candidate_id,matching_level,pool_size,rgi_id,digest,rank,selected
bukadaban-2022,1,40,RGI2000-v7.0-G-13-49988,01c5244d5ba329aee29708664e98aa8a8530a2f70c2dc8375dd11e5c1aa137d9,1,True
bukadaban-2022,1,40,RGI2000-v7.0-G-13-52234,030b60064ed08e9b602a85b6ecbddeac7d9bd371996dd49bac9847d7efc864d1,2,True
bukadaban-2022,1,40,RGI2000-v7.0-G-13-53221,1516a17da369fd6fd69b5b66fd7c67d728d1e54b29080945cf6a703e0d894eee,3,True
bukadaban-2022,1,40,RGI2000-v7.0-G-13-53508,1bbd01247976b645b707cbb90d8dc55694b503c032f777c7a47379e236c423dc,4,True
bukadaban-2022,1,40,RGI2000-v7.0-G-13-52244,1d62512c1a40d9f72e8b68ab9cb01e02720a8de13283842becf5ddda04bd626f,5,True
bukadaban-2022,1,40,RGI2000-v7.0-G-13-53615,201dd0d9c28bfdacdd328533b18e9e0689ee69b2fac48c736d973193bd9536bb,6,True
bukadaban-2022,1,40,RGI2000-v7.0-G-13-52162,226d4ea6daea3d9192b81102fd2aa49ac399ea54b388d61afe79c83b5d4e9349,7,True
bukadaban-2022,1,40,RGI2000-v7.0-G-13-53645,2b993ce2c680f92fcaa8e482466478423faf37193ca527054ec7cae35b919f58,8,True
bukadaban-2022,1,40,RGI2000-v7.0-G-13-53220,2e525c4bdfe287d902e2d8efd24336161e103faac28bfaf7d1b69d971ff420f8,9,True
bukadaban-2022,1,40,RGI2000-v7.0-G-13-52233,2e731e91ddea379c8f28182bd98730714c05cc6caa0735e778c907dddf386cd4,10,True
bukadaban-2022,1,40,RGI2000-v7.0-G-13-50011,30668fd0192185f0f779bcc3e3cb75e490f469f0fadc47efe4128e51d37c9b3d,11,True
bukadaban-2022,1,40,RGI2000-v7.0-G-13-50879,3fb25e9af3e81f9e850c5c67d0ca845313b880d4886581d9456eb48ff4730107,12,True
bukadaban-2022,1,40,RGI2000-v7.0-G-13-52026,440f9d48ec9dae02224cdb73b021291dee8321d36fd523d1b35fd1822dca0588,13,True
bukadaban-2022,1,40,RGI2000-v7.0-G-13-52183,4769bc9573e607d8e3309362a047b9bcdd9b3c7e8426df3f5a682e902f8c46cb,14,True
bukadaban-2022,1,40,RGI2000-v7.0-G-13-52164,4aace031afebafa9c51f5cc037f71ee27d14555ab0c3408bebff4c1db0b53a3d,15,True
bukadaban-2022,1,40,RGI2000-v7.0-G-13-53505,57bd139cd7e0bb6583dda018bed6251803e3f7cd2e9aa03050c94ce9658a4d27,16,True
bukadaban-2022,1,40,RGI2000-v7.0-G-13-52155,5f8a284862d66681e01bcfdb45f88e23524af08657ba93cac6a2d727bd1e816f,17,True
bukadaban-2022,1,40,RGI2000-v7.0-G-13-53774,64642d60e342e57a238d6731a5fd4a83985f75555ab7ad5bbec824d022392b27,18,True
bukadaban-2022,1,40,RGI2000-v7.0-G-13-53617,648cf1bfb59513bca570447a3c1ce49a72bd2bb4f7da821097ea2e2327448809,19,True
bukadaban-2022,1,40,RGI2000-v7.0-G-13-52193,6e1bb2eb6e534e2c44ded5c674b4dcfc88265ea14d67ecc0b3148ae9f6a931c9,20,True
bukadaban-2022,1,40,RGI2000-v7.0-G-13-53509,7068678cfe6fdbfcf639cf11359fa54251f331952c16abdcf4f4a40707938d0e,21,False
bukadaban-2022,1,40,RGI2000-v7.0-G-13-52243,7d5494b7ae32f0a1137b21514ddb63be0ef4096e6aa28b6b2bb2bc83cc76a8d1,22,False
bukadaban-2022,1,40,RGI2000-v7.0-G-13-52194,908c95fdb9cc29a56eb10636a24f49aeabe1439af5ea05ce97a2faff18051369,23,False
bukadaban-2022,1,40,RGI2000-v7.0-G-13-53598,94efa235efe6f825867ad2ee66a11de2e3d91b919eaa2eb840c3591a6b17c5ad,24,False
bukadaban-2022,1,40,RGI2000-v7.0-G-13-53616,a2530c121db2a096875e89ffa5caac0bea30215d52fee90e51cb11f37d4cc595,25,False
bukadaban-2022,1,40,RGI2000-v7.0-G-13-50390,a3956d0b36c7df6a0c1adcdec2e7bf7dfc229defe88e3f4f93b71c7aef745217,26,False
bukadaban-2022,1,40,RGI2000-v7.0-G-13-52887,a4ee347ba006f20d92ca7da788382014f13548a1fe1f93eb269ffe5130f4a685,27,False
bukadaban-2022,1,40,RGI2000-v7.0-G-13-52088,b17eda846409a3e6940412511dc3cfb2ce74611b6b6869ce26d5555a2bdc2d63,28,False
bukadaban-2022,1,40,RGI2000-v7.0-G-13-53510,bd2caa36ff83ce76f38dd0e6c394c1b2d89ff793d0398a6398f7d5fb07814389,29,False
bukadaban-2022,1,40,RGI2000-v7.0-G-13-52213,c4e237a112430cc25aac9da940e1621efdf5e94c1f5c5eba2b4523900552f42c,30,False
bukadaban-2022,1,40,RGI2000-v7.0-G-13-53621,c5e89bc15b7eed9530a460e4579436e6c70f1d8c543da6aee54ece1c82fd43aa,31,False
bukadaban-2022,1,40,RGI2000-v7.0-G-13-53570,c67d2cef7b7c65bdd974af34e25ac265f7e6e9dd6d5227e7f2dceda854c6578e,32,False
bukadaban-2022,1,40,RGI2000-v7.0-G-13-52177,c98b4a46644805424c56b2faa7acfc54b1704fe3740413456857e97050e7ce27,33,False
bukadaban-2022,1,40,RGI2000-v7.0-G-13-53619,cfda5024f6e80b4b8bb7792a2a627e29a3b2ac3772a4d238d1f8b40d1620ce2f,34,False
bukadaban-2022,1,40,RGI2000-v7.0-G-13-52245,e9ef9a0f556eceaf2008c8e36f00a56b2697310f0d0b76b2484332dce1e1af37,35,False
bukadaban-2022,1,40,RGI2000-v7.0-G-13-50916,ee3c4eabfded004054c304c98bf7175923064c2651932c53956c192f300bbcbc,36,False
bukadaban-2022,1,40,RGI2000-v7.0-G-13-53618,f184e0c524ff6be73f9ef46352237d3d09ef1e920c33479be2700cbd3e56b3d7,37,False
bukadaban-2022,1,40,RGI2000-v7.0-G-13-52696,f4b8758881832510fb4011aaedf9ee255c109e5d1a6b188f2d96d75e11bab362,38,False
bukadaban-2022,1,40,RGI2000-v7.0-G-13-53506,fe1420f56ceb4dd2fc10a20b66dbbb0f15a7645bc80ddabc5d616141ab21a94a,39,False
bukadaban-2022,1,40,RGI2000-v7.0-G-13-53626,fe955a3bec23c0f33214b29ae0ce1d9cdb51e57a41e13e8d702be0771dd4259f,40,False
flat-creek-2013,1,465,RGI2000-v7.0-G-01-13121,00e8732756bf5c0aaa5a88995e4cf795881fb206990f71c6770a23e899986463,1,True
flat-creek-2013,1,465,RGI2000-v7.0-G-01-14085,0195868bf5f9e0747cb958b65b16d47f25bf681295057e053635f27ed5563b85,2,True
flat-creek-2013,1,465,RGI2000-v7.0-G-01-14376,0197371dde116242ca2340038c0acca1afe1f4269f2e0f55561cdb5a27faa0df,3,True
flat-creek-2013,1,465,RGI2000-v7.0-G-01-16095,019d0bf83038de8d7c3bac34c8abd6894bd65d032e5a66c15a965113b3a6d35b,4,True
flat-creek-2013,1,465,RGI2000-v7.0-G-01-16326,02eda5a77e9f02f5d1b552b710fed8b8eb2fb996e270169ec734d8e28291f0db,5,True
flat-creek-2013,1,465,RGI2000-v7.0-G-01-16561,030f130e541589678dddd9129eeed97c6a9838e4bb1d86c22cacb8916b4ee235,6,True
flat-creek-2013,1,465,RGI2000-v7.0-G-01-13024,038b73762d1c6687725bbc05d2718d037ff01dd0445c811ce29b020cffe84f51,7,True
flat-creek-2013,1,465,RGI2000-v7.0-G-01-13173,03b4282ff5f271fc3a4f5342a67151d43106763d3bccff65551422b6efda0f98,8,True
flat-creek-2013,1,465,RGI2000-v7.0-G-01-16157,04169ba7381d631a4245ffae204cb89354e110b01fb53e2aab0078bde646d891,9,True
flat-creek-2013,1,465,RGI2000-v7.0-G-01-16128,0472018e7a3f9cd315e9584e69e5175768aa538d306ed3c1b58b3f9588b72ea2,10,True
flat-creek-2013,1,465,RGI2000-v7.0-G-01-13781,04d287025ab2aee72a4fc14156122baf64906ea9abc76cfbb9b6e83672a3cb77,11,True
flat-creek-2013,1,465,RGI2000-v7.0-G-01-14110,04e38bc96eab9b8bb54d582f791f375e63e75f443b8bf1295d365eb5c9350b14,12,True
flat-creek-2013,1,465,RGI2000-v7.0-G-01-14039,057a22a34fd7cfd57671527edeebed930c7056180da979f85fbf66d0b1a3c418,13,True
flat-creek-2013,1,465,RGI2000-v7.0-G-01-14381,061bcec6faadd684b9ad762632be732cdb77efb8d9d38057a26060d052429b7c,14,True
flat-creek-2013,1,465,RGI2000-v7.0-G-01-14630,06739c7753b5de5a0c9d0ef969b3e3823a3dc29c662cd68852afe6aa8bbfb23e,15,True
flat-creek-2013,1,465,RGI2000-v7.0-G-01-16185,0693b17a3a9eb83973a9dae3a1130590d32cadd877f5a057817aec7bd6869d98,16,True
flat-creek-2013,1,465,RGI2000-v7.0-G-01-13786,0768e58411dc806c8450f91faf5df98dc76054c3bf63a2f8bd292f83b710b220,17,True
flat-creek-2013,1,465,RGI2000-v7.0-G-01-14149,07b2895cdccd2f6538c39c78dfef99212ffa6f8cb8973e40e760e30a9875dfe4,18,True
flat-creek-2013,1,465,RGI2000-v7.0-G-01-14580,0808bffde8e6c50a6b894283c92845c44077787693d6667c838a4c98f2b5687b,19,True
flat-creek-2013,1,465,RGI2000-v7.0-G-01-16195,089e2e2fb100e6c5a7a3f430c3cab419954460f744f82ab51ae8d9a8bf97c650,20,True
flat-creek-2013,1,465,RGI2000-v7.0-G-01-14337,08f12ccc41f1474300a0ee73752b7898e511940d4e58e181bb641ca00ebef9a9,21,False
flat-creek-2013,1,465,RGI2000-v7.0-G-01-14437,09872dfb823bfe6484d83c23aa07359022054f6a781f4efc8879902fc786eda7,22,False
flat-creek-2013,1,465,RGI2000-v7.0-G-01-16048,099c8577d8535def3d54beeec7a497fbf4142de4a4d66189deb42a807f21c7ec,23,False
flat-creek-2013,1,465,RGI2000-v7.0-G-01-16533,09a8ec1a3f88fd6c247d535f2b9e7c3ee715ce05eba589c136d9a498a07b8688,24,False
flat-creek-2013,1,465,RGI2000-v7.0-G-01-16116,0b1bb9e5e61af533cdfc9438f353eefda0e48d5b163fafcd19b69e7729ee6f03,25,False
flat-creek-2013,1,465,RGI2000-v7.0-G-01-14240,0b34758626d22c6960667ab053d82432173b4f1179870c76053551f3ad2a4101,26,False
flat-creek-2013,1,465,RGI2000-v7.0-G-01-14571,0cc1ba384056039106b16cabd42c711f6a42336115d1216fa28f639c18274d12,27,False
flat-creek-2013,1,465,RGI2000-v7.0-G-01-13064,0d3ed1647830f67a9519e9bcd3c56783b9a2a84ec697bcf550f9a42cb6c8ada3,28,False
flat-creek-2013,1,465,RGI2000-v7.0-G-01-13030,0d67c7793d79b0d02298e044b5434aecaa82545145f152b58e82c4b392a6f077,29,False
flat-creek-2013,1,465,RGI2000-v7.0-G-01-14481,0dc6438b92b4c69da66bee867ff49c33f9f0c4799181755edd3c2bf3676af310,30,False
flat-creek-2013,1,465,RGI2000-v7.0-G-01-14181,0dc69b1cea877c559022ae1ddc1a5a188b6311e4f2b36aa7fd282eb007b20112,31,False
flat-creek-2013,1,465,RGI2000-v7.0-G-01-14304,0e3207e94c2ff13376364e716549e2e4efe9321d6a5df4c8e3e14941411ef949,32,False
flat-creek-2013,1,465,RGI2000-v7.0-G-01-16544,0e646b1727eadccc5835e1ba51ff6690f094af174dfeb6906bf6972e5cdc5970,33,False
flat-creek-2013,1,465,RGI2000-v7.0-G-01-14094,0edab97a223a15e52870ca51d3d08463e65b10eab521dc581dbd4cc6e79b69b6,34,False
flat-creek-2013,1,465,RGI2000-v7.0-G-01-14530,0f4508792e880c74648fe86f992f54a4e108b21000b79e11f6a98898cf99bc9e,35,False
flat-creek-2013,1,465,RGI2000-v7.0-G-01-16295,0fca03917386120d533b3d8bbabd915626a9086de90b27b8da97a857fde3b5ab,36,False
flat-creek-2013,1,465,RGI2000-v7.0-G-01-16217,0ff36d4a1f3adbe76ca8fbecd1b39b1dcf56640509b19fce7da0d9171f8f24da,37,False
flat-creek-2013,1,465,RGI2000-v7.0-G-01-14357,10c06fc6cd35917a6f10fe920c902f59d0ca368fbfd7fd3d35656d74190e66b0,38,False
flat-creek-2013,1,465,RGI2000-v7.0-G-01-14041,11407acb68d092cbcf069e1b468936412c88cdee57cdba01ca111fff52a22271,39,False
flat-creek-2013,1,465,RGI2000-v7.0-G-01-14398,1165a5a176e1a38c252912622d4b755f466ddf074a42747216aae4cbdf86d7db,40,False
flat-creek-2013,1,465,RGI2000-v7.0-G-01-14440,12d4348f0faa03bab94bd95e537b1f7b3ad2d59945351eb5b3548d391118ab5c,41,False
flat-creek-2013,1,465,RGI2000-v7.0-G-01-16551,131cb2eb4a12fec9f6d4488bd583a54993298f1923b710a0ea801c907e16eadf,42,False
flat-creek-2013,1,465,RGI2000-v7.0-G-01-13072,134fe4d5d47d440f8a5366b266f8db08c0186e056eb8f24ebc6ef27b175a6aca,43,False
flat-creek-2013,1,465,RGI2000-v7.0-G-01-16314,14d074c55006a1db8f065f55e08f3542b7619eb3b98741b004928e435c84ec39,44,False
flat-creek-2013,1,465,RGI2000-v7.0-G-01-16032,150a09db7c07e60fe6200750adb21a4b21b1191f709f6db7d5544931cbb01d61,45,False
flat-creek-2013,1,465,RGI2000-v7.0-G-01-14484,15476a792af2aa3be85d68a6c67f7453d14ce5aa2ad1eeeb92caa332138fcdc7,46,False
flat-creek-2013,1,465,RGI2000-v7.0-G-01-13687,156931f5cf14eab8709d907d76a0a25f4494b21f731a601d70543be813d30e4d,47,False
flat-creek-2013,1,465,RGI2000-v7.0-G-01-14534,1789798c821381f2ff7f07a81efb8eb0078c9c4221d97a07ef0fbfc5df56d641,48,False
flat-creek-2013,1,465,RGI2000-v7.0-G-01-13131,187888f8689cae69c3c7fdfdac909b52ab79f84b67afb00ec4425a9d5a9bd093,49,False
flat-creek-2013,1,465,RGI2000-v7.0-G-01-13126,1881c4b237722b343767310294b50e34283338c6aa3c37ac71f06348731fc953,50,False
flat-creek-2013,1,465,RGI2000-v7.0-G-01-13665,18bb7d4749ed1fc74d8636e17f0822a8dd458f67e9849b38ca734301058f5d78,51,False
flat-creek-2013,1,465,RGI2000-v7.0-G-01-16188,192ec77a47ae431aee3aa94c0ecd83665c1a68a34551a1859168f707300e9080,52,False
flat-creek-2013,1,465,RGI2000-v7.0-G-01-12982,194fdfbcb76a6c0f56e46a560ae0561050167ed2bda9f4f944a6cd6700f9a37a,53,False
flat-creek-2013,1,465,RGI2000-v7.0-G-01-15688,1a05b5bea21326eebb1f2bf1b293b257c9619708521e11d5d59547f84c4ec5ee,54,False
flat-creek-2013,1,465,RGI2000-v7.0-G-01-16096,1a0b3593638353e060c90e216386732fca7b150b5aa72393a3be4dbc5306ba95,55,False
flat-creek-2013,1,465,RGI2000-v7.0-G-01-14601,1a5891be91456b613719fe0a653b65d2358d1a1edf080bf19216a544cf61947e,56,False
flat-creek-2013,1,465,RGI2000-v7.0-G-01-14476,1a5e622c6b4f8a2fdf6de1d426b4e013f7064aa086a6ce7eb6d94aa08b2b22d9,57,False
flat-creek-2013,1,465,RGI2000-v7.0-G-01-13925,1a7cb1e09644025ef78304cce91cd24b4822f514928dbcbda8070b98e4b23932,58,False
flat-creek-2013,1,465,RGI2000-v7.0-G-01-16064,1aa43a085c7fae61cd3b0f44f7e4137482b1601291b61c6735de548a56e3b873,59,False
flat-creek-2013,1,465,RGI2000-v7.0-G-01-14396,1ad14bbe78e88adc9700534a0a27acdaca940f5c366fc705daf41e871e7d1142,60,False
flat-creek-2013,1,465,RGI2000-v7.0-G-01-14004,1adee30410d67683ebf12f132846899c5067ca4f1444c933820f5aa2129b92bf,61,False
flat-creek-2013,1,465,RGI2000-v7.0-G-01-14167,1b664ce05a35948a820e4550e0af0420703df129593810d9e3c50be1b9bf4eb6,62,False
flat-creek-2013,1,465,RGI2000-v7.0-G-01-16342,1b99a9a2252e47985364a7180a9a8d47c63f0c27ed4547d22f820fdaf9c658f0,63,False
flat-creek-2013,1,465,RGI2000-v7.0-G-01-13164,1c241a348db4a391f236f3dea927a59caf68372cf44014e77e2571623eeb438a,64,False
flat-creek-2013,1,465,RGI2000-v7.0-G-01-16323,1c5ba7a07a541a3732b706f726c74a674be6f7d72e016ac78ec32176d736ae62,65,False
flat-creek-2013,1,465,RGI2000-v7.0-G-01-14432,1ca1acb74068ab718e0b41762381b8a86496cdfc890261b3d8f304799d011c20,66,False
flat-creek-2013,1,465,RGI2000-v7.0-G-01-16121,1d5bc63a791cad79384512ad1de69a2002b8f726a4827b45a80bd078d39ad8d4,67,False
flat-creek-2013,1,465,RGI2000-v7.0-G-01-13669,1d6b4cca01a21181ab26e06ae90475a1cdd5560835f8ca04712f089d039ae060,68,False
flat-creek-2013,1,465,RGI2000-v7.0-G-01-14613,1da289aa33cd50cb8b6ed1e0ec8bc00d79dda2e83a15942839320bfd4a7b81fd,69,False
flat-creek-2013,1,465,RGI2000-v7.0-G-01-14139,1e22cf470cfd8d9325765dee9e47e2e3d389837c8730bb64559573a43da698c1,70,False
flat-creek-2013,1,465,RGI2000-v7.0-G-01-14323,1e29146e836fc046290a7e885609f028ac2e6d0e72d395b82eee85fb92f2a441,71,False
flat-creek-2013,1,465,RGI2000-v7.0-G-01-14388,1e796924ee4a18c4cc135e8d2c70fecc569e912477117a44ce113911596b7b6b,72,False
flat-creek-2013,1,465,RGI2000-v7.0-G-01-13162,1e889fefdbf58e3aa9f5d4eb47b3ab925c13161485fdeee1521e7fc310374a13,73,False
flat-creek-2013,1,465,RGI2000-v7.0-G-01-14378,1e9f55b07f2198f091b5cd281274b1b9e2b49a531db7afbbcc81ecffb56695ed,74,False
flat-creek-2013,1,465,RGI2000-v7.0-G-01-12879,1e9f6da4325976c71ccc012202c3ebc13c316d68cccfa1163116f702b837b9a6,75,False
flat-creek-2013,1,465,RGI2000-v7.0-G-01-14021,1ed2258c14d91e2d8e391795209ede74e6265ce187aca27513281232a05ba3bd,76,False
flat-creek-2013,1,465,RGI2000-v7.0-G-01-14488,1ee83d5875ec4fd6dbb4c45fba5b609ce4e166fe747e8448b8c112afc3a9e1cc,77,False
flat-creek-2013,1,465,RGI2000-v7.0-G-01-12989,21b4fd1f7b5e9aec0bfe9adafeca8bfb38c9ad6834ef25b66d5636d340081dc9,78,False
flat-creek-2013,1,465,RGI2000-v7.0-G-01-13065,21d5ba31849a85940f84ddbcfbe463c59e37d47d2f2795c63024646f1f4b571e,79,False
flat-creek-2013,1,465,RGI2000-v7.0-G-01-14352,2231488f962032c2666c4888f5644fa9d872014f3c53ea75da53b195b717a1bd,80,False
flat-creek-2013,1,465,RGI2000-v7.0-G-01-14430,22ffce003615dcfeb532c62227d7109d24e6af47fcf9b949843bf16ea4a8af38,81,False
flat-creek-2013,1,465,RGI2000-v7.0-G-01-14137,2391c717fd301035cb9cd7a5bf719171a20be5c3a89044008076c4d218b27890,82,False
flat-creek-2013,1,465,RGI2000-v7.0-G-01-14126,24cb58000a6e59b0636dd77ded6d26ce79e939ecf96e7cc60947586d2d21fd90,83,False
flat-creek-2013,1,465,RGI2000-v7.0-G-01-13130,25600ba6e684f18917159d632f18b2543c4749ff06f4bcb5dd95af1157ccbb46,84,False
flat-creek-2013,1,465,RGI2000-v7.0-G-01-14254,258a95b20b390b6508e327e3532c38e0faf8d4b593c72a97ad41b8774c01ed03,85,False
flat-creek-2013,1,465,RGI2000-v7.0-G-01-14006,2620a528a7ce7482bee2e9542b7319b51fe707d5c987876fd231be68b4d8110e,86,False
flat-creek-2013,1,465,RGI2000-v7.0-G-01-13906,26a14f7312595d6a4822f4b4145744528e302545a997f5e2659ad0b3f1e7e4c4,87,False
flat-creek-2013,1,465,RGI2000-v7.0-G-01-16232,26bf8e366dfb2c62f5b37ea91851bc84614d688c3f2c4f46a84173ee675b09e1,88,False
flat-creek-2013,1,465,RGI2000-v7.0-G-01-14482,277b8c3b00bc4c76628347f623131cf12ba9e62d3e06f460fcd02fc54d1e283b,89,False
flat-creek-2013,1,465,RGI2000-v7.0-G-01-14338,278ffc1a1d90695a0f033f92523795e4af995e4da39d8c72ded9a8dc9f0c148e,90,False
flat-creek-2013,1,465,RGI2000-v7.0-G-01-13574,28ad0707ffb9258f96a46deb683a331f38d1b911b12467512855cdd55dd424c8,91,False
flat-creek-2013,1,465,RGI2000-v7.0-G-01-14234,28b355bc0a4c8d4805a0d8830374f0919ad3c4ba1fbdc09153189b21213e981d,92,False
flat-creek-2013,1,465,RGI2000-v7.0-G-01-13159,2901f2111c9ccb2b6d80eef76bdadbc84e44522c114964c3f98196b158ce8dfe,93,False
flat-creek-2013,1,465,RGI2000-v7.0-G-01-13166,2a1e6967b92ed77c94571998803d2e18d757733edb0836b42daf70dc2a3b8f81,94,False
flat-creek-2013,1,465,RGI2000-v7.0-G-01-14574,2a702c866943b09356363c20f67ca727010ee681da5a47333bf39f257b6a5eab,95,False
flat-creek-2013,1,465,RGI2000-v7.0-G-01-14564,2b6b580aa3e2a6dc6462d3a4938b79d281b944a55db5faeebf334db986ed1329,96,False
flat-creek-2013,1,465,RGI2000-v7.0-G-01-14529,2bb627d4e098ee9a2f86118eeb97d85224b413267f0e385fb0b177c21f32825d,97,False
flat-creek-2013,1,465,RGI2000-v7.0-G-01-14355,2cf224648f5a96662f1c0e33b0cc630b5f1d1a7a721230bce5ffbcea7d97de64,98,False
flat-creek-2013,1,465,RGI2000-v7.0-G-01-16099,2d7b3218ff0b6196f7ca0c7f395fb5cae8e141567304c41845878e5188a350bf,99,False
flat-creek-2013,1,465,RGI2000-v7.0-G-01-14061,2dbd72558337f9e8293f0001c4118d5e2fbc063c06025705555e99cd6e638117,100,False
flat-creek-2013,1,465,RGI2000-v7.0-G-01-13794,2dd07ad951ce588cad3d76fc1b7097b250bc2e6f514d2895bf6d7b174d6a96f6,101,False
flat-creek-2013,1,465,RGI2000-v7.0-G-01-13695,2f019c1a6d677c473dceb4a1edc690a611bed5b5242fe261e29f5781f74049cc,102,False
flat-creek-2013,1,465,RGI2000-v7.0-G-01-13049,2f91ad8fe29388f2c8f4f7f3916b20e3c87e43dc981e64ef6e4cb30b892ffb75,103,False
flat-creek-2013,1,465,RGI2000-v7.0-G-01-16316,3158a8c987a183da17c6b483275357658e7d5db3a891a7ac1d43d68217ce6f75,104,False
flat-creek-2013,1,465,RGI2000-v7.0-G-01-13118,3209e09ef349426e184c49b14aa7514aa11a815a2273cb6cca031406db882fdf,105,False
flat-creek-2013,1,465,RGI2000-v7.0-G-01-14460,32ac65d355de1fc3b4cde188352e4ee83c19799fc225b59422d30f21b81da3dc,106,False
flat-creek-2013,1,465,RGI2000-v7.0-G-01-16119,332b80befbee097211f2158bba39257da059933ce178ba3a287653ee75564b00,107,False
flat-creek-2013,1,465,RGI2000-v7.0-G-01-14268,3380ab218c2a10911c59cacd9758e2857167857fdb28cf698611d3a10a254b51,108,False
flat-creek-2013,1,465,RGI2000-v7.0-G-01-14605,34298161fed4e14eaac94a96da06dd52ddb332ce53bca562c6540c519d1a701d,109,False
flat-creek-2013,1,465,RGI2000-v7.0-G-01-16554,34cb6ccc2a265f50d66ded142189ca9e784030c3fed4953f8f480a630d497431,110,False
flat-creek-2013,1,465,RGI2000-v7.0-G-01-13926,3507e09a3b2c329c537e9c874a27cf971f9517d63754e389459c52c574ab0b9a,111,False
flat-creek-2013,1,465,RGI2000-v7.0-G-01-14455,35fa137980a637e373c5e934241dd49747449eeef80c1b763c0bcf4a3915c48c,112,False
flat-creek-2013,1,465,RGI2000-v7.0-G-01-13744,365e7f1aaaa96e5c6f38050efe825ec30479dc3226ef1263c1fddcfd81015c2b,113,False
flat-creek-2013,1,465,RGI2000-v7.0-G-01-13923,37af555106a180ca8f69aa3e530c770c11b0fa7e2fa485d5ba1813526a04d126,114,False
flat-creek-2013,1,465,RGI2000-v7.0-G-01-14375,3857bd510f2f293ee7bccad5620ea6bd404177142c632a009faf27c19276d3f5,115,False
flat-creek-2013,1,465,RGI2000-v7.0-G-01-16399,3869513f499c7ec813e5eb9454a477d5aaab8fdce684f957064442553104cd2b,116,False
flat-creek-2013,1,465,RGI2000-v7.0-G-01-16239,39764ab896cc667efc85c8e932632286c358b001149f21cd6d9306a2efda0dc7,117,False
flat-creek-2013,1,465,RGI2000-v7.0-G-01-14239,398446a5c969d03bc30b67970ed7aed8a6c0628a4b82de005bbdb83887863492,118,False
flat-creek-2013,1,465,RGI2000-v7.0-G-01-16112,3a1a4aa1e7f78127844c423c5fa302ca86270a472207ddbddcea80c36a9bde95,119,False
flat-creek-2013,1,465,RGI2000-v7.0-G-01-14486,3b61ddf19ad05062e13a942fed2460ad161e49c20e2abf845920d1e6abc99ab1,120,False
flat-creek-2013,1,465,RGI2000-v7.0-G-01-14404,3c3f9034db13f9f13a5b75650385a9c44727f65bcd1f74a5634163fe42d93e4f,121,False
flat-creek-2013,1,465,RGI2000-v7.0-G-01-16369,3c4e847fab3496bc0229dba325129bb6fa953eb47811259199ba07fecf2f8316,122,False
flat-creek-2013,1,465,RGI2000-v7.0-G-01-14590,3d3dcce4fbf546be5d74acb62cefe93757d8cac2ca2c2ed1444d90ee37747b16,123,False
flat-creek-2013,1,465,RGI2000-v7.0-G-01-14457,3d95b6ead1bbff415c2183a2e826d611b84fd8f9452bf3bbcbc0e71db3949710,124,False
flat-creek-2013,1,465,RGI2000-v7.0-G-01-12200,3d9d354801414387d828bdd17aa97ce0a8aa149150c3fb8a2968aa3a192075df,125,False
flat-creek-2013,1,465,RGI2000-v7.0-G-01-14416,3f277fec0a35f9d268d32f5d239a948b1f5aff37f389b5d1d72c4a9cf4642788,126,False
flat-creek-2013,1,465,RGI2000-v7.0-G-01-14502,3f78dab3c8392324a7afa9d20d2d52d82504505f1573e275e671619d0761f26c,127,False
flat-creek-2013,1,465,RGI2000-v7.0-G-01-14468,3fafefccd6566242830bf5adf37b634dd8a25cb13b1d8d66d7597a7276d24d5f,128,False
flat-creek-2013,1,465,RGI2000-v7.0-G-01-14129,3fceb4577f820c0d70d8eb6e28e7d5207d351fee6e9274e3807bbcd5d211b9a9,129,False
flat-creek-2013,1,465,RGI2000-v7.0-G-01-16202,4016e780d73d37067ece8e94c3ea3a44a13348d9cbe38845902a037de29de007,130,False
flat-creek-2013,1,465,RGI2000-v7.0-G-01-12987,4102622d38c24b4da6bf2cf31a6e2ffbd97ac5654464086da9a67a494378c9ab,131,False
flat-creek-2013,1,465,RGI2000-v7.0-G-01-16098,41cdd6bf0cae62e241e92d683eb742a5c68bd7f7ef62824f490b509b103c8006,132,False
flat-creek-2013,1,465,RGI2000-v7.0-G-01-16050,41d9405b59a88f2064720a8d58124a1020330c6e0faafebd02911b2887131a89,133,False
flat-creek-2013,1,465,RGI2000-v7.0-G-01-12209,42b306aba69ba296745469e59477058f505d08b4a494040b95a7a9a2a5f55814,134,False
flat-creek-2013,1,465,RGI2000-v7.0-G-01-16258,42d8e5fb63f613af2a8a6420df09a0820cf7df05eebe0950cec9ddd6d20c585d,135,False
flat-creek-2013,1,465,RGI2000-v7.0-G-01-16220,43151a19278bd4485c4f4c69abf3247913ccdbfcd389d888a04b87b2594b0d41,136,False
flat-creek-2013,1,465,RGI2000-v7.0-G-01-16081,432bcfd96642a045c4992acb55a2ddee56abc9751d53006a3bfaa1bc7d7a8fbb,137,False
flat-creek-2013,1,465,RGI2000-v7.0-G-01-16341,435ea82b7b1dbaa9c7621e114c8d57cdb8a7bd9e05cb02f9aea5d0c69ffed242,138,False
flat-creek-2013,1,465,RGI2000-v7.0-G-01-14365,43a705e8f5552d433f71c9e273ff48edbe567bdb487afbd219b0f37272080e52,139,False
flat-creek-2013,1,465,RGI2000-v7.0-G-01-16531,43c714029874dcec7040eb54a2ad8f853d80ba9ea53de6c0d4c86feec758a1f7,140,False
flat-creek-2013,1,465,RGI2000-v7.0-G-01-14307,43f359853236b0bf2434070412908803e4eb0ece8f16b1e409826ef66d909dc4,141,False
flat-creek-2013,1,465,RGI2000-v7.0-G-01-14446,4438459d9dce6b4bd5cad5f6271c66774621b91f22db38d5fe4f74285b049163,142,False
flat-creek-2013,1,465,RGI2000-v7.0-G-01-16094,4455b1b15a3d74f4ed196c49cb4de0a59ddadb10c8564b565c2674b28d170149,143,False
flat-creek-2013,1,465,RGI2000-v7.0-G-01-13083,44fd307b1e90d73332e168191dacc1e62802c7f148f5c97275ce3ec1396572a7,144,False
flat-creek-2013,1,465,RGI2000-v7.0-G-01-14358,45eccaeead9c6c3a2fa9942d948b469d23aa5ba213490d03a30169adefa1cda5,145,False
flat-creek-2013,1,465,RGI2000-v7.0-G-01-14550,45fd259487b403ee3f92cb9a5298d3f0aacb54c3178fea0275b205f520e294ad,146,False
flat-creek-2013,1,465,RGI2000-v7.0-G-01-12180,46521fc66ba72b84c4286fc9d0f45a44d41268673e30ff876c6daaf8a66e2e1a,147,False
flat-creek-2013,1,465,RGI2000-v7.0-G-01-14382,46597af7a21eac742d247fa7cfe79f27fb838d9140b6cd7ab83e2a974fb2e48d,148,False
flat-creek-2013,1,465,RGI2000-v7.0-G-01-16530,46a8407ee010d8e142c6ca5f62227739cdd080e7e55d2bfb55455a24a045b58f,149,False
flat-creek-2013,1,465,RGI2000-v7.0-G-01-16244,46d377bf3c71e5a0e02016b714d455b69f92a4a425e8e1b934786ed9e9298c24,150,False
flat-creek-2013,1,465,RGI2000-v7.0-G-01-16469,470bfa2e3db7dddc4b7fea0b3cb96e4764396553c448ddc01cae197c228921c7,151,False
flat-creek-2013,1,465,RGI2000-v7.0-G-01-14238,473d01bc0ad5ff8f8ed8ab133c89be2ac28bf9ef62d6d66e2c114909fbb05c7b,152,False
flat-creek-2013,1,465,RGI2000-v7.0-G-01-12975,47641d7c9b1c06e756b43d2820ab06a141c0a4f9b5f9d5a17a938b03b0556cc4,153,False
flat-creek-2013,1,465,RGI2000-v7.0-G-01-16040,48a007b9ea4ccb5e140a3bf56a6571e6c5ebb329d40f9ec155c95bf23ad393df,154,False
flat-creek-2013,1,465,RGI2000-v7.0-G-01-14090,4a37190ce0a0a5537cc6e4b16b16a330a47725dd81f923f2ee6a9423a675bcd3,155,False
flat-creek-2013,1,465,RGI2000-v7.0-G-01-14533,4b455118753c19dec55b7c237ee28c223b020a79f6b994e0ed30113676021c34,156,False
flat-creek-2013,1,465,RGI2000-v7.0-G-01-14472,4b8ebe8e604dab58174570fa2e039b4f2555b2d792ca12456e31b5cdff4edb57,157,False
flat-creek-2013,1,465,RGI2000-v7.0-G-01-14332,4c4f869cb613f072978fe6e1d7d479f938efc38689476ee96866e3f228663b80,158,False
flat-creek-2013,1,465,RGI2000-v7.0-G-01-14291,4c80211c79a53fbb2f270d345692c09e5db98825a5732acb29bd787d916f2609,159,False
flat-creek-2013,1,465,RGI2000-v7.0-G-01-13060,4cca532956bdad8d9abaded159b6aede43723ca5ccb701a4654b828cace41ef8,160,False
flat-creek-2013,1,465,RGI2000-v7.0-G-01-14251,4d591a9206a0e4e7c6b671ac8c9707123eb6adf0d3b6ee37e84221f9863775f5,161,False
flat-creek-2013,1,465,RGI2000-v7.0-G-01-16004,4dad92233c0a45dc26dd7ff748cea830dc8a20512949f891ca1ef9690fc3bf14,162,False
flat-creek-2013,1,465,RGI2000-v7.0-G-01-14299,4e9356ee882c91d24bda8058bec7a34b07f512b090df10a4dbd7563d9e5bbf58,163,False
flat-creek-2013,1,465,RGI2000-v7.0-G-01-12848,4ee4bf9fe34f36226943b21b6e89de5eaec89d6a7a70f3e5438f3129c376569f,164,False
flat-creek-2013,1,465,RGI2000-v7.0-G-01-14434,4f4673eafc2f94fda45b37ac3d8129b457eec54e358d472e6cd55d242e3bc712,165,False
flat-creek-2013,1,465,RGI2000-v7.0-G-01-14273,4fb9eae6e7adcfb66d1867d17d17fe16a33a088cb995f400abe0abcc35ee49ff,166,False
flat-creek-2013,1,465,RGI2000-v7.0-G-01-14395,505d2e9fbed3704eff6aa3626e1a6134000cda1fb3f83ee316ff78158105bc1b,167,False
flat-creek-2013,1,465,RGI2000-v7.0-G-01-16006,50a42e30b7a3a87b44ed825b3dd7acf13987339a9c8f04c467ed963527eaa841,168,False
flat-creek-2013,1,465,RGI2000-v7.0-G-01-14549,50d4dd6a867011f3f9d04ae8703440cd8a4e46cdb374531684c5c382c0c3f571,169,False
flat-creek-2013,1,465,RGI2000-v7.0-G-01-14394,518b39d679b5a087749410166d403a777e34ee872d37a7224ed83a1954cb2158,170,False
flat-creek-2013,1,465,RGI2000-v7.0-G-01-12997,5216e8f5469d26514073bf8ecfeff4762e6f8e0a951f4bda520a79864b189404,171,False
flat-creek-2013,1,465,RGI2000-v7.0-G-01-14257,5355e022e2d9a61b032b8026f9c566774f671c962c57f8bc1af3652fe382a8a4,172,False
flat-creek-2013,1,465,RGI2000-v7.0-G-01-14347,54e014df37b1e1274bc7f6928e06cc90851a22c8151540d3b78c891b7c335a98,173,False
flat-creek-2013,1,465,RGI2000-v7.0-G-01-16422,54f81bd4f386f8f4bde3d29b9a103f293b69acdc6cbe500356d75c6ed42a15e8,174,False
flat-creek-2013,1,465,RGI2000-v7.0-G-01-13770,552bf5ffcbbbd1e3ee537e5549346c29c6fb4f0ea94be894f71ac2e337a9c980,175,False
flat-creek-2013,1,465,RGI2000-v7.0-G-01-14055,559ec80c4b80bd5484dc57c060a3107bcd33577ccceff5afd7beb8ab68a14478,176,False
flat-creek-2013,1,465,RGI2000-v7.0-G-01-13140,55a5c4f83e904887fb131bc28165beb07baf1defd32158f452aa8d9e792616e9,177,False
flat-creek-2013,1,465,RGI2000-v7.0-G-01-13041,55ea62fbebadb18d319fb12dde234a38b3f98d94d064a17767c9d98ad2527451,178,False
flat-creek-2013,1,465,RGI2000-v7.0-G-01-13703,566a82e38641dc60296ffe5d1878149e02a1aa8c532ea058515323639f8700ee,179,False
flat-creek-2013,1,465,RGI2000-v7.0-G-01-14036,56c10545c9d3948ca67f9467f95b0ed26add8c5712475c4c5b956ce9e4d35fe0,180,False
flat-creek-2013,1,465,RGI2000-v7.0-G-01-13702,570acf1872e458273426b1dca1a26280646851571283b86e26e7e89c747750de,181,False
flat-creek-2013,1,465,RGI2000-v7.0-G-01-13751,587ac03f1cb2e1ae1f57190746a0059089fef56937810e4a070baedf16393ea2,182,False
flat-creek-2013,1,465,RGI2000-v7.0-G-01-14116,59025d122fafe4a8f807c7deafaa4f59eb06d8e6b9ee4a94b7c352af1a076ed7,183,False
flat-creek-2013,1,465,RGI2000-v7.0-G-01-14267,59fe3e56348960ff5f43e016b955f112f50fcb09f3468b68302c16641fcf84de,184,False
flat-creek-2013,1,465,RGI2000-v7.0-G-01-14053,5b0d4477cf6e3abab843a1a150ae20bc6413965506e359efaf1e9801fd98be48,185,False
flat-creek-2013,1,465,RGI2000-v7.0-G-01-14300,5bf26577b559c3d013c23b68e119938e21ee923c7308ab37a90dbffce1457100,186,False
flat-creek-2013,1,465,RGI2000-v7.0-G-01-16057,5c23fdc4caed8b1b1aed4934d4e07780a798b142640060ecfb8db16e1a1ee662,187,False
flat-creek-2013,1,465,RGI2000-v7.0-G-01-14422,5c26dd68b9a22769da4a814e44f3ff277518569a53a8fff00676495721f89e5c,188,False
flat-creek-2013,1,465,RGI2000-v7.0-G-01-13142,5c2a97e0eacff0ada2f348f02e30e4ec7434c93c7077adcd7ec6a89ae43440d4,189,False
flat-creek-2013,1,465,RGI2000-v7.0-G-01-14269,5ceeb74b474f7cf55c2d74cc7c3b2a5352d42b5da387bb8d4e8307c660479658,190,False
flat-creek-2013,1,465,RGI2000-v7.0-G-01-13157,5d84c820379a4387627f3d8baa5e5537bd4af27c74ce2c02b5a208e1e0e65e7d,191,False
flat-creek-2013,1,465,RGI2000-v7.0-G-01-13758,5e23ea690ddc432aac683779d958fce199dbdbcaa23a462158f6e3f8bd9791a4,192,False
flat-creek-2013,1,465,RGI2000-v7.0-G-01-13743,5fc7167f797f69091a89805af653fd2707f52da48a1b6578b1a7d68575ebe364,193,False
flat-creek-2013,1,465,RGI2000-v7.0-G-01-16070,61614e07c4f0f963958704e8c06b8abcfc91cf64d0fda7e97f063992544f07e7,194,False
flat-creek-2013,1,465,RGI2000-v7.0-G-01-14206,61955d065bdc9d95fd32140c9333d817211956d00151404437950d669dca6141,195,False
flat-creek-2013,1,465,RGI2000-v7.0-G-01-14142,6249c4630ee816b73acad339d80426b5bf8558de6e9e736c3ff55c7112ee7caf,196,False
flat-creek-2013,1,465,RGI2000-v7.0-G-01-14483,6290c79b96da7fa6dbc40799103f8502d6ff416d10f80b793a598e4c8f723904,197,False
flat-creek-2013,1,465,RGI2000-v7.0-G-01-16086,62e7a8758f6b4b4f07251d1ad15d6025496f8fa0883e83e345f9a82d529f7dda,198,False
flat-creek-2013,1,465,RGI2000-v7.0-G-01-13799,64c0babd562e621be555bf367ca5379c4699a68ce9b1ae8ca1ef4935040142aa,199,False
flat-creek-2013,1,465,RGI2000-v7.0-G-01-16067,64fd7ea8bf14a66d10a69411cdc0169ac37100fa8545acda82f6c5dba08f8b6d,200,False
flat-creek-2013,1,465,RGI2000-v7.0-G-01-16178,6661526283c9dd990a8711c51fe400f86e1521d9fb469cb83ef0d51a98bdda4c,201,False
flat-creek-2013,1,465,RGI2000-v7.0-G-01-16113,674781543a7ac6b4db1643796f5deabd34cd09b6d13bb004f56c0c6ee6882872,202,False
flat-creek-2013,1,465,RGI2000-v7.0-G-01-14221,674970e3112f85c2ed81dfe5b8b8d13d2c6b67aedc4d51f980b6850e01d7782e,203,False
flat-creek-2013,1,465,RGI2000-v7.0-G-01-16166,67e8052de9b6d4bf0384df3d35a7fe86603e233cffebe28d74ee9b51464ee343,204,False
flat-creek-2013,1,465,RGI2000-v7.0-G-01-14377,68fe26d0c1ab3a6ed228ccf0b1a011fcaaef08031525e78d1952f83dfed75694,205,False
flat-creek-2013,1,465,RGI2000-v7.0-G-01-14035,6921acf10742520de9fca098ca792607944b62c19d0d593e2aa0098f21f378dd,206,False
flat-creek-2013,1,465,RGI2000-v7.0-G-01-12976,69dafeb0aef1b030b6e60327f4745560ab7c7f4b0e853519e6dcf6636cf0c7ac,207,False
flat-creek-2013,1,465,RGI2000-v7.0-G-01-14223,69e4807f73d63754be4f50e15f0d7408abb62e7e02d4b0c94f44aca4c6bb76ca,208,False
flat-creek-2013,1,465,RGI2000-v7.0-G-01-14619,6ab6727ddd81298b7f688293ca07246e2e09ef564e2a7adf1a60bf070a320283,209,False
flat-creek-2013,1,465,RGI2000-v7.0-G-01-16481,6ac609ae57d51bc10406f32466fdefcf589f6feddffb821120b009e16e7fc9df,210,False
flat-creek-2013,1,465,RGI2000-v7.0-G-01-13671,6add63048949d1af473be0590868aad90ab3bc40f4b6d8336131d6ebbd869338,211,False
flat-creek-2013,1,465,RGI2000-v7.0-G-01-14084,6bba0a9c3ba4a7acc2e4cb501cbe2feef96afce7de1cc15974e91b46b43f0831,212,False
flat-creek-2013,1,465,RGI2000-v7.0-G-01-16053,6bc210b2f2142abed16b7c501b6143b452bebcd00b6c42a889a6ecf7aba28d04,213,False
flat-creek-2013,1,465,RGI2000-v7.0-G-01-16219,6bfd01fdc1b3f6dda3a552677439a57e947ac8ef4d879f774146c8aa3d8a246d,214,False
flat-creek-2013,1,465,RGI2000-v7.0-G-01-12981,6d25ff120addd3b3e0611a1701368ebf66570bab914dcd25db887dacea0f178c,215,False
flat-creek-2013,1,465,RGI2000-v7.0-G-01-16555,6d6d9fc9aded462615dba3a6dace1302a0a88f336a8634e8fd59e9335818a32b,216,False
flat-creek-2013,1,465,RGI2000-v7.0-G-01-12814,6db3379001ac6f24a30c888d9969f198e49a0f495096967a266e2c9fc05bb6ad,217,False
flat-creek-2013,1,465,RGI2000-v7.0-G-01-16168,6df32f9bfd23c0b70d599151e4679de100d1c50cfaf53c1961bc698401bb3913,218,False
flat-creek-2013,1,465,RGI2000-v7.0-G-01-13689,6e067a51e6abf3b7659df34d37037ff791d76123472e06b9cb3f2a0b8d430fca,219,False
flat-creek-2013,1,465,RGI2000-v7.0-G-01-14616,6e175cbb753561a5f818c97f18a08225b46b71b18bb3ac1402eb4e7de6cff3e4,220,False
flat-creek-2013,1,465,RGI2000-v7.0-G-01-16222,6e76e77373bdabb09bb72aa5a295f3f21eb72f436f5925b7da5d09d2eb84c0b6,221,False
flat-creek-2013,1,465,RGI2000-v7.0-G-01-16461,6e815ccd48403f4c8592f11231137b72b2ffc41331d18259d80fe5d9d8c1a5a5,222,False
flat-creek-2013,1,465,RGI2000-v7.0-G-01-13023,6f52e2875811ac94fa8ae764dc13dfb87f9de13db9fa0129363ba80f67cc8074,223,False
flat-creek-2013,1,465,RGI2000-v7.0-G-01-16392,6fbdd547261a5b80cfdc36737be0543a054f99a2f272c8d7b1a6aa181a903668,224,False
flat-creek-2013,1,465,RGI2000-v7.0-G-01-14565,6ff5182e073d3392270ac518a92b9c5eec04dc34b8309e06eee3d028f8493e80,225,False
flat-creek-2013,1,465,RGI2000-v7.0-G-01-14545,701d3cf5c6c378f3e3b9cfb714c370f13b3ce783fc4bd418ea654c2fc4cd5221,226,False
flat-creek-2013,1,465,RGI2000-v7.0-G-01-13168,7058c5a8dc3e5ad5391fd904c0aa4559db719db5c6e02f3eb74f20ea1c1bb24b,227,False
flat-creek-2013,1,465,RGI2000-v7.0-G-01-14245,7059f4d8ef52eeece44a59e9b4ca39aa5d0abc98d5651051e8d4e2dda6bfe1bd,228,False
flat-creek-2013,1,465,RGI2000-v7.0-G-01-13076,705c73a089cf0704d0cdc1aa1d1decdf2b522e433943064d79e2aceec8fd8d5c,229,False
flat-creek-2013,1,465,RGI2000-v7.0-G-01-16149,7066d4fa4afcb5f63ee870732198859713cde6fd561444aa21769a5b55e3024f,230,False
flat-creek-2013,1,465,RGI2000-v7.0-G-01-16303,706f8d76f7a882d9bbdb8c044af6941c0f97f2f0624d8711d241290166f376c8,231,False
flat-creek-2013,1,465,RGI2000-v7.0-G-01-14326,70d58644d9c4a102ad598c41a075a63259aa0d9d9e32a1843743a3ae2983060c,232,False
flat-creek-2013,1,465,RGI2000-v7.0-G-01-14567,70e45346753319cb2b356098be659be07bb393c902491dd856df3294ac9ddab1,233,False
flat-creek-2013,1,465,RGI2000-v7.0-G-01-16536,71073d2a224ef0fcc1997bb2dc5a05afac0bd89eac93e6cef76638790045c882,234,False
flat-creek-2013,1,465,RGI2000-v7.0-G-01-14634,715f9bd217ba745841dfb126e36becad7dcdcad36ec3b8f0de1f576e8e6f39e0,235,False
flat-creek-2013,1,465,RGI2000-v7.0-G-01-16061,72d4002d2f7c864d6a03d56ab04d0c7ffdfe1d892fb4cdc9150943dde1fcc686,236,False
flat-creek-2013,1,465,RGI2000-v7.0-G-01-13879,73cd451c203047ffeb7f2b205aa6c92422923c7c9aefc71858a0900d7217a3ff,237,False
flat-creek-2013,1,465,RGI2000-v7.0-G-01-14576,7425a848e8913d964c2f24c4389f77f81571c0171df41afa15b8cc1d0dfdcba1,238,False
flat-creek-2013,1,465,RGI2000-v7.0-G-01-14479,7479bd592142299cb90a4a4375df57ba6f12fae8bcca3a2a40351ca5dcc27f36,239,False
flat-creek-2013,1,465,RGI2000-v7.0-G-01-16254,753447c191212eb750dff61ea6e9d6567f2167686c5d3f76a19bc9d3a13f29f6,240,False
flat-creek-2013,1,465,RGI2000-v7.0-G-01-16557,755e3544e5d7fb6762a1a2e7e72aee7efbe7e6bf4d7493711072e4d46bc68160,241,False
flat-creek-2013,1,465,RGI2000-v7.0-G-01-14367,76ba8891bb88239500da8f61ea1c591ed2dd26e3e72ed3259b95827b64e1639d,242,False
flat-creek-2013,1,465,RGI2000-v7.0-G-01-16213,770c1b4e8fcc7c9d930d1bcad026e8b82c481ab618be77c84db7915f429348cf,243,False
flat-creek-2013,1,465,RGI2000-v7.0-G-01-16218,770efa2f431574169c52356882ba02852a3157461d51dd7d086504828e117361,244,False
flat-creek-2013,1,465,RGI2000-v7.0-G-01-12213,773fbcdb7da34bf2672339fef95212c22846d53db082e36c334dbe084e97e776,245,False
flat-creek-2013,1,465,RGI2000-v7.0-G-01-13032,789e219bca3ed67b8e20e00c4724f8d8e5f50ecac35b228137fd66051c311d33,246,False
flat-creek-2013,1,465,RGI2000-v7.0-G-01-14577,7a3cd79f063b7772a3fe16c9b6d9f0bc9939871c4333dab464a7f0a56a099267,247,False
flat-creek-2013,1,465,RGI2000-v7.0-G-01-14470,7b13a3924322bfe960919f2c9393fe233579133033c71c041e371bcb4d920a4f,248,False
flat-creek-2013,1,465,RGI2000-v7.0-G-01-15696,7b931c1d1460150d8c5414069d24f9188115a8e00bd4153be9e121a26905f51f,249,False
flat-creek-2013,1,465,RGI2000-v7.0-G-01-16248,7bff7eb9471a7bee78e92644279a089505c55872f8e3a3181754f479ba833e3d,250,False
flat-creek-2013,1,465,RGI2000-v7.0-G-01-14235,7caf7c71982dda53a2a33343d3729d877a387b6bc000999456cffd1a3964b450,251,False
flat-creek-2013,1,465,RGI2000-v7.0-G-01-16034,7d797af57a61a518fddf797e46649e4c68a85082322a7579ca0ffc9bada61653,252,False
flat-creek-2013,1,465,RGI2000-v7.0-G-01-16206,7e7e5dde6a26a440ccc29cde1379a13ff20a7ede63c606b43858ec9e6f0ae26c,253,False
flat-creek-2013,1,465,RGI2000-v7.0-G-01-16183,8080dca8c7e9bf6d3a80c8615c6384fb18a31b033e6d80e3337bb9dc73807462,254,False
flat-creek-2013,1,465,RGI2000-v7.0-G-01-16230,8184f4d63d82b291f6ad78159651384d2d611f3c5cd5fbec7f33b62eff90a438,255,False
flat-creek-2013,1,465,RGI2000-v7.0-G-01-13022,818c14ac6cc40c63a2bac8a02297584e35db60770d77175ef94b0dd3176cd646,256,False
flat-creek-2013,1,465,RGI2000-v7.0-G-01-16464,81cbf6ae74c2675675a72f67da8910bb668ea5113562481b0beb02a1268bfd75,257,False
flat-creek-2013,1,465,RGI2000-v7.0-G-01-13163,81f9868e72322ad91b6bfbad467be59aa3cdbd9a0efea5759634d7f156e08e63,258,False
flat-creek-2013,1,465,RGI2000-v7.0-G-01-14621,82b23e9c6e5754bc01b77285361b3fe3add05c6413e3909305e983ce15700844,259,False
flat-creek-2013,1,465,RGI2000-v7.0-G-01-14471,8326850ce25df1751e4e25b75e727a2be6e076ef9143bad139fb0a626e5d020b,260,False
flat-creek-2013,1,465,RGI2000-v7.0-G-01-14548,8557ffaff7d50abb913925e75e828261ba2d0b540b5027c7aab86e944ab52329,261,False
flat-creek-2013,1,465,RGI2000-v7.0-G-01-14474,8611c9e2c72e8a41c9363ac0c26abd5126baaae7b276b4164af38c5a4ca6a110,262,False
flat-creek-2013,1,465,RGI2000-v7.0-G-01-13050,86542dc7e2a9e0677d74e1f8edc59fe5a4c7adec86541f499dc0fc6f7c65b4a8,263,False
flat-creek-2013,1,465,RGI2000-v7.0-G-01-14438,86b03ac709b612e21292dd49e8fe981b387a8a46ab216f4ade8158edffb3a939,264,False
flat-creek-2013,1,465,RGI2000-v7.0-G-01-14369,86ca67cfa555f9a9768d13acfcad148e1cce82f5e45dc2158da832bf938381e9,265,False
flat-creek-2013,1,465,RGI2000-v7.0-G-01-13688,8719bed1391988e3b6539d4047437fef5791d58f001ebff85c01f60b232b0385,266,False
flat-creek-2013,1,465,RGI2000-v7.0-G-01-14034,8793c9382da6f4b8c608976f51a25b222a3603491fb5ed968e4bc050da923f8c,267,False
flat-creek-2013,1,465,RGI2000-v7.0-G-01-16231,888ccd76ed9bcf72348b69909d9b7d36a4e34c57c4135aa045ad0e5a2f0b3cc8,268,False
flat-creek-2013,1,465,RGI2000-v7.0-G-01-13156,88b45171f95ec6fce43650d1c0685e245e3a60c23f64aa3a20229315cacadc53,269,False
flat-creek-2013,1,465,RGI2000-v7.0-G-01-16187,8936d3f37d0ee25c3bf7aa37db8a553a30b47f598cc61d76cf485c780b8ab2e3,270,False
flat-creek-2013,1,465,RGI2000-v7.0-G-01-16216,8a1bc13ed892b388dc4eeeca69b8e95f9236d9c525d33a52131c61266bd01db1,271,False
flat-creek-2013,1,465,RGI2000-v7.0-G-01-16379,8a3df447416ead8e2a265bc8d564579a22832afe532cadaa7c86b73fa8118758,272,False
flat-creek-2013,1,465,RGI2000-v7.0-G-01-14220,8b11aa198d98639f67dae83e2ca36120342a7e7330a83cb299c36bcc178219ef,273,False
flat-creek-2013,1,465,RGI2000-v7.0-G-01-14393,8be086cf5d6295846fe6899b7d4ee087813e0fd47b1fe009e8d5d2cdd101d849,274,False
flat-creek-2013,1,465,RGI2000-v7.0-G-01-14131,8c5de9ae1e7aef32089356b2a1225dd7035b2a59bd1e76891c8b81dc622e732d,275,False
flat-creek-2013,1,465,RGI2000-v7.0-G-01-14328,8c80cb67513bd890202abf75c45b0bd873c36811a1683fb3816ad3d34df4e297,276,False
flat-creek-2013,1,465,RGI2000-v7.0-G-01-13137,8cb1d0168708760fbad80ccc2ad2ed8288fbc9c8188ccea0c969cd67eee32a7d,277,False
flat-creek-2013,1,465,RGI2000-v7.0-G-01-13777,8ce8fc51a45b31f8aa3a1940a458dcbaa11edf60da6ba7bbde1b4f8ac733ac17,278,False
flat-creek-2013,1,465,RGI2000-v7.0-G-01-14480,8e4b51adafbdad59af082dded9742a807923f3c2754a75425ebd68cbaedb8f87,279,False
flat-creek-2013,1,465,RGI2000-v7.0-G-01-14216,8e73ba04e92175eca6aa0cef65e8f2eb59fc16f537b879faf7f12f4447b1b658,280,False
flat-creek-2013,1,465,RGI2000-v7.0-G-01-16398,8e74570dc41c66e5a34231df828984c8878d0afa79959950cc6065e24427da7f,281,False
flat-creek-2013,1,465,RGI2000-v7.0-G-01-13705,8e8668b6a7d21f91e676296cd1095635149998edc4c1dd56e187125e2bfa76bc,282,False
flat-creek-2013,1,465,RGI2000-v7.0-G-01-16432,8f816ff2d918f030ccc05c085610829a899cd6ec0668b82370b6039faf5290c2,283,False
flat-creek-2013,1,465,RGI2000-v7.0-G-01-14215,902574b85eb40919b681f6da3c15233080aeb4bdfdcfc22d08430ac209e8760d,284,False
flat-creek-2013,1,465,RGI2000-v7.0-G-01-16077,908955db5ac05b8fd33cb82e480b83c1e1276433f046b8576a4f95d1a693429d,285,False
flat-creek-2013,1,465,RGI2000-v7.0-G-01-16385,90b97869726e7c609d4277a97b50ec9ac67a3661b3449a4f9bacd5a8148a0108,286,False
flat-creek-2013,1,465,RGI2000-v7.0-G-01-13617,90bb17b52d7a5cc5bebb18c821146cb057d83814b2a7a67d13daa59403fb3cb5,287,False
flat-creek-2013,1,465,RGI2000-v7.0-G-01-16542,915bd8e9b17c451d5054cdafbd82a387a1f902150a4051dc39de897dad520394,288,False
flat-creek-2013,1,465,RGI2000-v7.0-G-01-16211,928784a1bc3d464695caf3fdba2e96261480b0961e83ead7acd4489e2d86e92e,289,False
flat-creek-2013,1,465,RGI2000-v7.0-G-01-16315,9456f2fc828a952af0f07674a6066b8f7704c37315df759a450ad329fe348bc9,290,False
flat-creek-2013,1,465,RGI2000-v7.0-G-01-14433,94a89f3c36de9230d50bcfdf76f76ece0d7261f567952f1d7aef438bac6c3f86,291,False
flat-creek-2013,1,465,RGI2000-v7.0-G-01-14290,954329337d0aadaef18feeb35c524fbade4cde1203b1d47358f1ac6796602501,292,False
flat-creek-2013,1,465,RGI2000-v7.0-G-01-14640,95658e9a7e8d0018b8d6ab5d6f5c1ad501bf7b95c0eeb97ddeee2fd7a1f55c95,293,False
flat-creek-2013,1,465,RGI2000-v7.0-G-01-13978,95a23249be34859f3b402d9ba361513324e9ce00573dbbfd4fa29b3a2e5af842,294,False
flat-creek-2013,1,465,RGI2000-v7.0-G-01-14589,9960c7d1f3210b0bd67de7ed59f68fcc2eb9d521ff753ae8c1036d274a73bc01,295,False
flat-creek-2013,1,465,RGI2000-v7.0-G-01-14735,9983e7d0a5ece04914a19281ea3211822295160c5921344542995cdadfc45b26,296,False
flat-creek-2013,1,465,RGI2000-v7.0-G-01-16151,99b6e92811b3b1aaf00e0563ea76b0a2248e0aedfe5e6b5a98710a906fdf5564,297,False
flat-creek-2013,1,465,RGI2000-v7.0-G-01-14266,9a5645e85715b6de1b8a1dda81b69a0551380ff3c42e9dd8d0763f7dc53b1aa7,298,False
flat-creek-2013,1,465,RGI2000-v7.0-G-01-16169,9b14107cc72e2dd9e9de908f77cfab757619c76c9e9793f7e4b31b3fdb3b783c,299,False
flat-creek-2013,1,465,RGI2000-v7.0-G-01-16462,9b99f75b9af6ea2f8a3c18b9fcdc284d8cbfda1ca8e04e985cce28ac33de5942,300,False
flat-creek-2013,1,465,RGI2000-v7.0-G-01-16200,9ba5f0cc38fadadbf598e6d71ddcac1f912e828708fdb42f049194763fb0b33b,301,False
flat-creek-2013,1,465,RGI2000-v7.0-G-01-14570,9bc95f370d450609519e1eb77f3fb5a4e062742e2e6d96b169b97a679ee2e8df,302,False
flat-creek-2013,1,465,RGI2000-v7.0-G-01-14209,9cb87817483cb20154e4cb9ea757b3554d6d2e83580e9fb2b719372667391f10,303,False
flat-creek-2013,1,465,RGI2000-v7.0-G-01-13074,9ccfd21f997e58b30d304a0a992cee223c82d89d8e3ee87b02617e5a23e00e83,304,False
flat-creek-2013,1,465,RGI2000-v7.0-G-01-14082,9d3b43ba3721e98b19f34b8bcc1624791b945c968182b536b1c9cc4880a8b4f7,305,False
flat-creek-2013,1,465,RGI2000-v7.0-G-01-14491,9ee9aa25aac1a1b8055cad5c0be3b2e9ce134aa86b94438f8da0d21fd7273ab8,306,False
flat-creek-2013,1,465,RGI2000-v7.0-G-01-14342,9f1e00d894a4e1adf839ddb6955ae97b62890c8e96d55f07b0a1820131b271a2,307,False
flat-creek-2013,1,465,RGI2000-v7.0-G-01-14587,a0cb19e9d5045fc753872af07c0938732c32eac5bd17ae31c0db7eb18ea6df1d,308,False
flat-creek-2013,1,465,RGI2000-v7.0-G-01-14159,a1524d50d68d7f1707dfc1432ca9e7e9b3574b9560f2534b1301d98deab746c5,309,False
flat-creek-2013,1,465,RGI2000-v7.0-G-01-14487,a1b997eb4edbe7bddf0a186dad232c43e2368d8a37d1358b3fee3cbf01e1b5a1,310,False
flat-creek-2013,1,465,RGI2000-v7.0-G-01-12969,a1eb7d7c0dbdc0857d51a4e6b8dd1a57acebbc572d4f5b3c4e01739dba8d7a46,311,False
flat-creek-2013,1,465,RGI2000-v7.0-G-01-16199,a2032610eb98e416d85d7b6c6b3d54ec4106bf30160894331112746157490a7f,312,False
flat-creek-2013,1,465,RGI2000-v7.0-G-01-16177,a2042edb587f77b7dfa662c9b30db8684b0269df714a3c3b0bcc403fccdfe4e9,313,False
flat-creek-2013,1,465,RGI2000-v7.0-G-01-16194,a2139b183232919cb4e3b6827ef08cbf24d731f6b0e5e4a1defcf92c1fe7881b,314,False
flat-creek-2013,1,465,RGI2000-v7.0-G-01-13000,a2b2afa1a788cc1e3f511968c4b4880e74085b718a0b0d87259c00e24851de8b,315,False
flat-creek-2013,1,465,RGI2000-v7.0-G-01-16361,a41ad41953d9380766c2ea61b44bd723763c6c6dca8c484ebeb075f6c547bac9,316,False
flat-creek-2013,1,465,RGI2000-v7.0-G-01-14371,a46c41ec3805a172cad62d48f1fffb494432c6fb1d695ebf86028049c62cf5c3,317,False
flat-creek-2013,1,465,RGI2000-v7.0-G-01-16129,a475358c71d658895d6d27000f4cf48fff53ae28729ee59d6b0dc5efa1a5914e,318,False
flat-creek-2013,1,465,RGI2000-v7.0-G-01-16075,a5a6c751bf9a5cc1af897d1a419f03e6ed710ae4243aee2e203b976ecf260fff,319,False
flat-creek-2013,1,465,RGI2000-v7.0-G-01-14420,a6131603110efc55ee4f8762eb1345bc98a8bf76781ad33c35ceb0dafd6e4c14,320,False
flat-creek-2013,1,465,RGI2000-v7.0-G-01-12995,a66b57da47121aba42d22330f9f102736ba908190928180916d461428af3232c,321,False
flat-creek-2013,1,465,RGI2000-v7.0-G-01-14612,a6c048b5c3b97a93767bb81217c76d174dbbe1ff6b5b76bb358dd8ab373fbd45,322,False
flat-creek-2013,1,465,RGI2000-v7.0-G-01-14563,a841ce84eac099da27f6faa3d105d573920c840be50a14f01e9489842c935b72,323,False
flat-creek-2013,1,465,RGI2000-v7.0-G-01-14288,a8a5b698ea8fd7b0fccba71cb8b49f80baac50b0bd290e4cc3bb6dc84d01846f,324,False
flat-creek-2013,1,465,RGI2000-v7.0-G-01-14109,a8caf6f04a628c7c5cb0a0796109467e8786daa0a12bd6b1f1eb7b77dfdee7a2,325,False
flat-creek-2013,1,465,RGI2000-v7.0-G-01-14127,aa10ce7312f626436cb1d272f0ac326f45cb313300aacf2b74dbddae632d96be,326,False
flat-creek-2013,1,465,RGI2000-v7.0-G-01-16038,aa8e1440296dc2cd6ebdb17ed7d094942f68fb6569104b311a3331f0395da9e3,327,False
flat-creek-2013,1,465,RGI2000-v7.0-G-01-14351,ab02f993533480abfbe644128037b82eaa37d62921765a16ea7595fd15328197,328,False
flat-creek-2013,1,465,RGI2000-v7.0-G-01-14280,ab14960b0c45da04972be4de771aa33b9260a46479621298342110c44f1508d5,329,False
flat-creek-2013,1,465,RGI2000-v7.0-G-01-16150,ab70d56964a031eb977ce4170944f5d0997a57c052cc9badcdba62b7bb70c4f1,330,False
flat-creek-2013,1,465,RGI2000-v7.0-G-01-14356,abcfd470810146239f17e89a35551bae1c077c1f36a2a39272623f3ce8a525fa,331,False
flat-creek-2013,1,465,RGI2000-v7.0-G-01-16402,ac0b1fe2f9d114aa6fdc92d95ea474d61edba96065035f71be64a71a9ea5a313,332,False
flat-creek-2013,1,465,RGI2000-v7.0-G-01-12998,ace5ef5abfa3650bbb6af0db6d2e09136ec004c1e280cd59aaab2a18339bad41,333,False
flat-creek-2013,1,465,RGI2000-v7.0-G-01-14421,ad1da6f3286300f6578380625f1420a12f20905d587bee622155aae3b0ea984f,334,False
flat-creek-2013,1,465,RGI2000-v7.0-G-01-14311,ad3650d20b61cd79767795f444dc3c348a84d0f90a45801afa8521243c059a6c,335,False
flat-creek-2013,1,465,RGI2000-v7.0-G-01-13769,ae039479afb6e4d149a2e78a8485b99d35ad55e6c8d0e58a8d058d1f17c2058a,336,False
flat-creek-2013,1,465,RGI2000-v7.0-G-01-14413,ae310bc4f2c0c95bf695d84a625381440febc47560a68c01b9158c985cbb7a1e,337,False
flat-creek-2013,1,465,RGI2000-v7.0-G-01-13071,ae92a821f234bd220069ac166cde6e17a3bff2824b0e97327cc6df80a4a77a0b,338,False
flat-creek-2013,1,465,RGI2000-v7.0-G-01-16451,af3263b2005953ab0bcad177e770a46808ac3e108411be05deef9797a0e35162,339,False
flat-creek-2013,1,465,RGI2000-v7.0-G-01-14618,aff7360513f75206fcf994b5eb2e971bdab699f7567bcc1ffe46be3ea9fb7f58,340,False
flat-creek-2013,1,465,RGI2000-v7.0-G-01-13940,aff81bb992d32579e350be3d8530cae2aa42794aa99e0dbada3d8b3a4f46d36b,341,False
flat-creek-2013,1,465,RGI2000-v7.0-G-01-16245,b1a32a46be28a9f09865575c7a01ef083d1d8cd933775d469384c6a7291d9093,342,False
flat-creek-2013,1,465,RGI2000-v7.0-G-01-14343,b1a7203c35aca4262a1ed803ef1a7b1f796ded9ad8b7cd204a2cafcb09e80d49,343,False
flat-creek-2013,1,465,RGI2000-v7.0-G-01-15712,b1ec372eb48df45761a3eb2bc21d0d49b302c63f7550edd92ead798d7fed62ab,344,False
flat-creek-2013,1,465,RGI2000-v7.0-G-01-16249,b2cda984ea4b0b6a39d2bea76a1e8234b8cab581d6f9b5c4469dcbf9ea30b0bc,345,False
flat-creek-2013,1,465,RGI2000-v7.0-G-01-14077,b30660cd57f59ceeed536854e156fecc180cb353c7b88a1e5be819538f368db5,346,False
flat-creek-2013,1,465,RGI2000-v7.0-G-01-13723,b45522369b3cff317da509a657d416ef9ccf007e017e3539f7b2eae9d4182323,347,False
flat-creek-2013,1,465,RGI2000-v7.0-G-01-14617,b4b1647002b682e7e1d59e74f7d4c1cbaf18baa26c374d0444f4ac56729250de,348,False
flat-creek-2013,1,465,RGI2000-v7.0-G-01-13782,b574dfa8a0c1c8fed75e266f7fb908b5d216edee29f714d252792480f003af84,349,False
flat-creek-2013,1,465,RGI2000-v7.0-G-01-16043,b66c2caa55f08defe0c8bc5eb0bb52f26f0781a07cb793930e2a9297def5d255,350,False
flat-creek-2013,1,465,RGI2000-v7.0-G-01-13031,b681feed6d85e9073ebbbdb9bcda3e791b9824c955ad746abe46977d86666366,351,False
flat-creek-2013,1,465,RGI2000-v7.0-G-01-14346,b69e9e4250a0a0c84f886b853b8b183082e16640e59d9c91d78c16b78c7ebcff,352,False
flat-creek-2013,1,465,RGI2000-v7.0-G-01-14009,b6c2ca847b11910f081dcb9b38c6cbe0d3c5e9cf515c3e2432a80caa8ddb08d8,353,False
flat-creek-2013,1,465,RGI2000-v7.0-G-01-14282,b70c64951a0c625d946079daadbf991beda8334d877cb34eb96aeb0bf1585eaf,354,False
flat-creek-2013,1,465,RGI2000-v7.0-G-01-14135,b75f41ddfbc3ed10cdd1b8c8986c6318a7bd877b2104cf6ebc9add0832f0581b,355,False
flat-creek-2013,1,465,RGI2000-v7.0-G-01-16066,b766e4316e4ad33f0e5f037efa047adc199c63af72d3b22416bdeb5023a35772,356,False
flat-creek-2013,1,465,RGI2000-v7.0-G-01-16262,b8e83e0b17514011ad5201ab459f0c58c8e5f3f6b163e9802dfeaa0542583c9e,357,False
flat-creek-2013,1,465,RGI2000-v7.0-G-01-16101,bac9ebaef18db7687d009e4e421aa032843b807db2fb17dca7661ff16e845497,358,False
flat-creek-2013,1,465,RGI2000-v7.0-G-01-13028,bbd3c37447ffab6a2346e14fe16d5c2eddc7f704e2efcaf651597f36c506f9a8,359,False
flat-creek-2013,1,465,RGI2000-v7.0-G-01-13171,bc336f27a0c85026005c05c9a442ca1e60b494f3d2d93adfda6bc06e420e356b,360,False
flat-creek-2013,1,465,RGI2000-v7.0-G-01-13075,bdb2fe1d5c35eec14fc76eb93b151b233e036d8ae17912a949d79186ed8f3608,361,False
flat-creek-2013,1,465,RGI2000-v7.0-G-01-16345,be519b2339a6de15c3487928171969bc52e25be6afdd315ff748550009bae987,362,False
flat-creek-2013,1,465,RGI2000-v7.0-G-01-16060,beaacbf0c7b0d796aab85f33ca0a6e4c881d35662cfe328e6580f65cfe40da0d,363,False
flat-creek-2013,1,465,RGI2000-v7.0-G-01-16201,bf9c45e3f515793a208d7fe3907b6271198f6ba0e3390608aed2a416ad4f39d7,364,False
flat-creek-2013,1,465,RGI2000-v7.0-G-01-14562,bfc6c37feed327ea7a11c0750664f03b194dcb026e1a7fbbfcd80048d2a639e7,365,False
flat-creek-2013,1,465,RGI2000-v7.0-G-01-14262,c03b3c94e4e65e6263a7fbfc9cb05f379959077a0195c5c3ec505a48d00ed436,366,False
flat-creek-2013,1,465,RGI2000-v7.0-G-01-16117,c08bb02183a59b6acecb3d0b92c11dffa2cec4e369152e9ed48ef4086be7e6a1,367,False
flat-creek-2013,1,465,RGI2000-v7.0-G-01-14411,c0d67f6b3e148e006af508161050f641aa2daa4b53837702840527fe5d4d4822,368,False
flat-creek-2013,1,465,RGI2000-v7.0-G-01-13025,c152e2feda2186aa0375a803559dee2e216b1983c061920841507433073d5af5,369,False
flat-creek-2013,1,465,RGI2000-v7.0-G-01-14182,c1a199c4d8415c13fdd8ba5273988637d753f4a9041121b26262ae1e62e3aa2c,370,False
flat-creek-2013,1,465,RGI2000-v7.0-G-01-14249,c222058d376f18b154f42af651df64a5e096de6575be36ce751d28c456cd3cd4,371,False
flat-creek-2013,1,465,RGI2000-v7.0-G-01-13124,c24112b067b21787fc8eb73a92d01e3fc40ac4ccd9e6206da3a18c06e6b7b712,372,False
flat-creek-2013,1,465,RGI2000-v7.0-G-01-14540,c34b6f3cef04f367d36df6cfad4a5b5a33173e41086258a970e7595c0dbb29e2,373,False
flat-creek-2013,1,465,RGI2000-v7.0-G-01-16102,c51ca2e3e9b8e473eb73dfb488ab60ec38a423e010286b4f66e66b04bda4fe51,374,False
flat-creek-2013,1,465,RGI2000-v7.0-G-01-14151,c588467d965baedf22090223e394a40e2e3bb3fff0b993cd3d1dc62f66893719,375,False
flat-creek-2013,1,465,RGI2000-v7.0-G-01-12973,c5a6959b08fb836184a8b3bc10f2f9d3945766acae4792d118b219641787ecf1,376,False
flat-creek-2013,1,465,RGI2000-v7.0-G-01-16468,c5ffa9f3c851f55013f4ca459054c5864b8f6fdf55aff4a9cb3339995a77a836,377,False
flat-creek-2013,1,465,RGI2000-v7.0-G-01-16118,c6277acd927884d9aec5b0056c83a3550b802fd3e5ba6b6d39f692859ea6e529,378,False
flat-creek-2013,1,465,RGI2000-v7.0-G-01-13905,c71e31e06821fda3ad16c207ab3cf23cdfd1ae53f1b0a8bb65db8645a9983ecc,379,False
flat-creek-2013,1,465,RGI2000-v7.0-G-01-14327,c79f11a5baad91430d92311ddfb25750ff21086b6bcc84b2d056107400352c72,380,False
flat-creek-2013,1,465,RGI2000-v7.0-G-01-14362,cc9c7c7cdc969e02ada3a4a90d9957204d3c528f00945036e41377b2edb8187d,381,False
flat-creek-2013,1,465,RGI2000-v7.0-G-01-14143,ccdc47e0513d17a3c7e0d3978455e1e1ddc27e48907c75c4801adeee9da18825,382,False
flat-creek-2013,1,465,RGI2000-v7.0-G-01-16339,cd8ac5a91f8e272d0f415b7b15c9add17591d6fccc2c4f216cb5b69373e86cdf,383,False
flat-creek-2013,1,465,RGI2000-v7.0-G-01-14525,cda24c8922b73afc190aeee17b10185286f4f8df680d095bf7eda65f020dc3be,384,False
flat-creek-2013,1,465,RGI2000-v7.0-G-01-14456,cded0e2bf28b1961b581bba5ebfed800aa15b75606a31882ea677ca0e29e44ff,385,False
flat-creek-2013,1,465,RGI2000-v7.0-G-01-16147,cfc6a1785551252f16e8ebf160f5281fa53087c30521ac46040fdb5c4ee045ca,386,False
flat-creek-2013,1,465,RGI2000-v7.0-G-01-14117,d07ca136af841184de20b9749bbe865725ea1acec3dd9c2f4ba4eb23c2914029,387,False
flat-creek-2013,1,465,RGI2000-v7.0-G-01-13046,d11c471313cb938d49d5b4c70f4c41cfb6613ed94fec8e632658dd6adb69d78e,388,False
flat-creek-2013,1,465,RGI2000-v7.0-G-01-14259,d139954ded4fea926dd670a913794f310526b00b173968dbe45fcb4ab050d7af,389,False
flat-creek-2013,1,465,RGI2000-v7.0-G-01-16123,d1dd4b7d77b7647ba199c52dd830903426c41e9155ed2b2d765340d63e7c7783,390,False
flat-creek-2013,1,465,RGI2000-v7.0-G-01-16091,d422d4d1ccb9656a640a58a19fbff8eb606e7b31c11f3798ad701cde3b63682e,391,False
flat-creek-2013,1,465,RGI2000-v7.0-G-01-14037,d4b8172ccf56145638d65f45bb3a3128631b96f3d25e72c8550a5ebb11a2582b,392,False
flat-creek-2013,1,465,RGI2000-v7.0-G-01-16108,d4ce82e0ef3370316e8af82ffbdfb082a75bff8ca3a03acecc2ec0e9596d1694,393,False
flat-creek-2013,1,465,RGI2000-v7.0-G-01-14101,d64463bb142e7847e3b993f6ec02e2e78ea01d4a3fb3c7bf10dcc6b85fb6e876,394,False
flat-creek-2013,1,465,RGI2000-v7.0-G-01-13916,d650d65249eb7cc32be8d792626667d92df089d3a995f2a738a7063764505824,395,False
flat-creek-2013,1,465,RGI2000-v7.0-G-01-13796,d72455967ca1b68b34bbb95ef9685e5f8bfa64117ee5c10f713f7ff5655516a9,396,False
flat-creek-2013,1,465,RGI2000-v7.0-G-01-16145,d737d23aef4ba2eced18a463af6d68f497d03ab4dc9b2a5309daf1caca9e6ffe,397,False
flat-creek-2013,1,465,RGI2000-v7.0-G-01-14049,d7de201656a2f1869b3afc0fe531d884e925a94071d6757e29da57f493464e4b,398,False
flat-creek-2013,1,465,RGI2000-v7.0-G-01-16208,d7efd7ce931005c014a0fa9660e4fb7f7fa28d7df824157d2207b6e939c9a4b3,399,False
flat-creek-2013,1,465,RGI2000-v7.0-G-01-14463,d86e41386f441f8a31c00db89739a28da0d35a4049f078e9b508c20d2573c87e,400,False
flat-creek-2013,1,465,RGI2000-v7.0-G-01-16312,d8b1056bb64e053149ab8e88ec959e7b1556a4b3a6e7f9667c4db45818ac188d,401,False
flat-creek-2013,1,465,RGI2000-v7.0-G-01-14005,da7eb02461ae169b63438e6ef30c26ac96eb4dd6d2087a2f0363ecd47efa1e5b,402,False
flat-creek-2013,1,465,RGI2000-v7.0-G-01-13727,db143084324b4f9d706c7e3e3731132047e0f66f93ffd228effaf78d2d71a7c6,403,False
flat-creek-2013,1,465,RGI2000-v7.0-G-01-14246,db69daa8627c85a826665b644b11599dd521653ba4e4b844648451ab0e7a536d,404,False
flat-creek-2013,1,465,RGI2000-v7.0-G-01-14113,dc118e473f2f9cd8b7026e5c54e81da2e245ec8743aa3cb648fcf1772b57c3e1,405,False
flat-creek-2013,1,465,RGI2000-v7.0-G-01-14133,dd42e876c508bc2e03d9bc73da16f18d5fbb1d473ce5a9da99fdfb55372b7180,406,False
flat-creek-2013,1,465,RGI2000-v7.0-G-01-16153,dd8575e3bb459a5ea7451956216a63493056f1ced6a3d5c6276fe4ee624aa1c4,407,False
flat-creek-2013,1,465,RGI2000-v7.0-G-01-16431,ddbcf82bc04959d3df96e4cacfe750d891cf1cb6ec5b095fc9d5e49651b89c02,408,False
flat-creek-2013,1,465,RGI2000-v7.0-G-01-14489,dde1c2033f271c6f627eb8a5b7c11bca5a14388e0625d2a3eaf128c8991f61e3,409,False
flat-creek-2013,1,465,RGI2000-v7.0-G-01-14324,de14254ffa765c3f96bd54c88b7f63fc501748a5dd8f9324473d91aec8129ed5,410,False
flat-creek-2013,1,465,RGI2000-v7.0-G-01-14089,de2f40563e0deb582ff1975c6f5e86ec2f6e915f19c98528a2632d8022a8062b,411,False
flat-creek-2013,1,465,RGI2000-v7.0-G-01-14427,df1803ef2446de18623d05e036905266a71ef65a70ebfe853cedc913c087b67f,412,False
flat-creek-2013,1,465,RGI2000-v7.0-G-01-14547,e0dcdd8f1bd80abd2c00e5c07e888ecf5621076904c25bc0dcc7d2e653357ae6,413,False
flat-creek-2013,1,465,RGI2000-v7.0-G-01-14214,e0e2936002e9e1b997131d337858ce23afb4c951d82ca56f0d930d286dc90d01,414,False
flat-creek-2013,1,465,RGI2000-v7.0-G-01-14237,e1b7f291ce577c952b9be2aa65b45f31bcf204fc08f8b100560d1e5f30716b72,415,False
flat-creek-2013,1,465,RGI2000-v7.0-G-01-16035,e23bc6759ebcceb09ad9c451bb29df4716f0f9580b33d7c88c8cfed1de7334c7,416,False
flat-creek-2013,1,465,RGI2000-v7.0-G-01-14298,e25c71668e890ae7ddc5f532db22901c30db11cfcd4e2f57d9b299e87d144964,417,False
flat-creek-2013,1,465,RGI2000-v7.0-G-01-16324,e33c3584b20d2e089d7ae4bc2b6c0421b7a572abde0486cc1be672eadc035337,418,False
flat-creek-2013,1,465,RGI2000-v7.0-G-01-16039,e5d0bccb0f46497f70064ccaff9c81c5c72e12e8fc8ddb396e1127c06e00a712,419,False
flat-creek-2013,1,465,RGI2000-v7.0-G-01-14755,e65764882d2eb1942846ac490a3a3d36656022a22c992d50c3b601389af6cb34,420,False
flat-creek-2013,1,465,RGI2000-v7.0-G-01-16360,e7c76042601ef5785246ccd2b1bdf1e9025e3a07d92222b31dbe81f520f8d071,421,False
flat-creek-2013,1,465,RGI2000-v7.0-G-01-14019,e8b51e23714f251c673e27d6db14a7f68170bb9f4da72b44ebd6c75465bac083,422,False
flat-creek-2013,1,465,RGI2000-v7.0-G-01-16240,e92c9820843395b13091b37962aca0a1313ecbf752c052fe3a99a9060d0df699,423,False
flat-creek-2013,1,465,RGI2000-v7.0-G-01-13700,e96e0c8ba2e6db0385765fd6f8a7d39569336f320e09fe2685dfc8e7936ff979,424,False
flat-creek-2013,1,465,RGI2000-v7.0-G-01-16562,ea066f9c2ac2fd79ef18380ff0d1b0b879b1ba0fd6809a87ea49b6c67a7d889a,425,False
flat-creek-2013,1,465,RGI2000-v7.0-G-01-16242,eb2c5162359de93fcd69bbf9a57de46f1fd9a1720944e2d4e5b12d22d323a9eb,426,False
flat-creek-2013,1,465,RGI2000-v7.0-G-01-16181,eb5bc5bf21d12f4dbdda95f8a3a87811c24e0bd2ec8bfb043ae9b466db734adb,427,False
flat-creek-2013,1,465,RGI2000-v7.0-G-01-16036,eb7470cce6693fa0feab6a9533efa498a0d6e625249b5dfc7da5f56dcb102cbe,428,False
flat-creek-2013,1,465,RGI2000-v7.0-G-01-14397,ec7750d29451e9e6121b6ba9057d527711871a143770c40e2378db92f78b9cd2,429,False
flat-creek-2013,1,465,RGI2000-v7.0-G-01-16005,ecdc3e7680896cfcbb838b446f694331a63c2e2f27179777baf467d88663562d,430,False
flat-creek-2013,1,465,RGI2000-v7.0-G-01-16348,edea1b4d5db5563687e8d68faee3902cd99feb4d7d0f0d8f008c6aafc14dcd0f,431,False
flat-creek-2013,1,465,RGI2000-v7.0-G-01-13029,eed126068ca98951dde0bc9ba68ca973503ea1fc09b516716013a805e40ff356,432,False
flat-creek-2013,1,465,RGI2000-v7.0-G-01-16568,eef34dfaf32bc1cd30fd1b5a6e25115b678055e3ff24dd6784a5665ca54dd02a,433,False
flat-creek-2013,1,465,RGI2000-v7.0-G-01-13748,ef5f3f7da6a0744644aa4a652e3932cfee70c06e73897e6add46b5548d379539,434,False
flat-creek-2013,1,465,RGI2000-v7.0-G-01-16059,f05c824b544234d3b03bf0420dd9bfdd80ed302580cb94f952449025a5ab4eb7,435,False
flat-creek-2013,1,465,RGI2000-v7.0-G-01-13017,f099cc7be1cfe56460e42fcfe908e09f9cd3fdcbc56e2ec99ce9196ae9c65da3,436,False
flat-creek-2013,1,465,RGI2000-v7.0-G-01-14145,f10bd23dcf4965cbcbf4bdcf63487f29d86c195900e0ee55ec1c6cc08a86e56a,437,False
flat-creek-2013,1,465,RGI2000-v7.0-G-01-13763,f1d30496064e2c824ef207f1dac2b937d4450d764e4c4207b8f5824cae7bbfa9,438,False
flat-creek-2013,1,465,RGI2000-v7.0-G-01-16350,f2766e6d1752d5d84ef212b96b1ac8e0cf228a059548d52f289712e731d6f440,439,False
flat-creek-2013,1,465,RGI2000-v7.0-G-01-14537,f3674ee34b1cdb87cb1e756db6886579f6a4fad6d963b04581d4279ab9123fdd,440,False
flat-creek-2013,1,465,RGI2000-v7.0-G-01-13165,f3b8d92c2e4ab15047726dcf81d6e868ef0602de4514dfbc0cda007fbdb00918,441,False
flat-creek-2013,1,465,RGI2000-v7.0-G-01-16078,f4bc47b18212531f9c736a181c032d1bccac6f82622f67806eeb7391a4d63b6c,442,False
flat-creek-2013,1,465,RGI2000-v7.0-G-01-16120,f4d7451167d44ddea5d968b99270bea9e3e067b2967a7b91f85cca8b316e9358,443,False
flat-creek-2013,1,465,RGI2000-v7.0-G-01-14083,f5c498cfc81efa3a7e77a84115a518f4cb9da8561209c4b39b1e9a55e8e56b34,444,False
flat-creek-2013,1,465,RGI2000-v7.0-G-01-14274,f6579bea734bee218e864fb88ece090b5bb46baf7d09c16b62efd91a2d501161,445,False
flat-creek-2013,1,465,RGI2000-v7.0-G-01-14569,f6580572fee68e5e9a972eacbae671618393fb08840f348afa28288b4fd6e1e1,446,False
flat-creek-2013,1,465,RGI2000-v7.0-G-01-16105,f67eb79a62fc4bacb0e5b2fe00a0e0048d2498196224addd515eb555763ddd44,447,False
flat-creek-2013,1,465,RGI2000-v7.0-G-01-13747,f7ce8cbb27a5818058806398eb37a16f424015706d9974d20e4027f186bd9624,448,False
flat-creek-2013,1,465,RGI2000-v7.0-G-01-14485,f80d78abb69d43d9a651525e1bcb355d7fbed80b4693e0acd46caee287b8dd79,449,False
flat-creek-2013,1,465,RGI2000-v7.0-G-01-16065,f814d02e782f3e9c3d9ea9d0f9d7cd0712aeee31a9f80768bb84ddbdd04270d4,450,False
flat-creek-2013,1,465,RGI2000-v7.0-G-01-14475,f8fbb528809842a95deb034b3564adcf13b0dfdba18faa053451e072b5aef572,451,False
flat-creek-2013,1,465,RGI2000-v7.0-G-01-13772,f9d9bf613e2622d6cf89dd364c12eaf89e0bf70f00ecd57f35cbda926b677340,452,False
flat-creek-2013,1,465,RGI2000-v7.0-G-01-16393,f9f6772e5980933afe7a0cdea658030fb305d2b8b237d7cc1bf963529978934b,453,False
flat-creek-2013,1,465,RGI2000-v7.0-G-01-12986,fa999518b1f4361f739f24345a4a78a50dfb16e84fc4fe70cfb8a810c217083d,454,False
flat-creek-2013,1,465,RGI2000-v7.0-G-01-14258,fba6dbd80e2a3aa2fa913f58f17ffd70b512c39564daa5ab4ed27b88a080a1a6,455,False
flat-creek-2013,1,465,RGI2000-v7.0-G-01-16144,fc237f965b7c6abb4320415aee97a6bbba0572c13b69de8720f3c4f250784533,456,False
flat-creek-2013,1,465,RGI2000-v7.0-G-01-14281,fc94413405afc320f2e363bd27f3f1267934432a482a51bea11d095bab06dc41,457,False
flat-creek-2013,1,465,RGI2000-v7.0-G-01-14138,fcc004ae30123d57d8110885d8925f5ffb0d1c67c7a6c77bd9bbb289148156d1,458,False
flat-creek-2013,1,465,RGI2000-v7.0-G-01-16229,fcd17ca26dc8ce7511a5d1029a9261a29653f9bc88285207b2cf8b87f17d7a3b,459,False
flat-creek-2013,1,465,RGI2000-v7.0-G-01-16007,fcea1290ff9783a2d9d855d8d3185bdc877abe87032fcbf6e804f6a6e9c740d8,460,False
flat-creek-2013,1,465,RGI2000-v7.0-G-01-16062,fd09696131d997520494e2e7c1740c812a615b26299aea00a23ae10851a55a15,461,False
flat-creek-2013,1,465,RGI2000-v7.0-G-01-15912,fe19bcdd145ebef0bebde8b182b292c2de0325fde9f55db601cb10b7ec09b3b8,462,False
flat-creek-2013,1,465,RGI2000-v7.0-G-01-14379,fe37b2297fc74461ef14b852506edf2913765cc32e934c973ca22be32cbce913,463,False
flat-creek-2013,1,465,RGI2000-v7.0-G-01-12985,fe43830d64eb81edf8d82d309a98b86edcc7989db0fa3c8af2786e6beaf44ff3,464,False
flat-creek-2013,1,465,RGI2000-v7.0-G-01-16243,ff3ce2953bd38660ab1377b6a1b27327b3c54f04bf7f8af26d016c0a83e1b450,465,False
petra-dp19,1,639,RGI2000-v7.0-G-13-19031,002199feae645db13fa71b52b52a58d6e0baee9d49c8fd66a54799db802a82b5,1,True
petra-dp19,1,639,RGI2000-v7.0-G-13-06069,00627dca88f6d9f84cbb58ac534bd04d5912785e5b10fef18bb4217ef93a9f82,2,True
petra-dp19,1,639,RGI2000-v7.0-G-13-05728,00b6a5ce5a863880bd98912cf525a9490f66982387addde6b031e581345ea8f3,3,True
petra-dp19,1,639,RGI2000-v7.0-G-13-19498,00c4c4f4c332a73796c458a5ff91dbf558eb15dd9ea57a0a6ec4eef7298c0f9d,4,True
petra-dp19,1,639,RGI2000-v7.0-G-13-07295,012df3fc3c8e5538f4812ed0046a40740a0b402638ae515ca66c159cbc764d3b,5,True
petra-dp19,1,639,RGI2000-v7.0-G-13-06341,0144a26030c615d7006638c041c8b08e08f83ce3eaf7aaca94e18269093874fc,6,True
petra-dp19,1,639,RGI2000-v7.0-G-13-19328,0172628f62d1836561d6fb1e4029f473cd88789cb090763f2d84cc596217ae90,7,True
petra-dp19,1,639,RGI2000-v7.0-G-13-19076,01d58638bb9c1ff4bfcb996f37ed83fa98def0426dfe037ae23016bc2950ef5c,8,True
petra-dp19,1,639,RGI2000-v7.0-G-13-07734,021b1fbc662fbbfaffd2fe02f71b03fef2e2451a33ef0b9ef9e4fdf5aeabf5a3,9,True
petra-dp19,1,639,RGI2000-v7.0-G-13-19302,02efdbef0c1e1ed0b0e6ad45cf69b8c719759a28800d5e43336e2cd2c8d07d82,10,True
petra-dp19,1,639,RGI2000-v7.0-G-13-06104,0323f43abc1b1e43ca231c3215db6b7c06cb6150a6b210f4a892cf85ea223d96,11,True
petra-dp19,1,639,RGI2000-v7.0-G-13-19136,0372c56c0d4349e7a1f47dbf81741ff592fa0840f201ce6f5607272e52fd4b9b,12,True
petra-dp19,1,639,RGI2000-v7.0-G-13-06914,039cb839f4cdb87bb0e48472ff5ff47ce2ed18bdad014dae7f4442d1fff83ade,13,True
petra-dp19,1,639,RGI2000-v7.0-G-13-07646,03a641a372942127c43bb6678270da9fca10eee47c4b43f3e77f7d4e6aa54cac,14,True
petra-dp19,1,639,RGI2000-v7.0-G-13-07652,0439daddac2ad448a4d3103c7e70563792abd46264b357dd8c63dbb44dfc6128,15,True
petra-dp19,1,639,RGI2000-v7.0-G-13-07818,04edcb26dc5eabcc14a118dc33c2aef5b8962bbc2b7eae19f362afa33eebed83,16,True
petra-dp19,1,639,RGI2000-v7.0-G-13-06828,04fb1bc0c97c74e908eda6fdbfe2d9daa96377c916f0d215c5989cb5ec367063,17,True
petra-dp19,1,639,RGI2000-v7.0-G-13-07675,0582929c77a4cd43c41379d4685d8c0427cee7af80c8afdaa682158e3fd71cc0,18,True
petra-dp19,1,639,RGI2000-v7.0-G-13-07357,05efd4402ac0b0b13555d71a44b5a8256b3623d10beba211460c9581fb4c76d5,19,True
petra-dp19,1,639,RGI2000-v7.0-G-13-06035,0630c4c4fd90d9698eb5d4742c3be98e6804b4ccf5103b4c9717fca6d7b0765e,20,True
petra-dp19,1,639,RGI2000-v7.0-G-13-06774,06d23a7acc109e84cebf6a1a94542bfd0a1b93c199096162824b8b203d8cf948,21,False
petra-dp19,1,639,RGI2000-v7.0-G-13-07142,073f40cbde7207100fc64c2f06a920b88c998e5e34c91044aa9a13e8f4f8c6a9,22,False
petra-dp19,1,639,RGI2000-v7.0-G-13-07209,07ea2315f818206fa05182287621d8e040cc6a29bed345f9f2bd3f2a3bec7a1c,23,False
petra-dp19,1,639,RGI2000-v7.0-G-13-14976,07f8c0f29e00d2660db531e51866c4e668fb18b757cf50b0ec6a81d7de037a5a,24,False
petra-dp19,1,639,RGI2000-v7.0-G-13-05351,080402e86e9456121f17bb7b1491758c5bd9af9ada689c0f22d89ff176aa63a8,25,False
petra-dp19,1,639,RGI2000-v7.0-G-13-05942,081301f7fd07f6324550b7e82f9666af7ff3a754edcb4ebea6bdc27caddc4399,26,False
petra-dp19,1,639,RGI2000-v7.0-G-13-07645,084a503bd4c89ae381a66ac959af1350bdb4c714a942743556c44b28c778723d,27,False
petra-dp19,1,639,RGI2000-v7.0-G-13-07724,0863cf211982627f32d763bd78d87342387a2346db9d1ae78aae1f7727c4a3a9,28,False
petra-dp19,1,639,RGI2000-v7.0-G-13-19335,090727bb89f2c5d70f8025f077bdf76e5da3a35049a3f226b802947ce365d5b9,29,False
petra-dp19,1,639,RGI2000-v7.0-G-13-19627,09a4ffe7e8c61a4d68a63fa9e20e7a6edbcf3c0493305de204b81f6a8e35f72a,30,False
petra-dp19,1,639,RGI2000-v7.0-G-13-05461,0abb2cd79ba60c1131c67d476d58d90aa45009aaf65fb96aea283b1e2e2e836d,31,False
petra-dp19,1,639,RGI2000-v7.0-G-13-05499,0b2dabf445081f18f039056cb94bf3796b14f4d3e5f752c6905df332e46dd36a,32,False
petra-dp19,1,639,RGI2000-v7.0-G-13-07105,0b8ee61404cd64ad01bd95cff47a34f553d6aeeda62ad7bb4891eb7bdf97fe65,33,False
petra-dp19,1,639,RGI2000-v7.0-G-13-07305,0c2919f2d40e541d7b0109a87204988379fafba9c39d70e9c30e86ef9e1f96f4,34,False
petra-dp19,1,639,RGI2000-v7.0-G-13-05526,0c57c349d9a60e99037367e0850e39155c901e7485bbcc24d48cf3069886ea9b,35,False
petra-dp19,1,639,RGI2000-v7.0-G-13-16884,0cce3ec181f60c0adb39db18550dda8530509e7121bb50c9e980d5443a739f53,36,False
petra-dp19,1,639,RGI2000-v7.0-G-13-19472,0cf6224509a5bead14c430a8669b305e04eff10454f29be2947aa522daa2e97a,37,False
petra-dp19,1,639,RGI2000-v7.0-G-13-07485,0da0ffd24065a5ce8ac9ca74d34a733b13ff139cad16d5ec5a35ea13f440e33a,38,False
petra-dp19,1,639,RGI2000-v7.0-G-13-07273,0dc396df47b473053c4182920f56bc872bfff8236ebe030489fb885e4e6ae918,39,False
petra-dp19,1,639,RGI2000-v7.0-G-13-20024,0f04b0cc55466fcd24963a717227524ba3770ebf0e6f2dcbd14d80df08f5f09e,40,False
petra-dp19,1,639,RGI2000-v7.0-G-13-20740,0f6e40b55a855701fa2e53af534eeb10807fe615eb7aad5b4b44e760c02b0240,41,False
petra-dp19,1,639,RGI2000-v7.0-G-13-15015,100a412251037181c6610300f9d92267fbe1124bb5974fb162a4e5ecc5a512a5,42,False
petra-dp19,1,639,RGI2000-v7.0-G-13-06078,100e3b0c0b01a162c12ef49e7ae49ce1425c6f6507ea8459df7ca54dd7663ea6,43,False
petra-dp19,1,639,RGI2000-v7.0-G-13-14805,102fd63c530141fd13180f14f5cd28562c1528d07a2cbe2922408a62f2a1a58e,44,False
petra-dp19,1,639,RGI2000-v7.0-G-13-06234,103674bb9278908938a9694e38a8598b2452b3809856dbe9768e79c9d20c635b,45,False
petra-dp19,1,639,RGI2000-v7.0-G-13-07205,1168183597ae99681892441da4c71e3b3534d8d84681371827e273a2acf8480e,46,False
petra-dp19,1,639,RGI2000-v7.0-G-13-19566,1334518a790c5e60757e9fde4d8aae7150e71989354ae82165ed5ebf6604d4d2,47,False
petra-dp19,1,639,RGI2000-v7.0-G-13-20080,13e45f2c2eb75e7650c5debd065d36ba1db2a22b5b62aa4bb8fa280fa7118a2f,48,False
petra-dp19,1,639,RGI2000-v7.0-G-13-05543,13fe3a962ba5e9197b49a0131cf778eec3d10714941905d5f462fce297d1794a,49,False
petra-dp19,1,639,RGI2000-v7.0-G-13-06829,14faa0e58de27c865dc84349c54cec1919e780a8cbbe458ef67fb63b4d8e5f97,50,False
petra-dp19,1,639,RGI2000-v7.0-G-13-07144,15bcacd806800e98cb6f09aa7490ddc54a2295b0fc0b463098507452c6c4588d,51,False
petra-dp19,1,639,RGI2000-v7.0-G-13-20043,15bfe71c0d472b5d452ebf51296991e90a460be3b83e124cd803b95bc4e7fc70,52,False
petra-dp19,1,639,RGI2000-v7.0-G-13-07014,161f97236e1df07f3405b8b0c14bbb3c26c6acf6e573b2d048405ec23a92831b,53,False
petra-dp19,1,639,RGI2000-v7.0-G-13-05497,16c7c6182ba4ac23a3f549d72e754601433e056353325d3ca68d3d76045b2b64,54,False
petra-dp19,1,639,RGI2000-v7.0-G-13-19249,1769c232218bbcef3557ba1bad5cc293d78a4f91727acbe5f668967d4d510017,55,False
petra-dp19,1,639,RGI2000-v7.0-G-13-06098,17b28cd8a6f5746dca5e79263ea51c51fd3e7dae1f8b84d5074b0d27d304b7e7,56,False
petra-dp19,1,639,RGI2000-v7.0-G-13-19220,196a61468a48d3eb66ce005ba76260983cb469dce45f2347695c7924fa548167,57,False
petra-dp19,1,639,RGI2000-v7.0-G-13-14929,1acac74ae87f2bc7d3d2e1a53565d2326eb5705ba630a7d17d02bfc97f2879c1,58,False
petra-dp19,1,639,RGI2000-v7.0-G-13-05938,1b132c458404b7c8a72fb6b4ae357145ad5fc402db59c58f0b899ae0f47f56ce,59,False
petra-dp19,1,639,RGI2000-v7.0-G-13-14959,1b9a17412d385cb5a8214c4ad5376990b7b5cc9596e6d18c0dde97f5e4cfb03f,60,False
petra-dp19,1,639,RGI2000-v7.0-G-13-16963,1ba3f415a0ab398961f7bdd1f89961c3aa9f1f2c4cd122cd45ab96ed1d139c66,61,False
petra-dp19,1,639,RGI2000-v7.0-G-13-07207,1bf93d4a92f7abef6a1c859db5366ba861574e956e8c7839c5115583e55df2d1,62,False
petra-dp19,1,639,RGI2000-v7.0-G-13-07348,1c80e0445884c250fc0ad983427cb0f360e442d183650c833f7dfa2254917bf9,63,False
petra-dp19,1,639,RGI2000-v7.0-G-13-06178,1d63abc094548168f53c22301594e093e017baa6e3a25a21b37bffbea05a49e9,64,False
petra-dp19,1,639,RGI2000-v7.0-G-13-07450,1da47dc656674755dabe058a67cba9992a7cf1f550d93c9f74b927ecd0747dc6,65,False
petra-dp19,1,639,RGI2000-v7.0-G-13-19374,1da84579f8f65ca090bae10a064e0ece27fdcbd1ef9f369eef72c0c8cddb3962,66,False
petra-dp19,1,639,RGI2000-v7.0-G-13-16869,1e85ab3d82794d091e2be8a65847defa3af6eb0c8555de477c5258058ba8df34,67,False
petra-dp19,1,639,RGI2000-v7.0-G-13-07132,1ee322eac8ce8ce5c14690b15eb2fb3f9c033a276223055a661c8ffee0b7ebf4,68,False
petra-dp19,1,639,RGI2000-v7.0-G-13-05486,1f08b056a8f8c5cf0d9ccd8fd9d99747cd2063cb7b5d7fbd4f9e74c284cd82f2,69,False
petra-dp19,1,639,RGI2000-v7.0-G-13-19146,1f4dcb64c45fe4ea34763b534809f4abedd8bd49532eb06f7c97d7f45ba274da,70,False
petra-dp19,1,639,RGI2000-v7.0-G-13-06155,1fecc608ab0963fdfa0c61840b313c9d799568152ce8a3795434e16b46ae51d7,71,False
petra-dp19,1,639,RGI2000-v7.0-G-13-05368,20356ac7168dba9f388b0d2f6052f340f8a49ad89714dcffccb91a02f6c37a65,72,False
petra-dp19,1,639,RGI2000-v7.0-G-13-06632,20cdb1ef9a6c2af363296b2b9dab931a6a16585055a542915fb43b29bcbd400f,73,False
petra-dp19,1,639,RGI2000-v7.0-G-13-05885,21631cc88594211bfcd80c5c48ba788a42d4197eb0034553ff4ed885939f8d86,74,False
petra-dp19,1,639,RGI2000-v7.0-G-13-06849,222b31ef265fb4ae9f7878dc52449c59e923a89059adff9b70fc1035d9148343,75,False
petra-dp19,1,639,RGI2000-v7.0-G-13-07067,225fde736d5dd012ab7b29fae5ec7e0452cdb95d3edad69a2d2f01b1b522417d,76,False
petra-dp19,1,639,RGI2000-v7.0-G-13-05648,23665b88894d9e3730fefb2e7dacc9b2daa168e06e8c3e968d2ee069f2c2f1b7,77,False
petra-dp19,1,639,RGI2000-v7.0-G-13-05463,24bf62b9260e7fa16633fca1047b6335471859b9ff95566f5ddfc8d2ef8696df,78,False
petra-dp19,1,639,RGI2000-v7.0-G-13-06102,24cc750d50a23c804a8da9377e35f7a72505dcf75b511b3e5ee3c5d887063dfb,79,False
petra-dp19,1,639,RGI2000-v7.0-G-13-19318,254ba768ef70175a6e604133830bb60c060f6ef563c875408e735109e8282661,80,False
petra-dp19,1,639,RGI2000-v7.0-G-13-05898,276f33f108853c02d07bebf69c9b70d673db3fe3d89b993ce696e7f8df4efe31,81,False
petra-dp19,1,639,RGI2000-v7.0-G-13-14332,27a77989e50b86b7be3431ec139cec94212aae7150c8df486f91fb81a4a27146,82,False
petra-dp19,1,639,RGI2000-v7.0-G-13-17019,282e03f7be08631dcb03621d7c80bc14b537b0e17dff5c4e0bd8c309aa77a7a4,83,False
petra-dp19,1,639,RGI2000-v7.0-G-13-19553,2896f9380b7059b32869b8046f0f2775f302daf959df61d813d4587a95958d6c,84,False
petra-dp19,1,639,RGI2000-v7.0-G-13-07576,28c712c11a925761f018c8d096aed4c2728082202b631abe2fd4db40b144ac59,85,False
petra-dp19,1,639,RGI2000-v7.0-G-13-05359,28f9e3fef35bfcdf281715bf3fd0073a965ac175c105726362bf349174a74ec6,86,False
petra-dp19,1,639,RGI2000-v7.0-G-13-06901,294b2ffc1b016e002b7f1794a98aab940472a94125c835f74df6b6ca8cec0e32,87,False
petra-dp19,1,639,RGI2000-v7.0-G-13-07157,299dd95afed5af5deafd882c95f5c41ecf6678d54853c18ca520abadd9a6119c,88,False
petra-dp19,1,639,RGI2000-v7.0-G-13-16795,29d78a9fe3335a357e01edd266c89f98ef1bc497c3ec313065b673ecd4ceb1ec,89,False
petra-dp19,1,639,RGI2000-v7.0-G-13-07579,2a323e512327d39c7ea8e13bab3d16206d66ca1f41a2863b7bfbc050402270c2,90,False
petra-dp19,1,639,RGI2000-v7.0-G-13-19102,2c25687121e0038ee6d95194b15cf7e14dae48b987fb77c66cbfc83f7e5db39e,91,False
petra-dp19,1,639,RGI2000-v7.0-G-13-14931,2c27f6ac847a587db802620f8a3052a326b63db55790e081c8bac75fae3b8b44,92,False
petra-dp19,1,639,RGI2000-v7.0-G-13-07407,2c28de94bee743bc77a72097f234d9be2d16e2c916503b1210fa02ae13943ec6,93,False
petra-dp19,1,639,RGI2000-v7.0-G-13-16892,2c54e330786ae98594b2186a9beeb6cc7c50dab05fd3fdc09259929068269a7a,94,False
petra-dp19,1,639,RGI2000-v7.0-G-13-06790,2db1abe1e28783212ea1b8709fa6c2335f214a3c2514eb7257dd064f3b1c4183,95,False
petra-dp19,1,639,RGI2000-v7.0-G-13-05515,2df51ada71bc5ecaf7dffad0c50de191170161148859c87236154d4b0f6c94f5,96,False
petra-dp19,1,639,RGI2000-v7.0-G-13-16266,2e19cf8c7230057ae05bd8c174a730178adfdee0f98aa3b717a328b713c59112,97,False
petra-dp19,1,639,RGI2000-v7.0-G-13-07202,2e506d2803f7fba7526c32b49031c3c709cd83e11b08005d95503b3d80584aa9,98,False
petra-dp19,1,639,RGI2000-v7.0-G-13-07597,2e842c5415714fc311b3765d4085d5985046f9b2297fd7d3a988c949596ec9e9,99,False
petra-dp19,1,639,RGI2000-v7.0-G-13-06954,2ecbb5bf02486be49990c05cc0351478d847eb7472c89d5990800a6d34f35a88,100,False
petra-dp19,1,639,RGI2000-v7.0-G-13-07208,2ef1e62ae4a99096f872ae7e93b873ec5ab7ad84e5fc90505f71e0853e7b09dc,101,False
petra-dp19,1,639,RGI2000-v7.0-G-13-19541,2ef47b3c7fd20b5f5dbb5b5786e5aee90e8760280f1489b0f86ebefeaff31932,102,False
petra-dp19,1,639,RGI2000-v7.0-G-13-05987,2ef5edb8616b71bcdb621a15cf85466eff8609ffcbcd1af33ae0854ce4de5891,103,False
petra-dp19,1,639,RGI2000-v7.0-G-13-19441,2f6efba08b5891b136a948ce1c3ea9772cc484b0bd72e55d9f6e3afb5a831b20,104,False
petra-dp19,1,639,RGI2000-v7.0-G-13-14963,2f7834e668016343c32bfa77bc909ce5536c0d722a98293bce191341de4c36c5,105,False
petra-dp19,1,639,RGI2000-v7.0-G-13-06799,2ff4464b38efe080c8d22d92f15728caa284a37038c886952692de8dbe3bbf9f,106,False
petra-dp19,1,639,RGI2000-v7.0-G-13-16950,3217aa61a6f81732b51a1d884870e93aa8a3921daaab88816f494aa7fafc2a6a,107,False
petra-dp19,1,639,RGI2000-v7.0-G-13-07025,325b97aa2e246b92555a894def0cac2e82892a17d72b64e1f6a18cc9f8f7f90f,108,False
petra-dp19,1,639,RGI2000-v7.0-G-13-07298,33c3db0a4e8b88a7336b673feeededeb4571dfb95ff7a92c016d20466277f002,109,False
petra-dp19,1,639,RGI2000-v7.0-G-13-05658,340e12ad95aed35c27bb215714e42ee9592a8fab67511ef551192a700e900c17,110,False
petra-dp19,1,639,RGI2000-v7.0-G-13-05450,346a59dfa89d6fae683b93ef19bc43295196fce1859e73d51bd18c7534b158d8,111,False
petra-dp19,1,639,RGI2000-v7.0-G-13-20060,34871035816c1b26a1ce8468d2f3e827fcfd4ee91dc6b173942eadb7da124030,112,False
petra-dp19,1,639,RGI2000-v7.0-G-13-17085,34b26ba191db597599000fa941dd75f5d635f0da9d08601cbb19860425bd1664,113,False
petra-dp19,1,639,RGI2000-v7.0-G-13-16626,35cbbdb5d3a93c391c4cc1425972fb2963902ed030523cf2c80896ad69ee66e5,114,False
petra-dp19,1,639,RGI2000-v7.0-G-13-07048,35e577c47c8cfcd2f81b6bbd7d36ddc6c33a1567123f1ea682dac8344d535ac8,115,False
petra-dp19,1,639,RGI2000-v7.0-G-13-19461,365fced42972f4e4d025a144db4d2e92b1e46fc46fad5870723c441137ebe0ee,116,False
petra-dp19,1,639,RGI2000-v7.0-G-13-05394,3695d24aeec6a5dd76d7d990c737b7fcf1b91874827fc8d437a2a95fe78b095c,117,False
petra-dp19,1,639,RGI2000-v7.0-G-13-07703,36eb1bb8a7dfa51e0d24534739ab86abd9262299d23c4f8fa0ae6be9f012358d,118,False
petra-dp19,1,639,RGI2000-v7.0-G-13-06895,37b43c00afddfa24abe3804e187d5a7c3d33e0c2668ec5846c381511600a56ae,119,False
petra-dp19,1,639,RGI2000-v7.0-G-13-07603,37ee27f0940dd93a948ee3482f989a82aa3a2b7735cd29a28a8ca3d611238d88,120,False
petra-dp19,1,639,RGI2000-v7.0-G-13-07107,38317affc07622220bee81037ba504c1eb9e3dc5b98d1bd7f7a80a9272f3c5c2,121,False
petra-dp19,1,639,RGI2000-v7.0-G-13-16903,38a6cf29944b339250fe3f085f9dd9eae5f98e6a536d6b6486c18ac855f9ffb4,122,False
petra-dp19,1,639,RGI2000-v7.0-G-13-06190,3953b1f584e232b421dfce93a7efbc44ef06da509793aa95326c51e0ce993536,123,False
petra-dp19,1,639,RGI2000-v7.0-G-13-07330,39ad0e05c5ac0584317a70668946f4873ef521f8b0d4c8999e5e9044231f55bf,124,False
petra-dp19,1,639,RGI2000-v7.0-G-13-05472,39af536b113dae097601073bfa2ed8d16da9c4511f933ca62085e51348e028d8,125,False
petra-dp19,1,639,RGI2000-v7.0-G-13-19412,39b037094dc81d85f87a1c686aa911943f19243aa79bf3d4c60b1fdd78760939,126,False
petra-dp19,1,639,RGI2000-v7.0-G-13-19548,39e3639554b0d99c165d613f11eb5e4e616ccd4e5549a038a8979fdcea2c7a12,127,False
petra-dp19,1,639,RGI2000-v7.0-G-13-14932,39ecd112a94da7796e512d752a0367550ec0bffb7e3ee26632c1a785e7cd4438,128,False
petra-dp19,1,639,RGI2000-v7.0-G-13-06819,3a5cf201858e6f2d20f549078e8d83c860678babe048426010d4e0b901b598c6,129,False
petra-dp19,1,639,RGI2000-v7.0-G-13-19204,3a709e80bec93b4fbc7bba4bf9c8bd018132e6fe6603d522148b7dfc33e5521e,130,False
petra-dp19,1,639,RGI2000-v7.0-G-13-19361,3ae1f51787548a3dccaac2b0fb28f98e33c7a4823ac8d21a754fd825afd367d0,131,False
petra-dp19,1,639,RGI2000-v7.0-G-13-05945,3b00357d9d7f7de3eaab47766bf0852966403fcca59bfc93f57916563149c44d,132,False
petra-dp19,1,639,RGI2000-v7.0-G-13-05487,3bb8eb73c899d7c3652a1d3879a2e4806c5273e4e3e2e76784d34faf1dffce3e,133,False
petra-dp19,1,639,RGI2000-v7.0-G-13-06862,3c1c3239aff22291b272b0a3651e562abed8ac9d3411ad82543a5f314a029d36,134,False
petra-dp19,1,639,RGI2000-v7.0-G-13-07733,3c2f1a353fde0d074783266b49cd06f62401b2cad7d8fdc890c42b2d06ff9c63,135,False
petra-dp19,1,639,RGI2000-v7.0-G-13-06725,3c89934065f86e402878eaff02df3efa86c9ca6c6555a9cab7a29c9a773d8947,136,False
petra-dp19,1,639,RGI2000-v7.0-G-13-05346,3caac560889ecd1fc37f31ff8c4e9a0f0b7207a703f13538c1a69dd0029c322c,137,False
petra-dp19,1,639,RGI2000-v7.0-G-13-05467,3d09810aa5f553e785a5a8d5069e79c90740b1266c882c700d5a7312ed32c581,138,False
petra-dp19,1,639,RGI2000-v7.0-G-13-19251,3d9482ce1fdd04affcfd869ca44154c335e36f79eef209bb6273ee89c4f3a24d,139,False
petra-dp19,1,639,RGI2000-v7.0-G-13-16896,3d99ac125e6806cacb6f2a43ecedb371d837d25e30dcf8612eacc0bd2eda7ec3,140,False
petra-dp19,1,639,RGI2000-v7.0-G-13-07108,3dae15f003047e9024ecd44fd549239300bc14c2db2db2860976586288740ca0,141,False
petra-dp19,1,639,RGI2000-v7.0-G-13-05774,3dd6a4eb65f36bfb92f73f5cc1d0b4bebf1354dc6b3dbbe509af8641c0440d6f,142,False
petra-dp19,1,639,RGI2000-v7.0-G-13-19333,3de68f93445007818f675c6cb199b6d2e03acb014589ef7022b577718ba2b9a6,143,False
petra-dp19,1,639,RGI2000-v7.0-G-13-16283,3e497052b4b0eca1f802c8a86be0ffe22fad9e9bc0b521b8fb86343b4a54cf36,144,False
petra-dp19,1,639,RGI2000-v7.0-G-13-05749,3eaf7d918201ec8c4d71928eba611fc47dd379f1809a41d8a105936ab2ca7b69,145,False
petra-dp19,1,639,RGI2000-v7.0-G-13-05564,3ed8728e25da44b468f54f1c6ed2d155b818df5f8fb83d7090dc0054b25f473e,146,False
petra-dp19,1,639,RGI2000-v7.0-G-13-06738,3f1a0323851ebd499fd7091768b3dea8bc821b94760ccb563a426e83e65cf0f6,147,False
petra-dp19,1,639,RGI2000-v7.0-G-13-07343,3f3f42f779514a8a070e938e940b64b787b6ac1d008afe1ffa7492e4bc501d07,148,False
petra-dp19,1,639,RGI2000-v7.0-G-13-19478,3f5055020f83272a2a24d4134dd9d7ae81453f5dbbf68d0558863fc44b5abb60,149,False
petra-dp19,1,639,RGI2000-v7.0-G-13-07322,400e274c5b284b719094eaa032ea72a9ee2d5bdc5f1ed2d036d179f485636a03,150,False
petra-dp19,1,639,RGI2000-v7.0-G-13-19476,4055279f6d543fdda83783d362eb3b4378d69e0f4512d280afb426f3817b34f2,151,False
petra-dp19,1,639,RGI2000-v7.0-G-13-06042,40822a84d1f4d4b1fcc773f096bfbefa74a787ad24edcc89dea53e7f20d89bc9,152,False
petra-dp19,1,639,RGI2000-v7.0-G-13-06800,4161b32af4433e35acfb30bf24af937c581014c9f8243d041f111bef4912c759,153,False
petra-dp19,1,639,RGI2000-v7.0-G-13-06072,42e9159e2428281508d8abfe120a155b4a4c1d90b783b7df018778e46bc4179c,154,False
petra-dp19,1,639,RGI2000-v7.0-G-13-19103,438ec542a3b938273059ef82c3c255f0f23536224fce2609c600ade9763cdc27,155,False
petra-dp19,1,639,RGI2000-v7.0-G-13-06354,43aa29a48e9521f8b7be61d5a5c12ce4d9f2757302ca759e7b56a23beade2e6e,156,False
petra-dp19,1,639,RGI2000-v7.0-G-13-14933,445640c5093465e6e6cf04fbb07b11e47c8f86df5958bc0252e3be98e4087883,157,False
petra-dp19,1,639,RGI2000-v7.0-G-13-06066,446a9745f8a95b9118a787cfe399a42ea836ae978a25af28ed7066ab93543d4a,158,False
petra-dp19,1,639,RGI2000-v7.0-G-13-07333,446db2800de75bb9189e702c3e555aa12329e5a966ce17b4d89fff1de1be6857,159,False
petra-dp19,1,639,RGI2000-v7.0-G-13-07258,44d1eac79b4534a9a2acc69f3835b6676ab2687d4a3a29d2e41668683e56254f,160,False
petra-dp19,1,639,RGI2000-v7.0-G-13-06224,4545104dc0ef8f140cce303976d80682c5074b5bc70428e2388e69b7f92e0437,161,False
petra-dp19,1,639,RGI2000-v7.0-G-13-06928,462df2ef325fa18eded9ca314f2b0691c7eba4f25a1efbeba63985a05a832c27,162,False
petra-dp19,1,639,RGI2000-v7.0-G-13-07410,4654847421ab10ae1fc94c17498101c91ff9cb471bf30b88c9cbc83c6e12a230,163,False
petra-dp19,1,639,RGI2000-v7.0-G-13-14927,46b512a155e66e84f3867a6baf32ec4de11334db7dce37ad4ccfeb9393b14c84,164,False
petra-dp19,1,639,RGI2000-v7.0-G-13-05533,4776f065e26c713dceb84cf34a9627e575e37f92136cb51440916787062b1fec,165,False
petra-dp19,1,639,RGI2000-v7.0-G-13-16923,477c9e43b10e130eb8d93b9c5d7a6547a8ad1baaae04d1eed4f9853f142db437,166,False
petra-dp19,1,639,RGI2000-v7.0-G-13-05454,47cd6d9ceb328bdc3570c00bc8408ea113c8b477533972defc8ba33e33b06995,167,False
petra-dp19,1,639,RGI2000-v7.0-G-13-16789,48ee258b0ee4d23dc2d6b4884ed9c8fb4122362c57e7c19ad366d0dc09d66eb3,168,False
petra-dp19,1,639,RGI2000-v7.0-G-13-06952,48fb32521a655a58d7072a428c2fdbe648b4425c72eaf54fffccae4326c2fd6c,169,False
petra-dp19,1,639,RGI2000-v7.0-G-13-19038,49bc521769744c76bddd7a882bec98ddc380d4cdb1ffe8c0216a40a42c31d42f,170,False
petra-dp19,1,639,RGI2000-v7.0-G-13-19889,49ebc2baa216286d2c9b57e5f4759c649e193485aa626ef8bba50e142f6562a5,171,False
petra-dp19,1,639,RGI2000-v7.0-G-13-07339,4a617ec08a2e90077ac32c2ff516ecf270bd28043800bb2c7f8958476e6d8678,172,False
petra-dp19,1,639,RGI2000-v7.0-G-13-07242,4aebed245e1128a78b2c26d65559ca307e7030e8f908b08919d21e9598460d5a,173,False
petra-dp19,1,639,RGI2000-v7.0-G-13-07118,4b54015dca169f75c7f0f19e7c465dfd416fce32a9244771167a433e44d303f4,174,False
petra-dp19,1,639,RGI2000-v7.0-G-13-06071,4bd1f8ea7efba607c28cf1767aab7985718fa39d34da821ebbea96271aa4684a,175,False
petra-dp19,1,639,RGI2000-v7.0-G-13-19286,4c0c990e388de262e45b5c8c1840963624fd8851be3b4c8dc630ea679c8c7f08,176,False
petra-dp19,1,639,RGI2000-v7.0-G-13-06141,4c1b8669189b3f089899a9bf5c15c8fa7d03a81822e1296cd05a84730eddf9c8,177,False
petra-dp19,1,639,RGI2000-v7.0-G-13-06844,4cb6f0347d964add1de995e06c3e537e228e86e8cd499d150ad7f1b40d7f5848,178,False
petra-dp19,1,639,RGI2000-v7.0-G-13-19570,4cd97498c41ed3ab47a601aeb55dd79613a1c9046cc7d698221648d01af44e2e,179,False
petra-dp19,1,639,RGI2000-v7.0-G-13-06393,4e103ada4d4c0c738d5a98486bae0167c306010d8933c96665e2e01c3cc63e1a,180,False
petra-dp19,1,639,RGI2000-v7.0-G-13-16919,4eb12eb7552d87998119ae4af75930fd3ec66896ede0c0215ec26f413ed2b6c8,181,False
petra-dp19,1,639,RGI2000-v7.0-G-13-07115,4eb413c4042283f9630e560299e5c97beea5ebb9158a780f3eead79edb29860d,182,False
petra-dp19,1,639,RGI2000-v7.0-G-13-06264,4ed049b59432d238d070eb4a4b8fdc137cfc526338656aa589e20802bfa87a96,183,False
petra-dp19,1,639,RGI2000-v7.0-G-13-06277,4edf1d98c018df98c67e9515b8a0d0018b56be4d4ff2a56c90c6138291569de5,184,False
petra-dp19,1,639,RGI2000-v7.0-G-13-07259,4ef9a9d2835fd7793a4fd4c7052cc38ac2add3712ea7b7077064ea6dd6d3cbea,185,False
petra-dp19,1,639,RGI2000-v7.0-G-13-19473,4f617f4e4854181276591055f3631f541dab6030bd77771cb0c92b0b9e6b0f19,186,False
petra-dp19,1,639,RGI2000-v7.0-G-13-19569,4fb4412fb2d3f9d6c89ad3e912f891d5b1e3a717e51fce9ce5a834fc9b38df88,187,False
petra-dp19,1,639,RGI2000-v7.0-G-13-16917,4fc1e36a4f2a7819c2468501e8148df1f658ee6fc6762f1a58f5bc7c70edb2fe,188,False
petra-dp19,1,639,RGI2000-v7.0-G-13-19137,501422ef0d27ab7d86498cdf65ce9d7eb7d407591beffa893fac34724fdbb94d,189,False
petra-dp19,1,639,RGI2000-v7.0-G-13-07405,5023453a032469bbe928f589321dfa946183108f7ece3546fb301720ea86e24e,190,False
petra-dp19,1,639,RGI2000-v7.0-G-13-07828,50270adaf5b2d78c871ed4f8af5a7990789c2db7a9da448f7cdc2dc45782df6c,191,False
petra-dp19,1,639,RGI2000-v7.0-G-13-19500,503eaae462de88c19288fb0a168158879f65794dfbd7d2ecae21d120e186e161,192,False
petra-dp19,1,639,RGI2000-v7.0-G-13-14972,506a49849879a3d3e0cb1df69ef426a902b86ae6a3aaf1fb06e5af5e2fcc6f7b,193,False
petra-dp19,1,639,RGI2000-v7.0-G-13-16934,5173c0e3c39f85436d10e2b674285e51bd14f3846b30e634a21801f21ba81d7c,194,False
petra-dp19,1,639,RGI2000-v7.0-G-13-19188,51ec02b345258fcbd9675a408ecdaa679e8eff9b5f029488ee29a110d9706c9b,195,False
petra-dp19,1,639,RGI2000-v7.0-G-13-05901,5248b579dbca6e34638beaeac5af89663ea8a32713fa04bcb7423e5443602150,196,False
petra-dp19,1,639,RGI2000-v7.0-G-13-07437,52744442378e11979e48af926c6fa0a89c9f9807f5e05671f8e6ea82d3c3c1ab,197,False
petra-dp19,1,639,RGI2000-v7.0-G-13-07736,52ed249b034d48779c6fd53080847fced6bb1a6f57d9e3e861877cf6724340a5,198,False
petra-dp19,1,639,RGI2000-v7.0-G-13-14616,542a8ff6b2c47fa5775f654779a47b133f4451373d6b57105742e17576f2c687,199,False
petra-dp19,1,639,RGI2000-v7.0-G-13-14334,5686c3dc671ee22689b299c1882071fb0a10a13720736120c330fada5c4bbb80,200,False
petra-dp19,1,639,RGI2000-v7.0-G-13-07097,5688a05007ef5df399b2b3b541049d6858795a76e9460dca25148f59d6565ec9,201,False
petra-dp19,1,639,RGI2000-v7.0-G-13-07381,56aa081b48c0acdc20d38eeeee42c9f573d06344025839d10992c93375902a8b,202,False
petra-dp19,1,639,RGI2000-v7.0-G-13-19340,56f0ba4510396c5a8612d0e4e98a0199e1dca1842a8f7b3eddc5d1694f5bc08a,203,False
petra-dp19,1,639,RGI2000-v7.0-G-13-05429,57603eb7c51cd7e6682c1b6b4b0a2fdd4e0becfc9077965b884eeaf73e683637,204,False
petra-dp19,1,639,RGI2000-v7.0-G-13-05558,57e18a22fd186d48bd0ac6a340544df366f26d11a838c1da4792cabf3f9ea6fb,205,False
petra-dp19,1,639,RGI2000-v7.0-G-13-07340,583d06ddd1a0cfe756e7e6927c78f76f888a3d809be32f25cf9c14fec08e938b,206,False
petra-dp19,1,639,RGI2000-v7.0-G-13-05651,589f06b3ffdbd89fc7e350d2df34b817bbc93f663eaf811152badc9430d7c30f,207,False
petra-dp19,1,639,RGI2000-v7.0-G-13-06974,58bf225dd448cb7eb9ddd499dde55ab3b52039aff68bc39490905e7c856e5722,208,False
petra-dp19,1,639,RGI2000-v7.0-G-13-05988,58d8160aa13281ebda8c18122c9ca4d36507743253573912c23494704eadec16,209,False
petra-dp19,1,639,RGI2000-v7.0-G-13-05373,593beed7c63f9ccee0f1c676afb9cc5228b6dbfe11f519ec260a7beb24a71653,210,False
petra-dp19,1,639,RGI2000-v7.0-G-13-06989,5940249bef0be4df663d75848fdb290b2406e5fa14a7f2200b810f2f58c11588,211,False
petra-dp19,1,639,RGI2000-v7.0-G-13-07436,595e00663cca81d29128e19896ad45822e9d97f681aeb72ed5545ddd0ee83eff,212,False
petra-dp19,1,639,RGI2000-v7.0-G-13-08246,598113f16c720fcdcf2c6079b31848cafd99b713eb20f8d7e401f755ce79b663,213,False
petra-dp19,1,639,RGI2000-v7.0-G-13-07632,5985389d05028ca64365dfaf55762f28b8138ed3fba274f3bf4c23e3ac6100c0,214,False
petra-dp19,1,639,RGI2000-v7.0-G-13-07631,59d9e83e7013715c088951deb07acbb3ea456d85e791a4049433aff52d8e6b5a,215,False
petra-dp19,1,639,RGI2000-v7.0-G-13-07816,5aa9a3a41350359722487037e866d91b4bb4b50545ff9dae1ff3d434ebf80025,216,False
petra-dp19,1,639,RGI2000-v7.0-G-13-07015,5aac5bf400f2ddb629684246958f715e01e5b76e8034eaedabbaf867447e426c,217,False
petra-dp19,1,639,RGI2000-v7.0-G-13-07466,5ac1b4f4bc5c964921dd5432e61482bf5d77654b82b3103d455ed7145c8c0b48,218,False
petra-dp19,1,639,RGI2000-v7.0-G-13-06750,5b06ec6af8629da640e2b3386fa66802aa98fe7a7e7be1bc3fceaaea9dc27838,219,False
petra-dp19,1,639,RGI2000-v7.0-G-13-06249,5b31935c96bc1ee096f7143c00c42a18b6be290500d094d4fe7f81b1c5179bba,220,False
petra-dp19,1,639,RGI2000-v7.0-G-13-17749,5b5c42cc7b65ac40e7451f89f8b0956b87d888e00c162a5244b1a6c3400aa04a,221,False
petra-dp19,1,639,RGI2000-v7.0-G-13-07664,5c9739269410bf6622e6f782fe23d95f1821999ca3006a1a26582faabca238a6,222,False
petra-dp19,1,639,RGI2000-v7.0-G-13-07028,5d5a9374567a97ca8f7b0c3117aaf0065c42e4369d1961c4365ffb9bcb14b6b1,223,False
petra-dp19,1,639,RGI2000-v7.0-G-13-07056,5e3d6d48775bbfccdee649c669ccdbb3080f9e2355323fd5589e41596f508b98,224,False
petra-dp19,1,639,RGI2000-v7.0-G-13-07074,5e5c6cf37d7e0d57479c53d6111b76caec34fee69d06320a656cdc2cbff4dd79,225,False
petra-dp19,1,639,RGI2000-v7.0-G-13-07514,5e709ceee0f34ac48cf6c81f3c0e57473674c02c1c04317bbc64a96c91bf70a9,226,False
petra-dp19,1,639,RGI2000-v7.0-G-13-05345,5f7a300f4e69be6d94d9c355b7105a3ebdfaef49d26162686e469202b1526208,227,False
petra-dp19,1,639,RGI2000-v7.0-G-13-19494,614526a0e185b71732a082fd4bf15cea9ec7cc4d2d29fb80241be13281b89037,228,False
petra-dp19,1,639,RGI2000-v7.0-G-13-05869,615683202a395cb006b4a1a7f72722f310a09a5228d5ad4660df7e5269843027,229,False
petra-dp19,1,639,RGI2000-v7.0-G-13-19557,61766d61c6a24b1ef38d2ba55c239f82c36d19eacb806837e902315724a51eb4,230,False
petra-dp19,1,639,RGI2000-v7.0-G-13-17922,61c8cf79bf19e7216f16a6cc942056f268dbf2c045b17fe87ff63e57669df74e,231,False
petra-dp19,1,639,RGI2000-v7.0-G-13-05372,62a28654161676fe33b32397cb5cf3ad81050b8f47092946097081594f63e44a,232,False
petra-dp19,1,639,RGI2000-v7.0-G-13-05509,62c6ecbf14a5521cab025c1a2776f6688a7afc16c3a2ee3a22c173457abaac9c,233,False
petra-dp19,1,639,RGI2000-v7.0-G-13-19377,633456181be2608737578c889eb55fd2b6ca82ef435c458ee1330ee7433baf3e,234,False
petra-dp19,1,639,RGI2000-v7.0-G-13-06813,6356a115f205c33c20af7417f089bd640b22bbb99bf4c56558adb001b3438b5c,235,False
petra-dp19,1,639,RGI2000-v7.0-G-13-06998,637ddac5308143b9a990f20ecf8bf4f9ff65c5106a032208e34e7ac2c0b0df47,236,False
petra-dp19,1,639,RGI2000-v7.0-G-13-06360,63b657f92ec965aed50717f1e468590e4882b9d7b44e03c715301eb20076b6e3,237,False
petra-dp19,1,639,RGI2000-v7.0-G-13-06096,6474daf01d664458f1b3391b1c335ae157d86f083da96e47dc3510787c516faa,238,False
petra-dp19,1,639,RGI2000-v7.0-G-13-07114,6550fda73cac67fcfb5710cc7385be28ec60669c8506771fd14a7039a297476e,239,False
petra-dp19,1,639,RGI2000-v7.0-G-13-05344,655fb68bf1eda3d43388e75dce1c6d2cca858780e55161743b99aad3d5343679,240,False
petra-dp19,1,639,RGI2000-v7.0-G-13-06355,65dab642d5b18365060d7f61974a31a62f81da0b7cf539535ce3d8ba9a042ed7,241,False
petra-dp19,1,639,RGI2000-v7.0-G-13-17020,665374e858b0acf8443a37196196eaae4cde9047bb3485879699aad9e0fd2914,242,False
petra-dp19,1,639,RGI2000-v7.0-G-13-19344,6665c51c74da6722ff4dd7adc48ef3dd1850ba8c19e61fd8eaf08b4cf130bd73,243,False
petra-dp19,1,639,RGI2000-v7.0-G-13-07233,66a59ad27e5c65afdcf19272315ce04c0d0864163fd9d0f121481763884f86db,244,False
petra-dp19,1,639,RGI2000-v7.0-G-13-19178,66a6e71ce3c77de677ad6638167bb9b4b64e5917ba9589e3ef37fd555f87e2b6,245,False
petra-dp19,1,639,RGI2000-v7.0-G-13-07351,66a8089521b8e4ad4848c15e69811713a3dc981b9ab219679d877cb64af3fa75,246,False
petra-dp19,1,639,RGI2000-v7.0-G-13-06340,66b0acc28aff789e5c267e5dbddfebd0cdaac9a20d7c6fd26c619386f22d8aa7,247,False
petra-dp19,1,639,RGI2000-v7.0-G-13-16834,66c479970975d9d9a65cacc6db3004952e51055acc8bbff16d5df3b857b02d56,248,False
petra-dp19,1,639,RGI2000-v7.0-G-13-07356,670579481c12c4359e2e16009691d0f52961f1df6154e0288656cbc603043d5c,249,False
petra-dp19,1,639,RGI2000-v7.0-G-13-14923,67c70e607871f9c4b60b68a37405df9fec5beb2646594dcbc931f227976e3e9b,250,False
petra-dp19,1,639,RGI2000-v7.0-G-13-07039,67d40b79e710da2e6cce93c7e813933a0f39b32c23d4806b010531c17fe45ee7,251,False
petra-dp19,1,639,RGI2000-v7.0-G-13-15985,6920001798105d0fea26e50723945a64b1bbb3c1c275cdb5d5579da541f47eaa,252,False
petra-dp19,1,639,RGI2000-v7.0-G-13-06119,693818549860b608af6bac8fc620960168818cd1f097aa9d86cfdd12daf511ce,253,False
petra-dp19,1,639,RGI2000-v7.0-G-13-07365,69c272b317acfce27c875d1b9677bb65ad0c61d9ea7287e4d71af7c9cce19af1,254,False
petra-dp19,1,639,RGI2000-v7.0-G-13-07454,6a6112140e98bf3bdc6ae5fcf4ae9f2a6a5cc0672e9d5a761f4d0317be4e2aa5,255,False
petra-dp19,1,639,RGI2000-v7.0-G-13-07341,6b729a5d1e3dd8eda3d3168c156afe46cbf3503f7efda147cc1b9945006d9a27,256,False
petra-dp19,1,639,RGI2000-v7.0-G-13-07131,6c18d94aa72c1375aba6385ca397696137e56bec45d16123a78fc224c174ac1e,257,False
petra-dp19,1,639,RGI2000-v7.0-G-13-06620,6c2a465fa9325f250f15a34b31df95b58d8e6db0eaa9b18ddcba093b39ba8b30,258,False
petra-dp19,1,639,RGI2000-v7.0-G-13-05536,6c73a8e02d1f7b6b1b82a425fc151e0182fd7c248cceca6f3067961c1c27c276,259,False
petra-dp19,1,639,RGI2000-v7.0-G-13-06212,6d0480ee46501bb4e2eaa229125c81cd17e65ae318ef20c21af34eea9c585c67,260,False
petra-dp19,1,639,RGI2000-v7.0-G-13-06848,6d6fad42f14929072488a6e1b617ee765d0a843fb109ab981df452dad7b5ffc8,261,False
petra-dp19,1,639,RGI2000-v7.0-G-13-19471,6d813f126178af5bca2d7d1bb83df3c8d8b485159e9ae873da68af99f6d6600e,262,False
petra-dp19,1,639,RGI2000-v7.0-G-13-07027,6e7c619e64f40d902ec519bd5c82fde76571f8d9c450cbac71c264cd4d1d3e97,263,False
petra-dp19,1,639,RGI2000-v7.0-G-13-07086,6ebdf660c8b4331e4ab0548e57666e493b553ba98f41111e76edeb1e0a222fc8,264,False
petra-dp19,1,639,RGI2000-v7.0-G-13-06311,6f2e5eb4038211216b0febcb239a4c561d35270feb9ce4f0ee6526d3c99196a5,265,False
petra-dp19,1,639,RGI2000-v7.0-G-13-07651,6f73afe7037d26ecf50876515deba809ae6471d8f6920cd937adb9fcc277cc94,266,False
petra-dp19,1,639,RGI2000-v7.0-G-13-06093,6f8e5c51bdd2f33fa68e2d057832ffc9c32526fbcd81c8c3ca153c509b268972,267,False
petra-dp19,1,639,RGI2000-v7.0-G-13-05557,6fbb2373085b6c6c603d524dbd5eb87e312c0722cf4172f48d71bf0a0e6c87b3,268,False
petra-dp19,1,639,RGI2000-v7.0-G-13-07061,70297cc7c8ebabfa00a735d015cc77cd43cb0d9034fdf4ca04e4a03ebea41c13,269,False
petra-dp19,1,639,RGI2000-v7.0-G-13-19459,70b42eb40d8f94e3804a7763400cc1ab0470dc9b3cbf4157b7cdf65a2840e874,270,False
petra-dp19,1,639,RGI2000-v7.0-G-13-07678,710a306409945f31e65e829b29a7b3b8e58f90921298ffd2105ef0c37c0d8a1f,271,False
petra-dp19,1,639,RGI2000-v7.0-G-13-05376,7177cc889afd3039d2e06a8ddc21e4531db0644d53e283a1605682cd06118a06,272,False
petra-dp19,1,639,RGI2000-v7.0-G-13-19417,725e4274079ab618d8c83bce95dfcaa93a8a094f9689f21f0a54f4101a6bfdb8,273,False
petra-dp19,1,639,RGI2000-v7.0-G-13-06077,726dfdb80f0911a7e22a01e6311b70bacf783e1aed91afb8ebb2bd250b567389,274,False
petra-dp19,1,639,RGI2000-v7.0-G-13-07158,7295a244de9487e44a4e3929755d15a83537e2e0027e17e3c75412dc00dff750,275,False
petra-dp19,1,639,RGI2000-v7.0-G-13-05430,72cf67b4bbd2882ad39168313a2c16546da1fef37498d51c818cf6917dcf98b0,276,False
petra-dp19,1,639,RGI2000-v7.0-G-13-16301,72d3d32695ca96f2ac7e9fb4337e5391ac2a67fa7c724ae4b9b37ae98c3547b3,277,False
petra-dp19,1,639,RGI2000-v7.0-G-13-16906,736b08f66087e6febd16c1149c27fc96feb2436d86e0e5b89b108279c33c2470,278,False
petra-dp19,1,639,RGI2000-v7.0-G-13-06726,736deacc3965c595243ed438300b7fabb70d574f547df1aaa229b96bea3dc1d1,279,False
petra-dp19,1,639,RGI2000-v7.0-G-13-07099,7468d4c6186bbdfa027547baf7df62183395d345deb21afb1f04428246047384,280,False
petra-dp19,1,639,RGI2000-v7.0-G-13-16868,74966996f729222da172da14e2a86666b6d0c8a5730866c59deff26079b90682,281,False
petra-dp19,1,639,RGI2000-v7.0-G-13-07394,74c3cc3a4a4974fc5e8ee961b67a123ee730e035376bc9606ed5d5648f737e74,282,False
petra-dp19,1,639,RGI2000-v7.0-G-13-07377,7515f64d406b4c8b12c945d00e76dbd67fca1b74576761c77c4c3b3f104b9ee1,283,False
petra-dp19,1,639,RGI2000-v7.0-G-13-05544,7530d860911377f503ea6aca01dcdb29abee7834100134b90c562cc2e5540e33,284,False
petra-dp19,1,639,RGI2000-v7.0-G-13-06934,7671205af826ba159e3f4e229b9d5051cdcf536d7de22b6a921ecabf1bd01d1f,285,False
petra-dp19,1,639,RGI2000-v7.0-G-13-19244,773b757ed21a50bde04d4a9a4cbeb4381ecd3283fb04791d8f8ca3ccc6406963,286,False
petra-dp19,1,639,RGI2000-v7.0-G-13-07111,774319b589bae3fbc65c0b11cba2c8488b342d6d22862066598dacdf4a28ac3f,287,False
petra-dp19,1,639,RGI2000-v7.0-G-13-17723,7811bd0eb42594c73eff34442b2903da98aafbefe1431f1b887dfb2347609695,288,False
petra-dp19,1,639,RGI2000-v7.0-G-13-07199,7884661f3f3787e38c53903a3b9ba2a387bb3183cc8a4cb60a1ffd0148f4f3bb,289,False
petra-dp19,1,639,RGI2000-v7.0-G-13-07201,7887cf5f67b1b93f13adec4821acd9b6ef8109f873136fad19146a00d7f7278e,290,False
petra-dp19,1,639,RGI2000-v7.0-G-13-07221,78a20c176aa9b6e8412588ec01cbc2b49ee464ca29f0ca7fc122e113e242c3fc,291,False
petra-dp19,1,639,RGI2000-v7.0-G-13-19250,78e361d61713c29faad5159076eb4a183fde3bb10c453c2eac51ed274a110ab7,292,False
petra-dp19,1,639,RGI2000-v7.0-G-13-19456,7934560403e934a73e64889ed5ff3a234b6ee8b463c558ea428cf2467443a7c4,293,False
petra-dp19,1,639,RGI2000-v7.0-G-13-16841,798a24a482939adbec300fbba57e592ca372c816499b985f39b0c286814efd95,294,False
petra-dp19,1,639,RGI2000-v7.0-G-13-19253,7a0470cb5b9e0a70527665c5f4d899626147c6bccd7f926cb1d33b1fd396d1b1,295,False
petra-dp19,1,639,RGI2000-v7.0-G-13-06591,7a5d3edae6eb1b1c5cdc1bd372f8f5751c9038d05f2aefad50cbbd1509b8a158,296,False
petra-dp19,1,639,RGI2000-v7.0-G-13-07174,7a7b10c96e12252b6c4b85e5bbd98f23eab9256144adb7576bbecc6c69f02815,297,False
petra-dp19,1,639,RGI2000-v7.0-G-13-19372,7b4c2e1f5912be6faf677f10b7123bc902c9111049e1119fb09b4df2053d2fa8,298,False
petra-dp19,1,639,RGI2000-v7.0-G-13-19440,7bac2c59efe15e09c29dced651063c6fa496491909f855c258a7ff3fa07b387a,299,False
petra-dp19,1,639,RGI2000-v7.0-G-13-06082,7bda652bf4e95e82647b13b46d87291152814f35cbcd89da79a7d2a44713be99,300,False
petra-dp19,1,639,RGI2000-v7.0-G-13-07427,7c7a8b44c50ac0fc0b9d3b34cdabcd4b42e894bda419510c1b247f7d63a57313,301,False
petra-dp19,1,639,RGI2000-v7.0-G-13-07404,7d223835f9291ea8efa9198559c3f53ba673f55e0135254a6194e790a6c6e467,302,False
petra-dp19,1,639,RGI2000-v7.0-G-13-07299,7d5042fa0a5466bdd716c70e527a0f314e295d1b995ac6be3964d287574a47d1,303,False
petra-dp19,1,639,RGI2000-v7.0-G-13-07353,7e151c45a96f799070be12852119aa378e15843829f26b7f6ea2786ab7ce905f,304,False
petra-dp19,1,639,RGI2000-v7.0-G-13-07301,7e2d63d92d74a258b712f7140ae71c9632687b5cbe2688222261123e17745e75,305,False
petra-dp19,1,639,RGI2000-v7.0-G-13-07613,7e41ce967122aaccd2bef4517d1c2130a5035113f5f92c2df60444c3d8c56641,306,False
petra-dp19,1,639,RGI2000-v7.0-G-13-06247,7e724fca471a05fd707e87a502815c461ee6b59ec50aa687fb777bf7e68da2e1,307,False
petra-dp19,1,639,RGI2000-v7.0-G-13-16251,7f2c3ed2f93e886c078c4dd2eeb98f00de354108b722a8695a46f13b8e72fc14,308,False
petra-dp19,1,639,RGI2000-v7.0-G-13-07328,7f37903d8f86a7c3c959124bd48d839ad91155d2c3c54bbe42dbbebf6971314f,309,False
petra-dp19,1,639,RGI2000-v7.0-G-13-07719,7fa8d420cc31afbd06d3b1ce34eebb880a921d7b345a7f91eea0fef3d974a4d2,310,False
petra-dp19,1,639,RGI2000-v7.0-G-13-20534,7fc9c7b4951fb1a00ca69540947eb6efae55387ade2e73a8ea1e266b9f078dc1,311,False
petra-dp19,1,639,RGI2000-v7.0-G-13-06537,802050ae0b3cb2b031852d61d2ad23229a75697ae117cda1c0d72151763d9ba3,312,False
petra-dp19,1,639,RGI2000-v7.0-G-13-19572,8034b54fb02c96da258c70cdd5f7ca84d2a9f04480bf96ba559d629beaa90092,313,False
petra-dp19,1,639,RGI2000-v7.0-G-13-07236,80b8e1abe516fb6b8d6ca5bc7a68c452611e3d25b5c961799ad6e0baa068cfb3,314,False
petra-dp19,1,639,RGI2000-v7.0-G-13-06101,8165c2a1dfe92a28e2fe99cd07938944259afe07b366a4c6c0b57d7cee93ca5b,315,False
petra-dp19,1,639,RGI2000-v7.0-G-13-07313,816851fc8be325b87016fcadc3853a12a9b07368dbd6a7510b1a78f4fadc39ec,316,False
petra-dp19,1,639,RGI2000-v7.0-G-13-05555,81e12c87c9226b1dbf88f100918b53052f6bc7692c2b4f040b5ca1a85065d7b9,317,False
petra-dp19,1,639,RGI2000-v7.0-G-13-19041,821081cc65c4e43cbdb52e47dd718116b67fd37daa0a63c77135e333a72c8a7f,318,False
petra-dp19,1,639,RGI2000-v7.0-G-13-07332,82a50c05d3d09292786c56c49fed75e8aecaccb4d8cbcb5181c288477154b34f,319,False
petra-dp19,1,639,RGI2000-v7.0-G-13-07384,83371bae326cc2b6ae1dc167d2d8549d8a4da540fca45448b99f86f2e6f60010,320,False
petra-dp19,1,639,RGI2000-v7.0-G-13-06046,83609715008ba724892c63e5d9899e98b229d8839faa3d0d5de2fb1b15b49938,321,False
petra-dp19,1,639,RGI2000-v7.0-G-13-07329,837a0935e043140ce72265a4dffb72238e492d96f528e7f5817efd9844d24c15,322,False
petra-dp19,1,639,RGI2000-v7.0-G-13-07245,85f3a168a82bf7924a0e532f0dc7884fe3839ad643d31a11a5460d336d1ca18f,323,False
petra-dp19,1,639,RGI2000-v7.0-G-13-07176,870fff75d131e7e267b823ab688af0d475d2ab01911084ca228e8a881d782243,324,False
petra-dp19,1,639,RGI2000-v7.0-G-13-07206,87b913194ca2dc521b3aa1db0f2b6cd3d851a4c275d4a424feef72bbf7eb99a5,325,False
petra-dp19,1,639,RGI2000-v7.0-G-13-05354,87ef1b5a3e1343f189e4d5d6cd5574793651bdf293df9ade56aa28335a21e9b0,326,False
petra-dp19,1,639,RGI2000-v7.0-G-13-06682,886f2cf84f7e10c675fbdd50c5c5ecad84f5f756aa486da787c682765acc6265,327,False
petra-dp19,1,639,RGI2000-v7.0-G-13-07268,88cb5a073c8097c65a7e40350d0bd1a0ffc69751b10fd322d906cb048bfceac6,328,False
petra-dp19,1,639,RGI2000-v7.0-G-13-07395,89315fead51d01c9bd988712af2ed4b007d68dea597a589743b443272dc2a364,329,False
petra-dp19,1,639,RGI2000-v7.0-G-13-16872,89629b66f4f845d74f1d99bf0359a318b13ae27d71cdf91ddd96daf81f36d596,330,False
petra-dp19,1,639,RGI2000-v7.0-G-13-14954,897a901b4e9e03b12bdb8869617768c7870a3493ca66222ee10cf8d0bd19f8e5,331,False
petra-dp19,1,639,RGI2000-v7.0-G-13-16962,89d24a2184d74c1fea0dd79c489c9fcc0003984e0a967201091f9c012bf583ba,332,False
petra-dp19,1,639,RGI2000-v7.0-G-13-07372,8b12f6d76872e0cbffddf6233a942c8e6f8a1370cccab10de2634824c5e549be,333,False
petra-dp19,1,639,RGI2000-v7.0-G-13-06195,8b9ee6aee07e2af33ef0608591781e0703e3bcbef995b32cc7dc48a837f30f93,334,False
petra-dp19,1,639,RGI2000-v7.0-G-13-07283,8bc3ce24f480fc045d9aaedc7a2f92e3fd73d9af98d8849ed22139d1cf3f6e90,335,False
petra-dp19,1,639,RGI2000-v7.0-G-13-06233,8c702b8436f2e3a92eed9ef44693ff1c3818f0cdbe9eab8e6e1cb1b53683f6d3,336,False
petra-dp19,1,639,RGI2000-v7.0-G-13-06904,8d03a64073d0e02cbdb0366d9a62095ba1d29a380fae99983d8c913d4ead61dc,337,False
petra-dp19,1,639,RGI2000-v7.0-G-13-07139,8d1258df43e0f3bb1efbbfdecfef5b8a7a8ee046a1dfafe3573dcd521226635d,338,False
petra-dp19,1,639,RGI2000-v7.0-G-13-06573,8d27ee3fc3331cb4baec4a8d0269f64fed89845c379cebead26f5d4072692d09,339,False
petra-dp19,1,639,RGI2000-v7.0-G-13-19458,8d62a547fbe1c79a6244d20311b46ff938483553b0327289e455eb86042701bf,340,False
petra-dp19,1,639,RGI2000-v7.0-G-13-07364,8dc0c8c7ba3482234919416a0d24f1d6a07bf6611ea8854673565ea3b7ecdd1a,341,False
petra-dp19,1,639,RGI2000-v7.0-G-13-06865,8dcc6d632faebd1783edeb455a3f71bd2fb5d4afd07b20982c23f43ff24fcb6e,342,False
petra-dp19,1,639,RGI2000-v7.0-G-13-07237,8e564acf2a3efa5d6522859221e12a559a73b3d8116dec55935a957205a26b3f,343,False
petra-dp19,1,639,RGI2000-v7.0-G-13-05506,8e97eefc469be3398ea4292b33ac86ef457c9bfa31646b0710ced60bbd8460f3,344,False
petra-dp19,1,639,RGI2000-v7.0-G-13-06977,8f15acfc3b3c64a0aec229a1b9fb229807ae47371932829e3b4f767f07605c86,345,False
petra-dp19,1,639,RGI2000-v7.0-G-13-07359,8f5d89887f03395943969c44f8b25f78f89c4fdfa177a72bec7cf998df63a992,346,False
petra-dp19,1,639,RGI2000-v7.0-G-13-06129,8f7d47c118b4ac7b70237a90fad5b6bad0737b21048c471b8b56662665ab0b89,347,False
petra-dp19,1,639,RGI2000-v7.0-G-13-19487,8fa88f781de57f7134d5d4d6091b85a8db8d150a1e699d95f0307864164a918f,348,False
petra-dp19,1,639,RGI2000-v7.0-G-13-06896,8fdc7b3e0ce11b86811b00bd3880de7148a9b9a0a84e8d2199003d0dc9a2e946,349,False
petra-dp19,1,639,RGI2000-v7.0-G-13-05775,901e94f1deecb9ddb7af64d53a10f46a2b96859bd4993567a5e6bf96fdc709af,350,False
petra-dp19,1,639,RGI2000-v7.0-G-13-06223,905bdb196c12bc0098eccabf387d3754c8d3668af24495dfeca9c9cba390ff5a,351,False
petra-dp19,1,639,RGI2000-v7.0-G-13-06065,91326c6328cda30681c3ee253986359aea54b765869ab9331f5ceba98a76daf7,352,False
petra-dp19,1,639,RGI2000-v7.0-G-13-19625,91a2e7056ee3b64ed19102f196be7808cc7e0cbd091490350c7b9a86366e084b,353,False
petra-dp19,1,639,RGI2000-v7.0-G-13-07366,91bc0f46cdfcc3d7f4c8015d79ee58581d445b87b0768b8fdfaf71302ab367d4,354,False
petra-dp19,1,639,RGI2000-v7.0-G-13-16667,91d4a2df9ef5ea44e2e7e88f73c5bfd906a3baf851705e24092c1078e7e72db5,355,False
petra-dp19,1,639,RGI2000-v7.0-G-13-07191,91e0a04a4481bd9677a4a7b0e3e5fa0d3a8b1274cda758cd742b73fa144a6cc4,356,False
petra-dp19,1,639,RGI2000-v7.0-G-13-07140,923a734f830144928ded5b272efc3a5dfcc4ea8302ad3393a6775ad7c4569642,357,False
petra-dp19,1,639,RGI2000-v7.0-G-13-07112,927d7e0ca478b2f4d598fa761dc8793130fa8c2b96e6effeef5f025f633be75e,358,False
petra-dp19,1,639,RGI2000-v7.0-G-13-07318,92891c47c60ab18637f0eff170a634098a0228e07af6a788f62111a597e60c22,359,False
petra-dp19,1,639,RGI2000-v7.0-G-13-19602,93841ecc0e721c36a5d8ce258227b5c806f397148e7196d273f3006443999b31,360,False
petra-dp19,1,639,RGI2000-v7.0-G-13-07441,94e8b03a0ea49d101627035912b62939dfbf42a7186759b9d7b0a29c263be6f2,361,False
petra-dp19,1,639,RGI2000-v7.0-G-13-16226,94ee89300c7b1b830198cfb36469e9697bdbc73b7a84be8dcff85bd01fc79064,362,False
petra-dp19,1,639,RGI2000-v7.0-G-13-05473,95150b5014ed7fbaa53c68c5042c0a749b6a0a5ff4953edaaccebe9721e1b318,363,False
petra-dp19,1,639,RGI2000-v7.0-G-13-07143,95e9d2e52bc562dc59663190b936e48cf400713f1446c16cec3627e7d3041c4b,364,False
petra-dp19,1,639,RGI2000-v7.0-G-13-07117,9646799918193b2d2fb7ee876ed2f82aff3c81bf6263d0614fd43c44884fb0ac,365,False
petra-dp19,1,639,RGI2000-v7.0-G-13-07110,9662404222fd1a75f10e590df81f26cacd16942865cf0e357053621a21d0b28a,366,False
petra-dp19,1,639,RGI2000-v7.0-G-13-07053,968261159d1029bf71cf3daae6b7df8d241e2bd3856fe5467ff83c07b9982d21,367,False
petra-dp19,1,639,RGI2000-v7.0-G-13-07008,96e5218e5cd5ba61d85dc29f6d21e69b4a89df7830552b9188e0b85e46ac9bbf,368,False
petra-dp19,1,639,RGI2000-v7.0-G-13-07711,9745ed351f14e02af10bb90ecd6a7ce5597c29d66c955c2b6a6748c6f60b70b3,369,False
petra-dp19,1,639,RGI2000-v7.0-G-13-07013,97b680867c944f1977cfcb5c89cefafb734ef699155b9a899be9a856b87127a3,370,False
petra-dp19,1,639,RGI2000-v7.0-G-13-16842,9845b49a051cf77f9427f7b92a3c52aad83362f286b8bfb0a70e32d872cde7e4,371,False
petra-dp19,1,639,RGI2000-v7.0-G-13-19442,98766c57c0d274900a0929d2c59bcb0fbfbff65c2d977e24765f6d396a1705aa,372,False
petra-dp19,1,639,RGI2000-v7.0-G-13-19518,988832e5b1d787740d5bcd8f5a1d5634246b97a9d45deb97449d32ba51e65d4e,373,False
petra-dp19,1,639,RGI2000-v7.0-G-13-06623,9981291b704d682dfcf5c15e716558f92f18a94e1430baabfd3a134a658ab99c,374,False
petra-dp19,1,639,RGI2000-v7.0-G-13-06276,99e1d5eafce78beaba20390d4b4c82f8604b380bdba8760f83fac1eb5c40cc68,375,False
petra-dp19,1,639,RGI2000-v7.0-G-13-18166,9a26b35d82addfa8a458f153097a0306d04ace34f8d7dac1bd798dc043dede1a,376,False
petra-dp19,1,639,RGI2000-v7.0-G-13-19040,9a8b416ce2115c94d22717eaccc8c4957dc74d4fdf12807ec601933ed62f42f2,377,False
petra-dp19,1,639,RGI2000-v7.0-G-13-07210,9acb59dafb13985566c605a5fb5b42a5ea696730102a6be94172a695df362370,378,False
petra-dp19,1,639,RGI2000-v7.0-G-13-07479,9ae8942befb14be13fbf063bd052c941fcba2a98399bd4690d33bb492525e229,379,False
petra-dp19,1,639,RGI2000-v7.0-G-13-07093,9af024468572790654f6e6ab12cf805abe4030f58ab3248d73fedbecbd020a14,380,False
petra-dp19,1,639,RGI2000-v7.0-G-13-07494,9b9764fd1b03b22f8ddf3b116933c1fe721ec393e405247d9c54d0deef323499,381,False
petra-dp19,1,639,RGI2000-v7.0-G-13-19616,9bc51b5200ba0a48a99b2a61f5a73502323a4b59c9456eed03fbaacc3f8fba3a,382,False
petra-dp19,1,639,RGI2000-v7.0-G-13-06836,9bd87b8fd661b1a63ba4fb5247ec49f3628f7a73f9510d413f6c8d6778ad5a5a,383,False
petra-dp19,1,639,RGI2000-v7.0-G-13-06158,9bf8ee8addc55afa9c31afbe7435195725ad2bf83eb4f6231b56a8e34caee2dc,384,False
petra-dp19,1,639,RGI2000-v7.0-G-13-06048,9caef2973a53b0c8aec18db882efd8fee8c44f4f2557a9a326a383847e1c1295,385,False
petra-dp19,1,639,RGI2000-v7.0-G-13-05590,9cd9a1bcc323f070de8c818a93960a9c16a0c894c64542e1ace66ba244c4e836,386,False
petra-dp19,1,639,RGI2000-v7.0-G-13-07662,9cdde1a9a59c709edac868efb4ef848f658910191c49ca28df7f3282c57aec87,387,False
petra-dp19,1,639,RGI2000-v7.0-G-13-14922,9ce837f5bc29c55cb37804bee3304b95991b96cc748711fea2ebd7797c5cbb29,388,False
petra-dp19,1,639,RGI2000-v7.0-G-13-07919,9d31d3a9130908111b69a3b957114b8139cf4584bd3129f8af407ddf70009e75,389,False
petra-dp19,1,639,RGI2000-v7.0-G-13-19383,9de136c7902eb283c458f151a90dbe4711f20510a6021ad0fa95ba44038896d6,390,False
petra-dp19,1,639,RGI2000-v7.0-G-13-07023,9e017a7f0cd92c17a32a04a8965d2139555aef89b12ea4b01165b3d6aad0acd8,391,False
petra-dp19,1,639,RGI2000-v7.0-G-13-14883,9e5c9b42e1962e28e693263ea397391826883bc1a44934859dac17cf5e3693c4,392,False
petra-dp19,1,639,RGI2000-v7.0-G-13-19375,9e753bc3b0346b3a5304af5ed77bb31fe37e3fee427ac9e3d83e975cd3cdae65,393,False
petra-dp19,1,639,RGI2000-v7.0-G-13-06054,9ec59be18338ac3f9cfbdbe269a3c132ea3d62653efcf1135cef2ca41b84322a,394,False
petra-dp19,1,639,RGI2000-v7.0-G-13-07612,9ef841b9295b0cf7af7f53254228ebb9b9451f9016a7a36c5686dc491b4eed66,395,False
petra-dp19,1,639,RGI2000-v7.0-G-13-19149,9f1cfd608578060c8a2aeb99d7dd5dbc3c1228ad2c371ea8962435a690ed5eef,396,False
petra-dp19,1,639,RGI2000-v7.0-G-13-06139,9f6265cb806e294bd60dec5955a2dd73bcdfd4dba8cf7a32ad45c91105853055,397,False
petra-dp19,1,639,RGI2000-v7.0-G-13-06246,9f67ac953d54bf198c2ef5a79a7564ed28fcb626278c813ba3ac860cfb5f3fa7,398,False
petra-dp19,1,639,RGI2000-v7.0-G-13-07248,9f7a2761eb7bcd21d686c8dcd94a08fac5d4927d49fc54f9c9ecc583da624c97,399,False
petra-dp19,1,639,RGI2000-v7.0-G-13-07387,a00c28bc4a32462da193c24bbc64c488f7c8eb70a8edfa7427e1e78c904ef4b5,400,False
petra-dp19,1,639,RGI2000-v7.0-G-13-19238,a010d580291321e45c92a3d106ae79909468e8e8466997a3362d53fd6af8b988,401,False
petra-dp19,1,639,RGI2000-v7.0-G-13-05417,a08ee0acc230d8364ecd748ae2eab5d31236345cc18c94fa683070b038d3360e,402,False
petra-dp19,1,639,RGI2000-v7.0-G-13-06603,a0d8d7c00adcccde675fc17724feb55f6d5c95c0181b3e6044c9edc2e3a53bd8,403,False
petra-dp19,1,639,RGI2000-v7.0-G-13-05507,a13ab1f1238096dd10d18ebdac5005b534e83e18bd95d14d3cb595bc095a3b51,404,False
petra-dp19,1,639,RGI2000-v7.0-G-13-05420,a1b3d621e28aea8f93db1bc0704b3b5d28bd4bbb75b76a5c6842264f30597afd,405,False
petra-dp19,1,639,RGI2000-v7.0-G-13-06079,a1d74489731cccc1350a2fb04f5192124f04f9617b62c1662461d81c07dcfc2f,406,False
petra-dp19,1,639,RGI2000-v7.0-G-13-06166,a306feba6d1a6a0cc10be33a42e4b3d53f3501811b104560674c488e663ba52d,407,False
petra-dp19,1,639,RGI2000-v7.0-G-13-19138,a32e0f671f40ccb52a2f954775db890a9ec2de6686408dcdadfd92b05f2b8c54,408,False
petra-dp19,1,639,RGI2000-v7.0-G-13-06088,a337364056517e8185f8085bed333317a2550b5113f12a8a4fb1d3d8a103b410,409,False
petra-dp19,1,639,RGI2000-v7.0-G-13-06927,a33e7881ff62f3ad30b26ce693ccd605322730e6956db1d455ca647a9a3ea297,410,False
petra-dp19,1,639,RGI2000-v7.0-G-13-19104,a3a4a97742a2818a621d05b4308f9663b60fe9a340b209783379ff26c334404d,411,False
petra-dp19,1,639,RGI2000-v7.0-G-13-16679,a436554560bcbde4cca319556b5e7edda94c7180e3886938d5e5ed54c16257f1,412,False
petra-dp19,1,639,RGI2000-v7.0-G-13-07277,a56a3457a7a324482e07242a3a876f4d027672daa59eb331b11dadc2b496b65a,413,False
petra-dp19,1,639,RGI2000-v7.0-G-13-06253,a58a63da9ad158c52528bc7c63f184ccc44ed327e0a7313362f4141cc82544c1,414,False
petra-dp19,1,639,RGI2000-v7.0-G-13-19223,a5edad9bfa46b1991f9c28eef3ad0848c172ce1c5b364c0ba2fb3cf47dc3e40a,415,False
petra-dp19,1,639,RGI2000-v7.0-G-13-07075,a685928176fd7e9cd877c7814d3def9de5fab8dec77497d3420dff20816d1291,416,False
petra-dp19,1,639,RGI2000-v7.0-G-13-06310,a70e9193c05d4ac01cca1a62fefaae51bef2e264da2d7836463b3a3a78c326d0,417,False
petra-dp19,1,639,RGI2000-v7.0-G-13-06189,a73776ac6c12125639b180949b99d86242b24618a6459e612b35a6336803b9e6,418,False
petra-dp19,1,639,RGI2000-v7.0-G-13-06159,a738202b2a849b607d8f6051079487f7ef10fbd36e39cd3cd707f15ad936647d,419,False
petra-dp19,1,639,RGI2000-v7.0-G-13-07044,a7f7fd8e0b5489794b642be56fb0cb3dabcac674ccc472db29870d87d76e74ab,420,False
petra-dp19,1,639,RGI2000-v7.0-G-13-05495,a81b29cdeb112dfe30d6ad976d293aa9e4892190c67c8ccb47a56d207e8dbbf9,421,False
petra-dp19,1,639,RGI2000-v7.0-G-13-06140,a9267e2cc2fab7847f9a040c56028c6f02a16758adbbbf6181281a1eb5ce0482,422,False
petra-dp19,1,639,RGI2000-v7.0-G-13-19438,a99f51cca8801ff0cc3bf12133fdf17f629c609ab5a61fe92d75b7f959ba44e4,423,False
petra-dp19,1,639,RGI2000-v7.0-G-13-07400,a9ed67f22938e84fd9f087e2b8e4df5f192835db174e32da2aef2418425d4247,424,False
petra-dp19,1,639,RGI2000-v7.0-G-13-05432,a9f5d7a8fba014c793b11d58938f8cbc044029da2403e0afb0b09d53fc3ca6d9,425,False
petra-dp19,1,639,RGI2000-v7.0-G-13-06160,aa29468cb70ff8e4b34e0c2d125fa64ee103dfd470fd798bb8a50a1ee5c200dc,426,False
petra-dp19,1,639,RGI2000-v7.0-G-13-19327,aa67c8c3e154380677d2b03edbe423248d859fff27a8a16558b448fe5cde1cbc,427,False
petra-dp19,1,639,RGI2000-v7.0-G-13-07302,aa6c38285953221b89dfc1902c6ee82bbac6493f4ae20f4e0499ed0d02dca9a1,428,False
petra-dp19,1,639,RGI2000-v7.0-G-13-07478,aa818b6e29edd25cb9815ca21a5a12bdb99070cbe2446505e5b9ed246a5c8b37,429,False
petra-dp19,1,639,RGI2000-v7.0-G-13-06835,ab7e85b243f0b98c7a940dcc60a4d7a3ce6f05a399e064459631010b2c8b81c9,430,False
petra-dp19,1,639,RGI2000-v7.0-G-13-05659,ab7ea7faa1a3abfb763129cdeb8a63bfdcefa64bb5290956373eb05abc85aa33,431,False
petra-dp19,1,639,RGI2000-v7.0-G-13-07035,aca66b8bb60ff956b82652ce07c9f903f278507c0e691381b04918f4822fa7dc,432,False
petra-dp19,1,639,RGI2000-v7.0-G-13-06372,acbc4c8da23a67863b0551531b8bbdad7bfae99344d02c774dd999bf251844ac,433,False
petra-dp19,1,639,RGI2000-v7.0-G-13-06871,ad0df67fff56bae277efb8cd45eb05b97c0f56839f5f0ff747b0b8d6d1e855f3,434,False
petra-dp19,1,639,RGI2000-v7.0-G-13-06143,ad1f3e95120174260eb1ca5f1801cd6d107f058746e11ee05a49b18ae8793105,435,False
petra-dp19,1,639,RGI2000-v7.0-G-13-06834,ad452921051de825f6f9b253bc3e2c4834c67bda0f01601aed427a9500bb3986,436,False
petra-dp19,1,639,RGI2000-v7.0-G-13-06366,ad6681e8c007adf86841cb2ee70b67d4dd390138753befe9551177143d0bb676,437,False
petra-dp19,1,639,RGI2000-v7.0-G-13-07671,ad88101932c89339a8ecb2c9d5587dc15480e2951c456bdb9b55cf4fed108176,438,False
petra-dp19,1,639,RGI2000-v7.0-G-13-07677,ad92c088cfe27fc10d4fbacd6f7cf658022deb3662e5110adfd4984808495507,439,False
petra-dp19,1,639,RGI2000-v7.0-G-13-07609,adbc76ab1b4f9010b3cd8a757bcefc4b6b0a4f59b8242444c304a951652909dd,440,False
petra-dp19,1,639,RGI2000-v7.0-G-13-07265,adc5591dfadee9fe02d50f3d04110367aa0504ce5d99b0cdce744e6d61fd83ea,441,False
petra-dp19,1,639,RGI2000-v7.0-G-13-06781,add811d7b49d80583794b337966ceea704842535a684457e510695bb24c2f248,442,False
petra-dp19,1,639,RGI2000-v7.0-G-13-19201,ae4607181e5c6df3ffd453417132774956db7583173aa2e1b2ce3b91ba462e7c,443,False
petra-dp19,1,639,RGI2000-v7.0-G-13-06280,aea62f380ae37cec3986522f20acf8e7c124d458710910c722225457f184984e,444,False
petra-dp19,1,639,RGI2000-v7.0-G-13-14971,aed09d70dc255aa9ad16b84f273a655167065286201a06868483dc4461511b51,445,False
petra-dp19,1,639,RGI2000-v7.0-G-13-07101,af0c1931ff2eeccab46cfb072c8b234e819bd96adb0f8cbc82d9aee59aa15e1e,446,False
petra-dp19,1,639,RGI2000-v7.0-G-13-19058,b014e98cee13826b84aa4de6d8a69926fb3e1293edef5f96cdcc60fe80ff34a0,447,False
petra-dp19,1,639,RGI2000-v7.0-G-13-19490,b074d3c185e460c621df8e71514549a92be649f037d6c1c875a98c4de750da21,448,False
petra-dp19,1,639,RGI2000-v7.0-G-13-07342,b0ae97bd3b11dcb300ec90b838f1ba27da2fd8b2ce634f3485b36e6417a68cdf,449,False
petra-dp19,1,639,RGI2000-v7.0-G-13-07321,b0b88bc1f4905d22ad5682d8a2770613fd5d2534080c3557db41f903a1751a92,450,False
petra-dp19,1,639,RGI2000-v7.0-G-13-19523,b0c978cb2a336e855c9eb3b6b20c285da9a84c607233031e57df0d91b696ff0d,451,False
petra-dp19,1,639,RGI2000-v7.0-G-13-06978,b0dbcdbead5a12934a4aeb4428336c5df3ccc5d125a2dd0fac1c38870a0c8b01,452,False
petra-dp19,1,639,RGI2000-v7.0-G-13-19493,b123ea2078ae8d24249c54dd49876b4f8c1080bcda84a045efaebf8689525f13,453,False
petra-dp19,1,639,RGI2000-v7.0-G-13-07168,b133b7f8f25cdc52fdc592ea01637a6a6348013337a585121164760c45b958a7,454,False
petra-dp19,1,639,RGI2000-v7.0-G-13-05519,b1c2448b5436f8ad4bd7b3b39798d9338304de06a950a01f676b83f7cfc1f804,455,False
petra-dp19,1,639,RGI2000-v7.0-G-13-05852,b1ee73ac6a7539703920e64dadb2f73731cf123ef2fe57911a4076f1e20451ea,456,False
petra-dp19,1,639,RGI2000-v7.0-G-13-19221,b1f33e6c1d192adb2d7000ee6e09ac936a48a326da9e6faf0c64a1940404b2de,457,False
petra-dp19,1,639,RGI2000-v7.0-G-13-07460,b2ac3cb568bc1a4fee9e20f601578ef4b7eaa1a933c78a55a971a875eb906e8b,458,False
petra-dp19,1,639,RGI2000-v7.0-G-13-07373,b2b2f43e1671f29047b40f0779e3acec16fe812ffff6e9b441cfbb1c45607f1f,459,False
petra-dp19,1,639,RGI2000-v7.0-G-13-07178,b2b8241c4213e7f4e3c109bb17a55e66e5521b8cb09a0b3994bd056f4d2522b6,460,False
petra-dp19,1,639,RGI2000-v7.0-G-13-16911,b2c0b1ecb25c58bb177e40a822653137dfd5085561332514d24e6e5e02485744,461,False
petra-dp19,1,639,RGI2000-v7.0-G-13-19575,b3e5dcde5e27d9e6aab6b0135c32fd4a2de426e1a046c34b816ecb1382860d83,462,False
petra-dp19,1,639,RGI2000-v7.0-G-13-19078,b4283f1cfa4651480cdbbfa8c50127f4241a74d6150445be2eefe4690de09e74,463,False
petra-dp19,1,639,RGI2000-v7.0-G-13-06604,b4e25d20f147bc652244d429c6c41397c1739fd43e38d311c716baa6fb9ecfba,464,False
petra-dp19,1,639,RGI2000-v7.0-G-13-19562,b556b128ecb53c89fc66ffa5025e36a46bce0aaafa81a6b962fe31d87be4279b,465,False
petra-dp19,1,639,RGI2000-v7.0-G-13-06087,b63e33a92b8ff283404a2c56a8f538bccb1ce3fc46fe75c113b95d18f8d12ebd,466,False
petra-dp19,1,639,RGI2000-v7.0-G-13-05471,b672fd2f5006c9f613210d6631a04526f8275bafd00fc72b2765cc461a141089,467,False
petra-dp19,1,639,RGI2000-v7.0-G-13-06589,b6a5b153d43ee3d072acdb8b6383794fef2126563608e8dbd9319db47e048abe,468,False
petra-dp19,1,639,RGI2000-v7.0-G-13-16271,b72cd2101f5ef90ffb99fc179bfd8f70df29e7646e30301972d5ba6c7b2b1466,469,False
petra-dp19,1,639,RGI2000-v7.0-G-13-05753,b7f745ad54642d947907698b5e31acedfba33333d3fb7c58f1e98bb21f22fa12,470,False
petra-dp19,1,639,RGI2000-v7.0-G-13-06785,b869f649d4654d983f83b66961871fb777a1c709743016f4afb7022462c00c7d,471,False
petra-dp19,1,639,RGI2000-v7.0-G-13-19049,b923ffcf813e8c66f4dac53d82006be21fe36db775da001b7227798083dfa83a,472,False
petra-dp19,1,639,RGI2000-v7.0-G-13-06235,b92becaaff8c63704deb7dd8b96423ef5524504261077d6b403f5d0c03da675a,473,False
petra-dp19,1,639,RGI2000-v7.0-G-13-07071,b96938973380d7176931a81ba21b805af41a0921320a8a7946a2ac8ca6bb88aa,474,False
petra-dp19,1,639,RGI2000-v7.0-G-13-19174,b9fc8d4081860d135ffe21b6a5d1016ef8252c6cc427c8500db4b83b8a9b09ee,475,False
petra-dp19,1,639,RGI2000-v7.0-G-13-06328,ba65acac733944f08c295102558282fc90b0c6cbe378a2b988b7c04bf941791d,476,False
petra-dp19,1,639,RGI2000-v7.0-G-13-07247,bb78db7095226681a2d805a2319d3a70e46ae17d9db44ec78120b09cf1b88ce8,477,False
petra-dp19,1,639,RGI2000-v7.0-G-13-05888,bb95a14a38813dc59d96da74428f0779708343e2bd44a378b94dd84ab1af3754,478,False
petra-dp19,1,639,RGI2000-v7.0-G-13-05353,bc1cfebbdeefcc6447290aa059b0e115184558eb2aaae537651b355e3a7af7fe,479,False
petra-dp19,1,639,RGI2000-v7.0-G-13-06461,bd1b6df790ff81d75692913d4e94a78a7718ce7e8516fc3f1460a1325e7645ca,480,False
petra-dp19,1,639,RGI2000-v7.0-G-13-07284,bdbe1f7cf1d381bfff901f791923b154bbad4f829fbe991cedd9996626cf6a8e,481,False
petra-dp19,1,639,RGI2000-v7.0-G-13-06230,be0cc596f98d4fc084ffd97e852f7d8453299bb346ed7e3377a06ffd51d12da3,482,False
petra-dp19,1,639,RGI2000-v7.0-G-13-06953,beb0aaff9b326a905d65e17353e8662c86abd8112b015249e917734662e5e19f,483,False
petra-dp19,1,639,RGI2000-v7.0-G-13-06091,bec725ccb4c1e857ad7709b761fa0af3c721da0c44ca4b2f522c746f5fe366aa,484,False
petra-dp19,1,639,RGI2000-v7.0-G-13-06144,bed21a1c183f61027a35791cd9739ed70ab2322aa0b390532b632e4957479f21,485,False
petra-dp19,1,639,RGI2000-v7.0-G-13-07225,bf94079073a1b674131bc6c0af85b62d1efa830c79f554817c0b571be9c6f27c,486,False
petra-dp19,1,639,RGI2000-v7.0-G-13-07345,bfbe1a8297be3a77e73841548cebae09ea6b176852dbec635b45382bdc38914a,487,False
petra-dp19,1,639,RGI2000-v7.0-G-13-07379,bfc041b49e0fa254decf82a45963dfb81e57332e747e7f1489dbd2ddabd4125b,488,False
petra-dp19,1,639,RGI2000-v7.0-G-13-20070,bfee483051c6ea16fdf4db10546277cfa9d304ac8b0fc845ed2465a6233f021f,489,False
petra-dp19,1,639,RGI2000-v7.0-G-13-07282,c04125152a8241d59efcedb379276670e497f6e0f5e6356ee930ebecc946f533,490,False
petra-dp19,1,639,RGI2000-v7.0-G-13-07643,c05b099f9a8ab4edb00c325a4779cd40795fa21d8784839946ef875e5787d537,491,False
petra-dp19,1,639,RGI2000-v7.0-G-13-20595,c06f2bef8f7c2f32bf4a208c799e9d099aa7c8d629820d24ede2562437b351fa,492,False
petra-dp19,1,639,RGI2000-v7.0-G-13-07375,c0ca5ca60b24489bb5cd7f0835169ec311de32d3a11b13fd32d271948536fa52,493,False
petra-dp19,1,639,RGI2000-v7.0-G-13-05350,c2a85389bc300167cc41cc554ca7d4fae53ca72c8df4a60e1e746fe1bd983ca5,494,False
petra-dp19,1,639,RGI2000-v7.0-G-13-06172,c3066dd6824e6adb088835a3f08fba6679e16cdf360327d6ec63ed348b7a4282,495,False
petra-dp19,1,639,RGI2000-v7.0-G-13-06911,c49446d4e133a1e0b7d2bd8e58a462fa4eeff1a73147f0bb2e82ce7b3b3c6548,496,False
petra-dp19,1,639,RGI2000-v7.0-G-13-16881,c52df6ff604e1e211742ceb5541e88d42172436c9cb9171634ed015dec4752b9,497,False
petra-dp19,1,639,RGI2000-v7.0-G-13-16453,c559d47504a986c926a73badccf8ebaa90f312830fa19b7f3d0ab5db6cf4545a,498,False
petra-dp19,1,639,RGI2000-v7.0-G-13-16853,c5819b62c52cfe62c9b6eebe1f181366f316d8c8fe9a6ef2dd8a20b393421801,499,False
petra-dp19,1,639,RGI2000-v7.0-G-13-14925,c6511f2d0aea8ba3712758b8498cc4414cfacce7c8cf25a4260afa653e7b88a0,500,False
petra-dp19,1,639,RGI2000-v7.0-G-13-07275,c70dd72358b02498c418e0db8902976ae339c23fdb4c8bbc0a004bef88ba0a95,501,False
petra-dp19,1,639,RGI2000-v7.0-G-13-19135,c738c98609ce8c05da0c49570b343064c578dc4ca941ae26dedb5ae22b871d29,502,False
petra-dp19,1,639,RGI2000-v7.0-G-13-07229,c7cab76525758fd618b222851ec6a311176c998dc2b4b60585aa9a6aa861d8e4,503,False
petra-dp19,1,639,RGI2000-v7.0-G-13-16668,c7f7d459537cbbea127bd63e1693d301e725e11af66ef3dff21512e4a01dc25a,504,False
petra-dp19,1,639,RGI2000-v7.0-G-13-19373,c8362c32d627a7c4c74b9d349782a42bb9cb2ae06a0568c8b2dfe09a7af93aba,505,False
petra-dp19,1,639,RGI2000-v7.0-G-13-06168,c83e16289aef703ee79f8f032a600524ca6192e3dfc36113233cc29e9e13de53,506,False
petra-dp19,1,639,RGI2000-v7.0-G-13-16275,c8a57e616e17e630fd4967ccca9b7177f7876a8eefd4785e12b49701f82991a5,507,False
petra-dp19,1,639,RGI2000-v7.0-G-13-19269,c9c3f7e5db4b64587fc4a75c324251f31bc18131ef5d69d2d5a2141884c865e3,508,False
petra-dp19,1,639,RGI2000-v7.0-G-13-14934,c9ec695b73b5eae684da7d36836fd78e26f9b4e1d7407cd7a01735b29c1a506d,509,False
petra-dp19,1,639,RGI2000-v7.0-G-13-07411,cad72df9cf06ab3ee3c4cbb5549254b6dc68b9d1ccc01f37c12d19d8aaf05823,510,False
petra-dp19,1,639,RGI2000-v7.0-G-13-16662,caf9e33c2e31b3f3dad8e24653364b77cc3e07b3ce59dac0d7a6e063194f0456,511,False
petra-dp19,1,639,RGI2000-v7.0-G-13-07102,cb9810a562bcdbf4eb0851a62f1e268edf3bf8f0cce43cb030b45c1d9eae95cb,512,False
petra-dp19,1,639,RGI2000-v7.0-G-13-06788,cca4c7be850e16fed6795dc5f0f61faa189908d1845c5b2566bd1cbce81fc0da,513,False
petra-dp19,1,639,RGI2000-v7.0-G-13-19294,cd1a2fb630320eeef95d1fbb591d70ada899634529bc8cbf9cf595aa9597b4b9,514,False
petra-dp19,1,639,RGI2000-v7.0-G-13-07003,cd654d6f8f53db80a45e3f005556778060f1f8ac313987c4283441942fb81579,515,False
petra-dp19,1,639,RGI2000-v7.0-G-13-06263,cdb0efd6094c8251c5a4a8218a64b29b1d42851aaa3019f372b20f4085966d14,516,False
petra-dp19,1,639,RGI2000-v7.0-G-13-05388,ce239be784f657dc71408567bcc4babaa32f395e5a4dfa66dd4a834c9abcb873,517,False
petra-dp19,1,639,RGI2000-v7.0-G-13-19037,ce63b86db7084724689d7d847eb78b8efa0a6934f8dce66119a246b77a083946,518,False
petra-dp19,1,639,RGI2000-v7.0-G-13-19219,ce90737f6717b2cdebff2b2b0a55087ac12a613e0932781f7e109d7c6ffd0003,519,False
petra-dp19,1,639,RGI2000-v7.0-G-13-06183,cf825bb26baebfa60ae2d02ed4f8c581ab82bd0bc33f8da4b2b3b95c3afa1929,520,False
petra-dp19,1,639,RGI2000-v7.0-G-13-05625,cfadf1b0aaa87c010905cb0d3f91837b18d33f09499ada5830521c4175326d5f,521,False
petra-dp19,1,639,RGI2000-v7.0-G-13-07669,cfcb140730c95916632a0ab5b788a3a9e169731e132b4fbe9a8699951f8bbde6,522,False
petra-dp19,1,639,RGI2000-v7.0-G-13-19241,cfe2ba033b6f0701a2cb71f574d9feb593942448a97c76aedbb9e15936ac8e1a,523,False
petra-dp19,1,639,RGI2000-v7.0-G-13-05833,cffe6610ce2f93b846a72492f20af4d1b60a334ada4d9b5aef35e71592bae28e,524,False
petra-dp19,1,639,RGI2000-v7.0-G-13-06286,d02b2ba6c6bdb3c85c76c6bec7a27f716e8f5315b1a9cdcf1dc59b40204d8eb2,525,False
petra-dp19,1,639,RGI2000-v7.0-G-13-05887,d02de50f5f58e5d9bf400f19ce91b6847d15a9fed874dcfd6c416e5590db1268,526,False
petra-dp19,1,639,RGI2000-v7.0-G-13-07068,d0e05d7c96348025237fcd8aeb25f0ccedee313190e9e03e94d7b2befd9df80a,527,False
petra-dp19,1,639,RGI2000-v7.0-G-13-05892,d14096c7b8216242ba2c25fd7c51c35dfe91af785fef3454abbedf6d30c8c333,528,False
petra-dp19,1,639,RGI2000-v7.0-G-13-07263,d1e6c49d2222e5bb90d31e29c566cc0ae820c2b50e3159898b0eab6802e0fadd,529,False
petra-dp19,1,639,RGI2000-v7.0-G-13-05517,d2bb592fb76e548ee32c8a0c6c4fd16ae9c7657cd508b192634bacc476d55faf,530,False
petra-dp19,1,639,RGI2000-v7.0-G-13-07920,d38961ebb5d97029b79486e4799196957a7ef4baf726a62fe84a0c7a22d373de,531,False
petra-dp19,1,639,RGI2000-v7.0-G-13-05982,d3c3367242bf6d7aa0de6bedd949cdb8a3b7f8f55b17dc6a432c2d66e056849e,532,False
petra-dp19,1,639,RGI2000-v7.0-G-13-06585,d3e9b4e9e6aab76b959438742f123f12bd0c68bd510b3a79343740a7a61e5b39,533,False
petra-dp19,1,639,RGI2000-v7.0-G-13-07231,d3f73503e714749db54970c30461d89dd4132d2fad5ffd09f0d49ba676dd3510,534,False
petra-dp19,1,639,RGI2000-v7.0-G-13-16227,d4724eba327e0f3d323d5e69cf2ea2ad651dfb39b6000ce12fe8e0e70cf2dd23,535,False
petra-dp19,1,639,RGI2000-v7.0-G-13-19499,d480122afc429d416e10d1bc06d973461e75ea0afa4b16702da5c0ae706b7abd,536,False
petra-dp19,1,639,RGI2000-v7.0-G-13-05385,d5239dae99af8baa3c78aa82edf3c4834e7175892e6d519164ed5afd67089caa,537,False
petra-dp19,1,639,RGI2000-v7.0-G-13-19549,d57201833de54747d23a321d7085a93bc3a7a21c70e1b31857be88fb6086220f,538,False
petra-dp19,1,639,RGI2000-v7.0-G-13-07151,d66af5bf560df31cda733398f5b4a6190094349a5242b74c597db4b6556f4060,539,False
petra-dp19,1,639,RGI2000-v7.0-G-13-19198,d76bf7af56b701dc8c5d9508ff8ae140bee2b675ad9765b9187d844d29abaa9e,540,False
petra-dp19,1,639,RGI2000-v7.0-G-13-06787,d7b773f6b00da9ecbb36008352e03c53cf1d97ea5ca307f8d39f65178859c0db,541,False
petra-dp19,1,639,RGI2000-v7.0-G-13-19141,d81d419092abd0580afdac5f0f5c0459e7c2a79d96ea6fcd5a139273a108f416,542,False
petra-dp19,1,639,RGI2000-v7.0-G-13-05943,d928a369adb2e5d2583acf15b32c67a2ee4c511c93d2b38077e0db31f37a2e34,543,False
petra-dp19,1,639,RGI2000-v7.0-G-13-07383,d962511e7c54192049d17cd60f3ae96f12940d434534590e8a4aba4d66c857f5,544,False
petra-dp19,1,639,RGI2000-v7.0-G-13-05540,d976ed4992cf9276a5691255eeb446e7dd8401d9c621867e54e07064f87667b7,545,False
petra-dp19,1,639,RGI2000-v7.0-G-13-20066,d9a251264a1a2cf1d676267531e7bbf39ba24468646907e062e28e61dec4e06d,546,False
petra-dp19,1,639,RGI2000-v7.0-G-13-19496,d9a53f5c7379f7e198f5309d3cbb26965d10f2f42a52a7c42a765b8729c484f3,547,False
petra-dp19,1,639,RGI2000-v7.0-G-13-07399,da5528899957b011454b3a101de99691686d453c11b00eeaa1de673289d3441c,548,False
petra-dp19,1,639,RGI2000-v7.0-G-13-06184,da8417198c919526c7bdc359aee4d90fc62e414b60c82faa0da956a48bca33ef,549,False
petra-dp19,1,639,RGI2000-v7.0-G-13-06038,dabd969fad65b6d9e11b610110d4dca540e13cadcc13f3468ea4f9acad11ae73,550,False
petra-dp19,1,639,RGI2000-v7.0-G-13-14979,dac1d8cb2546992d334b3fc9c637a653ffcb717da0fa9343cb4ed4c4575f110f,551,False
petra-dp19,1,639,RGI2000-v7.0-G-13-20081,daca4746fe53491e541ec0489e68ee3e931826cdcf848769d9c9cf13f6302046,552,False
petra-dp19,1,639,RGI2000-v7.0-G-13-19203,dbf7cee9149ff85bb2e9390385bafdeec34e32df170dfa0ab8da90107ed969cd,553,False
petra-dp19,1,639,RGI2000-v7.0-G-13-06194,dc4530973033d7f96094e2909559ff11a7c05c6a190d7d524c0e0a6c78836eac,554,False
petra-dp19,1,639,RGI2000-v7.0-G-13-19401,dc4909af6c029a4df4d53ec573f9557dd02565e86ca2484dbbbcf88744d40387,555,False
petra-dp19,1,639,RGI2000-v7.0-G-13-17906,dc716afb431a702a6fc4d9e877ad9a0640b2ea16f528906260cba49cd5cca471,556,False
petra-dp19,1,639,RGI2000-v7.0-G-13-07272,dcabaaf84adddb63f56f18af442c9d5cf6b044f7b2980188a9243b7fe778e833,557,False
petra-dp19,1,639,RGI2000-v7.0-G-13-06792,dd02b8fc7d5259bcc6729f992bb7b3167bddffd1bb27701fde428bd5b57715cd,558,False
petra-dp19,1,639,RGI2000-v7.0-G-13-06815,dde2dcf8d03a237990ed8a838723490d9dddbfaa6bdb2c7e0fdc1e3f90cad543,559,False
petra-dp19,1,639,RGI2000-v7.0-G-13-19439,de9905ef3be0d243bfeec16669d4d7009cf98b1862e21470bd1ca3380d44b3b5,560,False
petra-dp19,1,639,RGI2000-v7.0-G-13-18055,def3d8d3fb61c3c2bf0e5cfe63c0d66c8ff28a2ce32aebc76aa952c5bb4a4d63,561,False
petra-dp19,1,639,RGI2000-v7.0-G-13-05650,df7fe84a2cd6f8188f81dc9ee7448e31e458b406e0df38dd11551b29cfa4c130,562,False
petra-dp19,1,639,RGI2000-v7.0-G-13-06291,dffc8db8dd3e6bd0e9f5d1d43e9305fb307d836dc2bbae8a2f1da2a8ef9f043f,563,False
petra-dp19,1,639,RGI2000-v7.0-G-13-07317,e045597cfacb38188f056e88597190ea083b5a669cdd99e4717c16c42a929812,564,False
petra-dp19,1,639,RGI2000-v7.0-G-13-19629,e095cb7fcdaef3894d6de7dacb91ba98a03d5dbcf7e02464d5181d93deed0448,565,False
petra-dp19,1,639,RGI2000-v7.0-G-13-07358,e0e0e889625a8b873b45c0dd30738eb97cee7d620bac20f1c816410e938d6e2d,566,False
petra-dp19,1,639,RGI2000-v7.0-G-13-07047,e0fe606b9b58d67a90e513ddf4b60a6b8e4609651745fa9767cf5fef4c7df0ed,567,False
petra-dp19,1,639,RGI2000-v7.0-G-13-07291,e173ee5409a86cf1acc6204b80d2be57c3e4c1da8803d89a6b943e82e765fac7,568,False
petra-dp19,1,639,RGI2000-v7.0-G-13-07198,e1a07fe41e0781b20a58911668e032007b07e219a5cb55009e7ec16c32682e1f,569,False
petra-dp19,1,639,RGI2000-v7.0-G-13-17777,e1aa31cdeec446928d0916970d8fe774e49c872e16d15e2cd0ffedb299f55f5e,570,False
petra-dp19,1,639,RGI2000-v7.0-G-13-05596,e25845d1c06248d831f197765576c1369a08ba07f429a3e8face01abaa189551,571,False
petra-dp19,1,639,RGI2000-v7.0-G-13-07731,e274d4b520a582de6996dc114488813822a3504dfcd8b660d376c774bd43dcd4,572,False
petra-dp19,1,639,RGI2000-v7.0-G-13-19050,e29e54522060be34f728cde52bde9a7cb1cf7f19b286b5c2c3295676ee659a9b,573,False
petra-dp19,1,639,RGI2000-v7.0-G-13-16569,e3ae21e735a7218157586512b370545afc25beee0c4ccbdc1d86e5b90e4ca885,574,False
petra-dp19,1,639,RGI2000-v7.0-G-13-05997,e428c4b8deb5a5a252c5db5876ecb4c7cf62d7dd4f0144c0a338397bcc065877,575,False
petra-dp19,1,639,RGI2000-v7.0-G-13-14964,e55314cd4c6692822bff15018a0664f7a35d53d3c881739fd740eaabc6981e87,576,False
petra-dp19,1,639,RGI2000-v7.0-G-13-19497,e5d35d3e5b2edee84023b54b56f03c61f786e8b39d5a2cdaf27a9fe8f7efe4ba,577,False
petra-dp19,1,639,RGI2000-v7.0-G-13-06822,e65e099779e0cacf51b23b9f07ab93828907c02d86e8e6c0b184c2f67d5bff5b,578,False
petra-dp19,1,639,RGI2000-v7.0-G-13-17768,e6a1dd84d85abaf92a9773e6ba62290cca0cbdd569af5778b01543fe5f799ffe,579,False
petra-dp19,1,639,RGI2000-v7.0-G-13-16678,e72b97acfe5b794a0d6aaea39f4f4f0fdec224f277a279fa5988b144ea44df7d,580,False
petra-dp19,1,639,RGI2000-v7.0-G-13-06976,e77476a813c06867940d809e02f858760995127eb47c13259cb6a7078d362442,581,False
petra-dp19,1,639,RGI2000-v7.0-G-13-05903,e85d19fca6ef248aa7c2421cecea04b565bff7eaa78d72c6b9677e53a8af2839,582,False
petra-dp19,1,639,RGI2000-v7.0-G-13-06094,e8998ccc25864112c2269f7abfa211dd0e04199db77264670f4bb59a8b974536,583,False
petra-dp19,1,639,RGI2000-v7.0-G-13-19336,e8c334c59b8aca11c5e8c2c36f343d524a8ba9272bda3058d6e3ee962d9e0c0f,584,False
petra-dp19,1,639,RGI2000-v7.0-G-13-05777,e916388a01f41adc7726a48cfafde5cecf7601ddf571e190fda911f16d1111d2,585,False
petra-dp19,1,639,RGI2000-v7.0-G-13-17725,e9d58526bb79fa7a06b6b5d8f2fe50993046bae5536374cb432fefffcf76f941,586,False
petra-dp19,1,639,RGI2000-v7.0-G-13-06921,e9df768114b90ed718ec6a648e3cb2e814cbcdc255a744607facffac69586e05,587,False
petra-dp19,1,639,RGI2000-v7.0-G-13-14564,ea30def157553b26fbde2a49b5ad7c9c18e29d576f3c41c5d546d1dc2c06d594,588,False
petra-dp19,1,639,RGI2000-v7.0-G-13-06980,eb33bf0faac5d7029c07b3b6e6e3e2325d367c7634a60473e581763a2d9d7392,589,False
petra-dp19,1,639,RGI2000-v7.0-G-13-07414,eb359be339f5d38e4bc1cc1d1b01c3df6912c5c0111a424117ac1f54209d1a3c,590,False
petra-dp19,1,639,RGI2000-v7.0-G-13-20067,eb9688119c07f7d62538c218de30abf4e44d765be26dea7f47994d9c39413681,591,False
petra-dp19,1,639,RGI2000-v7.0-G-13-07474,eb9b2abda21c0f4d1b49ead54120cbb37f300f94d4d750576bc0ef57fc320cc7,592,False
petra-dp19,1,639,RGI2000-v7.0-G-13-16281,ebf81bc15a8005f2132b7c14604fe9eb185207d3f27c974300dbc7b9a1672c6a,593,False
petra-dp19,1,639,RGI2000-v7.0-G-13-06275,ec9e214392ff5e10b0ce0503246e0c380d1881c1418080618ab3d4e8e0b74a3e,594,False
petra-dp19,1,639,RGI2000-v7.0-G-13-07334,eccc1b6d36e428f35d1661106b43205d4f3fc9168f9009c8a2033d974e347a44,595,False
petra-dp19,1,639,RGI2000-v7.0-G-13-06345,ed9304aca5ba446a5cec743b84097df8f16a0e792c7004fc44d61a8f2e7f9dc3,596,False
petra-dp19,1,639,RGI2000-v7.0-G-13-06052,eda045929ea344ad53116c73683883c5c7b36e1ab071373cc6695f0c961592a2,597,False
petra-dp19,1,639,RGI2000-v7.0-G-13-07271,ee77b4f1fb87c58c24b463ac22ee82144899b609476fd3884e133ea372aa794f,598,False
petra-dp19,1,639,RGI2000-v7.0-G-13-16940,ee7afdc5c22cd283bec570f6a21ed697ea9c4b09957caa83a4711fc275ca2024,599,False
petra-dp19,1,639,RGI2000-v7.0-G-13-07020,ef0a3dad2100a4e0f272dc2d71b56f674be3e46ee97efd4b04fb3480891c6684,600,False
petra-dp19,1,639,RGI2000-v7.0-G-13-07324,ef2b9b55954ce663278f40e49e37db6cae4280b448bc4c7512536061bd982315,601,False
petra-dp19,1,639,RGI2000-v7.0-G-13-07030,f02312b2c11e3add21d52d32f4ae79f63cb1704eef263fb477e6dcb51c5120d7,602,False
petra-dp19,1,639,RGI2000-v7.0-G-13-07541,f08b6d0cf1a21976df2c1849997c3a60ffa2246b83575e07ff2a6e5e37c16573,603,False
petra-dp19,1,639,RGI2000-v7.0-G-13-05449,f0c3a126c5b9e0dcbcfba6df687c18ad6b0e3500db4d48673fcb807b721c1172,604,False
petra-dp19,1,639,RGI2000-v7.0-G-13-06877,f10a95fb28ffa993bc3e480bb799e78d60dd8331e2910ba31d508cfb4726d9c9,605,False
petra-dp19,1,639,RGI2000-v7.0-G-13-19469,f1145c0d1ff8fdd73b7dc2203d0c0f7f7a69d056de7e0244f9deb01fc88b06a4,606,False
petra-dp19,1,639,RGI2000-v7.0-G-13-07314,f11cbb757be7fc7532613b23fbe5ede58e84666aef11608148d1db2184106c56,607,False
petra-dp19,1,639,RGI2000-v7.0-G-13-07626,f1979e2667de577bfc38031c26443a6705d8e3802e8a12049dc0447e8c802237,608,False
petra-dp19,1,639,RGI2000-v7.0-G-13-05832,f2925c32ba6536f8f8da8a86b6da09756c710d1b681d4018fb96ee8f0a17c882,609,False
petra-dp19,1,639,RGI2000-v7.0-G-13-06932,f2e1b71f329a92037a303ab83fd07736518cf35824846053d01bc3950d33e586,610,False
petra-dp19,1,639,RGI2000-v7.0-G-13-05380,f330891a17b1f1ab9ff8d31b4b8abd893ea3e0af0110784796c0645ce6ca82ba,611,False
petra-dp19,1,639,RGI2000-v7.0-G-13-06064,f36ddb411bb18241ea7fbfd52ad4f946040c268b33b005877439eacfbf6f0c9e,612,False
petra-dp19,1,639,RGI2000-v7.0-G-13-07123,f38d98c0c41f08ebac73cb8f1ec1e0e0e82c5be763f50ea0bfd4a1e547021f13,613,False
petra-dp19,1,639,RGI2000-v7.0-G-13-17724,f3a82a4a060ddc8ac52c727a07b40a9bfdced8e94e32a31229c1beebf5306855,614,False
petra-dp19,1,639,RGI2000-v7.0-G-13-07037,f3aeb47064dfaec67993219b3acc684e2b499f6697fa23f7b5e70b70dd1353c0,615,False
petra-dp19,1,639,RGI2000-v7.0-G-13-07948,f41b038b9e5f2a3bee301e5f88fdd1899a7153fee049a2dd06a769c37da0ca3e,616,False
petra-dp19,1,639,RGI2000-v7.0-G-13-06342,f444016b752d8ec2b7c5bd44f4ac57c2337410a6a8893d9f6a3e0dd8c31f1dba,617,False
petra-dp19,1,639,RGI2000-v7.0-G-13-06287,f4e03dc55c57a941a16d9bbff6ddd9081a9878f035931d501f681b0adaf84428,618,False
petra-dp19,1,639,RGI2000-v7.0-G-13-06188,f51f535995376bc30588bb7bcb79e9273c209c432c88274b41904502264d9e11,619,False
petra-dp19,1,639,RGI2000-v7.0-G-13-06796,f56787808fa7057123892d49736b347ce5bd860e25d1416956e5b571910b837b,620,False
petra-dp19,1,639,RGI2000-v7.0-G-13-07100,f61bc92bd8b17f3ee7f2e3e04502503bd3c72c31008ab5b6f73810fbe730a52c,621,False
petra-dp19,1,639,RGI2000-v7.0-G-13-07448,f68a1c631eb8a345c67e5ecf9141a585d69b4578b229e8fd7ce5124b9c502d00,622,False
petra-dp19,1,639,RGI2000-v7.0-G-13-17874,f6b743bffdb171b9a94cac96ad8025be3ab7347b9f3ae39b1952a3bcb598e7fe,623,False
petra-dp19,1,639,RGI2000-v7.0-G-13-19448,f7484207bb8fd8158572fa7820e581c1bef0f721e4f42e69e067ab3e1965ee94,624,False
petra-dp19,1,639,RGI2000-v7.0-G-13-07367,f76e7b3d1b7ebbb7c8752d0b85de8c551b93443086ef7737b3a87e5580341c74,625,False
petra-dp19,1,639,RGI2000-v7.0-G-13-14988,f7c62fa547032faa2b70bd56e09029f5119465f8bf016686fc15841dbbb3e9fa,626,False
petra-dp19,1,639,RGI2000-v7.0-G-13-06105,f7d7f210703e35a724ad8950a396d1bf890f224d7ba9ef9ae0af67f31a9a236f,627,False
petra-dp19,1,639,RGI2000-v7.0-G-13-06213,fa52a97cc6ee01b740fec5474c018171c25e5a6ada022a7948bf6534c7dec862,628,False
petra-dp19,1,639,RGI2000-v7.0-G-13-05349,faf3fc729db1af60a99a39a46c1288cabfedb7f277c84fb4f817d70441f38524,629,False
petra-dp19,1,639,RGI2000-v7.0-G-13-05944,fb2953e5018c77ad8824889789693562a29b51198515c6690559ecf6f3583623,630,False
petra-dp19,1,639,RGI2000-v7.0-G-13-06905,fb311effd73d750a6bf1e093dbe736e83afd592bdc76d8868ac58c007ea5ea3a,631,False
petra-dp19,1,639,RGI2000-v7.0-G-13-19403,fb7544e1838e8e180dbb44ddd70592a6a3d58c0e7c8c2f0f7ad7a69a7ef7e3a6,632,False
petra-dp19,1,639,RGI2000-v7.0-G-13-07513,fba19cd71ff2f86440fe5759ff725dc214914e2eb5dfbdd5b49edc9b22ee84da,633,False
petra-dp19,1,639,RGI2000-v7.0-G-13-19601,fc08083d0130afb091c6fca3204cf76697df744936aa411bbf7830cda13490b9,634,False
petra-dp19,1,639,RGI2000-v7.0-G-13-15013,fd6904b34c2dd99b5cd90189341cf3cb8e3181adbd24fbfcc0ffa5690a611775,635,False
petra-dp19,1,639,RGI2000-v7.0-G-13-06875,fdef84f9d5fa6066365f0397656ffe29b15700f53b5d19bc96a2f3e6b5ffcf99,636,False
petra-dp19,1,639,RGI2000-v7.0-G-13-07963,ff5987bb08c6c72a3e8c85eaa05841003ea64b773850268b9e86e5a2988a0873,637,False
petra-dp19,1,639,RGI2000-v7.0-G-13-14970,ff61bdf7b84653e0a8679be4420821b489cd560e477c15350e1cec0dafd643de,638,False
petra-dp19,1,639,RGI2000-v7.0-G-13-06817,ffd8251103ffe71cfa03f7aa697bb29e5f5fa498e703ac170750126e269e2ef8,639,False
aru-1-2016,1,1170,RGI2000-v7.0-G-13-67932,002a8d6626e85e60024ce1e4f2dd308d9a1d702f9376d4173b1f983d7a5f03fd,1,True
aru-1-2016,1,1170,RGI2000-v7.0-G-13-64675,007e983490f55e0abef9cccecbbb49f6e0ba23c4fdb35b3c78239ad25d0de021,2,True
aru-1-2016,1,1170,RGI2000-v7.0-G-13-64411,009e5b5541d209e6f4d86736cc5cc9f104057cdd0e8b87b6466b09df6fcf4e95,3,True
aru-1-2016,1,1170,RGI2000-v7.0-G-13-65720,011dfd98e75f54d45a4c2e315056ecd14cb4ca40ad84907a60f937964bbf8fe0,4,True
aru-1-2016,1,1170,RGI2000-v7.0-G-13-58740,0129b37aa478e2bb9ae7a7cb89e06ef123c0a2b8d56bada2952e1bf4adda4e45,5,True
aru-1-2016,1,1170,RGI2000-v7.0-G-13-65809,01492eb41c9ee39ff0b10972b778540bf4747cf12913ab024b747d3dc5f9280e,6,True
aru-1-2016,1,1170,RGI2000-v7.0-G-13-60124,01aaaba8dc179c5a063980cb74bb83c0c3fe4a7b5726182a278ccd6d242b39d4,7,True
aru-1-2016,1,1170,RGI2000-v7.0-G-13-67219,01daa2359f517bd88f1efd6293e03b0611e8960ee5f2336c15958c9914302d1d,8,True
aru-1-2016,1,1170,RGI2000-v7.0-G-13-64333,01dc4640e4e566694d065695e7cb019f9a01b12182563fa1d02fa86a8d498ee1,9,True
aru-1-2016,1,1170,RGI2000-v7.0-G-13-64657,028236cc4e0a43228ac06b51011bba6319a6d2751634c1aeda8f5bc4be6a6c72,10,True
aru-1-2016,1,1170,RGI2000-v7.0-G-13-62360,028cf052352cb5542b605a221e10b84799c4f124b2730e70af0916ae39be87cc,11,True
aru-1-2016,1,1170,RGI2000-v7.0-G-13-66890,031e12b2f707f76a1b4676f3075be31cb139f3a9065cbca3cd9bed809063bd85,12,True
aru-1-2016,1,1170,RGI2000-v7.0-G-13-60117,0392d24fa80a7acc7b91ac9bdbb82df47df4a12251c8d1e2c3f540dc815ad3b4,13,True
aru-1-2016,1,1170,RGI2000-v7.0-G-13-66450,03b856aced57596fcdb357612ec9d0e0eef2cc137e0a9b34c71719f18ab88556,14,True
aru-1-2016,1,1170,RGI2000-v7.0-G-13-58772,04013280d10722139defd071eeaa1bdfe30ad95c01ec0574a04197cabe5236e4,15,True
aru-1-2016,1,1170,RGI2000-v7.0-G-13-64353,0409ab4399fb84effbb8459d10a31e31394a4669d13f92a77caaa92e1f48edaa,16,True
aru-1-2016,1,1170,RGI2000-v7.0-G-13-64859,043d26e843c17d1fa0e9644f786b92d968c5ca90dac9a55c7866529e0fca8b9d,17,True
aru-1-2016,1,1170,RGI2000-v7.0-G-13-65173,04a63327a0320e1193740f5da14846006a11f90b79e37a2e580cd445d996b819,18,True
aru-1-2016,1,1170,RGI2000-v7.0-G-13-65048,04a655a2d6092a9139dacf87ee02d7fc7ad741bf54ee77acb7b1c0de79cd75c4,19,True
aru-1-2016,1,1170,RGI2000-v7.0-G-13-65939,04b9c04bfa93e7e83d2beb4b3da9eda1d98586a81cd7f2294c5a51e8e3e1ca2a,20,True
aru-1-2016,1,1170,RGI2000-v7.0-G-13-64776,04df8e2e7bcde770c53ee567af635ec173dd9eb4c6838de19ed556d57b08d69f,21,False
aru-1-2016,1,1170,RGI2000-v7.0-G-13-58999,050b87d3064b361a8913f18348e45b40a7740947c2ac11e75a5feaf87dee47a2,22,False
aru-1-2016,1,1170,RGI2000-v7.0-G-13-67202,05bed62280fe7125e74d56caa676bf34430c7505e49b86e4a6622bc4b01ff97d,23,False
aru-1-2016,1,1170,RGI2000-v7.0-G-13-58381,0616fbeab38e1b107129a2d2f4ec693183eb8ac7c6ca41d8fca23747598ec6eb,24,False
aru-1-2016,1,1170,RGI2000-v7.0-G-13-64708,0621e82db459b0027757060e94fbc1c9b39f0aafc14da45f3a301c628cb1879e,25,False
aru-1-2016,1,1170,RGI2000-v7.0-G-13-60328,062db528edfd0d534d88dec1f2e8407c8fcddeea4e591cbe3ad638c0a59a352b,26,False
aru-1-2016,1,1170,RGI2000-v7.0-G-13-66086,0652d7d13d2f61c954fb54ce137d94467d7f276bc6066e7c296717611ba158a8,27,False
aru-1-2016,1,1170,RGI2000-v7.0-G-13-66422,0665851c2c4fbf609b9d998a89729c7d3513c081c623252c130debd450bf6d04,28,False
aru-1-2016,1,1170,RGI2000-v7.0-G-13-61711,066fcb8aa056b9689ef3c125e6064f340451ea0fad7681a6ebc22e68708ab1ef,29,False
aru-1-2016,1,1170,RGI2000-v7.0-G-13-58792,0691b09cc50bb2e224ac1d783f9b6064d6fb339ff8c0a31de5f6ad43357276b5,30,False
aru-1-2016,1,1170,RGI2000-v7.0-G-13-65011,06b45a264f41d5c44e11de71a05d8d406a8a5993e28d91cd0568714d73c693a9,31,False
aru-1-2016,1,1170,RGI2000-v7.0-G-13-58529,06b70ad01406ce2d9eda3d2ccc26b70fa38575b9c826878abc41e422bc76a9e7,32,False
aru-1-2016,1,1170,RGI2000-v7.0-G-13-61564,06bd87b615aa9476f43cc3bc21645c7d62d31e4e3adb69eec4fa5320d13e1343,33,False
aru-1-2016,1,1170,RGI2000-v7.0-G-13-66526,06c36f6c32c5cbb28d0bf3643e370b15ff10d7ab2377450d9a2c8000b8e66654,34,False
aru-1-2016,1,1170,RGI2000-v7.0-G-13-66370,06c55394503b53e56bd274221397c071cc2104e6028a1fc38e6fb669bb8183f5,35,False
aru-1-2016,1,1170,RGI2000-v7.0-G-13-68056,06e94c580f094b4b5b5e04ab5b1d35d11d617d6168a049442f1877eaf6875c19,36,False
aru-1-2016,1,1170,RGI2000-v7.0-G-13-65345,06ef24d0e4f491d0e120866c38cc4199ec62a784b024b8a9afc9ba58ba047a09,37,False
aru-1-2016,1,1170,RGI2000-v7.0-G-13-59198,070b4c7bfaf027e7289063b66af52ea002bb0647461b7837c9acbc97e8487773,38,False
aru-1-2016,1,1170,RGI2000-v7.0-G-13-66248,0763b7cff44b462f10839c382248672ee6a25867e8630e6f56e743f0990c8f30,39,False
aru-1-2016,1,1170,RGI2000-v7.0-G-13-61080,076d8379a54fde785626a99ab5c5e6cc3bdb749b3442e1cc4f9daed98a874d97,40,False
aru-1-2016,1,1170,RGI2000-v7.0-G-13-59987,07dc23c1009920242031b5ea77328145ca192fb36e82650397fdd99cf04380e1,41,False
aru-1-2016,1,1170,RGI2000-v7.0-G-13-58412,07f10bf32f65d0557c518a47e27900a7e5aadd5ed5cfa7293dddf99d10b8aa32,42,False
aru-1-2016,1,1170,RGI2000-v7.0-G-13-58833,082179697a0be22f7b921a9181622bc5e232201f8a1f56aed064baefe281f9c0,43,False
aru-1-2016,1,1170,RGI2000-v7.0-G-13-60533,085102b689e12d31a20a9fa03d0df20c809ff8ef42699fe08b886258fcf62b57,44,False
aru-1-2016,1,1170,RGI2000-v7.0-G-13-64361,08af471ea1ed145e7f818795f165a099cf1b9dd9bf53b353d4702627004ca279,45,False
aru-1-2016,1,1170,RGI2000-v7.0-G-13-66096,08d20bd038f0afe7294dac152f7c66941d56b5f33959e2fa78eca954e78e7352,46,False
aru-1-2016,1,1170,RGI2000-v7.0-G-13-62473,09702ced645676fc34a59c4f494cfb2343b12f7a71575f15956b37b9610f0cb6,47,False
aru-1-2016,1,1170,RGI2000-v7.0-G-13-64983,098c9e5819c8d03d739d31e08ccbdbdf5399cf31ed6d6954935504e05d6e1e63,48,False
aru-1-2016,1,1170,RGI2000-v7.0-G-13-64311,0a0c5b2ff4f2a2f2ec416e2dd388a0b01fdb56dd9c79373fa0dfad45854f1cbe,49,False
aru-1-2016,1,1170,RGI2000-v7.0-G-13-58810,0a61d37bbbdd739c83ddcaef9c38aaeaee1bfd07b4b76d3d290e8716ea28548f,50,False
aru-1-2016,1,1170,RGI2000-v7.0-G-13-67746,0a7fd665a3c26f8daae700cf6855bbbadb3a245970a52ec688489206dc3a3b17,51,False
aru-1-2016,1,1170,RGI2000-v7.0-G-13-58835,0ada2fd4f9958e5a671e2fd7ac2b3a15f23e2ce406e2502e471dd37840762e5a,52,False
aru-1-2016,1,1170,RGI2000-v7.0-G-13-67626,0ae7105e13cbd749919a7c9b92c63d505d5913e54561ed7c341cc26c4e2de515,53,False
aru-1-2016,1,1170,RGI2000-v7.0-G-13-66524,0af7ef515aa921270a31f33924e0b1886ef66c4133dd1794c152463b967cbccb,54,False
aru-1-2016,1,1170,RGI2000-v7.0-G-13-66101,0b2172516782d2cb5198e80a7ae0d3bf0410a4aa21d7703adc4b3c1960e48ddc,55,False
aru-1-2016,1,1170,RGI2000-v7.0-G-13-65968,0b3a8bd24eab7568f5a0c9149cf4f2482c1f80b96c6bd3af0feef00294f30553,56,False
aru-1-2016,1,1170,RGI2000-v7.0-G-13-65194,0b406396cc2a014a0e54a383fa3d541a580362d6df46e588e77e7b51de9b16b0,57,False
aru-1-2016,1,1170,RGI2000-v7.0-G-13-59971,0b46c8854aa31315e6037ca60504df1d6f1642f62ce2cd5c6971b52f24f002ed,58,False
aru-1-2016,1,1170,RGI2000-v7.0-G-13-61215,0b79098936d5443790807b6daf1d98eeae05a6b916911069200380ee2773cb6f,59,False
aru-1-2016,1,1170,RGI2000-v7.0-G-13-64637,0bb022c829be0076363c0393dbe7dc8ee000b3397c441c36aefccc1d23f329b4,60,False
aru-1-2016,1,1170,RGI2000-v7.0-G-13-58745,0bb8ad0d4b172b44e7c772baf5d422934c89325fa2461297d9b06405c4adee8d,61,False
aru-1-2016,1,1170,RGI2000-v7.0-G-13-58794,0c3a834d5498f404fb427075a46da2c4a83006e06fc17202832e06de84c29edc,62,False
aru-1-2016,1,1170,RGI2000-v7.0-G-13-63832,0c4589041232c4cf2e635fdd9e3b3a634bcda7c757c5b730729d47d930f39f28,63,False
aru-1-2016,1,1170,RGI2000-v7.0-G-13-59135,0c63d96d371c0b6942e3b7d1d6c0b963b235dbe4f99bb933f82451a64c05e00d,64,False
aru-1-2016,1,1170,RGI2000-v7.0-G-13-62306,0cad73ce5cd567cc6492a83ba92de63a2134d0051bafc31963cd27feb0d6fac7,65,False
aru-1-2016,1,1170,RGI2000-v7.0-G-13-62153,0d025e9652c12a31e2890c9be82f8a771b40c04151701f0ffee8f8682cf5f711,66,False
aru-1-2016,1,1170,RGI2000-v7.0-G-13-67617,0d461ebb3b5c0f5f8c6ec2e85be9a7ba1254ba054a6839dffee55ae09bd79278,67,False
aru-1-2016,1,1170,RGI2000-v7.0-G-13-59330,0d5cabce76063f72b3b68b88e997de845fc7c452ddc7acfeb40efd1d6a6ce676,68,False
aru-1-2016,1,1170,RGI2000-v7.0-G-13-66344,0dc4c2ad20f536929e1c4c6414fafa15f6e09a341e2a4f3f6815b1b89774c46d,69,False
aru-1-2016,1,1170,RGI2000-v7.0-G-13-63515,0dc6fd317d89e7ae1c305ce3086445f2d809a7b74d36f11f09c93bba4361e372,70,False
aru-1-2016,1,1170,RGI2000-v7.0-G-13-61563,0deb857f9b5260183e034ad14af912a86d62846736f1f3eb9250b10e4ea71b3e,71,False
aru-1-2016,1,1170,RGI2000-v7.0-G-13-65558,0e6d03a18aea2e7886f03c3aad3f4b69afd21ae5b1c3a1b6aec88a61b60c0944,72,False
aru-1-2016,1,1170,RGI2000-v7.0-G-13-65938,0ec1b6f140d3a9fc83b19a3de7fc629e7a8695e5c633f8705aaf2b884d2bdb95,73,False
aru-1-2016,1,1170,RGI2000-v7.0-G-13-63129,0ec47a3cc2e53212add859090d9a000bf409ae95892dd43c7cfe56a2bba8decf,74,False
aru-1-2016,1,1170,RGI2000-v7.0-G-13-65021,10551dad954c27fa3322a1662541002b5ecf2ac73ff7866b94e9463f0942ed5b,75,False
aru-1-2016,1,1170,RGI2000-v7.0-G-13-58596,1073c077782b99061d4eb69920771aacea96336295693834d2084a9bdaefe786,76,False
aru-1-2016,1,1170,RGI2000-v7.0-G-13-61021,107fe5e072bcf530b96e26333215cb04d67a6b9fe1f736bd51d5ab836f90ca16,77,False
aru-1-2016,1,1170,RGI2000-v7.0-G-13-65322,10a04f7a0fc44a93fd9285ea17d0c5550b3bedc9c7a1ee6b3730430c6bfc500a,78,False
aru-1-2016,1,1170,RGI2000-v7.0-G-13-66078,10d245b74a3026a25b92ebeb2abaae64ba3deda81a0a324573659d84a657bafe,79,False
aru-1-2016,1,1170,RGI2000-v7.0-G-13-66437,10f8cea9b7b2a293e1ce662640d1f0d78ed3211467520445a0b149e23b6f0dac,80,False
aru-1-2016,1,1170,RGI2000-v7.0-G-13-59838,11502d72d02b9a85d34fbdbf841ea7b9fef81aa65616ca652a9b9a905e70a66b,81,False
aru-1-2016,1,1170,RGI2000-v7.0-G-13-60103,116059432ccce3cb064e40b6e225438f290359863b995d79cdd32f2a82c00f82,82,False
aru-1-2016,1,1170,RGI2000-v7.0-G-13-66416,1168834bf736750288fc6871f650ef30548dc5f734fdf6951083a5e150455f12,83,False
aru-1-2016,1,1170,RGI2000-v7.0-G-13-64778,1176ded7949fc9d9e1ed25c052f9e17e78229873652116b783fc60e29ca4a481,84,False
aru-1-2016,1,1170,RGI2000-v7.0-G-13-67454,1178b3e2ad59664d2e12fdc5ef078688c0c6089068c0c82d06db1b491e25cdb4,85,False
aru-1-2016,1,1170,RGI2000-v7.0-G-13-60492,118a3430fdda3fedd7b156242d9a0c29cdf27a8d439249ff19f12a0506db5475,86,False
aru-1-2016,1,1170,RGI2000-v7.0-G-13-65805,11963fe96e38766e3a8119d9420da3aac7a622a5abce9b65751435fbe5c3b549,87,False
aru-1-2016,1,1170,RGI2000-v7.0-G-13-61031,11ff91d7eae1d590a584f641644a211a34d3adb6ce73c00d8c22488174f58554,88,False
aru-1-2016,1,1170,RGI2000-v7.0-G-13-67672,12b2256a229c5cb84a16a8e8e42c07015e29919c5ec9477dfe7525f4a9cd9832,89,False
aru-1-2016,1,1170,RGI2000-v7.0-G-13-58955,12fdb51c716fc32864ebd318f792ea47d3e93a726e766544d0fa19b2245d0ce6,90,False
aru-1-2016,1,1170,RGI2000-v7.0-G-13-63275,13307a2387042b92c0e420dbbe2d2e6a98aacc70f712ef352dbe8a70a1a11840,91,False
aru-1-2016,1,1170,RGI2000-v7.0-G-13-65458,137475248c1135a9a3409aa567acc738f2b8cda58c126fa6d686db7f7c32c03d,92,False
aru-1-2016,1,1170,RGI2000-v7.0-G-13-59687,1396a69537172c1b59190ec954d758dd6621fe79056f4bae7b736292221fad63,93,False
aru-1-2016,1,1170,RGI2000-v7.0-G-13-58457,13b1ba058dd4755c46e1b1b586b0b04d68f0c0bd9fd21b26312e8ab8dcb4a008,94,False
aru-1-2016,1,1170,RGI2000-v7.0-G-13-57447,13bc537fd6928a7605a0ee5c0f73e4dcfe738a58311532b488e5c469870459dc,95,False
aru-1-2016,1,1170,RGI2000-v7.0-G-13-59653,13cc8d9fdb60e55b85df9ca1762d93ec1dc9482f3f5a3a1ed026ae68c7bda503,96,False
aru-1-2016,1,1170,RGI2000-v7.0-G-13-65283,142f406bf27cc6bbfa764695cf9f7bdeb2c5ae228ae27cb789c938f61e2a511b,97,False
aru-1-2016,1,1170,RGI2000-v7.0-G-13-67200,1439b215afe583b5bc65d37a19eb0a2c5ad66337121534c666b4d511534f4162,98,False
aru-1-2016,1,1170,RGI2000-v7.0-G-13-66124,14499c4d2b9c9fe99dfc611d0ab22a0c75e9fab2f229f5a993a20d787cc7edb7,99,False
aru-1-2016,1,1170,RGI2000-v7.0-G-13-66041,145ad4f705db89efee0575198e4798643e733b02145dbdccf8e9305a53de5e35,100,False
aru-1-2016,1,1170,RGI2000-v7.0-G-13-60276,148ffc13b4d7baa44027550d263d0aa5837d37fda353c4b5fd6246ad290e3e16,101,False
aru-1-2016,1,1170,RGI2000-v7.0-G-13-65683,149c484a88bc1184d6d4df4fdaf739fe91e3f4975827f972259f378982bb4705,102,False
aru-1-2016,1,1170,RGI2000-v7.0-G-13-65889,14b5813e2919919b4071a5c7f24f371d2f3397a394711716d373536a3e258938,103,False
aru-1-2016,1,1170,RGI2000-v7.0-G-13-60970,14d9b5d5a375cc122faef558a15c90d4cb97195ac0a3dcefec5f358d17bc727c,104,False
aru-1-2016,1,1170,RGI2000-v7.0-G-13-61569,14db3fb023639c7c24926c4fa8f884c52700046d1947360a808bf3ce1d740831,105,False
aru-1-2016,1,1170,RGI2000-v7.0-G-13-58796,14e9ab773e7283ee02e2adb95c532dc6d198fbc1e6ef8d4a1ec082931f9e50e9,106,False
aru-1-2016,1,1170,RGI2000-v7.0-G-13-61784,155a8fb47522d0ee2d9b2473d9ee45a882b831fa07f5064c963b5b3ad5a65168,107,False
aru-1-2016,1,1170,RGI2000-v7.0-G-13-67261,159271ddbcfafa7e73741905dbbdd865b2e537d7b1eb2d40afc5eee8e768832a,108,False
aru-1-2016,1,1170,RGI2000-v7.0-G-13-65280,159ab6d993fa2f93c1223469c46b919d66fbbd717f53c727eccc30bda325cc3f,109,False
aru-1-2016,1,1170,RGI2000-v7.0-G-13-59974,15fd737d824ba02b02cf44a9d0422e91e421f65b3d3b352a3f201171e8f5b6c7,110,False
aru-1-2016,1,1170,RGI2000-v7.0-G-13-66706,167bcdd34b6dc0a612bbd486a6f23ea76367cb593de30dd955481acfa69f6d3e,111,False
aru-1-2016,1,1170,RGI2000-v7.0-G-13-60228,167e2743156bc0a6b938e9e39ba4074bc75544ce9cf7cad3ed13ab11e9f74d1c,112,False
aru-1-2016,1,1170,RGI2000-v7.0-G-13-62465,16ce0dc0f1a00b85273ce6f0e8bbccb366edef75d41901d4f7c97ee315db382e,113,False
aru-1-2016,1,1170,RGI2000-v7.0-G-13-58736,16d9590925dc60bb321bb944715e9870cbc857e2583da5af936f2040398188d9,114,False
aru-1-2016,1,1170,RGI2000-v7.0-G-13-65888,16f300143bafc1e1640f94c82aeb9fa0a89671ae21e60991e0150af21d563e78,115,False
aru-1-2016,1,1170,RGI2000-v7.0-G-13-62340,17610411fdf4d02aaa045482f0d64fdd69dbc74859e4f75746a1655215d67a35,116,False
aru-1-2016,1,1170,RGI2000-v7.0-G-13-61744,17d312ef3995892f1adbe1050202a864be18b53418172dff84dc190b4efe5190,117,False
aru-1-2016,1,1170,RGI2000-v7.0-G-13-60173,17d4e7879b5c86531175ac155f35d4e3d92778a3a0d8ee699c31b5fa8f6afd10,118,False
aru-1-2016,1,1170,RGI2000-v7.0-G-13-64007,17ed188484baa3b647e4a73e1531d66326070ef9ecd61b662cf2573e659ec4c1,119,False
aru-1-2016,1,1170,RGI2000-v7.0-G-13-57174,17fc72794ad128e9ed4abfd5f1b280f432633c5d82c45751a6864ccf05e79d94,120,False
aru-1-2016,1,1170,RGI2000-v7.0-G-13-65453,17fedc532a6dab9dd36d84a6aae4de29c243cf20392accb66cb3dcc036219721,121,False
aru-1-2016,1,1170,RGI2000-v7.0-G-13-59961,181af56291e98df6c2036433898d76986a483d4b9e1aaa7872b8765285a1ecce,122,False
aru-1-2016,1,1170,RGI2000-v7.0-G-13-59147,181dcbf0f142ae0000773e8c72b59ecfe18cd1e4a362cbb1990314c02428c3bb,123,False
aru-1-2016,1,1170,RGI2000-v7.0-G-13-57426,183d834765020c6a6adb8495e30a0bfc5639d518e26fb11f8f21cc34eb46432c,124,False
aru-1-2016,1,1170,RGI2000-v7.0-G-13-61092,1846b6b8a7436ce7f6df4010e99480e0f9eaa26f12312f2cdc42ffe88f9a6a40,125,False
aru-1-2016,1,1170,RGI2000-v7.0-G-13-59466,18537f6989996d43266771003a0291c3a7ee324840d18d06505521adea4be740,126,False
aru-1-2016,1,1170,RGI2000-v7.0-G-13-60844,1863716594ca63e17048a9aed2384ded86d0be55d8b9b93a966a8464847eb50f,127,False
aru-1-2016,1,1170,RGI2000-v7.0-G-13-65979,18657c15809637545764dc6a09016ce94d60534f31a70462a8f54ede937af9cd,128,False
aru-1-2016,1,1170,RGI2000-v7.0-G-13-58181,1873d9e6dfb22e3d494f50acae5b2da80fbfc9a02b6e64f6cd1c7b9a552523e7,129,False
aru-1-2016,1,1170,RGI2000-v7.0-G-13-60218,18fbfb7a4f50643b85b5deb6d163d28734b6dc5adbcf8467e77296a22e3aadd7,130,False
aru-1-2016,1,1170,RGI2000-v7.0-G-13-59893,1901f602e41d567ce5950eea139178fe0a7bb0f18dfed3caaf1c0ece38d28f3a,131,False
aru-1-2016,1,1170,RGI2000-v7.0-G-13-65965,1908e47ce47b2cb8400e6e347cd05f7f008b19b27ed527a9538cf07f8d838fff,132,False
aru-1-2016,1,1170,RGI2000-v7.0-G-13-64704,193339448b3f6826ce6f61918c6ff08d8bbefdd63e951fd6e9478ae90b40925a,133,False
aru-1-2016,1,1170,RGI2000-v7.0-G-13-61178,1933ff0cacd960a5adbcb0e0f7b98553fb478f9894e7742d068ea91450fc6442,134,False
aru-1-2016,1,1170,RGI2000-v7.0-G-13-66908,19654e9868cd6c3710415ae32af761634533632835459d9a0e3bde39c85c21c2,135,False
aru-1-2016,1,1170,RGI2000-v7.0-G-13-61562,199e7c5519b9c8132c9ce7441aba41e884a1e620e9cb8a47e67f3b528b69ddf9,136,False
aru-1-2016,1,1170,RGI2000-v7.0-G-13-65966,19a4363924b3a0effccf79cd47143fb5a1f41073ddba31f8c9c175d5895f6e95,137,False
aru-1-2016,1,1170,RGI2000-v7.0-G-13-64867,1aec765233340eb19d67114232a53a0d7b0d3bd150fbe949e3dfdb665e38d3f0,138,False
aru-1-2016,1,1170,RGI2000-v7.0-G-13-59358,1b5aafeda1b17e82c48e9e0b05a1d9a50e8d7afc83725b3fab7147f46d5decdf,139,False
aru-1-2016,1,1170,RGI2000-v7.0-G-13-57417,1bf093a26627624196bc7972958f4d72942b9f88c99048aae99dab6d47a73f7b,140,False
aru-1-2016,1,1170,RGI2000-v7.0-G-13-60580,1c2ee7d89c99c6b8f7598781fd0b15707c19d19899afada06c6f484b3e6a338b,141,False
aru-1-2016,1,1170,RGI2000-v7.0-G-13-65400,1c6395b67efd496048ff7f4dc95fb81c3129a36d9e66f4148d5f2f75d9463a35,142,False
aru-1-2016,1,1170,RGI2000-v7.0-G-13-67279,1c8fecbdff39aeed10601173328c46e6a07bc073dbcc90d77f06bf9e50e986ff,143,False
aru-1-2016,1,1170,RGI2000-v7.0-G-13-63121,1d340275e0d54eed2c52815bb6f1abcf611afb9beeef081b5905c968a850f3bd,144,False
aru-1-2016,1,1170,RGI2000-v7.0-G-13-66481,1d6b9ec04a5a64db5526c17b05c9c0b718896cb66271d6910547753d9f15118f,145,False
aru-1-2016,1,1170,RGI2000-v7.0-G-13-60100,1d6c6d1c1d58c0cbf6b5247c39b1b6ffc5ba9dbac93ca34db04349759930ca8b,146,False
aru-1-2016,1,1170,RGI2000-v7.0-G-13-59497,1d74e506438b72c2e388f78d2921f9e10c5d7c7d4d0df28e9f4ba5dcfc94d99e,147,False
aru-1-2016,1,1170,RGI2000-v7.0-G-13-67634,1d7c34e10e6d3c5a3b20fffcf5acf748ec664c5dd28c19cabcd558e020ae28aa,148,False
aru-1-2016,1,1170,RGI2000-v7.0-G-13-66786,1d92a6dd51d1c5e4c20e6e7d76c8192facd12ce6ee736ebb31bfa67b5a583f11,149,False
aru-1-2016,1,1170,RGI2000-v7.0-G-13-67302,1e01d72c9ab91b0e30f057c911c98c58870c8eebff8a327a2f291bbcffdd4411,150,False
aru-1-2016,1,1170,RGI2000-v7.0-G-13-64820,1e205e50997dfe6bad78f9daab0548c86c073aadd7344880ac4b04522d53ccdf,151,False
aru-1-2016,1,1170,RGI2000-v7.0-G-13-58177,1e31d040061acbfb6ca4d64c6db2ec6a364b0095eac0ade432ae8db181169e86,152,False
aru-1-2016,1,1170,RGI2000-v7.0-G-13-64707,1e4fe1a75db1393e6fae7c6611081581c76de738c5a69e4d0246fc03bbfd8232,153,False
aru-1-2016,1,1170,RGI2000-v7.0-G-13-63736,1e7140fe85d9bf26173880b842b9fde007f7d17b16f722a7fb4be707ff725e69,154,False
aru-1-2016,1,1170,RGI2000-v7.0-G-13-65647,1e7c5bb1c83da6c023f14935e1093240f00deea312ba003ab3123763fe45fca1,155,False
aru-1-2016,1,1170,RGI2000-v7.0-G-13-64420,1e7ea7bc2ea15a0434c49475439d9b54da832a6c88f568d614a4664dae7669bd,156,False
aru-1-2016,1,1170,RGI2000-v7.0-G-13-68039,1eaefaee60ad2d76599fcdcfd31f18164ca48285468c92e41df2be7f71aa36aa,157,False
aru-1-2016,1,1170,RGI2000-v7.0-G-13-58386,1ef179f8f90ee441c7f5a7a2ec1492fbb106919f813c2c96b2babd5478d87b47,158,False
aru-1-2016,1,1170,RGI2000-v7.0-G-13-65121,1ef7444a69687efb2a5f58bb00c2858bde10d6473afdf55c73b3561a10a41b54,159,False
aru-1-2016,1,1170,RGI2000-v7.0-G-13-66328,1f21b7718b6420e07029524bd3b3aa335fe95758d5b51be25362deac83ca3ef0,160,False
aru-1-2016,1,1170,RGI2000-v7.0-G-13-60376,1f4e72ffb19af20bbfdf069a23104b734b6844e962202876347aee289ae3aab6,161,False
aru-1-2016,1,1170,RGI2000-v7.0-G-13-61061,1f51779e58a249344ab7168ecb5083e9df1062aa8c160ee03f8f1a0c9a48199f,162,False
aru-1-2016,1,1170,RGI2000-v7.0-G-13-58755,1fd8f661dcbb8376bd668c9c129530e0a2634b732d54f86ba20f388f448f3201,163,False
aru-1-2016,1,1170,RGI2000-v7.0-G-13-58925,2016c22d14ff849a516e22452aee243a88cfb99e2afd136c0935af749a988cbc,164,False
aru-1-2016,1,1170,RGI2000-v7.0-G-13-59899,20a7eb13ec565db8d4cc025e95344f0738bf2f67b82403ca927d988de02d4522,165,False
aru-1-2016,1,1170,RGI2000-v7.0-G-13-63324,20b78fb148f5b218d92018a5d8a8e63f29bb26cf43ad1b29126d85c291bba7fd,166,False
aru-1-2016,1,1170,RGI2000-v7.0-G-13-58363,215f47cff15449389a0f14cf3dfe66c0d06b58e57bca414473af85a7af2ae690,167,False
aru-1-2016,1,1170,RGI2000-v7.0-G-13-65970,21d88e01a91031af5c27ff576a9520005a712dcabf8fc5c2e6e71852c77f7f1c,168,False
aru-1-2016,1,1170,RGI2000-v7.0-G-13-64926,2237f804b0abe517a20719394b8c23998299bb446f99ac4493cc170358f9219f,169,False
aru-1-2016,1,1170,RGI2000-v7.0-G-13-64833,22a5a1a1468a897dfa647ce7362599c58773210f30c0d8b3439885804fbcfeab,170,False
aru-1-2016,1,1170,RGI2000-v7.0-G-13-60542,22cfcf4c98e896b5b26d087504ce275b2702c18c8dd3a5958ef4223867a7ec29,171,False
aru-1-2016,1,1170,RGI2000-v7.0-G-13-63128,230dd7865c27f51e0d9b932b4be34904da7cfc50ea177279791c48a851167821,172,False
aru-1-2016,1,1170,RGI2000-v7.0-G-13-66722,233b46c3590a7aa5f32a92eff8b496d0a1bea209a28c12888709f00360cc661b,173,False
aru-1-2016,1,1170,RGI2000-v7.0-G-13-58827,233b9ab6b7cc32296bc6ca0ae5136d24392bfc82e904cbee6b46ee40bc193267,174,False
aru-1-2016,1,1170,RGI2000-v7.0-G-13-60391,237ef0e8c169b4d26a4e578eeb3701049cee9d368eebca88e4cb158b8efe8b90,175,False
aru-1-2016,1,1170,RGI2000-v7.0-G-13-62284,23aa1718c8fce93bcfd0418bcef1281817a5810882001d59c70d8fee19fccda8,176,False
aru-1-2016,1,1170,RGI2000-v7.0-G-13-65831,23b40384da43b0b21338c3627556e81e095a3cb01972f333d8f102a0cbd6a133,177,False
aru-1-2016,1,1170,RGI2000-v7.0-G-13-58705,2425d0293a96e10cad464dc53f1e36b724f391b95b6cd6c83a09181e309f4431,178,False
aru-1-2016,1,1170,RGI2000-v7.0-G-13-58928,246c8840937711b704f64f990602bae18fab2b310d198ff78572a0976c9532c5,179,False
aru-1-2016,1,1170,RGI2000-v7.0-G-13-59890,247ebadc14c8029039f8d710ef376edb6e7b4dcf7f3d4e8c1639208be51813ea,180,False
aru-1-2016,1,1170,RGI2000-v7.0-G-13-65316,2530b43fb0f25f3de4981b47f8064a971bf25da70151c454806df72e1fd300e4,181,False
aru-1-2016,1,1170,RGI2000-v7.0-G-13-63551,258e8c824c344b53f73fe8db36d3495cbba971985b5b38f3bec8a3ac1c920809,182,False
aru-1-2016,1,1170,RGI2000-v7.0-G-13-61544,260a26a248780945c097db08afe1b68c5eb48ef2f14816f4e6b79ad3b0d6e92e,183,False
aru-1-2016,1,1170,RGI2000-v7.0-G-13-65427,262dcfd929a9b9ae147daca2cd76546aa6668d49b8bdb351455ed1cf51c454b5,184,False
aru-1-2016,1,1170,RGI2000-v7.0-G-13-59329,26ebc74ac0a89ef54057e024ec6deb736736a1f7e796ef589afb9c558158e4bd,185,False
aru-1-2016,1,1170,RGI2000-v7.0-G-13-66464,270c670346b51f56567623e1c80391614cc028cbe36c67f1b5afb0465c45b991,186,False
aru-1-2016,1,1170,RGI2000-v7.0-G-13-66953,271b5190931f8168628c9d0a7954701728471c0ba63666312413986158325d2c,187,False
aru-1-2016,1,1170,RGI2000-v7.0-G-13-65660,278ec92ccd53513d961390fbd2a9f09288d789c1a414d0a5b25f05c6c0117cbc,188,False
aru-1-2016,1,1170,RGI2000-v7.0-G-13-66195,2799356005f7e0bcaf06b1540f68bc9d59707ed6d0c64d86247d55d2c5dd60b4,189,False
aru-1-2016,1,1170,RGI2000-v7.0-G-13-60315,279a691f595bc360343b70babd7cd07af0cde98bbb8b8a3f897a1a864ac37411,190,False
aru-1-2016,1,1170,RGI2000-v7.0-G-13-59840,27e18f10f060272d20eed32d2389d7819adab0f80607fc7b032ddc8666a4a1c0,191,False
aru-1-2016,1,1170,RGI2000-v7.0-G-13-66218,27e3ba14364c1909980bac57058fec0b8cc0154f14b50aee8cb88ae49f01b78e,192,False
aru-1-2016,1,1170,RGI2000-v7.0-G-13-60267,27f77bda6b72452a336e143ec737eadee611857cae8670635785b03303f3e55a,193,False
aru-1-2016,1,1170,RGI2000-v7.0-G-13-59151,280b5f0fdeae0be986eed29c5fa7134a89050cd357503f6f9c50de3c490f0a71,194,False
aru-1-2016,1,1170,RGI2000-v7.0-G-13-61804,2869944877c9e14e02485e8aa37620b0d93b98eb114819ec6a8c8bb68801aa4b,195,False
aru-1-2016,1,1170,RGI2000-v7.0-G-13-65249,28d7018555cc8b879837864008dbb7e8cd801d95e3b76ba4e9eede0655774c2e,196,False
aru-1-2016,1,1170,RGI2000-v7.0-G-13-65446,28f1cd09e68410beec360534fea6aca9320980c37b59351f283de8074827b3c0,197,False
aru-1-2016,1,1170,RGI2000-v7.0-G-13-65754,290368b215c62c71adff7381762381338bd0bfa9aab8f7cf343e72fde55e5dc9,198,False
aru-1-2016,1,1170,RGI2000-v7.0-G-13-60255,290895390cfa01304ec6db61a4881c5b10f423ac3d806ad20ad291507c7e96df,199,False
aru-1-2016,1,1170,RGI2000-v7.0-G-13-64056,2908fc797b1412c4dd7fb5660cbe6703f996fc3d3a945cbb6f772653f5ace9c2,200,False
aru-1-2016,1,1170,RGI2000-v7.0-G-13-63694,294d512f2f5242e484f8f6c13d4d3c87ed8c9cb1806c8f37bd3b4d5c9d9e4afc,201,False
aru-1-2016,1,1170,RGI2000-v7.0-G-13-66382,295a1efe961a0a48f7a8b4b2957f05ed7d30fc74c2178facd07de730e772da99,202,False
aru-1-2016,1,1170,RGI2000-v7.0-G-13-65806,29903791d44b28bd565b9936880b538fb1553688bd6b23b0739f45ec65de7748,203,False
aru-1-2016,1,1170,RGI2000-v7.0-G-13-66392,29937f7c1c5e037837f7346ca970ef31138a255c0f5532826e37532419772abb,204,False
aru-1-2016,1,1170,RGI2000-v7.0-G-13-58523,29b6625cd790f950cc2d2f4132aa8173f438135d83bcd4c2d35152455128988d,205,False
aru-1-2016,1,1170,RGI2000-v7.0-G-13-60893,29baae35a4e5857fe828f138ca859808f64524cffeee465ca0567833cbd6e250,206,False
aru-1-2016,1,1170,RGI2000-v7.0-G-13-59800,29c3c51de53ade0338a3a5b84cf61ed6d6dbac6819785198b541d54989f02f7a,207,False
aru-1-2016,1,1170,RGI2000-v7.0-G-13-65613,2a5d540bf1ce839faa9a1f9f352c3ceaf219218185f9602c3d03539a106e2a3e,208,False
aru-1-2016,1,1170,RGI2000-v7.0-G-13-62191,2a6a82eeffc511a8fdabbf8ae9850b6815b2ecc63a928e7763fdb5e4ca12adce,209,False
aru-1-2016,1,1170,RGI2000-v7.0-G-13-60428,2a7bc106c6eaa1daa9e0bfd4850137714a60180f9d159084f47c1de9b0947f37,210,False
aru-1-2016,1,1170,RGI2000-v7.0-G-13-59944,2a83695b71790fd470c8b41151936b54bb9212a369f3812a3a58e7668bed5194,211,False
aru-1-2016,1,1170,RGI2000-v7.0-G-13-67597,2aca176d6e25cfe3bd800d275ec7ff625be8c2e8bcc2d828af27df15fb17c992,212,False
aru-1-2016,1,1170,RGI2000-v7.0-G-13-57593,2aecef488738d29f7d6ad0a32ec38e633b0cda98b1751e1e6ddbc7f8cc98e758,213,False
aru-1-2016,1,1170,RGI2000-v7.0-G-13-66763,2b44c85a262ca9786ede12f54093ce0adb23cea4c8e1a2d10327b66ce6d28629,214,False
aru-1-2016,1,1170,RGI2000-v7.0-G-13-65570,2b635fc09ed0886ad43d3999dfe98553c0a0e37190fcce15e03c255850a5f6ad,215,False
aru-1-2016,1,1170,RGI2000-v7.0-G-13-61207,2baf1938488cb7fd717d1056eb7f58adf7811200a0023e64699bc73e8f4c62e0,216,False
aru-1-2016,1,1170,RGI2000-v7.0-G-13-64037,2bb7872ea94790079aa5dbc5e5d6ee547fef9cc8ca971b5d0c4ed118b1d9da81,217,False
aru-1-2016,1,1170,RGI2000-v7.0-G-13-65832,2bc346ae84f2542f723b171701789edbcf23e46a030caa59386980e648293a33,218,False
aru-1-2016,1,1170,RGI2000-v7.0-G-13-62802,2c1023e288e8cae8c8c4d32751b6c30b098ae05f330fe0d33c54ee37bd5ab24f,219,False
aru-1-2016,1,1170,RGI2000-v7.0-G-13-62070,2c8b97c5b7ce155f514411d83270065baf0d54299ae0e4a4e636f1460a4634a7,220,False
aru-1-2016,1,1170,RGI2000-v7.0-G-13-63342,2cca0d892b68496bafa56873a66f618e20075e6d5b8b6fb3069e25b5a6c7fbaf,221,False
aru-1-2016,1,1170,RGI2000-v7.0-G-13-59705,2cef2dfac88360f7014793cd515cfdb237df0ead50ec316ae5d91a8233f31dd3,222,False
aru-1-2016,1,1170,RGI2000-v7.0-G-13-61528,2d24706b589e45f31914dc4314d285cb2142517ca70c8861d258d5a634acfa6e,223,False
aru-1-2016,1,1170,RGI2000-v7.0-G-13-63148,2db64c187b0d6c3e8d62e78167827a47c408649fb1763abdb0bc4c29f2908013,224,False
aru-1-2016,1,1170,RGI2000-v7.0-G-13-61712,2de312a8f2eb84619cccdda261b956624c1742f72e9094245decbc9765242d34,225,False
aru-1-2016,1,1170,RGI2000-v7.0-G-13-65424,2e13e9208c595c30c3456958eb708af1b4e5866a2d5714c47607405596b4bfd9,226,False
aru-1-2016,1,1170,RGI2000-v7.0-G-13-67689,2e29bfc6e22a14800e40172c2af15238f012cc2ca5103ac34adb49e58b1a2c7c,227,False
aru-1-2016,1,1170,RGI2000-v7.0-G-13-65148,2e3bfc5b7bc1f7a82ea4a29fcbf6c20d55379fa5c111cff9d8c0b27a5761cc08,228,False
aru-1-2016,1,1170,RGI2000-v7.0-G-13-59143,2ef0e8d2f893eb9e7af833bf806177d76dd9ef7210f98e504bc1f437d851e8bd,229,False
aru-1-2016,1,1170,RGI2000-v7.0-G-13-63412,2f03dad5e90f7ecf550102d3b67cdc63fb84ca8c2b65d6e22ad0f9e88f3314c0,230,False
aru-1-2016,1,1170,RGI2000-v7.0-G-13-64255,2f7f9d3bd9e3f33cc4acf134c8770a19295b1b9e89f044d321191d7df2028dcb,231,False
aru-1-2016,1,1170,RGI2000-v7.0-G-13-60971,2f9ea685674bc7eeee919515bb02d520b1270b28a43b6a1aa7aa92e2a7cfc1d3,232,False
aru-1-2016,1,1170,RGI2000-v7.0-G-13-61714,2fef176727c74f1c4077b31e3cefcb30ba6f1aed64433a1f15cd327f175a674c,233,False
aru-1-2016,1,1170,RGI2000-v7.0-G-13-57093,306bf83f9a9bd902a940156a94dc48789154d7b4cba7be52a7077fcb87470b18,234,False
aru-1-2016,1,1170,RGI2000-v7.0-G-13-67590,3096932399b4c83a8473fb0aba5bdb4b9594df9a49da8fc07934b7eecbe4bd75,235,False
aru-1-2016,1,1170,RGI2000-v7.0-G-13-63361,30f91977f4f84ee4630903386f25b33357fa086628f97f9be15ccf931b77383b,236,False
aru-1-2016,1,1170,RGI2000-v7.0-G-13-58960,311e13758f9cc6f249137516bc50b8ef2f4860604087bfec3b1d1f50e0122f89,237,False
aru-1-2016,1,1170,RGI2000-v7.0-G-13-60143,31c6fc59c6910a6504766e4001631c23f3b028f1ff52720376d496d2ab3d83eb,238,False
aru-1-2016,1,1170,RGI2000-v7.0-G-13-65664,3270ceb42f15ad7c62a41995b79082ee760e79553ca96170a679e927426b6d71,239,False
aru-1-2016,1,1170,RGI2000-v7.0-G-13-58866,32890e06222363696ced4bf8aa20f2a660393548208a61eca0e63e579899aa87,240,False
aru-1-2016,1,1170,RGI2000-v7.0-G-13-58992,328c1846f2945a65bbc8629d72ffe15c746a1f9339b0b226a2922a0e578d502b,241,False
aru-1-2016,1,1170,RGI2000-v7.0-G-13-64577,3293eb847bccdee1c9ec1ef2c434e72ced90cd445b4edb1178e56b7127a7a2da,242,False
aru-1-2016,1,1170,RGI2000-v7.0-G-13-64089,32a9b0a1f625710b698c58828e2725e074ce1e8b7fee68558208ad329b685930,243,False
aru-1-2016,1,1170,RGI2000-v7.0-G-13-67265,32c6e7ad3fcab1e126b7c41f48ee8d0d59dd484394265ea5741ffde16a723726,244,False
aru-1-2016,1,1170,RGI2000-v7.0-G-13-59970,32d95e14c556ebc3ee963750936474b824e7de8823de5c85a1d4afa9c7e18d30,245,False
aru-1-2016,1,1170,RGI2000-v7.0-G-13-60840,3363576a0aff9a5b8859a0bf213af0b0338088dad0979cf2d8d04a7de557d949,246,False
aru-1-2016,1,1170,RGI2000-v7.0-G-13-65963,33b182fe1727a35821e61fbc2484c17eab5abb92d918870f192493c0485d6d90,247,False
aru-1-2016,1,1170,RGI2000-v7.0-G-13-66820,3489a2349d691f81c5f9de57e1ed530b4a51e7b05451100c1aa7fb04c5de7713,248,False
aru-1-2016,1,1170,RGI2000-v7.0-G-13-60992,349364d1e0d532236008402ab0f9ad030305a8c8a6c1a4a8ef01bac640bf9592,249,False
aru-1-2016,1,1170,RGI2000-v7.0-G-13-66196,34cdd5450795adcb1d51d6a755a1019456c7b64aeaa974015b66fbf2a9212940,250,False
aru-1-2016,1,1170,RGI2000-v7.0-G-13-59529,34d03ad7df95ea807b6d71bccb58fa209c4d7d8cd54bce4e5d43b005f0dc1b7e,251,False
aru-1-2016,1,1170,RGI2000-v7.0-G-13-64775,34e64d8af446fc42f48c6c29e68a15db9923188a2750362d9262ffe82ae2320b,252,False
aru-1-2016,1,1170,RGI2000-v7.0-G-13-65608,352e62fc05d94fe829ba946f019c4e441db70cf672819e9fd20f079badf2e2ed,253,False
aru-1-2016,1,1170,RGI2000-v7.0-G-13-59367,357efec4618553ed2e65af5835358cb6b33c63f4bf8c2c127b373a4e145b767d,254,False
aru-1-2016,1,1170,RGI2000-v7.0-G-13-61808,358026e2448edb6d2ccd9723116ce273fb65d2089aba192c45e86b4f6da08aa4,255,False
aru-1-2016,1,1170,RGI2000-v7.0-G-13-67474,35d399beca524788c0870664414e4f4bb369b15d7271d686d869c15cd7e86576,256,False
aru-1-2016,1,1170,RGI2000-v7.0-G-13-66849,363e5e886d1de88231a0747d70b4428a1d686ff07d36b93ca965eacec56f553d,257,False
aru-1-2016,1,1170,RGI2000-v7.0-G-13-61615,36a219bc9ebe205ac06a2758aa896dffde190c269f2720993d0cc6ff9f77c24a,258,False
aru-1-2016,1,1170,RGI2000-v7.0-G-13-62677,370a6ddfa833d3dd33b14afcdd3f398388054892d6dd0f437141e55d0a9f6af6,259,False
aru-1-2016,1,1170,RGI2000-v7.0-G-13-62278,371dcdb2dbad10a5b4d67e9599d4133eeaa05bb7c71dc12a2998b23e6b871853,260,False
aru-1-2016,1,1170,RGI2000-v7.0-G-13-65002,3727b875cdde1bbd089558a2a62d2760f3c6f9bb3b5aa6a0e4a5203d9393940a,261,False
aru-1-2016,1,1170,RGI2000-v7.0-G-13-66885,377494db73a119d9a76fbfdced333ac840debd5994a49a45ed5712a5a4214a4a,262,False
aru-1-2016,1,1170,RGI2000-v7.0-G-13-61152,379d511a81821ed653c3ab6c69bb56714a9b042419f60dfd9c09a2f3a324ad0e,263,False
aru-1-2016,1,1170,RGI2000-v7.0-G-13-60635,37bddc2c907e89616dbf30403322e362fbbddfcac0ad6a7aca110cde71637d9f,264,False
aru-1-2016,1,1170,RGI2000-v7.0-G-13-63400,37d442bd78607a4bcf6f498bebb392e071d3dbe152552d0e7a3a7cc9d5ae23d5,265,False
aru-1-2016,1,1170,RGI2000-v7.0-G-13-59651,382bc12df0123a7bf1f2dd489a15d5b25ad466349ff445e85226415b92eb265d,266,False
aru-1-2016,1,1170,RGI2000-v7.0-G-13-66601,3838ff0bc3cc34327e96ca9c371b3a926812dc8e9457c9170d129d49be8862bc,267,False
aru-1-2016,1,1170,RGI2000-v7.0-G-13-60310,384ea1305f59d06dbcc72377f8e2123c46519430e3b138a41b5b135f61fdb1e1,268,False
aru-1-2016,1,1170,RGI2000-v7.0-G-13-59213,389c61ef013391528ba2d93e2eca7455a6eb8a17890d6bf36260deb0604238fe,269,False
aru-1-2016,1,1170,RGI2000-v7.0-G-13-66271,38d278b0b8e9b7404d6dde9657212a7437496f971e8bd3d1975fbaf24dd835b6,270,False
aru-1-2016,1,1170,RGI2000-v7.0-G-13-57405,3933a753353c4c650e2310cd9e05a8c655697699513e16f0120e2545bb1d17d7,271,False
aru-1-2016,1,1170,RGI2000-v7.0-G-13-59709,39703585a6cfb195f260a57316e2b7d3583616ad01de0648100e4a8f37aebc88,272,False
aru-1-2016,1,1170,RGI2000-v7.0-G-13-67570,3975525068ac6cd4fad5889e6873d355c40f19d0cb8a4bad834fdf7ce862d581,273,False
aru-1-2016,1,1170,RGI2000-v7.0-G-13-59972,399994cba4e17d70a8689b05ba950609691a3fb745855a8b09bb299400e85695,274,False
aru-1-2016,1,1170,RGI2000-v7.0-G-13-64424,399d80b55ecfcce6d075f076262ef8c0bcfcdb31bbc6598a6937cd9f89b46ea1,275,False
aru-1-2016,1,1170,RGI2000-v7.0-G-13-58264,39cc0a002ea3048c7ce1be35c588944e5d1d0e175f669d9da7f5140784260ecd,276,False
aru-1-2016,1,1170,RGI2000-v7.0-G-13-62199,39d58d2c2cc815b5cee7ebd1ff8691d5fca9d04c020bd21b90d37d288e242296,277,False
aru-1-2016,1,1170,RGI2000-v7.0-G-13-61797,3a0bb5358013be94ec5b9cbe31c46473559c4abca7cd3587c511e9586894df60,278,False
aru-1-2016,1,1170,RGI2000-v7.0-G-13-66734,3a6f489db12e2e018fea1e48c3b134eca58e086394afd9043ac72c081c97c44f,279,False
aru-1-2016,1,1170,RGI2000-v7.0-G-13-60515,3b0d9c3ab7174bac2652bdda43d122090de4c24f7463bb380eaf058ceb523b5c,280,False
aru-1-2016,1,1170,RGI2000-v7.0-G-13-67197,3b2665df0674c6137f924363e234ed9d85eee4f96198194e35657c46c4d504a0,281,False
aru-1-2016,1,1170,RGI2000-v7.0-G-13-65519,3b49a75fb543f8a663e9c1a68f43f7dea613110f5fdaba52b711ae4526fc349e,282,False
aru-1-2016,1,1170,RGI2000-v7.0-G-13-64996,3bba70ec7afe0384e418ba49bdda644e1487b105efc2ac8a9cc45eb3ea802593,283,False
aru-1-2016,1,1170,RGI2000-v7.0-G-13-62245,3bd761fc82517e3b9a55db50a1172bc72c6a38961319e7eea866a2a26fbaa56e,284,False
aru-1-2016,1,1170,RGI2000-v7.0-G-13-57883,3c0b7d8975da59560c540c4a1d1b5fa6eba4aa42cbb1e15820e61d4a3c281a75,285,False
aru-1-2016,1,1170,RGI2000-v7.0-G-13-67352,3c275559aa55b2d99cf8f6728772978c53dee9353624ff465c20f9ef0ff9de20,286,False
aru-1-2016,1,1170,RGI2000-v7.0-G-13-58590,3c37216d63d7f16328789e7adffebd0a7439351f9377ede7958d8a61ebadbf96,287,False
aru-1-2016,1,1170,RGI2000-v7.0-G-13-66364,3c5b1f5dbe4c6b3ec36fef58e0602cd7021b0a5951765a3c259b8f0445989e8a,288,False
aru-1-2016,1,1170,RGI2000-v7.0-G-13-67574,3c7202c3c1954eecdb18b27a10ac8b32cde793df623c814ee903530df28be1e2,289,False
aru-1-2016,1,1170,RGI2000-v7.0-G-13-64718,3c8de3b31b2f475d17f424f1828b5c2a373d1564296f494485fc004e5e90292f,290,False
aru-1-2016,1,1170,RGI2000-v7.0-G-13-61071,3cd3b0e8fc4054c3af627c6014860bf035b928ddde121accd5a4703b2e59c012,291,False
aru-1-2016,1,1170,RGI2000-v7.0-G-13-60495,3d726f36b4aa4abf20bdfcd0e4516dc7fc6be13186c107fd8d10890c31a81f2c,292,False
aru-1-2016,1,1170,RGI2000-v7.0-G-13-65461,3d9b351343de22a32f0f843ec0344fb107740f4c7d2be2a79f09f570c1c23546,293,False
aru-1-2016,1,1170,RGI2000-v7.0-G-13-57612,3e10bc84d2229ecc106152bd9c45ca99463ef22311f9d8b2d1178279a98e8a46,294,False
aru-1-2016,1,1170,RGI2000-v7.0-G-13-61790,3e340d3e0df67d4029489aa265f1e75e048a4ab035aef07742dc6a55086c8a3d,295,False
aru-1-2016,1,1170,RGI2000-v7.0-G-13-61520,3e548109f6d604189f54eab409a86987c44221b1eca16acba5c8f305e2cdb6f1,296,False
aru-1-2016,1,1170,RGI2000-v7.0-G-13-67167,3e79c0a1f8c99e82263ec8c433d72be3a6d6f5d8542ddeaa7fcf189911e211ef,297,False
aru-1-2016,1,1170,RGI2000-v7.0-G-13-61841,3e9996aff5d9bd805cb5b79da5077120dda78c289681a44595dbb2f6471bcaea,298,False
aru-1-2016,1,1170,RGI2000-v7.0-G-13-67631,3f7fbee10c60a8b5b344e24c50182e50fb3e5780954b6e10bea8fa6bda3835c3,299,False
aru-1-2016,1,1170,RGI2000-v7.0-G-13-61200,3f8f486543b584291dcd9e620471af446e11074eade31662bf9645732d765614,300,False
aru-1-2016,1,1170,RGI2000-v7.0-G-13-61750,404746b7157c17899e10b6a7c4e9ec537267863a2cc318651768aeb2708c83a7,301,False
aru-1-2016,1,1170,RGI2000-v7.0-G-13-59699,4049c72782f6ca542f2de547293bf65527a8ccd6786308056ac1d3d722af5e36,302,False
aru-1-2016,1,1170,RGI2000-v7.0-G-13-64008,407b39c98fb844c5fe53ee3b60030d553743ba4c24652c3562e80586e3d9e0b3,303,False
aru-1-2016,1,1170,RGI2000-v7.0-G-13-66372,40acbf294f3dd3b7eebc401a0a7e1fd4d7443663f3e28031199a27c263057c7f,304,False
aru-1-2016,1,1170,RGI2000-v7.0-G-13-66483,40ded482eac4be53cacdaf9794835ed95e3dad3c58d094f18b125904ceab4b3f,305,False
aru-1-2016,1,1170,RGI2000-v7.0-G-13-64403,4126ea8347e6ecb7605144872e3c260c2e5ef95c0d6e105a2efbd1f491807736,306,False
aru-1-2016,1,1170,RGI2000-v7.0-G-13-64578,41e91fe96302972ee57e92d1bbe6f688747d1ed3fe048e82fe8bc833ceddbe0f,307,False
aru-1-2016,1,1170,RGI2000-v7.0-G-13-63627,426b6263c9d46c53df0c40419832f447fcea47a1c7507adc3f907a4961e831f4,308,False
aru-1-2016,1,1170,RGI2000-v7.0-G-13-66083,42bbbaa452579cfe5558c9e13d5116c38cb76ff0d0e99f562037d5e12ba7ee19,309,False
aru-1-2016,1,1170,RGI2000-v7.0-G-13-60487,42fd1ac77620c6eb8b175c5c549d9f91ed4d70325f91930e16d7b33bc14cef40,310,False
aru-1-2016,1,1170,RGI2000-v7.0-G-13-57252,4394b41f0800fb5e7781df47e9acee5d2ccde3f99783952ff207715f33e126d3,311,False
aru-1-2016,1,1170,RGI2000-v7.0-G-13-65910,445a9dfe86a8d0e77d585d1fa95d4b57d7040cce0619917bb22ca5a3eecaff6f,312,False
aru-1-2016,1,1170,RGI2000-v7.0-G-13-59776,448e8a7584362281fc7254aa83eb648226134330e1a6adc738a992d8356958b7,313,False
aru-1-2016,1,1170,RGI2000-v7.0-G-13-62369,457694ffc728bae7e98c43c5267b3e1c3b88f719cdd2d639d8f920903acf5122,314,False
aru-1-2016,1,1170,RGI2000-v7.0-G-13-63160,45a4c2e3d18492f51e68dea39944f6efb69ee518c4e47acbc797824490f64e27,315,False
aru-1-2016,1,1170,RGI2000-v7.0-G-13-58795,45b57fb735700f78ed2de51fc37647b82c03fafd038cd945ede9b8e0de0cd5e9,316,False
aru-1-2016,1,1170,RGI2000-v7.0-G-13-67249,45d7d2d8f57efa4a73359b811f47ac91143183aa077eaf3637f6a92158f81c44,317,False
aru-1-2016,1,1170,RGI2000-v7.0-G-13-62855,464142c4497f5c3deab6d90a218d4730e016dc0f8e7f866138dfd3d55846ac08,318,False
aru-1-2016,1,1170,RGI2000-v7.0-G-13-63763,466cd0a93976d858893e4df95f0c76c2ae95b9293f871ad53a0b4d0809543747,319,False
aru-1-2016,1,1170,RGI2000-v7.0-G-13-66423,469d0e2544758e82391f8428b426849083b1f78ab86aea6f13ffcc5b8c60d2f4,320,False
aru-1-2016,1,1170,RGI2000-v7.0-G-13-59867,46d347f00f041bb236f5eb08fa3cb3fe3b5c27634563fc729589d4a21b82b3c7,321,False
aru-1-2016,1,1170,RGI2000-v7.0-G-13-65318,4737e03a4465da8f6a387d84e28a67564e27d2c025af8f7e0d57ff42e1784b3f,322,False
aru-1-2016,1,1170,RGI2000-v7.0-G-13-64587,4756043fbbf83b9ad6b6f5d3f58e4e7ef927c12b75dc513b92acf33638ad2764,323,False
aru-1-2016,1,1170,RGI2000-v7.0-G-13-58905,4779caa614f33e388bb967ee73ba3f05e60ac5c3a3c29bebe1a3f1dcdfaaa58e,324,False
aru-1-2016,1,1170,RGI2000-v7.0-G-13-58443,47d1aa646d8d16b7f338e23d25be1a12cfc85d37758c10c4ce70eaeed1cb8582,325,False
aru-1-2016,1,1170,RGI2000-v7.0-G-13-65987,4800155546c31fd26fcd6ab40be9bced6c52250790743096a3d27e5bc38ed0c3,326,False
aru-1-2016,1,1170,RGI2000-v7.0-G-13-65567,4878594e03dbe54b5d862b9757b0fff685892aaf10b829d7972805188e0b6433,327,False
aru-1-2016,1,1170,RGI2000-v7.0-G-13-58787,491e05520f72f6a23032ed6bc8a03f23c081a7e3038ffc5fdc2442bb9cbe8f6d,328,False
aru-1-2016,1,1170,RGI2000-v7.0-G-13-63943,494e611a455c00646fb48ce5dd5139965e78ad2448b3e5a5cfdbf73acac21dcd,329,False
aru-1-2016,1,1170,RGI2000-v7.0-G-13-64979,495368f281efbe03f2f9130e0f1888a4ee11eadbab958d8fdf3f5b88dbbcee87,330,False
aru-1-2016,1,1170,RGI2000-v7.0-G-13-67194,497ff4467f9eb7abcb86a0677e6c3172095debfe3363494efd518beb011e9f80,331,False
aru-1-2016,1,1170,RGI2000-v7.0-G-13-57371,49a8fe843a8422516d8ae40327bb79a478e5a27ab6cded337e161d3dc52bb512,332,False
aru-1-2016,1,1170,RGI2000-v7.0-G-13-60632,49b18333db3b458e4589ebbb219616c1a0e8cbc6e3aa6e151ce88615077659a0,333,False
aru-1-2016,1,1170,RGI2000-v7.0-G-13-61949,49b2b7e811a4a9cf37f3a3114b53135917c5ff7d4143825ef662140c602f5785,334,False
aru-1-2016,1,1170,RGI2000-v7.0-G-13-59532,49c1a057c014f196395036fd24ad1084743ddae737317394a1991b14d908a3c4,335,False
aru-1-2016,1,1170,RGI2000-v7.0-G-13-59166,4a91039a5fb620ce38b50e1f92f9d8e58485cf344d9bd62a9ae6f56bf16da6fc,336,False
aru-1-2016,1,1170,RGI2000-v7.0-G-13-63123,4a94d22f4e4828a11e444b0a2b6cb790f38b8f8bd0af3bcfbe2202b3b3be3825,337,False
aru-1-2016,1,1170,RGI2000-v7.0-G-13-57431,4ace07b4ea50020ecdebbea53bcb867f3c01676fe50336bada2cdb149658b311,338,False
aru-1-2016,1,1170,RGI2000-v7.0-G-13-60130,4adfe58434e07239ed108c67b0cb625e0f556ca67f6ab843918c9970f2035b75,339,False
aru-1-2016,1,1170,RGI2000-v7.0-G-13-60101,4b365002205b8a08094972a827d04154ec2878b1ccc6e95b6bf3748102cb7287,340,False
aru-1-2016,1,1170,RGI2000-v7.0-G-13-60319,4b7d4e0a78063eb83dcfadb792529d5a6fcf0a007d8a0c9015dce7b27f0264d7,341,False
aru-1-2016,1,1170,RGI2000-v7.0-G-13-61017,4b884710bb5045870a0664b62052af11c4f39d14eebd4f2b519ebb0ff8448abd,342,False
aru-1-2016,1,1170,RGI2000-v7.0-G-13-66772,4bf907deabbd4cfd5862b0256000ef25c03a64434f6c81166bceb9965d097596,343,False
aru-1-2016,1,1170,RGI2000-v7.0-G-13-64356,4c5416e7f4a758fd522ada29263bfc1bc07b511c709c0874d975ff5a153039bd,344,False
aru-1-2016,1,1170,RGI2000-v7.0-G-13-61003,4ca63c4b63ef531747666ec59de6b8d90ce0d4879591d6363faef3c4fa1721fd,345,False
aru-1-2016,1,1170,RGI2000-v7.0-G-13-62085,4cde15b2d72c4a9bdba5ec75ddd78d849ac36b11357c667bd7d01fd67a8bbd33,346,False
aru-1-2016,1,1170,RGI2000-v7.0-G-13-61320,4ce7fee61e1b6f3e065c8bcd531a9980dccdc09ad99ed756f3f09aba6e26d907,347,False
aru-1-2016,1,1170,RGI2000-v7.0-G-13-59910,4d1aefc83fd6c3985ae3d4140968c57a6e519068d91366111683f001fcf8c67d,348,False
aru-1-2016,1,1170,RGI2000-v7.0-G-13-58873,4d38597ab0bd71249976a25c278f606625668c2cbbcd1731737610a4a46a48d6,349,False
aru-1-2016,1,1170,RGI2000-v7.0-G-13-66137,4d82a2c514072db64c37257075ddf5bfde9cb3a0726cb8ad373a3ab74be40340,350,False
aru-1-2016,1,1170,RGI2000-v7.0-G-13-64580,4d894313b56ad2df541a164beb1c13dc9762fd0d7b8e372d8e74d0883733cf4f,351,False
aru-1-2016,1,1170,RGI2000-v7.0-G-13-59351,4d97af7878103603d1257622e5b2633be07f89954e02681a12129401525faf7b,352,False
aru-1-2016,1,1170,RGI2000-v7.0-G-13-62692,4d97bec0ff46fb502716cff65ce768684cbd0ec4118463318b4368b8cec3dae7,353,False
aru-1-2016,1,1170,RGI2000-v7.0-G-13-61672,4e533ff63b5180ba88897544ec9398d535bc1d1c96b8a6dce2b65e4b8afa6382,354,False
aru-1-2016,1,1170,RGI2000-v7.0-G-13-57290,4ee30d70848ada0af8d8b6bf98039bda3c264f327ea6f4ec5156e2e5352bb516,355,False
aru-1-2016,1,1170,RGI2000-v7.0-G-13-62174,4f8ba9521bf0a86cb0d4caae7a196c71847e45c786b0fd3affe2c6df21589da2,356,False
aru-1-2016,1,1170,RGI2000-v7.0-G-13-67483,4fcbd6e6b9b89e4ce4e57deae21da96416a75df996b82656c47b96e8431836ce,357,False
aru-1-2016,1,1170,RGI2000-v7.0-G-13-66787,50391d33fdc404be457f69c53061f213123a274a17e953f1bcb930cf664d66b3,358,False
aru-1-2016,1,1170,RGI2000-v7.0-G-13-59173,506d61a6c9882cd499123476a20c95b555a83b962dbb8d4e77c69d3760d1c074,359,False
aru-1-2016,1,1170,RGI2000-v7.0-G-13-63443,506d98dea679d84769f8e705456d038c826bc9aee084173286107fa8b775fd92,360,False
aru-1-2016,1,1170,RGI2000-v7.0-G-13-57187,50792cbe98440534708ce9d2dd04eeb129e1f5171b045f70db60b4ed270555a4,361,False
aru-1-2016,1,1170,RGI2000-v7.0-G-13-58385,509ecbb21096b0971c1213255d740a9250ee7f9c753627878bd84eaf53260ad7,362,False
aru-1-2016,1,1170,RGI2000-v7.0-G-13-65464,50dc1c22bef6e98f002146e4724d15148def2d31ea78fa92ef24869c6d818331,363,False
aru-1-2016,1,1170,RGI2000-v7.0-G-13-64377,511ee68ae3411703420ca9f39c7218b12154a67add8464778568e293011b73d4,364,False
aru-1-2016,1,1170,RGI2000-v7.0-G-13-62694,5131b8386feeb6c2a0171bb97a1cfe70047dcb5ca9ab52127fac13a4ade98934,365,False
aru-1-2016,1,1170,RGI2000-v7.0-G-13-66590,5233b9db4eab8401991478a07d2d4a7ce461501ca0a727ffe291110d67761450,366,False
aru-1-2016,1,1170,RGI2000-v7.0-G-13-61079,528097c80d6e580eba1045baeaaeafefe0029065dce13e38cdbc04bb1fa327d0,367,False
aru-1-2016,1,1170,RGI2000-v7.0-G-13-59666,52fa19cc0035750a413bb5a5f43c8f6c06c8d1e658d1e3b0a9df74c20520084c,368,False
aru-1-2016,1,1170,RGI2000-v7.0-G-13-64084,532e6d6d640900525074befb1b292d598d2a191403f0a8a5dec10a8425332d75,369,False
aru-1-2016,1,1170,RGI2000-v7.0-G-13-62307,538c066f56fc4d27d820d7a5003b7f5c8b94e48cf48bad7d9b05625a8f643d37,370,False
aru-1-2016,1,1170,RGI2000-v7.0-G-13-59095,53dcb654063998ef1ff9bdbb4bb2112984b1b8adc127003fde92b2c0710c492f,371,False
aru-1-2016,1,1170,RGI2000-v7.0-G-13-59533,54726d2c9dece4d9214b2960495c068da82227dbce8a87f777098eacf31dfad9,372,False
aru-1-2016,1,1170,RGI2000-v7.0-G-13-59062,5497ee5895b295a73bb4934cbb34e00369d08a3b765db0ba4d02a655e177f7c4,373,False
aru-1-2016,1,1170,RGI2000-v7.0-G-13-64290,549a87b2e7011e95a8b832d7f228565b8068c8a171c5d9954b795bc55b4c33be,374,False
aru-1-2016,1,1170,RGI2000-v7.0-G-13-57460,54b4219806a16fc304e511b5a8e6972799c11480aff249cdb32065ceaecdf6b0,375,False
aru-1-2016,1,1170,RGI2000-v7.0-G-13-59155,550ad55c8b9b68c47f38892fee95055a6569cd2bbd4154cdc73e0dcc0f60c2f0,376,False
aru-1-2016,1,1170,RGI2000-v7.0-G-13-66733,5511a8f1d88085531fc3be672f91d259bd63aa9306440515f5e4c46356354c78,377,False
aru-1-2016,1,1170,RGI2000-v7.0-G-13-66048,551d55a497a132df916271e3702680df04f8703242264070b04a7da2cc186b65,378,False
aru-1-2016,1,1170,RGI2000-v7.0-G-13-60025,5566deed238ee29ce790bbb90a2f49fa988da9eea51b582a42bd72e897f773a4,379,False
aru-1-2016,1,1170,RGI2000-v7.0-G-13-66431,556bea1ccf6ac86295f16e82f8224ce83f5a0a58dd2727bd7aea80cfcd3482d5,380,False
aru-1-2016,1,1170,RGI2000-v7.0-G-13-58687,5606f51c9078c133e3e0977d2ec054b75bb9e891b718342b82e862b159b1d024,381,False
aru-1-2016,1,1170,RGI2000-v7.0-G-13-64315,561356c151ce4d85a81a983fe089af9de16a2d437c478c69af14e9f4f168e513,382,False
aru-1-2016,1,1170,RGI2000-v7.0-G-13-65052,565ca45195ef0c111457b3da070b9f87a79b33615aa93e21c720e71f411d16e1,383,False
aru-1-2016,1,1170,RGI2000-v7.0-G-13-62709,568ed6f31e2fdbe5a3d373af2b5484f5e487fcd643cd4bdc18088259f990fa54,384,False
aru-1-2016,1,1170,RGI2000-v7.0-G-13-59684,56df549a3593abbe306f59ef01b2dba76e46cba0a41e3c903fbc7f5464e5d5d5,385,False
aru-1-2016,1,1170,RGI2000-v7.0-G-13-67912,57174e3b27b1ee4780736bdefc0b8abb9f4b40c74aa66e36c22d8f536ea78541,386,False
aru-1-2016,1,1170,RGI2000-v7.0-G-13-59839,572306ad6400187e989ed65a533c22cecbe9874e417d386c471034ceda4a3ff9,387,False
aru-1-2016,1,1170,RGI2000-v7.0-G-13-65611,575fc7e884e60118acc90674cd3b353244bb8a857552626999b481fd2cb0a4a6,388,False
aru-1-2016,1,1170,RGI2000-v7.0-G-13-62006,57aa151f989769f4c9dc23e399a7fc324eea0cc72e9344ddd55645dda485856f,389,False
aru-1-2016,1,1170,RGI2000-v7.0-G-13-62203,57b90e70af28201867d5cfbc0008b9899baa82a68252769f4550a153dc354918,390,False
aru-1-2016,1,1170,RGI2000-v7.0-G-13-66655,57efac23c33271ff6d630c96414086f615b9255aafa37bec7c8365defad5867b,391,False
aru-1-2016,1,1170,RGI2000-v7.0-G-13-65474,582088d0ff0b625dd6c87238e955224539a936e15c8aa0ce5d4efea1f2d9b01d,392,False
aru-1-2016,1,1170,RGI2000-v7.0-G-13-65010,58337677b0ce8467d1636838f3eb92333d38d6c1b118e31c7eea3c10d776f397,393,False
aru-1-2016,1,1170,RGI2000-v7.0-G-13-58869,587266f6f5cfb126b905fd7ab1769da66f85716b75718f6eb31e9d03a861d5ce,394,False
aru-1-2016,1,1170,RGI2000-v7.0-G-13-57308,58ed7c284bdb57049d334bfd1ff80a4d8a0f7099ce7d57a94aa3bfbbfac8656f,395,False
aru-1-2016,1,1170,RGI2000-v7.0-G-13-60595,593cd4db650beec6e047cfa3e035e405eef1fecb22fffda4e6297c480ab655cc,396,False
aru-1-2016,1,1170,RGI2000-v7.0-G-13-58531,5947fe053b2da511384691c403f97f678a3152a7c28eef06860f2a0c2c26e48d,397,False
aru-1-2016,1,1170,RGI2000-v7.0-G-13-60597,594efc494884ac26b0c1e250eeb1b61b6eec9b5f1a1e65505cc1a3dcf5713546,398,False
aru-1-2016,1,1170,RGI2000-v7.0-G-13-67461,597308d99d174c826ee14ee9da8d4c33cbb650cb7f00b5a582b12ddf7fd0b1aa,399,False
aru-1-2016,1,1170,RGI2000-v7.0-G-13-59479,5a77a3e92058dfd97b32d86da54ab7abcc5cd4a3125fce7b48ea551565cf2c04,400,False
aru-1-2016,1,1170,RGI2000-v7.0-G-13-58793,5ad99a9d53d196863958d54471f7cd263a205e0a59e4407bfb8fc20a6955c228,401,False
aru-1-2016,1,1170,RGI2000-v7.0-G-13-64317,5b239280b3dc8b6a29e9307ce6fd4053a665337287b0e994581eb0c34d4fa656,402,False
aru-1-2016,1,1170,RGI2000-v7.0-G-13-59668,5b4260e8aad9688b592a87003b99f5e3dc17f67de65deb130ffa75ee0b9153e5,403,False
aru-1-2016,1,1170,RGI2000-v7.0-G-13-66800,5b567bbc2d0cc0529e6bbb5ca5a350af315fdd93e6970084e57ef55219ca9552,404,False
aru-1-2016,1,1170,RGI2000-v7.0-G-13-60915,5b659ba8a78e4cbf9c08d526ca7c87d9360d30a9ff46ef1170acb390ae521429,405,False
aru-1-2016,1,1170,RGI2000-v7.0-G-13-67155,5bced4b8a6f05e85a658f194d1661d1331365fb7753c36bf508b41b52cea3d2a,406,False
aru-1-2016,1,1170,RGI2000-v7.0-G-13-64824,5bd2818329b3b37606bed717f1eb348edaf0929ca9fe7f21212022c240650c3d,407,False
aru-1-2016,1,1170,RGI2000-v7.0-G-13-59177,5c330567c8e64695379735920877476ffd4589e0a858a21684a67af605d412cc,408,False
aru-1-2016,1,1170,RGI2000-v7.0-G-13-62043,5c82dae45bb7b4c0ffb4b6d0e281b762458ceea7324a919d5f4b4cc213988922,409,False
aru-1-2016,1,1170,RGI2000-v7.0-G-13-59277,5c8a14ad616dd262895e70536b888beec28ec188033316f653100f899a71ccec,410,False
aru-1-2016,1,1170,RGI2000-v7.0-G-13-64368,5ca249147e423864dd64405b2dc3593db0a66712b5af26f34d0e9af9fe9c3579,411,False
aru-1-2016,1,1170,RGI2000-v7.0-G-13-59713,5d2223eab2e528df21e0f749a580844813855c7be1e7322bad11749a4afce955,412,False
aru-1-2016,1,1170,RGI2000-v7.0-G-13-64706,5d9ace12aaf1599ec966463e1ccdb6e6fda0610c13b1036f7942ca9955fd6b89,413,False
aru-1-2016,1,1170,RGI2000-v7.0-G-13-60277,5ddf9ecf4627f6134fbba7dbec0927559ac618515affcb0ad81f9e4aae446541,414,False
aru-1-2016,1,1170,RGI2000-v7.0-G-13-64049,5dfc2f26ae78b8b3d786544351ed15d84778500837dbb9df02451a21484d12f8,415,False
aru-1-2016,1,1170,RGI2000-v7.0-G-13-57156,5e35124c02ec1bef37326ae3670cd37b04bd7dbfd263a4f02c70239aec69a829,416,False
aru-1-2016,1,1170,RGI2000-v7.0-G-13-66418,5e5821c405982e1b9d74bee326da59f44e88cdd2d80b4c2908506f0b0866365a,417,False
aru-1-2016,1,1170,RGI2000-v7.0-G-13-64325,5ed3761d7dbe03dabcf23f3f44c38874b515dca47bbf786bc3a702401a26e542,418,False
aru-1-2016,1,1170,RGI2000-v7.0-G-13-65005,5ee821bced94b1152efe02a3783f58fab58f85271b7f675ba201f362ca90278e,419,False
aru-1-2016,1,1170,RGI2000-v7.0-G-13-59133,5f3a5f1c05058605bc3c4b4d3715a205773772fad402afd10b27dae22c02e83f,420,False
aru-1-2016,1,1170,RGI2000-v7.0-G-13-60169,5fc9225e28a1b8c8d837d73ef9114317d9c8f0ef399889a4653341c5d5281720,421,False
aru-1-2016,1,1170,RGI2000-v7.0-G-13-65702,5fedb5fc08543fbe39228cfd2a0a6821b1a414baee6d3a6625ee8614545e7134,422,False
aru-1-2016,1,1170,RGI2000-v7.0-G-13-61013,603479571c54010e1679ff6f3d5d41f2f46f851591b7503a185e01c87336a6b7,423,False
aru-1-2016,1,1170,RGI2000-v7.0-G-13-64794,60348d2462a11346234f087b3aa13f0df55b8bf01c65fc4a208b7b5a5ccdca90,424,False
aru-1-2016,1,1170,RGI2000-v7.0-G-13-63993,60a051eb2ceac8aabb7565ff440b6450440d14cd6fa30e96862071536a538288,425,False
aru-1-2016,1,1170,RGI2000-v7.0-G-13-63659,60dd9e4d32572f27c40e11361e43d934c000af71d12e4a6a2ffca28df6bdf4ac,426,False
aru-1-2016,1,1170,RGI2000-v7.0-G-13-64332,60debc03617cffa1b6a2237b9e67b657be8170f2aee5f426942f474be035034b,427,False
aru-1-2016,1,1170,RGI2000-v7.0-G-13-61955,6104b92453c533cc8d6298ff604271af99066664a16dcdd865e0ddd6e5272155,428,False
aru-1-2016,1,1170,RGI2000-v7.0-G-13-57131,61413103e684189e111aeb0b9a19791235c63605f4b69430f30bdb20d0f272d5,429,False
aru-1-2016,1,1170,RGI2000-v7.0-G-13-65418,614a5c0996ca1b2b8f529fa5596156af98ba70656fbd05cfef5425283dd8f387,430,False
aru-1-2016,1,1170,RGI2000-v7.0-G-13-66532,61977b20cb85cb2fbc3a5850d56fb75c33e3e9eb8fe8c2860869d9e3236d12ba,431,False
aru-1-2016,1,1170,RGI2000-v7.0-G-13-58914,61a7c80a5b7c20431fc365eb2100e97a17762e0382dd8af1034a337948d70403,432,False
aru-1-2016,1,1170,RGI2000-v7.0-G-13-59016,61de6fe3d5e635ea518c7b2b7d5868ee443eccf6ce638d1c3cf89e9e1e78b19d,433,False
aru-1-2016,1,1170,RGI2000-v7.0-G-13-59598,61e2b98ef09b2d2def5d1c71a277c7c3159169980b136ed640ac972a3f53a277,434,False
aru-1-2016,1,1170,RGI2000-v7.0-G-13-65813,61f39995e8e25dd28a459496ab25a63fc2a795f6faf4e02ece383eecd0ed98b3,435,False
aru-1-2016,1,1170,RGI2000-v7.0-G-13-65432,61ff835af8b67ddfe7a88ca9d245ce09beba6ccbc91d01f9e3f88fbd0783736f,436,False
aru-1-2016,1,1170,RGI2000-v7.0-G-13-65445,622f8e8638235f65fdca1d94cf413971195d519b0022aee8089ff361c4e64dba,437,False
aru-1-2016,1,1170,RGI2000-v7.0-G-13-63044,6242cec8f9bb39b10cfacc58a5ba7a92b1b5ff5e3e86ba5363348dc1e4006df9,438,False
aru-1-2016,1,1170,RGI2000-v7.0-G-13-59842,625e0502fefc95a103acbcb2e304c9e17180747afcb676d6bbb299bde7c518c4,439,False
aru-1-2016,1,1170,RGI2000-v7.0-G-13-59480,6265ee6c6789e244709e2fae539237927d186a679e56cad977fe04ddc7adc0f2,440,False
aru-1-2016,1,1170,RGI2000-v7.0-G-13-61156,6271d16b2c1625cfa1a9213509e4972b27e8460199bd4613a919038a1fb72aa1,441,False
aru-1-2016,1,1170,RGI2000-v7.0-G-13-65682,62cb110624a1c569a3ad68be9c714458438d3527d0233b7c2d974aa8d77ae1d9,442,False
aru-1-2016,1,1170,RGI2000-v7.0-G-13-59140,62cb6a35bcc9851b6bc73678b635ab707f4b00baf573a78fea14503bf49bb604,443,False
aru-1-2016,1,1170,RGI2000-v7.0-G-13-64162,62db3e4a77f89197e6c9e1ce6888ace318c151f9043156f716920e600ef88156,444,False
aru-1-2016,1,1170,RGI2000-v7.0-G-13-64433,62eaac746a942ee229ef2e624f1058cfab8f04f429d891fee821b810b3ad826a,445,False
aru-1-2016,1,1170,RGI2000-v7.0-G-13-63792,630c9094ca28cef859ab91151d5ee593bde2029e09b5764ab6af28543c65da0e,446,False
aru-1-2016,1,1170,RGI2000-v7.0-G-13-58896,632795427d38046891ee88fc146090b2a6181691a8528cbf7699933659a39472,447,False
aru-1-2016,1,1170,RGI2000-v7.0-G-13-61692,6379fef24b1da0805231a93050ff3d2f20cd86685fe680845da15f0f1cc5aa03,448,False
aru-1-2016,1,1170,RGI2000-v7.0-G-13-62384,639ba69491e1c0ce86b580410bd355776a289995c98db45916731410565f2494,449,False
aru-1-2016,1,1170,RGI2000-v7.0-G-13-63745,63a5bf8caae3ee33a46aa0beea8f2576411575131f79bd2c054527600505c869,450,False
aru-1-2016,1,1170,RGI2000-v7.0-G-13-64640,63b1aa0c087a4de0782450eac5ebf3d3ff79e32669efd1edd9a5faee952dba66,451,False
aru-1-2016,1,1170,RGI2000-v7.0-G-13-65440,63cb43065eb1c76d5542303d0ec4fb0152b3d7724ac156fee56a9438110e9f40,452,False
aru-1-2016,1,1170,RGI2000-v7.0-G-13-66173,63ee54fcb52725724ba1596045419ddd839b8a4a4bf08704751127dd1b31af7a,453,False
aru-1-2016,1,1170,RGI2000-v7.0-G-13-66168,642db2e0c2e6b22a6590cd2c5ffef6bba28cd1637a54f064d0dfdb11aa3f83c4,454,False
aru-1-2016,1,1170,RGI2000-v7.0-G-13-64923,64d14a3f90ed1fbb2334db32ecdcd88dc475f290279b0a0b9c1e903e3b9ac517,455,False
aru-1-2016,1,1170,RGI2000-v7.0-G-13-58514,64dbd30a5f512c0b8d2dbc8bd72643cbd9726f69e92751c71e9336f5ce64886c,456,False
aru-1-2016,1,1170,RGI2000-v7.0-G-13-64140,64fb7319bc77f53487e0c6d9d8c4d975677042cca7ed40dc02cee71e422491f9,457,False
aru-1-2016,1,1170,RGI2000-v7.0-G-13-62305,65260d3726daa20f7c18e31ef09c8e9d2846681073be6f0fb7eb4d55fcfe9c4a,458,False
aru-1-2016,1,1170,RGI2000-v7.0-G-13-65247,653a58160fb699bb5043458c56818a388a026d6657188f60ed845647691882a9,459,False
aru-1-2016,1,1170,RGI2000-v7.0-G-13-66577,658ad98ef30e8bc4e58b06ef8c496686e4e0cd4636a2fe6f860a023df3892932,460,False
aru-1-2016,1,1170,RGI2000-v7.0-G-13-67346,667ac39b12c4b9044f7e794c40f7fb248b2c50bce8510755e8bd912e5a3e0ddb,461,False
aru-1-2016,1,1170,RGI2000-v7.0-G-13-64143,66c9eb31af618e2e1e3d2d38d528206da65c2231931180757e10727e27fff233,462,False
aru-1-2016,1,1170,RGI2000-v7.0-G-13-59590,674392517210bd35de862d38b0de2f1e0d5ae95e93e14ed7f080829e27a4f5ba,463,False
aru-1-2016,1,1170,RGI2000-v7.0-G-13-59758,676d7cf541bc8f8bcff0746a4dc8ba25d698ec847d6d82ffb0075c5694028eec,464,False
aru-1-2016,1,1170,RGI2000-v7.0-G-13-58536,677b949dcf5005653d06ef653d5b74fc04a1c78e742e9cebc80643f044bea88f,465,False
aru-1-2016,1,1170,RGI2000-v7.0-G-13-66561,67c2ddcc5706b9e2c6f69f4800d0acc77f54ba2473f8da8e3d6413127206d8ff,466,False
aru-1-2016,1,1170,RGI2000-v7.0-G-13-61825,6832be1783f1e7ec0786a8f26857dbb617859075fe5952c021684e7c9334a055,467,False
aru-1-2016,1,1170,RGI2000-v7.0-G-13-66069,6871cf1896dd67a34358cf40b563f366da958d8a8f280a35a683098e56224cbd,468,False
aru-1-2016,1,1170,RGI2000-v7.0-G-13-58401,69463e1791ee361b1ea8be5bec19c73a3aff3833e9f31ced0c329c1a7aefdb98,469,False
aru-1-2016,1,1170,RGI2000-v7.0-G-13-64401,6992c0a68fcd565456557690d3bdb40cf833220ff3efb93dac0ef2497ea125bb,470,False
aru-1-2016,1,1170,RGI2000-v7.0-G-13-60239,69a79e07f45709d3debf68c7315d0fbf375afdc05193ca98599cd3c3d0089768,471,False
aru-1-2016,1,1170,RGI2000-v7.0-G-13-64570,69e0e6e63eaa5e4cb549dd5ebbeb1284de03ffb4993e0884aab1ec70a41f00bf,472,False
aru-1-2016,1,1170,RGI2000-v7.0-G-13-64234,6a47ac4ec9e186e5fe9d5dcb320e7fb0f836ac1c1fca09d532578e2a147911cc,473,False
aru-1-2016,1,1170,RGI2000-v7.0-G-13-58425,6a4dbe7846ec03826ce7d811cc0d107ac5e13d1aacb8ac45257323572f2da1ea,474,False
aru-1-2016,1,1170,RGI2000-v7.0-G-13-64178,6a60575f26a8a0ec021b4d3feb26f031d243e1164345023c3fbb242c4d3c6d69,475,False
aru-1-2016,1,1170,RGI2000-v7.0-G-13-64305,6a8ef047f9ace80a08f376ff99211b37c5cda087d1d27e4e98ee93197d299f1e,476,False
aru-1-2016,1,1170,RGI2000-v7.0-G-13-58234,6baa8cf610cc210f447d02d557ffef79e4362fdac2cf4a250ec943b1487ea470,477,False
aru-1-2016,1,1170,RGI2000-v7.0-G-13-60192,6c15482980e34bb3cf70e2314326dc4d6b9e3afa728c82c2fe86d68046de571b,478,False
aru-1-2016,1,1170,RGI2000-v7.0-G-13-65219,6c2bdcddfa76ef9bb906e1c13409c3cddb7a21989cc56d68168908f0fdfa0b23,479,False
aru-1-2016,1,1170,RGI2000-v7.0-G-13-65426,6c56319b336f0d6b1a370a468dbd0035e72c9eb1ba90a26971bb31b19cf8bd88,480,False
aru-1-2016,1,1170,RGI2000-v7.0-G-13-58519,6cbc66bd02cb88af03b81bd2fa5dd738c43e35e193e3c8ebadebe8b73c522391,481,False
aru-1-2016,1,1170,RGI2000-v7.0-G-13-63543,6cca70ce3fa9b6cc0b5039194fc9612a29fdc58a5c49ccf337bc2b85ac773764,482,False
aru-1-2016,1,1170,RGI2000-v7.0-G-13-66430,6ccc2b01b8c3a9b05fabbf319921a30fca56a7ba75b9103bfea4c92e8c31798f,483,False
aru-1-2016,1,1170,RGI2000-v7.0-G-13-66401,6d630072dd4b30d262267de6b2d6d7c424f61a8d9f8324c55432f5511ac5de71,484,False
aru-1-2016,1,1170,RGI2000-v7.0-G-13-57497,6d90afc15c764e4612193ed571babcca2783812db9715b38b79737a394fe85bf,485,False
aru-1-2016,1,1170,RGI2000-v7.0-G-13-58537,6da0de020d3f4250dcac5be3bf04357c1c8b9537366e41d7530f29a10f869d48,486,False
aru-1-2016,1,1170,RGI2000-v7.0-G-13-62457,6dcb47ebe0ebb4b83615d2570f01861b1ade07be69019cf5abc53738bdf993e2,487,False
aru-1-2016,1,1170,RGI2000-v7.0-G-13-64852,6e2dc6664816a465ed7af34a4f2558472208b2fba91d07ccd560afd354362011,488,False
aru-1-2016,1,1170,RGI2000-v7.0-G-13-64159,6e4f6838f9d326a483e7ee0c56ae857635fcd276923e2d966e95a095ae79e1ab,489,False
aru-1-2016,1,1170,RGI2000-v7.0-G-13-66419,6e86eff238eadcac5c0866a5d7edfeb01b3ddf13d4e7260608a9911a5623a45f,490,False
aru-1-2016,1,1170,RGI2000-v7.0-G-13-62361,6e8a5efc0df558cc3f236548455ed90fcb1ea6a9ea741603ec8937ac73363b15,491,False
aru-1-2016,1,1170,RGI2000-v7.0-G-13-58235,6eb494ac546c2577009bde985eb6ae1353db07d7b5c8e3211fecdfb465c966ae,492,False
aru-1-2016,1,1170,RGI2000-v7.0-G-13-62708,6eb63b536539057eee5432e0ac1531d2b70e90f7585e6da1d613b87b69991cb0,493,False
aru-1-2016,1,1170,RGI2000-v7.0-G-13-58411,6ee4ac5f85cbd253d8eaca8dfc1398f9298e025a5d8b8a94912e254cb844add2,494,False
aru-1-2016,1,1170,RGI2000-v7.0-G-13-58351,6ef35994bfdd52c36dac89480afd9445f3a96cfa78c9815032d6001b0cdb8be3,495,False
aru-1-2016,1,1170,RGI2000-v7.0-G-13-58703,6f2a4fb113b77b329b782b6b6627f8ca2c507b7c38bffced0bd299d1f254cb5f,496,False
aru-1-2016,1,1170,RGI2000-v7.0-G-13-58870,6f4cbab9b551aea5db1f60c284f00f5e4aa7f58062ff74707d86ad3f7c983114,497,False
aru-1-2016,1,1170,RGI2000-v7.0-G-13-60067,6f5b282345eadcf58a3d71ad4c64535e36d3dbc85269571c97701d90c0d4b06d,498,False
aru-1-2016,1,1170,RGI2000-v7.0-G-13-57321,7008edc355e6a60c78ba65f32294d333223f13d78afe1fe9498f92be2538bb2e,499,False
aru-1-2016,1,1170,RGI2000-v7.0-G-13-64422,704dec61c66d519afb850997e04f6cfe2f0fcd4f9af6f159c748557b5c5724bf,500,False
aru-1-2016,1,1170,RGI2000-v7.0-G-13-66614,705c081bfdb52c3e98ff107d88412fb0df0d3c599263da31c60b93e7b2c5f1a0,501,False
aru-1-2016,1,1170,RGI2000-v7.0-G-13-65436,7084e604ca45a8b63f7e181f48f82dcbefc7b988334a74a2de2bb0c2a216600a,502,False
aru-1-2016,1,1170,RGI2000-v7.0-G-13-66560,70cbe67dfdf6792cf83003406823dc4149856679560c4654119b06a9f257c0a8,503,False
aru-1-2016,1,1170,RGI2000-v7.0-G-13-59685,714003264fb75ccfcafc2087359725ed6b2f51a9525a636ae3702a1dd777eaec,504,False
aru-1-2016,1,1170,RGI2000-v7.0-G-13-57342,71607eb20a3ad5dfc4f475634bc03b57fc54627fceadd7f9fe56a10ce2860c83,505,False
aru-1-2016,1,1170,RGI2000-v7.0-G-13-65086,7281af00ef8c889b817be3bd735fa330648ff0eb90c5667f7714533d0fe0a264,506,False
aru-1-2016,1,1170,RGI2000-v7.0-G-13-61548,7305f0c15e19508ac02084a205d3b9064c5c58399b1d4ab455242e2f101407e6,507,False
aru-1-2016,1,1170,RGI2000-v7.0-G-13-57325,734eb5f8735389c2d33033cf6227ba13a4e0e1a6b1feb87e8ca2c02d14f3f741,508,False
aru-1-2016,1,1170,RGI2000-v7.0-G-13-59780,73672505b4d0381c6912f72d7adfa847afc3a76e7fe61c48ab56d9f6e61e937d,509,False
aru-1-2016,1,1170,RGI2000-v7.0-G-13-63402,73895c1679238a6f1ab25f876b9dac41abaeccb7c9473ed636137554dd476ddb,510,False
aru-1-2016,1,1170,RGI2000-v7.0-G-13-59915,73d6a931cf0a51dca891351bf385a4787b0d373a2d329a1858af5629b76e7776,511,False
aru-1-2016,1,1170,RGI2000-v7.0-G-13-64649,73de572f8c569986b59958d25343eaf9e42dcfb884539ebdd66654c1347f273a,512,False
aru-1-2016,1,1170,RGI2000-v7.0-G-13-59474,7423b40e4b1a9beca01b2bdc368869fa97c66353ab4a77677e94dd4bec7cbf08,513,False
aru-1-2016,1,1170,RGI2000-v7.0-G-13-58526,7453c064849433161d136afd8d9f7734f3d84a515eb2112ec0b1b7ac3c32f675,514,False
aru-1-2016,1,1170,RGI2000-v7.0-G-13-64395,74862f23cee02c89726df759f89a5eda6e247ea405f6dc5b3a0ab03f6cfe6c48,515,False
aru-1-2016,1,1170,RGI2000-v7.0-G-13-59689,74e917d4c90a46220294f41ab995240cb08a992690017f75c0def3ba3d6a029f,516,False
aru-1-2016,1,1170,RGI2000-v7.0-G-13-66509,7522676776d9c48f581fb17096466bc7b839cb77a1000420de2db21f046ca12b,517,False
aru-1-2016,1,1170,RGI2000-v7.0-G-13-60401,75341a7f685771a30299ba60dcf70db56679fca4e344c77b2c78e9eff44c43b8,518,False
aru-1-2016,1,1170,RGI2000-v7.0-G-13-62706,759becc5ef5acf06a7e88c94550791cd3b3f9236c11b1e4cb0f1b0dd45f705b2,519,False
aru-1-2016,1,1170,RGI2000-v7.0-G-13-58578,75a10a9af548119f1b48b25f90c01330ae844df9fd5e6c45f533a1e591dcc109,520,False
aru-1-2016,1,1170,RGI2000-v7.0-G-13-62848,75c274c45fbdc497a0a1d5b8c0674f19183f495cd3e44404a614cbb776f16b82,521,False
aru-1-2016,1,1170,RGI2000-v7.0-G-13-65441,75d535a0e5551ff6c3b8b5fb2ab2402f1973ad008624d6d2482e7af277d003be,522,False
aru-1-2016,1,1170,RGI2000-v7.0-G-13-61526,75e81fab35cf0c15cd063fcf800ccbbcad93f9d6efbeaa944129da58eb3e343d,523,False
aru-1-2016,1,1170,RGI2000-v7.0-G-13-62693,75ff79b72165f3ca0fb1dd8a5f186154a9ef13b37066b37c7c0f61f09ccfafc9,524,False
aru-1-2016,1,1170,RGI2000-v7.0-G-13-57406,761cc2883366cbbc3d3db19dfb25e2fa7850edecf0cc5ab34a1213202d4a3133,525,False
aru-1-2016,1,1170,RGI2000-v7.0-G-13-59841,7650cec5c73f1996949e7b790a2ec129ec31327937bef435346211a99bf1ab1b,526,False
aru-1-2016,1,1170,RGI2000-v7.0-G-13-62270,76b99f6139c46a25da410560f00ad14350bc3356bcbac22015e99aaea8ea7718,527,False
aru-1-2016,1,1170,RGI2000-v7.0-G-13-64110,76bcd05495ed6fcd6dc0aad35cd539f6a4231d49d0eba3b71ae707131c47ac21,528,False
aru-1-2016,1,1170,RGI2000-v7.0-G-13-64978,7740e147485c77ae28b54f574a52a337af27f6cf539e72fd13fc05c5cd09d4b6,529,False
aru-1-2016,1,1170,RGI2000-v7.0-G-13-58209,776116a5ca79b9e7b2405ff4d9ff38272459e56a3ac8f0b2ba710bbf2ab23275,530,False
aru-1-2016,1,1170,RGI2000-v7.0-G-13-66212,77b69480fa011b15c52b31c07e74ab0a4bedb6a320219e2bd21b81ad298f71b9,531,False
aru-1-2016,1,1170,RGI2000-v7.0-G-13-61313,7813d101a8d5043a318af679e40c0debb6f8da4e2e16e443874061659aaea97e,532,False
aru-1-2016,1,1170,RGI2000-v7.0-G-13-67287,78b43344395f526f358a1b0bbd36dddf2e54400c4c4d0dcc8d5382f2211c46da,533,False
aru-1-2016,1,1170,RGI2000-v7.0-G-13-66730,78b86c099314692de261b1d744f64985946d9a7cf23579face2d2cc887634b87,534,False
aru-1-2016,1,1170,RGI2000-v7.0-G-13-59150,78b905ba777767f6cb81a588c5c095b13d140a47dbed5fad400fadc16cda07f2,535,False
aru-1-2016,1,1170,RGI2000-v7.0-G-13-58633,78d20f820bd2a83f9c74085adc324bdcadf2a424c96c3ebac097a42fa2fa38e5,536,False
aru-1-2016,1,1170,RGI2000-v7.0-G-13-59889,7943e82a951caeda74b362161309961ad297c944b77386aceebe0d347733b15c,537,False
aru-1-2016,1,1170,RGI2000-v7.0-G-13-64313,7a47e9e7ab1782b6189ee5c325e581343761363219f5063155b3edf8e1ed69c4,538,False
aru-1-2016,1,1170,RGI2000-v7.0-G-13-66717,7a7728ffb31de16b65310f0ae91640ac3df91ba2d1fe3df7120db492dd63cf00,539,False
aru-1-2016,1,1170,RGI2000-v7.0-G-13-61213,7a8ccdf88c2935b1301b5e3556493dd00fdc02a135fc7e078175db9bbc216d86,540,False
aru-1-2016,1,1170,RGI2000-v7.0-G-13-58649,7ab68082cfbe2dddd159b2b5774c5dc8059723d8286c73b6d0b98d5422d84971,541,False
aru-1-2016,1,1170,RGI2000-v7.0-G-13-63132,7af741eaf01b6c0e4e8912e2a5042a574c131655fad30e85513c7c29ab35e8c6,542,False
aru-1-2016,1,1170,RGI2000-v7.0-G-13-62699,7b25c544df45a0bfa43a08ddb8594524b261e67611b74951c628f8c395a19d66,543,False
aru-1-2016,1,1170,RGI2000-v7.0-G-13-63413,7b6cff2e754d673c9014d3523b2b91aba9a60b810beede4172380df7b96a9a38,544,False
aru-1-2016,1,1170,RGI2000-v7.0-G-13-66742,7bb05d9fc876b2d8f3df3e01b554cdef6f1d3afd983dc8e0a90d32b87ab74aab,545,False
aru-1-2016,1,1170,RGI2000-v7.0-G-13-61558,7bc385b250612bcc599461279894d6f53102ef9ceee3c9586b0c7ea9c2731db1,546,False
aru-1-2016,1,1170,RGI2000-v7.0-G-13-59927,7be61814a65d9bcd26aff10cd2d6d0cc2bcd85281f00dd81171d35cc4e5adad9,547,False
aru-1-2016,1,1170,RGI2000-v7.0-G-13-63986,7bf44bcfc7fc283bc617e62da30a14bb2ca08ab555ea5afe2f853ed9c2b6aef8,548,False
aru-1-2016,1,1170,RGI2000-v7.0-G-13-62842,7c9c103bc9d1cf16831b64c1132394e0bc77d72317901bc3c90e9192eefd006a,549,False
aru-1-2016,1,1170,RGI2000-v7.0-G-13-66796,7d1f4897f677f6a00b42a42532eb6b453226742067539b1a02b950a5365167f5,550,False
aru-1-2016,1,1170,RGI2000-v7.0-G-13-63850,7d5604d62a52ea3b1fe2abf679c42fe200aefb491de240fa91cf746f8366d188,551,False
aru-1-2016,1,1170,RGI2000-v7.0-G-13-65915,7d9e90acb0438fe01f2575f341796417e24f198e691adcd9a2d4bc78b6bcd2de,552,False
aru-1-2016,1,1170,RGI2000-v7.0-G-13-64642,7db19da136a856282bd2ccadece5ccefd8425b22fed5b43a0adc0c4f4f817789,553,False
aru-1-2016,1,1170,RGI2000-v7.0-G-13-60885,7db91b68a70a8bfdcf317fc24559938ab8be8c3a87d155c4bd5cd0589861d50b,554,False
aru-1-2016,1,1170,RGI2000-v7.0-G-13-66563,7dc6186845ba766e5a8b151ec52af46fc43c5626e2c0d2e036de94bc59ff712d,555,False
aru-1-2016,1,1170,RGI2000-v7.0-G-13-66371,7dd8d1d23a15d7689966f725d04b413483b80c8cf63f101f873738944bafaacc,556,False
aru-1-2016,1,1170,RGI2000-v7.0-G-13-64963,7de9a7254b10ab008894d2fc833127067a60d9a5499ef44cf346c993e4aca5a7,557,False
aru-1-2016,1,1170,RGI2000-v7.0-G-13-60180,7ea131e4698ebacbea07e23bf438d0288cbd943bc5d703589bb350eaa3e6c4a0,558,False
aru-1-2016,1,1170,RGI2000-v7.0-G-13-60022,7ebf92f31ddc4db87ae1a6e55de21e476d5897df563a7ab00ad7c352a634c431,559,False
aru-1-2016,1,1170,RGI2000-v7.0-G-13-66276,7f025e780b4ce1fc9ec28dc0e76ece8d031a68dee599d470b2001e485f6dbe8b,560,False
aru-1-2016,1,1170,RGI2000-v7.0-G-13-61636,7f2cb9cca30d7739bb9bc8ffe94ce50188bbe0ebb539e6ebc989c3d4c8e4665a,561,False
aru-1-2016,1,1170,RGI2000-v7.0-G-13-62357,7f6c760ef2acff3264fd657001056fc68d5fb559f94a3f715f2b71f8ade38e6a,562,False
aru-1-2016,1,1170,RGI2000-v7.0-G-13-62703,7f76bde6a5129d50b4eae703a402cd53e83777ecae04e15ec8a9b0bc505fc8c0,563,False
aru-1-2016,1,1170,RGI2000-v7.0-G-13-66341,7f84b27691b8f69bd433c34728bdffb3235dfb64b624e81693d8ac63fc0f80e0,564,False
aru-1-2016,1,1170,RGI2000-v7.0-G-13-66307,80066245bd97594c03ecc2763de792abf36609548c3fa15b4de3d4f6d744c891,565,False
aru-1-2016,1,1170,RGI2000-v7.0-G-13-60855,800e79de45bb9d5cf8005967e6393d90ee1a5c881cd1ae149de384860cbea7c9,566,False
aru-1-2016,1,1170,RGI2000-v7.0-G-13-60254,801e09719e315c07bf406a74d365aeb3ce5f5d4f4d5cb8f516de2552f94b0f5c,567,False
aru-1-2016,1,1170,RGI2000-v7.0-G-13-60991,802ab82902ad08f6d0064d284405a13fee2e6e85ba179a75adb190c9e78593e5,568,False
aru-1-2016,1,1170,RGI2000-v7.0-G-13-62669,80554a86452081ce276164e43366bbbfda76bc3eb53307bc16b92ff56b0056c8,569,False
aru-1-2016,1,1170,RGI2000-v7.0-G-13-66603,80a3b804219ceb966d273fe08331c8f1bef9b7e55ac3d63b73a42aadd4588fa9,570,False
aru-1-2016,1,1170,RGI2000-v7.0-G-13-65825,80b35aa92f0fcbd4ad037bb137b4423c9facd4bfb649fe5e152333109295bad1,571,False
aru-1-2016,1,1170,RGI2000-v7.0-G-13-60969,81648beeb4156e2f834d399d16978cc3c27a56c38a4afcb17d6de2dc0b1427fe,572,False
aru-1-2016,1,1170,RGI2000-v7.0-G-13-59342,817e9b4aa2c71f05cd2694a7a17584e542677f1280816273bc42e12edd6acff5,573,False
aru-1-2016,1,1170,RGI2000-v7.0-G-13-64323,819746f29f7dfbca7d4309352ca1a5343ea42c7403f90105907479c4572ace44,574,False
aru-1-2016,1,1170,RGI2000-v7.0-G-13-65159,81a0879883f4b028e9a187f7dd5ff9989e72db0152264ad3132b417de22df024,575,False
aru-1-2016,1,1170,RGI2000-v7.0-G-13-60956,81d641131269932d7ad82b40d5f15264c04abcc8bd85ef5bf30ccd9e2ee45ba0,576,False
aru-1-2016,1,1170,RGI2000-v7.0-G-13-57119,8221c9d344cd5be4fe61fa43afd137b99852c4cbb3f0a34b3d1f33f3bf0d6e60,577,False
aru-1-2016,1,1170,RGI2000-v7.0-G-13-66995,82b53288beb83836696ace73cc67c129970ad0a90fefa26724f051f7c1480c45,578,False
aru-1-2016,1,1170,RGI2000-v7.0-G-13-59830,832acb7483ae6e45f51647a51d5e327adbac4d12754e90b0b23769c1cdb1d444,579,False
aru-1-2016,1,1170,RGI2000-v7.0-G-13-59832,83683888817fa2497cc701040f899a1da4cc1551181aa1da784652a4e3664aa2,580,False
aru-1-2016,1,1170,RGI2000-v7.0-G-13-57434,83be2f4d130905d6d41fd18c88dc6f91bf15a21fbc0f2f03248349328c9fd4b1,581,False
aru-1-2016,1,1170,RGI2000-v7.0-G-13-60695,8458c1be5e6ac849fd991a9dc284ea5788fa44c9522d61e298e8167378fca845,582,False
aru-1-2016,1,1170,RGI2000-v7.0-G-13-58461,846f44b65af96d82e5c489b91112178a48cd3d9be00fe9099368f241a3c6b159,583,False
aru-1-2016,1,1170,RGI2000-v7.0-G-13-63130,8485ebcd0ce0363564a431f68d8da8d621daae586bc2660d3f5e7fef8c066076,584,False
aru-1-2016,1,1170,RGI2000-v7.0-G-13-67252,84a0667bb44d2b76c82fd04a9627bb228a2759a27377b93910acdfeeba59859a,585,False
aru-1-2016,1,1170,RGI2000-v7.0-G-13-63302,84aa3e02c23140f3a9422675ef70874d3579a31331d156a29a8b69ea092ed9b3,586,False
aru-1-2016,1,1170,RGI2000-v7.0-G-13-60983,84e74561d463547ba70bd82c624846e1d1d7605e963d1a6a452472706b53f97e,587,False
aru-1-2016,1,1170,RGI2000-v7.0-G-13-60265,851f206e3ebc13c4f88e782d15b2f149168cf66e821816d30614bba48af7f02e,588,False
aru-1-2016,1,1170,RGI2000-v7.0-G-13-65913,851fb5885324f4b141256ebaf2f72943c4614fbaeaa7e02483e83fcc51d5974e,589,False
aru-1-2016,1,1170,RGI2000-v7.0-G-13-66498,853179675ac2c03ff26798683783a343ce924e9cef7f5e2ac2416acb89394e4c,590,False
aru-1-2016,1,1170,RGI2000-v7.0-G-13-64426,8542e62875a4cf1802c8f3921ec89d85361243c7ccc512d9f9c0775c1dedfac7,591,False
aru-1-2016,1,1170,RGI2000-v7.0-G-13-60541,85496b5063d2b649a0aca3fdc89672e49c7dad6c1de2431523b2b2bf0531a817,592,False
aru-1-2016,1,1170,RGI2000-v7.0-G-13-60485,85611f37e9193ab7dbed3f70026340594954023b4fa81098e94a5d9a956a157b,593,False
aru-1-2016,1,1170,RGI2000-v7.0-G-13-65386,86039f3bb59f6f498e1473fef7693da20f670ec3f38d839e2a6ca2b0097394a3,594,False
aru-1-2016,1,1170,RGI2000-v7.0-G-13-60433,866f5bd31b108b48658b8ddda42fcb95f580756c06049fc6cb702e0ea04e5fc9,595,False
aru-1-2016,1,1170,RGI2000-v7.0-G-13-59066,86c0577c6f44bc8bba200b7d6084e212b4a76f14d0d90635ccd8be684ff220b8,596,False
aru-1-2016,1,1170,RGI2000-v7.0-G-13-60226,8719b3e1f2312df61c589d487a60d13026a85f1a35e241049151a3ddf04c112a,597,False
aru-1-2016,1,1170,RGI2000-v7.0-G-13-58347,877fdbf072ea2643d49c4d77551bf3cd2f47a49766cfe1262e14c4a436eab371,598,False
aru-1-2016,1,1170,RGI2000-v7.0-G-13-58286,87942daa553e5a41d6ced0e012604048c2ff585eecc3f6e043bf7e1acda519c8,599,False
aru-1-2016,1,1170,RGI2000-v7.0-G-13-63892,87c3a43ece27754e243d91ce186ab7ba6413dd9819d0d77bd95976964e9863c6,600,False
aru-1-2016,1,1170,RGI2000-v7.0-G-13-64888,87f08f2e1b8fb4ba7b49018c01b417e42ae7f067af583ef816d8a096b209f86b,601,False
aru-1-2016,1,1170,RGI2000-v7.0-G-13-65141,88025689b83e1606b7b9a041aaec149a34b823bb9c541be6af30957f9aa43964,602,False
aru-1-2016,1,1170,RGI2000-v7.0-G-13-67255,8811e742d36cd100188656bd35bcd645795d7c1cc4b9e992ab381db852442dff,603,False
aru-1-2016,1,1170,RGI2000-v7.0-G-13-65797,881a03fff26e6a8d2df189d0846fadd4eaa77a91681798390e03dd37cb20c8db,604,False
aru-1-2016,1,1170,RGI2000-v7.0-G-13-58249,883bb2169ead6d22e88a8027f5db04c22b5f47702c7920df7a402ac1898e8de3,605,False
aru-1-2016,1,1170,RGI2000-v7.0-G-13-63445,888df831ffc0cf0cb2ddfc9dd1680bb8ac2840828c6cb0ed8a76bddecbb083cd,606,False
aru-1-2016,1,1170,RGI2000-v7.0-G-13-58201,88b239c0dfb968aacc92ee03bb181ca5eb3dbaaedc867a71a119db6953232a0c,607,False
aru-1-2016,1,1170,RGI2000-v7.0-G-13-61738,88db06355319907f3aedc471b7a3d28cfc9c98536a77329683f69c1e58fd7fb7,608,False
aru-1-2016,1,1170,RGI2000-v7.0-G-13-64101,89001de8488816946f740f7f2a571c48aa78a4fc005f54dc8da19c233021559f,609,False
aru-1-2016,1,1170,RGI2000-v7.0-G-13-60786,895f62438d8133a0097e336b055042353e930ffd272725ea307683d810c883aa,610,False
aru-1-2016,1,1170,RGI2000-v7.0-G-13-60253,89829aa2863095aff3619df279dcbb78cc77f4b0292e0f88451195299548def8,611,False
aru-1-2016,1,1170,RGI2000-v7.0-G-13-62164,89dc5063c3b794b18dbcb21ff057c00fcba7352a3b69ffdf1b2fbdda2d266879,612,False
aru-1-2016,1,1170,RGI2000-v7.0-G-13-65163,8a12b677495456e1a08adedf3e945d52e5e4005e5c2f9469f8386bd03368ae7e,613,False
aru-1-2016,1,1170,RGI2000-v7.0-G-13-65381,8a6043ca7973e1924a872d00c192a127d107f85056bad565e2366eb49e1cc339,614,False
aru-1-2016,1,1170,RGI2000-v7.0-G-13-60351,8a672b3694fb5cbace00cc188c0a40c8c6b92af73b138aad3beb204c46ca59bf,615,False
aru-1-2016,1,1170,RGI2000-v7.0-G-13-59285,8ac5a06b44b5bd03b815bf78210d5519358e2f3ca811b14347814f8dc83cc9a7,616,False
aru-1-2016,1,1170,RGI2000-v7.0-G-13-66713,8aeb99d2f986a119f88d6db8b360b51f6d60461e1c39033acb0560ff4a0c6799,617,False
aru-1-2016,1,1170,RGI2000-v7.0-G-13-64109,8b4ae1c411eadd8f392440fb1b6e65f178a6212071fcf8b13b6da36e3770504f,618,False
aru-1-2016,1,1170,RGI2000-v7.0-G-13-60002,8b6d7f8ce550c84a833fbac84436e32cc87f03f9105b603c99d2280fd54a58ef,619,False
aru-1-2016,1,1170,RGI2000-v7.0-G-13-59678,8b9c7c2955a695d90c89411744893c220d7d4dcbef3916f17dcfd6448181c186,620,False
aru-1-2016,1,1170,RGI2000-v7.0-G-13-61726,8ba5f015a6e365a4b654caafaaaa71a040de62e3c93abb2400edcadad2fe9710,621,False
aru-1-2016,1,1170,RGI2000-v7.0-G-13-60116,8bb2715a8d6b4dff65b62a381226318ca070a327c068157685a16648e6f76e69,622,False
aru-1-2016,1,1170,RGI2000-v7.0-G-13-63983,8bb3d6d7aac16677b4c1ab1de7f9e08248377715e04e6ea87f55350eaa7f9305,623,False
aru-1-2016,1,1170,RGI2000-v7.0-G-13-65962,8be3438a79d181fba598d16fd25d3d7640b1c37c1a118d8b08ee7b99aa448ccf,624,False
aru-1-2016,1,1170,RGI2000-v7.0-G-13-58203,8c0a0e7a75a65d0fb72484bce5ed05a43f05c6ff25eea8549e31e979f5d9d42a,625,False
aru-1-2016,1,1170,RGI2000-v7.0-G-13-64414,8c19017520d7abc5c0a04c2f6ea960ff1d236bf82a2dad91c250bf85d8d95856,626,False
aru-1-2016,1,1170,RGI2000-v7.0-G-13-57453,8cc9966bdc8d51628fa07e8220177fb5e5909cbbab3650dfb44ef248dd698b42,627,False
aru-1-2016,1,1170,RGI2000-v7.0-G-13-65008,8ce98db2ee59ebe89ce5beeceb81a7d47546b2c3e131732e4d96baaf53521b70,628,False
aru-1-2016,1,1170,RGI2000-v7.0-G-13-60139,8cefa2cd39123ddba6f5fd5b0ff587606e87ee70c31bb2b239ce3b49d03e8ca6,629,False
aru-1-2016,1,1170,RGI2000-v7.0-G-13-63836,8d1fdf9593344a7ca6109b930466a5b830c9f4c27f4b6b2b0ed7c91a97af18c3,630,False
aru-1-2016,1,1170,RGI2000-v7.0-G-13-59494,8d20e4f7303af56ad2e16fe5a5df77c86338088ea953fed81a4fd31fb7aca12e,631,False
aru-1-2016,1,1170,RGI2000-v7.0-G-13-59307,8d7c4983306b81c98a8b03d9c3f5681448e20a5588c2e84d90d41b9b43e4409b,632,False
aru-1-2016,1,1170,RGI2000-v7.0-G-13-61066,8dab979fe886911e2429e49632db86cb6fb088a27c561066ee1d8cd561878d38,633,False
aru-1-2016,1,1170,RGI2000-v7.0-G-13-63540,8dc3961d16e42acd5578e5ef31a0a2852d6ec5c03188408a55a8871473b00012,634,False
aru-1-2016,1,1170,RGI2000-v7.0-G-13-67490,8e0aef6318ddb696666e9063802d7a7c72e2d819ecd5898241b6268953279793,635,False
aru-1-2016,1,1170,RGI2000-v7.0-G-13-58462,8e3bdd4eb3c08b9b4b7dcd89de4478c9f65500b6edfa9b78d565b73cbb35355e,636,False
aru-1-2016,1,1170,RGI2000-v7.0-G-13-57440,8e40548b2a55989f815fbce981a067111f0dfe0a4c0596b14df4e18f2a66c648,637,False
aru-1-2016,1,1170,RGI2000-v7.0-G-13-65337,8e484d29e73535b5dac024060bdb432e2586899fb05bdf4dfe186642fdfc75f9,638,False
aru-1-2016,1,1170,RGI2000-v7.0-G-13-60129,8e8cf3c4f576162831e71d3763f46c2d30e6c9bfc05cb9e4f885315d38487ff5,639,False
aru-1-2016,1,1170,RGI2000-v7.0-G-13-61087,8e9e4e67f4a234040afe6c5ff305bf56538e58f4cea11eeab904d1e679f81382,640,False
aru-1-2016,1,1170,RGI2000-v7.0-G-13-57484,8ea5efdb0c56f0e656f7194a366369b3f39726ba14205f0a5461404f8c7569b9,641,False
aru-1-2016,1,1170,RGI2000-v7.0-G-13-65811,8eb2b47ea93bc7ae922c7ae6439f09c6772a8d2921aa9f39a92e3844e1c0458a,642,False
aru-1-2016,1,1170,RGI2000-v7.0-G-13-61990,8eca64ea24ed45e04741c609b23b061097f74b137dcfd78d2fcfe5118408246d,643,False
aru-1-2016,1,1170,RGI2000-v7.0-G-13-64034,8ee2096afe7832ac6e9792db7fc004437ceddf19080ddc06d8aac7b3f8b31d46,644,False
aru-1-2016,1,1170,RGI2000-v7.0-G-13-64861,8f1ad1bdea55aa134f366dff2ad285a015ff977e600af91e9377fe69e5439acf,645,False
aru-1-2016,1,1170,RGI2000-v7.0-G-13-65556,8f44a44258c2e419efff466332524f316337936a00ed4ed1b7be470946d94011,646,False
aru-1-2016,1,1170,RGI2000-v7.0-G-13-67702,8f5c68110030f761ddadfc51bb43c60c5a08ac3d6f983704cacd28955458d414,647,False
aru-1-2016,1,1170,RGI2000-v7.0-G-13-61740,8f76235bdb274af65fba1f91001cc218618e2dbf35bfd36c46a3650e160d7bcc,648,False
aru-1-2016,1,1170,RGI2000-v7.0-G-13-66643,8f95fecfa8bca52a3bb5fb645a57f34688711948443acc06e634be32f9675cd5,649,False
aru-1-2016,1,1170,RGI2000-v7.0-G-13-67698,8fc2cf6bfc270e74b678b31f5b75bc10f620c8c7ad38db958f3dfd4656e17867,650,False
aru-1-2016,1,1170,RGI2000-v7.0-G-13-66935,90f043cab99ecc74c711ebaec33f10887498a30f284aeb5e1edeee79771d5f03,651,False
aru-1-2016,1,1170,RGI2000-v7.0-G-13-67163,9108ac978e61cc4e3c27b8bafd9f2c5cab53f1c7f900c254307de29f85f278c9,652,False
aru-1-2016,1,1170,RGI2000-v7.0-G-13-60015,913af6df54bf2f3866c0dfbbc9443b34d528c8994e673f460dc8d7b0aa17163c,653,False
aru-1-2016,1,1170,RGI2000-v7.0-G-13-59995,9192fefcc1540533bfe2312b07c137ba2c8da4642779f2891f655612efdc2ed6,654,False
aru-1-2016,1,1170,RGI2000-v7.0-G-13-59276,91cdbe580710fce89ef79685796b3a0aa32186ee63acdab6c7d699e8aef55e5b,655,False
aru-1-2016,1,1170,RGI2000-v7.0-G-13-57502,921859bc599431f27868b533ad9a86c52bae7b9bdff5320d297075b24ee2d7af,656,False
aru-1-2016,1,1170,RGI2000-v7.0-G-13-61088,92285bd2a43be999104236304637e978be11589349c40d3275b38b05a544762a,657,False
aru-1-2016,1,1170,RGI2000-v7.0-G-13-60429,924942c108d0c5d7e8d2f3f1a8c4bb280a46ad9a2400c2ccfbee14cef8e842e2,658,False
aru-1-2016,1,1170,RGI2000-v7.0-G-13-58647,926203c60805d12e5470598d3e3144a085e42fab912bb12709bbf6d47ffe97f9,659,False
aru-1-2016,1,1170,RGI2000-v7.0-G-13-67198,92886a50929c20a6e6982aa43c1621436ff76190cbd9f525c9fdfcae949bc1c1,660,False
aru-1-2016,1,1170,RGI2000-v7.0-G-13-65455,92b171ae6fa815a6119aaa4a2d7b7a946432ced1fe76a3280ecccc4e2b7f5b8f,661,False
aru-1-2016,1,1170,RGI2000-v7.0-G-13-66602,92dbfd8235ee5e38049dbe4e4826606e7fb89900eecb639b801ee178bb4b92cc,662,False
aru-1-2016,1,1170,RGI2000-v7.0-G-13-63555,932d581fb25da6d78d02e7c41caf22ba73e68a6f45c935e3d937a93d96bf94dd,663,False
aru-1-2016,1,1170,RGI2000-v7.0-G-13-63750,93866a85a360b064b723f4e4dcc4237bf53ba8c1ab2ad3924a9d047b6fcea9e9,664,False
aru-1-2016,1,1170,RGI2000-v7.0-G-13-59994,93e486c843900e97f5968d5c2b70ee869ebab7ffe81a69c5d7897b86c6e19336,665,False
aru-1-2016,1,1170,RGI2000-v7.0-G-13-61950,9424ae303ca44c1d205a87454f25021b64a848289ecc88eac4ee1b4a5c271b44,666,False
aru-1-2016,1,1170,RGI2000-v7.0-G-13-66576,944542fac24a496f2fc80dacb6d5910bf25efea9fd28a7dd2e812e1f272abfdf,667,False
aru-1-2016,1,1170,RGI2000-v7.0-G-13-65975,954629ffd2a3de58abf57ba791ac3d8ae98927925baec8d19316ad512cea03a3,668,False
aru-1-2016,1,1170,RGI2000-v7.0-G-13-63291,955e15b750a16632ef6d88c94c34c64cc1a3b84c83e417d7627d39f5e7ef492c,669,False
aru-1-2016,1,1170,RGI2000-v7.0-G-13-61614,955fa793007751c03dd1194a296b4b425b44a07838579f9bffda2f778ea88b66,670,False
aru-1-2016,1,1170,RGI2000-v7.0-G-13-65973,958661e8487c925608577158c9e431a7ed8ae0e481f76e9d4b33bb657ba49b1e,671,False
aru-1-2016,1,1170,RGI2000-v7.0-G-13-57483,95ab2919d1f244e99a09e959e2095233077cda3459cf81f7f4a7bc6951410b89,672,False
aru-1-2016,1,1170,RGI2000-v7.0-G-13-60275,95ca67dc4aa503c3682d2f7ddda8edb64a879b168698249edb34844105a033a3,673,False
aru-1-2016,1,1170,RGI2000-v7.0-G-13-66268,95e902fca364a6c6fc8c4b3ae8d5d0e4161bca0dd49be5842cc43eab4a7079ac,674,False
aru-1-2016,1,1170,RGI2000-v7.0-G-13-61670,961caa1e39d7f157f183d089a5386e9f5ab236624b0da156c43112b44816bcb9,675,False
aru-1-2016,1,1170,RGI2000-v7.0-G-13-58377,964e3de1c56d2eef3598bf653bd8ded0f9663870e8334dc230e8ae11d027b479,676,False
aru-1-2016,1,1170,RGI2000-v7.0-G-13-62378,96531f0f658f450b57213286907aa07a147333ab2509a8fbf77cfc4848952d6c,677,False
aru-1-2016,1,1170,RGI2000-v7.0-G-13-62362,965638df77cbef4116873a49fb84033023cf56aaca23404166804ad1ac3cad4a,678,False
aru-1-2016,1,1170,RGI2000-v7.0-G-13-58525,9736bdddca50f4ec3f64ee58566720af8f1c1305b3570fa560e4de0aabda067d,679,False
aru-1-2016,1,1170,RGI2000-v7.0-G-13-60063,975680f39ce80e7e58c4c897b76fcc321d8a6aa106d6a26f8631e4ce2684d7f2,680,False
aru-1-2016,1,1170,RGI2000-v7.0-G-13-65580,978aa5b47cf0979653023c4fa64d298e6402c58788e5aec43669db60b4acae51,681,False
aru-1-2016,1,1170,RGI2000-v7.0-G-13-61673,97c6298e25415698d72c6c99bf2d1a586e39910a501a3da8e65d7d176363eb8c,682,False
aru-1-2016,1,1170,RGI2000-v7.0-G-13-60220,97cef94a340e0209111d16a2bdffd4de9bfddc8eeebbe9b97bb3cb9357a56361,683,False
aru-1-2016,1,1170,RGI2000-v7.0-G-13-66678,986296ae263417b128b62547eebc263a76d065e93596f0795e010181471b255b,684,False
aru-1-2016,1,1170,RGI2000-v7.0-G-13-66345,987e50e2b50ae209b66be80a31b537bd2333981eb85d37fabd97cb324aa82874,685,False
aru-1-2016,1,1170,RGI2000-v7.0-G-13-61641,987f621214c516d8697c95a4240e58bb4ef8995ac19b8b0513f5ae569aeb4ac0,686,False
aru-1-2016,1,1170,RGI2000-v7.0-G-13-57414,98ca812a133732ceaa175018d373efb582402f3836ff966a75475abd23864a4b,687,False
aru-1-2016,1,1170,RGI2000-v7.0-G-13-59482,98ce1128c95877a48364b318508b67c9c3fa0dd490e7eedf686190b32042f889,688,False
aru-1-2016,1,1170,RGI2000-v7.0-G-13-61191,9947c1d9fe74ba0035aaedef7f755b66b865d772701f3e88bd615495d449791a,689,False
aru-1-2016,1,1170,RGI2000-v7.0-G-13-61175,9979027aafb60d41ab9b408d076bad0125a053b0ebaccdf7e26e73c0ea85fee4,690,False
aru-1-2016,1,1170,RGI2000-v7.0-G-13-60887,997c77ff691117cf29de1a61a115bfd5a60fc18e668bf07b4e835e377b348ebe,691,False
aru-1-2016,1,1170,RGI2000-v7.0-G-13-62304,99c5f0231337a5200913bd5170454b5474e377fef3154f404900d99c0277ac86,692,False
aru-1-2016,1,1170,RGI2000-v7.0-G-13-63283,99f6470db33bd650285fa1ff9bcb31f0a8633526aac767ebb1c470fd377a62bc,693,False
aru-1-2016,1,1170,RGI2000-v7.0-G-13-61973,9a22b293d82f0518ff4e6c8a18f075426ea75815cc6050c267bbf9af56537f45,694,False
aru-1-2016,1,1170,RGI2000-v7.0-G-13-59833,9a74da6dca3705119f5f861df94afaea9cc847a35352d61a6d09b897bbf70493,695,False
aru-1-2016,1,1170,RGI2000-v7.0-G-13-59973,9aa58f5e440135c92c773af3dcccb55385ed60f00463d7b95df071f9471456b2,696,False
aru-1-2016,1,1170,RGI2000-v7.0-G-13-66373,9b1c9751e577c9677b75386127e2755b6c1a17a01f6ecec2000d0fb263e9bb69,697,False
aru-1-2016,1,1170,RGI2000-v7.0-G-13-59180,9b1cae554022bcce73dffd4aa664711ad54db5c5eae99e3ba4350921844b6511,698,False
aru-1-2016,1,1170,RGI2000-v7.0-G-13-66729,9b52a9032c3e74eea79e6eb1c4a08e3d75d3308741a095efe6b115be47904e67,699,False
aru-1-2016,1,1170,RGI2000-v7.0-G-13-65864,9b5730d12c654e8caddeea0fbf83a79179c4576b39def508b8519a31fe353d9d,700,False
aru-1-2016,1,1170,RGI2000-v7.0-G-13-62219,9c0fd1638d216fbe395260dd2b5d9ea95e259cecec15f977c30cb914b59fda01,701,False
aru-1-2016,1,1170,RGI2000-v7.0-G-13-57404,9c27daa564c2aa64020f842a3b9c1b87966fd757a9b273219861b0eafabc685f,702,False
aru-1-2016,1,1170,RGI2000-v7.0-G-13-66326,9c9dc6e8317353d6b85a72ae2c277e828042fc3de9bdf372d32ccd5fd998e569,703,False
aru-1-2016,1,1170,RGI2000-v7.0-G-13-59991,9ca786e925cc9df0202f61a2883316f586e026a0c94a8952228bcb4965cd32e1,704,False
aru-1-2016,1,1170,RGI2000-v7.0-G-13-58806,9d12f2c7c0e1248ed3ec07c38164c865b827530b78bfc9370704d66f58ff9961,705,False
aru-1-2016,1,1170,RGI2000-v7.0-G-13-65080,9d25353ad05ca312acb5b41b22001873c9fa43eaa7f68028626a311c847eb43d,706,False
aru-1-2016,1,1170,RGI2000-v7.0-G-13-60378,9d9b7548c015749861bdb7e706b0819dc2c98459b8ea80da6c534b48df9f5c4c,707,False
aru-1-2016,1,1170,RGI2000-v7.0-G-13-62377,9d9db431361e47216f36cd2f6f5613aefce6090f58fc803166b8471588915573,708,False
aru-1-2016,1,1170,RGI2000-v7.0-G-13-61505,9db38f8bb11b7ea5ade56465c931414fe0a386aeb62329ea5d9bfb5e30be2220,709,False
aru-1-2016,1,1170,RGI2000-v7.0-G-13-59183,9dc95f2a1185427f65b90a07afafe4a337e85bb25073559d1fe6e055721ffeee,710,False
aru-1-2016,1,1170,RGI2000-v7.0-G-13-58362,9e0c73da8b001088f84a004e512e652026b1cc47bc7fc912d41b9de7878c4148,711,False
aru-1-2016,1,1170,RGI2000-v7.0-G-13-58174,9e9f9a41fce3dd28b8f86e5e95ea9e57f2160e4355f0b0bd2a380d20ab3e9908,712,False
aru-1-2016,1,1170,RGI2000-v7.0-G-13-57188,9ea1f4fcc62eae13f8143d503f9a80305edba9af7bd9d8d9b000bbcccdf4debd,713,False
aru-1-2016,1,1170,RGI2000-v7.0-G-13-63235,9eee1c2d81855273f6340819f8d0001f9cba97483fb4d7880d23d91e96a92c1a,714,False
aru-1-2016,1,1170,RGI2000-v7.0-G-13-65659,9f1ebb140460e162aa2a2e0f08af3f5b202daca5bebfbb3841637c5dc8188bbb,715,False
aru-1-2016,1,1170,RGI2000-v7.0-G-13-61836,9f4b125beeb8086ac452f26edf58f57d741890e9776a83fb6e2c6378c6784f83,716,False
aru-1-2016,1,1170,RGI2000-v7.0-G-13-66468,9fcde219861919854d65cde11ef070acd841d0a22521dde255dc6c58cb7c6e05,717,False
aru-1-2016,1,1170,RGI2000-v7.0-G-13-67699,9fd4b251723b3dab799a3557673f325e1d46dca13a5f4c3b013794d02bc7c335,718,False
aru-1-2016,1,1170,RGI2000-v7.0-G-13-58173,a0016ae5dc87b244edaa520e006437df14028dee50b81920161a215e86a234da,719,False
aru-1-2016,1,1170,RGI2000-v7.0-G-13-57320,a01894b5412cc23fcaff8271f4312837cc7101da710191c3d1c8ba43400d34f3,720,False
aru-1-2016,1,1170,RGI2000-v7.0-G-13-58671,a01d3a498d853e72f6dea55e352a0292bdfff6b750dac599e009af0c5ee6f99a,721,False
aru-1-2016,1,1170,RGI2000-v7.0-G-13-59481,a09d150f162574b04a2c11d40a533ff8c7a0b5e7599b35592a9696acdbaa01d4,722,False
aru-1-2016,1,1170,RGI2000-v7.0-G-13-67623,a0e31941719287425a6fc223fee6a41e764c6298ae221ce946161969f34b7d38,723,False
aru-1-2016,1,1170,RGI2000-v7.0-G-13-62286,a0e5e7e2e4d65f596a73e232847a51c04276b79d783e6b40e68f407433cd27c2,724,False
aru-1-2016,1,1170,RGI2000-v7.0-G-13-66273,a0f8fb06043648197bc324400cb27c25c9daf411408b460d2141f3851c1c56c4,725,False
aru-1-2016,1,1170,RGI2000-v7.0-G-13-58637,a143dec2945e391d5b476afe041130e40e104567c20ef7a5d2bea744bf88440f,726,False
aru-1-2016,1,1170,RGI2000-v7.0-G-13-58901,a157807a1cd9c49fb9ec248cd4225c3d1bc732be5dd6cdd0fa4564918e11ee2f,727,False
aru-1-2016,1,1170,RGI2000-v7.0-G-13-64992,a1f3a7d9496dbf915c709d7d03e09862b31b1ab87d8ab8688bce186eb79343f5,728,False
aru-1-2016,1,1170,RGI2000-v7.0-G-13-58239,a22030108e092e7dff1d508d7aad78e70f0249a1567f5701a971f6c09e8c524a,729,False
aru-1-2016,1,1170,RGI2000-v7.0-G-13-59688,a261c0fdc98d636e18be26cefd79459f9f6eb3cabbcf4786ef81b14a7e3a25de,730,False
aru-1-2016,1,1170,RGI2000-v7.0-G-13-61172,a275538b824a31ee5158a688b21e40fa3ebeeefb7872a1d02e2b051764fb013d,731,False
aru-1-2016,1,1170,RGI2000-v7.0-G-13-60380,a2a3e7127614153c9c246cf9e781d957682265c5d83b0356d66388cbe1ae654f,732,False
aru-1-2016,1,1170,RGI2000-v7.0-G-13-67172,a2df3628c4034ba32f6f5fd1bb2804d756cc604bb436c33cb372f490820ab731,733,False
aru-1-2016,1,1170,RGI2000-v7.0-G-13-66496,a319de9230aba0326f51a49fa7df89bc2dc9af09fcc6845605b4e74fc452490c,734,False
aru-1-2016,1,1170,RGI2000-v7.0-G-13-61089,a3240bd2102e5879eb9d63615143e3207cfaae379de18f46ce699f06131f390f,735,False
aru-1-2016,1,1170,RGI2000-v7.0-G-13-60862,a3a395016c9fb69afef294da4700c7a1805ace29733ea60410221d80b2971584,736,False
aru-1-2016,1,1170,RGI2000-v7.0-G-13-59182,a49fefb3532da1514c7c087aaf81522e1eb6d0d7579e87d04c6180254460be40,737,False
aru-1-2016,1,1170,RGI2000-v7.0-G-13-58332,a4dd7c042e76c6e69238cc8807726ade99d042fc14ba479950b285813e67c4e4,738,False
aru-1-2016,1,1170,RGI2000-v7.0-G-13-60120,a58da2243535faebc298ddbef0e87170ebf20d8e881d1b8a7d68d6014d60109e,739,False
aru-1-2016,1,1170,RGI2000-v7.0-G-13-57329,a5d750b5ce7c5721bd57969aa3b9710bcb6a85c79ed7d4f4865eed75ee595851,740,False
aru-1-2016,1,1170,RGI2000-v7.0-G-13-60385,a5fc53ea3a428c7343d810b0bc7a95bf540bb2cb42bc52ebdb2dae40f1c113c7,741,False
aru-1-2016,1,1170,RGI2000-v7.0-G-13-66438,a665b268ba8b2ca59fe67c8a4f0d7aa9342d2e68cf87563f2cc8b16ad4e8a674,742,False
aru-1-2016,1,1170,RGI2000-v7.0-G-13-59495,a69439bd47801599d7fa9ed3d68ff15777702ce61ce89a40828e6315c54c061d,743,False
aru-1-2016,1,1170,RGI2000-v7.0-G-13-58213,a6bda88022682c12a25a4772904f3dd8958e03144feb87a28d9aae118c0694a1,744,False
aru-1-2016,1,1170,RGI2000-v7.0-G-13-59339,a6c9e5fdf259190336dff7623aea3ec963d7866185ed29814f6dd63c721d9c44,745,False
aru-1-2016,1,1170,RGI2000-v7.0-G-13-64786,a6ce4be8435e932164fad10aa5a12da32ff25ceb2df5b515451022288caa9493,746,False
aru-1-2016,1,1170,RGI2000-v7.0-G-13-65255,a718597c40fe419717d7d04cba9fd1aabb486a75d091b7c8f8cbdcf478bc8b17,747,False
aru-1-2016,1,1170,RGI2000-v7.0-G-13-57461,a749985dd37b6d5a0f5a9d0b4ef5d91532a6700425b808655fefccff2701a6b3,748,False
aru-1-2016,1,1170,RGI2000-v7.0-G-13-66839,a76b9ba485145ee49fc981423e20b3787758a693018ced38437c7ea4d86a33d0,749,False
aru-1-2016,1,1170,RGI2000-v7.0-G-13-60193,a7704ae6b7e7136633edc551fd92acecc8ecd877e29c31333aa0d6fdb69deccd,750,False
aru-1-2016,1,1170,RGI2000-v7.0-G-13-59453,a7edd6c7087fd5f38f11a81f2e13f793781072f91965c07105a5b2fe8dcda2d7,751,False
aru-1-2016,1,1170,RGI2000-v7.0-G-13-61222,a7eea26ca4d12f2cfea4f41137893b352ddf109129f7e28c3239c4bde0604424,752,False
aru-1-2016,1,1170,RGI2000-v7.0-G-13-66350,a85f664af796c79e6ffd96fb5545cc582f6743414e6144c3445be4b767efd067,753,False
aru-1-2016,1,1170,RGI2000-v7.0-G-13-64327,a8b5e684ef63dd19a4561ed370290523fda849906783d5f64285c01e714809bb,754,False
aru-1-2016,1,1170,RGI2000-v7.0-G-13-57511,a98edeed786f9bf3ec00118b9c12203973c7b7101e280aa0cd3b16bd3f393c3e,755,False
aru-1-2016,1,1170,RGI2000-v7.0-G-13-67254,a99e4f75c9f605191e64f6f5b84b8de177308fafa48d35bfb8e57e3029be2be6,756,False
aru-1-2016,1,1170,RGI2000-v7.0-G-13-63264,a9cc2fe91daa07ea5dd94534871c10c8a9004aff8eaa8364ceb7038059ab451e,757,False
aru-1-2016,1,1170,RGI2000-v7.0-G-13-61806,aa25558867c99d12e1de00004aacc4e8653f40c3271e2f1b05ec77bbc854dba3,758,False
aru-1-2016,1,1170,RGI2000-v7.0-G-13-66542,aa2b1c17464899b703a33faccebc83c9ba7fab2d50a4ebb4ef7e8d07564553fc,759,False
aru-1-2016,1,1170,RGI2000-v7.0-G-13-65686,aa2ec951abb1b5f23c75356b58ae6c0b656bc5715745d4207371c5e135b51863,760,False
aru-1-2016,1,1170,RGI2000-v7.0-G-13-64400,aa3a96e9a6e08d2db68ed97844f57a6d158ae32d7f6c82386cc2a72a522a39f7,761,False
aru-1-2016,1,1170,RGI2000-v7.0-G-13-58924,aa5ae410d8509d841029c5822be48dd8556fdaade2c6f0807e9842aa087209ae,762,False
aru-1-2016,1,1170,RGI2000-v7.0-G-13-62379,aa5cc37a4d11be24f24f9375ade24feff41fff1b8e778d6b90e9a063ed0ce29f,763,False
aru-1-2016,1,1170,RGI2000-v7.0-G-13-60020,aa5d2b97f3c9f5050db4a92f760d823a20fa4ab4275e14df299aa6d346d9e875,764,False
aru-1-2016,1,1170,RGI2000-v7.0-G-13-63101,aa7e9fed7061ea71e640d3de6cf59fb9fb7562df194820a9c572b45951ac0626,765,False
aru-1-2016,1,1170,RGI2000-v7.0-G-13-57413,aa9bb309e963bb6c6613821a894b84f2333141f5cf1a69b7d84e3a08f3b152cc,766,False
aru-1-2016,1,1170,RGI2000-v7.0-G-13-58977,aae8a36466968cd277da6b1765a9040a4089c7e20b1bb34ed7222e7b46096bbb,767,False
aru-1-2016,1,1170,RGI2000-v7.0-G-13-58522,aaf3aeb3b6139dced5709503f07dae215e63de1f05647bf88db671ce48fdc8e0,768,False
aru-1-2016,1,1170,RGI2000-v7.0-G-13-59845,aafd099766b8ef6031363fc3ee9bff5bdd9e47e5af9e28eb81a6530898b29275,769,False
aru-1-2016,1,1170,RGI2000-v7.0-G-13-59892,ab4331b98c69e226471b222437cd4bf453b82363ab0b56b636a1affc300de0d0,770,False
aru-1-2016,1,1170,RGI2000-v7.0-G-13-66574,ab6e97654c04e4cdb3b61ef3a5a24dff30d24f5c01f8560c2de5fca19f7fd8a0,771,False
aru-1-2016,1,1170,RGI2000-v7.0-G-13-59594,abbcf5d1ee33c7ca41cd71d37c3e6e374d0584755956250d1617946bf867e101,772,False
aru-1-2016,1,1170,RGI2000-v7.0-G-13-58260,ac05115840502fe9ab422764a31e95fcfaf8181d80c4b7b8154e3baa7f5fd528,773,False
aru-1-2016,1,1170,RGI2000-v7.0-G-13-67449,ac70e531f59ac4247c97e731dfbf7f170ed57107717eb7a4871cfaa282ad53a6,774,False
aru-1-2016,1,1170,RGI2000-v7.0-G-13-65578,addf7356e74e0f5eb499ba1e1702b41cf54ff8420596fb44503c28ed2e84fa97,775,False
aru-1-2016,1,1170,RGI2000-v7.0-G-13-66293,ae6f5cb41467c27fe739def0d87eec062df96f14516cfbd1c1a140115f88b555,776,False
aru-1-2016,1,1170,RGI2000-v7.0-G-13-65644,aea7e60e9109dc3965f5bef9f9d42e5ff869d5bf1f6a03b8472583c3841da61a,777,False
aru-1-2016,1,1170,RGI2000-v7.0-G-13-63287,aeabd58824386d11b28590ffb07769448f36b188f58b25463d988609759ecc9f,778,False
aru-1-2016,1,1170,RGI2000-v7.0-G-13-64499,aead9f2e2de9be0d72a3257ea783dfaaa28c917ad1de349522442cec87c24cdf,779,False
aru-1-2016,1,1170,RGI2000-v7.0-G-13-59153,aed510f77860df4e208a8b876d790efa37d60db800cee3be13b898fff267cd86,780,False
aru-1-2016,1,1170,RGI2000-v7.0-G-13-59255,aeda51435ad646d62d59d2b5625cee96ffa6195171425f780cc45d7bfae835c5,781,False
aru-1-2016,1,1170,RGI2000-v7.0-G-13-66641,af1da5dc18570d55aaa7a3a33fc5be5f283a600272f552aa451950c27a59c273,782,False
aru-1-2016,1,1170,RGI2000-v7.0-G-13-64416,af22da23da6170bfea70d789b27ee4ce9d59be1d694ba85b780fd1eddbc1a992,783,False
aru-1-2016,1,1170,RGI2000-v7.0-G-13-58788,af69093494cc50a050c460cf5d76eeb4a8e3949f413c93a1a4e4ee182e3436ee,784,False
aru-1-2016,1,1170,RGI2000-v7.0-G-13-63370,af81f788aed315a969852a961bae6701a6eac6d8f68899739e32228f61d9633e,785,False
aru-1-2016,1,1170,RGI2000-v7.0-G-13-60194,afc283b441c3f04ae01e0b978f2d3c7be149c291b95de863c607ba80d8a9ebb6,786,False
aru-1-2016,1,1170,RGI2000-v7.0-G-13-65684,afc72ed6b0056cb9ee90215d990cfd6469420f191b676b58747160ce79c1bbbe,787,False
aru-1-2016,1,1170,RGI2000-v7.0-G-13-66739,afca508a4644c5ec227653d3639e36ad4153292c257edcf17323f00006a68755,788,False
aru-1-2016,1,1170,RGI2000-v7.0-G-13-61550,afe7af78d01f94b50215e75fe28b5ba5615e64a690ad1d2f51e54635abe92ceb,789,False
aru-1-2016,1,1170,RGI2000-v7.0-G-13-59641,afef0e438415fbd0d39ef7f6cf5be0de6094d2198d5cd32e41016f43a63c2792,790,False
aru-1-2016,1,1170,RGI2000-v7.0-G-13-63692,aff89f525fe8df4f21108e3823afc29d1dc25ced84151577ee48d28cd92ff1da,791,False
aru-1-2016,1,1170,RGI2000-v7.0-G-13-58676,b005989311d95bc506d0208d3c261ce22ac18834e916721d5d5c995cb76287fc,792,False
aru-1-2016,1,1170,RGI2000-v7.0-G-13-66769,b024bfcb254731f1baaa215d2ce098db17fa78dce4bc849d75d06365115882b8,793,False
aru-1-2016,1,1170,RGI2000-v7.0-G-13-62166,b02638755b33fb0dba1caf1a478ed7809a989fc1dea8adc4f13eec973d302fe1,794,False
aru-1-2016,1,1170,RGI2000-v7.0-G-13-57508,b02b45e7cc7e6a9270d8c73999f9d636ff37703f9d2a4a7aad02d79bdfc1feb9,795,False
aru-1-2016,1,1170,RGI2000-v7.0-G-13-58986,b0637f26d8eaba0a6c65ad938c11a4a48a841a8d0b47a9f0b356c6971301b7c0,796,False
aru-1-2016,1,1170,RGI2000-v7.0-G-13-58677,b0cc6aef91c989b4b3370118d0a9aa573b7cfc0d4d6f778f7336a520ec7c98e3,797,False
aru-1-2016,1,1170,RGI2000-v7.0-G-13-61799,b10fb34ec5c199072696be5dd4b4be3967ae454ceaaec11dbb7f9a4c50aed077,798,False
aru-1-2016,1,1170,RGI2000-v7.0-G-13-66125,b135f4e21eb93911e9af557a11ae833b145ad0327f42a8407a13a8b483dac888,799,False
aru-1-2016,1,1170,RGI2000-v7.0-G-13-67299,b15ebb11ba905f87fb5d0f68d5ad50492f1f7c3b85d492b1f8e31fc0af1d03b7,800,False
aru-1-2016,1,1170,RGI2000-v7.0-G-13-67171,b18082c2f67323228a6746cfa804b836af5b745a856c7e4e69d706b026f8588c,801,False
aru-1-2016,1,1170,RGI2000-v7.0-G-13-59130,b1bd9f9b5cd8db3b292381b48e316c94c215ef14aca915a598d44eeffa3c2751,802,False
aru-1-2016,1,1170,RGI2000-v7.0-G-13-65028,b1c9d91a29397489922d45a90c9c367855e1e7ad69b67c47430249d697e9c60a,803,False
aru-1-2016,1,1170,RGI2000-v7.0-G-13-68033,b1dfcd991b9aef7ae84d9c60ab49db5aca1945f55ae9bfcc38eee089c3635782,804,False
aru-1-2016,1,1170,RGI2000-v7.0-G-13-62291,b214a6923e60eb72e0ae7cee1ce2594e7e745df87d8cdccf4384bf741e804cc7,805,False
aru-1-2016,1,1170,RGI2000-v7.0-G-13-58668,b216d5ef91962739ff727eb3fa05aa9bcd6811254aa854b7c3cde8b49feaeaa0,806,False
aru-1-2016,1,1170,RGI2000-v7.0-G-13-59477,b288ca99def05cf1fd015aa0da846635e458f8f3a855c1f336f8710ddbe6016f,807,False
aru-1-2016,1,1170,RGI2000-v7.0-G-13-65001,b2a089f11176b383b8e7e7d28baa170ba2597779bd4f3ec1a98e1058e62f1213,808,False
aru-1-2016,1,1170,RGI2000-v7.0-G-13-67558,b2b68a0ff70803fac296fec97da691dfb2ac2782c219924a406ee9289dc27d98,809,False
aru-1-2016,1,1170,RGI2000-v7.0-G-13-60165,b3069ef47ae4d8aa8dcd420e0591086f9fe771eb1183d7fe6e785c67006da767,810,False
aru-1-2016,1,1170,RGI2000-v7.0-G-13-59146,b314095ae9b7504bcade00aba8b6056e3524d801166a6194c8683a98b894b338,811,False
aru-1-2016,1,1170,RGI2000-v7.0-G-13-57441,b328b6c2b58b7b59b09e61c1e770dab6e55b76773ef9bfdfa59032b5e2a4903d,812,False
aru-1-2016,1,1170,RGI2000-v7.0-G-13-59778,b38189de4777891cf5fbddf88fe669e2ca39edea942e171584a441325bc4dfb3,813,False
aru-1-2016,1,1170,RGI2000-v7.0-G-13-65211,b3c7c6e7bcb5958823ab1408eaaff36bd9ca5c81e4c91939a8bdf5696c64fd56,814,False
aru-1-2016,1,1170,RGI2000-v7.0-G-13-58574,b41b32f5d4d0ed8ec5945dd239df362aad1ed8dd0ecb6f57d9376b66589c1fcc,815,False
aru-1-2016,1,1170,RGI2000-v7.0-G-13-60383,b4565d71678d7ae53de877d5029fedb13095edf4fb9d29ae16bdf5be4ee05d61,816,False
aru-1-2016,1,1170,RGI2000-v7.0-G-13-64563,b47d3016d461f53d6e5ccf2179d2d811cf3a1ae495f9552d18cadfde78f348a7,817,False
aru-1-2016,1,1170,RGI2000-v7.0-G-13-65984,b47e7885d1e9c2e13547c1bfcb621caadf466bb632e7a138f4c00a3ba810ee94,818,False
aru-1-2016,1,1170,RGI2000-v7.0-G-13-67621,b49038d0385bdbf4c168b51c676c0f546cdd73a96d562b85e85aa859573e3ce5,819,False
aru-1-2016,1,1170,RGI2000-v7.0-G-13-65569,b4c94333093fcbf758d97ecda6320a2edfcb1fe1cc5f9cb63256b200f9ab6cb5,820,False
aru-1-2016,1,1170,RGI2000-v7.0-G-13-59877,b4c9f62b1c22107b1f2bceb9199d60a5e427693e3a859f2db0b1e38caa812f91,821,False
aru-1-2016,1,1170,RGI2000-v7.0-G-13-60935,b5179832cca670346c45ef6988d917bc71da9864777373373e426deb89c35b83,822,False
aru-1-2016,1,1170,RGI2000-v7.0-G-13-63614,b53029fdb7c39a5d12aad8daf690d862bcbf83d720fc1d1db7adb688449bae0b,823,False
aru-1-2016,1,1170,RGI2000-v7.0-G-13-62701,b534bc652ed3d6118789099ca4f0e775e3b8d6d4253dc83844d444e2d2224476,824,False
aru-1-2016,1,1170,RGI2000-v7.0-G-13-66770,b55757b95118f505d92d0301e06f2d77d4dc8482799e22651bc0d16a53861e05,825,False
aru-1-2016,1,1170,RGI2000-v7.0-G-13-61073,b5f69f09283b4e5475a80516f16f1529eab2cd08e50839690e9b03128f3bcf89,826,False
aru-1-2016,1,1170,RGI2000-v7.0-G-13-67228,b63a5022f4285af288e5857d3b58774ec9c8d2ffbd1d5cb769f6abc1922c06e4,827,False
aru-1-2016,1,1170,RGI2000-v7.0-G-13-65958,b6485df642a4ce057319f8a2c4030553c2d084612ba1bf01599195a553ba94f7,828,False
aru-1-2016,1,1170,RGI2000-v7.0-G-13-58978,b669cea7df077c89faf0f7ecd99a1eb6ef80da5b258fb7b64f63d1769ee4ce30,829,False
aru-1-2016,1,1170,RGI2000-v7.0-G-13-66818,b671e7d625b6cbcd7c101b4c340b32fe8f0ab9af3d83e6a1828679f051324cc8,830,False
aru-1-2016,1,1170,RGI2000-v7.0-G-13-65323,b6af95b1c4be4e368edd5158118cf2a6273a4dd6f7b92b0691a5007a37a06a93,831,False
aru-1-2016,1,1170,RGI2000-v7.0-G-13-59818,b6e955034182c3c5a6fff6dba6eb2d7b7e1eec95538360c2356a47ff09638f7a,832,False
aru-1-2016,1,1170,RGI2000-v7.0-G-13-58805,b75dc2e7b76e5fbbc343838ad4a298dd216b60bff919aa98669ad0399cfe9ff1,833,False
aru-1-2016,1,1170,RGI2000-v7.0-G-13-67319,b799e92fa56c5e7e4281b65a54f49f7aa9208fb7e4a06857c531262f63dc5fb8,834,False
aru-1-2016,1,1170,RGI2000-v7.0-G-13-61798,b80ac248b6484200b70618f8cef863805ea770a534d15ab7a9bee1ad42c41385,835,False
aru-1-2016,1,1170,RGI2000-v7.0-G-13-65877,b810dc00308caa6938c48bfa60587c1f2c2be64128646f5d288bc0b4967d97f3,836,False
aru-1-2016,1,1170,RGI2000-v7.0-G-13-65610,b827e7f95573626520f18ebaf32b8d8e818ed29091a1e47c4c4d8de7eabec317,837,False
aru-1-2016,1,1170,RGI2000-v7.0-G-13-63207,b8374e29feed3e408415155b3bd4e0f8e384c65ad6d3db72d39b7b491b200b3c,838,False
aru-1-2016,1,1170,RGI2000-v7.0-G-13-64351,b8416c8fad49a81d42af14550df3d10fe34e4f43037e9a2d5250981736c79c3b,839,False
aru-1-2016,1,1170,RGI2000-v7.0-G-13-65643,b883f53c7e4635e6aa45585f0c2a710b16f7d92fd2b6db47ef2c33c8f4036f28,840,False
aru-1-2016,1,1170,RGI2000-v7.0-G-13-65609,b8844a96f09abe90b4511b0a621d3282991b7453f7cd27b1ee46ae22e80d26c4,841,False
aru-1-2016,1,1170,RGI2000-v7.0-G-13-60961,b8893d28a847fab80bc7e7ff7847bb95f1b0f9cf89dda2fe7d99ccf6f43a89ac,842,False
aru-1-2016,1,1170,RGI2000-v7.0-G-13-65826,b8a1deb6fe8f2b468a6d2788a603705f184aded610f97c13a5fdca12c3b55cec,843,False
aru-1-2016,1,1170,RGI2000-v7.0-G-13-65387,b8e4b71231f8eb09a5f2fa38b92bec455b7b17be934327d39e634e6a7dfced76,844,False
aru-1-2016,1,1170,RGI2000-v7.0-G-13-65976,b8ee23bc3cd00d565b1fffcf59bdbfcf6f0b9c9087aeb5037f8abafe8b249546,845,False
aru-1-2016,1,1170,RGI2000-v7.0-G-13-62721,b8fd37d7833219db5bcef2415af7f1fdb6d1db7988696647007a12f76c9d2aea,846,False
aru-1-2016,1,1170,RGI2000-v7.0-G-13-67554,b918cc0727b996e5e42a84c0e774825ab5e4fb52814118b3a15377e3be3a0d4a,847,False
aru-1-2016,1,1170,RGI2000-v7.0-G-13-60080,b9ae418daa826a7985b7d9693468ba66ab7e753f0f62c99456d62a90d02d6bc6,848,False
aru-1-2016,1,1170,RGI2000-v7.0-G-13-67285,b9e01a211e5f13070e149112d4d1f19108e0975d29846f2eb3fa3abfb2f163d1,849,False
aru-1-2016,1,1170,RGI2000-v7.0-G-13-58791,ba066b7c16a68c8540b658229cd6868c832ea088a01bec1e28928ab793e6775d,850,False
aru-1-2016,1,1170,RGI2000-v7.0-G-13-61490,ba51860b740f55c03db4f0f2a1b48bade73235a09fe08ad489f997aa49ef9cc4,851,False
aru-1-2016,1,1170,RGI2000-v7.0-G-13-62705,ba5d71339fb22041e422bccd78f36816924e2ceca221068c933b7c89365e2ac6,852,False
aru-1-2016,1,1170,RGI2000-v7.0-G-13-58709,bae00798185483f6100bf2b875aa60b7adb1e06c3b1988f33c440aba8e9ea75b,853,False
aru-1-2016,1,1170,RGI2000-v7.0-G-13-60011,bb93bf1b83a72b47528ff9c5ec4bab72b545fe628d2bcfc1f5ba7bb011483faf,854,False
aru-1-2016,1,1170,RGI2000-v7.0-G-13-62817,bbcbec449ccd62d3eb302127d0884eaf54db4f8c4b6bb2b4120bf1e93efecb86,855,False
aru-1-2016,1,1170,RGI2000-v7.0-G-13-62228,bc5a81e45c6485dccbe74293d372492870ff480223dc8c4028b655736d1c60a4,856,False
aru-1-2016,1,1170,RGI2000-v7.0-G-13-62324,bc641badcc5ae266de80e607ff08ff8152df33059e3e69d770b1c8c9bfe28f73,857,False
aru-1-2016,1,1170,RGI2000-v7.0-G-13-63366,bcf322f04e09e668c15477b0ed36d8eac78f588a007707bfc0cf87601db8e1b0,858,False
aru-1-2016,1,1170,RGI2000-v7.0-G-13-59152,bd186f2e4ca73a44921c9c4302d30744ee5ef2f234000a85d460d0b62109af5c,859,False
aru-1-2016,1,1170,RGI2000-v7.0-G-13-58694,bd36837622a880755f573018d2cbd7eade0cbf84c2da2578bdba5c3eaa2a840d,860,False
aru-1-2016,1,1170,RGI2000-v7.0-G-13-63795,bd412d1ea6a20ae1698de3422d22a706173c619e32b1a0cafcdd5c6203b81857,861,False
aru-1-2016,1,1170,RGI2000-v7.0-G-13-60831,bd90de4491b11d7e6b06e7e9b3a8929ef16e55cbec6a899770f30f49f4038549,862,False
aru-1-2016,1,1170,RGI2000-v7.0-G-13-57191,bdc8c997c25c8a9f2b6bd6110772ec470f33b51efbba512ea5abe27a1eff758f,863,False
aru-1-2016,1,1170,RGI2000-v7.0-G-13-64329,bdf4546665fb97156e8f553d4eb7751f85d0dc3a7d96bffa56fef9d2140d5be5,864,False
aru-1-2016,1,1170,RGI2000-v7.0-G-13-66073,be2969ca417cd6167acce16a48dcc7222caf83db12f732083e0b940bf521217c,865,False
aru-1-2016,1,1170,RGI2000-v7.0-G-13-65658,be38bdc59985e788d583d04c2a9d8be53837fcd9570be72ac774a7480a69818e,866,False
aru-1-2016,1,1170,RGI2000-v7.0-G-13-61978,bedc785a030ead39b7e467733e273d6e4603848df1e5b9fd89e195616f033096,867,False
aru-1-2016,1,1170,RGI2000-v7.0-G-13-61852,bf46b1ce79af5d27eaf702e4c7b5d33ca27deff8c172f6c78e2e6d8751e4f20c,868,False
aru-1-2016,1,1170,RGI2000-v7.0-G-13-59946,bf888a8943ba2d42333fe57fbfd5d45db044f43de392400511dc0b247d4deb00,869,False
aru-1-2016,1,1170,RGI2000-v7.0-G-13-63304,bf8b8444b5e0e100dcaf95be4dcaf69a899a401b03a637af16d5602500b687c5,870,False
aru-1-2016,1,1170,RGI2000-v7.0-G-13-63668,c03d56b4a80475b946971a54ff88ccb3418dde54067e50249686de433f9f7f15,871,False
aru-1-2016,1,1170,RGI2000-v7.0-G-13-59740,c067323aad41862f4978b386c60f00941ae86dc1c7aba15ab807534d9385b3e8,872,False
aru-1-2016,1,1170,RGI2000-v7.0-G-13-57446,c0756b470f14051610ea1dd000a68e51a3efd4af24a674bc37b556c02bfdca51,873,False
aru-1-2016,1,1170,RGI2000-v7.0-G-13-66032,c078c3cdd318a399b8310dc75016901a414bdf24464eb919efa57abc07b10643,874,False
aru-1-2016,1,1170,RGI2000-v7.0-G-13-58757,c09334f0879990ea91fbf27757cf97ba48246a3650355e5057845cdb66e1d780,875,False
aru-1-2016,1,1170,RGI2000-v7.0-G-13-59535,c0c04fbabbb5685780dd1f6815c18c327740053f491260cb381475e5ab847643,876,False
aru-1-2016,1,1170,RGI2000-v7.0-G-13-67278,c0ff99621b8acf3ba59bc524a9d26fc5065a1195fd3e7fcf19c969f7329ddc34,877,False
aru-1-2016,1,1170,RGI2000-v7.0-G-13-64399,c136eb236d850f3aaccdc6d96470b3b73b77b43f4d02673679432c420dacbfb5,878,False
aru-1-2016,1,1170,RGI2000-v7.0-G-13-59206,c1dc73b690ef7c1a5a8b6fa32f6e44ef61ffafa4c35c3f6c34ad8977bfa19b46,879,False
aru-1-2016,1,1170,RGI2000-v7.0-G-13-66838,c23e5e490e773ab34ae64023e411a13dd77e2f6c7d4633bfe3e8486f90a73388,880,False
aru-1-2016,1,1170,RGI2000-v7.0-G-13-63991,c2431e40b70aaead395eca3e7456deb43d684b316a68d042dafbdffbdeb0560d,881,False
aru-1-2016,1,1170,RGI2000-v7.0-G-13-60582,c2595bf0fb7613e02bee5bd8862e9b77f642712eaf91647869d1c0f9b23c58ec,882,False
aru-1-2016,1,1170,RGI2000-v7.0-G-13-59930,c27ec19cd40c311283238020adad7312268011063001edd2385cd743a93a260e,883,False
aru-1-2016,1,1170,RGI2000-v7.0-G-13-59799,c2896012121387d38ccc87080af3044ea3bb600eff6c596722073dd221856d07,884,False
aru-1-2016,1,1170,RGI2000-v7.0-G-13-62231,c28b9ff0eb66c8b11ac4a4c55d86a1cc398974a1cf064e46d64c705247a94517,885,False
aru-1-2016,1,1170,RGI2000-v7.0-G-13-65084,c301ef7264d5b6e0fec432dfb7c0eeef6dd446e58dc8362de9ac943bc10094ed,886,False
aru-1-2016,1,1170,RGI2000-v7.0-G-13-63392,c35f6420f77d4df193d6afff6e56854c519f209430d0af240a9fe2438c550d1f,887,False
aru-1-2016,1,1170,RGI2000-v7.0-G-13-66296,c38528bc5873387e7aff000151e9577704c61d381ad5cca5b7671e0d14aba16b,888,False
aru-1-2016,1,1170,RGI2000-v7.0-G-13-65692,c3f672f27d519f1c29f963a416221274a496064654dc416b0cf3b9b45ec62b1e,889,False
aru-1-2016,1,1170,RGI2000-v7.0-G-13-65380,c403016ece97ea34b07582abbc6f0320c9d5f2487e51f7ed084e87246ebb85a7,890,False
aru-1-2016,1,1170,RGI2000-v7.0-G-13-67674,c40a87c87e21ef9d96848f2ffc81f80bda1992658b88b63abec0d32ec982e363,891,False
aru-1-2016,1,1170,RGI2000-v7.0-G-13-66227,c47f2a076c325c9853d0a2c03d8c8b50111b10c3a48f1933867218831d0fe087,892,False
aru-1-2016,1,1170,RGI2000-v7.0-G-13-59019,c491ba976eee1a3bd8c5ea072cf5a3ebd173a875792fb52a6c43e2a5df7e043d,893,False
aru-1-2016,1,1170,RGI2000-v7.0-G-13-57449,c4c67c4be0d961130d71411cd940a5ed6cd1fdc15e02a6166a46151b6e1ea434,894,False
aru-1-2016,1,1170,RGI2000-v7.0-G-13-68015,c56b62885e323fddec6a9616512894cdda199e883e7c949713a2f3ca0930f717,895,False
aru-1-2016,1,1170,RGI2000-v7.0-G-13-65328,c57d28fe6ddf507bb41c46c3d0d70073b991e0a6ec76deb94d81e37932cf303b,896,False
aru-1-2016,1,1170,RGI2000-v7.0-G-13-65985,c5b488fe23a29ac2a22620b990d4d21c944f68aefe8ad908b0fa11c465c6f696,897,False
aru-1-2016,1,1170,RGI2000-v7.0-G-13-61737,c5df5f5898af47c6dd72b796eaaa7e734124b32d380d242074e59a2b379b70aa,898,False
aru-1-2016,1,1170,RGI2000-v7.0-G-13-64702,c6162f07baa9ea13265635ab8f1f8a3855d6d11cd4ffd77128b0798241f6bc6b,899,False
aru-1-2016,1,1170,RGI2000-v7.0-G-13-64117,c618c226b86d168f720fd6d7a46e643e015082c6d8006712bf2352f77c6de954,900,False
aru-1-2016,1,1170,RGI2000-v7.0-G-13-60350,c61febb2e70fb5e535582227975d7a30e96346c35774cb988e89e6a17d353747,901,False
aru-1-2016,1,1170,RGI2000-v7.0-G-13-63456,c65b8d364e997a1d1488ad3b10c221e4a80c500939ed2672c1eb10891f35e76b,902,False
aru-1-2016,1,1170,RGI2000-v7.0-G-13-62308,c682c467470040f01ff41168b4de76a0339a70c0d821dead8e3e0b86740d3323,903,False
aru-1-2016,1,1170,RGI2000-v7.0-G-13-65969,c69b6276ea28321ab7a47c6ab7de8b17280d9858367caaf699edea9d93802738,904,False
aru-1-2016,1,1170,RGI2000-v7.0-G-13-65257,c703f2b16e788daa1f71d24cc468fd3853365c544ac1e27671e365856850238a,905,False
aru-1-2016,1,1170,RGI2000-v7.0-G-13-63646,c7233d199165ab8ea52f116e4c23b4739c88196fe1f14474d57311d2f3ef9c6c,906,False
aru-1-2016,1,1170,RGI2000-v7.0-G-13-59854,c72ef11d07f8104751eba0484684b93b90aa20e272bda52a989bb4c9d7e32dd8,907,False
aru-1-2016,1,1170,RGI2000-v7.0-G-13-58674,c743fda2d301c562537dc03dc376e2469404acb53800cce21b7efb536823e3e8,908,False
aru-1-2016,1,1170,RGI2000-v7.0-G-13-65082,c78190626eeeae56ea6f83f352a9461e7afee0f4252d3c94740859bdf68923c4,909,False
aru-1-2016,1,1170,RGI2000-v7.0-G-13-64555,c78b3391975173ed4b6b542cbf6c7494a4c5a1e0a8a758baf81ca6a7d76abbe7,910,False
aru-1-2016,1,1170,RGI2000-v7.0-G-13-66523,c794a9ed9729da5a1bb15d2b65f0f7028f6aa9b5b022cdeecc5b08ccfc70d359,911,False
aru-1-2016,1,1170,RGI2000-v7.0-G-13-59686,c79ab00b9680794b0fa43d816b6983b3871d0fa0f1498084ef6de21952945ba7,912,False
aru-1-2016,1,1170,RGI2000-v7.0-G-13-59214,c7a5e436271799b1ad5a0b1e6616a0564574cbec2963ebc5fa36b5e73e201b9b,913,False
aru-1-2016,1,1170,RGI2000-v7.0-G-13-59843,c7d3e0908f51ad1446d5b18e59423220d9157049ef26034ef302baa51f788277,914,False
aru-1-2016,1,1170,RGI2000-v7.0-G-13-66432,c8b6d03775deef1900c65e53ca2f30bb26a15cbdcc00cf151e3575c77094b4e1,915,False
aru-1-2016,1,1170,RGI2000-v7.0-G-13-62745,c8c56b826d09e103858f446dc65e45fd8a1edf1d94a769e3ec5c7b0f71ebed65,916,False
aru-1-2016,1,1170,RGI2000-v7.0-G-13-58528,c8ca6b2c7b64224f310e562da6c523a9481ddeeee2395a25717251c835792d4e,917,False
aru-1-2016,1,1170,RGI2000-v7.0-G-13-67560,c8fb0d56d76b50e134a037e83ad44eda5603e193c61d4f10661aa1b330e25cae,918,False
aru-1-2016,1,1170,RGI2000-v7.0-G-13-61244,c908e10ccdd3367349357551988abd8b4753177944351318c82d5966805960af,919,False
aru-1-2016,1,1170,RGI2000-v7.0-G-13-66945,c92480f04be9c6b7cd4544cc040d405004f6239ac922f919a2f0df390a4f812f,920,False
aru-1-2016,1,1170,RGI2000-v7.0-G-13-58389,c9760006f5958456d4ff102e63f8cd58c9eeab12c50037db68d792c95b10f0fa,921,False
aru-1-2016,1,1170,RGI2000-v7.0-G-13-58429,c99da6cea6edd30fc1a15ab9012b61f2fa57437b6002ed4d64148200462c4070,922,False
aru-1-2016,1,1170,RGI2000-v7.0-G-13-65814,c9ec64edc22ed851d266cfa19a7ab96181dbf82bd9e25788fba22dbba00aa0f8,923,False
aru-1-2016,1,1170,RGI2000-v7.0-G-13-60065,ca347a9d45e929d838e9e034cb36c96cd5ff33833b81a5010ff0fb9b159f4e2f,924,False
aru-1-2016,1,1170,RGI2000-v7.0-G-13-65319,ca72cf132aa47d431ed8fe09270d9fb7784736ca4c46405eb4d3ceab671f86e5,925,False
aru-1-2016,1,1170,RGI2000-v7.0-G-13-60857,cace1da5b041711045ad83135b0ad93e3c525b26e92aa5fb60a51518486d3162,926,False
aru-1-2016,1,1170,RGI2000-v7.0-G-13-64097,cad286e694cb6840ee8fbf865aba1595a44add518c96a61af18cf4e2cb7c97c7,927,False
aru-1-2016,1,1170,RGI2000-v7.0-G-13-64390,caeabf325ff92049e27a348e9e2b4988a26cb0fcb816d33bb88e2dec3dbe9754,928,False
aru-1-2016,1,1170,RGI2000-v7.0-G-13-61223,cb3ec56aac3e2dd119e6008d94ea5d856823aafc743d922028d6f0c9f9a11481,929,False
aru-1-2016,1,1170,RGI2000-v7.0-G-13-66784,cb74f435a826987862bb383acca94c612f9b5186ecf8835c2e0c2982a8d0454d,930,False
aru-1-2016,1,1170,RGI2000-v7.0-G-13-58359,cb7b944828354cfddb4c3289b8841e8745590ba2f55c26fa648523faf22e50d8,931,False
aru-1-2016,1,1170,RGI2000-v7.0-G-13-65810,cb993ed2ed8c5457c82862e859466b8f075e6b6bca6dcbe3772d8328ec62137e,932,False
aru-1-2016,1,1170,RGI2000-v7.0-G-13-58492,cba13aab34ea68716d046d8e7d51ac500f33cb89dba6eb8f9ecc4626cf533240,933,False
aru-1-2016,1,1170,RGI2000-v7.0-G-13-59607,cbbd8c326ece38e7d1164907c4eca9dbee225176620d85ebcc98ce393d02a037,934,False
aru-1-2016,1,1170,RGI2000-v7.0-G-13-57525,cbdd9125ab08409cab652d220b53f9759f4df92e3fc4111f46ebaa96697d7f79,935,False
aru-1-2016,1,1170,RGI2000-v7.0-G-13-58682,cbf7682f29014428e5dc4d768e3fd8e5f29b53000a0aaaa6a2d3031ab1abf5ad,936,False
aru-1-2016,1,1170,RGI2000-v7.0-G-13-59059,cc558e2cb73404c18e21f312f5ed24f7a86280283a273632a3d6b78e82d01c98,937,False
aru-1-2016,1,1170,RGI2000-v7.0-G-13-66607,cc6aa3f7ecb55ab6c156bdf601969d6a184cdbf17698722b2b35864e8bb6b26b,938,False
aru-1-2016,1,1170,RGI2000-v7.0-G-13-66756,ccf1a42d1264e3b6b0da7dd0b523f97e402c047266baa5ad9fa46a0f25658630,939,False
aru-1-2016,1,1170,RGI2000-v7.0-G-13-63649,cd41a90cb7643230f84d5238e0840aa30e2588eb24cf1008e1c0e9e56aff555a,940,False
aru-1-2016,1,1170,RGI2000-v7.0-G-13-59496,cd5fce82cd0776835e0dd5544d7404a5622bc3ccc91eefa4d18d52e5e33409ac,941,False
aru-1-2016,1,1170,RGI2000-v7.0-G-13-66166,cda46841547271352d6523236d0e72064dead88f9ac7fb80057c492750b317b5,942,False
aru-1-2016,1,1170,RGI2000-v7.0-G-13-59672,cdd3271df2efe711cf8ed53a0bd5480c9e30060b46f81aa7d4b69ed5da3d7f60,943,False
aru-1-2016,1,1170,RGI2000-v7.0-G-13-65586,cdee8f66c42f8d3590ee585f7c57b58e5f5610b39a00499124f78a9ac64e7633,944,False
aru-1-2016,1,1170,RGI2000-v7.0-G-13-58638,cdf6562fe2bb503f728cae9a11fae66720bcd5a59fb5d2abff65c6ae11f5b5dc,945,False
aru-1-2016,1,1170,RGI2000-v7.0-G-13-59859,ce2a5c8dc25a5f0554c31d8c1e816a549c1e427122afd2ada6a05e7518c5d79c,946,False
aru-1-2016,1,1170,RGI2000-v7.0-G-13-65192,ce6483d44044aba238c5fb3f4885f420d684e59e9625d5a6795dfea5cd3493e3,947,False
aru-1-2016,1,1170,RGI2000-v7.0-G-13-65762,cea4ecfda2f4ad42a282723cb39313961cac2a8da9ff71bb686f85844aae28c2,948,False
aru-1-2016,1,1170,RGI2000-v7.0-G-13-59812,cecc31d942f51c4e302ec506cca7e647acbbd173c254ac7163612e08c35edf9f,949,False
aru-1-2016,1,1170,RGI2000-v7.0-G-13-67665,cee9e75b780ac09c101b93d3ea3a2c11cc99826d5e061a98e2b57af3a838acfb,950,False
aru-1-2016,1,1170,RGI2000-v7.0-G-13-62463,cfabc6e227480bcc9c6da68e88f1ff2152984bd593721792c8d099adf4de70d9,951,False
aru-1-2016,1,1170,RGI2000-v7.0-G-13-66219,d035051a05403e2c3953bae704fe0fc0eedac5a644252d27720ee0e4cfe3ef4b,952,False
aru-1-2016,1,1170,RGI2000-v7.0-G-13-63553,d070755a7db78aa1896ee62d2bb0e5a29d69dc4d79ed0984a28db1471f96d61c,953,False
aru-1-2016,1,1170,RGI2000-v7.0-G-13-57448,d09475f106713ce1b9ef64fd7478f5f84d2aaaeda8f455aeb0187ad76d75e575,954,False
aru-1-2016,1,1170,RGI2000-v7.0-G-13-65859,d0995af65f95f2a211ffb5cdde3649dbb9790b3032e9f1cabffbd3970bfd2044,955,False
aru-1-2016,1,1170,RGI2000-v7.0-G-13-59476,d1247177e92b8c5ac2577d59f32fbfd5b900b9cf3ba606e387aa1c290d07f394,956,False
aru-1-2016,1,1170,RGI2000-v7.0-G-13-60975,d12c568c89934a80e60cc94fc229d050b8796441cb9dd2870e96735821893ce1,957,False
aru-1-2016,1,1170,RGI2000-v7.0-G-13-60575,d1423e586f199173fefda7de90f57643ec84c09c34aa047ff62a3978eb1aefac,958,False
aru-1-2016,1,1170,RGI2000-v7.0-G-13-66091,d164232296565a19a722af5984def7b665583598581f344ffe2a59bbeac38db2,959,False
aru-1-2016,1,1170,RGI2000-v7.0-G-13-64334,d1b5eac9f819b0134473fdadad69e7a8beed41b3249839f2a879ff5d7c7223e0,960,False
aru-1-2016,1,1170,RGI2000-v7.0-G-13-58400,d1d035b5a8b23dee25e442e1361eceac63e0a4fb49032a00b25bb45dde5cc301,961,False
aru-1-2016,1,1170,RGI2000-v7.0-G-13-58442,d1f1edd123262606b35e04b870c0a965f1faace8ae42d2ddec6f0b0cf6a6dc7d,962,False
aru-1-2016,1,1170,RGI2000-v7.0-G-13-67503,d208500812dfa3c9c38e7cc02b37974215fba0b873fe522f501ad6986e1ba5cf,963,False
aru-1-2016,1,1170,RGI2000-v7.0-G-13-66565,d2111a309cc97f6d660c4a1ef540fecd921d6df51d19fb8e98fe3dc4a5c3d093,964,False
aru-1-2016,1,1170,RGI2000-v7.0-G-13-63981,d214252ff8166525556d87b377425595cdc4adc67da0e7bb43844491248a081b,965,False
aru-1-2016,1,1170,RGI2000-v7.0-G-13-65231,d24157aa2b7b30d6757e2f496354c35c1165398d41982c298ba79f945276ae60,966,False
aru-1-2016,1,1170,RGI2000-v7.0-G-13-58187,d2544d75ee2d559e413520c0047553fb8845eb33c818b45540e4f7490af5ed97,967,False
aru-1-2016,1,1170,RGI2000-v7.0-G-13-66047,d26bfd2017dd35d52fe77bf3e7c1b13223eb907520eccd8ac3c5dcc47d3b4eb2,968,False
aru-1-2016,1,1170,RGI2000-v7.0-G-13-65870,d2d82a69b569bafef5d82a2e1b049794a0fa2968fed04373a7810991fdf37918,969,False
aru-1-2016,1,1170,RGI2000-v7.0-G-13-65036,d2ee0109a3e0128a447ae6b9972d2c0e43743006fc17edcb2fcef0ff543b1dd3,970,False
aru-1-2016,1,1170,RGI2000-v7.0-G-13-66381,d3397c0a16e816b8d9fb9b857453de8a2cc256324a37d61aaf407eb0966b3eda,971,False
aru-1-2016,1,1170,RGI2000-v7.0-G-13-58456,d35ddc14702500a09e4a0aa7a6663c8cb779b77395a5fd5fe571b2e24cdf4719,972,False
aru-1-2016,1,1170,RGI2000-v7.0-G-13-64151,d36d285772fad37757ed680af1c7754f3617cb552992c2801b83174f9792506b,973,False
aru-1-2016,1,1170,RGI2000-v7.0-G-13-63917,d3a8b80bd9a3d6d0b430640ff04667428f8225129de41233c56936d672f8f91c,974,False
aru-1-2016,1,1170,RGI2000-v7.0-G-13-62287,d3ac8a4dbed9172e7b0728dab663c3587b602e873068c2f81309ca45a5d5223d,975,False
aru-1-2016,1,1170,RGI2000-v7.0-G-13-60771,d40346b292b563988b5d58fc8be4cb10c05d03b744c9701912359f156b2651b3,976,False
aru-1-2016,1,1170,RGI2000-v7.0-G-13-62005,d43eba0950feb8c509b8d44ea1fb34839a717411e3bd6fec501d7e2b86450548,977,False
aru-1-2016,1,1170,RGI2000-v7.0-G-13-66531,d449239828676a9474ed7d1d7bfafa6e155c6307ef65128eab3042c20eef89e3,978,False
aru-1-2016,1,1170,RGI2000-v7.0-G-13-66082,d4545c6d2f2fcff84308bf7e7c21c5789a6d3477adb0ff060400c4e8355af195,979,False
aru-1-2016,1,1170,RGI2000-v7.0-G-13-67351,d45947bf53bdf86d4b9dc59b1708ea45b6aa295e3c7e9db0c3830f877bdaf5b4,980,False
aru-1-2016,1,1170,RGI2000-v7.0-G-13-64352,d475c248621d9ab121e4ce56c0046cb75242be30dd3ecf8d0c9cc638a40f80d5,981,False
aru-1-2016,1,1170,RGI2000-v7.0-G-13-65107,d4b7818ff7b8e3825e8cb25c8a4a8d2bf824638f3100448118bbf931b601fded,982,False
aru-1-2016,1,1170,RGI2000-v7.0-G-13-60865,d4f94f834d3b815b0fb17867585ec0bc201df6429ed1a530ea20a7d0bd634085,983,False
aru-1-2016,1,1170,RGI2000-v7.0-G-13-64155,d53abd228c5d022dff27dd21444a0165d2dd341dad5b09e8e6d1ceaf21a3ca78,984,False
aru-1-2016,1,1170,RGI2000-v7.0-G-13-58868,d581a3219f6decd2229fa92a8577f0954a9007205acbf76d285e4bcc39116292,985,False
aru-1-2016,1,1170,RGI2000-v7.0-G-13-66088,d5e5274c5e0f48784cc1ccc3727c47973244d086d16868127fcf97eac327c378,986,False
aru-1-2016,1,1170,RGI2000-v7.0-G-13-57416,d621c3dea6e6728fa81210c532869215df5678d9b26e379854ab002bff067400,987,False
aru-1-2016,1,1170,RGI2000-v7.0-G-13-67212,d6418d80e8313cf1305bb58d1940607531cb48c9de7fd0852d396aacbaabf3a8,988,False
aru-1-2016,1,1170,RGI2000-v7.0-G-13-62363,d6a9cec297bab23143e8713de10e075ae44560bb06d7786e0120bcecba08b9ce,989,False
aru-1-2016,1,1170,RGI2000-v7.0-G-13-57130,d6c46da2ba974a7f0c3063bb3bc2de4647ad887dec88bec91c72b738fbeb00df,990,False
aru-1-2016,1,1170,RGI2000-v7.0-G-13-62678,d7c71d2849a6f63f145b5aa493d2a08eb6be44f9bcd169c52eb8b18d7de3d36f,991,False
aru-1-2016,1,1170,RGI2000-v7.0-G-13-66221,d7cf742f0903bf4b74d86e9d0c58686b3fc92ae5c0b5e82d4c20876f111e764c,992,False
aru-1-2016,1,1170,RGI2000-v7.0-G-13-67273,d81b573cbed5c9541a8f86965a0880b3c05c6a799943d97073b6e60bc436733c,993,False
aru-1-2016,1,1170,RGI2000-v7.0-G-13-61616,d86555da2230cc77b0a0efd2f4550b28e546c2b67808dad2491c359c6591736b,994,False
aru-1-2016,1,1170,RGI2000-v7.0-G-13-66941,d8ec48cd6d97f0fb79d4c197c814af42b2729494a2c47253053b29ab909ce414,995,False
aru-1-2016,1,1170,RGI2000-v7.0-G-13-66559,d949f6be405ca5bbc48810db1317254fba077d9f236acf027071e8c0230ffde2,996,False
aru-1-2016,1,1170,RGI2000-v7.0-G-13-65251,d992737dbcd7ee7a489e7c4d97c9475ac135e5f32f9044361f7651ff605b133c,997,False
aru-1-2016,1,1170,RGI2000-v7.0-G-13-59376,d9aa1edb617f54afbd8c8ca91c699e298ac70c056e12003f347e2d0ee110c907,998,False
aru-1-2016,1,1170,RGI2000-v7.0-G-13-60131,da208c84779e851b67d11643524bfdee88963c1dc9c7d9b6e5c289e41bcd2a22,999,False
aru-1-2016,1,1170,RGI2000-v7.0-G-13-61155,da2f0b224987e818cc33b19d460de5af304f2152474a965b8656879726bb58f2,1000,False
aru-1-2016,1,1170,RGI2000-v7.0-G-13-61645,da4c4aab66f8279c6ef93d4c62d335c28c0c21a33986ad565131b835ca6f3e5e,1001,False
aru-1-2016,1,1170,RGI2000-v7.0-G-13-62771,dac31ffa41e3b8a9f6ba013154e2a15394dc0833bab041a0cfe25abf5742469e,1002,False
aru-1-2016,1,1170,RGI2000-v7.0-G-13-59070,db057be6dcffd52a69bc1d7b1c3df232bf453d3b83c9d5ece49bae86fcb1a34d,1003,False
aru-1-2016,1,1170,RGI2000-v7.0-G-13-57186,db9fb25524bd38e9b3a287df0f46236446642611880d5fc85946db3c3d2aab5d,1004,False
aru-1-2016,1,1170,RGI2000-v7.0-G-13-58983,dbf4cf6e345117fa65d563a9f827976b5d9a9914da61ec89d451328531c0be61,1005,False
aru-1-2016,1,1170,RGI2000-v7.0-G-13-60183,dc06fc9868e3de9422af183f9b4950bc3c3402eaf7ae10bca73c03db58dd2e4a,1006,False
aru-1-2016,1,1170,RGI2000-v7.0-G-13-59100,dc24404ea220c2039128c28a0b8122f71ef2b8554a520216b73e88a22234ce7e,1007,False
aru-1-2016,1,1170,RGI2000-v7.0-G-13-66555,dd01d5911707bd11f5541520ccbcb60f389d887bef20c158581b23e644f48fb4,1008,False
aru-1-2016,1,1170,RGI2000-v7.0-G-13-63008,dd3cf90f2e230a05a33362463a94b5280ec13058d50a989ae1d7f5470d8d89f1,1009,False
aru-1-2016,1,1170,RGI2000-v7.0-G-13-61484,dd71aed5b5baa88fadec26724bc0d26590b67f30f5d533c4b2c402763c26cf5c,1010,False
aru-1-2016,1,1170,RGI2000-v7.0-G-13-64440,dda572f1c22c8945bcf197ab503a86de784bcac8c744b1a210ed8e42b69fc3a0,1011,False
aru-1-2016,1,1170,RGI2000-v7.0-G-13-66510,ddb662f98abf4d3683a28f4a74495f1441de9f6f00601b51b039a12e6560f664,1012,False
aru-1-2016,1,1170,RGI2000-v7.0-G-13-58384,de1aed5fd1719fe3ed2fffde4678c2cee21be5b9100fa49b197b08f66133fb26,1013,False
aru-1-2016,1,1170,RGI2000-v7.0-G-13-64631,de255e168d20db2cbc72c7e5df710c79470613cad01e8a80f78b6a0547ab23ee,1014,False
aru-1-2016,1,1170,RGI2000-v7.0-G-13-66570,de449a388d3abe585501d9fccefc967a9622578e9bada1a5dae067b7112aca65,1015,False
aru-1-2016,1,1170,RGI2000-v7.0-G-13-64087,de60d24fd7e6bc35f513cb9ded35f55eda8c5a2c37587ea8f2b13ec5f9c42761,1016,False
aru-1-2016,1,1170,RGI2000-v7.0-G-13-60945,de658d6e84b92503899f8cc8c05617e07aa1e7b1240150cbe140d28ef7740dc7,1017,False
aru-1-2016,1,1170,RGI2000-v7.0-G-13-67227,de8c18c3d6b4adf6d98d46babd3f57772e2b64b74aec9534f7882eaba9ea8a7c,1018,False
aru-1-2016,1,1170,RGI2000-v7.0-G-13-67506,dea6e0f137240ac1f7901d7fe59ab7e5b85a27606d65d50d49ebdec4c24390b3,1019,False
aru-1-2016,1,1170,RGI2000-v7.0-G-13-59905,deb6c17391f026d19003f7a2e30f4854c0999758e829dd849363ff8102840d2f,1020,False
aru-1-2016,1,1170,RGI2000-v7.0-G-13-65026,deb8ea99c6c792b67d27e41d492f5a37dbc7e2643c9a7dce39d72f4b1572d2a8,1021,False
aru-1-2016,1,1170,RGI2000-v7.0-G-13-64427,dedd7785455bc32a68a5f65c16c65576fdcdf58e3deaef67dd1e3e516e46f127,1022,False
aru-1-2016,1,1170,RGI2000-v7.0-G-13-66929,e08bffb2c7051102553ac363895142a7ab91d0b88ad3570ac93131a95a10aff3,1023,False
aru-1-2016,1,1170,RGI2000-v7.0-G-13-59680,e097607a6370b235e14b9f0f2c892e027e9b8f21bcc93b9c90e58f4e1c0f3788,1024,False
aru-1-2016,1,1170,RGI2000-v7.0-G-13-65416,e187a715282a886f3ad95bd8eda4f01a021895412b68d98586f2dc389d9b2539,1025,False
aru-1-2016,1,1170,RGI2000-v7.0-G-13-59139,e1a16f9b0cfc9b402f2e0924b983ad7237f6fd16553e321b21cdbbab55f1b8b9,1026,False
aru-1-2016,1,1170,RGI2000-v7.0-G-13-66068,e1feabbf2290222ccd037c83fa66bb818ea93bb991a161d0286341417d46ebbd,1027,False
aru-1-2016,1,1170,RGI2000-v7.0-G-13-64838,e267915dcff35e32e5f635b3c1174bc6c5c905dd0ef58e8a2d9219179ab7e56b,1028,False
aru-1-2016,1,1170,RGI2000-v7.0-G-13-65428,e2c05a7d5cf0062f999d686f0963183cbfb5ae0f6fd75e6edc4badf34ef5cdbd,1029,False
aru-1-2016,1,1170,RGI2000-v7.0-G-13-65630,e311f6b111d048b47176b0120b6a29ac577fef2643a5eebe9839c2520d699ae8,1030,False
aru-1-2016,1,1170,RGI2000-v7.0-G-13-64638,e31326ba7a342a4a8e3fdeef0d03c6c0deef97db56edfdbfc09c5446dfb40d4d,1031,False
aru-1-2016,1,1170,RGI2000-v7.0-G-13-62342,e3214b3e7de19e0c293ecbad2cdd9bfebaf79f96ec34ca4cbd950eb8fc1a5f5a,1032,False
aru-1-2016,1,1170,RGI2000-v7.0-G-13-59711,e3332e64f8795e87f80018bcec2855341b4e2fbc17484fb75ca02cc6a3291b93,1033,False
aru-1-2016,1,1170,RGI2000-v7.0-G-13-60590,e333ba5f119ab06c875f8420e0a159ba205b500e2cb395d32e54f6fad5fc789d,1034,False
aru-1-2016,1,1170,RGI2000-v7.0-G-13-66108,e341498e7b9d20b0243b779caf3cedcec637fd6d9f5894d1c49f6eeeae339884,1035,False
aru-1-2016,1,1170,RGI2000-v7.0-G-13-68017,e392b49ae6d715932c907cca6d4c58b40d9b2e91da52c650189932e61cbacde4,1036,False
aru-1-2016,1,1170,RGI2000-v7.0-G-13-62671,e4150a5b8213293bfd6886c84bc3230412ea9dc4c233f00701c5cbf4f05da1e7,1037,False
aru-1-2016,1,1170,RGI2000-v7.0-G-13-62122,e41d570a1ee0bbce17659b22a130c12c4f227d29ae1b79b625709b5f5fa16fd0,1038,False
aru-1-2016,1,1170,RGI2000-v7.0-G-13-63297,e41e3bb499335a4daca3a443978e882a23d1a39ecb73c434ab59db0b522ed784,1039,False
aru-1-2016,1,1170,RGI2000-v7.0-G-13-58236,e44dc1de5f22423847e6cc0452f1def7653371fd7c44fd130ec5dfbf1ea116e9,1040,False
aru-1-2016,1,1170,RGI2000-v7.0-G-13-61226,e46ad9408a3079ba9944690d8b6803dcc6cc2511e22e51d26afb4cd1cae712cf,1041,False
aru-1-2016,1,1170,RGI2000-v7.0-G-13-63363,e474eb81409c725233446132d98b0488510387b85b21800e6167e3aeb15caddf,1042,False
aru-1-2016,1,1170,RGI2000-v7.0-G-13-59733,e48d4c659a7ee5d49f04025580c193d0e827b40a2350d8a1111d57818a40ddf4,1043,False
aru-1-2016,1,1170,RGI2000-v7.0-G-13-60605,e4a558027204c92242427796fb516b146884d233211cd391fa3fbe115dba257b,1044,False
aru-1-2016,1,1170,RGI2000-v7.0-G-13-66549,e4df5a2ac353977f953d937f489e0a3957a59c12865c368c9e3dee9ac8a0b3b3,1045,False
aru-1-2016,1,1170,RGI2000-v7.0-G-13-66521,e5a0865048e273e4790ca1d196b9c1199b3d07bfd676d2f97ae1789386518bd7,1046,False
aru-1-2016,1,1170,RGI2000-v7.0-G-13-59707,e5c9f5fd323373be9730bb6ae1a9f0300ccc1a381316608cb80c115721386955,1047,False
aru-1-2016,1,1170,RGI2000-v7.0-G-13-59901,e61790b30d9170d8a8076995fcd8408a04261cea14ac3b382ccb9c94eec7885c,1048,False
aru-1-2016,1,1170,RGI2000-v7.0-G-13-57399,e66aab1fa687bf5a30a770e91f7e26b83746f6dd69d1811de64c294c541c6363,1049,False
aru-1-2016,1,1170,RGI2000-v7.0-G-13-60781,e6757490853567a0f4c982a331c84112367ce1d11701e9a83845fe30cd1a3efc,1050,False
aru-1-2016,1,1170,RGI2000-v7.0-G-13-59601,e690898955bd5e1fa82715c7e23765f275a1d2da2ed7e43131512a8cc826992e,1051,False
aru-1-2016,1,1170,RGI2000-v7.0-G-13-61710,e6ee562e7085b9dd653640b7a814ad915927917b5626c9dee9ef4b8b1127cd38,1052,False
aru-1-2016,1,1170,RGI2000-v7.0-G-13-65000,e6fe4e3fc3d18ca559b5861b0d404154675a43b60672ecfca197a89ca3432268,1053,False
aru-1-2016,1,1170,RGI2000-v7.0-G-13-57161,e70407871a521dab8f6fe80491ec8cace4c70b08ae81d2854acc6c1c138a0942,1054,False
aru-1-2016,1,1170,RGI2000-v7.0-G-13-63974,e70569826f26ccea92cd3231aed2d0aaac79e6a60ef8c369b1e25e2ce87f4e1b,1055,False
aru-1-2016,1,1170,RGI2000-v7.0-G-13-65887,e7642f75ab3ea286f86d610e092624079eecd26122d320d2b09e4471976a7ac9,1056,False
aru-1-2016,1,1170,RGI2000-v7.0-G-13-65733,e7675238067078cc7ec07a75264aa870afbf8812cd1588f1b81831d65e2ed5a4,1057,False
aru-1-2016,1,1170,RGI2000-v7.0-G-13-62731,e7902e0a307dba642fc0322239cbb6c36980447cb1b9cfa9bf9fc82d624851fa,1058,False
aru-1-2016,1,1170,RGI2000-v7.0-G-13-58685,e8168eed629bb15bb80f5d0ffd561795f815cc1b168344c0a11ea881cf6d3058,1059,False
aru-1-2016,1,1170,RGI2000-v7.0-G-13-60655,e8392aa118106f4a53d1006fb3aee2eb0c09ddc080b413f11ce4b22284b0544b,1060,False
aru-1-2016,1,1170,RGI2000-v7.0-G-13-60260,e85230630d9741fd16076e94c068690f07c25de63c1774c04348cfa31e60ee58,1061,False
aru-1-2016,1,1170,RGI2000-v7.0-G-13-66407,e87431ab0643ff82d9a56c93102d645673ebd32adef353a1b6c526b2b4fc6e33,1062,False
aru-1-2016,1,1170,RGI2000-v7.0-G-13-59844,e8943beece050e6cf60e83629106201a6c797c600bbfbbf5b108e566a8409f8e,1063,False
aru-1-2016,1,1170,RGI2000-v7.0-G-13-58587,e89566f20b63a9a45c324d371235ec21ef999949cba9e7a3815468f9c5377c35,1064,False
aru-1-2016,1,1170,RGI2000-v7.0-G-13-66303,e8b7864a6d8436be2570d9aa312ee02015afee0c0d9a76da1602ce17022db8b2,1065,False
aru-1-2016,1,1170,RGI2000-v7.0-G-13-66156,e8bba280c35f797295a44e7f3db821e875a37f53e404aa44b97e09024a800d65,1066,False
aru-1-2016,1,1170,RGI2000-v7.0-G-13-63110,e8e029a9b5340f7769024b8c17b2bd20da516ce1160e1d753433180d5cad30be,1067,False
aru-1-2016,1,1170,RGI2000-v7.0-G-13-60105,e8e0acb23ef2ca739cca095ba54d7ff8ee4c1f40b241d84811955c2bc73e7abe,1068,False
aru-1-2016,1,1170,RGI2000-v7.0-G-13-65735,e8ec41cb16b4035e8012ec3bd7a6fee269e055dcc758421f8b56cc9a521e474b,1069,False
aru-1-2016,1,1170,RGI2000-v7.0-G-13-65833,e8f089da596ba14462ba251629e199dc2ecd43740b10e9bffa4275e0665cad12,1070,False
aru-1-2016,1,1170,RGI2000-v7.0-G-13-65793,e95e5a71668b05dee72fed0cf90c1acf663b4ee1d0b4999f093e4c8b0589e5b7,1071,False
aru-1-2016,1,1170,RGI2000-v7.0-G-13-57253,e98936088db65b3230d1c24a8b7a7572879188ba3605863d0bda92750cf2346c,1072,False
aru-1-2016,1,1170,RGI2000-v7.0-G-13-59837,e98ea34bd4b1f64c333d19a02cf63f0808a7a0e3b760d25777f168ae697fde5c,1073,False
aru-1-2016,1,1170,RGI2000-v7.0-G-13-67311,ea42679bbd30b2fad6d573fc78b37738aa04a58d6e4ba6e517031416eca4bcd6,1074,False
aru-1-2016,1,1170,RGI2000-v7.0-G-13-60092,ea4502bfcbdfb0ba192f9f3166feba76989f4b2cd7639373e18f9a790e72b0bb,1075,False
aru-1-2016,1,1170,RGI2000-v7.0-G-13-65348,ea8deecfed5ad17334966e6fe82d0fa98d4be18338492be56131617c75ccff82,1076,False
aru-1-2016,1,1170,RGI2000-v7.0-G-13-59507,ea982f3ae2cfe9ed29e3b2024f65edc21faa96f4e004f25a4be14f4a25c2123f,1077,False
aru-1-2016,1,1170,RGI2000-v7.0-G-13-64933,ead1b903eaf8e5c8e5bbe390eaedce790d15ee009aa74dabac765ada117cb8f7,1078,False
aru-1-2016,1,1170,RGI2000-v7.0-G-13-62707,eae3a9f4af0bd0bc9cb6e7550365b0c36afde44ddc4b6ddaeb21077c21108157,1079,False
aru-1-2016,1,1170,RGI2000-v7.0-G-13-59706,eaeac0dc0add811fe05fc3fc58508d658e1dc7eb53ffe45bddf7d40b0a38eedf,1080,False
aru-1-2016,1,1170,RGI2000-v7.0-G-13-64172,eaf04164832c80604205cd81f43c46ef463b228f36ca3a3ddaf76c45009adbfd,1081,False
aru-1-2016,1,1170,RGI2000-v7.0-G-13-66605,eafe1281d292cdceacd1f62b5a1f9fb2695a9d31b3814ff22350a70d9bae2538,1082,False
aru-1-2016,1,1170,RGI2000-v7.0-G-13-59804,eb1d998f472baec6f0b9e80278e30eea218e3a9dce0c37ca14d7fa1f4397f6e5,1083,False
aru-1-2016,1,1170,RGI2000-v7.0-G-13-65736,eb2209066709adf70f8534458cb8bc3016aa3a0fa1bf2e011f78a043b3265150,1084,False
aru-1-2016,1,1170,RGI2000-v7.0-G-13-67327,eb5a727ec7e4241da59ebcb4718ef8c0f39f71820287d640ef23b39079db66fb,1085,False
aru-1-2016,1,1170,RGI2000-v7.0-G-13-66596,ebdfb228ab69e2bd189505dc2ea0c72c408a058ced71485ba529dd2396a35951,1086,False
aru-1-2016,1,1170,RGI2000-v7.0-G-13-66819,ec1fbedf16b6bda27d232b9811fb5bfe0b85d610b885cc3e4173441fbc41d706,1087,False
aru-1-2016,1,1170,RGI2000-v7.0-G-13-61251,ec4a620745f6a3fcb16364dc22d05883499410a89e77463253a27c943cdb33e6,1088,False
aru-1-2016,1,1170,RGI2000-v7.0-G-13-63269,ec85c7baa049e210a73faca3df659daef28722067a48f7b2e515408279edc3fa,1089,False
aru-1-2016,1,1170,RGI2000-v7.0-G-13-65230,ecc8d65665739c05d467edd3db9c06928c62cb6d1ceea21c784ceb0eb8c9b34e,1090,False
aru-1-2016,1,1170,RGI2000-v7.0-G-13-59755,ecd29f245a12e5dfde6aa2014f47b86ae874e27d8c11f24fa07b4f66b424c79a,1091,False
aru-1-2016,1,1170,RGI2000-v7.0-G-13-64568,ece7b45b783ffd92c6691042df79351daba351a54ff1f37e7a7ae7a7cbc6b766,1092,False
aru-1-2016,1,1170,RGI2000-v7.0-G-13-61598,ed02c9fed9aaca3065e2e3abe6297e6f1c88aa5213c6e19709d6e5331cc8c118,1093,False
aru-1-2016,1,1170,RGI2000-v7.0-G-13-57309,ed6bf216c32289ac03df9a75d8a04581fac852c97c72511523c275cbd9437f2a,1094,False
aru-1-2016,1,1170,RGI2000-v7.0-G-13-61638,ed7add9e1b508eb60313e644ae94a9d1ca7ad434c29dcd440e2a34b80336c270,1095,False
aru-1-2016,1,1170,RGI2000-v7.0-G-13-67662,ed7e561314644a6256d270447b05ed6206a86d96cd54e10aee6b9946fc5316e5,1096,False
aru-1-2016,1,1170,RGI2000-v7.0-G-13-58179,ed8dcb4b2b07b51522edf69f871903f824f2b3117ff9bc29faaebe2b07c06802,1097,False
aru-1-2016,1,1170,RGI2000-v7.0-G-13-66936,edf568e4dc677a20065313775f33b305c1b9de141d2aa40a377b20bf1ec3e022,1098,False
aru-1-2016,1,1170,RGI2000-v7.0-G-13-66579,ee43d2e42be69f20b91d1ab284b1adca3a13da8cdcccd94738a9a7fe7d0c1e72,1099,False
aru-1-2016,1,1170,RGI2000-v7.0-G-13-62865,ee7a3062cbfb0f179f90d4672bc4543c3e102ae41d216c17c834aef076066799,1100,False
aru-1-2016,1,1170,RGI2000-v7.0-G-13-64904,ef205387b3cd81f864027259bea0bc7950946ed743c5d6f934dd92eb114c3e1e,1101,False
aru-1-2016,1,1170,RGI2000-v7.0-G-13-68021,ef2a93b97c5cc7f517c1326034232777525ea2eb0519e1c30d14219cbbd81012,1102,False
aru-1-2016,1,1170,RGI2000-v7.0-G-13-64410,ef3c376a2b2e8326df695f1a0609b548828da5be26ac0326f2a1e4c2e2e16cc3,1103,False
aru-1-2016,1,1170,RGI2000-v7.0-G-13-67622,efa283897fa8e3221cd8a8e8c891a1dfc26aeab7e3a02865465502cfb91ce88f,1104,False
aru-1-2016,1,1170,RGI2000-v7.0-G-13-57380,f05d278b22d1619a10c0ab4443043b36bc0057a24aeb9767378b0123276a3f73,1105,False
aru-1-2016,1,1170,RGI2000-v7.0-G-13-66723,f07e8d75b34e5d6cf789f5319dcc6b9ad5b1db1ee633300fead2b82f2bea45c8,1106,False
aru-1-2016,1,1170,RGI2000-v7.0-G-13-58360,f096edb74af2882effeaa5324aee86526405f21a846dd74b63327d3a62d5f5ed,1107,False
aru-1-2016,1,1170,RGI2000-v7.0-G-13-58980,f1081f487d42ef91be7515cdc7c639f644e265ac02ec58d98bafa626b4f13856,1108,False
aru-1-2016,1,1170,RGI2000-v7.0-G-13-67192,f2135a1985f828920aa4505825c4d36ee5834f3be574f3ef37684272aca44a39,1109,False
aru-1-2016,1,1170,RGI2000-v7.0-G-13-60902,f216b9e6a3999f9c4e1bf49803ea8accff333b86a8978af73e1cbbb602e1c3b3,1110,False
aru-1-2016,1,1170,RGI2000-v7.0-G-13-57277,f25bc320c40e7ea210494caf189419e323b1318b031271fb021469269e86dd22,1111,False
aru-1-2016,1,1170,RGI2000-v7.0-G-13-62732,f26fd67d38bf9962198b6daaa79a236888d1c70579eb8879eda66c38c0af9b2e,1112,False
aru-1-2016,1,1170,RGI2000-v7.0-G-13-62866,f2738468bb8c86e8e0c5a4a6c49c69aa0decefbc8a1e5a1b95cec714fa54f280,1113,False
aru-1-2016,1,1170,RGI2000-v7.0-G-13-63552,f352ed48d2702381d443dab8220582f9a1a7a1db6628d721f32e40cfa3743ecf,1114,False
aru-1-2016,1,1170,RGI2000-v7.0-G-13-64398,f36d2df8071361ee787e4aead41f9fd7d616ff4c23f29f5b4fd04e53bfff20d0,1115,False
aru-1-2016,1,1170,RGI2000-v7.0-G-13-65429,f38069206163d7eb6248227edf2ae84360d86ade311650d40d3e30c72e045800,1116,False
aru-1-2016,1,1170,RGI2000-v7.0-G-13-61782,f3f29d8d43a771085f1c9e25ecd2cb2d53b73d2d1421cfb1d9d3192046487c18,1117,False
aru-1-2016,1,1170,RGI2000-v7.0-G-13-66631,f419b960d23407fbf823c78bb51b4baf95891dc127f7f0683ebdcea96d1fe5b1,1118,False
aru-1-2016,1,1170,RGI2000-v7.0-G-13-64674,f41e91defe9f7a4aa90b2d00afcdd792e50882fc99c2ee523d027092f4bba4f1,1119,False
aru-1-2016,1,1170,RGI2000-v7.0-G-13-66536,f43e711c75ecf618b7613f7551c11945c3d2ab1b15fb70e4bc88388a7e7d0357,1120,False
aru-1-2016,1,1170,RGI2000-v7.0-G-13-67779,f483e7602b1cb03e2faaf425188c980d5b8b1d00c81d1886d3a9c326e4f73c8c,1121,False
aru-1-2016,1,1170,RGI2000-v7.0-G-13-59605,f53a41e790d247361477e4484fad64f36c542b12409c6272d93863b9c9daf4a6,1122,False
aru-1-2016,1,1170,RGI2000-v7.0-G-13-63843,f5537b9f9bac0c0cea0308b5c78f6c134301bd281eebdb8036a0fc005ee7b26d,1123,False
aru-1-2016,1,1170,RGI2000-v7.0-G-13-65149,f581acf47ce66e7d925d561df61266f08396c84e590b65fb733bafc61f2b44f0,1124,False
aru-1-2016,1,1170,RGI2000-v7.0-G-13-65508,f593296afca006a7abafdb49bfea35d6997e1ec5e9ccce245c8cababf41580f6,1125,False
aru-1-2016,1,1170,RGI2000-v7.0-G-13-64593,f5c6d6af75c56eba9851f092d22e0d41ae78cfcb8428223de9a87ee823bf4839,1126,False
aru-1-2016,1,1170,RGI2000-v7.0-G-13-66408,f62fb879b9931663a307281dc71a53ce7b183c3342658757f65450daa2118cfd,1127,False
aru-1-2016,1,1170,RGI2000-v7.0-G-13-61064,f644477b3d0a876321e755d8b5f9a0517f8a1ae9855bfccffcbf86e08efad952,1128,False
aru-1-2016,1,1170,RGI2000-v7.0-G-13-66144,f694a43ddcfafc8ccd553063028e0e5a0ce7bedafd4dbf060c91cc09327c4e62,1129,False
aru-1-2016,1,1170,RGI2000-v7.0-G-13-66724,f6bde1e3dddf9abac863405460ef0355bbfb2f2243a5b91469df2d9eaffcee73,1130,False
aru-1-2016,1,1170,RGI2000-v7.0-G-13-66022,f6e94352b028af54fa538b496efed7fa322e4beddd03cf71e74b8265f2ec456c,1131,False
aru-1-2016,1,1170,RGI2000-v7.0-G-13-64304,f6ee626ee575bcadf0c88b64642376b38236d74fccd6cea98d485f4792f9eb4c,1132,False
aru-1-2016,1,1170,RGI2000-v7.0-G-13-65990,f709bd046107bc420f65e27f2656c04decc3ef2fe3321d58d7b204f08cc5c3e0,1133,False
aru-1-2016,1,1170,RGI2000-v7.0-G-13-64302,f72d89de361a43e47e0b99e79bdefeaf8bf005bbe66133d5cb68ea1714804152,1134,False
aru-1-2016,1,1170,RGI2000-v7.0-G-13-64866,f7628d12bb872afecd9bfc1c7c33b0f8e4f77f7c9ec90797699e5ab0d67a626d,1135,False
aru-1-2016,1,1170,RGI2000-v7.0-G-13-65818,f78627ae1697547a127aa80872785e5d6b6a5de169322a1e16af2185510a4555,1136,False
aru-1-2016,1,1170,RGI2000-v7.0-G-13-60869,f83d85f8852f92b9a952bcd0a7b68a858b377108bae8f5ad6c8aaa0a7859409c,1137,False
aru-1-2016,1,1170,RGI2000-v7.0-G-13-65638,f88e6c8539857a32c43152822160c3527b93ea4ce533f6c3f9c1a235e0df25ca,1138,False
aru-1-2016,1,1170,RGI2000-v7.0-G-13-60613,f8a5bc9adf42b804ce0f273e96c25862e3e5b0ece47d5bf3a6671c7341a80f31,1139,False
aru-1-2016,1,1170,RGI2000-v7.0-G-13-63300,f92aa9b6f453bb64a1e2bc8d2652f245fa999dc1f5f88b3be5e7c8a193055b1d,1140,False
aru-1-2016,1,1170,RGI2000-v7.0-G-13-62789,f948e2d4bd18721057c5bdeb023ba1df95f5ac0b001e0aa02c2808c7a8c5ec74,1141,False
aru-1-2016,1,1170,RGI2000-v7.0-G-13-65812,f9627c6705360e05892244e9df4ece87c1e81b8cb528c54e014e5f3f6a395df6,1142,False
aru-1-2016,1,1170,RGI2000-v7.0-G-13-67451,f96a49d9a587e5912b42be1ed7e4264031c0fdc4db5669ce783e6f4164cbc75c,1143,False
aru-1-2016,1,1170,RGI2000-v7.0-G-13-57432,f9ad9aa01e527a66299bfdc07a0642761e7ac97d988ff61af49f0d70375fe1df,1144,False
aru-1-2016,1,1170,RGI2000-v7.0-G-13-66569,fa01b26d72365660074f22e57f72a6a44408323e6ad6cc06bc3919db4ce85521,1145,False
aru-1-2016,1,1170,RGI2000-v7.0-G-13-68038,fa233ffcd59cc980e14cf306bbfd52e2b20cc640225ec954a26a9fac95d6a15a,1146,False
aru-1-2016,1,1170,RGI2000-v7.0-G-13-66084,fa8ad243348fa76a672c916fa8ebde4b80a1b73f23723417ca7c341d6f7af9e9,1147,False
aru-1-2016,1,1170,RGI2000-v7.0-G-13-59171,fb65a86bda9a10ba158e09afd2f6b0ae3a2674e4012b50561fc359ea7dd58f5d,1148,False
aru-1-2016,1,1170,RGI2000-v7.0-G-13-60278,fbc2179dae386308150cd233a8f3c6c53cb4a9dfa0a7a7b1283b22512d0e5cb3,1149,False
aru-1-2016,1,1170,RGI2000-v7.0-G-13-58890,fc50eeda4abecf3cdbe4226f1e06190138e4487361a2dbbe43b7c7a1301f818c,1150,False
aru-1-2016,1,1170,RGI2000-v7.0-G-13-63403,fc542142ebc16f83f308635bdeac2385a6cc1f92019e68e0d697e79c9ea2c876,1151,False
aru-1-2016,1,1170,RGI2000-v7.0-G-13-61748,fcd44e772a17c453be775599c4b4a5f7f26603774f9b74ba1af15e2af7108663,1152,False
aru-1-2016,1,1170,RGI2000-v7.0-G-13-62173,fce0de18078a035f5c12613a3aad7ef8b6ec9235b48f88449538e66166f7d6f9,1153,False
aru-1-2016,1,1170,RGI2000-v7.0-G-13-62676,fd78f9365a5431ad14a3b6f653134cd34f757294316cf88e7e2eb7fabd714ed5,1154,False
aru-1-2016,1,1170,RGI2000-v7.0-G-13-58335,fd7ed7a26fe9ede52f3a24c6a6ad8c9c4485cc36dee49d7a447c7407ab5e1004,1155,False
aru-1-2016,1,1170,RGI2000-v7.0-G-13-61933,fd86fe223157caaf6f37ec8ed5cd2cc6e10d5ff2ad32f0f45f09516dac6ffb59,1156,False
aru-1-2016,1,1170,RGI2000-v7.0-G-13-63889,fd8860e46a33f894f7213f071acb3102927a04a16db97f906175696220737ba2,1157,False
aru-1-2016,1,1170,RGI2000-v7.0-G-13-65024,fda05d4892633b92980db8c4215dacdcdf8529c35d3634a33ff74e960c43a4d7,1158,False
aru-1-2016,1,1170,RGI2000-v7.0-G-13-63847,fdaa2213e35e461fdb2237cae2cb1da0205095e347e492eaafdca793e726eba1,1159,False
aru-1-2016,1,1170,RGI2000-v7.0-G-13-62016,fdac659c7def88b374d716e485882398ff4a2fb013814184807e8cdbae2ae043,1160,False
aru-1-2016,1,1170,RGI2000-v7.0-G-13-63450,fdc05fafc5486dbed166a44d8774765c4ef7f8b1696b3e58ff87dd4850c63cfa,1161,False
aru-1-2016,1,1170,RGI2000-v7.0-G-13-63526,fdf0e86f0442c22912a8ee189b58a886a58a7dee63629626b61c32256c336c7e,1162,False
aru-1-2016,1,1170,RGI2000-v7.0-G-13-61981,fe821b825df5f76ec8d5dcbe064995e7a3a1f8fbb40a133dcdce77ccaa7e1abd,1163,False
aru-1-2016,1,1170,RGI2000-v7.0-G-13-64494,fe85a0b7d3a7d425471f37b265b1f087b47bcd5d2435037bce7cac12ee7d60eb,1164,False
aru-1-2016,1,1170,RGI2000-v7.0-G-13-67618,febd23d936095ee3aa7db8f894c7bea72e9c58eaa24a6832de474adab64fed03,1165,False
aru-1-2016,1,1170,RGI2000-v7.0-G-13-61976,fef489f0ab65622bd01da09fae95a7de9de520d0ba701dd5d67510b1de1a4d41,1166,False
aru-1-2016,1,1170,RGI2000-v7.0-G-13-65667,fefff5ad356469e7881a5aa2ccc67f174fb70d637c6a7bdcff8b5eaaa8455cd5,1167,False
aru-1-2016,1,1170,RGI2000-v7.0-G-13-63158,ff6691115f0af4bb204b65195e282346c6480d00118dfab7c2eddf611462c425,1168,False
aru-1-2016,1,1170,RGI2000-v7.0-G-13-59951,ff944fe7cc16fde4d319eae9904f32efb1bf0b15813d15130cc476e33c0591d8,1169,False
aru-1-2016,1,1170,RGI2000-v7.0-G-13-59894,ffebaa5bd79fa3b050dbe4a55cd5058bc32f003ae14fa8f293b8411048032170,1170,False
aru-2-2016,1,928,RGI2000-v7.0-G-13-59153,000dfefbe57392a6d68eb887aa15ca22c710930e8544272bda91aa6e4e9eb38e,1,True
aru-2-2016,1,928,RGI2000-v7.0-G-13-63553,002dbb175cb923f7069aca3e35646ecfc57924fa10c70079e0a5a2696f9c081e,2,True
aru-2-2016,1,928,RGI2000-v7.0-G-13-64718,005cb45860962b7ac7a81d7055fb48a5b9de503ae0665bff98604e280e052e3c,3,True
aru-2-2016,1,928,RGI2000-v7.0-G-13-62289,006cc35c81c9bf8d003b55e21aa17fac136a542d7ce584e503d14659fe1dfb0f,4,True
aru-2-2016,1,928,RGI2000-v7.0-G-13-59135,00b156885729e65736f1d5083f65a3a683ce927ca21787ff69370e1eead1650d,5,True
aru-2-2016,1,928,RGI2000-v7.0-G-13-62671,011697f3d3a4aee998d6aeffa8b7a4a8d7d73aee1c7050d52a7a20670edb0d29,6,True
aru-2-2016,1,928,RGI2000-v7.0-G-13-66555,013bc84c5f7ef88262105308c49798b35fedff4c9bc47eda035f1de83789191a,7,True
aru-2-2016,1,928,RGI2000-v7.0-G-13-58443,01813a6a7969b678048a59443f3001bd6cb1a504b6766543c97c6d2b34131f0f,8,True
aru-2-2016,1,928,RGI2000-v7.0-G-13-64410,02168b76a9907b6cada469419bb25b8012bc98825adb8db1cdaa48b6b6791af7,9,True
aru-2-2016,1,928,RGI2000-v7.0-G-13-65011,021777f391e93efbdf29faf1f04d9e934e2fe2bf680a85bfbd333a49b30b4766,10,True
aru-2-2016,1,928,RGI2000-v7.0-G-13-62307,02a8bb5c5698e5ffd76b9a10e4e0f35660e14d926f1b669fac77f4f315da65e0,11,True
aru-2-2016,1,928,RGI2000-v7.0-G-13-58810,02c6170c5562f259492e27a24518bda6ebc195db552e2aba14cdf022d71fd838,12,True
aru-2-2016,1,928,RGI2000-v7.0-G-13-64159,037398f8699c45ea5e3d41173355b02159332d66b8d7272d014628f02a8967cb,13,True
aru-2-2016,1,928,RGI2000-v7.0-G-13-65609,03ba8a7d6c4797a1e0bd58c94899870c0c5df865616ee6433b54eaa4d7dcd9e0,14,True
aru-2-2016,1,928,RGI2000-v7.0-G-13-66733,03badcaa8d33ff9bf175c763c48339f1dbede847633e7952bc07179244392cd6,15,True
aru-2-2016,1,928,RGI2000-v7.0-G-13-63291,03d79464291fc5a1c7de668034f4af338b05a0e919684c2b2f76d2277682919d,16,True
aru-2-2016,1,928,RGI2000-v7.0-G-13-58791,0409f880a5fa6ea34a0657d54aa41475ed56eb555b9822b3a8c486c52c1cceaa,17,True
aru-2-2016,1,928,RGI2000-v7.0-G-13-60310,04218643e5bfda66571b6d2057344db980c75740120bc41879fbd6fcb156c4c6,18,True
aru-2-2016,1,928,RGI2000-v7.0-G-13-64786,045dc315df83a696887135b42e63c58ca32fe3c6823aa051f9a7223342b9d22d,19,True
aru-2-2016,1,928,RGI2000-v7.0-G-13-59888,048738bea9bbe60d435810d5452fa3790434fc29a3046a54409a4c33443df60a,20,True
aru-2-2016,1,928,RGI2000-v7.0-G-13-58578,04e1226872f96cfd03beb1d0fcfe08106c9f2bbaa80fa7ce67e283d353f2afc1,21,False
aru-2-2016,1,928,RGI2000-v7.0-G-13-66563,04f27a73955877f7f9c23813d654b22c4f51f4d88f389246397dfe31023516b3,22,False
aru-2-2016,1,928,RGI2000-v7.0-G-13-64904,05e5969806a55c304e2379d7ce684f00c284318666ce08c1fdfc745a8aa4fc3a,23,False
aru-2-2016,1,928,RGI2000-v7.0-G-13-67346,05f9ed034541d0ccfc748ef15fd834c13e5d03141ffffae43afd849e7763266d,24,False
aru-2-2016,1,928,RGI2000-v7.0-G-13-58249,065dde70747b0a752e002d0c950944854c21d00c60ec1f11251b8faa1d9b8187,25,False
aru-2-2016,1,928,RGI2000-v7.0-G-13-59991,068e273fad448e9c13d74ecb54a27075847d33a83e40444b83edd88b7a409ee7,26,False
aru-2-2016,1,928,RGI2000-v7.0-G-13-66137,06971e1ade7af2e29c63991aef52b9cba0d6b82bc27c86d2703d37735bbd0170,27,False
aru-2-2016,1,928,RGI2000-v7.0-G-13-61806,06bc9a3a9dfa3d1e5d49f8ac05c6e6ee12ad7762c71f24633eb8de1dddd6df8c,28,False
aru-2-2016,1,928,RGI2000-v7.0-G-13-65797,07b3f6dc56e11f3daa9422c96b985e2ff4a0c2a16a4ed35afc61ca37e23dc0f6,29,False
aru-2-2016,1,928,RGI2000-v7.0-G-13-58235,07b9eddde6abe5a14c3eeded7e79c545f7e5e21399d5bd15a6a16f81759370fd,30,False
aru-2-2016,1,928,RGI2000-v7.0-G-13-58649,07d97046f31c4cbe97bb3c2dc29e45080acaaa885244d5b5982c031173cb42ee,31,False
aru-2-2016,1,928,RGI2000-v7.0-G-13-59169,08cc9661ee2e7e2c7e7f94820af986fbf1985bc0266140888e159421baaa3b9d,32,False
aru-2-2016,1,928,RGI2000-v7.0-G-13-58213,08ef06602ded6528ec6783b8ce50a26ed141edbed704a3b0456b4eedbb424159,33,False
aru-2-2016,1,928,RGI2000-v7.0-G-13-61738,09b9db533c845e8afa478e3965eff6e0e45d0d16caca6fac24aee05c11f5e69e,34,False
aru-2-2016,1,928,RGI2000-v7.0-G-13-59699,0a14877eb29cadb7ff78df6dd84a079e563c5f0f4d37176afa91f9207976709a,35,False
aru-2-2016,1,928,RGI2000-v7.0-G-13-64888,0ab40eda39914618e2f27b57b76847127a1471825bc29a124b142dbe6954ff5e,36,False
aru-2-2016,1,928,RGI2000-v7.0-G-13-62302,0b4c398cc9abd0827a17753d6cfb505e3e0accc44d874f10d1035ae964d79aad,37,False
aru-2-2016,1,928,RGI2000-v7.0-G-13-65702,0c7a1dd0795c27b464a04c7866b3a51dd1bc8a8d59728419eb51c93b45a04493,38,False
aru-2-2016,1,928,RGI2000-v7.0-G-13-61636,0c9deab6b62c70473f3072de6364185d597e07dd74cc4fbdeb7c576b1908b4b3,39,False
aru-2-2016,1,928,RGI2000-v7.0-G-13-58736,0c9f8d51c825336f3e384e74f56a48b52e487911d6a30a687ecd15230fb08e1b,40,False
aru-2-2016,1,928,RGI2000-v7.0-G-13-66590,0cc92a55d72356d69a201f824375d4a33c9444b6d4ecec43615a137388e57431,41,False
aru-2-2016,1,928,RGI2000-v7.0-G-13-59276,0d0521026efe37f0b9312abdb2b42669314e56ab06b2527daf3f7d1815327827,42,False
aru-2-2016,1,928,RGI2000-v7.0-G-13-61615,0d6d61d4ad1cffe6bd636715bb428ea3aa9b820179b24664ef67390cb6c9b8b9,43,False
aru-2-2016,1,928,RGI2000-v7.0-G-13-57404,0dbc5be00ee8be78f9173df8218a5c5f0d1868eae1bacbc661f3a06dfbd63343,44,False
aru-2-2016,1,928,RGI2000-v7.0-G-13-59889,0dde285e8858472f556b31fa12f7836bd886ff7147d7e2a0f3a77932c23dc08e,45,False
aru-2-2016,1,928,RGI2000-v7.0-G-13-66422,0dfad73525e41424e616ca713459cc52476daff16165287b7cffabec0e5f42b1,46,False
aru-2-2016,1,928,RGI2000-v7.0-G-13-67198,0e06b7ab32493b5b54edd007f6154e3623bf512ae2a65be28556f52fe76e0c40,47,False
aru-2-2016,1,928,RGI2000-v7.0-G-13-65973,0e2e530de5b942a439e73b6b8bf6fbc319a6bae9b2681ebf6c5f326aaabccc46,48,False
aru-2-2016,1,928,RGI2000-v7.0-G-13-59143,0e46fdfdbed10115d3332b4f357df4bf23728d3588dcede5df3fc0eb051bad10,49,False
aru-2-2016,1,928,RGI2000-v7.0-G-13-59845,0e9fceaabe1f37666c28d7d7b9d6fab81c93090a9d8cf77570c7cdf45737b78b,50,False
aru-2-2016,1,928,RGI2000-v7.0-G-13-65387,0ed9ea399e316cf1165a91decef66b671ba6b68e1e257df1636e8d612e61ae08,51,False
aru-2-2016,1,928,RGI2000-v7.0-G-13-58633,0efe37fa80214a7938ae0860ad811501936e4d1012d29fe00d4c2802b1321eed,52,False
aru-2-2016,1,928,RGI2000-v7.0-G-13-65660,0f4d49981ba98e561739784a3d407e1bcda2b9cd01fd0e52e2a3d9cbc7547c54,53,False
aru-2-2016,1,928,RGI2000-v7.0-G-13-64140,1041d6f2a024eda9fbca4060bd6129799303691bc6a3145d4dd432b127ddda25,54,False
aru-2-2016,1,928,RGI2000-v7.0-G-13-60969,105c0b59453977bbb5016cf7d50762b3761e607cb733ca69750f26a2cabc759b,55,False
aru-2-2016,1,928,RGI2000-v7.0-G-13-57174,1074d04eee0fbec0700515ecf3364cb773a009faf109fb641aae611d9a7d1aff,56,False
aru-2-2016,1,928,RGI2000-v7.0-G-13-60492,10ae7225da598d8631194e27e6e1b15d2dbbac269614d26e9566b495970762bc,57,False
aru-2-2016,1,928,RGI2000-v7.0-G-13-57446,10b428a198cbd0592bfc916d0d8f5f7d5b6eb605773de8c051a77a44c3b8dce2,58,False
aru-2-2016,1,928,RGI2000-v7.0-G-13-66786,113243a99ceefbe716fae1bbacb9ad265cd93892725c60f0999c079d4a81a29a,59,False
aru-2-2016,1,928,RGI2000-v7.0-G-13-64440,11366a7da81e7b73e7146fdfe0d63b57d96cec3b3cd78614d6d7a01b3ff9145d,60,False
aru-2-2016,1,928,RGI2000-v7.0-G-13-59285,113e8acfbb393f82a7935685f1167af27f166f6074f20315f8661482a2b4bcd6,61,False
aru-2-2016,1,928,RGI2000-v7.0-G-13-63983,134b320cd01dd9d1a38c70c74c5b5326e6a30792127d08abb0618b9f5728edf9,62,False
aru-2-2016,1,928,RGI2000-v7.0-G-13-66375,1486ba9c93007be96946f82d21559ff7510b2ab698737ef41b9498c5e7b40c53,63,False
aru-2-2016,1,928,RGI2000-v7.0-G-13-67171,14d8ac2c04cda98d62cc9f801de99dcb2f2523980cd3132a2fb2529eaa0cbe5d,64,False
aru-2-2016,1,928,RGI2000-v7.0-G-13-58960,14dfdb6d874578aaa9b828867b38588e878ffb5a45bda7ce9955a09704ebbd62,65,False
aru-2-2016,1,928,RGI2000-v7.0-G-13-60239,14f033541feb320daba42b40e04389c9d716670ec369fa4d87a197041a49a110,66,False
aru-2-2016,1,928,RGI2000-v7.0-G-13-66423,156d5b04fca203423621e797672ed22a0f93be14f3d68aa17f5911bada45bab4,67,False
aru-2-2016,1,928,RGI2000-v7.0-G-13-62286,158fea4c95880ae38aa6a3e9d2614832caf3bc0da36c77df79781c469a115b17,68,False
aru-2-2016,1,928,RGI2000-v7.0-G-13-65432,15ca3955e70288460989f14c32f3066cdd291d82d3f42936965e192b260a8105,69,False
aru-2-2016,1,928,RGI2000-v7.0-G-13-58386,15cc3bc4a986b360e4f4635ab0c0c5a47e43756641834237a7e4737b3c8453b5,70,False
aru-2-2016,1,928,RGI2000-v7.0-G-13-59607,15d43db52f7bbd0b40f6003345ee5ff1c567da8af275cd404c10ee4faf8e17c0,71,False
aru-2-2016,1,928,RGI2000-v7.0-G-13-61852,1601ecd06ec897c07446624c1998167083c721e8b7022a0da918c0494f69b6db,72,False
aru-2-2016,1,928,RGI2000-v7.0-G-13-65809,161a3afcbcc2bcc2b3e26427cc6887d763b94496ae2179a26b4730e491ebf51b,73,False
aru-2-2016,1,928,RGI2000-v7.0-G-13-59466,162a34feb186dba3a0fb497c2a3c492c316910eceff03b4448bdeb50fbf059d4,74,False
aru-2-2016,1,928,RGI2000-v7.0-G-13-61544,1631942393c6ce8cb67278fe67135f4032338a288c086fc738a24434848cba8b,75,False
aru-2-2016,1,928,RGI2000-v7.0-G-13-66041,163456485766f0418846f8ba330aa6a74da674dadfef97349bef3f7836e87f97,76,False
aru-2-2016,1,928,RGI2000-v7.0-G-13-60983,166d3eee2a1207eec09cc5c5d361dff16c211df7d71167a201d85203c9d8dd25,77,False
aru-2-2016,1,928,RGI2000-v7.0-G-13-66124,167e89334068012cfb4dfbcdc8b3b6e4f4a0b0938a103e484abe76575e10d79d,78,False
aru-2-2016,1,928,RGI2000-v7.0-G-13-66373,16ca9a17ede9f64e7ca3918a03f6391ae7288b8b560741f1e8f43923091987eb,79,False
aru-2-2016,1,928,RGI2000-v7.0-G-13-65328,16ce9f3415c38ad315beeea11df4800b4811ccbf6d486175fadc1bc9d39ed7ba,80,False
aru-2-2016,1,928,RGI2000-v7.0-G-13-58536,16dbb6bacca16d418c8dd82de23cfea029c30e5ef467534fbeabde942519bce9,81,False
aru-2-2016,1,928,RGI2000-v7.0-G-13-61087,172f06bc6c540c1195d6bca892c17adbcacd2707cab6a4618291b31e511ceb72,82,False
aru-2-2016,1,928,RGI2000-v7.0-G-13-62360,1749e0d6781305403a28b159e2e462b7d853765e4bd2b8d4162b4b75b6c1fda8,83,False
aru-2-2016,1,928,RGI2000-v7.0-G-13-65086,176239abb1e62b5629b88fdc233bd0bf0fd899e35846cf685afcd15a1d00b340,84,False
aru-2-2016,1,928,RGI2000-v7.0-G-13-57161,1772438337cd2e875f522b36b5082f7995659db4b33d6be4100cdce4dedb83bb,85,False
aru-2-2016,1,928,RGI2000-v7.0-G-13-58896,1797401b7658c471b40a2872af2c0ce452521f15df8411e28cf5b4166804b6bb,86,False
aru-2-2016,1,928,RGI2000-v7.0-G-13-63646,17a324d5f2e1cd43be038b37feb43240d4d2dfe53bd6040baf7b3ee84bb7b76a,87,False
aru-2-2016,1,928,RGI2000-v7.0-G-13-61200,17e9da8626ebf08d3d64c5ec5461f5979f605d95fe69e373bcebc643ebf7eca0,88,False
aru-2-2016,1,928,RGI2000-v7.0-G-13-60595,182ce9826a701967f1eb9cd29bb99c7f1aa85d071475dbe587223373a82c5ff7,89,False
aru-2-2016,1,928,RGI2000-v7.0-G-13-61841,187e34df94f70348d6986e0d812a6795578bfd1623ec75fb0dbd3ffd25a08c33,90,False
aru-2-2016,1,928,RGI2000-v7.0-G-13-59277,18c36d5d2e563081db11ed85eec97a98f6795af03cae0a1b07f52c95c7a099b7,91,False
aru-2-2016,1,928,RGI2000-v7.0-G-13-65664,1977e9766eae53e56eb01e805e8eea42ad95aeaad197607980c2bf9b889a61a2,92,False
aru-2-2016,1,928,RGI2000-v7.0-G-13-61505,19a4b8f0e5a08bcbffb5619fb33d5692d8eb6b6028ff71b552bc690d038e37a4,93,False
aru-2-2016,1,928,RGI2000-v7.0-G-13-60945,19d977fc93760e0d26c466d44da5858d69b4484503f0a821f8d239b67b7a24a7,94,False
aru-2-2016,1,928,RGI2000-v7.0-G-13-65001,19de2751991d61703b6638dfab9efafe7323c0c382fd0fac7c901fbf124dada3,95,False
aru-2-2016,1,928,RGI2000-v7.0-G-13-64037,19e832696c8e2b79c32ca9b4daf8aee54aa6c463c6a98f3cb40179b641efe1b3,96,False
aru-2-2016,1,928,RGI2000-v7.0-G-13-58835,1a41e83537fb06fbb2be0314802eac8e64657bdea0c2e2138bc5932190a74f59,97,False
aru-2-2016,1,928,RGI2000-v7.0-G-13-65658,1a6a6afe2b4d87321509a7035e208d457e3e219447f5250ae19d3d044ddba558,98,False
aru-2-2016,1,928,RGI2000-v7.0-G-13-65440,1a8280473aa1ed2780e5c502f0a23756cd7a904536857006eb3fda56e6452bcf,99,False
aru-2-2016,1,928,RGI2000-v7.0-G-13-61711,1acb58110704e2b1e9539e4c85e67da053e6eed086b02f4c487d72542b9c7029,100,False
aru-2-2016,1,928,RGI2000-v7.0-G-13-61061,1b00bac697d2a9023d4f07e72b5416f15c13b0b1870cc0310654e9056669bf93,101,False
aru-2-2016,1,928,RGI2000-v7.0-G-13-63129,1b1585d0d2837c9b1c493bd13d4d9dcf0922b7ebf665e6985833e3c3bfa481a8,102,False
aru-2-2016,1,928,RGI2000-v7.0-G-13-57416,1b498d751eb157a4770109b5b20b4943a2d95321a5a3a4762694e5b90507906a,103,False
aru-2-2016,1,928,RGI2000-v7.0-G-13-57461,1b4be6c098818212f8a239decc4287ad296a6214969ffe6007a968f4c9c8e3fe,104,False
aru-2-2016,1,928,RGI2000-v7.0-G-13-61178,1b7948582490e85b2b030df73ee3c6a264330c8b0f72cc6e6f78ffb2e0335cdc,105,False
aru-2-2016,1,928,RGI2000-v7.0-G-13-59133,1b7c473225dbb1c69c3456a16d40d2ffd59b5b250c84b23e89b9524a0baf1c38,106,False
aru-2-2016,1,928,RGI2000-v7.0-G-13-57119,1b7d89d81f591d78189985aac4be582ed20b262e1e33bb83c062edb7cc8d7d9a,107,False
aru-2-2016,1,928,RGI2000-v7.0-G-13-59899,1badc8fdf4d305f21f997d2fabeca4e232e979239b787cdc9259c01373f8d5ae,108,False
aru-2-2016,1,928,RGI2000-v7.0-G-13-65257,1c2f361a6a0241c2452d6e0b92dff8d660a8bf8f6dbcb6f8185cb6c8e7af324d,109,False
aru-2-2016,1,928,RGI2000-v7.0-G-13-65644,1c48886aa2fe9c1945ae90b3b2fd95cdb7633b800eedbb064ad56c36ea7f1856,110,False
aru-2-2016,1,928,RGI2000-v7.0-G-13-59995,1cd8f63058dc741e171dffc4178f5d4a4d368e02d8b6e36d4ed9580b917ce4f6,111,False
aru-2-2016,1,928,RGI2000-v7.0-G-13-62203,1ce179d4947a49573d389b5bd3fde65aa8abf085eff670c0f3608ae8c488b726,112,False
aru-2-2016,1,928,RGI2000-v7.0-G-13-57399,1d0c49d2ccc0a1593aac93945a18de7faba8c7ea109c965fb82d4e5d70c75bd8,113,False
aru-2-2016,1,928,RGI2000-v7.0-G-13-66542,1d1b4092629cb43510fadbd8559dd857dbeedede85091accb1ebe3b77495a75f,114,False
aru-2-2016,1,928,RGI2000-v7.0-G-13-63287,1dd73670392afe728edd95ab82be5d3cb4a94a1fee8d5edebeb8602c494bf09d,115,False
aru-2-2016,1,928,RGI2000-v7.0-G-13-65762,1e189e484ad84d7c90a0247958bf9dc271c1752e855c7be6859a72267bd368b4,116,False
aru-2-2016,1,928,RGI2000-v7.0-G-13-64983,1e18f7e731c557a5a30111c8043dc35f80b12000ac5b557ee3fac56e5ecd5751,117,False
aru-2-2016,1,928,RGI2000-v7.0-G-13-57156,1ebd4d8e206567b564e7659f0719c2afdaa4e1294f6734dbd2618df398deaf42,118,False
aru-2-2016,1,928,RGI2000-v7.0-G-13-65987,1ed567c5204153784c53c67a2de19157bb813a35ef389209f217858ecb9be448,119,False
aru-2-2016,1,928,RGI2000-v7.0-G-13-58514,1eed41289f389b67ab17d522ed9d6716389a76baf30a7e854c12515846884205,120,False
aru-2-2016,1,928,RGI2000-v7.0-G-13-59987,1f722f68dff7494fd2f2b6a1f5d26a150a799e0c10390b2bcfcbf06884bb54f7,121,False
aru-2-2016,1,928,RGI2000-v7.0-G-13-62731,1f9a93bcba48468a540c1489ab1e7bda0e3a7418c11494dfe8b6c3e2dcf99bf2,122,False
aru-2-2016,1,928,RGI2000-v7.0-G-13-57252,1fb4d778a1c93b68fffcbc1a2868f12cb7b89b16c7995c751b80d824c338c52c,123,False
aru-2-2016,1,928,RGI2000-v7.0-G-13-60635,202d47f639876f1a2bed06d37581c81bc5da073c1113a914c614ec986bb1cbfc,124,False
aru-2-2016,1,928,RGI2000-v7.0-G-13-64162,209cdddfe3444e525f98b7dff34f8866981f45d513452ff62c77b73d9fd7526a,125,False
aru-2-2016,1,928,RGI2000-v7.0-G-13-65107,20d9b57d65807ddfbd6e0f86fd7e0912d3ea44c8b1ed05f5c359b083d276fe54,126,False
aru-2-2016,1,928,RGI2000-v7.0-G-13-60192,218ca69b39cb70db3d055493be72ca588be57194faaf3ea784b2f9e13b920377,127,False
aru-2-2016,1,928,RGI2000-v7.0-G-13-66032,21a91e94f3b5d2a387472d869edf8a0ab3fe3553809e93fc3c0349bc2fbbc1de,128,False
aru-2-2016,1,928,RGI2000-v7.0-G-13-67570,21fcdc5b32e55802b426bfd8c3733143c8f920b46c4f2c252c1237f893750230,129,False
aru-2-2016,1,928,RGI2000-v7.0-G-13-59139,2201381200ba391ac4b5646021cf359d0559a0d18a43cdb75874a795f6169c2f,130,False
aru-2-2016,1,928,RGI2000-v7.0-G-13-59219,22045c53c29641667aa6b4d9f9ce149270d5d1ae7a6c45e5b76bde50458c8c63,131,False
aru-2-2016,1,928,RGI2000-v7.0-G-13-60975,223dac9cdae977686bea8650c72a304cd39036142f305f00cf706160e4abe584,132,False
aru-2-2016,1,928,RGI2000-v7.0-G-13-61071,2256429451025dabd7e6db7b16ed2cd973eac6beb30014ab6b60ac57ac9c90d9,133,False
aru-2-2016,1,928,RGI2000-v7.0-G-13-58442,2275c212654cde26b80ac2d9d56b90a0b9f47965a81d4fc3eb130a0b2052eca2,134,False
aru-2-2016,1,928,RGI2000-v7.0-G-13-63110,22abeb9de97a53799bc09620f9a81c2990477261cfcd25a27c5c69b4f814cdbe,135,False
aru-2-2016,1,928,RGI2000-v7.0-G-13-60065,22b1d427748a5e2e0e9017de22093704e87fcc34dd52bee2ac210cd939512068,136,False
aru-2-2016,1,928,RGI2000-v7.0-G-13-58794,22cb1d9b9d0bd0b30373fed25e2b18e501c1df404721514a666b4942816561a2,137,False
aru-2-2016,1,928,RGI2000-v7.0-G-13-66723,22f76145970b43e020fe23c5012e55c9f5f95682076af2788b13e286939249c6,138,False
aru-2-2016,1,928,RGI2000-v7.0-G-13-64675,234b9af98b21f8b75170ec8ba436559ffe707202166abadd59a9e30c8357a2b5,139,False
aru-2-2016,1,928,RGI2000-v7.0-G-13-64305,23a56df7fcbd456d8007eadeae1b8aae2e5aa18e7bfe6d9723eb1a49e12d7b47,140,False
aru-2-2016,1,928,RGI2000-v7.0-G-13-60893,23a5e6538f8170083b1f6b0842bf92847c28f8c4a5a9372801a184c25a8bb789,141,False
aru-2-2016,1,928,RGI2000-v7.0-G-13-66468,242d3220c4b42523f08d648425bfe86066eea2bb7cb148b3b49ee93022374978,142,False
aru-2-2016,1,928,RGI2000-v7.0-G-13-65611,2435f02d4d10e60b0e4b654c32d165aea9699b8e35dd358f7f4d3d90dec4a195,143,False
aru-2-2016,1,928,RGI2000-v7.0-G-13-68021,2466fdc3085b83f619957520202ee5a0c4328206e57f30a6cb6466e279bd29d9,144,False
aru-2-2016,1,928,RGI2000-v7.0-G-13-59100,249700fdb55a288ebc601aab787276a34bbaa62133e2e854478d89f683cd4ece,145,False
aru-2-2016,1,928,RGI2000-v7.0-G-13-63832,24b6010964ad056be76b47c56130b99ce96bdd633b28be48b2f8d3bec32bfb8c,146,False
aru-2-2016,1,928,RGI2000-v7.0-G-13-61748,25d6d20017b212d332aa12f8dd5be24a238cebcd0796858c0d9d1b7e2be2a56c,147,False
aru-2-2016,1,928,RGI2000-v7.0-G-13-63008,2652b247e37330ad90b391f705b17c0aff1a34e1819326dc9f5874d1f07ce324,148,False
aru-2-2016,1,928,RGI2000-v7.0-G-13-57093,26608bfd57d3e926aec6a2563d889f4ca5ac7b63c20fbca9a706332ac5300313,149,False
aru-2-2016,1,928,RGI2000-v7.0-G-13-58827,26a5c2dcbf20fa8241298d9a34e5fabad21b358af6c5d08bed13046c153948a4,150,False
aru-2-2016,1,928,RGI2000-v7.0-G-13-65859,26ddbfc9732fdce525912d63599e8be012cc2ed108f2448d39b6c5a46f4807a7,151,False
aru-2-2016,1,928,RGI2000-v7.0-G-13-59155,27131a1af9818b451a974c9c885f504b9f64626631bcbad814d2537bfd86260c,152,False
aru-2-2016,1,928,RGI2000-v7.0-G-13-62245,278bffbee2d66c912fe11570259aaa5e3dbb42a5344645382cc42ceac7908383,153,False
aru-2-2016,1,928,RGI2000-v7.0-G-13-64101,27fa6f1f10ee4db9a4b32b3d1557787837b0f0f89fa29608263c45d1bc3fedb6,154,False
aru-2-2016,1,928,RGI2000-v7.0-G-13-58590,287b8d57460101687087ac018bed5ddd74392ae1a50a2cedf967c6b7499ef33a,155,False
aru-2-2016,1,928,RGI2000-v7.0-G-13-65455,28a9321cf9d29ba2a61929573b9b34842837ea965e5637acd8f442acfc4b9174,156,False
aru-2-2016,1,928,RGI2000-v7.0-G-13-60022,28f5339e231433b2ff06d203db8605de68ef1a27e93a40f5e21edacd5449049f,157,False
aru-2-2016,1,928,RGI2000-v7.0-G-13-65910,28fd602fbb9e25372e9afdc450eae13f963dd15a3de5c4474bb0f8f3947dea18,158,False
aru-2-2016,1,928,RGI2000-v7.0-G-13-66068,2905f7ffb952736a14745b1171c55e4200782e58aca027e12f6cd3dbb75933d4,159,False
aru-2-2016,1,928,RGI2000-v7.0-G-13-66125,293e45cd946b70d17c6ee8d6b14e7fde9a050c10b5ffee0a682910514a9b4e97,160,False
aru-2-2016,1,928,RGI2000-v7.0-G-13-58335,2947d77d7f3bc30a0103f567c1e94fa51f557b214742a8b6ca8e933cca5cbb82,161,False
aru-2-2016,1,928,RGI2000-v7.0-G-13-64979,294891afb5c374d04c81838781612177032e073b90d3ce44257e9a219ecd1e3a,162,False
aru-2-2016,1,928,RGI2000-v7.0-G-13-62693,297048ed2dc7d50a2a0abb54853d50b7b9eb6adc771f0b8be699e0f06abb4ef2,163,False
aru-2-2016,1,928,RGI2000-v7.0-G-13-59892,2a5075fc5ad28444ffce76e5ffac3d33eec8ecd462d77d66f264b41bebd56d75,164,False
aru-2-2016,1,928,RGI2000-v7.0-G-13-57413,2a6a5dcfb4a873d08ee36938330d8b7a98db5865c8a6c9ce63d6f5fef74d8c88,165,False
aru-2-2016,1,928,RGI2000-v7.0-G-13-67618,2a79584c5a8aa63b15916de1a7da504fb3f82e1cc232234ff958be96dbe5c262,166,False
aru-2-2016,1,928,RGI2000-v7.0-G-13-65567,2a796ea5cafccf1c4f73b6d5600de582c0a71949c55f474613afa7d336675291,167,False
aru-2-2016,1,928,RGI2000-v7.0-G-13-58772,2acd380541a821bee731e6bf94f3723ed6c9522b3c8bfe495da320919c2207e7,168,False
aru-2-2016,1,928,RGI2000-v7.0-G-13-61616,2ad462f554f770c452469869ce14df86cb5c9c02ab2afb264f5fac25ecbb5fb1,169,False
aru-2-2016,1,928,RGI2000-v7.0-G-13-66227,2c3788b56209d2f9045875e3751c7666c8dd62ad6bef344ce1ecfa060b3c0691,170,False
aru-2-2016,1,928,RGI2000-v7.0-G-13-65692,2cde9c68ec48a1cba76a740095d5db288c2c0f8a8963c343ff779a0457e32280,171,False
aru-2-2016,1,928,RGI2000-v7.0-G-13-65159,2cee45747dbdb23dc03ecc41f20f43964f313112e320d644079a8bbce710d690,172,False
aru-2-2016,1,928,RGI2000-v7.0-G-13-63300,2d42725b8a37af2910c1898e52a92209085e9434614a17d2f9293854ac558205,173,False
aru-2-2016,1,928,RGI2000-v7.0-G-13-66678,2da2877946ae65bf88aa918efdf69a6d0fcda252b063ec1f79bd6cda07576081,174,False
aru-2-2016,1,928,RGI2000-v7.0-G-13-65735,2db1a4c91615a228613389dc3b3ab21bcdef3cf1830d0eaaf010e6c845d04561,175,False
aru-2-2016,1,928,RGI2000-v7.0-G-13-65733,2e33955f1eba54524e328026e21c3859772e4e948fd6734deb952079101d2086,176,False
aru-2-2016,1,928,RGI2000-v7.0-G-13-66372,2f16f589eb1c6d5655ca4bf51df5fa1b4f4596c33021ba62c7531a05c507f3c6,177,False
aru-2-2016,1,928,RGI2000-v7.0-G-13-67617,2f592cca58a9b59fc0756de8334504875b31f4ee7bfe6528eaf0b71f89d7a2f6,178,False
aru-2-2016,1,928,RGI2000-v7.0-G-13-59497,2fa234cb159025de25436ceb03b533da05dd72d4d2631becb6d5b3c210b2e7d4,179,False
aru-2-2016,1,928,RGI2000-v7.0-G-13-64833,2fcbc15300fdad2323db47654da13f83126e88fdc65241db3263af453b435bec,180,False
aru-2-2016,1,928,RGI2000-v7.0-G-13-62363,2fd32b5c49b9e0d4eeca9fbc6e00da9936db9f153c912997c905fea2dc1b9410,181,False
aru-2-2016,1,928,RGI2000-v7.0-G-13-63101,2fd7a381c9c06248eba637d94edd6de75a767e12da019046e96699a7239e57df,182,False
aru-2-2016,1,928,RGI2000-v7.0-G-13-66212,303df2fa7475b2c50579faa764e4de0019e232123f192946b6ea9705fc90309c,183,False
aru-2-2016,1,928,RGI2000-v7.0-G-13-63443,30538d8d3fa72f00bce0ee5c6720c0182efda4cd786ecc6ffe0f55a715c8d379,184,False
aru-2-2016,1,928,RGI2000-v7.0-G-13-57371,307fe11953d53c40ffbb13923597fcdc8ebf449ca188898171148cd1ba7df5a4,185,False
aru-2-2016,1,928,RGI2000-v7.0-G-13-59838,30d7178a4a41c3938bdb418af9cb6b72fcc9aea06945d653854153c9b56adfd5,186,False
aru-2-2016,1,928,RGI2000-v7.0-G-13-59678,30e25497222f366b0bc1a47e3a7cd4340d9d47537fd042d5ec9a9810c8be5f9f,187,False
aru-2-2016,1,928,RGI2000-v7.0-G-13-65249,312586df1eb77d50506b9ad086bb6d3195b8015def2a5e6514fb65ea8b969e09,188,False
aru-2-2016,1,928,RGI2000-v7.0-G-13-64143,3168f135526cd5cac643357b61a6c108951f0e018981414d4ba94372dff5baff,189,False
aru-2-2016,1,928,RGI2000-v7.0-G-13-64351,31af9f97ab94dc5409eb4044ff5232fb9c881596eb04c565d4eb0471e87d2a06,190,False
aru-2-2016,1,928,RGI2000-v7.0-G-13-59973,31e2a891e79630cd03c3393c222c1069d19585f3a0a0d49ef4abf33257a5682f,191,False
aru-2-2016,1,928,RGI2000-v7.0-G-13-60383,31f2bf239ed2b80be0dd3c75611093b5a5aeeb431b3233432427c8696e063411,192,False
aru-2-2016,1,928,RGI2000-v7.0-G-13-62745,323a8c38598ac357172e880016601695d9df9420e63e4d91650ce5c5bb35c907,193,False
aru-2-2016,1,928,RGI2000-v7.0-G-13-63792,32507224c4fe140e909052c4317982013b5ed74f3ceacd10e1b72d0c24e9d64b,194,False
aru-2-2016,1,928,RGI2000-v7.0-G-13-63668,327b06b9b2277ba184ffc94c812e8b53a4e46b0e2998d7db5c7fbfb90472d44f,195,False
aru-2-2016,1,928,RGI2000-v7.0-G-13-58676,32abc991a89c5063aa82adedfffd61d7ae7dd08f8839c0254caac2e7da694072,196,False
aru-2-2016,1,928,RGI2000-v7.0-G-13-63694,32c0ba84a42ffd8a454d1759922a4d2f2bd6ef233ebb73f1131a5697fae90c00,197,False
aru-2-2016,1,928,RGI2000-v7.0-G-13-59799,32c3dacdc7318babfe89ed28599f723bb3a4b156ef15ac7c0004bcd51f1db145,198,False
aru-2-2016,1,928,RGI2000-v7.0-G-13-65002,32e5aab1261a0d2f1493aa949bc6fc94fc7b8d2f22d8a2a8632b6fd30ca412bb,199,False
aru-2-2016,1,928,RGI2000-v7.0-G-13-61222,32e9ec6eb1fc25bbf65e5f28f1cee4601bafa34e9520bbb49676b3937f475921,200,False
aru-2-2016,1,928,RGI2000-v7.0-G-13-64824,32fb0e9aacf8d7061d53e3d1450d06bdedfc005293748f027f579662d492190b,201,False
aru-2-2016,1,928,RGI2000-v7.0-G-13-66839,3437ce6bb048d24467bffa6a974d88f9aafc24ce836b15cbe88b6a35a477b1ff,202,False
aru-2-2016,1,928,RGI2000-v7.0-G-13-66929,35037254b8a4d3005e8db6b336245a006cbcbd89d71c19b25a4fcdcefcd29e02,203,False
aru-2-2016,1,928,RGI2000-v7.0-G-13-65429,357ab721eed25a778eb3d1a2c9480121d291422b5319ba898e947f64a1c28bfd,204,False
aru-2-2016,1,928,RGI2000-v7.0-G-13-66222,35b61efaf2d7fdf63e5f5de8cfb7bcc2dffc58a392add940060c8a9850349f95,205,False
aru-2-2016,1,928,RGI2000-v7.0-G-13-66296,35bb2d7b460c28181168da2f2df5cc0bcb24f114be9ae1011e439fd89742d043,206,False
aru-2-2016,1,928,RGI2000-v7.0-G-13-65913,361f5ea534303500da117418453b087f23cd4dde09eca3db18162206284fb16f,207,False
aru-2-2016,1,928,RGI2000-v7.0-G-13-66936,3645ba6c97d3f043aaed1d40886ac107674472d3a9d3fe0bc4e9c4d923e5aab0,208,False
aru-2-2016,1,928,RGI2000-v7.0-G-13-64356,36eb533f3ddcdcfa567db954af6822cf44456d1d8e039c7b226e5feca107bcd2,209,False
aru-2-2016,1,928,RGI2000-v7.0-G-13-60391,37168f71b4afd1021f08427f4c0df165c4dc0a64e5b442706b6ceaff5be9dc4a,210,False
aru-2-2016,1,928,RGI2000-v7.0-G-13-66268,374e3d3e91a31943d009401905992165f0b6a5a10086892473700230f0ddedeb,211,False
aru-2-2016,1,928,RGI2000-v7.0-G-13-66560,375759f1e114751e68cb4372d04a579b2f0206292dc7e16ccd9e6cb4d0ead4b7,212,False
aru-2-2016,1,928,RGI2000-v7.0-G-13-66526,37a85f79d75c9059171297d8eda0662ee559acb90a7d7652ca9c50a98bda1552,213,False
aru-2-2016,1,928,RGI2000-v7.0-G-13-59842,381d1df5ab640b6af135df9e3ce68ab2021c75b663a14e3d308c596e0a930408,214,False
aru-2-2016,1,928,RGI2000-v7.0-G-13-60695,38454218eda0893b6198a8039b0be5288bf57ba7a94aa71824b123b8c6c0a994,215,False
aru-2-2016,1,928,RGI2000-v7.0-G-13-58793,3a76ee5c51ba14d7cb1911678eaf5179bfb473377fb8812110911c4d5f5b8308,216,False
aru-2-2016,1,928,RGI2000-v7.0-G-13-65810,3ac3c6e81261711211b432ec962d4990d12ad450cada5e25c72e037ca0aa80b5,217,False
aru-2-2016,1,928,RGI2000-v7.0-G-13-60915,3b0a44bd3d2d8a72290083ded951852f8f0b9b910d0f6f913f71d0044821fbea,218,False
aru-2-2016,1,928,RGI2000-v7.0-G-13-66431,3b5d52fc151f8ca6d6bd6375625641d792a1d8cfa01ac46f2ebe18e7a6455e34,219,False
aru-2-2016,1,928,RGI2000-v7.0-G-13-60103,3b8426558655c1fb8d6d51c33b9c61336aa2caf511107aa1a12f77f7620ac480,220,False
aru-2-2016,1,928,RGI2000-v7.0-G-13-62173,3badd4eaa861f14573c5d4209518e56af74038cc96a8c2550e5131b70d1eacad,221,False
aru-2-2016,1,928,RGI2000-v7.0-G-13-64151,3bd5f176294b6c36c53c4e71ab2b270bcf73ebcd6200bdf936ed09e149bd5ba6,222,False
aru-2-2016,1,928,RGI2000-v7.0-G-13-62378,3bdd66009b6bbc78950b555fb4288453bc3605561e10337fd07740318892d17b,223,False
aru-2-2016,1,928,RGI2000-v7.0-G-13-58685,3c7a3d759acca6108fcf62ac98e349af517c1a09ecce8f34e49d483fdc1bbe64,224,False
aru-2-2016,1,928,RGI2000-v7.0-G-13-62174,3d0945b180067598d3923726a51b7b1d8cbafa8ec2ed59d3fdc5a705726dd575,225,False
aru-2-2016,1,928,RGI2000-v7.0-G-13-60542,3d6bf0e82189d583da343abe2367504b3cde0fb7b454cda98d6b41efdad04f69,226,False
aru-2-2016,1,928,RGI2000-v7.0-G-13-61797,3dd6a3d61779ed12bdef2139ec7b688347fbe490ad97b5726723ddb7a8d6ccfe,227,False
aru-2-2016,1,928,RGI2000-v7.0-G-13-59833,3e11123c508759a7ad51c70f8ce706799ce5e384164b4dea5f279b6414afa6e5,228,False
aru-2-2016,1,928,RGI2000-v7.0-G-13-57497,3e42d78f3482b9e1491e92fda3f58b2f158dfb9627c302333d8b95567f322bc2,229,False
aru-2-2016,1,928,RGI2000-v7.0-G-13-57453,3e8b7afa9e79e260f6dffa8cd7d19d9a5f6bf60aa8760f1a8ebd8ffe12b65560,230,False
aru-2-2016,1,928,RGI2000-v7.0-G-13-63361,3ea8249764590e60455248d761ec16842a14db8eb5587a15077226fb215b4654,231,False
aru-2-2016,1,928,RGI2000-v7.0-G-13-67261,3ec3b7ffcfad69b1cc2065a63f6febfaabe940b0420fe6daf99bb9449f30a6fc,232,False
aru-2-2016,1,928,RGI2000-v7.0-G-13-59016,3ec4f127c25b79dd33e2af3546365e4eed78c03ea675dfbc7f591a6337cf37f8,233,False
aru-2-2016,1,928,RGI2000-v7.0-G-13-64353,3ec622a1f607c4d3b99dfe12fdf3a9e7a8d677f97841ad26b5a93385692af122,234,False
aru-2-2016,1,928,RGI2000-v7.0-G-13-66763,3ecf544abe9384a129d5116783a8025fdaf7b99a10607596306f76f409e506c9,235,False
aru-2-2016,1,928,RGI2000-v7.0-G-13-59152,3f3280d924925e0321814038167e379c2c413d0c8198488f4c0e14fe82dd49fc,236,False
aru-2-2016,1,928,RGI2000-v7.0-G-13-58866,3f383f106ed6f36a0615229c3997d75079b1142118970822a5f1dc00f72fa9c0,237,False
aru-2-2016,1,928,RGI2000-v7.0-G-13-60226,3f4581830d20cdbaa0e1b3fe21d8d3577e71c1f13a881bdb09d9b101c87ca250,238,False
aru-2-2016,1,928,RGI2000-v7.0-G-13-59877,3f9e8efa62d415866e2ac7cbbb747ae86417504a27e958e1eceabdcb6d07c6cb,239,False
aru-2-2016,1,928,RGI2000-v7.0-G-13-65578,3fe94ba0b8e466f9530721d4f3b4d0ed097edcc35fab24d363c689756691083f,240,False
aru-2-2016,1,928,RGI2000-v7.0-G-13-61973,3ff831b93b6113d1e858ff2f9ef617c5cb252dab5440a7e96ef0e836d0b3d35e,241,False
aru-2-2016,1,928,RGI2000-v7.0-G-13-65080,403c0399ded3ebf3b160d237c982fa684d3225e3be840cd47a12516682860809,242,False
aru-2-2016,1,928,RGI2000-v7.0-G-13-66614,405c772f0be28db54bc2b9569bf22994562ce34efabb3065e930c2760ebde03e,243,False
aru-2-2016,1,928,RGI2000-v7.0-G-13-64398,408be640eca416ea538289210af967e37f455011e113ac4a2cbf7b9a57af8d8e,244,False
aru-2-2016,1,928,RGI2000-v7.0-G-13-61645,40c71f9a5f46b7cbc5e2e2485589d427abaad2d4f923bd80a721f6f90fc8a6a9,245,False
aru-2-2016,1,928,RGI2000-v7.0-G-13-66418,40dc6d758d0941f13c630312fbe78f6ef8ed36dc64c0551b5869c854c6ffd2b0,246,False
aru-2-2016,1,928,RGI2000-v7.0-G-13-65424,4185f1d2242941faee224e253db1db97a10c3b9989e1853ef2682bbf7b544210,247,False
aru-2-2016,1,928,RGI2000-v7.0-G-13-58177,41b0e7622482025a627946d251702aff0d2f72b6cdf39593d30d142b71c97f10,248,False
aru-2-2016,1,928,RGI2000-v7.0-G-13-58181,41f12a4d858190bf484603d750dc8ed50804bab51cb3af4af9c21ac9879a2e18,249,False
aru-2-2016,1,928,RGI2000-v7.0-G-13-59905,425310ef5147bae811940fd62237947be111102ab65bd5706240066772050121,250,False
aru-2-2016,1,928,RGI2000-v7.0-G-13-61080,425c7c65b94705721d73f2fcceff9c828ce69f47aa99f2e48e0ed17761baf82e,251,False
aru-2-2016,1,928,RGI2000-v7.0-G-13-58351,427a1ebc815fb582ef3e5c5bd732acbdc320943ec7dfef883fb025f17b510359,252,False
aru-2-2016,1,928,RGI2000-v7.0-G-13-59173,42f329e49b370d617d004f14c2aff82569bcdf82612d40cb2a5622fb44b574e0,253,False
aru-2-2016,1,928,RGI2000-v7.0-G-13-58425,43bff02e3cb786530aac8a0a9f2bb02cb18703d52f68757898df3c52b7fab04e,254,False
aru-2-2016,1,928,RGI2000-v7.0-G-13-66787,43dfe1744e2f1e73503b1714c0c3a58d3e671dd07f67c0e592b0b90016cb81dd,255,False
aru-2-2016,1,928,RGI2000-v7.0-G-13-66770,44062060337e83203297a11e19423783d8288cfcbc5ff2cf7809a92c793a9fcb,256,False
aru-2-2016,1,928,RGI2000-v7.0-G-13-63993,44a55e0184f9614241705dee541029ba231d4ef2d32e86ecff8b0f5d83460eab,257,False
aru-2-2016,1,928,RGI2000-v7.0-G-13-66173,44aeee3d1be39a4e8e516e2e271de5c1a98c7c9e3e1af3d61340ecf3fe6a3d29,258,False
aru-2-2016,1,928,RGI2000-v7.0-G-13-64638,44b64a099c8385cb28e2196d7de6901ee569dadcc59a84fd102fc06c68a324b2,259,False
aru-2-2016,1,928,RGI2000-v7.0-G-13-67278,45f7ccfb4c6757493456f51c203a941e525a2ee33f2baf677c17c52f3a53b8f1,260,False
aru-2-2016,1,928,RGI2000-v7.0-G-13-66655,46140d0ce3377983212f96744469b8770c98c72cd8edab6e61b9f52f879be983,261,False
aru-2-2016,1,928,RGI2000-v7.0-G-13-59535,46aab603b04ce960dfb2cbb74b9d05d39ee38e514ba43c4ada12c26cad58c92c,262,False
aru-2-2016,1,928,RGI2000-v7.0-G-13-58179,46c277ed390d9b6d8e8238bdd6e153f53d5fcb7e49730f1c28cd6b6006418048,263,False
aru-2-2016,1,928,RGI2000-v7.0-G-13-64778,46f00b51690c5e16f36507e2971046eec2cbf5c874e16bd3b0a3dcd50bae98d0,264,False
aru-2-2016,1,928,RGI2000-v7.0-G-13-60067,477fb54f1902382d63c5435099c6088430301e8dcf2fb4d76cbd0b600099a1c1,265,False
aru-2-2016,1,928,RGI2000-v7.0-G-13-67254,47925711bd5c33e0fca4864f1d01bc75b86362c5102b50eee84228f82d6fb29f,266,False
aru-2-2016,1,928,RGI2000-v7.0-G-13-68038,47f0e8bc2583fef57b366897397e5de17b4ddc2d0ef92b1431764d61021cda42,267,False
aru-2-2016,1,928,RGI2000-v7.0-G-13-64568,4883fe986e1e294c24f24025ef139bcb0a7c455145c3b13b5963a4b7366d211b,268,False
aru-2-2016,1,928,RGI2000-v7.0-G-13-58638,4894afb677e9c70731a16c2fbde06828ed56cd2b1333522161cec902730b2ada,269,False
aru-2-2016,1,928,RGI2000-v7.0-G-13-60786,48a563fbe623a4aa432d3a3918cd2b58622d7a1d8dd094149c28d415f181e55c,270,False
aru-2-2016,1,928,RGI2000-v7.0-G-13-61073,48fe8b50de50a5b3f31001f44bf50ad6bc2794b64bfa3cd50681c77f1045a3ef,271,False
aru-2-2016,1,928,RGI2000-v7.0-G-13-58209,4a4090f1e2a667127bb844dcdea00b531a6266cc3fa663d66e2035d12482c52c,272,False
aru-2-2016,1,928,RGI2000-v7.0-G-13-62270,4a57603e84ef183d048bae7d47fc33306331a8792cd8bd83fe7bc183333c1088,273,False
aru-2-2016,1,928,RGI2000-v7.0-G-13-63526,4a81dbb9c8fbd2848bc82a1725dfa610effb1cb910733b4bcc83b18d79ecce5b,274,False
aru-2-2016,1,928,RGI2000-v7.0-G-13-62361,4abb89f671da81301766c66c048b3aa975739618d75496ed070c5941bd4e8f63,275,False
aru-2-2016,1,928,RGI2000-v7.0-G-13-66082,4babd25d0a97ce4e3e9629b342153683c41c14fd498cc6df309e1d6801540d83,276,False
aru-2-2016,1,928,RGI2000-v7.0-G-13-66603,4be245190a339f836808d311baaaf3e021c0b58999b7124958f33a6b9adca2dd,277,False
aru-2-2016,1,928,RGI2000-v7.0-G-13-63304,4c713c108e064dd2d67e90ecb1766847678dc72988a68564ca9751549acd3c2e,278,False
aru-2-2016,1,928,RGI2000-v7.0-G-13-58462,4d3f664e67b8d17c80b4892c61dabe74f0d95f1d0e03ead46d355fc8a53c6d93,279,False
aru-2-2016,1,928,RGI2000-v7.0-G-13-67249,4d500254f33458bfa03838afecd46809529755de0a322d8c436a6be7f728d521,280,False
aru-2-2016,1,928,RGI2000-v7.0-G-13-67674,4d6599d532363c025a2aa7aa03bb87cdecba3d8ffdfc2ba6d3700ad4c8a65829,281,False
aru-2-2016,1,928,RGI2000-v7.0-G-13-57191,4e1d9cdb5be06504cfa9b118e18435c639a53eda845d7e6787047674c010614b,282,False
aru-2-2016,1,928,RGI2000-v7.0-G-13-65283,4e3c01b14767acaa4a097e5ab3001e250accbe67b16ce1f182e9d84c6f5722e4,283,False
aru-2-2016,1,928,RGI2000-v7.0-G-13-66047,4e9956acaa9d7371378b379a4d70c8c3c9f7b38ece0005eb3ea4e4bc27e84cfc,284,False
aru-2-2016,1,928,RGI2000-v7.0-G-13-63555,4eebeff3fec8c7785f348aa8ed783f1cfe0f9217c87c31687e4721fe3d7ca4f9,285,False
aru-2-2016,1,928,RGI2000-v7.0-G-13-59840,4f52f9367e4f8136d33431b133cc3235b0d572d77703361af76fb21de4ca475d,286,False
aru-2-2016,1,928,RGI2000-v7.0-G-13-64377,4f7fc89a1aa028e64ed387e58d921e9a38cd7136fffa3d412eec5ca45709fb92,287,False
aru-2-2016,1,928,RGI2000-v7.0-G-13-60605,4fa71d6f17ebc090260fe10a7b1651bb14a90a56762060b0d7a18eccadfb0bd7,288,False
aru-2-2016,1,928,RGI2000-v7.0-G-13-64334,5010dfa6ad2a2ac036f80d53727e0f3591b8cd260e51053c5084cede487c88d9,289,False
aru-2-2016,1,928,RGI2000-v7.0-G-13-63158,506ce5b56e3f927e628c9d2d1a108164bd3bce752ab0384e544144852e172818,290,False
aru-2-2016,1,928,RGI2000-v7.0-G-13-65682,5152fba7e50d75f688c01c6ba56ddeabca65efc79a6238ad0bcbc72570733a0c,291,False
aru-2-2016,1,928,RGI2000-v7.0-G-13-60092,52397acacbcbf5cce0fcad8145d0c7de89ee7174f10810c815db63a630ccaef2,292,False
aru-2-2016,1,928,RGI2000-v7.0-G-13-62703,5257453ca188537312b50b77832e93a9639bd51b294ab0465eb2a35adad9421f,293,False
aru-2-2016,1,928,RGI2000-v7.0-G-13-62692,52762ecf6d41c01fc78e5003181499e4f9b7a9555833455b0bbc4770b798ea88,294,False
aru-2-2016,1,928,RGI2000-v7.0-G-13-61641,52859a4473f69e3dbcda9149f92e04c52d6a1b48ec2212f998023b4f58b2dab9,295,False
aru-2-2016,1,928,RGI2000-v7.0-G-13-68017,52986a53cda5cb47338de6cd6973dd1b1e14b9ce84248976717730fa7d7c18ce,296,False
aru-2-2016,1,928,RGI2000-v7.0-G-13-66570,52ac49bd4e18fe8a93e2a44a4d798fc27468bf80d2210a951ca2e3fae102a9ee,297,False
aru-2-2016,1,928,RGI2000-v7.0-G-13-59339,52b7ef7919fced0816a48382ea308b178881abfab336864aef01b70fce000cd2,298,False
aru-2-2016,1,928,RGI2000-v7.0-G-13-62709,5311dc2bc1730eb9b8b242b6bf29de23771dbb36419cb722a4612b19bf34a382,299,False
aru-2-2016,1,928,RGI2000-v7.0-G-13-66561,539894fb33023e563d2a41aec60289deea9fb532b73774d10df2b292dfbe0228,300,False
aru-2-2016,1,928,RGI2000-v7.0-G-13-59970,53a681ec222da6e9ec86614c020b6c1eb039a9b40c166ddfb5fbab2883277243,301,False
aru-2-2016,1,928,RGI2000-v7.0-G-13-60315,53ae0df56e6b8ba915056df03af032050f9f8547040b349b8f3621785ecaa3ad,302,False
aru-2-2016,1,928,RGI2000-v7.0-G-13-58983,53d98ca8c65b388c7bed7f092e19c22ed62830382d7cdbd534dd27570380e965,303,False
aru-2-2016,1,928,RGI2000-v7.0-G-13-66450,5404e7c163712ef8acddf99059d1d3574e35235e180431bfb99d382126d4c3fa,304,False
aru-2-2016,1,928,RGI2000-v7.0-G-13-59944,54270f22df0559c3b57682eea831a2a10794e8287d496be82c32456bea824642,305,False
aru-2-2016,1,928,RGI2000-v7.0-G-13-66248,547b3a7915ebf418457a7e44daef9ff5b1c282ca546db6bcd887859b52217128,306,False
aru-2-2016,1,928,RGI2000-v7.0-G-13-61672,5489aa1c2cad186037616914ab2d32126c32a08d60cbc2cbff6a3bc05cded059,307,False
aru-2-2016,1,928,RGI2000-v7.0-G-13-58796,54bac13557e570b360fb4772c088f217f86bf4f27851e31ecdaa8e473879572a,308,False
aru-2-2016,1,928,RGI2000-v7.0-G-13-59177,54d11983d681851762df8062d80676620d13eceb9c29fba4f76ffd68225e8676,309,False
aru-2-2016,1,928,RGI2000-v7.0-G-13-59867,54e3a6ffeff9cadee50e56e381bbc16d6110fd2ba58ba2593b98248bab5f74a0,310,False
aru-2-2016,1,928,RGI2000-v7.0-G-13-66756,5517ace87b0f81ecaa7594b55e1e9d4e5dd401b616777362ee377eb2fd781055,311,False
aru-2-2016,1,928,RGI2000-v7.0-G-13-62865,55423e593ee3d070212114c1c91fa9c8e01d1ccf6c94ba1874f084390e599142,312,False
aru-2-2016,1,928,RGI2000-v7.0-G-13-67273,5542eb77c2adbe0b6f711111addb68c8b7eb3f995bb40750528f77e4d27740ab,313,False
aru-2-2016,1,928,RGI2000-v7.0-G-13-58674,5583c5a91a27eb96ce6fb9dc101a25492ece3723d4e7f3ab4cab26fde32e4347,314,False
aru-2-2016,1,928,RGI2000-v7.0-G-13-64117,55975e233b2ad0a9114ee0776a8a87ec7173cfe1ce14d3004db8b7161b00f26b,315,False
aru-2-2016,1,928,RGI2000-v7.0-G-13-67352,55e6091ee9d09b38b02606105704a76460c6a6f3e37eb6fa34193a143fd9497a,316,False
aru-2-2016,1,928,RGI2000-v7.0-G-13-62694,55e89a6a05a3b5421c0bb2b3cb637201c86ca69a615ef6fe6b6bebcaa40aa45d,317,False
aru-2-2016,1,928,RGI2000-v7.0-G-13-58869,55f877320a296939a8d5a8d05267b669e49a089774c8d6faaecf0a9560b47bec,318,False
aru-2-2016,1,928,RGI2000-v7.0-G-13-65416,561f2b98a34354483fb6473f3ef228feed38750b57fcd61946d99888bd007ec3,319,False
aru-2-2016,1,928,RGI2000-v7.0-G-13-67698,56db5a94372bde353695348eec7c01d73b48f6c11f1695330225f2fbe09cd9ed,320,False
aru-2-2016,1,928,RGI2000-v7.0-G-13-59812,57dac55b8cc2649c4082244465e5b65c3fecda5248607c95dfe90a3ef0b4a9be,321,False
aru-2-2016,1,928,RGI2000-v7.0-G-13-62676,5880c71de9b224c8a060269f5a2cca0426913a8494bcd661e958d1aefb25ad42,322,False
aru-2-2016,1,928,RGI2000-v7.0-G-13-64933,58bf687f86a191dbf43e0e08fcefac95bfdcc2f7cf31159f476519e97b258780,323,False
aru-2-2016,1,928,RGI2000-v7.0-G-13-63302,58d02a39299a5071fc718454d4995b76cdd2f80a82a1e6721fbfc056813cbae1,324,False
aru-2-2016,1,928,RGI2000-v7.0-G-13-67626,58de86e3cd082d552bedad76cc226dc78e90cf656767703cde897eff684f273c,325,False
aru-2-2016,1,928,RGI2000-v7.0-G-13-66093,58f02be0b7795dbd89a0c347028ace66d63330c49ab8e959d97c671749a5c20d,326,False
aru-2-2016,1,928,RGI2000-v7.0-G-13-62866,5949d71ecaba6ede7f6097583598f827ef098a8b17a00b5e73d60a95e2c5ec2b,327,False
aru-2-2016,1,928,RGI2000-v7.0-G-13-67167,594b2691e10f4fa907364520771383aa22065fa5187eea4b1fbe4ed2114df5f8,328,False
aru-2-2016,1,928,RGI2000-v7.0-G-13-67621,5968a55d37a08eaec1544ff97fd77e08c5735eed95eb34b4a2f3ce1258427461,329,False
aru-2-2016,1,928,RGI2000-v7.0-G-13-61714,59b38e1707e8574dc86da25e3f8b500f19fc353a3218fee95575dc447063ed4d,330,False
aru-2-2016,1,928,RGI2000-v7.0-G-13-61526,59c62de2552247985e4ec2d9ecd9b454eb3c419d6aae646aec0951abf34c40ec,331,False
aru-2-2016,1,928,RGI2000-v7.0-G-13-65464,59e780c95a18f5e9e900c4d006a67fd63b84721526780fe79e9a78993fe3bcc0,332,False
aru-2-2016,1,928,RGI2000-v7.0-G-13-66303,59efc6a69b16155e83170b47c53d1ce7d4abdb68c7ac7f24b551140a2397e819,333,False
aru-2-2016,1,928,RGI2000-v7.0-G-13-66819,5a11fe7604cf0a7fdc6f6f537257860152ad9e2c4b31fa58c16746c52c952493,334,False
aru-2-2016,1,928,RGI2000-v7.0-G-13-61614,5a3508cd7054e78653fd59048735924f6ef19ee6ab3c6b412cea6e61f351953f,335,False
aru-2-2016,1,928,RGI2000-v7.0-G-13-60130,5a3bea571a2b59a0b9984fcbd7b90f8b278a7fa869a4e140e569484f5e642021,336,False
aru-2-2016,1,928,RGI2000-v7.0-G-13-67228,5a48d94e3a352507307ad948c9d6802f14dde711921d213150cdb02782c87758,337,False
aru-2-2016,1,928,RGI2000-v7.0-G-13-59832,5a5868fd22fb9500bbd27dca15e64860970f571a3060c8bff8d468098364af8b,338,False
aru-2-2016,1,928,RGI2000-v7.0-G-13-61598,5a81a0ada085480b93e91d2ef535c783f83a25b12422a9a097c091cdb302495c,339,False
aru-2-2016,1,928,RGI2000-v7.0-G-13-64578,5a9a83ef0861e49843c04485031355558ff195c72b01f287931e82533a87a440,340,False
aru-2-2016,1,928,RGI2000-v7.0-G-13-60265,5ab79aa7799f3738253102cd7b04f793916150efe171247afa605ac1338bf0df,341,False
aru-2-2016,1,928,RGI2000-v7.0-G-13-67454,5af0af61f48d5aa12e301d6f337877f767f41852490adf44f910cc23e7799fcb,342,False
aru-2-2016,1,928,RGI2000-v7.0-G-13-62291,5b19414deda067b9816813ba451c293e2681c9958158ba0fb826df5d458ec948,343,False
aru-2-2016,1,928,RGI2000-v7.0-G-13-65870,5b2e4bf6dc4c59162d783ab64131be41a8c801c0174f850c52f2ff12a8a50f14,344,False
aru-2-2016,1,928,RGI2000-v7.0-G-13-65684,5b398ee98c5003cbe52fbd06605e23a574eb306a518eea0aa8d91d6a09855330,345,False
aru-2-2016,1,928,RGI2000-v7.0-G-13-59890,5b447bacfaaae2f12357ef0512c81de4d017208c32961680b2af04d20ab9c658,346,False
aru-2-2016,1,928,RGI2000-v7.0-G-13-64395,5c4914ffbd644c617b4b8053ee6ef3ce6ca999d0400becf2dd7881a92d9658c5,347,False
aru-2-2016,1,928,RGI2000-v7.0-G-13-65811,5c79f683e18f3c8b65eebffb7367fb32f7ba8bd7d2290c08ebb199c7306049b8,348,False
aru-2-2016,1,928,RGI2000-v7.0-G-13-60002,5cc88ba651d0de1affe345fd8e81b876672f0501eb75d2029054d670cb0562fb,349,False
aru-2-2016,1,928,RGI2000-v7.0-G-13-59839,5d36c5e6037b27220324d0c74da9cfa7fefa08ddaba8fba7d604b2d0dd05cfa8,350,False
aru-2-2016,1,928,RGI2000-v7.0-G-13-58743,5d3a81d05f2b4fbfb09eeb10715bd004cf047da51f384a9d49c2b8c3c39a0a0e,351,False
aru-2-2016,1,928,RGI2000-v7.0-G-13-61726,5dc66984d864366585fd0def54d8c5777d998b0b87e6fe6bd99c3a142c7442cb,352,False
aru-2-2016,1,928,RGI2000-v7.0-G-13-59171,5df494870c9c520f4ab34c43353f28c742ebc83d1db1e85e72add05bf7bd1dc5,353,False
aru-2-2016,1,928,RGI2000-v7.0-G-13-59740,5ea40a73bd3497e4ab3190728fa0eb66059415c29e66ff25cba63d0cf827d9af,354,False
aru-2-2016,1,928,RGI2000-v7.0-G-13-63130,5ece311b25ea4fa491f771bef7560cc3f07cf3ac0360944175186fdb26cba1fe,355,False
aru-2-2016,1,928,RGI2000-v7.0-G-13-59206,5f01b80e7e8dfd008607f7204b05c56415b1c7e522b65aa35b2838aa30899884,356,False
aru-2-2016,1,928,RGI2000-v7.0-G-13-64311,5f2c836f84b603c04fda281b8e0d694fbf567085acf2ce57ec006fe35d84c57e,357,False
aru-2-2016,1,928,RGI2000-v7.0-G-13-61790,5f59642be3ee6e255791d2f12b357073e5d783c49cb0e73ce526b66b35bfea36,358,False
aru-2-2016,1,928,RGI2000-v7.0-G-13-67474,5fc6e4e7b863cbb46efeb31fa657fd5e5bba1eb0105cd5e022bc70532fb3b02c,359,False
aru-2-2016,1,928,RGI2000-v7.0-G-13-58677,5fdd66c21fe923dc582050d8ea3d1ef1b35c96e84d1f9037cfef2027375f0ea1,360,False
aru-2-2016,1,928,RGI2000-v7.0-G-13-63366,60233b497c3ee88a6cfde8414c6765200f4c045f64c5d73d058d5f7927744870,361,False
aru-2-2016,1,928,RGI2000-v7.0-G-13-63991,60917cb924a575e235520f11b04541043a127682774783982d82e3bdb2243bc4,362,False
aru-2-2016,1,928,RGI2000-v7.0-G-13-61744,612c237c850e2fed2f1b70680f6c9688416f97010cd8da94e0a3248a96eafaec,363,False
aru-2-2016,1,928,RGI2000-v7.0-G-13-66195,612ffef2b8964a78abc87b327d546ac41e15f392472f20a203b0fdb8fd9f222c,364,False
aru-2-2016,1,928,RGI2000-v7.0-G-13-59711,614a63421738a427d1bb3f958f53589103902d54ba04788033159d4b816c0f5d,365,False
aru-2-2016,1,928,RGI2000-v7.0-G-13-60533,61a23808fc0aa42a6f36225d69055c8c11ffe6de1e21e8ea110a856312e0a783,366,False
aru-2-2016,1,928,RGI2000-v7.0-G-13-66941,61bd998afa9d936f525781f4de207dc24afcbde88e176e5f4f02bf675312aa6a,367,False
aru-2-2016,1,928,RGI2000-v7.0-G-13-60117,61e24be19e40ece1bf3ca52f984bb8b536954c4a62b001671b295879b58bcefd,368,False
aru-2-2016,1,928,RGI2000-v7.0-G-13-59961,62a08ca1f4ed2c80f3b31bb2453843bc59abf88bbf728e25ef1120d918030221,369,False
aru-2-2016,1,928,RGI2000-v7.0-G-13-65148,62e8ff1c1cf1c184d6726ce8af64c1fa1f83c74a5e6096da92ecb382f2af66ac,370,False
aru-2-2016,1,928,RGI2000-v7.0-G-13-60655,634c610f01e002e70171f48d887f903fc32fee4248c9a72d91d43cdea0e945c7,371,False
aru-2-2016,1,928,RGI2000-v7.0-G-13-65938,63aa13454abb437eba926bea2633873bccb1ecedc0875c033fb7e0be30824125,372,False
aru-2-2016,1,928,RGI2000-v7.0-G-13-65968,63e8ef0f875e2ccc1c90e5596ef1e322cec3682b51697bc6c95297ef85c28337,373,False
aru-2-2016,1,928,RGI2000-v7.0-G-13-66069,63e991b75f9574278ac3ef978c3c5d2e6830fb7cb42f6aa762d7717d78734b73,374,False
aru-2-2016,1,928,RGI2000-v7.0-G-13-66371,63f7be7644e392f68c06b78d1731329c318d8071811469c6d62ba4a4e19ca6e4,375,False
aru-2-2016,1,928,RGI2000-v7.0-G-13-60101,6404c1fedc305ca2698548141a64c20ec9ec19abaa1f4b53ba1e1c6e504e957c,376,False
aru-2-2016,1,928,RGI2000-v7.0-G-13-60253,6414029ed54c6e651f38e45dc74f9b28858748b3382b5bf4f6e355bad2d0a8a3,377,False
aru-2-2016,1,928,RGI2000-v7.0-G-13-65958,644a62bac961959614611f8e43f984cbc82354a3bb4f70479012c7f1b5995c02,378,False
aru-2-2016,1,928,RGI2000-v7.0-G-13-65736,6506529392e681316b3255dca25d91c4081e54d1b7f823938c5a88965c4eef88,379,False
aru-2-2016,1,928,RGI2000-v7.0-G-13-59653,65890c4346fcf3c12a0dd633769e3efd3ed2e4da51964806d7515f0162850f8b,380,False
aru-2-2016,1,928,RGI2000-v7.0-G-13-59598,6619f0db18ce3f8a4d6f75f2fb26b6470991af2def4ff748d7a0acce55cb8df1,381,False
aru-2-2016,1,928,RGI2000-v7.0-G-13-61175,6650a23b345fe79f223d526370e4a7f5e311919d6effc412f63b473a331d5557,382,False
aru-2-2016,1,928,RGI2000-v7.0-G-13-65966,668a84ac8cfeb2a7ed7a39454501065fac4e02c54e79deac32bba36c105b54fc,383,False
aru-2-2016,1,928,RGI2000-v7.0-G-13-60855,6748a87efa1088ee5a1c4e72282405b668b617221381ef9d9485ad4286206390,384,False
aru-2-2016,1,928,RGI2000-v7.0-G-13-62802,67aa45a6a57b51c16f27418b00017e4835035758deaccb0bddb300b93bcfd3ef,385,False
aru-2-2016,1,928,RGI2000-v7.0-G-13-64315,67af19dffb19dba87a1f9f3e692b89f6b8598d3f744485fe637120fe1f325c38,386,False
aru-2-2016,1,928,RGI2000-v7.0-G-13-61976,67ddb506bacbc54305b879c4c190210d925cf193843e6558245da7751de77619,387,False
aru-2-2016,1,928,RGI2000-v7.0-G-13-66565,68226835263656635f3bd7008c8a1f1db26761d9b78ba424a367812eaaa969a6,388,False
aru-2-2016,1,928,RGI2000-v7.0-G-13-58377,68e1b4a02d7f0d7da6d139fd29c8a8d17417eb9f8595e5d918c841e4a137d83c,389,False
aru-2-2016,1,928,RGI2000-v7.0-G-13-65508,695dc39b22b3024b5ca8bbd448980ccdf535d1ffd221f7fc2699809d612b7c32,390,False
aru-2-2016,1,928,RGI2000-v7.0-G-13-64706,6a05a2e1bac81d1f4a1568205e45a4b0b66b0874a0fc28616bf1c2cbeb20d572,391,False
aru-2-2016,1,928,RGI2000-v7.0-G-13-60063,6a2781534f7d37edaa8f16568de9c8c07abb933b6fdcfea72718e16e5002c260,392,False
aru-2-2016,1,928,RGI2000-v7.0-G-13-65149,6a398ec2e9f8ed8c6a89d62f5730faaaa8999698b13b1147054ca521e2fc8b19,393,False
aru-2-2016,1,928,RGI2000-v7.0-G-13-63795,6a4bd42f83adca34a6b93b710103402fba6f9b1df1ff7555d1326b362c5b7ca9,394,False
aru-2-2016,1,928,RGI2000-v7.0-G-13-59901,6ae81ca3c2f33f6871ed9af827ecddb1805ef8e0d676f8c078c22aa790a59f39,395,False
aru-2-2016,1,928,RGI2000-v7.0-G-13-60991,6b2769fdd6c89baec1f2bdb162511f880c83f267475b72d5c9d19086580456fa,396,False
aru-2-2016,1,928,RGI2000-v7.0-G-13-57308,6b67589b0548f546123c76f4e0533044005e8fbe355dd732a18b8b730a9595e0,397,False
aru-2-2016,1,928,RGI2000-v7.0-G-13-60105,6bf23d355a9f1ba84abb81bd203dc025945caf16d84f27e3ed3a9f499dddf424,398,False
aru-2-2016,1,928,RGI2000-v7.0-G-13-58363,6c16e8f2ca3e896d9172b1514f84329c8d9c772c3e5c6a155e980ac301f14979,399,False
aru-2-2016,1,928,RGI2000-v7.0-G-13-58787,6c21cb2912b505588ed24f30de518df6b3ba734067ab1cda4e14043882e060d5,400,False
aru-2-2016,1,928,RGI2000-v7.0-G-13-66509,6c9e1daaedc359b47af843782b1646ee0abc49865898fb2dab60fb61c68991ef,401,False
aru-2-2016,1,928,RGI2000-v7.0-G-13-58347,6cfd0c79d3c8912f2bd2329a7886ec1a253ad429d73afd53fd85437d7de894e6,402,False
aru-2-2016,1,928,RGI2000-v7.0-G-13-62377,6d4616d23f4be04d913fb22a939ff1fb3fbe6c16c3a0950c342b3607919e88a1,403,False
aru-2-2016,1,928,RGI2000-v7.0-G-13-65569,6d87e34db92462e61fbc94cbf2f6c929ba4dd6c942df2d3487563387f4841ded,404,False
aru-2-2016,1,928,RGI2000-v7.0-G-13-65887,6e05b7c182bf56aa952070195e6c292ef9e8ea5c16e5ce5b94b9a26023f72ab2,405,False
aru-2-2016,1,928,RGI2000-v7.0-G-13-63847,6e76dbb70fe9b3751071fad23697f0aadac8206e28e4eee17ca9986b7eff7c16,406,False
aru-2-2016,1,928,RGI2000-v7.0-G-13-59590,6eaf1313cd8255d54d0aa543125a1677c6ccda9a4ed30a4d020a2a09cc77981a,407,False
aru-2-2016,1,928,RGI2000-v7.0-G-13-65985,6eb285f796c2be99b8b6e7df9a58805cddc52283557f77b1280b837c3360e410,408,False
aru-2-2016,1,928,RGI2000-v7.0-G-13-59946,6ec9c6fe28b8515aef597cb88c855a9cbb197a4c27c464eb82a3bb270d212096,409,False
aru-2-2016,1,928,RGI2000-v7.0-G-13-57441,6ee2704089af798abd6ce45e73685e442202fdb4a029731831d0705944524e7c,410,False
aru-2-2016,1,928,RGI2000-v7.0-G-13-60228,6ef0536ce0f5162c405aa942c926fe35b7af19c9b79f20bda4fae8fe41ff25de,411,False
aru-2-2016,1,928,RGI2000-v7.0-G-13-67302,6f2a9e20527c4dc14cce4adf9fe370a55b510e18e43ac9a248fa77d9e23bd956,412,False
aru-2-2016,1,928,RGI2000-v7.0-G-13-57431,6f9deb04c9cd85474596be547ebbaa739cb1d47b13261f120269695b8fad1353,413,False
aru-2-2016,1,928,RGI2000-v7.0-G-13-64866,6fb6e16343293dcf9b7fc952fc91abcdc725da426f47e7e402f3c6159e1077ac,414,False
aru-2-2016,1,928,RGI2000-v7.0-G-13-59707,6fd6e05242290ccd78d4df42adf44c8e856ae78fc3ea57f913fca3a976c15446,415,False
aru-2-2016,1,928,RGI2000-v7.0-G-13-64859,6fdddca4470c86def49f1832831cc1e7a462f0f6eb34638a3685380b405517f7,416,False
aru-2-2016,1,928,RGI2000-v7.0-G-13-60428,70167250b8d3f75c05788412705dc4cfd0773b0d4db5641b82f91145f7053986,417,False
aru-2-2016,1,928,RGI2000-v7.0-G-13-65005,70628bca8204e5d6f658f834837ed78ce8094724cd548582df33281df72cfe3a,418,False
aru-2-2016,1,928,RGI2000-v7.0-G-13-58203,71327f61b3a09d9d2c4cd9b74dc463183fac5bb1505182eaabe3c7292ef35aa1,419,False
aru-2-2016,1,928,RGI2000-v7.0-G-13-64034,714c677e966272d613577ee1c645e0b6a50af781b62e86768c3f72e49e75974e,420,False
aru-2-2016,1,928,RGI2000-v7.0-G-13-67574,717cd5ee548e67b54d22d6f47d53c936972cf065892137cdb570523cc89133c8,421,False
aru-2-2016,1,928,RGI2000-v7.0-G-13-63836,71812984b0494420aabdf24c9735d843a73b37c9d5791dfd80c425836ff22652,422,False
aru-2-2016,1,928,RGI2000-v7.0-G-13-64056,728cb626929b993cb1df25248a7efe1b457a0ba1bf498f727cdcc87345a797de,423,False
aru-2-2016,1,928,RGI2000-v7.0-G-13-64820,72f5983b04703af15b93a7aa9b50e6eca30c657594469be0f485b78aa4e0c01e,424,False
aru-2-2016,1,928,RGI2000-v7.0-G-13-66577,7319e073fa411fab6e9a728a00c5c89ea8ee7a6971669f07b47ffe46bc2f9a30,425,False
aru-2-2016,1,928,RGI2000-v7.0-G-13-64323,735531460fcc15a3a7da4d27cfdbf0d672ba0f920f5facadb15fb6950bbbce71,426,False
aru-2-2016,1,928,RGI2000-v7.0-G-13-61031,735be02d68601f62af16b5eca4c4f6cec7ba8803b37ebd4f7de41c0b5cf34909,427,False
aru-2-2016,1,928,RGI2000-v7.0-G-13-65084,737c1221b3e9d9178b315aeb502b2ea68d3f31203bdeadb9632726cd27b4d0fb,428,False
aru-2-2016,1,928,RGI2000-v7.0-G-13-65825,7466d184c29b0391c38be0d2e1e3806a696a57f5cbb43b66ff26dd8339bb0685,429,False
aru-2-2016,1,928,RGI2000-v7.0-G-13-59974,746e2e00902669c6418e3c18ae8621bba63124fc74a9d3d14cec993fe7696ce6,430,False
aru-2-2016,1,928,RGI2000-v7.0-G-13-61207,75627e0501a0476737977d5f4ab5f6d0ea0b7ebd374ecaebb4356c6143728fc5,431,False
aru-2-2016,1,928,RGI2000-v7.0-G-13-59844,757791d1b343b006e1c09deabd44f19e415878df15b42c9d08ab4d9fb9a4aca6,432,False
aru-2-2016,1,928,RGI2000-v7.0-G-13-59494,759e4c1af873fbd89ea77c0f46ca1aaa0acb60a064276aea5ec3ebd333c9ae0c,433,False
aru-2-2016,1,928,RGI2000-v7.0-G-13-58668,75bb1071eb4658c8982cd66cec7ad96c83ab0ab47b27c9b3b156f3e1bd62c4c3,434,False
aru-2-2016,1,928,RGI2000-v7.0-G-13-66196,75dc7bdcec26a2459aee01722b89f87ed6b281d7e561aa0e478114bcb1eee541,435,False
aru-2-2016,1,928,RGI2000-v7.0-G-13-62699,76138f3359a2ee2ae618b3aac4f10d887ba8e114e918c4b046d2be7011100de6,436,False
aru-2-2016,1,928,RGI2000-v7.0-G-13-60139,7685405299ad04648e5bf37415131b9624d4ac3bbcc62e93ca1430b63bca0293,437,False
aru-2-2016,1,928,RGI2000-v7.0-G-13-65570,768b4ded1d8085084b70db0e619c88fd07bfe2b7c0dec2747627aefa12758481,438,False
aru-2-2016,1,928,RGI2000-v7.0-G-13-65793,76c42dff3a1373004a5406a6f1d6b095c0756ab78cee615005776515b1dc28f3,439,False
aru-2-2016,1,928,RGI2000-v7.0-G-13-61550,76ccacfdbb675495b0c87658f07a738215cdc15215ceae853dd43830d016fbd3,440,False
aru-2-2016,1,928,RGI2000-v7.0-G-13-59495,7764211e0c122563d687a03bb29fab03b36e17dac6f9e1955d3109120ca0e76b,441,False
aru-2-2016,1,928,RGI2000-v7.0-G-13-65428,77d4c3e3a0e89a9bdb44c0bf822adb188a1227edd119d9ea83ece5e3aec544eb,442,False
aru-2-2016,1,928,RGI2000-v7.0-G-13-59755,7880acf0fbc0540cb631e01aa2bdfef8fff93592d4410bddc5161b3801c26c5e,443,False
aru-2-2016,1,928,RGI2000-v7.0-G-13-67227,78bb966d2a309260934e08bb5d3febd02e4b5f91ca0861021e160f2c2a173e61,444,False
aru-2-2016,1,928,RGI2000-v7.0-G-13-62043,790fa51133f50f9d199a674550bee12d211941c581b93d735eacdc503a0920e8,445,False
aru-2-2016,1,928,RGI2000-v7.0-G-13-67212,7926e0c77c88bb2695ad7b75480238ed5928f6ddfeb9a000fd3a88b1a0bd3358,446,False
aru-2-2016,1,928,RGI2000-v7.0-G-13-65814,7968c4dd49e01631f06177684078a195966d0344dccf221aea1266f6d9242d7b,447,False
aru-2-2016,1,928,RGI2000-v7.0-G-13-60116,797961fea6ff2819b2f1389a19bd5acc7cbf8cf553ea85c721e68d8574f2e049,448,False
aru-2-2016,1,928,RGI2000-v7.0-G-13-65818,798520a9e3618ba71f9f0bd806a277929b4ca3f7a50bb2793b1ce76fbec5a52d,449,False
aru-2-2016,1,928,RGI2000-v7.0-G-13-65441,799752d749b46c6acd2e159a2c7638d425877af50162b6304b07c18e9370f9b3,450,False
aru-2-2016,1,928,RGI2000-v7.0-G-13-67200,799a0738ae0c371ba24878cf162ca880c14f7c4ab6ca5cd41c2312043d0e016a,451,False
aru-2-2016,1,928,RGI2000-v7.0-G-13-59329,79f1eaff95dcad6763bf22b8ec1c06c60d273dfdd7e58764d9ed2aabcc53576b,452,False
aru-2-2016,1,928,RGI2000-v7.0-G-13-60100,7ac3aa24f51917ca4fa5fd09ae8a8e4c969a0df5410754a9e5597832899c2547,453,False
aru-2-2016,1,928,RGI2000-v7.0-G-13-64580,7b1242097abed7b5214fa2c8c698b84f8dea8fe91af3d5ffb84e84ff719e86a7,454,False
aru-2-2016,1,928,RGI2000-v7.0-G-13-66734,7c02df0de6a036a34c69081a2c97b5a2adaab54e07f22f51389524a893132f16,455,False
aru-2-2016,1,928,RGI2000-v7.0-G-13-61013,7c0ae3d836805eaca5a5dd4d18bb6bae9715bcacce49f081588082d64cc5269e,456,False
aru-2-2016,1,928,RGI2000-v7.0-G-13-65445,7cc6299f033a560ff138bf7e726ff4b768c1b50f1c136703223e3b83375a4374,457,False
aru-2-2016,1,928,RGI2000-v7.0-G-13-58740,7cdd4c881032e61dc899a278b7cb310854ce89cece6dd877258cbaff9dc4ca73,458,False
aru-2-2016,1,928,RGI2000-v7.0-G-13-61564,7cf3f0c9c737482eb4b2126496268fbd489dda6b43623d8e9ac32479b6fb3c1e,459,False
aru-2-2016,1,928,RGI2000-v7.0-G-13-64401,7d2341c2b2b20f535a2e90dc733c34f2dc29bf819c484e74822a0276de240b0a,460,False
aru-2-2016,1,928,RGI2000-v7.0-G-13-62357,7d30245a061401f61b1f01e2ce6b7baa472414488c13052e8508129135f29e20,461,False
aru-2-2016,1,928,RGI2000-v7.0-G-13-61017,7d555509e19b3554142772d1c6bc7bafdf930cd6f5fb4a1b2f1cfcee21153933,462,False
aru-2-2016,1,928,RGI2000-v7.0-G-13-67662,7db93703ab1330b5936396efac04e919a4bbb1c6a28e1f1e4f715326b77121d0,463,False
aru-2-2016,1,928,RGI2000-v7.0-G-13-63392,7deed37f1b2955d26feec198857851c89d173463b8dec890f14f3eb98688eaf6,464,False
aru-2-2016,1,928,RGI2000-v7.0-G-13-64427,7df1f83bca6efe1f5efbac73889859386748303abd1a73892ff29205950c61a7,465,False
aru-2-2016,1,928,RGI2000-v7.0-G-13-60865,7e8ed4490a730a78f355f6a6036f83155dcfbcfc67dca3be37d7307c02ebce6b,466,False
aru-2-2016,1,928,RGI2000-v7.0-G-13-60319,7e8f523f4e11898c031e22f5bf60a8058d473e960e54db4a3b20b7aaea2b749d,467,False
aru-2-2016,1,928,RGI2000-v7.0-G-13-65052,7eb98ec6a90abd3d6130f4798efad1aa701d5a86d3b80c5cf7b3cf4653580d76,468,False
aru-2-2016,1,928,RGI2000-v7.0-G-13-58360,7ed691c367a9eec4ee58317b038c6d90d646d96630ee157f956d40e6d448db8d,469,False
aru-2-2016,1,928,RGI2000-v7.0-G-13-63044,7eed824bf1fd8a98513cf87d558d05686220d0901ff4a0d98f77921e6d61a5ca,470,False
aru-2-2016,1,928,RGI2000-v7.0-G-13-66438,7efc9e66563879a2707eee37ae8a58433d635aad7d6f498a2330aec177de2a1b,471,False
aru-2-2016,1,928,RGI2000-v7.0-G-13-64416,7f2e080c0cf8e8e06ef1e98a7410278901de3bfa2f0188eda69d1c2a8b1eeeaa,472,False
aru-2-2016,1,928,RGI2000-v7.0-G-13-67163,7f99d3a5b8db42fbf1ea797ac9fa0f989cc9b4d95a1595770ab8a19517d68be1,473,False
aru-2-2016,1,928,RGI2000-v7.0-G-13-60143,7fe39505a6845cc81bd28a3e5cc3065183b5961272fe775154479cd9d4230766,474,False
aru-2-2016,1,928,RGI2000-v7.0-G-13-58671,7feac175c7d1dd85e026421edb655df18fab293ce4f725c83140195e90c0d5f7,475,False
aru-2-2016,1,928,RGI2000-v7.0-G-13-66510,80b36f0644f1d7a81165780100cda73133eb1908b56fa31e04daf1868c8a1d01,476,False
aru-2-2016,1,928,RGI2000-v7.0-G-13-66524,80cfe464c5bd045e870dc42efb67a4fb10b825f8c33b6a9d61aec4c2561f1794,477,False
aru-2-2016,1,928,RGI2000-v7.0-G-13-63981,813f59067438bef976db670fb97836af2c137ab3d59518511ab37fdd7b2af628,478,False
aru-2-2016,1,928,RGI2000-v7.0-G-13-58456,81a3dc294ff8ba288e53474817c5d999f1a03880c42600c0dad1c2a172da28da,479,False
aru-2-2016,1,928,RGI2000-v7.0-G-13-67490,8201b462aa10598cb76ffe1e29e077a3bfbeca68d20a7afa5594e47fd22dd019,480,False
aru-2-2016,1,928,RGI2000-v7.0-G-13-57186,82d7b1b12a1675bdaf165613424d27263c4543f60a7a5731f2f710ebbf993108,481,False
aru-2-2016,1,928,RGI2000-v7.0-G-13-59713,839ec4d74abd9442145e2f4d53e3e32afeb9da2f7777d6fe1c8ca01f8bd881c9,482,False
aru-2-2016,1,928,RGI2000-v7.0-G-13-64109,83a3a87ce006dea99234523af1d12e616d65082f6c7cf405f0765ff3314482ab,483,False
aru-2-2016,1,928,RGI2000-v7.0-G-13-66225,83ca9159b090c9bb3941223a38024c3c6beaa3e217a4f89f19deec00399e3f4d,484,False
aru-2-2016,1,928,RGI2000-v7.0-G-13-65970,84305ba1c3404c739a0d1e79e20aa98b1fb8ab451cc3835e4ea1c48d7e72fd38,485,False
aru-2-2016,1,928,RGI2000-v7.0-G-13-63892,84692c4374c4604bad01e746f0ee76010e1207e6b7d4a3141e7e4ab70e5b2c37,486,False
aru-2-2016,1,928,RGI2000-v7.0-G-13-60183,8475f1f21846e955cacff2a558d09055dc2b6a8207b3bb9b6e3581e09b761dbf,487,False
aru-2-2016,1,928,RGI2000-v7.0-G-13-62191,84c18a2b9e60e4d8879f4aeccbe01eb278e6305d03d3b515255d26b4126f589c,488,False
aru-2-2016,1,928,RGI2000-v7.0-G-13-59476,84c24a779e5e60d05c75d3f734b0c5b23d15831735bd81fc2285341975bee803,489,False
aru-2-2016,1,928,RGI2000-v7.0-G-13-66483,85201b3712195023dea733cf2c5d66f50989cef1ff235ac2f2701782092a28cf,490,False
aru-2-2016,1,928,RGI2000-v7.0-G-13-64926,854f1a5383662fdaf946f4a28bd839dd657d7bed72fa1aa5b5c179cd7b2a3466,491,False
aru-2-2016,1,928,RGI2000-v7.0-G-13-57187,8576c7f853d55306f2af311a4ef2173c78b6dec18bba99cdafec1efa5e1fdfad,492,False
aru-2-2016,1,928,RGI2000-v7.0-G-13-62342,85d6953fedb5a4973c6ec933605c1b8d66d27bb01a058631bb53adcc0d499e1e,493,False
aru-2-2016,1,928,RGI2000-v7.0-G-13-66091,861866b9b103e9e251bb7158cf9569d9dbf9f32afa65a229b6a50b8b568a3225,494,False
aru-2-2016,1,928,RGI2000-v7.0-G-13-57448,865269332b6ef44de438cff5cea9405b4f02af31de61f46c638f2f27eb0c95ce,495,False
aru-2-2016,1,928,RGI2000-v7.0-G-13-60380,867abb3ff8042a0c52e08ce14d4eeb1d75bfdd687f2da980cce50f7e6926d437,496,False
aru-2-2016,1,928,RGI2000-v7.0-G-13-59070,868747a15bfcca8a7470c09a1a82b56c7e09d27565c3c3c86690ae8836638e34,497,False
aru-2-2016,1,928,RGI2000-v7.0-G-13-66218,87049e01a4f08aab1765b7e9b208fa98e9cd9e7727eff1d67e8d78ec0684e9f2,498,False
aru-2-2016,1,928,RGI2000-v7.0-G-13-65519,871994e0527cd5015ca6c5a091651fa7fc1392525d228fd95c29e677aaeb7c78,499,False
aru-2-2016,1,928,RGI2000-v7.0-G-13-59758,875bd326e17ffad094a2dcaa7e6adc9efa7dfae328c2e2f78627f230bd75dca6,500,False
aru-2-2016,1,928,RGI2000-v7.0-G-13-59059,87b37ba381b2b17059f2c3eb08ab94a06962a96f915a0aec081c6e75b3637b9d,501,False
aru-2-2016,1,928,RGI2000-v7.0-G-13-64414,87b86a761eb295c5b3b732a5410c5dc1c0b07cd78266b4137c3d597a2551a10a,502,False
aru-2-2016,1,928,RGI2000-v7.0-G-13-61152,87c2be9d8d72c52f74273377c70ac95cc6aa5277fcde7cd37bb935611a9f6a5a,503,False
aru-2-2016,1,928,RGI2000-v7.0-G-13-65368,87c4b9cf539a35bd7b82e01c3e00226b5d0f28a382ec8485a344a2ac9f331f94,504,False
aru-2-2016,1,928,RGI2000-v7.0-G-13-63445,87dd0c86ab04193d32bfc45481638c5d74f6d9cece16d0da46182563d50e7039,505,False
aru-2-2016,1,928,RGI2000-v7.0-G-13-64640,87eeb4eb0877811520805322c46f5afc649559548ce594476e9f138f170e2eb3,506,False
aru-2-2016,1,928,RGI2000-v7.0-G-13-60956,884f47dc837a9d5acd058fab33f41b77b6bfc075f604e28cd7e902ab879d966c,507,False
aru-2-2016,1,928,RGI2000-v7.0-G-13-61066,88893f3b40f2e3792795e40dcb13d56386c747ae7d5bf5cd7795e035d8ca87e5,508,False
aru-2-2016,1,928,RGI2000-v7.0-G-13-58385,89838ad9c78ae2465b0553d1aa4db4d61b9a13b402efd30485dd1f54248a5624,509,False
aru-2-2016,1,928,RGI2000-v7.0-G-13-66631,89dd129ead616e4d42caf2b3e44d32b442abea6f485c1a46bb44b70a539a445c,510,False
aru-2-2016,1,928,RGI2000-v7.0-G-13-60129,8ad41b552160ed55a46146d64923bb948739b492683e39bed86bbefa6731aff9,511,False
aru-2-2016,1,928,RGI2000-v7.0-G-13-59709,8b14c1509136e3bb4274a2e059d655d50a6646dc2426e43b5cfd8c75d6800a51,512,False
aru-2-2016,1,928,RGI2000-v7.0-G-13-65613,8b75a50ec52c7d4c155c0c95946933d2929a67e0e35e75f2b8784ebcb703ee2f,513,False
aru-2-2016,1,928,RGI2000-v7.0-G-13-64422,8b9f267357a8e6e3acb3724afd2f709367ddbdfc0a09c5bf85885e083806b694,514,False
aru-2-2016,1,928,RGI2000-v7.0-G-13-67503,8c022471061081d70597dca07a01ea9770c9825a43851de223d10dba0711814b,515,False
aru-2-2016,1,928,RGI2000-v7.0-G-13-59066,8c1e635bcb5e3fcee516fefcbc3be2cf6af9a93d9cbe92cf84a4d3d8d540c5e0,516,False
aru-2-2016,1,928,RGI2000-v7.0-G-13-57130,8c61af3ce0d5a8b03151f0540769e619d6cae36104dbdd3e36da0879c4805343,517,False
aru-2-2016,1,928,RGI2000-v7.0-G-13-60169,8ca47fc7f41b42f65573cd7e491bf4aa3183d30f4d01f818f072031875586fa4,518,False
aru-2-2016,1,928,RGI2000-v7.0-G-13-60771,8ca5f9ab1040263c7ea0fcc97a10fabc62f1c206b1dc611c9299ccea1aee08ab,519,False
aru-2-2016,1,928,RGI2000-v7.0-G-13-62306,8cb21b2989f11039c4d6474372fda69737bccc5ae299bc113f2c00db3da280a0,520,False
aru-2-2016,1,928,RGI2000-v7.0-G-13-59830,8cc913c05aa88a5b62010ec7b3b5d77e72751b81d379cd38e0cfad3101818fa9,521,False
aru-2-2016,1,928,RGI2000-v7.0-G-13-67285,8ccb3bb98fd21645915dfd1b2b67ce1b5a5a556f83f4921cbd10a8d3a6e3bf27,522,False
aru-2-2016,1,928,RGI2000-v7.0-G-13-64563,8dd4f9223a592271d1b3b47f9655a1a391f4308b0e06de44aea70d315eafc0cc,523,False
aru-2-2016,1,928,RGI2000-v7.0-G-13-60180,8e4385c8c2c1c176259e974f272305f40dd4fb3a8ce9a7e41b561aff90f4350c,524,False
aru-2-2016,1,928,RGI2000-v7.0-G-13-65686,8e572b0b5294f56d1c9fd042eaee035241a592927681de23cc885000db86ec21,525,False
aru-2-2016,1,928,RGI2000-v7.0-G-13-60064,8ec9f838fbf4f5dfe6358a85866a5fda143052802cf6a113a6896f247620841b,526,False
aru-2-2016,1,928,RGI2000-v7.0-G-13-58574,8f1c9324d9e4ba40ada50e865a1d2f00e34e7224ba4bfd92cfa7e967b7366a2e,527,False
aru-2-2016,1,928,RGI2000-v7.0-G-13-62070,8f32de4bf04bec023b79202e3d4a3f116a37f48bcb0474ea196892229412f2e1,528,False
aru-2-2016,1,928,RGI2000-v7.0-G-13-61950,8fe6148d011e5c9e98d7c334647437b4e5cb87e8cf455e0aa363192791f3b5c9,529,False
aru-2-2016,1,928,RGI2000-v7.0-G-13-66722,9006d631d3bca211bd600fe80b81d6b0e3039a997abd7df79d0e2a915b06344d,530,False
aru-2-2016,1,928,RGI2000-v7.0-G-13-57406,90a2a0643dfec6f75183208acbd972cab7e2a4f639788fe733fbd2ed691d8493,531,False
aru-2-2016,1,928,RGI2000-v7.0-G-13-64674,911e94483f7bfee2ff29000dc5135070eb48939139d94467cc6f2152ab3d8f69,532,False
aru-2-2016,1,928,RGI2000-v7.0-G-13-58647,9155b8c69b138b0e62582a6c1e5cd5fdf9f267fc9a70a462a0f7b255da277c09,533,False
aru-2-2016,1,928,RGI2000-v7.0-G-13-58332,91630fac6cffa7b6a8a92c89fb20bce296f2f72e5536dcc3acb4499c2d2edea2,534,False
aru-2-2016,1,928,RGI2000-v7.0-G-13-66419,916a2ddf45fc43198e85d0582488915933497f4e6f3087d651113d2fe038d962,535,False
aru-2-2016,1,928,RGI2000-v7.0-G-13-58992,917a14a3bea1a5ae435de3980ae7c31120f5f515c700bcebcf2cd9198428d21f,536,False
aru-2-2016,1,928,RGI2000-v7.0-G-13-63551,91c412426b9d42173c2f93a808d5a83d3577a28efb57b5dec199bcd83d039269,537,False
aru-2-2016,1,928,RGI2000-v7.0-G-13-66221,91c4d06f71c79e8d809dec34a1c8d3546f7028c1796c88c679a6d1d1db000bc1,538,False
aru-2-2016,1,928,RGI2000-v7.0-G-13-64631,923d05571ba478641c52fd20557afa69a1aafdc18b70d68f52b7bff5b9ff9d9a,539,False
aru-2-2016,1,928,RGI2000-v7.0-G-13-59837,9258de3e2b341b356e4811be4169bc30fff530c9d98ad47b1509701f06de18b3,540,False
aru-2-2016,1,928,RGI2000-v7.0-G-13-65979,92726e42d9b2a02d93205b73504067768ad9152ee8605cc7f29f8362ff0aabd2,541,False
aru-2-2016,1,928,RGI2000-v7.0-G-13-61710,9282644cd8c02ec75b6ab590f5870e8927f9bf5827f78af69f8aed5334d48ab0,542,False
aru-2-2016,1,928,RGI2000-v7.0-G-13-59130,929c3baf45d5969671d65ae5f13dd0fffe8606554398deebac379794e4e51a76,543,False
aru-2-2016,1,928,RGI2000-v7.0-G-13-62278,929ef87ce13bb46dc8a4b449bb8deaf543609cf7787a61fd351464227edba532,544,False
aru-2-2016,1,928,RGI2000-v7.0-G-13-59910,92ad29179776220cc31ce393f7693981ec6353c0db3a31928e13eb1d09e6791d,545,False
aru-2-2016,1,928,RGI2000-v7.0-G-13-64867,92b17ced50a938f1fac2abbe9fbfa0aaba7b228009d914b08f9029798918850a,546,False
aru-2-2016,1,928,RGI2000-v7.0-G-13-58526,92cec3eec576a046483f8b392d27251e20baa9727a1d9d683ae2ebba8e114b0a,547,False
aru-2-2016,1,928,RGI2000-v7.0-G-13-61320,93257c8b542401fdf872d13e99a3fc8c3240151cd207693de8f787b89c8338e5,548,False
aru-2-2016,1,928,RGI2000-v7.0-G-13-58901,93b2aba87e83a2ded06684d7899b5d46607aa8ab59eea890e4a168bad4e71678,549,False
aru-2-2016,1,928,RGI2000-v7.0-G-13-61836,93f6e348475d522f84d0c37efeef0a765c2aad7585a96d52fda061fb2b8623a0,550,False
aru-2-2016,1,928,RGI2000-v7.0-G-13-58400,958a07d2925c212ffb237970a6b8c9c21553f8280fb239d78b40ab433ab99b94,551,False
aru-2-2016,1,928,RGI2000-v7.0-G-13-66742,967b9f8e7a19647ce9ee565d1351a5a4a538a4dedce016ae0d58aa787a14b8bf,552,False
aru-2-2016,1,928,RGI2000-v7.0-G-13-59601,96851069850a79476d81140437130aeba3f7fc11881ded26c38752b2c57905bd,553,False
aru-2-2016,1,928,RGI2000-v7.0-G-13-66576,968555a1aadf1f3da9ffbf42a01d8ce30a2d308d4f245d6e7edf01c6345e6900,554,False
aru-2-2016,1,928,RGI2000-v7.0-G-13-66574,96afe1ac98adca4e9ad3e63da6e65f633a7df48d082cb6e90c8470c7152aa728,555,False
aru-2-2016,1,928,RGI2000-v7.0-G-13-60781,97ce98e83521e103d36fb0334a48938105c258c7a84055eb20f2208faf29f969,556,False
aru-2-2016,1,928,RGI2000-v7.0-G-13-59686,97e89f7c96ebff47fe82d8d50fc3c019643df0cbbb762eaa2b31db189a2fc278,557,False
aru-2-2016,1,928,RGI2000-v7.0-G-13-65754,98253351299243345f9579b3233d72264251c8be8b2fd7364e012d30ab425871,558,False
aru-2-2016,1,928,RGI2000-v7.0-G-13-61191,982787b2f79dd21d8606882dcd070720943535656f4e263cbbb803d991aac194,559,False
aru-2-2016,1,928,RGI2000-v7.0-G-13-64996,988d66af8b0b704503da47ce87f36dd27f8035d15dc9af28f0f086e83cce53b8,560,False
aru-2-2016,1,928,RGI2000-v7.0-G-13-65963,988dd9c94bf83e6db28bce47dd1a09bbe0066dd5f8e20b14b7c2e6de2f617b52,561,False
aru-2-2016,1,928,RGI2000-v7.0-G-13-66328,989a821b14c8c909074a802395e1dbabfb3c04800afe91eb85662c3c7158e84c,562,False
aru-2-2016,1,928,RGI2000-v7.0-G-13-66392,99283e47d71540c95120b89a92253ef1b240d51902cbc6af1466c99096911e3c,563,False
aru-2-2016,1,928,RGI2000-v7.0-G-13-61528,99480523307f577e3d812cc2b7759d06de73d2b98ec65c1b5840e46ecc464a3c,564,False
aru-2-2016,1,928,RGI2000-v7.0-G-13-66073,99a41e499c11d89ad5b7041bc1abb25f4b22e8f4399ea16d49dcff5ef9662065,565,False
aru-2-2016,1,928,RGI2000-v7.0-G-13-59972,99ab1fc099c205ae0622ad2b0694e4c363360c491dfa6cbdb43423b4f0ff6835,566,False
aru-2-2016,1,928,RGI2000-v7.0-G-13-66401,99d2ec994d56929fb3d911f4d0fd4fa89738af5c1623a831534e17a70e32a780,567,False
aru-2-2016,1,928,RGI2000-v7.0-G-13-65280,99eb0c30d1d7adc12312ac9d33c8234a3e09cf08c8d524cf1a0a32f37ee5bd8e,568,False
aru-2-2016,1,928,RGI2000-v7.0-G-13-62379,99f6ef4c31e34603a6b3c82d18f17079635940d4090f1a058de3b186af9827c0,569,False
aru-2-2016,1,928,RGI2000-v7.0-G-13-62164,9ad3dabe803298f8271044723fdbdf1a0e1520b0dec0f12bc071df5f2179a5d1,570,False
aru-2-2016,1,928,RGI2000-v7.0-G-13-63412,9adabe866cde7e094c88a1701f22f23662c97e28cb721c9a0703b7c503e18aff,571,False
aru-2-2016,1,928,RGI2000-v7.0-G-13-58709,9ae4afc59aba3acdd368f618d4d5eb1543a9aca20c916d48ab31a0e7f001eba8,572,False
aru-2-2016,1,928,RGI2000-v7.0-G-13-65889,9b1b6c961e5fc07c038aae925da398f34640b7ff8a6b4dac49e502a9d7dd7ded,573,False
aru-2-2016,1,928,RGI2000-v7.0-G-13-66641,9b8e265968dd1aef3b998c367eaf0ba92bd087fdcfa4254e47ce271b1e45dffd,574,False
aru-2-2016,1,928,RGI2000-v7.0-G-13-61064,9c1009022d6b10f895d3b9dfdaaf38e81d060f65be18b19056889615bc5ebe1e,575,False
aru-2-2016,1,928,RGI2000-v7.0-G-13-66083,9c6f356eb00bf8af8404e6fc2f03c5df552e0382c321a73fe037a68ec839df3f,576,False
aru-2-2016,1,928,RGI2000-v7.0-G-13-67622,9cd089ac2f536fcbd95c8ef08f948d22cff105a563a5e373c0a3a0657b0432cc,577,False
aru-2-2016,1,928,RGI2000-v7.0-G-13-59140,9d31d55de2da7aebf27495ba614bb68b2c390aa7067cb294b4f38402471e5027,578,False
aru-2-2016,1,928,RGI2000-v7.0-G-13-64390,9d7017797a7ca39363917941d397a938e5b768fd8164272663475dac7be81468,579,False
aru-2-2016,1,928,RGI2000-v7.0-G-13-58978,9d9f8b3c5e2a1aa84e0b48b86f9ad933faf62723b09f7bfbb654583df9fdfdfc,580,False
aru-2-2016,1,928,RGI2000-v7.0-G-13-67194,9dfe21b2f6eac0987d58d7c4ce081928b67fa70ba46567829e8db51f561c40ce,581,False
aru-2-2016,1,928,RGI2000-v7.0-G-13-60173,9e36e88d312ae53c13dbdf275ae88d84d5ec415192af183a5566eece3f04f78b,582,False
aru-2-2016,1,928,RGI2000-v7.0-G-13-63974,9e90ceacc9660c1ae680caf571803c41c6b835a6b59aa079b9b45dcbd85dafc2,583,False
aru-2-2016,1,928,RGI2000-v7.0-G-13-65580,9e95b5ce3c07e6db87455359a61dc9189c0d5e8d9a9f7e42387c356719977fd4,584,False
aru-2-2016,1,928,RGI2000-v7.0-G-13-65643,9f47b37dced8e99a95c76f6385cc6e405777842f32767e0cbc75191ed280fdc4,585,False
aru-2-2016,1,928,RGI2000-v7.0-G-13-61156,9fb419dd3dcdc710f1a6fc3b163716584cf8fdf57a42b0581a25a3887975794d,586,False
aru-2-2016,1,928,RGI2000-v7.0-G-13-60376,a008709a43f2a74229eb8751efd96ce5a07e66fc13534c166163d98f5897d4a0,587,False
aru-2-2016,1,928,RGI2000-v7.0-G-13-58264,a022c2503a3128abff09c58dbfae97a85cd3433e67824f4b0d9fa6083fccdfb7,588,False
aru-2-2016,1,928,RGI2000-v7.0-G-13-63132,a04aff29420257741ef23585cc74feb84080670cf5f818843f5e70dc6796a4a8,589,False
aru-2-2016,1,928,RGI2000-v7.0-G-13-65082,a0897b76143f4f88b9569693c4e2d731c8b2b1178be4f93213d2f01795d2db41,590,False
aru-2-2016,1,928,RGI2000-v7.0-G-13-65318,a0c5d0188984360815b0130539b99f3ac75cbacfdcbd65f2abb6134b8a00e0c5,591,False
aru-2-2016,1,928,RGI2000-v7.0-G-13-59376,a0e9f09267a85993fd95a34aeaa9d0d1293f82a8f42fa2d07783899d2b7a511c,592,False
aru-2-2016,1,928,RGI2000-v7.0-G-13-67560,a0f3af975a1a12f3104aac5316dbcf67577d908026f891c07a27fe62a9afb112,593,False
aru-2-2016,1,928,RGI2000-v7.0-G-13-62705,a27ea4a7ee9b41a0efe35f1b4c7ad96f9aaebb176f7bb05091794bc40af70f3d,594,False
aru-2-2016,1,928,RGI2000-v7.0-G-13-67252,a2e8428a7aeae920be531092cea4c80945f7c658647939d94b7ff60aa1087edb,595,False
aru-2-2016,1,928,RGI2000-v7.0-G-13-58529,a397aaf9f38fc1499dae3ddbe7174acdd102fbcfda5cd1336d19ff98662d64ce,596,False
aru-2-2016,1,928,RGI2000-v7.0-G-13-65638,a3eac80e28e09664444911eba149117b85d647d929796d42c2ed672fcb7fe09f,597,False
aru-2-2016,1,928,RGI2000-v7.0-G-13-64317,a4b3784ab233f7319d0ecd301d5c68d50b96b1229590c1adf1f86a25fffc230e,598,False
aru-2-2016,1,928,RGI2000-v7.0-G-13-66096,a4b7121fbfc58e3638027b61f72b882b91ae104dd5a94d0291950f495b7b67f7,599,False
aru-2-2016,1,928,RGI2000-v7.0-G-13-62842,a4bfed1ac471efbaab26f1150c608515cb199d11dc0d9d09ac19628e7ac2a86e,600,False
aru-2-2016,1,928,RGI2000-v7.0-G-13-67449,a52c7c2b26fb63a3d54162409afdd9774597c92b5538c085fd843f89304bd36e,601,False
aru-2-2016,1,928,RGI2000-v7.0-G-13-57405,a530543b553d871e9f16814c53d74e132684884fc1a4d56146b8f6f97bac5b5b,602,False
aru-2-2016,1,928,RGI2000-v7.0-G-13-58528,a54af879d47f736058226f6ab1dcab75ecb7d4ff6bdb87a81cc521aea2163953,603,False
aru-2-2016,1,928,RGI2000-v7.0-G-13-58234,a6167af949ea36a47c4b7318a17e793f64a47c7709bbe56057ebf5ed429a5b87,604,False
aru-2-2016,1,928,RGI2000-v7.0-G-13-64838,a61964bfdfb6d479795bc3457ba81234922dd17cf12c04987c5ed291771b6ae4,605,False
aru-2-2016,1,928,RGI2000-v7.0-G-13-61558,a68ceb89b2c77dbe1df418f27e9f51484905f4b019bf2b8ef2595520bcb31671,606,False
aru-2-2016,1,928,RGI2000-v7.0-G-13-57440,a693325c47bec93e929f12a9d2538ad9cd8a8cf68af3a8b7933860377bcfa260,607,False
aru-2-2016,1,928,RGI2000-v7.0-G-13-59687,a6b5fecb64a74bef2ada35ed7b99ae93d7438e592d94545155dcd0309a2268a3,608,False
aru-2-2016,1,928,RGI2000-v7.0-G-13-57447,a73b161f019b5133e5102e7dad09f52b4560895ebd803c6acd038549192a7e4e,609,False
aru-2-2016,1,928,RGI2000-v7.0-G-13-64368,a761d8e0b3c662d6651cf64d97bdacd75c5a8046d272e1eb465f7b2d5268b51c,610,False
aru-2-2016,1,928,RGI2000-v7.0-G-13-65255,a7a6c7e484fd47d20ea57dd513e644ef6866515a75876e6034ae1a56b245b748,611,False
aru-2-2016,1,928,RGI2000-v7.0-G-13-65984,a82936120c4129978725fef3b751ae233b752422104641c3ff10963925456471,612,False
aru-2-2016,1,928,RGI2000-v7.0-G-13-64352,a84ec05c84e02805fb3c98652e8b9a275da9792ba9e4d19bff3509ec53243414,613,False
aru-2-2016,1,928,RGI2000-v7.0-G-13-61003,a851269fd0fe32899861c012b870973780d627be54bfca02804e37d3ab842a31,614,False
aru-2-2016,1,928,RGI2000-v7.0-G-13-62706,a88fdcbff129f9f658f6c25f70d57255794fb4c72f43c99c2e02c4688fe4c640,615,False
aru-2-2016,1,928,RGI2000-v7.0-G-13-61548,a8a79034ae717b479e27ca16d68b333c9251d442ee03c23e5a3ef4b2d62810e0,616,False
aru-2-2016,1,928,RGI2000-v7.0-G-13-59533,a9269f1078ab2ed69b1a872e730159e87fa95da7fb0dca60612ea0ecf5eb1fee,617,False
aru-2-2016,1,928,RGI2000-v7.0-G-13-65446,a92ac7fc4df75cbab84f4280902e603b5a54b6d740624be01c6e1b820bda8450,618,False
aru-2-2016,1,928,RGI2000-v7.0-G-13-67779,a94ca6f613bb2b34c1a63e4fcd8dabda45e8129b1b68b8192a3683017c500d9c,619,False
aru-2-2016,1,928,RGI2000-v7.0-G-13-65230,a9e44fff0dd3eab525c93ea8225ccb94c487dcca93b42039d420ab7d4a68e375,620,False
aru-2-2016,1,928,RGI2000-v7.0-G-13-63264,aa20519e8c0c68805c8b801ade4af598b2a479130458bef8211c2b28841deb7b,621,False
aru-2-2016,1,928,RGI2000-v7.0-G-13-61092,aa333f34e227b320d17a0256f8e41ceec134e5cef226a909df71f4d640a49f71,622,False
aru-2-2016,1,928,RGI2000-v7.0-G-13-63403,aa8c3f03718ea451f3baf169d8d9d60fa356a651f91b41e14332f12542a39128,623,False
aru-2-2016,1,928,RGI2000-v7.0-G-13-66345,aab1c423e65f0c851961d9d999985b18c0f351cdf45d293dc3e906719ac580d9,624,False
aru-2-2016,1,928,RGI2000-v7.0-G-13-57483,ab189f25e49e5626057b6e61ab8125c7822033a1bb6b2de52dcd54fa350896df,625,False
aru-2-2016,1,928,RGI2000-v7.0-G-13-60632,ab2474a3be58299c088469324182a90fddd1a6978837bc3fff080b0898da5fe0,626,False
aru-2-2016,1,928,RGI2000-v7.0-G-13-65026,ab2f228ddbf6a21060dde5aa15380978a9c1f16796f64d1cb84631bd1cc2ff1c,627,False
aru-2-2016,1,928,RGI2000-v7.0-G-13-65418,ab89d159397663a2226b0a6250f3c68b617010572ecdcb5dbc861516572bbf47,628,False
aru-2-2016,1,928,RGI2000-v7.0-G-13-59213,abfbbe8cdd1a2a305baca26661d17f341c36d2ee80d376128027e970d5bf9a34,629,False
aru-2-2016,1,928,RGI2000-v7.0-G-13-58870,ac13dcab83d0e38c8eae9a9f4be49c1ae71374f8212f0d1a1947d2671e9f7cf6,630,False
aru-2-2016,1,928,RGI2000-v7.0-G-13-63324,ac168c88af13ef5658223e7f24f953ad2ea2e4a79c82da33d59e64ddd83d843b,631,False
aru-2-2016,1,928,RGI2000-v7.0-G-13-58833,ac5efef0d0cfd4535ec02626079fbd58c973157ea801559a46c8c723ec335f42,632,False
aru-2-2016,1,928,RGI2000-v7.0-G-13-64852,acc3bc7c0e7e8e4cad98b3a2f0991522b9c0291a7b8e238d6dacee6d7147fc61,633,False
aru-2-2016,1,928,RGI2000-v7.0-G-13-58705,ad683cf94bf1620e3c5b69fe620ac1ad22302ae43be6a51b5ff8b64d20433189,634,False
aru-2-2016,1,928,RGI2000-v7.0-G-13-59641,adcd2bcb12d2b2e35ef48b2896ae5c7db6ec5378cb1664a7dd628f694760cf28,635,False
aru-2-2016,1,928,RGI2000-v7.0-G-13-61569,ade2763cc94957823fedc82509064d99e0c6f32b957ee8f1ec07bf9ac8e6020f,636,False
aru-2-2016,1,928,RGI2000-v7.0-G-13-61990,ae5c0a537dc46d1b9e78a501d9366a7d6e8d426b808155bf912d9928ef470dce,637,False
aru-2-2016,1,928,RGI2000-v7.0-G-13-65474,ae609b24e284e957744a7d33acfd21c4acf351af5c112eb1ee5122e0335ee4b6,638,False
aru-2-2016,1,928,RGI2000-v7.0-G-13-61712,ae9c84be3f2ca487f6fd5e1fbee67dea9215fa3a82da069f0e672452094732ad,639,False
aru-2-2016,1,928,RGI2000-v7.0-G-13-61955,aee9aefdb75328a54f8973693af1b7fdb203717014149460b2b97a72b3cc04ba,640,False
aru-2-2016,1,928,RGI2000-v7.0-G-13-58389,af7bd3d3ebbcd04be06ade69433487a8fbe138bdf1874dd3e12b88577b3559ec,641,False
aru-2-2016,1,928,RGI2000-v7.0-G-13-58519,afc9639dafc6853f75fb8d4056c65558fcc3e42a8c656ec997513b6aec54fcc0,642,False
aru-2-2016,1,928,RGI2000-v7.0-G-13-63627,afd41aa861212a674d8e48c6b5cadd5e784873e5f455604445f244d4e0c5b9dd,643,False
aru-2-2016,1,928,RGI2000-v7.0-G-13-63121,b039e4771e477b87f88b778330f1703bf74889d75adbcb24d9ec3da9161a2dd9,644,False
aru-2-2016,1,928,RGI2000-v7.0-G-13-64707,b068344b42397724201a3d12d8d2483f58866c66e748852250e36b7fede653a7,645,False
aru-2-2016,1,928,RGI2000-v7.0-G-13-64570,b06c935d7c0e2a96b87f1180d617a6117e4db50f8e9ef87b2027ccd44ec102fb,646,False
aru-2-2016,1,928,RGI2000-v7.0-G-13-68015,b0a30592c9634061d00297de20c21426cb74d60c5408991e158cb0bae10dfe70,647,False
aru-2-2016,1,928,RGI2000-v7.0-G-13-63283,b113d1d1fc00a9d61b6497f3eb1d1f02e6d23f5bcc2cf259201a68b3a1f922a4,648,False
aru-2-2016,1,928,RGI2000-v7.0-G-13-66271,b14214caf752ec3122360103f029b8a15aa32d31e034f2ca7cbe1e85caea2276,649,False
aru-2-2016,1,928,RGI2000-v7.0-G-13-58795,b14e88a0d887c75e4c67e8cf53f07519fba945a4fe457ddb184a12b53a4c9f28,650,False
aru-2-2016,1,928,RGI2000-v7.0-G-13-59166,b1d279e0146857997466a50166e6524c7e353a6735357e1075396f6b9e7ea78f,651,False
aru-2-2016,1,928,RGI2000-v7.0-G-13-59780,b1d51e460bf1af800291438cff30cac8398a3a35a4704573c7072c23a35bf0e5,652,False
aru-2-2016,1,928,RGI2000-v7.0-G-13-66168,b248ec9398bebc849094e91002fdc2b42e84839561588f5778add21069094618,653,False
aru-2-2016,1,928,RGI2000-v7.0-G-13-67623,b25dcc35f649bfa1f7739dd1f73eb8c712cb90ff1b24f4bb0d70a8b61432b981,654,False
aru-2-2016,1,928,RGI2000-v7.0-G-13-58806,b25ee99b9ef17b11b596b74990cd51252b9e97e2af8b9468206614a618aae997,655,False
aru-2-2016,1,928,RGI2000-v7.0-G-13-59685,b27a6d62f07e05a07a42b1f2b0c481ab1884d56344d04c093d5792411bc5d5da,656,False
aru-2-2016,1,928,RGI2000-v7.0-G-13-58457,b2b99b2c3fb56a41aa198fdb9b0e041cc827d291b16f5640bf73d24910955e99,657,False
aru-2-2016,1,928,RGI2000-v7.0-G-13-59342,b2d7d2e7764d3315da99007be339bb7bc213bc8be22b6f92f58eca238bb9e447,658,False
aru-2-2016,1,928,RGI2000-v7.0-G-13-63745,b30c9048a1188a26ae6acbdea7596844a7bdfac7905ecf454f2cf49c33cee058,659,False
aru-2-2016,1,928,RGI2000-v7.0-G-13-63889,b335e75f3a9d4f4ab23e8ad9b95624be2f882eb3dc4343d1aaf59bcf5ac23c4f,660,False
aru-2-2016,1,928,RGI2000-v7.0-G-13-57188,b3c1dc6a9a6dec1eacfa50840d52272d56620d8c35bdb4fbedcba6281e20e3fa,661,False
aru-2-2016,1,928,RGI2000-v7.0-G-13-62305,b3e17e0cb83bc8807c6c9d7b4e8827d20800c248828723b4477ebbfee3e9cb53,662,False
aru-2-2016,1,928,RGI2000-v7.0-G-13-66531,b3ec51d8030041ac73ddb210eeb1673985bf26a4bffeadd7db10e959a04386f1,663,False
aru-2-2016,1,928,RGI2000-v7.0-G-13-60260,b3ef3a4ba9e1bcfab1e326f7613547b8d0f204796fd58ce071ddad9b909956ba,664,False
aru-2-2016,1,928,RGI2000-v7.0-G-13-61021,b43220984a460f9960360b695bc9dcd1e67e87800efaa4beed8a97d1731d3d40,665,False
aru-2-2016,1,928,RGI2000-v7.0-G-13-57612,b4cb60ef84947081ce7ef2b7a82a77645f75ec3df9856e238c608b1937964b4e,666,False
aru-2-2016,1,928,RGI2000-v7.0-G-13-66724,b5a633edc25dcec9923db89f8eeafa65eea5b8e7aad023a1b546cd4163d3e089,667,False
aru-2-2016,1,928,RGI2000-v7.0-G-13-66713,b5dcbe9b34d64649690bcf2cf3c58819d0a0063ed0c702f6e34ca4f0fad327da,668,False
aru-2-2016,1,928,RGI2000-v7.0-G-13-60255,b60a612c5bf283f00d72dd63500de2b61d9a33b7043383a90a14d6a940f7fb9e,669,False
aru-2-2016,1,928,RGI2000-v7.0-G-13-61978,b60ef4afaa5b2600fbd305e961d0c5dae0900392a3aa721e648f0626b8ee811a,670,False
aru-2-2016,1,928,RGI2000-v7.0-G-13-60120,b651eb3ea202cece52cca45fa60524f3ddea1a00330c904edeb6add26ffbe268,671,False
aru-2-2016,1,928,RGI2000-v7.0-G-13-63540,b6c19d22793d681ada40f10439b695803f2cc616f47023fe31862976a219d9e3,672,False
aru-2-2016,1,928,RGI2000-v7.0-G-13-65962,b6db34472ee7dd871b22611206bf4726c508c99371a4d37ca50b34b40da08bb0,673,False
aru-2-2016,1,928,RGI2000-v7.0-G-13-64087,b70091f25cf2ee535f4c7256e5b40580a203bf2a402be87725b520ec5e9acb49,674,False
aru-2-2016,1,928,RGI2000-v7.0-G-13-61981,b748cefff897e9190a1100b923df399b4b7bad62082b85c1b8d7dd5f95557540,675,False
aru-2-2016,1,928,RGI2000-v7.0-G-13-65833,b74a69ee2bca622b03c5ddd836653d959508a9a086014da62d1fd3f821402fc2,676,False
aru-2-2016,1,928,RGI2000-v7.0-G-13-66163,b787564847a6b3241506e4db57a25c50c86b4c0266c6ad2ca232f891ca26a5db,677,False
aru-2-2016,1,928,RGI2000-v7.0-G-13-65805,b8218128c6b9a0d06388ffafa0fbef54b76c03ff7085598e0ff0df8402bc2f9b,678,False
aru-2-2016,1,928,RGI2000-v7.0-G-13-62855,b865c84c6adc6c50e28750cec796c48b5ceb8e96b893c55ee5067525de78f319,679,False
aru-2-2016,1,928,RGI2000-v7.0-G-13-65630,b87d5e62c67134e83ae2f9e01edfd933af60ef8336578ded8cd6969f663d01f7,680,False
aru-2-2016,1,928,RGI2000-v7.0-G-13-61782,b95f78db4542f7a38109e1b6d4cf0ff25a678c2386b924b7959b2a85f58ce8a6,681,False
aru-2-2016,1,928,RGI2000-v7.0-G-13-58805,b9ca8864f13d07f35d816f930f5ddb7241ef2f1a860ccd7e3ad78c8e8fc9e907,682,False
aru-2-2016,1,928,RGI2000-v7.0-G-13-64008,ba7d4bda01e8f759464a5ff05f5c0f24a531f1591bbf30e657f07032dda66af4,683,False
aru-2-2016,1,928,RGI2000-v7.0-G-13-63659,babdf14246986178a02ee9bd1a351b49a23db59c63a2c11eed4965ddcbe42d03,684,False
aru-2-2016,1,928,RGI2000-v7.0-G-13-58239,bb33751410f3136f10568dc944162e08fa78e0d1af3129f5aeef6e1d5881d863,685,False
aru-2-2016,1,928,RGI2000-v7.0-G-13-58362,bb64cb50d56ef4e0fcec4ac4d7159226d1335249c68889c93898e111997a2a66,686,False
aru-2-2016,1,928,RGI2000-v7.0-G-13-59147,bb6937ca1ed64d2cc3e80de18b9b69216583897c463276e581250313e13a079b,687,False
aru-2-2016,1,928,RGI2000-v7.0-G-13-66569,bbb404bcdeeaaa357436f4f1cd5ad625db03d2aeec0412627e6fed01dbd7e4b1,688,False
aru-2-2016,1,928,RGI2000-v7.0-G-13-64329,bbb709e3921779a73f3cd6431be83aecc5d66b439f415f1fc4a888935f43ee8c,689,False
aru-2-2016,1,928,RGI2000-v7.0-G-13-62085,bc58dbe9da5b530aea7a7779f2f11956fea19636104188a01cdfe5d66e4b649a,690,False
aru-2-2016,1,928,RGI2000-v7.0-G-13-66908,bcbd70a3e4ddf149d88f6678738e2f291ad06dd1e3f7ceafbfca820a1e659ae5,691,False
aru-2-2016,1,928,RGI2000-v7.0-G-13-59689,bd1757b494af071d1d5ca0924719fb1989d9473e6b0df9dfe84e736c54ad480f,692,False
aru-2-2016,1,928,RGI2000-v7.0-G-13-64587,bda215031c08b6074d192bb784414893c900f21edd2b6736b251cc414ca4ed81,693,False
aru-2-2016,1,928,RGI2000-v7.0-G-13-66344,bda4dadfdcd72a67ba52b06fc8ecb91e60a7414b2903357fe2ca79fb9af37e33,694,False
aru-2-2016,1,928,RGI2000-v7.0-G-13-65173,bda4f99c44a22ceb1512728e2ddd84d6a78d5eb644bd35d727814f4761fec12b,695,False
aru-2-2016,1,928,RGI2000-v7.0-G-13-61933,be11d76129319819abc97223d20b3ff6872ac3fb04198a59933a5d2932d55a94,696,False
aru-2-2016,1,928,RGI2000-v7.0-G-13-65683,be3246eb69636e9b8bb6cced9fac7b61405022f11e237497fbc42104eacb71a8,697,False
aru-2-2016,1,928,RGI2000-v7.0-G-13-58694,be6ef55e501073c4c2aeb6a70c2ee173fd030fdc6f95517a2c14b1adcd6ef973,698,False
aru-2-2016,1,928,RGI2000-v7.0-G-13-65247,bf7b2c4d8dd7baac22ec39e96e0cf97291d5385580fccca27f8519c50b558ff2,699,False
aru-2-2016,1,928,RGI2000-v7.0-G-13-62219,bf92f55c98b70472d40d43a07fdd81d26b7635dea775c7f398c1e96d7032b70d,700,False
aru-2-2016,1,928,RGI2000-v7.0-G-13-60194,bfaf8e614a5f7912616eba9d44a8b5fcd4cacf854437dab5ced3d9a413ebc433,701,False
aru-2-2016,1,928,RGI2000-v7.0-G-13-66086,bfcf3eefaf00681e8c7648c7864fa0e8a815fdd978323e0fb3a5190552988a17,702,False
aru-2-2016,1,928,RGI2000-v7.0-G-13-65608,bfd1a0331e34cfbf6e0bfec791e279cabab0d35f97af92a4cc7dce0473409017,703,False
aru-2-2016,1,928,RGI2000-v7.0-G-13-63370,bff4320bb4321ddcc6c86edcad726958a476cbc86c032f182e93671236eb9b2a,704,False
aru-2-2016,1,928,RGI2000-v7.0-G-13-65426,c043875a1de8535a79fea2c017c3c5345a9241d58bbc0e9be3f1da05be05dab0,705,False
aru-2-2016,1,928,RGI2000-v7.0-G-13-66382,c09b35214e0869df673db4894483324f69d26479ff5175d8e7422780c88824aa,706,False
aru-2-2016,1,928,RGI2000-v7.0-G-13-62701,c0ab13892b15fb36b372bf3aedd4fb5e637f4d85a5243f4662594560793d32c1,707,False
aru-2-2016,1,928,RGI2000-v7.0-G-13-61520,c0d88efcf3246b7e71068aed851b43e1b884bc548066de4e784be5ec78899c3a,708,False
aru-2-2016,1,928,RGI2000-v7.0-G-13-67255,c11a8d9228c3a2668dffd2053140147598d89e9b3503e3afa80812577440e07b,709,False
aru-2-2016,1,928,RGI2000-v7.0-G-13-59507,c12ba2fb82b30145d2e5bf596dbc7eabfb443927c8884c5326deea96fd297419,710,False
aru-2-2016,1,928,RGI2000-v7.0-G-13-57502,c13f5d4548437ab2dda5e7e1b80cfcc33e3a100fa385211b6010f4b9ccd3741b,711,False
aru-2-2016,1,928,RGI2000-v7.0-G-13-60857,c147376f09f58c58015a961886566a6968efa7b2cb978bd1f75b036861451ee2,712,False
aru-2-2016,1,928,RGI2000-v7.0-G-13-60011,c1ce19ce1b47b894c38f8a59b0b977d85fa8ab476708215a01054f4ad7f96376,713,False
aru-2-2016,1,928,RGI2000-v7.0-G-13-58703,c20e58a14c0922a57bfde4382cc373614cb2580618f36c07fede35fe18247ebf,714,False
aru-2-2016,1,928,RGI2000-v7.0-G-13-60080,c214f8d08850a2939d81d46d321abe4e127dde6815e20e35f97fc740de91bbf0,715,False
aru-2-2016,1,928,RGI2000-v7.0-G-13-63543,c3177a197f9604cd15be5db77f1632db5971f50de75b6fd34ab90cea3d686d0e,716,False
aru-2-2016,1,928,RGI2000-v7.0-G-13-60433,c364ff6044a078877e0a1765fbff07bba691b02a4c3fb1a13fde9046b5b8c429,717,False
aru-2-2016,1,928,RGI2000-v7.0-G-13-64420,c37b5b787599eb3757b83354206a30bddbed687d928ced3b04cb85e512c2a96c,718,False
aru-2-2016,1,928,RGI2000-v7.0-G-13-60218,c43ec9d25cafddbe11a7ee2c64b95133a8e3a449e066943579aa447144b57902,719,False
aru-2-2016,1,928,RGI2000-v7.0-G-13-65969,c4f304aef44b63fb99ac8b711fb583ee657d17651375f4409b4ca43fabc6ff62,720,False
aru-2-2016,1,928,RGI2000-v7.0-G-13-62817,c53e3ac3a7a921b20bcfbeae7bd9c64bc8dc0c0e53d8cbfa48e7e686aed70f75,721,False
aru-2-2016,1,928,RGI2000-v7.0-G-13-60267,c622f5784eac8e56a5e8a68dd897a75037e3b3c7b3998abf892927d6832ac20a,722,False
aru-2-2016,1,928,RGI2000-v7.0-G-13-64361,c69db6bf02c3b2ceb78c90d6248fbdcbff93d676dcfbba4e335dd0f84a971f2e,723,False
aru-2-2016,1,928,RGI2000-v7.0-G-13-62789,c6a862fe296b1d70d29c44be3e586e102a6e416359b4f6de4d7c5be79774ad3d,724,False
aru-2-2016,1,928,RGI2000-v7.0-G-13-60869,c6fd17c64c5ec9f1e7869f09f994271b6e817e90c5ebbc2bc7812575e220399a,725,False
aru-2-2016,1,928,RGI2000-v7.0-G-13-58637,c727e522d5b500b09cbe3c3673ea5f172f5cf0d98aa1ca258abc9106dfa83a5e,726,False
aru-2-2016,1,928,RGI2000-v7.0-G-13-59481,c75b010dcdb904f0075f74a08f0a800aceb185c1a8536c37a0cfaf72220d75ac,727,False
aru-2-2016,1,928,RGI2000-v7.0-G-13-63269,c798ce8690b6b4ef052fbcd94e4309944405e1cc2594ab6d565df4e804e96895,728,False
aru-2-2016,1,928,RGI2000-v7.0-G-13-65832,c79d00a73cbe75c9e81fa288723f5c08742e1825bf16fc87162f6fc7f43a6b96,729,False
aru-2-2016,1,928,RGI2000-v7.0-G-13-66820,c7f350fec89dcf77c812af82f85dd8b29f439e6d5112d67a15d6792900cd63a3,730,False
aru-2-2016,1,928,RGI2000-v7.0-G-13-66273,c7f864f1d7f4ee1735c97df882ecaf079126792caef61c5829376574c4832a67,731,False
aru-2-2016,1,928,RGI2000-v7.0-G-13-58187,c814c07f5206e8b96cf30aabcd28dc61b3fd162f223ae05c5911ec7ce78af99b,732,False
aru-2-2016,1,928,RGI2000-v7.0-G-13-60254,c84f4154d8b5c2f6e4bdb9983e414ecba1450e217e919cb814a7beb1f330c7e4,733,False
aru-2-2016,1,928,RGI2000-v7.0-G-13-60278,c8788cbe34f2877bdab85b51bf5e43ab62b4c7a817865c7691ba97c667624984,734,False
aru-2-2016,1,928,RGI2000-v7.0-G-13-60015,c8ab6e170748c75f7f50f1643e9b0c645fab55cc693e49a922aaa758d86488e9,735,False
aru-2-2016,1,928,RGI2000-v7.0-G-13-65219,c9010a53bc07337da4d01543e96807c2ed1f31560366f8caa77491a3e290555c,736,False
aru-2-2016,1,928,RGI2000-v7.0-G-13-60541,c90b2c1e1571dd39a34d08969e5fa92a8fbc573c697f9ece26dd607c6671348d,737,False
aru-2-2016,1,928,RGI2000-v7.0-G-13-61673,c97f9aed12d893174bdb687c400c53711f5ebd2c173328de14693be5a8d73baa,738,False
aru-2-2016,1,928,RGI2000-v7.0-G-13-61215,ca14528d24e27329a42703f83c7a4b304b28a5b5e994e7d0d9b2d58c3ec04ac4,739,False
aru-2-2016,1,928,RGI2000-v7.0-G-13-58531,ca8bdee6ab6a436725e0ef5e10528ed4b4bd8ed305efa609e0f55067cb80eedf,740,False
aru-2-2016,1,928,RGI2000-v7.0-G-13-64399,cac910928bdd662212c44419018a73f4af62968f15c52f37a3812e7a143b2ea6,741,False
aru-2-2016,1,928,RGI2000-v7.0-G-13-62669,caccf33409d577268e01bd9e0011115b1ad706b71dc678c7447064d76cf46ef2,742,False
aru-2-2016,1,928,RGI2000-v7.0-G-13-61740,cb015968f46a0395b7bf9b01eabce77e0694c230b466daa78e916bd95b120e19,743,False
aru-2-2016,1,928,RGI2000-v7.0-G-13-63400,cb100359fdf2a15a62cc1f4e5929af9dd8e4c98f811fadc37ab04dc15a5712e0,744,False
aru-2-2016,1,928,RGI2000-v7.0-G-13-64172,cb8e67e709fe3e72a45107b95cce546e15b7fdc5efef5446ca46e85918d6646e,745,False
aru-2-2016,1,928,RGI2000-v7.0-G-13-60485,cbbe7a4ce9ac504a0d59c4ce1f0055ad88831bdab6bf1516cf3495be4d7f5f24,746,False
aru-2-2016,1,928,RGI2000-v7.0-G-13-59214,cbd4bd03a5a922694da4118a89c71dda3c0dba0b28c85a22d9182118bd057059,747,False
aru-2-2016,1,928,RGI2000-v7.0-G-13-59619,cc2fdf3fe856338b989bc8c92a5393a480f8dd9261e47de13eae04946bb2ab3c,748,False
aru-2-2016,1,928,RGI2000-v7.0-G-13-65316,cc6c28688f151d56fa65977a90cf365714278005e5bd756629ede42fb69ddc1e,749,False
aru-2-2016,1,928,RGI2000-v7.0-G-13-67461,ccc530e5c8b7ca56995d31c2d1f94a7a83ee2cbedc0e5a8b0356c48f4af55870,750,False
aru-2-2016,1,928,RGI2000-v7.0-G-13-61692,ccd1724847a26854e2444d997c3924049054ee47f2ea54ab572bdda5eaed0b82,751,False
aru-2-2016,1,928,RGI2000-v7.0-G-13-59894,cd38aafe2b1b65c959330d4db177e996d5c89aadf60eea180074a7a4663caac2,752,False
aru-2-2016,1,928,RGI2000-v7.0-G-13-59474,cd45e83ca7cb0e7b6c75f149ea8005e8f6e235326a15cc1a19f9d7320306c78a,753,False
aru-2-2016,1,928,RGI2000-v7.0-G-13-61484,cd5f9ab7f50355784821891cb350d6cb6e260285cfec78963e0b4ba70ec0f24e,754,False
aru-2-2016,1,928,RGI2000-v7.0-G-13-63986,cdf440acae66c851755ac29d6702a80bd74b03648caa6cb33d6274a4913bff09,755,False
aru-2-2016,1,928,RGI2000-v7.0-G-13-66464,ce2f5c9e196c2533b5ef5d14595550c9fcb1bd214666e1be4ef42b0ec4c785a3,756,False
aru-2-2016,1,928,RGI2000-v7.0-G-13-65427,ce40b4c2f9a9dfb24095fe914adf6e210f15eb217f560592cf6164ce6e21d496,757,False
aru-2-2016,1,928,RGI2000-v7.0-G-13-66498,cebb5d48dc905b9d3c10c21cf87165e7612d37af05cfc9a89993a8f8ead8110e,758,False
aru-2-2016,1,928,RGI2000-v7.0-G-13-66048,cf72e5cb03a92489f850401b58c1b90fcb94c4b7b547e63b8b158d65947411be,759,False
aru-2-2016,1,928,RGI2000-v7.0-G-13-63128,cf983d61003e1aea6392a6c1d8a7df078e54bac1cd33fe7543e42743088a4b1a,760,False
aru-2-2016,1,928,RGI2000-v7.0-G-13-62362,d009436ad0c48c92c36d8a93fdd2f8b1ee7c969f798166d8b1d8bdea254ebfff,761,False
aru-2-2016,1,928,RGI2000-v7.0-G-13-59480,d03071ae810b61cf9bfd57292a31c0719402c8a786925198458f61fa1240c162,762,False
aru-2-2016,1,928,RGI2000-v7.0-G-13-65831,d09c48c262d6524bae9fd1180213592c85546ee915345026ccba7ee710d4ff9c,763,False
aru-2-2016,1,928,RGI2000-v7.0-G-13-59351,d0d3018677a4dd86a8ca7057eb2a228db6fe5e67129a58a9156e954b41411915,764,False
aru-2-2016,1,928,RGI2000-v7.0-G-13-66307,d18a161b885259c078e2cc7a01ebd197221dc61ce1e34a127d94903e080e5bfe,765,False
aru-2-2016,1,928,RGI2000-v7.0-G-13-58924,d1ad957fbcbd1f2bddcada2238974d9d855e75d3481388ee72255f7e8d537651,766,False
aru-2-2016,1,928,RGI2000-v7.0-G-13-59927,d1e9299ad24a9cf60f444edf89c272fcee524a229aaed8599862f13bc7532541,767,False
aru-2-2016,1,928,RGI2000-v7.0-G-13-62721,d249aeca0d6fae69c21709cf0d96316a435649cc5d46634a95632551d2578a45,768,False
aru-2-2016,1,928,RGI2000-v7.0-G-13-65386,d24e92e35b755e444046153bfcb4c628a843ed072fa9a7b3a142b0013628d19b,769,False
aru-2-2016,1,928,RGI2000-v7.0-G-13-57342,d25d17cff51274fa28b8ab78690ff2c615b3529b58fa29ebfcb6b4ef043b6038,770,False
aru-2-2016,1,928,RGI2000-v7.0-G-13-59841,d260fd9ef35313eb05252c3f9da27241df6e3c66211c8de8fb3002df52052686,771,False
aru-2-2016,1,928,RGI2000-v7.0-G-13-57525,d2dcf0d098fe93a87ac9784daeeff20de88163cf3e019937f10a3dda252056b3,772,False
aru-2-2016,1,928,RGI2000-v7.0-G-13-65720,d3434da37c95235f3404f6463ad62d1166584eee27780105af0ddf1ec0f0af3c,773,False
aru-2-2016,1,928,RGI2000-v7.0-G-13-66605,d37fda559d5d05a96732a5737782b538d6b8d740d61179ce4543bafe0e7d9b1c,774,False
aru-2-2016,1,928,RGI2000-v7.0-G-13-60350,d4e21f19f7fb02f94d7dedd997ddbf7fb44d4880a726b439b9bf1d23dbeca5c6,775,False
aru-2-2016,1,928,RGI2000-v7.0-G-13-65965,d50ec1993306520f2cf9c298581961de2ba77779b8219ed75b962c43e1b76862,776,False
aru-2-2016,1,928,RGI2000-v7.0-G-13-64327,d591e2b09547680b6a1e26edc941a6f8a08c3f1f49e403d31c8cdcde81b25d9d,777,False
aru-2-2016,1,928,RGI2000-v7.0-G-13-66579,d5ab9682b14cdc592d53cb40a4fa234272c73242608dc5b6c65c1407166eb4e3,778,False
aru-2-2016,1,928,RGI2000-v7.0-G-13-65121,d5b5201538de0368d2464d6146967f78b4f226b68213e2262db383303fc2be4d,779,False
aru-2-2016,1,928,RGI2000-v7.0-G-13-58687,d5c545e016c03a0c6170fc67be29c9da706db1eb6e4dc9de5e726088e23f2876,780,False
aru-2-2016,1,928,RGI2000-v7.0-G-13-64555,d5f6040fbb0bd126e5c18b6bed770c9e17373ce168e3b10f97adee049a6d712e,781,False
aru-2-2016,1,928,RGI2000-v7.0-G-13-57434,d6532b2d7a5ccaf14f05276ade4a1d5d678c06e3b079cdaac702b076387cef58,782,False
aru-2-2016,1,928,RGI2000-v7.0-G-13-65864,d682ae48cd3d44e0c6782498f867b571677eaa2f5bf2d15312681fb58e679b2d,783,False
aru-2-2016,1,928,RGI2000-v7.0-G-13-65323,d68eef4118343a1fa0d498690b0fd37c113a68bc07aa805c5fe568dcef6b7520,784,False
aru-2-2016,1,928,RGI2000-v7.0-G-13-65975,d6ac5ed78d4ff66efd01f9b964aafa4c9f273c7b73ed5f1b847a934dd4c06804,785,False
aru-2-2016,1,928,RGI2000-v7.0-G-13-62708,d6fb74c2b50a4beddfa78a21c32bdb23b05ccdf27161893f1ee6683fe651a098,786,False
aru-2-2016,1,928,RGI2000-v7.0-G-13-60580,d7079e9756b28a5135cf9684a87e2b10f9798d367ad4d2d1e28e02a2f5e4ba0d,787,False
aru-2-2016,1,928,RGI2000-v7.0-G-13-61562,d79c8194dee5f105abb1c4c38a9126ffd1b521bffa45000ef5a16f947379e158,788,False
aru-2-2016,1,928,RGI2000-v7.0-G-13-59182,d7a7a6cc8332193980eca81240cddf9f861aee1252b64c6b0714fce4c64bbcaa,789,False
aru-2-2016,1,928,RGI2000-v7.0-G-13-58745,d7ef0887a69667e2cdd62d5aa4f44e4d8b899fd038a6fb3e59c63cc11fdf73f9,790,False
aru-2-2016,1,928,RGI2000-v7.0-G-13-62287,d8a590d3498590e9f7870370d8f1a919c05c160a9757f1f477139ab3917b04e5,791,False
aru-2-2016,1,928,RGI2000-v7.0-G-13-63943,d8d48cfa5517ccb114a460db3bffafa3e6d7573f02b62184a47a8abf9e96206f,792,False
aru-2-2016,1,928,RGI2000-v7.0-G-13-66559,d903adddf72f2e4b2060309579457d8d9296057273bba8b69b21726943b17d40,793,False
aru-2-2016,1,928,RGI2000-v7.0-G-13-59183,d989cb823d8a121b80ca5ae7d0b871da15e44169dc3032cce4ef603726472f9f,794,False
aru-2-2016,1,928,RGI2000-v7.0-G-13-59594,d99a043bbe63a12ddfcfe76feb0313827a9257547f3a80471bc457c8e8077e29,795,False
aru-2-2016,1,928,RGI2000-v7.0-G-13-59776,d99b768e6c717d234f7af7d2c63c7c9b34ea5e71c2eb7eb12c024e5cfabae096,796,False
aru-2-2016,1,928,RGI2000-v7.0-G-13-60276,d9bf52ebd3633ec0d54400aab90f6d07016a9f25529359758ecf36cda8bd3e58,797,False
aru-2-2016,1,928,RGI2000-v7.0-G-13-60124,d9cecb034f19b1a9f12134bde5dee3f92250b1a7cb9e3125b5646ab2571da966,798,False
aru-2-2016,1,928,RGI2000-v7.0-G-13-67155,da3fe6e89d8653213e08b45148c4bf29f0d6bbbde92d7d3161304c0421ee1e0d,799,False
aru-2-2016,1,928,RGI2000-v7.0-G-13-66643,dae122cb91c1da4e878b34ab8c23146156f52be9f2189efbe95c05a428d2245e,800,False
aru-2-2016,1,928,RGI2000-v7.0-G-13-60328,dae9f5ad6469f0d89d7af1ed262f46515182223abd3421ca560c8774b7ef68ac,801,False
aru-2-2016,1,928,RGI2000-v7.0-G-13-66166,db0aafa0e7f288ff255c558484146df4a80d0e5c78e08e861628bbac5972407c,802,False
aru-2-2016,1,928,RGI2000-v7.0-G-13-66890,db12d71a9919f7adc560b40c43ebecac11db6c6262e5dd9db0ff3fa713a37d20,803,False
aru-2-2016,1,928,RGI2000-v7.0-G-13-64400,db1ce964a2b2b8266de572e2aab8aee858d05ac13ba15a3265c896b8b49bbfdb,804,False
aru-2-2016,1,928,RGI2000-v7.0-G-13-63450,db80bc0b4c5f486e3d9d23622c47cd178558b38f3fa3fcc54d3fb64188fd6b95,805,False
aru-2-2016,1,928,RGI2000-v7.0-G-13-61155,dbb5060992cff89cdf1403cff1360ab8c77ccf627fd8b5cc6641ddef969cc776,806,False
aru-2-2016,1,928,RGI2000-v7.0-G-13-66729,dc4dce8560467166771a41964ad384f6eaf5b903a90b7615c1fb22079f8d174e,807,False
aru-2-2016,1,928,RGI2000-v7.0-G-13-58412,dc9032d4ebf480a28b25c5f1a145e06a0979ea65922d23ff4302c1a76cdd92d2,808,False
aru-2-2016,1,928,RGI2000-v7.0-G-13-65990,dd5de3cd6c4de3a2b04ffe6954cc2149bb55bf92c70f5b099bb733668973d365,809,False
aru-2-2016,1,928,RGI2000-v7.0-G-13-64794,dd939ce6e6446ad3bb169f4d6445a9e0bc89e3200db42c294d5aab6d7da80f57,810,False
aru-2-2016,1,928,RGI2000-v7.0-G-13-66496,de3d0dd8cd2397e8b8b548c603b4b83480d73f53fad76e29951318e0902d836d,811,False
aru-2-2016,1,928,RGI2000-v7.0-G-13-66364,de49d1e21e059e0dbaabd23f9798fb08a34535b43c8ca5e7b31c1fe1baab31d1,812,False
aru-2-2016,1,928,RGI2000-v7.0-G-13-63917,dec7e31da43546879c3da27e699b8228b70a8fee3bdb79cd014643583c665383,813,False
aru-2-2016,1,928,RGI2000-v7.0-G-13-59971,dede9383df8201d494cf3a7090ba0233b60b23ceae1452b8bbf87301f24d924c,814,False
aru-2-2016,1,928,RGI2000-v7.0-G-13-58986,df868f90be7a7791da02ed31a0e7b0a123e41ce0511c9721e4e5f43e1c6ec2de,815,False
aru-2-2016,1,928,RGI2000-v7.0-G-13-60083,df97176a5b547fcf6b36621e97c5fa153a73b91be0af60719f07c8ee0a4eb6d1,816,False
aru-2-2016,1,928,RGI2000-v7.0-G-13-67287,dfc58c62b86b38fa25e270e7d1546973d617a9cf9a008fa273ef30399cbc2a48,817,False
aru-2-2016,1,928,RGI2000-v7.0-G-13-63160,e001eb66e6d57552fa59e81248e9b59e0ddefc875850e740cc233ea357997d15,818,False
aru-2-2016,1,928,RGI2000-v7.0-G-13-65659,e01024c1a0a81a1a7651e93a0c22592d005621bea35c94597050a6366885c98f,819,False
aru-2-2016,1,928,RGI2000-v7.0-G-13-63456,e047532e7f1ae7774e954fbedc6c4ccd50c5a1638d20323134bb5e670ce2d445,820,False
aru-2-2016,1,928,RGI2000-v7.0-G-13-65586,e0e993542656ffe2b3b525567b81ba21ef5b4bea0a5c3bb814983290bc4015f6,821,False
aru-2-2016,1,928,RGI2000-v7.0-G-13-57290,e0edd7b5ac33a92faf7137aaf5f1e8cfbe8d9349ce9ec6226c3fdca0c8b2ece7,822,False
aru-2-2016,1,928,RGI2000-v7.0-G-13-66078,e1751b9404e232d27fd1ab473d940d35bf36818da594c21c1b4c1b796b4d091e,823,False
aru-2-2016,1,928,RGI2000-v7.0-G-13-67311,e18b47b8bfd4377961792952a7855618f66bb95d69fee0e4a8061775de028bd1,824,False
aru-2-2016,1,928,RGI2000-v7.0-G-13-58236,e19e58157e861a72823cf40ce912191939ff4c596c10d3aef140e01f6cf12539,825,False
aru-2-2016,1,928,RGI2000-v7.0-G-13-60131,e1db42fe616daa3be6092a42077b2723cb39e7e368b692e836534a520a41d2f5,826,False
aru-2-2016,1,928,RGI2000-v7.0-G-13-64708,e20e4f515e1e777037feb2f7f6316d0e89ff96e05b5cdeccc6ee52ea527f77d1,827,False
aru-2-2016,1,928,RGI2000-v7.0-G-13-61563,e262467e2e538ad8b280877028ca6eb57c1e7282d43bd4507d1263d70d1c0476,828,False
aru-2-2016,1,928,RGI2000-v7.0-G-13-66430,e27f1b836c99c8ce3c40e5b3336783ba5e08c966368a35f1070ac107f3ad64fc,829,False
aru-2-2016,1,928,RGI2000-v7.0-G-13-65826,e2f9f5c8d49ebc2a19eb0da820403a536e1623a984b480ffb18e3b5cebbbf11f,830,False
aru-2-2016,1,928,RGI2000-v7.0-G-13-67319,e34acea97709e6a91af7647e3226283050db3328a66d50521c32eb965ac77cfa,831,False
aru-2-2016,1,928,RGI2000-v7.0-G-13-65939,e3746e05f70fd108cc8e30fc16e7d46050131db34449e491a45f640a0ebd2917,832,False
aru-2-2016,1,928,RGI2000-v7.0-G-13-63850,e3ebd58ea8b088d0525ffe5cf0b1e90f3ac1f397e845092d8cfa8f04d34edf6e,833,False
aru-2-2016,1,928,RGI2000-v7.0-G-13-66326,e44e79f1298f67aa3cd3af459bddf54665098b9c590b6b12fde073871f3399ef,834,False
aru-2-2016,1,928,RGI2000-v7.0-G-13-57449,e468cfe9f949137a99da85c0db072f46eb2fe3f31915a415bc264e99eef45574,835,False
aru-2-2016,1,928,RGI2000-v7.0-G-13-58914,e4e6d0c873c6762e07e7372facbedb40dea060398f09825dca8bc3b54ecc10e6,836,False
aru-2-2016,1,928,RGI2000-v7.0-G-13-64332,e50a347c92eaf075a90ecb60e10335fc9d7c2e5d401bb30cda4365d913607033,837,False
aru-2-2016,1,928,RGI2000-v7.0-G-13-64577,e51048b0623906468bfd9c769ceeaea121e4085b6bf54a379276830e2eb02732,838,False
aru-2-2016,1,928,RGI2000-v7.0-G-13-58682,e531238082285d5a5adc787000c49ce7dd55cb7694ce39b17985b0ee05e89498,839,False
aru-2-2016,1,928,RGI2000-v7.0-G-13-64325,e54890cadec953c936b214411dd71a45846c696bd98f16c397e41f8c1de0ab18,840,False
aru-2-2016,1,928,RGI2000-v7.0-G-13-58980,e7122dd88f9ab1a7558494b0e8fb6e9b7835628f7ab662cb91e141869c514dde,841,False
aru-2-2016,1,928,RGI2000-v7.0-G-13-64426,e77658017342a3c6f3522a3925ab56f9eaf257890e4a5e6c381ec5285b8b910b,842,False
aru-2-2016,1,928,RGI2000-v7.0-G-13-68056,e79b0238c3acb8d43f00cf291a8eed47519c6878045de40096c48281a9be0d06,843,False
aru-2-2016,1,928,RGI2000-v7.0-G-13-62324,e7e57a354a7949da431ed90cebe2f49f993dcf6bb98c70413069532421f93810,844,False
aru-2-2016,1,928,RGI2000-v7.0-G-13-63363,e828e8112772ef7413ba9456543b2bff01e18ad2db9a1e7255cdefa09f1c92ad,845,False
aru-2-2016,1,928,RGI2000-v7.0-G-13-67279,e834979b69039f31d38c82c8908fe57baec7bb550fcf66bfba62b4d929179650,846,False
aru-2-2016,1,928,RGI2000-v7.0-G-13-61223,e8eea50fa191acd0d46825ac8a5e74742ad421421156be3559754053443dfb1e,847,False
aru-2-2016,1,928,RGI2000-v7.0-G-13-59994,e8fd120e3e1678a6122892f38eb4a39440874aa16aa5910926ad10e4ae50e1b0,848,False
aru-2-2016,1,928,RGI2000-v7.0-G-13-59915,e914c6f29517b7e12f88eab49756e7f5663ec513ab25fed53ba9926b0c8abb98,849,False
aru-2-2016,1,928,RGI2000-v7.0-G-13-61804,e92314821fd4462283f78b376e109a539ce860d5944cdd6c1bc006f67bc1f2a3,850,False
aru-2-2016,1,928,RGI2000-v7.0-G-13-65812,e96dbfb38d3136ec070ba69e59aa5a8d5a451e4ec44d14381698f6569efe45ca,851,False
aru-2-2016,1,928,RGI2000-v7.0-G-13-57329,e9736d185b9226811cf62e225303b83e099e785d872ff09c4ee5797e1d369623,852,False
aru-2-2016,1,928,RGI2000-v7.0-G-13-59951,e97f6dd283336529bf38e2901e2d18994448c418551da719b493036742169b86,853,False
aru-2-2016,1,928,RGI2000-v7.0-G-13-58522,e99404467659c067c3a69c120175819c8fe97efb105c42877c94340cb6e6582e,854,False
aru-2-2016,1,928,RGI2000-v7.0-G-13-63123,e9e40031bd192289cd1d5e2bd473a93322f18d38f88efa7958183b29ed427691,855,False
aru-2-2016,1,928,RGI2000-v7.0-G-13-65337,ea1d9a0fcf4f10492055d5d15edcb181834f0e44e1011e818bf4ec423a8662da,856,False
aru-2-2016,1,928,RGI2000-v7.0-G-13-60590,ea456d2e42d2108c546c88696b6edcb6d651dc1bce66efa8ea59a9fc09c4d0e5,857,False
aru-2-2016,1,928,RGI2000-v7.0-G-13-57321,eab09acf3606a2f2bcd75c8d1ced499ecc0e10a5fa9ef37c9de1c9c165f991d6,858,False
aru-2-2016,1,928,RGI2000-v7.0-G-13-62122,ead792cc7cbb9cf8b124b326ba022892753acb9b5989ac1d58d9e41e750d39e3,859,False
aru-2-2016,1,928,RGI2000-v7.0-G-13-60025,eb2bdfce9bb0fadfba4562f0c9a48267924092b3733823ee68dcebd215909868,860,False
aru-2-2016,1,928,RGI2000-v7.0-G-13-61490,eb8b681fb5ddc20fbc7b847856ff80fadb8d671713dd6cfd3ac9c10fab897f11,861,False
aru-2-2016,1,928,RGI2000-v7.0-G-13-58792,ebe7e4a4bc05f13d41b7e66493446eb482ec5ed874d369d0eb1027d955979ee3,862,False
aru-2-2016,1,928,RGI2000-v7.0-G-13-64978,ec4a7e84334fd47e7486c92e00621e03ffaa75ace65baa44699e7edf3b14ac06,863,False
aru-2-2016,1,928,RGI2000-v7.0-G-13-62153,ec79d947f6b1637b08ed7e44ca520151cdcdd8aa48c5c202abcd753ee1dc0a6a,864,False
aru-2-2016,1,928,RGI2000-v7.0-G-13-59330,ecaf5aaaf1438af81137d02a65a6ccfd797386f30d367a53dc0c359b531902b3,865,False
aru-2-2016,1,928,RGI2000-v7.0-G-13-65028,ed148f62428466828fd51201f23c99db5f68ec116a47f284d8a955914816af61,866,False
aru-2-2016,1,928,RGI2000-v7.0-G-13-64637,ed3f22b95940bf586a464b07a1d99236d2d201a951ae6eb25947228429fc4bbc,867,False
aru-2-2016,1,928,RGI2000-v7.0-G-13-58173,ed418c474fa8a962aa46e5130acc9e099b4f12bf3a8c127680b803650a8c20d0,868,False
aru-2-2016,1,928,RGI2000-v7.0-G-13-64304,ed562522c3cb19ece818820c75e08f5e9789c1671f08809e44567c4924e8ba8a,869,False
aru-2-2016,1,928,RGI2000-v7.0-G-13-58928,ed8b1ba51e38c45c4f42b486db012564363887e5adb2c3ed39054af512a4b33f,870,False
aru-2-2016,1,928,RGI2000-v7.0-G-13-65211,ee1318e558c6e6069d4739b78d154049203874a9ef4aaad88fd1eff570c45201,871,False
aru-2-2016,1,928,RGI2000-v7.0-G-13-65381,ee13d1440ffb5b804c9d283ecc60e2297e81c46a132c06129555a206cef42ce4,872,False
aru-2-2016,1,928,RGI2000-v7.0-G-13-58461,efdb8df064f195e7c709a242d00c3f51545955e7d8af4ce137aff45ca7c7d357,873,False
aru-2-2016,1,928,RGI2000-v7.0-G-13-60902,f00a14e2429da828a3a4515443aab5ef2728ca0400103b8e228c2d74c131124d,874,False
aru-2-2016,1,928,RGI2000-v7.0-G-13-58890,f129b0fd6eb5b4ced5bf5103563c4f8c84f736b9192356611d7927efb854a566,875,False
aru-2-2016,1,928,RGI2000-v7.0-G-13-61799,f1885e5879ea22dcb8ba6fbdf3743d36406e1cf0437dbff898075a8e4438255a,876,False
aru-2-2016,1,928,RGI2000-v7.0-G-13-66730,f1c2e2190ec610ee101b842101d92e533f77f40e4a45e679aa62e63fa0740a5c,877,False
aru-2-2016,1,928,RGI2000-v7.0-G-13-66144,f1fab0a10e8b9bd4dd0c20ebfb017c2d312656a06020127f3d44b06a65b2a5e4,878,False
aru-2-2016,1,928,RGI2000-v7.0-G-13-65192,f202e56c04d23a61ed61da9f49aaade20c884e64ef3058474066cb56d007b489,879,False
aru-2-2016,1,928,RGI2000-v7.0-G-13-64657,f2ac81687c6cf03c8e3b6891a00c695484be8f910a3831a367056afe75ee3dc5,880,False
aru-2-2016,1,928,RGI2000-v7.0-G-13-62308,f411d597dfdf4c20cf0f51c7efc4e45718f9a34bc00c5a0bac85d804d3e4e311,881,False
aru-2-2016,1,928,RGI2000-v7.0-G-13-65141,f4396be546bcdd18fc80d7c589a3b3cd5a73ee7ff9b8ab1186669d74b7c5d8f1,882,False
aru-2-2016,1,928,RGI2000-v7.0-G-13-58201,f4757577d3f5ebae24289891e5461e10b38544eb525fd3dc4d5ac7acff005af2,883,False
aru-2-2016,1,928,RGI2000-v7.0-G-13-66838,f4cd643331c28616dd1818d2ece521d02f393850a4cf43fcd0a3ae33808a89d8,884,False
aru-2-2016,1,928,RGI2000-v7.0-G-13-57131,f55a5d4ba396bf49f526305d5d0dd924d875a0ec8e7710cfa91a60b0620e867e,885,False
aru-2-2016,1,928,RGI2000-v7.0-G-13-64433,f565fdf0fa4a46a8efdc453f4b5f0826268080f84d2ca7a541913ceb7dca68ff,886,False
aru-2-2016,1,928,RGI2000-v7.0-G-13-58381,f5a201d57658f4ea990cb95580035b5c96276bfa76e580b035a807d127705a2c,887,False
aru-2-2016,1,928,RGI2000-v7.0-G-13-63275,f5aacb16ce7869710912ad83554e9e2999550c2d1431a25646319ca82a09185f,888,False
aru-2-2016,1,928,RGI2000-v7.0-G-13-65436,f5d43bfba87cfefc90e750b8152846db58e92eabe59b844cd97be05ea4da593c,889,False
aru-2-2016,1,928,RGI2000-v7.0-G-13-66407,f5e1a2ed07ef9a9ffb1dc4a09a0de528176dc0bb5c4be510865dc8332b6ab81a,890,False
aru-2-2016,1,928,RGI2000-v7.0-G-13-60840,f68b5f86c5ad01f2ad7f7a1e48b33dc5017f6ef368ebc14a3d0374abb16fd69e,891,False
aru-2-2016,1,928,RGI2000-v7.0-G-13-57277,f7373e6781a9f0087976dff5522babb9b48b99113e05a75a189e22e424c6a00b,892,False
aru-2-2016,1,928,RGI2000-v7.0-G-13-62166,f759661fcdf6cdd144be497163b1f2a96919006500359343a92ca27bd85ac8dd,893,False
aru-2-2016,1,928,RGI2000-v7.0-G-13-61244,f7ceeae61fa462d54559127e3b20ffcdf7dfc868917f5a2de53cf22d5f4a89c2,894,False
aru-2-2016,1,928,RGI2000-v7.0-G-13-58384,f821161b0ed7f684a01fa169bc0802013fa991355dc9cb3a8d1b710a96cd4257,895,False
aru-2-2016,1,928,RGI2000-v7.0-G-13-67197,f87195d90111b2bc60cb7c7c7729c88f50fb1506df9e9346809e8eeebcb7ff6a,896,False
aru-2-2016,1,928,RGI2000-v7.0-G-13-64089,f90a2099f6389a02b214c25e93efff7b201658cc0b4d1ed8641f8a562192c659,897,False
aru-2-2016,1,928,RGI2000-v7.0-G-13-62465,f94be8a53dc454f29362b6c9e7cedcb013d404ec07d87a83159040f6db97a799,898,False
aru-2-2016,1,928,RGI2000-v7.0-G-13-61825,f9891eba1f5b178fc0e3e3f7b9062d39e2b962aac654fc6889ab3eee6b797fde,899,False
aru-2-2016,1,928,RGI2000-v7.0-G-13-60831,f9e4dbf596b4a7ef89d1720ce108d36b23d34a64c2e9a953f752def8de4b110b,900,False
aru-2-2016,1,928,RGI2000-v7.0-G-13-59479,f9fb870887a35930df0d7a178c48b0df6958ff8111b7d68afd288fd7e21ce872,901,False
aru-2-2016,1,928,RGI2000-v7.0-G-13-66408,fa03c3cc69a0eab6caefc7ca3930d8db565fff5f9ff241c9034c7a2896ed204e,902,False
aru-2-2016,1,928,RGI2000-v7.0-G-13-62707,fa9a344edfa9920a5e65ce6a1de71b45988bd132334f5053fc6f83711a32dbec,903,False
aru-2-2016,1,928,RGI2000-v7.0-G-13-66156,fb136a5b53714a0fbd0402040460c94a489f77a48611f4c72192df7ac302a4e9,904,False
aru-2-2016,1,928,RGI2000-v7.0-G-13-66739,fb604455155e01289173c4aa0bd66baac92e69965950aec1083d9bf23ed4f8b9,905,False
aru-2-2016,1,928,RGI2000-v7.0-G-13-59843,fb74d1f178a7096b1f1f9d50bff0bff96351ac0424d59a0a378ca3becb781411,906,False
aru-2-2016,1,928,RGI2000-v7.0-G-13-66416,fba8503a13acab6164db44126007d4a4e1f41d0462b2a589b6ed7215d3b20a94,907,False
aru-2-2016,1,928,RGI2000-v7.0-G-13-58523,fbae93ebf0ecc478ab7684ed086495e6e2806034814a7bd8e3cfc5538c6c481b,908,False
aru-2-2016,1,928,RGI2000-v7.0-G-13-58873,fbe0706b6b6f1560c5ff50d2bf2a1a56c0350db3791905cc32409d0e08cb2591,909,False
aru-2-2016,1,928,RGI2000-v7.0-G-13-63736,fc311359311b97ec36242d469fbcbc8cd27f8ec459344e8b162f0470e5cbfaf3,910,False
aru-2-2016,1,928,RGI2000-v7.0-G-13-58359,fc9f87814aaec1b37fdbb14999308662dfbcf00518c2b55d1ee3e1fbd1982e7b,911,False
aru-2-2016,1,928,RGI2000-v7.0-G-13-65010,fca594863c1c8b9756b3cddde7d6f7c0be57de9aaff968a5eda35b634bbbcc73,912,False
aru-2-2016,1,928,RGI2000-v7.0-G-13-62016,fcc88c9e466cf48e0ee0c54dbc65bad8ebb5ac409d54dfe1eb33eab56666f125,913,False
aru-2-2016,1,928,RGI2000-v7.0-G-13-59672,fccced6965c6c64a974e343ca183e53aa7351a9006ac0c91788401f7e0f293d1,914,False
aru-2-2016,1,928,RGI2000-v7.0-G-13-66293,fd109b4cc7f1d9623134906d19d14fb79a58ef9390fd757b6414d82ef5e2abf4,915,False
aru-2-2016,1,928,RGI2000-v7.0-G-13-65813,fd44757a83f7c349657c47ba72d3257bb9580fbddd5c1fda47b568a79407b9ba,916,False
aru-2-2016,1,928,RGI2000-v7.0-G-13-59651,fda17e96b09650c4c7366131d5efa59f40dc6109224dc609779bccf845709c39,917,False
aru-2-2016,1,928,RGI2000-v7.0-G-13-61670,fdc449938d16ce2b53c78cdb549fb9cd3f4a8a7003d966266676bf9fab54cadf,918,False
aru-2-2016,1,928,RGI2000-v7.0-G-13-68033,fdcfb2be4e83810c1954f793ed142e5c87be8e5a989d40ff7d7be10ee27db26d,919,False
aru-2-2016,1,928,RGI2000-v7.0-G-13-63692,fdd00147e0718747afdc82211c79e3ef952a0d0ad549e8d238e68c9023b4a0e6,920,False
aru-2-2016,1,928,RGI2000-v7.0-G-13-66285,fdea31f4c1610eb60f129057d0e5c8ff4ff9c709238af5bf3ce499cc3aa5aded,921,False
aru-2-2016,1,928,RGI2000-v7.0-G-13-64234,fe0bc916fb6e533d75ee1dd24b327dbb330ecfd242b7a1dafa49f77611d247c4,922,False
aru-2-2016,1,928,RGI2000-v7.0-G-13-65915,ff11243c862329a3d9b35a6b20564f9e127b99ede9baed8daebf20208928cf40,923,False
aru-2-2016,1,928,RGI2000-v7.0-G-13-59733,ff1600388fbbcec37d570ba3b1c718b01eba1faaa2e937f8fe96ae4295365dff,924,False
aru-2-2016,1,928,RGI2000-v7.0-G-13-61638,ff39c03b8ecf202b82753040a188eaba423869b4340013b977ef4b75d821b2c2,925,False
aru-2-2016,1,928,RGI2000-v7.0-G-13-61079,ff3a1afa26aa55723c9f43a72b15ee02d804cd1444dcf9d7b7f32924fd359b1f,926,False
aru-2-2016,1,928,RGI2000-v7.0-G-13-59496,ff8dfe83537e239256088d6bb59cd16f549bb4fcc31955bd35e5d440987a8e08,927,False
aru-2-2016,1,928,RGI2000-v7.0-G-13-58977,ffe1adaab179f727e4f26f225d5996ee2da10e69debc3dd1301555b7b7f07147,928,False
shuraki-kapali-2017,1,255,RGI2000-v7.0-G-13-19294,0047d0f13bbb78f0cb7353a05c07310f3af56d81daa34b5783cd0228c13489f2,1,True
shuraki-kapali-2017,1,255,RGI2000-v7.0-G-13-05349,011bde580634b539915a707f687fae344e41c32211b3bf823cb9b7bcd6be01c4,2,True
shuraki-kapali-2017,1,255,RGI2000-v7.0-G-13-06918,01eda5f39f95ff50341a3a611c1a461f9b9a0454ff5dd1e122c9c3abeb25bd0d,3,True
shuraki-kapali-2017,1,255,RGI2000-v7.0-G-13-07398,02a54a2021d1d9782c2b730ac0e0acc754763e4e009a47ef2819b74d26e011ce,4,True
shuraki-kapali-2017,1,255,RGI2000-v7.0-G-13-05381,02d0f83cb3c55bd1419585885d8b250ebfd703d58e74a1217d0e4b586dc79edc,5,True
shuraki-kapali-2017,1,255,RGI2000-v7.0-G-13-07291,02d1f8d728cb3042e86fffda849a96df98b4d9b030864d77e0772dcde36de5c0,6,True
shuraki-kapali-2017,1,255,RGI2000-v7.0-G-13-19104,032a3a6e1f5a2218dd44c6b859e3986fcafb44e70ba90937655e3400de8b2648,7,True
shuraki-kapali-2017,1,255,RGI2000-v7.0-G-13-19384,03837395fb7a420e24250e9fac16bf39bfb8e5ba4e7886d706ffa0eef63cedef,8,True
shuraki-kapali-2017,1,255,RGI2000-v7.0-G-13-07351,0436e53445ab1a5f3a5fc066e62826992c26b1daafba743ae4e8fa4212ef4738,9,True
shuraki-kapali-2017,1,255,RGI2000-v7.0-G-13-05558,057b822fecb4f9f23f12ee83c68197cd2fa8356c5ecfddeb08c81b3adf18c2aa,10,True
shuraki-kapali-2017,1,255,RGI2000-v7.0-G-13-06091,05a572c81dfae0ea6e42df0cafeef071ec66c7fd1cd50eba0a5bdb557d1276ed,11,True
shuraki-kapali-2017,1,255,RGI2000-v7.0-G-13-06917,063923a30d42c3cee2c5e312dee86c98a029e5ec6b279097273d6dd1ef95885d,12,True
shuraki-kapali-2017,1,255,RGI2000-v7.0-G-13-07737,065555cf5bcda99f2dfc9d1c914a4e58a6ca05c43d3cd3df584860d6768fec93,13,True
shuraki-kapali-2017,1,255,RGI2000-v7.0-G-13-07259,0734bc9133a1d68e754369146be3b8198dd5e8e377d7e2a55262ff964b21d00c,14,True
shuraki-kapali-2017,1,255,RGI2000-v7.0-G-13-19393,073dbf4b5335d63e5d3e9f298b5c9e5c299f710641a4d8bed1e3802088f4eb0b,15,True
shuraki-kapali-2017,1,255,RGI2000-v7.0-G-13-05526,08ab0519ef6a96c604482966b1b36674f33f1ff988e09cffad097e0bca7b4d34,16,True
shuraki-kapali-2017,1,255,RGI2000-v7.0-G-13-07632,09e8e5561049def0c879e5fb3791c09e3edb7ad7b50e60ab6b4f2f981b5e0c30,17,True
shuraki-kapali-2017,1,255,RGI2000-v7.0-G-13-19397,0b264b2263748a1e9d684aaa3412f570ae7ab7ffcd21e6d9a64b630c771fe3ca,18,True
shuraki-kapali-2017,1,255,RGI2000-v7.0-G-13-19189,0b6f717c4e01f6cc0d37525b442720c7735a98ad4c326a4ea9f588a05e98efc5,19,True
shuraki-kapali-2017,1,255,RGI2000-v7.0-G-13-20061,0bfb6be4b3297f995accede87ceef7c801ace67852741b1da85a5d02f4858df8,20,True
shuraki-kapali-2017,1,255,RGI2000-v7.0-G-13-07487,0cbcdfe7368661c2bed76186c6db7e2999d3b18c661fa8e566d4752ace57be7c,21,False
shuraki-kapali-2017,1,255,RGI2000-v7.0-G-13-19462,0f83394f5e49505c0a6a27e9b6424e33ce655d7d3e416b66e00be26fee144c67,22,False
shuraki-kapali-2017,1,255,RGI2000-v7.0-G-13-19351,0faa1bca8d127197d9b1b9ed9a2b4a303b7de3db60a6d9112c4ae23c3e517f37,23,False
shuraki-kapali-2017,1,255,RGI2000-v7.0-G-13-05546,1140d19e3fb1fc37bdf16b948d9f9ce6b41e591275a40b17869299c2e252aaf0,24,False
shuraki-kapali-2017,1,255,RGI2000-v7.0-G-13-06632,11dc4f55a0d007278bcc5146ad605d7c6b0b097e999b44906f4e8d371c032ec8,25,False
shuraki-kapali-2017,1,255,RGI2000-v7.0-G-13-14329,11e1a0600a9d7c2d82f597a052400b68d92b1e15acb39d5a36b65e0459784317,26,False
shuraki-kapali-2017,1,255,RGI2000-v7.0-G-13-19494,138d5f701ee618bab8e3e88817a9529a3f4d84946e84fb88fd62ceacd52be845,27,False
shuraki-kapali-2017,1,255,RGI2000-v7.0-G-13-07358,144557fdf72b441287ee30277b77b6ab60ed7a74b66afff36fccefbadfc504e6,28,False
shuraki-kapali-2017,1,255,RGI2000-v7.0-G-13-07058,15086482d51cdb6bffc7252a93def3ce3228f5c4717bb49c8336f35991fa1f35,29,False
shuraki-kapali-2017,1,255,RGI2000-v7.0-G-13-19374,1726db6c36c5cdbcb52d0b6ecc4737f9025b3d397ac24accecda619e4f4cd705,30,False
shuraki-kapali-2017,1,255,RGI2000-v7.0-G-13-05499,19f446a63496159e5fe5f894857fec49a3cb00d3a155f6f8450a519ac13d063e,31,False
shuraki-kapali-2017,1,255,RGI2000-v7.0-G-13-05394,1a672d885073b0f45892738c53e84e46f9ae6474cf018da6861a97c779da6a17,32,False
shuraki-kapali-2017,1,255,RGI2000-v7.0-G-13-07215,1d4b2ce91619a9b16b9ac7306ce252cae3010b94225641cee0a0f544f3fd3898,33,False
shuraki-kapali-2017,1,255,RGI2000-v7.0-G-13-05356,1d5a608b5a4e6dc0e6558aa4bc75381d4e47e53150234d950f83f13015d760ed,34,False
shuraki-kapali-2017,1,255,RGI2000-v7.0-G-13-05428,1e468b992fab70e050837ba770e1b5506674e8dae54462008e59b9465566be43,35,False
shuraki-kapali-2017,1,255,RGI2000-v7.0-G-13-06991,1e761f31994696e96fe2f2c7fd4e8a87d8d32f62c4cca2429368c634919b0cae,36,False
shuraki-kapali-2017,1,255,RGI2000-v7.0-G-13-19499,1f40825ed96e725bec217a58d5df81a0f942b5ca26c9f33f45ffb75f04993605,37,False
shuraki-kapali-2017,1,255,RGI2000-v7.0-G-13-19402,20189350248bc91c9f3fa0d01e4a9fefd0925de4424deb1fd2bdbc228771c693,38,False
shuraki-kapali-2017,1,255,RGI2000-v7.0-G-13-07233,22ec74946f183fd4ad2a70053d1c648463d39e7b4c388b469b4319bc184cc938,39,False
shuraki-kapali-2017,1,255,RGI2000-v7.0-G-13-07231,24847eb10594f7bbd3b5656fa845557d93c5797694f4be5f0b11ac9f64785f16,40,False
shuraki-kapali-2017,1,255,RGI2000-v7.0-G-13-19442,24b6eef1d9257cbbb58a45fa53b49c566753487e88c404387f5e9d89cf9dee5f,41,False
shuraki-kapali-2017,1,255,RGI2000-v7.0-G-13-19357,2511c468307e95462c753f46b7b29b512015ee2d376058c56688b6ce9432b145,42,False
shuraki-kapali-2017,1,255,RGI2000-v7.0-G-13-19456,2a9a5d5510e8644cf04b04b2e436e5e1dfa0c4ca844a5ff8dc08660de4be76cb,43,False
shuraki-kapali-2017,1,255,RGI2000-v7.0-G-13-05365,2b42898ab5f79fbfc4d77ce787360d1020ecf9e9537dac30a54913e0c9932f99,44,False
shuraki-kapali-2017,1,255,RGI2000-v7.0-G-13-19474,2ba2011bd73fe98549d8c95cae17c6cf31edeb30f270143e946f2e212ff74bba,45,False
shuraki-kapali-2017,1,255,RGI2000-v7.0-G-13-19490,2baabd592f356982e11eb8f8b061f62c2187c8e62d0546182916ba117470893b,46,False
shuraki-kapali-2017,1,255,RGI2000-v7.0-G-13-19197,2c6ab8c7ef1f28bf45b178e241d8b2b23584903ce05101fc65340cf6eb4b03ad,47,False
shuraki-kapali-2017,1,255,RGI2000-v7.0-G-13-19463,2cd8346a568ea46705d050471895d160ffb399ce079ef234366f03ffcd2aff3f,48,False
shuraki-kapali-2017,1,255,RGI2000-v7.0-G-13-06908,2e590ff6afe04777b05477577568cca01a51066f0354bfc9c9ebc263bf099e23,49,False
shuraki-kapali-2017,1,255,RGI2000-v7.0-G-13-07456,2eb3c73c90c3cab69a22fddc672f1fa47c023010f79d5f8ea8e1a57e44fe8f7f,50,False
shuraki-kapali-2017,1,255,RGI2000-v7.0-G-13-19465,2f4ac089de1e9a6fc9fb3beb989e377726ac468a9d428d991f0df5ff613bb1e6,51,False
shuraki-kapali-2017,1,255,RGI2000-v7.0-G-13-06979,31837b640aa0429708f979057d9d85a0a736ae6c2fbccaf1f054b69e8ff14f60,52,False
shuraki-kapali-2017,1,255,RGI2000-v7.0-G-13-07370,31a3b53b8267639bd90fa35ef59934121f18a8719901636234461b50c000a380,53,False
shuraki-kapali-2017,1,255,RGI2000-v7.0-G-13-05540,31fd7593ec22b2da915f937f780b5d1fb1bc50eb2676ce5509b8b5e19a9baf8e,54,False
shuraki-kapali-2017,1,255,RGI2000-v7.0-G-13-07074,341598ef17216153ce804e335af4217a3e2e629d597013d3f69c3a168efe4c5c,55,False
shuraki-kapali-2017,1,255,RGI2000-v7.0-G-13-05372,346c6867c73580a7c6cfcf69ef25397c02632ba8ed0aaf9b7395928d3f97b1d9,56,False
shuraki-kapali-2017,1,255,RGI2000-v7.0-G-13-19375,3550fe892bde11bc2de00bf391f0906675ed8ad00517ffd5d17c6165f8f51dc7,57,False
shuraki-kapali-2017,1,255,RGI2000-v7.0-G-13-19475,35deb829ae73de65d4232c107dc3b3cca07ccbeeae941fb6d2eadad658ed82e7,58,False
shuraki-kapali-2017,1,255,RGI2000-v7.0-G-13-19385,36bff018a3ce133306b2c5b6457a36af385653a5222180154823440c9b558a52,59,False
shuraki-kapali-2017,1,255,RGI2000-v7.0-G-13-07257,39390e9e0caddfcad82e8072f1436b82d059e282ee2d0fa6066d14a8f4757114,60,False
shuraki-kapali-2017,1,255,RGI2000-v7.0-G-13-19553,39d88817c5be50769091635395d3f840f08cb5035475549d9664ddd927224fc6,61,False
shuraki-kapali-2017,1,255,RGI2000-v7.0-G-13-07336,3a797a3c10bef0e9d396c9aff7e8430392218186774981b995fb775ceb0df443,62,False
shuraki-kapali-2017,1,255,RGI2000-v7.0-G-13-19336,3d59546db8e0e65c1db7650e42bcbaeaba5754684d3cce71d1f37f70fd143963,63,False
shuraki-kapali-2017,1,255,RGI2000-v7.0-G-13-19459,3dc4c21c4b88c917e808db3c4313282a588b22186300ddac794763df1ff71f5c,64,False
shuraki-kapali-2017,1,255,RGI2000-v7.0-G-13-07217,3e81abc371e090b19e10c59642c3066d76aacd0585e3b95ced02586ce052a530,65,False
shuraki-kapali-2017,1,255,RGI2000-v7.0-G-13-07053,3fb3e006ca4b7688f0eb7cd0dcd26e52d999dd002798766a71a23d16f6ee7ec4,66,False
shuraki-kapali-2017,1,255,RGI2000-v7.0-G-13-05510,400f34d7129bcf725f52eb763a49667802fe44d96fa52ef3fb9dce919b24ea5c,67,False
shuraki-kapali-2017,1,255,RGI2000-v7.0-G-13-05380,4260ffdd773e4adaf253b5d9a9a0d53a9a9d195530f92058470284772f63536d,68,False
shuraki-kapali-2017,1,255,RGI2000-v7.0-G-13-19328,42fd7befe668394b0b648a49e924279850a996b72ed30c9a0933b5f7c09906cb,69,False
shuraki-kapali-2017,1,255,RGI2000-v7.0-G-13-06825,4532085a4242318f8cc0897c9cc87e15e77c687ca8e210f6937e6ffee00beade,70,False
shuraki-kapali-2017,1,255,RGI2000-v7.0-G-13-07115,45c5668c87b6e387d87aa6ee03457d0b82d67074f0730a01076d4b5ed7c75c9e,71,False
shuraki-kapali-2017,1,255,RGI2000-v7.0-G-13-05352,45e767539f8770b0151f97d7fb395b338192b67cf3fab4dd868412ee3f5c1c91,72,False
shuraki-kapali-2017,1,255,RGI2000-v7.0-G-13-06921,460c29b24c30867045d7a49c1ddd923bd671c74a864f53e64d1ec432853d0b26,73,False
shuraki-kapali-2017,1,255,RGI2000-v7.0-G-13-19562,46c8710ad513e5b4fc158f56a7f6fe88d5a1586a8395a34e8d1cc3d1fb4e9dde,74,False
shuraki-kapali-2017,1,255,RGI2000-v7.0-G-13-07164,4733a22715cc6ecfad18aad81f0d038eaeefa4cca27ca54cda5e5dad13ace8a4,75,False
shuraki-kapali-2017,1,255,RGI2000-v7.0-G-13-19342,48b21e4c09570e37afd1db83cca2ac4f618776f04eb6643d34cfa629ebdf2f46,76,False
shuraki-kapali-2017,1,255,RGI2000-v7.0-G-13-19533,48eca7a44df390ce18e6e7019accefd9e8e293e7c395759df41d05221d76d691,77,False
shuraki-kapali-2017,1,255,RGI2000-v7.0-G-13-05341,4b5310da5bd7e7630a4352eced6dea15d1ae0d51d3a817b0946b0fd1a9bdfb75,78,False
shuraki-kapali-2017,1,255,RGI2000-v7.0-G-13-06826,4c16adf706f57f794edf27af9ccb24ceb470a151ca5cb1a5ec14a6c380f4d533,79,False
shuraki-kapali-2017,1,255,RGI2000-v7.0-G-13-06603,4ccdb02456a54d81eeb31a171f554034055c62721a76b77fabd99caa0aefb101,80,False
shuraki-kapali-2017,1,255,RGI2000-v7.0-G-13-19286,4dba817d19b000d1bd4040bc21afdeabf64aa73a87f1f04157d82e4dc7a8480e,81,False
shuraki-kapali-2017,1,255,RGI2000-v7.0-G-13-07247,4dd9efdcfa92424887e7d50e15a0100c5bdf65eaf324eb2ab5be780f7c8aabaf,82,False
shuraki-kapali-2017,1,255,RGI2000-v7.0-G-13-19518,4de732d655e03fdbea6fb45b2c97b536b33b2c7b262359c062fc370fb795e4b2,83,False
shuraki-kapali-2017,1,255,RGI2000-v7.0-G-13-07359,4e6c530a83cfa1d1d272a78f5de43e9e330aab6bbc559540f38da2d0c8259a85,84,False
shuraki-kapali-2017,1,255,RGI2000-v7.0-G-13-19239,4f0bc3c0ad16a07eb2f8a9b60f473eb359bbc13383fdea15f7e2c46e98262bd2,85,False
shuraki-kapali-2017,1,255,RGI2000-v7.0-G-13-05357,5015dcb30539746e309b97ff31379b8e764861cd5260c638d0058be0ef3af05a,86,False
shuraki-kapali-2017,1,255,RGI2000-v7.0-G-13-19185,5165bc33211827b764ec7bb61c57a661433cc6b70534a232407e0d4da386e310,87,False
shuraki-kapali-2017,1,255,RGI2000-v7.0-G-13-19320,53089a03dd0bd45f30806f848ff9a0f2688c6fd8add291c3188d662e64414839,88,False
shuraki-kapali-2017,1,255,RGI2000-v7.0-G-13-19476,53afe0d0d0c62063dbcf012fc4d9780849ff2ba7f9e86e5709e8a5b7d78e99bd,89,False
shuraki-kapali-2017,1,255,RGI2000-v7.0-G-13-05512,550344c93635d4c117b718c7d7901dec184eaa62b41874993c46f973bb7f7029,90,False
shuraki-kapali-2017,1,255,RGI2000-v7.0-G-13-19466,5730817653f83b47624b45dc67156a12ff2a1285ffe64f45e9abe3caaccb1aaf,91,False
shuraki-kapali-2017,1,255,RGI2000-v7.0-G-13-07486,594a519c6d1f9b3fcddfc15c252af9a7abc09651f5135bbb27f6f917c2658ceb,92,False
shuraki-kapali-2017,1,255,RGI2000-v7.0-G-13-05391,5a769b71d36321f0107b4a107dcc74e1daa7a4bb0081981482fec434d1f4abb7,93,False
shuraki-kapali-2017,1,255,RGI2000-v7.0-G-13-07474,5cd554e0c80e3407d40fb94d6d82cd30c94b777b3a41cc145e1f7f875a4807bd,94,False
shuraki-kapali-2017,1,255,RGI2000-v7.0-G-13-19597,5eff011522a0c3810f3525dacbc49d74a5dc0c5f63eb62c82a2386496c9a293a,95,False
shuraki-kapali-2017,1,255,RGI2000-v7.0-G-13-16919,5f25206d92574bf0cf621608fdf3be2db6e8ca1bf018dc7ae8d70fdb387fc533,96,False
shuraki-kapali-2017,1,255,RGI2000-v7.0-G-13-19497,5f6ceeec5d0ac26ed4ae93cf59fe615660c9395f5b312dbb8d2272256c8ca5e7,97,False
shuraki-kapali-2017,1,255,RGI2000-v7.0-G-13-05458,619588b4e28c307abf7159586b97692351af335b9d655e7f43ceffc2f1eb6560,98,False
shuraki-kapali-2017,1,255,RGI2000-v7.0-G-13-19327,6337a41dd8930a3d8fabc5bc47aa98ad672012095b68ff40a632b61726dec3bb,99,False
shuraki-kapali-2017,1,255,RGI2000-v7.0-G-13-07724,63ec2d6933581dc37a2b631ec3c56b8b07fe896a7d12972e17433e5ae317ac08,100,False
shuraki-kapali-2017,1,255,RGI2000-v7.0-G-13-07118,661646f89a8ecada86bdcb1f55d7ad42cc46c4e1433baee0fbef4a4fa88fbc63,101,False
shuraki-kapali-2017,1,255,RGI2000-v7.0-G-13-19102,66d2f35e2c4ce1924369f44d286af653fbc22ebd20234cec5412a782eb38aeed,102,False
shuraki-kapali-2017,1,255,RGI2000-v7.0-G-13-06098,676144d7f813f1dd2e643b5cd7d2c1da97b18950ffb7a79519b463236acfd646,103,False
shuraki-kapali-2017,1,255,RGI2000-v7.0-G-13-07089,67d8cef5cdb8532cf3c4d2419ce0dfdc0b837fa8f5c040cd69ba78ea1eea26a1,104,False
shuraki-kapali-2017,1,255,RGI2000-v7.0-G-13-07338,69c38d41ab753bb43393ae95e6174985143b79334ea26ef4ff545de3fdd4244d,105,False
shuraki-kapali-2017,1,255,RGI2000-v7.0-G-13-16934,69f769893db0a24e75c187b1547b05eb172949513b35b54e194d0a604f6cf5b6,106,False
shuraki-kapali-2017,1,255,RGI2000-v7.0-G-13-07187,6aa35a2518be3d692cee55836784e7791d9f3e3946f4f18454cb3e7f740e0ffa,107,False
shuraki-kapali-2017,1,255,RGI2000-v7.0-G-13-07365,6ad416dd7f2e008bf76004dec45ee9f96ada6e334b5469775db540be1c0ad9d5,108,False
shuraki-kapali-2017,1,255,RGI2000-v7.0-G-13-19403,6b58fd36537ab96acaab18ef75a5c7ab0212c64e35dd6fd68d328fee15963d4d,109,False
shuraki-kapali-2017,1,255,RGI2000-v7.0-G-13-07151,6bfd84063c748cf97987d56cdc52c7ee148d9b7a7511427b05024f625eab444e,110,False
shuraki-kapali-2017,1,255,RGI2000-v7.0-G-13-05415,6c223d2029c99e5c4e6439e89e8af3efd9c41a8618daa75ffc6c447d2054f995,111,False
shuraki-kapali-2017,1,255,RGI2000-v7.0-G-13-19500,6cc5dc02775dc5f5871ba1fd45c993d441ae79a52e0bae4eebf2babdacc06302,112,False
shuraki-kapali-2017,1,255,RGI2000-v7.0-G-13-07466,6d4c19ee3e7ca29e0eae5d04496124bcfde0460914802301daca8d1f5478d29a,113,False
shuraki-kapali-2017,1,255,RGI2000-v7.0-G-13-19401,6e36e440a5a78eed78d20815c721cc6331dcbe09a2e741f5338ad26f2f511f1b,114,False
shuraki-kapali-2017,1,255,RGI2000-v7.0-G-13-19223,6f4d34d79465b75e6e4f020553fa81186babbe4fdfd1d8f9a6fdb40686b1662e,115,False
shuraki-kapali-2017,1,255,RGI2000-v7.0-G-13-07174,6f7a77c78662a250ae900019d275cfc8da963ff4f07b9e3bc04773a8655e6852,116,False
shuraki-kapali-2017,1,255,RGI2000-v7.0-G-13-20065,70c9255deaea32d9837d1f76a08b52a441e69b6eed1500c7abaabbacb62daae2,117,False
shuraki-kapali-2017,1,255,RGI2000-v7.0-G-13-05451,70db217e53c04126d92ac4d8994b33bda9ccf942ba0ab32f0bce35bad7846ce0,118,False
shuraki-kapali-2017,1,255,RGI2000-v7.0-G-13-19361,71220bdaf6615f857252fc4fc4a637d146f4e9f1bd338d02d1f1dfb7bb3a1c46,119,False
shuraki-kapali-2017,1,255,RGI2000-v7.0-G-13-07059,7192b5843943f01bad33424cf355441760e3412c219c586091f7d2985cd85d56,120,False
shuraki-kapali-2017,1,255,RGI2000-v7.0-G-13-05511,72e8d1bb62cc970192a49620e76f4b800f252ffb367dde7ddfe7c2fe22b9769f,121,False
shuraki-kapali-2017,1,255,RGI2000-v7.0-G-13-05430,72f08a71ca6b5779d2c24f3a239a3efa68b3ba3729c455bf6c6ee2643df65078,122,False
shuraki-kapali-2017,1,255,RGI2000-v7.0-G-13-07294,7503cf1ce5bd83dd305983760495bc8648cefbb974a8605d89d9d13ed8cae92d,123,False
shuraki-kapali-2017,1,255,RGI2000-v7.0-G-13-06139,76465ac31813878f501133770038c058ff24a5af513999752dab87740dfc9e37,124,False
shuraki-kapali-2017,1,255,RGI2000-v7.0-G-13-06105,76647ef2ca61a64d435cb86daddf51654f0d3e28bf80aa82ca6010633054b065,125,False
shuraki-kapali-2017,1,255,RGI2000-v7.0-G-13-07400,77826c635071f358c124da27f6a50c0ee4fdc41b0dc93e79ce23b43053a253e6,126,False
shuraki-kapali-2017,1,255,RGI2000-v7.0-G-13-07476,77d28613480ae000b1c1a376f16c935e9f7ed60413cb5e0e3eeed46909c53455,127,False
shuraki-kapali-2017,1,255,RGI2000-v7.0-G-13-07402,7aca15949e045780316fd23e51635af884877e33a836a49efe2b80ee82549279,128,False
shuraki-kapali-2017,1,255,RGI2000-v7.0-G-13-19549,7adc76a12aa15251cf30746543426857eb2d433f5b57f6f32c182e260db40f21,129,False
shuraki-kapali-2017,1,255,RGI2000-v7.0-G-13-05538,7c5f4a916e95de97ad560085daace7932b8b6351f857c08655a78521fd0f4706,130,False
shuraki-kapali-2017,1,255,RGI2000-v7.0-G-13-19501,7dcfd6e34e8aa93ab815027a72521ba59925ecf2ff8b09cc66d686cd6935b1ae,131,False
shuraki-kapali-2017,1,255,RGI2000-v7.0-G-13-17005,7e69f83fc648c2ef7b90923976b4dd2a21a9eaef43d1506b0788871ac3549871,132,False
shuraki-kapali-2017,1,255,RGI2000-v7.0-G-13-19470,7ee4b5cc5bc085dcd362d37f2fe45f76fa412c6627a104c133a711cec9c67542,133,False
shuraki-kapali-2017,1,255,RGI2000-v7.0-G-13-05432,7fd1e5041d49df7f5f5315da42c4a56b2274c7a3d91fa997b5fed7be15596bb9,134,False
shuraki-kapali-2017,1,255,RGI2000-v7.0-G-13-06234,801bdaaffd7a72f97e7e1ab5d735323dfb514ba8661da693cd2abef1a86ee8e4,135,False
shuraki-kapali-2017,1,255,RGI2000-v7.0-G-13-07114,8186b6a2bc417946225bff4b3515a5c896fbd0edea7cfb2664fc26698cfde757,136,False
shuraki-kapali-2017,1,255,RGI2000-v7.0-G-13-19302,8294ccc9e1ddee71198269b93d9d16abdd12ceac322d37a8910119d3afef0d21,137,False
shuraki-kapali-2017,1,255,RGI2000-v7.0-G-13-07348,8297083006ea85174a66af7cda52484a99d94b089a75c3e75dd95c23ce7299a7,138,False
shuraki-kapali-2017,1,255,RGI2000-v7.0-G-13-19532,84d70ffc0af6918a80371de0c0a3bd07307ea76eba9996ff5b0e4d6d25484eaa,139,False
shuraki-kapali-2017,1,255,RGI2000-v7.0-G-13-07256,865472d20f257c582af809d9f421ce1d682ab5bf480ce8a63ee6f9a66a10e757,140,False
shuraki-kapali-2017,1,255,RGI2000-v7.0-G-13-06834,8692e072462a378a9a6c5d7d3f3321ead90266984101427563665eecd53c6e09,141,False
shuraki-kapali-2017,1,255,RGI2000-v7.0-G-13-05533,86a5ea33b0729028d48eda0567bb3dcea447c79177d0df0c867aba8db1b525db,142,False
shuraki-kapali-2017,1,255,RGI2000-v7.0-G-13-19198,8c44f91ac6a34628540b16509d41c21ab0c26ebb7f5ef5a4b92e641d83e184a9,143,False
shuraki-kapali-2017,1,255,RGI2000-v7.0-G-13-19219,8d6d3647eb584bf0ff6fc9c927240acc6c353e22e65e9d867b91d348dd89ee75,144,False
shuraki-kapali-2017,1,255,RGI2000-v7.0-G-13-19373,8d929eb249a02f47e04c4ad99937603f60b6782e8339bd1ad80149370ded2988,145,False
shuraki-kapali-2017,1,255,RGI2000-v7.0-G-13-19496,8f15dfd6930613d58f5be5be0b9ade3fe7138f5f4d5d37006e969ac1034192e1,146,False
shuraki-kapali-2017,1,255,RGI2000-v7.0-G-13-06141,9018d37838959436a6f8df00a740168a2b80b5973d70546524eb65daf78aa9cf,147,False
shuraki-kapali-2017,1,255,RGI2000-v7.0-G-13-07633,92abeed9d77426574ff0c1b3ad829106a2fe391360bf169f575aff03a3f443a6,148,False
shuraki-kapali-2017,1,255,RGI2000-v7.0-G-13-06230,94eb8ac7d8778d17c6e6a33fedc6acf1d1cca821a40e48e9356db0374af7bf3b,149,False
shuraki-kapali-2017,1,255,RGI2000-v7.0-G-13-05503,95208920d410c3cdd24a0ce0237b52b74933f370f5f817b656cce0063e9a48ad,150,False
shuraki-kapali-2017,1,255,RGI2000-v7.0-G-13-06264,953f88314c4c17b3650027671f3610a770239f512d77687ea0064f7bd9637ec7,151,False
shuraki-kapali-2017,1,255,RGI2000-v7.0-G-13-06372,968e3399e197597aa8c5ca31a78f7c6b9f9f276079d88294ef69445d77c9ba84,152,False
shuraki-kapali-2017,1,255,RGI2000-v7.0-G-13-07352,96d63442602651fed656e7ca0506ca176c1f102487983fc2447d7dc51993271f,153,False
shuraki-kapali-2017,1,255,RGI2000-v7.0-G-13-19369,980fd9b3705e69ab181c5c23718a18076329490eb4bf385b31d651402e9b047a,154,False
shuraki-kapali-2017,1,255,RGI2000-v7.0-G-13-05344,987059df9cbf5c95c990779f57f40e9b5cebcd87949a8cb946ef297381ab6a09,155,False
shuraki-kapali-2017,1,255,RGI2000-v7.0-G-13-06907,99b71103c3523a7140b4cd18d36b5209520c56043d146ac9ce4b8ff1e1ecf730,156,False
shuraki-kapali-2017,1,255,RGI2000-v7.0-G-13-19419,9a12ac351ac39ed417c0d3f0afbe452d4af88ed52d16365ed57e374ca372ddf9,157,False
shuraki-kapali-2017,1,255,RGI2000-v7.0-G-13-19469,9bab8a67ecdffffe5fcd3616f8d9fa19b4e37dde52a1c01f8c5a3a3536958ffb,158,False
shuraki-kapali-2017,1,255,RGI2000-v7.0-G-13-17906,9c9ad86ded0e30f400486941ef5227ad843b6c01db8594c6bf70d823730a97f2,159,False
shuraki-kapali-2017,1,255,RGI2000-v7.0-G-13-07379,9d527dc2cbc32b9e617201a3e66fd7915e6a122f84f5662f490aa740915400dd,160,False
shuraki-kapali-2017,1,255,RGI2000-v7.0-G-13-19344,9e5c134839793ce3a40db07194ad14a07a0a19c12cf6ce5e08da67e3da980696,161,False
shuraki-kapali-2017,1,255,RGI2000-v7.0-G-13-05456,9f06be10df9be5c325126c3c4f02ef71318e9ca07764d27efae2248d66d5bd35,162,False
shuraki-kapali-2017,1,255,RGI2000-v7.0-G-13-19461,9fc4243bdd3f6f67a65c25449986924ed240cfe12cd04b0e30c6f4ef78c0b64b,163,False
shuraki-kapali-2017,1,255,RGI2000-v7.0-G-13-07226,a0dd2fcc1c0ace85b7e35a1793b1d969a1db02ea987e2ec754802a2337ad9e75,164,False
shuraki-kapali-2017,1,255,RGI2000-v7.0-G-13-19455,a17e885958fd1b1dbc4639e59e000b9cffbf8884a701b4e09c9a0c632ba766bd,165,False
shuraki-kapali-2017,1,255,RGI2000-v7.0-G-13-05527,a1c13e01ee3bfe065016227a6cdce3120647b2f2088babd2a3677e2eeebd761d,166,False
shuraki-kapali-2017,1,255,RGI2000-v7.0-G-13-05556,a3b78743156635b1d1996b16faf26a3b0a89257c3493154e849b8a12bd74d312,167,False
shuraki-kapali-2017,1,255,RGI2000-v7.0-G-13-07229,a7031376bf32771ef4f96061758d8897d471670d2fbf556fefddf98f711ded0b,168,False
shuraki-kapali-2017,1,255,RGI2000-v7.0-G-13-19410,a81b5434f05e054f43303072c593556697b0bd07d1020267377b2f70496989a0,169,False
shuraki-kapali-2017,1,255,RGI2000-v7.0-G-13-07236,a9b1694fdb5611f4ad9c6292f11cb684e1cce642aa454fc81f3d8bbf14a68953,170,False
shuraki-kapali-2017,1,255,RGI2000-v7.0-G-13-19493,aa231391c069d5bacc890f5e56249377fc896a97ef9fc3ae5f9c2c5334a63b0a,171,False
shuraki-kapali-2017,1,255,RGI2000-v7.0-G-13-19398,aaadae71c49d979518db8eaefa86febb655334721c19bd074be6826a41425ae6,172,False
shuraki-kapali-2017,1,255,RGI2000-v7.0-G-13-07152,ade54fa3b5315c9559ab7b96f7b259f983e7074fd4aad37a57fec41e2144e530,173,False
shuraki-kapali-2017,1,255,RGI2000-v7.0-G-13-05429,ae7913f09ce18b3630f1127f7f45113a6d50fab90a497fd7c15f3baa422ca960,174,False
shuraki-kapali-2017,1,255,RGI2000-v7.0-G-13-07636,afbe87b88d2e8f44abaa0df2e1171bb8cbea6935c2d92ebd036465d6569b7d93,175,False
shuraki-kapali-2017,1,255,RGI2000-v7.0-G-13-19541,b0e53bee9a884c0fe3c3c091bb3039c552f96842d9032291097dca30a5cdd233,176,False
shuraki-kapali-2017,1,255,RGI2000-v7.0-G-13-19408,b12942ddbfe73aab6d1bf545acc82971da40e688267267af894bcdfb77ec0a6c,177,False
shuraki-kapali-2017,1,255,RGI2000-v7.0-G-13-16903,b18262b8df8ee7bc7d49af7f0756c97c6b1fac47a3888b390ee6d1f8e04ac656,178,False
shuraki-kapali-2017,1,255,RGI2000-v7.0-G-13-19354,b188a1e39fb7a6fac5974d8984f029f2413beb8e967282cd6ae88f9ee419b181,179,False
shuraki-kapali-2017,1,255,RGI2000-v7.0-G-13-07367,b216da78659e088315907986a301123e9b84e8c6f26ee847fdb905cec6a120f6,180,False
shuraki-kapali-2017,1,255,RGI2000-v7.0-G-13-05659,b247023a6849885f68dd97bb2912f824753e2b0fb268dca81b5f7683cd8e250a,181,False
shuraki-kapali-2017,1,255,RGI2000-v7.0-G-13-19511,b27a62f5cd9698f4cb6fbabc56ee01c92c630e0453e05eb78ab37791b7aa1cda,182,False
shuraki-kapali-2017,1,255,RGI2000-v7.0-G-13-07238,b2d60f50e409c3b93449135998c69cd1baf33d6bc4ac69b31993816fd251880b,183,False
shuraki-kapali-2017,1,255,RGI2000-v7.0-G-13-05385,b39511bb420a9eba9bb1aa75aad3eadaed27fa3cb1aea720ff1341b517c7e2a5,184,False
shuraki-kapali-2017,1,255,RGI2000-v7.0-G-13-19506,b40039d3b63215befa878082f89f9316a1e2531abd56facca1031ff15e4ea764,185,False
shuraki-kapali-2017,1,255,RGI2000-v7.0-G-13-06143,b7bb07981e43fd593045171d4b2efc0a392a47b8581fcd9d4c964e7adc459dbf,186,False
shuraki-kapali-2017,1,255,RGI2000-v7.0-G-13-19548,b8352d6779bdf27f2022d11553447f1699da4c742a31c9eccf5382063b240f94,187,False
shuraki-kapali-2017,1,255,RGI2000-v7.0-G-13-07258,b8eadd2e8fc3d9386f0d8cf2bfe3ace780a1630231786fb6ba9f7a6c09ca1a83,188,False
shuraki-kapali-2017,1,255,RGI2000-v7.0-G-13-19145,b94c24425d8ea6395abc0371dc6f75ec9e34d60cbca97e9c39a575beaef898b6,189,False
shuraki-kapali-2017,1,255,RGI2000-v7.0-G-13-07210,b9e7ee00fbb0e013f125470241648a75d02b3dd9b55b274e23780ac785d01983,190,False
shuraki-kapali-2017,1,255,RGI2000-v7.0-G-13-07243,ba6c25c0ed75e7716337a6b029b5c9ce3c44d5c9526fc4d91df695ea6ec56d77,191,False
shuraki-kapali-2017,1,255,RGI2000-v7.0-G-13-19362,bb3d8af64bd205a8b1933760e439870744b96f94605eee37338bd3bd85440ed4,192,False
shuraki-kapali-2017,1,255,RGI2000-v7.0-G-13-06999,bc528a694c9c4bef9c04e0aa8e1646c79e2dc3f7e045937b6903ad36f8880fea,193,False
shuraki-kapali-2017,1,255,RGI2000-v7.0-G-13-07403,bcbe4a59259cee3b7661b24b418e3bd5f48fbfe898c2fa223e0a9b09892ae122,194,False
shuraki-kapali-2017,1,255,RGI2000-v7.0-G-13-06980,bcbf5bdd525adffd60f2d2121dd7ae944b327f76b6b8ffb0f2712e449b0a9914,195,False
shuraki-kapali-2017,1,255,RGI2000-v7.0-G-13-19569,bd1a2b05043d26a2de471113395d1bcbf365c7886480cbad2bb71be214f9db67,196,False
shuraki-kapali-2017,1,255,RGI2000-v7.0-G-13-19471,bd692101d84a0f5042824c587c030f81fdb316dd0aa1a79f462460a964929093,197,False
shuraki-kapali-2017,1,255,RGI2000-v7.0-G-13-05942,bdefe3a06d4fba07fea4e3f122899f61a335048e136ac7dab1802f41746e8d77,198,False
shuraki-kapali-2017,1,255,RGI2000-v7.0-G-13-07271,be4e5d20a35d9152c1f0eaa4caf93e7aff6666d48dc0df67c6c00f51b5e778c0,199,False
shuraki-kapali-2017,1,255,RGI2000-v7.0-G-13-07148,c19ec9fad8ad1b2abc14968eea3e136a7396c36e0ad01bd276dbc9c0013d1b0f,200,False
shuraki-kapali-2017,1,255,RGI2000-v7.0-G-13-05479,c3a31bce0ff28c28c2446b922bf80fb397d8617af7f88e54d70bb40f7b726d6f,201,False
shuraki-kapali-2017,1,255,RGI2000-v7.0-G-13-06054,c52772cf3d50e4e95e653b45cc0a78e6378c72904b85983cc5789d457e43eef6,202,False
shuraki-kapali-2017,1,255,RGI2000-v7.0-G-13-07735,c79512a1f6d15a47ee338a9ec5a119639cb75eb7b6ed89fee3f8ac0ab2859194,203,False
shuraki-kapali-2017,1,255,RGI2000-v7.0-G-13-05371,c7d81872e6bd1018fde20999e18177adac755f8ded7150b01a2e39c94efb95f1,204,False
shuraki-kapali-2017,1,255,RGI2000-v7.0-G-13-07316,c90b8316980aa31b8258fa3d44f50c9dac17c3261fb10beb9efa83142d0e730e,205,False
shuraki-kapali-2017,1,255,RGI2000-v7.0-G-13-05650,cbb3c672423d07bbf326b80ac93c98dbc20cbbc91bb2162b76ec2cd755ba2d06,206,False
shuraki-kapali-2017,1,255,RGI2000-v7.0-G-13-16898,ccc5bf1eedbeb0c8a1f23e6fdd1eed7ca44c5f35ccc75e24fdb2ac957efc6653,207,False
shuraki-kapali-2017,1,255,RGI2000-v7.0-G-13-07242,cda0c6b19d05a22e52e5f41f74cac1bbc4167055108a37cc0be41f8137f80b56,208,False
shuraki-kapali-2017,1,255,RGI2000-v7.0-G-13-05347,cfcd45d37a21ae93c7a108129deb6f58047749795e3fd4fe79137f8ebb0d7570,209,False
shuraki-kapali-2017,1,255,RGI2000-v7.0-G-13-05539,d191cde90045b78b8e70b6f9cee2f54d54f508fb89fbaa84698a22d4a0a7e163,210,False
shuraki-kapali-2017,1,255,RGI2000-v7.0-G-13-19318,d2b48115fc63db98bcf6b65a534126d9a7d8346ca41a4af109efe7f4cc51e802,211,False
shuraki-kapali-2017,1,255,RGI2000-v7.0-G-13-19545,d5051b0f3c0c30990a3ef9b1b8b06cdf5286f599cb2554f801326d2a3b189980,212,False
shuraki-kapali-2017,1,255,RGI2000-v7.0-G-13-05355,d52ca4cf3e617970ffa3f3fcbfbaf495872fafddefb48a6983bbca9928a2f107,213,False
shuraki-kapali-2017,1,255,RGI2000-v7.0-G-13-19383,d5552f1a4490a6dc5edfccdce40192676284dd22f1a76f30c4b52b4267592666,214,False
shuraki-kapali-2017,1,255,RGI2000-v7.0-G-13-19335,d56082a1037fbc530fe836dbf311c1c2e8547a69b4b9d18c0be03fa95dc05776,215,False
shuraki-kapali-2017,1,255,RGI2000-v7.0-G-13-06835,d60d876bcce0b823cc88f84442d83d09ae2c767a63a78d0d878323d2b861b273,216,False
shuraki-kapali-2017,1,255,RGI2000-v7.0-G-13-05516,d72fb19c97e5e4275b27751f960aa23f7ffcc0efdfcb656461973fa2ba502e20,217,False
shuraki-kapali-2017,1,255,RGI2000-v7.0-G-13-07734,d7fd59b8db77f53999319887e5f02fedf9b57a10617bedfc8388537f34b9c651,218,False
shuraki-kapali-2017,1,255,RGI2000-v7.0-G-13-06621,d9a55ba2cfe43e50a7a71086625a898f9fafe3c82fd25d0e1c5c88442f62d37a,219,False
shuraki-kapali-2017,1,255,RGI2000-v7.0-G-13-05501,da343056195b00a6ba12e363cefbaac62a56a8942a5772ef1fea70b6be1dee93,220,False
shuraki-kapali-2017,1,255,RGI2000-v7.0-G-13-19478,dac0b4b4dc2c978845cd455f38d35a6133fe7cb3fa1957a238f10cb9ebaf536e,221,False
shuraki-kapali-2017,1,255,RGI2000-v7.0-G-13-07331,dc2a82a666fa918c43703afa6798d8494fb9cf5051e7b9988c7e20ca911a7163,222,False
shuraki-kapali-2017,1,255,RGI2000-v7.0-G-13-19543,df4ca0424e5c66449be254c0db3b51dba1a2630c5d88c2b34429f466dff3078d,223,False
shuraki-kapali-2017,1,255,RGI2000-v7.0-G-13-07245,e0a60a57d077c7ee6cf83794d9e380a7e64b20d35f50da84782be1457edb4eb9,224,False
shuraki-kapali-2017,1,255,RGI2000-v7.0-G-13-07541,e1089cc9d04c65391417027b3ed186092420be7671e86e78b0f97a6628c0fc14,225,False
shuraki-kapali-2017,1,255,RGI2000-v7.0-G-13-06212,e12fbe45e15e25e4f129601b8139b93952c9d4b463179812b06fa493c6854878,226,False
shuraki-kapali-2017,1,255,RGI2000-v7.0-G-13-05502,e1a592a08a310d2eca4d540bc635996b5f88c760efc7ec837f6a8b14e605847d,227,False
shuraki-kapali-2017,1,255,RGI2000-v7.0-G-13-06913,e21999d5d0287bffa248b38295ced85d2ca5d7f0286cc956f0a0bc5e0aa02b19,228,False
shuraki-kapali-2017,1,255,RGI2000-v7.0-G-13-19448,e40a3636b0a559cb7423a40e8662c2afe2ee80c8101159c609ba9001ca3911e3,229,False
shuraki-kapali-2017,1,255,RGI2000-v7.0-G-13-05514,e4ac4d6c5ca936765c16c282ee63e5d76413cdf908eb12b46a41d8a01270ebfe,230,False
shuraki-kapali-2017,1,255,RGI2000-v7.0-G-13-19440,e5b454dc9c3c99bc052332f4c00cbe0f40ed38ef41f9eebe8d677564368e661a,231,False
shuraki-kapali-2017,1,255,RGI2000-v7.0-G-13-05515,e5e8ed59c76a9ee0139a63a85f8deb02f5956e3f8d776f3acb308d957b8ac98b,232,False
shuraki-kapali-2017,1,255,RGI2000-v7.0-G-13-17020,e76da70729f00ddfc133338c16ce19747d52b3b7b3cca418b91436bf167a0327,233,False
shuraki-kapali-2017,1,255,RGI2000-v7.0-G-13-05345,e9dfb299f94ebe9fa341e36dadfddf77d40a69168743964fe819fa5b5eb2f71d,234,False
shuraki-kapali-2017,1,255,RGI2000-v7.0-G-13-05529,eb5947734b2ffad5c8f4ac095908dd0ba978a3c5ef53978a300c84e4d42a6ef6,235,False
shuraki-kapali-2017,1,255,RGI2000-v7.0-G-13-07366,ec08ba386e343a967572b79aae011c344f4615f57fb02040aa019cf15f4a5e83,236,False
shuraki-kapali-2017,1,255,RGI2000-v7.0-G-13-19225,ec17e8acff854dc2f2d66d7f48ceaf642cb5b9b8704db54029c57355dd0f7a37,237,False
shuraki-kapali-2017,1,255,RGI2000-v7.0-G-13-19441,ec69305111909f5d4684ac5bb90e2fdae848361174ba84d17685c78d60c03574,238,False
shuraki-kapali-2017,1,255,RGI2000-v7.0-G-13-16917,eccee1f64792f30944a3da73a9edb1fa30da8b53810b8ce6cc9568984fb0402e,239,False
shuraki-kapali-2017,1,255,RGI2000-v7.0-G-13-07211,ed85ace4aa3a439c582992dd15d8baaa49bfb814a66ea1eaee62daadb149ea08,240,False
shuraki-kapali-2017,1,255,RGI2000-v7.0-G-13-07272,eeb9fcd736fb748094077ce9213509c27b7a081e308ecc5fdb241a026ae59678,241,False
shuraki-kapali-2017,1,255,RGI2000-v7.0-G-13-05901,eff5e1f6715dfa7687c8a99a84b7e80fe18d7f19267b8cdb8bc0cf5249436cc8,242,False
shuraki-kapali-2017,1,255,RGI2000-v7.0-G-13-06161,f01fbd95a1c0c92dde892c68be1ed29d13d599b6cd5c33e4b495d19fcbaab0c4,243,False
shuraki-kapali-2017,1,255,RGI2000-v7.0-G-13-05358,f1185580a8fcb293303646241194f6d6c84a117b7e298952063033370a4cbe55,244,False
shuraki-kapali-2017,1,255,RGI2000-v7.0-G-13-05405,f16168d2c69409b4ec825dced76e92e5582094f6ea709000773f3f7b82999e15,245,False
shuraki-kapali-2017,1,255,RGI2000-v7.0-G-13-07356,f3db20d8603aec1d7edd756b0612c72b8dcf285d211882d95094854b2e087824,246,False
shuraki-kapali-2017,1,255,RGI2000-v7.0-G-13-19420,f581b560477f1fc75bdb741b6e32f85c420dae7c96f9301e7a94c7346fe8fa33,247,False
shuraki-kapali-2017,1,255,RGI2000-v7.0-G-13-19520,f64e2bc808bc76764e913256190cb1f384c7d6ed1f9e7eab704188ab006e2c48,248,False
shuraki-kapali-2017,1,255,RGI2000-v7.0-G-13-05557,f772e7f114aac75e32c140fbea99f45d557a6412db45e7f04b1ff941436dc958,249,False
shuraki-kapali-2017,1,255,RGI2000-v7.0-G-13-19214,f78ff840dc5652e0dc692f16a6ab7421587806d9daaa3ebe35e73dc670f10909,250,False
shuraki-kapali-2017,1,255,RGI2000-v7.0-G-13-20057,f980286062407b3835a1b43e4e73dfc82f8aa40b8fa3330f8292875f7ac989f4,251,False
shuraki-kapali-2017,1,255,RGI2000-v7.0-G-13-07479,fae9b7c9dab148daa67925230e528f9b56d36a2113b5794f03757a3c221b55bc,252,False
shuraki-kapali-2017,1,255,RGI2000-v7.0-G-13-19540,fb360ac55dff273c340f8d3cc0a95d09819e5fbb6ada454f65216fad508e201c,253,False
shuraki-kapali-2017,1,255,RGI2000-v7.0-G-13-19366,fcddcb1e91751a47e1e27b043f2f9e34d4cdb46c39d6db7c6e855e3b0e580b53,254,False
shuraki-kapali-2017,1,255,RGI2000-v7.0-G-13-06955,fcef6fe6c839cbc22fe0db02a6fef71b7fe37d393cecdfedd197e31f45fea3be,255,False
tinguiririca-2007,1,242,RGI2000-v7.0-G-17-24868,00ddf4f90df776261b51085aa6008d708062c90ee700a544484d435d597d00a6,1,True
tinguiririca-2007,1,242,RGI2000-v7.0-G-17-29328,010e9e139697ff3da6ea82b1e802afebfea15f9451faeb051ff5d8ac94464afe,2,True
tinguiririca-2007,1,242,RGI2000-v7.0-G-17-25532,029bcf8d9a0e437fff0ab730dafe28742c064a96df5be393b2b7abbe85939251,3,True
tinguiririca-2007,1,242,RGI2000-v7.0-G-17-25231,0506ac262467537329ee949fb1dd0998f9366b3bb53b107e4c0824ca57204f62,4,True
tinguiririca-2007,1,242,RGI2000-v7.0-G-17-25037,05bcb2ed485741a2e0e5dc22c473df3a0ed981d3c9382878f5af4e2673bba2cc,5,True
tinguiririca-2007,1,242,RGI2000-v7.0-G-17-24691,06750332de79e3536f85f6e71aa25803dc35ffb7f7322d492538c9f601bcd38a,6,True
tinguiririca-2007,1,242,RGI2000-v7.0-G-17-25684,06c3b9460bfbef7442b46679bb728bd81e433e84f6fb647bdd07c4045ceb80c6,7,True
tinguiririca-2007,1,242,RGI2000-v7.0-G-17-24851,082bafbdd13adf8572b631b462373e1658120a14a7fd418e5474fc405fa68ce3,8,True
tinguiririca-2007,1,242,RGI2000-v7.0-G-17-25190,085868fa543e4ca65298332a619e9118616a591e126156f8641b784401728044,9,True
tinguiririca-2007,1,242,RGI2000-v7.0-G-17-24694,0b5f97169a17bc7e6c3c1b8d294fdd8010338bc4aa35d18428eb3a0507dd3433,10,True
tinguiririca-2007,1,242,RGI2000-v7.0-G-17-25074,0b919259d5328456e16646a42cad2cb9d2f3031f3e5643f53c8ab56b3b9823e5,11,True
tinguiririca-2007,1,242,RGI2000-v7.0-G-17-24852,0bb925573272b68804e4279b779b3916cb1d290c544b8f04e5e711ea16465549,12,True
tinguiririca-2007,1,242,RGI2000-v7.0-G-17-23680,0bcbb9d1363697ecabf3940603267c92d85f77290df5c597cd8ce20cadc100ff,13,True
tinguiririca-2007,1,242,RGI2000-v7.0-G-17-25867,0c39212cf3b90a0f8866ab030f5600c1286db4005642f1538d492a7ed7f91be9,14,True
tinguiririca-2007,1,242,RGI2000-v7.0-G-17-25212,0c4334d1867d4b497e25698b16f683c2bd3ab6736f59b1477dbbcd8fbca57130,15,True
tinguiririca-2007,1,242,RGI2000-v7.0-G-17-25692,0d4393bd4aab852b94c20c2b8eb2aac1ca6e5d119b519ac034f94bdb41b0121b,16,True
tinguiririca-2007,1,242,RGI2000-v7.0-G-17-24686,0ef0de0ccae9893983f052f0a99cd09534eb6bad818a9e7f05b442d775c2c078,17,True
tinguiririca-2007,1,242,RGI2000-v7.0-G-17-29314,102d64e7c3235b335e242d9d1f1e6aebdd0c28a3da0a17e8a4a282c85b90302c,18,True
tinguiririca-2007,1,242,RGI2000-v7.0-G-17-24735,1040096153f15a6c326e5dd608d9257dba6bc8e123231ff03dffa45e384559ab,19,True
tinguiririca-2007,1,242,RGI2000-v7.0-G-17-25549,10b8bf6dbae79be7c1967f97515a7c3c96c5d5a20c6f566b05774fb9d1d75c92,20,True
tinguiririca-2007,1,242,RGI2000-v7.0-G-17-28910,1678f4cff316f6bf43b9f7464544302f21e59cccba46b888bbfdcbbeca827feb,21,False
tinguiririca-2007,1,242,RGI2000-v7.0-G-17-25991,168809a25ef7696c92e96f934a5aeae2185977a49098274b212676cae5936368,22,False
tinguiririca-2007,1,242,RGI2000-v7.0-G-17-28899,16ba2e9c9c096dca6791d1304895866465e174cba23524bbb6af793a1b348222,23,False
tinguiririca-2007,1,242,RGI2000-v7.0-G-17-25607,17d9e8aec61bf1658ee3a63595c244c90f84598162a55576ccba10e6b221a383,24,False
tinguiririca-2007,1,242,RGI2000-v7.0-G-17-28888,1829f465161f51503c88f701c2bf315d1f405d37a29b3949f19899d2db5ddc9f,25,False
tinguiririca-2007,1,242,RGI2000-v7.0-G-17-26029,18ee12a59aef5dec783724337a65807c43756e255102f7dea148e4329c8d7d78,26,False
tinguiririca-2007,1,242,RGI2000-v7.0-G-17-25120,198a5e4df3601980e74b88647582cd1a040f4701b6f58c81498ca4083c0ec15b,27,False
tinguiririca-2007,1,242,RGI2000-v7.0-G-17-25438,1a462c0974659d6927cc1d7cc63d1464a839ee5745c92d8a6d7c720bec4a74a8,28,False
tinguiririca-2007,1,242,RGI2000-v7.0-G-17-25473,1ab20510e52ceb65cefc051dc2534112f9796fa4ca0ff7c348e6d83351d7b76e,29,False
tinguiririca-2007,1,242,RGI2000-v7.0-G-17-25869,1bbf08c18b18173c44ad3f85c96ae5bf5831c07d795abe2182a9687398145804,30,False
tinguiririca-2007,1,242,RGI2000-v7.0-G-17-25474,1efc663e22ce44fd158ebbd3afb40aad07d316a0cc3ae62b0b7bd25b49371384,31,False
tinguiririca-2007,1,242,RGI2000-v7.0-G-17-24777,221369cf7ca45cc05fa32444f546b24835ce857cd62d69ccb7d4535869f5dc88,32,False
tinguiririca-2007,1,242,RGI2000-v7.0-G-17-24719,221bccc302f2d89718bc6836b054d59e34f47b4971ed1ec83ca20df0efbcf6de,33,False
tinguiririca-2007,1,242,RGI2000-v7.0-G-17-25546,22abc816c207c0ce371fb4ff0b73d8f18667aeb227ede8d56040e8be59c5812e,34,False
tinguiririca-2007,1,242,RGI2000-v7.0-G-17-27993,23703f9b3c790d7f758e287d1176656eb5469c3800a60b7d1b7f69e09f0c6254,35,False
tinguiririca-2007,1,242,RGI2000-v7.0-G-17-25468,2461890ca0888ad3f94ce893468de629304bebfbc954974e59219de6618acaa3,36,False
tinguiririca-2007,1,242,RGI2000-v7.0-G-17-29047,25c7531c09223558d3cd08bcbbcacf8b13b6e145b3f063ea2c46ad28af987c72,37,False
tinguiririca-2007,1,242,RGI2000-v7.0-G-17-25093,26836ccadab8d26b1fbed5e3453f9188f54b5ccb42a2961dcfcf2a4b4015376b,38,False
tinguiririca-2007,1,242,RGI2000-v7.0-G-17-25197,26afda3eff727414c7782b9378571356eb90eb2bf58aea81e2a43d00b130a304,39,False
tinguiririca-2007,1,242,RGI2000-v7.0-G-17-26176,2741057e7d43d494d6adf46859d8797bc41c2829d0aaeb73e6308fea1ceb3d93,40,False
tinguiririca-2007,1,242,RGI2000-v7.0-G-17-24707,275b9488824ca3348b18693b9014044297649898eaa39766aee6538694f8e412,41,False
tinguiririca-2007,1,242,RGI2000-v7.0-G-17-25050,299412cc716fe54000a3fde1486288ccd17531948d585f4d92403b6d9e2c6ebf,42,False
tinguiririca-2007,1,242,RGI2000-v7.0-G-17-28897,2a3b05ed20967ed733be140864683d4711c1794fad577a53203cb43b469ba997,43,False
tinguiririca-2007,1,242,RGI2000-v7.0-G-17-24849,2e74e6d19fc62c1cded79a27588d0e28c2e2e37c1d997c4aa3151e0a19c72e97,44,False
tinguiririca-2007,1,242,RGI2000-v7.0-G-17-25548,2eb2cc2b1a4bd2a618f3798a33d24471a04b422b0e0bc70cd28b6221428da132,45,False
tinguiririca-2007,1,242,RGI2000-v7.0-G-17-24922,2f842e00062b7203047bb6e11247a85172b565e40062ec56b8aeda6ed8b2bdc3,46,False
tinguiririca-2007,1,242,RGI2000-v7.0-G-17-25451,2f8c52da301e5486ff0b6106b5cff48878c3aa75404e603dfa911f1f0aea43d8,47,False
tinguiririca-2007,1,242,RGI2000-v7.0-G-17-29317,3061dad760bf8c18e4ccc5d7f593ad47b1b7fdf1af2dddbd919e4e6df4a9d36c,48,False
tinguiririca-2007,1,242,RGI2000-v7.0-G-17-24872,335a1d9dbea69d71c7ab35e569b9c2e65cd90ddf5fc63ddd217d93f87072df7c,49,False
tinguiririca-2007,1,242,RGI2000-v7.0-G-17-24822,353ab6ac45ac28f0c17ca62fe2294eec66b95475acd497581ff5523a3597f839,50,False
tinguiririca-2007,1,242,RGI2000-v7.0-G-17-25184,354ffedce9e4de574f2cecc4b3ab091de758f5f5273d165e9d58728c86720bad,51,False
tinguiririca-2007,1,242,RGI2000-v7.0-G-17-25334,37254ee93102cccd3c7a599ad308508efc1ebef313c78080f638e16d9245fef0,52,False
tinguiririca-2007,1,242,RGI2000-v7.0-G-17-24612,377ac1c3f8575ec66047eba353c43c04e4d50b0dd6f11b2622c35e0e35cc8902,53,False
tinguiririca-2007,1,242,RGI2000-v7.0-G-17-25629,37b8fdcc1977fe8517203f9cd5095a02923c19872312c11a23f366f1af442ff0,54,False
tinguiririca-2007,1,242,RGI2000-v7.0-G-17-24953,39607c7f0dc5c23c1b921cbf84868537192ad89976329ec746b2743a200644d9,55,False
tinguiririca-2007,1,242,RGI2000-v7.0-G-17-26104,39aff189e9b01efa0aca7f4eaf36e9b785230eba8ff7f2f79e5fedfcf6baf552,56,False
tinguiririca-2007,1,242,RGI2000-v7.0-G-17-25460,3a77d0b05fdfdec0c5477b04407addf1db53814120b7970214953e6d0d1699ff,57,False
tinguiririca-2007,1,242,RGI2000-v7.0-G-17-25413,3c2ed3c3610482d4aacdd9c27dbf63577f319887461c25887a4774867e983d21,58,False
tinguiririca-2007,1,242,RGI2000-v7.0-G-17-25202,3cfa77e8266030599ff3ecd9ea1a5d3b85fd4b4dd7d35814c4545730338f0b55,59,False
tinguiririca-2007,1,242,RGI2000-v7.0-G-17-24875,3d1a9f4b92bacc424f350bb416237d14132742ca24c88d603d220b235dcd0f97,60,False
tinguiririca-2007,1,242,RGI2000-v7.0-G-17-26019,3f5bc04b667df23ee9d7f4f17d5c363b85eb6134c275f27a3269ef66e2f2a074,61,False
tinguiririca-2007,1,242,RGI2000-v7.0-G-17-25685,3f72be7a6ad8a281e7045165468c8ce324241ea9027fa1c5afbddd631b32ea95,62,False
tinguiririca-2007,1,242,RGI2000-v7.0-G-17-25417,40b3a838ab47e4c93e1bee88615f70bd20c48d8294c877f55be93d1109c5ac09,63,False
tinguiririca-2007,1,242,RGI2000-v7.0-G-17-26122,4201bad33450ce13a9ae743ef7c9f21117c9fe70b4b65538168d308cc296b047,64,False
tinguiririca-2007,1,242,RGI2000-v7.0-G-17-25517,422ded73bd0fc4bfa7bc13f805e44338ee15322607246cf9b4571bd77da23741,65,False
tinguiririca-2007,1,242,RGI2000-v7.0-G-17-28915,423b4e2a5628068c53c5faf5459bf22a9865ae30921cc266e1cc920eb6222cfa,66,False
tinguiririca-2007,1,242,RGI2000-v7.0-G-17-25613,42baf65cc623125c99e8b37d05a38dd37402cce926696720d5380f1b769c9c9f,67,False
tinguiririca-2007,1,242,RGI2000-v7.0-G-17-26210,43c28d7c8137467153999f9420d20ee3cd3790976bd5d18deb27f5b436899aa3,68,False
tinguiririca-2007,1,242,RGI2000-v7.0-G-17-25565,4457c21b87982100ae80a1f1303eb25a37668b526d6372dd000107295ceb6d7f,69,False
tinguiririca-2007,1,242,RGI2000-v7.0-G-17-26172,44658e55150ada0565ad38ab0c5659fc51ceea049097150a2a8b85f8132b61d2,70,False
tinguiririca-2007,1,242,RGI2000-v7.0-G-17-24902,454672f2d332ae3fe47acac95e91c1dcee8afed683fc4eb3c66a32ad987a6b24,71,False
tinguiririca-2007,1,242,RGI2000-v7.0-G-17-29298,4605b04ef6b128209dc8fecb8f6cfe4261196925dda7fa7c38afd75c3c80bb0c,72,False
tinguiririca-2007,1,242,RGI2000-v7.0-G-17-29020,46a283207d28454b8825b53b914cb19f62a3356c3f19646dfaaf69f383dff876,73,False
tinguiririca-2007,1,242,RGI2000-v7.0-G-17-25859,474af5fc5c1af1b9186cd497005d910b56445c8df3ab3a4d3d266004e584092f,74,False
tinguiririca-2007,1,242,RGI2000-v7.0-G-17-25696,496d7c7d367db73527b199d712e30f8901a23988991aca0f986ad8b4a1c208e8,75,False
tinguiririca-2007,1,242,RGI2000-v7.0-G-17-24939,497b157407eb837d7a5bee2aa5a9164a269d9959c9995fbc62b4d7157e0cdeac,76,False
tinguiririca-2007,1,242,RGI2000-v7.0-G-17-24791,49a7d912857036819e3d9d809d6b1971b0ad392830296b1dea503dff14ee78a5,77,False
tinguiririca-2007,1,242,RGI2000-v7.0-G-17-25076,49e3f66da5524a0267b2eba02f175010c341c29c73b8f30d28bfe1b3026d4758,78,False
tinguiririca-2007,1,242,RGI2000-v7.0-G-17-28872,508435286f25cb53bfe1f6862beb953dec1ac2aa49c1b1966a0d5a2a30036787,79,False
tinguiririca-2007,1,242,RGI2000-v7.0-G-17-25502,52098dab5ff70de8273742ae6628dc8868f709a6c0202106dae7527c3d44dd01,80,False
tinguiririca-2007,1,242,RGI2000-v7.0-G-17-25418,523ea574cec88c13ecc7779b44e077ec9736002520cdc3c26c6e1f84580f4b46,81,False
tinguiririca-2007,1,242,RGI2000-v7.0-G-17-25600,528b6746972016c674f6f22b395431cbe7e7b1b92ef5d24547ddbc33b8254e15,82,False
tinguiririca-2007,1,242,RGI2000-v7.0-G-17-25514,53235eb1d14f56d70417bf188c91c19bb46d57707907f5048c41f6a80dfc34e1,83,False
tinguiririca-2007,1,242,RGI2000-v7.0-G-17-24929,5445376e1425470becf4162d9f87b49b0d97984e8a047c2b2c78395d90a38892,84,False
tinguiririca-2007,1,242,RGI2000-v7.0-G-17-24661,545e2e1ecc47b982e04b6d84b1de864058ce18e67ea962eee62b56dc60829f65,85,False
tinguiririca-2007,1,242,RGI2000-v7.0-G-17-25493,54d9650ece528ee732aaa86697170ca96a7921f8ffc8465a71d0d1a57e7bf42e,86,False
tinguiririca-2007,1,242,RGI2000-v7.0-G-17-25704,5789a9f8956487689272f78996bea98f687e8caf7df582bfafd7fc3e022e1148,87,False
tinguiririca-2007,1,242,RGI2000-v7.0-G-17-25253,591097eed5d535e4f605191c8b030449c1d3ea6dd0c756cd0bd1349d561d3983,88,False
tinguiririca-2007,1,242,RGI2000-v7.0-G-17-25294,5993c7ebe32b00176542ddd4a238e40c763d76894e2e5089ed2ae5bd57fbaeb3,89,False
tinguiririca-2007,1,242,RGI2000-v7.0-G-17-25119,5a1290b4b270a2a6a3b0dbc107671ae4403c9ce32cc34a13f511cb4a9e705106,90,False
tinguiririca-2007,1,242,RGI2000-v7.0-G-17-25073,5a6bcaa7361ace410b572893b93cab9b17b85e30b494688c4d01fb3aa4606661,91,False
tinguiririca-2007,1,242,RGI2000-v7.0-G-17-25637,5adc2f37dfa057d027a7a4b7f18f85c45ef21a94c4e4f75b84bf8f94e12fa4fd,92,False
tinguiririca-2007,1,242,RGI2000-v7.0-G-17-25395,5b5742484eb5907f003c694125438d28abb7da8d51bc170b71f3ec9891f43aa3,93,False
tinguiririca-2007,1,242,RGI2000-v7.0-G-17-25265,5e05d606bee1172501cb47d8317e2ac41b56ddf6b20f4b0cdb3b7087acfbb8c7,94,False
tinguiririca-2007,1,242,RGI2000-v7.0-G-17-28876,5e8387755736960273e748c44adf8d74cb7e9d7dfd3a8de60529b4ff64d87866,95,False
tinguiririca-2007,1,242,RGI2000-v7.0-G-17-26191,5efe0f8b80065177dd4a7eaec24596aee644c7e208147dc648b953329f74a863,96,False
tinguiririca-2007,1,242,RGI2000-v7.0-G-17-28904,611449d6b153cb525dd827579110e0c5af7899422f0349231cd5ce53b2764056,97,False
tinguiririca-2007,1,242,RGI2000-v7.0-G-17-25466,631c188bd8b60664ba64c8b5f1085a6d97a0a558e0793b48d10e61c7437f87a7,98,False
tinguiririca-2007,1,242,RGI2000-v7.0-G-17-24834,63f5cb101debc989079068ee4df4de13c1ad180b2ded4fb4d8a3ada81076339b,99,False
tinguiririca-2007,1,242,RGI2000-v7.0-G-17-24901,648d83c9ab2033da9b4669b777a088e4bd925b29a8cc25c3d7a46e52264fa8c6,100,False
tinguiririca-2007,1,242,RGI2000-v7.0-G-17-29350,654c1f4cd71a0ba6ea63bcb3f488c071ffb80ab5de959104d22531309d14aac5,101,False
tinguiririca-2007,1,242,RGI2000-v7.0-G-17-25075,66af7d32d6556ec78c08ee469ca946ace6a359f0461f9a2d48d0c5cabb77965c,102,False
tinguiririca-2007,1,242,RGI2000-v7.0-G-17-26125,684e850316e547126e523342bd2df9da986f96dc651252aacd57d24fb06ce4ce,103,False
tinguiririca-2007,1,242,RGI2000-v7.0-G-17-24734,68af280e08109ff91336a24885c6032736c31c327f7dea73e85a300f7387dbe4,104,False
tinguiririca-2007,1,242,RGI2000-v7.0-G-17-26048,68bb0b6f644d2bdfffbc0dcb4c4ae34ee76cdea7fa5e10ce8e1ac1e94543e17c,105,False
tinguiririca-2007,1,242,RGI2000-v7.0-G-17-25535,695c0bff7304ef21eeaa4f1aee8efbe3c36b8596fa57860ccd528a4434a3848f,106,False
tinguiririca-2007,1,242,RGI2000-v7.0-G-17-24751,69f2c7d4534603f0ed4fb7b8ed753c08e5e3260addb0f911c833ddd7141e061c,107,False
tinguiririca-2007,1,242,RGI2000-v7.0-G-17-25378,6a0bff63953213c171f2855c582531e46aa1c5f8ad40b40409a762971259365f,108,False
tinguiririca-2007,1,242,RGI2000-v7.0-G-17-25476,6a8b7cb1ddc68076154015e72834c23034b1ad956992c2b6200df660da232be5,109,False
tinguiririca-2007,1,242,RGI2000-v7.0-G-17-28922,6a95be4d5b36e0f228d3e3e8b5277529c3b5c2dba3eaf556524f11ecc8ae1467,110,False
tinguiririca-2007,1,242,RGI2000-v7.0-G-17-24924,6b262f58c1e87332284aa71d3839cc5e53da603aea7170a2571cea9013d0f02f,111,False
tinguiririca-2007,1,242,RGI2000-v7.0-G-17-25110,6bd8649fb76fd20b70e531e82727b2e6bc20a0b8cca5972f8f47712a08157f7c,112,False
tinguiririca-2007,1,242,RGI2000-v7.0-G-17-25534,6cc32c81a84d4b67936e83053f96b6ce0f4ceb22bf653a1431214aadfd5dcac4,113,False
tinguiririca-2007,1,242,RGI2000-v7.0-G-17-25680,6ce58854feec7e2d7fa27044048f7ce99abca22c5b54baf0eb5382afaa8c67e5,114,False
tinguiririca-2007,1,242,RGI2000-v7.0-G-17-25097,6d609bf0a311a8e841783c3dac45de7b98ccdfba7ecfb56238784cd441fe3143,115,False
tinguiririca-2007,1,242,RGI2000-v7.0-G-17-24894,705aaac680eb1f09d437347760dea1f678bb093fb7f5580292576e2f073b92fd,116,False
tinguiririca-2007,1,242,RGI2000-v7.0-G-17-24898,7075686e9f3598508838ac8fb06776c372423b1b6e0008caf382b556ebc7badb,117,False
tinguiririca-2007,1,242,RGI2000-v7.0-G-17-25691,7203633fc4caff497d72f5fb36d1c098838ed038aa53b38df0c959897d8dc893,118,False
tinguiririca-2007,1,242,RGI2000-v7.0-G-17-26094,72693696879811fec98709fc046f9862977fad916e071cd00d566d9539bd3930,119,False
tinguiririca-2007,1,242,RGI2000-v7.0-G-17-25677,74fafef8240ec9d138fede4256a0641751b39ad028ad35df7fb7048ab85f905b,120,False
tinguiririca-2007,1,242,RGI2000-v7.0-G-17-25592,7573c24424261baf3d1b8b484ec7eebcc0d9d594a16af63d5bccf339c80bf3e8,121,False
tinguiririca-2007,1,242,RGI2000-v7.0-G-17-24824,757dd2dbb78bd5ffe9e823313473d8196328ad85f8c6e4fd7385a2f4599ff714,122,False
tinguiririca-2007,1,242,RGI2000-v7.0-G-17-26146,7663fd719e314ad1e5d509af57ba7db3e18db0fc1f390f3ddfe49f58c3902dbd,123,False
tinguiririca-2007,1,242,RGI2000-v7.0-G-17-29299,78e47cb87873e79fa7e7a426c837b04271247205102289a1a1a60c36437babaa,124,False
tinguiririca-2007,1,242,RGI2000-v7.0-G-17-25541,79afac645f660012f7b0d30a04b1ee0df52ab32f18df64333ee0c97be3d2bc3e,125,False
tinguiririca-2007,1,242,RGI2000-v7.0-G-17-24930,79e58378d449aed03a1d5f64195f9dd26c17e0d9f0028404c3f81c66df621e91,126,False
tinguiririca-2007,1,242,RGI2000-v7.0-G-17-25223,7a82f6202b92d20913f406087269b988c6a3e9b86b04d56206214ac97da1c7fd,127,False
tinguiririca-2007,1,242,RGI2000-v7.0-G-17-28988,7b91de33d787cb9daa03607f2aa9baab362df7d0ec2f0cb0fbf3d2a3706b1594,128,False
tinguiririca-2007,1,242,RGI2000-v7.0-G-17-24867,7bdbd88b85c1118cdcac2defb4d2c11029aa82db26b5da1e4b3f852f30a2bc18,129,False
tinguiririca-2007,1,242,RGI2000-v7.0-G-17-25630,7c254f509197970c6a081cb7393723e004e0a65ff7725bbe3c91f3a6bc111efa,130,False
tinguiririca-2007,1,242,RGI2000-v7.0-G-17-25568,7cc62610e27f0a320e36c1f84a4d999fdfd167ff130f9105bca8c3d03ff9e717,131,False
tinguiririca-2007,1,242,RGI2000-v7.0-G-17-25327,80ceeeb662446474d390b45898f840d74486b2041e202c3a669707a74135e96a,132,False
tinguiririca-2007,1,242,RGI2000-v7.0-G-17-25492,8571002bf877d97eaf794d9874ba2be114d51fdc9ccfcbce23fc3ae58f35f0e7,133,False
tinguiririca-2007,1,242,RGI2000-v7.0-G-17-24792,86108a14386feba9adc4b0d161f8a76ed4b7463d7d37bf20fafede3e504f1168,134,False
tinguiririca-2007,1,242,RGI2000-v7.0-G-17-29267,86c55fffb20848bbdb8a0ac489641f065845f875f20efe6b546213cdfafb7dca,135,False
tinguiririca-2007,1,242,RGI2000-v7.0-G-17-25264,86e0e0ff9f9d365d9363b7176aea207d3e460322d3931c933adf933e2ff09ee3,136,False
tinguiririca-2007,1,242,RGI2000-v7.0-G-17-24711,8712e8fea89ce4f7319c717f0573dbe11257381ca0dfd9d70e02f4d49464ae1d,137,False
tinguiririca-2007,1,242,RGI2000-v7.0-G-17-24918,88e1d926c6c6732c9dc0028f8e3cb4b88d6f75841955c91845b2ab64652a2f3a,138,False
tinguiririca-2007,1,242,RGI2000-v7.0-G-17-24900,894c05b9c18f4307d8cfd9145cc93bd74e36d16a98723797cf1ac48f1dad9af6,139,False
tinguiririca-2007,1,242,RGI2000-v7.0-G-17-25419,895f46d1053003ff8504bfce6d96c59f83b6da360ae55e05a0066dfb8ae410b0,140,False
tinguiririca-2007,1,242,RGI2000-v7.0-G-17-28911,89c5d9349ec3a51cf5858ba06995775cf0cfa4981dff64b8044810085671f563,141,False
tinguiririca-2007,1,242,RGI2000-v7.0-G-17-29279,8a3bcf6a97287062dde9ead59df9fa5be9ff950f20ae6b0bab142e6bc2a2a98c,142,False
tinguiririca-2007,1,242,RGI2000-v7.0-G-17-25029,8a553b40e4f76c70638bed62635a3b17b982b1fb43083d0bc61ac864ee6cf528,143,False
tinguiririca-2007,1,242,RGI2000-v7.0-G-17-25101,8c0c84435770d8b4a3427580beed9d74350dc26bff2df35be992194dc86e8fe4,144,False
tinguiririca-2007,1,242,RGI2000-v7.0-G-17-24934,8d57ba4be7d7f95ae0b575f280550842dbe1aac5fe3e5b573a8625bf1c63d4b5,145,False
tinguiririca-2007,1,242,RGI2000-v7.0-G-17-25229,909815b6ec4c030299cecb3429e23bcf30ce768eccd8c853527831be80d035b5,146,False
tinguiririca-2007,1,242,RGI2000-v7.0-G-17-25861,9196803ece6a6f228c45dfeed602a8282f2ebab01edcd49b6d9afe018c6e2fcc,147,False
tinguiririca-2007,1,242,RGI2000-v7.0-G-17-24941,95e3b566681eaf1eefc801ba194be2d3c80d04534c2ed6b1ca40cbf5bc0cb4d0,148,False
tinguiririca-2007,1,242,RGI2000-v7.0-G-17-28881,96f7df5f2df0625c2853f12d3c0e50dab96d7243cec05d6be1b4226a1f5768b4,149,False
tinguiririca-2007,1,242,RGI2000-v7.0-G-17-24678,97d8893041b602edbfc19c1714d055d2ab24405b82aafc544374b63d60604d64,150,False
tinguiririca-2007,1,242,RGI2000-v7.0-G-17-29352,9896354abce571810ae929a125e891d3b8432afdfdc9cb0de89b22fae734422a,151,False
tinguiririca-2007,1,242,RGI2000-v7.0-G-17-28388,9a01742e52ef0d229cb47a425d591a3e47a00cc7cea7c1033df0e3cf183964b8,152,False
tinguiririca-2007,1,242,RGI2000-v7.0-G-17-25263,9aa171a257ee089ae0e37d125df6b49f8b6dacc826032f79080b054f9dc9527a,153,False
tinguiririca-2007,1,242,RGI2000-v7.0-G-17-25986,9c11fc7b79afc02f5b2bb20a990fcb68451ff5ae2a062c198e254eb618ee6510,154,False
tinguiririca-2007,1,242,RGI2000-v7.0-G-17-25111,9d7d997e9aeb032c885abfa7fcec1ce8924de151a292c8fce9de6ab2832456b2,155,False
tinguiririca-2007,1,242,RGI2000-v7.0-G-17-25433,9e5324d8cfc9904e85372ea2e307af5b243a579cb7d0707be7bfc8835bf3434f,156,False
tinguiririca-2007,1,242,RGI2000-v7.0-G-17-25208,9eb4ef8f91b39f04d84f1f73463ec00a5a1d38a55548c0de4269e5b9e6dc9061,157,False
tinguiririca-2007,1,242,RGI2000-v7.0-G-17-25547,a03175529c3c3dfca15cf2d7f4d2ceafa41f48b6e2b56a35be3cc48e8466e572,158,False
tinguiririca-2007,1,242,RGI2000-v7.0-G-17-24713,a0f25d6c28be449b7c80b849cd32cf599eebdd6c7655726f7d2818d7cbeade77,159,False
tinguiririca-2007,1,242,RGI2000-v7.0-G-17-25515,a0f5f643c441137da1dc7382d6d24bf1e3558f3df0ce91ec70c7c5903c96190b,160,False
tinguiririca-2007,1,242,RGI2000-v7.0-G-17-25226,a1c52def24e84b28a52ec15b565a2c7e3db5380705f4fb1aba80cf2fb6bba151,161,False
tinguiririca-2007,1,242,RGI2000-v7.0-G-17-25860,a3f03d1a4b1e0fb9712c59224d9f4700851b55a9804259d9ca7e0046c1211781,162,False
tinguiririca-2007,1,242,RGI2000-v7.0-G-17-29021,a3f676aee4268f4d5482440c7309b5c771d90566bc4bfed3e134dfe0063ab823,163,False
tinguiririca-2007,1,242,RGI2000-v7.0-G-17-24832,a498d7cc15d0d32d54d51f53959b2ca2c481e50f20268428b9a7a4419ac1c678,164,False
tinguiririca-2007,1,242,RGI2000-v7.0-G-17-24844,a53cecde68d7b8f7e775c60bc0d6dd588607edc075db78c8867837c8a77a6cd1,165,False
tinguiririca-2007,1,242,RGI2000-v7.0-G-17-26264,a5ccc0af90da0e778e41c2ce3e6ac2270f10d9ca11f21ce22eb542576701e437,166,False
tinguiririca-2007,1,242,RGI2000-v7.0-G-17-25136,a64761dbf2613c115adcbbd2f01702508c81cdcbc791aa0cccc85ae03c535ac6,167,False
tinguiririca-2007,1,242,RGI2000-v7.0-G-17-29008,a8e1bd9e3e3709ab3cbc960cec0978d12bed49fc96d68699a2524b53b0cb7ad5,168,False
tinguiririca-2007,1,242,RGI2000-v7.0-G-17-24682,a90ef8278f2b9cd094249cf3871f7442dc92391386c410afc9c5c82c1ce4bcc0,169,False
tinguiririca-2007,1,242,RGI2000-v7.0-G-17-25281,a97d4453bb227fffccca94d816e777faa3957fa4af8e833ca693f2999a16aca8,170,False
tinguiririca-2007,1,242,RGI2000-v7.0-G-17-28903,aa7e73b668f083e90084c8ee2f590e4edb6390ee446fbe8f6aab27518fb42213,171,False
tinguiririca-2007,1,242,RGI2000-v7.0-G-17-25989,acb367c7dc1ad700ff9315d2be2123221d5aef5cb11bb36ddad726c3d4b8c9de,172,False
tinguiririca-2007,1,242,RGI2000-v7.0-G-17-25687,ad9ccdff200a3519248b237dca143f91b5bfc3be1301a3ba84325a257ad66307,173,False
tinguiririca-2007,1,242,RGI2000-v7.0-G-17-25573,b03a095216252b9565f4a2c417aaeb0b0f6e3455b8dd7796446f38170d4a90ad,174,False
tinguiririca-2007,1,242,RGI2000-v7.0-G-17-24710,b175c60f12e43a1c12440797e210c9a2d64836c8c2cff5fbf78f872497d9c0d9,175,False
tinguiririca-2007,1,242,RGI2000-v7.0-G-17-24857,b2d5d0e36725d4049bd3f39c73f025f5caf650a6fa93768f89cd650fb42aa1ad,176,False
tinguiririca-2007,1,242,RGI2000-v7.0-G-17-25481,b4326cd8964c64e1db042f9dda324a6262ead8debdf28fbbaa1442d8af16de40,177,False
tinguiririca-2007,1,242,RGI2000-v7.0-G-17-25193,b60d9204874faf0cdbf69dbf12cf401ada0e56ab05053ec9203d08c8a6aa2d13,178,False
tinguiririca-2007,1,242,RGI2000-v7.0-G-17-28882,b9694ffbaed505549345a05e0347d1d05afe116de07a038cc38d81a17b5a81fb,179,False
tinguiririca-2007,1,242,RGI2000-v7.0-G-17-29242,bb14a315dc2af3c9e1d02dcf30732dd4c967996778f84a293363d8e7a1e722fc,180,False
tinguiririca-2007,1,242,RGI2000-v7.0-G-17-28887,bb2fae1b73d23ae7601b879118e667ed4bac59b8b7afce6d705a13a97b6f354b,181,False
tinguiririca-2007,1,242,RGI2000-v7.0-G-17-25858,bb846aa1717965e17952e0407490916804cf4bb63cc93f3919ac67dac824e2b0,182,False
tinguiririca-2007,1,242,RGI2000-v7.0-G-17-26027,bbc5ee90ee550686fa649308241b8d094c574487fe0fbbaac4f6e36bfb599e94,183,False
tinguiririca-2007,1,242,RGI2000-v7.0-G-17-24846,bd22709af4532bf76e6a9de29a2cc3307f74e51862ec18b6d4b59b856ea70f9c,184,False
tinguiririca-2007,1,242,RGI2000-v7.0-G-17-25309,bee2c1dd8c115f92529dc9c73a300fe7c88e8f73e47b2ac8ae4e989c9072c9d2,185,False
tinguiririca-2007,1,242,RGI2000-v7.0-G-17-25233,c05abb70f1d2e11a9b3323e47d9d5f0e914e8059c36e9e658c4d0398e65d80dd,186,False
tinguiririca-2007,1,242,RGI2000-v7.0-G-17-29249,c05e81943369ca39914c3cc64d15d35bfefaf6d5861cc27663134762fadbef8f,187,False
tinguiririca-2007,1,242,RGI2000-v7.0-G-17-25480,c0d64c45679bfccc8c8cc3b3b400f853f4e52a41ea2d9c2b52d660062516678b,188,False
tinguiririca-2007,1,242,RGI2000-v7.0-G-17-24704,c22e0b5ff8b41ee80479764dd903c3bb7527647d12c635d3a4be5c4547d6d209,189,False
tinguiririca-2007,1,242,RGI2000-v7.0-G-17-26179,c5488cb814157900ff5a0dadb75eebad86349a831120633208774d035eafa7b2,190,False
tinguiririca-2007,1,242,RGI2000-v7.0-G-17-25250,c6907b6674ef82ea3e15b41f9b42533e5c45fb07b849e738db77025ccc7d0ade,191,False
tinguiririca-2007,1,242,RGI2000-v7.0-G-17-25201,c74845a4af136f22652748f789345228bd8b4c9f570d8d26c091e23da8cf6399,192,False
tinguiririca-2007,1,242,RGI2000-v7.0-G-17-24903,c74ba8f5d7a9bdc755355774aacfc37c3c8dbf5ae8ae3cd36c8b7acddcf6a10c,193,False
tinguiririca-2007,1,242,RGI2000-v7.0-G-17-24975,c88091669c0f81dbc0d5e5d8fc83a99482508b6a27017567680517a511b9d95e,194,False
tinguiririca-2007,1,242,RGI2000-v7.0-G-17-25078,c89711b7a203216db77f79ca36eed29548e235100f3944c875e7303ddc426256,195,False
tinguiririca-2007,1,242,RGI2000-v7.0-G-17-26008,ca3bab5c79cef1676a261e9d82886e791613183a8cf58ec4eea33eb574424a3f,196,False
tinguiririca-2007,1,242,RGI2000-v7.0-G-17-26143,ca78de521496d965975934c1f45ef321852cb811a986ca5221b60c17ea5c268e,197,False
tinguiririca-2007,1,242,RGI2000-v7.0-G-17-23679,cc0fa49e72dcad010b8fadcdcf738c435d12e8922179296dae7cbfa560ec0e59,198,False
tinguiririca-2007,1,242,RGI2000-v7.0-G-17-24919,ce66ac65b0474c7c002d3276ee57b18bdc9effcd08023a384e7deb93982b270b,199,False
tinguiririca-2007,1,242,RGI2000-v7.0-G-17-25440,ce90023dcb49f4a3498234e75547415b09acae4571875583a0a4d6a86378b830,200,False
tinguiririca-2007,1,242,RGI2000-v7.0-G-17-25114,cea07e9b087bb026a0b73bbfb13fcbe6d7f95d894c2d1e24ca2c760979467c00,201,False
tinguiririca-2007,1,242,RGI2000-v7.0-G-17-25901,cfb2ce3243978e7f5e3296716c805ffc8905d9256a986df52b7b9884499c80af,202,False
tinguiririca-2007,1,242,RGI2000-v7.0-G-17-24955,d0955db932cc2485a2b23e46df30f6f9da1932ae4e16d545772420cd07dc9ede,203,False
tinguiririca-2007,1,242,RGI2000-v7.0-G-17-25030,d0d98545507ab1fca423b1b3121575b781e1da2c0ae94a7e7277d5ba1e64ccc0,204,False
tinguiririca-2007,1,242,RGI2000-v7.0-G-17-24927,d10c39df496f5979d60eaea7b6777b14d8885b475652fa037c9083d42b2849ce,205,False
tinguiririca-2007,1,242,RGI2000-v7.0-G-17-24870,d1a04bf545acd6b58239b500d35a9c68761488ffe56b0949eaa6cf8a7b89f15c,206,False
tinguiririca-2007,1,242,RGI2000-v7.0-G-17-25966,d379019a589734f921d591046ba87ba1fe5091202f5c897d50d4c22a600c0b6c,207,False
tinguiririca-2007,1,242,RGI2000-v7.0-G-17-24793,d5e4fec907cec0dd0940bcb622ec879d3d962ad0cc00967e253882033a6a81d7,208,False
tinguiririca-2007,1,242,RGI2000-v7.0-G-17-29259,d68ccafee41598ec90481bb005ddaab06769fb3d6dedce20426d79ed3241e978,209,False
tinguiririca-2007,1,242,RGI2000-v7.0-G-17-25478,d78fad396f00eef8d2ed46d84d667caecf8063c2c4c6c833eb439dc584b39e59,210,False
tinguiririca-2007,1,242,RGI2000-v7.0-G-17-26093,d7cee4904bd1b0270f3edf4dff77741cafdec31483e47b5ba987cc773d4509cb,211,False
tinguiririca-2007,1,242,RGI2000-v7.0-G-17-25186,da4b8cee5aa922d64d4f20cf9b8bcfaede1ab239d5be2e48cf43a349981ac7ad,212,False
tinguiririca-2007,1,242,RGI2000-v7.0-G-17-25536,da856147f89fd7602d628c97b5dacf47fdbade96555ab42520fcf648ac3bab81,213,False
tinguiririca-2007,1,242,RGI2000-v7.0-G-17-26178,db407f352b5d10fc1341402a92b70219f20daed53268c694f067bb0ab71659fb,214,False
tinguiririca-2007,1,242,RGI2000-v7.0-G-17-24703,db504f0c21e682aee8aeba9e9281cdc259892af60281b51d87356408d3361102,215,False
tinguiririca-2007,1,242,RGI2000-v7.0-G-17-26205,dbf31f40e939aa6b3163c9d02462679249fd77d99d18901a918f42ba4c9d97a4,216,False
tinguiririca-2007,1,242,RGI2000-v7.0-G-17-25631,dd98aecc759954c320fb29330a109b5c80e7e696a01896c1deaeb5397121950f,217,False
tinguiririca-2007,1,242,RGI2000-v7.0-G-17-25931,e07f1c8099d369e625cad34ef28653f48bdfa8596b29af529ca0ddb483b9c4d0,218,False
tinguiririca-2007,1,242,RGI2000-v7.0-G-17-23678,e160e01237e73dfd09e1f49582edfdadf990fd23763809a1a9f2eecad3f46af3,219,False
tinguiririca-2007,1,242,RGI2000-v7.0-G-17-26007,e1b674ea87b7078371d4ac8ff30ce9b6ef6a31a3620ab278c5a01ccd007e441d,220,False
tinguiririca-2007,1,242,RGI2000-v7.0-G-17-28895,e2f9bbe7158aff7f48c2f103daff1202b5b91ab78fbd914b0aea94a32724448e,221,False
tinguiririca-2007,1,242,RGI2000-v7.0-G-17-25518,e37109a31c9b4452862ad513379f467e4d57f2bf1f42fa63cf4599c56c22fbf9,222,False
tinguiririca-2007,1,242,RGI2000-v7.0-G-17-24928,e3fc468c586a2dce9d06df2f6081cef97da2ae2ad86e0214e50bbb7eae1ed39b,223,False
tinguiririca-2007,1,242,RGI2000-v7.0-G-17-24911,e49d3ef627bd75e32890d3a17f77e1561c0635ab1e76d4a797f046da714c4298,224,False
tinguiririca-2007,1,242,RGI2000-v7.0-G-17-25487,e4ef6541a503555ff0b5e2e96f4e60cd2b34eba1e0c811901ee839b423e1fac1,225,False
tinguiririca-2007,1,242,RGI2000-v7.0-G-17-25949,e82c352b9a0fbcfadbe9b7403b9db098d5a288593ea1728b48b50cf7c17477ec,226,False
tinguiririca-2007,1,242,RGI2000-v7.0-G-17-25385,e8510676ac9f56d1e8bc49a84c296e747225c1e928571726c3c69eb87ddc132a,227,False
tinguiririca-2007,1,242,RGI2000-v7.0-G-17-25102,eb23fd5886acd7569189ebbae8422e52529865474320e6271dbdd08ed8223666,228,False
tinguiririca-2007,1,242,RGI2000-v7.0-G-17-24892,f0065f2bdec96dc3c5d54c49d5fc4b4954e38d0a664eff030ecf482f88992d27,229,False
tinguiririca-2007,1,242,RGI2000-v7.0-G-17-25041,f0ef5fa24c4e694fafd278c5594f116cd83ab4328cb1be407d11f51f49788cda,230,False
tinguiririca-2007,1,242,RGI2000-v7.0-G-17-25343,f2cde31c74fb4ca08884957d3834e21d9040985d5d828a40ee2f7446f135a6b4,231,False
tinguiririca-2007,1,242,RGI2000-v7.0-G-17-25216,f2dac1ba05fd14f8d07a27749cc4150ed64d05e9f4a9b5d75f2232a5fba8141b,232,False
tinguiririca-2007,1,242,RGI2000-v7.0-G-17-29202,f5842e84cb7bcbdd0684a533c35bf5dd7cda1f92290f7c9d6c4996fc58e06f86,233,False
tinguiririca-2007,1,242,RGI2000-v7.0-G-17-25967,f685e57e7f88916a6f0bf629e7ec614da05de750f1b8db12f90723ebde6d8675,234,False
tinguiririca-2007,1,242,RGI2000-v7.0-G-17-25112,f6f913d57b4663621761a0fb48c2d7480d55457d98d68981cca1b7a2dec9a4fc,235,False
tinguiririca-2007,1,242,RGI2000-v7.0-G-17-25456,f7dfab2dbd2b2be6db8d3bbd0e50d25a2dc26d40a68033181e5451129e8334e0,236,False
tinguiririca-2007,1,242,RGI2000-v7.0-G-17-29201,f9e1b9fee43d5ba746031fbad8f70984c14b44cea85ec894eac28b40384954da,237,False
tinguiririca-2007,1,242,RGI2000-v7.0-G-17-24825,fafbd1bb0e421f19908f3d986f3b6e6aae5e2fe88313ee296b240858c41b4303,238,False
tinguiririca-2007,1,242,RGI2000-v7.0-G-17-25256,fb4f47c8103b950bf0a0db34a0360a1400b1b216948b4dc075fe6dff838bb6b4,239,False
tinguiririca-2007,1,242,RGI2000-v7.0-G-17-25690,fc9d901a01e421fe5a573b640da2b2391c27f2b09b492b9b422cbbe036a27149,240,False
tinguiririca-2007,1,242,RGI2000-v7.0-G-17-25632,fd964683b82aeea5310d62c63a24b9e8abe2432aeb3209821a6306fd4c7d9161,241,False
tinguiririca-2007,1,242,RGI2000-v7.0-G-17-24658,fdb8c22e44857aa8c3578ea03ab574dfe17bd35bb737e99d8b6b957bfed84759,242,False
kunlun-b2-2001,1,364,RGI2000-v7.0-G-13-51816,00286afc3a536d987b0218ee28c2f3b2dceed44c111710f21daf3268fb90ab4c,1,True
kunlun-b2-2001,1,364,RGI2000-v7.0-G-13-50246,006dd80e09c8620184da6e07c490ce608651bc4b603861da9a24e196500940f6,2,True
kunlun-b2-2001,1,364,RGI2000-v7.0-G-13-52905,0096e779a4b7c8faa95c43d50418b81755b73db5c9624b33022c4311f32d47cb,3,True
kunlun-b2-2001,1,364,RGI2000-v7.0-G-13-50873,00fdf1dc7cc278c12429f436c9a85d292220fa80f68fe6685420009c26ba21af,4,True
kunlun-b2-2001,1,364,RGI2000-v7.0-G-13-51964,010eadca174cce8d3a3cefd7d6f1e6b2499468d0fe42adc9dcda9cab05135861,5,True
kunlun-b2-2001,1,364,RGI2000-v7.0-G-13-52786,0153a9ade494dce5e48ba593c6827ca90a0369e13ea38dc4c38969a4220de26d,6,True
kunlun-b2-2001,1,364,RGI2000-v7.0-G-13-52073,0456e49bbeeaebba7d3fb0cc32828601127802df71cdecb6552005076e623f5a,7,True
kunlun-b2-2001,1,364,RGI2000-v7.0-G-13-53563,056aa16b54d0b8bc142a403c546606fb53ea22f1b1d0cdab22319392b03a9bfd,8,True
kunlun-b2-2001,1,364,RGI2000-v7.0-G-13-50759,0759f8b8911446be1ddd154d65db25be92778c07ccfee3067352631ae3ccae91,9,True
kunlun-b2-2001,1,364,RGI2000-v7.0-G-13-53613,09ede49588f6f57095c0cfb91987d4e648da44bad99c2848d6d76ecaa97347b7,10,True
kunlun-b2-2001,1,364,RGI2000-v7.0-G-13-50117,09f490a9114a8518c02d2804cfccba0d558866150228264e23996a2e45837dc2,11,True
kunlun-b2-2001,1,364,RGI2000-v7.0-G-13-53544,0a1c6758e54ee1a8c31c9be127e18655c6fc779d138e0663ae483b6a09a87c5c,12,True
kunlun-b2-2001,1,364,RGI2000-v7.0-G-13-52074,0a2b600b09bca53a7e348f501db2c91288ce01416ee2593490aa4479cb6a1d0f,13,True
kunlun-b2-2001,1,364,RGI2000-v7.0-G-13-51863,0c1b63190843c9ca2ca31a621f7ea29d07be06b006e2196882cd0fc74615b7dd,14,True
kunlun-b2-2001,1,364,RGI2000-v7.0-G-13-50357,0c47ef94c3d72fe4e6b1c91bcf014728296fd710c4a3ea802080dfddeb993935,15,True
kunlun-b2-2001,1,364,RGI2000-v7.0-G-13-51730,0c5adaa77898bf9ed2ce6b4db5ab0dde7803926986e8398171e1fec71f5ccfdb,16,True
kunlun-b2-2001,1,364,RGI2000-v7.0-G-13-50732,0c7cd22a014e3d4bfffc40b0cb5a66fbfa33975286c9f50ceb070c57f3522c76,17,True
kunlun-b2-2001,1,364,RGI2000-v7.0-G-13-52131,0c8c9992d9f4192174df1973c827af7fa760dd3384847d9f6ceee3471a626196,18,True
kunlun-b2-2001,1,364,RGI2000-v7.0-G-13-50870,0ce7b29a86e32190b69f7688e9321453360a9839df4f1fd22af91ea58299c368,19,True
kunlun-b2-2001,1,364,RGI2000-v7.0-G-13-50570,0d45037ceafbae13837b133577da239a2c103c15e5b22c95c8ec4e4eb1e8fa7d,20,True
kunlun-b2-2001,1,364,RGI2000-v7.0-G-13-50999,0dc1e3e852e6c37a297fc998e7646e4523185bad70080a86251fbca8901b8edd,21,False
kunlun-b2-2001,1,364,RGI2000-v7.0-G-13-52134,0e77a6f0513ba7f91d006c91a4b84758ff99596096d1b713b1236211092225d3,22,False
kunlun-b2-2001,1,364,RGI2000-v7.0-G-13-51721,0f462b59bee8246af61fd08d2e4892d92722ccdd49528634e7df9c1ffcf266ed,23,False
kunlun-b2-2001,1,364,RGI2000-v7.0-G-13-51814,0f56bca5936279823f5c7b7d4ac7b0af40883311088382a79d1ba7a00d6740b0,24,False
kunlun-b2-2001,1,364,RGI2000-v7.0-G-13-53518,1067ec10c149b51010872ea88a793de1be165f090f94a0023f2cea13691c676d,25,False
kunlun-b2-2001,1,364,RGI2000-v7.0-G-13-51030,1186da4e5a39ea77bbe7a4447e3b988781641dbcdfc3726b9df96ee61fd7ccbb,26,False
kunlun-b2-2001,1,364,RGI2000-v7.0-G-13-51823,11f10ed79ad374d096e1e3b001d828eb8161756e446be9c5386f26ceca0eb3ea,27,False
kunlun-b2-2001,1,364,RGI2000-v7.0-G-13-51263,129e52f967f58b6b541a51171fe393d3dbd82291244c6fc814594c5512ad9f92,28,False
kunlun-b2-2001,1,364,RGI2000-v7.0-G-13-53779,131add9a03c1edd623b8e350750d6879d00ff5eca8b14f068d4a505cbbcf5155,29,False
kunlun-b2-2001,1,364,RGI2000-v7.0-G-13-52921,1485f855b8d72967a652003eb916abdbb557e9a7f0b860bebaa0597370e6033d,30,False
kunlun-b2-2001,1,364,RGI2000-v7.0-G-13-53684,14d87c0557f54530ee3a5e42181e11e6c28b770867f222e46a236342a770bfc8,31,False
kunlun-b2-2001,1,364,RGI2000-v7.0-G-13-51772,151a2518adc536212e4abf3bce562c6de8789bf17567801aaa37ba4e45cf25c1,32,False
kunlun-b2-2001,1,364,RGI2000-v7.0-G-13-53229,15d814a73d25cf7f8de80a4c2b5f58451ee0b6fb7add7efd427456c1931f35cb,33,False
kunlun-b2-2001,1,364,RGI2000-v7.0-G-13-50841,165ce5d9c815d26409243930a4e133c9a227d01f3fcf0f1a981206964e4238de,34,False
kunlun-b2-2001,1,364,RGI2000-v7.0-G-13-50797,181555a3e9de6b3573477bcdfcb198a715b4444b0aaabc1ae0f79f8ec8b729f0,35,False
kunlun-b2-2001,1,364,RGI2000-v7.0-G-13-53463,19ec5cf0b695a89c4fc779aaf6d9b29cb6a0e3f29a0505e4a8f46795a2f9c180,36,False
kunlun-b2-2001,1,364,RGI2000-v7.0-G-13-50709,1a3e891189c93c987e5424e6ce8f044e69c9e0450dd371adbd5f8d2775b737f6,37,False
kunlun-b2-2001,1,364,RGI2000-v7.0-G-13-52129,1acfe23d0cf966639b72c9d891dc172b149b9544b1450dba794877129827aa69,38,False
kunlun-b2-2001,1,364,RGI2000-v7.0-G-13-52076,1b23e3ad9bb2b795b8d5e03bbb5367e0e28148cd79c1a26225084b05091a9853,39,False
kunlun-b2-2001,1,364,RGI2000-v7.0-G-13-50465,1be544b80982efa5e233951155ba4a813b16da864f2f8119f3c3c60b6443de78,40,False
kunlun-b2-2001,1,364,RGI2000-v7.0-G-13-51684,1bebe48e64338843926029799cab2e6253e27fd7ba0b40ac36ba28c26f3a0a54,41,False
kunlun-b2-2001,1,364,RGI2000-v7.0-G-13-53192,1c333129eab433adb630cabfee788d19b932ca67422a7989685dd1e00841e81e,42,False
kunlun-b2-2001,1,364,RGI2000-v7.0-G-13-50838,1df9476fc3c387a05bbb3deca85cf2c9afa7d7a0eba554fe6f7d15370da68ce4,43,False
kunlun-b2-2001,1,364,RGI2000-v7.0-G-13-51773,1e34573ce962385fda3a0a93768de30b0939f1e67d1dcd2248f63e6b197084e2,44,False
kunlun-b2-2001,1,364,RGI2000-v7.0-G-13-53582,1e5e32b3c8243d4c1f878e1bb061bb7029add6b5bffdf4c3cd1355187c9fefe0,45,False
kunlun-b2-2001,1,364,RGI2000-v7.0-G-13-52676,203632f3c6563ce14f9b56a25e48ba3ce7208b706ffe5c05719cbb02caefda32,46,False
kunlun-b2-2001,1,364,RGI2000-v7.0-G-13-51892,2131270ef4ebb1dcf6fcb720f307c79e39b60246eca9e9ae67938e3773ed8dac,47,False
kunlun-b2-2001,1,364,RGI2000-v7.0-G-13-50678,215602b78f2a545e9f1c3d1d901f618ece29a75ad5223a8fdf7d66c0c9c7d9c5,48,False
kunlun-b2-2001,1,364,RGI2000-v7.0-G-13-52285,21b3c3bf02779ffb6e1d8dbf7fdc52c9788beba88ea746baab8abff5d2417e3b,49,False
kunlun-b2-2001,1,364,RGI2000-v7.0-G-13-50192,21b49109345cd302f97a203ea9c6d4ca5e0066bc6148d5d991f1184fdffe8853,50,False
kunlun-b2-2001,1,364,RGI2000-v7.0-G-13-52714,221fcb288f18e47ed4fa098fae100209fda0c13dd58888fbc02c089cb1c5bc90,51,False
kunlun-b2-2001,1,364,RGI2000-v7.0-G-13-53604,22afca6334d59a15a836192a2fbd11a6544d9a6e0075182c49818439e1e12aff,52,False
kunlun-b2-2001,1,364,RGI2000-v7.0-G-13-53585,22e40d3c82590c11d105a0ffe65011016c8a910a632dfa96a0685a1e4b8be12c,53,False
kunlun-b2-2001,1,364,RGI2000-v7.0-G-13-53459,22f808aadaca3780bd3ea024fad0fff1a397988474f892332dcba8ff872d96a4,54,False
kunlun-b2-2001,1,364,RGI2000-v7.0-G-13-51886,230e77b559b88e8992924e911cbc0363916da6cfcfea5787e326d66cb0d74343,55,False
kunlun-b2-2001,1,364,RGI2000-v7.0-G-13-52667,234f8c0d91680807ba52ceeec2d7822d9338075aaa468a9e341d4cf73681c097,56,False
kunlun-b2-2001,1,364,RGI2000-v7.0-G-13-53233,236551f3c6a63787489eaa6a0cd1978ab42292412398e1c5366436927dd41cc5,57,False
kunlun-b2-2001,1,364,RGI2000-v7.0-G-13-50041,2443e273ec7f9cb2ab6bab1d1fde8239536e50ada8d62af65ba6b53442ed8962,58,False
kunlun-b2-2001,1,364,RGI2000-v7.0-G-13-51418,24c05a33d38a76067ede9132e571779312e8eabe245d6795e2639c409c55469a,59,False
kunlun-b2-2001,1,364,RGI2000-v7.0-G-13-52054,251de17ef83616d1860f08c7ea46cc004ec8810c98efd8f8098c77818d7a67a0,60,False
kunlun-b2-2001,1,364,RGI2000-v7.0-G-13-52585,25af06c2fbfcae3f8e5d2cb8dbb9b11b4f6304217b3bcc322bc0b3ee3e0a6faf,61,False
kunlun-b2-2001,1,364,RGI2000-v7.0-G-13-50213,25d178b94f3b6c41db478c08fb2ca9abe4cf4fc91237e3bb1056d592c9c241a1,62,False
kunlun-b2-2001,1,364,RGI2000-v7.0-G-13-51416,25fd7905eeafd77000525e17967cc22813579696fa45f36b2810ad0b60fd5af1,63,False
kunlun-b2-2001,1,364,RGI2000-v7.0-G-13-50619,26da3465aaf85876d56f145f709e4b1f762f2c4d93ef4e5c8eb37d0d94816903,64,False
kunlun-b2-2001,1,364,RGI2000-v7.0-G-13-50821,27769eb70802e15aa0c7d802098f9a5cc9bddb18555fe60240092106e74dfa6b,65,False
kunlun-b2-2001,1,364,RGI2000-v7.0-G-13-52794,27895a97cf4e77498de8a6810f2c71043f452b5fa7fc51ce3e080470b9bdbe9e,66,False
kunlun-b2-2001,1,364,RGI2000-v7.0-G-13-53498,28d8798a827c208bcefe63f8d60f93a0d58e89196fa47518a0c25e555ba111f1,67,False
kunlun-b2-2001,1,364,RGI2000-v7.0-G-13-50346,28f5f005102ee863555da505465f3bdfa3bfe60bfa14c6fad6c67b79c6700b7f,68,False
kunlun-b2-2001,1,364,RGI2000-v7.0-G-13-53679,2923419eddc1b2a957ef6fc6ecdbd396fe3c8809c9626fedfd96e177a7c80c76,69,False
kunlun-b2-2001,1,364,RGI2000-v7.0-G-13-50007,2960e20e64428b35b04d353b2bc07f5ce2db302d181db6647a570fe0729e8623,70,False
kunlun-b2-2001,1,364,RGI2000-v7.0-G-13-50895,29a92b14294856d06c3c71290aeb1a4f3ad07ad449d69ff23bd63cb226c895e7,71,False
kunlun-b2-2001,1,364,RGI2000-v7.0-G-13-51702,2b6d573e2806e098e3cf8ee185a7d2839a6fbbb038c08caf657a5547e9191aaa,72,False
kunlun-b2-2001,1,364,RGI2000-v7.0-G-13-50735,2b96204545d7b70dd7cae811c451a7cf8cd46bb1b85c87af69d17245377b0148,73,False
kunlun-b2-2001,1,364,RGI2000-v7.0-G-13-52084,2c998bad51565534a9ee2443c2669a9fab7798cdd95eacb29cdd55d77127026b,74,False
kunlun-b2-2001,1,364,RGI2000-v7.0-G-13-51958,2cd29dac51b338aadbb4fa4b1a1e27f143659fcd8ec94a96acf0bb29b2b72d01,75,False
kunlun-b2-2001,1,364,RGI2000-v7.0-G-13-52923,2d8fb0e1dd72f7ed90de2ff88e8a5d2261e84e3c83ae6771afb2e32a07721b68,76,False
kunlun-b2-2001,1,364,RGI2000-v7.0-G-13-50270,2e61cd0e84ea35f9770f632d4bdc9d9b0fecede80052774fda3a58bc78ca8d19,77,False
kunlun-b2-2001,1,364,RGI2000-v7.0-G-13-53680,2e83314d70d767becc04d176f8f98f0c833b3817078e03b7fa5498d7e9b61f9f,78,False
kunlun-b2-2001,1,364,RGI2000-v7.0-G-13-50191,2f5ebb57e643457c40c40d8b96322738bd805ef946089af90723574783984ea6,79,False
kunlun-b2-2001,1,364,RGI2000-v7.0-G-13-53514,2fab37ecb927b8d5950efa7e6fdd845f040224a3d154e22a84b4786567657d8c,80,False
kunlun-b2-2001,1,364,RGI2000-v7.0-G-13-51926,30d72b04202fe7c47023259907b37da3166049d2ee74337754b10624e7bfd0db,81,False
kunlun-b2-2001,1,364,RGI2000-v7.0-G-13-50587,30d81ffb340ecb14325a42e70850903a50760bd470204113c913303a8a9dedd8,82,False
kunlun-b2-2001,1,364,RGI2000-v7.0-G-13-52869,318e306be11f0783818853163b9f91e57fccb1d6b8ba3bb52f02e84e1940155e,83,False
kunlun-b2-2001,1,364,RGI2000-v7.0-G-13-51417,31a6697bf8f9276eed54b2a40ef69acd9c7d523596b01fd224679c39d8ed3c32,84,False
kunlun-b2-2001,1,364,RGI2000-v7.0-G-13-51080,31df9647400297e137590c9925f2a68415c235dbf3ec6728c856ca55ae676839,85,False
kunlun-b2-2001,1,364,RGI2000-v7.0-G-13-53141,321d91f38c082d7f69d754ba5ad2a0cdb66c16ea1702a58eeb19ce163fefe0e8,86,False
kunlun-b2-2001,1,364,RGI2000-v7.0-G-13-52254,3298a5b5ccfdd942036cf6461de6f01f2f77d174fd15816990c010a8a764e1ad,87,False
kunlun-b2-2001,1,364,RGI2000-v7.0-G-13-52617,329ae7e38506708f6fdfc69fe43c1f82d8ff883d0d32625d15340d176bc283fe,88,False
kunlun-b2-2001,1,364,RGI2000-v7.0-G-13-51792,32a5bec3432b019e28589faf25fa4f0166cd4860b1d91a1224e34ef0bc51fad3,89,False
kunlun-b2-2001,1,364,RGI2000-v7.0-G-13-51343,32d7ba2845ce4e2b9144a85f72e6b24f76962a32b51ce182ee9b90580b4b0701,90,False
kunlun-b2-2001,1,364,RGI2000-v7.0-G-13-51732,32f59c26e28216de35a488fe298f5464fd9e9703b0de28b8b5a8dc13c19249f9,91,False
kunlun-b2-2001,1,364,RGI2000-v7.0-G-13-53213,331ea15d7706de1ead08b67cef12f035044da94dee6cdec7cee179f549c1f4a2,92,False
kunlun-b2-2001,1,364,RGI2000-v7.0-G-13-53515,334b744a917ccf93134e06d95d5190d5be08f4406c574c10c26f0849dfb7fcf7,93,False
kunlun-b2-2001,1,364,RGI2000-v7.0-G-13-50839,33d97299600f8e3a85eb42c46086c80d9579d467c0e318955918aade08401eb0,94,False
kunlun-b2-2001,1,364,RGI2000-v7.0-G-13-52016,33f004e03babb2865ee0bc957b493675c6e1c88556d0d8ffb589be74e5d8d5d4,95,False
kunlun-b2-2001,1,364,RGI2000-v7.0-G-13-51523,368e346d8e279990bdd931a6c2ff6a81f87ae01d168c723572c363be922331c3,96,False
kunlun-b2-2001,1,364,RGI2000-v7.0-G-13-52709,36d9bfec144068434f82c64bb3e6bea63509a6a5e801616a1162a34287f99ee2,97,False
kunlun-b2-2001,1,364,RGI2000-v7.0-G-13-53607,3a164f6a40f29cfeb3f0c449561b0ca7b91b3ba5a73e1e56411f6718abb76db7,98,False
kunlun-b2-2001,1,364,RGI2000-v7.0-G-13-52130,3ab5bd3a7b4cfe265748d47ab09a9fb6b6810818ded1005c4e1a10dfaa3d79dc,99,False
kunlun-b2-2001,1,364,RGI2000-v7.0-G-13-51341,3b66561e8f85d02ea754ae59469c99859f6020e9818c95ed1dcaa8f9f1fef15a,100,False
kunlun-b2-2001,1,364,RGI2000-v7.0-G-13-52133,3bbc4dee98600072d2ee9bc8f89ed187d4a05ffedbc68df4885050a2ec39f9ab,101,False
kunlun-b2-2001,1,364,RGI2000-v7.0-G-13-50036,3c6158ab4eb076729622c9cd8d9a3f6b9b5cd654042ae6e4ba64cf7021493b66,102,False
kunlun-b2-2001,1,364,RGI2000-v7.0-G-13-52683,3c7e822307e7b48411b985c73382388d8c369cc27502ee1d5c60ce72f0147bd7,103,False
kunlun-b2-2001,1,364,RGI2000-v7.0-G-13-50043,3d0e9420c0df4fe3095a594b326f3e544d08e129fa7fcf8214f9bcbdf02009fd,104,False
kunlun-b2-2001,1,364,RGI2000-v7.0-G-13-51880,3d241b2678635dc2326a187d10c2b3a8289631b990de6d3865f8a9364df61070,105,False
kunlun-b2-2001,1,364,RGI2000-v7.0-G-13-51768,3de28716a9d985b59822b1c0886b28aeafceab8d5ebee36c5e1e2365df82a62f,106,False
kunlun-b2-2001,1,364,RGI2000-v7.0-G-13-51785,3fcba9b6c81ff4039d6901c304c1e0d65b37c5eb6b1efe0a5a77dc32a5b6704c,107,False
kunlun-b2-2001,1,364,RGI2000-v7.0-G-13-51703,40f9e44deb10c7ffb9f29be473dafdcc684791a0ffe76b8ce92da401b5bac6ec,108,False
kunlun-b2-2001,1,364,RGI2000-v7.0-G-13-50864,42f522ebd32a0cce90474f364fa39112233bbe9d7bed15306a5be2c0ed5311a7,109,False
kunlun-b2-2001,1,364,RGI2000-v7.0-G-13-51955,43ce9cf584bf90cc678a689e108eb2738a9c50ee9bdbea773facf72c7c0664aa,110,False
kunlun-b2-2001,1,364,RGI2000-v7.0-G-13-51956,4601b176ecd41f7a51503fc96b13a0302657ab682cff7a8e2759855a5efb0e24,111,False
kunlun-b2-2001,1,364,RGI2000-v7.0-G-13-51104,46221badcdd413f2d3d7e9d6630af0ef3535b339e0783fbea66e0c65726eec95,112,False
kunlun-b2-2001,1,364,RGI2000-v7.0-G-13-50720,4813dee9f7571e0eba0c5385f7ebbbfbe4fb77572aa34916b02cab88e6950eb7,113,False
kunlun-b2-2001,1,364,RGI2000-v7.0-G-13-52701,4a727f489535de4bda0a859dfe16fe6156d36cadd8dc4354b56a367bea9f1f35,114,False
kunlun-b2-2001,1,364,RGI2000-v7.0-G-13-52839,4ad82672ba2d61b007f168ebab8b8624f9a35691f0222ce080196697dd0d669b,115,False
kunlun-b2-2001,1,364,RGI2000-v7.0-G-13-49964,4b2cc99afd19137e4d3482cf5a67ff8a0100d4a570b5a33bbb2cc5c379006c49,116,False
kunlun-b2-2001,1,364,RGI2000-v7.0-G-13-53207,4ba86e58f223d4b14f67764b42c4f20767dd937e2f5a61866ac7fbc7c8cf21fd,117,False
kunlun-b2-2001,1,364,RGI2000-v7.0-G-13-50674,4c15d156dc8862c711fa32f8d29729b7753394e437a23abc60e3352292d1f5d5,118,False
kunlun-b2-2001,1,364,RGI2000-v7.0-G-13-51719,4cb4067f9786aaf372c060ec4c5df4df1c4ff23519a08aabd7c7959c68a3b057,119,False
kunlun-b2-2001,1,364,RGI2000-v7.0-G-13-52249,4cc9ec300ae45b635cf482b16a181cbc041fe61d78a1f9b8f553e098791ebb4d,120,False
kunlun-b2-2001,1,364,RGI2000-v7.0-G-13-53139,4cd990e095cf9ddbc958ed00a919fa9bd868ff1cc69971f0c31de83a56c8ccce,121,False
kunlun-b2-2001,1,364,RGI2000-v7.0-G-13-53173,4d6d0ec21bc1551fe2e157e5662c4b6324e537be989b758f627658b32d5ed04c,122,False
kunlun-b2-2001,1,364,RGI2000-v7.0-G-13-51875,4d8a00a3eaabf3073ea342b60587764c7b179b52534651b0c75d2b304aa80f26,123,False
kunlun-b2-2001,1,364,RGI2000-v7.0-G-13-53201,4eb75ae06cb1cb9f4310cc82ffb507f3d4ef39bda521a724fb8d4c6403875a85,124,False
kunlun-b2-2001,1,364,RGI2000-v7.0-G-13-51072,4edf8e8301d1892d4aca596e6ef1e74a2702087f2bb475e12993ab57544d8476,125,False
kunlun-b2-2001,1,364,RGI2000-v7.0-G-13-51557,4f0a72f69858d2b4aaf2bb20c498855709e198cfbb4285f75fb02142a4e63cb7,126,False
kunlun-b2-2001,1,364,RGI2000-v7.0-G-13-51754,50411739197ac567171a30a4f54678564af7cf8d756df9adb97c6478e71df455,127,False
kunlun-b2-2001,1,364,RGI2000-v7.0-G-13-50767,51ad6190c1a1374c836a39bfd9e37d2e97fbe523ee39172e85991e2efb216743,128,False
kunlun-b2-2001,1,364,RGI2000-v7.0-G-13-52248,5278af200fcb116d2966342b129286c76661223598c14088d264615cbf0ea085,129,False
kunlun-b2-2001,1,364,RGI2000-v7.0-G-13-52317,532ffefe0ee8932692e1be6aeeeb5a44080200c4457ebe8eeff570b90d1fd942,130,False
kunlun-b2-2001,1,364,RGI2000-v7.0-G-13-52657,53a2c64062bd4a7ff85aa98c5439fe5eb44368a049bfb50731f4da1e188ceec0,131,False
kunlun-b2-2001,1,364,RGI2000-v7.0-G-13-52669,53c78a9cf6c1f8e40663f43d352f30385b22b2ad332a89456203da40a400e876,132,False
kunlun-b2-2001,1,364,RGI2000-v7.0-G-13-50935,53ef78556d743b3e1ee9f107f4c894c2fe8291a04f470c2da9676e951b99412b,133,False
kunlun-b2-2001,1,364,RGI2000-v7.0-G-13-52256,547b2aa2ab4c017ef3ca6cae0c85604aa3e6d737963fdd04e7022b75689a6f47,134,False
kunlun-b2-2001,1,364,RGI2000-v7.0-G-13-52015,54ab6602c32773b6fc5d21c7e09b08024b771db97ae9b0f583ba259e832379a7,135,False
kunlun-b2-2001,1,364,RGI2000-v7.0-G-13-52784,55c775e6651edc6477914e1473b153ba5538e6be48848d020b35ac3b33a70e1b,136,False
kunlun-b2-2001,1,364,RGI2000-v7.0-G-13-50349,55fbe9136659d3b7854a56dfa837e8f90fbc96f7f935c0cf32780ce4d30f04bd,137,False
kunlun-b2-2001,1,364,RGI2000-v7.0-G-13-50561,56cd564c8aa9b8f8794b2aa833bde8f832e25307994e2bca586d15f3b3604c24,138,False
kunlun-b2-2001,1,364,RGI2000-v7.0-G-13-50048,5743b9a86883a51e3558b2b0aa4c9d8e3372cfa3822b8deabb14188c107a436d,139,False
kunlun-b2-2001,1,364,RGI2000-v7.0-G-13-50876,57524e8ffa53366426294e62b0b24f037f9eb9064084975c7c96f7f583f27fe7,140,False
kunlun-b2-2001,1,364,RGI2000-v7.0-G-13-49980,592310cf75ad69eb0c675ea78caafa4b5142f127cc353bd321c7b2642cd50f3e,141,False
kunlun-b2-2001,1,364,RGI2000-v7.0-G-13-51674,5cf2e47a9bb60a980a447cca4785f05f769810092be74ee239fc3af9a52519f2,142,False
kunlun-b2-2001,1,364,RGI2000-v7.0-G-13-50604,5cf5b9e6bd883e7b26666d28d6a9d23d9aac20bbe6a998197016df1c7fa743e2,143,False
kunlun-b2-2001,1,364,RGI2000-v7.0-G-13-51804,5d1ea36f6faa2dcdff250c4cb7b99872cb70bb229cb686ba23b5e5b1cc2f9fe0,144,False
kunlun-b2-2001,1,364,RGI2000-v7.0-G-13-51266,5d85fa80d4f73e0a928a5b52b1cf494809dedb84fca9da3f8b882ca8a6682c62,145,False
kunlun-b2-2001,1,364,RGI2000-v7.0-G-13-50109,5dd9d914d4e32f2b87a81dc9b0cb2552ce2fe9862401d4c786c7cf823c7e5a69,146,False
kunlun-b2-2001,1,364,RGI2000-v7.0-G-13-52286,5f119940b5dc313aa1d7b1f4a06bd0e7125ae9a0c204463c890e0bca32f13af6,147,False
kunlun-b2-2001,1,364,RGI2000-v7.0-G-13-53030,5f208e1cd6f4063d5ff10ec750bd9c501bfc4e19649e7c56c70d97f912ca812f,148,False
kunlun-b2-2001,1,364,RGI2000-v7.0-G-13-51218,608325e9be41539d093cb479b72218c778d738df916f6c94c930b848b7497bbb,149,False
kunlun-b2-2001,1,364,RGI2000-v7.0-G-13-51601,6123d6f6e71c5afa577cf097adfee5718342b309d00c2408da53f5b849bfcf77,150,False
kunlun-b2-2001,1,364,RGI2000-v7.0-G-13-51593,614fc5ccd7460f109c12aa0c9284eb6abc736c090f430010e7cc0cfac91d1f00,151,False
kunlun-b2-2001,1,364,RGI2000-v7.0-G-13-50134,627d300488bab4d8368459cb69eb9d6508353ea66b621bb4b9e131465c1266ce,152,False
kunlun-b2-2001,1,364,RGI2000-v7.0-G-13-52146,630d420fb3be7d6d6ef741a7782af309b791bba6145f036c96c13da0410d69e2,153,False
kunlun-b2-2001,1,364,RGI2000-v7.0-G-13-51316,6405cd3bc964a3555edf5b2cbea729c6f5778869b543c41bf23bfc9be7a67abf,154,False
kunlun-b2-2001,1,364,RGI2000-v7.0-G-13-53129,6438bfbb5c9de17d66c83f7d1f7f75e7dfd66e5014c942293e656361812d5a3f,155,False
kunlun-b2-2001,1,364,RGI2000-v7.0-G-13-51070,6480d3b3593b3dcd03f241ee93319c51c3a55902917bd33fb33d36fffed9254d,156,False
kunlun-b2-2001,1,364,RGI2000-v7.0-G-13-53580,6729d1c667a55e3e598199e6bd426ae6550bb4c0543ce1acd6a40b3e3b676e5e,157,False
kunlun-b2-2001,1,364,RGI2000-v7.0-G-13-50453,6b488bdd7675f57ee4123b4d35f6e97c9175c2722c3bf4d8f26f39a2b6091357,158,False
kunlun-b2-2001,1,364,RGI2000-v7.0-G-13-52135,6bffd85603257221258a292f4cd4d05043799716086b789db3e82d1d3100d34f,159,False
kunlun-b2-2001,1,364,RGI2000-v7.0-G-13-50869,6c5b8b9c2474fc12cbc46750cc7c323d658fb6855818e904b74159276783da17,160,False
kunlun-b2-2001,1,364,RGI2000-v7.0-G-13-53065,6c8683ef13e7d98d28c5edeca5cc96a40b39c7667d3b56cc6d593f224cd83b7e,161,False
kunlun-b2-2001,1,364,RGI2000-v7.0-G-13-50418,6d11f3e2e8a5eb74bb46375223586a2d1db81de2d313a3da8b05f0ffa6065a1b,162,False
kunlun-b2-2001,1,364,RGI2000-v7.0-G-13-53577,6dd3957224ee6dce2ad266ac8343b3627da42f9a157ea880c2078fc6d1d44ef5,163,False
kunlun-b2-2001,1,364,RGI2000-v7.0-G-13-50139,6efe6e72ac812a702e91caef8df4fdbe08222f00eeb17b168b2845041a3ae615,164,False
kunlun-b2-2001,1,364,RGI2000-v7.0-G-13-53573,705e34b4d7c081dab42eb88d4d841b0d52dccc0d9ff850454fced2072b344506,165,False
kunlun-b2-2001,1,364,RGI2000-v7.0-G-13-52127,70e5d5cf9cd3d2bc8791a4a41401e6772fd2b953002713baa0f406a42e1c18ab,166,False
kunlun-b2-2001,1,364,RGI2000-v7.0-G-13-51004,712d74e12b0661098c764cd302d70691d28aec9d25890f9e9deec477ffd680ed,167,False
kunlun-b2-2001,1,364,RGI2000-v7.0-G-13-52069,713626b1da4257266d628bff9515ff5bd8b64a1c25de36be579b97c72a881faa,168,False
kunlun-b2-2001,1,364,RGI2000-v7.0-G-13-53579,71bcc27e6804a283247558a74061dd4e415983645d5eaa24e7e1944fce6aa329,169,False
kunlun-b2-2001,1,364,RGI2000-v7.0-G-13-51199,733f01a8064a4b8b8c9e49f1ed8d6dcc664e759c2c59a842e82af8e6f4289885,170,False
kunlun-b2-2001,1,364,RGI2000-v7.0-G-13-51864,734604b0c392b2fdc74c6dfdcc4539f46197e29a1f65430192972e8a6bb1390d,171,False
kunlun-b2-2001,1,364,RGI2000-v7.0-G-13-53000,739d043c0010402407d69dade6404fd80e8714d068b799e194f3e97b4a0ed981,172,False
kunlun-b2-2001,1,364,RGI2000-v7.0-G-13-50140,7527acc5e6711b7168e7f54ae06aaf9efe90b26b31d3a46ed00968757515dbd6,173,False
kunlun-b2-2001,1,364,RGI2000-v7.0-G-13-51074,75bcde35691f45f338b82948777be24bf6494a5a94615facc44d4febe062063c,174,False
kunlun-b2-2001,1,364,RGI2000-v7.0-G-13-51902,767fccacfa73b7ae216f535ab7c99751c20ad4c5f1bd52e03561a12f31ce1cf8,175,False
kunlun-b2-2001,1,364,RGI2000-v7.0-G-13-50883,7695dd23db43d5a64c76dec3d3123b986077f92fb589b8b5bb1377f638c34ff7,176,False
kunlun-b2-2001,1,364,RGI2000-v7.0-G-13-52156,76ad46b7b356a1a28d3c37b7f72e05db164fc999d4e83cff2489dc8ed563db08,177,False
kunlun-b2-2001,1,364,RGI2000-v7.0-G-13-51442,772953fb745109094b09da372a1b7aba73c336c0120ae8c78914ac6b929ea362,178,False
kunlun-b2-2001,1,364,RGI2000-v7.0-G-13-50651,777e164efb5ae1b3153345d6cfee4c24d94f22d11ad130d1c28e1b16bcc140c2,179,False
kunlun-b2-2001,1,364,RGI2000-v7.0-G-13-51151,77c9893ee2202ed56dc1e52ba572fb6fd41f1cad1247a284f27b2fdb9f241c21,180,False
kunlun-b2-2001,1,364,RGI2000-v7.0-G-13-50606,78ae617f2cc031ec8b47f260927da6a3ad20b1e2c6fa013c60bc8f2d4f6a1d55,181,False
kunlun-b2-2001,1,364,RGI2000-v7.0-G-13-50410,790cb29fa55b3495cf336c65d9d02da8087474c7e0da94193ccdac0d5bbc851c,182,False
kunlun-b2-2001,1,364,RGI2000-v7.0-G-13-51552,79a37ffbb8d53c2c495311cd66d19fad7a8325b30a28013699415110ac2c6c15,183,False
kunlun-b2-2001,1,364,RGI2000-v7.0-G-13-51323,7c54864e0f848385cff757f6b2310621ae86477f744eece48c67c3fa73cbbccb,184,False
kunlun-b2-2001,1,364,RGI2000-v7.0-G-13-53605,7dd223174783360858fa42ff7b19381b1315d3e536956668f1f9ba5293deb6e8,185,False
kunlun-b2-2001,1,364,RGI2000-v7.0-G-13-51033,7e9f00d4a3a496aeb68a2121b3753dcc591085cb215c329c8adb5b49a8a6e41d,186,False
kunlun-b2-2001,1,364,RGI2000-v7.0-G-13-52018,7ea44889a026d9dda2c9025a982037133a9c7ad45530d48ca327e2464bcab3b8,187,False
kunlun-b2-2001,1,364,RGI2000-v7.0-G-13-52065,7eeeb2de0dd9457df10e01e4bd35ecbf5454010ab577bf71baf3947899eb15ad,188,False
kunlun-b2-2001,1,364,RGI2000-v7.0-G-13-53664,7f054a101a3bfe9018c6837d0d7e165f1bbe7db08672b0ba52f212491884f203,189,False
kunlun-b2-2001,1,364,RGI2000-v7.0-G-13-51159,7f32f64c343dbddad4e0ecc7b0c24c64069bfdcd78af3f5b03bd8bb6f53627e1,190,False
kunlun-b2-2001,1,364,RGI2000-v7.0-G-13-53458,80adaa81642d1c79b59cb3f6f7b5e00806daca2fc39ecb04b65df403fecb6005,191,False
kunlun-b2-2001,1,364,RGI2000-v7.0-G-13-51219,80d49a1c78326c8793694ee494a634f617731e0fc3bcaa5223f2aa4c811d8d55,192,False
kunlun-b2-2001,1,364,RGI2000-v7.0-G-13-52288,812707d76156d44f298b463ffa6cb7069efb2bd42b9a4efdd355dcbe96d91b1a,193,False
kunlun-b2-2001,1,364,RGI2000-v7.0-G-13-52279,822bb2aa703e1d8ad8d05eb6ac7d60229416da6e6cbd98d2bbd4b906c8dab6b7,194,False
kunlun-b2-2001,1,364,RGI2000-v7.0-G-13-50741,82fc5fdf7b7b1bb33f787769582ac28551203e31b337a60a995c0edf45d44f9a,195,False
kunlun-b2-2001,1,364,RGI2000-v7.0-G-13-52266,84df3ab3287b6442f37ac026aa389fa464185a4305f176d4747c65c85fa3d799,196,False
kunlun-b2-2001,1,364,RGI2000-v7.0-G-13-50887,84f41be9a90f8f0fcb5509ecb441263b11a06c7d6efedf33af4b160fd8a59ac4,197,False
kunlun-b2-2001,1,364,RGI2000-v7.0-G-13-50894,859fd7cc465760272ca0d763ef5146c68030073e99f6f5c6ad8b3bc4311abbf3,198,False
kunlun-b2-2001,1,364,RGI2000-v7.0-G-13-52125,85b013bd2b976bbc27717bb3a61c902b5b25e6d0cc9a9cf30f1d74b94ab2924d,199,False
kunlun-b2-2001,1,364,RGI2000-v7.0-G-13-51401,861316a6266239159217d58979968cbaf9221cd1bc41552cbe62c89c1f140c77,200,False
kunlun-b2-2001,1,364,RGI2000-v7.0-G-13-53568,86a34198d2ed72b9dbaa0247fa760aa6471c089a2c169d2d3c0a0e378b47158b,201,False
kunlun-b2-2001,1,364,RGI2000-v7.0-G-13-50113,87803ab13e476f2e3b6062eadf7a5fd96aa2a689ccf65f81c9c01452743168f7,202,False
kunlun-b2-2001,1,364,RGI2000-v7.0-G-13-50592,8a15e9b7aff45fea6d0230cee8cc2047e1b79ca2d88198bbfd9c92d14bf1e1c5,203,False
kunlun-b2-2001,1,364,RGI2000-v7.0-G-13-50241,8b9f66c39f4ed7d9424f99b67c472fd47c3bc0275bad6f567c7107ee9fb4baab,204,False
kunlun-b2-2001,1,364,RGI2000-v7.0-G-13-50045,8c1e42d5852b4050db3c5ef08e58dcddcfe0bc22041518ca98772fbb0ce375ae,205,False
kunlun-b2-2001,1,364,RGI2000-v7.0-G-13-52920,8c8e56e89ca79bb45d2bcd1f3f47b7eb3abb79508f49e50e2f0b55e0ee4a5828,206,False
kunlun-b2-2001,1,364,RGI2000-v7.0-G-13-52876,8de65c928768dc91be11209b9fc2ad2d3184ae45b295d4650d5a05506df6bf89,207,False
kunlun-b2-2001,1,364,RGI2000-v7.0-G-13-50586,8ea00cb2c1583bba69054dceae72f4d1cea490d16bcb0beced52659a7222a7e5,208,False
kunlun-b2-2001,1,364,RGI2000-v7.0-G-13-50382,8f6c5aabfd891b8133e92a2e4cebd04bfb12980a3933898a4f3ed28736e152bf,209,False
kunlun-b2-2001,1,364,RGI2000-v7.0-G-13-51610,91215aa9b4e8678073729798f1243e6915174ef314548d80886f3573a6211af4,210,False
kunlun-b2-2001,1,364,RGI2000-v7.0-G-13-53765,920c1aa7e6c7591a7d3960a1068831fcbc878eb6820ef880bc4dbf24883492bd,211,False
kunlun-b2-2001,1,364,RGI2000-v7.0-G-13-52136,93cad6a2f4bafe9be785f939811ed80695357ae81fb1067dfb8715a6a0ba511c,212,False
kunlun-b2-2001,1,364,RGI2000-v7.0-G-13-51244,94ea4f3e8f15f136ec752925eaeae301555137296c16070bc98fb4533b81fcf7,213,False
kunlun-b2-2001,1,364,RGI2000-v7.0-G-13-51624,94ef2e4c4056edb8478a6b21e4e93f677acd9d6b775a16fb5d9942e9db544b1a,214,False
kunlun-b2-2001,1,364,RGI2000-v7.0-G-13-50348,95197fada8937ed8eaaf0df807309a13fe0489f414b94b892f39fb36b0495ec8,215,False
kunlun-b2-2001,1,364,RGI2000-v7.0-G-13-52300,967fe7e24aea2d314e9fbd6a03681a7f2405581e3bb988148fbd017432870605,216,False
kunlun-b2-2001,1,364,RGI2000-v7.0-G-13-49978,977bd697088299cb2758de74a30e16ea10e0134db19cf736896ebe4b09437d81,217,False
kunlun-b2-2001,1,364,RGI2000-v7.0-G-13-52224,9805381fbe2166f57bf7404e3cf66c63d9793e3d282e2157352ba2a5f4d558c3,218,False
kunlun-b2-2001,1,364,RGI2000-v7.0-G-13-50351,98b436387337572893d5e0ac50eaf6b056209dbe5cf93f48dd1b295691f5c03b,219,False
kunlun-b2-2001,1,364,RGI2000-v7.0-G-13-50252,98be9f88632a48f46fc9ddba5fdcf6ec1e361dc668471e96c9cb3b0d8f841be0,220,False
kunlun-b2-2001,1,364,RGI2000-v7.0-G-13-51965,98c9bd0fdf7776707cb171c68b0a3c0199552aa3c3ba63b9840fb0b5a30168da,221,False
kunlun-b2-2001,1,364,RGI2000-v7.0-G-13-53210,98f661870a9ce615ef6cef8711ae430e95a4670204226fab8b817453d2f89a62,222,False
kunlun-b2-2001,1,364,RGI2000-v7.0-G-13-52013,98fd59c7edb0c502f99ecb33e73bef888733bb622d40a10ce66fd44e4b693d6c,223,False
kunlun-b2-2001,1,364,RGI2000-v7.0-G-13-49948,9a1ab03e97f35b9f74c52c5c985c056180eaa3c4565b9b333845e5a0ea427e17,224,False
kunlun-b2-2001,1,364,RGI2000-v7.0-G-13-52787,9aed3edec14443934d98cd8a8292c799c102f16053d818599c37d4078de0c2ba,225,False
kunlun-b2-2001,1,364,RGI2000-v7.0-G-13-51321,9c9ab2da6d2d44291ebd2fc7189f1a5c335be772f8d95194082586232ee227fc,226,False
kunlun-b2-2001,1,364,RGI2000-v7.0-G-13-51339,9d5806212ce9a288691bad297bf0c7675e62980db892b0f150e6927b8d4f2473,227,False
kunlun-b2-2001,1,364,RGI2000-v7.0-G-13-50433,9de08e621c3be42e30e26337c2e366a33ee5011a0c99169c102d3de74aedd973,228,False
kunlun-b2-2001,1,364,RGI2000-v7.0-G-13-51687,9ecb000af4724001383a372bfb08d21b3a97456a787e1b20a5d6c3c50e2bc4b5,229,False
kunlun-b2-2001,1,364,RGI2000-v7.0-G-13-52126,9ee2e04e79f44fcab5b754ba610cd729f8f1bcfb3a50f53c9bf79c7d15503dde,230,False
kunlun-b2-2001,1,364,RGI2000-v7.0-G-13-50355,9fe4220198bb33266383cf35805ebb33e6cace9dfe2f63a6ea83329204e01c79,231,False
kunlun-b2-2001,1,364,RGI2000-v7.0-G-13-53175,a1db677ad14238c06a017c4c01ab3ab4cce6d93b30159a79a5a3d64b219d4741,232,False
kunlun-b2-2001,1,364,RGI2000-v7.0-G-13-51483,a2557a3d83b1356c26d8251b9f4d82ef01dac47a3bd79b5ac3f89d50653359ef,233,False
kunlun-b2-2001,1,364,RGI2000-v7.0-G-13-53636,a2601504f55a5dc7fec32f121e373f64a3f97b5d4c919e4a4e426bbc5e8af2ab,234,False
kunlun-b2-2001,1,364,RGI2000-v7.0-G-13-49958,a2a2d32dc3059ce8de5a156d6ed8b88cadf299bba9852f8fa1f5b284c53be048,235,False
kunlun-b2-2001,1,364,RGI2000-v7.0-G-13-50753,a3dcc55dd8a04de3d7f46b9baa1297773fdd12160b0231e3321952c098393ff0,236,False
kunlun-b2-2001,1,364,RGI2000-v7.0-G-13-53659,a3ef495585b1453914e7bb858807ae84dc67e4d1b32cd66de0e4534f44b9b2d8,237,False
kunlun-b2-2001,1,364,RGI2000-v7.0-G-13-52116,a4822ff3a4ac297d6451448d34993df81001567232188b96826cddc10ef7c35a,238,False
kunlun-b2-2001,1,364,RGI2000-v7.0-G-13-52792,a4b39db453605f5b9dc6cd57a4c9ab7aeb2944fc1fbf2af945d56e1094def9e9,239,False
kunlun-b2-2001,1,364,RGI2000-v7.0-G-13-50631,a59bec589edaef19b86449538c338fdea36a8cd6b31d9747fe8e2869f86e800c,240,False
kunlun-b2-2001,1,364,RGI2000-v7.0-G-13-52265,a6ab685a9973177595ca8f61e70d95f83b3443c09baa2d58d825f102de692467,241,False
kunlun-b2-2001,1,364,RGI2000-v7.0-G-13-53516,a6f4c92132dbbb35a9a7bcd8d8dc1e3293c9ec920adb1246cbcc9a251f37d884,242,False
kunlun-b2-2001,1,364,RGI2000-v7.0-G-13-53564,a88081a79d971270c1280179bc3a6ba6972446f06626c1fd19f8a15d3987aad6,243,False
kunlun-b2-2001,1,364,RGI2000-v7.0-G-13-50574,a8bc2a5651af4eb147585431f3cadf9bc903572a44ecbc6cb0bbdaf3bf3f2ab2,244,False
kunlun-b2-2001,1,364,RGI2000-v7.0-G-13-51342,abaaa507cb51296e61b5f0752deff1a0df8145788fc5aee9c1311c110fce2472,245,False
kunlun-b2-2001,1,364,RGI2000-v7.0-G-13-52791,ac9cbc5573cffdbd3964b058012b20c68d57164d35ec7db7d05c34815ba8da4f,246,False
kunlun-b2-2001,1,364,RGI2000-v7.0-G-13-53768,ad868b86239af5249c27f68c89e002f224b937a2084ce74c230a30539b08472b,247,False
kunlun-b2-2001,1,364,RGI2000-v7.0-G-13-52994,b0a7c177b62d228df183c691dfdba8f9b8c4857e4b7e24c21c685784248fdc38,248,False
kunlun-b2-2001,1,364,RGI2000-v7.0-G-13-51726,b0f0dd09503b4e3cd3684c3075ca39fbfe2578a1d925188f18826f249d27262c,249,False
kunlun-b2-2001,1,364,RGI2000-v7.0-G-13-53574,b137cdd3749a8f0cc3d3ac6795e17ba8c2b78a3c3795ca436ee9ef2f8b572ccb,250,False
kunlun-b2-2001,1,364,RGI2000-v7.0-G-13-52261,b1c3fe16a9382c74ea1b50233f840626b76134e47719b67dc400a800848aca03,251,False
kunlun-b2-2001,1,364,RGI2000-v7.0-G-13-50419,b249975319d8f0da3e537e7d8050dddd39aa47342688fdf59cd3665a367c17eb,252,False
kunlun-b2-2001,1,364,RGI2000-v7.0-G-13-53211,b30aa4c1db4e7d0e8d89533e0fc5bcb85ecdba774ecb26612fc1fd155bf46528,253,False
kunlun-b2-2001,1,364,RGI2000-v7.0-G-13-50240,b366c6e86a4164fca5a979bdcbfbb285f947157cd8458a7373f530f79f716d2c,254,False
kunlun-b2-2001,1,364,RGI2000-v7.0-G-13-50810,b37f94f2923456d1aeaa232e595359b732ac14a64c8c315c9f0fdbcf92f0ffd4,255,False
kunlun-b2-2001,1,364,RGI2000-v7.0-G-13-51250,b3afe520cf582ff36f6b3c6a3318c65b2a914d42e486f0c59e18c6f317eaa9fb,256,False
kunlun-b2-2001,1,364,RGI2000-v7.0-G-13-51820,b3b5907916d059473ea1ab6aaef95a81179ea41b42cdcc2d0b807d385330dc61,257,False
kunlun-b2-2001,1,364,RGI2000-v7.0-G-13-53517,b3bc735456621e8da1221e875ef4ef845f515ec4036cf6517306b29476045680,258,False
kunlun-b2-2001,1,364,RGI2000-v7.0-G-13-51075,b418f0d4937f9c36676624db6763a4791ad4007d021ff92fcebe4fa42e0826c2,259,False
kunlun-b2-2001,1,364,RGI2000-v7.0-G-13-51888,b450dbc657867162f1a39166d97725e779e6816e064cf87f350848b0a483f95d,260,False
kunlun-b2-2001,1,364,RGI2000-v7.0-G-13-50880,b4b76495089de948a3d984421bdf92ecc5ae069189c92b3a8a31d3c844dc2c4a,261,False
kunlun-b2-2001,1,364,RGI2000-v7.0-G-13-52220,b540f8efdca0c50b9a16f4527d20bb641bbe6a45cd009cecb8b45baca4b06199,262,False
kunlun-b2-2001,1,364,RGI2000-v7.0-G-13-52795,b6accb7f504ebf43f9cb692e79ff9bcd3f452faff88a69656fce534b47b67349,263,False
kunlun-b2-2001,1,364,RGI2000-v7.0-G-13-52064,b866ed09c08b1c806ab48730485215717039e7e9bc8ff2190a9d115f51847791,264,False
kunlun-b2-2001,1,364,RGI2000-v7.0-G-13-50892,b96a998e828b8751cff5bbfed9af7e137d01ee4a6be4be71f3791b8d89b035b4,265,False
kunlun-b2-2001,1,364,RGI2000-v7.0-G-13-50443,b9ad21322666227147aff08f278a2ec2f33d6adbf564fb9acde1b06fe217765f,266,False
kunlun-b2-2001,1,364,RGI2000-v7.0-G-13-52022,b9e602ca9e001b6705bc093592df6f3a41fd855c267d17310f3e9cb80f64a44d,267,False
kunlun-b2-2001,1,364,RGI2000-v7.0-G-13-51678,bb7d28ad05543a6caeebeaaaf03dd2894394bb9f7022edba8e0ead415274613a,268,False
kunlun-b2-2001,1,364,RGI2000-v7.0-G-13-49947,bb8208fcc06b4838f4416f2067f220e5a469a3b7852d071cf3e856591a014907,269,False
kunlun-b2-2001,1,364,RGI2000-v7.0-G-13-52104,bc149a68d0cd4175d00c6277781c7187d593ceb17647a7fe3723504a8a21225e,270,False
kunlun-b2-2001,1,364,RGI2000-v7.0-G-13-51409,bc36c7e97af6978921ae7f9916abd12bc07041e0ab213e16274066c9edcfc58b,271,False
kunlun-b2-2001,1,364,RGI2000-v7.0-G-13-51195,bd2d7f90af1fd30a7199769dddb58a405cb3ca88a114ec78d1c7c188f1e8d1cc,272,False
kunlun-b2-2001,1,364,RGI2000-v7.0-G-13-53159,bfc413e1bdbf34832352919493af5bb51285fc0b07fa3dbd35c4161d51984dd6,273,False
kunlun-b2-2001,1,364,RGI2000-v7.0-G-13-52908,bfc48db4d046c3717cdfd17b84534dff5256a2b9238a2c7f96284ead853431ba,274,False
kunlun-b2-2001,1,364,RGI2000-v7.0-G-13-52247,bfd38819061c95cf6a74260b5e40025d1e1283aedbc58a6265b58b120272b6cb,275,False
kunlun-b2-2001,1,364,RGI2000-v7.0-G-13-53545,c1080ccd5eb7f16ccddc08cee6549dd27a97c5c467271ae64744d354988465bc,276,False
kunlun-b2-2001,1,364,RGI2000-v7.0-G-13-52842,c147a902f36e18f01a38ed437bc15c1bb3650d8865792c84a47e6ee8bb6af7c4,277,False
kunlun-b2-2001,1,364,RGI2000-v7.0-G-13-53179,c4d405625437a9bb9a95f1ef1bd5662eb70003e3ffc025564d43a527eb65de07,278,False
kunlun-b2-2001,1,364,RGI2000-v7.0-G-13-51795,c57fba181f02ff57164f49cbee6cf9366e51673beaefae83e0b96590b726b158,279,False
kunlun-b2-2001,1,364,RGI2000-v7.0-G-13-53558,c5f160affb01452a77b9beae5e5d787b27a665f8078646fb1e5fbaa43c166c81,280,False
kunlun-b2-2001,1,364,RGI2000-v7.0-G-13-52287,c627d20f9cc3dc96c09f896752f798cdcbeef4c2865909b266eec7d5cc8ee60f,281,False
kunlun-b2-2001,1,364,RGI2000-v7.0-G-13-51217,c62b93346031acb71e631687e1de741a4002c3a2ebb7c54a432bbcfac21fe2a1,282,False
kunlun-b2-2001,1,364,RGI2000-v7.0-G-13-53546,c662a96c383d43968b1df11c3a239beae8b0777a8a941d4048595464a59accb5,283,False
kunlun-b2-2001,1,364,RGI2000-v7.0-G-13-51482,c73de17cb9035f277fb47c9b0c468d183b0eb1110798d1905db1fe05c8e1a87f,284,False
kunlun-b2-2001,1,364,RGI2000-v7.0-G-13-52075,c78aa3f19c2eb71ed75a9d816c7778eb62d5b1a34b54c506f94b09e0ff1f2abe,285,False
kunlun-b2-2001,1,364,RGI2000-v7.0-G-13-52681,c8d79603e888da24652ce76319d65074d04a16cfac27cdc73a7081b0d843e820,286,False
kunlun-b2-2001,1,364,RGI2000-v7.0-G-13-50518,c92a843bd0bf4ccdc1c7f7b0848d3ec232ff32d9d6b0dcfdf34d62158eb034ac,287,False
kunlun-b2-2001,1,364,RGI2000-v7.0-G-13-51711,c98ca6c37b6dd7f13f806470914834a3411a54137952924f2c3195c93b6fc62f,288,False
kunlun-b2-2001,1,364,RGI2000-v7.0-G-13-50319,cb533b8d8e04dcb565baf457e74cd85db737fae7d0d9b9f989e1dc7d699455bd,289,False
kunlun-b2-2001,1,364,RGI2000-v7.0-G-13-52660,cb7a132a71c8d6a7a7c049fcd64e7df23fa1bd8554323d706ed878083ec627aa,290,False
kunlun-b2-2001,1,364,RGI2000-v7.0-G-13-50637,cc2135e33d342619b86b19d276b63bab541c29d0dc5b11039cc768b53b1aa511,291,False
kunlun-b2-2001,1,364,RGI2000-v7.0-G-13-50033,cd1e6a1401d98bc29ba1c2b82adf3be69ad755f55a3a66f04ee64e72f48b17d0,292,False
kunlun-b2-2001,1,364,RGI2000-v7.0-G-13-51507,cdb588a2d3c03cfbc37eddb41a808a4a8b2078f0d95fa7761de46f5dcb26897d,293,False
kunlun-b2-2001,1,364,RGI2000-v7.0-G-13-52348,cdcc74ae064bdeac6b4d175804a565a7188971ebf697e06603d90da7d383edfc,294,False
kunlun-b2-2001,1,364,RGI2000-v7.0-G-13-50671,ce80fb32d2cb6d7cbc22e7b3446d2d0f5eb072b7c47f4cf11bebc72aa539b15f,295,False
kunlun-b2-2001,1,364,RGI2000-v7.0-G-13-51490,ce87b1e486248cb399feb2b1e60558df468bc8ff57169cb3d4d51841e6f99a7d,296,False
kunlun-b2-2001,1,364,RGI2000-v7.0-G-13-53547,cedf78743ff3ceb235ab04c8e06b5f68a52eafe4752046436410aec9ea43c028,297,False
kunlun-b2-2001,1,364,RGI2000-v7.0-G-13-51751,cf2ffc55175fd16498c490f9f035ff9aeb35ab99a7c443c7d80384857f600d7f,298,False
kunlun-b2-2001,1,364,RGI2000-v7.0-G-13-51158,d149f9a01356fb4f2cfaad0afc4eccf4dfad7ed80d9cbf01404fbea80bdfb40f,299,False
kunlun-b2-2001,1,364,RGI2000-v7.0-G-13-50182,d1bebc4c17e7fabe7754e5857625b46879b055e8e4d95841074fa1d258b1fa2f,300,False
kunlun-b2-2001,1,364,RGI2000-v7.0-G-13-52906,d1eb4a1169f102e8b0ec0613f8971006c0874df71a6021e3ef623185dfd871d9,301,False
kunlun-b2-2001,1,364,RGI2000-v7.0-G-13-50680,d20ea59c8066a17a6a29aded4b9723174adb2a8ef0301cfe32e87f861f7cb398,302,False
kunlun-b2-2001,1,364,RGI2000-v7.0-G-13-52117,d2478cd75dc031aa57003e9f0bdedc0c5fbd2c51c3f62b790e56ebf8927ccf71,303,False
kunlun-b2-2001,1,364,RGI2000-v7.0-G-13-52761,d298148cc760a41fe694ee42d80162aa245c2454e57fb0bec3d5637403c433ec,304,False
kunlun-b2-2001,1,364,RGI2000-v7.0-G-13-51874,d32cd81038ff6b90f8ffaa62da2bb78a431ffc60c17f53efc73ea7f628821ff9,305,False
kunlun-b2-2001,1,364,RGI2000-v7.0-G-13-52538,d41418683277aa984cfc93730543c24333d1b7fbc1c266d198e0544663a483e2,306,False
kunlun-b2-2001,1,364,RGI2000-v7.0-G-13-52250,d44dabf52ffa643fa014500c682ca4518338aea368d2450cb69f2eb0fbbc5ff5,307,False
kunlun-b2-2001,1,364,RGI2000-v7.0-G-13-52252,d4a983df7d5c0320a59fc5684b6cbc3910bae00acd2982a32908dabad826983b,308,False
kunlun-b2-2001,1,364,RGI2000-v7.0-G-13-52083,d5d39bd00e34152222f2f15fc9b481df80f5d9562972eddac44e57b3be90e146,309,False
kunlun-b2-2001,1,364,RGI2000-v7.0-G-13-51107,d5e5861ddee488d03cfaee1697169a69f8be9780a2b6e688ca963be72cab4f1d,310,False
kunlun-b2-2001,1,364,RGI2000-v7.0-G-13-51947,d6f68a05bc83f5d46e6aed542b978b15753ea21fc22ba523d60331fc197b31be,311,False
kunlun-b2-2001,1,364,RGI2000-v7.0-G-13-52848,d805d5bc4e79d6b24b3819aa7018791b0e99c1a5d1111c0545aaca300f6faa30,312,False
kunlun-b2-2001,1,364,RGI2000-v7.0-G-13-52984,d835f78c4edf97c97b537f8018341565b3cedd833fade715450cf17e244d76eb,313,False
kunlun-b2-2001,1,364,RGI2000-v7.0-G-13-53161,d9062e550db7731ecfac290b465551d9b9c9269d0d34c3037814527112ddbda6,314,False
kunlun-b2-2001,1,364,RGI2000-v7.0-G-13-51408,d98174cafb294f65342252f30395f16184776588423361841585f53ca9c0697f,315,False
kunlun-b2-2001,1,364,RGI2000-v7.0-G-13-51538,db3f1a3827696d7bfa20f9ae46af56241f91ddfb1b0afbd8b2139e86c2d6e497,316,False
kunlun-b2-2001,1,364,RGI2000-v7.0-G-13-51788,db56a010459ea0c2d730eb122a991ce05e7b5abf04d281db4f1b6737abb0e501,317,False
kunlun-b2-2001,1,364,RGI2000-v7.0-G-13-52078,dd5b22dee8cc45a546531c3cd1324aa42ec782ba5694f81462d72dbb71896f19,318,False
kunlun-b2-2001,1,364,RGI2000-v7.0-G-13-53238,dd8b88ff8127b2f52a0c66c00ad4fbbc72b0f4586f09aa809c24c231b9c1c0cb,319,False
kunlun-b2-2001,1,364,RGI2000-v7.0-G-13-50662,dd8fe056e2e6a1cb7158cf040058b53086a97697ad59a04f8d1bb8d592b8d0f3,320,False
kunlun-b2-2001,1,364,RGI2000-v7.0-G-13-50914,de88fdfea553ab0a8c7f220e007620c9bd626ade23ad29a94c3edfa99061346d,321,False
kunlun-b2-2001,1,364,RGI2000-v7.0-G-13-50881,e0aa304532abfccc40d3bc7bcf52396fc87f5ee1198fc1d922c7f65ca8e6a380,322,False
kunlun-b2-2001,1,364,RGI2000-v7.0-G-13-53130,e155b86d78ee819124d8a093496cdfa6292df7d90491f049ef8110ec422d49f1,323,False
kunlun-b2-2001,1,364,RGI2000-v7.0-G-13-49946,e1869c0c2a654dbecf526395e74a2e4dbe57cb7b49e7b4e4ba8ed33a78593987,324,False
kunlun-b2-2001,1,364,RGI2000-v7.0-G-13-53167,e20e3d31072618323dd7666d58013bfa2b2296829831ee3cff729dfd362e3dec,325,False
kunlun-b2-2001,1,364,RGI2000-v7.0-G-13-49975,e23e37b99768bc28ddf0ac8cf09146fcfbfb65d4ecad3e033ce0e62c88de7de0,326,False
kunlun-b2-2001,1,364,RGI2000-v7.0-G-13-50393,e337b9daaee70cf4b4baba80ead06d601b69d369f044487698e71b2e5048ccb1,327,False
kunlun-b2-2001,1,364,RGI2000-v7.0-G-13-52758,e34d7097b54d0455d77a458f88973d19ce0fee290d5e90c10467f99d5935d5fc,328,False
kunlun-b2-2001,1,364,RGI2000-v7.0-G-13-51446,e39f884c95248521f85c512d75230668cc3d155c11937144ef45e6336f18b390,329,False
kunlun-b2-2001,1,364,RGI2000-v7.0-G-13-52017,e51b10a94275eae01b6485794849ca4badeeca2c84317c55ed97cd7d0d661794,330,False
kunlun-b2-2001,1,364,RGI2000-v7.0-G-13-51200,e641d42b5d8f1258fc02372b96295c45cd46d2cb9ff2491dd5b4ded8dea2655e,331,False
kunlun-b2-2001,1,364,RGI2000-v7.0-G-13-52659,e6cda026e4f5f75dc542075038bd87599144742a9c9d7f4da0be98087bded28e,332,False
kunlun-b2-2001,1,364,RGI2000-v7.0-G-13-51877,e756edbb9a3328eaaa6027867d7b8f33b53a98a4e023ee1778c1441a03fb61fd,333,False
kunlun-b2-2001,1,364,RGI2000-v7.0-G-13-50837,e7e26e87aad29e847cb213ba6b5f8f490f36d376ebba6a906c8c45543d66b601,334,False
kunlun-b2-2001,1,364,RGI2000-v7.0-G-13-51458,e89188fa29eef147778dc434a92ea956bdfb8969600955c0ba22cc9c3d2de766,335,False
kunlun-b2-2001,1,364,RGI2000-v7.0-G-13-53548,e8b2fa04db168a434f8da6c751d66fe53bbb92f56e33cc979681c0a5b3eb52a4,336,False
kunlun-b2-2001,1,364,RGI2000-v7.0-G-13-51238,e8c844d7c091de139304df69dc6f6d45e0184017c0c282055a83f4f7b8d704ac,337,False
kunlun-b2-2001,1,364,RGI2000-v7.0-G-13-52132,eb53c1afe07693be2fed613b3540f5bb1ced5f9e68297a742d49896c2d7f7e7e,338,False
kunlun-b2-2001,1,364,RGI2000-v7.0-G-13-52808,ebdaed1ea997820e93a5679b42440a3e2799fb06845f27f67647e6e8e9cd47fb,339,False
kunlun-b2-2001,1,364,RGI2000-v7.0-G-13-52793,ebf80cb6106203b5be226c4cfc2ca4e7b57d75a174bdcf01a78419192b2d49c4,340,False
kunlun-b2-2001,1,364,RGI2000-v7.0-G-13-50903,ecc73beac75a89f784a88081068fce66a8e7c5164b9c14e92cea7a2ea3d3e1f2,341,False
kunlun-b2-2001,1,364,RGI2000-v7.0-G-13-51412,ed5efb60a3da4aa4e3b4ad376729a0dd5d898b83fa7410473670ebc381d6b7cc,342,False
kunlun-b2-2001,1,364,RGI2000-v7.0-G-13-51614,eda88d3dea46b42400c1fbdbdac56f45ecabeb942f918929601c2a507c313bc3,343,False
kunlun-b2-2001,1,364,RGI2000-v7.0-G-13-53766,ef8f7bc39b7f54a03340e8b62548f3808565f862280dbafd19000c370dd0626b,344,False
kunlun-b2-2001,1,364,RGI2000-v7.0-G-13-50135,efb424ff23ed630aeef9fad9a67e47006ba565e8e0038bb152f291dd075a5e95,345,False
kunlun-b2-2001,1,364,RGI2000-v7.0-G-13-51344,f1416cf404d1b428d8095877da1e9c000bc12f16a8352797db535953b5336f59,346,False
kunlun-b2-2001,1,364,RGI2000-v7.0-G-13-51317,f1e99f5c5bd40e1fe4ea3fc604eebde5242a4d1841a678de83bd1987e43b72df,347,False
kunlun-b2-2001,1,364,RGI2000-v7.0-G-13-52144,f29c7e2c3e779f64cfd012383fe24f263f567918bed552fb241896e82d5f153c,348,False
kunlun-b2-2001,1,364,RGI2000-v7.0-G-13-51677,f30cfb2ed6c8a9ed86971457feaf8a0af638400663670bbc8a11c922155237c1,349,False
kunlun-b2-2001,1,364,RGI2000-v7.0-G-13-53654,f3326a48226e1f935c90d2319bb1516a009798703cf8ff499619b35bc7c2b739,350,False
kunlun-b2-2001,1,364,RGI2000-v7.0-G-13-50414,f38a258a2c634a635e70b12564b88d4e3a026dfde9104e13f4a4a12b12197585,351,False
kunlun-b2-2001,1,364,RGI2000-v7.0-G-13-53131,f39c5ef3e4f4324ea243ba5c22db7475c491975110b6c305bf45dcb5ae45de29,352,False
kunlun-b2-2001,1,364,RGI2000-v7.0-G-13-53209,f46341add4258c0898b5c0d6033610debaa07718096e9614e2d9809d27aade5d,353,False
kunlun-b2-2001,1,364,RGI2000-v7.0-G-13-52751,f9de9c8209f9dc2dd057b563d40716922a6b3275479f76ff4678ca80c9817882,354,False
kunlun-b2-2001,1,364,RGI2000-v7.0-G-13-52992,fb1e6dc0a48272b4d942a715e3e5ded0418569db0c38853eaf0926915b168ddd,355,False
kunlun-b2-2001,1,364,RGI2000-v7.0-G-13-50466,fb4843d1b2c8ed86bb9eb05c389b42525f7ef9866bcfdb8555d9f26bcadfe4b4,356,False
kunlun-b2-2001,1,364,RGI2000-v7.0-G-13-51192,fc8b54e10f054347aceb2f9208c4cbd83da8574e11c3cbabcba6c3b150617464,357,False
kunlun-b2-2001,1,364,RGI2000-v7.0-G-13-50030,fcf5d50feb58ca6b8615ef2d03efe373780c66a2ab61ad3d11fcbf640674ec39,358,False
kunlun-b2-2001,1,364,RGI2000-v7.0-G-13-52417,fda19ec64558b1976d4cc23482e13b150fb7b77ef1e44f608a5849f639e556ac,359,False
kunlun-b2-2001,1,364,RGI2000-v7.0-G-13-50778,fdddc0be9df8bf13191ceae0b2812b050f2823e3c1818f3d915c0688642983b0,360,False
kunlun-b2-2001,1,364,RGI2000-v7.0-G-13-52695,fde85f6d481b43232bb9f06ee7e7689dc9babd82b7100f79d6047b60adb30d15,361,False
kunlun-b2-2001,1,364,RGI2000-v7.0-G-13-52147,fe64bf62a7b2c2fe0da9e06c11b466f520cd69eee34becd9f79f7d293f6d8a77,362,False
kunlun-b2-2001,1,364,RGI2000-v7.0-G-13-50175,ffb7f742916a6c0c7f3f6b17c497d3c6f8b6331d9ae1a92622493577aae42de6,363,False
kunlun-b2-2001,1,364,RGI2000-v7.0-G-13-51949,ffe5bce8d77054446c6260a79506ef829b01cb8091e34f47e217e67dfc0259c9,364,False
kunlun-b4-2001,1,389,RGI2000-v7.0-G-13-49947,002b58e5553e84969c971ea3acb22247253be0b441e057ff4e77986c100826f4,1,True
kunlun-b4-2001,1,389,RGI2000-v7.0-G-13-51339,00ac1cc617619418ba37e808cb6136cac3753957f70705214af35327acf44e1a,2,True
kunlun-b4-2001,1,389,RGI2000-v7.0-G-13-50778,00fcc4f43446149474f52cb14f35b62f67acecc5f25a1fc32998b417d843e9e4,3,True
kunlun-b4-2001,1,389,RGI2000-v7.0-G-13-50045,011824f4daa9689a6a3040b0d27711fbed99424f8e21ef73704728b46159c0dc,4,True
kunlun-b4-2001,1,389,RGI2000-v7.0-G-13-50241,017fdb9a43f75ca6f7733d7b276f91835bf29554f300219be464cbeac950e5ab,5,True
kunlun-b4-2001,1,389,RGI2000-v7.0-G-13-50140,022a63ed42ffdd18ebc5ba576f89ed15f3d374d1a868ab0d6daeffd0c79548d7,6,True
kunlun-b4-2001,1,389,RGI2000-v7.0-G-13-51965,026cbbb9eb837c5100fe627f5ef8905c5fa16eee34b2d9a44586864fbf4582b4,7,True
kunlun-b4-2001,1,389,RGI2000-v7.0-G-13-52013,02e9e57f38c522b7af864d71cf11650e79482c91b3ae6ad00996abcf849c2606,8,True
kunlun-b4-2001,1,389,RGI2000-v7.0-G-13-52134,03fad9276110193fe2c751b3d50497c8c656dc867d6eb9b81953a6413d0a8b2a,9,True
kunlun-b4-2001,1,389,RGI2000-v7.0-G-13-51863,06feca5da00ca76415b92ac46b96884eb2ba06fe8aac5690fab638ba86593958,10,True
kunlun-b4-2001,1,389,RGI2000-v7.0-G-13-49946,0748718b1cfab6a391ea93279a92f467c7ff41a784cb66646548cfd219c17558,11,True
kunlun-b4-2001,1,389,RGI2000-v7.0-G-13-51792,077b4e13b4effb93a06d4b1f168bb83743aa4be1c655b52c9def4566e353b067,12,True
kunlun-b4-2001,1,389,RGI2000-v7.0-G-13-51677,08874dfb5e7564238f9620f841e4ec1c4acbcb985053f42a10c5783f7caeb2b0,13,True
kunlun-b4-2001,1,389,RGI2000-v7.0-G-13-53563,08e6c85b009cdda26e3531b60836638abd22a7d1236334a7bf7cdc391474e241,14,True
kunlun-b4-2001,1,389,RGI2000-v7.0-G-13-50759,09048fa62795879783dbcdd43dcc5af12b49efe4804f8edc7ecf3943bf41f796,15,True
kunlun-b4-2001,1,389,RGI2000-v7.0-G-13-53514,0b22c201515b50075a33fa4da7f36090bd2223fbb777bbf935b00c1692b957f4,16,True
kunlun-b4-2001,1,389,RGI2000-v7.0-G-13-52015,0c92d76e1b3468f573e33d7b3d666e0cd3afd04701ae846bfd2a97f3c27a3f49,17,True
kunlun-b4-2001,1,389,RGI2000-v7.0-G-13-53065,0cc672f5067e57ee96bc64f3748d3d49655d7ec22598226d336fb834472e309c,18,True
kunlun-b4-2001,1,389,RGI2000-v7.0-G-13-52288,0d5cc3ac430565f0d1cd6a5ffe8b1e23fad9dd9f8714d42807891bc18531c5a9,19,True
kunlun-b4-2001,1,389,RGI2000-v7.0-G-13-50518,0db029a0da724c7859600abdc4e5b54ab9bdbcad5e6138ff7e1dc9cf8a15c967,20,True
kunlun-b4-2001,1,389,RGI2000-v7.0-G-13-52104,0df0e12f4f8a8518fe9740baa8480ce593c48c7b096924023136870ddaee68ae,21,False
kunlun-b4-2001,1,389,RGI2000-v7.0-G-13-52791,0e283027bc78cd2dc6847a2ea953f281fff8f70e16f0e396dece1847bd8e5ea4,22,False
kunlun-b4-2001,1,389,RGI2000-v7.0-G-13-51886,0e9c3de92be8401288ed4406528107af1617a5068e7339402a66e8275c077d2d,23,False
kunlun-b4-2001,1,389,RGI2000-v7.0-G-13-52876,0f1f82bb4826d5b553c9a941f05fb5779d5c4ce0cdb78df3bb2bda8a55e4a9b0,24,False
kunlun-b4-2001,1,389,RGI2000-v7.0-G-13-52323,0f3cfdb6db08fb5038431ec0b5931da342c743e734e47b4b2a4765f46c4c640a,25,False
kunlun-b4-2001,1,389,RGI2000-v7.0-G-13-51864,10ca423134dc3202faa2aeb9e356afc0cf2d4cd14f45a0f2c2b158968c257a28,26,False
kunlun-b4-2001,1,389,RGI2000-v7.0-G-13-52659,10e4b12ce8d0d7654ac03e2d83d731f19a9a3c1acdbda54ca50023aec0d48496,27,False
kunlun-b4-2001,1,389,RGI2000-v7.0-G-13-53636,1123da826142b3104730946fd2cb306e586729d8b6d1cb431e871ddbccbee6ae,28,False
kunlun-b4-2001,1,389,RGI2000-v7.0-G-13-53654,1148bd54a0bbd3af0ba3d4a966c72a2b90de46bb6c3afae72a26d30600b0a83e,29,False
kunlun-b4-2001,1,389,RGI2000-v7.0-G-13-51266,11a4ff8f8d52238a2efb7252910bb2f515c5e1a9eee23f932b3ae6d2c1e6545b,30,False
kunlun-b4-2001,1,389,RGI2000-v7.0-G-13-52683,11a8f140a10d3be86a63239a226dd1b31640f6a2547510d0695583e5cf2ea6c3,31,False
kunlun-b4-2001,1,389,RGI2000-v7.0-G-13-53213,11a902dc95bf50cf8b4d4386faa655ec4a33ca57738520274d94f0b13befac6d,32,False
kunlun-b4-2001,1,389,RGI2000-v7.0-G-13-50810,11a9ea8bef51f26145423ef291e0aec66c184a2f9e6544e7d817a4b0c814bb57,33,False
kunlun-b4-2001,1,389,RGI2000-v7.0-G-13-51732,1278ad602896ed74bab476d7a003cbf71c9ea6ecaaae8fd4d7210522f876bc40,34,False
kunlun-b4-2001,1,389,RGI2000-v7.0-G-13-53582,1334167b7db6a2eba91cecf239818d9d340a580ba2a7ed0629ba21a567d19b85,35,False
kunlun-b4-2001,1,389,RGI2000-v7.0-G-13-50433,1354997830e231158bb77881aa7c0282c47cea0c365f496dfbfa4c939c2e4007,36,False
kunlun-b4-2001,1,389,RGI2000-v7.0-G-13-52083,14d3b6ed929a063945b4b08171628e7a9fe6c52a278bc6fd2e4a02a09e4ae5ad,37,False
kunlun-b4-2001,1,389,RGI2000-v7.0-G-13-53192,152f1b58d9fe4e72ce69b15be470b131711ac05a28a93125f6570a4661a513fa,38,False
kunlun-b4-2001,1,389,RGI2000-v7.0-G-13-50606,15b00279d8277442a2d3b7602d6e754335c7740f1317195454fdd1c23a74fa37,39,False
kunlun-b4-2001,1,389,RGI2000-v7.0-G-13-52075,160b22d24fc9bd57b5f4a506416f64a4121d3e278758f9633b78353601280b99,40,False
kunlun-b4-2001,1,389,RGI2000-v7.0-G-13-52839,161034f281a57e250ad947673648c4dc7195659233f48cf1758f762c38e79c8e,41,False
kunlun-b4-2001,1,389,RGI2000-v7.0-G-13-50767,16326b9a16c41f38a4ca5facbab8124f397f305cdec35dad65768be87ca99f2e,42,False
kunlun-b4-2001,1,389,RGI2000-v7.0-G-13-52131,166b5b6fc409602be5386e89e99fbad991d859b89f8b3f5694bbeb22fd200840,43,False
kunlun-b4-2001,1,389,RGI2000-v7.0-G-13-53664,175523ec1b7be78ca696262ac7c575525a289f51da3bc252f2cf6b06d3501671,44,False
kunlun-b4-2001,1,389,RGI2000-v7.0-G-13-53459,17fd17d0895974a922e01acac2709e93f825a025ed573f1a21f3fb9612541ae9,45,False
kunlun-b4-2001,1,389,RGI2000-v7.0-G-13-51417,180b136663014ae42b34d09b8dcae4bdef2abadcf99e6a391f9288886c5fc614,46,False
kunlun-b4-2001,1,389,RGI2000-v7.0-G-13-52117,18ad5f7be4ba820c8c23349dbebc9576a83e2295701cdc5347a3a54a18632b3e,47,False
kunlun-b4-2001,1,389,RGI2000-v7.0-G-13-52018,18fa91d31ac8ee6a81e7f7ed3ef40e3a01dd9584366b426f16080c89fed92ce6,48,False
kunlun-b4-2001,1,389,RGI2000-v7.0-G-13-52286,1900bb7a7c3b542c5f242837ce7452db881aa71d531bb84b6bfaa74fc950f40c,49,False
kunlun-b4-2001,1,389,RGI2000-v7.0-G-13-53684,197165fa8fb66d438621dbd1bd17f917ff2936a9204b0a930e5da21c80c6ac85,50,False
kunlun-b4-2001,1,389,RGI2000-v7.0-G-13-50604,1a941e784659886bd8ef983a7daad6c27d3a5ac689899b72066b59e3b6b7692a,51,False
kunlun-b4-2001,1,389,RGI2000-v7.0-G-13-50041,1b08e740bad2331b013036b37064258129f2590da293413718a28025e8d1b1e5,52,False
kunlun-b4-2001,1,389,RGI2000-v7.0-G-13-52657,1ba84960bfb6eb01a55b78f6fe643993f731120bc1a613b0f7fa78a4693088d7,53,False
kunlun-b4-2001,1,389,RGI2000-v7.0-G-13-52250,1e39bc0eb008657533ffb6f00d55700375ec3815df2574a402dae2f36664d14c,54,False
kunlun-b4-2001,1,389,RGI2000-v7.0-G-13-52261,20266da8b35a466cfe27988fcdf68877d08f8b5df0e5ca5e93c21d3d2d0e6acc,55,False
kunlun-b4-2001,1,389,RGI2000-v7.0-G-13-50709,20c4b7e414b928a7d0f101f8b039a9f368f48cdf85520fe4d0e7bd3006bbb6e7,56,False
kunlun-b4-2001,1,389,RGI2000-v7.0-G-13-51104,2144e28d6b4ec8ac801cb7d11fbf1bbf3b2342154b210cca37ddab08d1c54949,57,False
kunlun-b4-2001,1,389,RGI2000-v7.0-G-13-50619,21c121b6683a9bdb45183e2a236e10102af0b990c7a63c6991ae17c4ba9e84df,58,False
kunlun-b4-2001,1,389,RGI2000-v7.0-G-13-53605,23ec248ecf03be5e8137f2a46ca6f8223d78f1a50c1ff167525d68f166ecbba7,59,False
kunlun-b4-2001,1,389,RGI2000-v7.0-G-13-50357,23f28b3a5144454e7da799c8c40b4f6d6651fc894b713338a4c7cef05f109812,60,False
kunlun-b4-2001,1,389,RGI2000-v7.0-G-13-50999,242cc1b1e5bad6fac6c540affc686e9798d65028249e663683b43abc11a51885,61,False
kunlun-b4-2001,1,389,RGI2000-v7.0-G-13-50838,2518b0c3fa5025f5a09a4c2f8659dce2b843f74e08a28c6df021e433597ddd32,62,False
kunlun-b4-2001,1,389,RGI2000-v7.0-G-13-50870,25275efd40736634aa2a27bb5c26834821cbff2cef2c3e55db80006f7170da9d,63,False
kunlun-b4-2001,1,389,RGI2000-v7.0-G-13-52116,259bc4f0d0dc9ebbf9fc3e46164e477ba6d6152a08c6f492e6cd062cd4c8ccf2,64,False
kunlun-b4-2001,1,389,RGI2000-v7.0-G-13-52390,25cbd75806b67c137e056b73f048b57b57681ee6e603321b5d244c1f97902d36,65,False
kunlun-b4-2001,1,389,RGI2000-v7.0-G-13-53547,262959fd92a18a3add89c0f69c0f1e0bc7dc3db8fb3219a75c2cc8928ea8d9be,66,False
kunlun-b4-2001,1,389,RGI2000-v7.0-G-13-52808,275268f484fb38da45fdd6fc077adc1ec792e2a0c05996c6a81d97a9801b1679,67,False
kunlun-b4-2001,1,389,RGI2000-v7.0-G-13-51601,27603060b16ccc966fdda1bf04e9bbbb3beadf28e41c09c62c787b3f7451bc80,68,False
kunlun-b4-2001,1,389,RGI2000-v7.0-G-13-51070,2817ed801e2292a8e42ec0a957773878bbe766de2c99aa7439c7d4aef1b4c9a2,69,False
kunlun-b4-2001,1,389,RGI2000-v7.0-G-13-53463,29a2eace6860d4296c9a852128b038fc85d12add618d8c0447e07b3501e4e073,70,False
kunlun-b4-2001,1,389,RGI2000-v7.0-G-13-50453,29e2070fe4db4eba7e9b7d57bccd7b6e7baf921564e2cd846b9c599ee7d836b7,71,False
kunlun-b4-2001,1,389,RGI2000-v7.0-G-13-50410,2a8a619168c304ea0b5157810033ccfe8a3e22361e318b66fc6b859301de120c,72,False
kunlun-b4-2001,1,389,RGI2000-v7.0-G-13-52906,2abd6d9588f89367d6f8b066e6ed6de31f6055bb9df1d37d3765975ddf8512cb,73,False
kunlun-b4-2001,1,389,RGI2000-v7.0-G-13-52667,2b20abbcccb76de9af6ab80aa7808a15eb3851d313dddb898b51c91480c79922,74,False
kunlun-b4-2001,1,389,RGI2000-v7.0-G-13-50414,2cb4b7dcb9d2df82def989f32a55bbf5b812772c9441082fd4337f3142b36a40,75,False
kunlun-b4-2001,1,389,RGI2000-v7.0-G-13-53000,2d502a2a4de59dbbaaa574a4173cb114752aef1b56d10a8854671e0c1cd90d0f,76,False
kunlun-b4-2001,1,389,RGI2000-v7.0-G-13-50570,2def2c1ad8a24f4360b354dcbf1f077d51ff253ea81340de1374bd7c644cf4c3,77,False
kunlun-b4-2001,1,389,RGI2000-v7.0-G-13-51416,2df7b0e7eecfd288b1aef34060d2a13141c3684c5113ef5e99a782283f44af2f,78,False
kunlun-b4-2001,1,389,RGI2000-v7.0-G-13-52130,2ee74a852dfe7be6b84c50945f907cd0321218895fa2c703f254cb9d3d5a532c,79,False
kunlun-b4-2001,1,389,RGI2000-v7.0-G-13-53517,2ef07d6182a0eb5953092be16c7ff3ca960b6da1bab595309ef01757a5abc6a1,80,False
kunlun-b4-2001,1,389,RGI2000-v7.0-G-13-51483,2f3919072bf8eda546b1ddb352545341c559bd6bd67852af3a833c6cb5f23e86,81,False
kunlun-b4-2001,1,389,RGI2000-v7.0-G-13-51707,2f53ad855a161042e7de5a411fae2521f10e078262fe8bcc3cf85c288b4e8090,82,False
kunlun-b4-2001,1,389,RGI2000-v7.0-G-13-52064,2fbe5868b3ac28afed7453bfdf5764940610092746b7ffcf54bdbefc9f028647,83,False
kunlun-b4-2001,1,389,RGI2000-v7.0-G-13-51684,306c4d2650c53242c4a9460e1df1c99231d8c18391790e1a94f9d3b5c8be5e97,84,False
kunlun-b4-2001,1,389,RGI2000-v7.0-G-13-50864,30b7517f355e526d41ec1633f4fa1e780f071ff19202212750fec606f8f7a7b0,85,False
kunlun-b4-2001,1,389,RGI2000-v7.0-G-13-50270,31f0e7880a3b2b2dd6a52bf6124fb0ce7b34a29676c59870ed5a44a0cd5c8779,86,False
kunlun-b4-2001,1,389,RGI2000-v7.0-G-13-52254,320315b32f932c0f27ae8798b14bdd78d1e4007b4b5b87beab42bc67cafc7ae2,87,False
kunlun-b4-2001,1,389,RGI2000-v7.0-G-13-51874,32126a132e2fe9414a84506fbb873237b4d49705b05d24f5fb3c308f2261407a,88,False
kunlun-b4-2001,1,389,RGI2000-v7.0-G-13-51107,32c38769675f51b660c828752608025872a230df7ca8e5b9df46638dc8a89c8d,89,False
kunlun-b4-2001,1,389,RGI2000-v7.0-G-13-52795,34a389ebc616bbbece3ed6f391ec601899bddbb73c5ddc41a3cf588a718c71d1,90,False
kunlun-b4-2001,1,389,RGI2000-v7.0-G-13-51754,360afcece88ee377a9d546e24f6f5e857beda02c59be679f28ecb8798e0670f6,91,False
kunlun-b4-2001,1,389,RGI2000-v7.0-G-13-50895,3680bd21978829068259482e23ee9fa579e5627ad7793a275567fc7df5ca85ae,92,False
kunlun-b4-2001,1,389,RGI2000-v7.0-G-13-50903,3700f33fec653c972a37f51d74c1af0b1e5de989e5ee1cead704e598bb2ad696,93,False
kunlun-b4-2001,1,389,RGI2000-v7.0-G-13-52786,381aaf97196d08c6c1e9f6235b9e2d148be6ea1d0ba41a844065c0194bfc7814,94,False
kunlun-b4-2001,1,389,RGI2000-v7.0-G-13-53577,3876dd0bffe61f1099d0b1e11bcdfd0e4db1613d47b9d59a525c3d2bf29984bc,95,False
kunlun-b4-2001,1,389,RGI2000-v7.0-G-13-53567,395c444d21616edf23a61054241580895399677346bb04f4775a26b78ba3dd88,96,False
kunlun-b4-2001,1,389,RGI2000-v7.0-G-13-51490,3a7ad5b2e461857d9a4210bd0b6c8bf64c8875350a25303a896cd8e856ecffa1,97,False
kunlun-b4-2001,1,389,RGI2000-v7.0-G-13-51902,3a9828c24f2226230ac31782015dbc29d0f9d2cf4d164690c18f16b3b408f03e,98,False
kunlun-b4-2001,1,389,RGI2000-v7.0-G-13-51321,3aba99ffbb10ecaaefe649b40227cf6cf49ddea44200a01a7b919ac5f9b88a69,99,False
kunlun-b4-2001,1,389,RGI2000-v7.0-G-13-51418,3bb84fab0f9fb65dc2d8d74da274743ee2b93662637ed11a4cceaf400ef9fd7e,100,False
kunlun-b4-2001,1,389,RGI2000-v7.0-G-13-53558,3ca91cca081694926b08b4d1d7b7b52b7abb4cc23f04b00daecd8f4c8ef8649e,101,False
kunlun-b4-2001,1,389,RGI2000-v7.0-G-13-53211,3d55e6979621a11981242ede9b3a5d26c44a39b56b61d355287b7d27cc257a34,102,False
kunlun-b4-2001,1,389,RGI2000-v7.0-G-13-51610,3d7d8af4b416057b15cbfecdb8c605568275a35eb9530497e607f2020fe4cb36,103,False
kunlun-b4-2001,1,389,RGI2000-v7.0-G-13-52136,3d809240f28398c03438f60742e13060b15f89272fe67d9e748870cb3bab45f0,104,False
kunlun-b4-2001,1,389,RGI2000-v7.0-G-13-51926,3dac7258751a38fde6cdf0cb1318b47693d51392e1247da2b71099b5de198eef,105,False
kunlun-b4-2001,1,389,RGI2000-v7.0-G-13-53210,3de7a8f9bc862183f96d406643144191137fa5785055440f2fb9791d8f19f4e8,106,False
kunlun-b4-2001,1,389,RGI2000-v7.0-G-13-51795,3e608b9d383bf41ba092ede41a65031bcdf277d0b1a7a5d18acea3b2f9d18907,107,False
kunlun-b4-2001,1,389,RGI2000-v7.0-G-13-53469,3faa358247805588c18af577c1561005ed544c21605ec0fbc0a5b23dfeeb106a,108,False
kunlun-b4-2001,1,389,RGI2000-v7.0-G-13-52265,40381de8b317481b27f81f8b6136fda62585dd28503101589c31fd969dc9061b,109,False
kunlun-b4-2001,1,389,RGI2000-v7.0-G-13-50662,405288403f6b688eece3da081548030593cf318241cc16627ea8e2a2814cf8e5,110,False
kunlun-b4-2001,1,389,RGI2000-v7.0-G-13-52256,4145a28b12a972def924e84bdc4059c056077cdfbca8f7def4e8a761340a4cea,111,False
kunlun-b4-2001,1,389,RGI2000-v7.0-G-13-52287,419ea85d9421989541b4df4aa277d7289ec73819f25046c2cab1c03b9815afe0,112,False
kunlun-b4-2001,1,389,RGI2000-v7.0-G-13-53173,45500b370305c557665c66c171c5a76816fd61eb8f8aa9e18bc01198b18081ca,113,False
kunlun-b4-2001,1,389,RGI2000-v7.0-G-13-51458,4583af2f386c71cd6c59c91170b4c404cc6165c47affd2de40ba5081c17a5d6f,114,False
kunlun-b4-2001,1,389,RGI2000-v7.0-G-13-52787,45d16edbd66b6fed073b46ffe7d58ab4b7154458f4b2d3a9544553fca3fc25e5,115,False
kunlun-b4-2001,1,389,RGI2000-v7.0-G-13-51702,4644dfd3f1d53cd4e2d2c3e9e4e277a3da4b5050948ff40df504bece4af352c6,116,False
kunlun-b4-2001,1,389,RGI2000-v7.0-G-13-50914,46e05d6f1ccf20b2edcd78d3a2a535ceacfb418556a046a4549496491f7d3913,117,False
kunlun-b4-2001,1,389,RGI2000-v7.0-G-13-50133,481ae11991163e2d126a9df9b32fa1451ecd9f05c3fc37112b7a51ff8c810b95,118,False
kunlun-b4-2001,1,389,RGI2000-v7.0-G-13-53179,4887cc8fa6158ca078556884919ae1543db14ee0981e5f9cc2ea890c97367f90,119,False
kunlun-b4-2001,1,389,RGI2000-v7.0-G-13-52248,48ad60c351299bfb6390acfe0ae1ba65cf6592ec491b767c31964f7ad0d213ed,120,False
kunlun-b4-2001,1,389,RGI2000-v7.0-G-13-52792,497472dcb66f710a49d6dee41dd5e27155446ae3ddd55fb777f090a1c0e127bf,121,False
kunlun-b4-2001,1,389,RGI2000-v7.0-G-13-51342,49aa8e90c0fb913282fe8de22651cab318ea4d44d17c607f8b4060ba3b2f3204,122,False
kunlun-b4-2001,1,389,RGI2000-v7.0-G-13-50007,4b668f3eca06799935d2c1ebdb01854e559e9f0923285d0b53314966ccb8572b,123,False
kunlun-b4-2001,1,389,RGI2000-v7.0-G-13-51075,4be41e962fa39d53cc13208e1c1b0560189a6870493ad5306f9c2eba9e0aadda,124,False
kunlun-b4-2001,1,389,RGI2000-v7.0-G-13-52848,4c9be118c1cca8d518903206ff619c0448b116bf162287e308c67ad7772a0277,125,False
kunlun-b4-2001,1,389,RGI2000-v7.0-G-13-52754,4ce2caa1b7ffeb9c236cd4a2b1c16a9bb7a14806309a0498e7fb68857eaabd69,126,False
kunlun-b4-2001,1,389,RGI2000-v7.0-G-13-53607,4d7f20ffb615a3c3e382f70ac0cda6d85da9f037130cdcae011470aa3e124526,127,False
kunlun-b4-2001,1,389,RGI2000-v7.0-G-13-50134,4d8289972a04ca2ad381ec4bac5f8e060a3dd4d3e0f0cc8f65e07f15c8167e77,128,False
kunlun-b4-2001,1,389,RGI2000-v7.0-G-13-52921,4e30229c781220d59e2f05b5c377a753e2874f6589bc735de5a20057d4737a70,129,False
kunlun-b4-2001,1,389,RGI2000-v7.0-G-13-51711,4ede2bc611a856d06a52af88def826d6a0f7bcab2a985a863cf7e3629212d5ab,130,False
kunlun-b4-2001,1,389,RGI2000-v7.0-G-13-51785,4f636864f718f0da51bfd85f1ecdfa884f8e8f5a970c2c1edf216750d19862bf,131,False
kunlun-b4-2001,1,389,RGI2000-v7.0-G-13-52701,51fadd026db106245349c70e04d8e3cfa3b212748c0aa7922aca73bd5543d399,132,False
kunlun-b4-2001,1,389,RGI2000-v7.0-G-13-50887,52858c4e653c9de803eb9311e2aaa83e1db4d8e0d89297e50af58ffdcd53c659,133,False
kunlun-b4-2001,1,389,RGI2000-v7.0-G-13-51949,5350dca48204530c718cefe0f8d27ebc7b1899303bc58c47af5869035c7f392d,134,False
kunlun-b4-2001,1,389,RGI2000-v7.0-G-13-52247,53b67cf5e555777e2ba9b58501a57f0bdb9b736f89e4caf3b80e254c2fd5e654,135,False
kunlun-b4-2001,1,389,RGI2000-v7.0-G-13-50671,53dfe3f6deef47277315ad82877f068c4991a8a1e319f30bd5d52811e7eb119d,136,False
kunlun-b4-2001,1,389,RGI2000-v7.0-G-13-50839,548882c471f4fae747ed1a3601054226fb77986e588b8dfcddde8491e5f06b89,137,False
kunlun-b4-2001,1,389,RGI2000-v7.0-G-13-50720,55bb21d3fb8a023b4fc3992ab56a458016e565f2d8915ccaee3145323b109ea6,138,False
kunlun-b4-2001,1,389,RGI2000-v7.0-G-13-51033,56411ee5654a786b4280974a80277358e918aeb468d5e90d1c0ecbc575d76e7d,139,False
kunlun-b4-2001,1,389,RGI2000-v7.0-G-13-53516,57a1665d4ec571502c2971ae0db3186a71480f66018ebebd4ea3fa96119c6f01,140,False
kunlun-b4-2001,1,389,RGI2000-v7.0-G-13-53515,57a583b295c6f2e96b4899d68f4b1a2ba36b3f006e72d25132492d4fac3f518e,141,False
kunlun-b4-2001,1,389,RGI2000-v7.0-G-13-50175,57e6f304248f4cba430efaac58e47d3af226eedf8a2f64de2ee0415313810c89,142,False
kunlun-b4-2001,1,389,RGI2000-v7.0-G-13-50348,580c7799cd632ebc351dc4caa4d1439d5b39a82cc745628b82613f71f918725a,143,False
kunlun-b4-2001,1,389,RGI2000-v7.0-G-13-51950,586250b65c44bc22ac44b060ae2d26d1f7ac8e75e92d0dcf0128be7f0c5023fe,144,False
kunlun-b4-2001,1,389,RGI2000-v7.0-G-13-52994,58e182699e7f909284022939e28e1cf335ad3ff001cd9f26d2d6c0a77f05e529,145,False
kunlun-b4-2001,1,389,RGI2000-v7.0-G-13-51217,59700afeae06a2375f4e03ddb978988d4fead6b13e7789bef0bacd9dfb38d6e0,146,False
kunlun-b4-2001,1,389,RGI2000-v7.0-G-13-50797,5970be5b0c4a38a81b9e448757004b2a3079163128f7d3ecd90587a640f80c46,147,False
kunlun-b4-2001,1,389,RGI2000-v7.0-G-13-51614,5b990f70ce6d78b616b98903d66d8e55efc366ee3c950dacd4c1ace411078e5d,148,False
kunlun-b4-2001,1,389,RGI2000-v7.0-G-13-52285,5b9b4bbce037c1eadae5c430ede6756322af3dac5056a1529f8c133a08714ea9,149,False
kunlun-b4-2001,1,389,RGI2000-v7.0-G-13-52252,5bfb13a6a53e2ff355fa58518a64975357897a11b49dc8b4c57bf4fe154daca1,150,False
kunlun-b4-2001,1,389,RGI2000-v7.0-G-13-53498,5c095ccff0332cf21cbb9758aca805635da4ddaffdb69ac7d5c6e63ab8ae5485,151,False
kunlun-b4-2001,1,389,RGI2000-v7.0-G-13-50883,5ce6b69bae3e86fd412679fc3e0db6f62c5cfa34355dd86100ba4ecf48fbd7b2,152,False
kunlun-b4-2001,1,389,RGI2000-v7.0-G-13-52065,5d95f42e806402836ec311f6194346dcd6a8cc24e39d71f6fbaca81f19a55d8c,153,False
kunlun-b4-2001,1,389,RGI2000-v7.0-G-13-50894,5e37c74e9916fce002a8d0653f4438fe94828fcde2e9d466d4e70af3d919f76b,154,False
kunlun-b4-2001,1,389,RGI2000-v7.0-G-13-53129,5e69605de2e4396d1a7db739317227becb7dfe243d9ba8f54af49408e756f114,155,False
kunlun-b4-2001,1,389,RGI2000-v7.0-G-13-52992,5efb8a8203a7df3be6dcf343209031a7c3aae1fd2cf4599215fc8a4e62b7fbdd,156,False
kunlun-b4-2001,1,389,RGI2000-v7.0-G-13-51860,5fb51b6d8336d72a2d761555b4ea72879c99b35b52488945295d45f5bf2f6dee,157,False
kunlun-b4-2001,1,389,RGI2000-v7.0-G-13-50637,6079d9a81db3a7ecbe8bf2f2742a078cbd22c0954d888c3a4a2d600f5d2c5a51,158,False
kunlun-b4-2001,1,389,RGI2000-v7.0-G-13-53209,60ff6a9541fbf34a5a677f1ecba040af4d92c855def01a16a62058b2935b98fd,159,False
kunlun-b4-2001,1,389,RGI2000-v7.0-G-13-53765,61ae0573e0470f14a8cafb163531b09084a39417678d3d9ace5f509bfbf5ef40,160,False
kunlun-b4-2001,1,389,RGI2000-v7.0-G-13-50741,620f4d826c596993249b43e0a8b4eae51e956ef54e25fa16515de6e8eb741100,161,False
kunlun-b4-2001,1,389,RGI2000-v7.0-G-13-51004,62671f609af691db693aa77655069093fa110da62ef601106511f7e34078d467,162,False
kunlun-b4-2001,1,389,RGI2000-v7.0-G-13-53548,62e600ae17179e9a837304f227ebff51f392377b2f0b72ba454c3f8f60b00be1,163,False
kunlun-b4-2001,1,389,RGI2000-v7.0-G-13-52714,6325177e9f5fd2fe5dc1a408fa010d04d2bbad18fc72fcac8aff3a905455b835,164,False
kunlun-b4-2001,1,389,RGI2000-v7.0-G-13-50821,636df7ffd291acda4e52f68248511d3486f01e558d85c5eb0f2ae3d5d7362ead,165,False
kunlun-b4-2001,1,389,RGI2000-v7.0-G-13-51823,63a6d875c2074a773e2d9a688f29a3ca201d4f4bf3614baaa98e970e9334aa20,166,False
kunlun-b4-2001,1,389,RGI2000-v7.0-G-13-53175,63e28d651f25794791740951f168b75e93bdc28f7423523285a3819a50a4ebc7,167,False
kunlun-b4-2001,1,389,RGI2000-v7.0-G-13-52758,6499abffe004bdb7fee76337e519d89ce9eabe8295398d014c4c0b75fead165d,168,False
kunlun-b4-2001,1,389,RGI2000-v7.0-G-13-52362,66074313c739ee3b3b0b7837b9e8a59ddcec73047a2089db96ec63e8623c1e63,169,False
kunlun-b4-2001,1,389,RGI2000-v7.0-G-13-51678,6718deda4a6b331acb47f5bee247e7383d9dae5aa718fc40bc6126bed0b75ed9,170,False
kunlun-b4-2001,1,389,RGI2000-v7.0-G-13-51674,68551bca80ab07e6fb4caf7f3863a4551cb3fdae76651f0f318932204e90ed8c,171,False
kunlun-b4-2001,1,389,RGI2000-v7.0-G-13-50139,69a2c52875eb8fd893baac5111d03b1c676375c25df0a94978815c27a9311700,172,False
kunlun-b4-2001,1,389,RGI2000-v7.0-G-13-51408,6a16518fae3fbdedfa5ff28fece66b2897e7734bf3b7101c2c2b51b66ff5b8b8,173,False
kunlun-b4-2001,1,389,RGI2000-v7.0-G-13-53159,6a1c3fb51b740e2bd6b852138f94f01bb18ddf3b243287681e6ab8fce6b42c3d,174,False
kunlun-b4-2001,1,389,RGI2000-v7.0-G-13-50393,6a28e4c2dbb645dd40432f96d80130ca355c3208d119e29e4674640427e063d3,175,False
kunlun-b4-2001,1,389,RGI2000-v7.0-G-13-51820,6b57c8d4935fb6aa68ceaa5fc0236336e2880e49d3a6a9579e87f131ad3c3ebe,176,False
kunlun-b4-2001,1,389,RGI2000-v7.0-G-13-51593,6b63e4b20adc5633046f53bd349907415e472a8f291850197ce651e606bace03,177,False
kunlun-b4-2001,1,389,RGI2000-v7.0-G-13-52249,6bb3ae005c1098975d95f9e565f45c67033c99819f95a106bcf6e642445dcec0,178,False
kunlun-b4-2001,1,389,RGI2000-v7.0-G-13-49980,6cbc1ebb26afe87a7e6b346860bed9fb0e48a9b303e3b31d3e5e4b5b1b284251,179,False
kunlun-b4-2001,1,389,RGI2000-v7.0-G-13-53139,6d409df3bb869f1f7d79296fe8040221a08eb5f876e931694bf19b1c5b808a7c,180,False
kunlun-b4-2001,1,389,RGI2000-v7.0-G-13-53207,6d5d692b2004e033650019631377280f1e458eaf6293f65590e244b06fb4377a,181,False
kunlun-b4-2001,1,389,RGI2000-v7.0-G-13-51244,6d68ecceac7d011fa2f60589e4ab23cd073c75944a241376e7294b20264dab04,182,False
kunlun-b4-2001,1,389,RGI2000-v7.0-G-13-52751,6da577a6705952d95b6e68bf95d92934dcf760f874d9329134e0160954090617,183,False
kunlun-b4-2001,1,389,RGI2000-v7.0-G-13-52049,6db9a02490f11a581e8c051a401c2d02958e593af77529a247327f959e994abc,184,False
kunlun-b4-2001,1,389,RGI2000-v7.0-G-13-52681,6e267ffea5edbda15f793ad70ace85601ad146d1dfbfc36a67995c75affbbb8c,185,False
kunlun-b4-2001,1,389,RGI2000-v7.0-G-13-53167,6ee4701cee3049a4c9749457ef44fb985acf6e5547d81f0df673b5e1ae49777a,186,False
kunlun-b4-2001,1,389,RGI2000-v7.0-G-13-51263,6f1e8e83ba5658870c073c5739524c8514301c631c0afcbfabbe595ab0b3f381,187,False
kunlun-b4-2001,1,389,RGI2000-v7.0-G-13-53766,6f2bf5016bcb222a8ed750880ada032ab1827c1b35bc7aaea3a88c3a98ccb478,188,False
kunlun-b4-2001,1,389,RGI2000-v7.0-G-13-49958,6fd44249c046f9802d4151e371f2ce71eadc75392d36bca298dc3943fb35ea12,189,False
kunlun-b4-2001,1,389,RGI2000-v7.0-G-13-51557,6feabd4fc7fee91e43e9ed9486f92989539a6fa55c2f6c008b4ed127f8266e84,190,False
kunlun-b4-2001,1,389,RGI2000-v7.0-G-13-51624,7124c8227ce4b0243757268f9b05dbf2063ae07f5c027698d4f197866e758289,191,False
kunlun-b4-2001,1,389,RGI2000-v7.0-G-13-52266,71d345a10237d0a1a2a8a05c0173262202f8ba9008292aade65ebed4afad47cc,192,False
kunlun-b4-2001,1,389,RGI2000-v7.0-G-13-52908,7223e34d952f6d676b4124771de2fe2e31aec5343d501c20873ebaf11e372669,193,False
kunlun-b4-2001,1,389,RGI2000-v7.0-G-13-53680,72a116ff95e776cdccd1d87b1f4d31b63d944e19b66baa82c0a106fa5dcfa98f,194,False
kunlun-b4-2001,1,389,RGI2000-v7.0-G-13-53030,744b84f07f6821b043a4dc349b93c432f8eae5494554c5e1914e3f06af58cdbb,195,False
kunlun-b4-2001,1,389,RGI2000-v7.0-G-13-50892,74914fe74f7b2f9804806333a431138a64d7f8a51309cf3f7387fdf40bbbd238,196,False
kunlun-b4-2001,1,389,RGI2000-v7.0-G-13-51772,74dcec72f547484dbd0b55e2d6fe58c151d51e8ac54f1c78e6e3dd6cd14e3159,197,False
kunlun-b4-2001,1,389,RGI2000-v7.0-G-13-50837,74e3bd6bb6ff2441776506e037b0199e866d5bd99e2f0049bfac566e18dbc8da,198,False
kunlun-b4-2001,1,389,RGI2000-v7.0-G-13-51964,755a892377c4e5e332e2880c4ecd20695cbc7e3dc0e9191127e181f0b760d89a,199,False
kunlun-b4-2001,1,389,RGI2000-v7.0-G-13-52676,765fe304fad3de1fc5c2ce9d7b423c90fa7170512b4f1fa4cde4e59053192c4d,200,False
kunlun-b4-2001,1,389,RGI2000-v7.0-G-13-52920,78f01f5bd5f3d36eded33301399ae25d3778a5536a83f4b82f3c407ecebd7ff2,201,False
kunlun-b4-2001,1,389,RGI2000-v7.0-G-13-50109,78fbbd16caf20140f42e804935041ceeeb07e8f1a9e55938f0e4a0dde2ac5d8f,202,False
kunlun-b4-2001,1,389,RGI2000-v7.0-G-13-53161,7a120b35fc97b427546e5f60ad15a18069e8d9d7f18929c452b08fa8c6e94d77,203,False
kunlun-b4-2001,1,389,RGI2000-v7.0-G-13-50674,7b8f3782bc1f70030fffc653177b30a6073e2d32948adb60ceb2e7d242274433,204,False
kunlun-b4-2001,1,389,RGI2000-v7.0-G-13-52074,7be454658744f25ad478de89c6f174504a18bf32324f899634a14f3279308cb4,205,False
kunlun-b4-2001,1,389,RGI2000-v7.0-G-13-53667,7c29cc4d8a31c2561d05495d92f21404a854b7db776eeabf5086064d3d7d1d0a,206,False
kunlun-b4-2001,1,389,RGI2000-v7.0-G-13-53568,7c47050be788c6af0be3f5e0e770c73cfe84c9d0d6fc00ff273e910c94378c38,207,False
kunlun-b4-2001,1,389,RGI2000-v7.0-G-13-52905,7c47984357440916b2e444bcb884c5172fb0248c82d41e757cb59b2dcb8bba94,208,False
kunlun-b4-2001,1,389,RGI2000-v7.0-G-13-51080,7cfd78695843f8374e843a72b952cb60ff754c858f8e5dd4eae89822e8036cd9,209,False
kunlun-b4-2001,1,389,RGI2000-v7.0-G-13-50382,7de619a8eb434d770599fd212752a4681d8ee0b3a90dd0f201b7c18a4a05febb,210,False
kunlun-b4-2001,1,389,RGI2000-v7.0-G-13-50881,7df7b76a937a8912c446fba219ff2a3a6237ee5cbae32c8a5dc9f5e5a704f154,211,False
kunlun-b4-2001,1,389,RGI2000-v7.0-G-13-51151,7e29733eb78150661d6825e129d85d5baf28e50a71e7cbdb36742541e9d7e0b3,212,False
kunlun-b4-2001,1,389,RGI2000-v7.0-G-13-51074,7e9cf6be72463a5fd6baeaafc45290a823fccc7272d19826ac7a6743d392a06f,213,False
kunlun-b4-2001,1,389,RGI2000-v7.0-G-13-53141,7f9f28d227daad2cfec39553b66128449ab823608cef2dda661e4385f05bf425,214,False
kunlun-b4-2001,1,389,RGI2000-v7.0-G-13-52147,805024a56f0ea87b1a7ba8abc519b4538778d007a063ed62f7ae68db72c50945,215,False
kunlun-b4-2001,1,389,RGI2000-v7.0-G-13-51773,80edd4401fe4c23b88254de2c73ddbb727715b7cd71664ea0084b9d01e3a2b75,216,False
kunlun-b4-2001,1,389,RGI2000-v7.0-G-13-52144,80ef592740b650783b1d9e1d1f99de1c7fd3035007bd74c277776795a2824ab4,217,False
kunlun-b4-2001,1,389,RGI2000-v7.0-G-13-50587,814360f6932b39110a04df581e1e2278161bce94226491f353c16cde41cbd19e,218,False
kunlun-b4-2001,1,389,RGI2000-v7.0-G-13-50841,822265e7c085295af5e5054a7578bc31f35ab8cc2401c8b4cfbe14a7494d83dc,219,False
kunlun-b4-2001,1,389,RGI2000-v7.0-G-13-51735,83c0f9ee4883f7f27e580871c61a27a91ca5cb0f6f5d1a41964029f41c5ecd7a,220,False
kunlun-b4-2001,1,389,RGI2000-v7.0-G-13-52262,84212a5a0dee850cbb8a64f2cd98aff282917f99c574b4001d5daa9250e78820,221,False
kunlun-b4-2001,1,389,RGI2000-v7.0-G-13-50349,84b87fa968f57f6cd884cca4dc77e717a329e3973fd12f51ba35f63ed99b22de,222,False
kunlun-b4-2001,1,389,RGI2000-v7.0-G-13-53679,866bb0f8bfb4ae0ec68e3eaed10bcdcebf38750519f13cc485034d0c0679ed26,223,False
kunlun-b4-2001,1,389,RGI2000-v7.0-G-13-52923,875d53790de61f0bcfdeed33d68ed9f81e7aac57a44ad89794569967d5a80a61,224,False
kunlun-b4-2001,1,389,RGI2000-v7.0-G-13-52132,876416451cbfd5342378573fd1afbf69402b30f534376f8f13009713bdf3c532,225,False
kunlun-b4-2001,1,389,RGI2000-v7.0-G-13-51892,87720b075f538ef7158d34986523321866fafad566b5ae6362703c7a5ea10ac4,226,False
kunlun-b4-2001,1,389,RGI2000-v7.0-G-13-53238,87d31fe6a26d6806b714c062e33102e74493179a4a8accd06c0375f0285c6e63,227,False
kunlun-b4-2001,1,389,RGI2000-v7.0-G-13-50905,88cfc3dc3920b2fe8fe9ef1c9d1121292a69a4f3601dbea97cbddc6c861696c3,228,False
kunlun-b4-2001,1,389,RGI2000-v7.0-G-13-53659,89265e3d0d5f3fee57ee28f1a024a3aad33199590ecfa5206a9f4152e32897a2,229,False
kunlun-b4-2001,1,389,RGI2000-v7.0-G-13-51955,8972a66896b7ac85a55019ed7e464d23bcd3cc2c21c49148119a62b8f1a1cffe,230,False
kunlun-b4-2001,1,389,RGI2000-v7.0-G-13-51159,8a01235252dcbf28869e8451db7ca7e95c326cd5d16a6089fc8291793b2dbe60,231,False
kunlun-b4-2001,1,389,RGI2000-v7.0-G-13-50043,8cd5ecdbf4dadf69b0b648c13e6e6548322f04094831afb34843438d0845e0f1,232,False
kunlun-b4-2001,1,389,RGI2000-v7.0-G-13-52793,8e52bf34c4e1c7b89932490fc63f5fef9e9ed27617b366de8efea5b96bded3fa,233,False
kunlun-b4-2001,1,389,RGI2000-v7.0-G-13-51956,8ead74e7f5f33c6effef043a9d8479caa16b85a66df521d661d8b628f5a5a7fd,234,False
kunlun-b4-2001,1,389,RGI2000-v7.0-G-13-52084,8f20c6de3fa686e4bb1231f5ff2d8f11773aa7e6e24841c223e921e59eb7b10d,235,False
kunlun-b4-2001,1,389,RGI2000-v7.0-G-13-50240,8f4aaad473f0bf27cca04d719fc573a77e46d65325096540d7dd03ca5b92001d,236,False
kunlun-b4-2001,1,389,RGI2000-v7.0-G-13-53356,8fb95258e846f40529c31aa40a19dee201e4f05adb7e3cb550dd3cfe44ae58dc,237,False
kunlun-b4-2001,1,389,RGI2000-v7.0-G-13-53518,929c26e3ad5cfedcf21900e016472e915c618a6999c3b04f034cc35dc97ab2f0,238,False
kunlun-b4-2001,1,389,RGI2000-v7.0-G-13-52129,92afa882ffc9aeb7e2512ffd259c40b8a45fedac10f236fb956f347bde73438a,239,False
kunlun-b4-2001,1,389,RGI2000-v7.0-G-13-51341,93c556a3af502e00f30130d59db4c805fd01b9af1a93e2ba464169bc7553bdbb,240,False
kunlun-b4-2001,1,389,RGI2000-v7.0-G-13-50252,945066bfe32f8033e191b7e2e9b4616e8efb01c79fb844eb935947f879e64848,241,False
kunlun-b4-2001,1,389,RGI2000-v7.0-G-13-52054,9465705fc15cf926b9d6fbc6c890f4bd4798810c0b938cd6cebb9f7cd3bec521,242,False
kunlun-b4-2001,1,389,RGI2000-v7.0-G-13-51875,94c6f759c8d2d0e98a9ad634425fe2a17ea4958002b8768f5498f720b2f5fa25,243,False
kunlun-b4-2001,1,389,RGI2000-v7.0-G-13-51788,951b9a149ea9a72a11d9184eafa261de0dfd04989deefa54f7b22f9ecd2ad367,244,False
kunlun-b4-2001,1,389,RGI2000-v7.0-G-13-51721,95d173bfb07abea95fccde59529058b0f463c46c5dd493c9f34d8873f112d902,245,False
kunlun-b4-2001,1,389,RGI2000-v7.0-G-13-53233,95de96fd7caed9b20e4df7b187d8b26961c6cbafd9195f8441347e66f2f9b3f0,246,False
kunlun-b4-2001,1,389,RGI2000-v7.0-G-13-51816,96c0ad9d8af23697990666ad29138567fa71ade3dd0f3fd85c28944b6fa585bc,247,False
kunlun-b4-2001,1,389,RGI2000-v7.0-G-13-52660,97a0f746909b92e2e84e7aaf02d24ea3d9e9517f9aba965c1a46e823078830e5,248,False
kunlun-b4-2001,1,389,RGI2000-v7.0-G-13-51442,98944d0acafc10e3abd47812b426254718cfab2fd5451adf8492bbb7b7771d21,249,False
kunlun-b4-2001,1,389,RGI2000-v7.0-G-13-51507,999d706a388c45c76c74dcaae09758f7ac7d385f76019385c9cb0947cec276e8,250,False
kunlun-b4-2001,1,389,RGI2000-v7.0-G-13-51730,9a541abba1fb12e89b41b42eda02202260ff8bb4d2e158b4f10bcfad2b5496c1,251,False
kunlun-b4-2001,1,389,RGI2000-v7.0-G-13-50030,9b1a48879521ff7316eff02ccd609f2ff7e1728447ca46e73b0de26f9e61884d,252,False
kunlun-b4-2001,1,389,RGI2000-v7.0-G-13-51409,9c3e58e83370560d31a76ff00ecef40b86a349f644df57d4fa1ecae185c28250,253,False
kunlun-b4-2001,1,389,RGI2000-v7.0-G-13-50346,9c88d0474bf7da1f88351a44e85fa6968c00d277fb454538a251270bfe011e1d,254,False
kunlun-b4-2001,1,389,RGI2000-v7.0-G-13-51703,9d0668f97e4a93560905ac67e7f05e649456ca3f9d1c7ad5db43efdd944d5440,255,False
kunlun-b4-2001,1,389,RGI2000-v7.0-G-13-53131,9d0a0cdbdb61dec117318d2101001a0b31b016db00bb5149d3cab38148e48709,256,False
kunlun-b4-2001,1,389,RGI2000-v7.0-G-13-50574,9d321347556c9ac7be49e5dad056956b8fb9eb16055815094488c28728158242,257,False
kunlun-b4-2001,1,389,RGI2000-v7.0-G-13-52869,9e6d2dfff6f42680d75463ee10355cdaffabd6b78517be9d07bc33fac045da5b,258,False
kunlun-b4-2001,1,389,RGI2000-v7.0-G-13-50869,9ff34f135231800d692a4045ef0ab7d9c8d3b91ca071ca11a47991ce2a53a1b4,259,False
kunlun-b4-2001,1,389,RGI2000-v7.0-G-13-50355,a03b37bec584a4a33c9c96e0aca6043d9a33b870939114c761b553abbd3d22f2,260,False
kunlun-b4-2001,1,389,RGI2000-v7.0-G-13-53585,a0406df004259e9f276f3a0543494da6a3986ac8b4051757652b39d5a490c71a,261,False
kunlun-b4-2001,1,389,RGI2000-v7.0-G-13-53604,a0bc85652e550d1fcf64913ae9968b4495b879240cc65afaa1c69cb22e9e2e12,262,False
kunlun-b4-2001,1,389,RGI2000-v7.0-G-13-51888,a1359532adaa0c12279633e68c54c00cc573a62cf8ff979b40967863f9cf1c43,263,False
kunlun-b4-2001,1,389,RGI2000-v7.0-G-13-52695,a1628b7c02fa6e2a3b97ab7090c2efc8de28021d62af66609f1fa331079bc547,264,False
kunlun-b4-2001,1,389,RGI2000-v7.0-G-13-50876,a1b7a9d6a32152ee382522b0d34785358d02bfd6371e6fa0d4dac7dfd7deb36c,265,False
kunlun-b4-2001,1,389,RGI2000-v7.0-G-13-50238,a1ffcf2766a05cd575e3ae803b2dc2cbf5ddc47a1f8b6d9ef1586ff75c9a61c9,266,False
kunlun-b4-2001,1,389,RGI2000-v7.0-G-13-52022,a21aba0ce2557bba567aa7c38f6f326a237f630a2530f30155425258e16114ed,267,False
kunlun-b4-2001,1,389,RGI2000-v7.0-G-13-51250,a2f400ea5cfb4e40171e852d4771c329674710f59266a12e72550c30b64f073c,268,False
kunlun-b4-2001,1,389,RGI2000-v7.0-G-13-50351,a40b7568d93c7490957038ced61e654726abf50e035ef1994fbf261c529ca456,269,False
kunlun-b4-2001,1,389,RGI2000-v7.0-G-13-51751,a4a7a143df25385fdcde0dce157b031296752b98c5515095cbf8da1fe28499d6,270,False
kunlun-b4-2001,1,389,RGI2000-v7.0-G-13-51192,a6b005ff161ca893aba1bf8ff5c2e639f9028340c04e49b93b4599e40f951638,271,False
kunlun-b4-2001,1,389,RGI2000-v7.0-G-13-52069,a8296728b373c001da9d447fc4346dc7c1152ee60b3a469bb75661c9e873ec69,272,False
kunlun-b4-2001,1,389,RGI2000-v7.0-G-13-52761,a8752bd1d5f4bde83e7ccbfc3aa69351e25977895e80b2f6055ac497ff5714f0,273,False
kunlun-b4-2001,1,389,RGI2000-v7.0-G-13-50592,a98bd04d8b13cd155e5347c0aa18e6d46ac8c63a01562cf8892e3f368f6e80bc,274,False
kunlun-b4-2001,1,389,RGI2000-v7.0-G-13-51804,a9d4df3c64b13d265097aec781f71ce5047f2c0697840067996775052324c979,275,False
kunlun-b4-2001,1,389,RGI2000-v7.0-G-13-52135,aac1b2160d34a1172489584d3fc7339024a7037acfc7dd066455bb88fd89fd2f,276,False
kunlun-b4-2001,1,389,RGI2000-v7.0-G-13-53668,aae4dc194a12cb440c04ebbef9070324a5d2c2446aa05cda1181f8499249df55,277,False
kunlun-b4-2001,1,389,RGI2000-v7.0-G-13-50192,ab0b3053f8ea917782f0ff50c86e033941a96b703682bc55cf20fb12424eb82c,278,False
kunlun-b4-2001,1,389,RGI2000-v7.0-G-13-50680,abb0119c1a26d3957db20e997cc3c666e6bb332088e20b9701b5f524b32a2c9b,279,False
kunlun-b4-2001,1,389,RGI2000-v7.0-G-13-51552,adde67949615b2875923baca7d7a51f05c095c28b589c9456ff6253a7bf2c861,280,False
kunlun-b4-2001,1,389,RGI2000-v7.0-G-13-52538,ae94ddebb431007d6d97911b4805a8d5ba541e796ae45f80582115552fa38242,281,False
kunlun-b4-2001,1,389,RGI2000-v7.0-G-13-52078,aef4e0b9fa86b05d0c9ac6756e544ea1b93e35350e09fa659f4074d2a18f4480,282,False
kunlun-b4-2001,1,389,RGI2000-v7.0-G-13-52794,b147f13e6007669d9701c380881e9491cd61ec190d32867cfa9b52b3b4305545,283,False
kunlun-b4-2001,1,389,RGI2000-v7.0-G-13-53613,b2ee49f4a90d27713af61e4ece82c6c97975a318b900f77a0f97347f907e1bb6,284,False
kunlun-b4-2001,1,389,RGI2000-v7.0-G-13-53544,b34e98199d8cd5aa4a7cf0f26438fb0e1c8c6e9df9b96ee25f2e4e439f85cf8d,285,False
kunlun-b4-2001,1,389,RGI2000-v7.0-G-13-52156,b433ab0de49d614703fca48d56b3be54a1ad0a5a67d32d58e4aea7679ec0bc44,286,False
kunlun-b4-2001,1,389,RGI2000-v7.0-G-13-49964,b4c553b21f6551d21c3c1f131f6fd67e458871ecc3fafc4d75281142cabb4198,287,False
kunlun-b4-2001,1,389,RGI2000-v7.0-G-13-51877,b5bac019a62f5923998ec2fa3699b47932ac5443b0c6ded5e0aed3c4b328bf5f,288,False
kunlun-b4-2001,1,389,RGI2000-v7.0-G-13-51221,b731b4416f38dc75e23c63b33b358e256ebd8c4d4f28c9f9f0a9ae650febfa44,289,False
kunlun-b4-2001,1,389,RGI2000-v7.0-G-13-51199,b7524c71de9a07356f6aabf418842c373275e1334ef48621f0c5a68c1ccb1aa2,290,False
kunlun-b4-2001,1,389,RGI2000-v7.0-G-13-50873,b7a1842dd4e881484e9b67ce393ede484ccd2b18452302a112109b16b3116d16,291,False
kunlun-b4-2001,1,389,RGI2000-v7.0-G-13-52317,b7c181d32da4572042e5d28d041b787b12bd0fe6b053fa5ba5ea7830e080e527,292,False
kunlun-b4-2001,1,389,RGI2000-v7.0-G-13-50319,b8666e41128e4702b922978c1b68cfe3dfd4881b01fb3b27ad2845771cf8f70e,293,False
kunlun-b4-2001,1,389,RGI2000-v7.0-G-13-52417,b8b19345fe7c364f2d4235485357d07389f3d81188155b03a451e7ae3a2be9dc,294,False
kunlun-b4-2001,1,389,RGI2000-v7.0-G-13-50418,ba36f41856d9f4925aacef233dfd212ba736ced8cdb32bba54d57723b6cf2cba,295,False
kunlun-b4-2001,1,389,RGI2000-v7.0-G-13-51030,ba63e1400e663c43d366f61fdc5f4d16b4637866fe0d79e7bbcf4b0f7b1fd956,296,False
kunlun-b4-2001,1,389,RGI2000-v7.0-G-13-50182,bad11044536f4dc6177862bdb90ffcfe84d049bc70770ddf1a06dd8deb953f35,297,False
kunlun-b4-2001,1,389,RGI2000-v7.0-G-13-50753,bae5b2446de55ec222202ed7d81909a9bab84aa60d68b8565bdda2932da3add0,298,False
kunlun-b4-2001,1,389,RGI2000-v7.0-G-13-51218,baf5a6b5ed2016114987349d381c3e7ee4e70bf9e3f1ce97546df0309a993274,299,False
kunlun-b4-2001,1,389,RGI2000-v7.0-G-13-50173,bb2a8364a486df6e242b5ab32d7287c69c99964043fd68f95a2b8f46749f1543,300,False
kunlun-b4-2001,1,389,RGI2000-v7.0-G-13-50732,bbafe007464a518ec0c586501aeb667ef5cbaa66216d88b7a1fa16c5e7eafad3,301,False
kunlun-b4-2001,1,389,RGI2000-v7.0-G-13-53546,bc45b2e430974d2a1aec3f314bcb0c9fd9d55bc2c74b8e4045767df5aad77225,302,False
kunlun-b4-2001,1,389,RGI2000-v7.0-G-13-52842,bc949e6302ff0bdbd49298b65213d6c5ca922b5d7b08374b9b7dbc37db505548,303,False
kunlun-b4-2001,1,389,RGI2000-v7.0-G-13-53574,bf35e3456bdbf1ae588efae3410b3d5d9e913e079629b7a09afa10b39b7a4989,304,False
kunlun-b4-2001,1,389,RGI2000-v7.0-G-13-50443,c1092ffeffbf330cde560668db249c81a79cf63d393547836a7c16b1d07aa285,305,False
kunlun-b4-2001,1,389,RGI2000-v7.0-G-13-52585,c3c953a3a8b75dfa928b4583e3bfd2a4b723680faee3613b7f24ecdd23b9bb89,306,False
kunlun-b4-2001,1,389,RGI2000-v7.0-G-13-51323,c4058297c2633e8d04fee66e879bf8de127274b52004e4382df1915f0608f3b3,307,False
kunlun-b4-2001,1,389,RGI2000-v7.0-G-13-52224,c4ec3bd9a1b48a5b9d9f63dc23a653b05c39b74825b393218cdd1bdeb2d35f7d,308,False
kunlun-b4-2001,1,389,RGI2000-v7.0-G-13-51316,c6716852fb9982807d3dd294903705017b030737fe6eb2e5d6281bf7072b8b31,309,False
kunlun-b4-2001,1,389,RGI2000-v7.0-G-13-51072,c6a18c90b87f53363ca9af6a1d338e2971eab3fc58facaddb218a3e1a298769a,310,False
kunlun-b4-2001,1,389,RGI2000-v7.0-G-13-52076,c74bffd85dcac88aead8a905a8211e04369329b88c612b24aed2e09528920bfb,311,False
kunlun-b4-2001,1,389,RGI2000-v7.0-G-13-51814,c7998620405ced67a422d98b62d593514a109cc724f28057e16aaebaa41d48f5,312,False
kunlun-b4-2001,1,389,RGI2000-v7.0-G-13-51198,c7b8e4f100a24921013de5f0e426b09d840909da0cf72e900e065565fe69788e,313,False
kunlun-b4-2001,1,389,RGI2000-v7.0-G-13-51538,c7db49f55b66bf1a3fcec4242e626ed698bc0238db66c6081319f2c204ffa86a,314,False
kunlun-b4-2001,1,389,RGI2000-v7.0-G-13-52126,c7de34f8287c262b0cfbbd9a405b3e932ebd80aca320539736b39349a22876b9,315,False
kunlun-b4-2001,1,389,RGI2000-v7.0-G-13-50935,c8507b165bd29aac5eddab3d9ebca85a44cc517d7785b0acee317d3a9fc9685a,316,False
kunlun-b4-2001,1,389,RGI2000-v7.0-G-13-51523,c9963243c7ef46b9df791d7865ec89a236226d37dfb272929efff185cd4fb6ff,317,False
kunlun-b4-2001,1,389,RGI2000-v7.0-G-13-51768,ca3618169bc605f5cfb564f8e5094da4c79548957f21219046bc11f084196e87,318,False
kunlun-b4-2001,1,389,RGI2000-v7.0-G-13-50735,caedefd51939651dd767d9a9d9aa8ed7a53915d7a39a6511d197a0f106cdcfb8,319,False
kunlun-b4-2001,1,389,RGI2000-v7.0-G-13-50213,cc9f2ef72ee76e16bbdee20dd615635c2626e48327707edea182e299bac6d849,320,False
kunlun-b4-2001,1,389,RGI2000-v7.0-G-13-53201,cdad40c72defa80d9ef5808e6c72f8fa10ee7cdace959c42b92fee3bf0dcc103,321,False
kunlun-b4-2001,1,389,RGI2000-v7.0-G-13-51200,cde9ea92ed4ce9a10183f0ac1f3403c1afc27070fa296fd32e902c69d661a75e,322,False
kunlun-b4-2001,1,389,RGI2000-v7.0-G-13-50191,ceab4664ed62c3d3f8ff1cecf2c3958be8aea86ab29aa3c90a284f949180574e,323,False
kunlun-b4-2001,1,389,RGI2000-v7.0-G-13-53545,cf4c48e109e498b65260277558833fa174e40cc8b1d8882ee08f47fa9b3c65f1,324,False
kunlun-b4-2001,1,389,RGI2000-v7.0-G-13-50033,cfe28c46bfd08af8e8b04046c65fe5e9a2996a947a2337fff34474c7b3d7f4c4,325,False
kunlun-b4-2001,1,389,RGI2000-v7.0-G-13-52133,d5147cd06a246710fa0066a28002ebe6e520206738a52dcba564eb13378f4c84,326,False
kunlun-b4-2001,1,389,RGI2000-v7.0-G-13-51687,d5396e5caf3634f16c90038359e93db09f4da305a00a420b2523aaf8c76fb9dc,327,False
kunlun-b4-2001,1,389,RGI2000-v7.0-G-13-51958,d5b02dc87b5b41df43763585995bc2890a1ddac2eff13fd9e486b73a7227a845,328,False
kunlun-b4-2001,1,389,RGI2000-v7.0-G-13-53580,d5e154e0173e4784e05faba4cf36bfa76c08ba2da9cbce1e7ccf0768d6273e12,329,False
kunlun-b4-2001,1,389,RGI2000-v7.0-G-13-50651,d67d68054cdef2a95bcd4b32bc82f733c9200f9c24f3797c48b55df1417e9b59,330,False
kunlun-b4-2001,1,389,RGI2000-v7.0-G-13-53579,d680a664242ee75b29802a639cd6ef6f2c2aad7dcde27d3a91fc9d6aaac5532c,331,False
kunlun-b4-2001,1,389,RGI2000-v7.0-G-13-52784,d6a34db80097ace12e99bde42867e1fac31328008bae5678308d14fe987202f4,332,False
kunlun-b4-2001,1,389,RGI2000-v7.0-G-13-52220,d807c75e5a26aeade55b8e1dc869290a5da7dcb8ff8a77c98be167c6df099f2e,333,False
kunlun-b4-2001,1,389,RGI2000-v7.0-G-13-52017,d93e35e7fee75e66d10120b9379eb68536041ca4ccd7da523cab769a80b719da,334,False
kunlun-b4-2001,1,389,RGI2000-v7.0-G-13-52125,d95c9736b834dc50ca24ec4a4e13c84aacdf11895ac841c5b29926511ba343eb,335,False
kunlun-b4-2001,1,389,RGI2000-v7.0-G-13-51401,d978aa47cb6aa818b03e715f13990b92e5a82679b4aa5ae1793055e581034b74,336,False
kunlun-b4-2001,1,389,RGI2000-v7.0-G-13-50117,d99847f34e361e2a314c68ce1b07eaf10044613af4abf54b77e8a0ff7ee11ac1,337,False
kunlun-b4-2001,1,389,RGI2000-v7.0-G-13-52279,da5b1c570b0cb24188c6c3e4755fc0c85a5076561ef23fc3aff7c7f9b495ef4e,338,False
kunlun-b4-2001,1,389,RGI2000-v7.0-G-13-51947,daa084e0504502f7de283dd2fbd6c4e8ac83e01f9251637f7a49c615d70e2bca,339,False
kunlun-b4-2001,1,389,RGI2000-v7.0-G-13-51195,dab080ad973b125503ab00ba2bafec75324eacff23920a52d0a784c9f65bd94e,340,False
kunlun-b4-2001,1,389,RGI2000-v7.0-G-13-52712,daeedcd75909944f3236a2d899a198c16c1ff1c6f2c92de1b4bac7843b6e9c0b,341,False
kunlun-b4-2001,1,389,RGI2000-v7.0-G-13-51158,db0315819ac3ffefb24504ddcbc3650052456c84a9697b65cfb042afdb1d497c,342,False
kunlun-b4-2001,1,389,RGI2000-v7.0-G-13-51343,dba09a0630b3a4574ea8c35f73eae4bc6958d8f89c1d3c256dc5f27647d68388,343,False
kunlun-b4-2001,1,389,RGI2000-v7.0-G-13-53458,de09afc344e8a51fc7ee728c95a0188f6393e0d4eeacad7fbfed7e2601ef3b0c,344,False
kunlun-b4-2001,1,389,RGI2000-v7.0-G-13-50561,de2801f6322e6001cb9e0fc940f9cbe9f94f7a8ebe874dee425355a95d4cfd57,345,False
kunlun-b4-2001,1,389,RGI2000-v7.0-G-13-53779,de9362b78da522c55c58ce0fee171d3a18066d78998911eee23d3ab75e670157,346,False
kunlun-b4-2001,1,389,RGI2000-v7.0-G-13-50631,df10c3fcd7036740a1a6fb7ab8cca49351fa1666efda17f88e82bd748aed7d25,347,False
kunlun-b4-2001,1,389,RGI2000-v7.0-G-13-51412,e08c8e38316614ad591eddb4272b737a7bac1de8684462cdf9b32d9791fff6c2,348,False
kunlun-b4-2001,1,389,RGI2000-v7.0-G-13-53036,e0a671df7667781cd968a677a997135da87dabc3c020cf1b13ecf682c01f65b1,349,False
kunlun-b4-2001,1,389,RGI2000-v7.0-G-13-53768,e1f9c4699512c1d81fa4d4f9191996d9e384db88004a8676509fa607fd2a10c4,350,False
kunlun-b4-2001,1,389,RGI2000-v7.0-G-13-52984,e2af526655eb177a74b4f1eeacb004b3093452ebff17339bedc447c91de3bc9a,351,False
kunlun-b4-2001,1,389,RGI2000-v7.0-G-13-53109,e2afa19f9b8fa39df887b7a599e289d6d02c1494ee46d9a70cd4c891c89d933e,352,False
kunlun-b4-2001,1,389,RGI2000-v7.0-G-13-49975,e37ef0a645fb424d93e037c88ad0ee0bde10ca01acedc68c1a1b04a2c297dec1,353,False
kunlun-b4-2001,1,389,RGI2000-v7.0-G-13-50678,e4ccf48c5b08584dbf145b4a8aac2b2146746b106b3e0d5c07611f52b8f89678,354,False
kunlun-b4-2001,1,389,RGI2000-v7.0-G-13-51446,e6fdf28f66264acaa90fa921ad595a4b09fa64cb87d8e37ff66c8cfb16e70b49,355,False
kunlun-b4-2001,1,389,RGI2000-v7.0-G-13-52016,e95405323d6b831ba8cdec2cdbc4cee939ded60c479754f9865f3a9e213200db,356,False
kunlun-b4-2001,1,389,RGI2000-v7.0-G-13-52617,e96e9b167088572ba5dfc929be534b67c72bb70aa386d9228a557454932bf918,357,False
kunlun-b4-2001,1,389,RGI2000-v7.0-G-13-51344,e9c719f1ead4f045890a5549b3431bd1da4d07373008c64cb284b6a9151e29d7,358,False
kunlun-b4-2001,1,389,RGI2000-v7.0-G-13-52709,e9e1d80c279f62379dab5d7222dc99143e22228071c907072a133ad2747d8026,359,False
kunlun-b4-2001,1,389,RGI2000-v7.0-G-13-49948,ea1ba038af2dd589a671e9f51dfbf9f9fe3d166aa03a2863582b989edd231bd2,360,False
kunlun-b4-2001,1,389,RGI2000-v7.0-G-13-50135,ebdf8a1de49ae414f3cc130a7d94682fe32fe918392918a4bc5e8684c908f530,361,False
kunlun-b4-2001,1,389,RGI2000-v7.0-G-13-50246,ee2c50440222496639e833f9cc9f38727171b6d81bae8ade997a0bf08afff7fb,362,False
kunlun-b4-2001,1,389,RGI2000-v7.0-G-13-52348,ee89b4c1455e4ca4265c9ff5d74caa7ad2433b1c651021bdf1244ab4f1adf668,363,False
kunlun-b4-2001,1,389,RGI2000-v7.0-G-13-51719,eeda704e4c9a8778c6130bebc771184db72c62484186e7f3ce43c87514c16833,364,False
kunlun-b4-2001,1,389,RGI2000-v7.0-G-13-50036,eee85c7041a909759f1609bcbdebf3ddbee23623a12ee3289de17273f32c4c17,365,False
kunlun-b4-2001,1,389,RGI2000-v7.0-G-13-50466,eef5c10b2e2d2d02a6c5ea700bdd577949ac2b0b69c88378cf290b2d1c6c9d4a,366,False
kunlun-b4-2001,1,389,RGI2000-v7.0-G-13-49978,efd041cb3bfe83a6311608d30e8da510f7e77f67f02bdafc28b71ab0760c3776,367,False
kunlun-b4-2001,1,389,RGI2000-v7.0-G-13-52300,f0f0035f6b1981e83fcd312f83e76f3558a77d07d812d3406d7990dae77cd081,368,False
kunlun-b4-2001,1,389,RGI2000-v7.0-G-13-50419,f1130a9379ea0fc3b12fb6225d1d42d1c4439794566bfb534f257a04b887345e,369,False
kunlun-b4-2001,1,389,RGI2000-v7.0-G-13-53573,f16f4d4fe9d683d45e1569ebf5b603dd28199d45525e9f4e5bf51033668679a1,370,False
kunlun-b4-2001,1,389,RGI2000-v7.0-G-13-52073,f1a6b9b4fdfa1a750d740c262911cf11e1a3d5f164bf5a5bd32159718eaa8648,371,False
kunlun-b4-2001,1,389,RGI2000-v7.0-G-13-51317,f1db5d7553c87119c2a0c192a6b0963c0b58b47f0224d1a851a9b91a3cc27a3e,372,False
kunlun-b4-2001,1,389,RGI2000-v7.0-G-13-52533,f28e19d3b06b9f5f6aa3eeec308ab76e8cb5e99c667ed3f8cfeaba15220fdda1,373,False
kunlun-b4-2001,1,389,RGI2000-v7.0-G-13-52127,f2fc5045ef60e25236ed1c75a6c159d2e455227e6ca2206ddb947faf2a8bfac7,374,False
kunlun-b4-2001,1,389,RGI2000-v7.0-G-13-51219,f4e6a2a6ed658edd1eb5f192f7d7afd006c3898dcd80588ca41950e2f33a99f5,375,False
kunlun-b4-2001,1,389,RGI2000-v7.0-G-13-52669,f4ed7b6099e92d1c83facaa7ae691390977745f963ce00ccf3da738d70b8fa39,376,False
kunlun-b4-2001,1,389,RGI2000-v7.0-G-13-50113,f555db0a5ec0766e1a6d9762afe04366cacdf2cb70dcc5ee366c0a9ac91d5d17,377,False
kunlun-b4-2001,1,389,RGI2000-v7.0-G-13-52146,f5e01f95e5779e8c5ac8adb8ccb4a811b61661265bbcece3d38bcc3bc4269d94,378,False
kunlun-b4-2001,1,389,RGI2000-v7.0-G-13-53078,f5e495a6d7311ecdce2016a56330768babdcd440ad612760dbf528aa747ed21b,379,False
kunlun-b4-2001,1,389,RGI2000-v7.0-G-13-51482,f681abb36f4b37ccd387daea70817b607af6a90585e8b2516c6628f51c26bb34,380,False
kunlun-b4-2001,1,389,RGI2000-v7.0-G-13-50048,f854677d5b03078486b9c113323b5ff38de70d732aecb0c4ebc42abf791d761f,381,False
kunlun-b4-2001,1,389,RGI2000-v7.0-G-13-53130,f93142527bb700d81c335727eda76b4b27304e64f01c9a2c83a9afc5293e3343,382,False
kunlun-b4-2001,1,389,RGI2000-v7.0-G-13-50586,fb48d7a0c18d7694d4c48151771c00ce5ff04fd2de31999922a764cd15c5ae52,383,False
kunlun-b4-2001,1,389,RGI2000-v7.0-G-13-51880,fb99116d1fae87d979e2546a849857239c3eb2929c08728cceb99b3cc8d4e40f,384,False
kunlun-b4-2001,1,389,RGI2000-v7.0-G-13-50465,fc1939cad554606aabc98b775b84ea81e1c9964aa014361d5a9632bbe5d4db79,385,False
kunlun-b4-2001,1,389,RGI2000-v7.0-G-13-53564,fc6d572422fca477a440733f63e1d903064b78bf296f138aabf0fac9c1ed16fc,386,False
kunlun-b4-2001,1,389,RGI2000-v7.0-G-13-53229,fcbe27fa25e8029c5e8c09aedf35960efdb4fc1ff84eb1278e498d2e397f424e,387,False
kunlun-b4-2001,1,389,RGI2000-v7.0-G-13-50880,fd20c2543ea70f74f66df8029c063048d2f315a883540eca80d3402a35cf205e,388,False
kunlun-b4-2001,1,389,RGI2000-v7.0-G-13-51238,fdeafd27323ab4109de7d532cf92cfe029fc1a643f31fc2a0a911082108b1ee2,389,False
kunlun-k2-2001,1,345,RGI2000-v7.0-G-13-52210,00f3bcd92afddbf7d0800ebb47f59740b7bc033fc4fb5db1b827bb2b8e9d3b69,1,True
kunlun-k2-2001,1,345,RGI2000-v7.0-G-13-51895,032d805e872e198bb883eb2c2ab6c04639ad972b4df9b29cabd26dead944370f,2,True
kunlun-k2-2001,1,345,RGI2000-v7.0-G-13-52319,035ebfffa93a6bf37c6bae174da3cc88b828d9c27f846d11734718070fe12ca3,3,True
kunlun-k2-2001,1,345,RGI2000-v7.0-G-13-52775,03e584969d17359006d17b10fbe7a4ee68507ea06250da6fd6bd06384c157620,4,True
kunlun-k2-2001,1,345,RGI2000-v7.0-G-13-51318,0469ba9a495d24cd606a46985cf11c0297d28d9e8f719d8b46fe9192a85ca690,5,True
kunlun-k2-2001,1,345,RGI2000-v7.0-G-13-52294,0625a2fa6d3b99ab3253c09861052f1c4997ce99ef55034282dd60022c69797f,6,True
kunlun-k2-2001,1,345,RGI2000-v7.0-G-13-52779,0996b5cb2260ca97c392132a35947686a5efd3dbe78d791eef72e3952a724877,7,True
kunlun-k2-2001,1,345,RGI2000-v7.0-G-13-51439,0a3927658577a18d8e6a2b51db7cd15d1b4e1ccc12df6961bb63f07bf913569d,8,True
kunlun-k2-2001,1,345,RGI2000-v7.0-G-13-51048,0cdee9095b3b3bee8bdf7b4969770458f4f3d7e85342cfe6a94510bf1f6f7569,9,True
kunlun-k2-2001,1,345,RGI2000-v7.0-G-13-52828,0d24d28b3355c0f360b677993d8d76e3e5923dd9f0baa84252b79404c67532ce,10,True
kunlun-k2-2001,1,345,RGI2000-v7.0-G-13-50585,0d7a337954cf70725ce1f707adedb5cfed9f5e622c5959d41fe8a5aaa966f1d4,11,True
kunlun-k2-2001,1,345,RGI2000-v7.0-G-13-53092,0de01198a9a58826a43e2a0c297bde7ca6157c6814392e74beff2396acb29b59,12,True
kunlun-k2-2001,1,345,RGI2000-v7.0-G-13-53649,0e5c70ab4087b07ada2bbfcfa4b224847d748e80c3bfc30c0f415d3e213ffe82,13,True
kunlun-k2-2001,1,345,RGI2000-v7.0-G-13-53270,0f03cc2713ff37b4eee0148d257963a118ea6b6336b9ec1990e0b5daca35e477,14,True
kunlun-k2-2001,1,345,RGI2000-v7.0-G-13-52154,101e518119554b7c9f646446c7a4d92b3dba7a34cf5f46f0eaa0c36dd68dab2e,15,True
kunlun-k2-2001,1,345,RGI2000-v7.0-G-13-52927,105a784070b3e3a40d89fc5faeb6c1bd353f312b9017810f0791fc2598d54c1b,16,True
kunlun-k2-2001,1,345,RGI2000-v7.0-G-13-50868,11032a729b517e2e9e7522f7f8eec874c041c2ebac7a80cfa1dd01705fe81ab5,17,True
kunlun-k2-2001,1,345,RGI2000-v7.0-G-13-51759,11890d059565b0187056b4029b3cb299293e99e74a6d16ce437806c31969ee50,18,True
kunlun-k2-2001,1,345,RGI2000-v7.0-G-13-52179,136eed094106d359f9a3802b2799605d865a8acb469cb3b8cc281c5a4d5f38d8,19,True
kunlun-k2-2001,1,345,RGI2000-v7.0-G-13-52227,13dc7b32adf05499301452466f98d49c9cf58d48322ecee655da8ebbc55c5942,20,True
kunlun-k2-2001,1,345,RGI2000-v7.0-G-13-51193,143040866e4b03b7ac1076bd6076ec2462e78dcedcae0f4dbf29bc0d0e4579ed,21,False
kunlun-k2-2001,1,345,RGI2000-v7.0-G-13-53646,1439fe9bc7229aa78dc590bb50dcc22b5dea9c09908d3bbddcff5886ee6b52c8,22,False
kunlun-k2-2001,1,345,RGI2000-v7.0-G-13-51782,14b15cf867099b0a66406802f8b5053b296fc9b858a27987f16d4a9254efbf3a,23,False
kunlun-k2-2001,1,345,RGI2000-v7.0-G-13-51224,16f535f89823ab86ab55ef88a217a2b856ecf8b885e2c6ead63424076a7d511d,24,False
kunlun-k2-2001,1,345,RGI2000-v7.0-G-13-52766,1801e7ed80a19fa9c650d12b159f4e1739f70b57d5486666f23bf8188f753be8,25,False
kunlun-k2-2001,1,345,RGI2000-v7.0-G-13-52833,184996d4a3a6a7737cd0ad2ae762586467773734a28f1c19f566ecd4c119a8e1,26,False
kunlun-k2-2001,1,345,RGI2000-v7.0-G-13-51047,187f7e424c48d544882d46d473e814c5818aff46f0975d3a8f8ab0e21a7efb68,27,False
kunlun-k2-2001,1,345,RGI2000-v7.0-G-13-51694,1953de832d352071aca52b5103fa99ddfabd101b90d59e845c29326c4a7af454,28,False
kunlun-k2-2001,1,345,RGI2000-v7.0-G-13-52825,195e5bf3176e1f9c680ef0f3c301fa571854cdb3733d7a77bce96d74c57494f0,29,False
kunlun-k2-2001,1,345,RGI2000-v7.0-G-13-51420,1b31b3a5d9c41e39e23e5239118eedb729a22c8414f3e076bfb1211cb3349340,30,False
kunlun-k2-2001,1,345,RGI2000-v7.0-G-13-51190,1b765909089d5a326ba2fcfe1998599caa310a9e66e1814ef793b64b5df50837,31,False
kunlun-k2-2001,1,345,RGI2000-v7.0-G-13-52888,1c66b0c46085e1f376437a429eed23d93bff795fce7d3852d9b4f9f54db39a6e,32,False
kunlun-k2-2001,1,345,RGI2000-v7.0-G-13-51890,1d688457a1cb5f003fb4b2c0875713af5d9822d24560c1c7260f433c933f2d9a,33,False
kunlun-k2-2001,1,345,RGI2000-v7.0-G-13-53217,1d917084a14dd08ad52fe18e93963ecdbceb9ddbbe118fd7b1223a343e747639,34,False
kunlun-k2-2001,1,345,RGI2000-v7.0-G-13-50705,1f16f82d0fd48de54c9cb7013f9763b0c6876a263305965a0fb945fa3f2fdcf8,35,False
kunlun-k2-2001,1,345,RGI2000-v7.0-G-13-51749,1fc62a43ea56f11adb0e6165b0a2eb67baff438f9aef2fb0daea2eb744a5134b,36,False
kunlun-k2-2001,1,345,RGI2000-v7.0-G-13-52169,1fd482ba7d4d7324161eafb18b68c1d82040a6b67efdaada3ed6d68b264a11af,37,False
kunlun-k2-2001,1,345,RGI2000-v7.0-G-13-52652,2065566e839133ab38156e319efc4bef77c277a189973a67444bb8f34e45be74,38,False
kunlun-k2-2001,1,345,RGI2000-v7.0-G-13-52185,21215dbbb7eb2fb14c8e3a53768d63df1ae52f45e73e2b95c830341ef1edb49e,39,False
kunlun-k2-2001,1,345,RGI2000-v7.0-G-13-52052,218b5b2a83a2301d9a478a4ce3e431b69676fb74106fcbc06dddb5c8d6284199,40,False
kunlun-k2-2001,1,345,RGI2000-v7.0-G-13-51115,226c1e9ea23315aa0fadbf8c2e7e13b11971c531507a8a4ce0bb450454fcab49,41,False
kunlun-k2-2001,1,345,RGI2000-v7.0-G-13-51913,2610c0a38c60e5c219338f6c9e231fe8f155ac64b5930e0649c96b2e02efc5ee,42,False
kunlun-k2-2001,1,345,RGI2000-v7.0-G-13-50736,264689fc54f7ec5f4eb5b2bac4c7f43fc0fa370489a65ea6654a2064df1ec556,43,False
kunlun-k2-2001,1,345,RGI2000-v7.0-G-13-51023,26bb7754eb11d4aed38b5b8a2cdbde9293fbca99fedf30442a5fd406027f0efc,44,False
kunlun-k2-2001,1,345,RGI2000-v7.0-G-13-53094,26f748cfc69fec113e00cddf597b8e230cd138c6e2ef05505f1906d3dab04c28,45,False
kunlun-k2-2001,1,345,RGI2000-v7.0-G-13-50998,26fd93165dd5382e1f0cfc00e01d128c6a14a3e2cb9e4ae376b58e35d96a201a,46,False
kunlun-k2-2001,1,345,RGI2000-v7.0-G-13-52883,275a3069fc9acf98676081813897dc36ec1d46d153514d68303206847d2c8f44,47,False
kunlun-k2-2001,1,345,RGI2000-v7.0-G-13-52110,27e8a4a291bb5bd8db3e79378f033331204fa2adae5af9a82181fe2ba777122d,48,False
kunlun-k2-2001,1,345,RGI2000-v7.0-G-13-52898,2a02a770b75b53e1b8f3f0df288c3585e94473af1ea15092cf94e61a57b68dbb,49,False
kunlun-k2-2001,1,345,RGI2000-v7.0-G-13-52959,2b4f5f2ecf673c2827867076bb0068d9c8012566cce9d21c4519003e9105cae0,50,False
kunlun-k2-2001,1,345,RGI2000-v7.0-G-13-51451,2b7fc285e2ea390a08c475f660748f0da2771ab5b0a79235dd3a5a6773cbf25e,51,False
kunlun-k2-2001,1,345,RGI2000-v7.0-G-13-50015,2ba0f8be6d603b264226b93163655cd78f504ff59508fdd8ac5a73f6bd63b371,52,False
kunlun-k2-2001,1,345,RGI2000-v7.0-G-13-50878,2c37bff1861ac9bff482719b9188c3404348517b1e26cb6253939ce401dcddb5,53,False
kunlun-k2-2001,1,345,RGI2000-v7.0-G-13-50684,2c87bb078da00e95a3a35a72c2c45e56d3f3a8785388759d1e79742bb2a2d0b3,54,False
kunlun-k2-2001,1,345,RGI2000-v7.0-G-13-53773,2cabf798dd99dfc8402ae6225339d5a2f0ae6e217708bbd0852f7ff59418a503,55,False
kunlun-k2-2001,1,345,RGI2000-v7.0-G-13-53650,2d5f818a5d073fb3fcf15a86c257fb1a2c1974fda444c0b8b9a4a86ed2ffc684,56,False
kunlun-k2-2001,1,345,RGI2000-v7.0-G-13-52885,2d646ea9a027a7f619d67070f5754aaa63e73a048c4bbb06f5144817039863ef,57,False
kunlun-k2-2001,1,345,RGI2000-v7.0-G-13-53611,2e64e16fb5bc6048d4670238b0405e641e31b4c2e16a47a27374bd86979cecc5,58,False
kunlun-k2-2001,1,345,RGI2000-v7.0-G-13-52010,2e84c04f21d13a301bd664ad7101f842b50b066b23fa4a40382c43f1897854a9,59,False
kunlun-k2-2001,1,345,RGI2000-v7.0-G-13-52309,2eb17c3fdce1ba7e451480b828fbc4b6b60d44a6fb01a61e9504650716fa5141,60,False
kunlun-k2-2001,1,345,RGI2000-v7.0-G-13-51777,2ef35156b8e333331695223d930a61a3ac4c52ccab76d8a9471c8ba7f0e917e4,61,False
kunlun-k2-2001,1,345,RGI2000-v7.0-G-13-52148,2f10be2af4d0105369a8da8fa0c46ced9442026921ce2da4585ab6a87eeb5f15,62,False
kunlun-k2-2001,1,345,RGI2000-v7.0-G-13-50615,2f783748c52c525b3b92171e661c5ae065795f07784e228f19d203702341569f,63,False
kunlun-k2-2001,1,345,RGI2000-v7.0-G-13-53593,30475b9988f61ac4172ff51433184f0d54f2a546e236e2b3d5eff4f4c86d7582,64,False
kunlun-k2-2001,1,345,RGI2000-v7.0-G-13-50006,307a6b72488b225077bc3fe744c0a3477a8458b57ff51b3aa9be10d2375b6a08,65,False
kunlun-k2-2001,1,345,RGI2000-v7.0-G-13-51320,31a0206dc761190172254ea4dd714bbe6141449f38b524d431dac1cd17bf36c5,66,False
kunlun-k2-2001,1,345,RGI2000-v7.0-G-13-52756,31fb9b830c152771c16d0733d1faac7b368bbc78cbb363fd848d140ecf2fb0e5,67,False
kunlun-k2-2001,1,345,RGI2000-v7.0-G-13-50450,32e81c7a1010fe1cb2668e37dba73dcf0ed0b32dd862bdb4a7d1e03a441929ad,68,False
kunlun-k2-2001,1,345,RGI2000-v7.0-G-13-53219,3331b5902fadd763bb52b8073b3efb5260485547d862273bb860b4215ec12f92,69,False
kunlun-k2-2001,1,345,RGI2000-v7.0-G-13-52121,342870660c462bdfa398b4b7be6d2e79d5d80443ef06b2928bbf85b4f4fb4559,70,False
kunlun-k2-2001,1,345,RGI2000-v7.0-G-13-50559,36003a2972d1f4003450cf9a3b093832bc0fc2d9a06b1bb447f1fa2c3ddb4335,71,False
kunlun-k2-2001,1,345,RGI2000-v7.0-G-13-52818,36c41919a1d89f778497c3d98cfc922ac1296f019e49c575a5502f6882d02d7e,72,False
kunlun-k2-2001,1,345,RGI2000-v7.0-G-13-51352,38097001e2e0b2100803020252b20414e942e11951683d27da5b0968bd3e1501,73,False
kunlun-k2-2001,1,345,RGI2000-v7.0-G-13-51780,38603a618aab66172689c4c152cfbecd233392a16edcf40d84adb9c1a34397de,74,False
kunlun-k2-2001,1,345,RGI2000-v7.0-G-13-52757,3a558d1da784960ab1004135ce924cc015f86ef3ed15a5c6108bc88982a1616f,75,False
kunlun-k2-2001,1,345,RGI2000-v7.0-G-13-52058,3ab9a8f96fecf2b244e7feada5ac7f642a37eca0ba569f8a25f4104d934f9019,76,False
kunlun-k2-2001,1,345,RGI2000-v7.0-G-13-53471,3cab1dfc7cab1e80218287888a8937a2bec2122a4a1fd43ff9b0c9f3bb8a1797,77,False
kunlun-k2-2001,1,345,RGI2000-v7.0-G-13-50051,3d3b40803825c9e453dfd20a1a643a353460449914f28daad826f52e8bc4775e,78,False
kunlun-k2-2001,1,345,RGI2000-v7.0-G-13-52767,3dfba6a3f3fabdab6df95252c5739f3e02f0a54e7f1fa33748a8a5c3019e2914,79,False
kunlun-k2-2001,1,345,RGI2000-v7.0-G-13-51021,3dfe3747a5946461c7869b25b2f2ccc6512ffc7bd0aa8c984ab87683db7066d0,80,False
kunlun-k2-2001,1,345,RGI2000-v7.0-G-13-52182,3e120cb00c96945df223c5d15b8bd29a891de75298e274f5af4041c99537a8a0,81,False
kunlun-k2-2001,1,345,RGI2000-v7.0-G-13-51278,3e44f99c9ecfb411b16ed3249802c3aa04b9f56e2116d9a4399f0ebf3b27d97f,82,False
kunlun-k2-2001,1,345,RGI2000-v7.0-G-13-53028,3ed3645c9367c3b2abe1dd523c0b34e382be7892ae5c06ff820e65afc1dc9390,83,False
kunlun-k2-2001,1,345,RGI2000-v7.0-G-13-52302,3f512fd04f20e7856dfac8978d02596da5cc93f28f6d305588aec0578e68d5da,84,False
kunlun-k2-2001,1,345,RGI2000-v7.0-G-13-53038,40e12ac8b1730175f6c5b738a02c7817e9c4f901383aecd3c59541bccebd36d6,85,False
kunlun-k2-2001,1,345,RGI2000-v7.0-G-13-53025,4111443564cab15bc4eee8414998436920665e225e1b5e3d502bed35f22e1b06,86,False
kunlun-k2-2001,1,345,RGI2000-v7.0-G-13-52024,41365e6d170419b409fe68b0fd31a37714449d5fa588172d03b1713495ced801,87,False
kunlun-k2-2001,1,345,RGI2000-v7.0-G-13-52292,414b920b6ffd3c1f412d9689657aaa7ea30d0af803d24d8def1753c71b972e21,88,False
kunlun-k2-2001,1,345,RGI2000-v7.0-G-13-52238,4479a1442961fb86fe3b9832fdcf53554f69a97f00d74e0eb3b9c2ca310929c9,89,False
kunlun-k2-2001,1,345,RGI2000-v7.0-G-13-52173,478fdd496c3f28c91c8ae20b304baae316850d9cf80625e7a1318a0e907888a2,90,False
kunlun-k2-2001,1,345,RGI2000-v7.0-G-13-53024,49e082bb164ab5ba3388f2add51e33f7fcf25eefc17b0486f0a2d148231f1f45,91,False
kunlun-k2-2001,1,345,RGI2000-v7.0-G-13-51016,49e415daec30da13daf0abcda9b300cdb6d29f998a16dd212cf867f7ff44e0fd,92,False
kunlun-k2-2001,1,345,RGI2000-v7.0-G-13-52187,4bdc73b4ed80bf10204ad72286ba77407a2204baa617612e0672e7538d769dc5,93,False
kunlun-k2-2001,1,345,RGI2000-v7.0-G-13-52178,4c7c8f5ae1ed91517091177e3dc75056d114110af84a7c790f2478614132d18a,94,False
kunlun-k2-2001,1,345,RGI2000-v7.0-G-13-51776,4cedf2a46555d2976806fbdb86f02426dc62b6d91a562c42e83aa16f2ace9f58,95,False
kunlun-k2-2001,1,345,RGI2000-v7.0-G-13-53609,4db8590d2eedad931cbf720f2c95561ae67496db8ce49181eb1cf88b22733ea4,96,False
kunlun-k2-2001,1,345,RGI2000-v7.0-G-13-51697,4eaf97d4b3a9ec4450e80c5e424ec5f59143990f41bc089ebb61d2b0e7099744,97,False
kunlun-k2-2001,1,345,RGI2000-v7.0-G-13-52782,504f22ab5334b90beb624000c6f720a84483187efb7f8fedb9ee13ff548e3e5d,98,False
kunlun-k2-2001,1,345,RGI2000-v7.0-G-13-50863,50e9ad1fafb46c4d7e7d3f2f3d0c3ab53a386fa0eb1b425f1d56f1b8d52f7210,99,False
kunlun-k2-2001,1,345,RGI2000-v7.0-G-13-53096,5117f685677ef32975f379c51d04606176e7df8bd133f9dd41a59f3567be92ab,100,False
kunlun-k2-2001,1,345,RGI2000-v7.0-G-13-52176,514f9e2e44eedef8e5cc3d1433a61d81b28efb1743f138c1cc2c4dcef4a9d82a,101,False
kunlun-k2-2001,1,345,RGI2000-v7.0-G-13-51912,51b261b0129c05753a7bf02fe87b10a6654d446f25dd323745f795b625950ac3,102,False
kunlun-k2-2001,1,345,RGI2000-v7.0-G-13-53017,51d07b03416d43c64aa4104aca409697a770ca6c2432a4e4590a31ce8d0a9277,103,False
kunlun-k2-2001,1,345,RGI2000-v7.0-G-13-53589,5286665fb802d956110609fce606166b9f622db98a1e6d522689e1f3204faa45,104,False
kunlun-k2-2001,1,345,RGI2000-v7.0-G-13-53009,52d80c936435c487dec729246165c4c3d07594accded1bcb7ce232e438c6361a,105,False
kunlun-k2-2001,1,345,RGI2000-v7.0-G-13-52886,52fce7ae085be4e280ef92d4b933dcfdddfd8f1797bfaf225f89a7c2d3c5e8bb,106,False
kunlun-k2-2001,1,345,RGI2000-v7.0-G-13-52776,540af9f22ccd324db9b0ba555505db38ecfac7d2e4d3bb9ccc3be957a755d8fb,107,False
kunlun-k2-2001,1,345,RGI2000-v7.0-G-13-53237,5418557a49eaf40e1f77806cc8161d78a5a3d2ec9ca6ed6a7df6bed901243da2,108,False
kunlun-k2-2001,1,345,RGI2000-v7.0-G-13-52168,54735f7979d7438061a2c2a179d21cb202251a91e296323b06e71d18c6922992,109,False
kunlun-k2-2001,1,345,RGI2000-v7.0-G-13-53477,54f67995c8e556151e517d44177efd77f76b4e778b2e36b1b72a2b525b8e9418,110,False
kunlun-k2-2001,1,345,RGI2000-v7.0-G-13-52931,56bcf6e2f1b1874c1a1fced5eb3453486768c06519054e0507936b2b2fe10529,111,False
kunlun-k2-2001,1,345,RGI2000-v7.0-G-13-52190,56e08257efe857a3a3fcd7f2f94977350b3da232ff2f516dfcc3ae29d42b070e,112,False
kunlun-k2-2001,1,345,RGI2000-v7.0-G-13-52830,585225870f4590fd0f18c89dd8292ba23b1af5392125ddfe836fa5a082970d5e,113,False
kunlun-k2-2001,1,345,RGI2000-v7.0-G-13-53050,5871f7f4a5f827aba267d85a2467d98e30177579cca4f5d35dfaac1b098768b3,114,False
kunlun-k2-2001,1,345,RGI2000-v7.0-G-13-52682,58b4a7bfc31574ec1b56f8f0cf122a809086e6ba4756c0c0b7e8efd23978c428,115,False
kunlun-k2-2001,1,345,RGI2000-v7.0-G-13-52975,5be6276a44dd4a0cf277078a8930ea8a9f7b79d395f76ef9c021922bfa6d2972,116,False
kunlun-k2-2001,1,345,RGI2000-v7.0-G-13-51488,5c145b5d4ab7b9cb1ac215f9c7390a99615e06ae4d34e86c578a5dbb3e86da3a,117,False
kunlun-k2-2001,1,345,RGI2000-v7.0-G-13-51020,5ce40f04fa7976a64d596ddb65f4fb6c408b2413aab98bffdbc83c299562d512,118,False
kunlun-k2-2001,1,345,RGI2000-v7.0-G-13-51689,5d3bea9afe59bc1d664f3fbfbbac266101970e06a62cc77b35fb6f1218660f68,119,False
kunlun-k2-2001,1,345,RGI2000-v7.0-G-13-53513,60259cc7319ff4e9ee75d3bebd5cf2a41b645d7993a4fdf12306086b92803f87,120,False
kunlun-k2-2001,1,345,RGI2000-v7.0-G-13-50865,60343555c5d8276d60676b570d4669beabb78f38e1c44e526d27d8decd8ce81f,121,False
kunlun-k2-2001,1,345,RGI2000-v7.0-G-13-52215,62bab5c70bdce1122fc97317a92f0391ba76318a82cf14441965abb17ad743a0,122,False
kunlun-k2-2001,1,345,RGI2000-v7.0-G-13-52184,62c007c0c5e54a8ecc695ad71711fd918f8f5a0b329ac167dccf2e260794cc54,123,False
kunlun-k2-2001,1,345,RGI2000-v7.0-G-13-50612,6336fbbff92dcb7ad13530ff0621c77eed4dccc583df8207032b61abcbff52bb,124,False
kunlun-k2-2001,1,345,RGI2000-v7.0-G-13-51440,63c756a51fd7891e85c83ccd6f11fed671eb6bc45528bde13a913c620c83ada5,125,False
kunlun-k2-2001,1,345,RGI2000-v7.0-G-13-52960,64ce594265468b564f9edd29335ef8077eb59968feea410b0e1339dfc2af66ba,126,False
kunlun-k2-2001,1,345,RGI2000-v7.0-G-13-51693,651c547bb6b46b5df4c92f796e36a5ecd452ba626892833281b759cfdb26404c,127,False
kunlun-k2-2001,1,345,RGI2000-v7.0-G-13-51273,65784a3e84b1ae3aab946ac31947db8ab614a59805f7b10500b32919ce2eeda9,128,False
kunlun-k2-2001,1,345,RGI2000-v7.0-G-13-53037,65e30ec07beb542c722a1f9c5a25e0cb708ca74157aabc4d7ac682f55f7fc8b3,129,False
kunlun-k2-2001,1,345,RGI2000-v7.0-G-13-51783,66246b355b54c290890a9d7467a328921d3d3ebf121c526e0b14ebab909e8a28,130,False
kunlun-k2-2001,1,345,RGI2000-v7.0-G-13-53638,669828feb62e7901614b568b1590f49bb648d018d161c4748019f67b569e1540,131,False
kunlun-k2-2001,1,345,RGI2000-v7.0-G-13-53625,66c97712f55f9a256f861cc4c963d26c7d1367d6c23e4adbf4b00ea60bcffd3a,132,False
kunlun-k2-2001,1,345,RGI2000-v7.0-G-13-51673,68802d3ce2a8fe62c425045a4148502c19f21242bd4fbe05685cdb84e0fe4d98,133,False
kunlun-k2-2001,1,345,RGI2000-v7.0-G-13-52926,68abcbd2c26c79f36c28ba74d2b65a08d8f1b013206c2333ade1e1e9e5bf4831,134,False
kunlun-k2-2001,1,345,RGI2000-v7.0-G-13-53095,69341172bd2fe8bec15ff4d07516e95c10c8d3757fb219b97b077849f4a39fee,135,False
kunlun-k2-2001,1,345,RGI2000-v7.0-G-13-52831,69ae6aa9c086d0f339b815fb83f9680e499fee9f293f9bb5527a5a3ed5f8ebe0,136,False
kunlun-k2-2001,1,345,RGI2000-v7.0-G-13-51784,6a4c9362ff13d97e35fffe39535e1b8cc8bb50b9a562590d88479b70f513a733,137,False
kunlun-k2-2001,1,345,RGI2000-v7.0-G-13-52139,6b998b2144d60235e70a5ad34e36973bc88d42d8ecc41a2c12bba3c97d427927,138,False
kunlun-k2-2001,1,345,RGI2000-v7.0-G-13-52817,6bdcd02945d2a52f959405054ce18c329a3fec09692fd73c38a5f6fbbd38f646,139,False
kunlun-k2-2001,1,345,RGI2000-v7.0-G-13-50026,6d1fc1efea4689331766660dc0a28bde873d15286fb65bea0e1ccb067a12a8c6,140,False
kunlun-k2-2001,1,345,RGI2000-v7.0-G-13-50609,6d9f4761e7897bda047a0ddaea9306ced50164a698358d28237a0f8b78e9b665,141,False
kunlun-k2-2001,1,345,RGI2000-v7.0-G-13-52819,6de7eaed45f21ff57d109fe078b7dac0508f27976f7c202dace79ec6335307f5,142,False
kunlun-k2-2001,1,345,RGI2000-v7.0-G-13-52826,6fbce9c0174070c2dba95661f511839b21ef86c79ebf685f612e371e9e5d04d6,143,False
kunlun-k2-2001,1,345,RGI2000-v7.0-G-13-52042,6fe3140daea4c1b7f04607e51e752c6bda32e2bc395177c66f6656c32c91ee6c,144,False
kunlun-k2-2001,1,345,RGI2000-v7.0-G-13-52664,700f39998cc8c9e64a7dea18832a3949d2fe40d853617bba6d625b35e5b40f4b,145,False
kunlun-k2-2001,1,345,RGI2000-v7.0-G-13-53010,70608b921310be81c139f5d6c2944b65e8935551cca84af89f91eea421063c0d,146,False
kunlun-k2-2001,1,345,RGI2000-v7.0-G-13-52879,7086f7556d162ab5918df0b02e5043d74923d636cd46c2166dfac55db10239f6,147,False
kunlun-k2-2001,1,345,RGI2000-v7.0-G-13-53235,719c26b968ce4e0645d16a512d1344a30fb42b4c19a3d0a5233c0ee5b2130daa,148,False
kunlun-k2-2001,1,345,RGI2000-v7.0-G-13-52149,7209cf98cf756d3c918cb3bc0605a219f0891a758f8912b52bb26157d55a7030,149,False
kunlun-k2-2001,1,345,RGI2000-v7.0-G-13-51332,7351dc3a1960730bc205a3223b6a4f535e1f198cdf80e87936dcc4303c73b88f,150,False
kunlun-k2-2001,1,345,RGI2000-v7.0-G-13-52772,7425340e722f2c1dc8ba962537ea048847523b0d4c23edb448d8a08862bf1ab9,151,False
kunlun-k2-2001,1,345,RGI2000-v7.0-G-13-51896,7453e1adb5ece07ea4edf623a6a1a12c8e8f036fdbf4be5b69f321695a475ee4,152,False
kunlun-k2-2001,1,345,RGI2000-v7.0-G-13-53026,74a5b9f6c7b35976d8fcb06337c2dd556ab214d492b6477cbd214a01192f741e,153,False
kunlun-k2-2001,1,345,RGI2000-v7.0-G-13-53106,750a49b38dbd2f424b6171e7a701532cb6b5f47a2312748cffa9c6e74c75505b,154,False
kunlun-k2-2001,1,345,RGI2000-v7.0-G-13-51334,75b7c23c3a12ea2e52e5055988ced33bcfb408228e9d25c17b856559af542245,155,False
kunlun-k2-2001,1,345,RGI2000-v7.0-G-13-52059,7681f3acf943b074d7fc49dcc89bd0e37ee98c544c0a623878de7a1ca592888c,156,False
kunlun-k2-2001,1,345,RGI2000-v7.0-G-13-52684,77137c7f23743e983089d593a4a3e536ae212babb035fa9b53eb0dfac6daba5b,157,False
kunlun-k2-2001,1,345,RGI2000-v7.0-G-13-52891,77ed39755bb74c6268faf8c55950a87d5e3b84c2fbbc6e83f7b7a2072bf34d7d,158,False
kunlun-k2-2001,1,345,RGI2000-v7.0-G-13-53771,7b24c3f2b6f43d3f85d5a609ba230537b3fca0cc123397c6b7c652f58da14836,159,False
kunlun-k2-2001,1,345,RGI2000-v7.0-G-13-51894,7b533749b284622903cc5c4978089f74214dbf069fb44b1c5502e3646e483272,160,False
kunlun-k2-2001,1,345,RGI2000-v7.0-G-13-53085,7c57917f44d0b468ec47b66e418b05d583686d300dbe01fc82e910cfb5f964bd,161,False
kunlun-k2-2001,1,345,RGI2000-v7.0-G-13-50584,7cf1f5bb369dc0aaab7d199550c3ee2ee59d5bc43ef48545c3d23410e204846e,162,False
kunlun-k2-2001,1,345,RGI2000-v7.0-G-13-50384,7d5a909d5a7d65e473c6b9c40aeeca65cb010feee6dd997d3314c9d21e072a0d,163,False
kunlun-k2-2001,1,345,RGI2000-v7.0-G-13-51010,7f1e181b4f740040519f067c46ba679f858d334d28e4a0ae8b581c984d6db902,164,False
kunlun-k2-2001,1,345,RGI2000-v7.0-G-13-52663,7f9c906e20d45e7f6aee0faf1baf40cfd258ae2f0be5b62fe2efc1035307a5e8,165,False
kunlun-k2-2001,1,345,RGI2000-v7.0-G-13-52768,8206383e4274f6ec1cb78c7b405f88b71f3685239d429be4a1e01ce818baa9f2,166,False
kunlun-k2-2001,1,345,RGI2000-v7.0-G-13-50608,826ac3fce432a057f5593c22059d44cd40bd36e4ec17bc7991e9a2674b4fabac,167,False
kunlun-k2-2001,1,345,RGI2000-v7.0-G-13-51437,8559f4ffeb3a697fc086e5253458545b77d80f643ad115f2757b994670755d3f,168,False
kunlun-k2-2001,1,345,RGI2000-v7.0-G-13-51226,85ef051bfab94633543e2571268d87175e23a9abcf8ed0e49fa8ff2463568d33,169,False
kunlun-k2-2001,1,345,RGI2000-v7.0-G-13-51723,866a6c7e34d567af206809d5275c8b38bf9c99d4df6f6efc633839ab383ac1e7,170,False
kunlun-k2-2001,1,345,RGI2000-v7.0-G-13-50028,8672d832bfcf0b709b563556ca6e387895bf839a5559903b078fbd7ea9ce9480,171,False
kunlun-k2-2001,1,345,RGI2000-v7.0-G-13-52310,869c3846d4854316237724e9b1c1ec78c4d0dbf3c9d18e505a19a00fc7be3b48,172,False
kunlun-k2-2001,1,345,RGI2000-v7.0-G-13-52781,884357cb6a44492b4d9cc9274edd77135ea081f13d7fcee88f8cca6a9b17199b,173,False
kunlun-k2-2001,1,345,RGI2000-v7.0-G-13-51904,88cbba2e5199490decb43dd43295e548b838608650d8043b00b07256b7c8868d,174,False
kunlun-k2-2001,1,345,RGI2000-v7.0-G-13-51227,8937e1e0e406e54e96321d6ce1dc27dfecada22bd6c62f988a5c142e703628b3,175,False
kunlun-k2-2001,1,345,RGI2000-v7.0-G-13-53164,89fa47a02248a602233f56fdc52b0e372195097dcf17823530e743306f5f70a5,176,False
kunlun-k2-2001,1,345,RGI2000-v7.0-G-13-52241,8a0b04eb9a0f4a44f908ae95f1a10b561d190eb1fb589c480bddb07b94d5399b,177,False
kunlun-k2-2001,1,345,RGI2000-v7.0-G-13-52231,8cf711b0cd63276b0698a5844548f020803a41675d57736c8a7322c59b351ce8,178,False
kunlun-k2-2001,1,345,RGI2000-v7.0-G-13-53775,8cfeb2e10e3a3f045fdb7290b3889a82ef6e8b575048f8ad911624796c552f65,179,False
kunlun-k2-2001,1,345,RGI2000-v7.0-G-13-53068,8e23a4090ef23cc1825f40ab89228e19c7ecaa118f29ac05e3f1c807215ebd29,180,False
kunlun-k2-2001,1,345,RGI2000-v7.0-G-13-51901,8e2be107577f47c13185278981264253d24130f5f8a97fd494b0afe7d9152294,181,False
kunlun-k2-2001,1,345,RGI2000-v7.0-G-13-52978,8ec03ccfe637eec49de78cde43131638fbc45d19507d7b5fdbd3d97d72733ed6,182,False
kunlun-k2-2001,1,345,RGI2000-v7.0-G-13-52056,90b39b82834fc5b0a186f9b89ca11297cd7bbca6734dc65fc4c51dc4b2e76ffb,183,False
kunlun-k2-2001,1,345,RGI2000-v7.0-G-13-50025,90f3645bcbc382cc1e7c3e9e036725e4bc2758bb705deddd4cb387e514e413b1,184,False
kunlun-k2-2001,1,345,RGI2000-v7.0-G-13-50861,910cc13d77b2a92cd13f95163d2061a8dbbb15de6b26127e109b5ca9a8e0ef73,185,False
kunlun-k2-2001,1,345,RGI2000-v7.0-G-13-52226,91b3b00ca97868b77cf08538a1a57d1d4962c36bb04c1ada335a5764abea6052,186,False
kunlun-k2-2001,1,345,RGI2000-v7.0-G-13-53070,934998b134c79410891e4d96378c3006f6123be329d9b1499ff46d7b426cdf99,187,False
kunlun-k2-2001,1,345,RGI2000-v7.0-G-13-51729,95827f03c18dea8445ba2c09d1238f613538567444382b4e1af7f2254a1ac302,188,False
kunlun-k2-2001,1,345,RGI2000-v7.0-G-13-50867,960ae1ff4020ed29c0cd86c9698420b20f883bb448e28745784c50823ff0d4f6,189,False
kunlun-k2-2001,1,345,RGI2000-v7.0-G-13-51450,96116d398607cb622dbba7a1f10c43d2a735bd2689aca6a4adc510b878f110fb,190,False
kunlun-k2-2001,1,345,RGI2000-v7.0-G-13-51369,963588c5ad32a31050fe044543261553e295592cbced3a36cf0f8027c55b36a0,191,False
kunlun-k2-2001,1,345,RGI2000-v7.0-G-13-51696,967eca24e610f25f43af3c0c38a17120859e43f137eb988bf13dfcc48a59d5ba,192,False
kunlun-k2-2001,1,345,RGI2000-v7.0-G-13-53587,96de8603879594ac636ad1c3d363e800deb52ef7be64b2dedb511d64b8623485,193,False
kunlun-k2-2001,1,345,RGI2000-v7.0-G-13-52973,97a17ed17b08f1fed4bb5b2942c17f23e38292b283b9bee5c1a0ffbc635f194a,194,False
kunlun-k2-2001,1,345,RGI2000-v7.0-G-13-53472,97a9c424f596ec4072fde2f8bfcb5b1f6876ed97b69edfdb33ab57da2ceeb731,195,False
kunlun-k2-2001,1,345,RGI2000-v7.0-G-13-50796,97d1983fd981ff40ad96d993f0a114b64cc17b589ceaec37f3a2a7dcfdd5288c,196,False
kunlun-k2-2001,1,345,RGI2000-v7.0-G-13-52295,97f4e3a615e007c03e4cb6e24924a0eab9741d2c77f9ff18757dc167875f5571,197,False
kunlun-k2-2001,1,345,RGI2000-v7.0-G-13-52880,9810eea777b342d9c6854e0e073a0bb0b4de1d1f02230867c1cea80ad49a0cdc,198,False
kunlun-k2-2001,1,345,RGI2000-v7.0-G-13-51861,9834895150b2cab3dbec1d55152a5324a074609860930f7430e75488bd4d07ae,199,False
kunlun-k2-2001,1,345,RGI2000-v7.0-G-13-53591,9849001db74b67d8d0937cfafa95ff41da763e6b55fbdcc8ee0e0deb34f9c013,200,False
kunlun-k2-2001,1,345,RGI2000-v7.0-G-13-52283,987080b4fd5fab21dd050509bd65b52d43da236fcbda392eb715423bd2eb42d2,201,False
kunlun-k2-2001,1,345,RGI2000-v7.0-G-13-53163,98b7caccd91da15bb5214c7eef8c04a1ba2f6f077282e1e0f8a967fe75e08182,202,False
kunlun-k2-2001,1,345,RGI2000-v7.0-G-13-52829,99779898584a372c00c4573e00e0a85a1ea82b91129d5a965247623689eeb173,203,False
kunlun-k2-2001,1,345,RGI2000-v7.0-G-13-52208,9ada39ae69c774c737c1d771cb6fda7b0280ab78ef95a6fe3f2353552d6e90ab,204,False
kunlun-k2-2001,1,345,RGI2000-v7.0-G-13-52821,9b6928930fb228a0d0ddf81bce703c41a95b51d81a566ab1c63b4006c2c1092f,205,False
kunlun-k2-2001,1,345,RGI2000-v7.0-G-13-52189,9cb39a6d1caa9e0caf719b3773d27b01587587f07838d969a9e8ddaf740693e8,206,False
kunlun-k2-2001,1,345,RGI2000-v7.0-G-13-53586,9cbd1781869367945f991d1d4653b914e5b2202e7acc6b697dfabba0556a8c6b,207,False
kunlun-k2-2001,1,345,RGI2000-v7.0-G-13-51898,9e077c93095e65be927516f3247d84f262aecb7d33e6d1812ad5290e201bf159,208,False
kunlun-k2-2001,1,345,RGI2000-v7.0-G-13-53624,9e9e54e7dd65b8990b1e010bea55b7d672f01d496dfaefd4c976f7a9b4d5bb33,209,False
kunlun-k2-2001,1,345,RGI2000-v7.0-G-13-53040,a039144acfd71699482fc6b201ed627ddc9be72e4423eb8f70fb899016f3c4e0,210,False
kunlun-k2-2001,1,345,RGI2000-v7.0-G-13-52774,a0d1f1347e745539577c12a050da00ab24b93dbdce995f665bb1ecfc1fae2051,211,False
kunlun-k2-2001,1,345,RGI2000-v7.0-G-13-52925,a1bf71dde7ca595c26fa933cef0f782ab6419326f243c86782229f33faaee36f,212,False
kunlun-k2-2001,1,345,RGI2000-v7.0-G-13-51671,a21650c704573d835bee5cfe56113d1e95b7cb058c8d99097674066905f4a2ed,213,False
kunlun-k2-2001,1,345,RGI2000-v7.0-G-13-52240,a28b07ddd9cb7023524eee980ef128673037786abd4f205703077a7b1222379f,214,False
kunlun-k2-2001,1,345,RGI2000-v7.0-G-13-52824,a2b59d6d4199b4f92d8d9691078fe30b9be78122afbc5fa536f3682fed71e4b8,215,False
kunlun-k2-2001,1,345,RGI2000-v7.0-G-13-52166,a310f6cbf03478a014296705a3795e2326d3e2f5c104b2c0ebb04c0b387b5fe2,216,False
kunlun-k2-2001,1,345,RGI2000-v7.0-G-13-53012,a44963b783a2e9684f832ad3ef82345fd305e36acb7ac42c120d46de5297f726,217,False
kunlun-k2-2001,1,345,RGI2000-v7.0-G-13-53027,a614ee6659eac31813e41f6bb903500dcc27ad5003c75c1cbfa30b2e7b6aad0f,218,False
kunlun-k2-2001,1,345,RGI2000-v7.0-G-13-52967,a71945234222b3eb4cea4dc28d4e284417ed5cc1bec81d749e2e3208f63a40f6,219,False
kunlun-k2-2001,1,345,RGI2000-v7.0-G-13-51954,a8b799c051fff80f7ad781060e74def11db77b54bca69edb32bb00acc289e2d4,220,False
kunlun-k2-2001,1,345,RGI2000-v7.0-G-13-52237,a8dfd3d211caf7709b8e019bc87181ad3ebae5c6d8d993624fca7b7427516b85,221,False
kunlun-k2-2001,1,345,RGI2000-v7.0-G-13-50560,a8fd4c6d9dff128fa62830943f47d0bedf702f6bb6d29d2f3efa1c227f541d19,222,False
kunlun-k2-2001,1,345,RGI2000-v7.0-G-13-52884,a9ce81b103343af1875eaa602cec016f9a31649f288f3ba17adbf7788eba48fd,223,False
kunlun-k2-2001,1,345,RGI2000-v7.0-G-13-52961,aacac0b103edc377330791e134bccfcb694b26de89216dddec1217fa5c257716,224,False
kunlun-k2-2001,1,345,RGI2000-v7.0-G-13-51731,aaf84ffd916dc9e988976f92ebf028ec48deaeea4c3efacf157ec5921408c171,225,False
kunlun-k2-2001,1,345,RGI2000-v7.0-G-13-53081,ab29c2f03012ac1de9b39e9bbeccd86a13762f69da16e1d2ed6d9be9f6e96c66,226,False
kunlun-k2-2001,1,345,RGI2000-v7.0-G-13-52773,ab6093396eda486501a56845f7cf7491aa56178e5863d2e4cd4b03a8e917589c,227,False
kunlun-k2-2001,1,345,RGI2000-v7.0-G-13-51225,abbc915394e3bc7a6eec4c93e27bd0d9176a805a1a7abc33202ef6db05075d2b,228,False
kunlun-k2-2001,1,345,RGI2000-v7.0-G-13-52820,accfce86cfd34dc3600e48f62be5f802edeae789c8c8c925bc201c2f58f0d50a,229,False
kunlun-k2-2001,1,345,RGI2000-v7.0-G-13-52039,ace0e14a217a3f6ef5f16a2af8be22fabd657b23f35f0d65664c67a6ff81f44f,230,False
kunlun-k2-2001,1,345,RGI2000-v7.0-G-13-53218,ad744542e12d64d615cd42e08b42b3fb4d405aed5310fee9e1e9336d6eae4c26,231,False
kunlun-k2-2001,1,345,RGI2000-v7.0-G-13-53115,ad7884d22600ac57e7d7915dfd7c039b2d9b75824f1dcc27e6d8a6dfc6485aab,232,False
kunlun-k2-2001,1,345,RGI2000-v7.0-G-13-50022,afa0be72d5a6b833d38a19852c3bb06ad444fa098bda7f65ffc00918580e76fb,233,False
kunlun-k2-2001,1,345,RGI2000-v7.0-G-13-53003,afa4f4245cf6edcb640cdc761322cdf0c5f271545f847b207c6ab987ef5a2611,234,False
kunlun-k2-2001,1,345,RGI2000-v7.0-G-13-53608,afa58851db1cb0fee8b4ddbd7c65b4fa1f6936de00dfa730d388f78d48db405a,235,False
kunlun-k2-2001,1,345,RGI2000-v7.0-G-13-53045,b04a318131ee41e0a4d9f643ee69d54794d6bc77347872707db704a1e1c310c4,236,False
kunlun-k2-2001,1,345,RGI2000-v7.0-G-13-52778,b08ba51e08baba5f3c1f301524280069fc5a4d9d7ea150b1c571abc1e6892a63,237,False
kunlun-k2-2001,1,345,RGI2000-v7.0-G-13-50392,b0ba2e7067bef58667ab7536fe3590976ba92da8b3481f23074bafc37f91e6f4,238,False
kunlun-k2-2001,1,345,RGI2000-v7.0-G-13-52171,b251977cf6b467445f3071eed20432af6940b0c10d0f6ecf0a802cfa27653a61,239,False
kunlun-k2-2001,1,345,RGI2000-v7.0-G-13-52473,b2700148431117b513133e8af8d61d938e00bc054bda09eaf360d8f6b1aa0987,240,False
kunlun-k2-2001,1,345,RGI2000-v7.0-G-13-52881,b2c87c38d359b5c228a171ef4b4a535bb46fc38b2e31802e212dba71244d811b,241,False
kunlun-k2-2001,1,345,RGI2000-v7.0-G-13-52765,b341ec5f2715124341e08453e826931579d948d57e53709c4e8463c2cd6753a7,242,False
kunlun-k2-2001,1,345,RGI2000-v7.0-G-13-53653,b3a9e997f7c3db3d47cb16abda23c49567e89160ec8d3a6e07ee606a330cd604,243,False
kunlun-k2-2001,1,345,RGI2000-v7.0-G-13-51887,b53704c9c063482a12683ad12761ddb58fe5a0d83a082ebef89006e0534be03b,244,False
kunlun-k2-2001,1,345,RGI2000-v7.0-G-13-52242,b5691aba36fa98eae3b5aa7f043f19287050980ad4e35bc1987bd312dc388028,245,False
kunlun-k2-2001,1,345,RGI2000-v7.0-G-13-53507,b5dc35db9099ee519d13535722c7c7c7a375f6e57defcc29862df92cb02851ab,246,False
kunlun-k2-2001,1,345,RGI2000-v7.0-G-13-53511,b6403622335836d9820419767877740218a6babc4d6ca0eb87d58227d399b2bd,247,False
kunlun-k2-2001,1,345,RGI2000-v7.0-G-13-52044,b6929c400c9aae3cdd755b0cf32538549ce014acf0303837f23405c882b9bdfb,248,False
kunlun-k2-2001,1,345,RGI2000-v7.0-G-13-53651,b6a96c965f300b286abf4f4f039299d5843df32b95257d88a83e5d7527cd01f8,249,False
kunlun-k2-2001,1,345,RGI2000-v7.0-G-13-50607,b6f7a46c7f241d5203c444437098bcb8b5fddec0cd529a0189858ca46237b099,250,False
kunlun-k2-2001,1,345,RGI2000-v7.0-G-13-51695,b7c0936f69e899d0152dd3e8e1fd864226f634101fd2ce7c75f594dcf42a0b2a,251,False
kunlun-k2-2001,1,345,RGI2000-v7.0-G-13-52930,b7d91f0ebcfefe59b056024a037a35112c790438421bf05fd32137fc0ac3c528,252,False
kunlun-k2-2001,1,345,RGI2000-v7.0-G-13-53590,b7e326a131d49b71ccd641bb3436f814006d2ffea77b4a7bf0150fe3840232ef,253,False
kunlun-k2-2001,1,345,RGI2000-v7.0-G-13-50024,b80831e939fdd6d8e8556fe804f65c9f6573f576b9a50af8bf0c87d5d9c9fe49,254,False
kunlun-k2-2001,1,345,RGI2000-v7.0-G-13-51280,b8f43ad64a2a568e0e5e1b99bd0096e0c52807fd2007fa26f8432d2b35d4b1e2,255,False
kunlun-k2-2001,1,345,RGI2000-v7.0-G-13-52107,ba1d631a1d80b2b8fcc1998dbbec4e6975cafa6c3c09c5b6f138de3fa51fe67e,256,False
kunlun-k2-2001,1,345,RGI2000-v7.0-G-13-51709,ba2aad800bb81b7c6fd8c559d89252e60a117cb32832258f44ba9c2f3fe347eb,257,False
kunlun-k2-2001,1,345,RGI2000-v7.0-G-13-52161,ba7836e0ba2002617b4f1e5c2d8e9e32388ac18189d1c86df8924c9c3a3d38f4,258,False
kunlun-k2-2001,1,345,RGI2000-v7.0-G-13-53004,bba53ffbc7ade0dcc9df35933373e1c805dd12aec9652cba974770571c99a93d,259,False
kunlun-k2-2001,1,345,RGI2000-v7.0-G-13-52769,bbe42bbdc8b23092340737c82e8772cd4690839adf19c7fcb7838860d4774119,260,False
kunlun-k2-2001,1,345,RGI2000-v7.0-G-13-50027,bc9fa52f1644ee6e6c3ed6ed2312d43843d52488c0b5779458b9d33b16f454b9,261,False
kunlun-k2-2001,1,345,RGI2000-v7.0-G-13-52770,bd29b21dbd606da457d65c837c2891fe9beb56e22e735f84fb25c2947ddd9a68,262,False
kunlun-k2-2001,1,345,RGI2000-v7.0-G-13-50907,bd4ea60362f271b7adcb853771f3a7afa42c6502308b6f585f549c8c425a45e1,263,False
kunlun-k2-2001,1,345,RGI2000-v7.0-G-13-53569,c0775446d651ed5fc7bde21ca576e0178dffc35f6a81d94ea8a2a91427cb211e,264,False
kunlun-k2-2001,1,345,RGI2000-v7.0-G-13-50683,c15063f528d5d9455d9201137b9d90514d98d4c0da3bec985e077c8d28785874,265,False
kunlun-k2-2001,1,345,RGI2000-v7.0-G-13-53066,c1678893fc3c17085a11037ca8f54bba0c3b2770fc1ccef103b484fc443a6b71,266,False
kunlun-k2-2001,1,345,RGI2000-v7.0-G-13-51862,c3d5fea1cf38001f1cde714bbb72424c940688e3902576077e80c291d0306e11,267,False
kunlun-k2-2001,1,345,RGI2000-v7.0-G-13-51351,c404c35cb878110776e589f2f200d4b6f0e21c906be063e95ea475d88fa7eb3d,268,False
kunlun-k2-2001,1,345,RGI2000-v7.0-G-13-52108,c433f69357f0771abc77c768d2391011382e715b37c858988907e988067ff003,269,False
kunlun-k2-2001,1,345,RGI2000-v7.0-G-13-51281,c48d6680f946c3c646fb260301632a5dec5b75417f2ad03613231be36b202163,270,False
kunlun-k2-2001,1,345,RGI2000-v7.0-G-13-52976,c4945066e362c256208a4bd628e9a7a9aa14684dd7ad26fc965218bb9af4e8e8,271,False
kunlun-k2-2001,1,345,RGI2000-v7.0-G-13-53271,c49f8d74759fe68d27408228f80dcd9edc938eefed6784fd16cad7a148971611,272,False
kunlun-k2-2001,1,345,RGI2000-v7.0-G-13-52236,c54f0f87ae82cb5402efa6ff1bfc1a70993432740d287133ceabcab3758834b6,273,False
kunlun-k2-2001,1,345,RGI2000-v7.0-G-13-52958,c55e6b50dc0b832988c921e55c6db15a27ccba6cabe787122f82b0967ca7ca7f,274,False
kunlun-k2-2001,1,345,RGI2000-v7.0-G-13-50860,c64c5d549a7a2c68210d667307a2d9f409e705516a23aaedcec6dcffb649d511,275,False
kunlun-k2-2001,1,345,RGI2000-v7.0-G-13-53555,c748677fc95fd1244f4273fceb93550cfa2a8f0a9ead5f5288d4f6fbfa4bd183,276,False
kunlun-k2-2001,1,345,RGI2000-v7.0-G-13-53304,c840c17952e96b3c1c8655f7185f9858c7584045e064f7e7a46e1511339c7898,277,False
kunlun-k2-2001,1,345,RGI2000-v7.0-G-13-53108,c953a3f3f10c8db8cb5c72aea4ed2b4c540c65d168da521f6d4a91d12bb8c472,278,False
kunlun-k2-2001,1,345,RGI2000-v7.0-G-13-51706,ca9ca5697246f724eecf36fccbd82df3acc6b2411df53d2ef9f9316215bec8a0,279,False
kunlun-k2-2001,1,345,RGI2000-v7.0-G-13-53016,ccb10fbeab1249e3212691a167b29cf6760696a0e24eab9fcad2a41161ad03ce,280,False
kunlun-k2-2001,1,345,RGI2000-v7.0-G-13-52671,ccde0ce3cf1b39f28c5e061b4f3f6f86b0ee0f8fa14a547b73e3d950c6eb6698,281,False
kunlun-k2-2001,1,345,RGI2000-v7.0-G-13-52690,cd2f2f5da78d31bf0846e4b62649c906de63caef23e31683daaa26095bde4d6f,282,False
kunlun-k2-2001,1,345,RGI2000-v7.0-G-13-52777,cd3d60ebc2f0fadedc607a1eaf9f8d65e278e96d3eaaa2afa56687f15868afc8,283,False
kunlun-k2-2001,1,345,RGI2000-v7.0-G-13-52191,d0608a734e0aedba7855d375369ba6d3870a4c63cd9c67a3b2e57f269e3107c6,284,False
kunlun-k2-2001,1,345,RGI2000-v7.0-G-13-53049,d0e2c1f4fc9beb4b083500964bb186a56450912ab917e75a3edd11f351c40ad1,285,False
kunlun-k2-2001,1,345,RGI2000-v7.0-G-13-53475,d0f72e4dc2de6234742c450cff0082a2d9bf3613e7cbbb06ff786b28c12894ff,286,False
kunlun-k2-2001,1,345,RGI2000-v7.0-G-13-52999,d0f80bb309042bb6525e0b46bca930ba6ddc709683c485cf6e6ca6e2e2bba36d,287,False
kunlun-k2-2001,1,345,RGI2000-v7.0-G-13-53011,d25ba848fb422c73eabe8b37c044df840b3c4db42d9e241c7e76dd4f85ae8d2c,288,False
kunlun-k2-2001,1,345,RGI2000-v7.0-G-13-52979,d2755a003a420c60d9e4c9879d8dcaa61bf51a504e1d074d2e046975929530e2,289,False
kunlun-k2-2001,1,345,RGI2000-v7.0-G-13-50611,d37b32b410bd371f03a7f021af01bf6b87cf94e5e5106e3b17c21d7731470366,290,False
kunlun-k2-2001,1,345,RGI2000-v7.0-G-13-51272,d41a49cb25ebd6e44e544df2597f851bbe5b8c2f67934a02a883d38b06691902,291,False
kunlun-k2-2001,1,345,RGI2000-v7.0-G-13-49945,d4c007505b0fcd51afd8d208cc17e6e96f5e82b422c2a10f3f5d7af95084167e,292,False
kunlun-k2-2001,1,345,RGI2000-v7.0-G-13-50581,d65595f3ed8e799b48c3292029b87dceac999e5cd1f8731cd225e040a3dd1af5,293,False
kunlun-k2-2001,1,345,RGI2000-v7.0-G-13-51022,d6f579ab4c6c8f67532c18ad65f5aed57949394981ff2c633369ef8a8fdc43e9,294,False
kunlun-k2-2001,1,345,RGI2000-v7.0-G-13-51793,d7f6b02ca5123a2b33dfde0b14d7ff0621cc7ff705bedd35fc598be199751914,295,False
kunlun-k2-2001,1,345,RGI2000-v7.0-G-13-51229,d905ae3d154cdc59261bb416d7312a32b0c6967c0795a3f8da0eb1c31da53949,296,False
kunlun-k2-2001,1,345,RGI2000-v7.0-G-13-51319,d92d827dfd2b6626442340fbf030f1e06e44b1f15c5f72ebb4ed98a947150682,297,False
kunlun-k2-2001,1,345,RGI2000-v7.0-G-13-51009,db377a282eb0c3a1d3a5e9ae40b50c41ae4a556d16397986711262955a40dadd,298,False
kunlun-k2-2001,1,345,RGI2000-v7.0-G-13-53571,db47fc9454ea846033503de2c33302076176cea728e48cb4b857ee04fcd85ee5,299,False
kunlun-k2-2001,1,345,RGI2000-v7.0-G-13-50641,dbd592a367e21480b090e25b41d7e14f65d8089a565f8c854ad346e623e29b41,300,False
kunlun-k2-2001,1,345,RGI2000-v7.0-G-13-51282,dd8e5587f1a4ceec4f3c5f9afa12680a4c6475c5023bf2a3b8203ffe1d0b0575,301,False
kunlun-k2-2001,1,345,RGI2000-v7.0-G-13-52827,dee9ed782f026ea6b3c9745d6993b1e1edd21d2db26411d44bf71bef911b0fed,302,False
kunlun-k2-2001,1,345,RGI2000-v7.0-G-13-51908,dfe34de4caca08411944aef7f2a8da44eb12bed69cfeaec452be610c7b7352ee,303,False
kunlun-k2-2001,1,345,RGI2000-v7.0-G-13-53008,e013c387f0e6d70b05da7c769ae80d86ece84f84959f356c4aaa436cea9cf254,304,False
kunlun-k2-2001,1,345,RGI2000-v7.0-G-13-51682,e28a07c014d194ffafcf30a498de1a3b87754202683e6848eb7362a698747965,305,False
kunlun-k2-2001,1,345,RGI2000-v7.0-G-13-52932,e2b21407751ac7c5d8daf093d924af571838f64c129f959842dcfe14662a6892,306,False
kunlun-k2-2001,1,345,RGI2000-v7.0-G-13-52170,e31d2eef976777749aea9d295146523def00cf9a82f55466490ad55eacdede56,307,False
kunlun-k2-2001,1,345,RGI2000-v7.0-G-13-50322,e385b97402cb76197a1f094632d7822267db96088992d94bac64dc9a3d454f09,308,False
kunlun-k2-2001,1,345,RGI2000-v7.0-G-13-52962,e4264d8e995591aa54cec6cb5eff43adead9beb738cd041ab9a826f3d27827a3,309,False
kunlun-k2-2001,1,345,RGI2000-v7.0-G-13-52832,e42f1db92dd34bfa1509e221184c90085d8e3572688c58a49fa6bbb6b9329e73,310,False
kunlun-k2-2001,1,345,RGI2000-v7.0-G-13-52977,e484a5ca33ec3b8d6c2a8f1b36918ef1df0cb4071c7de73054e2794b68c53a07,311,False
kunlun-k2-2001,1,345,RGI2000-v7.0-G-13-51910,e50c87cc8d9126697da71f046837f0b9d849fce1790f47c9ca789a49faf5e0a7,312,False
kunlun-k2-2001,1,345,RGI2000-v7.0-G-13-52882,e61404b8c53855e673142b2b0dec62a0719fdadf5f1bc71b643e71cc2b8d3406,313,False
kunlun-k2-2001,1,345,RGI2000-v7.0-G-13-52814,e7dcbd4189034b848d348ea7f7251f6650f00d50d500daf7adb7a210b472294d,314,False
kunlun-k2-2001,1,345,RGI2000-v7.0-G-13-53162,e92f58bcc4762ce7a36c00488460cce7f030724a2d72be93965cba507f3e8d11,315,False
kunlun-k2-2001,1,345,RGI2000-v7.0-G-13-52330,e939c0f0683c270d3ea7d28ed8bac10b7f53fd10dffbdd489e3cfcdf4c286bd6,316,False
kunlun-k2-2001,1,345,RGI2000-v7.0-G-13-52051,e9612a1a2e68673cc762aa6dbbb16915bc41d5c9ddb969d4330206d28ea3315c,317,False
kunlun-k2-2001,1,345,RGI2000-v7.0-G-13-53681,ea7282caf4dc1ef218780a90d8e6fb49a732b7720b6ca2d4803d78c7bb028b8c,318,False
kunlun-k2-2001,1,345,RGI2000-v7.0-G-13-52301,eb079a52924271f1583ee02cb84f6eca25b0b2620a5baa357cff2f4c85b3c64b,319,False
kunlun-k2-2001,1,345,RGI2000-v7.0-G-13-50614,ebb16fb3dbb01072fab0aece06f0f8df073d1ebfa1cb38f2b57882772f86eff8,320,False
kunlun-k2-2001,1,345,RGI2000-v7.0-G-13-52755,ec8cffa1694a1cb47bffb220f5c55de57bf458b6dae1b7b963475457a1ca42ec,321,False
kunlun-k2-2001,1,345,RGI2000-v7.0-G-13-53629,ece56d1429a293608c32d0805a302573f850189b31c7c1d4e858b5983248a889,322,False
kunlun-k2-2001,1,345,RGI2000-v7.0-G-13-52165,ede4317d70461543bf3ca954937b7577d640e30b0d0bddf1d69879a8aa8f9a3b,323,False
kunlun-k2-2001,1,345,RGI2000-v7.0-G-13-51681,ef229fdc33a95da5f029f9ff79671d4f2ccc130432ded71e24e609cafc4d6168,324,False
kunlun-k2-2001,1,345,RGI2000-v7.0-G-13-50053,ef58632c503156d346b07d4c2aedb326c53ebd659eedbc09fab7c8ac743b4cb0,325,False
kunlun-k2-2001,1,345,RGI2000-v7.0-G-13-52296,ef8fd476362715333947a9554079539baae075fe38170bf8c5788f414d74e115,326,False
kunlun-k2-2001,1,345,RGI2000-v7.0-G-13-50038,f13b597966e5f6fa55fb791ee8fecef15becad0b0d817290cb0489ee58a38894,327,False
kunlun-k2-2001,1,345,RGI2000-v7.0-G-13-52181,f1c6411ffc348d0c06434eb178f55a71d9d0c3f287a0c43edaa03c73e2e48510,328,False
kunlun-k2-2001,1,345,RGI2000-v7.0-G-13-51691,f1f55318166ef4ecc556ca6284667604bdf7e7a6608cf0bc14af6d71dcbda377,329,False
kunlun-k2-2001,1,345,RGI2000-v7.0-G-13-52929,f29f3a5e8ead803c5a92cb47e8c46c1575be2e471c8f0948e850c3d14d7ec25d,330,False
kunlun-k2-2001,1,345,RGI2000-v7.0-G-13-53072,f2d9a57f966b3c739dc18de8589d72cb25e0f1f23c01a3fb55398aeb4f48148f,331,False
kunlun-k2-2001,1,345,RGI2000-v7.0-G-13-51733,f30533547d9a2c145ae472f9f221ca3c856899f73c366530ccfc057208b79b5d,332,False
kunlun-k2-2001,1,345,RGI2000-v7.0-G-13-51879,f33546737ee5ea5d645f9c912d3b3bf02980d6479845e671d2c0b0e3c9c24f0b,333,False
kunlun-k2-2001,1,345,RGI2000-v7.0-G-13-53107,f3be1a137ade2c4c5e37f1dda26ee696b1581c52ffe15b1d090b2bf562c32fdb,334,False
kunlun-k2-2001,1,345,RGI2000-v7.0-G-13-53652,f44243374045e8844438c15593a8b0526ac4792392c20e819b25e1b788308ae6,335,False
kunlun-k2-2001,1,345,RGI2000-v7.0-G-13-51911,f4ec5f3c7b410cfd527605529ca3efec4a9e40614093d4ffa80cde44352c68ad,336,False
kunlun-k2-2001,1,345,RGI2000-v7.0-G-13-51690,f53260c2ebd29b204b7a990c1cc6b203fb113db13cc4c8e249ce1e08b922eba6,337,False
kunlun-k2-2001,1,345,RGI2000-v7.0-G-13-52933,fb88381af56d67270fe0ab13ba43e0188ed1f47b034b9952d8d48dd464146075,338,False
kunlun-k2-2001,1,345,RGI2000-v7.0-G-13-51845,fcab238a6571b1c2854bc6c94a456a5d5d67a5f6374d289d47daa20dd0f84a79,339,False
kunlun-k2-2001,1,345,RGI2000-v7.0-G-13-50610,fd37e0a13af91521d118298ef36ff19050ae384cf08129275e440b6e70cae52a,340,False
kunlun-k2-2001,1,345,RGI2000-v7.0-G-13-53069,fe56ab6bef9d0d4259c8e85ee71f39d494232ff73c08fa160e4477568160cde6,341,False
kunlun-k2-2001,1,345,RGI2000-v7.0-G-13-52174,fe7e8a72e77a4f688eee88fccfcf9173810ef0ad34085ea8ca5717d102d7ea5d,342,False
kunlun-k2-2001,1,345,RGI2000-v7.0-G-13-53067,fed30f11fce0c4393d04cb030579a348cc4c76b45039022bcb0f91d5099b62c9,343,False
kunlun-k2-2001,1,345,RGI2000-v7.0-G-13-53240,ff565ce2643e805c040d9639ee21abd6c01ec97b21a4b5de8775f3d4125da1a8,344,False
kunlun-k2-2001,1,345,RGI2000-v7.0-G-13-52027,ffdd56f3922627c41fd074c1df3017f892772ee5d2534982f890963e0268c649,345,False
