"rgi_id","o1region","o2region","glims_id","anlys_id","subm_id","src_date","cenlon","cenlat","utm_zone","area_km2","primeclass","conn_lvl","surge_type","term_type","glac_name","is_rgi6","termlon","termlat","zmin_m","zmax_m","zmed_m","zmean_m","slope_deg","aspect_deg","aspect_sec","dem_source","lmax_m"
"RGI2000-v7.0-G-18-00001","18","18-01","G167272E45234S",770330,749,"2002-01-20T00:00:00",167.27182011728053,-45.233999,58,0.058084405129617,0,0,0,9,"",0,167.2719132244074,-45.23508308173791,1489.1799,1657.2649,1575.0677,1576.6439,32.60273,187.0592498779297,5,"COPDEM30",256
"RGI2000-v7.0-G-18-00002","18","18-01","G167362E45177S",770331,749,"2002-01-20T00:00:00",167.36222920883534,-45.177463,58,0.066871242777949,0,0,0,9,"",0,167.36274961462814,-45.17935160926247,1515.295,1789.1772,1625.0255,1625.7789,36.534912,115.070404,4,"COPDEM30",460
"RGI2000-v7.0-G-18-00003","18","18-01","G167413E45067S",770332,749,"2002-01-20T00:00:00",167.41272173742834,-45.066936,58,0.017939273802168,0,0,0,9,"",0,167.41392901186094,-45.06763615771002,1483.8628,1556.5046,1521.1238,1520.4683,28.299353,161.2878,5,"COPDEM30",177
"RGI2000-v7.0-G-18-00004","18","18-01","G167479E45062S",770333,749,"2002-01-20T00:00:00",167.47878184760788,-45.0622475,58,0.012615589806446,0,0,0,9,"",0,167.47840938483148,-45.06292451295346,1558.5374,1622.1255,1610.6179,1602.7349,27.628054,152.3818,4,"COPDEM30",163
"RGI2000-v7.0-G-18-00005","18","18-01","G167712E44848S",770335,749,"2002-01-20T00:00:00",167.7123625182237,-44.848746000000006,58,0.05883091816867,0,0,0,9,"",0,167.71181756407427,-44.849613567493364,1523.8273,1694.9493,1579.4591,1586.1068,36.557293,236.2736434936524,6,"COPDEM30",332
"RGI2000-v7.0-G-18-00006","18","18-01","G167717E44844S",770336,749,"2002-01-20T00:00:00",167.71595075,-44.8448585,58,0.059228124575416,0,0,0,9,"",0,167.7170941623447,-44.84357861172456,1703.3389,1874.3165,1802.6677,1801.2356,29.886522,56.06856,2,"COPDEM30",297
"RGI2000-v7.0-G-18-00007","18","18-01","G167721E44847S",770339,749,"2002-01-20T00:00:00",167.7208067224351,-44.846978,58,0.01019653919249,0,0,0,9,"",0,167.7215768177898,-44.84643057598809,1732.7441,1779.1309,1761.4088,1759.3732,15.062987,33.860546,2,"COPDEM30",191
"RGI2000-v7.0-G-18-00008","18","18-01","G167720E44851S",770337,749,"2002-01-20T00:00:00",167.71937178885076,-44.850069000000005,58,0.36634364690335,0,0,0,9,"",0,167.71937837085326,-44.8532404000112,1489.3163,1870.45,1687.8447,1688.5638,26.943977,169.9473,5,"COPDEM30",844
"RGI2000-v7.0-G-18-00009","18","18-01","G167735E44826S",770342,749,"2002-01-20T00:00:00",167.73740228156706,-44.824130499999995,58,0.023168463345172,0,0,0,9,"",0,167.73739325653582,-44.8250143304122,1574.8762,1657.5225,1622.5399,1619.7327,19.066341,178.678,5,"COPDEM30",250
"RGI2000-v7.0-G-18-00010","18","18-01","G167760E44828S",770344,749,"2002-01-20T00:00:00",167.76021079810727,-44.826448,58,0.288881806193129,0,0,0,9,"",0,167.75598987008672,-44.82747446792785,1536.5212,1771.8917,1659.7935,1660.1283,30.646917,193.83009338378903,5,"COPDEM30",707
"RGI2000-v7.0-G-18-00011","18","18-01","G167767E44822S",770346,749,"2002-01-20T00:00:00",167.7642158471039,-44.822306,58,0.044349663775422,0,0,0,9,"",0,167.76575889604464,-44.82157248921644,1630.7006,1745.1812,1695.8866,1694.3098,27.289745,75.600105,3,"COPDEM30",332
"RGI2000-v7.0-G-18-00012","18","18-01","G167777E44836S",770348,749,"2002-01-20T00:00:00",167.7757976775148,-44.835926,58,0.033091801596148,0,0,0,9,"",0,167.77933219016074,-44.83670285608174,1875.3378,2048.698,2006.3375,1994.923,25.6135,44.110023,2,"COPDEM30",319
"RGI2000-v7.0-G-18-00013","18","18-01","G167782E44838S",770350,749,"2002-01-20T00:00:00",167.78158332258064,-44.838139,58,0.0157788342577,0,0,0,9,"",0,167.78216489877522,-44.83875395678088,1565.9725,1699.7701,1616.6426,1620.238,40.313297,111.842255,3,"COPDEM30",188
"RGI2000-v7.0-G-18-00014","18","18-01","G167779E44841S",770349,749,"2002-01-20T00:00:00",167.77714542436973,-44.840925999999996,58,0.188649679673879,0,0,0,9,"",0,167.77983648031082,-44.84154553720356,1668.7178,1965.1355,1792.2858,1798.4008,31.616354,103.19554,3,"COPDEM30",514
"RGI2000-v7.0-G-18-00015","18","18-01","G167786E44852S",770352,749,"2002-01-20T00:00:00",167.78567260229062,-44.852222,58,0.091705835743127,0,0,0,9,"",0,167.78842638948004,-44.85404782645036,1561.886,1791.3107,1665.779,1672.0707,30.815798,182.695068359375,5,"COPDEM30",516
"RGI2000-v7.0-G-18-00016","18","18-01","G167762E44872S",770345,749,"2002-01-20T00:00:00",167.7615908971012,-44.8713055,58,0.035858325854187,0,0,0,9,"",0,167.7618306515333,-44.87219839999948,1654.9457,1796.1632,1756.5668,1747.081,32.251793,174.84543,5,"COPDEM30",283
"RGI2000-v7.0-G-18-00017","18","18-01","G167848E44849S",770362,749,"2002-01-20T00:00:00",167.84321449745204,-44.847575500000005,58,0.085042173506146,0,0,0,9,"",0,167.84320166263754,-44.84924588899593,1557.2012,1807.535,1671.2018,1669.1559,36.48864,187.9358367919922,5,"COPDEM30",450
"RGI2000-v7.0-G-18-00018","18","18-01","G167854E44846S",770363,749,"2002-01-20T00:00:00",167.85350976302618,-44.8470125,58,0.014933373569789,0,0,0,9,"",0,167.85482820247543,-44.84634741042135,1753.5964,1828.4519,1806.0781,1800.5569,26.19063,26.190979,2,"COPDEM30",214
"RGI2000-v7.0-G-18-00019","18","18-01","G167854E44848S",770364,749,"2002-01-20T00:00:00",167.85355963164892,-44.847750500000004,58,0.07081038187089,0,0,0,9,"",0,167.85028773609088,-44.848840286115944,1669.7037,1842.5214,1769.3945,1769.8873,34.162457,200.07864379882807,5,"COPDEM30",295
"RGI2000-v7.0-G-18-00020","18","18-01","G167861E44815S",770365,749,"2002-01-20T00:00:00",167.85876735059293,-44.815273000000005,58,0.03383672266462,0,0,0,9,"",0,167.8587683373397,-44.816024121191596,1563.6172,1700.8341,1632.124,1630.6785,33.49313,172.02441,5,"COPDEM30",277
"RGI2000-v7.0-G-18-00021","18","18-01","G167892E44804S",770369,749,"2002-01-20T00:00:00",167.89020603584908,-44.8029585,58,0.01864126530968,0,0,0,9,"",0,167.89098155553646,-44.80340882842092,1582.7041,1733.2172,1639.773,1642.8771,42.4048,156.3312,4,"COPDEM30",175
"RGI2000-v7.0-G-18-00022","18","18-01","G167932E44791S",770378,749,"2002-01-20T00:00:00",167.93110859654027,-44.7894225,58,0.044533423988237,0,0,0,9,"",0,167.93215902057236,-44.790301316942184,1620.5475,1751.968,1712.1345,1703.6093,30.448265,155.92741,4,"COPDEM30",261
"RGI2000-v7.0-G-18-00023","18","18-01","G167942E44789S",770380,749,"2002-01-20T00:00:00",167.94102314779008,-44.7878775,58,0.349575816401543,0,0,0,9,"",0,167.9448435448368,-44.79067521666984,1492.1294,1844.1835,1697.0845,1688.8717,29.081465,177.98589,5,"COPDEM30",728
"RGI2000-v7.0-G-18-00024","18","18-01","G167951E44787S",770381,749,"2002-01-20T00:00:00",167.95021313671128,-44.7869765,58,0.197869959516712,0,0,0,9,"",0,167.95339330062072,-44.788038264893196,1437.4559,1771.0845,1589.1151,1590.9916,34.819744,154.96819,4,"COPDEM30",710
"RGI2000-v7.0-G-18-00025","18","18-01","G167967E44786S",770389,749,"2002-01-20T00:00:00",167.96745162480454,-44.7862585,58,0.046878816246263,0,0,0,9,"",0,167.96667983606667,-44.78740367926915,1567.7786,1696.4034,1631.0327,1628.7795,30.071617,178.03651,5,"COPDEM30",262
"RGI2000-v7.0-G-18-00026","18","18-01","G167973E44774S",770396,749,"2002-01-20T00:00:00",167.97263828367718,-44.7741475,58,0.121496003429619,0,0,0,9,"",0,167.9730288741395,-44.7763785407459,1487.929,1787.6239,1659.9216,1651.6829,33.68196,190.16639709472656,5,"COPDEM30",543
"RGI2000-v7.0-G-18-00027","18","18-01","G167984E44772S",770402,749,"2002-01-20T00:00:00",167.98116806194008,-44.772087,58,0.053503609904618,0,0,0,9,"",0,167.9817927341746,-44.77102353845022,1701.3341,1845.8268,1791.8123,1786.6827,31.899017,43.41267,2,"COPDEM30",427
"RGI2000-v7.0-G-18-00028","18","18-01","G167982E44775S",770403,749,"2002-01-20T00:00:00",167.98204408381633,-44.7747685,58,0.124613145542863,0,0,0,9,"",0,167.98273670371745,-44.776867975164514,1593.4001,1850.0403,1721.0845,1721.3157,41.953247,209.78787231445312,6,"COPDEM30",657
"RGI2000-v7.0-G-18-00029","18","18-01","G167987E44775S",770406,749,"2002-01-20T00:00:00",167.9870457868541,-44.775101,58,0.017423496783856,0,0,0,9,"",0,167.98832351127183,-44.775114977932205,1764.6858,1878.8804,1834.886,1831.8748,35.33542,96.0973,3,"COPDEM30",201
"RGI2000-v7.0-G-18-00030","18","18-01","G168002E44792S",770423,749,"2002-01-20T00:00:00",167.99988119940153,-44.7912965,58,0.023910558141477,0,0,0,9,"",0,168.00200315661394,-44.79167245262597,1727.5823,1853.9417,1786.2136,1789.5037,29.837164,89.07914,3,"COPDEM30",249
"RGI2000-v7.0-G-18-00031","18","18-01","G167999E44796S",770420,749,"2002-01-20T00:00:00",167.99817655666232,-44.7940785,58,0.016033123106974,0,0,0,9,"",0,167.99802381616232,-44.795314394339606,1728.7766,1834.0206,1800.3658,1790.7421,33.559647,144.90811,4,"COPDEM30",254
"RGI2000-v7.0-G-18-00032","18","18-01","G167988E44809S",770404,749,"2002-01-20T00:00:00",167.98627517550477,-44.807625,58,0.108730780441278,0,0,0,9,"",0,167.99002941589399,-44.80604826287522,1724.998,1961.718,1845.2605,1849.7046,34.87723,110.29888,3,"COPDEM30",739
"RGI2000-v7.0-G-18-00033","18","18-01","G167990E44824S",770410,749,"2002-01-20T00:00:00",167.99028344697336,-44.824394,58,0.022532709168896,0,0,0,9,"",0,167.9927492003459,-44.82455439169363,1878.1176,2016.8153,1926.7072,1932.8038,31.233149,47.003506,2,"COPDEM30",313
"RGI2000-v7.0-G-18-00034","18","18-01","G167990E44828S",770411,749,"2002-01-20T00:00:00",167.9895372403846,-44.8280285,58,0.030840449644017,0,0,0,9,"",0,167.99075174944787,-44.82949567068632,1717.6295,1964.2065,1813.1711,1814.5723,34.59546,165.50284,5,"COPDEM30",354
"RGI2000-v7.0-G-18-00035","18","18-01","G167999E44827S",770419,749,"2002-01-20T00:00:00",167.9973833636899,-44.827220499999996,58,0.027834075193153,0,0,0,9,"",0,167.9975054053729,-44.828416626233405,1686.3533,1848.7498,1792.3121,1781.5975,39.979527,158.21385,5,"COPDEM30",306
"RGI2000-v7.0-G-18-00036","18","18-01","G168001E44830S",770425,749,"2002-01-20T00:00:00",168.0010741485849,-44.8293375,59,0.023078676310741,0,0,0,9,"",0,167.99999292578607,-44.83036600347177,1375.7902,1535.6094,1427.4585,1436.9548,30.202114,187.7378692626953,5,"COPDEM30",276
"RGI2000-v7.0-G-18-00037","18","18-01","G168006E44829S",770435,749,"2002-01-20T00:00:00",168.00602462599733,-44.828492499999996,59,0.075353309337427,0,0,0,9,"",0,168.00489858159006,-44.82939135751394,1701.9662,1915.583,1787.017,1790.1431,32.874004,227.8203125,6,"COPDEM30",346
"RGI2000-v7.0-G-18-00038","18","18-01","G168012E44830S",770449,749,"2002-01-20T00:00:00",168.00932813686848,-44.830355999999995,59,0.059203927908197,0,0,0,9,"",0,168.00983673095732,-44.828027079120844,1723.7596,1832.12,1788.9525,1787.8071,29.423529,61.784626,2,"COPDEM30",644
"RGI2000-v7.0-G-18-00039","18","18-01","G168009E44826S",770448,749,"2002-01-20T00:00:00",168.0090920857542,-44.8260035,59,0.012520688808304,0,0,0,9,"",0,168.01008053230407,-44.825586020151206,1679.1012,1788.9475,1719.797,1723.4646,42.363785,79.7565,3,"COPDEM30",118
"RGI2000-v7.0-G-18-00040","18","18-01","G168017E44824S",770461,749,"2002-01-20T00:00:00",168.01471450743492,-44.8238585,59,0.11748572865505,0,0,0,9,"",0,168.01557048173817,-44.82508513382062,1123.6217,1352.1552,1217.759,1220.8629,35.661083,126.39258,4,"COPDEM30",380
"RGI2000-v7.0-G-18-00041","18","18-01","G168019E44826S",770475,749,"2002-01-20T00:00:00",168.0192965619362,-44.826051,59,0.024631763799169,0,0,0,9,"",0,168.0187804082272,-44.82578653483024,1079.829,1099.1149,1085.7379,1086.4706,6.5305066,276.6293640136719,7,"COPDEM30",195
"RGI2000-v7.0-G-18-00042","18","18-01","G168019E44837S",770464,749,"2002-01-20T00:00:00",168.016406604064,-44.836255,59,0.023124704449416,0,0,0,9,"",0,168.01795400000069,-44.83641894520135,1736.1641,1849.807,1810.987,1806.6476,33.809933,55.92309,2,"COPDEM30",247
"RGI2000-v7.0-G-18-00043","18","18-01","G168019E44838S",770476,749,"2002-01-20T00:00:00",168.019194125,-44.838173,59,0.014740512431434,0,0,0,9,"",0,168.02052584962817,-44.83892138473855,1738.3096,1813.3428,1778.9342,1777.4739,21.682138,84.99113,3,"COPDEM30",267
"RGI2000-v7.0-G-18-00044","18","18-01","G168022E44843S",770482,749,"2002-01-20T00:00:00",168.02248108898306,-44.842425500000004,59,0.01220146710227,0,0,0,9,"",0,168.02279303504307,-44.842951153000634,1574.1174,1713.7764,1625.4342,1630.4425,55.52999,184.1985015869141,5,"COPDEM30",95
"RGI2000-v7.0-G-18-00045","18","18-01","G168025E44845S",770493,749,"2002-01-20T00:00:00",168.02598587581699,-44.8444485,59,0.011787856279067,0,0,0,9,"",0,168.02549118447143,-44.84500053430474,1520.181,1617.6624,1562.7863,1567.1976,44.665993,228.1180725097656,6,"COPDEM30",152
"RGI2000-v7.0-G-18-00046","18","18-01","G168018E44847S",770470,749,"2002-01-20T00:00:00",168.0180298458763,-44.846387500000006,59,0.139855034000349,0,0,0,9,"",0,168.02101856186664,-44.84889001909706,1032.7219,1345.0354,1195.3333,1190.9163,30.250616,149.67612,4,"COPDEM30",639
"RGI2000-v7.0-G-18-00047","18","18-01","G168017E44842S",770465,749,"2002-01-20T00:00:00",168.0155852244898,-44.842309,59,0.096599314751647,0,0,0,9,"",0,168.0155965047948,-44.843826573618884,1430.7734,1741.9885,1565.9545,1573.7783,40.204006,157.39655,4,"COPDEM30",417
"RGI2000-v7.0-G-18-00048","18","18-01","G168004E44846S",770429,749,"2002-01-20T00:00:00",168.00396723737174,-44.84595,59,0.045537873937776,0,0,0,9,"",0,167.9993593007688,-44.84697940830866,1732.382,1956.4669,1859.669,1856.6669,25.431593,266.14391326904297,7,"COPDEM30",570
"RGI2000-v7.0-G-18-00049","18","18-01","G168007E44850S",770436,749,"2002-01-20T00:00:00",168.0062361884306,-44.849874,59,0.033375763380683,0,0,0,9,"",0,168.0047478990407,-44.850997896326525,1835.632,1995.6566,1888.2327,1895.368,33.098164,209.1493530273437,6,"COPDEM30",291
"RGI2000-v7.0-G-18-00050","18","18-01","G168007E44853S",770437,749,"2002-01-20T00:00:00",168.00588027934032,-44.852941,59,0.023457816056554,0,0,0,9,"",0,168.0043283771221,-44.853251822773935,1791.5547,1881.9847,1830.1216,1830.3605,22.674051,231.25006103515625,6,"COPDEM30",250
"RGI2000-v7.0-G-18-00051","18","18-01","G168011E44853S",770453,749,"2002-01-20T00:00:00",168.0110791017857,-44.852162,59,0.016458261457169,0,0,0,9,"",0,168.01188202366356,-44.85277526195558,1636.5232,1707.1404,1676.4509,1675.3505,31.883068,102.351166,3,"COPDEM30",151
"RGI2000-v7.0-G-18-00052","18","18-01","G168007E44858S",770444,749,"2002-01-20T00:00:00",168.00760488519637,-44.857276,59,0.178354793896114,0,0,0,9,"",0,168.0090271612012,-44.859660687517795,1598.0261,1826.0154,1731.0948,1728.1343,26.608908,175.22638,5,"COPDEM30",558
"RGI2000-v7.0-G-18-00053","18","18-01","G168002E44859S",770427,749,"2002-01-20T00:00:00",168.00204892550792,-44.859320499999995,59,0.027011080555553,0,0,0,9,"",0,168.0018430853812,-44.860407335864245,1581.9781,1699.7046,1643.8861,1644.0531,34.49086,146.1442,4,"COPDEM30",356
"RGI2000-v7.0-G-18-00054","18","18-01","G168005E44864S",770430,749,"2002-01-20T00:00:00",168.00385851232394,-44.862475,59,0.043636614713177,0,0,0,9,"",0,168.00422460612876,-44.86395795196965,1254.7291,1410.9796,1321.3024,1321.9268,28.703384,149.5957,4,"COPDEM30",349
"RGI2000-v7.0-G-18-00055","18","18-01","G167994E44866S",770416,749,"2002-01-20T00:00:00",167.99506009351146,-44.8653165,58,0.025777408773589,0,0,0,9,"",0,167.99301707594455,-44.8658918818044,1603.2415,1737.5752,1671.9849,1672.972,33.26126,190.8513641357422,5,"COPDEM30",216
"RGI2000-v7.0-G-18-00056","18","18-01","G168014E44882S",770458,749,"2002-01-20T00:00:00",168.014238,-44.8795735,59,0.015465572004456,0,0,0,9,"",0,168.01476555024684,-44.880116000022,1725.1492,1821.9657,1765.4375,1766.881,31.674263,130.48906,4,"COPDEM30",192
"RGI2000-v7.0-G-18-00057","18","18-01","G168009E44818S",770447,749,"2002-01-20T00:00:00",168.0092154974227,-44.818195,59,0.032604937343963,0,0,0,9,"",0,168.00871850630844,-44.81710174544881,1822.8552,1937.6733,1878.847,1881.9795,28.869389,315.10348892211914,8,"COPDEM30",235
"RGI2000-v7.0-G-18-00058","18","18-01","G168012E44816S",770456,749,"2002-01-20T00:00:00",168.0118213907686,-44.815731,59,0.027441899926637,0,0,0,9,"",0,168.0134565907956,-44.815729075904684,1745.3059,1844.3186,1809.3755,1808.2134,30.584572,55.22568,2,"COPDEM30",191
"RGI2000-v7.0-G-18-00059","18","18-01","G168045E44798S",770525,749,"2002-01-20T00:00:00",168.04375092931934,-44.796285,59,0.126819889774922,0,0,0,9,"",0,168.04678081154006,-44.79940861283173,1596.0953,2034.5688,1796.3167,1804.4113,36.97705,160.36429,5,"COPDEM30",801
"RGI2000-v7.0-G-18-00060","18","18-01","G168047E44794S",770533,749,"2002-01-20T00:00:00",168.04662725962362,-44.7938025,59,0.024444941587412,0,0,0,9,"",0,168.0459076585521,-44.794472509244045,2146.2788,2426.0635,2263.0557,2274.6858,55.21763,209.07644653320312,6,"COPDEM30",185
"RGI2000-v7.0-G-18-00061","18","18-01","G168044E44792S",770526,749,"2002-01-20T00:00:00",168.04452305273827,-44.7919205,59,0.043055189990198,0,0,0,9,"",0,168.04285741383782,-44.79305972489858,2086.2969,2388.6558,2284.9912,2277.84,43.239895,226.4789886474609,6,"COPDEM30",359
"RGI2000-v7.0-G-18-00062","18","18-01","G168049E44791S",770539,749,"2002-01-20T00:00:00",168.04906720883218,-44.790953,59,0.01820162678299,0,0,0,9,"",0,168.04928936934093,-44.79010512426728,2133.0815,2329.8916,2207.5747,2219.1375,44.3018,26.550154,2,"COPDEM30",239
"RGI2000-v7.0-G-18-00063","18","18-01","G168050E44795S",770542,749,"2002-01-20T00:00:00",168.04969963218392,-44.7949865,59,0.019056557676261,0,0,0,9,"",0,168.04997584686623,-44.795817794454365,2124.6843,2324.1182,2234.8242,2235.5652,48.91953,165.04008,5,"COPDEM30",182
"RGI2000-v7.0-G-18-00064","18","18-01","G168054E44794S",770554,749,"2002-01-20T00:00:00",168.0536226109868,-44.793525,59,0.05409824425214,0,0,0,9,"",0,168.0547482833808,-44.792927856850326,2007.7001,2207.6497,2126.8105,2122.561,37.263203,57.182987,2,"COPDEM30",254
"RGI2000-v7.0-G-18-00065","18","18-01","G168059E44792S",770557,749,"2002-01-20T00:00:00",168.05623681854877,-44.7924555,59,0.058103228350063,0,0,0,9,"",0,168.0575291726345,-44.79061150052606,1769.5905,1959.6438,1877.7153,1871.5094,37.49205,57.778774,2,"COPDEM30",302
"RGI2000-v7.0-G-18-00066","18","18-01","G168052E44787S",770547,749,"2002-01-20T00:00:00",168.05239525000002,-44.786972000000006,59,0.013104771319912,0,0,0,9,"",0,168.0534088716946,-44.78628827702977,1703.1193,1818.7264,1773.7266,1767.3354,39.895355,51.79991,2,"COPDEM30",214
"RGI2000-v7.0-G-18-00067","18","18-01","G168051E44787S",770541,749,"2002-01-20T00:00:00",168.05003775,-44.7857745,59,0.287174956784965,0,0,0,9,"",0,168.05165761098402,-44.78425252457912,1709.2711,2151.3198,1907.2869,1912.1149,38.033325,54.985767,2,"COPDEM30",697
"RGI2000-v7.0-G-18-00068","18","18-01","G168043E44785S",770522,749,"2002-01-20T00:00:00",168.0429150482385,-44.785486,59,0.013334925927523,0,0,0,9,"",0,168.04218799151735,-44.78650022556208,2136.3635,2225.8962,2215.3923,2207.381,25.030697,249.03826904296875,7,"COPDEM30",132
"RGI2000-v7.0-G-18-00069","18","18-01","G168041E44789S",770520,749,"2002-01-20T00:00:00",168.0407273665559,-44.788718,59,0.106292861927927,0,0,0,9,"",0,168.038307022929,-44.78982099896439,1865.5581,2173.3438,2009.1748,2015.9114,34.289753,239.6160659790039,6,"COPDEM30",483
"RGI2000-v7.0-G-18-00070","18","18-01","G168048E44780S",770530,749,"2002-01-20T00:00:00",168.0456972049724,-44.7788245,59,0.091877388969044,0,0,0,9,"",0,168.0458107762256,-44.77634047562669,1686.4279,1939.428,1792.7513,1797.2532,35.35269,52.274426,2,"COPDEM30",591
"RGI2000-v7.0-G-18-00071","18","18-01","G168047E44771S",770529,749,"2002-01-20T00:00:00",168.04641851150143,-44.77023,59,0.027097236758526,0,0,0,9,"",0,168.04814624061802,-44.769806853449595,1600.2117,1822.2548,1727.7458,1727.303,47.578884,100.11549,3,"COPDEM30",161
"RGI2000-v7.0-G-18-00072","18","18-01","G168048E44766S",770532,749,"2002-01-20T00:00:00",168.0472338473054,-44.766307499999996,59,0.039039448903536,0,0,0,9,"",0,168.0485458008422,-44.767435348885634,1620.0435,1885.0248,1759.7566,1762.4543,51.697857,98.08142,3,"COPDEM30",277
"RGI2000-v7.0-G-18-00073","18","18-01","G168048E44764S",770535,749,"2002-01-20T00:00:00",168.0476189408527,-44.763699,59,0.014888388188711,0,0,0,9,"",0,168.04893298936656,-44.76337744704567,1828.4257,1971.3384,1924.7244,1914.575,37.510796,99.96769,3,"COPDEM30",198
"RGI2000-v7.0-G-18-00074","18","18-01","G168051E44760S",770538,749,"2002-01-20T00:00:00",168.04926632981926,-44.760684999999995,59,0.020863187831428,0,0,0,9,"",0,168.0498597589103,-44.75982549040437,1685.4019,1823.0555,1753.6776,1752.5376,33.580536,64.356445,2,"COPDEM30",248
"RGI2000-v7.0-G-18-00075","18","18-01","G168037E44761S",770517,749,"2002-01-20T00:00:00",168.03977330652174,-44.763293000000004,59,0.426072156622469,0,0,0,9,"",0,168.04761200000522,-44.760173632767234,1775.5255,2158.4133,1963.1731,1968.9435,29.288757,1.4925816,1,"COPDEM30",838
"RGI2000-v7.0-G-18-00076","18","18-01","G168030E44764S",770504,749,"2002-01-20T00:00:00",168.032048775413,-44.763739,59,0.143045391318388,0,0,0,9,"",0,168.03216166001312,-44.76080675751969,1819.4729,2097.9758,1946.135,1950.3696,33.824554,325.21240615844727,8,"COPDEM30",901
"RGI2000-v7.0-G-18-00077","18","18-01","G168026E44766S",770492,749,"2002-01-20T00:00:00",168.02570838927102,-44.7656755,59,0.017172807631216,0,0,0,9,"",0,168.02562304204486,-44.76485017156356,1860.0398,1928.0597,1894.4797,1896.4006,21.033247,327.1632080078125,8,"COPDEM30",185
"RGI2000-v7.0-G-18-00078","18","18-01","G168022E44766S",770486,749,"2002-01-20T00:00:00",168.02306259267735,-44.766635,59,0.010346502237642,0,0,0,9,"",0,168.02234395505442,-44.766624972126635,1820.4745,1880.9445,1849.9502,1850.5867,24.318964,269.1780014038086,7,"COPDEM30",134
"RGI2000-v7.0-G-18-00079","18","18-01","G168024E44771S",770490,749,"2002-01-20T00:00:00",168.02495881069365,-44.769566999999995,59,0.128061012743607,0,0,0,9,"",0,168.02421055958422,-44.771796006791426,1621.8357,1966.8367,1807.9199,1811.1373,34.434383,193.67469787597656,5,"COPDEM30",567
"RGI2000-v7.0-G-18-00080","18","18-01","G168033E44770S",770505,749,"2002-01-20T00:00:00",168.032107674376,-44.769264,59,0.013295868961765,0,0,0,9,"",0,168.03294310707662,-44.7698187674733,1741.1136,1877.091,1801.851,1805.239,45.011425,147.8167,4,"COPDEM30",156
"RGI2000-v7.0-G-18-00081","18","18-01","G168038E44769S",770511,749,"2002-01-20T00:00:00",168.03538311796376,-44.768746,59,0.030955591716476,0,0,0,9,"",0,168.03592634610249,-44.769922837114436,1641.8344,1963.4312,1750.0287,1755.803,48.293785,164.50493,5,"COPDEM30",305
"RGI2000-v7.0-G-18-00082","18","18-01","G168040E44753S",770514,749,"2002-01-20T00:00:00",168.03733002272728,-44.7535995,59,0.019565537717415,0,0,0,9,"",0,168.03837605271977,-44.75335030822027,1357.9456,1449.3406,1404.3453,1403.7188,36.23544,112.8941,4,"COPDEM30",170
"RGI2000-v7.0-G-18-00083","18","18-01","G168038E44751S",770513,749,"2002-01-20T00:00:00",168.03693735139305,-44.7512555,59,0.024036733825886,0,0,0,9,"",0,168.04008415637887,-44.75123426385295,1647.4423,1782.032,1721.6862,1717.4523,48.764736,160.38371,5,"COPDEM30",277
"RGI2000-v7.0-G-18-00084","18","18-01","G168033E44744S",770508,749,"2002-01-20T00:00:00",168.0330510888502,-44.745545,59,0.027168155057889,0,0,0,9,"",0,168.0327346573439,-44.74459156606304,1666.4481,1737.6935,1706.2002,1704.2198,27.038465,36.328682,2,"COPDEM30",253
"RGI2000-v7.0-G-18-00085","18","18-01","G168027E44744S",770495,749,"2002-01-20T00:00:00",168.0266857724551,-44.744453,59,0.042642346605058,0,0,0,9,"",0,168.02444967050837,-44.74392670308775,1692.8583,1800.558,1757.5718,1753.6654,24.574265,234.18394470214844,6,"COPDEM30",393
"RGI2000-v7.0-G-18-00086","18","18-01","G168027E44742S",770494,749,"2002-01-20T00:00:00",168.0269925853982,-44.7422325,59,0.014236092268115,0,0,0,9,"",0,168.02712014166124,-44.74105173776926,1668.1582,1750.9838,1730.394,1720.7885,28.332634,37.718838,2,"COPDEM30",252
"RGI2000-v7.0-G-18-00087","18","18-01","G168023E44741S",770485,749,"2002-01-20T00:00:00",168.02322080054824,-44.740868000000006,59,0.109416887934121,0,0,0,9,"",0,168.02122631013447,-44.741973000168024,1709.465,1877.0896,1816.552,1808.8768,28.493666,212.71864318847656,6,"COPDEM30",353
"RGI2000-v7.0-G-18-00088","18","18-01","G168022E44724S",770478,749,"2002-01-20T00:00:00",168.02032413614523,-44.722656,59,0.020847279990433,0,0,0,9,"",0,168.02124939637275,-44.72292665254667,1678.4059,1736.0612,1704.225,1705.176,21.435585,80.36336,3,"COPDEM30",132
"RGI2000-v7.0-G-18-00089","18","18-01","G168018E44717S",770466,749,"2002-01-20T00:00:00",168.01654295116276,-44.71576,59,0.058275977040919,0,0,0,9,"",0,168.0205832097311,-44.71708878255969,1571.7756,1787.3887,1704.2136,1696.7156,31.369701,85.55703,3,"COPDEM30",492
"RGI2000-v7.0-G-18-00090","18","18-01","G168019E44710S",770469,749,"2002-01-20T00:00:00",168.01779432341547,-44.712084000000004,59,0.02240971056653,0,0,0,9,"",0,168.01893113881144,-44.710556933810686,1609.1842,1735.1128,1683.6498,1678.9603,29.59597,84.90499,3,"COPDEM30",409
"RGI2000-v7.0-G-18-00091","18","18-01","G168033E44697S",770503,749,"2002-01-20T00:00:00",168.03214895874015,-44.6963735,59,0.024540070097348,0,0,0,9,"",0,168.03135330430547,-44.69674591394101,1518.3647,1612.2148,1567.3872,1566.0355,32.31877,155.9809,4,"COPDEM30",173
"RGI2000-v7.0-G-18-00092","18","18-01","G168033E44694S",770502,749,"2002-01-20T00:00:00",168.0321732378361,-44.6937355,59,0.012284737277145,0,0,0,9,"",0,168.0332576766469,-44.693180144025845,1839.5426,1910.2773,1872.0638,1875.9136,29.265934,119.405075,4,"COPDEM30",236
"RGI2000-v7.0-G-18-00093","18","18-01","G168050E44691S",770545,749,"2002-01-20T00:00:00",168.0505073366013,-44.690044,59,0.067450817591339,0,0,0,9,"",0,168.04946992587037,-44.6933143241592,1189.9934,1668.9058,1394.0583,1404.1228,36.48601,207.19679260253903,6,"COPDEM30",789
"RGI2000-v7.0-G-18-00094","18","18-01","G168061E44688S",770562,749,"2002-01-20T00:00:00",168.06288095593956,-44.68628,59,1.228217682154299,0,0,0,9,"",0,168.07357757645582,-44.68999628760215,1355.682,2092.1184,1706.8966,1709.2164,25.266596,132.49239,4,"COPDEM30",2344
"RGI2000-v7.0-G-18-00095","18","18-01","G168065E44683S",770566,749,"2002-01-20T00:00:00",168.06486928478262,-44.682531999999995,59,0.035262442022608,0,0,0,9,"",0,168.06552614428932,-44.68357555726238,1894.9059,2091.0493,2003.7941,2003.3633,33.500412,151.26721,4,"COPDEM30",276
"RGI2000-v7.0-G-18-00096","18","18-01","G168071E44680S",770572,749,"2002-01-20T00:00:00",168.06756287619697,-44.680645,59,0.209466345125268,0,0,0,9,"",0,168.07522355620432,-44.6803789398725,1808.6671,2096.65,1910.9794,1925.0521,27.081347,28.970915,2,"COPDEM30",1240
"RGI2000-v7.0-G-18-00097","18","18-01","G168061E44681S",770559,749,"2002-01-20T00:00:00",168.0607642359199,-44.680628999999996,59,0.0103845819504,0,0,0,9,"",0,168.0601861923044,-44.68013374052662,1907.6033,2091.4233,1977.272,1987.719,42.906437,286.3450469970703,7,"COPDEM30",202
"RGI2000-v7.0-G-18-00098","18","18-01","G168051E44669S",770546,749,"2002-01-20T00:00:00",168.05230157777777,-44.669961,59,2.022736453220651,0,0,0,9,"",0,168.0609632830198,-44.66722202800459,1473.2145,2094.6675,1790.7476,1776.5049,27.254295,102.71486,3,"COPDEM30",2247
"RGI2000-v7.0-G-18-00099","18","18-01","G168050E44661S",770534,749,"2002-01-20T00:00:00",168.0484182436746,-44.661120499999996,59,0.06101989934002,0,0,0,9,"",0,168.04783800197333,-44.66255803306451,1764.0685,2037.2242,1880.5732,1877.8363,39.255856,234.22266387939453,6,"COPDEM30",451
"RGI2000-v7.0-G-18-00100","18","18-01","G168048E44655S",770537,749,"2002-01-20T00:00:00",168.0493206517467,-44.654643,59,0.12520151660146,0,0,0,9,"",0,168.04806819009633,-44.654352044065504,1794.0222,2093.892,1887.1504,1898.9218,33.842968,283.04163360595703,7,"COPDEM30",695
"RGI2000-v7.0-G-18-00101","18","18-01","G168054E44650S",770550,749,"2002-01-20T00:00:00",168.05307759759188,-44.651336,59,0.026409507844518,0,0,0,9,"",0,168.05351009817667,-44.64960246386502,1689.3623,1867.1449,1751.9999,1758.1842,39.528168,72.207344,3,"COPDEM30",271
"RGI2000-v7.0-G-18-00102","18","18-01","G168056E44656S",770555,749,"2002-01-20T00:00:00",168.05527201425082,-44.6559825,59,0.036606917109306,0,0,0,9,"",0,168.05992074435753,-44.656163376471085,1781.7959,1997.993,1887.651,1893.7323,41.18019,23.42322,2,"COPDEM30",460
"RGI2000-v7.0-G-18-00103","18","18-01","G168026E44666S",770489,749,"2002-01-20T00:00:00",168.0246410454634,-44.665136000000004,59,0.284631170463976,0,0,0,9,"",0,168.02278973113454,-44.662364000968104,1744.8866,2110.4534,1891.992,1896.3508,33.88525,25.926317,2,"COPDEM30",771
"RGI2000-v7.0-G-18-00104","18","18-01","G168019E44668S",770472,749,"2002-01-20T00:00:00",168.01869191931144,-44.668403,59,0.119336588803735,0,0,0,9,"",0,168.01520545003262,-44.66679835611837,1663.481,1933.5753,1818.478,1796.6366,28.325054,287.6928176879883,7,"COPDEM30",479
"RGI2000-v7.0-G-18-00105","18","18-01","G168019E44672S",770473,749,"2002-01-20T00:00:00",168.01859875,-44.6722265,59,0.01911294246011,0,0,0,9,"",0,168.0190129138114,-44.671608993148986,1916.218,2005.8433,1953.0078,1957.9338,25.100632,27.807602,2,"COPDEM30",215
"RGI2000-v7.0-G-18-00106","18","18-01","G168019E44675S",770474,749,"2002-01-20T00:00:00",168.0192514770244,-44.6752945,59,0.02135579071798,0,0,0,9,"",0,168.0179202300785,-44.675994572834924,1483.0533,1727.1891,1581.7871,1585.7903,57.397827,179.87274,5,"COPDEM30",268
"RGI2000-v7.0-G-18-00107","18","18-01","G168010E44677S",770451,749,"2002-01-20T00:00:00",168.0102382908051,-44.676882500000005,59,0.046418134417481,0,0,0,9,"",0,168.00980035912465,-44.6761599980916,1420.5664,1917.6013,1762.2406,1726.3008,54.38125,175.70071,5,"COPDEM30",403
"RGI2000-v7.0-G-18-00108","18","18-01","G168007E44681S",770440,749,"2002-01-20T00:00:00",168.00689879385965,-44.680544499999996,59,0.01576619146557,0,0,0,9,"",0,168.0077223329442,-44.681006270838814,1198.0795,1303.164,1252.969,1249.8848,34.56439,149.85973,4,"COPDEM30",223
"RGI2000-v7.0-G-18-00109","18","18-01","G168002E44678S",770426,749,"2002-01-20T00:00:00",168.00213340384613,-44.678424,59,0.331477294031353,0,0,0,9,"",0,168.00516639190323,-44.679683856115474,1361.1797,1904.1172,1649.6603,1642.1725,37.60849,150.94324,4,"COPDEM30",760
"RGI2000-v7.0-G-18-00110","18","18-01","G168007E44672S",770439,749,"2002-01-20T00:00:00",168.00659488341967,-44.671638,59,0.295689051790243,0,0,0,9,"",0,168.01530541888962,-44.670369426838995,1875.9357,2194.3096,2038.0593,2032.9907,27.969961,30.973003,2,"COPDEM30",624
"RGI2000-v7.0-G-18-00111","18","18-01","G168031E44673S",770497,749,"2002-01-20T00:00:00",168.0292157432939,-44.672414,59,0.761502044525609,0,0,0,9,"",0,168.03474112519456,-44.67507799227344,1442.9811,2002.2269,1704.004,1719.3488,31.615154,157.90855,5,"COPDEM30",1130
"RGI2000-v7.0-G-18-00112","18","18-01","G168022E44655S",770481,749,"2002-01-20T00:00:00",168.02187824975852,-44.6553895,59,0.158835932706088,0,0,0,9,"",0,168.02314412238312,-44.65691839007347,1671.3447,1911.6976,1793.7957,1794.1644,30.819908,129.80428,4,"COPDEM30",416
"RGI2000-v7.0-G-18-00113","18","18-01","G168025E44649S",770480,749,"2002-01-20T00:00:00",168.02207732750438,-44.6487025,59,0.16478781170918,0,0,0,9,"",0,168.0272438524071,-44.64547623888977,1509.0831,1879.1368,1791.9974,1771.2754,34.942917,91.44962,3,"COPDEM30",1171
"RGI2000-v7.0-G-18-00114","18","18-01","G168028E44635S",770491,749,"2002-01-20T00:00:00",168.02558315021923,-44.6368925,59,0.173467465723365,0,0,0,9,"",0,168.03065489315566,-44.63586438996855,1424.809,1802.503,1633.1763,1619.9088,34.98661,97.20656,3,"COPDEM30",695
"RGI2000-v7.0-G-18-00115","18","18-01","G168032E44634S",770501,749,"2002-01-20T00:00:00",168.03205702775995,-44.633520000000004,59,0.018226573164408,0,0,0,9,"",0,168.0339334538302,-44.6332350019409,1422.5901,1602.6874,1487.311,1492.7731,37.23177,131.08727,4,"COPDEM30",301
"RGI2000-v7.0-G-18-00116","18","18-01","G168035E44632S",770510,749,"2002-01-20T00:00:00",168.0352338673913,-44.63214549999999,59,0.06699797032065,0,0,0,9,"",0,168.03723378967783,-44.63290960505017,1313.9335,1515.1072,1386.4763,1392.9023,30.680433,130.59811,4,"COPDEM30",348
"RGI2000-v7.0-G-18-00117","18","18-01","G168036E44627S",770512,749,"2002-01-20T00:00:00",168.03552092130917,-44.62686,59,0.015910313591559,0,0,0,9,"",0,168.03644080061636,-44.62705385167668,1805.539,1938.3135,1876.3588,1874.2277,40.451576,100.39328,3,"COPDEM30",164
"RGI2000-v7.0-G-18-00118","18","18-01","G168033E44625S",770507,749,"2002-01-20T00:00:00",168.03307347005332,-44.624891500000004,59,0.081038959564022,0,0,0,9,"",0,168.02847680734487,-44.62334100042172,1803.8169,2044.3375,1931.44,1927.781,29.794718,331.9565181732178,8,"COPDEM30",454
"RGI2000-v7.0-G-18-00119","18","18-01","G168029E44627S",770496,749,"2002-01-20T00:00:00",168.02940540087542,-44.627292499999996,59,0.074738707775,0,0,0,9,"",0,168.02562077401706,-44.62573817872424,1829.7227,2135.699,2038.487,2017.7124,33.97703,268.16246795654297,7,"COPDEM30",549
"RGI2000-v7.0-G-18-00120","18","18-01","G168025E44629S",770488,749,"2002-01-20T00:00:00",168.02435257525894,-44.630157,59,0.078132325544543,0,0,0,9,"",0,168.02335695853375,-44.6301484417484,1886.9056,2048.0623,1954.7859,1954.7719,29.479446,303.5447463989258,8,"COPDEM30",579
"RGI2000-v7.0-G-18-00121","18","18-01","G168019E44632S",770468,749,"2002-01-20T00:00:00",168.01838033465447,-44.6312165,59,0.01057322184615,0,0,0,9,"",0,168.01818936833408,-44.63148407169404,1740.0594,1855.7595,1802.9124,1804.4015,34.043053,218.3852081298828,6,"COPDEM30",230
"RGI2000-v7.0-G-18-00122","18","18-01","G168015E44613S",770460,749,"2002-01-20T00:00:00",168.01465329281277,-44.6132115,59,0.071636680411991,0,0,0,9,"",0,168.01148952708982,-44.614661780546015,756.2697,1049.9437,897.49615,900.4648,31.101469,216.8041076660156,6,"COPDEM30",560
"RGI2000-v7.0-G-18-00123","18","18-01","G168020E44606S",770479,749,"2002-01-20T00:00:00",168.02055432099428,-44.604682,59,1.7431533336916,0,0,0,9,"",0,168.01802511422858,-44.612055926212705,1158.2488,2700.024,1938.9905,1930.3489,36.300785,168.72095,5,"COPDEM30",2584
"RGI2000-v7.0-G-18-00124","18","18-01","G168023E44600S",770484,749,"2002-01-20T00:00:00",168.02344657068966,-44.599703500000004,59,0.014666496718617,0,0,0,9,"",0,168.02415658725565,-44.6003788498592,2245.336,2341.1396,2281.2837,2283.5679,25.45463,74.098465,3,"COPDEM30",276
"RGI2000-v7.0-G-18-00125","18","18-01","G168023E44598S",770483,749,"2002-01-20T00:00:00",168.02304114283547,-44.5978185,59,0.015091992968536,0,0,0,9,"",0,168.02305554659637,-44.5972174804997,2162.9954,2314.906,2255.8667,2249.8027,33.09022,24.287333,2,"COPDEM30",192
"RGI2000-v7.0-G-18-00126","18","18-01","G168024E44597S",770487,749,"2002-01-20T00:00:00",168.02413091985784,-44.5966495,59,0.032197964532028,0,0,0,9,"",0,168.02706740397844,-44.597347979779684,1871.663,2050.247,1939.4017,1941.203,38.205017,46.334686,2,"COPDEM30",251
"RGI2000-v7.0-G-18-00127","18","18-01","G168016E44595S",770463,749,"2002-01-20T00:00:00",168.0161249187105,-44.594824,59,0.199616347577253,0,0,0,9,"",0,168.02118948112835,-44.59541038450994,2135.7026,2708.826,2505.5073,2492.3005,38.680813,64.322174,2,"COPDEM30",721
"RGI2000-v7.0-G-18-00128","18","18-01","G168014E44591S",770459,749,"2002-01-20T00:00:00",168.01528637701614,-44.590959999999995,59,0.080108480592119,0,0,0,9,"",0,168.01805991219652,-44.59147166282974,2073.1753,2396.8462,2267.6765,2259.736,46.84875,63.437374,2,"COPDEM30",455
"RGI2000-v7.0-G-18-00129","18","18-01","G168025E44582S",770477,749,"2002-01-20T00:00:00",168.0204000882353,-44.5849525,59,0.511473496891596,0,0,0,9,"",0,168.02463352959916,-44.58157463642219,1616.762,2235.6199,1856.2673,1866.4387,29.130508,41.262203,2,"COPDEM30",1116
"RGI2000-v7.0-G-18-00130","18","18-01","G168019E44581S",770471,749,"2002-01-20T00:00:00",168.01892675077124,-44.580736,59,0.010546795302784,0,0,0,9,"",0,168.01938804962035,-44.58037656270075,1651.1759,1759.251,1710.9398,1707.6115,33.039337,18.645836,1,"COPDEM30",136
"RGI2000-v7.0-G-18-00131","18","18-01","G168010E44581S",770452,749,"2002-01-20T00:00:00",168.0111245,-44.582561,59,0.925933163640198,0,0,0,9,"",0,168.01177275647063,-44.57582688943243,1497.8542,2326.275,1917.5905,1925.259,29.071838,17.99337,1,"COPDEM30",1656
"RGI2000-v7.0-G-18-00132","18","18-01","G168004E44584S",770428,749,"2002-01-20T00:00:00",168.00375325,-44.584175,59,0.264399285190304,0,0,0,9,"",0,167.99706605050565,-44.57914222581655,1484.0419,2323.2402,1931.6655,1940.4279,36.13485,284.0407180786133,7,"COPDEM30",1671
"RGI2000-v7.0-G-18-00133","18","18-01","G168001E44582S",770421,749,"2002-01-20T00:00:00",167.99935884257278,-44.5756885,58,0.276737511109845,0,0,0,9,"",0,167.9962285592594,-44.57708977858705,1570.1346,1904.8232,1782.8734,1766.3656,26.409018,234.0432891845703,6,"COPDEM30",641
"RGI2000-v7.0-G-18-00134","18","18-01","G168005E44566S",770417,749,"2002-01-20T00:00:00",167.99551179044118,-44.570796,58,0.628663705013624,0,0,0,9,"",0,167.98937122622652,-44.57556339283494,1577.868,2050.478,1841.9752,1838.1273,23.45961,139.31013,4,"COPDEM30",1328
"RGI2000-v7.0-G-18-00135","18","18-01","G167990E44564S",770408,749,"2002-01-20T00:00:00",167.98857836355376,-44.5663545,58,0.711160821496864,0,0,0,9,"",0,167.98024006869613,-44.563743732096015,1697.1461,2121.6667,2003.2296,1987.2844,19.033785,269.5831451416016,7,"COPDEM30",1355
"RGI2000-v7.0-G-18-00136","18","18-01","G167980E44572S",770401,749,"2002-01-20T00:00:00",167.98031765670177,-44.572439,58,0.400252724065537,0,0,0,9,"",0,167.98729936490545,-44.575648944220966,1616.3987,2172.667,2031.0242,1985.882,24.644712,141.3158,4,"COPDEM30",881
"RGI2000-v7.0-G-18-00137","18","18-01","G167989E44587S",770399,749,"2002-01-20T00:00:00",167.97579316057693,-44.573848,58,0.048141234556947,0,0,0,9,"",0,167.97689580240902,-44.57592081419804,1569.4839,1864.4662,1744.132,1732.7058,39.21049,185.2129821777344,5,"COPDEM30",354
"RGI2000-v7.0-G-18-00138","18","18-01","G167970E44573S",770392,749,"2002-01-20T00:00:00",167.97020221521336,-44.5733,58,0.021983964401739,0,0,0,9,"",0,167.96969229472063,-44.57372620100402,1742.8851,1971.1381,1808.3899,1824.0148,49.02395,208.59210205078125,6,"COPDEM30",224
"RGI2000-v7.0-G-18-00139","18","18-01","G167968E44574S",770390,749,"2002-01-20T00:00:00",167.96830274369538,-44.5740805,58,0.013236985747525,0,0,0,9,"",0,167.9675445981355,-44.574441827866146,1607.2305,1721.8013,1654.9763,1656.7614,50.39166,215.40023803710932,6,"COPDEM30",149
"RGI2000-v7.0-G-18-00140","18","18-01","G167969E44569S",770391,749,"2002-01-20T00:00:00",167.96970046807064,-44.5704845,58,0.026060438631492,0,0,0,9,"",0,167.96877325385594,-44.56903939753395,1767.0045,1948.1193,1859.7479,1860.1658,32.684525,9.418122,1,"COPDEM30",370
"RGI2000-v7.0-G-18-00141","18","18-01","G167965E44571S",770388,749,"2002-01-20T00:00:00",167.96469831300814,-44.5709195,58,0.029763000847996,0,0,0,9,"",0,167.96437501486778,-44.57157036634423,1621.2322,1804.4227,1689.6959,1695.3295,48.439297,211.05967712402344,6,"COPDEM30",218
"RGI2000-v7.0-G-18-00142","18","18-01","G167975E44570S",770397,749,"2002-01-20T00:00:00",167.975241691582,-44.569764000000006,58,0.054591825561112,0,0,0,9,"",0,167.9760256783979,-44.56804759984556,1573.5903,1873.7507,1764.1814,1756.1459,35.306656,11.740883,1,"COPDEM30",473
"RGI2000-v7.0-G-18-00143","18","18-01","G167975E44579S",770398,749,"2002-01-20T00:00:00",167.9746375,-44.579244,58,0.01606229688215,0,0,0,9,"",0,167.97541799996887,-44.579571765851846,1592.4244,1703.7709,1630.3668,1632.8275,36.541023,109.88999,3,"COPDEM30",150
"RGI2000-v7.0-G-18-00144","18","18-01","G167973E44581S",770394,749,"2002-01-20T00:00:00",167.9722159520548,-44.581274500000006,58,0.045934057087952,0,0,0,9,"",0,167.97516556955043,-44.580916511747326,1602.3121,1807.0012,1726.6682,1718.0726,35.857445,103.25862,3,"COPDEM30",414
"RGI2000-v7.0-G-18-00145","18","18-01","G167969E44586S",770393,749,"2002-01-20T00:00:00",167.96972925414937,-44.5849065,58,0.040706459221126,0,0,0,9,"",0,167.97104872750032,-44.58630049929883,1629.4822,1832.9797,1720.0056,1722.604,37.635582,124.830536,4,"COPDEM30",319
"RGI2000-v7.0-G-18-00146","18","18-01","G167987E44585S",770405,749,"2002-01-20T00:00:00",167.98737255079777,-44.584609,58,0.014542291529899,0,0,0,9,"",0,167.9873701632742,-44.586050440201205,648.87115,1427.3784,919.64154,960.2119,55.964325,193.0855865478516,5,"COPDEM30",341
"RGI2000-v7.0-G-18-00147","18","18-01","G167989E44581S",770409,749,"2002-01-20T00:00:00",167.9886345904486,-44.581246,58,0.01640905048311,0,0,0,9,"",0,167.98940704063483,-44.58108959731992,1370.4028,1401.4764,1383.0269,1384.5878,16.093233,148.11134,4,"COPDEM30",159
"RGI2000-v7.0-G-18-00148","18","18-01","G168006E44595S",770432,749,"2002-01-20T00:00:00",168.0047350596362,-44.594656,59,0.146691483158421,0,0,0,9,"",0,168.0030124799226,-44.594932667158794,1880.5469,2523.5815,2067.2605,2078.3745,40.835556,243.9782333374024,6,"COPDEM30",664
"RGI2000-v7.0-G-18-00149","18","18-01","G168004E44600S",770433,749,"2002-01-20T00:00:00",168.0046065522541,-44.600275499999995,59,0.068637384008642,0,0,0,9,"",0,168.00140465938782,-44.600163650875274,1733.414,2062.6372,1906.4678,1901.1067,41.925556,250.58612060546875,7,"COPDEM30",475
"RGI2000-v7.0-G-18-00150","18","18-01","G168003E44604S",770434,749,"2002-01-20T00:00:00",168.00491190456688,-44.6035875,59,0.083138417350668,0,0,0,9,"",0,168.0016422737003,-44.60368056114313,1727.293,2014.7703,1892.679,1886.0695,38.648537,262.68971252441406,7,"COPDEM30",439
"RGI2000-v7.0-G-18-00151","18","18-01","G168032E44606S",770500,749,"2002-01-20T00:00:00",168.03217723099414,-44.6058525,59,0.011341502959687,0,0,0,9,"",0,168.03150737619922,-44.60594242784511,1886.058,1997.2905,1958.0515,1954.0586,38.189346,230.61802673339844,6,"COPDEM30",222
"RGI2000-v7.0-G-18-00152","18","18-01","G168038E44606S",770515,749,"2002-01-20T00:00:00",168.0383689924023,-44.605945500000004,59,0.015282687186893,0,0,0,9,"",0,168.03816874519978,-44.60513346173006,1649.8672,1847.8958,1697.0801,1713.2108,39.35957,6.115162,1,"COPDEM30",209
"RGI2000-v7.0-G-18-00153","18","18-01","G168041E44606S",770519,749,"2002-01-20T00:00:00",168.04134248789137,-44.6061005,59,0.013974099611841,0,0,0,9,"",0,168.040438,-44.605243,1698.3978,1878.7007,1796.874,1792.569,53.028164,14.1655,1,"COPDEM30",218
"RGI2000-v7.0-G-18-00154","18","18-01","G168044E44607S",770523,749,"2002-01-20T00:00:00",168.04373448142422,-44.609049999999996,59,0.323560084396534,0,0,0,9,"",0,168.04368430307164,-44.60505321219428,1712.5483,2370.1418,2103.3127,2095.8254,36.95077,353.7965135574341,1,"COPDEM30",819
"RGI2000-v7.0-G-18-00155","18","18-01","G168048E44609S",770536,749,"2002-01-20T00:00:00",168.04864867919497,-44.609534,59,0.145378779130365,0,0,0,9,"",0,168.05474985350816,-44.6079645428996,1778.7659,2343.2795,2048.473,2056.012,36.5588,36.51668,2,"COPDEM30",1187
"RGI2000-v7.0-G-18-00156","18","18-01","G168050E44606S",770540,749,"2002-01-20T00:00:00",168.04953284146342,-44.605729,59,0.011971203914972,0,0,0,9,"",0,168.05086560845498,-44.60504257711034,1857.8357,1994.676,1939.927,1937.2896,32.68758,25.820961,2,"COPDEM30",259
"RGI2000-v7.0-G-18-00157","18","18-01","G168054E44612S",770553,749,"2002-01-20T00:00:00",168.0536332072072,-44.6122915,59,0.075230701916131,0,0,0,9,"",0,168.05345593223228,-44.6134011764274,1841.2817,2170.4197,2049.9011,2039.5857,36.12663,98.747025,3,"COPDEM30",214
"RGI2000-v7.0-G-18-00158","18","18-01","G168049E44614S",770543,749,"2002-01-20T00:00:00",168.05073587007797,-44.614872500000004,59,0.106209661990257,0,0,0,9,"",0,168.05154728355805,-44.616618945817955,1928.1528,2359.8,2176.0378,2167.9023,43.882393,130.60446,4,"COPDEM30",542
"RGI2000-v7.0-G-18-00159","18","18-01","G168053E44619S",770548,749,"2002-01-20T00:00:00",168.05286688947368,-44.618604,59,0.025056693427573,0,0,0,9,"",0,168.05418704036296,-44.61907404220996,1518.4935,1703.9938,1569.4774,1583.0309,39.539165,96.85098,3,"COPDEM30",298
"RGI2000-v7.0-G-18-00160","18","18-01","G168051E44621S",770544,749,"2002-01-20T00:00:00",168.05087277027025,-44.620823,59,0.045642312548587,0,0,0,9,"",0,168.0508769780342,-44.623120023328276,1615.7404,1840.5275,1704.3528,1715.8353,34.733654,102.18482,3,"COPDEM30",533
"RGI2000-v7.0-G-18-00161","18","18-01","G168053E44622S",770549,749,"2002-01-20T00:00:00",168.05338879588393,-44.6216165,59,0.013308392626349,0,0,0,9,"",0,168.05339859120568,-44.62096479671405,1581.3303,1650.1758,1619.8693,1619.482,36.141823,34.794846,2,"COPDEM30",174
"RGI2000-v7.0-G-18-00162","18","18-01","G168056E44625S",770556,749,"2002-01-20T00:00:00",168.05559069841894,-44.624756000000005,59,0.095744414544289,0,0,0,9,"",0,168.05784331140185,-44.626386125488814,1571.0488,1778.1218,1701.5344,1693.026,32.3601,132.50117,4,"COPDEM30",404
"RGI2000-v7.0-G-18-00163","18","18-01","G168047E44622S",770531,749,"2002-01-20T00:00:00",168.0466104883721,-44.621912,59,0.05778086564872,0,0,0,9,"",0,168.04774002051582,-44.62252059195499,1690.6715,1920.246,1759.8274,1768.0906,39.533676,152.8576,4,"COPDEM30",369
"RGI2000-v7.0-G-18-00164","18","18-01","G168046E44619S",770528,749,"2002-01-20T00:00:00",168.04640177342998,-44.6186315,59,0.04336264905307,0,0,0,9,"",0,168.0474969633583,-44.62010138128385,1931.2662,2102.265,2027.8936,2025.7274,42.059677,114.75612,4,"COPDEM30",250
"RGI2000-v7.0-G-18-00165","18","18-01","G168034E44619S",770516,749,"2002-01-20T00:00:00",168.03764671322125,-44.6174595,59,1.430429317476389,0,0,0,9,"",0,168.02268239449225,-44.616793199194845,1420.3595,2460.308,1956.7147,1988.4252,26.188324,254.82746124267572,7,"COPDEM30",2198
"RGI2000-v7.0-G-18-00166","18","18-01","G168033E44610S",770506,749,"2002-01-20T00:00:00",168.03282132146603,-44.610475,59,0.169372035596909,0,0,0,9,"",0,168.03004238463134,-44.61008772549169,1608.6504,1964.4099,1758.9121,1758.5708,38.0956,267.2904663085937,7,"COPDEM30",525
"RGI2000-v7.0-G-18-00167","18","18-01","G168039E44594S",770509,749,"2002-01-20T00:00:00",168.0347835301161,-44.5937125,59,2.370580235216959,0,0,0,9,"",0,168.05287547028507,-44.59690485003854,1150.8024,2254.724,1457.085,1498.8511,23.394646,120.127396,4,"COPDEM30",3350
"RGI2000-v7.0-G-18-00168","18","18-01","G168032E44586S",770499,749,"2002-01-20T00:00:00",168.0324362297829,-44.586428999999995,59,0.04066187350765,0,0,0,9,"",0,168.03383654656503,-44.585244696997414,1754.2291,1944.3523,1850.8158,1853.2542,37.309418,354.4505729675293,1,"COPDEM30",457
"RGI2000-v7.0-G-18-00169","18","18-01","G168041E44585S",770518,749,"2002-01-20T00:00:00",168.04099618428552,-44.584889000000004,59,0.061159770937906,0,0,0,9,"",0,168.04184453082235,-44.58609990563201,1955.3854,2052.48,2007.0168,2008.4546,28.005127,147.10294,4,"COPDEM30",301
"RGI2000-v7.0-G-18-00170","18","18-01","G168045E44583S",770521,749,"2002-01-20T00:00:00",168.04324428199405,-44.5824895,59,0.101176279461885,0,0,0,9,"",0,168.0482552284384,-44.583420311531334,1638.0894,1977.4265,1803.4563,1813.3135,37.980213,47.704586,2,"COPDEM30",386
"RGI2000-v7.0-G-18-00171","18","18-01","G168046E44588S",770527,749,"2002-01-20T00:00:00",168.0462631187928,-44.5883075,59,0.234640730682028,0,0,0,9,"",0,168.04499537013035,-44.5913542072026,1528.0687,1973.9625,1673.7659,1694.8085,33.177357,177.6333,5,"COPDEM30",692
"RGI2000-v7.0-G-18-00172","18","18-01","G168054E44588S",770552,749,"2002-01-20T00:00:00",168.05367491263576,-44.587914,59,0.056818939392468,0,0,0,9,"",0,168.05468384749315,-44.589945791412894,1485.822,1722.9663,1626.1306,1624.1427,23.23252,129.73949,4,"COPDEM30",520
"RGI2000-v7.0-G-18-00173","18","18-01","G168065E44612S",770565,749,"2002-01-20T00:00:00",168.06535154484354,-44.611641500000005,59,0.015100502766744,0,0,0,9,"",0,168.06506319173755,-44.61195781033865,1549.1058,1645.2793,1594.5,1596.3994,37.40649,159.34418,5,"COPDEM30",124
"RGI2000-v7.0-G-18-00174","18","18-01","G168060E44616S",770561,749,"2002-01-20T00:00:00",168.06193851957423,-44.616771,59,0.351605835832765,0,0,0,9,"",0,168.06915230383214,-44.61586525537529,927.419,1474.8813,1213.3083,1200.9105,27.845972,104.82606,3,"COPDEM30",1133
"RGI2000-v7.0-G-18-00175","18","18-01","G168068E44627S",770571,749,"2002-01-20T00:00:00",168.06758280624842,-44.627389,59,0.01936501132374,0,0,0,9,"",0,168.06727477244925,-44.62863300489532,1527.5356,1751.0726,1693.8936,1669.9309,37.82814,185.8901824951172,5,"COPDEM30",283
"RGI2000-v7.0-G-18-00176","18","18-01","G168043E44626S",770524,749,"2002-01-20T00:00:00",168.04369765925924,-44.625777,59,0.431514250818709,0,0,0,9,"",0,168.04951918235224,-44.629231612755106,1143.6759,1959.8033,1575.1416,1554.1016,33.525448,142.29674,4,"COPDEM30",1497
"RGI2000-v7.0-G-18-00177","18","18-01","G167962E44633S",770387,749,"2002-01-20T00:00:00",167.9613221981132,-44.6331775,58,0.016044441677731,0,0,0,9,"",0,167.96253467598987,-44.6337787170883,1448.1733,1570.8927,1506.4053,1503.0717,34.28907,139.238,4,"COPDEM30",213
"RGI2000-v7.0-G-18-00178","18","18-01","G167956E44641S",770385,749,"2002-01-20T00:00:00",167.95936087056737,-44.6369675,58,0.030854530381835,0,0,0,9,"",0,167.9601730129592,-44.63707133706841,1406.8993,1711.7332,1580.7705,1591.9977,52.20551,146.31168,4,"COPDEM30",125
"RGI2000-v7.0-G-18-00179","18","18-01","G167961E44619S",770386,749,"2002-01-20T00:00:00",167.96072786480497,-44.618485,58,0.017334849806063,0,0,0,9,"",0,167.96206557642498,-44.61798987752422,1482.2136,1634.848,1567.3252,1562.5175,41.26099,102.911156,3,"COPDEM30",235
"RGI2000-v7.0-G-18-00180","18","18-01","G167958E44601S",770384,749,"2002-01-20T00:00:00",167.95785350009254,-44.600804,58,0.024779032844413,0,0,0,9,"",0,167.95975536609836,-44.60106020784555,1984.3241,2055.5776,2022.1653,2019.7993,23.11186,60.615112,2,"COPDEM30",296
"RGI2000-v7.0-G-18-00181","18","18-01","G167954E44595S",770382,749,"2002-01-20T00:00:00",167.9542557561998,-44.5948295,58,0.012248351437029,0,0,0,9,"",0,167.95520372667892,-44.595464098434796,2012.9216,2152.9333,2107.1138,2105.2969,30.82367,129.57693,4,"COPDEM30",223
"RGI2000-v7.0-G-18-00182","18","18-01","G167956E44595S",770383,749,"2002-01-20T00:00:00",167.95605021808512,-44.593886,58,0.123710480438251,0,0,0,9,"",0,167.95730689928473,-44.595971871924014,1867.4368,2176.6008,2041.665,2042.2715,36.187847,102.041245,3,"COPDEM30",510
"RGI2000-v7.0-G-18-00183","18","18-01","G168014E44570S",770457,749,"2002-01-20T00:00:00",168.01359277506458,-44.570327000000006,59,0.058644059363377,0,0,0,9,"",0,168.01177444705505,-44.5698032552062,1380.7139,1519.7827,1443.8335,1443.0642,27.928158,281.6520538330078,7,"COPDEM30",357
"RGI2000-v7.0-G-18-00184","18","18-01","G168006E44565S",770455,749,"2002-01-20T00:00:00",168.01242392857142,-44.564821499999994,59,1.342244761753293,0,0,0,9,"",0,168.01766501305198,-44.56602090456266,1382.4725,2057.6995,1681.4753,1670.493,27.900478,136.60591,4,"COPDEM30",1867
"RGI2000-v7.0-G-18-00185","18","18-01","G168019E44561S",770467,749,"2002-01-20T00:00:00",168.01807731495137,-44.559667000000005,59,0.17145425921583,0,0,0,9,"",0,168.0236327571648,-44.55721642484056,1441.9287,1747.1912,1639.302,1630.3303,27.45018,109.85827,3,"COPDEM30",764
"RGI2000-v7.0-G-18-00186","18","18-01","G168017E44558S",770454,749,"2002-01-20T00:00:00",168.01220452228839,-44.5580975,59,0.148678774886144,0,0,0,9,"",0,168.01732176428104,-44.55752770235176,1586.4993,1877.6952,1753.7556,1751.5707,30.181986,27.089777,2,"COPDEM30",860
"RGI2000-v7.0-G-18-00187","18","18-01","G168003E44560S",770438,749,"2002-01-20T00:00:00",168.00694471721354,-44.5575005,59,0.012937331107805,0,0,0,9,"",0,168.00877723679721,-44.55642067798526,1691.6233,1874.1215,1796.2993,1792.9307,35.94485,358.62624204158783,1,"COPDEM30",316
"RGI2000-v7.0-G-18-00188","18","18-01","G168009E44552S",770446,749,"2002-01-20T00:00:00",168.00943437609646,-44.554373,59,0.036348558350716,0,0,0,9,"",0,168.01092946428852,-44.55371037223058,1500.1229,1627.3834,1571.4885,1571.0793,32.742264,70.654076,3,"COPDEM30",353
"RGI2000-v7.0-G-18-00189","18","18-01","G168006E44554S",770443,749,"2002-01-20T00:00:00",168.00761822355508,-44.553789,59,0.012602956796571,0,0,0,9,"",0,168.00789241539314,-44.55404043706782,1626.1527,1672.2994,1656.4493,1653.4457,22.082848,107.04038,3,"COPDEM30",163
"RGI2000-v7.0-G-18-00190","18","18-01","G168016E44555S",770462,749,"2002-01-20T00:00:00",168.01634661263736,-44.5551445,59,0.01506066984404,0,0,0,9,"",0,168.01708923963437,-44.55469734443633,1379.6934,1473.3488,1412.8694,1417.4633,29.014921,35.487804,2,"COPDEM30",187
"RGI2000-v7.0-G-18-00191","18","18-01","G168008E44546S",770442,749,"2002-01-20T00:00:00",168.00771262511347,-44.546155,59,0.039929463219831,0,0,0,9,"",0,168.00888249641937,-44.545570832947064,1593.7623,1682.8995,1638.0226,1640.2822,23.290035,116.04182,4,"COPDEM30",166
"RGI2000-v7.0-G-18-00192","18","18-01","G168008E44544S",770441,749,"2002-01-20T00:00:00",168.0080708990228,-44.54419,59,0.014970642954647,0,0,0,9,"",0,168.00838625536386,-44.5448035053947,1640.1262,1704.0378,1671.6583,1673.7306,25.67658,124.748764,4,"COPDEM30",168
"RGI2000-v7.0-G-18-00193","18","18-01","G168010E44543S",770450,749,"2002-01-20T00:00:00",168.0098607888589,-44.5426485,59,0.021720207573918,0,0,0,9,"",0,168.01212883753516,-44.54234436800731,1542.4999,1683.3284,1639.1471,1624.5736,28.87437,97.3154,3,"COPDEM30",291
"RGI2000-v7.0-G-18-00194","18","18-01","G168009E44540S",770445,749,"2002-01-20T00:00:00",168.0091735,-44.540106,59,0.099570268809131,0,0,0,9,"",0,168.01249000000843,-44.5408220742779,1517.4181,1695.4928,1650.1925,1641.9613,25.590939,111.564896,3,"COPDEM30",404
"RGI2000-v7.0-G-18-00195","18","18-01","G168005E44545S",770431,749,"2002-01-20T00:00:00",168.00529503920743,-44.54485,59,0.010683892005042,0,0,0,9,"",0,168.00495453584628,-44.5456485086352,1523.8372,1622.1361,1568.9109,1570.0492,39.305187,264.63147735595703,7,"COPDEM30",259
"RGI2000-v7.0-G-18-00196","18","18-01","G168030E44548S",770498,749,"2002-01-20T00:00:00",168.02966466349977,-44.547724,59,0.029477826466987,0,0,0,9,"",0,168.03139501157094,-44.547368298631206,1615.162,1674.8677,1657.8586,1655.7189,24.464373,142.48125,4,"COPDEM30",163
"RGI2000-v7.0-G-18-00197","18","18-01","G167880E44573S",770367,749,"2002-01-20T00:00:00",167.8806747801047,-44.5712155,58,0.42534338518327,0,0,0,9,"",0,167.8782615299229,-44.57364370029798,1565.8585,2008.1962,1774.5837,1785.4854,32.130142,180.41329956054688,5,"COPDEM30",1132
"RGI2000-v7.0-G-18-00198","18","18-01","G167880E44576S",770366,749,"2002-01-20T00:00:00",167.87977764710485,-44.575792,58,0.037411980418384,0,0,0,9,"",0,167.8801723379199,-44.57627237880354,1288.4946,1411.843,1334.407,1338.0504,36.01086,156.44827,4,"COPDEM30",282
"RGI2000-v7.0-G-18-00199","18","18-01","G167828E44655S",770360,749,"2002-01-20T00:00:00",167.82757226109248,-44.6550875,58,0.016632813395059,0,0,0,9,"",0,167.82751799999843,-44.655823552552086,1479.1775,1636.101,1551.3903,1554.7041,46.601215,173.10056,5,"COPDEM30",174
"RGI2000-v7.0-G-18-00200","18","18-01","G167820E44653S",770359,749,"2002-01-20T00:00:00",167.81542100000001,-44.654086500000005,58,0.010504366230319,0,0,0,9,"",0,167.8158109999936,-44.65412586777419,1491.4523,1623.9105,1534.4653,1542.6079,55.38217,124.15283,4,"COPDEM30",137
"RGI2000-v7.0-G-18-00201","18","18-01","G167808E44654S",770358,749,"2002-01-20T00:00:00",167.810245975,-44.65353,58,0.189208554208849,0,0,0,9,"",0,167.8089169560431,-44.65250786816184,1686.2748,1841.009,1737.2725,1737.6442,18.181898,318.1695213317871,8,"COPDEM30",574
"RGI2000-v7.0-G-18-00202","18","18-01","G167808E44661S",770356,749,"2002-01-20T00:00:00",167.80832897634886,-44.659579,58,0.112470260079641,0,0,0,9,"",0,167.80682189353908,-44.66163228317342,1641.9059,1897.8749,1771.6558,1774.8893,31.667717,170.52452,5,"COPDEM30",474
"RGI2000-v7.0-G-18-00203","18","18-01","G167810E44665S",770357,749,"2002-01-20T00:00:00",167.80881875147492,-44.665051500000004,58,0.195380349348997,0,0,0,9,"",0,167.80846427453153,-44.66648321817674,1318.34,1437.8285,1326.9751,1332.1486,9.672233,161.44687,5,"COPDEM30",483
"RGI2000-v7.0-G-18-00204","18","18-01","G167794E44656S",770354,749,"2002-01-20T00:00:00",167.79507996347402,-44.6556545,58,0.090911987896954,0,0,0,9,"",0,167.79452859863702,-44.657449489515905,1333.127,1579.8351,1422.4624,1428.0671,28.956873,179.94487,5,"COPDEM30",624
"RGI2000-v7.0-G-18-00205","18","18-01","G167764E44698S",770347,749,"2002-01-20T00:00:00",167.76526587459148,-44.6997145,58,0.02715066451466,0,0,0,9,"",0,167.76586548109717,-44.700953824454984,1313.8762,1466.953,1394.4954,1391.1978,28.574755,150.10422,4,"COPDEM30",305
"RGI2000-v7.0-G-18-00206","18","18-01","G167728E44715S",770340,749,"2002-01-20T00:00:00",167.723592845253,-44.711621,58,0.016146910213053,0,0,0,9,"",0,167.72497228311715,-44.71075682070397,1664.5935,1716.1857,1697.3501,1695.2561,19.888512,80.6831,3,"COPDEM30",244
"RGI2000-v7.0-G-18-00207","18","18-01","G167719E44715S",770338,749,"2002-01-20T00:00:00",167.72055695545976,-44.7141535,58,0.018537544658644,0,0,0,9,"",0,167.72013780059387,-44.71479844185131,1614.6282,1705.085,1673.3369,1666.6398,32.730305,187.65701293945312,5,"COPDEM30",140
"RGI2000-v7.0-G-18-00208","18","18-01","G167730E44723S",770341,749,"2002-01-20T00:00:00",167.73011594855595,-44.7219455,58,0.037176807400302,0,0,0,9,"",0,167.72952744082608,-44.72283342021788,1576.3599,1700.1455,1639.7147,1639.1984,32.345646,193.0098114013672,5,"COPDEM30",217
"RGI2000-v7.0-G-18-00209","18","18-01","G167788E44784S",770351,749,"2002-01-20T00:00:00",167.78369745454546,-44.782454,58,0.136855312767355,0,0,0,9,"",0,167.78808036231115,-44.78384208736025,1555.0846,1832.8333,1696.352,1694.0231,37.489197,166.1818,5,"COPDEM30",524
"RGI2000-v7.0-G-18-00210","18","18-01","G167790E44782S",770353,749,"2002-01-20T00:00:00",167.7901622654684,-44.782388999999995,58,0.020259426645349,0,0,0,9,"",0,167.7913499808478,-44.78353140196259,1561.0334,1684.7444,1649.0002,1638.9172,25.722055,173.66304,5,"COPDEM30",326
"RGI2000-v7.0-G-18-00211","18","18-01","G167806E44772S",770355,749,"2002-01-20T00:00:00",167.80617060126582,-44.7718,58,0.023517661596519,0,0,0,9,"",0,167.80624738567687,-44.772364634200486,1579.443,1674.5376,1623.1293,1623.8136,38.005524,151.83476,4,"COPDEM30",142
"RGI2000-v7.0-G-18-00212","18","18-01","G167832E44792S",770361,749,"2002-01-20T00:00:00",167.8310834593209,-44.79165,58,0.012000204310492,0,0,0,9,"",0,167.83312091409533,-44.791985928873345,1186.4991,1285.91,1239.2156,1235.5337,27.417643,108.33388,3,"COPDEM30",232
"RGI2000-v7.0-G-18-00213","18","18-01","G167747E44809S",770343,749,"2002-01-20T00:00:00",167.74555675863186,-44.8081205,58,0.050740180957551,0,0,0,9,"",0,167.74862643191162,-44.80767819535844,1483.0901,1689.2222,1584.4365,1589.2239,43.591125,141.48465,4,"COPDEM30",507
"RGI2000-v7.0-G-18-00214","18","18-01","G167714E44801S",770334,749,"2002-01-20T00:00:00",167.7121613103963,-44.7992085,58,0.232065739157163,0,0,0,9,"",0,167.71518930775483,-44.80097925897816,1577.2218,1859.5133,1735.909,1737.255,27.34697,159.77132,5,"COPDEM30",546
"RGI2000-v7.0-G-18-00215","18","18-01","G167883E44730S",770368,749,"2002-01-20T00:00:00",167.88285842431316,-44.7297265,58,0.097018389961611,0,0,0,9,"",0,167.87958431592563,-44.73062341248662,1530.1497,1713.5265,1619.647,1625.2578,29.765907,183.08187866210932,5,"COPDEM30",400
"RGI2000-v7.0-G-18-00216","18","18-01","G167897E44718S",770370,749,"2002-01-20T00:00:00",167.8965100256681,-44.717541499999996,58,0.070408339911957,0,0,0,9,"",0,167.89731762116082,-44.718806633100975,1398.5521,1579.6342,1501.7103,1505.4614,37.17366,158.39738,5,"COPDEM30",230
"RGI2000-v7.0-G-18-00217","18","18-01","G167906E44737S",770371,749,"2002-01-20T00:00:00",167.90596727750736,-44.737383,58,0.020192092616065,0,0,0,9,"",0,167.90590962458154,-44.738561659535144,1617.3557,1732.874,1670.5037,1671.4669,30.587994,217.95086669921875,6,"COPDEM30",268
"RGI2000-v7.0-G-18-00218","18","18-01","G167910E44738S",770372,749,"2002-01-20T00:00:00",167.90974109293683,-44.73787,58,0.033587535020777,0,0,0,9,"",0,167.91154695912311,-44.73864644512838,1542.9604,1683.2303,1635.8856,1629.1836,30.74033,153.113,4,"COPDEM30",266
"RGI2000-v7.0-G-18-00219","18","18-01","G167914E44738S",770373,749,"2002-01-20T00:00:00",167.91399909487876,-44.737759499999996,58,0.031073837977745,0,0,0,9,"",0,167.91399859479608,-44.73826148146282,1591.4128,1709.1605,1657.4963,1656.1798,43.3971,196.43801879882807,5,"COPDEM30",130
"RGI2000-v7.0-G-18-00220","18","18-01","G167918E44737S",770374,749,"2002-01-20T00:00:00",167.9178216284849,-44.737254500000006,58,0.020873665987867,0,0,0,9,"",0,167.91892310334157,-44.73792909335361,1656.9441,1759.2386,1693.0516,1696.63,28.887447,91.458786,3,"COPDEM30",307
"RGI2000-v7.0-G-18-00221","18","18-01","G167918E44773S",770375,749,"2002-01-20T00:00:00",167.91805954120267,-44.773018,58,0.029830229073327,0,0,0,9,"",0,167.9190825494384,-44.77178628910791,1741.8655,1868.0795,1799.2816,1805.2826,29.648163,82.68535,3,"COPDEM30",197
"RGI2000-v7.0-G-18-00222","18","18-01","G167922E44777S",770376,749,"2002-01-20T00:00:00",167.92203414818113,-44.777051,58,0.020030726341767,0,0,0,9,"",0,167.9227302664018,-44.77766967436791,1648.61,1813.4192,1753.8214,1740.9198,39.941795,166.57321,5,"COPDEM30",254
"RGI2000-v7.0-G-18-00223","18","18-01","G167974E44753S",770395,749,"2002-01-20T00:00:00",167.9724355572935,-44.7500935,58,0.022699380456109,0,0,0,9,"",0,167.97346855514058,-44.75098739403691,1638.9608,1739.8798,1676.6841,1680.4763,26.948729,214.07763671875,6,"COPDEM30",221
"RGI2000-v7.0-G-18-00224","18","18-01","G167976E44750S",770400,749,"2002-01-20T00:00:00",167.97634164885096,-44.7495195,58,0.027560464090884,0,0,0,9,"",0,167.9758626332329,-44.75085820056193,1774.0739,1895.7765,1845.5399,1844.1172,28.059023,146.71027,4,"COPDEM30",259
"RGI2000-v7.0-G-18-00225","18","18-01","G167987E44750S",770407,749,"2002-01-20T00:00:00",167.9881249238383,-44.747723500000006,58,0.384340713891476,0,0,0,9,"",0,167.98671238807142,-44.7501261236264,1632.5358,1990.7787,1789.6669,1798.8066,28.016443,197.701889038086,5,"COPDEM30",772
"RGI2000-v7.0-G-18-00226","18","18-01","G167994E44747S",770413,749,"2002-01-20T00:00:00",167.9941967087242,-44.7472255,58,0.038743649137775,0,0,0,9,"",0,167.99460288095224,-44.74587500020157,1826.0875,1962.9796,1922.7485,1914.3958,34.50542,56.876953,2,"COPDEM30",296
"RGI2000-v7.0-G-18-00227","18","18-01","G167997E44747S",770418,749,"2002-01-20T00:00:00",167.99651514084508,-44.746618999999995,58,0.01222795206071,0,0,0,9,"",0,167.99677082811434,-44.74604486139921,1768.2174,1846.7185,1800.5479,1801.3405,26.977331,48.881065,2,"COPDEM30",168
"RGI2000-v7.0-G-18-00228","18","18-01","G167999E44745S",770412,749,"2002-01-20T00:00:00",167.99323719004298,-44.743827499999995,58,0.037178673143816,0,0,0,9,"",0,167.99607188105733,-44.744592299778425,1716.384,1895.6552,1806.8788,1806.0168,42.57669,57.08069,2,"COPDEM30",277
"RGI2000-v7.0-G-18-00229","18","18-01","G167994E44750S",770414,749,"2002-01-20T00:00:00",167.99394469243975,-44.7499775,58,0.011009667502647,0,0,0,9,"",0,167.99312983092472,-44.750702915331885,1809.4742,1917.3168,1875.8157,1873.9253,45.2066,241.72006225585932,6,"COPDEM30",121
"RGI2000-v7.0-G-18-00230","18","18-01","G167995E44752S",770415,749,"2002-01-20T00:00:00",167.99538628970674,-44.7523555,58,0.073577798191941,0,0,0,9,"",0,167.99388006811466,-44.75483533318006,1693.0067,2007.0856,1868.3204,1866.6171,35.75962,238.5571975708008,6,"COPDEM30",522
"RGI2000-v7.0-G-18-00231","18","18-01","G167999E44750S",770422,749,"2002-01-20T00:00:00",167.99896972144512,-44.750296500000005,58,0.063101716984435,0,0,0,9,"",0,168.0033872442619,-44.75006108138489,1759.6638,1953.6582,1869.2554,1864.7614,29.999569,54.541824,2,"COPDEM30",408
"RGI2000-v7.0-G-18-00232","18","18-01","G168000E44755S",770424,749,"2002-01-20T00:00:00",168.001488,-44.752742,59,0.177220631408488,0,0,0,9,"",0,168.0011105079059,-44.754823659277285,1629.3882,1861.6986,1747.9222,1744.8529,35.693794,134.58168,4,"COPDEM30",349
"RGI2000-v7.0-G-18-00233","18","18-01","G168057E44744S",770558,749,"2002-01-20T00:00:00",168.05686837551534,-44.744054500000004,59,0.043430100067444,0,0,0,9,"",0,168.05616543432237,-44.742679089298875,1734.9684,1894.7074,1808.5914,1808.562,35.229355,302.81640243530273,8,"COPDEM30",367
"RGI2000-v7.0-G-18-00234","18","18-01","G168063E44742S",770560,749,"2002-01-20T00:00:00",168.0605285,-44.743321,59,0.336404282411047,0,0,0,9,"",0,168.05840081583779,-44.737831086097984,1592.3751,1958.8833,1817.2053,1815.4813,34.007603,27.226864,2,"COPDEM30",1577
"RGI2000-v7.0-G-18-00235","18","18-01","G168072E44756S",770569,749,"2002-01-20T00:00:00",168.06585676808908,-44.749926,59,0.518037180245154,0,0,0,9,"",0,168.05624914921412,-44.750537901347506,1536.9827,1960.7999,1735.9248,1742.7715,38.143986,192.2399444580078,5,"COPDEM30",1555
"RGI2000-v7.0-G-18-00236","18","18-01","G168073E44748S",770577,749,"2002-01-20T00:00:00",168.07333906177706,-44.748021,59,0.04574197236538,0,0,0,9,"",0,168.07397746223435,-44.74635400965151,1732.98,1942.5571,1844.9814,1844.8862,31.016312,23.595959,2,"COPDEM30",430
"RGI2000-v7.0-G-18-00237","18","18-01","G168080E44747S",770579,749,"2002-01-20T00:00:00",168.07798601196362,-44.7503715,59,0.178546940437418,0,0,0,9,"",0,168.0816754858555,-44.749917976197715,1663.0056,1915.8522,1761.7859,1763.211,26.937323,53.139263,2,"COPDEM30",1044
"RGI2000-v7.0-G-18-00238","18","18-01","G168078E44755S",770580,749,"2002-01-20T00:00:00",168.07826766315137,-44.754585,59,0.189317251524632,0,0,0,9,"",0,168.07575806925632,-44.75481923567301,1596.6337,1914.2692,1756.4274,1746.415,33.15736,253.6770248413086,7,"COPDEM30",539
"RGI2000-v7.0-G-18-00239","18","18-01","G168072E44755S",770575,749,"2002-01-20T00:00:00",168.07156222867624,-44.754959,59,0.147556064943732,0,0,0,9,"",0,168.0678449884344,-44.75663965068259,1380.8063,1580.3668,1471.2378,1472.453,22.725782,207.05319213867188,6,"COPDEM30",689
"RGI2000-v7.0-G-18-00240","18","18-01","G168078E44762S",770581,749,"2002-01-20T00:00:00",168.07827535247193,-44.761877,59,0.043525558840576,0,0,0,9,"",0,168.07775735066735,-44.76037845827183,1651.7905,1764.974,1685.1809,1692.9596,27.080132,275.7445068359375,7,"COPDEM30",445
"RGI2000-v7.0-G-18-00241","18","18-01","G168083E44763S",770585,749,"2002-01-20T00:00:00",168.08182424501257,-44.763274499999994,59,0.022985393203534,0,0,0,9,"",0,168.08312300000728,-44.76282799294536,1790.2681,1861.4877,1830.7256,1831.0662,22.180647,76.255875,3,"COPDEM30",193
"RGI2000-v7.0-G-18-00242","18","18-01","G168078E44768S",770582,749,"2002-01-20T00:00:00",168.07922489941612,-44.7657205,59,0.038632042467592,0,0,0,9,"",0,168.07817776531508,-44.76673968448638,1606.2747,1806.2639,1682.8054,1688.6259,34.233852,211.75408935546875,6,"COPDEM30",300
"RGI2000-v7.0-G-18-00243","18","18-01","G168082E44766S",770586,749,"2002-01-20T00:00:00",168.08197981209503,-44.7664615,59,0.019353832349131,0,0,0,9,"",0,168.08142405243748,-44.767231591722,1727.067,1821.1953,1769.2585,1770.7616,31.656183,221.627670288086,6,"COPDEM30",170
"RGI2000-v7.0-G-18-00244","18","18-01","G168081E44770S",770584,749,"2002-01-20T00:00:00",168.08135700000003,-44.7700685,59,0.067191563771141,0,0,0,9,"",0,168.08157138697305,-44.77190750133001,1554.5941,1842.3143,1700.7107,1696.8604,30.359188,179.98349,5,"COPDEM30",649
"RGI2000-v7.0-G-18-00245","18","18-01","G168084E44770S",770587,749,"2002-01-20T00:00:00",168.08571452080443,-44.770943,59,0.08041527851454,0,0,0,9,"",0,168.0857659619796,-44.77290791935813,1652.6401,2009.2604,1828.5371,1824.648,35.622753,194.8366851806641,5,"COPDEM30",562
"RGI2000-v7.0-G-18-00246","18","18-01","G168088E44774S",770589,749,"2002-01-20T00:00:00",168.08864,-44.7746305,59,0.025228735007871,0,0,0,9,"",0,168.08847873600257,-44.77563940274647,1577.2395,1723.4686,1627.3682,1631.9312,27.8105,219.5718994140625,6,"COPDEM30",277
"RGI2000-v7.0-G-18-00247","18","18-01","G168093E44771S",770592,749,"2002-01-20T00:00:00",168.09270535129474,-44.7707925,59,0.011791092588973,0,0,0,9,"",0,168.09338045985885,-44.77079871169667,1605.2819,1687.7646,1632.2036,1636.0099,35.679733,108.63054,3,"COPDEM30",151
"RGI2000-v7.0-G-18-00248","18","18-01","G168092E44768S",770591,749,"2002-01-20T00:00:00",168.09307804798618,-44.768103499999995,59,0.021637162889043,0,0,0,9,"",0,168.09313376713143,-44.76893629187689,1693.4337,1897.0009,1768.908,1776.7263,45.06376,134.45059,4,"COPDEM30",202
"RGI2000-v7.0-G-18-00249","18","18-01","G168087E44765S",770588,749,"2002-01-20T00:00:00",168.08690720770772,-44.765325000000004,59,0.014586563468138,0,0,0,9,"",0,168.0872838788494,-44.764441202178745,1636.9913,1772.9155,1707.224,1707.9607,39.463654,30.269907,2,"COPDEM30",214
"RGI2000-v7.0-G-18-00250","18","18-01","G168093E44759S",770590,749,"2002-01-20T00:00:00",168.090437014634,-44.7577275,59,0.321329136085742,0,0,0,9,"",0,168.09350007350136,-44.75838819575033,1442.9414,1826.9353,1552.0043,1571.8113,27.772423,128.42436,4,"COPDEM30",1100
"RGI2000-v7.0-G-18-00251","18","18-01","G168097E44777S",770594,749,"2002-01-20T00:00:00",168.09663331488667,-44.776795,59,0.016470154487674,0,0,0,9,"",0,168.09730304723718,-44.77699874289081,1623.8645,1720.2648,1666.8115,1667.6831,35.877728,118.78941,4,"COPDEM30",141
"RGI2000-v7.0-G-18-00252","18","18-01","G168095E44779S",770593,749,"2002-01-20T00:00:00",168.0940097985437,-44.777673,59,0.026584702638407,0,0,0,9,"",0,168.0946930843838,-44.77930332801305,1584.667,1791.6038,1686.0092,1686.9812,40.20236,135.19421,4,"COPDEM30",393
"RGI2000-v7.0-G-18-00253","18","18-01","G168072E44803S",770576,749,"2002-01-20T00:00:00",168.0724194248228,-44.802983499999996,59,0.017244945952418,0,0,0,9,"",0,168.0722649815149,-44.803945179361094,1659.3818,1787.2795,1715.6487,1719.9768,32.033516,171.49693,5,"COPDEM30",216
"RGI2000-v7.0-G-18-00254","18","18-01","G168072E44804S",770570,749,"2002-01-20T00:00:00",168.0669194942889,-44.8012165,59,0.037101884646271,0,0,0,9,"",0,168.06652616420922,-44.80230611251272,1696.4005,1872.0531,1753.8427,1768.0034,38.38456,167.7688,5,"COPDEM30",242
"RGI2000-v7.0-G-18-00255","18","18-01","G168063E44801S",770564,749,"2002-01-20T00:00:00",168.06347572222222,-44.800596,59,0.054830302067704,0,0,0,9,"",0,168.06189592901885,-44.80170963172879,1644.5142,1928.5056,1782.2443,1785.8881,44.003616,215.1581268310547,6,"COPDEM30",379
"RGI2000-v7.0-G-18-00256","18","18-01","G168054E44799S",770551,749,"2002-01-20T00:00:00",168.05332905845071,-44.7982945,59,0.16458741180614,0,0,0,9,"",0,168.05267632851732,-44.80031182803928,1564.72,1949.9738,1710.339,1714.9133,37.335686,178.28008,5,"COPDEM30",484
"RGI2000-v7.0-G-18-00257","18","18-01","G168069E44736S",770573,749,"2002-01-20T00:00:00",168.06843978442262,-44.734432,59,0.133859524808084,0,0,0,9,"",0,168.07054414582305,-44.736759734736225,865.8306,1036.0431,961.1806,961.9034,25.98675,128.56834,4,"COPDEM30",857
"RGI2000-v7.0-G-18-00258","18","18-01","G168066E44731S",770568,749,"2002-01-20T00:00:00",168.06568984026194,-44.7311495,59,0.022946145835211,0,0,0,9,"",0,168.06573432011012,-44.73221435368509,1343.1989,1542.7386,1450.2217,1449.12,52.315536,138.04494,4,"COPDEM30",228
"RGI2000-v7.0-G-18-00259","18","18-01","G168063E44728S",770563,749,"2002-01-20T00:00:00",168.06253196507353,-44.7278125,59,0.013235552333712,0,0,0,9,"",0,168.062191696134,-44.727030486723095,1964.519,2036.0573,2006.2633,2004.5756,28.24312,32.25974,2,"COPDEM30",178
"RGI2000-v7.0-G-18-00260","18","18-01","G168066E44726S",770567,749,"2002-01-20T00:00:00",168.06575697830135,-44.725711000000004,59,0.014803577763544,0,0,0,9,"",0,168.06630042289694,-44.72533269424704,1842.8721,1930.8654,1884.6672,1885.8838,29.920547,348.5968322753906,1,"COPDEM30",127
"RGI2000-v7.0-G-18-00261","18","18-01","G168071E44728S",770574,749,"2002-01-20T00:00:00",168.07086891666665,-44.7279295,59,0.042927742980253,0,0,0,9,"",0,168.0720737365239,-44.72871600023657,1470.632,1846.3204,1627.655,1634.4316,58.98649,159.09702,5,"COPDEM30",254
"RGI2000-v7.0-G-18-00262","18","18-01","G168078E44727S",770578,749,"2002-01-20T00:00:00",168.07773331950727,-44.7265425,59,0.013673220956358,0,0,0,9,"",0,168.07729864913432,-44.72704561821729,1711.5178,1962.0504,1816.1155,1815.45,60.550602,170.58916,5,"COPDEM30",181
"RGI2000-v7.0-G-18-00263","18","18-01","G168080E44685S",770583,749,"2002-01-20T00:00:00",168.08140928068184,-44.684911,59,0.069842097637395,0,0,0,9,"",0,168.08196269089117,-44.686136859928936,1660.7966,1881.8181,1771.6256,1775.66,38.44266,101.76882,3,"COPDEM30",397
"RGI2000-v7.0-G-18-00264","18","18-01","G168201E44644S",770598,749,"2002-01-20T00:00:00",168.20230279556444,-44.644571,59,0.293858553479103,0,0,0,9,"",0,168.2042540121646,-44.6468489843972,1614.7506,1947.5851,1832.1024,1826.3229,27.51617,155.89062,4,"COPDEM30",837
"RGI2000-v7.0-G-18-00265","18","18-01","G168208E44653S",770599,749,"2002-01-20T00:00:00",168.20799221251627,-44.6530125,59,0.02502274463539,0,0,0,9,"",0,168.20766368637638,-44.654192780992155,1560.799,1705.0201,1635.2941,1637.2046,28.890036,179.57803,5,"COPDEM30",310
"RGI2000-v7.0-G-18-00266","18","18-01","G168210E44654S",770600,749,"2002-01-20T00:00:00",168.21260392801855,-44.6543705,59,0.035053395110621,0,0,0,9,"",0,168.21106104891928,-44.65370441105248,1726.8663,1866.2139,1778.539,1785.6017,33.726154,259.3791580200196,7,"COPDEM30",191
"RGI2000-v7.0-G-18-00267","18","18-01","G168214E44658S",770601,749,"2002-01-20T00:00:00",168.21356725970873,-44.657663,59,0.037877748162252,0,0,0,9,"",0,168.2120938784727,-44.65801536654081,1812.1438,1976.0184,1883.2942,1887.5072,36.626118,220.06167602539065,6,"COPDEM30",278
"RGI2000-v7.0-G-18-00268","18","18-01","G168214E44660S",770603,749,"2002-01-20T00:00:00",168.21512575358764,-44.662127,59,0.041401635937988,0,0,0,9,"",0,168.21359582812747,-44.6628064898196,1828.1387,2053.6638,1897.381,1909.6715,40.301044,266.99190521240234,7,"COPDEM30",312
"RGI2000-v7.0-G-18-00269","18","18-01","G168219E44660S",770604,749,"2002-01-20T00:00:00",168.2184283716398,-44.660796000000005,59,0.155515931624795,0,0,0,9,"",0,168.22009600000953,-44.65737100873718,1815.8275,2227.159,1954.9535,1960.1403,33.119915,37.00447,2,"COPDEM30",806
"RGI2000-v7.0-G-18-00270","18","18-01","G168214E44665S",770602,749,"2002-01-20T00:00:00",168.21375047783687,-44.6652365,59,0.022629249878249,0,0,0,9,"",0,168.21284716106004,-44.6657856128074,1763.2648,1956.0424,1830.8826,1839.263,38.67752,231.77032470703125,6,"COPDEM30",250
"RGI2000-v7.0-G-18-00271","18","18-01","G168219E44665S",770605,749,"2002-01-20T00:00:00",168.2194330595238,-44.666433999999995,59,0.049959370614229,0,0,0,9,"",0,168.21796062980889,-44.66674245854359,2118.1702,2229.038,2183.3518,2179.4238,26.277195,218.7665557861328,6,"COPDEM30",259
"RGI2000-v7.0-G-18-00272","18","18-01","G168225E44669S",770607,749,"2002-01-20T00:00:00",168.22520517936508,-44.6676845,59,0.179016694456071,0,0,0,9,"",0,168.22718337863418,-44.66753626893694,1883.3058,2212.1704,2016.7988,2025.832,31.327442,89.72344,3,"COPDEM30",525
"RGI2000-v7.0-G-18-00273","18","18-01","G168227E44671S",770609,749,"2002-01-20T00:00:00",168.2274153060838,-44.671341,59,0.011424029201378,0,0,0,9,"",0,168.22803873074062,-44.67063165252501,1992.3301,2121.4346,2035.0969,2039.0797,38.394306,16.110981,1,"COPDEM30",173
"RGI2000-v7.0-G-18-00274","18","18-01","G168231E44674S",770614,749,"2002-01-20T00:00:00",168.2288718911439,-44.672792,59,0.095340680486863,0,0,0,9,"",0,168.2314468375717,-44.67464659591951,1881.3898,2173.4236,2030.5392,2037.2135,38.132717,99.846,3,"COPDEM30",430
"RGI2000-v7.0-G-18-00275","18","18-01","G168231E44677S",770615,749,"2002-01-20T00:00:00",168.22968390625002,-44.676525999999996,59,0.017202439753746,0,0,0,9,"",0,168.23098731428115,-44.67574093031678,1892.6521,2029.0665,1970.4391,1968.6986,45.75316,83.81399,3,"COPDEM30",218
"RGI2000-v7.0-G-18-00276","18","18-01","G168227E44678S",770610,749,"2002-01-20T00:00:00",168.22677829280823,-44.6775855,59,0.066421379838883,0,0,0,9,"",0,168.22565328257792,-44.67907796384327,1832.9977,2041.6534,1909.5022,1917.136,33.387566,231.240478515625,6,"COPDEM30",405
"RGI2000-v7.0-G-18-00277","18","18-01","G168223E44674S",770606,749,"2002-01-20T00:00:00",168.22245370866864,-44.672706500000004,59,0.398928671884618,0,0,0,9,"",0,168.2223999060395,-44.67770057303899,1757.1868,2154.0168,2011.3079,1983.778,23.571217,206.91912841796875,6,"COPDEM30",1197
"RGI2000-v7.0-G-18-00278","18","18-01","G168240E44687S",770630,749,"2002-01-20T00:00:00",168.23856586,-44.6883335,59,0.101027115234315,0,0,0,9,"",0,168.2382771200229,-44.69055993970717,1785.2207,1961.4047,1863.2803,1864.7759,28.794567,136.1155,4,"COPDEM30",531
"RGI2000-v7.0-G-18-00279","18","18-01","G168231E44693S",770617,749,"2002-01-20T00:00:00",168.23120959814932,-44.6918195,59,0.026429907767127,0,0,0,9,"",0,168.23199241541892,-44.69283148146463,1786.1213,1947.1136,1843.1328,1849.8678,41.755672,202.97251892089844,6,"COPDEM30",203
"RGI2000-v7.0-G-18-00280","18","18-01","G168237E44704S",770626,749,"2002-01-20T00:00:00",168.238275,-44.699737999999996,59,0.015642409998533,0,0,0,9,"",0,168.23774997914458,-44.70053792357296,1784.9277,1905.6082,1861.7938,1856.4396,31.446877,169.59145,5,"COPDEM30",193
"RGI2000-v7.0-G-18-00281","18","18-01","G168227E44745S",770611,749,"2002-01-20T00:00:00",168.2269370407914,-44.7448635,59,0.018555554995132,0,0,0,9,"",0,168.22626619417764,-44.745689817417656,1506.488,1614.2355,1548.0544,1549.2885,29.187975,174.94492,5,"COPDEM30",202
"RGI2000-v7.0-G-18-00282","18","18-01","G168232E44760S",770618,749,"2002-01-20T00:00:00",168.2321019465602,-44.7603065,59,0.037104474146656,0,0,0,9,"",0,168.23127127432784,-44.759401107918634,1871.9774,1966.3737,1925.5029,1924.9218,26.36101,345.38832569122314,1,"COPDEM30",228
"RGI2000-v7.0-G-18-00283","18","18-01","G168232E44764S",770619,749,"2002-01-20T00:00:00",168.23183157364147,-44.76395,59,0.025885267585796,0,0,0,9,"",0,168.23055388992978,-44.76472188093866,1663.6863,1836.4219,1724.5891,1733.2487,42.385292,192.014892578125,5,"COPDEM30",284
"RGI2000-v7.0-G-18-00284","18","18-01","G168226E44762S",770608,749,"2002-01-20T00:00:00",168.22503318323862,-44.7622015,59,0.037637550472946,0,0,0,9,"",0,168.2244521748738,-44.76371590206763,1588.2512,1797.878,1670.8977,1676.8516,37.254803,160.70142,5,"COPDEM30",387
"RGI2000-v7.0-G-18-00285","18","18-01","G168240E44773S",770631,749,"2002-01-20T00:00:00",168.23991701031343,-44.772994,59,0.024080810523297,0,0,0,9,"",0,168.2400648556306,-44.77490982455786,1482.1399,1653.6543,1572.8398,1572.8641,28.85737,167.8435,5,"COPDEM30",429
"RGI2000-v7.0-G-18-00286","18","18-01","G168187E44786S",770597,749,"2002-01-20T00:00:00",168.18663152923978,-44.786264,59,0.171081030782089,0,0,0,9,"",0,168.18642205148186,-44.78917773589085,1526.5182,1780.0051,1624.7698,1619.869,21.686478,171.31009,5,"COPDEM30",695
"RGI2000-v7.0-G-18-00287","18","18-01","G168182E44805S",770596,749,"2002-01-20T00:00:00",168.18272924867958,-44.8015025,59,0.070891620048692,0,0,0,9,"",0,168.18301448662737,-44.8040113817774,1402.2688,1651.9481,1528.2323,1523.465,31.455954,146.07556,4,"COPDEM30",588
"RGI2000-v7.0-G-18-00288","18","18-01","G168177E44802S",770595,749,"2002-01-20T00:00:00",168.17738799111842,-44.802158,59,0.01615544742948,0,0,0,9,"",0,168.1760805079618,-44.80266986514185,1600.5464,1657.7129,1619.429,1623.2826,17.087439,221.4929351806641,6,"COPDEM30",220
"RGI2000-v7.0-G-18-00289","18","18-01","G168282E44810S",770640,749,"2002-01-20T00:00:00",168.27904882345615,-44.8105675,59,0.011684563752076,0,0,0,9,"",0,168.28027951428493,-44.81063120070016,1978.2335,2067.4446,2021.2272,2020.1212,37.667583,80.568665,3,"COPDEM30",121
"RGI2000-v7.0-G-18-00290","18","18-01","G168283E44814S",770642,749,"2002-01-20T00:00:00",168.2831013448682,-44.814296999999996,59,0.020087784604147,0,0,0,9,"",0,168.28390652530445,-44.81384058214723,2018.9688,2161.6877,2091.1648,2091.0747,31.552269,59.885887,2,"COPDEM30",278
"RGI2000-v7.0-G-18-00291","18","18-01","G168286E44815S",770644,749,"2002-01-20T00:00:00",168.28505084615384,-44.8163675,59,0.043792009345294,0,0,0,9,"",0,168.28577824804523,-44.817718765504196,1990.3096,2122.6775,2029.6025,2037.6846,25.691555,87.71086,3,"COPDEM30",248
"RGI2000-v7.0-G-18-00292","18","18-01","G168287E44824S",770645,749,"2002-01-20T00:00:00",168.28650718278493,-44.8235895,59,0.16197890931798,0,0,0,9,"",0,168.28883336157566,-44.82268757544415,1671.6671,2207.2258,1788.066,1814.8391,29.910885,94.74108,3,"COPDEM30",930
"RGI2000-v7.0-G-18-00293","18","18-01","G168292E44835S",770649,749,"2002-01-20T00:00:00",168.29173033116882,-44.835389,59,0.051361156188483,0,0,0,9,"",0,168.29143682740053,-44.836931889378604,1956.6304,2160.5886,2082.9565,2074.493,31.763859,170.87755,5,"COPDEM30",333
"RGI2000-v7.0-G-18-00294","18","18-01","G168474E44887S",770829,749,"2002-01-20T00:00:00",168.47434493691588,-44.886652999999995,59,0.018080121637173,0,0,0,9,"",0,168.47482727783319,-44.88779288350892,1637.0677,1695.2094,1662.3702,1662.7418,20.34436,130.98947,4,"COPDEM30",209
"RGI2000-v7.0-G-18-00295","18","18-01","G168476E44883S",770830,749,"2002-01-20T00:00:00",168.4763302705357,-44.883238500000004,59,0.023437419659057,0,0,0,9,"",0,168.475229205329,-44.88439676725287,1751.9238,1860.7277,1817.0269,1813.3386,26.08721,163.57849,5,"COPDEM30",369
"RGI2000-v7.0-G-18-00296","18","18-01","G168482E44881S",770838,749,"2002-01-20T00:00:00",168.48444475000002,-44.879894,59,0.103673466807982,0,0,0,9,"",0,168.4829330738774,-44.88140782950474,1977.4144,2222.1594,2102.3193,2095.514,34.009777,182.1472320556641,5,"COPDEM30",601
"RGI2000-v7.0-G-18-00297","18","18-01","G168496E44880S",770851,749,"2002-01-20T00:00:00",168.49669312401574,-44.8791375,59,0.077141464424598,0,0,0,9,"",0,168.49618037497837,-44.881956819021596,1932.9344,2187.6162,2051.57,2056.2537,35.728165,134.9368,4,"COPDEM30",641
"RGI2000-v7.0-G-18-00298","18","18-01","G168503E44877S",770857,749,"2002-01-20T00:00:00",168.5018544230769,-44.877234,59,0.021802423137893,0,0,0,9,"",0,168.5018024392239,-44.87857677272804,1940.8083,2079.5093,2009.4312,2009.6747,31.680943,147.96277,4,"COPDEM30",366
"RGI2000-v7.0-G-18-00299","18","18-01","G168502E44885S",770856,749,"2002-01-20T00:00:00",168.49851326490412,-44.885866,59,0.067162310047376,0,0,0,9,"",0,168.50192873790263,-44.88563845092606,1595.0306,1681.0597,1615.7506,1621.3951,15.245972,111.31233,3,"COPDEM30",372
"RGI2000-v7.0-G-18-00300","18","18-01","G168551E44773S",770884,749,"2002-01-20T00:00:00",168.55149019545456,-44.7730825,59,0.021387860926114,0,0,0,9,"",0,168.55053406345294,-44.77405415596168,1884.6642,1982.5663,1921.9744,1924.266,27.321112,193.3451385498047,5,"COPDEM30",235
"RGI2000-v7.0-G-18-00301","18","18-01","G168601E44765S",770943,749,"2002-01-20T00:00:00",168.6014466425278,-44.7650175,59,0.042098027890488,0,0,0,9,"",0,168.6027434758464,-44.76542935007476,2021.781,2129.7488,2075.895,2077.583,28.281,116.15255,4,"COPDEM30",215
"RGI2000-v7.0-G-18-00302","18","18-01","G168610E44776S",770949,749,"2002-01-20T00:00:00",168.60923077596962,-44.775695999999996,59,0.02290743792045,0,0,0,9,"",0,168.60854264235118,-44.77665152468659,1923.6157,2044.7504,1986.0258,1981.7836,31.816904,177.06601,5,"COPDEM30",253
"RGI2000-v7.0-G-18-00303","18","18-01","G168534E44731S",770873,749,"2002-01-20T00:00:00",168.53367453730652,-44.7305005,59,0.011004376910603,0,0,0,9,"",0,168.53427843378324,-44.73118393680144,2022.9889,2089.824,2048.935,2050.0137,28.045162,117.37173,4,"COPDEM30",170
"RGI2000-v7.0-G-18-00304","18","18-01","G168531E44734S",770872,749,"2002-01-20T00:00:00",168.53094195429617,-44.732121,59,0.034124686297071,0,0,0,9,"",0,168.531641161227,-44.733468323063725,2002.2057,2138.4192,2074.5923,2069.3896,29.618746,151.4199,4,"COPDEM30",261
"RGI2000-v7.0-G-18-00305","18","18-01","G168541E44726S",770878,749,"2002-01-20T00:00:00",168.5420226051273,-44.7241675,59,0.049627359486154,0,0,0,9,"",0,168.54338315079033,-44.72499090954099,1995.4966,2118.0977,2036.3461,2038.964,30.317968,165.03883,5,"COPDEM30",318
"RGI2000-v7.0-G-18-00306","18","18-01","G168556E44664S",770892,749,"2002-01-20T00:00:00",168.55603620768028,-44.663551,59,0.035791317632546,0,0,0,9,"",0,168.55528232228136,-44.665034826950695,2051.4902,2267.6936,2161.5002,2151.6072,33.005554,167.22182,5,"COPDEM30",354
"RGI2000-v7.0-G-18-00307","18","18-01","G168559E44663S",770900,749,"2002-01-20T00:00:00",168.55894470141544,-44.6631035,59,0.01366066566614,0,0,0,9,"",0,168.5587837011035,-44.663530524907664,2168.6707,2228.2544,2204.0037,2201.4512,27.55307,195.9582977294922,5,"COPDEM30",171
"RGI2000-v7.0-G-18-00308","18","18-01","G168561E44665S",770908,749,"2002-01-20T00:00:00",168.56525819924812,-44.664497,59,0.041348785318205,0,0,0,9,"",0,168.56416903743855,-44.66552351832585,2092.4805,2230.154,2149.4373,2152.8816,31.27502,182.15792846679688,5,"COPDEM30",284
"RGI2000-v7.0-G-18-00309","18","18-01","G168552E44661S",770889,749,"2002-01-20T00:00:00",168.55203423101952,-44.660872499999996,59,0.026652721359976,0,0,0,9,"",0,168.55059908432554,-44.661621212028315,2357.09,2468.8745,2427.388,2422.6658,35.04187,176.89586,5,"COPDEM30",196
"RGI2000-v7.0-G-18-00310","18","18-01","G168552E44662S",770882,749,"2002-01-20T00:00:00",168.54913736227545,-44.662511,59,0.108924270105051,0,0,0,9,"",0,168.55105807598264,-44.66319076745049,2269.373,2404.9546,2334.106,2335.1025,26.402645,170.94572,5,"COPDEM30",435
"RGI2000-v7.0-G-18-00311","18","18-01","G168567E44638S",770912,749,"2002-01-20T00:00:00",168.56759484465348,-44.6370255,59,0.371535997576909,0,0,0,9,"",0,168.562279837778,-44.63933877000904,2057.6304,2425.9316,2234.5732,2238.6724,26.750717,195.87684631347656,5,"COPDEM30",847
"RGI2000-v7.0-G-18-00312","18","18-01","G168575E44637S",770916,749,"2002-01-20T00:00:00",168.57466675431144,-44.636982,59,0.084208586562137,0,0,0,9,"",0,168.57323843283194,-44.63839203273735,2262.5447,2474.4849,2371.0845,2369.8457,29.652065,196.7512664794922,5,"COPDEM30",366
"RGI2000-v7.0-G-18-00313","18","18-01","G168574E44641S",770918,749,"2002-01-20T00:00:00",168.5761347646419,-44.639618,59,0.117040268736714,0,0,0,9,"",0,168.57176015497487,-44.64214554203373,1963.8411,2373.966,2152.5898,2147.6628,39.51452,173.9561,5,"COPDEM30",754
"RGI2000-v7.0-G-18-00314","18","18-01","G168583E44606S",770924,749,"2002-01-20T00:00:00",168.58364089897816,-44.604858500000006,59,0.067848460317001,0,0,0,9,"",0,168.58277217410458,-44.606209280644414,1996.1498,2160.6807,2090.601,2082.9727,34.74587,161.01279,5,"COPDEM30",241
"RGI2000-v7.0-G-18-00315","18","18-01","G168590E44605S",770932,749,"2002-01-20T00:00:00",168.5901553459894,-44.6056945,59,0.015524062017464,0,0,0,9,"",0,168.5899784209762,-44.606607388889245,1970.4734,2074.4426,2024.6389,2023.8942,27.983028,162.63496,5,"COPDEM30",225
"RGI2000-v7.0-G-18-00316","18","18-01","G168559E44577S",770899,749,"2002-01-20T00:00:00",168.55890022491508,-44.5755665,59,0.018814023720285,0,0,0,9,"",0,168.55823674439972,-44.57648050700575,1896.1018,1954.8535,1915.7048,1918.0992,14.950646,201.7951202392578,5,"COPDEM30",249
"RGI2000-v7.0-G-18-00317","18","18-01","G168551E44568S",770888,749,"2002-01-20T00:00:00",168.55209310073462,-44.567415999999994,59,0.031851595567861,0,0,0,9,"",0,168.5501444705927,-44.56891293507633,1913.5603,2156.0056,2035.4614,2037.9622,34.958298,179.76073,5,"COPDEM30",407
"RGI2000-v7.0-G-18-00318","18","18-01","G168562E44566S",770905,749,"2002-01-20T00:00:00",168.56307107003892,-44.566078000000005,59,0.196968182113534,0,0,0,9,"",0,168.56638539431958,-44.56683780356599,1920.9232,2179.6777,2060.6797,2059.6113,32.597942,157.14479,4,"COPDEM30",545
"RGI2000-v7.0-G-18-00319","18","18-01","G168572E44564S",770913,749,"2002-01-20T00:00:00",168.571094256,-44.5636415,59,0.015609505180684,0,0,0,9,"",0,168.57101168984124,-44.5642821438023,2017.6553,2129.9912,2074.4546,2074.4917,40.91876,168.17183,5,"COPDEM30",217
"RGI2000-v7.0-G-18-00320","18","18-01","G168577E44564S",770919,749,"2002-01-20T00:00:00",168.57709430957684,-44.56409,59,0.047689986495205,0,0,0,9,"",0,168.57656749191634,-44.56545814362901,1818.5826,1966.1758,1885.3004,1889.0507,30.138498,146.47672,4,"COPDEM30",277
"RGI2000-v7.0-G-18-00321","18","18-01","G168595E44545S",770933,749,"2002-01-20T00:00:00",168.59343353021566,-44.5445955,59,0.773400746726422,0,0,0,9,"",0,168.59029119538027,-44.547901141612805,1821.0332,2403.6682,2128.81,2128.9788,31.11821,192.74562072753903,5,"COPDEM30",860
"RGI2000-v7.0-G-18-00322","18","18-01","G168590E44540S",770931,749,"2002-01-20T00:00:00",168.58996589548718,-44.539987499999995,59,0.052059386796684,0,0,0,9,"",0,168.58706358640856,-44.54044444210626,2303.0005,2451.6602,2395.8018,2390.1443,25.467876,234.98274993896484,6,"COPDEM30",415
"RGI2000-v7.0-G-18-00323","18","18-01","G168594E44538S",770936,749,"2002-01-20T00:00:00",168.59363054001142,-44.5381495,59,0.046970143870171,0,0,0,9,"",0,168.59372234927326,-44.53676278808449,2185.7424,2334.704,2248.6118,2251.5513,27.618141,6.5694265,1,"COPDEM30",353
"RGI2000-v7.0-G-18-00324","18","18-01","G168598E44537S",770939,749,"2002-01-20T00:00:00",168.597606307508,-44.5381835,59,0.049380542124266,0,0,0,9,"",0,168.59767745596855,-44.53678430399094,2178.9712,2307.3875,2225.3813,2231.59,25.56527,2.364519,1,"COPDEM30",356
"RGI2000-v7.0-G-18-00325","18","18-01","G168603E44541S",770945,749,"2002-01-20T00:00:00",168.6025827675063,-44.5413865,59,0.45953392643035,0,0,0,9,"",0,168.60951184199106,-44.53688185268469,2010.2993,2367.3164,2209.364,2210.0947,33.20807,119.7358,4,"COPDEM30",1166
"RGI2000-v7.0-G-18-00326","18","18-01","G168609E44531S",770954,749,"2002-01-20T00:00:00",168.6121401656879,-44.5321145,59,0.226500457159007,0,0,0,9,"",0,168.6084764303233,-44.52995811188182,2074.5674,2250.7156,2156.057,2156.753,15.396669,268.43389892578125,7,"COPDEM30",795
"RGI2000-v7.0-G-18-00327","18","18-01","G168624E44538S",770971,749,"2000-04-13T00:00:00",168.62803020684777,-44.535966,59,1.500907397127606,0,0,0,9,"",0,168.62918374578453,-44.53956550292271,1762.7196,2370.8765,2110.7817,2102.5784,30.110498,187.315170288086,5,"COPDEM30",1189
"RGI2000-v7.0-G-18-00328","18","18-01","G168632E44525S",770981,749,"2000-04-13T00:00:00",168.6354500480264,-44.525673,59,0.577499400422036,0,0,0,9,"",0,168.62916328994535,-44.52520801842196,2061.6985,2339.2283,2225.3616,2222.1714,16.169285,274.8432922363281,7,"COPDEM30",1035
"RGI2000-v7.0-G-18-00329","18","18-01","G168641E44523S",770986,749,"2000-04-13T00:00:00",168.63840825516527,-44.5223355,59,0.722242981092724,0,0,0,9,"",0,168.6390863424909,-44.51718476003972,2043.5793,2356.386,2227.6016,2226.8813,14.466349,353.6841344833374,1,"COPDEM30",1257
"RGI2000-v7.0-G-18-00330","18","18-01","G168645E44520S",770992,749,"2000-04-13T00:00:00",168.6447119692882,-44.520235,59,0.060056292691394,0,0,0,9,"",0,168.64408109622676,-44.51790029731671,2129.2273,2270.522,2212.0215,2207.2104,17.685776,330.17520904541016,8,"COPDEM30",549
"RGI2000-v7.0-G-18-00331","18","18-01","G168650E44524S",771000,749,"2000-04-13T00:00:00",168.650005012215,-44.5236685,59,0.015644281221045,0,0,0,9,"",0,168.6508936384076,-44.52318470461673,2155.955,2247.973,2204.704,2202.0637,32.893517,41.20921,2,"COPDEM30",156
"RGI2000-v7.0-G-18-00332","18","18-01","G168653E44528S",771001,749,"2000-04-13T00:00:00",168.65027364263727,-44.526762500000004,59,0.077196131769394,0,0,0,9,"",0,168.6516970000012,-44.52889527352519,1835.5167,2171.817,2010.1074,2013.8882,45.483562,140.36314,4,"COPDEM30",471
"RGI2000-v7.0-G-18-00333","18","18-01","G168647E44527S",770997,749,"2000-04-13T00:00:00",168.64696095222826,-44.527287,59,0.025824984822651,0,0,0,9,"",0,168.6475980694142,-44.52852377868142,2055.2852,2305.664,2210.4023,2202.404,49.470562,130.11807,4,"COPDEM30",286
"RGI2000-v7.0-G-18-00334","18","18-01","G168647E44530S",770998,749,"2000-04-13T00:00:00",168.6474263794235,-44.530345,59,0.017770312979416,0,0,0,9,"",0,168.64672107116152,-44.53199938416341,1914.6768,2001.6499,1954.7837,1955.3236,43.099808,123.95737,4,"COPDEM30",240
"RGI2000-v7.0-G-18-00335","18","18-01","G168646E44534S",770993,749,"2000-04-13T00:00:00",168.64459540217393,-44.531693000000004,59,0.079405801225095,0,0,0,9,"",0,168.64678817970304,-44.5345441614455,1777.9788,2193.8914,2007.814,1991.4098,42.478397,127.12551,4,"COPDEM30",761
"RGI2000-v7.0-G-18-00336","18","18-01","G168660E44530S",771005,749,"2000-04-13T00:00:00",168.65907739820514,-44.530208,59,0.020954016149822,0,0,0,9,"",0,168.65955945168514,-44.53143659381358,1227.8384,1375.8148,1303.2496,1303.3136,34.33488,141.8695,4,"COPDEM30",278
"RGI2000-v7.0-G-18-00337","18","18-01","G168630E44518S",770973,749,"2000-04-13T00:00:00",168.62946024351783,-44.515615999999994,59,0.2442671527386,0,0,0,9,"",0,168.63013692972922,-44.51196026108625,1961.2072,2236.9824,2089.6475,2095.9807,22.18335,61.62447,2,"COPDEM30",898
"RGI2000-v7.0-G-18-00338","18","18-01","G168623E44515S",770965,749,"2000-04-13T00:00:00",168.6234044910263,-44.514722500000005,59,0.031692563836599,0,0,0,9,"",0,168.6221483813241,-44.515665489583945,2132.4417,2216.844,2178.9153,2177.4287,24.84457,243.15918731689453,6,"COPDEM30",254
"RGI2000-v7.0-G-18-00339","18","18-01","G168623E44510S",770967,749,"2000-04-13T00:00:00",168.62429440417452,-44.511918,59,0.075443144582082,0,0,0,9,"",0,168.62624429573876,-44.51290400011617,2144.681,2294.4436,2235.299,2229.0825,24.226122,81.56941,3,"COPDEM30",311
"RGI2000-v7.0-G-18-00340","18","18-01","G168624E44519S",770968,749,"2000-04-13T00:00:00",168.62380453846154,-44.5188895,59,0.031693948199001,0,0,0,9,"",0,168.62214994204305,-44.518676143278704,2089.6863,2161.25,2126.3398,2126.1895,24.728897,230.1912384033203,6,"COPDEM30",274
"RGI2000-v7.0-G-18-00341","18","18-01","G168615E44511S",770955,749,"2002-01-20T00:00:00",168.61388941196583,-44.50984,59,0.489362292328086,0,0,0,9,"",0,168.6085002109354,-44.51150211545824,1943.1832,2337.3364,2163.5112,2160.4014,28.980726,204.74346923828125,6,"COPDEM30",1008
"RGI2000-v7.0-G-18-00342","18","18-01","G168610E44507S",770950,749,"2002-01-20T00:00:00",168.60996242035907,-44.506913,59,0.023861515765407,0,0,0,9,"",0,168.60860829928012,-44.50770997524535,2159.5657,2262.8394,2195.4956,2197.5818,19.849781,255.97733306884768,7,"COPDEM30",261
"RGI2000-v7.0-G-18-00343","18","18-01","G168588E44475S",770930,749,"2002-01-20T00:00:00",168.59038747303663,-44.473121000000006,59,1.162032597016122,0,0,0,9,"",0,168.5901967704896,-44.48043072521572,1514.1527,2583.8862,1984.5878,2006.9518,33.953133,156.11285,4,"COPDEM30",1718
"RGI2000-v7.0-G-18-00344","18","18-01","G168589E44461S",770929,749,"2002-01-20T00:00:00",168.58894046444632,-44.460747999999995,59,1.016518012849201,0,0,0,9,"",0,168.5974426804959,-44.4620104209751,1725.3937,2556.9495,2217.9666,2198.7095,39.677135,83.5198,3,"COPDEM30",1573
"RGI2000-v7.0-G-18-00345","18","18-01","G168586E44454S",770925,749,"2002-01-20T00:00:00",168.586436975,-44.4542815,59,0.018731522443343,0,0,0,9,"",0,168.58567764248045,-44.45357715810308,2324.374,2495.6284,2402.5518,2403.05,45.546665,357.99495124816895,1,"COPDEM30",162
"RGI2000-v7.0-G-18-00346","18","18-01","G168595E44446S",770937,749,"2002-01-20T00:00:00",168.5948110782316,-44.446017999999995,59,0.431139890130293,0,0,0,9,"",0,168.59903640888035,-44.44515207678413,1941.1913,2385.9155,2206.7458,2200.939,39.17129,120.75219,4,"COPDEM30",1025
"RGI2000-v7.0-G-18-00347","18","18-01","G168596E44435S",770938,749,"2002-01-20T00:00:00",168.5984773456048,-44.4348385,59,1.012501241784589,0,0,0,9,"",0,168.58770861761917,-44.42976828302615,1620.8286,2411.4648,2055.456,2042.8756,30.08297,326.6254196166992,8,"COPDEM30",1889
"RGI2000-v7.0-G-18-00348","18","18-01","G168609E44437S",770948,749,"2002-01-20T00:00:00",168.60892012419356,-44.436751,59,0.015199687309881,0,0,0,9,"",0,168.60894399814018,-44.437321944750835,2322.9875,2459.4285,2407.4294,2403.2837,44.295033,181.5717620849609,5,"COPDEM30",151
"RGI2000-v7.0-G-18-00349","18","18-01","G168610E44433S",770953,749,"2002-01-20T00:00:00",168.6121562987342,-44.433209500000004,59,0.205992589519764,0,0,0,9,"",0,168.6058544700889,-44.43040064387546,1904.07,2362.286,2166.6426,2149.9255,36.21227,2.4251237,1,"COPDEM30",703
"RGI2000-v7.0-G-18-00350","18","18-01","G168618E44432S",770960,749,"2002-01-20T00:00:00",168.61780303768637,-44.432223,59,0.178548814955291,0,0,0,9,"",0,168.61501166980884,-44.429925986273425,1867.6882,2346.317,2108.2437,2107.3777,36.073875,343.8472652435303,1,"COPDEM30",769
"RGI2000-v7.0-G-18-00351","18","18-01","G168622E44430S",770964,749,"2002-01-20T00:00:00",168.62262359615383,-44.429434,59,0.07755958363478,0,0,0,9,"",0,168.62049776884993,-44.42903689713622,1913.8488,2156.0627,2021.0591,2026.0553,37.201534,318.84727478027344,8,"COPDEM30",419
"RGI2000-v7.0-G-18-00352","18","18-01","G168614E44428S",770957,749,"2002-01-20T00:00:00",168.61518015031646,-44.427464,59,0.015553795401098,0,0,0,9,"",0,168.61433668031734,-44.42695395294452,1568.3335,1620.5059,1580.5952,1583.0205,17.332249,309.3626480102539,8,"COPDEM30",202
"RGI2000-v7.0-G-18-00353","18","18-01","G168637E44437S",770974,749,"2002-01-20T00:00:00",168.63020296911446,-44.432974,59,0.735203410961971,0,0,0,9,"",0,168.63220131874212,-44.426430065487956,1629.1022,2317.07,2064.2358,2051.2373,33.92843,42.003746,2,"COPDEM30",1571
"RGI2000-v7.0-G-18-00354","18","18-01","G168643E44441S",770991,749,"2000-04-13T00:00:00",168.642731703163,-44.4399395,59,0.087104199612071,0,0,0,9,"",0,168.64160568112317,-44.442205203348735,1760.8909,2049.6777,1909.437,1916.495,42.862156,131.31795,4,"COPDEM30",488
"RGI2000-v7.0-G-18-00355","18","18-01","G168648E44439S",770996,749,"2000-04-13T00:00:00",168.64727406921486,-44.4390725,59,0.013522192382903,0,0,0,9,"",0,168.64707985755103,-44.4403056173908,1618.4054,1768.82,1685.4761,1684.2797,41.53759,119.23631,4,"COPDEM30",285
"RGI2000-v7.0-G-18-00356","18","18-01","G168636E44445S",770985,749,"2000-04-13T00:00:00",168.63655128807392,-44.444702,59,0.420775468991451,0,0,0,9,"",0,168.64015688004272,-44.44457667954968,1689.6399,2214.451,1968.2148,1969.3359,37.251743,115.12073,4,"COPDEM30",642
"RGI2000-v7.0-G-18-00357","18","18-01","G168633E44451S",770978,749,"2000-04-13T00:00:00",168.63318187837837,-44.4501475,59,0.13951770701798,0,0,0,9,"",0,168.6332339989086,-44.452717529733626,1776.9893,2072.9082,1947.1051,1937.2723,35.44078,134.80061,4,"COPDEM30",583
"RGI2000-v7.0-G-18-00358","18","18-01","G168630E44460S",770975,749,"2000-04-13T00:00:00",168.63061365482952,-44.4597645,59,0.074349893265475,0,0,0,9,"",0,168.6325326246476,-44.46108602918806,1843.0332,2136.8586,1979.9407,1983.2473,35.151413,122.82827,4,"COPDEM30",560
"RGI2000-v7.0-G-18-00359","18","18-01","G168623E44461S",770966,749,"2002-01-20T00:00:00",168.62445826751275,-44.460460999999995,59,0.642589986026622,0,0,0,9,"",0,168.61377385398788,-44.461310706817514,1614.1562,2160.299,1921.8269,1923.738,28.796888,202.41929626464844,5,"COPDEM30",1212
"RGI2000-v7.0-G-18-00360","18","18-01","G168634E44464S",770979,749,"2000-04-13T00:00:00",168.63429513101596,-44.463982,59,0.037347153524313,0,0,0,9,"",0,168.6357529116932,-44.46385511588568,1599.2537,1689.1283,1622.1556,1629.7334,21.22789,106.11671,3,"COPDEM30",236
"RGI2000-v7.0-G-18-00361","18","18-01","G168631E44468S",770976,749,"2000-04-13T00:00:00",168.6323060890669,-44.4675685,59,0.012735854868895,0,0,0,9,"",0,168.63106954435324,-44.468696365436955,1804.5768,1865.6512,1848.3597,1841.9672,14.174921,149.44751,4,"COPDEM30",251
"RGI2000-v7.0-G-18-00362","18","18-01","G168609E44455S",770944,749,"2002-01-20T00:00:00",168.60162466208135,-44.457809999999995,59,7.395448182330714,0,0,0,9,"",0,168.6031414725515,-44.48149264424436,1057.144,2443.049,1813.5233,1828.7715,18.66047,181.2641448974609,5,"COPDEM30",6541
"RGI2000-v7.0-G-18-00363","18","18-01","G168556E44463S",770911,749,"2002-01-20T00:00:00",168.56837522020555,-44.4595045,59,5.801135490998639,0,0,0,9,"",0,168.52643473528005,-44.47243235304127,1189.0566,2550.0596,1999.8204,1943.2096,21.440533,251.21234893798828,7,"COPDEM30",5400
"RGI2000-v7.0-G-18-00364","18","18-01","G168552E44457S",770883,749,"2002-01-20T00:00:00",168.55114858401245,-44.4567885,59,0.029073006700559,0,0,0,9,"",0,168.55335179012368,-44.456441888892506,2003.967,2148.4556,2075.2231,2076.2183,42.948162,149.34013,4,"COPDEM30",204
"RGI2000-v7.0-G-18-00365","18","18-01","G168541E44458S",770876,749,"2002-01-20T00:00:00",168.54111048295454,-44.457674,59,0.102376388799812,0,0,0,9,"",0,168.53939778259073,-44.459021297507604,1892.5345,2192.0317,2056.0315,2054.3987,47.254368,172.94637,5,"COPDEM30",674
"RGI2000-v7.0-G-18-00366","18","18-01","G168544E44450S",770880,749,"2002-01-20T00:00:00",168.54370616458334,-44.450283,59,2.280044194726192,0,0,0,9,"",0,168.53619567818708,-44.443443729438386,1825.6272,2240.2517,2009.7063,2011.799,15.761992,10.916117,1,"COPDEM30",2361
"RGI2000-v7.0-G-18-00367","18","18-01","G168539E44442S",770874,749,"2002-01-20T00:00:00",168.53730249466602,-44.4410625,59,0.070486134869113,0,0,0,9,"",0,168.53677933535639,-44.43921796630237,1431.8727,1792.8545,1565.663,1583.1191,51.530777,34.51056,2,"COPDEM30",501
"RGI2000-v7.0-G-18-00368","18","18-01","G168528E44444S",770871,749,"2002-01-20T00:00:00",168.52919464659578,-44.4438895,59,0.056268764264885,0,0,0,9,"",0,168.52597392371322,-44.44406469552535,1796.0686,1973.8923,1889.99,1892.8441,25.176409,303.0045166015625,8,"COPDEM30",399
"RGI2000-v7.0-G-18-00369","18","18-01","G168515E44456S",770867,749,"2002-01-20T00:00:00",168.51760069019338,-44.455529999999996,59,3.023619596521048,0,0,0,9,"",0,168.50852392756073,-44.44904354805993,1635.6901,2386.8447,1920.0967,1942.0792,18.490473,331.61107063293457,8,"COPDEM30",2273
"RGI2000-v7.0-G-18-00370","18","18-01","G168530E44461S",770869,749,"2002-01-20T00:00:00",168.52647180172414,-44.461341000000004,59,0.664482522687497,0,0,0,9,"",0,168.5180581802256,-44.46620894238449,1739.3568,2230.9988,2004.9226,2004.7087,33.135597,160.91241,5,"COPDEM30",1780
"RGI2000-v7.0-G-18-00371","18","18-01","G168518E44469S",770868,749,"2002-01-20T00:00:00",168.5179916106688,-44.4688125,59,0.044675727096925,0,0,0,9,"",0,168.51678658575662,-44.47035373526212,1475.6315,1669.9552,1537.9719,1549.9675,39.35306,132.12778,4,"COPDEM30",383
"RGI2000-v7.0-G-18-00372","18","18-01","G168516E44468S",770866,749,"2002-01-20T00:00:00",168.51571294314857,-44.468253000000004,59,0.014653277833464,0,0,0,9,"",0,168.51605911290406,-44.468509954303016,1661.4175,1779.8208,1704.9921,1710.8873,48.29918,126.41069,4,"COPDEM30",146
"RGI2000-v7.0-G-18-00373","18","18-01","G168514E44466S",770865,749,"2002-01-20T00:00:00",168.51355912916665,-44.4660455,59,0.038562754709213,0,0,0,9,"",0,168.51436844595858,-44.467180774003495,1866.3619,2174.3665,2023.9061,2023.0562,53.48072,132.0104,4,"COPDEM30",296
"RGI2000-v7.0-G-18-00374","18","18-01","G168510E44472S",770859,749,"2002-01-20T00:00:00",168.50623513080598,-44.4737815,59,0.850884108492597,0,0,0,9,"",0,168.5110913072242,-44.4744804552597,1669.1932,2364.8088,2077.1255,2058.44,36.606815,119.208626,4,"COPDEM30",973
"RGI2000-v7.0-G-18-00375","18","18-01","G168498E44481S",770854,749,"2002-01-20T00:00:00",168.49845843502825,-44.481446,59,0.019387466212642,0,0,0,9,"",0,168.49755600000017,-44.48243481725928,1597.0027,1785.0531,1652.0884,1663.5774,34.977985,231.73208618164065,6,"COPDEM30",278
"RGI2000-v7.0-G-18-00376","18","18-01","G168493E44479S",770846,749,"2002-01-20T00:00:00",168.4929439345238,-44.479105000000004,59,0.284445669599152,0,0,0,9,"",0,168.49123438902026,-44.48187243675494,1704.0946,2164.5989,1976.7369,1960.9249,40.01522,168.6105,5,"COPDEM30",1103
"RGI2000-v7.0-G-18-00377","18","18-01","G168485E44482S",770839,749,"2002-01-20T00:00:00",168.48467996857312,-44.481757,59,0.162864502654944,0,0,0,9,"",0,168.48737720333062,-44.48431501710747,1777.4265,2278.137,2050.9238,2040.1217,47.402218,128.6658,4,"COPDEM30",724
"RGI2000-v7.0-G-18-00378","18","18-01","G168491E44486S",770845,749,"2002-01-20T00:00:00",168.49146591299018,-44.4857705,59,0.389960756687736,0,0,0,9,"",0,168.49142376272331,-44.48840978742142,1324.4623,1706.2642,1476.6361,1476.999,26.538805,147.41277,4,"COPDEM30",1063
"RGI2000-v7.0-G-18-00379","18","18-01","G168507E44486S",770860,749,"2002-01-20T00:00:00",168.50604107382898,-44.4854495,59,0.339923747537251,0,0,0,9,"",0,168.50529888478695,-44.48725916790817,1595.3171,2036.0714,1837.392,1823.5757,32.676918,227.39535522460932,6,"COPDEM30",832
"RGI2000-v7.0-G-18-00380","18","18-01","G168509E44485S",770863,749,"2002-01-20T00:00:00",168.5090737990932,-44.485020500000005,59,0.137312528212146,0,0,0,9,"",0,168.51076569654666,-44.48876247722368,1856.5653,1981.4156,1913.9854,1914.96,12.934952,174.999,5,"COPDEM30",1017
"RGI2000-v7.0-G-18-00381","18","18-01","G168493E44465S",770850,749,"2002-01-20T00:00:00",168.49565410017016,-44.4654055,59,1.006056469399733,0,0,0,9,"",0,168.48762425125813,-44.4613130129608,1912.4369,2481.7314,2193.02,2216.1536,19.70963,295.4341049194336,8,"COPDEM30",1727
"RGI2000-v7.0-G-18-00382","18","18-01","G168495E44460S",770849,749,"2002-01-20T00:00:00",168.4954716118956,-44.460378,59,0.053469023404109,0,0,0,9,"",0,168.49173958180683,-44.46082003617362,1888.8661,2071.7903,1977.2965,1977.2333,38.424435,326.9592590332031,8,"COPDEM30",641
"RGI2000-v7.0-G-18-00383","18","18-01","G168499E44460S",770853,749,"2002-01-20T00:00:00",168.49844519161675,-44.460559,59,0.030718689452139,0,0,0,9,"",0,168.49695151882185,-44.460394969606895,2006.6522,2238.2527,2118.0322,2124.0366,44.387966,323.0190200805664,8,"COPDEM30",334
"RGI2000-v7.0-G-18-00384","18","18-01","G168492E44459S",770848,749,"2002-01-20T00:00:00",168.49415455493647,-44.458298,59,0.187332060185545,0,0,0,9,"",0,168.48767780375104,-44.458178245420555,1637.7036,2017.1089,1783.721,1788.9979,25.633911,304.21001052856445,8,"COPDEM30",1114
"RGI2000-v7.0-G-18-00385","18","18-01","G168482E44469S",770840,749,"2002-01-20T00:00:00",168.48587376260502,-44.47071,59,3.028787952836109,0,0,0,9,"",0,168.47234198082165,-44.4577734431825,1306.7489,2361.3638,2029.6783,1973.2644,17.938461,312.1414833068848,8,"COPDEM30",3601
"RGI2000-v7.0-G-18-00386","18","18-01","G168468E44477S",770826,749,"2002-01-20T00:00:00",168.46750138508892,-44.4741865,59,1.216618123611119,0,0,0,9,"",0,168.4586327955242,-44.48075152562784,1592.6782,2163.719,1908.9154,1897.0009,18.837889,172.78275,5,"COPDEM30",1814
"RGI2000-v7.0-G-18-00387","18","18-01","G168472E44481S",770828,749,"2002-01-20T00:00:00",168.4716910476783,-44.481196999999995,59,0.502190220432568,0,0,0,9,"",0,168.46602334956404,-44.48182347515187,1758.1384,2341.9187,2072.451,2071.3086,32.634483,283.4435119628906,7,"COPDEM30",854
"RGI2000-v7.0-G-18-00388","18","18-01","G168466E44490S",770822,749,"2002-01-20T00:00:00",168.46665076856527,-44.4886335,59,0.190857000330597,0,0,0,9,"",0,168.46178686652127,-44.48996323836986,1917.9725,2327.3308,2123.5122,2120.8333,38.773636,303.1424446105957,8,"COPDEM30",933
"RGI2000-v7.0-G-18-00389","18","18-01","G168462E44492S",770820,749,"2002-01-20T00:00:00",168.46180995628998,-44.492216,59,0.020394552237636,0,0,0,9,"",0,168.46040755175792,-44.49242351683115,2009.1708,2131.6133,2049.3464,2051.1143,31.057373,300.79214096069336,8,"COPDEM30",257
"RGI2000-v7.0-G-18-00390","18","18-01","G168458E44493S",770815,749,"2002-01-20T00:00:00",168.4577264916881,-44.492568000000006,59,0.023580918544917,0,0,0,9,"",0,168.45635274783268,-44.49283192676349,1874.8783,1975.4866,1918.2515,1921.6404,24.02013,263.24822998046875,7,"COPDEM30",282
"RGI2000-v7.0-G-18-00391","18","18-01","G168470E44498S",770823,749,"2002-01-20T00:00:00",168.46742747144287,-44.4970515,59,1.280107980225361,0,0,0,9,"",0,168.47061107974906,-44.5053456133797,1469.081,2390.6067,2010.7306,1977.6091,27.534842,172.40855,5,"COPDEM30",1921
"RGI2000-v7.0-G-18-00392","18","18-01","G168462E44503S",770818,749,"2002-01-20T00:00:00",168.46087704455448,-44.5030285,59,0.017642779588891,0,0,0,9,"",0,168.46075322953678,-44.504140476519986,1627.7412,1778.5569,1702.7411,1698.9025,37.00732,157.4864,4,"COPDEM30",248
"RGI2000-v7.0-G-18-00393","18","18-01","G168479E44501S",770834,749,"2002-01-20T00:00:00",168.47907544945934,-44.5004115,59,0.020020921862757,0,0,0,9,"",0,168.47941294604888,-44.50143645643934,1816.5957,1936.4323,1896.9586,1886.5599,32.91737,214.93045043945312,6,"COPDEM30",261
"RGI2000-v7.0-G-18-00394","18","18-01","G168481E44503S",770835,749,"2002-01-20T00:00:00",168.48076360866264,-44.5025385,59,0.033302313967063,0,0,0,9,"",0,168.4811251917848,-44.50400138504092,1694.5441,1866.4755,1778.5852,1773.4956,33.691383,191.28419494628903,5,"COPDEM30",346
"RGI2000-v7.0-G-18-00395","18","18-01","G168495E44485S",770832,749,"2002-01-20T00:00:00",168.47816462962965,-44.491682,59,0.775417337767144,0,0,0,9,"",0,168.478744673191,-44.48677854433962,1638.2428,2391.38,2060.3208,2069.3386,36.797104,108.95247,3,"COPDEM30",859
"RGI2000-v7.0-G-18-00396","18","18-01","G168459E44469S",770817,749,"2002-01-20T00:00:00",168.45991114627208,-44.468644999999995,59,0.317761140952457,0,0,0,9,"",0,168.45681656467707,-44.4704479911442,1887.6208,2209.8967,2100.597,2088.3696,28.266287,236.92532348632807,6,"COPDEM30",626
"RGI2000-v7.0-G-18-00397","18","18-01","G168465E44465S",770821,749,"2002-01-20T00:00:00",168.46419164163208,-44.4649625,59,0.115661482986836,0,0,0,9,"",0,168.46603211412256,-44.46318446927771,1879.2087,2143.6821,1985.2405,1999.4866,37.530834,42.23004,2,"COPDEM30",549
"RGI2000-v7.0-G-18-00398","18","18-01","G168462E44462S",770819,749,"2002-01-20T00:00:00",168.46191348268727,-44.4621565,59,0.014035285097645,0,0,0,9,"",0,168.46289229373883,-44.461875520209,1938.5718,1995.4409,1970.2517,1968.5406,24.926334,25.04229,2,"COPDEM30",162
"RGI2000-v7.0-G-18-00399","18","18-01","G168468E44463S",770825,749,"2002-01-20T00:00:00",168.46811519507952,-44.4626885,59,0.011861392979335,0,0,0,9,"",0,168.4694464251914,-44.462868881417364,1730.1145,1798.6262,1771.5184,1768.4581,27.100958,71.9328,3,"COPDEM30",146
"RGI2000-v7.0-G-18-00400","18","18-01","G168427E44498S",770788,749,"2002-01-20T00:00:00",168.42513090135864,-44.497018999999995,59,0.126960560452892,0,0,0,9,"",0,168.43025471983833,-44.49861389273717,1603.4015,1917.1849,1765.825,1761.9507,31.490025,147.41916,4,"COPDEM30",727
"RGI2000-v7.0-G-18-00401","18","18-01","G168412E44499S",770774,749,"2002-01-20T00:00:00",168.4169011568767,-44.499555,59,0.726397570819534,0,0,0,9,"",0,168.4218843999514,-44.50294163626125,1547.9691,1967.6963,1777.2092,1781.7891,25.06157,180.04638671875,5,"COPDEM30",1647
"RGI2000-v7.0-G-18-00402","18","18-01","G168397E44501S",770739,749,"2002-01-20T00:00:00",168.3936357961161,-44.5004345,59,0.290791385604635,0,0,0,9,"",0,168.40253356130708,-44.50026580962674,1607.755,1971.7357,1851.1421,1833.4242,30.653618,135.99176,4,"COPDEM30",821
"RGI2000-v7.0-G-18-00403","18","18-01","G168390E44504S",770729,749,"2002-01-20T00:00:00",168.38841863665965,-44.504428000000004,59,0.504115401470018,0,0,0,9,"",0,168.39197772923958,-44.50977725502424,1474.6849,1998.9174,1766.352,1757.5251,25.913765,166.58833,5,"COPDEM30",1337
"RGI2000-v7.0-G-18-00404","18","18-01","G168376E44499S",770718,749,"2002-01-20T00:00:00",168.3816224090909,-44.50291,59,1.088713661585866,0,0,0,9,"",0,168.38185598420432,-44.511224763158225,1476.7789,2065.9988,1862.856,1832.5167,22.161062,186.6904144287109,5,"COPDEM30",2426
"RGI2000-v7.0-G-18-00405","18","18-01","G168384E44498S",770723,749,"2002-01-20T00:00:00",168.3840302260989,-44.497938000000005,59,0.013740610922017,0,0,0,9,"",0,168.38588318796113,-44.49788160216579,1916.2277,2005.3538,1967.3845,1964.9923,25.924925,56.768898,2,"COPDEM30",226
"RGI2000-v7.0-G-18-00406","18","18-01","G168384E44496S",770722,749,"2002-01-20T00:00:00",168.38413354375,-44.496048,59,0.015427398770964,0,0,0,9,"",0,168.38480500554866,-44.495935741183374,1869.2656,1981.3121,1911.3523,1920.0817,29.401241,49.31568,2,"COPDEM30",210
"RGI2000-v7.0-G-18-00407","18","18-01","G168372E44491S",770712,749,"2002-01-20T00:00:00",168.37202521643036,-44.4906765,59,0.010555050684023,0,0,0,9,"",0,168.37251013278177,-44.48978567719443,1555.8499,1671.9841,1632.5569,1621.4976,28.574669,7.4694133,1,"COPDEM30",218
"RGI2000-v7.0-G-18-00408","18","18-01","G168367E44493S",770710,749,"2002-01-20T00:00:00",168.36573399141986,-44.4922775,59,0.084754063898602,0,0,0,9,"",0,168.3683815436512,-44.49105882939728,1739.4958,2138.363,1922.3969,1934.0486,36.400284,52.141216,2,"COPDEM30",682
"RGI2000-v7.0-G-18-00409","18","18-01","G168363E44487S",770708,749,"2002-01-20T00:00:00",168.365161683114,-44.4892445,59,0.241306959627401,0,0,0,9,"",0,168.36517889375892,-44.48645381266731,1571.7057,2165.4897,1907.5719,1890.7012,36.992706,46.51039,2,"COPDEM30",766
"RGI2000-v7.0-G-18-00410","18","18-01","G168358E44485S",770701,749,"2002-01-20T00:00:00",168.35838033955704,-44.4848355,59,0.109370031336539,0,0,0,9,"",0,168.36838600000212,-44.48527014573747,1440.195,1919.2345,1671.7206,1652.1292,27.678284,66.611916,2,"COPDEM30",992
"RGI2000-v7.0-G-18-00411","18","18-01","G168347E44483S",770692,749,"2002-01-20T00:00:00",168.3473069728035,-44.483466,59,3.834494314130982,0,0,0,9,"",0,168.38097206694766,-44.4830475004473,838.56366,2186.1292,1788.2372,1695.3269,19.635551,70.56685,3,"COPDEM30",5491
"RGI2000-v7.0-G-18-00412","18","18-01","G168334E44494S",770688,749,"2002-01-20T00:00:00",168.3371696264881,-44.4913125,59,0.523942638975558,0,0,0,9,"",0,168.3300449089305,-44.490010965122295,1852.3636,2278.5884,2075.445,2073.7532,24.481337,3.1807797,1,"COPDEM30",986
"RGI2000-v7.0-G-18-00413","18","18-01","G168334E44500S",770686,749,"2002-01-20T00:00:00",168.33319139875,-44.5008175,59,0.1335740394788,0,0,0,9,"",0,168.3331518568773,-44.50389927846815,1866.6245,2253.3997,2042.8967,2043.0447,40.635887,218.76153564453125,6,"COPDEM30",770
"RGI2000-v7.0-G-18-00414","18","18-01","G168338E44508S",770687,749,"2002-01-20T00:00:00",168.33389004852967,-44.505365499999996,59,0.193019592650648,0,0,0,9,"",0,168.33607142229505,-44.50845957036947,1541.4575,2129.8806,1841.7626,1850.4578,35.02427,185.4761199951172,5,"COPDEM30",801
"RGI2000-v7.0-G-18-00415","18","18-01","G168339E44509S",770690,749,"2002-01-20T00:00:00",168.33918795265788,-44.509225,59,0.011081378739054,0,0,0,9,"",0,168.3400172570275,-44.51004159352408,1422.0674,1571.0425,1494.7007,1490.1696,39.50826,200.6974639892578,5,"COPDEM30",175
"RGI2000-v7.0-G-18-00416","18","18-01","G168337E44512S",770689,749,"2002-01-20T00:00:00",168.33738600276243,-44.511666,59,0.031727939774951,0,0,0,9,"",0,168.33900795351258,-44.51418613565444,1212.0544,1460.0162,1275.8921,1307.4619,24.689596,153.0672,4,"COPDEM30",600
"RGI2000-v7.0-G-18-00417","18","18-01","G168345E44507S",770691,749,"2002-01-20T00:00:00",168.34460096734472,-44.5071585,59,0.21327626626943,0,0,0,9,"",0,168.34411909258722,-44.510179344403724,1643.0293,2030.9795,1899.8334,1875.87,28.70087,189.67819213867188,5,"COPDEM30",773
"RGI2000-v7.0-G-18-00418","18","18-01","G168355E44514S",770697,749,"2002-01-20T00:00:00",168.35368057746007,-44.512881500000006,59,0.693478978087682,0,0,0,9,"",0,168.35480385480494,-44.51920866434485,1622.8834,2104.256,1842.8577,1848.7047,24.27803,120.83997,4,"COPDEM30",1375
"RGI2000-v7.0-G-18-00419","18","18-01","G168358E44502S",770707,749,"2002-01-20T00:00:00",168.3643699214286,-44.504348,59,1.876216838874304,0,0,0,9,"",0,168.3744054815033,-44.512928474053425,1204.0677,2309.9463,1559.7308,1638.9504,18.861595,127.56689,4,"COPDEM30",4197
"RGI2000-v7.0-G-18-00420","18","18-01","G168355E44496S",770699,749,"2002-01-20T00:00:00",168.35518028472222,-44.496185,59,0.467803965095643,0,0,0,9,"",0,168.36700255866393,-44.49846213987134,1717.8674,2197.898,2003.0704,1989.6893,33.712933,179.80922,5,"COPDEM30",1072
"RGI2000-v7.0-G-18-00421","18","18-01","G168348E44498S",770693,749,"2002-01-20T00:00:00",168.3480481,-44.497699,59,0.044316321354266,0,0,0,9,"",0,168.34987823721048,-44.49789865263562,1761.6809,2052.399,1889.8877,1898.3062,43.34698,142.96527,4,"COPDEM30",381
"RGI2000-v7.0-G-18-00422","18","18-01","G168325E44508S",770684,749,"2002-01-20T00:00:00",168.3253452890625,-44.5070545,59,0.460273821194916,0,0,0,9,"",0,168.32770898771207,-44.51228298574437,1175.349,1535.375,1334.1803,1330.6555,17.569221,164.98506,5,"COPDEM30",1226
"RGI2000-v7.0-G-18-00423","18","18-01","G168313E44507S",770672,749,"2002-01-20T00:00:00",168.31161354203311,-44.5064575,59,0.325156827226692,0,0,0,9,"",0,168.31792998116632,-44.50954375495389,1707.0741,2105.9817,1966.826,1959.4668,30.240156,77.33761,3,"COPDEM30",774
"RGI2000-v7.0-G-18-00424","18","18-01","G168308E44510S",770669,749,"2002-01-20T00:00:00",168.307704,-44.509586999999996,59,0.025423378141193,0,0,0,9,"",0,168.30672900000545,-44.50935401001733,2009.1808,2104.3953,2066.0881,2062.4805,38.651608,251.003173828125,7,"COPDEM30",123
"RGI2000-v7.0-G-18-00425","18","18-01","G168313E44512S",770670,749,"2002-01-20T00:00:00",168.3110520212766,-44.51124299999999,59,0.187544096631566,0,0,0,9,"",0,168.3170281767723,-44.51267571907566,1672.199,2110.323,1980.6376,1954.5089,30.625256,99.867905,3,"COPDEM30",720
"RGI2000-v7.0-G-18-00426","18","18-01","G168315E44515S",770673,749,"2002-01-20T00:00:00",168.31425290044479,-44.514362000000006,59,0.087764051843421,0,0,0,9,"",0,168.31763168366223,-44.515216710696556,1773.0173,2026.6865,1946.9866,1938.823,30.077908,63.997707,2,"COPDEM30",562
"RGI2000-v7.0-G-18-00427","18","18-01","G168305E44515S",770666,749,"2002-01-20T00:00:00",168.3053545819747,-44.514534499999996,59,0.014908066805472,0,0,0,9,"",0,168.3044469327864,-44.51449321368278,1931.3646,2022.7974,1969.8851,1971.6898,34.253902,254.26092529296875,7,"COPDEM30",157
"RGI2000-v7.0-G-18-00428","18","18-01","G168304E44521S",770665,749,"2002-01-20T00:00:00",168.30398376790833,-44.520874000000006,59,0.036394181911416,0,0,0,9,"",0,168.30671698640737,-44.52344115805631,1807.8066,2046.1881,1908.1371,1911.8302,28.792955,191.1045837402344,5,"COPDEM30",698
"RGI2000-v7.0-G-18-00429","18","18-01","G168303E44522S",770662,749,"2002-01-20T00:00:00",168.30261030377596,-44.5218155,59,0.118498200954366,0,0,0,9,"",0,168.30054913226925,-44.52433062337392,1603.1885,2016.407,1797.0582,1804.3186,36.811012,194.15921020507807,5,"COPDEM30",778
"RGI2000-v7.0-G-18-00430","18","18-01","G168313E44523S",770671,749,"2002-01-20T00:00:00",168.31105391990926,-44.522641,59,1.381437637388189,0,0,0,9,"",0,168.31333594499753,-44.52955605996464,1637.3646,2089.055,1820.8254,1829.5051,18.562346,193.7967071533203,5,"COPDEM30",2087
"RGI2000-v7.0-G-18-00431","18","18-01","G168321E44521S",770676,749,"2002-01-20T00:00:00",168.31941374885656,-44.520872,59,0.052463094629586,0,0,0,9,"",0,168.3209223673419,-44.52114247121167,1774.3777,1957.4921,1853.5881,1858.94,33.63207,89.18153,3,"COPDEM30",288
"RGI2000-v7.0-G-18-00432","18","18-01","G168322E44524S",770678,749,"2002-01-20T00:00:00",168.32012965278236,-44.52272,59,0.028029463529511,0,0,0,9,"",0,168.32232598785546,-44.523362503419996,1723.4832,1931.6581,1800.9751,1811.0013,35.2773,88.60393,3,"COPDEM30",251
"RGI2000-v7.0-G-18-00433","18","18-01","G168324E44529S",770682,749,"2002-01-20T00:00:00",168.32400358280256,-44.5291405,59,0.013811941461123,0,0,0,9,"",0,168.32467900000478,-44.52892851520368,1800.8619,1909.23,1848.1519,1848.9688,33.630302,81.98722,3,"COPDEM30",201
"RGI2000-v7.0-G-18-00434","18","18-01","G168325E44533S",770683,749,"2002-01-20T00:00:00",168.32387457788764,-44.5328285,59,0.049106608568342,0,0,0,9,"",0,168.32621871108998,-44.53367612972646,1834.4298,1982.8628,1925.3281,1923.0546,21.744822,118.39225,4,"COPDEM30",385
"RGI2000-v7.0-G-18-00435","18","18-01","G168324E44536S",770680,749,"2002-01-20T00:00:00",168.3234432630332,-44.535565,59,0.162123017324096,0,0,0,9,"",0,168.3243843807003,-44.539389144029805,1657.5511,1958.5581,1818.9502,1819.1993,26.212622,203.41488647460932,6,"COPDEM30",836
"RGI2000-v7.0-G-18-00436","18","18-01","G168331E44543S",770685,749,"2002-01-20T00:00:00",168.33082098846154,-44.5423115,59,0.093890179796686,0,0,0,9,"",0,168.3313056278881,-44.544639886228765,1722.7975,1912.8204,1815.1389,1817.4631,23.462772,168.69003,5,"COPDEM30",558
"RGI2000-v7.0-G-18-00437","18","18-01","G168296E44559S",770657,749,"2002-01-20T00:00:00",168.2983674017094,-44.558194,59,0.231791252540381,0,0,0,9,"",0,168.302217277206,-44.560627736486936,1746.5986,2061.4722,1917.7261,1914.7643,29.509592,173.48628,5,"COPDEM30",666
"RGI2000-v7.0-G-18-00438","18","18-01","G168292E44560S",770648,749,"2002-01-20T00:00:00",168.29210252609892,-44.5599715,59,0.14404946570142,0,0,0,9,"",0,168.29458720311325,-44.561235824379075,1724.6527,2040.1915,1913.8707,1914.0784,32.964912,134.3744,4,"COPDEM30",462
"RGI2000-v7.0-G-18-00439","18","18-01","G168297E44571S",770653,749,"2002-01-20T00:00:00",168.29476412628867,-44.5712095,59,0.060854534849203,0,0,0,9,"",0,168.29600066038083,-44.57005588109061,1983.5504,2133.3525,2071.8748,2064.1453,30.836462,50.260265,2,"COPDEM30",279
"RGI2000-v7.0-G-18-00440","18","18-01","G168294E44575S",770650,749,"2002-01-20T00:00:00",168.29348806132492,-44.573973,59,0.067608684124428,0,0,0,9,"",0,168.28971431977675,-44.57252105598211,1849.7277,2144.3804,1976.4802,1984.3904,40.68887,220.4416961669922,6,"COPDEM30",300
"RGI2000-v7.0-G-18-00441","18","18-01","G168298E44575S",770655,749,"2002-01-20T00:00:00",168.29732143992248,-44.574832,59,0.045555612614378,0,0,0,9,"",0,168.29917848402698,-44.574402698528495,2035.1387,2187.1436,2111.175,2107.474,37.55358,111.93198,3,"COPDEM30",239
"RGI2000-v7.0-G-18-00442","18","18-01","G168300E44572S",770658,749,"2002-01-20T00:00:00",168.30048449999998,-44.5721325,59,0.0171542618508,0,0,0,9,"",0,168.30126500000915,-44.57189986429829,1862.1854,1997.424,1948.6033,1935.8617,34.28934,41.62059,2,"COPDEM30",235
"RGI2000-v7.0-G-18-00443","18","18-01","G168303E44575S",770663,749,"2002-01-20T00:00:00",168.30258531773129,-44.5745535,59,0.019883650794436,0,0,0,9,"",0,168.30284433541388,-44.57546924714216,1699.9695,1823.1971,1737.2705,1741.4644,37.38089,131.57954,4,"COPDEM30",231
"RGI2000-v7.0-G-18-00444","18","18-01","G168300E44587S",770659,749,"2002-01-20T00:00:00",168.30018640833333,-44.5865655,59,0.032761915813704,0,0,0,9,"",0,168.30093448832952,-44.58750800010161,1886.7872,2012.0614,1948.9807,1951.4873,28.825846,148.55037,4,"COPDEM30",237
"RGI2000-v7.0-G-18-00445","18","18-01","G168297E44586S",770656,749,"2002-01-20T00:00:00",168.29730824446682,-44.586882,59,0.031966721877057,0,0,0,9,"",0,168.29841716934132,-44.58813142646321,1887.7588,1934.9675,1910.48,1911.6608,11.142875,118.42624,4,"COPDEM30",374
"RGI2000-v7.0-G-18-00446","18","18-01","G168256E44601S",770638,749,"2002-01-20T00:00:00",168.25569916422697,-44.6002455,59,0.020564793005613,0,0,0,9,"",0,168.25499776785304,-44.60128388378078,1775.5961,1828.7424,1806.3345,1806.5557,17.661018,199.3363647460937,5,"COPDEM30",193
"RGI2000-v7.0-G-18-00447","18","18-01","G168249E44598S",770637,749,"2002-01-20T00:00:00",168.25131412650603,-44.5981375,59,0.21259197194382,0,0,0,9,"",0,168.24578825071123,-44.60068624893875,1648.6367,1943.8782,1771.936,1773.6647,25.147774,168.50934,5,"COPDEM30",758
"RGI2000-v7.0-G-18-00448","18","18-01","G168258E44609S",770639,749,"2002-01-20T00:00:00",168.25843543645925,-44.608767,59,0.036344562298611,0,0,0,9,"",0,168.25711014241236,-44.6097034910336,1781.6381,1848.1216,1814.1636,1815.8268,20.027962,159.95619,5,"COPDEM30",302
"RGI2000-v7.0-G-18-00449","18","18-01","G168242E44591S",770613,749,"2002-01-20T00:00:00",168.22906862162162,-44.5891535,59,2.267643780842202,0,0,0,9,"",0,168.2298247464634,-44.59911789535537,1495.9854,2157.7683,1881.0955,1852.8217,19.664658,200.6905517578125,5,"COPDEM30",2461
"RGI2000-v7.0-G-18-00450","18","18-01","G168237E44579S",770623,749,"2002-01-20T00:00:00",168.23703847008534,-44.5791225,59,0.019659244281115,0,0,0,9,"",0,168.23741311808737,-44.57792152826183,1962.8774,2113.012,2041.4302,2045.759,46.983654,70.39625,3,"COPDEM30",253
"RGI2000-v7.0-G-18-00451","18","18-01","G168239E44577S",770629,749,"2002-01-20T00:00:00",168.23937953772378,-44.576599,59,0.091368562095765,0,0,0,9,"",0,168.24173441468213,-44.577489959967714,1662.0515,2063.9124,1821.6451,1822.3513,42.273006,83.41619,3,"COPDEM30",558
"RGI2000-v7.0-G-18-00452","18","18-01","G168240E44573S",770628,749,"2002-01-20T00:00:00",168.2391957498889,-44.5728165,59,0.0348767654987,0,0,0,9,"",0,168.24070593566012,-44.573938954776466,1686.621,1949.3059,1801.5709,1798.776,41.510033,94.39198,3,"COPDEM30",339
"RGI2000-v7.0-G-18-00453","18","18-01","G168235E44568S",770621,749,"2002-01-20T00:00:00",168.23523984968884,-44.567886,59,0.545942743576132,0,0,0,9,"",0,168.22907451179282,-44.569195756069746,1780.4983,2183.7974,1947.6599,1963.8535,28.155256,173.90024,5,"COPDEM30",997
"RGI2000-v7.0-G-18-00454","18","18-01","G168234E44564S",770620,749,"2002-01-20T00:00:00",168.2339144342085,-44.5637095,59,0.050156302151194,0,0,0,9,"",0,168.23286434060128,-44.56351018505632,1943.3087,2146.2556,2036.2522,2036.5195,37.392178,316.14716720581055,8,"COPDEM30",287
"RGI2000-v7.0-G-18-00455","18","18-01","G168231E44564S",770616,749,"2002-01-20T00:00:00",168.2311381852506,-44.564049,59,0.014281078238223,0,0,0,9,"",0,168.23156889062687,-44.563141768000534,1882.1213,2001.5342,1937.4667,1933.1818,33.065018,334.7957000732422,8,"COPDEM30",242
"RGI2000-v7.0-G-18-00456","18","18-01","G168228E44566S",770612,749,"2002-01-20T00:00:00",168.22817065569643,-44.565501499999996,59,0.034830796885021,0,0,0,9,"",0,168.22661184875486,-44.56478322366082,1773.4604,1958.4446,1834.2598,1851.387,35.49769,243.29193878173828,6,"COPDEM30",309
"RGI2000-v7.0-G-18-00457","18","18-01","G168239E44562S",770627,749,"2002-01-20T00:00:00",168.23860595785965,-44.5616835,59,0.057359063246522,0,0,0,9,"",0,168.24011174325287,-44.559523127347255,1764.877,2112.6978,1960.9512,1938.68,36.982857,54.941757,2,"COPDEM30",540
"RGI2000-v7.0-G-18-00458","18","18-01","G168242E44562S",770635,749,"2002-01-20T00:00:00",168.2415308042303,-44.562340000000006,59,0.052265645075532,0,0,0,9,"",0,168.24385575601534,-44.55960636206468,1557.9974,2129.1287,1935.4215,1899.7314,38.589493,43.885563,2,"COPDEM30",720
"RGI2000-v7.0-G-18-00459","18","18-01","G168242E44555S",770636,749,"2002-01-20T00:00:00",168.24419040309448,-44.557266,59,0.041737327302236,0,0,0,9,"",0,168.245686670211,-44.556958715796505,1417.0607,1525.0648,1456.8344,1460.3104,25.990465,87.86087,3,"COPDEM30",283
"RGI2000-v7.0-G-18-00460","18","18-01","G168236E44558S",770622,749,"2002-01-20T00:00:00",168.23558883681926,-44.5579905,59,0.026528670565666,0,0,0,9,"",0,168.23397707818427,-44.5595499456059,1780.9635,1868.8871,1809.4718,1816.7676,22.808529,272.7996368408203,7,"COPDEM30",484
"RGI2000-v7.0-G-18-00461","18","18-01","G168238E44552S",770625,749,"2002-01-20T00:00:00",168.23826211640895,-44.551843500000004,59,0.021628182726245,0,0,0,9,"",0,168.23927852828916,-44.552437323674404,1783.898,1936.1262,1845.0983,1849.9042,31.174501,123.57128,4,"COPDEM30",266
"RGI2000-v7.0-G-18-00462","18","18-01","G168240E44550S",770624,749,"2002-01-20T00:00:00",168.23823119266996,-44.549759,59,0.07098879810465,0,0,0,9,"",0,168.2398628022226,-44.54761718582443,1733.4474,1954.9417,1837.6879,1851.6285,34.094162,86.53684,3,"COPDEM30",342
"RGI2000-v7.0-G-18-00463","18","18-01","G168241E44551S",770634,749,"2002-01-20T00:00:00",168.24142405263157,-44.5505315,59,0.018984177342419,0,0,0,9,"",0,168.24429100000552,-44.550794228891355,1621.4908,1759.2892,1704.1215,1688.3386,27.525625,104.578804,3,"COPDEM30",326
"RGI2000-v7.0-G-18-00464","18","18-01","G168240E44543S",770633,749,"2002-01-20T00:00:00",168.24055758769893,-44.5433635,59,0.325563116772639,0,0,0,9,"",0,168.2418526046804,-44.54662186266875,1574.7574,1889.0796,1713.0652,1729.8083,28.935139,118.70802,4,"COPDEM30",667
"RGI2000-v7.0-G-18-00465","18","18-01","G168244E44538S",770632,749,"2002-01-20T00:00:00",168.24063089248932,-44.538871,59,0.032005524408703,0,0,0,9,"",0,168.24228428947578,-44.53823918009509,1729.4083,1881.1685,1833.8748,1826.5822,30.998398,86.67147,3,"COPDEM30",327
"RGI2000-v7.0-G-18-00466","18","18-01","G168282E44541S",770641,749,"2002-01-20T00:00:00",168.2818526638182,-44.541039999999995,59,0.026469164827022,0,0,0,9,"",0,168.2819100467553,-44.542478598506946,1717.3207,1886.3398,1806.5219,1810.5757,30.131128,182.9967041015625,5,"COPDEM30",328
"RGI2000-v7.0-G-18-00467","18","18-01","G168283E44541S",770643,749,"2002-01-20T00:00:00",168.28495259450403,-44.5405025,59,0.096615818057042,0,0,0,9,"",0,168.28484135722755,-44.542685932440726,1725.3497,1960.4736,1828.1753,1832.6168,27.517155,180.9247283935547,5,"COPDEM30",503
"RGI2000-v7.0-G-18-00468","18","18-01","G168290E44537S",770647,749,"2002-01-20T00:00:00",168.28955201130975,-44.5370135,59,0.065786892667512,0,0,0,9,"",0,168.2917221869384,-44.53898407433001,1667.3588,1902.6375,1761.6616,1764.7792,27.703918,116.21236,4,"COPDEM30",504
"RGI2000-v7.0-G-18-00469","18","18-01","G168294E44527S",770651,749,"2002-01-20T00:00:00",168.29368844039365,-44.524721,59,0.19111663107231,0,0,0,9,"",0,168.30013609174605,-44.52458095977162,1597.0592,1844.6831,1748.3844,1742.8418,26.53072,132.31424,4,"COPDEM30",566
"RGI2000-v7.0-G-18-00470","18","18-01","G168301E44504S",770661,749,"2002-01-20T00:00:00",168.30111321532257,-44.5038495,59,0.506667829113953,0,0,0,9,"",0,168.29931812353152,-44.509147163360865,1590.346,2033.9371,1752.8655,1775.8269,23.452723,215.7735290527344,6,"COPDEM30",1255
"RGI2000-v7.0-G-18-00471","18","18-01","G168307E44503S",770668,749,"2002-01-20T00:00:00",168.30698115209248,-44.5032195,59,0.191781782474407,0,0,0,9,"",0,168.3051718956292,-44.50411326992092,1924.8728,2095.5276,2018.9962,2019.0535,25.53381,238.09815216064453,6,"COPDEM30",656
"RGI2000-v7.0-G-18-00472","18","18-01","G168320E44499S",770674,749,"2002-01-20T00:00:00",168.31475576920343,-44.4989455,59,0.943452099623099,0,0,0,9,"",0,168.32237737164397,-44.50208199184636,1542.8218,2253.2966,1917.2335,1917.4478,30.058056,172.52106,5,"COPDEM30",2149
"RGI2000-v7.0-G-18-00473","18","18-01","G168362E44457S",770703,749,"2002-01-20T00:00:00",168.36181471921182,-44.456931499999996,59,0.025680835768904,0,0,0,9,"",0,168.3613485000606,-44.4552390937271,2033.7993,2201.1436,2135.9512,2129.7344,48.591064,300.3908576965332,8,"COPDEM30",250
"RGI2000-v7.0-G-18-00474","18","18-01","G168366E44453S",770709,749,"2002-01-20T00:00:00",168.36612263348462,-44.4525615,59,0.053628977010877,0,0,0,9,"",0,168.36570646595823,-44.450565291596966,2018.5355,2314.6577,2197.166,2186.6414,40.75291,312.66028594970703,8,"COPDEM30",497
"RGI2000-v7.0-G-18-00475","18","18-01","G168363E44474S",770715,749,"2002-01-20T00:00:00",168.37972657998378,-44.465711999999996,59,4.426481606606982,0,0,0,9,"",0,168.37745709832862,-44.477775598845795,963.1857,2384.425,1942.1726,1914.8655,28.227634,175.79877,5,"COPDEM30",4173
"RGI2000-v7.0-G-18-00476","18","18-01","G168395E44469S",770738,749,"2002-01-20T00:00:00",168.39401475,-44.4670965,59,0.614454281211213,0,0,0,9,"",0,168.398451777532,-44.47225013391024,1512.9467,2073.366,1697.0784,1733.0729,26.526693,172.84114,5,"COPDEM30",1335
"RGI2000-v7.0-G-18-00477","18","18-01","G168400E44466S",770748,749,"2002-01-20T00:00:00",168.3991421712555,-44.465087499999996,59,0.369773206590262,0,0,0,9,"",0,168.40458672943845,-44.46833379015256,1519.0104,2072.9902,1793.2725,1792.546,25.995035,115.60794,4,"COPDEM30",1249
"RGI2000-v7.0-G-18-00478","18","18-01","G168395E44459S",770740,749,"2002-01-20T00:00:00",168.39477957472315,-44.4576285,59,0.881325098969824,0,0,0,9,"",0,168.4064962305456,-44.46092268794372,1528.523,2375.795,1973.1163,1975.7434,27.976433,83.05357,3,"COPDEM30",2050
"RGI2000-v7.0-G-18-00479","18","18-01","G168394E44451S",770736,749,"2002-01-20T00:00:00",168.39254569310344,-44.4493905,59,1.358146371715992,0,0,0,9,"",0,168.4060746152648,-44.45515297507984,1295.932,2358.6372,1995.4283,1922.3267,27.20263,98.41143,3,"COPDEM30",2187
"RGI2000-v7.0-G-18-00480","18","18-01","G168396E44444S",770735,749,"2002-01-20T00:00:00",168.39292765024138,-44.443601,59,0.607725406186959,0,0,0,9,"",0,168.4054539990242,-44.44621746183762,1573.5765,2202.9263,1931.144,1908.0299,28.882381,73.059395,3,"COPDEM30",1490
"RGI2000-v7.0-G-18-00481","18","18-01","G168387E44440S",770727,749,"2002-01-20T00:00:00",168.3873793670886,-44.4396665,59,0.088216545795366,0,0,0,9,"",0,168.38796083249292,-44.43723518445604,1964.6085,2212.842,2108.4531,2104.2925,38.069828,320.7083549499512,8,"COPDEM30",595
"RGI2000-v7.0-G-18-00482","18","18-01","G168394E44438S",770733,749,"2002-01-20T00:00:00",168.3924297797813,-44.437494,59,0.098003463316801,0,0,0,9,"",0,168.39561982299728,-44.43725081376807,1633.5825,1979.1522,1811.8364,1814.3108,35.838757,71.35686,3,"COPDEM30",531
"RGI2000-v7.0-G-18-00483","18","18-01","G168396E44433S",770743,749,"2002-01-20T00:00:00",168.3958383139424,-44.4321475,59,0.347014385563219,0,0,0,9,"",0,168.39887928932367,-44.433959315765264,1515.4927,1974.7545,1738.6423,1741.1273,33.558643,131.11247,4,"COPDEM30",966
"RGI2000-v7.0-G-18-00484","18","18-01","G168392E44429S",770732,749,"2002-01-20T00:00:00",168.3923639484127,-44.42871,59,0.018629465417525,0,0,0,9,"",0,168.39183700000098,-44.42844701730919,1809.2601,1941.8905,1848.0765,1856.9473,39.61834,294.5560913085937,8,"COPDEM30",230
"RGI2000-v7.0-G-18-00485","18","18-01","G168400E44427S",770747,749,"2002-01-20T00:00:00",168.3981983759323,-44.4267785,59,0.032382141377676,0,0,0,9,"",0,168.3999892914538,-44.42780608354323,1894.56,2090.8066,2023.4235,2011.2802,38.076008,146.68362,4,"COPDEM30",299
"RGI2000-v7.0-G-18-00486","18","18-01","G168403E44427S",770752,749,"2002-01-20T00:00:00",168.4033543585608,-44.427407,59,0.016679920601147,0,0,0,9,"",0,168.4037789173052,-44.427953436333844,1968.708,2051.963,2028.1442,2022.6692,28.331226,167.33963,5,"COPDEM30",156
"RGI2000-v7.0-G-18-00487","18","18-01","G168405E44422S",770756,749,"2002-01-20T00:00:00",168.40508548948304,-44.422173,59,0.026949389953632,0,0,0,9,"",0,168.40392474291824,-44.42133793772982,1804.3798,1934.7621,1853.4141,1859.4434,33.79582,28.253206,2,"COPDEM30",202
"RGI2000-v7.0-G-18-00488","18","18-01","G168412E44423S",770770,749,"2002-01-20T00:00:00",168.41243878500393,-44.423062,59,0.026922039347531,0,0,0,9,"",0,168.41441432941454,-44.42360595352168,1694.0914,1847.5605,1766.6069,1765.9684,36.889076,158.22995,5,"COPDEM30",283
"RGI2000-v7.0-G-18-00489","18","18-01","G168416E44422S",770772,749,"2002-01-20T00:00:00",168.4135048127472,-44.4214915,59,0.032200835241241,0,0,0,9,"",0,168.415604,-44.4222148714103,1640.0652,1823.6423,1743.8821,1739.03,33.21029,106.95485,3,"COPDEM30",275
"RGI2000-v7.0-G-18-00490","18","18-01","G168417E44422S",770773,749,"2002-01-20T00:00:00",168.4173463508772,-44.422129,59,0.017836732514483,0,0,0,9,"",0,168.41859459083855,-44.42184644480438,1522.5403,1602.7622,1565.5881,1565.1653,31.50639,114.761955,4,"COPDEM30",184
"RGI2000-v7.0-G-18-00491","18","18-01","G168419E44421S",770781,749,"2002-01-20T00:00:00",168.4196547,-44.420100500000004,59,0.012118498406389,0,0,0,9,"",0,168.42031320464227,-44.42086901658213,1605.1202,1758.2153,1672.681,1679.7318,44.328094,190.10943603515625,5,"COPDEM30",205
"RGI2000-v7.0-G-18-00492","18","18-01","G168421E44423S",770783,749,"2002-01-20T00:00:00",168.42080120465118,-44.423063,59,0.037333245128618,0,0,0,9,"",0,168.4223414910104,-44.42392180557115,1286.4403,1499.5171,1382.3098,1383.0591,38.63391,116.47682,4,"COPDEM30",304
"RGI2000-v7.0-G-18-00493","18","18-01","G168427E44425S",770791,749,"2002-01-20T00:00:00",168.42652577364248,-44.424386999999996,59,0.057648583448057,0,0,0,9,"",0,168.4284165471457,-44.42555928007179,1039.8007,1227.9906,1110.9492,1113.8922,29.98489,160.34154,5,"COPDEM30",289
"RGI2000-v7.0-G-18-00494","18","18-01","G168430E44420S",770793,749,"2002-01-20T00:00:00",168.43036328300002,-44.4204205,59,0.020727154660512,0,0,0,9,"",0,168.4313910508242,-44.42123549979582,1555.5338,1705.6145,1628.1907,1629.337,36.452118,159.91547,5,"COPDEM30",228
"RGI2000-v7.0-G-18-00495","18","18-01","G168435E44420S",770798,749,"2002-01-20T00:00:00",168.434684245283,-44.419502,59,0.098127552792303,0,0,0,9,"",0,168.43668668084942,-44.419668992939314,1583.1099,1792.8804,1660.8458,1666.3801,26.35663,126.50549,4,"COPDEM30",488
"RGI2000-v7.0-G-18-00496","18","18-01","G168440E44411S",770804,749,"2002-01-20T00:00:00",168.43992250510203,-44.411354,59,0.016016228789697,0,0,0,9,"",0,168.4404384460689,-44.41229218089738,1690.6506,1720.5869,1706.2166,1705.1509,11.329879,108.54443,3,"COPDEM30",269
"RGI2000-v7.0-G-18-00497","18","18-01","G168445E44414S",770810,749,"2002-01-20T00:00:00",168.44868681068525,-44.4118675,59,0.483674283032883,0,0,0,9,"",0,168.45630441371944,-44.41023012222036,1489.4388,1788.3048,1671.1556,1670.3401,23.735264,154.85298,4,"COPDEM30",684
"RGI2000-v7.0-G-18-00498","18","18-01","G168411E44426S",770771,749,"2002-01-20T00:00:00",168.41322974999997,-44.425952499999994,59,0.375746833109258,0,0,0,9,"",0,168.42204723375102,-44.42721507733952,1262.7853,2114.096,1636.024,1665.4825,30.28919,99.23059,3,"COPDEM30",1869
"RGI2000-v7.0-G-18-00499","18","18-01","G168412E44431S",770766,749,"2002-01-20T00:00:00",168.41148730132448,-44.4314165,59,0.03067114682488,0,0,0,9,"",0,168.41252264175014,-44.433238953458,1514.7825,1862.1981,1719.4753,1717.0314,43.591778,194.3173217773437,5,"COPDEM30",445
"RGI2000-v7.0-G-18-00500","18","18-01","G168409E44431S",770764,749,"2002-01-20T00:00:00",168.40859280781424,-44.431559,59,0.148563436992182,0,0,0,9,"",0,168.4111427427369,-44.43463342736155,1400.7275,1919.4811,1746.2874,1720.3778,34.737957,171.68129,5,"COPDEM30",916
"RGI2000-v7.0-G-18-00501","18","18-01","G168409E44438S",770767,749,"2002-01-20T00:00:00",168.41106504883578,-44.4387145,59,0.484234893090789,0,0,0,9,"",0,168.4145784781447,-44.4440293042954,1034.5549,1330.9941,1147.7733,1158.7174,18.858414,159.04886,5,"COPDEM30",1675
"RGI2000-v7.0-G-18-00502","18","18-01","G168420E44434S",770779,749,"2002-01-20T00:00:00",168.41892666557922,-44.43279750000001,59,0.166851795347027,0,0,0,9,"",0,168.4215521338378,-44.4335317424034,1598.7032,1852.8368,1697.6831,1710.5605,27.356106,157.36542,4,"COPDEM30",721
"RGI2000-v7.0-G-18-00503","18","18-01","G168398E44423S",770745,749,"2002-01-20T00:00:00",168.3967439182028,-44.4224895,59,0.015558283982254,0,0,0,9,"",0,168.3957610000025,-44.421912845638204,1896.9395,2036.0444,1955.6324,1960.7823,43.587704,340.9300937652588,1,"COPDEM30",200
"RGI2000-v7.0-G-18-00504","18","18-01","G168373E44434S",770714,749,"2002-01-20T00:00:00",168.37620284089635,-44.431794,59,10.158847733754206,0,0,0,9,"",0,168.3914472639731,-44.405107100390524,678.7942,2310.7864,1789.0682,1795.6967,16.594366,41.678318,2,"COPDEM30",7566
"RGI2000-v7.0-G-18-00505","18","18-01","G168357E44430S",770700,749,"2002-01-20T00:00:00",168.35686404411766,-44.430275,59,0.242287049983645,0,0,0,9,"",0,168.34919931370368,-44.429581362716355,1822.7233,2221.557,2053.5635,2049.9077,34.45464,322.95264434814453,8,"COPDEM30",1065
"RGI2000-v7.0-G-18-00506","18","18-01","G168355E44437S",770698,749,"2002-01-20T00:00:00",168.35507001531533,-44.435676,59,0.573166190811855,0,0,0,9,"",0,168.34773400000464,-44.439592725455555,1657.4061,2208.0608,1802.5713,1848.2517,23.078886,188.81658935546875,5,"COPDEM30",1415
"RGI2000-v7.0-G-18-00507","18","18-01","G168354E44425S",770702,749,"2002-01-20T00:00:00",168.3594972263411,-44.4227325,59,1.689583443990748,0,0,0,9,"",0,168.337197000001,-44.426770362711046,1404.1832,2311.59,1880.1605,1873.6356,23.869778,196.1439819335937,5,"COPDEM30",2641
"RGI2000-v7.0-G-18-00508","18","18-01","G168347E44414S",770696,749,"2002-01-20T00:00:00",168.35251476098193,-44.413044,59,0.95173977859484,0,0,0,9,"",0,168.340991254677,-44.40966231338963,1690.28,2323.3936,2012.5266,2000.5295,27.200699,288.1077880859375,7,"COPDEM30",1811
"RGI2000-v7.0-G-18-00509","18","18-01","G168349E44406S",770694,749,"2002-01-20T00:00:00",168.3492881997302,-44.406049,59,0.010063561337042,0,0,0,9,"",0,168.34863858143112,-44.40542532716668,1919.8718,2026.9398,1972.8971,1971.852,33.87811,314.2986030578613,8,"COPDEM30",202
"RGI2000-v7.0-G-18-00510","18","18-01","G168350E44404S",770695,749,"2002-01-20T00:00:00",168.35152030100505,-44.404992,59,0.019764320820642,0,0,0,9,"",0,168.34901374140128,-44.403794958655155,1834.927,2053.4792,1945.9178,1946.0453,37.5321,335.1910705566406,8,"COPDEM30",350
"RGI2000-v7.0-G-18-00511","18","18-01","G168366E44403S",770706,749,"2002-01-20T00:00:00",168.36441193695651,-44.403051500000004,59,3.410267640938069,0,0,0,9,"",0,168.3862171578787,-44.40074006497773,952.7402,2246.292,1813.1011,1776.64,23.881588,100.967766,3,"COPDEM30",3427
"RGI2000-v7.0-G-18-00512","18","18-01","G168359E44395S",770704,749,"2002-01-20T00:00:00",168.3631415405868,-44.394541000000004,59,0.29161313463695,0,0,0,9,"",0,168.3564160421271,-44.39320904228951,1692.3196,2036.1649,1907.1603,1896.6019,23.082476,271.1181106567383,7,"COPDEM30",903
"RGI2000-v7.0-G-18-00513","18","18-01","G168364E44391S",770705,749,"2002-01-20T00:00:00",168.36449376267268,-44.391461500000005,59,0.042077856044963,0,0,0,9,"",0,168.36345371021838,-44.39091400584359,1742.7761,2040.0502,1956.2971,1936.9357,25.086979,305.059757232666,8,"COPDEM30",427
"RGI2000-v7.0-G-18-00514","18","18-01","G168366E44391S",770711,749,"2002-01-20T00:00:00",168.36756497398716,-44.391111,59,0.057890487525611,0,0,0,9,"",0,168.36565138242162,-44.389709908028266,1781.418,2061.1594,1953.7004,1942.8833,34.79311,337.16588592529297,8,"COPDEM30",500
"RGI2000-v7.0-G-18-00515","18","18-01","G168375E44389S",770713,749,"2002-01-20T00:00:00",168.37473933816085,-44.389207999999996,59,0.011685477297579,0,0,0,9,"",0,168.37547873654944,-44.38855840079802,1786.4365,1888.9879,1833.5824,1831.2805,35.039997,23.431187,2,"COPDEM30",173
"RGI2000-v7.0-G-18-00516","18","18-01","G168383E44391S",770719,749,"2002-01-20T00:00:00",168.38299237736624,-44.390518,59,0.017389761923182,0,0,0,9,"",0,168.38420171985163,-44.391141611192815,1388.9441,1540.6239,1459.6458,1460.1437,39.27233,139.26245,4,"COPDEM30",206
"RGI2000-v7.0-G-18-00517","18","18-01","G168385E44388S",770726,749,"2002-01-20T00:00:00",168.384712,-44.388155,59,0.073017657735584,0,0,0,9,"",0,168.3850459989179,-44.38935531179296,1558.9454,1726.3748,1653.7981,1649.6627,29.007235,153.16159,4,"COPDEM30",333
"RGI2000-v7.0-G-18-00518","18","18-01","G168388E44393S",770728,749,"2002-01-20T00:00:00",168.38751992926433,-44.3933625,59,0.241672201941011,0,0,0,9,"",0,168.38586457165943,-44.39647866396772,1119.7566,1376.235,1228.1268,1228.949,18.946243,132.80832,4,"COPDEM30",783
"RGI2000-v7.0-G-18-00519","18","18-01","G168382E44397S",770717,749,"2002-01-20T00:00:00",168.38227087490162,-44.396678,59,0.037532775998171,0,0,0,9,"",0,168.38494632758042,-44.3964328479209,1126.8131,1363.4615,1236.7368,1239.3134,35.413303,122.149155,4,"COPDEM30",442
"RGI2000-v7.0-G-18-00520","18","18-01","G168395E44386S",770737,749,"2002-01-20T00:00:00",168.39410856793006,-44.384691000000004,59,0.509982536181696,0,0,0,9,"",0,168.3935850269323,-44.38900659472454,1302.0599,1555.8068,1363.8074,1373.3912,18.811697,184.7815399169922,5,"COPDEM30",1454
"RGI2000-v7.0-G-18-00521","18","18-01","G168391E44380S",770731,749,"2002-01-20T00:00:00",168.39120984412318,-44.3797105,59,0.054231932467375,0,0,0,9,"",0,168.3905722297463,-44.38062443591305,1599.9553,1758.2036,1693.1786,1686.641,30.601646,181.23971557617188,5,"COPDEM30",200
"RGI2000-v7.0-G-18-00522","18","18-01","G168398E44379S",770746,749,"2002-01-20T00:00:00",168.398419765873,-44.378909,59,0.010585124607699,0,0,0,9,"",0,168.39744280707015,-44.37931674246923,1782.1398,1867.0128,1825.3478,1824.1821,27.747482,196.27227783203125,5,"COPDEM30",247
"RGI2000-v7.0-G-18-00523","18","18-01","G168400E44380S",770749,749,"2002-01-20T00:00:00",168.39953025,-44.3801995,59,0.026343753154372,0,0,0,9,"",0,168.3993107788453,-44.38092978537802,1653.7161,1812.5715,1702.4493,1711.1237,36.052135,197.1932983398437,5,"COPDEM30",236
"RGI2000-v7.0-G-18-00524","18","18-01","G168402E44379S",770750,749,"2002-01-20T00:00:00",168.40169848389758,-44.379052,59,0.018804230094857,0,0,0,9,"",0,168.40198963897774,-44.379986946052576,1763.3182,1886.31,1844.8109,1841.0469,31.95454,177.96773,5,"COPDEM30",213
"RGI2000-v7.0-G-18-00525","18","18-01","G168408E44380S",770761,749,"2002-01-20T00:00:00",168.4080323979849,-44.379005,59,0.371722892179004,0,0,0,9,"",0,168.41203333364658,-44.38241906778912,1383.2174,1880.8789,1601.6664,1613.9288,29.728954,139.49406,4,"COPDEM30",1000
"RGI2000-v7.0-G-18-00526","18","18-01","G168408E44386S",770763,749,"2002-01-20T00:00:00",168.40884697668082,-44.385673,59,0.019447172395928,0,0,0,9,"",0,168.40972036238,-44.385851002436716,1101.8303,1187.591,1128.3503,1132.5408,20.78232,112.771706,4,"COPDEM30",273
"RGI2000-v7.0-G-18-00527","18","18-01","G168404E44369S",770754,749,"2002-01-20T00:00:00",168.40412647677596,-44.3694985,59,0.014669545618826,0,0,0,9,"",0,168.40396818536738,-44.36988682427552,1555.7948,1622.0868,1583.0032,1584.6389,29.754938,206.45692443847656,6,"COPDEM30",124
"RGI2000-v7.0-G-18-00528","18","18-01","G168406E44368S",770758,749,"2002-01-20T00:00:00",168.40619582539378,-44.3677065,59,0.029763596257964,0,0,0,9,"",0,168.40446655466025,-44.36851177917428,1655.9403,1874.4541,1801.3185,1792.4867,38.803417,195.94110107421875,5,"COPDEM30",357
"RGI2000-v7.0-G-18-00529","18","18-01","G168400E44363S",770757,749,"2002-01-20T00:00:00",168.4058018438114,-44.363211500000006,59,0.139480659866133,0,0,0,9,"",0,168.40087640789108,-44.362812665301355,1416.1174,1837.88,1551.1941,1570.3049,30.717165,256.1220932006836,7,"COPDEM30",823
"RGI2000-v7.0-G-18-00530","18","18-01","G168405E44361S",770755,749,"2002-01-20T00:00:00",168.40535595535715,-44.360631,59,0.022384549491173,0,0,0,9,"",0,168.40316614267317,-44.36126024770762,1687.091,1852.4475,1824.9226,1810.3503,34.488308,192.70187377929688,5,"COPDEM30",210
"RGI2000-v7.0-G-18-00531","18","18-01","G168413E44364S",770769,749,"2002-01-20T00:00:00",168.41206437782506,-44.365675499999995,59,0.326305139884275,0,0,0,9,"",0,168.4116027811178,-44.37113733313009,1516.0099,1875.8768,1720.5985,1717.4117,34.70318,118.28898,4,"COPDEM30",1292
"RGI2000-v7.0-G-18-00532","18","18-01","G168421E44368S",770778,749,"2002-01-20T00:00:00",168.41938533139233,-44.368970000000004,59,0.510112692686329,0,0,0,9,"",0,168.41630465891353,-44.37475249852892,1005.83984,1504.9589,1286.9506,1287.9686,21.153767,148.84608,4,"COPDEM30",1561
"RGI2000-v7.0-G-18-00533","18","18-01","G168423E44359S",770786,749,"2002-01-20T00:00:00",168.4231548789745,-44.35941,59,0.037619208983031,0,0,0,9,"",0,168.42384707932305,-44.360264827191,1595.6764,1693.9067,1642.7859,1643.1432,28.339167,164.51039,5,"COPDEM30",185
"RGI2000-v7.0-G-18-00534","18","18-01","G168433E44365S",770795,749,"2002-01-20T00:00:00",168.43339862497533,-44.3654305,59,0.029383075860641,0,0,0,9,"",0,168.43423197213554,-44.36525967811458,1637.5438,1736.7802,1682.7526,1685.43,27.973345,76.21789,3,"COPDEM30",237
"RGI2000-v7.0-G-18-00535","18","18-01","G168437E44371S",770796,749,"2002-01-20T00:00:00",168.43434196287882,-44.369536,59,0.178428024577589,0,0,0,9,"",0,168.43973136759274,-44.37120193759912,1418.1226,1719.3718,1551.499,1557.0343,29.811092,151.31271,4,"COPDEM30",679
"RGI2000-v7.0-G-18-00536","18","18-01","G168438E44351S",770801,749,"2002-01-20T00:00:00",168.4380045,-44.35148,59,0.011743167960533,0,0,0,9,"",0,168.4384814282489,-44.35231602810349,1494.892,1583.4543,1542.3224,1539.9644,26.5055,162.46042,5,"COPDEM30",233
"RGI2000-v7.0-G-18-00537","18","18-01","G168437E44351S",770799,749,"2002-01-20T00:00:00",168.4367314379735,-44.349236000000005,59,0.050229346885108,0,0,0,9,"",0,168.4390132043221,-44.35011352841021,1636.4517,1760.6208,1699.8694,1699.0173,33.711464,183.7854156494141,5,"COPDEM30",242
"RGI2000-v7.0-G-18-00538","18","18-01","G168439E44347S",770802,749,"2002-01-20T00:00:00",168.43874100117822,-44.346717999999996,59,0.041191736719941,0,0,0,9,"",0,168.4404686651072,-44.346035553535444,1622.6306,1768.2306,1714.7498,1713.6102,33.41601,101.54705,3,"COPDEM30",323
"RGI2000-v7.0-G-18-00539","18","18-01","G168445E44348S",770806,749,"2002-01-20T00:00:00",168.44466442880372,-44.347053,59,0.083596399777922,0,0,0,9,"",0,168.44715259619312,-44.34756183727823,1431.8018,1612.647,1516.6448,1518.415,27.171513,149.44128,4,"COPDEM30",475
"RGI2000-v7.0-G-18-00540","18","18-01","G168443E44342S",770805,749,"2002-01-20T00:00:00",168.441592255079,-44.342836000000005,59,0.052899570151735,0,0,0,9,"",0,168.44210970801058,-44.342770360777976,1657.3038,1773.3452,1732.9502,1728.2863,25.956144,122.43657,4,"COPDEM30",250
"RGI2000-v7.0-G-18-00541","18","18-01","G168438E44343S",770800,749,"2002-01-20T00:00:00",168.43793706400078,-44.3421295,59,0.017480015394769,0,0,0,9,"",0,168.43681269502875,-44.342707939008534,1544.7129,1661.9752,1605.7664,1603.4146,34.868786,228.5454559326172,6,"COPDEM30",184
"RGI2000-v7.0-G-18-00542","18","18-01","G168446E44323S",770808,749,"2002-01-20T00:00:00",168.4455353670464,-44.323468000000005,59,0.495865656468487,0,0,0,9,"",0,168.44612111039342,-44.32668754218891,1531.1035,1888.7198,1718.7743,1706.4241,25.091387,181.39724731445312,5,"COPDEM30",894
"RGI2000-v7.0-G-18-00543","18","18-01","G168457E44321S",770814,749,"2002-01-20T00:00:00",168.45582429301075,-44.320942,59,0.0223350751385,0,0,0,9,"",0,168.4569345508408,-44.321188828234064,1317.6832,1448.2977,1376.1812,1375.482,37.241577,107.88021,3,"COPDEM30",189
"RGI2000-v7.0-G-18-00544","18","18-01","G168488E44317S",770842,749,"2002-01-20T00:00:00",168.48952627203647,-44.3163995,59,0.019402115471503,0,0,0,9,"",0,168.48849223962895,-44.317040613568786,1612.0074,1711.5627,1654.7844,1660.2435,30.539486,224.6191253662109,6,"COPDEM30",190
"RGI2000-v7.0-G-18-00545","18","18-01","G168491E44315S",770844,749,"2002-01-20T00:00:00",168.49138713709675,-44.314207499999995,59,0.023556088923738,0,0,0,9,"",0,168.49259622158246,-44.314476037988,1592.7804,1695.0618,1633.0139,1635.2982,28.569162,96.29316,3,"COPDEM30",251
"RGI2000-v7.0-G-18-00546","18","18-01","G168489E44313S",770841,749,"2002-01-20T00:00:00",168.48925171452277,-44.313495,59,0.014113755802947,0,0,0,9,"",0,168.49063949991108,-44.31341406467879,1689.4272,1755.9849,1722.1803,1722.897,24.90405,133.32368,4,"COPDEM30",228
"RGI2000-v7.0-G-18-00547","18","18-01","G168494E44287S",770843,749,"2002-01-20T00:00:00",168.4910543546129,-44.286309,59,0.144748707010728,0,0,0,9,"",0,168.48920120373924,-44.28700627397917,1579.9797,1825.7924,1679.76,1690.0194,30.717787,196.8334350585937,5,"COPDEM30",808
"RGI2000-v7.0-G-18-00548","18","18-01","G168499E44289S",770855,749,"2002-01-20T00:00:00",168.49882355558276,-44.286788,59,0.115552320720929,0,0,0,9,"",0,168.49819908295103,-44.290404039307084,1434.3358,1883.9567,1722.7422,1679.0778,31.711256,171.80942,5,"COPDEM30",795
"RGI2000-v7.0-G-18-00549","18","18-01","G168508E44287S",770858,749,"2002-01-20T00:00:00",168.50628338558352,-44.284354,59,0.05574660227931,0,0,0,9,"",0,168.5082663849358,-44.285917358718144,1664.3597,1873.0157,1736.9376,1739.8457,34.288258,70.56083,3,"COPDEM30",549
"RGI2000-v7.0-G-18-00550","18","18-01","G168505E44289S",770862,749,"2002-01-20T00:00:00",168.5068849415133,-44.2881725,59,0.201784848748315,0,0,0,9,"",0,168.5071508895358,-44.29166523943798,1512.058,1917.336,1607.7726,1647.8923,27.177786,185.3796539306641,5,"COPDEM30",971
"RGI2000-v7.0-G-18-00551","18","18-01","G168497E44272S",770852,749,"2002-01-20T00:00:00",168.49770750516916,-44.271888000000004,59,0.026729084011659,0,0,0,9,"",0,168.4968193714057,-44.272875981494664,1603.3142,1647.7861,1619.3237,1620.3057,15.485988,169.54648,5,"COPDEM30",321
"RGI2000-v7.0-G-18-00552","18","18-01","G168494E44273S",770847,749,"2002-01-20T00:00:00",168.4938319655878,-44.272613500000006,59,0.012352523001532,0,0,0,9,"",0,168.49420616989363,-44.27311258511802,1593.4204,1652.0201,1617.3373,1618.514,24.858196,126.92231,4,"COPDEM30",138
"RGI2000-v7.0-G-18-00553","18","18-01","G168503E44272S",770861,749,"2002-01-20T00:00:00",168.50664116615326,-44.2704645,59,0.010231468438777,0,0,0,9,"",0,168.50737748340413,-44.270611582838896,1556.6407,1633.2189,1592.3992,1593.626,28.583776,125.84616,4,"COPDEM30",149
"RGI2000-v7.0-G-18-00554","18","18-01","G168514E44268S",770864,749,"2002-01-20T00:00:00",168.51428244136554,-44.2678085,59,0.021145851432113,0,0,0,9,"",0,168.5157198405275,-44.26814232165712,1529.8202,1628.0763,1558.7902,1565.6017,23.594027,141.59106,4,"COPDEM30",279
"RGI2000-v7.0-G-18-00555","18","18-01","G168479E44286S",770831,749,"2002-01-20T00:00:00",168.47698472662802,-44.2867105,59,0.061473108150093,0,0,0,9,"",0,168.47766101121337,-44.28753669868159,1530.4661,1712.041,1610.9412,1613.5245,39.924088,158.8844,5,"COPDEM30",255
"RGI2000-v7.0-G-18-00556","18","18-01","G168464E44287S",770824,749,"2002-01-20T00:00:00",168.46834152164502,-44.287144999999995,59,0.287378981437431,0,0,0,9,"",0,168.46291424335612,-44.288333495599154,1497.62,1779.8081,1676.7883,1668.5112,27.142939,199.1451416015625,5,"COPDEM30",1218
"RGI2000-v7.0-G-18-00557","18","18-01","G168459E44289S",770816,749,"2002-01-20T00:00:00",168.45924130756578,-44.2892515,59,0.014981858805522,0,0,0,9,"",0,168.45946595001215,-44.29007456714312,1358.2108,1507.4691,1429.3105,1430.3378,38.078598,148.48233,4,"COPDEM30",212
"RGI2000-v7.0-G-18-00558","18","18-01","G168451E44292S",770813,749,"2002-01-20T00:00:00",168.4505634314396,-44.291854,59,0.168013447654148,0,0,0,9,"",0,168.45240494898854,-44.29289738121197,1591.3583,1799.0431,1687.0654,1687.668,30.559187,129.1186,4,"COPDEM30",377
"RGI2000-v7.0-G-18-00559","18","18-01","G168445E44293S",770807,749,"2002-01-20T00:00:00",168.44555936946747,-44.2929905,59,0.022914153854882,0,0,0,9,"",0,168.44623045188402,-44.29392706530364,1699.2904,1735.1996,1707.4954,1710.9413,13.048164,192.12496948242188,5,"COPDEM30",254
"RGI2000-v7.0-G-18-00560","18","18-01","G168524E44382S",770870,749,"2002-01-20T00:00:00",168.52760315789476,-44.380205000000004,59,0.01500987273793,0,0,0,9,"",0,168.52750455419317,-44.38037072539143,1400.6868,1494.1755,1424.1621,1427.6511,37.791542,160.55693,5,"COPDEM30",134
"RGI2000-v7.0-G-18-00561","18","18-01","G168557E44376S",770894,749,"2002-01-20T00:00:00",168.55849364375277,-44.3741715,59,0.063154377279125,0,0,0,9,"",0,168.5567349326294,-44.37590005177219,1603.4812,1801.26,1700.258,1707.4119,26.102173,179.02176,5,"COPDEM30",506
"RGI2000-v7.0-G-18-00562","18","18-01","G168565E44371S",770906,749,"2002-01-20T00:00:00",168.56468352367688,-44.370705,59,0.015352250851076,0,0,0,9,"",0,168.5637815268061,-44.37051127520847,1701.3422,1787.0326,1726.172,1736.3955,30.292612,305.5036163330078,8,"COPDEM30",179
"RGI2000-v7.0-G-18-00563","18","18-01","G168566E44370S",770909,749,"2002-01-20T00:00:00",168.56679839772727,-44.369046,59,0.026491776161614,0,0,0,9,"",0,168.56569564631732,-44.36900521049657,1713.1471,1841.0564,1782.9827,1779.1852,26.747536,274.9475402832031,7,"COPDEM30",272
"RGI2000-v7.0-G-18-00564","18","18-01","G168579E44369S",770920,749,"2002-01-20T00:00:00",168.57774376067357,-44.369015000000005,59,0.017295592032443,0,0,0,9,"",0,168.57737906972085,-44.368539415218336,1906.4794,2012.8008,1969.5817,1966.2025,38.91028,355.4932975769043,1,"COPDEM30",161
"RGI2000-v7.0-G-18-00565","18","18-01","G168582E44368S",770922,749,"2002-01-20T00:00:00",168.5822297657561,-44.367593,59,0.047688624382614,0,0,0,9,"",0,168.58027233469832,-44.36740034601189,1863.8008,1993.2789,1918.4447,1918.8055,38.436077,336.76805686950684,8,"COPDEM30",291
"RGI2000-v7.0-G-18-00566","18","18-01","G168588E44370S",770926,749,"2002-01-20T00:00:00",168.5875583112745,-44.368808,59,0.114379432187621,0,0,0,9,"",0,168.58974226691888,-44.37068259410684,1850.505,2180.2578,1964.2124,1980.5709,38.783894,88.1611,3,"COPDEM30",460
"RGI2000-v7.0-G-18-00567","18","18-01","G168589E44365S",770927,749,"2002-01-20T00:00:00",168.58925862631025,-44.364693,59,0.031784773329905,0,0,0,9,"",0,168.59061482575726,-44.364393126358976,1771.7426,1868.8265,1824.0618,1821.9634,24.928122,94.30381,3,"COPDEM30",247
"RGI2000-v7.0-G-18-00568","18","18-01","G168592E44359S",770934,749,"2002-01-20T00:00:00",168.59424739706947,-44.359035500000005,59,0.26625398289511,0,0,0,9,"",0,168.59261021706482,-44.363465160595055,1773.1747,2158.304,1998.9717,1992.8457,27.702347,222.89279174804688,6,"COPDEM30",882
"RGI2000-v7.0-G-18-00569","18","18-01","G168603E44362S",770942,749,"2002-01-20T00:00:00",168.6010766311553,-44.3616965,59,1.104361807047496,0,0,0,9,"",0,168.59631402718804,-44.367185857034286,1488.1213,2229.6692,1942.6343,1924.3356,29.935816,179.7028,5,"COPDEM30",1284
"RGI2000-v7.0-G-18-00570","18","18-01","G168612E44365S",770952,749,"2002-01-20T00:00:00",168.61217084750643,-44.364855500000004,59,0.031379164864471,0,0,0,9,"",0,168.6111701547492,-44.36559673297464,1462.0201,1627.8157,1537.6245,1543.2877,39.414562,198.64637756347656,5,"COPDEM30",258
"RGI2000-v7.0-G-18-00571","18","18-01","G168615E44361S",770956,749,"2002-01-20T00:00:00",168.61526120954966,-44.3613175,59,0.220726886467989,0,0,0,9,"",0,168.61511720212746,-44.36578500030394,1548.3938,2049.1687,1831.097,1828.8849,37.17692,116.96966,4,"COPDEM30",879
"RGI2000-v7.0-G-18-00572","18","18-01","G168622E44353S",770963,749,"2002-01-20T00:00:00",168.62241175,-44.353167,59,0.020283489505286,0,0,0,9,"",0,168.62224608392484,-44.353726706064556,1565.7073,1696.9984,1657.7515,1652.4637,32.666607,147.47192,4,"COPDEM30",222
"RGI2000-v7.0-G-18-00573","18","18-01","G168626E44350S",770969,749,"2002-01-20T00:00:00",168.62552126167537,-44.350328000000005,59,0.025045240512299,0,0,0,9,"",0,168.62581797423215,-44.35155738840181,1646.1558,1775.8994,1722.4917,1720.2223,32.380066,140.03258,4,"COPDEM30",275
"RGI2000-v7.0-G-18-00574","18","18-01","G168625E44350S",770970,749,"2002-01-20T00:00:00",168.62739245348837,-44.34745,59,0.035752526394851,0,0,0,9,"",0,168.62882732267704,-44.3481340468975,1690.8872,1922.3618,1798.8745,1800.3597,35.817062,135.49704,4,"COPDEM30",392
"RGI2000-v7.0-G-18-00575","18","18-01","G168630E44347S",770972,749,"2002-01-20T00:00:00",168.62932994100305,-44.346139,59,0.028975206971275,0,0,0,9,"",0,168.63107502334654,-44.347306175158614,1640.5736,1803.3835,1727.7867,1721.6029,35.503426,131.50322,4,"COPDEM30",585
"RGI2000-v7.0-G-18-00576","18","18-01","G168606E44371S",770946,749,"2002-01-20T00:00:00",168.60495842802766,-44.370918,59,0.572122733649739,0,0,0,9,"",0,168.61224215703518,-44.37582015504015,1021.62067,1603.8583,1132.0466,1169.549,22.093185,124.412994,4,"COPDEM30",1886
"RGI2000-v7.0-G-18-00577","18","18-01","G168593E44376S",770935,749,"2002-01-20T00:00:00",168.59369426169707,-44.375372999999996,59,0.034792974351753,0,0,0,9,"",0,168.59467800898136,-44.37509411158624,1661.1671,1816.557,1718.6718,1724.3804,44.41645,39.654186,2,"COPDEM30",326
"RGI2000-v7.0-G-18-00578","18","18-01","G168589E44375S",770928,749,"2002-01-20T00:00:00",168.58906231617647,-44.3749455,59,0.119268770015039,0,0,0,9,"",0,168.58926000000588,-44.37284328898494,1885.6327,2059.538,2014.0527,2001.517,32.303097,61.28084,2,"COPDEM30",472
"RGI2000-v7.0-G-18-00579","18","18-01","G168574E44374S",770917,749,"2002-01-20T00:00:00",168.57626526564133,-44.37395,59,1.009065664804974,0,0,0,9,"",0,168.56690336477936,-44.37566550111083,1522.4696,2151.8462,1830.7992,1812.8525,28.384985,207.2869873046875,6,"COPDEM30",1557
"RGI2000-v7.0-G-18-00580","18","18-01","G168605E44382S",770940,749,"2002-01-20T00:00:00",168.600099148591,-44.379939500000006,59,0.144328989684777,0,0,0,9,"",0,168.6030341876578,-44.37981621790537,1864.8442,2103.6418,2004.9253,2002.4927,34.298946,28.637602,2,"COPDEM30",445
"RGI2000-v7.0-G-18-00581","18","18-01","G168606E44381S",770947,749,"2002-01-20T00:00:00",168.60557252906892,-44.381187499999996,59,0.066087791694977,0,0,0,9,"",0,168.60471626942115,-44.379541366250756,1762.203,1999.8849,1886.958,1888.658,37.33044,31.145699,2,"COPDEM30",365
"RGI2000-v7.0-G-18-00582","18","18-01","G168590E44384S",770941,749,"2002-01-20T00:00:00",168.59955246176992,-44.385343,59,2.866338725497984,0,0,0,9,"",0,168.57888030369176,-44.38216824768314,1544.8221,2140.0798,1840.0618,1849.8588,23.263624,219.7938537597656,6,"COPDEM30",2872
"RGI2000-v7.0-G-18-00583","18","18-01","G168611E44387S",770951,749,"2002-01-20T00:00:00",168.61143116340776,-44.38637,59,0.22293026434239,0,0,0,9,"",0,168.6112893640759,-44.384772579482345,1780.1201,2091.263,1925.8365,1924.9196,32.405666,39.311264,2,"COPDEM30",1038
"RGI2000-v7.0-G-18-00584","18","18-01","G168616E44386S",770959,749,"2002-01-20T00:00:00",168.61626746564886,-44.386301,59,0.093722125193774,0,0,0,9,"",0,168.61425854820084,-44.384262721623834,1674.0979,1912.8326,1787.0962,1787.6588,31.471987,6.15733,1,"COPDEM30",661
"RGI2000-v7.0-G-18-00585","18","18-01","G168620E44387S",770962,749,"2002-01-20T00:00:00",168.62055394520547,-44.38714,59,0.025289743312143,0,0,0,9,"",0,168.61926522964367,-44.38618729193401,1748.809,1938.8528,1831.5696,1838.879,39.038094,4.4897113,1,"COPDEM30",262
"RGI2000-v7.0-G-18-00586","18","18-01","G168616E44382S",770958,749,"2002-01-20T00:00:00",168.61645666,-44.382177,59,0.017690901928959,0,0,0,9,"",0,168.61824559571787,-44.38148418985553,1300.9619,1531.8654,1406.2046,1407.2571,43.437786,39.604153,2,"COPDEM30",277
"RGI2000-v7.0-G-18-00587","18","18-01","G168619E44394S",770961,749,"2002-01-20T00:00:00",168.62035142850328,-44.39475,59,0.820936878636972,0,0,0,9,"",0,168.61288658325628,-44.39594189619388,1454.8832,1952.7421,1690.9797,1703.5415,24.723915,187.7880249023437,5,"COPDEM30",1221
"RGI2000-v7.0-G-18-00588","18","18-01","G168637E44417S",770983,749,"2002-01-20T00:00:00",168.63741372874603,-44.4167785,59,0.018171944973873,0,0,0,9,"",0,168.63498439222326,-44.41665235304755,1797.3892,1924.1263,1835.1146,1842.2609,23.635231,301.5009574890137,8,"COPDEM30",300
"RGI2000-v7.0-G-18-00589","18","18-01","G168634E44419S",770980,749,"2002-01-20T00:00:00",168.63479761644396,-44.418395000000004,59,0.039760698550287,0,0,0,9,"",0,168.63299923970018,-44.41933216727204,1750.7285,1847.0858,1796.1571,1794.8143,23.792212,275.8597640991211,7,"COPDEM30",251
"RGI2000-v7.0-G-18-00590","18","18-01","G168637E44421S",770984,749,"2002-01-20T00:00:00",168.63720552287583,-44.4199025,59,0.087195864377081,0,0,0,9,"",0,168.63869641695783,-44.42193100000487,1700.0597,1943.9302,1845.6208,1836.2953,31.726416,151.64236,4,"COPDEM30",533
"RGI2000-v7.0-G-18-00591","18","18-01","G168642E44420S",770989,749,"2002-01-20T00:00:00",168.64166347079038,-44.418220500000004,59,0.1195488231144,0,0,0,9,"",0,168.64205625728582,-44.42125401850934,1507.9685,1926.5454,1767.4448,1742.5203,32.25577,154.0485,4,"COPDEM30",819
"RGI2000-v7.0-G-18-00592","18","18-01","G168647E44417S",770995,749,"2002-01-20T00:00:00",168.6472032632271,-44.416852,59,0.329408381745326,0,0,0,9,"",0,168.6435929124946,-44.42212117545239,1421.725,2168.3992,1796.6857,1793.681,33.569473,180.1638641357422,5,"COPDEM30",1388
"RGI2000-v7.0-G-18-00593","18","18-01","G168645E44413S",770994,749,"2002-01-20T00:00:00",168.64560142551068,-44.4123265,59,0.107539023091503,0,0,0,9,"",0,168.64170256148145,-44.4132491938235,1789.5623,2126.6855,1951.9891,1953.9255,28.517412,270.09542083740234,7,"COPDEM30",667
"RGI2000-v7.0-G-18-00594","18","18-01","G168648E44410S",770999,749,"2002-01-20T00:00:00",168.64832390842332,-44.410443,59,0.065217262201172,0,0,0,9,"",0,168.64645792564687,-44.40920697080726,1921.4791,2167.8323,2059.2683,2058.0305,30.91477,324.64501190185547,8,"COPDEM30",463
"RGI2000-v7.0-G-18-00595","18","18-01","G168652E44410S",771002,749,"2000-04-13T00:00:00",168.65182689855493,-44.4104035,59,0.012077588560788,0,0,0,9,"",0,168.65083649731372,-44.4098624237393,2060.2622,2145.0027,2103.3486,2102.9033,29.42306,358.302928686142,1,"COPDEM30",173
"RGI2000-v7.0-G-18-00596","18","18-01","G168654E44411S",771003,749,"2000-04-13T00:00:00",168.65439620822298,-44.4108315,59,0.052573527096119,0,0,0,9,"",0,168.65488573566063,-44.409901068036554,2007.7417,2201.0068,2135.4038,2131.4475,29.922668,10.808319,1,"COPDEM30",265
"RGI2000-v7.0-G-18-00597","18","18-01","G168660E44412S",771006,749,"2000-04-13T00:00:00",168.65967269736842,-44.410173,59,0.093103449484637,0,0,0,9,"",0,168.6612646339226,-44.41032664235382,1674.2372,1944.1415,1811.9171,1809.441,42.75887,74.94278,3,"COPDEM30",329
"RGI2000-v7.0-G-18-00598","18","18-01","G168662E44405S",771007,749,"2000-04-13T00:00:00",168.66156023571426,-44.4060585,59,0.078348625790424,0,0,0,9,"",0,168.66313093339508,-44.40787692338068,1524.1578,1795.0974,1619.6433,1632.0405,39.301018,95.16111,3,"COPDEM30",473
"RGI2000-v7.0-G-18-00599","18","18-01","G168662E44415S",771008,749,"2000-04-13T00:00:00",168.66155293196925,-44.415415499999995,59,0.014037307503787,0,0,0,9,"",0,168.6621075402646,-44.41609401846731,1853.853,1906.9458,1882.9131,1883.4762,24.882055,124.502975,4,"COPDEM30",148
"RGI2000-v7.0-G-18-00600","18","18-01","G168659E44418S",771004,749,"2002-01-20T00:00:00",168.6586428076923,-44.416735,59,0.599051671528182,0,0,0,9,"",0,168.65867070902507,-44.42123832258687,1497.2391,2172.941,1827.5099,1832.2933,33.399765,173.59213,5,"COPDEM30",1093
"RGI2000-v7.0-G-18-00601","18","18-01","G168664E44418S",771009,749,"2000-04-13T00:00:00",168.6651246494339,-44.4177215,59,0.051825010741382,0,0,0,9,"",0,168.6633722209397,-44.419930530834904,1506.302,1836.4652,1725.0894,1698.4108,41.489624,138.56827,4,"COPDEM30",286
"RGI2000-v7.0-G-18-00602","18","18-01","G168643E44423S",770990,749,"2002-01-20T00:00:00",168.64276169392525,-44.423361,59,0.014446680968257,0,0,0,9,"",0,168.64315193333817,-44.42418898076896,1311.2217,1393.774,1342.6741,1345.3202,21.237646,177.33102,5,"COPDEM30",197
"RGI2000-v7.0-G-18-00603","18","18-01","G168684E44395S",771010,749,"2000-04-13T00:00:00",168.6833845,-44.395283500000005,59,0.045957997847192,0,0,0,9,"",0,168.68254449771433,-44.39752326414158,1633.8412,1880.6434,1783.111,1773.8739,29.114086,191.5671539306641,5,"COPDEM30",541
"RGI2000-v7.0-G-18-00604","18","18-01","G168687E44393S",771011,749,"2000-04-13T00:00:00",168.68669114982578,-44.3925945,59,0.018669625991418,0,0,0,9,"",0,168.68507209187973,-44.39331328071314,1852.0975,1951.0737,1909.7285,1908.9489,31.611366,172.09207,5,"COPDEM30",179
"RGI2000-v7.0-G-18-00605","18","18-01","G168688E44397S",771012,749,"2000-04-13T00:00:00",168.6883935061063,-44.397728,59,0.07229159600153,0,0,0,9,"",0,168.6877144021252,-44.399826870140785,1700.2307,1917.0284,1802.2084,1801.6246,25.674631,219.31723022460932,6,"COPDEM30",521
"RGI2000-v7.0-G-18-00606","18","18-01","G168697E44405S",771013,749,"2000-04-13T00:00:00",168.69603316025638,-44.405021,59,0.013700202466763,0,0,0,9,"",0,168.6952895765495,-44.40538703067127,1865.6376,2012.5605,1916.9867,1922.8949,39.07789,227.0005645751953,6,"COPDEM30",136
"RGI2000-v7.0-G-18-00607","18","18-01","G168704E44413S",771018,749,"2000-04-13T00:00:00",168.7044741806609,-44.412954,59,0.038858783188616,0,0,0,9,"",0,168.70277357277868,-44.41343644824853,1740.0845,1934.2983,1866.4954,1856.1323,23.037117,250.5585556030273,7,"COPDEM30",507
"RGI2000-v7.0-G-18-00608","18","18-01","G168708E44414S",771020,749,"2000-04-13T00:00:00",168.70764905124236,-44.4142315,59,0.055636282496065,0,0,0,9,"",0,168.7048105440389,-44.414454912055895,1785.892,2038.706,1876.2493,1887.626,24.475487,235.6135025024414,6,"COPDEM30",582
"RGI2000-v7.0-G-18-00609","18","18-01","G168711E44414S",771026,749,"2000-04-13T00:00:00",168.7115785658194,-44.4153745,59,0.233139521087715,0,0,0,9,"",0,168.7055567611396,-44.41728861705635,1784.4696,2336.3054,2106.837,2104.3142,25.727175,233.43228149414065,6,"COPDEM30",1696
"RGI2000-v7.0-G-18-00610","18","18-01","G168715E44414S",771032,749,"2000-04-13T00:00:00",168.7151553558921,-44.413799499999996,59,0.015497570452238,0,0,0,9,"",0,168.7142582188542,-44.41388915427921,2153.742,2264.6775,2217.6611,2216.5798,35.731697,254.9352798461914,7,"COPDEM30",150
"RGI2000-v7.0-G-18-00611","18","18-01","G168714E44410S",771029,749,"2000-04-13T00:00:00",168.71393449478828,-44.410073499999996,59,0.100363700007982,0,0,0,9,"",0,168.70728235424173,-44.408595590425136,2014.5211,2334.091,2214.8066,2204.5283,31.96812,242.81417846679688,6,"COPDEM30",774
"RGI2000-v7.0-G-18-00612","18","18-01","G168708E44420S",771021,749,"2000-04-13T00:00:00",168.70780792631578,-44.419650000000004,59,0.016851462199055,0,0,0,9,"",0,168.70758799218274,-44.42072569103191,1860.9431,1917.7397,1883.0732,1885.6707,18.363867,247.1176376342773,6,"COPDEM30",290
"RGI2000-v7.0-G-18-00613","18","18-01","G168731E44439S",771056,749,"2000-04-13T00:00:00",168.7349939208715,-44.4332875,59,4.119183071246461,0,0,0,9,"",0,168.71541378590464,-44.42280665338337,1504.6655,2509.2559,2117.221,2097.2603,23.138918,276.6408004760742,7,"COPDEM30",4382
"RGI2000-v7.0-G-18-00614","18","18-01","G168751E44436S",771065,749,"2000-04-13T00:00:00",168.74697504347824,-44.438829,59,3.107636957199628,0,0,0,9,"",0,168.7587717406716,-44.43593376414125,1530.4797,2589.3213,1991.6167,1997.4869,32.29358,117.46081,4,"COPDEM30",2715
"RGI2000-v7.0-G-18-00615","18","18-01","G168749E44449S",771068,749,"2000-04-13T00:00:00",168.74902468220336,-44.448404,59,0.103338789963815,0,0,0,9,"",0,168.7504269035673,-44.44541213792285,1777.4672,2232.15,1998.0566,2004.3854,41.40474,68.867,3,"COPDEM30",648
"RGI2000-v7.0-G-18-00616","18","18-01","G168752E44452S",771069,749,"2000-04-13T00:00:00",168.75128746572105,-44.451633,59,0.018298708079641,0,0,0,9,"",0,168.75228733528536,-44.45042684401686,1870.8861,1980.6725,1921.4836,1922.1757,39.980156,93.784386,3,"COPDEM30",163
"RGI2000-v7.0-G-18-00617","18","18-01","G168750E44458S",771066,749,"2000-04-13T00:00:00",168.7466655479128,-44.4551785,59,0.645205375420397,0,0,0,9,"",0,168.74268189792105,-44.458172832446046,1487.2256,2028.8655,1753.4705,1749.8391,34.50317,181.30291748046875,5,"COPDEM30",1404
"RGI2000-v7.0-G-18-00618","18","18-01","G168740E44453S",771061,749,"2000-04-13T00:00:00",168.7395744642857,-44.4528445,59,0.016250498736426,0,0,0,9,"",0,168.73802109191487,-44.453508950686825,2041.1741,2191.0466,2137.8513,2128.0332,35.77585,217.95187377929688,6,"COPDEM30",211
"RGI2000-v7.0-G-18-00619","18","18-01","G168738E44463S",771055,749,"2000-04-13T00:00:00",168.73353952958772,-44.4597985,59,1.032999664154927,0,0,0,9,"",0,168.73079975075873,-44.46863071235257,882.7235,2184.1138,1651.4263,1576.2277,33.09318,152.88788,4,"COPDEM30",2296
"RGI2000-v7.0-G-18-00620","18","18-01","G168718E44463S",771038,749,"2000-04-13T00:00:00",168.7180443179737,-44.462001,59,2.256537705101694,0,0,0,9,"",0,168.72023473228793,-44.47013197110198,1338.3969,2610.827,2044.6609,2062.76,33.08816,146.12022,4,"COPDEM30",2303
"RGI2000-v7.0-G-18-00621","18","18-01","G168710E44457S",771024,749,"2000-04-13T00:00:00",168.7088696130515,-44.4566265,59,0.036243015535182,0,0,0,9,"",0,168.70822181473346,-44.45678469171617,2253.9153,2385.059,2325.3005,2326.2412,34.724716,283.8873977661133,7,"COPDEM30",226
"RGI2000-v7.0-G-18-00622","18","18-01","G168703E44459S",771019,749,"2000-04-13T00:00:00",168.70590258827053,-44.4580025,59,0.056107012911526,0,0,0,9,"",0,168.70326283355706,-44.45943860971256,1941.7341,2225.2227,2036.4902,2046.1465,35.130074,262.1345977783203,7,"COPDEM30",453
"RGI2000-v7.0-G-18-00623","18","18-01","G168702E44459S",771015,749,"2000-04-13T00:00:00",168.70228338118812,-44.45898,59,0.014497623416254,0,0,0,9,"",0,168.70059177946362,-44.45910668024745,1848.4784,1936.2919,1883.121,1885.6155,24.964643,251.88516998291016,7,"COPDEM30",202
"RGI2000-v7.0-G-18-00624","18","18-01","G168702E44462S",771016,749,"2000-04-13T00:00:00",168.70247736723164,-44.460974,59,0.01436957851882,0,0,0,9,"",0,168.70135396164358,-44.46164308949056,1826.4976,1942.2268,1886.9207,1883.12,28.300749,232.32221221923828,6,"COPDEM30",238
"RGI2000-v7.0-G-18-00625","18","18-01","G168699E44456S",771014,749,"2000-04-13T00:00:00",168.69976215079365,-44.454751,59,0.032618251906211,0,0,0,9,"",0,168.69851649938553,-44.45511016899704,1799.159,1925.9502,1839.7281,1847.5016,34.794907,215.63999938964844,6,"COPDEM30",234
"RGI2000-v7.0-G-18-00626","18","18-01","G168711E44450S",771027,749,"2000-04-13T00:00:00",168.71238745534714,-44.450652,59,0.712320685970947,0,0,0,9,"",0,168.70455306019727,-44.4501837644962,1901.868,2444.578,2114.0754,2120.1497,24.010681,303.2755661010742,8,"COPDEM30",1273
"RGI2000-v7.0-G-18-00627","18","18-01","G168722E44472S",771041,749,"2000-04-13T00:00:00",168.72078628501401,-44.4717825,59,0.081654234335711,0,0,0,9,"",0,168.723031855561,-44.47153900033594,1100.4911,1247.3148,1146.9646,1149.1969,26.443287,130.03903,4,"COPDEM30",251
"RGI2000-v7.0-G-18-00628","18","18-01","G168718E44476S",771039,749,"2000-04-13T00:00:00",168.7181568660714,-44.475609500000004,59,0.031586288422162,0,0,0,9,"",0,168.71904669186074,-44.476323296469424,1117.2566,1175.8538,1142.9518,1143.0024,19.337408,111.037964,3,"COPDEM30",250
"RGI2000-v7.0-G-18-00629","18","18-01","G168761E44466S",771072,749,"2000-04-13T00:00:00",168.75968697208123,-44.465893,59,0.01976673066754,0,0,0,9,"",0,168.75784174203517,-44.46706425075099,1769.4843,1898.3026,1831.157,1829.0382,32.13433,170.18848,5,"COPDEM30",497
"RGI2000-v7.0-G-18-00630","18","18-01","G168758E44458S",771071,749,"2000-04-13T00:00:00",168.75779646428572,-44.4582925,59,0.013224064286266,0,0,0,9,"",0,168.75669362391807,-44.45816746985631,1760.1008,1809.4069,1788.7402,1788.6682,19.070755,250.2814483642578,7,"COPDEM30",158
"RGI2000-v7.0-G-18-00631","18","18-01","G168773E44426S",771075,749,"2000-04-13T00:00:00",168.77084817417062,-44.4271715,59,0.163415502630962,0,0,0,9,"",0,168.7713691058053,-44.428419231517125,1642.9908,2016.5121,1770.802,1799.258,38.77963,146.32909,4,"COPDEM30",264
"RGI2000-v7.0-G-18-00632","18","18-01","G168749E44422S",771064,749,"2000-04-13T00:00:00",168.7471284876927,-44.4200825,59,0.751535494273665,0,0,0,9,"",0,168.74619360470524,-44.41391313157399,1805.7725,2452.89,2103.0625,2133.932,32.003986,35.83017,2,"COPDEM30",1412
"RGI2000-v7.0-G-18-00633","18","18-01","G168750E44399S",771070,749,"2000-04-13T00:00:00",168.75409253120378,-44.397675500000005,59,1.364907014754879,0,0,0,9,"",0,168.7519721954303,-44.40556612472571,1138.5134,2291.4907,1877.043,1849.4503,30.534779,163.86334,5,"COPDEM30",2019
"RGI2000-v7.0-G-18-00634","18","18-01","G168768E44396S",771078,749,"2000-04-13T00:00:00",168.7749832215165,-44.396789,59,1.532161920923905,0,0,0,9,"",0,168.76858283004034,-44.40315557428154,1409.8118,2267.4744,1716.7982,1750.9558,29.991701,169.1528,5,"COPDEM30",1641
"RGI2000-v7.0-G-18-00635","18","18-01","G168778E44392S",771079,749,"2000-04-13T00:00:00",168.77835317017207,-44.392472999999995,59,0.313308117627187,0,0,0,9,"",0,168.78105319709957,-44.39494789256436,1652.9601,2211.6028,1944.3191,1934.6327,35.994507,136.31444,4,"COPDEM30",835
"RGI2000-v7.0-G-18-00636","18","18-01","G168786E44391S",771083,749,"2000-04-13T00:00:00",168.78502378875186,-44.3898245,59,0.011178001355497,0,0,0,9,"",0,168.78583463543376,-44.39107649272374,1417.957,1622.8174,1513.8152,1512.8434,34.104477,134.3063,4,"COPDEM30",316
"RGI2000-v7.0-G-18-00637","18","18-01","G168785E44385S",771082,749,"2000-04-13T00:00:00",168.78384297235328,-44.3851645,59,0.214894938231521,0,0,0,9,"",0,168.78877161240285,-44.38371274553692,1617.9221,1960.0527,1798.1862,1798.006,40.277813,116.353935,4,"COPDEM30",893
"RGI2000-v7.0-G-18-00638","18","18-01","G168783E44381S",771081,749,"2000-04-13T00:00:00",168.78346028758062,-44.381553,59,0.113660675949387,0,0,0,9,"",0,168.78402185760405,-44.37952086133701,1824.5833,2091.0024,1970.8903,1973.4373,28.093653,41.517227,2,"COPDEM30",589
"RGI2000-v7.0-G-18-00639","18","18-01","G168780E44379S",771080,749,"2000-04-13T00:00:00",168.77958580602706,-44.379168500000006,59,0.017389132673035,0,0,0,9,"",0,168.77790185434552,-44.37836414000964,1843.0714,1944.1962,1902.4355,1901.4536,20.916525,323.0785675048828,8,"COPDEM30",277
"RGI2000-v7.0-G-18-00640","18","18-01","G168770E44384S",771076,749,"2000-04-13T00:00:00",168.77305482864057,-44.3851035,59,1.531431262794607,0,0,0,9,"",0,168.76755915484674,-44.379551668046325,1710.9678,2280.8518,2071.3684,2062.381,25.922953,349.43204498291016,1,"COPDEM30",1517
"RGI2000-v7.0-G-18-00641","18","18-01","G168746E44385S",771063,749,"2000-04-13T00:00:00",168.74493063226572,-44.384106,59,0.940039448344429,0,0,0,9,"",0,168.75003560735956,-44.381881276502455,1698.8385,2610.9482,2198.5105,2201.0364,27.755026,34.16731,2,"COPDEM30",1199
"RGI2000-v7.0-G-18-00642","18","18-01","G168743E44371S",771062,749,"2000-04-13T00:00:00",168.74289029504047,-44.371225,59,0.028213161842085,0,0,0,9,"",0,168.74081784761398,-44.36939219781921,1603.575,1757.2856,1666.415,1675.369,22.868496,342.34100341796875,1,"COPDEM30",405
"RGI2000-v7.0-G-18-00643","18","18-01","G168749E44370S",771067,749,"2000-04-13T00:00:00",168.74897011464128,-44.370495500000004,59,0.034026776113346,0,0,0,9,"",0,168.75058624338666,-44.37270279843375,1637.9778,1738.4089,1694.8259,1693.2819,24.710758,65.47234,2,"COPDEM30",411
"RGI2000-v7.0-G-18-00644","18","18-01","G168764E44358S",771074,749,"2000-04-13T00:00:00",168.76928803493632,-44.3587045,59,11.887965091483506,0,0,0,9,"",0,168.75358315997707,-44.36294043332039,1168.1499,2329.2285,1764.6501,1709.6274,11.954064,192.37120056152344,5,"COPDEM30",7504
"RGI2000-v7.0-G-18-00645","18","18-01","G168787E44360S",771085,749,"2000-04-13T00:00:00",168.78798908092793,-44.359930000000006,59,0.051696527594873,0,0,0,9,"",0,168.78683624082362,-44.36022573300911,1928.5603,2059.2737,1986.751,1985.3479,25.309053,304.36498260498047,8,"COPDEM30",318
"RGI2000-v7.0-G-18-00646","18","18-01","G168792E44357S",771086,749,"2000-04-13T00:00:00",168.79243721846848,-44.3572815,59,0.026958446547252,0,0,0,9,"",0,168.7933098143852,-44.35625329444312,1850.4846,1982.69,1944.4902,1935.0741,31.966642,14.257375,1,"COPDEM30",283
"RGI2000-v7.0-G-18-00647","18","18-01","G168798E44360S",771088,749,"2000-04-13T00:00:00",168.7978409261387,-44.359804999999994,59,0.034418230219948,0,0,0,9,"",0,168.7964639743873,-44.358984097576396,2026.1621,2134.7888,2072.7456,2075.0994,24.815895,346.3158760070801,1,"COPDEM30",331
"RGI2000-v7.0-G-18-00648","18","18-01","G168796E44364S",771091,749,"2000-04-13T00:00:00",168.79956368292596,-44.3643775,59,0.55753965629014,0,0,0,9,"",0,168.79096871124563,-44.36438927600907,1823.8335,2277.5432,2005.919,2008.5603,28.140892,211.9684600830078,6,"COPDEM30",1391
"RGI2000-v7.0-G-18-00649","18","18-01","G168805E44369S",771095,749,"2000-04-13T00:00:00",168.80660766096068,-44.368269,59,0.504744942848807,0,0,0,9,"",0,168.79515743010919,-44.37402904902915,1763.1952,2355.1746,1981.0924,2010.2816,32.201145,168.3044,5,"COPDEM30",2126
"RGI2000-v7.0-G-18-00650","18","18-01","G168806E44359S",771093,749,"2000-04-13T00:00:00",168.8054782211292,-44.3593415,59,0.348987000812554,0,0,0,9,"",0,168.80451632777033,-44.357538454862016,1974.6833,2299.1409,2135.94,2142.0344,29.936714,347.4372262954712,1,"COPDEM30",769
"RGI2000-v7.0-G-18-00651","18","18-01","G168821E44356S",771098,749,"2000-04-13T00:00:00",168.82095985698447,-44.3560255,59,0.020830147759489,0,0,0,9,"",0,168.8212043437361,-44.35687936800313,1723.1975,1830.919,1777.6089,1775.0242,37.496704,131.24991,4,"COPDEM30",206
"RGI2000-v7.0-G-18-00652","18","18-01","G168828E44353S",771104,749,"2000-04-13T00:00:00",168.82820844435352,-44.353128,59,0.019134575335958,0,0,0,9,"",0,168.82816753383614,-44.35390666464598,1744.5371,1842.3837,1814.6748,1811.2695,28.603464,149.77592,4,"COPDEM30",143
"RGI2000-v7.0-G-18-00653","18","18-01","G168833E44353S",771109,749,"2000-04-13T00:00:00",168.83225212295082,-44.351518999999996,59,0.113995149908836,0,0,0,9,"",0,168.83182290118089,-44.353733078892546,1678.026,1930.5613,1824.9043,1819.0465,30.220724,154.84077,4,"COPDEM30",535
"RGI2000-v7.0-G-18-00654","18","18-01","G168835E44347S",771113,749,"2000-04-13T00:00:00",168.8336506435484,-44.346446,59,0.086970249386491,0,0,0,9,"",0,168.83535751982058,-44.34775130844694,1818.4271,2011.4849,1948.2073,1932.7317,33.016243,108.92266,3,"COPDEM30",817
"RGI2000-v7.0-G-18-00655","18","18-01","G168841E44344S",771117,749,"2000-04-13T00:00:00",168.84140414776118,-44.344186,59,0.03761754739598,0,0,0,9,"",0,168.84248837218314,-44.34517332345031,1365.4653,1532.3289,1448.4385,1449.3806,37.94246,142.62045,4,"COPDEM30",245
"RGI2000-v7.0-G-18-00656","18","18-01","G168839E44338S",771115,749,"2000-04-13T00:00:00",168.8365986693133,-44.337965,59,0.118463950286605,0,0,0,9,"",0,168.83777682229552,-44.34258134643256,1802.4261,2062.1387,1933.0419,1933.7625,41.69962,88.669556,3,"COPDEM30",492
"RGI2000-v7.0-G-18-00657","18","18-01","G168833E44330S",771111,749,"2000-04-13T00:00:00",168.83298170285713,-44.329981000000004,59,0.03388955293478,0,0,0,9,"",0,168.8312198552662,-44.33127451310657,1999.3083,2090.6323,2052.1204,2052.8257,22.013597,252.90289306640625,7,"COPDEM30",192
"RGI2000-v7.0-G-18-00658","18","18-01","G168830E44326S",771106,749,"2000-04-13T00:00:00",168.83019021971364,-44.325939000000005,59,0.215441598320175,0,0,0,9,"",0,168.82820013987347,-44.32843925312932,1918.9663,2090.526,2021.5017,2018.5286,22.913506,248.92432403564453,7,"COPDEM30",737
"RGI2000-v7.0-G-18-00659","18","18-01","G168831E44322S",771107,749,"2000-04-13T00:00:00",168.8306319666667,-44.3216265,59,0.015364152818945,0,0,0,9,"",0,168.82986285442783,-44.32158118271485,2095.5,2172.1016,2114.6462,2121.0623,30.481333,236.29071807861328,6,"COPDEM30",162
"RGI2000-v7.0-G-18-00660","18","18-01","G168834E44324S",771112,749,"2000-04-13T00:00:00",168.83379981279316,-44.3224665,59,0.231884657681456,0,0,0,9,"",0,168.83907878019212,-44.32058918179687,1690.9203,2105.2625,1955.51,1949.5104,43.832264,104.17126,3,"COPDEM30",504
"RGI2000-v7.0-G-18-00661","18","18-01","G168826E44322S",771101,749,"2000-04-13T00:00:00",168.8255016016043,-44.3215415,59,0.279075259902924,0,0,0,9,"",0,168.8225147802828,-44.32438545370946,1729.1484,2045.5724,1933.2686,1929.9023,22.772587,250.8684234619141,7,"COPDEM30",741
"RGI2000-v7.0-G-18-00662","18","18-01","G168821E44316S",771097,749,"2000-04-13T00:00:00",168.82114546973514,-44.315984,59,0.218222902804455,0,0,0,9,"",0,168.81707259168627,-44.31669859058266,1694.3627,1972.0553,1824.476,1816.7152,25.04052,223.08433532714844,6,"COPDEM30",956
"RGI2000-v7.0-G-18-00663","18","18-01","G168818E44336S",771102,749,"2000-04-13T00:00:00",168.8261528892513,-44.333869,59,1.288422898210638,0,0,0,9,"",0,168.82233584123495,-44.329691590667345,1772.0004,2346.1377,1955.2559,1986.7318,16.7953,358.3612734079361,1,"COPDEM30",1939
"RGI2000-v7.0-G-18-00664","18","18-01","G168804E44331S",771092,749,"2000-04-13T00:00:00",168.8044495998442,-44.331426,59,0.529132670685979,0,0,0,9,"",0,168.8059085285135,-44.32805760955053,1787.3423,2353.6348,1987.034,2005.8705,26.56226,25.714542,2,"COPDEM30",945
"RGI2000-v7.0-G-18-00665","18","18-01","G168799E44330S",771089,749,"2000-04-13T00:00:00",168.79941353593858,-44.331151500000004,59,0.051272264421856,0,0,0,9,"",0,168.79925860069352,-44.3292181291456,1892.2979,2098.7354,2012.9436,1998.9675,31.399385,344.82739639282227,1,"COPDEM30",524
"RGI2000-v7.0-G-18-00666","18","18-01","G168797E44335S",771090,749,"2000-04-13T00:00:00",168.80033408979122,-44.3339155,59,0.104541266412726,0,0,0,9,"",0,168.80118227818915,-44.332276276337396,2053.5806,2286.76,2224.1272,2222.9653,22.63154,37.09382,2,"COPDEM30",441
"RGI2000-v7.0-G-18-00667","18","18-01","G168793E44333S",771087,749,"2000-04-13T00:00:00",168.79362916677564,-44.3336495,59,0.049848106236571,0,0,0,9,"",0,168.79330019974125,-44.33240538723322,2012.573,2200.5369,2097.92,2105.1538,35.773167,330.1107597351074,8,"COPDEM30",296
"RGI2000-v7.0-G-18-00668","18","18-01","G168785E44334S",771084,749,"2000-04-13T00:00:00",168.78771045731708,-44.334081999999995,59,0.022796431483789,0,0,0,9,"",0,168.78503358925278,-44.33323461481293,1699.3892,1882.3673,1802.6349,1797.0535,34.25563,264.10731506347656,7,"COPDEM30",324
"RGI2000-v7.0-G-18-00669","18","18-01","G168774E44344S",771077,749,"2000-04-13T00:00:00",168.77371384577089,-44.343414499999994,59,0.0315830168257,0,0,0,9,"",0,168.77452728001083,-44.34431326192747,1800.37,1962.673,1895.8507,1893.9347,41.375885,156.08717,4,"COPDEM30",231
"RGI2000-v7.0-G-18-00670","18","18-01","G168729E44335S",771050,749,"2000-04-13T00:00:00",168.72883917996933,-44.3346015,59,0.155952956657703,0,0,0,9,"",0,168.73151342762975,-44.336738999797774,1656.2136,2050.844,1887.7805,1879.3641,41.424545,95.05043,3,"COPDEM30",417
"RGI2000-v7.0-G-18-00671","18","18-01","G168727E44331S",771048,749,"2000-04-13T00:00:00",168.7265245414337,-44.331290499999994,59,0.02113352125339,0,0,0,9,"",0,168.72733197734073,-44.33135364112709,2000.8743,2138.9802,2106.088,2101.307,34.161434,78.15052,3,"COPDEM30",130
"RGI2000-v7.0-G-18-00672","18","18-01","G168729E44332S",771049,749,"2000-04-13T00:00:00",168.72893323528876,-44.328323,59,0.275608400309026,0,0,0,9,"",0,168.73329954998067,-44.331622492392434,1602.433,2072.0981,1916.4927,1904.8074,32.823807,97.57233,3,"COPDEM30",580
"RGI2000-v7.0-G-18-00673","18","18-01","G168725E44324S",771044,749,"2000-04-13T00:00:00",168.72344662639853,-44.325592,59,0.01805148772495,0,0,0,9,"",0,168.72310901944286,-44.32524806731983,1760.2733,1909.949,1816.8499,1824.9629,37.928738,294.8391189575196,8,"COPDEM30",218
"RGI2000-v7.0-G-18-00674","18","18-01","G168722E44329S",771042,749,"2000-04-13T00:00:00",168.7216778272222,-44.3288975,59,0.020845788851267,0,0,0,9,"",0,168.7205946235978,-44.32964674072717,1681.4178,1828.634,1729.2946,1735.5482,36.011627,268.7238464355469,7,"COPDEM30",260
"RGI2000-v7.0-G-18-00675","18","18-01","G168718E44333S",771040,749,"2000-04-13T00:00:00",168.71952408300172,-44.331359,59,0.029131752734416,0,0,0,9,"",0,168.718251318402,-44.332319410791456,1555.4553,1749.7681,1649.137,1647.0332,35.386127,275.86234283447266,7,"COPDEM30",271
"RGI2000-v7.0-G-18-00676","18","18-01","G168723E44334S",771045,749,"2000-04-13T00:00:00",168.72311666000002,-44.334215,59,0.014648587125631,0,0,0,9,"",0,168.72258540224425,-44.333656289991666,1910.0149,2036.7285,1971.5812,1969.0599,48.49725,298.7620964050293,8,"COPDEM30",143
"RGI2000-v7.0-G-18-00677","18","18-01","G168715E44336S",771030,749,"2000-04-13T00:00:00",168.7149674396552,-44.336127000000005,59,0.012002121681023,0,0,0,9,"",0,168.7139394249086,-44.33600259830227,1419.8582,1512.9249,1469.9705,1469.0999,32.265373,292.84822845458984,8,"COPDEM30",172
"RGI2000-v7.0-G-18-00678","18","18-01","G168716E44344S",771033,749,"2000-04-13T00:00:00",168.71614329004552,-44.3436925,59,0.053668697628814,0,0,0,9,"",0,168.71463191884996,-44.34434631863318,1815.7308,2044.13,1907.7015,1910.8065,40.723354,257.1501007080078,7,"COPDEM30",367
"RGI2000-v7.0-G-18-00679","18","18-01","G168717E44348S",771036,749,"2000-04-13T00:00:00",168.71651228002355,-44.3479825,59,0.110443678357473,0,0,0,9,"",0,168.71548689430978,-44.347024414247585,1763.0658,2043.8212,1897.6046,1897.8976,33.14603,275.5470733642578,7,"COPDEM30",320
"RGI2000-v7.0-G-18-00680","18","18-01","G168715E44351S",771031,749,"2000-04-13T00:00:00",168.71492131785715,-44.35125600000001,59,0.016543415058282,0,0,0,9,"",0,168.713987997209,-44.35076762336027,1888.9712,1968.4536,1929.8612,1930.7031,29.105402,297.1308288574219,8,"COPDEM30",159
"RGI2000-v7.0-G-18-00681","18","18-01","G168716E44353S",771034,749,"2000-04-13T00:00:00",168.71621867269437,-44.352855000000005,59,0.101595960686518,0,0,0,9,"",0,168.71382262950993,-44.353494212447885,1977.2703,2152.1257,2061.3967,2066.1145,36.639446,293.1532669067383,8,"COPDEM30",492
"RGI2000-v7.0-G-18-00682","18","18-01","G168718E44353S",771037,749,"2000-04-13T00:00:00",168.71832066417198,-44.3529055,59,0.011680190414906,0,0,0,9,"",0,168.7174879986223,-44.35306800900377,2148.07,2173.5261,2168.0972,2166.7073,18.184673,298.7341842651367,8,"COPDEM30",225
"RGI2000-v7.0-G-18-00683","18","18-01","G168712E44349S",771025,749,"2000-04-13T00:00:00",168.71201414796218,-44.3493385,59,0.020083311343374,0,0,0,9,"",0,168.70994393585926,-44.349886383267744,1712.6552,1782.5018,1754.6909,1751.0513,20.62737,285.3389434814453,7,"COPDEM30",187
"RGI2000-v7.0-G-18-00684","18","18-01","G168709E44354S",771022,749,"2000-04-13T00:00:00",168.7091742066479,-44.353707,59,0.011041175168203,0,0,0,9,"",0,168.7084664607496,-44.35337126933342,1771.7998,1824.8114,1797.5107,1797.6633,19.86877,317.6558723449707,8,"COPDEM30",171
"RGI2000-v7.0-G-18-00685","18","18-01","G168707E44356S",771023,749,"2000-04-13T00:00:00",168.70917428484114,-44.356552,59,0.146395153814292,0,0,0,9,"",0,168.70614567221693,-44.355018176995685,1795.0122,2044.7131,1928.1997,1924.0239,29.624151,323.7677421569824,8,"COPDEM30",613
"RGI2000-v7.0-G-18-00686","18","18-01","G168699E44368S",771017,749,"2000-04-13T00:00:00",168.70274880120482,-44.3644095,59,1.297908312535772,0,0,0,9,"",0,168.6924329984717,-44.366834754002085,1600.493,2191.3862,1903.636,1913.3351,21.724066,279.1615524291992,7,"COPDEM30",2158
"RGI2000-v7.0-G-18-00687","18","18-01","G168716E44367S",771035,749,"2000-04-13T00:00:00",168.71589275513793,-44.367367,59,6.163626959950586,0,0,0,9,"",0,168.7341884531286,-44.351961956332914,893.4517,2616.1274,1963.9594,1886.9417,25.09338,48.495728,2,"COPDEM30",4757
"RGI2000-v7.0-G-18-00688","18","18-01","G168714E44381S",771028,749,"2000-04-13T00:00:00",168.714325109199,-44.381472,59,0.050859734837092,0,0,0,9,"",0,168.71309466898623,-44.381300198100384,2246.3782,2553.3494,2425.6267,2418.7085,44.582996,235.7172698974609,6,"COPDEM30",476
"RGI2000-v7.0-G-18-00689","18","18-01","G168722E44382S",771043,749,"2000-04-13T00:00:00",168.72248675136535,-44.381864,59,0.046298524841615,0,0,0,9,"",0,168.71911059138,-44.3809035167439,2426.8662,2701.7573,2542.629,2548.8494,49.78045,343.98688888549805,1,"COPDEM30",448
"RGI2000-v7.0-G-18-00690","18","18-01","G168723E44385S",771046,749,"2000-04-13T00:00:00",168.7226945033027,-44.3847935,59,0.029603083252777,0,0,0,9,"",0,168.72128236863546,-44.38531039220339,2506.606,2776.8264,2647.9607,2652.7007,47.26993,227.25537109375,6,"COPDEM30",263
"RGI2000-v7.0-G-18-00691","18","18-01","G168713E44394S",771051,749,"2000-04-13T00:00:00",168.7313418836738,-44.3933585,59,14.749436675052447,0,0,0,9,"",0,168.67436381889996,-44.38028041869776,1228.8723,2817.6333,2061.7646,2026.9581,14.229434,253.44471740722656,7,"COPDEM90",7628
"RGI2000-v7.0-G-18-00692","18","18-01","G168725E44344S",771047,749,"2000-04-13T00:00:00",168.72521241293273,-44.3440105,59,1.040163535051124,0,0,0,9,"",0,168.730896298449,-44.34619452479799,1591.6588,2312.36,2012.3447,2004.4619,34.19845,102.216835,3,"COPDEM30",1134
"RGI2000-v7.0-G-18-00693","18","18-01","G168731E44317S",771052,749,"2000-04-13T00:00:00",168.732846589983,-44.316049,59,0.137526095897444,0,0,0,9,"",0,168.7321105044337,-44.31452235751774,1791.4639,1978.4663,1891.003,1890.7341,31.394897,284.6136245727539,7,"COPDEM30",827
"RGI2000-v7.0-G-18-00694","18","18-01","G168735E44309S",771054,749,"2000-04-13T00:00:00",168.73398411345946,-44.310998,59,0.020425171744945,0,0,0,9,"",0,168.73321191651746,-44.31067306330963,1836.5737,1921.7112,1874.5967,1874.9475,32.024254,285.3794937133789,7,"COPDEM30",182
"RGI2000-v7.0-G-18-00695","18","18-01","G168742E44310S",771059,749,"2000-04-13T00:00:00",168.73909626372435,-44.310539500000004,59,1.366767872748362,0,0,0,9,"",0,168.74748077417928,-44.307014620592405,1522.6483,2086.1743,1821.7869,1814.7487,27.091722,108.967545,3,"COPDEM30",2840
"RGI2000-v7.0-G-18-00696","18","18-01","G168733E44306S",771053,749,"2000-04-13T00:00:00",168.73355914113475,-44.305757,59,0.032324545180885,0,0,0,9,"",0,168.7322763964683,-44.30585650951227,1753.2806,1858.4774,1804.0391,1803.7404,23.72046,246.98179626464844,6,"COPDEM30",270
"RGI2000-v7.0-G-18-00697","18","18-01","G168738E44230S",771058,749,"2000-04-13T00:00:00",168.73837444645062,-44.2299225,59,0.026875595229126,0,0,0,9,"",0,168.73934900000108,-44.22956118584306,1603.6759,1754.4579,1650.9597,1656.9753,35.434834,118.77719,4,"COPDEM30",345
"RGI2000-v7.0-G-18-00698","18","18-01","G168737E44225S",771057,749,"2000-04-13T00:00:00",168.73701875,-44.225094,59,0.016126446875116,0,0,0,9,"",0,168.7371812447341,-44.22609368720416,1844.7227,1915.2515,1884.9889,1882.1315,33.952488,107.39673,3,"COPDEM30",63
"RGI2000-v7.0-G-18-00699","18","18-01","G168740E44225S",771060,749,"2000-04-13T00:00:00",168.74042354855249,-44.2247195,59,0.145536526048034,0,0,0,9,"",0,168.7442994122388,-44.226316199016416,1537.6072,1804.1127,1693.5103,1689.8694,31.880743,116.05545,4,"COPDEM30",514
"RGI2000-v7.0-G-18-00700","18","18-01","G168817E44217S",771096,749,"2000-04-13T00:00:00",168.8196107130682,-44.216868,59,0.113198039059411,0,0,0,9,"",0,168.82268958486108,-44.21802202879396,1707.4452,1851.9678,1785.1804,1783.8625,26.13502,183.37234497070312,5,"COPDEM30",820
"RGI2000-v7.0-G-18-00701","18","18-01","G168825E44218S",771100,749,"2000-04-13T00:00:00",168.824504,-44.21781,59,0.016657868130587,0,0,0,9,"",0,168.82366425092266,-44.21860034108615,1676.4664,1808.4114,1745.5436,1741.1876,34.506245,216.76377868652344,6,"COPDEM30",211
"RGI2000-v7.0-G-18-00702","18","18-01","G168827E44222S",771103,749,"2000-04-13T00:00:00",168.82683505776112,-44.2214315,59,0.014214263728373,0,0,0,9,"",0,168.82623766777982,-44.221965500837754,1618.2545,1715.4099,1663.8938,1663.5516,30.052094,209.365234375,6,"COPDEM30",188
"RGI2000-v7.0-G-18-00703","18","18-01","G168832E44222S",771108,749,"2000-04-13T00:00:00",168.83200156019626,-44.221759500000005,59,0.012139934082565,0,0,0,9,"",0,168.8308791620452,-44.222454876226614,1748.1704,1954.1891,1831.026,1832.775,43.7337,198.3486175537109,5,"COPDEM30",239
"RGI2000-v7.0-G-18-00704","18","18-01","G168838E44223S",771116,749,"2000-04-13T00:00:00",168.83814764671996,-44.222683,59,0.085057195302044,0,0,0,9,"",0,168.83712151309282,-44.22401749484301,1954.062,2290.7756,2111.4937,2122.9023,40.649647,181.96319580078125,5,"COPDEM30",369
"RGI2000-v7.0-G-18-00705","18","18-01","G168843E44222S",771119,749,"2000-04-13T00:00:00",168.8433610173071,-44.2219965,59,0.011820779588733,0,0,0,9,"",0,168.84337104640144,-44.22153773103289,2099.6606,2187.9712,2154.5,2151.7407,41.08788,25.2479,2,"COPDEM30",110
"RGI2000-v7.0-G-18-00706","18","18-01","G168842E44220S",771118,749,"2000-04-13T00:00:00",168.84319896935483,-44.2178605,59,0.020927989218189,0,0,0,9,"",0,168.8432713542756,-44.21814374884736,1623.6089,1856.4176,1734.9918,1736.4431,37.546597,7.5980034,1,"COPDEM30",160
"RGI2000-v7.0-G-18-00707","18","18-01","G168850E44224S",771128,749,"2000-04-13T00:00:00",168.85150987608696,-44.2245865,59,0.178086069641875,0,0,0,9,"",0,168.84756984229656,-44.22101227407783,1846.1998,2267.1882,2050.1836,2048.548,36.37275,22.49676,1,"COPDEM30",1118
"RGI2000-v7.0-G-18-00708","18","18-01","G168846E44230S",771122,749,"2000-04-13T00:00:00",168.84555736583889,-44.229537,59,1.156184978682259,0,0,0,9,"",0,168.83765109855153,-44.22886203656268,1757.7805,2191.431,1958.2643,1962.3157,22.290466,224.1321258544922,6,"COPDEM30",2031
"RGI2000-v7.0-G-18-00709","18","18-01","G168837E44241S",771114,749,"2000-04-13T00:00:00",168.8369728892702,-44.2422605,59,0.03996950678262,0,0,0,9,"",0,168.83603739956354,-44.24091409406265,1931.8213,2090.5205,2030.8567,2025.6902,32.105076,3.2961254,1,"COPDEM30",454
"RGI2000-v7.0-G-18-00710","18","18-01","G168830E44243S",771105,749,"2000-04-13T00:00:00",168.82993278972228,-44.2430605,59,0.013566849346382,0,0,0,9,"",0,168.82857206030997,-44.24272870018831,1626.0214,1791.2651,1660.0609,1675.4546,36.621796,210.761474609375,6,"COPDEM30",203
"RGI2000-v7.0-G-18-00711","18","18-01","G168846E44248S",771123,749,"2000-04-13T00:00:00",168.8456559631579,-44.247581,59,0.067655317675072,0,0,0,9,"",0,168.84470094697662,-44.2491163605492,1928.3512,2195.1475,2028.8965,2035.7648,37.80721,199.62071228027344,5,"COPDEM30",376
"RGI2000-v7.0-G-18-00712","18","18-01","G168851E44244S",771124,749,"2000-04-13T00:00:00",168.8476944046378,-44.244871,59,0.039976061760056,0,0,0,9,"",0,168.84696166894474,-44.243197161624884,1991.8456,2173.1716,2121.178,2111.2278,28.10879,8.307129,1,"COPDEM30",386
"RGI2000-v7.0-G-18-00713","18","18-01","G168852E44245S",771129,749,"2000-04-13T00:00:00",168.8517588483146,-44.2445635,59,0.010662695994998,0,0,0,9,"",0,168.8518685471773,-44.244132463941696,2075.3296,2103.912,2084.4255,2086.1619,13.612072,337.3707218170166,8,"COPDEM30",128
"RGI2000-v7.0-G-18-00714","18","18-01","G168856E44248S",771132,749,"2000-04-13T00:00:00",168.8554885329949,-44.247956,59,0.046879566392152,0,0,0,9,"",0,168.85651043504234,-44.24878540147152,1556.0045,1875.0927,1732.2769,1724.7648,41.512806,108.410774,3,"COPDEM30",336
"RGI2000-v7.0-G-18-00715","18","18-01","G168861E44244S",771135,749,"2000-04-13T00:00:00",168.8606294136003,-44.2438545,59,0.01409250840013,0,0,0,9,"",0,168.86110389361534,-44.24423127608213,1716.0753,1826.0505,1778.0544,1776.9788,46.973793,152.03477,4,"COPDEM30",114
"RGI2000-v7.0-G-18-00716","18","18-01","G168869E44239S",771136,749,"2000-04-13T00:00:00",168.8630363084865,-44.2364815,59,1.889408455658125,0,0,0,9,"",0,168.8408690075482,-44.23575046885389,1540.3281,2450.002,2010.0187,2040.4724,21.899609,214.47146606445312,6,"COPDEM30",2938
"RGI2000-v7.0-G-18-00717","18","18-01","G168883E44230S",771141,749,"2000-04-13T00:00:00",168.88024100113452,-44.233063,59,1.880282907443119,0,0,0,9,"",0,168.89081505088294,-44.23386531581728,1507.1053,2349.478,1914.1853,1920.9761,31.88551,115.686844,4,"COPDEM30",1542
"RGI2000-v7.0-G-18-00718","18","18-01","G168887E44222S",771146,749,"2000-04-13T00:00:00",168.88650437273122,-44.222212,59,0.107477117764584,0,0,0,9,"",0,168.8895575503059,-44.22310970364519,2012.6622,2426.0288,2239.777,2241.6807,41.454567,116.21547,4,"COPDEM30",613
"RGI2000-v7.0-G-18-00719","18","18-01","G168890E44226S",771148,749,"2000-04-13T00:00:00",168.8915994346358,-44.2244035,59,0.027483633365553,0,0,0,9,"",0,168.89183404890653,-44.22547466335742,1716.302,1892.3232,1818.9795,1815.0366,42.355183,119.95609,4,"COPDEM30",247
"RGI2000-v7.0-G-18-00720","18","18-01","G168894E44222S",771151,749,"2000-04-13T00:00:00",168.89342080172412,-44.222784000000004,59,0.096751542663596,0,0,0,9,"",0,168.89417771912494,-44.22498946126975,1661.2324,1954.0195,1782.238,1784.1145,31.32249,134.8894,4,"COPDEM30",536
"RGI2000-v7.0-G-18-00721","18","18-01","G168898E44222S",771155,749,"2000-04-13T00:00:00",168.89757737368137,-44.221201,59,0.132355032677979,0,0,0,9,"",0,168.9008997488785,-44.22308222407855,1672.6129,2022.0753,1812.3583,1829.6111,28.455587,160.1802,5,"COPDEM30",882
"RGI2000-v7.0-G-18-00722","18","18-01","G168904E44221S",771158,749,"2000-04-13T00:00:00",168.9031998651925,-44.2202875,59,0.212642818702161,0,0,0,9,"",0,168.9024594206761,-44.22235861004207,1770.1124,2055.523,1927.0364,1924.884,30.844255,187.4758758544922,5,"COPDEM30",534
"RGI2000-v7.0-G-18-00723","18","18-01","G168910E44220S",771161,749,"2000-04-13T00:00:00",168.9100302716027,-44.216951,59,0.409290114885992,0,0,0,9,"",0,168.9106584266541,-44.22306253335959,1712.8451,2055.5073,1923.7739,1917.6613,30.99292,118.59564,4,"COPDEM30",1447
"RGI2000-v7.0-G-18-00724","18","18-01","G168910E44211S",771160,749,"2000-04-13T00:00:00",168.91046153405898,-44.2107805,59,0.022993860515696,0,0,0,9,"",0,168.9095198506128,-44.211564517121346,1911.4766,2049.526,1980.9946,1981.3734,44.665813,274.0377349853516,7,"COPDEM30",157
"RGI2000-v7.0-G-18-00725","18","18-01","G168919E44211S",771162,749,"2000-04-13T00:00:00",168.92012063760217,-44.211048000000005,59,0.047582702259019,0,0,0,9,"",0,168.9207942434663,-44.21167799824474,1748.0747,1875.2338,1814.6989,1815.9691,35.391636,144.15273,4,"COPDEM30",213
"RGI2000-v7.0-G-18-00726","18","18-01","G168924E44212S",771165,749,"2000-04-13T00:00:00",168.92551579651163,-44.210868500000004,59,0.095925799952734,0,0,0,9,"",0,168.92457495403428,-44.212754913127846,1518.338,1734.5468,1618.0374,1621.6757,31.32796,152.56252,4,"COPDEM30",452
"RGI2000-v7.0-G-18-00727","18","18-01","G168930E44211S",771172,749,"2000-04-13T00:00:00",168.93274096315702,-44.209633,59,0.112957439541661,0,0,0,9,"",0,168.93195917746976,-44.21202801188078,1742.3287,1901.5629,1808.0596,1812.1688,19.359367,221.3928680419922,6,"COPDEM30",609
"RGI2000-v7.0-G-18-00728","18","18-01","G168937E44206S",771173,749,"2000-04-13T00:00:00",168.9365902323123,-44.206858999999994,59,0.195645063018173,0,0,0,9,"",0,168.93943475003454,-44.208038280299526,1680.2542,1928.0155,1844.2976,1836.2736,25.46597,126.33547,4,"COPDEM30",475
"RGI2000-v7.0-G-18-00729","18","18-01","G168945E44210S",771174,749,"2000-04-13T00:00:00",168.94499881084346,-44.2101005,59,0.01998272686296,0,0,0,9,"",0,168.94596159273635,-44.21074767727391,1010.16693,1202.3594,1130.6963,1122.2568,45.98304,148.70541,4,"COPDEM30",187
"RGI2000-v7.0-G-18-00730","18","18-01","G168952E44207S",771175,749,"2000-04-13T00:00:00",168.9527328715239,-44.2064625,59,0.022086949938258,0,0,0,9,"",0,168.9505659233857,-44.2073224440314,1562.6772,1756.0149,1658.2058,1659.9114,34.30039,201.02442932128903,5,"COPDEM30",362
"RGI2000-v7.0-G-18-00731","18","18-01","G168932E44230S",771171,749,"2000-04-13T00:00:00",168.93208492768258,-44.2297905,59,0.022771781864254,0,0,0,9,"",0,168.9327036142751,-44.230744690833795,1759.8055,1864.3245,1810.4406,1810.1732,26.767992,107.06172,3,"COPDEM30",271
"RGI2000-v7.0-G-18-00732","18","18-01","G168928E44229S",771168,749,"2000-04-13T00:00:00",168.92808676796525,-44.228790000000004,59,0.046442177467732,0,0,0,9,"",0,168.92718679786475,-44.23083848440156,1712.5382,1941.026,1844.2482,1851.3821,25.780722,207.38131713867188,6,"COPDEM30",275
"RGI2000-v7.0-G-18-00733","18","18-01","G168930E44235S",771170,749,"2000-04-13T00:00:00",168.92953841709533,-44.2354045,59,0.039346772167151,0,0,0,9,"",0,168.93122196476418,-44.235236920336796,1708.0375,1855.1072,1794.0607,1790.4768,33.69665,111.80615,3,"COPDEM30",332
"RGI2000-v7.0-G-18-00734","18","18-01","G168927E44238S",771166,749,"2000-04-13T00:00:00",168.92739991533432,-44.237556999999995,59,0.018910325392256,0,0,0,9,"",0,168.92866541553428,-44.238146776253494,1786.1418,1892.954,1852.4888,1848.7828,33.920925,98.05516,3,"COPDEM30",158
"RGI2000-v7.0-G-18-00735","18","18-01","G168927E44241S",771167,749,"2000-04-13T00:00:00",168.92684790109433,-44.2410535,59,0.024887199519274,0,0,0,9,"",0,168.9284749542227,-44.241439255365904,1833.7998,1939.0896,1890.8353,1889.2235,29.417576,81.62805,3,"COPDEM30",207
"RGI2000-v7.0-G-18-00736","18","18-01","G168928E44243S",771169,749,"2000-04-13T00:00:00",168.92810185291762,-44.2432265,59,0.027131263219701,0,0,0,9,"",0,168.930151572039,-44.243146908222926,1782.6593,1938.686,1893.5583,1881.158,30.099707,78.108406,3,"COPDEM30",288
"RGI2000-v7.0-G-18-00737","18","18-01","G168922E44245S",771163,749,"2000-04-13T00:00:00",168.9222828749999,-44.244579,59,0.037932959568008,0,0,0,9,"",0,168.9216399494956,-44.24563711172902,1776.6515,1922.5991,1849.5103,1850.2286,42.231445,168.17484,5,"COPDEM30",270
"RGI2000-v7.0-G-18-00738","18","18-01","G168924E44248S",771164,749,"2000-04-13T00:00:00",168.92444849999998,-44.2479795,59,0.031689455831267,0,0,0,9,"",0,168.92484188232294,-44.249411885245074,1472.3121,1632.1951,1506.7468,1518.138,23.923481,169.99713,5,"COPDEM30",351
"RGI2000-v7.0-G-18-00739","18","18-01","G168901E44231S",771156,749,"2000-04-13T00:00:00",168.90094957544142,-44.230242000000004,59,0.042291898029546,0,0,0,9,"",0,168.90151534280207,-44.23145002087293,837.9001,1025.6698,880.49725,894.4065,27.45575,162.00612,5,"COPDEM30",351
"RGI2000-v7.0-G-18-00740","18","18-01","G168885E44217S",771143,749,"2000-04-13T00:00:00",168.8836705716418,-44.216042,59,0.34116726950444,0,0,0,9,"",0,168.87651672972626,-44.21219416596136,1799.2822,2195.0198,1986.1987,1987.3163,28.322731,7.4051585,1,"COPDEM30",1445
"RGI2000-v7.0-G-18-00741","18","18-01","G168871E44213S",771140,749,"2000-04-13T00:00:00",168.8708426219512,-44.212551500000004,59,0.017173703973416,0,0,0,9,"",0,168.86979432256098,-44.21297585649557,1835.8497,1949.4911,1885.8126,1882.6422,28.999264,247.9225082397461,7,"COPDEM30",229
"RGI2000-v7.0-G-18-00742","18","18-01","G168868E44222S",771139,749,"2000-04-13T00:00:00",168.86985033329705,-44.223036500000006,59,1.706524578285863,0,0,0,9,"",0,168.86723760103305,-44.2182660669039,1793.3564,2461.5881,2072.7627,2081.0417,25.959343,324.1018486022949,8,"COPDEM30",1909
"RGI2000-v7.0-G-18-00743","18","18-01","G168848E44253S",771125,749,"2000-04-13T00:00:00",168.8490617925532,-44.251143,59,0.125388260789854,0,0,0,9,"",0,168.84525500000413,-44.25056479960145,1831.1622,2040.422,1933.7715,1933.3741,25.63,236.33718872070312,6,"COPDEM30",598
"RGI2000-v7.0-G-18-00744","18","18-01","G168854E44255S",771130,749,"2000-04-13T00:00:00",168.85301523034747,-44.254669,59,0.010370289933572,0,0,0,9,"",0,168.8536662290792,-44.2538084873412,1987.0162,2033.7332,2023.1969,2019.268,17.507887,68.952866,3,"COPDEM30",206
"RGI2000-v7.0-G-18-00745","18","18-01","G168849E44256S",771126,749,"2000-04-13T00:00:00",168.8494703048596,-44.2564005,59,0.095542006290401,0,0,0,9,"",0,168.84767038494675,-44.253429858145864,1850.8416,2024.6041,1920.0173,1923.7439,23.699614,272.7654800415039,7,"COPDEM30",732
"RGI2000-v7.0-G-18-00746","18","18-01","G168844E44264S",771120,749,"2000-04-13T00:00:00",168.84383557814434,-44.263579,59,0.151319258330869,0,0,0,9,"",0,168.83994362100606,-44.26469909847474,1818.747,2141.994,1936.6372,1946.0131,22.953224,201.9478912353516,5,"COPDEM30",1168
"RGI2000-v7.0-G-18-00747","18","18-01","G168850E44266S",771131,749,"2000-04-13T00:00:00",168.85254333158997,-44.265099000000006,59,0.194897555954482,0,0,0,9,"",0,168.84933846793587,-44.26630542462007,1900.324,2168.9062,2023.1907,2023.7609,28.33395,223.96051025390625,6,"COPDEM30",588
"RGI2000-v7.0-G-18-00748","18","18-01","G168860E44266S",771134,749,"2000-04-13T00:00:00",168.85913006451614,-44.264180499999995,59,0.144839214872684,0,0,0,9,"",0,168.85890126014445,-44.261282157582535,1746.4287,2095.15,1961.7892,1960.2552,33.627216,41.299854,2,"COPDEM30",791
"RGI2000-v7.0-G-18-00749","18","18-01","G168863E44266S",771137,749,"2000-04-13T00:00:00",168.86305410166443,-44.2655975,59,0.01496003312686,0,0,0,9,"",0,168.86348187185354,-44.26479067698811,1866.2607,1984.8546,1934.3032,1932.0635,30.941578,6.538629,1,"COPDEM30",210
"RGI2000-v7.0-G-18-00750","18","18-01","G168865E44269S",771138,749,"2000-04-13T00:00:00",168.86360378379828,-44.2683675,59,0.102218420090874,0,0,0,9,"",0,168.8631551016746,-44.268694374631956,1680.1053,2043.4884,1914.7539,1897.795,41.63629,134.17294,4,"COPDEM30",355
"RGI2000-v7.0-G-18-00751","18","18-01","G168858E44269S",771133,749,"2000-04-13T00:00:00",168.85782795864662,-44.269067500000006,59,0.029400893884128,0,0,0,9,"",0,168.85650012953806,-44.269700804440056,1999.4921,2094.0874,2046.8247,2044.9939,26.925451,262.1649703979492,7,"COPDEM30",218
"RGI2000-v7.0-G-18-00752","18","18-01","G168845E44293S",771121,749,"2000-04-13T00:00:00",168.84450877891257,-44.2932495,59,0.011088054872079,0,0,0,9,"",0,168.84572138752327,-44.292076141022285,1803.8635,1916.2511,1869.7103,1866.1915,26.849878,70.16704,3,"COPDEM30",302
"RGI2000-v7.0-G-18-00753","18","18-01","G168881E44312S",771144,749,"2000-04-13T00:00:00",168.88368654540432,-44.3106785,59,0.045456003518392,0,0,0,9,"",0,168.88318201540704,-44.31212215419033,1778.9192,1956.6047,1853.1438,1863.1882,29.37513,195.0643615722656,5,"COPDEM30",361
"RGI2000-v7.0-G-18-00754","18","18-01","G168900E44298S",771153,749,"2000-04-13T00:00:00",168.89624368869733,-44.29815,59,0.094630096657615,0,0,0,9,"",0,168.89445234734947,-44.30025299887038,1738.1072,1973.2649,1846.9288,1848.0007,41.56035,149.04434,4,"COPDEM30",446
"RGI2000-v7.0-G-18-00755","18","18-01","G168905E44296S",771159,749,"2000-04-13T00:00:00",168.9052421305723,-44.2964445,59,0.050724751215492,0,0,0,9,"",0,168.90621200081247,-44.297425914136845,1741.1803,1898.5199,1799.9115,1804.4712,30.00662,165.96986,5,"COPDEM30",356
"RGI2000-v7.0-G-18-00756","18","18-01","G168894E44367S",771152,749,"2000-04-13T00:00:00",168.89453020263159,-44.3656695,59,0.110224214593399,0,0,0,9,"",0,168.89369852679795,-44.36686871654834,1905.0382,2088.1406,1958.7515,1972.3895,20.87074,192.9606170654297,5,"COPDEM30",493
"RGI2000-v7.0-G-18-00757","18","18-01","G168901E44374S",771157,749,"2000-04-13T00:00:00",168.90143986906074,-44.3736715,59,0.013664055881078,0,0,0,9,"",0,168.90064098035245,-44.374915808998004,1774.9023,1875.3313,1821.8933,1822.2399,25.3959,155.56627,4,"COPDEM30",315
"RGI2000-v7.0-G-18-00758","18","18-01","G168890E44408S",771147,749,"2000-04-13T00:00:00",168.889899882837,-44.40786,59,0.051859422379807,0,0,0,9,"",0,168.89163848376134,-44.4095114687379,1542.5802,1820.9624,1659.2777,1659.644,29.891537,128.1718,4,"COPDEM30",507
"RGI2000-v7.0-G-18-00759","18","18-01","G168882E44410S",771142,749,"2000-04-13T00:00:00",168.8803627012632,-44.4095605,59,0.052369618707326,0,0,0,9,"",0,168.88080168664612,-44.41089825351961,2007.6229,2135.459,2061.2454,2063.3928,30.880793,126.03641,4,"COPDEM30",323
"RGI2000-v7.0-G-18-00760","18","18-01","G168975E44504S",771180,749,"2000-04-13T00:00:00",168.9754698048377,-44.5039735,59,0.06910969870614,0,0,0,9,"",0,168.9765671993512,-44.50574188178851,2166.7231,2318.4446,2246.3271,2240.8684,24.41719,140.23004,4,"COPDEM30",552
"RGI2000-v7.0-G-18-00761","18","18-01","G168807E44524S",771094,749,"2000-04-13T00:00:00",168.80610211039865,-44.5234775,59,0.098415991697908,0,0,0,9,"",0,168.80483242988265,-44.52580480209381,2004.485,2154.5833,2083.7349,2084.0923,32.294,140.84447,4,"COPDEM30",387
"RGI2000-v7.0-G-18-00762","18","18-01","G168759E44542S",771073,749,"2000-04-13T00:00:00",168.75975075795893,-44.539969,59,0.039448264801016,0,0,0,9,"",0,168.76185142214888,-44.54085681851001,2082.3694,2170.8088,2110.3394,2115.7234,26.117762,185.98648071289065,5,"COPDEM30",219
"RGI2000-v7.0-G-18-00763","18","18-01","G168641E44564S",770988,749,"2000-04-13T00:00:00",168.64074839796146,-44.563126999999994,59,0.014263542336636,0,0,0,9,"",0,168.64033870504946,-44.56421688941871,1846.0344,2085.2617,1966.3225,1963.1573,44.519653,168.96602,5,"COPDEM30",299
"RGI2000-v7.0-G-18-00764","18","18-01","G168640E44561S",770987,749,"2000-04-13T00:00:00",168.6382988173077,-44.560075999999995,59,0.047193109942771,0,0,0,9,"",0,168.6362149735122,-44.56134800347731,2080.4414,2266.2544,2148.902,2156.7024,31.346985,185.71014404296875,5,"COPDEM30",429
"RGI2000-v7.0-G-18-00765","18","18-01","G168635E44554S",770982,749,"2000-04-13T00:00:00",168.63506661602207,-44.553938,59,0.222804598399298,0,0,0,9,"",0,168.63334583037303,-44.55543977289878,2064.949,2186.5195,2111.6467,2113.4019,18.12653,264.435791015625,7,"COPDEM30",550
"RGI2000-v7.0-G-18-00766","18","18-01","G168632E44551S",770977,749,"2000-04-13T00:00:00",168.63201299526628,-44.551084,59,0.053246181731406,0,0,0,9,"",0,168.63204976967697,-44.54721231506556,2004.0626,2053.964,2039.7246,2037.3438,8.55086,279.4189987182617,7,"COPDEM30",316
"RGI2000-v7.0-G-18-00767","18","18-01","G168586E44542S",770923,749,"2002-01-20T00:00:00",168.58436717323633,-44.541899,59,0.086934666177793,0,0,0,9,"",0,168.58253413566183,-44.545299793084396,2066.8645,2276.8865,2164.38,2168.7031,23.764309,215.74493408203125,6,"COPDEM30",773
"RGI2000-v7.0-G-18-00768","18","18-01","G168579E44542S",770921,749,"2002-01-20T00:00:00",168.57980519614236,-44.540299000000005,59,0.040954261343666,0,0,0,9,"",0,168.57741718940977,-44.54095069437942,2018.4989,2194.8328,2068.3162,2085.7703,22.921785,244.87844848632807,6,"COPDEM30",467
"RGI2000-v7.0-G-18-00769","18","18-01","G168553E44495S",770887,749,"2002-01-20T00:00:00",168.55242111249999,-44.494078,59,0.043216152220404,0,0,0,9,"",0,168.5506295912484,-44.494979195451485,1755.4072,1969.4528,1842.3727,1843.6726,31.160603,223.40924072265625,6,"COPDEM30",365
"RGI2000-v7.0-G-18-00770","18","18-01","G168553E44491S",770890,749,"2002-01-20T00:00:00",168.55315842041801,-44.490928499999995,59,0.015038560464749,0,0,0,9,"",0,168.55087315765334,-44.490399475314504,1844.9904,1976.5717,1915.2069,1911.7612,27.927067,267.9797134399414,7,"COPDEM30",287
"RGI2000-v7.0-G-18-00771","18","18-01","G168558E44491S",770893,749,"2002-01-20T00:00:00",168.55654567798445,-44.4916075,59,0.078869241000863,0,0,0,9,"",0,168.55908713633534,-44.49302145681083,1834.8064,2075.4883,1993.247,1974.3729,30.912096,114.02393,4,"COPDEM30",494
"RGI2000-v7.0-G-18-00772","18","18-01","G168558E44490S",770898,749,"2002-01-20T00:00:00",168.5581034283217,-44.4903945,59,0.011842220172166,0,0,0,9,"",0,168.55850288707407,-44.49072291314733,1944.8279,2007.1548,1978.9014,1978.9795,38.759853,106.08417,3,"COPDEM30",115
"RGI2000-v7.0-G-18-00773","18","18-01","G168553E44487S",770886,749,"2002-01-20T00:00:00",168.55182044835163,-44.486911000000006,59,0.159410686721525,0,0,0,9,"",0,168.5487297901682,-44.487521939754394,1731.4713,2064.543,1912.784,1908.7585,30.503975,236.11023712158203,6,"COPDEM30",580
"RGI2000-v7.0-G-18-00774","18","18-01","G168561E44483S",770904,749,"2002-01-20T00:00:00",168.5617170293846,-44.481768,59,0.388716021591354,0,0,0,9,"",0,168.56399323827569,-44.4846766404454,1817.0485,2219.364,2057.9768,2054.1333,38.180607,117.37638,4,"COPDEM30",1040
"RGI2000-v7.0-G-18-00775","18","18-01","G168566E44482S",770910,749,"2002-01-20T00:00:00",168.5665112576431,-44.4814735,59,0.011902121294477,0,0,0,9,"",0,168.5667876938986,-44.48190453309849,1770.5847,1852.1597,1808.4329,1807.9604,40.099068,112.233444,3,"COPDEM30",105
"RGI2000-v7.0-G-18-00776","18","18-01","G168565E44485S",770907,749,"2002-01-20T00:00:00",168.56457137068963,-44.486962000000005,59,0.011659511780723,0,0,0,9,"",0,168.56524332667584,-44.487609596377375,1653.9598,1728.2926,1693.227,1692.9001,29.146454,123.926384,4,"COPDEM30",163
"RGI2000-v7.0-G-18-00777","18","18-01","G168574E44477S",770915,749,"2002-01-20T00:00:00",168.57409169725685,-44.478254,59,1.408002525122489,0,0,0,9,"",0,168.57347987880013,-44.4869283175534,1292.6022,2445.2493,1867.1136,1895.5222,31.77104,171.32487,5,"COPDEM30",2315
"RGI2000-v7.0-G-18-00778","18","18-01","G168558E44470S",770897,749,"2002-01-20T00:00:00",168.55819343850806,-44.4702895,59,0.651162150113533,0,0,0,9,"",0,168.54687321063798,-44.470187201488265,1744.6704,2289.3372,2035.5667,2035.7946,24.843208,322.83425521850586,8,"COPDEM30",1722
"RGI2000-v7.0-G-18-00779","18","18-01","G168552E44474S",770885,749,"2002-01-20T00:00:00",168.55232566393516,-44.473319000000004,59,0.046802528565971,0,0,0,9,"",0,168.54941286975568,-44.47222709011845,1921.8922,2162.12,2041.155,2046.7,32.75761,325.4307746887207,8,"COPDEM30",464
"RGI2000-v7.0-G-18-00780","18","18-01","G168552E44478S",770891,749,"2002-01-20T00:00:00",168.55416497546702,-44.477666,59,0.690222904026328,0,0,0,9,"",0,168.54597489967404,-44.48226457168082,1711.5569,2305.8105,1963.1328,1998.7733,25.420437,213.57508850097656,6,"COPDEM30",1859
"RGI2000-v7.0-G-18-00781","18","18-01","G168546E44476S",770881,749,"2002-01-20T00:00:00",168.54598741081873,-44.476243499999995,59,0.028152822759556,0,0,0,9,"",0,168.54304148319946,-44.477436724208495,1766.1115,2042.8702,1894.1697,1900.1256,36.787197,192.9771881103516,5,"COPDEM30",537
"RGI2000-v7.0-G-18-00782","18","18-01","G168543E44476S",770879,749,"2002-01-20T00:00:00",168.54340270312503,-44.476451,59,0.010368325553392,0,0,0,9,"",0,168.54217650890808,-44.47711761338807,1819.2775,1931.512,1893.4965,1888.3838,37.81336,185.89170837402344,5,"COPDEM30",205
"RGI2000-v7.0-G-18-00783","18","18-01","G168542E44479S",770877,749,"2002-01-20T00:00:00",168.5423153207547,-44.479317,59,0.044449736428962,0,0,0,9,"",0,168.5421978352546,-44.480523533115225,1546.1504,1696.808,1599.72,1605.374,32.74889,150.33337,4,"COPDEM30",301
"RGI2000-v7.0-G-18-00784","18","18-01","G168539E44478S",770875,749,"2002-01-20T00:00:00",168.53975919286228,-44.477899,59,0.023633252878991,0,0,0,9,"",0,168.53811015489953,-44.479615371835976,1703.3148,1871.8187,1783.2019,1780.6182,22.688541,200.7826538085937,5,"COPDEM30",496
"RGI2000-v7.0-G-18-00785","18","18-01","G168558E44446S",770896,749,"2002-01-20T00:00:00",168.55825422936533,-44.446376,59,0.013440210706523,0,0,0,9,"",0,168.5572241079834,-44.44578549352524,2023.6416,2114.6724,2059.5554,2063.7783,23.682009,299.2363586425781,8,"COPDEM30",250
"RGI2000-v7.0-G-18-00786","18","18-01","G168558E44444S",770895,749,"2002-01-20T00:00:00",168.55822557644564,-44.4435315,59,0.100979786773369,0,0,0,9,"",0,168.55520360124765,-44.44193417173493,1867.051,2204.186,2013.4543,2026.7177,28.351168,308.40572357177734,8,"COPDEM30",732
"RGI2000-v7.0-G-18-00787","18","18-01","G168562E44443S",770902,749,"2002-01-20T00:00:00",168.56144516292267,-44.4421705,59,0.038283126161935,0,0,0,9,"",0,168.56045155882958,-44.440765488337874,1912.7643,2107.58,2014.4558,2013.4342,31.98855,321.0766296386719,8,"COPDEM30",358
"RGI2000-v7.0-G-18-00788","18","18-01","G168562E44440S",770903,749,"2002-01-20T00:00:00",168.56195287175325,-44.4396075,59,0.021973275512339,0,0,0,9,"",0,168.56160986059774,-44.43812867504951,1886.8516,2020.1252,1956.4933,1953.969,27.207188,313.94911193847656,8,"COPDEM30",393
"RGI2000-v7.0-G-18-00789","18","18-01","G168562E44437S",770901,749,"2002-01-20T00:00:00",168.56002444136396,-44.4347095,59,0.085654753810731,0,0,0,9,"",0,168.5594600082946,-44.43715979352319,1760.4578,1886.7369,1825.3513,1827.3464,23.21697,264.2851257324219,7,"COPDEM30",274
"RGI2000-v7.0-G-18-00790","18","18-01","G168578E44439S",770914,749,"2002-01-20T00:00:00",168.57436587962687,-44.4387575,59,4.716082228059506,0,0,0,9,"",0,168.5827882422983,-44.42550724633777,1327.6278,2425.6902,2035.2211,1938.8832,18.571077,347.5242805480957,1,"COPDEM30",4792
"RGI2000-v7.0-G-18-00791","18","18-01","G168482E44555S",770836,749,"2002-01-20T00:00:00",168.48238435830916,-44.5542825,59,0.024975709418353,0,0,0,9,"",0,168.4831652607555,-44.5543194376284,1993.0759,2167.7302,2066.5276,2068.7585,49.334045,115.13996,4,"COPDEM30",164
"RGI2000-v7.0-G-18-00792","18","18-01","G168482E44559S",770837,749,"2002-01-20T00:00:00",168.48215775925925,-44.558706,59,0.023045575611366,0,0,0,9,"",0,168.48235058085766,-44.559181420611694,1824.8627,1971.7062,1896.4211,1893.3818,46.2671,112.47088,3,"COPDEM30",275
"RGI2000-v7.0-G-18-00793","18","18-01","G168478E44562S",770833,749,"2002-01-20T00:00:00",168.47764875000001,-44.562272,59,0.028401486607591,0,0,0,9,"",0,168.475371701602,-44.564069550294995,1796.8949,2031.6534,1914.5552,1911.977,29.837984,205.51806640625,6,"COPDEM30",499
"RGI2000-v7.0-G-18-00794","18","18-01","G168468E44555S",770827,749,"2002-01-20T00:00:00",168.47069832246376,-44.556698,59,1.586421726925803,0,0,0,9,"",0,168.46554782643344,-44.55900090099125,1675.4597,2287.8354,1954.2192,1967.9364,25.63982,201.47706604003903,5,"COPDEM30",1453
"RGI2000-v7.0-G-18-00795","18","18-01","G168450E44558S",770811,749,"2002-01-20T00:00:00",168.44867095242876,-44.558558500000004,59,0.502227479310761,0,0,0,9,"",0,168.45182964394232,-44.56022887527815,1915.8597,2371.4253,2167.5752,2157.772,33.266857,107.0407,3,"COPDEM30",683
"RGI2000-v7.0-G-18-00796","18","18-01","G168446E44554S",770809,749,"2002-01-20T00:00:00",168.4465820214041,-44.553891500000006,59,0.039465568362286,0,0,0,9,"",0,168.44473671245464,-44.55378643046044,2060.734,2205.6682,2119.016,2121.2522,32.619648,332.953649520874,8,"COPDEM30",310
"RGI2000-v7.0-G-18-00797","18","18-01","G168436E44552S",770797,749,"2002-01-20T00:00:00",168.43439975219306,-44.551871000000006,59,0.04494563976251,0,0,0,9,"",0,168.43623989116148,-44.551925610925096,2083.709,2270.1482,2146.756,2153.3003,35.600895,33.98394,2,"COPDEM30",344
"RGI2000-v7.0-G-18-00798","18","18-01","G168430E44552S",770794,749,"2002-01-20T00:00:00",168.43159766860464,-44.5510345,59,0.012918839360068,0,0,0,9,"",0,168.431565215229,-44.55029625161417,2075.489,2133.6797,2102.0176,2101.4019,24.194414,321.22269439697266,8,"COPDEM30",202
"RGI2000-v7.0-G-18-00799","18","18-01","G168427E44555S",770792,749,"2002-01-20T00:00:00",168.42687700988142,-44.5548645,59,0.130105357318959,0,0,0,9,"",0,168.41689015720073,-44.55495299859452,2135.16,2514.1313,2308.3826,2305.923,34.383015,332.98778915405273,8,"COPDEM30",1092
"RGI2000-v7.0-G-18-00800","18","18-01","G168421E44556S",770784,749,"2002-01-20T00:00:00",168.42051298908524,-44.555597,59,0.010501389065981,0,0,0,9,"",0,168.41993766925043,-44.555315763402234,2260.7405,2342.0942,2298.6914,2299.9238,44.119083,331.2506160736084,8,"COPDEM30",94
"RGI2000-v7.0-G-18-00801","18","18-01","G168422E44557S",770775,749,"2002-01-20T00:00:00",168.41788253531598,-44.5577665,59,0.093809349996682,0,0,0,9,"",0,168.41467380402338,-44.55941676246919,2262.6902,2447.776,2424.9746,2414.5486,20.520536,199.28732299804688,5,"COPDEM30",930
"RGI2000-v7.0-G-18-00802","18","18-01","G168420E44563S",770782,749,"2002-01-20T00:00:00",168.41962379413792,-44.563796999999994,59,1.301771683930337,0,0,0,9,"",0,168.41453516613265,-44.5711922885959,1665.3079,2570.3364,2186.7778,2145.6453,25.425503,208.66026306152344,6,"COPDEM30",2215
"RGI2000-v7.0-G-18-00803","18","18-01","G168408E44566S",770762,749,"2002-01-20T00:00:00",168.4078965114524,-44.5653785,59,0.22997812415351,0,0,0,9,"",0,168.41027263206914,-44.56752667485534,1975.9229,2294.2507,2155.0205,2147.8176,29.58709,128.54309,4,"COPDEM30",633
"RGI2000-v7.0-G-18-00804","18","18-01","G168403E44568S",770751,749,"2002-01-20T00:00:00",168.40224745481927,-44.568689,59,0.044396003568174,0,0,0,9,"",0,168.4024753340876,-44.5701085100751,2109.0334,2208.2764,2162.3403,2165.6467,24.435944,150.21765,4,"COPDEM30",410
"RGI2000-v7.0-G-18-00805","18","18-01","G168394E44581S",770741,749,"2002-01-20T00:00:00",168.39471907786884,-44.580494,59,0.23911612215454,0,0,0,9,"",0,168.39726300001553,-44.581247100043484,1981.8383,2187.8884,2099.2563,2098.9648,22.217623,128.2821,4,"COPDEM30",719
"RGI2000-v7.0-G-18-00806","18","18-01","G168407E44589S",770760,749,"2002-01-20T00:00:00",168.40719629787233,-44.5891005,59,0.010988534504624,0,0,0,9,"",0,168.40776678165903,-44.58839346204971,2209.5452,2346.5525,2270.4004,2269.5225,35.603516,5.24454,1,"COPDEM30",189
"RGI2000-v7.0-G-18-00807","18","18-01","G168413E44591S",770768,749,"2002-01-20T00:00:00",168.41140046987954,-44.5913695,59,0.199884943014994,0,0,0,9,"",0,168.41566930354566,-44.593189618233005,1937.8176,2397.6304,2162.7983,2158.58,34.334877,134.24142,4,"COPDEM30",703
"RGI2000-v7.0-G-18-00808","18","18-01","G168409E44595S",770765,749,"2002-01-20T00:00:00",168.40920903229167,-44.5940375,59,0.197395078281131,0,0,0,9,"",0,168.41135014604663,-44.59664767975036,1929.8638,2395.7432,2100.241,2110.532,34.721127,128.3763,4,"COPDEM30",736
"RGI2000-v7.0-G-18-00809","18","18-01","G168395E44595S",770744,749,"2002-01-20T00:00:00",168.39634786164834,-44.5947395,59,1.087280226421946,0,0,0,9,"",0,168.40107180764883,-44.60065823374305,1870.4907,2500.453,2119.7969,2129.9734,24.284056,208.48341369628903,6,"COPDEM30",1408
"RGI2000-v7.0-G-18-00810","18","18-01","G168426E44602S",770790,749,"2002-01-20T00:00:00",168.4255719665676,-44.602368999999996,59,0.020060726488788,0,0,0,9,"",0,168.4264581921229,-44.60310188940972,2000.7905,2131.5525,2046.0029,2049.4663,35.388218,122.57932,4,"COPDEM30",187
"RGI2000-v7.0-G-18-00811","18","18-01","G168419E44613S",770785,749,"2002-01-20T00:00:00",168.42132335964052,-44.6102355,59,0.583252564814076,0,0,0,9,"",0,168.42324005732038,-44.61487577649348,2041.6703,2430.3381,2212.7961,2216.9048,29.96986,114.40516,4,"COPDEM30",866
"RGI2000-v7.0-G-18-00812","18","18-01","G168418E44622S",770780,749,"2002-01-20T00:00:00",168.41873460362677,-44.6218585,59,0.486279695623733,0,0,0,9,"",0,168.4245480183267,-44.621265190439665,1931.1265,2663.661,2310.4058,2305.5261,36.315575,80.36413,3,"COPDEM30",1002
"RGI2000-v7.0-G-18-00813","18","18-01","G168418E44627S",770776,749,"2002-01-20T00:00:00",168.41761166817065,-44.6272895,59,0.228111861269647,0,0,0,9,"",0,168.42040660364435,-44.627645824322414,2095.6943,2642.817,2334.1907,2342.663,39.531574,104.170746,3,"COPDEM30",738
"RGI2000-v7.0-G-18-00814","18","18-01","G168423E44627S",770787,749,"2002-01-20T00:00:00",168.4233389711362,-44.626632,59,0.032832710803952,0,0,0,9,"",0,168.42395771120138,-44.62844823747538,1891.2733,2011.099,1947.8594,1948.7196,32.77707,102.353745,3,"COPDEM30",198
"RGI2000-v7.0-G-18-00815","18","18-01","G168420E44633S",770777,749,"2002-01-20T00:00:00",168.41829616077442,-44.6320865,59,0.127830747263141,0,0,0,9,"",0,168.41684461220945,-44.634005436858054,1879.747,2241.853,2085.739,2076.579,36.109676,194.7008056640625,5,"COPDEM30",450
"RGI2000-v7.0-G-18-00816","18","18-01","G168425E44635S",770789,749,"2002-01-20T00:00:00",168.42478259210526,-44.6347205,59,0.018044616958178,0,0,0,9,"",0,168.42463808926215,-44.63527605967663,2012.1147,2087.774,2048.7354,2049.8726,31.059437,180.8097381591797,5,"COPDEM30",127
"RGI2000-v7.0-G-18-00817","18","18-01","G168402E44631S",770753,749,"2002-01-20T00:00:00",168.4029889792012,-44.630675499999995,59,2.697212434623092,0,0,0,9,"",0,168.40565571504862,-44.63870725107465,1475.7952,2788.4128,2151.0986,2156.9104,37.490116,157.79741,5,"COPDEM30",2374
"RGI2000-v7.0-G-18-00818","18","18-01","G168392E44626S",770734,749,"2002-01-20T00:00:00",168.39227544364996,-44.626219,59,0.024535796214359,0,0,0,9,"",0,168.39070175052655,-44.626758190603816,2459.3564,2673.0322,2562.2205,2566.8088,43.61198,264.8507308959961,7,"COPDEM30",227
"RGI2000-v7.0-G-18-00819","18","18-01","G168395E44621S",770742,749,"2002-01-20T00:00:00",168.39477387808694,-44.62235149999999,59,0.015747931738632,0,0,0,9,"",0,168.3952580671665,-44.62156125547412,2311.0212,2488.915,2367.4497,2375.941,41.315052,13.831986,1,"COPDEM30",193
"RGI2000-v7.0-G-18-00820","18","18-01","G168404E44621S",770759,749,"2002-01-20T00:00:00",168.40640490352212,-44.62038149999999,59,0.026302007905813,0,0,0,9,"",0,168.40586536612824,-44.62034690264231,2358.1404,2551.0278,2421.3977,2430.2585,51.31602,309.20735931396484,8,"COPDEM30",161
"RGI2000-v7.0-G-18-00821","18","18-01","G168384E44634S",770720,749,"2002-01-20T00:00:00",168.3834068823832,-44.633788499999994,59,0.050141140553276,0,0,0,9,"",0,168.38211767973527,-44.63436731394562,2181.979,2391.5156,2259.3176,2269.2336,40.095974,243.5917816162109,6,"COPDEM30",255
"RGI2000-v7.0-G-18-00822","18","18-01","G168383E44640S",770724,749,"2002-01-20T00:00:00",168.38366423971883,-44.639480500000005,59,0.037687904917236,0,0,0,9,"",0,168.3817060030866,-44.640716013675735,2096.671,2267.833,2200.4192,2196.6023,34.61038,247.0274429321289,6,"COPDEM30",273
"RGI2000-v7.0-G-18-00823","18","18-01","G168389E44641S",770730,749,"2002-01-20T00:00:00",168.38863616124843,-44.641466,59,0.267601593520184,0,0,0,9,"",0,168.39203993765798,-44.64453112359208,1984.2084,2417.3223,2177.8262,2186.0396,32.736843,109.56286,3,"COPDEM30",799
"RGI2000-v7.0-G-18-00824","18","18-01","G168384E44648S",770725,749,"2002-01-20T00:00:00",168.3842144247286,-44.6464705,59,0.386613809370023,0,0,0,9,"",0,168.38542805053712,-44.651166637752084,1928.8474,2313.0872,2127.211,2129.3376,29.197275,129.06815,4,"COPDEM30",1151
"RGI2000-v7.0-G-18-00825","18","18-01","G168380E44651S",770716,749,"2002-01-20T00:00:00",168.38031975454544,-44.6505135,59,0.096064953926309,0,0,0,9,"",0,168.3846590171539,-44.652561945276865,1972.1304,2233.0806,2096.205,2101.2544,27.155172,113.474525,4,"COPDEM30",608
"RGI2000-v7.0-G-18-00826","18","18-01","G168383E44658S",770721,749,"2002-01-20T00:00:00",168.38263913297874,-44.658811,59,0.020411318651938,0,0,0,9,"",0,168.38346220694007,-44.65846976850524,2172.4922,2291.8994,2226.2092,2227.189,34.408348,72.27039,3,"COPDEM30",193
"RGI2000-v7.0-G-18-00827","18","18-01","G168436E44565S",770803,749,"2002-01-20T00:00:00",168.43885143534266,-44.5651115,59,2.346859655763225,0,0,0,9,"",0,168.4360760366491,-44.574951160171175,1367.9175,2562.9832,2078.1345,2063.305,27.960215,170.53603,5,"COPDEM30",2216
"RGI2000-v7.0-G-18-00828","18","18-01","G168450E44569S",770812,749,"2002-01-20T00:00:00",168.4491943180139,-44.568003000000004,59,0.15477996785206,0,0,0,9,"",0,168.45301945247047,-44.57143988381645,1703.2726,2136.898,1958.3505,1953.7548,35.278675,110.86879,3,"COPDEM30",849
"RGI2000-v7.0-G-18-00829","18","18-01","G168308E44436S",770667,749,"2002-01-20T00:00:00",168.30695724999998,-44.436715500000005,59,0.048894079866432,0,0,0,9,"",0,168.30721933401873,-44.43836900006378,1840.8623,2011.5524,1953.8549,1945.0762,30.846996,151.63724,4,"COPDEM30",370
"RGI2000-v7.0-G-18-00830","18","18-01","G168304E44436S",770664,749,"2002-01-20T00:00:00",168.3044065,-44.4358405,59,0.032952158169841,0,0,0,9,"",0,168.3019721989588,-44.43725162960525,1645.038,1957.1714,1829.5621,1830.8807,38.604454,254.52154541015625,7,"COPDEM30",529
"RGI2000-v7.0-G-18-00831","18","18-01","G168299E44432S",770660,749,"2002-01-20T00:00:00",168.30083833600713,-44.431112,59,0.089888538184994,0,0,0,9,"",0,168.29575933558843,-44.430199416784596,1773.2085,1923.4578,1870.6055,1864.4487,26.594124,214.9905548095703,6,"COPDEM30",152
"RGI2000-v7.0-G-18-00832","18","18-01","G168296E44429S",770654,749,"2002-01-20T00:00:00",168.29600833928572,-44.4294255,59,0.011268405169088,0,0,0,9,"",0,168.2948258715937,-44.430379614815806,1793.9143,1918.8704,1864.2183,1860.1846,33.083622,218.8748779296875,6,"COPDEM30",226
"RGI2000-v7.0-G-18-00833","18","18-01","G168295E44429S",770652,749,"2002-01-20T00:00:00",168.29456846607602,-44.428163999999995,59,0.013574577662786,0,0,0,9,"",0,168.29373237774178,-44.42881524897022,1831.0121,1922.1813,1880.5447,1878.5614,33.307426,212.921127319336,6,"COPDEM30",142
"RGI2000-v7.0-G-18-00834","18","18-01","G168289E44428S",770646,749,"2002-01-20T00:00:00",168.28876289744073,-44.4282805,59,0.010715976827086,0,0,0,9,"",0,168.28904473155657,-44.42909361685763,1676.6406,1748.8523,1713.3291,1714.0167,23.667759,153.04497,4,"COPDEM30",197
"RGI2000-v7.0-G-18-00835","18","18-01","G168323E44388S",770677,749,"2002-01-20T00:00:00",168.3202191543216,-44.386893,59,0.0348298701914,0,0,0,9,"",0,168.32087824871292,-44.38843106140492,1550.0084,1782.7587,1664.0052,1667.7487,35.38895,190.3356170654297,5,"COPDEM30",387
"RGI2000-v7.0-G-18-00836","18","18-01","G167941E44704S",770379,749,"2002-01-20T00:00:00",167.94122686121324,-44.7037025,58,0.053084649639144,0,0,0,9,"",0,167.94290681433532,-44.70379197433485,1427.2898,1584.4425,1476.6143,1485.5016,34.925026,144.44553,4,"COPDEM30",277
"RGI2000-v7.0-G-18-00837","18","18-01","G167922E44871S",770377,749,"2002-01-20T00:00:00",167.9219538358209,-44.870219500000005,58,0.014693338340433,0,0,0,9,"",0,167.92233104366818,-44.86954847065536,1633.473,1703.9662,1662.1471,1664.5392,21.729351,56.79215,2,"COPDEM30",206
"RGI2000-v7.0-G-18-00838","18","18-01","G168323E45329S",770681,749,"2002-01-20T00:00:00",168.323464852156,-45.3288355,59,0.01565470692754,0,0,0,9,"",0,168.32521432671683,-45.328504022342635,1857.346,1971.2656,1913.7875,1911.8528,32.13606,111.620415,3,"COPDEM30",250
"RGI2000-v7.0-G-18-00839","18","18-01","G168321E45330S",770679,749,"2002-01-20T00:00:00",168.32075494758064,-45.3300375,59,0.024272290389818,0,0,0,9,"",0,168.31988243530478,-45.330756195820555,1845.924,1955.6582,1898.7197,1898.9053,31.444696,167.47789,5,"COPDEM30",202
"RGI2000-v7.0-G-18-00840","18","18-01","G168316E45332S",770675,749,"2002-01-20T00:00:00",168.3155814121418,-45.332468500000004,59,0.017509893010557,0,0,0,9,"",0,168.31784183903034,-45.332544483023774,1807.4451,1909.3912,1874.1094,1870.8992,33.91608,147.64891,4,"COPDEM30",111
"RGI2000-v7.0-G-18-00841","18","18-01","G168850E45171S",771127,749,"2000-04-13T00:00:00",168.84976280208335,-45.1710715,59,0.011962740963704,0,0,0,9,"",0,168.85027296764366,-45.17096516409353,2039.8667,2094.6365,2079.1152,2075.8135,24.420525,84.586975,3,"COPDEM30",131
"RGI2000-v7.0-G-18-00842","18","18-01","G168967E44240S",771177,749,"2000-04-13T00:00:00",168.96672641818182,-44.239706,59,0.021135350197207,0,0,0,9,"",0,168.9671597701916,-44.24062963360747,1784.4911,1928.2043,1834.2738,1840.8796,34.21233,206.5150451660156,6,"COPDEM30",260
"RGI2000-v7.0-G-18-00843","18","18-01","G168972E44239S",771178,749,"2000-04-13T00:00:00",168.97184954300877,-44.2385775,59,0.114361822152059,0,0,0,9,"",0,168.97353958569414,-44.24140655086313,1914.9873,2242.922,2070.5713,2073.446,31.509396,177.76822,5,"COPDEM30",656
"RGI2000-v7.0-G-18-00844","18","18-01","G168976E44238S",771181,749,"2000-04-13T00:00:00",168.97550396223022,-44.238046999999995,59,0.158193488845377,0,0,0,9,"",0,168.97757653647247,-44.2406988742539,1855.1318,2256.8853,2071.7559,2068.6135,31.309353,110.861824,3,"COPDEM30",772
"RGI2000-v7.0-G-18-00845","18","18-01","G169011E44208S",771201,749,"2000-04-13T00:00:00",169.01072522903726,-44.207586,59,0.031552576626805,0,0,0,9,"",0,169.01263349675708,-44.20718788066001,1836.1017,1946.9495,1882.199,1886.5085,28.530958,142.74002,4,"COPDEM30",349
"RGI2000-v7.0-G-18-00846","18","18-01","G168996E44178S",771194,749,"2000-04-13T00:00:00",168.99627730294117,-44.1775535,59,0.019246772533273,0,0,0,9,"",0,168.99630935235558,-44.17676037057503,1780.2341,1879.9542,1825.5702,1827.5812,29.815905,33.015957,2,"COPDEM30",214
"RGI2000-v7.0-G-18-00847","18","18-01","G168995E44174S",771193,749,"2000-04-13T00:00:00",168.99413694798986,-44.1738335,59,0.018483404666856,0,0,0,9,"",0,168.99402980313207,-44.17365236508291,1731.2618,1813.0553,1788.2262,1782.6182,29.834032,76.90774,3,"COPDEM30",85
"RGI2000-v7.0-G-18-00848","18","18-01","G168987E44174S",771191,749,"2000-04-13T00:00:00",168.99205185095747,-44.1747255,59,0.172122785136537,0,0,0,9,"",0,168.9845373455663,-44.17568733637981,1612.6727,1900.2493,1763.7919,1756.5115,26.32754,213.56446838378903,6,"COPDEM30",745
"RGI2000-v7.0-G-18-00849","18","18-01","G168991E44170S",771190,749,"2000-04-13T00:00:00",168.99099987680347,-44.170829999999995,59,0.033519810055712,0,0,0,9,"",0,168.99226199797005,-44.17239608647008,1900.6603,2134.2305,2039.3501,2030.2401,37.746803,141.87378,4,"COPDEM30",353
"RGI2000-v7.0-G-18-00850","18","18-01","G168989E44169S",771188,749,"2000-04-13T00:00:00",168.9891629118421,-44.169221500000006,59,0.029470247359065,0,0,0,9,"",0,168.99060098383325,-44.16955754100028,2126.118,2254.4124,2212.5493,2206.6636,31.792141,106.73521,3,"COPDEM30",259
"RGI2000-v7.0-G-18-00851","18","18-01","G168987E44169S",771187,749,"2000-04-13T00:00:00",168.9868652074236,-44.1690265,59,0.014737591290042,0,0,0,9,"",0,168.98585012746005,-44.16859573685575,2081.8665,2214.3484,2139.857,2141.5808,43.896656,255.6383285522461,7,"COPDEM30",146
"RGI2000-v7.0-G-18-00852","18","18-01","G168984E44171S",771186,749,"2000-04-13T00:00:00",168.98430175729925,-44.1708705,59,0.051894684361769,0,0,0,9,"",0,168.98207607404336,-44.17229077501214,1878.5316,2069.3154,1973.9741,1977.7046,31.272856,187.38804626464844,5,"COPDEM30",450
"RGI2000-v7.0-G-18-00853","18","18-01","G168980E44167S",771185,749,"2000-04-13T00:00:00",168.98293452322278,-44.166365,59,0.395389905732523,0,0,0,9,"",0,168.97372805681042,-44.168026460207635,1634.6526,2163.57,1958.4462,1935.3717,28.156591,256.0106506347656,7,"COPDEM30",1091
"RGI2000-v7.0-G-18-00854","18","18-01","G168992E44165S",771189,749,"2000-04-13T00:00:00",168.990895275,-44.164805,59,0.320840285496673,0,0,0,9,"",0,168.99559354990134,-44.16490960436825,1808.4084,2254.7192,2026.5309,2022.6132,32.63235,63.472637,2,"COPDEM30",734
"RGI2000-v7.0-G-18-00855","18","18-01","G168994E44170S",771192,749,"2000-04-13T00:00:00",168.9937049727564,-44.1695675,59,0.027689091722493,0,0,0,9,"",0,168.99495537246378,-44.16939383277746,1810.5746,1924.326,1867.512,1865.958,33.50728,104.10238,3,"COPDEM30",207
"RGI2000-v7.0-G-18-00856","18","18-01","G168978E44162S",771183,749,"2000-04-13T00:00:00",168.97922452825162,-44.161031,59,0.025273458089691,0,0,0,9,"",0,168.97777898522637,-44.1628022640196,1749.5336,1831.6764,1789.5317,1788.7101,40.136837,280.9886779785156,7,"COPDEM30",394
"RGI2000-v7.0-G-18-00857","18","18-01","G168984E44159S",771184,749,"2000-04-13T00:00:00",168.98214210800415,-44.157917,59,0.105702258084723,0,0,0,9,"",0,168.98272330771024,-44.157311360979,1802.314,2050.815,1934.2924,1935.1082,34.88177,31.551119,2,"COPDEM30",472
"RGI2000-v7.0-G-18-00858","18","18-01","G168971E44147S",771179,749,"2000-04-13T00:00:00",168.97323697419353,-44.147375,59,0.068726230591579,0,0,0,9,"",0,168.97250707645327,-44.14994659184895,1666.3494,1895.9357,1773.1183,1772.4894,25.511063,217.6297149658203,6,"COPDEM30",651
"RGI2000-v7.0-G-18-00859","18","18-01","G168960E44135S",771176,749,"2000-04-13T00:00:00",168.96104265113928,-44.134667,59,0.127360046842139,0,0,0,9,"",0,168.96347167517771,-44.135290054231334,1701.3374,1869.052,1786.741,1780.7595,22.65055,128.58693,4,"COPDEM30",431
"RGI2000-v7.0-G-18-00860","18","18-01","G168999E44140S",771195,749,"2000-04-13T00:00:00",168.9993603285714,-44.1404565,59,0.015246922164146,0,0,0,9,"",0,169.00011439439558,-44.14104532740018,1816.1915,1916.9965,1875.6443,1874.9205,37.480988,174.64508,5,"COPDEM30",125
"RGI2000-v7.0-G-18-00861","18","18-01","G169000E44143S",771196,749,"2000-04-13T00:00:00",169.00009429649947,-44.142709999999994,59,0.092918726315817,0,0,0,9,"",0,168.99886903449257,-44.14412473894843,1623.765,1844.0499,1722.3091,1723.714,31.102852,192.7806396484375,5,"COPDEM30",430
"RGI2000-v7.0-G-18-00862","18","18-01","G169005E44141S",771198,749,"2000-04-13T00:00:00",169.0051957273522,-44.1410065,59,0.140973239385007,0,0,0,9,"",0,169.00749161126447,-44.14249750346262,1682.9175,1975.3573,1859.867,1848.175,31.372686,130.02731,4,"COPDEM30",559
"RGI2000-v7.0-G-18-00863","18","18-01","G169014E44134S",771203,749,"2000-04-13T00:00:00",169.01385970798088,-44.1341775,59,0.018907470293257,0,0,0,9,"",0,169.01513752288804,-44.1347958449999,1622.738,1727.076,1682.1641,1677.0305,31.197622,134.53996,4,"COPDEM30",188
"RGI2000-v7.0-G-18-00864","18","18-01","G169012E44125S",771202,749,"2000-04-13T00:00:00",169.01246472227461,-44.125707500000004,59,0.034703990171501,0,0,0,9,"",0,169.01363397005449,-44.12398710345995,1716.8992,1856.4594,1808.0249,1805.7333,30.67519,67.87389,3,"COPDEM30",332
"RGI2000-v7.0-G-18-00865","18","18-01","G169011E44123S",771200,749,"2000-04-13T00:00:00",169.01089793124999,-44.1225765,59,0.028004640845066,0,0,0,9,"",0,169.01199502981893,-44.12110708045114,1796.1224,1869.6992,1827.0347,1829.4423,22.205307,75.85965,3,"COPDEM30",385
"RGI2000-v7.0-G-18-00866","18","18-01","G169003E44114S",771199,749,"2000-04-13T00:00:00",169.007885686986,-44.115509,59,0.12316554469596,0,0,0,9,"",0,169.00652095017546,-44.11758269664306,1704.0875,1849.5955,1792.0858,1787.3483,23.130442,226.92947387695312,6,"COPDEM30",517
"RGI2000-v7.0-G-18-00867","18","18-01","G169001E44112S",771197,749,"2000-04-13T00:00:00",169.00070958127412,-44.11201,59,0.111738528848153,0,0,0,9,"",0,169.0001938984465,-44.11386714548575,1667.8354,1846.3942,1755.8406,1753.1157,25.94437,210.23367309570312,6,"COPDEM30",432
"RGI2000-v7.0-G-18-00868","18","18-01","G169040E44119S",771204,749,"2000-04-13T00:00:00",169.0374387771493,-44.1193975,59,0.039195996860591,0,0,0,9,"",0,169.03937973666893,-44.11957502977479,1835.7101,1941.8232,1880.2633,1883.872,26.86273,80.144,3,"COPDEM30",256
"RGI2000-v7.0-G-18-00869","18","18-01","G169038E44123S",771205,749,"2000-04-13T00:00:00",169.03808484643918,-44.122279000000006,59,0.041254732342686,0,0,0,9,"",0,169.03810505621007,-44.123247124469394,1734.4398,1857.3105,1793.3945,1793.2095,28.387848,165.10378,5,"COPDEM30",225
"RGI2000-v7.0-G-18-00870","18","18-01","G169041E44122S",771206,749,"2000-04-13T00:00:00",169.0401560614755,-44.121612,59,0.034697746328734,0,0,0,9,"",0,169.04098758863378,-44.12277618674346,1751.1313,1846.0161,1788.9714,1792.9469,21.37639,125.70938,4,"COPDEM30",285
"RGI2000-v7.0-G-18-00871","18","18-01","G169060E44137S",771207,749,"2000-04-13T00:00:00",169.05999152762843,-44.13718,59,0.010072008933693,0,0,0,9,"",0,169.05984353827796,-44.13666674007281,1894.5851,1963.0656,1922.2578,1924.3092,26.98618,0.019761978,1,"COPDEM30",143
"RGI2000-v7.0-G-18-00872","18","18-01","G169062E44137S",771211,749,"2000-04-13T00:00:00",169.06392991528404,-44.138630000000006,59,0.055539513636027,0,0,0,9,"",0,169.0647428704677,-44.13692426966296,1862.4545,2109.6226,1946.5269,1965.7035,32.37142,58.17806,2,"COPDEM30",480
"RGI2000-v7.0-G-18-00873","18","18-01","G169062E44144S",771209,749,"2000-04-13T00:00:00",169.0623070356564,-44.143793,59,0.017836212749806,0,0,0,9,"",0,169.0627404511667,-44.144544062284545,2006.8187,2099.7754,2063.0325,2059.651,36.39021,120.80164,4,"COPDEM30",178
"RGI2000-v7.0-G-18-00874","18","18-01","G169065E44144S",771212,749,"2000-04-13T00:00:00",169.06450889036756,-44.143964,59,0.011190353789027,0,0,0,9,"",0,169.0654355550124,-44.14435228862923,1792.3896,1897.4592,1839.9143,1843.0751,42.46535,86.31855,3,"COPDEM30",138
"RGI2000-v7.0-G-18-00875","18","18-01","G169065E44146S",771213,749,"2000-04-13T00:00:00",169.06467505846103,-44.1459155,59,0.013557509811129,0,0,0,9,"",0,169.06593176118142,-44.14622764065514,1797.996,1888.2539,1838.7665,1841.0881,30.11574,74.026306,3,"COPDEM30",221
"RGI2000-v7.0-G-18-00876","18","18-01","G169059E44147S",771210,749,"2000-04-13T00:00:00",169.06160899693123,-44.148647499999996,59,0.214377676788256,0,0,0,9,"",0,169.06154681976395,-44.15122220831142,1465.72,1862.6626,1627.7671,1646.0206,30.303535,162.76999,5,"COPDEM30",1010
"RGI2000-v7.0-G-18-00877","18","18-01","G169060E44144S",771208,749,"2000-04-13T00:00:00",169.0596099773024,-44.143724,59,0.023046136303823,0,0,0,9,"",0,169.05887923715196,-44.142849755342425,1871.1572,1960.844,1917.3662,1917.3315,38.403675,270.27664947509766,7,"COPDEM30",189
"RGI2000-v7.0-G-18-00878","18","18-01","G169096E44146S",771217,749,"2000-04-13T00:00:00",169.09496890439425,-44.146342000000004,59,0.142506914640726,0,0,0,9,"",0,169.09745516714068,-44.1466153371439,1724.624,1943.0653,1811.2825,1816.4391,27.730495,133.50998,4,"COPDEM30",518
"RGI2000-v7.0-G-18-00879","18","18-01","G169076E44113S",771214,749,"2000-04-13T00:00:00",169.0748246814904,-44.113027,59,0.039196645195566,0,0,0,9,"",0,169.07695500118368,-44.11428453712338,1526.8212,1707.5074,1610.3418,1613.9156,32.71201,163.13405,5,"COPDEM30",280
"RGI2000-v7.0-G-18-00880","18","18-01","G169108E44096S",771218,749,"2000-04-13T00:00:00",169.10839136344538,-44.096358,59,0.034768023570969,0,0,0,9,"",0,169.1092809286174,-44.09807907495942,1712.9109,1875.7095,1808.1686,1803.6472,39.693634,100.86929,3,"COPDEM30",333
"RGI2000-v7.0-G-18-00881","18","18-01","G169162E44138S",771225,749,"2000-04-13T00:00:00",169.16178535525827,-44.138483,59,0.033955143649615,0,0,0,9,"",0,169.1623116932396,-44.13945298010809,1206.67,1349.9629,1239.8713,1250.3961,26.24636,159.16417,5,"COPDEM30",295
"RGI2000-v7.0-G-18-00882","18","18-01","G169254E44109S",771227,749,"2000-04-13T00:00:00",169.25404866597512,-44.1088595,59,0.024899193965824,0,0,0,9,"",0,169.25524733183423,-44.10953619178444,1686.982,1771.4276,1724.5581,1724.7018,29.463856,189.9213256835937,5,"COPDEM30",149
"RGI2000-v7.0-G-18-00883","18","18-01","G169261E44109S",771228,749,"2000-04-13T00:00:00",169.26074793582887,-44.108095,59,0.214442171901623,0,0,0,9,"",0,169.2640010946895,-44.10990955798454,1617.8159,1853.2933,1752.6115,1751.2231,23.811747,131.38374,4,"COPDEM30",596
"RGI2000-v7.0-G-18-00884","18","18-01","G169229E44070S",771226,749,"2000-04-13T00:00:00",169.22869261842106,-44.070831,59,0.021722147617726,0,0,0,9,"",0,169.23006185132954,-44.07134505113663,1686.481,1774.3174,1731.0479,1729.8422,28.103048,155.84436,4,"COPDEM30",233
"RGI2000-v7.0-G-18-00885","18","18-01","G169156E44010S",771224,749,"2000-04-13T00:00:00",169.15546829166666,-44.0095255,59,0.055460390135335,0,0,0,9,"",0,169.151169765965,-44.00945985217317,1501.6718,1689.8092,1592.4147,1595.3408,32.10907,209.9532623291016,6,"COPDEM30",577
"RGI2000-v7.0-G-18-00886","18","18-01","G169149E44007S",771223,749,"2000-04-13T00:00:00",169.1493858051253,-44.0067385,59,0.028628991605882,0,0,0,9,"",0,169.14647775906647,-44.007538448201146,1668.5356,1785.6002,1746.6425,1737.0583,33.682083,195.02980041503903,5,"COPDEM30",175
"RGI2000-v7.0-G-18-00887","18","18-01","G169144E44005S",771222,749,"2000-04-13T00:00:00",169.14403481066282,-44.004578499999994,59,0.052362441936584,0,0,0,9,"",0,169.13919085669352,-44.00578024013215,1620.368,1806.3534,1759.5939,1747.3796,26.790304,210.24273681640625,6,"COPDEM30",468
"RGI2000-v7.0-G-18-00888","18","18-01","G169130E44001S",771221,749,"2000-04-13T00:00:00",169.1362418176948,-44.0011975,59,0.20294680678922,0,0,0,9,"",0,169.1349747281472,-44.001840590458286,1688.5571,1862.2582,1759.6511,1764.8887,23.113916,202.34133911132807,5,"COPDEM30",358
"RGI2000-v7.0-G-18-00889","18","18-01","G169127E44000S",771220,749,"2000-04-13T00:00:00",169.12716389663893,-44.0002585,59,0.142179640891101,0,0,0,9,"",0,169.12620477285188,-44.00162247056496,1681.588,1832.013,1762.3269,1761.249,24.751667,167.11488,5,"COPDEM30",355
"RGI2000-v7.0-G-18-00890","18","18-01","G169120E44001S",771219,749,"2000-04-13T00:00:00",169.1201836286736,-44.000592,59,0.043391572170477,0,0,0,9,"",0,169.12134297768878,-44.00160721740732,1750.2914,1858.8209,1799.7916,1799.6339,22.122501,156.85855,4,"COPDEM30",274
"RGI2000-v7.0-G-18-00891","18","18-01","G168979E44069S",771182,749,"2000-04-13T00:00:00",168.97931002205883,-44.069303500000004,59,0.245225585442287,0,0,0,9,"",0,168.97907045858997,-44.07220823439559,1764.6798,1999.1547,1864.2009,1868.8721,21.822647,118.23904,4,"COPDEM30",762
"RGI2000-v7.0-G-18-00892","18","18-01","G168893E44164S",771149,749,"2000-04-13T00:00:00",168.8933121967563,-44.164053499999994,59,0.029901359597975,0,0,0,9,"",0,168.8939922810616,-44.16394850245658,1772.0748,1935.6976,1862.8606,1862.3105,34.39196,47.384663,2,"COPDEM30",303
"RGI2000-v7.0-G-18-00893","18","18-01","G168892E44170S",771150,749,"2000-04-13T00:00:00",168.89304760857462,-44.168352999999996,59,0.237779803898018,0,0,0,9,"",0,168.89233207038941,-44.17111911423553,1704.3059,1946.1775,1859.6971,1851.5365,29.11774,225.2196044921875,6,"COPDEM30",554
"RGI2000-v7.0-G-18-00894","18","18-01","G168887E44166S",771145,749,"2000-04-13T00:00:00",168.88698008841502,-44.165646499999994,59,0.094523523048568,0,0,0,9,"",0,168.88840805718198,-44.167505359232855,1737.9185,1921.9642,1825.7987,1827.567,26.826067,212.61143493652344,6,"COPDEM30",451
"RGI2000-v7.0-G-18-00895","18","18-01","G168897E44174S",771154,749,"2000-04-13T00:00:00",168.89699342209835,-44.17404500000001,59,0.030804171413468,0,0,0,9,"",0,168.89664107661383,-44.17494921668148,1787.5417,1878.2579,1812.7363,1820.1238,27.074284,242.33202362060547,6,"COPDEM30",157
"RGI2000-v7.0-G-18-00896","18","18-01","G168834E44163S",771110,749,"2000-04-13T00:00:00",168.83314341863468,-44.164004500000004,59,0.610010868737871,0,0,0,9,"",0,168.83484510959343,-44.166983780461656,1529.8341,1936.2031,1763.5312,1752.3696,29.492708,127.760254,4,"COPDEM30",749
"RGI2000-v7.0-G-18-00897","18","18-01","G168824E44170S",771099,749,"2000-04-13T00:00:00",168.8248861556408,-44.170164,59,0.050500246227413,0,0,0,9,"",0,168.82385866873818,-44.17168656438168,1608.2716,1891.8297,1724.2194,1746.6451,31.019104,213.96372985839844,6,"COPDEM30",474
"RGI2000-v7.0-G-18-00898","18","18-01","G169087E44200S",771215,749,"2000-04-13T00:00:00",169.0861370841837,-44.2003135,59,0.014264365374998,0,0,0,9,"",0,169.08632263276255,-44.201222288317034,1928.2263,2071.2578,1977.8838,1983.3533,41.968437,217.68736267089844,6,"COPDEM30",237
"RGI2000-v7.0-G-18-00899","18","18-01","G169090E44222S",771216,749,"2000-04-13T00:00:00",169.08968901831807,-44.220737,59,0.080373320275424,0,0,0,9,"",0,169.09197984138817,-44.221913558490044,1904.9802,2097.1086,2005.2338,2005.0507,32.571594,176.41301,5,"COPDEM30",504
"RGI2000-v7.0-G-18-00900","18","18-01","G169415E44102S",771230,749,"2000-04-13T00:00:00",169.41470179935584,-44.101806,59,0.292850647753525,0,0,0,9,"",0,169.4155003739832,-44.1049250681715,1675.8125,1950.1738,1830.2937,1824.157,27.478304,136.30754,4,"COPDEM30",651
"RGI2000-v7.0-G-18-00901","18","18-01","G169422E44100S",771231,749,"2000-04-13T00:00:00",169.4212380177778,-44.0991955,59,0.124554859938304,0,0,0,9,"",0,169.42552330858646,-44.101017066603426,1580.6946,1901.1488,1769.7659,1766.2969,35.71515,162.42719,5,"COPDEM30",461
"RGI2000-v7.0-G-18-00902","18","18-01","G169428E44099S",771233,749,"2000-04-13T00:00:00",169.4281639506579,-44.0994065,59,0.020519061692547,0,0,0,9,"",0,169.42692461920146,-44.099695599349204,1725.3918,1885.3314,1790.9999,1793.2216,43.030754,206.39566040039065,6,"COPDEM30",273
"RGI2000-v7.0-G-18-00903","18","18-01","G169433E44099S",771235,749,"2000-04-13T00:00:00",169.43257337392703,-44.0991965,59,0.136586611628727,0,0,0,9,"",0,169.43307237637214,-44.10173693446196,1597.7714,2019.6449,1848.3896,1828.866,34.926476,162.46135,5,"COPDEM30",606
"RGI2000-v7.0-G-18-00904","18","18-01","G169437E44099S",771238,749,"2000-04-13T00:00:00",169.43650374834968,-44.098924499999995,59,0.046089951003916,0,0,0,9,"",0,169.43595558382913,-44.10019837063873,1742.9545,1923.0309,1833.4839,1830.7788,31.06898,149.24805,4,"COPDEM30",359
"RGI2000-v7.0-G-18-00905","18","18-01","G169434E44096S",771234,749,"2000-04-13T00:00:00",169.43164049266844,-44.0946175,59,0.149207153693671,0,0,0,9,"",0,169.43389300000004,-44.09275597904153,1805.2838,2087.3625,1948.2827,1947.3485,31.113186,76.83813,3,"COPDEM30",490
"RGI2000-v7.0-G-18-00906","18","18-01","G169435E44091S",771237,749,"2000-04-13T00:00:00",169.43656201188378,-44.0901315,59,0.106074016876112,0,0,0,9,"",0,169.44005992600714,-44.09019221247615,1711.4685,1957.3827,1831.0355,1834.0958,32.20822,140.17084,4,"COPDEM30",463
"RGI2000-v7.0-G-18-00907","18","18-01","G169441E44085S",771239,749,"2000-04-13T00:00:00",169.4412511253541,-44.084818999999996,59,0.016059595019186,0,0,0,9,"",0,169.44012600000002,-44.08519955812806,1944.172,1989.1084,1965.6539,1965.3872,17.039394,239.8611831665039,6,"COPDEM30",179
"RGI2000-v7.0-G-18-00908","18","18-01","G169445E44086S",771240,749,"2000-04-13T00:00:00",169.44452375807916,-44.086187,59,0.100298963348008,0,0,0,9,"",0,169.44704703611154,-44.08764492835084,1788.3716,2033.9733,1886.8816,1892.0951,31.12015,164.88918,5,"COPDEM30",472
"RGI2000-v7.0-G-18-00909","18","18-01","G169446E44085S",771241,749,"2000-04-13T00:00:00",169.44580803588775,-44.082881,59,0.187187773514452,0,0,0,9,"",0,169.4508425965731,-44.08247194318363,1802.5912,2071.085,1945.7659,1948.1536,26.197956,106.22641,3,"COPDEM30",565
"RGI2000-v7.0-G-18-00910","18","18-01","G169448E44077S",771242,749,"2000-04-13T00:00:00",169.44781253370786,-44.077462499999996,59,0.152467316775767,0,0,0,9,"",0,169.44972829175177,-44.07919181818349,1808.4435,2129.5884,1973.4496,1967.8988,33.675503,126.581856,4,"COPDEM30",520
"RGI2000-v7.0-G-18-00911","18","18-01","G169457E44072S",771252,749,"2000-04-13T00:00:00",169.45707876841107,-44.071634,59,1.154777617312238,0,0,0,9,"",0,169.45919399135403,-44.07775948147121,1681.0726,2467.1494,2089.4414,2065.338,28.326359,163.86606,5,"COPDEM30",1545
"RGI2000-v7.0-G-18-00912","18","18-01","G169463E44068S",771259,749,"2000-04-13T00:00:00",169.4609600219555,-44.067966999999996,59,0.036442684277532,0,0,0,9,"",0,169.46500312972654,-44.06767328181257,1965.2535,2271.574,2139.829,2137.2542,38.64928,53.87876,2,"COPDEM30",507
"RGI2000-v7.0-G-18-00913","18","18-01","G169460E44065S",771255,749,"2000-04-13T00:00:00",169.4587584091267,-44.066397499999994,59,0.082024634669173,0,0,0,9,"",0,169.4630085873957,-44.065218094261965,1925.0292,2366.9514,2098.3809,2124.919,37.482018,53.54642,2,"COPDEM30",654
"RGI2000-v7.0-G-18-00914","18","18-01","G169460E44064S",771258,749,"2000-04-13T00:00:00",169.45979037727272,-44.064245,59,0.060464844395681,0,0,0,9,"",0,169.46231532435525,-44.06409164871119,1921.0724,2145.7087,2041.678,2040.1105,31.195965,71.37471,3,"COPDEM30",403
"RGI2000-v7.0-G-18-00915","18","18-01","G169460E44062S",771257,749,"2000-04-13T00:00:00",169.45994352720396,-44.062212,59,0.021472089407527,0,0,0,9,"",0,169.46194900236284,-44.06226468732012,1885.5299,2046.7019,1953.3374,1954.8386,32.84815,79.363205,3,"COPDEM30",258
"RGI2000-v7.0-G-18-00916","18","18-01","G169456E44065S",771251,749,"2000-04-13T00:00:00",169.456054790301,-44.064555999999996,59,0.048878476105662,0,0,0,9,"",0,169.45637209004227,-44.06289569960644,2087.1155,2422.3943,2272.1257,2257.1223,40.035877,43.671345,2,"COPDEM30",277
"RGI2000-v7.0-G-18-00917","18","18-01","G169466E44067S",771262,749,"2000-04-13T00:00:00",169.46620670792976,-44.067078,59,0.012739207069032,0,0,0,9,"",0,169.46603852330853,-44.06655603768612,1801.1788,1951.6074,1863.3683,1872.2119,30.797438,74.491486,3,"COPDEM30",156
"RGI2000-v7.0-G-18-00918","18","18-01","G169467E44074S",771263,749,"2000-04-13T00:00:00",169.46714427,-44.073572,59,0.012956911208081,0,0,0,9,"",0,169.46753503359514,-44.07429735008718,1995.4127,2113.6367,2048.6008,2052.4084,30.647038,150.63081,4,"COPDEM30",204
"RGI2000-v7.0-G-18-00919","18","18-01","G169471E44076S",771265,749,"2000-04-13T00:00:00",169.47021361363636,-44.075416,59,0.03413215482406,0,0,0,9,"",0,169.47212122559813,-44.07593898210715,1837.7985,1969.9559,1928.9515,1920.2339,27.24738,102.61285,3,"COPDEM30",277
"RGI2000-v7.0-G-18-00920","18","18-01","G169453E44079S",771260,749,"2000-04-13T00:00:00",169.46151019551002,-44.081541,59,0.179967569208932,0,0,0,9,"",0,169.46605916633357,-44.084147400545774,1119.0076,1729.3328,1379.4287,1385.4258,28.945787,145.85718,4,"COPDEM30",1380
"RGI2000-v7.0-G-18-00921","18","18-01","G169437E44072S",771236,749,"2000-04-13T00:00:00",169.4344282649123,-44.072898499999994,59,2.167760259781177,0,0,0,9,"",0,169.43081071686726,-44.082783021845884,1651.4818,2392.7942,1903.5688,1932.8914,16.424923,212.4987335205078,6,"COPDEM30",2781
"RGI2000-v7.0-G-18-00922","18","18-01","G169427E44103S",771232,749,"2000-04-13T00:00:00",169.42685504141105,-44.103336999999996,59,0.014481092278308,0,0,0,9,"",0,169.4277610238062,-44.10428781748911,1275.2267,1501.954,1381.1118,1385.0405,30.215984,153.78116,4,"COPDEM30",312
"RGI2000-v7.0-G-18-00923","18","18-01","G169499E44059S",771267,749,"2000-04-13T00:00:00",169.500775332,-44.0597335,59,0.028829433740449,0,0,0,9,"",0,169.49798224105677,-44.060667111380184,1826.5339,1986.1189,1925.1525,1924.3762,26.649975,229.02883911132807,6,"COPDEM30",388
"RGI2000-v7.0-G-18-00924","18","18-01","G169508E44062S",771269,749,"2000-04-13T00:00:00",169.50697373333333,-44.06182,59,0.527836895807658,0,0,0,9,"",0,169.50262923643953,-44.063716027475785,1650.4427,2160.165,1911.6947,1913.505,25.158705,218.7193298339844,6,"COPDEM30",1149
"RGI2000-v7.0-G-18-00925","18","18-01","G169515E44063S",771273,749,"2000-04-13T00:00:00",169.51589222268908,-44.0628935,59,0.16170059699127,0,0,0,9,"",0,169.51787853070408,-44.06281245416402,1835.5035,2092.6882,1990.7312,1977.9852,29.560463,97.82502,3,"COPDEM30",581
"RGI2000-v7.0-G-18-00926","18","18-01","G169517E44069S",771274,749,"2000-04-13T00:00:00",169.51702527310925,-44.068582000000006,59,0.013741719049651,0,0,0,9,"",0,169.51767160218722,-44.068413909386116,1838.691,1889.341,1865.7742,1863.8809,24.311785,102.46405,3,"COPDEM30",104
"RGI2000-v7.0-G-18-00927","18","18-01","G169512E44069S",771271,749,"2000-04-13T00:00:00",169.51100225426944,-44.0682215,59,0.044112705443212,0,0,0,9,"",0,169.50967497416298,-44.07015207986786,1670.8446,1987.1571,1799.6174,1805.7719,31.866833,196.6160125732422,5,"COPDEM30",554
"RGI2000-v7.0-G-18-00928","18","18-01","G169518E44057S",771275,749,"2000-04-13T00:00:00",169.51829111468163,-44.057120499999996,59,0.012379911890238,0,0,0,9,"",0,169.5197596021783,-44.0560431093851,1737.9939,1889.0709,1816.5626,1817.4224,33.552944,97.65706,3,"COPDEM30",215
"RGI2000-v7.0-G-18-00929","18","18-01","G169516E44057S",771272,749,"2000-04-13T00:00:00",169.51532149978618,-44.056341,59,0.110002088585157,0,0,0,9,"",0,169.51760244742968,-44.05575606209835,1875.6774,2147.0037,2007.9375,2010.9203,39.55206,100.0455,3,"COPDEM30",462
"RGI2000-v7.0-G-18-00930","18","18-01","G169509E44057S",771270,749,"2000-04-13T00:00:00",169.51123293461757,-44.054523,59,0.013885573429925,0,0,0,9,"",0,169.5093314257908,-44.05497594606754,1904.1787,2014.7036,1950.7751,1953.9098,22.155443,281.1457824707031,7,"COPDEM30",349
"RGI2000-v7.0-G-18-00931","18","18-01","G169565E44059S",771286,749,"2000-04-13T00:00:00",169.56526147833335,-44.0588635,59,0.055150667457913,0,0,0,9,"",0,169.563754052965,-44.058407079609324,1888.998,2094.7046,1920.8041,1938.1626,28.155643,233.27396392822263,6,"COPDEM30",254
"RGI2000-v7.0-G-18-00932","18","18-01","G169572E44061S",771293,749,"2000-04-13T00:00:00",169.5717853267809,-44.061385,59,0.09770594651559,0,0,0,9,"",0,169.57299316416274,-44.06274798943156,1813.8813,2087.964,1934.026,1933.035,33.01523,142.82765,4,"COPDEM30",401
"RGI2000-v7.0-G-18-00933","18","18-01","G169569E44064S",771289,749,"2000-04-13T00:00:00",169.5682513188326,-44.064136500000004,59,0.047196013447695,0,0,0,9,"",0,169.5682682179691,-44.06677270018417,1738.806,2001.6863,1824.4551,1834.2784,37.43032,134.56671,4,"COPDEM30",607
"RGI2000-v7.0-G-18-00934","18","18-01","G169567E44071S",771288,749,"2000-04-13T00:00:00",169.5667034388441,-44.0714575,59,0.012776615798396,0,0,0,9,"",0,169.56660267832905,-44.072314000208166,1748.8671,1844.5143,1787.8712,1788.7444,29.98927,165.60982,5,"COPDEM30",172
"RGI2000-v7.0-G-18-00935","18","18-01","G169563E44072S",771282,749,"2000-04-13T00:00:00",169.56201011548802,-44.071946999999994,59,0.02449103449052,0,0,0,9,"",0,169.5619293096374,-44.0730337705311,1683.2893,1847.8962,1755.4729,1753.9985,34.384933,182.6237945556641,5,"COPDEM30",282
"RGI2000-v7.0-G-18-00936","18","18-01","G169576E44047S",771295,749,"2000-04-13T00:00:00",169.57646619529442,-44.047172,59,0.064407101084627,0,0,0,9,"",0,169.577480285285,-44.04854606139589,1200.5024,1357.3278,1237.7471,1252.1353,20.344831,133.91599,4,"COPDEM30",476
"RGI2000-v7.0-G-18-00937","18","18-01","G169570E44042S",771290,749,"2000-04-13T00:00:00",169.56962565937357,-44.0417365,59,0.01024148679279,0,0,0,9,"",0,169.57032888852927,-44.042202888662985,1740.8921,1892.0323,1785.1505,1790.6373,42.83962,130.99345,4,"COPDEM30",160
"RGI2000-v7.0-G-18-00938","18","18-01","G169566E44039S",771287,749,"2000-04-13T00:00:00",169.56669006752412,-44.039142999999996,59,0.030746819216337,0,0,0,9,"",0,169.56569380886415,-44.04040168575468,1903.6469,2074.8894,1970.79,1979.8864,29.820177,265.6222686767578,7,"COPDEM30",448
"RGI2000-v7.0-G-18-00939","18","18-01","G169565E44036S",771285,749,"2000-04-13T00:00:00",169.56514678844178,-44.036430499999994,59,0.024903586924531,0,0,0,9,"",0,169.56471737860502,-44.036902602633745,1867.4836,2011.525,1909.8074,1916.0057,27.949453,256.28731536865234,7,"COPDEM30",190
"RGI2000-v7.0-G-18-00940","18","18-01","G169571E44032S",771292,749,"2000-04-13T00:00:00",169.57152529234853,-44.032501999999994,59,0.020498529475512,0,0,0,9,"",0,169.57081168318572,-44.03172912168622,1944.1877,2053.3696,1988.4164,1992.4423,31.286053,324.51692962646484,8,"COPDEM30",185
"RGI2000-v7.0-G-18-00941","18","18-01","G169579E44030S",771299,749,"2000-04-13T00:00:00",169.5784592870899,-44.029997,59,0.01555925405237,0,0,0,9,"",0,169.5783148186135,-44.029246196159754,1993.5634,2042.085,2014.7438,2014.8337,22.635109,303.0101661682129,8,"COPDEM30",182
"RGI2000-v7.0-G-18-00942","18","18-01","G169580E44033S",771300,749,"2000-04-13T00:00:00",169.57922529494775,-44.033316,59,0.024618021887063,0,0,0,9,"",0,169.57999710940072,-44.032497332387706,2172.1208,2261.4653,2214.5562,2214.612,23.928263,2.2488883,1,"COPDEM30",317
"RGI2000-v7.0-G-18-00943","18","18-01","G169584E44031S",771305,749,"2000-04-13T00:00:00",169.58306583860758,-44.0314075,59,0.06132558293598,0,0,0,9,"",0,169.58616347963158,-44.03018727977876,1851.2714,2203.5378,2056.4226,2048.3298,35.35977,61.7132,2,"COPDEM30",553
"RGI2000-v7.0-G-18-00944","18","18-01","G169585E44035S",771310,749,"2000-04-13T00:00:00",169.58540976750663,-44.034011,59,0.064262594272529,0,0,0,9,"",0,169.58710422320317,-44.03392505022112,1833.6068,2139.902,1990.7019,1991.505,37.04874,73.58725,3,"COPDEM30",366
"RGI2000-v7.0-G-18-00945","18","18-01","G169587E44038S",771313,749,"2000-04-13T00:00:00",169.5869503238323,-44.038377499999996,59,0.128773548425227,0,0,0,9,"",0,169.58872590586952,-44.04068129166043,1761.6034,2082.591,1913.2205,1912.3453,29.226809,126.54139,4,"COPDEM30",643
"RGI2000-v7.0-G-18-00946","18","18-01","G169579E44038S",771301,749,"2000-04-13T00:00:00",169.58133852933565,-44.0382205,59,0.369674181497882,0,0,0,9,"",0,169.5801367676607,-44.04230126881595,1643.1161,2247.5332,1977.7609,1983.732,33.495255,172.79842,5,"COPDEM30",897
"RGI2000-v7.0-G-18-00947","18","18-01","G169575E44038S",771294,749,"2000-04-13T00:00:00",169.57583423930606,-44.038469000000006,59,0.293440063674541,0,0,0,9,"",0,169.57597024330175,-44.04284623904176,1564.6676,2288.0059,2020.0552,1993.5193,38.11963,166.48206,5,"COPDEM30",996
"RGI2000-v7.0-G-18-00948","18","18-01","G169583E44028S",771304,749,"2000-04-13T00:00:00",169.58254281540883,-44.0281885,59,0.024237890753451,0,0,0,9,"",0,169.584088366425,-44.02832344094088,1983.9585,2124.803,2090.7864,2077.6929,32.145996,81.417656,3,"COPDEM30",209
"RGI2000-v7.0-G-18-00949","18","18-01","G169583E44026S",771308,749,"2000-04-13T00:00:00",169.58377371704262,-44.025383500000004,59,0.01701989503566,0,0,0,9,"",0,169.58456221521087,-44.02537563353122,1853.0704,1969.8157,1914.1866,1912.6687,38.937927,71.34424,3,"COPDEM30",107
"RGI2000-v7.0-G-18-00950","18","18-01","G169584E44025S",771307,749,"2000-04-13T00:00:00",169.58382253483606,-44.0234035,59,0.019172070750447,0,0,0,9,"",0,169.5846616745426,-44.02339107533756,1847.682,1936.4458,1907.2988,1901.0021,28.253628,107.35737,3,"COPDEM30",160
"RGI2000-v7.0-G-18-00951","18","18-01","G169587E44023S",771312,749,"2000-04-13T00:00:00",169.5869693266489,-44.022638,59,0.020352046487482,0,0,0,9,"",0,169.58805749528653,-44.022755428996085,1726.134,1800.1067,1760.033,1760.5321,26.26517,130.5531,4,"COPDEM30",172
"RGI2000-v7.0-G-18-00952","18","18-01","G169591E44018S",771316,749,"2000-04-13T00:00:00",169.59135355109038,-44.0170935,59,0.494877570245002,0,0,0,9,"",0,169.59704481705967,-44.016615026985264,1737.3219,2124.2734,1933.3644,1933.5034,29.463352,132.73598,4,"COPDEM30",911
"RGI2000-v7.0-G-18-00953","18","18-01","G169578E43994S",771298,749,"2000-04-13T00:00:00",169.57784125,-43.993717000000004,59,0.024369611297442,0,0,0,9,"",0,169.57878013610727,-43.99469985066346,1248.9125,1313.7174,1270.7324,1272.5188,16.592665,164.40334,5,"COPDEM30",224
"RGI2000-v7.0-G-18-00954","18","18-01","G169578E43987S",771297,749,"2000-04-13T00:00:00",169.57760179508648,-43.9873805,59,0.042477805032989,0,0,0,9,"",0,169.57576096160417,-43.98847174531242,1744.6975,1927.8776,1825.2609,1827.2366,40.564865,176.98549,5,"COPDEM30",557
"RGI2000-v7.0-G-18-00955","18","18-01","G169577E43986S",771296,749,"2000-04-13T00:00:00",169.5768504751773,-43.985832,59,0.020661242427358,0,0,0,9,"",0,169.5781140871565,-43.986304514338535,1937.8083,2054.7275,2011.5764,2009.409,38.000942,165.31639,5,"COPDEM30",277
"RGI2000-v7.0-G-18-00956","18","18-01","G169583E43986S",771303,749,"2000-04-13T00:00:00",169.582910975,-43.9858105,59,0.017742424523806,0,0,0,9,"",0,169.58454262967962,-43.98606207855865,1897.25,2019.7043,1954.0175,1954.0227,40.891705,151.00871,4,"COPDEM30",189
"RGI2000-v7.0-G-18-00957","18","18-01","G169587E43991S",771306,749,"2000-04-13T00:00:00",169.5842098389091,-43.987719999999996,59,0.088012150820133,0,0,0,9,"",0,169.58506959741572,-43.989403633756446,1689.347,1896.7516,1794.5974,1795.5684,34.22101,195.40879821777344,5,"COPDEM30",391
"RGI2000-v7.0-G-18-00958","18","18-01","G169588E43990S",771314,749,"2000-04-13T00:00:00",169.5881874587156,-43.9897455,59,0.02544819902506,0,0,0,9,"",0,169.58706003255438,-43.990688912743764,1710.0795,1855.4314,1768.3947,1774.0397,30.547445,197.88584899902344,5,"COPDEM30",254
"RGI2000-v7.0-G-18-00959","18","18-01","G169572E43989S",771291,749,"2000-04-13T00:00:00",169.57165482129278,-43.9882865,59,0.027945636901922,0,0,0,9,"",0,169.57291968484947,-43.988979394195184,1676.285,1821.2205,1729.512,1735.4956,36.09605,173.93362,5,"COPDEM30",288
"RGI2000-v7.0-G-18-00960","18","18-01","G169566E43986S",771284,749,"2000-04-13T00:00:00",169.56507884335343,-43.9862605,59,0.050490269479514,0,0,0,9,"",0,169.5676668734293,-43.98742055311746,1816.6865,2056.6763,1920.7412,1919.6796,41.42308,186.18313598632807,5,"COPDEM30",436
"RGI2000-v7.0-G-18-00961","18","18-01","G169561E43988S",771281,749,"2000-04-13T00:00:00",169.56003461534812,-43.986778,59,0.104599562355619,0,0,0,9,"",0,169.56059960271895,-43.98915760083113,1621.024,2019.0071,1780.304,1782.9849,35.216095,169.9361,5,"COPDEM30",594
"RGI2000-v7.0-G-18-00962","18","18-01","G169555E43987S",771280,749,"2000-04-13T00:00:00",169.55471874061556,-43.98699,59,0.115466699738876,0,0,0,9,"",0,169.55292977712892,-43.98938880144465,1794.4725,2050.5332,1915.6702,1920.7859,32.166836,159.92154,5,"COPDEM30",536
"RGI2000-v7.0-G-18-00963","18","18-01","G169551E43988S",771279,749,"2000-04-13T00:00:00",169.54781250925924,-43.9877115,59,0.185843287828516,0,0,0,9,"",0,169.5502528330715,-43.98986855081723,1806.447,2059.293,1938.7905,1941.6819,25.848661,164.10263,5,"COPDEM30",506
"RGI2000-v7.0-G-18-00964","18","18-01","G169543E43986S",771278,749,"2000-04-13T00:00:00",169.5427779541958,-43.986427000000006,59,0.012086544602423,0,0,0,9,"",0,169.54217818370626,-43.985725406266134,1942.9644,1992.0012,1962.9285,1963.8672,24.890545,260.7959671020508,7,"COPDEM30",199
"RGI2000-v7.0-G-18-00965","18","18-01","G169539E43996S",771277,749,"2000-04-13T00:00:00",169.53600373836844,-43.99579,59,0.011161232772789,0,0,0,9,"",0,169.5361359359325,-43.99623737642811,1841.4395,1885.3413,1857.6941,1859.5336,24.625053,161.9981,5,"COPDEM30",107
"RGI2000-v7.0-G-18-00966","18","18-01","G169564E43991S",771283,749,"2000-04-13T00:00:00",169.56362558785554,-43.9910385,59,0.032572812269758,0,0,0,9,"",0,169.5642949405353,-43.99246225958084,1364.3744,1550.9514,1461.0176,1460.1788,28.876108,166.28004,5,"COPDEM30",385
"RGI2000-v7.0-G-18-00967","18","18-01","G169596E43960S",771317,749,"2000-04-13T00:00:00",169.59488826089222,-43.959717999999995,59,0.069515173283102,0,0,0,9,"",0,169.5917805012436,-43.961535444698,1826.3234,2065.942,1967.7878,1964.6362,32.202682,164.54567,5,"COPDEM30",461
"RGI2000-v7.0-G-18-00968","18","18-01","G169601E43959S",771321,749,"2000-04-13T00:00:00",169.60073878418876,-43.958841500000005,59,0.038432721674357,0,0,0,9,"",0,169.60188188853962,-43.96013787649751,1772.9727,2043.6324,1905.779,1907.391,42.83416,178.48549,5,"COPDEM30",371
"RGI2000-v7.0-G-18-00969","18","18-01","G169599E43956S",771318,749,"2000-04-13T00:00:00",169.59953173220867,-43.956348,59,0.021773923364194,0,0,0,9,"",0,169.59982426426043,-43.95590167601668,1911.6251,1978.6504,1933.1995,1933.4934,26.080675,351.1318054199219,1,"COPDEM30",161
"RGI2000-v7.0-G-18-00970","18","18-01","G169607E43961S",771326,749,"2000-04-13T00:00:00",169.6066825746144,-43.9609655,59,0.012614508554453,0,0,0,9,"",0,169.6060704750127,-43.961993606832095,1530.7288,1700.896,1609.4905,1610.1063,35.35975,186.23388671875,5,"COPDEM30",273
"RGI2000-v7.0-G-18-00971","18","18-01","G169606E43963S",771323,749,"2000-04-13T00:00:00",169.60506683630214,-43.9636365,59,0.026510580733528,0,0,0,9,"",0,169.60548885065253,-43.9648515662259,1403.5662,1508.8978,1437.2393,1442.3854,24.458683,172.55699,5,"COPDEM30",262
"RGI2000-v7.0-G-18-00972","18","18-01","G169611E43960S",771330,749,"2000-04-13T00:00:00",169.61086198631975,-43.960119,59,0.015626185271097,0,0,0,9,"",0,169.6100499859547,-43.9607809137525,1631.3387,1755.0802,1692.0747,1690.931,38.994083,183.2671813964844,5,"COPDEM30",301
"RGI2000-v7.0-G-18-00973","18","18-01","G169619E43960S",771338,749,"2000-04-13T00:00:00",169.61886530982906,-43.9593845,59,0.074719061922519,0,0,0,9,"",0,169.61394635378315,-43.9605137458459,1737.3927,2023.8381,1887.972,1891.1636,36.61759,191.34060668945312,5,"COPDEM30",615
"RGI2000-v7.0-G-18-00974","18","18-01","G169621E43961S",771342,749,"2000-04-13T00:00:00",169.62125866178513,-43.9609725,59,0.061562038358498,0,0,0,9,"",0,169.61868723504318,-43.961088219549545,1791.4355,2094.9902,1900.5647,1903.8438,34.698795,227.02528381347656,6,"COPDEM30",530
"RGI2000-v7.0-G-18-00975","18","18-01","G169626E43958S",771350,749,"2000-04-13T00:00:00",169.62540667033522,-43.957687,59,0.028413806091856,0,0,0,9,"",0,169.62649456263136,-43.9579445045945,2135.8164,2250.0745,2203.56,2203.9062,32.83719,85.31663,3,"COPDEM30",202
"RGI2000-v7.0-G-18-00976","18","18-01","G169627E43959S",771355,749,"2000-04-13T00:00:00",169.62698774925443,-43.9587085,59,0.014718155199827,0,0,0,9,"",0,169.628503188747,-43.958083509957156,2036.6184,2207.8936,2092.814,2103.886,37.332836,86.44168,3,"COPDEM30",265
"RGI2000-v7.0-G-18-00977","18","18-01","G169628E43960S",771358,749,"2000-04-13T00:00:00",169.62802440482227,-43.9604415,59,0.02113013086537,0,0,0,9,"",0,169.6294595815452,-43.960226062349484,2070.267,2190.8235,2121.9863,2126.2688,28.226168,79.0417,3,"COPDEM30",251
"RGI2000-v7.0-G-18-00978","18","18-01","G169628E43963S",771356,749,"2000-04-13T00:00:00",169.62719253588517,-43.96328,59,0.115628296700045,0,0,0,9,"",0,169.6237115010785,-43.96540759748637,1732.4744,2128.5938,1955.944,1948.5436,33.370308,220.41567993164065,6,"COPDEM30",648
"RGI2000-v7.0-G-18-00979","18","18-01","G169630E43966S",771361,749,"2000-04-13T00:00:00",169.62941978924442,-43.9654795,59,0.10378702356052,0,0,0,9,"",0,169.62716926876456,-43.96681036665366,1862.6029,2171.064,2047.277,2035.8549,25.9872,223.5289001464844,6,"COPDEM30",735
"RGI2000-v7.0-G-18-00980","18","18-01","G169635E43962S",771365,749,"2000-04-13T00:00:00",169.63490762948314,-43.962205499999996,59,0.078874931375888,0,0,0,9,"",0,169.63404246180434,-43.96087437085706,1969.9573,2180.944,2097.4348,2097.2798,33.11922,357.90487933158875,1,"COPDEM30",275
"RGI2000-v7.0-G-18-00981","18","18-01","G169633E43960S",771364,749,"2000-04-13T00:00:00",169.63259476996197,-43.959812,59,0.017654889704644,0,0,0,9,"",0,169.63297910771638,-43.95898275757325,1812.2268,1958.775,1904.5013,1895.3639,37.790436,16.01233,1,"COPDEM30",192
"RGI2000-v7.0-G-18-00982","18","18-01","G169639E43961S",771368,749,"2000-04-13T00:00:00",169.63930950684932,-43.9611125,59,0.041054895133777,0,0,0,9,"",0,169.6375093307664,-43.9602057218092,1971.9977,2149.3381,2036.9132,2044.515,38.413162,352.5138716697693,1,"COPDEM30",250
"RGI2000-v7.0-G-18-00983","18","18-01","G169642E43960S",771370,749,"2000-04-13T00:00:00",169.64188709927066,-43.960014,59,0.010121502684073,0,0,0,9,"",0,169.6410686235023,-43.95964187169279,1982.0443,2068.1377,2016.3636,2021.2893,39.35255,342.35796546936035,1,"COPDEM30",168
"RGI2000-v7.0-G-18-00984","18","18-01","G169645E43959S",771371,749,"2000-04-13T00:00:00",169.64489470011677,-43.958807500000006,59,0.02368838337367,0,0,0,9,"",0,169.64340691087466,-43.958383182233696,1957.1107,2078.345,2004.3108,2008.8846,25.079086,300.9458808898926,8,"COPDEM30",271
"RGI2000-v7.0-G-18-00985","18","18-01","G169651E43963S",771377,749,"2000-04-13T00:00:00",169.65164345734922,-43.96243,59,0.469515332773792,0,0,0,9,"",0,169.6543266316144,-43.965994519086806,1590.0062,2130.665,1896.2012,1893.9741,29.132689,146.9813,4,"COPDEM30",950
"RGI2000-v7.0-G-18-00986","18","18-01","G169659E43960S",771378,749,"2000-04-13T00:00:00",169.65765021757232,-43.9598515,59,0.579071402459743,0,0,0,9,"",0,169.66223536341596,-43.96308405243105,1564.1276,2092.8223,1891.6595,1878.3761,31.101067,150.68002,4,"COPDEM30",1019
"RGI2000-v7.0-G-18-00987","18","18-01","G169673E43959S",771385,749,"2000-04-13T00:00:00",169.66980389814978,-43.959126999999995,59,0.353968458302737,0,0,0,9,"",0,169.66759473355845,-43.962626096397116,1539.2025,2038.0895,1772.7615,1762.9005,29.440893,181.56661987304688,5,"COPDEM30",903
"RGI2000-v7.0-G-18-00988","18","18-01","G169677E43958S",771390,749,"2000-04-13T00:00:00",169.67693978198827,-43.9584635,59,0.058669841852552,0,0,0,9,"",0,169.6738004762632,-43.96083933982408,1671.2972,1938.1187,1811.507,1814.0433,33.632893,155.10242,4,"COPDEM30",655
"RGI2000-v7.0-G-18-00989","18","18-01","G169686E43964S",771398,749,"2000-04-13T00:00:00",169.68526409001413,-43.9641685,59,0.011391626974632,0,0,0,9,"",0,169.68438764706642,-43.964436003458765,1415.7202,1496.8024,1448.0994,1449.5525,23.674185,265.03472900390625,7,"COPDEM30",192
"RGI2000-v7.0-G-18-00990","18","18-01","G169693E43961S",771413,749,"2000-04-13T00:00:00",169.6932296791045,-43.961246,59,0.099298604967299,0,0,0,9,"",0,169.69105293438778,-43.96363473462315,1885.785,2249.3855,2115.1294,2098.085,36.127907,245.3820571899414,6,"COPDEM30",631
"RGI2000-v7.0-G-18-00991","18","18-01","G169692E43959S",771408,749,"2000-04-13T00:00:00",169.69167748671757,-43.9586065,59,0.035079766953302,0,0,0,9,"",0,169.68954387042967,-43.959174301407366,1947.9656,2203.347,2094.6035,2078.3174,41.68674,236.1888656616211,6,"COPDEM30",335
"RGI2000-v7.0-G-18-00992","18","18-01","G169695E43957S",771414,749,"2000-04-13T00:00:00",169.69426019413407,-43.9569035,59,0.011494814897432,0,0,0,9,"",0,169.69619164787895,-43.95650972751869,1954.0834,2096.8284,2014.2305,2016.5309,36.604553,25.033403,2,"COPDEM30",279
"RGI2000-v7.0-G-18-00993","18","18-01","G169691E43956S",771405,749,"2000-04-13T00:00:00",169.69106197765885,-43.9555635,59,0.017019869202031,0,0,0,9,"",0,169.690386083157,-43.95531856122132,1883.9866,1993.4214,1932.8633,1934.7086,30.491087,29.56156,2,"COPDEM30",132
"RGI2000-v7.0-G-18-00994","18","18-01","G169698E43961S",771423,749,"2000-04-13T00:00:00",169.6982652139344,-43.96117649999999,59,0.020443734817133,0,0,0,9,"",0,169.69969228526026,-43.9609285295918,2119.9912,2347.6714,2236.0522,2240.9512,45.003395,74.86845,3,"COPDEM30",238
"RGI2000-v7.0-G-18-00995","18","18-01","G169701E43961S",771429,749,"2000-04-13T00:00:00",169.70146380336774,-43.9611725,59,0.041536791094598,0,0,0,9,"",0,169.70277346215468,-43.95917079248363,1837.0604,2176.7656,2002.4485,2001.3401,37.80014,31.356892,2,"COPDEM30",346
"RGI2000-v7.0-G-18-00996","18","18-01","G169694E43965S",771415,749,"2000-04-13T00:00:00",169.69430351145914,-43.964997,59,0.032424706313897,0,0,0,9,"",0,169.69301487578662,-43.9650255423141,1841.2413,2143.1372,1989.936,1990.7238,38.024258,234.5869140625,6,"COPDEM30",303
"RGI2000-v7.0-G-18-00997","18","18-01","G169698E43969S",771420,749,"2000-04-13T00:00:00",169.69681271531906,-43.967786,59,0.169391343371702,0,0,0,9,"",0,169.69614541478205,-43.96898213997821,1916.7429,2349.1587,2061.9983,2094.281,35.483128,235.1249389648437,6,"COPDEM30",806
"RGI2000-v7.0-G-18-00998","18","18-01","G169691E43969S",771406,749,"2000-04-13T00:00:00",169.6910838892989,-43.969119,59,0.015113911478501,0,0,0,9,"",0,169.6904472084796,-43.96976170883108,1658.3041,1714.5876,1685.7041,1684.9398,20.172724,222.2546844482422,6,"COPDEM30",180
"RGI2000-v7.0-G-18-00999","18","18-01","G169696E43975S",771418,749,"2000-04-13T00:00:00",169.69600164962262,-43.9746725,59,0.039397368334735,0,0,0,9,"",0,169.69547134524618,-43.97347982278483,1880.6887,2036.4614,1920.2117,1928.3428,26.470346,317.121337890625,8,"COPDEM30",314
"RGI2000-v7.0-G-18-01000","18","18-01","G169694E43977S",771416,749,"2000-04-13T00:00:00",169.69378797441237,-43.977027500000005,59,0.096622170617704,0,0,0,9,"",0,169.69053408392722,-43.97770350587675,1895.4193,2036.5776,1968.3319,1969.4576,22.145555,297.34231185913086,8,"COPDEM30",338
"RGI2000-v7.0-G-18-01001","18","18-01","G169692E43980S",771409,749,"2000-04-13T00:00:00",169.69213883908117,-43.9801185,59,0.070979135588004,0,0,0,9,"",0,169.69109212948428,-43.98014982747831,1990.12,2142.3696,2066.9985,2061.5107,25.694761,312.0718803405762,8,"COPDEM30",429
"RGI2000-v7.0-G-18-01002","18","18-01","G169692E43983S",771410,749,"2000-04-13T00:00:00",169.69178767130342,-43.9832415,59,0.012020113470686,0,0,0,9,"",0,169.69178468239951,-43.98364552322554,1888.1793,2014.2896,1932.6797,1938.8812,53.92126,180.33120727539065,5,"COPDEM30",101
"RGI2000-v7.0-G-18-01003","18","18-01","G169697E43982S",771421,749,"2000-04-13T00:00:00",169.69715484081814,-43.981758,59,0.050753287964316,0,0,0,9,"",0,169.69485797944134,-43.98287722362646,1990.2805,2175.0127,2075.249,2077.6836,43.52542,170.1033,5,"COPDEM30",407
"RGI2000-v7.0-G-18-01004","18","18-01","G169701E43978S",771426,749,"2000-04-13T00:00:00",169.69967148898678,-43.977487999999994,59,0.064016769502693,0,0,0,9,"",0,169.7021625884848,-43.97867277785327,1882.5188,2152.632,2032.2671,2032.0455,36.047596,107.29051,3,"COPDEM30",362
"RGI2000-v7.0-G-18-01005","18","18-01","G169706E43986S",771435,749,"2000-04-13T00:00:00",169.70633516323466,-43.9856525,59,0.010743375010314,0,0,0,9,"",0,169.70697608329328,-43.985333615688056,1859.5219,1912.2616,1888.4148,1889.7052,31.002277,91.59551,3,"COPDEM30",114
"RGI2000-v7.0-G-18-01006","18","18-01","G169705E43987S",771431,749,"2000-04-13T00:00:00",169.70366204436334,-43.986748500000004,59,0.011803368205309,0,0,0,9,"",0,169.70428122117877,-43.9876668814919,2008.4984,2075.0789,2045.7885,2046.8721,40.24265,84.66644,3,"COPDEM30",97
"RGI2000-v7.0-G-18-01007","18","18-01","G169684E43983S",771393,749,"2000-04-13T00:00:00",169.68121499264706,-43.983618,59,0.03430437006919,0,0,0,9,"",0,169.68140347161847,-43.98406928176581,1809.0525,2015.99,1930.115,1917.8375,37.620533,170.13351,5,"COPDEM30",358
"RGI2000-v7.0-G-18-01008","18","18-01","G169704E43967S",771434,749,"2000-04-13T00:00:00",169.70560367685937,-43.968149999999994,59,0.574213958592785,0,0,0,9,"",0,169.70898322846242,-43.96825738564799,1698.8516,2136.7925,1964.7156,1955.3236,31.118805,114.90843,4,"COPDEM30",913
"RGI2000-v7.0-G-18-01009","18","18-01","G169725E43949S",771459,749,"2000-04-13T00:00:00",169.72411852076556,-43.948941500000004,59,0.136984695877093,0,0,0,9,"",0,169.7242938837296,-43.95159977247624,1852.6622,2136.3967,2014.2333,2012.1566,30.479908,188.4431915283203,5,"COPDEM30",547
"RGI2000-v7.0-G-18-01010","18","18-01","G169732E43949S",771462,749,"2000-04-13T00:00:00",169.73135383354952,-43.9495035,59,0.379488891469459,0,0,0,9,"",0,169.73383284612495,-43.95201552055442,1744.6796,2096.6975,1927.4243,1933.042,28.719223,149.81468,4,"COPDEM30",704
"RGI2000-v7.0-G-18-01011","18","18-01","G169751E43939S",771469,749,"2000-04-13T00:00:00",169.75051631438515,-43.939003,59,0.269719365976306,0,0,0,9,"",0,169.75364383035938,-43.94197273103482,1414.0192,1831.0353,1535.7059,1550.8958,24.65584,153.93538,4,"COPDEM30",862
"RGI2000-v7.0-G-18-01012","18","18-01","G169747E43935S",771467,749,"2000-04-13T00:00:00",169.74558764285715,-43.9352675,59,0.150089778651425,0,0,0,9,"",0,169.74727277705563,-43.93652981222929,1729.3236,2081.4617,1881.6626,1886.8176,36.697186,166.589,5,"COPDEM30",522
"RGI2000-v7.0-G-18-01013","18","18-01","G169743E43930S",771466,749,"2000-04-13T00:00:00",169.74345145429655,-43.930223999999995,59,0.015535045210713,0,0,0,9,"",0,169.7429587341753,-43.930774708959234,2057.3184,2185.907,2127.4062,2126.1877,46.032837,296.29774475097656,8,"COPDEM30",98
"RGI2000-v7.0-G-18-01014","18","18-01","G169755E43932S",771474,749,"2000-04-13T00:00:00",169.7546849937744,-43.932356,59,0.025626353626267,0,0,0,9,"",0,169.75477340837438,-43.931942059164186,2025.0359,2140.8623,2085.0146,2083.0269,33.237133,343.8199005126953,1,"COPDEM30",223
"RGI2000-v7.0-G-18-01015","18","18-01","G169760E43930S",771487,749,"2000-04-13T00:00:00",169.76212348564502,-43.931002500000005,59,0.037509926374117,0,0,0,9,"",0,169.76222292768307,-43.932276149698204,1770.981,2001.2986,1858.4121,1867.9779,37.381756,86.59433,3,"COPDEM30",446
"RGI2000-v7.0-G-18-01016","18","18-01","G169767E43934S",771499,749,"2000-04-13T00:00:00",169.76835311374134,-43.93409,59,0.01623462859931,0,0,0,9,"",0,169.7690454388858,-43.933723480240126,1459.2854,1559.2954,1492.125,1495.9614,29.697016,63.539608,2,"COPDEM30",177
"RGI2000-v7.0-G-18-01017","18","18-01","G169764E43937S",771491,749,"2000-04-13T00:00:00",169.76399134132424,-43.937211500000004,59,0.013887112416691,0,0,0,9,"",0,169.76454919592328,-43.93685023878585,1921.4489,2028.7238,1980.6753,1978.8303,42.015305,50.841377,2,"COPDEM30",128
"RGI2000-v7.0-G-18-01018","18","18-01","G169759E43939S",771482,749,"2000-04-13T00:00:00",169.7600785714953,-43.9384495,59,0.013541405569027,0,0,0,9,"",0,169.75873158707628,-43.93855747814188,1747.2817,1912.2228,1821.4406,1826.4526,43.11564,204.5011138916016,6,"COPDEM30",206
"RGI2000-v7.0-G-18-01019","18","18-01","G169757E43944S",771477,749,"2000-04-13T00:00:00",169.75657534429655,-43.9441525,59,0.023753664221314,0,0,0,9,"",0,169.75678588510024,-43.945094561886364,1137.4312,1255.5875,1174.8707,1179.472,28.78388,185.21112060546875,5,"COPDEM30",270
"RGI2000-v7.0-G-18-01020","18","18-01","G169765E43944S",771493,749,"2000-04-13T00:00:00",169.76496632393145,-43.944155,59,0.012758145047757,0,0,0,9,"",0,169.7650197115273,-43.94520400000025,1376.2273,1523.3967,1393.8307,1415.1002,28.196495,188.87173461914065,5,"COPDEM30",233
"RGI2000-v7.0-G-18-01021","18","18-01","G169771E43938S",771508,749,"2000-04-13T00:00:00",169.77187411977187,-43.9377485,59,0.015841042353448,0,0,0,9,"",0,169.77256209514536,-43.937454820617155,1497.3002,1633.7694,1527.7532,1535.5829,35.940037,46.5303,2,"COPDEM30",183
"RGI2000-v7.0-G-18-01022","18","18-01","G169778E43947S",771515,749,"2000-04-13T00:00:00",169.77892092213887,-43.947936,59,0.071568926267546,0,0,0,9,"",0,169.77827330636177,-43.949816344622214,1763.4083,2041.1615,1856.312,1861.4792,35.73717,233.75814056396484,6,"COPDEM30",183
"RGI2000-v7.0-G-18-01023","18","18-01","G169782E43952S",771521,749,"2000-04-13T00:00:00",169.78201300765895,-43.9521275,59,0.07339033191393,0,0,0,9,"",0,169.78051644098105,-43.953553263466986,1770.0,2067.7827,1864.1086,1874.1669,41.599827,254.8056488037109,7,"COPDEM30",431
"RGI2000-v7.0-G-18-01024","18","18-01","G169781E43955S",771519,749,"2000-04-13T00:00:00",169.78084768719822,-43.955177,59,0.031372877065798,0,0,0,9,"",0,169.77901609480557,-43.954097374088306,1746.1428,1860.3147,1810.4996,1807.6213,25.214567,301.8984031677246,8,"COPDEM30",317
"RGI2000-v7.0-G-18-01025","18","18-01","G169784E43955S",771525,749,"2000-04-13T00:00:00",169.7844420906039,-43.9550705,59,0.025537640122477,0,0,0,9,"",0,169.78274509224119,-43.95544464986164,1908.9916,2117.273,2001.4725,2004.2119,44.81244,270.55377197265625,7,"COPDEM30",218
"RGI2000-v7.0-G-18-01026","18","18-01","G169791E43949S",771537,749,"2000-04-13T00:00:00",169.79118475,-43.948713,59,0.017738752063207,0,0,0,9,"",0,169.79250690598838,-43.949240792732894,1391.0627,1496.8104,1430.9414,1434.7681,32.56756,68.09758,3,"COPDEM30",156
"RGI2000-v7.0-G-18-01027","18","18-01","G169792E43948S",771540,749,"2000-04-13T00:00:00",169.7928983630137,-43.94665,59,0.029540684699979,0,0,0,9,"",0,169.79497417649637,-43.94661580175686,1357.8015,1482.605,1393.2172,1398.6658,25.719242,127.28023,4,"COPDEM30",355
"RGI2000-v7.0-G-18-01028","18","18-01","G169796E43952S",771552,749,"2000-04-13T00:00:00",169.79581493066456,-43.952086,59,0.017661396637436,0,0,0,9,"",0,169.79726889621995,-43.95130050651805,1297.8975,1440.2479,1353.1157,1357.8829,32.308456,36.33684,2,"COPDEM30",239
"RGI2000-v7.0-G-18-01029","18","18-01","G169795E43961S",771542,749,"2000-04-13T00:00:00",169.79428092520726,-43.961188,59,0.02231951125337,0,0,0,9,"",0,169.793954223198,-43.9625926546837,1691.2582,1953.4377,1858.5791,1839.9834,43.40624,179.88983,5,"COPDEM30",325
"RGI2000-v7.0-G-18-01030","18","18-01","G169794E43938S",771548,749,"2000-04-13T00:00:00",169.794820416891,-43.9401805,59,0.023463700205836,0,0,0,9,"",0,169.79342727813153,-43.9412766735862,1847.3685,1926.8351,1892.1245,1890.5038,18.327627,245.3565139770508,6,"COPDEM30",290
"RGI2000-v7.0-G-18-01031","18","18-01","G169796E43939S",771551,749,"2000-04-13T00:00:00",169.79647731154563,-43.9392065,59,0.010850575546666,0,0,0,9,"",0,169.79649981981024,-43.939412564908196,1937.2865,2016.0668,1966.31,1971.1472,35.724373,237.2754135131836,6,"COPDEM30",82
"RGI2000-v7.0-G-18-01032","18","18-01","G169798E43938S",771559,749,"2000-04-13T00:00:00",169.79779203748097,-43.9375675,59,0.012168779984831,0,0,0,9,"",0,169.8002199083558,-43.938154345588025,1922.0677,2062.8538,2035.1858,2017.4581,30.80927,76.7597,3,"COPDEM30",305
"RGI2000-v7.0-G-18-01033","18","18-01","G169795E43937S",771547,749,"2000-04-13T00:00:00",169.7951332858611,-43.9367825,59,0.020108234360918,0,0,0,9,"",0,169.79427669540578,-43.937776845762805,1941.7896,2048.4185,2000.8799,2001.0737,32.159893,226.0912933349609,6,"COPDEM30",286
"RGI2000-v7.0-G-18-01034","18","18-01","G169799E43933S",771558,749,"2000-04-13T00:00:00",169.79795089851578,-43.933673999999996,59,0.013378631239121,0,0,0,9,"",0,169.79866430777642,-43.933225968174696,1908.2181,2009.2969,1954.6321,1952.9011,40.52582,85.04951,3,"COPDEM30",183
"RGI2000-v7.0-G-18-01035","18","18-01","G169796E43931S",771550,749,"2000-04-13T00:00:00",169.79588643266885,-43.930809499999995,59,0.05545094722562,0,0,0,9,"",0,169.7938005457939,-43.93027546415702,1913.3528,2043.3805,1955.275,1962.2609,25.636927,274.4889373779297,7,"COPDEM30",295
"RGI2000-v7.0-G-18-01036","18","18-01","G169798E43928S",771557,749,"2000-04-13T00:00:00",169.79780454310344,-43.927768,59,0.02123760869324,0,0,0,9,"",0,169.79780212572516,-43.92713715619096,1995.8682,2086.0159,2049.0515,2044.2047,27.369755,48.40579,2,"COPDEM30",208
"RGI2000-v7.0-G-18-01037","18","18-01","G169783E43906S",771524,749,"2000-04-13T00:00:00",169.78291340740742,-43.905561500000005,59,0.057508874420558,0,0,0,9,"",0,169.78668251574376,-43.90702052072515,1100.9745,1476.2456,1211.693,1228.2601,24.22384,135.59319,4,"COPDEM30",695
"RGI2000-v7.0-G-18-01038","18","18-01","G169786E43898S",771528,749,"2000-04-13T00:00:00",169.78505116478908,-43.897764499999994,59,0.887355161996089,0,0,0,9,"",0,169.79200054865217,-43.90106002012546,1641.5787,2204.0647,1911.9026,1910.6951,34.48481,166.67133,5,"COPDEM30",843
"RGI2000-v7.0-G-18-01039","18","18-01","G169791E43889S",771533,749,"2000-04-13T00:00:00",169.78873118562683,-43.891549999999995,59,0.254125605930176,0,0,0,9,"",0,169.78933799098698,-43.888985278004526,1993.2334,2270.541,2096.0195,2100.3655,30.938566,324.85912322998047,8,"COPDEM30",740
"RGI2000-v7.0-G-18-01040","18","18-01","G169794E43894S",771541,749,"2000-04-13T00:00:00",169.79425874999998,-43.894062,59,0.026052324238439,0,0,0,9,"",0,169.7946677334156,-43.8949667257864,2108.3477,2256.0657,2177.5269,2179.8958,41.556458,165.53378,5,"COPDEM30",194
"RGI2000-v7.0-G-18-01041","18","18-01","G169795E43896S",771546,749,"2000-04-13T00:00:00",169.7953951446998,-43.8963295,59,0.01169799282481,0,0,0,9,"",0,169.79500860399276,-43.89707652655875,1833.5483,2038.6781,1922.7178,1930.3436,45.12267,180.14321899414062,5,"COPDEM30",220
"RGI2000-v7.0-G-18-01042","18","18-01","G169799E43891S",771556,749,"2000-04-13T00:00:00",169.79769749380145,-43.892837,59,0.240847190596017,0,0,0,9,"",0,169.79910769537443,-43.89562903381144,1827.2468,2289.3623,2099.4778,2093.6052,38.518543,119.515366,4,"COPDEM30",661
"RGI2000-v7.0-G-18-01043","18","18-01","G169800E43888S",771563,749,"2000-04-13T00:00:00",169.7995476248711,-43.888119,59,0.165433146213177,0,0,0,9,"",0,169.80279005667975,-43.89110273708875,1818.5273,2141.4878,1942.3729,1952.5822,41.536892,92.89696,3,"COPDEM30",629
"RGI2000-v7.0-G-18-01044","18","18-01","G169795E43886S",771545,749,"2000-04-13T00:00:00",169.7952231458954,-43.886104,59,0.142467483829365,0,0,0,9,"",0,169.7922540935262,-43.88635435504015,1956.4851,2218.4028,2082.7542,2083.433,33.534115,273.6456069946289,7,"COPDEM30",462
"RGI2000-v7.0-G-18-01045","18","18-01","G169797E43884S",771553,749,"2000-04-13T00:00:00",169.79674926193243,-43.884217,59,0.010959673583861,0,0,0,9,"",0,169.79598558654428,-43.88393535615316,2210.2434,2237.9658,2226.3938,2226.7346,15.329961,3.7919316,1,"COPDEM30",132
"RGI2000-v7.0-G-18-01046","18","18-01","G169795E43882S",771544,749,"2000-04-13T00:00:00",169.79545300196077,-43.882028000000005,59,0.031349831850683,0,0,0,9,"",0,169.79380940604148,-43.88107402717254,2021.8903,2173.4543,2102.4558,2097.1038,28.44977,337.4089984893799,8,"COPDEM30",323
"RGI2000-v7.0-G-18-01047","18","18-01","G169796E43881S",771549,749,"2000-04-13T00:00:00",169.79649479283654,-43.880832,59,0.010075662115846,0,0,0,9,"",0,169.7957599958853,-43.880300196331476,2003.2601,2088.4573,2023.1243,2029.5245,32.84246,342.4999713897705,1,"COPDEM30",145
"RGI2000-v7.0-G-18-01048","18","18-01","G169792E43882S",771539,749,"2000-04-13T00:00:00",169.79233117810458,-43.8820025,59,0.016924485765567,0,0,0,9,"",0,169.7913790513818,-43.88194725038114,1950.92,2037.2361,1999.4812,1997.5483,30.570782,257.7891387939453,7,"COPDEM30",193
"RGI2000-v7.0-G-18-01049","18","18-01","G169790E43882S",771536,749,"2000-04-13T00:00:00",169.7902116921088,-43.881172500000005,59,0.01012876137687,0,0,0,9,"",0,169.78964544671348,-43.88147755354797,1891.6812,1929.0494,1913.3112,1911.7856,17.59164,196.4237060546875,5,"COPDEM30",108
"RGI2000-v7.0-G-18-01050","18","18-01","G169788E43885S",771531,749,"2000-04-13T00:00:00",169.78754896534656,-43.884432000000004,59,0.025090556288793,0,0,0,9,"",0,169.78597934132205,-43.88396293516642,1643.0107,1705.4427,1660.8088,1665.623,20.062786,287.28257751464844,7,"COPDEM30",243
"RGI2000-v7.0-G-18-01051","18","18-01","G169810E43883S",771571,749,"2000-04-13T00:00:00",169.81104322934505,-43.884719000000004,59,0.065772027365144,0,0,0,9,"",0,169.81349667764596,-43.88950766771775,1123.7876,1694.0559,1312.009,1366.7001,26.337706,143.35364,4,"COPDEM30",1185
"RGI2000-v7.0-G-18-01052","18","18-01","G169811E43877S",771575,749,"2000-04-13T00:00:00",169.8138594093475,-43.8769195,59,0.136572027005299,0,0,0,9,"",0,169.81567398216805,-43.87880366883644,1514.0382,1942.2845,1751.1702,1743.7933,34.406578,153.43599,4,"COPDEM30",819
"RGI2000-v7.0-G-18-01053","18","18-01","G169819E43874S",771578,749,"2000-04-13T00:00:00",169.81758174596774,-43.8737445,59,0.076030569999865,0,0,0,9,"",0,169.81541936782304,-43.87536526208001,1811.4259,2096.1255,1996.038,1992.1187,44.21368,173.18216,5,"COPDEM30",681
"RGI2000-v7.0-G-18-01054","18","18-01","G169811E43872S",771572,749,"2000-04-13T00:00:00",169.81224085096153,-43.872114499999995,59,0.018532272310965,0,0,0,9,"",0,169.81069482255788,-43.87198536706742,1994.4965,2126.0774,2055.4458,2057.01,28.532194,267.6540069580078,7,"COPDEM30",227
"RGI2000-v7.0-G-18-01055","18","18-01","G169819E43868S",771580,749,"2000-04-13T00:00:00",169.81969538217038,-43.868314999999996,59,0.074158563006684,0,0,0,9,"",0,169.8172650971526,-43.868462258662454,1799.4734,1955.1663,1882.6266,1878.2009,22.886274,246.5464096069336,6,"COPDEM30",426
"RGI2000-v7.0-G-18-01056","18","18-01","G169823E43866S",771583,749,"2000-04-13T00:00:00",169.82263313529413,-43.8661725,59,0.010509533178259,0,0,0,9,"",0,169.82246066162716,-43.86663370590614,2068.305,2144.6055,2105.778,2105.6514,39.45976,216.2431182861328,6,"COPDEM30",98
"RGI2000-v7.0-G-18-01057","18","18-01","G169819E43865S",771579,749,"2000-04-13T00:00:00",169.81906642324537,-43.8652545,59,0.03873804778237,0,0,0,9,"",0,169.81757380875715,-43.86582978891301,2005.9547,2116.281,2069.552,2068.482,32.918148,197.91998291015625,5,"COPDEM30",233
"RGI2000-v7.0-G-18-01058","18","18-01","G169826E43864S",771586,749,"2000-04-13T00:00:00",169.82634001340998,-43.863691,59,0.220027632505153,0,0,0,9,"",0,169.82153326875962,-43.86249232879975,2047.1318,2482.9497,2258.7285,2258.074,30.214293,274.76551055908203,7,"COPDEM30",941
"RGI2000-v7.0-G-18-01059","18","18-01","G169826E43868S",771589,749,"2000-04-13T00:00:00",169.82951723630137,-43.869282,59,0.197707434977828,0,0,0,9,"",0,169.8243751897852,-43.867738889826505,2091.8357,2367.2676,2237.606,2234.4194,28.873627,243.13568878173828,6,"COPDEM30",719
"RGI2000-v7.0-G-18-01060","18","18-01","G169833E43867S",771592,749,"2000-04-13T00:00:00",169.83321372115384,-43.8673285,59,0.02833584414313,0,0,0,9,"",0,169.83213399790878,-43.86804280577148,2388.9902,2538.5093,2490.671,2484.3882,36.32778,206.2813873291016,6,"COPDEM30",247
"RGI2000-v7.0-G-18-01061","18","18-01","G169835E43863S",771593,749,"2000-04-13T00:00:00",169.83725251979067,-43.862711,59,0.189769944937317,0,0,0,9,"",0,169.83746755037726,-43.86043797464948,2173.64,2499.5334,2329.2397,2327.2585,33.17329,345.6115827560425,1,"COPDEM30",694
"RGI2000-v7.0-G-18-01062","18","18-01","G169832E43858S",771591,749,"2000-04-13T00:00:00",169.83338587150126,-43.857920500000006,59,0.011165193750692,0,0,0,9,"",0,169.83195444087966,-43.85821407072231,1820.2804,1921.8323,1876.1201,1878.2567,46.457165,298.7660446166992,8,"COPDEM30",115
"RGI2000-v7.0-G-18-01063","18","18-01","G169842E43858S",771601,749,"2000-04-13T00:00:00",169.84224889655172,-43.8576565,59,0.491702255917515,0,0,0,9,"",0,169.84740474460423,-43.85877223767811,1896.6053,2292.9333,2096.0952,2096.5408,30.792345,85.8839,3,"COPDEM30",842
"RGI2000-v7.0-G-18-01064","18","18-01","G169836E43852S",771595,749,"2000-04-13T00:00:00",169.83894423707306,-43.85125,59,0.082079710452941,0,0,0,9,"",0,169.83612471796482,-43.850998796178374,2044.8339,2248.4949,2126.9453,2127.2158,35.802814,330.27281951904297,8,"COPDEM30",286
"RGI2000-v7.0-G-18-01065","18","18-01","G169842E43848S",771600,749,"2000-04-13T00:00:00",169.84180973351152,-43.8479465,59,0.039376970417795,0,0,0,9,"",0,169.8405482171482,-43.846998682639594,2089.312,2312.011,2205.0269,2201.4172,41.689445,239.96517181396484,6,"COPDEM30",261
"RGI2000-v7.0-G-18-01066","18","18-01","G169841E43846S",771597,749,"2000-04-13T00:00:00",169.84091853034164,-43.8460065,59,0.016509023426023,0,0,0,9,"",0,169.8395581954416,-43.84610212911816,2162.9082,2288.088,2234.806,2232.554,33.536335,285.8127670288086,7,"COPDEM30",234
"RGI2000-v7.0-G-18-01067","18","18-01","G169848E43841S",771603,749,"2000-04-13T00:00:00",169.8426954028777,-43.8402385,59,0.030219382463029,0,0,0,9,"",0,169.84076561089879,-43.83941925212307,1663.1241,1801.9691,1724.7194,1722.871,25.579317,279.85570526123047,7,"COPDEM30",367
"RGI2000-v7.0-G-18-01068","18","18-01","G169842E43836S",771599,749,"2000-04-13T00:00:00",169.8419648742463,-43.8363675,59,0.010247192777889,0,0,0,9,"",0,169.84127522299423,-43.83651003862732,1899.7037,2007.4274,1943.5826,1947.9421,33.983658,233.72762298583984,6,"COPDEM30",186
"RGI2000-v7.0-G-18-01069","18","18-01","G169843E43835S",771609,749,"2000-04-13T00:00:00",169.84668737104613,-43.8354595,59,0.026934804653845,0,0,0,9,"",0,169.84648037820384,-43.83434739235418,2046.86,2160.1665,2097.7432,2103.8108,20.949411,318.9998664855957,8,"COPDEM30",329
"RGI2000-v7.0-G-18-01070","18","18-01","G169850E43838S",771614,749,"2000-04-13T00:00:00",169.84954133445945,-43.838229,59,0.013648947236427,0,0,0,9,"",0,169.84818197091084,-43.83842628425185,2066.5037,2266.0618,2162.0942,2170.4866,47.997646,218.16632080078125,6,"COPDEM30",214
"RGI2000-v7.0-G-18-01071","18","18-01","G169857E43835S",771622,749,"2000-04-13T00:00:00",169.85389650621548,-43.837177499999996,59,0.102827589705979,0,0,0,9,"",0,169.85167791247454,-43.83621555451544,2082.3757,2308.5825,2164.5974,2173.2578,36.55207,0.8456064,1,"COPDEM30",385
"RGI2000-v7.0-G-18-01072","18","18-01","G169856E43841S",771625,749,"2000-04-13T00:00:00",169.85627886865342,-43.840739,59,0.096187401891161,0,0,0,9,"",0,169.85927733946167,-43.842489990330705,2075.5276,2395.508,2296.793,2280.6812,37.28088,109.33196,3,"COPDEM30",480
"RGI2000-v7.0-G-18-01073","18","18-01","G169849E43844S",771619,749,"2000-04-13T00:00:00",169.85288802910122,-43.842468,59,0.036118124554411,0,0,0,9,"",0,169.85105695075447,-43.842471908528516,2117.8887,2367.8335,2212.5469,2217.3167,41.78511,272.46471405029297,7,"COPDEM30",431
"RGI2000-v7.0-G-18-01074","18","18-01","G169854E43847S",771618,749,"2000-04-13T00:00:00",169.85224495994623,-43.8484055,59,0.725053806257045,0,0,0,9,"",0,169.85408726115207,-43.8522345419829,1761.2424,2316.9155,2007.6665,2006.1187,36.048344,134.40366,4,"COPDEM30",1130
"RGI2000-v7.0-G-18-01075","18","18-01","G169850E43856S",771620,749,"2000-04-13T00:00:00",169.85282407727271,-43.855374,59,0.014061272611768,0,0,0,9,"",0,169.85379711349492,-43.855947977059735,1498.8949,1630.8273,1557.4493,1559.7108,36.57369,154.41731,4,"COPDEM30",235
"RGI2000-v7.0-G-18-01076","18","18-01","G169845E43866S",771607,749,"2000-04-13T00:00:00",169.8448343923414,-43.866882,59,0.624430422761132,0,0,0,9,"",0,169.8496028263608,-43.86936986277257,1868.5696,2392.8167,2093.379,2101.3025,32.94143,84.90039,3,"COPDEM30",1276
"RGI2000-v7.0-G-18-01077","18","18-01","G169840E43872S",771602,749,"2000-04-13T00:00:00",169.84243806295228,-43.871804,59,0.471985536741338,0,0,0,9,"",0,169.83879754254215,-43.87484715156198,1752.902,2283.9778,2052.6255,2040.8699,36.026157,190.44338989257807,5,"COPDEM30",1121
"RGI2000-v7.0-G-18-01078","18","18-01","G169844E43876S",771605,749,"2000-04-13T00:00:00",169.8436776141035,-43.8760525,59,0.01462086394826,0,0,0,9,"",0,169.8434066567922,-43.876471953678326,1829.5021,1984.7389,1895.4913,1894.7006,38.64009,240.50775909423828,6,"COPDEM30",193
"RGI2000-v7.0-G-18-01079","18","18-01","G169847E43884S",771608,749,"2000-04-13T00:00:00",169.84455925791013,-43.8817325,59,0.01025053182874,0,0,0,9,"",0,169.84356873820278,-43.881368891846094,1801.7665,1908.2292,1873.8832,1868.6891,28.517197,246.5465850830078,6,"COPDEM30",271
"RGI2000-v7.0-G-18-01080","18","18-01","G169832E43880S",771590,749,"2000-04-13T00:00:00",169.8316583272682,-43.879388000000006,59,0.175868632938751,0,0,0,9,"",0,169.83081947802864,-43.88121194576561,1275.466,1542.3973,1340.8932,1346.6038,23.137161,174.66582,5,"COPDEM30",606
"RGI2000-v7.0-G-18-01081","18","18-01","G169829E43873S",771588,749,"2000-04-13T00:00:00",169.82883461468663,-43.873416,59,0.010529115950657,0,0,0,9,"",0,169.82917552379163,-43.87437363700125,1842.6897,2055.5842,1980.0638,1969.1871,45.108242,162.34521,5,"COPDEM30",229
"RGI2000-v7.0-G-18-01082","18","18-01","G169825E43874S",771584,749,"2000-04-13T00:00:00",169.82428246679257,-43.8743115,59,0.017935700846906,0,0,0,9,"",0,169.82410464169294,-43.87451615410189,1746.7266,2053.3164,1908.1616,1901.4325,43.740356,180.53875732421875,5,"COPDEM30",199
"RGI2000-v7.0-G-18-01083","18","18-01","G169837E43892S",771594,749,"2000-04-13T00:00:00",169.837155596122,-43.8913015,59,0.154498520731571,0,0,0,9,"",0,169.84133463328965,-43.89137481296344,1789.0765,2023.4043,1943.6897,1935.7705,31.017277,140.9848,4,"COPDEM30",587
"RGI2000-v7.0-G-18-01084","18","18-01","G169801E43900S",771566,749,"2000-04-13T00:00:00",169.8007618372093,-43.9002995,59,0.010898241721867,0,0,0,9,"",0,169.8001569728205,-43.90093452506277,1372.882,1471.5696,1433.8026,1429.3838,34.78901,180.8821563720703,5,"COPDEM30",192
"RGI2000-v7.0-G-18-01085","18","18-01","G169800E43903S",771564,749,"2000-04-13T00:00:00",169.79962946411672,-43.9027895,59,0.025588685828502,0,0,0,9,"",0,169.80026829668128,-43.90443043348805,1169.558,1356.5282,1268.0596,1264.4895,29.560013,159.35893,5,"COPDEM30",376
"RGI2000-v7.0-G-18-01086","18","18-01","G169773E43903S",771507,749,"2000-04-13T00:00:00",169.7720562935239,-43.9028835,59,0.0678930158164,0,0,0,9,"",0,169.77437905988586,-43.903401407505555,1759.6472,2034.9843,1907.0536,1901.1597,35.162174,129.1898,4,"COPDEM30",405
"RGI2000-v7.0-G-18-01087","18","18-01","G169769E43902S",771498,749,"2000-04-13T00:00:00",169.76825398780488,-43.901962499999996,59,0.012465943978576,0,0,0,9,"",0,169.76777746944032,-43.90247624698756,1897.8729,2015.5925,1932.203,1938.9567,28.274868,227.11062622070312,6,"COPDEM30",200
"RGI2000-v7.0-G-18-01088","18","18-01","G169761E43908S",771485,749,"2000-04-13T00:00:00",169.76165375094078,-43.908092499999995,59,0.03408359800932,0,0,0,9,"",0,169.76077431105753,-43.908587170006605,1938.9305,2066.9185,1983.4669,1990.2643,26.987978,224.33937072753903,6,"COPDEM30",270
"RGI2000-v7.0-G-18-01089","18","18-01","G169760E43911S",771480,749,"2000-04-13T00:00:00",169.76044664274298,-43.910556,59,0.028948403559772,0,0,0,9,"",0,169.75899200815132,-43.9107300522301,1967.1167,2020.3397,1988.6085,1990.5028,17.08023,250.8475799560547,7,"COPDEM30",239
"RGI2000-v7.0-G-18-01090","18","18-01","G169759E43914S",771478,749,"2000-04-13T00:00:00",169.75914039088397,-43.912487,59,0.046297825973476,0,0,0,9,"",0,169.75824739581998,-43.91243727824526,1883.319,1979.4016,1898.0331,1911.118,18.079763,234.65750885009768,6,"COPDEM30",252
"RGI2000-v7.0-G-18-01091","18","18-01","G169761E43913S",771483,749,"2000-04-13T00:00:00",169.7611242322485,-43.913486,59,0.011055616566383,0,0,0,9,"",0,169.76037010448619,-43.91328053674736,1921.885,2009.8494,1950.3269,1955.3104,36.919888,258.2130355834961,7,"COPDEM30",116
"RGI2000-v7.0-G-18-01092","18","18-01","G169764E43916S",771490,749,"2000-04-13T00:00:00",169.76412988553113,-43.915805,59,0.013701615290431,0,0,0,9,"",0,169.76435790311183,-43.915857773762404,1847.7026,2020.1329,1925.5591,1930.8162,38.209164,96.62658,3,"COPDEM30",185
"RGI2000-v7.0-G-18-01093","18","18-01","G169758E43919S",771481,749,"2000-04-13T00:00:00",169.75999086637,-43.9188135,59,0.054109286650201,0,0,0,9,"",0,169.75734587425558,-43.918403869537514,2063.0425,2186.4246,2130.744,2126.5684,25.385147,316.2037887573242,8,"COPDEM30",287
"RGI2000-v7.0-G-18-01094","18","18-01","G169764E43922S",771486,749,"2000-04-13T00:00:00",169.76190505283955,-43.922248999999994,59,0.275668835479445,0,0,0,9,"",0,169.76505629726154,-43.92286697539626,1857.7169,2226.6328,1994.9004,2006.8522,33.88477,113.49034,4,"COPDEM30",600
"RGI2000-v7.0-G-18-01095","18","18-01","G169769E43910S",771505,749,"2000-04-13T00:00:00",169.7703274142512,-43.9126485,59,0.015823467337765,0,0,0,9,"",0,169.7747591721282,-43.914453247560594,1352.2959,1715.993,1554.4929,1539.671,31.550709,134.70293,4,"COPDEM30",584
"RGI2000-v7.0-G-18-01096","18","18-01","G169767E43971S",771500,749,"2000-04-13T00:00:00",169.7677496715757,-43.9718395,59,0.011672446924445,0,0,0,9,"",0,169.76710890059897,-43.97163998663895,1837.7155,1851.0758,1841.2306,1842.0731,11.344849,314.56639862060547,8,"COPDEM30",135
"RGI2000-v7.0-G-18-01097","18","18-01","G169771E43979S",771503,749,"2000-04-13T00:00:00",169.76908949615384,-43.981284,59,0.011460894475241,0,0,0,9,"",0,169.76961525968906,-43.98161959400332,1997.0273,2118.8787,2056.2507,2058.0364,41.851112,95.801285,3,"COPDEM30",118
"RGI2000-v7.0-G-18-01098","18","18-01","G169764E43981S",771494,749,"2000-04-13T00:00:00",169.764725,-43.981301,59,0.034095849633304,0,0,0,9,"",0,169.76407399282644,-43.9798707516088,2014.4117,2138.9556,2062.9143,2068.0205,26.303614,299.3269271850586,8,"COPDEM30",363
"RGI2000-v7.0-G-18-01099","18","18-01","G169768E43986S",771501,749,"2000-04-13T00:00:00",169.76756794612476,-43.9858415,59,0.027205921855673,0,0,0,9,"",0,169.76744986282495,-43.987005187776155,1879.2167,2057.473,1990.1532,1982.8148,38.889343,157.44936,4,"COPDEM30",322
"RGI2000-v7.0-G-18-01100","18","18-01","G169765E43988S",771495,749,"2000-04-13T00:00:00",169.76474219276093,-43.988085,59,0.034897223887477,0,0,0,9,"",0,169.76234075937074,-43.98915718919372,1825.0278,1986.2565,1880.285,1886.5902,36.821354,166.44516,5,"COPDEM30",405
"RGI2000-v7.0-G-18-01101","18","18-01","G169765E43987S",771488,749,"2000-04-13T00:00:00",169.76251922282307,-43.9862955,59,0.209124897792571,0,0,0,9,"",0,169.76179960758134,-43.988779500295855,1851.0039,2219.395,2032.9012,2029.2177,35.801,171.7492,5,"COPDEM30",651
"RGI2000-v7.0-G-18-01102","18","18-01","G169771E43988S",771506,749,"2000-04-13T00:00:00",169.77134403888417,-43.987714499999996,59,0.033031567734519,0,0,0,9,"",0,169.77064306825582,-43.989226604885516,1652.9742,1889.5793,1709.9965,1723.534,32.59862,161.29265,5,"COPDEM30",346
"RGI2000-v7.0-G-18-01103","18","18-01","G169772E43985S",771509,749,"2000-04-13T00:00:00",169.77222643543388,-43.98478,59,0.012323094277834,0,0,0,9,"",0,169.7729324763687,-43.98418293514529,1813.0374,1881.4246,1840.876,1841.0748,37.97316,96.52789,3,"COPDEM30",133
"RGI2000-v7.0-G-18-01104","18","18-01","G169754E43986S",771471,749,"2000-04-13T00:00:00",169.7531939855806,-43.985080499999995,59,0.01762725284117,0,0,0,9,"",0,169.75104280973736,-43.984631438630444,1831.8889,1896.2723,1858.1384,1859.2178,23.543253,228.6583251953125,6,"COPDEM30",244
"RGI2000-v7.0-G-18-01105","18","18-01","G169708E44016S",771439,749,"2000-04-13T00:00:00",169.70723861065574,-44.015176999999994,59,0.037439525252214,0,0,0,9,"",0,169.70953093775327,-44.01599981126951,2024.2493,2243.0122,2147.2253,2140.6843,38.26053,149.23344,4,"COPDEM30",345
"RGI2000-v7.0-G-18-01106","18","18-01","G169704E44014S",771432,749,"2000-04-13T00:00:00",169.70419292777777,-44.013957500000004,59,0.042818726848828,0,0,0,9,"",0,169.70264639733185,-44.01327374665636,2008.4642,2172.8682,2059.6494,2064.6033,33.710514,243.4707489013672,6,"COPDEM30",249
"RGI2000-v7.0-G-18-01107","18","18-01","G169717E44031S",771451,749,"2000-04-13T00:00:00",169.7156363564564,-44.0312445,59,0.012330967098055,0,0,0,9,"",0,169.71862589221357,-44.030889308743674,1963.906,2191.9487,2061.3494,2058.5923,42.627262,83.0329,3,"COPDEM30",306
"RGI2000-v7.0-G-18-01108","18","18-01","G169714E44039S",771447,749,"2000-04-13T00:00:00",169.71382391773534,-44.0388145,59,0.01922369834476,0,0,0,9,"",0,169.71450971754376,-44.03930123664886,1966.3512,2125.691,2051.3967,2044.4122,45.59661,145.10304,4,"COPDEM30",147
"RGI2000-v7.0-G-18-01109","18","18-01","G169722E44041S",771456,749,"2000-04-13T00:00:00",169.72203905512703,-44.0405065,59,0.070757441780676,0,0,0,9,"",0,169.71966241334718,-44.04497398104505,1348.0853,1824.8541,1608.0656,1595.8346,31.525126,162.47824,5,"COPDEM30",1057
"RGI2000-v7.0-G-18-01110","18","18-01","G169705E44043S",771440,749,"2000-04-13T00:00:00",169.7071673776824,-44.0438465,59,0.313094292682482,0,0,0,9,"",0,169.7096634770132,-44.04600183711823,1720.1803,2108.894,1849.2819,1865.5789,29.05077,138.63957,4,"COPDEM30",805
"RGI2000-v7.0-G-18-01111","18","18-01","G169701E44042S",771430,749,"2000-04-13T00:00:00",169.70119861203318,-44.042449500000004,59,0.140427419472767,0,0,0,9,"",0,169.70467521536725,-44.04277886720101,1972.5927,2324.3608,2185.3042,2176.7087,37.67861,137.75708,4,"COPDEM30",459
"RGI2000-v7.0-G-18-01112","18","18-01","G169697E44040S",771419,749,"2000-04-13T00:00:00",169.69614333883314,-44.0400105,59,0.050514536236437,0,0,0,9,"",0,169.69557990288672,-44.038934731033294,2156.3152,2330.6042,2198.2925,2214.3547,23.511955,287.5824737548828,7,"COPDEM30",405
"RGI2000-v7.0-G-18-01113","18","18-01","G169695E44048S",771407,749,"2000-04-13T00:00:00",169.69076187323066,-44.040709,59,0.027009339128777,0,0,0,9,"",0,169.69230795224414,-44.04149697664391,1992.6755,2207.2268,2098.2473,2095.904,48.199265,172.26889,5,"COPDEM30",313
"RGI2000-v7.0-G-18-01114","18","18-01","G169692E44037S",771411,749,"2000-04-13T00:00:00",169.6919485867856,-44.037239,59,0.058151120884281,0,0,0,9,"",0,169.68954743637508,-44.03656721229491,2039.706,2120.653,2074.8044,2075.5347,16.392244,344.03321647644043,1,"COPDEM30",594
"RGI2000-v7.0-G-18-01115","18","18-01","G169682E44043S",771395,749,"2000-04-13T00:00:00",169.6819765913936,-44.043838,59,0.010351012298161,0,0,0,9,"",0,169.68111682239936,-44.04374554970039,1966.492,2025.6674,1978.9987,1983.683,24.980206,326.106876373291,8,"COPDEM30",146
"RGI2000-v7.0-G-18-01116","18","18-01","G169677E44066S",771391,749,"2000-04-13T00:00:00",169.67769439538768,-44.06691,59,0.011342528399835,0,0,0,9,"",0,169.6769218049769,-44.06687674462462,2051.6287,2137.9297,2089.6396,2090.042,42.0764,330.0294075012207,8,"COPDEM30",100
"RGI2000-v7.0-G-18-01117","18","18-01","G169684E44071S",771397,749,"2000-04-13T00:00:00",169.6831690076923,-44.0707325,59,0.365874642774949,0,0,0,9,"",0,169.68667376608977,-44.070354604706566,2041.6123,2471.5994,2248.855,2255.6396,30.510532,61.77649,2,"COPDEM30",746
"RGI2000-v7.0-G-18-01118","18","18-01","G169682E44076S",771396,749,"2000-04-13T00:00:00",169.6820130822598,-44.075349,59,0.054894593667791,0,0,0,9,"",0,169.68064108487863,-44.076570737899274,1788.9373,2209.0725,1947.5294,1952.3665,44.310474,193.0077362060547,5,"COPDEM30",467
"RGI2000-v7.0-G-18-01119","18","18-01","G169687E44076S",771400,749,"2000-04-13T00:00:00",169.6869705755814,-44.075879,59,0.019777058851285,0,0,0,9,"",0,169.68629622733332,-44.076691694497974,2004.9375,2204.066,2117.5266,2112.398,50.92264,175.36963,5,"COPDEM30",184
"RGI2000-v7.0-G-18-01120","18","18-01","G169688E44078S",771401,749,"2000-04-13T00:00:00",169.68811418649886,-44.077712,59,0.021052279709574,0,0,0,9,"",0,169.6861725932463,-44.07917419992684,1668.7678,2000.2571,1834.6663,1839.2008,46.297436,177.52766,5,"COPDEM30",406
"RGI2000-v7.0-G-18-01121","18","18-01","G169691E44077S",771412,749,"2000-04-13T00:00:00",169.6918444459969,-44.0772015,59,0.011250987239872,0,0,0,9,"",0,169.69086673823884,-44.07768356268196,1822.5779,2008.2172,1908.5208,1909.8864,49.852047,197.3946990966797,5,"COPDEM30",210
"RGI2000-v7.0-G-18-01122","18","18-01","G169672E44074S",771387,749,"2000-04-13T00:00:00",169.67238603436954,-44.072366,59,0.033749275960862,0,0,0,9,"",0,169.67163071568052,-44.07358313608131,1805.2614,2019.2509,1905.1575,1907.3945,38.80386,192.52084350585932,5,"COPDEM30",302
"RGI2000-v7.0-G-18-01123","18","18-01","G169662E44093S",771383,749,"2000-04-13T00:00:00",169.66334197916666,-44.0928455,59,0.038495519320591,0,0,0,9,"",0,169.66378116147087,-44.093892128335256,1930.8525,2167.2996,2035.3665,2034.1421,35.477055,113.3609,4,"COPDEM30",361
"RGI2000-v7.0-G-18-01124","18","18-01","G169660E44093S",771381,749,"2000-04-13T00:00:00",169.66002659727272,-44.0934345,59,0.012620148833962,0,0,0,9,"",0,169.66064427261463,-44.09425347561378,2053.6628,2162.7688,2105.519,2105.3472,38.157772,150.05028,4,"COPDEM30",178
"RGI2000-v7.0-G-18-01125","18","18-01","G169658E44096S",771379,749,"2000-04-13T00:00:00",169.6582201159467,-44.095149500000005,59,0.171426822670812,0,0,0,9,"",0,169.65550905211867,-44.09733631281869,1805.1187,2208.6443,1977.9834,1979.2521,35.65324,174.99275,5,"COPDEM30",540
"RGI2000-v7.0-G-18-01126","18","18-01","G169662E44097S",771382,749,"2000-04-13T00:00:00",169.66173529508197,-44.096624,59,0.012511997501977,0,0,0,9,"",0,169.66149402949222,-44.0977687067945,1841.1357,1970.9434,1909.9285,1908.1917,31.957443,185.1415405273437,5,"COPDEM30",243
"RGI2000-v7.0-G-18-01127","18","18-01","G169652E44096S",771375,749,"2000-04-13T00:00:00",169.65149692461603,-44.0961955,59,0.029511799411514,0,0,0,9,"",0,169.64993648349108,-44.097627345645655,1920.5337,2120.5146,2013.5931,2011.7576,41.094612,157.3042,4,"COPDEM30",430
"RGI2000-v7.0-G-18-01128","18","18-01","G169621E44139S",771343,749,"2000-04-13T00:00:00",169.62141073555867,-44.1393065,59,0.022222458944028,0,0,0,9,"",0,169.62240376152042,-44.13954174723661,2190.7422,2346.0212,2264.0605,2265.1501,36.67355,137.77913,4,"COPDEM30",204
"RGI2000-v7.0-G-18-01129","18","18-01","G169622E44140S",771344,749,"2000-04-13T00:00:00",169.62073783440513,-44.141448,59,0.055516479322778,0,0,0,9,"",0,169.62211710228868,-44.14312874316786,2023.4059,2230.9236,2130.7424,2130.0242,36.98809,129.7565,4,"COPDEM30",357
"RGI2000-v7.0-G-18-01130","18","18-01","G169618E44144S",771336,749,"2000-04-13T00:00:00",169.61779095089287,-44.1434315,59,0.031111409235091,0,0,0,9,"",0,169.6170106441253,-44.144521809050254,1826.9899,2022.4832,1923.4221,1926.0239,41.91308,181.10842895507807,5,"COPDEM30",281
"RGI2000-v7.0-G-18-01131","18","18-01","G169606E44160S",771325,749,"2000-04-13T00:00:00",169.6060472771883,-44.159808,59,0.020598395803213,0,0,0,9,"",0,169.60785525059566,-44.1605020072106,2062.2122,2330.584,2188.0327,2191.6604,45.818012,73.66621,3,"COPDEM30",322
"RGI2000-v7.0-G-18-01132","18","18-01","G169605E44161S",771324,749,"2000-04-13T00:00:00",169.60451639981528,-44.161224000000004,59,0.010775166852561,0,0,0,9,"",0,169.60431346256854,-44.162302800220495,2318.3018,2417.7236,2366.5498,2368.7163,27.70661,159.23888,5,"COPDEM30",246
"RGI2000-v7.0-G-18-01133","18","18-01","G169609E44161S",771328,749,"2000-04-13T00:00:00",169.61002888498405,-44.162499999999994,59,0.027416606750629,0,0,0,9,"",0,169.61067548792246,-44.1620085875169,2079.9895,2187.7559,2146.3862,2137.5366,29.465698,17.737806,1,"COPDEM30",203
"RGI2000-v7.0-G-18-01134","18","18-01","G169612E44165S",771331,749,"2000-04-13T00:00:00",169.61196549114408,-44.164793,59,0.082702238382999,0,0,0,9,"",0,169.6141447291463,-44.1652240430581,1967.6925,2180.7979,2071.446,2075.8271,35.21926,116.54769,4,"COPDEM30",349
"RGI2000-v7.0-G-18-01135","18","18-01","G169611E44167S",771327,749,"2000-04-13T00:00:00",169.60934690320389,-44.166819000000004,59,0.129069418030502,0,0,0,9,"",0,169.60615361486816,-44.16767116553225,1897.1163,2181.672,2010.8665,2012.0178,31.810215,209.0736389160156,6,"COPDEM30",548
"RGI2000-v7.0-G-18-01136","18","18-01","G169610E44171S",771329,749,"2000-04-13T00:00:00",169.61017706521739,-44.170844,59,0.01413523419113,0,0,0,9,"",0,169.60984497431127,-44.17167332982963,1751.3036,1863.0166,1813.5836,1807.3837,32.003098,187.4578857421875,5,"COPDEM30",208
"RGI2000-v7.0-G-18-01137","18","18-01","G169613E44172S",771333,749,"2000-04-13T00:00:00",169.61264342244658,-44.171754,59,0.012206294498748,0,0,0,9,"",0,169.61227779687277,-44.172223401992476,1792.9542,1840.3102,1807.812,1811.0338,24.770285,214.86648559570312,6,"COPDEM30",124
"RGI2000-v7.0-G-18-01138","18","18-01","G169595E44165S",771319,749,"2000-04-13T00:00:00",169.5999879976058,-44.164210999999995,59,0.784761839614532,0,0,0,9,"",0,169.59629068676517,-44.168918384566155,1762.562,2413.2246,2049.0332,2048.3503,30.043947,178.4692,5,"COPDEM30",1178
"RGI2000-v7.0-G-18-01139","18","18-01","G169589E44166S",771315,749,"2000-04-13T00:00:00",169.58944212108122,-44.166490499999995,59,0.120068583605461,0,0,0,9,"",0,169.59017103028327,-44.167786558981284,1955.131,2196.706,2079.4932,2082.304,34.71636,161.77515,5,"COPDEM30",380
"RGI2000-v7.0-G-18-01140","18","18-01","G169585E44169S",771311,749,"2000-04-13T00:00:00",169.58491605987206,-44.169123,59,0.024944578239674,0,0,0,9,"",0,169.58544350452433,-44.16926603854247,2094.075,2168.3696,2121.1882,2125.7034,25.03044,102.0312,3,"COPDEM30",195
"RGI2000-v7.0-G-18-01141","18","18-01","G169584E44174S",771309,749,"2000-04-13T00:00:00",169.58440054102303,-44.173092,59,0.095421484549573,0,0,0,9,"",0,169.58699768346693,-44.173715658942825,1978.6082,2195.1848,2073.7485,2079.1433,27.382229,112.103264,3,"COPDEM30",505
"RGI2000-v7.0-G-18-01142","18","18-01","G169581E44174S",771302,749,"2000-04-13T00:00:00",169.58054258294118,-44.1742475,59,0.025096772034757,0,0,0,9,"",0,169.57942379046065,-44.175415000000456,1876.5543,2109.9053,1999.6886,1996.2756,45.093983,171.89888,5,"COPDEM30",338
"RGI2000-v7.0-G-18-01143","18","18-01","G169529E44092S",771276,749,"2000-04-13T00:00:00",169.53216854576664,-44.091984499999995,59,0.048743244141355,0,0,0,9,"",0,169.53260262921702,-44.09360745987931,1893.539,2094.3523,1972.5693,1983.0249,29.740248,157.09528,4,"COPDEM30",416
"RGI2000-v7.0-G-18-01144","18","18-01","G169508E44006S",771268,749,"2000-04-13T00:00:00",169.50714132798166,-44.0061845,59,0.011808051474141,0,0,0,9,"",0,169.50820053687602,-44.00602790057384,1661.3497,1695.6527,1676.0823,1676.3842,18.835934,136.10503,4,"COPDEM30",149
"RGI2000-v7.0-G-18-01145","18","18-01","G169620E43987S",771340,749,"2000-04-13T00:00:00",169.61986586495772,-43.9866745,59,0.021602016880579,0,0,0,9,"",0,169.61912804702646,-43.987791765456976,1879.8354,2100.1912,1990.7576,1980.1627,42.66711,174.00337,5,"COPDEM30",286
"RGI2000-v7.0-G-18-01146","18","18-01","G169625E43984S",771351,749,"2000-04-13T00:00:00",169.6250395531476,-43.9837245,59,0.030652586378766,0,0,0,9,"",0,169.62681832088862,-43.98338239801244,1860.2242,2103.7666,1959.3802,1960.6642,39.996956,67.225624,2,"COPDEM30",291
"RGI2000-v7.0-G-18-01147","18","18-01","G169624E43983S",771353,749,"2000-04-13T00:00:00",169.62638298745628,-43.981534999999994,59,0.087861996727449,0,0,0,9,"",0,169.6273360608556,-43.98177871713971,1865.3651,2200.1975,2060.5156,2049.693,38.963005,113.3507,4,"COPDEM30",378
"RGI2000-v7.0-G-18-01148","18","18-01","G169630E43980S",771362,749,"2000-04-13T00:00:00",169.63024377387336,-43.979974999999996,59,0.038477722015232,0,0,0,9,"",0,169.6315057776695,-43.97912398476612,1704.8723,1897.4452,1779.3851,1780.0598,35.932407,104.64031,3,"COPDEM30",401
"RGI2000-v7.0-G-18-01149","18","18-01","G169628E43978S",771359,749,"2000-04-13T00:00:00",169.6275048962585,-43.978258,59,0.04167892060263,0,0,0,9,"",0,169.62972924969125,-43.977007358647406,1861.3672,2093.8206,1956.8762,1956.6527,43.09947,111.903336,3,"COPDEM30",266
"RGI2000-v7.0-G-18-01150","18","18-01","G169621E43978S",771346,749,"2000-04-13T00:00:00",169.62157743763953,-43.976516000000004,59,0.01914981397737,0,0,0,9,"",0,169.62082260860868,-43.97609017141324,1962.2739,2080.951,2005.7354,2010.7329,34.46883,273.72801208496094,7,"COPDEM30",247
"RGI2000-v7.0-G-18-01151","18","18-01","G169636E43969S",771366,749,"2000-04-13T00:00:00",169.63568438,-43.96829,59,0.976017120125621,0,0,0,9,"",0,169.63789963279993,-43.97291953080101,1645.7119,2155.5645,1886.427,1883.6172,26.614449,146.01767,4,"COPDEM30",1234
"RGI2000-v7.0-G-18-01152","18","18-01","G169645E43966S",771372,749,"2000-04-13T00:00:00",169.64536513256613,-43.965748500000004,59,0.536504320040601,0,0,0,9,"",0,169.64872340926854,-43.96917096917777,1574.0466,2110.034,1844.8019,1853.3628,26.925291,147.61195,4,"COPDEM30",1045
"RGI2000-v7.0-G-18-01153","18","18-01","G169623E43956S",771349,749,"2000-04-13T00:00:00",169.62332457620317,-43.9556795,59,0.032434694722548,0,0,0,9,"",0,169.62509185589676,-43.95442765634757,1995.5126,2130.6594,2074.3098,2071.2852,26.491425,353.60516929626465,1,"COPDEM30",282
"RGI2000-v7.0-G-18-01154","18","18-01","G169631E43837S",771363,749,"2000-04-13T00:00:00",169.6308010189394,-43.836517,59,0.017075374304569,0,0,0,9,"",0,169.63142586579738,-43.837315698129416,1579.5339,1661.9064,1612.501,1614.6869,27.22591,114.47172,4,"COPDEM30",209
"RGI2000-v7.0-G-18-01155","18","18-01","G169624E43836S",771348,749,"2000-04-13T00:00:00",169.62298922216746,-43.835376,59,0.732544841987959,0,0,0,9,"",0,169.6270159061745,-43.84010107547046,1575.1149,2222.3945,1896.3232,1877.836,24.522385,144.63039,4,"COPDEM30",1449
"RGI2000-v7.0-G-18-01156","18","18-01","G169615E43837S",771332,749,"2000-04-13T00:00:00",169.61273037034093,-43.835811,59,0.969559949189476,0,0,0,9,"",0,169.6129807169184,-43.84165299585105,1651.3495,2177.1821,1890.6285,1893.4288,22.604395,196.23182678222656,5,"COPDEM30",1363
"RGI2000-v7.0-G-18-01157","18","18-01","G169603E43832S",771322,749,"2000-04-13T00:00:00",169.6047488258286,-43.832689,59,0.026097577625327,0,0,0,9,"",0,169.60297160047935,-43.83423192347515,1756.0356,1899.2788,1861.8617,1850.3416,24.78071,214.75184631347656,6,"COPDEM30",356
"RGI2000-v7.0-G-18-01158","18","18-01","G169601E43832S",771320,749,"2000-04-13T00:00:00",169.60112301825308,-43.8318375,59,0.019573421527502,0,0,0,9,"",0,169.60072341054607,-43.832838312017756,1757.1208,1874.0801,1810.3737,1810.7211,26.647,186.3651580810547,5,"COPDEM30",237
"RGI2000-v7.0-G-18-01159","18","18-01","G169614E43827S",771335,749,"2000-04-13T00:00:00",169.61664125041352,-43.826261,59,0.3258437087987,0,0,0,9,"",0,169.61248033490804,-43.825166171436805,1861.6898,2184.545,2007.2357,2015.1682,34.091545,301.62932205200195,8,"COPDEM30",595
"RGI2000-v7.0-G-18-01160","18","18-01","G169623E43827S",771341,749,"2000-04-13T00:00:00",169.6211116904762,-43.8278975,59,0.331782967612957,0,0,0,9,"",0,169.6275559270851,-43.82977390054812,1823.5776,2244.5488,2107.4348,2095.2336,28.721535,79.84902,3,"COPDEM30",826
"RGI2000-v7.0-G-18-01161","18","18-01","G169623E43824S",771347,749,"2000-04-13T00:00:00",169.62349757869646,-43.824499,59,0.035814664569825,0,0,0,9,"",0,169.6248612945276,-43.82564701791658,1849.2931,2065.9338,1966.8115,1970.3646,40.647396,102.416885,3,"COPDEM30",349
"RGI2000-v7.0-G-18-01162","18","18-01","G169626E43823S",771352,749,"2000-04-13T00:00:00",169.62587852659573,-43.823254,59,0.022892652580692,0,0,0,9,"",0,169.62658469466413,-43.82365028557109,1829.6858,1970.1161,1899.463,1900.2496,33.69935,129.49168,4,"COPDEM30",237
"RGI2000-v7.0-G-18-01163","18","18-01","G169628E43822S",771354,749,"2000-04-13T00:00:00",169.6271045819407,-43.821687,59,0.010632920185378,0,0,0,9,"",0,169.62738298032247,-43.82224781691164,1819.2616,1906.8734,1871.3569,1869.9592,37.120262,114.42915,4,"COPDEM30",127
"RGI2000-v7.0-G-18-01164","18","18-01","G169629E43826S",771357,749,"2000-04-13T00:00:00",169.62810054411764,-43.824365,59,0.014522264988343,0,0,0,9,"",0,169.62916679537804,-43.82500938407291,1626.3833,1763.5659,1693.5835,1692.7936,43.895584,108.579575,3,"COPDEM30",193
"RGI2000-v7.0-G-18-01165","18","18-01","G169625E43820S",771345,749,"2000-04-13T00:00:00",169.62218492011056,-43.818884499999996,59,0.465226453764666,0,0,0,9,"",0,169.6282473962591,-43.81857806555014,1734.9661,2179.9846,1966.1759,1963.0781,20.606142,60.49032,2,"COPDEM30",990
"RGI2000-v7.0-G-18-01166","18","18-01","G169616E43817S",771334,749,"2000-04-13T00:00:00",169.61617383831904,-43.8161535,59,0.218563515096858,0,0,0,9,"",0,169.61286200041584,-43.817774768073456,1768.6918,2091.2434,1978.2051,1955.1632,25.168705,225.56431579589844,6,"COPDEM30",669
"RGI2000-v7.0-G-18-01167","18","18-01","G169620E43814S",771339,749,"2000-04-13T00:00:00",169.61968316702314,-43.8135595,59,0.012724452567414,0,0,0,9,"",0,169.6209515869122,-43.814014798936114,2011.0435,2090.3052,2064.7554,2061.2078,26.792772,91.39309,3,"COPDEM30",201
"RGI2000-v7.0-G-18-01168","18","18-01","G169619E43811S",771337,749,"2000-04-13T00:00:00",169.61876535565858,-43.811010499999995,59,0.013945838472691,0,0,0,9,"",0,169.62016807687613,-43.81101735074326,1767.2289,1905.4304,1835.5016,1834.057,39.444702,46.235016,2,"COPDEM30",235
"RGI2000-v7.0-G-18-01169","18","18-01","G169629E43816S",771360,749,"2000-04-13T00:00:00",169.62858051621072,-43.8156515,59,0.048329347961014,0,0,0,9,"",0,169.6317119686771,-43.81659647746972,1433.0542,1691.557,1568.9655,1565.795,31.970322,110.01708,3,"COPDEM30",475
"RGI2000-v7.0-G-18-01170","18","18-01","G169638E43810S",771367,749,"2000-04-13T00:00:00",169.6387452368421,-43.809593,59,0.147954713020902,0,0,0,9,"",0,169.63627067194713,-43.806797684336004,1850.6953,2050.942,1934.369,1937.7948,32.30841,268.269157409668,7,"COPDEM30",638
"RGI2000-v7.0-G-18-01171","18","18-01","G169646E43808S",771373,749,"2000-04-13T00:00:00",169.64566375884544,-43.807816,59,0.031478202249473,0,0,0,9,"",0,169.64627697153244,-43.807299768676096,1667.465,1827.1107,1726.0968,1730.0532,37.55291,37.668545,2,"COPDEM30",220
"RGI2000-v7.0-G-18-01172","18","18-01","G169643E43814S",771369,749,"2000-04-13T00:00:00",169.64210838028168,-43.8146175,59,0.386930124676171,0,0,0,9,"",0,169.64032854900964,-43.81752722556258,1697.3452,2235.9841,2061.6467,2049.6582,29.553633,211.0011444091797,6,"COPDEM30",946
"RGI2000-v7.0-G-18-01173","18","18-01","G169650E43819S",771374,749,"2000-04-13T00:00:00",169.6497102882883,-43.818881,59,0.54140282775259,0,0,0,9,"",0,169.6448717709909,-43.825079261527286,1627.8762,2328.682,2155.1875,2108.8171,25.127466,234.55435180664065,6,"COPDEM30",1483
"RGI2000-v7.0-G-18-01174","18","18-01","G169652E43824S",771376,749,"2000-04-13T00:00:00",169.65227825986454,-43.8236735,59,0.690683953357296,0,0,0,9,"",0,169.64823152305723,-43.830900417790936,1602.507,2315.8708,2098.5793,2073.176,25.242846,233.77861785888672,6,"COPDEM30",1616
"RGI2000-v7.0-G-18-01175","18","18-01","G169660E43835S",771380,749,"2000-04-13T00:00:00",169.65913019017765,-43.833115,59,1.872696664709896,0,0,0,9,"",0,169.65614576135036,-43.84384269860846,1620.1234,2501.7124,2065.8386,2061.6003,23.541765,232.35528564453125,6,"COPDEM30",2185
"RGI2000-v7.0-G-18-01176","18","18-01","G169670E43840S",771384,749,"2000-04-13T00:00:00",169.66530626640625,-43.838314499999996,59,0.430015796034036,0,0,0,9,"",0,169.6594613464289,-43.84473097750411,1461.0457,2245.3193,1954.5952,1928.0942,29.117535,185.278549194336,5,"COPDEM30",1680
"RGI2000-v7.0-G-18-01177","18","18-01","G169678E43839S",771389,749,"2000-04-13T00:00:00",169.6750022408046,-43.838322,59,1.14807031148685,0,0,0,9,"",0,169.6719934547634,-43.842336629349646,1638.892,2293.4146,1885.3737,1902.7849,27.104906,179.91243,5,"COPDEM30",1263
"RGI2000-v7.0-G-18-01178","18","18-01","G169683E43834S",771394,749,"2000-04-13T00:00:00",169.6818348775168,-43.833285000000004,59,0.141324127570341,0,0,0,9,"",0,169.68708455342883,-43.83566392151848,1957.7074,2220.2295,2095.5117,2095.8618,33.66098,66.75843,2,"COPDEM30",818
"RGI2000-v7.0-G-18-01179","18","18-01","G169697E43835S",771399,749,"2000-04-13T00:00:00",169.68574161690645,-43.828637,59,0.680994044345537,0,0,0,9,"",0,169.6935237127574,-43.833299025736245,1306.6686,2079.8535,1717.8975,1706.4115,28.314425,127.537735,4,"COPDEM30",1703
"RGI2000-v7.0-G-18-01180","18","18-01","G169691E43826S",771404,749,"2000-04-13T00:00:00",169.69059569829545,-43.825866000000005,59,0.156849924336647,0,0,0,9,"",0,169.69324337951315,-43.82796175101231,1686.399,1883.3505,1806.5718,1804.7117,26.420946,186.3710174560547,5,"COPDEM30",527
"RGI2000-v7.0-G-18-01181","18","18-01","G169695E43826S",771417,749,"2000-04-13T00:00:00",169.69482349601688,-43.825661499999995,59,0.036127533058157,0,0,0,9,"",0,169.6953521556022,-43.82687712090299,1732.5966,1864.0571,1817.176,1817.3127,27.837852,148.25916,4,"COPDEM30",234
"RGI2000-v7.0-G-18-01182","18","18-01","G169674E43828S",771388,749,"2000-04-13T00:00:00",169.67422875284902,-43.8279665,59,0.183952010905826,0,0,0,9,"",0,169.67812207104163,-43.8278639648765,2152.803,2537.6233,2320.1875,2349.3232,34.86286,52.531994,2,"COPDEM30",554
"RGI2000-v7.0-G-18-01183","18","18-01","G169670E43816S",771386,749,"2000-04-13T00:00:00",169.6705494459725,-43.816106500000004,59,0.295638152399905,0,0,0,9,"",0,169.67322322957753,-43.81295109445216,1210.3456,1578.513,1316.1172,1332.4441,24.111925,39.77508,2,"COPDEM30",1021
"RGI2000-v7.0-G-18-01184","18","18-01","G169690E43841S",771403,749,"2000-04-13T00:00:00",169.69025991225857,-43.8403745,59,0.011309093361413,0,0,0,9,"",0,169.68897507363036,-43.84158421099641,1705.7085,1874.3423,1785.1069,1784.7239,35.29358,176.4531,5,"COPDEM30",319
"RGI2000-v7.0-G-18-01185","18","18-01","G169719E43836S",771454,749,"2000-04-13T00:00:00",169.7190110964674,-43.835074500000005,59,0.044774864830865,0,0,0,9,"",0,169.7158014667191,-43.8362238669204,1727.8993,1851.6853,1827.3804,1812.2797,18.3689,205.7302703857422,6,"COPDEM30",373
"RGI2000-v7.0-G-18-01186","18","18-01","G169724E43811S",771458,749,"2000-04-13T00:00:00",169.72321652688416,-43.8108625,59,0.180820315470937,0,0,0,9,"",0,169.7195668585401,-43.81081950271043,1320.6715,1697.4033,1470.0876,1469.049,23.136473,251.9952392578125,7,"COPDEM30",812
"RGI2000-v7.0-G-18-01187","18","18-01","G169736E43813S",771463,749,"2000-04-13T00:00:00",169.7363899657049,-43.813098,59,0.131276230416194,0,0,0,9,"",0,169.7405794997883,-43.8144462328375,1756.3187,2111.3494,1930.4663,1942.311,40.384026,157.53061,5,"COPDEM30",567
"RGI2000-v7.0-G-18-01188","18","18-01","G169732E43803S",771464,749,"2000-04-13T00:00:00",169.73857483554087,-43.8015625,59,3.744512847904874,0,0,0,9,"",0,169.72433733674416,-43.80065963510351,1453.7087,2637.1982,2119.9531,2123.4167,20.826588,263.23778533935547,7,"COPDEM30",2697
"RGI2000-v7.0-G-18-01189","18","18-01","G169741E43792S",771465,749,"2000-04-13T00:00:00",169.74069052876482,-43.791869500000004,59,0.091488324902521,0,0,0,9,"",0,169.73732632969526,-43.78986314133736,1784.3961,2143.7068,1927.2886,1938.1418,31.13826,334.9558734893799,8,"COPDEM30",618
"RGI2000-v7.0-G-18-01190","18","18-01","G169747E43792S",771468,749,"2000-04-13T00:00:00",169.74668347058824,-43.791735,59,0.2039167069531,0,0,0,9,"",0,169.7434354678512,-43.78904769525987,1770.5282,2345.6604,2041.1536,2043.0106,34.08897,329.3610649108887,8,"COPDEM30",1018
"RGI2000-v7.0-G-18-01191","18","18-01","G169754E43793S",771473,749,"2000-04-13T00:00:00",169.75366550440646,-43.793749500000004,59,0.117073448646601,0,0,0,9,"",0,169.7530975144982,-43.79137646821749,2009.2942,2510.2415,2282.0115,2288.3364,41.351685,349.8696479797363,1,"COPDEM30",599
"RGI2000-v7.0-G-18-01192","18","18-01","G169761E43795S",771484,749,"2000-04-13T00:00:00",169.7617736500843,-43.793225,59,0.120860044089555,0,0,0,9,"",0,169.75958153136523,-43.79135455469844,2006.5005,2321.6804,2171.6726,2172.61,32.542873,335.33061599731445,8,"COPDEM30",522
"RGI2000-v7.0-G-18-01193","18","18-01","G169765E43792S",771492,749,"2000-04-13T00:00:00",169.764634693787,-43.7924725,59,0.010646706836557,0,0,0,9,"",0,169.76416073358706,-43.791863045599804,2153.1963,2236.171,2195.4268,2195.757,32.59487,319.87817764282227,8,"COPDEM30",137
"RGI2000-v7.0-G-18-01194","18","18-01","G169766E43790S",771496,749,"2000-04-13T00:00:00",169.76557700368852,-43.790051500000004,59,0.044048608280071,0,0,0,9,"",0,169.7646661294851,-43.78875970352833,1808.2681,2094.095,1969.7631,1962.8424,52.000523,357.5695993900299,1,"COPDEM30",330
"RGI2000-v7.0-G-18-01195","18","18-01","G169769E43791S",771502,749,"2000-04-13T00:00:00",169.76947673499438,-43.790758,59,0.014911921496389,0,0,0,9,"",0,169.76862375283036,-43.79020303841054,1997.3475,2111.919,2059.0703,2058.425,40.906826,333.60533714294434,8,"COPDEM30",139
"RGI2000-v7.0-G-18-01196","18","18-01","G169769E43788S",771504,749,"2000-04-13T00:00:00",169.7703707648615,-43.7878035,59,0.198295522200965,0,0,0,9,"",0,169.76693030626376,-43.78564604629726,1738.6029,2165.7622,1889.9293,1911.9552,27.682003,297.9118232727051,8,"COPDEM30",914
"RGI2000-v7.0-G-18-01197","18","18-01","G169773E43787S",771510,749,"2000-04-13T00:00:00",169.77279117074102,-43.787107500000005,59,0.011090089024099,0,0,0,9,"",0,169.77167742658148,-43.78573234921554,1914.611,2037.5997,1970.7836,1976.9712,25.244408,328.3732376098633,8,"COPDEM30",355
"RGI2000-v7.0-G-18-01198","18","18-01","G169776E43789S",771512,749,"2000-04-13T00:00:00",169.7760064716279,-43.788656,59,0.064986486857064,0,0,0,9,"",0,169.77546633264532,-43.78732832298941,2001.3782,2240.4915,2099.507,2107.649,36.793888,343.0966968536377,1,"COPDEM30",334
"RGI2000-v7.0-G-18-01199","18","18-01","G169780E43794S",771517,749,"2000-04-13T00:00:00",169.78041844943823,-43.79396,59,0.023893182164789,0,0,0,9,"",0,169.77968437259895,-43.795133207150926,1711.9896,1935.5061,1786.2682,1798.0865,42.10942,179.77306,5,"COPDEM30",303
"RGI2000-v7.0-G-18-01200","18","18-01","G169787E43794S",771535,749,"2000-04-13T00:00:00",169.78950240469612,-43.793350000000004,59,1.892817472189201,0,0,0,9,"",0,169.79071191261173,-43.79993280209586,1055.2596,2335.4888,1867.6147,1852.0686,37.033062,155.32706,4,"COPDEM30",3266
"RGI2000-v7.0-G-18-01201","18","18-01","G169798E43795S",771555,749,"2000-04-13T00:00:00",169.79788203085639,-43.7950495,59,0.059368141150557,0,0,0,9,"",0,169.7949429159729,-43.79721988545852,1296.841,1714.7258,1501.4622,1511.2921,34.903378,202.3574981689453,5,"COPDEM30",700
"RGI2000-v7.0-G-18-01202","18","18-01","G169803E43795S",771568,749,"2000-04-13T00:00:00",169.8029081923077,-43.794509,59,0.191352382061493,0,0,0,9,"",0,169.79907096029334,-43.79783983236599,1533.2511,1918.9,1684.2013,1689.5707,30.334894,189.1703643798828,5,"COPDEM30",910
"RGI2000-v7.0-G-18-01203","18","18-01","G169800E43787S",771562,749,"2000-04-13T00:00:00",169.79869073126463,-43.7869245,59,0.69958720953778,0,0,0,9,"",0,169.8097932423212,-43.79192820207096,1464.1532,2438.5825,2009.6396,1999.5977,28.308859,123.1709,4,"COPDEM30",1918
"RGI2000-v7.0-G-18-01204","18","18-01","G169802E43784S",771565,749,"2000-04-13T00:00:00",169.80106131243272,-43.782988,59,0.538408533592221,0,0,0,9,"",0,169.80826574385253,-43.78577379861679,1565.9666,2487.5645,1996.7126,2005.6398,32.515705,108.28612,3,"COPDEM30",1475
"RGI2000-v7.0-G-18-01205","18","18-01","G169798E43779S",771554,749,"2000-04-13T00:00:00",169.79763252839507,-43.7780465,59,0.466455323639107,0,0,0,9,"",0,169.80446247207675,-43.78106852462443,1848.0133,2520.8264,2203.663,2207.4897,34.239773,85.57269,3,"COPDEM30",1125
"RGI2000-v7.0-G-18-01206","18","18-01","G169803E43775S",771567,749,"2000-04-13T00:00:00",169.80161235285715,-43.774668500000004,59,0.55577863516564,0,0,0,9,"",0,169.81169921580002,-43.77662620296688,1470.0685,2285.3223,1889.3058,1881.0072,33.356403,112.901146,4,"COPDEM30",1333
"RGI2000-v7.0-G-18-01207","18","18-01","G169795E43771S",771543,749,"2000-04-13T00:00:00",169.79468359383588,-43.77191,59,0.0797098153566,0,0,0,9,"",0,169.79428994788066,-43.76945223697281,1957.6255,2293.2383,2092.6748,2103.6206,37.73088,339.32989501953125,1,"COPDEM30",572
"RGI2000-v7.0-G-18-01208","18","18-01","G169792E43774S",771538,749,"2000-04-13T00:00:00",169.79247010904257,-43.773593500000004,59,0.050050123890487,0,0,0,9,"",0,169.79217128721092,-43.771067704548116,2042.0226,2476.6228,2242.6877,2246.8381,37.739315,16.67205,1,"COPDEM30",582
"RGI2000-v7.0-G-18-01209","18","18-01","G169789E43772S",771530,749,"2000-04-13T00:00:00",169.78849590059346,-43.7732895,59,0.23398748417998,0,0,0,9,"",0,169.78833425706753,-43.76887995886858,1896.9386,2493.0015,2140.9897,2171.264,34.152164,329.64898109436035,8,"COPDEM30",1062
"RGI2000-v7.0-G-18-01210","18","18-01","G169783E43773S",771523,749,"2000-04-13T00:00:00",169.78286261882167,-43.772974500000004,59,0.090268945108486,0,0,0,9,"",0,169.78007701325456,-43.771121245891244,1924.1309,2152.2283,2035.9774,2034.9756,28.38617,345.4316244125366,1,"COPDEM30",553
"RGI2000-v7.0-G-18-01211","18","18-01","G169785E43768S",771527,749,"2000-04-13T00:00:00",169.78519594596912,-43.7684555,59,0.014426616370876,0,0,0,9,"",0,169.7852846300608,-43.76786257959941,1787.6034,1831.8674,1798.9164,1802.9324,19.012644,341.9358787536621,1,"COPDEM30",129
"RGI2000-v7.0-G-18-01212","18","18-01","G169768E43774S",771518,749,"2000-04-13T00:00:00",169.78067647309814,-43.780212,59,0.482380571858286,0,0,0,9,"",0,169.76504686433498,-43.77402884274477,1214.0819,2156.2134,1674.9105,1664.5166,29.059841,321.3891372680664,8,"COPDEM30",2308
"RGI2000-v7.0-G-18-01213","18","18-01","G169769E43801S",771497,749,"2000-04-13T00:00:00",169.76645991028028,-43.8006405,59,1.240866009416262,0,0,0,9,"",0,169.77673193219186,-43.802447398422174,1526.7347,2619.211,2122.8691,2100.3164,32.047703,102.2625,3,"COPDEM30",1822
"RGI2000-v7.0-G-18-01214","18","18-01","G169762E43807S",771489,749,"2000-04-13T00:00:00",169.76388606809513,-43.8116305,59,3.034261197920056,0,0,0,9,"",0,169.74431508589075,-43.82300053279134,1280.045,2585.303,1909.3589,1918.5448,29.58083,156.74358,4,"COPDEM30",3365
"RGI2000-v7.0-G-18-01215","18","18-01","G169760E43815S",771479,749,"2000-04-13T00:00:00",169.76030713242443,-43.814755500000004,59,0.037985210253777,0,0,0,9,"",0,169.7610734816854,-43.815779981176114,1370.8962,1537.7362,1432.0364,1436.3503,31.959635,137.95694,4,"COPDEM30",288
"RGI2000-v7.0-G-18-01216","18","18-01","G169786E43803S",771529,749,"2000-04-13T00:00:00",169.78610414950214,-43.8030885,59,0.08582702693047,0,0,0,9,"",0,169.7893925343831,-43.80405747488106,834.0909,1146.9109,1029.1438,1015.98706,35.990322,92.30476,3,"COPDEM30",473
"RGI2000-v7.0-G-18-01217","18","18-01","G169727E43784S",771460,749,"2000-04-13T00:00:00",169.7274328814433,-43.784067,59,0.017063014069973,0,0,0,9,"",0,169.72876982500048,-43.78453745658205,1356.7592,1478.0565,1405.954,1410.2863,35.14509,82.77423,3,"COPDEM30",214
"RGI2000-v7.0-G-18-01218","18","18-01","G169730E43782S",771461,749,"2000-04-13T00:00:00",169.72861532641195,-43.779765499999996,59,0.025622367065965,0,0,0,9,"",0,169.730308147633,-43.7792387112353,1153.2963,1375.5203,1193.4192,1212.0824,31.433952,53.74606,2,"COPDEM30",345
"RGI2000-v7.0-G-18-01219","18","18-01","G169720E43775S",771455,749,"2000-04-13T00:00:00",169.72006621969697,-43.775163,59,0.073178429278899,0,0,0,9,"",0,169.7227399827469,-43.77614547406759,1340.4266,1713.1569,1506.1475,1517.6703,40.5419,76.9055,3,"COPDEM30",537
"RGI2000-v7.0-G-18-01220","18","18-01","G169715E43779S",771448,749,"2000-04-13T00:00:00",169.7150529262295,-43.7792265,59,0.010826223720632,0,0,0,9,"",0,169.71595454056896,-43.778874592224476,2017.7307,2057.3167,2050.4712,2047.2638,14.274426,96.43968,3,"COPDEM30",111
"RGI2000-v7.0-G-18-01221","18","18-01","G169713E43781S",771444,749,"2000-04-13T00:00:00",169.7135746299171,-43.780617500000005,59,0.122921912624916,0,0,0,9,"",0,169.71058263614145,-43.780738162067934,1858.0469,2183.5269,2027.3318,2026.8268,32.711273,286.73243713378906,7,"COPDEM30",528
"RGI2000-v7.0-G-18-01222","18","18-01","G169709E43781S",771442,749,"2000-04-13T00:00:00",169.70920390322578,-43.781415499999994,59,0.010136436052575,0,0,0,9,"",0,169.70815398737057,-43.78096712384193,1862.619,1949.088,1902.0287,1902.8092,41.9477,1.4489384,1,"COPDEM30",144
"RGI2000-v7.0-G-18-01223","18","18-01","G169707E43784S",771438,749,"2000-04-13T00:00:00",169.70720325354532,-43.783648,59,0.080839621514847,0,0,0,9,"",0,169.7063847247775,-43.78538614049577,1742.0898,1971.5264,1899.2144,1885.4803,35.527164,169.61995,5,"COPDEM30",343
"RGI2000-v7.0-G-18-01224","18","18-01","G169706E43788S",771441,749,"2000-04-13T00:00:00",169.70787268350176,-43.785938,59,0.119192341372429,0,0,0,9,"",0,169.70396605896786,-43.78961016515948,1394.5226,1969.7019,1775.1643,1725.6807,33.68304,226.5370483398437,6,"COPDEM30",1030
"RGI2000-v7.0-G-18-01225","18","18-01","G169714E43788S",771443,749,"2000-04-13T00:00:00",169.7117438180831,-43.787330499999996,59,0.252891001458437,0,0,0,9,"",0,169.70696190992507,-43.791574188239316,1514.9396,2235.9763,1986.5586,1945.8005,32.500656,241.39579010009768,6,"COPDEM30",1187
"RGI2000-v7.0-G-18-01226","18","18-01","G169716E43789S",771450,749,"2000-04-13T00:00:00",169.71567132694395,-43.788872,59,0.146320301094852,0,0,0,9,"",0,169.71297129353917,-43.78997852047999,1886.0364,2254.519,2108.663,2100.5564,35.381004,261.3908767700196,7,"COPDEM30",579
"RGI2000-v7.0-G-18-01227","18","18-01","G169717E43792S",771452,749,"2000-04-13T00:00:00",169.71665227745774,-43.791953500000005,59,0.058431730159576,0,0,0,9,"",0,169.71364882332608,-43.794466052155514,1825.0333,2243.6685,2056.9521,2046.9082,37.186115,187.6942749023437,5,"COPDEM30",746
"RGI2000-v7.0-G-18-01228","18","18-01","G169715E43796S",771445,749,"2000-04-13T00:00:00",169.71440396428574,-43.794737,59,0.127176981510802,0,0,0,9,"",0,169.70871070898033,-43.79933484030609,1423.3032,2182.0854,1849.0239,1847.0983,32.450073,205.20980834960932,6,"COPDEM30",1352
"RGI2000-v7.0-G-18-01229","18","18-01","G169714E43797S",771446,749,"2000-04-13T00:00:00",169.7143812295737,-43.79678749999999,59,0.082752800307797,0,0,0,9,"",0,169.70926228312484,-43.80160355216584,1365.7483,2122.6638,1866.0542,1821.339,30.993464,243.36351776123047,6,"COPDEM30",1401
"RGI2000-v7.0-G-18-01230","18","18-01","G169717E43799S",771453,749,"2000-04-13T00:00:00",169.71738351204337,-43.798514499999996,59,0.035453029492597,0,0,0,9,"",0,169.71514856674744,-43.799978758821084,1855.3179,2123.1619,1986.9487,1989.7921,31.338022,239.9716415405273,6,"COPDEM30",472
"RGI2000-v7.0-G-18-01231","18","18-01","G169723E43791S",771457,749,"2000-04-13T00:00:00",169.72287167178087,-43.791098500000004,59,0.274580851005057,0,0,0,9,"",0,169.72708392784017,-43.79230636231981,1795.1897,2249.1165,2048.1006,2045.6783,32.06546,91.81331,3,"COPDEM30",1044
"RGI2000-v7.0-G-18-01232","18","18-01","G169701E43792S",771428,749,"2000-04-13T00:00:00",169.70059185506756,-43.792429999999996,59,0.035886919314854,0,0,0,9,"",0,169.69862934746837,-43.793499922680645,1086.5226,1240.2395,1142.063,1147.4749,22.189379,219.58468627929688,6,"COPDEM30",361
"RGI2000-v7.0-G-18-01233","18","18-01","G169701E43786S",771425,749,"2000-04-13T00:00:00",169.69943731000598,-43.7860525,59,0.360155503259986,0,0,0,9,"",0,169.69693473403285,-43.789402632018444,1547.483,1986.1038,1731.7655,1733.4242,26.743805,187.76661682128903,5,"COPDEM30",1015
"RGI2000-v7.0-G-18-01234","18","18-01","G169687E43783S",771402,749,"2000-04-13T00:00:00",169.68863594585252,-43.784185,59,0.18156435517503,0,0,0,9,"",0,169.69050974863225,-43.786172718613734,1501.1301,1714.7797,1571.4995,1576.1241,25.467606,195.8701934814453,5,"COPDEM30",479
"RGI2000-v7.0-G-18-01235","18","18-01","G169679E43782S",771392,749,"2000-04-13T00:00:00",169.67871788370525,-43.7819,59,0.103851954242833,0,0,0,9,"",0,169.68171188418256,-43.78371706226096,1564.9161,1746.8154,1646.9866,1651.4291,26.051077,177.9118,5,"COPDEM30",562
"RGI2000-v7.0-G-18-01236","18","18-01","G169700E43777S",771424,749,"2000-04-13T00:00:00",169.69889425828802,-43.7765295,59,0.036337504708733,0,0,0,9,"",0,169.69761245892974,-43.776019106033786,1293.6625,1443.9465,1320.58,1331.7163,21.75715,344.6636772155762,1,"COPDEM30",302
"RGI2000-v7.0-G-18-01237","18","18-01","G169706E43776S",771433,749,"2000-04-13T00:00:00",169.7059608062701,-43.7759245,59,0.012152198229859,0,0,0,9,"",0,169.70566207491032,-43.776742193825925,1545.3956,1662.1088,1591.7222,1596.8473,29.708824,232.74563598632807,6,"COPDEM30",233
"RGI2000-v7.0-G-18-01238","18","18-01","G169707E43778S",771437,749,"2000-04-13T00:00:00",169.7065914004279,-43.777759,59,0.01436453605246,0,0,0,9,"",0,169.70525530096916,-43.77763246526739,1506.5735,1637.6267,1577.4475,1572.5468,31.87933,263.5060806274414,7,"COPDEM30",222
"RGI2000-v7.0-G-18-01239","18","18-01","G169716E43771S",771449,749,"2000-04-13T00:00:00",169.71550173101267,-43.77073,59,0.014535137155675,0,0,0,9,"",0,169.71443763719472,-43.77120528562375,1439.999,1836.6869,1695.397,1668.9681,39.718277,46.81309,2,"COPDEM30",305
"RGI2000-v7.0-G-18-01240","18","18-01","G169709E43769S",771436,749,"2000-04-13T00:00:00",169.70745170324858,-43.7677915,59,0.089335825993181,0,0,0,9,"",0,169.7091378107815,-43.76899986882331,1936.2872,2120.9045,2049.4263,2044.2174,30.341478,90.79984,3,"COPDEM30",466
"RGI2000-v7.0-G-18-01241","18","18-01","G169703E43762S",771427,749,"2000-04-13T00:00:00",169.70141420754715,-43.763118,59,0.045358382221153,0,0,0,9,"",0,169.70000170309518,-43.76450415116359,2005.7633,2178.1313,2141.1997,2132.216,25.785599,209.7517547607422,6,"COPDEM30",370
"RGI2000-v7.0-G-18-01242","18","18-01","G169698E43770S",771422,749,"2000-04-13T00:00:00",169.69759548863635,-43.7700495,59,0.030544126758267,0,0,0,9,"",0,169.69555200379074,-43.770697237035925,1284.3992,1517.4275,1355.2771,1370.8225,30.705343,220.91531372070312,6,"COPDEM30",402
"RGI2000-v7.0-G-18-01243","18","18-01","G169756E43727S",771472,749,"2000-04-13T00:00:00",169.7544165029839,-43.726690000000005,59,0.226625347617134,0,0,0,9,"",0,169.74931700980093,-43.72568781193491,1600.4641,1950.1045,1760.9408,1756.7803,30.59234,217.14474487304688,6,"COPDEM30",653
"RGI2000-v7.0-G-18-01244","18","18-01","G169757E43720S",771475,749,"2000-04-13T00:00:00",169.75603231053512,-43.7200085,59,0.131329797060735,0,0,0,9,"",0,169.75969357679656,-43.72250482870816,1769.8602,2023.7948,1944.4578,1942.438,28.103472,83.17976,3,"COPDEM30",495
"RGI2000-v7.0-G-18-01245","18","18-01","G169785E43732S",771526,749,"2000-04-13T00:00:00",169.78469645605787,-43.7323405,59,0.020922527921692,0,0,0,9,"",0,169.7842351846695,-43.73335833603294,1473.116,1635.6937,1532.3121,1537.3297,34.549946,207.0785522460937,6,"COPDEM30",241
"RGI2000-v7.0-G-18-01246","18","18-01","G169790E43735S",771532,749,"2000-04-13T00:00:00",169.78912538816303,-43.734287,59,0.014358414039143,0,0,0,9,"",0,169.7882095619923,-43.73501211326563,1479.2778,1595.7886,1539.2551,1539.1742,35.550907,187.3334045410156,5,"COPDEM30",219
"RGI2000-v7.0-G-18-01247","18","18-01","G169797E43736S",771560,749,"2000-04-13T00:00:00",169.7987898344,-43.736226,59,0.017500220380297,0,0,0,9,"",0,169.79754343048543,-43.7375491519756,1554.8457,1737.6823,1649.3722,1649.2415,32.135586,219.34913635253903,6,"COPDEM30",339
"RGI2000-v7.0-G-18-01248","18","18-01","G169799E43738S",771561,749,"2000-04-13T00:00:00",169.7994945079846,-43.738031500000005,59,0.02444280022603,0,0,0,9,"",0,169.79804960920893,-43.738330544167084,1549.6284,1673.3765,1604.9058,1606.7075,33.004684,253.5858764648437,7,"COPDEM30",240
"RGI2000-v7.0-G-18-01249","18","18-01","G169804E43740S",771569,749,"2000-04-13T00:00:00",169.80501873261665,-43.73883,59,0.012293107936905,0,0,0,9,"",0,169.80219239211524,-43.74056779651716,1587.6063,1927.8313,1746.389,1756.2042,45.139153,186.86607360839844,5,"COPDEM30",462
"RGI2000-v7.0-G-18-01250","18","18-01","G169808E43742S",771570,749,"2000-04-13T00:00:00",169.80820800801283,-43.741426000000004,59,0.181836334644942,0,0,0,9,"",0,169.80517318643646,-43.74278218171681,1676.9879,2062.1978,1805.2218,1816.1399,29.273973,234.24286651611328,6,"COPDEM30",642
"RGI2000-v7.0-G-18-01251","18","18-01","G169813E43745S",771573,749,"2000-04-13T00:00:00",169.81280245192306,-43.745252,59,0.035916665092434,0,0,0,9,"",0,169.81186935473536,-43.746454452518876,1778.301,2013.0164,1875.9346,1885.6414,34.12191,216.4140625,6,"COPDEM30",357
"RGI2000-v7.0-G-18-01252","18","18-01","G169818E43746S",771577,749,"2000-04-13T00:00:00",169.81828421662277,-43.7453575,59,0.046907131882828,0,0,0,9,"",0,169.81561927810057,-43.74750234956716,1633.6759,2009.6107,1794.6991,1822.1545,35.660385,176.40045,5,"COPDEM30",614
"RGI2000-v7.0-G-18-01253","18","18-01","G169828E43744S",771587,749,"2000-04-13T00:00:00",169.8277608209169,-43.74594999999999,59,1.977762450394675,0,0,0,9,"",0,169.83563817064763,-43.754626241417775,1097.9946,2215.4756,1877.4508,1812.6698,25.07035,157.00175,4,"COPDEM30",2513
"RGI2000-v7.0-G-18-01254","18","18-01","G169840E43745S",771596,749,"2000-04-13T00:00:00",169.84038024685225,-43.744799,59,0.03578876156015,0,0,0,9,"",0,169.8380563635294,-43.74657547047014,1548.3972,1850.9183,1760.7336,1741.7542,41.56915,171.67862,5,"COPDEM30",490
"RGI2000-v7.0-G-18-01255","18","18-01","G169848E43747S",771610,749,"2000-04-13T00:00:00",169.84751114689254,-43.746719,59,0.340863547199155,0,0,0,9,"",0,169.83993869884767,-43.74691997134398,1582.5012,2012.3087,1853.9854,1852.226,30.022007,231.8524627685547,6,"COPDEM30",790
"RGI2000-v7.0-G-18-01256","18","18-01","G169849E43744S",771611,749,"2000-04-13T00:00:00",169.84932256976742,-43.7437465,59,0.027181257119001,0,0,0,9,"",0,169.85036704087676,-43.74277803529789,1804.2006,1995.5348,1913.1229,1914.7662,39.253506,28.776194,2,"COPDEM30",247
"RGI2000-v7.0-G-18-01257","18","18-01","G169854E43742S",771621,749,"2000-04-13T00:00:00",169.85409281243193,-43.742467000000005,59,0.037907777611157,0,0,0,9,"",0,169.85470051022227,-43.741238374548224,1347.2626,1584.6743,1406.9053,1418.49,38.301674,54.117916,2,"COPDEM30",305
"RGI2000-v7.0-G-18-01258","18","18-01","G169862E43746S",771632,749,"2000-04-13T00:00:00",169.86091210294117,-43.746589,59,0.043482676354135,0,0,0,9,"",0,169.86170097280277,-43.74618923389645,1750.6053,2072.582,1835.5162,1854.4792,37.704556,336.53544998168945,8,"COPDEM30",329
"RGI2000-v7.0-G-18-01259","18","18-01","G169870E43747S",771637,749,"2000-04-13T00:00:00",169.86799411057692,-43.746934499999995,59,0.087953782042919,0,0,0,9,"",0,169.86865830374546,-43.744611990541316,1810.848,2082.67,1919.5508,1924.1481,36.751423,23.947,2,"COPDEM30",703
"RGI2000-v7.0-G-18-01260","18","18-01","G169879E43744S",771646,749,"2000-04-13T00:00:00",169.87967281679389,-43.744177,59,0.015685975805719,0,0,0,9,"",0,169.87867589331213,-43.743110560674936,1237.1167,1425.9412,1290.5305,1296.6654,27.799986,5.413975,1,"COPDEM30",185
"RGI2000-v7.0-G-18-01261","18","18-01","G169884E43747S",771650,749,"2000-04-13T00:00:00",169.88363934349593,-43.747123,59,0.043591133933088,0,0,0,9,"",0,169.88448544166462,-43.745423523771116,1319.3906,1637.5089,1417.2212,1428.6964,34.133354,26.784924,2,"COPDEM30",464
"RGI2000-v7.0-G-18-01262","18","18-01","G169886E43755S",771656,749,"2000-04-13T00:00:00",169.8860745844936,-43.75533,59,0.203852463174296,0,0,0,9,"",0,169.8861417871562,-43.75819481848755,1562.7466,2040.4429,1828.3282,1823.8961,40.127235,134.1023,4,"COPDEM30",815
"RGI2000-v7.0-G-18-01263","18","18-01","G169881E43759S",771647,749,"2000-04-13T00:00:00",169.87999689759036,-43.7584085,59,0.110353942097187,0,0,0,9,"",0,169.88021644604802,-43.760506425021696,1645.7252,1909.5968,1760.22,1771.999,33.205452,195.6160125732422,5,"COPDEM30",484
"RGI2000-v7.0-G-18-01264","18","18-01","G169872E43755S",771641,749,"2000-04-13T00:00:00",169.87244813986013,-43.755362000000005,59,0.389704739410676,0,0,0,9,"",0,169.86955232185917,-43.75848870274743,1750.8208,2339.7583,2009.6157,2013.7595,40.592247,147.09845,4,"COPDEM30",920
"RGI2000-v7.0-G-18-01265","18","18-01","G169873E43763S",771642,749,"2000-04-13T00:00:00",169.87169000954637,-43.7605805,59,0.723251873714322,0,0,0,9,"",0,169.87950546535305,-43.767701058433225,1054.8405,2038.9692,1405.3019,1483.1925,27.146341,155.82753,4,"COPDEM30",2287
"RGI2000-v7.0-G-18-01266","18","18-01","G169861E43762S",771628,749,"2000-04-13T00:00:00",169.86042442500002,-43.761391,59,0.04018383845439,0,0,0,9,"",0,169.8606613929259,-43.76264659367116,1884.0369,2135.034,2024.9908,2019.1123,51.457672,118.27401,4,"COPDEM30",225
"RGI2000-v7.0-G-18-01267","18","18-01","G169857E43765S",771626,749,"2000-04-13T00:00:00",169.85680095766162,-43.764061999999996,59,0.158094868157925,0,0,0,9,"",0,169.85384438548866,-43.76451579766979,1814.8688,2119.7878,1972.197,1970.691,31.269053,232.399040222168,6,"COPDEM30",443
"RGI2000-v7.0-G-18-01268","18","18-01","G169857E43767S",771627,749,"2000-04-13T00:00:00",169.85708043481594,-43.7672175,59,0.015481410463124,0,0,0,9,"",0,169.8560223749362,-43.76681068252202,1841.1515,1900.6825,1872.9117,1871.5176,19.87669,264.7962417602539,7,"COPDEM30",176
"RGI2000-v7.0-G-18-01269","18","18-01","G169862E43770S",771629,749,"2000-04-13T00:00:00",169.86027674066395,-43.769501500000004,59,0.150100489951921,0,0,0,9,"",0,169.865138085104,-43.77333963847478,1319.3368,1906.4034,1661.6313,1627.437,33.74556,144.13579,4,"COPDEM30",1028
"RGI2000-v7.0-G-18-01270","18","18-01","G169865E43767S",771634,749,"2000-04-13T00:00:00",169.86307952679397,-43.766472,59,0.022169031185975,0,0,0,9,"",0,169.86472617739696,-43.76659237225504,1745.0315,1897.9467,1817.532,1816.2816,28.289248,139.85344,4,"COPDEM30",370
"RGI2000-v7.0-G-18-01271","18","18-01","G169856E43772S",771624,749,"2000-04-13T00:00:00",169.85635616801915,-43.772387,59,0.137105853630774,0,0,0,9,"",0,169.85706211200508,-43.77446186784323,1676.1399,2008.4082,1831.7009,1837.0941,34.605072,123.129974,4,"COPDEM30",585
"RGI2000-v7.0-G-18-01272","18","18-01","G169850E43773S",771613,749,"2000-04-13T00:00:00",169.84971995754717,-43.7730125,59,0.178516354750911,0,0,0,9,"",0,169.84743290355678,-43.77537445519657,1756.3037,2021.857,1940.4669,1930.2415,25.151531,215.4403076171875,6,"COPDEM30",598
"RGI2000-v7.0-G-18-01273","18","18-01","G169845E43772S",771606,749,"2000-04-13T00:00:00",169.84466583907405,-43.7716395,59,0.02161638976981,0,0,0,9,"",0,169.84387008810765,-43.7716889826292,1802.3173,1949.9906,1884.8706,1880.284,32.22638,233.2638778686524,6,"COPDEM30",273
"RGI2000-v7.0-G-18-01274","18","18-01","G169844E43763S",771604,749,"2000-04-13T00:00:00",169.84381333888888,-43.7629365,59,0.055090458341806,0,0,0,9,"",0,169.84219168890922,-43.76218663491444,1345.362,1483.9276,1385.9198,1393.2511,20.406372,251.78565979003903,7,"COPDEM30",329
"RGI2000-v7.0-G-18-01275","18","18-01","G169849E43763S",771612,749,"2000-04-13T00:00:00",169.84873453452676,-43.7628495,59,0.036660652449208,0,0,0,9,"",0,169.8463848751604,-43.76314621438943,1458.2484,1660.824,1561.8047,1559.8074,28.885906,242.3396148681641,6,"COPDEM30",401
"RGI2000-v7.0-G-18-01276","18","18-01","G169852E43760S",771616,749,"2000-04-13T00:00:00",169.85236831722688,-43.7599315,59,0.028471153944451,0,0,0,9,"",0,169.85137813538583,-43.7613293089078,1731.4696,1975.125,1827.102,1840.1436,37.15414,182.0682373046875,5,"COPDEM30",352
"RGI2000-v7.0-G-18-01277","18","18-01","G169851E43758S",771615,749,"2000-04-13T00:00:00",169.85070566666664,-43.758340000000004,59,0.011829560127976,0,0,0,9,"",0,169.84990070711294,-43.75901750660119,1934.2855,2003.0292,1970.3486,1967.8605,22.592823,275.98401641845703,7,"COPDEM30",219
"RGI2000-v7.0-G-18-01278","18","18-01","G169856E43753S",771623,749,"2000-04-13T00:00:00",169.85628612016652,-43.7530945,59,1.6661165495807,0,0,0,9,"",0,169.84027235812533,-43.75221487828179,1336.1018,2390.1008,2021.4956,1996.3446,24.53025,258.42857360839844,7,"COPDEM30",2385
"RGI2000-v7.0-G-18-01279","18","18-01","G169842E43739S",771598,749,"2000-04-13T00:00:00",169.8423167322335,-43.7387175,59,0.015254341656822,0,0,0,9,"",0,169.84296970521194,-43.738350721800515,1326.3746,1467.59,1388.801,1386.3657,48.25382,52.853695,2,"COPDEM30",156
"RGI2000-v7.0-G-18-01280","18","18-01","G169825E43735S",771585,749,"2000-04-13T00:00:00",169.82455212758623,-43.734434,59,0.011998918752317,0,0,0,9,"",0,169.823476884505,-43.73361029098466,1780.0621,1948.8918,1861.0217,1857.4949,39.070084,345.2459726333618,1,"COPDEM30",223
"RGI2000-v7.0-G-18-01281","18","18-01","G169823E43736S",771582,749,"2000-04-13T00:00:00",169.8229032364865,-43.736588499999996,59,0.050495661204586,0,0,0,9,"",0,169.82259749294343,-43.73530170635023,1917.8651,2230.6968,2136.964,2125.2021,31.373728,61.465202,2,"COPDEM30",563
"RGI2000-v7.0-G-18-01282","18","18-01","G169821E43734S",771581,749,"2000-04-13T00:00:00",169.8211453136418,-43.7341215,59,0.011995848195593,0,0,0,9,"",0,169.82092728184884,-43.733030381837494,1774.0361,1955.9304,1869.333,1867.5897,49.09409,41.246056,2,"COPDEM30",272
"RGI2000-v7.0-G-18-01283","18","18-01","G169815E43735S",771576,749,"2000-04-13T00:00:00",169.8150530125241,-43.7360815,59,0.186134371792377,0,0,0,9,"",0,169.81370219707324,-43.733819023502555,1816.0742,2110.851,1957.2305,1960.4067,31.400322,333.7951602935791,8,"COPDEM30",551
"RGI2000-v7.0-G-18-01284","18","18-01","G169813E43751S",771574,749,"2000-04-13T00:00:00",169.8131197969417,-43.7512415,59,0.033347201403162,0,0,0,9,"",0,169.81161449783505,-43.75264617027757,1265.5059,1447.3016,1339.704,1342.6824,28.335798,180.8934936523437,5,"COPDEM30",377
"RGI2000-v7.0-G-18-01285","18","18-01","G169791E43726S",771534,749,"2000-04-13T00:00:00",169.79031442572773,-43.724667,59,0.026702826606075,0,0,0,9,"",0,169.79083870791223,-43.724939982654604,1819.9797,1902.935,1858.9484,1858.7834,24.908648,117.3068,4,"COPDEM30",240
"RGI2000-v7.0-G-18-01286","18","18-01","G169783E43683S",771522,749,"2000-04-13T00:00:00",169.78288592625967,-43.683439,59,0.080622703897431,0,0,0,9,"",0,169.7812699315068,-43.68475860643161,1650.1648,1973.9308,1816.5032,1814.8699,34.2834,194.8071746826172,5,"COPDEM30",538
"RGI2000-v7.0-G-18-01287","18","18-01","G169780E43683S",771516,749,"2000-04-13T00:00:00",169.77957042056158,-43.682142,59,0.113292206319251,0,0,0,9,"",0,169.7765431360372,-43.683752192757694,1622.5485,1936.2765,1783.5875,1787.5739,29.616522,198.36192321777344,5,"COPDEM30",615
"RGI2000-v7.0-G-18-01288","18","18-01","G169780E43655S",771520,749,"2000-04-13T00:00:00",169.782029504298,-43.654196999999996,59,0.03703451124221,0,0,0,9,"",0,169.7807981889035,-43.6548523531232,1765.2688,1883.2369,1816.4318,1821.468,25.501017,184.7231903076172,5,"COPDEM30",239
"RGI2000-v7.0-G-18-01289","18","18-01","G169777E43650S",771513,749,"2000-04-13T00:00:00",169.77699975,-43.6512495,59,0.018925268227843,0,0,0,9,"",0,169.77659535030583,-43.651895761391664,1946.7166,1985.9861,1972.8844,1970.1516,22.120224,174.67348,5,"COPDEM30",104
"RGI2000-v7.0-G-18-01290","18","18-01","G169869E43731S",771639,749,"2000-04-13T00:00:00",169.8697261054647,-43.730895,59,0.018790002602518,0,0,0,9,"",0,169.8717061890501,-43.730033396077594,1340.5958,1501.0477,1395.1763,1408.1234,31.086369,101.832634,3,"COPDEM30",403
"RGI2000-v7.0-G-18-01291","18","18-01","G169894E43752S",771670,749,"2000-04-13T00:00:00",169.89300620660146,-43.7526715,59,0.100846597146534,0,0,0,9,"",0,169.89419636991124,-43.754282398154736,1495.7162,1830.3743,1653.0,1657.995,36.940403,156.47514,4,"COPDEM30",540
"RGI2000-v7.0-G-18-01292","18","18-01","G169895E43757S",771674,749,"2000-04-13T00:00:00",169.89544242307693,-43.755114,59,0.220801176161326,0,0,0,9,"",0,169.89202736980312,-43.760066350940974,1160.3806,1764.3127,1479.956,1462.7487,29.700052,174.82698,5,"COPDEM30",1323
"RGI2000-v7.0-G-18-01293","18","18-01","G169890E43760S",771662,749,"2000-04-13T00:00:00",169.8903608718237,-43.7600425,59,0.031628790320361,0,0,0,9,"",0,169.89127859131258,-43.761371253564064,1101.986,1285.0302,1183.1708,1185.1152,31.838482,146.34834,4,"COPDEM30",307
"RGI2000-v7.0-G-18-01294","18","18-01","G169892E43765S",771667,749,"2000-04-13T00:00:00",169.8915807073093,-43.7646075,59,0.03208606252813,0,0,0,9,"",0,169.88992826283575,-43.76740328366539,852.51495,1068.5566,978.61053,964.4767,24.439552,177.22028,5,"COPDEM30",647
"RGI2000-v7.0-G-18-01295","18","18-01","G169904E43751S",771683,749,"2000-04-13T00:00:00",169.90539800923915,-43.7504,59,0.133234991852257,0,0,0,9,"",0,169.90516608832957,-43.75161452420439,1555.8657,1773.003,1643.1709,1650.4312,30.47538,154.27289,4,"COPDEM30",400
"RGI2000-v7.0-G-18-01296","18","18-01","G169907E43749S",771686,749,"2000-04-13T00:00:00",169.90700147235074,-43.749404999999996,59,0.026614941237004,0,0,0,9,"",0,169.90946025718452,-43.74896988415563,1565.705,1750.3019,1648.7538,1652.9084,38.555595,144.16043,4,"COPDEM30",355
"RGI2000-v7.0-G-18-01297","18","18-01","G169915E43748S",771690,749,"2000-04-13T00:00:00",169.91120444210912,-43.749915,59,0.066303081373515,0,0,0,9,"",0,169.9120593946676,-43.75269711325546,1297.2714,1604.0917,1501.2112,1483.827,27.394516,171.58302,5,"COPDEM30",717
"RGI2000-v7.0-G-18-01298","18","18-01","G169917E43748S",771695,749,"2000-04-13T00:00:00",169.9174363755239,-43.748416500000005,59,0.014058079659805,0,0,0,9,"",0,169.91761253179715,-43.74913599300041,1438.406,1521.1371,1479.9646,1480.4811,25.377974,156.15341,4,"COPDEM30",190
"RGI2000-v7.0-G-18-01299","18","18-01","G169920E43747S",771700,749,"2000-04-13T00:00:00",169.9203866957783,-43.7466225,59,0.048008555124822,0,0,0,9,"",0,169.9187211426332,-43.747817397762,1499.4368,1655.0244,1572.2996,1571.4744,26.681503,178.78,5,"COPDEM30",375
"RGI2000-v7.0-G-18-01300","18","18-01","G169920E43744S",771699,749,"2000-04-13T00:00:00",169.92014209259258,-43.743928,59,0.015142293613486,0,0,0,9,"",0,169.91986545933068,-43.744329474777416,1734.3685,1796.7568,1763.8088,1764.3484,41.34269,156.95088,4,"COPDEM30",95
"RGI2000-v7.0-G-18-01301","18","18-01","G169925E43743S",771706,749,"2000-04-13T00:00:00",169.92483874991026,-43.742962500000004,59,0.0776972313848,0,0,0,9,"",0,169.92378372677481,-43.74497455415998,1579.6285,1853.5396,1712.3394,1713.6646,33.999496,163.34312,5,"COPDEM30",513
"RGI2000-v7.0-G-18-01302","18","18-01","G169925E43746S",771707,749,"2000-04-13T00:00:00",169.92543920422537,-43.746153,59,0.019291978661133,0,0,0,9,"",0,169.92606500042592,-43.74694525505772,1410.2134,1538.4661,1453.998,1463.2766,26.53663,137.36766,4,"COPDEM30",261
"RGI2000-v7.0-G-18-01303","18","18-01","G169960E43739S",771760,749,"2000-04-13T00:00:00",169.95959968728522,-43.738511,59,0.088623874115035,0,0,0,9,"",0,169.9567271522933,-43.74092167015888,1733.5289,2070.265,1892.3916,1890.7869,25.30811,221.94223022460932,6,"COPDEM30",780
"RGI2000-v7.0-G-18-01304","18","18-01","G169960E43741S",771768,749,"2000-04-13T00:00:00",169.96335414402986,-43.739166,59,0.141036163837353,0,0,0,9,"",0,169.96017136723967,-43.74183292296913,1794.6647,2300.2227,2036.0657,2035.6035,32.096462,240.2626495361328,6,"COPDEM30",920
"RGI2000-v7.0-G-18-01305","18","18-01","G169967E43740S",771775,749,"2000-04-13T00:00:00",169.96735616369045,-43.739709000000005,59,0.023285069411082,0,0,0,9,"",0,169.96567772381377,-43.74058683503459,2112.2664,2294.3296,2221.7441,2211.3157,34.633957,251.89002227783203,7,"COPDEM30",334
"RGI2000-v7.0-G-18-01306","18","18-01","G169974E43746S",771780,749,"2000-04-13T00:00:00",169.96806673395548,-43.743557499999994,59,0.369447390476875,0,0,0,9,"",0,169.961693694281,-43.744329083314305,1817.9164,2548.2795,2118.1685,2146.807,28.615622,266.91688537597656,7,"COPDEM30",1570
"RGI2000-v7.0-G-18-01307","18","18-01","G169973E43749S",771781,749,"2000-04-13T00:00:00",169.9678877875,-43.7467095,59,0.043767178821266,0,0,0,9,"",0,169.9655083115028,-43.746636828712404,2007.5365,2265.2505,2120.3972,2124.1426,32.746788,291.3304138183594,7,"COPDEM30",441
"RGI2000-v7.0-G-18-01308","18","18-01","G169969E43752S",771776,749,"2000-04-13T00:00:00",169.96726597413794,-43.751242500000004,59,0.222864096321483,0,0,0,9,"",0,169.96162460409434,-43.753565508712676,1766.0271,2284.0251,2003.596,2025.642,27.407755,224.4311065673828,6,"COPDEM30",1149
"RGI2000-v7.0-G-18-01309","18","18-01","G169968E43754S",771782,749,"2000-04-13T00:00:00",169.96817613300493,-43.754481,59,0.020408340166412,0,0,0,9,"",0,169.96658343463506,-43.755908899910295,1747.5035,1958.5753,1860.1857,1854.9674,30.857857,193.6572265625,5,"COPDEM30",418
"RGI2000-v7.0-G-18-01310","18","18-01","G169967E43768S",771777,749,"2000-04-13T00:00:00",169.96651054340276,-43.767421,59,0.011852138931907,0,0,0,9,"",0,169.96590082607406,-43.76768050543405,2179.7507,2219.2063,2195.9749,2197.2446,13.818546,254.97348022460932,7,"COPDEM30",190
"RGI2000-v7.0-G-18-01311","18","18-01","G169973E43767S",771792,749,"2000-04-13T00:00:00",169.97434343588537,-43.7668905,59,0.029167656334632,0,0,0,9,"",0,169.9720634604051,-43.7660283132709,2011.5986,2176.4578,2096.0493,2091.9075,35.367447,328.4298286437988,8,"COPDEM30",377
"RGI2000-v7.0-G-18-01312","18","18-01","G169986E43766S",771800,749,"2000-04-13T00:00:00",169.98081126878418,-43.7680665,59,0.338353587755623,0,0,0,9,"",0,169.99284821140046,-43.771933867814475,1279.7869,2020.1304,1580.6577,1588.9053,31.009596,126.723976,4,"COPDEM30",1616
"RGI2000-v7.0-G-18-01313","18","18-01","G169987E43763S",771807,749,"2000-04-13T00:00:00",169.9867853916392,-43.762684500000006,59,0.182053857594875,0,0,0,9,"",0,169.98792612592746,-43.76554670489877,1750.4448,2239.5225,2030.4445,2021.3779,38.708263,153.04962,4,"COPDEM30",841
"RGI2000-v7.0-G-18-01314","18","18-01","G169993E43762S",771810,749,"2000-04-13T00:00:00",169.9930419702995,-43.761995999999996,59,0.01412301334206,0,0,0,9,"",0,169.9941233103858,-43.76220767895554,1948.2981,1997.5525,1965.3728,1967.5885,21.917187,153.63144,4,"COPDEM30",219
"RGI2000-v7.0-G-18-01315","18","18-01","G170001E43765S",771826,749,"2000-04-13T00:00:00",170.00160993972037,-43.764120000000005,59,0.015294718502968,0,0,0,9,"",0,170.00059008699793,-43.76528437241134,1558.8904,1709.5665,1637.8795,1629.7922,31.055449,187.5158843994141,5,"COPDEM30",335
"RGI2000-v7.0-G-18-01316","18","18-01","G170003E43759S",771828,749,"2000-04-13T00:00:00",170.00281807142608,-43.7592285,59,0.022878149626473,0,0,0,9,"",0,170.00311673626413,-43.75836784641538,1905.7131,2022.893,1952.9071,1957.7191,32.078583,20.21325,1,"COPDEM30",258
"RGI2000-v7.0-G-18-01317","18","18-01","G170003E43760S",771831,749,"2000-04-13T00:00:00",170.0068481497996,-43.758483999999996,59,0.03182224579483,0,0,0,9,"",0,170.00582840371519,-43.756795560940205,1884.5736,2068.5273,1976.9131,1975.8978,33.299587,305.9891929626465,8,"COPDEM30",408
"RGI2000-v7.0-G-18-01318","18","18-01","G170012E43763S",771845,749,"2000-04-13T00:00:00",170.01240557361376,-43.7604455,59,0.175717309905624,0,0,0,9,"",0,170.01194842830773,-43.757709864027376,2084.3132,2335.1562,2240.2039,2236.5825,25.938114,302.1682319641113,8,"COPDEM30",582
"RGI2000-v7.0-G-18-01319","18","18-01","G170011E43765S",771841,749,"2000-04-13T00:00:00",170.01099906265665,-43.764901,59,0.011329817201113,0,0,0,9,"",0,170.0081430339582,-43.765049685949336,1881.4854,2118.945,2027.5295,2013.6415,46.584393,209.6392364501953,6,"COPDEM30",325
"RGI2000-v7.0-G-18-01320","18","18-01","G170015E43771S",771850,749,"2000-04-13T00:00:00",170.0151737737061,-43.7667135,59,0.065504032021604,0,0,0,9,"",0,170.009796545703,-43.76691579843229,1947.0875,2317.8357,2081.6826,2084.4663,32.840782,256.24156188964844,7,"COPDEM30",439
"RGI2000-v7.0-G-18-01321","18","18-01","G170016E43770S",771852,749,"2000-04-13T00:00:00",170.01573971634633,-43.769510499999996,59,0.018980389036871,0,0,0,9,"",0,170.01446821896178,-43.76891026960575,2143.7588,2195.626,2169.969,2169.659,20.19885,342.66747283935547,1,"COPDEM30",166
"RGI2000-v7.0-G-18-01322","18","18-01","G170020E43772S",771859,749,"2000-04-13T00:00:00",170.01812519486916,-43.77002400000001,59,0.037331310221374,0,0,0,9,"",0,170.02263583398303,-43.77031954054788,1934.8503,2204.5317,2145.159,2121.733,35.88147,132.92891,4,"COPDEM30",418
"RGI2000-v7.0-G-18-01323","18","18-01","G170014E43775S",771847,749,"2000-04-13T00:00:00",170.01399163759396,-43.773168,59,0.068701246185017,0,0,0,9,"",0,170.01142642041447,-43.775161429622074,1804.1023,2198.105,1945.9476,1966.6521,40.295677,182.2541656494141,5,"COPDEM30",609
"RGI2000-v7.0-G-18-01324","18","18-01","G170012E43777S",771846,749,"2000-04-13T00:00:00",170.0115369980003,-43.7766655,59,0.022944429963512,0,0,0,9,"",0,170.0122487026869,-43.77772325951698,1654.4451,1766.0416,1702.8282,1704.7864,26.666864,159.48604,5,"COPDEM30",279
"RGI2000-v7.0-G-18-01325","18","18-01","G170011E43770S",771842,749,"2000-04-13T00:00:00",170.01140373965993,-43.7696085,59,0.02265010440206,0,0,0,9,"",0,170.01105717620604,-43.76887527142172,2037.115,2124.4165,2069.2463,2072.9204,25.711597,335.2270793914795,8,"COPDEM30",218
"RGI2000-v7.0-G-18-01326","18","18-01","G170031E43764S",771887,749,"2000-04-13T00:00:00",170.02643563837285,-43.760909999999996,59,1.607144790457019,0,0,0,9,"",0,170.0201759043285,-43.75419641708977,1818.8915,2485.6724,2233.5696,2213.4626,19.603998,344.6666755676269,1,"COPDEM30",2114
"RGI2000-v7.0-G-18-01327","18","18-01","G170043E43759S",771935,749,"2000-04-13T00:00:00",170.04076107883128,-43.7571845,59,1.930239129364603,0,0,0,9,"",0,170.04070852536205,-43.74908794162751,1812.0255,2509.8235,2126.488,2137.7585,20.701101,351.10303592681885,1,"COPDEM30",2281
"RGI2000-v7.0-G-18-01328","18","18-01","G170043E43765S",771937,749,"2000-04-13T00:00:00",170.04219836502102,-43.765113,59,0.025490002368431,0,0,0,9,"",0,170.04138236197926,-43.76475212355183,2422.7273,2529.7427,2440.3547,2453.8882,20.371874,249.69439697265625,7,"COPDEM30",292
"RGI2000-v7.0-G-18-01329","18","18-01","G170038E43772S",771928,749,"2000-04-13T00:00:00",170.03754494647296,-43.769788500000004,59,0.048283293187144,0,0,0,9,"",0,170.03725716197462,-43.77095167382366,1881.9188,2107.5627,1976.7278,1978.8679,42.21754,175.21857,5,"COPDEM30",253
"RGI2000-v7.0-G-18-01330","18","18-01","G170048E43773S",771940,749,"2000-04-13T00:00:00",170.0466983414176,-43.771274,59,0.118243929205948,0,0,0,9,"",0,170.0441007350321,-43.7730815445106,1603.9121,1905.1218,1714.1991,1722.172,35.659565,181.1362152099609,5,"COPDEM30",604
"RGI2000-v7.0-G-18-01331","18","18-01","G170051E43770S",771950,749,"2000-04-13T00:00:00",170.05137858041957,-43.7697415,59,0.020037370992987,0,0,0,9,"",0,170.0506667573833,-43.77068108939219,1825.5204,2017.0267,1951.4113,1947.3103,38.49338,200.2616424560547,5,"COPDEM30",265
"RGI2000-v7.0-G-18-01332","18","18-01","G170058E43771S",771968,749,"2000-04-13T00:00:00",170.05760703661088,-43.769596,59,0.062787413423792,0,0,0,9,"",0,170.05906044623148,-43.769385655448566,2033.3398,2197.4211,2131.113,2124.5947,33.10492,61.64796,2,"COPDEM30",314
"RGI2000-v7.0-G-18-01333","18","18-01","G170060E43768S",771972,749,"2000-04-13T00:00:00",170.06011570943397,-43.76771,59,0.010401901741222,0,0,0,9,"",0,170.06068250685743,-43.76667575826009,1853.2487,1986.0687,1903.769,1909.9866,30.18116,31.024412,2,"COPDEM30",251
"RGI2000-v7.0-G-18-01334","18","18-01","G170058E43762S",771965,749,"2000-04-13T00:00:00",170.05699710609758,-43.7611365,59,0.219062719774256,0,0,0,9,"",0,170.06038082238547,-43.76229848459019,1905.3242,2407.8865,2157.4778,2162.3604,38.97861,127.284035,4,"COPDEM30",698
"RGI2000-v7.0-G-18-01335","18","18-01","G170064E43761S",771984,749,"2000-04-13T00:00:00",170.06325589995433,-43.758307,59,0.151812856176956,0,0,0,9,"",0,170.0649847837202,-43.760185641288864,1865.8151,2249.8738,2058.629,2061.6975,34.87256,142.53653,4,"COPDEM30",615
"RGI2000-v7.0-G-18-01336","18","18-01","G170064E43756S",771989,749,"2000-04-13T00:00:00",170.0641883489717,-43.754244,59,0.188849801964979,0,0,0,9,"",0,170.06832413822673,-43.754892784783884,1861.5454,2226.0806,2075.9036,2067.0564,33.73402,80.63996,3,"COPDEM30",588
"RGI2000-v7.0-G-18-01337","18","18-01","G170065E43751S",771991,749,"2000-04-13T00:00:00",170.0653799641837,-43.751169000000004,59,0.065847650658316,0,0,0,9,"",0,170.06817413197882,-43.75077034369053,1893.876,2094.3533,1972.43,1981.4023,37.695866,120.10156,4,"COPDEM30",354
"RGI2000-v7.0-G-18-01338","18","18-01","G170056E43753S",771964,749,"2000-04-13T00:00:00",170.0565520558712,-43.750761,59,1.135441867348938,0,0,0,9,"",0,170.05305103182613,-43.745431211588084,1992.2863,2426.5671,2181.316,2177.1313,12.844058,18.07761,1,"COPDEM30",1863
"RGI2000-v7.0-G-18-01339","18","18-01","G170052E43745S",771952,749,"2000-04-13T00:00:00",170.05158355765846,-43.745202,59,0.063896809578627,0,0,0,9,"",0,170.04987778613005,-43.74361560531813,1872.2186,2050.3074,1962.2837,1965.4698,27.443937,356.11842799186707,1,"COPDEM30",432
"RGI2000-v7.0-G-18-01340","18","18-01","G170062E43744S",771980,749,"2000-04-13T00:00:00",170.06185497479396,-43.7448305,59,0.022016242013311,0,0,0,9,"",0,170.06353876354746,-43.7441179758423,1897.1831,2100.1865,2013.5104,2004.2319,40.410507,63.22485,2,"COPDEM30",255
"RGI2000-v7.0-G-18-01341","18","18-01","G170062E43742S",771983,749,"2000-04-13T00:00:00",170.06256860110292,-43.7400125,59,0.02641997188393,0,0,0,9,"",0,170.06441950317384,-43.740824745957475,1729.7242,1897.2346,1813.1824,1810.4612,31.157347,98.97239,3,"COPDEM30",338
"RGI2000-v7.0-G-18-01342","18","18-01","G170065E43737S",771994,749,"2000-04-13T00:00:00",170.06636771069873,-43.735575499999996,59,0.02316133883454,0,0,0,9,"",0,170.0662082803496,-43.73643931644481,1737.0537,1960.0164,1809.4746,1818.3373,39.28879,163.71977,5,"COPDEM30",329
"RGI2000-v7.0-G-18-01343","18","18-01","G170064E43734S",771988,749,"2000-04-13T00:00:00",170.0637978815281,-43.7322465,59,0.033335328295043,0,0,0,9,"",0,170.06620093746824,-43.73111282704034,1868.6244,2007.9088,1941.535,1941.5936,32.911972,83.57445,3,"COPDEM30",401
"RGI2000-v7.0-G-18-01344","18","18-01","G170037E43720S",771927,749,"2000-04-13T00:00:00",170.0375628464497,-43.719212,59,0.574430817680257,0,0,0,9,"",0,170.0385143228618,-43.71161451174249,1492.4773,2362.5518,1922.1927,1921.3932,30.311138,64.9374,2,"COPDEM30",1918
"RGI2000-v7.0-G-18-01345","18","18-01","G170033E43716S",771913,749,"2000-04-13T00:00:00",170.03307177157404,-43.715978,59,0.012312452562674,0,0,0,9,"",0,170.03292908569506,-43.71562720845801,1972.0464,2197.4075,2114.9453,2105.8274,43.39277,71.026886,3,"COPDEM30",252
"RGI2000-v7.0-G-18-01346","18","18-01","G170016E43751S",771901,749,"2000-04-13T00:00:00",170.03002411301372,-43.71509399999999,59,0.016396483794056,0,0,0,9,"",0,170.0305759359906,-43.71440265681422,2299.9202,2489.224,2397.4854,2403.624,41.896152,63.520367,2,"COPDEM30",235
"RGI2000-v7.0-G-18-01347","18","18-01","G170028E43717S",771892,749,"2000-04-13T00:00:00",170.02790145330493,-43.716861,59,0.015256659567398,0,0,0,9,"",0,170.02598681818432,-43.71666938189278,2276.5334,2472.427,2402.9346,2388.2634,45.84928,260.9032669067383,7,"COPDEM30",200
"RGI2000-v7.0-G-18-01348","18","18-01","G170023E43717S",771877,749,"2000-04-13T00:00:00",170.0230852868421,-43.717127,59,0.057832022252816,0,0,0,9,"",0,170.02053511761682,-43.71808813527358,1945.7291,2245.1724,2127.5562,2107.8215,35.792698,238.89064025878903,6,"COPDEM30",486
"RGI2000-v7.0-G-18-01349","18","18-01","G170024E43717S",771876,749,"2000-04-13T00:00:00",170.0229417745992,-43.7142575,59,0.221650771927006,0,0,0,9,"",0,170.0143484526475,-43.71260676410107,1683.5007,2336.3086,2068.808,2046.2529,32.864185,274.6777038574219,7,"COPDEM30",1100
"RGI2000-v7.0-G-18-01350","18","18-01","G170027E43713S",771884,749,"2000-04-13T00:00:00",170.02642906074766,-43.7126215,59,0.012028439383586,0,0,0,9,"",0,170.02580660189352,-43.71262502688511,2302.1204,2378.6062,2346.917,2345.0417,31.581356,253.65994262695312,7,"COPDEM30",138
"RGI2000-v7.0-G-18-01351","18","18-01","G170025E43711S",771881,749,"2000-04-13T00:00:00",170.02507534006025,-43.710474,59,0.021871539723349,0,0,0,9,"",0,170.02318504622534,-43.71061275744208,2187.635,2357.3826,2296.1487,2286.5046,43.699646,215.8456573486328,6,"COPDEM30",174
"RGI2000-v7.0-G-18-01352","18","18-01","G170023E43709S",771875,749,"2000-04-13T00:00:00",170.0229221985126,-43.7088045,59,0.014529043061217,0,0,0,9,"",0,170.02207146409992,-43.709172172100324,2299.9072,2392.4155,2353.482,2351.693,34.043606,224.30303955078125,6,"COPDEM30",151
"RGI2000-v7.0-G-18-01353","18","18-01","G170019E43709S",771865,749,"2000-04-13T00:00:00",170.01880649866914,-43.7086435,59,0.045607332988702,0,0,0,9,"",0,170.0155522961073,-43.70959164133051,1971.0188,2363.8035,2098.7664,2116.857,37.941856,219.40252685546875,6,"COPDEM30",534
"RGI2000-v7.0-G-18-01354","18","18-01","G170018E43710S",771849,749,"2000-04-13T00:00:00",170.0145287790146,-43.7075775,59,0.045458792593976,0,0,0,9,"",0,170.01192728303454,-43.70868568440649,2049.2478,2336.1655,2155.812,2163.0505,46.02531,180.637924194336,5,"COPDEM30",488
"RGI2000-v7.0-G-18-01355","18","18-01","G170004E43707S",771835,749,"2000-04-13T00:00:00",170.0075837488992,-43.706720000000004,59,0.166241101568103,0,0,0,9,"",0,170.0019715070717,-43.70838813790902,1891.5588,2303.9126,2054.2556,2059.8274,30.775185,209.31021118164065,6,"COPDEM30",1144
"RGI2000-v7.0-G-18-01356","18","18-01","G170006E43704S",771834,749,"2000-04-13T00:00:00",170.00818046852555,-43.704158,59,0.076193288568843,0,0,0,9,"",0,170.0047403947934,-43.70339080479224,2090.1785,2278.7397,2173.4592,2179.385,26.259293,330.5572147369385,8,"COPDEM30",637
"RGI2000-v7.0-G-18-01357","18","18-01","G170002E43706S",771825,749,"2000-04-13T00:00:00",170.00188688775543,-43.706019,59,0.030307254306442,0,0,0,9,"",0,169.99961038866257,-43.707887574498706,1851.8873,2088.1184,1936.9974,1949.3278,33.633,180.13328552246094,5,"COPDEM30",250
"RGI2000-v7.0-G-18-01358","18","18-01","G170010E43714S",771836,749,"2000-04-13T00:00:00",170.00945757847347,-43.714697,59,0.113960605600683,0,0,0,9,"",0,170.00558354053834,-43.714024542847525,1317.1012,1503.6887,1375.1053,1382.3911,23.81127,223.72218322753903,6,"COPDEM30",721
"RGI2000-v7.0-G-18-01359","18","18-01","G170017E43720S",771853,749,"2000-04-13T00:00:00",170.0167244885159,-43.719938,59,0.079965636721186,0,0,0,9,"",0,170.01328992598914,-43.71905550918055,1545.3416,1770.3204,1667.8411,1665.7374,25.70629,269.1074447631836,7,"COPDEM30",541
"RGI2000-v7.0-G-18-01360","18","18-01","G170024E43722S",771885,749,"2000-04-13T00:00:00",170.02594488646554,-43.720727999999994,59,0.196793219301384,0,0,0,9,"",0,170.0242360531396,-43.71948937105542,1798.3207,2281.173,2081.7173,2071.395,34.362316,274.7629699707031,7,"COPDEM30",469
"RGI2000-v7.0-G-18-01361","18","18-01","G170031E43721S",771906,749,"2000-04-13T00:00:00",170.03131252459016,-43.7208505,59,0.017380683246047,0,0,0,9,"",0,170.0326888288532,-43.72041004502383,2286.7568,2397.3015,2372.2407,2362.197,31.772905,81.94785,3,"COPDEM30",147
"RGI2000-v7.0-G-18-01362","18","18-01","G170022E43727S",771871,749,"2000-04-13T00:00:00",170.02246595335822,-43.7259255,59,0.193410024777301,0,0,0,9,"",0,170.0201463089226,-43.723391561528516,2014.4089,2455.308,2222.7314,2219.5083,34.76705,325.01461029052734,8,"COPDEM30",750
"RGI2000-v7.0-G-18-01363","18","18-01","G170017E43730S",771854,749,"2000-04-13T00:00:00",170.01725925872094,-43.7273775,59,0.010390689264558,0,0,0,9,"",0,170.0164390806928,-43.726972366674,2282.568,2357.47,2311.673,2313.4697,33.57938,347.99217224121094,1,"COPDEM30",137
"RGI2000-v7.0-G-18-01364","18","18-01","G170013E43730S",771843,749,"2000-04-13T00:00:00",170.01181940537384,-43.7277735,59,0.355995959437907,0,0,0,9,"",0,170.01017246771605,-43.72483657688502,1996.1755,2508.708,2226.2334,2243.409,31.875645,352.976336479187,1,"COPDEM30",825
"RGI2000-v7.0-G-18-01365","18","18-01","G170009E43731S",771837,749,"2000-04-13T00:00:00",170.0090197635468,-43.7306605,59,0.049979948263528,0,0,0,9,"",0,170.0076416478244,-43.731301046211414,2163.0056,2361.0234,2271.661,2271.0295,29.643333,263.10814666748047,7,"COPDEM30",308
"RGI2000-v7.0-G-18-01366","18","18-01","G170000E43734S",771830,749,"2000-04-13T00:00:00",170.00593640992616,-43.733804000000006,59,1.302145660745901,0,0,0,9,"",0,169.9675844298549,-43.72724337764025,1344.5132,2480.1426,1729.0189,1800.9442,21.813526,299.1429023742676,8,"COPDEM30",3810
"RGI2000-v7.0-G-18-01367","18","18-01","G170009E43736S",771838,749,"2000-04-13T00:00:00",170.00863458194033,-43.73637,59,0.022786484879176,0,0,0,9,"",0,170.00686173391787,-43.73614067754812,2278.8337,2472.5999,2340.738,2349.8237,40.767925,320.7659797668457,8,"COPDEM30",308
"RGI2000-v7.0-G-18-01368","18","18-01","G170009E43746S",771844,749,"2000-04-13T00:00:00",170.0118617986111,-43.739712,59,0.482107280917077,0,0,0,9,"",0,170.0213706268898,-43.73691821434504,1800.176,2480.2424,2062.131,2080.8623,34.278217,118.86405,4,"COPDEM30",1209
"RGI2000-v7.0-G-18-01369","18","18-01","G170017E43733S",771855,749,"2000-04-13T00:00:00",170.0174342955729,-43.733261,59,0.101020731470731,0,0,0,9,"",0,170.01643994092052,-43.73519669158475,2111.2878,2471.8748,2278.639,2276.9604,43.633682,160.64981,5,"COPDEM30",402
"RGI2000-v7.0-G-18-01370","18","18-01","G170025E43730S",771886,749,"2000-04-13T00:00:00",170.02606774792162,-43.729563,59,0.326442040664852,0,0,0,9,"",0,170.02542759408016,-43.73187376490583,2038.1261,2478.8147,2210.329,2225.4673,34.601807,143.329,4,"COPDEM30",844
"RGI2000-v7.0-G-18-01371","18","18-01","G170031E43739S",771907,749,"2000-04-13T00:00:00",170.03098573509934,-43.739356,59,5.655421073075769,0,0,0,9,"",0,170.0488299272871,-43.71851085707267,1131.7866,2594.1902,1620.1365,1690.5231,16.728767,129.40334,4,"COPDEM30",8514
"RGI2000-v7.0-G-18-01372","18","18-01","G170000E43740S",771823,749,"2000-04-13T00:00:00",170.00046706756757,-43.739954,59,0.017028520961889,0,0,0,9,"",0,170.00093924869057,-43.739313950772036,2377.3518,2494.3596,2440.6401,2438.924,38.235783,1.7671331,1,"COPDEM30",179
"RGI2000-v7.0-G-18-01373","18","18-01","G169999E43741S",771818,749,"2000-04-13T00:00:00",169.99840373341823,-43.739295,59,0.013135181033537,0,0,0,9,"",0,169.9987798596257,-43.738363809485115,2306.7585,2451.1677,2368.169,2374.475,37.47755,338.43703269958496,1,"COPDEM30",220
"RGI2000-v7.0-G-18-01374","18","18-01","G169995E43739S",771811,749,"2000-04-13T00:00:00",169.9946825,-43.7390525,59,0.011152752016403,0,0,0,9,"",0,169.99512968530405,-43.738458475848184,2209.6973,2335.7334,2266.5986,2266.1921,42.02623,2.5380094,1,"COPDEM30",141
"RGI2000-v7.0-G-18-01375","18","18-01","G169987E43744S",771806,749,"2000-04-13T00:00:00",169.98602023698697,-43.741324500000005,59,0.623834777466506,0,0,0,9,"",0,169.9772076098522,-43.737630261217774,2175.7397,2694.7097,2488.3228,2479.7004,33.860355,2.1824567,1,"COPDEM30",1082
"RGI2000-v7.0-G-18-01376","18","18-01","G169975E43742S",771796,749,"2000-04-13T00:00:00",169.97467634439352,-43.741654499999996,59,0.022154614253399,0,0,0,9,"",0,169.9731368069963,-43.74257883760552,2336.6436,2567.0051,2483.0815,2479.8943,41.325027,225.45571899414065,6,"COPDEM30",284
"RGI2000-v7.0-G-18-01377","18","18-01","G169970E43737S",771788,749,"2000-04-13T00:00:00",169.9713145603478,-43.736982499999996,59,0.072035831689658,0,0,0,9,"",0,169.97105590029312,-43.73543312505759,2105.6003,2436.7842,2283.208,2278.6182,43.4204,20.264389,1,"COPDEM30",374
"RGI2000-v7.0-G-18-01378","18","18-01","G169961E43735S",771764,749,"2000-04-13T00:00:00",169.96151600166968,-43.734346,59,0.202217342716758,0,0,0,9,"",0,169.95741826556002,-43.73392362794986,1829.5148,2238.9983,2006.8677,2007.0914,25.079834,272.9457092285156,7,"COPDEM30",915
"RGI2000-v7.0-G-18-01379","18","18-01","G169963E43716S",771767,749,"2000-04-13T00:00:00",169.96324978921282,-43.715852,59,0.01040142228669,0,0,0,9,"",0,169.96198329009647,-43.71654108366785,1777.9231,1840.2019,1812.3663,1810.5256,21.778465,203.7965545654297,6,"COPDEM30",188
"RGI2000-v7.0-G-18-01380","18","18-01","G169965E43716S",771770,749,"2000-04-13T00:00:00",169.9652008200261,-43.715749,59,0.012611320579892,0,0,0,9,"",0,169.96445817074073,-43.7166330299257,1780.7622,1895.6956,1862.2899,1853.3567,27.972218,196.9089813232422,5,"COPDEM30",224
"RGI2000-v7.0-G-18-01381","18","18-01","G169966E43714S",771773,749,"2000-04-13T00:00:00",169.9659002582418,-43.713996,59,0.014784932932727,0,0,0,9,"",0,169.96648505431295,-43.714797229424086,1910.5565,2018.164,1960.0809,1960.7383,33.191944,187.60806274414065,5,"COPDEM30",203
"RGI2000-v7.0-G-18-01382","18","18-01","G169962E43713S",771763,749,"2000-04-13T00:00:00",169.96228312844033,-43.713439,59,0.107923582165925,0,0,0,9,"",0,169.9613027000357,-43.71568030058413,1824.25,2113.5159,2001.8069,1998.8618,29.880741,184.75363159179688,5,"COPDEM30",520
"RGI2000-v7.0-G-18-01383","18","18-01","G169960E43715S",771758,749,"2000-04-13T00:00:00",169.95863104352685,-43.714478,59,0.126123813463326,0,0,0,9,"",0,169.9561499310272,-43.71711827229357,1715.4489,2050.9988,1880.2589,1880.0651,29.598907,183.23887634277344,5,"COPDEM30",604
"RGI2000-v7.0-G-18-01384","18","18-01","G169950E43716S",771748,749,"2000-04-13T00:00:00",169.950139489011,-43.7157735,59,0.022022070518205,0,0,0,9,"",0,169.95023864866744,-43.71688128830011,1779.281,1936.6609,1887.3794,1870.2084,38.518898,165.20047,5,"COPDEM30",317
"RGI2000-v7.0-G-18-01385","18","18-01","G169956E43682S",771752,749,"2000-04-13T00:00:00",169.9546066344467,-43.6816735,59,0.888291701672164,0,0,0,9,"",0,169.94364217037946,-43.68205070155726,1659.9768,2289.3708,2023.7054,2015.8253,28.32628,195.5669403076172,5,"COPDEM30",1484
"RGI2000-v7.0-G-18-01386","18","18-01","G169948E43678S",771742,749,"2000-04-13T00:00:00",169.94807949599655,-43.6777955,59,0.036032285592631,0,0,0,9,"",0,169.94598279224573,-43.67885208551693,2021.5825,2286.4346,2124.373,2135.4753,42.506603,197.3843231201172,5,"COPDEM30",340
"RGI2000-v7.0-G-18-01387","18","18-01","G169941E43678S",771729,749,"2000-04-13T00:00:00",169.94094362689464,-43.676056,59,0.196275903407632,0,0,0,9,"MORSE",0,169.93928101756438,-43.67823795882832,1832.4486,2195.9646,1970.1975,1982.7318,31.064285,227.19517517089844,6,"COPDEM30",749
"RGI2000-v7.0-G-18-01388","18","18-01","G169966E43673S",771747,749,"2000-04-13T00:00:00",169.9495127384642,-43.6660375,59,5.718550970511552,0,0,0,9,"",0,169.92023112620478,-43.67229368190404,988.3584,2432.5706,2160.9297,2087.7656,19.753971,245.2991943359375,6,"COPDEM30",6369
"RGI2000-v7.0-G-18-01389","18","18-01","G169958E43661S",771757,749,"2000-04-13T00:00:00",169.9584138997696,-43.6593865,59,0.014136531964436,0,0,0,9,"",0,169.95786969751754,-43.65864319199659,2037.5035,2165.9346,2103.4475,2101.0232,30.610714,4.1936827,1,"COPDEM30",222
"RGI2000-v7.0-G-18-01390","18","18-01","G169947E43658S",771740,749,"2000-04-13T00:00:00",169.94614313979147,-43.6562265,59,0.069660953971483,0,0,0,9,"",0,169.94528921517747,-43.6538628534355,1712.359,2062.2686,1854.3458,1857.5166,40.085037,30.546745,2,"COPDEM30",678
"RGI2000-v7.0-G-18-01391","18","18-01","G169928E43656S",771715,749,"2000-04-13T00:00:00",169.92969376674787,-43.6551605,59,0.594168237842434,0,0,0,9,"",0,169.92676742250399,-43.660832807628196,1640.4045,2184.017,2002.0719,1986.7239,24.648277,218.8336334228516,6,"COPDEM30",1303
"RGI2000-v7.0-G-18-01392","18","18-01","G169925E43653S",771705,749,"2000-04-13T00:00:00",169.92467084733605,-43.652595500000004,59,0.014692138315046,0,0,0,9,"",0,169.92402809358376,-43.6537080178123,1852.6024,1943.5254,1889.8893,1894.5286,26.944872,248.2808837890625,7,"COPDEM30",277
"RGI2000-v7.0-G-18-01393","18","18-01","G169922E43648S",771704,749,"2000-04-13T00:00:00",169.9216941204699,-43.646652,59,0.019465994811232,0,0,0,9,"",0,169.92093341430862,-43.64665073895554,1649.3031,1743.4995,1679.599,1683.517,32.142315,260.57391357421875,7,"COPDEM30",176
"RGI2000-v7.0-G-18-01394","18","18-01","G169969E43677S",771784,749,"2000-04-13T00:00:00",169.96877255071428,-43.677085500000004,59,0.036201249227739,0,0,0,9,"",0,169.97130120516022,-43.67645802661444,2354.4216,2407.3652,2384.0603,2384.321,21.518465,340.8626232147217,1,"COPDEM30",388
"RGI2000-v7.0-G-18-01395","18","18-01","G169968E43679S",771779,749,"2000-04-13T00:00:00",169.96836825490197,-43.678658999999996,59,0.017280606273974,0,0,0,9,"",0,169.96770358595606,-43.67948714062523,2056.1157,2249.2805,2124.3027,2131.735,56.14546,158.6746,5,"COPDEM30",217
"RGI2000-v7.0-G-18-01396","18","18-01","G169964E43681S",771766,749,"2000-04-13T00:00:00",169.9634492972561,-43.6821365,59,0.078284175627401,0,0,0,9,"",0,169.96068211913075,-43.68495292913932,1729.4537,2095.9583,1932.0183,1924.2559,40.483234,154.76733,4,"COPDEM30",804
"RGI2000-v7.0-G-18-01397","18","18-01","G170013E43684S",771798,749,"2000-04-13T00:00:00",169.97651863105887,-43.681000999999995,59,1.370031161407687,0,0,0,9,"",0,169.9659866494145,-43.685886959738895,1648.03,2346.3286,2021.8834,2024.4956,21.791964,212.8766632080078,6,"COPDEM30",2581
"RGI2000-v7.0-G-18-01398","18","18-01","G169998E43680S",771817,749,"2000-04-13T00:00:00",169.9981312637106,-43.680240999999995,59,3.025289654097361,0,0,0,9,"",0,169.99648557631562,-43.68818461015946,1626.61,2517.3909,2202.6519,2176.8857,23.907238,178.75778,5,"COPDEM30",2430
"RGI2000-v7.0-G-18-01399","18","18-01","G169995E43672S",771814,749,"2000-04-13T00:00:00",169.99597868637665,-43.6710185,59,0.072391341673961,0,0,0,9,"",0,169.99396604143172,-43.668676406681755,1862.0552,2300.5012,2124.5732,2102.0054,38.827404,352.5449137687683,1,"COPDEM30",705
"RGI2000-v7.0-G-18-01400","18","18-01","G169998E43670S",771816,749,"2000-04-13T00:00:00",169.9977802581967,-43.670156,59,0.069298788388579,0,0,0,9,"",0,169.995615,-43.668216,1923.0468,2294.172,2170.3164,2146.8257,35.76216,304.9895439147949,8,"COPDEM30",547
"RGI2000-v7.0-G-18-01401","18","18-01","G169999E43668S",771820,749,"2000-04-13T00:00:00",169.9993421552046,-43.668479500000004,59,0.046530274316663,0,0,0,9,"",0,169.99661232882116,-43.667907910808225,1929.8063,2165.8535,2031.9928,2034.5005,33.5406,324.29993438720703,8,"COPDEM30",432
"RGI2000-v7.0-G-18-01402","18","18-01","G169999E43667S",771819,749,"2000-04-13T00:00:00",169.99904366197183,-43.6668135,59,0.016794548533526,0,0,0,9,"",0,169.9975605777846,-43.66630773471669,1876.7582,1995.624,1947.8601,1944.8446,31.140354,289.5387268066406,7,"COPDEM30",212
"RGI2000-v7.0-G-18-01403","18","18-01","G169996E43667S",771813,749,"2000-04-13T00:00:00",169.99647932014238,-43.66661,59,0.016933090040159,0,0,0,9,"",0,169.99462357233847,-43.66677484932958,1801.5996,1881.7079,1845.7426,1844.512,25.901012,305.0695266723633,8,"COPDEM30",293
"RGI2000-v7.0-G-18-01404","18","18-01","G169992E43668S",771808,749,"2000-04-13T00:00:00",169.99168759931507,-43.6676605,59,0.026820212550787,0,0,0,9,"",0,169.99181733624619,-43.66654757953511,1713.4895,1945.8544,1804.9033,1811.8597,45.077595,44.500816,2,"COPDEM30",241
"RGI2000-v7.0-G-18-01405","18","18-01","G170005E43663S",771829,749,"2000-04-13T00:00:00",170.00523548623852,-43.66342,59,0.064919690713988,0,0,0,9,"",0,170.00394738802075,-43.661712520604205,1502.7762,1711.7719,1559.8176,1568.6666,25.538204,1.9620183,1,"COPDEM30",509
"RGI2000-v7.0-G-18-01406","18","18-01","G170009E43666S",771833,749,"2000-04-13T00:00:00",170.00797627925675,-43.66549656962944,59,0.029716271985479,0,0,0,9,"",0,170.0070179364931,-43.66418947460264,1592.6165,1794.4492,1663.6874,1670.1213,35.28573,15.674854,1,"COPDEM30",322
"RGI2000-v7.0-G-18-01407","18","18-01","G170012E43673S",771840,749,"2000-04-13T00:00:00",170.0114630516444,-43.671099999999996,59,0.600675656233384,0,0,0,9,"",0,170.01160154030137,-43.667844419399266,1922.9645,2424.2532,2172.8936,2169.8596,34.737865,3.5369072,1,"COPDEM30",914
"RGI2000-v7.0-G-18-01408","18","18-01","G170036E43678S",771880,749,"2000-04-13T00:00:00",170.02456345000002,-43.6722305,59,0.301532270421559,0,0,0,9,"",0,170.02164596017778,-43.668161789083406,1811.286,2480.491,2084.4368,2091.1208,38.394978,1.1461012,1,"COPDEM30",1075
"RGI2000-v7.0-G-18-01409","18","18-01","G170033E43675S",771912,749,"2000-04-13T00:00:00",170.03285246095066,-43.674583,59,0.282006085936257,0,0,0,9,"",0,170.03043581125223,-43.67077348581362,2039.5944,2621.2751,2360.7207,2366.3909,38.207333,3.7272947,1,"COPDEM30",1249
"RGI2000-v7.0-G-18-01410","18","18-01","G170039E43674S",771926,749,"2000-04-13T00:00:00",170.0384833646154,-43.672636,59,0.011743423001564,0,0,0,9,"",0,170.03762220551414,-43.67235679113792,2118.839,2209.1562,2173.2993,2172.3472,33.117104,302.2105255126953,8,"COPDEM30",127
"RGI2000-v7.0-G-18-01411","18","18-01","G170051E43677S",771942,749,"2000-04-13T00:00:00",170.04831525087363,-43.674276,59,0.360353592756978,0,0,0,9,"",0,170.04201309720645,-43.668046200357196,1722.4828,2631.8894,2267.8362,2254.397,34.969776,4.333829,1,"COPDEM30",1641
"RGI2000-v7.0-G-18-01412","18","18-01","G170049E43672S",771945,749,"2000-04-13T00:00:00",170.04932369805823,-43.671739,59,0.070367199333113,0,0,0,9,"",0,170.0467556529459,-43.668397681753696,1664.7833,2126.8342,1883.8998,1873.9265,33.857063,333.36064529418945,8,"COPDEM30",784
"RGI2000-v7.0-G-18-01413","18","18-01","G170060E43674S",771955,749,"2000-04-13T00:00:00",170.05433567130393,-43.6735175,59,0.610178219433092,0,0,0,9,"",0,170.0496350976144,-43.66851241639804,1764.1093,2683.9683,2281.0,2267.126,34.477257,316.5785331726074,8,"COPDEM30",1467
"RGI2000-v7.0-G-18-01414","18","18-01","G170059E43675S",771967,749,"2000-04-13T00:00:00",170.0581420451923,-43.6704465,59,0.219389933913737,0,0,0,9,"",0,170.0561581454465,-43.66732894367666,1925.3959,2485.9695,2210.481,2210.645,33.694626,321.57712173461914,8,"COPDEM30",912
"RGI2000-v7.0-G-18-01415","18","18-01","G170063E43671S",771979,749,"2000-04-13T00:00:00",170.06196867307693,-43.6690995,59,0.102834373881442,0,0,0,9,"",0,170.062338038019,-43.666215379781406,1945.9257,2423.2896,2218.0066,2203.099,34.555054,344.2447967529297,1,"COPDEM30",748
"RGI2000-v7.0-G-18-01416","18","18-01","G170068E43674S",771995,749,"2000-04-13T00:00:00",170.06740696887044,-43.670022,59,0.167207744049426,0,0,0,9,"",0,170.06699261932891,-43.66725902307338,2020.8173,2500.2056,2223.5063,2229.6277,36.204952,359.94199927151203,1,"COPDEM30",687
"RGI2000-v7.0-G-18-01417","18","18-01","G170069E43674S",772001,749,"2000-04-13T00:00:00",170.07156203634946,-43.671362,59,0.072494460415718,0,0,0,9,"",0,170.06939864100883,-43.6703848714615,2273.7112,2412.3308,2357.3242,2353.8418,22.748228,307.0921630859375,8,"COPDEM30",338
"RGI2000-v7.0-G-18-01418","18","18-01","G170076E43672S",772008,749,"2000-04-13T00:00:00",170.07635903024357,-43.671651,59,0.081114520709422,0,0,0,9,"",0,170.07788579958674,-43.67351415763357,2004.3347,2377.7708,2215.4946,2214.0142,43.15179,124.98428,4,"COPDEM30",398
"RGI2000-v7.0-G-18-01419","18","18-01","G170082E43671S",772018,749,"2000-04-13T00:00:00",170.08224022047244,-43.670823,59,0.263897644277405,0,0,0,9,"",0,170.08535858182495,-43.67346038044208,1789.4655,2272.0574,1938.562,1966.8485,31.7088,125.06159,4,"COPDEM30",838
"RGI2000-v7.0-G-18-01420","18","18-01","G170085E43669S",772024,749,"2000-04-13T00:00:00",170.0849704368158,-43.6689455,59,0.032004993393976,0,0,0,9,"",0,170.085970868957,-43.66987222070413,1819.7827,2056.0686,1894.697,1907.1157,44.432236,126.70331,4,"COPDEM30",259
"RGI2000-v7.0-G-18-01421","18","18-01","G170088E43670S",772032,749,"2000-04-13T00:00:00",170.0881577836949,-43.6695855,59,0.013835901465761,0,0,0,9,"",0,170.0890486777514,-43.67011564940826,1680.3918,1798.7251,1734.4634,1737.5916,30.534826,127.881,4,"COPDEM30",203
"RGI2000-v7.0-G-18-01422","18","18-01","G170087E43668S",772021,749,"2000-04-13T00:00:00",170.08340044533526,-43.665797999999995,59,0.075966573938786,0,0,0,9,"",0,170.0849099303013,-43.666342806372924,2118.646,2325.492,2258.7397,2242.7693,38.362553,133.3795,4,"COPDEM30",263
"RGI2000-v7.0-G-18-01423","18","18-01","G170083E43663S",772017,749,"2000-04-13T00:00:00",170.08211119358668,-43.6616225,59,0.030540343989985,0,0,0,9,"",0,170.08191239898127,-43.66055047468903,1999.8423,2181.5544,2089.4004,2093.3982,39.667885,3.8570797,1,"COPDEM30",347
"RGI2000-v7.0-G-18-01424","18","18-01","G170084E43661S",772023,749,"2000-04-13T00:00:00",170.0837496890244,-43.660548,59,0.011339347604948,0,0,0,9,"",0,170.0835926918283,-43.6598288625819,1972.4169,2077.5283,2026.8756,2025.4437,34.903454,321.28160858154297,8,"COPDEM30",171
"RGI2000-v7.0-G-18-01425","18","18-01","G170087E43661S",772027,749,"2000-04-13T00:00:00",170.08615385462758,-43.6589425,59,0.026684589643636,0,0,0,9,"",0,170.08513760624197,-43.65734324465118,1881.4861,2084.9504,1996.9705,1993.6558,32.91138,316.4319038391113,8,"COPDEM30",384
"RGI2000-v7.0-G-18-01426","18","18-01","G170090E43659S",772039,749,"2000-04-13T00:00:00",170.09027760925156,-43.6583355,59,0.013145291957803,0,0,0,9,"",0,170.09000502360507,-43.657292180225774,2047.5728,2158.1917,2089.37,2095.1428,24.924686,3.8365793,1,"COPDEM30",252
"RGI2000-v7.0-G-18-01427","18","18-01","G170094E43660S",772048,749,"2000-04-13T00:00:00",170.09310744473905,-43.658026500000005,59,0.153729645455207,0,0,0,9,"",0,170.09851387882182,-43.65751491816976,1794.8127,2128.823,1980.0647,1978.9548,39.39851,115.718765,4,"COPDEM30",812
"RGI2000-v7.0-G-18-01428","18","18-01","G170091E43657S",772045,749,"2000-04-13T00:00:00",170.09191399825175,-43.6550965,59,0.011877928421312,0,0,0,9,"",0,170.09115662974037,-43.65455784024521,2004.5786,2051.002,2028.1774,2027.403,20.069458,338.57644271850586,1,"COPDEM30",141
"RGI2000-v7.0-G-18-01429","18","18-01","G170092E43656S",772044,749,"2000-04-13T00:00:00",170.0916202668181,-43.653496000000004,59,0.014849697613209,0,0,0,9,"",0,170.09088944203432,-43.65409180396677,1984.4829,2078.6426,2009.8,2014.7045,27.678755,205.32125854492188,6,"COPDEM30",192
"RGI2000-v7.0-G-18-01430","18","18-01","G170089E43653S",772038,749,"2000-04-13T00:00:00",170.08853902760603,-43.653051500000004,59,0.030776394135335,0,0,0,9,"",0,170.08419897303136,-43.65301294560711,1813.3135,1970.9559,1847.9126,1864.5348,23.31518,237.81576538085932,6,"COPDEM30",502
"RGI2000-v7.0-G-18-01431","18","18-01","G170088E43651S",772037,749,"2000-04-13T00:00:00",170.08939521096056,-43.649916000000005,59,0.028157644063014,0,0,0,9,"",0,170.0867394940666,-43.650622240066006,2011.7963,2274.6853,2134.3843,2148.8462,34.724583,229.8618621826172,6,"COPDEM30",480
"RGI2000-v7.0-G-18-01432","18","18-01","G170089E43650S",772036,749,"2000-04-13T00:00:00",170.08868649563698,-43.647932999999995,59,0.04237379073383,0,0,0,9,"",0,170.08700084640472,-43.64709946686256,1908.9067,2119.5903,2002.6423,2006.6366,35.04005,327.9017944335937,8,"COPDEM30",339
"RGI2000-v7.0-G-18-01433","18","18-01","G170086E43650S",772026,749,"2000-04-13T00:00:00",170.0859498962264,-43.649634500000005,59,0.011596946294644,0,0,0,9,"",0,170.08559931438495,-43.650189669208714,2018.7551,2100.5095,2070.656,2068.4434,31.548895,202.48068237304688,5,"COPDEM30",138
"RGI2000-v7.0-G-18-01434","18","18-01","G170094E43649S",772050,749,"2000-04-13T00:00:00",170.09364135305594,-43.647898,59,0.011561095113567,0,0,0,9,"",0,170.0935001228136,-43.64737276235893,2228.4124,2277.8652,2248.853,2250.2937,26.137672,312.6068916320801,8,"COPDEM30",148
"RGI2000-v7.0-G-18-01435","18","18-01","G170096E43652S",772052,749,"2000-04-13T00:00:00",170.09461837499998,-43.650915,59,0.285592794722417,0,0,0,9,"",0,170.0991121166938,-43.65151826465906,1887.8516,2289.05,2096.5696,2090.642,38.758392,116.76108,4,"COPDEM30",590
"RGI2000-v7.0-G-18-01436","18","18-01","G170099E43647S",772065,749,"2000-04-13T00:00:00",170.09855749146223,-43.64677450000001,59,0.024520584741666,0,0,0,9,"",0,170.10125215410034,-43.647396486733214,1975.0719,2209.6982,2109.8335,2111.5164,40.763233,80.308304,3,"COPDEM30",336
"RGI2000-v7.0-G-18-01437","18","18-01","G170101E43645S",772068,749,"2000-04-13T00:00:00",170.1007323468031,-43.645371499999996,59,0.010834361765427,0,0,0,9,"",0,170.1012436340709,-43.64573292609453,1944.9879,2069.9841,2009.739,2009.027,46.283478,95.26999,3,"COPDEM30",124
"RGI2000-v7.0-G-18-01438","18","18-01","G170104E43645S",772073,749,"2000-04-13T00:00:00",170.10431522916667,-43.6429245,59,0.182684791281369,0,0,0,9,"",0,170.10623741566639,-43.644489960982135,1703.7528,2023.5535,1845.2963,1847.7521,34.453842,127.04438,4,"COPDEM30",530
"RGI2000-v7.0-G-18-01439","18","18-01","G170099E43641S",772064,749,"2000-04-13T00:00:00",170.09896676023493,-43.6406705,59,0.024496901619885,0,0,0,9,"",0,170.09645204531805,-43.64058220315963,1936.0646,2177.7598,2032.4308,2042.8851,41.2982,251.04766082763672,7,"COPDEM30",328
"RGI2000-v7.0-G-18-01440","18","18-01","G170096E43645S",772058,749,"2000-04-13T00:00:00",170.0969275169903,-43.6425505,59,0.108206514315633,0,0,0,9,"",0,170.0940062554259,-43.64126674595496,1784.1517,2069.3035,1959.2301,1947.8054,31.662485,296.69853591918945,8,"COPDEM30",489
"RGI2000-v7.0-G-18-01441","18","18-01","G170092E43643S",772043,749,"2000-04-13T00:00:00",170.0922118980615,-43.6428755,59,0.071615143094713,0,0,0,9,"",0,170.0909777172152,-43.640867736963,1649.0975,2048.9133,1788.8125,1804.9048,36.32462,343.00676345825195,1,"COPDEM30",558
"RGI2000-v7.0-G-18-01442","18","18-01","G170091E43639S",772040,749,"2000-04-13T00:00:00",170.09114804411763,-43.6387935,59,0.037349290678702,0,0,0,9,"",0,170.08909229399345,-43.63865719943197,1613.4744,1776.6786,1674.453,1683.1263,26.356516,269.2256851196289,7,"COPDEM30",370
"RGI2000-v7.0-G-18-01443","18","18-01","G170097E43640S",772057,749,"2000-04-13T00:00:00",170.0970737412841,-43.636441,59,0.272267605114603,0,0,0,9,"",0,170.09205671255157,-43.634883447459465,1829.2422,2256.6584,2005.9471,2020.8344,35.408672,253.79871368408203,7,"COPDEM30",966
"RGI2000-v7.0-G-18-01444","18","18-01","G170100E43632S",772067,749,"2000-04-13T00:00:00",170.09967363666044,-43.6323585,59,0.068676126478087,0,0,0,9,"",0,170.10140792185283,-43.63187917545908,2098.5452,2311.8396,2225.8467,2225.7317,34.60038,70.92665,3,"COPDEM30",377
"RGI2000-v7.0-G-18-01445","18","18-01","G170088E43636S",772061,749,"2000-04-13T00:00:00",170.09833115173237,-43.631983,59,0.037156371202241,0,0,0,9,"",0,170.0966617151115,-43.63168716547766,2132.681,2264.3513,2226.1562,2217.8137,33.792545,271.88722229003906,7,"COPDEM30",232
"RGI2000-v7.0-G-18-01446","18","18-01","G170089E43635S",772051,749,"2000-04-13T00:00:00",170.09524910704886,-43.6305165,59,0.365721521818055,0,0,0,9,"",0,170.08729993565913,-43.6338671922793,1673.8678,2505.4492,2070.892,2064.9636,34.5166,212.6468505859375,6,"COPDEM30",1430
"RGI2000-v7.0-G-18-01447","18","18-01","G170088E43628S",772031,749,"2000-04-13T00:00:00",170.0883961408315,-43.628785,59,0.046365435267763,0,0,0,9,"",0,170.08726074818182,-43.628600544394665,1901.7698,2180.4375,2039.2516,2041.7795,44.58248,192.62918090820312,5,"COPDEM30",222
"RGI2000-v7.0-G-18-01448","18","18-01","G170083E43629S",772020,749,"2000-04-13T00:00:00",170.08335069727048,-43.6292415,59,0.01308427417086,0,0,0,9,"",0,170.08281736507723,-43.63024144879026,1801.6085,1998.0621,1923.9634,1917.032,52.24322,160.61922,5,"COPDEM30",205
"RGI2000-v7.0-G-18-01449","18","18-01","G170082E43629S",772014,749,"2000-04-13T00:00:00",170.08140799578058,-43.6287035,59,0.02738156289622,0,0,0,9,"",0,170.0808217879117,-43.62948069889637,1924.1127,2113.9565,2003.1069,2007.7682,45.469402,187.6666412353516,5,"COPDEM30",192
"RGI2000-v7.0-G-18-01450","18","18-01","G170082E43633S",772015,749,"2000-04-13T00:00:00",170.08249187764892,-43.631725,59,0.024891311333379,0,0,0,9,"",0,170.0820857560635,-43.63298303897339,1535.2218,1797.7781,1677.2395,1673.7731,35.76638,196.06997680664065,5,"COPDEM30",417
"RGI2000-v7.0-G-18-01451","18","18-01","G170080E43637S",772016,749,"2000-04-13T00:00:00",170.0816549867452,-43.636003,59,0.06197345356806,0,0,0,9,"",0,170.07924133674385,-43.63693920614188,1251.7802,1415.7645,1312.0509,1323.7887,20.64016,203.21551513671875,6,"COPDEM30",402
"RGI2000-v7.0-G-18-01452","18","18-01","G170065E43637S",772007,749,"2000-04-13T00:00:00",170.07644166608998,-43.632630500000005,59,0.1926438272466,0,0,0,9,"",0,170.07547925543489,-43.6361742062298,1448.0186,2037.579,1685.6875,1688.8693,33.897,159.08844,5,"COPDEM30",914
"RGI2000-v7.0-G-18-01453","18","18-01","G170073E43628S",772003,749,"2000-04-13T00:00:00",170.07285655057143,-43.627758,59,0.037565802205225,0,0,0,9,"",0,170.0732693190917,-43.62907057058553,2133.5144,2207.6484,2184.9243,2181.4624,22.806557,348.0704278945923,1,"COPDEM30",211
"RGI2000-v7.0-G-18-01454","18","18-01","G170069E43631S",771998,749,"2000-04-13T00:00:00",170.06863086792453,-43.6314805,59,0.015271948250896,0,0,0,9,"",0,170.06829924737866,-43.63218285817391,2128.4412,2261.0867,2188.2214,2190.2192,49.185177,138.85869,4,"COPDEM30",190
"RGI2000-v7.0-G-18-01455","18","18-01","G170068E43631S",771992,749,"2000-04-13T00:00:00",170.0662693800578,-43.62845,59,0.130089356262421,0,0,0,9,"",0,170.06365596621418,-43.626507418350236,1987.0857,2376.722,2223.8398,2202.1108,37.701336,331.8981342315674,8,"COPDEM30",499
"RGI2000-v7.0-G-18-01456","18","18-01","G170060E43633S",771971,749,"2000-04-13T00:00:00",170.05976171427844,-43.63087350000001,59,0.220492556876386,0,0,0,9,"",0,170.0530026969397,-43.63136420263715,1592.3906,2141.9094,1859.2144,1856.9692,33.23617,263.3049011230469,7,"COPDEM30",810
"RGI2000-v7.0-G-18-01457","18","18-01","G170056E43633S",771960,749,"2000-04-13T00:00:00",170.05569037078652,-43.632699,59,0.011935723853017,0,0,0,9,"",0,170.055022622597,-43.63248895690414,1671.9185,1745.6428,1699.5387,1701.5385,32.082283,318.8115043640137,8,"COPDEM30",114
"RGI2000-v7.0-G-18-01458","18","18-01","G170061E43636S",771963,749,"2000-04-13T00:00:00",170.05711663157894,-43.636227000000005,59,0.016124113710934,0,0,0,9,"",0,170.05637924509418,-43.637251690964284,1984.3706,2063.9,2027.699,2028.9974,31.299019,291.890251159668,7,"COPDEM30",211
"RGI2000-v7.0-G-18-01459","18","18-01","G170061E43635S",771976,749,"2000-04-13T00:00:00",170.06117871138213,-43.634503499999994,59,0.013056046098172,0,0,0,9,"",0,170.06058738707247,-43.634497946082384,2049.1377,2113.7815,2087.1504,2084.152,35.891224,305.0920104980469,8,"COPDEM30",138
"RGI2000-v7.0-G-18-01460","18","18-01","G170064E43638S",771987,749,"2000-04-13T00:00:00",170.06385790500528,-43.635943499999996,59,0.109622455814759,0,0,0,9,"",0,170.0608597687682,-43.63877548813421,1624.2191,2212.033,1941.1533,1926.0752,42.148224,165.83772,5,"COPDEM30",888
"RGI2000-v7.0-G-18-01461","18","18-01","G170080E43623S",772013,749,"2000-04-13T00:00:00",170.0808972447113,-43.621123,59,0.019630058007272,0,0,0,9,"",0,170.0800985246708,-43.620075851516496,1658.9127,1937.4591,1771.2858,1774.7368,46.80846,329.99142265319824,8,"COPDEM30",259
"RGI2000-v7.0-G-18-01462","18","18-01","G170093E43623S",772035,749,"2000-04-13T00:00:00",170.08908253695654,-43.6216675,59,0.161901742327121,0,0,0,9,"",0,170.08673476964674,-43.617576921353155,1893.7318,2496.2454,2240.8132,2240.7468,34.1223,350.99697971343994,1,"COPDEM30",1024
"RGI2000-v7.0-G-18-01463","18","18-01","G170093E43620S",772047,749,"2000-04-13T00:00:00",170.09291487500002,-43.620484000000005,59,0.075385585036867,0,0,0,9,"",0,170.09306321027537,-43.61824887892463,2209.3755,2424.9136,2315.58,2319.8882,31.287418,311.3957405090332,8,"COPDEM30",562
"RGI2000-v7.0-G-18-01464","18","18-01","G170101E43633S",772054,749,"2000-04-13T00:00:00",170.09629250779625,-43.6228235,59,0.268255779603605,0,0,0,9,"",0,170.09898023703911,-43.62434226342495,2081.3076,2486.4749,2285.5652,2294.141,39.374916,82.559,3,"COPDEM30",565
"RGI2000-v7.0-G-18-01465","18","18-01","G170098E43613S",772060,749,"2000-04-13T00:00:00",170.0980388606821,-43.6129335,59,0.054971887252129,0,0,0,9,"",0,170.0992478507905,-43.61123161052805,2038.8785,2262.2651,2178.5078,2171.558,40.999855,81.41664,3,"COPDEM30",403
"RGI2000-v7.0-G-18-01466","18","18-01","G170096E43609S",772053,749,"2000-04-13T00:00:00",170.09606208816925,-43.609056499999994,59,0.012665474431595,0,0,0,9,"",0,170.09493603463463,-43.60962967074298,2239.4016,2306.3132,2276.8833,2275.1084,31.824594,149.79874,4,"COPDEM30",117
"RGI2000-v7.0-G-18-01467","18","18-01","G170077E43619S",772042,749,"2000-04-13T00:00:00",170.09178282254942,-43.6133595,59,1.690664792927712,0,0,0,9,"",0,170.04006900315656,-43.620952268384606,943.7885,2534.796,1352.1167,1465.5852,22.93152,249.38037872314453,7,"COPDEM30",4807
"RGI2000-v7.0-G-18-01468","18","18-01","G170089E43610S",772034,749,"2000-04-13T00:00:00",170.08884872743982,-43.610125499999995,59,0.031326717546034,0,0,0,9,"",0,170.08841216698642,-43.611078414987816,1973.261,2146.5671,2059.0457,2061.1548,37.554733,200.6122894287109,5,"COPDEM30",249
"RGI2000-v7.0-G-18-01469","18","18-01","G170087E43607S",772022,749,"2000-04-13T00:00:00",170.0844018057504,-43.607653,59,0.091069992505142,0,0,0,9,"",0,170.08331899316408,-43.60668930295698,2227.6233,2413.904,2351.5427,2348.423,31.718935,312.1705017089844,8,"COPDEM30",282
"RGI2000-v7.0-G-18-01470","18","18-01","G170092E43604S",772041,749,"2000-04-13T00:00:00",170.09184949336282,-43.6042835,59,0.089835048853515,0,0,0,9,"",0,170.08821633617725,-43.60609327993671,2548.6184,3000.3037,2793.991,2787.6628,37.98338,236.815658569336,6,"COPDEM30",621
"RGI2000-v7.0-G-18-01471","18","18-01","G170087E43601S",772030,749,"2000-04-13T00:00:00",170.08840990783625,-43.6001305,59,0.23033925365503,0,0,0,9,"",0,170.08398401153673,-43.59983523569714,2598.0894,3043.3408,2833.19,2837.699,42.424477,243.1038360595703,6,"COPDEM30",810
"RGI2000-v7.0-G-18-01472","18","18-01","G170088E43598S",772029,749,"2000-04-13T00:00:00",170.0875951325911,-43.5981525,59,0.012970547475717,0,0,0,9,"",0,170.08611408168076,-43.59725055245736,2725.9102,2931.5466,2847.4558,2841.8784,50.76474,10.26852,1,"COPDEM30",340
"RGI2000-v7.0-G-18-01473","18","18-01","G170091E43598S",772033,749,"2000-04-13T00:00:00",170.08934367057293,-43.594901,59,0.942259126336898,0,0,0,9,"",0,170.08356184080773,-43.5895448298932,2175.702,3026.043,2611.0994,2611.1472,30.48665,350.4675874710083,1,"COPDEM30",1486
"RGI2000-v7.0-G-18-01474","18","18-01","G170093E43589S",772046,749,"2000-04-13T00:00:00",170.09334159615383,-43.5889885,59,0.016075791366686,0,0,0,9,"",0,170.09203586868793,-43.588114339759564,2158.5276,2339.8271,2237.9133,2243.6309,34.25781,295.5933837890625,8,"COPDEM30",283
"RGI2000-v7.0-G-18-01475","18","18-01","G170099E43591S",772063,749,"2000-04-13T00:00:00",170.09865876103265,-43.590999499999995,59,0.294466030078805,0,0,0,9,"",0,170.09520269636715,-43.586639399544595,2090.2722,2826.2983,2560.7473,2535.7732,35.073902,348.47821617126465,1,"COPDEM30",1018
"RGI2000-v7.0-G-18-01476","18","18-01","G170103E43594S",772072,749,"2000-04-13T00:00:00",170.10338885835694,-43.594346,59,0.09722437868362,0,0,0,9,"",0,170.1021035955605,-43.596622189578135,2564.0981,2780.7378,2742.9668,2728.6672,32.966206,144.20517,4,"COPDEM30",413
"RGI2000-v7.0-G-18-01477","18","18-01","G170102E43586S",772069,749,"2000-04-13T00:00:00",170.10228623982556,-43.586423499999995,59,0.034305074130612,0,0,0,9,"",0,170.10097479709015,-43.5857025335337,2054.5464,2266.1858,2149.402,2152.6453,38.003704,302.2058982849121,8,"COPDEM30",297
"RGI2000-v7.0-G-18-01478","18","18-01","G170108E43585S",772077,749,"2000-04-13T00:00:00",170.1076289639334,-43.5850325,59,1.24038932799574,0,0,0,9,"",0,170.1085554394941,-43.57803032745926,1640.9408,2806.2666,2343.2847,2303.181,33.20325,333.9229927062988,8,"COPDEM30",1833
"RGI2000-v7.0-G-18-01479","18","18-01","G170117E43579S",772081,749,"2000-04-13T00:00:00",170.11694911123405,-43.5786505,59,0.020916433543054,0,0,0,9,"",0,170.1161966679432,-43.577625472171896,1966.3624,2275.1602,2094.9963,2109.513,49.921196,273.57666778564453,7,"COPDEM30",329
"RGI2000-v7.0-G-18-01480","18","18-01","G170129E43588S",772093,749,"2000-04-13T00:00:00",170.1268758925592,-43.5883455,59,0.105679418244891,0,0,0,9,"",0,170.12386008879957,-43.5887872269764,2828.776,2981.075,2924.6274,2921.0469,30.564043,256.92525482177734,7,"COPDEM30",628
"RGI2000-v7.0-G-18-01481","18","18-01","G170142E43587S",772108,749,"2000-04-13T00:00:00",170.14186015018095,-43.586997,59,0.015626365436351,0,0,0,9,"",0,170.1425837696756,-43.58692473330596,3154.5283,3287.1272,3231.0686,3228.9165,34.62726,95.75716,3,"COPDEM30",205
"RGI2000-v7.0-G-18-01482","18","18-01","G170138E43596S",772099,749,"2000-04-13T00:00:00",170.13837099175623,-43.595701500000004,59,0.015150451964258,0,0,0,9,"",0,170.1372460935094,-43.59607069994726,3221.4075,3456.6875,3357.9775,3357.1995,47.463093,260.2301254272461,7,"COPDEM30",216
"RGI2000-v7.0-G-18-01483","18","18-01","G170141E43597S",772104,749,"2000-04-13T00:00:00",170.14095717246835,-43.5970315,59,0.054723734623213,0,0,0,9,"",0,170.13916211274665,-43.59773520813003,3408.0872,3655.2954,3606.565,3580.0872,34.43544,255.00833129882807,7,"COPDEM30",354
"RGI2000-v7.0-G-18-01484","18","18-01","G170143E43603S",772110,749,"2000-04-13T00:00:00",170.14305040885228,-43.6031805,59,0.147532836365037,0,0,0,9,"",0,170.1427617165432,-43.603941959893234,3425.2153,3657.335,3603.603,3584.9302,33.073277,250.8760757446289,7,"COPDEM30",367
"RGI2000-v7.0-G-18-01485","18","18-01","G170137E43611S",772098,749,"2000-04-13T00:00:00",170.13705057971245,-43.611486,59,0.369265216974237,0,0,0,9,"",0,170.12409953351707,-43.6117294784353,2399.368,3500.8938,2926.2373,2997.6777,39.60366,221.85467529296875,6,"COPDEM30",1547
"RGI2000-v7.0-G-18-01486","18","18-01","G170140E43614S",772100,749,"2000-04-13T00:00:00",170.13959487593985,-43.613588,59,0.049954341092954,0,0,0,9,"",0,170.13792932353573,-43.61461568424129,2979.8975,3259.1665,3168.6523,3161.6145,41.409016,215.7125396728516,6,"COPDEM30",272
"RGI2000-v7.0-G-18-01487","18","18-01","G170126E43614S",772091,749,"2000-04-13T00:00:00",170.1258042990487,-43.614096,59,0.023423461869405,0,0,0,9,"",0,170.12127045180162,-43.614429591633694,2279.9453,2550.2832,2479.4092,2439.3967,34.153202,211.8921813964844,6,"COPDEM30",517
"RGI2000-v7.0-G-18-01488","18","18-01","G170138E43631S",772094,749,"2000-04-13T00:00:00",170.12842352263237,-43.623654,59,0.249795922774539,0,0,0,9,"",0,170.12590598477834,-43.62618780415272,1914.0164,2555.9402,2234.2854,2244.4868,38.744625,210.26036071777344,6,"COPDEM30",1051
"RGI2000-v7.0-G-18-01489","18","18-01","G170139E43630S",772101,749,"2000-04-13T00:00:00",170.1395529305211,-43.628776,59,0.716894325367555,0,0,0,9,"",0,170.12647065764955,-43.63041720514164,1497.33,2476.9219,2174.0964,2140.5408,29.491686,239.2047500610352,6,"COPDEM30",1817
"RGI2000-v7.0-G-18-01490","18","18-01","G170142E43638S",772109,749,"2000-04-13T00:00:00",170.14237087499998,-43.6364835,59,0.293851065869842,0,0,0,9,"",0,170.13699689659916,-43.638691748728256,1886.5177,2258.808,2051.4004,2061.3164,26.395836,255.2414093017578,7,"COPDEM30",926
"RGI2000-v7.0-G-18-01491","18","18-01","G170139E43641S",772102,749,"2000-04-13T00:00:00",170.1398538476425,-43.640408,59,0.012242679259502,0,0,0,9,"",0,170.13798498942003,-43.64097953767807,1849.385,2071.6516,1942.8611,1943.71,44.546375,205.91461181640625,6,"COPDEM30",306
"RGI2000-v7.0-G-18-01492","18","18-01","G170148E43644S",772113,749,"2000-04-13T00:00:00",170.14655981473214,-43.6418125,59,0.100880391823469,0,0,0,9,"",0,170.14337639927138,-43.642050491928124,1910.2085,2180.6006,2018.8369,2022.7571,33.72154,218.1418914794922,6,"COPDEM30",539
"RGI2000-v7.0-G-18-01493","18","18-01","G170148E43648S",772114,749,"2000-04-13T00:00:00",170.1469943522147,-43.6453765,59,0.10656298063475,0,0,0,9,"",0,170.14273464441226,-43.64741871079305,1712.6616,2097.2944,1904.1105,1914.9697,32.830647,196.2227325439453,5,"COPDEM30",794
"RGI2000-v7.0-G-18-01494","18","18-01","G170141E43648S",772105,749,"2000-04-13T00:00:00",170.14068860140543,-43.6475115,59,0.010609478271633,0,0,0,9,"",0,170.1402050922364,-43.64794841717542,1656.8939,1722.8328,1681.634,1683.3962,36.903046,181.52198791503903,5,"COPDEM30",140
"RGI2000-v7.0-G-18-01495","18","18-01","G170147E43655S",772115,749,"2000-04-13T00:00:00",170.147054,-43.6551625,59,0.02984083217464,0,0,0,9,"",0,170.14729130671515,-43.65638831847078,2006.9202,2138.1958,2061.5325,2065.8113,33.279312,138.09503,4,"COPDEM30",330
"RGI2000-v7.0-G-18-01496","18","18-01","G170149E43657S",772118,749,"2000-04-13T00:00:00",170.14911528205545,-43.65738,59,0.020052237701111,0,0,0,9,"",0,170.15006079934506,-43.6577056546834,1866.0356,1962.4867,1898.9675,1904.4369,30.408485,109.18714,3,"COPDEM30",191
"RGI2000-v7.0-G-18-01497","18","18-01","G170151E43655S",772123,749,"2000-04-13T00:00:00",170.1518713705114,-43.6526535,59,0.087285917373371,0,0,0,9,"",0,170.15343530562373,-43.65383658985448,1890.2195,2162.3215,2025.0715,2022.2859,36.249844,152.29254,4,"COPDEM30",485
"RGI2000-v7.0-G-18-01498","18","18-01","G170155E43649S",772129,749,"2000-04-13T00:00:00",170.15559420967742,-43.647102000000004,59,0.029944405539159,0,0,0,9,"",0,170.15736362126543,-43.64765037876324,1942.5287,2122.9714,2013.1658,2016.9797,34.21329,118.544235,4,"COPDEM30",295
"RGI2000-v7.0-G-18-01499","18","18-01","G170156E43646S",772128,749,"2000-04-13T00:00:00",170.15564334470602,-43.6446685,59,0.035494025258392,0,0,0,9,"",0,170.15728128481086,-43.64536251467974,1958.7567,2149.0317,2044.2872,2046.2281,34.37764,98.16126,3,"COPDEM30",294
"RGI2000-v7.0-G-18-01500","18","18-01","G170154E43640S",772126,749,"2000-04-13T00:00:00",170.15409301644348,-43.640470500000006,59,0.370030484041059,0,0,0,9,"",0,170.15986246165753,-43.63989319837928,1881.7817,2222.9773,2034.7366,2042.1669,21.682205,64.9906,2,"COPDEM30",988
"RGI2000-v7.0-G-18-01501","18","18-01","G170148E43638S",772116,749,"2000-04-13T00:00:00",170.1481193669328,-43.6383225,59,0.046015049428518,0,0,0,9,"",0,170.14960069633113,-43.6376864746871,2137.3853,2312.6877,2221.5537,2221.1228,36.359352,72.62586,3,"COPDEM30",313
"RGI2000-v7.0-G-18-01502","18","18-01","G170155E43640S",772127,749,"2000-04-13T00:00:00",170.15453823762377,-43.633469,59,0.400465472039729,0,0,0,9,"",0,170.16300974696563,-43.63115042226396,1514.5762,2240.078,1809.4371,1834.2704,30.630238,97.68418,3,"COPDEM30",1335
"RGI2000-v7.0-G-18-01503","18","18-01","G170164E43643S",772137,749,"2000-04-13T00:00:00",170.16418581173406,-43.642293,59,0.026170119736874,0,0,0,9,"",0,170.16444954954883,-43.64374464209655,1757.3989,1947.1683,1862.601,1858.8744,35.09207,159.26547,5,"COPDEM30",297
"RGI2000-v7.0-G-18-01504","18","18-01","G170162E43649S",772134,749,"2000-04-13T00:00:00",170.16099769428007,-43.6488345,59,0.010864381445095,0,0,0,9,"",0,170.16220571250466,-43.64908570807784,1530.9556,1687.3073,1595.1191,1591.7664,37.736557,113.644745,4,"COPDEM30",199
"RGI2000-v7.0-G-18-01505","18","18-01","G170112E43607S",772082,749,"2000-04-13T00:00:00",170.11782659937464,-43.632326500000005,59,12.593289279105136,0,0,0,9,"",0,170.11145399034794,-43.67516240872836,867.2863,3407.0642,1983.2301,1903.2906,21.645416,211.1913146972656,6,"COPDEM30",11511
"RGI2000-v7.0-G-18-01506","18","18-01","G170105E43638S",772075,749,"2000-04-13T00:00:00",170.10525575301205,-43.636556,59,0.219315452228865,0,0,0,9,"",0,170.10800603471395,-43.63647099853497,1748.2407,2104.2126,1917.5104,1914.5876,33.10521,77.48827,3,"COPDEM30",714
"RGI2000-v7.0-G-18-01507","18","18-01","G170102E43651S",772070,749,"2000-04-13T00:00:00",170.1019823460366,-43.650650999999996,59,0.086516398484564,0,0,0,9,"",0,170.10444118342755,-43.651699340927095,1642.8157,1923.1619,1728.6621,1736.0392,29.82177,127.543884,4,"COPDEM30",431
"RGI2000-v7.0-G-18-01508","18","18-01","G170095E43659S",772049,749,"2000-04-13T00:00:00",170.09320783586818,-43.664399,59,0.359801138100487,0,0,0,9,"",0,170.09480817187944,-43.665376081559394,1729.8892,2239.752,2001.3434,1998.2909,37.512867,140.06691,4,"COPDEM30",649
"RGI2000-v7.0-G-18-01509","18","18-01","G170069E43673S",772005,749,"2000-04-13T00:00:00",170.07367546678324,-43.666046,59,0.457470625714248,0,0,0,9,"",0,170.07503009922934,-43.66178601628911,1881.624,2398.813,2111.766,2116.5996,31.462944,324.0337219238281,8,"COPDEM30",1306
"RGI2000-v7.0-G-18-01510","18","18-01","G170066E43674S",771993,749,"2000-04-13T00:00:00",170.06620336983377,-43.674447,59,0.032647740142372,0,0,0,9,"",0,170.06815207183553,-43.673430364150335,2423.3013,2675.8235,2552.2056,2551.3513,37.586433,75.27737,3,"COPDEM30",392
"RGI2000-v7.0-G-18-01511","18","18-01","G170060E43675S",771990,749,"2000-04-13T00:00:00",170.0645927123874,-43.6740535,59,0.049500226113002,0,0,0,9,"",0,170.06458521883238,-43.67232867671599,2494.0276,2701.6592,2589.8167,2595.113,29.861656,355.91060972213745,1,"COPDEM30",406
"RGI2000-v7.0-G-18-01512","18","18-01","G170077E43678S",772011,749,"2000-04-13T00:00:00",170.07756988975407,-43.6765185,59,0.711487456848739,0,0,0,9,"",0,170.08787744623694,-43.67958350657097,1396.1031,2460.3743,1937.1505,1959.4647,32.045742,114.40782,4,"COPDEM30",1792
"RGI2000-v7.0-G-18-01513","18","18-01","G170073E43683S",772004,749,"2000-04-13T00:00:00",170.0731972483061,-43.6821525,59,0.566797731594768,0,0,0,9,"",0,170.07858861895457,-43.68641093695463,1464.2754,2299.2544,1891.1696,1896.4708,34.00207,142.56456,4,"COPDEM30",1227
"RGI2000-v7.0-G-18-01514","18","18-01","G170063E43686S",771982,749,"2000-04-13T00:00:00",170.06343011309144,-43.6862795,59,1.612508813099584,0,0,0,9,"",0,170.0650136459165,-43.695029525974995,1124.1,2630.4797,2049.6414,2014.4226,35.197754,151.05733,4,"COPDEM30",2283
"RGI2000-v7.0-G-18-01515","18","18-01","G170016E43750S",772002,749,"2000-04-13T00:00:00",170.0717450106019,-43.699409,59,6.17767709825822,0,0,0,9,"",0,170.09169191375935,-43.70667637370958,751.79254,3039.6392,1251.5188,1502.819,21.68314,143.55675,4,"COPDEM30",8087
"RGI2000-v7.0-G-18-01516","18","18-01","G170035E43687S",771923,749,"2000-04-13T00:00:00",170.0369240993976,-43.686042,59,0.024989036679642,0,0,0,9,"",0,170.03601531661965,-43.68710770990525,2897.5579,2974.3733,2947.9143,2943.897,27.599007,283.7699279785156,7,"COPDEM30",317
"RGI2000-v7.0-G-18-01517","18","18-01","G170041E43680S",771934,749,"2000-04-13T00:00:00",170.04145430124998,-43.679972500000005,59,0.057899464967433,0,0,0,9,"",0,170.04215188666083,-43.67761645052322,2626.4,3055.523,2873.8845,2862.605,44.06568,34.535137,2,"COPDEM30",583
"RGI2000-v7.0-G-18-01518","18","18-01","G170014E43683S",771869,749,"2000-04-13T00:00:00",170.0212964450239,-43.683483,59,3.178550956608968,0,0,0,9,"",0,170.00456984675316,-43.69052268006161,1607.4889,3075.5579,2266.3909,2274.9634,24.315859,249.03812408447263,7,"COPDEM30",3341
"RGI2000-v7.0-G-18-01519","18","18-01","G170019E43693S",771864,749,"2000-04-13T00:00:00",170.01895809166663,-43.693439999999995,59,0.011978643090768,0,0,0,9,"",0,170.01836060815617,-43.692675655788356,2040.5498,2144.7913,2083.6794,2089.3013,29.788431,280.1871566772461,7,"COPDEM30",232
"RGI2000-v7.0-G-18-01520","18","18-01","G170022E43700S",771870,749,"2000-04-13T00:00:00",170.02228905083086,-43.700377,59,0.977831426882814,0,0,0,9,"",0,170.01819172103393,-43.695746067355394,2042.9126,2490.7124,2320.8918,2312.1794,24.51765,307.9193458557129,8,"COPDEM30",1183
"RGI2000-v7.0-G-18-01521","18","18-01","G170015E43751S",771891,749,"2000-04-13T00:00:00",170.0284498938492,-43.7029675,59,0.260727722122168,0,0,0,9,"",0,170.0312334469738,-43.70654368280548,1929.4429,2454.566,2217.6868,2204.9377,40.251537,115.18906,4,"COPDEM30",916
"RGI2000-v7.0-G-18-01522","18","18-01","G170029E43711S",771895,749,"2000-04-13T00:00:00",170.0288669365216,-43.7106625,59,0.103567013028708,0,0,0,9,"",0,170.0308354374948,-43.707815088520135,1954.1478,2430.8538,2225.0767,2204.1843,44.102524,66.15877,2,"COPDEM30",790
"RGI2000-v7.0-G-18-01523","18","18-01","G170031E43711S",771905,749,"2000-04-13T00:00:00",170.03140886201783,-43.7111505,59,0.021465823472733,0,0,0,9,"",0,170.03278827603762,-43.71197374667774,2016.9711,2096.4717,2036.0101,2041.201,35.021614,61.1704,2,"COPDEM30",170
"RGI2000-v7.0-G-18-01524","18","18-01","G170002E43696S",771824,749,"2000-04-13T00:00:00",170.00199982127083,-43.6956055,59,1.572275509650641,0,0,0,9,"",0,169.97074155300598,-43.69931875848809,962.2489,1430.8016,1149.4465,1153.5438,11.124424,250.6513442993164,7,"COPDEM30",3433
"RGI2000-v7.0-G-18-01525","18","18-01","G169999E43727S",771822,749,"2000-04-13T00:00:00",169.99972378827752,-43.725267,59,0.28147580965563,0,0,0,9,"",0,169.98985352114602,-43.726501524816086,1933.5416,2283.857,2138.1992,2128.7412,26.942808,329.9459571838379,8,"COPDEM30",1264
"RGI2000-v7.0-G-18-01526","18","18-01","G169997E43728S",771815,749,"2000-04-13T00:00:00",169.99732829632637,-43.72822,59,0.041590479751267,0,0,0,9,"",0,169.99787351113193,-43.72941222356954,2014.5248,2231.0347,2137.4302,2135.5051,40.918755,178.12363,5,"COPDEM30",309
"RGI2000-v7.0-G-18-01527","18","18-01","G170003E43728S",771827,749,"2000-04-13T00:00:00",170.00266250966183,-43.7281165,59,0.058210079063085,0,0,0,9,"",0,169.99973610931116,-43.72922570239027,2014.0073,2305.5508,2191.823,2179.616,41.68981,197.24533081054688,5,"COPDEM30",441
"RGI2000-v7.0-G-18-01528","18","18-01","G169981E43776S",771802,749,"2000-04-13T00:00:00",169.98174027054625,-43.775507,59,0.388796961662286,0,0,0,9,"",0,169.98872486938234,-43.78059209531864,1191.9354,2045.7947,1586.7605,1574.8611,30.527153,117.90733,4,"COPDEM30",1592
"RGI2000-v7.0-G-18-01529","18","18-01","G169971E43778S",771789,749,"2000-04-13T00:00:00",169.9707681836237,-43.7774645,59,0.019812199594824,0,0,0,9,"",0,169.96929153779467,-43.778296428812666,2024.3251,2155.3625,2104.6,2098.4827,29.485615,231.14340209960932,6,"COPDEM30",234
"RGI2000-v7.0-G-18-01530","18","18-01","G169965E43779S",771771,749,"2000-04-13T00:00:00",169.9647617321428,-43.7793995,59,0.015398549193096,0,0,0,9,"",0,169.96315798759665,-43.77935881864682,1688.424,1860.3224,1757.5197,1760.0793,27.420948,277.15453338623047,7,"COPDEM30",388
"RGI2000-v7.0-G-18-01531","18","18-01","G169959E43779S",771785,749,"2000-04-13T00:00:00",169.9685782180851,-43.784436,59,0.439313162315501,0,0,0,9,"",0,169.96902420492583,-43.779901988410074,1915.0745,2472.5532,2116.1572,2126.3271,28.59342,325.85829162597656,8,"COPDEM30",1412
"RGI2000-v7.0-G-18-01532","18","18-01","G169974E43788S",771793,749,"2000-04-13T00:00:00",169.97354554286886,-43.788359,59,0.014364367129397,0,0,0,9,"",0,169.97462705509545,-43.78912528086339,2106.3567,2251.63,2178.6396,2177.573,45.40378,103.12671,3,"COPDEM30",211
"RGI2000-v7.0-G-18-01533","18","18-01","G169975E43794S",771801,749,"2000-04-13T00:00:00",169.98065878985722,-43.7892435,59,1.096414742522826,0,0,0,9,"",0,169.98336907772608,-43.795135535156085,1527.4722,2479.4648,1939.8943,1937.3792,32.3266,91.67864,3,"COPDEM30",1570
"RGI2000-v7.0-G-18-01534","18","18-01","G169978E43802S",771799,749,"2000-04-13T00:00:00",169.9789706397059,-43.8022195,59,0.010179185272773,0,0,0,9,"",0,169.98053173830021,-43.802462199653846,1391.6022,1508.2491,1483.3596,1474.3934,33.043255,99.24878,3,"COPDEM30",180
"RGI2000-v7.0-G-18-01535","18","18-01","G169976E43807S",771794,749,"2000-04-13T00:00:00",169.9738988950243,-43.8074405,59,0.014571403089459,0,0,0,9,"",0,169.97499482074406,-43.807646358477214,1580.1943,1716.822,1637.4983,1641.6525,38.627983,110.32605,3,"COPDEM30",184
"RGI2000-v7.0-G-18-01536","18","18-01","G169969E43810S",771786,749,"2000-04-13T00:00:00",169.96940534286298,-43.8097315,59,0.020010442514121,0,0,0,9,"",0,169.96989137725467,-43.80996464863314,1798.7388,1944.7272,1860.3989,1860.2496,47.102264,113.66078,4,"COPDEM30",161
"RGI2000-v7.0-G-18-01537","18","18-01","G169967E43811S",771778,749,"2000-04-13T00:00:00",169.96696384852547,-43.8105235,59,0.016608831211938,0,0,0,9,"",0,169.96723539166638,-43.81123650566201,1937.5374,2132.2124,2013.7869,2021.8086,47.84068,114.73373,4,"COPDEM30",209
"RGI2000-v7.0-G-18-01538","18","18-01","G169963E43811S",771769,749,"2000-04-13T00:00:00",169.96315222807016,-43.809599500000004,59,0.130252811438801,0,0,0,9,"",0,169.9606209969721,-43.81139302359959,1846.0361,2174.7737,2032.4965,2028.8302,35.660503,235.9098663330078,6,"COPDEM30",551
"RGI2000-v7.0-G-18-01539","18","18-01","G169947E43804S",771741,749,"2000-04-13T00:00:00",169.94687581304143,-43.806329,59,2.580562867739804,0,0,0,9,"",0,169.93050243300564,-43.818569197444766,1108.1581,2146.5996,1558.4989,1601.1002,19.26001,240.63944244384768,6,"COPDEM30",4921
"RGI2000-v7.0-G-18-01540","18","18-01","G169938E43797S",771725,749,"2000-04-13T00:00:00",169.93811905847951,-43.796638,59,0.015804863918184,0,0,0,9,"",0,169.939033754865,-43.79727339837196,1919.5571,2094.2595,1989.8271,1998.9443,45.1961,155.87042,4,"COPDEM30",194
"RGI2000-v7.0-G-18-01541","18","18-01","G169940E43795S",771728,749,"2000-04-13T00:00:00",169.93959510085836,-43.795437,59,0.020128694434096,0,0,0,9,"",0,169.93986232510238,-43.796322739173924,1994.5408,2147.8926,2073.5544,2072.7036,47.426826,149.73073,4,"COPDEM30",217
"RGI2000-v7.0-G-18-01542","18","18-01","G169938E43793S",771724,749,"2000-04-13T00:00:00",169.9384032958313,-43.7930845,59,0.101284179805853,0,0,0,9,"",0,169.93593929139695,-43.79520578166595,2014.7156,2402.5427,2232.864,2229.0566,33.54575,236.2912368774414,6,"COPDEM30",660
"RGI2000-v7.0-G-18-01543","18","18-01","G169942E43793S",771734,749,"2000-04-13T00:00:00",169.94179188563828,-43.7934775,59,0.050209057354039,0,0,0,9,"",0,169.94263999699533,-43.79467317351964,2036.5502,2265.43,2173.215,2170.9177,40.4985,158.13905,5,"COPDEM30",285
"RGI2000-v7.0-G-18-01544","18","18-01","G169942E43791S",771733,749,"2000-04-13T00:00:00",169.9420685763278,-43.7908395,59,0.02283048643785,0,0,0,9,"",0,169.94197188316812,-43.791702402992726,2393.8035,2560.948,2470.5479,2473.2354,39.33976,194.765869140625,5,"COPDEM30",219
"RGI2000-v7.0-G-18-01545","18","18-01","G169945E43793S",771737,749,"2000-04-13T00:00:00",169.9453263695636,-43.792589,59,0.037540753116883,0,0,0,9,"",0,169.9448710032675,-43.79404582987389,2043.9082,2415.7217,2258.064,2246.6426,45.433514,163.79942,5,"COPDEM30",447
"RGI2000-v7.0-G-18-01546","18","18-01","G169953E43793S",771750,749,"2000-04-13T00:00:00",169.9527270825397,-43.7927575,59,0.025133246087629,0,0,0,9,"",0,169.9525012462099,-43.79356438112808,1841.7875,1983.3909,1922.7363,1921.4205,39.64116,178.05238,5,"COPDEM30",193
"RGI2000-v7.0-G-18-01547","18","18-01","G169957E43792S",771756,749,"2000-04-13T00:00:00",169.95713706770732,-43.792249999999996,59,0.031059494500957,0,0,0,9,"",0,169.95538697238663,-43.79306099119823,1989.448,2197.6074,2109.2168,2101.9329,37.37214,215.8383636474609,6,"COPDEM30",300
"RGI2000-v7.0-G-18-01548","18","18-01","G169955E43788S",771753,749,"2000-04-13T00:00:00",169.95473086241378,-43.7882695,59,0.024235506311741,0,0,0,9,"",0,169.95383977388298,-43.78752111556477,2249.11,2385.0117,2320.401,2319.405,30.971323,322.2581672668457,8,"COPDEM30",239
"RGI2000-v7.0-G-18-01549","18","18-01","G169956E43786S",771754,749,"2000-04-13T00:00:00",169.95641609436274,-43.785560000000004,59,0.027942946662883,0,0,0,9,"",0,169.95746668996676,-43.78482691644906,2043.9487,2194.846,2128.0479,2125.066,40.825043,4.997692,1,"COPDEM30",185
"RGI2000-v7.0-G-18-01550","18","18-01","G169956E43788S",771762,749,"2000-04-13T00:00:00",169.9605217938289,-43.788611,59,0.055351645367774,0,0,0,9,"",0,169.95946944452263,-43.78626890776609,2163.4355,2574.891,2283.4036,2308.872,36.19278,352.14240074157715,1,"COPDEM30",589
"RGI2000-v7.0-G-18-01551","18","18-01","G169940E43785S",771730,749,"2000-04-13T00:00:00",169.94133007291668,-43.7853975,59,0.186848063943849,0,0,0,9,"",0,169.94075331407086,-43.78239153052192,2033.9785,2506.2615,2275.2834,2274.3552,36.09128,2.0647717,1,"COPDEM30",732
"RGI2000-v7.0-G-18-01552","18","18-01","G169936E43787S",771721,749,"2000-04-13T00:00:00",169.93605922733713,-43.786781500000004,59,0.024547887507518,0,0,0,9,"",0,169.93312770654217,-43.785321102001156,2385.3328,2482.3152,2426.1304,2429.3713,21.882387,275.1698760986328,7,"COPDEM30",443
"RGI2000-v7.0-G-18-01553","18","18-01","G169930E43788S",771717,749,"2000-04-13T00:00:00",169.93001058401637,-43.787929000000005,59,0.031642243156228,0,0,0,9,"",0,169.92886496089764,-43.78884279368307,1927.6178,2201.9116,2077.1753,2068.2993,36.132996,221.5814971923828,6,"COPDEM30",374
"RGI2000-v7.0-G-18-01554","18","18-01","G169927E43788S",771711,749,"2000-04-13T00:00:00",169.9270591638314,-43.788114,59,0.026801942935265,0,0,0,9,"",0,169.9257560118598,-43.789402186901015,1820.0851,2053.1167,1939.9521,1934.0612,46.150105,165.74078,5,"COPDEM30",304
"RGI2000-v7.0-G-18-01555","18","18-01","G169929E43785S",771713,749,"2000-04-13T00:00:00",169.92919170036765,-43.785231499999995,59,0.033917142481247,0,0,0,9,"",0,169.92818832917925,-43.786136123450305,2193.0503,2321.3132,2264.7534,2267.5867,21.061897,238.95718383789065,6,"COPDEM30",187
"RGI2000-v7.0-G-18-01556","18","18-01","G169933E43782S",771716,749,"2000-04-13T00:00:00",169.92987206346152,-43.783395999999996,59,0.514760304130038,0,0,0,9,"",0,169.9224490541847,-43.78042339575134,1940.5221,2478.961,2192.4773,2198.177,30.801764,351.70346450805664,1,"COPDEM30",1554
"RGI2000-v7.0-G-18-01557","18","18-01","G169927E43778S",771709,749,"2000-04-13T00:00:00",169.92641884545455,-43.776291,59,0.052350935581926,0,0,0,9,"",0,169.92542548206077,-43.77430856784018,1802.5677,1943.3029,1872.2775,1872.0338,26.300087,279.2070007324219,7,"COPDEM30",473
"RGI2000-v7.0-G-18-01558","18","18-01","G169919E43783S",771698,749,"2000-04-13T00:00:00",169.91903644451514,-43.782622,59,0.088463177364487,0,0,0,9,"",0,169.9174144058888,-43.781918827948104,1894.6954,2245.0054,2127.2473,2126.7302,33.09786,346.52872371673584,1,"COPDEM30",400
"RGI2000-v7.0-G-18-01559","18","18-01","G169914E43784S",771692,749,"2000-04-13T00:00:00",169.91433358394494,-43.783567500000004,59,0.031688530526987,0,0,0,9,"",0,169.9123167512361,-43.78374492458549,1931.9529,2143.518,2028.378,2028.6965,28.076199,279.3842239379883,7,"COPDEM30",433
"RGI2000-v7.0-G-18-01560","18","18-01","G169913E43786S",771691,749,"2000-04-13T00:00:00",169.91300327126072,-43.78554,59,0.015717014110297,0,0,0,9,"",0,169.91163448628288,-43.786130146253534,1850.7343,2016.0394,1939.4111,1938.4386,35.920055,241.86962890625,6,"COPDEM30",255
"RGI2000-v7.0-G-18-01561","18","18-01","G169915E43788S",771694,749,"2000-04-13T00:00:00",169.91556796153847,-43.787434,59,0.01753407162735,0,0,0,9,"",0,169.91463588445293,-43.78757070428863,1958.2141,2113.84,2017.8922,2021.3599,30.818714,210.72799682617188,6,"COPDEM30",214
"RGI2000-v7.0-G-18-01562","18","18-01","G169916E43787S",771696,749,"2000-04-13T00:00:00",169.9176876152646,-43.786923,59,0.021649808079997,0,0,0,9,"",0,169.91785486292036,-43.786878006046116,1976.9402,2244.2349,2165.454,2134.8984,37.54144,188.5518341064453,5,"COPDEM30",157
"RGI2000-v7.0-G-18-01563","18","18-01","G169936E43788S",771703,749,"2000-04-13T00:00:00",169.92105083648647,-43.788019,59,0.042861737979072,0,0,0,9,"",0,169.920012401647,-43.789619353060054,1737.694,1959.2075,1858.2329,1854.7556,39.900005,159.5109,5,"COPDEM30",381
"RGI2000-v7.0-G-18-01564","18","18-01","G169922E43793S",771689,749,"2000-04-13T00:00:00",169.90962107638887,-43.79437,59,0.794389668255658,0,0,0,9,"",0,169.90073157601768,-43.797750652326854,1340.9429,2032.2062,1487.63,1508.9298,13.847236,257.3051986694336,7,"COPDEM30",3064
"RGI2000-v7.0-G-18-01565","18","18-01","G169924E43802S",771708,749,"2000-04-13T00:00:00",169.92467892837104,-43.801818499999996,59,0.052538601111036,0,0,0,9,"",0,169.92190331751556,-43.80218176894273,2019.2157,2206.0203,2104.805,2105.0215,27.663694,287.14014434814453,7,"COPDEM30",472
"RGI2000-v7.0-G-18-01566","18","18-01","G169932E43804S",771719,749,"2000-04-13T00:00:00",169.9312454369641,-43.8034275,59,0.099051377758303,0,0,0,9,"",0,169.93154724944165,-43.805294696325966,1900.6403,2174.2324,2017.4868,2021.1508,35.50342,166.6979,5,"COPDEM30",406
"RGI2000-v7.0-G-18-01567","18","18-01","G169933E43799S",771720,749,"2000-04-13T00:00:00",169.93335623809523,-43.799049,59,0.010080605068008,0,0,0,9,"",0,169.9327610374901,-43.798062444321246,2150.9866,2194.1619,2176.843,2176.0654,18.44035,267.74317169189453,7,"COPDEM30",98
"RGI2000-v7.0-G-18-01568","18","18-01","G169924E43808S",771710,749,"2000-04-13T00:00:00",169.92635354864865,-43.808119000000005,59,0.316120190096109,0,0,0,9,"",0,169.9230516448684,-43.81504207750919,1342.2639,2142.9473,1548.0339,1617.1681,26.931992,172.83734,5,"COPDEM30",1665
"RGI2000-v7.0-G-18-01569","18","18-01","G169920E43806S",771701,749,"2000-04-13T00:00:00",169.91952957681565,-43.806088,59,0.030886990056081,0,0,0,9,"",0,169.9223106925387,-43.806670679988045,1784.8663,2036.8118,1915.9158,1913.1204,44.459797,145.7188,4,"COPDEM30",390
"RGI2000-v7.0-G-18-01570","18","18-01","G169910E43815S",771693,749,"2000-04-13T00:00:00",169.915141574183,-43.812132,59,0.160549342202728,0,0,0,9,"",0,169.91462538482867,-43.81566272913386,1602.8553,2047.7446,1766.4546,1794.2345,36.273422,137.74966,4,"COPDEM30",887
"RGI2000-v7.0-G-18-01571","18","18-01","G169909E43812S",771687,749,"2000-04-13T00:00:00",169.90916368435512,-43.8116055,59,0.018174529947515,0,0,0,9,"",0,169.9098743296872,-43.811512445053,2055.313,2254.199,2154.473,2157.8303,50.962296,136.07996,4,"COPDEM30",203
"RGI2000-v7.0-G-18-01572","18","18-01","G169906E43813S",771684,749,"2000-04-13T00:00:00",169.90576005017328,-43.8131245,59,0.026586973645536,0,0,0,9,"",0,169.90716833963583,-43.81333825229794,2085.549,2286.5625,2179.55,2186.7053,43.992413,141.03026,4,"COPDEM30",233
"RGI2000-v7.0-G-18-01573","18","18-01","G169909E43815S",771688,749,"2000-04-13T00:00:00",169.9094836195652,-43.8147675,59,0.106817582112463,0,0,0,9,"",0,169.9106926023569,-43.81763837359207,1688.6143,2038.881,1862.5984,1856.7048,36.379417,134.88684,4,"COPDEM30",604
"RGI2000-v7.0-G-18-01574","18","18-01","G169904E43819S",771685,749,"2000-04-13T00:00:00",169.90575483333333,-43.820333500000004,59,0.664294044821673,0,0,0,9,"",0,169.90660507330148,-43.824456365679445,1556.5753,2249.7974,1772.0059,1840.7504,30.153162,121.49979,4,"COPDEM30",1796
"RGI2000-v7.0-G-18-01575","18","18-01","G169896E43818S",771676,749,"2000-04-13T00:00:00",169.896790920384,-43.81852,59,0.067715519926232,0,0,0,9,"",0,169.89541088594453,-43.81651532243935,2016.2882,2243.4128,2135.5173,2137.0718,39.64912,296.03343200683594,8,"COPDEM30",528
"RGI2000-v7.0-G-18-01576","18","18-01","G169892E43821S",771669,749,"2000-04-13T00:00:00",169.89152596937086,-43.8213545,59,0.029270595576361,0,0,0,9,"",0,169.89215167323763,-43.82047854530445,2049.9392,2301.879,2164.301,2160.994,39.640495,353.89727687835693,1,"COPDEM30",262
"RGI2000-v7.0-G-18-01577","18","18-01","G169897E43826S",771677,749,"2000-04-13T00:00:00",169.8965380496454,-43.82588,59,0.092550905106032,0,0,0,9,"",0,169.89776658417904,-43.82668688174448,2010.54,2265.4055,2154.8862,2152.6357,39.87607,111.066956,3,"COPDEM30",502
"RGI2000-v7.0-G-18-01578","18","18-01","G169897E43833S",771678,749,"2000-04-13T00:00:00",169.89653451715685,-43.832293,59,0.066497386628949,0,0,0,9,"",0,169.89793246578083,-43.832538167720244,1946.098,2175.9604,2061.9446,2063.355,37.651474,94.4463,3,"COPDEM30",256
"RGI2000-v7.0-G-18-01579","18","18-01","G169897E43835S",771679,749,"2000-04-13T00:00:00",169.89688874979373,-43.835379,59,0.01465777637778,0,0,0,9,"",0,169.8980861098218,-43.8353744747987,1689.706,1984.2318,1878.1791,1862.1782,41.918377,122.40817,4,"COPDEM30",227
"RGI2000-v7.0-G-18-01580","18","18-01","G169892E43837S",771665,749,"2000-04-13T00:00:00",169.8905770313357,-43.837149,59,0.06045523696864,0,0,0,9,"",0,169.89239601646264,-43.83757051520568,2191.7544,2411.2498,2316.3728,2313.2798,37.466732,83.879585,3,"COPDEM30",276
"RGI2000-v7.0-G-18-01581","18","18-01","G169893E43842S",771671,749,"2000-04-13T00:00:00",169.89333906569965,-43.841584,59,0.117144140621152,0,0,0,9,"",0,169.89366888582194,-43.843586454185335,1927.5101,2340.467,2110.2576,2122.1873,36.401527,126.15544,4,"COPDEM30",631
"RGI2000-v7.0-G-18-01582","18","18-01","G169891E43844S",771666,749,"2000-04-13T00:00:00",169.89063978233344,-43.843475,59,0.011827940350183,0,0,0,9,"",0,169.89188584102266,-43.84317515991406,2053.5405,2187.6113,2146.7148,2136.924,43.16672,120.9668,4,"COPDEM30",118
"RGI2000-v7.0-G-18-01583","18","18-01","G169890E43848S",771663,749,"2000-04-13T00:00:00",169.8901438286474,-43.8477505,59,0.026921267357111,0,0,0,9,"",0,169.89051207557438,-43.84873328471998,1843.9932,2020.6724,1941.6562,1934.6,44.358124,137.72794,4,"COPDEM30",248
"RGI2000-v7.0-G-18-01584","18","18-01","G169887E43850S",771658,749,"2000-04-13T00:00:00",169.88712890723028,-43.850182000000004,59,0.01564096569466,0,0,0,9,"",0,169.88671667123205,-43.85103785931844,1910.8547,2062.6504,1960.5073,1969.5867,46.84088,131.92166,4,"COPDEM30",269
"RGI2000-v7.0-G-18-01585","18","18-01","G169878E43855S",771644,749,"2000-04-13T00:00:00",169.87840705801585,-43.854505,59,0.01264361042025,0,0,0,9,"",0,169.87750112499742,-43.8536788550814,1697.8823,1802.892,1753.877,1752.1488,33.53793,273.2473373413086,7,"COPDEM30",238
"RGI2000-v7.0-G-18-01586","18","18-01","G169872E43843S",771640,749,"2000-04-13T00:00:00",169.87143016392199,-43.8418185,59,0.016670643594922,0,0,0,9,"",0,169.8708818935953,-43.84279303415145,1298.0177,1393.6844,1332.398,1336.9022,23.248308,156.52405,4,"COPDEM30",265
"RGI2000-v7.0-G-18-01587","18","18-01","G169867E43837S",771638,749,"2000-04-13T00:00:00",169.86841715575866,-43.837094,59,0.544975065151672,0,0,0,9,"",0,169.86575390745878,-43.840138086445776,1675.1821,2202.404,1963.4968,1959.5706,33.93924,171.54037,5,"COPDEM30",1592
"RGI2000-v7.0-G-18-01588","18","18-01","G169864E43832S",771635,749,"2000-04-13T00:00:00",169.86431868171806,-43.832252499999996,59,0.034276505010265,0,0,0,9,"",0,169.86277495999937,-43.83178483953739,1998.8512,2153.6943,2065.7908,2070.85,37.747604,308.1023368835449,8,"COPDEM30",283
"RGI2000-v7.0-G-18-01589","18","18-01","G169860E43834S",771630,749,"2000-04-13T00:00:00",169.86016006985295,-43.833969499999995,59,0.029990483842768,0,0,0,9,"",0,169.85834676163893,-43.83416389986516,2012.7416,2140.8643,2046.0818,2055.6858,34.53798,323.5677032470703,8,"COPDEM30",220
"RGI2000-v7.0-G-18-01590","18","18-01","G169860E43839S",771631,749,"2000-04-13T00:00:00",169.8604774180793,-43.8394765,59,0.084506197124464,0,0,0,9,"",0,169.8617749882545,-43.842302928026236,1905.3959,2261.7737,2039.2617,2054.5022,44.077625,105.083626,3,"COPDEM30",454
"RGI2000-v7.0-G-18-01591","18","18-01","G169882E43833S",771648,749,"2000-04-13T00:00:00",169.88222473132834,-43.832824,59,0.017893673895351,0,0,0,9,"",0,169.88110598357605,-43.832185329653925,2011.0,2220.198,2130.5645,2126.453,30.98379,349.5756311416626,1,"COPDEM30",308
"RGI2000-v7.0-G-18-01592","18","18-01","G169880E43824S",771655,749,"2000-04-13T00:00:00",169.8850079514562,-43.8331275,59,0.019324807007998,0,0,0,9,"",0,169.88401203382986,-43.832737102063966,2140.5022,2215.2563,2169.9224,2171.6902,20.789108,320.3036193847656,8,"COPDEM30",227
"RGI2000-v7.0-G-18-01593","18","18-01","G169889E43832S",771661,749,"2000-04-13T00:00:00",169.88906024371693,-43.8316835,59,0.011871505447556,0,0,0,9,"",0,169.89131000000012,-43.831318084379284,1954.5161,2057.348,1996.0062,1998.4414,33.101673,21.390543,1,"COPDEM30",287
"RGI2000-v7.0-G-18-01594","18","18-01","G169883E43840S",771651,749,"2000-04-13T00:00:00",169.88439576732378,-43.840132499999996,59,0.407340832302999,0,0,0,9,"",0,169.87670686396854,-43.83876738994253,1811.6033,2257.7627,2025.6104,2025.4526,31.289808,229.8852386474609,6,"COPDEM30",1072
"RGI2000-v7.0-G-18-01595","18","18-01","G169874E43820S",771643,749,"2000-04-13T00:00:00",169.87506098960236,-43.820514,59,0.010756195271376,0,0,0,9,"",0,169.8741373650689,-43.82114556452913,1935.2898,2076.1477,2005.9641,2007.5533,42.581726,179.19926,5,"COPDEM30",152
"RGI2000-v7.0-G-18-01596","18","18-01","G169886E43814S",771657,749,"2000-04-13T00:00:00",169.88613623193407,-43.8143855,59,0.169796975372568,0,0,0,9,"",0,169.88084735863913,-43.811807967806374,1475.9249,1719.9624,1579.2662,1579.222,17.404552,304.9871406555176,8,"COPDEM30",979
"RGI2000-v7.0-G-18-01597","18","18-01","G169888E43808S",771659,749,"2000-04-13T00:00:00",169.8879277644435,-43.808417500000004,59,0.025585184591321,0,0,0,9,"",0,169.88663217523734,-43.80899846016944,1898.6189,2149.0967,1993.2112,2010.3016,35.813534,218.9704742431641,6,"COPDEM30",274
"RGI2000-v7.0-G-18-01598","18","18-01","G169894E43808S",771668,749,"2000-04-13T00:00:00",169.89214266762127,-43.807557,59,0.110308728287758,0,0,0,9,"",0,169.89083218250843,-43.80462994368156,1918.8159,2269.1208,2172.7134,2152.1436,31.163822,7.8069963,1,"COPDEM30",841
"RGI2000-v7.0-G-18-01599","18","18-01","G169895E43812S",771675,749,"2000-04-13T00:00:00",169.89554902811005,-43.812177500000004,59,0.01625164008252,0,0,0,9,"",0,169.89426206913387,-43.81201014202314,2073.097,2271.3804,2140.432,2148.4849,37.64784,252.078842163086,7,"COPDEM30",263
"RGI2000-v7.0-G-18-01600","18","18-01","G169900E43813S",771682,749,"2000-04-13T00:00:00",169.90013250451807,-43.8129795,59,0.011128473497551,0,0,0,9,"",0,169.90103871615742,-43.812524645167656,2350.3464,2394.304,2369.864,2372.0645,19.176582,85.868324,3,"COPDEM30",160
"RGI2000-v7.0-G-18-01601","18","18-01","G169902E43810S",771681,749,"2000-04-13T00:00:00",169.8997341102006,-43.810082,59,0.207187107180789,0,0,0,9,"",0,169.89969740540909,-43.80762122513297,1985.3157,2338.3604,2214.179,2201.8657,34.23435,11.487118,1,"COPDEM30",523
"RGI2000-v7.0-G-18-01602","18","18-01","G169941E43837S",771731,749,"2000-04-13T00:00:00",169.94116172651616,-43.8362065,59,0.044302792247742,0,0,0,9,"",0,169.94015697721883,-43.83621896329617,2009.8665,2126.1018,2050.0134,2061.6697,17.96449,298.0950622558594,8,"COPDEM30",427
"RGI2000-v7.0-G-18-01603","18","18-01","G169941E43840S",771732,749,"2000-04-13T00:00:00",169.94066711810308,-43.839656500000004,59,0.023691019030467,0,0,0,9,"",0,169.94048573536733,-43.838853758147486,2036.3154,2113.782,2060.2983,2065.024,24.791641,322.6432266235352,8,"COPDEM30",214
"RGI2000-v7.0-G-18-01604","18","18-01","G169945E43839S",771738,749,"2000-04-13T00:00:00",169.94515139394622,-43.838714499999995,59,0.021904327292033,0,0,0,9,"",0,169.94514263415903,-43.83775441725983,2166.6777,2194.6055,2177.2244,2178.3452,11.171815,282.7644500732422,7,"COPDEM30",168
"RGI2000-v7.0-G-18-01605","18","18-01","G169948E43838S",771745,749,"2000-04-13T00:00:00",169.9488461976021,-43.8366275,59,0.095535872149068,0,0,0,9,"",0,169.95198050673096,-43.837946816391096,1952.6921,2232.911,2134.6057,2130.3484,36.952785,111.854904,3,"COPDEM30",424
"RGI2000-v7.0-G-18-01606","18","18-01","G169949E43835S",771744,749,"2000-04-13T00:00:00",169.94927040691488,-43.835147000000006,59,0.012887576799857,0,0,0,9,"",0,169.95027608810605,-43.8349204474647,2149.2646,2213.997,2200.2693,2195.2888,23.54086,105.23074,3,"COPDEM30",221
"RGI2000-v7.0-G-18-01607","18","18-01","G169949E43833S",771743,749,"2000-04-13T00:00:00",169.94880872327042,-43.8331235,59,0.038138260837449,0,0,0,9,"",0,169.9493195067408,-43.83146080071916,2053.9841,2180.694,2097.666,2107.3113,23.12692,337.9368534088135,1,"COPDEM30",395
"RGI2000-v7.0-G-18-01608","18","18-01","G169953E43831S",771749,749,"2000-04-13T00:00:00",169.95180597342193,-43.832424,59,0.018191680019129,0,0,0,9,"",0,169.95247198116934,-43.833309445439156,2059.3425,2169.3777,2126.518,2116.909,41.96835,112.48584,3,"COPDEM30",179
"RGI2000-v7.0-G-18-01609","18","18-01","G169952E43832S",771751,749,"2000-04-13T00:00:00",169.95331728504672,-43.830731,59,0.013253866239567,0,0,0,9,"",0,169.95421524759374,-43.83099386810885,2016.4718,2135.4917,2087.6013,2081.0593,39.230167,132.04608,4,"COPDEM30",150
"RGI2000-v7.0-G-18-01610","18","18-01","G169956E43827S",771755,749,"2000-04-13T00:00:00",169.95634051731594,-43.827212,59,0.015970558087099,0,0,0,9,"",0,169.9569125534942,-43.82764549586162,1920.0411,2053.3513,1993.8047,1991.0938,39.59475,116.40158,4,"COPDEM30",187
"RGI2000-v7.0-G-18-01611","18","18-01","G169961E43823S",771765,749,"2000-04-13T00:00:00",169.96176028500844,-43.8233995,59,0.024661885045029,0,0,0,9,"",0,169.96177273620262,-43.82488462649314,1712.514,1865.5298,1772.0142,1774.8575,29.414923,137.85873,4,"COPDEM30",305
"RGI2000-v7.0-G-18-01612","18","18-01","G169942E43843S",771735,749,"2000-04-13T00:00:00",169.94188047959182,-43.844184999999996,59,0.026537406610445,0,0,0,9,"",0,169.9418264417432,-43.84524683152128,2097.345,2269.1323,2205.184,2203.2139,28.511183,218.1143798828125,6,"COPDEM30",249
"RGI2000-v7.0-G-18-01613","18","18-01","G169939E43855S",771727,749,"2000-04-13T00:00:00",169.93863483333334,-43.8550275,59,0.016792968532276,0,0,0,9,"",0,169.93801307403623,-43.85553023250141,1972.3927,2080.8887,2000.5443,2010.5249,23.722788,220.74636840820312,6,"COPDEM30",262
"RGI2000-v7.0-G-18-01614","18","18-01","G169939E43863S",771726,749,"2000-04-13T00:00:00",169.93770593724696,-43.862790000000004,59,0.0115240875332,0,0,0,9,"",0,169.93744759708093,-43.86243023096847,2057.1497,2088.3728,2074.1772,2072.4683,13.818025,304.4878463745117,8,"COPDEM30",123
"RGI2000-v7.0-G-18-01615","18","18-01","G169944E43862S",771736,749,"2000-04-13T00:00:00",169.9436956216814,-43.862014,59,0.011261726988015,0,0,0,9,"",0,169.9439764435623,-43.862526582812,2056.4648,2164.9412,2103.599,2108.2107,41.92683,125.43747,4,"COPDEM30",159
"RGI2000-v7.0-G-18-01616","18","18-01","G169946E43863S",771739,749,"2000-04-13T00:00:00",169.94522682861805,-43.862901,59,0.013630420098817,0,0,0,9,"",0,169.94563986421926,-43.863089595951855,1964.9722,2023.8563,1992.732,1993.3928,30.038698,131.92657,4,"COPDEM30",102
"RGI2000-v7.0-G-18-01617","18","18-01","G169949E43870S",771746,749,"2000-04-13T00:00:00",169.9491445708556,-43.8696295,59,0.014188290711321,0,0,0,9,"",0,169.94963812003851,-43.86994018728965,1353.5953,1432.992,1391.0592,1391.6044,30.404514,117.76663,4,"COPDEM30",154
"RGI2000-v7.0-G-18-01618","18","18-01","G169935E43872S",771723,749,"2000-04-13T00:00:00",169.93701250080906,-43.86875,59,0.042757898674246,0,0,0,9,"",0,169.93809985380616,-43.868997307885785,2114.0735,2224.2576,2193.418,2180.448,28.087877,108.71614,3,"COPDEM30",235
"RGI2000-v7.0-G-18-01619","18","18-01","G169936E43871S",771722,749,"2000-04-13T00:00:00",169.935784975,-43.871318,59,0.026413883194179,0,0,0,9,"",0,169.9360762193391,-43.87202205625253,2121.0356,2220.6414,2200.6787,2192.7935,28.26691,136.58363,4,"COPDEM30",207
"RGI2000-v7.0-G-18-01620","18","18-01","G169927E43877S",771714,749,"2000-04-13T00:00:00",169.92864865953263,-43.876226,59,0.010925555369035,0,0,0,9,"",0,169.9289509773363,-43.87675276774053,2090.8206,2206.0466,2147.8435,2148.6814,43.34511,165.93793,5,"COPDEM30",134
"RGI2000-v7.0-G-18-01621","18","18-01","G169928E43902S",771718,749,"2000-04-13T00:00:00",169.9297739501916,-43.900789,59,0.011930069703571,0,0,0,9,"",0,169.93071088124066,-43.901723424485105,2096.9338,2205.3318,2166.0037,2163.9067,27.617414,172.61418,5,"COPDEM30",229
"RGI2000-v7.0-G-18-01622","18","18-01","G169927E43903S",771712,749,"2000-04-13T00:00:00",169.9280961496853,-43.9020845,59,0.011492514501309,0,0,0,9,"",0,169.92845469696587,-43.902165884970145,2021.871,2157.3748,2104.1978,2096.812,41.78998,159.15706,5,"COPDEM30",87
"RGI2000-v7.0-G-18-01623","18","18-01","G169895E43944S",771672,749,"2000-04-13T00:00:00",169.89388042372883,-43.944283999999996,59,0.011774004193271,0,0,0,9,"",0,169.89473451343312,-43.944104053694076,2270.153,2344.3384,2313.4592,2312.0974,32.034946,86.175606,3,"COPDEM30",146
"RGI2000-v7.0-G-18-01624","18","18-01","G169885E43974S",771652,749,"2000-04-13T00:00:00",169.8843581117166,-43.975316500000005,59,0.015224115266421,0,0,0,9,"",0,169.88546124718266,-43.9746893404903,1912.474,2052.1677,1990.5632,1987.026,42.14704,54.268345,2,"COPDEM30",205
"RGI2000-v7.0-G-18-01625","18","18-01","G169884E43981S",771653,749,"2000-04-13T00:00:00",169.88391058737864,-43.9805935,59,0.050925240942268,0,0,0,9,"",0,169.8822309476551,-43.98086752766505,2144.509,2354.3657,2221.4314,2229.281,40.17513,214.6056365966797,6,"COPDEM30",332
"RGI2000-v7.0-G-18-01626","18","18-01","G169882E43982S",771649,749,"2000-04-13T00:00:00",169.88243339485982,-43.982263,59,0.01472037237375,0,0,0,9,"",0,169.88171472247595,-43.98238641233036,2049.9016,2132.1152,2083.3728,2083.8486,29.987633,256.5507583618164,7,"COPDEM30",173
"RGI2000-v7.0-G-18-01627","18","18-01","G169878E43980S",771645,749,"2000-04-13T00:00:00",169.87816947032917,-43.979971000000006,59,0.066292747299551,0,0,0,9,"",0,169.87763178669834,-43.9811586428338,1943.5568,2167.178,2045.1934,2047.8124,42.325813,185.0559539794922,5,"COPDEM30",277
"RGI2000-v7.0-G-18-01628","18","18-01","G169890E43984S",771660,749,"2000-04-13T00:00:00",169.8877036141851,-43.9840215,59,0.13075406811695,0,0,0,9,"",0,169.883330468676,-43.9840401872424,2134.7659,2392.6318,2259.6428,2257.1885,26.97141,215.74496459960932,6,"COPDEM30",518
"RGI2000-v7.0-G-18-01629","18","18-01","G169894E43987S",771673,749,"2000-04-13T00:00:00",169.89370263826726,-43.9862555,59,0.134971100486403,0,0,0,9,"",0,169.89815078254216,-43.98701993119245,2034.3627,2344.9333,2224.748,2213.716,30.471361,120.077286,4,"COPDEM30",614
"RGI2000-v7.0-G-18-01630","18","18-01","G169900E43985S",771680,749,"2000-04-13T00:00:00",169.899435778998,-43.985454000000004,59,0.018407721412273,0,0,0,9,"",0,169.89976833913215,-43.98607091555087,2069.5454,2212.8115,2132.6292,2133.8157,35.851852,155.6937,4,"COPDEM30",204
"RGI2000-v7.0-G-18-01631","18","18-01","G169884E43993S",771654,749,"2000-04-13T00:00:00",169.88399997256025,-43.991141,59,0.553692922805024,0,0,0,9,"",0,169.88491081058874,-43.99559797908545,2023.074,2361.7776,2223.1624,2213.386,23.065968,158.91609,5,"COPDEM30",1152
"RGI2000-v7.0-G-18-01632","18","18-01","G169891E43998S",771664,749,"2000-04-13T00:00:00",169.89019848222125,-43.998490000000004,59,0.03943275457211,0,0,0,9,"",0,169.89302895415474,-43.99876918636125,2061.3315,2269.5608,2187.9675,2184.357,32.86678,125.090416,4,"COPDEM30",445
"RGI2000-v7.0-G-18-01633","18","18-01","G169865E44020S",771636,749,"2000-04-13T00:00:00",169.86426969829978,-44.020064,59,0.012830303381844,0,0,0,9,"",0,169.86509085032188,-44.02015240610773,1983.9905,2069.7097,2023.3043,2025.9163,37.666973,89.7829,3,"COPDEM30",142
"RGI2000-v7.0-G-18-01634","18","18-01","G169861E44021S",771633,749,"2000-04-13T00:00:00",169.86085743886758,-44.020649,59,0.014181063757339,0,0,0,9,"",0,169.8603761049549,-44.0211928647337,1970.372,2060.1475,2006.9407,2010.253,35.685097,183.0780334472656,5,"COPDEM30",146
"RGI2000-v7.0-G-18-01635","18","18-01","G169778E44046S",771514,749,"2000-04-13T00:00:00",169.7781709223592,-44.0463035,59,0.017306603157521,0,0,0,9,"",0,169.77875921258413,-44.04660474800145,2058.9614,2162.6277,2107.7986,2107.1335,39.8621,134.42345,4,"COPDEM30",128
"RGI2000-v7.0-G-18-01636","18","18-01","G169774E44050S",771511,749,"2000-04-13T00:00:00",169.77432668827277,-44.0500145,59,0.074330376197491,0,0,0,9,"",0,169.77599285275875,-44.050191235041204,2077.7048,2245.1938,2197.7922,2184.9543,30.697084,110.24279,3,"COPDEM30",206
"RGI2000-v7.0-G-18-01637","18","18-01","G169756E44074S",771476,749,"2000-04-13T00:00:00",169.75560588888888,-44.073963000000006,59,0.012943924149895,0,0,0,9,"",0,169.75622435811886,-44.07428536015038,1963.6687,2084.3135,2006.2772,2010.1361,33.38842,136.56613,4,"COPDEM30",177
"RGI2000-v7.0-G-18-01638","18","18-01","G169751E44080S",771470,749,"2000-04-13T00:00:00",169.75154771850612,-44.080103,59,0.010042323755976,0,0,0,9,"",0,169.75107094334967,-44.080030917715284,2060.7744,2188.9092,2099.9678,2111.4954,33.315746,229.55694580078125,6,"COPDEM30",178
"RGI2000-v7.0-G-18-01639","18","18-01","G170011E43957S",771839,749,"2000-04-13T00:00:00",170.01037490372403,-43.956531999999996,59,0.019892894614832,0,0,0,9,"",0,170.00916056223141,-43.95747374429907,2060.626,2158.3682,2103.3213,2103.5337,29.641998,174.62015,5,"COPDEM30",212
"RGI2000-v7.0-G-18-01640","18","18-01","G170015E43954S",771851,749,"2000-04-13T00:00:00",170.01453859803922,-43.95456,59,0.024589634223757,0,0,0,9,"",0,170.01711762533378,-43.95607413483349,1988.391,2175.4812,2066.8333,2074.8743,31.403387,107.850266,3,"COPDEM30",481
"RGI2000-v7.0-G-18-01641","18","18-01","G170021E43950S",771861,749,"2000-04-13T00:00:00",170.01823557370162,-43.949739,59,0.124037683009999,0,0,0,9,"",0,170.02174649825983,-43.95149055236226,1906.7876,2123.199,2026.5681,2019.0848,28.934486,151.34389,4,"COPDEM30",444
"RGI2000-v7.0-G-18-01642","18","18-01","G170008E43952S",771832,749,"2000-04-13T00:00:00",170.0073680420712,-43.9515035,59,0.068834063839023,0,0,0,9,"",0,170.0066388605711,-43.95287635951068,2086.6567,2249.268,2150.5134,2152.8364,30.290997,173.31116,5,"COPDEM30",402
"RGI2000-v7.0-G-18-01643","18","18-01","G170017E43941S",771857,749,"2000-04-13T00:00:00",170.01735261120623,-43.9405235,59,0.015984917404472,0,0,0,9,"",0,170.0185865264513,-43.939320137946446,2161.565,2227.5078,2205.3667,2202.888,26.435299,100.09664,3,"COPDEM30",333
"RGI2000-v7.0-G-18-01644","18","18-01","G170031E43926S",771904,749,"2000-04-13T00:00:00",170.02999262844423,-43.925069,59,0.01786063305878,0,0,0,9,"",0,170.02927760369394,-43.926273537805095,1895.3572,2102.7917,1980.8575,1986.9307,48.113117,139.78964,4,"COPDEM30",294
"RGI2000-v7.0-G-18-01645","18","18-01","G170029E43916S",771900,749,"2000-04-13T00:00:00",170.0289713891355,-43.9150915,59,0.094207116575095,0,0,0,9,"",0,170.03164879883306,-43.914985641234836,1978.4504,2271.8887,2038.1218,2056.153,33.79999,134.00409,4,"COPDEM30",498
"RGI2000-v7.0-G-18-01646","18","18-01","G170018E43912S",771856,749,"2000-04-13T00:00:00",170.01698731008463,-43.909122499999995,59,0.043097016948816,0,0,0,9,"",0,170.01760064920012,-43.91012212387184,2175.736,2366.454,2243.0894,2244.6895,37.5217,176.48299,5,"COPDEM30",244
"RGI2000-v7.0-G-18-01647","18","18-01","G170023E43891S",771873,749,"2000-04-13T00:00:00",170.02152272238806,-43.891295,59,0.088918221688956,0,0,0,9,"",0,170.02572422773198,-43.89327179808931,1931.104,2238.9885,2043.477,2054.4106,28.291378,110.95116,3,"COPDEM30",634
"RGI2000-v7.0-G-18-01648","18","18-01","G170024E43887S",771879,749,"2000-04-13T00:00:00",170.02369094444447,-43.8868325,59,0.025398316705358,0,0,0,9,"",0,170.02498137613586,-43.88656498480595,2345.2078,2456.625,2431.5503,2420.9304,32.065475,120.96068,4,"COPDEM30",154
"RGI2000-v7.0-G-18-01649","18","18-01","G170031E43890S",771899,749,"2000-04-13T00:00:00",170.02857616333335,-43.888329,59,0.224222389824809,0,0,0,9,"",0,170.03107684220907,-43.89264327277791,1800.6244,2318.5393,2111.5898,2101.5212,30.549833,149.59538,4,"COPDEM30",1074
"RGI2000-v7.0-G-18-01650","18","18-01","G170034E43887S",771916,749,"2000-04-13T00:00:00",170.03435467345162,-43.8869485,59,0.054681183364635,0,0,0,9,"",0,170.03297069859696,-43.88911568983183,2022.2773,2342.9707,2222.7012,2202.1182,38.252796,159.67236,5,"COPDEM30",528
"RGI2000-v7.0-G-18-01651","18","18-01","G170037E43884S",771925,749,"2000-04-13T00:00:00",170.03656377058758,-43.883590999999996,59,0.05757060836077,0,0,0,9,"",0,170.03494297803982,-43.883162249866544,2270.1145,2357.0332,2323.2432,2320.1438,21.210785,327.34358978271484,8,"COPDEM30",361
"RGI2000-v7.0-G-18-01652","18","18-01","G170033E43882S",771915,749,"2000-04-13T00:00:00",170.03326633749998,-43.8821805,59,0.068735550572085,0,0,0,9,"",0,170.035254457422,-43.88103300983283,2188.4868,2310.252,2240.834,2242.2607,24.413343,45.58927,2,"COPDEM30",416
"RGI2000-v7.0-G-18-01653","18","18-01","G170034E43883S",771898,749,"2000-04-13T00:00:00",170.02927236808935,-43.882551500000005,59,0.079382200213954,0,0,0,9,"",0,170.03154794347074,-43.88187919400035,2296.344,2485.4878,2367.0728,2378.5735,31.23429,100.13088,3,"COPDEM30",353
"RGI2000-v7.0-G-18-01654","18","18-01","G170025E43883S",771889,749,"2000-04-13T00:00:00",170.0258279672713,-43.8822715,59,0.012940718906629,0,0,0,9,"",0,170.02494773107406,-43.88216701959623,2277.5647,2451.9739,2357.8403,2361.285,42.43465,246.3539810180664,6,"COPDEM30",172
"RGI2000-v7.0-G-18-01655","18","18-01","G170027E43880S",771890,749,"2000-04-13T00:00:00",170.02698720264624,-43.8798,59,0.041325057619138,0,0,0,9,"",0,170.02911820023294,-43.87918187089959,2341.2576,2507.2747,2449.3357,2440.7864,32.216724,46.93464,2,"COPDEM30",307
"RGI2000-v7.0-G-18-01656","18","18-01","G170021E43882S",771868,749,"2000-04-13T00:00:00",170.019667668915,-43.8827495,59,0.013962120163092,0,0,0,9,"",0,170.01940317716165,-43.88226113175123,2130.2566,2154.6687,2141.6704,2141.5833,13.100735,329.2285957336426,8,"COPDEM30",111
"RGI2000-v7.0-G-18-01657","18","18-01","G170020E43875S",771867,749,"2000-04-13T00:00:00",170.02035344366197,-43.8744535,59,0.019245044033813,0,0,0,9,"",0,170.0190388568077,-43.87530858538668,2212.1987,2342.481,2288.919,2281.3364,33.66723,253.10387420654297,7,"COPDEM30",225
"RGI2000-v7.0-G-18-01658","18","18-01","G170019E43873S",771866,749,"2000-04-13T00:00:00",170.0200722226153,-43.872417999999996,59,0.010151871639598,0,0,0,9,"",0,170.01783057906542,-43.87337687222025,2186.1423,2337.261,2267.8257,2258.2747,29.455593,272.4252471923828,7,"COPDEM30",347
"RGI2000-v7.0-G-18-01659","18","18-01","G170023E43869S",771872,749,"2000-04-13T00:00:00",170.02191680545775,-43.8687545,59,0.027555077905924,0,0,0,9,"",0,170.0223003160554,-43.86840321436885,2251.784,2357.8127,2304.293,2303.3645,34.753593,74.832855,3,"COPDEM30",271
"RGI2000-v7.0-G-18-01660","18","18-01","G170046E43881S",771939,749,"2000-04-13T00:00:00",170.04622087059857,-43.880992500000005,59,0.015227482471739,0,0,0,9,"",0,170.0473525871463,-43.880346408628476,2304.1738,2445.0833,2363.8984,2367.2874,36.338116,84.99868,3,"COPDEM30",212
"RGI2000-v7.0-G-18-01661","18","18-01","G170048E43884S",771943,749,"2000-04-13T00:00:00",170.04828533507526,-43.8838105,59,0.060022356428705,0,0,0,9,"",0,170.05100769744612,-43.88469795167065,2226.1023,2463.622,2358.1938,2352.1565,29.860332,111.70963,3,"COPDEM30",468
"RGI2000-v7.0-G-18-01662","18","18-01","G170052E43888S",771954,749,"2000-04-13T00:00:00",170.05246547250488,-43.887133,59,0.032098322078609,0,0,0,9,"",0,170.05197373002198,-43.88801415044683,2171.7224,2307.626,2232.568,2234.618,30.674446,166.28004,5,"COPDEM30",265
"RGI2000-v7.0-G-18-01663","18","18-01","G170057E43888S",771966,749,"2000-04-13T00:00:00",170.0565266565472,-43.888182,59,0.039377751445609,0,0,0,9,"",0,170.05758705237778,-43.889700789373606,2215.7825,2360.8152,2300.8328,2292.428,25.033266,142.87546,4,"COPDEM30",374
"RGI2000-v7.0-G-18-01664","18","18-01","G170060E43886S",771975,749,"2000-04-13T00:00:00",170.05987783531748,-43.885928500000006,59,0.011282161143548,0,0,0,9,"",0,170.06075146881068,-43.88584946973748,2215.984,2282.3464,2244.406,2245.8228,30.750498,106.003296,3,"COPDEM30",142
"RGI2000-v7.0-G-18-01665","18","18-01","G170062E43892S",771977,749,"2000-04-13T00:00:00",170.06142913504956,-43.89226,59,0.05764291129807,0,0,0,9,"",0,170.06412261885802,-43.89382268576001,1913.0885,2136.0159,2031.4495,2025.6658,29.086168,133.34903,4,"COPDEM30",461
"RGI2000-v7.0-G-18-01666","18","18-01","G170058E43895S",771970,749,"2000-04-13T00:00:00",170.05824853075916,-43.8946655,59,0.01031811374972,0,0,0,9,"",0,170.05875689193076,-43.89520412670079,2018.5548,2106.247,2055.2383,2057.653,33.248466,121.221085,4,"COPDEM30",153
"RGI2000-v7.0-G-18-01667","18","18-01","G170041E43887S",771936,749,"2000-04-13T00:00:00",170.04084758889934,-43.887178500000005,59,0.310264567064222,0,0,0,9,"",0,170.04034517429702,-43.89257215214318,1690.2643,2413.1406,2072.167,2062.142,32.574818,168.2145,5,"COPDEM30",1521
"RGI2000-v7.0-G-18-01668","18","18-01","G170018E43846S",771860,749,"2000-04-13T00:00:00",170.01750072449073,-43.845166,59,0.022937041036884,0,0,0,9,"",0,170.01869170942416,-43.84558639250114,1999.0619,2153.2065,2103.9824,2099.7173,33.3079,114.236435,4,"COPDEM30",205
"RGI2000-v7.0-G-18-01669","18","18-01","G170023E43839S",771878,749,"2000-04-13T00:00:00",170.02311534016962,-43.839558,59,0.059394980094415,0,0,0,9,"",0,170.0259470039367,-43.84152860785688,1726.1459,2028.7568,1865.2517,1863.0287,26.573586,135.83612,4,"COPDEM30",708
"RGI2000-v7.0-G-18-01670","18","18-01","G170029E43836S",771897,749,"2000-04-13T00:00:00",170.0292242316457,-43.836348,59,0.020580558770023,0,0,0,9,"",0,170.0298090318988,-43.83706343099938,2142.2056,2262.4883,2215.0244,2212.9204,37.63374,178.92464,5,"COPDEM30",180
"RGI2000-v7.0-G-18-01671","18","18-01","G170026E43832S",771888,749,"2000-04-13T00:00:00",170.02587410200533,-43.833048500000004,59,0.057939188125009,0,0,0,9,"",0,170.02783666497874,-43.83108130500312,2022.7294,2169.5024,2102.3376,2096.1619,20.61647,18.9348,1,"COPDEM30",512
"RGI2000-v7.0-G-18-01672","18","18-01","G170032E43828S",771910,749,"2000-04-13T00:00:00",170.0321460754076,-43.828506000000004,59,0.041540474291857,0,0,0,9,"",0,170.03439391855227,-43.828242976565896,1974.8423,2162.864,2078.9004,2081.8804,29.258476,72.08323,3,"COPDEM30",359
"RGI2000-v7.0-G-18-01673","18","18-01","G170033E43832S",771920,749,"2000-04-13T00:00:00",170.03503253138075,-43.832541,59,0.067228107847229,0,0,0,9,"",0,170.0350841924631,-43.83163064491592,2044.3223,2339.2712,2158.96,2182.4373,32.808052,54.93321,2,"COPDEM30",593
"RGI2000-v7.0-G-18-01674","18","18-01","G170040E43835S",771922,749,"2000-04-13T00:00:00",170.0364405240659,-43.83510149999999,59,0.055592441955831,0,0,0,9,"",0,170.04054811039754,-43.834715690995175,2085.4478,2401.212,2243.414,2239.845,33.969875,73.64546,3,"COPDEM30",563
"RGI2000-v7.0-G-18-01675","18","18-01","G170032E43841S",771908,749,"2000-04-13T00:00:00",170.03122001836385,-43.8411265,59,0.019113784608444,0,0,0,9,"",0,170.03152061496812,-43.84234946287504,1623.7767,1941.1412,1688.8419,1706.4344,34.971012,200.5421600341797,5,"COPDEM30",501
"RGI2000-v7.0-G-18-01676","18","18-01","G170032E43823S",771914,749,"2000-04-13T00:00:00",170.03318152791263,-43.8238165,59,0.055390438502114,0,0,0,9,"",0,170.0360156071193,-43.8245730910555,1849.1892,2108.0046,1956.6577,1959.9261,25.874063,92.77609,3,"COPDEM30",642
"RGI2000-v7.0-G-18-01677","18","18-01","G170030E43821S",771903,749,"2000-04-13T00:00:00",170.02950962652653,-43.8209645,59,0.039160283228907,0,0,0,9,"",0,170.03123822656391,-43.82107803209885,2041.3392,2191.0618,2113.418,2115.0679,30.611225,120.91464,4,"COPDEM30",307
"RGI2000-v7.0-G-18-01678","18","18-01","G170030E43819S",771902,749,"2000-04-13T00:00:00",170.02967644788274,-43.819019499999996,59,0.015805559344942,0,0,0,9,"",0,170.03057874484082,-43.819091273174934,2051.8735,2170.7148,2102.9792,2104.6343,35.370956,83.67559,3,"COPDEM30",173
"RGI2000-v7.0-G-18-01679","18","18-01","G170032E43814S",771909,749,"2000-04-13T00:00:00",170.031924613852,-43.814354,59,0.033668441258433,0,0,0,9,"",0,170.0337092024547,-43.815386655429265,1886.8588,2014.053,1957.554,1950.8676,27.416712,107.716194,3,"COPDEM30",274
"RGI2000-v7.0-G-18-01680","18","18-01","G170035E43813S",771919,749,"2000-04-13T00:00:00",170.0346863722928,-43.813252,59,0.018454831358343,0,0,0,9,"",0,170.03475186803138,-43.81410436581725,1895.4979,1993.4984,1927.2607,1935.1177,28.044697,150.56194,4,"COPDEM30",207
"RGI2000-v7.0-G-18-01681","18","18-01","G170034E43815S",771932,749,"2000-04-13T00:00:00",170.03923819899177,-43.811203000000006,59,0.075130896250333,0,0,0,9,"",0,170.03973361247833,-43.811521092457774,1908.9443,2129.188,2012.857,2004.5364,22.578907,108.56894,3,"COPDEM30",555
"RGI2000-v7.0-G-18-01682","18","18-01","G170040E43808S",771931,749,"2000-04-13T00:00:00",170.0394775394737,-43.807888,59,0.088286962195022,0,0,0,9,"",0,170.04245662711418,-43.81005952769577,1966.6271,2215.8723,2082.0947,2087.8064,29.018425,124.10282,4,"COPDEM30",556
"RGI2000-v7.0-G-18-01683","18","18-01","G170044E43807S",771938,749,"2000-04-13T00:00:00",170.04351001154458,-43.807258000000004,59,0.100984990791206,0,0,0,9,"",0,170.0473709817019,-43.809609680866046,1803.0112,2171.804,1976.1025,1981.678,28.78575,134.01349,4,"COPDEM30",775
"RGI2000-v7.0-G-18-01684","18","18-01","G170050E43806S",771949,749,"2000-04-13T00:00:00",170.04971158854164,-43.806225,59,0.028554203055085,0,0,0,9,"",0,170.0507820435202,-43.80686095647505,2091.8718,2238.731,2179.6165,2176.8882,38.84104,162.42206,5,"COPDEM30",225
"RGI2000-v7.0-G-18-01685","18","18-01","G170049E43804S",771947,749,"2000-04-13T00:00:00",170.04910816616766,-43.8031425,59,0.102189809391276,0,0,0,9,"",0,170.04683044950707,-43.802044257260924,2137.6033,2299.7896,2211.0212,2214.061,24.813854,305.57311630249023,8,"COPDEM30",558
"RGI2000-v7.0-G-18-01686","18","18-01","G170051E43798S",771951,749,"2000-04-13T00:00:00",170.05097473832922,-43.798148499999996,59,0.012401806707465,0,0,0,9,"",0,170.04979282269298,-43.79816698093747,2071.8496,2215.9363,2141.5393,2149.224,38.77057,228.74932861328125,6,"COPDEM30",174
"RGI2000-v7.0-G-18-01687","18","18-01","G170049E43798S",771946,749,"2000-04-13T00:00:00",170.0490236496184,-43.797925500000005,59,0.027271139954382,0,0,0,9,"",0,170.0471826592758,-43.79858706535011,1966.768,2080.4617,2031.957,2024.3374,20.852179,247.45700073242188,6,"COPDEM30",381
"RGI2000-v7.0-G-18-01688","18","18-01","G170039E43803S",771929,749,"2000-04-13T00:00:00",170.0383569081933,-43.8008015,59,0.017345208544008,0,0,0,9,"",0,170.03949583428403,-43.80032520700808,1994.7954,2092.3213,2026.9813,2031.3402,27.925655,42.95611,2,"COPDEM30",272
"RGI2000-v7.0-G-18-01689","18","18-01","G170037E43804S",771924,749,"2000-04-13T00:00:00",170.0366480614525,-43.8039845,59,0.03391787548784,0,0,0,9,"",0,170.03492232426902,-43.8028227920127,2041.6246,2151.7192,2085.775,2087.2095,25.37873,280.63338470458984,7,"COPDEM30",392
"RGI2000-v7.0-G-18-01690","18","18-01","G170035E43808S",771918,749,"2000-04-13T00:00:00",170.03453477811237,-43.8081185,59,0.044199108318863,0,0,0,9,"",0,170.03477970307443,-43.809319251008226,2086.9978,2198.696,2140.4731,2141.1047,24.34832,155.32605,4,"COPDEM30",275
"RGI2000-v7.0-G-18-01691","18","18-01","G170028E43806S",771896,749,"2000-04-13T00:00:00",170.02878021524592,-43.8064955,59,0.023455205451078,0,0,0,9,"",0,170.0281966831045,-43.807775489816756,1870.1622,2075.7954,1961.3887,1969.3284,40.083744,230.67340087890625,6,"COPDEM30",273
"RGI2000-v7.0-G-18-01692","18","18-01","G170025E43802S",771882,749,"2000-04-13T00:00:00",170.02493277098634,-43.8022785,59,0.013353904544701,0,0,0,9,"",0,170.02529966064233,-43.80156003847485,1981.542,2056.19,2004.2075,2008.624,36.041363,56.68382,2,"COPDEM30",196
"RGI2000-v7.0-G-18-01693","18","18-01","G170061E43810S",771953,749,"2000-04-13T00:00:00",170.05244657201087,-43.8132595,59,0.182345185050199,0,0,0,9,"",0,170.04994449983312,-43.817273763523204,1502.829,1765.2021,1576.4958,1584.109,17.530485,174.06696,5,"COPDEM30",966
"RGI2000-v7.0-G-18-01694","18","18-01","G170056E43809S",771961,749,"2000-04-13T00:00:00",170.05589779900197,-43.8085215,59,0.017709607015833,0,0,0,9,"",0,170.05513646043602,-43.80959455331691,1756.2115,1995.3485,1849.2599,1854.7152,40.79048,187.85015869140625,5,"COPDEM30",293
"RGI2000-v7.0-G-18-01695","18","18-01","G170060E43809S",771974,749,"2000-04-13T00:00:00",170.06041218697996,-43.808458,59,0.030289702849459,0,0,0,9,"",0,170.05856822872636,-43.810141853458234,1820.4979,2088.5405,1934.604,1944.6665,33.48459,188.19967651367188,5,"COPDEM30",484
"RGI2000-v7.0-G-18-01696","18","18-01","G170063E43813S",771985,749,"2000-04-13T00:00:00",170.06320464772728,-43.8131525,59,0.01806419894186,0,0,0,9,"",0,170.0619052443902,-43.81416809642259,1722.3661,1908.9337,1794.1589,1803.2397,34.387405,192.8650360107422,5,"COPDEM30",288
"RGI2000-v7.0-G-18-01697","18","18-01","G170050E43788S",771948,749,"2000-04-13T00:00:00",170.05016289116105,-43.788242499999996,59,0.024116319934906,0,0,0,9,"",0,170.05187136345705,-43.78940558513901,2077.9805,2196.2217,2135.3516,2131.9382,28.200457,106.920906,3,"COPDEM30",325
"RGI2000-v7.0-G-18-01698","18","18-01","G170055E43788S",771958,749,"2000-04-13T00:00:00",170.05497851334434,-43.785841500000004,59,0.145835925272285,0,0,0,9,"",0,170.0589983883614,-43.78710293484033,1891.3394,2196.9556,2094.1602,2081.5798,31.752886,136.12852,4,"COPDEM30",577
"RGI2000-v7.0-G-18-01699","18","18-01","G170055E43783S",771957,749,"2000-04-13T00:00:00",170.05525899078896,-43.78333,59,0.01083955244791,0,0,0,9,"",0,170.05564093718186,-43.78388610692695,2227.3755,2323.7388,2274.4548,2274.5322,34.965576,151.43845,4,"COPDEM30",145
"RGI2000-v7.0-G-18-01700","18","18-01","G170058E43783S",771969,749,"2000-04-13T00:00:00",170.05847212927756,-43.7834445,59,0.018688656400641,0,0,0,9,"",0,170.05846339042532,-43.78429227932004,2163.581,2320.3406,2242.27,2241.479,36.02002,135.66689,4,"COPDEM30",215
"RGI2000-v7.0-G-18-01701","18","18-01","G170059E43779S",771973,749,"2000-04-13T00:00:00",170.0595546359915,-43.777448,59,0.029280292076836,0,0,0,9,"",0,170.05876206757318,-43.7766257298227,1991.1796,2130.1106,2060.293,2056.1694,29.244509,296.8166160583496,8,"COPDEM30",301
"RGI2000-v7.0-G-18-01702","18","18-01","G170063E43783S",771996,749,"2000-04-13T00:00:00",170.0665810503096,-43.7814855,59,0.345785830870276,0,0,0,9,"",0,170.06702650456643,-43.784545725376404,1887.1588,2356.737,2156.0942,2152.144,34.978447,142.23962,4,"COPDEM30",922
"RGI2000-v7.0-G-18-01703","18","18-01","G170048E43786S",771941,749,"2000-04-13T00:00:00",170.04705811403272,-43.784245999999996,59,0.033171031826009,0,0,0,9,"",0,170.04681866350282,-43.783476682492946,1969.5289,2098.4402,1991.7917,2002.095,22.359854,330.8388156890869,8,"COPDEM30",344
"RGI2000-v7.0-G-18-01704","18","18-01","G170072E43767S",771999,749,"2000-04-13T00:00:00",170.0712757056075,-43.767085,59,0.010332877224852,0,0,0,9,"",0,170.07342461353798,-43.7676451249407,1208.711,1320.3673,1263.5286,1261.4075,22.454844,108.23506,3,"COPDEM30",295
"RGI2000-v7.0-G-18-01705","18","18-01","G170121E43699S",772085,749,"2000-04-13T00:00:00",170.12103078435206,-43.699453500000004,59,0.016135795225232,0,0,0,9,"",0,170.12116340438172,-43.700268131085295,1840.7598,1916.1305,1878.5479,1879.2687,27.287054,179.69077,5,"COPDEM30",187
"RGI2000-v7.0-G-18-01706","18","18-01","G170245E43699S",772163,749,"2000-04-13T00:00:00",170.24470723066298,-43.698558000000006,59,0.018047078171794,0,0,0,9,"",0,170.24434845977157,-43.699569607094666,2432.0583,2483.7822,2472.9214,2465.662,17.874378,138.57773,4,"COPDEM30",104
"RGI2000-v7.0-G-18-01707","18","18-01","G170246E43702S",772168,749,"2000-04-13T00:00:00",170.24621677315133,-43.698575500000004,59,0.101513459843364,0,0,0,9,"",0,170.24682639672127,-43.700874572716415,2278.668,2511.752,2452.4475,2439.697,27.468893,149.42657,4,"COPDEM30",522
"RGI2000-v7.0-G-18-01708","18","18-01","G170252E43708S",772164,749,"2000-04-13T00:00:00",170.24540586407767,-43.702184,59,0.158528350660409,0,0,0,9,"",0,170.24363551368612,-43.705043139148906,2038.5565,2434.8416,2249.8767,2239.552,31.01141,178.97043,5,"COPDEM30",702
"RGI2000-v7.0-G-18-01709","18","18-01","G170251E43707S",772173,749,"2000-04-13T00:00:00",170.2517434277615,-43.707051,59,0.050528270345169,0,0,0,9,"",0,170.25110888240653,-43.70805067395257,2016.9281,2231.8445,2121.69,2116.8828,37.601635,161.45695,5,"COPDEM30",406
"RGI2000-v7.0-G-18-01710","18","18-01","G170258E43708S",772182,749,"2000-04-13T00:00:00",170.26063716666664,-43.7047455,59,0.021305739689279,0,0,0,9,"",0,170.26349852414836,-43.704371377493764,1932.277,2058.2505,1990.4297,1990.151,34.344505,140.32985,4,"COPDEM30",484
"RGI2000-v7.0-G-18-01711","18","18-01","G170255E43694S",772179,749,"2000-04-13T00:00:00",170.2559108802423,-43.6924125,59,0.031032380121166,0,0,0,9,"",0,170.25738585377226,-43.69252087392578,1822.9902,2012.534,1924.006,1917.7445,37.886017,88.75901,3,"COPDEM30",280
"RGI2000-v7.0-G-18-01712","18","18-01","G170247E43695S",772169,749,"2000-04-13T00:00:00",170.24700360812238,-43.694731,59,0.024381486692511,0,0,0,9,"",0,170.246580040351,-43.69610876282006,2506.8337,2704.08,2603.2473,2606.6035,35.673668,191.0093688964844,5,"COPDEM30",288
"RGI2000-v7.0-G-18-01713","18","18-01","G170246E43694S",772167,749,"2000-04-13T00:00:00",170.24563715657538,-43.6944505,59,0.026155005977037,0,0,0,9,"",0,170.24628754952727,-43.69561881036558,2542.8743,2705.404,2668.8506,2661.8113,33.062897,215.698471069336,6,"COPDEM30",228
"RGI2000-v7.0-G-18-01714","18","18-01","G170247E43692S",772166,749,"2000-04-13T00:00:00",170.2463164125,-43.6901025,59,0.030058966820819,0,0,0,9,"",0,170.24875989235983,-43.68943135992392,2344.5408,2523.9258,2483.426,2463.2576,30.019424,81.48304,3,"COPDEM30",274
"RGI2000-v7.0-G-18-01715","18","18-01","G170249E43683S",772170,749,"2000-04-13T00:00:00",170.24791722369878,-43.683489,59,0.010695994586743,0,0,0,9,"",0,170.24839215084768,-43.68309385213037,2399.33,2496.77,2436.9548,2437.4268,33.630836,51.44875,2,"COPDEM30",147
"RGI2000-v7.0-G-18-01716","18","18-01","G170256E43684S",772175,749,"2000-04-13T00:00:00",170.25431521875,-43.6843035,59,0.3141061268698,0,0,0,9,"",0,170.25709701406146,-43.68714757908708,2047.9043,2532.1733,2366.8335,2343.746,34.964504,149.26103,4,"COPDEM30",844
"RGI2000-v7.0-G-18-01717","18","18-01","G170257E43681S",772178,749,"2000-04-13T00:00:00",170.2564641331553,-43.679156500000005,59,0.022944186806738,0,0,0,9,"",0,170.25782123350913,-43.67873037461508,2340.0417,2443.3137,2407.388,2398.5017,29.454325,99.879654,3,"COPDEM30",258
"RGI2000-v7.0-G-18-01718","18","18-01","G170273E43672S",772193,749,"2000-04-13T00:00:00",170.27328504254922,-43.670129,59,0.016689336208407,0,0,0,9,"",0,170.27444478140956,-43.67088550969385,2169.581,2296.9795,2232.041,2230.7449,33.2693,155.01866,4,"COPDEM30",204
"RGI2000-v7.0-G-18-01719","18","18-01","G170282E43670S",772198,749,"2000-04-13T00:00:00",170.2805613081585,-43.6703945,59,0.585817554962521,0,0,0,9,"",0,170.27743255171046,-43.676552943711066,1829.6245,2392.3284,2157.2512,2140.1206,24.651228,174.42107,5,"COPDEM30",1693
"RGI2000-v7.0-G-18-01720","18","18-01","G170294E43671S",772211,749,"2000-04-13T00:00:00",170.2942979468085,-43.671421,59,0.050820596400683,0,0,0,9,"",0,170.29580531768718,-43.67137384408117,2231.2307,2451.9958,2312.7637,2324.3574,40.721325,103.93017,3,"COPDEM30",248
"RGI2000-v7.0-G-18-01721","18","18-01","G170294E43676S",772212,749,"2000-04-13T00:00:00",170.29380329921003,-43.674171,59,0.065690332148795,0,0,0,9,"",0,170.29515740148562,-43.67347298516951,2286.5146,2516.181,2387.4492,2389.7449,32.502697,81.777176,3,"COPDEM30",280
"RGI2000-v7.0-G-18-01722","18","18-01","G170290E43679S",772207,749,"2000-04-13T00:00:00",170.29111510449735,-43.6773535,59,0.057760742293445,0,0,0,9,"",0,170.2913871559358,-43.678387600503086,2104.8726,2344.537,2190.8428,2194.8071,39.144386,160.87341,5,"COPDEM30",335
"RGI2000-v7.0-G-18-01723","18","18-01","G170296E43669S",772216,749,"2000-04-13T00:00:00",170.2959572133057,-43.668239,59,0.214702948026399,0,0,0,9,"",0,170.30087677985142,-43.67067518301175,1963.957,2483.367,2300.2686,2272.9795,31.296349,130.39177,4,"COPDEM30",749
"RGI2000-v7.0-G-18-01724","18","18-01","G170302E43665S",772224,749,"2000-04-13T00:00:00",170.3010090670103,-43.66311,59,0.153022767770884,0,0,0,9,"",0,170.30507589892946,-43.66386296935741,2107.4368,2442.6807,2277.1543,2283.7563,36.588013,136.55414,4,"COPDEM30",859
"RGI2000-v7.0-G-18-01725","18","18-01","G170304E43662S",772230,749,"2000-04-13T00:00:00",170.30445632564576,-43.6594075,59,0.062726140048058,0,0,0,9,"",0,170.3054509909472,-43.6609841052808,2210.161,2466.9407,2348.882,2346.672,36.35944,139.75377,4,"COPDEM30",318
"RGI2000-v7.0-G-18-01726","18","18-01","G170305E43658S",772232,749,"2000-04-13T00:00:00",170.3054258841279,-43.656265,59,0.010564733910001,0,0,0,9,"",0,170.30598547091867,-43.655785961886714,2286.7305,2343.4326,2309.2842,2313.0066,21.850323,39.044235,2,"COPDEM30",162
"RGI2000-v7.0-G-18-01727","18","18-01","G170309E43659S",772243,749,"2000-04-13T00:00:00",170.31000002552707,-43.656979,59,0.024571460859522,0,0,0,9,"",0,170.3105521201288,-43.657689469412155,2260.0654,2431.7097,2356.2026,2354.4282,40.757317,133.11754,4,"COPDEM30",198
"RGI2000-v7.0-G-18-01728","18","18-01","G170319E43658S",772254,749,"2000-04-13T00:00:00",170.3155852811758,-43.659797499999996,59,0.05563467516363,0,0,0,9,"",0,170.3174919944756,-43.661119235561074,1792.734,2061.225,1882.2703,1886.8472,30.592384,136.41011,4,"COPDEM30",416
"RGI2000-v7.0-G-18-01729","18","18-01","G170319E43657S",772261,749,"2000-04-13T00:00:00",170.31892665567284,-43.6568945,59,0.031178807014501,0,0,0,9,"",0,170.3182555110727,-43.658009809050284,1926.517,2063.798,1985.012,1988.0289,31.267014,173.9705,5,"COPDEM30",242
"RGI2000-v7.0-G-18-01730","18","18-01","G170314E43654S",772252,749,"2000-04-13T00:00:00",170.31495628456724,-43.6524345,59,0.046208698996833,0,0,0,9,"",0,170.31612790039853,-43.65277650501527,2204.6106,2343.363,2274.17,2271.3147,35.050564,150.34193,4,"COPDEM30",217
"RGI2000-v7.0-G-18-01731","18","18-01","G170316E43651S",772258,749,"2000-04-13T00:00:00",170.31716162897106,-43.649631,59,0.038402655320735,0,0,0,9,"",0,170.3187325093292,-43.649113038702396,2290.9531,2352.0293,2333.2932,2330.7869,14.601345,49.06207,2,"COPDEM30",234
"RGI2000-v7.0-G-18-01732","18","18-01","G170331E43666S",772299,749,"2000-04-13T00:00:00",170.33323403965647,-43.66499,59,0.117645563665224,0,0,0,9,"",0,170.3363868906512,-43.66675249301366,2121.2678,2447.9468,2218.0786,2237.6606,26.8879,131.63164,4,"COPDEM30",663
"RGI2000-v7.0-G-18-01733","18","18-01","G170332E43673S",772298,749,"2000-04-13T00:00:00",170.33225874748052,-43.6708225,59,0.061999258363036,0,0,0,9,"",0,170.33320712849726,-43.67183578578507,2219.7185,2378.8274,2297.454,2300.2698,31.075771,130.50992,4,"COPDEM30",282
"RGI2000-v7.0-G-18-01734","18","18-01","G170330E43698S",772295,749,"2000-04-13T00:00:00",170.3309520596838,-43.6962645,59,0.209851111776428,0,0,0,9,"",0,170.330225453694,-43.69900974483883,2116.1243,2420.5117,2223.1328,2241.476,26.869669,176.8725,5,"COPDEM30",707
"RGI2000-v7.0-G-18-01735","18","18-01","G170316E43738S",772255,749,"2000-04-13T00:00:00",170.31620507229195,-43.7379435,59,0.035145104706972,0,0,0,9,"",0,170.3166191622214,-43.73897667419522,2230.92,2329.4634,2275.471,2277.5881,32.00208,145.49335,4,"COPDEM30",185
"RGI2000-v7.0-G-18-01736","18","18-01","G170345E43747S",772323,749,"2000-04-13T00:00:00",170.34506446213538,-43.747117,59,0.012277584503196,0,0,0,9,"",0,170.34563347512884,-43.74828419653468,2089.2053,2237.237,2173.1826,2165.1418,33.933414,139.9457,4,"COPDEM30",260
"RGI2000-v7.0-G-18-01737","18","18-01","G170364E43746S",772359,749,"2000-04-13T00:00:00",170.3628675845253,-43.746647,59,0.010447786074181,0,0,0,9,"",0,170.36334032265972,-43.74727957197818,2239.7837,2355.8335,2296.578,2295.1648,37.19855,135.91019,4,"COPDEM30",118
"RGI2000-v7.0-G-18-01738","18","18-01","G170304E43763S",772227,749,"2000-04-13T00:00:00",170.3022883323975,-43.763082,59,0.052532298056939,0,0,0,9,"",0,170.30280131947262,-43.76440755053974,2044.8514,2266.108,2139.4883,2138.2822,36.488186,164.34805,5,"COPDEM30",365
"RGI2000-v7.0-G-18-01739","18","18-01","G170284E43781S",772200,749,"2000-04-13T00:00:00",170.28421101609771,-43.7821775,59,0.026295494977573,0,0,0,9,"",0,170.28463105561383,-43.78347991622798,2068.6738,2224.7188,2167.648,2155.0056,31.44482,191.4000701904297,5,"COPDEM30",331
"RGI2000-v7.0-G-18-01740","18","18-01","G170354E43651S",772340,749,"2000-04-13T00:00:00",170.35381988451445,-43.6489535,59,0.026929043843061,0,0,0,9,"",0,170.35315422956623,-43.649607928890234,2139.191,2325.7388,2194.588,2203.8047,43.836876,213.9365692138672,6,"COPDEM30",200
"RGI2000-v7.0-G-18-01741","18","18-01","G170361E43650S",772350,749,"2000-04-13T00:00:00",170.36035034551887,-43.647228,59,0.01695728587825,0,0,0,9,"",0,170.3617680964997,-43.64668540324857,2061.4434,2207.777,2129.0898,2130.628,45.707928,114.36366,4,"COPDEM30",197
"RGI2000-v7.0-G-18-01742","18","18-01","G170347E43643S",772327,749,"2000-04-13T00:00:00",170.34661636471938,-43.6404265,59,0.030959774836071,0,0,0,9,"",0,170.34535133001054,-43.641166070838125,2207.8965,2356.378,2272.296,2276.5398,35.48355,201.34869384765625,5,"COPDEM30",273
"RGI2000-v7.0-G-18-01743","18","18-01","G170341E43638S",772312,749,"2000-04-13T00:00:00",170.33995906143716,-43.6362845,59,0.07061110057239,0,0,0,9,"",0,170.34232269902014,-43.637821220176754,2175.568,2316.6987,2264.2637,2258.4517,22.645258,152.02429,4,"COPDEM30",372
"RGI2000-v7.0-G-18-01744","18","18-01","G170363E43622S",772355,749,"2000-04-13T00:00:00",170.36204889221216,-43.619823,59,0.643452947541578,0,0,0,9,"",0,170.35855606559002,-43.623548397752515,2113.6316,2492.7637,2282.7422,2293.704,21.447289,183.8849639892578,5,"COPDEM30",1426
"RGI2000-v7.0-G-18-01745","18","18-01","G170371E43618S",772363,749,"2000-04-13T00:00:00",170.37106765277775,-43.616345499999994,59,0.094376816087781,0,0,0,9,"",0,170.3714782410701,-43.6174454070213,2255.3489,2501.8516,2380.9253,2380.564,37.855618,140.20857,4,"COPDEM30",412
"RGI2000-v7.0-G-18-01746","18","18-01","G170375E43619S",772365,749,"2000-04-13T00:00:00",170.37478567301588,-43.6167,59,0.057539879554069,0,0,0,9,"",0,170.37756591672473,-43.617956650275126,1959.1001,2315.2979,2137.82,2133.6326,39.202465,142.6093,4,"COPDEM30",460
"RGI2000-v7.0-G-18-01747","18","18-01","G170378E43613S",772367,749,"2000-04-13T00:00:00",170.37773420859585,-43.613138500000005,59,0.178005089358036,0,0,0,9,"",0,170.37944937450004,-43.61473182916286,2218.615,2538.4143,2390.8447,2386.4932,35.45086,146.86835,4,"COPDEM30",453
"RGI2000-v7.0-G-18-01748","18","18-01","G170386E43614S",772368,749,"2000-04-13T00:00:00",170.38234984266273,-43.618045499999994,59,0.590362175321,0,0,0,9,"",0,170.38333065545706,-43.62519317230853,1521.3115,2419.1238,2074.9434,2009.0205,29.478876,183.578842163086,5,"COPDEM30",1922
"RGI2000-v7.0-G-18-01749","18","18-01","G170393E43617S",772385,749,"2000-04-13T00:00:00",170.39313332402236,-43.616578000000004,59,0.028399676054437,0,0,0,9,"",0,170.39176429447457,-43.615539313173954,2211.8403,2324.9946,2264.5469,2265.745,26.548035,267.4077377319336,7,"COPDEM30",273
"RGI2000-v7.0-G-18-01750","18","18-01","G170397E43615S",772389,749,"2000-04-13T00:00:00",170.3968703383771,-43.615466,59,0.07205177008436,0,0,0,9,"",0,170.39903550148446,-43.61631586155712,2215.2505,2423.914,2300.096,2309.7725,32.87442,96.169075,3,"COPDEM30",342
"RGI2000-v7.0-G-18-01751","18","18-01","G170396E43611S",772387,749,"2000-04-13T00:00:00",170.39594536564826,-43.610714,59,0.096124415615154,0,0,0,9,"",0,170.39721894771728,-43.61065218778723,2350.9858,2702.5276,2514.7842,2523.463,38.913548,101.16079,3,"COPDEM30",461
"RGI2000-v7.0-G-18-01752","18","18-01","G170401E43611S",772393,749,"2000-04-13T00:00:00",170.40070579383678,-43.61057649999999,59,0.293940323454765,0,0,0,9,"",0,170.4032579159096,-43.61057835127103,2070.756,2752.588,2291.4517,2342.4575,32.04264,103.60216,3,"COPDEM30",1082
"RGI2000-v7.0-G-18-01753","18","18-01","G170399E43608S",772392,749,"2000-04-13T00:00:00",170.4007405796872,-43.6060485,59,0.566719829994397,0,0,0,9,"",0,170.41050419304634,-43.608115967765116,1815.9294,2724.0388,2249.3826,2241.3408,33.91384,125.14615,4,"COPDEM30",1592
"RGI2000-v7.0-G-18-01754","18","18-01","G170396E43603S",772388,749,"2000-04-13T00:00:00",170.39669432525739,-43.6013745,59,0.073269019831438,0,0,0,9,"",0,170.39491876067203,-43.60102081966584,2465.308,2620.7393,2547.8896,2543.6284,28.288708,317.75705337524414,8,"COPDEM30",389
"RGI2000-v7.0-G-18-01755","18","18-01","G170392E43605S",772382,749,"2000-04-13T00:00:00",170.391525,-43.605141,59,0.021809477771635,0,0,0,9,"",0,170.39249771147055,-43.60560786131799,2742.1538,2804.9998,2783.6467,2781.5923,21.695791,92.71206,3,"COPDEM30",166
"RGI2000-v7.0-G-18-01756","18","18-01","G170388E43606S",772378,749,"2000-04-13T00:00:00",170.3889082588425,-43.6049145,59,0.066404090776216,0,0,0,9,"",0,170.38695206528922,-43.604149096476014,2697.2334,2804.4019,2734.6738,2740.497,17.07934,290.7344512939453,7,"COPDEM30",359
"RGI2000-v7.0-G-18-01757","18","18-01","G170387E43609S",772375,749,"2000-04-13T00:00:00",170.38714245792966,-43.608601,59,0.233771779549768,0,0,0,9,"",0,170.38405596309335,-43.6117030816629,2321.7605,2800.409,2573.8008,2594.9348,34.758118,177.55301,5,"COPDEM30",862
"RGI2000-v7.0-G-18-01758","18","18-01","G170382E43609S",772369,749,"2000-04-13T00:00:00",170.38250374744376,-43.607926500000005,59,0.012548487509466,0,0,0,9,"",0,170.38185252473394,-43.607276780292075,2324.718,2429.0376,2381.3538,2378.1797,42.8107,314.0770378112793,8,"COPDEM30",168
"RGI2000-v7.0-G-18-01759","18","18-01","G170386E43603S",772374,749,"2000-04-13T00:00:00",170.3865780630324,-43.600845,59,0.018660632768562,0,0,0,9,"",0,170.38743392588333,-43.600137387864436,2382.9678,2496.3113,2426.3484,2430.6528,33.494843,25.35553,2,"COPDEM30",187
"RGI2000-v7.0-G-18-01760","18","18-01","G170403E43601S",772399,749,"2000-04-13T00:00:00",170.40398562896254,-43.600337499999995,59,0.187788813318991,0,0,0,9,"",0,170.40699891907673,-43.60285229025651,2311.2703,2727.0354,2526.2944,2530.9841,34.143494,107.123634,3,"COPDEM30",746
"RGI2000-v7.0-G-18-01761","18","18-01","G170398E43609S",772409,749,"2000-04-13T00:00:00",170.40987712901233,-43.609244000000004,59,0.043139147419913,0,0,0,9,"",0,170.41142326184868,-43.610095773149915,1711.3435,1892.8167,1792.9269,1796.1204,32.117283,141.58961,4,"COPDEM30",354
"RGI2000-v7.0-G-18-01762","18","18-01","G170414E43597S",772422,749,"2000-04-13T00:00:00",170.41570071463397,-43.592766499999996,59,0.12234309301428,0,0,0,9,"",0,170.41856552612455,-43.59440598289874,1576.3555,1880.1312,1698.5732,1705.7377,27.819223,122.007324,4,"COPDEM30",640
"RGI2000-v7.0-G-18-01763","18","18-01","G170417E43590S",772427,749,"2000-04-13T00:00:00",170.41653672822252,-43.590226,59,0.013429240082192,0,0,0,9,"",0,170.4175961714428,-43.59060711492265,1702.4539,1814.0424,1746.1696,1748.9047,28.261253,134.7778,4,"COPDEM30",224
"RGI2000-v7.0-G-18-01764","18","18-01","G170415E43596S",772407,749,"2000-04-13T00:00:00",170.40749003848887,-43.586963499999996,59,0.170756322981999,0,0,0,9,"",0,170.40912097702733,-43.58883091560647,2187.5984,2636.0203,2392.2153,2403.9395,39.475285,130.39839,4,"COPDEM30",565
"RGI2000-v7.0-G-18-01765","18","18-01","G170403E43589S",772395,749,"2000-04-13T00:00:00",170.4029905917793,-43.589213,59,0.02684783956076,0,0,0,9,"",0,170.40089258397055,-43.588181569948105,2459.2747,2588.4717,2515.5374,2518.432,26.269241,340.2701187133789,1,"COPDEM30",313
"RGI2000-v7.0-G-18-01766","18","18-01","G170399E43587S",772391,749,"2000-04-13T00:00:00",170.3989309477526,-43.585345000000004,59,0.041521292670067,0,0,0,9,"",0,170.39790977371928,-43.5851207524906,2242.396,2446.1562,2331.5525,2328.9832,33.485157,234.1803131103516,6,"COPDEM30",294
"RGI2000-v7.0-G-18-01767","18","18-01","G170408E43583S",772406,749,"2000-04-13T00:00:00",170.40679836076924,-43.5811145,59,0.052386619596894,0,0,0,9,"",0,170.40808961116164,-43.58152330144303,2212.872,2430.6016,2323.2402,2320.3562,42.290638,95.91666,3,"COPDEM30",296
"RGI2000-v7.0-G-18-01768","18","18-01","G170411E43581S",772413,749,"2000-04-13T00:00:00",170.4112030999386,-43.581462,59,0.022844763409331,0,0,0,9,"",0,170.41487153675777,-43.58068078501854,1834.7056,2224.0803,1989.2021,2012.2137,38.76496,63.488483,2,"COPDEM30",530
"RGI2000-v7.0-G-18-01769","18","18-01","G170404E43579S",772398,749,"2000-04-13T00:00:00",170.40432591702205,-43.5766775,59,0.015648529033113,0,0,0,9,"",0,170.40329190895895,-43.57732453003821,2307.6018,2451.9368,2414.3545,2396.0706,30.634415,243.02359008789065,6,"COPDEM30",249
"RGI2000-v7.0-G-18-01770","18","18-01","G170405E43573S",772405,749,"2000-04-13T00:00:00",170.40692009948052,-43.570102000000006,59,0.014414294631059,0,0,0,9,"",0,170.40605383652746,-43.570376776477595,2263.4326,2324.0583,2299.705,2297.7246,22.120083,261.36454010009766,7,"COPDEM30",177
"RGI2000-v7.0-G-18-01771","18","18-01","G170405E43564S",772401,749,"2000-04-13T00:00:00",170.40572957072533,-43.56223,59,0.020716718692367,0,0,0,9,"",0,170.404438392762,-43.563159505703474,1974.631,2222.6143,2076.637,2083.132,40.604107,230.34190368652344,6,"COPDEM30",310
"RGI2000-v7.0-G-18-01772","18","18-01","G170413E43562S",772418,749,"2000-04-13T00:00:00",170.4130966066721,-43.5596455,59,0.165248008096068,0,0,0,9,"",0,170.40976790256184,-43.55840592237831,2122.3853,2290.838,2212.2173,2210.6082,26.27403,266.78228759765625,7,"COPDEM30",524
"RGI2000-v7.0-G-18-01773","18","18-01","G170416E43559S",772420,749,"2000-04-13T00:00:00",170.41535762319472,-43.556405,59,0.183556071904112,0,0,0,9,"",0,170.41070093839977,-43.55490117782767,2157.0303,2429.3845,2260.9226,2268.5894,23.680933,326.78587341308594,8,"COPDEM30",807
"RGI2000-v7.0-G-18-01774","18","18-01","G170417E43552S",772425,749,"2000-04-13T00:00:00",170.41676296002024,-43.5519575,59,0.027876856714538,0,0,0,9,"",0,170.4157878137297,-43.55199154762428,2114.2034,2180.9834,2149.4534,2147.4163,25.152908,286.050048828125,7,"COPDEM30",201
"RGI2000-v7.0-G-18-01775","18","18-01","G170413E43548S",772417,749,"2000-04-13T00:00:00",170.4130096620429,-43.5481195,59,0.012943391650849,0,0,0,9,"",0,170.41197001878217,-43.548389709453986,1905.0632,2010.6537,1973.1545,1972.5004,32.180077,242.13905334472656,6,"COPDEM30",167
"RGI2000-v7.0-G-18-01776","18","18-01","G170424E43545S",772431,749,"2000-04-13T00:00:00",170.4206070818182,-43.5444945,59,0.109073894641765,0,0,0,9,"",0,170.42074521038762,-43.54579045798689,2030.1726,2184.0662,2134.2307,2126.1494,31.416943,131.76543,4,"COPDEM30",636
"RGI2000-v7.0-G-18-01777","18","18-01","G170426E43545S",772436,749,"2000-04-13T00:00:00",170.4255587710384,-43.545201000000006,59,0.064368168061925,0,0,0,9,"",0,170.4248088137798,-43.547132155506425,1824.1257,2023.8123,1922.3911,1924.1254,32.780586,190.02459716796875,5,"COPDEM30",415
"RGI2000-v7.0-G-18-01778","18","18-01","G170429E43543S",772442,749,"2000-04-13T00:00:00",170.42864477433142,-43.543245999999996,59,0.041059526893448,0,0,0,9,"",0,170.4279058034043,-43.54497553619423,1990.877,2273.0352,2151.3647,2148.105,34.378822,207.90577697753903,6,"COPDEM30",444
"RGI2000-v7.0-G-18-01779","18","18-01","G170427E43542S",772439,749,"2000-04-13T00:00:00",170.42659480573636,-43.542237,59,0.02426662538006,0,0,0,9,"",0,170.42694036802325,-43.54292168562409,2082.696,2167.5583,2127.146,2127.825,31.839705,200.41297912597656,5,"COPDEM30",170
"RGI2000-v7.0-G-18-01780","18","18-01","G170434E43542S",772451,749,"2000-04-13T00:00:00",170.43376228947037,-43.541953,59,0.014938311965659,0,0,0,9,"",0,170.4329276878639,-43.542467334481046,2389.909,2449.563,2424.7397,2422.9114,22.873425,227.92706298828125,6,"COPDEM30",163
"RGI2000-v7.0-G-18-01781","18","18-01","G170433E43546S",772449,749,"2000-04-13T00:00:00",170.43304242813088,-43.5458775,59,0.101612174870825,0,0,0,9,"",0,170.43134440807637,-43.5472144246498,1854.8965,2198.534,1992.4132,1996.2936,36.041485,194.53826904296875,5,"COPDEM30",581
"RGI2000-v7.0-G-18-01782","18","18-01","G170434E43548S",772454,749,"2000-04-13T00:00:00",170.4382349447559,-43.546698500000005,59,0.12180439881412,0,0,0,9,"",0,170.43602922715587,-43.548658958819594,1935.2703,2293.52,2042.8013,2064.8228,30.059464,213.9572296142578,6,"COPDEM30",303
"RGI2000-v7.0-G-18-01783","18","18-01","G170442E43542S",772457,749,"2000-04-13T00:00:00",170.4417801678769,-43.5424485,59,0.020831148206132,0,0,0,9,"",0,170.44352861095214,-43.54179331263899,1979.8003,2143.118,2068.5195,2061.8044,35.247562,76.91866,3,"COPDEM30",267
"RGI2000-v7.0-G-18-01784","18","18-01","G170431E43542S",772447,749,"2000-04-13T00:00:00",170.43173130747127,-43.537786499999996,59,0.015376301231179,0,0,0,9,"",0,170.43096507476406,-43.537861967289246,2188.031,2311.5679,2227.1567,2234.4912,34.801323,284.1716003417969,7,"COPDEM30",186
"RGI2000-v7.0-G-18-01785","18","18-01","G170430E43536S",772444,749,"2000-04-13T00:00:00",170.4298632314156,-43.536075499999995,59,0.027811637326753,0,0,0,9,"",0,170.42863762751935,-43.53633820572806,2010.8313,2253.4883,2078.1167,2088.9492,36.902607,270.07745361328125,7,"COPDEM30",367
"RGI2000-v7.0-G-18-01786","18","18-01","G170424E43533S",772433,749,"2000-04-13T00:00:00",170.42184319807075,-43.530872,59,0.660767700282546,0,0,0,9,"",0,170.4166132392533,-43.53368671193889,1876.043,2418.5732,2149.6248,2139.3872,32.21022,199.20440673828125,5,"COPDEM30",1627
"RGI2000-v7.0-G-18-01787","18","18-01","G170422E43525S",772432,749,"2000-04-13T00:00:00",170.42170440258735,-43.525474,59,0.140806005011916,0,0,0,9,"",0,170.42159603694438,-43.52365193401526,2013.4249,2232.3254,2095.1248,2099.1267,28.615244,0.30648127,1,"COPDEM30",652
"RGI2000-v7.0-G-18-01788","18","18-01","G170430E43529S",772441,749,"2000-04-13T00:00:00",170.42935729069768,-43.527336000000005,59,0.07941143266827,0,0,0,9,"",0,170.431356446821,-43.5257242475013,2194.7197,2402.8997,2296.221,2294.571,31.374012,339.59024238586426,1,"COPDEM30",387
"RGI2000-v7.0-G-18-01789","18","18-01","G170431E43525S",772445,749,"2000-04-13T00:00:00",170.4310404954955,-43.5248425,59,0.145248449257097,0,0,0,9,"",0,170.42766544763407,-43.524248110265965,2046.0828,2357.4321,2156.561,2169.4766,29.984167,327.39221572875977,8,"COPDEM30",800
"RGI2000-v7.0-G-18-01790","18","18-01","G170441E43530S",772456,749,"2000-04-13T00:00:00",170.43956465104168,-43.531235,59,1.240666513088072,0,0,0,9,"",0,170.44763979420352,-43.53085917446284,1922.799,2481.911,2241.414,2231.2668,27.210508,134.72711,4,"COPDEM30",1849
"RGI2000-v7.0-G-18-01791","18","18-01","G170453E43537S",772468,749,"2000-04-13T00:00:00",170.45054586110362,-43.5363895,59,0.01741336563627,0,0,0,9,"",0,170.45231857309057,-43.5373170977164,1279.4528,1415.4227,1340.5056,1345.2961,25.893196,131.90182,4,"COPDEM30",292
"RGI2000-v7.0-G-18-01792","18","18-01","G170446E43524S",772464,749,"2000-04-13T00:00:00",170.44600027057785,-43.522294,59,0.023100635790232,0,0,0,9,"",0,170.44653876518277,-43.52178649303447,2329.5073,2488.611,2402.336,2406.9272,42.854637,89.674286,3,"COPDEM30",224
"RGI2000-v7.0-G-18-01793","18","18-01","G170446E43521S",772463,749,"2000-04-13T00:00:00",170.44635564655172,-43.519533,59,0.024764874773398,0,0,0,9,"",0,170.44760113185473,-43.51931111940056,2354.0437,2483.3896,2408.713,2414.0137,31.616844,99.70937,3,"COPDEM30",252
"RGI2000-v7.0-G-18-01794","18","18-01","G170444E43513S",772462,749,"2000-04-13T00:00:00",170.44434622315575,-43.512679500000004,59,0.397492792603019,0,0,0,9,"",0,170.4473679930458,-43.50947193717401,1894.7444,2414.2192,2187.2747,2169.446,35.96253,66.88984,2,"COPDEM30",1070
"RGI2000-v7.0-G-18-01795","18","18-01","G170444E43505S",772465,749,"2000-04-13T00:00:00",170.4473866109139,-43.50577,59,0.277041523087134,0,0,0,9,"",0,170.45600626818583,-43.508535039546885,1446.1409,2015.2446,1751.0387,1715.7677,29.385504,144.03737,4,"COPDEM30",1119
"RGI2000-v7.0-G-18-01796","18","18-01","G170443E43506S",772461,749,"2000-04-13T00:00:00",170.4436204814815,-43.504371,59,0.046740484732673,0,0,0,9,"",0,170.44531275700416,-43.505386593484154,1962.9608,2240.5618,2127.2441,2119.4417,39.273464,114.89561,4,"COPDEM30",350
"RGI2000-v7.0-G-18-01797","18","18-01","G170438E43507S",772453,749,"2000-04-13T00:00:00",170.43716267683413,-43.5047275,59,0.350814583349614,0,0,0,9,"",0,170.43294975356048,-43.50084783172295,1822.5071,2365.1787,2131.328,2116.925,33.486534,344.66269969940186,1,"COPDEM30",947
"RGI2000-v7.0-G-18-01798","18","18-01","G170428E43506S",772440,749,"2000-04-13T00:00:00",170.42782242756545,-43.505607999999995,59,0.392050486955798,0,0,0,9,"",0,170.42312484414478,-43.50126723355228,1759.5518,2354.9531,2101.3113,2102.9138,31.252468,352.6085858345032,1,"COPDEM30",1071
"RGI2000-v7.0-G-18-01799","18","18-01","G170414E43503S",772419,749,"2000-04-13T00:00:00",170.4137757956044,-43.50287,59,0.010905710597453,0,0,0,9,"",0,170.41464897389244,-43.50229648723093,2024.8655,2173.7188,2068.0186,2081.2776,41.63699,17.159214,1,"COPDEM30",184
"RGI2000-v7.0-G-18-01800","18","18-01","G170395E43495S",772386,749,"2000-04-13T00:00:00",170.39459799293687,-43.4953205,59,1.637408505555051,0,0,0,9,"",0,170.36869969574104,-43.49107023660145,1398.9741,2476.883,2070.7295,2021.7922,31.7732,316.28747177124023,8,"COPDEM30",2897
"RGI2000-v7.0-G-18-01801","18","18-01","G170391E43497S",772380,749,"2000-04-13T00:00:00",170.39124502577187,-43.497286,59,0.011221430364992,0,0,0,9,"",0,170.39036660174764,-43.49672228816494,2341.0496,2506.869,2445.3577,2437.502,43.02811,336.19457626342773,8,"COPDEM30",209
"RGI2000-v7.0-G-18-01802","18","18-01","G170388E43487S",772377,749,"2000-04-13T00:00:00",170.38900571236795,-43.485503,59,0.220627263292403,0,0,0,9,"",0,170.3816223064757,-43.48466570781431,1736.9434,2310.627,2018.2239,2012.5333,31.380947,260.93788146972656,7,"COPDEM30",1025
"RGI2000-v7.0-G-18-01803","18","18-01","G170390E43481S",772379,749,"2000-04-13T00:00:00",170.38950772047355,-43.4810925,59,0.173801103273883,0,0,0,9,"",0,170.38152107239705,-43.47816306858612,1822.4479,2301.8965,2103.4077,2087.1013,31.510756,329.673719406128,8,"COPDEM30",1166
"RGI2000-v7.0-G-18-01804","18","18-01","G170393E43480S",772384,749,"2000-04-13T00:00:00",170.3934393497899,-43.4792025,59,0.220659551998001,0,0,0,9,"",0,170.38887176921216,-43.477370068985266,1829.558,2223.297,2046.9043,2033.3645,25.74172,317.8453598022461,8,"COPDEM30",720
"RGI2000-v7.0-G-18-01805","18","18-01","G170393E43475S",772383,749,"2000-04-13T00:00:00",170.392863890264,-43.4734885,59,0.060610934253034,0,0,0,9,"",0,170.39621190446107,-43.47216392148795,1669.2708,1868.4401,1790.3573,1783.2848,24.79159,72.6993,3,"COPDEM30",513
"RGI2000-v7.0-G-18-01806","18","18-01","G170387E43475S",772373,749,"2000-04-13T00:00:00",170.38745084375,-43.475463000000005,59,0.019406228648858,0,0,0,9,"",0,170.3863594336198,-43.47459346924587,1608.5824,1776.215,1658.426,1670.1768,31.705688,290.43529510498047,7,"COPDEM30",288
"RGI2000-v7.0-G-18-01807","18","18-01","G170385E43474S",772371,749,"2000-04-13T00:00:00",170.38486082531995,-43.4737565,59,0.023808540699042,0,0,0,9,"",0,170.38168538558762,-43.473301159064,1484.4448,1610.8562,1548.5007,1545.8226,20.149136,267.7304229736328,7,"COPDEM30",401
"RGI2000-v7.0-G-18-01808","18","18-01","G170389E43471S",772376,749,"2000-04-13T00:00:00",170.3889306584084,-43.468956500000004,59,0.202098546980218,0,0,0,9,"",0,170.38575202119537,-43.469597087131696,1786.922,1987.2157,1893.041,1894.9933,21.71713,260.43114471435547,7,"COPDEM30",514
"RGI2000-v7.0-G-18-01809","18","18-01","G170384E43482S",772370,749,"2000-04-13T00:00:00",170.38425295760814,-43.482417999999996,59,0.050452925753101,0,0,0,9,"",0,170.38138183062497,-43.483227353772655,1786.6277,2049.162,1944.5916,1943.8114,34.087822,226.57489013671875,6,"COPDEM30",490
"RGI2000-v7.0-G-18-01810","18","18-01","G170375E43487S",772364,749,"2000-04-13T00:00:00",170.37522192803033,-43.4873045,59,0.107004564651335,0,0,0,9,"",0,170.3734362042321,-43.487992630122186,1359.9318,1562.8206,1441.8842,1446.4017,20.3655,277.7524719238281,7,"COPDEM30",611
"RGI2000-v7.0-G-18-01811","18","18-01","G170361E43489S",772353,749,"2000-04-13T00:00:00",170.3607431559356,-43.479956,59,4.13173969947715,0,0,0,9,"",0,170.36637939167306,-43.4600123290307,838.4583,2750.621,1198.5387,1449.762,21.174595,42.06233,2,"COPDEM30",6270
"RGI2000-v7.0-G-18-01812","18","18-01","G170344E43479S",772318,749,"2000-04-13T00:00:00",170.3433026977612,-43.476693,59,0.025334507994222,0,0,0,9,"",0,170.34512777560863,-43.477505559312554,1969.165,2235.1912,2096.9207,2098.5454,44.516453,111.42786,3,"COPDEM30",316
"RGI2000-v7.0-G-18-01813","18","18-01","G170342E43473S",772316,749,"2000-04-13T00:00:00",170.3420969078341,-43.472564500000004,59,0.017621838878246,0,0,0,9,"",0,170.34330756584924,-43.47314440122395,2218.7424,2321.5771,2259.3794,2263.0007,33.936535,83.58202,3,"COPDEM30",173
"RGI2000-v7.0-G-18-01814","18","18-01","G170342E43475S",772307,749,"2000-04-13T00:00:00",170.33832683536585,-43.470095,59,0.021944831566785,0,0,0,9,"",0,170.3371965489396,-43.4704524059463,2189.2222,2298.7156,2245.058,2244.2788,25.845266,283.5213165283203,7,"COPDEM30",298
"RGI2000-v7.0-G-18-01815","18","18-01","G170338E43469S",772306,749,"2000-04-13T00:00:00",170.33835461956522,-43.468588,59,0.011677585745443,0,0,0,9,"",0,170.3361497930796,-43.468607684914346,2035.2999,2279.1272,2209.4175,2191.2915,34.695503,290.4423599243164,7,"COPDEM30",341
"RGI2000-v7.0-G-18-01816","18","18-01","G170339E43467S",772310,749,"2000-04-13T00:00:00",170.3385399104792,-43.4672315,59,0.107797418277566,0,0,0,9,"",0,170.33536225222224,-43.46711644309369,1984.897,2283.8196,2160.045,2158.6045,31.381207,274.65157318115234,7,"COPDEM30",494
"RGI2000-v7.0-G-18-01817","18","18-01","G170341E43474S",772294,749,"2000-04-13T00:00:00",170.3311896111111,-43.462361,59,3.461533120310082,0,0,0,9,"",0,170.3023986798047,-43.44196869765232,1159.7052,2800.043,1488.2797,1631.9604,15.628975,342.7662849426269,1,"COPDEM30",6298
"RGI2000-v7.0-G-18-01818","18","18-01","G170321E43461S",772267,749,"2000-04-13T00:00:00",170.32087059558478,-43.4608735,59,0.045675878853796,0,0,0,9,"",0,170.32324746573477,-43.46147466896061,1950.2393,2137.6208,2052.5156,2056.3755,34.83524,60.119118,2,"COPDEM30",279
"RGI2000-v7.0-G-18-01819","18","18-01","G170318E43462S",772259,749,"2000-04-13T00:00:00",170.31757380752106,-43.462262499999994,59,0.012997995604662,0,0,0,9,"",0,170.3167932362507,-43.462660460524255,1968.826,2128.327,2033.4846,2036.6107,38.728615,280.40909576416016,7,"COPDEM30",239
"RGI2000-v7.0-G-18-01820","18","18-01","G170315E43472S",772257,749,"2000-04-13T00:00:00",170.3166364176166,-43.466312,59,2.053394521465258,0,0,0,9,"",0,170.31231229291598,-43.45560887556674,1630.3026,2864.4988,2208.9155,2167.239,27.710024,357.8022847175598,1,"COPDEM30",2670
"RGI2000-v7.0-G-18-01821","18","18-01","G170312E43473S",772248,749,"2000-04-13T00:00:00",170.31196680366492,-43.4727125,59,0.069849913798023,0,0,0,9,"",0,170.3112355868207,-43.47416188370999,2377.014,2543.3784,2451.0369,2448.1567,29.787369,239.01956939697263,6,"COPDEM30",273
"RGI2000-v7.0-G-18-01822","18","18-01","G170309E43473S",772238,749,"2000-04-13T00:00:00",170.30875847048958,-43.472587000000004,59,0.082625296698002,0,0,0,9,"",0,170.305324850754,-43.47472955944225,2018.6564,2397.0051,2284.0728,2257.7185,39.0739,224.8461151123047,6,"COPDEM30",487
"RGI2000-v7.0-G-18-01823","18","18-01","G170301E43471S",772221,749,"2000-04-13T00:00:00",170.30080386084427,-43.471474,59,0.032020702898496,0,0,0,9,"",0,170.29925349590502,-43.47227932703315,2087.3145,2259.548,2194.1958,2185.3652,31.97393,187.28114318847656,5,"COPDEM30",550
"RGI2000-v7.0-G-18-01824","18","18-01","G170300E43470S",772225,749,"2000-04-13T00:00:00",170.30177444135188,-43.4684095,59,0.487742800311795,0,0,0,9,"",0,170.29530550018552,-43.46526147852581,1811.89,2357.7314,2086.5828,2080.1682,28.10198,284.0187759399414,7,"COPDEM30",1095
"RGI2000-v7.0-G-18-01825","18","18-01","G170314E43473S",772228,749,"2000-04-13T00:00:00",170.3026242038838,-43.46069249999999,59,0.129591186480158,0,0,0,9,"",0,170.30112123992896,-43.45731608395997,1811.5211,2179.5457,1988.0793,1994.8445,32.019882,33.735622,2,"COPDEM30",772
"RGI2000-v7.0-G-18-01826","18","18-01","G170292E43466S",772205,749,"2000-04-13T00:00:00",170.29128805000002,-43.4661935,59,0.013250444434953,0,0,0,9,"",0,170.2900795818654,-43.465701117879455,1537.1339,1644.4423,1578.6307,1581.8712,24.489471,282.7107162475586,7,"COPDEM30",248
"RGI2000-v7.0-G-18-01827","18","18-01","G170269E43472S",772185,749,"2000-04-13T00:00:00",170.2668600062069,-43.4698455,59,0.033735305820856,0,0,0,9,"",0,170.26927175472056,-43.4706646600194,1345.4512,1518.1428,1434.2065,1430.6315,35.406418,72.89805,3,"COPDEM30",299
"RGI2000-v7.0-G-18-01828","18","18-01","G170256E43469S",772174,749,"2000-04-13T00:00:00",170.253912790265,-43.467541499999996,59,0.601003109613689,0,0,0,9,"",0,170.25755061044055,-43.46167035743406,1779.2332,2475.8005,2166.5034,2178.5974,30.945608,24.914303,2,"COPDEM30",1446
"RGI2000-v7.0-G-18-01829","18","18-01","G170241E43468S",772161,749,"2000-04-13T00:00:00",170.23893034282702,-43.464808500000004,59,1.354853615281018,0,0,0,9,"",0,170.22995042004413,-43.45889105262765,1799.2909,2433.4502,2048.1687,2095.3425,22.326618,350.5897445678711,1,"COPDEM30",2183
"RGI2000-v7.0-G-18-01830","18","18-01","G170225E43472S",772158,749,"2000-04-13T00:00:00",170.2241051310484,-43.465588499999996,59,3.159390692933581,0,0,0,9,"",0,170.20295402590585,-43.469864357624324,1305.761,2351.5305,1939.3164,1928.0957,19.392838,272.0788116455078,7,"COPDEM30",3067
"RGI2000-v7.0-G-18-01831","18","18-01","G170223E43459S",772156,749,"2000-04-13T00:00:00",170.22295849486505,-43.458809,59,0.024603933787291,0,0,0,9,"",0,170.2230343204113,-43.45712904538558,1922.6301,2038.9998,2004.1235,1999.1622,24.703325,41.67289,2,"COPDEM30",424
"RGI2000-v7.0-G-18-01832","18","18-01","G170219E43455S",772155,749,"2000-04-13T00:00:00",170.219088099389,-43.4547435,59,0.049199856825216,0,0,0,9,"",0,170.2218562937945,-43.454311944099565,1699.5233,1854.5016,1757.5156,1761.3503,33.59291,27.28862,2,"COPDEM30",233
"RGI2000-v7.0-G-18-01833","18","18-01","G170211E43456S",772151,749,"2000-04-13T00:00:00",170.21143224275363,-43.454144,59,0.038126791585749,0,0,0,9,"",0,170.21018845706539,-43.45491519884608,1863.082,1961.7852,1924.3102,1919.826,19.674622,228.02508544921875,6,"COPDEM30",307
"RGI2000-v7.0-G-18-01834","18","18-01","G170206E43454S",772150,749,"2000-04-13T00:00:00",170.20629472385673,-43.4553775,59,0.042936747541421,0,0,0,9,"",0,170.20595837957282,-43.45754245815711,1571.1843,1731.1917,1649.9607,1652.474,21.501099,220.77957153320312,6,"COPDEM30",547
"RGI2000-v7.0-G-18-01835","18","18-01","G170168E43478S",772140,749,"2000-04-13T00:00:00",170.16940000775193,-43.476999500000005,59,0.138350862146722,0,0,0,9,"",0,170.1731466720616,-43.4750272146503,1959.1143,2213.6982,2111.1729,2113.3267,31.064314,25.77511,2,"COPDEM30",448
"RGI2000-v7.0-G-18-01836","18","18-01","G170165E43474S",772138,749,"2000-04-13T00:00:00",170.1653249549919,-43.4737175,59,0.061754378849807,0,0,0,9,"",0,170.1648272607005,-43.47249778215179,1940.2826,2071.293,2003.8168,2004.732,25.161688,6.4448013,1,"COPDEM30",288
"RGI2000-v7.0-G-18-01837","18","18-01","G170162E43476S",772135,749,"2000-04-13T00:00:00",170.161919452006,-43.476209602682616,59,0.353987676364799,0,0,0,9,"",0,170.15677167588626,-43.47917387380224,1738.6655,2149.6448,1985.4431,1973.9285,24.895472,265.29512786865234,7,"COPDEM30",939
"RGI2000-v7.0-G-18-01838","18","18-01","G170166E43485S",772139,749,"2000-04-13T00:00:00",170.1676824077901,-43.483843,59,2.230390815180888,0,0,0,9,"",0,170.1452113576166,-43.482316030525965,1307.8811,2311.8826,2053.0042,1989.4955,20.798094,267.76841735839844,7,"COPDEM30",2756
"RGI2000-v7.0-G-18-01839","18","18-01","G170161E43492S",772133,749,"2000-04-13T00:00:00",170.1606421604655,-43.491789499999996,59,0.107132644510309,0,0,0,9,"",0,170.1587619516079,-43.49309913874829,1731.6677,1991.6376,1871.971,1867.5979,32.284637,206.31137084960932,6,"COPDEM30",413
"RGI2000-v7.0-G-18-01840","18","18-01","G170151E43491S",772120,749,"2000-04-13T00:00:00",170.1506868062628,-43.4904075,59,0.028135436552669,0,0,0,9,"",0,170.15079520414426,-43.49142625891119,1611.0444,1692.6918,1653.012,1651.4104,25.450466,181.06597900390625,5,"COPDEM30",232
"RGI2000-v7.0-G-18-01841","18","18-01","G170147E43490S",772112,749,"2000-04-13T00:00:00",170.14661209466018,-43.4898905,59,0.074937752170113,0,0,0,9,"",0,170.14776716820808,-43.4912762457456,1650.8622,1809.3888,1741.5698,1737.204,25.732544,176.58582,5,"COPDEM30",364
"RGI2000-v7.0-G-18-01842","18","18-01","G170141E43490S",772103,749,"2000-04-13T00:00:00",170.14076992402778,-43.4885635,59,0.302533363716579,0,0,0,9,"",0,170.13788749756318,-43.490057574264775,1647.9365,1856.2406,1757.2762,1758.0336,23.637554,180.906494140625,5,"COPDEM30",819
"RGI2000-v7.0-G-18-01843","18","18-01","G170129E43487S",772095,749,"2000-04-13T00:00:00",170.12949889492754,-43.487332,59,0.010696222027032,0,0,0,9,"",0,170.130253224043,-43.48767772607004,1834.4126,1885.7556,1861.696,1860.6526,35.648987,172.05388,5,"COPDEM30",169
"RGI2000-v7.0-G-18-01844","18","18-01","G170126E43489S",772089,749,"2000-04-13T00:00:00",170.12512604181097,-43.487487,59,0.110729440565341,0,0,0,9,"",0,170.12436153306723,-43.48897170371259,1750.9567,1906.4701,1851.2803,1844.7689,28.437798,179.40215,5,"COPDEM30",316
"RGI2000-v7.0-G-18-01845","18","18-01","G170122E43486S",772086,749,"2000-04-13T00:00:00",170.12174820443016,-43.486062000000004,59,0.023546147691737,0,0,0,9,"",0,170.12077043969822,-43.48703612546233,1795.1512,1907.8938,1868.2976,1866.7534,29.627508,221.8915405273437,6,"COPDEM30",187
"RGI2000-v7.0-G-18-01846","18","18-01","G170105E43489S",772074,749,"2000-04-13T00:00:00",170.10491279844575,-43.4889795,59,0.010857968525194,0,0,0,9,"",0,170.104947869205,-43.48945594085654,1791.2191,1853.7871,1824.8104,1823.3888,32.470654,179.74345,5,"COPDEM30",100
"RGI2000-v7.0-G-18-01847","18","18-01","G170103E43489S",772071,749,"2000-04-13T00:00:00",170.10289322086413,-43.489158,59,0.014960539791489,0,0,0,9,"",0,170.1004967613653,-43.4896634242619,1655.5035,1851.863,1707.0365,1735.1356,31.432747,209.31124877929688,6,"COPDEM30",356
"RGI2000-v7.0-G-18-01848","18","18-01","G170100E43490S",772059,749,"2000-04-13T00:00:00",170.09838709303824,-43.4892075,59,0.026456334382873,0,0,0,9,"",0,170.09911133816283,-43.49009289281989,1569.583,1678.2878,1606.2084,1611.438,31.37579,186.0684967041016,5,"COPDEM30",257
"RGI2000-v7.0-G-18-01849","18","18-01","G170125E43510S",772090,749,"2000-04-13T00:00:00",170.12562815310076,-43.510314,59,0.135170196867006,0,0,0,9,"",0,170.12234979676634,-43.50972980817259,1673.958,1835.5691,1729.82,1732.5842,19.896227,235.3812789916992,6,"COPDEM30",532
"RGI2000-v7.0-G-18-01850","18","18-01","G170130E43510S",772096,749,"2000-04-13T00:00:00",170.13019301276407,-43.5097645,59,0.010540057923946,0,0,0,9,"",0,170.12981929419075,-43.51067845028812,1890.2467,1938.327,1930.3098,1927.0321,16.40767,229.23419189453125,6,"COPDEM30",131
"RGI2000-v7.0-G-18-01851","18","18-01","G170173E43509S",772122,749,"2000-04-13T00:00:00",170.15231514285716,-43.50865,59,0.506182446933149,0,0,0,9,"",0,170.14776252305387,-43.506156024942705,1700.5026,2125.4827,1871.1805,1871.3572,16.753813,284.43006896972656,7,"COPDEM30",1190
"RGI2000-v7.0-G-18-01852","18","18-01","G170174E43509S",772130,749,"2000-04-13T00:00:00",170.15675107190071,-43.5069035,59,0.114313371402841,0,0,0,9,"",0,170.15442731577974,-43.505346947518625,1856.2365,2080.671,1959.6384,1960.4865,26.92862,327.7982978820801,8,"COPDEM30",627
"RGI2000-v7.0-G-18-01853","18","18-01","G170175E43509S",772131,749,"2000-04-13T00:00:00",170.16032402396985,-43.5048,59,0.026619379264214,0,0,0,9,"",0,170.16037078262687,-43.50382358115618,1809.6888,1874.3116,1835.3363,1836.9696,25.58247,25.810246,2,"COPDEM30",189
"RGI2000-v7.0-G-18-01854","18","18-01","G170174E43508S",772141,749,"2000-04-13T00:00:00",170.16963958677482,-43.501497,59,3.721470213973096,0,0,0,9,"",0,170.1372426399687,-43.498348742752604,1123.8887,2578.022,2060.6125,1946.3662,24.628891,272.19283294677734,7,"COPDEM30",4604
"RGI2000-v7.0-G-18-01855","18","18-01","G170162E43537S",772106,749,"2000-04-13T00:00:00",170.14192757965685,-43.5300985,59,33.04459129400028,0,0,0,9,"",0,170.0554041703746,-43.50114595513748,263.9704,2960.058,2175.5215,2065.8745,15.401813,319.52001953125,8,"COPDEM90",13756
"RGI2000-v7.0-G-18-01856","18","18-01","G170117E43532S",772080,749,"2000-04-13T00:00:00",170.11667366494845,-43.531847,59,0.03831283292025,0,0,0,9,"",0,170.11167274079654,-43.53143858628051,2085.9875,2160.4392,2136.289,2132.2397,18.94142,210.3483428955078,6,"COPDEM30",355
"RGI2000-v7.0-G-18-01857","18","18-01","G170115E43539S",772078,749,"2000-04-13T00:00:00",170.1127153917425,-43.5363215,59,2.168926614021156,0,0,0,9,"",0,170.08842786042413,-43.52925466628427,1382.2151,2479.2192,2062.0474,2021.2853,20.425112,288.49009704589844,7,"COPDEM30",3927
"RGI2000-v7.0-G-18-01858","18","18-01","G170119E43543S",772083,749,"2000-04-13T00:00:00",170.1185957572614,-43.5426955,59,0.072952413856824,0,0,0,9,"",0,170.1137235586976,-43.540784939324226,2279.5764,2352.1877,2303.5742,2306.6755,11.56434,288.3508377075196,7,"COPDEM30",806
"RGI2000-v7.0-G-18-01859","18","18-01","G170117E43546S",772079,749,"2000-04-13T00:00:00",170.1163433091818,-43.5453415,59,0.044290102965207,0,0,0,9,"",0,170.11641780652286,-43.547216793867015,1824.2715,2189.17,1976.0134,1983.8557,41.42146,207.03512573242188,6,"COPDEM30",417
"RGI2000-v7.0-G-18-01860","18","18-01","G170120E43546S",772084,749,"2000-04-13T00:00:00",170.12105351785715,-43.5463115,59,0.031823349397982,0,0,0,9,"",0,170.11931687437485,-43.54753127895204,1873.5317,2143.6367,2035.2764,2030.3561,49.72598,212.0180053710937,6,"COPDEM30",268
"RGI2000-v7.0-G-18-01861","18","18-01","G170123E43547S",772087,749,"2000-04-13T00:00:00",170.1221795717962,-43.547497500000006,59,0.025781691118237,0,0,0,9,"",0,170.12133953904933,-43.54867894411932,1904.793,2239.7524,2046.139,2057.0642,47.70874,224.4713592529297,6,"COPDEM30",329
"RGI2000-v7.0-G-18-01862","18","18-01","G170127E43546S",772092,749,"2000-04-13T00:00:00",170.12695990820725,-43.546419,59,0.064028095300984,0,0,0,9,"",0,170.12583026820198,-43.548276724758495,2226.7349,2512.8323,2377.082,2371.3828,34.200832,220.00006103515625,6,"COPDEM30",262
"RGI2000-v7.0-G-18-01863","18","18-01","G170130E43549S",772097,749,"2000-04-13T00:00:00",170.13039508333333,-43.548714000000004,59,0.026861120494372,0,0,0,9,"",0,170.1282885729264,-43.54690882469827,2451.452,2566.6687,2488.845,2494.5696,26.205465,322.6298484802246,8,"COPDEM30",570
"RGI2000-v7.0-G-18-01864","18","18-01","G170142E43556S",772107,749,"2000-04-13T00:00:00",170.14181262416204,-43.555511,59,0.018069630485714,0,0,0,9,"",0,170.1408705549627,-43.555560736819515,2774.3604,2940.7092,2879.015,2875.1235,34.920124,286.44861602783203,7,"COPDEM30",103
"RGI2000-v7.0-G-18-01865","18","18-01","G170146E43560S",772111,749,"2000-04-13T00:00:00",170.14635718039005,-43.5601965,59,0.01662591210706,0,0,0,9,"",0,170.1437261429549,-43.560102485916005,2888.126,3026.9597,3007.8164,2996.8064,32.031868,307.64419174194336,8,"COPDEM30",163
"RGI2000-v7.0-G-18-01866","18","18-01","G170153E43564S",772124,749,"2000-04-13T00:00:00",170.15298979486062,-43.563723499999995,59,0.012557583479219,0,0,0,9,"",0,170.1510658962314,-43.56291824396147,3055.1423,3262.0579,3178.3164,3159.3782,48.31953,354.2294673919678,1,"COPDEM30",151
"RGI2000-v7.0-G-18-01867","18","18-01","G170160E43551S",772132,749,"2000-04-13T00:00:00",170.1602872789855,-43.5511815,59,0.016708786590821,0,0,0,9,"",0,170.15903165001114,-43.55047937571858,2624.6433,2736.5327,2691.355,2688.5024,34.272488,286.5357208251953,7,"COPDEM30",126
"RGI2000-v7.0-G-18-01868","18","18-01","G170181E43567S",772144,749,"2000-04-13T00:00:00",170.1808125193244,-43.567387,59,0.0377037784751,0,0,0,9,"",0,170.18157997683207,-43.568386726016605,2481.1099,2778.4587,2650.727,2648.2874,46.866165,168.37906,5,"COPDEM30",272
"RGI2000-v7.0-G-18-01869","18","18-01","G170184E43567S",772145,749,"2000-04-13T00:00:00",170.18404781063728,-43.5667135,59,0.118535150991482,0,0,0,9,"",0,170.1832200875079,-43.5687886711357,2411.1362,2949.3687,2709.7388,2701.5999,42.404125,157.26236,4,"COPDEM30",617
"RGI2000-v7.0-G-18-01870","18","18-01","G170197E43581S",772146,749,"2000-04-13T00:00:00",170.1968577395249,-43.580588000000006,59,0.033486990491586,0,0,0,9,"",0,170.198774335383,-43.58073879100027,1872.6656,2047.9661,1966.4814,1962.6726,31.738897,106.804756,3,"COPDEM30",320
"RGI2000-v7.0-G-18-01871","18","18-01","G170307E43519S",772142,749,"2000-04-13T00:00:00",170.17238288055256,-43.5879725,59,85.66414829091487,0,0,0,9,"",0,170.18660199810404,-43.67507128430055,698.3837,3632.8743,1932.7744,1804.648,18.147955,140.43341,4,"COPDEM90",26182
"RGI2000-v7.0-G-18-01872","18","18-01","G170306E43520S",772143,749,"2000-04-13T00:00:00",170.1790809934285,-43.601783999999995,59,0.052549355049694,0,0,0,9,"",0,170.18010184506147,-43.602511561504244,2081.46,2338.8682,2202.2415,2206.026,39.617058,128.8074,4,"COPDEM30",313
"RGI2000-v7.0-G-18-01873","18","18-01","G170163E43605S",772136,749,"2000-04-13T00:00:00",170.16286795894348,-43.6052155,59,0.011702884530411,0,0,0,9,"",0,170.16342709309762,-43.605990409507925,2391.5652,2602.422,2490.9775,2497.7324,46.259377,126.2307,4,"COPDEM30",215
"RGI2000-v7.0-G-18-01874","18","18-01","G170128E43564S",772088,749,"2000-04-13T00:00:00",170.12231911324045,-43.5596465,59,6.039813197639229,0,0,0,9,"",0,170.05580088440868,-43.55044201489662,730.5063,3420.5205,1596.6731,1773.8951,23.796799,263.33106231689453,7,"COPDEM30",9562
"RGI2000-v7.0-G-18-01875","18","18-01","G170100E43565S",772066,749,"2000-04-13T00:00:00",170.09972393652038,-43.563543,59,0.063355068164847,0,0,0,9,"",0,170.0976587606955,-43.56255939389016,1951.779,2120.4067,2058.9717,2057.3728,22.543013,320.1541557312012,8,"COPDEM30",292
"RGI2000-v7.0-G-18-01876","18","18-01","G170096E43567S",772056,749,"2000-04-13T00:00:00",170.09682109042552,-43.566640500000005,59,0.033033253368073,0,0,0,9,"",0,170.09636971117203,-43.567980315839606,2025.4933,2163.326,2132.3225,2122.1616,27.811308,194.74859619140625,5,"COPDEM30",258
"RGI2000-v7.0-G-18-01877","18","18-01","G170099E43568S",772062,749,"2000-04-13T00:00:00",170.09915023523985,-43.5682545,59,0.015763212899894,0,0,0,9,"",0,170.0984625021715,-43.569510416356145,1762.6346,1941.565,1865.5773,1858.6381,42.906555,156.86682,4,"COPDEM30",249
"RGI2000-v7.0-G-18-01878","18","18-01","G170083E43573S",772025,749,"2000-04-13T00:00:00",170.0855380055021,-43.570040500000005,59,0.13880549008591,0,0,0,9,"",0,170.07824969864265,-43.571502573697956,1541.5947,2004.6785,1650.56,1676.5232,35.315155,192.1689453125,5,"COPDEM30",1046
"RGI2000-v7.0-G-18-01879","18","18-01","G170081E43567S",772012,749,"2000-04-13T00:00:00",170.08108201988637,-43.564053,59,0.016159038968765,0,0,0,9,"",0,170.07988706816516,-43.56386763069321,1670.5576,1750.9257,1707.0562,1706.3848,28.158781,318.47715759277344,8,"COPDEM30",210
"RGI2000-v7.0-G-18-01880","18","18-01","G170074E43570S",772006,749,"2000-04-13T00:00:00",170.0757492361111,-43.5686015,59,0.019733800213734,0,0,0,9,"",0,170.07539391598752,-43.56913359812126,1829.8137,1899.0294,1859.0219,1861.219,27.858952,161.81491,5,"COPDEM30",126
"RGI2000-v7.0-G-18-01881","18","18-01","G170119E43576S",771962,749,"2000-04-13T00:00:00",170.05691130080038,-43.577174,59,7.142663764762458,0,0,0,9,"",0,170.0367562579637,-43.577385807055094,853.5559,3313.2058,1833.9677,1815.602,21.676224,276.0436782836914,7,"COPDEM30",9897
"RGI2000-v7.0-G-18-01882","18","18-01","G170064E43592S",771986,749,"2000-04-13T00:00:00",170.0635979778282,-43.5900585,59,0.100186120144702,0,0,0,9,"",0,170.06017675203543,-43.58878601450934,1457.0314,1733.8474,1570.6958,1572.2579,26.228031,298.03599548339844,8,"COPDEM30",650
"RGI2000-v7.0-G-18-01883","18","18-01","G170072E43590S",772000,749,"2000-04-13T00:00:00",170.07243127234912,-43.5895355,59,0.077935835071238,0,0,0,9,"",0,170.07146124200824,-43.58755728378523,1804.4144,2230.662,1974.596,1991.4178,37.03096,302.6885414123535,8,"COPDEM30",747
"RGI2000-v7.0-G-18-01884","18","18-01","G170076E43595S",772009,749,"2000-04-13T00:00:00",170.0783837412088,-43.594789500000005,59,0.285783913578038,0,0,0,9,"",0,170.06968102662069,-43.5941543903067,2080.0205,2667.6028,2364.8145,2375.929,34.535618,260.33018493652344,7,"COPDEM30",1105
"RGI2000-v7.0-G-18-01885","18","18-01","G170078E43599S",772010,749,"2000-04-13T00:00:00",170.0778559925167,-43.5985115,59,0.021885268555855,0,0,0,9,"",0,170.07728560092556,-43.60007124697769,2174.2788,2364.4536,2251.02,2261.469,32.28648,224.15240478515625,6,"COPDEM30",376
"RGI2000-v7.0-G-18-01886","18","18-01","G170080E43607S",771997,749,"2000-04-13T00:00:00",170.06895119002016,-43.596829,59,0.013586723658356,0,0,0,9,"",0,170.068502258271,-43.5974680561853,1922.118,2079.5593,2000.524,1999.434,48.283962,155.09425,4,"COPDEM30",182
"RGI2000-v7.0-G-18-01887","18","18-01","G170081E43606S",771959,749,"2000-04-13T00:00:00",170.0563674316964,-43.6015845,59,1.136250803948795,0,0,0,9,"",0,170.04471095168438,-43.594901805484305,1162.5759,2232.258,1583.6848,1607.3579,23.68361,298.84063720703125,8,"COPDEM30",3473
"RGI2000-v7.0-G-18-01888","18","18-01","G170049E43611S",771978,749,"2000-04-13T00:00:00",170.062354505079,-43.608284999999995,59,0.072626656710316,0,0,0,9,"",0,170.06010486052207,-43.610026552542124,1622.7166,1973.3898,1787.9288,1801.8389,38.117096,187.06021118164065,5,"COPDEM30",651
"RGI2000-v7.0-G-18-01889","18","18-01","G170049E43610S",771981,749,"2000-04-13T00:00:00",170.0633326023707,-43.6104795,59,0.2567349455814,0,0,0,9,"",0,170.05757957816917,-43.61431282633963,1259.9698,1996.4353,1598.6248,1611.0525,32.093094,197.76007080078125,5,"COPDEM30",1602
"RGI2000-v7.0-G-18-01890","18","18-01","G170048E43611S",771956,749,"2000-04-13T00:00:00",170.05454214045938,-43.609682,59,0.201957771212224,0,0,0,9,"",0,170.05083617173557,-43.61300975226197,1462.6449,1955.0524,1725.2013,1720.1942,30.821558,174.73386,5,"COPDEM30",932
"RGI2000-v7.0-G-18-01891","18","18-01","G170049E43609S",771944,749,"2000-04-13T00:00:00",170.04916999768844,-43.6086455,59,0.113533963549229,0,0,0,9,"",0,170.04717820548595,-43.61053675053323,1783.3204,2025.378,1912.7075,1912.006,38.188396,165.3784,5,"COPDEM30",459
"RGI2000-v7.0-G-18-01892","18","18-01","G170042E43611S",771933,749,"2000-04-13T00:00:00",170.04148262234042,-43.610925,59,0.043215853613739,0,0,0,9,"",0,170.03893341710588,-43.61346942580878,1356.3438,1818.241,1687.6018,1630.5216,40.688923,173.37227,5,"COPDEM30",617
"RGI2000-v7.0-G-18-01893","18","18-01","G170039E43609S",771930,749,"2000-04-13T00:00:00",170.03896501610117,-43.60874,59,0.034610544793958,0,0,0,9,"",0,170.03842738920125,-43.61014910268403,1738.2839,1973.3922,1864.8059,1857.2582,45.126896,161.96553,5,"COPDEM30",369
"RGI2000-v7.0-G-18-01894","18","18-01","G170027E43611S",771921,749,"2000-04-13T00:00:00",170.0363764894137,-43.6072645,59,0.12165443794025,0,0,0,9,"",0,170.03437493203148,-43.61042646137534,1857.0153,2257.656,2082.121,2077.5737,36.243965,221.18682861328125,6,"COPDEM30",797
"RGI2000-v7.0-G-18-01895","18","18-01","G170026E43612S",771911,749,"2000-04-13T00:00:00",170.0330403722583,-43.6078895,59,0.025562573692122,0,0,0,9,"",0,170.03185692121625,-43.60894750883127,1762.4756,1978.0103,1841.8269,1850.3108,33.6349,222.47254943847656,6,"COPDEM30",329
"RGI2000-v7.0-G-18-01896","18","18-01","G170034E43603S",771917,749,"2000-04-13T00:00:00",170.03515089325361,-43.6019105,59,0.238034567400888,0,0,0,9,"",0,170.03572398680092,-43.59894567195143,1979.6536,2284.7065,2155.9014,2153.4546,34.19469,37.41442,2,"COPDEM30",445
"RGI2000-v7.0-G-18-01897","18","18-01","G170029E43602S",771894,749,"2000-04-13T00:00:00",170.02928993397194,-43.6021075,59,0.017418777059565,0,0,0,9,"",0,170.0278202285579,-43.60234545918948,2078.7246,2247.424,2184.0283,2177.681,42.38573,217.172607421875,6,"COPDEM30",227
"RGI2000-v7.0-G-18-01898","18","18-01","G170033E43604S",771893,749,"2000-04-13T00:00:00",170.0290219462554,-43.5990025,59,0.169617096431927,0,0,0,9,"",0,170.02860449709107,-43.595874947445374,1999.3251,2278.8208,2166.24,2160.0823,32.600414,34.402855,2,"COPDEM30",784
"RGI2000-v7.0-G-18-01899","18","18-01","G170026E43599S",771883,749,"2000-04-13T00:00:00",170.02604981013363,-43.599425,59,0.010832402541988,0,0,0,9,"",0,170.0251019002673,-43.60027634107579,2200.0625,2271.507,2264.4756,2258.2305,20.936453,198.1326446533203,5,"COPDEM30",196
"RGI2000-v7.0-G-18-01900","18","18-01","G170025E43599S",771874,749,"2000-04-13T00:00:00",170.02349514113598,-43.599046,59,0.023664085624582,0,0,0,9,"",0,170.02120319008125,-43.599656681956574,2016.7036,2278.302,2118.9731,2134.6877,37.7479,232.2880401611328,6,"COPDEM30",373
"RGI2000-v7.0-G-18-01901","18","18-01","G170019E43600S",771862,749,"2000-04-13T00:00:00",170.01939725856695,-43.600288000000006,59,0.010203545461879,0,0,0,9,"",0,170.01846418742213,-43.60100089260375,1817.6136,1940.729,1878.5323,1879.8236,42.39895,260.6464157104492,7,"COPDEM30",192
"RGI2000-v7.0-G-18-01902","18","18-01","G170018E43602S",771858,749,"2000-04-13T00:00:00",170.0183609868421,-43.6021985,59,0.013157067908981,0,0,0,9,"",0,170.01753956551966,-43.602425736281006,1739.5651,1868.9573,1804.5967,1806.5143,32.39145,251.01749420166016,7,"COPDEM30",196
"RGI2000-v7.0-G-18-01903","18","18-01","G170007E43604S",771848,749,"2000-04-13T00:00:00",170.01503562133536,-43.6019445,59,0.192394375318973,0,0,0,9,"",0,170.01237480279923,-43.60638645572087,1296.4662,1980.146,1658.0894,1644.4521,33.255695,190.9086151123047,5,"COPDEM30",1160
"RGI2000-v7.0-G-18-01904","18","18-01","G170016E43609S",771863,749,"2000-04-13T00:00:00",170.01945746014522,-43.609297,59,0.40457507348603,0,0,0,9,"",0,170.00165875006667,-43.60983973194065,1041.2267,1385.4766,1151.0012,1163.1902,16.75392,236.6636505126953,6,"COPDEM30",1979
"RGI2000-v7.0-G-18-01905","18","18-01","G170000E43602S",771821,749,"2000-04-13T00:00:00",170.00021210706603,-43.6000345,59,0.059368628541376,0,0,0,9,"",0,169.99844132441604,-43.60315210129614,1361.3458,1850.7865,1597.7266,1600.8646,36.1892,179.0441,5,"COPDEM30",798
"RGI2000-v7.0-G-18-01906","18","18-01","G169996E43596S",771812,749,"2000-04-13T00:00:00",169.995968873839,-43.596017,59,0.365466329253804,0,0,0,9,"",0,169.99233631100864,-43.59738463800078,1689.7963,2057.6948,1897.3207,1891.2327,31.234777,242.017692565918,6,"COPDEM30",694
"RGI2000-v7.0-G-18-01907","18","18-01","G169993E43590S",771809,749,"2000-04-13T00:00:00",169.99254380719424,-43.590349,59,0.010936255009758,0,0,0,9,"",0,169.99225836037056,-43.58982757300126,1888.4219,1973.6783,1931.1167,1932.3384,30.067389,344.5481147766113,1,"COPDEM30",175
"RGI2000-v7.0-G-18-01908","18","18-01","G169986E43595S",771805,749,"2000-04-13T00:00:00",169.98632820264228,-43.59523,59,0.352816217910429,0,0,0,9,"",0,169.98442870953826,-43.59878378065203,1429.7224,2013.7329,1608.3314,1635.9658,32.440495,176.74968,5,"COPDEM30",1134
"RGI2000-v7.0-G-18-01909","18","18-01","G169983E43593S",771803,749,"2000-04-13T00:00:00",169.98310060793835,-43.593030999999996,59,0.049965026430236,0,0,0,9,"",0,169.98144754675306,-43.59485277313689,1786.0145,2098.2249,1968.6561,1960.3461,45.87727,148.40906,4,"COPDEM30",397
"RGI2000-v7.0-G-18-01910","18","18-01","G169976E43588S",771797,749,"2000-04-13T00:00:00",169.97711399801904,-43.5878815,59,0.03061273906827,0,0,0,9,"",0,169.97563836409657,-43.58811772597853,1669.3995,1864.3746,1731.8785,1736.3876,35.78474,279.5789566040039,7,"COPDEM30",305
"RGI2000-v7.0-G-18-01911","18","18-01","G169974E43587S",771791,749,"2000-04-13T00:00:00",169.97430682505333,-43.5865985,59,0.01423880030515,0,0,0,9,"",0,169.9735157661732,-43.58612880076462,1509.839,1612.9985,1560.134,1562.854,35.098183,280.3289489746094,7,"COPDEM30",146
"RGI2000-v7.0-G-18-01912","18","18-01","G169974E43585S",771790,749,"2000-04-13T00:00:00",169.97311160092795,-43.5850755,59,0.016207720196439,0,0,0,9,"",0,169.97150967335165,-43.5848403675595,1446.536,1579.4318,1489.8145,1495.9115,32.90842,245.46117401123047,6,"COPDEM30",228
"RGI2000-v7.0-G-18-01913","18","18-01","G169969E43595S",771783,749,"2000-04-13T00:00:00",169.96900412877642,-43.5951055,59,0.013295679360469,0,0,0,9,"",0,169.96901570615486,-43.59456901367144,1867.1603,1999.6587,1936.6628,1936.198,33.85951,334.876745223999,8,"COPDEM30",187
"RGI2000-v7.0-G-18-01914","18","18-01","G169966E43598S",771774,749,"2000-04-13T00:00:00",169.96732016901407,-43.598076,59,0.019715196321096,0,0,0,9,"",0,169.96682684082862,-43.598932039325035,1924.0037,2041.9274,1999.9906,1994.4766,28.248518,200.2352600097656,5,"COPDEM30",246
"RGI2000-v7.0-G-18-01915","18","18-01","G169966E43605S",771772,749,"2000-04-13T00:00:00",169.96580300973392,-43.6029125,59,0.186982949228825,0,0,0,9,"",0,169.96799548250294,-43.60703509229553,1535.1759,1952.4425,1640.7167,1664.129,27.982676,138.40344,4,"COPDEM30",1050
"RGI2000-v7.0-G-18-01916","18","18-01","G169970E43604S",771787,749,"2000-04-13T00:00:00",169.96993328040833,-43.603567,59,0.022646278281129,0,0,0,9,"",0,169.97090771880434,-43.60448016121883,1496.2648,1621.636,1546.374,1549.0691,31.42789,174.07811,5,"COPDEM30",223
"RGI2000-v7.0-G-18-01917","18","18-01","G169973E43597S",771795,749,"2000-04-13T00:00:00",169.9746061818182,-43.596494,59,0.438521831893378,0,0,0,9,"",0,169.97722504308084,-43.597847192595225,1703.88,2056.9001,1922.4983,1908.9645,32.463844,147.92508,4,"COPDEM30",830
"RGI2000-v7.0-G-18-01918","18","18-01","G169986E43597S",771804,749,"2000-04-13T00:00:00",169.98456240350876,-43.601567,59,0.025261174038591,0,0,0,9,"",0,169.98376742108232,-43.6029182188961,1168.9495,1281.4031,1217.8741,1218.4496,23.063099,188.0962677001953,5,"COPDEM30",328
"RGI2000-v7.0-G-18-01919","18","18-01","G169961E43609S",771761,749,"2000-04-13T00:00:00",169.96123965313225,-43.6092955,59,0.092305214804586,0,0,0,9,"",0,169.9629232841091,-43.6107725548638,1756.5182,1999.865,1871.9528,1876.1871,29.004953,137.06549,4,"COPDEM30",485
"RGI2000-v7.0-G-18-01920","18","18-01","G169921E43572S",771702,749,"2000-04-13T00:00:00",169.92089031414343,-43.5736035,59,0.023548428061094,0,0,0,9,"",0,169.92008716298346,-43.574633304679196,1596.1082,1778.0487,1715.4954,1711.9279,40.217453,182.3273162841797,5,"COPDEM30",333
"RGI2000-v7.0-G-18-01921","18","18-01","G169919E43573S",771697,749,"2000-04-13T00:00:00",169.91880109019957,-43.572525999999996,59,0.012712028970437,0,0,0,9,"",0,169.91905162647421,-43.57321212817107,1711.6178,1831.7222,1756.6433,1759.797,40.33923,176.33995,5,"COPDEM30",164
"RGI2000-v7.0-G-18-01922","18","18-01","G170084E43540S",772019,749,"2000-04-13T00:00:00",170.08337036250765,-43.540645,59,0.0166817435764,0,0,0,9,"",0,170.08295238675547,-43.54121787882238,1548.0236,1570.2413,1556.5857,1556.7505,17.445114,221.4685516357422,6,"COPDEM30",152
"RGI2000-v7.0-G-18-01923","18","18-01","G170088E43537S",772028,749,"2000-04-13T00:00:00",170.08830563260057,-43.5374095,59,0.015330794843879,0,0,0,9,"",0,170.0873810918583,-43.537468560174204,1843.7087,1903.141,1877.1815,1876.7026,27.672607,228.66114807128903,6,"COPDEM30",183
"RGI2000-v7.0-G-18-01924","18","18-01","G170099E43539S",772055,749,"2000-04-13T00:00:00",170.09711613669566,-43.5386965,59,0.070937247585208,0,0,0,9,"",0,170.09454140517397,-43.539965101410864,1723.0022,2044.5219,1867.459,1873.3518,36.662502,196.3423309326172,5,"COPDEM30",656
"RGI2000-v7.0-G-18-01925","18","18-01","G170105E43529S",772076,749,"2000-04-13T00:00:00",170.10555215826258,-43.5272085,59,0.223053310682866,0,0,0,9,"",0,170.0979778572439,-43.52323817856069,1820.7091,2115.7524,2016.6066,2003.2633,20.619455,311.57283782958984,8,"COPDEM30",943
"RGI2000-v7.0-G-18-01926","18","18-01","G170150E43470S",772119,749,"2000-04-13T00:00:00",170.1497664670786,-43.4671505,59,0.436382147761904,0,0,0,9,"JALF",0,170.1555959779017,-43.46649740362235,1581.9059,1759.6196,1674.0905,1670.3116,15.797236,62.00115,2,"COPDEM30",1210
"RGI2000-v7.0-G-18-01927","18","18-01","G170152E43461S",772121,749,"2000-04-13T00:00:00",170.15207611746987,-43.4613585,59,0.042240319408716,0,0,0,9,"",0,170.15173880699246,-43.462813512105825,1769.5175,1965.1714,1887.403,1884.6544,30.359901,185.17800903320312,5,"COPDEM30",338
"RGI2000-v7.0-G-18-01928","18","18-01","G170148E43461S",772117,749,"2000-04-13T00:00:00",170.14911502941175,-43.4597325,59,0.065793691362928,0,0,0,9,"",0,170.14748836530947,-43.46126321570644,1789.8512,1939.5156,1886.4475,1880.1246,25.452085,227.16094970703125,6,"COPDEM30",332
"RGI2000-v7.0-G-18-01929","18","18-01","G170155E43461S",772125,749,"2000-04-13T00:00:00",170.15438093833643,-43.4591625,59,0.027879665837578,0,0,0,9,"",0,170.15583145777757,-43.45975315040947,1705.155,1834.5867,1755.5424,1760.168,28.422651,110.71826,3,"COPDEM30",252
"RGI2000-v7.0-G-18-01930","18","18-01","G170225E43495S",772160,749,"2000-04-13T00:00:00",170.23265210812667,-43.486127499999995,59,33.436221605027335,0,0,0,9,"",0,170.17270149542523,-43.441522092049965,268.73907,2825.3525,2157.0244,2035.3892,14.887673,346.67851066589355,1,"COPDEM90",11418
"RGI2000-v7.0-G-18-01931","18","18-01","G170268E43482S",772187,749,"2000-04-13T00:00:00",170.2676804046154,-43.481995999999995,59,0.265341641082108,0,0,0,9,"",0,170.27881239420665,-43.480286989361886,1359.8463,2252.5933,1808.8622,1811.8658,36.40286,70.99865,3,"COPDEM30",1367
"RGI2000-v7.0-G-18-01932","18","18-01","G170269E43486S",772188,749,"2000-04-13T00:00:00",170.2689254173152,-43.485993,59,0.0324940547436,0,0,0,9,"",0,170.26783210673656,-43.48449425672059,2169.05,2321.0317,2281.7268,2271.2905,36.28127,46.610012,2,"COPDEM30",240
"RGI2000-v7.0-G-18-01933","18","18-01","G170286E43494S",772235,749,"2000-04-13T00:00:00",170.30716460438595,-43.4828495,59,8.913344012574829,0,0,0,9,"",0,170.27888311433458,-43.45703389988039,776.04736,3060.6206,2108.8105,2020.7509,26.372019,332.8348426818848,8,"COPDEM30",7641
"RGI2000-v7.0-G-18-01934","18","18-01","G170341E43475S",772289,749,"2000-04-13T00:00:00",170.3286520909091,-43.480592,59,0.114953514250082,0,0,0,9,"",0,170.3285919853067,-43.47820682714456,2713.7847,3082.2786,2970.9875,2952.3418,37.686207,27.438871,2,"COPDEM30",434
"RGI2000-v7.0-G-18-01935","18","18-01","G170340E43475S",772280,749,"2000-04-13T00:00:00",170.327225301105,-43.475646499999996,59,0.181421191350779,0,0,0,9,"",0,170.328290044618,-43.47315037393904,2319.0325,2711.7744,2552.8682,2535.1355,35.295265,10.326886,1,"COPDEM30",595
"RGI2000-v7.0-G-18-01936","18","18-01","G170344E43456S",772320,749,"2000-04-13T00:00:00",170.34376937516933,-43.4558355,59,0.107964767233504,0,0,0,9,"",0,170.3401884506291,-43.456264063235565,1930.2765,2244.0698,2111.0176,2107.4504,31.012848,269.6091842651367,7,"COPDEM30",577
"RGI2000-v7.0-G-18-01937","18","18-01","G170348E43457S",772328,749,"2000-04-13T00:00:00",170.3483999576156,-43.455336,59,0.018975182552457,0,0,0,9,"",0,170.3496797643327,-43.456025306531735,1950.5417,2108.0322,2027.888,2022.4342,38.956657,127.695526,4,"COPDEM30",213
"RGI2000-v7.0-G-18-01938","18","18-01","G170345E43452S",772322,749,"2000-04-13T00:00:00",170.3448178761398,-43.451501,59,0.028074510974033,0,0,0,9,"",0,170.34384994515267,-43.451105308526415,2191.357,2290.7275,2217.077,2223.741,15.878473,331.72721672058105,8,"COPDEM30",316
"RGI2000-v7.0-G-18-01939","18","18-01","G170341E43452S",772314,749,"2000-04-13T00:00:00",170.34135255132787,-43.451285999999996,59,0.030919136380207,0,0,0,9,"",0,170.34054877587636,-43.45179486713059,1899.1407,2026.8896,1957.8053,1957.2117,39.58741,243.05681610107425,6,"COPDEM30",161
"RGI2000-v7.0-G-18-01940","18","18-01","G170347E43446S",772333,749,"2000-04-13T00:00:00",170.34989957624515,-43.446687499999996,59,0.766837600883543,0,0,0,9,"",0,170.35752715613623,-43.4459763961591,1454.6812,2305.4485,2071.65,1986.1404,31.27654,90.735275,3,"COPDEM30",1457
"RGI2000-v7.0-G-18-01941","18","18-01","G170349E43441S",772331,749,"2000-04-13T00:00:00",170.34898883535618,-43.4406605,59,0.040518620878066,0,0,0,9,"",0,170.35062186831598,-43.4417150483011,1916.4818,2252.425,2110.212,2104.844,42.25096,100.25526,3,"COPDEM30",435
"RGI2000-v7.0-G-18-01942","18","18-01","G170351E43440S",772335,749,"2000-04-13T00:00:00",170.35096149039938,-43.4391385,59,0.092087206293374,0,0,0,9,"",0,170.35350419830425,-43.440222588733704,1796.8512,2192.032,1963.9906,1977.3287,38.73737,107.55461,3,"COPDEM30",497
"RGI2000-v7.0-G-18-01943","18","18-01","G170351E43438S",772343,749,"2000-04-13T00:00:00",170.35605704424944,-43.4367895,59,0.131251301705718,0,0,0,9,"",0,170.35856379013921,-43.43865493288941,1512.9471,2018.2897,1759.7017,1766.2347,32.276897,99.77398,3,"COPDEM30",791
"RGI2000-v7.0-G-18-01944","18","18-01","G170359E43446S",772347,749,"2000-04-13T00:00:00",170.3587662827939,-43.4438325,59,0.08626407081293,0,0,0,9,"",0,170.3614417290727,-43.44554075813077,1251.011,1516.2274,1375.8859,1380.2592,27.265942,121.271835,4,"COPDEM30",561
"RGI2000-v7.0-G-18-01945","18","18-01","G170346E43434S",772324,749,"2000-04-13T00:00:00",170.3463371480422,-43.4341175,59,0.179366198284224,0,0,0,9,"",0,170.3481272311832,-43.43242434925859,1834.0061,2134.0112,2009.5254,1999.4087,28.49224,31.163563,2,"COPDEM30",547
"RGI2000-v7.0-G-18-01946","18","18-01","G170341E43438S",772313,749,"2000-04-13T00:00:00",170.34118697676223,-43.435843,59,0.63890715173244,0,0,0,9,"",0,170.33853589322854,-43.43011717824073,1668.815,2271.961,1991.0701,1987.1212,25.17784,347.54354095458984,1,"COPDEM30",1366
"RGI2000-v7.0-G-18-01947","18","18-01","G170328E43436S",772283,749,"2000-04-13T00:00:00",170.32771568577604,-43.432745,59,0.165047991038407,0,0,0,9,"",0,170.32656418887305,-43.429351656410134,1714.2993,2122.6782,2001.4226,1987.2753,28.935295,5.93378,1,"COPDEM30",733
"RGI2000-v7.0-G-18-01948","18","18-01","G170323E43430S",772276,749,"2000-04-13T00:00:00",170.32440364859696,-43.4301605,59,0.023755509215987,0,0,0,9,"",0,170.32490311182426,-43.42963185532781,1788.4912,1895.3242,1811.4869,1815.9486,24.894972,21.470135,1,"COPDEM30",199
"RGI2000-v7.0-G-18-01949","18","18-01","G170321E43437S",772270,749,"2000-04-13T00:00:00",170.3220109083334,-43.434400999999994,59,0.082863697650528,0,0,0,9,"",0,170.31919261372727,-43.4350373980844,1834.0525,2083.3203,1987.4202,1975.2217,32.07638,268.7472152709961,7,"COPDEM30",422
"RGI2000-v7.0-G-18-01950","18","18-01","G170317E43434S",772256,749,"2000-04-13T00:00:00",170.31667437452472,-43.4344655,59,0.01489626855961,0,0,0,9,"",0,170.31578469372113,-43.43426557930943,1650.9175,1717.2275,1674.5768,1675.8613,23.800743,272.5657043457031,7,"COPDEM30",218
"RGI2000-v7.0-G-18-01951","18","18-01","G170320E43441S",772262,749,"2000-04-13T00:00:00",170.31952792103004,-43.440549000000004,59,0.013167252203014,0,0,0,9,"",0,170.31966464407142,-43.441576899912896,1747.3041,1897.0392,1810.1809,1811.7538,35.94073,185.75753784179688,5,"COPDEM30",224
"RGI2000-v7.0-G-18-01952","18","18-01","G170329E43442S",772288,749,"2000-04-13T00:00:00",170.3292873244382,-43.442366,59,1.488055318184756,0,0,0,9,"",0,170.3323058702967,-43.44708413202882,1661.7172,2245.466,1922.5254,1927.6895,25.410063,213.18038940429688,6,"COPDEM30",1396
"RGI2000-v7.0-G-18-01953","18","18-01","G170352E43437S",772334,749,"2000-04-13T00:00:00",170.3510394755639,-43.428408000000005,59,0.427724002100453,0,0,0,9,"",0,170.35620378098827,-43.42874432152089,1518.4882,1935.5026,1702.1282,1714.8932,25.38417,104.97825,3,"COPDEM30",1142
"RGI2000-v7.0-G-18-01954","18","18-01","G170352E43424S",772336,749,"2000-04-13T00:00:00",170.3521417736827,-43.424015999999995,59,0.079987937496654,0,0,0,9,"",0,170.35453006797331,-43.4258636949303,1701.1289,2071.4749,1943.4713,1922.9762,34.21904,132.9792,4,"COPDEM30",555
"RGI2000-v7.0-G-18-01955","18","18-01","G170354E43422S",772338,749,"2000-04-13T00:00:00",170.35309125,-43.421081,59,0.067843320055775,0,0,0,9,"",0,170.35558287767142,-43.42220092961346,1766.2167,2086.5747,1926.7278,1928.4622,38.08501,112.965004,4,"COPDEM30",437
"RGI2000-v7.0-G-18-01956","18","18-01","G170357E43418S",772346,749,"2000-04-13T00:00:00",170.35940683513365,-43.4190665,59,0.654831881619077,0,0,0,9,"",0,170.36569275351152,-43.42579815174656,1109.3413,2186.7314,1798.2241,1759.1094,30.477463,120.666214,4,"COPDEM30",2150
"RGI2000-v7.0-G-18-01957","18","18-01","G170361E43415S",772352,749,"2000-04-13T00:00:00",170.3614356864865,-43.414827,59,0.301257204415705,0,0,0,9,"",0,170.36533423962402,-43.41902436270405,1522.445,2077.7886,1791.3168,1805.1486,30.406317,118.55021,4,"COPDEM30",1133
"RGI2000-v7.0-G-18-01958","18","18-01","G170364E43411S",772358,749,"2000-04-13T00:00:00",170.36337285080646,-43.410253,59,0.11474828445752,0,0,0,9,"",0,170.36563396413624,-43.412056640834194,1683.7896,1936.7383,1844.9033,1840.6932,32.096222,136.27061,4,"COPDEM30",452
"RGI2000-v7.0-G-18-01959","18","18-01","G170356E43411S",772342,749,"2000-04-13T00:00:00",170.35622398456223,-43.4107765,59,0.031439419692669,0,0,0,9,"",0,170.35836224112052,-43.409974895804865,1944.7351,2075.0227,2022.518,2020.9719,28.044395,2.2017193,1,"COPDEM30",281
"RGI2000-v7.0-G-18-01960","18","18-01","G170352E43405S",772330,749,"2000-04-13T00:00:00",170.34874878255815,-43.408293,59,0.802796635062696,0,0,0,9,"",0,170.35204186831194,-43.40158563353544,1635.9131,2173.531,1851.3761,1859.2429,23.010494,40.199852,2,"COPDEM30",1638
"RGI2000-v7.0-G-18-01961","18","18-01","G170342E43404S",772317,749,"2000-04-13T00:00:00",170.34326784080775,-43.405201500000004,59,0.260381902766605,0,0,0,9,"",0,170.340644887073,-43.401148463575346,1791.0596,2131.1228,1927.3181,1938.5122,23.191103,353.6257758140564,1,"COPDEM30",965
"RGI2000-v7.0-G-18-01962","18","18-01","G170338E43408S",772309,749,"2000-04-13T00:00:00",170.3385645218206,-43.407700500000004,59,0.246018115615145,0,0,0,9,"",0,170.33567564266252,-43.40498856492319,1739.2943,2149.6084,2001.5131,1984.1245,28.489162,329.16257095336914,8,"COPDEM30",803
"RGI2000-v7.0-G-18-01963","18","18-01","G170331E43412S",772293,749,"2000-04-13T00:00:00",170.33139055421384,-43.41209550000001,59,0.243731091444808,0,0,0,9,"",0,170.3316149266827,-43.41461982315898,1618.9084,2187.5254,1903.2479,1910.5068,31.502672,189.8824615478516,5,"COPDEM30",1310
"RGI2000-v7.0-G-18-01964","18","18-01","G170329E43410S",772287,749,"2000-04-13T00:00:00",170.329185658,-43.4102045,59,0.300999354062926,0,0,0,9,"",0,170.32351547436463,-43.4126321539638,1524.8032,2075.9585,1848.7612,1835.9307,32.401157,214.1898193359375,6,"COPDEM30",957
"RGI2000-v7.0-G-18-01965","18","18-01","G170338E43417S",772300,749,"2000-04-13T00:00:00",170.3339405488783,-43.416303,59,0.353416796115633,0,0,0,9,"",0,170.33219285783392,-43.416977436533976,1490.3218,2131.6965,1730.6155,1742.3217,32.067184,228.8350830078125,6,"COPDEM30",1136
"RGI2000-v7.0-G-18-01966","18","18-01","G170332E43421S",772296,749,"2000-04-13T00:00:00",170.3315352234694,-43.4206455,59,0.060279629719342,0,0,0,9,"",0,170.32862676370064,-43.42179171088385,1201.4404,1375.3811,1253.8231,1265.2708,18.609535,218.38043212890625,6,"COPDEM30",562
"RGI2000-v7.0-G-18-01967","18","18-01","G170345E43421S",772321,749,"2000-04-13T00:00:00",170.34514375887574,-43.421462000000005,59,0.176885094516585,0,0,0,9,"",0,170.3420773040069,-43.42251404126021,1715.9723,1945.2723,1840.4086,1839.7828,24.926323,241.9732437133789,6,"COPDEM30",565
"RGI2000-v7.0-G-18-01968","18","18-01","G170358E43426S",772345,749,"2000-04-13T00:00:00",170.35812687106704,-43.425675,59,0.043750690065856,0,0,0,9,"",0,170.36319355763698,-43.42760143027682,1231.5597,1667.7406,1365.4154,1411.3829,30.455671,116.1521,4,"COPDEM30",773
"RGI2000-v7.0-G-18-01969","18","18-01","G170369E43404S",772361,749,"2000-04-13T00:00:00",170.36805893561552,-43.404433,59,0.171439999935986,0,0,0,9,"",0,170.37228598917255,-43.407956546580344,1477.827,1886.2189,1689.403,1680.3396,28.769896,133.3895,4,"COPDEM30",965
"RGI2000-v7.0-G-18-01970","18","18-01","G170363E43398S",772357,749,"2000-04-13T00:00:00",170.3631359672775,-43.3983125,59,0.012807597881251,0,0,0,9,"",0,170.36202408308236,-43.39802052995252,1868.5544,1953.9673,1913.533,1911.8857,27.038702,287.1422653198242,7,"COPDEM30",175
"RGI2000-v7.0-G-18-01971","18","18-01","G170363E43396S",772356,749,"2000-04-13T00:00:00",170.36279896586825,-43.3955775,59,0.015791176995226,0,0,0,9,"",0,170.36208580732747,-43.39564330394695,1874.2202,1939.0247,1909.3093,1908.8198,22.739132,266.2123565673828,7,"COPDEM30",148
"RGI2000-v7.0-G-18-01972","18","18-01","G170362E43394S",772351,749,"2000-04-13T00:00:00",170.36096901692176,-43.3934045,59,0.019818339919139,0,0,0,9,"",0,170.3598360698068,-43.393819335576595,1810.4642,1889.9668,1851.5386,1852.4412,18.175203,259.57703399658203,7,"COPDEM30",282
"RGI2000-v7.0-G-18-01973","18","18-01","G170349E43400S",772329,749,"2000-04-13T00:00:00",170.34901864269142,-43.4003855,59,0.028524374108177,0,0,0,9,"",0,170.34954677911225,-43.39993477952545,1630.5286,1815.6648,1676.3735,1689.377,32.875572,56.191124,2,"COPDEM30",265
"RGI2000-v7.0-G-18-01974","18","18-01","G170345E43401S",772319,749,"2000-04-13T00:00:00",170.344401,-43.40065,59,0.015214355704342,0,0,0,9,"",0,170.3453116287344,-43.40048908137601,1897.5322,1942.6108,1924.8229,1922.7019,20.574839,104.55383,3,"COPDEM30",108
"RGI2000-v7.0-G-18-01975","18","18-01","G170331E43400S",772292,749,"2000-04-13T00:00:00",170.33054505445213,-43.4000985,59,0.2556636555556,0,0,0,9,"",0,170.33349467668285,-43.39626440672073,1281.6866,1620.9792,1421.471,1421.5691,26.6599,25.595955,2,"COPDEM30",1083
"RGI2000-v7.0-G-18-01976","18","18-01","G170321E43400S",772265,749,"2000-04-13T00:00:00",170.32077325247525,-43.4000125,59,0.041216794183617,0,0,0,9,"",0,170.32166637781413,-43.39993340175014,2015.9257,2127.8594,2095.4458,2093.169,22.604616,69.684784,3,"COPDEM30",268
"RGI2000-v7.0-G-18-01977","18","18-01","G170321E43397S",772264,749,"2000-04-13T00:00:00",170.32131434975764,-43.397144499999996,59,0.073158109157285,0,0,0,9,"",0,170.32352116086767,-43.39858812342222,1846.5961,2174.2705,2016.0806,2017.7103,34.906044,95.29715,3,"COPDEM30",573
"RGI2000-v7.0-G-18-01978","18","18-01","G170323E43395S",772273,749,"2000-04-13T00:00:00",170.32285024117647,-43.3946765,59,0.043661230661465,0,0,0,9,"",0,170.32536826533504,-43.39535817245097,1622.3152,1886.6509,1755.5491,1753.1266,39.435036,76.59907,3,"COPDEM30",362
"RGI2000-v7.0-G-18-01979","18","18-01","G170323E43391S",772269,749,"2000-04-13T00:00:00",170.32162712183816,-43.392078,59,0.263954434490065,0,0,0,9,"",0,170.32604055274504,-43.392413937398686,1697.7997,2158.7207,1912.5491,1927.1571,30.171846,103.20773,3,"COPDEM30",1007
"RGI2000-v7.0-G-18-01980","18","18-01","G170315E43391S",772251,749,"2000-04-13T00:00:00",170.31506422171384,-43.391313,59,0.065307486874722,0,0,0,9,"",0,170.31796388397186,-43.390006535942,1951.1779,2104.4304,2026.5747,2023.0621,25.745504,0.24881065,1,"COPDEM30",358
"RGI2000-v7.0-G-18-01981","18","18-01","G170314E43392S",772244,749,"2000-04-13T00:00:00",170.31075197222222,-43.394330499999995,59,0.123746401119109,0,0,0,9,"",0,170.30781076246333,-43.39680513304397,1632.9021,2053.4287,1918.5999,1893.0189,32.710342,216.42388916015625,6,"COPDEM30",731
"RGI2000-v7.0-G-18-01982","18","18-01","G170307E43394S",772234,749,"2000-04-13T00:00:00",170.307241823837,-43.3935435,59,0.08050961997187,0,0,0,9,"",0,170.30668873592023,-43.395098150515146,1788.4911,2025.5444,1938.0903,1935.5101,35.151188,192.51077270507807,5,"COPDEM30",346
"RGI2000-v7.0-G-18-01983","18","18-01","G170300E43395S",772220,749,"2000-04-13T00:00:00",170.30062439441537,-43.3954775,59,0.042612716772031,0,0,0,9,"",0,170.30023460832146,-43.39700774230501,1471.9326,1674.498,1576.0814,1572.3623,31.07502,178.5908,5,"COPDEM30",358
"RGI2000-v7.0-G-18-01984","18","18-01","G170300E43392S",772218,749,"2000-04-13T00:00:00",170.30042929563797,-43.391949,59,0.011187178463249,0,0,0,9,"",0,170.29951276218475,-43.39231331553138,1905.5979,1946.0802,1930.6401,1929.4327,26.20319,171.63054,5,"COPDEM30",86
"RGI2000-v7.0-G-18-01985","18","18-01","G170296E43393S",772214,749,"2000-04-13T00:00:00",170.29626741533056,-43.392261500000004,59,0.090350926940026,0,0,0,9,"",0,170.2973424998983,-43.39375700000093,1749.9598,1972.7943,1886.4207,1876.4894,32.79571,165.83034,5,"COPDEM30",353
"RGI2000-v7.0-G-18-01986","18","18-01","G170295E43394S",772213,749,"2000-04-13T00:00:00",170.2953161013011,-43.394448,59,0.010522367391692,0,0,0,9,"",0,170.2961879089043,-43.39485755820633,1689.927,1800.8171,1729.4784,1735.1283,32.01754,150.0402,4,"COPDEM30",198
"RGI2000-v7.0-G-18-01987","18","18-01","G170288E43392S",772204,749,"2000-04-13T00:00:00",170.28888571298404,-43.391801,59,0.256158486036165,0,0,0,9,"",0,170.28839863992488,-43.39432362229437,1743.8138,1896.8141,1817.5641,1817.7075,17.123312,196.4568023681641,5,"COPDEM30",573
"RGI2000-v7.0-G-18-01988","18","18-01","G170283E43391S",772199,749,"2000-04-13T00:00:00",170.28257508667883,-43.3910745,59,0.092640128500952,0,0,0,9,"",0,170.2808656797495,-43.39214925829306,1775.055,1893.8254,1851.6919,1849.0641,22.20004,192.5050048828125,5,"COPDEM30",463
"RGI2000-v7.0-G-18-01989","18","18-01","G170300E43399S",772219,749,"2000-04-13T00:00:00",170.29970538788146,-43.39921,59,0.011413693865101,0,0,0,9,"",0,170.29921392731325,-43.39979709163655,1275.0647,1320.9619,1292.8331,1293.9736,23.662836,158.47649,5,"COPDEM30",125
"RGI2000-v7.0-G-18-01990","18","18-01","G170305E43400S",772237,749,"2000-04-13T00:00:00",170.30914607891037,-43.3999485,59,0.063212698184601,0,0,0,9,"",0,170.3044889688069,-43.399711420498186,1348.2848,1623.796,1481.8527,1475.1294,28.084515,264.2531509399414,7,"COPDEM30",597
"RGI2000-v7.0-G-18-01991","18","18-01","G170318E43400S",772253,749,"2000-04-13T00:00:00",170.3160845345812,-43.39860899999999,59,0.18891037006717,0,0,0,9,"",0,170.31343031041914,-43.40159398954353,1762.3727,2167.659,2067.9985,2035.3453,29.996,252.04776763916016,7,"COPDEM30",750
"RGI2000-v7.0-G-18-01992","18","18-01","G170314E43396S",772250,749,"2000-04-13T00:00:00",170.3141748855236,-43.395666,59,0.0940521678989,0,0,0,9,"",0,170.31195395244632,-43.397542195727155,1795.2379,2143.1863,2021.4236,2017.2175,32.568764,217.97813415527344,6,"COPDEM30",512
"RGI2000-v7.0-G-18-01993","18","18-01","G170311E43407S",772245,749,"2000-04-13T00:00:00",170.31061920580785,-43.4065935,59,0.048995440507656,0,0,0,9,"",0,170.31100020833225,-43.40546746162778,1858.2274,1968.4855,1917.6085,1919.0051,19.148912,318.88436126708984,8,"COPDEM30",179
"RGI2000-v7.0-G-18-01994","18","18-01","G170307E43410S",772247,749,"2000-04-13T00:00:00",170.31191442609514,-43.40951200000001,59,0.313592912052243,0,0,0,9,"",0,170.30248538870893,-43.412094934356716,1697.6503,1985.1101,1856.7214,1847.1857,27.589708,182.0634002685547,5,"COPDEM30",1329
"RGI2000-v7.0-G-18-01995","18","18-01","G170323E43408S",772266,749,"2000-04-13T00:00:00",170.32071289043478,-43.4062565,59,0.805391391245823,0,0,0,9,"",0,170.32293273798828,-43.41088776446823,1640.3018,2125.7876,1911.9594,1912.7207,23.620115,191.04702758789065,5,"COPDEM30",1110
"RGI2000-v7.0-G-18-01996","18","18-01","G170320E43386S",772272,749,"2000-04-13T00:00:00",170.32324149267026,-43.386174,59,0.080306452196975,0,0,0,9,"",0,170.31888653696345,-43.38573395672128,1614.4053,1811.8605,1717.8938,1718.1753,25.859983,263.40511322021484,7,"COPDEM30",562
"RGI2000-v7.0-G-18-01997","18","18-01","G170323E43383S",772275,749,"2000-04-13T00:00:00",170.32428943006994,-43.383202,59,0.050085172517691,0,0,0,9,"",0,170.32319344565425,-43.38399044767199,1858.8906,2006.8392,1934.8975,1934.4554,33.523163,201.3815460205078,5,"COPDEM30",268
"RGI2000-v7.0-G-18-01998","18","18-01","G170324E43382S",772274,749,"2000-04-13T00:00:00",170.32436893726236,-43.381733,59,0.026326082439978,0,0,0,9,"",0,170.32322789145442,-43.381017845589845,1929.0117,2010.4335,1983.7043,1981.2809,22.66736,354.91969203948975,1,"COPDEM30",306
"RGI2000-v7.0-G-18-01999","18","18-01","G170321E43382S",772263,749,"2000-04-13T00:00:00",170.32101603746398,-43.381958,59,0.012793825116038,0,0,0,9,"",0,170.31985743392082,-43.382353741360454,1939.964,1972.8514,1948.7448,1951.6273,14.84187,266.6863021850586,7,"COPDEM30",194
"RGI2000-v7.0-G-18-02000","18","18-01","G170325E43377S",772279,749,"2000-04-13T00:00:00",170.3257035154544,-43.378517,59,0.132016040718764,0,0,0,9,"",0,170.3220381903669,-43.37899436329716,1807.799,1934.3608,1848.7993,1855.7416,17.497831,312.3502082824707,8,"COPDEM30",466
"RGI2000-v7.0-G-18-02001","18","18-01","G170330E43384S",772285,749,"2000-04-13T00:00:00",170.32909513005995,-43.380275,59,0.09937357012604,0,0,0,9,"",0,170.3308890181464,-43.38275395827752,1730.2782,1947.8173,1883.3928,1872.337,31.07584,113.16434,4,"COPDEM30",401
"RGI2000-v7.0-G-18-02002","18","18-01","G170330E43377S",772290,749,"2000-04-13T00:00:00",170.33046377172664,-43.376871,59,0.028474578348258,0,0,0,9,"",0,170.3318116866129,-43.3766882490418,1884.6445,1929.4918,1908.9231,1908.2666,16.57824,21.54323,1,"COPDEM30",200
"RGI2000-v7.0-G-18-02003","18","18-01","G170327E43371S",772284,749,"2000-04-13T00:00:00",170.3285656608782,-43.3713225,59,0.015479270324474,0,0,0,9,"",0,170.32969084961786,-43.37129296044364,1655.2494,1798.2766,1741.5208,1737.2886,28.036865,78.55904,3,"COPDEM30",317
"RGI2000-v7.0-G-18-02004","18","18-01","G170323E43374S",772271,749,"2000-04-13T00:00:00",170.32308615098617,-43.373538499999995,59,0.062956811653655,0,0,0,9,"",0,170.32317829050697,-43.37416417460468,1783.5195,1856.3428,1812.7112,1813.1553,18.84679,223.65826416015625,6,"COPDEM30",308
"RGI2000-v7.0-G-18-02005","18","18-01","G170326E43367S",772278,749,"2000-04-13T00:00:00",170.32562547689514,-43.3665335,59,0.025780042536006,0,0,0,9,"",0,170.3261378997893,-43.36793503513324,1762.886,1860.362,1810.9159,1810.8833,24.618969,126.92432,4,"COPDEM30",311
"RGI2000-v7.0-G-18-02006","18","18-01","G170329E43385S",772286,749,"2000-04-13T00:00:00",170.32859389444445,-43.384973,59,0.071762834394991,0,0,0,9,"",0,170.3288856119698,-43.38667235832357,1751.8588,2009.2511,1845.3826,1858.1055,33.403618,121.67968,4,"COPDEM30",495
"RGI2000-v7.0-G-18-02007","18","18-01","G170377E43401S",772366,749,"2000-04-13T00:00:00",170.37671753856412,-43.399426,59,0.024329208874628,0,0,0,9,"",0,170.37717013975717,-43.399978310641245,1740.1398,1815.5743,1777.9735,1779.2542,25.45963,121.16636,4,"COPDEM30",216
"RGI2000-v7.0-G-18-02008","18","18-01","G170403E43443S",772396,749,"2000-04-13T00:00:00",170.40355380299962,-43.443201,59,0.047228617684561,0,0,0,9,"",0,170.40045097376213,-43.4435898607419,1835.1207,1996.0986,1890.269,1901.8003,30.65774,219.1915435791016,6,"COPDEM30",370
"RGI2000-v7.0-G-18-02009","18","18-01","G170407E43444S",772402,749,"2000-04-13T00:00:00",170.40714963493429,-43.4438075,59,0.016320866199671,0,0,0,9,"",0,170.4053569669947,-43.4442142214546,1898.8059,2052.5073,1996.2639,1983.6946,38.79111,208.47735595703125,6,"COPDEM30",290
"RGI2000-v7.0-G-18-02010","18","18-01","G170407E43447S",772403,749,"2000-04-13T00:00:00",170.40737743548388,-43.446786,59,0.014785904799347,0,0,0,9,"",0,170.4065310032007,-43.446449842437204,1707.3478,1774.5697,1749.4347,1746.9825,33.111633,244.4866180419922,6,"COPDEM30",84
"RGI2000-v7.0-G-18-02011","18","18-01","G170410E43446S",772408,749,"2000-04-13T00:00:00",170.4104717097561,-43.446106,59,0.021543527989601,0,0,0,9,"",0,170.40968186649715,-43.446567619138534,1854.8895,1985.5176,1939.1605,1931.0122,35.93895,235.1399002075196,6,"COPDEM30",172
"RGI2000-v7.0-G-18-02012","18","18-01","G170412E43445S",772414,749,"2000-04-13T00:00:00",170.4122740892857,-43.445251,59,0.012268569347439,0,0,0,9,"",0,170.4128830371124,-43.445774830045536,1973.5552,2097.4707,2033.26,2034.6849,38.66519,150.21793,4,"COPDEM30",163
"RGI2000-v7.0-G-18-02013","18","18-01","G170411E43442S",772410,749,"2000-04-13T00:00:00",170.41069249999998,-43.4410155,59,0.066052598462497,0,0,0,9,"",0,170.41057017361965,-43.43942998166826,1873.5228,2084.369,1967.6329,1974.0957,30.599731,332.9580421447754,8,"COPDEM30",425
"RGI2000-v7.0-G-18-02014","18","18-01","G170405E43447S",772397,749,"2000-04-13T00:00:00",170.4035077638005,-43.4466915,59,0.033613955867035,0,0,0,9,"",0,170.40385135048453,-43.44751445138222,1564.9868,1687.502,1613.6287,1617.7131,32.98391,210.69483947753903,6,"COPDEM30",238
"RGI2000-v7.0-G-18-02015","18","18-01","G170402E43448S",772394,749,"2000-04-13T00:00:00",170.4019002273463,-43.4484085,59,0.032778616844404,0,0,0,9,"",0,170.40067118420353,-43.4488197181753,1453.1985,1555.4573,1482.6318,1487.1669,22.678255,214.4462280273437,6,"COPDEM30",289
"RGI2000-v7.0-G-18-02016","18","18-01","G170407E43451S",772404,749,"2000-04-13T00:00:00",170.40719685963455,-43.4513195,59,0.067475727849199,0,0,0,9,"",0,170.40121987685146,-43.45085628668221,1341.1873,1674.5464,1530.7783,1517.2437,30.594868,286.5472717285156,7,"COPDEM30",715
"RGI2000-v7.0-G-18-02017","18","18-01","G170413E43457S",772415,749,"2000-04-13T00:00:00",170.41229253322524,-43.457066499999996,59,0.010700833581129,0,0,0,9,"",0,170.41155540983945,-43.45725595432768,1805.9625,1938.7557,1855.8734,1863.8264,39.301453,228.802734375,6,"COPDEM30",122
"RGI2000-v7.0-G-18-02018","18","18-01","G170412E43461S",772416,749,"2000-04-13T00:00:00",170.41285213372095,-43.461109500000006,59,0.019762124358551,0,0,0,9,"",0,170.41148223277264,-43.461857397477786,1734.4922,1861.9948,1763.5599,1780.9387,29.577908,219.54214477539065,6,"COPDEM30",284
"RGI2000-v7.0-G-18-02019","18","18-01","G170417E43463S",772424,749,"2000-04-13T00:00:00",170.41697240597043,-43.463547500000004,59,0.069749664129794,0,0,0,9,"",0,170.41489145448168,-43.46387285180875,1804.3701,2021.4508,1898.2217,1903.7097,35.92367,235.8685302734375,6,"COPDEM30",320
"RGI2000-v7.0-G-18-02020","18","18-01","G170421E43468S",772429,749,"2000-04-13T00:00:00",170.4214705499495,-43.4672005,59,0.333697250544531,0,0,0,9,"",0,170.41566096034563,-43.46918863345666,1479.2972,2025.7946,1680.7043,1681.7568,23.906305,245.1276473999024,6,"COPDEM30",944
"RGI2000-v7.0-G-18-02021","18","18-01","G170428E43461S",772437,749,"2000-04-13T00:00:00",170.42736305434784,-43.460609000000005,59,0.057860214690329,0,0,0,9,"",0,170.4253252647583,-43.45921374941018,1878.1182,2102.5952,1991.3073,1991.3827,34.634968,345.694393157959,1,"COPDEM30",426
"RGI2000-v7.0-G-18-02022","18","18-01","G170424E43461S",772434,749,"2000-04-13T00:00:00",170.4235609275383,-43.457608500000006,59,0.066918280116473,0,0,0,9,"",0,170.42480342635548,-43.45342115748387,1349.3046,2057.838,1662.1559,1661.8516,39.304012,22.341642,1,"COPDEM30",977
"RGI2000-v7.0-G-18-02023","18","18-01","G170419E43456S",772428,749,"2000-04-13T00:00:00",170.4209233864679,-43.454834500000004,59,0.015979237039855,0,0,0,9,"",0,170.42039894363793,-43.453997298546945,1488.3561,1672.1184,1557.0885,1565.7091,42.365955,16.211037,1,"COPDEM30",264
"RGI2000-v7.0-G-18-02024","18","18-01","G170416E43448S",772423,749,"2000-04-13T00:00:00",170.41676793110466,-43.4486345,59,0.027532088685228,0,0,0,9,"",0,170.4171549708766,-43.44985402295579,1433.7644,1635.6757,1488.4148,1504.7355,31.561298,135.96722,4,"COPDEM30",366
"RGI2000-v7.0-G-18-02025","18","18-01","G170433E43451S",772446,749,"2000-04-13T00:00:00",170.4320813135931,-43.450342,59,0.418267749438859,0,0,0,9,"",0,170.4304369352752,-43.44524236461295,1052.2454,1428.24,1198.2812,1177.0674,19.18281,331.16792488098145,8,"COPDEM30",1305
"RGI2000-v7.0-G-18-02026","18","18-01","G170443E43458S",772458,749,"2000-04-13T00:00:00",170.44274778533722,-43.458211500000004,59,0.013420579445569,0,0,0,9,"",0,170.4408691492504,-43.45789415964463,1821.2645,1922.5846,1873.1389,1872.8538,30.371862,326.17957305908203,8,"COPDEM30",275
"RGI2000-v7.0-G-18-02027","18","18-01","G170443E43461S",772459,749,"2000-04-13T00:00:00",170.4433543898483,-43.4613465,59,0.149925605899748,0,0,0,9,"",0,170.4396504050258,-43.458276694780444,1776.3993,2389.625,2135.4229,2121.7297,37.461773,329.9475078582764,8,"COPDEM30",720
"RGI2000-v7.0-G-18-02028","18","18-01","G170439E43461S",772455,749,"2000-04-13T00:00:00",170.43936806161068,-43.4606215,59,0.039929337426681,0,0,0,9,"",0,170.43833656387258,-43.45948928991053,1814.7617,2047.1088,1955.0679,1946.9524,42.75592,351.63797187805176,1,"COPDEM30",331
"RGI2000-v7.0-G-18-02029","18","18-01","G170437E43463S",772452,749,"2000-04-13T00:00:00",170.4372961850329,-43.4627235,59,0.021919555724539,0,0,0,9,"",0,170.4371978245141,-43.461623787912345,2057.06,2262.2593,2161.919,2166.6438,42.029526,357.31814098358154,1,"COPDEM30",259
"RGI2000-v7.0-G-18-02030","18","18-01","G170434E43465S",772450,749,"2000-04-13T00:00:00",170.43444982427206,-43.4645465,59,0.011814030342889,0,0,0,9,"",0,170.4325669784814,-43.46410463964022,2261.678,2404.7512,2346.8027,2347.972,37.506023,339.74024963378906,1,"COPDEM30",245
"RGI2000-v7.0-G-18-02031","18","18-01","G170433E43463S",772448,749,"2000-04-13T00:00:00",170.43273608302582,-43.4626885,59,0.105034748511801,0,0,0,9,"",0,170.43245168704092,-43.460906622299255,1959.7041,2242.0105,2087.032,2087.7046,37.95491,355.8792314529419,1,"COPDEM30",432
"RGI2000-v7.0-G-18-02032","18","18-01","G170449E43461S",772467,749,"2000-04-13T00:00:00",170.44861151934828,-43.4611065,59,0.021763843477825,0,0,0,9,"",0,170.44774955902145,-43.46001483922615,2233.4565,2466.4038,2355.546,2359.622,39.867607,338.84153175354004,1,"COPDEM30",303
"RGI2000-v7.0-G-18-02033","18","18-01","G170449E43462S",772469,749,"2000-04-13T00:00:00",170.45190950800495,-43.460888999999995,59,0.04373595278235,0,0,0,9,"",0,170.45005463827133,-43.46009914245853,2313.6016,2504.926,2460.5298,2437.1218,33.78857,328.02928924560547,8,"COPDEM30",320
"RGI2000-v7.0-G-18-02034","18","18-01","G170459E43462S",772473,749,"2000-04-13T00:00:00",170.4590895904993,-43.4625195,59,0.086949968150857,0,0,0,9,"",0,170.46080158107665,-43.462742657388866,2363.3933,2545.6543,2463.2292,2461.8503,27.909939,83.19633,3,"COPDEM30",424
"RGI2000-v7.0-G-18-02035","18","18-01","G170466E43467S",772478,749,"2000-04-13T00:00:00",170.46569260836813,-43.467804,59,0.072739604504487,0,0,0,9,"",0,170.46802135672138,-43.46787559599612,1991.3689,2275.2964,2121.459,2135.3257,34.502373,81.16195,3,"COPDEM30",425
"RGI2000-v7.0-G-18-02036","18","18-01","G170465E43473S",772476,749,"2000-04-13T00:00:00",170.46318827202424,-43.4727485,59,0.5740874490189,0,0,0,9,"",0,170.4576715055451,-43.474030178117566,1565.6313,2078.4143,1842.5325,1832.6124,27.397734,234.14279174804688,6,"COPDEM30",1329
"RGI2000-v7.0-G-18-02037","18","18-01","G170473E43472S",772483,749,"2000-04-13T00:00:00",170.4741766571044,-43.473267500000006,59,0.307137705432182,0,0,0,9,"",0,170.47297432896067,-43.469532063314816,1758.626,2102.7463,1978.8019,1969.1743,22.726767,359.4112186431885,1,"COPDEM30",1005
"RGI2000-v7.0-G-18-02038","18","18-01","G170474E43480S",772484,749,"2000-04-13T00:00:00",170.47381161185635,-43.478139,59,0.217519694567889,0,0,0,9,"",0,170.47230893754028,-43.48122608913851,1574.6837,2069.0945,1903.0542,1865.2797,34.889446,174.1277,5,"COPDEM30",587
"RGI2000-v7.0-G-18-02039","18","18-01","G170428E43508S",772470,749,"2000-04-13T00:00:00",170.45280441244412,-43.4854195,59,6.587828177010381,0,0,0,9,"",0,170.45886481459812,-43.48860057527193,1001.8985,2595.8833,1824.092,1746.1283,24.113216,148.12836,4,"COPDEM30",6765
"RGI2000-v7.0-G-18-02040","18","18-01","G170443E43499S",772460,749,"2000-04-13T00:00:00",170.4439470473568,-43.498476,59,0.156068929358224,0,0,0,9,"",0,170.44465523710318,-43.49501802478103,1759.2186,2200.1082,1935.0858,1951.1144,32.322865,39.121433,2,"COPDEM30",868
"RGI2000-v7.0-G-18-02041","18","18-01","G170420E43482S",772430,749,"2000-04-13T00:00:00",170.42090770750434,-43.482132,59,0.658236217046578,0,0,0,9,"",0,170.4232679249465,-43.485345089729805,1698.7015,2177.79,1968.4697,1965.9476,31.40416,121.42448,4,"COPDEM30",994
"RGI2000-v7.0-G-18-02042","18","18-01","G170416E43478S",772421,749,"2000-04-13T00:00:00",170.41563442630473,-43.477682,59,0.107228641541288,0,0,0,9,"",0,170.41386679344558,-43.47729923751448,1982.9133,2174.4211,2078.2114,2081.1487,33.870552,324.0067329406738,8,"COPDEM30",279
"RGI2000-v7.0-G-18-02043","18","18-01","G170411E43481S",772411,749,"2000-04-13T00:00:00",170.41098245517242,-43.4811195,59,0.091466356000787,0,0,0,9,"",0,170.40993370701239,-43.47982629503009,2069.2349,2297.5474,2202.0662,2198.6675,35.49366,344.6432886123657,1,"COPDEM30",330
"RGI2000-v7.0-G-18-02044","18","18-01","G170411E43484S",772412,749,"2000-04-13T00:00:00",170.41064105307262,-43.484061499999996,59,0.042849894366166,0,0,0,9,"",0,170.41008824959096,-43.48267614437099,2288.7917,2522.0671,2410.4622,2408.8818,37.183964,340.8351020812988,1,"COPDEM30",324
"RGI2000-v7.0-G-18-02045","18","18-01","G170406E43480S",772400,749,"2000-04-13T00:00:00",170.40601181870858,-43.479946,59,0.010575045495712,0,0,0,9,"",0,170.40580680390147,-43.47964443868851,1922.8973,2020.0233,1972.6139,1970.7687,38.35373,320.8744125366211,8,"COPDEM30",161
"RGI2000-v7.0-G-18-02046","18","18-01","G170399E43488S",772390,749,"2000-04-13T00:00:00",170.3994020964857,-43.485172500000004,59,1.37004202281426,0,0,0,9,"",0,170.40008564824902,-43.4780492202341,1795.9264,2582.6719,2259.5474,2235.1152,22.959688,353.62469959259033,1,"COPDEM30",1725
"RGI2000-v7.0-G-18-02047","18","18-01","G170427E43475S",772438,749,"2000-04-13T00:00:00",170.42706977756654,-43.474664,59,0.056242681716223,0,0,0,9,"",0,170.42819211923995,-43.476187049682544,1964.2173,2146.9941,2092.466,2084.033,34.15375,124.83726,4,"COPDEM30",344
"RGI2000-v7.0-G-18-02048","18","18-01","G170454E43455S",772471,749,"2000-04-13T00:00:00",170.45403267158176,-43.455169,59,0.98370300148486,0,0,0,9,"",0,170.44505673472318,-43.4530515497209,1819.0724,2432.558,2133.2124,2119.817,25.506231,294.4877471923828,8,"COPDEM30",1432
"RGI2000-v7.0-G-18-02049","18","18-01","G170463E43453S",772475,749,"2000-04-13T00:00:00",170.46315999462809,-43.452513499999995,59,0.048158734778329,0,0,0,9,"",0,170.4645485049952,-43.45437167437746,2020.6212,2230.1436,2145.2,2139.5632,40.588512,102.98253,3,"COPDEM30",316
"RGI2000-v7.0-G-18-02050","18","18-01","G170460E43447S",772474,749,"2000-04-13T00:00:00",170.45961117340426,-43.446965500000005,59,0.627827966584596,0,0,0,9,"",0,170.45040769245236,-43.44401188665008,1751.9365,2287.1611,2140.3352,2116.0393,26.613974,334.33470153808594,8,"COPDEM30",1358
"RGI2000-v7.0-G-18-02051","18","18-01","G170457E43442S",772472,749,"2000-04-13T00:00:00",170.45679673101915,-43.44221,59,0.026037293316166,0,0,0,9,"",0,170.4550640382055,-43.442016030897186,1694.893,1834.6422,1769.6627,1766.053,28.620516,293.1730117797852,8,"COPDEM30",294
"RGI2000-v7.0-G-18-02052","18","18-01","G170462E43443S",772477,749,"2000-04-13T00:00:00",170.46356903082193,-43.4405495,59,0.635857043692336,0,0,0,9,"",0,170.4553166186224,-43.44003274376082,1695.5682,2365.033,2066.1475,2049.495,25.51825,276.3840789794922,7,"COPDEM30",1429
"RGI2000-v7.0-G-18-02053","18","18-01","G170467E43433S",772480,749,"2000-04-13T00:00:00",170.46661034562212,-43.433582,59,0.087488178924091,0,0,0,9,"",0,170.46215606954485,-43.43328621795571,1688.5856,2193.5764,1887.7788,1892.1066,36.379536,304.2324447631836,8,"COPDEM30",735
"RGI2000-v7.0-G-18-02054","18","18-01","G170475E43433S",772485,749,"2000-04-13T00:00:00",170.47480305169267,-43.433274,59,0.013110589442545,0,0,0,9,"",0,170.47362538977134,-43.43341573570779,2382.8079,2477.0786,2424.0361,2427.2114,30.727524,281.4309158325196,7,"COPDEM30",179
"RGI2000-v7.0-G-18-02055","18","18-01","G170477E43433S",772486,749,"2000-04-13T00:00:00",170.47686326513326,-43.432616499999995,59,0.015841155501512,0,0,0,9,"",0,170.47795337721925,-43.432042544337605,2389.7947,2492.7422,2473.7158,2466.598,28.75169,52.804043,2,"COPDEM30",183
"RGI2000-v7.0-G-18-02056","18","18-01","G170481E43430S",772489,749,"2000-04-13T00:00:00",170.48103537311124,-43.4299455,59,0.085116416280236,0,0,0,9,"",0,170.47841107020844,-43.42834435011315,1991.9823,2315.0186,2150.1353,2151.1172,44.18834,346.5440397262573,1,"COPDEM30",416
"RGI2000-v7.0-G-18-02057","18","18-01","G170482E43427S",772490,749,"2000-04-13T00:00:00",170.4819161521739,-43.426565,59,0.010925237864476,0,0,0,9,"",0,170.480721070529,-43.42608781442683,1797.0083,1899.4907,1844.5522,1845.3856,35.069344,325.82433700561523,8,"COPDEM30",175
"RGI2000-v7.0-G-18-02058","18","18-01","G170479E43427S",772487,749,"2000-04-13T00:00:00",170.4776371527965,-43.426117500000004,59,0.104305909435656,0,0,0,9,"",0,170.47533544268526,-43.42409051182471,1628.8573,1953.3778,1779.0414,1775.6191,36.053776,357.9919259548187,1,"COPDEM30",593
"RGI2000-v7.0-G-18-02059","18","18-01","G170474E43424S",772482,749,"2000-04-13T00:00:00",170.47388567666187,-43.4238335,59,0.015954288435527,0,0,0,9,"",0,170.47431862916505,-43.42323683446988,1610.3085,1679.4363,1648.2263,1646.666,28.11919,43.300316,2,"COPDEM30",154
"RGI2000-v7.0-G-18-02060","18","18-01","G170470E43428S",772481,749,"2000-04-13T00:00:00",170.47184185438596,-43.428934,59,0.189143272609988,0,0,0,9,"",0,170.46463541579746,-43.430017357134346,1620.0101,2221.8867,1919.6409,1916.1975,34.61992,288.19161224365234,7,"COPDEM30",802
"RGI2000-v7.0-G-18-02061","18","18-01","G170467E43427S",772479,749,"2000-04-13T00:00:00",170.46736995491804,-43.4271105,59,0.022960593871706,0,0,0,9,"",0,170.46665995406167,-43.42845362979231,1741.5913,1920.7136,1791.753,1805.0714,26.552525,245.01415252685547,6,"COPDEM30",426
"RGI2000-v7.0-G-18-02062","18","18-01","G170488E43428S",772491,749,"2000-04-13T00:00:00",170.4872048744186,-43.427739,59,0.135739426323421,0,0,0,9,"",0,170.4846712872363,-43.42656130950247,1884.4558,2240.7952,2042.1222,2044.5281,35.265663,335.82887077331543,8,"COPDEM30",569
"RGI2000-v7.0-G-18-02063","18","18-01","G170491E43425S",772494,749,"2000-04-13T00:00:00",170.49069019655172,-43.4253055,59,0.150749712029003,0,0,0,9,"",0,170.48441524631983,-43.424636163525264,1719.2855,2284.4614,2065.3667,2044.7783,33.302544,306.0672416687012,8,"COPDEM30",943
"RGI2000-v7.0-G-18-02064","18","18-01","G170492E43421S",772493,749,"2000-04-13T00:00:00",170.49105313955027,-43.4209555,59,0.104400186584834,0,0,0,9,"",0,170.48889595016925,-43.421291558187285,1776.9135,2058.5923,1908.5669,1918.7192,30.183338,302.36470794677734,8,"COPDEM30",536
"RGI2000-v7.0-G-18-02065","18","18-01","G170498E43425S",772498,749,"2000-04-13T00:00:00",170.49712559478866,-43.4253885,59,0.025394983194609,0,0,0,9,"",0,170.49729509700327,-43.42433366001691,2070.438,2267.559,2196.459,2191.901,39.78719,10.696642,1,"COPDEM30",291
"RGI2000-v7.0-G-18-02066","18","18-01","G170500E43425S",772499,749,"2000-04-13T00:00:00",170.50015553403142,-43.4254185,59,0.013913543111471,0,0,0,9,"",0,170.50125606784368,-43.424893456179454,2051.6045,2269.9568,2171.6138,2164.5073,51.89915,23.77142,2,"COPDEM30",178
"RGI2000-v7.0-G-18-02067","18","18-01","G170506E43427S",772502,749,"2000-04-13T00:00:00",170.50621759741784,-43.4274975,59,0.017704550689501,0,0,0,9,"",0,170.5061618258616,-43.426515075410734,2157.9297,2378.8765,2245.509,2254.0334,45.736694,358.55229115486145,1,"COPDEM30",226
"RGI2000-v7.0-G-18-02068","18","18-01","G170511E43426S",772506,749,"2000-04-13T00:00:00",170.51093054557248,-43.4255385,59,0.032420000703654,0,0,0,9,"",0,170.50986949180268,-43.42542211671003,2070.688,2245.424,2145.2305,2149.6682,46.764915,312.86251068115234,8,"COPDEM30",167
"RGI2000-v7.0-G-18-02069","18","18-01","G170508E43421S",772509,749,"2000-04-13T00:00:00",170.51267307174555,-43.4200675,59,0.833181333406675,0,0,0,9,"",0,170.49850185437418,-43.41442049829219,1302.8297,2372.1282,1887.8792,1867.0868,31.502836,303.1985397338867,8,"COPDEM30",2291
"RGI2000-v7.0-G-18-02070","18","18-01","G170508E43418S",772505,749,"2000-04-13T00:00:00",170.50794718444058,-43.41784,59,0.01503074103001,0,0,0,9,"",0,170.50666704361439,-43.418220789420694,1786.7964,1927.9539,1848.8741,1851.1285,37.29259,286.51575469970703,7,"COPDEM30",245
"RGI2000-v7.0-G-18-02071","18","18-01","G170510E43413S",772507,749,"2000-04-13T00:00:00",170.51223521139707,-43.413624,59,0.170130556470224,0,0,0,9,"",0,170.51064012152793,-43.411665293085626,1563.7649,1969.0453,1714.4896,1723.9977,32.851097,324.02193450927734,8,"COPDEM30",581
"RGI2000-v7.0-G-18-02072","18","18-01","G170519E43416S",772510,749,"2000-04-13T00:00:00",170.51863076994493,-43.41567,59,0.098325498487436,0,0,0,9,"",0,170.5168487983408,-43.41421287986826,1978.0472,2375.0042,2182.0522,2189.4834,37.268433,296.258731842041,8,"COPDEM30",509
"RGI2000-v7.0-G-18-02073","18","18-01","G170520E43409S",772512,749,"2000-04-13T00:00:00",170.52044042380138,-43.4094785,59,0.019889908457005,0,0,0,9,"",0,170.5187134501392,-43.409682432146134,1868.935,1998.0269,1950.4646,1946.8248,36.75137,303.5929145812988,8,"COPDEM30",251
"RGI2000-v7.0-G-18-02074","18","18-01","G170523E43410S",772515,749,"2000-04-13T00:00:00",170.5235833143939,-43.40948950000001,59,0.032916367421542,0,0,0,9,"",0,170.52235915001276,-43.409665770016275,2052.4792,2349.4412,2187.0518,2200.11,41.57982,300.1336669921875,8,"COPDEM30",472
"RGI2000-v7.0-G-18-02075","18","18-01","G170521E43401S",772514,749,"2000-04-13T00:00:00",170.52387976749895,-43.4009985,59,2.395355813677627,0,0,0,9,"",0,170.50788492883768,-43.40365167912697,1180.0465,2298.8,1834.4075,1853.0009,22.888737,267.9721984863281,7,"COPDEM30",2975
"RGI2000-v7.0-G-18-02076","18","18-01","G170531E43396S",772521,749,"2000-04-13T00:00:00",170.52775084410075,-43.395292,59,0.256767909989553,0,0,0,9,"",0,170.5280012932963,-43.39250288880657,1585.1694,2107.5293,1971.4224,1928.4921,24.992228,331.74817085266113,8,"COPDEM30",1330
"RGI2000-v7.0-G-18-02077","18","18-01","G170538E43394S",772526,749,"2000-04-13T00:00:00",170.5378796127232,-43.394137,59,0.010185121483976,0,0,0,9,"",0,170.53738729521774,-43.393687912229844,1862.9718,1978.2961,1902.9297,1904.1298,34.370716,330.49857330322266,8,"COPDEM30",139
"RGI2000-v7.0-G-18-02078","18","18-01","G170542E43392S",772527,749,"2000-04-13T00:00:00",170.5390997457792,-43.392531500000004,59,0.211802250985191,0,0,0,9,"",0,170.5334811105228,-43.3925102463778,1677.751,2051.709,1902.6216,1889.5486,28.224077,309.62336349487305,8,"COPDEM30",968
"RGI2000-v7.0-G-18-02079","18","18-01","G170550E43394S",772541,749,"2000-04-13T00:00:00",170.55016483282128,-43.393919999999994,59,0.079824878671086,0,0,0,9,"",0,170.55211089892842,-43.392805335505265,1680.4061,1956.3126,1799.6621,1799.8867,32.164814,102.22662,3,"COPDEM30",420
"RGI2000-v7.0-G-18-02080","18","18-01","G170546E43400S",772534,749,"2000-04-13T00:00:00",170.5464862012987,-43.399789,59,0.549583775460451,0,0,0,9,"",0,170.54895033453803,-43.40405921077631,1375.4073,1872.4889,1585.2153,1596.1749,23.266777,128.13817,4,"COPDEM30",1178
"RGI2000-v7.0-G-18-02081","18","18-01","G170542E43405S",772531,749,"2000-04-13T00:00:00",170.5417673321832,-43.404607999999996,59,0.168087780715164,0,0,0,9,"",0,170.54328857210533,-43.4057711186349,1565.5212,1838.6106,1679.715,1686.9092,33.520054,102.59408,3,"COPDEM30",422
"RGI2000-v7.0-G-18-02082","18","18-01","G170542E43411S",772532,749,"2000-04-13T00:00:00",170.5416771660232,-43.411301,59,0.209868617354983,0,0,0,9,"",0,170.54785205357393,-43.40907645464975,1327.8557,1972.1372,1673.4868,1658.3528,37.289303,62.04943,2,"COPDEM30",888
"RGI2000-v7.0-G-18-02083","18","18-01","G170556E43421S",772553,749,"2000-04-13T00:00:00",170.5569845173979,-43.4217635,59,0.049116798301538,0,0,0,9,"",0,170.5553982331715,-43.42062477356691,1642.992,1881.3187,1745.5477,1754.564,36.55394,284.0641632080078,7,"COPDEM30",397
"RGI2000-v7.0-G-18-02084","18","18-01","G170559E43418S",772560,749,"2000-04-13T00:00:00",170.5607264499008,-43.4181825,59,0.016715633839974,0,0,0,9,"",0,170.5579733909972,-43.41715329669037,1731.19,2001.7466,1851.5623,1851.651,39.397408,270.1040496826172,7,"COPDEM30",451
"RGI2000-v7.0-G-18-02085","18","18-01","G170564E43419S",772563,749,"2000-04-13T00:00:00",170.56410543315974,-43.418811500000004,59,0.10160769785989,0,0,0,9,"",0,170.56057261132273,-43.41640561311328,1856.4956,2242.1714,2091.5151,2079.556,33.28566,328.25590896606445,8,"COPDEM30",820
"RGI2000-v7.0-G-18-02086","18","18-01","G170563E43422S",772564,749,"2000-04-13T00:00:00",170.56470609643208,-43.421825999999996,59,0.057127533952615,0,0,0,9,"",0,170.56180123247273,-43.421301944427256,2062.3684,2274.6934,2172.0188,2172.9805,34.1332,261.07764434814453,7,"COPDEM30",415
"RGI2000-v7.0-G-18-02087","18","18-01","G170567E43422S",772566,749,"2000-04-13T00:00:00",170.56734966432586,-43.4223265,59,0.02557426807954,0,0,0,9,"",0,170.56744323270377,-43.423126641554695,2168.109,2286.9905,2244.83,2237.5627,34.975906,154.41943,4,"COPDEM30",142
"RGI2000-v7.0-G-18-02088","18","18-01","G170560E43426S",772562,749,"2000-04-13T00:00:00",170.56281543666506,-43.424695,59,0.083722372843432,0,0,0,9,"",0,170.55778229881423,-43.42500092570895,1812.5774,2127.3064,1958.2786,1960.2957,32.936127,225.06820678710932,6,"COPDEM30",778
"RGI2000-v7.0-G-18-02089","18","18-01","G170559E43428S",772558,749,"2000-04-13T00:00:00",170.55914534112156,-43.427778,59,0.048419339204175,0,0,0,9,"",0,170.55738446469192,-43.428741051221884,1550.5574,1756.8179,1617.1743,1626.8402,29.500563,226.1168365478516,6,"COPDEM30",414
"RGI2000-v7.0-G-18-02090","18","18-01","G170591E43444S",772577,749,"2000-04-13T00:00:00",170.57354412470863,-43.4298035,59,9.6612908983763,0,0,0,9,"",0,170.54196213384964,-43.448044248638595,1101.2102,2440.6846,1839.987,1760.0405,22.014946,172.51349,5,"COPDEM30",6798
"RGI2000-v7.0-G-18-02091","18","18-01","G170586E43425S",772594,749,"2000-04-13T00:00:00",170.5819047282609,-43.423983,59,0.582540045795907,0,0,0,9,"",0,170.5947197154102,-43.42115251044718,1286.2961,2316.5745,1939.5808,1916.2987,27.571983,115.85148,4,"COPDEM30",1980
"RGI2000-v7.0-G-18-02092","18","18-01","G170589E43430S",772609,749,"2000-04-13T00:00:00",170.58924707889082,-43.430229499999996,59,0.167480297675759,0,0,0,9,"",0,170.5911239636906,-43.42725064435303,1714.9584,2246.3198,1989.2179,1991.429,36.727337,19.45779,1,"COPDEM30",851
"RGI2000-v7.0-G-18-02093","18","18-01","G170599E43429S",772623,749,"2000-04-13T00:00:00",170.59471861861314,-43.427942,59,0.101855186618573,0,0,0,9,"",0,170.59497597828866,-43.42595322508294,1559.5111,2150.682,1824.9274,1827.4833,38.708412,335.2090148925781,8,"COPDEM30",926
"RGI2000-v7.0-G-18-02094","18","18-01","G170605E43427S",772634,749,"2000-04-13T00:00:00",170.605911594562,-43.4275235,59,0.158754152866277,0,0,0,9,"",0,170.60283050028139,-43.426341302688144,1864.8163,2123.5474,1999.2185,1995.139,26.970005,341.42394828796387,1,"COPDEM30",651
"RGI2000-v7.0-G-18-02095","18","18-01","G170612E43427S",772639,749,"2000-04-13T00:00:00",170.61098910165776,-43.426509499999995,59,0.214871796394953,0,0,0,9,"",0,170.60868689534746,-43.42336685380183,1790.6295,2218.8567,1961.6656,1970.223,29.698074,330.5858097076416,8,"COPDEM30",770
"RGI2000-v7.0-G-18-02096","18","18-01","G170615E43428S",772647,749,"2000-04-13T00:00:00",170.6152406716028,-43.4279865,59,0.199186914642118,0,0,0,9,"",0,170.61647546090228,-43.425258589169324,2026.019,2349.1611,2200.428,2195.684,33.007664,332.0874500274658,8,"COPDEM30",652
"RGI2000-v7.0-G-18-02097","18","18-01","G170615E43433S",772648,749,"2000-04-13T00:00:00",170.61468722643443,-43.43271,59,0.0189953163241,0,0,0,9,"",0,170.6151299943262,-43.43367524301793,2285.549,2410.682,2375.0476,2367.9663,37.936085,205.10430908203125,6,"COPDEM30",196
"RGI2000-v7.0-G-18-02098","18","18-01","G170617E43435S",772650,749,"2000-04-13T00:00:00",170.61726246451389,-43.434898000000004,59,0.046675049323549,0,0,0,9,"",0,170.61913499642137,-43.434836841022104,2030.5402,2232.899,2154.71,2149.2117,39.88205,118.67704,4,"COPDEM30",276
"RGI2000-v7.0-G-18-02099","18","18-01","G170618E43444S",772654,749,"2000-04-13T00:00:00",170.61839452521008,-43.443864,59,0.190879982685402,0,0,0,9,"",0,170.62117108981025,-43.44530121730309,1858.7742,2224.2556,2042.878,2048.809,37.345585,158.78061,5,"COPDEM30",668
"RGI2000-v7.0-G-18-02100","18","18-01","G170617E43448S",772651,749,"2000-04-13T00:00:00",170.61673201962458,-43.4481875,59,0.034159078235402,0,0,0,9,"",0,170.6160284692076,-43.44931936027961,1585.1115,1740.1041,1641.715,1649.9058,29.4335,165.59998,5,"COPDEM30",285
"RGI2000-v7.0-G-18-02101","18","18-01","G170615E43454S",772646,749,"2000-04-13T00:00:00",170.61406992676808,-43.452734,59,0.162846117059289,0,0,0,9,"",0,170.61978612269257,-43.455020022475736,1229.5167,1528.8639,1362.8735,1361.0638,25.19118,127.86059,4,"COPDEM30",762
"RGI2000-v7.0-G-18-02102","18","18-01","G170612E43457S",772642,749,"2000-04-13T00:00:00",170.61169047980457,-43.456565999999995,59,0.039002811234543,0,0,0,9,"",0,170.6121513940002,-43.455213030350606,1424.9805,1563.0197,1510.8052,1504.7987,24.86662,31.321898,2,"COPDEM30",399
"RGI2000-v7.0-G-18-02103","18","18-01","G170605E43463S",772635,749,"2000-04-13T00:00:00",170.60562097354497,-43.462951000000004,59,0.302742244138479,0,0,0,9,"",0,170.61001382128217,-43.461783883403676,1708.459,2219.1145,1959.3302,1957.1802,30.137398,90.81103,3,"COPDEM30",848
"RGI2000-v7.0-G-18-02104","18","18-01","G170599E43465S",772628,749,"2000-04-13T00:00:00",170.59900622851154,-43.4650675,59,0.021126734768964,0,0,0,9,"",0,170.60029402445755,-43.46585703821492,2176.013,2336.6577,2239.1812,2242.5183,34.96106,116.794136,4,"COPDEM30",262
"RGI2000-v7.0-G-18-02105","18","18-01","G170598E43470S",772624,749,"2000-04-13T00:00:00",170.5946029725131,-43.469495499999994,59,0.790719034174394,0,0,0,9,"",0,170.61427584867067,-43.46994050564858,1299.3221,2458.9443,2005.6005,1905.0411,33.615734,123.12071,4,"COPDEM30",2441
"RGI2000-v7.0-G-18-02106","18","18-01","G170594E43475S",772621,749,"2000-04-13T00:00:00",170.59369656165256,-43.475303499999995,59,0.03741150449885,0,0,0,9,"",0,170.59458874753656,-43.474730071130814,1899.7367,2104.9539,1991.6357,1987.2894,41.035156,57.071793,2,"COPDEM30",257
"RGI2000-v7.0-G-18-02107","18","18-01","G170595E43479S",772625,749,"2000-04-13T00:00:00",170.5953636948052,-43.478899,59,0.048755380525285,0,0,0,9,"",0,170.59387273695478,-43.480091602672886,1955.7773,2104.0757,2034.0626,2029.3557,29.86133,186.24087524414065,5,"COPDEM30",254
"RGI2000-v7.0-G-18-02108","18","18-01","G170590E43479S",772613,749,"2000-04-13T00:00:00",170.59046162975778,-43.4786805,59,0.021146076243399,0,0,0,9,"",0,170.58881593251164,-43.479618452268305,1890.4159,2075.8752,1975.8193,1978.9834,40.60271,183.5429534912109,5,"COPDEM30",344
"RGI2000-v7.0-G-18-02109","18","18-01","G170587E43479S",772606,749,"2000-04-13T00:00:00",170.58745583026587,-43.47886,59,0.02068317681023,0,0,0,9,"",0,170.58636422857282,-43.479648031765805,1918.0935,2030.0525,1960.3511,1961.3923,39.002026,167.06189,5,"COPDEM30",199
"RGI2000-v7.0-G-18-02110","18","18-01","G170595E43483S",772597,749,"2000-04-13T00:00:00",170.58425065684412,-43.477745,59,0.048869372857996,0,0,0,9,"",0,170.5851833705782,-43.479377184887134,1981.3785,2176.726,2098.1567,2084.6042,29.447947,168.21982,5,"COPDEM30",435
"RGI2000-v7.0-G-18-02111","18","18-01","G170579E43474S",772582,749,"2000-04-13T00:00:00",170.57608088250316,-43.4769095,59,1.541138458039637,0,0,0,9,"",0,170.56979941179495,-43.487375424514504,1472.8523,2604.9053,2066.7205,2023.1682,24.534304,177.8172,5,"COPDEM30",2635
"RGI2000-v7.0-G-18-02112","18","18-01","G170584E43467S",772596,749,"2000-04-13T00:00:00",170.5841837416201,-43.4667485,59,0.032521546953993,0,0,0,9,"",0,170.58484182895924,-43.4680101279369,2540.5828,2751.3628,2687.0547,2673.2183,39.40465,172.42102,5,"COPDEM30",298
"RGI2000-v7.0-G-18-02113","18","18-01","G170592E43459S",772620,749,"2000-04-13T00:00:00",170.5926529809359,-43.457491,59,1.270004651245397,0,0,0,9,"",0,170.5933368564105,-43.44968451958879,1703.9197,2769.9624,2191.0984,2193.2234,26.762276,41.27241,2,"COPDEM30",2198
"RGI2000-v7.0-G-18-02114","18","18-01","G170585E43455S",772599,749,"2000-04-13T00:00:00",170.58458629296877,-43.4551745,59,0.085605292797837,0,0,0,9,"",0,170.58660931975336,-43.452915387397205,2098.2957,2420.7363,2244.215,2245.7292,39.382153,346.102970123291,1,"COPDEM30",638
"RGI2000-v7.0-G-18-02115","18","18-01","G170575E43457S",772578,749,"2000-04-13T00:00:00",170.57400644470198,-43.4580335,59,0.671823068858332,0,0,0,9,"",0,170.57507234528123,-43.451562186648864,1827.4856,2546.7788,2212.9495,2177.448,28.673145,359.5430754125118,1,"COPDEM30",1497
"RGI2000-v7.0-G-18-02116","18","18-01","G170568E43460S",772570,749,"2000-04-13T00:00:00",170.56800905468748,-43.460210000000004,59,0.132962656580598,0,0,0,9,"",0,170.56605255647628,-43.45992605698503,2092.8364,2537.9653,2249.392,2272.3206,34.92803,306.7349662780762,8,"COPDEM30",716
"RGI2000-v7.0-G-18-02117","18","18-01","G170562E43467S",772571,749,"2000-04-13T00:00:00",170.56769361206898,-43.466553000000005,59,0.877151882308297,0,0,0,9,"",0,170.5539672306849,-43.46747599257799,1678.6876,2479.7217,2146.6812,2127.861,24.656662,251.54495239257807,7,"COPDEM30",1729
"RGI2000-v7.0-G-18-02118","18","18-01","G170556E43462S",772552,749,"2000-04-13T00:00:00",170.5563587080814,-43.462159,59,0.055526087237371,0,0,0,9,"",0,170.55611373129656,-43.463498532768384,1900.2279,2200.2275,2038.706,2039.1593,38.99352,190.07769775390625,5,"COPDEM30",489
"RGI2000-v7.0-G-18-02119","18","18-01","G170564E43477S",772556,749,"2000-04-13T00:00:00",170.55821662910864,-43.477918,59,0.500437586448247,0,0,0,9,"",0,170.56473286334884,-43.48294266245938,1701.9656,2349.1467,2137.9634,2105.7002,31.720554,151.50677,4,"COPDEM30",1143
"RGI2000-v7.0-G-18-02120","18","18-01","G170550E43481S",772539,749,"2000-04-13T00:00:00",170.54922794353303,-43.480768999999995,59,0.106970389864587,0,0,0,9,"",0,170.55178026719113,-43.48393307286299,1749.5818,2072.2424,1913.698,1907.8011,31.070997,151.9522,4,"COPDEM30",775
"RGI2000-v7.0-G-18-02121","18","18-01","G170560E43501S",772554,749,"2000-04-13T00:00:00",170.55710032553384,-43.501021,59,0.038220599945651,0,0,0,9,"",0,170.56093920071424,-43.50213688010267,1946.2208,2129.9153,2051.288,2039.6344,29.098896,151.54083,4,"COPDEM30",426
"RGI2000-v7.0-G-18-02122","18","18-01","G170554E43503S",772545,749,"2000-04-13T00:00:00",170.5541634090909,-43.502908500000004,59,0.034717926325233,0,0,0,9,"",0,170.55522024574032,-43.503488011973346,1984.6351,2106.1638,2020.7484,2026.5337,25.6938,142.65411,4,"COPDEM30",229
"RGI2000-v7.0-G-18-02123","18","18-01","G170551E43507S",772542,749,"2000-04-13T00:00:00",170.55037469165342,-43.506349,59,0.052703249899671,0,0,0,9,"",0,170.55134598942246,-43.50848935423422,1916.3451,2142.79,2034.2179,2027.2319,30.529232,155.12456,4,"COPDEM30",477
"RGI2000-v7.0-G-18-02124","18","18-01","G170547E43508S",772535,749,"2000-04-13T00:00:00",170.54630576589722,-43.5085155,59,0.06210328389462,0,0,0,9,"",0,170.54637325991433,-43.51035500144346,1945.0598,2133.5298,2031.6652,2031.1453,30.008543,161.98888,5,"COPDEM30",405
"RGI2000-v7.0-G-18-02125","18","18-01","G170541E43510S",772530,749,"2000-04-13T00:00:00",170.54114865725833,-43.510616999999996,59,0.032936205440877,0,0,0,9,"",0,170.54177087778132,-43.51206655683008,1897.8744,2084.4202,1964.1582,1971.4355,28.401236,144.57068,4,"COPDEM30",357
"RGI2000-v7.0-G-18-02126","18","18-01","G170564E43501S",772565,749,"2000-04-13T00:00:00",170.5646345169834,-43.500781,59,0.016887021466344,0,0,0,9,"",0,170.56449628455863,-43.501821096574915,1905.0197,1999.6465,1932.7294,1937.4109,25.35718,181.84646606445312,5,"COPDEM30",235
"RGI2000-v7.0-G-18-02127","18","18-01","G170573E43499S",772574,749,"2000-04-13T00:00:00",170.57296815789473,-43.4992115,59,0.022173947059727,0,0,0,9,"",0,170.5721221614921,-43.50029915354297,1941.4847,2047.7181,1990.4962,1991.9963,24.910826,182.5647430419922,5,"COPDEM30",308
"RGI2000-v7.0-G-18-02128","18","18-01","G170576E43499S",772583,749,"2000-04-13T00:00:00",170.57555386912753,-43.499266,59,0.012845898122072,0,0,0,9,"",0,170.57452135072523,-43.49991025138198,1994.622,2098.1843,2042.0045,2038.2146,34.349186,243.3644027709961,6,"COPDEM30",196
"RGI2000-v7.0-G-18-02129","18","18-01","G170578E43500S",772587,749,"2000-04-13T00:00:00",170.57835756256623,-43.499678,59,0.074405219087262,0,0,0,9,"",0,170.576195218551,-43.50130572685424,2021.8595,2232.2185,2104.5264,2113.5776,27.303888,212.6707305908203,6,"COPDEM30",404
"RGI2000-v7.0-G-18-02130","18","18-01","G170574E43499S",772579,749,"2000-04-13T00:00:00",170.57387341267483,-43.4973405,59,0.025518914100563,0,0,0,9,"",0,170.5745320512251,-43.4981453893224,2053.4675,2158.0137,2102.6548,2102.7903,29.162964,190.68121337890625,5,"COPDEM30",189
"RGI2000-v7.0-G-18-02131","18","18-01","G170583E43494S",772595,749,"2000-04-13T00:00:00",170.58214842954544,-43.493936500000004,59,0.042903195173241,0,0,0,9,"",0,170.58145265825348,-43.49289973818733,2215.7483,2493.4463,2310.7893,2322.292,38.20175,333.71170234680176,8,"COPDEM30",381
"RGI2000-v7.0-G-18-02132","18","18-01","G170587E43491S",772607,749,"2000-04-13T00:00:00",170.58699837393164,-43.491032,59,0.032284802528595,0,0,0,9,"",0,170.58674399833774,-43.489592792013866,2172.9375,2382.1978,2243.0212,2258.7502,35.796215,24.960897,2,"COPDEM30",357
"RGI2000-v7.0-G-18-02133","18","18-01","G170589E43489S",772610,749,"2000-04-13T00:00:00",170.588731394576,-43.4888815,59,0.033752757227973,0,0,0,9,"",0,170.58883930518348,-43.487848303860396,2126.6265,2247.801,2151.086,2165.1804,20.939154,347.3975086212158,1,"COPDEM30",306
"RGI2000-v7.0-G-18-02134","18","18-01","G170592E43488S",772618,749,"2000-04-13T00:00:00",170.59237703125,-43.4884225,59,0.068672577211242,0,0,0,9,"",0,170.58959837882625,-43.487780195302065,2130.7507,2359.297,2242.4116,2242.4597,27.94186,277.1248779296875,7,"COPDEM30",502
"RGI2000-v7.0-G-18-02135","18","18-01","G170590E43490S",772614,749,"2000-04-13T00:00:00",170.5900495140845,-43.492919,59,0.126956500426413,0,0,0,9,"",0,170.59048441050115,-43.49040663917458,2253.7253,2556.9756,2413.2776,2411.307,27.715294,3.254055,1,"COPDEM30",663
"RGI2000-v7.0-G-18-02136","18","18-01","G170595E43497S",772626,749,"2000-04-13T00:00:00",170.5966218880684,-43.496541,59,0.527304570458303,0,0,0,9,"",0,170.60027412462875,-43.497439512717094,1993.2606,2497.009,2269.0625,2263.6272,32.71576,98.94967,3,"COPDEM30",874
"RGI2000-v7.0-G-18-02137","18","18-01","G170593E43505S",772619,749,"2000-04-13T00:00:00",170.59203676842105,-43.50435,59,0.432864553843127,0,0,0,9,"",0,170.5971611326777,-43.505961287467116,1919.2843,2431.0684,2260.6943,2248.3254,31.71495,117.763725,4,"COPDEM30",845
"RGI2000-v7.0-G-18-02138","18","18-01","G170584E43505S",772601,749,"2000-04-13T00:00:00",170.58478239900663,-43.5054635,59,0.041915774831365,0,0,0,9,"",0,170.5835499135269,-43.50609949954563,2248.2483,2420.4695,2337.2358,2335.6138,33.25156,232.16036987304688,6,"COPDEM30",283
"RGI2000-v7.0-G-18-02139","18","18-01","G170584E43508S",772602,749,"2000-04-13T00:00:00",170.5847744848023,-43.5076045,59,0.058686531962559,0,0,0,9,"",0,170.58164044654055,-43.508639930705826,2123.3633,2378.8232,2275.8901,2266.1223,29.772215,233.9542236328125,6,"COPDEM30",504
"RGI2000-v7.0-G-18-02140","18","18-01","G170585E43513S",772603,749,"2000-04-13T00:00:00",170.58459687173809,-43.5130935,59,0.031991881570023,0,0,0,9,"",0,170.58323738479177,-43.51304789269584,2186.1213,2308.2175,2239.4226,2241.1992,27.91676,257.86763763427734,7,"COPDEM30",258
"RGI2000-v7.0-G-18-02141","18","18-01","G170581E43516S",772604,749,"2000-04-13T00:00:00",170.58473784739965,-43.5157235,59,0.071730909859717,0,0,0,9,"",0,170.58296547478758,-43.51598248926721,2227.205,2334.8623,2259.082,2267.7336,23.877455,299.88038635253906,8,"COPDEM30",285
"RGI2000-v7.0-G-18-02142","18","18-01","G170580E43514S",772590,749,"2000-04-13T00:00:00",170.58030029380927,-43.51444600000001,59,0.010769634507836,0,0,0,9,"",0,170.5805465175616,-43.51396430567061,2117.7986,2143.3208,2129.882,2130.989,11.774474,27.103909,2,"COPDEM30",150
"RGI2000-v7.0-G-18-02143","18","18-01","G170580E43521S",772591,749,"2000-04-13T00:00:00",170.58134090765296,-43.5223465,59,0.027027407354861,0,0,0,9,"",0,170.58031035941784,-43.52182705438585,2248.5598,2331.25,2273.0903,2276.1143,23.530685,299.9842643737793,8,"COPDEM30",186
"RGI2000-v7.0-G-18-02144","18","18-01","G170586E43525S",772589,749,"2000-04-13T00:00:00",170.57916097429907,-43.527226999999996,59,0.027688329645863,0,0,0,9,"",0,170.58005530117578,-43.52790157949213,2041.2994,2143.9023,2079.2632,2083.723,31.666391,118.544785,4,"COPDEM30",191
"RGI2000-v7.0-G-18-02145","18","18-01","G170578E43527S",772584,749,"2000-04-13T00:00:00",170.57709021380845,-43.526846500000005,59,0.011030294163421,0,0,0,9,"",0,170.57758343606844,-43.52714614133848,2155.1765,2235.6748,2211.5476,2205.8118,37.789803,98.202194,3,"COPDEM30",98
"RGI2000-v7.0-G-18-02146","18","18-01","G170575E43525S",772580,749,"2000-04-13T00:00:00",170.57399194456468,-43.525233,59,0.036699217408402,0,0,0,9,"",0,170.57245921265354,-43.52577378165155,2090.8726,2219.7402,2134.3396,2139.379,19.71821,250.1622085571289,7,"COPDEM30",417
"RGI2000-v7.0-G-18-02147","18","18-01","G170571E43530S",772575,749,"2000-04-13T00:00:00",170.57315840566568,-43.528626,59,0.01222578870328,0,0,0,9,"",0,170.57223322063683,-43.52790976428261,2196.0623,2240.3284,2214.1982,2215.6277,16.023186,313.9010391235352,8,"COPDEM30",170
"RGI2000-v7.0-G-18-02148","18","18-01","G170568E43528S",772572,749,"2000-04-13T00:00:00",170.56827184914786,-43.5279915,59,0.016364769578762,0,0,0,9,"",0,170.56768098293355,-43.527916483374696,2125.4712,2147.0515,2131.406,2132.52,13.133202,335.7562141418457,8,"COPDEM30",125
"RGI2000-v7.0-G-18-02149","18","18-01","G170568E43530S",772567,749,"2000-04-13T00:00:00",170.56690300798738,-43.5307985,59,0.028181682429839,0,0,0,9,"",0,170.56701070588488,-43.52941933354674,2159.1475,2228.7083,2181.0989,2183.4548,19.574007,17.083714,1,"COPDEM30",320
"RGI2000-v7.0-G-18-02150","18","18-01","G170567E43535S",772568,749,"2000-04-13T00:00:00",170.56715719487477,-43.534767,59,0.054458928410865,0,0,0,9,"",0,170.56573591570933,-43.53334328850163,2276.493,2389.6472,2317.1658,2321.6257,27.966244,304.89077377319336,8,"COPDEM30",423
"RGI2000-v7.0-G-18-02151","18","18-01","G170571E43536S",772573,749,"2000-04-13T00:00:00",170.57121172959836,-43.5356355,59,0.117308846075285,0,0,0,9,"",0,170.57437276154494,-43.53746273287902,2075.7146,2454.1726,2340.3564,2314.957,38.221703,150.90636,4,"COPDEM30",468
"RGI2000-v7.0-G-18-02152","18","18-01","G170579E43533S",772585,749,"2000-04-13T00:00:00",170.57727130462186,-43.533227999999994,59,0.22275867194905,0,0,0,9,"",0,170.5814812249799,-43.53368970949897,2135.913,2417.4292,2275.025,2275.1648,24.210943,82.19019,3,"COPDEM30",651
"RGI2000-v7.0-G-18-02153","18","18-01","G170578E43541S",772586,749,"2000-04-13T00:00:00",170.57661202346048,-43.540189,59,0.067081304609311,0,0,0,9,"",0,170.57939024908524,-43.542189194847964,1623.6243,1959.9199,1759.4398,1760.1976,32.355083,139.3249,4,"COPDEM30",540
"RGI2000-v7.0-G-18-02154","18","18-01","G170566E43542S",772569,749,"2000-04-13T00:00:00",170.56692942972973,-43.541517999999996,59,0.20334316071931,0,0,0,9,"",0,170.57308775766063,-43.54393388741057,1666.2717,2196.4958,1905.5759,1906.4712,31.918913,138.27452,4,"COPDEM30",986
"RGI2000-v7.0-G-18-02155","18","18-01","G170561E43539S",772561,749,"2000-04-13T00:00:00",170.5613703724564,-43.5389995,59,0.023424751593833,0,0,0,9,"",0,170.56188303659113,-43.53995422768456,2218.0596,2372.4954,2291.535,2289.2617,34.24818,158.92741,5,"COPDEM30",278
"RGI2000-v7.0-G-18-02156","18","18-01","G170559E43541S",772559,749,"2000-04-13T00:00:00",170.55920228249317,-43.5412665,59,0.026834040782897,0,0,0,9,"",0,170.56037174353497,-43.54034006011942,2287.1543,2401.483,2349.3308,2348.8186,34.55155,65.7491,2,"COPDEM30",357
"RGI2000-v7.0-G-18-02157","18","18-01","G170555E43544S",772549,749,"2000-04-13T00:00:00",170.55471916272967,-43.543749500000004,59,0.066479151785138,0,0,0,9,"",0,170.55679509601651,-43.541947095501605,2386.5095,2577.587,2438.5518,2456.9312,24.267042,47.437176,2,"COPDEM30",510
"RGI2000-v7.0-G-18-02158","18","18-01","G170556E43545S",772550,749,"2000-04-13T00:00:00",170.55493480463576,-43.5472415,59,0.0798730351942,0,0,0,9,"",0,170.55611889753462,-43.54497524530856,2474.8623,2743.0579,2672.1047,2662.264,27.829535,355.317982673645,1,"COPDEM30",538
"RGI2000-v7.0-G-18-02159","18","18-01","G170561E43551S",772557,749,"2000-04-13T00:00:00",170.5579884632546,-43.5507,59,0.442980564047876,0,0,0,9,"",0,170.56697412798493,-43.549841451773034,2112.2278,2780.4133,2395.0952,2417.1414,33.99417,96.622116,3,"COPDEM30",1257
"RGI2000-v7.0-G-18-02160","18","18-01","G170554E43553S",772546,749,"2000-04-13T00:00:00",170.55433866208932,-43.5530465,59,0.019587058202096,0,0,0,9,"",0,170.55284489107422,-43.55393931835741,2590.6804,2773.3704,2663.1128,2670.4583,45.530403,185.2811889648437,5,"COPDEM30",283
"RGI2000-v7.0-G-18-02161","18","18-01","G170553E43553S",772543,749,"2000-04-13T00:00:00",170.55231236582773,-43.553439999999995,59,0.02140591712798,0,0,0,9,"",0,170.55032507581893,-43.55430810495483,2434.086,2658.2273,2591.763,2583.7822,42.112125,243.3630523681641,6,"COPDEM30",257
"RGI2000-v7.0-G-18-02162","18","18-01","G170554E43556S",772547,749,"2000-04-13T00:00:00",170.5540820423014,-43.555899499999995,59,0.107621644558489,0,0,0,9,"",0,170.55329234242527,-43.557599815291276,2204.0605,2513.4846,2412.7273,2410.2573,33.05194,180.0366668701172,5,"COPDEM30",514
"RGI2000-v7.0-G-18-02163","18","18-01","G170547E43556S",772536,749,"2000-04-13T00:00:00",170.54596509158768,-43.5564105,59,0.052456232641374,0,0,0,9,"",0,170.54459343818826,-43.55655838225997,2203.5342,2334.4065,2241.4165,2245.5027,23.430508,237.6747894287109,6,"COPDEM30",410
"RGI2000-v7.0-G-18-02164","18","18-01","G170541E43558S",772533,749,"2000-04-13T00:00:00",170.54178829175152,-43.554991,59,0.010300129110265,0,0,0,9,"",0,170.54096086584434,-43.55516977210267,2119.026,2185.31,2137.1345,2140.5771,23.56784,221.54376220703125,6,"COPDEM30",184
"RGI2000-v7.0-G-18-02165","18","18-01","G170548E43549S",772538,749,"2000-04-13T00:00:00",170.5477258274226,-43.54818,59,0.010519321532245,0,0,0,9,"",0,170.54689771369445,-43.54828014321583,2186.7607,2269.4087,2224.7363,2225.8818,38.473724,262.1670227050781,7,"COPDEM30",116
"RGI2000-v7.0-G-18-02166","18","18-01","G170533E43562S",772524,749,"2000-04-13T00:00:00",170.53263015799172,-43.562149,59,0.016827667122074,0,0,0,9,"",0,170.53235122586614,-43.56277401795751,2171.4106,2256.053,2201.7402,2206.7505,28.505484,201.300048828125,5,"COPDEM30",189
"RGI2000-v7.0-G-18-02167","18","18-01","G170556E43564S",772548,749,"2000-04-13T00:00:00",170.5542108962963,-43.566626,59,0.476807892138704,0,0,0,9,"",0,170.55262882434297,-43.57304826000622,1487.07,1784.5977,1619.0525,1618.4491,15.243993,174.72223,5,"COPDEM30",1535
"RGI2000-v7.0-G-18-02168","18","18-01","G170573E43558S",772576,749,"2000-04-13T00:00:00",170.57336998689755,-43.557665,59,0.036688780861223,0,0,0,9,"",0,170.5747584933656,-43.558018063987745,1861.255,1955.8308,1876.5481,1884.0344,16.8589,102.65446,3,"COPDEM30",313
"RGI2000-v7.0-G-18-02169","18","18-01","G170592E43520S",772615,749,"2000-04-13T00:00:00",170.5896915072617,-43.5204375,59,0.611876443229003,0,0,0,9,"",0,170.59049900621733,-43.524700541275166,1872.3594,2443.3545,2135.8933,2155.6792,30.554806,144.73888,4,"COPDEM30",1175
"RGI2000-v7.0-G-18-02170","18","18-01","G170591E43511S",772617,749,"2000-04-13T00:00:00",170.59053170408095,-43.5113465,59,0.349905182000059,0,0,0,9,"",0,170.5948290655449,-43.51200055801489,2007.1041,2428.2715,2182.7874,2189.2942,29.646862,103.614815,3,"COPDEM30",789
"RGI2000-v7.0-G-18-02171","18","18-01","G170585E43500S",772600,749,"2000-04-13T00:00:00",170.58497028157893,-43.49932,59,0.428496912957942,0,0,0,9,"",0,170.57838768005104,-43.5030931136039,2034.4379,2569.4065,2257.6929,2273.7424,24.32947,221.4866943359375,6,"COPDEM30",1295
"RGI2000-v7.0-G-18-02172","18","18-01","G170603E43489S",772632,749,"2000-04-13T00:00:00",170.60472931422896,-43.489183499999996,59,0.81922671093339,0,0,0,9,"",0,170.6057886097611,-43.492601999929924,1801.7639,2416.675,2045.4524,2079.5435,30.477108,137.73367,4,"COPDEM30",1264
"RGI2000-v7.0-G-18-02173","18","18-01","G170610E43484S",772638,749,"2000-04-13T00:00:00",170.61002087415523,-43.48306650000001,59,0.459778555692834,0,0,0,9,"",0,170.61375797906575,-43.48321025782716,1899.1621,2391.272,2024.2063,2062.6306,25.078537,96.794716,3,"COPDEM30",1031
"RGI2000-v7.0-G-18-02174","18","18-01","G170607E43482S",772637,749,"2000-04-13T00:00:00",170.60653154968455,-43.4815615,59,0.01299959215756,0,0,0,9,"",0,170.60796189531953,-43.48118895928579,2080.5125,2213.4333,2145.2554,2143.5327,39.737137,107.14737,3,"COPDEM30",234
"RGI2000-v7.0-G-18-02175","18","18-01","G170601E43480S",772630,749,"2000-04-13T00:00:00",170.60059943832022,-43.4801515,59,0.016147936523131,0,0,0,9,"",0,170.6018973060401,-43.47935698688239,1960.4679,2132.0098,2085.8203,2075.0422,40.159767,10.707859,1,"COPDEM30",233
"RGI2000-v7.0-G-18-02176","18","18-01","G170624E43489S",772658,749,"2000-04-13T00:00:00",170.62352861535334,-43.490168499999996,59,0.041036007960848,0,0,0,9,"",0,170.62322673627529,-43.490876542127396,1867.0308,2032.1327,1898.5022,1922.9012,28.282124,195.47108459472656,5,"COPDEM30",332
"RGI2000-v7.0-G-18-02177","18","18-01","G170601E43453S",772629,749,"2000-04-13T00:00:00",170.60094849823633,-43.453672999999995,59,0.049593832287975,0,0,0,9,"",0,170.59922757286253,-43.45253576749141,2019.1558,2260.2659,2115.9785,2119.3872,38.17673,284.24173736572266,7,"COPDEM30",343
"RGI2000-v7.0-G-18-02178","18","18-01","G170607E43449S",772636,749,"2000-04-13T00:00:00",170.6068775965909,-43.4492585,59,0.035666522546344,0,0,0,9,"",0,170.60812674180252,-43.44934329099417,1985.9689,2153.476,2080.6943,2072.4807,33.82118,108.40164,3,"COPDEM30",291
"RGI2000-v7.0-G-18-02179","18","18-01","G170604E43447S",772631,749,"2000-04-13T00:00:00",170.60396378518698,-43.4472045,59,0.079189508228556,0,0,0,9,"",0,170.6050527647553,-43.44524329300155,1926.932,2118.5752,1973.406,1987.4109,25.325388,356.0536756515503,1,"COPDEM30",479
"RGI2000-v7.0-G-18-02180","18","18-01","G170608E43445S",772641,749,"2000-04-13T00:00:00",170.61171667661847,-43.4431395,59,0.091411871787635,0,0,0,9,"",0,170.60798380770336,-43.44413329915172,1934.3533,2168.5012,2006.6741,2022.7485,26.474941,269.4110107421875,7,"COPDEM30",555
"RGI2000-v7.0-G-18-02181","18","18-01","G170622E43445S",772661,749,"2000-04-13T00:00:00",170.6260367855974,-43.445442,59,0.494699990373279,0,0,0,9,"",0,170.61858766726985,-43.44856546645543,1608.5194,2047.9003,1866.9077,1857.8165,24.664513,211.31881713867188,6,"COPDEM30",1235
"RGI2000-v7.0-G-18-02182","18","18-01","G170627E43442S",772664,749,"2000-04-13T00:00:00",170.62696507003892,-43.4411285,59,0.010419423048357,0,0,0,9,"",0,170.62751907110305,-43.44066673488932,1775.9856,1886.9965,1817.5724,1821.2737,42.16026,48.06169,2,"COPDEM30",119
"RGI2000-v7.0-G-18-02183","18","18-01","G170633E43443S",772674,749,"2000-04-13T00:00:00",170.6336279896169,-43.443927,59,0.105396671268589,0,0,0,9,"",0,170.63224052252966,-43.442374628328075,1852.0635,2041.1357,1929.9451,1931.2751,27.410255,346.76910495758057,1,"COPDEM30",465
"RGI2000-v7.0-G-18-02184","18","18-01","G170638E43442S",772678,749,"2000-04-13T00:00:00",170.6384210635246,-43.442313,59,0.016560728808288,0,0,0,9,"",0,170.63929277475611,-43.441431373584926,1811.7489,1907.4907,1834.9855,1841.3774,26.13955,38.936836,2,"COPDEM30",230
"RGI2000-v7.0-G-18-02185","18","18-01","G170640E43443S",772688,749,"2000-04-13T00:00:00",170.64077419993504,-43.444231,59,0.017325735691721,0,0,0,9,"",0,170.64024970773184,-43.44334226909554,1862.0425,1995.347,1925.7684,1925.1432,39.044205,20.789732,1,"COPDEM30",226
"RGI2000-v7.0-G-18-02186","18","18-01","G170642E43448S",772693,749,"2000-04-13T00:00:00",170.64333875552052,-43.4467755,59,0.070610165068146,0,0,0,9,"",0,170.6443290524859,-43.447711852515795,1823.5752,2018.4462,1919.9941,1922.3684,38.03368,155.53435,4,"COPDEM30",285
"RGI2000-v7.0-G-18-02187","18","18-01","G170641E43449S",772689,749,"2000-04-13T00:00:00",170.64106597948728,-43.4492515,59,0.012098503366654,0,0,0,9,"",0,170.64193537294227,-43.449375742292446,1805.2158,1926.166,1861.456,1864.1328,42.034637,115.51029,4,"COPDEM30",144
"RGI2000-v7.0-G-18-02188","18","18-01","G170636E43449S",772672,749,"2000-04-13T00:00:00",170.63336121491227,-43.448986000000005,59,0.477351179383361,0,0,0,9,"",0,170.63496994672553,-43.45267109967258,1691.5829,2092.7014,1886.0656,1889.2599,26.694967,184.0836334228516,5,"COPDEM30",880
"RGI2000-v7.0-G-18-02189","18","18-01","G170645E43441S",772697,749,"2000-04-13T00:00:00",170.64487498780485,-43.441706499999995,59,0.065870793987105,0,0,0,9,"",0,170.6422288863848,-43.441491938501095,1880.8307,2051.455,1979.2148,1976.3164,25.078188,277.7399597167969,7,"COPDEM30",475
"RGI2000-v7.0-G-18-02190","18","18-01","G170647E43441S",772701,749,"2000-04-13T00:00:00",170.64733778912134,-43.441164,59,0.01750241818805,0,0,0,9,"",0,170.646939540239,-43.44037538226984,1975.5869,2063.04,2005.8333,2009.9482,27.189974,8.034291,1,"COPDEM30",176
"RGI2000-v7.0-G-18-02191","18","18-01","G170650E43444S",772706,749,"2000-04-13T00:00:00",170.64995050588234,-43.443573,59,0.146515005793723,0,0,0,9,"",0,170.65374322698378,-43.44509395710305,1817.0962,2095.6594,1971.8477,1964.9196,34.144455,146.09221,4,"COPDEM30",601
"RGI2000-v7.0-G-18-02192","18","18-01","G170628E43433S",772670,749,"2000-04-13T00:00:00",170.63063689084507,-43.434251,59,1.407942732118888,0,0,0,9,"",0,170.6433526540308,-43.43184246166122,1275.8068,2282.2104,1803.2413,1766.027,28.08723,118.76586,4,"COPDEM30",2586
"RGI2000-v7.0-G-18-02193","18","18-01","G170642E43425S",772687,749,"2000-04-13T00:00:00",170.64122380572917,-43.425225999999995,59,0.067678021099408,0,0,0,9,"",0,170.6401707196928,-43.42694590491585,1638.7341,1883.4609,1778.5553,1775.2305,36.48948,172.9221,5,"COPDEM30",344
"RGI2000-v7.0-G-18-02194","18","18-01","G170627E43413S",772663,749,"2000-04-13T00:00:00",170.62689981294466,-43.4134515,59,0.011252468059909,0,0,0,9,"",0,170.6281545934899,-43.41304249785194,1750.121,1818.9219,1788.3561,1787.7927,37.029716,130.01767,4,"COPDEM30",206
"RGI2000-v7.0-G-18-02195","18","18-01","G170627E43411S",772662,749,"2000-04-13T00:00:00",170.62656327173914,-43.409707,59,0.094477656884317,0,0,0,9,"",0,170.62875549949914,-43.410477890003335,1871.5938,2117.7961,2018.2812,2017.51,34.15804,139.64178,4,"COPDEM30",447
"RGI2000-v7.0-G-18-02196","18","18-01","G170623E43416S",772655,749,"2000-04-13T00:00:00",170.62009353597122,-43.417552,59,0.127425660009297,0,0,0,9,"",0,170.6236224764431,-43.41647895627863,1658.4208,1962.6698,1779.4277,1790.687,33.40903,106.67896,3,"COPDEM30",821
"RGI2000-v7.0-G-18-02197","18","18-01","G170612E43420S",772644,749,"2000-04-13T00:00:00",170.6125615390784,-43.418671,59,0.013749454003078,0,0,0,9,"",0,170.6122025961514,-43.41822306539672,1859.269,1984.3987,1888.7026,1903.0972,36.89305,271.51048278808594,7,"COPDEM30",188
"RGI2000-v7.0-G-18-02198","18","18-01","G170595E43417S",772622,749,"2000-04-13T00:00:00",170.59485388245932,-43.417343,59,0.027371477762123,0,0,0,9,"",0,170.59563315285558,-43.416836024143464,1208.2241,1333.6868,1252.8904,1254.9005,31.706594,91.69208,3,"COPDEM30",166
"RGI2000-v7.0-G-18-02199","18","18-01","G170585E43410S",772598,749,"2000-04-13T00:00:00",170.58546375724637,-43.4098925,59,0.047668489724342,0,0,0,9,"",0,170.58548514691915,-43.408156229829736,1771.7557,1981.1779,1884.4497,1877.2744,31.917967,5.9412627,1,"COPDEM30",389
"RGI2000-v7.0-G-18-02200","18","18-01","G170590E43408S",772612,749,"2000-04-13T00:00:00",170.5895871773743,-43.407725,59,0.018140776851043,0,0,0,9,"",0,170.58934208698764,-43.406890206727745,1820.0405,1914.6125,1854.3806,1858.1151,30.812473,336.8765163421631,8,"COPDEM30",201
"RGI2000-v7.0-G-18-02201","18","18-01","G170583E43412S",772593,749,"2000-04-13T00:00:00",170.58171814447905,-43.4126725,59,0.352376235606249,0,0,0,9,"",0,170.58461745297797,-43.40869309570816,1823.4797,2313.685,2127.0354,2117.5186,27.286413,43.802437,2,"COPDEM30",1104
"RGI2000-v7.0-G-18-02202","18","18-01","G170569E43417S",772581,749,"2000-04-13T00:00:00",170.57475632712865,-43.413155,59,0.957819904857543,0,0,0,9,"",0,170.5650938966128,-43.41437833562732,1807.061,2319.4104,2089.7905,2090.2856,24.019928,305.2146072387696,8,"COPDEM30",1339
"RGI2000-v7.0-G-18-02203","18","18-01","G170579E43407S",772588,749,"2000-04-13T00:00:00",170.57909544071708,-43.4072975,59,0.037029191144085,0,0,0,9,"",0,170.5784125359936,-43.40644626345254,1859.5731,1986.6351,1890.4294,1895.7429,25.65229,351.5708951950073,1,"COPDEM30",212
"RGI2000-v7.0-G-18-02204","18","18-01","G170613E43390S",772640,749,"2000-04-13T00:00:00",170.61246945535714,-43.390325,59,0.023099188566239,0,0,0,9,"",0,170.61138968972386,-43.39118723617151,1661.0104,1758.2682,1693.1956,1697.862,27.997255,184.73666381835932,5,"COPDEM30",219
"RGI2000-v7.0-G-18-02205","18","18-01","G170630E43395S",772657,749,"2000-04-13T00:00:00",170.6238698449721,-43.391919,59,0.116987793483854,0,0,0,9,"",0,170.6259979754253,-43.391917977975424,1734.6511,1917.8307,1808.4025,1812.7583,26.38808,82.805695,3,"COPDEM30",447
"RGI2000-v7.0-G-18-02206","18","18-01","G170628E43395S",772667,749,"2000-04-13T00:00:00",170.6283349102244,-43.395480500000005,59,0.05608638022948,0,0,0,9,"",0,170.6269725076785,-43.39587042591829,1762.9927,1840.5897,1796.2319,1795.7834,17.895391,275.18929290771484,7,"COPDEM30",332
"RGI2000-v7.0-G-18-02207","18","18-01","G170636E43397S",772676,749,"2000-04-13T00:00:00",170.6355133728399,-43.397489,59,0.045518484166212,0,0,0,9,"",0,170.63654298358017,-43.3968442462929,1886.3717,1986.1515,1937.2124,1935.5399,36.49281,90.56263,3,"COPDEM30",306
"RGI2000-v7.0-G-18-02208","18","18-01","G170638E43397S",772684,749,"2000-04-13T00:00:00",170.63868996185516,-43.3960165,59,0.016888770176097,0,0,0,9,"",0,170.63899582827295,-43.396720318763386,1775.3438,1855.9493,1822.5542,1820.1893,36.537296,146.1741,4,"COPDEM30",200
"RGI2000-v7.0-G-18-02209","18","18-01","G170637E43403S",772677,749,"2000-04-13T00:00:00",170.6375351191789,-43.4029045,59,0.033023011129874,0,0,0,9,"",0,170.63529769756533,-43.40537626699369,1662.9785,1949.5986,1806.0513,1801.9666,45.102116,143.30093,4,"COPDEM30",617
"RGI2000-v7.0-G-18-02210","18","18-01","G170639E43396S",772691,749,"2000-04-13T00:00:00",170.64160298349813,-43.402647,59,0.029069436624346,0,0,0,9,"",0,170.64235984745173,-43.40377063301508,1442.5295,1608.7124,1510.1038,1515.8079,39.12102,121.16468,4,"COPDEM30",263
"RGI2000-v7.0-G-18-02211","18","18-01","G170655E43394S",772709,749,"2000-04-13T00:00:00",170.65277004580673,-43.397387,59,0.416380399457216,0,0,0,9,"",0,170.6539237783523,-43.40437956236129,1235.6774,2086.5847,1738.1648,1706.4054,28.484959,182.087631225586,5,"COPDEM30",1834
"RGI2000-v7.0-G-18-02212","18","18-01","G170649E43394S",772703,749,"2000-04-13T00:00:00",170.64825375914617,-43.394044,59,0.05140704389564,0,0,0,9,"",0,170.64841129060954,-43.396574376597904,1857.3604,2072.285,1969.8535,1974.9723,38.51649,128.72739,4,"COPDEM30",537
"RGI2000-v7.0-G-18-02213","18","18-01","G170653E43390S",772708,749,"2000-04-13T00:00:00",170.6533704346847,-43.3897575,59,0.046926950371877,0,0,0,9,"",0,170.65296793795017,-43.390828128190606,1951.4548,2129.7158,2045.886,2046.2186,38.110916,151.19226,4,"COPDEM30",209
"RGI2000-v7.0-G-18-02214","18","18-01","G170657E43389S",772713,749,"2000-04-13T00:00:00",170.6567884172859,-43.388537,59,0.035225451409465,0,0,0,9,"",0,170.6557875896438,-43.38921793469261,2060.5955,2256.641,2168.007,2165.0781,43.850464,195.528564453125,5,"COPDEM30",231
"RGI2000-v7.0-G-18-02215","18","18-01","G170662E43389S",772717,749,"2000-04-13T00:00:00",170.66060658567545,-43.388740999999996,59,0.158011933003555,0,0,0,9,"",0,170.66489975737292,-43.390456291893706,1869.0945,2308.7542,2075.083,2087.315,34.341892,104.3056,3,"COPDEM30",759
"RGI2000-v7.0-G-18-02216","18","18-01","G170659E43381S",772715,749,"2000-04-13T00:00:00",170.65845868730827,-43.382898,59,0.02295289797085,0,0,0,9,"",0,170.65933109256693,-43.38309988066503,1976.4313,2093.2961,2036.6564,2035.3676,34.93125,54.02218,2,"COPDEM30",152
"RGI2000-v7.0-G-18-02217","18","18-01","G170656E43376S",772712,749,"2000-04-13T00:00:00",170.6557546896336,-43.376079000000004,59,0.016665859467784,0,0,0,9,"",0,170.65468814152572,-43.37631613413214,1979.3838,2022.6139,1995.9185,1996.1847,18.304298,321.9677047729492,8,"COPDEM30",205
"RGI2000-v7.0-G-18-02218","18","18-01","G170656E43370S",772711,749,"2000-04-13T00:00:00",170.65439967221585,-43.3706995,59,0.253584520104398,0,0,0,9,"",0,170.66041061249527,-43.36845993533199,1499.693,1934.2251,1649.6245,1655.2511,24.502232,67.63047,3,"COPDEM30",992
"RGI2000-v7.0-G-18-02219","18","18-01","G170650E43367S",772704,749,"2000-04-13T00:00:00",170.64944214989757,-43.3673745,59,0.052374095365552,0,0,0,9,"",0,170.65168122837576,-43.36707301885201,1979.7228,2176.8633,2101.3315,2094.9556,36.266254,118.84086,4,"COPDEM30",419
"RGI2000-v7.0-G-18-02220","18","18-01","G170643E43365S",772692,749,"2000-04-13T00:00:00",170.6430255357143,-43.36457,59,0.045631928817191,0,0,0,9,"",0,170.64231097662832,-43.36351405599726,1877.7568,2036.0769,1957.2078,1957.4542,31.52141,1.9924479,1,"COPDEM30",420
"RGI2000-v7.0-G-18-02221","18","18-01","G170639E43369S",772683,749,"2000-04-13T00:00:00",170.63919092175573,-43.368906499999994,59,0.328426535237133,0,0,0,9,"",0,170.6326790362313,-43.36865657161764,1850.6543,2268.7405,2061.6912,2071.7551,23.729029,302.1639823913574,8,"COPDEM30",1115
"RGI2000-v7.0-G-18-02222","18","18-01","G170640E43374S",772686,749,"2000-04-13T00:00:00",170.6407752716412,-43.373048,59,0.145952972827575,0,0,0,9,"",0,170.63970385888877,-43.375189988948975,1898.3673,2229.3926,2043.9376,2044.4027,35.67318,194.4340362548828,5,"COPDEM30",522
"RGI2000-v7.0-G-18-02223","18","18-01","G170644E43372S",772695,749,"2000-04-13T00:00:00",170.64367609794778,-43.3718525,59,0.025603967119753,0,0,0,9,"",0,170.64218510812734,-43.37199838411225,2143.1738,2267.9802,2209.9778,2206.4617,37.859875,214.2893829345703,6,"COPDEM30",289
"RGI2000-v7.0-G-18-02224","18","18-01","G170648E43373S",772700,749,"2000-04-13T00:00:00",170.64727851622138,-43.373234499999995,59,0.050387588764406,0,0,0,9,"",0,170.6489536936282,-43.37322288444982,1983.52,2195.0164,2103.724,2104.5725,35.851917,99.90337,3,"COPDEM30",275
"RGI2000-v7.0-G-18-02225","18","18-01","G170658E43363S",772714,749,"2000-04-13T00:00:00",170.65754229141282,-43.363024,59,0.13562283886833,0,0,0,9,"",0,170.65647873312116,-43.365328058253596,1832.4907,2120.9473,1986.7234,1987.7784,31.155022,174.59435,5,"COPDEM30",566
"RGI2000-v7.0-G-18-02226","18","18-01","G170664E43360S",772721,749,"2000-04-13T00:00:00",170.66632079747745,-43.3592555,59,0.230483533542843,0,0,0,9,"",0,170.67091194196593,-43.357478957942334,1778.7407,2121.7095,1934.9384,1941.8771,31.521751,137.63588,4,"COPDEM30",998
"RGI2000-v7.0-G-18-02227","18","18-01","G170667E43357S",772722,749,"2000-04-13T00:00:00",170.66747944959783,-43.3569325,59,0.032462068411219,0,0,0,9,"",0,170.66772980880637,-43.35823294609141,1929.8619,2080.7034,2028.7399,2023.3351,30.005396,155.68152,4,"COPDEM30",288
"RGI2000-v7.0-G-18-02228","18","18-01","G170672E43354S",772723,749,"2000-04-13T00:00:00",170.6720254035294,-43.353750000000005,59,0.140698178779869,0,0,0,9,"",0,170.67273322977752,-43.35673156840562,1735.8544,2231.2498,1911.9592,1923.1663,36.240204,146.58969,4,"COPDEM30",740
"RGI2000-v7.0-G-18-02229","18","18-01","G170677E43350S",772726,749,"2000-04-13T00:00:00",170.67637484818482,-43.3492665,59,0.132481633041695,0,0,0,9,"",0,170.67907053789705,-43.351259886964066,1839.3999,2238.2646,2064.9355,2057.9382,39.426,139.71684,4,"COPDEM30",548
"RGI2000-v7.0-G-18-02230","18","18-01","G170681E43348S",772727,749,"2000-04-13T00:00:00",170.6810676017964,-43.347559,59,0.047813569381585,0,0,0,9,"",0,170.6837982502404,-43.34820087845616,1951.0182,2081.3394,2037.316,2030.8943,31.494297,159.36937,5,"COPDEM30",415
"RGI2000-v7.0-G-18-02231","18","18-01","G170693E43345S",772729,749,"2000-04-13T00:00:00",170.68218203631778,-43.3450135,59,0.139002306872322,0,0,0,9,"",0,170.68151494612434,-43.343788408419194,1903.2522,2081.721,2010.7281,2008.5251,28.78524,355.7644872665405,1,"COPDEM30",317
"RGI2000-v7.0-G-18-02232","18","18-01","G170686E43348S",772732,749,"2000-04-13T00:00:00",170.68581340832606,-43.348046999999994,59,0.053359169444162,0,0,0,9,"",0,170.68612368228435,-43.35008317200699,1784.705,1994.7041,1923.6289,1912.6746,28.821604,156.17949,4,"COPDEM30",445
"RGI2000-v7.0-G-18-02233","18","18-01","G170691E43350S",772734,749,"2000-04-13T00:00:00",170.69081955178166,-43.350016,59,0.346413881736978,0,0,0,9,"",0,170.68643007127187,-43.35425435690983,1478.2927,2191.7754,1887.0767,1884.5992,30.293346,208.89334106445312,6,"COPDEM30",1225
"RGI2000-v7.0-G-18-02234","18","18-01","G170688E43352S",772739,749,"2000-04-13T00:00:00",170.69867947245422,-43.3508,59,0.517614855354694,0,0,0,9,"",0,170.68790124871316,-43.35471833436443,1529.5074,2142.277,1899.6687,1864.045,25.26083,213.41778564453125,6,"COPDEM30",1580
"RGI2000-v7.0-G-18-02235","18","18-01","G170706E43353S",772751,749,"2000-04-13T00:00:00",170.7055555605263,-43.353386,59,0.04106992874207,0,0,0,9,"",0,170.70715410258836,-43.35328160321481,1890.4727,2059.7737,1993.161,1987.1218,34.36871,81.92198,3,"COPDEM30",272
"RGI2000-v7.0-G-18-02236","18","18-01","G170705E43356S",772746,749,"2000-04-13T00:00:00",170.70444370419426,-43.3567415,59,0.015957970634095,0,0,0,9,"",0,170.7040736637212,-43.35636720882179,2095.749,2177.196,2124.852,2128.2905,28.590054,328.6700019836426,8,"COPDEM30",155
"RGI2000-v7.0-G-18-02237","18","18-01","G170701E43362S",772743,749,"2000-04-13T00:00:00",170.70224149343676,-43.360848000000004,59,0.232101206911751,0,0,0,9,"",0,170.69817281988253,-43.36367048674176,1720.8538,2175.9883,1954.0547,1948.0841,32.02647,207.09600830078125,6,"COPDEM30",867
"RGI2000-v7.0-G-18-02238","18","18-01","G170702E43364S",772744,749,"2000-04-13T00:00:00",170.70206798737442,-43.364452,59,0.050169791801764,0,0,0,9,"",0,170.70033154563598,-43.36481876268292,1797.269,1998.2747,1891.0967,1890.1052,35.32941,261.02758026123047,7,"COPDEM30",305
"RGI2000-v7.0-G-18-02239","18","18-01","G170705E43369S",772749,749,"2000-04-13T00:00:00",170.70457337117347,-43.3691735,59,0.263758535868557,0,0,0,9,"",0,170.69969287475533,-43.37019872488826,1882.0066,2320.7693,2058.1743,2075.113,29.092592,271.8246841430664,7,"COPDEM30",1003
"RGI2000-v7.0-G-18-02240","18","18-01","G170707E43371S",772753,749,"2000-04-13T00:00:00",170.7072256875,-43.370853,59,0.025122948034237,0,0,0,9,"",0,170.70752262363098,-43.371766779546256,2065.132,2192.3533,2154.3333,2148.1108,34.519783,150.85576,4,"COPDEM30",230
"RGI2000-v7.0-G-18-02241","18","18-01","G170704E43374S",772747,749,"2000-04-13T00:00:00",170.7040168851706,-43.373654,59,0.051887450018013,0,0,0,9,"",0,170.70569323493066,-43.37398112883057,2076.9895,2193.151,2162.6082,2153.9695,28.074734,135.72075,4,"COPDEM30",334
"RGI2000-v7.0-G-18-02242","18","18-01","G170713E43374S",772759,749,"2000-04-13T00:00:00",170.71185120800936,-43.374978999999996,59,0.565919525520766,0,0,0,9,"",0,170.70872285059042,-43.38057014162152,1534.6979,2162.1104,1936.5422,1899.5944,26.642324,205.54786682128903,6,"COPDEM30",1426
"RGI2000-v7.0-G-18-02243","18","18-01","G170716E43379S",772762,749,"2000-04-13T00:00:00",170.71567169732987,-43.379461,59,0.043845701985969,0,0,0,9,"",0,170.71528369933893,-43.380783530688475,1882.0105,1984.7499,1912.7683,1917.4067,18.357168,215.57131958007807,6,"COPDEM30",330
"RGI2000-v7.0-G-18-02244","18","18-01","G170726E43378S",772781,749,"2000-04-13T00:00:00",170.72611988824883,-43.377283000000006,59,0.992736605062924,0,0,0,9,"",0,170.72315972171288,-43.384225139971996,1642.205,2247.353,2052.7632,2039.7684,21.54001,184.73709106445312,5,"COPDEM30",1433
"RGI2000-v7.0-G-18-02245","18","18-01","G170733E43376S",772786,749,"2000-04-13T00:00:00",170.73304281111112,-43.375536,59,0.026835104527932,0,0,0,9,"",0,170.73433615996169,-43.37467857971195,1959.9719,2116.4053,2067.0667,2058.5518,31.247015,73.79567,3,"COPDEM30",265
"RGI2000-v7.0-G-18-02246","18","18-01","G170731E43373S",772785,749,"2000-04-13T00:00:00",170.73047242434723,-43.372902999999994,59,0.161077178979056,0,0,0,9,"",0,170.7343808217173,-43.372815973390765,1908.3235,2291.7183,2133.0273,2118.186,29.727482,101.629425,3,"COPDEM30",581
"RGI2000-v7.0-G-18-02247","18","18-01","G170728E43367S",772784,749,"2000-04-13T00:00:00",170.72780669455446,-43.367362,59,0.011145669864574,0,0,0,9,"",0,170.7272515022953,-43.36705847949774,1992.2062,2086.321,2029.4556,2031.5283,36.624493,312.19397735595703,8,"COPDEM30",123
"RGI2000-v7.0-G-18-02248","18","18-01","G170726E43368S",772779,749,"2000-04-13T00:00:00",170.72398901351352,-43.3688475,59,0.03239565354617,0,0,0,9,"",0,170.72511130256763,-43.36719057113986,1912.2336,2171.765,2063.8713,2060.1956,37.77317,14.772939,1,"COPDEM30",433
"RGI2000-v7.0-G-18-02249","18","18-01","G170720E43372S",772774,749,"2000-04-13T00:00:00",170.71975106660585,-43.371633,59,0.019757462231009,0,0,0,9,"",0,170.7178302319452,-43.37041043235868,2138.1555,2245.8044,2185.5332,2187.0647,36.186867,228.5702972412109,6,"COPDEM30",182
"RGI2000-v7.0-G-18-02250","18","18-01","G170719E43366S",772769,749,"2000-04-13T00:00:00",170.71893700046184,-43.366470500000005,59,0.017922463986608,0,0,0,9,"",0,170.71953901702008,-43.36556489741374,1845.5925,1982.941,1901.9435,1908.0562,34.188377,43.20801,2,"COPDEM30",191
"RGI2000-v7.0-G-18-02251","18","18-01","G170717E43367S",772764,749,"2000-04-13T00:00:00",170.71709143878462,-43.3665185,59,0.021969439863133,0,0,0,9,"",0,170.71728788371846,-43.364387557024216,1922.9014,2173.3235,2040.3677,2037.2994,45.873165,51.31144,2,"COPDEM30",485
"RGI2000-v7.0-G-18-02252","18","18-01","G170715E43365S",772760,749,"2000-04-13T00:00:00",170.71332946688742,-43.364194,59,0.297140751836383,0,0,0,9,"",0,170.71812221451887,-43.36086272239526,1924.1263,2292.9324,2100.756,2105.8862,26.164146,72.557785,3,"COPDEM30",970
"RGI2000-v7.0-G-18-02253","18","18-01","G170719E43362S",772768,749,"2000-04-13T00:00:00",170.71947116763567,-43.3616375,59,0.010216855752071,0,0,0,9,"",0,170.72043570109722,-43.361721823534886,1795.9054,1863.4851,1824.4034,1823.1326,23.741041,99.336334,3,"COPDEM30",155
"RGI2000-v7.0-G-18-02254","18","18-01","G170722E43359S",772773,749,"2000-04-13T00:00:00",170.72021434257155,-43.359677500000004,59,0.040198376801972,0,0,0,9,"",0,170.72251886558303,-43.359618653671134,1786.2345,1966.6644,1853.8398,1861.6503,44.01179,137.8876,4,"COPDEM30",385
"RGI2000-v7.0-G-18-02255","18","18-01","G170724E43358S",772778,749,"2000-04-13T00:00:00",170.72376489503816,-43.3576345,59,0.011206999178876,0,0,0,9,"",0,170.72437014817507,-43.35801317896888,1802.3881,1866.7378,1838.2148,1835.7678,32.24258,142.37831,4,"COPDEM30",124
"RGI2000-v7.0-G-18-02256","18","18-01","G170726E43356S",772780,749,"2000-04-13T00:00:00",170.72597521153847,-43.35644,59,0.010256667011302,0,0,0,9,"",0,170.7258099048365,-43.356976549144505,1821.9176,1866.0063,1842.3566,1842.5477,27.486464,157.89867,5,"COPDEM30",92
"RGI2000-v7.0-G-18-02257","18","18-01","G170714E43349S",772761,749,"2000-04-13T00:00:00",170.71509475117332,-43.3485075,59,0.630752794306504,0,0,0,9,"",0,170.72578238872146,-43.34841094519106,1314.2689,2241.3586,1779.4902,1743.0822,27.714718,123.43749,4,"COPDEM30",1818
"RGI2000-v7.0-G-18-02258","18","18-01","G170706E43344S",772750,749,"2000-04-13T00:00:00",170.70614012024276,-43.344178,59,0.070592228007281,0,0,0,9,"",0,170.70725739638542,-43.34327087302646,2011.719,2220.72,2100.8442,2099.8044,34.07684,27.1037,2,"COPDEM30",370
"RGI2000-v7.0-G-18-02259","18","18-01","G170710E43342S",772755,749,"2000-04-13T00:00:00",170.70982606428572,-43.341575,59,0.397725637626387,0,0,0,9,"",0,170.7105888314447,-43.33850158806927,1890.9896,2128.648,2011.499,2009.5825,20.077572,327.62865447998047,8,"COPDEM30",720
"RGI2000-v7.0-G-18-02260","18","18-01","G170702E43341S",772742,749,"2000-04-13T00:00:00",170.7023264710821,-43.340563,59,0.064058609917627,0,0,0,9,"",0,170.70121504187807,-43.339477331231244,1769.7275,1922.9446,1860.395,1852.8737,27.796608,339.45374488830566,1,"COPDEM30",265
"RGI2000-v7.0-G-18-02261","18","18-01","G170694E43344S",772736,749,"2000-04-13T00:00:00",170.69650847828808,-43.344182,59,0.175593531718927,0,0,0,9,"",0,170.69288103904967,-43.34382701198903,1931.1357,2293.9424,2136.1506,2138.5222,29.807293,325.68310546875,8,"COPDEM30",828
"RGI2000-v7.0-G-18-02262","18","18-01","G170692E43331S",772735,749,"2000-04-13T00:00:00",170.69322822478188,-43.3310005,59,0.321280183476931,0,0,0,9,"",0,170.69108881053597,-43.33433600973784,1694.9384,2049.655,1918.5638,1912.1932,26.7358,190.6094665527344,5,"COPDEM30",824
"RGI2000-v7.0-G-18-02263","18","18-01","G170681E43327S",772731,749,"2000-04-13T00:00:00",170.6860917163158,-43.3266565,59,1.273207391449893,0,0,0,9,"",0,170.67939139107193,-43.3336289863388,1393.3356,2093.6174,1894.8004,1855.2744,18.151001,203.90538024902344,6,"COPDEM30",1875
"RGI2000-v7.0-G-18-02264","18","18-01","G170682E43317S",772728,749,"2000-04-13T00:00:00",170.68150375619047,-43.317469,59,0.122522150160831,0,0,0,9,"",0,170.6808264539558,-43.315386707575094,1862.7922,2139.9,2016.689,2004.5536,33.36322,26.392836,2,"COPDEM30",486
"RGI2000-v7.0-G-18-02265","18","18-01","G170683E43315S",772730,749,"2000-04-13T00:00:00",170.68252246278317,-43.314822,59,0.102387113764231,0,0,0,9,"",0,170.6847081605056,-43.3130386432121,1735.8446,1906.0161,1786.5468,1794.257,23.832403,19.128098,1,"COPDEM30",424
"RGI2000-v7.0-G-18-02266","18","18-01","G170687E43316S",772733,749,"2000-04-13T00:00:00",170.68738449712646,-43.3160685,59,0.044669699008734,0,0,0,9,"",0,170.68888628304745,-43.31475905411058,1702.1738,1954.6368,1758.5409,1774.9985,32.64416,32.201702,2,"COPDEM30",361
"RGI2000-v7.0-G-18-02267","18","18-01","G170698E43317S",772738,749,"2000-04-13T00:00:00",170.69805020409837,-43.317276,59,0.023605425362548,0,0,0,9,"",0,170.69738892005913,-43.31679650779713,2070.5032,2205.6074,2113.6978,2122.8252,36.67319,339.70092391967773,1,"COPDEM30",209
"RGI2000-v7.0-G-18-02268","18","18-01","G170701E43318S",772741,749,"2000-04-13T00:00:00",170.70097874404763,-43.3182495,59,0.019769016011709,0,0,0,9,"",0,170.70062976388547,-43.316688644314326,2085.2615,2291.0366,2212.1016,2203.7656,33.43545,8.621367,1,"COPDEM30",351
"RGI2000-v7.0-G-18-02269","18","18-01","G170707E43316S",772752,749,"2000-04-13T00:00:00",170.7066685526906,-43.3157815,59,0.078741346623596,0,0,0,9,"",0,170.7078176059181,-43.314355445054844,2064.3518,2322.7812,2200.24,2200.4937,38.0779,0.71092486,1,"COPDEM30",322
"RGI2000-v7.0-G-18-02270","18","18-01","G170705E43323S",772748,749,"2000-04-13T00:00:00",170.70463015356,-43.323277000000004,59,1.266869745756324,0,0,0,9,"",0,170.68928319727593,-43.32060140944823,1926.2275,2432.8435,2080.7183,2089.6528,16.219673,197.5382843017578,5,"COPDEM30",2485
"RGI2000-v7.0-G-18-02271","18","18-01","G170706E43335S",772756,749,"2000-04-13T00:00:00",170.71112115273684,-43.3317375,59,1.645720836828071,0,0,0,9,"",0,170.69299871528142,-43.33768092470488,1407.365,2187.0586,2016.3434,1933.3994,20.73456,222.202880859375,6,"COPDEM30",2195
"RGI2000-v7.0-G-18-02272","18","18-01","G170718E43333S",772767,749,"2000-04-13T00:00:00",170.7184806013925,-43.3334465,59,0.055477665658505,0,0,0,9,"",0,170.72013163750287,-43.33354876456793,2035.3696,2204.0608,2156.4536,2147.654,30.441587,148.9094,4,"COPDEM30",274
"RGI2000-v7.0-G-18-02273","18","18-01","G170717E43337S",772763,749,"2000-04-13T00:00:00",170.7171291872385,-43.3369255,59,0.252102578496299,0,0,0,9,"",0,170.72883350686874,-43.334799796811126,1512.1494,2092.4978,1894.1536,1846.5815,29.559978,100.16654,3,"COPDEM30",1344
"RGI2000-v7.0-G-18-02274","18","18-01","G170721E43338S",772772,749,"2000-04-13T00:00:00",170.7196949957983,-43.3403555,59,0.283468124598024,0,0,0,9,"",0,170.72393039864943,-43.33868541915699,1756.8317,2126.0007,1947.239,1951.8436,26.45443,61.932552,2,"COPDEM30",800
"RGI2000-v7.0-G-18-02275","18","18-01","G170726E43343S",772776,749,"2000-04-13T00:00:00",170.72326365283317,-43.343338,59,0.023515660507655,0,0,0,9,"",0,170.72484978107,-43.34371602099082,1880.2233,1981.8356,1941.5885,1938.7546,40.647,159.83958,5,"COPDEM30",192
"RGI2000-v7.0-G-18-02276","18","18-01","G170711E43359S",772757,749,"2000-04-13T00:00:00",170.710736538027,-43.3590575,59,0.556004975226582,0,0,0,9,"",0,170.7144312605876,-43.354142425214896,1761.549,2323.2922,1993.3585,1996.5698,26.715048,38.54204,2,"COPDEM30",1377
"RGI2000-v7.0-G-18-02277","18","18-01","G170672E43360S",772724,749,"2000-04-13T00:00:00",170.67208323218307,-43.3601515,59,0.043909540037677,0,0,0,9,"",0,170.67232072876928,-43.36107442366867,1764.5931,1867.4274,1820.9233,1820.3801,29.073835,190.57742309570312,5,"COPDEM30",242
"RGI2000-v7.0-G-18-02278","18","18-01","G170661E43353S",772716,749,"2000-04-13T00:00:00",170.66124775502016,-43.3536045,59,1.083277575708216,0,0,0,9,"",0,170.65195914785681,-43.35807173701957,1676.4884,2286.3564,2001.8877,1983.9412,19.293715,254.57288360595703,7,"COPDEM30",1994
"RGI2000-v7.0-G-18-02279","18","18-01","G170646E43329S",772698,749,"2000-04-13T00:00:00",170.64601847115384,-43.328638999999995,59,0.014577130126027,0,0,0,9,"",0,170.64537781225403,-43.32970045098394,1579.8813,1717.2242,1620.5884,1630.0535,28.715275,220.4742431640625,6,"COPDEM30",271
"RGI2000-v7.0-G-18-02280","18","18-01","G170641E43324S",772685,749,"2000-04-13T00:00:00",170.63964696081516,-43.3250505,59,1.288456236306879,0,0,0,9,"",0,170.63878535570845,-43.3332118768328,1119.867,2085.6846,1869.1243,1838.5944,20.551853,182.75714111328125,5,"COPDEM30",1963
"RGI2000-v7.0-G-18-02281","18","18-01","G170633E43329S",772671,749,"2000-04-13T00:00:00",170.6328343582474,-43.328649999999996,59,0.012345620250492,0,0,0,9,"",0,170.63264819072256,-43.32931418029936,1752.8282,1845.9631,1798.333,1796.7214,34.05284,166.29381,5,"COPDEM30",144
"RGI2000-v7.0-G-18-02282","18","18-01","G170628E43329S",772666,749,"2000-04-13T00:00:00",170.62817115328465,-43.328809,59,0.18485801613187,0,0,0,9,"",0,170.62666688052352,-43.332136029201855,1497.0703,1922.2211,1765.413,1752.8196,29.41384,165.20099,5,"COPDEM30",686
"RGI2000-v7.0-G-18-02283","18","18-01","G170630E43326S",772665,749,"2000-04-13T00:00:00",170.6275733131173,-43.324289500000006,59,0.223043343199407,0,0,0,9,"",0,170.6300710519658,-43.32632317786296,1834.625,1971.9023,1865.7526,1874.1526,18.737452,174.45284,5,"COPDEM30",629
"RGI2000-v7.0-G-18-02284","18","18-01","G170615E43324S",772649,749,"2000-04-13T00:00:00",170.61650997169812,-43.323918500000005,59,0.710226209492806,0,0,0,9,"",0,170.60881473717467,-43.32603718273702,1741.6559,2025.6748,1875.0557,1868.2552,13.6413145,254.0949859619141,7,"COPDEM30",1325
"RGI2000-v7.0-G-18-02285","18","18-01","G170616E43318S",772652,749,"2000-04-13T00:00:00",170.6178473864504,-43.31917,59,0.06567305182132,0,0,0,9,"",0,170.61941543741827,-43.31926018453641,1845.4728,1983.451,1919.2476,1921.6583,25.841352,72.12429,3,"COPDEM30",395
"RGI2000-v7.0-G-18-02286","18","18-01","G170611E43318S",772643,749,"2000-04-13T00:00:00",170.61314375308643,-43.318043,59,0.207598483732257,0,0,0,9,"",0,170.60929840901824,-43.32006459098194,1744.3253,2078.955,1917.5916,1913.9159,28.087442,218.8578643798828,6,"COPDEM30",606
"RGI2000-v7.0-G-18-02287","18","18-01","G170614E43316S",772645,749,"2000-04-13T00:00:00",170.61416420700635,-43.3164875,59,0.024268420962689,0,0,0,9,"",0,170.61551309084425,-43.31583270139367,1918.2168,2020.5504,1980.8187,1975.0327,27.746843,63.804237,2,"COPDEM30",271
"RGI2000-v7.0-G-18-02288","18","18-01","G170606E43317S",772633,749,"2000-04-13T00:00:00",170.60640868405181,-43.3169855,59,0.010502169925287,0,0,0,9,"",0,170.60515186165898,-43.31719757983254,1875.0143,1959.5906,1909.8462,1912.6578,34.531307,195.1685333251953,5,"COPDEM30",259
"RGI2000-v7.0-G-18-02289","18","18-01","G170619E43329S",772653,749,"2000-04-13T00:00:00",170.6183426167035,-43.3289865,59,0.161917898802361,0,0,0,9,"",0,170.6158106076574,-43.32946225213346,1735.4441,2002.8251,1845.041,1847.6069,26.586388,217.0707092285156,6,"COPDEM30",357
"RGI2000-v7.0-G-18-02290","18","18-01","G170599E43335S",772627,749,"2000-04-13T00:00:00",170.5979006744032,-43.3328055,59,0.259576854443108,0,0,0,9,"",0,170.60094172705905,-43.33847951505834,1213.0757,1551.7329,1425.479,1412.0017,23.46965,131.19272,4,"COPDEM30",1579
"RGI2000-v7.0-G-18-02291","18","18-01","G170590E43337S",772611,749,"2000-04-13T00:00:00",170.5901682645756,-43.337113,59,0.226130833651186,0,0,0,9,"",0,170.59782557475373,-43.33956999034957,1298.992,1992.5406,1515.6902,1576.4457,32.90989,117.395935,4,"COPDEM30",1298
"RGI2000-v7.0-G-18-02292","18","18-01","G170586E43336S",772605,749,"2000-04-13T00:00:00",170.5862485489378,-43.335711,59,0.143596482627813,0,0,0,9,"",0,170.58719010483358,-43.338148999783186,1846.368,2188.8113,2028.0826,2019.4761,31.032167,162.28767,5,"COPDEM30",574
"RGI2000-v7.0-G-18-02293","18","18-01","G170581E43335S",772592,749,"2000-04-13T00:00:00",170.58224117127793,-43.3351655,59,0.06537464579412,0,0,0,9,"",0,170.58071423024953,-43.335686586337005,1941.0084,2102.9412,2011.6976,2013.4569,27.371462,248.6580810546875,7,"COPDEM30",357
"RGI2000-v7.0-G-18-02294","18","18-01","G170588E43343S",772608,749,"2000-04-13T00:00:00",170.58822794867797,-43.343402,59,0.020885335200147,0,0,0,9,"",0,170.58865105547036,-43.34418790317628,1821.6116,1928.6302,1874.4027,1873.4812,28.34448,155.42935,4,"COPDEM30",234
"RGI2000-v7.0-G-18-02295","18","18-01","G170592E43346S",772616,749,"2000-04-13T00:00:00",170.59134549669602,-43.345456999999996,59,0.090189624061361,0,0,0,9,"",0,170.5913458580329,-43.346964865611675,1577.459,1778.0691,1662.8221,1667.4679,28.89567,161.48938,5,"COPDEM30",367
"RGI2000-v7.0-G-18-02296","18","18-01","G170637E43308S",772690,749,"2000-04-13T00:00:00",170.64242375240391,-43.314432,59,1.218429074684326,0,0,0,9,"",0,170.62314205004424,-43.314620597074615,1398.1085,2369.763,2005.0642,1989.8533,21.120876,271.88206481933594,7,"COPDEM30",2852
"RGI2000-v7.0-G-18-02297","18","18-01","G170645E43308S",772696,749,"2000-04-13T00:00:00",170.64471126369048,-43.3084805,59,0.974458366975381,0,0,0,9,"",0,170.62209650121164,-43.30779179132485,1218.9866,2318.1135,2076.8638,1985.1445,20.057621,275.1684112548828,7,"COPDEM30",2735
"RGI2000-v7.0-G-18-02298","18","18-01","G170639E43304S",772682,749,"2000-04-13T00:00:00",170.63856767638038,-43.303832,59,0.164265084374995,0,0,0,9,"",0,170.63561318514002,-43.304850398260044,1972.2566,2324.2031,2123.4973,2131.1655,31.117147,282.5917510986328,7,"COPDEM30",586
"RGI2000-v7.0-G-18-02299","18","18-01","G170639E43297S",772681,749,"2000-04-13T00:00:00",170.63879594898697,-43.29661,59,0.37434341413571,0,0,0,9,"",0,170.63371038339352,-43.29813113476693,1763.8192,2403.2168,2140.1582,2114.7603,33.479057,211.1888732910156,6,"COPDEM30",1050
"RGI2000-v7.0-G-18-02300","18","18-01","G170656E43299S",772699,749,"2000-04-13T00:00:00",170.64699602763292,-43.299147000000005,59,2.54363639209029,0,0,0,9,"",0,170.67635252672483,-43.297379563463366,1351.8431,2410.292,1952.3411,1907.1338,23.526138,75.527596,3,"COPDEM30",3241
"RGI2000-v7.0-G-18-02301","18","18-01","G170637E43290S",772675,749,"2000-04-13T00:00:00",170.6364177816594,-43.290203,59,0.056633626344577,0,0,0,9,"",0,170.63484926146847,-43.2900526645886,2140.2375,2391.1064,2266.8667,2260.4219,37.726624,316.6707458496094,8,"COPDEM30",314
"RGI2000-v7.0-G-18-02302","18","18-01","G170639E43288S",772680,749,"2000-04-13T00:00:00",170.6386415298869,-43.288425000000004,59,0.028585576759957,0,0,0,9,"",0,170.6394315810769,-43.287962052948515,2231.5142,2302.179,2287.1343,2279.9453,26.223581,66.76557,2,"COPDEM30",211
"RGI2000-v7.0-G-18-02303","18","18-01","G170640E43282S",772679,749,"2000-04-13T00:00:00",170.63872222277723,-43.282114,59,0.063196088760156,0,0,0,9,"",0,170.64116137474744,-43.28263245461372,1894.2136,2105.1143,2024.2776,2015.7856,32.67507,118.54961,4,"COPDEM30",351
"RGI2000-v7.0-G-18-02304","18","18-01","G170640E43276S",772673,749,"2000-04-13T00:00:00",170.6335319904636,-43.278386,59,0.398016208153678,0,0,0,9,"",0,170.63687796833966,-43.27498657477925,1679.9072,2105.7756,1978.9719,1966.4955,27.438286,352.0024600028992,1,"COPDEM30",959
"RGI2000-v7.0-G-18-02305","18","18-01","G170626E43279S",772660,749,"2000-04-13T00:00:00",170.62560116689724,-43.279163999999994,59,0.045682302055192,0,0,0,9,"",0,170.62531732968495,-43.28088372847295,1617.857,1866.8453,1753.6879,1744.61,35.43011,191.3885955810547,5,"COPDEM30",408
"RGI2000-v7.0-G-18-02306","18","18-01","G170623E43277S",772656,749,"2000-04-13T00:00:00",170.62320533078605,-43.276932,59,0.034969033673093,0,0,0,9,"",0,170.62097023950702,-43.27793413733819,1792.3516,1989.509,1888.1179,1887.6543,31.357367,231.0720367431641,6,"COPDEM30",381
"RGI2000-v7.0-G-18-02307","18","18-01","G170624E43283S",772659,749,"2000-04-13T00:00:00",170.6254521263441,-43.284150999999994,59,0.375902048543428,0,0,0,9,"",0,170.61341049754495,-43.282834476978145,1259.7244,1690.8615,1499.9801,1494.9095,18.460087,275.61509704589844,7,"COPDEM30",1636
"RGI2000-v7.0-G-18-02308","18","18-01","G170630E43292S",772668,749,"2000-04-13T00:00:00",170.62878370756079,-43.291432,59,0.089589408441773,0,0,0,9,"",0,170.62576854788344,-43.29002201996946,1759.5217,2033.3335,1870.4502,1870.7162,28.375166,306.39428329467773,8,"COPDEM30",541
"RGI2000-v7.0-G-18-02309","18","18-01","G170629E43300S",772669,749,"2000-04-13T00:00:00",170.62948128146684,-43.300059000000005,59,0.160537174942125,0,0,0,9,"",0,170.62113810050167,-43.30237307731622,1270.3053,1623.0637,1470.0989,1459.265,20.25133,229.9425048828125,6,"COPDEM30",1056
"RGI2000-v7.0-G-18-02310","18","18-01","G170651E43286S",772702,749,"2000-04-13T00:00:00",170.64842050830566,-43.2865605,59,0.412620874603468,0,0,0,9,"",0,170.66393825427818,-43.28625211824721,1101.7988,2071.9514,1436.3359,1470.4641,26.144335,66.84271,2,"COPDEM30",2059
"RGI2000-v7.0-G-18-02311","18","18-01","G170649E43276S",772694,749,"2000-04-13T00:00:00",170.64446245801525,-43.276575,59,0.043021934109298,0,0,0,9,"",0,170.64536933111975,-43.274820656016274,1931.2584,2054.2446,2018.2828,2007.3348,25.16984,51.52088,2,"COPDEM30",344
"RGI2000-v7.0-G-18-02312","18","18-01","G170651E43276S",772707,749,"2000-04-13T00:00:00",170.65074692791694,-43.2757045,59,0.028881612306181,0,0,0,9,"",0,170.65151329375894,-43.27434456466072,1608.2833,1793.3003,1701.8247,1700.8259,29.50888,48.327198,2,"COPDEM30",388
"RGI2000-v7.0-G-18-02313","18","18-01","G170665E43304S",772719,749,"2000-04-13T00:00:00",170.66549113305325,-43.3037915,59,0.09504737600146,0,0,0,9,"",0,170.66745636570874,-43.30227002665817,1629.2563,1876.462,1722.1292,1727.42,34.38196,77.9706,3,"COPDEM30",399
"RGI2000-v7.0-G-18-02314","18","18-01","G170666E43318S",772720,749,"2000-04-13T00:00:00",170.6662633539218,-43.3183735,59,3.6249082347815,0,0,0,9,"",0,170.6782573425093,-43.307856606667464,1423.738,2348.199,1804.0377,1841.9962,18.782145,102.136635,3,"COPDEM30",3396
"RGI2000-v7.0-G-18-02315","18","18-01","G170676E43318S",772725,749,"2000-04-13T00:00:00",170.67580287704007,-43.317775,59,0.032698041209615,0,0,0,9,"",0,170.67424196259034,-43.31792703187725,1787.2355,1961.9716,1842.0098,1849.9404,35.58687,301.90289306640625,8,"COPDEM30",359
"RGI2000-v7.0-G-18-02316","18","18-01","G170654E43325S",772710,749,"2000-04-13T00:00:00",170.65357712279274,-43.323744000000005,59,1.033182264531228,0,0,0,9,"",0,170.6530306854696,-43.33204525087811,1485.7753,2374.8623,1911.7224,1918.7161,22.883698,184.84713745117188,5,"COPDEM30",1891
"RGI2000-v7.0-G-18-02317","18","18-01","G170650E43318S",772705,749,"2000-04-13T00:00:00",170.64968443897035,-43.318454,59,0.100390549568456,0,0,0,9,"",0,170.64490402351015,-43.31862477291876,1996.419,2296.2134,2139.1182,2146.5574,39.260788,196.68017578125,5,"COPDEM30",462
"RGI2000-v7.0-G-18-02318","18","18-01","G170700E43304S",772740,749,"2000-04-13T00:00:00",170.69963704932027,-43.303822,59,0.01261228934501,0,0,0,9,"",0,170.70007540633918,-43.30422823632183,1875.9254,1952.1954,1913.3259,1914.6996,31.057524,183.7952880859375,5,"COPDEM30",124
"RGI2000-v7.0-G-18-02319","18","18-01","G170703E43303S",772745,749,"2000-04-13T00:00:00",170.70340364756606,-43.302697,59,0.032100498666204,0,0,0,9,"",0,170.7026927744384,-43.3033602535102,2017.4176,2172.55,2087.1304,2087.8538,42.92933,194.5294189453125,5,"COPDEM30",220
"RGI2000-v7.0-G-18-02320","18","18-01","G170708E43297S",772754,749,"2000-04-13T00:00:00",170.70802226849796,-43.2971395,59,0.044557235827078,0,0,0,9,"",0,170.7080573578447,-43.29644461252685,1534.5792,1670.8694,1598.7089,1599.1693,39.671993,7.189357,1,"COPDEM30",197
"RGI2000-v7.0-G-18-02321","18","18-01","G170698E43296S",772737,749,"2000-04-13T00:00:00",170.69843311228811,-43.296167499999996,59,0.038335541799227,0,0,0,9,"",0,170.69564696701025,-43.29585051037896,1630.1846,1858.3749,1732.2693,1733.6062,29.27314,283.2663269042969,7,"COPDEM30",460
"RGI2000-v7.0-G-18-02322","18","18-01","G170709E43295S",772770,749,"2000-04-13T00:00:00",170.71961974047414,-43.29890949999999,59,0.181997098105963,0,0,0,9,"",0,170.70984602165146,-43.29691196081775,1597.1644,2276.053,2007.9272,1965.7026,36.586414,331.3238716125488,8,"COPDEM30",1172
"RGI2000-v7.0-G-18-02323","18","18-01","G170723E43293S",772775,749,"2000-04-13T00:00:00",170.7232449638009,-43.293895,59,0.028854654735346,0,0,0,9,"",0,170.72421623081746,-43.29290796262545,1558.738,1732.5562,1627.1671,1631.8724,36.59348,12.314243,1,"COPDEM30",263
"RGI2000-v7.0-G-18-02324","18","18-01","G170728E43296S",772783,749,"2000-04-13T00:00:00",170.7279251692683,-43.296177,59,0.029181505100466,0,0,0,9,"",0,170.7245831412467,-43.29598645007609,1863.1573,2048.0483,1941.1392,1945.8416,44.495388,339.4831714630127,1,"COPDEM30",368
"RGI2000-v7.0-G-18-02325","18","18-01","G170734E43293S",772789,749,"2000-04-13T00:00:00",170.7335951073312,-43.2936165,59,0.025286677284419,0,0,0,9,"",0,170.73165938068604,-43.29273934380115,1830.7611,2133.1008,1987.392,1985.1943,42.197243,310.40336990356445,8,"COPDEM30",408
"RGI2000-v7.0-G-18-02326","18","18-01","G170733E43290S",772788,749,"2000-04-13T00:00:00",170.73410687914333,-43.2889885,59,0.010748697336401,0,0,0,9,"",0,170.73280005955618,-43.2891033428189,1822.1426,1932.2079,1878.0002,1877.335,33.275528,283.0730209350586,7,"COPDEM30",216
"RGI2000-v7.0-G-18-02327","18","18-01","G170734E43289S",772794,749,"2000-04-13T00:00:00",170.73852701086957,-43.2902375,59,0.05685492135711,0,0,0,9,"",0,170.7345371371176,-43.28832360003451,1893.0127,2356.5706,2217.8267,2208.0688,39.320213,290.93089294433594,7,"COPDEM30",705
"RGI2000-v7.0-G-18-02328","18","18-01","G170740E43287S",772795,749,"2000-04-13T00:00:00",170.74004872899224,-43.2868735,59,0.309069406967539,0,0,0,9,"",0,170.7388701089545,-43.28261978389801,1890.8394,2392.3203,2075.8945,2094.8625,27.36478,355.7004909515381,1,"COPDEM30",1039
"RGI2000-v7.0-G-18-02329","18","18-01","G170744E43286S",772800,749,"2000-04-13T00:00:00",170.74497969334976,-43.285678000000004,59,0.038101931661879,0,0,0,9,"",0,170.7458568648481,-43.28491871723997,1879.6956,2061.734,1955.8274,1962.703,39.057602,25.378036,2,"COPDEM30",265
"RGI2000-v7.0-G-18-02330","18","18-01","G170747E43288S",772802,749,"2000-04-13T00:00:00",170.74601041285717,-43.288425000000004,59,0.102535404343915,0,0,0,9,"",0,170.74699212627877,-43.28694521683005,1987.1857,2246.684,2081.6528,2090.1775,39.747803,38.832695,2,"COPDEM30",398
"RGI2000-v7.0-G-18-02331","18","18-01","G170749E43287S",772805,749,"2000-04-13T00:00:00",170.7499659677365,-43.2863835,59,0.053063427422784,0,0,0,9,"",0,170.75023000557982,-43.28478019933052,1739.1771,1947.6345,1845.1449,1849.1921,31.592278,34.156685,2,"COPDEM30",382
"RGI2000-v7.0-G-18-02332","18","18-01","G170753E43290S",772808,749,"2000-04-13T00:00:00",170.75374521909026,-43.289714000000004,59,0.080176713564895,0,0,0,9,"",0,170.75225999381246,-43.28806740303689,1894.5804,2145.378,1974.0452,1982.6896,36.19632,24.974674,2,"COPDEM30",556
"RGI2000-v7.0-G-18-02333","18","18-01","G170758E43291S",772811,749,"2000-04-13T00:00:00",170.75806005907535,-43.2905435,59,0.061301083843642,0,0,0,9,"",0,170.75876571453153,-43.28883477181512,1790.6831,1945.0466,1880.6207,1872.8582,24.690748,28.88422,2,"COPDEM30",375
"RGI2000-v7.0-G-18-02334","18","18-01","G170761E43300S",772813,749,"2000-04-13T00:00:00",170.76818587778263,-43.3018675,59,9.63671203412188,0,0,0,9,"",0,170.76663901825748,-43.285394777134044,1347.287,2391.078,1905.2893,1903.4355,17.480616,85.92647,3,"COPDEM30",4932
"RGI2000-v7.0-G-18-02335","18","18-01","G170747E43303S",772804,749,"2000-04-13T00:00:00",170.7470663886598,-43.302983,59,0.011705227922857,0,0,0,9,"",0,170.74822167324243,-43.302513102506225,2092.8762,2193.6174,2143.564,2143.332,35.53731,20.235435,1,"COPDEM30",195
"RGI2000-v7.0-G-18-02336","18","18-01","G170697E43314S",772777,749,"2000-04-13T00:00:00",170.72382315417482,-43.309334,59,5.058873236020722,0,0,0,9,"",0,170.68394206801264,-43.3047602075932,1240.8014,2476.662,2045.9321,2022.9142,17.153803,298.31578063964844,8,"COPDEM30",5321
"RGI2000-v7.0-G-18-02337","18","18-01","G170718E43315S",772766,749,"2000-04-13T00:00:00",170.71820950113636,-43.315408500000004,59,0.035198764079441,0,0,0,9,"",0,170.72011389658363,-43.31469453007086,2256.754,2492.8643,2377.961,2376.3022,40.459267,47.661354,2,"COPDEM30",288
"RGI2000-v7.0-G-18-02338","18","18-01","G170734E43324S",772771,749,"2000-04-13T00:00:00",170.7196026090909,-43.324250500000005,59,3.877558548746959,0,0,0,9,"",0,170.75457517447393,-43.33278245481451,1091.113,2495.9067,2099.0283,1991.3593,27.01187,165.39009,5,"COPDEM30",4092
"RGI2000-v7.0-G-18-02339","18","18-01","G170757E43321S",772810,749,"2000-04-13T00:00:00",170.75719855564515,-43.3212295,59,0.116092325196951,0,0,0,9,"",0,170.757447508037,-43.32400738655911,1616.3112,2160.2866,1952.3623,1920.5288,39.05234,152.5017,4,"COPDEM30",647
"RGI2000-v7.0-G-18-02340","18","18-01","G170782E43324S",772819,749,"2000-04-13T00:00:00",170.7817002030029,-43.3236175,59,0.050456874718069,0,0,0,9,"",0,170.7807503935171,-43.32383082418436,1815.8505,2126.8865,1914.2444,1931.3607,33.90909,260.90648651123047,7,"COPDEM30",478
"RGI2000-v7.0-G-18-02341","18","18-01","G170786E43328S",772823,749,"2000-04-13T00:00:00",170.78713032994958,-43.325937,59,0.435521837764383,0,0,0,9,"",0,170.78815085042626,-43.33113641050324,1577.7894,2120.2378,1870.7205,1875.6357,32.651676,142.36278,4,"COPDEM30",1543
"RGI2000-v7.0-G-18-02342","18","18-01","G170788E43320S",772824,749,"2000-04-13T00:00:00",170.7884157236842,-43.3199825,59,0.027500675652134,0,0,0,9,"",0,170.78769830392923,-43.319543186124754,2006.2345,2091.2578,2036.1552,2038.509,28.412811,332.1183738708496,8,"COPDEM30",203
"RGI2000-v7.0-G-18-02343","18","18-01","G170791E43318S",772827,749,"2000-04-13T00:00:00",170.7910583654434,-43.3175205,59,0.099604718932815,0,0,0,9,"",0,170.78884881642497,-43.31544849135292,1870.6672,2123.4578,2013.3235,2002.2845,28.807169,295.79364013671875,8,"COPDEM30",578
"RGI2000-v7.0-G-18-02344","18","18-01","G170792E43317S",772828,749,"2000-04-13T00:00:00",170.79326620816173,-43.315839499999996,59,0.123732494346091,0,0,0,9,"",0,170.79319569310584,-43.313883789880165,1841.5632,2144.757,1981.3381,1985.5142,33.777973,339.45995903015137,1,"COPDEM30",709
"RGI2000-v7.0-G-18-02345","18","18-01","G170787E43316S",772822,749,"2000-04-13T00:00:00",170.78737533980583,-43.3162075,59,0.023564375257163,0,0,0,9,"",0,170.78710919077625,-43.315629766766364,1783.8036,1856.563,1806.2451,1809.043,28.808964,303.88116455078125,8,"COPDEM30",229
"RGI2000-v7.0-G-18-02346","18","18-01","G170789E43308S",772826,749,"2000-04-13T00:00:00",170.79029008831168,-43.308524,59,1.401309325968587,0,0,0,9,"",0,170.7760400939988,-43.31625022934104,1351.6238,2235.4832,1816.615,1786.1482,25.101255,218.71875,6,"COPDEM30",2848
"RGI2000-v7.0-G-18-02347","18","18-01","G170799E43308S",772831,749,"2000-04-13T00:00:00",170.79913821107658,-43.3079655,59,0.013015126408829,0,0,0,9,"",0,170.796977063649,-43.30855619151016,1927.2985,2176.6936,2085.3423,2074.831,40.04419,255.0884017944336,7,"COPDEM30",280
"RGI2000-v7.0-G-18-02348","18","18-01","G170805E43302S",772833,749,"2000-04-13T00:00:00",170.80169425487753,-43.3023435,59,0.157600735409669,0,0,0,9,"",0,170.80278433286009,-43.29967774769482,1915.999,2258.2712,2100.3218,2096.3345,34.036636,336.4803867340088,8,"COPDEM30",548
"RGI2000-v7.0-G-18-02349","18","18-01","G170811E43299S",772837,749,"2000-04-13T00:00:00",170.81169778616453,-43.298668,59,0.026050790265927,0,0,0,9,"",0,170.8106961491176,-43.297737516089235,2029.5753,2194.9722,2112.61,2113.3882,39.679993,310.7322235107422,8,"COPDEM30",258
"RGI2000-v7.0-G-18-02350","18","18-01","G170819E43297S",772845,749,"2000-04-13T00:00:00",170.81940205375872,-43.296977,59,0.095975712723721,0,0,0,9,"",0,170.81799695552536,-43.294430051205374,2108.017,2472.784,2271.2178,2280.2583,32.039936,359.0772835612297,1,"COPDEM30",631
"RGI2000-v7.0-G-18-02351","18","18-01","G170803E43295S",772838,749,"2000-04-13T00:00:00",170.81388879607744,-43.2926535,59,0.368653345670827,0,0,0,9,"",0,170.80438179386084,-43.294319606786296,1488.1558,2213.2942,1964.0697,1944.5153,26.141905,250.77980041503903,7,"COPDEM30",1879
"RGI2000-v7.0-G-18-02352","18","18-01","G170815E43289S",772840,749,"2000-04-13T00:00:00",170.81548485454545,-43.288948500000004,59,0.011463803350896,0,0,0,9,"",0,170.8146271090359,-43.28946214868955,2055.9314,2094.3486,2074.6536,2074.9387,18.032007,307.2003669738769,8,"COPDEM30",138
"RGI2000-v7.0-G-18-02353","18","18-01","G170819E43288S",772844,749,"2000-04-13T00:00:00",170.8180071066335,-43.2871275,59,0.019409390666078,0,0,0,9,"",0,170.81813362227632,-43.28641643074261,1921.0688,1999.5535,1956.7491,1956.9185,28.184616,0.60853237,1,"COPDEM30",166
"RGI2000-v7.0-G-18-02354","18","18-01","G170820E43289S",772847,749,"2000-04-13T00:00:00",170.82027025308642,-43.289067,59,0.016266916231869,0,0,0,9,"",0,170.8200200249268,-43.288242152866054,2061.3413,2159.4119,2110.8896,2110.6152,30.953186,332.2582950592041,8,"COPDEM30",172
"RGI2000-v7.0-G-18-02355","18","18-01","G170822E43289S",772855,749,"2000-04-13T00:00:00",170.8219536405,-43.2888815,59,0.013002535715714,0,0,0,9,"",0,170.82134019740374,-43.28837256940068,2096.3828,2202.7007,2160.333,2156.3896,34.812717,320.2238540649414,8,"COPDEM30",150
"RGI2000-v7.0-G-18-02356","18","18-01","G170822E43287S",772854,749,"2000-04-13T00:00:00",170.82217857855576,-43.2872835,59,0.016294055191894,0,0,0,9,"",0,170.82143746085978,-43.286743844772616,1997.0199,2129.255,2065.3909,2064.7717,39.142864,326.36587142944336,8,"COPDEM30",192
"RGI2000-v7.0-G-18-02357","18","18-01","G170826E43288S",772861,749,"2000-04-13T00:00:00",170.82551470154806,-43.288439,59,0.018266151898628,0,0,0,9,"",0,170.82637309317616,-43.28867429187251,2133.0486,2249.6064,2206.5356,2202.2131,38.326794,141.39452,4,"COPDEM30",131
"RGI2000-v7.0-G-18-02358","18","18-01","G170827E43287S",772864,749,"2000-04-13T00:00:00",170.8277241429091,-43.286699999999996,59,0.024869067986921,0,0,0,9,"",0,170.82771687270267,-43.28724366006699,2111.3604,2270.8528,2226.0945,2214.6125,49.810814,142.06181,4,"COPDEM30",118
"RGI2000-v7.0-G-18-02359","18","18-01","G170822E43284S",772853,749,"2000-04-13T00:00:00",170.82153354550104,-43.2835905,59,0.025139581985984,0,0,0,9,"",0,170.82101063270943,-43.28295860917868,1747.3978,1859.6786,1786.324,1790.7578,33.048878,318.95946502685547,8,"COPDEM30",177
"RGI2000-v7.0-G-18-02360","18","18-01","G170824E43281S",772858,749,"2000-04-13T00:00:00",170.82407954096638,-43.2813325,59,0.023080443683545,0,0,0,9,"",0,170.82389199563906,-43.280532100320144,1750.7894,1841.3712,1785.0479,1786.9425,29.993057,305.7754440307617,8,"COPDEM30",156
"RGI2000-v7.0-G-18-02361","18","18-01","G170830E43280S",772865,749,"2000-04-13T00:00:00",170.8305774169607,-43.280626,59,0.032713666293355,0,0,0,9,"",0,170.8302187991166,-43.27951113395864,1941.3607,2107.3992,1985.8936,1992.677,32.802963,336.9594135284424,8,"COPDEM30",274
"RGI2000-v7.0-G-18-02362","18","18-01","G170838E43280S",772878,749,"2000-04-13T00:00:00",170.83774147007318,-43.279839,59,0.020655982722219,0,0,0,9,"",0,170.83793623162725,-43.2789607896268,1807.4948,1962.2914,1849.8578,1856.4169,35.422546,19.736671,1,"COPDEM30",212
"RGI2000-v7.0-G-18-02363","18","18-01","G170841E43281S",772886,749,"2000-04-13T00:00:00",170.84072823426573,-43.280788,59,0.020031337160163,0,0,0,9,"",0,170.84004190144717,-43.27946360492269,1821.4191,2068.1282,1910.3086,1916.7463,41.81347,355.6268668174744,1,"COPDEM30",343
"RGI2000-v7.0-G-18-02364","18","18-01","G170841E43280S",772893,749,"2000-04-13T00:00:00",170.844243818164,-43.2809405,59,0.046479915427979,0,0,0,9,"",0,170.84326729017732,-43.280866688196944,1856.5079,2086.3098,1986.8373,1984.7806,39.135727,325.34413146972656,8,"COPDEM30",217
"RGI2000-v7.0-G-18-02365","18","18-01","G170851E43279S",772909,749,"2000-04-13T00:00:00",170.8510949496889,-43.279450499999996,59,0.038134574220154,0,0,0,9,"",0,170.85101124577136,-43.279225895867185,1965.2928,2233.7922,2099.5469,2093.0144,43.94135,353.18208026885986,1,"COPDEM30",208
"RGI2000-v7.0-G-18-02366","18","18-01","G170850E43276S",772907,749,"2000-04-13T00:00:00",170.85028211702127,-43.2760835,59,0.011746333075228,0,0,0,9,"",0,170.85070693990275,-43.27521202342829,1756.8684,1897.55,1831.3021,1828.0457,33.696,342.8768062591553,1,"COPDEM30",216
"RGI2000-v7.0-G-18-02367","18","18-01","G170861E43277S",772918,749,"2000-04-13T00:00:00",170.86072527021503,-43.277033,59,0.42331996380271,0,0,0,9,"",0,170.8606532979469,-43.27211367786465,1841.6973,2448.9631,2093.1377,2107.3677,30.799921,349.1705856323242,1,"COPDEM30",1220
"RGI2000-v7.0-G-18-02368","18","18-01","G170850E43280S",772915,749,"2000-04-13T00:00:00",170.85844818620245,-43.2709895,59,0.61614411327805,0,0,0,9,"",0,170.84807213844897,-43.270982062677035,1546.3058,2210.1152,1871.554,1885.4229,25.309134,264.32962799072266,7,"COPDEM30",1790
"RGI2000-v7.0-G-18-02369","18","18-01","G170860E43260S",772917,749,"2000-04-13T00:00:00",170.86068588466492,-43.2607735,59,0.468352368869241,0,0,0,9,"",0,170.85252871106954,-43.259234963087614,1592.7167,2230.3464,1876.488,1881.502,28.265827,293.15946197509766,8,"COPDEM30",1346
"RGI2000-v7.0-G-18-02370","18","18-01","G170863E43256S",772921,749,"2000-04-13T00:00:00",170.8628733952096,-43.256455,59,0.015819883657615,0,0,0,9,"",0,170.86360577384056,-43.25579102008845,2026.6189,2120.0815,2069.0952,2070.2773,35.885815,1.381553,1,"COPDEM30",133
"RGI2000-v7.0-G-18-02371","18","18-01","G170867E43256S",772925,749,"2000-04-13T00:00:00",170.867316054,-43.255975,59,0.146565058939999,0,0,0,9,"",0,170.8672720809889,-43.25378176655832,1772.8842,2100.9373,1947.7192,1941.6313,39.120136,354.4835214614868,1,"COPDEM30",478
"RGI2000-v7.0-G-18-02372","18","18-01","G170869E43253S",772927,749,"2000-04-13T00:00:00",170.86898097302907,-43.252556,59,0.024643343880148,0,0,0,9,"",0,170.86690309888007,-43.25287907952306,1715.5189,1850.5531,1750.7999,1754.2559,36.39463,325.68775939941406,8,"COPDEM30",270
"RGI2000-v7.0-G-18-02373","18","18-01","G170862E43249S",772922,749,"2000-04-13T00:00:00",170.8652363127615,-43.2495755,59,0.07259987717539,0,0,0,9,"",0,170.86203051007368,-43.24920243939697,1403.5762,1546.8276,1473.0953,1473.907,20.650331,296.0698013305664,8,"COPDEM30",532
"RGI2000-v7.0-G-18-02374","18","18-01","G170874E43247S",772936,749,"2000-04-13T00:00:00",170.87350726875002,-43.2474995,59,0.033814087258822,0,0,0,9,"",0,170.8745782554868,-43.248293849396184,1788.852,1942.2958,1848.9801,1850.7294,33.351654,169.47604,5,"COPDEM30",282
"RGI2000-v7.0-G-18-02375","18","18-01","G170876E43249S",772942,749,"2000-04-13T00:00:00",170.87627912628452,-43.2495115,59,0.047330855029137,0,0,0,9,"",0,170.87731911289902,-43.250790943656654,1641.4598,1794.7817,1737.2522,1734.6667,27.84979,122.22101,4,"COPDEM30",415
"RGI2000-v7.0-G-18-02376","18","18-01","G170877E43244S",772944,749,"2000-04-13T00:00:00",170.87700347916666,-43.2444245,59,0.047853816785631,0,0,0,9,"",0,170.87704399847303,-43.2430738756407,1943.3307,2011.6973,1973.396,1975.0798,20.544058,326.83652114868164,8,"COPDEM30",246
"RGI2000-v7.0-G-18-02377","18","18-01","G170876E43245S",772932,749,"2000-04-13T00:00:00",170.87225921166555,-43.2444795,59,0.074618632880772,0,0,0,9,"",0,170.87347953574294,-43.24308290389316,1908.8348,2018.6133,1952.9377,1956.8507,21.742653,14.91367,1,"COPDEM30",338
"RGI2000-v7.0-G-18-02378","18","18-01","G170858E43245S",772913,749,"2000-04-13T00:00:00",170.85694131402437,-43.2453125,59,0.041967187687942,0,0,0,9,"",0,170.85611954495337,-43.24622013493578,1672.9958,1840.9524,1748.4641,1746.3918,38.51415,172.99396,5,"COPDEM30",193
"RGI2000-v7.0-G-18-02379","18","18-01","G170857E43243S",772912,749,"2000-04-13T00:00:00",170.85697765382923,-43.2429935,59,0.043334327477237,0,0,0,9,"",0,170.85916129823153,-43.24263927862052,1743.6962,1955.2261,1808.7015,1823.3646,27.452902,59.034237,2,"COPDEM30",463
"RGI2000-v7.0-G-18-02380","18","18-01","G170847E43241S",772899,749,"2000-04-13T00:00:00",170.84756811562647,-43.2408275,59,0.288765140084932,0,0,0,9,"",0,170.84524885916775,-43.23840109462952,1796.6917,2095.8972,1951.5007,1949.4155,28.697847,20.063662,1,"COPDEM30",466
"RGI2000-v7.0-G-18-02381","18","18-01","G170844E43244S",772891,749,"2000-04-13T00:00:00",170.84387326635516,-43.243882,59,0.02708537472371,0,0,0,9,"",0,170.84372602699648,-43.24518671002066,1876.2874,2097.836,2018.7856,2012.1923,36.715355,141.91667,4,"COPDEM30",309
"RGI2000-v7.0-G-18-02382","18","18-01","G170847E43247S",772892,749,"2000-04-13T00:00:00",170.84379208180985,-43.247240000000005,59,0.015738774115869,0,0,0,9,"",0,170.84269925090908,-43.24792219587208,1491.5559,1597.0029,1523.5798,1528.2142,32.024563,181.61363220214844,5,"COPDEM30",208
"RGI2000-v7.0-G-18-02383","18","18-01","G170839E43242S",772881,749,"2000-04-13T00:00:00",170.8388492264398,-43.242675500000004,59,0.106079672413772,0,0,0,9,"",0,170.83980737972027,-43.244498693902756,1911.0469,2168.355,2043.759,2047.2166,33.40304,198.8013610839844,5,"COPDEM30",421
"RGI2000-v7.0-G-18-02384","18","18-01","G170838E43239S",772877,749,"2000-04-13T00:00:00",170.83758765742405,-43.238904,59,0.127686954961907,0,0,0,9,"",0,170.83737554182818,-43.23686294394591,2011.8705,2254.5227,2161.289,2149.3162,31.453436,29.074417,2,"COPDEM30",361
"RGI2000-v7.0-G-18-02385","18","18-01","G170830E43243S",772871,749,"2000-04-13T00:00:00",170.8326381815672,-43.242836,59,0.074416896062247,0,0,0,9,"",0,170.8288752890525,-43.24417153846509,1910.953,2186.3198,2024.6133,2032.8851,43.391087,173.51752,5,"COPDEM30",313
"RGI2000-v7.0-G-18-02386","18","18-01","G170834E43250S",772874,749,"2000-04-13T00:00:00",170.8342292256637,-43.250303,59,0.083072295616846,0,0,0,9,"",0,170.8323624121804,-43.25330900006631,1106.4614,1422.3384,1245.606,1247.2192,27.239527,189.6691436767578,5,"COPDEM30",658
"RGI2000-v7.0-G-18-02387","18","18-01","G170821E43243S",772852,749,"2000-04-13T00:00:00",170.82189913662947,-43.243031,59,0.389143686184707,0,0,0,9,"",0,170.82251086700435,-43.247269212357196,1547.1025,2159.683,1967.2677,1946.0375,31.641577,174.0165,5,"COPDEM30",948
"RGI2000-v7.0-G-18-02388","18","18-01","G170815E43245S",772842,749,"2000-04-13T00:00:00",170.8156388011811,-43.245511,59,0.182394890599582,0,0,0,9,"",0,170.8140939054756,-43.24944712037519,1503.0942,2061.788,1922.4043,1892.3207,31.641832,173.67433,5,"COPDEM30",944
"RGI2000-v7.0-G-18-02389","18","18-01","G170809E43247S",772836,749,"2000-04-13T00:00:00",170.80807898734787,-43.247057,59,0.219648526226091,0,0,0,9,"",0,170.81036112779728,-43.25108536094904,1524.3376,2036.7461,1785.4429,1786.301,31.772388,165.07787,5,"COPDEM30",1065
"RGI2000-v7.0-G-18-02390","18","18-01","G170806E43245S",772835,749,"2000-04-13T00:00:00",170.80567784716982,-43.245456,59,0.033570176350631,0,0,0,9,"",0,170.80620479430047,-43.2463280001322,1866.5593,1964.6145,1925.308,1921.425,26.136786,158.07265,5,"COPDEM30",212
"RGI2000-v7.0-G-18-02391","18","18-01","G170802E43249S",772832,749,"2000-04-13T00:00:00",170.80159480607477,-43.2495495,59,0.101801323928649,0,0,0,9,"",0,170.80151121256517,-43.25136984117776,1704.3644,1961.761,1850.8201,1846.8817,31.11007,182.19430541992188,5,"COPDEM30",465
"RGI2000-v7.0-G-18-02392","18","18-01","G170796E43250S",772829,749,"2000-04-13T00:00:00",170.79622143212242,-43.2501855,59,0.015745114278769,0,0,0,9,"",0,170.79666913611877,-43.250622455187525,1659.5251,1718.6306,1687.8008,1688.2784,29.21982,187.37551879882807,5,"COPDEM30",159
"RGI2000-v7.0-G-18-02393","18","18-01","G170785E43284S",772821,749,"2000-04-13T00:00:00",170.78589140950635,-43.284738000000004,59,0.080103758771853,0,0,0,9,"",0,170.78454194952283,-43.28269879871792,1865.4259,2121.9421,2003.1981,1996.3848,29.610348,347.81953525543213,1,"COPDEM30",580
"RGI2000-v7.0-G-18-02394","18","18-01","G170790E43301S",772825,749,"2000-04-13T00:00:00",170.79021766945925,-43.3005325,59,0.031346042416883,0,0,0,9,"",0,170.78924653949866,-43.30107843778552,2002.1696,2113.0706,2075.6362,2069.9482,25.881634,215.3588104248047,6,"COPDEM30",250
"RGI2000-v7.0-G-18-02395","18","18-01","G170814E43317S",772839,749,"2000-04-13T00:00:00",170.81403365814919,-43.316589500000006,59,0.042922172311719,0,0,0,9,"",0,170.8153457802995,-43.31599801041705,1858.0104,1985.5602,1909.4855,1912.3123,32.314594,45.437725,2,"COPDEM30",309
"RGI2000-v7.0-G-18-02396","18","18-01","G170817E43319S",772843,749,"2000-04-13T00:00:00",170.81745283234693,-43.3187455,59,0.156710273623275,0,0,0,9,"",0,170.8188262263216,-43.315834099040146,1736.2373,2125.084,1943.3002,1948.9769,32.64831,24.935404,2,"COPDEM30",607
"RGI2000-v7.0-G-18-02397","18","18-01","G170821E43320S",772849,749,"2000-04-13T00:00:00",170.82076018017602,-43.319903,59,0.01098702056799,0,0,0,9,"",0,170.82040683438169,-43.31931221363545,1970.8125,2042.9645,2019.809,2013.7325,29.704262,329.692684173584,8,"COPDEM30",130
"RGI2000-v7.0-G-18-02398","18","18-01","G170823E43318S",772856,749,"2000-04-13T00:00:00",170.82298700986627,-43.317956,59,0.032378877253151,0,0,0,9,"",0,170.82291331244392,-43.316787013577326,1908.6084,2056.7134,1983.6724,1980.3701,25.614813,356.1459493637085,1,"COPDEM30",308
"RGI2000-v7.0-G-18-02399","18","18-01","G170826E43319S",772859,749,"2000-04-13T00:00:00",170.8244409057592,-43.319458499999996,59,0.058665937986353,0,0,0,9,"",0,170.8273844882334,-43.318400000098926,1831.1884,2073.3745,1983.4827,1977.1052,31.417458,67.64313,3,"COPDEM30",405
"RGI2000-v7.0-G-18-02400","18","18-01","G170823E43324S",772860,749,"2000-04-13T00:00:00",170.82379575588237,-43.322659,59,0.13872991626401,0,0,0,9,"",0,170.82247242332133,-43.32516443446385,1665.0736,2047.4465,1875.4891,1870.2618,36.11244,176.0223,5,"COPDEM30",573
"RGI2000-v7.0-G-18-02401","18","18-01","G170831E43320S",772866,749,"2000-04-13T00:00:00",170.83123556340058,-43.3198085,59,0.013216901969194,0,0,0,9,"",0,170.8306988093345,-43.31969008068349,1938.4583,2001.0924,1956.8318,1959.7701,23.652176,317.01779556274414,8,"COPDEM30",145
"RGI2000-v7.0-G-18-02402","18","18-01","G170834E43318S",772875,749,"2000-04-13T00:00:00",170.83379398987034,-43.3183255,59,0.028484070442317,0,0,0,9,"",0,170.833006,-43.31673145780141,1866.5704,2084.991,1960.5764,1968.1799,32.37457,318.6538200378418,8,"COPDEM30",392
"RGI2000-v7.0-G-18-02403","18","18-01","G170840E43318S",772882,749,"2000-04-13T00:00:00",170.8392236994382,-43.3188175,59,0.028827674800285,0,0,0,9,"",0,170.83995859946077,-43.31799912992232,2012.0735,2198.4785,2116.5693,2106.8613,36.839725,54.141735,2,"COPDEM30",285
"RGI2000-v7.0-G-18-02404","18","18-01","G170843E43317S",772890,749,"2000-04-13T00:00:00",170.84302837923417,-43.316738,59,0.016138022175748,0,0,0,9,"",0,170.84326308296679,-43.31605172052663,1834.4374,1931.3655,1884.858,1883.2013,33.16235,6.597594,1,"COPDEM30",179
"RGI2000-v7.0-G-18-02405","18","18-01","G170849E43320S",772903,749,"2000-04-13T00:00:00",170.8493282270819,-43.3200145,59,0.152191557444644,0,0,0,9,"",0,170.85143810755108,-43.319462541928495,1862.4686,2153.7751,1962.2815,1976.2166,34.039562,94.4605,3,"COPDEM30",518
"RGI2000-v7.0-G-18-02406","18","18-01","G170849E43325S",772898,749,"2000-04-13T00:00:00",170.84742397068504,-43.3245265,59,0.015056837628719,0,0,0,9,"",0,170.84767998722828,-43.325118761184456,2057.7273,2156.0552,2104.7754,2105.252,36.649055,135.46521,4,"COPDEM30",150
"RGI2000-v7.0-G-18-02407","18","18-01","G170841E43328S",772888,749,"2000-04-13T00:00:00",170.84245593933827,-43.3274305,59,0.054338355893845,0,0,0,9,"",0,170.83826701797628,-43.32868302702064,1628.357,1819.0963,1718.0043,1720.3988,22.885548,219.1912078857422,6,"COPDEM30",517
"RGI2000-v7.0-G-18-02408","18","18-01","G170837E43323S",772887,749,"2000-04-13T00:00:00",170.84067204500002,-43.3227335,59,0.261648933366418,0,0,0,9,"",0,170.83164960553296,-43.323953974343105,1816.3097,2264.6604,2057.7476,2054.2915,38.50691,195.2957000732422,5,"COPDEM30",1080
"RGI2000-v7.0-G-18-02409","18","18-01","G170832E43325S",772868,749,"2000-04-13T00:00:00",170.83228019868298,-43.325389,59,0.016980126590805,0,0,0,9,"",0,170.83236522465853,-43.326870031188626,1632.5453,1811.2837,1726.6522,1727.9777,31.207119,183.6303100585937,5,"COPDEM30",351
"RGI2000-v7.0-G-18-02410","18","18-01","G170832E43336S",772869,749,"2000-04-13T00:00:00",170.8317727746171,-43.336633500000005,59,0.026253027208725,0,0,0,9,"",0,170.8321261735515,-43.33577436579255,1940.9479,2097.4548,2023.9275,2020.8989,32.535477,0.3263618,1,"COPDEM30",207
"RGI2000-v7.0-G-18-02411","18","18-01","G170828E43337S",772862,749,"2000-04-13T00:00:00",170.82726846695897,-43.337205,59,0.040466715573178,0,0,0,9,"",0,170.82705322052172,-43.335966460630054,1882.906,2046.8037,1950.3214,1955.6473,30.79516,334.4654655456543,8,"COPDEM30",308
"RGI2000-v7.0-G-18-02412","18","18-01","G170822E43338S",772857,749,"2000-04-13T00:00:00",170.82271461283187,-43.3376985,59,0.013956252682471,0,0,0,9,"",0,170.82177512146487,-43.33798216409672,1927.1252,1977.5724,1942.1012,1945.1914,21.54068,283.5336685180664,7,"COPDEM30",147
"RGI2000-v7.0-G-18-02413","18","18-01","G170821E43345S",772850,749,"2000-04-13T00:00:00",170.8209729836008,-43.344501,59,0.037200833330079,0,0,0,9,"",0,170.8217632933634,-43.34570569580899,1847.0936,2058.9092,1934.728,1934.6356,39.43113,154.80234,4,"COPDEM30",276
"RGI2000-v7.0-G-18-02414","18","18-01","G170819E43346S",772846,749,"2000-04-13T00:00:00",170.81875445421338,-43.3459055,59,0.012758950090247,0,0,0,9,"",0,170.81952798560653,-43.34611305939112,1935.1434,2031.226,1976.084,1979.4934,36.03124,122.53984,4,"COPDEM30",144
"RGI2000-v7.0-G-18-02415","18","18-01","G170832E43348S",772876,749,"2000-04-13T00:00:00",170.83636137254902,-43.341594,59,0.551529910988976,0,0,0,9,"",0,170.8276197183467,-43.34499117199762,1745.6493,2373.7847,2180.373,2150.1494,25.885658,225.0090789794922,6,"COPDEM30",1365
"RGI2000-v7.0-G-18-02416","18","18-01","G170838E43336S",772879,749,"2000-04-13T00:00:00",170.83847724999998,-43.3364215,59,0.028138225609161,0,0,0,9,"",0,170.8388867330297,-43.335544333197134,2034.3479,2239.8616,2128.636,2130.8076,44.757244,16.382442,1,"COPDEM30",285
"RGI2000-v7.0-G-18-02417","18","18-01","G170843E43336S",772889,749,"2000-04-13T00:00:00",170.84245108577406,-43.336807,59,0.142244316049308,0,0,0,9,"",0,170.84445276886365,-43.332758473784246,1994.2247,2366.7627,2151.692,2167.704,29.8594,357.3156697750092,1,"COPDEM30",941
"RGI2000-v7.0-G-18-02418","18","18-01","G170849E43337S",772904,749,"2000-04-13T00:00:00",170.84935026906317,-43.3375425,59,0.107103247629296,0,0,0,9,"",0,170.8511659351596,-43.338017435727096,2056.8008,2324.132,2211.6792,2213.55,40.84116,132.81316,4,"COPDEM30",298
"RGI2000-v7.0-G-18-02419","18","18-01","G170851E43334S",772910,749,"2000-04-13T00:00:00",170.85087204201682,-43.333863,59,0.01259994129235,0,0,0,9,"",0,170.85167127051432,-43.33331184697741,2230.5964,2294.4602,2260.5254,2262.8088,27.5915,12.547152,1,"COPDEM30",180
"RGI2000-v7.0-G-18-02420","18","18-01","G170848E43331S",772900,749,"2000-04-13T00:00:00",170.84787648872043,-43.3319275,59,0.02943343695321,0,0,0,9,"",0,170.84603666672777,-43.331322321889765,1938.2275,2117.7188,2027.3259,2025.6484,35.32907,310.6633415222168,8,"COPDEM30",276
"RGI2000-v7.0-G-18-02421","18","18-01","G170847E43343S",772901,749,"2000-04-13T00:00:00",170.84756120255582,-43.34280699999999,59,0.218168091906491,0,0,0,9,"",0,170.8492137881245,-43.34021310520856,2059.078,2368.8093,2210.3894,2216.7583,30.942667,64.400536,2,"COPDEM30",592
"RGI2000-v7.0-G-18-02422","18","18-01","G170854E43349S",772905,749,"2000-04-13T00:00:00",170.84941673314736,-43.347581,59,0.218545871541627,0,0,0,9,"",0,170.8544138138332,-43.34830359383771,1823.0173,2304.1934,2000.354,2020.9503,31.968365,108.40765,3,"COPDEM30",805
"RGI2000-v7.0-G-18-02423","18","18-01","G170846E43352S",772894,749,"2000-04-13T00:00:00",170.8441829947644,-43.350807,59,0.220133086179865,0,0,0,9,"",0,170.849406838423,-43.35225309755411,2080.4185,2452.2053,2295.8977,2286.7942,32.043674,81.14435,3,"COPDEM30",901
"RGI2000-v7.0-G-18-02424","18","18-01","G170839E43351S",772884,749,"2000-04-13T00:00:00",170.83859502376146,-43.3510015,59,0.095493861713302,0,0,0,9,"",0,170.83598970516843,-43.35083135203228,1980.2952,2331.9888,2139.7131,2143.4175,34.137756,280.8943786621094,7,"COPDEM30",556
"RGI2000-v7.0-G-18-02425","18","18-01","G170839E43349S",772883,749,"2000-04-13T00:00:00",170.838712514431,-43.3485445,59,0.435209897589028,0,0,0,9,"",0,170.8237880192076,-43.352255381442376,1426.7158,2448.7607,1714.6473,1814.7189,30.187782,244.6900634765625,6,"COPDEM30",2137
"RGI2000-v7.0-G-18-02426","18","18-01","G170844E43356S",772895,749,"2000-04-13T00:00:00",170.843809968652,-43.355921,59,0.029002197721852,0,0,0,9,"",0,170.84391586010665,-43.35664906141371,2141.1687,2280.123,2211.1343,2212.1045,42.000885,165.33524,5,"COPDEM30",161
"RGI2000-v7.0-G-18-02427","18","18-01","G170848E43356S",772902,749,"2000-04-13T00:00:00",170.84767670610955,-43.3556685,59,0.067987805156082,0,0,0,9,"",0,170.85019646338415,-43.35735340919432,1879.4563,2313.7104,2156.232,2140.4668,39.696476,149.97527,4,"COPDEM30",595
"RGI2000-v7.0-G-18-02428","18","18-01","G170852E43354S",772911,749,"2000-04-13T00:00:00",170.8523756313458,-43.353651,59,0.025768040465634,0,0,0,9,"",0,170.85373187342446,-43.35471531012249,1925.2843,2133.2847,2035.9287,2030.2163,39.52711,168.92116,5,"COPDEM30",353
"RGI2000-v7.0-G-18-02429","18","18-01","G170857E43354S",772916,749,"2000-04-13T00:00:00",170.8591338834213,-43.353139999999996,59,0.064634165409041,0,0,0,9,"",0,170.85807341485895,-43.354220777798645,1913.5411,2144.43,2036.6812,2032.2035,39.039764,184.07342529296875,5,"COPDEM30",366
"RGI2000-v7.0-G-18-02430","18","18-01","G170861E43354S",772919,749,"2000-04-13T00:00:00",170.86133609542554,-43.3543475,59,0.010373462735636,0,0,0,9,"",0,170.860360922872,-43.35502209089709,1847.5762,1977.4792,1918.1655,1916.5618,44.717125,192.605697631836,5,"COPDEM30",164
"RGI2000-v7.0-G-18-02431","18","18-01","G170868E43357S",772928,749,"2000-04-13T00:00:00",170.86907678846154,-43.356379,59,0.211595948287041,0,0,0,9,"",0,170.86361395304823,-43.35766487998134,1660.6127,2108.8118,1839.6581,1856.1409,30.93771,210.57374572753903,6,"COPDEM30",915
"RGI2000-v7.0-G-18-02432","18","18-01","G170872E43362S",772933,749,"2000-04-13T00:00:00",170.87208428826085,-43.362021999999996,59,0.012633146962794,0,0,0,9,"",0,170.8711682983483,-43.360781991216015,1904.124,2078.1355,2005.7527,1994.4592,33.23993,321.11576080322266,8,"COPDEM30",288
"RGI2000-v7.0-G-18-02433","18","18-01","G170874E43369S",772939,749,"2000-04-13T00:00:00",170.87398524994478,-43.369130999999996,59,0.044601102866863,0,0,0,9,"",0,170.87409287980316,-43.370463589605414,1531.4728,1744.3181,1621.0713,1624.7817,36.150406,166.47934,5,"COPDEM30",319
"RGI2000-v7.0-G-18-02434","18","18-01","G170862E43373S",772920,749,"2000-04-13T00:00:00",170.86150275584797,-43.372292,59,0.067557899819454,0,0,0,9,"",0,170.86371657117985,-43.37364614100261,1950.1525,2216.909,2085.735,2086.6167,37.208885,146.63762,4,"COPDEM30",477
"RGI2000-v7.0-G-18-02435","18","18-01","G170865E43379S",772914,749,"2000-04-13T00:00:00",170.85739011439114,-43.380212,59,0.015873597166146,0,0,0,9,"",0,170.85835688472443,-43.37958215559875,1911.9248,2021.7866,1964.5908,1965.9712,35.785915,106.48203,3,"COPDEM30",270
"RGI2000-v7.0-G-18-02436","18","18-01","G170832E43361S",772870,749,"2000-04-13T00:00:00",170.83239362099647,-43.3608285,59,0.069719282807175,0,0,0,9,"",0,170.83293784930842,-43.36256024225207,1986.9827,2267.1096,2152.9553,2143.8809,38.642387,159.70956,5,"COPDEM30",438
"RGI2000-v7.0-G-18-02437","18","18-01","G170832E43356S",772873,749,"2000-04-13T00:00:00",170.83259925270636,-43.3559365,59,0.0279406994742,0,0,0,9,"",0,170.83164134778914,-43.354979251625245,1899.8143,2057.6396,1953.5459,1953.933,31.694033,312.5841407775879,8,"COPDEM30",341
"RGI2000-v7.0-G-18-02438","18","18-01","G170838E43358S",772880,749,"2000-04-13T00:00:00",170.83805699789872,-43.3572505,59,0.10480394812652,0,0,0,9,"",0,170.8392012883644,-43.35933942978453,2005.8468,2349.6882,2217.0166,2199.5923,36.924686,145.18665,4,"COPDEM30",509
"RGI2000-v7.0-G-18-02439","18","18-01","G170827E43365S",772863,749,"2000-04-13T00:00:00",170.82702035115716,-43.365176500000004,59,0.083465949377351,0,0,0,9,"",0,170.82855843649907,-43.366130966996074,2029.8685,2228.8628,2163.6643,2150.2317,35.32284,141.57474,4,"COPDEM30",273
"RGI2000-v7.0-G-18-02440","18","18-01","G170866E43348S",772923,749,"2000-04-13T00:00:00",170.8664407256258,-43.348487,59,0.430919327097329,0,0,0,9,"",0,170.8607218069376,-43.34933852455468,2000.714,2335.2385,2147.6453,2151.44,24.940334,309.56064224243164,8,"COPDEM30",893
"RGI2000-v7.0-G-18-02441","18","18-01","G170867E43345S",772926,749,"2000-04-13T00:00:00",170.86663061371098,-43.3446645,59,0.088288716143656,0,0,0,9,"",0,170.86369414261543,-43.345768768105785,1988.0005,2184.8389,2069.2375,2074.051,25.159891,284.07330322265625,7,"COPDEM30",610
"RGI2000-v7.0-G-18-02442","18","18-01","G170876E43339S",772940,749,"2000-04-13T00:00:00",170.8747180599775,-43.3385985,59,0.031742334389914,0,0,0,9,"",0,170.87669794360326,-43.339200781925626,2012.5974,2207.4402,2094.023,2099.7764,40.210106,151.76114,4,"COPDEM30",277
"RGI2000-v7.0-G-18-02443","18","18-01","G170874E43333S",772938,749,"2000-04-13T00:00:00",170.87352036764707,-43.33278850000001,59,0.044241571587456,0,0,0,9,"",0,170.87207815593388,-43.33359372999739,1943.0712,1989.9647,1959.2848,1960.9988,10.618941,278.4102096557617,7,"COPDEM30",316
"RGI2000-v7.0-G-18-02444","18","18-01","G170879E43333S",772948,749,"2000-04-13T00:00:00",170.87859321826596,-43.3332255,59,0.03976736407848,0,0,0,9,"",0,170.87753645045245,-43.33343617278429,2064.7202,2148.2256,2087.8992,2093.454,19.95024,278.1382369995117,7,"COPDEM30",280
"RGI2000-v7.0-G-18-02445","18","18-01","G170887E43334S",772955,749,"2000-04-13T00:00:00",170.8813906769812,-43.3341395,59,0.037266199049684,0,0,0,9,"",0,170.8815966514764,-43.33481762673565,1986.6993,2149.315,2078.9001,2073.0393,42.61044,154.06825,4,"COPDEM30",182
"RGI2000-v7.0-G-18-02446","18","18-01","G170885E43334S",772961,749,"2000-04-13T00:00:00",170.8846680374382,-43.333639,59,0.018272382153193,0,0,0,9,"",0,170.88400448933103,-43.334504148978695,1971.5818,2163.5754,2044.0002,2047.9993,45.140167,178.22781,5,"COPDEM30",221
"RGI2000-v7.0-G-18-02447","18","18-01","G170886E43335S",772964,749,"2000-04-13T00:00:00",170.8873092124241,-43.3339675,59,0.019854867689339,0,0,0,9,"",0,170.88672858245556,-43.33476319232207,1988.461,2128.0186,2037.315,2043.6445,37.004974,194.07568359375,5,"COPDEM30",191
"RGI2000-v7.0-G-18-02448","18","18-01","G170892E43333S",772974,749,"2000-04-13T00:00:00",170.89240448600387,-43.332877499999995,59,0.034873016028359,0,0,0,9,"",0,170.89169702695062,-43.33420407411989,1964.616,2195.586,2062.789,2072.693,43.927055,162.70337,5,"COPDEM30",317
"RGI2000-v7.0-G-18-02449","18","18-01","G170894E43334S",772979,749,"2000-04-13T00:00:00",170.89370605401416,-43.3340625,59,0.021222765425158,0,0,0,9,"",0,170.89345220584744,-43.33511200010116,1897.0211,2034.3861,1954.8636,1957.0072,35.04865,198.91065979003903,5,"COPDEM30",206
"RGI2000-v7.0-G-18-02450","18","18-01","G170899E43333S",772985,749,"2000-04-13T00:00:00",170.89949205,-43.3327215,59,0.042267441653555,0,0,0,9,"",0,170.89973528196643,-43.33359068623296,2008.685,2156.1997,2079.0066,2077.2898,35.422787,156.15543,4,"COPDEM30",235
"RGI2000-v7.0-G-18-02451","18","18-01","G170904E43330S",772992,749,"2000-04-13T00:00:00",170.90348777671755,-43.329381,59,0.082388248659919,0,0,0,9,"",0,170.90699832191575,-43.32995744096674,1951.2039,2176.9292,2071.0347,2071.2087,37.81507,147.6323,4,"COPDEM30",571
"RGI2000-v7.0-G-18-02452","18","18-01","G170908E43333S",772998,749,"2000-04-13T00:00:00",170.90752816336544,-43.33236,59,0.049274119859078,0,0,0,9,"",0,170.90956007828464,-43.3336414921744,1703.4949,1861.0035,1785.0972,1783.3392,24.702723,142.8589,4,"COPDEM30",378
"RGI2000-v7.0-G-18-02453","18","18-01","G170915E43323S",773009,749,"2000-04-13T00:00:00",170.91444345275937,-43.322547,59,0.047306509555529,0,0,0,9,"",0,170.91525169856584,-43.324241959778384,1883.6116,2102.624,1995.7632,1995.5999,43.147835,125.88048,4,"COPDEM30",298
"RGI2000-v7.0-G-18-02454","18","18-01","G170887E43348S",772965,749,"2000-04-13T00:00:00",170.88733194140625,-43.3482275,59,0.022703535557924,0,0,0,9,"",0,170.88774965183882,-43.34899158435389,1956.6979,2087.7966,2023.4885,2023.1029,39.986763,163.29692,5,"COPDEM30",165
"RGI2000-v7.0-G-18-02455","18","18-01","G170877E43350S",772943,749,"2000-04-13T00:00:00",170.87609446905873,-43.3507675,59,0.431807655486556,0,0,0,9,"",0,170.87894989763706,-43.35122655798954,1938.2542,2336.1196,2080.752,2100.462,30.652582,130.10211,4,"COPDEM30",620
"RGI2000-v7.0-G-18-02456","18","18-01","G170815E43324S",772841,749,"2000-04-13T00:00:00",170.81532807731804,-43.3244725,59,0.348206739057212,0,0,0,9,"",0,170.80981479455352,-43.32791820468057,1547.8528,2106.778,1882.9656,1871.9792,32.511734,188.637924194336,5,"COPDEM30",991
"RGI2000-v7.0-G-18-02457","18","18-01","G170802E43324S",772830,749,"2000-04-13T00:00:00",170.79659146464832,-43.324693999999994,59,1.063803458913435,0,0,0,9,"",0,170.80036454019825,-43.333645521624405,1217.4823,2307.3667,1816.6355,1787.6981,24.347336,196.3927764892578,5,"COPDEM30",2717
"RGI2000-v7.0-G-18-02458","18","18-01","G170782E43339S",772820,749,"2000-04-13T00:00:00",170.78242036666666,-43.338543,59,0.019547422716427,0,0,0,9,"",0,170.7833332963639,-43.3392650452799,1790.801,1922.4995,1816.9338,1828.6693,25.062489,141.32399,4,"COPDEM30",270
"RGI2000-v7.0-G-18-02459","18","18-01","G170781E43340S",772817,749,"2000-04-13T00:00:00",170.77962155473767,-43.339828499999996,59,0.026341951876731,0,0,0,9,"",0,170.78059147803214,-43.34052768979591,1859.6256,1993.9642,1934.0405,1930.765,34.773777,105.94786,3,"COPDEM30",241
"RGI2000-v7.0-G-18-02460","18","18-01","G170781E43345S",772818,749,"2000-04-13T00:00:00",170.7807244437086,-43.344847,59,0.034600793220471,0,0,0,9,"",0,170.7807443125595,-43.34592067045207,1856.5977,1994.8898,1940.7627,1935.206,32.773205,156.24023,4,"COPDEM30",234
"RGI2000-v7.0-G-18-02461","18","18-01","G170778E43346S",772816,749,"2000-04-13T00:00:00",170.7768244942348,-43.346427,59,0.078582955368861,0,0,0,9,"",0,170.77612566296497,-43.3481819662545,1817.8983,1991.6978,1913.9901,1910.7173,26.629244,174.68817,5,"COPDEM30",467
"RGI2000-v7.0-G-18-02462","18","18-01","G170738E43380S",772792,749,"2000-04-13T00:00:00",170.73757061511628,-43.38055,59,0.015802608606411,0,0,0,9,"",0,170.73848773768594,-43.381033528276824,1928.5806,2012.4723,1971.954,1972.5919,31.314596,90.98703,3,"COPDEM30",147
"RGI2000-v7.0-G-18-02463","18","18-01","G170733E43383S",772787,749,"2000-04-13T00:00:00",170.7330194126394,-43.3832125,59,0.033853524981523,0,0,0,9,"",0,170.7331662105202,-43.38413561066798,1943.9908,2035.4293,1991.3788,1992.5317,23.410675,226.72067260742188,6,"COPDEM30",249
"RGI2000-v7.0-G-18-02464","18","18-01","G170734E43388S",772790,749,"2000-04-13T00:00:00",170.73463194665408,-43.3878835,59,0.014601260444748,0,0,0,9,"",0,170.73624997233637,-43.387491058856526,1908.935,2015.5887,1980.0247,1973.7301,31.736404,92.694275,3,"COPDEM30",238
"RGI2000-v7.0-G-18-02465","18","18-01","G170738E43387S",772793,749,"2000-04-13T00:00:00",170.7377088516355,-43.386802,59,0.014392534890952,0,0,0,9,"",0,170.73878883860715,-43.386628181129026,1833.4292,1894.5105,1858.3425,1859.2606,21.588581,100.6166,3,"COPDEM30",171
"RGI2000-v7.0-G-18-02466","18","18-01","G170742E43394S",772796,749,"2000-04-13T00:00:00",170.74119145658682,-43.393817,59,0.04809667047126,0,0,0,9,"",0,170.73976309876485,-43.394598085434374,1822.6132,1959.9357,1861.0579,1865.8524,22.844383,211.8936462402344,6,"COPDEM30",274
"RGI2000-v7.0-G-18-02467","18","18-01","G170747E43396S",772803,749,"2000-04-13T00:00:00",170.7462590301047,-43.395806,59,0.045791902821856,0,0,0,9,"",0,170.74472941364382,-43.39555265200275,1985.6764,2067.6128,2019.5513,2020.1469,21.130741,264.76990509033203,7,"COPDEM30",234
"RGI2000-v7.0-G-18-02468","18","18-01","G170750E43399S",772806,749,"2000-04-13T00:00:00",170.75006734598026,-43.39862050000001,59,0.029120356714182,0,0,0,9,"",0,170.7514103097958,-43.397946482746164,1952.9703,2082.663,2017.3265,2016.7372,28.208513,77.61903,3,"COPDEM30",251
"RGI2000-v7.0-G-18-02469","18","18-01","G170741E43415S",772797,749,"2000-04-13T00:00:00",170.74125873357008,-43.414561,59,0.025327934895943,0,0,0,9,"",0,170.7415930507534,-43.41547677975114,2051.8735,2194.2512,2128.431,2129.057,33.255894,168.52455,5,"COPDEM30",217
"RGI2000-v7.0-G-18-02470","18","18-01","G170711E43399S",772758,749,"2000-04-13T00:00:00",170.71104247213248,-43.398671,59,0.170926449125158,0,0,0,9,"",0,170.70956392961426,-43.40108433118929,1654.0366,1973.6335,1769.6245,1775.4672,28.760094,180.75808715820312,5,"COPDEM30",591
"RGI2000-v7.0-G-18-02471","18","18-01","G170663E43401S",772718,749,"2000-04-13T00:00:00",170.6621744141478,-43.400786,59,0.026268272142099,0,0,0,9,"",0,170.66354700000107,-43.40175582241244,1816.5763,1994.9772,1913.5566,1902.5331,33.97092,133.14786,4,"COPDEM30",285
"RGI2000-v7.0-G-18-02472","18","18-01","G170770E43448S",772814,749,"2000-04-13T00:00:00",170.77184295171625,-43.4471085,59,0.042583935749639,0,0,0,9,"",0,170.76972467205124,-43.44856510915556,1925.1329,2138.0754,2033.3706,2034.8798,33.63479,177.00616,5,"COPDEM30",381
"RGI2000-v7.0-G-18-02473","18","18-01","G170776E43448S",772815,749,"2000-04-13T00:00:00",170.7761657370968,-43.448432,59,0.02941845985119,0,0,0,9,"",0,170.7758251895276,-43.44961443906966,2080.4028,2213.4236,2146.7878,2148.403,29.421883,167.26625,5,"COPDEM30",279
"RGI2000-v7.0-G-18-02474","18","18-01","G170726E43572S",772782,749,"2000-04-13T00:00:00",170.72551216605564,-43.571785,59,0.011594508398879,0,0,0,9,"",0,170.72642829579485,-43.5723715209949,2109.3557,2220.0361,2154.5513,2157.0203,36.917717,138.9652,4,"COPDEM30",164
"RGI2000-v7.0-G-18-02475","18","18-01","G170717E43580S",772765,749,"2000-04-13T00:00:00",170.7166220505794,-43.5798745,59,0.016578958976872,0,0,0,9,"",0,170.71721957600582,-43.580443180618985,2301.2756,2367.4265,2337.8455,2335.1038,28.210247,150.9188,4,"COPDEM30",124
"RGI2000-v7.0-G-18-02476","18","18-01","G170540E43436S",772528,749,"2000-04-13T00:00:00",170.53998993249402,-43.43566,59,0.011410212200652,0,0,0,9,"",0,170.5398797939324,-43.436603920503075,1744.2115,1848.5885,1803.3059,1802.6868,36.467678,125.3263,4,"COPDEM30",133
"RGI2000-v7.0-G-18-02477","18","18-01","G170541E43432S",772529,749,"2000-04-13T00:00:00",170.54094068187067,-43.4317505,59,0.111663118589992,0,0,0,9,"",0,170.54310512392811,-43.43465575927976,1645.8146,1962.3057,1830.3331,1825.3677,32.068897,111.35128,3,"COPDEM30",595
"RGI2000-v7.0-G-18-02478","18","18-01","G170526E43431S",772517,749,"2000-04-13T00:00:00",170.5264496537037,-43.431323,59,0.103072613059645,0,0,0,9,"",0,170.52796152404275,-43.432054904967536,2042.7642,2340.7932,2182.5198,2186.567,39.366116,139.58453,4,"COPDEM30",370
"RGI2000-v7.0-G-18-02479","18","18-01","G170521E43437S",772511,749,"2000-04-13T00:00:00",170.5194109763837,-43.436546,59,0.474292600635993,0,0,0,9,"",0,170.52387862504787,-43.43867412238681,1661.4089,2221.5151,2002.078,1992.0824,32.096264,137.1464,4,"COPDEM30",789
"RGI2000-v7.0-G-18-02480","18","18-01","G170528E43440S",772522,749,"2000-04-13T00:00:00",170.52832989846695,-43.440285,59,0.912745146769472,0,0,0,9,"",0,170.5331946530554,-43.44965504706037,1120.0903,2127.5676,1667.9009,1606.9004,26.412104,183.92477416992188,5,"COPDEM30",2459
"RGI2000-v7.0-G-18-02481","18","18-01","G170507E43447S",772503,749,"2000-04-13T00:00:00",170.50725218846156,-43.4469285,59,2.685141518465213,0,0,0,9,"",0,170.50298604526577,-43.468727830154606,1036.9546,2410.0706,1449.6373,1544.1053,18.727398,193.4511108398437,5,"COPDEM30",5147
"RGI2000-v7.0-G-18-02482","18","18-01","G170494E43447S",772496,749,"2000-04-13T00:00:00",170.4938838243243,-43.447230000000005,59,0.13430521213938,0,0,0,9,"",0,170.49488448031062,-43.448534330711624,1973.4626,2241.5938,2089.984,2088.5168,32.655483,140.2718,4,"COPDEM30",354
"RGI2000-v7.0-G-18-02483","18","18-01","G170495E43440S",772497,749,"2000-04-13T00:00:00",170.49520310416668,-43.440465,59,0.018136707124034,0,0,0,9,"",0,170.49405465621277,-43.44020482471392,2196.1428,2347.9832,2288.109,2281.7183,37.916603,293.7432098388672,8,"COPDEM30",207
"RGI2000-v7.0-G-18-02484","18","18-01","G170503E43437S",772501,749,"2000-04-13T00:00:00",170.50282481965175,-43.4368215,59,0.01412099855466,0,0,0,9,"",0,170.50306489230545,-43.43750583161907,2217.804,2352.034,2297.1501,2295.7,46.494144,124.552315,4,"COPDEM30",168
"RGI2000-v7.0-G-18-02485","18","18-01","G170492E43447S",772488,749,"2000-04-13T00:00:00",170.47948222669493,-43.447452,59,6.330237417592739,0,0,0,9,"",0,170.49511829591643,-43.46685770612019,1044.1187,2443.249,1930.2676,1891.4944,17.508348,173.96724,5,"COPDEM30",7056
"RGI2000-v7.0-G-18-02486","18","18-01","G170490E43456S",772492,749,"2000-04-13T00:00:00",170.48955312074335,-43.4558105,59,0.064932061287742,0,0,0,9,"",0,170.48997686622394,-43.457228308765686,1805.7417,2068.6543,1963.1083,1959.4783,36.923767,174.61794,5,"COPDEM30",353
"RGI2000-v7.0-G-18-02487","18","18-01","G170491E43458S",772495,749,"2000-04-13T00:00:00",170.49074141786372,-43.457914,59,0.017750797455602,0,0,0,9,"",0,170.4899045533153,-43.4588632830838,1682.5405,1857.926,1759.0139,1763.4039,32.58597,210.7810211181641,6,"COPDEM30",289
"RGI2000-v7.0-G-18-02488","18","18-01","G170448E43448S",772466,749,"2000-04-13T00:00:00",170.4481441531533,-43.4475245,59,0.017155742950757,0,0,0,9,"",0,170.4474982155031,-43.44798613505755,1905.8881,2051.4172,1973.631,1978.7211,30.600126,276.0359878540039,7,"COPDEM30",279
"RGI2000-v7.0-G-18-02489","18","18-01","G170359E43461S",772348,749,"2000-04-13T00:00:00",170.3590039836045,-43.461268000000004,59,0.026138126323229,0,0,0,9,"",0,170.36146722459085,-43.46171147211497,866.4429,1078.5392,964.5527,962.5795,30.356955,109.405136,3,"COPDEM30",376
"RGI2000-v7.0-G-18-02490","18","18-01","G170350E43496S",772332,749,"2000-04-13T00:00:00",170.34860332954545,-43.4935505,59,0.068906373586283,0,0,0,9,"",0,170.35204934843014,-43.493069045294455,1827.5314,2089.4553,2004.5833,1981.3586,39.367737,30.494709,2,"COPDEM30",387
"RGI2000-v7.0-G-18-02491","18","18-01","G170351E43499S",772337,749,"2000-04-13T00:00:00",170.3519428836687,-43.4972095,59,0.036341189927287,0,0,0,9,"",0,170.35334873708658,-43.4967079493025,2003.7787,2332.6687,2119.86,2124.999,46.13073,40.060616,2,"COPDEM30",295
"RGI2000-v7.0-G-18-02492","18","18-01","G170355E43503S",772341,749,"2000-04-13T00:00:00",170.35479414088104,-43.5027815,59,0.251023175617136,0,0,0,9,"",0,170.35947418622484,-43.50319128947217,2203.144,2635.5876,2432.1243,2430.3577,42.093426,45.481396,2,"COPDEM30",817
"RGI2000-v7.0-G-18-02493","18","18-01","G170365E43506S",772354,749,"2000-04-13T00:00:00",170.36199280837963,-43.5034495,59,0.171879405043808,0,0,0,9,"",0,170.36094123030017,-43.50064492035059,1877.2177,2396.8135,2197.8486,2187.9216,40.56304,353.7774410247803,1,"COPDEM30",724
"RGI2000-v7.0-G-18-02494","18","18-01","G170367E43502S",772360,749,"2000-04-13T00:00:00",170.3670642378049,-43.501654,59,0.052987860457713,0,0,0,9,"",0,170.36433152296868,-43.499525948233604,1833.9055,2304.6318,2114.6846,2114.9172,39.005764,327.6961212158203,8,"COPDEM30",647
"RGI2000-v7.0-G-18-02495","18","18-01","G170356E43522S",772344,749,"2000-04-13T00:00:00",170.35597226860494,-43.522223999999994,59,0.029377302102687,0,0,0,9,"",0,170.3554169824182,-43.52144227538974,2478.7095,2616.3271,2580.1714,2565.8203,33.676548,336.9562969207764,8,"COPDEM30",257
"RGI2000-v7.0-G-18-02496","18","18-01","G170354E43525S",772339,749,"2000-04-13T00:00:00",170.35398397422395,-43.5253795,59,0.099538041969315,0,0,0,9,"",0,170.35703006085777,-43.526980756319006,2203.0183,2665.7773,2503.7617,2482.496,39.74724,122.40832,4,"COPDEM30",532
"RGI2000-v7.0-G-18-02497","18","18-01","G170338E43528S",772308,749,"2000-04-13T00:00:00",170.337826,-43.5261185,59,0.014314632429888,0,0,0,9,"",0,170.33745190127436,-43.525585997859615,2674.4124,2842.0327,2744.9492,2750.4812,49.811333,319.15579986572266,8,"COPDEM30",133
"RGI2000-v7.0-G-18-02498","18","18-01","G170335E43528S",772301,749,"2000-04-13T00:00:00",170.33417971945525,-43.526014,59,0.018479094822252,0,0,0,9,"",0,170.33258762509163,-43.52506388354615,2458.7937,2709.3784,2616.0122,2606.7534,42.25112,332.4458637237549,8,"COPDEM30",301
"RGI2000-v7.0-G-18-02499","18","18-01","G170331E43529S",772297,749,"2000-04-13T00:00:00",170.33159464864866,-43.527263500000004,59,0.044875002124351,0,0,0,9,"",0,170.33162591141758,-43.52554499413649,2498.6223,2800.757,2693.734,2683.526,40.689358,349.6063241958618,1,"COPDEM30",359
"RGI2000-v7.0-G-18-02500","18","18-01","G170330E43524S",772291,749,"2000-04-13T00:00:00",170.32955532913144,-43.523862,59,0.040152627535751,0,0,0,9,"",0,170.32828842609203,-43.52239415359599,2156.5562,2410.331,2267.0757,2268.027,38.608627,340.1397304534912,1,"COPDEM30",342
"RGI2000-v7.0-G-18-02501","18","18-01","G170307E43520S",772281,749,"2000-04-13T00:00:00",170.32676586474702,-43.523967999999996,59,0.017953104066912,0,0,0,9,"",0,170.32647765687136,-43.52306541985249,2183.4836,2322.4253,2253.3887,2252.3892,32.30674,355.6488814353943,1,"COPDEM30",213
"RGI2000-v7.0-G-18-02502","18","18-01","G170325E43530S",772277,749,"2000-04-13T00:00:00",170.32488771288212,-43.52982,59,0.021510313272099,0,0,0,9,"",0,170.32356086631367,-43.52905252589664,2380.8525,2580.796,2488.2178,2490.292,42.11832,321.37060546875,8,"COPDEM30",219
"RGI2000-v7.0-G-18-02503","18","18-01","G170337E43523S",772305,749,"2000-04-13T00:00:00",170.3364219751634,-43.523433999999995,59,0.029184531662442,0,0,0,9,"",0,170.33591048761116,-43.522299386379295,2259.9885,2475.7842,2328.6047,2341.7048,43.67201,351.632661819458,1,"COPDEM30",235
"RGI2000-v7.0-G-18-02504","18","18-01","G170346E43536S",772325,749,"2000-04-13T00:00:00",170.34570784243698,-43.5363295,59,0.016471431443458,0,0,0,9,"",0,170.34470155901198,-43.53550743553562,2750.0427,2845.2007,2803.0813,2796.521,24.002697,328.3924198150635,8,"COPDEM30",229
"RGI2000-v7.0-G-18-02505","18","18-01","G170347E43542S",772326,749,"2000-04-13T00:00:00",170.34713271281916,-43.542212,59,0.098410685823398,0,0,0,9,"",0,170.34823921607452,-43.544258883680214,2448.7834,2909.2239,2725.4966,2712.7712,41.37866,131.10793,4,"COPDEM30",522
"RGI2000-v7.0-G-18-02506","18","18-01","G170339E43543S",772311,749,"2000-04-13T00:00:00",170.33948325721155,-43.5432265,59,0.134139902910489,0,0,0,9,"",0,170.3373326426163,-43.540273516037445,2264.5461,2702.3625,2493.697,2485.7744,37.150005,308.6130142211914,8,"COPDEM30",785
"RGI2000-v7.0-G-18-02507","18","18-01","G170341E43550S",772315,749,"2000-04-13T00:00:00",170.34121462630662,-43.549838,59,0.051024817775794,0,0,0,9,"",0,170.34265585639957,-43.55087404285722,2222.172,2556.0977,2424.477,2412.5881,50.744724,125.50581,4,"COPDEM30",391
"RGI2000-v7.0-G-18-02508","18","18-01","G170335E43553S",772304,749,"2000-04-13T00:00:00",170.3354460586647,-43.553256000000005,59,0.306821871067336,0,0,0,9,"",0,170.33875572777,-43.55282785429239,2442.8687,2976.751,2760.6372,2749.397,40.313023,122.79912,4,"COPDEM30",827
"RGI2000-v7.0-G-18-02509","18","18-01","G170334E43560S",772302,749,"2000-04-13T00:00:00",170.33380300620092,-43.5596275,59,0.776643571426477,0,0,0,9,"",0,170.3439508030456,-43.5654991714825,1723.5621,2616.7944,2201.0132,2177.833,35.438835,128.97328,4,"COPDEM30",1433
"RGI2000-v7.0-G-18-02510","18","18-01","G170334E43564S",772303,749,"2000-04-13T00:00:00",170.33366555839893,-43.564304,59,0.03828110073769,0,0,0,9,"",0,170.33485315092753,-43.56460730634195,2085.7888,2286.3806,2184.9392,2182.4895,39.83685,117.46194,4,"COPDEM30",240
"RGI2000-v7.0-G-18-02511","18","18-01","G170327E43557S",772282,749,"2000-04-13T00:00:00",170.32713508510636,-43.55684599999999,59,0.025590537757797,0,0,0,9,"",0,170.3273063267411,-43.557630058013544,2654.009,2874.35,2800.4902,2787.4075,47.43448,167.53479,5,"COPDEM30",172
"RGI2000-v7.0-G-18-02512","18","18-01","G170321E43566S",772268,749,"2000-04-13T00:00:00",170.32106149390245,-43.565723000000006,59,1.75333140440224,0,0,0,9,"",0,170.32793034245387,-43.57066351541288,1630.522,2695.5854,2241.6304,2237.4233,25.201757,126.243744,4,"COPDEM30",1993
"RGI2000-v7.0-G-18-02513","18","18-01","G170313E43564S",772249,749,"2000-04-13T00:00:00",170.31254630051268,-43.563987,59,0.01142137803595,0,0,0,9,"",0,170.31246289752548,-43.56487000569305,2506.507,2829.1174,2657.083,2664.082,49.4763,152.1627,4,"COPDEM30",310
"RGI2000-v7.0-G-18-02514","18","18-01","G170308E43562S",772236,749,"2000-04-13T00:00:00",170.3084873512,-43.5624015,59,0.060340486143657,0,0,0,9,"",0,170.31038897967827,-43.56428801707322,2708.9253,3131.3767,2975.7214,2954.3784,44.282394,121.605804,4,"COPDEM30",415
"RGI2000-v7.0-G-18-02515","18","18-01","G170306E43564S",772233,749,"2000-04-13T00:00:00",170.30565787377452,-43.563877,59,0.081118249044017,0,0,0,9,"",0,170.30647625847786,-43.56587795837642,2760.8796,3158.6992,3005.401,3003.115,43.32533,148.50696,4,"COPDEM30",399
"RGI2000-v7.0-G-18-02516","18","18-01","G170303E43567S",772229,749,"2000-04-13T00:00:00",170.30312327658686,-43.567147,59,0.047317385107951,0,0,0,9,"",0,170.3043972849804,-43.5683678058643,2589.5935,2893.743,2700.7214,2708.5947,45.017372,163.54611,5,"COPDEM30",292
"RGI2000-v7.0-G-18-02517","18","18-01","G170310E43571S",772242,749,"2000-04-13T00:00:00",170.31031933716383,-43.570829,59,0.094886799594782,0,0,0,9,"",0,170.31014891457775,-43.57130130183766,2349.7397,2609.9866,2373.2593,2404.523,15.982515,148.95943,4,"COPDEM30",638
"RGI2000-v7.0-G-18-02518","18","18-01","G170306E43575S",772246,749,"2000-04-13T00:00:00",170.31149318606558,-43.5765765,59,1.160652094874545,0,0,0,9,"",0,170.31695265612336,-43.5835885415148,1688.5989,2568.1602,2029.3722,2064.8813,25.441336,146.81062,4,"COPDEM30",2056
"RGI2000-v7.0-G-18-02519","18","18-01","G170319E43577S",772260,749,"2000-04-13T00:00:00",170.31925605536912,-43.5750765,59,0.181989835885845,0,0,0,9,"",0,170.3185351499171,-43.57776910550409,1987.8661,2410.8474,2167.7385,2185.9485,35.842846,171.5356,5,"COPDEM30",612
"RGI2000-v7.0-G-18-02520","18","18-01","G170302E43577S",772226,749,"2000-04-13T00:00:00",170.30209979347825,-43.576876999999996,59,0.088833170653143,0,0,0,9,"",0,170.30435238364237,-43.57577207636759,2194.5708,2525.4792,2358.1523,2355.693,37.830246,59.52065,2,"COPDEM30",460
"RGI2000-v7.0-G-18-02521","18","18-01","G170295E43576S",772215,749,"2000-04-13T00:00:00",170.29570293478682,-43.575303500000004,59,0.110938100999563,0,0,0,9,"",0,170.29770917939302,-43.57380973822693,2503.745,2772.792,2606.3955,2616.0964,31.91012,22.358883,1,"COPDEM30",521
"RGI2000-v7.0-G-18-02522","18","18-01","G170292E43572S",772206,749,"2000-04-13T00:00:00",170.29121418378628,-43.572549,59,0.025017396374048,0,0,0,9,"",0,170.29067908143935,-43.571989739167456,2446.2168,2542.3198,2478.0063,2481.5503,29.424515,15.671127,1,"COPDEM30",128
"RGI2000-v7.0-G-18-02523","18","18-01","G170288E43575S",772203,749,"2000-04-13T00:00:00",170.28838618315507,-43.573871,59,0.030215699276651,0,0,0,9,"",0,170.28735427914694,-43.573349229477664,2426.3232,2601.3076,2495.7607,2501.4495,38.097614,310.5312271118164,8,"COPDEM30",233
"RGI2000-v7.0-G-18-02524","18","18-01","G170284E43581S",772201,749,"2000-04-13T00:00:00",170.28475387149385,-43.578962000000004,59,0.097470053108469,0,0,0,9,"",0,170.28300440177273,-43.577287379198125,2253.9932,2695.224,2411.9893,2429.807,36.08992,322.343563079834,8,"COPDEM30",607
"RGI2000-v7.0-G-18-02525","18","18-01","G170279E43583S",772196,749,"2000-04-13T00:00:00",170.2792183560091,-43.581477500000005,59,0.234961578339288,0,0,0,9,"",0,170.2792419543605,-43.57727970215072,2185.9026,2757.5723,2362.7542,2394.759,31.770721,346.67115592956543,1,"COPDEM30",1072
"RGI2000-v7.0-G-18-02526","18","18-01","G170278E43586S",772195,749,"2000-04-13T00:00:00",170.2780026905488,-43.58552,59,0.010566720403876,0,0,0,9,"",0,170.27735685258926,-43.58482779354734,2712.167,2808.4849,2764.9263,2763.9998,33.02045,355.44365549087524,1,"COPDEM30",179
"RGI2000-v7.0-G-18-02527","18","18-01","G170269E43586S",772186,749,"2000-04-13T00:00:00",170.26739380887986,-43.5847625,59,0.505512317843783,0,0,0,9,"",0,170.26112017458195,-43.581493856311695,1997.1678,2619.963,2275.6604,2284.519,29.532818,290.6075897216797,7,"COPDEM30",1174
"RGI2000-v7.0-G-18-02528","18","18-01","G170265E43586S",772184,749,"2000-04-13T00:00:00",170.26523891383496,-43.585876,59,0.0115949492403,0,0,0,9,"",0,170.26554969314526,-43.58527494849803,2214.553,2298.055,2263.1433,2261.0334,33.72241,21.450293,1,"COPDEM30",126
"RGI2000-v7.0-G-18-02529","18","18-01","G170270E43578S",772191,749,"2000-04-13T00:00:00",170.27052589168767,-43.5783075,59,0.384092868754435,0,0,0,9,"",0,170.26525290467217,-43.57560570000588,2074.856,2420.2617,2214.0667,2224.5022,21.004969,306.68456649780273,8,"COPDEM30",1117
"RGI2000-v7.0-G-18-02530","18","18-01","G170273E43599S",772192,749,"2000-04-13T00:00:00",170.27348689396814,-43.595459000000005,59,0.387452134198604,0,0,0,9,"",0,170.26754710306054,-43.59701421163281,2180.3025,2869.4585,2419.5945,2478.483,28.933994,202.79432678222656,6,"COPDEM30",1298
"RGI2000-v7.0-G-18-02531","18","18-01","G170281E43605S",772197,749,"2000-04-13T00:00:00",170.28117253395584,-43.6047665,59,0.523323249127366,0,0,0,9,"",0,170.28554510292275,-43.6092380743109,1741.5859,2553.2969,2045.9575,2090.0413,34.735832,141.15942,4,"COPDEM30",1247
"RGI2000-v7.0-G-18-02532","18","18-01","G170276E43611S",772194,749,"2000-04-13T00:00:00",170.2750759800377,-43.61085,59,0.225051681372279,0,0,0,9,"",0,170.27523226414246,-43.61532405246222,1802.8916,2375.1838,2079.4824,2068.4358,30.242996,171.73645,5,"COPDEM30",1034
"RGI2000-v7.0-G-18-02533","18","18-01","G170268E43610S",772190,749,"2000-04-13T00:00:00",170.26917655875,-43.608684,59,0.610675806062193,0,0,0,9,"",0,170.26494675085112,-43.61383099678718,1712.688,2386.4106,2040.0724,2040.0665,30.235655,194.5888519287109,5,"COPDEM30",1405
"RGI2000-v7.0-G-18-02534","18","18-01","G170261E43613S",772181,749,"2000-04-13T00:00:00",170.26065657825563,-43.613223000000005,59,0.074217302877046,0,0,0,9,"",0,170.26208032884736,-43.614976468489175,1546.4604,1822.3447,1675.0667,1677.6973,37.08076,158.36804,5,"COPDEM30",414
"RGI2000-v7.0-G-18-02535","18","18-01","G170245E43621S",772165,749,"2000-04-13T00:00:00",170.2457546915888,-43.6180655,59,0.05733842611507,0,0,0,9,"",0,170.24389947624243,-43.61845633603103,2134.235,2297.143,2156.295,2174.5688,23.219511,221.039779663086,6,"COPDEM30",405
"RGI2000-v7.0-G-18-02536","18","18-01","G170249E43624S",772171,749,"2000-04-13T00:00:00",170.24868516937315,-43.624455499999996,59,0.01792275832157,0,0,0,9,"",0,170.24933204931608,-43.62539482753778,1649.4392,1826.2285,1727.0459,1728.5682,40.47015,143.10031,4,"COPDEM30",235
"RGI2000-v7.0-G-18-02537","18","18-01","G170243E43628S",772162,749,"2000-04-13T00:00:00",170.24268108456477,-43.6259765,59,0.051297398633791,0,0,0,9,"",0,170.24293993910638,-43.6271718067289,1607.9105,1818.1102,1705.1753,1705.8159,37.48421,160.73259,5,"COPDEM30",286
"RGI2000-v7.0-G-18-02538","18","18-01","G170253E43604S",772172,749,"2000-04-13T00:00:00",170.25138322175866,-43.602556,59,0.216932937790328,0,0,0,9,"",0,170.24811862769062,-43.603919777496536,1907.5613,2378.7378,2014.2305,2048.9263,28.922916,230.4217987060547,6,"COPDEM30",1001
"RGI2000-v7.0-G-18-02539","18","18-01","G170293E43588S",772217,749,"2000-04-13T00:00:00",170.29663131861167,-43.5909985,59,3.476568133176285,0,0,0,9,"",0,170.3046284923644,-43.596170824304274,1401.8916,2886.6375,2183.3843,2178.7998,30.243137,137.10205,4,"COPDEM30",2751
"RGI2000-v7.0-G-18-02540","18","18-01","G170310E43589S",772240,749,"2000-04-13T00:00:00",170.30941586630712,-43.586028,59,0.02516066238189,0,0,0,9,"",0,170.30924679463814,-43.58752506550409,2002.7786,2170.4202,2057.7505,2066.2869,30.69885,170.39456,5,"COPDEM30",329
"RGI2000-v7.0-G-18-02541","18","18-01","G170294E43568S",772210,749,"2000-04-13T00:00:00",170.2935270617647,-43.564942,59,0.729686904480204,0,0,0,9,"",0,170.28612485236286,-43.56097804451054,2019.0995,2665.1018,2400.3618,2387.818,24.10854,263.76624298095703,7,"COPDEM30",1522
"RGI2000-v7.0-G-18-02542","18","18-01","G170297E43559S",772208,749,"2000-04-13T00:00:00",170.29325594077173,-43.556301500000004,59,0.105578179471941,0,0,0,9,"",0,170.29134942155576,-43.55428008466964,2010.6077,2570.7104,2329.7957,2308.2092,35.939987,310.81663513183594,8,"COPDEM30",872
"RGI2000-v7.0-G-18-02543","18","18-01","G170294E43552S",772209,749,"2000-04-13T00:00:00",170.29387991161374,-43.5519075,59,0.118064327695501,0,0,0,9,"",0,170.29297378534764,-43.550067027549595,1887.4803,2236.0403,2004.1794,2016.478,35.587276,291.19017791748047,7,"COPDEM30",545
"RGI2000-v7.0-G-18-02544","18","18-01","G170302E43548S",772223,749,"2000-04-13T00:00:00",170.30127852801743,-43.5464485,59,0.226145597929131,0,0,0,9,"",0,170.29620623199685,-43.54514409443313,1945.347,2253.6262,2119.158,2117.7285,25.660213,263.6082000732422,7,"COPDEM30",708
"RGI2000-v7.0-G-18-02545","18","18-01","G170303E43546S",772231,749,"2000-04-13T00:00:00",170.3046705326271,-43.5435365,59,0.016113918450009,0,0,0,9,"",0,170.3046978857519,-43.54281433961825,2224.7883,2300.923,2278.0842,2273.6584,29.728561,35.720783,2,"COPDEM30",185
"RGI2000-v7.0-G-18-02546","18","18-01","G170304E43545S",772222,749,"2000-04-13T00:00:00",170.30114477500408,-43.541934,59,0.017419117380021,0,0,0,9,"",0,170.3015892617711,-43.541046987275244,2109.184,2211.3738,2159.1501,2160.3853,28.907614,31.904276,2,"COPDEM30",204
"RGI2000-v7.0-G-18-02547","18","18-01","G170310E43549S",772241,749,"2000-04-13T00:00:00",170.30967235227274,-43.545610999999994,59,0.198849356948793,0,0,0,9,"",0,170.3096496869379,-43.542627606679666,2036.6008,2424.814,2189.5942,2208.8665,32.166775,29.607985,2,"COPDEM30",839
"RGI2000-v7.0-G-18-02548","18","18-01","G170309E43527S",772239,749,"2000-04-13T00:00:00",170.3091225818839,-43.527304,59,0.046770864893403,0,0,0,9,"",0,170.30834928907396,-43.52855628859044,1993.8484,2201.7532,2135.9102,2118.9685,30.05378,247.86181640625,7,"COPDEM30",392
"RGI2000-v7.0-G-18-02549","18","18-01","G170269E43532S",772189,749,"2000-04-13T00:00:00",170.26860968802228,-43.5318155,59,0.013931753799348,0,0,0,9,"",0,170.26845039146923,-43.53267410080006,1877.1431,2017.134,1940.2822,1941.9713,38.893555,157.16002,4,"COPDEM30",186
"RGI2000-v7.0-G-18-02550","18","18-01","G170263E43529S",772183,749,"2000-04-13T00:00:00",170.26321713976378,-43.528792499999994,59,0.823453416472502,0,0,0,9,"",0,170.26273758290563,-43.5360817094944,1800.2946,2675.2334,2286.125,2276.8423,31.865099,157.3538,4,"COPDEM30",1899
"RGI2000-v7.0-G-18-02551","18","18-01","G170257E43529S",772180,749,"2000-04-13T00:00:00",170.2570138372518,-43.529187,59,0.034840280524285,0,0,0,9,"",0,170.25557897033505,-43.52921845032324,2253.27,2382.319,2341.6248,2336.295,31.535616,297.0431594848633,8,"COPDEM30",263
"RGI2000-v7.0-G-18-02552","18","18-01","G170255E43528S",772176,749,"2000-04-13T00:00:00",170.2550499805389,-43.528327000000004,59,0.050406561127374,0,0,0,9,"",0,170.25221831566984,-43.529385700898196,1988.6339,2347.044,2147.4832,2156.2595,38.915096,283.4117126464844,7,"COPDEM30",606
"RGI2000-v7.0-G-18-02553","18","18-01","G170255E43537S",772177,749,"2000-04-13T00:00:00",170.255471407767,-43.5365285,59,0.279139219690326,0,0,0,9,"",0,170.2520411943339,-43.541768921558436,1774.4064,2345.07,2037.7377,2048.0876,33.241135,150.35678,4,"COPDEM30",1291
"RGI2000-v7.0-G-18-02554","18","18-01","G170226E43527S",772159,749,"2000-04-13T00:00:00",170.2257993067982,-43.5273615,59,1.265937883304662,0,0,0,9,"",0,170.23755545260008,-43.53178702269986,1615.1917,2655.1675,2181.5703,2158.649,35.08688,123.6221,4,"COPDEM30",1667
"RGI2000-v7.0-G-18-02555","18","18-01","G170215E43532S",772154,749,"2000-04-13T00:00:00",170.21486112500003,-43.5318605,59,0.02123516348138,0,0,0,9,"",0,170.21640939986924,-43.53289160003973,2693.1846,2841.59,2798.8564,2790.653,35.393036,90.83268,3,"COPDEM30",177
"RGI2000-v7.0-G-18-02556","18","18-01","G170214E43534S",772153,749,"2000-04-13T00:00:00",170.21428573941563,-43.53398850000001,59,0.014264078439186,0,0,0,9,"",0,170.21463512896742,-43.534646982370106,2700.9036,2861.1794,2819.0437,2808.1008,47.357018,113.19482,4,"COPDEM30",119
"RGI2000-v7.0-G-18-02557","18","18-01","G170223E43544S",772157,749,"2000-04-13T00:00:00",170.2228362674927,-43.543714,59,0.044615150640851,0,0,0,9,"",0,170.2250737470451,-43.54495279329707,1825.2316,2099.2563,1974.4293,1962.791,39.878834,128.29288,4,"COPDEM30",388
"RGI2000-v7.0-G-18-02558","18","18-01","G170212E43553S",772152,749,"2000-04-13T00:00:00",170.2116900236565,-43.5529455,59,0.693622802517559,0,0,0,9,"",0,170.2253802917928,-43.558102759831556,1341.5022,2962.906,2225.3877,2206.762,38.039936,118.78305,4,"COPDEM30",2059
"RGI2000-v7.0-G-18-02559","18","18-01","G170200E43551S",772147,749,"2000-04-13T00:00:00",170.2003228759259,-43.5505645,59,0.017909205805579,0,0,0,9,"",0,170.20034678164575,-43.549813854110766,2881.7888,2984.81,2949.19,2945.877,34.772575,336.2812080383301,8,"COPDEM30",215
"RGI2000-v7.0-G-18-02560","18","18-01","G170202E43548S",772148,749,"2000-04-13T00:00:00",170.20184341587245,-43.5476305,59,0.069157546139171,0,0,0,9,"",0,170.20042590999074,-43.546095355128784,2671.26,2955.5789,2835.3918,2836.4617,41.81975,286.87796783447266,7,"COPDEM30",501
"RGI2000-v7.0-G-18-02561","18","18-01","G170205E43544S",772149,749,"2000-04-13T00:00:00",170.2048813277816,-43.5436995,59,0.010162408429653,0,0,0,9,"",0,170.20613694587647,-43.54308044808369,2688.8064,2808.3145,2747.7637,2747.6233,49.921513,117.323395,4,"COPDEM30",145
"RGI2000-v7.0-G-18-02562","18","18-01","G170358E43546S",772349,749,"2000-04-13T00:00:00",170.36033647109375,-43.5455385,59,0.248139728421273,0,0,0,9,"",0,170.36639684268332,-43.54646691049248,1842.5842,2547.5078,2008.2352,2091.632,29.914732,107.86267,3,"COPDEM30",1155
"RGI2000-v7.0-G-18-02563","18","18-01","G170406E43522S",772372,749,"2000-04-13T00:00:00",170.38501045335198,-43.553432,59,27.565022172989732,0,0,0,9,"",0,170.32524289026145,-43.60814262429112,1007.43384,2809.1877,1774.35,1728.9365,16.886713,163.66345,5,"COPDEM90",16413
"RGI2000-v7.0-G-18-02564","18","18-01","G170416E43568S",772426,749,"2000-04-13T00:00:00",170.41680168289136,-43.565535,59,0.063354577618963,0,0,0,9,"",0,170.4167074163241,-43.56686631972216,2065.7915,2273.5532,2164.056,2159.1355,36.6794,168.55794,5,"COPDEM30",379
"RGI2000-v7.0-G-18-02565","18","18-01","G170424E43571S",772435,749,"2000-04-13T00:00:00",170.42410253084103,-43.5694475,59,0.14929159163539,0,0,0,9,"",0,170.42364371783822,-43.57301480889272,1587.7766,2060.6494,1777.3914,1777.8936,30.511492,176.4281,5,"COPDEM30",861
"RGI2000-v7.0-G-18-02566","18","18-01","G170429E43567S",772443,749,"2000-04-13T00:00:00",170.42938894083971,-43.566288,59,0.020103362922185,0,0,0,9,"",0,170.42868911524621,-43.56721673274503,1938.4761,2148.7998,2022.6346,2026.5957,42.985634,194.05108642578125,5,"COPDEM30",235
"RGI2000-v7.0-G-18-02567","18","18-01","G170392E43521S",772381,749,"2000-04-13T00:00:00",170.39192385416666,-43.520934499999996,59,0.242956377499425,0,0,0,9,"",0,170.3936989392612,-43.52310239009985,1773.6611,2319.7761,1931.8502,1969.4021,32.965294,108.48649,3,"COPDEM30",582
"RGI2000-v7.0-G-18-02568","18","18-01","G170372E43611S",772362,749,"2000-04-13T00:00:00",170.37049645247149,-43.608295,59,0.070407407696763,0,0,0,9,"",0,170.36942105774943,-43.609138088957884,2259.417,2393.9358,2326.9092,2322.4026,27.829884,226.81301879882807,6,"COPDEM30",333
"RGI2000-v7.0-G-18-02569","18","18-01","G170288E43420S",772202,749,"2000-04-13T00:00:00",170.28791103256705,-43.4194985,59,0.066034356873486,0,0,0,9,"",0,170.28603476192336,-43.41999802790813,1662.9092,1756.3568,1697.971,1700.5837,21.301441,206.4158172607422,6,"COPDEM30",256
"RGI2000-v7.0-G-18-02570","18","18-01","G170503E43395S",772500,749,"2000-04-13T00:00:00",170.5028968237705,-43.3945715,59,0.036590079343972,0,0,0,9,"",0,170.50008170253838,-43.39534912414876,1744.9557,1962.3094,1826.9813,1832.4089,36.045265,205.3881072998047,6,"COPDEM30",394
"RGI2000-v7.0-G-18-02571","18","18-01","G170508E43397S",772504,749,"2000-04-13T00:00:00",170.50762275020676,-43.396578,59,0.157082483085905,0,0,0,9,"",0,170.50721711685418,-43.39935095801212,1535.103,1913.2836,1764.1287,1754.0195,35.443054,188.08499145507807,5,"COPDEM30",609
"RGI2000-v7.0-G-18-02572","18","18-01","G170514E43280S",772508,749,"2000-04-13T00:00:00",170.51342117978362,-43.2803335,59,0.046095372446952,0,0,0,9,"",0,170.51738406490426,-43.28025953875184,1545.1167,1742.4652,1680.6946,1660.659,32.37907,126.69805,4,"COPDEM30",559
"RGI2000-v7.0-G-18-02573","18","18-01","G170523E43273S",772513,749,"2000-04-13T00:00:00",170.5206196341062,-43.271821,59,0.34916549212961,0,0,0,9,"",0,170.52577940977835,-43.278158726128346,1398.4954,2150.3145,1854.8916,1813.305,30.003962,187.30813598632807,5,"COPDEM30",1792
"RGI2000-v7.0-G-18-02574","18","18-01","G170525E43269S",772516,749,"2000-04-13T00:00:00",170.52539693078094,-43.26857,59,0.024554474829562,0,0,0,9,"",0,170.52471522314258,-43.26960245518868,1971.3651,2136.086,2057.7393,2060.1003,37.24559,218.0766143798828,6,"COPDEM30",238
"RGI2000-v7.0-G-18-02575","18","18-01","G170527E43267S",772519,749,"2000-04-13T00:00:00",170.52708100027658,-43.267378,59,0.016229945402411,0,0,0,9,"",0,170.52810065228465,-43.26719826818013,2103.1533,2168.2368,2149.3594,2146.7668,27.709513,43.270237,2,"COPDEM30",198
"RGI2000-v7.0-G-18-02576","18","18-01","G170528E43268S",772518,749,"2000-04-13T00:00:00",170.52665047680512,-43.265213,59,0.066470032406087,0,0,0,9,"",0,170.5287718211661,-43.26557236528162,1985.3044,2175.0845,2113.7703,2102.2986,31.313717,90.48063,3,"COPDEM30",320
"RGI2000-v7.0-G-18-02577","18","18-01","G170529E43270S",772523,749,"2000-04-13T00:00:00",170.52909312242934,-43.269735,59,0.041454476627448,0,0,0,9,"",0,170.52954224856387,-43.27164056059077,2018.5999,2155.0771,2096.376,2093.0986,29.498981,123.638275,4,"COPDEM30",398
"RGI2000-v7.0-G-18-02578","18","18-01","G170527E43270S",772520,749,"2000-04-13T00:00:00",170.52693081182792,-43.270215,59,0.02491070047836,0,0,0,9,"",0,170.52727279560887,-43.27073511319535,1911.1482,2128.783,1998.9001,2001.6782,40.03814,218.3573760986328,6,"COPDEM30",212
"RGI2000-v7.0-G-18-02579","18","18-01","G170538E43272S",772525,749,"2000-04-13T00:00:00",170.53699633833924,-43.271605,59,1.01537464654958,0,0,0,9,"",0,170.54682080985867,-43.28262486902703,1361.5295,2100.584,1660.0511,1663.3762,21.81607,139.79585,4,"COPDEM30",2902
"RGI2000-v7.0-G-18-02580","18","18-01","G170547E43274S",772537,749,"2000-04-13T00:00:00",170.54732082142857,-43.273708,59,0.065027491268485,0,0,0,9,"",0,170.5471621943087,-43.275054875929726,1814.5774,1978.229,1897.0562,1897.9789,31.142014,216.09884643554688,6,"COPDEM30",242
"RGI2000-v7.0-G-18-02581","18","18-01","G170549E43276S",772540,749,"2000-04-13T00:00:00",170.54995559615384,-43.2751875,59,0.034446782238881,0,0,0,9,"",0,170.54890117897642,-43.276123132390026,1814.1417,1987.0748,1914.7913,1910.3815,34.999245,216.91677856445312,6,"COPDEM30",290
"RGI2000-v7.0-G-18-02582","18","18-01","G170550E43275S",772544,749,"2000-04-13T00:00:00",170.5534397727273,-43.277172,59,0.093570982549175,0,0,0,9,"",0,170.55169349033105,-43.27919178941754,1784.3081,1991.7393,1922.4543,1917.7312,32.37713,220.0481414794922,6,"COPDEM30",357
"RGI2000-v7.0-G-18-02583","18","18-01","G170556E43280S",772551,749,"2000-04-13T00:00:00",170.55587838144527,-43.2795965,59,0.089879858048107,0,0,0,9,"",0,170.55425268155952,-43.28154640163111,1755.91,1984.3417,1891.9319,1881.7062,26.35003,214.3142242431641,6,"COPDEM30",441
"RGI2000-v7.0-G-18-02584","18","18-01","G170558E43282S",772555,749,"2000-04-13T00:00:00",170.55798824552414,-43.2820125,59,0.082458450330496,0,0,0,9,"",0,170.5558626932756,-43.28319877723229,1688.7942,1899.9185,1810.8103,1810.7479,29.386358,197.59117126464844,5,"COPDEM30",370
"RGI2000-v7.0-G-18-02585","18","18-01","G170739E43272S",772791,749,"2000-04-13T00:00:00",170.7383658024018,-43.271770000000004,59,0.114521642349298,0,0,0,9,"",0,170.74145379700366,-43.271076702167385,1725.0366,1884.5983,1781.095,1785.4266,25.61479,106.35706,3,"COPDEM30",556
"RGI2000-v7.0-G-18-02586","18","18-01","G170744E43273S",772798,749,"2000-04-13T00:00:00",170.74398846503496,-43.2721645,59,0.078987217730587,0,0,0,9,"",0,170.74470860583614,-43.27322647350187,1561.6447,1699.2039,1597.8721,1603.9768,25.440552,140.47688,4,"COPDEM30",337
"RGI2000-v7.0-G-18-02587","18","18-01","G170843E43306S",772872,749,"2000-04-13T00:00:00",170.832646504717,-43.295170999999996,59,9.179074504918411,0,0,0,9,"",0,170.8708496000694,-43.3041000494265,1002.1044,2449.396,1899.9521,1789.2799,21.69689,148.98059,4,"COPDEM30",6344
"RGI2000-v7.0-G-18-02588","18","18-01","G170846E43295S",772897,749,"2000-04-13T00:00:00",170.84722731055362,-43.2942355,59,0.01950544909522,0,0,0,9,"",0,170.8466284167548,-43.29503224781056,2096.481,2207.429,2145.5688,2147.465,30.99332,185.2777862548828,5,"COPDEM30",199
"RGI2000-v7.0-G-18-02589","18","18-01","G170850E43293S",772908,749,"2000-04-13T00:00:00",170.8497269554985,-43.292715,59,0.044384797482274,0,0,0,9,"",0,170.85077199029146,-43.293481450117035,2015.9537,2188.0193,2101.749,2102.587,40.541218,114.97902,4,"COPDEM30",215
"RGI2000-v7.0-G-18-02590","18","18-01","G170874E43293S",772935,749,"2000-04-13T00:00:00",170.87328280152673,-43.292781000000005,59,0.02201386502301,0,0,0,9,"",0,170.87259345042497,-43.29234944785437,1864.2529,1919.4512,1893.9126,1893.8309,21.975271,282.25569915771484,7,"COPDEM30",135
"RGI2000-v7.0-G-18-02591","18","18-01","G170876E43289S",772945,749,"2000-04-13T00:00:00",170.87729282300955,-43.2902505,59,0.084284577278979,0,0,0,9,"",0,170.8741069001741,-43.28933680257139,1895.1228,2130.0176,2010.3567,2012.9447,33.475037,255.13690948486328,7,"COPDEM30",339
"RGI2000-v7.0-G-18-02592","18","18-01","G170880E43288S",772950,749,"2000-04-13T00:00:00",170.8795862548323,-43.287778,59,0.038868926794269,0,0,0,9,"",0,170.879071734693,-43.28726875275937,2061.6167,2156.013,2125.1196,2120.9297,27.213442,0.50749975,1,"COPDEM30",224
"RGI2000-v7.0-G-18-02593","18","18-01","G170881E43285S",772954,749,"2000-04-13T00:00:00",170.88148947147653,-43.284605,59,0.091253745791939,0,0,0,9,"",0,170.87989369826408,-43.28465503751211,1958.2556,2121.4626,2066.1821,2057.8677,27.257051,285.64281463623047,7,"COPDEM30",374
"RGI2000-v7.0-G-18-02594","18","18-01","G170889E43285S",772962,749,"2000-04-13T00:00:00",170.88600558569613,-43.285649,59,0.415931325762402,0,0,0,9,"",0,170.89006379890048,-43.28166100012041,1766.1193,2122.4402,1954.47,1956.8647,27.64557,54.58775,2,"COPDEM30",766
"RGI2000-v7.0-G-18-02595","18","18-01","G170884E43291S",772959,749,"2000-04-13T00:00:00",170.88423557847898,-43.291227500000005,59,0.410024011281317,0,0,0,9,"",0,170.8807306820324,-43.29386328392888,1728.4,2163.5315,1957.1531,1951.2369,28.808197,189.6215209960937,5,"COPDEM30",786
"RGI2000-v7.0-G-18-02596","18","18-01","G170890E43276S",772976,749,"2000-04-13T00:00:00",170.89253535185307,-43.276296,59,0.855077787223374,0,0,0,9,"",0,170.90536433233726,-43.2739694522755,1096.5432,2331.9126,1591.9814,1636.229,30.241531,103.48724,3,"COPDEM30",2504
"RGI2000-v7.0-G-18-02597","18","18-01","G170889E43274S",772967,749,"2000-04-13T00:00:00",170.88822565140845,-43.2738705,59,0.010579881882707,0,0,0,9,"",0,170.8889116090604,-43.2740238736579,1824.0674,1934.4712,1885.6509,1882.7859,52.04093,137.37166,4,"COPDEM30",95
"RGI2000-v7.0-G-18-02598","18","18-01","G170883E43272S",772957,749,"2000-04-13T00:00:00",170.88257763741723,-43.271701,59,0.021205107211445,0,0,0,9,"",0,170.88341484078208,-43.27234813347661,2231.2173,2428.7014,2334.8706,2336.646,51.122288,150.80196,4,"COPDEM30",172
"RGI2000-v7.0-G-18-02599","18","18-01","G170881E43273S",772953,749,"2000-04-13T00:00:00",170.88111269382716,-43.2732995,59,0.017318818853326,0,0,0,9,"",0,170.88172497593953,-43.273792405606564,2171.7705,2367.9912,2272.3909,2271.4192,53.792137,134.60379,4,"COPDEM30",158
"RGI2000-v7.0-G-18-02600","18","18-01","G170891E43268S",772971,749,"2000-04-13T00:00:00",170.8910249627604,-43.268079,59,0.067120072745942,0,0,0,9,"",0,170.89240909717353,-43.26903794503619,1982.5911,2337.0742,2157.5405,2152.261,45.827427,127.02304,4,"COPDEM30",346
"RGI2000-v7.0-G-18-02601","18","18-01","G170894E43265S",772978,749,"2000-04-13T00:00:00",170.89428163390505,-43.2651335,59,0.089618919071079,0,0,0,9,"",0,170.89612600793055,-43.26397041102808,1873.5454,2279.4185,2053.1768,2067.8945,40.265827,95.38047,3,"COPDEM30",558
"RGI2000-v7.0-G-18-02602","18","18-01","G170889E43263S",772968,749,"2000-04-13T00:00:00",170.88928678435724,-43.262768,59,0.151912256166145,0,0,0,9,"",0,170.88534194732017,-43.25984054903579,1789.6554,2356.3948,2024.3564,2041.3842,37.808346,346.6021900177002,1,"COPDEM30",866
"RGI2000-v7.0-G-18-02603","18","18-01","G170890E43258S",772970,749,"2000-04-13T00:00:00",170.890146614745,-43.259255499999995,59,0.066764177718552,0,0,0,9,"",0,170.88897066382702,-43.25788135978283,1924.0303,2167.808,2030.4698,2031.7297,37.24907,299.85997009277344,8,"COPDEM30",367
"RGI2000-v7.0-G-18-02604","18","18-01","G170874E43261S",772937,749,"2000-04-13T00:00:00",170.8740396953125,-43.2609195,59,2.387412567779118,0,0,0,9,"",0,170.8899231119287,-43.24945068105099,1304.6042,2420.0288,2097.2036,2019.614,22.926102,26.987156,2,"COPDEM30",3161
"RGI2000-v7.0-G-18-02605","18","18-01","G170888E43236S",772966,749,"2000-04-13T00:00:00",170.8882062358631,-43.237142000000006,59,0.107913114927468,0,0,0,9,"",0,170.8846495469549,-43.236943353530506,1741.2549,1999.4984,1893.3394,1888.5964,30.081778,273.86102294921875,7,"COPDEM30",683
"RGI2000-v7.0-G-18-02606","18","18-01","G170884E43235S",772958,749,"2000-04-13T00:00:00",170.88374769733014,-43.2351035,59,0.020197673599863,0,0,0,9,"",0,170.88473539572485,-43.23556490263553,1819.073,1924.3048,1866.6409,1869.2363,43.108006,189.3933258056641,5,"COPDEM30",246
"RGI2000-v7.0-G-18-02607","18","18-01","G170887E43232S",772963,749,"2000-04-13T00:00:00",170.88685028469996,-43.232177,59,0.414284967724376,0,0,0,9,"",0,170.87958371447712,-43.2320753303162,1766.1942,2246.5186,1927.2114,1965.2281,20.302933,272.9540786743164,7,"COPDEM30",1362
"RGI2000-v7.0-G-18-02608","18","18-01","G170894E43224S",772984,749,"2000-04-13T00:00:00",170.89901673748813,-43.225502000000006,59,1.886358775921785,0,0,0,9,"",0,170.87261541537032,-43.22821483795487,1365.9425,2379.101,2036.8486,2009.9879,22.923079,245.47561645507807,6,"COPDEM30",3034
"RGI2000-v7.0-G-18-02609","18","18-01","G170896E43218S",772989,749,"2000-04-13T00:00:00",170.90083256079734,-43.219294,59,1.430770080446615,0,0,0,9,"",0,170.88615484248484,-43.214677593011544,1919.7646,2598.5647,2275.4365,2281.05,19.433414,251.91053009033203,7,"COPDEM30",2218
"RGI2000-v7.0-G-18-02610","18","18-01","G170899E43213S",772981,749,"2000-04-13T00:00:00",170.8961624471831,-43.212561,59,0.422293310944643,0,0,0,9,"",0,170.8909650529222,-43.21259942364098,1872.0168,2589.9304,2197.7974,2206.7239,34.195793,323.8523254394531,8,"COPDEM30",1470
"RGI2000-v7.0-G-18-02611","18","18-01","G170912E43211S",773006,749,"2000-04-13T00:00:00",170.91157613575513,-43.211314,59,0.223604026595823,0,0,0,9,"",0,170.9086647098845,-43.208661354005784,1893.3169,2320.4893,2131.8025,2129.8813,36.620834,11.157177,1,"COPDEM30",922
"RGI2000-v7.0-G-18-02612","18","18-01","G170919E43212S",773019,749,"2000-04-13T00:00:00",170.91941489860386,-43.211999000000006,59,0.046194429432213,0,0,0,9,"",0,170.917195314071,-43.210841871014324,2129.687,2369.9812,2284.8047,2269.6619,34.558372,322.24168395996094,8,"COPDEM30",423
"RGI2000-v7.0-G-18-02613","18","18-01","G170923E43218S",773024,749,"2000-04-13T00:00:00",170.92282661867705,-43.218463,59,0.016037606475416,0,0,0,9,"",0,170.92180834271375,-43.21940482362453,1845.7169,2040.081,1952.3359,1949.5264,53.03888,149.83084,4,"COPDEM30",251
"RGI2000-v7.0-G-18-02614","18","18-01","G170910E43228S",773002,749,"2000-04-13T00:00:00",170.90955891805163,-43.2280565,59,0.060624856818429,0,0,0,9,"",0,170.91076795144278,-43.22859461564392,2143.0532,2442.5918,2374.857,2352.8362,35.457375,111.76317,3,"COPDEM30",386
"RGI2000-v7.0-G-18-02615","18","18-01","G170913E43237S",773012,749,"2000-04-13T00:00:00",170.91638361800156,-43.2354505,59,7.230339972409314,0,0,0,9,"",0,170.91234334834047,-43.26724701344785,930.8379,2389.261,1814.249,1678.36,18.093664,196.5394287109375,5,"COPDEM30",7859
"RGI2000-v7.0-G-18-02616","18","18-01","G170900E43237S",772987,749,"2000-04-13T00:00:00",170.90033897131147,-43.2374475,59,0.313900814439526,0,0,0,9,"",0,170.90579392003787,-43.23891119371691,1317.1592,1977.7281,1658.3641,1653.4015,36.92763,126.85076,4,"COPDEM30",1026
"RGI2000-v7.0-G-18-02617","18","18-01","G170930E43249S",773042,749,"2000-04-13T00:00:00",170.93027997563559,-43.248183499999996,59,0.077708518049655,0,0,0,9,"",0,170.92981997823364,-43.24643299706865,1851.5233,2038.79,1960.2794,1954.8177,26.242039,1.9626031,1,"COPDEM30",395
"RGI2000-v7.0-G-18-02618","18","18-01","G170928E43252S",773035,749,"2000-04-13T00:00:00",170.92847719069505,-43.251768999999996,59,0.069507717792288,0,0,0,9,"",0,170.9273852719658,-43.25334732736932,1803.9371,2001.428,1864.6641,1877.0254,28.54605,195.9596099853516,5,"COPDEM30",402
"RGI2000-v7.0-G-18-02619","18","18-01","G170934E43258S",773046,749,"2000-04-13T00:00:00",170.93240193613957,-43.25627,59,0.109503951296311,0,0,0,9,"",0,170.93694049794297,-43.25656640960038,1756.4791,1997.6078,1903.4204,1897.3468,28.01458,94.35065,3,"COPDEM30",488
"RGI2000-v7.0-G-18-02620","18","18-01","G170929E43259S",773036,749,"2000-04-13T00:00:00",170.92825487386364,-43.2587255,59,0.03435593984424,0,0,0,9,"",0,170.9275182594364,-43.260176597715585,1786.8232,1888.8763,1811.4905,1817.524,19.201214,225.2813262939453,6,"COPDEM30",383
"RGI2000-v7.0-G-18-02621","18","18-01","G170933E43260S",773048,749,"2000-04-13T00:00:00",170.93307005708664,-43.2602655,59,0.098939587804527,0,0,0,9,"",0,170.93534264677598,-43.25948935852137,1813.0508,1969.6578,1887.1685,1886.9788,26.704653,89.52685,3,"COPDEM30",417
"RGI2000-v7.0-G-18-02622","18","18-01","G170937E43265S",773058,749,"2000-04-13T00:00:00",170.9367081272676,-43.2645355,59,0.017472235916512,0,0,0,9,"",0,170.93646973568994,-43.2656848607453,1668.0287,1843.7197,1734.9849,1739.875,39.135418,167.2469,5,"COPDEM30",246
"RGI2000-v7.0-G-18-02623","18","18-01","G170937E43250S",773056,749,"2000-04-13T00:00:00",170.93590890361446,-43.2501885,59,0.272927905095693,0,0,0,9,"",0,170.93819866581723,-43.252339994280824,1761.6761,2060.4292,1854.7947,1865.1781,28.827993,107.973434,3,"COPDEM30",558
"RGI2000-v7.0-G-18-02624","18","18-01","G170941E43248S",773061,749,"2000-04-13T00:00:00",170.94119248972603,-43.247547999999995,59,0.024510739050422,0,0,0,9,"",0,170.94057340540974,-43.248687321320205,1711.2887,1831.1521,1749.3799,1757.6016,27.308594,167.54552,5,"COPDEM30",276
"RGI2000-v7.0-G-18-02625","18","18-01","G170936E43238S",773055,749,"2000-04-13T00:00:00",170.93630769970434,-43.238693,59,0.026638077008712,0,0,0,9,"",0,170.93503538683123,-43.23894076939417,1807.1664,1931.1376,1856.209,1859.0374,30.196587,244.8550491333008,6,"COPDEM30",239
"RGI2000-v7.0-G-18-02626","18","18-01","G170938E43235S",773054,749,"2000-04-13T00:00:00",170.93635665232773,-43.235656,59,0.058162019235346,0,0,0,9,"",0,170.93376888118365,-43.23552685020996,1792.4774,2074.1223,1945.6499,1937.2572,32.500595,257.2719039916992,7,"COPDEM30",489
"RGI2000-v7.0-G-18-02627","18","18-01","G170942E43233S",773063,749,"2000-04-13T00:00:00",170.94225649788137,-43.232952499999996,59,0.052657000513348,0,0,0,9,"",0,170.9412861289855,-43.23487718730931,1966.325,2244.27,2096.2104,2098.0137,43.95103,152.89133,4,"COPDEM30",521
"RGI2000-v7.0-G-18-02628","18","18-01","G170948E43236S",773064,749,"2000-04-13T00:00:00",170.94671132670453,-43.2365575,59,1.088231472569791,0,0,0,9,"",0,170.9623880000001,-43.232432001977806,1466.8048,2445.8533,1724.2664,1771.6742,29.588139,142.83246,4,"COPDEM30",2609
"RGI2000-v7.0-G-18-02629","18","18-01","G170953E43228S",773069,749,"2000-04-13T00:00:00",170.95227167771083,-43.227762,59,0.011860993417755,0,0,0,9,"",0,170.9528550803378,-43.22843387663851,2151.2405,2291.2495,2221.1226,2222.5469,39.672325,133.25085,4,"COPDEM30",165
"RGI2000-v7.0-G-18-02630","18","18-01","G170949E43227S",773066,749,"2000-04-13T00:00:00",170.94878875,-43.2267515,59,0.014633547811851,0,0,0,9,"",0,170.9498706196186,-43.22735183555298,2386.8923,2451.979,2434.134,2431.0872,28.872263,57.147884,2,"COPDEM30",164
"RGI2000-v7.0-G-18-02631","18","18-01","G170953E43219S",773072,749,"2000-04-13T00:00:00",170.95433514113336,-43.218831,59,0.763290554920693,0,0,0,9,"",0,170.96239100000005,-43.22178395872087,1436.1907,2273.7393,1797.9095,1804.2,29.68592,89.6727,3,"COPDEM30",1998
"RGI2000-v7.0-G-18-02632","18","18-01","G170957E43209S",773067,749,"2000-04-13T00:00:00",170.95118610084057,-43.2097325,59,0.168124204943492,0,0,0,9,"",0,170.9595389134877,-43.210580768074614,1457.367,2102.8018,1818.0483,1803.958,37.80589,108.07684,3,"COPDEM30",990
"RGI2000-v7.0-G-18-02633","18","18-01","G170955E43202S",773071,749,"2000-04-13T00:00:00",170.9536449111111,-43.2028835,59,0.56525161762083,0,0,0,9,"",0,170.96437100750674,-43.20059133925865,1356.6715,2189.386,1765.6697,1762.1111,33.50914,81.602196,3,"COPDEM30",1565
"RGI2000-v7.0-G-18-02634","18","18-01","G170956E43195S",773073,749,"2000-04-13T00:00:00",170.95594887041887,-43.1948705,59,0.027877970152446,0,0,0,9,"",0,170.95675344250418,-43.1936101663487,1877.57,2063.0596,1958.2966,1965.0221,33.932156,10.173029,1,"COPDEM30",364
"RGI2000-v7.0-G-18-02635","18","18-01","G170963E43196S",773077,749,"2000-04-13T00:00:00",170.96295562678705,-43.195425,59,0.018705912848232,0,0,0,9,"",0,170.96267449308746,-43.19628748041265,1831.2404,1878.3036,1857.5714,1857.0206,19.443504,153.16782,4,"COPDEM30",168
"RGI2000-v7.0-G-18-02636","18","18-01","G170948E43183S",773065,749,"2000-04-13T00:00:00",170.94811903491285,-43.183077499999996,59,0.259189943117783,0,0,0,9,"",0,170.9511887637899,-43.17994743142319,893.6601,1269.8143,1005.08264,1018.82996,30.529192,57.79808,2,"COPDEM30",713
"RGI2000-v7.0-G-18-02637","18","18-01","G170934E43180S",773050,749,"2000-04-13T00:00:00",170.93390739115358,-43.1800195,59,0.128743573213816,0,0,0,9,"",0,170.93548184101954,-43.17809797880469,1872.7977,2210.3743,2050.103,2042.508,35.582043,25.517761,2,"COPDEM30",518
"RGI2000-v7.0-G-18-02638","18","18-01","G170928E43180S",773034,749,"2000-04-13T00:00:00",170.92758372727272,-43.180000500000006,59,0.065166892916506,0,0,0,9,"",0,170.92851245639494,-43.17818218875042,1989.1431,2364.4277,2213.6487,2198.3533,42.92312,20.21024,1,"COPDEM30",429
"RGI2000-v7.0-G-18-02639","18","18-01","G170923E43181S",773023,749,"2000-04-13T00:00:00",170.92305102654393,-43.180887,59,0.028685648844482,0,0,0,9,"",0,170.92196167473665,-43.18090742946284,2160.736,2339.042,2236.8352,2244.9504,42.674477,262.53778076171875,7,"COPDEM30",214
"RGI2000-v7.0-G-18-02640","18","18-01","G170921E43178S",773021,749,"2000-04-13T00:00:00",170.92091450411283,-43.178188500000005,59,0.014489069806118,0,0,0,9,"",0,170.9205004276618,-43.177906478285365,2154.3784,2251.5322,2202.8796,2204.4004,31.648619,253.7191390991211,7,"COPDEM30",213
"RGI2000-v7.0-G-18-02641","18","18-01","G170905E43185S",773015,749,"2000-04-13T00:00:00",170.91671851459628,-43.1804305,59,1.120761955059271,0,0,0,9,"",0,170.89343467455646,-43.17472868973994,1321.1587,2417.591,1832.4827,1820.6079,23.595364,342.8816394805908,1,"COPDEM30",3042
"RGI2000-v7.0-G-18-02642","18","18-01","G170921E43188S",773022,749,"2000-04-13T00:00:00",170.92089143619427,-43.187543500000004,59,0.028090128774404,0,0,0,9,"",0,170.91999415570476,-43.18687511133552,2253.1672,2318.068,2293.2505,2290.3025,26.145287,301.4119911193848,8,"COPDEM30",190
"RGI2000-v7.0-G-18-02643","18","18-01","G170916E43189S",773011,749,"2000-04-13T00:00:00",170.9163439210526,-43.1887525,59,0.020956091724501,0,0,0,9,"",0,170.91793780005256,-43.18848804959669,2244.7136,2358.4468,2310.9192,2302.493,27.769556,69.02697,3,"COPDEM30",250
"RGI2000-v7.0-G-18-02644","18","18-01","G170913E43190S",773007,749,"2000-04-13T00:00:00",170.91291825,-43.190422999999996,59,0.132161915394547,0,0,0,9,"",0,170.91599588896273,-43.19318621214635,2026.0092,2360.3074,2198.5557,2204.1147,39.22081,192.5897979736328,5,"COPDEM30",697
"RGI2000-v7.0-G-18-02645","18","18-01","G170909E43193S",772999,749,"2000-04-13T00:00:00",170.908607,-43.1933905,59,0.074450994513631,0,0,0,9,"",0,170.90751064546944,-43.195213831067775,1662.633,1917.9138,1780.8706,1784.077,31.240696,183.455307006836,5,"COPDEM30",422
"RGI2000-v7.0-G-18-02646","18","18-01","G170903E43195S",772991,749,"2000-04-13T00:00:00",170.90330108070432,-43.195406500000004,59,0.092833452888326,0,0,0,9,"",0,170.90329784233725,-43.198948966954774,1394.5991,1854.3468,1624.2764,1623.7657,29.631678,190.46083068847656,5,"COPDEM30",858
"RGI2000-v7.0-G-18-02647","18","18-01","G170908E43190S",772990,749,"2000-04-13T00:00:00",170.90284340019377,-43.189721000000006,59,0.192705495480795,0,0,0,9,"",0,170.89919465707337,-43.19142183716394,1904.6407,2305.051,2118.4795,2116.8164,44.058846,182.6491241455078,5,"COPDEM30",920
"RGI2000-v7.0-G-18-02648","18","18-01","G170899E43188S",772983,749,"2000-04-13T00:00:00",170.8994249212185,-43.1877695,59,0.046636346052678,0,0,0,9,"",0,170.89571017178176,-43.18895933593975,2160.039,2314.0571,2239.6062,2238.3613,28.835835,285.9694290161133,7,"COPDEM30",481
"RGI2000-v7.0-G-18-02649","18","18-01","G170893E43188S",772973,749,"2000-04-13T00:00:00",170.89162481973685,-43.187698499999996,59,0.024483165576766,0,0,0,9,"",0,170.89259482918516,-43.18701857199638,1867.2228,1965.5566,1909.6395,1910.1702,33.87807,348.7217502593994,1,"COPDEM30",177
"RGI2000-v7.0-G-18-02650","18","18-01","G170894E43193S",772977,749,"2000-04-13T00:00:00",170.8940483356077,-43.1923225,59,0.163209554255135,0,0,0,9,"",0,170.89510121026592,-43.19488105441025,1645.4705,2052.657,1815.2292,1819.7343,33.768436,173.31511,5,"COPDEM30",706
"RGI2000-v7.0-G-18-02651","18","18-01","G170881E43191S",772952,749,"2000-04-13T00:00:00",170.88069433188465,-43.191075,59,0.06709686874962,0,0,0,9,"",0,170.87717543649364,-43.19025149304,1906.5304,1965.0621,1931.4109,1932.6919,11.025924,353.6818871498108,1,"COPDEM30",628
"RGI2000-v7.0-G-18-02652","18","18-01","G170871E43197S",772930,749,"2000-04-13T00:00:00",170.8714814107364,-43.196304,59,0.024974919895018,0,0,0,9,"",0,170.87103895237664,-43.1969277592807,1564.754,1636.2217,1589.9077,1591.089,22.087172,163.10355,5,"COPDEM30",163
"RGI2000-v7.0-G-18-02653","18","18-01","G170867E43198S",772924,749,"2000-04-13T00:00:00",170.86741517545454,-43.1983165,59,0.014272134806016,0,0,0,9,"",0,170.86787873624507,-43.19871905479592,1496.6448,1547.3396,1518.5696,1518.9882,26.252373,146.94058,4,"COPDEM30",134
"RGI2000-v7.0-G-18-02654","18","18-01","G170907E43185S",772996,749,"2000-04-13T00:00:00",170.90721644570706,-43.184833,59,0.247104368000464,0,0,0,9,"",0,170.90948030118915,-43.18166261470776,1957.5945,2402.143,2201.996,2204.0986,31.087505,1.784309,1,"COPDEM30",874
"RGI2000-v7.0-G-18-02655","18","18-01","G170925E43205S",773018,749,"2000-04-13T00:00:00",170.91853945833333,-43.1945695,59,1.530252296971348,0,0,0,9,"",0,170.9006942445407,-43.20071875920672,1298.0677,2510.737,1880.2893,1866.0074,26.950674,228.2287750244141,6,"COPDEM30",3553
"RGI2000-v7.0-G-18-02656","18","18-01","G170914E43205S",773008,749,"2000-04-13T00:00:00",170.91355171682628,-43.2050135,59,0.811171410574105,0,0,0,9,"",0,170.90819489135166,-43.204171466157995,1683.3451,2246.1873,1991.6462,1989.3556,22.407358,289.64649963378906,7,"COPDEM30",1641
"RGI2000-v7.0-G-18-02657","18","18-01","G170940E43193S",773059,749,"2000-04-13T00:00:00",170.94023407916,-43.195469,59,2.872958237219205,0,0,0,9,"",0,170.9476142258023,-43.188615977432185,1385.1765,2315.8792,2020.9681,2006.308,19.038582,60.284126,2,"COPDEM30",2681
"RGI2000-v7.0-G-18-02658","18","18-01","G170932E43186S",773045,749,"2000-04-13T00:00:00",170.93237190243903,-43.1856345,59,0.538536844519786,0,0,0,9,"",0,170.9384386035826,-43.182324252824365,1935.2963,2490.1626,2190.94,2196.425,28.679853,86.63516,3,"COPDEM30",1217
"RGI2000-v7.0-G-18-02659","18","18-01","G170930E43172S",773030,749,"2000-04-13T00:00:00",170.92679340772338,-43.173295499999995,59,0.402296860717913,0,0,0,9,"",0,170.94160257155878,-43.17150914899865,1217.7334,1993.189,1539.9104,1528.6533,27.771368,71.356415,3,"COPDEM30",1939
"RGI2000-v7.0-G-18-02660","18","18-01","G170928E43169S",773033,749,"2000-04-13T00:00:00",170.92842269313985,-43.1690505,59,0.106025329711167,0,0,0,9,"",0,170.92943904124448,-43.17117686018656,1528.5588,1982.0968,1714.4249,1723.1539,39.681744,119.60636,4,"COPDEM30",681
"RGI2000-v7.0-G-18-02661","18","18-01","G170930E43163S",773043,749,"2000-04-13T00:00:00",170.93067975411677,-43.1627285,59,0.411827109985993,0,0,0,9,"",0,170.93618456096706,-43.16601743908191,1695.86,2323.7214,2066.0564,2070.1213,35.37148,144.10791,4,"COPDEM30",965
"RGI2000-v7.0-G-18-02662","18","18-01","G170937E43162S",773052,749,"2000-04-13T00:00:00",170.93531836672008,-43.1621935,59,0.211428420815804,0,0,0,9,"",0,170.9398039094126,-43.16477862100182,1654.4639,2187.8289,1927.2322,1927.6652,32.879677,131.83694,4,"COPDEM30",833
"RGI2000-v7.0-G-18-02663","18","18-01","G170937E43157S",773051,749,"2000-04-13T00:00:00",170.9347659994445,-43.156487,59,0.085040032616624,0,0,0,9,"",0,170.93975722373693,-43.156009694494536,1569.8448,2120.6624,1706.7205,1744.7317,38.51979,72.44619,3,"COPDEM30",770
"RGI2000-v7.0-G-18-02664","18","18-01","G170929E43159S",773041,749,"2000-04-13T00:00:00",170.92914564166668,-43.158587499999996,59,0.016702748605705,0,0,0,9,"",0,170.9294861393158,-43.15768932115412,2231.4465,2328.2527,2307.1082,2294.9597,25.449707,357.1878979206085,1,"COPDEM30",184
"RGI2000-v7.0-G-18-02665","18","18-01","G170923E43161S",773028,749,"2000-04-13T00:00:00",170.924633,-43.1605415,59,0.234209908673067,0,0,0,9,"",0,170.92109229975898,-43.16105156728013,2025.8849,2310.7239,2182.9268,2184.634,29.271006,261.8632202148437,7,"COPDEM30",611
"RGI2000-v7.0-G-18-02666","18","18-01","G170926E43156S",773029,749,"2000-04-13T00:00:00",170.92592998597655,-43.155439,59,0.273685818528849,0,0,0,9,"",0,170.92201659236966,-43.1508500000433,1817.0516,2319.4573,2071.9963,2077.2434,28.296967,358.4149969816208,1,"COPDEM30",1154
"RGI2000-v7.0-G-18-02667","18","18-01","G170929E43154S",773040,749,"2000-04-13T00:00:00",170.92871024812206,-43.1539845,59,0.010460498883949,0,0,0,9,"",0,170.92980556884734,-43.153836921722,1943.2751,2040.7848,2001.1198,1998.9755,32.738834,67.724625,3,"COPDEM30",172
"RGI2000-v7.0-G-18-02668","18","18-01","G170929E43150S",773032,749,"2000-04-13T00:00:00",170.9283279112903,-43.1507785,59,0.016626855178643,0,0,0,9,"",0,170.92874780661856,-43.149620955629494,1974.7799,2025.764,1998.3662,1998.4652,17.158182,310.3480110168457,8,"COPDEM30",174
"RGI2000-v7.0-G-18-02669","18","18-01","G170923E43148S",773025,749,"2000-04-13T00:00:00",170.92391975987152,-43.148762500000004,59,0.012525466314689,0,0,0,9,"",0,170.9233350000003,-43.14828651286268,1796.2349,1818.8263,1802.7944,1804.2429,13.490253,311.8239212036133,8,"COPDEM30",170
"RGI2000-v7.0-G-18-02670","18","18-01","G170921E43154S",773020,749,"2000-04-13T00:00:00",170.9213507078751,-43.1544965,59,0.014975839202925,0,0,0,9,"",0,170.9215898902867,-43.15373230776182,2083.8823,2174.9897,2126.427,2127.527,29.854383,20.545437,1,"COPDEM30",181
"RGI2000-v7.0-G-18-02671","18","18-01","G170919E43156S",773017,749,"2000-04-13T00:00:00",170.91773030340556,-43.1551895,59,0.106181121256302,0,0,0,9,"",0,170.91565418916485,-43.15611613676953,1867.3109,2156.8628,2000.5134,2008.3229,30.713184,240.4101409912109,6,"COPDEM30",574
"RGI2000-v7.0-G-18-02672","18","18-01","G170916E43151S",773013,749,"2000-04-13T00:00:00",170.9170427889393,-43.152141,59,0.026372194897614,0,0,0,9,"",0,170.91662226307545,-43.1509730000925,1943.1786,2072.592,2023.1195,2018.199,28.988026,23.038061,2,"COPDEM30",289
"RGI2000-v7.0-G-18-02673","18","18-01","G170917E43166S",773014,749,"2000-04-13T00:00:00",170.9173649350348,-43.1655035,59,0.073346323654087,0,0,0,9,"",0,170.91578600298377,-43.16437594530724,1705.9089,1867.8904,1766.9424,1766.9503,26.036934,314.26131439208984,8,"COPDEM30",562
"RGI2000-v7.0-G-18-02674","18","18-01","G170913E43169S",773010,749,"2000-04-13T00:00:00",170.9152456096774,-43.170231,59,0.251031146043215,0,0,0,9,"",0,170.91769896321776,-43.16801252487794,1911.3508,2199.5564,2095.784,2090.7253,29.981834,10.70971,1,"COPDEM30",536
"RGI2000-v7.0-G-18-02675","18","18-01","G170912E43171S",773005,749,"2000-04-13T00:00:00",170.91235990458017,-43.171170000000004,59,0.031424284506689,0,0,0,9,"",0,170.9091282563192,-43.17157295472236,1987.2031,2175.2017,2115.0034,2102.6262,43.05607,206.9104766845703,6,"COPDEM30",286
"RGI2000-v7.0-G-18-02676","18","18-01","G170907E43166S",772995,749,"2000-04-13T00:00:00",170.90723869084744,-43.166467999999995,59,0.070862070488152,0,0,0,9,"",0,170.90919671499526,-43.16570058576097,1994.9238,2184.5618,2130.518,2119.9905,31.465666,60.788025,2,"COPDEM30",465
"RGI2000-v7.0-G-18-02677","18","18-01","G170896E43167S",772986,749,"2000-04-13T00:00:00",170.89962106423985,-43.167584,59,0.067776056261829,0,0,0,9,"",0,170.9031195339465,-43.16920982333792,1732.0388,1969.6124,1883.3196,1874.3896,32.036243,177.4846,5,"COPDEM30",454
"RGI2000-v7.0-G-18-02678","18","18-01","G170898E43166S",772982,749,"2000-04-13T00:00:00",170.89798196507763,-43.165968500000005,59,0.021829272403883,0,0,0,9,"",0,170.89926254802117,-43.16636400076084,1923.5364,1966.855,1940.8738,1939.4243,12.598801,141.43483,4,"COPDEM30",182
"RGI2000-v7.0-G-18-02679","18","18-01","G170896E43168S",772980,749,"2000-04-13T00:00:00",170.8957240284974,-43.1679395,59,0.041237594406557,0,0,0,9,"",0,170.89493413157035,-43.16911841607382,1728.5624,1883.9808,1815.6483,1814.7712,29.449373,205.4921875,6,"COPDEM30",314
"RGI2000-v7.0-G-18-02680","18","18-01","G170893E43165S",772975,749,"2000-04-13T00:00:00",170.8930895764146,-43.1652645,59,0.010357659166286,0,0,0,9,"",0,170.89533059191552,-43.16570941987583,1967.9174,1994.4894,1982.2711,1982.1974,6.615923,120.85788,4,"COPDEM30",284
"RGI2000-v7.0-G-18-02681","18","18-01","G170892E43166S",772972,749,"2000-04-13T00:00:00",170.8917271772716,-43.165662499999996,59,0.047176538243527,0,0,0,9,"",0,170.8915217241209,-43.16601106534855,1955.611,2029.9099,1980.3926,1981.1965,23.429379,176.54875,5,"COPDEM30",547
"RGI2000-v7.0-G-18-02682","18","18-01","G170890E43165S",772969,749,"2000-04-13T00:00:00",170.88962498557078,-43.1649075,59,0.042150996682683,0,0,0,9,"",0,170.88830116451072,-43.16400197257966,1939.4464,2017.6307,1977.0375,1977.6783,12.947644,337.4770450592041,8,"COPDEM30",401
"RGI2000-v7.0-G-18-02683","18","18-01","G170882E43164S",772951,749,"2000-04-13T00:00:00",170.88145650223296,-43.163818,59,0.082165063042508,0,0,0,9,"",0,170.8830172601239,-43.162853533544606,2023.3333,2109.6787,2069.211,2070.463,17.538631,57.76943,2,"COPDEM30",277
"RGI2000-v7.0-G-18-02684","18","18-01","G170880E43168S",772949,749,"2000-04-13T00:00:00",170.87998296321962,-43.167522500000004,59,0.208878688644714,0,0,0,9,"",0,170.877213512391,-43.16904889549563,1817.1274,2102.5151,1964.417,1967.2334,26.901901,193.02687072753903,5,"COPDEM30",584
"RGI2000-v7.0-G-18-02685","18","18-01","G170889E43164S",772947,749,"2000-04-13T00:00:00",170.87878153571427,-43.156922,59,0.083091594477729,0,0,0,9,"",0,170.8809626985174,-43.15610801940758,1639.0719,1798.2982,1707.4456,1709.9801,26.602367,78.61192,3,"COPDEM30",472
"RGI2000-v7.0-G-18-02686","18","18-01","G170874E43153S",772934,749,"2000-04-13T00:00:00",170.87329569102303,-43.1526465,59,0.145985965713542,0,0,0,9,"",0,170.87575543339707,-43.15422038156511,1897.3318,2085.1072,2032.458,2019.981,26.862595,164.99158,5,"COPDEM30",617
"RGI2000-v7.0-G-18-02687","18","18-01","G170870E43150S",772929,749,"2000-04-13T00:00:00",170.86951536777872,-43.149586,59,0.010962596115312,0,0,0,9,"",0,170.87057778224585,-43.14915262849242,2018.4681,2064.9565,2033.7491,2034.9835,22.846466,21.540607,1,"COPDEM30",131
"RGI2000-v7.0-G-18-02688","18","18-01","G170874E43119S",772931,749,"2000-04-13T00:00:00",170.87226397339157,-43.1175485,59,0.03865013900334,0,0,0,9,"",0,170.87535597843382,-43.11831347019744,1797.1051,1937.6659,1867.7888,1869.7437,21.970324,105.72522,3,"COPDEM30",385
"RGI2000-v7.0-G-18-02689","18","18-01","G170880E43112S",772946,749,"2000-04-13T00:00:00",170.87823779327613,-43.110426000000004,59,0.07150099571877,0,0,0,9,"",0,170.88105404926904,-43.112246592944096,1396.8617,1623.9198,1498.1532,1509.5612,28.681427,167.49004,5,"COPDEM30",532
"RGI2000-v7.0-G-18-02690","18","18-01","G170882E43106S",772956,749,"2000-04-13T00:00:00",170.8819675,-43.1062075,59,0.017086512493054,0,0,0,9,"",0,170.88129753018757,-43.107111174229146,1895.4283,2026.7075,1967.8098,1968.6444,34.61603,203.2664794921875,6,"COPDEM30",196
"RGI2000-v7.0-G-18-02691","18","18-01","G170883E43107S",772960,749,"2000-04-13T00:00:00",170.88495448545586,-43.107361999999995,59,0.025643714313661,0,0,0,9,"",0,170.88547839997278,-43.10859163158265,1922.4038,2028.563,1994.136,1990.711,30.306917,208.43826293945312,6,"COPDEM30",293
"RGI2000-v7.0-G-18-02692","18","18-01","G170875E43106S",772941,749,"2000-04-13T00:00:00",170.87587055352782,-43.1055475,59,0.049498892585714,0,0,0,9,"",0,170.87531723472955,-43.10650265745044,1817.5758,1972.948,1875.9093,1882.0854,34.498703,178.5023,5,"COPDEM30",314
"RGI2000-v7.0-G-18-02693","18","18-01","G170901E43113S",772988,749,"2000-04-13T00:00:00",170.90054270496296,-43.113375000000005,59,0.023098707341814,0,0,0,9,"",0,170.90085453874696,-43.11423743540546,1644.6929,1790.5013,1700.7942,1700.3381,31.288681,204.9530792236328,6,"COPDEM30",240
"RGI2000-v7.0-G-18-02694","18","18-01","G170904E43116S",772993,749,"2000-04-13T00:00:00",170.90421124349132,-43.115632500000004,59,0.031124390836276,0,0,0,9,"",0,170.90254658479225,-43.11616009529028,1510.0614,1637.246,1568.4094,1566.2643,27.892542,226.37925720214844,6,"COPDEM30",224
"RGI2000-v7.0-G-18-02695","18","18-01","G170904E43113S",772997,749,"2000-04-13T00:00:00",170.90784300952984,-43.112587500000004,59,0.04426210816406,0,0,0,9,"",0,170.9048166916498,-43.1133327254317,1835.4092,1945.8806,1916.5911,1912.2778,23.184614,215.5848388671875,6,"COPDEM30",431
"RGI2000-v7.0-G-18-02696","18","18-01","G170912E43117S",773003,749,"2000-04-13T00:00:00",170.91237436336337,-43.116913499999995,59,0.024869135972337,0,0,0,9,"",0,170.911257751036,-43.11613759751943,1915.6425,2043.2982,1965.7585,1968.8829,32.27431,289.3227767944336,7,"COPDEM30",234
"RGI2000-v7.0-G-18-02697","18","18-01","G170910E43118S",773000,749,"2000-04-13T00:00:00",170.91035575,-43.117864499999996,59,0.047356384390426,0,0,0,9,"",0,170.90807083554074,-43.11823742542914,1805.7001,1965.8132,1870.1971,1870.5376,31.607862,289.1694793701172,7,"COPDEM30",338
"RGI2000-v7.0-G-18-02698","18","18-01","G170912E43119S",773004,749,"2000-04-13T00:00:00",170.9124148402985,-43.118676,59,0.019330617057751,0,0,0,9,"",0,170.91097350798086,-43.11944238102634,1940.8627,2048.914,2001.723,1999.4845,33.89461,180.92453002929688,5,"COPDEM30",289
"RGI2000-v7.0-G-18-02699","18","18-01","G170910E43121S",773001,749,"2000-04-13T00:00:00",170.90997599294607,-43.1209865,59,0.037919925076124,0,0,0,9,"",0,170.90992001533454,-43.12217206275603,1755.3823,1890.9331,1817.2205,1818.941,34.21591,146.68233,4,"COPDEM30",263
"RGI2000-v7.0-G-18-02700","18","18-01","G170905E43121S",772994,749,"2000-04-13T00:00:00",170.9044004901877,-43.121196,59,0.041125577218132,0,0,0,9,"",0,170.90280632438433,-43.12204282095968,1808.8512,1833.5339,1820.0481,1819.8547,9.269256,292.13350677490234,7,"COPDEM30",184
"RGI2000-v7.0-G-18-02701","18","18-01","G170915E43124S",773016,749,"2000-04-13T00:00:00",170.91765992984693,-43.122727499999996,59,0.203505850268821,0,0,0,9,"",0,170.91490467334262,-43.12490590156897,1457.3962,1830.3062,1607.5941,1611.3429,29.198711,196.96226501464844,5,"COPDEM30",669
"RGI2000-v7.0-G-18-02702","18","18-01","G170932E43126S",773031,749,"2000-04-13T00:00:00",170.9278507736842,-43.123000000000005,59,0.111037554586683,0,0,0,9,"",0,170.93178325637894,-43.123938573373614,1744.4233,2006.1024,1885.8873,1883.365,30.283974,143.65454,4,"COPDEM30",608
"RGI2000-v7.0-G-18-02703","18","18-01","G170933E43123S",773047,749,"2000-04-13T00:00:00",170.93346743722674,-43.122537,59,0.031565706606306,0,0,0,9,"",0,170.93440662539155,-43.123886615157275,1747.2365,1896.7428,1816.9952,1817.1923,26.226244,153.83156,4,"COPDEM30",358
"RGI2000-v7.0-G-18-02704","18","18-01","G170934E43133S",773044,749,"2000-04-13T00:00:00",170.9319074202381,-43.1325365,59,0.027236637499248,0,0,0,9,"",0,170.9340572835776,-43.132221950657666,1719.6486,1911.5527,1823.7443,1823.1761,38.02024,87.00808,3,"COPDEM30",284
"RGI2000-v7.0-G-18-02705","18","18-01","G170934E43134S",773049,749,"2000-04-13T00:00:00",170.9337138884365,-43.1338305,59,0.010442921647162,0,0,0,9,"",0,170.93466886954448,-43.13397077712222,1683.8136,1773.2734,1727.9769,1727.7472,35.343525,76.63293,3,"COPDEM30",135
"RGI2000-v7.0-G-18-02706","18","18-01","G170943E43136S",773062,749,"2000-04-13T00:00:00",170.9417393789525,-43.135264,59,0.039351264652232,0,0,0,9,"",0,170.9448865500544,-43.13675151640465,1263.2155,1437.8162,1359.1663,1351.6617,21.004665,108.31466,3,"COPDEM30",546
"RGI2000-v7.0-G-18-02707","18","18-01","G170937E43148S",773053,749,"2000-04-13T00:00:00",170.93625903616748,-43.1462085,59,0.028361103661665,0,0,0,9,"",0,170.9370010762112,-43.14756021349419,1708.0197,1882.5582,1800.6908,1799.647,45.026875,94.57697,3,"COPDEM30",358
"RGI2000-v7.0-G-18-02708","18","18-01","G170940E43151S",773060,749,"2000-04-13T00:00:00",170.94145522177416,-43.1501425,59,0.058920238980007,0,0,0,9,"",0,170.9416115929347,-43.15265600013076,1394.6156,1583.8618,1442.0262,1458.8326,21.11842,142.28911,4,"COPDEM30",610
"RGI2000-v7.0-G-18-02709","18","18-01","G170953E43148S",773070,749,"2000-04-13T00:00:00",170.95424094567787,-43.1478915,59,0.034578383028748,0,0,0,9,"",0,170.9563056931186,-43.14737368283026,1795.4768,1911.0972,1848.2852,1852.4608,27.113134,17.182169,1,"COPDEM30",403
"RGI2000-v7.0-G-18-02710","18","18-01","G170960E43151S",773074,749,"2000-04-13T00:00:00",170.95982803356162,-43.1513325,59,0.042940348581824,0,0,0,9,"",0,170.9601483852517,-43.15197807410781,1895.4675,2022.2578,1959.8923,1959.9928,30.746471,144.76346,4,"COPDEM30",199
"RGI2000-v7.0-G-18-02711","18","18-01","G170963E43153S",773076,749,"2000-04-13T00:00:00",170.96202116161618,-43.152299,59,0.059619164208727,0,0,0,9,"",0,170.96527191985493,-43.15259581009977,1723.9939,1904.1393,1796.5895,1801.5707,34.96156,148.94867,4,"COPDEM30",324
"RGI2000-v7.0-G-18-02712","18","18-01","G170962E43150S",773075,749,"2000-04-13T00:00:00",170.96164992470588,-43.1493835,59,0.020081444591703,0,0,0,9,"",0,170.96333900000005,-43.148492677900855,1860.7831,1983.6741,1932.8601,1925.2927,24.820103,29.814816,2,"COPDEM30",329
"RGI2000-v7.0-G-18-02713","18","18-01","G170926E43133S",773027,749,"2000-04-13T00:00:00",170.92450520325582,-43.132504,59,0.116416084985187,0,0,0,9,"",0,170.92428385676473,-43.1345320804137,1767.9868,2033.5054,1892.6436,1889.5225,28.219019,243.40682220458984,6,"COPDEM30",561
"RGI2000-v7.0-G-18-02714","18","18-01","G170930E43102S",773039,749,"2000-04-13T00:00:00",170.92917726106833,-43.1021145,59,0.422776930814963,0,0,0,9,"",0,170.93450635296767,-43.10502292724482,1648.4479,2134.3545,1929.4133,1931.3335,28.629541,154.30025,4,"COPDEM30",1019
"RGI2000-v7.0-G-18-02715","18","18-01","G170930E43098S",773038,749,"2000-04-13T00:00:00",170.92857741931033,-43.09822,59,0.051226614961025,0,0,0,9,"",0,170.93095964481384,-43.09743679674143,2066.3484,2135.511,2110.8503,2106.8127,11.933943,36.107937,2,"COPDEM30",398
"RGI2000-v7.0-G-18-02716","18","18-01","G170930E43093S",773037,749,"2000-04-13T00:00:00",170.92936044240838,-43.093069,59,0.175530100858944,0,0,0,9,"",0,170.93428624214394,-43.09424006482427,1776.5251,1934.7605,1858.0187,1857.3232,17.821196,98.622734,3,"COPDEM30",762
"RGI2000-v7.0-G-18-02717","18","18-01","G170937E43100S",773057,749,"2000-04-13T00:00:00",170.9371799857143,-43.099588999999995,59,0.014460084516181,0,0,0,9,"",0,170.93752330671668,-43.10080824693444,1743.8978,1969.3419,1791.5251,1820.6703,34.428078,172.25131,5,"COPDEM30",335
"RGI2000-v7.0-G-18-02718","18","18-01","G170952E43098S",773068,749,"2000-04-13T00:00:00",170.95197897340427,-43.098567,59,0.026663027672443,0,0,0,9,"",0,170.95254845753047,-43.09957629150863,1809.7094,1979.2141,1914.5466,1910.3824,32.38124,165.52408,5,"COPDEM30",309
"RGI2000-v7.0-G-18-02719","18","18-01","G170925E43081S",773026,749,"2000-04-13T00:00:00",170.92471251229506,-43.081194499999995,59,0.033289564594947,0,0,0,9,"",0,170.92471962691312,-43.081969424671826,1771.1191,1852.0936,1812.8152,1812.7858,25.785278,121.62864,4,"COPDEM30",168
"RGI2000-v7.0-G-18-02720","18","18-01","G171041E43141S",773150,749,"2000-04-13T00:00:00",171.04080830908208,-43.1412275,59,0.029844835473449,0,0,0,9,"",0,171.04199446344813,-43.141068889113015,2023.4752,2104.4348,2076.5552,2069.7742,22.815762,120.906975,4,"COPDEM30",163
"RGI2000-v7.0-G-18-02721","18","18-01","G171044E43157S",773154,749,"2000-04-13T00:00:00",171.0444281820926,-43.157245,59,0.048957892337446,0,0,0,9,"",0,171.04552198087558,-43.15562436505543,1995.858,2168.8242,2097.2178,2086.166,27.39782,27.651049,2,"COPDEM30",459
"RGI2000-v7.0-G-18-02722","18","18-01","G171041E43161S",773152,749,"2000-04-13T00:00:00",171.04215199401915,-43.160562,59,0.625002696228326,0,0,0,9,"",0,171.03536373418547,-43.15861570427773,1877.9027,2246.3267,2039.5559,2030.5363,22.863777,312.70746994018555,8,"COPDEM30",1088
"RGI2000-v7.0-G-18-02723","18","18-01","G171052E43159S",773159,749,"2000-04-13T00:00:00",171.04954571993005,-43.159577,59,0.230511505864152,0,0,0,9,"",0,171.05475120938357,-43.15802526354336,1981.8558,2172.4805,2052.2886,2059.945,17.459656,74.39967,3,"COPDEM30",647
"RGI2000-v7.0-G-18-02724","18","18-01","G171049E43163S",773158,749,"2000-04-13T00:00:00",171.04921988939353,-43.1626135,59,0.047470344712764,0,0,0,9,"",0,171.051100265027,-43.16184851567384,2084.0134,2237.1213,2139.5835,2147.4553,25.497211,55.77984,2,"COPDEM30",389
"RGI2000-v7.0-G-18-02725","18","18-01","G171051E43165S",773161,749,"2000-04-13T00:00:00",171.05217314741643,-43.1640935,59,0.097018680667988,0,0,0,9,"",0,171.05375131027262,-43.16529858433727,1891.7708,2123.6536,2008.7281,2008.0276,40.203056,170.06265,5,"COPDEM30",303
"RGI2000-v7.0-G-18-02726","18","18-01","G171056E43166S",773164,749,"2000-04-13T00:00:00",171.05612832185628,-43.165462500000004,59,0.065677759611208,0,0,0,9,"",0,171.0538533949391,-43.16648603935156,1761.7993,2006.936,1871.5029,1874.5494,35.899574,185.75885009765625,5,"COPDEM30",393
"RGI2000-v7.0-G-18-02727","18","18-01","G171052E43169S",773162,749,"2000-04-13T00:00:00",171.05246032522123,-43.16905800000001,59,0.013039905883573,0,0,0,9,"",0,171.05248234729865,-43.16946974832,1515.8533,1608.9033,1543.0498,1549.8242,31.577871,172.67497,5,"COPDEM30",183
"RGI2000-v7.0-G-18-02728","18","18-01","G171046E43166S",773155,749,"2000-04-13T00:00:00",171.04443425815913,-43.167356,59,0.073782790446895,0,0,0,9,"",0,171.042866157608,-43.170710978775176,1593.0347,2210.4958,2016.1123,1980.3943,44.7256,161.6955,5,"COPDEM30",851
"RGI2000-v7.0-G-18-02729","18","18-01","G171041E43167S",773151,749,"2000-04-13T00:00:00",171.04115750032247,-43.1670455,59,0.031212753350201,0,0,0,9,"",0,171.04134574060188,-43.1677433387462,2096.1587,2279.6829,2185.649,2185.2708,50.30601,148.13362,4,"COPDEM30",191
"RGI2000-v7.0-G-18-02730","18","18-01","G171038E43173S",773148,749,"2000-04-13T00:00:00",171.03936718064517,-43.172707,59,0.044758866974278,0,0,0,9,"",0,171.04047797337262,-43.1739533323219,1433.3303,1690.363,1492.2861,1503.0864,32.643066,157.05502,4,"COPDEM30",526
"RGI2000-v7.0-G-18-02731","18","18-01","G171031E43168S",773144,749,"2000-04-13T00:00:00",171.03283263883696,-43.166945999999996,59,0.184551693989772,0,0,0,9,"",0,171.02918348816496,-43.16625615877768,1917.9166,2177.9438,2014.737,2019.8644,21.791643,269.1915969848633,7,"COPDEM30",694
"RGI2000-v7.0-G-18-02732","18","18-01","G171029E43169S",773142,749,"2000-04-13T00:00:00",171.0289409011976,-43.1690465,59,0.088098595965208,0,0,0,9,"",0,171.02499353868308,-43.16936821509222,1924.9183,2067.4905,2001.2341,2000.1875,21.347559,331.189489364624,8,"COPDEM30",322
"RGI2000-v7.0-G-18-02733","18","18-01","G171026E43177S",773141,749,"2000-04-13T00:00:00",171.02731827551597,-43.177238,59,0.229919073742579,0,0,0,9,"",0,171.03127159739796,-43.177107615943946,1410.2502,1744.2607,1574.9353,1569.9886,29.483421,108.95594,3,"COPDEM30",743
"RGI2000-v7.0-G-18-02734","18","18-01","G171021E43182S",773135,749,"2000-04-13T00:00:00",171.01998134285714,-43.1814265,59,0.112137502095881,0,0,0,9,"",0,171.02206126879065,-43.18035431538218,1858.7172,2200.6184,2043.7297,2036.799,39.844284,69.53933,3,"COPDEM30",454
"RGI2000-v7.0-G-18-02735","18","18-01","G171013E43183S",773130,749,"2000-04-13T00:00:00",171.01388652272726,-43.1831685,59,0.089795923202606,0,0,0,9,"",0,171.0099550038132,-43.18277668213619,1877.423,2163.2993,2013.9147,2013.8464,34.77091,256.2659683227539,7,"COPDEM30",595
"RGI2000-v7.0-G-18-02736","18","18-01","G171020E43188S",773134,749,"2000-04-13T00:00:00",171.018657021398,-43.187256,59,0.441255774371619,0,0,0,9,"",0,171.0211403940208,-43.190790565170666,1690.2122,2170.526,1879.3063,1895.0902,29.394579,158.79166,5,"COPDEM30",938
"RGI2000-v7.0-G-18-02737","18","18-01","G171025E43186S",773138,749,"2000-04-13T00:00:00",171.02428092246015,-43.1851415,59,0.028210030227472,0,0,0,9,"",0,171.0255736809178,-43.184080219378515,1885.2355,2074.5327,1986.1454,1989.8671,34.25639,31.48162,2,"COPDEM30",288
"RGI2000-v7.0-G-18-02738","18","18-01","G171030E43191S",773143,749,"2000-04-13T00:00:00",171.02916691434848,-43.1907115,59,0.272977639792741,0,0,0,9,"",0,171.02949075515596,-43.19330153123373,1687.0803,2111.7253,1816.5686,1843.7877,30.685722,180.720703125,5,"COPDEM30",793
"RGI2000-v7.0-G-18-02739","18","18-01","G171036E43193S",773146,749,"2000-04-13T00:00:00",171.03588000000002,-43.193619,59,0.013026842745593,0,0,0,9,"",0,171.0362858555198,-43.19294088253849,1864.6082,1923.3507,1902.045,1897.3713,23.428276,351.8864221572876,1,"COPDEM30",151
"RGI2000-v7.0-G-18-02740","18","18-01","G171039E43195S",773149,749,"2000-04-13T00:00:00",171.0389348828229,-43.194976,59,0.056131449382349,0,0,0,9,"",0,171.03968819743497,-43.19636206613631,1724.5431,1942.4298,1855.5814,1848.6873,35.789783,160.8967,5,"COPDEM30",344
"RGI2000-v7.0-G-18-02741","18","18-01","G171045E43194S",773153,749,"2000-04-13T00:00:00",171.04260595523863,-43.194016500000004,59,0.066327455199999,0,0,0,9,"",0,171.04414238996955,-43.19569438799796,1689.3815,1930.7949,1801.4546,1803.8676,35.8404,164.02362,5,"COPDEM30",419
"RGI2000-v7.0-G-18-02742","18","18-01","G171047E43194S",773157,749,"2000-04-13T00:00:00",171.04691186927482,-43.1939285,59,0.062100523800536,0,0,0,9,"",0,171.04739664743292,-43.19544197247254,1723.8793,1908.661,1814.5304,1810.6666,30.368856,173.5433,5,"COPDEM30",373
"RGI2000-v7.0-G-18-02743","18","18-01","G171050E43192S",773160,749,"2000-04-13T00:00:00",171.05005523245723,-43.192284,59,0.018971301158615,0,0,0,9,"",0,171.0510089655392,-43.19287020769093,1823.3506,1947.6074,1884.7867,1881.52,37.134243,158.66771,5,"COPDEM30",148
"RGI2000-v7.0-G-18-02744","18","18-01","G171054E43194S",773163,749,"2000-04-13T00:00:00",171.0541667773445,-43.193439999999995,59,0.043041951233534,0,0,0,9,"",0,171.05485027612843,-43.194577498946366,1739.3958,1904.6752,1813.0187,1816.2059,32.518993,191.41151428222656,5,"COPDEM30",339
"RGI2000-v7.0-G-18-02745","18","18-01","G171058E43194S",773165,749,"2000-04-13T00:00:00",171.05809987673132,-43.1943825,59,0.026614124433304,0,0,0,9,"",0,171.05644129897854,-43.19496117651213,1752.5717,1887.3809,1808.2021,1809.8641,26.908663,221.7942657470703,6,"COPDEM30",327
"RGI2000-v7.0-G-18-02746","18","18-01","G171062E43196S",773166,749,"2000-04-13T00:00:00",171.06226184851167,-43.1964465,59,0.035188623782886,0,0,0,9,"",0,171.06078293261533,-43.196854278373834,1890.6326,2040.34,1941.5491,1945.9495,29.003298,242.6536102294922,6,"COPDEM30",277
"RGI2000-v7.0-G-18-02747","18","18-01","G171069E43203S",773167,749,"2000-04-13T00:00:00",171.07000499875545,-43.2022665,59,0.027236240599626,0,0,0,9,"",0,171.06982848109922,-43.20324369744574,1570.5273,1756.7502,1622.5559,1629.7095,37.225327,160.16269,5,"COPDEM30",283
"RGI2000-v7.0-G-18-02748","18","18-01","G171080E43193S",773168,749,"2000-04-13T00:00:00",171.07932660125698,-43.1924315,59,0.026944363754061,0,0,0,9,"",0,171.07994657669167,-43.19369583851871,1620.6785,1821.5421,1692.1406,1691.624,35.745216,172.47984,5,"COPDEM30",288
"RGI2000-v7.0-G-18-02749","18","18-01","G171088E43192S",773170,749,"2000-04-13T00:00:00",171.08924445422429,-43.190762500000005,59,0.116883121593955,0,0,0,9,"",0,171.0869850133475,-43.19283278091698,1634.4476,2050.4082,1746.8566,1764.7072,37.281857,186.7560577392578,5,"COPDEM30",644
"RGI2000-v7.0-G-18-02750","18","18-01","G171098E43193S",773173,749,"2000-04-13T00:00:00",171.0973596378017,-43.192873500000005,59,0.044959053393962,0,0,0,9,"",0,171.09675195886032,-43.1947703444851,1604.3871,1834.3766,1689.268,1694.2909,27.81821,171.80608,5,"COPDEM30",426
"RGI2000-v7.0-G-18-02751","18","18-01","G171116E43146S",773182,749,"2000-04-13T00:00:00",171.11527196388798,-43.1461245,59,0.038447501100898,0,0,0,9,"",0,171.11669511090298,-43.14672708133456,1706.9336,1824.1008,1753.5724,1758.8961,27.662233,100.78619,3,"COPDEM30",268
"RGI2000-v7.0-G-18-02752","18","18-01","G171113E43139S",773181,749,"2000-04-13T00:00:00",171.11216377889008,-43.1385705,59,0.015957717564265,0,0,0,9,"",0,171.11084003995668,-43.138722334067666,1953.5256,1981.1276,1963.1387,1963.845,12.656942,336.43110275268555,8,"COPDEM30",206
"RGI2000-v7.0-G-18-02753","18","18-01","G171120E43137S",773186,749,"2000-04-13T00:00:00",171.11874176923078,-43.137086,59,0.020631364793706,0,0,0,9,"",0,171.1191062354517,-43.1378423828825,1861.6001,1999.5703,1928.0171,1927.8955,47.375893,133.3747,4,"COPDEM30",156
"RGI2000-v7.0-G-18-02754","18","18-01","G171119E43135S",773185,749,"2000-04-13T00:00:00",171.1193138790323,-43.135048,59,0.04359645719509,0,0,0,9,"",0,171.1204963766614,-43.13399511542741,1920.9641,2112.059,2024.2307,2027.2202,34.955757,101.155685,3,"COPDEM30",354
"RGI2000-v7.0-G-18-02755","18","18-01","G171125E43126S",773189,749,"2000-04-13T00:00:00",171.12339581195144,-43.125929,59,0.060768306753378,0,0,0,9,"",0,171.12359431483043,-43.12762030674294,1728.4861,2017.8429,1872.6014,1876.7245,41.225063,150.6237,4,"COPDEM30",370
"RGI2000-v7.0-G-18-02756","18","18-01","G171121E43126S",773187,749,"2000-04-13T00:00:00",171.12021989427313,-43.1254085,59,0.021093328878307,0,0,0,9,"",0,171.119287701652,-43.12593090878062,1874.3463,1978.2938,1913.42,1917.9834,33.090008,287.1537857055664,7,"COPDEM30",285
"RGI2000-v7.0-G-18-02757","18","18-01","G171125E43123S",773190,749,"2000-04-13T00:00:00",171.1248628613542,-43.123166999999995,59,0.017510351746085,0,0,0,9,"",0,171.12565433468262,-43.12341986126313,1975.761,2083.6973,2011.3864,2020.5513,37.52554,146.7883,4,"COPDEM30",155
"RGI2000-v7.0-G-18-02758","18","18-01","G171122E43118S",773188,749,"2000-04-13T00:00:00",171.12299736567167,-43.118261000000004,59,0.036423997343718,0,0,0,9,"",0,171.12362943997462,-43.11672267795093,1833.9678,1944.7959,1889.8672,1886.4753,22.622019,10.158523,1,"COPDEM30",316
"RGI2000-v7.0-G-18-02759","18","18-01","G171117E43117S",773183,749,"2000-04-13T00:00:00",171.11772158770287,-43.117829,59,0.012572145345752,0,0,0,9,"",0,171.11793093127733,-43.11725662688834,1876.3376,1941.0164,1888.9033,1893.8711,20.12787,35.145084,2,"COPDEM30",157
"RGI2000-v7.0-G-18-02760","18","18-01","G171120E43120S",773184,749,"2000-04-13T00:00:00",171.11846719049151,-43.1206605,59,0.233369378151029,0,0,0,9,"",0,171.1139138630443,-43.12242390518636,1669.8126,2040.8317,1829.0996,1814.3839,23.00318,225.1319580078125,6,"COPDEM30",1008
"RGI2000-v7.0-G-18-02761","18","18-01","G171110E43120S",773179,749,"2000-04-13T00:00:00",171.10951359210526,-43.120487999999995,59,0.067185530765411,0,0,0,9,"",0,171.1084527622064,-43.1220657545425,1772.0991,2012.0305,1885.0026,1883.1589,38.21324,158.28543,5,"COPDEM30",401
"RGI2000-v7.0-G-18-02762","18","18-01","G171106E43120S",773178,749,"2000-04-13T00:00:00",171.1062307722408,-43.1198805,59,0.035241500132087,0,0,0,9,"",0,171.10453204211336,-43.12072424377727,1856.949,2018.8362,1934.8333,1934.9974,30.044767,236.5032196044922,6,"COPDEM30",241
"RGI2000-v7.0-G-18-02763","18","18-01","G171106E43116S",773177,749,"2000-04-13T00:00:00",171.10560582568678,-43.1168045,59,0.042314651100508,0,0,0,9,"",0,171.104469476181,-43.1156641652516,1826.2561,1984.262,1919.6449,1916.8302,29.931318,301.9396057128906,8,"COPDEM30",359
"RGI2000-v7.0-G-18-02764","18","18-01","G171111E43116S",773180,749,"2000-04-13T00:00:00",171.11100564890862,-43.1165065,59,0.084924019439876,0,0,0,9,"",0,171.1114342306939,-43.115238603029574,1730.7517,1920.8665,1809.837,1810.478,32.792664,13.807153,1,"COPDEM30",432
"RGI2000-v7.0-G-18-02765","18","18-01","G171102E43113S",773176,749,"2000-04-13T00:00:00",171.10180210545116,-43.113231999999996,59,0.010762021841259,0,0,0,9,"",0,171.1000276228085,-43.113859241074714,1687.4764,1991.6296,1828.2217,1837.693,47.353386,220.87875366210932,6,"COPDEM30",375
"RGI2000-v7.0-G-18-02766","18","18-01","G171101E43111S",773175,749,"2000-04-13T00:00:00",171.10131090822898,-43.1113875,59,0.041851850823262,0,0,0,9,"",0,171.09703466971942,-43.1119924452245,1768.2876,1967.4528,1915.2487,1889.6089,26.808481,267.3693923950196,7,"COPDEM30",448
"RGI2000-v7.0-G-18-02767","18","18-01","G171100E43110S",773174,749,"2000-04-13T00:00:00",171.10017033715718,-43.109663,59,0.021715763079658,0,0,0,9,"",0,171.09786084574841,-43.11034313876431,1762.836,1946.5946,1868.594,1867.0104,35.112072,257.29944610595703,7,"COPDEM30",296
"RGI2000-v7.0-G-18-02768","18","18-01","G171094E43109S",773172,749,"2000-04-13T00:00:00",171.09412543206992,-43.1082505,59,0.113629690769199,0,0,0,9,"",0,171.09103604463238,-43.10967251879595,1568.8118,1859.0764,1682.5974,1692.5621,29.479853,207.6987152099609,6,"COPDEM30",728
"RGI2000-v7.0-G-18-02769","18","18-01","G171093E43103S",773171,749,"2000-04-13T00:00:00",171.09356214759572,-43.102757499999996,59,0.102352617629781,0,0,0,9,"",0,171.09138633150653,-43.10221922193913,1923.0016,2047.8589,1996.0433,1990.14,21.705011,261.87632751464844,7,"COPDEM30",348
"RGI2000-v7.0-G-18-02770","18","18-01","G171084E43104S",773169,749,"2000-04-13T00:00:00",171.0841861634139,-43.1044045,59,0.071050115963893,0,0,0,9,"",0,171.0841299999999,-43.10601642774421,1618.7092,1821.9691,1687.7997,1691.188,27.74772,184.28253173828125,5,"COPDEM30",513
"RGI2000-v7.0-G-18-02771","18","18-01","G171130E43082S",773191,749,"2000-04-13T00:00:00",171.13036361013985,-43.0829715,59,0.084741420421408,0,0,0,9,"",0,171.12880988698822,-43.08450189725941,1719.3704,2021.3295,1919.3334,1910.3054,36.589447,193.75021362304688,5,"COPDEM30",494
"RGI2000-v7.0-G-18-02772","18","18-01","G171138E43087S",773192,749,"2000-04-13T00:00:00",171.13741809944307,-43.0843905,59,0.110423390090459,0,0,0,9,"",0,171.13589360995297,-43.086431177512864,1647.9865,1961.2709,1805.4314,1799.3268,32.059147,188.44142150878903,5,"COPDEM30",526
"RGI2000-v7.0-G-18-02773","18","18-01","G171142E43088S",773193,749,"2000-04-13T00:00:00",171.14216356245254,-43.087758,59,0.060636341017362,0,0,0,9,"",0,171.13877661239647,-43.08684756646047,1747.1548,2002.1151,1866.9102,1866.5311,32.992706,254.4150009155273,7,"COPDEM30",573
"RGI2000-v7.0-G-18-02774","18","18-01","G171145E43092S",773194,749,"2000-04-13T00:00:00",171.14407420833766,-43.0910865,59,0.125097932023627,0,0,0,9,"",0,171.14334389333033,-43.09324523155322,1659.5808,1988.6266,1861.2551,1852.0701,33.432137,183.2449951171875,5,"COPDEM30",511
"RGI2000-v7.0-G-18-02775","18","18-01","G171149E43090S",773195,749,"2000-04-13T00:00:00",171.1486703265541,-43.0904895,59,0.099806250862325,0,0,0,9,"",0,171.15099359571255,-43.09022866790507,1767.8394,1985.7422,1888.5808,1883.2599,33.127106,123.79087,4,"COPDEM30",374
"RGI2000-v7.0-G-18-02776","18","18-01","G171152E43084S",773196,749,"2000-04-13T00:00:00",171.15249356235995,-43.0842825,59,0.163852270545931,0,0,0,9,"",0,171.1549946518212,-43.08572667434504,1667.4252,2037.0928,1822.4019,1821.472,30.063444,144.95743,4,"COPDEM30",520
"RGI2000-v7.0-G-18-02777","18","18-01","G171160E43083S",773198,749,"2000-04-13T00:00:00",171.16006448054054,-43.0831335,59,0.01227318062461,0,0,0,9,"",0,171.16061711320262,-43.083669927161424,1529.9865,1671.2349,1601.3938,1599.5736,48.510277,172.16095,5,"COPDEM30",113
"RGI2000-v7.0-G-18-02778","18","18-01","G171156E43082S",773197,749,"2000-04-13T00:00:00",171.15867779593177,-43.0807115,59,0.219578497514568,0,0,0,9,"",0,171.1582304869037,-43.083965986830144,1601.3197,2092.5874,1912.1139,1897.0632,35.68456,161.2379,5,"COPDEM30",795
"RGI2000-v7.0-G-18-02779","18","18-01","G171169E43077S",773199,749,"2000-04-13T00:00:00",171.16411044750657,-43.079038,59,0.100071864047917,0,0,0,9,"",0,171.16562035534469,-43.08187900573661,1522.7988,1955.4154,1715.6334,1727.4084,37.812767,137.89828,4,"COPDEM30",503
"RGI2000-v7.0-G-18-02780","18","18-01","G171168E43077S",773201,749,"2000-04-13T00:00:00",171.16783115583826,-43.0767825,59,0.062367911284508,0,0,0,9,"",0,171.16765420344265,-43.07877456415233,1691.0774,1983.3055,1860.4581,1847.2827,41.506313,162.11093,5,"COPDEM30",499
"RGI2000-v7.0-G-18-02781","18","18-01","G171167E43075S",773200,749,"2000-04-13T00:00:00",171.16646448621708,-43.074761499999994,59,0.028202624509014,0,0,0,9,"",0,171.16734934574768,-43.073650286136164,1873.8862,1976.4646,1915.0323,1916.4143,26.822002,58.68186,2,"COPDEM30",230
"RGI2000-v7.0-G-18-02782","18","18-01","G171171E43077S",773202,749,"2000-04-13T00:00:00",171.1714300953379,-43.076544,59,0.095330484179522,0,0,0,9,"",0,171.17080630753804,-43.0781599539075,1673.8927,2018.3699,1859.5839,1850.9644,42.125454,192.6644744873047,5,"COPDEM30",501
"RGI2000-v7.0-G-18-02783","18","18-01","G171174E43080S",773203,749,"2000-04-13T00:00:00",171.17224477463495,-43.080554500000005,59,0.077749264337531,0,0,0,9,"",0,171.17163719710587,-43.082366320426,1354.03,1749.644,1484.293,1487.3245,33.825695,210.6299743652344,6,"COPDEM30",554
"RGI2000-v7.0-G-18-02784","18","18-01","G171178E43073S",773204,749,"2000-04-13T00:00:00",171.17784022761262,-43.072512,59,0.019006382599089,0,0,0,9,"",0,171.17881503504194,-43.07331323303501,1786.9845,1996.7677,1882.8922,1884.908,45.868763,111.45094,3,"COPDEM30",237
"RGI2000-v7.0-G-18-02785","18","18-01","G171185E43070S",773206,749,"2000-04-13T00:00:00",171.18318206950934,-43.0696475,59,0.429053456664513,0,0,0,9,"",0,171.1858949533641,-43.074028999162145,1485.2677,2047.1968,1854.6953,1833.8588,29.281685,154.9073,4,"COPDEM30",1401
"RGI2000-v7.0-G-18-02786","18","18-01","G171190E43072S",773211,749,"2000-04-13T00:00:00",171.19014616666666,-43.07197,59,0.015881983181395,0,0,0,9,"",0,171.1881226858003,-43.0730092237102,1560.192,1807.9231,1651.9545,1664.9233,46.45929,270.56790924072266,7,"COPDEM30",289
"RGI2000-v7.0-G-18-02787","18","18-01","G171191E43069S",773212,749,"2000-04-13T00:00:00",171.19115280960025,-43.068540999999996,59,0.033505421035789,0,0,0,9,"",0,171.18975730300224,-43.06955056233465,1769.2712,1987.1575,1874.5282,1867.521,36.486538,206.29249572753903,6,"COPDEM30",365
"RGI2000-v7.0-G-18-02788","18","18-01","G171188E43065S",773208,749,"2000-04-13T00:00:00",171.18844185515022,-43.064663499999995,59,0.036613224198882,0,0,0,9,"",0,171.1914005378684,-43.06379869880307,1884.6882,2027.7383,1985.7736,1973.0417,21.53429,53.184593,2,"COPDEM30",333
"RGI2000-v7.0-G-18-02789","18","18-01","G171207E43070S",773224,749,"2000-04-13T00:00:00",171.20705335564514,-43.0699365,59,0.047826734390838,0,0,0,9,"",0,171.2083975505793,-43.070801259089684,1740.0922,1866.4734,1809.9982,1809.052,33.019768,123.439705,4,"COPDEM30",230
"RGI2000-v7.0-G-18-02790","18","18-01","G171212E43069S",773229,749,"2000-04-13T00:00:00",171.21484408191705,-43.067527999999996,59,0.221108187021799,0,0,0,9,"",0,171.2123088386159,-43.06971633374886,1620.8036,2043.1318,1823.0214,1823.9415,32.644466,189.0395355224609,5,"COPDEM30",858
"RGI2000-v7.0-G-18-02791","18","18-01","G171223E43069S",773236,749,"2000-04-13T00:00:00",171.22285577041708,-43.0692995,59,0.038400811154312,0,0,0,9,"",0,171.22222810139235,-43.07069155944333,1535.0505,1731.3547,1644.888,1641.0554,39.113358,166.38412,5,"COPDEM30",394
"RGI2000-v7.0-G-18-02792","18","18-01","G171223E43062S",773235,749,"2000-04-13T00:00:00",171.22288636782147,-43.062809,59,0.253942245742533,0,0,0,9,"",0,171.22685601577294,-43.06268778622247,1700.8807,2060.6343,1913.7737,1909.2941,29.354185,103.1298,3,"COPDEM30",768
"RGI2000-v7.0-G-18-02793","18","18-01","G171222E43059S",773233,749,"2000-04-13T00:00:00",171.2224790245166,-43.0589925,59,0.029565634787968,0,0,0,9,"",0,171.22339770503808,-43.059008637657804,1896.9564,2035.9526,1955.8455,1961.5403,36.94784,89.39987,3,"COPDEM30",184
"RGI2000-v7.0-G-18-02794","18","18-01","G171224E43057S",773234,749,"2000-04-13T00:00:00",171.2234051626277,-43.056892500000004,59,0.025246668115996,0,0,0,9,"",0,171.22486721317367,-43.05693834193086,1832.5731,1982.104,1895.5638,1895.448,36.339394,69.150505,3,"COPDEM30",242
"RGI2000-v7.0-G-18-02795","18","18-01","G171217E43045S",773231,749,"2000-04-13T00:00:00",171.21598633928573,-43.0450875,59,0.013355969545451,0,0,0,9,"",0,171.2167145495207,-43.04563500000271,1677.0868,1754.96,1718.6511,1715.9343,27.759708,148.24257,4,"COPDEM30",183
"RGI2000-v7.0-G-18-02796","18","18-01","G171228E43042S",773237,749,"2000-04-13T00:00:00",171.2269161451049,-43.041994,59,0.041790535972783,0,0,0,9,"",0,171.22794405999556,-43.04310031696506,1724.3044,1898.7046,1804.2314,1808.7188,34.369766,148.79155,4,"COPDEM30",296
"RGI2000-v7.0-G-18-02797","18","18-01","G171235E43042S",773239,749,"2000-04-13T00:00:00",171.23561959363298,-43.04077,59,0.057125813959841,0,0,0,9,"",0,171.2355650636053,-43.040843221431714,1697.694,1982.3707,1872.2515,1852.8135,36.352165,173.98363,5,"COPDEM30",260
"RGI2000-v7.0-G-18-02798","18","18-01","G171241E43035S",773241,749,"2000-04-13T00:00:00",171.23936131309523,-43.036144,59,0.137610674952414,0,0,0,9,"",0,171.2408729743661,-43.0362025287795,1734.1846,1997.7938,1824.1206,1844.2623,34.064896,115.17469,4,"COPDEM30",546
"RGI2000-v7.0-G-18-02799","18","18-01","G171241E43032S",773243,749,"2000-04-13T00:00:00",171.2408203029661,-43.0317785,59,0.064110116584674,0,0,0,9,"",0,171.24033185348915,-43.03415976074196,1832.4514,1958.7731,1909.9185,1905.3522,25.952177,122.58394,4,"COPDEM30",186
"RGI2000-v7.0-G-18-02800","18","18-01","G171240E43005S",773244,749,"2000-04-13T00:00:00",171.24253389651415,-43.006825,59,0.059691894630965,0,0,0,9,"",0,171.2431632976752,-43.00692227459338,1735.6422,1911.6523,1797.8499,1806.6742,29.218113,108.34922,3,"COPDEM30",281
"RGI2000-v7.0-G-18-02801","18","18-01","G171237E43007S",773240,749,"2000-04-13T00:00:00",171.2366962205323,-43.0062395,59,0.316191130764988,0,0,0,9,"",0,171.23589384837246,-43.0094076779012,1740.1038,1993.0851,1907.1094,1888.2063,20.601906,156.60204,4,"COPDEM30",711
"RGI2000-v7.0-G-18-02802","18","18-01","G171243E43002S",773242,749,"2000-04-13T00:00:00",171.2414927338479,-43.000834499999996,59,0.179665224864834,0,0,0,9,"",0,171.24602935584613,-43.002692092732005,1696.1439,1964.7947,1857.3679,1844.1571,24.844133,130.34349,4,"COPDEM30",671
"RGI2000-v7.0-G-18-02803","18","18-01","G171260E42990S",773245,749,"2000-04-13T00:00:00",171.25962618191562,-42.990238000000005,59,0.028843280871467,0,0,0,9,"",0,171.2600381417912,-42.99112281378167,1651.0831,1764.2426,1689.053,1694.5719,25.538843,145.02101,4,"COPDEM30",256
"RGI2000-v7.0-G-18-02804","18","18-01","G171261E42988S",773246,749,"2000-04-13T00:00:00",171.26241828692616,-42.9865085,59,0.078213557889431,0,0,0,9,"",0,171.26321572171247,-42.98853466672968,1686.8333,1967.997,1815.2832,1819.8063,34.34111,173.76822,5,"COPDEM30",462
"RGI2000-v7.0-G-18-02805","18","18-01","G171267E42981S",773247,749,"2000-04-13T00:00:00",171.26678934274196,-42.981241499999996,59,0.019663869387755,0,0,0,9,"",0,171.26699435585513,-42.98065654709721,1886.3381,1971.7024,1913.5332,1916.3898,30.264864,347.0484809875488,1,"COPDEM30",150
"RGI2000-v7.0-G-18-02806","18","18-01","G171271E42980S",773248,749,"2000-04-13T00:00:00",171.2700754114415,-42.979602,59,0.012537870755058,0,0,0,9,"",0,171.26922672297476,-42.97926027702582,1817.4055,1876.4238,1843.3893,1844.1006,24.264452,312.9500389099121,8,"COPDEM30",167
"RGI2000-v7.0-G-18-02807","18","18-01","G171273E42984S",773249,749,"2000-04-13T00:00:00",171.27160263861902,-42.9848435,59,0.69984659078125,0,0,0,9,"",0,171.26787868346048,-42.990547996245056,1450.0646,2039.4076,1789.6279,1765.9993,28.510992,179.79274,5,"COPDEM30",1578
"RGI2000-v7.0-G-18-02808","18","18-01","G171278E42990S",773251,749,"2000-04-13T00:00:00",171.27800966818182,-42.9897005,59,0.01655910413506,0,0,0,9,"",0,171.2767453827604,-42.98962974929861,1748.5966,1924.0896,1826.4641,1831.6743,43.341427,304.9342460632324,8,"COPDEM30",231
"RGI2000-v7.0-G-18-02809","18","18-01","G171279E42988S",773255,749,"2000-04-13T00:00:00",171.28101900050302,-42.986404,59,0.129357938980834,0,0,0,9,"",0,171.27582474070954,-42.98930309901365,1717.5906,2037.8433,1900.8762,1891.7328,28.291761,241.81396484375,6,"COPDEM30",788
"RGI2000-v7.0-G-18-02810","18","18-01","G171285E42988S",773261,749,"2000-04-13T00:00:00",171.28471377104097,-42.9883825,59,0.213683672297588,0,0,0,9,"",0,171.28680162146975,-42.988004614864046,1756.4436,2051.6306,1888.4531,1890.5455,30.320154,92.72941,3,"COPDEM30",516
"RGI2000-v7.0-G-18-02811","18","18-01","G171281E42996S",773258,749,"2000-04-13T00:00:00",171.28293909113208,-42.9930065,59,0.088956211221378,0,0,0,9,"",0,171.28558766562918,-42.992709951802006,1773.1774,1987.9785,1871.0535,1876.4542,34.202896,126.10999,4,"COPDEM30",371
"RGI2000-v7.0-G-18-02812","18","18-01","G171276E42995S",773254,749,"2000-04-13T00:00:00",171.27962177147015,-42.9936255,59,0.065326164968763,0,0,0,9,"",0,171.2781812850254,-42.99153715000557,1880.4432,2041.6747,1972.527,1960.5591,26.42206,306.3272933959961,8,"COPDEM30",544
"RGI2000-v7.0-G-18-02813","18","18-01","G171282E42996S",773256,749,"2000-04-13T00:00:00",171.28174337962963,-42.995661999999996,59,0.048592053982985,0,0,0,9,"",0,171.2829490739767,-42.99523733424017,1849.03,2029.6317,1934.9158,1932.6823,35.880238,91.64065,3,"COPDEM30",265
"RGI2000-v7.0-G-18-02814","18","18-01","G171284E42998S",773259,749,"2000-04-13T00:00:00",171.28355610545194,-42.997412999999995,59,0.025127895339667,0,0,0,9,"",0,171.28448464733486,-42.99635807432444,1749.1545,1868.8065,1802.0658,1805.463,33.3882,94.18898,3,"COPDEM30",270
"RGI2000-v7.0-G-18-02815","18","18-01","G171278E43001S",773252,749,"2000-04-13T00:00:00",171.2778944265064,-43.000761,59,0.240090678929529,0,0,0,9,"",0,171.27907824811507,-43.0040579411307,1523.2327,1929.8069,1716.4977,1722.0677,31.976492,157.57782,5,"COPDEM30",797
"RGI2000-v7.0-G-18-02816","18","18-01","G171273E43003S",773250,749,"2000-04-13T00:00:00",171.2730926307252,-43.0032145,59,0.039562270558981,0,0,0,9,"",0,171.27508765374526,-43.00335512600118,1681.458,1845.434,1761.5481,1762.4191,28.890274,102.708336,3,"COPDEM30",349
"RGI2000-v7.0-G-18-02817","18","18-01","G171286E42983S",773260,749,"2000-04-13T00:00:00",171.28510818243245,-42.983410000000006,59,0.16841140435476,0,0,0,9,"",0,171.28805849095434,-42.983613443208704,1805.858,2082.3206,1941.0068,1943.2345,28.221066,94.19991,3,"COPDEM30",487
"RGI2000-v7.0-G-18-02818","18","18-01","G171281E42978S",773253,749,"2000-04-13T00:00:00",171.27953075268817,-42.978550999999996,59,0.18245955912624,0,0,0,9,"",0,171.28233587844207,-42.977351729399096,1792.2234,2030.1665,1900.5945,1906.3114,27.478964,82.481804,3,"COPDEM30",687
"RGI2000-v7.0-G-18-02819","18","18-01","G171283E42975S",773257,749,"2000-04-13T00:00:00",171.28280784117646,-42.9752455,59,0.019947148589204,0,0,0,9,"",0,171.28341267345604,-42.976160610457754,1770.9203,1900.886,1826.1058,1827.8505,35.22269,134.85582,4,"COPDEM30",223
"RGI2000-v7.0-G-18-02820","18","18-01","G171308E42971S",773264,749,"2000-04-13T00:00:00",171.30891466348965,-42.970033,59,0.052725622930402,0,0,0,9,"",0,171.31156199483772,-42.96847045713343,1699.9735,1892.241,1823.467,1811.2119,28.029722,72.76167,3,"COPDEM30",374
"RGI2000-v7.0-G-18-02821","18","18-01","G171310E42962S",773265,749,"2000-04-13T00:00:00",171.30959722025904,-42.961400499999996,59,0.012383398258764,0,0,0,9,"",0,171.31040550264618,-42.96171168539493,1919.8496,1935.627,1924.9452,1925.9508,7.717975,120.89852,4,"COPDEM30",123
"RGI2000-v7.0-G-18-02822","18","18-01","G171308E42957S",773263,749,"2000-04-13T00:00:00",171.3065174449543,-42.9584735,59,0.056935071086691,0,0,0,9,"",0,171.3082800926853,-42.956677979013435,1673.8795,1848.5891,1766.2498,1768.2795,30.208958,71.585915,3,"COPDEM30",379
"RGI2000-v7.0-G-18-02823","18","18-01","G171304E42963S",773262,749,"2000-04-13T00:00:00",171.3015878049926,-42.9608385,59,0.083942329645475,0,0,0,9,"",0,171.3027414032748,-42.96272894750907,1638.4005,1914.2667,1765.731,1768.5604,33.431248,149.18878,4,"COPDEM30",443
"RGI2000-v7.0-G-18-02824","18","18-01","G171313E42949S",773266,749,"2000-04-13T00:00:00",171.31204961049383,-42.949391500000004,59,0.027334352857918,0,0,0,9,"",0,171.31214561976756,-42.950525962634735,1790.6525,1909.4392,1844.9037,1846.245,29.003624,149.08005,4,"COPDEM30",263
"RGI2000-v7.0-G-18-02825","18","18-01","G171317E42948S",773267,749,"2000-04-13T00:00:00",171.31692620967743,-42.9479235,59,0.014889184824483,0,0,0,9,"",0,171.31793620313445,-42.94806459896534,1860.1346,1931.8239,1888.7501,1890.6367,32.395576,149.39383,4,"COPDEM30",194
"RGI2000-v7.0-G-18-02826","18","18-01","G171367E42922S",773269,749,"2000-04-13T00:00:00",171.36710603589825,-42.9220875,59,0.108028246305684,0,0,0,9,"",0,171.36873978428827,-42.9197381062967,1722.8495,1942.5813,1824.921,1827.8044,28.039154,75.85975,3,"COPDEM30",572
"RGI2000-v7.0-G-18-02827","18","18-01","G171371E42925S",773272,749,"2000-04-13T00:00:00",171.37167064853554,-42.9242505,59,0.020537913226177,0,0,0,9,"",0,171.37220674373853,-42.924451618516564,1605.9579,1708.5693,1627.1753,1637.932,26.214134,75.61917,3,"COPDEM30",186
"RGI2000-v7.0-G-18-02828","18","18-01","G171371E42919S",773271,749,"2000-04-13T00:00:00",171.37014064583335,-42.9184785,59,0.101977297674615,0,0,0,9,"",0,171.3721289685748,-42.91993512427108,1573.7797,1791.0627,1641.1536,1645.7478,31.34693,99.32509,3,"COPDEM30",439
"RGI2000-v7.0-G-18-02829","18","18-01","G171375E42915S",773275,749,"2000-04-13T00:00:00",171.3753811175601,-42.915074000000004,59,0.01259372700047,0,0,0,9,"",0,171.37579979964875,-42.915416137643135,1534.144,1581.3512,1554.7797,1555.7493,28.09569,129.42577,4,"COPDEM30",99
"RGI2000-v7.0-G-18-02830","18","18-01","G171393E42935S",773291,749,"2000-04-13T00:00:00",171.39290933432835,-42.935028,59,0.072900729294978,0,0,0,9,"",0,171.39504751717104,-42.93342575827241,1513.2549,1728.9834,1601.8551,1607.2357,30.986572,65.76786,2,"COPDEM30",494
"RGI2000-v7.0-G-18-02831","18","18-01","G171394E42938S",773292,749,"2000-04-13T00:00:00",171.39335675162732,-42.939603000000005,59,0.025735465621388,0,0,0,9,"",0,171.3932549172409,-42.938487752730964,1836.6398,2011.6213,1917.3574,1920.0663,41.11996,31.948221,2,"COPDEM30",283
"RGI2000-v7.0-G-18-02832","18","18-01","G171398E42942S",773294,749,"2000-04-13T00:00:00",171.39690410278746,-42.942375,59,0.056201578676779,0,0,0,9,"",0,171.399367623534,-42.94118843986456,1726.8477,1997.6904,1852.8616,1848.0792,33.509212,62.92532,2,"COPDEM30",435
"RGI2000-v7.0-G-18-02833","18","18-01","G171391E42945S",773289,749,"2000-04-13T00:00:00",171.39108995306813,-42.944674000000006,59,0.360360468833436,0,0,0,9,"",0,171.38935562357628,-42.94804785749903,1700.9669,2123.9548,1925.5887,1931.6277,30.108757,178.63165,5,"COPDEM30",755
"RGI2000-v7.0-G-18-02834","18","18-01","G171405E42951S",773300,749,"2000-04-13T00:00:00",171.40468187254902,-42.951040500000005,59,0.033194250908507,0,0,0,9,"",0,171.40463028560657,-42.94959667908693,1729.0607,1973.3787,1828.8511,1843.244,41.112637,49.002968,2,"COPDEM30",340
"RGI2000-v7.0-G-18-02835","18","18-01","G171410E42953S",773302,749,"2000-04-13T00:00:00",171.40876070528168,-42.953057,59,0.035444057170771,0,0,0,9,"",0,171.41002168387215,-42.953401714517646,1754.7018,1917.4335,1848.7947,1842.4874,34.129986,108.379486,3,"COPDEM30",316
"RGI2000-v7.0-G-18-02836","18","18-01","G171412E42952S",773303,749,"2000-04-13T00:00:00",171.41248004385966,-42.9521845,59,0.015092112909746,0,0,0,9,"",0,171.41368057438007,-42.952231086782895,1658.2952,1738.883,1682.6204,1688.7559,27.934006,118.76548,4,"COPDEM30",208
"RGI2000-v7.0-G-18-02837","18","18-01","G171405E42956S",773301,749,"2000-04-13T00:00:00",171.40530201381216,-42.955698,59,0.010158158196794,0,0,0,9,"",0,171.4056983329575,-42.956212557078466,1726.4906,1807.9211,1754.5499,1757.2618,35.144463,190.4474029541016,5,"COPDEM30",164
"RGI2000-v7.0-G-18-02838","18","18-01","G171402E42958S",773298,749,"2000-04-13T00:00:00",171.40081652390484,-42.955492500000005,59,0.091228547537319,0,0,0,9,"",0,171.4020699185155,-42.957551520447005,1749.8107,1977.6569,1832.0758,1844.6582,32.164223,114.28106,4,"COPDEM30",443
"RGI2000-v7.0-G-18-02839","18","18-01","G171400E42961S",773297,749,"2000-04-13T00:00:00",171.40045120254717,-42.961023999999995,59,0.049874733031306,0,0,0,9,"",0,171.4027907848859,-42.961402008654325,1632.5615,1799.9764,1709.4556,1708.8043,34.10519,89.39069,3,"COPDEM30",321
"RGI2000-v7.0-G-18-02840","18","18-01","G171399E42963S",773295,749,"2000-04-13T00:00:00",171.39838458845128,-42.963066,59,0.019276254478237,0,0,0,9,"",0,171.39916409682263,-42.96267787240826,1795.551,1985.2565,1847.4968,1864.7136,44.1742,83.722084,3,"COPDEM30",154
"RGI2000-v7.0-G-18-02841","18","18-01","G171399E42965S",773293,749,"2000-04-13T00:00:00",171.3962483262324,-42.965329499999996,59,0.036657264079628,0,0,0,9,"",0,171.39862651785967,-42.96503089343424,1884.3826,2159.91,1998.9209,2006.0558,44.670013,77.45936,3,"COPDEM30",323
"RGI2000-v7.0-G-18-02842","18","18-01","G171388E42968S",773287,749,"2000-04-13T00:00:00",171.39024440875914,-42.968996000000004,59,0.029852997021409,0,0,0,9,"",0,171.38827566455316,-42.968541745191374,1888.5249,2064.8452,1973.8549,1971.4062,36.860023,296.2808265686035,8,"COPDEM30",263
"RGI2000-v7.0-G-18-02843","18","18-01","G171387E42966S",773285,749,"2000-04-13T00:00:00",171.38737078958334,-42.9661945,59,0.012078535545916,0,0,0,9,"",0,171.38605037509757,-42.96678969557798,1852.2944,2021.9231,1933.8489,1936.0248,44.37837,201.7723388671875,5,"COPDEM30",273
"RGI2000-v7.0-G-18-02844","18","18-01","G171398E42970S",773296,749,"2000-04-13T00:00:00",171.3980938909234,-42.971034,59,0.569789320195078,0,0,0,9,"",0,171.40106907820834,-42.97484486684238,1663.3381,2256.9521,1899.4851,1912.7108,29.225721,129.48352,4,"COPDEM30",1222
"RGI2000-v7.0-G-18-02845","18","18-01","G171404E42967S",773299,749,"2000-04-13T00:00:00",171.40379754791235,-42.967161000000004,59,0.021509173102343,0,0,0,9,"",0,171.4042778968081,-42.96761754020603,1844.5598,1936.8685,1863.9596,1875.3523,26.345499,92.37199,3,"COPDEM30",214
"RGI2000-v7.0-G-18-02846","18","18-01","G171391E42978S",773290,749,"2000-04-13T00:00:00",171.3908643076923,-42.977108,59,0.723285490316341,0,0,0,9,"",0,171.3961418885482,-42.98213135593087,1558.3973,2181.376,1927.5033,1924.5184,29.442556,128.67662,4,"COPDEM30",1315
"RGI2000-v7.0-G-18-02847","18","18-01","G171390E42984S",773288,749,"2000-04-13T00:00:00",171.39041634103643,-42.9839405,59,0.019591001398108,0,0,0,9,"",0,171.39067287430063,-42.984981249069165,1879.4052,1979.318,1932.9325,1934.6764,27.621449,158.16312,5,"COPDEM30",195
"RGI2000-v7.0-G-18-02848","18","18-01","G171383E42988S",773283,749,"2000-04-13T00:00:00",171.38477332624115,-42.9872675,59,0.743308454220454,0,0,0,9,"",0,171.39114902190084,-42.98781113232464,1594.1052,2151.227,1868.9198,1870.9955,27.211136,126.766365,4,"COPDEM30",1479
"RGI2000-v7.0-G-18-02849","18","18-01","G171380E42994S",773279,749,"2000-04-13T00:00:00",171.3795731067416,-42.994297,59,0.041482932906039,0,0,0,9,"",0,171.38108679945464,-42.99283508636011,2018.7386,2208.7646,2135.7793,2127.6174,33.172894,2.0629468,1,"COPDEM30",315
"RGI2000-v7.0-G-18-02850","18","18-01","G171377E42996S",773277,749,"2000-04-13T00:00:00",171.37722765971714,-42.9956235,59,0.0252954546928,0,0,0,9,"",0,171.37558388221183,-42.99544953787799,1873.4973,2097.5762,1977.4816,1983.6039,43.477695,241.9033050537109,6,"COPDEM30",260
"RGI2000-v7.0-G-18-02851","18","18-01","G171381E42997S",773280,749,"2000-04-13T00:00:00",171.38068218467743,-42.9968285,59,0.031287085114694,0,0,0,9,"",0,171.38276623320795,-42.99617500270214,2122.7268,2264.0862,2227.0732,2220.6562,27.428493,85.20482,3,"COPDEM30",345
"RGI2000-v7.0-G-18-02852","18","18-01","G171387E42997S",773286,749,"2000-04-13T00:00:00",171.3872357395348,-42.9971265,59,0.068869403293632,0,0,0,9,"",0,171.38958681181592,-42.996916265222765,1719.0452,1993.699,1823.384,1837.322,28.48678,103.792694,3,"COPDEM30",527
"RGI2000-v7.0-G-18-02853","18","18-01","G171385E43000S",773281,749,"2000-04-13T00:00:00",171.3816182786807,-43.0034215,59,0.449835124796005,0,0,0,9,"",0,171.38619535302686,-42.99923129496349,1916.1198,2342.1174,2119.7627,2120.3865,31.198145,79.805695,3,"COPDEM30",939
"RGI2000-v7.0-G-18-02854","18","18-01","G171385E43008S",773284,749,"2000-04-13T00:00:00",171.38466484392453,-43.0067045,59,0.017461956007783,0,0,0,9,"",0,171.38557781428298,-43.00735620778712,1874.055,2038.2565,1968.4768,1967.1116,47.016506,143.57327,4,"COPDEM30",157
"RGI2000-v7.0-G-18-02855","18","18-01","G171383E43013S",773282,749,"2000-04-13T00:00:00",171.3834020872093,-43.013033,59,0.012252626578917,0,0,0,9,"",0,171.3845547221787,-43.012919528325604,1816.288,1908.6387,1863.6075,1865.2869,43.063393,131.25401,4,"COPDEM30",176
"RGI2000-v7.0-G-18-02856","18","18-01","G171378E43018S",773278,749,"2000-04-13T00:00:00",171.37676496042474,-43.016824,59,0.018735696288926,0,0,0,9,"",0,171.3784159332278,-43.0176463121041,1828.8802,1970.6477,1885.636,1891.1562,30.788248,155.9228,4,"COPDEM30",289
"RGI2000-v7.0-G-18-02857","18","18-01","G171375E43011S",773276,749,"2000-04-13T00:00:00",171.37462224152108,-43.010656999999995,59,0.73453236143904,0,0,0,9,"",0,171.3683420305952,-43.01668502535992,1692.0778,2359.8806,2042.7681,2037.3398,25.704868,197.3436279296875,5,"COPDEM30",1617
"RGI2000-v7.0-G-18-02858","18","18-01","G171365E43008S",773268,749,"2000-04-13T00:00:00",171.36514791520977,-43.007462000000004,59,0.030681419454033,0,0,0,9,"",0,171.36455536354813,-43.00859652588157,1762.6031,2001.6981,1831.3362,1841.1031,37.569855,186.8285522460937,5,"COPDEM30",364
"RGI2000-v7.0-G-18-02859","18","18-01","G171373E43003S",773274,749,"2000-04-13T00:00:00",171.3737268644327,-43.002239,59,0.021069571072107,0,0,0,9,"",0,171.37184776102816,-43.002224215754325,1989.6685,2166.874,2089.3716,2086.082,50.50814,319.6878852844238,8,"COPDEM30",190
"RGI2000-v7.0-G-18-02860","18","18-01","G171374E42994S",773273,749,"2000-04-13T00:00:00",171.37236427927434,-42.991004000000004,59,0.052081859795406,0,0,0,9,"",0,171.37291556847205,-42.992423577632316,1927.5007,2118.997,2052.626,2045.8224,33.289936,170.44348,5,"COPDEM30",358
"RGI2000-v7.0-G-18-02861","18","18-01","G171368E42991S",773270,749,"2000-04-13T00:00:00",171.36822444954407,-42.991128,59,0.016817980797873,0,0,0,9,"",0,171.36658181339715,-42.99199802030582,1795.4773,1933.9194,1864.4286,1863.5048,38.06693,213.2626342773437,6,"COPDEM30",284
"RGI2000-v7.0-G-18-02862","18","18-01","G171410E42995S",773304,749,"2000-04-13T00:00:00",171.41181164422858,-42.9945505,59,0.056004649919622,0,0,0,9,"",0,171.40918165923776,-42.995619394656856,1976.0557,2146.7373,2063.1807,2061.7205,28.772522,248.8053359985352,7,"COPDEM30",378
"RGI2000-v7.0-G-18-02863","18","18-01","G171415E42995S",773306,749,"2000-04-13T00:00:00",171.41400936791499,-42.9930735,59,0.243568397511058,0,0,0,9,"",0,171.42019338614057,-42.99348068927152,1800.7068,2189.9958,1997.3254,1996.3568,31.986242,108.92909,3,"COPDEM30",909
"RGI2000-v7.0-G-18-02864","18","18-01","G171413E42999S",773305,749,"2000-04-13T00:00:00",171.41309864166664,-42.998686000000006,59,0.057988188132277,0,0,0,9,"",0,171.41158698249777,-43.00046316416923,1770.5531,1993.381,1876.7947,1874.682,34.88713,198.7442169189453,5,"COPDEM30",441
"RGI2000-v7.0-G-18-02865","18","18-01","G171417E42999S",773307,749,"2000-04-13T00:00:00",171.416877987271,-42.998872,59,0.045919105731044,0,0,0,9,"",0,171.41890185468552,-42.99906045457486,1809.6544,1979.8744,1914.992,1905.4753,31.83479,90.02372,3,"COPDEM30",337
"RGI2000-v7.0-G-18-02866","18","18-01","G171423E42988S",773309,749,"2000-04-13T00:00:00",171.42051155683555,-42.9879885,59,0.020811284703788,0,0,0,9,"",0,171.42134852447538,-42.98772824637411,1713.3643,1926.4487,1842.4308,1815.9668,31.758741,102.42028,3,"COPDEM30",189
"RGI2000-v7.0-G-18-02867","18","18-01","G171428E43019S",773310,749,"2000-04-13T00:00:00",171.42679400403375,-43.017112499999996,59,0.02217978375802,0,0,0,9,"",0,171.42816458349137,-43.017336340281986,1890.2427,2050.467,1966.5735,1966.6602,42.384113,150.36139,4,"COPDEM30",246
"RGI2000-v7.0-G-18-02868","18","18-01","G171417E43020S",773308,749,"2000-04-13T00:00:00",171.41804500068707,-43.019501500000004,59,0.189616208413665,0,0,0,9,"",0,171.4207160008491,-43.02116245947286,1824.1808,2224.6013,2021.0942,2016.4003,33.855446,128.61612,4,"COPDEM30",808
"RGI2000-v7.0-G-18-02869","18","18-01","G171505E42932S",773321,749,"2000-04-13T00:00:00",171.50559971921922,-42.9315685,59,0.041412239614665,0,0,0,9,"",0,171.50466450297205,-42.933377109346594,1753.5739,2003.691,1804.1715,1833.573,31.997908,143.39978,4,"COPDEM30",453
"RGI2000-v7.0-G-18-02870","18","18-01","G171505E42922S",773320,749,"2000-04-13T00:00:00",171.50483613970587,-42.922142,59,0.051134010491675,0,0,0,9,"",0,171.50653550466745,-42.92183804075405,1755.2253,1981.1571,1868.7451,1866.9149,39.19951,99.43799,3,"COPDEM30",309
"RGI2000-v7.0-G-18-02871","18","18-01","G171503E42917S",773318,749,"2000-04-13T00:00:00",171.50393879885212,-42.9160805,59,0.012231824863589,0,0,0,9,"",0,171.50317780526592,-42.917018869983515,1861.5464,2033.1172,1935.9834,1936.6364,40.997536,251.18488311767572,7,"COPDEM30",275
"RGI2000-v7.0-G-18-02872","18","18-01","G171504E42913S",773319,749,"2000-04-13T00:00:00",171.5050979791667,-42.9120925,59,0.107632310383001,0,0,0,9,"",0,171.50196884338922,-42.91353754660007,1813.6564,2060.7048,1941.6921,1945.9125,31.050762,268.3274154663086,7,"COPDEM30",466
"RGI2000-v7.0-G-18-02873","18","18-01","G171509E42909S",773322,749,"2000-04-13T00:00:00",171.5086239535483,-42.909774999999996,59,0.089383040666471,0,0,0,9,"",0,171.5084175885383,-42.90798560594919,1919.3362,2114.2932,2042.6295,2033.0311,30.523687,344.6842155456543,1,"COPDEM30",410
"RGI2000-v7.0-G-18-02874","18","18-01","G171511E42916S",773323,749,"2000-04-13T00:00:00",171.51165126800473,-42.916821,59,0.617638230950492,0,0,0,9,"",0,171.50946748478728,-42.922032657477,1642.133,2237.2112,2056.8286,2031.1871,26.334738,168.90074,5,"COPDEM30",1194
"RGI2000-v7.0-G-18-02875","18","18-01","G171519E42920S",773325,749,"2000-04-13T00:00:00",171.51933800272232,-42.9196815,59,0.017394826152018,0,0,0,9,"",0,171.51854747610517,-42.92042803526716,1520.9738,1624.7357,1573.5818,1574.239,36.25373,166.17297,5,"COPDEM30",168
"RGI2000-v7.0-G-18-02876","18","18-01","G171521E42918S",773327,749,"2000-04-13T00:00:00",171.5205975441513,-42.917756499999996,59,0.025127716815919,0,0,0,9,"",0,171.52127265146044,-42.91842085217765,1647.7646,1795.7394,1708.0977,1714.5043,40.059,161.81282,5,"COPDEM30",163
"RGI2000-v7.0-G-18-02877","18","18-01","G171522E42917S",773328,749,"2000-04-13T00:00:00",171.52234892875427,-42.9165855,59,0.014018095304414,0,0,0,9,"",0,171.52233184210647,-42.91733016819673,1721.1881,1869.61,1796.4229,1794.9104,46.768635,170.16774,5,"COPDEM30",155
"RGI2000-v7.0-G-18-02878","18","18-01","G171521E42913S",773326,749,"2000-04-13T00:00:00",171.52049693332074,-42.9127935,59,0.065283600242542,0,0,0,9,"",0,171.5221868653257,-42.913771057287185,1833.8207,2060.2317,1933.17,1938.511,37.158276,88.257904,3,"COPDEM30",309
"RGI2000-v7.0-G-18-02879","18","18-01","G171519E42910S",773324,749,"2000-04-13T00:00:00",171.5193978949345,-42.910937000000004,59,0.024473794785829,0,0,0,9,"",0,171.5185411384968,-42.909964068686264,1830.3862,2017.458,1936.233,1935.198,47.02267,31.96367,2,"COPDEM30",210
"RGI2000-v7.0-G-18-02880","18","18-01","G171524E42892S",773329,749,"2000-04-13T00:00:00",171.5242761568088,-42.8921645,59,0.052143558073454,0,0,0,9,"",0,171.52354839264484,-42.893726972030436,1634.4062,1811.7516,1700.1794,1700.7081,28.226717,151.57913,4,"COPDEM30",367
"RGI2000-v7.0-G-18-02881","18","18-01","G171526E42890S",773330,749,"2000-04-13T00:00:00",171.5262862013294,-42.88911,59,0.123572865808131,0,0,0,9,"",0,171.52722946176635,-42.89126205236222,1695.6608,1913.0516,1803.3907,1806.1908,29.219965,145.61899,4,"COPDEM30",486
"RGI2000-v7.0-G-18-02882","18","18-01","G171497E42894S",773317,749,"2000-04-13T00:00:00",171.49652124745296,-42.893396499999994,59,0.168307595802226,0,0,0,9,"",0,171.49510206405716,-42.895048771140246,1796.8813,2080.898,1904.9612,1910.8373,32.62532,139.23737,4,"COPDEM30",293
"RGI2000-v7.0-G-18-02883","18","18-01","G171494E42899S",773315,749,"2000-04-13T00:00:00",171.49133387383034,-42.897643,59,0.048825022375906,0,0,0,9,"",0,171.49339781452187,-42.897895651188904,1830.3119,1975.4597,1903.8641,1902.9198,28.941292,103.0421,3,"COPDEM30",338
"RGI2000-v7.0-G-18-02884","18","18-01","G171492E42901S",773316,749,"2000-04-13T00:00:00",171.4905776171171,-42.9008295,59,0.063661956440369,0,0,0,9,"",0,171.4914737575382,-42.90280005066457,1803.1522,1981.563,1890.5447,1889.4741,28.108149,119.479485,4,"COPDEM30",449
"RGI2000-v7.0-G-18-02885","18","18-01","G171487E42906S",773314,749,"2000-04-13T00:00:00",171.48605406658294,-42.905724500000005,59,0.022091552937973,0,0,0,9,"",0,171.48710986305468,-42.90655928165197,1773.0177,1961.9998,1837.7004,1849.222,36.388355,143.47542,4,"COPDEM30",265
"RGI2000-v7.0-G-18-02886","18","18-01","G171484E42909S",773313,749,"2000-04-13T00:00:00",171.4831171452514,-42.9078755,59,0.073923934464138,0,0,0,9,"",0,171.4854891545847,-42.90893623959362,1714.76,1971.284,1806.3662,1818.431,30.640844,141.68312,4,"COPDEM30",532
"RGI2000-v7.0-G-18-02887","18","18-01","G171479E42910S",773312,749,"2000-04-13T00:00:00",171.47889481684365,-42.9098925,59,0.042651691788172,0,0,0,9,"",0,171.4797332660197,-42.91078234803538,1871.3774,1976.1453,1904.7162,1909.7113,27.01795,133.97408,4,"COPDEM30",333
"RGI2000-v7.0-G-18-02888","18","18-01","G171473E42914S",773311,749,"2000-04-13T00:00:00",171.47241564329266,-42.9129455,59,0.044277071734084,0,0,0,9,"",0,171.47278357607027,-42.9138593945958,1793.7598,1916.3687,1834.5387,1837.3236,27.637299,130.0918,4,"COPDEM30",277
"RGI2000-v7.0-G-18-02889","18","18-01","G171660E42873S",773331,749,"2000-04-13T00:00:00",171.66057138268155,-42.872834499999996,59,0.012237533718205,0,0,0,9,"",0,171.66044306518026,-42.873704855356635,1723.8976,1859.7964,1793.8223,1791.3906,42.00371,163.21281,5,"COPDEM30",224
"RGI2000-v7.0-G-18-02890","18","18-01","G171663E42870S",773332,749,"2000-04-13T00:00:00",171.6623172399257,-42.870169000000004,59,0.073202720755173,0,0,0,9,"",0,171.66506945850506,-42.86912679841169,1799.0769,2066.2192,1917.8999,1924.3408,38.6074,114.499,4,"COPDEM30",425
"RGI2000-v7.0-G-18-02891","18","18-01","G171220E43010S",773232,749,"2000-04-13T00:00:00",171.2172307662037,-43.008027999999996,59,0.135756981895877,0,0,0,9,"",0,171.2218171941033,-43.00716807310878,1763.2974,1961.057,1870.6367,1861.9696,23.312386,119.35802,4,"COPDEM30",532
"RGI2000-v7.0-G-18-02892","18","18-01","G171216E43012S",773230,749,"2000-04-13T00:00:00",171.21552925708426,-43.011520000000004,59,0.026760037810695,0,0,0,9,"",0,171.216603332943,-43.01237538788651,1760.1724,1882.0381,1799.2795,1807.8094,26.491116,128.83334,4,"COPDEM30",247
"RGI2000-v7.0-G-18-02893","18","18-01","G171235E43068S",773238,749,"2000-04-13T00:00:00",171.2354383796278,-43.068304499999996,59,0.021215127938012,0,0,0,9,"",0,171.23509753408106,-43.06904382655736,1694.1582,1796.6936,1748.6511,1745.4666,31.982735,185.60633850097656,5,"COPDEM30",168
"RGI2000-v7.0-G-18-02894","18","18-01","G171202E43078S",773220,749,"2000-04-13T00:00:00",171.20183102192692,-43.077974,59,0.067471900546702,0,0,0,9,"",0,171.20575215487392,-43.077358075880674,1476.8724,1843.965,1607.9884,1620.1538,35.904877,113.50338,4,"COPDEM30",652
"RGI2000-v7.0-G-18-02895","18","18-01","G171201E43089S",773219,749,"2000-04-13T00:00:00",171.2005658691358,-43.089091499999995,59,0.313424022350406,0,0,0,9,"",0,171.20321733738666,-43.086673298326474,1863.5767,2165.3179,2030.4268,2027.8973,27.412569,74.2303,3,"COPDEM30",882
"RGI2000-v7.0-G-18-02896","18","18-01","G171195E43090S",773215,749,"2000-04-13T00:00:00",171.19443519836028,-43.089548,59,0.190363575479619,0,0,0,9,"",0,171.19138164329513,-43.09092676325484,1768.9374,2050.432,1897.9705,1899.6941,27.092012,262.05174255371094,7,"COPDEM30",690
"RGI2000-v7.0-G-18-02897","18","18-01","G171196E43094S",773216,749,"2000-04-13T00:00:00",171.19597353293386,-43.0936765,59,0.010219315237009,0,0,0,9,"",0,171.1952916213247,-43.09355053364941,1940.8868,2032.2336,1995.821,1992.9443,47.242844,261.1867752075196,7,"COPDEM30",132
"RGI2000-v7.0-G-18-02898","18","18-01","G171201E43097S",773218,749,"2000-04-13T00:00:00",171.2002270984836,-43.096573500000005,59,0.176743784643967,0,0,0,9,"",0,171.20339036805655,-43.09672912831706,1834.7468,2169.3127,2031.0183,2022.9543,38.328987,139.37228,4,"COPDEM30",585
"RGI2000-v7.0-G-18-02899","18","18-01","G171202E43100S",773221,749,"2000-04-13T00:00:00",171.20196031348414,-43.0995575,59,0.050572708700683,0,0,0,9,"",0,171.20777599999985,-43.09842977721572,1545.7598,1945.1576,1742.6772,1734.6466,34.36905,55.600452,2,"COPDEM30",689
"RGI2000-v7.0-G-18-02900","18","18-01","G171205E43106S",773222,749,"2000-04-13T00:00:00",171.205434467716,-43.1063745,59,0.029092912441115,0,0,0,9,"",0,171.20364477304184,-43.10597669302729,1943.0089,2084.1438,2018.3611,2011.7477,32.373756,290.0964889526367,7,"COPDEM30",288
"RGI2000-v7.0-G-18-02901","18","18-01","G171206E43110S",773225,749,"2000-04-13T00:00:00",171.20670817482517,-43.1095855,59,0.071832883143947,0,0,0,9,"",0,171.2064628568869,-43.11109320697417,1849.94,2046.3451,1892.2224,1907.1593,27.23909,174.79465,5,"COPDEM30",517
"RGI2000-v7.0-G-18-02902","18","18-01","G171213E43111S",773228,749,"2000-04-13T00:00:00",171.21302711538462,-43.110698,59,0.050239835770968,0,0,0,9,"",0,171.2152053521445,-43.110363185300244,1863.0607,2043.07,1923.1221,1935.0946,28.961288,85.266304,3,"COPDEM30",388
"RGI2000-v7.0-G-18-02903","18","18-01","G171212E43115S",773227,749,"2000-04-13T00:00:00",171.212180786818,-43.114556,59,0.085934720120033,0,0,0,9,"",0,171.21222617683955,-43.116598339083446,1748.434,2033.6652,1866.6053,1873.4824,31.270763,181.4988250732422,5,"COPDEM30",521
"RGI2000-v7.0-G-18-02904","18","18-01","G171206E43122S",773223,749,"2000-04-13T00:00:00",171.20529975,-43.120959,59,0.048300099967417,0,0,0,9,"",0,171.20534976709132,-43.12377849519231,1260.8289,1548.6635,1355.62,1365.6537,28.77915,177.54713,5,"COPDEM30",722
"RGI2000-v7.0-G-18-02905","18","18-01","G171198E43120S",773217,749,"2000-04-13T00:00:00",171.19784147037223,-43.1197945,59,0.027601451986531,0,0,0,9,"",0,171.199903619639,-43.11986475321066,1770.9264,1998.0219,1896.0465,1889.3059,41.763443,135.16756,4,"COPDEM30",301
"RGI2000-v7.0-G-18-02906","18","18-01","G171194E43121S",773213,749,"2000-04-13T00:00:00",171.19195249999999,-43.120818,59,0.094231860899049,0,0,0,9,"",0,171.1935496605901,-43.12141007956342,1940.4393,2162.5076,2056.882,2054.2588,40.44479,130.02614,4,"COPDEM30",338
"RGI2000-v7.0-G-18-02907","18","18-01","G171189E43123S",773210,749,"2000-04-13T00:00:00",171.18916354411766,-43.123517,59,0.021733733428558,0,0,0,9,"",0,171.19043146815073,-43.12412089327727,2085.9111,2228.8008,2161.55,2159.4084,33.698875,102.36685,3,"COPDEM30",248
"RGI2000-v7.0-G-18-02908","18","18-01","G171186E43125S",773207,749,"2000-04-13T00:00:00",171.18535890168818,-43.124901,59,0.099642442326509,0,0,0,9,"",0,171.18627394319898,-43.12684042881215,1885.0756,2224.8396,1973.8207,2000.4834,34.981922,187.18418884277344,5,"COPDEM30",605
"RGI2000-v7.0-G-18-02909","18","18-01","G171193E43105S",773214,749,"2000-04-13T00:00:00",171.19292501289473,-43.104659,59,0.033420591390646,0,0,0,9,"",0,171.19438624923964,-43.105781483102014,1964.2079,2176.2046,2097.1487,2086.4326,32.58104,166.81534,5,"COPDEM30",350
"RGI2000-v7.0-G-18-02910","18","18-01","G171187E43103S",773209,749,"2000-04-13T00:00:00",171.18866582266014,-43.102706999999995,59,0.159193946038982,0,0,0,9,"",0,171.18826971267902,-43.10409694660817,1775.8119,2001.7714,1897.7925,1897.2366,34.2316,204.7109832763672,6,"COPDEM30",482
"RGI2000-v7.0-G-18-02911","18","18-01","G171180E43102S",773205,749,"2000-04-13T00:00:00",171.18032762468673,-43.1012255,59,0.021421386966214,0,0,0,9,"",0,171.18003415762718,-43.102131693618595,1775.4961,1907.8569,1852.0188,1849.4998,35.743,182.271713256836,5,"COPDEM30",213
"RGI2000-v7.0-G-18-02912","18","18-01","G171209E43104S",773226,749,"2000-04-13T00:00:00",171.21026261171463,-43.103735,59,0.041044193716989,0,0,0,9,"",0,171.2109034198353,-43.10387497222833,1770.2977,1985.6296,1845.3085,1856.5815,35.21202,82.75419,3,"COPDEM30",334
"RGI2000-v7.0-G-18-02913","18","18-01","G171013E43189S",773126,749,"2000-04-13T00:00:00",171.01238746763755,-43.1887325,59,0.016070607068306,0,0,0,9,"",0,171.012022,-43.18949709327259,1855.8962,1951.3639,1884.0172,1891.2698,25.12535,198.18814086914065,5,"COPDEM30",211
"RGI2000-v7.0-G-18-02914","18","18-01","G171007E43196S",773119,749,"2000-04-13T00:00:00",171.00744049825175,-43.195687500000005,59,0.015805386026323,0,0,0,9,"",0,171.00712182505245,-43.19627595980577,1784.8535,1878.3895,1818.9214,1821.7162,32.35253,168.84935,5,"COPDEM30",137
"RGI2000-v7.0-G-18-02915","18","18-01","G170998E43203S",773113,749,"2000-04-13T00:00:00",170.9982725,-43.202373,59,0.024513288593496,0,0,0,9,"",0,170.9975005642283,-43.203701606686664,1918.6649,1954.0475,1940.2369,1939.1923,16.63416,257.75399017333984,7,"COPDEM30",129
"RGI2000-v7.0-G-18-02916","18","18-01","G170999E43207S",773115,749,"2000-04-13T00:00:00",170.99936274349244,-43.2072215,59,0.030668742091559,0,0,0,9,"",0,171.00154960196537,-43.206778025597245,1684.6744,1844.5719,1744.0718,1748.1782,32.106216,111.32493,3,"COPDEM30",369
"RGI2000-v7.0-G-18-02917","18","18-01","G170995E43211S",773106,749,"2000-04-13T00:00:00",170.99500062419355,-43.210519000000005,59,0.0500230909487,0,0,0,9,"",0,170.9990539399432,-43.209137820681335,1734.499,1928.421,1855.258,1836.6763,32.23994,113.62503,4,"COPDEM30",559
"RGI2000-v7.0-G-18-02918","18","18-01","G170997E43210S",773107,749,"2000-04-13T00:00:00",170.99510687878788,-43.213804999999994,59,0.054849143072036,0,0,0,9,"",0,170.99665655412025,-43.21281491908188,1793.3383,1991.1631,1858.5437,1869.0115,32.944187,83.13437,3,"COPDEM30",432
"RGI2000-v7.0-G-18-02919","18","18-01","G170991E43215S",773101,749,"2000-04-13T00:00:00",170.99006454704798,-43.215512000000004,59,0.081592711953475,0,0,0,9,"",0,170.98914929929154,-43.21424663573511,1866.6002,2024.9216,1905.512,1918.5642,26.025517,305.84203720092773,8,"COPDEM30",425
"RGI2000-v7.0-G-18-02920","18","18-01","G170987E43219S",773098,749,"2000-04-13T00:00:00",170.98939386138613,-43.218674,59,0.094104419076551,0,0,0,9,"",0,170.9888994729758,-43.219916216061876,1810.8424,2014.3842,1912.8336,1915.0835,35.381107,173.21179,5,"COPDEM30",310
"RGI2000-v7.0-G-18-02921","18","18-01","G170995E43220S",773108,749,"2000-04-13T00:00:00",170.99497133616507,-43.218993499999996,59,0.214063538676564,0,0,0,9,"",0,170.99333806676987,-43.221715921395905,1706.6569,2030.3539,1874.5638,1866.2434,26.967552,182.46176147460932,5,"COPDEM30",686
"RGI2000-v7.0-G-18-02922","18","18-01","G171002E43222S",773116,749,"2000-04-13T00:00:00",171.00186234561752,-43.221767,59,0.157302424713201,0,0,0,9,"",0,171.00365344376067,-43.22373439280078,1600.4792,1891.6023,1745.3594,1745.1992,28.957832,161.10367,5,"COPDEM30",470
"RGI2000-v7.0-G-18-02923","18","18-01","G170998E43224S",773114,749,"2000-04-13T00:00:00",170.9981700629722,-43.2242615,59,0.011352996957131,0,0,0,9,"",0,171.00019152380216,-43.223673750680646,1744.6118,1856.104,1831.0637,1820.0183,30.829231,110.68444,3,"COPDEM30",205
"RGI2000-v7.0-G-18-02924","18","18-01","G170997E43231S",773109,749,"2000-04-13T00:00:00",170.99532546320066,-43.2294635,59,0.019371292890553,0,0,0,9,"",0,170.9973524229585,-43.2303250612825,1792.298,1973.1168,1900.2971,1895.6477,41.99168,165.50243,5,"COPDEM30",238
"RGI2000-v7.0-G-18-02925","18","18-01","G170995E43239S",773102,749,"2000-04-13T00:00:00",170.9930739506167,-43.238044,59,0.078686866718931,0,0,0,9,"",0,170.99672857325407,-43.239147188718334,1753.7174,1991.3214,1867.9636,1871.0391,32.541412,112.180595,3,"COPDEM30",503
"RGI2000-v7.0-G-18-02926","18","18-01","G171017E43230S",773133,749,"2000-04-13T00:00:00",171.0166994324759,-43.23028,59,0.013750482430958,0,0,0,9,"",0,171.0159347041404,-43.23090359320594,1919.3301,2023.1185,1963.0969,1965.5231,27.766785,220.07565307617188,6,"COPDEM30",188
"RGI2000-v7.0-G-18-02927","18","18-01","G171022E43229S",773137,749,"2000-04-13T00:00:00",171.02198952500538,-43.22901,59,0.035346360049972,0,0,0,9,"",0,171.0231751100142,-43.22933176969623,1681.665,1816.1086,1729.691,1735.0548,28.939547,94.61696,3,"COPDEM30",256
"RGI2000-v7.0-G-18-02928","18","18-01","G171015E43217S",773131,749,"2000-04-13T00:00:00",171.01560722377621,-43.2169415,59,0.020905108055547,0,0,0,9,"",0,171.01476087002771,-43.21753135729567,1749.3877,1817.4249,1769.6482,1772.5244,23.390554,209.70428466796875,6,"COPDEM30",186
"RGI2000-v7.0-G-18-02929","18","18-01","G171010E43219S",773123,749,"2000-04-13T00:00:00",171.00957594667832,-43.218461500000004,59,0.084682663992633,0,0,0,9,"",0,171.01103608070758,-43.21947026412398,1675.9252,1894.1951,1762.4788,1772.3165,34.334187,138.95772,4,"COPDEM30",399
"RGI2000-v7.0-G-18-02930","18","18-01","G170996E43301S",773110,749,"2000-04-13T00:00:00",170.9955142375,-43.3025645,59,0.01960088468014,0,0,0,9,"",0,170.99493519761987,-43.30133650652693,2148.5444,2326.4521,2255.6494,2246.181,42.14019,22.991228,2,"COPDEM30",227
"RGI2000-v7.0-G-18-02931","18","18-01","G170991E43307S",773111,749,"2000-04-13T00:00:00",170.99630042348008,-43.3072185,59,0.920532522702658,0,0,0,9,"",0,170.98253739966808,-43.30523884535021,1731.6549,2505.8516,2207.9302,2166.7742,23.07473,277.8549346923828,7,"COPDEM30",2153
"RGI2000-v7.0-G-18-02932","18","18-01","G170985E43313S",773094,749,"2000-04-13T00:00:00",170.9852402079832,-43.3125295,59,0.028902599771259,0,0,0,9,"",0,170.9839705056353,-43.31254013065991,2169.6116,2326.9126,2226.2825,2230.1008,38.96084,318.3474655151367,8,"COPDEM30",273
"RGI2000-v7.0-G-18-02933","18","18-01","G170981E43313S",773090,749,"2000-04-13T00:00:00",170.98152036934155,-43.3142175,59,0.092493515496161,0,0,0,9,"",0,170.98101330350954,-43.31203234006012,2043.0477,2302.4321,2172.8608,2170.7021,31.028656,345.0126495361328,1,"COPDEM30",496
"RGI2000-v7.0-G-18-02934","18","18-01","G170987E43317S",773096,749,"2000-04-13T00:00:00",170.98700925137234,-43.316795,59,0.156333053186593,0,0,0,9,"",0,170.98557138433884,-43.31880273860569,2130.678,2586.5364,2393.1455,2383.4087,42.06159,179.85205,5,"COPDEM30",597
"RGI2000-v7.0-G-18-02935","18","18-01","G170983E43321S",773092,749,"2000-04-13T00:00:00",170.98290469032258,-43.321163,59,0.050050376349341,0,0,0,9,"",0,170.9830116838479,-43.322478727332474,1724.4554,1941.2871,1834.5986,1828.8419,37.420044,157.56258,5,"COPDEM30",338
"RGI2000-v7.0-G-18-02936","18","18-01","G170976E43320S",773084,749,"2000-04-13T00:00:00",170.97541888986012,-43.320418000000004,59,0.043756454088836,0,0,0,9,"",0,170.97734281893943,-43.32182177443205,1986.0918,2258.3364,2140.4858,2129.6936,41.9529,165.66382,5,"COPDEM30",404
"RGI2000-v7.0-G-18-02937","18","18-01","G170969E43322S",773082,749,"2000-04-13T00:00:00",170.97132793488024,-43.3217205,59,0.05493943659486,0,0,0,9,"",0,170.97172589217683,-43.323961822152995,1787.6237,2159.5977,1952.793,1952.0696,38.71536,166.2388,5,"COPDEM30",496
"RGI2000-v7.0-G-18-02938","18","18-01","G170969E43321S",773079,749,"2000-04-13T00:00:00",170.96890673372093,-43.320800500000004,59,0.044312054893555,0,0,0,9,"",0,170.97001640483802,-43.321620442583615,1967.6139,2205.3083,2100.998,2089.766,45.065136,155.55208,4,"COPDEM30",243
"RGI2000-v7.0-G-18-02939","18","18-01","G170981E43303S",773089,749,"2000-04-13T00:00:00",170.98066970629372,-43.3033985,59,0.101048744429555,0,0,0,9,"",0,170.9779524247624,-43.304888797529195,1692.4492,1852.5167,1765.4637,1764.9808,23.976059,188.3814392089844,5,"COPDEM30",537
"RGI2000-v7.0-G-18-02940","18","18-01","G170976E43300S",773085,749,"2000-04-13T00:00:00",170.9758935274869,-43.300134,59,0.011936371739404,0,0,0,9,"",0,170.97666174235462,-43.30039663748379,2058.0898,2126.603,2094.372,2092.7595,27.44866,118.35019,4,"COPDEM30",146
"RGI2000-v7.0-G-18-02941","18","18-01","G171011E43304S",773124,749,"2000-04-13T00:00:00",171.01049729901962,-43.304282,59,0.100834733805004,0,0,0,9,"",0,171.01795553235286,-43.305429800584825,1870.278,2434.2651,2312.7776,2243.6296,36.442863,137.28903,4,"COPDEM30",902
"RGI2000-v7.0-G-18-02942","18","18-01","G171009E43309S",773125,749,"2000-04-13T00:00:00",171.00957658903417,-43.308693500000004,59,0.326877408919705,0,0,0,9,"",0,171.01454199999998,-43.30849283395443,1952.5085,2476.8125,2249.2598,2239.4744,33.77252,90.51985,3,"COPDEM30",841
"RGI2000-v7.0-G-18-02943","18","18-01","G171011E43316S",773127,749,"2000-04-13T00:00:00",171.01197512912884,-43.315268,59,0.452915296581438,0,0,0,9,"",0,171.0165726266138,-43.3153190696602,1790.4896,2477.6326,2117.228,2117.7954,35.093426,92.02779,3,"COPDEM30",1074
"RGI2000-v7.0-G-18-02944","18","18-01","G171012E43321S",773128,749,"2000-04-13T00:00:00",171.01179375655022,-43.3206725,59,0.059155819698106,0,0,0,9,"",0,171.01404227182124,-43.31918592690422,2166.4934,2379.631,2282.6626,2280.9546,35.022972,22.289845,1,"COPDEM30",422
"RGI2000-v7.0-G-18-02945","18","18-01","G170999E43322S",773120,749,"2000-04-13T00:00:00",171.00704857284006,-43.321571,59,1.260287172853899,0,0,0,9,"",0,170.9889000932365,-43.32572695819731,1507.6473,2451.3564,1974.5354,1990.9167,29.555672,217.2914886474609,6,"COPDEM30",2296
"RGI2000-v7.0-G-18-02946","18","18-01","G171009E43327S",773122,749,"2000-04-13T00:00:00",171.00893303225806,-43.32694,59,0.034411391458474,0,0,0,9,"",0,171.00622521272842,-43.327547335022,2120.577,2363.4321,2264.7297,2256.6062,37.05809,232.65533447265625,6,"COPDEM30",338
"RGI2000-v7.0-G-18-02947","18","18-01","G171006E43329S",773118,749,"2000-04-13T00:00:00",171.006459967311,-43.328959499999996,59,0.028059121394875,0,0,0,9,"",0,171.00583614152617,-43.328893371698754,2074.4924,2260.73,2195.224,2182.181,44.30749,308.45921325683594,8,"COPDEM30",244
"RGI2000-v7.0-G-18-02948","18","18-01","G171016E43331S",773129,749,"2000-04-13T00:00:00",171.01293250258905,-43.329764,59,0.336534772944426,0,0,0,9,"",0,171.02204111615447,-43.32811059686455,1874.8523,2423.6301,2140.5059,2141.8176,33.59303,82.06332,3,"COPDEM30",994
"RGI2000-v7.0-G-18-02949","18","18-01","G171015E43324S",773132,749,"2000-04-13T00:00:00",171.01631763231995,-43.3236025,59,0.193788356849668,0,0,0,9,"",0,171.0180680366134,-43.32242464103913,2010.8519,2425.9055,2237.4707,2224.1968,34.900677,81.481064,3,"COPDEM30",712
"RGI2000-v7.0-G-18-02950","18","18-01","G171025E43336S",773139,749,"2000-04-13T00:00:00",171.0251859466951,-43.3354895,59,0.012850390384096,0,0,0,9,"",0,171.02615844822475,-43.33537124172333,2133.6082,2305.9165,2195.385,2209.5479,44.780224,61.66125,2,"COPDEM30",192
"RGI2000-v7.0-G-18-02951","18","18-01","G171025E43342S",773140,749,"2000-04-13T00:00:00",171.02478667301335,-43.341226500000005,59,0.036646363978567,0,0,0,9,"",0,171.0267790090725,-43.34117954767346,2045.3263,2265.5032,2176.8557,2170.514,47.6901,132.37885,4,"COPDEM30",281
"RGI2000-v7.0-G-18-02952","18","18-01","G171021E43346S",773136,749,"2000-04-13T00:00:00",171.01968264928058,-43.345111,59,0.073774944483961,0,0,0,9,"",0,171.02381528001334,-43.34639443338723,1909.4977,2279.0305,2045.738,2059.1643,37.498047,145.15224,4,"COPDEM30",603
"RGI2000-v7.0-G-18-02953","18","18-01","G171007E43343S",773121,749,"2000-04-13T00:00:00",171.00763872720245,-43.3431615,59,1.256307261808862,0,0,0,9,"",0,171.00362828212002,-43.35220368547233,1532.7625,2326.1875,1997.2758,1966.992,23.136847,179.88965,5,"COPDEM30",2661
"RGI2000-v7.0-G-18-02954","18","18-01","G171005E43337S",773117,749,"2000-04-13T00:00:00",171.00471623514832,-43.336552,59,0.057306351617806,0,0,0,9,"",0,171.00584470512493,-43.33729928776744,2404.3416,2634.0059,2541.7305,2537.917,41.64929,142.68307,4,"COPDEM30",249
"RGI2000-v7.0-G-18-02955","18","18-01","G170995E43338S",773112,749,"2000-04-13T00:00:00",170.99585778225807,-43.337753,59,0.04506209812842,0,0,0,9,"",0,170.9965139217203,-43.3357419480607,2216.623,2433.059,2328.8462,2325.1726,36.626427,94.621864,3,"COPDEM30",484
"RGI2000-v7.0-G-18-02956","18","18-01","G170994E43345S",773104,749,"2000-04-13T00:00:00",170.99379617395104,-43.3453175,59,0.236691860524451,0,0,0,9,"",0,170.99497775062636,-43.34835539178281,1834.9949,2430.123,2146.4055,2124.1018,37.986927,145.58315,4,"COPDEM30",833
"RGI2000-v7.0-G-18-02957","18","18-01","G170985E43349S",773095,749,"2000-04-13T00:00:00",170.98477579070948,-43.348907499999996,59,0.089201722574643,0,0,0,9,"",0,170.98644350408594,-43.3484530598493,2303.5266,2621.7205,2431.6997,2437.05,37.09469,84.62616,3,"COPDEM30",422
"RGI2000-v7.0-G-18-02958","18","18-01","G170982E43346S",773093,749,"2000-04-13T00:00:00",170.98264532745236,-43.345603,59,0.029611634576108,0,0,0,9,"",0,170.98008185692981,-43.34560845229316,2223.8457,2379.1829,2298.456,2294.8308,31.44039,259.2046203613281,7,"COPDEM30",359
"RGI2000-v7.0-G-18-02959","18","18-01","G170983E43342S",773091,749,"2000-04-13T00:00:00",170.98214941928865,-43.341686499999994,59,0.044706088126095,0,0,0,9,"",0,170.98195031778997,-43.34107356398901,2180.5608,2348.8928,2220.7378,2231.912,27.006681,288.9640045166016,7,"COPDEM30",326
"RGI2000-v7.0-G-18-02960","18","18-01","G170977E43351S",773088,749,"2000-04-13T00:00:00",170.97858389711934,-43.3512165,59,0.035203395150486,0,0,0,9,"",0,170.97747100000007,-43.350980852493045,2382.4956,2510.281,2451.0352,2448.5498,34.233883,290.0040969848633,7,"COPDEM30",207
"RGI2000-v7.0-G-18-02961","18","18-01","G170975E43355S",773086,749,"2000-04-13T00:00:00",170.97621463765182,-43.354993,59,0.038232324533952,0,0,0,9,"",0,170.97391235181584,-43.355213956978915,2438.6992,2671.0684,2540.6675,2545.87,40.991264,292.67040252685547,8,"COPDEM30",354
"RGI2000-v7.0-G-18-02962","18","18-01","G170969E43357S",773080,749,"2000-04-13T00:00:00",170.96863772175732,-43.356583,59,0.07445404554691,0,0,0,9,"",0,170.96614924764714,-43.357049851596564,2019.2487,2344.4868,2149.4434,2159.9507,36.060383,247.4990005493164,6,"COPDEM30",569
"RGI2000-v7.0-G-18-02963","18","18-01","G170969E43365S",773081,749,"2000-04-13T00:00:00",170.96890389766838,-43.3651165,59,0.034330144059496,0,0,0,9,"",0,170.9701159660254,-43.366089000008884,2142.5005,2399.598,2278.5237,2275.2537,46.477192,157.01935,4,"COPDEM30",262
"RGI2000-v7.0-G-18-02964","18","18-01","G170974E43364S",773083,749,"2000-04-13T00:00:00",170.9727755125571,-43.3646515,59,0.115726041754222,0,0,0,9,"",0,170.97485056368276,-43.36728161566618,1965.6162,2441.6992,2166.7869,2181.034,37.483463,164.55971,5,"COPDEM30",617
"RGI2000-v7.0-G-18-02965","18","18-01","G170980E43368S",773087,749,"2000-04-13T00:00:00",170.9770673273038,-43.3686465,59,1.445136471500667,0,0,0,9,"",0,170.97460397653933,-43.3796769991943,1486.7052,2703.0781,1948.6017,1976.0599,25.41606,190.39291381835932,5,"COPDEM30",2741
"RGI2000-v7.0-G-18-02966","18","18-01","G170966E43368S",773078,749,"2000-04-13T00:00:00",170.96597103159343,-43.367830999999995,59,0.032955910053908,0,0,0,9,"",0,170.966324352882,-43.36896956883564,2107.9688,2291.5742,2183.5454,2187.7258,40.387794,148.25414,4,"COPDEM30",283
"RGI2000-v7.0-G-18-02967","18","18-01","G170989E43363S",773099,749,"2000-04-13T00:00:00",170.98871500827033,-43.362693500000006,59,0.070470187692024,0,0,0,9,"",0,170.99184981951967,-43.36253568543061,2181.9312,2458.682,2319.0107,2316.6077,39.108936,106.034744,3,"COPDEM30",440
"RGI2000-v7.0-G-18-02968","18","18-01","G170994E43364S",773103,749,"2000-04-13T00:00:00",170.99250101882353,-43.360082,59,0.101252557211215,0,0,0,9,"",0,170.99465735473277,-43.361845157346735,2096.1116,2420.5542,2282.859,2274.033,33.95552,127.66169,4,"COPDEM30",470
"RGI2000-v7.0-G-18-02969","18","18-01","G170994E43365S",773105,749,"2000-04-13T00:00:00",170.99350827,-43.364672,59,0.014300610315873,0,0,0,9,"",0,170.99413291471797,-43.36468938382006,2011.5869,2117.2532,2041.2241,2050.1868,30.455309,97.04041,3,"COPDEM30",182
"RGI2000-v7.0-G-18-02970","18","18-01","G170990E43375S",773100,749,"2000-04-13T00:00:00",170.98895380546426,-43.374872999999994,59,0.017528269838295,0,0,0,9,"",0,170.98872732482022,-43.37579965791084,1915.777,2144.8245,2014.9343,2008.6599,47.225246,173.95306,5,"COPDEM30",388
"RGI2000-v7.0-G-18-02971","18","18-01","G170988E43355S",773097,749,"2000-04-13T00:00:00",170.98711166689944,-43.3548665,59,0.665305423276855,0,0,0,9,"",0,170.9927488663794,-43.34928203071339,1946.193,2691.4966,2328.9062,2333.6733,31.19475,73.51126,3,"COPDEM30",1381
"RGI2000-v7.0-G-18-02972","18","18-01","G171033E43342S",773145,749,"2000-04-13T00:00:00",171.033501184098,-43.339526,59,0.023752497418995,0,0,0,9,"",0,171.03369812262153,-43.340343689667854,1885.5966,2007.8033,1933.326,1937.1392,35.397663,201.82432556152344,5,"COPDEM30",224
"RGI2000-v7.0-G-18-02973","18","18-01","G171037E43343S",773147,749,"2000-04-13T00:00:00",171.03688276498738,-43.34185600000001,59,0.01699345751323,0,0,0,9,"",0,171.03673179367067,-43.34253467540959,1855.6958,1993.727,1911.0829,1911.2532,44.184284,220.718017578125,6,"COPDEM30",171
"RGI2000-v7.0-G-18-02974","18","18-01","G171047E43348S",773156,749,"2000-04-13T00:00:00",171.046460221274,-43.348456999999996,59,0.062735913225189,0,0,0,9,"",0,171.04784389564466,-43.34970362873572,1880.0867,2172.1729,1987.0671,1996.4736,38.380474,143.81476,4,"COPDEM30",368
"RGI2000-v7.0-G-18-02975","18","18-01","G170850E43231S",772906,749,"2000-04-13T00:00:00",170.8504435605372,-43.231015,59,0.144754380778807,0,0,0,9,"",0,170.8478295015554,-43.23283156261341,1634.1572,1934.2201,1791.9043,1785.9274,30.692972,191.6520233154297,5,"COPDEM30",635
"RGI2000-v7.0-G-18-02976","18","18-01","G170847E43233S",772896,749,"2000-04-13T00:00:00",170.84511210714285,-43.234513,59,0.198894705329581,0,0,0,9,"",0,170.8498482572224,-43.235590016207176,1497.5194,1829.7316,1581.2325,1585.2374,22.444757,104.12311,3,"COPDEM30",932
"RGI2000-v7.0-G-18-02977","18","18-01","G170841E43232S",772885,749,"2000-04-13T00:00:00",170.8411571904762,-43.232293,59,0.039428971599554,0,0,0,9,"",0,170.84174609145867,-43.2334923345164,1702.1631,1880.0902,1792.482,1794.0228,35.289036,141.00822,4,"COPDEM30",287
"RGI2000-v7.0-G-18-02978","18","18-01","G170821E43180S",772848,749,"2000-04-13T00:00:00",170.82116569759432,-43.1802405,59,0.054493559966094,0,0,0,9,"",0,170.81950797707157,-43.17991222326701,1907.7261,2002.7416,1966.7424,1963.6024,19.302885,205.4120941162109,6,"COPDEM30",176
"RGI2000-v7.0-G-18-02979","18","18-01","G170823E43177S",772851,749,"2000-04-13T00:00:00",170.82247220976114,-43.176163,59,0.069650254566782,0,0,0,9,"",0,170.82496473946097,-43.17506452620208,1845.3025,1977.1339,1920.516,1915.5482,22.597887,105.15896,3,"COPDEM30",489
"RGI2000-v7.0-G-18-02980","18","18-01","G170832E43172S",772867,749,"2000-04-13T00:00:00",170.83205353083125,-43.170859500000006,59,0.037709693635905,0,0,0,9,"",0,170.83111988852303,-43.171678871713276,1888.5565,1932.5731,1905.4609,1906.3363,10.927683,209.5738067626953,6,"COPDEM30",247
"RGI2000-v7.0-G-18-02981","18","18-01","G170806E43177S",772834,749,"2000-04-13T00:00:00",170.8053009682793,-43.1761345,59,0.824219720309246,0,0,0,9,"",0,170.8041230462628,-43.17948570203263,1656.0015,2019.8553,1872.8949,1865.1196,25.96804,190.4043884277344,5,"COPDEM30",1302
"RGI2000-v7.0-G-18-02982","18","18-01","G170765E43184S",772812,749,"2000-04-13T00:00:00",170.76647379853802,-43.1842495,59,0.024896234977305,0,0,0,9,"",0,170.7658307699715,-43.18531555538773,1556.6517,1667.211,1601.4114,1600.3529,21.304955,184.3477478027344,5,"COPDEM30",316
"RGI2000-v7.0-G-18-02983","18","18-01","G170756E43181S",772809,749,"2000-04-13T00:00:00",170.75515975416118,-43.1807825,59,0.019535870203562,0,0,0,9,"",0,170.75312376902465,-43.18144516616647,1748.584,1816.9955,1784.2852,1783.0367,27.004782,174.80092,5,"COPDEM30",229
"RGI2000-v7.0-G-18-02984","18","18-01","G170751E43175S",772807,749,"2000-04-13T00:00:00",170.75069252720832,-43.175115000000005,59,0.011031912809296,0,0,0,9,"",0,170.74999512299226,-43.176000224373055,1727.2136,1794.6769,1759.8611,1759.6221,25.158503,175.29015,5,"COPDEM30",228
"RGI2000-v7.0-G-18-02985","18","18-01","G170746E43175S",772801,749,"2000-04-13T00:00:00",170.74636648975735,-43.174506,59,0.011906724039519,0,0,0,9,"",0,170.7462389180263,-43.17535215873962,1662.4447,1767.8488,1718.686,1717.8962,33.24418,172.24823,5,"COPDEM30",191
"RGI2000-v7.0-G-18-02986","18","18-01","G170747E43174S",772799,749,"2000-04-13T00:00:00",170.744880125,-43.173069999999996,59,0.014347381821572,0,0,0,9,"",0,170.74430667734853,-43.17390170559262,1737.9493,1872.8124,1814.7472,1812.7655,33.6306,212.3793792724609,6,"COPDEM30",242
"RGI2000-v7.0-G-18-02987","18","18-01","G169959E43770S",771759,749,"2000-04-13T00:00:00",169.95868061612023,-43.7702465,59,0.097119217183015,0,0,0,9,"",0,169.9597568128018,-43.77266649001074,1740.769,2033.8605,1863.6693,1867.612,27.8862,230.77316284179688,6,"COPDEM30",602
"RGI2000-v7.0-G-18-02988","18","18-01","G169852E43782S",771617,749,"2000-04-13T00:00:00",169.85158468574554,-43.781249,59,0.027241006938761,0,0,0,9,"",0,169.85277799719327,-43.782913286766465,1295.6305,1504.3237,1384.9781,1383.7167,33.271347,139.3482,4,"COPDEM30",364
"RGI2000-v7.0-G-18-02989","18","18-01","G169472E43858S",771266,749,"2000-04-13T00:00:00",169.4709422077141,-43.8579145,59,0.029060049971357,0,0,0,9,"",0,169.47184920566542,-43.858841032342916,1751.5294,1874.7626,1826.3796,1823.3138,34.99993,200.25927734375,5,"COPDEM30",208
"RGI2000-v7.0-G-18-02990","18","18-01","G169468E43858S",771264,749,"2000-04-13T00:00:00",169.46798534037558,-43.857952499999996,59,0.030616705871288,0,0,0,9,"",0,169.46559203308635,-43.858516548242264,1716.528,1829.7406,1772.4294,1771.8048,41.552345,179.35281,5,"COPDEM30",382
"RGI2000-v7.0-G-18-02991","18","18-01","G169461E43860S",771256,749,"2000-04-13T00:00:00",169.46007691075647,-43.860262500000005,59,0.098396472261519,0,0,0,9,"",0,169.46270807699344,-43.86114500120511,1307.7844,1588.1808,1406.0892,1411.2534,28.38018,135.3157,4,"COPDEM30",580
"RGI2000-v7.0-G-18-02992","18","18-01","G169453E43858S",771247,749,"2000-04-13T00:00:00",169.45377902145432,-43.8571375,59,0.037219457595929,0,0,0,9,"",0,169.4545070176018,-43.858343648878815,1726.3782,1932.5194,1846.7921,1840.1383,36.728874,151.17937,4,"COPDEM30",336
"RGI2000-v7.0-G-18-02993","18","18-01","G169452E43851S",771245,749,"2000-04-13T00:00:00",169.45249689030337,-43.8515635,59,0.031432259295229,0,0,0,9,"",0,169.45212108133637,-43.851575512595076,1845.5017,1964.4595,1909.1775,1904.677,32.5728,270.14927673339844,7,"COPDEM30",341
"RGI2000-v7.0-G-18-02994","18","18-01","G169455E43849S",771248,749,"2000-04-13T00:00:00",169.45468869779583,-43.848861,59,0.016575477168567,0,0,0,9,"",0,169.4562252312678,-43.84946577145097,1761.0294,1842.1472,1794.7899,1796.6483,38.358883,73.36249,3,"COPDEM30",147
"RGI2000-v7.0-G-18-02995","18","18-01","G169452E43847S",771244,749,"2000-04-13T00:00:00",169.45177903,-43.846939500000005,59,0.028505155894788,0,0,0,9,"",0,169.45100227796104,-43.8481104887728,1775.0247,1877.6277,1824.0499,1825.4866,32.016914,252.76020050048828,7,"COPDEM30",162
"RGI2000-v7.0-G-18-02996","18","18-01","G169457E43850S",771254,749,"2000-04-13T00:00:00",169.4588071192009,-43.851866,59,0.017861102278616,0,0,0,9,"",0,169.45917150064523,-43.85134337720202,1682.6753,1813.6412,1714.094,1725.2571,33.45751,49.6158,2,"COPDEM30",118
"RGI2000-v7.0-G-18-02997","18","18-01","G169452E43866S",771243,749,"2000-04-13T00:00:00",169.45113113277336,-43.86383,59,0.033738720073356,0,0,0,9,"",0,169.44828972285103,-43.864621290475576,1718.4247,1927.9537,1813.2117,1822.4695,32.0595,236.14512634277344,6,"COPDEM30",379
"RGI2000-v7.0-G-18-02998","18","18-01","G169453E43866S",771246,749,"2000-04-13T00:00:00",169.4529660651484,-43.865804499999996,59,0.011938212472031,0,0,0,9,"",0,169.45234197860984,-43.86498232237942,1920.693,2012.2957,1964.2131,1967.0149,35.505478,274.69579315185547,7,"COPDEM30",211
"RGI2000-v7.0-G-18-02999","18","18-01","G169457E43867S",771249,749,"2000-04-13T00:00:00",169.45506317364615,-43.8668195,59,0.101976343429729,0,0,0,9,"",0,169.4599516472458,-43.867786156069116,1875.4333,2053.2065,1962.3098,1963.0602,29.927565,56.252064,2,"COPDEM30",414
"RGI2000-v7.0-G-18-03000","18","18-01","G169466E43871S",771261,749,"2000-04-13T00:00:00",169.46547294502074,-43.871133,59,0.016687623713323,0,0,0,9,"",0,169.46622950946733,-43.87178365231367,1683.6301,1817.6212,1735.3748,1742.1045,38.603466,171.6729,5,"COPDEM30",226
"RGI2000-v7.0-G-18-03001","18","18-01","G169457E43876S",771250,749,"2000-04-13T00:00:00",169.45640762571244,-43.8768345,59,0.035709511751511,0,0,0,9,"",0,169.45775513887008,-43.877120818400456,1111.6823,1182.3403,1141.1863,1144.5221,25.4056,158.11368,5,"COPDEM30",268
"RGI2000-v7.0-G-18-03002","18","18-01","G169460E43895S",771253,749,"2000-04-13T00:00:00",169.458295227368,-43.894808,59,0.019326600883799,0,0,0,9,"",0,169.45728734516405,-43.895516695496326,1765.6631,1835.4507,1802.3344,1803.1918,32.252182,168.3452,5,"COPDEM30",192
"RGI2000-v7.0-G-18-03003","18","18-01","G169385E43929S",771229,749,"2000-04-13T00:00:00",169.38408688315232,-43.928865,59,0.028041523056786,0,0,0,9,"",0,169.38462834638847,-43.92973605532244,1806.2698,1922.4604,1872.358,1872.7075,33.49047,167.40375,5,"COPDEM30",200
"RGI2000-v7.0-G-18-03004","18","18-01","G172586E42222S",773333,749,"2000-02-18T00:00:00",172.586273,-42.221827000000005,59,0.014354822787512,0,0,0,9,"",0,172.58720979271027,-42.22098039729027,1957.7373,2037.5165,2007.1085,2003.2988,33.934177,103.56808,3,"COPDEM30",316
"RGI2000-v7.0-G-18-03005","18","18-01","G172588E42220S",773334,749,"2000-02-18T00:00:00",172.58859251724138,-42.218944,59,0.021615283730119,0,0,0,9,"",0,172.59000627701005,-42.218640546377756,1856.09,2029.9529,1930.8706,1931.6628,47.99668,121.793495,4,"COPDEM30",210
"RGI2000-v7.0-G-18-03006","18","18-01","G172741E41950S",773335,749,"2000-02-18T00:00:00",172.74023611664046,-41.950137999999995,59,0.013431954385317,0,0,0,9,"",0,172.73999197614228,-41.95134900041042,1807.689,2049.4072,1904.4208,1911.7673,40.030014,179.41006,5,"COPDEM30",294
"RGI2000-v7.0-G-18-03007","18","18-01","G175554E39293S",773336,749,"2000-03-30T00:00:00",175.55465771523808,-39.292215,60,0.023457093371601,0,0,0,9,"",0,175.55134088406385,-39.292857248592306,2254.7485,2429.5195,2332.4563,2334.3416,27.909107,221.9183349609375,6,"COPDEM30",397
"RGI2000-v7.0-G-18-03008","18","18-01","G175559E39290S",773338,749,"2000-03-30T00:00:00",175.55848138041813,-39.292880499999995,60,0.090410160429388,0,0,0,9,"",0,175.55247217050757,-39.29690446188469,2199.454,2738.4036,2597.0283,2537.493,28.231194,220.41558837890625,6,"COPDEM30",1155
"RGI2000-v7.0-G-18-03009","18","18-01","G175562E39296S",773339,749,"2000-03-30T00:00:00",175.56178661518882,-39.295215,60,0.311725465904295,0,0,0,9,"",0,175.55992362952156,-39.29890000625371,2253.5732,2673.4749,2421.6375,2433.2139,27.741129,197.4017944335937,5,"COPDEM30",856
"RGI2000-v7.0-G-18-03010","18","18-01","G175569E39295S",773344,749,"2000-03-30T00:00:00",175.5691353981607,-39.294945,60,0.073079560686079,0,0,0,9,"",0,175.5734474136903,-39.29628638230281,2234.327,2553.6538,2366.995,2381.1165,31.633753,86.38741,3,"COPDEM30",611
"RGI2000-v7.0-G-18-03011","18","18-01","G175575E39294S",773347,749,"2000-03-30T00:00:00",175.5755199975173,-39.2932335,60,0.015302010624733,0,0,0,9,"",0,175.57620054774065,-39.294053017920206,2186.795,2292.1514,2230.6653,2232.1023,27.150229,154.59875,4,"COPDEM30",214
"RGI2000-v7.0-G-18-03012","18","18-01","G175576E39289S",773346,749,"2000-03-30T00:00:00",175.57577646829432,-39.2891585,60,0.057633580094953,0,0,0,9,"",0,175.57373398878153,-39.29050888021334,2404.3823,2562.9763,2483.8777,2483.3923,27.08262,199.28317260742188,5,"COPDEM30",334
"RGI2000-v7.0-G-18-03013","18","18-01","G175570E39291S",773342,749,"2000-03-30T00:00:00",175.56664802289913,-39.290015,60,0.274635879637534,0,0,0,9,"",0,175.56970510363067,-39.292621737219356,2433.4783,2765.502,2559.4321,2571.1438,26.692326,125.57228,4,"COPDEM30",738
"RGI2000-v7.0-G-18-03014","18","18-01","G175569E39283S",773343,749,"2000-03-30T00:00:00",175.5689444953664,-39.283014,60,0.023410975638913,0,0,0,9,"",0,175.56962685639962,-39.28365795908568,2446.6213,2568.515,2508.6072,2509.1775,37.297577,164.87134,5,"COPDEM30",195
"RGI2000-v7.0-G-18-03015","18","18-01","G175570E39278S",773341,749,"2000-03-30T00:00:00",175.56578403385996,-39.2774645,60,2.716341491231723,0,0,0,9,"",0,175.5811348779696,-39.280597464644934,2171.3057,2707.0815,2582.0383,2533.651,18.429184,144.63971,4,"COPDEM30",2046
"RGI2000-v7.0-G-18-03016","18","18-01","G175557E39271S",773337,749,"2000-03-30T00:00:00",175.55730108387257,-39.2718055,60,0.103897511635107,0,0,0,9,"",0,175.55648008977244,-39.268198948290774,2439.2153,2727.5413,2558.489,2569.4463,29.7839,45.733047,2,"COPDEM30",819
"RGI2000-v7.0-G-18-03017","18","18-01","G175563E39266S",773340,749,"2000-03-30T00:00:00",175.56292341172815,-39.266547,60,0.017146295594944,0,0,0,9,"",0,175.56316017175988,-39.26513039917569,2379.7656,2501.8818,2452.5176,2451.7917,23.5078,2.6843064,1,"COPDEM30",343
"RGI2000-v7.0-G-18-03018","18","18-01","G175576E39265S",773345,749,"2000-03-30T00:00:00",175.57598303412257,-39.264688500000005,60,0.015296474961164,0,0,0,9,"",0,175.5763520587698,-39.264094636532406,2577.2485,2644.0596,2612.0552,2612.6377,22.156124,20.66574,1,"COPDEM30",168
