{
"type": "FeatureCollection",
"name": "RGI2000-v7.0-G-10_north_asia",
"crs": { "type": "name", "properties": { "name": "urn:ogc:def:crs:OGC:1.3:CRS84" } },
"features": [
{ "type": "Feature", "properties": { "rgi_id": "RGI2000-v7.0-G-10-00649", "o1region": "10", "o2region": "10-03", "glims_id": "G145433E65218N", "anlys_id": 423763, "subm_id": 636, "src_date": "2009-08-15T00:00:00", "cenlon": 145.43417917101033, "cenlat": 65.216435, "utm_zone": 55, "area_km2": 0.140498903234551, "primeclass": 0, "conn_lvl": 0, "surge_type": 0, "term_type": 9, "glac_name": "79", "is_rgi6": 1, "termlon": 145.43023933329735, "termlat": 65.217960897193876, "zmin_m": 2111.8872, "zmax_m": 2296.1956, "zmed_m": 2192.4307, "zmean_m": 2193.9292, "slope_deg": 24.389078, "aspect_deg": 340.61617088317871, "aspect_sec": 1, "dem_source": "COPDEM30", "lmax_m": 438 }, "geometry": { "type": "Polygon", "coordinates": [ [ [ 145.436595, 65.218975, 0.0 ], [ 145.436611, 65.218706, 0.0 ], [ 145.437252, 65.218712, 0.0 ], [ 145.437284, 65.218174, 0.0 ], [ 145.437925, 65.218181, 0.0 ], [ 145.438005, 65.216835, 0.0 ], [ 145.438348, 65.216839, 0.0 ], [ 145.438646, 65.216842, 0.0 ], [ 145.438693, 65.216035, 0.0 ], [ 145.438373, 65.216032, 0.0 ], [ 145.438052, 65.216028, 0.0 ], [ 145.438061, 65.215874, 0.0 ], [ 145.438068, 65.215759, 0.0 ], [ 145.437579, 65.215754, 0.0 ], [ 145.436786, 65.215746, 0.0 ], [ 145.436802, 65.215477, 0.0 ], [ 145.436161, 65.21547, 0.0 ], [ 145.436177, 65.215201, 0.0 ], [ 145.435535, 65.215194, 0.0 ], [ 145.435551, 65.214925, 0.0 ], [ 145.43491, 65.214919, 0.0 ], [ 145.434926, 65.214649, 0.0 ], [ 145.433003, 65.214629, 0.0 ], [ 145.432987, 65.214899, 0.0 ], [ 145.431705, 65.214885, 0.0 ], [ 145.431673, 65.215423, 0.0 ], [ 145.430391, 65.21541, 0.0 ], [ 145.430375, 65.215679, 0.0 ], [ 145.429734, 65.215672, 0.0 ], [ 145.429606, 65.217825, 0.0 ], [ 145.430247, 65.217832, 0.0 ], [ 145.430231, 65.218101, 0.0 ], [ 145.433437, 65.218134, 0.0 ], [ 145.433421, 65.218403, 0.0 ], [ 145.434703, 65.218417, 0.0 ], [ 145.434688, 65.218686, 0.0 ], [ 145.43597, 65.218699, 0.0 ], [ 145.435954, 65.218968, 0.0 ], [ 145.436595, 65.218975, 0.0 ] ] ] } },
{ "type": "Feature", "properties": { "rgi_id": "RGI2000-v7.0-G-10-00650", "o1region": "10", "o2region": "10-03", "glims_id": "G145549E65209N", "anlys_id": 423766, "subm_id": 636, "src_date": "2009-08-15T00:00:00", "cenlon": 145.5500408423332, "cenlat": 65.209336, "utm_zone": 55, "area_km2": 0.096372775865339003, "primeclass": 0, "conn_lvl": 0, "surge_type": 0, "term_type": 9, "glac_name": null, "is_rgi6": 1, "termlon": 145.54804677639481, "termlat": 65.21061565404095, "zmin_m": 2239.914, "zmax_m": 2439.7432, "zmed_m": 2355.633, "zmean_m": 2351.7341, "slope_deg": 32.74019, "aspect_deg": 349.20201015472412, "aspect_sec": 1, "dem_source": "COPDEM30", "lmax_m": 307 }, "geometry": { "type": "Polygon", "coordinates": [ [ [ 145.552516, 65.210982, 0.0 ], [ 145.552531, 65.210712, 0.0 ], [ 145.553172, 65.210719, 0.0 ], [ 145.553186, 65.21045, 0.0 ], [ 145.553827, 65.210456, 0.0 ], [ 145.553902, 65.209098, 0.0 ], [ 145.553916, 65.208841, 0.0 ], [ 145.553275, 65.208835, 0.0 ], [ 145.553289, 65.208566, 0.0 ], [ 145.552648, 65.20856, 0.0 ], [ 145.552663, 65.208291, 0.0 ], [ 145.551381, 65.208278, 0.0 ], [ 145.551396, 65.208009, 0.0 ], [ 145.54755, 65.207972, 0.0 ], [ 145.547536, 65.208226, 0.0 ], [ 145.547535, 65.208241, 0.0 ], [ 145.547439, 65.20824, 0.0 ], [ 145.546894, 65.208235, 0.0 ], [ 145.546889, 65.208328, 0.0 ], [ 145.54688, 65.208504, 0.0 ], [ 145.546239, 65.208498, 0.0 ], [ 145.546224, 65.208767, 0.0 ], [ 145.545583, 65.208761, 0.0 ], [ 145.545568, 65.20903, 0.0 ], [ 145.546209, 65.209036, 0.0 ], [ 145.54618, 65.209574, 0.0 ], [ 145.546821, 65.20958, 0.0 ], [ 145.546791, 65.210119, 0.0 ], [ 145.547432, 65.210125, 0.0 ], [ 145.547417, 65.210394, 0.0 ], [ 145.548058, 65.2104, 0.0 ], [ 145.548044, 65.210669, 0.0 ], [ 145.549967, 65.210688, 0.0 ], [ 145.549952, 65.210957, 0.0 ], [ 145.552516, 65.210982, 0.0 ] ] ] } },
{ "type": "Feature", "properties": { "rgi_id": "RGI2000-v7.0-G-10-00651", "o1region": "10", "o2region": "10-03", "glims_id": "G145601E65194N", "anlys_id": 423769, "subm_id": 636, "src_date": "2009-08-15T00:00:00", "cenlon": 145.60088549860723, "cenlat": 65.1937875, "utm_zone": 55, "area_km2": 0.040538418578957, "primeclass": 0, "conn_lvl": 0, "surge_type": 0, "term_type": 9, "glac_name": null, "is_rgi6": 1, "termlon": 145.60338638645257, "termlat": 65.194977176712683, "zmin_m": 2094.9465, "zmax_m": 2183.9407, "zmed_m": 2148.7356, "zmean_m": 2145.6921, "slope_deg": 15.823296, "aspect_deg": 24.25068, "aspect_sec": 2, "dem_source": "COPDEM30", "lmax_m": 341 }, "geometry": { "type": "Polygon", "coordinates": [ [ [ 145.600308, 65.192588, 0.0 ], [ 145.599027, 65.192576, 0.0 ], [ 145.599012, 65.192845, 0.0 ], [ 145.598372, 65.192839, 0.0 ], [ 145.598329, 65.193647, 0.0 ], [ 145.59897, 65.193653, 0.0 ], [ 145.598955, 65.193922, 0.0 ], [ 145.599596, 65.193928, 0.0 ], [ 145.599568, 65.194466, 0.0 ], [ 145.600208, 65.194472, 0.0 ], [ 145.600194, 65.194741, 0.0 ], [ 145.600835, 65.194747, 0.0 ], [ 145.600821, 65.195016, 0.0 ], [ 145.603383, 65.19504, 0.0 ], [ 145.603412, 65.194502, 0.0 ], [ 145.602771, 65.194496, 0.0 ], [ 145.602828, 65.193419, 0.0 ], [ 145.602187, 65.193413, 0.0 ], [ 145.602201, 65.193144, 0.0 ], [ 145.601561, 65.193138, 0.0 ], [ 145.601575, 65.192869, 0.0 ], [ 145.600294, 65.192857, 0.0 ], [ 145.600308, 65.192588, 0.0 ] ] ] } },
{ "type": "Feature", "properties": { "rgi_id": "RGI2000-v7.0-G-10-00652", "o1region": "10", "o2region": "10-03", "glims_id": "G145600E65190N", "anlys_id": 423770, "subm_id": 636, "src_date": "2009-08-15T00:00:00", "cenlon": 145.60178471561338, "cenlat": 65.188886, "utm_zone": 55, "area_km2": 0.29812221374440701, "primeclass": 0, "conn_lvl": 0, "surge_type": 0, "term_type": 9, "glac_name": "73", "is_rgi6": 1, "termlon": 145.60417260617811, "termlat": 65.192227281114114, "zmin_m": 2188.6099, "zmax_m": 2422.3333, "zmed_m": 2311.6633, "zmean_m": 2309.0684, "slope_deg": 18.552814, "aspect_deg": 1.2943627, "aspect_sec": 1, "dem_source": "COPDEM30", "lmax_m": 737 }, "geometry": { "type": "Polygon", "coordinates": [ [ [ 145.604178, 65.192123, 0.0 ], [ 145.60418, 65.192086, 0.0 ], [ 145.60482, 65.192092, 0.0 ], [ 145.604877, 65.191015, 0.0 ], [ 145.605518, 65.191021, 0.0 ], [ 145.605532, 65.190752, 0.0 ], [ 145.606172, 65.190758, 0.0 ], [ 145.606215, 65.189951, 0.0 ], [ 145.606855, 65.189957, 0.0 ], [ 145.606898, 65.189149, 0.0 ], [ 145.607538, 65.189155, 0.0 ], [ 145.607566, 65.188617, 0.0 ], [ 145.608207, 65.188623, 0.0 ], [ 145.608221, 65.188354, 0.0 ], [ 145.608862, 65.18836, 0.0 ], [ 145.60896, 65.186476, 0.0 ], [ 145.60832, 65.18647, 0.0 ], [ 145.608332, 65.186239, 0.0 ], [ 145.608334, 65.186201, 0.0 ], [ 145.608065, 65.186199, 0.0 ], [ 145.607694, 65.186195, 0.0 ], [ 145.607701, 65.186063, 0.0 ], [ 145.607708, 65.185926, 0.0 ], [ 145.606427, 65.185914, 0.0 ], [ 145.606441, 65.185645, 0.0 ], [ 145.603362, 65.185617, 0.0 ], [ 145.603239, 65.185616, 0.0 ], [ 145.603225, 65.185885, 0.0 ], [ 145.602584, 65.185879, 0.0 ], [ 145.60257, 65.186148, 0.0 ], [ 145.60193, 65.186142, 0.0 ], [ 145.601873, 65.187218, 0.0 ], [ 145.601232, 65.187212, 0.0 ], [ 145.601218, 65.187481, 0.0 ], [ 145.599937, 65.187469, 0.0 ], [ 145.599951, 65.1872, 0.0 ], [ 145.599311, 65.187194, 0.0 ], [ 145.599325, 65.186925, 0.0 ], [ 145.598685, 65.186919, 0.0 ], [ 145.598699, 65.18665, 0.0 ], [ 145.596778, 65.186632, 0.0 ], [ 145.596749, 65.18717, 0.0 ], [ 145.596109, 65.187164, 0.0 ], [ 145.596094, 65.187433, 0.0 ], [ 145.595454, 65.187428, 0.0 ], [ 145.595397, 65.188504, 0.0 ], [ 145.596037, 65.18851, 0.0 ], [ 145.595995, 65.189317, 0.0 ], [ 145.596635, 65.189323, 0.0 ], [ 145.596607, 65.189861, 0.0 ], [ 145.595966, 65.189855, 0.0 ], [ 145.595938, 65.190394, 0.0 ], [ 145.596578, 65.1904, 0.0 ], [ 145.59655, 65.190938, 0.0 ], [ 145.597831, 65.19095, 0.0 ], [ 145.597845, 65.190681, 0.0 ], [ 145.599767, 65.190699, 0.0 ], [ 145.599752, 65.190968, 0.0 ], [ 145.600393, 65.190974, 0.0 ], [ 145.600379, 65.191243, 0.0 ], [ 145.601019, 65.191249, 0.0 ], [ 145.601005, 65.191518, 0.0 ], [ 145.601646, 65.191524, 0.0 ], [ 145.601632, 65.191793, 0.0 ], [ 145.602272, 65.191799, 0.0 ], [ 145.602258, 65.192068, 0.0 ], [ 145.602899, 65.192074, 0.0 ], [ 145.602884, 65.192343, 0.0 ], [ 145.604166, 65.192355, 0.0 ], [ 145.604178, 65.192123, 0.0 ] ] ] } },
{ "type": "Feature", "properties": { "rgi_id": "RGI2000-v7.0-G-10-00653", "o1region": "10", "o2region": "10-03", "glims_id": "G145568E65107N", "anlys_id": 423768, "subm_id": 636, "src_date": "2009-08-15T00:00:00", "cenlon": 145.56995909386617, "cenlat": 65.107629, "utm_zone": 55, "area_km2": 0.27736629942435198, "primeclass": 0, "conn_lvl": 0, "surge_type": 0, "term_type": 9, "glac_name": "84", "is_rgi6": 1, "termlon": 145.56497875381808, "termlat": 65.111130748847444, "zmin_m": 2203.628, "zmax_m": 2546.6133, "zmed_m": 2375.9346, "zmean_m": 2378.2827, "slope_deg": 23.135298, "aspect_deg": 359.38923853635788, "aspect_sec": 1, "dem_source": "COPDEM30", "lmax_m": 921 }, "geometry": { "type": "Polygon", "coordinates": [ [ [ 145.568806, 65.111252, 0.0 ], [ 145.56882, 65.110983, 0.0 ], [ 145.569459, 65.110989, 0.0 ], [ 145.569473, 65.11072, 0.0 ], [ 145.570112, 65.110726, 0.0 ], [ 145.570155, 65.109919, 0.0 ], [ 145.570794, 65.109925, 0.0 ], [ 145.570809, 65.109656, 0.0 ], [ 145.571447, 65.109662, 0.0 ], [ 145.571476, 65.109124, 0.0 ], [ 145.572115, 65.10913, 0.0 ], [ 145.572143, 65.108592, 0.0 ], [ 145.572782, 65.108598, 0.0 ], [ 145.572825, 65.107791, 0.0 ], [ 145.573464, 65.107797, 0.0 ], [ 145.573478, 65.107528, 0.0 ], [ 145.574117, 65.107534, 0.0 ], [ 145.574218, 65.10565, 0.0 ], [ 145.574856, 65.105656, 0.0 ], [ 145.574871, 65.105387, 0.0 ], [ 145.576148, 65.105399, 0.0 ], [ 145.576133, 65.105668, 0.0 ], [ 145.576772, 65.105674, 0.0 ], [ 145.576786, 65.105405, 0.0 ], [ 145.577425, 65.105411, 0.0 ], [ 145.577468, 65.104604, 0.0 ], [ 145.576829, 65.104598, 0.0 ], [ 145.576844, 65.104329, 0.0 ], [ 145.575567, 65.104317, 0.0 ], [ 145.575581, 65.104048, 0.0 ], [ 145.573798, 65.104031, 0.0 ], [ 145.569197, 65.103987, 0.0 ], [ 145.569194, 65.104043, 0.0 ], [ 145.569182, 65.104256, 0.0 ], [ 145.567905, 65.104244, 0.0 ], [ 145.567891, 65.104513, 0.0 ], [ 145.567252, 65.104507, 0.0 ], [ 145.567107, 65.107198, 0.0 ], [ 145.566469, 65.107192, 0.0 ], [ 145.56644, 65.10773, 0.0 ], [ 145.565801, 65.107724, 0.0 ], [ 145.565787, 65.107993, 0.0 ], [ 145.565148, 65.107987, 0.0 ], [ 145.565119, 65.108525, 0.0 ], [ 145.564481, 65.108519, 0.0 ], [ 145.564423, 65.109595, 0.0 ], [ 145.563784, 65.109589, 0.0 ], [ 145.563755, 65.110127, 0.0 ], [ 145.564394, 65.110133, 0.0 ], [ 145.56435, 65.11094, 0.0 ], [ 145.564989, 65.110947, 0.0 ], [ 145.564974, 65.111216, 0.0 ], [ 145.568806, 65.111252, 0.0 ] ] ] } },
{ "type": "Feature", "properties": { "rgi_id": "RGI2000-v7.0-G-10-00654", "o1region": "10", "o2region": "10-03", "glims_id": "G145556E65106N", "anlys_id": 423767, "subm_id": 636, "src_date": "2009-08-15T00:00:00", "cenlon": 145.55726837739076, "cenlat": 65.1060265, "utm_zone": 55, "area_km2": 0.18103508847810401, "primeclass": 0, "conn_lvl": 0, "surge_type": 0, "term_type": 9, "glac_name": "85", "is_rgi6": 1, "termlon": 145.5538944687049, "termlat": 65.108955275073512, "zmin_m": 2047.6985, "zmax_m": 2447.835, "zmed_m": 2229.8699, "zmean_m": 2238.7205, "slope_deg": 27.471725, "aspect_deg": 335.775146484375, "aspect_sec": 8, "dem_source": "COPDEM30", "lmax_m": 837 }, "geometry": { "type": "Polygon", "coordinates": [ [ [ 145.55615, 65.108977, 0.0 ], [ 145.556165, 65.108708, 0.0 ], [ 145.556803, 65.108714, 0.0 ], [ 145.556818, 65.108445, 0.0 ], [ 145.557456, 65.108451, 0.0 ], [ 145.557486, 65.107913, 0.0 ], [ 145.558124, 65.107919, 0.0 ], [ 145.558139, 65.10765, 0.0 ], [ 145.558777, 65.107656, 0.0 ], [ 145.558806, 65.107118, 0.0 ], [ 145.559445, 65.107124, 0.0 ], [ 145.559474, 65.106586, 0.0 ], [ 145.560113, 65.106592, 0.0 ], [ 145.560185, 65.105247, 0.0 ], [ 145.560824, 65.105253, 0.0 ], [ 145.560838, 65.104984, 0.0 ], [ 145.561477, 65.10499, 0.0 ], [ 145.561506, 65.104452, 0.0 ], [ 145.562144, 65.104458, 0.0 ], [ 145.562173, 65.10392, 0.0 ], [ 145.562812, 65.103926, 0.0 ], [ 145.562826, 65.103657, 0.0 ], [ 145.563465, 65.103663, 0.0 ], [ 145.563479, 65.103394, 0.0 ], [ 145.564118, 65.1034, 0.0 ], [ 145.564132, 65.103131, 0.0 ], [ 145.563494, 65.103124, 0.0 ], [ 145.563504, 65.102938, 0.0 ], [ 145.563509, 65.102855, 0.0 ], [ 145.563073, 65.102851, 0.0 ], [ 145.561593, 65.102837, 0.0 ], [ 145.561605, 65.102627, 0.0 ], [ 145.561608, 65.102568, 0.0 ], [ 145.561055, 65.102563, 0.0 ], [ 145.559054, 65.102543, 0.0 ], [ 145.559039, 65.102812, 0.0 ], [ 145.557124, 65.102794, 0.0 ], [ 145.55711, 65.103063, 0.0 ], [ 145.556471, 65.103057, 0.0 ], [ 145.556427, 65.103864, 0.0 ], [ 145.555789, 65.103858, 0.0 ], [ 145.55576, 65.104396, 0.0 ], [ 145.555121, 65.10439, 0.0 ], [ 145.555063, 65.105467, 0.0 ], [ 145.554424, 65.10546, 0.0 ], [ 145.554337, 65.107075, 0.0 ], [ 145.553698, 65.107069, 0.0 ], [ 145.553596, 65.108952, 0.0 ], [ 145.554234, 65.108959, 0.0 ], [ 145.55422, 65.109228, 0.0 ], [ 145.554858, 65.109234, 0.0 ], [ 145.554873, 65.108965, 0.0 ], [ 145.55615, 65.108977, 0.0 ] ] ] } },
{ "type": "Feature", "properties": { "rgi_id": "RGI2000-v7.0-G-10-00655", "o1region": "10", "o2region": "10-03", "glims_id": "G145543E65103N", "anlys_id": 423765, "subm_id": 636, "src_date": "2009-08-15T00:00:00", "cenlon": 145.54436313605947, "cenlat": 65.102536, "utm_zone": 55, "area_km2": 0.036919215276082003, "primeclass": 0, "conn_lvl": 0, "surge_type": 0, "term_type": 9, "glac_name": "86", "is_rgi6": 1, "termlon": 145.54109211582403, "termlat": 65.103947056587486, "zmin_m": 2081.5537, "zmax_m": 2233.2944, "zmed_m": 2174.7178, "zmean_m": 2167.4265, "slope_deg": 22.091118, "aspect_deg": 322.06088638305664, "aspect_sec": 8, "dem_source": "COPDEM30", "lmax_m": 399 }, "geometry": { "type": "Polygon", "coordinates": [ [ [ 145.541728, 65.103991, 0.0 ], [ 145.541743, 65.103722, 0.0 ], [ 145.542381, 65.103728, 0.0 ], [ 145.542411, 65.10319, 0.0 ], [ 145.543049, 65.103196, 0.0 ], [ 145.543064, 65.102927, 0.0 ], [ 145.544341, 65.10294, 0.0 ], [ 145.544356, 65.102671, 0.0 ], [ 145.545633, 65.102683, 0.0 ], [ 145.545647, 65.102414, 0.0 ], [ 145.546286, 65.10242, 0.0 ], [ 145.546315, 65.101882, 0.0 ], [ 145.546953, 65.101888, 0.0 ], [ 145.546983, 65.10135, 0.0 ], [ 145.546344, 65.101344, 0.0 ], [ 145.546359, 65.101075, 0.0 ], [ 145.543806, 65.10105, 0.0 ], [ 145.543791, 65.101319, 0.0 ], [ 145.543152, 65.101313, 0.0 ], [ 145.543079, 65.102658, 0.0 ], [ 145.54244, 65.102652, 0.0 ], [ 145.542426, 65.102921, 0.0 ], [ 145.541787, 65.102915, 0.0 ], [ 145.541772, 65.103184, 0.0 ], [ 145.541134, 65.103178, 0.0 ], [ 145.541119, 65.103447, 0.0 ], [ 145.540481, 65.103441, 0.0 ], [ 145.540466, 65.10371, 0.0 ], [ 145.541105, 65.103716, 0.0 ], [ 145.54109, 65.103985, 0.0 ], [ 145.541728, 65.103991, 0.0 ] ] ] } },
{ "type": "Feature", "properties": { "rgi_id": "RGI2000-v7.0-G-10-00656", "o1region": "10", "o2region": "10-03", "glims_id": "G145494E65107N", "anlys_id": 423764, "subm_id": 636, "src_date": "2009-08-15T00:00:00", "cenlon": 145.49720474855877, "cenlat": 65.1062405, "utm_zone": 55, "area_km2": 0.1143832212401, "primeclass": 0, "conn_lvl": 0, "surge_type": 0, "term_type": 9, "glac_name": "87", "is_rgi6": 1, "termlon": 145.49591983464506, "termlat": 65.109192500896953, "zmin_m": 2141.7463, "zmax_m": 2454.4395, "zmed_m": 2358.1492, "zmean_m": 2347.0994, "slope_deg": 23.207167, "aspect_deg": 4.719718, "aspect_sec": 1, "dem_source": "COPDEM30", "lmax_m": 669 }, "geometry": { "type": "Polygon", "coordinates": [ [ [ 145.496718, 65.1092, 0.0 ], [ 145.496764, 65.108393, 0.0 ], [ 145.497402, 65.1084, 0.0 ], [ 145.497433, 65.107861, 0.0 ], [ 145.498071, 65.107868, 0.0 ], [ 145.498102, 65.10733, 0.0 ], [ 145.49874, 65.107336, 0.0 ], [ 145.498786, 65.106529, 0.0 ], [ 145.499424, 65.106535, 0.0 ], [ 145.49947, 65.105728, 0.0 ], [ 145.498831, 65.105721, 0.0 ], [ 145.498892, 65.104645, 0.0 ], [ 145.498253, 65.104639, 0.0 ], [ 145.498299, 65.103831, 0.0 ], [ 145.497661, 65.103825, 0.0 ], [ 145.497676, 65.103556, 0.0 ], [ 145.497037, 65.10355, 0.0 ], [ 145.497052, 65.10328, 0.0 ], [ 145.495776, 65.103268, 0.0 ], [ 145.49576, 65.103537, 0.0 ], [ 145.494484, 65.103524, 0.0 ], [ 145.494468, 65.103793, 0.0 ], [ 145.493275, 65.103781, 0.0 ], [ 145.493191, 65.10378, 0.0 ], [ 145.49319, 65.103811, 0.0 ], [ 145.493176, 65.104049, 0.0 ], [ 145.492647, 65.104044, 0.0 ], [ 145.492538, 65.104043, 0.0 ], [ 145.492535, 65.104092, 0.0 ], [ 145.492492, 65.10485, 0.0 ], [ 145.493131, 65.104857, 0.0 ], [ 145.4931, 65.105395, 0.0 ], [ 145.493739, 65.105401, 0.0 ], [ 145.493723, 65.10567, 0.0 ], [ 145.494362, 65.105677, 0.0 ], [ 145.494347, 65.105946, 0.0 ], [ 145.494985, 65.105952, 0.0 ], [ 145.494909, 65.107298, 0.0 ], [ 145.495547, 65.107304, 0.0 ], [ 145.495502, 65.108111, 0.0 ], [ 145.49614, 65.108118, 0.0 ], [ 145.49611, 65.108656, 0.0 ], [ 145.495471, 65.108649, 0.0 ], [ 145.495441, 65.109188, 0.0 ], [ 145.496718, 65.1092, 0.0 ] ] ] } },
{ "type": "Feature", "properties": { "rgi_id": "RGI2000-v7.0-G-10-00657", "o1region": "10", "o2region": "10-03", "glims_id": "G145840E65182N", "anlys_id": 423774, "subm_id": 636, "src_date": "2009-08-15T00:00:00", "cenlon": 145.83891857481413, "cenlat": 65.1807865, "utm_zone": 55, "area_km2": 0.15490612406703, "primeclass": 0, "conn_lvl": 0, "surge_type": 0, "term_type": 9, "glac_name": "56", "is_rgi6": 1, "termlon": 145.83979887874884, "termlat": 65.183590337387599, "zmin_m": 2118.5154, "zmax_m": 2494.7805, "zmed_m": 2296.5615, "zmean_m": 2305.7046, "slope_deg": 32.44347, "aspect_deg": 2.2587972, "aspect_sec": 1, "dem_source": "COPDEM30", "lmax_m": 742 }, "geometry": { "type": "Polygon", "coordinates": [ [ [ 145.842318, 65.18361, 0.0 ], [ 145.84233, 65.183341, 0.0 ], [ 145.842971, 65.183346, 0.0 ], [ 145.843018, 65.182269, 0.0 ], [ 145.843658, 65.182274, 0.0 ], [ 145.843717, 65.180929, 0.0 ], [ 145.844357, 65.180934, 0.0 ], [ 145.844369, 65.180665, 0.0 ], [ 145.845009, 65.18067, 0.0 ], [ 145.845056, 65.179593, 0.0 ], [ 145.845344, 65.179595, 0.0 ], [ 145.846337, 65.179603, 0.0 ], [ 145.846325, 65.179872, 0.0 ], [ 145.846965, 65.179877, 0.0 ], [ 145.846954, 65.180146, 0.0 ], [ 145.847594, 65.180151, 0.0 ], [ 145.847582, 65.18042, 0.0 ], [ 145.848223, 65.180425, 0.0 ], [ 145.848211, 65.180694, 0.0 ], [ 145.848851, 65.180699, 0.0 ], [ 145.848863, 65.18043, 0.0 ], [ 145.849503, 65.180435, 0.0 ], [ 145.849515, 65.180166, 0.0 ], [ 145.850155, 65.180171, 0.0 ], [ 145.850167, 65.179901, 0.0 ], [ 145.850808, 65.179906, 0.0 ], [ 145.850842, 65.179099, 0.0 ], [ 145.850202, 65.179094, 0.0 ], [ 145.850237, 65.178287, 0.0 ], [ 145.849597, 65.178282, 0.0 ], [ 145.849609, 65.178013, 0.0 ], [ 145.847558, 65.177997, 0.0 ], [ 145.846407, 65.177988, 0.0 ], [ 145.846398, 65.178189, 0.0 ], [ 145.846395, 65.178257, 0.0 ], [ 145.84626, 65.178256, 0.0 ], [ 145.845755, 65.178252, 0.0 ], [ 145.845743, 65.178521, 0.0 ], [ 145.844463, 65.178512, 0.0 ], [ 145.844451, 65.178781, 0.0 ], [ 145.843811, 65.178776, 0.0 ], [ 145.843775, 65.179583, 0.0 ], [ 145.843135, 65.179578, 0.0 ], [ 145.843123, 65.179847, 0.0 ], [ 145.842483, 65.179842, 0.0 ], [ 145.842436, 65.180919, 0.0 ], [ 145.841796, 65.180914, 0.0 ], [ 145.841784, 65.181183, 0.0 ], [ 145.841143, 65.181178, 0.0 ], [ 145.841108, 65.181986, 0.0 ], [ 145.840468, 65.181981, 0.0 ], [ 145.840456, 65.18225, 0.0 ], [ 145.839816, 65.182245, 0.0 ], [ 145.839827, 65.181976, 0.0 ], [ 145.839187, 65.181971, 0.0 ], [ 145.83921, 65.181432, 0.0 ], [ 145.839851, 65.181437, 0.0 ], [ 145.839874, 65.180899, 0.0 ], [ 145.840515, 65.180904, 0.0 ], [ 145.840538, 65.180366, 0.0 ], [ 145.839898, 65.180361, 0.0 ], [ 145.83991, 65.180092, 0.0 ], [ 145.839269, 65.180087, 0.0 ], [ 145.839258, 65.180356, 0.0 ], [ 145.838617, 65.180351, 0.0 ], [ 145.838605, 65.18062, 0.0 ], [ 145.837325, 65.18061, 0.0 ], [ 145.837313, 65.180879, 0.0 ], [ 145.836672, 65.180874, 0.0 ], [ 145.836637, 65.181682, 0.0 ], [ 145.837277, 65.181687, 0.0 ], [ 145.837254, 65.182225, 0.0 ], [ 145.837894, 65.18223, 0.0 ], [ 145.837871, 65.182768, 0.0 ], [ 145.838511, 65.182773, 0.0 ], [ 145.838488, 65.183311, 0.0 ], [ 145.839128, 65.183316, 0.0 ], [ 145.839116, 65.183585, 0.0 ], [ 145.842318, 65.18361, 0.0 ] ] ] } },
{ "type": "Feature", "properties": { "rgi_id": "RGI2000-v7.0-G-10-00658", "o1region": "10", "o2region": "10-03", "glims_id": "G145868E65179N", "anlys_id": 423777, "subm_id": 636, "src_date": "2009-08-15T00:00:00", "cenlon": 145.86750860376753, "cenlat": 65.1788195, "utm_zone": 55, "area_km2": 0.084662833308492003, "primeclass": 0, "conn_lvl": 0, "surge_type": 0, "term_type": 9, "glac_name": "55", "is_rgi6": 1, "termlon": 145.86527667417428, "termlat": 65.181631519389882, "zmin_m": 1926.9988, "zmax_m": 2210.0835, "zmed_m": 2013.2761, "zmean_m": 2025.8027, "slope_deg": 22.688595, "aspect_deg": 350.32199382781982, "aspect_sec": 1, "dem_source": "COPDEM30", "lmax_m": 652 }, "geometry": { "type": "Polygon", "coordinates": [ [ [ 145.866107, 65.181638, 0.0 ], [ 145.866119, 65.181369, 0.0 ], [ 145.866759, 65.181374, 0.0 ], [ 145.866782, 65.180835, 0.0 ], [ 145.867422, 65.18084, 0.0 ], [ 145.867434, 65.180571, 0.0 ], [ 145.868074, 65.180576, 0.0 ], [ 145.868097, 65.180038, 0.0 ], [ 145.868738, 65.180043, 0.0 ], [ 145.868761, 65.179504, 0.0 ], [ 145.869401, 65.179509, 0.0 ], [ 145.869447, 65.178433, 0.0 ], [ 145.868807, 65.178428, 0.0 ], [ 145.868818, 65.178159, 0.0 ], [ 145.868178, 65.178154, 0.0 ], [ 145.868189, 65.177885, 0.0 ], [ 145.867549, 65.17788, 0.0 ], [ 145.867629, 65.175996, 0.0 ], [ 145.866349, 65.175986, 0.0 ], [ 145.866326, 65.176525, 0.0 ], [ 145.865685, 65.17652, 0.0 ], [ 145.86557, 65.179211, 0.0 ], [ 145.86493, 65.179206, 0.0 ], [ 145.864919, 65.179475, 0.0 ], [ 145.864278, 65.17947, 0.0 ], [ 145.864198, 65.181354, 0.0 ], [ 145.864838, 65.181359, 0.0 ], [ 145.864826, 65.181628, 0.0 ], [ 145.866107, 65.181638, 0.0 ] ] ] } },
{ "type": "Feature", "properties": { "rgi_id": "RGI2000-v7.0-G-10-00659", "o1region": "10", "o2region": "10-03", "glims_id": "G145883E65189N", "anlys_id": 423780, "subm_id": 636, "src_date": "2009-08-15T00:00:00", "cenlon": 145.88345215303593, "cenlat": 65.188092, "utm_zone": 55, "area_km2": 0.108994585083206, "primeclass": 0, "conn_lvl": 0, "surge_type": 0, "term_type": 9, "glac_name": "57", "is_rgi6": 1, "termlon": 145.88758173525429, "termlat": 65.188932847183068, "zmin_m": 2257.4717, "zmax_m": 2549.6958, "zmed_m": 2431.7266, "zmean_m": 2422.4116, "slope_deg": 25.904991, "aspect_deg": 47.61478, "aspect_sec": 2, "dem_source": "COPDEM30", "lmax_m": 485 }, "geometry": { "type": "Polygon", "coordinates": [ [ [ 145.886924, 65.189332, 0.0 ], [ 145.886936, 65.189062, 0.0 ], [ 145.887576, 65.189067, 0.0 ], [ 145.887599, 65.188529, 0.0 ], [ 145.886958, 65.188524, 0.0 ], [ 145.88697, 65.188255, 0.0 ], [ 145.886329, 65.18825, 0.0 ], [ 145.88634, 65.187981, 0.0 ], [ 145.8857, 65.187976, 0.0 ], [ 145.885711, 65.187707, 0.0 ], [ 145.885071, 65.187703, 0.0 ], [ 145.885105, 65.186895, 0.0 ], [ 145.885745, 65.1869, 0.0 ], [ 145.885768, 65.186362, 0.0 ], [ 145.886408, 65.186366, 0.0 ], [ 145.886431, 65.185828, 0.0 ], [ 145.88579, 65.185823, 0.0 ], [ 145.885802, 65.185554, 0.0 ], [ 145.885287, 65.18555, 0.0 ], [ 145.884521, 65.185545, 0.0 ], [ 145.884509, 65.185814, 0.0 ], [ 145.883869, 65.185809, 0.0 ], [ 145.883844, 65.186396, 0.0 ], [ 145.883835, 65.186617, 0.0 ], [ 145.88338, 65.186613, 0.0 ], [ 145.883194, 65.186612, 0.0 ], [ 145.88319, 65.186724, 0.0 ], [ 145.883183, 65.186881, 0.0 ], [ 145.882951, 65.186879, 0.0 ], [ 145.881902, 65.186871, 0.0 ], [ 145.88189, 65.18714, 0.0 ], [ 145.88125, 65.187136, 0.0 ], [ 145.881239, 65.187405, 0.0 ], [ 145.880598, 65.1874, 0.0 ], [ 145.880564, 65.188207, 0.0 ], [ 145.879923, 65.188203, 0.0 ], [ 145.879889, 65.18901, 0.0 ], [ 145.879249, 65.189005, 0.0 ], [ 145.879226, 65.189533, 0.0 ], [ 145.879226, 65.189544, 0.0 ], [ 145.879214, 65.189543, 0.0 ], [ 145.878585, 65.189539, 0.0 ], [ 145.878551, 65.190346, 0.0 ], [ 145.879042, 65.19035, 0.0 ], [ 145.879192, 65.190351, 0.0 ], [ 145.879183, 65.190551, 0.0 ], [ 145.87918, 65.19062, 0.0 ], [ 145.879233, 65.19062, 0.0 ], [ 145.879821, 65.190625, 0.0 ], [ 145.879832, 65.190356, 0.0 ], [ 145.880473, 65.19036, 0.0 ], [ 145.880484, 65.190091, 0.0 ], [ 145.881125, 65.190096, 0.0 ], [ 145.881136, 65.189827, 0.0 ], [ 145.882418, 65.189837, 0.0 ], [ 145.882429, 65.189567, 0.0 ], [ 145.884351, 65.189582, 0.0 ], [ 145.884362, 65.189313, 0.0 ], [ 145.886924, 65.189332, 0.0 ] ] ] } },
{ "type": "Feature", "properties": { "rgi_id": "RGI2000-v7.0-G-10-00660", "o1region": "10", "o2region": "10-03", "glims_id": "G145885E65201N", "anlys_id": 423781, "subm_id": 636, "src_date": "2009-08-15T00:00:00", "cenlon": 145.88673058940162, "cenlat": 65.201579, "utm_zone": 55, "area_km2": 0.238665272997616, "primeclass": 0, "conn_lvl": 0, "surge_type": 0, "term_type": 9, "glac_name": "48", "is_rgi6": 1, "termlon": 145.89523367166061, "termlat": 65.205213507614388, "zmin_m": 1899.9513, "zmax_m": 2086.9607, "zmed_m": 2046.605, "zmean_m": 2029.1754, "slope_deg": 9.918159, "aspect_deg": 18.213161, "aspect_sec": 1, "dem_source": "COPDEM30", "lmax_m": 960 }, "geometry": { "type": "Polygon", "coordinates": [ [ [ 145.888395, 65.200111, 0.0 ], [ 145.88844, 65.199034, 0.0 ], [ 145.889081, 65.199039, 0.0 ], [ 145.889115, 65.198232, 0.0 ], [ 145.887833, 65.198222, 0.0 ], [ 145.887844, 65.197953, 0.0 ], [ 145.885745, 65.197938, 0.0 ], [ 145.884, 65.197925, 0.0 ], [ 145.883996, 65.198016, 0.0 ], [ 145.883988, 65.198194, 0.0 ], [ 145.883347, 65.198189, 0.0 ], [ 145.883336, 65.198458, 0.0 ], [ 145.881414, 65.198444, 0.0 ], [ 145.881402, 65.198713, 0.0 ], [ 145.880761, 65.198708, 0.0 ], [ 145.88075, 65.198977, 0.0 ], [ 145.881391, 65.198982, 0.0 ], [ 145.881368, 65.19952, 0.0 ], [ 145.880727, 65.199515, 0.0 ], [ 145.880693, 65.200323, 0.0 ], [ 145.881334, 65.200328, 0.0 ], [ 145.881311, 65.200866, 0.0 ], [ 145.881952, 65.200871, 0.0 ], [ 145.881941, 65.20114, 0.0 ], [ 145.882582, 65.201145, 0.0 ], [ 145.88257, 65.201414, 0.0 ], [ 145.883852, 65.201423, 0.0 ], [ 145.883796, 65.202769, 0.0 ], [ 145.884437, 65.202774, 0.0 ], [ 145.884414, 65.203312, 0.0 ], [ 145.885696, 65.203321, 0.0 ], [ 145.885684, 65.20359, 0.0 ], [ 145.887607, 65.203605, 0.0 ], [ 145.887596, 65.203874, 0.0 ], [ 145.888878, 65.203883, 0.0 ], [ 145.888867, 65.204152, 0.0 ], [ 145.890148, 65.204162, 0.0 ], [ 145.890137, 65.204431, 0.0 ], [ 145.890778, 65.204436, 0.0 ], [ 145.890767, 65.204705, 0.0 ], [ 145.892049, 65.204714, 0.0 ], [ 145.892038, 65.204983, 0.0 ], [ 145.893319, 65.204993, 0.0 ], [ 145.893308, 65.205262, 0.0 ], [ 145.895231, 65.205276, 0.0 ], [ 145.895254, 65.204738, 0.0 ], [ 145.894613, 65.204733, 0.0 ], [ 145.894624, 65.204464, 0.0 ], [ 145.893983, 65.204459, 0.0 ], [ 145.893994, 65.20419, 0.0 ], [ 145.893353, 65.204186, 0.0 ], [ 145.893364, 65.203916, 0.0 ], [ 145.892723, 65.203912, 0.0 ], [ 145.892735, 65.203643, 0.0 ], [ 145.892094, 65.203638, 0.0 ], [ 145.892116, 65.2031, 0.0 ], [ 145.891475, 65.203095, 0.0 ], [ 145.891498, 65.202557, 0.0 ], [ 145.890857, 65.202552, 0.0 ], [ 145.890868, 65.202283, 0.0 ], [ 145.890227, 65.202278, 0.0 ], [ 145.89025, 65.20174, 0.0 ], [ 145.889609, 65.201735, 0.0 ], [ 145.889632, 65.201197, 0.0 ], [ 145.888991, 65.201192, 0.0 ], [ 145.889036, 65.200116, 0.0 ], [ 145.888395, 65.200111, 0.0 ] ] ] } },
{ "type": "Feature", "properties": { "rgi_id": "RGI2000-v7.0-G-10-00661", "o1region": "10", "o2region": "10-03", "glims_id": "G145869E65209N", "anlys_id": 423778, "subm_id": 636, "src_date": "2009-08-15T00:00:00", "cenlon": 145.86920705731569, "cenlat": 65.2065945, "utm_zone": 55, "area_km2": 0.10268271356372299, "primeclass": 0, "conn_lvl": 0, "surge_type": 0, "term_type": 9, "glac_name": "48A", "is_rgi6": 1, "termlon": 145.8770543960924, "termlat": 65.207564111691823, "zmin_m": 2201.512, "zmax_m": 2542.254, "zmed_m": 2421.1035, "zmean_m": 2410.2397, "slope_deg": 31.77479, "aspect_deg": 51.69509, "aspect_sec": 2, "dem_source": "COPDEM30", "lmax_m": 594 }, "geometry": { "type": "Polygon", "coordinates": [ [ [ 145.873369, 65.206729, 0.0 ], [ 145.873381, 65.20646, 0.0 ], [ 145.872099, 65.20645, 0.0 ], [ 145.87211, 65.206181, 0.0 ], [ 145.871469, 65.206177, 0.0 ], [ 145.871481, 65.205907, 0.0 ], [ 145.87084, 65.205903, 0.0 ], [ 145.870851, 65.205633, 0.0 ], [ 145.869569, 65.205624, 0.0 ], [ 145.869581, 65.205355, 0.0 ], [ 145.86674, 65.205333, 0.0 ], [ 145.866376, 65.205331, 0.0 ], [ 145.866364, 65.2056, 0.0 ], [ 145.865723, 65.205595, 0.0 ], [ 145.8657, 65.206133, 0.0 ], [ 145.865059, 65.206128, 0.0 ], [ 145.865022, 65.206996, 0.0 ], [ 145.86499, 65.207743, 0.0 ], [ 145.869477, 65.207777, 0.0 ], [ 145.869489, 65.207508, 0.0 ], [ 145.87013, 65.207512, 0.0 ], [ 145.870118, 65.207782, 0.0 ], [ 145.875247, 65.20782, 0.0 ], [ 145.875235, 65.208089, 0.0 ], [ 145.877158, 65.208104, 0.0 ], [ 145.877181, 65.207565, 0.0 ], [ 145.875899, 65.207556, 0.0 ], [ 145.87591, 65.207287, 0.0 ], [ 145.875269, 65.207282, 0.0 ], [ 145.875281, 65.207013, 0.0 ], [ 145.873999, 65.207003, 0.0 ], [ 145.87401, 65.206734, 0.0 ], [ 145.873369, 65.206729, 0.0 ] ] ] } },
{ "type": "Feature", "properties": { "rgi_id": "RGI2000-v7.0-G-10-00662", "o1region": "10", "o2region": "10-03", "glims_id": "G145867E65217N", "anlys_id": 423776, "subm_id": 636, "src_date": "2009-08-15T00:00:00", "cenlon": 145.86458050991325, "cenlat": 65.217297, "utm_zone": 55, "area_km2": 0.302632353394926, "primeclass": 0, "conn_lvl": 0, "surge_type": 0, "term_type": 9, "glac_name": "49", "is_rgi6": 1, "termlon": 145.88069167287625, "termlat": 65.215533189564709, "zmin_m": 2016.2686, "zmax_m": 2208.2937, "zmed_m": 2147.8604, "zmean_m": 2134.616, "slope_deg": 11.536728, "aspect_deg": 79.24831, "aspect_sec": 3, "dem_source": "COPDEM30", "lmax_m": 1050 }, "geometry": { "type": "Polygon", "coordinates": [ [ [ 145.865742, 65.220132, 0.0 ], [ 145.865754, 65.219863, 0.0 ], [ 145.866395, 65.219868, 0.0 ], [ 145.866418, 65.21933, 0.0 ], [ 145.867059, 65.219335, 0.0 ], [ 145.867082, 65.218796, 0.0 ], [ 145.867724, 65.218801, 0.0 ], [ 145.867735, 65.218532, 0.0 ], [ 145.868376, 65.218537, 0.0 ], [ 145.868399, 65.217999, 0.0 ], [ 145.869041, 65.218003, 0.0 ], [ 145.869075, 65.217196, 0.0 ], [ 145.869716, 65.217201, 0.0 ], [ 145.869728, 65.216932, 0.0 ], [ 145.87101, 65.216941, 0.0 ], [ 145.871022, 65.216672, 0.0 ], [ 145.872946, 65.216687, 0.0 ], [ 145.872957, 65.216418, 0.0 ], [ 145.876163, 65.216442, 0.0 ], [ 145.876175, 65.216173, 0.0 ], [ 145.877457, 65.216182, 0.0 ], [ 145.877469, 65.215913, 0.0 ], [ 145.880034, 65.215932, 0.0 ], [ 145.880045, 65.215663, 0.0 ], [ 145.880686, 65.215668, 0.0 ], [ 145.88072, 65.21486, 0.0 ], [ 145.880079, 65.214856, 0.0 ], [ 145.880091, 65.214586, 0.0 ], [ 145.87432, 65.214543, 0.0 ], [ 145.874308, 65.214813, 0.0 ], [ 145.873026, 65.214803, 0.0 ], [ 145.873037, 65.214534, 0.0 ], [ 145.871755, 65.214524, 0.0 ], [ 145.871766, 65.214255, 0.0 ], [ 145.867278, 65.214221, 0.0 ], [ 145.867266, 65.21449, 0.0 ], [ 145.866625, 65.214486, 0.0 ], [ 145.866614, 65.214755, 0.0 ], [ 145.865973, 65.21475, 0.0 ], [ 145.86595, 65.215288, 0.0 ], [ 145.865308, 65.215283, 0.0 ], [ 145.865274, 65.216091, 0.0 ], [ 145.863991, 65.216081, 0.0 ], [ 145.86398, 65.21635, 0.0 ], [ 145.863338, 65.216345, 0.0 ], [ 145.863327, 65.216614, 0.0 ], [ 145.861403, 65.2166, 0.0 ], [ 145.861392, 65.216869, 0.0 ], [ 145.860109, 65.216859, 0.0 ], [ 145.860086, 65.217397, 0.0 ], [ 145.859445, 65.217393, 0.0 ], [ 145.859363, 65.219276, 0.0 ], [ 145.860005, 65.219281, 0.0 ], [ 145.859993, 65.21955, 0.0 ], [ 145.861276, 65.21956, 0.0 ], [ 145.861264, 65.219829, 0.0 ], [ 145.861906, 65.219834, 0.0 ], [ 145.861894, 65.220103, 0.0 ], [ 145.862535, 65.220108, 0.0 ], [ 145.862524, 65.220377, 0.0 ], [ 145.863165, 65.220382, 0.0 ], [ 145.863177, 65.220113, 0.0 ], [ 145.865742, 65.220132, 0.0 ] ] ] } },
{ "type": "Feature", "properties": { "rgi_id": "RGI2000-v7.0-G-10-00663", "o1region": "10", "o2region": "10-03", "glims_id": "G145870E65229N", "anlys_id": 423779, "subm_id": 636, "src_date": "2009-08-15T00:00:00", "cenlon": 145.87431552214565, "cenlat": 65.2297295, "utm_zone": 55, "area_km2": 0.13689783731873101, "primeclass": 0, "conn_lvl": 0, "surge_type": 0, "term_type": 9, "glac_name": "50", "is_rgi6": 1, "termlon": 145.8791788202341, "termlat": 65.232347515698464, "zmin_m": 1829.1451, "zmax_m": 2052.2288, "zmed_m": 1874.9839, "zmean_m": 1886.7286, "slope_deg": 12.505348, "aspect_deg": 29.158667, "aspect_sec": 2, "dem_source": "COPDEM30", "lmax_m": 935 }, "geometry": { "type": "Polygon", "coordinates": [ [ [ 145.87746, 65.231258, 0.0 ], [ 145.877494, 65.23045, 0.0 ], [ 145.878777, 65.23046, 0.0 ], [ 145.878788, 65.230191, 0.0 ], [ 145.878147, 65.230186, 0.0 ], [ 145.878158, 65.229917, 0.0 ], [ 145.877517, 65.229912, 0.0 ], [ 145.877538, 65.229404, 0.0 ], [ 145.87754, 65.229374, 0.0 ], [ 145.877457, 65.229373, 0.0 ], [ 145.876898, 65.229369, 0.0 ], [ 145.876904, 65.22923, 0.0 ], [ 145.876909, 65.2291, 0.0 ], [ 145.875533, 65.22909, 0.0 ], [ 145.873702, 65.229076, 0.0 ], [ 145.873713, 65.228807, 0.0 ], [ 145.873072, 65.228802, 0.0 ], [ 145.873076, 65.228688, 0.0 ], [ 145.873083, 65.228533, 0.0 ], [ 145.871437, 65.228521, 0.0 ], [ 145.869234, 65.228504, 0.0 ], [ 145.869257, 65.227966, 0.0 ], [ 145.868615, 65.227961, 0.0 ], [ 145.868635, 65.227501, 0.0 ], [ 145.868638, 65.227423, 0.0 ], [ 145.868439, 65.227421, 0.0 ], [ 145.867355, 65.227413, 0.0 ], [ 145.867374, 65.226975, 0.0 ], [ 145.867378, 65.226875, 0.0 ], [ 145.867089, 65.226873, 0.0 ], [ 145.866095, 65.226865, 0.0 ], [ 145.866084, 65.227134, 0.0 ], [ 145.865442, 65.22713, 0.0 ], [ 145.865431, 65.227399, 0.0 ], [ 145.864148, 65.227389, 0.0 ], [ 145.864125, 65.227927, 0.0 ], [ 145.865408, 65.227937, 0.0 ], [ 145.86535, 65.229283, 0.0 ], [ 145.870482, 65.229321, 0.0 ], [ 145.870471, 65.22959, 0.0 ], [ 145.871112, 65.229595, 0.0 ], [ 145.871101, 65.229864, 0.0 ], [ 145.872384, 65.229874, 0.0 ], [ 145.872373, 65.230143, 0.0 ], [ 145.873014, 65.230148, 0.0 ], [ 145.873003, 65.230417, 0.0 ], [ 145.874286, 65.230426, 0.0 ], [ 145.874263, 65.230965, 0.0 ], [ 145.874905, 65.23097, 0.0 ], [ 145.874893, 65.231239, 0.0 ], [ 145.875535, 65.231243, 0.0 ], [ 145.875512, 65.231782, 0.0 ], [ 145.876154, 65.231786, 0.0 ], [ 145.876142, 65.232056, 0.0 ], [ 145.876784, 65.23206, 0.0 ], [ 145.876772, 65.23233, 0.0 ], [ 145.880622, 65.232358, 0.0 ], [ 145.880656, 65.231551, 0.0 ], [ 145.880015, 65.231546, 0.0 ], [ 145.880026, 65.231277, 0.0 ], [ 145.87746, 65.231258, 0.0 ] ], [ [ 145.866026, 65.22848, 0.0 ], [ 145.866038, 65.228211, 0.0 ], [ 145.867962, 65.228225, 0.0 ], [ 145.867951, 65.228494, 0.0 ], [ 145.866026, 65.22848, 0.0 ] ] ] } },
{ "type": "Feature", "properties": { "rgi_id": "RGI2000-v7.0-G-10-00664", "o1region": "10", "o2region": "10-03", "glims_id": "G145853E65238N", "anlys_id": 423775, "subm_id": 636, "src_date": "2009-08-15T00:00:00", "cenlon": 145.85541788847584, "cenlat": 65.2363435, "utm_zone": 55, "area_km2": 0.135991462317919, "primeclass": 0, "conn_lvl": 0, "surge_type": 0, "term_type": 9, "glac_name": "51", "is_rgi6": 1, "termlon": 145.85337105068643, "termlat": 65.239152000395293, "zmin_m": 2074.1514, "zmax_m": 2428.3694, "zmed_m": 2294.1553, "zmean_m": 2272.9126, "slope_deg": 29.330156, "aspect_deg": 356.16997671127319, "aspect_sec": 1, "dem_source": "COPDEM30", "lmax_m": 687 }, "geometry": { "type": "Polygon", "coordinates": [ [ [ 145.855296, 65.239167, 0.0 ], [ 145.855331, 65.23836, 0.0 ], [ 145.855973, 65.238365, 0.0 ], [ 145.855996, 65.237826, 0.0 ], [ 145.856638, 65.237831, 0.0 ], [ 145.856661, 65.237293, 0.0 ], [ 145.857303, 65.237298, 0.0 ], [ 145.857338, 65.236491, 0.0 ], [ 145.857979, 65.236495, 0.0 ], [ 145.857991, 65.236226, 0.0 ], [ 145.858633, 65.236231, 0.0 ], [ 145.858656, 65.235693, 0.0 ], [ 145.859298, 65.235698, 0.0 ], [ 145.859314, 65.235321, 0.0 ], [ 145.859321, 65.23516, 0.0 ], [ 145.859021, 65.235157, 0.0 ], [ 145.858679, 65.235155, 0.0 ], [ 145.858686, 65.234995, 0.0 ], [ 145.858702, 65.234616, 0.0 ], [ 145.857431, 65.234607, 0.0 ], [ 145.857419, 65.234607, 0.0 ], [ 145.857419, 65.234603, 0.0 ], [ 145.857431, 65.234338, 0.0 ], [ 145.856789, 65.234333, 0.0 ], [ 145.8568, 65.234064, 0.0 ], [ 145.856159, 65.234059, 0.0 ], [ 145.85617, 65.23379, 0.0 ], [ 145.853852, 65.233772, 0.0 ], [ 145.853604, 65.23377, 0.0 ], [ 145.853605, 65.233745, 0.0 ], [ 145.853615, 65.233501, 0.0 ], [ 145.852332, 65.233491, 0.0 ], [ 145.852329, 65.233554, 0.0 ], [ 145.85232, 65.23376, 0.0 ], [ 145.851679, 65.233755, 0.0 ], [ 145.851644, 65.234563, 0.0 ], [ 145.851002, 65.234558, 0.0 ], [ 145.850979, 65.235096, 0.0 ], [ 145.850337, 65.235091, 0.0 ], [ 145.850325, 65.23536, 0.0 ], [ 145.850967, 65.235365, 0.0 ], [ 145.850955, 65.235634, 0.0 ], [ 145.852239, 65.235644, 0.0 ], [ 145.852227, 65.235913, 0.0 ], [ 145.852869, 65.235918, 0.0 ], [ 145.852845, 65.236456, 0.0 ], [ 145.853487, 65.236461, 0.0 ], [ 145.853476, 65.23673, 0.0 ], [ 145.854117, 65.236735, 0.0 ], [ 145.854094, 65.237273, 0.0 ], [ 145.853452, 65.237269, 0.0 ], [ 145.853429, 65.237807, 0.0 ], [ 145.852787, 65.237802, 0.0 ], [ 145.85274, 65.238878, 0.0 ], [ 145.853382, 65.238883, 0.0 ], [ 145.853371, 65.239152, 0.0 ], [ 145.855296, 65.239167, 0.0 ] ] ] } },
{ "type": "Feature", "properties": { "rgi_id": "RGI2000-v7.0-G-10-00665", "o1region": "10", "o2region": "10-03", "glims_id": "G145834E65234N", "anlys_id": 423773, "subm_id": 636, "src_date": "2009-08-15T00:00:00", "cenlon": 145.83500911047119, "cenlat": 65.2333255, "utm_zone": 55, "area_km2": 0.79078090616925401, "primeclass": 0, "conn_lvl": 0, "surge_type": 0, "term_type": 9, "glac_name": "52", "is_rgi6": 1, "termlon": 145.83456386798537, "termlat": 65.243430043402128, "zmin_m": 1884.3977, "zmax_m": 2426.025, "zmed_m": 2130.569, "zmean_m": 2136.0588, "slope_deg": 14.077948, "aspect_deg": 0.36209223, "aspect_sec": 1, "dem_source": "COPDEM30", "lmax_m": 2383 }, "geometry": { "type": "Polygon", "coordinates": [ [ [ 145.834557, 65.243584, 0.0 ], [ 145.834569, 65.243315, 0.0 ], [ 145.835211, 65.24332, 0.0 ], [ 145.835235, 65.242782, 0.0 ], [ 145.834593, 65.242777, 0.0 ], [ 145.834664, 65.241162, 0.0 ], [ 145.835306, 65.241167, 0.0 ], [ 145.835353, 65.240091, 0.0 ], [ 145.835995, 65.240096, 0.0 ], [ 145.83603, 65.239288, 0.0 ], [ 145.836672, 65.239293, 0.0 ], [ 145.836743, 65.237679, 0.0 ], [ 145.837385, 65.237684, 0.0 ], [ 145.837432, 65.236607, 0.0 ], [ 145.838074, 65.236612, 0.0 ], [ 145.838133, 65.235267, 0.0 ], [ 145.838775, 65.235272, 0.0 ], [ 145.838822, 65.234195, 0.0 ], [ 145.839464, 65.2342, 0.0 ], [ 145.839523, 65.232854, 0.0 ], [ 145.840164, 65.232859, 0.0 ], [ 145.840223, 65.231514, 0.0 ], [ 145.840865, 65.231519, 0.0 ], [ 145.840947, 65.229635, 0.0 ], [ 145.841589, 65.22964, 0.0 ], [ 145.841612, 65.229102, 0.0 ], [ 145.842254, 65.229106, 0.0 ], [ 145.842278, 65.228568, 0.0 ], [ 145.842919, 65.228573, 0.0 ], [ 145.842931, 65.228304, 0.0 ], [ 145.843572, 65.228309, 0.0 ], [ 145.843619, 65.227233, 0.0 ], [ 145.842978, 65.227228, 0.0 ], [ 145.84299, 65.226958, 0.0 ], [ 145.842348, 65.226954, 0.0 ], [ 145.842372, 65.226415, 0.0 ], [ 145.843013, 65.22642, 0.0 ], [ 145.843037, 65.225882, 0.0 ], [ 145.841754, 65.225872, 0.0 ], [ 145.841766, 65.225603, 0.0 ], [ 145.841124, 65.225598, 0.0 ], [ 145.841136, 65.225329, 0.0 ], [ 145.840494, 65.225324, 0.0 ], [ 145.840518, 65.224786, 0.0 ], [ 145.841159, 65.224791, 0.0 ], [ 145.841171, 65.224522, 0.0 ], [ 145.842454, 65.224531, 0.0 ], [ 145.842478, 65.223993, 0.0 ], [ 145.841836, 65.223988, 0.0 ], [ 145.841824, 65.224257, 0.0 ], [ 145.841183, 65.224252, 0.0 ], [ 145.841195, 65.223983, 0.0 ], [ 145.839912, 65.223973, 0.0 ], [ 145.839924, 65.223704, 0.0 ], [ 145.839282, 65.223699, 0.0 ], [ 145.839318, 65.222896, 0.0 ], [ 145.83933, 65.222623, 0.0 ], [ 145.838688, 65.222618, 0.0 ], [ 145.838678, 65.222847, 0.0 ], [ 145.838676, 65.222887, 0.0 ], [ 145.83841, 65.222885, 0.0 ], [ 145.838035, 65.222882, 0.0 ], [ 145.838031, 65.222973, 0.0 ], [ 145.838011, 65.22342, 0.0 ], [ 145.83737, 65.223415, 0.0 ], [ 145.837358, 65.223685, 0.0 ], [ 145.836075, 65.223675, 0.0 ], [ 145.836063, 65.223944, 0.0 ], [ 145.835422, 65.223939, 0.0 ], [ 145.83541, 65.224208, 0.0 ], [ 145.834769, 65.224203, 0.0 ], [ 145.834757, 65.224472, 0.0 ], [ 145.834115, 65.224467, 0.0 ], [ 145.834127, 65.224198, 0.0 ], [ 145.833486, 65.224193, 0.0 ], [ 145.83351, 65.223655, 0.0 ], [ 145.833348, 65.223653, 0.0 ], [ 145.830944, 65.223635, 0.0 ], [ 145.83094, 65.223736, 0.0 ], [ 145.830932, 65.223904, 0.0 ], [ 145.830291, 65.223899, 0.0 ], [ 145.830255, 65.224706, 0.0 ], [ 145.829614, 65.224701, 0.0 ], [ 145.82959, 65.22524, 0.0 ], [ 145.830231, 65.225245, 0.0 ], [ 145.830219, 65.225514, 0.0 ], [ 145.830861, 65.225519, 0.0 ], [ 145.830849, 65.225788, 0.0 ], [ 145.83149, 65.225793, 0.0 ], [ 145.831478, 65.226062, 0.0 ], [ 145.83212, 65.226067, 0.0 ], [ 145.832096, 65.226605, 0.0 ], [ 145.831455, 65.2266, 0.0 ], [ 145.831383, 65.228215, 0.0 ], [ 145.832025, 65.22822, 0.0 ], [ 145.832013, 65.228489, 0.0 ], [ 145.832655, 65.228494, 0.0 ], [ 145.832631, 65.229032, 0.0 ], [ 145.833272, 65.229037, 0.0 ], [ 145.833166, 65.231459, 0.0 ], [ 145.832524, 65.231454, 0.0 ], [ 145.832477, 65.232531, 0.0 ], [ 145.831835, 65.232526, 0.0 ], [ 145.831823, 65.232795, 0.0 ], [ 145.831181, 65.23279, 0.0 ], [ 145.83117, 65.233059, 0.0 ], [ 145.830528, 65.233054, 0.0 ], [ 145.830504, 65.233592, 0.0 ], [ 145.831146, 65.233597, 0.0 ], [ 145.831122, 65.234135, 0.0 ], [ 145.831764, 65.23414, 0.0 ], [ 145.831752, 65.23441, 0.0 ], [ 145.832393, 65.234415, 0.0 ], [ 145.83237, 65.234953, 0.0 ], [ 145.831728, 65.234948, 0.0 ], [ 145.831704, 65.235486, 0.0 ], [ 145.831063, 65.235481, 0.0 ], [ 145.831051, 65.23575, 0.0 ], [ 145.831692, 65.235755, 0.0 ], [ 145.831669, 65.236293, 0.0 ], [ 145.831027, 65.236288, 0.0 ], [ 145.830848, 65.240325, 0.0 ], [ 145.830207, 65.24032, 0.0 ], [ 145.830135, 65.241935, 0.0 ], [ 145.830777, 65.24194, 0.0 ], [ 145.830753, 65.242478, 0.0 ], [ 145.831395, 65.242483, 0.0 ], [ 145.831371, 65.243021, 0.0 ], [ 145.832013, 65.243026, 0.0 ], [ 145.832001, 65.243295, 0.0 ], [ 145.832643, 65.2433, 0.0 ], [ 145.832631, 65.24357, 0.0 ], [ 145.834557, 65.243584, 0.0 ] ] ] } },
{ "type": "Feature", "properties": { "rgi_id": "RGI2000-v7.0-G-10-00666", "o1region": "10", "o2region": "10-03", "glims_id": "G145828E65257N", "anlys_id": 423772, "subm_id": 636, "src_date": "2009-08-15T00:00:00", "cenlon": 145.83072263030476, "cenlat": 65.2576885, "utm_zone": 55, "area_km2": 0.044130564763662998, "primeclass": 0, "conn_lvl": 0, "surge_type": 0, "term_type": 9, "glac_name": "53", "is_rgi6": 1, "termlon": 145.83111524814828, "termlat": 65.259171569295447, "zmin_m": 1912.1819, "zmax_m": 1969.3462, "zmed_m": 1935.6879, "zmean_m": 1936.5529, "slope_deg": 9.142507, "aspect_deg": 359.43713313341141, "aspect_sec": 1, "dem_source": "COPDEM30", "lmax_m": 381 }, "geometry": { "type": "Polygon", "coordinates": [ [ [ 145.830158, 65.255934, 0.0 ], [ 145.828874, 65.255924, 0.0 ], [ 145.828862, 65.256193, 0.0 ], [ 145.82822, 65.256188, 0.0 ], [ 145.828172, 65.257265, 0.0 ], [ 145.828814, 65.25727, 0.0 ], [ 145.828802, 65.257539, 0.0 ], [ 145.829444, 65.257544, 0.0 ], [ 145.829421, 65.258082, 0.0 ], [ 145.830063, 65.258087, 0.0 ], [ 145.830039, 65.258625, 0.0 ], [ 145.830681, 65.25863, 0.0 ], [ 145.830657, 65.259168, 0.0 ], [ 145.832584, 65.259183, 0.0 ], [ 145.832644, 65.257838, 0.0 ], [ 145.832001, 65.257833, 0.0 ], [ 145.832037, 65.257025, 0.0 ], [ 145.831395, 65.25702, 0.0 ], [ 145.831407, 65.256751, 0.0 ], [ 145.830765, 65.256746, 0.0 ], [ 145.830788, 65.256208, 0.0 ], [ 145.830146, 65.256203, 0.0 ], [ 145.830158, 65.255934, 0.0 ] ] ] } },
{ "type": "Feature", "properties": { "rgi_id": "RGI2000-v7.0-G-10-00667", "o1region": "10", "o2region": "10-03", "glims_id": "G145812E65271N", "anlys_id": 423771, "subm_id": 636, "src_date": "2009-08-15T00:00:00", "cenlon": 145.81441056462404, "cenlat": 65.270442, "utm_zone": 55, "area_km2": 0.76013814684286096, "primeclass": 0, "conn_lvl": 0, "surge_type": 0, "term_type": 9, "glac_name": "54", "is_rgi6": 1, "termlon": 145.80084663838716, "termlat": 65.278976190239703, "zmin_m": 1871.7501, "zmax_m": 2428.2676, "zmed_m": 2073.0598, "zmean_m": 2066.4497, "slope_deg": 13.474566, "aspect_deg": 350.12482261657715, "aspect_sec": 1, "dem_source": "COPDEM30", "lmax_m": 2199 }, "geometry": { "type": "Polygon", "coordinates": [ [ [ 145.805351, 65.278891, 0.0 ], [ 145.805363, 65.278622, 0.0 ], [ 145.806006, 65.278627, 0.0 ], [ 145.806018, 65.278358, 0.0 ], [ 145.806661, 65.278363, 0.0 ], [ 145.806673, 65.278094, 0.0 ], [ 145.807316, 65.278099, 0.0 ], [ 145.807328, 65.27783, 0.0 ], [ 145.807971, 65.277835, 0.0 ], [ 145.807995, 65.277297, 0.0 ], [ 145.808638, 65.277302, 0.0 ], [ 145.80865, 65.277033, 0.0 ], [ 145.809292, 65.277038, 0.0 ], [ 145.809317, 65.2765, 0.0 ], [ 145.809959, 65.276505, 0.0 ], [ 145.809972, 65.276236, 0.0 ], [ 145.810614, 65.276241, 0.0 ], [ 145.810638, 65.275703, 0.0 ], [ 145.811281, 65.275708, 0.0 ], [ 145.811293, 65.275439, 0.0 ], [ 145.811936, 65.275444, 0.0 ], [ 145.811948, 65.275175, 0.0 ], [ 145.812591, 65.27518, 0.0 ], [ 145.812603, 65.274911, 0.0 ], [ 145.813245, 65.274916, 0.0 ], [ 145.81327, 65.274377, 0.0 ], [ 145.813912, 65.274383, 0.0 ], [ 145.813924, 65.274113, 0.0 ], [ 145.814567, 65.274118, 0.0 ], [ 145.814579, 65.273849, 0.0 ], [ 145.815222, 65.273854, 0.0 ], [ 145.815234, 65.273585, 0.0 ], [ 145.815876, 65.27359, 0.0 ], [ 145.815901, 65.273052, 0.0 ], [ 145.816543, 65.273057, 0.0 ], [ 145.816567, 65.272519, 0.0 ], [ 145.81721, 65.272524, 0.0 ], [ 145.817234, 65.271986, 0.0 ], [ 145.817877, 65.271991, 0.0 ], [ 145.817901, 65.271453, 0.0 ], [ 145.818543, 65.271458, 0.0 ], [ 145.818567, 65.270919, 0.0 ], [ 145.81921, 65.270924, 0.0 ], [ 145.819306, 65.268771, 0.0 ], [ 145.818664, 65.268766, 0.0 ], [ 145.8187, 65.267959, 0.0 ], [ 145.818057, 65.267954, 0.0 ], [ 145.818105, 65.266878, 0.0 ], [ 145.817463, 65.266873, 0.0 ], [ 145.817499, 65.266065, 0.0 ], [ 145.818141, 65.26607, 0.0 ], [ 145.818178, 65.265263, 0.0 ], [ 145.81882, 65.265268, 0.0 ], [ 145.818844, 65.264724, 0.0 ], [ 145.818856, 65.264461, 0.0 ], [ 145.818738, 65.26446, 0.0 ], [ 145.818214, 65.264456, 0.0 ], [ 145.818238, 65.263917, 0.0 ], [ 145.817595, 65.263912, 0.0 ], [ 145.817619, 65.263374, 0.0 ], [ 145.816977, 65.263369, 0.0 ], [ 145.816994, 65.262994, 0.0 ], [ 145.817001, 65.262831, 0.0 ], [ 145.816582, 65.262827, 0.0 ], [ 145.816359, 65.262826, 0.0 ], [ 145.816361, 65.262766, 0.0 ], [ 145.816371, 65.262557, 0.0 ], [ 145.815086, 65.262546, 0.0 ], [ 145.815084, 65.262602, 0.0 ], [ 145.815074, 65.262816, 0.0 ], [ 145.811862, 65.26279, 0.0 ], [ 145.811899, 65.261983, 0.0 ], [ 145.812541, 65.261988, 0.0 ], [ 145.812554, 65.261686, 0.0 ], [ 145.812577, 65.261181, 0.0 ], [ 145.811293, 65.26117, 0.0 ], [ 145.811284, 65.261364, 0.0 ], [ 145.81128, 65.26144, 0.0 ], [ 145.811008, 65.261437, 0.0 ], [ 145.810638, 65.261435, 0.0 ], [ 145.810636, 65.261482, 0.0 ], [ 145.810602, 65.262242, 0.0 ], [ 145.809959, 65.262237, 0.0 ], [ 145.809923, 65.263044, 0.0 ], [ 145.810565, 65.263049, 0.0 ], [ 145.810553, 65.263318, 0.0 ], [ 145.811196, 65.263323, 0.0 ], [ 145.811184, 65.263593, 0.0 ], [ 145.810541, 65.263587, 0.0 ], [ 145.810529, 65.263857, 0.0 ], [ 145.809887, 65.263851, 0.0 ], [ 145.809875, 65.264121, 0.0 ], [ 145.809232, 65.264116, 0.0 ], [ 145.809172, 65.265461, 0.0 ], [ 145.808529, 65.265456, 0.0 ], [ 145.808517, 65.265725, 0.0 ], [ 145.807875, 65.26572, 0.0 ], [ 145.807838, 65.266527, 0.0 ], [ 145.808481, 65.266532, 0.0 ], [ 145.80842, 65.267878, 0.0 ], [ 145.809062, 65.267883, 0.0 ], [ 145.809026, 65.268691, 0.0 ], [ 145.809668, 65.268696, 0.0 ], [ 145.809632, 65.269503, 0.0 ], [ 145.80899, 65.269498, 0.0 ], [ 145.808965, 65.270036, 0.0 ], [ 145.809608, 65.270041, 0.0 ], [ 145.809571, 65.270849, 0.0 ], [ 145.808929, 65.270843, 0.0 ], [ 145.80888, 65.27192, 0.0 ], [ 145.808238, 65.271915, 0.0 ], [ 145.808214, 65.272453, 0.0 ], [ 145.807571, 65.272448, 0.0 ], [ 145.807547, 65.272986, 0.0 ], [ 145.806904, 65.272981, 0.0 ], [ 145.806868, 65.273788, 0.0 ], [ 145.806225, 65.273783, 0.0 ], [ 145.806213, 65.274052, 0.0 ], [ 145.80557, 65.274047, 0.0 ], [ 145.805558, 65.274316, 0.0 ], [ 145.804915, 65.274311, 0.0 ], [ 145.804903, 65.274581, 0.0 ], [ 145.803618, 65.27457, 0.0 ], [ 145.803606, 65.274839, 0.0 ], [ 145.802963, 65.274834, 0.0 ], [ 145.802939, 65.275373, 0.0 ], [ 145.802296, 65.275367, 0.0 ], [ 145.802247, 65.276444, 0.0 ], [ 145.801604, 65.276439, 0.0 ], [ 145.801592, 65.276708, 0.0 ], [ 145.80095, 65.276703, 0.0 ], [ 145.800913, 65.27751, 0.0 ], [ 145.80027, 65.277505, 0.0 ], [ 145.800246, 65.278043, 0.0 ], [ 145.799603, 65.278038, 0.0 ], [ 145.799566, 65.278845, 0.0 ], [ 145.800852, 65.278856, 0.0 ], [ 145.80084, 65.279125, 0.0 ], [ 145.804053, 65.27915, 0.0 ], [ 145.804066, 65.278881, 0.0 ], [ 145.805351, 65.278891, 0.0 ] ] ] } },
{ "type": "Feature", "properties": { "rgi_id": "RGI2000-v7.0-G-10-00668", "o1region": "10", "o2region": "10-03", "glims_id": "G145958E65263N", "anlys_id": 423788, "subm_id": 636, "src_date": "2009-08-15T00:00:00", "cenlon": 145.95538198405572, "cenlat": 65.2652115, "utm_zone": 55, "area_km2": 0.060350932675565003, "primeclass": 0, "conn_lvl": 0, "surge_type": 0, "term_type": 9, "glac_name": "43", "is_rgi6": 1, "termlon": 145.95184701400808, "termlat": 65.267329581752549, "zmin_m": 1839.8622, "zmax_m": 1932.3458, "zmed_m": 1900.1053, "zmean_m": 1893.8925, "slope_deg": 11.01285, "aspect_deg": 336.05626106262207, "aspect_sec": 8, "dem_source": "COPDEM30", "lmax_m": 499 }, "geometry": { "type": "Polygon", "coordinates": [ [ [ 145.953049, 65.267338, 0.0 ], [ 145.953059, 65.267069, 0.0 ], [ 145.953702, 65.267073, 0.0 ], [ 145.953713, 65.266804, 0.0 ], [ 145.954355, 65.266809, 0.0 ], [ 145.954366, 65.266539, 0.0 ], [ 145.955008, 65.266544, 0.0 ], [ 145.955019, 65.266275, 0.0 ], [ 145.955661, 65.266279, 0.0 ], [ 145.955672, 65.26601, 0.0 ], [ 145.956314, 65.266015, 0.0 ], [ 145.956336, 65.265476, 0.0 ], [ 145.956978, 65.265481, 0.0 ], [ 145.956999, 65.264942, 0.0 ], [ 145.957642, 65.264947, 0.0 ], [ 145.957652, 65.264678, 0.0 ], [ 145.958295, 65.264682, 0.0 ], [ 145.958305, 65.264413, 0.0 ], [ 145.958948, 65.264418, 0.0 ], [ 145.958969, 65.263879, 0.0 ], [ 145.957684, 65.26387, 0.0 ], [ 145.957695, 65.263601, 0.0 ], [ 145.95641, 65.263592, 0.0 ], [ 145.956421, 65.263323, 0.0 ], [ 145.955778, 65.263319, 0.0 ], [ 145.955768, 65.263588, 0.0 ], [ 145.955125, 65.263583, 0.0 ], [ 145.955115, 65.263853, 0.0 ], [ 145.954472, 65.263848, 0.0 ], [ 145.954462, 65.264117, 0.0 ], [ 145.953819, 65.264113, 0.0 ], [ 145.953755, 65.265728, 0.0 ], [ 145.953113, 65.265723, 0.0 ], [ 145.953091, 65.266261, 0.0 ], [ 145.952449, 65.266257, 0.0 ], [ 145.952417, 65.267064, 0.0 ], [ 145.951774, 65.26706, 0.0 ], [ 145.951764, 65.267329, 0.0 ], [ 145.953049, 65.267338, 0.0 ] ] ] } },
{ "type": "Feature", "properties": { "rgi_id": "RGI2000-v7.0-G-10-00669", "o1region": "10", "o2region": "10-03", "glims_id": "G145978E65248N", "anlys_id": 423793, "subm_id": 636, "src_date": "2013-08-12T00:00:00", "cenlon": 145.97727632951734, "cenlat": 65.2474425, "utm_zone": 55, "area_km2": 0.032424438846135002, "primeclass": 0, "conn_lvl": 0, "surge_type": 0, "term_type": 9, "glac_name": null, "is_rgi6": 1, "termlon": 145.97946892873605, "termlat": 65.248868970025981, "zmin_m": 2217.8604, "zmax_m": 2541.9055, "zmed_m": 2405.874, "zmean_m": 2408.0227, "slope_deg": 35.903114, "aspect_deg": 39.90658, "aspect_sec": 2, "dem_source": "COPDEM30", "lmax_m": 463 }, "geometry": { "type": "Polygon", "coordinates": [ [ [ 145.974444, 65.245949, 0.0 ], [ 145.972519, 65.245936, 0.0 ], [ 145.972498, 65.246474, 0.0 ], [ 145.97314, 65.246478, 0.0 ], [ 145.973129, 65.246748, 0.0 ], [ 145.973771, 65.246752, 0.0 ], [ 145.973761, 65.247021, 0.0 ], [ 145.975045, 65.24703, 0.0 ], [ 145.975034, 65.247299, 0.0 ], [ 145.976318, 65.247308, 0.0 ], [ 145.976308, 65.247577, 0.0 ], [ 145.97695, 65.247581, 0.0 ], [ 145.97694, 65.24785, 0.0 ], [ 145.977582, 65.247855, 0.0 ], [ 145.977561, 65.248393, 0.0 ], [ 145.978203, 65.248397, 0.0 ], [ 145.978192, 65.248666, 0.0 ], [ 145.978834, 65.248671, 0.0 ], [ 145.978824, 65.24894, 0.0 ], [ 145.979466, 65.248944, 0.0 ], [ 145.979487, 65.248406, 0.0 ], [ 145.978845, 65.248402, 0.0 ], [ 145.978876, 65.247594, 0.0 ], [ 145.978234, 65.24759, 0.0 ], [ 145.978265, 65.246782, 0.0 ], [ 145.975697, 65.246765, 0.0 ], [ 145.975708, 65.246496, 0.0 ], [ 145.975066, 65.246492, 0.0 ], [ 145.975076, 65.246222, 0.0 ], [ 145.974434, 65.246218, 0.0 ], [ 145.974444, 65.245949, 0.0 ] ] ] } },
{ "type": "Feature", "properties": { "rgi_id": "RGI2000-v7.0-G-10-00670", "o1region": "10", "o2region": "10-03", "glims_id": "G145992E65247N", "anlys_id": 423798, "subm_id": 636, "src_date": "2013-08-12T00:00:00", "cenlon": 145.99144073885219, "cenlat": 65.2464915, "utm_zone": 55, "area_km2": 0.632272139779815, "primeclass": 0, "conn_lvl": 0, "surge_type": 0, "term_type": 9, "glac_name": "42", "is_rgi6": 1, "termlon": 145.99401006134886, "termlat": 65.254911273636836, "zmin_m": 1856.0107, "zmax_m": 2471.153, "zmed_m": 2111.4404, "zmean_m": 2111.4304, "slope_deg": 18.23165, "aspect_deg": 1.1529831, "aspect_sec": 1, "dem_source": "COPDEM30", "lmax_m": 2010 }, "geometry": { "type": "Polygon", "coordinates": [ [ [ 145.991563, 65.251718, 0.0 ], [ 145.991614, 65.250372, 0.0 ], [ 145.992256, 65.250376, 0.0 ], [ 145.992287, 65.249569, 0.0 ], [ 145.992929, 65.249573, 0.0 ], [ 145.992939, 65.249304, 0.0 ], [ 145.992297, 65.2493, 0.0 ], [ 145.992338, 65.248223, 0.0 ], [ 145.99298, 65.248228, 0.0 ], [ 145.993001, 65.247689, 0.0 ], [ 145.993643, 65.247694, 0.0 ], [ 145.993663, 65.247155, 0.0 ], [ 145.994305, 65.24716, 0.0 ], [ 145.994315, 65.246891, 0.0 ], [ 145.994957, 65.246895, 0.0 ], [ 145.994988, 65.246088, 0.0 ], [ 145.99563, 65.246092, 0.0 ], [ 145.995691, 65.244477, 0.0 ], [ 145.995049, 65.244473, 0.0 ], [ 145.99509, 65.243396, 0.0 ], [ 145.994448, 65.243392, 0.0 ], [ 145.9945, 65.242046, 0.0 ], [ 145.993858, 65.242042, 0.0 ], [ 145.993868, 65.241773, 0.0 ], [ 145.992584, 65.241764, 0.0 ], [ 145.992625, 65.240688, 0.0 ], [ 145.994551, 65.240701, 0.0 ], [ 145.994541, 65.24097, 0.0 ], [ 145.995182, 65.240974, 0.0 ], [ 145.995172, 65.241243, 0.0 ], [ 145.995814, 65.241247, 0.0 ], [ 145.995804, 65.241517, 0.0 ], [ 145.996446, 65.241521, 0.0 ], [ 145.996435, 65.24179, 0.0 ], [ 145.997077, 65.241794, 0.0 ], [ 145.997088, 65.241525, 0.0 ], [ 145.997729, 65.241529, 0.0 ], [ 145.997791, 65.239915, 0.0 ], [ 145.995865, 65.239902, 0.0 ], [ 145.995855, 65.240171, 0.0 ], [ 145.994571, 65.240162, 0.0 ], [ 145.994581, 65.239893, 0.0 ], [ 145.993298, 65.239885, 0.0 ], [ 145.993308, 65.239615, 0.0 ], [ 145.991382, 65.239603, 0.0 ], [ 145.991372, 65.239872, 0.0 ], [ 145.989447, 65.239859, 0.0 ], [ 145.989467, 65.23932, 0.0 ], [ 145.988825, 65.239316, 0.0 ], [ 145.988846, 65.238778, 0.0 ], [ 145.988204, 65.238774, 0.0 ], [ 145.988214, 65.238504, 0.0 ], [ 145.988856, 65.238509, 0.0 ], [ 145.988877, 65.23797, 0.0 ], [ 145.987835, 65.237963, 0.0 ], [ 145.987593, 65.237962, 0.0 ], [ 145.987591, 65.238023, 0.0 ], [ 145.987573, 65.2385, 0.0 ], [ 145.98588, 65.238489, 0.0 ], [ 145.985005, 65.238483, 0.0 ], [ 145.984995, 65.238752, 0.0 ], [ 145.985153, 65.238753, 0.0 ], [ 145.985637, 65.238756, 0.0 ], [ 145.985627, 65.239025, 0.0 ], [ 145.986268, 65.23903, 0.0 ], [ 145.986258, 65.239299, 0.0 ], [ 145.987542, 65.239308, 0.0 ], [ 145.987531, 65.239577, 0.0 ], [ 145.988173, 65.239581, 0.0 ], [ 145.988163, 65.23985, 0.0 ], [ 145.988805, 65.239854, 0.0 ], [ 145.988784, 65.240393, 0.0 ], [ 145.988142, 65.240388, 0.0 ], [ 145.988132, 65.240658, 0.0 ], [ 145.98749, 65.240653, 0.0 ], [ 145.98748, 65.240922, 0.0 ], [ 145.986196, 65.240914, 0.0 ], [ 145.986186, 65.241183, 0.0 ], [ 145.985544, 65.241178, 0.0 ], [ 145.985554, 65.240909, 0.0 ], [ 145.983629, 65.240896, 0.0 ], [ 145.983639, 65.240627, 0.0 ], [ 145.982997, 65.240623, 0.0 ], [ 145.983008, 65.240354, 0.0 ], [ 145.982366, 65.240349, 0.0 ], [ 145.982397, 65.239542, 0.0 ], [ 145.981755, 65.239538, 0.0 ], [ 145.981762, 65.239356, 0.0 ], [ 145.981765, 65.239269, 0.0 ], [ 145.981124, 65.239264, 0.0 ], [ 145.98112, 65.239345, 0.0 ], [ 145.981113, 65.239533, 0.0 ], [ 145.97983, 65.239525, 0.0 ], [ 145.979819, 65.239794, 0.0 ], [ 145.97888, 65.239787, 0.0 ], [ 145.978535, 65.239785, 0.0 ], [ 145.97853, 65.239937, 0.0 ], [ 145.978515, 65.240323, 0.0 ], [ 145.979798, 65.240332, 0.0 ], [ 145.979788, 65.240601, 0.0 ], [ 145.98043, 65.240606, 0.0 ], [ 145.980399, 65.241413, 0.0 ], [ 145.981041, 65.241417, 0.0 ], [ 145.98103, 65.241686, 0.0 ], [ 145.981672, 65.241691, 0.0 ], [ 145.981662, 65.24196, 0.0 ], [ 145.982304, 65.241964, 0.0 ], [ 145.982273, 65.242772, 0.0 ], [ 145.982914, 65.242776, 0.0 ], [ 145.982904, 65.243045, 0.0 ], [ 145.983546, 65.243049, 0.0 ], [ 145.983536, 65.243319, 0.0 ], [ 145.984178, 65.243323, 0.0 ], [ 145.984167, 65.243592, 0.0 ], [ 145.984809, 65.243596, 0.0 ], [ 145.984799, 65.243865, 0.0 ], [ 145.985441, 65.24387, 0.0 ], [ 145.985431, 65.244139, 0.0 ], [ 145.986072, 65.244143, 0.0 ], [ 145.986062, 65.244412, 0.0 ], [ 145.986704, 65.244417, 0.0 ], [ 145.986694, 65.244686, 0.0 ], [ 145.987336, 65.24469, 0.0 ], [ 145.987325, 65.244959, 0.0 ], [ 145.987967, 65.244964, 0.0 ], [ 145.987875, 65.247386, 0.0 ], [ 145.987233, 65.247382, 0.0 ], [ 145.987181, 65.248727, 0.0 ], [ 145.986539, 65.248723, 0.0 ], [ 145.986498, 65.249799, 0.0 ], [ 145.985856, 65.249795, 0.0 ], [ 145.985804, 65.251141, 0.0 ], [ 145.986446, 65.251145, 0.0 ], [ 145.986405, 65.252222, 0.0 ], [ 145.987047, 65.252226, 0.0 ], [ 145.987016, 65.253033, 0.0 ], [ 145.987658, 65.253038, 0.0 ], [ 145.987648, 65.253307, 0.0 ], [ 145.98829, 65.253311, 0.0 ], [ 145.98828, 65.25358, 0.0 ], [ 145.988922, 65.253585, 0.0 ], [ 145.988912, 65.253854, 0.0 ], [ 145.989554, 65.253858, 0.0 ], [ 145.989544, 65.254127, 0.0 ], [ 145.990186, 65.254131, 0.0 ], [ 145.990176, 65.254401, 0.0 ], [ 145.990818, 65.254405, 0.0 ], [ 145.990808, 65.254674, 0.0 ], [ 145.992092, 65.254683, 0.0 ], [ 145.992082, 65.254952, 0.0 ], [ 145.994008, 65.254965, 0.0 ], [ 145.994039, 65.254157, 0.0 ], [ 145.993397, 65.254153, 0.0 ], [ 145.993438, 65.253076, 0.0 ], [ 145.992796, 65.253072, 0.0 ], [ 145.992816, 65.252534, 0.0 ], [ 145.992174, 65.25253, 0.0 ], [ 145.992205, 65.251722, 0.0 ], [ 145.991563, 65.251718, 0.0 ] ] ] } },
{ "type": "Feature", "properties": { "rgi_id": "RGI2000-v7.0-G-10-00671", "o1region": "10", "o2region": "10-03", "glims_id": "G146010E65237N", "anlys_id": 423802, "subm_id": 636, "src_date": "2013-08-12T00:00:00", "cenlon": 146.00783695754717, "cenlat": 65.2373665, "utm_zone": 55, "area_km2": 0.110783161730619, "primeclass": 0, "conn_lvl": 0, "surge_type": 0, "term_type": 9, "glac_name": null, "is_rgi6": 1, "termlon": 146.00875200015452, "termlat": 65.238640995842914, "zmin_m": 2542.8713, "zmax_m": 2851.1782, "zmed_m": 2684.2568, "zmean_m": 2686.9802, "slope_deg": 38.7217, "aspect_deg": 21.389412, "aspect_sec": 1, "dem_source": "COPDEM30", "lmax_m": 377 }, "geometry": { "type": "Polygon", "coordinates": [ [ [ 146.013924, 65.237673, 0.0 ], [ 146.013947, 65.23706, 0.0 ], [ 146.012664, 65.237052, 0.0 ], [ 146.012674, 65.236783, 0.0 ], [ 146.012032, 65.236778, 0.0 ], [ 146.012042, 65.236509, 0.0 ], [ 146.006266, 65.236471, 0.0 ], [ 146.006257, 65.23671, 0.0 ], [ 146.006256, 65.23674, 0.0 ], [ 146.004142, 65.236726, 0.0 ], [ 146.002405, 65.236715, 0.0 ], [ 146.002395, 65.236984, 0.0 ], [ 146.001753, 65.23698, 0.0 ], [ 146.001713, 65.23804, 0.0 ], [ 146.001713, 65.238056, 0.0 ], [ 146.001706, 65.238056, 0.0 ], [ 146.001071, 65.238052, 0.0 ], [ 146.001061, 65.238321, 0.0 ], [ 146.001649, 65.238325, 0.0 ], [ 146.001703, 65.238325, 0.0 ], [ 146.001692, 65.238594, 0.0 ], [ 146.005543, 65.23862, 0.0 ], [ 146.005553, 65.238351, 0.0 ], [ 146.006837, 65.238359, 0.0 ], [ 146.006827, 65.238628, 0.0 ], [ 146.008752, 65.238641, 0.0 ], [ 146.008762, 65.238372, 0.0 ], [ 146.01133, 65.238389, 0.0 ], [ 146.01134, 65.23812, 0.0 ], [ 146.011982, 65.238124, 0.0 ], [ 146.011992, 65.237855, 0.0 ], [ 146.013917, 65.237867, 0.0 ], [ 146.013924, 65.237673, 0.0 ] ] ] } },
{ "type": "Feature", "properties": { "rgi_id": "RGI2000-v7.0-G-10-00672", "o1region": "10", "o2region": "10-03", "glims_id": "G145984E65234N", "anlys_id": 423796, "subm_id": 636, "src_date": "2013-08-12T00:00:00", "cenlon": 145.98617092193308, "cenlat": 65.233196, "utm_zone": 55, "area_km2": 0.29181725057684699, "primeclass": 0, "conn_lvl": 0, "surge_type": 0, "term_type": 9, "glac_name": "44", "is_rgi6": 1, "termlon": 145.9729679787537, "termlat": 65.23436354432269, "zmin_m": 2072.5952, "zmax_m": 2500.2249, "zmed_m": 2264.774, "zmean_m": 2254.473, "slope_deg": 24.481117, "aspect_deg": 309.10272216796875, "aspect_sec": 8, "dem_source": "COPDEM30", "lmax_m": 1032 }, "geometry": { "type": "Polygon", "coordinates": [ [ [ 145.990273, 65.235019, 0.0 ], [ 145.990284, 65.23475, 0.0 ], [ 145.990925, 65.234754, 0.0 ], [ 145.990956, 65.233946, 0.0 ], [ 145.991598, 65.233951, 0.0 ], [ 145.991608, 65.233682, 0.0 ], [ 145.99225, 65.233686, 0.0 ], [ 145.99226, 65.233417, 0.0 ], [ 145.992902, 65.233421, 0.0 ], [ 145.992922, 65.232883, 0.0 ], [ 145.993564, 65.232887, 0.0 ], [ 145.993595, 65.23208, 0.0 ], [ 145.992953, 65.232075, 0.0 ], [ 145.992963, 65.231806, 0.0 ], [ 145.992322, 65.231802, 0.0 ], [ 145.992332, 65.231533, 0.0 ], [ 145.99169, 65.231529, 0.0 ], [ 145.9917, 65.231259, 0.0 ], [ 145.990417, 65.231251, 0.0 ], [ 145.990424, 65.231068, 0.0 ], [ 145.990427, 65.230982, 0.0 ], [ 145.989575, 65.230976, 0.0 ], [ 145.988503, 65.230969, 0.0 ], [ 145.988504, 65.230928, 0.0 ], [ 145.988513, 65.2307, 0.0 ], [ 145.98723, 65.230691, 0.0 ], [ 145.987215, 65.23108, 0.0 ], [ 145.987209, 65.231229, 0.0 ], [ 145.986567, 65.231225, 0.0 ], [ 145.986557, 65.231494, 0.0 ], [ 145.984582, 65.231481, 0.0 ], [ 145.983349, 65.231472, 0.0 ], [ 145.983343, 65.231617, 0.0 ], [ 145.983339, 65.231742, 0.0 ], [ 145.982697, 65.231737, 0.0 ], [ 145.982687, 65.232006, 0.0 ], [ 145.982045, 65.232002, 0.0 ], [ 145.982035, 65.232271, 0.0 ], [ 145.981393, 65.232267, 0.0 ], [ 145.981372, 65.232805, 0.0 ], [ 145.980731, 65.232801, 0.0 ], [ 145.98072, 65.23307, 0.0 ], [ 145.979437, 65.233061, 0.0 ], [ 145.979426, 65.23333, 0.0 ], [ 145.978143, 65.233322, 0.0 ], [ 145.978133, 65.233591, 0.0 ], [ 145.977491, 65.233586, 0.0 ], [ 145.977481, 65.233855, 0.0 ], [ 145.976197, 65.233847, 0.0 ], [ 145.976208, 65.233578, 0.0 ], [ 145.974283, 65.233564, 0.0 ], [ 145.974272, 65.233834, 0.0 ], [ 145.97363, 65.233829, 0.0 ], [ 145.97361, 65.234367, 0.0 ], [ 145.972968, 65.234363, 0.0 ], [ 145.972947, 65.234901, 0.0 ], [ 145.972305, 65.234897, 0.0 ], [ 145.972284, 65.235435, 0.0 ], [ 145.972926, 65.23544, 0.0 ], [ 145.972916, 65.235709, 0.0 ], [ 145.977408, 65.235739, 0.0 ], [ 145.977418, 65.23547, 0.0 ], [ 145.979343, 65.235483, 0.0 ], [ 145.979354, 65.235214, 0.0 ], [ 145.981279, 65.235227, 0.0 ], [ 145.981289, 65.234958, 0.0 ], [ 145.982573, 65.234967, 0.0 ], [ 145.982583, 65.234698, 0.0 ], [ 145.984508, 65.234711, 0.0 ], [ 145.984498, 65.23498, 0.0 ], [ 145.987065, 65.234997, 0.0 ], [ 145.987075, 65.234728, 0.0 ], [ 145.988359, 65.234737, 0.0 ], [ 145.988348, 65.235006, 0.0 ], [ 145.990273, 65.235019, 0.0 ] ] ] } },
{ "type": "Feature", "properties": { "rgi_id": "RGI2000-v7.0-G-10-00673", "o1region": "10", "o2region": "10-03", "glims_id": "G145976E65224N", "anlys_id": 423791, "subm_id": 636, "src_date": "2013-08-12T00:00:00", "cenlon": 145.97465266285667, "cenlat": 65.224019, "utm_zone": 55, "area_km2": 0.02341681121747, "primeclass": 0, "conn_lvl": 0, "surge_type": 0, "term_type": 9, "glac_name": null, "is_rgi6": 1, "termlon": 145.97157955731552, "termlat": 65.223854870220933, "zmin_m": 1786.2103, "zmax_m": 1846.4972, "zmed_m": 1824.4324, "zmean_m": 1822.5078, "slope_deg": 10.715864, "aspect_deg": 281.18741607666016, "aspect_sec": 7, "dem_source": "COPDEM30", "lmax_m": 315 }, "geometry": { "type": "Polygon", "coordinates": [ [ [ 145.977855, 65.224167, 0.0 ], [ 145.977876, 65.223628, 0.0 ], [ 145.97531, 65.223611, 0.0 ], [ 145.975299, 65.22388, 0.0 ], [ 145.971451, 65.223854, 0.0 ], [ 145.97143, 65.224392, 0.0 ], [ 145.972713, 65.224401, 0.0 ], [ 145.972702, 65.22467, 0.0 ], [ 145.975268, 65.224687, 0.0 ], [ 145.975279, 65.224418, 0.0 ], [ 145.976562, 65.224427, 0.0 ], [ 145.976572, 65.224158, 0.0 ], [ 145.977855, 65.224167, 0.0 ] ] ] } },
{ "type": "Feature", "properties": { "rgi_id": "RGI2000-v7.0-G-10-00674", "o1region": "10", "o2region": "10-03", "glims_id": "G145982E65207N", "anlys_id": 423794, "subm_id": 636, "src_date": "2013-08-12T00:00:00", "cenlon": 145.98106862738854, "cenlat": 65.2073505, "utm_zone": 55, "area_km2": 0.033326892665469003, "primeclass": 0, "conn_lvl": 0, "surge_type": 0, "term_type": 9, "glac_name": null, "is_rgi6": 1, "termlon": 145.98294977915938, "termlat": 65.208461954537583, "zmin_m": 2287.4287, "zmax_m": 2564.7139, "zmed_m": 2490.522, "zmean_m": 2465.7056, "slope_deg": 41.693787, "aspect_deg": 8.299909, "aspect_sec": 1, "dem_source": "COPDEM30", "lmax_m": 271 }, "geometry": { "type": "Polygon", "coordinates": [ [ [ 145.981756, 65.206156, 0.0 ], [ 145.980474, 65.206148, 0.0 ], [ 145.980463, 65.206417, 0.0 ], [ 145.979181, 65.206408, 0.0 ], [ 145.979171, 65.206677, 0.0 ], [ 145.97853, 65.206673, 0.0 ], [ 145.978509, 65.207211, 0.0 ], [ 145.97915, 65.207216, 0.0 ], [ 145.97914, 65.207485, 0.0 ], [ 145.980422, 65.207493, 0.0 ], [ 145.980411, 65.207763, 0.0 ], [ 145.981053, 65.207767, 0.0 ], [ 145.981042, 65.208036, 0.0 ], [ 145.981683, 65.20804, 0.0 ], [ 145.981673, 65.20831, 0.0 ], [ 145.982314, 65.208314, 0.0 ], [ 145.982304, 65.208583, 0.0 ], [ 145.982945, 65.208587, 0.0 ], [ 145.983017, 65.206703, 0.0 ], [ 145.982376, 65.206699, 0.0 ], [ 145.982386, 65.20643, 0.0 ], [ 145.981745, 65.206426, 0.0 ], [ 145.981756, 65.206156, 0.0 ] ] ] } },
{ "type": "Feature", "properties": { "rgi_id": "RGI2000-v7.0-G-10-00675", "o1region": "10", "o2region": "10-03", "glims_id": "G145988E65206N", "anlys_id": 423795, "subm_id": 636, "src_date": "2013-08-12T00:00:00", "cenlon": 145.98946851602324, "cenlat": 65.2056705, "utm_zone": 55, "area_km2": 0.066651231134822006, "primeclass": 0, "conn_lvl": 0, "surge_type": 0, "term_type": 9, "glac_name": null, "is_rgi6": 1, "termlon": 145.98844519486966, "termlat": 65.207278497961752, "zmin_m": 2307.3608, "zmax_m": 2658.729, "zmed_m": 2479.5942, "zmean_m": 2477.6943, "slope_deg": 48.30091, "aspect_deg": 347.98037433624268, "aspect_sec": 1, "dem_source": "COPDEM30", "lmax_m": 337 }, "geometry": { "type": "Polygon", "coordinates": [ [ [ 145.992612, 65.207306, 0.0 ], [ 145.992684, 65.205423, 0.0 ], [ 145.992043, 65.205418, 0.0 ], [ 145.992063, 65.20488, 0.0 ], [ 145.991422, 65.204876, 0.0 ], [ 145.991432, 65.204606, 0.0 ], [ 145.990792, 65.204602, 0.0 ], [ 145.990802, 65.204333, 0.0 ], [ 145.990161, 65.204329, 0.0 ], [ 145.990151, 65.204598, 0.0 ], [ 145.988228, 65.204585, 0.0 ], [ 145.988217, 65.204854, 0.0 ], [ 145.986935, 65.204845, 0.0 ], [ 145.986925, 65.205115, 0.0 ], [ 145.986284, 65.20511, 0.0 ], [ 145.986253, 65.205918, 0.0 ], [ 145.986894, 65.205922, 0.0 ], [ 145.986863, 65.206729, 0.0 ], [ 145.987504, 65.206734, 0.0 ], [ 145.987494, 65.207003, 0.0 ], [ 145.988135, 65.207007, 0.0 ], [ 145.988125, 65.207276, 0.0 ], [ 145.988766, 65.207281, 0.0 ], [ 145.988776, 65.207011, 0.0 ], [ 145.989417, 65.207016, 0.0 ], [ 145.989438, 65.206478, 0.0 ], [ 145.990079, 65.206482, 0.0 ], [ 145.990089, 65.206213, 0.0 ], [ 145.99073, 65.206217, 0.0 ], [ 145.99072, 65.206486, 0.0 ], [ 145.991361, 65.20649, 0.0 ], [ 145.99133, 65.207298, 0.0 ], [ 145.992612, 65.207306, 0.0 ] ] ] } },
{ "type": "Feature", "properties": { "rgi_id": "RGI2000-v7.0-G-10-00676", "o1region": "10", "o2region": "10-03", "glims_id": "G146009E65212N", "anlys_id": 423801, "subm_id": 636, "src_date": "2013-08-12T00:00:00", "cenlon": 146.01774532077229, "cenlat": 65.2125515, "utm_zone": 55, "area_km2": 2.2570674593993898, "primeclass": 0, "conn_lvl": 0, "surge_type": 0, "term_type": 9, "glac_name": "Melnikova", "is_rgi6": 1, "termlon": 145.97911249447483, "termlat": 65.224835199379982, "zmin_m": 1844.4768, "zmax_m": 2800.9001, "zmed_m": 2177.37, "zmean_m": 2187.4412, "slope_deg": 14.527355, "aspect_deg": 345.61704158782959, "aspect_sec": 1, "dem_source": "COPDEM30", "lmax_m": 4162 }, "geometry": { "type": "Polygon", "coordinates": [ [ [ 145.983721, 65.221784, 0.0 ], [ 145.98308, 65.221779, 0.0 ], [ 145.983069, 65.222048, 0.0 ], [ 145.981786, 65.22204, 0.0 ], [ 145.981776, 65.222309, 0.0 ], [ 145.981135, 65.222304, 0.0 ], [ 145.981124, 65.222574, 0.0 ], [ 145.979841, 65.222565, 0.0 ], [ 145.979831, 65.222834, 0.0 ], [ 145.97919, 65.22283, 0.0 ], [ 145.979159, 65.223637, 0.0 ], [ 145.981083, 65.22365, 0.0 ], [ 145.981093, 65.223381, 0.0 ], [ 145.983659, 65.223398, 0.0 ], [ 145.983669, 65.223129, 0.0 ], [ 145.985594, 65.223142, 0.0 ], [ 145.985583, 65.223411, 0.0 ], [ 145.984942, 65.223407, 0.0 ], [ 145.984932, 65.223676, 0.0 ], [ 145.983649, 65.223668, 0.0 ], [ 145.983638, 65.223937, 0.0 ], [ 145.982355, 65.223928, 0.0 ], [ 145.982345, 65.224197, 0.0 ], [ 145.981704, 65.224193, 0.0 ], [ 145.981693, 65.224462, 0.0 ], [ 145.98041, 65.224453, 0.0 ], [ 145.9804, 65.224722, 0.0 ], [ 145.979117, 65.224714, 0.0 ], [ 145.979107, 65.224983, 0.0 ], [ 145.978465, 65.224978, 0.0 ], [ 145.978455, 65.225248, 0.0 ], [ 145.981021, 65.225265, 0.0 ], [ 145.981031, 65.224996, 0.0 ], [ 145.982314, 65.225005, 0.0 ], [ 145.982324, 65.224735, 0.0 ], [ 145.984249, 65.224748, 0.0 ], [ 145.984259, 65.224479, 0.0 ], [ 145.984901, 65.224484, 0.0 ], [ 145.984911, 65.224214, 0.0 ], [ 145.986835, 65.224227, 0.0 ], [ 145.986846, 65.223958, 0.0 ], [ 145.988129, 65.223967, 0.0 ], [ 145.988139, 65.223698, 0.0 ], [ 145.98878, 65.223702, 0.0 ], [ 145.988791, 65.223433, 0.0 ], [ 145.990073, 65.223442, 0.0 ], [ 145.990084, 65.223172, 0.0 ], [ 145.990696, 65.223177, 0.0 ], [ 145.990725, 65.223177, 0.0 ], [ 145.990726, 65.223163, 0.0 ], [ 145.990735, 65.222908, 0.0 ], [ 145.99127, 65.222911, 0.0 ], [ 145.991377, 65.222912, 0.0 ], [ 145.991379, 65.222856, 0.0 ], [ 145.991387, 65.222643, 0.0 ], [ 145.991773, 65.222645, 0.0 ], [ 145.992028, 65.222647, 0.0 ], [ 145.992033, 65.22252, 0.0 ], [ 145.992049, 65.222109, 0.0 ], [ 145.99269, 65.222113, 0.0 ], [ 145.992701, 65.221844, 0.0 ], [ 145.993342, 65.221848, 0.0 ], [ 145.993362, 65.22131, 0.0 ], [ 145.994004, 65.221314, 0.0 ], [ 145.994014, 65.221045, 0.0 ], [ 145.994655, 65.221049, 0.0 ], [ 145.994666, 65.22078, 0.0 ], [ 145.995307, 65.220785, 0.0 ], [ 145.995317, 65.220515, 0.0 ], [ 145.995899, 65.220519, 0.0 ], [ 145.995959, 65.22052, 0.0 ], [ 145.99596, 65.220485, 0.0 ], [ 145.995979, 65.219982, 0.0 ], [ 145.99662, 65.219986, 0.0 ], [ 145.996631, 65.219717, 0.0 ], [ 145.997272, 65.219721, 0.0 ], [ 145.997282, 65.219452, 0.0 ], [ 145.997924, 65.219456, 0.0 ], [ 145.997934, 65.219187, 0.0 ], [ 145.998575, 65.219191, 0.0 ], [ 145.998585, 65.218922, 0.0 ], [ 145.999227, 65.218926, 0.0 ], [ 145.999237, 65.218657, 0.0 ], [ 145.999878, 65.218661, 0.0 ], [ 145.999888, 65.218392, 0.0 ], [ 146.00053, 65.218397, 0.0 ], [ 146.00054, 65.218127, 0.0 ], [ 146.001181, 65.218132, 0.0 ], [ 146.001191, 65.217863, 0.0 ], [ 146.002474, 65.217871, 0.0 ], [ 146.002484, 65.217602, 0.0 ], [ 146.003767, 65.21761, 0.0 ], [ 146.003777, 65.217341, 0.0 ], [ 146.005701, 65.217354, 0.0 ], [ 146.005711, 65.217085, 0.0 ], [ 146.006352, 65.217089, 0.0 ], [ 146.006362, 65.21682, 0.0 ], [ 146.007645, 65.216829, 0.0 ], [ 146.007655, 65.216559, 0.0 ], [ 146.008937, 65.216568, 0.0 ], [ 146.008947, 65.216299, 0.0 ], [ 146.009589, 65.216303, 0.0 ], [ 146.009599, 65.216034, 0.0 ], [ 146.01024, 65.216038, 0.0 ], [ 146.01025, 65.215769, 0.0 ], [ 146.010891, 65.215773, 0.0 ], [ 146.010901, 65.215504, 0.0 ], [ 146.011543, 65.215508, 0.0 ], [ 146.011553, 65.215239, 0.0 ], [ 146.012194, 65.215243, 0.0 ], [ 146.012204, 65.214974, 0.0 ], [ 146.012845, 65.214978, 0.0 ], [ 146.012855, 65.214709, 0.0 ], [ 146.01346, 65.214713, 0.0 ], [ 146.013496, 65.214713, 0.0 ], [ 146.013497, 65.214694, 0.0 ], [ 146.013506, 65.214444, 0.0 ], [ 146.013979, 65.214447, 0.0 ], [ 146.014148, 65.214448, 0.0 ], [ 146.014151, 65.214369, 0.0 ], [ 146.014168, 65.21391, 0.0 ], [ 146.014809, 65.213914, 0.0 ], [ 146.014819, 65.213645, 0.0 ], [ 146.01546, 65.213649, 0.0 ], [ 146.01547, 65.21338, 0.0 ], [ 146.016753, 65.213389, 0.0 ], [ 146.016762, 65.21312, 0.0 ], [ 146.018045, 65.213128, 0.0 ], [ 146.018055, 65.212859, 0.0 ], [ 146.019337, 65.212867, 0.0 ], [ 146.019347, 65.212598, 0.0 ], [ 146.028324, 65.212656, 0.0 ], [ 146.02832, 65.212759, 0.0 ], [ 146.028314, 65.212925, 0.0 ], [ 146.029596, 65.212934, 0.0 ], [ 146.029603, 65.212762, 0.0 ], [ 146.029606, 65.212665, 0.0 ], [ 146.030247, 65.212669, 0.0 ], [ 146.030257, 65.2124, 0.0 ], [ 146.030898, 65.212404, 0.0 ], [ 146.030908, 65.212135, 0.0 ], [ 146.031549, 65.212139, 0.0 ], [ 146.031559, 65.21187, 0.0 ], [ 146.0322, 65.211874, 0.0 ], [ 146.03221, 65.211605, 0.0 ], [ 146.033493, 65.211613, 0.0 ], [ 146.033502, 65.211344, 0.0 ], [ 146.034736, 65.211352, 0.0 ], [ 146.034785, 65.211352, 0.0 ], [ 146.034785, 65.211338, 0.0 ], [ 146.034795, 65.211083, 0.0 ], [ 146.035436, 65.211087, 0.0 ], [ 146.035446, 65.210818, 0.0 ], [ 146.036087, 65.210822, 0.0 ], [ 146.036096, 65.210553, 0.0 ], [ 146.036738, 65.210557, 0.0 ], [ 146.036747, 65.210288, 0.0 ], [ 146.037388, 65.210292, 0.0 ], [ 146.037398, 65.210023, 0.0 ], [ 146.038039, 65.210027, 0.0 ], [ 146.038059, 65.209489, 0.0 ], [ 146.0387, 65.209493, 0.0 ], [ 146.03872, 65.208954, 0.0 ], [ 146.039361, 65.208958, 0.0 ], [ 146.03937, 65.208689, 0.0 ], [ 146.040012, 65.208693, 0.0 ], [ 146.040019, 65.208499, 0.0 ], [ 146.04005, 65.207646, 0.0 ], [ 146.04006, 65.207348, 0.0 ], [ 146.040101, 65.207348, 0.0 ], [ 146.040701, 65.207352, 0.0 ], [ 146.04075, 65.206006, 0.0 ], [ 146.040109, 65.206002, 0.0 ], [ 146.040129, 65.205464, 0.0 ], [ 146.039488, 65.20546, 0.0 ], [ 146.039497, 65.205191, 0.0 ], [ 146.038856, 65.205186, 0.0 ], [ 146.038866, 65.204917, 0.0 ], [ 146.037584, 65.204909, 0.0 ], [ 146.037594, 65.20464, 0.0 ], [ 146.036953, 65.204636, 0.0 ], [ 146.036963, 65.204367, 0.0 ], [ 146.036322, 65.204363, 0.0 ], [ 146.036331, 65.204093, 0.0 ], [ 146.03569, 65.204089, 0.0 ], [ 146.0357, 65.20382, 0.0 ], [ 146.035059, 65.203816, 0.0 ], [ 146.035069, 65.203547, 0.0 ], [ 146.034428, 65.203543, 0.0 ], [ 146.034438, 65.203274, 0.0 ], [ 146.033833, 65.20327, 0.0 ], [ 146.033797, 65.20327, 0.0 ], [ 146.033798, 65.203243, 0.0 ], [ 146.033807, 65.203, 0.0 ], [ 146.03347, 65.202998, 0.0 ], [ 146.033166, 65.202996, 0.0 ], [ 146.033167, 65.202974, 0.0 ], [ 146.033176, 65.202727, 0.0 ], [ 146.032535, 65.202723, 0.0 ], [ 146.032544, 65.202454, 0.0 ], [ 146.029981, 65.202437, 0.0 ], [ 146.029971, 65.202707, 0.0 ], [ 146.02933, 65.202702, 0.0 ], [ 146.02932, 65.202972, 0.0 ], [ 146.028679, 65.202967, 0.0 ], [ 146.028676, 65.203055, 0.0 ], [ 146.028669, 65.203237, 0.0 ], [ 146.028028, 65.203232, 0.0 ], [ 146.028018, 65.203502, 0.0 ], [ 146.028659, 65.203506, 0.0 ], [ 146.02864, 65.204044, 0.0 ], [ 146.027999, 65.20404, 0.0 ], [ 146.027969, 65.204847, 0.0 ], [ 146.027328, 65.204843, 0.0 ], [ 146.027318, 65.205112, 0.0 ], [ 146.025395, 65.2051, 0.0 ], [ 146.025385, 65.205369, 0.0 ], [ 146.024744, 65.205365, 0.0 ], [ 146.024724, 65.205903, 0.0 ], [ 146.025365, 65.205907, 0.0 ], [ 146.025346, 65.206445, 0.0 ], [ 146.025987, 65.20645, 0.0 ], [ 146.025977, 65.206719, 0.0 ], [ 146.030464, 65.206748, 0.0 ], [ 146.030454, 65.207017, 0.0 ], [ 146.031095, 65.207021, 0.0 ], [ 146.031066, 65.207828, 0.0 ], [ 146.031707, 65.207833, 0.0 ], [ 146.031668, 65.208909, 0.0 ], [ 146.031026, 65.208905, 0.0 ], [ 146.031007, 65.209443, 0.0 ], [ 146.030366, 65.209439, 0.0 ], [ 146.030356, 65.209708, 0.0 ], [ 146.029715, 65.209704, 0.0 ], [ 146.029695, 65.210242, 0.0 ], [ 146.029054, 65.210238, 0.0 ], [ 146.029044, 65.210507, 0.0 ], [ 146.026479, 65.210491, 0.0 ], [ 146.02647, 65.21076, 0.0 ], [ 146.025828, 65.210756, 0.0 ], [ 146.025818, 65.211025, 0.0 ], [ 146.025177, 65.211021, 0.0 ], [ 146.025187, 65.210752, 0.0 ], [ 146.024546, 65.210747, 0.0 ], [ 146.024556, 65.210478, 0.0 ], [ 146.023915, 65.210474, 0.0 ], [ 146.023935, 65.209936, 0.0 ], [ 146.022652, 65.209928, 0.0 ], [ 146.022662, 65.209658, 0.0 ], [ 146.020098, 65.209642, 0.0 ], [ 146.020088, 65.209911, 0.0 ], [ 146.019447, 65.209907, 0.0 ], [ 146.019437, 65.210176, 0.0 ], [ 146.018796, 65.210172, 0.0 ], [ 146.018806, 65.209903, 0.0 ], [ 146.018165, 65.209898, 0.0 ], [ 146.018175, 65.209629, 0.0 ], [ 146.016892, 65.209621, 0.0 ], [ 146.016912, 65.209083, 0.0 ], [ 146.016271, 65.209078, 0.0 ], [ 146.016281, 65.208809, 0.0 ], [ 146.01564, 65.208805, 0.0 ], [ 146.01569, 65.207459, 0.0 ], [ 146.016331, 65.207464, 0.0 ], [ 146.016341, 65.207194, 0.0 ], [ 146.017623, 65.207203, 0.0 ], [ 146.017633, 65.206934, 0.0 ], [ 146.018274, 65.206938, 0.0 ], [ 146.018294, 65.2064, 0.0 ], [ 146.017653, 65.206395, 0.0 ], [ 146.017683, 65.205588, 0.0 ], [ 146.017042, 65.205584, 0.0 ], [ 146.017062, 65.205045, 0.0 ], [ 146.016421, 65.205041, 0.0 ], [ 146.016441, 65.204503, 0.0 ], [ 146.0158, 65.204499, 0.0 ], [ 146.01582, 65.203961, 0.0 ], [ 146.015179, 65.203956, 0.0 ], [ 146.015189, 65.203687, 0.0 ], [ 146.013907, 65.203679, 0.0 ], [ 146.013937, 65.202871, 0.0 ], [ 146.014578, 65.202876, 0.0 ], [ 146.014588, 65.202606, 0.0 ], [ 146.015229, 65.202611, 0.0 ], [ 146.015239, 65.202342, 0.0 ], [ 146.014598, 65.202337, 0.0 ], [ 146.014608, 65.202068, 0.0 ], [ 146.013326, 65.20206, 0.0 ], [ 146.013336, 65.201791, 0.0 ], [ 146.012695, 65.201786, 0.0 ], [ 146.012735, 65.200732, 0.0 ], [ 146.012756, 65.200172, 0.0 ], [ 146.012115, 65.200167, 0.0 ], [ 146.012125, 65.199898, 0.0 ], [ 146.011484, 65.199894, 0.0 ], [ 146.011474, 65.200163, 0.0 ], [ 146.010833, 65.200159, 0.0 ], [ 146.010823, 65.200428, 0.0 ], [ 146.010182, 65.200424, 0.0 ], [ 146.010177, 65.200566, 0.0 ], [ 146.010142, 65.2015, 0.0 ], [ 146.010783, 65.201505, 0.0 ], [ 146.010763, 65.202043, 0.0 ], [ 146.010122, 65.202039, 0.0 ], [ 146.010112, 65.202308, 0.0 ], [ 146.009471, 65.202304, 0.0 ], [ 146.009461, 65.202573, 0.0 ], [ 146.00882, 65.202569, 0.0 ], [ 146.00881, 65.202838, 0.0 ], [ 146.008169, 65.202833, 0.0 ], [ 146.008138, 65.203641, 0.0 ], [ 146.008779, 65.203645, 0.0 ], [ 146.008759, 65.204183, 0.0 ], [ 146.008118, 65.204179, 0.0 ], [ 146.008108, 65.204448, 0.0 ], [ 146.007467, 65.204444, 0.0 ], [ 146.007447, 65.204982, 0.0 ], [ 146.006806, 65.204978, 0.0 ], [ 146.006796, 65.205247, 0.0 ], [ 146.006155, 65.205243, 0.0 ], [ 146.006145, 65.205512, 0.0 ], [ 146.005504, 65.205508, 0.0 ], [ 146.005494, 65.205777, 0.0 ], [ 146.004853, 65.205773, 0.0 ], [ 146.004843, 65.206042, 0.0 ], [ 146.004202, 65.206038, 0.0 ], [ 146.004192, 65.206307, 0.0 ], [ 146.00291, 65.206298, 0.0 ], [ 146.002899, 65.206567, 0.0 ], [ 146.002258, 65.206563, 0.0 ], [ 146.002248, 65.206832, 0.0 ], [ 146.002889, 65.206837, 0.0 ], [ 146.002859, 65.207644, 0.0 ], [ 146.004141, 65.207652, 0.0 ], [ 146.004121, 65.208191, 0.0 ], [ 146.00348, 65.208186, 0.0 ], [ 146.00349, 65.207917, 0.0 ], [ 146.002208, 65.207909, 0.0 ], [ 146.002167, 65.208985, 0.0 ], [ 146.002808, 65.20899, 0.0 ], [ 146.002747, 65.210604, 0.0 ], [ 146.003389, 65.210609, 0.0 ], [ 146.003378, 65.210878, 0.0 ], [ 146.00402, 65.210882, 0.0 ], [ 146.004009, 65.211151, 0.0 ], [ 146.004651, 65.211155, 0.0 ], [ 146.0046, 65.212501, 0.0 ], [ 146.005241, 65.212505, 0.0 ], [ 146.005211, 65.213313, 0.0 ], [ 146.00457, 65.213309, 0.0 ], [ 146.00456, 65.213578, 0.0 ], [ 146.003918, 65.213573, 0.0 ], [ 146.003908, 65.213843, 0.0 ], [ 146.001985, 65.21383, 0.0 ], [ 146.001974, 65.214099, 0.0 ], [ 146.001333, 65.214095, 0.0 ], [ 146.001323, 65.214364, 0.0 ], [ 146.000041, 65.214355, 0.0 ], [ 146.00003, 65.214624, 0.0 ], [ 145.998748, 65.214616, 0.0 ], [ 145.998738, 65.214885, 0.0 ], [ 145.996814, 65.214872, 0.0 ], [ 145.996804, 65.215141, 0.0 ], [ 145.995521, 65.215133, 0.0 ], [ 145.995511, 65.215402, 0.0 ], [ 145.994229, 65.215393, 0.0 ], [ 145.994331, 65.212702, 0.0 ], [ 145.99369, 65.212698, 0.0 ], [ 145.99372, 65.21189, 0.0 ], [ 145.993079, 65.211886, 0.0 ], [ 145.9931, 65.211348, 0.0 ], [ 145.992459, 65.211343, 0.0 ], [ 145.99253, 65.20946, 0.0 ], [ 145.991889, 65.209455, 0.0 ], [ 145.99192, 65.208648, 0.0 ], [ 145.990638, 65.208639, 0.0 ], [ 145.990648, 65.20837, 0.0 ], [ 145.990007, 65.208366, 0.0 ], [ 145.990027, 65.207828, 0.0 ], [ 145.988745, 65.207819, 0.0 ], [ 145.988714, 65.208626, 0.0 ], [ 145.988073, 65.208622, 0.0 ], [ 145.988063, 65.208891, 0.0 ], [ 145.987422, 65.208887, 0.0 ], [ 145.987412, 65.209156, 0.0 ], [ 145.986771, 65.209152, 0.0 ], [ 145.98676, 65.209421, 0.0 ], [ 145.986119, 65.209416, 0.0 ], [ 145.986078, 65.210493, 0.0 ], [ 145.986719, 65.210497, 0.0 ], [ 145.986709, 65.210766, 0.0 ], [ 145.98735, 65.210771, 0.0 ], [ 145.987319, 65.211578, 0.0 ], [ 145.986678, 65.211574, 0.0 ], [ 145.986606, 65.213458, 0.0 ], [ 145.987247, 65.213462, 0.0 ], [ 145.987227, 65.214, 0.0 ], [ 145.987868, 65.214005, 0.0 ], [ 145.987837, 65.214812, 0.0 ], [ 145.987196, 65.214808, 0.0 ], [ 145.987206, 65.214539, 0.0 ], [ 145.986565, 65.214534, 0.0 ], [ 145.986575, 65.214265, 0.0 ], [ 145.985934, 65.214261, 0.0 ], [ 145.985913, 65.214799, 0.0 ], [ 145.986554, 65.214803, 0.0 ], [ 145.986544, 65.215073, 0.0 ], [ 145.987185, 65.215077, 0.0 ], [ 145.987165, 65.215615, 0.0 ], [ 145.988447, 65.215624, 0.0 ], [ 145.988396, 65.216969, 0.0 ], [ 145.989037, 65.216974, 0.0 ], [ 145.989017, 65.217512, 0.0 ], [ 145.988375, 65.217508, 0.0 ], [ 145.988355, 65.218046, 0.0 ], [ 145.987713, 65.218042, 0.0 ], [ 145.987703, 65.218311, 0.0 ], [ 145.987062, 65.218306, 0.0 ], [ 145.987041, 65.218845, 0.0 ], [ 145.9864, 65.21884, 0.0 ], [ 145.98639, 65.21911, 0.0 ], [ 145.985748, 65.219105, 0.0 ], [ 145.985728, 65.219644, 0.0 ], [ 145.985086, 65.219639, 0.0 ], [ 145.985076, 65.219908, 0.0 ], [ 145.984435, 65.219904, 0.0 ], [ 145.984424, 65.220173, 0.0 ], [ 145.983783, 65.220169, 0.0 ], [ 145.983773, 65.220438, 0.0 ], [ 145.983131, 65.220434, 0.0 ], [ 145.983121, 65.220703, 0.0 ], [ 145.98248, 65.220698, 0.0 ], [ 145.982469, 65.220968, 0.0 ], [ 145.981828, 65.220963, 0.0 ], [ 145.981817, 65.221232, 0.0 ], [ 145.981176, 65.221228, 0.0 ], [ 145.981166, 65.221497, 0.0 ], [ 145.983731, 65.221514, 0.0 ], [ 145.983721, 65.221784, 0.0 ] ], [ [ 145.985604, 65.222873, 0.0 ], [ 145.986887, 65.222882, 0.0 ], [ 145.986876, 65.223151, 0.0 ], [ 145.985594, 65.223142, 0.0 ], [ 145.985604, 65.222873, 0.0 ] ], [ [ 145.986897, 65.222613, 0.0 ], [ 145.987539, 65.222617, 0.0 ], [ 145.987528, 65.222886, 0.0 ], [ 145.986887, 65.222882, 0.0 ], [ 145.986897, 65.222613, 0.0 ] ], [ [ 145.987549, 65.222348, 0.0 ], [ 145.98819, 65.222352, 0.0 ], [ 145.988201, 65.222083, 0.0 ], [ 145.988842, 65.222087, 0.0 ], [ 145.988852, 65.221818, 0.0 ], [ 145.989494, 65.221822, 0.0 ], [ 145.989504, 65.221553, 0.0 ], [ 145.990145, 65.221558, 0.0 ], [ 145.990125, 65.222096, 0.0 ], [ 145.989483, 65.222092, 0.0 ], [ 145.989473, 65.222361, 0.0 ], [ 145.988832, 65.222356, 0.0 ], [ 145.988821, 65.222626, 0.0 ], [ 145.987539, 65.222617, 0.0 ], [ 145.987549, 65.222348, 0.0 ] ], [ [ 145.983742, 65.221245, 0.0 ], [ 145.984383, 65.22125, 0.0 ], [ 145.984373, 65.221519, 0.0 ], [ 145.983731, 65.221514, 0.0 ], [ 145.983742, 65.221245, 0.0 ] ], [ [ 145.984393, 65.220981, 0.0 ], [ 145.985035, 65.220985, 0.0 ], [ 145.985045, 65.220716, 0.0 ], [ 145.985686, 65.22072, 0.0 ], [ 145.985707, 65.220182, 0.0 ], [ 145.986348, 65.220186, 0.0 ], [ 145.986359, 65.219917, 0.0 ], [ 145.987, 65.219921, 0.0 ], [ 145.987021, 65.219383, 0.0 ], [ 145.987662, 65.219387, 0.0 ], [ 145.987683, 65.218849, 0.0 ], [ 145.988324, 65.218853, 0.0 ], [ 145.988334, 65.218584, 0.0 ], [ 145.988976, 65.218589, 0.0 ], [ 145.988996, 65.21805, 0.0 ], [ 145.989637, 65.218055, 0.0 ], [ 145.989648, 65.217785, 0.0 ], [ 145.990289, 65.21779, 0.0 ], [ 145.990299, 65.217521, 0.0 ], [ 145.990941, 65.217525, 0.0 ], [ 145.990951, 65.217256, 0.0 ], [ 145.991592, 65.21726, 0.0 ], [ 145.991572, 65.217798, 0.0 ], [ 145.99093, 65.217794, 0.0 ], [ 145.99091, 65.218332, 0.0 ], [ 145.990268, 65.218328, 0.0 ], [ 145.990258, 65.218597, 0.0 ], [ 145.989617, 65.218593, 0.0 ], [ 145.989596, 65.219131, 0.0 ], [ 145.988955, 65.219127, 0.0 ], [ 145.988945, 65.219396, 0.0 ], [ 145.988303, 65.219392, 0.0 ], [ 145.988283, 65.21993, 0.0 ], [ 145.987641, 65.219926, 0.0 ], [ 145.987631, 65.220195, 0.0 ], [ 145.98699, 65.22019, 0.0 ], [ 145.986969, 65.220729, 0.0 ], [ 145.986328, 65.220724, 0.0 ], [ 145.986317, 65.220993, 0.0 ], [ 145.985676, 65.220989, 0.0 ], [ 145.985666, 65.221258, 0.0 ], [ 145.984383, 65.22125, 0.0 ], [ 145.984393, 65.220981, 0.0 ] ] ] } },
{ "type": "Feature", "properties": { "rgi_id": "RGI2000-v7.0-G-10-00677", "o1region": "10", "o2region": "10-03", "glims_id": "G146017E65190N", "anlys_id": 423806, "subm_id": 636, "src_date": "2013-08-12T00:00:00", "cenlon": 146.04049695167288, "cenlat": 65.1917575, "utm_zone": 55, "area_km2": 0.38047293961323703, "primeclass": 0, "conn_lvl": 0, "surge_type": 0, "term_type": 9, "glac_name": "Sumgina", "is_rgi6": 1, "termlon": 146.06662707638867, "termlat": 65.192978571773551, "zmin_m": 2015.9797, "zmax_m": 2579.2712, "zmed_m": 2236.7668, "zmean_m": 2247.2598, "slope_deg": 18.570229, "aspect_deg": 23.475327, "aspect_sec": 2, "dem_source": "COPDEM30", "lmax_m": 1772 }, "geometry": { "type": "Polygon", "coordinates": [ [ [ 146.043966, 65.18795, 0.0 ], [ 146.041805, 65.188452, 0.0 ], [ 146.040802, 65.188696, 0.0 ], [ 146.040385, 65.188804, 0.0 ], [ 146.040028, 65.188904, 0.0 ], [ 146.039693, 65.189006, 0.0 ], [ 146.039388, 65.189112, 0.0 ], [ 146.039123, 65.189222, 0.0 ], [ 146.038912, 65.189338, 0.0 ], [ 146.038768, 65.189453, 0.0 ], [ 146.038526, 65.189689, 0.0 ], [ 146.038415, 65.189808, 0.0 ], [ 146.038242, 65.190052, 0.0 ], [ 146.037924, 65.190411, 0.0 ], [ 146.037809, 65.190529, 0.0 ], [ 146.037656, 65.190643, 0.0 ], [ 146.037294, 65.190865, 0.0 ], [ 146.037123, 65.190977, 0.0 ], [ 146.036824, 65.191207, 0.0 ], [ 146.036644, 65.191318, 0.0 ], [ 146.036241, 65.191535, 0.0 ], [ 146.036051, 65.191645, 0.0 ], [ 146.035715, 65.19187, 0.0 ], [ 146.03551, 65.191978, 0.0 ], [ 146.035277, 65.192083, 0.0 ], [ 146.03491, 65.192239, 0.0 ], [ 146.036762, 65.192251, 0.0 ], [ 146.036772, 65.191982, 0.0 ], [ 146.038053, 65.19199, 0.0 ], [ 146.038043, 65.19226, 0.0 ], [ 146.038684, 65.192264, 0.0 ], [ 146.038674, 65.192533, 0.0 ], [ 146.039315, 65.192537, 0.0 ], [ 146.039295, 65.193075, 0.0 ], [ 146.039936, 65.193079, 0.0 ], [ 146.039917, 65.193618, 0.0 ], [ 146.040557, 65.193622, 0.0 ], [ 146.040548, 65.193891, 0.0 ], [ 146.039907, 65.193887, 0.0 ], [ 146.039878, 65.194694, 0.0 ], [ 146.0418, 65.194706, 0.0 ], [ 146.04179, 65.194976, 0.0 ], [ 146.043072, 65.194984, 0.0 ], [ 146.043062, 65.195253, 0.0 ], [ 146.047547, 65.195281, 0.0 ], [ 146.047538, 65.19555, 0.0 ], [ 146.050101, 65.195567, 0.0 ], [ 146.05011, 65.195298, 0.0 ], [ 146.053955, 65.195322, 0.0 ], [ 146.053965, 65.195053, 0.0 ], [ 146.055887, 65.195065, 0.0 ], [ 146.055897, 65.194796, 0.0 ], [ 146.057178, 65.194804, 0.0 ], [ 146.057188, 65.194535, 0.0 ], [ 146.058469, 65.194543, 0.0 ], [ 146.058479, 65.194273, 0.0 ], [ 146.05976, 65.194281, 0.0 ], [ 146.05977, 65.194012, 0.0 ], [ 146.060411, 65.194016, 0.0 ], [ 146.06042, 65.193747, 0.0 ], [ 146.062983, 65.193763, 0.0 ], [ 146.062993, 65.193494, 0.0 ], [ 146.066196, 65.193514, 0.0 ], [ 146.066215, 65.192976, 0.0 ], [ 146.066856, 65.19298, 0.0 ], [ 146.066865, 65.192711, 0.0 ], [ 146.064943, 65.192699, 0.0 ], [ 146.064934, 65.192968, 0.0 ], [ 146.06173, 65.192948, 0.0 ], [ 146.061721, 65.193217, 0.0 ], [ 146.058517, 65.193197, 0.0 ], [ 146.058527, 65.192928, 0.0 ], [ 146.055964, 65.192912, 0.0 ], [ 146.055954, 65.193181, 0.0 ], [ 146.055313, 65.193177, 0.0 ], [ 146.055304, 65.193446, 0.0 ], [ 146.0521, 65.193426, 0.0 ], [ 146.052091, 65.193695, 0.0 ], [ 146.047605, 65.193667, 0.0 ], [ 146.047615, 65.193397, 0.0 ], [ 146.046974, 65.193393, 0.0 ], [ 146.047013, 65.192317, 0.0 ], [ 146.045732, 65.192309, 0.0 ], [ 146.045741, 65.192039, 0.0 ], [ 146.045101, 65.192035, 0.0 ], [ 146.045149, 65.19069, 0.0 ], [ 146.043868, 65.190682, 0.0 ], [ 146.043897, 65.189874, 0.0 ], [ 146.045178, 65.189882, 0.0 ], [ 146.045207, 65.189075, 0.0 ], [ 146.044567, 65.189071, 0.0 ], [ 146.044576, 65.188802, 0.0 ], [ 146.043936, 65.188798, 0.0 ], [ 146.043966, 65.18795, 0.0 ] ] ] } },
{ "type": "Feature", "properties": { "rgi_id": "RGI2000-v7.0-G-10-00678", "o1region": "10", "o2region": "10-03", "glims_id": "G146017E65190N", "anlys_id": 423806, "subm_id": 636, "src_date": "2013-08-12T00:00:00", "cenlon": 146.03756849814124, "cenlat": 65.187682, "utm_zone": 55, "area_km2": 3.4580394157084871, "primeclass": 0, "conn_lvl": 0, "surge_type": 0, "term_type": 9, "glac_name": "Sumgina", "is_rgi6": 1, "termlon": 145.95042943684339, "termlat": 65.198810163519269, "zmin_m": 1735.4113, "zmax_m": 2956.006, "zmed_m": 2274.01, "zmean_m": 2286.3157, "slope_deg": 17.466047, "aspect_deg": 337.78887748718262, "aspect_sec": 1, "dem_source": "COPDEM30", "lmax_m": 5326 }, "geometry": { "type": "Polygon", "coordinates": [ [ [ 146.040802, 65.188696, 0.0 ], [ 146.041805, 65.188452, 0.0 ], [ 146.043966, 65.18795, 0.0 ], [ 146.043975, 65.187721, 0.0 ], [ 146.043334, 65.187717, 0.0 ], [ 146.043344, 65.187448, 0.0 ], [ 146.042703, 65.187444, 0.0 ], [ 146.042722, 65.186905, 0.0 ], [ 146.043083, 65.186908, 0.0 ], [ 146.037935, 65.183106, 0.0 ], [ 146.037735, 65.183105, 0.0 ], [ 146.037705, 65.183912, 0.0 ], [ 146.037065, 65.183908, 0.0 ], [ 146.037055, 65.184177, 0.0 ], [ 146.037696, 65.184181, 0.0 ], [ 146.037676, 65.18472, 0.0 ], [ 146.038317, 65.184724, 0.0 ], [ 146.038307, 65.184993, 0.0 ], [ 146.037666, 65.184989, 0.0 ], [ 146.037647, 65.185527, 0.0 ], [ 146.037006, 65.185523, 0.0 ], [ 146.036987, 65.186061, 0.0 ], [ 146.036346, 65.186057, 0.0 ], [ 146.036336, 65.186326, 0.0 ], [ 146.033134, 65.186306, 0.0 ], [ 146.033124, 65.186575, 0.0 ], [ 146.032483, 65.186571, 0.0 ], [ 146.032444, 65.187647, 0.0 ], [ 146.031803, 65.187643, 0.0 ], [ 146.031794, 65.187912, 0.0 ], [ 146.029872, 65.1879, 0.0 ], [ 146.029862, 65.188169, 0.0 ], [ 146.030503, 65.188173, 0.0 ], [ 146.030483, 65.188711, 0.0 ], [ 146.029842, 65.188707, 0.0 ], [ 146.029832, 65.188976, 0.0 ], [ 146.028551, 65.188968, 0.0 ], [ 146.028561, 65.188699, 0.0 ], [ 146.02728, 65.188691, 0.0 ], [ 146.02729, 65.188422, 0.0 ], [ 146.026649, 65.188417, 0.0 ], [ 146.026659, 65.188148, 0.0 ], [ 146.026018, 65.188144, 0.0 ], [ 146.026038, 65.187606, 0.0 ], [ 146.026679, 65.18761, 0.0 ], [ 146.026698, 65.187072, 0.0 ], [ 146.027339, 65.187076, 0.0 ], [ 146.027359, 65.186538, 0.0 ], [ 146.027999, 65.186542, 0.0 ], [ 146.028009, 65.186273, 0.0 ], [ 146.02865, 65.186277, 0.0 ], [ 146.02866, 65.186008, 0.0 ], [ 146.0293, 65.186012, 0.0 ], [ 146.029359, 65.184397, 0.0 ], [ 146.03, 65.184401, 0.0 ], [ 146.030059, 65.182786, 0.0 ], [ 146.030699, 65.18279, 0.0 ], [ 146.030709, 65.182521, 0.0 ], [ 146.03135, 65.182525, 0.0 ], [ 146.031359, 65.182256, 0.0 ], [ 146.032, 65.18226, 0.0 ], [ 146.032039, 65.181184, 0.0 ], [ 146.031399, 65.18118, 0.0 ], [ 146.031418, 65.180641, 0.0 ], [ 146.030778, 65.180637, 0.0 ], [ 146.030798, 65.180099, 0.0 ], [ 146.031438, 65.180103, 0.0 ], [ 146.031456, 65.179602, 0.0 ], [ 146.031477, 65.179027, 0.0 ], [ 146.031256, 65.179025, 0.0 ], [ 146.030837, 65.179022, 0.0 ], [ 146.030844, 65.178825, 0.0 ], [ 146.030857, 65.178484, 0.0 ], [ 146.028831, 65.178471, 0.0 ], [ 146.027655, 65.178463, 0.0 ], [ 146.027665, 65.178194, 0.0 ], [ 146.027024, 65.17819, 0.0 ], [ 146.027034, 65.177921, 0.0 ], [ 146.026394, 65.177917, 0.0 ], [ 146.026403, 65.177666, 0.0 ], [ 146.026404, 65.177648, 0.0 ], [ 146.025989, 65.177645, 0.0 ], [ 146.025763, 65.177644, 0.0 ], [ 146.025764, 65.177629, 0.0 ], [ 146.025773, 65.177374, 0.0 ], [ 146.023852, 65.177362, 0.0 ], [ 146.023849, 65.177455, 0.0 ], [ 146.023842, 65.177631, 0.0 ], [ 146.023202, 65.177627, 0.0 ], [ 146.023192, 65.177896, 0.0 ], [ 146.022552, 65.177892, 0.0 ], [ 146.022562, 65.177623, 0.0 ], [ 146.021921, 65.177619, 0.0 ], [ 146.021931, 65.177349, 0.0 ], [ 146.021291, 65.177345, 0.0 ], [ 146.021298, 65.17716, 0.0 ], [ 146.021301, 65.177076, 0.0 ], [ 146.020661, 65.177072, 0.0 ], [ 146.02067, 65.176803, 0.0 ], [ 146.02003, 65.176799, 0.0 ], [ 146.02004, 65.176529, 0.0 ], [ 146.018119, 65.176517, 0.0 ], [ 146.018109, 65.176786, 0.0 ], [ 146.017885, 65.176785, 0.0 ], [ 146.016851, 65.176778, 0.0 ], [ 146.016829, 65.176778, 0.0 ], [ 146.016828, 65.17678, 0.0 ], [ 146.016819, 65.177047, 0.0 ], [ 146.015538, 65.177038, 0.0 ], [ 146.015528, 65.177308, 0.0 ], [ 146.012553, 65.177288, 0.0 ], [ 146.011686, 65.177282, 0.0 ], [ 146.011686, 65.177283, 0.0 ], [ 146.011676, 65.177551, 0.0 ], [ 146.010395, 65.177543, 0.0 ], [ 146.010385, 65.177812, 0.0 ], [ 146.009745, 65.177808, 0.0 ], [ 146.009725, 65.178346, 0.0 ], [ 146.009084, 65.178342, 0.0 ], [ 146.008994, 65.180764, 0.0 ], [ 146.010275, 65.180773, 0.0 ], [ 146.010285, 65.180504, 0.0 ], [ 146.010925, 65.180508, 0.0 ], [ 146.010935, 65.180239, 0.0 ], [ 146.011576, 65.180243, 0.0 ], [ 146.011586, 65.179974, 0.0 ], [ 146.012226, 65.179978, 0.0 ], [ 146.012236, 65.179709, 0.0 ], [ 146.014157, 65.179721, 0.0 ], [ 146.014167, 65.179452, 0.0 ], [ 146.014808, 65.179456, 0.0 ], [ 146.014818, 65.179187, 0.0 ], [ 146.015458, 65.179192, 0.0 ], [ 146.015468, 65.178922, 0.0 ], [ 146.01867, 65.178943, 0.0 ], [ 146.01865, 65.179482, 0.0 ], [ 146.01801, 65.179477, 0.0 ], [ 146.018, 65.179747, 0.0 ], [ 146.016719, 65.179738, 0.0 ], [ 146.016709, 65.180007, 0.0 ], [ 146.016068, 65.180003, 0.0 ], [ 146.016029, 65.18108, 0.0 ], [ 146.014748, 65.181071, 0.0 ], [ 146.014738, 65.18134, 0.0 ], [ 146.014097, 65.181336, 0.0 ], [ 146.014087, 65.181605, 0.0 ], [ 146.013447, 65.181601, 0.0 ], [ 146.013437, 65.18187, 0.0 ], [ 146.012796, 65.181866, 0.0 ], [ 146.012766, 65.182674, 0.0 ], [ 146.012126, 65.182669, 0.0 ], [ 146.012066, 65.184284, 0.0 ], [ 146.012706, 65.184288, 0.0 ], [ 146.012676, 65.185096, 0.0 ], [ 146.013317, 65.1851, 0.0 ], [ 146.013307, 65.185369, 0.0 ], [ 146.013947, 65.185373, 0.0 ], [ 146.013937, 65.185642, 0.0 ], [ 146.014578, 65.185647, 0.0 ], [ 146.014548, 65.186454, 0.0 ], [ 146.015188, 65.186458, 0.0 ], [ 146.015138, 65.187804, 0.0 ], [ 146.014498, 65.1878, 0.0 ], [ 146.014478, 65.188338, 0.0 ], [ 146.013837, 65.188334, 0.0 ], [ 146.013827, 65.188603, 0.0 ], [ 146.013186, 65.188599, 0.0 ], [ 146.013176, 65.188868, 0.0 ], [ 146.011895, 65.188859, 0.0 ], [ 146.011885, 65.189129, 0.0 ], [ 146.011245, 65.189124, 0.0 ], [ 146.011235, 65.189394, 0.0 ], [ 146.010594, 65.189389, 0.0 ], [ 146.010584, 65.189658, 0.0 ], [ 146.009943, 65.189654, 0.0 ], [ 146.009933, 65.189923, 0.0 ], [ 146.008011, 65.189911, 0.0 ], [ 146.008001, 65.19018, 0.0 ], [ 146.007361, 65.190176, 0.0 ], [ 146.007351, 65.190445, 0.0 ], [ 146.006069, 65.190436, 0.0 ], [ 146.006059, 65.190705, 0.0 ], [ 146.004778, 65.190697, 0.0 ], [ 146.004768, 65.190966, 0.0 ], [ 146.003486, 65.190958, 0.0 ], [ 146.003476, 65.191227, 0.0 ], [ 145.995788, 65.191175, 0.0 ], [ 145.995809, 65.190637, 0.0 ], [ 145.996449, 65.190642, 0.0 ], [ 145.99648, 65.189834, 0.0 ], [ 145.997121, 65.189838, 0.0 ], [ 145.997182, 65.188224, 0.0 ], [ 145.997822, 65.188228, 0.0 ], [ 145.997863, 65.187151, 0.0 ], [ 145.998504, 65.187156, 0.0 ], [ 145.998544, 65.186079, 0.0 ], [ 145.999185, 65.186083, 0.0 ], [ 145.999205, 65.185545, 0.0 ], [ 145.999846, 65.185549, 0.0 ], [ 145.999866, 65.185011, 0.0 ], [ 146.000506, 65.185015, 0.0 ], [ 146.000516, 65.184746, 0.0 ], [ 146.001157, 65.18475, 0.0 ], [ 146.001167, 65.184481, 0.0 ], [ 146.001808, 65.184486, 0.0 ], [ 146.001828, 65.183947, 0.0 ], [ 146.002468, 65.183952, 0.0 ], [ 146.002479, 65.183682, 0.0 ], [ 146.003119, 65.183687, 0.0 ], [ 146.003129, 65.183417, 0.0 ], [ 146.00377, 65.183422, 0.0 ], [ 146.00378, 65.183153, 0.0 ], [ 146.00442, 65.183157, 0.0 ], [ 146.00443, 65.182888, 0.0 ], [ 146.005071, 65.182892, 0.0 ], [ 146.005091, 65.182354, 0.0 ], [ 146.00445, 65.182349, 0.0 ], [ 146.004531, 65.180196, 0.0 ], [ 146.003891, 65.180192, 0.0 ], [ 146.003901, 65.179923, 0.0 ], [ 146.004541, 65.179927, 0.0 ], [ 146.004551, 65.179658, 0.0 ], [ 146.005192, 65.179662, 0.0 ], [ 146.005202, 65.179393, 0.0 ], [ 146.005842, 65.179397, 0.0 ], [ 146.005863, 65.178859, 0.0 ], [ 146.006503, 65.178863, 0.0 ], [ 146.006553, 65.177518, 0.0 ], [ 146.007194, 65.177522, 0.0 ], [ 146.007204, 65.177253, 0.0 ], [ 146.007844, 65.177257, 0.0 ], [ 146.00786, 65.176825, 0.0 ], [ 146.007884, 65.17618, 0.0 ], [ 146.007244, 65.176176, 0.0 ], [ 146.007254, 65.175907, 0.0 ], [ 146.006614, 65.175903, 0.0 ], [ 146.006624, 65.175634, 0.0 ], [ 146.005984, 65.175629, 0.0 ], [ 146.005994, 65.17536, 0.0 ], [ 146.002792, 65.175339, 0.0 ], [ 146.002783, 65.175583, 0.0 ], [ 146.002782, 65.175608, 0.0 ], [ 146.002142, 65.175604, 0.0 ], [ 146.002132, 65.175873, 0.0 ], [ 146.00007, 65.175859, 0.0 ], [ 145.99957, 65.175856, 0.0 ], [ 145.999566, 65.175975, 0.0 ], [ 145.99953, 65.176933, 0.0 ], [ 146.00017, 65.176937, 0.0 ], [ 146.00016, 65.177206, 0.0 ], [ 146.0008, 65.17721, 0.0 ], [ 146.000709, 65.179633, 0.0 ], [ 146.000069, 65.179628, 0.0 ], [ 146.000059, 65.179897, 0.0 ], [ 145.998137, 65.179885, 0.0 ], [ 145.998087, 65.18123, 0.0 ], [ 145.997446, 65.181226, 0.0 ], [ 145.997436, 65.181495, 0.0 ], [ 145.996796, 65.181491, 0.0 ], [ 145.996785, 65.18176, 0.0 ], [ 145.996145, 65.181756, 0.0 ], [ 145.996125, 65.182294, 0.0 ], [ 145.995484, 65.18229, 0.0 ], [ 145.995464, 65.182828, 0.0 ], [ 145.996104, 65.182832, 0.0 ], [ 145.996094, 65.183101, 0.0 ], [ 145.995454, 65.183097, 0.0 ], [ 145.995443, 65.183366, 0.0 ], [ 145.994162, 65.183358, 0.0 ], [ 145.994152, 65.183627, 0.0 ], [ 145.993512, 65.183623, 0.0 ], [ 145.993502, 65.183892, 0.0 ], [ 145.99158, 65.183879, 0.0 ], [ 145.99157, 65.184148, 0.0 ], [ 145.990929, 65.184144, 0.0 ], [ 145.990919, 65.184413, 0.0 ], [ 145.990279, 65.184408, 0.0 ], [ 145.990258, 65.184947, 0.0 ], [ 145.989618, 65.184942, 0.0 ], [ 145.989587, 65.18575, 0.0 ], [ 145.990227, 65.185754, 0.0 ], [ 145.990186, 65.186831, 0.0 ], [ 145.988905, 65.186822, 0.0 ], [ 145.988916, 65.186553, 0.0 ], [ 145.987634, 65.186544, 0.0 ], [ 145.987624, 65.186813, 0.0 ], [ 145.986984, 65.186809, 0.0 ], [ 145.986973, 65.187078, 0.0 ], [ 145.987614, 65.187083, 0.0 ], [ 145.987604, 65.187352, 0.0 ], [ 145.989525, 65.187365, 0.0 ], [ 145.989515, 65.187634, 0.0 ], [ 145.990156, 65.187638, 0.0 ], [ 145.990135, 65.188176, 0.0 ], [ 145.989495, 65.188172, 0.0 ], [ 145.989423, 65.190056, 0.0 ], [ 145.988782, 65.190052, 0.0 ], [ 145.988741, 65.191128, 0.0 ], [ 145.9881, 65.191124, 0.0 ], [ 145.98809, 65.191393, 0.0 ], [ 145.98745, 65.191389, 0.0 ], [ 145.987439, 65.191658, 0.0 ], [ 145.986799, 65.191654, 0.0 ], [ 145.986768, 65.192461, 0.0 ], [ 145.986127, 65.192457, 0.0 ], [ 145.986117, 65.192726, 0.0 ], [ 145.984835, 65.192717, 0.0 ], [ 145.984815, 65.193255, 0.0 ], [ 145.984174, 65.193251, 0.0 ], [ 145.984164, 65.19352, 0.0 ], [ 145.983523, 65.193516, 0.0 ], [ 145.983513, 65.193785, 0.0 ], [ 145.982872, 65.193781, 0.0 ], [ 145.982862, 65.19405, 0.0 ], [ 145.982221, 65.194045, 0.0 ], [ 145.982211, 65.194315, 0.0 ], [ 145.98157, 65.19431, 0.0 ], [ 145.981559, 65.194579, 0.0 ], [ 145.980919, 65.194575, 0.0 ], [ 145.980908, 65.194844, 0.0 ], [ 145.980268, 65.19484, 0.0 ], [ 145.980257, 65.195109, 0.0 ], [ 145.979617, 65.195105, 0.0 ], [ 145.979606, 65.195374, 0.0 ], [ 145.978965, 65.195369, 0.0 ], [ 145.978955, 65.195639, 0.0 ], [ 145.977674, 65.19563, 0.0 ], [ 145.977663, 65.195899, 0.0 ], [ 145.977022, 65.195895, 0.0 ], [ 145.977012, 65.196164, 0.0 ], [ 145.976371, 65.196159, 0.0 ], [ 145.976361, 65.196428, 0.0 ], [ 145.97572, 65.196424, 0.0 ], [ 145.97571, 65.196693, 0.0 ], [ 145.974428, 65.196685, 0.0 ], [ 145.974418, 65.196954, 0.0 ], [ 145.971214, 65.196932, 0.0 ], [ 145.971203, 65.197201, 0.0 ], [ 145.969922, 65.197192, 0.0 ], [ 145.969911, 65.197461, 0.0 ], [ 145.967348, 65.197444, 0.0 ], [ 145.962687, 65.197549, 0.0 ], [ 145.955903, 65.197561, 0.0 ], [ 145.952785, 65.197777, 0.0 ], [ 145.950795, 65.19806, 0.0 ], [ 145.950334, 65.199006, 0.0 ], [ 145.952275, 65.19997, 0.0 ], [ 145.957227, 65.199826, 0.0 ], [ 145.958922, 65.199808, 0.0 ], [ 145.970792, 65.19992, 0.0 ], [ 145.975177, 65.199831, 0.0 ], [ 145.97959, 65.19903, 0.0 ], [ 145.98465, 65.197562, 0.0 ], [ 145.98466, 65.197292, 0.0 ], [ 145.985942, 65.197301, 0.0 ], [ 145.985952, 65.197032, 0.0 ], [ 145.986593, 65.197036, 0.0 ], [ 145.986603, 65.196767, 0.0 ], [ 145.987244, 65.196771, 0.0 ], [ 145.987254, 65.196502, 0.0 ], [ 145.987895, 65.196507, 0.0 ], [ 145.987905, 65.196237, 0.0 ], [ 145.988546, 65.196242, 0.0 ], [ 145.988556, 65.195973, 0.0 ], [ 145.990479, 65.195986, 0.0 ], [ 145.990489, 65.195716, 0.0 ], [ 145.99177, 65.195725, 0.0 ], [ 145.991781, 65.195456, 0.0 ], [ 145.993062, 65.195465, 0.0 ], [ 145.993072, 65.195195, 0.0 ], [ 145.994354, 65.195204, 0.0 ], [ 145.994364, 65.194935, 0.0 ], [ 146.007179, 65.19502, 0.0 ], [ 146.007189, 65.194751, 0.0 ], [ 146.010393, 65.194772, 0.0 ], [ 146.010403, 65.194503, 0.0 ], [ 146.011685, 65.194511, 0.0 ], [ 146.011695, 65.194242, 0.0 ], [ 146.014898, 65.194263, 0.0 ], [ 146.014908, 65.193994, 0.0 ], [ 146.016831, 65.194007, 0.0 ], [ 146.016841, 65.193738, 0.0 ], [ 146.018763, 65.19375, 0.0 ], [ 146.018773, 65.193481, 0.0 ], [ 146.020054, 65.193489, 0.0 ], [ 146.020064, 65.19322, 0.0 ], [ 146.021345, 65.193229, 0.0 ], [ 146.021355, 65.192959, 0.0 ], [ 146.022637, 65.192968, 0.0 ], [ 146.022647, 65.192699, 0.0 ], [ 146.023928, 65.192707, 0.0 ], [ 146.023938, 65.192438, 0.0 ], [ 146.02586, 65.19245, 0.0 ], [ 146.02587, 65.192181, 0.0 ], [ 146.03491, 65.192239, 0.0 ], [ 146.035277, 65.192083, 0.0 ], [ 146.03551, 65.191978, 0.0 ], [ 146.035715, 65.19187, 0.0 ], [ 146.036051, 65.191645, 0.0 ], [ 146.036241, 65.191535, 0.0 ], [ 146.036644, 65.191318, 0.0 ], [ 146.036824, 65.191207, 0.0 ], [ 146.037123, 65.190977, 0.0 ], [ 146.037294, 65.190865, 0.0 ], [ 146.037656, 65.190643, 0.0 ], [ 146.037809, 65.190529, 0.0 ], [ 146.037924, 65.190411, 0.0 ], [ 146.038242, 65.190052, 0.0 ], [ 146.038415, 65.189808, 0.0 ], [ 146.038526, 65.189689, 0.0 ], [ 146.038768, 65.189453, 0.0 ], [ 146.038912, 65.189338, 0.0 ], [ 146.039123, 65.189222, 0.0 ], [ 146.039388, 65.189112, 0.0 ], [ 146.039693, 65.189006, 0.0 ], [ 146.040028, 65.188904, 0.0 ], [ 146.040385, 65.188804, 0.0 ], [ 146.040802, 65.188696, 0.0 ] ], [ [ 146.025684, 65.179797, 0.0 ], [ 146.025704, 65.179258, 0.0 ], [ 146.026344, 65.179263, 0.0 ], [ 146.026354, 65.178993, 0.0 ], [ 146.026995, 65.178998, 0.0 ], [ 146.027005, 65.178728, 0.0 ], [ 146.027645, 65.178733, 0.0 ], [ 146.027615, 65.17954, 0.0 ], [ 146.026975, 65.179536, 0.0 ], [ 146.026965, 65.179805, 0.0 ], [ 146.025684, 65.179797, 0.0 ] ], [ [ 146.01929, 65.179486, 0.0 ], [ 146.0193, 65.179217, 0.0 ], [ 146.019941, 65.179221, 0.0 ], [ 146.019951, 65.178952, 0.0 ], [ 146.020591, 65.178956, 0.0 ], [ 146.020611, 65.178418, 0.0 ], [ 146.021892, 65.178426, 0.0 ], [ 146.021862, 65.179233, 0.0 ], [ 146.021221, 65.179229, 0.0 ], [ 146.021212, 65.179498, 0.0 ], [ 146.020571, 65.179494, 0.0 ], [ 146.020561, 65.179763, 0.0 ], [ 146.019921, 65.179759, 0.0 ], [ 146.019931, 65.17949, 0.0 ], [ 146.01929, 65.179486, 0.0 ] ] ] } },
{ "type": "Feature", "properties": { "rgi_id": "RGI2000-v7.0-G-10-00679", "o1region": "10", "o2region": "10-03", "glims_id": "G146056E65184N", "anlys_id": 423817, "subm_id": 636, "src_date": "2013-08-12T00:00:00", "cenlon": 146.05668312528798, "cenlat": 65.1816875, "utm_zone": 55, "area_km2": 0.44572268015928801, "primeclass": 0, "conn_lvl": 0, "surge_type": 0, "term_type": 9, "glac_name": null, "is_rgi6": 1, "termlon": 146.05844735219841, "termlat": 65.177111128919464, "zmin_m": 2116.5637, "zmax_m": 2794.4153, "zmed_m": 2385.64, "zmean_m": 2417.9304, "slope_deg": 23.139101, "aspect_deg": 95.85344, "aspect_sec": 3, "dem_source": "COPDEM30", "lmax_m": 1741 }, "geometry": { "type": "Polygon", "coordinates": [ [ [ 146.037935, 65.183106, 0.0 ], [ 146.043083, 65.186908, 0.0 ], [ 146.043363, 65.18691, 0.0 ], [ 146.043373, 65.18664, 0.0 ], [ 146.044654, 65.186649, 0.0 ], [ 146.044644, 65.186918, 0.0 ], [ 146.049769, 65.18695, 0.0 ], [ 146.049778, 65.186681, 0.0 ], [ 146.0517, 65.186693, 0.0 ], [ 146.05171, 65.186424, 0.0 ], [ 146.052991, 65.186432, 0.0 ], [ 146.052981, 65.186701, 0.0 ], [ 146.055543, 65.186717, 0.0 ], [ 146.055553, 65.186448, 0.0 ], [ 146.056194, 65.186452, 0.0 ], [ 146.056213, 65.185914, 0.0 ], [ 146.056853, 65.185918, 0.0 ], [ 146.056863, 65.185649, 0.0 ], [ 146.057503, 65.185653, 0.0 ], [ 146.057513, 65.185384, 0.0 ], [ 146.058154, 65.185388, 0.0 ], [ 146.058163, 65.185119, 0.0 ], [ 146.058804, 65.185123, 0.0 ], [ 146.058813, 65.184854, 0.0 ], [ 146.059454, 65.184858, 0.0 ], [ 146.059511, 65.183243, 0.0 ], [ 146.05887, 65.183239, 0.0 ], [ 146.058985, 65.180009, 0.0 ], [ 146.059625, 65.180013, 0.0 ], [ 146.059645, 65.179475, 0.0 ], [ 146.059004, 65.179471, 0.0 ], [ 146.059023, 65.178932, 0.0 ], [ 146.058383, 65.178928, 0.0 ], [ 146.058392, 65.178659, 0.0 ], [ 146.057752, 65.178655, 0.0 ], [ 146.05779, 65.177579, 0.0 ], [ 146.058431, 65.177583, 0.0 ], [ 146.058459, 65.176775, 0.0 ], [ 146.057179, 65.176767, 0.0 ], [ 146.057169, 65.177036, 0.0 ], [ 146.056529, 65.177032, 0.0 ], [ 146.056519, 65.177302, 0.0 ], [ 146.055879, 65.177297, 0.0 ], [ 146.05586, 65.177836, 0.0 ], [ 146.055219, 65.177832, 0.0 ], [ 146.055191, 65.178639, 0.0 ], [ 146.055831, 65.178643, 0.0 ], [ 146.055793, 65.17972, 0.0 ], [ 146.055152, 65.179716, 0.0 ], [ 146.055114, 65.180792, 0.0 ], [ 146.054473, 65.180788, 0.0 ], [ 146.054406, 65.182672, 0.0 ], [ 146.053766, 65.182668, 0.0 ], [ 146.053747, 65.183206, 0.0 ], [ 146.053106, 65.183202, 0.0 ], [ 146.053087, 65.183741, 0.0 ], [ 146.052446, 65.183737, 0.0 ], [ 146.052437, 65.184006, 0.0 ], [ 146.047953, 65.183977, 0.0 ], [ 146.047963, 65.183708, 0.0 ], [ 146.047322, 65.183704, 0.0 ], [ 146.047342, 65.183166, 0.0 ], [ 146.046701, 65.183162, 0.0 ], [ 146.046711, 65.182893, 0.0 ], [ 146.042868, 65.182868, 0.0 ], [ 146.042878, 65.182599, 0.0 ], [ 146.040316, 65.182583, 0.0 ], [ 146.040306, 65.182852, 0.0 ], [ 146.038385, 65.18284, 0.0 ], [ 146.038375, 65.183109, 0.0 ], [ 146.037935, 65.183106, 0.0 ] ] ] } },
{ "type": "Feature", "properties": { "rgi_id": "RGI2000-v7.0-G-10-00680", "o1region": "10", "o2region": "10-03", "glims_id": "G146056E65174N", "anlys_id": 423809, "subm_id": 636, "src_date": "2013-08-12T00:00:00", "cenlon": 146.0391145, "cenlat": 65.171537, "utm_zone": 55, "area_km2": 1.444670501705924, "primeclass": 0, "conn_lvl": 0, "surge_type": 0, "term_type": 9, "glac_name": "18", "is_rgi6": 1, "termlon": 146.09238258877849, "termlat": 65.177392067324604, "zmin_m": 1867.291, "zmax_m": 2753.3752, "zmed_m": 2246.2085, "zmean_m": 2256.4998, "slope_deg": 20.262459, "aspect_deg": 21.784422, "aspect_sec": 1, "dem_source": "COPDEM30", "lmax_m": 3344 }, "geometry": { "type": "Polygon", "coordinates": [ [ [ 146.089854, 65.17643, 0.0 ], [ 146.087933, 65.176419, 0.0 ], [ 146.087942, 65.17615, 0.0 ], [ 146.087302, 65.176146, 0.0 ], [ 146.087311, 65.175877, 0.0 ], [ 146.086671, 65.175873, 0.0 ], [ 146.08668, 65.175604, 0.0 ], [ 146.088601, 65.175615, 0.0 ], [ 146.08862, 65.175077, 0.0 ], [ 146.086699, 65.175065, 0.0 ], [ 146.086708, 65.174796, 0.0 ], [ 146.086068, 65.174792, 0.0 ], [ 146.08604, 65.1756, 0.0 ], [ 146.084119, 65.175588, 0.0 ], [ 146.08411, 65.175857, 0.0 ], [ 146.080908, 65.175838, 0.0 ], [ 146.080917, 65.175568, 0.0 ], [ 146.080277, 65.175564, 0.0 ], [ 146.080286, 65.175295, 0.0 ], [ 146.079646, 65.175291, 0.0 ], [ 146.079656, 65.175022, 0.0 ], [ 146.079015, 65.175018, 0.0 ], [ 146.079025, 65.174749, 0.0 ], [ 146.077104, 65.174737, 0.0 ], [ 146.077113, 65.174468, 0.0 ], [ 146.075833, 65.17446, 0.0 ], [ 146.075842, 65.174191, 0.0 ], [ 146.072, 65.174168, 0.0 ], [ 146.07201, 65.173898, 0.0 ], [ 146.070729, 65.17389, 0.0 ], [ 146.070739, 65.173621, 0.0 ], [ 146.070098, 65.173617, 0.0 ], [ 146.070089, 65.173887, 0.0 ], [ 146.068808, 65.173879, 0.0 ], [ 146.068818, 65.173609, 0.0 ], [ 146.066897, 65.173598, 0.0 ], [ 146.066888, 65.173867, 0.0 ], [ 146.064327, 65.173851, 0.0 ], [ 146.064336, 65.173582, 0.0 ], [ 146.063696, 65.173578, 0.0 ], [ 146.063705, 65.173308, 0.0 ], [ 146.063065, 65.173304, 0.0 ], [ 146.063094, 65.172497, 0.0 ], [ 146.062453, 65.172493, 0.0 ], [ 146.062444, 65.172762, 0.0 ], [ 146.061163, 65.172754, 0.0 ], [ 146.061173, 65.172485, 0.0 ], [ 146.060533, 65.172481, 0.0 ], [ 146.060542, 65.172212, 0.0 ], [ 146.059902, 65.172208, 0.0 ], [ 146.059912, 65.171939, 0.0 ], [ 146.057351, 65.171923, 0.0 ], [ 146.057418, 65.170039, 0.0 ], [ 146.056777, 65.170035, 0.0 ], [ 146.056806, 65.169227, 0.0 ], [ 146.055526, 65.169219, 0.0 ], [ 146.055449, 65.171372, 0.0 ], [ 146.056089, 65.171376, 0.0 ], [ 146.05608, 65.171646, 0.0 ], [ 146.05544, 65.171641, 0.0 ], [ 146.05543, 65.171911, 0.0 ], [ 146.053509, 65.171899, 0.0 ], [ 146.053519, 65.171629, 0.0 ], [ 146.052879, 65.171625, 0.0 ], [ 146.052888, 65.171356, 0.0 ], [ 146.052248, 65.171352, 0.0 ], [ 146.052258, 65.171083, 0.0 ], [ 146.050978, 65.171075, 0.0 ], [ 146.051016, 65.169998, 0.0 ], [ 146.051656, 65.170002, 0.0 ], [ 146.051666, 65.169733, 0.0 ], [ 146.052306, 65.169737, 0.0 ], [ 146.052316, 65.169468, 0.0 ], [ 146.052956, 65.169472, 0.0 ], [ 146.053023, 65.167588, 0.0 ], [ 146.052383, 65.167584, 0.0 ], [ 146.05244, 65.165969, 0.0 ], [ 146.0518, 65.165965, 0.0 ], [ 146.051813, 65.165609, 0.0 ], [ 146.05182, 65.165427, 0.0 ], [ 146.05118, 65.165423, 0.0 ], [ 146.051189, 65.165154, 0.0 ], [ 146.050549, 65.16515, 0.0 ], [ 146.050541, 65.165381, 0.0 ], [ 146.05054, 65.165419, 0.0 ], [ 146.050087, 65.165416, 0.0 ], [ 146.0499, 65.165415, 0.0 ], [ 146.049899, 65.165442, 0.0 ], [ 146.04989, 65.165684, 0.0 ], [ 146.048796, 65.165677, 0.0 ], [ 146.04861, 65.165676, 0.0 ], [ 146.048608, 65.165727, 0.0 ], [ 146.0486, 65.165945, 0.0 ], [ 146.04796, 65.165941, 0.0 ], [ 146.04795, 65.16621, 0.0 ], [ 146.04736, 65.166206, 0.0 ], [ 146.04731, 65.166206, 0.0 ], [ 146.047309, 65.166234, 0.0 ], [ 146.047281, 65.167014, 0.0 ], [ 146.044721, 65.166997, 0.0 ], [ 146.044692, 65.167805, 0.0 ], [ 146.044052, 65.167801, 0.0 ], [ 146.044042, 65.16807, 0.0 ], [ 146.043402, 65.168066, 0.0 ], [ 146.043392, 65.168335, 0.0 ], [ 146.044032, 65.168339, 0.0 ], [ 146.044013, 65.168877, 0.0 ], [ 146.043373, 65.168873, 0.0 ], [ 146.043363, 65.169142, 0.0 ], [ 146.042083, 65.169134, 0.0 ], [ 146.042093, 65.168865, 0.0 ], [ 146.040172, 65.168853, 0.0 ], [ 146.040182, 65.168584, 0.0 ], [ 146.039542, 65.168579, 0.0 ], [ 146.039552, 65.16831, 0.0 ], [ 146.038911, 65.168306, 0.0 ], [ 146.03897, 65.166691, 0.0 ], [ 146.03833, 65.166687, 0.0 ], [ 146.03834, 65.166418, 0.0 ], [ 146.03834, 65.166418, 0.0 ], [ 146.0377, 65.166414, 0.0 ], [ 146.037698, 65.166465, 0.0 ], [ 146.03769, 65.166683, 0.0 ], [ 146.037101, 65.166679, 0.0 ], [ 146.03705, 65.166679, 0.0 ], [ 146.037049, 65.166708, 0.0 ], [ 146.03703, 65.167217, 0.0 ], [ 146.03767, 65.167221, 0.0 ], [ 146.037612, 65.168836, 0.0 ], [ 146.036331, 65.168828, 0.0 ], [ 146.036341, 65.168559, 0.0 ], [ 146.035701, 65.168555, 0.0 ], [ 146.035721, 65.168017, 0.0 ], [ 146.035081, 65.168012, 0.0 ], [ 146.0351, 65.167474, 0.0 ], [ 146.03446, 65.16747, 0.0 ], [ 146.03447, 65.167201, 0.0 ], [ 146.03383, 65.167197, 0.0 ], [ 146.033849, 65.166658, 0.0 ], [ 146.033209, 65.166654, 0.0 ], [ 146.033217, 65.166454, 0.0 ], [ 146.033219, 65.166385, 0.0 ], [ 146.032784, 65.166382, 0.0 ], [ 146.032579, 65.166381, 0.0 ], [ 146.03258, 65.166354, 0.0 ], [ 146.032589, 65.166112, 0.0 ], [ 146.031949, 65.166108, 0.0 ], [ 146.031942, 65.166296, 0.0 ], [ 146.031939, 65.166377, 0.0 ], [ 146.030659, 65.166369, 0.0 ], [ 146.030649, 65.166638, 0.0 ], [ 146.029908, 65.166633, 0.0 ], [ 146.029369, 65.16663, 0.0 ], [ 146.029356, 65.166968, 0.0 ], [ 146.029349, 65.167168, 0.0 ], [ 146.02897, 65.167165, 0.0 ], [ 146.028709, 65.167164, 0.0 ], [ 146.028704, 65.16731, 0.0 ], [ 146.028689, 65.167702, 0.0 ], [ 146.028049, 65.167698, 0.0 ], [ 146.028039, 65.167967, 0.0 ], [ 146.027399, 65.167963, 0.0 ], [ 146.027389, 65.168232, 0.0 ], [ 146.026455, 65.168226, 0.0 ], [ 146.026109, 65.168224, 0.0 ], [ 146.026103, 65.16839, 0.0 ], [ 146.026099, 65.168493, 0.0 ], [ 146.025943, 65.168492, 0.0 ], [ 146.025459, 65.168489, 0.0 ], [ 146.02545, 65.168748, 0.0 ], [ 146.025449, 65.168758, 0.0 ], [ 146.025426, 65.168758, 0.0 ], [ 146.024809, 65.168754, 0.0 ], [ 146.0248, 65.169003, 0.0 ], [ 146.024789, 65.169292, 0.0 ], [ 146.024287, 65.169289, 0.0 ], [ 146.024149, 65.169288, 0.0 ], [ 146.024144, 65.169439, 0.0 ], [ 146.02412, 65.170095, 0.0 ], [ 146.023636, 65.170092, 0.0 ], [ 146.023479, 65.170091, 0.0 ], [ 146.023474, 65.170249, 0.0 ], [ 146.02345, 65.170898, 0.0 ], [ 146.02409, 65.170903, 0.0 ], [ 146.02408, 65.171172, 0.0 ], [ 146.02472, 65.171176, 0.0 ], [ 146.02471, 65.171445, 0.0 ], [ 146.02535, 65.171449, 0.0 ], [ 146.025341, 65.171718, 0.0 ], [ 146.025981, 65.171722, 0.0 ], [ 146.025961, 65.172261, 0.0 ], [ 146.027882, 65.172273, 0.0 ], [ 146.027872, 65.172542, 0.0 ], [ 146.029152, 65.172551, 0.0 ], [ 146.029142, 65.17282, 0.0 ], [ 146.031703, 65.172836, 0.0 ], [ 146.031693, 65.173105, 0.0 ], [ 146.034895, 65.173126, 0.0 ], [ 146.034904, 65.172857, 0.0 ], [ 146.043868, 65.172914, 0.0 ], [ 146.043858, 65.173183, 0.0 ], [ 146.044498, 65.173187, 0.0 ], [ 146.044488, 65.173457, 0.0 ], [ 146.045769, 65.173465, 0.0 ], [ 146.045759, 65.173734, 0.0 ], [ 146.0464, 65.173738, 0.0 ], [ 146.04639, 65.174007, 0.0 ], [ 146.04703, 65.174011, 0.0 ], [ 146.04702, 65.17428, 0.0 ], [ 146.047661, 65.174284, 0.0 ], [ 146.047651, 65.174554, 0.0 ], [ 146.048291, 65.174558, 0.0 ], [ 146.048282, 65.174827, 0.0 ], [ 146.048922, 65.174831, 0.0 ], [ 146.048912, 65.1751, 0.0 ], [ 146.050193, 65.175108, 0.0 ], [ 146.050183, 65.175377, 0.0 ], [ 146.050824, 65.175381, 0.0 ], [ 146.050814, 65.17565, 0.0 ], [ 146.051454, 65.175654, 0.0 ], [ 146.051445, 65.175924, 0.0 ], [ 146.053365, 65.175936, 0.0 ], [ 146.053356, 65.176205, 0.0 ], [ 146.057198, 65.176229, 0.0 ], [ 146.057207, 65.17596, 0.0 ], [ 146.06361, 65.176, 0.0 ], [ 146.063601, 65.176269, 0.0 ], [ 146.067443, 65.176293, 0.0 ], [ 146.067433, 65.176562, 0.0 ], [ 146.071916, 65.17659, 0.0 ], [ 146.071906, 65.176859, 0.0 ], [ 146.074467, 65.176875, 0.0 ], [ 146.074458, 65.177144, 0.0 ], [ 146.077019, 65.17716, 0.0 ], [ 146.07701, 65.177429, 0.0 ], [ 146.080852, 65.177452, 0.0 ], [ 146.080861, 65.177183, 0.0 ], [ 146.082783, 65.177195, 0.0 ], [ 146.082773, 65.177464, 0.0 ], [ 146.084054, 65.177472, 0.0 ], [ 146.084045, 65.177741, 0.0 ], [ 146.085325, 65.177749, 0.0 ], [ 146.085335, 65.17748, 0.0 ], [ 146.092378, 65.177522, 0.0 ], [ 146.092397, 65.176984, 0.0 ], [ 146.091116, 65.176976, 0.0 ], [ 146.091125, 65.176707, 0.0 ], [ 146.089845, 65.1767, 0.0 ], [ 146.089854, 65.17643, 0.0 ] ], [ [ 146.057293, 65.173538, 0.0 ], [ 146.057322, 65.17273, 0.0 ], [ 146.057962, 65.172734, 0.0 ], [ 146.057972, 65.172465, 0.0 ], [ 146.058612, 65.172469, 0.0 ], [ 146.058603, 65.172738, 0.0 ], [ 146.059243, 65.172742, 0.0 ], [ 146.059224, 65.17328, 0.0 ], [ 146.058583, 65.173276, 0.0 ], [ 146.058574, 65.173546, 0.0 ], [ 146.057293, 65.173538, 0.0 ] ] ] } },
{ "type": "Feature", "properties": { "rgi_id": "RGI2000-v7.0-G-10-00681", "o1region": "10", "o2region": "10-03", "glims_id": "G146065E65167N", "anlys_id": 423819, "subm_id": 636, "src_date": "2013-08-12T00:00:00", "cenlon": 146.06449670381738, "cenlat": 65.169025, "utm_zone": 55, "area_km2": 0.13896865534854699, "primeclass": 0, "conn_lvl": 0, "surge_type": 0, "term_type": 9, "glac_name": null, "is_rgi6": 1, "termlon": 146.06310662189475, "termlat": 65.172127089496385, "zmin_m": 2161.7683, "zmax_m": 2668.0205, "zmed_m": 2472.8376, "zmean_m": 2456.3755, "slope_deg": 35.134117, "aspect_deg": 2.8309302, "aspect_sec": 1, "dem_source": "COPDEM30", "lmax_m": 695 }, "geometry": { "type": "Polygon", "coordinates": [ [ [ 146.063743, 65.172232, 0.0 ], [ 146.063753, 65.171963, 0.0 ], [ 146.064393, 65.171967, 0.0 ], [ 146.064412, 65.171428, 0.0 ], [ 146.065052, 65.171432, 0.0 ], [ 146.0651, 65.170087, 0.0 ], [ 146.06574, 65.170091, 0.0 ], [ 146.065768, 65.169283, 0.0 ], [ 146.066408, 65.169287, 0.0 ], [ 146.066427, 65.168749, 0.0 ], [ 146.067067, 65.168753, 0.0 ], [ 146.067086, 65.168215, 0.0 ], [ 146.067726, 65.168219, 0.0 ], [ 146.067717, 65.168488, 0.0 ], [ 146.068357, 65.168492, 0.0 ], [ 146.068319, 65.169568, 0.0 ], [ 146.070236, 65.16958, 0.0 ], [ 146.070264, 65.169553, 0.0 ], [ 146.070314, 65.169492, 0.0 ], [ 146.070347, 65.16943, 0.0 ], [ 146.070415, 65.169241, 0.0 ], [ 146.070535, 65.169057, 0.0 ], [ 146.070555, 65.168993, 0.0 ], [ 146.070542, 65.168908, 0.0 ], [ 146.070494, 65.16882, 0.0 ], [ 146.070419, 65.168728, 0.0 ], [ 146.070324, 65.168634, 0.0 ], [ 146.070097, 65.168441, 0.0 ], [ 146.069705, 65.168146, 0.0 ], [ 146.068321, 65.167155, 0.0 ], [ 146.06794, 65.166874, 0.0 ], [ 146.067774, 65.166873, 0.0 ], [ 146.067778, 65.166752, 0.0 ], [ 146.067783, 65.166604, 0.0 ], [ 146.067573, 65.166603, 0.0 ], [ 146.067191, 65.1666, 0.0 ], [ 146.067143, 65.1666, 0.0 ], [ 146.067153, 65.166331, 0.0 ], [ 146.066512, 65.166327, 0.0 ], [ 146.066514, 65.16628, 0.0 ], [ 146.066522, 65.166058, 0.0 ], [ 146.065882, 65.166054, 0.0 ], [ 146.065891, 65.165784, 0.0 ], [ 146.063971, 65.165772, 0.0 ], [ 146.063962, 65.166042, 0.0 ], [ 146.062682, 65.166034, 0.0 ], [ 146.062674, 65.16625, 0.0 ], [ 146.062672, 65.166303, 0.0 ], [ 146.062314, 65.166301, 0.0 ], [ 146.062032, 65.166299, 0.0 ], [ 146.06203, 65.166354, 0.0 ], [ 146.062013, 65.166837, 0.0 ], [ 146.062653, 65.166841, 0.0 ], [ 146.062634, 65.167379, 0.0 ], [ 146.063274, 65.167383, 0.0 ], [ 146.063246, 65.168191, 0.0 ], [ 146.062606, 65.168187, 0.0 ], [ 146.062491, 65.171416, 0.0 ], [ 146.063132, 65.17142, 0.0 ], [ 146.063103, 65.172228, 0.0 ], [ 146.063743, 65.172232, 0.0 ] ] ] } },
{ "type": "Feature", "properties": { "rgi_id": "RGI2000-v7.0-G-10-00682", "o1region": "10", "o2region": "10-03", "glims_id": "G146074E65169N", "anlys_id": 423821, "subm_id": 636, "src_date": "2013-08-12T00:00:00", "cenlon": 146.07438149019609, "cenlat": 65.170152, "utm_zone": 55, "area_km2": 0.30867124583311401, "primeclass": 0, "conn_lvl": 0, "surge_type": 0, "term_type": 9, "glac_name": null, "is_rgi6": 1, "termlon": 146.07713694966543, "termlat": 65.173782060751492, "zmin_m": 2026.7838, "zmax_m": 2562.6318, "zmed_m": 2401.2769, "zmean_m": 2363.6511, "slope_deg": 30.51097, "aspect_deg": 2.802817, "aspect_sec": 1, "dem_source": "COPDEM30", "lmax_m": 915 }, "geometry": { "type": "Polygon", "coordinates": [ [ [ 146.082941, 65.17262, 0.0 ], [ 146.082996, 65.171005, 0.0 ], [ 146.083637, 65.171009, 0.0 ], [ 146.083655, 65.17047, 0.0 ], [ 146.083015, 65.170466, 0.0 ], [ 146.083043, 65.169659, 0.0 ], [ 146.083683, 65.169663, 0.0 ], [ 146.083702, 65.169125, 0.0 ], [ 146.084342, 65.169129, 0.0 ], [ 146.08436, 65.16859, 0.0 ], [ 146.08372, 65.168586, 0.0 ], [ 146.083727, 65.168402, 0.0 ], [ 146.083727, 65.168385, 0.0 ], [ 146.083739, 65.168048, 0.0 ], [ 146.083099, 65.168044, 0.0 ], [ 146.083108, 65.167775, 0.0 ], [ 146.082468, 65.167771, 0.0 ], [ 146.082477, 65.167502, 0.0 ], [ 146.081197, 65.167494, 0.0 ], [ 146.081206, 65.167225, 0.0 ], [ 146.079926, 65.167217, 0.0 ], [ 146.079918, 65.167465, 0.0 ], [ 146.079917, 65.167486, 0.0 ], [ 146.079277, 65.167482, 0.0 ], [ 146.079285, 65.167238, 0.0 ], [ 146.079286, 65.167213, 0.0 ], [ 146.079223, 65.167213, 0.0 ], [ 146.078646, 65.167209, 0.0 ], [ 146.078653, 65.166999, 0.0 ], [ 146.078665, 65.166671, 0.0 ], [ 146.078025, 65.166667, 0.0 ], [ 146.078034, 65.166398, 0.0 ], [ 146.073553, 65.16637, 0.0 ], [ 146.073547, 65.166552, 0.0 ], [ 146.073544, 65.166639, 0.0 ], [ 146.072212, 65.166631, 0.0 ], [ 146.069063, 65.166612, 0.0 ], [ 146.069059, 65.166724, 0.0 ], [ 146.069054, 65.166881, 0.0 ], [ 146.06794, 65.166874, 0.0 ], [ 146.068321, 65.167155, 0.0 ], [ 146.069705, 65.168146, 0.0 ], [ 146.070097, 65.168441, 0.0 ], [ 146.070324, 65.168634, 0.0 ], [ 146.070419, 65.168728, 0.0 ], [ 146.070494, 65.16882, 0.0 ], [ 146.070542, 65.168908, 0.0 ], [ 146.070555, 65.168993, 0.0 ], [ 146.070535, 65.169057, 0.0 ], [ 146.070415, 65.169241, 0.0 ], [ 146.070347, 65.16943, 0.0 ], [ 146.070314, 65.169492, 0.0 ], [ 146.070264, 65.169553, 0.0 ], [ 146.070236, 65.16958, 0.0 ], [ 146.07088, 65.169584, 0.0 ], [ 146.070861, 65.170123, 0.0 ], [ 146.071501, 65.170126, 0.0 ], [ 146.071492, 65.170396, 0.0 ], [ 146.072132, 65.1704, 0.0 ], [ 146.072123, 65.170669, 0.0 ], [ 146.073403, 65.170677, 0.0 ], [ 146.073394, 65.170946, 0.0 ], [ 146.074034, 65.17095, 0.0 ], [ 146.074024, 65.171219, 0.0 ], [ 146.074665, 65.171223, 0.0 ], [ 146.074627, 65.172299, 0.0 ], [ 146.075267, 65.172303, 0.0 ], [ 146.07523, 65.17338, 0.0 ], [ 146.07587, 65.173384, 0.0 ], [ 146.075861, 65.173653, 0.0 ], [ 146.076501, 65.173657, 0.0 ], [ 146.076492, 65.173926, 0.0 ], [ 146.077132, 65.17393, 0.0 ], [ 146.077141, 65.173661, 0.0 ], [ 146.077781, 65.173665, 0.0 ], [ 146.077791, 65.173396, 0.0 ], [ 146.077151, 65.173392, 0.0 ], [ 146.077167, 65.172926, 0.0 ], [ 146.077169, 65.172853, 0.0 ], [ 146.077809, 65.172857, 0.0 ], [ 146.077894, 65.170435, 0.0 ], [ 146.077253, 65.170431, 0.0 ], [ 146.07731, 65.168816, 0.0 ], [ 146.07795, 65.16882, 0.0 ], [ 146.077968, 65.168282, 0.0 ], [ 146.079249, 65.16829, 0.0 ], [ 146.079221, 65.169097, 0.0 ], [ 146.079861, 65.169101, 0.0 ], [ 146.079824, 65.170178, 0.0 ], [ 146.080464, 65.170182, 0.0 ], [ 146.080426, 65.171258, 0.0 ], [ 146.081067, 65.171262, 0.0 ], [ 146.081048, 65.1718, 0.0 ], [ 146.081226, 65.171801, 0.0 ], [ 146.081688, 65.171804, 0.0 ], [ 146.08166, 65.172612, 0.0 ], [ 146.082941, 65.17262, 0.0 ] ] ] } },
{ "type": "Feature", "properties": { "rgi_id": "RGI2000-v7.0-G-10-00683", "o1region": "10", "o2region": "10-03", "glims_id": "G146049E65156N", "anlys_id": 423813, "subm_id": 636, "src_date": "2013-08-12T00:00:00", "cenlon": 146.05150657063197, "cenlat": 65.15627, "utm_zone": 55, "area_km2": 0.022503243200706, "primeclass": 0, "conn_lvl": 0, "surge_type": 0, "term_type": 9, "glac_name": null, "is_rgi6": 1, "termlon": 146.05405789435642, "termlat": 65.156503360889076, "zmin_m": 2060.2314, "zmax_m": 2111.861, "zmed_m": 2083.46, "zmean_m": 2083.765, "slope_deg": 14.326668, "aspect_deg": 56.494946, "aspect_sec": 2, "dem_source": "COPDEM30", "lmax_m": 229 }, "geometry": { "type": "Polygon", "coordinates": [ [ [ 146.054075, 65.156019, 0.0 ], [ 146.051516, 65.156003, 0.0 ], [ 146.051526, 65.155734, 0.0 ], [ 146.049606, 65.155722, 0.0 ], [ 146.049597, 65.155991, 0.0 ], [ 146.048957, 65.155987, 0.0 ], [ 146.048938, 65.156525, 0.0 ], [ 146.048298, 65.156521, 0.0 ], [ 146.048278, 65.157059, 0.0 ], [ 146.048918, 65.157063, 0.0 ], [ 146.048928, 65.156794, 0.0 ], [ 146.051487, 65.15681, 0.0 ], [ 146.051497, 65.156541, 0.0 ], [ 146.054056, 65.156557, 0.0 ], [ 146.054075, 65.156019, 0.0 ] ] ] } },
{ "type": "Feature", "properties": { "rgi_id": "RGI2000-v7.0-G-10-00684", "o1region": "10", "o2region": "10-03", "glims_id": "G146050E65150N", "anlys_id": 423814, "subm_id": 636, "src_date": "2013-08-12T00:00:00", "cenlon": 146.044531, "cenlat": 65.154478, "utm_zone": 55, "area_km2": 0.37018043299312098, "primeclass": 0, "conn_lvl": 0, "surge_type": 0, "term_type": 9, "glac_name": null, "is_rgi6": 1, "termlon": 146.04980960443757, "termlat": 65.157607613348546, "zmin_m": 2093.667, "zmax_m": 2660.4673, "zmed_m": 2191.7993, "zmean_m": 2298.7476, "slope_deg": 19.740128, "aspect_deg": 42.464687, "aspect_sec": 2, "dem_source": "COPDEM30", "lmax_m": 1107 }, "geometry": { "type": "Polygon", "coordinates": [ [ [ 146.043732, 65.158915, 0.0 ], [ 146.043751, 65.158377, 0.0 ], [ 146.04823, 65.158405, 0.0 ], [ 146.04824, 65.158136, 0.0 ], [ 146.05016, 65.158148, 0.0 ], [ 146.050179, 65.15761, 0.0 ], [ 146.0457, 65.157581, 0.0 ], [ 146.045709, 65.157312, 0.0 ], [ 146.04379, 65.1573, 0.0 ], [ 146.043809, 65.156762, 0.0 ], [ 146.044449, 65.156766, 0.0 ], [ 146.044478, 65.155958, 0.0 ], [ 146.045118, 65.155962, 0.0 ], [ 146.045128, 65.155693, 0.0 ], [ 146.045767, 65.155697, 0.0 ], [ 146.045806, 65.154621, 0.0 ], [ 146.045166, 65.154617, 0.0 ], [ 146.045195, 65.153809, 0.0 ], [ 146.045835, 65.153813, 0.0 ], [ 146.045864, 65.153006, 0.0 ], [ 146.046504, 65.15301, 0.0 ], [ 146.046514, 65.152741, 0.0 ], [ 146.045874, 65.152737, 0.0 ], [ 146.045893, 65.152199, 0.0 ], [ 146.045253, 65.152195, 0.0 ], [ 146.045263, 65.151925, 0.0 ], [ 146.047182, 65.151938, 0.0 ], [ 146.047173, 65.152207, 0.0 ], [ 146.049092, 65.152219, 0.0 ], [ 146.049101, 65.15195, 0.0 ], [ 146.049287, 65.151951, 0.0 ], [ 146.049741, 65.151954, 0.0 ], [ 146.049751, 65.151685, 0.0 ], [ 146.05103, 65.151693, 0.0 ], [ 146.05104, 65.151424, 0.0 ], [ 146.052319, 65.151432, 0.0 ], [ 146.052329, 65.151163, 0.0 ], [ 146.052969, 65.151167, 0.0 ], [ 146.052988, 65.150628, 0.0 ], [ 146.053627, 65.150632, 0.0 ], [ 146.053647, 65.150094, 0.0 ], [ 146.053007, 65.15009, 0.0 ], [ 146.053017, 65.149821, 0.0 ], [ 146.052377, 65.149817, 0.0 ], [ 146.052386, 65.149548, 0.0 ], [ 146.051747, 65.149544, 0.0 ], [ 146.051756, 65.149275, 0.0 ], [ 146.049949, 65.149263, 0.0 ], [ 146.049198, 65.149258, 0.0 ], [ 146.049188, 65.149527, 0.0 ], [ 146.048548, 65.149523, 0.0 ], [ 146.048539, 65.149793, 0.0 ], [ 146.047899, 65.149789, 0.0 ], [ 146.04789, 65.150058, 0.0 ], [ 146.04661, 65.15005, 0.0 ], [ 146.0466, 65.150319, 0.0 ], [ 146.045961, 65.150315, 0.0 ], [ 146.045941, 65.150853, 0.0 ], [ 146.045302, 65.150849, 0.0 ], [ 146.045291, 65.151157, 0.0 ], [ 146.045282, 65.151387, 0.0 ], [ 146.044003, 65.151379, 0.0 ], [ 146.044013, 65.15111, 0.0 ], [ 146.043936, 65.151109, 0.0 ], [ 146.042733, 65.151102, 0.0 ], [ 146.042723, 65.15139, 0.0 ], [ 146.042704, 65.151909, 0.0 ], [ 146.043344, 65.151913, 0.0 ], [ 146.043325, 65.152451, 0.0 ], [ 146.042685, 65.152447, 0.0 ], [ 146.042665, 65.152986, 0.0 ], [ 146.042026, 65.152982, 0.0 ], [ 146.041997, 65.153789, 0.0 ], [ 146.042636, 65.153793, 0.0 ], [ 146.042627, 65.154062, 0.0 ], [ 146.043266, 65.154066, 0.0 ], [ 146.043257, 65.154335, 0.0 ], [ 146.043896, 65.154339, 0.0 ], [ 146.043867, 65.155147, 0.0 ], [ 146.043228, 65.155143, 0.0 ], [ 146.043218, 65.155412, 0.0 ], [ 146.042578, 65.155408, 0.0 ], [ 146.042568, 65.155677, 0.0 ], [ 146.041929, 65.155673, 0.0 ], [ 146.041919, 65.155942, 0.0 ], [ 146.040639, 65.155934, 0.0 ], [ 146.040629, 65.156203, 0.0 ], [ 146.03999, 65.156199, 0.0 ], [ 146.039999, 65.15593, 0.0 ], [ 146.03808, 65.155918, 0.0 ], [ 146.03807, 65.156187, 0.0 ], [ 146.03871, 65.156191, 0.0 ], [ 146.038691, 65.156729, 0.0 ], [ 146.038051, 65.156725, 0.0 ], [ 146.038041, 65.156994, 0.0 ], [ 146.035482, 65.156978, 0.0 ], [ 146.035472, 65.157247, 0.0 ], [ 146.034832, 65.157243, 0.0 ], [ 146.034822, 65.157512, 0.0 ], [ 146.034182, 65.157508, 0.0 ], [ 146.034172, 65.157777, 0.0 ], [ 146.032893, 65.157769, 0.0 ], [ 146.032883, 65.158038, 0.0 ], [ 146.030963, 65.158025, 0.0 ], [ 146.030954, 65.158295, 0.0 ], [ 146.029674, 65.158286, 0.0 ], [ 146.029664, 65.158555, 0.0 ], [ 146.029024, 65.158551, 0.0 ], [ 146.029014, 65.15882, 0.0 ], [ 146.028374, 65.158816, 0.0 ], [ 146.028364, 65.159085, 0.0 ], [ 146.029004, 65.15909, 0.0 ], [ 146.028995, 65.159359, 0.0 ], [ 146.029634, 65.159363, 0.0 ], [ 146.029625, 65.159632, 0.0 ], [ 146.030265, 65.159636, 0.0 ], [ 146.030255, 65.159905, 0.0 ], [ 146.034094, 65.15993, 0.0 ], [ 146.034104, 65.159661, 0.0 ], [ 146.034744, 65.159665, 0.0 ], [ 146.034754, 65.159396, 0.0 ], [ 146.036033, 65.159404, 0.0 ], [ 146.036043, 65.159135, 0.0 ], [ 146.037963, 65.159147, 0.0 ], [ 146.037953, 65.159416, 0.0 ], [ 146.039873, 65.159429, 0.0 ], [ 146.039863, 65.159698, 0.0 ], [ 146.041143, 65.159706, 0.0 ], [ 146.041153, 65.159437, 0.0 ], [ 146.046912, 65.159474, 0.0 ], [ 146.046931, 65.158935, 0.0 ], [ 146.043732, 65.158915, 0.0 ] ], [ [ 146.040552, 65.158356, 0.0 ], [ 146.039272, 65.158348, 0.0 ], [ 146.039282, 65.158079, 0.0 ], [ 146.038642, 65.158075, 0.0 ], [ 146.038652, 65.157806, 0.0 ], [ 146.039291, 65.15781, 0.0 ], [ 146.039301, 65.157541, 0.0 ], [ 146.040581, 65.157549, 0.0 ], [ 146.040571, 65.157818, 0.0 ], [ 146.043131, 65.157834, 0.0 ], [ 146.043111, 65.158373, 0.0 ], [ 146.042471, 65.158368, 0.0 ], [ 146.042462, 65.158638, 0.0 ], [ 146.040542, 65.158625, 0.0 ], [ 146.040552, 65.158356, 0.0 ] ] ] } },
{ "type": "Feature", "properties": { "rgi_id": "RGI2000-v7.0-G-10-00685", "o1region": "10", "o2region": "10-03", "glims_id": "G146029E65157N", "anlys_id": 423808, "subm_id": 636, "src_date": "2013-08-12T00:00:00", "cenlon": 146.02843896468403, "cenlat": 65.1570545, "utm_zone": 55, "area_km2": 0.037833737758229999, "primeclass": 0, "conn_lvl": 0, "surge_type": 0, "term_type": 9, "glac_name": null, "is_rgi6": 1, "termlon": 146.0303469272331, "termlat": 65.157377360518467, "zmin_m": 2210.5068, "zmax_m": 2411.8213, "zmed_m": 2251.458, "zmean_m": 2260.762, "slope_deg": 35.79002, "aspect_deg": 51.318863, "aspect_sec": 2, "dem_source": "COPDEM30", "lmax_m": 228 }, "geometry": { "type": "Polygon", "coordinates": [ [ [ 146.029693, 65.157748, 0.0 ], [ 146.029703, 65.157479, 0.0 ], [ 146.030343, 65.157483, 0.0 ], [ 146.030373, 65.156676, 0.0 ], [ 146.031012, 65.15668, 0.0 ], [ 146.031032, 65.156141, 0.0 ], [ 146.028473, 65.156125, 0.0 ], [ 146.028483, 65.155856, 0.0 ], [ 146.027203, 65.155847, 0.0 ], [ 146.027183, 65.156386, 0.0 ], [ 146.027823, 65.15639, 0.0 ], [ 146.027813, 65.156659, 0.0 ], [ 146.027173, 65.156655, 0.0 ], [ 146.027164, 65.156924, 0.0 ], [ 146.026524, 65.15692, 0.0 ], [ 146.026514, 65.157189, 0.0 ], [ 146.025874, 65.157185, 0.0 ], [ 146.025864, 65.157454, 0.0 ], [ 146.025224, 65.15745, 0.0 ], [ 146.025214, 65.157719, 0.0 ], [ 146.025854, 65.157723, 0.0 ], [ 146.025844, 65.157992, 0.0 ], [ 146.028404, 65.158009, 0.0 ], [ 146.028414, 65.15774, 0.0 ], [ 146.029693, 65.157748, 0.0 ] ] ] } },
{ "type": "Feature", "properties": { "rgi_id": "RGI2000-v7.0-G-10-00686", "o1region": "10", "o2region": "10-03", "glims_id": "G146024E65150N", "anlys_id": 423805, "subm_id": 636, "src_date": "2013-08-12T00:00:00", "cenlon": 146.0317055, "cenlat": 65.1464545, "utm_zone": 55, "area_km2": 0.67912884066627, "primeclass": 0, "conn_lvl": 0, "surge_type": 0, "term_type": 9, "glac_name": "61", "is_rgi6": 1, "termlon": 146.05528275682994, "termlat": 65.140069841875487, "zmin_m": 1930.6051, "zmax_m": 2502.4712, "zmed_m": 2236.0554, "zmean_m": 2204.3933, "slope_deg": 16.110554, "aspect_deg": 106.14386, "aspect_sec": 3, "dem_source": "COPDEM30", "lmax_m": 2328 }, "geometry": { "type": "Polygon", "coordinates": [ [ [ 146.024123, 65.152597, 0.0 ], [ 146.024133, 65.152328, 0.0 ], [ 146.024772, 65.152332, 0.0 ], [ 146.024782, 65.152063, 0.0 ], [ 146.025422, 65.152067, 0.0 ], [ 146.025432, 65.151798, 0.0 ], [ 146.026071, 65.151802, 0.0 ], [ 146.026081, 65.151533, 0.0 ], [ 146.026721, 65.151537, 0.0 ], [ 146.026741, 65.150999, 0.0 ], [ 146.02738, 65.151003, 0.0 ], [ 146.02739, 65.150734, 0.0 ], [ 146.02867, 65.150742, 0.0 ], [ 146.02868, 65.150473, 0.0 ], [ 146.029319, 65.150477, 0.0 ], [ 146.029329, 65.150208, 0.0 ], [ 146.029969, 65.150212, 0.0 ], [ 146.029979, 65.149943, 0.0 ], [ 146.031898, 65.149955, 0.0 ], [ 146.031976, 65.147802, 0.0 ], [ 146.032616, 65.147806, 0.0 ], [ 146.032635, 65.147268, 0.0 ], [ 146.033275, 65.147272, 0.0 ], [ 146.033294, 65.146734, 0.0 ], [ 146.033934, 65.146738, 0.0 ], [ 146.033954, 65.1462, 0.0 ], [ 146.034593, 65.146204, 0.0 ], [ 146.034603, 65.145935, 0.0 ], [ 146.035243, 65.145939, 0.0 ], [ 146.035252, 65.14567, 0.0 ], [ 146.035892, 65.145674, 0.0 ], [ 146.035902, 65.145405, 0.0 ], [ 146.036541, 65.145409, 0.0 ], [ 146.036551, 65.14514, 0.0 ], [ 146.037191, 65.145144, 0.0 ], [ 146.0372, 65.144875, 0.0 ], [ 146.039119, 65.144887, 0.0 ], [ 146.039129, 65.144618, 0.0 ], [ 146.040408, 65.144626, 0.0 ], [ 146.040418, 65.144357, 0.0 ], [ 146.041057, 65.144361, 0.0 ], [ 146.041067, 65.144092, 0.0 ], [ 146.041706, 65.144096, 0.0 ], [ 146.041716, 65.143827, 0.0 ], [ 146.042356, 65.143831, 0.0 ], [ 146.042365, 65.143562, 0.0 ], [ 146.043005, 65.143566, 0.0 ], [ 146.043014, 65.143297, 0.0 ], [ 146.044933, 65.143309, 0.0 ], [ 146.044943, 65.14304, 0.0 ], [ 146.046222, 65.143048, 0.0 ], [ 146.046231, 65.142779, 0.0 ], [ 146.046871, 65.142783, 0.0 ], [ 146.046881, 65.142514, 0.0 ], [ 146.04816, 65.142522, 0.0 ], [ 146.048169, 65.142253, 0.0 ], [ 146.048809, 65.142257, 0.0 ], [ 146.048818, 65.141987, 0.0 ], [ 146.049458, 65.141992, 0.0 ], [ 146.049467, 65.141722, 0.0 ], [ 146.050746, 65.14173, 0.0 ], [ 146.050756, 65.141461, 0.0 ], [ 146.052035, 65.141469, 0.0 ], [ 146.052045, 65.1412, 0.0 ], [ 146.052684, 65.141204, 0.0 ], [ 146.052694, 65.140935, 0.0 ], [ 146.053973, 65.140943, 0.0 ], [ 146.053982, 65.140674, 0.0 ], [ 146.055261, 65.140682, 0.0 ], [ 146.055271, 65.140413, 0.0 ], [ 146.05591, 65.140417, 0.0 ], [ 146.05592, 65.140148, 0.0 ], [ 146.05528, 65.140144, 0.0 ], [ 146.05529, 65.139875, 0.0 ], [ 146.054011, 65.139867, 0.0 ], [ 146.054001, 65.140136, 0.0 ], [ 146.048246, 65.140099, 0.0 ], [ 146.048237, 65.140369, 0.0 ], [ 146.046958, 65.14036, 0.0 ], [ 146.046948, 65.14063, 0.0 ], [ 146.045669, 65.140621, 0.0 ], [ 146.04566, 65.140891, 0.0 ], [ 146.04502, 65.140887, 0.0 ], [ 146.04501, 65.141156, 0.0 ], [ 146.043092, 65.141143, 0.0 ], [ 146.043082, 65.141413, 0.0 ], [ 146.041803, 65.141404, 0.0 ], [ 146.041794, 65.141674, 0.0 ], [ 146.040515, 65.141665, 0.0 ], [ 146.040505, 65.141935, 0.0 ], [ 146.039226, 65.141926, 0.0 ], [ 146.039216, 65.142195, 0.0 ], [ 146.037937, 65.142187, 0.0 ], [ 146.037928, 65.142456, 0.0 ], [ 146.036009, 65.142444, 0.0 ], [ 146.035999, 65.142713, 0.0 ], [ 146.03472, 65.142705, 0.0 ], [ 146.03473, 65.142436, 0.0 ], [ 146.034091, 65.142432, 0.0 ], [ 146.0341, 65.142163, 0.0 ], [ 146.032821, 65.142154, 0.0 ], [ 146.032802, 65.142693, 0.0 ], [ 146.033441, 65.142697, 0.0 ], [ 146.033392, 65.144042, 0.0 ], [ 146.032753, 65.144038, 0.0 ], [ 146.032743, 65.144308, 0.0 ], [ 146.032103, 65.144303, 0.0 ], [ 146.032094, 65.144573, 0.0 ], [ 146.031454, 65.144568, 0.0 ], [ 146.031435, 65.145107, 0.0 ], [ 146.030795, 65.145103, 0.0 ], [ 146.030785, 65.145372, 0.0 ], [ 146.030146, 65.145368, 0.0 ], [ 146.030116, 65.146175, 0.0 ], [ 146.029477, 65.146171, 0.0 ], [ 146.029457, 65.146709, 0.0 ], [ 146.028817, 65.146705, 0.0 ], [ 146.028807, 65.146974, 0.0 ], [ 146.028168, 65.14697, 0.0 ], [ 146.028158, 65.147239, 0.0 ], [ 146.027518, 65.147235, 0.0 ], [ 146.027489, 65.148042, 0.0 ], [ 146.026849, 65.148038, 0.0 ], [ 146.026839, 65.148307, 0.0 ], [ 146.0262, 65.148303, 0.0 ], [ 146.02619, 65.148572, 0.0 ], [ 146.023631, 65.148556, 0.0 ], [ 146.023641, 65.148287, 0.0 ], [ 146.021722, 65.148274, 0.0 ], [ 146.021732, 65.148005, 0.0 ], [ 146.020453, 65.147997, 0.0 ], [ 146.020443, 65.148266, 0.0 ], [ 146.019803, 65.148262, 0.0 ], [ 146.019793, 65.148531, 0.0 ], [ 146.019154, 65.148527, 0.0 ], [ 146.019144, 65.148796, 0.0 ], [ 146.015946, 65.148775, 0.0 ], [ 146.015936, 65.149044, 0.0 ], [ 146.015296, 65.14904, 0.0 ], [ 146.015286, 65.149309, 0.0 ], [ 146.014007, 65.1493, 0.0 ], [ 146.013997, 65.14957, 0.0 ], [ 146.012717, 65.149561, 0.0 ], [ 146.012707, 65.14983, 0.0 ], [ 146.012068, 65.149826, 0.0 ], [ 146.012058, 65.150095, 0.0 ], [ 146.011534, 65.150092, 0.0 ], [ 146.011418, 65.150091, 0.0 ], [ 146.011415, 65.15017, 0.0 ], [ 146.011398, 65.150629, 0.0 ], [ 146.010921, 65.150626, 0.0 ], [ 146.010758, 65.150625, 0.0 ], [ 146.010738, 65.151163, 0.0 ], [ 146.010961, 65.151165, 0.0 ], [ 146.011378, 65.151168, 0.0 ], [ 146.011368, 65.151437, 0.0 ], [ 146.012008, 65.151441, 0.0 ], [ 146.011998, 65.15171, 0.0 ], [ 146.012637, 65.151714, 0.0 ], [ 146.012627, 65.151983, 0.0 ], [ 146.013267, 65.151988, 0.0 ], [ 146.013247, 65.152526, 0.0 ], [ 146.014527, 65.152534, 0.0 ], [ 146.014537, 65.152265, 0.0 ], [ 146.016456, 65.152278, 0.0 ], [ 146.016446, 65.152547, 0.0 ], [ 146.018365, 65.152559, 0.0 ], [ 146.018355, 65.152829, 0.0 ], [ 146.018995, 65.152833, 0.0 ], [ 146.018985, 65.153102, 0.0 ], [ 146.020904, 65.153114, 0.0 ], [ 146.020914, 65.152845, 0.0 ], [ 146.022193, 65.152854, 0.0 ], [ 146.022203, 65.152585, 0.0 ], [ 146.024123, 65.152597, 0.0 ] ] ] } },
{ "type": "Feature", "properties": { "rgi_id": "RGI2000-v7.0-G-10-00687", "o1region": "10", "o2region": "10-03", "glims_id": "G145998E65147N", "anlys_id": 423799, "subm_id": 636, "src_date": "2013-08-12T00:00:00", "cenlon": 145.99875975278809, "cenlat": 65.1464195, "utm_zone": 55, "area_km2": 0.20535260401010799, "primeclass": 0, "conn_lvl": 0, "surge_type": 0, "term_type": 9, "glac_name": "60", "is_rgi6": 1, "termlon": 146.00203435033589, "termlat": 65.144393476148593, "zmin_m": 2074.091, "zmax_m": 2261.3435, "zmed_m": 2153.2876, "zmean_m": 2150.9336, "slope_deg": 14.452055, "aspect_deg": 134.7644, "aspect_sec": 4, "dem_source": "COPDEM30", "lmax_m": 708 }, "geometry": { "type": "Polygon", "coordinates": [ [ [ 146.003823, 65.147887, 0.0 ], [ 146.003833, 65.147618, 0.0 ], [ 146.004472, 65.147622, 0.0 ], [ 146.004483, 65.147353, 0.0 ], [ 146.005122, 65.147357, 0.0 ], [ 146.005152, 65.14655, 0.0 ], [ 146.005792, 65.146554, 0.0 ], [ 146.005802, 65.146285, 0.0 ], [ 146.006442, 65.146289, 0.0 ], [ 146.006452, 65.14602, 0.0 ], [ 146.005812, 65.146016, 0.0 ], [ 146.005822, 65.145747, 0.0 ], [ 146.004543, 65.145738, 0.0 ], [ 146.004553, 65.145469, 0.0 ], [ 146.003914, 65.145465, 0.0 ], [ 146.003924, 65.145196, 0.0 ], [ 146.003284, 65.145192, 0.0 ], [ 146.003294, 65.144922, 0.0 ], [ 146.002655, 65.144918, 0.0 ], [ 146.002665, 65.144649, 0.0 ], [ 146.002025, 65.144645, 0.0 ], [ 146.002035, 65.144376, 0.0 ], [ 146.000756, 65.144367, 0.0 ], [ 146.000746, 65.144636, 0.0 ], [ 145.999467, 65.144628, 0.0 ], [ 145.999457, 65.144897, 0.0 ], [ 145.998178, 65.144888, 0.0 ], [ 145.998168, 65.145157, 0.0 ], [ 145.997528, 65.145153, 0.0 ], [ 145.997518, 65.145422, 0.0 ], [ 145.995599, 65.145409, 0.0 ], [ 145.995589, 65.145679, 0.0 ], [ 145.993031, 65.145661, 0.0 ], [ 145.993021, 65.145931, 0.0 ], [ 145.992381, 65.145926, 0.0 ], [ 145.992371, 65.146195, 0.0 ], [ 145.991731, 65.146191, 0.0 ], [ 145.991711, 65.146729, 0.0 ], [ 145.994269, 65.146747, 0.0 ], [ 145.994259, 65.147016, 0.0 ], [ 145.993619, 65.147011, 0.0 ], [ 145.993609, 65.147281, 0.0 ], [ 145.99297, 65.147276, 0.0 ], [ 145.992959, 65.147545, 0.0 ], [ 145.99232, 65.147541, 0.0 ], [ 145.99231, 65.14781, 0.0 ], [ 145.99167, 65.147806, 0.0 ], [ 145.99166, 65.148075, 0.0 ], [ 145.991222, 65.148072, 0.0 ], [ 145.99102, 65.148071, 0.0 ], [ 145.99101, 65.14834, 0.0 ], [ 145.991142, 65.148341, 0.0 ], [ 145.993568, 65.148357, 0.0 ], [ 145.993559, 65.148596, 0.0 ], [ 145.993558, 65.148626, 0.0 ], [ 145.995477, 65.148639, 0.0 ], [ 145.995479, 65.148584, 0.0 ], [ 145.995487, 65.14837, 0.0 ], [ 145.997445, 65.148383, 0.0 ], [ 145.999325, 65.148396, 0.0 ], [ 145.999328, 65.148314, 0.0 ], [ 145.999335, 65.148126, 0.0 ], [ 146.001573, 65.148141, 0.0 ], [ 146.002533, 65.148148, 0.0 ], [ 146.002535, 65.148095, 0.0 ], [ 146.002544, 65.147879, 0.0 ], [ 146.003823, 65.147887, 0.0 ] ] ] } },
{ "type": "Feature", "properties": { "rgi_id": "RGI2000-v7.0-G-10-00688", "o1region": "10", "o2region": "10-03", "glims_id": "G145965E65153N", "anlys_id": 423789, "subm_id": 636, "src_date": "2013-08-12T00:00:00", "cenlon": 145.96404672865489, "cenlat": 65.153025, "utm_zone": 55, "area_km2": 0.14856164647331699, "primeclass": 0, "conn_lvl": 0, "surge_type": 0, "term_type": 9, "glac_name": null, "is_rgi6": 1, "termlon": 145.95559010157828, "termlat": 65.154222352880552, "zmin_m": 2284.1526, "zmax_m": 2790.7637, "zmed_m": 2616.0159, "zmean_m": 2599.5117, "slope_deg": 38.51177, "aspect_deg": 292.86342620849609, "aspect_sec": 8, "dem_source": "COPDEM30", "lmax_m": 639 }, "geometry": { "type": "Polygon", "coordinates": [ [ [ 145.967628, 65.152757, 0.0 ], [ 145.967166, 65.152754, 0.0 ], [ 145.967208, 65.151678, 0.0 ], [ 145.966568, 65.151673, 0.0 ], [ 145.966589, 65.151135, 0.0 ], [ 145.965949, 65.151131, 0.0 ], [ 145.96596, 65.150861, 0.0 ], [ 145.962761, 65.150839, 0.0 ], [ 145.962751, 65.151109, 0.0 ], [ 145.961472, 65.1511, 0.0 ], [ 145.961461, 65.151369, 0.0 ], [ 145.960821, 65.151364, 0.0 ], [ 145.9608, 65.151903, 0.0 ], [ 145.960161, 65.151898, 0.0 ], [ 145.96015, 65.152167, 0.0 ], [ 145.96079, 65.152172, 0.0 ], [ 145.960779, 65.152441, 0.0 ], [ 145.961419, 65.152445, 0.0 ], [ 145.961398, 65.152984, 0.0 ], [ 145.960758, 65.152979, 0.0 ], [ 145.960748, 65.153248, 0.0 ], [ 145.960108, 65.153244, 0.0 ], [ 145.960097, 65.153513, 0.0 ], [ 145.959458, 65.153509, 0.0 ], [ 145.959437, 65.154047, 0.0 ], [ 145.957517, 65.154034, 0.0 ], [ 145.957528, 65.153764, 0.0 ], [ 145.956248, 65.153756, 0.0 ], [ 145.956238, 65.154025, 0.0 ], [ 145.955598, 65.15402, 0.0 ], [ 145.955577, 65.154558, 0.0 ], [ 145.960055, 65.15459, 0.0 ], [ 145.960045, 65.154859, 0.0 ], [ 145.961324, 65.154868, 0.0 ], [ 145.961314, 65.155137, 0.0 ], [ 145.963873, 65.155154, 0.0 ], [ 145.963883, 65.154885, 0.0 ], [ 145.965982, 65.1549, 0.0 ], [ 145.966051, 65.154848, 0.0 ], [ 145.96613, 65.154769, 0.0 ], [ 145.96647, 65.154367, 0.0 ], [ 145.966613, 65.154118, 0.0 ], [ 145.966788, 65.153873, 0.0 ], [ 145.966917, 65.153624, 0.0 ], [ 145.967091, 65.153382, 0.0 ], [ 145.967232, 65.153142, 0.0 ], [ 145.967296, 65.153066, 0.0 ], [ 145.967542, 65.152821, 0.0 ], [ 145.967628, 65.152757, 0.0 ] ] ] } },
{ "type": "Feature", "properties": { "rgi_id": "RGI2000-v7.0-G-10-00689", "o1region": "10", "o2region": "10-03", "glims_id": "G145945E65163N", "anlys_id": 423786, "subm_id": 636, "src_date": "2013-08-12T00:00:00", "cenlon": 145.947297, "cenlat": 65.1616345, "utm_zone": 55, "area_km2": 0.52239183596704697, "primeclass": 0, "conn_lvl": 0, "surge_type": 0, "term_type": 9, "glac_name": "58", "is_rgi6": 1, "termlon": 145.9271525216399, "termlat": 65.166472341064321, "zmin_m": 1859.1268, "zmax_m": 2601.972, "zmed_m": 2210.872, "zmean_m": 2202.674, "slope_deg": 25.022333, "aspect_deg": 323.49565124511719, "aspect_sec": 8, "dem_source": "COPDEM30", "lmax_m": 2045 }, "geometry": { "type": "Polygon", "coordinates": [ [ [ 145.963673, 65.160268, 0.0 ], [ 145.963684, 65.159999, 0.0 ], [ 145.964324, 65.160003, 0.0 ], [ 145.964356, 65.159168, 0.0 ], [ 145.964439, 65.157043, 0.0 ], [ 145.9638, 65.157038, 0.0 ], [ 145.963799, 65.157038, 0.0 ], [ 145.963799, 65.157037, 0.0 ], [ 145.96381, 65.156769, 0.0 ], [ 145.963684, 65.156768, 0.0 ], [ 145.96317, 65.156765, 0.0 ], [ 145.963181, 65.156496, 0.0 ], [ 145.962284, 65.156489, 0.0 ], [ 145.960621, 65.156478, 0.0 ], [ 145.960611, 65.156742, 0.0 ], [ 145.96059, 65.157285, 0.0 ], [ 145.95995, 65.157281, 0.0 ], [ 145.959939, 65.15755, 0.0 ], [ 145.95866, 65.157541, 0.0 ], [ 145.95867, 65.157272, 0.0 ], [ 145.95803, 65.157268, 0.0 ], [ 145.958041, 65.157007, 0.0 ], [ 145.958041, 65.156998, 0.0 ], [ 145.957401, 65.156994, 0.0 ], [ 145.9574, 65.157028, 0.0 ], [ 145.95739, 65.157263, 0.0 ], [ 145.955471, 65.15725, 0.0 ], [ 145.955482, 65.156981, 0.0 ], [ 145.954842, 65.156976, 0.0 ], [ 145.954846, 65.156871, 0.0 ], [ 145.954852, 65.156707, 0.0 ], [ 145.953573, 65.156698, 0.0 ], [ 145.953566, 65.15687, 0.0 ], [ 145.953562, 65.156967, 0.0 ], [ 145.952896, 65.156963, 0.0 ], [ 145.952282, 65.156958, 0.0 ], [ 145.952278, 65.157077, 0.0 ], [ 145.952272, 65.157227, 0.0 ], [ 145.951632, 65.157223, 0.0 ], [ 145.951568, 65.158838, 0.0 ], [ 145.950288, 65.158829, 0.0 ], [ 145.950342, 65.157483, 0.0 ], [ 145.949931, 65.15748, 0.0 ], [ 145.94828, 65.157469, 0.0 ], [ 145.946751, 65.157458, 0.0 ], [ 145.945863, 65.157452, 0.0 ], [ 145.945862, 65.157459, 0.0 ], [ 145.945852, 65.157721, 0.0 ], [ 145.945758, 65.15772, 0.0 ], [ 145.945212, 65.157716, 0.0 ], [ 145.945203, 65.157937, 0.0 ], [ 145.945191, 65.158255, 0.0 ], [ 145.945831, 65.158259, 0.0 ], [ 145.945735, 65.160681, 0.0 ], [ 145.946374, 65.160686, 0.0 ], [ 145.946364, 65.160955, 0.0 ], [ 145.945724, 65.160951, 0.0 ], [ 145.945713, 65.16122, 0.0 ], [ 145.943793, 65.161206, 0.0 ], [ 145.943783, 65.161475, 0.0 ], [ 145.943143, 65.161471, 0.0 ], [ 145.943132, 65.16174, 0.0 ], [ 145.942492, 65.161735, 0.0 ], [ 145.942481, 65.162005, 0.0 ], [ 145.941841, 65.162, 0.0 ], [ 145.941831, 65.162269, 0.0 ], [ 145.941191, 65.162265, 0.0 ], [ 145.94118, 65.162534, 0.0 ], [ 145.94054, 65.162529, 0.0 ], [ 145.940519, 65.163068, 0.0 ], [ 145.939879, 65.163063, 0.0 ], [ 145.939868, 65.163332, 0.0 ], [ 145.939228, 65.163328, 0.0 ], [ 145.939217, 65.163597, 0.0 ], [ 145.938577, 65.163592, 0.0 ], [ 145.938566, 65.163861, 0.0 ], [ 145.937286, 65.163852, 0.0 ], [ 145.937276, 65.164121, 0.0 ], [ 145.935996, 65.164112, 0.0 ], [ 145.935985, 65.164382, 0.0 ], [ 145.935345, 65.164377, 0.0 ], [ 145.935334, 65.164646, 0.0 ], [ 145.934054, 65.164637, 0.0 ], [ 145.934043, 65.164906, 0.0 ], [ 145.931483, 65.164888, 0.0 ], [ 145.931472, 65.165157, 0.0 ], [ 145.930832, 65.165153, 0.0 ], [ 145.930821, 65.165422, 0.0 ], [ 145.929541, 65.165413, 0.0 ], [ 145.929531, 65.165682, 0.0 ], [ 145.928891, 65.165677, 0.0 ], [ 145.92888, 65.165946, 0.0 ], [ 145.9276, 65.165937, 0.0 ], [ 145.927589, 65.166206, 0.0 ], [ 145.926949, 65.166202, 0.0 ], [ 145.926938, 65.166471, 0.0 ], [ 145.927578, 65.166475, 0.0 ], [ 145.927567, 65.166745, 0.0 ], [ 145.930767, 65.166767, 0.0 ], [ 145.930778, 65.166498, 0.0 ], [ 145.932698, 65.166512, 0.0 ], [ 145.932709, 65.166243, 0.0 ], [ 145.933989, 65.166252, 0.0 ], [ 145.934, 65.165983, 0.0 ], [ 145.93528, 65.165992, 0.0 ], [ 145.935291, 65.165723, 0.0 ], [ 145.935931, 65.165727, 0.0 ], [ 145.935942, 65.165458, 0.0 ], [ 145.937222, 65.165467, 0.0 ], [ 145.937233, 65.165198, 0.0 ], [ 145.937873, 65.165203, 0.0 ], [ 145.937883, 65.164933, 0.0 ], [ 145.939163, 65.164942, 0.0 ], [ 145.939174, 65.164673, 0.0 ], [ 145.939814, 65.164678, 0.0 ], [ 145.939825, 65.164409, 0.0 ], [ 145.941105, 65.164418, 0.0 ], [ 145.941116, 65.164149, 0.0 ], [ 145.941756, 65.164153, 0.0 ], [ 145.941766, 65.163884, 0.0 ], [ 145.943046, 65.163893, 0.0 ], [ 145.943057, 65.163624, 0.0 ], [ 145.944337, 65.163633, 0.0 ], [ 145.944348, 65.163364, 0.0 ], [ 145.945628, 65.163373, 0.0 ], [ 145.945638, 65.163104, 0.0 ], [ 145.946918, 65.163113, 0.0 ], [ 145.946929, 65.162843, 0.0 ], [ 145.948209, 65.162852, 0.0 ], [ 145.94822, 65.162583, 0.0 ], [ 145.94886, 65.162588, 0.0 ], [ 145.94887, 65.162319, 0.0 ], [ 145.95015, 65.162328, 0.0 ], [ 145.950161, 65.162058, 0.0 ], [ 145.950801, 65.162063, 0.0 ], [ 145.950811, 65.161794, 0.0 ], [ 145.951451, 65.161798, 0.0 ], [ 145.951462, 65.161529, 0.0 ], [ 145.952102, 65.161534, 0.0 ], [ 145.952112, 65.161264, 0.0 ], [ 145.952752, 65.161269, 0.0 ], [ 145.952763, 65.161, 0.0 ], [ 145.954043, 65.161009, 0.0 ], [ 145.954032, 65.161278, 0.0 ], [ 145.954672, 65.161282, 0.0 ], [ 145.954683, 65.161013, 0.0 ], [ 145.955323, 65.161018, 0.0 ], [ 145.955333, 65.160749, 0.0 ], [ 145.955973, 65.160753, 0.0 ], [ 145.955984, 65.160484, 0.0 ], [ 145.956624, 65.160488, 0.0 ], [ 145.956634, 65.160219, 0.0 ], [ 145.958554, 65.160232, 0.0 ], [ 145.958543, 65.160502, 0.0 ], [ 145.962383, 65.160528, 0.0 ], [ 145.962394, 65.160259, 0.0 ], [ 145.963673, 65.160268, 0.0 ] ], [ [ 145.947057, 65.159614, 0.0 ], [ 145.947089, 65.158806, 0.0 ], [ 145.947729, 65.158811, 0.0 ], [ 145.94774, 65.158542, 0.0 ], [ 145.94838, 65.158546, 0.0 ], [ 145.948369, 65.158815, 0.0 ], [ 145.949009, 65.15882, 0.0 ], [ 145.948977, 65.159627, 0.0 ], [ 145.948337, 65.159623, 0.0 ], [ 145.948326, 65.159892, 0.0 ], [ 145.947686, 65.159887, 0.0 ], [ 145.947697, 65.159618, 0.0 ], [ 145.947057, 65.159614, 0.0 ] ] ] } },
{ "type": "Feature", "properties": { "rgi_id": "RGI2000-v7.0-G-10-00690", "o1region": "10", "o2region": "10-03", "glims_id": "G145953E65168N", "anlys_id": 423787, "subm_id": 636, "src_date": "2013-08-12T00:00:00", "cenlon": 145.94985225789964, "cenlat": 65.1698675, "utm_zone": 55, "area_km2": 0.054943313595905, "primeclass": 0, "conn_lvl": 0, "surge_type": 0, "term_type": 9, "glac_name": null, "is_rgi6": 1, "termlon": 145.95356840911961, "termlat": 65.173058167165166, "zmin_m": 1984.6525, "zmax_m": 2512.9414, "zmed_m": 2238.825, "zmean_m": 2237.062, "slope_deg": 34.155983, "aspect_deg": 8.079587, "aspect_sec": 1, "dem_source": "COPDEM30", "lmax_m": 788 }, "geometry": { "type": "Polygon", "coordinates": [ [ [ 145.953566, 65.17312, 0.0 ], [ 145.953587, 65.172581, 0.0 ], [ 145.952947, 65.172577, 0.0 ], [ 145.952957, 65.172308, 0.0 ], [ 145.952317, 65.172303, 0.0 ], [ 145.952338, 65.171765, 0.0 ], [ 145.951698, 65.171761, 0.0 ], [ 145.951719, 65.171222, 0.0 ], [ 145.951079, 65.171218, 0.0 ], [ 145.95109, 65.170949, 0.0 ], [ 145.95045, 65.170944, 0.0 ], [ 145.95046, 65.170675, 0.0 ], [ 145.94982, 65.170671, 0.0 ], [ 145.949841, 65.170132, 0.0 ], [ 145.950482, 65.170137, 0.0 ], [ 145.950503, 65.169599, 0.0 ], [ 145.951143, 65.169603, 0.0 ], [ 145.951154, 65.169334, 0.0 ], [ 145.951794, 65.169338, 0.0 ], [ 145.951815, 65.1688, 0.0 ], [ 145.952455, 65.168805, 0.0 ], [ 145.952476, 65.168266, 0.0 ], [ 145.953116, 65.168271, 0.0 ], [ 145.953127, 65.168002, 0.0 ], [ 145.953767, 65.168006, 0.0 ], [ 145.953799, 65.167199, 0.0 ], [ 145.953159, 65.167194, 0.0 ], [ 145.95317, 65.166925, 0.0 ], [ 145.952529, 65.166921, 0.0 ], [ 145.952519, 65.16719, 0.0 ], [ 145.951879, 65.167185, 0.0 ], [ 145.951868, 65.167455, 0.0 ], [ 145.951228, 65.16745, 0.0 ], [ 145.951186, 65.168527, 0.0 ], [ 145.950545, 65.168522, 0.0 ], [ 145.950524, 65.16906, 0.0 ], [ 145.949884, 65.169056, 0.0 ], [ 145.949863, 65.169594, 0.0 ], [ 145.949223, 65.16959, 0.0 ], [ 145.949191, 65.170397, 0.0 ], [ 145.94855, 65.170393, 0.0 ], [ 145.948518, 65.1712, 0.0 ], [ 145.949159, 65.171205, 0.0 ], [ 145.949148, 65.171474, 0.0 ], [ 145.949788, 65.171478, 0.0 ], [ 145.949777, 65.171747, 0.0 ], [ 145.950418, 65.171752, 0.0 ], [ 145.950407, 65.172021, 0.0 ], [ 145.951047, 65.172025, 0.0 ], [ 145.951026, 65.172564, 0.0 ], [ 145.951666, 65.172568, 0.0 ], [ 145.951656, 65.172837, 0.0 ], [ 145.952296, 65.172842, 0.0 ], [ 145.952285, 65.173111, 0.0 ], [ 145.953566, 65.17312, 0.0 ] ] ] } },
{ "type": "Feature", "properties": { "rgi_id": "RGI2000-v7.0-G-10-00691", "o1region": "10", "o2region": "10-03", "glims_id": "G145992E65165N", "anlys_id": 423797, "subm_id": 636, "src_date": "2013-08-12T00:00:00", "cenlon": 145.956624, "cenlat": 65.176775, "utm_zone": 55, "area_km2": 6.1732516290087229, "primeclass": 0, "conn_lvl": 0, "surge_type": 0, "term_type": 9, "glac_name": "Obrucheva", "is_rgi6": 1, "termlon": 145.93330540739689, "termlat": 65.202498366348337, "zmin_m": 1558.9313, "zmax_m": 2800.3164, "zmed_m": 2201.8418, "zmean_m": 2148.6987, "slope_deg": 14.117778, "aspect_deg": 351.10290813446045, "aspect_sec": 1, "dem_source": "COPDEM30", "lmax_m": 7927 }, "geometry": { "type": "Polygon", "coordinates": [ [ [ 145.944536, 65.190824, 0.0 ], [ 145.944579, 65.189748, 0.0 ], [ 145.94522, 65.189752, 0.0 ], [ 145.945284, 65.188137, 0.0 ], [ 145.945924, 65.188142, 0.0 ], [ 145.945957, 65.187334, 0.0 ], [ 145.946597, 65.187339, 0.0 ], [ 145.946618, 65.186801, 0.0 ], [ 145.947259, 65.186805, 0.0 ], [ 145.94728, 65.186267, 0.0 ], [ 145.947921, 65.186271, 0.0 ], [ 145.947942, 65.185733, 0.0 ], [ 145.948583, 65.185738, 0.0 ], [ 145.948604, 65.185199, 0.0 ], [ 145.949245, 65.185204, 0.0 ], [ 145.949255, 65.184935, 0.0 ], [ 145.949896, 65.184939, 0.0 ], [ 145.949906, 65.18467, 0.0 ], [ 145.950547, 65.184675, 0.0 ], [ 145.950568, 65.184136, 0.0 ], [ 145.951209, 65.184141, 0.0 ], [ 145.95123, 65.183602, 0.0 ], [ 145.95187, 65.183607, 0.0 ], [ 145.951892, 65.183069, 0.0 ], [ 145.953173, 65.183078, 0.0 ], [ 145.953183, 65.182808, 0.0 ], [ 145.954464, 65.182817, 0.0 ], [ 145.954475, 65.182548, 0.0 ], [ 145.955115, 65.182553, 0.0 ], [ 145.955136, 65.182014, 0.0 ], [ 145.955777, 65.182019, 0.0 ], [ 145.955798, 65.181481, 0.0 ], [ 145.956439, 65.181485, 0.0 ], [ 145.956449, 65.181216, 0.0 ], [ 145.95709, 65.18122, 0.0 ], [ 145.957111, 65.180682, 0.0 ], [ 145.957751, 65.180687, 0.0 ], [ 145.957762, 65.180417, 0.0 ], [ 145.958402, 65.180422, 0.0 ], [ 145.958423, 65.179884, 0.0 ], [ 145.959064, 65.179888, 0.0 ], [ 145.959074, 65.179619, 0.0 ], [ 145.959714, 65.179623, 0.0 ], [ 145.959736, 65.179085, 0.0 ], [ 145.960376, 65.17909, 0.0 ], [ 145.960387, 65.17882, 0.0 ], [ 145.961027, 65.178825, 0.0 ], [ 145.961037, 65.178556, 0.0 ], [ 145.961678, 65.17856, 0.0 ], [ 145.961688, 65.178291, 0.0 ], [ 145.962329, 65.178295, 0.0 ], [ 145.96235, 65.177757, 0.0 ], [ 145.96299, 65.177762, 0.0 ], [ 145.963001, 65.177492, 0.0 ], [ 145.963641, 65.177497, 0.0 ], [ 145.963651, 65.177228, 0.0 ], [ 145.964292, 65.177232, 0.0 ], [ 145.964302, 65.176963, 0.0 ], [ 145.964943, 65.176967, 0.0 ], [ 145.964964, 65.176429, 0.0 ], [ 145.965604, 65.176434, 0.0 ], [ 145.965614, 65.176164, 0.0 ], [ 145.966255, 65.176169, 0.0 ], [ 145.966276, 65.175631, 0.0 ], [ 145.966916, 65.175635, 0.0 ], [ 145.966926, 65.175366, 0.0 ], [ 145.967567, 65.17537, 0.0 ], [ 145.967577, 65.175101, 0.0 ], [ 145.968217, 65.175106, 0.0 ], [ 145.968228, 65.174836, 0.0 ], [ 145.968868, 65.174841, 0.0 ], [ 145.968879, 65.174572, 0.0 ], [ 145.969519, 65.174576, 0.0 ], [ 145.969529, 65.174307, 0.0 ], [ 145.97145, 65.17432, 0.0 ], [ 145.97146, 65.174051, 0.0 ], [ 145.974021, 65.174069, 0.0 ], [ 145.974032, 65.173799, 0.0 ], [ 145.975312, 65.173808, 0.0 ], [ 145.975323, 65.173539, 0.0 ], [ 145.977243, 65.173552, 0.0 ], [ 145.977254, 65.173283, 0.0 ], [ 145.978534, 65.173292, 0.0 ], [ 145.978545, 65.173023, 0.0 ], [ 145.979185, 65.173027, 0.0 ], [ 145.979195, 65.172758, 0.0 ], [ 145.980476, 65.172766, 0.0 ], [ 145.980486, 65.172497, 0.0 ], [ 145.981766, 65.172506, 0.0 ], [ 145.981777, 65.172237, 0.0 ], [ 145.982417, 65.172241, 0.0 ], [ 145.982427, 65.171972, 0.0 ], [ 145.983067, 65.171976, 0.0 ], [ 145.983078, 65.171707, 0.0 ], [ 145.984358, 65.171716, 0.0 ], [ 145.984368, 65.171447, 0.0 ], [ 145.985009, 65.171451, 0.0 ], [ 145.985019, 65.171182, 0.0 ], [ 145.985659, 65.171186, 0.0 ], [ 145.98568, 65.170648, 0.0 ], [ 145.98632, 65.170652, 0.0 ], [ 145.98634, 65.170114, 0.0 ], [ 145.98698, 65.170118, 0.0 ], [ 145.987001, 65.16958, 0.0 ], [ 145.987641, 65.169584, 0.0 ], [ 145.987651, 65.169315, 0.0 ], [ 145.988292, 65.16932, 0.0 ], [ 145.988302, 65.169051, 0.0 ], [ 145.988942, 65.169055, 0.0 ], [ 145.988952, 65.168786, 0.0 ], [ 145.990232, 65.168794, 0.0 ], [ 145.990243, 65.168525, 0.0 ], [ 145.990883, 65.168529, 0.0 ], [ 145.990893, 65.16826, 0.0 ], [ 145.991533, 65.168265, 0.0 ], [ 145.991543, 65.167995, 0.0 ], [ 145.992183, 65.168, 0.0 ], [ 145.992194, 65.167731, 0.0 ], [ 145.992834, 65.167735, 0.0 ], [ 145.992844, 65.167466, 0.0 ], [ 145.994124, 65.167474, 0.0 ], [ 145.994134, 65.167205, 0.0 ], [ 145.994774, 65.16721, 0.0 ], [ 145.994785, 65.16694, 0.0 ], [ 145.995425, 65.166945, 0.0 ], [ 145.995435, 65.166676, 0.0 ], [ 145.996715, 65.166684, 0.0 ], [ 145.996725, 65.166415, 0.0 ], [ 145.998005, 65.166424, 0.0 ], [ 145.998015, 65.166154, 0.0 ], [ 145.999296, 65.166163, 0.0 ], [ 145.999306, 65.165894, 0.0 ], [ 146.001866, 65.165911, 0.0 ], [ 146.001856, 65.16618, 0.0 ], [ 146.003776, 65.166193, 0.0 ], [ 146.003786, 65.165924, 0.0 ], [ 146.004426, 65.165928, 0.0 ], [ 146.004436, 65.165659, 0.0 ], [ 146.005076, 65.165663, 0.0 ], [ 146.005066, 65.165932, 0.0 ], [ 146.006986, 65.165945, 0.0 ], [ 146.006976, 65.166214, 0.0 ], [ 146.008897, 65.166227, 0.0 ], [ 146.008917, 65.165688, 0.0 ], [ 146.009557, 65.165693, 0.0 ], [ 146.009567, 65.165423, 0.0 ], [ 146.010207, 65.165428, 0.0 ], [ 146.010197, 65.165697, 0.0 ], [ 146.012757, 65.165714, 0.0 ], [ 146.012747, 65.165983, 0.0 ], [ 146.013387, 65.165987, 0.0 ], [ 146.013377, 65.166256, 0.0 ], [ 146.014017, 65.16626, 0.0 ], [ 146.013997, 65.166799, 0.0 ], [ 146.014637, 65.166803, 0.0 ], [ 146.014557, 65.168956, 0.0 ], [ 146.013917, 65.168952, 0.0 ], [ 146.013827, 65.171374, 0.0 ], [ 146.013187, 65.17137, 0.0 ], [ 146.013177, 65.171639, 0.0 ], [ 146.012537, 65.171635, 0.0 ], [ 146.012527, 65.171904, 0.0 ], [ 146.011886, 65.1719, 0.0 ], [ 146.011876, 65.172169, 0.0 ], [ 146.010596, 65.17216, 0.0 ], [ 146.010606, 65.171891, 0.0 ], [ 146.006125, 65.171862, 0.0 ], [ 146.006115, 65.172131, 0.0 ], [ 146.005474, 65.172126, 0.0 ], [ 146.005464, 65.172396, 0.0 ], [ 146.004824, 65.172391, 0.0 ], [ 146.004814, 65.172661, 0.0 ], [ 146.004174, 65.172656, 0.0 ], [ 146.004154, 65.173195, 0.0 ], [ 146.004794, 65.173199, 0.0 ], [ 146.004743, 65.174544, 0.0 ], [ 146.006024, 65.174553, 0.0 ], [ 146.006014, 65.174822, 0.0 ], [ 146.009855, 65.174847, 0.0 ], [ 146.009865, 65.174578, 0.0 ], [ 146.011146, 65.174587, 0.0 ], [ 146.011136, 65.174856, 0.0 ], [ 146.014337, 65.174877, 0.0 ], [ 146.014347, 65.174608, 0.0 ], [ 146.015628, 65.174616, 0.0 ], [ 146.015638, 65.174347, 0.0 ], [ 146.016278, 65.174351, 0.0 ], [ 146.016288, 65.174082, 0.0 ], [ 146.016928, 65.174086, 0.0 ], [ 146.016938, 65.173817, 0.0 ], [ 146.017578, 65.173821, 0.0 ], [ 146.017588, 65.173552, 0.0 ], [ 146.018229, 65.173556, 0.0 ], [ 146.018249, 65.173018, 0.0 ], [ 146.018889, 65.173022, 0.0 ], [ 146.018899, 65.172753, 0.0 ], [ 146.019539, 65.172757, 0.0 ], [ 146.019549, 65.172488, 0.0 ], [ 146.020189, 65.172492, 0.0 ], [ 146.020269, 65.170339, 0.0 ], [ 146.020909, 65.170343, 0.0 ], [ 146.020919, 65.170074, 0.0 ], [ 146.021559, 65.170079, 0.0 ], [ 146.021579, 65.16954, 0.0 ], [ 146.022219, 65.169544, 0.0 ], [ 146.022239, 65.169006, 0.0 ], [ 146.021599, 65.169002, 0.0 ], [ 146.021609, 65.168733, 0.0 ], [ 146.020968, 65.168729, 0.0 ], [ 146.021038, 65.166845, 0.0 ], [ 146.020398, 65.166841, 0.0 ], [ 146.020438, 65.165764, 0.0 ], [ 146.021078, 65.165768, 0.0 ], [ 146.021107, 65.164961, 0.0 ], [ 146.023668, 65.164977, 0.0 ], [ 146.023687, 65.164439, 0.0 ], [ 146.022407, 65.164431, 0.0 ], [ 146.022427, 65.163893, 0.0 ], [ 146.023067, 65.163897, 0.0 ], [ 146.023077, 65.163628, 0.0 ], [ 146.023717, 65.163632, 0.0 ], [ 146.023737, 65.163093, 0.0 ], [ 146.024377, 65.163098, 0.0 ], [ 146.024406, 65.16229, 0.0 ], [ 146.025046, 65.162294, 0.0 ], [ 146.025051, 65.162174, 0.0 ], [ 146.025076, 65.161487, 0.0 ], [ 146.024653, 65.161484, 0.0 ], [ 146.024436, 65.161483, 0.0 ], [ 146.024443, 65.161305, 0.0 ], [ 146.024446, 65.161214, 0.0 ], [ 146.02429, 65.161213, 0.0 ], [ 146.023806, 65.161209, 0.0 ], [ 146.023816, 65.160948, 0.0 ], [ 146.023856, 65.159864, 0.0 ], [ 146.023216, 65.15986, 0.0 ], [ 146.023235, 65.159321, 0.0 ], [ 146.022596, 65.159317, 0.0 ], [ 146.022645, 65.157971, 0.0 ], [ 146.022005, 65.157967, 0.0 ], [ 146.022025, 65.157429, 0.0 ], [ 146.021385, 65.157425, 0.0 ], [ 146.021405, 65.156887, 0.0 ], [ 146.020765, 65.156882, 0.0 ], [ 146.020775, 65.156613, 0.0 ], [ 146.020135, 65.156609, 0.0 ], [ 146.020155, 65.156071, 0.0 ], [ 146.018875, 65.156062, 0.0 ], [ 146.018885, 65.155793, 0.0 ], [ 146.016336, 65.155777, 0.0 ], [ 146.015047, 65.155768, 0.0 ], [ 146.015037, 65.156037, 0.0 ], [ 146.013757, 65.156029, 0.0 ], [ 146.013727, 65.156836, 0.0 ], [ 146.013087, 65.156832, 0.0 ], [ 146.013067, 65.15737, 0.0 ], [ 146.012427, 65.157366, 0.0 ], [ 146.012417, 65.157635, 0.0 ], [ 146.011777, 65.157631, 0.0 ], [ 146.011697, 65.159784, 0.0 ], [ 146.011057, 65.15978, 0.0 ], [ 146.011047, 65.160049, 0.0 ], [ 146.010407, 65.160045, 0.0 ], [ 146.010397, 65.160314, 0.0 ], [ 146.009118, 65.160306, 0.0 ], [ 146.009128, 65.160036, 0.0 ], [ 146.008488, 65.160032, 0.0 ], [ 146.008498, 65.159763, 0.0 ], [ 146.007858, 65.159759, 0.0 ], [ 146.007868, 65.15949, 0.0 ], [ 146.005948, 65.159477, 0.0 ], [ 146.005938, 65.159746, 0.0 ], [ 146.003378, 65.159729, 0.0 ], [ 146.003469, 65.157307, 0.0 ], [ 146.004109, 65.157311, 0.0 ], [ 146.004119, 65.157042, 0.0 ], [ 146.007319, 65.157063, 0.0 ], [ 146.007399, 65.15491, 0.0 ], [ 146.006759, 65.154906, 0.0 ], [ 146.006789, 65.154099, 0.0 ], [ 146.007429, 65.154103, 0.0 ], [ 146.007449, 65.153564, 0.0 ], [ 146.008089, 65.153569, 0.0 ], [ 146.008099, 65.1533, 0.0 ], [ 146.007459, 65.153295, 0.0 ], [ 146.007469, 65.153026, 0.0 ], [ 146.00683, 65.153022, 0.0 ], [ 146.00684, 65.152753, 0.0 ], [ 146.0062, 65.152749, 0.0 ], [ 146.00622, 65.15221, 0.0 ], [ 146.00558, 65.152206, 0.0 ], [ 146.00559, 65.151962, 0.0 ], [ 146.00559, 65.151937, 0.0 ], [ 146.005516, 65.151936, 0.0 ], [ 146.004311, 65.151928, 0.0 ], [ 146.004321, 65.151659, 0.0 ], [ 146.003681, 65.151655, 0.0 ], [ 146.003696, 65.151263, 0.0 ], [ 146.003702, 65.151117, 0.0 ], [ 146.003289, 65.151114, 0.0 ], [ 146.003062, 65.151113, 0.0 ], [ 146.003065, 65.151043, 0.0 ], [ 146.003072, 65.150843, 0.0 ], [ 146.002432, 65.150839, 0.0 ], [ 146.002442, 65.15057, 0.0 ], [ 146.001803, 65.150566, 0.0 ], [ 146.001793, 65.150835, 0.0 ], [ 146.001153, 65.150831, 0.0 ], [ 146.001151, 65.150895, 0.0 ], [ 146.001133, 65.151369, 0.0 ], [ 145.998574, 65.151352, 0.0 ], [ 145.998564, 65.151621, 0.0 ], [ 145.997924, 65.151617, 0.0 ], [ 145.997914, 65.151886, 0.0 ], [ 145.995355, 65.151869, 0.0 ], [ 145.995345, 65.152138, 0.0 ], [ 145.992146, 65.152116, 0.0 ], [ 145.992105, 65.153193, 0.0 ], [ 145.992745, 65.153197, 0.0 ], [ 145.992725, 65.153736, 0.0 ], [ 145.992085, 65.153731, 0.0 ], [ 145.992065, 65.15427, 0.0 ], [ 145.992704, 65.154274, 0.0 ], [ 145.992674, 65.155081, 0.0 ], [ 145.990754, 65.155068, 0.0 ], [ 145.990775, 65.15453, 0.0 ], [ 145.990135, 65.154526, 0.0 ], [ 145.990145, 65.154257, 0.0 ], [ 145.989505, 65.154252, 0.0 ], [ 145.989526, 65.153714, 0.0 ], [ 145.988886, 65.15371, 0.0 ], [ 145.988896, 65.153441, 0.0 ], [ 145.988257, 65.153436, 0.0 ], [ 145.988287, 65.152629, 0.0 ], [ 145.987648, 65.152625, 0.0 ], [ 145.987661, 65.152263, 0.0 ], [ 145.987668, 65.152086, 0.0 ], [ 145.987029, 65.152082, 0.0 ], [ 145.987039, 65.151813, 0.0 ], [ 145.985759, 65.151804, 0.0 ], [ 145.985739, 65.152335, 0.0 ], [ 145.985698, 65.153419, 0.0 ], [ 145.986337, 65.153423, 0.0 ], [ 145.986317, 65.153962, 0.0 ], [ 145.986957, 65.153966, 0.0 ], [ 145.986946, 65.154235, 0.0 ], [ 145.987586, 65.154239, 0.0 ], [ 145.987576, 65.154509, 0.0 ], [ 145.988216, 65.154513, 0.0 ], [ 145.988205, 65.154782, 0.0 ], [ 145.988845, 65.154786, 0.0 ], [ 145.988784, 65.156401, 0.0 ], [ 145.987504, 65.156392, 0.0 ], [ 145.987535, 65.155585, 0.0 ], [ 145.986895, 65.155581, 0.0 ], [ 145.986905, 65.155312, 0.0 ], [ 145.984986, 65.155299, 0.0 ], [ 145.985007, 65.15476, 0.0 ], [ 145.984367, 65.154756, 0.0 ], [ 145.984377, 65.154487, 0.0 ], [ 145.983737, 65.154483, 0.0 ], [ 145.983789, 65.153137, 0.0 ], [ 145.984428, 65.153141, 0.0 ], [ 145.984449, 65.152603, 0.0 ], [ 145.983809, 65.152599, 0.0 ], [ 145.98382, 65.15233, 0.0 ], [ 145.98318, 65.152325, 0.0 ], [ 145.983185, 65.152199, 0.0 ], [ 145.98319, 65.152056, 0.0 ], [ 145.982237, 65.15205, 0.0 ], [ 145.981662, 65.152046, 0.0 ], [ 145.980631, 65.152039, 0.0 ], [ 145.980628, 65.152134, 0.0 ], [ 145.980621, 65.152308, 0.0 ], [ 145.978702, 65.152295, 0.0 ], [ 145.978712, 65.152026, 0.0 ], [ 145.978603, 65.152025, 0.0 ], [ 145.978073, 65.152021, 0.0 ], [ 145.978083, 65.151752, 0.0 ], [ 145.977443, 65.151748, 0.0 ], [ 145.977433, 65.152017, 0.0 ], [ 145.976793, 65.152013, 0.0 ], [ 145.976783, 65.152282, 0.0 ], [ 145.976143, 65.152277, 0.0 ], [ 145.976137, 65.152439, 0.0 ], [ 145.976081, 65.153892, 0.0 ], [ 145.975441, 65.153888, 0.0 ], [ 145.97541, 65.154695, 0.0 ], [ 145.97477, 65.154691, 0.0 ], [ 145.97476, 65.15496, 0.0 ], [ 145.970921, 65.154934, 0.0 ], [ 145.970931, 65.154665, 0.0 ], [ 145.970292, 65.15466, 0.0 ], [ 145.970365, 65.152776, 0.0 ], [ 145.969725, 65.152772, 0.0 ], [ 145.969735, 65.152503, 0.0 ], [ 145.969082, 65.152498, 0.0 ], [ 145.968456, 65.152494, 0.0 ], [ 145.968453, 65.152576, 0.0 ], [ 145.968445, 65.152763, 0.0 ], [ 145.967628, 65.152757, 0.0 ], [ 145.967542, 65.152821, 0.0 ], [ 145.967296, 65.153066, 0.0 ], [ 145.967232, 65.153142, 0.0 ], [ 145.967091, 65.153382, 0.0 ], [ 145.966917, 65.153624, 0.0 ], [ 145.966788, 65.153873, 0.0 ], [ 145.966613, 65.154118, 0.0 ], [ 145.96647, 65.154367, 0.0 ], [ 145.96613, 65.154769, 0.0 ], [ 145.966051, 65.154848, 0.0 ], [ 145.965982, 65.1549, 0.0 ], [ 145.966442, 65.154903, 0.0 ], [ 145.966453, 65.154634, 0.0 ], [ 145.967093, 65.154638, 0.0 ], [ 145.967103, 65.154369, 0.0 ], [ 145.967743, 65.154373, 0.0 ], [ 145.967785, 65.153297, 0.0 ], [ 145.969064, 65.153306, 0.0 ], [ 145.968991, 65.15519, 0.0 ], [ 145.968351, 65.155185, 0.0 ], [ 145.96833, 65.155724, 0.0 ], [ 145.967691, 65.155719, 0.0 ], [ 145.96767, 65.156257, 0.0 ], [ 145.96639, 65.156249, 0.0 ], [ 145.966369, 65.156787, 0.0 ], [ 145.967649, 65.156796, 0.0 ], [ 145.967659, 65.156527, 0.0 ], [ 145.968299, 65.156531, 0.0 ], [ 145.96831, 65.156262, 0.0 ], [ 145.968949, 65.156266, 0.0 ], [ 145.968939, 65.156535, 0.0 ], [ 145.969579, 65.15654, 0.0 ], [ 145.969589, 65.156271, 0.0 ], [ 145.970229, 65.156275, 0.0 ], [ 145.970219, 65.156544, 0.0 ], [ 145.970858, 65.156548, 0.0 ], [ 145.970848, 65.156818, 0.0 ], [ 145.970208, 65.156813, 0.0 ], [ 145.970198, 65.157082, 0.0 ], [ 145.970838, 65.157087, 0.0 ], [ 145.970817, 65.157625, 0.0 ], [ 145.971457, 65.157629, 0.0 ], [ 145.971446, 65.157899, 0.0 ], [ 145.972086, 65.157903, 0.0 ], [ 145.972065, 65.158441, 0.0 ], [ 145.973345, 65.15845, 0.0 ], [ 145.973355, 65.158181, 0.0 ], [ 145.973995, 65.158185, 0.0 ], [ 145.973985, 65.158454, 0.0 ], [ 145.975264, 65.158463, 0.0 ], [ 145.975254, 65.158732, 0.0 ], [ 145.977814, 65.15875, 0.0 ], [ 145.977803, 65.159019, 0.0 ], [ 145.978443, 65.159023, 0.0 ], [ 145.978433, 65.159292, 0.0 ], [ 145.980352, 65.159305, 0.0 ], [ 145.980342, 65.159574, 0.0 ], [ 145.980982, 65.159579, 0.0 ], [ 145.980972, 65.159848, 0.0 ], [ 145.981612, 65.159852, 0.0 ], [ 145.981591, 65.160391, 0.0 ], [ 145.982231, 65.160395, 0.0 ], [ 145.98222, 65.160664, 0.0 ], [ 145.98286, 65.160668, 0.0 ], [ 145.98285, 65.160938, 0.0 ], [ 145.98413, 65.160946, 0.0 ], [ 145.98412, 65.161215, 0.0 ], [ 145.98476, 65.16122, 0.0 ], [ 145.984698, 65.162834, 0.0 ], [ 145.984058, 65.16283, 0.0 ], [ 145.984048, 65.163099, 0.0 ], [ 145.983408, 65.163095, 0.0 ], [ 145.983397, 65.163364, 0.0 ], [ 145.982757, 65.16336, 0.0 ], [ 145.982737, 65.163898, 0.0 ], [ 145.981457, 65.163889, 0.0 ], [ 145.981467, 65.16362, 0.0 ], [ 145.980187, 65.163611, 0.0 ], [ 145.980166, 65.16415, 0.0 ], [ 145.980806, 65.164154, 0.0 ], [ 145.980775, 65.164962, 0.0 ], [ 145.980135, 65.164957, 0.0 ], [ 145.980125, 65.165226, 0.0 ], [ 145.979485, 65.165222, 0.0 ], [ 145.979475, 65.165491, 0.0 ], [ 145.978835, 65.165487, 0.0 ], [ 145.978824, 65.165756, 0.0 ], [ 145.978184, 65.165752, 0.0 ], [ 145.978174, 65.166021, 0.0 ], [ 145.977534, 65.166016, 0.0 ], [ 145.977523, 65.166285, 0.0 ], [ 145.976883, 65.166281, 0.0 ], [ 145.976873, 65.16655, 0.0 ], [ 145.976233, 65.166546, 0.0 ], [ 145.976212, 65.167084, 0.0 ], [ 145.975572, 65.16708, 0.0 ], [ 145.975562, 65.167349, 0.0 ], [ 145.974922, 65.167345, 0.0 ], [ 145.974911, 65.167614, 0.0 ], [ 145.972351, 65.167596, 0.0 ], [ 145.97234, 65.167865, 0.0 ], [ 145.9717, 65.167861, 0.0 ], [ 145.971669, 65.168668, 0.0 ], [ 145.971029, 65.168664, 0.0 ], [ 145.971018, 65.168933, 0.0 ], [ 145.970378, 65.168929, 0.0 ], [ 145.970368, 65.169198, 0.0 ], [ 145.969088, 65.169189, 0.0 ], [ 145.969098, 65.16892, 0.0 ], [ 145.968458, 65.168915, 0.0 ], [ 145.968489, 65.168108, 0.0 ], [ 145.967849, 65.168104, 0.0 ], [ 145.96786, 65.167835, 0.0 ], [ 145.96722, 65.16783, 0.0 ], [ 145.967241, 65.167292, 0.0 ], [ 145.967881, 65.167296, 0.0 ], [ 145.967996, 65.164336, 0.0 ], [ 145.968636, 65.16434, 0.0 ], [ 145.968646, 65.164071, 0.0 ], [ 145.969286, 65.164075, 0.0 ], [ 145.969276, 65.164345, 0.0 ], [ 145.971196, 65.164358, 0.0 ], [ 145.971248, 65.163012, 0.0 ], [ 145.970608, 65.163008, 0.0 ], [ 145.970618, 65.162739, 0.0 ], [ 145.969978, 65.162734, 0.0 ], [ 145.969989, 65.162465, 0.0 ], [ 145.968069, 65.162452, 0.0 ], [ 145.968059, 65.162721, 0.0 ], [ 145.966876, 65.162713, 0.0 ], [ 145.966779, 65.162712, 0.0 ], [ 145.966775, 65.162801, 0.0 ], [ 145.966768, 65.162981, 0.0 ], [ 145.966483, 65.162979, 0.0 ], [ 145.965488, 65.162973, 0.0 ], [ 145.965478, 65.163242, 0.0 ], [ 145.964838, 65.163237, 0.0 ], [ 145.964829, 65.163465, 0.0 ], [ 145.964817, 65.163775, 0.0 ], [ 145.964177, 65.163771, 0.0 ], [ 145.964166, 65.16404, 0.0 ], [ 145.962886, 65.164031, 0.0 ], [ 145.962844, 65.165108, 0.0 ], [ 145.962204, 65.165103, 0.0 ], [ 145.962194, 65.165373, 0.0 ], [ 145.961554, 65.165368, 0.0 ], [ 145.961543, 65.165637, 0.0 ], [ 145.962183, 65.165642, 0.0 ], [ 145.962173, 65.165911, 0.0 ], [ 145.962813, 65.165915, 0.0 ], [ 145.962792, 65.166454, 0.0 ], [ 145.963432, 65.166458, 0.0 ], [ 145.963411, 65.166996, 0.0 ], [ 145.964051, 65.167001, 0.0 ], [ 145.96404, 65.16727, 0.0 ], [ 145.96468, 65.167274, 0.0 ], [ 145.96467, 65.167543, 0.0 ], [ 145.96531, 65.167548, 0.0 ], [ 145.965257, 65.168893, 0.0 ], [ 145.964617, 65.168889, 0.0 ], [ 145.964607, 65.169158, 0.0 ], [ 145.963967, 65.169154, 0.0 ], [ 145.963956, 65.169423, 0.0 ], [ 145.963316, 65.169418, 0.0 ], [ 145.963306, 65.169688, 0.0 ], [ 145.962665, 65.169683, 0.0 ], [ 145.962644, 65.170221, 0.0 ], [ 145.962004, 65.170217, 0.0 ], [ 145.961994, 65.170486, 0.0 ], [ 145.961354, 65.170482, 0.0 ], [ 145.961343, 65.170751, 0.0 ], [ 145.958142, 65.170729, 0.0 ], [ 145.958153, 65.17046, 0.0 ], [ 145.956872, 65.170451, 0.0 ], [ 145.956862, 65.17072, 0.0 ], [ 145.955582, 65.170711, 0.0 ], [ 145.955571, 65.17098, 0.0 ], [ 145.954931, 65.170976, 0.0 ], [ 145.954846, 65.173129, 0.0 ], [ 145.953566, 65.17312, 0.0 ], [ 145.953555, 65.173389, 0.0 ], [ 145.952274, 65.17338, 0.0 ], [ 145.952253, 65.173918, 0.0 ], [ 145.951613, 65.173914, 0.0 ], [ 145.951592, 65.174452, 0.0 ], [ 145.950951, 65.174448, 0.0 ], [ 145.95093, 65.174986, 0.0 ], [ 145.95029, 65.174981, 0.0 ], [ 145.950269, 65.17552, 0.0 ], [ 145.949628, 65.175515, 0.0 ], [ 145.949607, 65.176053, 0.0 ], [ 145.948967, 65.176049, 0.0 ], [ 145.948945, 65.176587, 0.0 ], [ 145.948305, 65.176583, 0.0 ], [ 145.948284, 65.177121, 0.0 ], [ 145.947643, 65.177116, 0.0 ], [ 145.947633, 65.177386, 0.0 ], [ 145.946992, 65.177381, 0.0 ], [ 145.946971, 65.177919, 0.0 ], [ 145.946331, 65.177915, 0.0 ], [ 145.94632, 65.178184, 0.0 ], [ 145.94568, 65.178179, 0.0 ], [ 145.945658, 65.178718, 0.0 ], [ 145.945018, 65.178713, 0.0 ], [ 145.944997, 65.179252, 0.0 ], [ 145.944356, 65.179247, 0.0 ], [ 145.944335, 65.179785, 0.0 ], [ 145.943694, 65.179781, 0.0 ], [ 145.943684, 65.18005, 0.0 ], [ 145.943043, 65.180045, 0.0 ], [ 145.943022, 65.180584, 0.0 ], [ 145.942382, 65.180579, 0.0 ], [ 145.942371, 65.180848, 0.0 ], [ 145.94173, 65.180844, 0.0 ], [ 145.941709, 65.181382, 0.0 ], [ 145.941068, 65.181378, 0.0 ], [ 145.941047, 65.181916, 0.0 ], [ 145.940407, 65.181911, 0.0 ], [ 145.940374, 65.182719, 0.0 ], [ 145.939734, 65.182714, 0.0 ], [ 145.939712, 65.183252, 0.0 ], [ 145.939072, 65.183248, 0.0 ], [ 145.93905, 65.183786, 0.0 ], [ 145.93841, 65.183782, 0.0 ], [ 145.938388, 65.18432, 0.0 ], [ 145.937748, 65.184315, 0.0 ], [ 145.937737, 65.184585, 0.0 ], [ 145.937097, 65.18458, 0.0 ], [ 145.937075, 65.185118, 0.0 ], [ 145.936435, 65.185114, 0.0 ], [ 145.936413, 65.185652, 0.0 ], [ 145.935772, 65.185647, 0.0 ], [ 145.93574, 65.186455, 0.0 ], [ 145.935099, 65.18645, 0.0 ], [ 145.935078, 65.186989, 0.0 ], [ 145.934437, 65.186984, 0.0 ], [ 145.934416, 65.187522, 0.0 ], [ 145.933775, 65.187518, 0.0 ], [ 145.933721, 65.188863, 0.0 ], [ 145.93308, 65.188859, 0.0 ], [ 145.933048, 65.189666, 0.0 ], [ 145.931982, 65.191101, 0.0 ], [ 145.932827, 65.194669, 0.0 ], [ 145.932727, 65.197161, 0.0 ], [ 145.931944, 65.199055, 0.0 ], [ 145.929897, 65.200762, 0.0 ], [ 145.928998, 65.202002, 0.0 ], [ 145.930239, 65.202782, 0.0 ], [ 145.933075, 65.202565, 0.0 ], [ 145.935077, 65.201986, 0.0 ], [ 145.936392, 65.200926, 0.0 ], [ 145.938406, 65.20005, 0.0 ], [ 145.940417, 65.199234, 0.0 ], [ 145.941875, 65.198116, 0.0 ], [ 145.944051, 65.196707, 0.0 ], [ 145.944534, 65.195226, 0.0 ], [ 145.944221, 65.192434, 0.0 ], [ 145.944536, 65.190824, 0.0 ] ], [ [ 146.017427, 65.160629, 0.0 ], [ 146.016787, 65.160625, 0.0 ], [ 146.016797, 65.160356, 0.0 ], [ 146.016157, 65.160352, 0.0 ], [ 146.016167, 65.160083, 0.0 ], [ 146.016807, 65.160087, 0.0 ], [ 146.016817, 65.159818, 0.0 ], [ 146.017456, 65.159822, 0.0 ], [ 146.017446, 65.160091, 0.0 ], [ 146.018086, 65.160095, 0.0 ], [ 146.018076, 65.160364, 0.0 ], [ 146.017437, 65.16036, 0.0 ], [ 146.017427, 65.160629, 0.0 ] ], [ [ 145.982458, 65.154474, 0.0 ], [ 145.978619, 65.154448, 0.0 ], [ 145.97864, 65.15391, 0.0 ], [ 145.97928, 65.153914, 0.0 ], [ 145.9793, 65.153376, 0.0 ], [ 145.98058, 65.153384, 0.0 ], [ 145.980569, 65.153653, 0.0 ], [ 145.981209, 65.153658, 0.0 ], [ 145.981199, 65.153927, 0.0 ], [ 145.981839, 65.153931, 0.0 ], [ 145.981828, 65.1542, 0.0 ], [ 145.982468, 65.154205, 0.0 ], [ 145.982458, 65.154474, 0.0 ] ] ] } },
{ "type": "Feature", "properties": { "rgi_id": "RGI2000-v7.0-G-10-00692", "o1region": "10", "o2region": "10-03", "glims_id": "G145978E65186N", "anlys_id": 423792, "subm_id": 636, "src_date": "2013-08-12T00:00:00", "cenlon": 145.97723554135686, "cenlat": 65.1862165, "utm_zone": 55, "area_km2": 0.032417167535807, "primeclass": 0, "conn_lvl": 0, "surge_type": 0, "term_type": 9, "glac_name": null, "is_rgi6": 1, "termlon": 145.98119903332127, "termlat": 65.187281527858332, "zmin_m": 2364.0679, "zmax_m": 2661.9258, "zmed_m": 2569.9797, "zmean_m": 2551.527, "slope_deg": 43.729774, "aspect_deg": 49.2322, "aspect_sec": 2, "dem_source": "COPDEM30", "lmax_m": 316 }, "geometry": { "type": "Polygon", "coordinates": [ [ [ 145.978708, 65.185407, 0.0 ], [ 145.978068, 65.185403, 0.0 ], [ 145.978078, 65.185134, 0.0 ], [ 145.977438, 65.185129, 0.0 ], [ 145.977427, 65.185398, 0.0 ], [ 145.976787, 65.185394, 0.0 ], [ 145.976776, 65.185663, 0.0 ], [ 145.976136, 65.185659, 0.0 ], [ 145.976125, 65.185928, 0.0 ], [ 145.975485, 65.185924, 0.0 ], [ 145.975464, 65.186462, 0.0 ], [ 145.976105, 65.186466, 0.0 ], [ 145.976094, 65.186735, 0.0 ], [ 145.977375, 65.186744, 0.0 ], [ 145.977365, 65.187013, 0.0 ], [ 145.978646, 65.187022, 0.0 ], [ 145.978636, 65.187291, 0.0 ], [ 145.981198, 65.187308, 0.0 ], [ 145.981219, 65.18677, 0.0 ], [ 145.980578, 65.186766, 0.0 ], [ 145.980588, 65.186497, 0.0 ], [ 145.979307, 65.186488, 0.0 ], [ 145.979318, 65.186219, 0.0 ], [ 145.978677, 65.186214, 0.0 ], [ 145.978708, 65.185407, 0.0 ] ] ] } },
{ "type": "Feature", "properties": { "rgi_id": "RGI2000-v7.0-G-10-00693", "o1region": "10", "o2region": "10-03", "glims_id": "G145970E65191N", "anlys_id": 423790, "subm_id": 636, "src_date": "2013-08-12T00:00:00", "cenlon": 145.97017247461019, "cenlat": 65.190733, "utm_zone": 55, "area_km2": 0.040525755016673, "primeclass": 0, "conn_lvl": 0, "surge_type": 0, "term_type": 9, "glac_name": null, "is_rgi6": 1, "termlon": 145.97200305970065, "termlat": 65.193114383031968, "zmin_m": 2270.203, "zmax_m": 2654.0579, "zmed_m": 2485.3845, "zmean_m": 2478.0613, "slope_deg": 42.21299, "aspect_deg": 5.3489943, "aspect_sec": 1, "dem_source": "COPDEM30", "lmax_m": 446 }, "geometry": { "type": "Polygon", "coordinates": [ [ [ 145.970214, 65.189656, 0.0 ], [ 145.970225, 65.189387, 0.0 ], [ 145.969584, 65.189383, 0.0 ], [ 145.969574, 65.189652, 0.0 ], [ 145.968933, 65.189648, 0.0 ], [ 145.96886, 65.191532, 0.0 ], [ 145.969501, 65.191536, 0.0 ], [ 145.969469, 65.192343, 0.0 ], [ 145.97011, 65.192348, 0.0 ], [ 145.970089, 65.192886, 0.0 ], [ 145.97073, 65.19289, 0.0 ], [ 145.970719, 65.193159, 0.0 ], [ 145.972001, 65.193168, 0.0 ], [ 145.972032, 65.192361, 0.0 ], [ 145.971391, 65.192356, 0.0 ], [ 145.971485, 65.189934, 0.0 ], [ 145.970845, 65.18993, 0.0 ], [ 145.970855, 65.189661, 0.0 ], [ 145.970214, 65.189656, 0.0 ] ] ] } },
{ "type": "Feature", "properties": { "rgi_id": "RGI2000-v7.0-G-10-00694", "o1region": "10", "o2region": "10-03", "glims_id": "G145936E65150N", "anlys_id": 423784, "subm_id": 636, "src_date": "2013-08-12T00:00:00", "cenlon": 145.93471797777261, "cenlat": 65.1480855, "utm_zone": 55, "area_km2": 0.23778325180086099, "primeclass": 0, "conn_lvl": 0, "surge_type": 0, "term_type": 9, "glac_name": "59", "is_rgi6": 1, "termlon": 145.9351720796854, "termlat": 65.152724688301632, "zmin_m": 1958.6997, "zmax_m": 2422.2056, "zmed_m": 2227.5078, "zmean_m": 2191.4849, "slope_deg": 23.911352, "aspect_deg": 356.49764084815979, "aspect_sec": 1, "dem_source": "COPDEM30", "lmax_m": 1097 }, "geometry": { "type": "Polygon", "coordinates": [ [ [ 145.935809, 65.152804, 0.0 ], [ 145.93582, 65.152535, 0.0 ], [ 145.936459, 65.15254, 0.0 ], [ 145.93647, 65.152271, 0.0 ], [ 145.93711, 65.152275, 0.0 ], [ 145.937121, 65.152006, 0.0 ], [ 145.93776, 65.152011, 0.0 ], [ 145.937814, 65.150665, 0.0 ], [ 145.937174, 65.15066, 0.0 ], [ 145.937196, 65.150122, 0.0 ], [ 145.936556, 65.150118, 0.0 ], [ 145.936632, 65.148234, 0.0 ], [ 145.935992, 65.148229, 0.0 ], [ 145.936024, 65.147422, 0.0 ], [ 145.936664, 65.147426, 0.0 ], [ 145.936686, 65.146888, 0.0 ], [ 145.937325, 65.146893, 0.0 ], [ 145.93739, 65.145278, 0.0 ], [ 145.93675, 65.145273, 0.0 ], [ 145.936761, 65.145004, 0.0 ], [ 145.936121, 65.145, 0.0 ], [ 145.936143, 65.144461, 0.0 ], [ 145.936782, 65.144466, 0.0 ], [ 145.936793, 65.144197, 0.0 ], [ 145.937433, 65.144201, 0.0 ], [ 145.937463, 65.143452, 0.0 ], [ 145.937465, 65.143394, 0.0 ], [ 145.937228, 65.143392, 0.0 ], [ 145.936826, 65.143389, 0.0 ], [ 145.936829, 65.143294, 0.0 ], [ 145.936836, 65.14312, 0.0 ], [ 145.935619, 65.143111, 0.0 ], [ 145.932999, 65.143093, 0.0 ], [ 145.932989, 65.143362, 0.0 ], [ 145.932349, 65.143357, 0.0 ], [ 145.932327, 65.143896, 0.0 ], [ 145.929769, 65.143877, 0.0 ], [ 145.929759, 65.144147, 0.0 ], [ 145.929119, 65.144142, 0.0 ], [ 145.929097, 65.14468, 0.0 ], [ 145.928458, 65.144676, 0.0 ], [ 145.928436, 65.145214, 0.0 ], [ 145.929076, 65.145219, 0.0 ], [ 145.929054, 65.145757, 0.0 ], [ 145.929693, 65.145761, 0.0 ], [ 145.929683, 65.146031, 0.0 ], [ 145.930322, 65.146035, 0.0 ], [ 145.930311, 65.146304, 0.0 ], [ 145.931591, 65.146313, 0.0 ], [ 145.93158, 65.146582, 0.0 ], [ 145.932219, 65.146587, 0.0 ], [ 145.932198, 65.147125, 0.0 ], [ 145.932837, 65.14713, 0.0 ], [ 145.932805, 65.147937, 0.0 ], [ 145.933444, 65.147942, 0.0 ], [ 145.933401, 65.149018, 0.0 ], [ 145.932762, 65.149014, 0.0 ], [ 145.932718, 65.15009, 0.0 ], [ 145.933358, 65.150095, 0.0 ], [ 145.933315, 65.151171, 0.0 ], [ 145.933954, 65.151176, 0.0 ], [ 145.933944, 65.151445, 0.0 ], [ 145.934583, 65.15145, 0.0 ], [ 145.93454, 65.152526, 0.0 ], [ 145.93518, 65.152531, 0.0 ], [ 145.935169, 65.1528, 0.0 ], [ 145.935809, 65.152804, 0.0 ] ] ] } },
{ "type": "Feature", "properties": { "rgi_id": "RGI2000-v7.0-G-10-00695", "o1region": "10", "o2region": "10-03", "glims_id": "G146085E65136N", "anlys_id": 423828, "subm_id": 636, "src_date": "2013-08-12T00:00:00", "cenlon": 146.0841973516074, "cenlat": 65.136204, "utm_zone": 55, "area_km2": 0.082855974206721, "primeclass": 0, "conn_lvl": 0, "surge_type": 0, "term_type": 9, "glac_name": "62", "is_rgi6": 1, "termlon": 146.08036377605086, "termlat": 65.13733826785375, "zmin_m": 2271.553, "zmax_m": 2553.99, "zmed_m": 2411.2917, "zmean_m": 2414.0388, "slope_deg": 29.873018, "aspect_deg": 315.30335235595703, "aspect_sec": 8, "dem_source": "COPDEM30", "lmax_m": 471 }, "geometry": { "type": "Polygon", "coordinates": [ [ [ 146.086085, 65.137104, 0.0 ], [ 146.086094, 65.136835, 0.0 ], [ 146.086733, 65.136839, 0.0 ], [ 146.086752, 65.136301, 0.0 ], [ 146.087238, 65.136304, 0.0 ], [ 146.087391, 65.136305, 0.0 ], [ 146.087398, 65.136107, 0.0 ], [ 146.087419, 65.135497, 0.0 ], [ 146.087877, 65.1355, 0.0 ], [ 146.088058, 65.135501, 0.0 ], [ 146.088066, 65.135274, 0.0 ], [ 146.088086, 65.134694, 0.0 ], [ 146.083611, 65.134666, 0.0 ], [ 146.083601, 65.134936, 0.0 ], [ 146.082323, 65.134928, 0.0 ], [ 146.082314, 65.135197, 0.0 ], [ 146.081674, 65.135193, 0.0 ], [ 146.081665, 65.135462, 0.0 ], [ 146.081026, 65.135458, 0.0 ], [ 146.08097, 65.137073, 0.0 ], [ 146.08033, 65.137069, 0.0 ], [ 146.080321, 65.137338, 0.0 ], [ 146.08096, 65.137342, 0.0 ], [ 146.080951, 65.137611, 0.0 ], [ 146.082869, 65.137623, 0.0 ], [ 146.082879, 65.137354, 0.0 ], [ 146.084797, 65.137366, 0.0 ], [ 146.084806, 65.137096, 0.0 ], [ 146.086085, 65.137104, 0.0 ] ] ] } },
{ "type": "Feature", "properties": { "rgi_id": "RGI2000-v7.0-G-10-00696", "o1region": "10", "o2region": "10-03", "glims_id": "G146104E65141N", "anlys_id": 423832, "subm_id": 636, "src_date": "2013-08-12T00:00:00", "cenlon": 146.09247377721852, "cenlat": 65.137286, "utm_zone": 55, "area_km2": 0.087350518697148993, "primeclass": 0, "conn_lvl": 0, "surge_type": 0, "term_type": 9, "glac_name": "14", "is_rgi6": 1, "termlon": 146.09946644652237, "termlat": 65.138517654236139, "zmin_m": 2105.5728, "zmax_m": 2359.0144, "zmed_m": 2256.1968, "zmean_m": 2248.2383, "slope_deg": 26.942297, "aspect_deg": 51.82548, "aspect_sec": 2, "dem_source": "COPDEM30", "lmax_m": 494 }, "geometry": { "type": "Polygon", "coordinates": [ [ [ 146.093145, 65.13634, 0.0 ], [ 146.093155, 65.13607, 0.0 ], [ 146.091876, 65.136063, 0.0 ], [ 146.091867, 65.136332, 0.0 ], [ 146.090588, 65.136324, 0.0 ], [ 146.090579, 65.136593, 0.0 ], [ 146.089939, 65.136589, 0.0 ], [ 146.08993, 65.136858, 0.0 ], [ 146.089291, 65.136855, 0.0 ], [ 146.089282, 65.137124, 0.0 ], [ 146.088735, 65.13712, 0.0 ], [ 146.088642, 65.13712, 0.0 ], [ 146.08864, 65.137187, 0.0 ], [ 146.088633, 65.137389, 0.0 ], [ 146.08837, 65.137387, 0.0 ], [ 146.087994, 65.137385, 0.0 ], [ 146.087984, 65.137654, 0.0 ], [ 146.088024, 65.137654, 0.0 ], [ 146.088624, 65.137658, 0.0 ], [ 146.088605, 65.138196, 0.0 ], [ 146.089884, 65.138204, 0.0 ], [ 146.089875, 65.138473, 0.0 ], [ 146.099466, 65.138531, 0.0 ], [ 146.099484, 65.137993, 0.0 ], [ 146.098845, 65.137989, 0.0 ], [ 146.098854, 65.13772, 0.0 ], [ 146.096936, 65.137708, 0.0 ], [ 146.096945, 65.137439, 0.0 ], [ 146.096306, 65.137435, 0.0 ], [ 146.096315, 65.137166, 0.0 ], [ 146.095036, 65.137159, 0.0 ], [ 146.095045, 65.136889, 0.0 ], [ 146.094406, 65.136886, 0.0 ], [ 146.094415, 65.136616, 0.0 ], [ 146.093776, 65.136613, 0.0 ], [ 146.093785, 65.136343, 0.0 ], [ 146.093145, 65.13634, 0.0 ] ] ] } },
{ "type": "Feature", "properties": { "rgi_id": "RGI2000-v7.0-G-10-00697", "o1region": "10", "o2region": "10-03", "glims_id": "G146106E65140N", "anlys_id": 423841, "subm_id": 636, "src_date": "2013-08-12T00:00:00", "cenlon": 146.105171, "cenlat": 65.140046, "utm_zone": 55, "area_km2": 0.032428158659491002, "primeclass": 0, "conn_lvl": 0, "surge_type": 0, "term_type": 9, "glac_name": null, "is_rgi6": 1, "termlon": 146.1070505038646, "termlat": 65.141223968538441, "zmin_m": 1942.187, "zmax_m": 2058.4485, "zmed_m": 1986.5486, "zmean_m": 1991.3024, "slope_deg": 17.998594, "aspect_deg": 45.828205, "aspect_sec": 2, "dem_source": "COPDEM30", "lmax_m": 355 }, "geometry": { "type": "Polygon", "coordinates": [ [ [ 146.107049, 65.141269, 0.0 ], [ 146.107067, 65.14073, 0.0 ], [ 146.107706, 65.140734, 0.0 ], [ 146.107724, 65.140196, 0.0 ], [ 146.107085, 65.140192, 0.0 ], [ 146.107094, 65.139923, 0.0 ], [ 146.105815, 65.139915, 0.0 ], [ 146.105824, 65.139646, 0.0 ], [ 146.104545, 65.139638, 0.0 ], [ 146.104554, 65.139369, 0.0 ], [ 146.103915, 65.139365, 0.0 ], [ 146.103924, 65.139096, 0.0 ], [ 146.102645, 65.139089, 0.0 ], [ 146.102654, 65.13882, 0.0 ], [ 146.102015, 65.138816, 0.0 ], [ 146.102006, 65.139085, 0.0 ], [ 146.101366, 65.139081, 0.0 ], [ 146.101357, 65.13935, 0.0 ], [ 146.101996, 65.139354, 0.0 ], [ 146.101987, 65.139623, 0.0 ], [ 146.102627, 65.139627, 0.0 ], [ 146.102618, 65.139896, 0.0 ], [ 146.103257, 65.1399, 0.0 ], [ 146.103248, 65.140169, 0.0 ], [ 146.103887, 65.140173, 0.0 ], [ 146.103878, 65.140442, 0.0 ], [ 146.104518, 65.140446, 0.0 ], [ 146.104509, 65.140715, 0.0 ], [ 146.105148, 65.140719, 0.0 ], [ 146.105139, 65.140988, 0.0 ], [ 146.105779, 65.140992, 0.0 ], [ 146.10577, 65.141261, 0.0 ], [ 146.107049, 65.141269, 0.0 ] ] ] } },
{ "type": "Feature", "properties": { "rgi_id": "RGI2000-v7.0-G-10-00698", "o1region": "10", "o2region": "10-03", "glims_id": "G146090E65147N", "anlys_id": 423831, "subm_id": 636, "src_date": "2013-08-12T00:00:00", "cenlon": 146.08902814188352, "cenlat": 65.144523, "utm_zone": 55, "area_km2": 0.17023904158964201, "primeclass": 0, "conn_lvl": 0, "surge_type": 0, "term_type": 9, "glac_name": "15", "is_rgi6": 1, "termlon": 146.08696923540978, "termlat": 65.148590374526179, "zmin_m": 1995.4006, "zmax_m": 2470.997, "zmed_m": 2076.9102, "zmean_m": 2121.6228, "slope_deg": 20.738314, "aspect_deg": 0.08012323, "aspect_sec": 1, "dem_source": "COPDEM30", "lmax_m": 942 }, "geometry": { "type": "Polygon", "coordinates": [ [ [ 146.090813, 65.148439, 0.0 ], [ 146.090822, 65.14817, 0.0 ], [ 146.091462, 65.148174, 0.0 ], [ 146.091471, 65.147905, 0.0 ], [ 146.092111, 65.147909, 0.0 ], [ 146.092129, 65.147371, 0.0 ], [ 146.092769, 65.147374, 0.0 ], [ 146.092787, 65.146836, 0.0 ], [ 146.092148, 65.146832, 0.0 ], [ 146.092175, 65.146025, 0.0 ], [ 146.092815, 65.146029, 0.0 ], [ 146.092833, 65.14549, 0.0 ], [ 146.093473, 65.145494, 0.0 ], [ 146.093482, 65.145225, 0.0 ], [ 146.092842, 65.145221, 0.0 ], [ 146.092851, 65.144952, 0.0 ], [ 146.092212, 65.144948, 0.0 ], [ 146.092221, 65.144679, 0.0 ], [ 146.091582, 65.144675, 0.0 ], [ 146.091591, 65.144406, 0.0 ], [ 146.090951, 65.144402, 0.0 ], [ 146.09096, 65.144133, 0.0 ], [ 146.089681, 65.144125, 0.0 ], [ 146.089691, 65.143856, 0.0 ], [ 146.089051, 65.143852, 0.0 ], [ 146.08906, 65.143583, 0.0 ], [ 146.088421, 65.143579, 0.0 ], [ 146.088439, 65.143041, 0.0 ], [ 146.0878, 65.143037, 0.0 ], [ 146.087827, 65.14223, 0.0 ], [ 146.087188, 65.142226, 0.0 ], [ 146.087247, 65.14051, 0.0 ], [ 146.087253, 65.140342, 0.0 ], [ 146.086566, 65.140338, 0.0 ], [ 146.085974, 65.140334, 0.0 ], [ 146.085964, 65.140603, 0.0 ], [ 146.085325, 65.140599, 0.0 ], [ 146.085251, 65.142752, 0.0 ], [ 146.08589, 65.142756, 0.0 ], [ 146.085853, 65.143833, 0.0 ], [ 146.086493, 65.143837, 0.0 ], [ 146.086465, 65.144644, 0.0 ], [ 146.085826, 65.14464, 0.0 ], [ 146.085798, 65.145448, 0.0 ], [ 146.086437, 65.145452, 0.0 ], [ 146.086419, 65.14599, 0.0 ], [ 146.087058, 65.145994, 0.0 ], [ 146.086966, 65.148685, 0.0 ], [ 146.088245, 65.148693, 0.0 ], [ 146.088254, 65.148424, 0.0 ], [ 146.089534, 65.148432, 0.0 ], [ 146.089543, 65.148163, 0.0 ], [ 146.090183, 65.148166, 0.0 ], [ 146.090173, 65.148436, 0.0 ], [ 146.090813, 65.148439, 0.0 ] ] ] } },
{ "type": "Feature", "properties": { "rgi_id": "RGI2000-v7.0-G-10-00699", "o1region": "10", "o2region": "10-03", "glims_id": "G146104E65127N", "anlys_id": 423835, "subm_id": 636, "src_date": "2013-08-12T00:00:00", "cenlon": 146.09855633933756, "cenlat": 65.1276405, "utm_zone": 55, "area_km2": 0.033332705637877998, "primeclass": 0, "conn_lvl": 0, "surge_type": 0, "term_type": 9, "glac_name": "13", "is_rgi6": 1, "termlon": 146.10302837964937, "termlat": 65.127717494427657, "zmin_m": 2099.3162, "zmax_m": 2184.1023, "zmed_m": 2137.9133, "zmean_m": 2140.0256, "slope_deg": 18.758436, "aspect_deg": 57.741943, "aspect_sec": 2, "dem_source": "COPDEM30", "lmax_m": 378 }, "geometry": { "type": "Polygon", "coordinates": [ [ [ 146.103045, 65.127246, 0.0 ], [ 146.101766, 65.127239, 0.0 ], [ 146.101775, 65.126969, 0.0 ], [ 146.099858, 65.126958, 0.0 ], [ 146.099849, 65.127227, 0.0 ], [ 146.098571, 65.127219, 0.0 ], [ 146.098561, 65.127489, 0.0 ], [ 146.096005, 65.127473, 0.0 ], [ 146.095968, 65.12855, 0.0 ], [ 146.099164, 65.128569, 0.0 ], [ 146.099173, 65.1283, 0.0 ], [ 146.099812, 65.128304, 0.0 ], [ 146.099822, 65.128035, 0.0 ], [ 146.100461, 65.128038, 0.0 ], [ 146.10047, 65.127769, 0.0 ], [ 146.101109, 65.127773, 0.0 ], [ 146.101118, 65.127504, 0.0 ], [ 146.102396, 65.127512, 0.0 ], [ 146.102387, 65.127781, 0.0 ], [ 146.103026, 65.127785, 0.0 ], [ 146.103045, 65.127246, 0.0 ] ] ] } },
{ "type": "Feature", "properties": { "rgi_id": "RGI2000-v7.0-G-10-00700", "o1region": "10", "o2region": "10-03", "glims_id": "G146080E65126N", "anlys_id": 423826, "subm_id": 636, "src_date": "2013-08-12T00:00:00", "cenlon": 146.07985031764707, "cenlat": 65.1232315, "utm_zone": 55, "area_km2": 0.367472221308766, "primeclass": 0, "conn_lvl": 0, "surge_type": 0, "term_type": 9, "glac_name": "63", "is_rgi6": 1, "termlon": 146.07548052147732, "termlat": 65.12940210307633, "zmin_m": 1996.7037, "zmax_m": 2611.7642, "zmed_m": 2080.1218, "zmean_m": 2151.3982, "slope_deg": 15.927611, "aspect_deg": 336.53517150878906, "aspect_sec": 8, "dem_source": "COPDEM30", "lmax_m": 1786 }, "geometry": { "type": "Polygon", "coordinates": [ [ [ 146.078034, 65.129517, 0.0 ], [ 146.078044, 65.129248, 0.0 ], [ 146.078683, 65.129252, 0.0 ], [ 146.078692, 65.128983, 0.0 ], [ 146.079331, 65.128987, 0.0 ], [ 146.079341, 65.128718, 0.0 ], [ 146.07998, 65.128722, 0.0 ], [ 146.079989, 65.128453, 0.0 ], [ 146.080628, 65.128457, 0.0 ], [ 146.080647, 65.127918, 0.0 ], [ 146.081286, 65.127922, 0.0 ], [ 146.081305, 65.127384, 0.0 ], [ 146.081944, 65.127388, 0.0 ], [ 146.081972, 65.12658, 0.0 ], [ 146.082611, 65.126584, 0.0 ], [ 146.082666, 65.124969, 0.0 ], [ 146.083306, 65.124973, 0.0 ], [ 146.083333, 65.124166, 0.0 ], [ 146.083972, 65.12417, 0.0 ], [ 146.084, 65.123362, 0.0 ], [ 146.084639, 65.123366, 0.0 ], [ 146.084649, 65.123097, 0.0 ], [ 146.085288, 65.123101, 0.0 ], [ 146.085297, 65.122832, 0.0 ], [ 146.085936, 65.122836, 0.0 ], [ 146.085945, 65.122567, 0.0 ], [ 146.086584, 65.12257, 0.0 ], [ 146.086593, 65.122301, 0.0 ], [ 146.087232, 65.122305, 0.0 ], [ 146.087242, 65.122036, 0.0 ], [ 146.090437, 65.122055, 0.0 ], [ 146.090446, 65.121786, 0.0 ], [ 146.089807, 65.121782, 0.0 ], [ 146.089816, 65.121513, 0.0 ], [ 146.091094, 65.121521, 0.0 ], [ 146.09114, 65.120175, 0.0 ], [ 146.091779, 65.120179, 0.0 ], [ 146.091788, 65.11991, 0.0 ], [ 146.092427, 65.119914, 0.0 ], [ 146.092436, 65.119645, 0.0 ], [ 146.093075, 65.119649, 0.0 ], [ 146.093085, 65.11938, 0.0 ], [ 146.093723, 65.119383, 0.0 ], [ 146.093742, 65.118845, 0.0 ], [ 146.094381, 65.118849, 0.0 ], [ 146.09439, 65.11858, 0.0 ], [ 146.095029, 65.118584, 0.0 ], [ 146.095056, 65.117776, 0.0 ], [ 146.09537, 65.117778, 0.0 ], [ 146.095695, 65.11778, 0.0 ], [ 146.095704, 65.117511, 0.0 ], [ 146.096982, 65.117519, 0.0 ], [ 146.096991, 65.117249, 0.0 ], [ 146.09763, 65.117253, 0.0 ], [ 146.097639, 65.116984, 0.0 ], [ 146.097, 65.11698, 0.0 ], [ 146.09701, 65.116711, 0.0 ], [ 146.094066, 65.116693, 0.0 ], [ 146.093784, 65.116692, 0.0 ], [ 146.093176, 65.116688, 0.0 ], [ 146.093174, 65.116756, 0.0 ], [ 146.093167, 65.116957, 0.0 ], [ 146.092528, 65.116953, 0.0 ], [ 146.09251, 65.117492, 0.0 ], [ 146.091871, 65.117488, 0.0 ], [ 146.091825, 65.118833, 0.0 ], [ 146.091186, 65.11883, 0.0 ], [ 146.091158, 65.119637, 0.0 ], [ 146.09052, 65.119633, 0.0 ], [ 146.09051, 65.119902, 0.0 ], [ 146.089871, 65.119898, 0.0 ], [ 146.089862, 65.120168, 0.0 ], [ 146.089223, 65.120164, 0.0 ], [ 146.089214, 65.120433, 0.0 ], [ 146.087936, 65.120425, 0.0 ], [ 146.087927, 65.120694, 0.0 ], [ 146.08601, 65.120683, 0.0 ], [ 146.086001, 65.120952, 0.0 ], [ 146.082806, 65.120932, 0.0 ], [ 146.082796, 65.121201, 0.0 ], [ 146.082157, 65.121197, 0.0 ], [ 146.082148, 65.121467, 0.0 ], [ 146.081509, 65.121463, 0.0 ], [ 146.081472, 65.122539, 0.0 ], [ 146.080833, 65.122535, 0.0 ], [ 146.080824, 65.122804, 0.0 ], [ 146.080185, 65.122801, 0.0 ], [ 146.080175, 65.12307, 0.0 ], [ 146.078897, 65.123062, 0.0 ], [ 146.078907, 65.122793, 0.0 ], [ 146.078267, 65.122789, 0.0 ], [ 146.078277, 65.12252, 0.0 ], [ 146.077638, 65.122516, 0.0 ], [ 146.077628, 65.122785, 0.0 ], [ 146.076989, 65.122781, 0.0 ], [ 146.076999, 65.122512, 0.0 ], [ 146.075082, 65.1225, 0.0 ], [ 146.075026, 65.124115, 0.0 ], [ 146.075665, 65.124119, 0.0 ], [ 146.075552, 65.127348, 0.0 ], [ 146.074913, 65.127345, 0.0 ], [ 146.074885, 65.128152, 0.0 ], [ 146.075524, 65.128156, 0.0 ], [ 146.075534, 65.127887, 0.0 ], [ 146.076173, 65.127891, 0.0 ], [ 146.076191, 65.127352, 0.0 ], [ 146.076831, 65.127356, 0.0 ], [ 146.076859, 65.126549, 0.0 ], [ 146.078137, 65.126557, 0.0 ], [ 146.078118, 65.127095, 0.0 ], [ 146.077479, 65.127091, 0.0 ], [ 146.077451, 65.127899, 0.0 ], [ 146.076812, 65.127895, 0.0 ], [ 146.076784, 65.128702, 0.0 ], [ 146.076145, 65.128698, 0.0 ], [ 146.076135, 65.128967, 0.0 ], [ 146.075496, 65.128963, 0.0 ], [ 146.075477, 65.129502, 0.0 ], [ 146.078034, 65.129517, 0.0 ] ] ] } },
{ "type": "Feature", "properties": { "rgi_id": "RGI2000-v7.0-G-10-00701", "o1region": "10", "o2region": "10-03", "glims_id": "G146086E65119N", "anlys_id": 423829, "subm_id": 636, "src_date": "2013-08-12T00:00:00", "cenlon": 146.08639337485528, "cenlat": 65.11881, "utm_zone": 55, "area_km2": 0.029717674461006999, "primeclass": 0, "conn_lvl": 0, "surge_type": 0, "term_type": 9, "glac_name": null, "is_rgi6": 1, "termlon": 146.08676521396288, "termlat": 65.120148617280776, "zmin_m": 2219.8887, "zmax_m": 2513.141, "zmed_m": 2396.9097, "zmean_m": 2379.3386, "slope_deg": 46.496235, "aspect_deg": 356.39703226089478, "aspect_sec": 1, "dem_source": "COPDEM30", "lmax_m": 310 }, "geometry": { "type": "Polygon", "coordinates": [ [ [ 146.087306, 65.120152, 0.0 ], [ 146.087352, 65.118806, 0.0 ], [ 146.08863, 65.118814, 0.0 ], [ 146.088667, 65.117738, 0.0 ], [ 146.088028, 65.117734, 0.0 ], [ 146.088038, 65.117464, 0.0 ], [ 146.087399, 65.117461, 0.0 ], [ 146.087389, 65.11773, 0.0 ], [ 146.08675, 65.117726, 0.0 ], [ 146.086741, 65.117995, 0.0 ], [ 146.086102, 65.117991, 0.0 ], [ 146.086093, 65.11826, 0.0 ], [ 146.085454, 65.118256, 0.0 ], [ 146.085389, 65.12014, 0.0 ], [ 146.087306, 65.120152, 0.0 ] ] ] } },
{ "type": "Feature", "properties": { "rgi_id": "RGI2000-v7.0-G-10-00702", "o1region": "10", "o2region": "10-03", "glims_id": "G146117E65110N", "anlys_id": 423838, "subm_id": 636, "src_date": "2013-08-12T00:00:00", "cenlon": 146.10272384994391, "cenlat": 65.1083315, "utm_zone": 55, "area_km2": 0.65029889539596697, "primeclass": 0, "conn_lvl": 0, "surge_type": 0, "term_type": 9, "glac_name": "12", "is_rgi6": 1, "termlon": 146.11817019612769, "termlat": 65.112529691187461, "zmin_m": 2052.5774, "zmax_m": 2666.396, "zmed_m": 2277.936, "zmean_m": 2321.0469, "slope_deg": 28.56118, "aspect_deg": 8.199565, "aspect_sec": 1, "dem_source": "COPDEM30", "lmax_m": 1323 }, "geometry": { "type": "Polygon", "coordinates": [ [ [ 146.117588, 65.112796, 0.0 ], [ 146.117597, 65.112527, 0.0 ], [ 146.118236, 65.11253, 0.0 ], [ 146.118262, 65.111723, 0.0 ], [ 146.118901, 65.111727, 0.0 ], [ 146.118919, 65.111188, 0.0 ], [ 146.11828, 65.111185, 0.0 ], [ 146.118289, 65.110915, 0.0 ], [ 146.11765, 65.110912, 0.0 ], [ 146.117668, 65.110373, 0.0 ], [ 146.11703, 65.11037, 0.0 ], [ 146.117038, 65.1101, 0.0 ], [ 146.1164, 65.110097, 0.0 ], [ 146.116409, 65.109828, 0.0 ], [ 146.11577, 65.109824, 0.0 ], [ 146.11585, 65.107401, 0.0 ], [ 146.116489, 65.107405, 0.0 ], [ 146.116507, 65.106867, 0.0 ], [ 146.117784, 65.106874, 0.0 ], [ 146.117775, 65.107144, 0.0 ], [ 146.118414, 65.107147, 0.0 ], [ 146.118396, 65.107686, 0.0 ], [ 146.119035, 65.107689, 0.0 ], [ 146.119026, 65.107959, 0.0 ], [ 146.119665, 65.107962, 0.0 ], [ 146.119656, 65.108231, 0.0 ], [ 146.120294, 65.108235, 0.0 ], [ 146.120303, 65.107966, 0.0 ], [ 146.120942, 65.10797, 0.0 ], [ 146.120951, 65.107701, 0.0 ], [ 146.12159, 65.107704, 0.0 ], [ 146.121605, 65.107232, 0.0 ], [ 146.121616, 65.106897, 0.0 ], [ 146.120978, 65.106893, 0.0 ], [ 146.120978, 65.106893, 0.0 ], [ 146.120978, 65.106893, 0.0 ], [ 146.121004, 65.106086, 0.0 ], [ 146.121643, 65.10609, 0.0 ], [ 146.121652, 65.10582, 0.0 ], [ 146.123568, 65.105832, 0.0 ], [ 146.123559, 65.106101, 0.0 ], [ 146.124197, 65.106104, 0.0 ], [ 146.124189, 65.106374, 0.0 ], [ 146.124827, 65.106377, 0.0 ], [ 146.12481, 65.106916, 0.0 ], [ 146.125448, 65.106919, 0.0 ], [ 146.125439, 65.107189, 0.0 ], [ 146.126078, 65.107192, 0.0 ], [ 146.12606, 65.107731, 0.0 ], [ 146.126699, 65.107734, 0.0 ], [ 146.12669, 65.108003, 0.0 ], [ 146.127329, 65.108007, 0.0 ], [ 146.12732, 65.108276, 0.0 ], [ 146.127959, 65.10828, 0.0 ], [ 146.12795, 65.108549, 0.0 ], [ 146.128589, 65.108553, 0.0 ], [ 146.128633, 65.107207, 0.0 ], [ 146.127994, 65.107203, 0.0 ], [ 146.128012, 65.106665, 0.0 ], [ 146.127373, 65.106661, 0.0 ], [ 146.127399, 65.105854, 0.0 ], [ 146.126761, 65.10585, 0.0 ], [ 146.126778, 65.105312, 0.0 ], [ 146.12614, 65.105308, 0.0 ], [ 146.126149, 65.105039, 0.0 ], [ 146.12551, 65.105035, 0.0 ], [ 146.125515, 65.104877, 0.0 ], [ 146.125519, 65.104766, 0.0 ], [ 146.12488, 65.104762, 0.0 ], [ 146.124889, 65.104493, 0.0 ], [ 146.124251, 65.10449, 0.0 ], [ 146.124259, 65.10422, 0.0 ], [ 146.121705, 65.104206, 0.0 ], [ 146.121697, 65.104435, 0.0 ], [ 146.121696, 65.104475, 0.0 ], [ 146.120419, 65.104467, 0.0 ], [ 146.12041, 65.104736, 0.0 ], [ 146.119771, 65.104733, 0.0 ], [ 146.11978, 65.104463, 0.0 ], [ 146.118503, 65.104456, 0.0 ], [ 146.118509, 65.104267, 0.0 ], [ 146.118512, 65.104187, 0.0 ], [ 146.118156, 65.104185, 0.0 ], [ 146.117873, 65.104183, 0.0 ], [ 146.117876, 65.104112, 0.0 ], [ 146.117882, 65.103914, 0.0 ], [ 146.117244, 65.10391, 0.0 ], [ 146.117241, 65.103991, 0.0 ], [ 146.117236, 65.104152, 0.0 ], [ 146.117235, 65.104179, 0.0 ], [ 146.115958, 65.104172, 0.0 ], [ 146.115949, 65.104441, 0.0 ], [ 146.114672, 65.104433, 0.0 ], [ 146.114663, 65.104702, 0.0 ], [ 146.110192, 65.104676, 0.0 ], [ 146.110183, 65.104945, 0.0 ], [ 146.109545, 65.104941, 0.0 ], [ 146.109527, 65.10548, 0.0 ], [ 146.110165, 65.105483, 0.0 ], [ 146.110156, 65.105753, 0.0 ], [ 146.110795, 65.105756, 0.0 ], [ 146.110741, 65.107371, 0.0 ], [ 146.11138, 65.107375, 0.0 ], [ 146.111362, 65.107913, 0.0 ], [ 146.112, 65.107917, 0.0 ], [ 146.111983, 65.108455, 0.0 ], [ 146.112621, 65.108459, 0.0 ], [ 146.112558, 65.110343, 0.0 ], [ 146.111281, 65.110336, 0.0 ], [ 146.111299, 65.109797, 0.0 ], [ 146.11066, 65.109794, 0.0 ], [ 146.110669, 65.109524, 0.0 ], [ 146.11003, 65.109521, 0.0 ], [ 146.110039, 65.109251, 0.0 ], [ 146.109401, 65.109248, 0.0 ], [ 146.109392, 65.109517, 0.0 ], [ 146.108753, 65.109513, 0.0 ], [ 146.108735, 65.110051, 0.0 ], [ 146.106819, 65.11004, 0.0 ], [ 146.106828, 65.109771, 0.0 ], [ 146.106189, 65.109767, 0.0 ], [ 146.106216, 65.10896, 0.0 ], [ 146.105578, 65.108956, 0.0 ], [ 146.105686, 65.105726, 0.0 ], [ 146.105047, 65.105722, 0.0 ], [ 146.105056, 65.105453, 0.0 ], [ 146.103902, 65.105446, 0.0 ], [ 146.103779, 65.105445, 0.0 ], [ 146.103788, 65.105176, 0.0 ], [ 146.102511, 65.105169, 0.0 ], [ 146.102501, 65.105468, 0.0 ], [ 146.102448, 65.107053, 0.0 ], [ 146.101809, 65.107049, 0.0 ], [ 146.1018, 65.107318, 0.0 ], [ 146.101161, 65.107314, 0.0 ], [ 146.101152, 65.107583, 0.0 ], [ 146.100513, 65.107579, 0.0 ], [ 146.100504, 65.107849, 0.0 ], [ 146.099866, 65.107845, 0.0 ], [ 146.099847, 65.108383, 0.0 ], [ 146.100486, 65.108387, 0.0 ], [ 146.100477, 65.108656, 0.0 ], [ 146.099838, 65.108652, 0.0 ], [ 146.09982, 65.10919, 0.0 ], [ 146.098543, 65.109183, 0.0 ], [ 146.098534, 65.109452, 0.0 ], [ 146.097895, 65.109448, 0.0 ], [ 146.097868, 65.110256, 0.0 ], [ 146.095951, 65.110244, 0.0 ], [ 146.09596, 65.109975, 0.0 ], [ 146.094044, 65.109963, 0.0 ], [ 146.094035, 65.110232, 0.0 ], [ 146.093396, 65.110229, 0.0 ], [ 146.09336, 65.111305, 0.0 ], [ 146.096553, 65.111324, 0.0 ], [ 146.096544, 65.111594, 0.0 ], [ 146.099099, 65.111609, 0.0 ], [ 146.099109, 65.11134, 0.0 ], [ 146.100386, 65.111347, 0.0 ], [ 146.100395, 65.111078, 0.0 ], [ 146.101034, 65.111082, 0.0 ], [ 146.101025, 65.111351, 0.0 ], [ 146.102302, 65.111359, 0.0 ], [ 146.102293, 65.111628, 0.0 ], [ 146.106126, 65.111651, 0.0 ], [ 146.106117, 65.11192, 0.0 ], [ 146.111227, 65.111951, 0.0 ], [ 146.111218, 65.11222, 0.0 ], [ 146.114412, 65.112239, 0.0 ], [ 146.114403, 65.112508, 0.0 ], [ 146.116319, 65.112519, 0.0 ], [ 146.11631, 65.112788, 0.0 ], [ 146.117588, 65.112796, 0.0 ] ] ] } },
{ "type": "Feature", "properties": { "rgi_id": "RGI2000-v7.0-G-10-00703", "o1region": "10", "o2region": "10-03", "glims_id": "G146122E65112N", "anlys_id": 423847, "subm_id": 636, "src_date": "2013-08-12T00:00:00", "cenlon": 146.12302698234203, "cenlat": 65.1125585, "utm_zone": 55, "area_km2": 0.033319434082928999, "primeclass": 0, "conn_lvl": 0, "surge_type": 0, "term_type": 9, "glac_name": null, "is_rgi6": 1, "termlon": 146.12714539294285, "termlat": 65.113587479786304, "zmin_m": 1955.5679, "zmax_m": 2055.5747, "zmed_m": 1995.5309, "zmean_m": 1998.1088, "slope_deg": 15.367042, "aspect_deg": 41.957275, "aspect_sec": 2, "dem_source": "COPDEM30", "lmax_m": 406 }, "geometry": { "type": "Polygon", "coordinates": [ [ [ 146.121465, 65.111473, 0.0 ], [ 146.120188, 65.111465, 0.0 ], [ 146.120161, 65.112272, 0.0 ], [ 146.1208, 65.112276, 0.0 ], [ 146.120791, 65.112545, 0.0 ], [ 146.12143, 65.112549, 0.0 ], [ 146.121421, 65.112818, 0.0 ], [ 146.122698, 65.112826, 0.0 ], [ 146.122689, 65.113095, 0.0 ], [ 146.124606, 65.113106, 0.0 ], [ 146.124597, 65.113375, 0.0 ], [ 146.125875, 65.113383, 0.0 ], [ 146.125866, 65.113652, 0.0 ], [ 146.127143, 65.113659, 0.0 ], [ 146.12717, 65.112852, 0.0 ], [ 146.125892, 65.112844, 0.0 ], [ 146.125901, 65.112575, 0.0 ], [ 146.124624, 65.112568, 0.0 ], [ 146.124632, 65.112299, 0.0 ], [ 146.123355, 65.112291, 0.0 ], [ 146.123364, 65.112022, 0.0 ], [ 146.122725, 65.112018, 0.0 ], [ 146.122734, 65.111749, 0.0 ], [ 146.121456, 65.111742, 0.0 ], [ 146.121465, 65.111473, 0.0 ] ] ] } },
{ "type": "Feature", "properties": { "rgi_id": "RGI2000-v7.0-G-10-00704", "o1region": "10", "o2region": "10-03", "glims_id": "G146132E65112N", "anlys_id": 423852, "subm_id": 636, "src_date": "2013-08-12T00:00:00", "cenlon": 146.13165889522031, "cenlat": 65.112349, "utm_zone": 55, "area_km2": 0.05043982707736, "primeclass": 0, "conn_lvl": 0, "surge_type": 0, "term_type": 9, "glac_name": null, "is_rgi6": 1, "termlon": 146.13258746759368, "termlat": 65.11422920044734, "zmin_m": 1925.4375, "zmax_m": 2024.7809, "zmed_m": 1992.8715, "zmean_m": 1987.131, "slope_deg": 13.834339, "aspect_deg": 354.71998596191406, "aspect_sec": 1, "dem_source": "COPDEM30", "lmax_m": 458 }, "geometry": { "type": "Polygon", "coordinates": [ [ [ 146.132263, 65.11342, 0.0 ], [ 146.13228, 65.112882, 0.0 ], [ 146.132919, 65.112885, 0.0 ], [ 146.132937, 65.112347, 0.0 ], [ 146.133575, 65.112351, 0.0 ], [ 146.133593, 65.111812, 0.0 ], [ 146.134232, 65.111816, 0.0 ], [ 146.134249, 65.111278, 0.0 ], [ 146.134888, 65.111281, 0.0 ], [ 146.134906, 65.110743, 0.0 ], [ 146.134267, 65.110739, 0.0 ], [ 146.134276, 65.11047, 0.0 ], [ 146.132998, 65.110463, 0.0 ], [ 146.132989, 65.110732, 0.0 ], [ 146.131073, 65.110721, 0.0 ], [ 146.131064, 65.11099, 0.0 ], [ 146.130426, 65.110986, 0.0 ], [ 146.130408, 65.111525, 0.0 ], [ 146.129769, 65.111521, 0.0 ], [ 146.12976, 65.11179, 0.0 ], [ 146.130399, 65.111794, 0.0 ], [ 146.130355, 65.11314, 0.0 ], [ 146.130994, 65.113143, 0.0 ], [ 146.130985, 65.113412, 0.0 ], [ 146.131624, 65.113416, 0.0 ], [ 146.131606, 65.113954, 0.0 ], [ 146.132245, 65.113958, 0.0 ], [ 146.132236, 65.114227, 0.0 ], [ 146.132875, 65.114231, 0.0 ], [ 146.132902, 65.113424, 0.0 ], [ 146.132263, 65.11342, 0.0 ] ] ] } },
{ "type": "Feature", "properties": { "rgi_id": "RGI2000-v7.0-G-10-00705", "o1region": "10", "o2region": "10-03", "glims_id": "G146146E65111N", "anlys_id": 423854, "subm_id": 636, "src_date": "2013-08-12T00:00:00", "cenlon": 146.14608367456628, "cenlat": 65.1108145, "utm_zone": 55, "area_km2": 0.022512493950720001, "primeclass": 0, "conn_lvl": 0, "surge_type": 0, "term_type": 9, "glac_name": null, "is_rgi6": 1, "termlon": 146.1458972827393, "termlat": 65.11215196620293, "zmin_m": 2209.867, "zmax_m": 2340.7349, "zmed_m": 2292.831, "zmean_m": 2286.2258, "slope_deg": 31.19437, "aspect_deg": 351.33082294464111, "aspect_sec": 1, "dem_source": "COPDEM30", "lmax_m": 231 }, "geometry": { "type": "Polygon", "coordinates": [ [ [ 146.146999, 65.112158, 0.0 ], [ 146.147033, 65.111082, 0.0 ], [ 146.147672, 65.111085, 0.0 ], [ 146.147689, 65.110547, 0.0 ], [ 146.14705, 65.110543, 0.0 ], [ 146.147059, 65.110274, 0.0 ], [ 146.14642, 65.110271, 0.0 ], [ 146.146429, 65.110002, 0.0 ], [ 146.14579, 65.109998, 0.0 ], [ 146.145782, 65.110267, 0.0 ], [ 146.145143, 65.110263, 0.0 ], [ 146.145134, 65.110533, 0.0 ], [ 146.144496, 65.110529, 0.0 ], [ 146.14447, 65.111336, 0.0 ], [ 146.145108, 65.11134, 0.0 ], [ 146.1451, 65.111609, 0.0 ], [ 146.145738, 65.111613, 0.0 ], [ 146.145721, 65.112151, 0.0 ], [ 146.146999, 65.112158, 0.0 ] ] ] } },
{ "type": "Feature", "properties": { "rgi_id": "RGI2000-v7.0-G-10-00706", "o1region": "10", "o2region": "10-03", "glims_id": "G146141E65102N", "anlys_id": 423851, "subm_id": 636, "src_date": "2013-08-12T00:00:00", "cenlon": 146.13677322165427, "cenlat": 65.1024065, "utm_zone": 55, "area_km2": 0.46114133592976903, "primeclass": 0, "conn_lvl": 0, "surge_type": 0, "term_type": 9, "glac_name": "11", "is_rgi6": 1, "termlon": 146.15488830744363, "termlat": 65.105132293950192, "zmin_m": 1962.7644, "zmax_m": 2490.838, "zmed_m": 2243.4104, "zmean_m": 2231.029, "slope_deg": 23.732718, "aspect_deg": 37.67052, "aspect_sec": 2, "dem_source": "COPDEM30", "lmax_m": 1560 }, "geometry": { "type": "Polygon", "coordinates": [ [ [ 146.154239, 65.105469, 0.0 ], [ 146.154248, 65.1052, 0.0 ], [ 146.154886, 65.105204, 0.0 ], [ 146.154912, 65.104396, 0.0 ], [ 146.154273, 65.104393, 0.0 ], [ 146.154282, 65.104124, 0.0 ], [ 146.153643, 65.10412, 0.0 ], [ 146.153652, 65.103851, 0.0 ], [ 146.153013, 65.103847, 0.0 ], [ 146.153022, 65.103578, 0.0 ], [ 146.152383, 65.103575, 0.0 ], [ 146.1524, 65.103036, 0.0 ], [ 146.151762, 65.103033, 0.0 ], [ 146.151771, 65.102764, 0.0 ], [ 146.151132, 65.10276, 0.0 ], [ 146.151149, 65.102222, 0.0 ], [ 146.150511, 65.102218, 0.0 ], [ 146.150519, 65.101949, 0.0 ], [ 146.149881, 65.101945, 0.0 ], [ 146.149889, 65.101676, 0.0 ], [ 146.149251, 65.101672, 0.0 ], [ 146.149259, 65.101403, 0.0 ], [ 146.148621, 65.1014, 0.0 ], [ 146.148612, 65.101669, 0.0 ], [ 146.147974, 65.101665, 0.0 ], [ 146.147965, 65.101934, 0.0 ], [ 146.145411, 65.10192, 0.0 ], [ 146.145419, 65.101651, 0.0 ], [ 146.143504, 65.10164, 0.0 ], [ 146.143513, 65.101371, 0.0 ], [ 146.142235, 65.101363, 0.0 ], [ 146.142244, 65.101094, 0.0 ], [ 146.141606, 65.10109, 0.0 ], [ 146.141623, 65.100552, 0.0 ], [ 146.140984, 65.100548, 0.0 ], [ 146.140993, 65.100279, 0.0 ], [ 146.139716, 65.100272, 0.0 ], [ 146.139707, 65.100541, 0.0 ], [ 146.139069, 65.100537, 0.0 ], [ 146.139078, 65.100268, 0.0 ], [ 146.138439, 65.100265, 0.0 ], [ 146.138457, 65.099726, 0.0 ], [ 146.137818, 65.099723, 0.0 ], [ 146.137827, 65.099454, 0.0 ], [ 146.135273, 65.099439, 0.0 ], [ 146.135282, 65.09917, 0.0 ], [ 146.134643, 65.099166, 0.0 ], [ 146.134634, 65.099435, 0.0 ], [ 146.133996, 65.099431, 0.0 ], [ 146.133978, 65.09997, 0.0 ], [ 146.13334, 65.099966, 0.0 ], [ 146.133331, 65.100235, 0.0 ], [ 146.132693, 65.100232, 0.0 ], [ 146.132701, 65.099962, 0.0 ], [ 146.131424, 65.099955, 0.0 ], [ 146.131433, 65.099686, 0.0 ], [ 146.129518, 65.099675, 0.0 ], [ 146.129509, 65.099944, 0.0 ], [ 146.12887, 65.09994, 0.0 ], [ 146.128862, 65.100209, 0.0 ], [ 146.128223, 65.100206, 0.0 ], [ 146.128214, 65.100475, 0.0 ], [ 146.127576, 65.100471, 0.0 ], [ 146.127567, 65.10074, 0.0 ], [ 146.12629, 65.100733, 0.0 ], [ 146.126281, 65.101002, 0.0 ], [ 146.123727, 65.100987, 0.0 ], [ 146.123718, 65.101256, 0.0 ], [ 146.12308, 65.101252, 0.0 ], [ 146.123053, 65.10206, 0.0 ], [ 146.122415, 65.102056, 0.0 ], [ 146.122397, 65.102594, 0.0 ], [ 146.121758, 65.102591, 0.0 ], [ 146.121749, 65.10286, 0.0 ], [ 146.123027, 65.102867, 0.0 ], [ 146.123018, 65.103136, 0.0 ], [ 146.129403, 65.103174, 0.0 ], [ 146.129395, 65.103443, 0.0 ], [ 146.132587, 65.103461, 0.0 ], [ 146.132596, 65.103192, 0.0 ], [ 146.134512, 65.103203, 0.0 ], [ 146.134521, 65.102934, 0.0 ], [ 146.135798, 65.102941, 0.0 ], [ 146.135789, 65.103211, 0.0 ], [ 146.137705, 65.103222, 0.0 ], [ 146.137696, 65.103491, 0.0 ], [ 146.139612, 65.103502, 0.0 ], [ 146.139603, 65.103771, 0.0 ], [ 146.142157, 65.103786, 0.0 ], [ 146.142149, 65.104055, 0.0 ], [ 146.143426, 65.104062, 0.0 ], [ 146.143435, 65.103793, 0.0 ], [ 146.144712, 65.1038, 0.0 ], [ 146.144703, 65.104069, 0.0 ], [ 146.148535, 65.104091, 0.0 ], [ 146.148526, 65.10436, 0.0 ], [ 146.149803, 65.104368, 0.0 ], [ 146.149795, 65.104637, 0.0 ], [ 146.15171, 65.104648, 0.0 ], [ 146.151702, 65.104917, 0.0 ], [ 146.152341, 65.10492, 0.0 ], [ 146.152332, 65.105189, 0.0 ], [ 146.153609, 65.105197, 0.0 ], [ 146.153601, 65.105466, 0.0 ], [ 146.154239, 65.105469, 0.0 ] ] ] } },
{ "type": "Feature", "properties": { "rgi_id": "RGI2000-v7.0-G-10-00707", "o1region": "10", "o2region": "10-03", "glims_id": "G146110E65101N", "anlys_id": 423843, "subm_id": 636, "src_date": "2013-08-12T00:00:00", "cenlon": 146.1046445, "cenlat": 65.0987205, "utm_zone": 55, "area_km2": 0.049537501250193003, "primeclass": 0, "conn_lvl": 0, "surge_type": 0, "term_type": 9, "glac_name": null, "is_rgi6": 1, "termlon": 146.0996212879073, "termlat": 65.096191696764933, "zmin_m": 2049.614, "zmax_m": 2363.508, "zmed_m": 2205.5178, "zmean_m": 2203.4548, "slope_deg": 28.646301, "aspect_deg": 259.37055206298828, "aspect_sec": 7, "dem_source": "COPDEM30", "lmax_m": 780 }, "geometry": { "type": "Polygon", "coordinates": [ [ [ 146.1103, 65.101446, 0.0 ], [ 146.110336, 65.10037, 0.0 ], [ 146.110975, 65.100373, 0.0 ], [ 146.110984, 65.100104, 0.0 ], [ 146.109707, 65.100097, 0.0 ], [ 146.109716, 65.099828, 0.0 ], [ 146.1078, 65.099816, 0.0 ], [ 146.107809, 65.099547, 0.0 ], [ 146.107171, 65.099543, 0.0 ], [ 146.10718, 65.099274, 0.0 ], [ 146.106541, 65.09927, 0.0 ], [ 146.106551, 65.099001, 0.0 ], [ 146.105912, 65.098997, 0.0 ], [ 146.105921, 65.098728, 0.0 ], [ 146.105283, 65.098724, 0.0 ], [ 146.105301, 65.098186, 0.0 ], [ 146.103385, 65.098175, 0.0 ], [ 146.103394, 65.097905, 0.0 ], [ 146.102756, 65.097902, 0.0 ], [ 146.102765, 65.097632, 0.0 ], [ 146.102127, 65.097629, 0.0 ], [ 146.102145, 65.09709, 0.0 ], [ 146.101506, 65.097087, 0.0 ], [ 146.101515, 65.096817, 0.0 ], [ 146.100877, 65.096814, 0.0 ], [ 146.100895, 65.096275, 0.0 ], [ 146.100257, 65.096271, 0.0 ], [ 146.100266, 65.096002, 0.0 ], [ 146.099628, 65.095998, 0.0 ], [ 146.0996, 65.096806, 0.0 ], [ 146.100239, 65.09681, 0.0 ], [ 146.10023, 65.097079, 0.0 ], [ 146.100868, 65.097083, 0.0 ], [ 146.10085, 65.097621, 0.0 ], [ 146.101488, 65.097625, 0.0 ], [ 146.101479, 65.097894, 0.0 ], [ 146.102118, 65.097898, 0.0 ], [ 146.102109, 65.098167, 0.0 ], [ 146.102747, 65.098171, 0.0 ], [ 146.102738, 65.09844, 0.0 ], [ 146.103376, 65.098444, 0.0 ], [ 146.103367, 65.098713, 0.0 ], [ 146.104006, 65.098717, 0.0 ], [ 146.103997, 65.098986, 0.0 ], [ 146.105274, 65.098993, 0.0 ], [ 146.105246, 65.099801, 0.0 ], [ 146.105885, 65.099805, 0.0 ], [ 146.105876, 65.100074, 0.0 ], [ 146.107153, 65.100081, 0.0 ], [ 146.107144, 65.100351, 0.0 ], [ 146.108421, 65.100358, 0.0 ], [ 146.108412, 65.100627, 0.0 ], [ 146.10905, 65.100631, 0.0 ], [ 146.109023, 65.101439, 0.0 ], [ 146.1103, 65.101446, 0.0 ] ] ] } },
{ "type": "Feature", "properties": { "rgi_id": "RGI2000-v7.0-G-10-00708", "o1region": "10", "o2region": "10-03", "glims_id": "G146080E65101N", "anlys_id": 423825, "subm_id": 636, "src_date": "2013-08-12T00:00:00", "cenlon": 146.08059545131769, "cenlat": 65.1016725, "utm_zone": 55, "area_km2": 0.070253362712817, "primeclass": 0, "conn_lvl": 0, "surge_type": 0, "term_type": 9, "glac_name": null, "is_rgi6": 1, "termlon": 146.07766134507386, "termlat": 65.103402002163236, "zmin_m": 2107.143, "zmax_m": 2379.455, "zmed_m": 2276.9277, "zmean_m": 2270.5435, "slope_deg": 36.736996, "aspect_deg": 341.73455429077148, "aspect_sec": 1, "dem_source": "COPDEM30", "lmax_m": 382 }, "geometry": { "type": "Polygon", "coordinates": [ [ [ 146.082779, 65.103165, 0.0 ], [ 146.082788, 65.102896, 0.0 ], [ 146.083427, 65.102899, 0.0 ], [ 146.083436, 65.10263, 0.0 ], [ 146.084075, 65.102634, 0.0 ], [ 146.084103, 65.101827, 0.0 ], [ 146.083464, 65.101823, 0.0 ], [ 146.083483, 65.101285, 0.0 ], [ 146.082844, 65.101281, 0.0 ], [ 146.082853, 65.101012, 0.0 ], [ 146.082215, 65.101008, 0.0 ], [ 146.082224, 65.100738, 0.0 ], [ 146.081586, 65.100735, 0.0 ], [ 146.081595, 65.100465, 0.0 ], [ 146.080318, 65.100458, 0.0 ], [ 146.080327, 65.100188, 0.0 ], [ 146.07905, 65.100181, 0.0 ], [ 146.079041, 65.10045, 0.0 ], [ 146.078402, 65.100446, 0.0 ], [ 146.078393, 65.100715, 0.0 ], [ 146.077755, 65.100711, 0.0 ], [ 146.077745, 65.10098, 0.0 ], [ 146.078384, 65.100984, 0.0 ], [ 146.078365, 65.101522, 0.0 ], [ 146.077727, 65.101518, 0.0 ], [ 146.077661, 65.103402, 0.0 ], [ 146.078938, 65.10341, 0.0 ], [ 146.078957, 65.102872, 0.0 ], [ 146.079596, 65.102876, 0.0 ], [ 146.079605, 65.102607, 0.0 ], [ 146.080244, 65.102611, 0.0 ], [ 146.080253, 65.102342, 0.0 ], [ 146.080891, 65.102346, 0.0 ], [ 146.080882, 65.102615, 0.0 ], [ 146.081521, 65.102619, 0.0 ], [ 146.081511, 65.102888, 0.0 ], [ 146.08215, 65.102892, 0.0 ], [ 146.082141, 65.103161, 0.0 ], [ 146.082779, 65.103165, 0.0 ] ] ] } },
{ "type": "Feature", "properties": { "rgi_id": "RGI2000-v7.0-G-10-00709", "o1region": "10", "o2region": "10-03", "glims_id": "G146074E65107N", "anlys_id": 423820, "subm_id": 636, "src_date": "2013-08-12T00:00:00", "cenlon": 146.07466649306377, "cenlat": 65.1068835, "utm_zone": 55, "area_km2": 0.100868478378697, "primeclass": 0, "conn_lvl": 0, "surge_type": 0, "term_type": 9, "glac_name": null, "is_rgi6": 1, "termlon": 146.07171766122249, "termlat": 65.109001213300374, "zmin_m": 1909.7587, "zmax_m": 2021.7975, "zmed_m": 1964.9995, "zmean_m": 1966.9001, "slope_deg": 13.421331, "aspect_deg": 335.05750846862799, "aspect_sec": 8, "dem_source": "COPDEM30", "lmax_m": 521 }, "geometry": { "type": "Polygon", "coordinates": [ [ [ 146.074929, 65.108501, 0.0 ], [ 146.074939, 65.108231, 0.0 ], [ 146.075577, 65.108235, 0.0 ], [ 146.075587, 65.107966, 0.0 ], [ 146.076225, 65.10797, 0.0 ], [ 146.076235, 65.107701, 0.0 ], [ 146.076873, 65.107705, 0.0 ], [ 146.076883, 65.107436, 0.0 ], [ 146.077521, 65.10744, 0.0 ], [ 146.07754, 65.106901, 0.0 ], [ 146.078179, 65.106905, 0.0 ], [ 146.078216, 65.105829, 0.0 ], [ 146.077577, 65.105825, 0.0 ], [ 146.077596, 65.105287, 0.0 ], [ 146.07568, 65.105275, 0.0 ], [ 146.075699, 65.104736, 0.0 ], [ 146.074422, 65.104729, 0.0 ], [ 146.074412, 65.104998, 0.0 ], [ 146.073774, 65.104994, 0.0 ], [ 146.073764, 65.105263, 0.0 ], [ 146.073126, 65.105259, 0.0 ], [ 146.073107, 65.105797, 0.0 ], [ 146.072468, 65.105793, 0.0 ], [ 146.07245, 65.106332, 0.0 ], [ 146.071811, 65.106328, 0.0 ], [ 146.071792, 65.106866, 0.0 ], [ 146.071154, 65.106862, 0.0 ], [ 146.071088, 65.108746, 0.0 ], [ 146.071727, 65.10875, 0.0 ], [ 146.071717, 65.109019, 0.0 ], [ 146.072356, 65.109023, 0.0 ], [ 146.072365, 65.108754, 0.0 ], [ 146.073643, 65.108762, 0.0 ], [ 146.073652, 65.108493, 0.0 ], [ 146.074929, 65.108501, 0.0 ] ] ] } },
{ "type": "Feature", "properties": { "rgi_id": "RGI2000-v7.0-G-10-00710", "o1region": "10", "o2region": "10-03", "glims_id": "G146071E65107N", "anlys_id": 423818, "subm_id": 636, "src_date": "2013-08-12T00:00:00", "cenlon": 146.062679, "cenlat": 65.1026365, "utm_zone": 55, "area_km2": 0.65479741955938897, "primeclass": 0, "conn_lvl": 0, "surge_type": 0, "term_type": 9, "glac_name": "64", "is_rgi6": 1, "termlon": 146.06852372924939, "termlat": 65.109006283270318, "zmin_m": 1916.8921, "zmax_m": 2370.2217, "zmed_m": 2078.1167, "zmean_m": 2089.829, "slope_deg": 17.084316, "aspect_deg": 356.53984141349792, "aspect_sec": 1, "dem_source": "COPDEM30", "lmax_m": 1614 }, "geometry": { "type": "Polygon", "coordinates": [ [ [ 146.068514, 65.109268, 0.0 ], [ 146.068524, 65.108999, 0.0 ], [ 146.069162, 65.109003, 0.0 ], [ 146.069172, 65.108734, 0.0 ], [ 146.069811, 65.108738, 0.0 ], [ 146.069867, 65.107123, 0.0 ], [ 146.069228, 65.107119, 0.0 ], [ 146.069257, 65.106312, 0.0 ], [ 146.068618, 65.106308, 0.0 ], [ 146.068637, 65.10577, 0.0 ], [ 146.067998, 65.105766, 0.0 ], [ 146.068008, 65.105496, 0.0 ], [ 146.067369, 65.105492, 0.0 ], [ 146.067388, 65.104954, 0.0 ], [ 146.066749, 65.10495, 0.0 ], [ 146.066815, 65.103066, 0.0 ], [ 146.067454, 65.10307, 0.0 ], [ 146.067473, 65.102532, 0.0 ], [ 146.068111, 65.102536, 0.0 ], [ 146.06813, 65.101998, 0.0 ], [ 146.068769, 65.102001, 0.0 ], [ 146.068778, 65.101732, 0.0 ], [ 146.070694, 65.101744, 0.0 ], [ 146.070703, 65.101475, 0.0 ], [ 146.071341, 65.101479, 0.0 ], [ 146.07136, 65.100941, 0.0 ], [ 146.071999, 65.100945, 0.0 ], [ 146.072027, 65.100137, 0.0 ], [ 146.072665, 65.100141, 0.0 ], [ 146.072675, 65.099872, 0.0 ], [ 146.073952, 65.09988, 0.0 ], [ 146.07398, 65.099073, 0.0 ], [ 146.074618, 65.099076, 0.0 ], [ 146.074646, 65.098269, 0.0 ], [ 146.074379, 65.098267, 0.0 ], [ 146.074008, 65.098265, 0.0 ], [ 146.074017, 65.097996, 0.0 ], [ 146.073379, 65.097992, 0.0 ], [ 146.073388, 65.097723, 0.0 ], [ 146.07275, 65.097719, 0.0 ], [ 146.072759, 65.09745, 0.0 ], [ 146.072121, 65.097446, 0.0 ], [ 146.072139, 65.096908, 0.0 ], [ 146.072778, 65.096911, 0.0 ], [ 146.072787, 65.096642, 0.0 ], [ 146.073426, 65.096646, 0.0 ], [ 146.073431, 65.096494, 0.0 ], [ 146.073435, 65.096377, 0.0 ], [ 146.072936, 65.096374, 0.0 ], [ 146.072797, 65.096373, 0.0 ], [ 146.072798, 65.096347, 0.0 ], [ 146.072806, 65.096104, 0.0 ], [ 146.07053, 65.09609, 0.0 ], [ 146.069614, 65.096084, 0.0 ], [ 146.069605, 65.096353, 0.0 ], [ 146.068966, 65.096349, 0.0 ], [ 146.068938, 65.097157, 0.0 ], [ 146.0683, 65.097153, 0.0 ], [ 146.068281, 65.097691, 0.0 ], [ 146.067642, 65.097687, 0.0 ], [ 146.067633, 65.097956, 0.0 ], [ 146.066994, 65.097952, 0.0 ], [ 146.067004, 65.097683, 0.0 ], [ 146.066365, 65.097679, 0.0 ], [ 146.066375, 65.09741, 0.0 ], [ 146.06446, 65.097398, 0.0 ], [ 146.064469, 65.097129, 0.0 ], [ 146.063192, 65.097121, 0.0 ], [ 146.063183, 65.09739, 0.0 ], [ 146.060629, 65.097374, 0.0 ], [ 146.06062, 65.097643, 0.0 ], [ 146.059981, 65.097639, 0.0 ], [ 146.059972, 65.097908, 0.0 ], [ 146.059333, 65.097904, 0.0 ], [ 146.059305, 65.098712, 0.0 ], [ 146.059943, 65.098716, 0.0 ], [ 146.059934, 65.098985, 0.0 ], [ 146.060572, 65.098989, 0.0 ], [ 146.060553, 65.099527, 0.0 ], [ 146.061192, 65.099531, 0.0 ], [ 146.061173, 65.10007, 0.0 ], [ 146.060534, 65.100066, 0.0 ], [ 146.060515, 65.100604, 0.0 ], [ 146.059877, 65.1006, 0.0 ], [ 146.059858, 65.101138, 0.0 ], [ 146.059219, 65.101134, 0.0 ], [ 146.0592, 65.101673, 0.0 ], [ 146.058562, 65.101668, 0.0 ], [ 146.058543, 65.102207, 0.0 ], [ 146.057904, 65.102203, 0.0 ], [ 146.057885, 65.102741, 0.0 ], [ 146.057246, 65.102737, 0.0 ], [ 146.057237, 65.103006, 0.0 ], [ 146.056598, 65.103002, 0.0 ], [ 146.05656, 65.104079, 0.0 ], [ 146.057199, 65.104083, 0.0 ], [ 146.057189, 65.104352, 0.0 ], [ 146.057828, 65.104356, 0.0 ], [ 146.057773, 65.105897, 0.0 ], [ 146.057771, 65.105971, 0.0 ], [ 146.058409, 65.105975, 0.0 ], [ 146.05839, 65.106513, 0.0 ], [ 146.059029, 65.106517, 0.0 ], [ 146.059019, 65.106786, 0.0 ], [ 146.059658, 65.10679, 0.0 ], [ 146.059649, 65.107059, 0.0 ], [ 146.060287, 65.107063, 0.0 ], [ 146.060278, 65.107333, 0.0 ], [ 146.060916, 65.107337, 0.0 ], [ 146.060907, 65.107606, 0.0 ], [ 146.062184, 65.107614, 0.0 ], [ 146.062175, 65.107883, 0.0 ], [ 146.064729, 65.107899, 0.0 ], [ 146.06472, 65.108168, 0.0 ], [ 146.065359, 65.108172, 0.0 ], [ 146.065349, 65.108441, 0.0 ], [ 146.065988, 65.108445, 0.0 ], [ 146.065978, 65.108714, 0.0 ], [ 146.066617, 65.108718, 0.0 ], [ 146.066608, 65.108987, 0.0 ], [ 146.067246, 65.108991, 0.0 ], [ 146.067237, 65.10926, 0.0 ], [ 146.068514, 65.109268, 0.0 ] ], [ [ 146.063154, 65.098198, 0.0 ], [ 146.063173, 65.097659, 0.0 ], [ 146.063812, 65.097663, 0.0 ], [ 146.063802, 65.097932, 0.0 ], [ 146.064441, 65.097936, 0.0 ], [ 146.064422, 65.098475, 0.0 ], [ 146.063783, 65.098471, 0.0 ], [ 146.063793, 65.098202, 0.0 ], [ 146.063154, 65.098198, 0.0 ] ] ] } },
{ "type": "Feature", "properties": { "rgi_id": "RGI2000-v7.0-G-10-00711", "o1region": "10", "o2region": "10-03", "glims_id": "G146050E65097N", "anlys_id": 423815, "subm_id": 636, "src_date": "2013-08-12T00:00:00", "cenlon": 146.05299724442381, "cenlat": 65.0965105, "utm_zone": 55, "area_km2": 0.055840016995122997, "primeclass": 0, "conn_lvl": 0, "surge_type": 0, "term_type": 9, "glac_name": "65", "is_rgi6": 1, "termlon": 146.04530930090303, "termlat": 65.097215106241336, "zmin_m": 1995.6023, "zmax_m": 2191.7822, "zmed_m": 2089.707, "zmean_m": 2084.8452, "slope_deg": 21.740614, "aspect_deg": 306.22599029541016, "aspect_sec": 8, "dem_source": "COPDEM30", "lmax_m": 551 }, "geometry": { "type": "Polygon", "coordinates": [ [ [ 146.055541, 65.096804, 0.0 ], [ 146.05555, 65.096535, 0.0 ], [ 146.056189, 65.096539, 0.0 ], [ 146.056198, 65.09627, 0.0 ], [ 146.05556, 65.096266, 0.0 ], [ 146.05557, 65.095996, 0.0 ], [ 146.054931, 65.095992, 0.0 ], [ 146.054941, 65.095723, 0.0 ], [ 146.049195, 65.095687, 0.0 ], [ 146.049186, 65.095956, 0.0 ], [ 146.046632, 65.09594, 0.0 ], [ 146.046623, 65.096209, 0.0 ], [ 146.045984, 65.096205, 0.0 ], [ 146.045975, 65.096474, 0.0 ], [ 146.045336, 65.09647, 0.0 ], [ 146.045326, 65.096739, 0.0 ], [ 146.044688, 65.096735, 0.0 ], [ 146.044678, 65.097004, 0.0 ], [ 146.045317, 65.097008, 0.0 ], [ 146.045307, 65.097277, 0.0 ], [ 146.046584, 65.097285, 0.0 ], [ 146.046594, 65.097016, 0.0 ], [ 146.047232, 65.09702, 0.0 ], [ 146.047242, 65.096751, 0.0 ], [ 146.048518, 65.096759, 0.0 ], [ 146.048528, 65.09649, 0.0 ], [ 146.049805, 65.096498, 0.0 ], [ 146.049795, 65.096767, 0.0 ], [ 146.051072, 65.096776, 0.0 ], [ 146.051053, 65.097314, 0.0 ], [ 146.05233, 65.097322, 0.0 ], [ 146.052339, 65.097053, 0.0 ], [ 146.052978, 65.097057, 0.0 ], [ 146.052987, 65.096788, 0.0 ], [ 146.053626, 65.096792, 0.0 ], [ 146.053635, 65.096523, 0.0 ], [ 146.054912, 65.096531, 0.0 ], [ 146.054902, 65.0968, 0.0 ], [ 146.055541, 65.096804, 0.0 ] ] ] } },
{ "type": "Feature", "properties": { "rgi_id": "RGI2000-v7.0-G-10-00712", "o1region": "10", "o2region": "10-03", "glims_id": "G146102E65086N", "anlys_id": 423837, "subm_id": 636, "src_date": "2013-08-12T00:00:00", "cenlon": 146.10064261524164, "cenlat": 65.0848445, "utm_zone": 55, "area_km2": 0.025216611745754, "primeclass": 0, "conn_lvl": 0, "surge_type": 0, "term_type": 9, "glac_name": "66", "is_rgi6": 1, "termlon": 146.0999730016716, "termlat": 65.085770950038409, "zmin_m": 2142.9102, "zmax_m": 2211.486, "zmed_m": 2167.3987, "zmean_m": 2169.1865, "slope_deg": 23.199074, "aspect_deg": 327.16987991333008, "aspect_sec": 8, "dem_source": "COPDEM30", "lmax_m": 185 }, "geometry": { "type": "Polygon", "coordinates": [ [ [ 146.103173, 65.085521, 0.0 ], [ 146.103191, 65.084983, 0.0 ], [ 146.102553, 65.084979, 0.0 ], [ 146.102562, 65.08471, 0.0 ], [ 146.101924, 65.084706, 0.0 ], [ 146.101933, 65.084437, 0.0 ], [ 146.101295, 65.084433, 0.0 ], [ 146.101304, 65.084164, 0.0 ], [ 146.100028, 65.084156, 0.0 ], [ 146.100019, 65.084425, 0.0 ], [ 146.099381, 65.084421, 0.0 ], [ 146.099371, 65.08469, 0.0 ], [ 146.098733, 65.084687, 0.0 ], [ 146.098715, 65.085225, 0.0 ], [ 146.099353, 65.085229, 0.0 ], [ 146.099344, 65.085498, 0.0 ], [ 146.099982, 65.085502, 0.0 ], [ 146.099973, 65.085771, 0.0 ], [ 146.101888, 65.085782, 0.0 ], [ 146.101897, 65.085513, 0.0 ], [ 146.103173, 65.085521, 0.0 ] ] ] } },
{ "type": "Feature", "properties": { "rgi_id": "RGI2000-v7.0-G-10-00713", "o1region": "10", "o2region": "10-03", "glims_id": "G146098E65074N", "anlys_id": 423834, "subm_id": 636, "src_date": "2013-08-12T00:00:00", "cenlon": 146.09656436272022, "cenlat": 65.073367, "utm_zone": 55, "area_km2": 0.59264983305625296, "primeclass": 0, "conn_lvl": 0, "surge_type": 0, "term_type": 9, "glac_name": "67", "is_rgi6": 1, "termlon": 146.09186191737302, "termlat": 65.080310946175089, "zmin_m": 1908.5427, "zmax_m": 2313.8303, "zmed_m": 2103.0208, "zmean_m": 2102.7285, "slope_deg": 16.714314, "aspect_deg": 332.82607460021973, "aspect_sec": 8, "dem_source": "COPDEM30", "lmax_m": 1538 }, "geometry": { "type": "Polygon", "coordinates": [ [ [ 146.094413, 65.080353, 0.0 ], [ 146.094422, 65.080084, 0.0 ], [ 146.09506, 65.080088, 0.0 ], [ 146.095069, 65.079819, 0.0 ], [ 146.095707, 65.079823, 0.0 ], [ 146.095716, 65.079554, 0.0 ], [ 146.096354, 65.079557, 0.0 ], [ 146.096373, 65.079019, 0.0 ], [ 146.097011, 65.079023, 0.0 ], [ 146.097029, 65.078485, 0.0 ], [ 146.097667, 65.078489, 0.0 ], [ 146.097685, 65.07795, 0.0 ], [ 146.098323, 65.077954, 0.0 ], [ 146.098368, 65.076608, 0.0 ], [ 146.099006, 65.076612, 0.0 ], [ 146.099052, 65.075266, 0.0 ], [ 146.09969, 65.07527, 0.0 ], [ 146.099708, 65.074732, 0.0 ], [ 146.100346, 65.074736, 0.0 ], [ 146.100364, 65.074197, 0.0 ], [ 146.101002, 65.074201, 0.0 ], [ 146.10102, 65.073663, 0.0 ], [ 146.101658, 65.073667, 0.0 ], [ 146.101721, 65.071783, 0.0 ], [ 146.101084, 65.071779, 0.0 ], [ 146.101147, 65.069895, 0.0 ], [ 146.100509, 65.069891, 0.0 ], [ 146.100518, 65.069622, 0.0 ], [ 146.101156, 65.069626, 0.0 ], [ 146.101211, 65.068011, 0.0 ], [ 146.100573, 65.068007, 0.0 ], [ 146.100591, 65.067469, 0.0 ], [ 146.099953, 65.067465, 0.0 ], [ 146.099966, 65.067093, 0.0 ], [ 146.099971, 65.066927, 0.0 ], [ 146.098058, 65.066915, 0.0 ], [ 146.098056, 65.066996, 0.0 ], [ 146.098049, 65.067184, 0.0 ], [ 146.097412, 65.06718, 0.0 ], [ 146.097402, 65.06745, 0.0 ], [ 146.096127, 65.067442, 0.0 ], [ 146.096136, 65.067173, 0.0 ], [ 146.093585, 65.067157, 0.0 ], [ 146.093589, 65.067042, 0.0 ], [ 146.093595, 65.066888, 0.0 ], [ 146.092319, 65.06688, 0.0 ], [ 146.09231, 65.06715, 0.0 ], [ 146.091672, 65.067146, 0.0 ], [ 146.091666, 65.067337, 0.0 ], [ 146.091645, 65.067953, 0.0 ], [ 146.091007, 65.067949, 0.0 ], [ 146.090998, 65.068218, 0.0 ], [ 146.089085, 65.068207, 0.0 ], [ 146.089057, 65.069014, 0.0 ], [ 146.089695, 65.069018, 0.0 ], [ 146.089676, 65.069556, 0.0 ], [ 146.089039, 65.069553, 0.0 ], [ 146.08903, 65.069822, 0.0 ], [ 146.089667, 65.069826, 0.0 ], [ 146.089631, 65.070902, 0.0 ], [ 146.090906, 65.07091, 0.0 ], [ 146.090897, 65.071179, 0.0 ], [ 146.091535, 65.071183, 0.0 ], [ 146.091526, 65.071452, 0.0 ], [ 146.092163, 65.071456, 0.0 ], [ 146.092154, 65.071725, 0.0 ], [ 146.092792, 65.071729, 0.0 ], [ 146.092765, 65.072536, 0.0 ], [ 146.092127, 65.072533, 0.0 ], [ 146.092108, 65.073071, 0.0 ], [ 146.091471, 65.073067, 0.0 ], [ 146.091434, 65.074144, 0.0 ], [ 146.090796, 65.07414, 0.0 ], [ 146.090768, 65.074947, 0.0 ], [ 146.091406, 65.074951, 0.0 ], [ 146.091296, 65.078181, 0.0 ], [ 146.091934, 65.078185, 0.0 ], [ 146.091861, 65.080338, 0.0 ], [ 146.094413, 65.080353, 0.0 ] ] ] } },
{ "type": "Feature", "properties": { "rgi_id": "RGI2000-v7.0-G-10-00714", "o1region": "10", "o2region": "10-03", "glims_id": "G146018E65069N", "anlys_id": 423804, "subm_id": 636, "src_date": "2013-08-12T00:00:00", "cenlon": 146.01858269286106, "cenlat": 65.0687115, "utm_zone": 55, "area_km2": 0.035119291956773997, "primeclass": 0, "conn_lvl": 0, "surge_type": 0, "term_type": 9, "glac_name": null, "is_rgi6": 1, "termlon": 146.01696459175534, "termlat": 65.069366003717121, "zmin_m": 1986.1355, "zmax_m": 2083.1663, "zmed_m": 2022.0651, "zmean_m": 2025.0249, "slope_deg": 18.45223, "aspect_deg": 318.4127082824707, "aspect_sec": 8, "dem_source": "COPDEM30", "lmax_m": 339 }, "geometry": { "type": "Polygon", "coordinates": [ [ [ 146.022743, 65.068327, 0.0 ], [ 146.022753, 65.068058, 0.0 ], [ 146.019564, 65.068037, 0.0 ], [ 146.019554, 65.068306, 0.0 ], [ 146.018917, 65.068302, 0.0 ], [ 146.018926, 65.068033, 0.0 ], [ 146.017651, 65.068024, 0.0 ], [ 146.017661, 65.067755, 0.0 ], [ 146.017023, 65.067751, 0.0 ], [ 146.017013, 65.06802, 0.0 ], [ 146.016376, 65.068016, 0.0 ], [ 146.016346, 65.068823, 0.0 ], [ 146.016984, 65.068828, 0.0 ], [ 146.016964, 65.069366, 0.0 ], [ 146.017601, 65.06937, 0.0 ], [ 146.017592, 65.069639, 0.0 ], [ 146.018867, 65.069648, 0.0 ], [ 146.018877, 65.069378, 0.0 ], [ 146.019515, 65.069383, 0.0 ], [ 146.019525, 65.069113, 0.0 ], [ 146.020162, 65.069118, 0.0 ], [ 146.020172, 65.068848, 0.0 ], [ 146.02081, 65.068853, 0.0 ], [ 146.02082, 65.068583, 0.0 ], [ 146.023371, 65.0686, 0.0 ], [ 146.023381, 65.068331, 0.0 ], [ 146.022743, 65.068327, 0.0 ] ] ] } },
{ "type": "Feature", "properties": { "rgi_id": "RGI2000-v7.0-G-10-00715", "o1region": "10", "o2region": "10-03", "glims_id": "G145943E65061N", "anlys_id": 423785, "subm_id": 636, "src_date": "2013-08-12T00:00:00", "cenlon": 145.94174068680297, "cenlat": 65.0601035, "utm_zone": 55, "area_km2": 0.14588905658432899, "primeclass": 0, "conn_lvl": 0, "surge_type": 0, "term_type": 9, "glac_name": null, "is_rgi6": 1, "termlon": 145.94579947648725, "termlat": 65.062286075744382, "zmin_m": 1991.5999, "zmax_m": 2231.793, "zmed_m": 2071.8542, "zmean_m": 2080.607, "slope_deg": 21.848516, "aspect_deg": 5.286243, "aspect_sec": 1, "dem_source": "COPDEM30", "lmax_m": 672 }, "geometry": { "type": "Polygon", "coordinates": [ [ [ 145.94708, 65.06216, 0.0 ], [ 145.94709, 65.061891, 0.0 ], [ 145.947728, 65.061896, 0.0 ], [ 145.947738, 65.061627, 0.0 ], [ 145.948376, 65.061631, 0.0 ], [ 145.948387, 65.061362, 0.0 ], [ 145.947749, 65.061357, 0.0 ], [ 145.94777, 65.060819, 0.0 ], [ 145.947133, 65.060815, 0.0 ], [ 145.947154, 65.060276, 0.0 ], [ 145.946517, 65.060272, 0.0 ], [ 145.946527, 65.060003, 0.0 ], [ 145.945252, 65.059994, 0.0 ], [ 145.945263, 65.059725, 0.0 ], [ 145.942713, 65.059707, 0.0 ], [ 145.942723, 65.059438, 0.0 ], [ 145.942086, 65.059433, 0.0 ], [ 145.942107, 65.058895, 0.0 ], [ 145.939557, 65.058877, 0.0 ], [ 145.939568, 65.058608, 0.0 ], [ 145.938931, 65.058603, 0.0 ], [ 145.938952, 65.058065, 0.0 ], [ 145.938315, 65.05806, 0.0 ], [ 145.938325, 65.057791, 0.0 ], [ 145.937688, 65.057787, 0.0 ], [ 145.937677, 65.058056, 0.0 ], [ 145.936402, 65.058047, 0.0 ], [ 145.936392, 65.058316, 0.0 ], [ 145.935754, 65.058311, 0.0 ], [ 145.935722, 65.059119, 0.0 ], [ 145.936359, 65.059123, 0.0 ], [ 145.936327, 65.059931, 0.0 ], [ 145.936965, 65.059935, 0.0 ], [ 145.936954, 65.060204, 0.0 ], [ 145.937591, 65.060209, 0.0 ], [ 145.937581, 65.060478, 0.0 ], [ 145.938218, 65.060482, 0.0 ], [ 145.938208, 65.060752, 0.0 ], [ 145.938845, 65.060756, 0.0 ], [ 145.938834, 65.061025, 0.0 ], [ 145.940109, 65.061034, 0.0 ], [ 145.940099, 65.061303, 0.0 ], [ 145.940736, 65.061308, 0.0 ], [ 145.940726, 65.061577, 0.0 ], [ 145.941363, 65.061582, 0.0 ], [ 145.941352, 65.061851, 0.0 ], [ 145.94199, 65.061855, 0.0 ], [ 145.941979, 65.062124, 0.0 ], [ 145.943892, 65.062138, 0.0 ], [ 145.943881, 65.062407, 0.0 ], [ 145.945794, 65.06242, 0.0 ], [ 145.945805, 65.062151, 0.0 ], [ 145.94708, 65.06216, 0.0 ] ] ] } },
{ "type": "Feature", "properties": { "rgi_id": "RGI2000-v7.0-G-10-00716", "o1region": "10", "o2region": "10-03", "glims_id": "G145933E65067N", "anlys_id": 423783, "subm_id": 636, "src_date": "2013-08-12T00:00:00", "cenlon": 145.933168, "cenlat": 65.0671765, "utm_zone": 55, "area_km2": 0.059445736526005002, "primeclass": 0, "conn_lvl": 0, "surge_type": 0, "term_type": 9, "glac_name": null, "is_rgi6": 1, "termlon": 145.93598567076296, "termlat": 65.068498056898918, "zmin_m": 1978.7275, "zmax_m": 2103.9434, "zmed_m": 2043.7068, "zmean_m": 2040.9757, "slope_deg": 19.573717, "aspect_deg": 4.2337804, "aspect_sec": 1, "dem_source": "COPDEM30", "lmax_m": 340 }, "geometry": { "type": "Polygon", "coordinates": [ [ [ 145.935984, 65.068543, 0.0 ], [ 145.935994, 65.068274, 0.0 ], [ 145.936632, 65.068278, 0.0 ], [ 145.936664, 65.067471, 0.0 ], [ 145.936027, 65.067466, 0.0 ], [ 145.936048, 65.066928, 0.0 ], [ 145.93541, 65.066924, 0.0 ], [ 145.935421, 65.066654, 0.0 ], [ 145.934783, 65.06665, 0.0 ], [ 145.934805, 65.066112, 0.0 ], [ 145.934167, 65.066107, 0.0 ], [ 145.934178, 65.065838, 0.0 ], [ 145.932265, 65.065824, 0.0 ], [ 145.932254, 65.066093, 0.0 ], [ 145.931617, 65.066089, 0.0 ], [ 145.931606, 65.066358, 0.0 ], [ 145.930968, 65.066354, 0.0 ], [ 145.930947, 65.066892, 0.0 ], [ 145.930309, 65.066887, 0.0 ], [ 145.930288, 65.067425, 0.0 ], [ 145.930925, 65.06743, 0.0 ], [ 145.930914, 65.067699, 0.0 ], [ 145.931552, 65.067704, 0.0 ], [ 145.931541, 65.067973, 0.0 ], [ 145.932817, 65.067982, 0.0 ], [ 145.932806, 65.068251, 0.0 ], [ 145.933444, 65.068256, 0.0 ], [ 145.933433, 65.068525, 0.0 ], [ 145.935984, 65.068543, 0.0 ] ] ] } },
{ "type": "Feature", "properties": { "rgi_id": "RGI2000-v7.0-G-10-00717", "o1region": "10", "o2region": "10-03", "glims_id": "G145919E65076N", "anlys_id": 423782, "subm_id": 636, "src_date": "2013-08-12T00:00:00", "cenlon": 145.91909313818724, "cenlat": 65.076076, "utm_zone": 55, "area_km2": 0.047735962573699997, "primeclass": 0, "conn_lvl": 0, "surge_type": 0, "term_type": 9, "glac_name": null, "is_rgi6": 1, "termlon": 145.92160743863545, "termlat": 65.077019142637411, "zmin_m": 1922.3452, "zmax_m": 1976.2069, "zmed_m": 1943.3939, "zmean_m": 1943.9227, "slope_deg": 8.584339, "aspect_deg": 38.362175, "aspect_sec": 2, "dem_source": "COPDEM30", "lmax_m": 411 }, "geometry": { "type": "Polygon", "coordinates": [ [ [ 145.920406, 65.075162, 0.0 ], [ 145.917855, 65.075143, 0.0 ], [ 145.917844, 65.075412, 0.0 ], [ 145.914017, 65.075385, 0.0 ], [ 145.913995, 65.075923, 0.0 ], [ 145.916546, 65.075941, 0.0 ], [ 145.916536, 65.076211, 0.0 ], [ 145.917173, 65.076215, 0.0 ], [ 145.917162, 65.076484, 0.0 ], [ 145.9178, 65.076489, 0.0 ], [ 145.917789, 65.076758, 0.0 ], [ 145.918427, 65.076763, 0.0 ], [ 145.918416, 65.077032, 0.0 ], [ 145.921606, 65.077055, 0.0 ], [ 145.92166, 65.075709, 0.0 ], [ 145.921022, 65.075705, 0.0 ], [ 145.921033, 65.075435, 0.0 ], [ 145.920395, 65.075431, 0.0 ], [ 145.920406, 65.075162, 0.0 ] ] ] } },
{ "type": "Feature", "properties": { "rgi_id": "RGI2000-v7.0-G-10-00718", "o1region": "10", "o2region": "10-03", "glims_id": "G146081E65031N", "anlys_id": 423827, "subm_id": 636, "src_date": "2013-08-12T00:00:00", "cenlon": 146.07950101254644, "cenlat": 65.0317025, "utm_zone": 55, "area_km2": 0.49446374274065402, "primeclass": 0, "conn_lvl": 0, "surge_type": 0, "term_type": 9, "glac_name": "88", "is_rgi6": 1, "termlon": 146.07036916062069, "termlat": 65.037851506197129, "zmin_m": 1954.7612, "zmax_m": 2370.1453, "zmed_m": 2128.3237, "zmean_m": 2119.8938, "slope_deg": 16.194403, "aspect_deg": 338.32076835632324, "aspect_sec": 1, "dem_source": "COPDEM30", "lmax_m": 1523 }, "geometry": { "type": "Polygon", "coordinates": [ [ [ 146.075472, 65.037703, 0.0 ], [ 146.075481, 65.037434, 0.0 ], [ 146.076118, 65.037438, 0.0 ], [ 146.076127, 65.037169, 0.0 ], [ 146.076764, 65.037173, 0.0 ], [ 146.076773, 65.036904, 0.0 ], [ 146.07741, 65.036908, 0.0 ], [ 146.077438, 65.0361, 0.0 ], [ 146.078075, 65.036104, 0.0 ], [ 146.078085, 65.035835, 0.0 ], [ 146.078721, 65.035839, 0.0 ], [ 146.078768, 65.034493, 0.0 ], [ 146.079405, 65.034497, 0.0 ], [ 146.07946, 65.032882, 0.0 ], [ 146.080097, 65.032886, 0.0 ], [ 146.080107, 65.032617, 0.0 ], [ 146.082017, 65.032629, 0.0 ], [ 146.082027, 65.03236, 0.0 ], [ 146.0833, 65.032367, 0.0 ], [ 146.083309, 65.032098, 0.0 ], [ 146.083946, 65.032102, 0.0 ], [ 146.083956, 65.031833, 0.0 ], [ 146.084592, 65.031837, 0.0 ], [ 146.084602, 65.031568, 0.0 ], [ 146.085239, 65.031572, 0.0 ], [ 146.085257, 65.031033, 0.0 ], [ 146.085894, 65.031037, 0.0 ], [ 146.085995, 65.028077, 0.0 ], [ 146.085358, 65.028073, 0.0 ], [ 146.085386, 65.027265, 0.0 ], [ 146.086023, 65.027269, 0.0 ], [ 146.08605, 65.026462, 0.0 ], [ 146.085414, 65.026458, 0.0 ], [ 146.085423, 65.026189, 0.0 ], [ 146.084786, 65.026185, 0.0 ], [ 146.084792, 65.026017, 0.0 ], [ 146.084795, 65.025916, 0.0 ], [ 146.084164, 65.025912, 0.0 ], [ 146.083522, 65.025908, 0.0 ], [ 146.083524, 65.025835, 0.0 ], [ 146.083531, 65.025639, 0.0 ], [ 146.081621, 65.025627, 0.0 ], [ 146.081618, 65.025724, 0.0 ], [ 146.081612, 65.025896, 0.0 ], [ 146.080975, 65.025892, 0.0 ], [ 146.080966, 65.026161, 0.0 ], [ 146.080329, 65.026157, 0.0 ], [ 146.080311, 65.026696, 0.0 ], [ 146.079674, 65.026692, 0.0 ], [ 146.079655, 65.02723, 0.0 ], [ 146.079019, 65.027226, 0.0 ], [ 146.079009, 65.027495, 0.0 ], [ 146.079646, 65.027499, 0.0 ], [ 146.079627, 65.028038, 0.0 ], [ 146.078991, 65.028034, 0.0 ], [ 146.078981, 65.028303, 0.0 ], [ 146.078345, 65.028299, 0.0 ], [ 146.078335, 65.028568, 0.0 ], [ 146.077062, 65.02856, 0.0 ], [ 146.077052, 65.028829, 0.0 ], [ 146.076416, 65.028825, 0.0 ], [ 146.076397, 65.029364, 0.0 ], [ 146.07576, 65.02936, 0.0 ], [ 146.075751, 65.029629, 0.0 ], [ 146.075114, 65.029625, 0.0 ], [ 146.075068, 65.030971, 0.0 ], [ 146.074431, 65.030967, 0.0 ], [ 146.074393, 65.032043, 0.0 ], [ 146.073757, 65.032039, 0.0 ], [ 146.073738, 65.032578, 0.0 ], [ 146.073101, 65.032574, 0.0 ], [ 146.073073, 65.033381, 0.0 ], [ 146.072436, 65.033377, 0.0 ], [ 146.072427, 65.033646, 0.0 ], [ 146.07179, 65.033642, 0.0 ], [ 146.071762, 65.03445, 0.0 ], [ 146.071125, 65.034446, 0.0 ], [ 146.071069, 65.036061, 0.0 ], [ 146.070432, 65.036057, 0.0 ], [ 146.070404, 65.036864, 0.0 ], [ 146.069767, 65.03686, 0.0 ], [ 146.069748, 65.037399, 0.0 ], [ 146.070385, 65.037403, 0.0 ], [ 146.070366, 65.037941, 0.0 ], [ 146.072277, 65.037953, 0.0 ], [ 146.072287, 65.037684, 0.0 ], [ 146.075472, 65.037703, 0.0 ] ] ] } },
{ "type": "Feature", "properties": { "rgi_id": "RGI2000-v7.0-G-10-00719", "o1region": "10", "o2region": "10-03", "glims_id": "G146080E65013N", "anlys_id": 423824, "subm_id": 636, "src_date": "2009-08-15T00:00:00", "cenlon": 146.07917307597586, "cenlat": 65.0134955, "utm_zone": 55, "area_km2": 0.13239306167885401, "primeclass": 0, "conn_lvl": 0, "surge_type": 0, "term_type": 9, "glac_name": "89", "is_rgi6": 1, "termlon": 146.07810700194412, "termlat": 65.016721944326335, "zmin_m": 2003.0011, "zmax_m": 2419.8254, "zmed_m": 2231.0579, "zmean_m": 2226.4995, "slope_deg": 30.648798, "aspect_deg": 354.69961833953857, "aspect_sec": 1, "dem_source": "COPDEM30", "lmax_m": 788 }, "geometry": { "type": "Polygon", "coordinates": [ [ [ 146.07938, 65.016729, 0.0 ], [ 146.079399, 65.016191, 0.0 ], [ 146.080035, 65.016195, 0.0 ], [ 146.080045, 65.015926, 0.0 ], [ 146.080681, 65.01593, 0.0 ], [ 146.08069, 65.015661, 0.0 ], [ 146.080054, 65.015657, 0.0 ], [ 146.080072, 65.015118, 0.0 ], [ 146.079436, 65.015114, 0.0 ], [ 146.079473, 65.014038, 0.0 ], [ 146.080109, 65.014042, 0.0 ], [ 146.080119, 65.013773, 0.0 ], [ 146.081391, 65.01378, 0.0 ], [ 146.081401, 65.013511, 0.0 ], [ 146.082037, 65.013515, 0.0 ], [ 146.082074, 65.012439, 0.0 ], [ 146.080801, 65.012431, 0.0 ], [ 146.080792, 65.0127, 0.0 ], [ 146.080156, 65.012696, 0.0 ], [ 146.080165, 65.012427, 0.0 ], [ 146.079529, 65.012423, 0.0 ], [ 146.079566, 65.011346, 0.0 ], [ 146.082747, 65.011366, 0.0 ], [ 146.082766, 65.010828, 0.0 ], [ 146.08213, 65.010824, 0.0 ], [ 146.082139, 65.010555, 0.0 ], [ 146.080866, 65.010547, 0.0 ], [ 146.080873, 65.01035, 0.0 ], [ 146.080875, 65.010278, 0.0 ], [ 146.079603, 65.01027, 0.0 ], [ 146.079601, 65.01031, 0.0 ], [ 146.079593, 65.010539, 0.0 ], [ 146.078321, 65.010531, 0.0 ], [ 146.07833, 65.010262, 0.0 ], [ 146.077057, 65.010254, 0.0 ], [ 146.077048, 65.010523, 0.0 ], [ 146.076412, 65.010519, 0.0 ], [ 146.076402, 65.010788, 0.0 ], [ 146.075766, 65.010785, 0.0 ], [ 146.075757, 65.011054, 0.0 ], [ 146.07512, 65.01105, 0.0 ], [ 146.075083, 65.012126, 0.0 ], [ 146.07572, 65.01213, 0.0 ], [ 146.075673, 65.013476, 0.0 ], [ 146.076309, 65.01348, 0.0 ], [ 146.076291, 65.014018, 0.0 ], [ 146.076927, 65.014022, 0.0 ], [ 146.076918, 65.014291, 0.0 ], [ 146.077554, 65.014295, 0.0 ], [ 146.077517, 65.015372, 0.0 ], [ 146.078154, 65.015376, 0.0 ], [ 146.078107, 65.016722, 0.0 ], [ 146.07938, 65.016729, 0.0 ] ] ] } },
{ "type": "Feature", "properties": { "rgi_id": "RGI2000-v7.0-G-10-00720", "o1region": "10", "o2region": "10-03", "glims_id": "G146080E65000N", "anlys_id": 423822, "subm_id": 636, "src_date": "2009-08-15T00:00:00", "cenlon": 146.07707814529121, "cenlat": 65.0004265, "utm_zone": 55, "area_km2": 0.052243207462068002, "primeclass": 0, "conn_lvl": 0, "surge_type": 0, "term_type": 9, "glac_name": "90", "is_rgi6": 1, "termlon": 146.07418545158689, "termlat": 65.001286807710571, "zmin_m": 1986.0718, "zmax_m": 2088.2227, "zmed_m": 2052.9863, "zmean_m": 2049.004, "slope_deg": 18.753056, "aspect_deg": 331.82420349121094, "aspect_sec": 8, "dem_source": "COPDEM30", "lmax_m": 312 }, "geometry": { "type": "Polygon", "coordinates": [ [ [ 146.078645, 65.001111, 0.0 ], [ 146.078655, 65.000842, 0.0 ], [ 146.079291, 65.000846, 0.0 ], [ 146.0793, 65.000577, 0.0 ], [ 146.079936, 65.00058, 0.0 ], [ 146.079964, 64.999773, 0.0 ], [ 146.079328, 64.999769, 0.0 ], [ 146.079337, 64.9995, 0.0 ], [ 146.076157, 64.99948, 0.0 ], [ 146.076166, 64.999211, 0.0 ], [ 146.074258, 64.999199, 0.0 ], [ 146.074239, 64.999738, 0.0 ], [ 146.073603, 64.999734, 0.0 ], [ 146.073584, 65.000272, 0.0 ], [ 146.07422, 65.000276, 0.0 ], [ 146.074202, 65.000814, 0.0 ], [ 146.073566, 65.00081, 0.0 ], [ 146.073556, 65.001079, 0.0 ], [ 146.074193, 65.001083, 0.0 ], [ 146.074183, 65.001353, 0.0 ], [ 146.075455, 65.00136, 0.0 ], [ 146.075465, 65.001091, 0.0 ], [ 146.078645, 65.001111, 0.0 ] ] ] } },
{ "type": "Feature", "properties": { "rgi_id": "RGI2000-v7.0-G-10-00721", "o1region": "10", "o2region": "10-03", "glims_id": "G146119E64997N", "anlys_id": 423844, "subm_id": 636, "src_date": "2009-08-15T00:00:00", "cenlon": 146.11822701891333, "cenlat": 64.997042, "utm_zone": 55, "area_km2": 0.17022947156481499, "primeclass": 0, "conn_lvl": 0, "surge_type": 0, "term_type": 9, "glac_name": "9", "is_rgi6": 1, "termlon": 146.12065881956914, "termlat": 65.000471726856532, "zmin_m": 2048.4153, "zmax_m": 2375.7927, "zmed_m": 2162.1624, "zmean_m": 2178.0579, "slope_deg": 20.996319, "aspect_deg": 351.59205150604248, "aspect_sec": 1, "dem_source": "COPDEM30", "lmax_m": 854 }, "geometry": { "type": "Polygon", "coordinates": [ [ [ 146.121292, 65.00056, 0.0 ], [ 146.121301, 65.000291, 0.0 ], [ 146.121937, 65.000295, 0.0 ], [ 146.121946, 65.000026, 0.0 ], [ 146.122582, 65.000029, 0.0 ], [ 146.122609, 64.999222, 0.0 ], [ 146.123245, 64.999226, 0.0 ], [ 146.123289, 64.99788, 0.0 ], [ 146.122653, 64.997876, 0.0 ], [ 146.122662, 64.997607, 0.0 ], [ 146.122026, 64.997603, 0.0 ], [ 146.122035, 64.997334, 0.0 ], [ 146.121399, 64.99733, 0.0 ], [ 146.121407, 64.997061, 0.0 ], [ 146.120771, 64.997057, 0.0 ], [ 146.12078, 64.9968, 0.0 ], [ 146.120789, 64.996519, 0.0 ], [ 146.120153, 64.996515, 0.0 ], [ 146.120188, 64.995439, 0.0 ], [ 146.119552, 64.995435, 0.0 ], [ 146.119577, 64.994678, 0.0 ], [ 146.119579, 64.994628, 0.0 ], [ 146.119485, 64.994627, 0.0 ], [ 146.118943, 64.994624, 0.0 ], [ 146.11895, 64.99442, 0.0 ], [ 146.118952, 64.994355, 0.0 ], [ 146.118279, 64.994351, 0.0 ], [ 146.117097, 64.994344, 0.0 ], [ 146.117044, 64.994343, 0.0 ], [ 146.117044, 64.994347, 0.0 ], [ 146.117035, 64.994613, 0.0 ], [ 146.115127, 64.994601, 0.0 ], [ 146.115155, 64.993748, 0.0 ], [ 146.115163, 64.993525, 0.0 ], [ 146.113891, 64.993517, 0.0 ], [ 146.11389, 64.993546, 0.0 ], [ 146.113882, 64.993786, 0.0 ], [ 146.113246, 64.993783, 0.0 ], [ 146.113228, 64.994321, 0.0 ], [ 146.113864, 64.994325, 0.0 ], [ 146.113855, 64.994594, 0.0 ], [ 146.114491, 64.994598, 0.0 ], [ 146.114482, 64.994867, 0.0 ], [ 146.115118, 64.99487, 0.0 ], [ 146.115047, 64.997024, 0.0 ], [ 146.115683, 64.997027, 0.0 ], [ 146.115648, 64.998104, 0.0 ], [ 146.116284, 64.998108, 0.0 ], [ 146.116275, 64.998377, 0.0 ], [ 146.116911, 64.998381, 0.0 ], [ 146.116893, 64.998919, 0.0 ], [ 146.117529, 64.998923, 0.0 ], [ 146.11752, 64.999192, 0.0 ], [ 146.118156, 64.999196, 0.0 ], [ 146.118147, 64.999465, 0.0 ], [ 146.118518, 64.999467, 0.0 ], [ 146.118784, 64.999469, 0.0 ], [ 146.118775, 64.999738, 0.0 ], [ 146.119411, 64.999742, 0.0 ], [ 146.119402, 65.000011, 0.0 ], [ 146.120038, 65.000014, 0.0 ], [ 146.120029, 65.000284, 0.0 ], [ 146.120665, 65.000287, 0.0 ], [ 146.120656, 65.000556, 0.0 ], [ 146.121292, 65.00056, 0.0 ] ] ] } },
{ "type": "Feature", "properties": { "rgi_id": "RGI2000-v7.0-G-10-00723", "o1region": "10", "o2region": "10-03", "glims_id": "G146175E65213N", "anlys_id": 423856, "subm_id": 636, "src_date": "2013-08-12T00:00:00", "cenlon": 146.17591150573486, "cenlat": 65.210033, "utm_zone": 55, "area_km2": 0.020713941772821001, "primeclass": 0, "conn_lvl": 0, "surge_type": 0, "term_type": 9, "glac_name": "24", "is_rgi6": 1, "termlon": 146.17556539206686, "termlat": 65.210843750435615, "zmin_m": 2160.3484, "zmax_m": 2300.948, "zmed_m": 2228.0913, "zmean_m": 2227.7446, "slope_deg": 34.64897, "aspect_deg": 352.23124074935919, "aspect_sec": 1, "dem_source": "COPDEM30", "lmax_m": 215 }, "geometry": { "type": "Polygon", "coordinates": [ [ [ 146.176527, 65.210849, 0.0 ], [ 146.176536, 65.21058, 0.0 ], [ 146.177177, 65.210584, 0.0 ], [ 146.177227, 65.208969, 0.0 ], [ 146.175945, 65.208962, 0.0 ], [ 146.175937, 65.209231, 0.0 ], [ 146.175295, 65.209227, 0.0 ], [ 146.175287, 65.209496, 0.0 ], [ 146.174646, 65.209493, 0.0 ], [ 146.174612, 65.21057, 0.0 ], [ 146.175254, 65.210573, 0.0 ], [ 146.175245, 65.210842, 0.0 ], [ 146.176527, 65.210849, 0.0 ] ] ] } },
{ "type": "Feature", "properties": { "rgi_id": "RGI2000-v7.0-G-10-00724", "o1region": "10", "o2region": "10-03", "glims_id": "G146121E65203N", "anlys_id": 423849, "subm_id": 636, "src_date": "2013-08-12T00:00:00", "cenlon": 146.12223938753482, "cenlat": 65.2041825, "utm_zone": 55, "area_km2": 0.37286681097360802, "primeclass": 0, "conn_lvl": 0, "surge_type": 0, "term_type": 9, "glac_name": "25", "is_rgi6": 1, "termlon": 146.12975300576457, "termlat": 65.209651819082907, "zmin_m": 1903.2345, "zmax_m": 2396.534, "zmed_m": 2053.9067, "zmean_m": 2059.9712, "slope_deg": 15.488054, "aspect_deg": 5.0406594, "aspect_sec": 1, "dem_source": "COPDEM30", "lmax_m": 1521 }, "geometry": { "type": "Polygon", "coordinates": [ [ [ 146.129757, 65.209526, 0.0 ], [ 146.129758, 65.209509, 0.0 ], [ 146.130399, 65.209513, 0.0 ], [ 146.130417, 65.208974, 0.0 ], [ 146.129776, 65.208971, 0.0 ], [ 146.129846, 65.206818, 0.0 ], [ 146.129205, 65.206814, 0.0 ], [ 146.129241, 65.205737, 0.0 ], [ 146.1286, 65.205734, 0.0 ], [ 146.128617, 65.205195, 0.0 ], [ 146.127976, 65.205192, 0.0 ], [ 146.128047, 65.203038, 0.0 ], [ 146.127406, 65.203035, 0.0 ], [ 146.127433, 65.202227, 0.0 ], [ 146.126792, 65.202223, 0.0 ], [ 146.126801, 65.201954, 0.0 ], [ 146.12616, 65.201951, 0.0 ], [ 146.126169, 65.201681, 0.0 ], [ 146.125528, 65.201678, 0.0 ], [ 146.125537, 65.201395, 0.0 ], [ 146.125537, 65.201389, 0.0 ], [ 146.125545, 65.201139, 0.0 ], [ 146.124264, 65.201132, 0.0 ], [ 146.124263, 65.201156, 0.0 ], [ 146.124255, 65.201401, 0.0 ], [ 146.123614, 65.201397, 0.0 ], [ 146.123605, 65.201667, 0.0 ], [ 146.122323, 65.201659, 0.0 ], [ 146.122332, 65.20139, 0.0 ], [ 146.121691, 65.201386, 0.0 ], [ 146.121699, 65.201157, 0.0 ], [ 146.1217, 65.201117, 0.0 ], [ 146.120418, 65.20111, 0.0 ], [ 146.120414, 65.201226, 0.0 ], [ 146.120382, 65.202186, 0.0 ], [ 146.118459, 65.202175, 0.0 ], [ 146.118477, 65.201637, 0.0 ], [ 146.117836, 65.201633, 0.0 ], [ 146.117845, 65.201364, 0.0 ], [ 146.117204, 65.20136, 0.0 ], [ 146.117213, 65.201091, 0.0 ], [ 146.116572, 65.201087, 0.0 ], [ 146.116581, 65.200818, 0.0 ], [ 146.115941, 65.200814, 0.0 ], [ 146.115958, 65.200276, 0.0 ], [ 146.116102, 65.200277, 0.0 ], [ 146.116599, 65.20028, 0.0 ], [ 146.116662, 65.198396, 0.0 ], [ 146.115618, 65.198389, 0.0 ], [ 146.11538, 65.198388, 0.0 ], [ 146.115378, 65.198452, 0.0 ], [ 146.115371, 65.198657, 0.0 ], [ 146.114731, 65.198653, 0.0 ], [ 146.114722, 65.198922, 0.0 ], [ 146.114686, 65.198922, 0.0 ], [ 146.114081, 65.198919, 0.0 ], [ 146.11409, 65.19865, 0.0 ], [ 146.112808, 65.198642, 0.0 ], [ 146.112781, 65.199449, 0.0 ], [ 146.113422, 65.199453, 0.0 ], [ 146.113404, 65.199992, 0.0 ], [ 146.114045, 65.199995, 0.0 ], [ 146.114027, 65.200534, 0.0 ], [ 146.115309, 65.200541, 0.0 ], [ 146.115273, 65.201618, 0.0 ], [ 146.115914, 65.201621, 0.0 ], [ 146.115896, 65.20216, 0.0 ], [ 146.116537, 65.202164, 0.0 ], [ 146.116519, 65.202702, 0.0 ], [ 146.113955, 65.202687, 0.0 ], [ 146.113946, 65.202956, 0.0 ], [ 146.113305, 65.202952, 0.0 ], [ 146.113287, 65.20349, 0.0 ], [ 146.113928, 65.203494, 0.0 ], [ 146.113919, 65.203763, 0.0 ], [ 146.115201, 65.203771, 0.0 ], [ 146.115192, 65.20404, 0.0 ], [ 146.116474, 65.204048, 0.0 ], [ 146.116465, 65.204317, 0.0 ], [ 146.118388, 65.204328, 0.0 ], [ 146.118379, 65.204597, 0.0 ], [ 146.119661, 65.204605, 0.0 ], [ 146.119652, 65.204874, 0.0 ], [ 146.120293, 65.204878, 0.0 ], [ 146.120284, 65.205147, 0.0 ], [ 146.121566, 65.205154, 0.0 ], [ 146.121557, 65.205423, 0.0 ], [ 146.122198, 65.205427, 0.0 ], [ 146.12218, 65.205965, 0.0 ], [ 146.122821, 65.205969, 0.0 ], [ 146.122812, 65.206238, 0.0 ], [ 146.123454, 65.206242, 0.0 ], [ 146.123436, 65.20678, 0.0 ], [ 146.124077, 65.206784, 0.0 ], [ 146.12405, 65.207591, 0.0 ], [ 146.124691, 65.207595, 0.0 ], [ 146.124673, 65.208133, 0.0 ], [ 146.125314, 65.208137, 0.0 ], [ 146.125306, 65.208406, 0.0 ], [ 146.125947, 65.20841, 0.0 ], [ 146.125938, 65.208679, 0.0 ], [ 146.12722, 65.208687, 0.0 ], [ 146.127211, 65.208956, 0.0 ], [ 146.127852, 65.20896, 0.0 ], [ 146.127835, 65.209498, 0.0 ], [ 146.128476, 65.209502, 0.0 ], [ 146.128467, 65.209771, 0.0 ], [ 146.129749, 65.209778, 0.0 ], [ 146.129757, 65.209526, 0.0 ] ] ] } },
{ "type": "Feature", "properties": { "rgi_id": "RGI2000-v7.0-G-10-00725", "o1region": "10", "o2region": "10-03", "glims_id": "G146125E65199N", "anlys_id": 423850, "subm_id": 636, "src_date": "2013-08-12T00:00:00", "cenlon": 146.12593219052047, "cenlat": 65.199132, "utm_zone": 55, "area_km2": 0.027013909140016001, "primeclass": 0, "conn_lvl": 0, "surge_type": 0, "term_type": 9, "glac_name": null, "is_rgi6": 1, "termlon": 146.12468353871131, "termlat": 65.200057283246238, "zmin_m": 2198.101, "zmax_m": 2337.108, "zmed_m": 2260.27, "zmean_m": 2263.7903, "slope_deg": 37.283607, "aspect_deg": 345.92856121063232, "aspect_sec": 1, "dem_source": "COPDEM30", "lmax_m": 214 }, "geometry": { "type": "Polygon", "coordinates": [ [ [ 146.127504, 65.200074, 0.0 ], [ 146.127513, 65.199805, 0.0 ], [ 146.128153, 65.199809, 0.0 ], [ 146.128171, 65.19927, 0.0 ], [ 146.12753, 65.199267, 0.0 ], [ 146.127539, 65.198997, 0.0 ], [ 146.126898, 65.198994, 0.0 ], [ 146.126907, 65.198725, 0.0 ], [ 146.126266, 65.198721, 0.0 ], [ 146.126275, 65.198452, 0.0 ], [ 146.125634, 65.198448, 0.0 ], [ 146.125643, 65.198179, 0.0 ], [ 146.125002, 65.198175, 0.0 ], [ 146.124993, 65.198444, 0.0 ], [ 146.124353, 65.198441, 0.0 ], [ 146.124299, 65.200055, 0.0 ], [ 146.127504, 65.200074, 0.0 ] ] ] } },
{ "type": "Feature", "properties": { "rgi_id": "RGI2000-v7.0-G-10-00726", "o1region": "10", "o2region": "10-03", "glims_id": "G146120E65199N", "anlys_id": 423845, "subm_id": 636, "src_date": "2013-08-12T00:00:00", "cenlon": 146.12049386839527, "cenlat": 65.1988255, "utm_zone": 55, "area_km2": 0.025218513203997001, "primeclass": 0, "conn_lvl": 0, "surge_type": 0, "term_type": 9, "glac_name": null, "is_rgi6": 1, "termlon": 146.12044858219528, "termlat": 65.200194935295798, "zmin_m": 2195.3381, "zmax_m": 2367.0493, "zmed_m": 2310.6113, "zmean_m": 2302.9604, "slope_deg": 33.741188, "aspect_deg": 356.27667546272278, "aspect_sec": 1, "dem_source": "COPDEM30", "lmax_m": 241 }, "geometry": { "type": "Polygon", "coordinates": [ [ [ 146.120445, 65.200302, 0.0 ], [ 146.120472, 65.199495, 0.0 ], [ 146.121753, 65.199502, 0.0 ], [ 146.121798, 65.198156, 0.0 ], [ 146.121157, 65.198153, 0.0 ], [ 146.121166, 65.197884, 0.0 ], [ 146.119884, 65.197876, 0.0 ], [ 146.119875, 65.198145, 0.0 ], [ 146.119235, 65.198141, 0.0 ], [ 146.119163, 65.200295, 0.0 ], [ 146.120445, 65.200302, 0.0 ] ] ] } },
{ "type": "Feature", "properties": { "rgi_id": "RGI2000-v7.0-G-10-00727", "o1region": "10", "o2region": "10-03", "glims_id": "G146107E65210N", "anlys_id": 423842, "subm_id": 636, "src_date": "2013-08-12T00:00:00", "cenlon": 146.10694790520446, "cenlat": 65.210869, "utm_zone": 55, "area_km2": 0.28551533143360802, "primeclass": 0, "conn_lvl": 0, "surge_type": 0, "term_type": 9, "glac_name": null, "is_rgi6": 1, "termlon": 146.1077601538679, "termlat": 65.206688192244698, "zmin_m": 2158.313, "zmax_m": 2586.6443, "zmed_m": 2278.643, "zmean_m": 2311.4348, "slope_deg": 17.471603, "aspect_deg": 134.27472, "aspect_sec": 4, "dem_source": "COPDEM30", "lmax_m": 1235 }, "geometry": { "type": "Polygon", "coordinates": [ [ [ 146.101989, 65.215268, 0.0 ], [ 146.101998, 65.214999, 0.0 ], [ 146.102639, 65.215003, 0.0 ], [ 146.102648, 65.214734, 0.0 ], [ 146.10329, 65.214737, 0.0 ], [ 146.103299, 65.214468, 0.0 ], [ 146.10394, 65.214472, 0.0 ], [ 146.103949, 65.214203, 0.0 ], [ 146.105232, 65.214211, 0.0 ], [ 146.105241, 65.213941, 0.0 ], [ 146.106523, 65.213949, 0.0 ], [ 146.106532, 65.21368, 0.0 ], [ 146.107173, 65.213684, 0.0 ], [ 146.107219, 65.212338, 0.0 ], [ 146.10786, 65.212342, 0.0 ], [ 146.107887, 65.211534, 0.0 ], [ 146.108528, 65.211538, 0.0 ], [ 146.108546, 65.211, 0.0 ], [ 146.109188, 65.211004, 0.0 ], [ 146.109197, 65.210735, 0.0 ], [ 146.109838, 65.210738, 0.0 ], [ 146.109847, 65.210469, 0.0 ], [ 146.110488, 65.210473, 0.0 ], [ 146.110515, 65.209666, 0.0 ], [ 146.109874, 65.209662, 0.0 ], [ 146.109892, 65.209123, 0.0 ], [ 146.109251, 65.20912, 0.0 ], [ 146.109296, 65.207774, 0.0 ], [ 146.108655, 65.20777, 0.0 ], [ 146.108682, 65.206963, 0.0 ], [ 146.108041, 65.206959, 0.0 ], [ 146.10805, 65.20669, 0.0 ], [ 146.106768, 65.206682, 0.0 ], [ 146.106759, 65.206951, 0.0 ], [ 146.106118, 65.206947, 0.0 ], [ 146.106109, 65.207217, 0.0 ], [ 146.105468, 65.207213, 0.0 ], [ 146.105477, 65.206944, 0.0 ], [ 146.104836, 65.20694, 0.0 ], [ 146.104845, 65.206671, 0.0 ], [ 146.103563, 65.206663, 0.0 ], [ 146.103554, 65.206932, 0.0 ], [ 146.102913, 65.206928, 0.0 ], [ 146.102904, 65.207198, 0.0 ], [ 146.102263, 65.207194, 0.0 ], [ 146.102244, 65.207732, 0.0 ], [ 146.101603, 65.207728, 0.0 ], [ 146.101594, 65.207997, 0.0 ], [ 146.100953, 65.207993, 0.0 ], [ 146.100944, 65.208263, 0.0 ], [ 146.099662, 65.208255, 0.0 ], [ 146.099643, 65.208793, 0.0 ], [ 146.101567, 65.208805, 0.0 ], [ 146.101548, 65.209343, 0.0 ], [ 146.100907, 65.209339, 0.0 ], [ 146.100889, 65.209877, 0.0 ], [ 146.102812, 65.209889, 0.0 ], [ 146.102822, 65.20962, 0.0 ], [ 146.103463, 65.209624, 0.0 ], [ 146.103454, 65.209893, 0.0 ], [ 146.104095, 65.209897, 0.0 ], [ 146.104077, 65.210435, 0.0 ], [ 146.104718, 65.210439, 0.0 ], [ 146.104672, 65.211784, 0.0 ], [ 146.104031, 65.211781, 0.0 ], [ 146.104022, 65.21205, 0.0 ], [ 146.103381, 65.212046, 0.0 ], [ 146.103372, 65.212315, 0.0 ], [ 146.10273, 65.212311, 0.0 ], [ 146.102721, 65.21258, 0.0 ], [ 146.10208, 65.212577, 0.0 ], [ 146.102071, 65.212846, 0.0 ], [ 146.10143, 65.212842, 0.0 ], [ 146.101421, 65.213111, 0.0 ], [ 146.100779, 65.213107, 0.0 ], [ 146.10077, 65.213376, 0.0 ], [ 146.098847, 65.213365, 0.0 ], [ 146.098837, 65.213634, 0.0 ], [ 146.09499, 65.213611, 0.0 ], [ 146.094981, 65.21388, 0.0 ], [ 146.095622, 65.213884, 0.0 ], [ 146.095613, 65.214153, 0.0 ], [ 146.096895, 65.214161, 0.0 ], [ 146.096886, 65.21443, 0.0 ], [ 146.097528, 65.214434, 0.0 ], [ 146.097518, 65.214703, 0.0 ], [ 146.09816, 65.214707, 0.0 ], [ 146.09815, 65.214976, 0.0 ], [ 146.098792, 65.21498, 0.0 ], [ 146.098783, 65.215249, 0.0 ], [ 146.101989, 65.215268, 0.0 ] ] ] } },
{ "type": "Feature", "properties": { "rgi_id": "RGI2000-v7.0-G-10-00728", "o1region": "10", "o2region": "10-03", "glims_id": "G146120E65226N", "anlys_id": 423848, "subm_id": 636, "src_date": "2013-08-12T00:00:00", "cenlon": 146.12183981630756, "cenlat": 65.2259045, "utm_zone": 55, "area_km2": 0.28461614025316101, "primeclass": 0, "conn_lvl": 0, "surge_type": 0, "term_type": 9, "glac_name": "26", "is_rgi6": 1, "termlon": 146.12584441083229, "termlat": 65.230949943495702, "zmin_m": 1912.5342, "zmax_m": 2316.9126, "zmed_m": 2114.299, "zmean_m": 2108.7146, "slope_deg": 20.985762, "aspect_deg": 348.93797969818115, "aspect_sec": 1, "dem_source": "COPDEM30", "lmax_m": 1149 }, "geometry": { "type": "Polygon", "coordinates": [ [ [ 146.125842, 65.231022, 0.0 ], [ 146.125851, 65.230753, 0.0 ], [ 146.126492, 65.230757, 0.0 ], [ 146.12651, 65.230218, 0.0 ], [ 146.125868, 65.230215, 0.0 ], [ 146.125877, 65.229945, 0.0 ], [ 146.125236, 65.229942, 0.0 ], [ 146.125245, 65.229672, 0.0 ], [ 146.124603, 65.229669, 0.0 ], [ 146.12463, 65.228861, 0.0 ], [ 146.123988, 65.228858, 0.0 ], [ 146.124006, 65.228319, 0.0 ], [ 146.123364, 65.228316, 0.0 ], [ 146.123391, 65.227508, 0.0 ], [ 146.124033, 65.227512, 0.0 ], [ 146.124042, 65.227243, 0.0 ], [ 146.124683, 65.227246, 0.0 ], [ 146.124719, 65.22617, 0.0 ], [ 146.12536, 65.226174, 0.0 ], [ 146.125378, 65.225635, 0.0 ], [ 146.12602, 65.225639, 0.0 ], [ 146.126106, 65.22301, 0.0 ], [ 146.126108, 65.222948, 0.0 ], [ 146.126017, 65.222947, 0.0 ], [ 146.125467, 65.222944, 0.0 ], [ 146.125476, 65.222675, 0.0 ], [ 146.124193, 65.222667, 0.0 ], [ 146.124213, 65.222047, 0.0 ], [ 146.12422, 65.22186, 0.0 ], [ 146.123844, 65.221858, 0.0 ], [ 146.123578, 65.221856, 0.0 ], [ 146.123582, 65.221731, 0.0 ], [ 146.123587, 65.221587, 0.0 ], [ 146.123248, 65.221585, 0.0 ], [ 146.122946, 65.221583, 0.0 ], [ 146.122949, 65.221474, 0.0 ], [ 146.122955, 65.221314, 0.0 ], [ 146.122316, 65.22131, 0.0 ], [ 146.121672, 65.221307, 0.0 ], [ 146.121663, 65.221576, 0.0 ], [ 146.121021, 65.221572, 0.0 ], [ 146.121012, 65.221841, 0.0 ], [ 146.120371, 65.221837, 0.0 ], [ 146.120362, 65.222107, 0.0 ], [ 146.119721, 65.222103, 0.0 ], [ 146.119712, 65.222372, 0.0 ], [ 146.11907, 65.222368, 0.0 ], [ 146.119052, 65.222906, 0.0 ], [ 146.117128, 65.222895, 0.0 ], [ 146.11711, 65.223433, 0.0 ], [ 146.117752, 65.223437, 0.0 ], [ 146.117734, 65.223976, 0.0 ], [ 146.118375, 65.223979, 0.0 ], [ 146.118357, 65.224518, 0.0 ], [ 146.117716, 65.224514, 0.0 ], [ 146.117698, 65.225052, 0.0 ], [ 146.118339, 65.225056, 0.0 ], [ 146.118294, 65.226402, 0.0 ], [ 146.118936, 65.226405, 0.0 ], [ 146.118855, 65.228828, 0.0 ], [ 146.119497, 65.228831, 0.0 ], [ 146.119488, 65.229101, 0.0 ], [ 146.12013, 65.229104, 0.0 ], [ 146.120121, 65.229373, 0.0 ], [ 146.120762, 65.229377, 0.0 ], [ 146.120744, 65.229915, 0.0 ], [ 146.121386, 65.229919, 0.0 ], [ 146.121377, 65.230188, 0.0 ], [ 146.122019, 65.230192, 0.0 ], [ 146.12201, 65.230461, 0.0 ], [ 146.123935, 65.230472, 0.0 ], [ 146.123926, 65.230742, 0.0 ], [ 146.125209, 65.230749, 0.0 ], [ 146.1252, 65.231018, 0.0 ], [ 146.125842, 65.231022, 0.0 ] ] ] } },
{ "type": "Feature", "properties": { "rgi_id": "RGI2000-v7.0-G-10-00729", "o1region": "10", "o2region": "10-03", "glims_id": "G146088E65233N", "anlys_id": 423830, "subm_id": 636, "src_date": "2013-08-12T00:00:00", "cenlon": 146.08377720242828, "cenlat": 65.2318325, "utm_zone": 55, "area_km2": 8.7645333955574021, "primeclass": 0, "conn_lvl": 0, "surge_type": 0, "term_type": 9, "glac_name": "Tsaregradskogo", "is_rgi6": 1, "termlon": 146.0284084718572, "termlat": 65.257615137222786, "zmin_m": 1650.7363, "zmax_m": 2801.4124, "zmed_m": 2190.1204, "zmean_m": 2208.1995, "slope_deg": 15.377373, "aspect_deg": 358.76187455654144, "aspect_sec": 1, "dem_source": "COPDEM30", "lmax_m": 7434 }, "geometry": { "type": "Polygon", "coordinates": [ [ [ 146.052595, 65.251307, 0.0 ], [ 146.053237, 65.251311, 0.0 ], [ 146.053246, 65.251042, 0.0 ], [ 146.053889, 65.251046, 0.0 ], [ 146.053898, 65.250777, 0.0 ], [ 146.05454, 65.250781, 0.0 ], [ 146.05455, 65.250511, 0.0 ], [ 146.055192, 65.250515, 0.0 ], [ 146.055211, 65.249977, 0.0 ], [ 146.055853, 65.249981, 0.0 ], [ 146.055863, 65.249712, 0.0 ], [ 146.056505, 65.249716, 0.0 ], [ 146.056515, 65.249447, 0.0 ], [ 146.057799, 65.249455, 0.0 ], [ 146.057808, 65.249186, 0.0 ], [ 146.058451, 65.24919, 0.0 ], [ 146.05846, 65.248921, 0.0 ], [ 146.059744, 65.248929, 0.0 ], [ 146.059754, 65.24866, 0.0 ], [ 146.060396, 65.248664, 0.0 ], [ 146.060405, 65.248395, 0.0 ], [ 146.062332, 65.248407, 0.0 ], [ 146.062341, 65.248137, 0.0 ], [ 146.063625, 65.248145, 0.0 ], [ 146.063635, 65.247876, 0.0 ], [ 146.065561, 65.247888, 0.0 ], [ 146.06557, 65.247619, 0.0 ], [ 146.066855, 65.247627, 0.0 ], [ 146.066864, 65.247358, 0.0 ], [ 146.068148, 65.247366, 0.0 ], [ 146.068158, 65.247097, 0.0 ], [ 146.069442, 65.247105, 0.0 ], [ 146.069451, 65.246836, 0.0 ], [ 146.071377, 65.246847, 0.0 ], [ 146.071387, 65.246578, 0.0 ], [ 146.073313, 65.24659, 0.0 ], [ 146.073322, 65.246321, 0.0 ], [ 146.073964, 65.246325, 0.0 ], [ 146.073974, 65.246056, 0.0 ], [ 146.0759, 65.246068, 0.0 ], [ 146.075909, 65.245799, 0.0 ], [ 146.078477, 65.245814, 0.0 ], [ 146.078468, 65.246083, 0.0 ], [ 146.079752, 65.246091, 0.0 ], [ 146.079761, 65.245822, 0.0 ], [ 146.080403, 65.245826, 0.0 ], [ 146.080412, 65.245557, 0.0 ], [ 146.081054, 65.245561, 0.0 ], [ 146.081073, 65.245023, 0.0 ], [ 146.081715, 65.245027, 0.0 ], [ 146.081734, 65.244488, 0.0 ], [ 146.082376, 65.244492, 0.0 ], [ 146.082385, 65.244223, 0.0 ], [ 146.083027, 65.244227, 0.0 ], [ 146.083036, 65.243958, 0.0 ], [ 146.083678, 65.243962, 0.0 ], [ 146.083688, 65.243693, 0.0 ], [ 146.08433, 65.243696, 0.0 ], [ 146.084339, 65.243427, 0.0 ], [ 146.084981, 65.243431, 0.0 ], [ 146.084999, 65.242893, 0.0 ], [ 146.085641, 65.242897, 0.0 ], [ 146.085651, 65.242628, 0.0 ], [ 146.086293, 65.242632, 0.0 ], [ 146.086302, 65.242362, 0.0 ], [ 146.086944, 65.242366, 0.0 ], [ 146.086953, 65.242097, 0.0 ], [ 146.087595, 65.242101, 0.0 ], [ 146.087614, 65.241563, 0.0 ], [ 146.088256, 65.241567, 0.0 ], [ 146.088265, 65.241298, 0.0 ], [ 146.088907, 65.241301, 0.0 ], [ 146.088925, 65.240763, 0.0 ], [ 146.089567, 65.240767, 0.0 ], [ 146.089576, 65.240498, 0.0 ], [ 146.090218, 65.240502, 0.0 ], [ 146.090227, 65.240233, 0.0 ], [ 146.090869, 65.240237, 0.0 ], [ 146.090888, 65.239698, 0.0 ], [ 146.09153, 65.239702, 0.0 ], [ 146.091548, 65.239164, 0.0 ], [ 146.09219, 65.239168, 0.0 ], [ 146.092209, 65.238629, 0.0 ], [ 146.09285, 65.238633, 0.0 ], [ 146.092869, 65.238095, 0.0 ], [ 146.093511, 65.238099, 0.0 ], [ 146.093529, 65.237561, 0.0 ], [ 146.094171, 65.237564, 0.0 ], [ 146.09418, 65.237295, 0.0 ], [ 146.094822, 65.237299, 0.0 ], [ 146.094831, 65.23703, 0.0 ], [ 146.095473, 65.237034, 0.0 ], [ 146.095491, 65.236496, 0.0 ], [ 146.096133, 65.2365, 0.0 ], [ 146.096161, 65.235692, 0.0 ], [ 146.096802, 65.235696, 0.0 ], [ 146.09683, 65.234889, 0.0 ], [ 146.097472, 65.234892, 0.0 ], [ 146.097481, 65.234623, 0.0 ], [ 146.098764, 65.234631, 0.0 ], [ 146.098773, 65.234362, 0.0 ], [ 146.099415, 65.234366, 0.0 ], [ 146.099424, 65.234096, 0.0 ], [ 146.098783, 65.234093, 0.0 ], [ 146.098801, 65.233554, 0.0 ], [ 146.098159, 65.23355, 0.0 ], [ 146.098168, 65.233281, 0.0 ], [ 146.09881, 65.233285, 0.0 ], [ 146.098883, 65.231132, 0.0 ], [ 146.099525, 65.231136, 0.0 ], [ 146.099543, 65.230598, 0.0 ], [ 146.100185, 65.230601, 0.0 ], [ 146.100222, 65.229525, 0.0 ], [ 146.100863, 65.229529, 0.0 ], [ 146.100872, 65.22926, 0.0 ], [ 146.101514, 65.229263, 0.0 ], [ 146.101551, 65.228187, 0.0 ], [ 146.102192, 65.228191, 0.0 ], [ 146.102201, 65.227922, 0.0 ], [ 146.103484, 65.227929, 0.0 ], [ 146.103503, 65.227391, 0.0 ], [ 146.102861, 65.227387, 0.0 ], [ 146.10287, 65.227118, 0.0 ], [ 146.102229, 65.227114, 0.0 ], [ 146.102274, 65.225768, 0.0 ], [ 146.102916, 65.225772, 0.0 ], [ 146.102934, 65.225234, 0.0 ], [ 146.103576, 65.225238, 0.0 ], [ 146.103585, 65.224969, 0.0 ], [ 146.104226, 65.224972, 0.0 ], [ 146.104235, 65.224703, 0.0 ], [ 146.104877, 65.224707, 0.0 ], [ 146.104895, 65.224169, 0.0 ], [ 146.105536, 65.224173, 0.0 ], [ 146.105546, 65.223904, 0.0 ], [ 146.106187, 65.223907, 0.0 ], [ 146.106196, 65.223638, 0.0 ], [ 146.106838, 65.223642, 0.0 ], [ 146.106847, 65.223373, 0.0 ], [ 146.110054, 65.223392, 0.0 ], [ 146.110063, 65.223123, 0.0 ], [ 146.110704, 65.223127, 0.0 ], [ 146.110714, 65.222857, 0.0 ], [ 146.111355, 65.222861, 0.0 ], [ 146.111364, 65.222592, 0.0 ], [ 146.112005, 65.222596, 0.0 ], [ 146.112014, 65.222327, 0.0 ], [ 146.112656, 65.22233, 0.0 ], [ 146.112674, 65.221792, 0.0 ], [ 146.112033, 65.221788, 0.0 ], [ 146.112078, 65.220443, 0.0 ], [ 146.112719, 65.220446, 0.0 ], [ 146.112734, 65.220001, 0.0 ], [ 146.112737, 65.219908, 0.0 ], [ 146.112442, 65.219906, 0.0 ], [ 146.112359, 65.219906, 0.0 ], [ 146.112096, 65.219904, 0.0 ], [ 146.112102, 65.219713, 0.0 ], [ 146.112105, 65.219635, 0.0 ], [ 146.111967, 65.219634, 0.0 ], [ 146.111845, 65.219634, 0.0 ], [ 146.111463, 65.219631, 0.0 ], [ 146.111472, 65.219362, 0.0 ], [ 146.110831, 65.219359, 0.0 ], [ 146.11084, 65.219089, 0.0 ], [ 146.110199, 65.219086, 0.0 ], [ 146.110208, 65.218816, 0.0 ], [ 146.109566, 65.218813, 0.0 ], [ 146.109575, 65.218543, 0.0 ], [ 146.108934, 65.21854, 0.0 ], [ 146.108952, 65.218001, 0.0 ], [ 146.108311, 65.217998, 0.0 ], [ 146.10832, 65.217728, 0.0 ], [ 146.10644, 65.217717, 0.0 ], [ 146.104351, 65.217705, 0.0 ], [ 146.0987, 65.217671, 0.0 ], [ 146.098699, 65.217695, 0.0 ], [ 146.098691, 65.21794, 0.0 ], [ 146.09805, 65.217936, 0.0 ], [ 146.098058, 65.217682, 0.0 ], [ 146.098059, 65.217667, 0.0 ], [ 146.097115, 65.217662, 0.0 ], [ 146.095493, 65.217652, 0.0 ], [ 146.095484, 65.217921, 0.0 ], [ 146.094202, 65.217913, 0.0 ], [ 146.094192, 65.218182, 0.0 ], [ 146.093551, 65.218179, 0.0 ], [ 146.093496, 65.219793, 0.0 ], [ 146.094779, 65.219801, 0.0 ], [ 146.094788, 65.219532, 0.0 ], [ 146.095429, 65.219536, 0.0 ], [ 146.09542, 65.219805, 0.0 ], [ 146.096061, 65.219809, 0.0 ], [ 146.096052, 65.220078, 0.0 ], [ 146.096693, 65.220082, 0.0 ], [ 146.096684, 65.220351, 0.0 ], [ 146.097326, 65.220355, 0.0 ], [ 146.097317, 65.220624, 0.0 ], [ 146.098599, 65.220632, 0.0 ], [ 146.09859, 65.220901, 0.0 ], [ 146.099232, 65.220905, 0.0 ], [ 146.099213, 65.221443, 0.0 ], [ 146.099855, 65.221447, 0.0 ], [ 146.099836, 65.221985, 0.0 ], [ 146.100478, 65.221989, 0.0 ], [ 146.100469, 65.222258, 0.0 ], [ 146.099827, 65.222254, 0.0 ], [ 146.099818, 65.222523, 0.0 ], [ 146.096611, 65.222504, 0.0 ], [ 146.09662, 65.222235, 0.0 ], [ 146.095979, 65.222231, 0.0 ], [ 146.095997, 65.221693, 0.0 ], [ 146.095356, 65.221689, 0.0 ], [ 146.095365, 65.22142, 0.0 ], [ 146.094723, 65.221416, 0.0 ], [ 146.094733, 65.221147, 0.0 ], [ 146.094091, 65.221143, 0.0 ], [ 146.0941, 65.220874, 0.0 ], [ 146.090893, 65.220854, 0.0 ], [ 146.090884, 65.221124, 0.0 ], [ 146.087677, 65.221104, 0.0 ], [ 146.087686, 65.220835, 0.0 ], [ 146.087045, 65.220831, 0.0 ], [ 146.087054, 65.220562, 0.0 ], [ 146.086413, 65.220558, 0.0 ], [ 146.086422, 65.220289, 0.0 ], [ 146.085781, 65.220285, 0.0 ], [ 146.08579, 65.220016, 0.0 ], [ 146.085149, 65.220012, 0.0 ], [ 146.085158, 65.219743, 0.0 ], [ 146.084517, 65.219739, 0.0 ], [ 146.084563, 65.218393, 0.0 ], [ 146.085204, 65.218397, 0.0 ], [ 146.085223, 65.217859, 0.0 ], [ 146.085864, 65.217863, 0.0 ], [ 146.085883, 65.217325, 0.0 ], [ 146.086524, 65.217328, 0.0 ], [ 146.086534, 65.217059, 0.0 ], [ 146.087175, 65.217063, 0.0 ], [ 146.087231, 65.215448, 0.0 ], [ 146.087872, 65.215452, 0.0 ], [ 146.0879, 65.214645, 0.0 ], [ 146.087258, 65.214641, 0.0 ], [ 146.087268, 65.214372, 0.0 ], [ 146.093039, 65.214407, 0.0 ], [ 146.093066, 65.213599, 0.0 ], [ 146.092425, 65.213595, 0.0 ], [ 146.092434, 65.213326, 0.0 ], [ 146.091152, 65.213319, 0.0 ], [ 146.091143, 65.213588, 0.0 ], [ 146.090502, 65.213584, 0.0 ], [ 146.090492, 65.213853, 0.0 ], [ 146.088569, 65.213841, 0.0 ], [ 146.088578, 65.213572, 0.0 ], [ 146.087937, 65.213568, 0.0 ], [ 146.087946, 65.213299, 0.0 ], [ 146.088587, 65.213303, 0.0 ], [ 146.088615, 65.212496, 0.0 ], [ 146.087974, 65.212492, 0.0 ], [ 146.087992, 65.211953, 0.0 ], [ 146.088633, 65.211957, 0.0 ], [ 146.088661, 65.21115, 0.0 ], [ 146.089137, 65.211153, 0.0 ], [ 146.089302, 65.211154, 0.0 ], [ 146.089317, 65.210738, 0.0 ], [ 146.089339, 65.210077, 0.0 ], [ 146.089679, 65.210079, 0.0 ], [ 146.089981, 65.210081, 0.0 ], [ 146.090027, 65.208735, 0.0 ], [ 146.089685, 65.208733, 0.0 ], [ 146.089386, 65.208731, 0.0 ], [ 146.089392, 65.208549, 0.0 ], [ 146.089404, 65.208193, 0.0 ], [ 146.088763, 65.208189, 0.0 ], [ 146.088772, 65.20792, 0.0 ], [ 146.088131, 65.207916, 0.0 ], [ 146.088141, 65.207647, 0.0 ], [ 146.087499, 65.207643, 0.0 ], [ 146.087509, 65.207374, 0.0 ], [ 146.086868, 65.20737, 0.0 ], [ 146.086877, 65.207101, 0.0 ], [ 146.084313, 65.207085, 0.0 ], [ 146.084303, 65.207355, 0.0 ], [ 146.081739, 65.207339, 0.0 ], [ 146.081748, 65.20707, 0.0 ], [ 146.079825, 65.207058, 0.0 ], [ 146.079835, 65.206789, 0.0 ], [ 146.079194, 65.206785, 0.0 ], [ 146.079203, 65.206516, 0.0 ], [ 146.078562, 65.206512, 0.0 ], [ 146.078571, 65.206243, 0.0 ], [ 146.077289, 65.206235, 0.0 ], [ 146.077298, 65.205966, 0.0 ], [ 146.076016, 65.205958, 0.0 ], [ 146.076026, 65.205689, 0.0 ], [ 146.074103, 65.205677, 0.0 ], [ 146.074093, 65.205946, 0.0 ], [ 146.073452, 65.205942, 0.0 ], [ 146.073443, 65.206211, 0.0 ], [ 146.072802, 65.206207, 0.0 ], [ 146.072792, 65.206476, 0.0 ], [ 146.072151, 65.206472, 0.0 ], [ 146.072142, 65.206742, 0.0 ], [ 146.071501, 65.206738, 0.0 ], [ 146.071491, 65.207007, 0.0 ], [ 146.07085, 65.207003, 0.0 ], [ 146.070841, 65.207272, 0.0 ], [ 146.069559, 65.207264, 0.0 ], [ 146.069553, 65.207432, 0.0 ], [ 146.069549, 65.207533, 0.0 ], [ 146.067968, 65.207523, 0.0 ], [ 146.066985, 65.207517, 0.0 ], [ 146.066976, 65.207786, 0.0 ], [ 146.066335, 65.207782, 0.0 ], [ 146.066325, 65.208052, 0.0 ], [ 146.065043, 65.208044, 0.0 ], [ 146.065052, 65.207774, 0.0 ], [ 146.064411, 65.20777, 0.0 ], [ 146.064421, 65.207501, 0.0 ], [ 146.063139, 65.207493, 0.0 ], [ 146.063148, 65.207224, 0.0 ], [ 146.059943, 65.207204, 0.0 ], [ 146.059905, 65.208281, 0.0 ], [ 146.060546, 65.208285, 0.0 ], [ 146.060527, 65.208823, 0.0 ], [ 146.059886, 65.208819, 0.0 ], [ 146.059866, 65.209357, 0.0 ], [ 146.060508, 65.209361, 0.0 ], [ 146.060488, 65.2099, 0.0 ], [ 146.06113, 65.209904, 0.0 ], [ 146.06112, 65.210173, 0.0 ], [ 146.061548, 65.210175, 0.0 ], [ 146.061761, 65.210177, 0.0 ], [ 146.061752, 65.210446, 0.0 ], [ 146.062393, 65.21045, 0.0 ], [ 146.062374, 65.210988, 0.0 ], [ 146.063656, 65.210996, 0.0 ], [ 146.063637, 65.211534, 0.0 ], [ 146.064278, 65.211538, 0.0 ], [ 146.064269, 65.211808, 0.0 ], [ 146.06491, 65.211812, 0.0 ], [ 146.0649, 65.212081, 0.0 ], [ 146.065542, 65.212085, 0.0 ], [ 146.065494, 65.21343, 0.0 ], [ 146.066135, 65.213434, 0.0 ], [ 146.066126, 65.213704, 0.0 ], [ 146.067408, 65.213711, 0.0 ], [ 146.067399, 65.213981, 0.0 ], [ 146.06804, 65.213985, 0.0 ], [ 146.068031, 65.214254, 0.0 ], [ 146.069313, 65.214262, 0.0 ], [ 146.069304, 65.214531, 0.0 ], [ 146.069945, 65.214535, 0.0 ], [ 146.069935, 65.214804, 0.0 ], [ 146.071859, 65.214816, 0.0 ], [ 146.07185, 65.215085, 0.0 ], [ 146.072491, 65.215089, 0.0 ], [ 146.072481, 65.215358, 0.0 ], [ 146.073123, 65.215362, 0.0 ], [ 146.073113, 65.215631, 0.0 ], [ 146.073755, 65.215635, 0.0 ], [ 146.073736, 65.216173, 0.0 ], [ 146.074377, 65.216177, 0.0 ], [ 146.074368, 65.216446, 0.0 ], [ 146.075009, 65.21645, 0.0 ], [ 146.075, 65.21672, 0.0 ], [ 146.075641, 65.216724, 0.0 ], [ 146.075613, 65.217531, 0.0 ], [ 146.074971, 65.217527, 0.0 ], [ 146.074962, 65.217796, 0.0 ], [ 146.073038, 65.217784, 0.0 ], [ 146.073029, 65.218053, 0.0 ], [ 146.070463, 65.218038, 0.0 ], [ 146.070454, 65.218307, 0.0 ], [ 146.065964, 65.218279, 0.0 ], [ 146.065974, 65.21801, 0.0 ], [ 146.064691, 65.218002, 0.0 ], [ 146.064701, 65.217733, 0.0 ], [ 146.062136, 65.217717, 0.0 ], [ 146.062145, 65.217448, 0.0 ], [ 146.061504, 65.217444, 0.0 ], [ 146.061523, 65.216905, 0.0 ], [ 146.06024, 65.216897, 0.0 ], [ 146.060212, 65.217705, 0.0 ], [ 146.05957, 65.217701, 0.0 ], [ 146.059561, 65.21797, 0.0 ], [ 146.057637, 65.217958, 0.0 ], [ 146.057627, 65.218227, 0.0 ], [ 146.056986, 65.218223, 0.0 ], [ 146.056976, 65.218492, 0.0 ], [ 146.056335, 65.218488, 0.0 ], [ 146.056277, 65.220103, 0.0 ], [ 146.056919, 65.220107, 0.0 ], [ 146.056909, 65.220376, 0.0 ], [ 146.058833, 65.220388, 0.0 ], [ 146.058824, 65.220657, 0.0 ], [ 146.060107, 65.220665, 0.0 ], [ 146.060116, 65.220396, 0.0 ], [ 146.06204, 65.220408, 0.0 ], [ 146.06205, 65.220139, 0.0 ], [ 146.062691, 65.220143, 0.0 ], [ 146.062701, 65.219874, 0.0 ], [ 146.063983, 65.219882, 0.0 ], [ 146.063974, 65.220151, 0.0 ], [ 146.065257, 65.220159, 0.0 ], [ 146.065247, 65.220428, 0.0 ], [ 146.06653, 65.220436, 0.0 ], [ 146.06652, 65.220705, 0.0 ], [ 146.067803, 65.220713, 0.0 ], [ 146.067794, 65.220982, 0.0 ], [ 146.069718, 65.220994, 0.0 ], [ 146.069727, 65.220725, 0.0 ], [ 146.072293, 65.220741, 0.0 ], [ 146.072283, 65.22101, 0.0 ], [ 146.074208, 65.221022, 0.0 ], [ 146.074198, 65.221291, 0.0 ], [ 146.075481, 65.221299, 0.0 ], [ 146.075472, 65.221568, 0.0 ], [ 146.076755, 65.221576, 0.0 ], [ 146.076745, 65.221845, 0.0 ], [ 146.077387, 65.221849, 0.0 ], [ 146.077377, 65.222118, 0.0 ], [ 146.07866, 65.222126, 0.0 ], [ 146.078651, 65.222395, 0.0 ], [ 146.079292, 65.222399, 0.0 ], [ 146.079283, 65.222668, 0.0 ], [ 146.079924, 65.222672, 0.0 ], [ 146.079915, 65.222941, 0.0 ], [ 146.080556, 65.222945, 0.0 ], [ 146.080547, 65.223214, 0.0 ], [ 146.081188, 65.223218, 0.0 ], [ 146.081179, 65.223487, 0.0 ], [ 146.08182, 65.223491, 0.0 ], [ 146.081811, 65.22376, 0.0 ], [ 146.083094, 65.223768, 0.0 ], [ 146.083085, 65.224037, 0.0 ], [ 146.083726, 65.224041, 0.0 ], [ 146.083717, 65.22431, 0.0 ], [ 146.084358, 65.224314, 0.0 ], [ 146.084349, 65.224584, 0.0 ], [ 146.084991, 65.224587, 0.0 ], [ 146.084981, 65.224857, 0.0 ], [ 146.085623, 65.22486, 0.0 ], [ 146.085595, 65.225668, 0.0 ], [ 146.086236, 65.225672, 0.0 ], [ 146.086227, 65.225941, 0.0 ], [ 146.086869, 65.225945, 0.0 ], [ 146.08685, 65.226483, 0.0 ], [ 146.087492, 65.226487, 0.0 ], [ 146.087454, 65.227564, 0.0 ], [ 146.088096, 65.227567, 0.0 ], [ 146.08805, 65.228913, 0.0 ], [ 146.087408, 65.228909, 0.0 ], [ 146.08738, 65.229717, 0.0 ], [ 146.086739, 65.229713, 0.0 ], [ 146.086729, 65.229982, 0.0 ], [ 146.086088, 65.229978, 0.0 ], [ 146.086078, 65.230247, 0.0 ], [ 146.085437, 65.230243, 0.0 ], [ 146.085446, 65.229974, 0.0 ], [ 146.084163, 65.229966, 0.0 ], [ 146.084154, 65.230236, 0.0 ], [ 146.083512, 65.230232, 0.0 ], [ 146.083475, 65.231308, 0.0 ], [ 146.082191, 65.2313, 0.0 ], [ 146.082201, 65.231031, 0.0 ], [ 146.080917, 65.231023, 0.0 ], [ 146.080927, 65.230754, 0.0 ], [ 146.079643, 65.230746, 0.0 ], [ 146.079653, 65.230477, 0.0 ], [ 146.079011, 65.230473, 0.0 ], [ 146.079021, 65.230204, 0.0 ], [ 146.078379, 65.2302, 0.0 ], [ 146.078435, 65.228585, 0.0 ], [ 146.077794, 65.228581, 0.0 ], [ 146.077831, 65.227505, 0.0 ], [ 146.076548, 65.227497, 0.0 ], [ 146.07651, 65.228574, 0.0 ], [ 146.075869, 65.22857, 0.0 ], [ 146.075859, 65.228839, 0.0 ], [ 146.072652, 65.228819, 0.0 ], [ 146.072661, 65.22855, 0.0 ], [ 146.071378, 65.228542, 0.0 ], [ 146.071387, 65.228273, 0.0 ], [ 146.070746, 65.228269, 0.0 ], [ 146.070783, 65.227192, 0.0 ], [ 146.071425, 65.227196, 0.0 ], [ 146.071463, 65.22612, 0.0 ], [ 146.070821, 65.226116, 0.0 ], [ 146.070831, 65.225847, 0.0 ], [ 146.070189, 65.225843, 0.0 ], [ 146.070211, 65.225209, 0.0 ], [ 146.070218, 65.225035, 0.0 ], [ 146.069576, 65.225031, 0.0 ], [ 146.069585, 65.224762, 0.0 ], [ 146.065817, 65.224739, 0.0 ], [ 146.065737, 65.224738, 0.0 ], [ 146.065737, 65.224729, 0.0 ], [ 146.065746, 65.224469, 0.0 ], [ 146.063317, 65.224454, 0.0 ], [ 146.06318, 65.224453, 0.0 ], [ 146.063181, 65.224436, 0.0 ], [ 146.06319, 65.224184, 0.0 ], [ 146.061602, 65.224174, 0.0 ], [ 146.059982, 65.224164, 0.0 ], [ 146.059973, 65.224433, 0.0 ], [ 146.059331, 65.224429, 0.0 ], [ 146.059322, 65.224698, 0.0 ], [ 146.05868, 65.224694, 0.0 ], [ 146.058671, 65.224963, 0.0 ], [ 146.058029, 65.224959, 0.0 ], [ 146.057991, 65.226036, 0.0 ], [ 146.057349, 65.226032, 0.0 ], [ 146.05734, 65.226301, 0.0 ], [ 146.056057, 65.226293, 0.0 ], [ 146.056038, 65.226831, 0.0 ], [ 146.058604, 65.226847, 0.0 ], [ 146.058594, 65.227117, 0.0 ], [ 146.059236, 65.227121, 0.0 ], [ 146.059226, 65.22739, 0.0 ], [ 146.059868, 65.227394, 0.0 ], [ 146.059858, 65.227663, 0.0 ], [ 146.0605, 65.227667, 0.0 ], [ 146.060509, 65.227398, 0.0 ], [ 146.061151, 65.227402, 0.0 ], [ 146.06116, 65.227133, 0.0 ], [ 146.062443, 65.227141, 0.0 ], [ 146.062434, 65.22741, 0.0 ], [ 146.063717, 65.227418, 0.0 ], [ 146.063707, 65.227687, 0.0 ], [ 146.064991, 65.227695, 0.0 ], [ 146.064981, 65.227964, 0.0 ], [ 146.065623, 65.227968, 0.0 ], [ 146.065613, 65.228237, 0.0 ], [ 146.062405, 65.228217, 0.0 ], [ 146.062396, 65.228486, 0.0 ], [ 146.063037, 65.22849, 0.0 ], [ 146.063018, 65.229029, 0.0 ], [ 146.06366, 65.229033, 0.0 ], [ 146.063641, 65.229571, 0.0 ], [ 146.064282, 65.229575, 0.0 ], [ 146.064273, 65.229844, 0.0 ], [ 146.064914, 65.229848, 0.0 ], [ 146.064905, 65.230117, 0.0 ], [ 146.065547, 65.230121, 0.0 ], [ 146.065537, 65.23039, 0.0 ], [ 146.066179, 65.230394, 0.0 ], [ 146.06616, 65.230932, 0.0 ], [ 146.066801, 65.230936, 0.0 ], [ 146.066792, 65.231206, 0.0 ], [ 146.067433, 65.23121, 0.0 ], [ 146.067424, 65.231479, 0.0 ], [ 146.068066, 65.231483, 0.0 ], [ 146.068056, 65.231752, 0.0 ], [ 146.068698, 65.231756, 0.0 ], [ 146.068688, 65.232025, 0.0 ], [ 146.06933, 65.232029, 0.0 ], [ 146.069321, 65.232298, 0.0 ], [ 146.069962, 65.232302, 0.0 ], [ 146.069953, 65.232571, 0.0 ], [ 146.070594, 65.232575, 0.0 ], [ 146.070576, 65.233113, 0.0 ], [ 146.071217, 65.233117, 0.0 ], [ 146.071208, 65.233387, 0.0 ], [ 146.071849, 65.23339, 0.0 ], [ 146.07184, 65.23366, 0.0 ], [ 146.076974, 65.233691, 0.0 ], [ 146.076964, 65.23396, 0.0 ], [ 146.078248, 65.233968, 0.0 ], [ 146.078238, 65.234237, 0.0 ], [ 146.080164, 65.234249, 0.0 ], [ 146.080154, 65.234518, 0.0 ], [ 146.080796, 65.234522, 0.0 ], [ 146.080768, 65.23533, 0.0 ], [ 146.080126, 65.235326, 0.0 ], [ 146.080107, 65.235864, 0.0 ], [ 146.079466, 65.23586, 0.0 ], [ 146.079456, 65.236129, 0.0 ], [ 146.080098, 65.236133, 0.0 ], [ 146.080079, 65.236671, 0.0 ], [ 146.079438, 65.236667, 0.0 ], [ 146.079419, 65.237206, 0.0 ], [ 146.078777, 65.237202, 0.0 ], [ 146.078768, 65.237471, 0.0 ], [ 146.078126, 65.237467, 0.0 ], [ 146.078107, 65.238005, 0.0 ], [ 146.077465, 65.238001, 0.0 ], [ 146.077456, 65.238271, 0.0 ], [ 146.076814, 65.238267, 0.0 ], [ 146.076795, 65.238805, 0.0 ], [ 146.076153, 65.238801, 0.0 ], [ 146.076144, 65.23907, 0.0 ], [ 146.075502, 65.239066, 0.0 ], [ 146.075493, 65.239335, 0.0 ], [ 146.074209, 65.239327, 0.0 ], [ 146.0742, 65.239597, 0.0 ], [ 146.073558, 65.239593, 0.0 ], [ 146.073548, 65.239862, 0.0 ], [ 146.072907, 65.239858, 0.0 ], [ 146.072897, 65.240127, 0.0 ], [ 146.072255, 65.240123, 0.0 ], [ 146.072246, 65.240392, 0.0 ], [ 146.071604, 65.240388, 0.0 ], [ 146.071595, 65.240657, 0.0 ], [ 146.070953, 65.240653, 0.0 ], [ 146.070943, 65.240922, 0.0 ], [ 146.070301, 65.240918, 0.0 ], [ 146.070292, 65.241188, 0.0 ], [ 146.069008, 65.24118, 0.0 ], [ 146.068999, 65.241449, 0.0 ], [ 146.068357, 65.241445, 0.0 ], [ 146.068347, 65.241714, 0.0 ], [ 146.067063, 65.241706, 0.0 ], [ 146.067054, 65.241975, 0.0 ], [ 146.066412, 65.241971, 0.0 ], [ 146.066403, 65.24224, 0.0 ], [ 146.065119, 65.242232, 0.0 ], [ 146.065109, 65.242501, 0.0 ], [ 146.063825, 65.242493, 0.0 ], [ 146.063816, 65.242763, 0.0 ], [ 146.063174, 65.242759, 0.0 ], [ 146.063164, 65.243028, 0.0 ], [ 146.061881, 65.24302, 0.0 ], [ 146.061871, 65.243289, 0.0 ], [ 146.059945, 65.243277, 0.0 ], [ 146.059936, 65.243546, 0.0 ], [ 146.05801, 65.243534, 0.0 ], [ 146.058, 65.243803, 0.0 ], [ 146.057358, 65.243799, 0.0 ], [ 146.057349, 65.244068, 0.0 ], [ 146.056065, 65.24406, 0.0 ], [ 146.056055, 65.244329, 0.0 ], [ 146.055413, 65.244325, 0.0 ], [ 146.055404, 65.244594, 0.0 ], [ 146.054762, 65.24459, 0.0 ], [ 146.054752, 65.24486, 0.0 ], [ 146.05411, 65.244856, 0.0 ], [ 146.0541, 65.245125, 0.0 ], [ 146.053458, 65.245121, 0.0 ], [ 146.053455, 65.245211, 0.0 ], [ 146.051519, 65.245471, 0.0 ], [ 146.051523, 65.245378, 0.0 ], [ 146.052165, 65.245382, 0.0 ], [ 146.052184, 65.244843, 0.0 ], [ 146.052826, 65.244847, 0.0 ], [ 146.052903, 65.242694, 0.0 ], [ 146.052261, 65.24269, 0.0 ], [ 146.05229, 65.241883, 0.0 ], [ 146.051648, 65.241879, 0.0 ], [ 146.051658, 65.24161, 0.0 ], [ 146.051016, 65.241606, 0.0 ], [ 146.051035, 65.241067, 0.0 ], [ 146.050393, 65.241063, 0.0 ], [ 146.050413, 65.240525, 0.0 ], [ 146.049771, 65.240521, 0.0 ], [ 146.049781, 65.240252, 0.0 ], [ 146.049139, 65.240248, 0.0 ], [ 146.049148, 65.239979, 0.0 ], [ 146.048507, 65.239975, 0.0 ], [ 146.048526, 65.239436, 0.0 ], [ 146.047884, 65.239432, 0.0 ], [ 146.047894, 65.239163, 0.0 ], [ 146.047252, 65.239159, 0.0 ], [ 146.047262, 65.23889, 0.0 ], [ 146.04662, 65.238886, 0.0 ], [ 146.046629, 65.238617, 0.0 ], [ 146.045988, 65.238613, 0.0 ], [ 146.045997, 65.238344, 0.0 ], [ 146.045356, 65.238339, 0.0 ], [ 146.045375, 65.237801, 0.0 ], [ 146.044733, 65.237797, 0.0 ], [ 146.044743, 65.237528, 0.0 ], [ 146.044101, 65.237524, 0.0 ], [ 146.04413, 65.236716, 0.0 ], [ 146.043489, 65.236712, 0.0 ], [ 146.043498, 65.236443, 0.0 ], [ 146.042856, 65.236439, 0.0 ], [ 146.042876, 65.235901, 0.0 ], [ 146.042234, 65.235897, 0.0 ], [ 146.042254, 65.235359, 0.0 ], [ 146.041612, 65.235354, 0.0 ], [ 146.041631, 65.234816, 0.0 ], [ 146.04099, 65.234812, 0.0 ], [ 146.041009, 65.234274, 0.0 ], [ 146.040367, 65.23427, 0.0 ], [ 146.040387, 65.233731, 0.0 ], [ 146.039745, 65.233727, 0.0 ], [ 146.039765, 65.233189, 0.0 ], [ 146.039123, 65.233185, 0.0 ], [ 146.039143, 65.232647, 0.0 ], [ 146.038501, 65.232643, 0.0 ], [ 146.038521, 65.232104, 0.0 ], [ 146.037879, 65.2321, 0.0 ], [ 146.037908, 65.231293, 0.0 ], [ 146.037267, 65.231289, 0.0 ], [ 146.037384, 65.228059, 0.0 ], [ 146.038026, 65.228063, 0.0 ], [ 146.038055, 65.227256, 0.0 ], [ 146.038697, 65.22726, 0.0 ], [ 146.038716, 65.226722, 0.0 ], [ 146.039358, 65.226726, 0.0 ], [ 146.039367, 65.226457, 0.0 ], [ 146.040009, 65.226461, 0.0 ], [ 146.040028, 65.225922, 0.0 ], [ 146.04067, 65.225926, 0.0 ], [ 146.04068, 65.225657, 0.0 ], [ 146.041321, 65.225661, 0.0 ], [ 146.041331, 65.225392, 0.0 ], [ 146.041972, 65.225396, 0.0 ], [ 146.041992, 65.224858, 0.0 ], [ 146.042633, 65.224862, 0.0 ], [ 146.042653, 65.224324, 0.0 ], [ 146.043294, 65.224328, 0.0 ], [ 146.043314, 65.22379, 0.0 ], [ 146.043955, 65.223794, 0.0 ], [ 146.043965, 65.223525, 0.0 ], [ 146.044606, 65.223529, 0.0 ], [ 146.044616, 65.22326, 0.0 ], [ 146.046541, 65.223272, 0.0 ], [ 146.04655, 65.223003, 0.0 ], [ 146.047192, 65.223007, 0.0 ], [ 146.047201, 65.222738, 0.0 ], [ 146.047843, 65.222742, 0.0 ], [ 146.047862, 65.222203, 0.0 ], [ 146.048504, 65.222207, 0.0 ], [ 146.048513, 65.221938, 0.0 ], [ 146.051079, 65.221955, 0.0 ], [ 146.051089, 65.221685, 0.0 ], [ 146.05173, 65.221689, 0.0 ], [ 146.05174, 65.22142, 0.0 ], [ 146.052381, 65.221424, 0.0 ], [ 146.0524, 65.220886, 0.0 ], [ 146.051759, 65.220882, 0.0 ], [ 146.051768, 65.220613, 0.0 ], [ 146.050486, 65.220605, 0.0 ], [ 146.050495, 65.220336, 0.0 ], [ 146.049854, 65.220332, 0.0 ], [ 146.049864, 65.220062, 0.0 ], [ 146.046015, 65.220038, 0.0 ], [ 146.046025, 65.219769, 0.0 ], [ 146.045384, 65.219765, 0.0 ], [ 146.045413, 65.218957, 0.0 ], [ 146.044772, 65.218953, 0.0 ], [ 146.044849, 65.2168, 0.0 ], [ 146.04549, 65.216804, 0.0 ], [ 146.0455, 65.216535, 0.0 ], [ 146.046141, 65.216539, 0.0 ], [ 146.046151, 65.21627, 0.0 ], [ 146.05064, 65.216299, 0.0 ], [ 146.05065, 65.216029, 0.0 ], [ 146.05578, 65.216062, 0.0 ], [ 146.05577, 65.216331, 0.0 ], [ 146.056412, 65.216335, 0.0 ], [ 146.056421, 65.216066, 0.0 ], [ 146.057063, 65.21607, 0.0 ], [ 146.057072, 65.215801, 0.0 ], [ 146.056431, 65.215797, 0.0 ], [ 146.05644, 65.215527, 0.0 ], [ 146.055158, 65.215519, 0.0 ], [ 146.055167, 65.21525, 0.0 ], [ 146.054526, 65.215246, 0.0 ], [ 146.054536, 65.214977, 0.0 ], [ 146.055177, 65.214981, 0.0 ], [ 146.055206, 65.214174, 0.0 ], [ 146.054565, 65.21417, 0.0 ], [ 146.054593, 65.213362, 0.0 ], [ 146.053952, 65.213358, 0.0 ], [ 146.053962, 65.213089, 0.0 ], [ 146.052679, 65.213081, 0.0 ], [ 146.052689, 65.212812, 0.0 ], [ 146.052048, 65.212808, 0.0 ], [ 146.052067, 65.21227, 0.0 ], [ 146.051426, 65.212266, 0.0 ], [ 146.051436, 65.211996, 0.0 ], [ 146.048871, 65.21198, 0.0 ], [ 146.048881, 65.211711, 0.0 ], [ 146.047598, 65.211703, 0.0 ], [ 146.047608, 65.211434, 0.0 ], [ 146.046967, 65.21143, 0.0 ], [ 146.046982, 65.210999, 0.0 ], [ 146.046996, 65.210622, 0.0 ], [ 146.045435, 65.210612, 0.0 ], [ 146.045072, 65.21061, 0.0 ], [ 146.045063, 65.210879, 0.0 ], [ 146.04378, 65.210871, 0.0 ], [ 146.043771, 65.21114, 0.0 ], [ 146.042779, 65.211134, 0.0 ], [ 146.042488, 65.211132, 0.0 ], [ 146.042484, 65.211263, 0.0 ], [ 146.042479, 65.211401, 0.0 ], [ 146.042239, 65.2114, 0.0 ], [ 146.041837, 65.211397, 0.0 ], [ 146.041827, 65.211678, 0.0 ], [ 146.041808, 65.212205, 0.0 ], [ 146.041167, 65.2122, 0.0 ], [ 146.041157, 65.21247, 0.0 ], [ 146.040529, 65.212466, 0.0 ], [ 146.040516, 65.212465, 0.0 ], [ 146.040516, 65.212472, 0.0 ], [ 146.040506, 65.212735, 0.0 ], [ 146.040082, 65.212732, 0.0 ], [ 146.039865, 65.212731, 0.0 ], [ 146.039859, 65.212913, 0.0 ], [ 146.039836, 65.213538, 0.0 ], [ 146.039195, 65.213534, 0.0 ], [ 146.039185, 65.213803, 0.0 ], [ 146.03809, 65.213796, 0.0 ], [ 146.037903, 65.213795, 0.0 ], [ 146.037901, 65.21385, 0.0 ], [ 146.037893, 65.214064, 0.0 ], [ 146.037252, 65.21406, 0.0 ], [ 146.037242, 65.214329, 0.0 ], [ 146.037883, 65.214333, 0.0 ], [ 146.037873, 65.214602, 0.0 ], [ 146.038514, 65.214606, 0.0 ], [ 146.038485, 65.215414, 0.0 ], [ 146.037844, 65.21541, 0.0 ], [ 146.037824, 65.215948, 0.0 ], [ 146.037183, 65.215944, 0.0 ], [ 146.037144, 65.21702, 0.0 ], [ 146.036503, 65.217016, 0.0 ], [ 146.036493, 65.217285, 0.0 ], [ 146.035852, 65.217281, 0.0 ], [ 146.035861, 65.217012, 0.0 ], [ 146.03522, 65.217008, 0.0 ], [ 146.035259, 65.215931, 0.0 ], [ 146.034618, 65.215927, 0.0 ], [ 146.034638, 65.215389, 0.0 ], [ 146.033996, 65.215385, 0.0 ], [ 146.034003, 65.215192, 0.0 ], [ 146.034006, 65.215116, 0.0 ], [ 146.033365, 65.215112, 0.0 ], [ 146.033355, 65.215381, 0.0 ], [ 146.032714, 65.215377, 0.0 ], [ 146.0327, 65.215768, 0.0 ], [ 146.032684, 65.216184, 0.0 ], [ 146.033326, 65.216188, 0.0 ], [ 146.033286, 65.217265, 0.0 ], [ 146.033928, 65.217269, 0.0 ], [ 146.033918, 65.217538, 0.0 ], [ 146.034559, 65.217542, 0.0 ], [ 146.03453, 65.21835, 0.0 ], [ 146.033888, 65.218345, 0.0 ], [ 146.033859, 65.219153, 0.0 ], [ 146.032576, 65.219145, 0.0 ], [ 146.032586, 65.218875, 0.0 ], [ 146.031303, 65.218867, 0.0 ], [ 146.031294, 65.219136, 0.0 ], [ 146.031935, 65.21914, 0.0 ], [ 146.031876, 65.220755, 0.0 ], [ 146.0338, 65.220768, 0.0 ], [ 146.03381, 65.220499, 0.0 ], [ 146.033168, 65.220494, 0.0 ], [ 146.033188, 65.219956, 0.0 ], [ 146.032547, 65.219952, 0.0 ], [ 146.032557, 65.219683, 0.0 ], [ 146.033198, 65.219687, 0.0 ], [ 146.033208, 65.219418, 0.0 ], [ 146.033849, 65.219422, 0.0 ], [ 146.033839, 65.219691, 0.0 ], [ 146.034481, 65.219695, 0.0 ], [ 146.034471, 65.219964, 0.0 ], [ 146.035112, 65.219969, 0.0 ], [ 146.035083, 65.220776, 0.0 ], [ 146.036366, 65.220784, 0.0 ], [ 146.036356, 65.221053, 0.0 ], [ 146.036997, 65.221057, 0.0 ], [ 146.036978, 65.221596, 0.0 ], [ 146.036336, 65.221592, 0.0 ], [ 146.036317, 65.22213, 0.0 ], [ 146.036958, 65.222134, 0.0 ], [ 146.036929, 65.222941, 0.0 ], [ 146.036287, 65.222937, 0.0 ], [ 146.036277, 65.223206, 0.0 ], [ 146.035636, 65.223202, 0.0 ], [ 146.035626, 65.223471, 0.0 ], [ 146.034985, 65.223467, 0.0 ], [ 146.034975, 65.223736, 0.0 ], [ 146.034333, 65.223732, 0.0 ], [ 146.034324, 65.224001, 0.0 ], [ 146.032399, 65.223989, 0.0 ], [ 146.032389, 65.224258, 0.0 ], [ 146.031106, 65.22425, 0.0 ], [ 146.031097, 65.224519, 0.0 ], [ 146.030455, 65.224515, 0.0 ], [ 146.030445, 65.224784, 0.0 ], [ 146.028521, 65.224772, 0.0 ], [ 146.028501, 65.22531, 0.0 ], [ 146.029143, 65.225314, 0.0 ], [ 146.029133, 65.225583, 0.0 ], [ 146.028491, 65.225579, 0.0 ], [ 146.028481, 65.225848, 0.0 ], [ 146.02784, 65.225844, 0.0 ], [ 146.02785, 65.225575, 0.0 ], [ 146.026567, 65.225567, 0.0 ], [ 146.026577, 65.225298, 0.0 ], [ 146.025935, 65.225293, 0.0 ], [ 146.026024, 65.222871, 0.0 ], [ 146.026666, 65.222875, 0.0 ], [ 146.026715, 65.22153, 0.0 ], [ 146.026074, 65.221525, 0.0 ], [ 146.026084, 65.221256, 0.0 ], [ 146.023518, 65.22124, 0.0 ], [ 146.023508, 65.221509, 0.0 ], [ 146.02291, 65.221505, 0.0 ], [ 146.022867, 65.221505, 0.0 ], [ 146.022865, 65.221546, 0.0 ], [ 146.022857, 65.221774, 0.0 ], [ 146.02251, 65.221772, 0.0 ], [ 146.022215, 65.22177, 0.0 ], [ 146.022209, 65.221946, 0.0 ], [ 146.022195, 65.222308, 0.0 ], [ 146.023478, 65.222316, 0.0 ], [ 146.023468, 65.222585, 0.0 ], [ 146.02411, 65.22259, 0.0 ], [ 146.02409, 65.223128, 0.0 ], [ 146.024731, 65.223132, 0.0 ], [ 146.024682, 65.224478, 0.0 ], [ 146.02404, 65.224473, 0.0 ], [ 146.024011, 65.225281, 0.0 ], [ 146.022086, 65.225268, 0.0 ], [ 146.022096, 65.224999, 0.0 ], [ 146.021455, 65.224995, 0.0 ], [ 146.021504, 65.223649, 0.0 ], [ 146.020863, 65.223645, 0.0 ], [ 146.020873, 65.223376, 0.0 ], [ 146.020231, 65.223372, 0.0 ], [ 146.020241, 65.223103, 0.0 ], [ 146.0196, 65.223099, 0.0 ], [ 146.01961, 65.222829, 0.0 ], [ 146.018968, 65.222825, 0.0 ], [ 146.018988, 65.222305, 0.0 ], [ 146.018988, 65.222287, 0.0 ], [ 146.018814, 65.222286, 0.0 ], [ 146.018347, 65.222283, 0.0 ], [ 146.018348, 65.222248, 0.0 ], [ 146.018357, 65.222014, 0.0 ], [ 146.015791, 65.221997, 0.0 ], [ 146.015781, 65.222266, 0.0 ], [ 146.014498, 65.222258, 0.0 ], [ 146.014488, 65.222527, 0.0 ], [ 146.013847, 65.222523, 0.0 ], [ 146.013821, 65.223211, 0.0 ], [ 146.013807, 65.223599, 0.0 ], [ 146.013295, 65.223596, 0.0 ], [ 146.013165, 65.223595, 0.0 ], [ 146.013162, 65.223687, 0.0 ], [ 146.013145, 65.224133, 0.0 ], [ 146.01507, 65.224146, 0.0 ], [ 146.01506, 65.224415, 0.0 ], [ 146.015701, 65.224419, 0.0 ], [ 146.015651, 65.225765, 0.0 ], [ 146.01501, 65.225761, 0.0 ], [ 146.01499, 65.226299, 0.0 ], [ 146.015631, 65.226303, 0.0 ], [ 146.015621, 65.226572, 0.0 ], [ 146.01498, 65.226568, 0.0 ], [ 146.01496, 65.227106, 0.0 ], [ 146.014318, 65.227102, 0.0 ], [ 146.014308, 65.227371, 0.0 ], [ 146.013667, 65.227367, 0.0 ], [ 146.013576, 65.229789, 0.0 ], [ 146.012935, 65.229785, 0.0 ], [ 146.012925, 65.230054, 0.0 ], [ 146.011, 65.230042, 0.0 ], [ 146.01101, 65.229772, 0.0 ], [ 146.00716, 65.229747, 0.0 ], [ 146.00715, 65.230016, 0.0 ], [ 146.005867, 65.230008, 0.0 ], [ 146.005847, 65.230546, 0.0 ], [ 146.005205, 65.230542, 0.0 ], [ 146.005195, 65.230811, 0.0 ], [ 146.004553, 65.230807, 0.0 ], [ 146.004533, 65.231345, 0.0 ], [ 146.005175, 65.231349, 0.0 ], [ 146.005165, 65.231618, 0.0 ], [ 146.006448, 65.231627, 0.0 ], [ 146.006428, 65.232165, 0.0 ], [ 146.008353, 65.232178, 0.0 ], [ 146.008363, 65.231909, 0.0 ], [ 146.009646, 65.231917, 0.0 ], [ 146.009656, 65.231648, 0.0 ], [ 146.010939, 65.231656, 0.0 ], [ 146.01095, 65.231387, 0.0 ], [ 146.012233, 65.231396, 0.0 ], [ 146.012243, 65.231126, 0.0 ], [ 146.012884, 65.231131, 0.0 ], [ 146.012894, 65.230862, 0.0 ], [ 146.014178, 65.23087, 0.0 ], [ 146.014188, 65.230601, 0.0 ], [ 146.015471, 65.230609, 0.0 ], [ 146.015481, 65.23034, 0.0 ], [ 146.019331, 65.230365, 0.0 ], [ 146.019341, 65.230096, 0.0 ], [ 146.021266, 65.230109, 0.0 ], [ 146.021256, 65.230378, 0.0 ], [ 146.022539, 65.230386, 0.0 ], [ 146.022529, 65.230655, 0.0 ], [ 146.02317, 65.230659, 0.0 ], [ 146.023161, 65.230929, 0.0 ], [ 146.023802, 65.230933, 0.0 ], [ 146.023792, 65.231202, 0.0 ], [ 146.024434, 65.231206, 0.0 ], [ 146.024424, 65.231475, 0.0 ], [ 146.025066, 65.231479, 0.0 ], [ 146.025056, 65.231748, 0.0 ], [ 146.025697, 65.231753, 0.0 ], [ 146.025678, 65.232291, 0.0 ], [ 146.026319, 65.232295, 0.0 ], [ 146.026299, 65.232833, 0.0 ], [ 146.026941, 65.232837, 0.0 ], [ 146.026921, 65.233376, 0.0 ], [ 146.027563, 65.23338, 0.0 ], [ 146.027553, 65.233649, 0.0 ], [ 146.028195, 65.233653, 0.0 ], [ 146.028175, 65.234191, 0.0 ], [ 146.028817, 65.234196, 0.0 ], [ 146.028807, 65.234465, 0.0 ], [ 146.029449, 65.234469, 0.0 ], [ 146.029429, 65.235007, 0.0 ], [ 146.030071, 65.235011, 0.0 ], [ 146.030061, 65.23528, 0.0 ], [ 146.030702, 65.235285, 0.0 ], [ 146.030693, 65.235554, 0.0 ], [ 146.031334, 65.235558, 0.0 ], [ 146.031315, 65.236096, 0.0 ], [ 146.031956, 65.2361, 0.0 ], [ 146.031946, 65.236369, 0.0 ], [ 146.032588, 65.236374, 0.0 ], [ 146.032578, 65.236643, 0.0 ], [ 146.03322, 65.236647, 0.0 ], [ 146.03321, 65.236916, 0.0 ], [ 146.035777, 65.236932, 0.0 ], [ 146.035758, 65.237471, 0.0 ], [ 146.0364, 65.237475, 0.0 ], [ 146.03639, 65.237744, 0.0 ], [ 146.035748, 65.23774, 0.0 ], [ 146.035738, 65.238009, 0.0 ], [ 146.03638, 65.238013, 0.0 ], [ 146.03636, 65.238551, 0.0 ], [ 146.037002, 65.238555, 0.0 ], [ 146.036992, 65.238825, 0.0 ], [ 146.037634, 65.238829, 0.0 ], [ 146.037615, 65.239367, 0.0 ], [ 146.038256, 65.239371, 0.0 ], [ 146.038247, 65.23964, 0.0 ], [ 146.038889, 65.239644, 0.0 ], [ 146.038879, 65.239913, 0.0 ], [ 146.039521, 65.239918, 0.0 ], [ 146.039511, 65.240187, 0.0 ], [ 146.040153, 65.240191, 0.0 ], [ 146.040143, 65.24046, 0.0 ], [ 146.040785, 65.240464, 0.0 ], [ 146.040775, 65.240733, 0.0 ], [ 146.041417, 65.240737, 0.0 ], [ 146.041407, 65.241006, 0.0 ], [ 146.042049, 65.24101, 0.0 ], [ 146.042039, 65.24128, 0.0 ], [ 146.042681, 65.241284, 0.0 ], [ 146.042671, 65.241553, 0.0 ], [ 146.043313, 65.241557, 0.0 ], [ 146.043304, 65.241826, 0.0 ], [ 146.043946, 65.24183, 0.0 ], [ 146.043926, 65.242368, 0.0 ], [ 146.044568, 65.242372, 0.0 ], [ 146.044558, 65.242642, 0.0 ], [ 146.0452, 65.242646, 0.0 ], [ 146.045181, 65.243184, 0.0 ], [ 146.045823, 65.243188, 0.0 ], [ 146.045745, 65.245341, 0.0 ], [ 146.045103, 65.245337, 0.0 ], [ 146.045084, 65.245875, 0.0 ], [ 146.044442, 65.245871, 0.0 ], [ 146.044422, 65.24641, 0.0 ], [ 146.04378, 65.246405, 0.0 ], [ 146.043761, 65.246944, 0.0 ], [ 146.043119, 65.24694, 0.0 ], [ 146.043109, 65.247209, 0.0 ], [ 146.042467, 65.247205, 0.0 ], [ 146.042451, 65.247656, 0.0 ], [ 146.042133, 65.247741, 0.0 ], [ 146.041805, 65.247739, 0.0 ], [ 146.041802, 65.24783, 0.0 ], [ 146.041154, 65.248004, 0.0 ], [ 146.040542, 65.248269, 0.0 ], [ 146.040502, 65.248269, 0.0 ], [ 146.040501, 65.248287, 0.0 ], [ 146.03993, 65.248535, 0.0 ], [ 146.03985, 65.248534, 0.0 ], [ 146.039849, 65.24857, 0.0 ], [ 146.039319, 65.2488, 0.0 ], [ 146.039198, 65.248799, 0.0 ], [ 146.039196, 65.248853, 0.0 ], [ 146.037265, 65.24969, 0.0 ], [ 146.033099, 65.252114, 0.0 ], [ 146.029318, 65.255109, 0.0 ], [ 146.02804, 65.256583, 0.0 ], [ 146.027467, 65.257377, 0.0 ], [ 146.029084, 65.257786, 0.0 ], [ 146.031395, 65.257801, 0.0 ], [ 146.033428, 65.257985, 0.0 ], [ 146.035605, 65.257942, 0.0 ], [ 146.037789, 65.257728, 0.0 ], [ 146.039577, 65.25717, 0.0 ], [ 146.042477, 65.255935, 0.0 ], [ 146.043595, 65.255087, 0.0 ], [ 146.047877, 65.253234, 0.0 ], [ 146.052585, 65.251576, 0.0 ], [ 146.052595, 65.251307, 0.0 ] ], [ [ 146.017546, 65.226585, 0.0 ], [ 146.017556, 65.226316, 0.0 ], [ 146.016914, 65.226311, 0.0 ], [ 146.016944, 65.225504, 0.0 ], [ 146.017586, 65.225508, 0.0 ], [ 146.017606, 65.22497, 0.0 ], [ 146.016964, 65.224966, 0.0 ], [ 146.016974, 65.224697, 0.0 ], [ 146.018257, 65.224705, 0.0 ], [ 146.018247, 65.224974, 0.0 ], [ 146.018889, 65.224978, 0.0 ], [ 146.018879, 65.225247, 0.0 ], [ 146.020162, 65.225256, 0.0 ], [ 146.020152, 65.225525, 0.0 ], [ 146.020793, 65.225529, 0.0 ], [ 146.020783, 65.225798, 0.0 ], [ 146.021425, 65.225802, 0.0 ], [ 146.021405, 65.226341, 0.0 ], [ 146.022046, 65.226345, 0.0 ], [ 146.022036, 65.226614, 0.0 ], [ 146.021395, 65.22661, 0.0 ], [ 146.021385, 65.226879, 0.0 ], [ 146.018819, 65.226862, 0.0 ], [ 146.018829, 65.226593, 0.0 ], [ 146.017546, 65.226585, 0.0 ] ], [ [ 146.078403, 65.211087, 0.0 ], [ 146.078393, 65.211356, 0.0 ], [ 146.07647, 65.211345, 0.0 ], [ 146.076479, 65.211075, 0.0 ], [ 146.075838, 65.211072, 0.0 ], [ 146.075876, 65.209995, 0.0 ], [ 146.073311, 65.209979, 0.0 ], [ 146.07332, 65.20971, 0.0 ], [ 146.072679, 65.209706, 0.0 ], [ 146.072698, 65.209168, 0.0 ], [ 146.074622, 65.20918, 0.0 ], [ 146.074612, 65.209449, 0.0 ], [ 146.075253, 65.209453, 0.0 ], [ 146.075244, 65.209722, 0.0 ], [ 146.075885, 65.209726, 0.0 ], [ 146.075894, 65.209457, 0.0 ], [ 146.076535, 65.209461, 0.0 ], [ 146.076545, 65.209192, 0.0 ], [ 146.077827, 65.209199, 0.0 ], [ 146.077818, 65.209469, 0.0 ], [ 146.078459, 65.209472, 0.0 ], [ 146.078449, 65.209742, 0.0 ], [ 146.079091, 65.209746, 0.0 ], [ 146.079081, 65.210015, 0.0 ], [ 146.079722, 65.210019, 0.0 ], [ 146.079713, 65.210288, 0.0 ], [ 146.080354, 65.210292, 0.0 ], [ 146.080335, 65.21083, 0.0 ], [ 146.079694, 65.210826, 0.0 ], [ 146.079685, 65.211095, 0.0 ], [ 146.078403, 65.211087, 0.0 ] ], [ [ 146.103803, 65.218509, 0.0 ], [ 146.104445, 65.218513, 0.0 ], [ 146.104454, 65.218244, 0.0 ], [ 146.105736, 65.218252, 0.0 ], [ 146.105691, 65.219597, 0.0 ], [ 146.104408, 65.21959, 0.0 ], [ 146.104426, 65.219051, 0.0 ], [ 146.103785, 65.219047, 0.0 ], [ 146.103803, 65.218509, 0.0 ] ], [ [ 146.023872, 65.229049, 0.0 ], [ 146.023882, 65.22878, 0.0 ], [ 146.024523, 65.228784, 0.0 ], [ 146.024513, 65.229053, 0.0 ], [ 146.023872, 65.229049, 0.0 ] ], [ [ 146.025155, 65.229057, 0.0 ], [ 146.025145, 65.229326, 0.0 ], [ 146.024503, 65.229322, 0.0 ], [ 146.024513, 65.229053, 0.0 ], [ 146.025155, 65.229057, 0.0 ] ] ] } },
{ "type": "Feature", "properties": { "rgi_id": "RGI2000-v7.0-G-10-00730", "o1region": "10", "o2region": "10-03", "glims_id": "G146102E65254N", "anlys_id": 423839, "subm_id": 636, "src_date": "2013-08-12T00:00:00", "cenlon": 146.10168568822115, "cenlat": 65.2525745, "utm_zone": 55, "area_km2": 0.46115373647748598, "primeclass": 0, "conn_lvl": 0, "surge_type": 0, "term_type": 9, "glac_name": "40", "is_rgi6": 1, "termlon": 146.09488362379389, "termlat": 65.254259365050231, "zmin_m": 2156.0017, "zmax_m": 2555.5994, "zmed_m": 2282.844, "zmean_m": 2320.0715, "slope_deg": 19.624062, "aspect_deg": 313.27503204345703, "aspect_sec": 8, "dem_source": "COPDEM30", "lmax_m": 989 }, "geometry": { "type": "Polygon", "coordinates": [ [ [ 146.108921, 65.257035, 0.0 ], [ 146.108931, 65.256766, 0.0 ], [ 146.109573, 65.256769, 0.0 ], [ 146.109582, 65.2565, 0.0 ], [ 146.110224, 65.256504, 0.0 ], [ 146.110233, 65.256235, 0.0 ], [ 146.110875, 65.256239, 0.0 ], [ 146.110921, 65.254893, 0.0 ], [ 146.10771, 65.254874, 0.0 ], [ 146.107719, 65.254605, 0.0 ], [ 146.106434, 65.254597, 0.0 ], [ 146.106443, 65.254328, 0.0 ], [ 146.105159, 65.25432, 0.0 ], [ 146.105168, 65.254051, 0.0 ], [ 146.104957, 65.25405, 0.0 ], [ 146.103241, 65.25404, 0.0 ], [ 146.103251, 65.253771, 0.0 ], [ 146.102608, 65.253767, 0.0 ], [ 146.102627, 65.253229, 0.0 ], [ 146.103269, 65.253232, 0.0 ], [ 146.103278, 65.252963, 0.0 ], [ 146.105204, 65.252975, 0.0 ], [ 146.105214, 65.252706, 0.0 ], [ 146.105616, 65.252708, 0.0 ], [ 146.105856, 65.252709, 0.0 ], [ 146.105863, 65.252501, 0.0 ], [ 146.105865, 65.25244, 0.0 ], [ 146.10593, 65.252441, 0.0 ], [ 146.106507, 65.252444, 0.0 ], [ 146.106543, 65.251367, 0.0 ], [ 146.107186, 65.251371, 0.0 ], [ 146.107204, 65.250833, 0.0 ], [ 146.106562, 65.250829, 0.0 ], [ 146.106589, 65.250022, 0.0 ], [ 146.107231, 65.250026, 0.0 ], [ 146.107275, 65.248722, 0.0 ], [ 146.107276, 65.24868, 0.0 ], [ 146.106634, 65.248676, 0.0 ], [ 146.106662, 65.247869, 0.0 ], [ 146.10602, 65.247865, 0.0 ], [ 146.106029, 65.247596, 0.0 ], [ 146.104745, 65.247588, 0.0 ], [ 146.104754, 65.247319, 0.0 ], [ 146.102828, 65.247307, 0.0 ], [ 146.102818, 65.247577, 0.0 ], [ 146.102176, 65.247573, 0.0 ], [ 146.102174, 65.247656, 0.0 ], [ 146.102167, 65.247842, 0.0 ], [ 146.101525, 65.247838, 0.0 ], [ 146.101516, 65.248107, 0.0 ], [ 146.100874, 65.248103, 0.0 ], [ 146.100847, 65.248911, 0.0 ], [ 146.100204, 65.248907, 0.0 ], [ 146.10014, 65.250791, 0.0 ], [ 146.099498, 65.250787, 0.0 ], [ 146.099471, 65.251595, 0.0 ], [ 146.098829, 65.251591, 0.0 ], [ 146.098819, 65.25186, 0.0 ], [ 146.098177, 65.251856, 0.0 ], [ 146.098159, 65.252394, 0.0 ], [ 146.097517, 65.25239, 0.0 ], [ 146.097508, 65.25266, 0.0 ], [ 146.095581, 65.252648, 0.0 ], [ 146.095572, 65.252917, 0.0 ], [ 146.09493, 65.252913, 0.0 ], [ 146.094828, 65.255874, 0.0 ], [ 146.095471, 65.255878, 0.0 ], [ 146.095461, 65.256147, 0.0 ], [ 146.096104, 65.256151, 0.0 ], [ 146.096094, 65.25642, 0.0 ], [ 146.096737, 65.256424, 0.0 ], [ 146.096727, 65.256693, 0.0 ], [ 146.098012, 65.256701, 0.0 ], [ 146.098003, 65.25697, 0.0 ], [ 146.09993, 65.256981, 0.0 ], [ 146.099939, 65.256712, 0.0 ], [ 146.100581, 65.256716, 0.0 ], [ 146.10059, 65.256447, 0.0 ], [ 146.102517, 65.256458, 0.0 ], [ 146.102508, 65.256727, 0.0 ], [ 146.10315, 65.256731, 0.0 ], [ 146.103123, 65.257539, 0.0 ], [ 146.103765, 65.257542, 0.0 ], [ 146.103756, 65.257812, 0.0 ], [ 146.104398, 65.257815, 0.0 ], [ 146.104407, 65.257546, 0.0 ], [ 146.106334, 65.257558, 0.0 ], [ 146.106343, 65.257289, 0.0 ], [ 146.106765, 65.257291, 0.0 ], [ 146.107628, 65.257296, 0.0 ], [ 146.107637, 65.257027, 0.0 ], [ 146.108921, 65.257035, 0.0 ] ] ] } },
{ "type": "Feature", "properties": { "rgi_id": "RGI2000-v7.0-G-10-00731", "o1region": "10", "o2region": "10-03", "glims_id": "G146091E65272N", "anlys_id": 423836, "subm_id": 636, "src_date": "2013-08-12T00:00:00", "cenlon": 146.09398222026022, "cenlat": 65.271184, "utm_zone": 55, "area_km2": 1.2222353246894611, "primeclass": 0, "conn_lvl": 0, "surge_type": 0, "term_type": 9, "glac_name": "31", "is_rgi6": 1, "termlon": 146.07400749248589, "termlat": 65.281765052816553, "zmin_m": 1909.8436, "zmax_m": 2516.0981, "zmed_m": 2218.0708, "zmean_m": 2204.6965, "slope_deg": 15.136216, "aspect_deg": 354.96842908859253, "aspect_sec": 1, "dem_source": "COPDEM30", "lmax_m": 2482 }, "geometry": { "type": "Polygon", "coordinates": [ [ [ 146.075933, 65.281871, 0.0 ], [ 146.075942, 65.281602, 0.0 ], [ 146.076585, 65.281606, 0.0 ], [ 146.076594, 65.281337, 0.0 ], [ 146.077237, 65.281341, 0.0 ], [ 146.077247, 65.281072, 0.0 ], [ 146.078532, 65.281079, 0.0 ], [ 146.078542, 65.28081, 0.0 ], [ 146.079185, 65.280814, 0.0 ], [ 146.079194, 65.280545, 0.0 ], [ 146.079837, 65.280549, 0.0 ], [ 146.079846, 65.28028, 0.0 ], [ 146.081132, 65.280288, 0.0 ], [ 146.081141, 65.280019, 0.0 ], [ 146.081784, 65.280023, 0.0 ], [ 146.081794, 65.279753, 0.0 ], [ 146.083079, 65.279761, 0.0 ], [ 146.083089, 65.279492, 0.0 ], [ 146.083731, 65.279496, 0.0 ], [ 146.083741, 65.279227, 0.0 ], [ 146.085026, 65.279235, 0.0 ], [ 146.085036, 65.278966, 0.0 ], [ 146.085678, 65.278969, 0.0 ], [ 146.085688, 65.2787, 0.0 ], [ 146.086331, 65.278704, 0.0 ], [ 146.08634, 65.278435, 0.0 ], [ 146.087625, 65.278443, 0.0 ], [ 146.087635, 65.278174, 0.0 ], [ 146.088278, 65.278178, 0.0 ], [ 146.088287, 65.277908, 0.0 ], [ 146.08893, 65.277912, 0.0 ], [ 146.088948, 65.277374, 0.0 ], [ 146.089591, 65.277378, 0.0 ], [ 146.0896, 65.277109, 0.0 ], [ 146.090243, 65.277113, 0.0 ], [ 146.090262, 65.276574, 0.0 ], [ 146.090904, 65.276578, 0.0 ], [ 146.090923, 65.27604, 0.0 ], [ 146.091566, 65.276044, 0.0 ], [ 146.091575, 65.275775, 0.0 ], [ 146.092218, 65.275779, 0.0 ], [ 146.092227, 65.275509, 0.0 ], [ 146.09287, 65.275513, 0.0 ], [ 146.092879, 65.275244, 0.0 ], [ 146.093522, 65.275248, 0.0 ], [ 146.093531, 65.274979, 0.0 ], [ 146.094173, 65.274983, 0.0 ], [ 146.094192, 65.274445, 0.0 ], [ 146.094835, 65.274448, 0.0 ], [ 146.094844, 65.274179, 0.0 ], [ 146.095487, 65.274183, 0.0 ], [ 146.095505, 65.273645, 0.0 ], [ 146.096148, 65.273649, 0.0 ], [ 146.096157, 65.27338, 0.0 ], [ 146.0968, 65.273383, 0.0 ], [ 146.096827, 65.272576, 0.0 ], [ 146.09747, 65.27258, 0.0 ], [ 146.097488, 65.272042, 0.0 ], [ 146.098131, 65.272045, 0.0 ], [ 146.09814, 65.271776, 0.0 ], [ 146.098783, 65.27178, 0.0 ], [ 146.098819, 65.270704, 0.0 ], [ 146.099462, 65.270707, 0.0 ], [ 146.099471, 65.270438, 0.0 ], [ 146.100114, 65.270442, 0.0 ], [ 146.100123, 65.270173, 0.0 ], [ 146.102051, 65.270184, 0.0 ], [ 146.102087, 65.269108, 0.0 ], [ 146.10273, 65.269112, 0.0 ], [ 146.102748, 65.268573, 0.0 ], [ 146.103391, 65.268577, 0.0 ], [ 146.103409, 65.268039, 0.0 ], [ 146.104052, 65.268043, 0.0 ], [ 146.104106, 65.266428, 0.0 ], [ 146.104749, 65.266432, 0.0 ], [ 146.104758, 65.266163, 0.0 ], [ 146.1054, 65.266166, 0.0 ], [ 146.10541, 65.265897, 0.0 ], [ 146.106052, 65.265901, 0.0 ], [ 146.106061, 65.265632, 0.0 ], [ 146.106704, 65.265636, 0.0 ], [ 146.106731, 65.264828, 0.0 ], [ 146.107373, 65.264832, 0.0 ], [ 146.107382, 65.264563, 0.0 ], [ 146.107615, 65.264564, 0.0 ], [ 146.108025, 65.264567, 0.0 ], [ 146.108043, 65.264029, 0.0 ], [ 146.107401, 65.264025, 0.0 ], [ 146.107428, 65.263217, 0.0 ], [ 146.106785, 65.263214, 0.0 ], [ 146.106795, 65.262944, 0.0 ], [ 146.106152, 65.262941, 0.0 ], [ 146.106161, 65.262671, 0.0 ], [ 146.105519, 65.262668, 0.0 ], [ 146.105537, 65.262129, 0.0 ], [ 146.104895, 65.262126, 0.0 ], [ 146.104912, 65.261603, 0.0 ], [ 146.104922, 65.261318, 0.0 ], [ 146.10428, 65.261314, 0.0 ], [ 146.104289, 65.261045, 0.0 ], [ 146.10328, 65.261039, 0.0 ], [ 146.103004, 65.261037, 0.0 ], [ 146.103008, 65.260919, 0.0 ], [ 146.103013, 65.260768, 0.0 ], [ 146.101764, 65.260761, 0.0 ], [ 146.101524, 65.260759, 0.0 ], [ 146.098517, 65.260741, 0.0 ], [ 146.098507, 65.26101, 0.0 ], [ 146.098507, 65.261011, 0.0 ], [ 146.098503, 65.261011, 0.0 ], [ 146.097223, 65.261003, 0.0 ], [ 146.097213, 65.261272, 0.0 ], [ 146.096571, 65.261268, 0.0 ], [ 146.096567, 65.261394, 0.0 ], [ 146.096562, 65.261537, 0.0 ], [ 146.094943, 65.261528, 0.0 ], [ 146.094635, 65.261526, 0.0 ], [ 146.094631, 65.261642, 0.0 ], [ 146.094625, 65.261795, 0.0 ], [ 146.094217, 65.261792, 0.0 ], [ 146.093983, 65.261791, 0.0 ], [ 146.09398, 65.261878, 0.0 ], [ 146.093965, 65.262329, 0.0 ], [ 146.093322, 65.262325, 0.0 ], [ 146.093295, 65.263133, 0.0 ], [ 146.09201, 65.263125, 0.0 ], [ 146.092019, 65.262856, 0.0 ], [ 146.090734, 65.262848, 0.0 ], [ 146.090725, 65.263117, 0.0 ], [ 146.090082, 65.263114, 0.0 ], [ 146.090064, 65.263652, 0.0 ], [ 146.090706, 65.263656, 0.0 ], [ 146.090697, 65.263925, 0.0 ], [ 146.09134, 65.263929, 0.0 ], [ 146.091321, 65.264467, 0.0 ], [ 146.091963, 65.264471, 0.0 ], [ 146.091954, 65.26474, 0.0 ], [ 146.092597, 65.264744, 0.0 ], [ 146.092569, 65.265551, 0.0 ], [ 146.090641, 65.26554, 0.0 ], [ 146.090651, 65.265271, 0.0 ], [ 146.090008, 65.265267, 0.0 ], [ 146.090018, 65.264997, 0.0 ], [ 146.089375, 65.264994, 0.0 ], [ 146.089384, 65.264724, 0.0 ], [ 146.088099, 65.264717, 0.0 ], [ 146.088053, 65.266062, 0.0 ], [ 146.08998, 65.266074, 0.0 ], [ 146.089971, 65.266343, 0.0 ], [ 146.090614, 65.266347, 0.0 ], [ 146.090577, 65.267424, 0.0 ], [ 146.091219, 65.267428, 0.0 ], [ 146.091191, 65.268235, 0.0 ], [ 146.090549, 65.268231, 0.0 ], [ 146.09053, 65.268769, 0.0 ], [ 146.089888, 65.268765, 0.0 ], [ 146.089869, 65.269304, 0.0 ], [ 146.090512, 65.269308, 0.0 ], [ 146.090475, 65.270384, 0.0 ], [ 146.089832, 65.27038, 0.0 ], [ 146.089814, 65.270919, 0.0 ], [ 146.089171, 65.270915, 0.0 ], [ 146.089152, 65.271453, 0.0 ], [ 146.08851, 65.271449, 0.0 ], [ 146.088491, 65.271987, 0.0 ], [ 146.087849, 65.271983, 0.0 ], [ 146.08783, 65.272522, 0.0 ], [ 146.087187, 65.272518, 0.0 ], [ 146.087169, 65.273056, 0.0 ], [ 146.086526, 65.273052, 0.0 ], [ 146.086517, 65.273321, 0.0 ], [ 146.085874, 65.273317, 0.0 ], [ 146.085865, 65.273587, 0.0 ], [ 146.085222, 65.273583, 0.0 ], [ 146.085213, 65.273852, 0.0 ], [ 146.08457, 65.273848, 0.0 ], [ 146.084561, 65.274117, 0.0 ], [ 146.083918, 65.274113, 0.0 ], [ 146.083909, 65.274382, 0.0 ], [ 146.083266, 65.274378, 0.0 ], [ 146.083257, 65.274648, 0.0 ], [ 146.082614, 65.274644, 0.0 ], [ 146.082586, 65.275451, 0.0 ], [ 146.081943, 65.275447, 0.0 ], [ 146.081925, 65.275985, 0.0 ], [ 146.081282, 65.275982, 0.0 ], [ 146.081272, 65.276251, 0.0 ], [ 146.08063, 65.276247, 0.0 ], [ 146.08062, 65.276516, 0.0 ], [ 146.079978, 65.276512, 0.0 ], [ 146.079959, 65.27705, 0.0 ], [ 146.079316, 65.277046, 0.0 ], [ 146.079297, 65.277585, 0.0 ], [ 146.078655, 65.277581, 0.0 ], [ 146.078645, 65.27785, 0.0 ], [ 146.078002, 65.277846, 0.0 ], [ 146.077993, 65.278115, 0.0 ], [ 146.07735, 65.278111, 0.0 ], [ 146.077341, 65.27838, 0.0 ], [ 146.076698, 65.278376, 0.0 ], [ 146.076689, 65.278645, 0.0 ], [ 146.076046, 65.278641, 0.0 ], [ 146.076036, 65.278911, 0.0 ], [ 146.075394, 65.278907, 0.0 ], [ 146.075384, 65.279176, 0.0 ], [ 146.074741, 65.279172, 0.0 ], [ 146.074732, 65.279441, 0.0 ], [ 146.074089, 65.279437, 0.0 ], [ 146.07407, 65.279975, 0.0 ], [ 146.073427, 65.279971, 0.0 ], [ 146.073418, 65.28024, 0.0 ], [ 146.072775, 65.280237, 0.0 ], [ 146.072747, 65.281044, 0.0 ], [ 146.07339, 65.281048, 0.0 ], [ 146.073371, 65.281586, 0.0 ], [ 146.074014, 65.28159, 0.0 ], [ 146.074004, 65.281859, 0.0 ], [ 146.075933, 65.281871, 0.0 ] ] ] } },
{ "type": "Feature", "properties": { "rgi_id": "RGI2000-v7.0-G-10-00732", "o1region": "10", "o2region": "10-03", "glims_id": "G146104E65280N", "anlys_id": 423840, "subm_id": 636, "src_date": "2013-08-12T00:00:00", "cenlon": 146.10363644271848, "cenlat": 65.2802755, "utm_zone": 55, "area_km2": 0.036029399276740003, "primeclass": 0, "conn_lvl": 0, "surge_type": 0, "term_type": 9, "glac_name": null, "is_rgi6": 1, "termlon": 146.10681895204655, "termlat": 65.281223042626308, "zmin_m": 2354.8953, "zmax_m": 2543.0862, "zmed_m": 2488.2026, "zmean_m": 2478.0122, "slope_deg": 33.02956, "aspect_deg": 46.794975, "aspect_sec": 2, "dem_source": "COPDEM30", "lmax_m": 287 }, "geometry": { "type": "Polygon", "coordinates": [ [ [ 146.104945, 65.279624, 0.0 ], [ 146.104954, 65.279354, 0.0 ], [ 146.104311, 65.279351, 0.0 ], [ 146.104302, 65.27962, 0.0 ], [ 146.103016, 65.279612, 0.0 ], [ 146.103007, 65.279881, 0.0 ], [ 146.101721, 65.279874, 0.0 ], [ 146.101712, 65.280143, 0.0 ], [ 146.101069, 65.280139, 0.0 ], [ 146.10106, 65.280408, 0.0 ], [ 146.101703, 65.280412, 0.0 ], [ 146.101694, 65.280681, 0.0 ], [ 146.102337, 65.280685, 0.0 ], [ 146.102327, 65.280954, 0.0 ], [ 146.10297, 65.280958, 0.0 ], [ 146.102961, 65.281227, 0.0 ], [ 146.106818, 65.28125, 0.0 ], [ 146.106837, 65.280712, 0.0 ], [ 146.106194, 65.280708, 0.0 ], [ 146.106221, 65.2799, 0.0 ], [ 146.105578, 65.279896, 0.0 ], [ 146.105587, 65.279627, 0.0 ], [ 146.104945, 65.279624, 0.0 ] ] ] } },
{ "type": "Feature", "properties": { "rgi_id": "RGI2000-v7.0-G-10-00733", "o1region": "10", "o2region": "10-03", "glims_id": "G146097E65285N", "anlys_id": 423833, "subm_id": 636, "src_date": "2013-08-12T00:00:00", "cenlon": 146.09579748822802, "cenlat": 65.283876, "utm_zone": 55, "area_km2": 0.108982821734341, "primeclass": 0, "conn_lvl": 0, "surge_type": 0, "term_type": 9, "glac_name": "30", "is_rgi6": 1, "termlon": 146.09192853637259, "termlat": 65.285737321937276, "zmin_m": 2178.4402, "zmax_m": 2515.6968, "zmed_m": 2386.5376, "zmean_m": 2375.5815, "slope_deg": 33.20173, "aspect_deg": 327.91138458251959, "aspect_sec": 8, "dem_source": "COPDEM30", "lmax_m": 512 }, "geometry": { "type": "Polygon", "coordinates": [ [ [ 146.096376, 65.285764, 0.0 ], [ 146.096385, 65.285495, 0.0 ], [ 146.097028, 65.285499, 0.0 ], [ 146.097047, 65.28496, 0.0 ], [ 146.09769, 65.284964, 0.0 ], [ 146.097717, 65.284157, 0.0 ], [ 146.09836, 65.284161, 0.0 ], [ 146.098369, 65.283891, 0.0 ], [ 146.099012, 65.283895, 0.0 ], [ 146.099021, 65.283626, 0.0 ], [ 146.099664, 65.28363, 0.0 ], [ 146.099701, 65.282553, 0.0 ], [ 146.099058, 65.28255, 0.0 ], [ 146.099067, 65.28228, 0.0 ], [ 146.098424, 65.282277, 0.0 ], [ 146.098434, 65.282007, 0.0 ], [ 146.098278, 65.282007, 0.0 ], [ 146.095219, 65.281988, 0.0 ], [ 146.09521, 65.282257, 0.0 ], [ 146.093924, 65.28225, 0.0 ], [ 146.093918, 65.282418, 0.0 ], [ 146.093915, 65.282519, 0.0 ], [ 146.093272, 65.282515, 0.0 ], [ 146.093263, 65.282784, 0.0 ], [ 146.09262, 65.28278, 0.0 ], [ 146.092601, 65.283318, 0.0 ], [ 146.093244, 65.283322, 0.0 ], [ 146.093226, 65.283861, 0.0 ], [ 146.092583, 65.283857, 0.0 ], [ 146.092555, 65.284664, 0.0 ], [ 146.091912, 65.28466, 0.0 ], [ 146.091875, 65.285737, 0.0 ], [ 146.096376, 65.285764, 0.0 ] ] ] } },
{ "type": "Feature", "properties": { "rgi_id": "RGI2000-v7.0-G-10-00734", "o1region": "10", "o2region": "10-03", "glims_id": "G146120E65281N", "anlys_id": 423846, "subm_id": 636, "src_date": "2013-08-12T00:00:00", "cenlon": 146.12253609412477, "cenlat": 65.2823235, "utm_zone": 55, "area_km2": 1.53658397933776, "primeclass": 0, "conn_lvl": 0, "surge_type": 0, "term_type": 9, "glac_name": "29", "is_rgi6": 1, "termlon": 146.11977289579144, "termlat": 65.29769033740466, "zmin_m": 1847.5012, "zmax_m": 2449.3604, "zmed_m": 2129.526, "zmean_m": 2141.028, "slope_deg": 11.981459, "aspect_deg": 339.23676490783691, "aspect_sec": 1, "dem_source": "COPDEM30", "lmax_m": 3243 }, "geometry": { "type": "Polygon", "coordinates": [ [ [ 146.121058, 65.297754, 0.0 ], [ 146.121067, 65.297485, 0.0 ], [ 146.12171, 65.297489, 0.0 ], [ 146.121755, 65.296143, 0.0 ], [ 146.122398, 65.296147, 0.0 ], [ 146.122416, 65.295609, 0.0 ], [ 146.123059, 65.295612, 0.0 ], [ 146.123086, 65.294805, 0.0 ], [ 146.122443, 65.294801, 0.0 ], [ 146.122586, 65.290495, 0.0 ], [ 146.121943, 65.290491, 0.0 ], [ 146.121961, 65.289953, 0.0 ], [ 146.121318, 65.289949, 0.0 ], [ 146.121372, 65.288334, 0.0 ], [ 146.120728, 65.288331, 0.0 ], [ 146.120782, 65.286716, 0.0 ], [ 146.121425, 65.28672, 0.0 ], [ 146.121443, 65.286181, 0.0 ], [ 146.122086, 65.286185, 0.0 ], [ 146.122095, 65.285916, 0.0 ], [ 146.122738, 65.28592, 0.0 ], [ 146.122756, 65.285381, 0.0 ], [ 146.123399, 65.285385, 0.0 ], [ 146.123435, 65.284309, 0.0 ], [ 146.124078, 65.284312, 0.0 ], [ 146.124096, 65.283774, 0.0 ], [ 146.124738, 65.283778, 0.0 ], [ 146.124747, 65.283509, 0.0 ], [ 146.12539, 65.283512, 0.0 ], [ 146.125399, 65.283243, 0.0 ], [ 146.126685, 65.283251, 0.0 ], [ 146.126694, 65.282981, 0.0 ], [ 146.127337, 65.282985, 0.0 ], [ 146.127346, 65.282716, 0.0 ], [ 146.127989, 65.28272, 0.0 ], [ 146.127998, 65.282451, 0.0 ], [ 146.129926, 65.282462, 0.0 ], [ 146.129935, 65.282193, 0.0 ], [ 146.130578, 65.282196, 0.0 ], [ 146.130613, 65.28112, 0.0 ], [ 146.126756, 65.281097, 0.0 ], [ 146.126783, 65.28029, 0.0 ], [ 146.12614, 65.280286, 0.0 ], [ 146.126167, 65.279479, 0.0 ], [ 146.12681, 65.279483, 0.0 ], [ 146.126836, 65.278675, 0.0 ], [ 146.126194, 65.278671, 0.0 ], [ 146.126211, 65.278133, 0.0 ], [ 146.125569, 65.278129, 0.0 ], [ 146.125613, 65.276784, 0.0 ], [ 146.126256, 65.276787, 0.0 ], [ 146.126274, 65.276249, 0.0 ], [ 146.126916, 65.276253, 0.0 ], [ 146.126925, 65.275984, 0.0 ], [ 146.127568, 65.275988, 0.0 ], [ 146.127577, 65.275718, 0.0 ], [ 146.12822, 65.275722, 0.0 ], [ 146.128229, 65.275453, 0.0 ], [ 146.13337, 65.275483, 0.0 ], [ 146.133379, 65.275213, 0.0 ], [ 146.134022, 65.275217, 0.0 ], [ 146.134031, 65.274948, 0.0 ], [ 146.134674, 65.274952, 0.0 ], [ 146.134682, 65.274683, 0.0 ], [ 146.13404, 65.274679, 0.0 ], [ 146.134048, 65.27441, 0.0 ], [ 146.133406, 65.274406, 0.0 ], [ 146.133415, 65.274137, 0.0 ], [ 146.132772, 65.274133, 0.0 ], [ 146.13279, 65.273595, 0.0 ], [ 146.132147, 65.273591, 0.0 ], [ 146.132191, 65.272246, 0.0 ], [ 146.132834, 65.272249, 0.0 ], [ 146.132843, 65.27198, 0.0 ], [ 146.133248, 65.271982, 0.0 ], [ 146.133485, 65.271984, 0.0 ], [ 146.133503, 65.271445, 0.0 ], [ 146.133055, 65.271443, 0.0 ], [ 146.131575, 65.271434, 0.0 ], [ 146.131605, 65.270513, 0.0 ], [ 146.13161, 65.270358, 0.0 ], [ 146.131255, 65.270356, 0.0 ], [ 146.130968, 65.270354, 0.0 ], [ 146.130959, 65.270623, 0.0 ], [ 146.129031, 65.270612, 0.0 ], [ 146.12904, 65.270343, 0.0 ], [ 146.128397, 65.270339, 0.0 ], [ 146.12838, 65.270878, 0.0 ], [ 146.129022, 65.270881, 0.0 ], [ 146.129004, 65.27142, 0.0 ], [ 146.128362, 65.271416, 0.0 ], [ 146.128353, 65.271685, 0.0 ], [ 146.12771, 65.271681, 0.0 ], [ 146.127719, 65.271412, 0.0 ], [ 146.127077, 65.271408, 0.0 ], [ 146.127085, 65.271139, 0.0 ], [ 146.126443, 65.271135, 0.0 ], [ 146.126452, 65.270866, 0.0 ], [ 146.125809, 65.270863, 0.0 ], [ 146.125818, 65.270593, 0.0 ], [ 146.125175, 65.27059, 0.0 ], [ 146.125229, 65.268975, 0.0 ], [ 146.125871, 65.268979, 0.0 ], [ 146.12588, 65.268709, 0.0 ], [ 146.126523, 65.268713, 0.0 ], [ 146.126532, 65.268444, 0.0 ], [ 146.127174, 65.268448, 0.0 ], [ 146.127187, 65.268065, 0.0 ], [ 146.127192, 65.26791, 0.0 ], [ 146.126803, 65.267907, 0.0 ], [ 146.12655, 65.267906, 0.0 ], [ 146.126552, 65.267849, 0.0 ], [ 146.126559, 65.267637, 0.0 ], [ 146.125414, 65.26763, 0.0 ], [ 146.124631, 65.267625, 0.0 ], [ 146.124636, 65.267463, 0.0 ], [ 146.12464, 65.267356, 0.0 ], [ 146.122944, 65.267346, 0.0 ], [ 146.121427, 65.267338, 0.0 ], [ 146.121431, 65.267226, 0.0 ], [ 146.121436, 65.267068, 0.0 ], [ 146.120151, 65.267061, 0.0 ], [ 146.120147, 65.267172, 0.0 ], [ 146.120142, 65.26733, 0.0 ], [ 146.118796, 65.267322, 0.0 ], [ 146.118215, 65.267319, 0.0 ], [ 146.118211, 65.267425, 0.0 ], [ 146.118206, 65.267588, 0.0 ], [ 146.117563, 65.267584, 0.0 ], [ 146.117554, 65.267853, 0.0 ], [ 146.118197, 65.267857, 0.0 ], [ 146.118188, 65.268126, 0.0 ], [ 146.11883, 65.26813, 0.0 ], [ 146.118812, 65.268668, 0.0 ], [ 146.11817, 65.268665, 0.0 ], [ 146.118152, 65.269203, 0.0 ], [ 146.117509, 65.269199, 0.0 ], [ 146.117482, 65.270006, 0.0 ], [ 146.116839, 65.270003, 0.0 ], [ 146.116813, 65.27081, 0.0 ], [ 146.11617, 65.270806, 0.0 ], [ 146.116152, 65.271345, 0.0 ], [ 146.116795, 65.271348, 0.0 ], [ 146.116786, 65.271618, 0.0 ], [ 146.117428, 65.271621, 0.0 ], [ 146.117419, 65.27189, 0.0 ], [ 146.118062, 65.271894, 0.0 ], [ 146.118053, 65.272163, 0.0 ], [ 146.118695, 65.272167, 0.0 ], [ 146.118642, 65.273782, 0.0 ], [ 146.117999, 65.273778, 0.0 ], [ 146.117963, 65.274855, 0.0 ], [ 146.11732, 65.274851, 0.0 ], [ 146.117311, 65.27512, 0.0 ], [ 146.116026, 65.275113, 0.0 ], [ 146.116017, 65.275382, 0.0 ], [ 146.115374, 65.275378, 0.0 ], [ 146.115338, 65.276455, 0.0 ], [ 146.114695, 65.276451, 0.0 ], [ 146.114686, 65.27672, 0.0 ], [ 146.114043, 65.276716, 0.0 ], [ 146.114034, 65.276985, 0.0 ], [ 146.113392, 65.276982, 0.0 ], [ 146.113365, 65.277789, 0.0 ], [ 146.114007, 65.277793, 0.0 ], [ 146.113989, 65.278331, 0.0 ], [ 146.114632, 65.278335, 0.0 ], [ 146.114614, 65.278873, 0.0 ], [ 146.115257, 65.278877, 0.0 ], [ 146.115239, 65.279415, 0.0 ], [ 146.115882, 65.279419, 0.0 ], [ 146.115801, 65.281841, 0.0 ], [ 146.115158, 65.281837, 0.0 ], [ 146.115067, 65.284529, 0.0 ], [ 146.114424, 65.284525, 0.0 ], [ 146.114397, 65.285332, 0.0 ], [ 146.113754, 65.285329, 0.0 ], [ 146.113727, 65.286136, 0.0 ], [ 146.113084, 65.286132, 0.0 ], [ 146.112985, 65.289093, 0.0 ], [ 146.113628, 65.289097, 0.0 ], [ 146.113583, 65.290442, 0.0 ], [ 146.114226, 65.290446, 0.0 ], [ 146.114208, 65.290984, 0.0 ], [ 146.114851, 65.290988, 0.0 ], [ 146.114824, 65.291796, 0.0 ], [ 146.115467, 65.291799, 0.0 ], [ 146.115413, 65.293414, 0.0 ], [ 146.116056, 65.293418, 0.0 ], [ 146.116047, 65.293687, 0.0 ], [ 146.11669, 65.293691, 0.0 ], [ 146.116654, 65.294768, 0.0 ], [ 146.117297, 65.294771, 0.0 ], [ 146.11727, 65.295579, 0.0 ], [ 146.117913, 65.295582, 0.0 ], [ 146.117895, 65.296121, 0.0 ], [ 146.118539, 65.296125, 0.0 ], [ 146.118512, 65.296932, 0.0 ], [ 146.119155, 65.296936, 0.0 ], [ 146.119137, 65.297474, 0.0 ], [ 146.11978, 65.297478, 0.0 ], [ 146.119771, 65.297747, 0.0 ], [ 146.121058, 65.297754, 0.0 ] ] ] } },
{ "type": "Feature", "properties": { "rgi_id": "RGI2000-v7.0-G-10-00735", "o1region": "10", "o2region": "10-03", "glims_id": "G146144E65290N", "anlys_id": 423853, "subm_id": 636, "src_date": "2013-08-12T00:00:00", "cenlon": 146.14349960527321, "cenlat": 65.2902115, "utm_zone": 55, "area_km2": 0.041429618254732001, "primeclass": 0, "conn_lvl": 0, "surge_type": 0, "term_type": 9, "glac_name": null, "is_rgi6": 1, "termlon": 146.14121801361171, "termlat": 65.291140593166205, "zmin_m": 2380.0957, "zmax_m": 2532.687, "zmed_m": 2466.5884, "zmean_m": 2464.3464, "slope_deg": 31.937351, "aspect_deg": 325.94539260864258, "aspect_sec": 8, "dem_source": "COPDEM30", "lmax_m": 264 }, "geometry": { "type": "Polygon", "coordinates": [ [ [ 146.144425, 65.291428, 0.0 ], [ 146.144434, 65.291159, 0.0 ], [ 146.145077, 65.291163, 0.0 ], [ 146.145094, 65.290624, 0.0 ], [ 146.145738, 65.290628, 0.0 ], [ 146.145746, 65.290359, 0.0 ], [ 146.146389, 65.290363, 0.0 ], [ 146.146407, 65.289824, 0.0 ], [ 146.145764, 65.289821, 0.0 ], [ 146.145772, 65.289552, 0.0 ], [ 146.145129, 65.289548, 0.0 ], [ 146.145138, 65.289279, 0.0 ], [ 146.144495, 65.289275, 0.0 ], [ 146.144486, 65.289544, 0.0 ], [ 146.1432, 65.289537, 0.0 ], [ 146.143191, 65.289806, 0.0 ], [ 146.141262, 65.289795, 0.0 ], [ 146.141253, 65.290064, 0.0 ], [ 146.14061, 65.290061, 0.0 ], [ 146.140584, 65.290868, 0.0 ], [ 146.141227, 65.290872, 0.0 ], [ 146.141218, 65.291141, 0.0 ], [ 146.142505, 65.291148, 0.0 ], [ 146.142496, 65.291417, 0.0 ], [ 146.144425, 65.291428, 0.0 ] ] ] } },
{ "type": "Feature", "properties": { "rgi_id": "RGI2000-v7.0-G-10-00736", "o1region": "10", "o2region": "10-03", "glims_id": "G146152E65309N", "anlys_id": 423855, "subm_id": 636, "src_date": "2013-08-12T00:00:00", "cenlon": 146.1515674371754, "cenlat": 65.3093695, "utm_zone": 55, "area_km2": 0.29723422081686601, "primeclass": 0, "conn_lvl": 0, "surge_type": 0, "term_type": 9, "glac_name": "27", "is_rgi6": 1, "termlon": 146.14909347453863, "termlat": 65.316220666524515, "zmin_m": 1846.2606, "zmax_m": 2261.2297, "zmed_m": 2103.0427, "zmean_m": 2054.5637, "slope_deg": 17.332516, "aspect_deg": 343.38709831237799, "aspect_sec": 1, "dem_source": "COPDEM30", "lmax_m": 1527 }, "geometry": { "type": "Polygon", "coordinates": [ [ [ 146.150703, 65.316229, 0.0 ], [ 146.150711, 65.31596, 0.0 ], [ 146.151355, 65.315964, 0.0 ], [ 146.151364, 65.315695, 0.0 ], [ 146.152007, 65.315698, 0.0 ], [ 146.152025, 65.31516, 0.0 ], [ 146.152668, 65.315164, 0.0 ], [ 146.152686, 65.314625, 0.0 ], [ 146.152042, 65.314622, 0.0 ], [ 146.152181, 65.310315, 0.0 ], [ 146.152824, 65.310319, 0.0 ], [ 146.152833, 65.31005, 0.0 ], [ 146.153476, 65.310054, 0.0 ], [ 146.153485, 65.309784, 0.0 ], [ 146.154129, 65.309788, 0.0 ], [ 146.154172, 65.308442, 0.0 ], [ 146.154815, 65.308446, 0.0 ], [ 146.154824, 65.308177, 0.0 ], [ 146.155467, 65.30818, 0.0 ], [ 146.155476, 65.307911, 0.0 ], [ 146.15612, 65.307915, 0.0 ], [ 146.15618, 65.306031, 0.0 ], [ 146.155536, 65.306027, 0.0 ], [ 146.155554, 65.305489, 0.0 ], [ 146.15491, 65.305485, 0.0 ], [ 146.154936, 65.304678, 0.0 ], [ 146.154293, 65.304674, 0.0 ], [ 146.154301, 65.304405, 0.0 ], [ 146.153658, 65.304402, 0.0 ], [ 146.153675, 65.303863, 0.0 ], [ 146.153032, 65.30386, 0.0 ], [ 146.153049, 65.303321, 0.0 ], [ 146.152405, 65.303318, 0.0 ], [ 146.152414, 65.303049, 0.0 ], [ 146.151771, 65.303045, 0.0 ], [ 146.151779, 65.302776, 0.0 ], [ 146.151136, 65.302772, 0.0 ], [ 146.151127, 65.303041, 0.0 ], [ 146.150484, 65.303038, 0.0 ], [ 146.150475, 65.303307, 0.0 ], [ 146.149832, 65.303303, 0.0 ], [ 146.149823, 65.303572, 0.0 ], [ 146.14918, 65.303569, 0.0 ], [ 146.149119, 65.305453, 0.0 ], [ 146.149762, 65.305456, 0.0 ], [ 146.149736, 65.306264, 0.0 ], [ 146.15038, 65.306267, 0.0 ], [ 146.150354, 65.307075, 0.0 ], [ 146.14971, 65.307071, 0.0 ], [ 146.14965, 65.308955, 0.0 ], [ 146.149006, 65.308952, 0.0 ], [ 146.148832, 65.314335, 0.0 ], [ 146.148189, 65.314331, 0.0 ], [ 146.148154, 65.315407, 0.0 ], [ 146.148798, 65.315411, 0.0 ], [ 146.148772, 65.316219, 0.0 ], [ 146.150703, 65.316229, 0.0 ] ] ] } },
{ "type": "Feature", "properties": { "rgi_id": "RGI2000-v7.0-G-10-00737", "o1region": "10", "o2region": "10-03", "glims_id": "G146041E65304N", "anlys_id": 423811, "subm_id": 636, "src_date": "2013-08-12T00:00:00", "cenlon": 146.04201065193496, "cenlat": 65.3041105, "utm_zone": 55, "area_km2": 1.016877825462805, "primeclass": 0, "conn_lvl": 0, "surge_type": 0, "term_type": 9, "glac_name": "34", "is_rgi6": 1, "termlon": 146.04708695968097, "termlat": 65.31501342783514, "zmin_m": 1848.5183, "zmax_m": 2446.8435, "zmed_m": 2122.973, "zmean_m": 2111.728, "slope_deg": 14.871085, "aspect_deg": 357.33964371681213, "aspect_sec": 1, "dem_source": "COPDEM30", "lmax_m": 2780 }, "geometry": { "type": "Polygon", "coordinates": [ [ [ 146.045105, 65.298638, 0.0 ], [ 146.044461, 65.298634, 0.0 ], [ 146.044471, 65.298365, 0.0 ], [ 146.043828, 65.298361, 0.0 ], [ 146.043818, 65.29863, 0.0 ], [ 146.043175, 65.298626, 0.0 ], [ 146.043184, 65.298357, 0.0 ], [ 146.042541, 65.298353, 0.0 ], [ 146.042561, 65.297815, 0.0 ], [ 146.043204, 65.297819, 0.0 ], [ 146.043214, 65.29755, 0.0 ], [ 146.043857, 65.297554, 0.0 ], [ 146.043877, 65.29701, 0.0 ], [ 146.043886, 65.296746, 0.0 ], [ 146.043278, 65.296742, 0.0 ], [ 146.043243, 65.296742, 0.0 ], [ 146.043244, 65.296729, 0.0 ], [ 146.043253, 65.296473, 0.0 ], [ 146.04261, 65.296469, 0.0 ], [ 146.042619, 65.2962, 0.0 ], [ 146.041333, 65.296192, 0.0 ], [ 146.041328, 65.296334, 0.0 ], [ 146.041304, 65.296999, 0.0 ], [ 146.04066, 65.296995, 0.0 ], [ 146.040651, 65.297264, 0.0 ], [ 146.039364, 65.297256, 0.0 ], [ 146.039374, 65.296987, 0.0 ], [ 146.038731, 65.296983, 0.0 ], [ 146.03874, 65.296713, 0.0 ], [ 146.038097, 65.296709, 0.0 ], [ 146.038136, 65.295633, 0.0 ], [ 146.03878, 65.295637, 0.0 ], [ 146.038781, 65.295596, 0.0 ], [ 146.038789, 65.295368, 0.0 ], [ 146.038078, 65.295363, 0.0 ], [ 146.03686, 65.295355, 0.0 ], [ 146.036883, 65.294709, 0.0 ], [ 146.036889, 65.294548, 0.0 ], [ 146.036632, 65.294546, 0.0 ], [ 146.036246, 65.294544, 0.0 ], [ 146.036255, 65.294303, 0.0 ], [ 146.036256, 65.294275, 0.0 ], [ 146.036209, 65.294275, 0.0 ], [ 146.035613, 65.294271, 0.0 ], [ 146.035623, 65.294002, 0.0 ], [ 146.034979, 65.293997, 0.0 ], [ 146.034989, 65.293728, 0.0 ], [ 146.034346, 65.293724, 0.0 ], [ 146.034355, 65.293482, 0.0 ], [ 146.034356, 65.293455, 0.0 ], [ 146.034292, 65.293455, 0.0 ], [ 146.033713, 65.293451, 0.0 ], [ 146.033721, 65.293217, 0.0 ], [ 146.033723, 65.293182, 0.0 ], [ 146.033623, 65.293181, 0.0 ], [ 146.03308, 65.293178, 0.0 ], [ 146.033085, 65.29303, 0.0 ], [ 146.033089, 65.292909, 0.0 ], [ 146.032446, 65.292904, 0.0 ], [ 146.032456, 65.292635, 0.0 ], [ 146.031813, 65.292631, 0.0 ], [ 146.031823, 65.292362, 0.0 ], [ 146.030786, 65.292355, 0.0 ], [ 146.030537, 65.292354, 0.0 ], [ 146.030526, 65.292646, 0.0 ], [ 146.030487, 65.293699, 0.0 ], [ 146.029844, 65.293695, 0.0 ], [ 146.029814, 65.294503, 0.0 ], [ 146.027242, 65.294486, 0.0 ], [ 146.027232, 65.294755, 0.0 ], [ 146.024659, 65.294739, 0.0 ], [ 146.024669, 65.294469, 0.0 ], [ 146.024026, 65.294465, 0.0 ], [ 146.024036, 65.294196, 0.0 ], [ 146.022749, 65.294188, 0.0 ], [ 146.022729, 65.294726, 0.0 ], [ 146.023373, 65.29473, 0.0 ], [ 146.023363, 65.294999, 0.0 ], [ 146.024006, 65.295004, 0.0 ], [ 146.023996, 65.295273, 0.0 ], [ 146.024639, 65.295277, 0.0 ], [ 146.024629, 65.295546, 0.0 ], [ 146.025272, 65.29555, 0.0 ], [ 146.025262, 65.295819, 0.0 ], [ 146.025906, 65.295823, 0.0 ], [ 146.025886, 65.296362, 0.0 ], [ 146.026529, 65.296366, 0.0 ], [ 146.026509, 65.296904, 0.0 ], [ 146.027152, 65.296908, 0.0 ], [ 146.027142, 65.297177, 0.0 ], [ 146.028429, 65.297186, 0.0 ], [ 146.028419, 65.297455, 0.0 ], [ 146.029062, 65.297459, 0.0 ], [ 146.029052, 65.297728, 0.0 ], [ 146.029696, 65.297732, 0.0 ], [ 146.029686, 65.298001, 0.0 ], [ 146.030329, 65.298006, 0.0 ], [ 146.030319, 65.298275, 0.0 ], [ 146.030962, 65.298279, 0.0 ], [ 146.030952, 65.298548, 0.0 ], [ 146.031596, 65.298552, 0.0 ], [ 146.031576, 65.29909, 0.0 ], [ 146.032219, 65.299095, 0.0 ], [ 146.032209, 65.299364, 0.0 ], [ 146.032853, 65.299368, 0.0 ], [ 146.032843, 65.299637, 0.0 ], [ 146.033486, 65.299641, 0.0 ], [ 146.033476, 65.29991, 0.0 ], [ 146.03412, 65.299914, 0.0 ], [ 146.0341, 65.300453, 0.0 ], [ 146.034743, 65.300457, 0.0 ], [ 146.034733, 65.300726, 0.0 ], [ 146.035377, 65.30073, 0.0 ], [ 146.035367, 65.300999, 0.0 ], [ 146.03601, 65.301003, 0.0 ], [ 146.03599, 65.301541, 0.0 ], [ 146.036634, 65.301546, 0.0 ], [ 146.036624, 65.301815, 0.0 ], [ 146.037267, 65.301819, 0.0 ], [ 146.037258, 65.302088, 0.0 ], [ 146.037901, 65.302092, 0.0 ], [ 146.037891, 65.302361, 0.0 ], [ 146.038534, 65.302365, 0.0 ], [ 146.038485, 65.303711, 0.0 ], [ 146.037842, 65.303707, 0.0 ], [ 146.037813, 65.304514, 0.0 ], [ 146.037169, 65.30451, 0.0 ], [ 146.03711, 65.306125, 0.0 ], [ 146.036467, 65.306121, 0.0 ], [ 146.036427, 65.307197, 0.0 ], [ 146.037071, 65.307202, 0.0 ], [ 146.036992, 65.309355, 0.0 ], [ 146.037636, 65.309359, 0.0 ], [ 146.037606, 65.310166, 0.0 ], [ 146.03825, 65.31017, 0.0 ], [ 146.03824, 65.310439, 0.0 ], [ 146.038884, 65.310443, 0.0 ], [ 146.038864, 65.310982, 0.0 ], [ 146.039508, 65.310986, 0.0 ], [ 146.039498, 65.311255, 0.0 ], [ 146.040141, 65.311259, 0.0 ], [ 146.040132, 65.311528, 0.0 ], [ 146.040775, 65.311532, 0.0 ], [ 146.040756, 65.312071, 0.0 ], [ 146.041399, 65.312075, 0.0 ], [ 146.04138, 65.312613, 0.0 ], [ 146.042023, 65.312617, 0.0 ], [ 146.042013, 65.312886, 0.0 ], [ 146.042657, 65.31289, 0.0 ], [ 146.042638, 65.313429, 0.0 ], [ 146.043281, 65.313433, 0.0 ], [ 146.043271, 65.313702, 0.0 ], [ 146.043915, 65.313706, 0.0 ], [ 146.043896, 65.314244, 0.0 ], [ 146.044539, 65.314248, 0.0 ], [ 146.044529, 65.314517, 0.0 ], [ 146.045173, 65.314521, 0.0 ], [ 146.045163, 65.314791, 0.0 ], [ 146.045807, 65.314795, 0.0 ], [ 146.045797, 65.315064, 0.0 ], [ 146.047085, 65.315072, 0.0 ], [ 146.047094, 65.314803, 0.0 ], [ 146.047738, 65.314807, 0.0 ], [ 146.047748, 65.314538, 0.0 ], [ 146.048391, 65.314542, 0.0 ], [ 146.048489, 65.31185, 0.0 ], [ 146.047845, 65.311846, 0.0 ], [ 146.047855, 65.311577, 0.0 ], [ 146.047211, 65.311573, 0.0 ], [ 146.047221, 65.311304, 0.0 ], [ 146.046577, 65.3113, 0.0 ], [ 146.046597, 65.310762, 0.0 ], [ 146.045953, 65.310758, 0.0 ], [ 146.045963, 65.310488, 0.0 ], [ 146.045319, 65.310484, 0.0 ], [ 146.045339, 65.309946, 0.0 ], [ 146.044695, 65.309942, 0.0 ], [ 146.044705, 65.309673, 0.0 ], [ 146.044061, 65.309669, 0.0 ], [ 146.044081, 65.309131, 0.0 ], [ 146.043437, 65.309126, 0.0 ], [ 146.043496, 65.307512, 0.0 ], [ 146.044139, 65.307516, 0.0 ], [ 146.044169, 65.306708, 0.0 ], [ 146.044812, 65.306712, 0.0 ], [ 146.044841, 65.305905, 0.0 ], [ 146.045485, 65.305909, 0.0 ], [ 146.045504, 65.305371, 0.0 ], [ 146.046148, 65.305375, 0.0 ], [ 146.046265, 65.302145, 0.0 ], [ 146.045621, 65.302141, 0.0 ], [ 146.04565, 65.301334, 0.0 ], [ 146.046294, 65.301338, 0.0 ], [ 146.046342, 65.299992, 0.0 ], [ 146.046986, 65.299996, 0.0 ], [ 146.047025, 65.29892, 0.0 ], [ 146.047668, 65.298924, 0.0 ], [ 146.047684, 65.298481, 0.0 ], [ 146.047687, 65.298385, 0.0 ], [ 146.046779, 65.29838, 0.0 ], [ 146.046401, 65.298377, 0.0 ], [ 146.046391, 65.298646, 0.0 ], [ 146.045748, 65.298642, 0.0 ], [ 146.045738, 65.298912, 0.0 ], [ 146.045095, 65.298907, 0.0 ], [ 146.045105, 65.298638, 0.0 ] ], [ [ 146.045085, 65.299177, 0.0 ], [ 146.044442, 65.299173, 0.0 ], [ 146.044452, 65.298903, 0.0 ], [ 146.045095, 65.298907, 0.0 ], [ 146.045085, 65.299177, 0.0 ] ] ] } },
{ "type": "Feature", "properties": { "rgi_id": "RGI2000-v7.0-G-10-00738", "o1region": "10", "o2region": "10-03", "glims_id": "G146047E65290N", "anlys_id": 423812, "subm_id": 636, "src_date": "2013-08-12T00:00:00", "cenlon": 146.0457441371866, "cenlat": 65.2898465, "utm_zone": 55, "area_km2": 0.34857506624116302, "primeclass": 0, "conn_lvl": 0, "surge_type": 0, "term_type": 9, "glac_name": "33", "is_rgi6": 1, "termlon": 146.05304733098728, "termlat": 65.292459678949541, "zmin_m": 1986.777, "zmax_m": 2231.1294, "zmed_m": 2122.7776, "zmean_m": 2121.7122, "slope_deg": 17.763178, "aspect_deg": 13.996092, "aspect_sec": 1, "dem_source": "COPDEM30", "lmax_m": 845 }, "geometry": { "type": "Polygon", "coordinates": [ [ [ 146.053046, 65.292497, 0.0 ], [ 146.053094, 65.291151, 0.0 ], [ 146.053737, 65.291155, 0.0 ], [ 146.053776, 65.290079, 0.0 ], [ 146.053133, 65.290075, 0.0 ], [ 146.053172, 65.288998, 0.0 ], [ 146.052529, 65.288994, 0.0 ], [ 146.052538, 65.288725, 0.0 ], [ 146.051895, 65.288721, 0.0 ], [ 146.051915, 65.288183, 0.0 ], [ 146.052558, 65.288187, 0.0 ], [ 146.052577, 65.287648, 0.0 ], [ 146.051934, 65.287644, 0.0 ], [ 146.051944, 65.287375, 0.0 ], [ 146.051301, 65.287371, 0.0 ], [ 146.05131, 65.287103, 0.0 ], [ 146.05131, 65.287102, 0.0 ], [ 146.051307, 65.287102, 0.0 ], [ 146.050667, 65.287098, 0.0 ], [ 146.050673, 65.286946, 0.0 ], [ 146.050677, 65.286829, 0.0 ], [ 146.048641, 65.286816, 0.0 ], [ 146.046291, 65.286801, 0.0 ], [ 146.04489, 65.286792, 0.0 ], [ 146.044886, 65.286895, 0.0 ], [ 146.04488, 65.287061, 0.0 ], [ 146.044237, 65.287057, 0.0 ], [ 146.044227, 65.287326, 0.0 ], [ 146.043584, 65.287322, 0.0 ], [ 146.043575, 65.287592, 0.0 ], [ 146.041646, 65.287579, 0.0 ], [ 146.041655, 65.28731, 0.0 ], [ 146.039726, 65.287298, 0.0 ], [ 146.039687, 65.288374, 0.0 ], [ 146.039044, 65.28837, 0.0 ], [ 146.039025, 65.288909, 0.0 ], [ 146.038382, 65.288904, 0.0 ], [ 146.038372, 65.289174, 0.0 ], [ 146.037729, 65.289169, 0.0 ], [ 146.037709, 65.289708, 0.0 ], [ 146.038352, 65.289712, 0.0 ], [ 146.038342, 65.289981, 0.0 ], [ 146.038985, 65.289985, 0.0 ], [ 146.038976, 65.290254, 0.0 ], [ 146.040262, 65.290262, 0.0 ], [ 146.040252, 65.290532, 0.0 ], [ 146.040895, 65.290536, 0.0 ], [ 146.040885, 65.290805, 0.0 ], [ 146.042172, 65.290813, 0.0 ], [ 146.042162, 65.291082, 0.0 ], [ 146.042805, 65.291086, 0.0 ], [ 146.042795, 65.291355, 0.0 ], [ 146.043438, 65.291359, 0.0 ], [ 146.043428, 65.291629, 0.0 ], [ 146.044072, 65.291633, 0.0 ], [ 146.044062, 65.291902, 0.0 ], [ 146.045348, 65.29191, 0.0 ], [ 146.045338, 65.292179, 0.0 ], [ 146.045981, 65.292183, 0.0 ], [ 146.045972, 65.292452, 0.0 ], [ 146.047258, 65.29246, 0.0 ], [ 146.047248, 65.29273, 0.0 ], [ 146.05175, 65.292758, 0.0 ], [ 146.05176, 65.292489, 0.0 ], [ 146.053046, 65.292497, 0.0 ] ] ] } },
{ "type": "Feature", "properties": { "rgi_id": "RGI2000-v7.0-G-10-00739", "o1region": "10", "o2region": "10-03", "glims_id": "G146069E65270N", "anlys_id": 423823, "subm_id": 636, "src_date": "2013-08-12T00:00:00", "cenlon": 146.0644495485821, "cenlat": 65.2702265, "utm_zone": 55, "area_km2": 1.70047912112376, "primeclass": 0, "conn_lvl": 0, "surge_type": 0, "term_type": 9, "glac_name": "32", "is_rgi6": 1, "termlon": 146.0713510085842, "termlat": 65.284158169810581, "zmin_m": 1828.581, "zmax_m": 2569.9353, "zmed_m": 2161.6787, "zmean_m": 2162.1658, "slope_deg": 14.397526, "aspect_deg": 347.9520959854126, "aspect_sec": 1, "dem_source": "COPDEM30", "lmax_m": 3614 }, "geometry": { "type": "Polygon", "coordinates": [ [ [ 146.070695, 65.284531, 0.0 ], [ 146.070705, 65.284262, 0.0 ], [ 146.071347, 65.284266, 0.0 ], [ 146.071357, 65.283997, 0.0 ], [ 146.070714, 65.283993, 0.0 ], [ 146.070752, 65.282916, 0.0 ], [ 146.070109, 65.282912, 0.0 ], [ 146.070128, 65.282374, 0.0 ], [ 146.069485, 65.28237, 0.0 ], [ 146.069495, 65.282101, 0.0 ], [ 146.068852, 65.282097, 0.0 ], [ 146.068861, 65.281828, 0.0 ], [ 146.068218, 65.281824, 0.0 ], [ 146.068228, 65.281554, 0.0 ], [ 146.067585, 65.28155, 0.0 ], [ 146.067594, 65.281281, 0.0 ], [ 146.066952, 65.281277, 0.0 ], [ 146.066961, 65.281008, 0.0 ], [ 146.065675, 65.281, 0.0 ], [ 146.065685, 65.280731, 0.0 ], [ 146.065042, 65.280727, 0.0 ], [ 146.065052, 65.280458, 0.0 ], [ 146.064409, 65.280454, 0.0 ], [ 146.064428, 65.279916, 0.0 ], [ 146.063785, 65.279912, 0.0 ], [ 146.063794, 65.279643, 0.0 ], [ 146.063152, 65.279639, 0.0 ], [ 146.063199, 65.278293, 0.0 ], [ 146.063842, 65.278297, 0.0 ], [ 146.063861, 65.277759, 0.0 ], [ 146.064504, 65.277763, 0.0 ], [ 146.064514, 65.277493, 0.0 ], [ 146.065156, 65.277497, 0.0 ], [ 146.065166, 65.277228, 0.0 ], [ 146.065809, 65.277232, 0.0 ], [ 146.065828, 65.276694, 0.0 ], [ 146.06647, 65.276698, 0.0 ], [ 146.06648, 65.276429, 0.0 ], [ 146.067123, 65.276433, 0.0 ], [ 146.067142, 65.275895, 0.0 ], [ 146.067784, 65.275899, 0.0 ], [ 146.067803, 65.27536, 0.0 ], [ 146.068446, 65.275364, 0.0 ], [ 146.068456, 65.275095, 0.0 ], [ 146.069098, 65.275099, 0.0 ], [ 146.069117, 65.274561, 0.0 ], [ 146.06976, 65.274565, 0.0 ], [ 146.069769, 65.274296, 0.0 ], [ 146.070412, 65.2743, 0.0 ], [ 146.070422, 65.27403, 0.0 ], [ 146.071064, 65.274034, 0.0 ], [ 146.071083, 65.273496, 0.0 ], [ 146.071726, 65.2735, 0.0 ], [ 146.071735, 65.273231, 0.0 ], [ 146.072378, 65.273235, 0.0 ], [ 146.072388, 65.272966, 0.0 ], [ 146.07303, 65.27297, 0.0 ], [ 146.073049, 65.272432, 0.0 ], [ 146.073692, 65.272435, 0.0 ], [ 146.073701, 65.272166, 0.0 ], [ 146.074344, 65.27217, 0.0 ], [ 146.074363, 65.271632, 0.0 ], [ 146.075005, 65.271636, 0.0 ], [ 146.075034, 65.270829, 0.0 ], [ 146.075676, 65.270832, 0.0 ], [ 146.075704, 65.270025, 0.0 ], [ 146.076347, 65.270029, 0.0 ], [ 146.076375, 65.269222, 0.0 ], [ 146.077018, 65.269226, 0.0 ], [ 146.077037, 65.268687, 0.0 ], [ 146.077679, 65.268691, 0.0 ], [ 146.077698, 65.268153, 0.0 ], [ 146.07834, 65.268157, 0.0 ], [ 146.07835, 65.267888, 0.0 ], [ 146.078992, 65.267892, 0.0 ], [ 146.079011, 65.267353, 0.0 ], [ 146.079654, 65.267357, 0.0 ], [ 146.079672, 65.266819, 0.0 ], [ 146.080315, 65.266823, 0.0 ], [ 146.080343, 65.266016, 0.0 ], [ 146.080986, 65.266019, 0.0 ], [ 146.081014, 65.265212, 0.0 ], [ 146.081656, 65.265216, 0.0 ], [ 146.081665, 65.264947, 0.0 ], [ 146.082308, 65.264951, 0.0 ], [ 146.082327, 65.264412, 0.0 ], [ 146.082969, 65.264416, 0.0 ], [ 146.082978, 65.264147, 0.0 ], [ 146.083621, 65.264151, 0.0 ], [ 146.08363, 65.263882, 0.0 ], [ 146.084273, 65.263886, 0.0 ], [ 146.084282, 65.263617, 0.0 ], [ 146.084924, 65.263621, 0.0 ], [ 146.084934, 65.263352, 0.0 ], [ 146.085576, 65.263355, 0.0 ], [ 146.085585, 65.263086, 0.0 ], [ 146.086228, 65.26309, 0.0 ], [ 146.086237, 65.262821, 0.0 ], [ 146.08688, 65.262825, 0.0 ], [ 146.086889, 65.262556, 0.0 ], [ 146.087531, 65.26256, 0.0 ], [ 146.08755, 65.262033, 0.0 ], [ 146.087559, 65.261752, 0.0 ], [ 146.087034, 65.261749, 0.0 ], [ 146.086917, 65.261748, 0.0 ], [ 146.086918, 65.261712, 0.0 ], [ 146.086926, 65.261479, 0.0 ], [ 146.086284, 65.261475, 0.0 ], [ 146.086293, 65.261206, 0.0 ], [ 146.085008, 65.261198, 0.0 ], [ 146.085018, 65.260929, 0.0 ], [ 146.08309, 65.260918, 0.0 ], [ 146.083084, 65.261103, 0.0 ], [ 146.083081, 65.261187, 0.0 ], [ 146.082439, 65.261183, 0.0 ], [ 146.082429, 65.261452, 0.0 ], [ 146.081787, 65.261448, 0.0 ], [ 146.081778, 65.261717, 0.0 ], [ 146.081135, 65.261713, 0.0 ], [ 146.081107, 65.262521, 0.0 ], [ 146.080465, 65.262517, 0.0 ], [ 146.080455, 65.262786, 0.0 ], [ 146.078528, 65.262774, 0.0 ], [ 146.078556, 65.261967, 0.0 ], [ 146.079199, 65.261971, 0.0 ], [ 146.079264, 65.260087, 0.0 ], [ 146.078622, 65.260083, 0.0 ], [ 146.078641, 65.259544, 0.0 ], [ 146.079193, 65.259548, 0.0 ], [ 146.079283, 65.259548, 0.0 ], [ 146.079289, 65.259393, 0.0 ], [ 146.079311, 65.258741, 0.0 ], [ 146.079954, 65.258745, 0.0 ], [ 146.079963, 65.258476, 0.0 ], [ 146.080605, 65.25848, 0.0 ], [ 146.080615, 65.25821, 0.0 ], [ 146.081257, 65.258214, 0.0 ], [ 146.08127, 65.257826, 0.0 ], [ 146.081276, 65.257676, 0.0 ], [ 146.081069, 65.257675, 0.0 ], [ 146.080633, 65.257672, 0.0 ], [ 146.080643, 65.257403, 0.0 ], [ 146.079358, 65.257395, 0.0 ], [ 146.079381, 65.256732, 0.0 ], [ 146.079396, 65.256319, 0.0 ], [ 146.078753, 65.256315, 0.0 ], [ 146.078763, 65.256046, 0.0 ], [ 146.077478, 65.256038, 0.0 ], [ 146.077488, 65.255769, 0.0 ], [ 146.076203, 65.255761, 0.0 ], [ 146.076194, 65.25603, 0.0 ], [ 146.075552, 65.256026, 0.0 ], [ 146.075549, 65.256103, 0.0 ], [ 146.075542, 65.256295, 0.0 ], [ 146.074258, 65.256287, 0.0 ], [ 146.074248, 65.256556, 0.0 ], [ 146.072964, 65.256548, 0.0 ], [ 146.072973, 65.256279, 0.0 ], [ 146.072822, 65.256278, 0.0 ], [ 146.071689, 65.256271, 0.0 ], [ 146.071685, 65.256371, 0.0 ], [ 146.07166, 65.257079, 0.0 ], [ 146.072303, 65.257083, 0.0 ], [ 146.072265, 65.258159, 0.0 ], [ 146.071622, 65.258155, 0.0 ], [ 146.071613, 65.258424, 0.0 ], [ 146.069686, 65.258413, 0.0 ], [ 146.069677, 65.258682, 0.0 ], [ 146.069034, 65.258678, 0.0 ], [ 146.069015, 65.259216, 0.0 ], [ 146.068373, 65.259212, 0.0 ], [ 146.068364, 65.259481, 0.0 ], [ 146.069006, 65.259485, 0.0 ], [ 146.068968, 65.260562, 0.0 ], [ 146.068326, 65.260558, 0.0 ], [ 146.068307, 65.261096, 0.0 ], [ 146.068949, 65.2611, 0.0 ], [ 146.068892, 65.262715, 0.0 ], [ 146.069534, 65.262719, 0.0 ], [ 146.069516, 65.263257, 0.0 ], [ 146.070158, 65.263261, 0.0 ], [ 146.070111, 65.264607, 0.0 ], [ 146.070753, 65.264611, 0.0 ], [ 146.070706, 65.265956, 0.0 ], [ 146.070063, 65.265952, 0.0 ], [ 146.070035, 65.26676, 0.0 ], [ 146.069392, 65.266756, 0.0 ], [ 146.069383, 65.267025, 0.0 ], [ 146.06874, 65.267021, 0.0 ], [ 146.068731, 65.26729, 0.0 ], [ 146.068088, 65.267286, 0.0 ], [ 146.068069, 65.267824, 0.0 ], [ 146.067427, 65.26782, 0.0 ], [ 146.067398, 65.268628, 0.0 ], [ 146.066756, 65.268624, 0.0 ], [ 146.066746, 65.268893, 0.0 ], [ 146.066104, 65.268889, 0.0 ], [ 146.066085, 65.269427, 0.0 ], [ 146.065442, 65.269423, 0.0 ], [ 146.065433, 65.269692, 0.0 ], [ 146.06479, 65.269688, 0.0 ], [ 146.06478, 65.269958, 0.0 ], [ 146.061568, 65.269938, 0.0 ], [ 146.061577, 65.269668, 0.0 ], [ 146.060935, 65.269664, 0.0 ], [ 146.060944, 65.269395, 0.0 ], [ 146.060301, 65.269391, 0.0 ], [ 146.06033, 65.268584, 0.0 ], [ 146.059688, 65.26858, 0.0 ], [ 146.059716, 65.267773, 0.0 ], [ 146.060359, 65.267777, 0.0 ], [ 146.060378, 65.267238, 0.0 ], [ 146.059736, 65.267234, 0.0 ], [ 146.059745, 65.266965, 0.0 ], [ 146.057175, 65.266949, 0.0 ], [ 146.057185, 65.26668, 0.0 ], [ 146.055257, 65.266668, 0.0 ], [ 146.055228, 65.267475, 0.0 ], [ 146.055871, 65.267479, 0.0 ], [ 146.055861, 65.267748, 0.0 ], [ 146.055219, 65.267744, 0.0 ], [ 146.055209, 65.268013, 0.0 ], [ 146.053924, 65.268005, 0.0 ], [ 146.053914, 65.268275, 0.0 ], [ 146.052629, 65.268266, 0.0 ], [ 146.05262, 65.268536, 0.0 ], [ 146.051977, 65.268532, 0.0 ], [ 146.051967, 65.268801, 0.0 ], [ 146.05261, 65.268805, 0.0 ], [ 146.052581, 65.269612, 0.0 ], [ 146.053224, 65.269616, 0.0 ], [ 146.053195, 65.270424, 0.0 ], [ 146.053837, 65.270428, 0.0 ], [ 146.053828, 65.270697, 0.0 ], [ 146.05447, 65.270701, 0.0 ], [ 146.054461, 65.27097, 0.0 ], [ 146.055746, 65.270978, 0.0 ], [ 146.055736, 65.271247, 0.0 ], [ 146.056379, 65.271251, 0.0 ], [ 146.056369, 65.27152, 0.0 ], [ 146.057654, 65.271528, 0.0 ], [ 146.057645, 65.271798, 0.0 ], [ 146.058287, 65.271802, 0.0 ], [ 146.058278, 65.272071, 0.0 ], [ 146.05892, 65.272075, 0.0 ], [ 146.058911, 65.272344, 0.0 ], [ 146.059554, 65.272348, 0.0 ], [ 146.059496, 65.273963, 0.0 ], [ 146.058853, 65.273959, 0.0 ], [ 146.058815, 65.275035, 0.0 ], [ 146.058172, 65.275031, 0.0 ], [ 146.058144, 65.275839, 0.0 ], [ 146.057501, 65.275835, 0.0 ], [ 146.057482, 65.276373, 0.0 ], [ 146.056839, 65.276369, 0.0 ], [ 146.056791, 65.277715, 0.0 ], [ 146.056148, 65.27771, 0.0 ], [ 146.05609, 65.279325, 0.0 ], [ 146.056733, 65.279329, 0.0 ], [ 146.056704, 65.280137, 0.0 ], [ 146.057347, 65.280141, 0.0 ], [ 146.057309, 65.281217, 0.0 ], [ 146.057952, 65.281221, 0.0 ], [ 146.057932, 65.28176, 0.0 ], [ 146.058575, 65.281764, 0.0 ], [ 146.058566, 65.282033, 0.0 ], [ 146.059851, 65.282041, 0.0 ], [ 146.059842, 65.28231, 0.0 ], [ 146.062413, 65.282326, 0.0 ], [ 146.062404, 65.282595, 0.0 ], [ 146.063047, 65.282599, 0.0 ], [ 146.063037, 65.282868, 0.0 ], [ 146.064323, 65.282876, 0.0 ], [ 146.064313, 65.283145, 0.0 ], [ 146.065599, 65.283153, 0.0 ], [ 146.06559, 65.283422, 0.0 ], [ 146.066233, 65.283426, 0.0 ], [ 146.066223, 65.283696, 0.0 ], [ 146.067509, 65.283704, 0.0 ], [ 146.067499, 65.283973, 0.0 ], [ 146.068142, 65.283977, 0.0 ], [ 146.068133, 65.284246, 0.0 ], [ 146.068776, 65.28425, 0.0 ], [ 146.068766, 65.284519, 0.0 ], [ 146.070695, 65.284531, 0.0 ] ], [ [ 146.056475, 65.26856, 0.0 ], [ 146.056494, 65.268022, 0.0 ], [ 146.057779, 65.26803, 0.0 ], [ 146.05776, 65.268568, 0.0 ], [ 146.056475, 65.26856, 0.0 ] ] ] } },
{ "type": "Feature", "properties": { "rgi_id": "RGI2000-v7.0-G-10-00740", "o1region": "10", "o2region": "10-03", "glims_id": "G146019E65246N", "anlys_id": 423803, "subm_id": 636, "src_date": "2013-08-12T00:00:00", "cenlon": 146.02144107620759, "cenlat": 65.247054, "utm_zone": 55, "area_km2": 0.311639983643205, "primeclass": 0, "conn_lvl": 0, "surge_type": 0, "term_type": 9, "glac_name": "Tsaregradskogo", "is_rgi6": 1, "termlon": 146.02874243575602, "termlat": 65.252500722861598, "zmin_m": 1785.2957, "zmax_m": 2257.9976, "zmed_m": 1954.9961, "zmean_m": 1949.6335, "slope_deg": 15.130836, "aspect_deg": 15.44989, "aspect_sec": 1, "dem_source": "COPDEM30", "lmax_m": 1423 }, "geometry": { "type": "Polygon", "coordinates": [ [ [ 146.028135, 65.252766, 0.0 ], [ 146.028144, 65.252497, 0.0 ], [ 146.028787, 65.252501, 0.0 ], [ 146.028816, 65.251694, 0.0 ], [ 146.028174, 65.251689, 0.0 ], [ 146.028184, 65.25142, 0.0 ], [ 146.0269, 65.251412, 0.0 ], [ 146.02691, 65.251143, 0.0 ], [ 146.026268, 65.251139, 0.0 ], [ 146.026317, 65.249793, 0.0 ], [ 146.025675, 65.249789, 0.0 ], [ 146.025705, 65.248982, 0.0 ], [ 146.026347, 65.248986, 0.0 ], [ 146.026377, 65.248178, 0.0 ], [ 146.025735, 65.248174, 0.0 ], [ 146.025744, 65.247905, 0.0 ], [ 146.025102, 65.247901, 0.0 ], [ 146.025112, 65.247632, 0.0 ], [ 146.02447, 65.247628, 0.0 ], [ 146.02449, 65.247089, 0.0 ], [ 146.023848, 65.247085, 0.0 ], [ 146.023858, 65.246816, 0.0 ], [ 146.023216, 65.246812, 0.0 ], [ 146.023226, 65.246543, 0.0 ], [ 146.022584, 65.246538, 0.0 ], [ 146.022594, 65.246269, 0.0 ], [ 146.021952, 65.246265, 0.0 ], [ 146.021962, 65.245996, 0.0 ], [ 146.02132, 65.245992, 0.0 ], [ 146.02133, 65.245723, 0.0 ], [ 146.020688, 65.245719, 0.0 ], [ 146.020698, 65.245449, 0.0 ], [ 146.020056, 65.245445, 0.0 ], [ 146.020076, 65.244907, 0.0 ], [ 146.020718, 65.244911, 0.0 ], [ 146.020748, 65.244104, 0.0 ], [ 146.020106, 65.2441, 0.0 ], [ 146.020116, 65.24383, 0.0 ], [ 146.019474, 65.243826, 0.0 ], [ 146.019494, 65.243288, 0.0 ], [ 146.018852, 65.243284, 0.0 ], [ 146.018862, 65.243015, 0.0 ], [ 146.01822, 65.24301, 0.0 ], [ 146.01824, 65.242472, 0.0 ], [ 146.018882, 65.242476, 0.0 ], [ 146.018912, 65.241669, 0.0 ], [ 146.017628, 65.241661, 0.0 ], [ 146.017618, 65.24193, 0.0 ], [ 146.012483, 65.241896, 0.0 ], [ 146.012493, 65.241627, 0.0 ], [ 146.011851, 65.241623, 0.0 ], [ 146.011861, 65.241354, 0.0 ], [ 146.010577, 65.241345, 0.0 ], [ 146.010567, 65.241614, 0.0 ], [ 146.011209, 65.241619, 0.0 ], [ 146.011179, 65.242426, 0.0 ], [ 146.011821, 65.24243, 0.0 ], [ 146.011801, 65.242968, 0.0 ], [ 146.011159, 65.242964, 0.0 ], [ 146.011139, 65.243502, 0.0 ], [ 146.011781, 65.243507, 0.0 ], [ 146.01177, 65.243776, 0.0 ], [ 146.012412, 65.24378, 0.0 ], [ 146.012402, 65.244049, 0.0 ], [ 146.013044, 65.244053, 0.0 ], [ 146.013024, 65.244592, 0.0 ], [ 146.013666, 65.244596, 0.0 ], [ 146.013656, 65.244865, 0.0 ], [ 146.014298, 65.244869, 0.0 ], [ 146.014278, 65.245407, 0.0 ], [ 146.01492, 65.245412, 0.0 ], [ 146.01491, 65.245681, 0.0 ], [ 146.016194, 65.245689, 0.0 ], [ 146.016184, 65.245958, 0.0 ], [ 146.016826, 65.245963, 0.0 ], [ 146.016816, 65.246232, 0.0 ], [ 146.017458, 65.246236, 0.0 ], [ 146.017448, 65.246505, 0.0 ], [ 146.01809, 65.246509, 0.0 ], [ 146.01808, 65.246778, 0.0 ], [ 146.018722, 65.246783, 0.0 ], [ 146.018712, 65.247052, 0.0 ], [ 146.019354, 65.247056, 0.0 ], [ 146.019334, 65.247594, 0.0 ], [ 146.019976, 65.247598, 0.0 ], [ 146.019956, 65.248137, 0.0 ], [ 146.020598, 65.248141, 0.0 ], [ 146.020558, 65.249217, 0.0 ], [ 146.0212, 65.249221, 0.0 ], [ 146.02118, 65.24976, 0.0 ], [ 146.021823, 65.249764, 0.0 ], [ 146.021813, 65.250033, 0.0 ], [ 146.022455, 65.250037, 0.0 ], [ 146.022425, 65.250845, 0.0 ], [ 146.023067, 65.250849, 0.0 ], [ 146.023047, 65.251387, 0.0 ], [ 146.023689, 65.251391, 0.0 ], [ 146.023679, 65.25166, 0.0 ], [ 146.024321, 65.251665, 0.0 ], [ 146.024311, 65.251934, 0.0 ], [ 146.024954, 65.251938, 0.0 ], [ 146.024944, 65.252207, 0.0 ], [ 146.025586, 65.252211, 0.0 ], [ 146.025576, 65.25248, 0.0 ], [ 146.02686, 65.252489, 0.0 ], [ 146.02685, 65.252758, 0.0 ], [ 146.028135, 65.252766, 0.0 ] ] ] } },
{ "type": "Feature", "properties": { "rgi_id": "RGI2000-v7.0-G-10-00741", "o1region": "10", "o2region": "10-03", "glims_id": "G146007E65309N", "anlys_id": 423800, "subm_id": 636, "src_date": "2009-08-15T00:00:00", "cenlon": 146.00130389228229, "cenlat": 65.308383, "utm_zone": 55, "area_km2": 1.8022473415672711, "primeclass": 0, "conn_lvl": 0, "surge_type": 0, "term_type": 9, "glac_name": "Senkina", "is_rgi6": 1, "termlon": 146.00296067269562, "termlat": 65.324163837646239, "zmin_m": 1766.7908, "zmax_m": 2494.9487, "zmed_m": 2095.0654, "zmean_m": 2097.36, "slope_deg": 14.010185, "aspect_deg": 358.69536566734314, "aspect_sec": 1, "dem_source": "COPDEM30", "lmax_m": 3583 }, "geometry": { "type": "Polygon", "coordinates": [ [ [ 146.004246, 65.324217, 0.0 ], [ 146.004257, 65.323948, 0.0 ], [ 146.0049, 65.323952, 0.0 ], [ 146.004911, 65.323683, 0.0 ], [ 146.005555, 65.323687, 0.0 ], [ 146.005595, 65.322611, 0.0 ], [ 146.006239, 65.322615, 0.0 ], [ 146.00631, 65.320731, 0.0 ], [ 146.006954, 65.320735, 0.0 ], [ 146.006984, 65.319928, 0.0 ], [ 146.007628, 65.319932, 0.0 ], [ 146.007669, 65.318856, 0.0 ], [ 146.008312, 65.31886, 0.0 ], [ 146.008322, 65.318591, 0.0 ], [ 146.008966, 65.318595, 0.0 ], [ 146.008986, 65.318057, 0.0 ], [ 146.00963, 65.318061, 0.0 ], [ 146.009661, 65.317254, 0.0 ], [ 146.010304, 65.317258, 0.0 ], [ 146.010314, 65.316989, 0.0 ], [ 146.010958, 65.316993, 0.0 ], [ 146.010968, 65.316724, 0.0 ], [ 146.011612, 65.316728, 0.0 ], [ 146.011632, 65.31619, 0.0 ], [ 146.012276, 65.316194, 0.0 ], [ 146.012306, 65.315386, 0.0 ], [ 146.01295, 65.315391, 0.0 ], [ 146.013051, 65.312699, 0.0 ], [ 146.012407, 65.312695, 0.0 ], [ 146.012457, 65.311349, 0.0 ], [ 146.011814, 65.311345, 0.0 ], [ 146.011844, 65.310538, 0.0 ], [ 146.0112, 65.310534, 0.0 ], [ 146.011291, 65.308111, 0.0 ], [ 146.010648, 65.308107, 0.0 ], [ 146.010668, 65.307569, 0.0 ], [ 146.010024, 65.307565, 0.0 ], [ 146.010055, 65.306757, 0.0 ], [ 146.010698, 65.306762, 0.0 ], [ 146.010728, 65.305954, 0.0 ], [ 146.011372, 65.305958, 0.0 ], [ 146.011392, 65.30542, 0.0 ], [ 146.012036, 65.305424, 0.0 ], [ 146.012046, 65.305155, 0.0 ], [ 146.012689, 65.305159, 0.0 ], [ 146.012699, 65.30489, 0.0 ], [ 146.013343, 65.304895, 0.0 ], [ 146.013433, 65.302472, 0.0 ], [ 146.014077, 65.302477, 0.0 ], [ 146.014087, 65.302207, 0.0 ], [ 146.01473, 65.302212, 0.0 ], [ 146.0148, 65.300328, 0.0 ], [ 146.014157, 65.300323, 0.0 ], [ 146.014167, 65.300054, 0.0 ], [ 146.01288, 65.300046, 0.0 ], [ 146.012961, 65.297893, 0.0 ], [ 146.013604, 65.297897, 0.0 ], [ 146.013634, 65.29709, 0.0 ], [ 146.014278, 65.297094, 0.0 ], [ 146.014288, 65.296825, 0.0 ], [ 146.014931, 65.296829, 0.0 ], [ 146.014951, 65.296291, 0.0 ], [ 146.015594, 65.296295, 0.0 ], [ 146.015624, 65.295487, 0.0 ], [ 146.016268, 65.295492, 0.0 ], [ 146.016278, 65.295223, 0.0 ], [ 146.016921, 65.295227, 0.0 ], [ 146.016931, 65.294958, 0.0 ], [ 146.017574, 65.294962, 0.0 ], [ 146.017584, 65.294693, 0.0 ], [ 146.018227, 65.294697, 0.0 ], [ 146.018252, 65.294018, 0.0 ], [ 146.018267, 65.29362, 0.0 ], [ 146.017372, 65.293614, 0.0 ], [ 146.016338, 65.293608, 0.0 ], [ 146.016348, 65.293339, 0.0 ], [ 146.015705, 65.293334, 0.0 ], [ 146.015712, 65.293141, 0.0 ], [ 146.015715, 65.293065, 0.0 ], [ 146.01524, 65.293062, 0.0 ], [ 146.013142, 65.293048, 0.0 ], [ 146.013151, 65.29281, 0.0 ], [ 146.013152, 65.292779, 0.0 ], [ 146.0127, 65.292776, 0.0 ], [ 146.011433, 65.292768, 0.0 ], [ 146.008007, 65.292746, 0.0 ], [ 146.008001, 65.292917, 0.0 ], [ 146.007997, 65.293015, 0.0 ], [ 146.007354, 65.29301, 0.0 ], [ 146.007303, 65.294356, 0.0 ], [ 146.005374, 65.294343, 0.0 ], [ 146.005384, 65.294074, 0.0 ], [ 146.004741, 65.29407, 0.0 ], [ 146.004761, 65.293532, 0.0 ], [ 146.004474, 65.29353, 0.0 ], [ 146.003475, 65.293523, 0.0 ], [ 146.003465, 65.293792, 0.0 ], [ 146.002822, 65.293788, 0.0 ], [ 146.002805, 65.294219, 0.0 ], [ 146.002791, 65.294595, 0.0 ], [ 146.003434, 65.2946, 0.0 ], [ 146.003424, 65.294869, 0.0 ], [ 146.004067, 65.294873, 0.0 ], [ 146.004057, 65.295142, 0.0 ], [ 146.005343, 65.295151, 0.0 ], [ 146.005333, 65.29542, 0.0 ], [ 146.005976, 65.295424, 0.0 ], [ 146.005966, 65.295693, 0.0 ], [ 146.00661, 65.295698, 0.0 ], [ 146.006559, 65.297043, 0.0 ], [ 146.007202, 65.297047, 0.0 ], [ 146.007182, 65.297586, 0.0 ], [ 146.006539, 65.297581, 0.0 ], [ 146.006518, 65.29812, 0.0 ], [ 146.005875, 65.298115, 0.0 ], [ 146.005804, 65.299999, 0.0 ], [ 146.005161, 65.299995, 0.0 ], [ 146.00514, 65.300533, 0.0 ], [ 146.005784, 65.300538, 0.0 ], [ 146.005763, 65.301076, 0.0 ], [ 146.00512, 65.301072, 0.0 ], [ 146.00511, 65.301341, 0.0 ], [ 146.004467, 65.301337, 0.0 ], [ 146.004446, 65.301875, 0.0 ], [ 146.003803, 65.301871, 0.0 ], [ 146.003783, 65.302409, 0.0 ], [ 146.003139, 65.302405, 0.0 ], [ 146.003058, 65.304558, 0.0 ], [ 146.002415, 65.304553, 0.0 ], [ 146.002384, 65.305361, 0.0 ], [ 146.001741, 65.305357, 0.0 ], [ 146.00172, 65.305895, 0.0 ], [ 146.001077, 65.305891, 0.0 ], [ 146.001067, 65.30616, 0.0 ], [ 146.000423, 65.306155, 0.0 ], [ 146.000362, 65.30777, 0.0 ], [ 146.001005, 65.307774, 0.0 ], [ 146.000995, 65.308044, 0.0 ], [ 145.999708, 65.308035, 0.0 ], [ 145.999718, 65.307766, 0.0 ], [ 145.999075, 65.307762, 0.0 ], [ 145.999085, 65.307493, 0.0 ], [ 145.998442, 65.307488, 0.0 ], [ 145.998452, 65.307219, 0.0 ], [ 145.997808, 65.307215, 0.0 ], [ 145.997819, 65.306946, 0.0 ], [ 145.997175, 65.306941, 0.0 ], [ 145.997185, 65.306672, 0.0 ], [ 145.996542, 65.306668, 0.0 ], [ 145.996562, 65.30613, 0.0 ], [ 145.995919, 65.306125, 0.0 ], [ 145.995991, 65.304242, 0.0 ], [ 145.995347, 65.304237, 0.0 ], [ 145.995368, 65.303699, 0.0 ], [ 145.994724, 65.303695, 0.0 ], [ 145.994745, 65.303156, 0.0 ], [ 145.994101, 65.303152, 0.0 ], [ 145.994204, 65.300461, 0.0 ], [ 145.994847, 65.300465, 0.0 ], [ 145.994868, 65.299927, 0.0 ], [ 145.992938, 65.299914, 0.0 ], [ 145.992928, 65.300183, 0.0 ], [ 145.992284, 65.300179, 0.0 ], [ 145.992274, 65.300448, 0.0 ], [ 145.991631, 65.300444, 0.0 ], [ 145.991621, 65.300713, 0.0 ], [ 145.990334, 65.300704, 0.0 ], [ 145.990324, 65.300973, 0.0 ], [ 145.98968, 65.300969, 0.0 ], [ 145.98967, 65.301238, 0.0 ], [ 145.98774, 65.301225, 0.0 ], [ 145.98775, 65.300956, 0.0 ], [ 145.987107, 65.300952, 0.0 ], [ 145.987117, 65.300683, 0.0 ], [ 145.985831, 65.300674, 0.0 ], [ 145.985841, 65.300405, 0.0 ], [ 145.985198, 65.3004, 0.0 ], [ 145.985208, 65.300131, 0.0 ], [ 145.984565, 65.300127, 0.0 ], [ 145.984575, 65.299858, 0.0 ], [ 145.983932, 65.299854, 0.0 ], [ 145.983921, 65.300123, 0.0 ], [ 145.983278, 65.300118, 0.0 ], [ 145.983268, 65.300387, 0.0 ], [ 145.982624, 65.300383, 0.0 ], [ 145.982604, 65.300921, 0.0 ], [ 145.98196, 65.300917, 0.0 ], [ 145.981929, 65.301724, 0.0 ], [ 145.982573, 65.301729, 0.0 ], [ 145.982562, 65.301998, 0.0 ], [ 145.983206, 65.302002, 0.0 ], [ 145.983195, 65.302271, 0.0 ], [ 145.984482, 65.30228, 0.0 ], [ 145.984472, 65.302549, 0.0 ], [ 145.985115, 65.302554, 0.0 ], [ 145.985094, 65.303092, 0.0 ], [ 145.985738, 65.303096, 0.0 ], [ 145.985727, 65.303365, 0.0 ], [ 145.986371, 65.30337, 0.0 ], [ 145.98634, 65.304177, 0.0 ], [ 145.986983, 65.304181, 0.0 ], [ 145.986962, 65.30472, 0.0 ], [ 145.987606, 65.304724, 0.0 ], [ 145.987554, 65.30607, 0.0 ], [ 145.988198, 65.306074, 0.0 ], [ 145.988187, 65.306343, 0.0 ], [ 145.988831, 65.306347, 0.0 ], [ 145.9888, 65.307155, 0.0 ], [ 145.989443, 65.307159, 0.0 ], [ 145.989433, 65.307428, 0.0 ], [ 145.990076, 65.307432, 0.0 ], [ 145.990056, 65.307971, 0.0 ], [ 145.990699, 65.307975, 0.0 ], [ 145.990689, 65.308244, 0.0 ], [ 145.991332, 65.308248, 0.0 ], [ 145.991322, 65.308518, 0.0 ], [ 145.991966, 65.308522, 0.0 ], [ 145.991955, 65.308791, 0.0 ], [ 145.992599, 65.308795, 0.0 ], [ 145.992589, 65.309064, 0.0 ], [ 145.993876, 65.309073, 0.0 ], [ 145.993865, 65.309342, 0.0 ], [ 145.994509, 65.309346, 0.0 ], [ 145.994499, 65.309616, 0.0 ], [ 145.995786, 65.309624, 0.0 ], [ 145.995775, 65.309893, 0.0 ], [ 145.997706, 65.309906, 0.0 ], [ 145.997696, 65.310175, 0.0 ], [ 145.998983, 65.310184, 0.0 ], [ 145.998973, 65.310453, 0.0 ], [ 146.00026, 65.310462, 0.0 ], [ 146.00025, 65.310731, 0.0 ], [ 146.000893, 65.310735, 0.0 ], [ 146.000883, 65.311004, 0.0 ], [ 146.001527, 65.311008, 0.0 ], [ 146.001516, 65.311277, 0.0 ], [ 146.00216, 65.311282, 0.0 ], [ 146.00215, 65.311551, 0.0 ], [ 146.002793, 65.311555, 0.0 ], [ 146.002783, 65.311824, 0.0 ], [ 146.003427, 65.311828, 0.0 ], [ 146.003396, 65.312636, 0.0 ], [ 146.00404, 65.31264, 0.0 ], [ 146.00402, 65.313178, 0.0 ], [ 146.004663, 65.313183, 0.0 ], [ 146.004623, 65.314259, 0.0 ], [ 146.005266, 65.314263, 0.0 ], [ 146.005246, 65.314802, 0.0 ], [ 146.00589, 65.314806, 0.0 ], [ 146.005869, 65.315344, 0.0 ], [ 146.005226, 65.31534, 0.0 ], [ 146.005205, 65.315878, 0.0 ], [ 146.004562, 65.315874, 0.0 ], [ 146.004531, 65.316681, 0.0 ], [ 146.003887, 65.316677, 0.0 ], [ 146.003857, 65.317484, 0.0 ], [ 146.003213, 65.31748, 0.0 ], [ 146.003183, 65.318288, 0.0 ], [ 146.002539, 65.318283, 0.0 ], [ 146.002396, 65.322051, 0.0 ], [ 146.001752, 65.322047, 0.0 ], [ 146.001691, 65.323662, 0.0 ], [ 146.002335, 65.323666, 0.0 ], [ 146.002325, 65.323935, 0.0 ], [ 146.002969, 65.323939, 0.0 ], [ 146.002959, 65.324209, 0.0 ], [ 146.004246, 65.324217, 0.0 ] ] ] } },
{ "type": "Feature", "properties": { "rgi_id": "RGI2000-v7.0-G-10-00742", "o1region": "10", "o2region": "10-03", "glims_id": "G146024E65324N", "anlys_id": 423807, "subm_id": 636, "src_date": "2009-08-15T00:00:00", "cenlon": 146.0248515085695, "cenlat": 65.3243515, "utm_zone": 55, "area_km2": 0.44043065756591598, "primeclass": 0, "conn_lvl": 0, "surge_type": 0, "term_type": 9, "glac_name": "37", "is_rgi6": 1, "termlon": 146.01797415409911, "termlat": 65.331844278591419, "zmin_m": 1877.4678, "zmax_m": 2326.2244, "zmed_m": 2078.7913, "zmean_m": 2079.5535, "slope_deg": 16.157598, "aspect_deg": 359.20042014122009, "aspect_sec": 1, "dem_source": "COPDEM30", "lmax_m": 1700 }, "geometry": { "type": "Polygon", "coordinates": [ [ [ 146.01942, 65.331854, 0.0 ], [ 146.01943, 65.331585, 0.0 ], [ 146.020074, 65.331589, 0.0 ], [ 146.020104, 65.330782, 0.0 ], [ 146.020748, 65.330786, 0.0 ], [ 146.020768, 65.330248, 0.0 ], [ 146.021412, 65.330252, 0.0 ], [ 146.021432, 65.329713, 0.0 ], [ 146.022076, 65.329718, 0.0 ], [ 146.022096, 65.329179, 0.0 ], [ 146.02274, 65.329184, 0.0 ], [ 146.02278, 65.328107, 0.0 ], [ 146.023424, 65.328111, 0.0 ], [ 146.023444, 65.327573, 0.0 ], [ 146.024088, 65.327577, 0.0 ], [ 146.024118, 65.32677, 0.0 ], [ 146.024762, 65.326774, 0.0 ], [ 146.024782, 65.326236, 0.0 ], [ 146.025425, 65.32624, 0.0 ], [ 146.025445, 65.325701, 0.0 ], [ 146.026089, 65.325706, 0.0 ], [ 146.026099, 65.325436, 0.0 ], [ 146.026743, 65.325441, 0.0 ], [ 146.026763, 65.324902, 0.0 ], [ 146.027407, 65.324907, 0.0 ], [ 146.027417, 65.324637, 0.0 ], [ 146.028061, 65.324642, 0.0 ], [ 146.028081, 65.324103, 0.0 ], [ 146.028725, 65.324107, 0.0 ], [ 146.028764, 65.323031, 0.0 ], [ 146.029408, 65.323035, 0.0 ], [ 146.029428, 65.322497, 0.0 ], [ 146.030072, 65.322501, 0.0 ], [ 146.030111, 65.321424, 0.0 ], [ 146.030755, 65.321429, 0.0 ], [ 146.030775, 65.32089, 0.0 ], [ 146.031419, 65.320894, 0.0 ], [ 146.031547, 65.317396, 0.0 ], [ 146.030904, 65.317392, 0.0 ], [ 146.030909, 65.317258, 0.0 ], [ 146.030914, 65.317122, 0.0 ], [ 146.029836, 65.317115, 0.0 ], [ 146.028339, 65.317106, 0.0 ], [ 146.028329, 65.317375, 0.0 ], [ 146.026398, 65.317362, 0.0 ], [ 146.026388, 65.317632, 0.0 ], [ 146.025744, 65.317627, 0.0 ], [ 146.025724, 65.318166, 0.0 ], [ 146.02508, 65.318162, 0.0 ], [ 146.02505, 65.318969, 0.0 ], [ 146.025694, 65.318973, 0.0 ], [ 146.025684, 65.319242, 0.0 ], [ 146.02504, 65.319238, 0.0 ], [ 146.025011, 65.320046, 0.0 ], [ 146.024367, 65.320041, 0.0 ], [ 146.024327, 65.321118, 0.0 ], [ 146.023683, 65.321114, 0.0 ], [ 146.023673, 65.321383, 0.0 ], [ 146.023029, 65.321379, 0.0 ], [ 146.022979, 65.322724, 0.0 ], [ 146.022336, 65.32272, 0.0 ], [ 146.022286, 65.324066, 0.0 ], [ 146.021642, 65.324062, 0.0 ], [ 146.021622, 65.3246, 0.0 ], [ 146.020978, 65.324596, 0.0 ], [ 146.020948, 65.325403, 0.0 ], [ 146.020304, 65.325399, 0.0 ], [ 146.020294, 65.325668, 0.0 ], [ 146.01965, 65.325664, 0.0 ], [ 146.01964, 65.325933, 0.0 ], [ 146.018996, 65.325929, 0.0 ], [ 146.018986, 65.326198, 0.0 ], [ 146.018342, 65.326194, 0.0 ], [ 146.018322, 65.326732, 0.0 ], [ 146.017678, 65.326728, 0.0 ], [ 146.017618, 65.328343, 0.0 ], [ 146.018262, 65.328347, 0.0 ], [ 146.018242, 65.328885, 0.0 ], [ 146.017598, 65.328881, 0.0 ], [ 146.017558, 65.329957, 0.0 ], [ 146.016914, 65.329953, 0.0 ], [ 146.016853, 65.331568, 0.0 ], [ 146.017497, 65.331572, 0.0 ], [ 146.017487, 65.331841, 0.0 ], [ 146.01942, 65.331854, 0.0 ] ] ] } },
{ "type": "Feature", "properties": { "rgi_id": "RGI2000-v7.0-G-10-00743", "o1region": "10", "o2region": "10-03", "glims_id": "G146034E65329N", "anlys_id": 423810, "subm_id": 636, "src_date": "2009-08-15T00:00:00", "cenlon": 146.03536711826209, "cenlat": 65.3273805, "utm_zone": 55, "area_km2": 0.181950513107105, "primeclass": 0, "conn_lvl": 0, "surge_type": 0, "term_type": 9, "glac_name": "36", "is_rgi6": 1, "termlon": 146.03232589720741, "termlat": 65.331267147923626, "zmin_m": 1916.0237, "zmax_m": 2347.6846, "zmed_m": 2141.1426, "zmean_m": 2140.4602, "slope_deg": 25.869772, "aspect_deg": 4.0342393, "aspect_sec": 1, "dem_source": "COPDEM30", "lmax_m": 936 }, "geometry": { "type": "Polygon", "coordinates": [ [ [ 146.033609, 65.331407, 0.0 ], [ 146.033629, 65.330869, 0.0 ], [ 146.034273, 65.330873, 0.0 ], [ 146.034283, 65.330604, 0.0 ], [ 146.034927, 65.330608, 0.0 ], [ 146.034947, 65.33007, 0.0 ], [ 146.035591, 65.330074, 0.0 ], [ 146.035601, 65.329805, 0.0 ], [ 146.036245, 65.329809, 0.0 ], [ 146.036264, 65.329271, 0.0 ], [ 146.036908, 65.329275, 0.0 ], [ 146.036948, 65.328198, 0.0 ], [ 146.037592, 65.328202, 0.0 ], [ 146.037631, 65.327126, 0.0 ], [ 146.038275, 65.32713, 0.0 ], [ 146.038334, 65.325515, 0.0 ], [ 146.038978, 65.325519, 0.0 ], [ 146.038998, 65.324981, 0.0 ], [ 146.039641, 65.324985, 0.0 ], [ 146.039671, 65.324178, 0.0 ], [ 146.039027, 65.324173, 0.0 ], [ 146.039033, 65.324019, 0.0 ], [ 146.039037, 65.323904, 0.0 ], [ 146.038462, 65.323901, 0.0 ], [ 146.038393, 65.3239, 0.0 ], [ 146.038393, 65.323886, 0.0 ], [ 146.038403, 65.323631, 0.0 ], [ 146.037759, 65.323627, 0.0 ], [ 146.037769, 65.323358, 0.0 ], [ 146.035193, 65.323341, 0.0 ], [ 146.035182, 65.32365, 0.0 ], [ 146.035173, 65.32388, 0.0 ], [ 146.03453, 65.323875, 0.0 ], [ 146.03447, 65.32549, 0.0 ], [ 146.033826, 65.325486, 0.0 ], [ 146.033807, 65.326024, 0.0 ], [ 146.033163, 65.32602, 0.0 ], [ 146.033153, 65.326289, 0.0 ], [ 146.032509, 65.326285, 0.0 ], [ 146.032489, 65.326824, 0.0 ], [ 146.033133, 65.326828, 0.0 ], [ 146.033103, 65.327635, 0.0 ], [ 146.032459, 65.327631, 0.0 ], [ 146.03242, 65.328708, 0.0 ], [ 146.031776, 65.328703, 0.0 ], [ 146.031766, 65.328973, 0.0 ], [ 146.031122, 65.328968, 0.0 ], [ 146.031082, 65.330045, 0.0 ], [ 146.031726, 65.330049, 0.0 ], [ 146.031717, 65.330318, 0.0 ], [ 146.032361, 65.330322, 0.0 ], [ 146.032321, 65.331399, 0.0 ], [ 146.033609, 65.331407, 0.0 ] ] ] } },
{ "type": "Feature", "properties": { "rgi_id": "RGI2000-v7.0-G-10-00744", "o1region": "10", "o2region": "10-03", "glims_id": "G146052E65343N", "anlys_id": 423816, "subm_id": 636, "src_date": "2013-08-12T00:00:00", "cenlon": 146.05255022258365, "cenlat": 65.3421365, "utm_zone": 55, "area_km2": 0.33956196677933498, "primeclass": 0, "conn_lvl": 0, "surge_type": 0, "term_type": 9, "glac_name": "35", "is_rgi6": 1, "termlon": 146.05560673955762, "termlat": 65.346763032706363, "zmin_m": 1928.0255, "zmax_m": 2350.2166, "zmed_m": 2139.4531, "zmean_m": 2131.172, "slope_deg": 23.036654, "aspect_deg": 358.07210552692413, "aspect_sec": 1, "dem_source": "COPDEM30", "lmax_m": 1104 }, "geometry": { "type": "Polygon", "coordinates": [ [ [ 146.057536, 65.346903, 0.0 ], [ 146.057545, 65.346633, 0.0 ], [ 146.05819, 65.346637, 0.0 ], [ 146.058199, 65.346368, 0.0 ], [ 146.058844, 65.346372, 0.0 ], [ 146.058911, 65.344488, 0.0 ], [ 146.058267, 65.344484, 0.0 ], [ 146.058295, 65.343677, 0.0 ], [ 146.057651, 65.343673, 0.0 ], [ 146.057661, 65.343404, 0.0 ], [ 146.057016, 65.3434, 0.0 ], [ 146.057055, 65.342323, 0.0 ], [ 146.056411, 65.342319, 0.0 ], [ 146.05643, 65.341781, 0.0 ], [ 146.055786, 65.341777, 0.0 ], [ 146.055853, 65.339893, 0.0 ], [ 146.056497, 65.339897, 0.0 ], [ 146.056507, 65.339628, 0.0 ], [ 146.057151, 65.339632, 0.0 ], [ 146.057161, 65.339363, 0.0 ], [ 146.057749, 65.339366, 0.0 ], [ 146.057805, 65.339367, 0.0 ], [ 146.057824, 65.338829, 0.0 ], [ 146.05718, 65.338825, 0.0 ], [ 146.05719, 65.338555, 0.0 ], [ 146.056546, 65.338551, 0.0 ], [ 146.056555, 65.338282, 0.0 ], [ 146.055911, 65.338278, 0.0 ], [ 146.055921, 65.338009, 0.0 ], [ 146.055276, 65.338005, 0.0 ], [ 146.055286, 65.337736, 0.0 ], [ 146.054642, 65.337732, 0.0 ], [ 146.054651, 65.337463, 0.0 ], [ 146.051922, 65.337446, 0.0 ], [ 146.050786, 65.337438, 0.0 ], [ 146.050708, 65.339592, 0.0 ], [ 146.050064, 65.339587, 0.0 ], [ 146.050074, 65.339318, 0.0 ], [ 146.04943, 65.339314, 0.0 ], [ 146.049439, 65.339045, 0.0 ], [ 146.046862, 65.339029, 0.0 ], [ 146.046853, 65.339298, 0.0 ], [ 146.046208, 65.339294, 0.0 ], [ 146.046199, 65.339563, 0.0 ], [ 146.045554, 65.339559, 0.0 ], [ 146.045544, 65.339828, 0.0 ], [ 146.0449, 65.339824, 0.0 ], [ 146.044881, 65.340362, 0.0 ], [ 146.045525, 65.340366, 0.0 ], [ 146.045496, 65.341174, 0.0 ], [ 146.04614, 65.341178, 0.0 ], [ 146.04613, 65.341447, 0.0 ], [ 146.046775, 65.341451, 0.0 ], [ 146.046765, 65.34172, 0.0 ], [ 146.047409, 65.341724, 0.0 ], [ 146.047399, 65.341993, 0.0 ], [ 146.048688, 65.342002, 0.0 ], [ 146.048678, 65.342271, 0.0 ], [ 146.049967, 65.342279, 0.0 ], [ 146.049957, 65.342548, 0.0 ], [ 146.050602, 65.342552, 0.0 ], [ 146.050592, 65.342821, 0.0 ], [ 146.051236, 65.342825, 0.0 ], [ 146.051217, 65.343363, 0.0 ], [ 146.051861, 65.343368, 0.0 ], [ 146.051852, 65.343637, 0.0 ], [ 146.052496, 65.343641, 0.0 ], [ 146.052467, 65.344448, 0.0 ], [ 146.053111, 65.344452, 0.0 ], [ 146.053082, 65.34526, 0.0 ], [ 146.053727, 65.345264, 0.0 ], [ 146.053698, 65.346071, 0.0 ], [ 146.054342, 65.346075, 0.0 ], [ 146.054333, 65.346344, 0.0 ], [ 146.054977, 65.346348, 0.0 ], [ 146.054967, 65.346617, 0.0 ], [ 146.055612, 65.346621, 0.0 ], [ 146.055602, 65.346891, 0.0 ], [ 146.057536, 65.346903, 0.0 ] ] ] } }
]
}
