cell_key,layer,rows,columns,affine,crs,stored_crs_equal,source_count,missing_object_ids,value_sha256,replay_value_sha256,replay_affine_equal,finite_mask_equal,replay_max_abs_difference
rgi7.0|global|south=+054|west=-0164,p00,3783,2256,"(30.0, 0.0, -33810.0, 0.0, -30.0, 56820.0, 0.0, 0.0, 1.0)","PROJCRS[""unknown"",BASEGEOGCRS[""unknown"",DATUM[""World Geodetic System 1984"",ELLIPSOID[""WGS 84"",6378137,298.257223563,LENGTHUNIT[""metre"",1]],ID[""EPSG"",6326]],PRIMEM[""Greenwich"",0,ANGLEUNIT[""degree"",0.0174532925199433],ID[""EPSG"",8901]]],CONVERSION[""unknown"",METHOD[""Lambert Azimuthal Equal Area"",ID[""EPSG"",9820]],PARAMETER[""Latitude of natural origin"",54.5,ANGLEUNIT[""degree"",0.0174532925199433],ID[""EPSG"",8801]],PARAMETER[""Longitude of natural origin"",-163.5,ANGLEUNIT[""degree"",0.0174532925199433],ID[""EPSG"",8802]],PARAMETER[""False easting"",0,LENGTHUNIT[""metre"",1],ID[""EPSG"",8806]],PARAMETER[""False northing"",0,LENGTHUNIT[""metre"",1],ID[""EPSG"",8807]]],CS[Cartesian,2],AXIS[""(E)"",east,ORDER[1],LENGTHUNIT[""metre"",1,ID[""EPSG"",9001]]],AXIS[""(N)"",north,ORDER[2],LENGTHUNIT[""metre"",1,ID[""EPSG"",9001]]]]",True,5,"[""Copernicus_DSM_COG_10_N53_00_W163_00_DEM"", ""Copernicus_DSM_COG_10_N53_00_W164_00_DEM"", ""Copernicus_DSM_COG_10_N53_00_W165_00_DEM"", ""Copernicus_DSM_COG_10_N55_00_W165_00_DEM""]",953f2484c3b017f50fb42d4ff5a0575bed191e87f61e96bf004fead7598fdadc,953f2484c3b017f50fb42d4ff5a0575bed191e87f61e96bf004fead7598fdadc,True,True,0.0
rgi7.0|global|south=+054|west=-0164,p10,3782,2253,"(30.0, 0.0, -33795.0, 0.0, -30.0, 56790.0, 0.0, 0.0, 1.0)","PROJCRS[""unknown"",BASEGEOGCRS[""unknown"",DATUM[""World Geodetic System 1984"",ELLIPSOID[""WGS 84"",6378137,298.257223563,LENGTHUNIT[""metre"",1]],ID[""EPSG"",6326]],PRIMEM[""Greenwich"",0,ANGLEUNIT[""degree"",0.0174532925199433],ID[""EPSG"",8901]]],CONVERSION[""unknown"",METHOD[""Lambert Azimuthal Equal Area"",ID[""EPSG"",9820]],PARAMETER[""Latitude of natural origin"",54.5,ANGLEUNIT[""degree"",0.0174532925199433],ID[""EPSG"",8801]],PARAMETER[""Longitude of natural origin"",-163.5,ANGLEUNIT[""degree"",0.0174532925199433],ID[""EPSG"",8802]],PARAMETER[""False easting"",0,LENGTHUNIT[""metre"",1],ID[""EPSG"",8806]],PARAMETER[""False northing"",0,LENGTHUNIT[""metre"",1],ID[""EPSG"",8807]]],CS[Cartesian,2],AXIS[""(E)"",east,ORDER[1],LENGTHUNIT[""metre"",1,ID[""EPSG"",9001]]],AXIS[""(N)"",north,ORDER[2],LENGTHUNIT[""metre"",1,ID[""EPSG"",9001]]]]",True,5,"[""Copernicus_DSM_COG_10_N53_00_W163_00_DEM"", ""Copernicus_DSM_COG_10_N53_00_W164_00_DEM"", ""Copernicus_DSM_COG_10_N53_00_W165_00_DEM"", ""Copernicus_DSM_COG_10_N55_00_W165_00_DEM""]",fbb9a8f01ff10cb61be11ff47db73c61365df640ce8d174f04a9c5898ef1b021,fbb9a8f01ff10cb61be11ff47db73c61365df640ce8d174f04a9c5898ef1b021,True,True,0.0
rgi7.0|global|south=+054|west=-0164,p01,3781,2254,"(30.0, 0.0, -33810.0, 0.0, -30.0, 56775.0, 0.0, 0.0, 1.0)","PROJCRS[""unknown"",BASEGEOGCRS[""unknown"",DATUM[""World Geodetic System 1984"",ELLIPSOID[""WGS 84"",6378137,298.257223563,LENGTHUNIT[""metre"",1]],ID[""EPSG"",6326]],PRIMEM[""Greenwich"",0,ANGLEUNIT[""degree"",0.0174532925199433],ID[""EPSG"",8901]]],CONVERSION[""unknown"",METHOD[""Lambert Azimuthal Equal Area"",ID[""EPSG"",9820]],PARAMETER[""Latitude of natural origin"",54.5,ANGLEUNIT[""degree"",0.0174532925199433],ID[""EPSG"",8801]],PARAMETER[""Longitude of natural origin"",-163.5,ANGLEUNIT[""degree"",0.0174532925199433],ID[""EPSG"",8802]],PARAMETER[""False easting"",0,LENGTHUNIT[""metre"",1],ID[""EPSG"",8806]],PARAMETER[""False northing"",0,LENGTHUNIT[""metre"",1],ID[""EPSG"",8807]]],CS[Cartesian,2],AXIS[""(E)"",east,ORDER[1],LENGTHUNIT[""metre"",1,ID[""EPSG"",9001]]],AXIS[""(N)"",north,ORDER[2],LENGTHUNIT[""metre"",1,ID[""EPSG"",9001]]]]",True,5,"[""Copernicus_DSM_COG_10_N53_00_W163_00_DEM"", ""Copernicus_DSM_COG_10_N53_00_W164_00_DEM"", ""Copernicus_DSM_COG_10_N53_00_W165_00_DEM"", ""Copernicus_DSM_COG_10_N55_00_W165_00_DEM""]",94ad2d97fc02eebda3c156bb13ad70efe92ae4703265e855eb66e567674b5395,94ad2d97fc02eebda3c156bb13ad70efe92ae4703265e855eb66e567674b5395,True,True,0.0
rgi7.0|global|south=+054|west=-0164,p11,3781,2253,"(30.0, 0.0, -33795.0, 0.0, -30.0, 56775.0, 0.0, 0.0, 1.0)","PROJCRS[""unknown"",BASEGEOGCRS[""unknown"",DATUM[""World Geodetic System 1984"",ELLIPSOID[""WGS 84"",6378137,298.257223563,LENGTHUNIT[""metre"",1]],ID[""EPSG"",6326]],PRIMEM[""Greenwich"",0,ANGLEUNIT[""degree"",0.0174532925199433],ID[""EPSG"",8901]]],CONVERSION[""unknown"",METHOD[""Lambert Azimuthal Equal Area"",ID[""EPSG"",9820]],PARAMETER[""Latitude of natural origin"",54.5,ANGLEUNIT[""degree"",0.0174532925199433],ID[""EPSG"",8801]],PARAMETER[""Longitude of natural origin"",-163.5,ANGLEUNIT[""degree"",0.0174532925199433],ID[""EPSG"",8802]],PARAMETER[""False easting"",0,LENGTHUNIT[""metre"",1],ID[""EPSG"",8806]],PARAMETER[""False northing"",0,LENGTHUNIT[""metre"",1],ID[""EPSG"",8807]]],CS[Cartesian,2],AXIS[""(E)"",east,ORDER[1],LENGTHUNIT[""metre"",1,ID[""EPSG"",9001]]],AXIS[""(N)"",north,ORDER[2],LENGTHUNIT[""metre"",1,ID[""EPSG"",9001]]]]",True,5,"[""Copernicus_DSM_COG_10_N53_00_W163_00_DEM"", ""Copernicus_DSM_COG_10_N53_00_W164_00_DEM"", ""Copernicus_DSM_COG_10_N53_00_W165_00_DEM"", ""Copernicus_DSM_COG_10_N55_00_W165_00_DEM""]",30918f46f52b4a8639b5059b12ef9f1394a466d6e24eeb2202f6cd9199a11587,30918f46f52b4a8639b5059b12ef9f1394a466d6e24eeb2202f6cd9199a11587,True,True,0.0
rgi7.0|global|south=+054|west=-0164,pzi,144,144,"(0.008333333333333333, 0.0, -164.1, 0.0, -0.008333333333333333, 55.1, 0.0, 0.0, 1.0)",EPSG:4326,True,1,[],0170f6a415f1daf4774cb7136131997d4f340c710d8d65260fb928c52874abc1,0170f6a415f1daf4774cb7136131997d4f340c710d8d65260fb928c52874abc1,True,True,0.0
rgi7.0|global|south=+058|west=-0138,p00,3786,2040,"(30.0, 0.0, -30570.0, 0.0, -30.0, 56880.0, 0.0, 0.0, 1.0)","PROJCRS[""unknown"",BASEGEOGCRS[""unknown"",DATUM[""World Geodetic System 1984"",ELLIPSOID[""WGS 84"",6378137,298.257223563,LENGTHUNIT[""metre"",1]],ID[""EPSG"",6326]],PRIMEM[""Greenwich"",0,ANGLEUNIT[""degree"",0.0174532925199433],ID[""EPSG"",8901]]],CONVERSION[""unknown"",METHOD[""Lambert Azimuthal Equal Area"",ID[""EPSG"",9820]],PARAMETER[""Latitude of natural origin"",58.5,ANGLEUNIT[""degree"",0.0174532925199433],ID[""EPSG"",8801]],PARAMETER[""Longitude of natural origin"",-137.5,ANGLEUNIT[""degree"",0.0174532925199433],ID[""EPSG"",8802]],PARAMETER[""False easting"",0,LENGTHUNIT[""metre"",1],ID[""EPSG"",8806]],PARAMETER[""False northing"",0,LENGTHUNIT[""metre"",1],ID[""EPSG"",8807]]],CS[Cartesian,2],AXIS[""(E)"",east,ORDER[1],LENGTHUNIT[""metre"",1,ID[""EPSG"",9001]]],AXIS[""(N)"",north,ORDER[2],LENGTHUNIT[""metre"",1,ID[""EPSG"",9001]]]]",True,7,"[""Copernicus_DSM_COG_10_N57_00_W138_00_DEM"", ""Copernicus_DSM_COG_10_N57_00_W139_00_DEM""]",419c163970ce151cd7d3b078a549b20e1c6592b8287d05e06462c06f5ea3158b,419c163970ce151cd7d3b078a549b20e1c6592b8287d05e06462c06f5ea3158b,True,True,0.0
rgi7.0|global|south=+058|west=-0138,p10,3784,2039,"(30.0, 0.0, -30585.0, 0.0, -30.0, 56820.0, 0.0, 0.0, 1.0)","PROJCRS[""unknown"",BASEGEOGCRS[""unknown"",DATUM[""World Geodetic System 1984"",ELLIPSOID[""WGS 84"",6378137,298.257223563,LENGTHUNIT[""metre"",1]],ID[""EPSG"",6326]],PRIMEM[""Greenwich"",0,ANGLEUNIT[""degree"",0.0174532925199433],ID[""EPSG"",8901]]],CONVERSION[""unknown"",METHOD[""Lambert Azimuthal Equal Area"",ID[""EPSG"",9820]],PARAMETER[""Latitude of natural origin"",58.5,ANGLEUNIT[""degree"",0.0174532925199433],ID[""EPSG"",8801]],PARAMETER[""Longitude of natural origin"",-137.5,ANGLEUNIT[""degree"",0.0174532925199433],ID[""EPSG"",8802]],PARAMETER[""False easting"",0,LENGTHUNIT[""metre"",1],ID[""EPSG"",8806]],PARAMETER[""False northing"",0,LENGTHUNIT[""metre"",1],ID[""EPSG"",8807]]],CS[Cartesian,2],AXIS[""(E)"",east,ORDER[1],LENGTHUNIT[""metre"",1,ID[""EPSG"",9001]]],AXIS[""(N)"",north,ORDER[2],LENGTHUNIT[""metre"",1,ID[""EPSG"",9001]]]]",True,7,"[""Copernicus_DSM_COG_10_N57_00_W138_00_DEM"", ""Copernicus_DSM_COG_10_N57_00_W139_00_DEM""]",216864b05ec46eb571bddad4a375fc8b99e031cba21d64eb682742d96b9266e8,216864b05ec46eb571bddad4a375fc8b99e031cba21d64eb682742d96b9266e8,True,True,0.0
rgi7.0|global|south=+058|west=-0138,p01,3784,2038,"(30.0, 0.0, -30570.0, 0.0, -30.0, 56805.0, 0.0, 0.0, 1.0)","PROJCRS[""unknown"",BASEGEOGCRS[""unknown"",DATUM[""World Geodetic System 1984"",ELLIPSOID[""WGS 84"",6378137,298.257223563,LENGTHUNIT[""metre"",1]],ID[""EPSG"",6326]],PRIMEM[""Greenwich"",0,ANGLEUNIT[""degree"",0.0174532925199433],ID[""EPSG"",8901]]],CONVERSION[""unknown"",METHOD[""Lambert Azimuthal Equal Area"",ID[""EPSG"",9820]],PARAMETER[""Latitude of natural origin"",58.5,ANGLEUNIT[""degree"",0.0174532925199433],ID[""EPSG"",8801]],PARAMETER[""Longitude of natural origin"",-137.5,ANGLEUNIT[""degree"",0.0174532925199433],ID[""EPSG"",8802]],PARAMETER[""False easting"",0,LENGTHUNIT[""metre"",1],ID[""EPSG"",8806]],PARAMETER[""False northing"",0,LENGTHUNIT[""metre"",1],ID[""EPSG"",8807]]],CS[Cartesian,2],AXIS[""(E)"",east,ORDER[1],LENGTHUNIT[""metre"",1,ID[""EPSG"",9001]]],AXIS[""(N)"",north,ORDER[2],LENGTHUNIT[""metre"",1,ID[""EPSG"",9001]]]]",True,7,"[""Copernicus_DSM_COG_10_N57_00_W138_00_DEM"", ""Copernicus_DSM_COG_10_N57_00_W139_00_DEM""]",a75ccbaa7bd9e0ca8a3796c534e100ee6b8ca664e2786910b021f7854e8eacdf,a75ccbaa7bd9e0ca8a3796c534e100ee6b8ca664e2786910b021f7854e8eacdf,True,True,0.0
rgi7.0|global|south=+058|west=-0138,p11,3784,2039,"(30.0, 0.0, -30585.0, 0.0, -30.0, 56805.0, 0.0, 0.0, 1.0)","PROJCRS[""unknown"",BASEGEOGCRS[""unknown"",DATUM[""World Geodetic System 1984"",ELLIPSOID[""WGS 84"",6378137,298.257223563,LENGTHUNIT[""metre"",1]],ID[""EPSG"",6326]],PRIMEM[""Greenwich"",0,ANGLEUNIT[""degree"",0.0174532925199433],ID[""EPSG"",8901]]],CONVERSION[""unknown"",METHOD[""Lambert Azimuthal Equal Area"",ID[""EPSG"",9820]],PARAMETER[""Latitude of natural origin"",58.5,ANGLEUNIT[""degree"",0.0174532925199433],ID[""EPSG"",8801]],PARAMETER[""Longitude of natural origin"",-137.5,ANGLEUNIT[""degree"",0.0174532925199433],ID[""EPSG"",8802]],PARAMETER[""False easting"",0,LENGTHUNIT[""metre"",1],ID[""EPSG"",8806]],PARAMETER[""False northing"",0,LENGTHUNIT[""metre"",1],ID[""EPSG"",8807]]],CS[Cartesian,2],AXIS[""(E)"",east,ORDER[1],LENGTHUNIT[""metre"",1,ID[""EPSG"",9001]]],AXIS[""(N)"",north,ORDER[2],LENGTHUNIT[""metre"",1,ID[""EPSG"",9001]]]]",True,7,"[""Copernicus_DSM_COG_10_N57_00_W138_00_DEM"", ""Copernicus_DSM_COG_10_N57_00_W139_00_DEM""]",bbd0d18cf151f2aa854a4be9642c6a9757ada97461ea4f9ba979811226db39d9,bbd0d18cf151f2aa854a4be9642c6a9757ada97461ea4f9ba979811226db39d9,True,True,0.0
rgi7.0|global|south=+058|west=-0138,pzi,144,144,"(0.008333333333333333, 0.0, -138.1, 0.0, -0.008333333333333333, 59.1, 0.0, 0.0, 1.0)",EPSG:4326,True,1,[],6844a7ace1c7c1609d68d8d1d4c801e12a067afb6800620868d0ca05157910b7,6844a7ace1c7c1609d68d8d1d4c801e12a067afb6800620868d0ca05157910b7,True,True,0.0
rgi7.0|global|south=+060|west=-0154,p00,3786,1929,"(30.0, 0.0, -28920.0, 0.0, -30.0, 56850.0, 0.0, 0.0, 1.0)","PROJCRS[""unknown"",BASEGEOGCRS[""unknown"",DATUM[""World Geodetic System 1984"",ELLIPSOID[""WGS 84"",6378137,298.257223563,LENGTHUNIT[""metre"",1]],ID[""EPSG"",6326]],PRIMEM[""Greenwich"",0,ANGLEUNIT[""degree"",0.0174532925199433],ID[""EPSG"",8901]]],CONVERSION[""unknown"",METHOD[""Lambert Azimuthal Equal Area"",ID[""EPSG"",9820]],PARAMETER[""Latitude of natural origin"",60.5,ANGLEUNIT[""degree"",0.0174532925199433],ID[""EPSG"",8801]],PARAMETER[""Longitude of natural origin"",-153.5,ANGLEUNIT[""degree"",0.0174532925199433],ID[""EPSG"",8802]],PARAMETER[""False easting"",0,LENGTHUNIT[""metre"",1],ID[""EPSG"",8806]],PARAMETER[""False northing"",0,LENGTHUNIT[""metre"",1],ID[""EPSG"",8807]]],CS[Cartesian,2],AXIS[""(E)"",east,ORDER[1],LENGTHUNIT[""metre"",1,ID[""EPSG"",9001]]],AXIS[""(N)"",north,ORDER[2],LENGTHUNIT[""metre"",1,ID[""EPSG"",9001]]]]",True,9,[],b709b3d71c964a0b44bdd291a5a2159e63edfad2a906fe01f9171367caebb607,b709b3d71c964a0b44bdd291a5a2159e63edfad2a906fe01f9171367caebb607,True,True,0.0
rgi7.0|global|south=+060|west=-0154,p10,3785,1927,"(30.0, 0.0, -28905.0, 0.0, -30.0, 56820.0, 0.0, 0.0, 1.0)","PROJCRS[""unknown"",BASEGEOGCRS[""unknown"",DATUM[""World Geodetic System 1984"",ELLIPSOID[""WGS 84"",6378137,298.257223563,LENGTHUNIT[""metre"",1]],ID[""EPSG"",6326]],PRIMEM[""Greenwich"",0,ANGLEUNIT[""degree"",0.0174532925199433],ID[""EPSG"",8901]]],CONVERSION[""unknown"",METHOD[""Lambert Azimuthal Equal Area"",ID[""EPSG"",9820]],PARAMETER[""Latitude of natural origin"",60.5,ANGLEUNIT[""degree"",0.0174532925199433],ID[""EPSG"",8801]],PARAMETER[""Longitude of natural origin"",-153.5,ANGLEUNIT[""degree"",0.0174532925199433],ID[""EPSG"",8802]],PARAMETER[""False easting"",0,LENGTHUNIT[""metre"",1],ID[""EPSG"",8806]],PARAMETER[""False northing"",0,LENGTHUNIT[""metre"",1],ID[""EPSG"",8807]]],CS[Cartesian,2],AXIS[""(E)"",east,ORDER[1],LENGTHUNIT[""metre"",1,ID[""EPSG"",9001]]],AXIS[""(N)"",north,ORDER[2],LENGTHUNIT[""metre"",1,ID[""EPSG"",9001]]]]",True,9,[],9f77749e9f8f575fb8ec68e3f3d616d7b0853f210009e5a4751ae2f44ef3ed0e,9f77749e9f8f575fb8ec68e3f3d616d7b0853f210009e5a4751ae2f44ef3ed0e,True,True,0.0
rgi7.0|global|south=+060|west=-0154,p01,3785,1928,"(30.0, 0.0, -28920.0, 0.0, -30.0, 56835.0, 0.0, 0.0, 1.0)","PROJCRS[""unknown"",BASEGEOGCRS[""unknown"",DATUM[""World Geodetic System 1984"",ELLIPSOID[""WGS 84"",6378137,298.257223563,LENGTHUNIT[""metre"",1]],ID[""EPSG"",6326]],PRIMEM[""Greenwich"",0,ANGLEUNIT[""degree"",0.0174532925199433],ID[""EPSG"",8901]]],CONVERSION[""unknown"",METHOD[""Lambert Azimuthal Equal Area"",ID[""EPSG"",9820]],PARAMETER[""Latitude of natural origin"",60.5,ANGLEUNIT[""degree"",0.0174532925199433],ID[""EPSG"",8801]],PARAMETER[""Longitude of natural origin"",-153.5,ANGLEUNIT[""degree"",0.0174532925199433],ID[""EPSG"",8802]],PARAMETER[""False easting"",0,LENGTHUNIT[""metre"",1],ID[""EPSG"",8806]],PARAMETER[""False northing"",0,LENGTHUNIT[""metre"",1],ID[""EPSG"",8807]]],CS[Cartesian,2],AXIS[""(E)"",east,ORDER[1],LENGTHUNIT[""metre"",1,ID[""EPSG"",9001]]],AXIS[""(N)"",north,ORDER[2],LENGTHUNIT[""metre"",1,ID[""EPSG"",9001]]]]",True,9,[],7c1c48911d107d86924554d3428255eca9aed066b69997fa57d5ba80f742ddda,7c1c48911d107d86924554d3428255eca9aed066b69997fa57d5ba80f742ddda,True,True,0.0
rgi7.0|global|south=+060|west=-0154,p11,3785,1927,"(30.0, 0.0, -28905.0, 0.0, -30.0, 56835.0, 0.0, 0.0, 1.0)","PROJCRS[""unknown"",BASEGEOGCRS[""unknown"",DATUM[""World Geodetic System 1984"",ELLIPSOID[""WGS 84"",6378137,298.257223563,LENGTHUNIT[""metre"",1]],ID[""EPSG"",6326]],PRIMEM[""Greenwich"",0,ANGLEUNIT[""degree"",0.0174532925199433],ID[""EPSG"",8901]]],CONVERSION[""unknown"",METHOD[""Lambert Azimuthal Equal Area"",ID[""EPSG"",9820]],PARAMETER[""Latitude of natural origin"",60.5,ANGLEUNIT[""degree"",0.0174532925199433],ID[""EPSG"",8801]],PARAMETER[""Longitude of natural origin"",-153.5,ANGLEUNIT[""degree"",0.0174532925199433],ID[""EPSG"",8802]],PARAMETER[""False easting"",0,LENGTHUNIT[""metre"",1],ID[""EPSG"",8806]],PARAMETER[""False northing"",0,LENGTHUNIT[""metre"",1],ID[""EPSG"",8807]]],CS[Cartesian,2],AXIS[""(E)"",east,ORDER[1],LENGTHUNIT[""metre"",1,ID[""EPSG"",9001]]],AXIS[""(N)"",north,ORDER[2],LENGTHUNIT[""metre"",1,ID[""EPSG"",9001]]]]",True,9,[],a1799166c58b24dae903b111e60f08ab953f9e88b05417d85ead9c9993464e25,a1799166c58b24dae903b111e60f08ab953f9e88b05417d85ead9c9993464e25,True,True,0.0
rgi7.0|global|south=+060|west=-0154,pzi,144,144,"(0.008333333333333333, 0.0, -154.1, 0.0, -0.008333333333333333, 61.1, 0.0, 0.0, 1.0)",EPSG:4326,True,1,[],f9dd14bc7e64da867993089427b678a0bb67500e52dc3ce3c9361096ac641c4b,f9dd14bc7e64da867993089427b678a0bb67500e52dc3ce3c9361096ac641c4b,True,True,0.0
rgi7.0|global|south=+057|west=-0153,p00,3786,2094,"(30.0, 0.0, -31410.0, 0.0, -30.0, 56880.0, 0.0, 0.0, 1.0)","PROJCRS[""unknown"",BASEGEOGCRS[""unknown"",DATUM[""World Geodetic System 1984"",ELLIPSOID[""WGS 84"",6378137,298.257223563,LENGTHUNIT[""metre"",1]],ID[""EPSG"",6326]],PRIMEM[""Greenwich"",0,ANGLEUNIT[""degree"",0.0174532925199433],ID[""EPSG"",8901]]],CONVERSION[""unknown"",METHOD[""Lambert Azimuthal Equal Area"",ID[""EPSG"",9820]],PARAMETER[""Latitude of natural origin"",57.5,ANGLEUNIT[""degree"",0.0174532925199433],ID[""EPSG"",8801]],PARAMETER[""Longitude of natural origin"",-152.5,ANGLEUNIT[""degree"",0.0174532925199433],ID[""EPSG"",8802]],PARAMETER[""False easting"",0,LENGTHUNIT[""metre"",1],ID[""EPSG"",8806]],PARAMETER[""False northing"",0,LENGTHUNIT[""metre"",1],ID[""EPSG"",8807]]],CS[Cartesian,2],AXIS[""(E)"",east,ORDER[1],LENGTHUNIT[""metre"",1,ID[""EPSG"",9001]]],AXIS[""(N)"",north,ORDER[2],LENGTHUNIT[""metre"",1,ID[""EPSG"",9001]]]]",True,6,"[""Copernicus_DSM_COG_10_N56_00_W152_00_DEM"", ""Copernicus_DSM_COG_10_N56_00_W153_00_DEM"", ""Copernicus_DSM_COG_10_N57_00_W152_00_DEM""]",5796577410f15e65eccb44c800c2128d868c4b5328b8b4250a7786a317029cf7,5796577410f15e65eccb44c800c2128d868c4b5328b8b4250a7786a317029cf7,True,True,0.0
rgi7.0|global|south=+057|west=-0153,p10,3784,2093,"(30.0, 0.0, -31395.0, 0.0, -30.0, 56820.0, 0.0, 0.0, 1.0)","PROJCRS[""unknown"",BASEGEOGCRS[""unknown"",DATUM[""World Geodetic System 1984"",ELLIPSOID[""WGS 84"",6378137,298.257223563,LENGTHUNIT[""metre"",1]],ID[""EPSG"",6326]],PRIMEM[""Greenwich"",0,ANGLEUNIT[""degree"",0.0174532925199433],ID[""EPSG"",8901]]],CONVERSION[""unknown"",METHOD[""Lambert Azimuthal Equal Area"",ID[""EPSG"",9820]],PARAMETER[""Latitude of natural origin"",57.5,ANGLEUNIT[""degree"",0.0174532925199433],ID[""EPSG"",8801]],PARAMETER[""Longitude of natural origin"",-152.5,ANGLEUNIT[""degree"",0.0174532925199433],ID[""EPSG"",8802]],PARAMETER[""False easting"",0,LENGTHUNIT[""metre"",1],ID[""EPSG"",8806]],PARAMETER[""False northing"",0,LENGTHUNIT[""metre"",1],ID[""EPSG"",8807]]],CS[Cartesian,2],AXIS[""(E)"",east,ORDER[1],LENGTHUNIT[""metre"",1,ID[""EPSG"",9001]]],AXIS[""(N)"",north,ORDER[2],LENGTHUNIT[""metre"",1,ID[""EPSG"",9001]]]]",True,6,"[""Copernicus_DSM_COG_10_N56_00_W152_00_DEM"", ""Copernicus_DSM_COG_10_N56_00_W153_00_DEM"", ""Copernicus_DSM_COG_10_N57_00_W152_00_DEM""]",b75d59bbce2bb017e305da187baf7d37bc464c476176facf89070b6b040217bf,b75d59bbce2bb017e305da187baf7d37bc464c476176facf89070b6b040217bf,True,True,0.0
rgi7.0|global|south=+057|west=-0153,p01,3783,2094,"(30.0, 0.0, -31410.0, 0.0, -30.0, 56805.0, 0.0, 0.0, 1.0)","PROJCRS[""unknown"",BASEGEOGCRS[""unknown"",DATUM[""World Geodetic System 1984"",ELLIPSOID[""WGS 84"",6378137,298.257223563,LENGTHUNIT[""metre"",1]],ID[""EPSG"",6326]],PRIMEM[""Greenwich"",0,ANGLEUNIT[""degree"",0.0174532925199433],ID[""EPSG"",8901]]],CONVERSION[""unknown"",METHOD[""Lambert Azimuthal Equal Area"",ID[""EPSG"",9820]],PARAMETER[""Latitude of natural origin"",57.5,ANGLEUNIT[""degree"",0.0174532925199433],ID[""EPSG"",8801]],PARAMETER[""Longitude of natural origin"",-152.5,ANGLEUNIT[""degree"",0.0174532925199433],ID[""EPSG"",8802]],PARAMETER[""False easting"",0,LENGTHUNIT[""metre"",1],ID[""EPSG"",8806]],PARAMETER[""False northing"",0,LENGTHUNIT[""metre"",1],ID[""EPSG"",8807]]],CS[Cartesian,2],AXIS[""(E)"",east,ORDER[1],LENGTHUNIT[""metre"",1,ID[""EPSG"",9001]]],AXIS[""(N)"",north,ORDER[2],LENGTHUNIT[""metre"",1,ID[""EPSG"",9001]]]]",True,6,"[""Copernicus_DSM_COG_10_N56_00_W152_00_DEM"", ""Copernicus_DSM_COG_10_N56_00_W153_00_DEM"", ""Copernicus_DSM_COG_10_N57_00_W152_00_DEM""]",39baad87ac7c9b4c82d3d6ca2a2ad94fcd1bb13616a3096b6d7f275fbf008613,39baad87ac7c9b4c82d3d6ca2a2ad94fcd1bb13616a3096b6d7f275fbf008613,True,True,0.0
rgi7.0|global|south=+057|west=-0153,p11,3783,2093,"(30.0, 0.0, -31395.0, 0.0, -30.0, 56805.0, 0.0, 0.0, 1.0)","PROJCRS[""unknown"",BASEGEOGCRS[""unknown"",DATUM[""World Geodetic System 1984"",ELLIPSOID[""WGS 84"",6378137,298.257223563,LENGTHUNIT[""metre"",1]],ID[""EPSG"",6326]],PRIMEM[""Greenwich"",0,ANGLEUNIT[""degree"",0.0174532925199433],ID[""EPSG"",8901]]],CONVERSION[""unknown"",METHOD[""Lambert Azimuthal Equal Area"",ID[""EPSG"",9820]],PARAMETER[""Latitude of natural origin"",57.5,ANGLEUNIT[""degree"",0.0174532925199433],ID[""EPSG"",8801]],PARAMETER[""Longitude of natural origin"",-152.5,ANGLEUNIT[""degree"",0.0174532925199433],ID[""EPSG"",8802]],PARAMETER[""False easting"",0,LENGTHUNIT[""metre"",1],ID[""EPSG"",8806]],PARAMETER[""False northing"",0,LENGTHUNIT[""metre"",1],ID[""EPSG"",8807]]],CS[Cartesian,2],AXIS[""(E)"",east,ORDER[1],LENGTHUNIT[""metre"",1,ID[""EPSG"",9001]]],AXIS[""(N)"",north,ORDER[2],LENGTHUNIT[""metre"",1,ID[""EPSG"",9001]]]]",True,6,"[""Copernicus_DSM_COG_10_N56_00_W152_00_DEM"", ""Copernicus_DSM_COG_10_N56_00_W153_00_DEM"", ""Copernicus_DSM_COG_10_N57_00_W152_00_DEM""]",8b43392fbfcf0940b32e551f9c42b5d7450a7d3408de63b046852acfa13bda2e,8b43392fbfcf0940b32e551f9c42b5d7450a7d3408de63b046852acfa13bda2e,True,True,0.0
rgi7.0|global|south=+057|west=-0153,pzi,144,144,"(0.008333333333333333, 0.0, -153.1, 0.0, -0.008333333333333333, 58.1, 0.0, 0.0, 1.0)",EPSG:4326,True,1,[],f62cf964befb0b08e2dab6a6426ac76a6e6d4162af546c7bf31c1b82cf8fa7ae,f62cf964befb0b08e2dab6a6426ac76a6e6d4162af546c7bf31c1b82cf8fa7ae,True,True,0.0
rgi7.0|global|south=+056|west=-0160,p00,3783,2148,"(30.0, 0.0, -32220.0, 0.0, -30.0, 56790.0, 0.0, 0.0, 1.0)","PROJCRS[""unknown"",BASEGEOGCRS[""unknown"",DATUM[""World Geodetic System 1984"",ELLIPSOID[""WGS 84"",6378137,298.257223563,LENGTHUNIT[""metre"",1]],ID[""EPSG"",6326]],PRIMEM[""Greenwich"",0,ANGLEUNIT[""degree"",0.0174532925199433],ID[""EPSG"",8901]]],CONVERSION[""unknown"",METHOD[""Lambert Azimuthal Equal Area"",ID[""EPSG"",9820]],PARAMETER[""Latitude of natural origin"",56.5,ANGLEUNIT[""degree"",0.0174532925199433],ID[""EPSG"",8801]],PARAMETER[""Longitude of natural origin"",-159.5,ANGLEUNIT[""degree"",0.0174532925199433],ID[""EPSG"",8802]],PARAMETER[""False easting"",0,LENGTHUNIT[""metre"",1],ID[""EPSG"",8806]],PARAMETER[""False northing"",0,LENGTHUNIT[""metre"",1],ID[""EPSG"",8807]]],CS[Cartesian,2],AXIS[""(E)"",east,ORDER[1],LENGTHUNIT[""metre"",1,ID[""EPSG"",9001]]],AXIS[""(N)"",north,ORDER[2],LENGTHUNIT[""metre"",1,ID[""EPSG"",9001]]]]",True,7,"[""Copernicus_DSM_COG_10_N57_00_W160_00_DEM"", ""Copernicus_DSM_COG_10_N57_00_W161_00_DEM""]",657e49b7d15c527e83637036f50aef5547bf4734ef747a94ef61c550ecec5634,657e49b7d15c527e83637036f50aef5547bf4734ef747a94ef61c550ecec5634,True,True,0.0
rgi7.0|global|south=+056|west=-0160,p10,3783,2147,"(30.0, 0.0, -32205.0, 0.0, -30.0, 56790.0, 0.0, 0.0, 1.0)","PROJCRS[""unknown"",BASEGEOGCRS[""unknown"",DATUM[""World Geodetic System 1984"",ELLIPSOID[""WGS 84"",6378137,298.257223563,LENGTHUNIT[""metre"",1]],ID[""EPSG"",6326]],PRIMEM[""Greenwich"",0,ANGLEUNIT[""degree"",0.0174532925199433],ID[""EPSG"",8901]]],CONVERSION[""unknown"",METHOD[""Lambert Azimuthal Equal Area"",ID[""EPSG"",9820]],PARAMETER[""Latitude of natural origin"",56.5,ANGLEUNIT[""degree"",0.0174532925199433],ID[""EPSG"",8801]],PARAMETER[""Longitude of natural origin"",-159.5,ANGLEUNIT[""degree"",0.0174532925199433],ID[""EPSG"",8802]],PARAMETER[""False easting"",0,LENGTHUNIT[""metre"",1],ID[""EPSG"",8806]],PARAMETER[""False northing"",0,LENGTHUNIT[""metre"",1],ID[""EPSG"",8807]]],CS[Cartesian,2],AXIS[""(E)"",east,ORDER[1],LENGTHUNIT[""metre"",1,ID[""EPSG"",9001]]],AXIS[""(N)"",north,ORDER[2],LENGTHUNIT[""metre"",1,ID[""EPSG"",9001]]]]",True,7,"[""Copernicus_DSM_COG_10_N57_00_W160_00_DEM"", ""Copernicus_DSM_COG_10_N57_00_W161_00_DEM""]",5bbff05523c133e6ba994d3ecb409f2f775bbd5998af07b45b7f421479737fc2,5bbff05523c133e6ba994d3ecb409f2f775bbd5998af07b45b7f421479737fc2,True,True,0.0
rgi7.0|global|south=+056|west=-0160,p01,3783,2148,"(30.0, 0.0, -32220.0, 0.0, -30.0, 56805.0, 0.0, 0.0, 1.0)","PROJCRS[""unknown"",BASEGEOGCRS[""unknown"",DATUM[""World Geodetic System 1984"",ELLIPSOID[""WGS 84"",6378137,298.257223563,LENGTHUNIT[""metre"",1]],ID[""EPSG"",6326]],PRIMEM[""Greenwich"",0,ANGLEUNIT[""degree"",0.0174532925199433],ID[""EPSG"",8901]]],CONVERSION[""unknown"",METHOD[""Lambert Azimuthal Equal Area"",ID[""EPSG"",9820]],PARAMETER[""Latitude of natural origin"",56.5,ANGLEUNIT[""degree"",0.0174532925199433],ID[""EPSG"",8801]],PARAMETER[""Longitude of natural origin"",-159.5,ANGLEUNIT[""degree"",0.0174532925199433],ID[""EPSG"",8802]],PARAMETER[""False easting"",0,LENGTHUNIT[""metre"",1],ID[""EPSG"",8806]],PARAMETER[""False northing"",0,LENGTHUNIT[""metre"",1],ID[""EPSG"",8807]]],CS[Cartesian,2],AXIS[""(E)"",east,ORDER[1],LENGTHUNIT[""metre"",1,ID[""EPSG"",9001]]],AXIS[""(N)"",north,ORDER[2],LENGTHUNIT[""metre"",1,ID[""EPSG"",9001]]]]",True,7,"[""Copernicus_DSM_COG_10_N57_00_W160_00_DEM"", ""Copernicus_DSM_COG_10_N57_00_W161_00_DEM""]",a13dee2e20306133cc072ea90ed03ccee21ac269dacc6259005ce0b9fd2540c2,a13dee2e20306133cc072ea90ed03ccee21ac269dacc6259005ce0b9fd2540c2,True,True,0.0
rgi7.0|global|south=+056|west=-0160,p11,3783,2147,"(30.0, 0.0, -32205.0, 0.0, -30.0, 56805.0, 0.0, 0.0, 1.0)","PROJCRS[""unknown"",BASEGEOGCRS[""unknown"",DATUM[""World Geodetic System 1984"",ELLIPSOID[""WGS 84"",6378137,298.257223563,LENGTHUNIT[""metre"",1]],ID[""EPSG"",6326]],PRIMEM[""Greenwich"",0,ANGLEUNIT[""degree"",0.0174532925199433],ID[""EPSG"",8901]]],CONVERSION[""unknown"",METHOD[""Lambert Azimuthal Equal Area"",ID[""EPSG"",9820]],PARAMETER[""Latitude of natural origin"",56.5,ANGLEUNIT[""degree"",0.0174532925199433],ID[""EPSG"",8801]],PARAMETER[""Longitude of natural origin"",-159.5,ANGLEUNIT[""degree"",0.0174532925199433],ID[""EPSG"",8802]],PARAMETER[""False easting"",0,LENGTHUNIT[""metre"",1],ID[""EPSG"",8806]],PARAMETER[""False northing"",0,LENGTHUNIT[""metre"",1],ID[""EPSG"",8807]]],CS[Cartesian,2],AXIS[""(E)"",east,ORDER[1],LENGTHUNIT[""metre"",1,ID[""EPSG"",9001]]],AXIS[""(N)"",north,ORDER[2],LENGTHUNIT[""metre"",1,ID[""EPSG"",9001]]]]",True,7,"[""Copernicus_DSM_COG_10_N57_00_W160_00_DEM"", ""Copernicus_DSM_COG_10_N57_00_W161_00_DEM""]",9c025e50c7cee1c7e795f3bb773b63a72473ec6574231647dd9f761ffcd0f7d7,9c025e50c7cee1c7e795f3bb773b63a72473ec6574231647dd9f761ffcd0f7d7,True,True,0.0
rgi7.0|global|south=+056|west=-0160,pzi,144,144,"(0.008333333333333333, 0.0, -160.1, 0.0, -0.008333333333333333, 57.1, 0.0, 0.0, 1.0)",EPSG:4326,True,1,[],c4be067b78622548e0e55735d331bc69191f4b03d5b8293b7a53295cd02529c0,c4be067b78622548e0e55735d331bc69191f4b03d5b8293b7a53295cd02529c0,True,True,0.0
rgi7.0|global|south=+052|west=-0129,p00,3780,2358,"(30.0, 0.0, -35340.0, 0.0, -30.0, 56760.0, 0.0, 0.0, 1.0)","PROJCRS[""unknown"",BASEGEOGCRS[""unknown"",DATUM[""World Geodetic System 1984"",ELLIPSOID[""WGS 84"",6378137,298.257223563,LENGTHUNIT[""metre"",1]],ID[""EPSG"",6326]],PRIMEM[""Greenwich"",0,ANGLEUNIT[""degree"",0.0174532925199433],ID[""EPSG"",8901]]],CONVERSION[""unknown"",METHOD[""Lambert Azimuthal Equal Area"",ID[""EPSG"",9820]],PARAMETER[""Latitude of natural origin"",52.5,ANGLEUNIT[""degree"",0.0174532925199433],ID[""EPSG"",8801]],PARAMETER[""Longitude of natural origin"",-128.5,ANGLEUNIT[""degree"",0.0174532925199433],ID[""EPSG"",8802]],PARAMETER[""False easting"",0,LENGTHUNIT[""metre"",1],ID[""EPSG"",8806]],PARAMETER[""False northing"",0,LENGTHUNIT[""metre"",1],ID[""EPSG"",8807]]],CS[Cartesian,2],AXIS[""(E)"",east,ORDER[1],LENGTHUNIT[""metre"",1,ID[""EPSG"",9001]]],AXIS[""(N)"",north,ORDER[2],LENGTHUNIT[""metre"",1,ID[""EPSG"",9001]]]]",True,8,"[""Copernicus_DSM_COG_10_N51_00_W130_00_DEM""]",861484f8896e50a3c66fcad5dc739e652d34b4f30814f7c3e9c29241d526f90a,861484f8896e50a3c66fcad5dc739e652d34b4f30814f7c3e9c29241d526f90a,True,True,0.0
rgi7.0|global|south=+052|west=-0129,p10,3780,2357,"(30.0, 0.0, -35355.0, 0.0, -30.0, 56760.0, 0.0, 0.0, 1.0)","PROJCRS[""unknown"",BASEGEOGCRS[""unknown"",DATUM[""World Geodetic System 1984"",ELLIPSOID[""WGS 84"",6378137,298.257223563,LENGTHUNIT[""metre"",1]],ID[""EPSG"",6326]],PRIMEM[""Greenwich"",0,ANGLEUNIT[""degree"",0.0174532925199433],ID[""EPSG"",8901]]],CONVERSION[""unknown"",METHOD[""Lambert Azimuthal Equal Area"",ID[""EPSG"",9820]],PARAMETER[""Latitude of natural origin"",52.5,ANGLEUNIT[""degree"",0.0174532925199433],ID[""EPSG"",8801]],PARAMETER[""Longitude of natural origin"",-128.5,ANGLEUNIT[""degree"",0.0174532925199433],ID[""EPSG"",8802]],PARAMETER[""False easting"",0,LENGTHUNIT[""metre"",1],ID[""EPSG"",8806]],PARAMETER[""False northing"",0,LENGTHUNIT[""metre"",1],ID[""EPSG"",8807]]],CS[Cartesian,2],AXIS[""(E)"",east,ORDER[1],LENGTHUNIT[""metre"",1,ID[""EPSG"",9001]]],AXIS[""(N)"",north,ORDER[2],LENGTHUNIT[""metre"",1,ID[""EPSG"",9001]]]]",True,8,"[""Copernicus_DSM_COG_10_N51_00_W130_00_DEM""]",7c3f53cdfa143b9aef70d1f85483ba09740b39e2493922d8294e86d72d470895,7c3f53cdfa143b9aef70d1f85483ba09740b39e2493922d8294e86d72d470895,True,True,0.0
rgi7.0|global|south=+052|west=-0129,p01,3781,2356,"(30.0, 0.0, -35340.0, 0.0, -30.0, 56775.0, 0.0, 0.0, 1.0)","PROJCRS[""unknown"",BASEGEOGCRS[""unknown"",DATUM[""World Geodetic System 1984"",ELLIPSOID[""WGS 84"",6378137,298.257223563,LENGTHUNIT[""metre"",1]],ID[""EPSG"",6326]],PRIMEM[""Greenwich"",0,ANGLEUNIT[""degree"",0.0174532925199433],ID[""EPSG"",8901]]],CONVERSION[""unknown"",METHOD[""Lambert Azimuthal Equal Area"",ID[""EPSG"",9820]],PARAMETER[""Latitude of natural origin"",52.5,ANGLEUNIT[""degree"",0.0174532925199433],ID[""EPSG"",8801]],PARAMETER[""Longitude of natural origin"",-128.5,ANGLEUNIT[""degree"",0.0174532925199433],ID[""EPSG"",8802]],PARAMETER[""False easting"",0,LENGTHUNIT[""metre"",1],ID[""EPSG"",8806]],PARAMETER[""False northing"",0,LENGTHUNIT[""metre"",1],ID[""EPSG"",8807]]],CS[Cartesian,2],AXIS[""(E)"",east,ORDER[1],LENGTHUNIT[""metre"",1,ID[""EPSG"",9001]]],AXIS[""(N)"",north,ORDER[2],LENGTHUNIT[""metre"",1,ID[""EPSG"",9001]]]]",True,8,"[""Copernicus_DSM_COG_10_N51_00_W130_00_DEM""]",ba8927cc54508d21fd1d5de82a1340b6c4525674aabaf8e63305405112aea3ba,ba8927cc54508d21fd1d5de82a1340b6c4525674aabaf8e63305405112aea3ba,True,True,0.0
rgi7.0|global|south=+052|west=-0129,p11,3781,2357,"(30.0, 0.0, -35355.0, 0.0, -30.0, 56775.0, 0.0, 0.0, 1.0)","PROJCRS[""unknown"",BASEGEOGCRS[""unknown"",DATUM[""World Geodetic System 1984"",ELLIPSOID[""WGS 84"",6378137,298.257223563,LENGTHUNIT[""metre"",1]],ID[""EPSG"",6326]],PRIMEM[""Greenwich"",0,ANGLEUNIT[""degree"",0.0174532925199433],ID[""EPSG"",8901]]],CONVERSION[""unknown"",METHOD[""Lambert Azimuthal Equal Area"",ID[""EPSG"",9820]],PARAMETER[""Latitude of natural origin"",52.5,ANGLEUNIT[""degree"",0.0174532925199433],ID[""EPSG"",8801]],PARAMETER[""Longitude of natural origin"",-128.5,ANGLEUNIT[""degree"",0.0174532925199433],ID[""EPSG"",8802]],PARAMETER[""False easting"",0,LENGTHUNIT[""metre"",1],ID[""EPSG"",8806]],PARAMETER[""False northing"",0,LENGTHUNIT[""metre"",1],ID[""EPSG"",8807]]],CS[Cartesian,2],AXIS[""(E)"",east,ORDER[1],LENGTHUNIT[""metre"",1,ID[""EPSG"",9001]]],AXIS[""(N)"",north,ORDER[2],LENGTHUNIT[""metre"",1,ID[""EPSG"",9001]]]]",True,8,"[""Copernicus_DSM_COG_10_N51_00_W130_00_DEM""]",6981fcdf8d1929200cdfe922bac13a4ba14e24bfaf9334eedcbf473e431aa4b2,6981fcdf8d1929200cdfe922bac13a4ba14e24bfaf9334eedcbf473e431aa4b2,True,True,0.0
rgi7.0|global|south=+052|west=-0129,pzi,144,144,"(0.008333333333333333, 0.0, -129.1, 0.0, -0.008333333333333333, 53.1, 0.0, 0.0, 1.0)",EPSG:4326,True,1,[],194da4dab85c5dffd2ce0d6e73bfc65a60cc2d56317e63baed3d5e8f07e83238,194da4dab85c5dffd2ce0d6e73bfc65a60cc2d56317e63baed3d5e8f07e83238,True,True,0.0
rgi7.0|global|south=+058|west=-0125,p00,3786,2040,"(30.0, 0.0, -30570.0, 0.0, -30.0, 56880.0, 0.0, 0.0, 1.0)","PROJCRS[""unknown"",BASEGEOGCRS[""unknown"",DATUM[""World Geodetic System 1984"",ELLIPSOID[""WGS 84"",6378137,298.257223563,LENGTHUNIT[""metre"",1]],ID[""EPSG"",6326]],PRIMEM[""Greenwich"",0,ANGLEUNIT[""degree"",0.0174532925199433],ID[""EPSG"",8901]]],CONVERSION[""unknown"",METHOD[""Lambert Azimuthal Equal Area"",ID[""EPSG"",9820]],PARAMETER[""Latitude of natural origin"",58.5,ANGLEUNIT[""degree"",0.0174532925199433],ID[""EPSG"",8801]],PARAMETER[""Longitude of natural origin"",-124.5,ANGLEUNIT[""degree"",0.0174532925199433],ID[""EPSG"",8802]],PARAMETER[""False easting"",0,LENGTHUNIT[""metre"",1],ID[""EPSG"",8806]],PARAMETER[""False northing"",0,LENGTHUNIT[""metre"",1],ID[""EPSG"",8807]]],CS[Cartesian,2],AXIS[""(E)"",east,ORDER[1],LENGTHUNIT[""metre"",1,ID[""EPSG"",9001]]],AXIS[""(N)"",north,ORDER[2],LENGTHUNIT[""metre"",1,ID[""EPSG"",9001]]]]",True,9,[],fe707e06c5188ece4bc771f2b0c306f3febe1115e729aa46138e0f100b6cfcbe,fe707e06c5188ece4bc771f2b0c306f3febe1115e729aa46138e0f100b6cfcbe,True,True,0.0
rgi7.0|global|south=+058|west=-0125,p10,3784,2039,"(30.0, 0.0, -30585.0, 0.0, -30.0, 56820.0, 0.0, 0.0, 1.0)","PROJCRS[""unknown"",BASEGEOGCRS[""unknown"",DATUM[""World Geodetic System 1984"",ELLIPSOID[""WGS 84"",6378137,298.257223563,LENGTHUNIT[""metre"",1]],ID[""EPSG"",6326]],PRIMEM[""Greenwich"",0,ANGLEUNIT[""degree"",0.0174532925199433],ID[""EPSG"",8901]]],CONVERSION[""unknown"",METHOD[""Lambert Azimuthal Equal Area"",ID[""EPSG"",9820]],PARAMETER[""Latitude of natural origin"",58.5,ANGLEUNIT[""degree"",0.0174532925199433],ID[""EPSG"",8801]],PARAMETER[""Longitude of natural origin"",-124.5,ANGLEUNIT[""degree"",0.0174532925199433],ID[""EPSG"",8802]],PARAMETER[""False easting"",0,LENGTHUNIT[""metre"",1],ID[""EPSG"",8806]],PARAMETER[""False northing"",0,LENGTHUNIT[""metre"",1],ID[""EPSG"",8807]]],CS[Cartesian,2],AXIS[""(E)"",east,ORDER[1],LENGTHUNIT[""metre"",1,ID[""EPSG"",9001]]],AXIS[""(N)"",north,ORDER[2],LENGTHUNIT[""metre"",1,ID[""EPSG"",9001]]]]",True,9,[],cd1cd21beaed0506249bb01908f2eb7072dad2647cb989d888a6d08138889919,cd1cd21beaed0506249bb01908f2eb7072dad2647cb989d888a6d08138889919,True,True,0.0
rgi7.0|global|south=+058|west=-0125,p01,3784,2038,"(30.0, 0.0, -30570.0, 0.0, -30.0, 56805.0, 0.0, 0.0, 1.0)","PROJCRS[""unknown"",BASEGEOGCRS[""unknown"",DATUM[""World Geodetic System 1984"",ELLIPSOID[""WGS 84"",6378137,298.257223563,LENGTHUNIT[""metre"",1]],ID[""EPSG"",6326]],PRIMEM[""Greenwich"",0,ANGLEUNIT[""degree"",0.0174532925199433],ID[""EPSG"",8901]]],CONVERSION[""unknown"",METHOD[""Lambert Azimuthal Equal Area"",ID[""EPSG"",9820]],PARAMETER[""Latitude of natural origin"",58.5,ANGLEUNIT[""degree"",0.0174532925199433],ID[""EPSG"",8801]],PARAMETER[""Longitude of natural origin"",-124.5,ANGLEUNIT[""degree"",0.0174532925199433],ID[""EPSG"",8802]],PARAMETER[""False easting"",0,LENGTHUNIT[""metre"",1],ID[""EPSG"",8806]],PARAMETER[""False northing"",0,LENGTHUNIT[""metre"",1],ID[""EPSG"",8807]]],CS[Cartesian,2],AXIS[""(E)"",east,ORDER[1],LENGTHUNIT[""metre"",1,ID[""EPSG"",9001]]],AXIS[""(N)"",north,ORDER[2],LENGTHUNIT[""metre"",1,ID[""EPSG"",9001]]]]",True,9,[],6aba78e93cfa74f4055a5c4cc6d3dc1fb45ae5cd9aeb96cc9ae52adb24b25855,6aba78e93cfa74f4055a5c4cc6d3dc1fb45ae5cd9aeb96cc9ae52adb24b25855,True,True,0.0
rgi7.0|global|south=+058|west=-0125,p11,3784,2039,"(30.0, 0.0, -30585.0, 0.0, -30.0, 56805.0, 0.0, 0.0, 1.0)","PROJCRS[""unknown"",BASEGEOGCRS[""unknown"",DATUM[""World Geodetic System 1984"",ELLIPSOID[""WGS 84"",6378137,298.257223563,LENGTHUNIT[""metre"",1]],ID[""EPSG"",6326]],PRIMEM[""Greenwich"",0,ANGLEUNIT[""degree"",0.0174532925199433],ID[""EPSG"",8901]]],CONVERSION[""unknown"",METHOD[""Lambert Azimuthal Equal Area"",ID[""EPSG"",9820]],PARAMETER[""Latitude of natural origin"",58.5,ANGLEUNIT[""degree"",0.0174532925199433],ID[""EPSG"",8801]],PARAMETER[""Longitude of natural origin"",-124.5,ANGLEUNIT[""degree"",0.0174532925199433],ID[""EPSG"",8802]],PARAMETER[""False easting"",0,LENGTHUNIT[""metre"",1],ID[""EPSG"",8806]],PARAMETER[""False northing"",0,LENGTHUNIT[""metre"",1],ID[""EPSG"",8807]]],CS[Cartesian,2],AXIS[""(E)"",east,ORDER[1],LENGTHUNIT[""metre"",1,ID[""EPSG"",9001]]],AXIS[""(N)"",north,ORDER[2],LENGTHUNIT[""metre"",1,ID[""EPSG"",9001]]]]",True,9,[],6b34b0ddd24d8e1db5132aff43aeb756e406270d2f2d34703f310a6c0ac2f4aa,6b34b0ddd24d8e1db5132aff43aeb756e406270d2f2d34703f310a6c0ac2f4aa,True,True,0.0
rgi7.0|global|south=+058|west=-0125,pzi,144,144,"(0.008333333333333333, 0.0, -125.1, 0.0, -0.008333333333333333, 59.1, 0.0, 0.0, 1.0)",EPSG:4326,True,1,[],f6b9460087836b158fb61cdf6a4e3b9b513d4b8d1ea1e53433c69f26b1947046,f6b9460087836b158fb61cdf6a4e3b9b513d4b8d1ea1e53433c69f26b1947046,True,True,0.0
rgi7.0|global|south=+047|west=-0114,p00,3780,2604,"(30.0, 0.0, -39030.0, 0.0, -30.0, 56790.0, 0.0, 0.0, 1.0)","PROJCRS[""unknown"",BASEGEOGCRS[""unknown"",DATUM[""World Geodetic System 1984"",ELLIPSOID[""WGS 84"",6378137,298.257223563,LENGTHUNIT[""metre"",1]],ID[""EPSG"",6326]],PRIMEM[""Greenwich"",0,ANGLEUNIT[""degree"",0.0174532925199433],ID[""EPSG"",8901]]],CONVERSION[""unknown"",METHOD[""Lambert Azimuthal Equal Area"",ID[""EPSG"",9820]],PARAMETER[""Latitude of natural origin"",47.5,ANGLEUNIT[""degree"",0.0174532925199433],ID[""EPSG"",8801]],PARAMETER[""Longitude of natural origin"",-113.5,ANGLEUNIT[""degree"",0.0174532925199433],ID[""EPSG"",8802]],PARAMETER[""False easting"",0,LENGTHUNIT[""metre"",1],ID[""EPSG"",8806]],PARAMETER[""False northing"",0,LENGTHUNIT[""metre"",1],ID[""EPSG"",8807]]],CS[Cartesian,2],AXIS[""(E)"",east,ORDER[1],LENGTHUNIT[""metre"",1,ID[""EPSG"",9001]]],AXIS[""(N)"",north,ORDER[2],LENGTHUNIT[""metre"",1,ID[""EPSG"",9001]]]]",True,9,[],da882bcb1ee0b3529b872ce19f0b49aa2137cb2afad899fb23a61780e9b75452,da882bcb1ee0b3529b872ce19f0b49aa2137cb2afad899fb23a61780e9b75452,True,True,0.0
rgi7.0|global|south=+047|west=-0114,p10,3778,2603,"(30.0, 0.0, -39045.0, 0.0, -30.0, 56730.0, 0.0, 0.0, 1.0)","PROJCRS[""unknown"",BASEGEOGCRS[""unknown"",DATUM[""World Geodetic System 1984"",ELLIPSOID[""WGS 84"",6378137,298.257223563,LENGTHUNIT[""metre"",1]],ID[""EPSG"",6326]],PRIMEM[""Greenwich"",0,ANGLEUNIT[""degree"",0.0174532925199433],ID[""EPSG"",8901]]],CONVERSION[""unknown"",METHOD[""Lambert Azimuthal Equal Area"",ID[""EPSG"",9820]],PARAMETER[""Latitude of natural origin"",47.5,ANGLEUNIT[""degree"",0.0174532925199433],ID[""EPSG"",8801]],PARAMETER[""Longitude of natural origin"",-113.5,ANGLEUNIT[""degree"",0.0174532925199433],ID[""EPSG"",8802]],PARAMETER[""False easting"",0,LENGTHUNIT[""metre"",1],ID[""EPSG"",8806]],PARAMETER[""False northing"",0,LENGTHUNIT[""metre"",1],ID[""EPSG"",8807]]],CS[Cartesian,2],AXIS[""(E)"",east,ORDER[1],LENGTHUNIT[""metre"",1,ID[""EPSG"",9001]]],AXIS[""(N)"",north,ORDER[2],LENGTHUNIT[""metre"",1,ID[""EPSG"",9001]]]]",True,9,[],9b676fa920cb1105a772e4797a785dc53d3b5dc8cfd2e50fdcdbf88c2e80f6b1,9b676fa920cb1105a772e4797a785dc53d3b5dc8cfd2e50fdcdbf88c2e80f6b1,True,True,0.0
rgi7.0|global|south=+047|west=-0114,p01,3777,2602,"(30.0, 0.0, -39030.0, 0.0, -30.0, 56715.0, 0.0, 0.0, 1.0)","PROJCRS[""unknown"",BASEGEOGCRS[""unknown"",DATUM[""World Geodetic System 1984"",ELLIPSOID[""WGS 84"",6378137,298.257223563,LENGTHUNIT[""metre"",1]],ID[""EPSG"",6326]],PRIMEM[""Greenwich"",0,ANGLEUNIT[""degree"",0.0174532925199433],ID[""EPSG"",8901]]],CONVERSION[""unknown"",METHOD[""Lambert Azimuthal Equal Area"",ID[""EPSG"",9820]],PARAMETER[""Latitude of natural origin"",47.5,ANGLEUNIT[""degree"",0.0174532925199433],ID[""EPSG"",8801]],PARAMETER[""Longitude of natural origin"",-113.5,ANGLEUNIT[""degree"",0.0174532925199433],ID[""EPSG"",8802]],PARAMETER[""False easting"",0,LENGTHUNIT[""metre"",1],ID[""EPSG"",8806]],PARAMETER[""False northing"",0,LENGTHUNIT[""metre"",1],ID[""EPSG"",8807]]],CS[Cartesian,2],AXIS[""(E)"",east,ORDER[1],LENGTHUNIT[""metre"",1,ID[""EPSG"",9001]]],AXIS[""(N)"",north,ORDER[2],LENGTHUNIT[""metre"",1,ID[""EPSG"",9001]]]]",True,9,[],913200151e6c1223d55d42cb15c47a5a59748524a2d12cfe6f3985861b598a99,913200151e6c1223d55d42cb15c47a5a59748524a2d12cfe6f3985861b598a99,True,True,0.0
rgi7.0|global|south=+047|west=-0114,p11,3777,2603,"(30.0, 0.0, -39045.0, 0.0, -30.0, 56715.0, 0.0, 0.0, 1.0)","PROJCRS[""unknown"",BASEGEOGCRS[""unknown"",DATUM[""World Geodetic System 1984"",ELLIPSOID[""WGS 84"",6378137,298.257223563,LENGTHUNIT[""metre"",1]],ID[""EPSG"",6326]],PRIMEM[""Greenwich"",0,ANGLEUNIT[""degree"",0.0174532925199433],ID[""EPSG"",8901]]],CONVERSION[""unknown"",METHOD[""Lambert Azimuthal Equal Area"",ID[""EPSG"",9820]],PARAMETER[""Latitude of natural origin"",47.5,ANGLEUNIT[""degree"",0.0174532925199433],ID[""EPSG"",8801]],PARAMETER[""Longitude of natural origin"",-113.5,ANGLEUNIT[""degree"",0.0174532925199433],ID[""EPSG"",8802]],PARAMETER[""False easting"",0,LENGTHUNIT[""metre"",1],ID[""EPSG"",8806]],PARAMETER[""False northing"",0,LENGTHUNIT[""metre"",1],ID[""EPSG"",8807]]],CS[Cartesian,2],AXIS[""(E)"",east,ORDER[1],LENGTHUNIT[""metre"",1,ID[""EPSG"",9001]]],AXIS[""(N)"",north,ORDER[2],LENGTHUNIT[""metre"",1,ID[""EPSG"",9001]]]]",True,9,[],e981dd69b63773d371f399c6e08e6d6ceec875670e2013ea5b9ef60bea2d3d2f,e981dd69b63773d371f399c6e08e6d6ceec875670e2013ea5b9ef60bea2d3d2f,True,True,0.0
rgi7.0|global|south=+047|west=-0114,pzi,144,144,"(0.008333333333333333, 0.0, -114.1, 0.0, -0.008333333333333333, 48.1, 0.0, 0.0, 1.0)",EPSG:4326,True,1,[],ba4471c9f1bf60e595b3944ef60017db2dbe94ad6e134e73b61300550a107018,ba4471c9f1bf60e595b3944ef60017db2dbe94ad6e134e73b61300550a107018,True,True,0.0
rgi7.0|global|south=+051|west=-0128,p00,3780,2409,"(30.0, 0.0, -36120.0, 0.0, -30.0, 56760.0, 0.0, 0.0, 1.0)","PROJCRS[""unknown"",BASEGEOGCRS[""unknown"",DATUM[""World Geodetic System 1984"",ELLIPSOID[""WGS 84"",6378137,298.257223563,LENGTHUNIT[""metre"",1]],ID[""EPSG"",6326]],PRIMEM[""Greenwich"",0,ANGLEUNIT[""degree"",0.0174532925199433],ID[""EPSG"",8901]]],CONVERSION[""unknown"",METHOD[""Lambert Azimuthal Equal Area"",ID[""EPSG"",9820]],PARAMETER[""Latitude of natural origin"",51.5,ANGLEUNIT[""degree"",0.0174532925199433],ID[""EPSG"",8801]],PARAMETER[""Longitude of natural origin"",-127.5,ANGLEUNIT[""degree"",0.0174532925199433],ID[""EPSG"",8802]],PARAMETER[""False easting"",0,LENGTHUNIT[""metre"",1],ID[""EPSG"",8806]],PARAMETER[""False northing"",0,LENGTHUNIT[""metre"",1],ID[""EPSG"",8807]]],CS[Cartesian,2],AXIS[""(E)"",east,ORDER[1],LENGTHUNIT[""metre"",1,ID[""EPSG"",9001]]],AXIS[""(N)"",north,ORDER[2],LENGTHUNIT[""metre"",1,ID[""EPSG"",9001]]]]",True,9,[],f00c89db944ad1960dda1d31fc8aa5bbe727890ab01008b6dd1fed0b3424688d,f00c89db944ad1960dda1d31fc8aa5bbe727890ab01008b6dd1fed0b3424688d,True,True,0.0
rgi7.0|global|south=+051|west=-0128,p10,3780,2407,"(30.0, 0.0, -36105.0, 0.0, -30.0, 56760.0, 0.0, 0.0, 1.0)","PROJCRS[""unknown"",BASEGEOGCRS[""unknown"",DATUM[""World Geodetic System 1984"",ELLIPSOID[""WGS 84"",6378137,298.257223563,LENGTHUNIT[""metre"",1]],ID[""EPSG"",6326]],PRIMEM[""Greenwich"",0,ANGLEUNIT[""degree"",0.0174532925199433],ID[""EPSG"",8901]]],CONVERSION[""unknown"",METHOD[""Lambert Azimuthal Equal Area"",ID[""EPSG"",9820]],PARAMETER[""Latitude of natural origin"",51.5,ANGLEUNIT[""degree"",0.0174532925199433],ID[""EPSG"",8801]],PARAMETER[""Longitude of natural origin"",-127.5,ANGLEUNIT[""degree"",0.0174532925199433],ID[""EPSG"",8802]],PARAMETER[""False easting"",0,LENGTHUNIT[""metre"",1],ID[""EPSG"",8806]],PARAMETER[""False northing"",0,LENGTHUNIT[""metre"",1],ID[""EPSG"",8807]]],CS[Cartesian,2],AXIS[""(E)"",east,ORDER[1],LENGTHUNIT[""metre"",1,ID[""EPSG"",9001]]],AXIS[""(N)"",north,ORDER[2],LENGTHUNIT[""metre"",1,ID[""EPSG"",9001]]]]",True,9,[],bd16de982644981c7706e7b8c17af3eac03bc69920ff70c53428c08da3211a57,bd16de982644981c7706e7b8c17af3eac03bc69920ff70c53428c08da3211a57,True,True,0.0
rgi7.0|global|south=+051|west=-0128,p01,3781,2408,"(30.0, 0.0, -36120.0, 0.0, -30.0, 56775.0, 0.0, 0.0, 1.0)","PROJCRS[""unknown"",BASEGEOGCRS[""unknown"",DATUM[""World Geodetic System 1984"",ELLIPSOID[""WGS 84"",6378137,298.257223563,LENGTHUNIT[""metre"",1]],ID[""EPSG"",6326]],PRIMEM[""Greenwich"",0,ANGLEUNIT[""degree"",0.0174532925199433],ID[""EPSG"",8901]]],CONVERSION[""unknown"",METHOD[""Lambert Azimuthal Equal Area"",ID[""EPSG"",9820]],PARAMETER[""Latitude of natural origin"",51.5,ANGLEUNIT[""degree"",0.0174532925199433],ID[""EPSG"",8801]],PARAMETER[""Longitude of natural origin"",-127.5,ANGLEUNIT[""degree"",0.0174532925199433],ID[""EPSG"",8802]],PARAMETER[""False easting"",0,LENGTHUNIT[""metre"",1],ID[""EPSG"",8806]],PARAMETER[""False northing"",0,LENGTHUNIT[""metre"",1],ID[""EPSG"",8807]]],CS[Cartesian,2],AXIS[""(E)"",east,ORDER[1],LENGTHUNIT[""metre"",1,ID[""EPSG"",9001]]],AXIS[""(N)"",north,ORDER[2],LENGTHUNIT[""metre"",1,ID[""EPSG"",9001]]]]",True,9,[],a0d5293eb4f35a0fc5f8db86afdf864bc209884ea5170ccce6625c6a109fa392,a0d5293eb4f35a0fc5f8db86afdf864bc209884ea5170ccce6625c6a109fa392,True,True,0.0
rgi7.0|global|south=+051|west=-0128,p11,3781,2407,"(30.0, 0.0, -36105.0, 0.0, -30.0, 56775.0, 0.0, 0.0, 1.0)","PROJCRS[""unknown"",BASEGEOGCRS[""unknown"",DATUM[""World Geodetic System 1984"",ELLIPSOID[""WGS 84"",6378137,298.257223563,LENGTHUNIT[""metre"",1]],ID[""EPSG"",6326]],PRIMEM[""Greenwich"",0,ANGLEUNIT[""degree"",0.0174532925199433],ID[""EPSG"",8901]]],CONVERSION[""unknown"",METHOD[""Lambert Azimuthal Equal Area"",ID[""EPSG"",9820]],PARAMETER[""Latitude of natural origin"",51.5,ANGLEUNIT[""degree"",0.0174532925199433],ID[""EPSG"",8801]],PARAMETER[""Longitude of natural origin"",-127.5,ANGLEUNIT[""degree"",0.0174532925199433],ID[""EPSG"",8802]],PARAMETER[""False easting"",0,LENGTHUNIT[""metre"",1],ID[""EPSG"",8806]],PARAMETER[""False northing"",0,LENGTHUNIT[""metre"",1],ID[""EPSG"",8807]]],CS[Cartesian,2],AXIS[""(E)"",east,ORDER[1],LENGTHUNIT[""metre"",1,ID[""EPSG"",9001]]],AXIS[""(N)"",north,ORDER[2],LENGTHUNIT[""metre"",1,ID[""EPSG"",9001]]]]",True,9,[],66180bca27d9b169a037b41bc3dce63a694109d5b3418e11fce5eb61706a9dd9,66180bca27d9b169a037b41bc3dce63a694109d5b3418e11fce5eb61706a9dd9,True,True,0.0
rgi7.0|global|south=+051|west=-0128,pzi,144,144,"(0.008333333333333333, 0.0, -128.1, 0.0, -0.008333333333333333, 52.1, 0.0, 0.0, 1.0)",EPSG:4326,True,1,[],8869183980b41b8338138d32f8fefdf9ba29cbd4487b17c9ea2b915ce0e81d6a,8869183980b41b8338138d32f8fefdf9ba29cbd4487b17c9ea2b915ce0e81d6a,True,True,0.0
rgi7.0|global|south=+058|west=-0126,p00,3786,2040,"(30.0, 0.0, -30570.0, 0.0, -30.0, 56880.0, 0.0, 0.0, 1.0)","PROJCRS[""unknown"",BASEGEOGCRS[""unknown"",DATUM[""World Geodetic System 1984"",ELLIPSOID[""WGS 84"",6378137,298.257223563,LENGTHUNIT[""metre"",1]],ID[""EPSG"",6326]],PRIMEM[""Greenwich"",0,ANGLEUNIT[""degree"",0.0174532925199433],ID[""EPSG"",8901]]],CONVERSION[""unknown"",METHOD[""Lambert Azimuthal Equal Area"",ID[""EPSG"",9820]],PARAMETER[""Latitude of natural origin"",58.5,ANGLEUNIT[""degree"",0.0174532925199433],ID[""EPSG"",8801]],PARAMETER[""Longitude of natural origin"",-125.5,ANGLEUNIT[""degree"",0.0174532925199433],ID[""EPSG"",8802]],PARAMETER[""False easting"",0,LENGTHUNIT[""metre"",1],ID[""EPSG"",8806]],PARAMETER[""False northing"",0,LENGTHUNIT[""metre"",1],ID[""EPSG"",8807]]],CS[Cartesian,2],AXIS[""(E)"",east,ORDER[1],LENGTHUNIT[""metre"",1,ID[""EPSG"",9001]]],AXIS[""(N)"",north,ORDER[2],LENGTHUNIT[""metre"",1,ID[""EPSG"",9001]]]]",True,9,[],29e68edea090a3f61678c266e7e0125fb8877a5c840ef5da10865d3f71aa485d,29e68edea090a3f61678c266e7e0125fb8877a5c840ef5da10865d3f71aa485d,True,True,0.0
rgi7.0|global|south=+058|west=-0126,p10,3784,2039,"(30.0, 0.0, -30585.0, 0.0, -30.0, 56820.0, 0.0, 0.0, 1.0)","PROJCRS[""unknown"",BASEGEOGCRS[""unknown"",DATUM[""World Geodetic System 1984"",ELLIPSOID[""WGS 84"",6378137,298.257223563,LENGTHUNIT[""metre"",1]],ID[""EPSG"",6326]],PRIMEM[""Greenwich"",0,ANGLEUNIT[""degree"",0.0174532925199433],ID[""EPSG"",8901]]],CONVERSION[""unknown"",METHOD[""Lambert Azimuthal Equal Area"",ID[""EPSG"",9820]],PARAMETER[""Latitude of natural origin"",58.5,ANGLEUNIT[""degree"",0.0174532925199433],ID[""EPSG"",8801]],PARAMETER[""Longitude of natural origin"",-125.5,ANGLEUNIT[""degree"",0.0174532925199433],ID[""EPSG"",8802]],PARAMETER[""False easting"",0,LENGTHUNIT[""metre"",1],ID[""EPSG"",8806]],PARAMETER[""False northing"",0,LENGTHUNIT[""metre"",1],ID[""EPSG"",8807]]],CS[Cartesian,2],AXIS[""(E)"",east,ORDER[1],LENGTHUNIT[""metre"",1,ID[""EPSG"",9001]]],AXIS[""(N)"",north,ORDER[2],LENGTHUNIT[""metre"",1,ID[""EPSG"",9001]]]]",True,9,[],9cb31167ecfc2c6a07178e4da44a250ff3b65e82f4f51085fe70452432eceac2,9cb31167ecfc2c6a07178e4da44a250ff3b65e82f4f51085fe70452432eceac2,True,True,0.0
rgi7.0|global|south=+058|west=-0126,p01,3784,2038,"(30.0, 0.0, -30570.0, 0.0, -30.0, 56805.0, 0.0, 0.0, 1.0)","PROJCRS[""unknown"",BASEGEOGCRS[""unknown"",DATUM[""World Geodetic System 1984"",ELLIPSOID[""WGS 84"",6378137,298.257223563,LENGTHUNIT[""metre"",1]],ID[""EPSG"",6326]],PRIMEM[""Greenwich"",0,ANGLEUNIT[""degree"",0.0174532925199433],ID[""EPSG"",8901]]],CONVERSION[""unknown"",METHOD[""Lambert Azimuthal Equal Area"",ID[""EPSG"",9820]],PARAMETER[""Latitude of natural origin"",58.5,ANGLEUNIT[""degree"",0.0174532925199433],ID[""EPSG"",8801]],PARAMETER[""Longitude of natural origin"",-125.5,ANGLEUNIT[""degree"",0.0174532925199433],ID[""EPSG"",8802]],PARAMETER[""False easting"",0,LENGTHUNIT[""metre"",1],ID[""EPSG"",8806]],PARAMETER[""False northing"",0,LENGTHUNIT[""metre"",1],ID[""EPSG"",8807]]],CS[Cartesian,2],AXIS[""(E)"",east,ORDER[1],LENGTHUNIT[""metre"",1,ID[""EPSG"",9001]]],AXIS[""(N)"",north,ORDER[2],LENGTHUNIT[""metre"",1,ID[""EPSG"",9001]]]]",True,9,[],861a28d25f3de2fac967d81ed464abe262ac0ac25f99838f248a5cd9d0929920,861a28d25f3de2fac967d81ed464abe262ac0ac25f99838f248a5cd9d0929920,True,True,0.0
rgi7.0|global|south=+058|west=-0126,p11,3784,2039,"(30.0, 0.0, -30585.0, 0.0, -30.0, 56805.0, 0.0, 0.0, 1.0)","PROJCRS[""unknown"",BASEGEOGCRS[""unknown"",DATUM[""World Geodetic System 1984"",ELLIPSOID[""WGS 84"",6378137,298.257223563,LENGTHUNIT[""metre"",1]],ID[""EPSG"",6326]],PRIMEM[""Greenwich"",0,ANGLEUNIT[""degree"",0.0174532925199433],ID[""EPSG"",8901]]],CONVERSION[""unknown"",METHOD[""Lambert Azimuthal Equal Area"",ID[""EPSG"",9820]],PARAMETER[""Latitude of natural origin"",58.5,ANGLEUNIT[""degree"",0.0174532925199433],ID[""EPSG"",8801]],PARAMETER[""Longitude of natural origin"",-125.5,ANGLEUNIT[""degree"",0.0174532925199433],ID[""EPSG"",8802]],PARAMETER[""False easting"",0,LENGTHUNIT[""metre"",1],ID[""EPSG"",8806]],PARAMETER[""False northing"",0,LENGTHUNIT[""metre"",1],ID[""EPSG"",8807]]],CS[Cartesian,2],AXIS[""(E)"",east,ORDER[1],LENGTHUNIT[""metre"",1,ID[""EPSG"",9001]]],AXIS[""(N)"",north,ORDER[2],LENGTHUNIT[""metre"",1,ID[""EPSG"",9001]]]]",True,9,[],7fa2dec7f3513edfda27e83e5774e1410bda1063eb805155c0eacaabecbaa7e1,7fa2dec7f3513edfda27e83e5774e1410bda1063eb805155c0eacaabecbaa7e1,True,True,0.0
rgi7.0|global|south=+058|west=-0126,pzi,144,144,"(0.008333333333333333, 0.0, -126.1, 0.0, -0.008333333333333333, 59.1, 0.0, 0.0, 1.0)",EPSG:4326,True,1,[],1a76610b8d668d1b1dbc3a4e7f3ddbb32f2246080ed3940ad10ef8d00ac9d4a9,1a76610b8d668d1b1dbc3a4e7f3ddbb32f2246080ed3940ad10ef8d00ac9d4a9,True,True,0.0
rgi7.0|global|south=+081|west=-0084,p00,3792,651,"(30.0, 0.0, -9750.0, 0.0, -30.0, 56910.0, 0.0, 0.0, 1.0)","PROJCRS[""unknown"",BASEGEOGCRS[""unknown"",DATUM[""World Geodetic System 1984"",ELLIPSOID[""WGS 84"",6378137,298.257223563,LENGTHUNIT[""metre"",1]],ID[""EPSG"",6326]],PRIMEM[""Greenwich"",0,ANGLEUNIT[""degree"",0.0174532925199433],ID[""EPSG"",8901]]],CONVERSION[""unknown"",METHOD[""Lambert Azimuthal Equal Area"",ID[""EPSG"",9820]],PARAMETER[""Latitude of natural origin"",81.5,ANGLEUNIT[""degree"",0.0174532925199433],ID[""EPSG"",8801]],PARAMETER[""Longitude of natural origin"",-83.5,ANGLEUNIT[""degree"",0.0174532925199433],ID[""EPSG"",8802]],PARAMETER[""False easting"",0,LENGTHUNIT[""metre"",1],ID[""EPSG"",8806]],PARAMETER[""False northing"",0,LENGTHUNIT[""metre"",1],ID[""EPSG"",8807]]],CS[Cartesian,2],AXIS[""(E)"",east,ORDER[1],LENGTHUNIT[""metre"",1,ID[""EPSG"",9001]]],AXIS[""(N)"",north,ORDER[2],LENGTHUNIT[""metre"",1,ID[""EPSG"",9001]]]]",True,9,[],0f70c91e48fa21107f5e604158c52233087908eb6aa659c77db5f920375577b6,0f70c91e48fa21107f5e604158c52233087908eb6aa659c77db5f920375577b6,True,True,0.0
rgi7.0|global|south=+081|west=-0084,p10,3791,651,"(30.0, 0.0, -9765.0, 0.0, -30.0, 56880.0, 0.0, 0.0, 1.0)","PROJCRS[""unknown"",BASEGEOGCRS[""unknown"",DATUM[""World Geodetic System 1984"",ELLIPSOID[""WGS 84"",6378137,298.257223563,LENGTHUNIT[""metre"",1]],ID[""EPSG"",6326]],PRIMEM[""Greenwich"",0,ANGLEUNIT[""degree"",0.0174532925199433],ID[""EPSG"",8901]]],CONVERSION[""unknown"",METHOD[""Lambert Azimuthal Equal Area"",ID[""EPSG"",9820]],PARAMETER[""Latitude of natural origin"",81.5,ANGLEUNIT[""degree"",0.0174532925199433],ID[""EPSG"",8801]],PARAMETER[""Longitude of natural origin"",-83.5,ANGLEUNIT[""degree"",0.0174532925199433],ID[""EPSG"",8802]],PARAMETER[""False easting"",0,LENGTHUNIT[""metre"",1],ID[""EPSG"",8806]],PARAMETER[""False northing"",0,LENGTHUNIT[""metre"",1],ID[""EPSG"",8807]]],CS[Cartesian,2],AXIS[""(E)"",east,ORDER[1],LENGTHUNIT[""metre"",1,ID[""EPSG"",9001]]],AXIS[""(N)"",north,ORDER[2],LENGTHUNIT[""metre"",1,ID[""EPSG"",9001]]]]",True,9,[],1a5b5d5fe58538591327f6c6709dcb7a4c2a5090d893503991be656e21caad56,1a5b5d5fe58538591327f6c6709dcb7a4c2a5090d893503991be656e21caad56,True,True,0.0
rgi7.0|global|south=+081|west=-0084,p01,3791,650,"(30.0, 0.0, -9750.0, 0.0, -30.0, 56895.0, 0.0, 0.0, 1.0)","PROJCRS[""unknown"",BASEGEOGCRS[""unknown"",DATUM[""World Geodetic System 1984"",ELLIPSOID[""WGS 84"",6378137,298.257223563,LENGTHUNIT[""metre"",1]],ID[""EPSG"",6326]],PRIMEM[""Greenwich"",0,ANGLEUNIT[""degree"",0.0174532925199433],ID[""EPSG"",8901]]],CONVERSION[""unknown"",METHOD[""Lambert Azimuthal Equal Area"",ID[""EPSG"",9820]],PARAMETER[""Latitude of natural origin"",81.5,ANGLEUNIT[""degree"",0.0174532925199433],ID[""EPSG"",8801]],PARAMETER[""Longitude of natural origin"",-83.5,ANGLEUNIT[""degree"",0.0174532925199433],ID[""EPSG"",8802]],PARAMETER[""False easting"",0,LENGTHUNIT[""metre"",1],ID[""EPSG"",8806]],PARAMETER[""False northing"",0,LENGTHUNIT[""metre"",1],ID[""EPSG"",8807]]],CS[Cartesian,2],AXIS[""(E)"",east,ORDER[1],LENGTHUNIT[""metre"",1,ID[""EPSG"",9001]]],AXIS[""(N)"",north,ORDER[2],LENGTHUNIT[""metre"",1,ID[""EPSG"",9001]]]]",True,9,[],82aec5630e27db4e2f8d503bac2ad215d8b20dec2386b736540010f94af14e3b,82aec5630e27db4e2f8d503bac2ad215d8b20dec2386b736540010f94af14e3b,True,True,0.0
rgi7.0|global|south=+081|west=-0084,p11,3791,651,"(30.0, 0.0, -9765.0, 0.0, -30.0, 56895.0, 0.0, 0.0, 1.0)","PROJCRS[""unknown"",BASEGEOGCRS[""unknown"",DATUM[""World Geodetic System 1984"",ELLIPSOID[""WGS 84"",6378137,298.257223563,LENGTHUNIT[""metre"",1]],ID[""EPSG"",6326]],PRIMEM[""Greenwich"",0,ANGLEUNIT[""degree"",0.0174532925199433],ID[""EPSG"",8901]]],CONVERSION[""unknown"",METHOD[""Lambert Azimuthal Equal Area"",ID[""EPSG"",9820]],PARAMETER[""Latitude of natural origin"",81.5,ANGLEUNIT[""degree"",0.0174532925199433],ID[""EPSG"",8801]],PARAMETER[""Longitude of natural origin"",-83.5,ANGLEUNIT[""degree"",0.0174532925199433],ID[""EPSG"",8802]],PARAMETER[""False easting"",0,LENGTHUNIT[""metre"",1],ID[""EPSG"",8806]],PARAMETER[""False northing"",0,LENGTHUNIT[""metre"",1],ID[""EPSG"",8807]]],CS[Cartesian,2],AXIS[""(E)"",east,ORDER[1],LENGTHUNIT[""metre"",1,ID[""EPSG"",9001]]],AXIS[""(N)"",north,ORDER[2],LENGTHUNIT[""metre"",1,ID[""EPSG"",9001]]]]",True,9,[],4aaaeae1145b194b2eb72ed7b0634b062a13e90bc32e138ab73a794778dc5715,4aaaeae1145b194b2eb72ed7b0634b062a13e90bc32e138ab73a794778dc5715,True,True,0.0
rgi7.0|global|south=+081|west=-0084,pzi,144,144,"(0.008333333333333333, 0.0, -84.1, 0.0, -0.008333333333333333, 82.1, 0.0, 0.0, 1.0)",EPSG:4326,True,1,[],eeb9b338d9c28c6ebaf9bc353c80ab88876e463459f77b52ec6fec8da0fc1226,eeb9b338d9c28c6ebaf9bc353c80ab88876e463459f77b52ec6fec8da0fc1226,True,True,0.0
rgi7.0|global|south=+081|west=-0075,p00,3792,651,"(30.0, 0.0, -9750.0, 0.0, -30.0, 56910.0, 0.0, 0.0, 1.0)","PROJCRS[""unknown"",BASEGEOGCRS[""unknown"",DATUM[""World Geodetic System 1984"",ELLIPSOID[""WGS 84"",6378137,298.257223563,LENGTHUNIT[""metre"",1]],ID[""EPSG"",6326]],PRIMEM[""Greenwich"",0,ANGLEUNIT[""degree"",0.0174532925199433],ID[""EPSG"",8901]]],CONVERSION[""unknown"",METHOD[""Lambert Azimuthal Equal Area"",ID[""EPSG"",9820]],PARAMETER[""Latitude of natural origin"",81.5,ANGLEUNIT[""degree"",0.0174532925199433],ID[""EPSG"",8801]],PARAMETER[""Longitude of natural origin"",-74.5,ANGLEUNIT[""degree"",0.0174532925199433],ID[""EPSG"",8802]],PARAMETER[""False easting"",0,LENGTHUNIT[""metre"",1],ID[""EPSG"",8806]],PARAMETER[""False northing"",0,LENGTHUNIT[""metre"",1],ID[""EPSG"",8807]]],CS[Cartesian,2],AXIS[""(E)"",east,ORDER[1],LENGTHUNIT[""metre"",1,ID[""EPSG"",9001]]],AXIS[""(N)"",north,ORDER[2],LENGTHUNIT[""metre"",1,ID[""EPSG"",9001]]]]",True,9,[],dc5aaf619f6c38abb035f79718ad59fa1e4d05fdbaf42eedb3984eb4d92166e6,dc5aaf619f6c38abb035f79718ad59fa1e4d05fdbaf42eedb3984eb4d92166e6,True,True,0.0
rgi7.0|global|south=+081|west=-0075,p10,3791,651,"(30.0, 0.0, -9765.0, 0.0, -30.0, 56880.0, 0.0, 0.0, 1.0)","PROJCRS[""unknown"",BASEGEOGCRS[""unknown"",DATUM[""World Geodetic System 1984"",ELLIPSOID[""WGS 84"",6378137,298.257223563,LENGTHUNIT[""metre"",1]],ID[""EPSG"",6326]],PRIMEM[""Greenwich"",0,ANGLEUNIT[""degree"",0.0174532925199433],ID[""EPSG"",8901]]],CONVERSION[""unknown"",METHOD[""Lambert Azimuthal Equal Area"",ID[""EPSG"",9820]],PARAMETER[""Latitude of natural origin"",81.5,ANGLEUNIT[""degree"",0.0174532925199433],ID[""EPSG"",8801]],PARAMETER[""Longitude of natural origin"",-74.5,ANGLEUNIT[""degree"",0.0174532925199433],ID[""EPSG"",8802]],PARAMETER[""False easting"",0,LENGTHUNIT[""metre"",1],ID[""EPSG"",8806]],PARAMETER[""False northing"",0,LENGTHUNIT[""metre"",1],ID[""EPSG"",8807]]],CS[Cartesian,2],AXIS[""(E)"",east,ORDER[1],LENGTHUNIT[""metre"",1,ID[""EPSG"",9001]]],AXIS[""(N)"",north,ORDER[2],LENGTHUNIT[""metre"",1,ID[""EPSG"",9001]]]]",True,9,[],2a624b734ac1cc22a9fa38103ffe06e40c095c35259ae8467c72290eda4fdf0f,2a624b734ac1cc22a9fa38103ffe06e40c095c35259ae8467c72290eda4fdf0f,True,True,0.0
rgi7.0|global|south=+081|west=-0075,p01,3791,650,"(30.0, 0.0, -9750.0, 0.0, -30.0, 56895.0, 0.0, 0.0, 1.0)","PROJCRS[""unknown"",BASEGEOGCRS[""unknown"",DATUM[""World Geodetic System 1984"",ELLIPSOID[""WGS 84"",6378137,298.257223563,LENGTHUNIT[""metre"",1]],ID[""EPSG"",6326]],PRIMEM[""Greenwich"",0,ANGLEUNIT[""degree"",0.0174532925199433],ID[""EPSG"",8901]]],CONVERSION[""unknown"",METHOD[""Lambert Azimuthal Equal Area"",ID[""EPSG"",9820]],PARAMETER[""Latitude of natural origin"",81.5,ANGLEUNIT[""degree"",0.0174532925199433],ID[""EPSG"",8801]],PARAMETER[""Longitude of natural origin"",-74.5,ANGLEUNIT[""degree"",0.0174532925199433],ID[""EPSG"",8802]],PARAMETER[""False easting"",0,LENGTHUNIT[""metre"",1],ID[""EPSG"",8806]],PARAMETER[""False northing"",0,LENGTHUNIT[""metre"",1],ID[""EPSG"",8807]]],CS[Cartesian,2],AXIS[""(E)"",east,ORDER[1],LENGTHUNIT[""metre"",1,ID[""EPSG"",9001]]],AXIS[""(N)"",north,ORDER[2],LENGTHUNIT[""metre"",1,ID[""EPSG"",9001]]]]",True,9,[],5f4ea7823bb20b55e8c9e3755218195281066dff19f95db076b5aeb3fa059ff9,5f4ea7823bb20b55e8c9e3755218195281066dff19f95db076b5aeb3fa059ff9,True,True,0.0
rgi7.0|global|south=+081|west=-0075,p11,3791,651,"(30.0, 0.0, -9765.0, 0.0, -30.0, 56895.0, 0.0, 0.0, 1.0)","PROJCRS[""unknown"",BASEGEOGCRS[""unknown"",DATUM[""World Geodetic System 1984"",ELLIPSOID[""WGS 84"",6378137,298.257223563,LENGTHUNIT[""metre"",1]],ID[""EPSG"",6326]],PRIMEM[""Greenwich"",0,ANGLEUNIT[""degree"",0.0174532925199433],ID[""EPSG"",8901]]],CONVERSION[""unknown"",METHOD[""Lambert Azimuthal Equal Area"",ID[""EPSG"",9820]],PARAMETER[""Latitude of natural origin"",81.5,ANGLEUNIT[""degree"",0.0174532925199433],ID[""EPSG"",8801]],PARAMETER[""Longitude of natural origin"",-74.5,ANGLEUNIT[""degree"",0.0174532925199433],ID[""EPSG"",8802]],PARAMETER[""False easting"",0,LENGTHUNIT[""metre"",1],ID[""EPSG"",8806]],PARAMETER[""False northing"",0,LENGTHUNIT[""metre"",1],ID[""EPSG"",8807]]],CS[Cartesian,2],AXIS[""(E)"",east,ORDER[1],LENGTHUNIT[""metre"",1,ID[""EPSG"",9001]]],AXIS[""(N)"",north,ORDER[2],LENGTHUNIT[""metre"",1,ID[""EPSG"",9001]]]]",True,9,[],e825a26d26e4cc55e6a9d6b52ad1bcd5bf3d455f1b3f7815b47576b3def73231,e825a26d26e4cc55e6a9d6b52ad1bcd5bf3d455f1b3f7815b47576b3def73231,True,True,0.0
rgi7.0|global|south=+081|west=-0075,pzi,144,144,"(0.008333333333333333, 0.0, -75.1, 0.0, -0.008333333333333333, 82.1, 0.0, 0.0, 1.0)",EPSG:4326,True,1,[],f4f724ca8de20ff4f12ca74799c788a40135171033052a3097ba85344f73e801,f4f724ca8de20ff4f12ca74799c788a40135171033052a3097ba85344f73e801,True,True,0.0
rgi7.0|global|south=+078|west=-0088,p00,3792,843,"(30.0, 0.0, -12630.0, 0.0, -30.0, 56910.0, 0.0, 0.0, 1.0)","PROJCRS[""unknown"",BASEGEOGCRS[""unknown"",DATUM[""World Geodetic System 1984"",ELLIPSOID[""WGS 84"",6378137,298.257223563,LENGTHUNIT[""metre"",1]],ID[""EPSG"",6326]],PRIMEM[""Greenwich"",0,ANGLEUNIT[""degree"",0.0174532925199433],ID[""EPSG"",8901]]],CONVERSION[""unknown"",METHOD[""Lambert Azimuthal Equal Area"",ID[""EPSG"",9820]],PARAMETER[""Latitude of natural origin"",78.5,ANGLEUNIT[""degree"",0.0174532925199433],ID[""EPSG"",8801]],PARAMETER[""Longitude of natural origin"",-87.5,ANGLEUNIT[""degree"",0.0174532925199433],ID[""EPSG"",8802]],PARAMETER[""False easting"",0,LENGTHUNIT[""metre"",1],ID[""EPSG"",8806]],PARAMETER[""False northing"",0,LENGTHUNIT[""metre"",1],ID[""EPSG"",8807]]],CS[Cartesian,2],AXIS[""(E)"",east,ORDER[1],LENGTHUNIT[""metre"",1,ID[""EPSG"",9001]]],AXIS[""(N)"",north,ORDER[2],LENGTHUNIT[""metre"",1,ID[""EPSG"",9001]]]]",True,9,[],820b11edf2b47a1e2c5c6f99fd499a585363df97b5ec8e54f11b5f1bb1e29505,820b11edf2b47a1e2c5c6f99fd499a585363df97b5ec8e54f11b5f1bb1e29505,True,True,0.0
rgi7.0|global|south=+078|west=-0088,p10,3791,841,"(30.0, 0.0, -12615.0, 0.0, -30.0, 56880.0, 0.0, 0.0, 1.0)","PROJCRS[""unknown"",BASEGEOGCRS[""unknown"",DATUM[""World Geodetic System 1984"",ELLIPSOID[""WGS 84"",6378137,298.257223563,LENGTHUNIT[""metre"",1]],ID[""EPSG"",6326]],PRIMEM[""Greenwich"",0,ANGLEUNIT[""degree"",0.0174532925199433],ID[""EPSG"",8901]]],CONVERSION[""unknown"",METHOD[""Lambert Azimuthal Equal Area"",ID[""EPSG"",9820]],PARAMETER[""Latitude of natural origin"",78.5,ANGLEUNIT[""degree"",0.0174532925199433],ID[""EPSG"",8801]],PARAMETER[""Longitude of natural origin"",-87.5,ANGLEUNIT[""degree"",0.0174532925199433],ID[""EPSG"",8802]],PARAMETER[""False easting"",0,LENGTHUNIT[""metre"",1],ID[""EPSG"",8806]],PARAMETER[""False northing"",0,LENGTHUNIT[""metre"",1],ID[""EPSG"",8807]]],CS[Cartesian,2],AXIS[""(E)"",east,ORDER[1],LENGTHUNIT[""metre"",1,ID[""EPSG"",9001]]],AXIS[""(N)"",north,ORDER[2],LENGTHUNIT[""metre"",1,ID[""EPSG"",9001]]]]",True,9,[],ef3b9d18ead20a3c3d77b8c4e237047c01882a074620bff7a639b18aab9fc9e2,ef3b9d18ead20a3c3d77b8c4e237047c01882a074620bff7a639b18aab9fc9e2,True,True,0.0
rgi7.0|global|south=+078|west=-0088,p01,3791,842,"(30.0, 0.0, -12630.0, 0.0, -30.0, 56895.0, 0.0, 0.0, 1.0)","PROJCRS[""unknown"",BASEGEOGCRS[""unknown"",DATUM[""World Geodetic System 1984"",ELLIPSOID[""WGS 84"",6378137,298.257223563,LENGTHUNIT[""metre"",1]],ID[""EPSG"",6326]],PRIMEM[""Greenwich"",0,ANGLEUNIT[""degree"",0.0174532925199433],ID[""EPSG"",8901]]],CONVERSION[""unknown"",METHOD[""Lambert Azimuthal Equal Area"",ID[""EPSG"",9820]],PARAMETER[""Latitude of natural origin"",78.5,ANGLEUNIT[""degree"",0.0174532925199433],ID[""EPSG"",8801]],PARAMETER[""Longitude of natural origin"",-87.5,ANGLEUNIT[""degree"",0.0174532925199433],ID[""EPSG"",8802]],PARAMETER[""False easting"",0,LENGTHUNIT[""metre"",1],ID[""EPSG"",8806]],PARAMETER[""False northing"",0,LENGTHUNIT[""metre"",1],ID[""EPSG"",8807]]],CS[Cartesian,2],AXIS[""(E)"",east,ORDER[1],LENGTHUNIT[""metre"",1,ID[""EPSG"",9001]]],AXIS[""(N)"",north,ORDER[2],LENGTHUNIT[""metre"",1,ID[""EPSG"",9001]]]]",True,9,[],db530712d0e25437f93340379d17f671c61867f5359830da195d381d6ee5a102,db530712d0e25437f93340379d17f671c61867f5359830da195d381d6ee5a102,True,True,0.0
rgi7.0|global|south=+078|west=-0088,p11,3791,841,"(30.0, 0.0, -12615.0, 0.0, -30.0, 56895.0, 0.0, 0.0, 1.0)","PROJCRS[""unknown"",BASEGEOGCRS[""unknown"",DATUM[""World Geodetic System 1984"",ELLIPSOID[""WGS 84"",6378137,298.257223563,LENGTHUNIT[""metre"",1]],ID[""EPSG"",6326]],PRIMEM[""Greenwich"",0,ANGLEUNIT[""degree"",0.0174532925199433],ID[""EPSG"",8901]]],CONVERSION[""unknown"",METHOD[""Lambert Azimuthal Equal Area"",ID[""EPSG"",9820]],PARAMETER[""Latitude of natural origin"",78.5,ANGLEUNIT[""degree"",0.0174532925199433],ID[""EPSG"",8801]],PARAMETER[""Longitude of natural origin"",-87.5,ANGLEUNIT[""degree"",0.0174532925199433],ID[""EPSG"",8802]],PARAMETER[""False easting"",0,LENGTHUNIT[""metre"",1],ID[""EPSG"",8806]],PARAMETER[""False northing"",0,LENGTHUNIT[""metre"",1],ID[""EPSG"",8807]]],CS[Cartesian,2],AXIS[""(E)"",east,ORDER[1],LENGTHUNIT[""metre"",1,ID[""EPSG"",9001]]],AXIS[""(N)"",north,ORDER[2],LENGTHUNIT[""metre"",1,ID[""EPSG"",9001]]]]",True,9,[],a8ff506b5d276284fe074354a576c84eeb092b1cf44282db0802b254d4e675db,a8ff506b5d276284fe074354a576c84eeb092b1cf44282db0802b254d4e675db,True,True,0.0
rgi7.0|global|south=+078|west=-0088,pzi,144,144,"(0.008333333333333333, 0.0, -88.1, 0.0, -0.008333333333333333, 79.1, 0.0, 0.0, 1.0)",EPSG:4326,True,1,[],b6b95d1b5e268ec862feadd6ebd87861740cad1259b78ebf289e6fb6ed3696ed,b6b95d1b5e268ec862feadd6ebd87861740cad1259b78ebf289e6fb6ed3696ed,True,True,0.0
rgi7.0|global|south=+075|west=-0080,p00,3792,1032,"(30.0, 0.0, -15480.0, 0.0, -30.0, 56940.0, 0.0, 0.0, 1.0)","PROJCRS[""unknown"",BASEGEOGCRS[""unknown"",DATUM[""World Geodetic System 1984"",ELLIPSOID[""WGS 84"",6378137,298.257223563,LENGTHUNIT[""metre"",1]],ID[""EPSG"",6326]],PRIMEM[""Greenwich"",0,ANGLEUNIT[""degree"",0.0174532925199433],ID[""EPSG"",8901]]],CONVERSION[""unknown"",METHOD[""Lambert Azimuthal Equal Area"",ID[""EPSG"",9820]],PARAMETER[""Latitude of natural origin"",75.5,ANGLEUNIT[""degree"",0.0174532925199433],ID[""EPSG"",8801]],PARAMETER[""Longitude of natural origin"",-79.5,ANGLEUNIT[""degree"",0.0174532925199433],ID[""EPSG"",8802]],PARAMETER[""False easting"",0,LENGTHUNIT[""metre"",1],ID[""EPSG"",8806]],PARAMETER[""False northing"",0,LENGTHUNIT[""metre"",1],ID[""EPSG"",8807]]],CS[Cartesian,2],AXIS[""(E)"",east,ORDER[1],LENGTHUNIT[""metre"",1,ID[""EPSG"",9001]]],AXIS[""(N)"",north,ORDER[2],LENGTHUNIT[""metre"",1,ID[""EPSG"",9001]]]]",True,9,[],f920f3c1286b9a1de03ed2cc3c174c131d6ff1975173baf806b659c4d7b7d34a,f920f3c1286b9a1de03ed2cc3c174c131d6ff1975173baf806b659c4d7b7d34a,True,True,0.0
rgi7.0|global|south=+075|west=-0080,p10,3790,1031,"(30.0, 0.0, -15465.0, 0.0, -30.0, 56880.0, 0.0, 0.0, 1.0)","PROJCRS[""unknown"",BASEGEOGCRS[""unknown"",DATUM[""World Geodetic System 1984"",ELLIPSOID[""WGS 84"",6378137,298.257223563,LENGTHUNIT[""metre"",1]],ID[""EPSG"",6326]],PRIMEM[""Greenwich"",0,ANGLEUNIT[""degree"",0.0174532925199433],ID[""EPSG"",8901]]],CONVERSION[""unknown"",METHOD[""Lambert Azimuthal Equal Area"",ID[""EPSG"",9820]],PARAMETER[""Latitude of natural origin"",75.5,ANGLEUNIT[""degree"",0.0174532925199433],ID[""EPSG"",8801]],PARAMETER[""Longitude of natural origin"",-79.5,ANGLEUNIT[""degree"",0.0174532925199433],ID[""EPSG"",8802]],PARAMETER[""False easting"",0,LENGTHUNIT[""metre"",1],ID[""EPSG"",8806]],PARAMETER[""False northing"",0,LENGTHUNIT[""metre"",1],ID[""EPSG"",8807]]],CS[Cartesian,2],AXIS[""(E)"",east,ORDER[1],LENGTHUNIT[""metre"",1,ID[""EPSG"",9001]]],AXIS[""(N)"",north,ORDER[2],LENGTHUNIT[""metre"",1,ID[""EPSG"",9001]]]]",True,9,[],cca25fb000a2987df2a84025e18643a0bf5fa023657abbdcd57f9a3158a437cc,cca25fb000a2987df2a84025e18643a0bf5fa023657abbdcd57f9a3158a437cc,True,True,0.0
rgi7.0|global|south=+075|west=-0080,p01,3791,1032,"(30.0, 0.0, -15480.0, 0.0, -30.0, 56895.0, 0.0, 0.0, 1.0)","PROJCRS[""unknown"",BASEGEOGCRS[""unknown"",DATUM[""World Geodetic System 1984"",ELLIPSOID[""WGS 84"",6378137,298.257223563,LENGTHUNIT[""metre"",1]],ID[""EPSG"",6326]],PRIMEM[""Greenwich"",0,ANGLEUNIT[""degree"",0.0174532925199433],ID[""EPSG"",8901]]],CONVERSION[""unknown"",METHOD[""Lambert Azimuthal Equal Area"",ID[""EPSG"",9820]],PARAMETER[""Latitude of natural origin"",75.5,ANGLEUNIT[""degree"",0.0174532925199433],ID[""EPSG"",8801]],PARAMETER[""Longitude of natural origin"",-79.5,ANGLEUNIT[""degree"",0.0174532925199433],ID[""EPSG"",8802]],PARAMETER[""False easting"",0,LENGTHUNIT[""metre"",1],ID[""EPSG"",8806]],PARAMETER[""False northing"",0,LENGTHUNIT[""metre"",1],ID[""EPSG"",8807]]],CS[Cartesian,2],AXIS[""(E)"",east,ORDER[1],LENGTHUNIT[""metre"",1,ID[""EPSG"",9001]]],AXIS[""(N)"",north,ORDER[2],LENGTHUNIT[""metre"",1,ID[""EPSG"",9001]]]]",True,9,[],93c9a31f6471014ac9bdb4c0cb3b42e95b929302dc70a7a5fc6db4703bc4a5a6,93c9a31f6471014ac9bdb4c0cb3b42e95b929302dc70a7a5fc6db4703bc4a5a6,True,True,0.0
rgi7.0|global|south=+075|west=-0080,p11,3791,1031,"(30.0, 0.0, -15465.0, 0.0, -30.0, 56895.0, 0.0, 0.0, 1.0)","PROJCRS[""unknown"",BASEGEOGCRS[""unknown"",DATUM[""World Geodetic System 1984"",ELLIPSOID[""WGS 84"",6378137,298.257223563,LENGTHUNIT[""metre"",1]],ID[""EPSG"",6326]],PRIMEM[""Greenwich"",0,ANGLEUNIT[""degree"",0.0174532925199433],ID[""EPSG"",8901]]],CONVERSION[""unknown"",METHOD[""Lambert Azimuthal Equal Area"",ID[""EPSG"",9820]],PARAMETER[""Latitude of natural origin"",75.5,ANGLEUNIT[""degree"",0.0174532925199433],ID[""EPSG"",8801]],PARAMETER[""Longitude of natural origin"",-79.5,ANGLEUNIT[""degree"",0.0174532925199433],ID[""EPSG"",8802]],PARAMETER[""False easting"",0,LENGTHUNIT[""metre"",1],ID[""EPSG"",8806]],PARAMETER[""False northing"",0,LENGTHUNIT[""metre"",1],ID[""EPSG"",8807]]],CS[Cartesian,2],AXIS[""(E)"",east,ORDER[1],LENGTHUNIT[""metre"",1,ID[""EPSG"",9001]]],AXIS[""(N)"",north,ORDER[2],LENGTHUNIT[""metre"",1,ID[""EPSG"",9001]]]]",True,9,[],90ce8bda01726bbc86673c22b84a003a3f75ed015f1e3603155a6628bcc64dec,90ce8bda01726bbc86673c22b84a003a3f75ed015f1e3603155a6628bcc64dec,True,True,0.0
rgi7.0|global|south=+075|west=-0080,pzi,144,144,"(0.008333333333333333, 0.0, -80.1, 0.0, -0.008333333333333333, 76.1, 0.0, 0.0, 1.0)",EPSG:4326,True,1,[],ba2a12f5f005f9cbe6d7f6661143a068e68bd959c386a4d82aa99a5dbe9e9cae,ba2a12f5f005f9cbe6d7f6661143a068e68bd959c386a4d82aa99a5dbe9e9cae,True,True,0.0
rgi7.0|global|south=+079|west=-0078,p00,3792,780,"(30.0, 0.0, -11670.0, 0.0, -30.0, 56910.0, 0.0, 0.0, 1.0)","PROJCRS[""unknown"",BASEGEOGCRS[""unknown"",DATUM[""World Geodetic System 1984"",ELLIPSOID[""WGS 84"",6378137,298.257223563,LENGTHUNIT[""metre"",1]],ID[""EPSG"",6326]],PRIMEM[""Greenwich"",0,ANGLEUNIT[""degree"",0.0174532925199433],ID[""EPSG"",8901]]],CONVERSION[""unknown"",METHOD[""Lambert Azimuthal Equal Area"",ID[""EPSG"",9820]],PARAMETER[""Latitude of natural origin"",79.5,ANGLEUNIT[""degree"",0.0174532925199433],ID[""EPSG"",8801]],PARAMETER[""Longitude of natural origin"",-77.5,ANGLEUNIT[""degree"",0.0174532925199433],ID[""EPSG"",8802]],PARAMETER[""False easting"",0,LENGTHUNIT[""metre"",1],ID[""EPSG"",8806]],PARAMETER[""False northing"",0,LENGTHUNIT[""metre"",1],ID[""EPSG"",8807]]],CS[Cartesian,2],AXIS[""(E)"",east,ORDER[1],LENGTHUNIT[""metre"",1,ID[""EPSG"",9001]]],AXIS[""(N)"",north,ORDER[2],LENGTHUNIT[""metre"",1,ID[""EPSG"",9001]]]]",True,9,[],242b42f5873a22b86754623e9f9ec712984ccd3862c875c1e02274c732c18641,242b42f5873a22b86754623e9f9ec712984ccd3862c875c1e02274c732c18641,True,True,0.0
rgi7.0|global|south=+079|west=-0078,p10,3791,777,"(30.0, 0.0, -11655.0, 0.0, -30.0, 56880.0, 0.0, 0.0, 1.0)","PROJCRS[""unknown"",BASEGEOGCRS[""unknown"",DATUM[""World Geodetic System 1984"",ELLIPSOID[""WGS 84"",6378137,298.257223563,LENGTHUNIT[""metre"",1]],ID[""EPSG"",6326]],PRIMEM[""Greenwich"",0,ANGLEUNIT[""degree"",0.0174532925199433],ID[""EPSG"",8901]]],CONVERSION[""unknown"",METHOD[""Lambert Azimuthal Equal Area"",ID[""EPSG"",9820]],PARAMETER[""Latitude of natural origin"",79.5,ANGLEUNIT[""degree"",0.0174532925199433],ID[""EPSG"",8801]],PARAMETER[""Longitude of natural origin"",-77.5,ANGLEUNIT[""degree"",0.0174532925199433],ID[""EPSG"",8802]],PARAMETER[""False easting"",0,LENGTHUNIT[""metre"",1],ID[""EPSG"",8806]],PARAMETER[""False northing"",0,LENGTHUNIT[""metre"",1],ID[""EPSG"",8807]]],CS[Cartesian,2],AXIS[""(E)"",east,ORDER[1],LENGTHUNIT[""metre"",1,ID[""EPSG"",9001]]],AXIS[""(N)"",north,ORDER[2],LENGTHUNIT[""metre"",1,ID[""EPSG"",9001]]]]",True,9,[],f3b3da1595001b807f3febd93922c539f3e0da3b90aa47df6d88c8a48aeb985b,f3b3da1595001b807f3febd93922c539f3e0da3b90aa47df6d88c8a48aeb985b,True,True,0.0
rgi7.0|global|south=+079|west=-0078,p01,3791,778,"(30.0, 0.0, -11670.0, 0.0, -30.0, 56895.0, 0.0, 0.0, 1.0)","PROJCRS[""unknown"",BASEGEOGCRS[""unknown"",DATUM[""World Geodetic System 1984"",ELLIPSOID[""WGS 84"",6378137,298.257223563,LENGTHUNIT[""metre"",1]],ID[""EPSG"",6326]],PRIMEM[""Greenwich"",0,ANGLEUNIT[""degree"",0.0174532925199433],ID[""EPSG"",8901]]],CONVERSION[""unknown"",METHOD[""Lambert Azimuthal Equal Area"",ID[""EPSG"",9820]],PARAMETER[""Latitude of natural origin"",79.5,ANGLEUNIT[""degree"",0.0174532925199433],ID[""EPSG"",8801]],PARAMETER[""Longitude of natural origin"",-77.5,ANGLEUNIT[""degree"",0.0174532925199433],ID[""EPSG"",8802]],PARAMETER[""False easting"",0,LENGTHUNIT[""metre"",1],ID[""EPSG"",8806]],PARAMETER[""False northing"",0,LENGTHUNIT[""metre"",1],ID[""EPSG"",8807]]],CS[Cartesian,2],AXIS[""(E)"",east,ORDER[1],LENGTHUNIT[""metre"",1,ID[""EPSG"",9001]]],AXIS[""(N)"",north,ORDER[2],LENGTHUNIT[""metre"",1,ID[""EPSG"",9001]]]]",True,9,[],07dfb4aeaf082ee4c0e52e9ef060eceafb22fcc9681879593b91f8ea8c69ae00,07dfb4aeaf082ee4c0e52e9ef060eceafb22fcc9681879593b91f8ea8c69ae00,True,True,0.0
rgi7.0|global|south=+079|west=-0078,p11,3791,777,"(30.0, 0.0, -11655.0, 0.0, -30.0, 56895.0, 0.0, 0.0, 1.0)","PROJCRS[""unknown"",BASEGEOGCRS[""unknown"",DATUM[""World Geodetic System 1984"",ELLIPSOID[""WGS 84"",6378137,298.257223563,LENGTHUNIT[""metre"",1]],ID[""EPSG"",6326]],PRIMEM[""Greenwich"",0,ANGLEUNIT[""degree"",0.0174532925199433],ID[""EPSG"",8901]]],CONVERSION[""unknown"",METHOD[""Lambert Azimuthal Equal Area"",ID[""EPSG"",9820]],PARAMETER[""Latitude of natural origin"",79.5,ANGLEUNIT[""degree"",0.0174532925199433],ID[""EPSG"",8801]],PARAMETER[""Longitude of natural origin"",-77.5,ANGLEUNIT[""degree"",0.0174532925199433],ID[""EPSG"",8802]],PARAMETER[""False easting"",0,LENGTHUNIT[""metre"",1],ID[""EPSG"",8806]],PARAMETER[""False northing"",0,LENGTHUNIT[""metre"",1],ID[""EPSG"",8807]]],CS[Cartesian,2],AXIS[""(E)"",east,ORDER[1],LENGTHUNIT[""metre"",1,ID[""EPSG"",9001]]],AXIS[""(N)"",north,ORDER[2],LENGTHUNIT[""metre"",1,ID[""EPSG"",9001]]]]",True,9,[],6d4add0e2cded5076316edc45ca7fda05abfd063bfd7446679a5bb2b605fa9f3,6d4add0e2cded5076316edc45ca7fda05abfd063bfd7446679a5bb2b605fa9f3,True,True,0.0
rgi7.0|global|south=+079|west=-0078,pzi,144,144,"(0.008333333333333333, 0.0, -78.1, 0.0, -0.008333333333333333, 80.1, 0.0, 0.0, 1.0)",EPSG:4326,True,1,[],4ff482f23c595ba99edadac01520dee7ed6bec2bf15222e7a0dd11760104cc54,4ff482f23c595ba99edadac01520dee7ed6bec2bf15222e7a0dd11760104cc54,True,True,0.0
rgi7.0|global|south=+079|west=-0081,p00,3792,780,"(30.0, 0.0, -11670.0, 0.0, -30.0, 56910.0, 0.0, 0.0, 1.0)","PROJCRS[""unknown"",BASEGEOGCRS[""unknown"",DATUM[""World Geodetic System 1984"",ELLIPSOID[""WGS 84"",6378137,298.257223563,LENGTHUNIT[""metre"",1]],ID[""EPSG"",6326]],PRIMEM[""Greenwich"",0,ANGLEUNIT[""degree"",0.0174532925199433],ID[""EPSG"",8901]]],CONVERSION[""unknown"",METHOD[""Lambert Azimuthal Equal Area"",ID[""EPSG"",9820]],PARAMETER[""Latitude of natural origin"",79.5,ANGLEUNIT[""degree"",0.0174532925199433],ID[""EPSG"",8801]],PARAMETER[""Longitude of natural origin"",-80.5,ANGLEUNIT[""degree"",0.0174532925199433],ID[""EPSG"",8802]],PARAMETER[""False easting"",0,LENGTHUNIT[""metre"",1],ID[""EPSG"",8806]],PARAMETER[""False northing"",0,LENGTHUNIT[""metre"",1],ID[""EPSG"",8807]]],CS[Cartesian,2],AXIS[""(E)"",east,ORDER[1],LENGTHUNIT[""metre"",1,ID[""EPSG"",9001]]],AXIS[""(N)"",north,ORDER[2],LENGTHUNIT[""metre"",1,ID[""EPSG"",9001]]]]",True,9,[],6b86ee12cf81fc3dbba654ba55e8d81ae796cf3193e027d8abdf02b409dc86a0,6b86ee12cf81fc3dbba654ba55e8d81ae796cf3193e027d8abdf02b409dc86a0,True,True,0.0
rgi7.0|global|south=+079|west=-0081,p10,3791,777,"(30.0, 0.0, -11655.0, 0.0, -30.0, 56880.0, 0.0, 0.0, 1.0)","PROJCRS[""unknown"",BASEGEOGCRS[""unknown"",DATUM[""World Geodetic System 1984"",ELLIPSOID[""WGS 84"",6378137,298.257223563,LENGTHUNIT[""metre"",1]],ID[""EPSG"",6326]],PRIMEM[""Greenwich"",0,ANGLEUNIT[""degree"",0.0174532925199433],ID[""EPSG"",8901]]],CONVERSION[""unknown"",METHOD[""Lambert Azimuthal Equal Area"",ID[""EPSG"",9820]],PARAMETER[""Latitude of natural origin"",79.5,ANGLEUNIT[""degree"",0.0174532925199433],ID[""EPSG"",8801]],PARAMETER[""Longitude of natural origin"",-80.5,ANGLEUNIT[""degree"",0.0174532925199433],ID[""EPSG"",8802]],PARAMETER[""False easting"",0,LENGTHUNIT[""metre"",1],ID[""EPSG"",8806]],PARAMETER[""False northing"",0,LENGTHUNIT[""metre"",1],ID[""EPSG"",8807]]],CS[Cartesian,2],AXIS[""(E)"",east,ORDER[1],LENGTHUNIT[""metre"",1,ID[""EPSG"",9001]]],AXIS[""(N)"",north,ORDER[2],LENGTHUNIT[""metre"",1,ID[""EPSG"",9001]]]]",True,9,[],96b137bdd297040b9c37f2b44927c8e5c44f9bb6f3bdcc0afe22f5071076a246,96b137bdd297040b9c37f2b44927c8e5c44f9bb6f3bdcc0afe22f5071076a246,True,True,0.0
rgi7.0|global|south=+079|west=-0081,p01,3791,778,"(30.0, 0.0, -11670.0, 0.0, -30.0, 56895.0, 0.0, 0.0, 1.0)","PROJCRS[""unknown"",BASEGEOGCRS[""unknown"",DATUM[""World Geodetic System 1984"",ELLIPSOID[""WGS 84"",6378137,298.257223563,LENGTHUNIT[""metre"",1]],ID[""EPSG"",6326]],PRIMEM[""Greenwich"",0,ANGLEUNIT[""degree"",0.0174532925199433],ID[""EPSG"",8901]]],CONVERSION[""unknown"",METHOD[""Lambert Azimuthal Equal Area"",ID[""EPSG"",9820]],PARAMETER[""Latitude of natural origin"",79.5,ANGLEUNIT[""degree"",0.0174532925199433],ID[""EPSG"",8801]],PARAMETER[""Longitude of natural origin"",-80.5,ANGLEUNIT[""degree"",0.0174532925199433],ID[""EPSG"",8802]],PARAMETER[""False easting"",0,LENGTHUNIT[""metre"",1],ID[""EPSG"",8806]],PARAMETER[""False northing"",0,LENGTHUNIT[""metre"",1],ID[""EPSG"",8807]]],CS[Cartesian,2],AXIS[""(E)"",east,ORDER[1],LENGTHUNIT[""metre"",1,ID[""EPSG"",9001]]],AXIS[""(N)"",north,ORDER[2],LENGTHUNIT[""metre"",1,ID[""EPSG"",9001]]]]",True,9,[],b2bc0d6b269fe1dd83f8112397c96371c0733373b3520286d86e966aa4cf9437,b2bc0d6b269fe1dd83f8112397c96371c0733373b3520286d86e966aa4cf9437,True,True,0.0
rgi7.0|global|south=+079|west=-0081,p11,3791,777,"(30.0, 0.0, -11655.0, 0.0, -30.0, 56895.0, 0.0, 0.0, 1.0)","PROJCRS[""unknown"",BASEGEOGCRS[""unknown"",DATUM[""World Geodetic System 1984"",ELLIPSOID[""WGS 84"",6378137,298.257223563,LENGTHUNIT[""metre"",1]],ID[""EPSG"",6326]],PRIMEM[""Greenwich"",0,ANGLEUNIT[""degree"",0.0174532925199433],ID[""EPSG"",8901]]],CONVERSION[""unknown"",METHOD[""Lambert Azimuthal Equal Area"",ID[""EPSG"",9820]],PARAMETER[""Latitude of natural origin"",79.5,ANGLEUNIT[""degree"",0.0174532925199433],ID[""EPSG"",8801]],PARAMETER[""Longitude of natural origin"",-80.5,ANGLEUNIT[""degree"",0.0174532925199433],ID[""EPSG"",8802]],PARAMETER[""False easting"",0,LENGTHUNIT[""metre"",1],ID[""EPSG"",8806]],PARAMETER[""False northing"",0,LENGTHUNIT[""metre"",1],ID[""EPSG"",8807]]],CS[Cartesian,2],AXIS[""(E)"",east,ORDER[1],LENGTHUNIT[""metre"",1,ID[""EPSG"",9001]]],AXIS[""(N)"",north,ORDER[2],LENGTHUNIT[""metre"",1,ID[""EPSG"",9001]]]]",True,9,[],081e2be368157ebe561655eed23c250d2b09b5c61582f9fcec8d6e3c700a52ad,081e2be368157ebe561655eed23c250d2b09b5c61582f9fcec8d6e3c700a52ad,True,True,0.0
rgi7.0|global|south=+079|west=-0081,pzi,144,144,"(0.008333333333333333, 0.0, -81.1, 0.0, -0.008333333333333333, 80.1, 0.0, 0.0, 1.0)",EPSG:4326,True,1,[],4cd5589fab2a1c122d8761e3876cc7d0ec57613ab7c1794d585eef0a386254f5,4cd5589fab2a1c122d8761e3876cc7d0ec57613ab7c1794d585eef0a386254f5,True,True,0.0
rgi7.0|global|south=+078|west=-0075,p00,3792,843,"(30.0, 0.0, -12630.0, 0.0, -30.0, 56910.0, 0.0, 0.0, 1.0)","PROJCRS[""unknown"",BASEGEOGCRS[""unknown"",DATUM[""World Geodetic System 1984"",ELLIPSOID[""WGS 84"",6378137,298.257223563,LENGTHUNIT[""metre"",1]],ID[""EPSG"",6326]],PRIMEM[""Greenwich"",0,ANGLEUNIT[""degree"",0.0174532925199433],ID[""EPSG"",8901]]],CONVERSION[""unknown"",METHOD[""Lambert Azimuthal Equal Area"",ID[""EPSG"",9820]],PARAMETER[""Latitude of natural origin"",78.5,ANGLEUNIT[""degree"",0.0174532925199433],ID[""EPSG"",8801]],PARAMETER[""Longitude of natural origin"",-74.5,ANGLEUNIT[""degree"",0.0174532925199433],ID[""EPSG"",8802]],PARAMETER[""False easting"",0,LENGTHUNIT[""metre"",1],ID[""EPSG"",8806]],PARAMETER[""False northing"",0,LENGTHUNIT[""metre"",1],ID[""EPSG"",8807]]],CS[Cartesian,2],AXIS[""(E)"",east,ORDER[1],LENGTHUNIT[""metre"",1,ID[""EPSG"",9001]]],AXIS[""(N)"",north,ORDER[2],LENGTHUNIT[""metre"",1,ID[""EPSG"",9001]]]]",True,9,[],2a76d804cf8684c373aeed07c3eda5179e26ac2893b08f22dc09dd2e987be5c5,2a76d804cf8684c373aeed07c3eda5179e26ac2893b08f22dc09dd2e987be5c5,True,True,0.0
rgi7.0|global|south=+078|west=-0075,p10,3791,841,"(30.0, 0.0, -12615.0, 0.0, -30.0, 56880.0, 0.0, 0.0, 1.0)","PROJCRS[""unknown"",BASEGEOGCRS[""unknown"",DATUM[""World Geodetic System 1984"",ELLIPSOID[""WGS 84"",6378137,298.257223563,LENGTHUNIT[""metre"",1]],ID[""EPSG"",6326]],PRIMEM[""Greenwich"",0,ANGLEUNIT[""degree"",0.0174532925199433],ID[""EPSG"",8901]]],CONVERSION[""unknown"",METHOD[""Lambert Azimuthal Equal Area"",ID[""EPSG"",9820]],PARAMETER[""Latitude of natural origin"",78.5,ANGLEUNIT[""degree"",0.0174532925199433],ID[""EPSG"",8801]],PARAMETER[""Longitude of natural origin"",-74.5,ANGLEUNIT[""degree"",0.0174532925199433],ID[""EPSG"",8802]],PARAMETER[""False easting"",0,LENGTHUNIT[""metre"",1],ID[""EPSG"",8806]],PARAMETER[""False northing"",0,LENGTHUNIT[""metre"",1],ID[""EPSG"",8807]]],CS[Cartesian,2],AXIS[""(E)"",east,ORDER[1],LENGTHUNIT[""metre"",1,ID[""EPSG"",9001]]],AXIS[""(N)"",north,ORDER[2],LENGTHUNIT[""metre"",1,ID[""EPSG"",9001]]]]",True,9,[],0e56f63e1ac96f9016b93ab80e6384e9977d5daa677a1a3c81eb5776d3ac6a58,0e56f63e1ac96f9016b93ab80e6384e9977d5daa677a1a3c81eb5776d3ac6a58,True,True,0.0
rgi7.0|global|south=+078|west=-0075,p01,3791,842,"(30.0, 0.0, -12630.0, 0.0, -30.0, 56895.0, 0.0, 0.0, 1.0)","PROJCRS[""unknown"",BASEGEOGCRS[""unknown"",DATUM[""World Geodetic System 1984"",ELLIPSOID[""WGS 84"",6378137,298.257223563,LENGTHUNIT[""metre"",1]],ID[""EPSG"",6326]],PRIMEM[""Greenwich"",0,ANGLEUNIT[""degree"",0.0174532925199433],ID[""EPSG"",8901]]],CONVERSION[""unknown"",METHOD[""Lambert Azimuthal Equal Area"",ID[""EPSG"",9820]],PARAMETER[""Latitude of natural origin"",78.5,ANGLEUNIT[""degree"",0.0174532925199433],ID[""EPSG"",8801]],PARAMETER[""Longitude of natural origin"",-74.5,ANGLEUNIT[""degree"",0.0174532925199433],ID[""EPSG"",8802]],PARAMETER[""False easting"",0,LENGTHUNIT[""metre"",1],ID[""EPSG"",8806]],PARAMETER[""False northing"",0,LENGTHUNIT[""metre"",1],ID[""EPSG"",8807]]],CS[Cartesian,2],AXIS[""(E)"",east,ORDER[1],LENGTHUNIT[""metre"",1,ID[""EPSG"",9001]]],AXIS[""(N)"",north,ORDER[2],LENGTHUNIT[""metre"",1,ID[""EPSG"",9001]]]]",True,9,[],748447b0a84d610e7dc145101d5034f573b36deec1d059651679239f80516fa0,748447b0a84d610e7dc145101d5034f573b36deec1d059651679239f80516fa0,True,True,0.0
rgi7.0|global|south=+078|west=-0075,p11,3791,841,"(30.0, 0.0, -12615.0, 0.0, -30.0, 56895.0, 0.0, 0.0, 1.0)","PROJCRS[""unknown"",BASEGEOGCRS[""unknown"",DATUM[""World Geodetic System 1984"",ELLIPSOID[""WGS 84"",6378137,298.257223563,LENGTHUNIT[""metre"",1]],ID[""EPSG"",6326]],PRIMEM[""Greenwich"",0,ANGLEUNIT[""degree"",0.0174532925199433],ID[""EPSG"",8901]]],CONVERSION[""unknown"",METHOD[""Lambert Azimuthal Equal Area"",ID[""EPSG"",9820]],PARAMETER[""Latitude of natural origin"",78.5,ANGLEUNIT[""degree"",0.0174532925199433],ID[""EPSG"",8801]],PARAMETER[""Longitude of natural origin"",-74.5,ANGLEUNIT[""degree"",0.0174532925199433],ID[""EPSG"",8802]],PARAMETER[""False easting"",0,LENGTHUNIT[""metre"",1],ID[""EPSG"",8806]],PARAMETER[""False northing"",0,LENGTHUNIT[""metre"",1],ID[""EPSG"",8807]]],CS[Cartesian,2],AXIS[""(E)"",east,ORDER[1],LENGTHUNIT[""metre"",1,ID[""EPSG"",9001]]],AXIS[""(N)"",north,ORDER[2],LENGTHUNIT[""metre"",1,ID[""EPSG"",9001]]]]",True,9,[],257ff1a96f803a0c6a6dc904f277382f41e97c15de443ed5601bb98b1ec28441,257ff1a96f803a0c6a6dc904f277382f41e97c15de443ed5601bb98b1ec28441,True,True,0.0
rgi7.0|global|south=+078|west=-0075,pzi,144,144,"(0.008333333333333333, 0.0, -75.1, 0.0, -0.008333333333333333, 79.1, 0.0, 0.0, 1.0)",EPSG:4326,True,1,[],9b2e87e0c1d490085525a8ed2694340c8e0222fcf32a9d25721757b0b7dc47f2,9b2e87e0c1d490085525a8ed2694340c8e0222fcf32a9d25721757b0b7dc47f2,True,True,0.0
rgi7.0|global|south=+067|west=-0067,p00,3789,1524,"(30.0, 0.0, -22830.0, 0.0, -30.0, 56880.0, 0.0, 0.0, 1.0)","PROJCRS[""unknown"",BASEGEOGCRS[""unknown"",DATUM[""World Geodetic System 1984"",ELLIPSOID[""WGS 84"",6378137,298.257223563,LENGTHUNIT[""metre"",1]],ID[""EPSG"",6326]],PRIMEM[""Greenwich"",0,ANGLEUNIT[""degree"",0.0174532925199433],ID[""EPSG"",8901]]],CONVERSION[""unknown"",METHOD[""Lambert Azimuthal Equal Area"",ID[""EPSG"",9820]],PARAMETER[""Latitude of natural origin"",67.5,ANGLEUNIT[""degree"",0.0174532925199433],ID[""EPSG"",8801]],PARAMETER[""Longitude of natural origin"",-66.5,ANGLEUNIT[""degree"",0.0174532925199433],ID[""EPSG"",8802]],PARAMETER[""False easting"",0,LENGTHUNIT[""metre"",1],ID[""EPSG"",8806]],PARAMETER[""False northing"",0,LENGTHUNIT[""metre"",1],ID[""EPSG"",8807]]],CS[Cartesian,2],AXIS[""(E)"",east,ORDER[1],LENGTHUNIT[""metre"",1,ID[""EPSG"",9001]]],AXIS[""(N)"",north,ORDER[2],LENGTHUNIT[""metre"",1,ID[""EPSG"",9001]]]]",True,9,[],c2c553b0456e94668bf6e2666655444638fec963b36f2b8a720c881dbe3bda3d,c2c553b0456e94668bf6e2666655444638fec963b36f2b8a720c881dbe3bda3d,True,True,0.0
rgi7.0|global|south=+067|west=-0067,p10,3789,1521,"(30.0, 0.0, -22815.0, 0.0, -30.0, 56880.0, 0.0, 0.0, 1.0)","PROJCRS[""unknown"",BASEGEOGCRS[""unknown"",DATUM[""World Geodetic System 1984"",ELLIPSOID[""WGS 84"",6378137,298.257223563,LENGTHUNIT[""metre"",1]],ID[""EPSG"",6326]],PRIMEM[""Greenwich"",0,ANGLEUNIT[""degree"",0.0174532925199433],ID[""EPSG"",8901]]],CONVERSION[""unknown"",METHOD[""Lambert Azimuthal Equal Area"",ID[""EPSG"",9820]],PARAMETER[""Latitude of natural origin"",67.5,ANGLEUNIT[""degree"",0.0174532925199433],ID[""EPSG"",8801]],PARAMETER[""Longitude of natural origin"",-66.5,ANGLEUNIT[""degree"",0.0174532925199433],ID[""EPSG"",8802]],PARAMETER[""False easting"",0,LENGTHUNIT[""metre"",1],ID[""EPSG"",8806]],PARAMETER[""False northing"",0,LENGTHUNIT[""metre"",1],ID[""EPSG"",8807]]],CS[Cartesian,2],AXIS[""(E)"",east,ORDER[1],LENGTHUNIT[""metre"",1,ID[""EPSG"",9001]]],AXIS[""(N)"",north,ORDER[2],LENGTHUNIT[""metre"",1,ID[""EPSG"",9001]]]]",True,9,[],28a1757294457804aec70489022c49af15d07fe5e7724cb6ce5c9714bb7fbdbb,28a1757294457804aec70489022c49af15d07fe5e7724cb6ce5c9714bb7fbdbb,True,True,0.0
rgi7.0|global|south=+067|west=-0067,p01,3788,1522,"(30.0, 0.0, -22830.0, 0.0, -30.0, 56865.0, 0.0, 0.0, 1.0)","PROJCRS[""unknown"",BASEGEOGCRS[""unknown"",DATUM[""World Geodetic System 1984"",ELLIPSOID[""WGS 84"",6378137,298.257223563,LENGTHUNIT[""metre"",1]],ID[""EPSG"",6326]],PRIMEM[""Greenwich"",0,ANGLEUNIT[""degree"",0.0174532925199433],ID[""EPSG"",8901]]],CONVERSION[""unknown"",METHOD[""Lambert Azimuthal Equal Area"",ID[""EPSG"",9820]],PARAMETER[""Latitude of natural origin"",67.5,ANGLEUNIT[""degree"",0.0174532925199433],ID[""EPSG"",8801]],PARAMETER[""Longitude of natural origin"",-66.5,ANGLEUNIT[""degree"",0.0174532925199433],ID[""EPSG"",8802]],PARAMETER[""False easting"",0,LENGTHUNIT[""metre"",1],ID[""EPSG"",8806]],PARAMETER[""False northing"",0,LENGTHUNIT[""metre"",1],ID[""EPSG"",8807]]],CS[Cartesian,2],AXIS[""(E)"",east,ORDER[1],LENGTHUNIT[""metre"",1,ID[""EPSG"",9001]]],AXIS[""(N)"",north,ORDER[2],LENGTHUNIT[""metre"",1,ID[""EPSG"",9001]]]]",True,9,[],773185445035d769057b19ee4df7ff9b938fe64fe231baecab2d5dc118996d4d,773185445035d769057b19ee4df7ff9b938fe64fe231baecab2d5dc118996d4d,True,True,0.0
rgi7.0|global|south=+067|west=-0067,p11,3788,1521,"(30.0, 0.0, -22815.0, 0.0, -30.0, 56865.0, 0.0, 0.0, 1.0)","PROJCRS[""unknown"",BASEGEOGCRS[""unknown"",DATUM[""World Geodetic System 1984"",ELLIPSOID[""WGS 84"",6378137,298.257223563,LENGTHUNIT[""metre"",1]],ID[""EPSG"",6326]],PRIMEM[""Greenwich"",0,ANGLEUNIT[""degree"",0.0174532925199433],ID[""EPSG"",8901]]],CONVERSION[""unknown"",METHOD[""Lambert Azimuthal Equal Area"",ID[""EPSG"",9820]],PARAMETER[""Latitude of natural origin"",67.5,ANGLEUNIT[""degree"",0.0174532925199433],ID[""EPSG"",8801]],PARAMETER[""Longitude of natural origin"",-66.5,ANGLEUNIT[""degree"",0.0174532925199433],ID[""EPSG"",8802]],PARAMETER[""False easting"",0,LENGTHUNIT[""metre"",1],ID[""EPSG"",8806]],PARAMETER[""False northing"",0,LENGTHUNIT[""metre"",1],ID[""EPSG"",8807]]],CS[Cartesian,2],AXIS[""(E)"",east,ORDER[1],LENGTHUNIT[""metre"",1,ID[""EPSG"",9001]]],AXIS[""(N)"",north,ORDER[2],LENGTHUNIT[""metre"",1,ID[""EPSG"",9001]]]]",True,9,[],d324530881b135d3494fc77d0051527d9781e87d3900e2e2b5810d1e8a650328,d324530881b135d3494fc77d0051527d9781e87d3900e2e2b5810d1e8a650328,True,True,0.0
rgi7.0|global|south=+067|west=-0067,pzi,144,144,"(0.008333333333333333, 0.0, -67.1, 0.0, -0.008333333333333333, 68.1, 0.0, 0.0, 1.0)",EPSG:4326,True,1,[],daf270270151d8568f34631f715cd50ecd82203ffdc492d5f2672a642c9d6082,daf270270151d8568f34631f715cd50ecd82203ffdc492d5f2672a642c9d6082,True,True,0.0
rgi7.0|global|south=+068|west=-0068,p00,3789,1464,"(30.0, 0.0, -21930.0, 0.0, -30.0, 56880.0, 0.0, 0.0, 1.0)","PROJCRS[""unknown"",BASEGEOGCRS[""unknown"",DATUM[""World Geodetic System 1984"",ELLIPSOID[""WGS 84"",6378137,298.257223563,LENGTHUNIT[""metre"",1]],ID[""EPSG"",6326]],PRIMEM[""Greenwich"",0,ANGLEUNIT[""degree"",0.0174532925199433],ID[""EPSG"",8901]]],CONVERSION[""unknown"",METHOD[""Lambert Azimuthal Equal Area"",ID[""EPSG"",9820]],PARAMETER[""Latitude of natural origin"",68.5,ANGLEUNIT[""degree"",0.0174532925199433],ID[""EPSG"",8801]],PARAMETER[""Longitude of natural origin"",-67.5,ANGLEUNIT[""degree"",0.0174532925199433],ID[""EPSG"",8802]],PARAMETER[""False easting"",0,LENGTHUNIT[""metre"",1],ID[""EPSG"",8806]],PARAMETER[""False northing"",0,LENGTHUNIT[""metre"",1],ID[""EPSG"",8807]]],CS[Cartesian,2],AXIS[""(E)"",east,ORDER[1],LENGTHUNIT[""metre"",1,ID[""EPSG"",9001]]],AXIS[""(N)"",north,ORDER[2],LENGTHUNIT[""metre"",1,ID[""EPSG"",9001]]]]",True,9,[],68adda8b1bd938dcaf29719e4fe6e67296abfbe3c965efde910fec8227177eca,68adda8b1bd938dcaf29719e4fe6e67296abfbe3c965efde910fec8227177eca,True,True,0.0
rgi7.0|global|south=+068|west=-0068,p10,3789,1461,"(30.0, 0.0, -21915.0, 0.0, -30.0, 56880.0, 0.0, 0.0, 1.0)","PROJCRS[""unknown"",BASEGEOGCRS[""unknown"",DATUM[""World Geodetic System 1984"",ELLIPSOID[""WGS 84"",6378137,298.257223563,LENGTHUNIT[""metre"",1]],ID[""EPSG"",6326]],PRIMEM[""Greenwich"",0,ANGLEUNIT[""degree"",0.0174532925199433],ID[""EPSG"",8901]]],CONVERSION[""unknown"",METHOD[""Lambert Azimuthal Equal Area"",ID[""EPSG"",9820]],PARAMETER[""Latitude of natural origin"",68.5,ANGLEUNIT[""degree"",0.0174532925199433],ID[""EPSG"",8801]],PARAMETER[""Longitude of natural origin"",-67.5,ANGLEUNIT[""degree"",0.0174532925199433],ID[""EPSG"",8802]],PARAMETER[""False easting"",0,LENGTHUNIT[""metre"",1],ID[""EPSG"",8806]],PARAMETER[""False northing"",0,LENGTHUNIT[""metre"",1],ID[""EPSG"",8807]]],CS[Cartesian,2],AXIS[""(E)"",east,ORDER[1],LENGTHUNIT[""metre"",1,ID[""EPSG"",9001]]],AXIS[""(N)"",north,ORDER[2],LENGTHUNIT[""metre"",1,ID[""EPSG"",9001]]]]",True,9,[],0b9ba80b50aa11c8fc8f922322ab3010c97a86016c08ae0ab9173fa17a6c8c25,0b9ba80b50aa11c8fc8f922322ab3010c97a86016c08ae0ab9173fa17a6c8c25,True,True,0.0
rgi7.0|global|south=+068|west=-0068,p01,3788,1462,"(30.0, 0.0, -21930.0, 0.0, -30.0, 56865.0, 0.0, 0.0, 1.0)","PROJCRS[""unknown"",BASEGEOGCRS[""unknown"",DATUM[""World Geodetic System 1984"",ELLIPSOID[""WGS 84"",6378137,298.257223563,LENGTHUNIT[""metre"",1]],ID[""EPSG"",6326]],PRIMEM[""Greenwich"",0,ANGLEUNIT[""degree"",0.0174532925199433],ID[""EPSG"",8901]]],CONVERSION[""unknown"",METHOD[""Lambert Azimuthal Equal Area"",ID[""EPSG"",9820]],PARAMETER[""Latitude of natural origin"",68.5,ANGLEUNIT[""degree"",0.0174532925199433],ID[""EPSG"",8801]],PARAMETER[""Longitude of natural origin"",-67.5,ANGLEUNIT[""degree"",0.0174532925199433],ID[""EPSG"",8802]],PARAMETER[""False easting"",0,LENGTHUNIT[""metre"",1],ID[""EPSG"",8806]],PARAMETER[""False northing"",0,LENGTHUNIT[""metre"",1],ID[""EPSG"",8807]]],CS[Cartesian,2],AXIS[""(E)"",east,ORDER[1],LENGTHUNIT[""metre"",1,ID[""EPSG"",9001]]],AXIS[""(N)"",north,ORDER[2],LENGTHUNIT[""metre"",1,ID[""EPSG"",9001]]]]",True,9,[],8c6855f8fb2b58b2ebbf3a494dfe399826c305570ec5e0bd088591de3ae463e9,8c6855f8fb2b58b2ebbf3a494dfe399826c305570ec5e0bd088591de3ae463e9,True,True,0.0
rgi7.0|global|south=+068|west=-0068,p11,3788,1461,"(30.0, 0.0, -21915.0, 0.0, -30.0, 56865.0, 0.0, 0.0, 1.0)","PROJCRS[""unknown"",BASEGEOGCRS[""unknown"",DATUM[""World Geodetic System 1984"",ELLIPSOID[""WGS 84"",6378137,298.257223563,LENGTHUNIT[""metre"",1]],ID[""EPSG"",6326]],PRIMEM[""Greenwich"",0,ANGLEUNIT[""degree"",0.0174532925199433],ID[""EPSG"",8901]]],CONVERSION[""unknown"",METHOD[""Lambert Azimuthal Equal Area"",ID[""EPSG"",9820]],PARAMETER[""Latitude of natural origin"",68.5,ANGLEUNIT[""degree"",0.0174532925199433],ID[""EPSG"",8801]],PARAMETER[""Longitude of natural origin"",-67.5,ANGLEUNIT[""degree"",0.0174532925199433],ID[""EPSG"",8802]],PARAMETER[""False easting"",0,LENGTHUNIT[""metre"",1],ID[""EPSG"",8806]],PARAMETER[""False northing"",0,LENGTHUNIT[""metre"",1],ID[""EPSG"",8807]]],CS[Cartesian,2],AXIS[""(E)"",east,ORDER[1],LENGTHUNIT[""metre"",1,ID[""EPSG"",9001]]],AXIS[""(N)"",north,ORDER[2],LENGTHUNIT[""metre"",1,ID[""EPSG"",9001]]]]",True,9,[],1739b7146301e3e538f6b910c86daf0292d27d030fabc0e79c955ec10290f164,1739b7146301e3e538f6b910c86daf0292d27d030fabc0e79c955ec10290f164,True,True,0.0
rgi7.0|global|south=+068|west=-0068,pzi,144,144,"(0.008333333333333333, 0.0, -68.1, 0.0, -0.008333333333333333, 69.1, 0.0, 0.0, 1.0)",EPSG:4326,True,1,[],c53b92c3923b5315233b11f6c2755954d9db1addbbcd8984994d7e4b66d7e720,c53b92c3923b5315233b11f6c2755954d9db1addbbcd8984994d7e4b66d7e720,True,True,0.0
rgi7.0|global|south=+066|west=-0064,p00,3789,1584,"(30.0, 0.0, -23730.0, 0.0, -30.0, 56910.0, 0.0, 0.0, 1.0)","PROJCRS[""unknown"",BASEGEOGCRS[""unknown"",DATUM[""World Geodetic System 1984"",ELLIPSOID[""WGS 84"",6378137,298.257223563,LENGTHUNIT[""metre"",1]],ID[""EPSG"",6326]],PRIMEM[""Greenwich"",0,ANGLEUNIT[""degree"",0.0174532925199433],ID[""EPSG"",8901]]],CONVERSION[""unknown"",METHOD[""Lambert Azimuthal Equal Area"",ID[""EPSG"",9820]],PARAMETER[""Latitude of natural origin"",66.5,ANGLEUNIT[""degree"",0.0174532925199433],ID[""EPSG"",8801]],PARAMETER[""Longitude of natural origin"",-63.5,ANGLEUNIT[""degree"",0.0174532925199433],ID[""EPSG"",8802]],PARAMETER[""False easting"",0,LENGTHUNIT[""metre"",1],ID[""EPSG"",8806]],PARAMETER[""False northing"",0,LENGTHUNIT[""metre"",1],ID[""EPSG"",8807]]],CS[Cartesian,2],AXIS[""(E)"",east,ORDER[1],LENGTHUNIT[""metre"",1,ID[""EPSG"",9001]]],AXIS[""(N)"",north,ORDER[2],LENGTHUNIT[""metre"",1,ID[""EPSG"",9001]]]]",True,9,[],cc7ca0f7564e587b9a29c230b54db5c42e90670ee7a34a14de08c0feee74de44,cc7ca0f7564e587b9a29c230b54db5c42e90670ee7a34a14de08c0feee74de44,True,True,0.0
rgi7.0|global|south=+066|west=-0064,p10,3787,1581,"(30.0, 0.0, -23715.0, 0.0, -30.0, 56850.0, 0.0, 0.0, 1.0)","PROJCRS[""unknown"",BASEGEOGCRS[""unknown"",DATUM[""World Geodetic System 1984"",ELLIPSOID[""WGS 84"",6378137,298.257223563,LENGTHUNIT[""metre"",1]],ID[""EPSG"",6326]],PRIMEM[""Greenwich"",0,ANGLEUNIT[""degree"",0.0174532925199433],ID[""EPSG"",8901]]],CONVERSION[""unknown"",METHOD[""Lambert Azimuthal Equal Area"",ID[""EPSG"",9820]],PARAMETER[""Latitude of natural origin"",66.5,ANGLEUNIT[""degree"",0.0174532925199433],ID[""EPSG"",8801]],PARAMETER[""Longitude of natural origin"",-63.5,ANGLEUNIT[""degree"",0.0174532925199433],ID[""EPSG"",8802]],PARAMETER[""False easting"",0,LENGTHUNIT[""metre"",1],ID[""EPSG"",8806]],PARAMETER[""False northing"",0,LENGTHUNIT[""metre"",1],ID[""EPSG"",8807]]],CS[Cartesian,2],AXIS[""(E)"",east,ORDER[1],LENGTHUNIT[""metre"",1,ID[""EPSG"",9001]]],AXIS[""(N)"",north,ORDER[2],LENGTHUNIT[""metre"",1,ID[""EPSG"",9001]]]]",True,9,[],593b3f13016fe5a3175000e458a4fa3fb1b4625256cd24b80425f799290ab841,593b3f13016fe5a3175000e458a4fa3fb1b4625256cd24b80425f799290ab841,True,True,0.0
rgi7.0|global|south=+066|west=-0064,p01,3788,1582,"(30.0, 0.0, -23730.0, 0.0, -30.0, 56865.0, 0.0, 0.0, 1.0)","PROJCRS[""unknown"",BASEGEOGCRS[""unknown"",DATUM[""World Geodetic System 1984"",ELLIPSOID[""WGS 84"",6378137,298.257223563,LENGTHUNIT[""metre"",1]],ID[""EPSG"",6326]],PRIMEM[""Greenwich"",0,ANGLEUNIT[""degree"",0.0174532925199433],ID[""EPSG"",8901]]],CONVERSION[""unknown"",METHOD[""Lambert Azimuthal Equal Area"",ID[""EPSG"",9820]],PARAMETER[""Latitude of natural origin"",66.5,ANGLEUNIT[""degree"",0.0174532925199433],ID[""EPSG"",8801]],PARAMETER[""Longitude of natural origin"",-63.5,ANGLEUNIT[""degree"",0.0174532925199433],ID[""EPSG"",8802]],PARAMETER[""False easting"",0,LENGTHUNIT[""metre"",1],ID[""EPSG"",8806]],PARAMETER[""False northing"",0,LENGTHUNIT[""metre"",1],ID[""EPSG"",8807]]],CS[Cartesian,2],AXIS[""(E)"",east,ORDER[1],LENGTHUNIT[""metre"",1,ID[""EPSG"",9001]]],AXIS[""(N)"",north,ORDER[2],LENGTHUNIT[""metre"",1,ID[""EPSG"",9001]]]]",True,9,[],54107fb966f2ff0ee30f02ed56e928ea395337c5d94c8010e5ce79849c4a3e19,54107fb966f2ff0ee30f02ed56e928ea395337c5d94c8010e5ce79849c4a3e19,True,True,0.0
rgi7.0|global|south=+066|west=-0064,p11,3788,1581,"(30.0, 0.0, -23715.0, 0.0, -30.0, 56865.0, 0.0, 0.0, 1.0)","PROJCRS[""unknown"",BASEGEOGCRS[""unknown"",DATUM[""World Geodetic System 1984"",ELLIPSOID[""WGS 84"",6378137,298.257223563,LENGTHUNIT[""metre"",1]],ID[""EPSG"",6326]],PRIMEM[""Greenwich"",0,ANGLEUNIT[""degree"",0.0174532925199433],ID[""EPSG"",8901]]],CONVERSION[""unknown"",METHOD[""Lambert Azimuthal Equal Area"",ID[""EPSG"",9820]],PARAMETER[""Latitude of natural origin"",66.5,ANGLEUNIT[""degree"",0.0174532925199433],ID[""EPSG"",8801]],PARAMETER[""Longitude of natural origin"",-63.5,ANGLEUNIT[""degree"",0.0174532925199433],ID[""EPSG"",8802]],PARAMETER[""False easting"",0,LENGTHUNIT[""metre"",1],ID[""EPSG"",8806]],PARAMETER[""False northing"",0,LENGTHUNIT[""metre"",1],ID[""EPSG"",8807]]],CS[Cartesian,2],AXIS[""(E)"",east,ORDER[1],LENGTHUNIT[""metre"",1,ID[""EPSG"",9001]]],AXIS[""(N)"",north,ORDER[2],LENGTHUNIT[""metre"",1,ID[""EPSG"",9001]]]]",True,9,[],b558605c21626d853305d67fb83ef1c5cac2d49692fd612e58e29207ab7e370b,b558605c21626d853305d67fb83ef1c5cac2d49692fd612e58e29207ab7e370b,True,True,0.0
rgi7.0|global|south=+066|west=-0064,pzi,144,144,"(0.008333333333333333, 0.0, -64.1, 0.0, -0.008333333333333333, 67.1, 0.0, 0.0, 1.0)",EPSG:4326,True,1,[],8b478598b7970b6a076466ca3246559f62dc6cfeb58385bd3c62380566b4d153,8b478598b7970b6a076466ca3246559f62dc6cfeb58385bd3c62380566b4d153,True,True,0.0
rgi7.0|global|south=+073|west=-0078,p00,3792,1158,"(30.0, 0.0, -17340.0, 0.0, -30.0, 56940.0, 0.0, 0.0, 1.0)","PROJCRS[""unknown"",BASEGEOGCRS[""unknown"",DATUM[""World Geodetic System 1984"",ELLIPSOID[""WGS 84"",6378137,298.257223563,LENGTHUNIT[""metre"",1]],ID[""EPSG"",6326]],PRIMEM[""Greenwich"",0,ANGLEUNIT[""degree"",0.0174532925199433],ID[""EPSG"",8901]]],CONVERSION[""unknown"",METHOD[""Lambert Azimuthal Equal Area"",ID[""EPSG"",9820]],PARAMETER[""Latitude of natural origin"",73.5,ANGLEUNIT[""degree"",0.0174532925199433],ID[""EPSG"",8801]],PARAMETER[""Longitude of natural origin"",-77.5,ANGLEUNIT[""degree"",0.0174532925199433],ID[""EPSG"",8802]],PARAMETER[""False easting"",0,LENGTHUNIT[""metre"",1],ID[""EPSG"",8806]],PARAMETER[""False northing"",0,LENGTHUNIT[""metre"",1],ID[""EPSG"",8807]]],CS[Cartesian,2],AXIS[""(E)"",east,ORDER[1],LENGTHUNIT[""metre"",1,ID[""EPSG"",9001]]],AXIS[""(N)"",north,ORDER[2],LENGTHUNIT[""metre"",1,ID[""EPSG"",9001]]]]",True,7,"[""Copernicus_DSM_COG_10_N74_00_W077_00_DEM"", ""Copernicus_DSM_COG_10_N74_00_W078_00_DEM""]",2e0ca0b14c4c05181205cff9b1981b9d95f82e537ed8bcb8102c35b7cc18a34c,2e0ca0b14c4c05181205cff9b1981b9d95f82e537ed8bcb8102c35b7cc18a34c,True,True,0.0
rgi7.0|global|south=+073|west=-0078,p10,3790,1155,"(30.0, 0.0, -17325.0, 0.0, -30.0, 56880.0, 0.0, 0.0, 1.0)","PROJCRS[""unknown"",BASEGEOGCRS[""unknown"",DATUM[""World Geodetic System 1984"",ELLIPSOID[""WGS 84"",6378137,298.257223563,LENGTHUNIT[""metre"",1]],ID[""EPSG"",6326]],PRIMEM[""Greenwich"",0,ANGLEUNIT[""degree"",0.0174532925199433],ID[""EPSG"",8901]]],CONVERSION[""unknown"",METHOD[""Lambert Azimuthal Equal Area"",ID[""EPSG"",9820]],PARAMETER[""Latitude of natural origin"",73.5,ANGLEUNIT[""degree"",0.0174532925199433],ID[""EPSG"",8801]],PARAMETER[""Longitude of natural origin"",-77.5,ANGLEUNIT[""degree"",0.0174532925199433],ID[""EPSG"",8802]],PARAMETER[""False easting"",0,LENGTHUNIT[""metre"",1],ID[""EPSG"",8806]],PARAMETER[""False northing"",0,LENGTHUNIT[""metre"",1],ID[""EPSG"",8807]]],CS[Cartesian,2],AXIS[""(E)"",east,ORDER[1],LENGTHUNIT[""metre"",1,ID[""EPSG"",9001]]],AXIS[""(N)"",north,ORDER[2],LENGTHUNIT[""metre"",1,ID[""EPSG"",9001]]]]",True,7,"[""Copernicus_DSM_COG_10_N74_00_W077_00_DEM"", ""Copernicus_DSM_COG_10_N74_00_W078_00_DEM""]",9da940d9e833e75aa1a26c355cf812a6cecf8fe6f10d117554c05fb3210eca9b,9da940d9e833e75aa1a26c355cf812a6cecf8fe6f10d117554c05fb3210eca9b,True,True,0.0
rgi7.0|global|south=+073|west=-0078,p01,3790,1156,"(30.0, 0.0, -17340.0, 0.0, -30.0, 56895.0, 0.0, 0.0, 1.0)","PROJCRS[""unknown"",BASEGEOGCRS[""unknown"",DATUM[""World Geodetic System 1984"",ELLIPSOID[""WGS 84"",6378137,298.257223563,LENGTHUNIT[""metre"",1]],ID[""EPSG"",6326]],PRIMEM[""Greenwich"",0,ANGLEUNIT[""degree"",0.0174532925199433],ID[""EPSG"",8901]]],CONVERSION[""unknown"",METHOD[""Lambert Azimuthal Equal Area"",ID[""EPSG"",9820]],PARAMETER[""Latitude of natural origin"",73.5,ANGLEUNIT[""degree"",0.0174532925199433],ID[""EPSG"",8801]],PARAMETER[""Longitude of natural origin"",-77.5,ANGLEUNIT[""degree"",0.0174532925199433],ID[""EPSG"",8802]],PARAMETER[""False easting"",0,LENGTHUNIT[""metre"",1],ID[""EPSG"",8806]],PARAMETER[""False northing"",0,LENGTHUNIT[""metre"",1],ID[""EPSG"",8807]]],CS[Cartesian,2],AXIS[""(E)"",east,ORDER[1],LENGTHUNIT[""metre"",1,ID[""EPSG"",9001]]],AXIS[""(N)"",north,ORDER[2],LENGTHUNIT[""metre"",1,ID[""EPSG"",9001]]]]",True,7,"[""Copernicus_DSM_COG_10_N74_00_W077_00_DEM"", ""Copernicus_DSM_COG_10_N74_00_W078_00_DEM""]",d16a288e3f8f15c49e84b3a80d6398b667c0b80453b2da9ed4beb4fd42215c15,d16a288e3f8f15c49e84b3a80d6398b667c0b80453b2da9ed4beb4fd42215c15,True,True,0.0
rgi7.0|global|south=+073|west=-0078,p11,3790,1155,"(30.0, 0.0, -17325.0, 0.0, -30.0, 56895.0, 0.0, 0.0, 1.0)","PROJCRS[""unknown"",BASEGEOGCRS[""unknown"",DATUM[""World Geodetic System 1984"",ELLIPSOID[""WGS 84"",6378137,298.257223563,LENGTHUNIT[""metre"",1]],ID[""EPSG"",6326]],PRIMEM[""Greenwich"",0,ANGLEUNIT[""degree"",0.0174532925199433],ID[""EPSG"",8901]]],CONVERSION[""unknown"",METHOD[""Lambert Azimuthal Equal Area"",ID[""EPSG"",9820]],PARAMETER[""Latitude of natural origin"",73.5,ANGLEUNIT[""degree"",0.0174532925199433],ID[""EPSG"",8801]],PARAMETER[""Longitude of natural origin"",-77.5,ANGLEUNIT[""degree"",0.0174532925199433],ID[""EPSG"",8802]],PARAMETER[""False easting"",0,LENGTHUNIT[""metre"",1],ID[""EPSG"",8806]],PARAMETER[""False northing"",0,LENGTHUNIT[""metre"",1],ID[""EPSG"",8807]]],CS[Cartesian,2],AXIS[""(E)"",east,ORDER[1],LENGTHUNIT[""metre"",1,ID[""EPSG"",9001]]],AXIS[""(N)"",north,ORDER[2],LENGTHUNIT[""metre"",1,ID[""EPSG"",9001]]]]",True,7,"[""Copernicus_DSM_COG_10_N74_00_W077_00_DEM"", ""Copernicus_DSM_COG_10_N74_00_W078_00_DEM""]",e34063056cad0cc84e409bae4fd889ee66f7d384ac0b86b8cbd54aa9f1ada690,e34063056cad0cc84e409bae4fd889ee66f7d384ac0b86b8cbd54aa9f1ada690,True,True,0.0
rgi7.0|global|south=+073|west=-0078,pzi,144,144,"(0.008333333333333333, 0.0, -78.1, 0.0, -0.008333333333333333, 74.1, 0.0, 0.0, 1.0)",EPSG:4326,True,1,[],435626fea8274acb9f9b67396002ffaba625a691068347c9f5bfc21a15f37eec,435626fea8274acb9f9b67396002ffaba625a691068347c9f5bfc21a15f37eec,True,True,0.0
rgi7.0|global|south=+076|west=-0022,p00,3792,969,"(30.0, 0.0, -14520.0, 0.0, -30.0, 56940.0, 0.0, 0.0, 1.0)","PROJCRS[""unknown"",BASEGEOGCRS[""unknown"",DATUM[""World Geodetic System 1984"",ELLIPSOID[""WGS 84"",6378137,298.257223563,LENGTHUNIT[""metre"",1]],ID[""EPSG"",6326]],PRIMEM[""Greenwich"",0,ANGLEUNIT[""degree"",0.0174532925199433],ID[""EPSG"",8901]]],CONVERSION[""unknown"",METHOD[""Lambert Azimuthal Equal Area"",ID[""EPSG"",9820]],PARAMETER[""Latitude of natural origin"",76.5,ANGLEUNIT[""degree"",0.0174532925199433],ID[""EPSG"",8801]],PARAMETER[""Longitude of natural origin"",-21.5,ANGLEUNIT[""degree"",0.0174532925199433],ID[""EPSG"",8802]],PARAMETER[""False easting"",0,LENGTHUNIT[""metre"",1],ID[""EPSG"",8806]],PARAMETER[""False northing"",0,LENGTHUNIT[""metre"",1],ID[""EPSG"",8807]]],CS[Cartesian,2],AXIS[""(E)"",east,ORDER[1],LENGTHUNIT[""metre"",1,ID[""EPSG"",9001]]],AXIS[""(N)"",north,ORDER[2],LENGTHUNIT[""metre"",1,ID[""EPSG"",9001]]]]",True,9,[],d5e97d87dd5146d1be16f0edce3893f034f23a9cec9629d74524b0d000a828e5,d5e97d87dd5146d1be16f0edce3893f034f23a9cec9629d74524b0d000a828e5,True,True,0.0
rgi7.0|global|south=+076|west=-0022,p10,3790,969,"(30.0, 0.0, -14535.0, 0.0, -30.0, 56880.0, 0.0, 0.0, 1.0)","PROJCRS[""unknown"",BASEGEOGCRS[""unknown"",DATUM[""World Geodetic System 1984"",ELLIPSOID[""WGS 84"",6378137,298.257223563,LENGTHUNIT[""metre"",1]],ID[""EPSG"",6326]],PRIMEM[""Greenwich"",0,ANGLEUNIT[""degree"",0.0174532925199433],ID[""EPSG"",8901]]],CONVERSION[""unknown"",METHOD[""Lambert Azimuthal Equal Area"",ID[""EPSG"",9820]],PARAMETER[""Latitude of natural origin"",76.5,ANGLEUNIT[""degree"",0.0174532925199433],ID[""EPSG"",8801]],PARAMETER[""Longitude of natural origin"",-21.5,ANGLEUNIT[""degree"",0.0174532925199433],ID[""EPSG"",8802]],PARAMETER[""False easting"",0,LENGTHUNIT[""metre"",1],ID[""EPSG"",8806]],PARAMETER[""False northing"",0,LENGTHUNIT[""metre"",1],ID[""EPSG"",8807]]],CS[Cartesian,2],AXIS[""(E)"",east,ORDER[1],LENGTHUNIT[""metre"",1,ID[""EPSG"",9001]]],AXIS[""(N)"",north,ORDER[2],LENGTHUNIT[""metre"",1,ID[""EPSG"",9001]]]]",True,9,[],5a011b06f7f3fc6d899759c019f88d2dd2976c81146fc2b3250081b78d3c8c62,5a011b06f7f3fc6d899759c019f88d2dd2976c81146fc2b3250081b78d3c8c62,True,True,0.0
rgi7.0|global|south=+076|west=-0022,p01,3791,968,"(30.0, 0.0, -14520.0, 0.0, -30.0, 56895.0, 0.0, 0.0, 1.0)","PROJCRS[""unknown"",BASEGEOGCRS[""unknown"",DATUM[""World Geodetic System 1984"",ELLIPSOID[""WGS 84"",6378137,298.257223563,LENGTHUNIT[""metre"",1]],ID[""EPSG"",6326]],PRIMEM[""Greenwich"",0,ANGLEUNIT[""degree"",0.0174532925199433],ID[""EPSG"",8901]]],CONVERSION[""unknown"",METHOD[""Lambert Azimuthal Equal Area"",ID[""EPSG"",9820]],PARAMETER[""Latitude of natural origin"",76.5,ANGLEUNIT[""degree"",0.0174532925199433],ID[""EPSG"",8801]],PARAMETER[""Longitude of natural origin"",-21.5,ANGLEUNIT[""degree"",0.0174532925199433],ID[""EPSG"",8802]],PARAMETER[""False easting"",0,LENGTHUNIT[""metre"",1],ID[""EPSG"",8806]],PARAMETER[""False northing"",0,LENGTHUNIT[""metre"",1],ID[""EPSG"",8807]]],CS[Cartesian,2],AXIS[""(E)"",east,ORDER[1],LENGTHUNIT[""metre"",1,ID[""EPSG"",9001]]],AXIS[""(N)"",north,ORDER[2],LENGTHUNIT[""metre"",1,ID[""EPSG"",9001]]]]",True,9,[],c82f2113ca168b91bb2ed860b4be8dc225b8b6bbd7066c6a21c9a2d588a2f058,c82f2113ca168b91bb2ed860b4be8dc225b8b6bbd7066c6a21c9a2d588a2f058,True,True,0.0
rgi7.0|global|south=+076|west=-0022,p11,3791,969,"(30.0, 0.0, -14535.0, 0.0, -30.0, 56895.0, 0.0, 0.0, 1.0)","PROJCRS[""unknown"",BASEGEOGCRS[""unknown"",DATUM[""World Geodetic System 1984"",ELLIPSOID[""WGS 84"",6378137,298.257223563,LENGTHUNIT[""metre"",1]],ID[""EPSG"",6326]],PRIMEM[""Greenwich"",0,ANGLEUNIT[""degree"",0.0174532925199433],ID[""EPSG"",8901]]],CONVERSION[""unknown"",METHOD[""Lambert Azimuthal Equal Area"",ID[""EPSG"",9820]],PARAMETER[""Latitude of natural origin"",76.5,ANGLEUNIT[""degree"",0.0174532925199433],ID[""EPSG"",8801]],PARAMETER[""Longitude of natural origin"",-21.5,ANGLEUNIT[""degree"",0.0174532925199433],ID[""EPSG"",8802]],PARAMETER[""False easting"",0,LENGTHUNIT[""metre"",1],ID[""EPSG"",8806]],PARAMETER[""False northing"",0,LENGTHUNIT[""metre"",1],ID[""EPSG"",8807]]],CS[Cartesian,2],AXIS[""(E)"",east,ORDER[1],LENGTHUNIT[""metre"",1,ID[""EPSG"",9001]]],AXIS[""(N)"",north,ORDER[2],LENGTHUNIT[""metre"",1,ID[""EPSG"",9001]]]]",True,9,[],f2cf8f5b1db8baf90f973fef6f22f67861898351d91e15e172d313d440813d21,f2cf8f5b1db8baf90f973fef6f22f67861898351d91e15e172d313d440813d21,True,True,0.0
rgi7.0|global|south=+076|west=-0022,pzi,144,144,"(0.008333333333333333, 0.0, -22.1, 0.0, -0.008333333333333333, 77.1, 0.0, 0.0, 1.0)",EPSG:4326,True,1,[],44e23584d69b50f68ad302b51e8c0a4cb4c6bec29dedfebc5ff41f70423483a3,44e23584d69b50f68ad302b51e8c0a4cb4c6bec29dedfebc5ff41f70423483a3,True,True,0.0
rgi7.0|global|south=+083|west=-0041,p00,3792,522,"(30.0, 0.0, -7830.0, 0.0, -30.0, 56910.0, 0.0, 0.0, 1.0)","PROJCRS[""unknown"",BASEGEOGCRS[""unknown"",DATUM[""World Geodetic System 1984"",ELLIPSOID[""WGS 84"",6378137,298.257223563,LENGTHUNIT[""metre"",1]],ID[""EPSG"",6326]],PRIMEM[""Greenwich"",0,ANGLEUNIT[""degree"",0.0174532925199433],ID[""EPSG"",8901]]],CONVERSION[""unknown"",METHOD[""Lambert Azimuthal Equal Area"",ID[""EPSG"",9820]],PARAMETER[""Latitude of natural origin"",83.5,ANGLEUNIT[""degree"",0.0174532925199433],ID[""EPSG"",8801]],PARAMETER[""Longitude of natural origin"",-40.5,ANGLEUNIT[""degree"",0.0174532925199433],ID[""EPSG"",8802]],PARAMETER[""False easting"",0,LENGTHUNIT[""metre"",1],ID[""EPSG"",8806]],PARAMETER[""False northing"",0,LENGTHUNIT[""metre"",1],ID[""EPSG"",8807]]],CS[Cartesian,2],AXIS[""(E)"",east,ORDER[1],LENGTHUNIT[""metre"",1,ID[""EPSG"",9001]]],AXIS[""(N)"",north,ORDER[2],LENGTHUNIT[""metre"",1,ID[""EPSG"",9001]]]]",True,6,"[""Copernicus_DSM_COG_10_N84_00_W040_00_DEM"", ""Copernicus_DSM_COG_10_N84_00_W041_00_DEM"", ""Copernicus_DSM_COG_10_N84_00_W042_00_DEM""]",692bd8395afec0c6d9c78ba2017f2cdc407477d9fa7fade647d4eea42482551c,692bd8395afec0c6d9c78ba2017f2cdc407477d9fa7fade647d4eea42482551c,True,True,0.0
rgi7.0|global|south=+083|west=-0041,p10,3791,521,"(30.0, 0.0, -7815.0, 0.0, -30.0, 56880.0, 0.0, 0.0, 1.0)","PROJCRS[""unknown"",BASEGEOGCRS[""unknown"",DATUM[""World Geodetic System 1984"",ELLIPSOID[""WGS 84"",6378137,298.257223563,LENGTHUNIT[""metre"",1]],ID[""EPSG"",6326]],PRIMEM[""Greenwich"",0,ANGLEUNIT[""degree"",0.0174532925199433],ID[""EPSG"",8901]]],CONVERSION[""unknown"",METHOD[""Lambert Azimuthal Equal Area"",ID[""EPSG"",9820]],PARAMETER[""Latitude of natural origin"",83.5,ANGLEUNIT[""degree"",0.0174532925199433],ID[""EPSG"",8801]],PARAMETER[""Longitude of natural origin"",-40.5,ANGLEUNIT[""degree"",0.0174532925199433],ID[""EPSG"",8802]],PARAMETER[""False easting"",0,LENGTHUNIT[""metre"",1],ID[""EPSG"",8806]],PARAMETER[""False northing"",0,LENGTHUNIT[""metre"",1],ID[""EPSG"",8807]]],CS[Cartesian,2],AXIS[""(E)"",east,ORDER[1],LENGTHUNIT[""metre"",1,ID[""EPSG"",9001]]],AXIS[""(N)"",north,ORDER[2],LENGTHUNIT[""metre"",1,ID[""EPSG"",9001]]]]",True,6,"[""Copernicus_DSM_COG_10_N84_00_W040_00_DEM"", ""Copernicus_DSM_COG_10_N84_00_W041_00_DEM"", ""Copernicus_DSM_COG_10_N84_00_W042_00_DEM""]",504601f1adb9872d67aa2cf0fd4fcc6bd12acb7bdac3bf4f52380d558516b824,504601f1adb9872d67aa2cf0fd4fcc6bd12acb7bdac3bf4f52380d558516b824,True,True,0.0
rgi7.0|global|south=+083|west=-0041,p01,3792,522,"(30.0, 0.0, -7830.0, 0.0, -30.0, 56895.0, 0.0, 0.0, 1.0)","PROJCRS[""unknown"",BASEGEOGCRS[""unknown"",DATUM[""World Geodetic System 1984"",ELLIPSOID[""WGS 84"",6378137,298.257223563,LENGTHUNIT[""metre"",1]],ID[""EPSG"",6326]],PRIMEM[""Greenwich"",0,ANGLEUNIT[""degree"",0.0174532925199433],ID[""EPSG"",8901]]],CONVERSION[""unknown"",METHOD[""Lambert Azimuthal Equal Area"",ID[""EPSG"",9820]],PARAMETER[""Latitude of natural origin"",83.5,ANGLEUNIT[""degree"",0.0174532925199433],ID[""EPSG"",8801]],PARAMETER[""Longitude of natural origin"",-40.5,ANGLEUNIT[""degree"",0.0174532925199433],ID[""EPSG"",8802]],PARAMETER[""False easting"",0,LENGTHUNIT[""metre"",1],ID[""EPSG"",8806]],PARAMETER[""False northing"",0,LENGTHUNIT[""metre"",1],ID[""EPSG"",8807]]],CS[Cartesian,2],AXIS[""(E)"",east,ORDER[1],LENGTHUNIT[""metre"",1,ID[""EPSG"",9001]]],AXIS[""(N)"",north,ORDER[2],LENGTHUNIT[""metre"",1,ID[""EPSG"",9001]]]]",True,6,"[""Copernicus_DSM_COG_10_N84_00_W040_00_DEM"", ""Copernicus_DSM_COG_10_N84_00_W041_00_DEM"", ""Copernicus_DSM_COG_10_N84_00_W042_00_DEM""]",da9e9e277f9a63c737abd6acbd9c108b7a686874eb6fe021589d951a37404181,da9e9e277f9a63c737abd6acbd9c108b7a686874eb6fe021589d951a37404181,True,True,0.0
rgi7.0|global|south=+083|west=-0041,p11,3792,521,"(30.0, 0.0, -7815.0, 0.0, -30.0, 56895.0, 0.0, 0.0, 1.0)","PROJCRS[""unknown"",BASEGEOGCRS[""unknown"",DATUM[""World Geodetic System 1984"",ELLIPSOID[""WGS 84"",6378137,298.257223563,LENGTHUNIT[""metre"",1]],ID[""EPSG"",6326]],PRIMEM[""Greenwich"",0,ANGLEUNIT[""degree"",0.0174532925199433],ID[""EPSG"",8901]]],CONVERSION[""unknown"",METHOD[""Lambert Azimuthal Equal Area"",ID[""EPSG"",9820]],PARAMETER[""Latitude of natural origin"",83.5,ANGLEUNIT[""degree"",0.0174532925199433],ID[""EPSG"",8801]],PARAMETER[""Longitude of natural origin"",-40.5,ANGLEUNIT[""degree"",0.0174532925199433],ID[""EPSG"",8802]],PARAMETER[""False easting"",0,LENGTHUNIT[""metre"",1],ID[""EPSG"",8806]],PARAMETER[""False northing"",0,LENGTHUNIT[""metre"",1],ID[""EPSG"",8807]]],CS[Cartesian,2],AXIS[""(E)"",east,ORDER[1],LENGTHUNIT[""metre"",1,ID[""EPSG"",9001]]],AXIS[""(N)"",north,ORDER[2],LENGTHUNIT[""metre"",1,ID[""EPSG"",9001]]]]",True,6,"[""Copernicus_DSM_COG_10_N84_00_W040_00_DEM"", ""Copernicus_DSM_COG_10_N84_00_W041_00_DEM"", ""Copernicus_DSM_COG_10_N84_00_W042_00_DEM""]",72eb729520d8b074ab4837b58b5eacd54ed612bfd20fe278276c05bf26bb3d87,72eb729520d8b074ab4837b58b5eacd54ed612bfd20fe278276c05bf26bb3d87,True,True,0.0
rgi7.0|global|south=+083|west=-0041,pzi,144,144,"(0.008333333333333333, 0.0, -41.1, 0.0, -0.008333333333333333, 84.1, 0.0, 0.0, 1.0)",EPSG:4326,True,1,[],2fb9e57a0f24d08ba60a3b8fe2272ebd9e365fbdf36a641f61c18526f3d46122,2fb9e57a0f24d08ba60a3b8fe2272ebd9e365fbdf36a641f61c18526f3d46122,True,True,0.0
rgi7.0|global|south=+069|west=-0032,p00,3789,1404,"(30.0, 0.0, -21030.0, 0.0, -30.0, 56880.0, 0.0, 0.0, 1.0)","PROJCRS[""unknown"",BASEGEOGCRS[""unknown"",DATUM[""World Geodetic System 1984"",ELLIPSOID[""WGS 84"",6378137,298.257223563,LENGTHUNIT[""metre"",1]],ID[""EPSG"",6326]],PRIMEM[""Greenwich"",0,ANGLEUNIT[""degree"",0.0174532925199433],ID[""EPSG"",8901]]],CONVERSION[""unknown"",METHOD[""Lambert Azimuthal Equal Area"",ID[""EPSG"",9820]],PARAMETER[""Latitude of natural origin"",69.5,ANGLEUNIT[""degree"",0.0174532925199433],ID[""EPSG"",8801]],PARAMETER[""Longitude of natural origin"",-31.5,ANGLEUNIT[""degree"",0.0174532925199433],ID[""EPSG"",8802]],PARAMETER[""False easting"",0,LENGTHUNIT[""metre"",1],ID[""EPSG"",8806]],PARAMETER[""False northing"",0,LENGTHUNIT[""metre"",1],ID[""EPSG"",8807]]],CS[Cartesian,2],AXIS[""(E)"",east,ORDER[1],LENGTHUNIT[""metre"",1,ID[""EPSG"",9001]]],AXIS[""(N)"",north,ORDER[2],LENGTHUNIT[""metre"",1,ID[""EPSG"",9001]]]]",True,9,[],27f3393ad422bc544adb62c1fb2ea510f849bb15b49adaa176c60b02f1e3c5d4,27f3393ad422bc544adb62c1fb2ea510f849bb15b49adaa176c60b02f1e3c5d4,True,True,0.0
rgi7.0|global|south=+069|west=-0032,p10,3789,1401,"(30.0, 0.0, -21015.0, 0.0, -30.0, 56880.0, 0.0, 0.0, 1.0)","PROJCRS[""unknown"",BASEGEOGCRS[""unknown"",DATUM[""World Geodetic System 1984"",ELLIPSOID[""WGS 84"",6378137,298.257223563,LENGTHUNIT[""metre"",1]],ID[""EPSG"",6326]],PRIMEM[""Greenwich"",0,ANGLEUNIT[""degree"",0.0174532925199433],ID[""EPSG"",8901]]],CONVERSION[""unknown"",METHOD[""Lambert Azimuthal Equal Area"",ID[""EPSG"",9820]],PARAMETER[""Latitude of natural origin"",69.5,ANGLEUNIT[""degree"",0.0174532925199433],ID[""EPSG"",8801]],PARAMETER[""Longitude of natural origin"",-31.5,ANGLEUNIT[""degree"",0.0174532925199433],ID[""EPSG"",8802]],PARAMETER[""False easting"",0,LENGTHUNIT[""metre"",1],ID[""EPSG"",8806]],PARAMETER[""False northing"",0,LENGTHUNIT[""metre"",1],ID[""EPSG"",8807]]],CS[Cartesian,2],AXIS[""(E)"",east,ORDER[1],LENGTHUNIT[""metre"",1,ID[""EPSG"",9001]]],AXIS[""(N)"",north,ORDER[2],LENGTHUNIT[""metre"",1,ID[""EPSG"",9001]]]]",True,9,[],d93be09ce401d5697ac27e93dcd9e2654378149088de60d81b79244c5b1558f4,d93be09ce401d5697ac27e93dcd9e2654378149088de60d81b79244c5b1558f4,True,True,0.0
rgi7.0|global|south=+069|west=-0032,p01,3789,1402,"(30.0, 0.0, -21030.0, 0.0, -30.0, 56865.0, 0.0, 0.0, 1.0)","PROJCRS[""unknown"",BASEGEOGCRS[""unknown"",DATUM[""World Geodetic System 1984"",ELLIPSOID[""WGS 84"",6378137,298.257223563,LENGTHUNIT[""metre"",1]],ID[""EPSG"",6326]],PRIMEM[""Greenwich"",0,ANGLEUNIT[""degree"",0.0174532925199433],ID[""EPSG"",8901]]],CONVERSION[""unknown"",METHOD[""Lambert Azimuthal Equal Area"",ID[""EPSG"",9820]],PARAMETER[""Latitude of natural origin"",69.5,ANGLEUNIT[""degree"",0.0174532925199433],ID[""EPSG"",8801]],PARAMETER[""Longitude of natural origin"",-31.5,ANGLEUNIT[""degree"",0.0174532925199433],ID[""EPSG"",8802]],PARAMETER[""False easting"",0,LENGTHUNIT[""metre"",1],ID[""EPSG"",8806]],PARAMETER[""False northing"",0,LENGTHUNIT[""metre"",1],ID[""EPSG"",8807]]],CS[Cartesian,2],AXIS[""(E)"",east,ORDER[1],LENGTHUNIT[""metre"",1,ID[""EPSG"",9001]]],AXIS[""(N)"",north,ORDER[2],LENGTHUNIT[""metre"",1,ID[""EPSG"",9001]]]]",True,9,[],a6a9f5f7bc0dda34dfb33318191eed48c74e3f78e033ba2e15efd8ff3ba4e5e5,a6a9f5f7bc0dda34dfb33318191eed48c74e3f78e033ba2e15efd8ff3ba4e5e5,True,True,0.0
rgi7.0|global|south=+069|west=-0032,p11,3789,1401,"(30.0, 0.0, -21015.0, 0.0, -30.0, 56865.0, 0.0, 0.0, 1.0)","PROJCRS[""unknown"",BASEGEOGCRS[""unknown"",DATUM[""World Geodetic System 1984"",ELLIPSOID[""WGS 84"",6378137,298.257223563,LENGTHUNIT[""metre"",1]],ID[""EPSG"",6326]],PRIMEM[""Greenwich"",0,ANGLEUNIT[""degree"",0.0174532925199433],ID[""EPSG"",8901]]],CONVERSION[""unknown"",METHOD[""Lambert Azimuthal Equal Area"",ID[""EPSG"",9820]],PARAMETER[""Latitude of natural origin"",69.5,ANGLEUNIT[""degree"",0.0174532925199433],ID[""EPSG"",8801]],PARAMETER[""Longitude of natural origin"",-31.5,ANGLEUNIT[""degree"",0.0174532925199433],ID[""EPSG"",8802]],PARAMETER[""False easting"",0,LENGTHUNIT[""metre"",1],ID[""EPSG"",8806]],PARAMETER[""False northing"",0,LENGTHUNIT[""metre"",1],ID[""EPSG"",8807]]],CS[Cartesian,2],AXIS[""(E)"",east,ORDER[1],LENGTHUNIT[""metre"",1,ID[""EPSG"",9001]]],AXIS[""(N)"",north,ORDER[2],LENGTHUNIT[""metre"",1,ID[""EPSG"",9001]]]]",True,9,[],ba6deac2475a1569ad6a2b29177ccb3cdc96376971861619a958e044f40fbb0d,ba6deac2475a1569ad6a2b29177ccb3cdc96376971861619a958e044f40fbb0d,True,True,0.0
rgi7.0|global|south=+069|west=-0032,pzi,144,144,"(0.008333333333333333, 0.0, -32.1, 0.0, -0.008333333333333333, 70.1, 0.0, 0.0, 1.0)",EPSG:4326,True,1,[],902f323db0bb729e9e8a96b9d4b050d7086f5a28e66c55b4bb1986c50985006c,902f323db0bb729e9e8a96b9d4b050d7086f5a28e66c55b4bb1986c50985006c,True,True,0.0
rgi7.0|global|south=+083|west=-0043,p00,3792,522,"(30.0, 0.0, -7830.0, 0.0, -30.0, 56910.0, 0.0, 0.0, 1.0)","PROJCRS[""unknown"",BASEGEOGCRS[""unknown"",DATUM[""World Geodetic System 1984"",ELLIPSOID[""WGS 84"",6378137,298.257223563,LENGTHUNIT[""metre"",1]],ID[""EPSG"",6326]],PRIMEM[""Greenwich"",0,ANGLEUNIT[""degree"",0.0174532925199433],ID[""EPSG"",8901]]],CONVERSION[""unknown"",METHOD[""Lambert Azimuthal Equal Area"",ID[""EPSG"",9820]],PARAMETER[""Latitude of natural origin"",83.5,ANGLEUNIT[""degree"",0.0174532925199433],ID[""EPSG"",8801]],PARAMETER[""Longitude of natural origin"",-42.5,ANGLEUNIT[""degree"",0.0174532925199433],ID[""EPSG"",8802]],PARAMETER[""False easting"",0,LENGTHUNIT[""metre"",1],ID[""EPSG"",8806]],PARAMETER[""False northing"",0,LENGTHUNIT[""metre"",1],ID[""EPSG"",8807]]],CS[Cartesian,2],AXIS[""(E)"",east,ORDER[1],LENGTHUNIT[""metre"",1,ID[""EPSG"",9001]]],AXIS[""(N)"",north,ORDER[2],LENGTHUNIT[""metre"",1,ID[""EPSG"",9001]]]]",True,6,"[""Copernicus_DSM_COG_10_N84_00_W042_00_DEM"", ""Copernicus_DSM_COG_10_N84_00_W043_00_DEM"", ""Copernicus_DSM_COG_10_N84_00_W044_00_DEM""]",5eeff767400ecf500552b2304dcf40b634b75acb6931960da0e0d163ac30f1bd,5eeff767400ecf500552b2304dcf40b634b75acb6931960da0e0d163ac30f1bd,True,True,0.0
rgi7.0|global|south=+083|west=-0043,p10,3791,521,"(30.0, 0.0, -7815.0, 0.0, -30.0, 56880.0, 0.0, 0.0, 1.0)","PROJCRS[""unknown"",BASEGEOGCRS[""unknown"",DATUM[""World Geodetic System 1984"",ELLIPSOID[""WGS 84"",6378137,298.257223563,LENGTHUNIT[""metre"",1]],ID[""EPSG"",6326]],PRIMEM[""Greenwich"",0,ANGLEUNIT[""degree"",0.0174532925199433],ID[""EPSG"",8901]]],CONVERSION[""unknown"",METHOD[""Lambert Azimuthal Equal Area"",ID[""EPSG"",9820]],PARAMETER[""Latitude of natural origin"",83.5,ANGLEUNIT[""degree"",0.0174532925199433],ID[""EPSG"",8801]],PARAMETER[""Longitude of natural origin"",-42.5,ANGLEUNIT[""degree"",0.0174532925199433],ID[""EPSG"",8802]],PARAMETER[""False easting"",0,LENGTHUNIT[""metre"",1],ID[""EPSG"",8806]],PARAMETER[""False northing"",0,LENGTHUNIT[""metre"",1],ID[""EPSG"",8807]]],CS[Cartesian,2],AXIS[""(E)"",east,ORDER[1],LENGTHUNIT[""metre"",1,ID[""EPSG"",9001]]],AXIS[""(N)"",north,ORDER[2],LENGTHUNIT[""metre"",1,ID[""EPSG"",9001]]]]",True,6,"[""Copernicus_DSM_COG_10_N84_00_W042_00_DEM"", ""Copernicus_DSM_COG_10_N84_00_W043_00_DEM"", ""Copernicus_DSM_COG_10_N84_00_W044_00_DEM""]",6b2cd13c5c103feadb95199771aa639436b2a71235c7a7f8f2f5fb06dbbdfc08,6b2cd13c5c103feadb95199771aa639436b2a71235c7a7f8f2f5fb06dbbdfc08,True,True,0.0
rgi7.0|global|south=+083|west=-0043,p01,3792,522,"(30.0, 0.0, -7830.0, 0.0, -30.0, 56895.0, 0.0, 0.0, 1.0)","PROJCRS[""unknown"",BASEGEOGCRS[""unknown"",DATUM[""World Geodetic System 1984"",ELLIPSOID[""WGS 84"",6378137,298.257223563,LENGTHUNIT[""metre"",1]],ID[""EPSG"",6326]],PRIMEM[""Greenwich"",0,ANGLEUNIT[""degree"",0.0174532925199433],ID[""EPSG"",8901]]],CONVERSION[""unknown"",METHOD[""Lambert Azimuthal Equal Area"",ID[""EPSG"",9820]],PARAMETER[""Latitude of natural origin"",83.5,ANGLEUNIT[""degree"",0.0174532925199433],ID[""EPSG"",8801]],PARAMETER[""Longitude of natural origin"",-42.5,ANGLEUNIT[""degree"",0.0174532925199433],ID[""EPSG"",8802]],PARAMETER[""False easting"",0,LENGTHUNIT[""metre"",1],ID[""EPSG"",8806]],PARAMETER[""False northing"",0,LENGTHUNIT[""metre"",1],ID[""EPSG"",8807]]],CS[Cartesian,2],AXIS[""(E)"",east,ORDER[1],LENGTHUNIT[""metre"",1,ID[""EPSG"",9001]]],AXIS[""(N)"",north,ORDER[2],LENGTHUNIT[""metre"",1,ID[""EPSG"",9001]]]]",True,6,"[""Copernicus_DSM_COG_10_N84_00_W042_00_DEM"", ""Copernicus_DSM_COG_10_N84_00_W043_00_DEM"", ""Copernicus_DSM_COG_10_N84_00_W044_00_DEM""]",90de4cd086ebd4f7704e7254b0bf14430c9dbc5692eb74e8f8d95eeedf8966ca,90de4cd086ebd4f7704e7254b0bf14430c9dbc5692eb74e8f8d95eeedf8966ca,True,True,0.0
rgi7.0|global|south=+083|west=-0043,p11,3792,521,"(30.0, 0.0, -7815.0, 0.0, -30.0, 56895.0, 0.0, 0.0, 1.0)","PROJCRS[""unknown"",BASEGEOGCRS[""unknown"",DATUM[""World Geodetic System 1984"",ELLIPSOID[""WGS 84"",6378137,298.257223563,LENGTHUNIT[""metre"",1]],ID[""EPSG"",6326]],PRIMEM[""Greenwich"",0,ANGLEUNIT[""degree"",0.0174532925199433],ID[""EPSG"",8901]]],CONVERSION[""unknown"",METHOD[""Lambert Azimuthal Equal Area"",ID[""EPSG"",9820]],PARAMETER[""Latitude of natural origin"",83.5,ANGLEUNIT[""degree"",0.0174532925199433],ID[""EPSG"",8801]],PARAMETER[""Longitude of natural origin"",-42.5,ANGLEUNIT[""degree"",0.0174532925199433],ID[""EPSG"",8802]],PARAMETER[""False easting"",0,LENGTHUNIT[""metre"",1],ID[""EPSG"",8806]],PARAMETER[""False northing"",0,LENGTHUNIT[""metre"",1],ID[""EPSG"",8807]]],CS[Cartesian,2],AXIS[""(E)"",east,ORDER[1],LENGTHUNIT[""metre"",1,ID[""EPSG"",9001]]],AXIS[""(N)"",north,ORDER[2],LENGTHUNIT[""metre"",1,ID[""EPSG"",9001]]]]",True,6,"[""Copernicus_DSM_COG_10_N84_00_W042_00_DEM"", ""Copernicus_DSM_COG_10_N84_00_W043_00_DEM"", ""Copernicus_DSM_COG_10_N84_00_W044_00_DEM""]",68e2cf314d1217af663a8e9e51f868ac6094a5ee195e54f5bcfba03e4e2e18cd,68e2cf314d1217af663a8e9e51f868ac6094a5ee195e54f5bcfba03e4e2e18cd,True,True,0.0
rgi7.0|global|south=+083|west=-0043,pzi,144,144,"(0.008333333333333333, 0.0, -43.1, 0.0, -0.008333333333333333, 84.1, 0.0, 0.0, 1.0)",EPSG:4326,True,1,[],ca6fe955e6dbb792e1b744d95c71a00e2e6597867ca3055c4e53f087abfd485f,ca6fe955e6dbb792e1b744d95c71a00e2e6597867ca3055c4e53f087abfd485f,True,True,0.0
rgi7.0|global|south=+080|west=-0018,p00,3792,714,"(30.0, 0.0, -10710.0, 0.0, -30.0, 56910.0, 0.0, 0.0, 1.0)","PROJCRS[""unknown"",BASEGEOGCRS[""unknown"",DATUM[""World Geodetic System 1984"",ELLIPSOID[""WGS 84"",6378137,298.257223563,LENGTHUNIT[""metre"",1]],ID[""EPSG"",6326]],PRIMEM[""Greenwich"",0,ANGLEUNIT[""degree"",0.0174532925199433],ID[""EPSG"",8901]]],CONVERSION[""unknown"",METHOD[""Lambert Azimuthal Equal Area"",ID[""EPSG"",9820]],PARAMETER[""Latitude of natural origin"",80.5,ANGLEUNIT[""degree"",0.0174532925199433],ID[""EPSG"",8801]],PARAMETER[""Longitude of natural origin"",-17.5,ANGLEUNIT[""degree"",0.0174532925199433],ID[""EPSG"",8802]],PARAMETER[""False easting"",0,LENGTHUNIT[""metre"",1],ID[""EPSG"",8806]],PARAMETER[""False northing"",0,LENGTHUNIT[""metre"",1],ID[""EPSG"",8807]]],CS[Cartesian,2],AXIS[""(E)"",east,ORDER[1],LENGTHUNIT[""metre"",1,ID[""EPSG"",9001]]],AXIS[""(N)"",north,ORDER[2],LENGTHUNIT[""metre"",1,ID[""EPSG"",9001]]]]",True,9,[],3cc2e6c60cfe3b7adb515f6d617ed0f58388cae4c0dc9196d61bea885414c008,3cc2e6c60cfe3b7adb515f6d617ed0f58388cae4c0dc9196d61bea885414c008,True,True,0.0
rgi7.0|global|south=+080|west=-0018,p10,3791,715,"(30.0, 0.0, -10725.0, 0.0, -30.0, 56880.0, 0.0, 0.0, 1.0)","PROJCRS[""unknown"",BASEGEOGCRS[""unknown"",DATUM[""World Geodetic System 1984"",ELLIPSOID[""WGS 84"",6378137,298.257223563,LENGTHUNIT[""metre"",1]],ID[""EPSG"",6326]],PRIMEM[""Greenwich"",0,ANGLEUNIT[""degree"",0.0174532925199433],ID[""EPSG"",8901]]],CONVERSION[""unknown"",METHOD[""Lambert Azimuthal Equal Area"",ID[""EPSG"",9820]],PARAMETER[""Latitude of natural origin"",80.5,ANGLEUNIT[""degree"",0.0174532925199433],ID[""EPSG"",8801]],PARAMETER[""Longitude of natural origin"",-17.5,ANGLEUNIT[""degree"",0.0174532925199433],ID[""EPSG"",8802]],PARAMETER[""False easting"",0,LENGTHUNIT[""metre"",1],ID[""EPSG"",8806]],PARAMETER[""False northing"",0,LENGTHUNIT[""metre"",1],ID[""EPSG"",8807]]],CS[Cartesian,2],AXIS[""(E)"",east,ORDER[1],LENGTHUNIT[""metre"",1,ID[""EPSG"",9001]]],AXIS[""(N)"",north,ORDER[2],LENGTHUNIT[""metre"",1,ID[""EPSG"",9001]]]]",True,9,[],59d640f6b89a3016c5578a8211e11908cb6561fccbca59d91df89d9044619366,59d640f6b89a3016c5578a8211e11908cb6561fccbca59d91df89d9044619366,True,True,0.0
rgi7.0|global|south=+080|west=-0018,p01,3791,714,"(30.0, 0.0, -10710.0, 0.0, -30.0, 56895.0, 0.0, 0.0, 1.0)","PROJCRS[""unknown"",BASEGEOGCRS[""unknown"",DATUM[""World Geodetic System 1984"",ELLIPSOID[""WGS 84"",6378137,298.257223563,LENGTHUNIT[""metre"",1]],ID[""EPSG"",6326]],PRIMEM[""Greenwich"",0,ANGLEUNIT[""degree"",0.0174532925199433],ID[""EPSG"",8901]]],CONVERSION[""unknown"",METHOD[""Lambert Azimuthal Equal Area"",ID[""EPSG"",9820]],PARAMETER[""Latitude of natural origin"",80.5,ANGLEUNIT[""degree"",0.0174532925199433],ID[""EPSG"",8801]],PARAMETER[""Longitude of natural origin"",-17.5,ANGLEUNIT[""degree"",0.0174532925199433],ID[""EPSG"",8802]],PARAMETER[""False easting"",0,LENGTHUNIT[""metre"",1],ID[""EPSG"",8806]],PARAMETER[""False northing"",0,LENGTHUNIT[""metre"",1],ID[""EPSG"",8807]]],CS[Cartesian,2],AXIS[""(E)"",east,ORDER[1],LENGTHUNIT[""metre"",1,ID[""EPSG"",9001]]],AXIS[""(N)"",north,ORDER[2],LENGTHUNIT[""metre"",1,ID[""EPSG"",9001]]]]",True,9,[],697b965f2136d029d1083e130f99cb2835d895ce39c103544765ed53524c8d70,697b965f2136d029d1083e130f99cb2835d895ce39c103544765ed53524c8d70,True,True,0.0
rgi7.0|global|south=+080|west=-0018,p11,3791,715,"(30.0, 0.0, -10725.0, 0.0, -30.0, 56895.0, 0.0, 0.0, 1.0)","PROJCRS[""unknown"",BASEGEOGCRS[""unknown"",DATUM[""World Geodetic System 1984"",ELLIPSOID[""WGS 84"",6378137,298.257223563,LENGTHUNIT[""metre"",1]],ID[""EPSG"",6326]],PRIMEM[""Greenwich"",0,ANGLEUNIT[""degree"",0.0174532925199433],ID[""EPSG"",8901]]],CONVERSION[""unknown"",METHOD[""Lambert Azimuthal Equal Area"",ID[""EPSG"",9820]],PARAMETER[""Latitude of natural origin"",80.5,ANGLEUNIT[""degree"",0.0174532925199433],ID[""EPSG"",8801]],PARAMETER[""Longitude of natural origin"",-17.5,ANGLEUNIT[""degree"",0.0174532925199433],ID[""EPSG"",8802]],PARAMETER[""False easting"",0,LENGTHUNIT[""metre"",1],ID[""EPSG"",8806]],PARAMETER[""False northing"",0,LENGTHUNIT[""metre"",1],ID[""EPSG"",8807]]],CS[Cartesian,2],AXIS[""(E)"",east,ORDER[1],LENGTHUNIT[""metre"",1,ID[""EPSG"",9001]]],AXIS[""(N)"",north,ORDER[2],LENGTHUNIT[""metre"",1,ID[""EPSG"",9001]]]]",True,9,[],33355d7f85de7c8703ba898cf1b2b00017d09451149f253183942e4258b65578,33355d7f85de7c8703ba898cf1b2b00017d09451149f253183942e4258b65578,True,True,0.0
rgi7.0|global|south=+080|west=-0018,pzi,144,144,"(0.008333333333333333, 0.0, -18.1, 0.0, -0.008333333333333333, 81.1, 0.0, 0.0, 1.0)",EPSG:4326,True,1,[],24ce0a5d82477a5344a4af766ff0a6cbbf4dd5e7f5d98c1336a3ae0fdaccec2f,24ce0a5d82477a5344a4af766ff0a6cbbf4dd5e7f5d98c1336a3ae0fdaccec2f,True,True,0.0
rgi7.0|global|south=+081|west=-0020,p00,3792,651,"(30.0, 0.0, -9750.0, 0.0, -30.0, 56910.0, 0.0, 0.0, 1.0)","PROJCRS[""unknown"",BASEGEOGCRS[""unknown"",DATUM[""World Geodetic System 1984"",ELLIPSOID[""WGS 84"",6378137,298.257223563,LENGTHUNIT[""metre"",1]],ID[""EPSG"",6326]],PRIMEM[""Greenwich"",0,ANGLEUNIT[""degree"",0.0174532925199433],ID[""EPSG"",8901]]],CONVERSION[""unknown"",METHOD[""Lambert Azimuthal Equal Area"",ID[""EPSG"",9820]],PARAMETER[""Latitude of natural origin"",81.5,ANGLEUNIT[""degree"",0.0174532925199433],ID[""EPSG"",8801]],PARAMETER[""Longitude of natural origin"",-19.5,ANGLEUNIT[""degree"",0.0174532925199433],ID[""EPSG"",8802]],PARAMETER[""False easting"",0,LENGTHUNIT[""metre"",1],ID[""EPSG"",8806]],PARAMETER[""False northing"",0,LENGTHUNIT[""metre"",1],ID[""EPSG"",8807]]],CS[Cartesian,2],AXIS[""(E)"",east,ORDER[1],LENGTHUNIT[""metre"",1,ID[""EPSG"",9001]]],AXIS[""(N)"",north,ORDER[2],LENGTHUNIT[""metre"",1,ID[""EPSG"",9001]]]]",True,9,[],85b66494adbf8be2366095c62d1eed435d519ba950c1b89b23c9d0d0321ac87a,85b66494adbf8be2366095c62d1eed435d519ba950c1b89b23c9d0d0321ac87a,True,True,0.0
rgi7.0|global|south=+081|west=-0020,p10,3791,651,"(30.0, 0.0, -9765.0, 0.0, -30.0, 56880.0, 0.0, 0.0, 1.0)","PROJCRS[""unknown"",BASEGEOGCRS[""unknown"",DATUM[""World Geodetic System 1984"",ELLIPSOID[""WGS 84"",6378137,298.257223563,LENGTHUNIT[""metre"",1]],ID[""EPSG"",6326]],PRIMEM[""Greenwich"",0,ANGLEUNIT[""degree"",0.0174532925199433],ID[""EPSG"",8901]]],CONVERSION[""unknown"",METHOD[""Lambert Azimuthal Equal Area"",ID[""EPSG"",9820]],PARAMETER[""Latitude of natural origin"",81.5,ANGLEUNIT[""degree"",0.0174532925199433],ID[""EPSG"",8801]],PARAMETER[""Longitude of natural origin"",-19.5,ANGLEUNIT[""degree"",0.0174532925199433],ID[""EPSG"",8802]],PARAMETER[""False easting"",0,LENGTHUNIT[""metre"",1],ID[""EPSG"",8806]],PARAMETER[""False northing"",0,LENGTHUNIT[""metre"",1],ID[""EPSG"",8807]]],CS[Cartesian,2],AXIS[""(E)"",east,ORDER[1],LENGTHUNIT[""metre"",1,ID[""EPSG"",9001]]],AXIS[""(N)"",north,ORDER[2],LENGTHUNIT[""metre"",1,ID[""EPSG"",9001]]]]",True,9,[],39e7892ca040c0de37f8d0bc6f9275d2701ad402b01e7f59934e2dd573bf1d65,39e7892ca040c0de37f8d0bc6f9275d2701ad402b01e7f59934e2dd573bf1d65,True,True,0.0
rgi7.0|global|south=+081|west=-0020,p01,3791,650,"(30.0, 0.0, -9750.0, 0.0, -30.0, 56895.0, 0.0, 0.0, 1.0)","PROJCRS[""unknown"",BASEGEOGCRS[""unknown"",DATUM[""World Geodetic System 1984"",ELLIPSOID[""WGS 84"",6378137,298.257223563,LENGTHUNIT[""metre"",1]],ID[""EPSG"",6326]],PRIMEM[""Greenwich"",0,ANGLEUNIT[""degree"",0.0174532925199433],ID[""EPSG"",8901]]],CONVERSION[""unknown"",METHOD[""Lambert Azimuthal Equal Area"",ID[""EPSG"",9820]],PARAMETER[""Latitude of natural origin"",81.5,ANGLEUNIT[""degree"",0.0174532925199433],ID[""EPSG"",8801]],PARAMETER[""Longitude of natural origin"",-19.5,ANGLEUNIT[""degree"",0.0174532925199433],ID[""EPSG"",8802]],PARAMETER[""False easting"",0,LENGTHUNIT[""metre"",1],ID[""EPSG"",8806]],PARAMETER[""False northing"",0,LENGTHUNIT[""metre"",1],ID[""EPSG"",8807]]],CS[Cartesian,2],AXIS[""(E)"",east,ORDER[1],LENGTHUNIT[""metre"",1,ID[""EPSG"",9001]]],AXIS[""(N)"",north,ORDER[2],LENGTHUNIT[""metre"",1,ID[""EPSG"",9001]]]]",True,9,[],d744815e1275ad7e1649804f17b90ff43c18e22692dcb7b2e8486cbcd2bf208a,d744815e1275ad7e1649804f17b90ff43c18e22692dcb7b2e8486cbcd2bf208a,True,True,0.0
rgi7.0|global|south=+081|west=-0020,p11,3791,651,"(30.0, 0.0, -9765.0, 0.0, -30.0, 56895.0, 0.0, 0.0, 1.0)","PROJCRS[""unknown"",BASEGEOGCRS[""unknown"",DATUM[""World Geodetic System 1984"",ELLIPSOID[""WGS 84"",6378137,298.257223563,LENGTHUNIT[""metre"",1]],ID[""EPSG"",6326]],PRIMEM[""Greenwich"",0,ANGLEUNIT[""degree"",0.0174532925199433],ID[""EPSG"",8901]]],CONVERSION[""unknown"",METHOD[""Lambert Azimuthal Equal Area"",ID[""EPSG"",9820]],PARAMETER[""Latitude of natural origin"",81.5,ANGLEUNIT[""degree"",0.0174532925199433],ID[""EPSG"",8801]],PARAMETER[""Longitude of natural origin"",-19.5,ANGLEUNIT[""degree"",0.0174532925199433],ID[""EPSG"",8802]],PARAMETER[""False easting"",0,LENGTHUNIT[""metre"",1],ID[""EPSG"",8806]],PARAMETER[""False northing"",0,LENGTHUNIT[""metre"",1],ID[""EPSG"",8807]]],CS[Cartesian,2],AXIS[""(E)"",east,ORDER[1],LENGTHUNIT[""metre"",1,ID[""EPSG"",9001]]],AXIS[""(N)"",north,ORDER[2],LENGTHUNIT[""metre"",1,ID[""EPSG"",9001]]]]",True,9,[],69d1087be9985525d507fb08bac3d0aec70888d1053a4f60c57834f7db96a44f,69d1087be9985525d507fb08bac3d0aec70888d1053a4f60c57834f7db96a44f,True,True,0.0
rgi7.0|global|south=+081|west=-0020,pzi,144,144,"(0.008333333333333333, 0.0, -20.1, 0.0, -0.008333333333333333, 82.1, 0.0, 0.0, 1.0)",EPSG:4326,True,1,[],c0759b0c5275d43dc556a55291e60f44f9511985d8e3c0cb6b2ab1d02d2d18b2,c0759b0c5275d43dc556a55291e60f44f9511985d8e3c0cb6b2ab1d02d2d18b2,True,True,0.0
rgi7.0|global|south=+079|west=-0065,p00,3792,780,"(30.0, 0.0, -11670.0, 0.0, -30.0, 56910.0, 0.0, 0.0, 1.0)","PROJCRS[""unknown"",BASEGEOGCRS[""unknown"",DATUM[""World Geodetic System 1984"",ELLIPSOID[""WGS 84"",6378137,298.257223563,LENGTHUNIT[""metre"",1]],ID[""EPSG"",6326]],PRIMEM[""Greenwich"",0,ANGLEUNIT[""degree"",0.0174532925199433],ID[""EPSG"",8901]]],CONVERSION[""unknown"",METHOD[""Lambert Azimuthal Equal Area"",ID[""EPSG"",9820]],PARAMETER[""Latitude of natural origin"",79.5,ANGLEUNIT[""degree"",0.0174532925199433],ID[""EPSG"",8801]],PARAMETER[""Longitude of natural origin"",-64.5,ANGLEUNIT[""degree"",0.0174532925199433],ID[""EPSG"",8802]],PARAMETER[""False easting"",0,LENGTHUNIT[""metre"",1],ID[""EPSG"",8806]],PARAMETER[""False northing"",0,LENGTHUNIT[""metre"",1],ID[""EPSG"",8807]]],CS[Cartesian,2],AXIS[""(E)"",east,ORDER[1],LENGTHUNIT[""metre"",1,ID[""EPSG"",9001]]],AXIS[""(N)"",north,ORDER[2],LENGTHUNIT[""metre"",1,ID[""EPSG"",9001]]]]",True,9,[],dfb850d823bfc8c4ec4d2faadd75d6833e3a0a2f360f52eb5f550d0188aef9d7,dfb850d823bfc8c4ec4d2faadd75d6833e3a0a2f360f52eb5f550d0188aef9d7,True,True,0.0
rgi7.0|global|south=+079|west=-0065,p10,3791,777,"(30.0, 0.0, -11655.0, 0.0, -30.0, 56880.0, 0.0, 0.0, 1.0)","PROJCRS[""unknown"",BASEGEOGCRS[""unknown"",DATUM[""World Geodetic System 1984"",ELLIPSOID[""WGS 84"",6378137,298.257223563,LENGTHUNIT[""metre"",1]],ID[""EPSG"",6326]],PRIMEM[""Greenwich"",0,ANGLEUNIT[""degree"",0.0174532925199433],ID[""EPSG"",8901]]],CONVERSION[""unknown"",METHOD[""Lambert Azimuthal Equal Area"",ID[""EPSG"",9820]],PARAMETER[""Latitude of natural origin"",79.5,ANGLEUNIT[""degree"",0.0174532925199433],ID[""EPSG"",8801]],PARAMETER[""Longitude of natural origin"",-64.5,ANGLEUNIT[""degree"",0.0174532925199433],ID[""EPSG"",8802]],PARAMETER[""False easting"",0,LENGTHUNIT[""metre"",1],ID[""EPSG"",8806]],PARAMETER[""False northing"",0,LENGTHUNIT[""metre"",1],ID[""EPSG"",8807]]],CS[Cartesian,2],AXIS[""(E)"",east,ORDER[1],LENGTHUNIT[""metre"",1,ID[""EPSG"",9001]]],AXIS[""(N)"",north,ORDER[2],LENGTHUNIT[""metre"",1,ID[""EPSG"",9001]]]]",True,9,[],ae5f57abd68aed96ea5ebd46314319cc19ea99840f3b9e0563138a72ebb20b87,ae5f57abd68aed96ea5ebd46314319cc19ea99840f3b9e0563138a72ebb20b87,True,True,0.0
rgi7.0|global|south=+079|west=-0065,p01,3791,778,"(30.0, 0.0, -11670.0, 0.0, -30.0, 56895.0, 0.0, 0.0, 1.0)","PROJCRS[""unknown"",BASEGEOGCRS[""unknown"",DATUM[""World Geodetic System 1984"",ELLIPSOID[""WGS 84"",6378137,298.257223563,LENGTHUNIT[""metre"",1]],ID[""EPSG"",6326]],PRIMEM[""Greenwich"",0,ANGLEUNIT[""degree"",0.0174532925199433],ID[""EPSG"",8901]]],CONVERSION[""unknown"",METHOD[""Lambert Azimuthal Equal Area"",ID[""EPSG"",9820]],PARAMETER[""Latitude of natural origin"",79.5,ANGLEUNIT[""degree"",0.0174532925199433],ID[""EPSG"",8801]],PARAMETER[""Longitude of natural origin"",-64.5,ANGLEUNIT[""degree"",0.0174532925199433],ID[""EPSG"",8802]],PARAMETER[""False easting"",0,LENGTHUNIT[""metre"",1],ID[""EPSG"",8806]],PARAMETER[""False northing"",0,LENGTHUNIT[""metre"",1],ID[""EPSG"",8807]]],CS[Cartesian,2],AXIS[""(E)"",east,ORDER[1],LENGTHUNIT[""metre"",1,ID[""EPSG"",9001]]],AXIS[""(N)"",north,ORDER[2],LENGTHUNIT[""metre"",1,ID[""EPSG"",9001]]]]",True,9,[],9f470e6d8226f2a0e4e24bffca5670b5093d556b01be9d655d8800abd5511284,9f470e6d8226f2a0e4e24bffca5670b5093d556b01be9d655d8800abd5511284,True,True,0.0
rgi7.0|global|south=+079|west=-0065,p11,3791,777,"(30.0, 0.0, -11655.0, 0.0, -30.0, 56895.0, 0.0, 0.0, 1.0)","PROJCRS[""unknown"",BASEGEOGCRS[""unknown"",DATUM[""World Geodetic System 1984"",ELLIPSOID[""WGS 84"",6378137,298.257223563,LENGTHUNIT[""metre"",1]],ID[""EPSG"",6326]],PRIMEM[""Greenwich"",0,ANGLEUNIT[""degree"",0.0174532925199433],ID[""EPSG"",8901]]],CONVERSION[""unknown"",METHOD[""Lambert Azimuthal Equal Area"",ID[""EPSG"",9820]],PARAMETER[""Latitude of natural origin"",79.5,ANGLEUNIT[""degree"",0.0174532925199433],ID[""EPSG"",8801]],PARAMETER[""Longitude of natural origin"",-64.5,ANGLEUNIT[""degree"",0.0174532925199433],ID[""EPSG"",8802]],PARAMETER[""False easting"",0,LENGTHUNIT[""metre"",1],ID[""EPSG"",8806]],PARAMETER[""False northing"",0,LENGTHUNIT[""metre"",1],ID[""EPSG"",8807]]],CS[Cartesian,2],AXIS[""(E)"",east,ORDER[1],LENGTHUNIT[""metre"",1,ID[""EPSG"",9001]]],AXIS[""(N)"",north,ORDER[2],LENGTHUNIT[""metre"",1,ID[""EPSG"",9001]]]]",True,9,[],7ff3544c4fa15831b93d9cf07aa174d5abd2e6f1325e416ec257bef20ed83338,7ff3544c4fa15831b93d9cf07aa174d5abd2e6f1325e416ec257bef20ed83338,True,True,0.0
rgi7.0|global|south=+079|west=-0065,pzi,144,144,"(0.008333333333333333, 0.0, -65.1, 0.0, -0.008333333333333333, 80.1, 0.0, 0.0, 1.0)",EPSG:4326,True,1,[],33ba62d186728d4e4e9b9e2a6f53285078faa879e26b125a7579f09d52b6a4b9,33ba62d186728d4e4e9b9e2a6f53285078faa879e26b125a7579f09d52b6a4b9,True,True,0.0
rgi7.0|global|south=+061|west=-0048,p00,3786,1872,"(30.0, 0.0, -28080.0, 0.0, -30.0, 56850.0, 0.0, 0.0, 1.0)","PROJCRS[""unknown"",BASEGEOGCRS[""unknown"",DATUM[""World Geodetic System 1984"",ELLIPSOID[""WGS 84"",6378137,298.257223563,LENGTHUNIT[""metre"",1]],ID[""EPSG"",6326]],PRIMEM[""Greenwich"",0,ANGLEUNIT[""degree"",0.0174532925199433],ID[""EPSG"",8901]]],CONVERSION[""unknown"",METHOD[""Lambert Azimuthal Equal Area"",ID[""EPSG"",9820]],PARAMETER[""Latitude of natural origin"",61.5,ANGLEUNIT[""degree"",0.0174532925199433],ID[""EPSG"",8801]],PARAMETER[""Longitude of natural origin"",-47.5,ANGLEUNIT[""degree"",0.0174532925199433],ID[""EPSG"",8802]],PARAMETER[""False easting"",0,LENGTHUNIT[""metre"",1],ID[""EPSG"",8806]],PARAMETER[""False northing"",0,LENGTHUNIT[""metre"",1],ID[""EPSG"",8807]]],CS[Cartesian,2],AXIS[""(E)"",east,ORDER[1],LENGTHUNIT[""metre"",1,ID[""EPSG"",9001]]],AXIS[""(N)"",north,ORDER[2],LENGTHUNIT[""metre"",1,ID[""EPSG"",9001]]]]",True,9,[],7ebb9e9980a7a85d722f6280cbafe548246a42e01ff29a5c2e0d55209724ba18,7ebb9e9980a7a85d722f6280cbafe548246a42e01ff29a5c2e0d55209724ba18,True,True,0.0
rgi7.0|global|south=+061|west=-0048,p10,3786,1871,"(30.0, 0.0, -28065.0, 0.0, -30.0, 56850.0, 0.0, 0.0, 1.0)","PROJCRS[""unknown"",BASEGEOGCRS[""unknown"",DATUM[""World Geodetic System 1984"",ELLIPSOID[""WGS 84"",6378137,298.257223563,LENGTHUNIT[""metre"",1]],ID[""EPSG"",6326]],PRIMEM[""Greenwich"",0,ANGLEUNIT[""degree"",0.0174532925199433],ID[""EPSG"",8901]]],CONVERSION[""unknown"",METHOD[""Lambert Azimuthal Equal Area"",ID[""EPSG"",9820]],PARAMETER[""Latitude of natural origin"",61.5,ANGLEUNIT[""degree"",0.0174532925199433],ID[""EPSG"",8801]],PARAMETER[""Longitude of natural origin"",-47.5,ANGLEUNIT[""degree"",0.0174532925199433],ID[""EPSG"",8802]],PARAMETER[""False easting"",0,LENGTHUNIT[""metre"",1],ID[""EPSG"",8806]],PARAMETER[""False northing"",0,LENGTHUNIT[""metre"",1],ID[""EPSG"",8807]]],CS[Cartesian,2],AXIS[""(E)"",east,ORDER[1],LENGTHUNIT[""metre"",1,ID[""EPSG"",9001]]],AXIS[""(N)"",north,ORDER[2],LENGTHUNIT[""metre"",1,ID[""EPSG"",9001]]]]",True,9,[],a63f2b426391ded10710379f6ac6ceba9657edef63790eb12721ea503b290245,a63f2b426391ded10710379f6ac6ceba9657edef63790eb12721ea503b290245,True,True,0.0
rgi7.0|global|south=+061|west=-0048,p01,3786,1872,"(30.0, 0.0, -28080.0, 0.0, -30.0, 56835.0, 0.0, 0.0, 1.0)","PROJCRS[""unknown"",BASEGEOGCRS[""unknown"",DATUM[""World Geodetic System 1984"",ELLIPSOID[""WGS 84"",6378137,298.257223563,LENGTHUNIT[""metre"",1]],ID[""EPSG"",6326]],PRIMEM[""Greenwich"",0,ANGLEUNIT[""degree"",0.0174532925199433],ID[""EPSG"",8901]]],CONVERSION[""unknown"",METHOD[""Lambert Azimuthal Equal Area"",ID[""EPSG"",9820]],PARAMETER[""Latitude of natural origin"",61.5,ANGLEUNIT[""degree"",0.0174532925199433],ID[""EPSG"",8801]],PARAMETER[""Longitude of natural origin"",-47.5,ANGLEUNIT[""degree"",0.0174532925199433],ID[""EPSG"",8802]],PARAMETER[""False easting"",0,LENGTHUNIT[""metre"",1],ID[""EPSG"",8806]],PARAMETER[""False northing"",0,LENGTHUNIT[""metre"",1],ID[""EPSG"",8807]]],CS[Cartesian,2],AXIS[""(E)"",east,ORDER[1],LENGTHUNIT[""metre"",1,ID[""EPSG"",9001]]],AXIS[""(N)"",north,ORDER[2],LENGTHUNIT[""metre"",1,ID[""EPSG"",9001]]]]",True,9,[],7ed3315ac05909cd2d41493221121fdfe0b311d6ef5e501124d1f0dc6079b9f0,7ed3315ac05909cd2d41493221121fdfe0b311d6ef5e501124d1f0dc6079b9f0,True,True,0.0
rgi7.0|global|south=+061|west=-0048,p11,3786,1871,"(30.0, 0.0, -28065.0, 0.0, -30.0, 56835.0, 0.0, 0.0, 1.0)","PROJCRS[""unknown"",BASEGEOGCRS[""unknown"",DATUM[""World Geodetic System 1984"",ELLIPSOID[""WGS 84"",6378137,298.257223563,LENGTHUNIT[""metre"",1]],ID[""EPSG"",6326]],PRIMEM[""Greenwich"",0,ANGLEUNIT[""degree"",0.0174532925199433],ID[""EPSG"",8901]]],CONVERSION[""unknown"",METHOD[""Lambert Azimuthal Equal Area"",ID[""EPSG"",9820]],PARAMETER[""Latitude of natural origin"",61.5,ANGLEUNIT[""degree"",0.0174532925199433],ID[""EPSG"",8801]],PARAMETER[""Longitude of natural origin"",-47.5,ANGLEUNIT[""degree"",0.0174532925199433],ID[""EPSG"",8802]],PARAMETER[""False easting"",0,LENGTHUNIT[""metre"",1],ID[""EPSG"",8806]],PARAMETER[""False northing"",0,LENGTHUNIT[""metre"",1],ID[""EPSG"",8807]]],CS[Cartesian,2],AXIS[""(E)"",east,ORDER[1],LENGTHUNIT[""metre"",1,ID[""EPSG"",9001]]],AXIS[""(N)"",north,ORDER[2],LENGTHUNIT[""metre"",1,ID[""EPSG"",9001]]]]",True,9,[],e17cd6a2467db492043c4144a77372defcda8f7c9c9c01a1f1d7e714dd714341,e17cd6a2467db492043c4144a77372defcda8f7c9c9c01a1f1d7e714dd714341,True,True,0.0
rgi7.0|global|south=+061|west=-0048,pzi,144,144,"(0.008333333333333333, 0.0, -48.1, 0.0, -0.008333333333333333, 62.1, 0.0, 0.0, 1.0)",EPSG:4326,True,1,[],9bdef400ab3e193448791940f506a6ec28d7ee5d339cac8544e7e38c6df06a50,9bdef400ab3e193448791940f506a6ec28d7ee5d339cac8544e7e38c6df06a50,True,True,0.0
rgi7.0|global|south=+080|west=-0066,p00,3792,714,"(30.0, 0.0, -10710.0, 0.0, -30.0, 56910.0, 0.0, 0.0, 1.0)","PROJCRS[""unknown"",BASEGEOGCRS[""unknown"",DATUM[""World Geodetic System 1984"",ELLIPSOID[""WGS 84"",6378137,298.257223563,LENGTHUNIT[""metre"",1]],ID[""EPSG"",6326]],PRIMEM[""Greenwich"",0,ANGLEUNIT[""degree"",0.0174532925199433],ID[""EPSG"",8901]]],CONVERSION[""unknown"",METHOD[""Lambert Azimuthal Equal Area"",ID[""EPSG"",9820]],PARAMETER[""Latitude of natural origin"",80.5,ANGLEUNIT[""degree"",0.0174532925199433],ID[""EPSG"",8801]],PARAMETER[""Longitude of natural origin"",-65.5,ANGLEUNIT[""degree"",0.0174532925199433],ID[""EPSG"",8802]],PARAMETER[""False easting"",0,LENGTHUNIT[""metre"",1],ID[""EPSG"",8806]],PARAMETER[""False northing"",0,LENGTHUNIT[""metre"",1],ID[""EPSG"",8807]]],CS[Cartesian,2],AXIS[""(E)"",east,ORDER[1],LENGTHUNIT[""metre"",1,ID[""EPSG"",9001]]],AXIS[""(N)"",north,ORDER[2],LENGTHUNIT[""metre"",1,ID[""EPSG"",9001]]]]",True,9,[],efef6ad33e73fa35464cee9399c3ba9cff85ad4e55b34d71701377f425d0a81a,efef6ad33e73fa35464cee9399c3ba9cff85ad4e55b34d71701377f425d0a81a,True,True,0.0
rgi7.0|global|south=+080|west=-0066,p10,3791,715,"(30.0, 0.0, -10725.0, 0.0, -30.0, 56880.0, 0.0, 0.0, 1.0)","PROJCRS[""unknown"",BASEGEOGCRS[""unknown"",DATUM[""World Geodetic System 1984"",ELLIPSOID[""WGS 84"",6378137,298.257223563,LENGTHUNIT[""metre"",1]],ID[""EPSG"",6326]],PRIMEM[""Greenwich"",0,ANGLEUNIT[""degree"",0.0174532925199433],ID[""EPSG"",8901]]],CONVERSION[""unknown"",METHOD[""Lambert Azimuthal Equal Area"",ID[""EPSG"",9820]],PARAMETER[""Latitude of natural origin"",80.5,ANGLEUNIT[""degree"",0.0174532925199433],ID[""EPSG"",8801]],PARAMETER[""Longitude of natural origin"",-65.5,ANGLEUNIT[""degree"",0.0174532925199433],ID[""EPSG"",8802]],PARAMETER[""False easting"",0,LENGTHUNIT[""metre"",1],ID[""EPSG"",8806]],PARAMETER[""False northing"",0,LENGTHUNIT[""metre"",1],ID[""EPSG"",8807]]],CS[Cartesian,2],AXIS[""(E)"",east,ORDER[1],LENGTHUNIT[""metre"",1,ID[""EPSG"",9001]]],AXIS[""(N)"",north,ORDER[2],LENGTHUNIT[""metre"",1,ID[""EPSG"",9001]]]]",True,9,[],b4811272aee90972aa1aa03074a055ce0d07725f42d7f8f7304026c518bbb708,b4811272aee90972aa1aa03074a055ce0d07725f42d7f8f7304026c518bbb708,True,True,0.0
rgi7.0|global|south=+080|west=-0066,p01,3791,714,"(30.0, 0.0, -10710.0, 0.0, -30.0, 56895.0, 0.0, 0.0, 1.0)","PROJCRS[""unknown"",BASEGEOGCRS[""unknown"",DATUM[""World Geodetic System 1984"",ELLIPSOID[""WGS 84"",6378137,298.257223563,LENGTHUNIT[""metre"",1]],ID[""EPSG"",6326]],PRIMEM[""Greenwich"",0,ANGLEUNIT[""degree"",0.0174532925199433],ID[""EPSG"",8901]]],CONVERSION[""unknown"",METHOD[""Lambert Azimuthal Equal Area"",ID[""EPSG"",9820]],PARAMETER[""Latitude of natural origin"",80.5,ANGLEUNIT[""degree"",0.0174532925199433],ID[""EPSG"",8801]],PARAMETER[""Longitude of natural origin"",-65.5,ANGLEUNIT[""degree"",0.0174532925199433],ID[""EPSG"",8802]],PARAMETER[""False easting"",0,LENGTHUNIT[""metre"",1],ID[""EPSG"",8806]],PARAMETER[""False northing"",0,LENGTHUNIT[""metre"",1],ID[""EPSG"",8807]]],CS[Cartesian,2],AXIS[""(E)"",east,ORDER[1],LENGTHUNIT[""metre"",1,ID[""EPSG"",9001]]],AXIS[""(N)"",north,ORDER[2],LENGTHUNIT[""metre"",1,ID[""EPSG"",9001]]]]",True,9,[],78646c7068524c48cd834bd89f67ad2dd8a49069130ea43f5ae2bae65f0b044b,78646c7068524c48cd834bd89f67ad2dd8a49069130ea43f5ae2bae65f0b044b,True,True,0.0
rgi7.0|global|south=+080|west=-0066,p11,3791,715,"(30.0, 0.0, -10725.0, 0.0, -30.0, 56895.0, 0.0, 0.0, 1.0)","PROJCRS[""unknown"",BASEGEOGCRS[""unknown"",DATUM[""World Geodetic System 1984"",ELLIPSOID[""WGS 84"",6378137,298.257223563,LENGTHUNIT[""metre"",1]],ID[""EPSG"",6326]],PRIMEM[""Greenwich"",0,ANGLEUNIT[""degree"",0.0174532925199433],ID[""EPSG"",8901]]],CONVERSION[""unknown"",METHOD[""Lambert Azimuthal Equal Area"",ID[""EPSG"",9820]],PARAMETER[""Latitude of natural origin"",80.5,ANGLEUNIT[""degree"",0.0174532925199433],ID[""EPSG"",8801]],PARAMETER[""Longitude of natural origin"",-65.5,ANGLEUNIT[""degree"",0.0174532925199433],ID[""EPSG"",8802]],PARAMETER[""False easting"",0,LENGTHUNIT[""metre"",1],ID[""EPSG"",8806]],PARAMETER[""False northing"",0,LENGTHUNIT[""metre"",1],ID[""EPSG"",8807]]],CS[Cartesian,2],AXIS[""(E)"",east,ORDER[1],LENGTHUNIT[""metre"",1,ID[""EPSG"",9001]]],AXIS[""(N)"",north,ORDER[2],LENGTHUNIT[""metre"",1,ID[""EPSG"",9001]]]]",True,9,[],23941a042a733218133788437ce9665f88bc258f77643d6db5559f9cbe737c2f,23941a042a733218133788437ce9665f88bc258f77643d6db5559f9cbe737c2f,True,True,0.0
rgi7.0|global|south=+080|west=-0066,pzi,144,144,"(0.008333333333333333, 0.0, -66.1, 0.0, -0.008333333333333333, 81.1, 0.0, 0.0, 1.0)",EPSG:4326,True,1,[],4141841a5fb4844cf1ccedfcc310607aec0033d43dfad6be47e9a91ca970c7ea,4141841a5fb4844cf1ccedfcc310607aec0033d43dfad6be47e9a91ca970c7ea,True,True,0.0
rgi7.0|global|south=+071|west=-0052,p00,3789,1281,"(30.0, 0.0, -19200.0, 0.0, -30.0, 56880.0, 0.0, 0.0, 1.0)","PROJCRS[""unknown"",BASEGEOGCRS[""unknown"",DATUM[""World Geodetic System 1984"",ELLIPSOID[""WGS 84"",6378137,298.257223563,LENGTHUNIT[""metre"",1]],ID[""EPSG"",6326]],PRIMEM[""Greenwich"",0,ANGLEUNIT[""degree"",0.0174532925199433],ID[""EPSG"",8901]]],CONVERSION[""unknown"",METHOD[""Lambert Azimuthal Equal Area"",ID[""EPSG"",9820]],PARAMETER[""Latitude of natural origin"",71.5,ANGLEUNIT[""degree"",0.0174532925199433],ID[""EPSG"",8801]],PARAMETER[""Longitude of natural origin"",-51.5,ANGLEUNIT[""degree"",0.0174532925199433],ID[""EPSG"",8802]],PARAMETER[""False easting"",0,LENGTHUNIT[""metre"",1],ID[""EPSG"",8806]],PARAMETER[""False northing"",0,LENGTHUNIT[""metre"",1],ID[""EPSG"",8807]]],CS[Cartesian,2],AXIS[""(E)"",east,ORDER[1],LENGTHUNIT[""metre"",1,ID[""EPSG"",9001]]],AXIS[""(N)"",north,ORDER[2],LENGTHUNIT[""metre"",1,ID[""EPSG"",9001]]]]",True,9,[],28ae30e14cbe41721baca2169a32507e1681e91c75ccb4d89669815b0489e73b,28ae30e14cbe41721baca2169a32507e1681e91c75ccb4d89669815b0489e73b,True,True,0.0
rgi7.0|global|south=+071|west=-0052,p10,3789,1279,"(30.0, 0.0, -19185.0, 0.0, -30.0, 56880.0, 0.0, 0.0, 1.0)","PROJCRS[""unknown"",BASEGEOGCRS[""unknown"",DATUM[""World Geodetic System 1984"",ELLIPSOID[""WGS 84"",6378137,298.257223563,LENGTHUNIT[""metre"",1]],ID[""EPSG"",6326]],PRIMEM[""Greenwich"",0,ANGLEUNIT[""degree"",0.0174532925199433],ID[""EPSG"",8901]]],CONVERSION[""unknown"",METHOD[""Lambert Azimuthal Equal Area"",ID[""EPSG"",9820]],PARAMETER[""Latitude of natural origin"",71.5,ANGLEUNIT[""degree"",0.0174532925199433],ID[""EPSG"",8801]],PARAMETER[""Longitude of natural origin"",-51.5,ANGLEUNIT[""degree"",0.0174532925199433],ID[""EPSG"",8802]],PARAMETER[""False easting"",0,LENGTHUNIT[""metre"",1],ID[""EPSG"",8806]],PARAMETER[""False northing"",0,LENGTHUNIT[""metre"",1],ID[""EPSG"",8807]]],CS[Cartesian,2],AXIS[""(E)"",east,ORDER[1],LENGTHUNIT[""metre"",1,ID[""EPSG"",9001]]],AXIS[""(N)"",north,ORDER[2],LENGTHUNIT[""metre"",1,ID[""EPSG"",9001]]]]",True,9,[],ea4f13a7d9b839d9547659bb83dc19a341ab80b77898fcd0464a50e3cf5e1f73,ea4f13a7d9b839d9547659bb83dc19a341ab80b77898fcd0464a50e3cf5e1f73,True,True,0.0
rgi7.0|global|south=+071|west=-0052,p01,3789,1280,"(30.0, 0.0, -19200.0, 0.0, -30.0, 56865.0, 0.0, 0.0, 1.0)","PROJCRS[""unknown"",BASEGEOGCRS[""unknown"",DATUM[""World Geodetic System 1984"",ELLIPSOID[""WGS 84"",6378137,298.257223563,LENGTHUNIT[""metre"",1]],ID[""EPSG"",6326]],PRIMEM[""Greenwich"",0,ANGLEUNIT[""degree"",0.0174532925199433],ID[""EPSG"",8901]]],CONVERSION[""unknown"",METHOD[""Lambert Azimuthal Equal Area"",ID[""EPSG"",9820]],PARAMETER[""Latitude of natural origin"",71.5,ANGLEUNIT[""degree"",0.0174532925199433],ID[""EPSG"",8801]],PARAMETER[""Longitude of natural origin"",-51.5,ANGLEUNIT[""degree"",0.0174532925199433],ID[""EPSG"",8802]],PARAMETER[""False easting"",0,LENGTHUNIT[""metre"",1],ID[""EPSG"",8806]],PARAMETER[""False northing"",0,LENGTHUNIT[""metre"",1],ID[""EPSG"",8807]]],CS[Cartesian,2],AXIS[""(E)"",east,ORDER[1],LENGTHUNIT[""metre"",1,ID[""EPSG"",9001]]],AXIS[""(N)"",north,ORDER[2],LENGTHUNIT[""metre"",1,ID[""EPSG"",9001]]]]",True,9,[],c4af65a82cd50db5b4f51743d8e98d32d0f7f9179646be84686807ed9663fd0b,c4af65a82cd50db5b4f51743d8e98d32d0f7f9179646be84686807ed9663fd0b,True,True,0.0
rgi7.0|global|south=+071|west=-0052,p11,3789,1279,"(30.0, 0.0, -19185.0, 0.0, -30.0, 56865.0, 0.0, 0.0, 1.0)","PROJCRS[""unknown"",BASEGEOGCRS[""unknown"",DATUM[""World Geodetic System 1984"",ELLIPSOID[""WGS 84"",6378137,298.257223563,LENGTHUNIT[""metre"",1]],ID[""EPSG"",6326]],PRIMEM[""Greenwich"",0,ANGLEUNIT[""degree"",0.0174532925199433],ID[""EPSG"",8901]]],CONVERSION[""unknown"",METHOD[""Lambert Azimuthal Equal Area"",ID[""EPSG"",9820]],PARAMETER[""Latitude of natural origin"",71.5,ANGLEUNIT[""degree"",0.0174532925199433],ID[""EPSG"",8801]],PARAMETER[""Longitude of natural origin"",-51.5,ANGLEUNIT[""degree"",0.0174532925199433],ID[""EPSG"",8802]],PARAMETER[""False easting"",0,LENGTHUNIT[""metre"",1],ID[""EPSG"",8806]],PARAMETER[""False northing"",0,LENGTHUNIT[""metre"",1],ID[""EPSG"",8807]]],CS[Cartesian,2],AXIS[""(E)"",east,ORDER[1],LENGTHUNIT[""metre"",1,ID[""EPSG"",9001]]],AXIS[""(N)"",north,ORDER[2],LENGTHUNIT[""metre"",1,ID[""EPSG"",9001]]]]",True,9,[],810492c173c0ee82f18b5f8f6b1c86b91ac2c4e1c7286d2df200453f4ae11c4b,810492c173c0ee82f18b5f8f6b1c86b91ac2c4e1c7286d2df200453f4ae11c4b,True,True,0.0
rgi7.0|global|south=+071|west=-0052,pzi,144,144,"(0.008333333333333333, 0.0, -52.1, 0.0, -0.008333333333333333, 72.1, 0.0, 0.0, 1.0)",EPSG:4326,True,1,[],f419a3e4d194c839b725429958c47cc19350b51c6a58d240b54e22800f328f41,f419a3e4d194c839b725429958c47cc19350b51c6a58d240b54e22800f328f41,True,True,0.0
rgi7.0|global|south=+080|west=-0026,p00,3792,714,"(30.0, 0.0, -10710.0, 0.0, -30.0, 56910.0, 0.0, 0.0, 1.0)","PROJCRS[""unknown"",BASEGEOGCRS[""unknown"",DATUM[""World Geodetic System 1984"",ELLIPSOID[""WGS 84"",6378137,298.257223563,LENGTHUNIT[""metre"",1]],ID[""EPSG"",6326]],PRIMEM[""Greenwich"",0,ANGLEUNIT[""degree"",0.0174532925199433],ID[""EPSG"",8901]]],CONVERSION[""unknown"",METHOD[""Lambert Azimuthal Equal Area"",ID[""EPSG"",9820]],PARAMETER[""Latitude of natural origin"",80.5,ANGLEUNIT[""degree"",0.0174532925199433],ID[""EPSG"",8801]],PARAMETER[""Longitude of natural origin"",-25.5,ANGLEUNIT[""degree"",0.0174532925199433],ID[""EPSG"",8802]],PARAMETER[""False easting"",0,LENGTHUNIT[""metre"",1],ID[""EPSG"",8806]],PARAMETER[""False northing"",0,LENGTHUNIT[""metre"",1],ID[""EPSG"",8807]]],CS[Cartesian,2],AXIS[""(E)"",east,ORDER[1],LENGTHUNIT[""metre"",1,ID[""EPSG"",9001]]],AXIS[""(N)"",north,ORDER[2],LENGTHUNIT[""metre"",1,ID[""EPSG"",9001]]]]",True,9,[],25ec640bf250c37302f71ffb342bde0a338246771b0b75251cee84a2a1ebd3bc,25ec640bf250c37302f71ffb342bde0a338246771b0b75251cee84a2a1ebd3bc,True,True,0.0
rgi7.0|global|south=+080|west=-0026,p10,3791,715,"(30.0, 0.0, -10725.0, 0.0, -30.0, 56880.0, 0.0, 0.0, 1.0)","PROJCRS[""unknown"",BASEGEOGCRS[""unknown"",DATUM[""World Geodetic System 1984"",ELLIPSOID[""WGS 84"",6378137,298.257223563,LENGTHUNIT[""metre"",1]],ID[""EPSG"",6326]],PRIMEM[""Greenwich"",0,ANGLEUNIT[""degree"",0.0174532925199433],ID[""EPSG"",8901]]],CONVERSION[""unknown"",METHOD[""Lambert Azimuthal Equal Area"",ID[""EPSG"",9820]],PARAMETER[""Latitude of natural origin"",80.5,ANGLEUNIT[""degree"",0.0174532925199433],ID[""EPSG"",8801]],PARAMETER[""Longitude of natural origin"",-25.5,ANGLEUNIT[""degree"",0.0174532925199433],ID[""EPSG"",8802]],PARAMETER[""False easting"",0,LENGTHUNIT[""metre"",1],ID[""EPSG"",8806]],PARAMETER[""False northing"",0,LENGTHUNIT[""metre"",1],ID[""EPSG"",8807]]],CS[Cartesian,2],AXIS[""(E)"",east,ORDER[1],LENGTHUNIT[""metre"",1,ID[""EPSG"",9001]]],AXIS[""(N)"",north,ORDER[2],LENGTHUNIT[""metre"",1,ID[""EPSG"",9001]]]]",True,9,[],bada9cc002b65b4f85d259113b8fd05864c7c55c466127765e89393d704ac380,bada9cc002b65b4f85d259113b8fd05864c7c55c466127765e89393d704ac380,True,True,0.0
rgi7.0|global|south=+080|west=-0026,p01,3791,714,"(30.0, 0.0, -10710.0, 0.0, -30.0, 56895.0, 0.0, 0.0, 1.0)","PROJCRS[""unknown"",BASEGEOGCRS[""unknown"",DATUM[""World Geodetic System 1984"",ELLIPSOID[""WGS 84"",6378137,298.257223563,LENGTHUNIT[""metre"",1]],ID[""EPSG"",6326]],PRIMEM[""Greenwich"",0,ANGLEUNIT[""degree"",0.0174532925199433],ID[""EPSG"",8901]]],CONVERSION[""unknown"",METHOD[""Lambert Azimuthal Equal Area"",ID[""EPSG"",9820]],PARAMETER[""Latitude of natural origin"",80.5,ANGLEUNIT[""degree"",0.0174532925199433],ID[""EPSG"",8801]],PARAMETER[""Longitude of natural origin"",-25.5,ANGLEUNIT[""degree"",0.0174532925199433],ID[""EPSG"",8802]],PARAMETER[""False easting"",0,LENGTHUNIT[""metre"",1],ID[""EPSG"",8806]],PARAMETER[""False northing"",0,LENGTHUNIT[""metre"",1],ID[""EPSG"",8807]]],CS[Cartesian,2],AXIS[""(E)"",east,ORDER[1],LENGTHUNIT[""metre"",1,ID[""EPSG"",9001]]],AXIS[""(N)"",north,ORDER[2],LENGTHUNIT[""metre"",1,ID[""EPSG"",9001]]]]",True,9,[],aaca73d80482dbfa69bc8d91e2437b3d164d83c98c2af61d13d2e4b9eb575148,aaca73d80482dbfa69bc8d91e2437b3d164d83c98c2af61d13d2e4b9eb575148,True,True,0.0
rgi7.0|global|south=+080|west=-0026,p11,3791,715,"(30.0, 0.0, -10725.0, 0.0, -30.0, 56895.0, 0.0, 0.0, 1.0)","PROJCRS[""unknown"",BASEGEOGCRS[""unknown"",DATUM[""World Geodetic System 1984"",ELLIPSOID[""WGS 84"",6378137,298.257223563,LENGTHUNIT[""metre"",1]],ID[""EPSG"",6326]],PRIMEM[""Greenwich"",0,ANGLEUNIT[""degree"",0.0174532925199433],ID[""EPSG"",8901]]],CONVERSION[""unknown"",METHOD[""Lambert Azimuthal Equal Area"",ID[""EPSG"",9820]],PARAMETER[""Latitude of natural origin"",80.5,ANGLEUNIT[""degree"",0.0174532925199433],ID[""EPSG"",8801]],PARAMETER[""Longitude of natural origin"",-25.5,ANGLEUNIT[""degree"",0.0174532925199433],ID[""EPSG"",8802]],PARAMETER[""False easting"",0,LENGTHUNIT[""metre"",1],ID[""EPSG"",8806]],PARAMETER[""False northing"",0,LENGTHUNIT[""metre"",1],ID[""EPSG"",8807]]],CS[Cartesian,2],AXIS[""(E)"",east,ORDER[1],LENGTHUNIT[""metre"",1,ID[""EPSG"",9001]]],AXIS[""(N)"",north,ORDER[2],LENGTHUNIT[""metre"",1,ID[""EPSG"",9001]]]]",True,9,[],116cbad046a7b7aa0da879acc663269d522d07cc171acbc0d044f05f5223399d,116cbad046a7b7aa0da879acc663269d522d07cc171acbc0d044f05f5223399d,True,True,0.0
rgi7.0|global|south=+080|west=-0026,pzi,144,144,"(0.008333333333333333, 0.0, -26.1, 0.0, -0.008333333333333333, 81.1, 0.0, 0.0, 1.0)",EPSG:4326,True,1,[],6b1ac845fa98e3543c890039c66dd8d38106edd4ed93bab9bfdadd1b6c9347ec,6b1ac845fa98e3543c890039c66dd8d38106edd4ed93bab9bfdadd1b6c9347ec,True,True,0.0
rgi7.0|global|south=+082|west=-0023,p00,3792,588,"(30.0, 0.0, -8790.0, 0.0, -30.0, 56910.0, 0.0, 0.0, 1.0)","PROJCRS[""unknown"",BASEGEOGCRS[""unknown"",DATUM[""World Geodetic System 1984"",ELLIPSOID[""WGS 84"",6378137,298.257223563,LENGTHUNIT[""metre"",1]],ID[""EPSG"",6326]],PRIMEM[""Greenwich"",0,ANGLEUNIT[""degree"",0.0174532925199433],ID[""EPSG"",8901]]],CONVERSION[""unknown"",METHOD[""Lambert Azimuthal Equal Area"",ID[""EPSG"",9820]],PARAMETER[""Latitude of natural origin"",82.5,ANGLEUNIT[""degree"",0.0174532925199433],ID[""EPSG"",8801]],PARAMETER[""Longitude of natural origin"",-22.5,ANGLEUNIT[""degree"",0.0174532925199433],ID[""EPSG"",8802]],PARAMETER[""False easting"",0,LENGTHUNIT[""metre"",1],ID[""EPSG"",8806]],PARAMETER[""False northing"",0,LENGTHUNIT[""metre"",1],ID[""EPSG"",8807]]],CS[Cartesian,2],AXIS[""(E)"",east,ORDER[1],LENGTHUNIT[""metre"",1,ID[""EPSG"",9001]]],AXIS[""(N)"",north,ORDER[2],LENGTHUNIT[""metre"",1,ID[""EPSG"",9001]]]]",True,6,"[""Copernicus_DSM_COG_10_N83_00_W022_00_DEM"", ""Copernicus_DSM_COG_10_N83_00_W023_00_DEM"", ""Copernicus_DSM_COG_10_N83_00_W024_00_DEM""]",d1e2fdad4d376eb6b265ed9d19e3c21373cdad2e8fc5e4966cd14f99283473e9,d1e2fdad4d376eb6b265ed9d19e3c21373cdad2e8fc5e4966cd14f99283473e9,True,True,0.0
rgi7.0|global|south=+082|west=-0023,p10,3791,585,"(30.0, 0.0, -8775.0, 0.0, -30.0, 56880.0, 0.0, 0.0, 1.0)","PROJCRS[""unknown"",BASEGEOGCRS[""unknown"",DATUM[""World Geodetic System 1984"",ELLIPSOID[""WGS 84"",6378137,298.257223563,LENGTHUNIT[""metre"",1]],ID[""EPSG"",6326]],PRIMEM[""Greenwich"",0,ANGLEUNIT[""degree"",0.0174532925199433],ID[""EPSG"",8901]]],CONVERSION[""unknown"",METHOD[""Lambert Azimuthal Equal Area"",ID[""EPSG"",9820]],PARAMETER[""Latitude of natural origin"",82.5,ANGLEUNIT[""degree"",0.0174532925199433],ID[""EPSG"",8801]],PARAMETER[""Longitude of natural origin"",-22.5,ANGLEUNIT[""degree"",0.0174532925199433],ID[""EPSG"",8802]],PARAMETER[""False easting"",0,LENGTHUNIT[""metre"",1],ID[""EPSG"",8806]],PARAMETER[""False northing"",0,LENGTHUNIT[""metre"",1],ID[""EPSG"",8807]]],CS[Cartesian,2],AXIS[""(E)"",east,ORDER[1],LENGTHUNIT[""metre"",1,ID[""EPSG"",9001]]],AXIS[""(N)"",north,ORDER[2],LENGTHUNIT[""metre"",1,ID[""EPSG"",9001]]]]",True,6,"[""Copernicus_DSM_COG_10_N83_00_W022_00_DEM"", ""Copernicus_DSM_COG_10_N83_00_W023_00_DEM"", ""Copernicus_DSM_COG_10_N83_00_W024_00_DEM""]",bce0c8ce63064828528ee99f971b28901917a86937b4ebf6b5b587cb00afd5c0,bce0c8ce63064828528ee99f971b28901917a86937b4ebf6b5b587cb00afd5c0,True,True,0.0
rgi7.0|global|south=+082|west=-0023,p01,3792,586,"(30.0, 0.0, -8790.0, 0.0, -30.0, 56895.0, 0.0, 0.0, 1.0)","PROJCRS[""unknown"",BASEGEOGCRS[""unknown"",DATUM[""World Geodetic System 1984"",ELLIPSOID[""WGS 84"",6378137,298.257223563,LENGTHUNIT[""metre"",1]],ID[""EPSG"",6326]],PRIMEM[""Greenwich"",0,ANGLEUNIT[""degree"",0.0174532925199433],ID[""EPSG"",8901]]],CONVERSION[""unknown"",METHOD[""Lambert Azimuthal Equal Area"",ID[""EPSG"",9820]],PARAMETER[""Latitude of natural origin"",82.5,ANGLEUNIT[""degree"",0.0174532925199433],ID[""EPSG"",8801]],PARAMETER[""Longitude of natural origin"",-22.5,ANGLEUNIT[""degree"",0.0174532925199433],ID[""EPSG"",8802]],PARAMETER[""False easting"",0,LENGTHUNIT[""metre"",1],ID[""EPSG"",8806]],PARAMETER[""False northing"",0,LENGTHUNIT[""metre"",1],ID[""EPSG"",8807]]],CS[Cartesian,2],AXIS[""(E)"",east,ORDER[1],LENGTHUNIT[""metre"",1,ID[""EPSG"",9001]]],AXIS[""(N)"",north,ORDER[2],LENGTHUNIT[""metre"",1,ID[""EPSG"",9001]]]]",True,6,"[""Copernicus_DSM_COG_10_N83_00_W022_00_DEM"", ""Copernicus_DSM_COG_10_N83_00_W023_00_DEM"", ""Copernicus_DSM_COG_10_N83_00_W024_00_DEM""]",ac0b7ac42ee0c059ff468bcc6bd12533284b836445a78570e92fe60aff7dc975,ac0b7ac42ee0c059ff468bcc6bd12533284b836445a78570e92fe60aff7dc975,True,True,0.0
rgi7.0|global|south=+082|west=-0023,p11,3792,585,"(30.0, 0.0, -8775.0, 0.0, -30.0, 56895.0, 0.0, 0.0, 1.0)","PROJCRS[""unknown"",BASEGEOGCRS[""unknown"",DATUM[""World Geodetic System 1984"",ELLIPSOID[""WGS 84"",6378137,298.257223563,LENGTHUNIT[""metre"",1]],ID[""EPSG"",6326]],PRIMEM[""Greenwich"",0,ANGLEUNIT[""degree"",0.0174532925199433],ID[""EPSG"",8901]]],CONVERSION[""unknown"",METHOD[""Lambert Azimuthal Equal Area"",ID[""EPSG"",9820]],PARAMETER[""Latitude of natural origin"",82.5,ANGLEUNIT[""degree"",0.0174532925199433],ID[""EPSG"",8801]],PARAMETER[""Longitude of natural origin"",-22.5,ANGLEUNIT[""degree"",0.0174532925199433],ID[""EPSG"",8802]],PARAMETER[""False easting"",0,LENGTHUNIT[""metre"",1],ID[""EPSG"",8806]],PARAMETER[""False northing"",0,LENGTHUNIT[""metre"",1],ID[""EPSG"",8807]]],CS[Cartesian,2],AXIS[""(E)"",east,ORDER[1],LENGTHUNIT[""metre"",1,ID[""EPSG"",9001]]],AXIS[""(N)"",north,ORDER[2],LENGTHUNIT[""metre"",1,ID[""EPSG"",9001]]]]",True,6,"[""Copernicus_DSM_COG_10_N83_00_W022_00_DEM"", ""Copernicus_DSM_COG_10_N83_00_W023_00_DEM"", ""Copernicus_DSM_COG_10_N83_00_W024_00_DEM""]",af2582bc4c2aa68a2332d83351279477e4211514843bdc03f4ae565dc1a3196f,af2582bc4c2aa68a2332d83351279477e4211514843bdc03f4ae565dc1a3196f,True,True,0.0
rgi7.0|global|south=+082|west=-0023,pzi,144,144,"(0.008333333333333333, 0.0, -23.1, 0.0, -0.008333333333333333, 83.1, 0.0, 0.0, 1.0)",EPSG:4326,True,1,[],805cc2fc054707e20cdb3bb808861393cce8cc87097157b6897e4275ac17adcf,805cc2fc054707e20cdb3bb808861393cce8cc87097157b6897e4275ac17adcf,True,True,0.0
rgi7.0|global|south=+066|west=-0019,p00,3789,1584,"(30.0, 0.0, -23730.0, 0.0, -30.0, 56910.0, 0.0, 0.0, 1.0)","PROJCRS[""unknown"",BASEGEOGCRS[""unknown"",DATUM[""World Geodetic System 1984"",ELLIPSOID[""WGS 84"",6378137,298.257223563,LENGTHUNIT[""metre"",1]],ID[""EPSG"",6326]],PRIMEM[""Greenwich"",0,ANGLEUNIT[""degree"",0.0174532925199433],ID[""EPSG"",8901]]],CONVERSION[""unknown"",METHOD[""Lambert Azimuthal Equal Area"",ID[""EPSG"",9820]],PARAMETER[""Latitude of natural origin"",66.5,ANGLEUNIT[""degree"",0.0174532925199433],ID[""EPSG"",8801]],PARAMETER[""Longitude of natural origin"",-18.5,ANGLEUNIT[""degree"",0.0174532925199433],ID[""EPSG"",8802]],PARAMETER[""False easting"",0,LENGTHUNIT[""metre"",1],ID[""EPSG"",8806]],PARAMETER[""False northing"",0,LENGTHUNIT[""metre"",1],ID[""EPSG"",8807]]],CS[Cartesian,2],AXIS[""(E)"",east,ORDER[1],LENGTHUNIT[""metre"",1,ID[""EPSG"",9001]]],AXIS[""(N)"",north,ORDER[2],LENGTHUNIT[""metre"",1,ID[""EPSG"",9001]]]]",True,6,"[""Copernicus_DSM_COG_10_N67_00_W018_00_DEM"", ""Copernicus_DSM_COG_10_N67_00_W019_00_DEM"", ""Copernicus_DSM_COG_10_N67_00_W020_00_DEM""]",0b35ae4d2130cfb09413924cc37e9b385fb607e143efd044064870b4fdd52359,0b35ae4d2130cfb09413924cc37e9b385fb607e143efd044064870b4fdd52359,True,True,0.0
rgi7.0|global|south=+066|west=-0019,p10,3787,1581,"(30.0, 0.0, -23715.0, 0.0, -30.0, 56850.0, 0.0, 0.0, 1.0)","PROJCRS[""unknown"",BASEGEOGCRS[""unknown"",DATUM[""World Geodetic System 1984"",ELLIPSOID[""WGS 84"",6378137,298.257223563,LENGTHUNIT[""metre"",1]],ID[""EPSG"",6326]],PRIMEM[""Greenwich"",0,ANGLEUNIT[""degree"",0.0174532925199433],ID[""EPSG"",8901]]],CONVERSION[""unknown"",METHOD[""Lambert Azimuthal Equal Area"",ID[""EPSG"",9820]],PARAMETER[""Latitude of natural origin"",66.5,ANGLEUNIT[""degree"",0.0174532925199433],ID[""EPSG"",8801]],PARAMETER[""Longitude of natural origin"",-18.5,ANGLEUNIT[""degree"",0.0174532925199433],ID[""EPSG"",8802]],PARAMETER[""False easting"",0,LENGTHUNIT[""metre"",1],ID[""EPSG"",8806]],PARAMETER[""False northing"",0,LENGTHUNIT[""metre"",1],ID[""EPSG"",8807]]],CS[Cartesian,2],AXIS[""(E)"",east,ORDER[1],LENGTHUNIT[""metre"",1,ID[""EPSG"",9001]]],AXIS[""(N)"",north,ORDER[2],LENGTHUNIT[""metre"",1,ID[""EPSG"",9001]]]]",True,6,"[""Copernicus_DSM_COG_10_N67_00_W018_00_DEM"", ""Copernicus_DSM_COG_10_N67_00_W019_00_DEM"", ""Copernicus_DSM_COG_10_N67_00_W020_00_DEM""]",c7c6779c5e75c1a50b77432efbb5b00e0327fc7c29dd09c70210fa4e506dac58,c7c6779c5e75c1a50b77432efbb5b00e0327fc7c29dd09c70210fa4e506dac58,True,True,0.0
rgi7.0|global|south=+066|west=-0019,p01,3788,1582,"(30.0, 0.0, -23730.0, 0.0, -30.0, 56865.0, 0.0, 0.0, 1.0)","PROJCRS[""unknown"",BASEGEOGCRS[""unknown"",DATUM[""World Geodetic System 1984"",ELLIPSOID[""WGS 84"",6378137,298.257223563,LENGTHUNIT[""metre"",1]],ID[""EPSG"",6326]],PRIMEM[""Greenwich"",0,ANGLEUNIT[""degree"",0.0174532925199433],ID[""EPSG"",8901]]],CONVERSION[""unknown"",METHOD[""Lambert Azimuthal Equal Area"",ID[""EPSG"",9820]],PARAMETER[""Latitude of natural origin"",66.5,ANGLEUNIT[""degree"",0.0174532925199433],ID[""EPSG"",8801]],PARAMETER[""Longitude of natural origin"",-18.5,ANGLEUNIT[""degree"",0.0174532925199433],ID[""EPSG"",8802]],PARAMETER[""False easting"",0,LENGTHUNIT[""metre"",1],ID[""EPSG"",8806]],PARAMETER[""False northing"",0,LENGTHUNIT[""metre"",1],ID[""EPSG"",8807]]],CS[Cartesian,2],AXIS[""(E)"",east,ORDER[1],LENGTHUNIT[""metre"",1,ID[""EPSG"",9001]]],AXIS[""(N)"",north,ORDER[2],LENGTHUNIT[""metre"",1,ID[""EPSG"",9001]]]]",True,6,"[""Copernicus_DSM_COG_10_N67_00_W018_00_DEM"", ""Copernicus_DSM_COG_10_N67_00_W019_00_DEM"", ""Copernicus_DSM_COG_10_N67_00_W020_00_DEM""]",b3f176fd717035c41c7da7bd6c4d4f8da6bcecde91533fea4c4a278e346d2e0b,b3f176fd717035c41c7da7bd6c4d4f8da6bcecde91533fea4c4a278e346d2e0b,True,True,0.0
rgi7.0|global|south=+066|west=-0019,p11,3788,1581,"(30.0, 0.0, -23715.0, 0.0, -30.0, 56865.0, 0.0, 0.0, 1.0)","PROJCRS[""unknown"",BASEGEOGCRS[""unknown"",DATUM[""World Geodetic System 1984"",ELLIPSOID[""WGS 84"",6378137,298.257223563,LENGTHUNIT[""metre"",1]],ID[""EPSG"",6326]],PRIMEM[""Greenwich"",0,ANGLEUNIT[""degree"",0.0174532925199433],ID[""EPSG"",8901]]],CONVERSION[""unknown"",METHOD[""Lambert Azimuthal Equal Area"",ID[""EPSG"",9820]],PARAMETER[""Latitude of natural origin"",66.5,ANGLEUNIT[""degree"",0.0174532925199433],ID[""EPSG"",8801]],PARAMETER[""Longitude of natural origin"",-18.5,ANGLEUNIT[""degree"",0.0174532925199433],ID[""EPSG"",8802]],PARAMETER[""False easting"",0,LENGTHUNIT[""metre"",1],ID[""EPSG"",8806]],PARAMETER[""False northing"",0,LENGTHUNIT[""metre"",1],ID[""EPSG"",8807]]],CS[Cartesian,2],AXIS[""(E)"",east,ORDER[1],LENGTHUNIT[""metre"",1,ID[""EPSG"",9001]]],AXIS[""(N)"",north,ORDER[2],LENGTHUNIT[""metre"",1,ID[""EPSG"",9001]]]]",True,6,"[""Copernicus_DSM_COG_10_N67_00_W018_00_DEM"", ""Copernicus_DSM_COG_10_N67_00_W019_00_DEM"", ""Copernicus_DSM_COG_10_N67_00_W020_00_DEM""]",d021897cde8d1070d19d54086497bdbb6267a3cdc00b6af9fa7c71b18d33a1e7,d021897cde8d1070d19d54086497bdbb6267a3cdc00b6af9fa7c71b18d33a1e7,True,True,0.0
rgi7.0|global|south=+066|west=-0019,pzi,144,144,"(0.008333333333333333, 0.0, -19.1, 0.0, -0.008333333333333333, 67.1, 0.0, 0.0, 1.0)",EPSG:4326,True,1,[],02f55324566bcf16fcd192223e5e7b4e065f93d88769236f35578f363fa55c36,02f55324566bcf16fcd192223e5e7b4e065f93d88769236f35578f363fa55c36,True,True,0.0
rgi7.0|global|south=+063|west=-0019,p00,3789,1758,"(30.0, 0.0, -26340.0, 0.0, -30.0, 56910.0, 0.0, 0.0, 1.0)","PROJCRS[""unknown"",BASEGEOGCRS[""unknown"",DATUM[""World Geodetic System 1984"",ELLIPSOID[""WGS 84"",6378137,298.257223563,LENGTHUNIT[""metre"",1]],ID[""EPSG"",6326]],PRIMEM[""Greenwich"",0,ANGLEUNIT[""degree"",0.0174532925199433],ID[""EPSG"",8901]]],CONVERSION[""unknown"",METHOD[""Lambert Azimuthal Equal Area"",ID[""EPSG"",9820]],PARAMETER[""Latitude of natural origin"",63.5,ANGLEUNIT[""degree"",0.0174532925199433],ID[""EPSG"",8801]],PARAMETER[""Longitude of natural origin"",-18.5,ANGLEUNIT[""degree"",0.0174532925199433],ID[""EPSG"",8802]],PARAMETER[""False easting"",0,LENGTHUNIT[""metre"",1],ID[""EPSG"",8806]],PARAMETER[""False northing"",0,LENGTHUNIT[""metre"",1],ID[""EPSG"",8807]]],CS[Cartesian,2],AXIS[""(E)"",east,ORDER[1],LENGTHUNIT[""metre"",1,ID[""EPSG"",9001]]],AXIS[""(N)"",north,ORDER[2],LENGTHUNIT[""metre"",1,ID[""EPSG"",9001]]]]",True,6,"[""Copernicus_DSM_COG_10_N62_00_W018_00_DEM"", ""Copernicus_DSM_COG_10_N62_00_W019_00_DEM"", ""Copernicus_DSM_COG_10_N62_00_W020_00_DEM""]",120f22136afde9ec40c4f7569941e7444df4eb3eececae6c0879fdba0a8bcb3b,120f22136afde9ec40c4f7569941e7444df4eb3eececae6c0879fdba0a8bcb3b,True,True,0.0
rgi7.0|global|south=+063|west=-0019,p10,3787,1757,"(30.0, 0.0, -26355.0, 0.0, -30.0, 56850.0, 0.0, 0.0, 1.0)","PROJCRS[""unknown"",BASEGEOGCRS[""unknown"",DATUM[""World Geodetic System 1984"",ELLIPSOID[""WGS 84"",6378137,298.257223563,LENGTHUNIT[""metre"",1]],ID[""EPSG"",6326]],PRIMEM[""Greenwich"",0,ANGLEUNIT[""degree"",0.0174532925199433],ID[""EPSG"",8901]]],CONVERSION[""unknown"",METHOD[""Lambert Azimuthal Equal Area"",ID[""EPSG"",9820]],PARAMETER[""Latitude of natural origin"",63.5,ANGLEUNIT[""degree"",0.0174532925199433],ID[""EPSG"",8801]],PARAMETER[""Longitude of natural origin"",-18.5,ANGLEUNIT[""degree"",0.0174532925199433],ID[""EPSG"",8802]],PARAMETER[""False easting"",0,LENGTHUNIT[""metre"",1],ID[""EPSG"",8806]],PARAMETER[""False northing"",0,LENGTHUNIT[""metre"",1],ID[""EPSG"",8807]]],CS[Cartesian,2],AXIS[""(E)"",east,ORDER[1],LENGTHUNIT[""metre"",1,ID[""EPSG"",9001]]],AXIS[""(N)"",north,ORDER[2],LENGTHUNIT[""metre"",1,ID[""EPSG"",9001]]]]",True,6,"[""Copernicus_DSM_COG_10_N62_00_W018_00_DEM"", ""Copernicus_DSM_COG_10_N62_00_W019_00_DEM"", ""Copernicus_DSM_COG_10_N62_00_W020_00_DEM""]",93c47aa406f5583da4c440e0042abb9ef9c4c1618aa696513651c6277a1bc8f6,93c47aa406f5583da4c440e0042abb9ef9c4c1618aa696513651c6277a1bc8f6,True,True,0.0
rgi7.0|global|south=+063|west=-0019,p01,3786,1756,"(30.0, 0.0, -26340.0, 0.0, -30.0, 56835.0, 0.0, 0.0, 1.0)","PROJCRS[""unknown"",BASEGEOGCRS[""unknown"",DATUM[""World Geodetic System 1984"",ELLIPSOID[""WGS 84"",6378137,298.257223563,LENGTHUNIT[""metre"",1]],ID[""EPSG"",6326]],PRIMEM[""Greenwich"",0,ANGLEUNIT[""degree"",0.0174532925199433],ID[""EPSG"",8901]]],CONVERSION[""unknown"",METHOD[""Lambert Azimuthal Equal Area"",ID[""EPSG"",9820]],PARAMETER[""Latitude of natural origin"",63.5,ANGLEUNIT[""degree"",0.0174532925199433],ID[""EPSG"",8801]],PARAMETER[""Longitude of natural origin"",-18.5,ANGLEUNIT[""degree"",0.0174532925199433],ID[""EPSG"",8802]],PARAMETER[""False easting"",0,LENGTHUNIT[""metre"",1],ID[""EPSG"",8806]],PARAMETER[""False northing"",0,LENGTHUNIT[""metre"",1],ID[""EPSG"",8807]]],CS[Cartesian,2],AXIS[""(E)"",east,ORDER[1],LENGTHUNIT[""metre"",1,ID[""EPSG"",9001]]],AXIS[""(N)"",north,ORDER[2],LENGTHUNIT[""metre"",1,ID[""EPSG"",9001]]]]",True,6,"[""Copernicus_DSM_COG_10_N62_00_W018_00_DEM"", ""Copernicus_DSM_COG_10_N62_00_W019_00_DEM"", ""Copernicus_DSM_COG_10_N62_00_W020_00_DEM""]",ec00fec28a39f8bbca38a8c30164563fe80e4c85630bb18b53f43b8bb03d32d8,ec00fec28a39f8bbca38a8c30164563fe80e4c85630bb18b53f43b8bb03d32d8,True,True,0.0
rgi7.0|global|south=+063|west=-0019,p11,3786,1757,"(30.0, 0.0, -26355.0, 0.0, -30.0, 56835.0, 0.0, 0.0, 1.0)","PROJCRS[""unknown"",BASEGEOGCRS[""unknown"",DATUM[""World Geodetic System 1984"",ELLIPSOID[""WGS 84"",6378137,298.257223563,LENGTHUNIT[""metre"",1]],ID[""EPSG"",6326]],PRIMEM[""Greenwich"",0,ANGLEUNIT[""degree"",0.0174532925199433],ID[""EPSG"",8901]]],CONVERSION[""unknown"",METHOD[""Lambert Azimuthal Equal Area"",ID[""EPSG"",9820]],PARAMETER[""Latitude of natural origin"",63.5,ANGLEUNIT[""degree"",0.0174532925199433],ID[""EPSG"",8801]],PARAMETER[""Longitude of natural origin"",-18.5,ANGLEUNIT[""degree"",0.0174532925199433],ID[""EPSG"",8802]],PARAMETER[""False easting"",0,LENGTHUNIT[""metre"",1],ID[""EPSG"",8806]],PARAMETER[""False northing"",0,LENGTHUNIT[""metre"",1],ID[""EPSG"",8807]]],CS[Cartesian,2],AXIS[""(E)"",east,ORDER[1],LENGTHUNIT[""metre"",1,ID[""EPSG"",9001]]],AXIS[""(N)"",north,ORDER[2],LENGTHUNIT[""metre"",1,ID[""EPSG"",9001]]]]",True,6,"[""Copernicus_DSM_COG_10_N62_00_W018_00_DEM"", ""Copernicus_DSM_COG_10_N62_00_W019_00_DEM"", ""Copernicus_DSM_COG_10_N62_00_W020_00_DEM""]",08427050853655f6ed9dadecd7e95624cafd4d52621901beaa7f187831051d6b,08427050853655f6ed9dadecd7e95624cafd4d52621901beaa7f187831051d6b,True,True,0.0
rgi7.0|global|south=+063|west=-0019,pzi,144,144,"(0.008333333333333333, 0.0, -19.1, 0.0, -0.008333333333333333, 64.1, 0.0, 0.0, 1.0)",EPSG:4326,True,1,[],904df8e17b57c57794bc71485ebb2f86bdf3e6377b387614a44e1c8ed884db1a,904df8e17b57c57794bc71485ebb2f86bdf3e6377b387614a44e1c8ed884db1a,True,True,0.0
rgi7.0|global|south=+063|west=-0017,p00,3789,1758,"(30.0, 0.0, -26340.0, 0.0, -30.0, 56910.0, 0.0, 0.0, 1.0)","PROJCRS[""unknown"",BASEGEOGCRS[""unknown"",DATUM[""World Geodetic System 1984"",ELLIPSOID[""WGS 84"",6378137,298.257223563,LENGTHUNIT[""metre"",1]],ID[""EPSG"",6326]],PRIMEM[""Greenwich"",0,ANGLEUNIT[""degree"",0.0174532925199433],ID[""EPSG"",8901]]],CONVERSION[""unknown"",METHOD[""Lambert Azimuthal Equal Area"",ID[""EPSG"",9820]],PARAMETER[""Latitude of natural origin"",63.5,ANGLEUNIT[""degree"",0.0174532925199433],ID[""EPSG"",8801]],PARAMETER[""Longitude of natural origin"",-16.5,ANGLEUNIT[""degree"",0.0174532925199433],ID[""EPSG"",8802]],PARAMETER[""False easting"",0,LENGTHUNIT[""metre"",1],ID[""EPSG"",8806]],PARAMETER[""False northing"",0,LENGTHUNIT[""metre"",1],ID[""EPSG"",8807]]],CS[Cartesian,2],AXIS[""(E)"",east,ORDER[1],LENGTHUNIT[""metre"",1,ID[""EPSG"",9001]]],AXIS[""(N)"",north,ORDER[2],LENGTHUNIT[""metre"",1,ID[""EPSG"",9001]]]]",True,5,"[""Copernicus_DSM_COG_10_N62_00_W016_00_DEM"", ""Copernicus_DSM_COG_10_N62_00_W017_00_DEM"", ""Copernicus_DSM_COG_10_N62_00_W018_00_DEM"", ""Copernicus_DSM_COG_10_N63_00_W016_00_DEM""]",66ac7ebaea6af6b1959864f4f2d0321e4f9ebf020291492eb28d5b5761e20f1e,66ac7ebaea6af6b1959864f4f2d0321e4f9ebf020291492eb28d5b5761e20f1e,True,True,0.0
rgi7.0|global|south=+063|west=-0017,p10,3787,1757,"(30.0, 0.0, -26355.0, 0.0, -30.0, 56850.0, 0.0, 0.0, 1.0)","PROJCRS[""unknown"",BASEGEOGCRS[""unknown"",DATUM[""World Geodetic System 1984"",ELLIPSOID[""WGS 84"",6378137,298.257223563,LENGTHUNIT[""metre"",1]],ID[""EPSG"",6326]],PRIMEM[""Greenwich"",0,ANGLEUNIT[""degree"",0.0174532925199433],ID[""EPSG"",8901]]],CONVERSION[""unknown"",METHOD[""Lambert Azimuthal Equal Area"",ID[""EPSG"",9820]],PARAMETER[""Latitude of natural origin"",63.5,ANGLEUNIT[""degree"",0.0174532925199433],ID[""EPSG"",8801]],PARAMETER[""Longitude of natural origin"",-16.5,ANGLEUNIT[""degree"",0.0174532925199433],ID[""EPSG"",8802]],PARAMETER[""False easting"",0,LENGTHUNIT[""metre"",1],ID[""EPSG"",8806]],PARAMETER[""False northing"",0,LENGTHUNIT[""metre"",1],ID[""EPSG"",8807]]],CS[Cartesian,2],AXIS[""(E)"",east,ORDER[1],LENGTHUNIT[""metre"",1,ID[""EPSG"",9001]]],AXIS[""(N)"",north,ORDER[2],LENGTHUNIT[""metre"",1,ID[""EPSG"",9001]]]]",True,5,"[""Copernicus_DSM_COG_10_N62_00_W016_00_DEM"", ""Copernicus_DSM_COG_10_N62_00_W017_00_DEM"", ""Copernicus_DSM_COG_10_N62_00_W018_00_DEM"", ""Copernicus_DSM_COG_10_N63_00_W016_00_DEM""]",cb1a1e04ebae14d1acd8fc5c8b134918de4d6851f8ff18ab0ddc0984744d744f,cb1a1e04ebae14d1acd8fc5c8b134918de4d6851f8ff18ab0ddc0984744d744f,True,True,0.0
rgi7.0|global|south=+063|west=-0017,p01,3786,1756,"(30.0, 0.0, -26340.0, 0.0, -30.0, 56835.0, 0.0, 0.0, 1.0)","PROJCRS[""unknown"",BASEGEOGCRS[""unknown"",DATUM[""World Geodetic System 1984"",ELLIPSOID[""WGS 84"",6378137,298.257223563,LENGTHUNIT[""metre"",1]],ID[""EPSG"",6326]],PRIMEM[""Greenwich"",0,ANGLEUNIT[""degree"",0.0174532925199433],ID[""EPSG"",8901]]],CONVERSION[""unknown"",METHOD[""Lambert Azimuthal Equal Area"",ID[""EPSG"",9820]],PARAMETER[""Latitude of natural origin"",63.5,ANGLEUNIT[""degree"",0.0174532925199433],ID[""EPSG"",8801]],PARAMETER[""Longitude of natural origin"",-16.5,ANGLEUNIT[""degree"",0.0174532925199433],ID[""EPSG"",8802]],PARAMETER[""False easting"",0,LENGTHUNIT[""metre"",1],ID[""EPSG"",8806]],PARAMETER[""False northing"",0,LENGTHUNIT[""metre"",1],ID[""EPSG"",8807]]],CS[Cartesian,2],AXIS[""(E)"",east,ORDER[1],LENGTHUNIT[""metre"",1,ID[""EPSG"",9001]]],AXIS[""(N)"",north,ORDER[2],LENGTHUNIT[""metre"",1,ID[""EPSG"",9001]]]]",True,5,"[""Copernicus_DSM_COG_10_N62_00_W016_00_DEM"", ""Copernicus_DSM_COG_10_N62_00_W017_00_DEM"", ""Copernicus_DSM_COG_10_N62_00_W018_00_DEM"", ""Copernicus_DSM_COG_10_N63_00_W016_00_DEM""]",9df3d3e00e6379f75afc7f3c617e4eff640995fa8bd926cc3a044e1d8370a3fb,9df3d3e00e6379f75afc7f3c617e4eff640995fa8bd926cc3a044e1d8370a3fb,True,True,0.0
rgi7.0|global|south=+063|west=-0017,p11,3786,1757,"(30.0, 0.0, -26355.0, 0.0, -30.0, 56835.0, 0.0, 0.0, 1.0)","PROJCRS[""unknown"",BASEGEOGCRS[""unknown"",DATUM[""World Geodetic System 1984"",ELLIPSOID[""WGS 84"",6378137,298.257223563,LENGTHUNIT[""metre"",1]],ID[""EPSG"",6326]],PRIMEM[""Greenwich"",0,ANGLEUNIT[""degree"",0.0174532925199433],ID[""EPSG"",8901]]],CONVERSION[""unknown"",METHOD[""Lambert Azimuthal Equal Area"",ID[""EPSG"",9820]],PARAMETER[""Latitude of natural origin"",63.5,ANGLEUNIT[""degree"",0.0174532925199433],ID[""EPSG"",8801]],PARAMETER[""Longitude of natural origin"",-16.5,ANGLEUNIT[""degree"",0.0174532925199433],ID[""EPSG"",8802]],PARAMETER[""False easting"",0,LENGTHUNIT[""metre"",1],ID[""EPSG"",8806]],PARAMETER[""False northing"",0,LENGTHUNIT[""metre"",1],ID[""EPSG"",8807]]],CS[Cartesian,2],AXIS[""(E)"",east,ORDER[1],LENGTHUNIT[""metre"",1,ID[""EPSG"",9001]]],AXIS[""(N)"",north,ORDER[2],LENGTHUNIT[""metre"",1,ID[""EPSG"",9001]]]]",True,5,"[""Copernicus_DSM_COG_10_N62_00_W016_00_DEM"", ""Copernicus_DSM_COG_10_N62_00_W017_00_DEM"", ""Copernicus_DSM_COG_10_N62_00_W018_00_DEM"", ""Copernicus_DSM_COG_10_N63_00_W016_00_DEM""]",b971f4f6c11b587dad53be02aa244d03c1e2e58ec47703a7214e65c53010c956,b971f4f6c11b587dad53be02aa244d03c1e2e58ec47703a7214e65c53010c956,True,True,0.0
rgi7.0|global|south=+063|west=-0017,pzi,144,144,"(0.008333333333333333, 0.0, -17.1, 0.0, -0.008333333333333333, 64.1, 0.0, 0.0, 1.0)",EPSG:4326,True,1,[],2bbb6a20270808dda9ec7456e1e8fb5964383614b07c89e3d5b57d50b76f4ab2,2bbb6a20270808dda9ec7456e1e8fb5964383614b07c89e3d5b57d50b76f4ab2,True,True,0.0
rgi7.0|global|south=+066|west=-0023,p00,3789,1584,"(30.0, 0.0, -23730.0, 0.0, -30.0, 56910.0, 0.0, 0.0, 1.0)","PROJCRS[""unknown"",BASEGEOGCRS[""unknown"",DATUM[""World Geodetic System 1984"",ELLIPSOID[""WGS 84"",6378137,298.257223563,LENGTHUNIT[""metre"",1]],ID[""EPSG"",6326]],PRIMEM[""Greenwich"",0,ANGLEUNIT[""degree"",0.0174532925199433],ID[""EPSG"",8901]]],CONVERSION[""unknown"",METHOD[""Lambert Azimuthal Equal Area"",ID[""EPSG"",9820]],PARAMETER[""Latitude of natural origin"",66.5,ANGLEUNIT[""degree"",0.0174532925199433],ID[""EPSG"",8801]],PARAMETER[""Longitude of natural origin"",-22.5,ANGLEUNIT[""degree"",0.0174532925199433],ID[""EPSG"",8802]],PARAMETER[""False easting"",0,LENGTHUNIT[""metre"",1],ID[""EPSG"",8806]],PARAMETER[""False northing"",0,LENGTHUNIT[""metre"",1],ID[""EPSG"",8807]]],CS[Cartesian,2],AXIS[""(E)"",east,ORDER[1],LENGTHUNIT[""metre"",1,ID[""EPSG"",9001]]],AXIS[""(N)"",north,ORDER[2],LENGTHUNIT[""metre"",1,ID[""EPSG"",9001]]]]",True,6,"[""Copernicus_DSM_COG_10_N67_00_W022_00_DEM"", ""Copernicus_DSM_COG_10_N67_00_W023_00_DEM"", ""Copernicus_DSM_COG_10_N67_00_W024_00_DEM""]",c1bd0135d7f043416e14a512470aaf0884c18885bb4943e6226bef8e6b223c9f,c1bd0135d7f043416e14a512470aaf0884c18885bb4943e6226bef8e6b223c9f,True,True,0.0
rgi7.0|global|south=+066|west=-0023,p10,3787,1581,"(30.0, 0.0, -23715.0, 0.0, -30.0, 56850.0, 0.0, 0.0, 1.0)","PROJCRS[""unknown"",BASEGEOGCRS[""unknown"",DATUM[""World Geodetic System 1984"",ELLIPSOID[""WGS 84"",6378137,298.257223563,LENGTHUNIT[""metre"",1]],ID[""EPSG"",6326]],PRIMEM[""Greenwich"",0,ANGLEUNIT[""degree"",0.0174532925199433],ID[""EPSG"",8901]]],CONVERSION[""unknown"",METHOD[""Lambert Azimuthal Equal Area"",ID[""EPSG"",9820]],PARAMETER[""Latitude of natural origin"",66.5,ANGLEUNIT[""degree"",0.0174532925199433],ID[""EPSG"",8801]],PARAMETER[""Longitude of natural origin"",-22.5,ANGLEUNIT[""degree"",0.0174532925199433],ID[""EPSG"",8802]],PARAMETER[""False easting"",0,LENGTHUNIT[""metre"",1],ID[""EPSG"",8806]],PARAMETER[""False northing"",0,LENGTHUNIT[""metre"",1],ID[""EPSG"",8807]]],CS[Cartesian,2],AXIS[""(E)"",east,ORDER[1],LENGTHUNIT[""metre"",1,ID[""EPSG"",9001]]],AXIS[""(N)"",north,ORDER[2],LENGTHUNIT[""metre"",1,ID[""EPSG"",9001]]]]",True,6,"[""Copernicus_DSM_COG_10_N67_00_W022_00_DEM"", ""Copernicus_DSM_COG_10_N67_00_W023_00_DEM"", ""Copernicus_DSM_COG_10_N67_00_W024_00_DEM""]",43e19a7c6364cb974cdcd6543ea0425f3e50ea614832ffa707004783f74f0917,43e19a7c6364cb974cdcd6543ea0425f3e50ea614832ffa707004783f74f0917,True,True,0.0
rgi7.0|global|south=+066|west=-0023,p01,3788,1582,"(30.0, 0.0, -23730.0, 0.0, -30.0, 56865.0, 0.0, 0.0, 1.0)","PROJCRS[""unknown"",BASEGEOGCRS[""unknown"",DATUM[""World Geodetic System 1984"",ELLIPSOID[""WGS 84"",6378137,298.257223563,LENGTHUNIT[""metre"",1]],ID[""EPSG"",6326]],PRIMEM[""Greenwich"",0,ANGLEUNIT[""degree"",0.0174532925199433],ID[""EPSG"",8901]]],CONVERSION[""unknown"",METHOD[""Lambert Azimuthal Equal Area"",ID[""EPSG"",9820]],PARAMETER[""Latitude of natural origin"",66.5,ANGLEUNIT[""degree"",0.0174532925199433],ID[""EPSG"",8801]],PARAMETER[""Longitude of natural origin"",-22.5,ANGLEUNIT[""degree"",0.0174532925199433],ID[""EPSG"",8802]],PARAMETER[""False easting"",0,LENGTHUNIT[""metre"",1],ID[""EPSG"",8806]],PARAMETER[""False northing"",0,LENGTHUNIT[""metre"",1],ID[""EPSG"",8807]]],CS[Cartesian,2],AXIS[""(E)"",east,ORDER[1],LENGTHUNIT[""metre"",1,ID[""EPSG"",9001]]],AXIS[""(N)"",north,ORDER[2],LENGTHUNIT[""metre"",1,ID[""EPSG"",9001]]]]",True,6,"[""Copernicus_DSM_COG_10_N67_00_W022_00_DEM"", ""Copernicus_DSM_COG_10_N67_00_W023_00_DEM"", ""Copernicus_DSM_COG_10_N67_00_W024_00_DEM""]",3710165c93e404521bf8ef29c33ceb5282ee97e1327a8b63e636bcfa1f80d2ae,3710165c93e404521bf8ef29c33ceb5282ee97e1327a8b63e636bcfa1f80d2ae,True,True,0.0
rgi7.0|global|south=+066|west=-0023,p11,3788,1581,"(30.0, 0.0, -23715.0, 0.0, -30.0, 56865.0, 0.0, 0.0, 1.0)","PROJCRS[""unknown"",BASEGEOGCRS[""unknown"",DATUM[""World Geodetic System 1984"",ELLIPSOID[""WGS 84"",6378137,298.257223563,LENGTHUNIT[""metre"",1]],ID[""EPSG"",6326]],PRIMEM[""Greenwich"",0,ANGLEUNIT[""degree"",0.0174532925199433],ID[""EPSG"",8901]]],CONVERSION[""unknown"",METHOD[""Lambert Azimuthal Equal Area"",ID[""EPSG"",9820]],PARAMETER[""Latitude of natural origin"",66.5,ANGLEUNIT[""degree"",0.0174532925199433],ID[""EPSG"",8801]],PARAMETER[""Longitude of natural origin"",-22.5,ANGLEUNIT[""degree"",0.0174532925199433],ID[""EPSG"",8802]],PARAMETER[""False easting"",0,LENGTHUNIT[""metre"",1],ID[""EPSG"",8806]],PARAMETER[""False northing"",0,LENGTHUNIT[""metre"",1],ID[""EPSG"",8807]]],CS[Cartesian,2],AXIS[""(E)"",east,ORDER[1],LENGTHUNIT[""metre"",1,ID[""EPSG"",9001]]],AXIS[""(N)"",north,ORDER[2],LENGTHUNIT[""metre"",1,ID[""EPSG"",9001]]]]",True,6,"[""Copernicus_DSM_COG_10_N67_00_W022_00_DEM"", ""Copernicus_DSM_COG_10_N67_00_W023_00_DEM"", ""Copernicus_DSM_COG_10_N67_00_W024_00_DEM""]",fe938d07dedaeda197494f05e2659f449cf0a620c8e564f47f5adc5435d21213,fe938d07dedaeda197494f05e2659f449cf0a620c8e564f47f5adc5435d21213,True,True,0.0
rgi7.0|global|south=+066|west=-0023,pzi,144,144,"(0.008333333333333333, 0.0, -23.1, 0.0, -0.008333333333333333, 67.1, 0.0, 0.0, 1.0)",EPSG:4326,True,1,[],d1f3e5a3cbe1272b6e49991e06fad23b509e4c5649fc6fc4d964074f18d37b9e,d1f3e5a3cbe1272b6e49991e06fad23b509e4c5649fc6fc4d964074f18d37b9e,True,True,0.0
rgi7.0|global|south=+078|west=+0012,p00,3792,843,"(30.0, 0.0, -12630.0, 0.0, -30.0, 56910.0, 0.0, 0.0, 1.0)","PROJCRS[""unknown"",BASEGEOGCRS[""unknown"",DATUM[""World Geodetic System 1984"",ELLIPSOID[""WGS 84"",6378137,298.257223563,LENGTHUNIT[""metre"",1]],ID[""EPSG"",6326]],PRIMEM[""Greenwich"",0,ANGLEUNIT[""degree"",0.0174532925199433],ID[""EPSG"",8901]]],CONVERSION[""unknown"",METHOD[""Lambert Azimuthal Equal Area"",ID[""EPSG"",9820]],PARAMETER[""Latitude of natural origin"",78.5,ANGLEUNIT[""degree"",0.0174532925199433],ID[""EPSG"",8801]],PARAMETER[""Longitude of natural origin"",12.5,ANGLEUNIT[""degree"",0.0174532925199433],ID[""EPSG"",8802]],PARAMETER[""False easting"",0,LENGTHUNIT[""metre"",1],ID[""EPSG"",8806]],PARAMETER[""False northing"",0,LENGTHUNIT[""metre"",1],ID[""EPSG"",8807]]],CS[Cartesian,2],AXIS[""(E)"",east,ORDER[1],LENGTHUNIT[""metre"",1,ID[""EPSG"",9001]]],AXIS[""(N)"",north,ORDER[2],LENGTHUNIT[""metre"",1,ID[""EPSG"",9001]]]]",True,8,"[""Copernicus_DSM_COG_10_N77_00_E011_00_DEM""]",cf57f5bac508be82c4a92b6ae69764c8b53980d1ec55817898bb744fb22d8c52,cf57f5bac508be82c4a92b6ae69764c8b53980d1ec55817898bb744fb22d8c52,True,True,0.0
rgi7.0|global|south=+078|west=+0012,p10,3791,841,"(30.0, 0.0, -12615.0, 0.0, -30.0, 56880.0, 0.0, 0.0, 1.0)","PROJCRS[""unknown"",BASEGEOGCRS[""unknown"",DATUM[""World Geodetic System 1984"",ELLIPSOID[""WGS 84"",6378137,298.257223563,LENGTHUNIT[""metre"",1]],ID[""EPSG"",6326]],PRIMEM[""Greenwich"",0,ANGLEUNIT[""degree"",0.0174532925199433],ID[""EPSG"",8901]]],CONVERSION[""unknown"",METHOD[""Lambert Azimuthal Equal Area"",ID[""EPSG"",9820]],PARAMETER[""Latitude of natural origin"",78.5,ANGLEUNIT[""degree"",0.0174532925199433],ID[""EPSG"",8801]],PARAMETER[""Longitude of natural origin"",12.5,ANGLEUNIT[""degree"",0.0174532925199433],ID[""EPSG"",8802]],PARAMETER[""False easting"",0,LENGTHUNIT[""metre"",1],ID[""EPSG"",8806]],PARAMETER[""False northing"",0,LENGTHUNIT[""metre"",1],ID[""EPSG"",8807]]],CS[Cartesian,2],AXIS[""(E)"",east,ORDER[1],LENGTHUNIT[""metre"",1,ID[""EPSG"",9001]]],AXIS[""(N)"",north,ORDER[2],LENGTHUNIT[""metre"",1,ID[""EPSG"",9001]]]]",True,8,"[""Copernicus_DSM_COG_10_N77_00_E011_00_DEM""]",fffd79342cccd1371b8ec8362a6a2cdd3ae6b49ff821c05343d06a28cd948751,fffd79342cccd1371b8ec8362a6a2cdd3ae6b49ff821c05343d06a28cd948751,True,True,0.0
rgi7.0|global|south=+078|west=+0012,p01,3791,842,"(30.0, 0.0, -12630.0, 0.0, -30.0, 56895.0, 0.0, 0.0, 1.0)","PROJCRS[""unknown"",BASEGEOGCRS[""unknown"",DATUM[""World Geodetic System 1984"",ELLIPSOID[""WGS 84"",6378137,298.257223563,LENGTHUNIT[""metre"",1]],ID[""EPSG"",6326]],PRIMEM[""Greenwich"",0,ANGLEUNIT[""degree"",0.0174532925199433],ID[""EPSG"",8901]]],CONVERSION[""unknown"",METHOD[""Lambert Azimuthal Equal Area"",ID[""EPSG"",9820]],PARAMETER[""Latitude of natural origin"",78.5,ANGLEUNIT[""degree"",0.0174532925199433],ID[""EPSG"",8801]],PARAMETER[""Longitude of natural origin"",12.5,ANGLEUNIT[""degree"",0.0174532925199433],ID[""EPSG"",8802]],PARAMETER[""False easting"",0,LENGTHUNIT[""metre"",1],ID[""EPSG"",8806]],PARAMETER[""False northing"",0,LENGTHUNIT[""metre"",1],ID[""EPSG"",8807]]],CS[Cartesian,2],AXIS[""(E)"",east,ORDER[1],LENGTHUNIT[""metre"",1,ID[""EPSG"",9001]]],AXIS[""(N)"",north,ORDER[2],LENGTHUNIT[""metre"",1,ID[""EPSG"",9001]]]]",True,8,"[""Copernicus_DSM_COG_10_N77_00_E011_00_DEM""]",064b4079ad2666a5187112ddf4302fa646b5d7e38fe23c4f47c9a7924bb46bf8,064b4079ad2666a5187112ddf4302fa646b5d7e38fe23c4f47c9a7924bb46bf8,True,True,0.0
rgi7.0|global|south=+078|west=+0012,p11,3791,841,"(30.0, 0.0, -12615.0, 0.0, -30.0, 56895.0, 0.0, 0.0, 1.0)","PROJCRS[""unknown"",BASEGEOGCRS[""unknown"",DATUM[""World Geodetic System 1984"",ELLIPSOID[""WGS 84"",6378137,298.257223563,LENGTHUNIT[""metre"",1]],ID[""EPSG"",6326]],PRIMEM[""Greenwich"",0,ANGLEUNIT[""degree"",0.0174532925199433],ID[""EPSG"",8901]]],CONVERSION[""unknown"",METHOD[""Lambert Azimuthal Equal Area"",ID[""EPSG"",9820]],PARAMETER[""Latitude of natural origin"",78.5,ANGLEUNIT[""degree"",0.0174532925199433],ID[""EPSG"",8801]],PARAMETER[""Longitude of natural origin"",12.5,ANGLEUNIT[""degree"",0.0174532925199433],ID[""EPSG"",8802]],PARAMETER[""False easting"",0,LENGTHUNIT[""metre"",1],ID[""EPSG"",8806]],PARAMETER[""False northing"",0,LENGTHUNIT[""metre"",1],ID[""EPSG"",8807]]],CS[Cartesian,2],AXIS[""(E)"",east,ORDER[1],LENGTHUNIT[""metre"",1,ID[""EPSG"",9001]]],AXIS[""(N)"",north,ORDER[2],LENGTHUNIT[""metre"",1,ID[""EPSG"",9001]]]]",True,8,"[""Copernicus_DSM_COG_10_N77_00_E011_00_DEM""]",60d5a25d55929bd021350ffdd20f675eaebce2deefb3ea014210ac8fa1295143,60d5a25d55929bd021350ffdd20f675eaebce2deefb3ea014210ac8fa1295143,True,True,0.0
rgi7.0|global|south=+078|west=+0012,pzi,144,144,"(0.008333333333333333, 0.0, 11.9, 0.0, -0.008333333333333333, 79.1, 0.0, 0.0, 1.0)",EPSG:4326,True,1,[],3025660aca7f0355e0035aa7ea61120bdbcf6ff63e4d9eed0550a9765ff8165b,3025660aca7f0355e0035aa7ea61120bdbcf6ff63e4d9eed0550a9765ff8165b,True,True,0.0
rgi7.0|global|south=+077|west=+0016,p00,3792,906,"(30.0, 0.0, -13590.0, 0.0, -30.0, 56940.0, 0.0, 0.0, 1.0)","PROJCRS[""unknown"",BASEGEOGCRS[""unknown"",DATUM[""World Geodetic System 1984"",ELLIPSOID[""WGS 84"",6378137,298.257223563,LENGTHUNIT[""metre"",1]],ID[""EPSG"",6326]],PRIMEM[""Greenwich"",0,ANGLEUNIT[""degree"",0.0174532925199433],ID[""EPSG"",8901]]],CONVERSION[""unknown"",METHOD[""Lambert Azimuthal Equal Area"",ID[""EPSG"",9820]],PARAMETER[""Latitude of natural origin"",77.5,ANGLEUNIT[""degree"",0.0174532925199433],ID[""EPSG"",8801]],PARAMETER[""Longitude of natural origin"",16.5,ANGLEUNIT[""degree"",0.0174532925199433],ID[""EPSG"",8802]],PARAMETER[""False easting"",0,LENGTHUNIT[""metre"",1],ID[""EPSG"",8806]],PARAMETER[""False northing"",0,LENGTHUNIT[""metre"",1],ID[""EPSG"",8807]]],CS[Cartesian,2],AXIS[""(E)"",east,ORDER[1],LENGTHUNIT[""metre"",1,ID[""EPSG"",9001]]],AXIS[""(N)"",north,ORDER[2],LENGTHUNIT[""metre"",1,ID[""EPSG"",9001]]]]",True,9,[],36f2d1f9f96dc2ada76db9728ce0c65913c693db74701e9b6b5e83616e8f7009,36f2d1f9f96dc2ada76db9728ce0c65913c693db74701e9b6b5e83616e8f7009,True,True,0.0
rgi7.0|global|south=+077|west=+0016,p10,3790,905,"(30.0, 0.0, -13575.0, 0.0, -30.0, 56880.0, 0.0, 0.0, 1.0)","PROJCRS[""unknown"",BASEGEOGCRS[""unknown"",DATUM[""World Geodetic System 1984"",ELLIPSOID[""WGS 84"",6378137,298.257223563,LENGTHUNIT[""metre"",1]],ID[""EPSG"",6326]],PRIMEM[""Greenwich"",0,ANGLEUNIT[""degree"",0.0174532925199433],ID[""EPSG"",8901]]],CONVERSION[""unknown"",METHOD[""Lambert Azimuthal Equal Area"",ID[""EPSG"",9820]],PARAMETER[""Latitude of natural origin"",77.5,ANGLEUNIT[""degree"",0.0174532925199433],ID[""EPSG"",8801]],PARAMETER[""Longitude of natural origin"",16.5,ANGLEUNIT[""degree"",0.0174532925199433],ID[""EPSG"",8802]],PARAMETER[""False easting"",0,LENGTHUNIT[""metre"",1],ID[""EPSG"",8806]],PARAMETER[""False northing"",0,LENGTHUNIT[""metre"",1],ID[""EPSG"",8807]]],CS[Cartesian,2],AXIS[""(E)"",east,ORDER[1],LENGTHUNIT[""metre"",1,ID[""EPSG"",9001]]],AXIS[""(N)"",north,ORDER[2],LENGTHUNIT[""metre"",1,ID[""EPSG"",9001]]]]",True,9,[],cf2341b5d1d37a7e881012acf209de510faa70cad20e7d21bb65f0b13456abd9,cf2341b5d1d37a7e881012acf209de510faa70cad20e7d21bb65f0b13456abd9,True,True,0.0
rgi7.0|global|south=+077|west=+0016,p01,3791,906,"(30.0, 0.0, -13590.0, 0.0, -30.0, 56895.0, 0.0, 0.0, 1.0)","PROJCRS[""unknown"",BASEGEOGCRS[""unknown"",DATUM[""World Geodetic System 1984"",ELLIPSOID[""WGS 84"",6378137,298.257223563,LENGTHUNIT[""metre"",1]],ID[""EPSG"",6326]],PRIMEM[""Greenwich"",0,ANGLEUNIT[""degree"",0.0174532925199433],ID[""EPSG"",8901]]],CONVERSION[""unknown"",METHOD[""Lambert Azimuthal Equal Area"",ID[""EPSG"",9820]],PARAMETER[""Latitude of natural origin"",77.5,ANGLEUNIT[""degree"",0.0174532925199433],ID[""EPSG"",8801]],PARAMETER[""Longitude of natural origin"",16.5,ANGLEUNIT[""degree"",0.0174532925199433],ID[""EPSG"",8802]],PARAMETER[""False easting"",0,LENGTHUNIT[""metre"",1],ID[""EPSG"",8806]],PARAMETER[""False northing"",0,LENGTHUNIT[""metre"",1],ID[""EPSG"",8807]]],CS[Cartesian,2],AXIS[""(E)"",east,ORDER[1],LENGTHUNIT[""metre"",1,ID[""EPSG"",9001]]],AXIS[""(N)"",north,ORDER[2],LENGTHUNIT[""metre"",1,ID[""EPSG"",9001]]]]",True,9,[],b4617cd0d150c38c9a76560431cd15751574be0c319c9c01fc8479855cddcce7,b4617cd0d150c38c9a76560431cd15751574be0c319c9c01fc8479855cddcce7,True,True,0.0
rgi7.0|global|south=+077|west=+0016,p11,3791,905,"(30.0, 0.0, -13575.0, 0.0, -30.0, 56895.0, 0.0, 0.0, 1.0)","PROJCRS[""unknown"",BASEGEOGCRS[""unknown"",DATUM[""World Geodetic System 1984"",ELLIPSOID[""WGS 84"",6378137,298.257223563,LENGTHUNIT[""metre"",1]],ID[""EPSG"",6326]],PRIMEM[""Greenwich"",0,ANGLEUNIT[""degree"",0.0174532925199433],ID[""EPSG"",8901]]],CONVERSION[""unknown"",METHOD[""Lambert Azimuthal Equal Area"",ID[""EPSG"",9820]],PARAMETER[""Latitude of natural origin"",77.5,ANGLEUNIT[""degree"",0.0174532925199433],ID[""EPSG"",8801]],PARAMETER[""Longitude of natural origin"",16.5,ANGLEUNIT[""degree"",0.0174532925199433],ID[""EPSG"",8802]],PARAMETER[""False easting"",0,LENGTHUNIT[""metre"",1],ID[""EPSG"",8806]],PARAMETER[""False northing"",0,LENGTHUNIT[""metre"",1],ID[""EPSG"",8807]]],CS[Cartesian,2],AXIS[""(E)"",east,ORDER[1],LENGTHUNIT[""metre"",1,ID[""EPSG"",9001]]],AXIS[""(N)"",north,ORDER[2],LENGTHUNIT[""metre"",1,ID[""EPSG"",9001]]]]",True,9,[],5a4af34a0f9ad29bf7689d91a9b9dd2f09c4fb994392db17f4ff10e34e2d5933,5a4af34a0f9ad29bf7689d91a9b9dd2f09c4fb994392db17f4ff10e34e2d5933,True,True,0.0
rgi7.0|global|south=+077|west=+0016,pzi,144,144,"(0.008333333333333333, 0.0, 15.9, 0.0, -0.008333333333333333, 78.1, 0.0, 0.0, 1.0)",EPSG:4326,True,1,[],cfc461c3552b8602d15b9a0b88f75846e42adc2b99277c60c3068cc06e4f4f38,cfc461c3552b8602d15b9a0b88f75846e42adc2b99277c60c3068cc06e4f4f38,True,True,0.0
rgi7.0|global|south=+076|west=+0015,p00,3792,969,"(30.0, 0.0, -14520.0, 0.0, -30.0, 56940.0, 0.0, 0.0, 1.0)","PROJCRS[""unknown"",BASEGEOGCRS[""unknown"",DATUM[""World Geodetic System 1984"",ELLIPSOID[""WGS 84"",6378137,298.257223563,LENGTHUNIT[""metre"",1]],ID[""EPSG"",6326]],PRIMEM[""Greenwich"",0,ANGLEUNIT[""degree"",0.0174532925199433],ID[""EPSG"",8901]]],CONVERSION[""unknown"",METHOD[""Lambert Azimuthal Equal Area"",ID[""EPSG"",9820]],PARAMETER[""Latitude of natural origin"",76.5,ANGLEUNIT[""degree"",0.0174532925199433],ID[""EPSG"",8801]],PARAMETER[""Longitude of natural origin"",15.5,ANGLEUNIT[""degree"",0.0174532925199433],ID[""EPSG"",8802]],PARAMETER[""False easting"",0,LENGTHUNIT[""metre"",1],ID[""EPSG"",8806]],PARAMETER[""False northing"",0,LENGTHUNIT[""metre"",1],ID[""EPSG"",8807]]],CS[Cartesian,2],AXIS[""(E)"",east,ORDER[1],LENGTHUNIT[""metre"",1,ID[""EPSG"",9001]]],AXIS[""(N)"",north,ORDER[2],LENGTHUNIT[""metre"",1,ID[""EPSG"",9001]]]]",True,6,"[""Copernicus_DSM_COG_10_N75_00_E014_00_DEM"", ""Copernicus_DSM_COG_10_N75_00_E015_00_DEM"", ""Copernicus_DSM_COG_10_N75_00_E016_00_DEM""]",e187106a0c0a79057bced524e76010ada9a7b4923970c05b5900b1639ba5ff10,e187106a0c0a79057bced524e76010ada9a7b4923970c05b5900b1639ba5ff10,True,True,0.0
rgi7.0|global|south=+076|west=+0015,p10,3790,969,"(30.0, 0.0, -14535.0, 0.0, -30.0, 56880.0, 0.0, 0.0, 1.0)","PROJCRS[""unknown"",BASEGEOGCRS[""unknown"",DATUM[""World Geodetic System 1984"",ELLIPSOID[""WGS 84"",6378137,298.257223563,LENGTHUNIT[""metre"",1]],ID[""EPSG"",6326]],PRIMEM[""Greenwich"",0,ANGLEUNIT[""degree"",0.0174532925199433],ID[""EPSG"",8901]]],CONVERSION[""unknown"",METHOD[""Lambert Azimuthal Equal Area"",ID[""EPSG"",9820]],PARAMETER[""Latitude of natural origin"",76.5,ANGLEUNIT[""degree"",0.0174532925199433],ID[""EPSG"",8801]],PARAMETER[""Longitude of natural origin"",15.5,ANGLEUNIT[""degree"",0.0174532925199433],ID[""EPSG"",8802]],PARAMETER[""False easting"",0,LENGTHUNIT[""metre"",1],ID[""EPSG"",8806]],PARAMETER[""False northing"",0,LENGTHUNIT[""metre"",1],ID[""EPSG"",8807]]],CS[Cartesian,2],AXIS[""(E)"",east,ORDER[1],LENGTHUNIT[""metre"",1,ID[""EPSG"",9001]]],AXIS[""(N)"",north,ORDER[2],LENGTHUNIT[""metre"",1,ID[""EPSG"",9001]]]]",True,6,"[""Copernicus_DSM_COG_10_N75_00_E014_00_DEM"", ""Copernicus_DSM_COG_10_N75_00_E015_00_DEM"", ""Copernicus_DSM_COG_10_N75_00_E016_00_DEM""]",a921eace429368ced3c2a148bf5d3f342ebc190138a2106a9c2d51cf925db3e8,a921eace429368ced3c2a148bf5d3f342ebc190138a2106a9c2d51cf925db3e8,True,True,0.0
rgi7.0|global|south=+076|west=+0015,p01,3791,968,"(30.0, 0.0, -14520.0, 0.0, -30.0, 56895.0, 0.0, 0.0, 1.0)","PROJCRS[""unknown"",BASEGEOGCRS[""unknown"",DATUM[""World Geodetic System 1984"",ELLIPSOID[""WGS 84"",6378137,298.257223563,LENGTHUNIT[""metre"",1]],ID[""EPSG"",6326]],PRIMEM[""Greenwich"",0,ANGLEUNIT[""degree"",0.0174532925199433],ID[""EPSG"",8901]]],CONVERSION[""unknown"",METHOD[""Lambert Azimuthal Equal Area"",ID[""EPSG"",9820]],PARAMETER[""Latitude of natural origin"",76.5,ANGLEUNIT[""degree"",0.0174532925199433],ID[""EPSG"",8801]],PARAMETER[""Longitude of natural origin"",15.5,ANGLEUNIT[""degree"",0.0174532925199433],ID[""EPSG"",8802]],PARAMETER[""False easting"",0,LENGTHUNIT[""metre"",1],ID[""EPSG"",8806]],PARAMETER[""False northing"",0,LENGTHUNIT[""metre"",1],ID[""EPSG"",8807]]],CS[Cartesian,2],AXIS[""(E)"",east,ORDER[1],LENGTHUNIT[""metre"",1,ID[""EPSG"",9001]]],AXIS[""(N)"",north,ORDER[2],LENGTHUNIT[""metre"",1,ID[""EPSG"",9001]]]]",True,6,"[""Copernicus_DSM_COG_10_N75_00_E014_00_DEM"", ""Copernicus_DSM_COG_10_N75_00_E015_00_DEM"", ""Copernicus_DSM_COG_10_N75_00_E016_00_DEM""]",5a3e6fa5b696127d05ffcdc8dee4b91b19b1473a0a342925d82ed8ee582133b4,5a3e6fa5b696127d05ffcdc8dee4b91b19b1473a0a342925d82ed8ee582133b4,True,True,0.0
rgi7.0|global|south=+076|west=+0015,p11,3791,969,"(30.0, 0.0, -14535.0, 0.0, -30.0, 56895.0, 0.0, 0.0, 1.0)","PROJCRS[""unknown"",BASEGEOGCRS[""unknown"",DATUM[""World Geodetic System 1984"",ELLIPSOID[""WGS 84"",6378137,298.257223563,LENGTHUNIT[""metre"",1]],ID[""EPSG"",6326]],PRIMEM[""Greenwich"",0,ANGLEUNIT[""degree"",0.0174532925199433],ID[""EPSG"",8901]]],CONVERSION[""unknown"",METHOD[""Lambert Azimuthal Equal Area"",ID[""EPSG"",9820]],PARAMETER[""Latitude of natural origin"",76.5,ANGLEUNIT[""degree"",0.0174532925199433],ID[""EPSG"",8801]],PARAMETER[""Longitude of natural origin"",15.5,ANGLEUNIT[""degree"",0.0174532925199433],ID[""EPSG"",8802]],PARAMETER[""False easting"",0,LENGTHUNIT[""metre"",1],ID[""EPSG"",8806]],PARAMETER[""False northing"",0,LENGTHUNIT[""metre"",1],ID[""EPSG"",8807]]],CS[Cartesian,2],AXIS[""(E)"",east,ORDER[1],LENGTHUNIT[""metre"",1,ID[""EPSG"",9001]]],AXIS[""(N)"",north,ORDER[2],LENGTHUNIT[""metre"",1,ID[""EPSG"",9001]]]]",True,6,"[""Copernicus_DSM_COG_10_N75_00_E014_00_DEM"", ""Copernicus_DSM_COG_10_N75_00_E015_00_DEM"", ""Copernicus_DSM_COG_10_N75_00_E016_00_DEM""]",8074c2e115df358e9cb8bf8f04c4d2c9f4f90a6909dd55c8a66de3910c95b3f0,8074c2e115df358e9cb8bf8f04c4d2c9f4f90a6909dd55c8a66de3910c95b3f0,True,True,0.0
rgi7.0|global|south=+076|west=+0015,pzi,144,144,"(0.008333333333333333, 0.0, 14.9, 0.0, -0.008333333333333333, 77.1, 0.0, 0.0, 1.0)",EPSG:4326,True,1,[],69683de3433b3d4287631ae01f4afeb5dcc6a39064e6e25c78cabf7f7a466fa9,69683de3433b3d4287631ae01f4afeb5dcc6a39064e6e25c78cabf7f7a466fa9,True,True,0.0
rgi7.0|global|south=+079|west=+0021,p00,3792,780,"(30.0, 0.0, -11670.0, 0.0, -30.0, 56910.0, 0.0, 0.0, 1.0)","PROJCRS[""unknown"",BASEGEOGCRS[""unknown"",DATUM[""World Geodetic System 1984"",ELLIPSOID[""WGS 84"",6378137,298.257223563,LENGTHUNIT[""metre"",1]],ID[""EPSG"",6326]],PRIMEM[""Greenwich"",0,ANGLEUNIT[""degree"",0.0174532925199433],ID[""EPSG"",8901]]],CONVERSION[""unknown"",METHOD[""Lambert Azimuthal Equal Area"",ID[""EPSG"",9820]],PARAMETER[""Latitude of natural origin"",79.5,ANGLEUNIT[""degree"",0.0174532925199433],ID[""EPSG"",8801]],PARAMETER[""Longitude of natural origin"",21.5,ANGLEUNIT[""degree"",0.0174532925199433],ID[""EPSG"",8802]],PARAMETER[""False easting"",0,LENGTHUNIT[""metre"",1],ID[""EPSG"",8806]],PARAMETER[""False northing"",0,LENGTHUNIT[""metre"",1],ID[""EPSG"",8807]]],CS[Cartesian,2],AXIS[""(E)"",east,ORDER[1],LENGTHUNIT[""metre"",1,ID[""EPSG"",9001]]],AXIS[""(N)"",north,ORDER[2],LENGTHUNIT[""metre"",1,ID[""EPSG"",9001]]]]",True,9,[],f91eba5a8aff1c703d46c7b03ebe7309b22e984077ae851a6930510be0781389,f91eba5a8aff1c703d46c7b03ebe7309b22e984077ae851a6930510be0781389,True,True,0.0
rgi7.0|global|south=+079|west=+0021,p10,3791,777,"(30.0, 0.0, -11655.0, 0.0, -30.0, 56880.0, 0.0, 0.0, 1.0)","PROJCRS[""unknown"",BASEGEOGCRS[""unknown"",DATUM[""World Geodetic System 1984"",ELLIPSOID[""WGS 84"",6378137,298.257223563,LENGTHUNIT[""metre"",1]],ID[""EPSG"",6326]],PRIMEM[""Greenwich"",0,ANGLEUNIT[""degree"",0.0174532925199433],ID[""EPSG"",8901]]],CONVERSION[""unknown"",METHOD[""Lambert Azimuthal Equal Area"",ID[""EPSG"",9820]],PARAMETER[""Latitude of natural origin"",79.5,ANGLEUNIT[""degree"",0.0174532925199433],ID[""EPSG"",8801]],PARAMETER[""Longitude of natural origin"",21.5,ANGLEUNIT[""degree"",0.0174532925199433],ID[""EPSG"",8802]],PARAMETER[""False easting"",0,LENGTHUNIT[""metre"",1],ID[""EPSG"",8806]],PARAMETER[""False northing"",0,LENGTHUNIT[""metre"",1],ID[""EPSG"",8807]]],CS[Cartesian,2],AXIS[""(E)"",east,ORDER[1],LENGTHUNIT[""metre"",1,ID[""EPSG"",9001]]],AXIS[""(N)"",north,ORDER[2],LENGTHUNIT[""metre"",1,ID[""EPSG"",9001]]]]",True,9,[],8356af3b448b084f97cf2d0edb2188616f3e0978bd081ec4dfe5b4c267d62ac3,8356af3b448b084f97cf2d0edb2188616f3e0978bd081ec4dfe5b4c267d62ac3,True,True,0.0
rgi7.0|global|south=+079|west=+0021,p01,3791,778,"(30.0, 0.0, -11670.0, 0.0, -30.0, 56895.0, 0.0, 0.0, 1.0)","PROJCRS[""unknown"",BASEGEOGCRS[""unknown"",DATUM[""World Geodetic System 1984"",ELLIPSOID[""WGS 84"",6378137,298.257223563,LENGTHUNIT[""metre"",1]],ID[""EPSG"",6326]],PRIMEM[""Greenwich"",0,ANGLEUNIT[""degree"",0.0174532925199433],ID[""EPSG"",8901]]],CONVERSION[""unknown"",METHOD[""Lambert Azimuthal Equal Area"",ID[""EPSG"",9820]],PARAMETER[""Latitude of natural origin"",79.5,ANGLEUNIT[""degree"",0.0174532925199433],ID[""EPSG"",8801]],PARAMETER[""Longitude of natural origin"",21.5,ANGLEUNIT[""degree"",0.0174532925199433],ID[""EPSG"",8802]],PARAMETER[""False easting"",0,LENGTHUNIT[""metre"",1],ID[""EPSG"",8806]],PARAMETER[""False northing"",0,LENGTHUNIT[""metre"",1],ID[""EPSG"",8807]]],CS[Cartesian,2],AXIS[""(E)"",east,ORDER[1],LENGTHUNIT[""metre"",1,ID[""EPSG"",9001]]],AXIS[""(N)"",north,ORDER[2],LENGTHUNIT[""metre"",1,ID[""EPSG"",9001]]]]",True,9,[],647821a400e7dd01e538f5eaf5feaf5a521f45bd66fd883113dd2bc75993b067,647821a400e7dd01e538f5eaf5feaf5a521f45bd66fd883113dd2bc75993b067,True,True,0.0
rgi7.0|global|south=+079|west=+0021,p11,3791,777,"(30.0, 0.0, -11655.0, 0.0, -30.0, 56895.0, 0.0, 0.0, 1.0)","PROJCRS[""unknown"",BASEGEOGCRS[""unknown"",DATUM[""World Geodetic System 1984"",ELLIPSOID[""WGS 84"",6378137,298.257223563,LENGTHUNIT[""metre"",1]],ID[""EPSG"",6326]],PRIMEM[""Greenwich"",0,ANGLEUNIT[""degree"",0.0174532925199433],ID[""EPSG"",8901]]],CONVERSION[""unknown"",METHOD[""Lambert Azimuthal Equal Area"",ID[""EPSG"",9820]],PARAMETER[""Latitude of natural origin"",79.5,ANGLEUNIT[""degree"",0.0174532925199433],ID[""EPSG"",8801]],PARAMETER[""Longitude of natural origin"",21.5,ANGLEUNIT[""degree"",0.0174532925199433],ID[""EPSG"",8802]],PARAMETER[""False easting"",0,LENGTHUNIT[""metre"",1],ID[""EPSG"",8806]],PARAMETER[""False northing"",0,LENGTHUNIT[""metre"",1],ID[""EPSG"",8807]]],CS[Cartesian,2],AXIS[""(E)"",east,ORDER[1],LENGTHUNIT[""metre"",1,ID[""EPSG"",9001]]],AXIS[""(N)"",north,ORDER[2],LENGTHUNIT[""metre"",1,ID[""EPSG"",9001]]]]",True,9,[],e135cc572a0a6645234eefe02185fe8ed206a7069e5f877d945544aabccf693b,e135cc572a0a6645234eefe02185fe8ed206a7069e5f877d945544aabccf693b,True,True,0.0
rgi7.0|global|south=+079|west=+0021,pzi,144,144,"(0.008333333333333333, 0.0, 20.9, 0.0, -0.008333333333333333, 80.1, 0.0, 0.0, 1.0)",EPSG:4326,True,1,[],016fa35dab953cecc33e440a7282894dec44a9902d8611c2e4be629469b42317,016fa35dab953cecc33e440a7282894dec44a9902d8611c2e4be629469b42317,True,True,0.0
rgi7.0|global|south=+068|west=+0016,p00,3789,1464,"(30.0, 0.0, -21930.0, 0.0, -30.0, 56880.0, 0.0, 0.0, 1.0)","PROJCRS[""unknown"",BASEGEOGCRS[""unknown"",DATUM[""World Geodetic System 1984"",ELLIPSOID[""WGS 84"",6378137,298.257223563,LENGTHUNIT[""metre"",1]],ID[""EPSG"",6326]],PRIMEM[""Greenwich"",0,ANGLEUNIT[""degree"",0.0174532925199433],ID[""EPSG"",8901]]],CONVERSION[""unknown"",METHOD[""Lambert Azimuthal Equal Area"",ID[""EPSG"",9820]],PARAMETER[""Latitude of natural origin"",68.5,ANGLEUNIT[""degree"",0.0174532925199433],ID[""EPSG"",8801]],PARAMETER[""Longitude of natural origin"",16.5,ANGLEUNIT[""degree"",0.0174532925199433],ID[""EPSG"",8802]],PARAMETER[""False easting"",0,LENGTHUNIT[""metre"",1],ID[""EPSG"",8806]],PARAMETER[""False northing"",0,LENGTHUNIT[""metre"",1],ID[""EPSG"",8807]]],CS[Cartesian,2],AXIS[""(E)"",east,ORDER[1],LENGTHUNIT[""metre"",1,ID[""EPSG"",9001]]],AXIS[""(N)"",north,ORDER[2],LENGTHUNIT[""metre"",1,ID[""EPSG"",9001]]]]",True,9,[],e3a0749765cfb9328fa62b021faad1cdfc877d7a111bd23134d2864de374eb76,e3a0749765cfb9328fa62b021faad1cdfc877d7a111bd23134d2864de374eb76,True,True,0.0
rgi7.0|global|south=+068|west=+0016,p10,3789,1461,"(30.0, 0.0, -21915.0, 0.0, -30.0, 56880.0, 0.0, 0.0, 1.0)","PROJCRS[""unknown"",BASEGEOGCRS[""unknown"",DATUM[""World Geodetic System 1984"",ELLIPSOID[""WGS 84"",6378137,298.257223563,LENGTHUNIT[""metre"",1]],ID[""EPSG"",6326]],PRIMEM[""Greenwich"",0,ANGLEUNIT[""degree"",0.0174532925199433],ID[""EPSG"",8901]]],CONVERSION[""unknown"",METHOD[""Lambert Azimuthal Equal Area"",ID[""EPSG"",9820]],PARAMETER[""Latitude of natural origin"",68.5,ANGLEUNIT[""degree"",0.0174532925199433],ID[""EPSG"",8801]],PARAMETER[""Longitude of natural origin"",16.5,ANGLEUNIT[""degree"",0.0174532925199433],ID[""EPSG"",8802]],PARAMETER[""False easting"",0,LENGTHUNIT[""metre"",1],ID[""EPSG"",8806]],PARAMETER[""False northing"",0,LENGTHUNIT[""metre"",1],ID[""EPSG"",8807]]],CS[Cartesian,2],AXIS[""(E)"",east,ORDER[1],LENGTHUNIT[""metre"",1,ID[""EPSG"",9001]]],AXIS[""(N)"",north,ORDER[2],LENGTHUNIT[""metre"",1,ID[""EPSG"",9001]]]]",True,9,[],3f197613ba85d41fd366316af892b23ee64e0130807e75f8096d69eb467862d1,3f197613ba85d41fd366316af892b23ee64e0130807e75f8096d69eb467862d1,True,True,0.0
rgi7.0|global|south=+068|west=+0016,p01,3788,1462,"(30.0, 0.0, -21930.0, 0.0, -30.0, 56865.0, 0.0, 0.0, 1.0)","PROJCRS[""unknown"",BASEGEOGCRS[""unknown"",DATUM[""World Geodetic System 1984"",ELLIPSOID[""WGS 84"",6378137,298.257223563,LENGTHUNIT[""metre"",1]],ID[""EPSG"",6326]],PRIMEM[""Greenwich"",0,ANGLEUNIT[""degree"",0.0174532925199433],ID[""EPSG"",8901]]],CONVERSION[""unknown"",METHOD[""Lambert Azimuthal Equal Area"",ID[""EPSG"",9820]],PARAMETER[""Latitude of natural origin"",68.5,ANGLEUNIT[""degree"",0.0174532925199433],ID[""EPSG"",8801]],PARAMETER[""Longitude of natural origin"",16.5,ANGLEUNIT[""degree"",0.0174532925199433],ID[""EPSG"",8802]],PARAMETER[""False easting"",0,LENGTHUNIT[""metre"",1],ID[""EPSG"",8806]],PARAMETER[""False northing"",0,LENGTHUNIT[""metre"",1],ID[""EPSG"",8807]]],CS[Cartesian,2],AXIS[""(E)"",east,ORDER[1],LENGTHUNIT[""metre"",1,ID[""EPSG"",9001]]],AXIS[""(N)"",north,ORDER[2],LENGTHUNIT[""metre"",1,ID[""EPSG"",9001]]]]",True,9,[],495e8a667156f7b9b86b913454b2e9e2666b1d2e83a266fff2e25bf8c16e9028,495e8a667156f7b9b86b913454b2e9e2666b1d2e83a266fff2e25bf8c16e9028,True,True,0.0
rgi7.0|global|south=+068|west=+0016,p11,3788,1461,"(30.0, 0.0, -21915.0, 0.0, -30.0, 56865.0, 0.0, 0.0, 1.0)","PROJCRS[""unknown"",BASEGEOGCRS[""unknown"",DATUM[""World Geodetic System 1984"",ELLIPSOID[""WGS 84"",6378137,298.257223563,LENGTHUNIT[""metre"",1]],ID[""EPSG"",6326]],PRIMEM[""Greenwich"",0,ANGLEUNIT[""degree"",0.0174532925199433],ID[""EPSG"",8901]]],CONVERSION[""unknown"",METHOD[""Lambert Azimuthal Equal Area"",ID[""EPSG"",9820]],PARAMETER[""Latitude of natural origin"",68.5,ANGLEUNIT[""degree"",0.0174532925199433],ID[""EPSG"",8801]],PARAMETER[""Longitude of natural origin"",16.5,ANGLEUNIT[""degree"",0.0174532925199433],ID[""EPSG"",8802]],PARAMETER[""False easting"",0,LENGTHUNIT[""metre"",1],ID[""EPSG"",8806]],PARAMETER[""False northing"",0,LENGTHUNIT[""metre"",1],ID[""EPSG"",8807]]],CS[Cartesian,2],AXIS[""(E)"",east,ORDER[1],LENGTHUNIT[""metre"",1,ID[""EPSG"",9001]]],AXIS[""(N)"",north,ORDER[2],LENGTHUNIT[""metre"",1,ID[""EPSG"",9001]]]]",True,9,[],a1c8e2197ff410710a147b98e1005d9104bd7d010fac4cc484c727442f3686a6,a1c8e2197ff410710a147b98e1005d9104bd7d010fac4cc484c727442f3686a6,True,True,0.0
rgi7.0|global|south=+068|west=+0016,pzi,144,144,"(0.008333333333333333, 0.0, 15.9, 0.0, -0.008333333333333333, 69.1, 0.0, 0.0, 1.0)",EPSG:4326,True,1,[],f215a3b60b476e599a0420bcaeabe9bfaea5763aa2ec098854a813f13f342d31,f215a3b60b476e599a0420bcaeabe9bfaea5763aa2ec098854a813f13f342d31,True,True,0.0
rgi7.0|global|south=+061|west=+0006,p00,3786,1872,"(30.0, 0.0, -28080.0, 0.0, -30.0, 56850.0, 0.0, 0.0, 1.0)","PROJCRS[""unknown"",BASEGEOGCRS[""unknown"",DATUM[""World Geodetic System 1984"",ELLIPSOID[""WGS 84"",6378137,298.257223563,LENGTHUNIT[""metre"",1]],ID[""EPSG"",6326]],PRIMEM[""Greenwich"",0,ANGLEUNIT[""degree"",0.0174532925199433],ID[""EPSG"",8901]]],CONVERSION[""unknown"",METHOD[""Lambert Azimuthal Equal Area"",ID[""EPSG"",9820]],PARAMETER[""Latitude of natural origin"",61.5,ANGLEUNIT[""degree"",0.0174532925199433],ID[""EPSG"",8801]],PARAMETER[""Longitude of natural origin"",6.5,ANGLEUNIT[""degree"",0.0174532925199433],ID[""EPSG"",8802]],PARAMETER[""False easting"",0,LENGTHUNIT[""metre"",1],ID[""EPSG"",8806]],PARAMETER[""False northing"",0,LENGTHUNIT[""metre"",1],ID[""EPSG"",8807]]],CS[Cartesian,2],AXIS[""(E)"",east,ORDER[1],LENGTHUNIT[""metre"",1,ID[""EPSG"",9001]]],AXIS[""(N)"",north,ORDER[2],LENGTHUNIT[""metre"",1,ID[""EPSG"",9001]]]]",True,9,[],3767eda32d50d823379200332676ba54ae5c616ec2712c57138de92444a7f752,3767eda32d50d823379200332676ba54ae5c616ec2712c57138de92444a7f752,True,True,0.0
rgi7.0|global|south=+061|west=+0006,p10,3786,1871,"(30.0, 0.0, -28065.0, 0.0, -30.0, 56850.0, 0.0, 0.0, 1.0)","PROJCRS[""unknown"",BASEGEOGCRS[""unknown"",DATUM[""World Geodetic System 1984"",ELLIPSOID[""WGS 84"",6378137,298.257223563,LENGTHUNIT[""metre"",1]],ID[""EPSG"",6326]],PRIMEM[""Greenwich"",0,ANGLEUNIT[""degree"",0.0174532925199433],ID[""EPSG"",8901]]],CONVERSION[""unknown"",METHOD[""Lambert Azimuthal Equal Area"",ID[""EPSG"",9820]],PARAMETER[""Latitude of natural origin"",61.5,ANGLEUNIT[""degree"",0.0174532925199433],ID[""EPSG"",8801]],PARAMETER[""Longitude of natural origin"",6.5,ANGLEUNIT[""degree"",0.0174532925199433],ID[""EPSG"",8802]],PARAMETER[""False easting"",0,LENGTHUNIT[""metre"",1],ID[""EPSG"",8806]],PARAMETER[""False northing"",0,LENGTHUNIT[""metre"",1],ID[""EPSG"",8807]]],CS[Cartesian,2],AXIS[""(E)"",east,ORDER[1],LENGTHUNIT[""metre"",1,ID[""EPSG"",9001]]],AXIS[""(N)"",north,ORDER[2],LENGTHUNIT[""metre"",1,ID[""EPSG"",9001]]]]",True,9,[],df3e3c49f4b1b697b83ede3a49a836283594c8907009950398541a804c4b0286,df3e3c49f4b1b697b83ede3a49a836283594c8907009950398541a804c4b0286,True,True,0.0
rgi7.0|global|south=+061|west=+0006,p01,3786,1872,"(30.0, 0.0, -28080.0, 0.0, -30.0, 56835.0, 0.0, 0.0, 1.0)","PROJCRS[""unknown"",BASEGEOGCRS[""unknown"",DATUM[""World Geodetic System 1984"",ELLIPSOID[""WGS 84"",6378137,298.257223563,LENGTHUNIT[""metre"",1]],ID[""EPSG"",6326]],PRIMEM[""Greenwich"",0,ANGLEUNIT[""degree"",0.0174532925199433],ID[""EPSG"",8901]]],CONVERSION[""unknown"",METHOD[""Lambert Azimuthal Equal Area"",ID[""EPSG"",9820]],PARAMETER[""Latitude of natural origin"",61.5,ANGLEUNIT[""degree"",0.0174532925199433],ID[""EPSG"",8801]],PARAMETER[""Longitude of natural origin"",6.5,ANGLEUNIT[""degree"",0.0174532925199433],ID[""EPSG"",8802]],PARAMETER[""False easting"",0,LENGTHUNIT[""metre"",1],ID[""EPSG"",8806]],PARAMETER[""False northing"",0,LENGTHUNIT[""metre"",1],ID[""EPSG"",8807]]],CS[Cartesian,2],AXIS[""(E)"",east,ORDER[1],LENGTHUNIT[""metre"",1,ID[""EPSG"",9001]]],AXIS[""(N)"",north,ORDER[2],LENGTHUNIT[""metre"",1,ID[""EPSG"",9001]]]]",True,9,[],87fb1904b2a31e0491c5b677a28679a93c125f699daa13b7fbf9edc648bce13b,87fb1904b2a31e0491c5b677a28679a93c125f699daa13b7fbf9edc648bce13b,True,True,0.0
rgi7.0|global|south=+061|west=+0006,p11,3786,1871,"(30.0, 0.0, -28065.0, 0.0, -30.0, 56835.0, 0.0, 0.0, 1.0)","PROJCRS[""unknown"",BASEGEOGCRS[""unknown"",DATUM[""World Geodetic System 1984"",ELLIPSOID[""WGS 84"",6378137,298.257223563,LENGTHUNIT[""metre"",1]],ID[""EPSG"",6326]],PRIMEM[""Greenwich"",0,ANGLEUNIT[""degree"",0.0174532925199433],ID[""EPSG"",8901]]],CONVERSION[""unknown"",METHOD[""Lambert Azimuthal Equal Area"",ID[""EPSG"",9820]],PARAMETER[""Latitude of natural origin"",61.5,ANGLEUNIT[""degree"",0.0174532925199433],ID[""EPSG"",8801]],PARAMETER[""Longitude of natural origin"",6.5,ANGLEUNIT[""degree"",0.0174532925199433],ID[""EPSG"",8802]],PARAMETER[""False easting"",0,LENGTHUNIT[""metre"",1],ID[""EPSG"",8806]],PARAMETER[""False northing"",0,LENGTHUNIT[""metre"",1],ID[""EPSG"",8807]]],CS[Cartesian,2],AXIS[""(E)"",east,ORDER[1],LENGTHUNIT[""metre"",1,ID[""EPSG"",9001]]],AXIS[""(N)"",north,ORDER[2],LENGTHUNIT[""metre"",1,ID[""EPSG"",9001]]]]",True,9,[],ac5b617b4ef758c1244572a643726bccc6f079ef8082825abefaa4a6a2e48500,ac5b617b4ef758c1244572a643726bccc6f079ef8082825abefaa4a6a2e48500,True,True,0.0
rgi7.0|global|south=+061|west=+0006,pzi,144,144,"(0.008333333333333333, 0.0, 5.9, 0.0, -0.008333333333333333, 62.1, 0.0, 0.0, 1.0)",EPSG:4326,True,1,[],39d9d06fecb157efcac306f180a3300651fd2f471f7aecc81157aed9b4f17e5c,39d9d06fecb157efcac306f180a3300651fd2f471f7aecc81157aed9b4f17e5c,True,True,0.0
rgi7.0|global|south=+070|west=+0019,p00,3789,1341,"(30.0, 0.0, -20100.0, 0.0, -30.0, 56880.0, 0.0, 0.0, 1.0)","PROJCRS[""unknown"",BASEGEOGCRS[""unknown"",DATUM[""World Geodetic System 1984"",ELLIPSOID[""WGS 84"",6378137,298.257223563,LENGTHUNIT[""metre"",1]],ID[""EPSG"",6326]],PRIMEM[""Greenwich"",0,ANGLEUNIT[""degree"",0.0174532925199433],ID[""EPSG"",8901]]],CONVERSION[""unknown"",METHOD[""Lambert Azimuthal Equal Area"",ID[""EPSG"",9820]],PARAMETER[""Latitude of natural origin"",70.5,ANGLEUNIT[""degree"",0.0174532925199433],ID[""EPSG"",8801]],PARAMETER[""Longitude of natural origin"",19.5,ANGLEUNIT[""degree"",0.0174532925199433],ID[""EPSG"",8802]],PARAMETER[""False easting"",0,LENGTHUNIT[""metre"",1],ID[""EPSG"",8806]],PARAMETER[""False northing"",0,LENGTHUNIT[""metre"",1],ID[""EPSG"",8807]]],CS[Cartesian,2],AXIS[""(E)"",east,ORDER[1],LENGTHUNIT[""metre"",1,ID[""EPSG"",9001]]],AXIS[""(N)"",north,ORDER[2],LENGTHUNIT[""metre"",1,ID[""EPSG"",9001]]]]",True,6,"[""Copernicus_DSM_COG_10_N71_00_E018_00_DEM"", ""Copernicus_DSM_COG_10_N71_00_E019_00_DEM"", ""Copernicus_DSM_COG_10_N71_00_E020_00_DEM""]",7bc2d3a1192c634dad6b2208c22dcbae5e5bd1a08ef5030f58c46999958c84dd,7bc2d3a1192c634dad6b2208c22dcbae5e5bd1a08ef5030f58c46999958c84dd,True,True,0.0
rgi7.0|global|south=+070|west=+0019,p10,3789,1341,"(30.0, 0.0, -20115.0, 0.0, -30.0, 56880.0, 0.0, 0.0, 1.0)","PROJCRS[""unknown"",BASEGEOGCRS[""unknown"",DATUM[""World Geodetic System 1984"",ELLIPSOID[""WGS 84"",6378137,298.257223563,LENGTHUNIT[""metre"",1]],ID[""EPSG"",6326]],PRIMEM[""Greenwich"",0,ANGLEUNIT[""degree"",0.0174532925199433],ID[""EPSG"",8901]]],CONVERSION[""unknown"",METHOD[""Lambert Azimuthal Equal Area"",ID[""EPSG"",9820]],PARAMETER[""Latitude of natural origin"",70.5,ANGLEUNIT[""degree"",0.0174532925199433],ID[""EPSG"",8801]],PARAMETER[""Longitude of natural origin"",19.5,ANGLEUNIT[""degree"",0.0174532925199433],ID[""EPSG"",8802]],PARAMETER[""False easting"",0,LENGTHUNIT[""metre"",1],ID[""EPSG"",8806]],PARAMETER[""False northing"",0,LENGTHUNIT[""metre"",1],ID[""EPSG"",8807]]],CS[Cartesian,2],AXIS[""(E)"",east,ORDER[1],LENGTHUNIT[""metre"",1,ID[""EPSG"",9001]]],AXIS[""(N)"",north,ORDER[2],LENGTHUNIT[""metre"",1,ID[""EPSG"",9001]]]]",True,6,"[""Copernicus_DSM_COG_10_N71_00_E018_00_DEM"", ""Copernicus_DSM_COG_10_N71_00_E019_00_DEM"", ""Copernicus_DSM_COG_10_N71_00_E020_00_DEM""]",aaea1326dd5ef0c18bb63ed51a678c8e2fe9e52fc0a4ba02a8e5d1284c012960,aaea1326dd5ef0c18bb63ed51a678c8e2fe9e52fc0a4ba02a8e5d1284c012960,True,True,0.0
rgi7.0|global|south=+070|west=+0019,p01,3789,1340,"(30.0, 0.0, -20100.0, 0.0, -30.0, 56865.0, 0.0, 0.0, 1.0)","PROJCRS[""unknown"",BASEGEOGCRS[""unknown"",DATUM[""World Geodetic System 1984"",ELLIPSOID[""WGS 84"",6378137,298.257223563,LENGTHUNIT[""metre"",1]],ID[""EPSG"",6326]],PRIMEM[""Greenwich"",0,ANGLEUNIT[""degree"",0.0174532925199433],ID[""EPSG"",8901]]],CONVERSION[""unknown"",METHOD[""Lambert Azimuthal Equal Area"",ID[""EPSG"",9820]],PARAMETER[""Latitude of natural origin"",70.5,ANGLEUNIT[""degree"",0.0174532925199433],ID[""EPSG"",8801]],PARAMETER[""Longitude of natural origin"",19.5,ANGLEUNIT[""degree"",0.0174532925199433],ID[""EPSG"",8802]],PARAMETER[""False easting"",0,LENGTHUNIT[""metre"",1],ID[""EPSG"",8806]],PARAMETER[""False northing"",0,LENGTHUNIT[""metre"",1],ID[""EPSG"",8807]]],CS[Cartesian,2],AXIS[""(E)"",east,ORDER[1],LENGTHUNIT[""metre"",1,ID[""EPSG"",9001]]],AXIS[""(N)"",north,ORDER[2],LENGTHUNIT[""metre"",1,ID[""EPSG"",9001]]]]",True,6,"[""Copernicus_DSM_COG_10_N71_00_E018_00_DEM"", ""Copernicus_DSM_COG_10_N71_00_E019_00_DEM"", ""Copernicus_DSM_COG_10_N71_00_E020_00_DEM""]",447e48ea146701556c163684fd497a23a949377892c3e54c2b36d11040a842e6,447e48ea146701556c163684fd497a23a949377892c3e54c2b36d11040a842e6,True,True,0.0
rgi7.0|global|south=+070|west=+0019,p11,3789,1341,"(30.0, 0.0, -20115.0, 0.0, -30.0, 56865.0, 0.0, 0.0, 1.0)","PROJCRS[""unknown"",BASEGEOGCRS[""unknown"",DATUM[""World Geodetic System 1984"",ELLIPSOID[""WGS 84"",6378137,298.257223563,LENGTHUNIT[""metre"",1]],ID[""EPSG"",6326]],PRIMEM[""Greenwich"",0,ANGLEUNIT[""degree"",0.0174532925199433],ID[""EPSG"",8901]]],CONVERSION[""unknown"",METHOD[""Lambert Azimuthal Equal Area"",ID[""EPSG"",9820]],PARAMETER[""Latitude of natural origin"",70.5,ANGLEUNIT[""degree"",0.0174532925199433],ID[""EPSG"",8801]],PARAMETER[""Longitude of natural origin"",19.5,ANGLEUNIT[""degree"",0.0174532925199433],ID[""EPSG"",8802]],PARAMETER[""False easting"",0,LENGTHUNIT[""metre"",1],ID[""EPSG"",8806]],PARAMETER[""False northing"",0,LENGTHUNIT[""metre"",1],ID[""EPSG"",8807]]],CS[Cartesian,2],AXIS[""(E)"",east,ORDER[1],LENGTHUNIT[""metre"",1,ID[""EPSG"",9001]]],AXIS[""(N)"",north,ORDER[2],LENGTHUNIT[""metre"",1,ID[""EPSG"",9001]]]]",True,6,"[""Copernicus_DSM_COG_10_N71_00_E018_00_DEM"", ""Copernicus_DSM_COG_10_N71_00_E019_00_DEM"", ""Copernicus_DSM_COG_10_N71_00_E020_00_DEM""]",8f37c2cb6cc8cde2ce1c4424abdf5b296ba653dc4926ff04093e44c7963fbe35,8f37c2cb6cc8cde2ce1c4424abdf5b296ba653dc4926ff04093e44c7963fbe35,True,True,0.0
rgi7.0|global|south=+070|west=+0019,pzi,144,144,"(0.008333333333333333, 0.0, 18.9, 0.0, -0.008333333333333333, 71.1, 0.0, 0.0, 1.0)",EPSG:4326,True,1,[],f2358837528975f963ed21aa1e25e57e5108bd999d4cb81ddea247d644190afd,f2358837528975f963ed21aa1e25e57e5108bd999d4cb81ddea247d644190afd,True,True,0.0
rgi7.0|global|south=+059|west=+0006,p00,3786,1986,"(30.0, 0.0, -29760.0, 0.0, -30.0, 56880.0, 0.0, 0.0, 1.0)","PROJCRS[""unknown"",BASEGEOGCRS[""unknown"",DATUM[""World Geodetic System 1984"",ELLIPSOID[""WGS 84"",6378137,298.257223563,LENGTHUNIT[""metre"",1]],ID[""EPSG"",6326]],PRIMEM[""Greenwich"",0,ANGLEUNIT[""degree"",0.0174532925199433],ID[""EPSG"",8901]]],CONVERSION[""unknown"",METHOD[""Lambert Azimuthal Equal Area"",ID[""EPSG"",9820]],PARAMETER[""Latitude of natural origin"",59.5,ANGLEUNIT[""degree"",0.0174532925199433],ID[""EPSG"",8801]],PARAMETER[""Longitude of natural origin"",6.5,ANGLEUNIT[""degree"",0.0174532925199433],ID[""EPSG"",8802]],PARAMETER[""False easting"",0,LENGTHUNIT[""metre"",1],ID[""EPSG"",8806]],PARAMETER[""False northing"",0,LENGTHUNIT[""metre"",1],ID[""EPSG"",8807]]],CS[Cartesian,2],AXIS[""(E)"",east,ORDER[1],LENGTHUNIT[""metre"",1,ID[""EPSG"",9001]]],AXIS[""(N)"",north,ORDER[2],LENGTHUNIT[""metre"",1,ID[""EPSG"",9001]]]]",True,9,[],b293f8dda59af809fb41d571fdd744575f007a1e51fad8d4212c8ef780afa9bb,b293f8dda59af809fb41d571fdd744575f007a1e51fad8d4212c8ef780afa9bb,True,True,0.0
rgi7.0|global|south=+059|west=+0006,p10,3784,1983,"(30.0, 0.0, -29745.0, 0.0, -30.0, 56820.0, 0.0, 0.0, 1.0)","PROJCRS[""unknown"",BASEGEOGCRS[""unknown"",DATUM[""World Geodetic System 1984"",ELLIPSOID[""WGS 84"",6378137,298.257223563,LENGTHUNIT[""metre"",1]],ID[""EPSG"",6326]],PRIMEM[""Greenwich"",0,ANGLEUNIT[""degree"",0.0174532925199433],ID[""EPSG"",8901]]],CONVERSION[""unknown"",METHOD[""Lambert Azimuthal Equal Area"",ID[""EPSG"",9820]],PARAMETER[""Latitude of natural origin"",59.5,ANGLEUNIT[""degree"",0.0174532925199433],ID[""EPSG"",8801]],PARAMETER[""Longitude of natural origin"",6.5,ANGLEUNIT[""degree"",0.0174532925199433],ID[""EPSG"",8802]],PARAMETER[""False easting"",0,LENGTHUNIT[""metre"",1],ID[""EPSG"",8806]],PARAMETER[""False northing"",0,LENGTHUNIT[""metre"",1],ID[""EPSG"",8807]]],CS[Cartesian,2],AXIS[""(E)"",east,ORDER[1],LENGTHUNIT[""metre"",1,ID[""EPSG"",9001]]],AXIS[""(N)"",north,ORDER[2],LENGTHUNIT[""metre"",1,ID[""EPSG"",9001]]]]",True,9,[],e85b5ebdaa758cd0f3baf0dd008a23c4b972bd80cd1e75c5589d81317f3058aa,e85b5ebdaa758cd0f3baf0dd008a23c4b972bd80cd1e75c5589d81317f3058aa,True,True,0.0
rgi7.0|global|south=+059|west=+0006,p01,3785,1984,"(30.0, 0.0, -29760.0, 0.0, -30.0, 56835.0, 0.0, 0.0, 1.0)","PROJCRS[""unknown"",BASEGEOGCRS[""unknown"",DATUM[""World Geodetic System 1984"",ELLIPSOID[""WGS 84"",6378137,298.257223563,LENGTHUNIT[""metre"",1]],ID[""EPSG"",6326]],PRIMEM[""Greenwich"",0,ANGLEUNIT[""degree"",0.0174532925199433],ID[""EPSG"",8901]]],CONVERSION[""unknown"",METHOD[""Lambert Azimuthal Equal Area"",ID[""EPSG"",9820]],PARAMETER[""Latitude of natural origin"",59.5,ANGLEUNIT[""degree"",0.0174532925199433],ID[""EPSG"",8801]],PARAMETER[""Longitude of natural origin"",6.5,ANGLEUNIT[""degree"",0.0174532925199433],ID[""EPSG"",8802]],PARAMETER[""False easting"",0,LENGTHUNIT[""metre"",1],ID[""EPSG"",8806]],PARAMETER[""False northing"",0,LENGTHUNIT[""metre"",1],ID[""EPSG"",8807]]],CS[Cartesian,2],AXIS[""(E)"",east,ORDER[1],LENGTHUNIT[""metre"",1,ID[""EPSG"",9001]]],AXIS[""(N)"",north,ORDER[2],LENGTHUNIT[""metre"",1,ID[""EPSG"",9001]]]]",True,9,[],054d3a961d68327217555a6c27beb6e7d542a8c640003e77e05a08b83cc1fb69,054d3a961d68327217555a6c27beb6e7d542a8c640003e77e05a08b83cc1fb69,True,True,0.0
rgi7.0|global|south=+059|west=+0006,p11,3785,1983,"(30.0, 0.0, -29745.0, 0.0, -30.0, 56835.0, 0.0, 0.0, 1.0)","PROJCRS[""unknown"",BASEGEOGCRS[""unknown"",DATUM[""World Geodetic System 1984"",ELLIPSOID[""WGS 84"",6378137,298.257223563,LENGTHUNIT[""metre"",1]],ID[""EPSG"",6326]],PRIMEM[""Greenwich"",0,ANGLEUNIT[""degree"",0.0174532925199433],ID[""EPSG"",8901]]],CONVERSION[""unknown"",METHOD[""Lambert Azimuthal Equal Area"",ID[""EPSG"",9820]],PARAMETER[""Latitude of natural origin"",59.5,ANGLEUNIT[""degree"",0.0174532925199433],ID[""EPSG"",8801]],PARAMETER[""Longitude of natural origin"",6.5,ANGLEUNIT[""degree"",0.0174532925199433],ID[""EPSG"",8802]],PARAMETER[""False easting"",0,LENGTHUNIT[""metre"",1],ID[""EPSG"",8806]],PARAMETER[""False northing"",0,LENGTHUNIT[""metre"",1],ID[""EPSG"",8807]]],CS[Cartesian,2],AXIS[""(E)"",east,ORDER[1],LENGTHUNIT[""metre"",1,ID[""EPSG"",9001]]],AXIS[""(N)"",north,ORDER[2],LENGTHUNIT[""metre"",1,ID[""EPSG"",9001]]]]",True,9,[],cc23e15ffbf3566de68272b298d227845e09eef51b399556c15e6d35995244d7,cc23e15ffbf3566de68272b298d227845e09eef51b399556c15e6d35995244d7,True,True,0.0
rgi7.0|global|south=+059|west=+0006,pzi,144,144,"(0.008333333333333333, 0.0, 5.9, 0.0, -0.008333333333333333, 60.1, 0.0, 0.0, 1.0)",EPSG:4326,True,1,[],27b314399cb3b2b764c3135184dc9ead9e5d36f40397d56a8f285c750c314ceb,27b314399cb3b2b764c3135184dc9ead9e5d36f40397d56a8f285c750c314ceb,True,True,0.0
rgi7.0|global|south=+081|west=+0059,p00,3792,651,"(30.0, 0.0, -9750.0, 0.0, -30.0, 56910.0, 0.0, 0.0, 1.0)","PROJCRS[""unknown"",BASEGEOGCRS[""unknown"",DATUM[""World Geodetic System 1984"",ELLIPSOID[""WGS 84"",6378137,298.257223563,LENGTHUNIT[""metre"",1]],ID[""EPSG"",6326]],PRIMEM[""Greenwich"",0,ANGLEUNIT[""degree"",0.0174532925199433],ID[""EPSG"",8901]]],CONVERSION[""unknown"",METHOD[""Lambert Azimuthal Equal Area"",ID[""EPSG"",9820]],PARAMETER[""Latitude of natural origin"",81.5,ANGLEUNIT[""degree"",0.0174532925199433],ID[""EPSG"",8801]],PARAMETER[""Longitude of natural origin"",59.5,ANGLEUNIT[""degree"",0.0174532925199433],ID[""EPSG"",8802]],PARAMETER[""False easting"",0,LENGTHUNIT[""metre"",1],ID[""EPSG"",8806]],PARAMETER[""False northing"",0,LENGTHUNIT[""metre"",1],ID[""EPSG"",8807]]],CS[Cartesian,2],AXIS[""(E)"",east,ORDER[1],LENGTHUNIT[""metre"",1,ID[""EPSG"",9001]]],AXIS[""(N)"",north,ORDER[2],LENGTHUNIT[""metre"",1,ID[""EPSG"",9001]]]]",True,6,"[""Copernicus_DSM_COG_10_N82_00_E058_00_DEM"", ""Copernicus_DSM_COG_10_N82_00_E059_00_DEM"", ""Copernicus_DSM_COG_10_N82_00_E060_00_DEM""]",8a4126fec3a4aef83a8a6fb20d3eaa4af4bb0dfc751e605ed9bad5b2f3dbade9,8a4126fec3a4aef83a8a6fb20d3eaa4af4bb0dfc751e605ed9bad5b2f3dbade9,True,True,0.0
rgi7.0|global|south=+081|west=+0059,p10,3791,651,"(30.0, 0.0, -9765.0, 0.0, -30.0, 56880.0, 0.0, 0.0, 1.0)","PROJCRS[""unknown"",BASEGEOGCRS[""unknown"",DATUM[""World Geodetic System 1984"",ELLIPSOID[""WGS 84"",6378137,298.257223563,LENGTHUNIT[""metre"",1]],ID[""EPSG"",6326]],PRIMEM[""Greenwich"",0,ANGLEUNIT[""degree"",0.0174532925199433],ID[""EPSG"",8901]]],CONVERSION[""unknown"",METHOD[""Lambert Azimuthal Equal Area"",ID[""EPSG"",9820]],PARAMETER[""Latitude of natural origin"",81.5,ANGLEUNIT[""degree"",0.0174532925199433],ID[""EPSG"",8801]],PARAMETER[""Longitude of natural origin"",59.5,ANGLEUNIT[""degree"",0.0174532925199433],ID[""EPSG"",8802]],PARAMETER[""False easting"",0,LENGTHUNIT[""metre"",1],ID[""EPSG"",8806]],PARAMETER[""False northing"",0,LENGTHUNIT[""metre"",1],ID[""EPSG"",8807]]],CS[Cartesian,2],AXIS[""(E)"",east,ORDER[1],LENGTHUNIT[""metre"",1,ID[""EPSG"",9001]]],AXIS[""(N)"",north,ORDER[2],LENGTHUNIT[""metre"",1,ID[""EPSG"",9001]]]]",True,6,"[""Copernicus_DSM_COG_10_N82_00_E058_00_DEM"", ""Copernicus_DSM_COG_10_N82_00_E059_00_DEM"", ""Copernicus_DSM_COG_10_N82_00_E060_00_DEM""]",f31573c562cd93ec982bf1284c30d923210ca3fda7874ed31d699699e0fa02d6,f31573c562cd93ec982bf1284c30d923210ca3fda7874ed31d699699e0fa02d6,True,True,0.0
rgi7.0|global|south=+081|west=+0059,p01,3791,650,"(30.0, 0.0, -9750.0, 0.0, -30.0, 56895.0, 0.0, 0.0, 1.0)","PROJCRS[""unknown"",BASEGEOGCRS[""unknown"",DATUM[""World Geodetic System 1984"",ELLIPSOID[""WGS 84"",6378137,298.257223563,LENGTHUNIT[""metre"",1]],ID[""EPSG"",6326]],PRIMEM[""Greenwich"",0,ANGLEUNIT[""degree"",0.0174532925199433],ID[""EPSG"",8901]]],CONVERSION[""unknown"",METHOD[""Lambert Azimuthal Equal Area"",ID[""EPSG"",9820]],PARAMETER[""Latitude of natural origin"",81.5,ANGLEUNIT[""degree"",0.0174532925199433],ID[""EPSG"",8801]],PARAMETER[""Longitude of natural origin"",59.5,ANGLEUNIT[""degree"",0.0174532925199433],ID[""EPSG"",8802]],PARAMETER[""False easting"",0,LENGTHUNIT[""metre"",1],ID[""EPSG"",8806]],PARAMETER[""False northing"",0,LENGTHUNIT[""metre"",1],ID[""EPSG"",8807]]],CS[Cartesian,2],AXIS[""(E)"",east,ORDER[1],LENGTHUNIT[""metre"",1,ID[""EPSG"",9001]]],AXIS[""(N)"",north,ORDER[2],LENGTHUNIT[""metre"",1,ID[""EPSG"",9001]]]]",True,6,"[""Copernicus_DSM_COG_10_N82_00_E058_00_DEM"", ""Copernicus_DSM_COG_10_N82_00_E059_00_DEM"", ""Copernicus_DSM_COG_10_N82_00_E060_00_DEM""]",50115e461b35667b4f9b9e6df222afaf40ecc0e072314f6e96a6b76982c87737,50115e461b35667b4f9b9e6df222afaf40ecc0e072314f6e96a6b76982c87737,True,True,0.0
rgi7.0|global|south=+081|west=+0059,p11,3791,651,"(30.0, 0.0, -9765.0, 0.0, -30.0, 56895.0, 0.0, 0.0, 1.0)","PROJCRS[""unknown"",BASEGEOGCRS[""unknown"",DATUM[""World Geodetic System 1984"",ELLIPSOID[""WGS 84"",6378137,298.257223563,LENGTHUNIT[""metre"",1]],ID[""EPSG"",6326]],PRIMEM[""Greenwich"",0,ANGLEUNIT[""degree"",0.0174532925199433],ID[""EPSG"",8901]]],CONVERSION[""unknown"",METHOD[""Lambert Azimuthal Equal Area"",ID[""EPSG"",9820]],PARAMETER[""Latitude of natural origin"",81.5,ANGLEUNIT[""degree"",0.0174532925199433],ID[""EPSG"",8801]],PARAMETER[""Longitude of natural origin"",59.5,ANGLEUNIT[""degree"",0.0174532925199433],ID[""EPSG"",8802]],PARAMETER[""False easting"",0,LENGTHUNIT[""metre"",1],ID[""EPSG"",8806]],PARAMETER[""False northing"",0,LENGTHUNIT[""metre"",1],ID[""EPSG"",8807]]],CS[Cartesian,2],AXIS[""(E)"",east,ORDER[1],LENGTHUNIT[""metre"",1,ID[""EPSG"",9001]]],AXIS[""(N)"",north,ORDER[2],LENGTHUNIT[""metre"",1,ID[""EPSG"",9001]]]]",True,6,"[""Copernicus_DSM_COG_10_N82_00_E058_00_DEM"", ""Copernicus_DSM_COG_10_N82_00_E059_00_DEM"", ""Copernicus_DSM_COG_10_N82_00_E060_00_DEM""]",6918655fcf927bbee9eb8ac0c0b7e5eb14fc4d71b53d2ad54837e370f2841a57,6918655fcf927bbee9eb8ac0c0b7e5eb14fc4d71b53d2ad54837e370f2841a57,True,True,0.0
rgi7.0|global|south=+081|west=+0059,pzi,144,144,"(0.008333333333333333, 0.0, 58.9, 0.0, -0.008333333333333333, 82.1, 0.0, 0.0, 1.0)",EPSG:4326,True,1,[],03b14c051499ada1ce60016adcdcbd341aa3f84a412d446616bd08efa49c5cf8,03b14c051499ada1ce60016adcdcbd341aa3f84a412d446616bd08efa49c5cf8,True,True,0.0
rgi7.0|global|south=+080|west=+0063,p00,3792,714,"(30.0, 0.0, -10710.0, 0.0, -30.0, 56910.0, 0.0, 0.0, 1.0)","PROJCRS[""unknown"",BASEGEOGCRS[""unknown"",DATUM[""World Geodetic System 1984"",ELLIPSOID[""WGS 84"",6378137,298.257223563,LENGTHUNIT[""metre"",1]],ID[""EPSG"",6326]],PRIMEM[""Greenwich"",0,ANGLEUNIT[""degree"",0.0174532925199433],ID[""EPSG"",8901]]],CONVERSION[""unknown"",METHOD[""Lambert Azimuthal Equal Area"",ID[""EPSG"",9820]],PARAMETER[""Latitude of natural origin"",80.5,ANGLEUNIT[""degree"",0.0174532925199433],ID[""EPSG"",8801]],PARAMETER[""Longitude of natural origin"",63.5,ANGLEUNIT[""degree"",0.0174532925199433],ID[""EPSG"",8802]],PARAMETER[""False easting"",0,LENGTHUNIT[""metre"",1],ID[""EPSG"",8806]],PARAMETER[""False northing"",0,LENGTHUNIT[""metre"",1],ID[""EPSG"",8807]]],CS[Cartesian,2],AXIS[""(E)"",east,ORDER[1],LENGTHUNIT[""metre"",1,ID[""EPSG"",9001]]],AXIS[""(N)"",north,ORDER[2],LENGTHUNIT[""metre"",1,ID[""EPSG"",9001]]]]",True,6,"[""Copernicus_DSM_COG_10_N79_00_E062_00_DEM"", ""Copernicus_DSM_COG_10_N79_00_E063_00_DEM"", ""Copernicus_DSM_COG_10_N79_00_E064_00_DEM""]",becab21f349786d6403ba14b658ebef7ebe39c86054db5fad4c521ef7c3dbfb0,becab21f349786d6403ba14b658ebef7ebe39c86054db5fad4c521ef7c3dbfb0,True,True,0.0
rgi7.0|global|south=+080|west=+0063,p10,3791,715,"(30.0, 0.0, -10725.0, 0.0, -30.0, 56880.0, 0.0, 0.0, 1.0)","PROJCRS[""unknown"",BASEGEOGCRS[""unknown"",DATUM[""World Geodetic System 1984"",ELLIPSOID[""WGS 84"",6378137,298.257223563,LENGTHUNIT[""metre"",1]],ID[""EPSG"",6326]],PRIMEM[""Greenwich"",0,ANGLEUNIT[""degree"",0.0174532925199433],ID[""EPSG"",8901]]],CONVERSION[""unknown"",METHOD[""Lambert Azimuthal Equal Area"",ID[""EPSG"",9820]],PARAMETER[""Latitude of natural origin"",80.5,ANGLEUNIT[""degree"",0.0174532925199433],ID[""EPSG"",8801]],PARAMETER[""Longitude of natural origin"",63.5,ANGLEUNIT[""degree"",0.0174532925199433],ID[""EPSG"",8802]],PARAMETER[""False easting"",0,LENGTHUNIT[""metre"",1],ID[""EPSG"",8806]],PARAMETER[""False northing"",0,LENGTHUNIT[""metre"",1],ID[""EPSG"",8807]]],CS[Cartesian,2],AXIS[""(E)"",east,ORDER[1],LENGTHUNIT[""metre"",1,ID[""EPSG"",9001]]],AXIS[""(N)"",north,ORDER[2],LENGTHUNIT[""metre"",1,ID[""EPSG"",9001]]]]",True,6,"[""Copernicus_DSM_COG_10_N79_00_E062_00_DEM"", ""Copernicus_DSM_COG_10_N79_00_E063_00_DEM"", ""Copernicus_DSM_COG_10_N79_00_E064_00_DEM""]",cfeb5ec3e62dfbc2a514301cbfc6891badc43c47bf42dbea27db82be00dafb75,cfeb5ec3e62dfbc2a514301cbfc6891badc43c47bf42dbea27db82be00dafb75,True,True,0.0
rgi7.0|global|south=+080|west=+0063,p01,3791,714,"(30.0, 0.0, -10710.0, 0.0, -30.0, 56895.0, 0.0, 0.0, 1.0)","PROJCRS[""unknown"",BASEGEOGCRS[""unknown"",DATUM[""World Geodetic System 1984"",ELLIPSOID[""WGS 84"",6378137,298.257223563,LENGTHUNIT[""metre"",1]],ID[""EPSG"",6326]],PRIMEM[""Greenwich"",0,ANGLEUNIT[""degree"",0.0174532925199433],ID[""EPSG"",8901]]],CONVERSION[""unknown"",METHOD[""Lambert Azimuthal Equal Area"",ID[""EPSG"",9820]],PARAMETER[""Latitude of natural origin"",80.5,ANGLEUNIT[""degree"",0.0174532925199433],ID[""EPSG"",8801]],PARAMETER[""Longitude of natural origin"",63.5,ANGLEUNIT[""degree"",0.0174532925199433],ID[""EPSG"",8802]],PARAMETER[""False easting"",0,LENGTHUNIT[""metre"",1],ID[""EPSG"",8806]],PARAMETER[""False northing"",0,LENGTHUNIT[""metre"",1],ID[""EPSG"",8807]]],CS[Cartesian,2],AXIS[""(E)"",east,ORDER[1],LENGTHUNIT[""metre"",1,ID[""EPSG"",9001]]],AXIS[""(N)"",north,ORDER[2],LENGTHUNIT[""metre"",1,ID[""EPSG"",9001]]]]",True,6,"[""Copernicus_DSM_COG_10_N79_00_E062_00_DEM"", ""Copernicus_DSM_COG_10_N79_00_E063_00_DEM"", ""Copernicus_DSM_COG_10_N79_00_E064_00_DEM""]",5f4441b15cc786f1420bcce13760bedd39df016e0ebf2c8b90118c1d0890cafa,5f4441b15cc786f1420bcce13760bedd39df016e0ebf2c8b90118c1d0890cafa,True,True,0.0
rgi7.0|global|south=+080|west=+0063,p11,3791,715,"(30.0, 0.0, -10725.0, 0.0, -30.0, 56895.0, 0.0, 0.0, 1.0)","PROJCRS[""unknown"",BASEGEOGCRS[""unknown"",DATUM[""World Geodetic System 1984"",ELLIPSOID[""WGS 84"",6378137,298.257223563,LENGTHUNIT[""metre"",1]],ID[""EPSG"",6326]],PRIMEM[""Greenwich"",0,ANGLEUNIT[""degree"",0.0174532925199433],ID[""EPSG"",8901]]],CONVERSION[""unknown"",METHOD[""Lambert Azimuthal Equal Area"",ID[""EPSG"",9820]],PARAMETER[""Latitude of natural origin"",80.5,ANGLEUNIT[""degree"",0.0174532925199433],ID[""EPSG"",8801]],PARAMETER[""Longitude of natural origin"",63.5,ANGLEUNIT[""degree"",0.0174532925199433],ID[""EPSG"",8802]],PARAMETER[""False easting"",0,LENGTHUNIT[""metre"",1],ID[""EPSG"",8806]],PARAMETER[""False northing"",0,LENGTHUNIT[""metre"",1],ID[""EPSG"",8807]]],CS[Cartesian,2],AXIS[""(E)"",east,ORDER[1],LENGTHUNIT[""metre"",1,ID[""EPSG"",9001]]],AXIS[""(N)"",north,ORDER[2],LENGTHUNIT[""metre"",1,ID[""EPSG"",9001]]]]",True,6,"[""Copernicus_DSM_COG_10_N79_00_E062_00_DEM"", ""Copernicus_DSM_COG_10_N79_00_E063_00_DEM"", ""Copernicus_DSM_COG_10_N79_00_E064_00_DEM""]",53452d1b92ae74c21e824eece6ee07bcee4a2d26142cc28cc09f90e0ec1681e5,53452d1b92ae74c21e824eece6ee07bcee4a2d26142cc28cc09f90e0ec1681e5,True,True,0.0
rgi7.0|global|south=+080|west=+0063,pzi,144,144,"(0.008333333333333333, 0.0, 62.9, 0.0, -0.008333333333333333, 81.1, 0.0, 0.0, 1.0)",EPSG:4326,True,1,[],2e3e2f49f456e9258ffdf6e2823d50aaaf90a15345f6d0ef43c9bf8d81a1709d,2e3e2f49f456e9258ffdf6e2823d50aaaf90a15345f6d0ef43c9bf8d81a1709d,True,True,0.0
rgi7.0|global|south=+075|west=+0058,p00,3792,1032,"(30.0, 0.0, -15480.0, 0.0, -30.0, 56940.0, 0.0, 0.0, 1.0)","PROJCRS[""unknown"",BASEGEOGCRS[""unknown"",DATUM[""World Geodetic System 1984"",ELLIPSOID[""WGS 84"",6378137,298.257223563,LENGTHUNIT[""metre"",1]],ID[""EPSG"",6326]],PRIMEM[""Greenwich"",0,ANGLEUNIT[""degree"",0.0174532925199433],ID[""EPSG"",8901]]],CONVERSION[""unknown"",METHOD[""Lambert Azimuthal Equal Area"",ID[""EPSG"",9820]],PARAMETER[""Latitude of natural origin"",75.5,ANGLEUNIT[""degree"",0.0174532925199433],ID[""EPSG"",8801]],PARAMETER[""Longitude of natural origin"",58.5,ANGLEUNIT[""degree"",0.0174532925199433],ID[""EPSG"",8802]],PARAMETER[""False easting"",0,LENGTHUNIT[""metre"",1],ID[""EPSG"",8806]],PARAMETER[""False northing"",0,LENGTHUNIT[""metre"",1],ID[""EPSG"",8807]]],CS[Cartesian,2],AXIS[""(E)"",east,ORDER[1],LENGTHUNIT[""metre"",1,ID[""EPSG"",9001]]],AXIS[""(N)"",north,ORDER[2],LENGTHUNIT[""metre"",1,ID[""EPSG"",9001]]]]",True,8,"[""Copernicus_DSM_COG_10_N76_00_E057_00_DEM""]",ac7c90d2ea9276075b029d0e4dbf3bc2a6a9070b77f28b219fa2c917220e3b33,ac7c90d2ea9276075b029d0e4dbf3bc2a6a9070b77f28b219fa2c917220e3b33,True,True,0.0
rgi7.0|global|south=+075|west=+0058,p10,3790,1031,"(30.0, 0.0, -15465.0, 0.0, -30.0, 56880.0, 0.0, 0.0, 1.0)","PROJCRS[""unknown"",BASEGEOGCRS[""unknown"",DATUM[""World Geodetic System 1984"",ELLIPSOID[""WGS 84"",6378137,298.257223563,LENGTHUNIT[""metre"",1]],ID[""EPSG"",6326]],PRIMEM[""Greenwich"",0,ANGLEUNIT[""degree"",0.0174532925199433],ID[""EPSG"",8901]]],CONVERSION[""unknown"",METHOD[""Lambert Azimuthal Equal Area"",ID[""EPSG"",9820]],PARAMETER[""Latitude of natural origin"",75.5,ANGLEUNIT[""degree"",0.0174532925199433],ID[""EPSG"",8801]],PARAMETER[""Longitude of natural origin"",58.5,ANGLEUNIT[""degree"",0.0174532925199433],ID[""EPSG"",8802]],PARAMETER[""False easting"",0,LENGTHUNIT[""metre"",1],ID[""EPSG"",8806]],PARAMETER[""False northing"",0,LENGTHUNIT[""metre"",1],ID[""EPSG"",8807]]],CS[Cartesian,2],AXIS[""(E)"",east,ORDER[1],LENGTHUNIT[""metre"",1,ID[""EPSG"",9001]]],AXIS[""(N)"",north,ORDER[2],LENGTHUNIT[""metre"",1,ID[""EPSG"",9001]]]]",True,8,"[""Copernicus_DSM_COG_10_N76_00_E057_00_DEM""]",e0aefc469f492f38730c84d608ff2d61b66ce51663b23c267a1c5f72f4402bbd,e0aefc469f492f38730c84d608ff2d61b66ce51663b23c267a1c5f72f4402bbd,True,True,0.0
rgi7.0|global|south=+075|west=+0058,p01,3791,1032,"(30.0, 0.0, -15480.0, 0.0, -30.0, 56895.0, 0.0, 0.0, 1.0)","PROJCRS[""unknown"",BASEGEOGCRS[""unknown"",DATUM[""World Geodetic System 1984"",ELLIPSOID[""WGS 84"",6378137,298.257223563,LENGTHUNIT[""metre"",1]],ID[""EPSG"",6326]],PRIMEM[""Greenwich"",0,ANGLEUNIT[""degree"",0.0174532925199433],ID[""EPSG"",8901]]],CONVERSION[""unknown"",METHOD[""Lambert Azimuthal Equal Area"",ID[""EPSG"",9820]],PARAMETER[""Latitude of natural origin"",75.5,ANGLEUNIT[""degree"",0.0174532925199433],ID[""EPSG"",8801]],PARAMETER[""Longitude of natural origin"",58.5,ANGLEUNIT[""degree"",0.0174532925199433],ID[""EPSG"",8802]],PARAMETER[""False easting"",0,LENGTHUNIT[""metre"",1],ID[""EPSG"",8806]],PARAMETER[""False northing"",0,LENGTHUNIT[""metre"",1],ID[""EPSG"",8807]]],CS[Cartesian,2],AXIS[""(E)"",east,ORDER[1],LENGTHUNIT[""metre"",1,ID[""EPSG"",9001]]],AXIS[""(N)"",north,ORDER[2],LENGTHUNIT[""metre"",1,ID[""EPSG"",9001]]]]",True,8,"[""Copernicus_DSM_COG_10_N76_00_E057_00_DEM""]",013463eaff4d096c4db60939c5b50190703e70b7f1dd3c93693ec2b1c019d766,013463eaff4d096c4db60939c5b50190703e70b7f1dd3c93693ec2b1c019d766,True,True,0.0
rgi7.0|global|south=+075|west=+0058,p11,3791,1031,"(30.0, 0.0, -15465.0, 0.0, -30.0, 56895.0, 0.0, 0.0, 1.0)","PROJCRS[""unknown"",BASEGEOGCRS[""unknown"",DATUM[""World Geodetic System 1984"",ELLIPSOID[""WGS 84"",6378137,298.257223563,LENGTHUNIT[""metre"",1]],ID[""EPSG"",6326]],PRIMEM[""Greenwich"",0,ANGLEUNIT[""degree"",0.0174532925199433],ID[""EPSG"",8901]]],CONVERSION[""unknown"",METHOD[""Lambert Azimuthal Equal Area"",ID[""EPSG"",9820]],PARAMETER[""Latitude of natural origin"",75.5,ANGLEUNIT[""degree"",0.0174532925199433],ID[""EPSG"",8801]],PARAMETER[""Longitude of natural origin"",58.5,ANGLEUNIT[""degree"",0.0174532925199433],ID[""EPSG"",8802]],PARAMETER[""False easting"",0,LENGTHUNIT[""metre"",1],ID[""EPSG"",8806]],PARAMETER[""False northing"",0,LENGTHUNIT[""metre"",1],ID[""EPSG"",8807]]],CS[Cartesian,2],AXIS[""(E)"",east,ORDER[1],LENGTHUNIT[""metre"",1,ID[""EPSG"",9001]]],AXIS[""(N)"",north,ORDER[2],LENGTHUNIT[""metre"",1,ID[""EPSG"",9001]]]]",True,8,"[""Copernicus_DSM_COG_10_N76_00_E057_00_DEM""]",124a19665d3cc763a009f9adeef5b3d7af5d24977c6202840e4722eb606f7bd9,124a19665d3cc763a009f9adeef5b3d7af5d24977c6202840e4722eb606f7bd9,True,True,0.0
rgi7.0|global|south=+075|west=+0058,pzi,144,144,"(0.008333333333333333, 0.0, 57.9, 0.0, -0.008333333333333333, 76.1, 0.0, 0.0, 1.0)",EPSG:4326,True,1,[],5a139f8aca3f0e55d24a1d5ec0be8556af05b54458d8793971c3660ad137b58a,5a139f8aca3f0e55d24a1d5ec0be8556af05b54458d8793971c3660ad137b58a,True,True,0.0
rgi7.0|global|south=+081|west=+0058,p00,3792,651,"(30.0, 0.0, -9750.0, 0.0, -30.0, 56910.0, 0.0, 0.0, 1.0)","PROJCRS[""unknown"",BASEGEOGCRS[""unknown"",DATUM[""World Geodetic System 1984"",ELLIPSOID[""WGS 84"",6378137,298.257223563,LENGTHUNIT[""metre"",1]],ID[""EPSG"",6326]],PRIMEM[""Greenwich"",0,ANGLEUNIT[""degree"",0.0174532925199433],ID[""EPSG"",8901]]],CONVERSION[""unknown"",METHOD[""Lambert Azimuthal Equal Area"",ID[""EPSG"",9820]],PARAMETER[""Latitude of natural origin"",81.5,ANGLEUNIT[""degree"",0.0174532925199433],ID[""EPSG"",8801]],PARAMETER[""Longitude of natural origin"",58.5,ANGLEUNIT[""degree"",0.0174532925199433],ID[""EPSG"",8802]],PARAMETER[""False easting"",0,LENGTHUNIT[""metre"",1],ID[""EPSG"",8806]],PARAMETER[""False northing"",0,LENGTHUNIT[""metre"",1],ID[""EPSG"",8807]]],CS[Cartesian,2],AXIS[""(E)"",east,ORDER[1],LENGTHUNIT[""metre"",1,ID[""EPSG"",9001]]],AXIS[""(N)"",north,ORDER[2],LENGTHUNIT[""metre"",1,ID[""EPSG"",9001]]]]",True,6,"[""Copernicus_DSM_COG_10_N82_00_E057_00_DEM"", ""Copernicus_DSM_COG_10_N82_00_E058_00_DEM"", ""Copernicus_DSM_COG_10_N82_00_E059_00_DEM""]",997345670cd82ef9c059ac50c0d539c80da3315d77e70ac119e71afbba59b7c8,997345670cd82ef9c059ac50c0d539c80da3315d77e70ac119e71afbba59b7c8,True,True,0.0
rgi7.0|global|south=+081|west=+0058,p10,3791,651,"(30.0, 0.0, -9765.0, 0.0, -30.0, 56880.0, 0.0, 0.0, 1.0)","PROJCRS[""unknown"",BASEGEOGCRS[""unknown"",DATUM[""World Geodetic System 1984"",ELLIPSOID[""WGS 84"",6378137,298.257223563,LENGTHUNIT[""metre"",1]],ID[""EPSG"",6326]],PRIMEM[""Greenwich"",0,ANGLEUNIT[""degree"",0.0174532925199433],ID[""EPSG"",8901]]],CONVERSION[""unknown"",METHOD[""Lambert Azimuthal Equal Area"",ID[""EPSG"",9820]],PARAMETER[""Latitude of natural origin"",81.5,ANGLEUNIT[""degree"",0.0174532925199433],ID[""EPSG"",8801]],PARAMETER[""Longitude of natural origin"",58.5,ANGLEUNIT[""degree"",0.0174532925199433],ID[""EPSG"",8802]],PARAMETER[""False easting"",0,LENGTHUNIT[""metre"",1],ID[""EPSG"",8806]],PARAMETER[""False northing"",0,LENGTHUNIT[""metre"",1],ID[""EPSG"",8807]]],CS[Cartesian,2],AXIS[""(E)"",east,ORDER[1],LENGTHUNIT[""metre"",1,ID[""EPSG"",9001]]],AXIS[""(N)"",north,ORDER[2],LENGTHUNIT[""metre"",1,ID[""EPSG"",9001]]]]",True,6,"[""Copernicus_DSM_COG_10_N82_00_E057_00_DEM"", ""Copernicus_DSM_COG_10_N82_00_E058_00_DEM"", ""Copernicus_DSM_COG_10_N82_00_E059_00_DEM""]",45127287575aac447ec6f9d673207f0727e35fff2072256b8a17e388295143ca,45127287575aac447ec6f9d673207f0727e35fff2072256b8a17e388295143ca,True,True,0.0
rgi7.0|global|south=+081|west=+0058,p01,3791,650,"(30.0, 0.0, -9750.0, 0.0, -30.0, 56895.0, 0.0, 0.0, 1.0)","PROJCRS[""unknown"",BASEGEOGCRS[""unknown"",DATUM[""World Geodetic System 1984"",ELLIPSOID[""WGS 84"",6378137,298.257223563,LENGTHUNIT[""metre"",1]],ID[""EPSG"",6326]],PRIMEM[""Greenwich"",0,ANGLEUNIT[""degree"",0.0174532925199433],ID[""EPSG"",8901]]],CONVERSION[""unknown"",METHOD[""Lambert Azimuthal Equal Area"",ID[""EPSG"",9820]],PARAMETER[""Latitude of natural origin"",81.5,ANGLEUNIT[""degree"",0.0174532925199433],ID[""EPSG"",8801]],PARAMETER[""Longitude of natural origin"",58.5,ANGLEUNIT[""degree"",0.0174532925199433],ID[""EPSG"",8802]],PARAMETER[""False easting"",0,LENGTHUNIT[""metre"",1],ID[""EPSG"",8806]],PARAMETER[""False northing"",0,LENGTHUNIT[""metre"",1],ID[""EPSG"",8807]]],CS[Cartesian,2],AXIS[""(E)"",east,ORDER[1],LENGTHUNIT[""metre"",1,ID[""EPSG"",9001]]],AXIS[""(N)"",north,ORDER[2],LENGTHUNIT[""metre"",1,ID[""EPSG"",9001]]]]",True,6,"[""Copernicus_DSM_COG_10_N82_00_E057_00_DEM"", ""Copernicus_DSM_COG_10_N82_00_E058_00_DEM"", ""Copernicus_DSM_COG_10_N82_00_E059_00_DEM""]",02aa4d3beb7ee67e71bc3006c66af1d6a4f78b11218ab2789b354b6b5d0d414f,02aa4d3beb7ee67e71bc3006c66af1d6a4f78b11218ab2789b354b6b5d0d414f,True,True,0.0
rgi7.0|global|south=+081|west=+0058,p11,3791,651,"(30.0, 0.0, -9765.0, 0.0, -30.0, 56895.0, 0.0, 0.0, 1.0)","PROJCRS[""unknown"",BASEGEOGCRS[""unknown"",DATUM[""World Geodetic System 1984"",ELLIPSOID[""WGS 84"",6378137,298.257223563,LENGTHUNIT[""metre"",1]],ID[""EPSG"",6326]],PRIMEM[""Greenwich"",0,ANGLEUNIT[""degree"",0.0174532925199433],ID[""EPSG"",8901]]],CONVERSION[""unknown"",METHOD[""Lambert Azimuthal Equal Area"",ID[""EPSG"",9820]],PARAMETER[""Latitude of natural origin"",81.5,ANGLEUNIT[""degree"",0.0174532925199433],ID[""EPSG"",8801]],PARAMETER[""Longitude of natural origin"",58.5,ANGLEUNIT[""degree"",0.0174532925199433],ID[""EPSG"",8802]],PARAMETER[""False easting"",0,LENGTHUNIT[""metre"",1],ID[""EPSG"",8806]],PARAMETER[""False northing"",0,LENGTHUNIT[""metre"",1],ID[""EPSG"",8807]]],CS[Cartesian,2],AXIS[""(E)"",east,ORDER[1],LENGTHUNIT[""metre"",1,ID[""EPSG"",9001]]],AXIS[""(N)"",north,ORDER[2],LENGTHUNIT[""metre"",1,ID[""EPSG"",9001]]]]",True,6,"[""Copernicus_DSM_COG_10_N82_00_E057_00_DEM"", ""Copernicus_DSM_COG_10_N82_00_E058_00_DEM"", ""Copernicus_DSM_COG_10_N82_00_E059_00_DEM""]",96336fc21dca04c54b59e3dde7a0a792c64e83ab58adc414492d4415aa0788b6,96336fc21dca04c54b59e3dde7a0a792c64e83ab58adc414492d4415aa0788b6,True,True,0.0
rgi7.0|global|south=+081|west=+0058,pzi,144,144,"(0.008333333333333333, 0.0, 57.9, 0.0, -0.008333333333333333, 82.1, 0.0, 0.0, 1.0)",EPSG:4326,True,1,[],c8d0a32af910493c07bbcb56dc2c13c16380d6922b7d2f4b261bd45e74125550,c8d0a32af910493c07bbcb56dc2c13c16380d6922b7d2f4b261bd45e74125550,True,True,0.0
rgi7.0|global|south=+075|west=+0105,p00,3792,1032,"(30.0, 0.0, -15480.0, 0.0, -30.0, 56940.0, 0.0, 0.0, 1.0)","PROJCRS[""unknown"",BASEGEOGCRS[""unknown"",DATUM[""World Geodetic System 1984"",ELLIPSOID[""WGS 84"",6378137,298.257223563,LENGTHUNIT[""metre"",1]],ID[""EPSG"",6326]],PRIMEM[""Greenwich"",0,ANGLEUNIT[""degree"",0.0174532925199433],ID[""EPSG"",8901]]],CONVERSION[""unknown"",METHOD[""Lambert Azimuthal Equal Area"",ID[""EPSG"",9820]],PARAMETER[""Latitude of natural origin"",75.5,ANGLEUNIT[""degree"",0.0174532925199433],ID[""EPSG"",8801]],PARAMETER[""Longitude of natural origin"",105.5,ANGLEUNIT[""degree"",0.0174532925199433],ID[""EPSG"",8802]],PARAMETER[""False easting"",0,LENGTHUNIT[""metre"",1],ID[""EPSG"",8806]],PARAMETER[""False northing"",0,LENGTHUNIT[""metre"",1],ID[""EPSG"",8807]]],CS[Cartesian,2],AXIS[""(E)"",east,ORDER[1],LENGTHUNIT[""metre"",1,ID[""EPSG"",9001]]],AXIS[""(N)"",north,ORDER[2],LENGTHUNIT[""metre"",1,ID[""EPSG"",9001]]]]",True,9,[],ee805782e234a13023cf3c90c9fd7e8d32f234264a1cedf10889ba4890241dbd,ee805782e234a13023cf3c90c9fd7e8d32f234264a1cedf10889ba4890241dbd,True,True,0.0
rgi7.0|global|south=+075|west=+0105,p10,3790,1031,"(30.0, 0.0, -15465.0, 0.0, -30.0, 56880.0, 0.0, 0.0, 1.0)","PROJCRS[""unknown"",BASEGEOGCRS[""unknown"",DATUM[""World Geodetic System 1984"",ELLIPSOID[""WGS 84"",6378137,298.257223563,LENGTHUNIT[""metre"",1]],ID[""EPSG"",6326]],PRIMEM[""Greenwich"",0,ANGLEUNIT[""degree"",0.0174532925199433],ID[""EPSG"",8901]]],CONVERSION[""unknown"",METHOD[""Lambert Azimuthal Equal Area"",ID[""EPSG"",9820]],PARAMETER[""Latitude of natural origin"",75.5,ANGLEUNIT[""degree"",0.0174532925199433],ID[""EPSG"",8801]],PARAMETER[""Longitude of natural origin"",105.5,ANGLEUNIT[""degree"",0.0174532925199433],ID[""EPSG"",8802]],PARAMETER[""False easting"",0,LENGTHUNIT[""metre"",1],ID[""EPSG"",8806]],PARAMETER[""False northing"",0,LENGTHUNIT[""metre"",1],ID[""EPSG"",8807]]],CS[Cartesian,2],AXIS[""(E)"",east,ORDER[1],LENGTHUNIT[""metre"",1,ID[""EPSG"",9001]]],AXIS[""(N)"",north,ORDER[2],LENGTHUNIT[""metre"",1,ID[""EPSG"",9001]]]]",True,9,[],f1091d7c8863d713370baaf81857b2f2fa6b0c9689b979a00a574b901f95129e,f1091d7c8863d713370baaf81857b2f2fa6b0c9689b979a00a574b901f95129e,True,True,0.0
rgi7.0|global|south=+075|west=+0105,p01,3791,1032,"(30.0, 0.0, -15480.0, 0.0, -30.0, 56895.0, 0.0, 0.0, 1.0)","PROJCRS[""unknown"",BASEGEOGCRS[""unknown"",DATUM[""World Geodetic System 1984"",ELLIPSOID[""WGS 84"",6378137,298.257223563,LENGTHUNIT[""metre"",1]],ID[""EPSG"",6326]],PRIMEM[""Greenwich"",0,ANGLEUNIT[""degree"",0.0174532925199433],ID[""EPSG"",8901]]],CONVERSION[""unknown"",METHOD[""Lambert Azimuthal Equal Area"",ID[""EPSG"",9820]],PARAMETER[""Latitude of natural origin"",75.5,ANGLEUNIT[""degree"",0.0174532925199433],ID[""EPSG"",8801]],PARAMETER[""Longitude of natural origin"",105.5,ANGLEUNIT[""degree"",0.0174532925199433],ID[""EPSG"",8802]],PARAMETER[""False easting"",0,LENGTHUNIT[""metre"",1],ID[""EPSG"",8806]],PARAMETER[""False northing"",0,LENGTHUNIT[""metre"",1],ID[""EPSG"",8807]]],CS[Cartesian,2],AXIS[""(E)"",east,ORDER[1],LENGTHUNIT[""metre"",1,ID[""EPSG"",9001]]],AXIS[""(N)"",north,ORDER[2],LENGTHUNIT[""metre"",1,ID[""EPSG"",9001]]]]",True,9,[],572dbe1b234bd8d0f1ca6a1cdb8df177df15ecf105d895759b0e3dfd82311507,572dbe1b234bd8d0f1ca6a1cdb8df177df15ecf105d895759b0e3dfd82311507,True,True,0.0
rgi7.0|global|south=+075|west=+0105,p11,3791,1031,"(30.0, 0.0, -15465.0, 0.0, -30.0, 56895.0, 0.0, 0.0, 1.0)","PROJCRS[""unknown"",BASEGEOGCRS[""unknown"",DATUM[""World Geodetic System 1984"",ELLIPSOID[""WGS 84"",6378137,298.257223563,LENGTHUNIT[""metre"",1]],ID[""EPSG"",6326]],PRIMEM[""Greenwich"",0,ANGLEUNIT[""degree"",0.0174532925199433],ID[""EPSG"",8901]]],CONVERSION[""unknown"",METHOD[""Lambert Azimuthal Equal Area"",ID[""EPSG"",9820]],PARAMETER[""Latitude of natural origin"",75.5,ANGLEUNIT[""degree"",0.0174532925199433],ID[""EPSG"",8801]],PARAMETER[""Longitude of natural origin"",105.5,ANGLEUNIT[""degree"",0.0174532925199433],ID[""EPSG"",8802]],PARAMETER[""False easting"",0,LENGTHUNIT[""metre"",1],ID[""EPSG"",8806]],PARAMETER[""False northing"",0,LENGTHUNIT[""metre"",1],ID[""EPSG"",8807]]],CS[Cartesian,2],AXIS[""(E)"",east,ORDER[1],LENGTHUNIT[""metre"",1,ID[""EPSG"",9001]]],AXIS[""(N)"",north,ORDER[2],LENGTHUNIT[""metre"",1,ID[""EPSG"",9001]]]]",True,9,[],1bc9004191be42cd681981ffd97e8e0a82316d983221c100f48e3d3df0d578b2,1bc9004191be42cd681981ffd97e8e0a82316d983221c100f48e3d3df0d578b2,True,True,0.0
rgi7.0|global|south=+075|west=+0105,pzi,144,144,"(0.008333333333333333, 0.0, 104.9, 0.0, -0.008333333333333333, 76.1, 0.0, 0.0, 1.0)",EPSG:4326,True,1,[],65527bd5c9c11f85217bd1b506c4b54bbfe8fa5936b25d540004f76d9b744433,65527bd5c9c11f85217bd1b506c4b54bbfe8fa5936b25d540004f76d9b744433,True,True,0.0
rgi7.0|global|south=+054|west=+0095,p00,3783,2256,"(30.0, 0.0, -33810.0, 0.0, -30.0, 56820.0, 0.0, 0.0, 1.0)","PROJCRS[""unknown"",BASEGEOGCRS[""unknown"",DATUM[""World Geodetic System 1984"",ELLIPSOID[""WGS 84"",6378137,298.257223563,LENGTHUNIT[""metre"",1]],ID[""EPSG"",6326]],PRIMEM[""Greenwich"",0,ANGLEUNIT[""degree"",0.0174532925199433],ID[""EPSG"",8901]]],CONVERSION[""unknown"",METHOD[""Lambert Azimuthal Equal Area"",ID[""EPSG"",9820]],PARAMETER[""Latitude of natural origin"",54.5,ANGLEUNIT[""degree"",0.0174532925199433],ID[""EPSG"",8801]],PARAMETER[""Longitude of natural origin"",95.5,ANGLEUNIT[""degree"",0.0174532925199433],ID[""EPSG"",8802]],PARAMETER[""False easting"",0,LENGTHUNIT[""metre"",1],ID[""EPSG"",8806]],PARAMETER[""False northing"",0,LENGTHUNIT[""metre"",1],ID[""EPSG"",8807]]],CS[Cartesian,2],AXIS[""(E)"",east,ORDER[1],LENGTHUNIT[""metre"",1,ID[""EPSG"",9001]]],AXIS[""(N)"",north,ORDER[2],LENGTHUNIT[""metre"",1,ID[""EPSG"",9001]]]]",True,9,[],60788805b6bcfd029cb5ff4c7ed3a9be227053849185c6c6c3d2394a4eacdece,60788805b6bcfd029cb5ff4c7ed3a9be227053849185c6c6c3d2394a4eacdece,True,True,0.0
rgi7.0|global|south=+054|west=+0095,p10,3782,2253,"(30.0, 0.0, -33795.0, 0.0, -30.0, 56790.0, 0.0, 0.0, 1.0)","PROJCRS[""unknown"",BASEGEOGCRS[""unknown"",DATUM[""World Geodetic System 1984"",ELLIPSOID[""WGS 84"",6378137,298.257223563,LENGTHUNIT[""metre"",1]],ID[""EPSG"",6326]],PRIMEM[""Greenwich"",0,ANGLEUNIT[""degree"",0.0174532925199433],ID[""EPSG"",8901]]],CONVERSION[""unknown"",METHOD[""Lambert Azimuthal Equal Area"",ID[""EPSG"",9820]],PARAMETER[""Latitude of natural origin"",54.5,ANGLEUNIT[""degree"",0.0174532925199433],ID[""EPSG"",8801]],PARAMETER[""Longitude of natural origin"",95.5,ANGLEUNIT[""degree"",0.0174532925199433],ID[""EPSG"",8802]],PARAMETER[""False easting"",0,LENGTHUNIT[""metre"",1],ID[""EPSG"",8806]],PARAMETER[""False northing"",0,LENGTHUNIT[""metre"",1],ID[""EPSG"",8807]]],CS[Cartesian,2],AXIS[""(E)"",east,ORDER[1],LENGTHUNIT[""metre"",1,ID[""EPSG"",9001]]],AXIS[""(N)"",north,ORDER[2],LENGTHUNIT[""metre"",1,ID[""EPSG"",9001]]]]",True,9,[],197437c78415df58a589ee4441e792b7ffa9c923686bcee5bf5e9704af961e8d,197437c78415df58a589ee4441e792b7ffa9c923686bcee5bf5e9704af961e8d,True,True,0.0
rgi7.0|global|south=+054|west=+0095,p01,3781,2254,"(30.0, 0.0, -33810.0, 0.0, -30.0, 56775.0, 0.0, 0.0, 1.0)","PROJCRS[""unknown"",BASEGEOGCRS[""unknown"",DATUM[""World Geodetic System 1984"",ELLIPSOID[""WGS 84"",6378137,298.257223563,LENGTHUNIT[""metre"",1]],ID[""EPSG"",6326]],PRIMEM[""Greenwich"",0,ANGLEUNIT[""degree"",0.0174532925199433],ID[""EPSG"",8901]]],CONVERSION[""unknown"",METHOD[""Lambert Azimuthal Equal Area"",ID[""EPSG"",9820]],PARAMETER[""Latitude of natural origin"",54.5,ANGLEUNIT[""degree"",0.0174532925199433],ID[""EPSG"",8801]],PARAMETER[""Longitude of natural origin"",95.5,ANGLEUNIT[""degree"",0.0174532925199433],ID[""EPSG"",8802]],PARAMETER[""False easting"",0,LENGTHUNIT[""metre"",1],ID[""EPSG"",8806]],PARAMETER[""False northing"",0,LENGTHUNIT[""metre"",1],ID[""EPSG"",8807]]],CS[Cartesian,2],AXIS[""(E)"",east,ORDER[1],LENGTHUNIT[""metre"",1,ID[""EPSG"",9001]]],AXIS[""(N)"",north,ORDER[2],LENGTHUNIT[""metre"",1,ID[""EPSG"",9001]]]]",True,9,[],851484d49a5c1460366de3d9cee16f1b5935f40188211536aab74816d39c1ebe,851484d49a5c1460366de3d9cee16f1b5935f40188211536aab74816d39c1ebe,True,True,0.0
rgi7.0|global|south=+054|west=+0095,p11,3781,2253,"(30.0, 0.0, -33795.0, 0.0, -30.0, 56775.0, 0.0, 0.0, 1.0)","PROJCRS[""unknown"",BASEGEOGCRS[""unknown"",DATUM[""World Geodetic System 1984"",ELLIPSOID[""WGS 84"",6378137,298.257223563,LENGTHUNIT[""metre"",1]],ID[""EPSG"",6326]],PRIMEM[""Greenwich"",0,ANGLEUNIT[""degree"",0.0174532925199433],ID[""EPSG"",8901]]],CONVERSION[""unknown"",METHOD[""Lambert Azimuthal Equal Area"",ID[""EPSG"",9820]],PARAMETER[""Latitude of natural origin"",54.5,ANGLEUNIT[""degree"",0.0174532925199433],ID[""EPSG"",8801]],PARAMETER[""Longitude of natural origin"",95.5,ANGLEUNIT[""degree"",0.0174532925199433],ID[""EPSG"",8802]],PARAMETER[""False easting"",0,LENGTHUNIT[""metre"",1],ID[""EPSG"",8806]],PARAMETER[""False northing"",0,LENGTHUNIT[""metre"",1],ID[""EPSG"",8807]]],CS[Cartesian,2],AXIS[""(E)"",east,ORDER[1],LENGTHUNIT[""metre"",1,ID[""EPSG"",9001]]],AXIS[""(N)"",north,ORDER[2],LENGTHUNIT[""metre"",1,ID[""EPSG"",9001]]]]",True,9,[],eb58b0e6d0bda59b4efa02ecffd71776f383725b173ed8a008620aab1b1cd86b,eb58b0e6d0bda59b4efa02ecffd71776f383725b173ed8a008620aab1b1cd86b,True,True,0.0
rgi7.0|global|south=+054|west=+0095,pzi,144,144,"(0.008333333333333333, 0.0, 94.9, 0.0, -0.008333333333333333, 55.1, 0.0, 0.0, 1.0)",EPSG:4326,True,1,[],66aed07da72007a175b6f409d82f9f6607c9744c2374063386160ea958469e07,66aed07da72007a175b6f409d82f9f6607c9744c2374063386160ea958469e07,True,True,0.0
rgi7.0|global|south=+069|west=+0092,p00,3789,1404,"(30.0, 0.0, -21030.0, 0.0, -30.0, 56880.0, 0.0, 0.0, 1.0)","PROJCRS[""unknown"",BASEGEOGCRS[""unknown"",DATUM[""World Geodetic System 1984"",ELLIPSOID[""WGS 84"",6378137,298.257223563,LENGTHUNIT[""metre"",1]],ID[""EPSG"",6326]],PRIMEM[""Greenwich"",0,ANGLEUNIT[""degree"",0.0174532925199433],ID[""EPSG"",8901]]],CONVERSION[""unknown"",METHOD[""Lambert Azimuthal Equal Area"",ID[""EPSG"",9820]],PARAMETER[""Latitude of natural origin"",69.5,ANGLEUNIT[""degree"",0.0174532925199433],ID[""EPSG"",8801]],PARAMETER[""Longitude of natural origin"",92.5,ANGLEUNIT[""degree"",0.0174532925199433],ID[""EPSG"",8802]],PARAMETER[""False easting"",0,LENGTHUNIT[""metre"",1],ID[""EPSG"",8806]],PARAMETER[""False northing"",0,LENGTHUNIT[""metre"",1],ID[""EPSG"",8807]]],CS[Cartesian,2],AXIS[""(E)"",east,ORDER[1],LENGTHUNIT[""metre"",1,ID[""EPSG"",9001]]],AXIS[""(N)"",north,ORDER[2],LENGTHUNIT[""metre"",1,ID[""EPSG"",9001]]]]",True,9,[],3d16b860c05b00c771342b443636823a16722ed299f4e98aeebbc656923aa5fb,3d16b860c05b00c771342b443636823a16722ed299f4e98aeebbc656923aa5fb,True,True,0.0
rgi7.0|global|south=+069|west=+0092,p10,3789,1401,"(30.0, 0.0, -21015.0, 0.0, -30.0, 56880.0, 0.0, 0.0, 1.0)","PROJCRS[""unknown"",BASEGEOGCRS[""unknown"",DATUM[""World Geodetic System 1984"",ELLIPSOID[""WGS 84"",6378137,298.257223563,LENGTHUNIT[""metre"",1]],ID[""EPSG"",6326]],PRIMEM[""Greenwich"",0,ANGLEUNIT[""degree"",0.0174532925199433],ID[""EPSG"",8901]]],CONVERSION[""unknown"",METHOD[""Lambert Azimuthal Equal Area"",ID[""EPSG"",9820]],PARAMETER[""Latitude of natural origin"",69.5,ANGLEUNIT[""degree"",0.0174532925199433],ID[""EPSG"",8801]],PARAMETER[""Longitude of natural origin"",92.5,ANGLEUNIT[""degree"",0.0174532925199433],ID[""EPSG"",8802]],PARAMETER[""False easting"",0,LENGTHUNIT[""metre"",1],ID[""EPSG"",8806]],PARAMETER[""False northing"",0,LENGTHUNIT[""metre"",1],ID[""EPSG"",8807]]],CS[Cartesian,2],AXIS[""(E)"",east,ORDER[1],LENGTHUNIT[""metre"",1,ID[""EPSG"",9001]]],AXIS[""(N)"",north,ORDER[2],LENGTHUNIT[""metre"",1,ID[""EPSG"",9001]]]]",True,9,[],7efb2119dde5fc620b562e7a3904c8950b015541e348e49de5b723289b9ee9f8,7efb2119dde5fc620b562e7a3904c8950b015541e348e49de5b723289b9ee9f8,True,True,0.0
rgi7.0|global|south=+069|west=+0092,p01,3789,1402,"(30.0, 0.0, -21030.0, 0.0, -30.0, 56865.0, 0.0, 0.0, 1.0)","PROJCRS[""unknown"",BASEGEOGCRS[""unknown"",DATUM[""World Geodetic System 1984"",ELLIPSOID[""WGS 84"",6378137,298.257223563,LENGTHUNIT[""metre"",1]],ID[""EPSG"",6326]],PRIMEM[""Greenwich"",0,ANGLEUNIT[""degree"",0.0174532925199433],ID[""EPSG"",8901]]],CONVERSION[""unknown"",METHOD[""Lambert Azimuthal Equal Area"",ID[""EPSG"",9820]],PARAMETER[""Latitude of natural origin"",69.5,ANGLEUNIT[""degree"",0.0174532925199433],ID[""EPSG"",8801]],PARAMETER[""Longitude of natural origin"",92.5,ANGLEUNIT[""degree"",0.0174532925199433],ID[""EPSG"",8802]],PARAMETER[""False easting"",0,LENGTHUNIT[""metre"",1],ID[""EPSG"",8806]],PARAMETER[""False northing"",0,LENGTHUNIT[""metre"",1],ID[""EPSG"",8807]]],CS[Cartesian,2],AXIS[""(E)"",east,ORDER[1],LENGTHUNIT[""metre"",1,ID[""EPSG"",9001]]],AXIS[""(N)"",north,ORDER[2],LENGTHUNIT[""metre"",1,ID[""EPSG"",9001]]]]",True,9,[],3a5b9c6141d3a3b4fe41f8250bcc8a51326a22eda50f3b34c145db135221da74,3a5b9c6141d3a3b4fe41f8250bcc8a51326a22eda50f3b34c145db135221da74,True,True,0.0
rgi7.0|global|south=+069|west=+0092,p11,3789,1401,"(30.0, 0.0, -21015.0, 0.0, -30.0, 56865.0, 0.0, 0.0, 1.0)","PROJCRS[""unknown"",BASEGEOGCRS[""unknown"",DATUM[""World Geodetic System 1984"",ELLIPSOID[""WGS 84"",6378137,298.257223563,LENGTHUNIT[""metre"",1]],ID[""EPSG"",6326]],PRIMEM[""Greenwich"",0,ANGLEUNIT[""degree"",0.0174532925199433],ID[""EPSG"",8901]]],CONVERSION[""unknown"",METHOD[""Lambert Azimuthal Equal Area"",ID[""EPSG"",9820]],PARAMETER[""Latitude of natural origin"",69.5,ANGLEUNIT[""degree"",0.0174532925199433],ID[""EPSG"",8801]],PARAMETER[""Longitude of natural origin"",92.5,ANGLEUNIT[""degree"",0.0174532925199433],ID[""EPSG"",8802]],PARAMETER[""False easting"",0,LENGTHUNIT[""metre"",1],ID[""EPSG"",8806]],PARAMETER[""False northing"",0,LENGTHUNIT[""metre"",1],ID[""EPSG"",8807]]],CS[Cartesian,2],AXIS[""(E)"",east,ORDER[1],LENGTHUNIT[""metre"",1,ID[""EPSG"",9001]]],AXIS[""(N)"",north,ORDER[2],LENGTHUNIT[""metre"",1,ID[""EPSG"",9001]]]]",True,9,[],ee81f9160974b1813d2b76c46b278b0b1e5542e118823e698a1283b8ab06a979,ee81f9160974b1813d2b76c46b278b0b1e5542e118823e698a1283b8ab06a979,True,True,0.0
rgi7.0|global|south=+069|west=+0092,pzi,144,144,"(0.008333333333333333, 0.0, 91.9, 0.0, -0.008333333333333333, 70.1, 0.0, 0.0, 1.0)",EPSG:4326,True,1,[],72e47736280b93e761eb33309898c672231b2ca59e91c5aee56a2ce6ff7c3839,72e47736280b93e761eb33309898c672231b2ca59e91c5aee56a2ce6ff7c3839,True,True,0.0
rgi7.0|global|south=+066|west=+0063,p00,3789,1584,"(30.0, 0.0, -23730.0, 0.0, -30.0, 56910.0, 0.0, 0.0, 1.0)","PROJCRS[""unknown"",BASEGEOGCRS[""unknown"",DATUM[""World Geodetic System 1984"",ELLIPSOID[""WGS 84"",6378137,298.257223563,LENGTHUNIT[""metre"",1]],ID[""EPSG"",6326]],PRIMEM[""Greenwich"",0,ANGLEUNIT[""degree"",0.0174532925199433],ID[""EPSG"",8901]]],CONVERSION[""unknown"",METHOD[""Lambert Azimuthal Equal Area"",ID[""EPSG"",9820]],PARAMETER[""Latitude of natural origin"",66.5,ANGLEUNIT[""degree"",0.0174532925199433],ID[""EPSG"",8801]],PARAMETER[""Longitude of natural origin"",63.5,ANGLEUNIT[""degree"",0.0174532925199433],ID[""EPSG"",8802]],PARAMETER[""False easting"",0,LENGTHUNIT[""metre"",1],ID[""EPSG"",8806]],PARAMETER[""False northing"",0,LENGTHUNIT[""metre"",1],ID[""EPSG"",8807]]],CS[Cartesian,2],AXIS[""(E)"",east,ORDER[1],LENGTHUNIT[""metre"",1,ID[""EPSG"",9001]]],AXIS[""(N)"",north,ORDER[2],LENGTHUNIT[""metre"",1,ID[""EPSG"",9001]]]]",True,9,[],f8af89db9266badeff48ffc97b066fc0f856817bcf2cd53fb855299f032bb629,f8af89db9266badeff48ffc97b066fc0f856817bcf2cd53fb855299f032bb629,True,True,0.0
rgi7.0|global|south=+066|west=+0063,p10,3787,1581,"(30.0, 0.0, -23715.0, 0.0, -30.0, 56850.0, 0.0, 0.0, 1.0)","PROJCRS[""unknown"",BASEGEOGCRS[""unknown"",DATUM[""World Geodetic System 1984"",ELLIPSOID[""WGS 84"",6378137,298.257223563,LENGTHUNIT[""metre"",1]],ID[""EPSG"",6326]],PRIMEM[""Greenwich"",0,ANGLEUNIT[""degree"",0.0174532925199433],ID[""EPSG"",8901]]],CONVERSION[""unknown"",METHOD[""Lambert Azimuthal Equal Area"",ID[""EPSG"",9820]],PARAMETER[""Latitude of natural origin"",66.5,ANGLEUNIT[""degree"",0.0174532925199433],ID[""EPSG"",8801]],PARAMETER[""Longitude of natural origin"",63.5,ANGLEUNIT[""degree"",0.0174532925199433],ID[""EPSG"",8802]],PARAMETER[""False easting"",0,LENGTHUNIT[""metre"",1],ID[""EPSG"",8806]],PARAMETER[""False northing"",0,LENGTHUNIT[""metre"",1],ID[""EPSG"",8807]]],CS[Cartesian,2],AXIS[""(E)"",east,ORDER[1],LENGTHUNIT[""metre"",1,ID[""EPSG"",9001]]],AXIS[""(N)"",north,ORDER[2],LENGTHUNIT[""metre"",1,ID[""EPSG"",9001]]]]",True,9,[],5f20dd6c06227177da073cb73d52825e243b877acadb83e810c36a3c2be41e3f,5f20dd6c06227177da073cb73d52825e243b877acadb83e810c36a3c2be41e3f,True,True,0.0
rgi7.0|global|south=+066|west=+0063,p01,3788,1582,"(30.0, 0.0, -23730.0, 0.0, -30.0, 56865.0, 0.0, 0.0, 1.0)","PROJCRS[""unknown"",BASEGEOGCRS[""unknown"",DATUM[""World Geodetic System 1984"",ELLIPSOID[""WGS 84"",6378137,298.257223563,LENGTHUNIT[""metre"",1]],ID[""EPSG"",6326]],PRIMEM[""Greenwich"",0,ANGLEUNIT[""degree"",0.0174532925199433],ID[""EPSG"",8901]]],CONVERSION[""unknown"",METHOD[""Lambert Azimuthal Equal Area"",ID[""EPSG"",9820]],PARAMETER[""Latitude of natural origin"",66.5,ANGLEUNIT[""degree"",0.0174532925199433],ID[""EPSG"",8801]],PARAMETER[""Longitude of natural origin"",63.5,ANGLEUNIT[""degree"",0.0174532925199433],ID[""EPSG"",8802]],PARAMETER[""False easting"",0,LENGTHUNIT[""metre"",1],ID[""EPSG"",8806]],PARAMETER[""False northing"",0,LENGTHUNIT[""metre"",1],ID[""EPSG"",8807]]],CS[Cartesian,2],AXIS[""(E)"",east,ORDER[1],LENGTHUNIT[""metre"",1,ID[""EPSG"",9001]]],AXIS[""(N)"",north,ORDER[2],LENGTHUNIT[""metre"",1,ID[""EPSG"",9001]]]]",True,9,[],5a0a908e460579bfdb2a2f7bf268700d5296cd77193a5603166d866589a2651c,5a0a908e460579bfdb2a2f7bf268700d5296cd77193a5603166d866589a2651c,True,True,0.0
rgi7.0|global|south=+066|west=+0063,p11,3788,1581,"(30.0, 0.0, -23715.0, 0.0, -30.0, 56865.0, 0.0, 0.0, 1.0)","PROJCRS[""unknown"",BASEGEOGCRS[""unknown"",DATUM[""World Geodetic System 1984"",ELLIPSOID[""WGS 84"",6378137,298.257223563,LENGTHUNIT[""metre"",1]],ID[""EPSG"",6326]],PRIMEM[""Greenwich"",0,ANGLEUNIT[""degree"",0.0174532925199433],ID[""EPSG"",8901]]],CONVERSION[""unknown"",METHOD[""Lambert Azimuthal Equal Area"",ID[""EPSG"",9820]],PARAMETER[""Latitude of natural origin"",66.5,ANGLEUNIT[""degree"",0.0174532925199433],ID[""EPSG"",8801]],PARAMETER[""Longitude of natural origin"",63.5,ANGLEUNIT[""degree"",0.0174532925199433],ID[""EPSG"",8802]],PARAMETER[""False easting"",0,LENGTHUNIT[""metre"",1],ID[""EPSG"",8806]],PARAMETER[""False northing"",0,LENGTHUNIT[""metre"",1],ID[""EPSG"",8807]]],CS[Cartesian,2],AXIS[""(E)"",east,ORDER[1],LENGTHUNIT[""metre"",1,ID[""EPSG"",9001]]],AXIS[""(N)"",north,ORDER[2],LENGTHUNIT[""metre"",1,ID[""EPSG"",9001]]]]",True,9,[],fcb2218749b3bb537f50ed8bafaf117e81358c94badea347362489de3818c1aa,fcb2218749b3bb537f50ed8bafaf117e81358c94badea347362489de3818c1aa,True,True,0.0
rgi7.0|global|south=+066|west=+0063,pzi,144,144,"(0.008333333333333333, 0.0, 62.9, 0.0, -0.008333333333333333, 67.1, 0.0, 0.0, 1.0)",EPSG:4326,True,1,[],c5c4332bcc55eaee0892a82b7f8539ed8e83d3b1fbcbdd52c469880e8e44a99f,c5c4332bcc55eaee0892a82b7f8539ed8e83d3b1fbcbdd52c469880e8e44a99f,True,True,0.0
rgi7.0|global|south=+061|west=+0161,p00,3786,1872,"(30.0, 0.0, -28080.0, 0.0, -30.0, 56850.0, 0.0, 0.0, 1.0)","PROJCRS[""unknown"",BASEGEOGCRS[""unknown"",DATUM[""World Geodetic System 1984"",ELLIPSOID[""WGS 84"",6378137,298.257223563,LENGTHUNIT[""metre"",1]],ID[""EPSG"",6326]],PRIMEM[""Greenwich"",0,ANGLEUNIT[""degree"",0.0174532925199433],ID[""EPSG"",8901]]],CONVERSION[""unknown"",METHOD[""Lambert Azimuthal Equal Area"",ID[""EPSG"",9820]],PARAMETER[""Latitude of natural origin"",61.5,ANGLEUNIT[""degree"",0.0174532925199433],ID[""EPSG"",8801]],PARAMETER[""Longitude of natural origin"",161.5,ANGLEUNIT[""degree"",0.0174532925199433],ID[""EPSG"",8802]],PARAMETER[""False easting"",0,LENGTHUNIT[""metre"",1],ID[""EPSG"",8806]],PARAMETER[""False northing"",0,LENGTHUNIT[""metre"",1],ID[""EPSG"",8807]]],CS[Cartesian,2],AXIS[""(E)"",east,ORDER[1],LENGTHUNIT[""metre"",1,ID[""EPSG"",9001]]],AXIS[""(N)"",north,ORDER[2],LENGTHUNIT[""metre"",1,ID[""EPSG"",9001]]]]",True,9,[],b9edaf351308285ab0b2ec42c890f7b1fa3a836fe7b1b363d509d131c0e21c65,b9edaf351308285ab0b2ec42c890f7b1fa3a836fe7b1b363d509d131c0e21c65,True,True,0.0
rgi7.0|global|south=+061|west=+0161,p10,3786,1871,"(30.0, 0.0, -28065.0, 0.0, -30.0, 56850.0, 0.0, 0.0, 1.0)","PROJCRS[""unknown"",BASEGEOGCRS[""unknown"",DATUM[""World Geodetic System 1984"",ELLIPSOID[""WGS 84"",6378137,298.257223563,LENGTHUNIT[""metre"",1]],ID[""EPSG"",6326]],PRIMEM[""Greenwich"",0,ANGLEUNIT[""degree"",0.0174532925199433],ID[""EPSG"",8901]]],CONVERSION[""unknown"",METHOD[""Lambert Azimuthal Equal Area"",ID[""EPSG"",9820]],PARAMETER[""Latitude of natural origin"",61.5,ANGLEUNIT[""degree"",0.0174532925199433],ID[""EPSG"",8801]],PARAMETER[""Longitude of natural origin"",161.5,ANGLEUNIT[""degree"",0.0174532925199433],ID[""EPSG"",8802]],PARAMETER[""False easting"",0,LENGTHUNIT[""metre"",1],ID[""EPSG"",8806]],PARAMETER[""False northing"",0,LENGTHUNIT[""metre"",1],ID[""EPSG"",8807]]],CS[Cartesian,2],AXIS[""(E)"",east,ORDER[1],LENGTHUNIT[""metre"",1,ID[""EPSG"",9001]]],AXIS[""(N)"",north,ORDER[2],LENGTHUNIT[""metre"",1,ID[""EPSG"",9001]]]]",True,9,[],2ff1ef7168c192aaf82f10d9dcf158774ff1ec66bea0be9abff5bcddb96a7924,2ff1ef7168c192aaf82f10d9dcf158774ff1ec66bea0be9abff5bcddb96a7924,True,True,0.0
rgi7.0|global|south=+061|west=+0161,p01,3786,1872,"(30.0, 0.0, -28080.0, 0.0, -30.0, 56835.0, 0.0, 0.0, 1.0)","PROJCRS[""unknown"",BASEGEOGCRS[""unknown"",DATUM[""World Geodetic System 1984"",ELLIPSOID[""WGS 84"",6378137,298.257223563,LENGTHUNIT[""metre"",1]],ID[""EPSG"",6326]],PRIMEM[""Greenwich"",0,ANGLEUNIT[""degree"",0.0174532925199433],ID[""EPSG"",8901]]],CONVERSION[""unknown"",METHOD[""Lambert Azimuthal Equal Area"",ID[""EPSG"",9820]],PARAMETER[""Latitude of natural origin"",61.5,ANGLEUNIT[""degree"",0.0174532925199433],ID[""EPSG"",8801]],PARAMETER[""Longitude of natural origin"",161.5,ANGLEUNIT[""degree"",0.0174532925199433],ID[""EPSG"",8802]],PARAMETER[""False easting"",0,LENGTHUNIT[""metre"",1],ID[""EPSG"",8806]],PARAMETER[""False northing"",0,LENGTHUNIT[""metre"",1],ID[""EPSG"",8807]]],CS[Cartesian,2],AXIS[""(E)"",east,ORDER[1],LENGTHUNIT[""metre"",1,ID[""EPSG"",9001]]],AXIS[""(N)"",north,ORDER[2],LENGTHUNIT[""metre"",1,ID[""EPSG"",9001]]]]",True,9,[],23945166bb40e9adeed1b574908bf51476f0ff1a920e6e2e781c1d860006f2e5,23945166bb40e9adeed1b574908bf51476f0ff1a920e6e2e781c1d860006f2e5,True,True,0.0
rgi7.0|global|south=+061|west=+0161,p11,3786,1871,"(30.0, 0.0, -28065.0, 0.0, -30.0, 56835.0, 0.0, 0.0, 1.0)","PROJCRS[""unknown"",BASEGEOGCRS[""unknown"",DATUM[""World Geodetic System 1984"",ELLIPSOID[""WGS 84"",6378137,298.257223563,LENGTHUNIT[""metre"",1]],ID[""EPSG"",6326]],PRIMEM[""Greenwich"",0,ANGLEUNIT[""degree"",0.0174532925199433],ID[""EPSG"",8901]]],CONVERSION[""unknown"",METHOD[""Lambert Azimuthal Equal Area"",ID[""EPSG"",9820]],PARAMETER[""Latitude of natural origin"",61.5,ANGLEUNIT[""degree"",0.0174532925199433],ID[""EPSG"",8801]],PARAMETER[""Longitude of natural origin"",161.5,ANGLEUNIT[""degree"",0.0174532925199433],ID[""EPSG"",8802]],PARAMETER[""False easting"",0,LENGTHUNIT[""metre"",1],ID[""EPSG"",8806]],PARAMETER[""False northing"",0,LENGTHUNIT[""metre"",1],ID[""EPSG"",8807]]],CS[Cartesian,2],AXIS[""(E)"",east,ORDER[1],LENGTHUNIT[""metre"",1,ID[""EPSG"",9001]]],AXIS[""(N)"",north,ORDER[2],LENGTHUNIT[""metre"",1,ID[""EPSG"",9001]]]]",True,9,[],be39fe81f51eaacff6003e4ad7aee2840b2a2e221394bbd9f56f7544eb5a283a,be39fe81f51eaacff6003e4ad7aee2840b2a2e221394bbd9f56f7544eb5a283a,True,True,0.0
rgi7.0|global|south=+061|west=+0161,pzi,144,144,"(0.008333333333333333, 0.0, 160.9, 0.0, -0.008333333333333333, 62.1, 0.0, 0.0, 1.0)",EPSG:4326,True,1,[],aad2c7651313902e2c20a40b0a452d3a31a5b90cd0c345d9abf2227f74e351ed,aad2c7651313902e2c20a40b0a452d3a31a5b90cd0c345d9abf2227f74e351ed,True,True,0.0
rgi7.0|global|south=+036|west=+0137,p00,3771,3075,"(30.0, 0.0, -46110.0, 0.0, -30.0, 56640.0, 0.0, 0.0, 1.0)","PROJCRS[""unknown"",BASEGEOGCRS[""unknown"",DATUM[""World Geodetic System 1984"",ELLIPSOID[""WGS 84"",6378137,298.257223563,LENGTHUNIT[""metre"",1]],ID[""EPSG"",6326]],PRIMEM[""Greenwich"",0,ANGLEUNIT[""degree"",0.0174532925199433],ID[""EPSG"",8901]]],CONVERSION[""unknown"",METHOD[""Lambert Azimuthal Equal Area"",ID[""EPSG"",9820]],PARAMETER[""Latitude of natural origin"",36.5,ANGLEUNIT[""degree"",0.0174532925199433],ID[""EPSG"",8801]],PARAMETER[""Longitude of natural origin"",137.5,ANGLEUNIT[""degree"",0.0174532925199433],ID[""EPSG"",8802]],PARAMETER[""False easting"",0,LENGTHUNIT[""metre"",1],ID[""EPSG"",8806]],PARAMETER[""False northing"",0,LENGTHUNIT[""metre"",1],ID[""EPSG"",8807]]],CS[Cartesian,2],AXIS[""(E)"",east,ORDER[1],LENGTHUNIT[""metre"",1,ID[""EPSG"",9001]]],AXIS[""(N)"",north,ORDER[2],LENGTHUNIT[""metre"",1,ID[""EPSG"",9001]]]]",True,9,[],063b18a0e387f295f2a1bc6f6ad6ef66ec45f0f0f3c251ef5880b48fe72df04a,063b18a0e387f295f2a1bc6f6ad6ef66ec45f0f0f3c251ef5880b48fe72df04a,True,True,0.0
rgi7.0|global|south=+036|west=+0137,p10,3770,3073,"(30.0, 0.0, -46095.0, 0.0, -30.0, 56610.0, 0.0, 0.0, 1.0)","PROJCRS[""unknown"",BASEGEOGCRS[""unknown"",DATUM[""World Geodetic System 1984"",ELLIPSOID[""WGS 84"",6378137,298.257223563,LENGTHUNIT[""metre"",1]],ID[""EPSG"",6326]],PRIMEM[""Greenwich"",0,ANGLEUNIT[""degree"",0.0174532925199433],ID[""EPSG"",8901]]],CONVERSION[""unknown"",METHOD[""Lambert Azimuthal Equal Area"",ID[""EPSG"",9820]],PARAMETER[""Latitude of natural origin"",36.5,ANGLEUNIT[""degree"",0.0174532925199433],ID[""EPSG"",8801]],PARAMETER[""Longitude of natural origin"",137.5,ANGLEUNIT[""degree"",0.0174532925199433],ID[""EPSG"",8802]],PARAMETER[""False easting"",0,LENGTHUNIT[""metre"",1],ID[""EPSG"",8806]],PARAMETER[""False northing"",0,LENGTHUNIT[""metre"",1],ID[""EPSG"",8807]]],CS[Cartesian,2],AXIS[""(E)"",east,ORDER[1],LENGTHUNIT[""metre"",1,ID[""EPSG"",9001]]],AXIS[""(N)"",north,ORDER[2],LENGTHUNIT[""metre"",1,ID[""EPSG"",9001]]]]",True,9,[],67ea3d3aa70227ad211d6c693f206a13d387f04a3433595015457b9d97bfad83,67ea3d3aa70227ad211d6c693f206a13d387f04a3433595015457b9d97bfad83,True,True,0.0
rgi7.0|global|south=+036|west=+0137,p01,3771,3074,"(30.0, 0.0, -46110.0, 0.0, -30.0, 56625.0, 0.0, 0.0, 1.0)","PROJCRS[""unknown"",BASEGEOGCRS[""unknown"",DATUM[""World Geodetic System 1984"",ELLIPSOID[""WGS 84"",6378137,298.257223563,LENGTHUNIT[""metre"",1]],ID[""EPSG"",6326]],PRIMEM[""Greenwich"",0,ANGLEUNIT[""degree"",0.0174532925199433],ID[""EPSG"",8901]]],CONVERSION[""unknown"",METHOD[""Lambert Azimuthal Equal Area"",ID[""EPSG"",9820]],PARAMETER[""Latitude of natural origin"",36.5,ANGLEUNIT[""degree"",0.0174532925199433],ID[""EPSG"",8801]],PARAMETER[""Longitude of natural origin"",137.5,ANGLEUNIT[""degree"",0.0174532925199433],ID[""EPSG"",8802]],PARAMETER[""False easting"",0,LENGTHUNIT[""metre"",1],ID[""EPSG"",8806]],PARAMETER[""False northing"",0,LENGTHUNIT[""metre"",1],ID[""EPSG"",8807]]],CS[Cartesian,2],AXIS[""(E)"",east,ORDER[1],LENGTHUNIT[""metre"",1,ID[""EPSG"",9001]]],AXIS[""(N)"",north,ORDER[2],LENGTHUNIT[""metre"",1,ID[""EPSG"",9001]]]]",True,9,[],766088686f71b8d5716ad1355313655c18eb3f2bbf608886580978e00f9ea12f,766088686f71b8d5716ad1355313655c18eb3f2bbf608886580978e00f9ea12f,True,True,0.0
rgi7.0|global|south=+036|west=+0137,p11,3771,3073,"(30.0, 0.0, -46095.0, 0.0, -30.0, 56625.0, 0.0, 0.0, 1.0)","PROJCRS[""unknown"",BASEGEOGCRS[""unknown"",DATUM[""World Geodetic System 1984"",ELLIPSOID[""WGS 84"",6378137,298.257223563,LENGTHUNIT[""metre"",1]],ID[""EPSG"",6326]],PRIMEM[""Greenwich"",0,ANGLEUNIT[""degree"",0.0174532925199433],ID[""EPSG"",8901]]],CONVERSION[""unknown"",METHOD[""Lambert Azimuthal Equal Area"",ID[""EPSG"",9820]],PARAMETER[""Latitude of natural origin"",36.5,ANGLEUNIT[""degree"",0.0174532925199433],ID[""EPSG"",8801]],PARAMETER[""Longitude of natural origin"",137.5,ANGLEUNIT[""degree"",0.0174532925199433],ID[""EPSG"",8802]],PARAMETER[""False easting"",0,LENGTHUNIT[""metre"",1],ID[""EPSG"",8806]],PARAMETER[""False northing"",0,LENGTHUNIT[""metre"",1],ID[""EPSG"",8807]]],CS[Cartesian,2],AXIS[""(E)"",east,ORDER[1],LENGTHUNIT[""metre"",1,ID[""EPSG"",9001]]],AXIS[""(N)"",north,ORDER[2],LENGTHUNIT[""metre"",1,ID[""EPSG"",9001]]]]",True,9,[],e88ba531c181ef88d05feb73060e6bbc3110a7fcb1639d6c7356fff6ffc5e3e8,e88ba531c181ef88d05feb73060e6bbc3110a7fcb1639d6c7356fff6ffc5e3e8,True,True,0.0
rgi7.0|global|south=+036|west=+0137,pzi,144,144,"(0.008333333333333333, 0.0, 136.9, 0.0, -0.008333333333333333, 37.1, 0.0, 0.0, 1.0)",EPSG:4326,True,1,[],79abadbbcb4bbd147eb5c2b7e77254cf731121ea734a60c30be902375e5f7325,79abadbbcb4bbd147eb5c2b7e77254cf731121ea734a60c30be902375e5f7325,True,True,0.0
rgi7.0|global|south=+046|west=+0012,p00,3777,2652,"(30.0, 0.0, -39750.0, 0.0, -30.0, 56730.0, 0.0, 0.0, 1.0)","PROJCRS[""unknown"",BASEGEOGCRS[""unknown"",DATUM[""World Geodetic System 1984"",ELLIPSOID[""WGS 84"",6378137,298.257223563,LENGTHUNIT[""metre"",1]],ID[""EPSG"",6326]],PRIMEM[""Greenwich"",0,ANGLEUNIT[""degree"",0.0174532925199433],ID[""EPSG"",8901]]],CONVERSION[""unknown"",METHOD[""Lambert Azimuthal Equal Area"",ID[""EPSG"",9820]],PARAMETER[""Latitude of natural origin"",46.5,ANGLEUNIT[""degree"",0.0174532925199433],ID[""EPSG"",8801]],PARAMETER[""Longitude of natural origin"",12.5,ANGLEUNIT[""degree"",0.0174532925199433],ID[""EPSG"",8802]],PARAMETER[""False easting"",0,LENGTHUNIT[""metre"",1],ID[""EPSG"",8806]],PARAMETER[""False northing"",0,LENGTHUNIT[""metre"",1],ID[""EPSG"",8807]]],CS[Cartesian,2],AXIS[""(E)"",east,ORDER[1],LENGTHUNIT[""metre"",1,ID[""EPSG"",9001]]],AXIS[""(N)"",north,ORDER[2],LENGTHUNIT[""metre"",1,ID[""EPSG"",9001]]]]",True,9,[],7fedf99c14d056f3f82b87864c47ca94e0de15a0b5aa36407da81fd978be2ef9,7fedf99c14d056f3f82b87864c47ca94e0de15a0b5aa36407da81fd978be2ef9,True,True,0.0
rgi7.0|global|south=+046|west=+0012,p10,3777,2649,"(30.0, 0.0, -39735.0, 0.0, -30.0, 56730.0, 0.0, 0.0, 1.0)","PROJCRS[""unknown"",BASEGEOGCRS[""unknown"",DATUM[""World Geodetic System 1984"",ELLIPSOID[""WGS 84"",6378137,298.257223563,LENGTHUNIT[""metre"",1]],ID[""EPSG"",6326]],PRIMEM[""Greenwich"",0,ANGLEUNIT[""degree"",0.0174532925199433],ID[""EPSG"",8901]]],CONVERSION[""unknown"",METHOD[""Lambert Azimuthal Equal Area"",ID[""EPSG"",9820]],PARAMETER[""Latitude of natural origin"",46.5,ANGLEUNIT[""degree"",0.0174532925199433],ID[""EPSG"",8801]],PARAMETER[""Longitude of natural origin"",12.5,ANGLEUNIT[""degree"",0.0174532925199433],ID[""EPSG"",8802]],PARAMETER[""False easting"",0,LENGTHUNIT[""metre"",1],ID[""EPSG"",8806]],PARAMETER[""False northing"",0,LENGTHUNIT[""metre"",1],ID[""EPSG"",8807]]],CS[Cartesian,2],AXIS[""(E)"",east,ORDER[1],LENGTHUNIT[""metre"",1,ID[""EPSG"",9001]]],AXIS[""(N)"",north,ORDER[2],LENGTHUNIT[""metre"",1,ID[""EPSG"",9001]]]]",True,9,[],00131ee9fd1de0af1e5cfd8da59b5ed06ceac0d19a35e82648da3a526fcc6cc7,00131ee9fd1de0af1e5cfd8da59b5ed06ceac0d19a35e82648da3a526fcc6cc7,True,True,0.0
rgi7.0|global|south=+046|west=+0012,p01,3777,2650,"(30.0, 0.0, -39750.0, 0.0, -30.0, 56715.0, 0.0, 0.0, 1.0)","PROJCRS[""unknown"",BASEGEOGCRS[""unknown"",DATUM[""World Geodetic System 1984"",ELLIPSOID[""WGS 84"",6378137,298.257223563,LENGTHUNIT[""metre"",1]],ID[""EPSG"",6326]],PRIMEM[""Greenwich"",0,ANGLEUNIT[""degree"",0.0174532925199433],ID[""EPSG"",8901]]],CONVERSION[""unknown"",METHOD[""Lambert Azimuthal Equal Area"",ID[""EPSG"",9820]],PARAMETER[""Latitude of natural origin"",46.5,ANGLEUNIT[""degree"",0.0174532925199433],ID[""EPSG"",8801]],PARAMETER[""Longitude of natural origin"",12.5,ANGLEUNIT[""degree"",0.0174532925199433],ID[""EPSG"",8802]],PARAMETER[""False easting"",0,LENGTHUNIT[""metre"",1],ID[""EPSG"",8806]],PARAMETER[""False northing"",0,LENGTHUNIT[""metre"",1],ID[""EPSG"",8807]]],CS[Cartesian,2],AXIS[""(E)"",east,ORDER[1],LENGTHUNIT[""metre"",1,ID[""EPSG"",9001]]],AXIS[""(N)"",north,ORDER[2],LENGTHUNIT[""metre"",1,ID[""EPSG"",9001]]]]",True,9,[],a3f3c2490c5c66080e71e98dca7e61ab7009fe6010c1db5f1db122178d76c6ff,a3f3c2490c5c66080e71e98dca7e61ab7009fe6010c1db5f1db122178d76c6ff,True,True,0.0
rgi7.0|global|south=+046|west=+0012,p11,3777,2649,"(30.0, 0.0, -39735.0, 0.0, -30.0, 56715.0, 0.0, 0.0, 1.0)","PROJCRS[""unknown"",BASEGEOGCRS[""unknown"",DATUM[""World Geodetic System 1984"",ELLIPSOID[""WGS 84"",6378137,298.257223563,LENGTHUNIT[""metre"",1]],ID[""EPSG"",6326]],PRIMEM[""Greenwich"",0,ANGLEUNIT[""degree"",0.0174532925199433],ID[""EPSG"",8901]]],CONVERSION[""unknown"",METHOD[""Lambert Azimuthal Equal Area"",ID[""EPSG"",9820]],PARAMETER[""Latitude of natural origin"",46.5,ANGLEUNIT[""degree"",0.0174532925199433],ID[""EPSG"",8801]],PARAMETER[""Longitude of natural origin"",12.5,ANGLEUNIT[""degree"",0.0174532925199433],ID[""EPSG"",8802]],PARAMETER[""False easting"",0,LENGTHUNIT[""metre"",1],ID[""EPSG"",8806]],PARAMETER[""False northing"",0,LENGTHUNIT[""metre"",1],ID[""EPSG"",8807]]],CS[Cartesian,2],AXIS[""(E)"",east,ORDER[1],LENGTHUNIT[""metre"",1,ID[""EPSG"",9001]]],AXIS[""(N)"",north,ORDER[2],LENGTHUNIT[""metre"",1,ID[""EPSG"",9001]]]]",True,9,[],0142018ee00b82de7f67a7c925910db97e9cbe397d0d137504b604bc2fdd502d,0142018ee00b82de7f67a7c925910db97e9cbe397d0d137504b604bc2fdd502d,True,True,0.0
rgi7.0|global|south=+046|west=+0012,pzi,144,144,"(0.008333333333333333, 0.0, 11.9, 0.0, -0.008333333333333333, 47.1, 0.0, 0.0, 1.0)",EPSG:4326,True,1,[],d343b6a5797576f704bf0f177248e9112af713ad5d727f30cf0925d2aef609e3,d343b6a5797576f704bf0f177248e9112af713ad5d727f30cf0925d2aef609e3,True,True,0.0
rgi7.0|global|south=+046|west=+0007,p00,3777,2652,"(30.0, 0.0, -39750.0, 0.0, -30.0, 56730.0, 0.0, 0.0, 1.0)","PROJCRS[""unknown"",BASEGEOGCRS[""unknown"",DATUM[""World Geodetic System 1984"",ELLIPSOID[""WGS 84"",6378137,298.257223563,LENGTHUNIT[""metre"",1]],ID[""EPSG"",6326]],PRIMEM[""Greenwich"",0,ANGLEUNIT[""degree"",0.0174532925199433],ID[""EPSG"",8901]]],CONVERSION[""unknown"",METHOD[""Lambert Azimuthal Equal Area"",ID[""EPSG"",9820]],PARAMETER[""Latitude of natural origin"",46.5,ANGLEUNIT[""degree"",0.0174532925199433],ID[""EPSG"",8801]],PARAMETER[""Longitude of natural origin"",7.5,ANGLEUNIT[""degree"",0.0174532925199433],ID[""EPSG"",8802]],PARAMETER[""False easting"",0,LENGTHUNIT[""metre"",1],ID[""EPSG"",8806]],PARAMETER[""False northing"",0,LENGTHUNIT[""metre"",1],ID[""EPSG"",8807]]],CS[Cartesian,2],AXIS[""(E)"",east,ORDER[1],LENGTHUNIT[""metre"",1,ID[""EPSG"",9001]]],AXIS[""(N)"",north,ORDER[2],LENGTHUNIT[""metre"",1,ID[""EPSG"",9001]]]]",True,9,[],258e3fa239abf8fd6be61dfe518544e9bbb8c52d444b29adee6616c9830782a2,258e3fa239abf8fd6be61dfe518544e9bbb8c52d444b29adee6616c9830782a2,True,True,0.0
rgi7.0|global|south=+046|west=+0007,p10,3777,2649,"(30.0, 0.0, -39735.0, 0.0, -30.0, 56730.0, 0.0, 0.0, 1.0)","PROJCRS[""unknown"",BASEGEOGCRS[""unknown"",DATUM[""World Geodetic System 1984"",ELLIPSOID[""WGS 84"",6378137,298.257223563,LENGTHUNIT[""metre"",1]],ID[""EPSG"",6326]],PRIMEM[""Greenwich"",0,ANGLEUNIT[""degree"",0.0174532925199433],ID[""EPSG"",8901]]],CONVERSION[""unknown"",METHOD[""Lambert Azimuthal Equal Area"",ID[""EPSG"",9820]],PARAMETER[""Latitude of natural origin"",46.5,ANGLEUNIT[""degree"",0.0174532925199433],ID[""EPSG"",8801]],PARAMETER[""Longitude of natural origin"",7.5,ANGLEUNIT[""degree"",0.0174532925199433],ID[""EPSG"",8802]],PARAMETER[""False easting"",0,LENGTHUNIT[""metre"",1],ID[""EPSG"",8806]],PARAMETER[""False northing"",0,LENGTHUNIT[""metre"",1],ID[""EPSG"",8807]]],CS[Cartesian,2],AXIS[""(E)"",east,ORDER[1],LENGTHUNIT[""metre"",1,ID[""EPSG"",9001]]],AXIS[""(N)"",north,ORDER[2],LENGTHUNIT[""metre"",1,ID[""EPSG"",9001]]]]",True,9,[],262432f88b4b64d1541ab892ea6c57eb1b5e74151eb909d1eddd21e6889cecd0,262432f88b4b64d1541ab892ea6c57eb1b5e74151eb909d1eddd21e6889cecd0,True,True,0.0
rgi7.0|global|south=+046|west=+0007,p01,3777,2650,"(30.0, 0.0, -39750.0, 0.0, -30.0, 56715.0, 0.0, 0.0, 1.0)","PROJCRS[""unknown"",BASEGEOGCRS[""unknown"",DATUM[""World Geodetic System 1984"",ELLIPSOID[""WGS 84"",6378137,298.257223563,LENGTHUNIT[""metre"",1]],ID[""EPSG"",6326]],PRIMEM[""Greenwich"",0,ANGLEUNIT[""degree"",0.0174532925199433],ID[""EPSG"",8901]]],CONVERSION[""unknown"",METHOD[""Lambert Azimuthal Equal Area"",ID[""EPSG"",9820]],PARAMETER[""Latitude of natural origin"",46.5,ANGLEUNIT[""degree"",0.0174532925199433],ID[""EPSG"",8801]],PARAMETER[""Longitude of natural origin"",7.5,ANGLEUNIT[""degree"",0.0174532925199433],ID[""EPSG"",8802]],PARAMETER[""False easting"",0,LENGTHUNIT[""metre"",1],ID[""EPSG"",8806]],PARAMETER[""False northing"",0,LENGTHUNIT[""metre"",1],ID[""EPSG"",8807]]],CS[Cartesian,2],AXIS[""(E)"",east,ORDER[1],LENGTHUNIT[""metre"",1,ID[""EPSG"",9001]]],AXIS[""(N)"",north,ORDER[2],LENGTHUNIT[""metre"",1,ID[""EPSG"",9001]]]]",True,9,[],58dea284db5b855e04e260329474035d06f3db5049046a3eb8dcaa60d4e4c883,58dea284db5b855e04e260329474035d06f3db5049046a3eb8dcaa60d4e4c883,True,True,0.0
rgi7.0|global|south=+046|west=+0007,p11,3777,2649,"(30.0, 0.0, -39735.0, 0.0, -30.0, 56715.0, 0.0, 0.0, 1.0)","PROJCRS[""unknown"",BASEGEOGCRS[""unknown"",DATUM[""World Geodetic System 1984"",ELLIPSOID[""WGS 84"",6378137,298.257223563,LENGTHUNIT[""metre"",1]],ID[""EPSG"",6326]],PRIMEM[""Greenwich"",0,ANGLEUNIT[""degree"",0.0174532925199433],ID[""EPSG"",8901]]],CONVERSION[""unknown"",METHOD[""Lambert Azimuthal Equal Area"",ID[""EPSG"",9820]],PARAMETER[""Latitude of natural origin"",46.5,ANGLEUNIT[""degree"",0.0174532925199433],ID[""EPSG"",8801]],PARAMETER[""Longitude of natural origin"",7.5,ANGLEUNIT[""degree"",0.0174532925199433],ID[""EPSG"",8802]],PARAMETER[""False easting"",0,LENGTHUNIT[""metre"",1],ID[""EPSG"",8806]],PARAMETER[""False northing"",0,LENGTHUNIT[""metre"",1],ID[""EPSG"",8807]]],CS[Cartesian,2],AXIS[""(E)"",east,ORDER[1],LENGTHUNIT[""metre"",1,ID[""EPSG"",9001]]],AXIS[""(N)"",north,ORDER[2],LENGTHUNIT[""metre"",1,ID[""EPSG"",9001]]]]",True,9,[],6c5e0b7250a189dfc24f79bb7cb86074fa7432af5ed7732089489526f8ecef31,6c5e0b7250a189dfc24f79bb7cb86074fa7432af5ed7732089489526f8ecef31,True,True,0.0
rgi7.0|global|south=+046|west=+0007,pzi,144,144,"(0.008333333333333333, 0.0, 6.9, 0.0, -0.008333333333333333, 47.1, 0.0, 0.0, 1.0)",EPSG:4326,True,1,[],1cc5e528582925d7ac80b913977cd4917e30a6edee56b3968f72938b9f0bb42f,1cc5e528582925d7ac80b913977cd4917e30a6edee56b3968f72938b9f0bb42f,True,True,0.0
rgi7.0|global|south=+042|west=+0001,p00,3774,2832,"(30.0, 0.0, -42450.0, 0.0, -30.0, 56670.0, 0.0, 0.0, 1.0)","PROJCRS[""unknown"",BASEGEOGCRS[""unknown"",DATUM[""World Geodetic System 1984"",ELLIPSOID[""WGS 84"",6378137,298.257223563,LENGTHUNIT[""metre"",1]],ID[""EPSG"",6326]],PRIMEM[""Greenwich"",0,ANGLEUNIT[""degree"",0.0174532925199433],ID[""EPSG"",8901]]],CONVERSION[""unknown"",METHOD[""Lambert Azimuthal Equal Area"",ID[""EPSG"",9820]],PARAMETER[""Latitude of natural origin"",42.5,ANGLEUNIT[""degree"",0.0174532925199433],ID[""EPSG"",8801]],PARAMETER[""Longitude of natural origin"",1.5,ANGLEUNIT[""degree"",0.0174532925199433],ID[""EPSG"",8802]],PARAMETER[""False easting"",0,LENGTHUNIT[""metre"",1],ID[""EPSG"",8806]],PARAMETER[""False northing"",0,LENGTHUNIT[""metre"",1],ID[""EPSG"",8807]]],CS[Cartesian,2],AXIS[""(E)"",east,ORDER[1],LENGTHUNIT[""metre"",1,ID[""EPSG"",9001]]],AXIS[""(N)"",north,ORDER[2],LENGTHUNIT[""metre"",1,ID[""EPSG"",9001]]]]",True,9,[],c3d371bfd69a378f8419f50ebef84a4998d6253bf50e32e6607e0cba41d1845d,c3d371bfd69a378f8419f50ebef84a4998d6253bf50e32e6607e0cba41d1845d,True,True,0.0
rgi7.0|global|south=+042|west=+0001,p10,3774,2829,"(30.0, 0.0, -42435.0, 0.0, -30.0, 56670.0, 0.0, 0.0, 1.0)","PROJCRS[""unknown"",BASEGEOGCRS[""unknown"",DATUM[""World Geodetic System 1984"",ELLIPSOID[""WGS 84"",6378137,298.257223563,LENGTHUNIT[""metre"",1]],ID[""EPSG"",6326]],PRIMEM[""Greenwich"",0,ANGLEUNIT[""degree"",0.0174532925199433],ID[""EPSG"",8901]]],CONVERSION[""unknown"",METHOD[""Lambert Azimuthal Equal Area"",ID[""EPSG"",9820]],PARAMETER[""Latitude of natural origin"",42.5,ANGLEUNIT[""degree"",0.0174532925199433],ID[""EPSG"",8801]],PARAMETER[""Longitude of natural origin"",1.5,ANGLEUNIT[""degree"",0.0174532925199433],ID[""EPSG"",8802]],PARAMETER[""False easting"",0,LENGTHUNIT[""metre"",1],ID[""EPSG"",8806]],PARAMETER[""False northing"",0,LENGTHUNIT[""metre"",1],ID[""EPSG"",8807]]],CS[Cartesian,2],AXIS[""(E)"",east,ORDER[1],LENGTHUNIT[""metre"",1,ID[""EPSG"",9001]]],AXIS[""(N)"",north,ORDER[2],LENGTHUNIT[""metre"",1,ID[""EPSG"",9001]]]]",True,9,[],d0fa30d020f69cff4cf095c6eea776ac665041e520b02baa8687d16c9c829504,d0fa30d020f69cff4cf095c6eea776ac665041e520b02baa8687d16c9c829504,True,True,0.0
rgi7.0|global|south=+042|west=+0001,p01,3775,2830,"(30.0, 0.0, -42450.0, 0.0, -30.0, 56685.0, 0.0, 0.0, 1.0)","PROJCRS[""unknown"",BASEGEOGCRS[""unknown"",DATUM[""World Geodetic System 1984"",ELLIPSOID[""WGS 84"",6378137,298.257223563,LENGTHUNIT[""metre"",1]],ID[""EPSG"",6326]],PRIMEM[""Greenwich"",0,ANGLEUNIT[""degree"",0.0174532925199433],ID[""EPSG"",8901]]],CONVERSION[""unknown"",METHOD[""Lambert Azimuthal Equal Area"",ID[""EPSG"",9820]],PARAMETER[""Latitude of natural origin"",42.5,ANGLEUNIT[""degree"",0.0174532925199433],ID[""EPSG"",8801]],PARAMETER[""Longitude of natural origin"",1.5,ANGLEUNIT[""degree"",0.0174532925199433],ID[""EPSG"",8802]],PARAMETER[""False easting"",0,LENGTHUNIT[""metre"",1],ID[""EPSG"",8806]],PARAMETER[""False northing"",0,LENGTHUNIT[""metre"",1],ID[""EPSG"",8807]]],CS[Cartesian,2],AXIS[""(E)"",east,ORDER[1],LENGTHUNIT[""metre"",1,ID[""EPSG"",9001]]],AXIS[""(N)"",north,ORDER[2],LENGTHUNIT[""metre"",1,ID[""EPSG"",9001]]]]",True,9,[],b9585a39968dd991bf12284a5a45dd2cb00a9186cf282c3f06ea688b84e0deaa,b9585a39968dd991bf12284a5a45dd2cb00a9186cf282c3f06ea688b84e0deaa,True,True,0.0
rgi7.0|global|south=+042|west=+0001,p11,3775,2829,"(30.0, 0.0, -42435.0, 0.0, -30.0, 56685.0, 0.0, 0.0, 1.0)","PROJCRS[""unknown"",BASEGEOGCRS[""unknown"",DATUM[""World Geodetic System 1984"",ELLIPSOID[""WGS 84"",6378137,298.257223563,LENGTHUNIT[""metre"",1]],ID[""EPSG"",6326]],PRIMEM[""Greenwich"",0,ANGLEUNIT[""degree"",0.0174532925199433],ID[""EPSG"",8901]]],CONVERSION[""unknown"",METHOD[""Lambert Azimuthal Equal Area"",ID[""EPSG"",9820]],PARAMETER[""Latitude of natural origin"",42.5,ANGLEUNIT[""degree"",0.0174532925199433],ID[""EPSG"",8801]],PARAMETER[""Longitude of natural origin"",1.5,ANGLEUNIT[""degree"",0.0174532925199433],ID[""EPSG"",8802]],PARAMETER[""False easting"",0,LENGTHUNIT[""metre"",1],ID[""EPSG"",8806]],PARAMETER[""False northing"",0,LENGTHUNIT[""metre"",1],ID[""EPSG"",8807]]],CS[Cartesian,2],AXIS[""(E)"",east,ORDER[1],LENGTHUNIT[""metre"",1,ID[""EPSG"",9001]]],AXIS[""(N)"",north,ORDER[2],LENGTHUNIT[""metre"",1,ID[""EPSG"",9001]]]]",True,9,[],c970359c002eed5b75b82563a7df52c35bc3afb07142160c1f297cee251d30d8,c970359c002eed5b75b82563a7df52c35bc3afb07142160c1f297cee251d30d8,True,True,0.0
rgi7.0|global|south=+042|west=+0001,pzi,144,144,"(0.008333333333333333, 0.0, 0.9, 0.0, -0.008333333333333333, 43.1, 0.0, 0.0, 1.0)",EPSG:4326,True,1,[],71cafda481808730fa7be34cdb8d4abfa36519763122d0620535a24bf2aacb43,71cafda481808730fa7be34cdb8d4abfa36519763122d0620535a24bf2aacb43,True,True,0.0
rgi7.0|global|south=+042|west=-0001,p00,3774,2832,"(30.0, 0.0, -42450.0, 0.0, -30.0, 56670.0, 0.0, 0.0, 1.0)","PROJCRS[""unknown"",BASEGEOGCRS[""unknown"",DATUM[""World Geodetic System 1984"",ELLIPSOID[""WGS 84"",6378137,298.257223563,LENGTHUNIT[""metre"",1]],ID[""EPSG"",6326]],PRIMEM[""Greenwich"",0,ANGLEUNIT[""degree"",0.0174532925199433],ID[""EPSG"",8901]]],CONVERSION[""unknown"",METHOD[""Lambert Azimuthal Equal Area"",ID[""EPSG"",9820]],PARAMETER[""Latitude of natural origin"",42.5,ANGLEUNIT[""degree"",0.0174532925199433],ID[""EPSG"",8801]],PARAMETER[""Longitude of natural origin"",-0.5,ANGLEUNIT[""degree"",0.0174532925199433],ID[""EPSG"",8802]],PARAMETER[""False easting"",0,LENGTHUNIT[""metre"",1],ID[""EPSG"",8806]],PARAMETER[""False northing"",0,LENGTHUNIT[""metre"",1],ID[""EPSG"",8807]]],CS[Cartesian,2],AXIS[""(E)"",east,ORDER[1],LENGTHUNIT[""metre"",1,ID[""EPSG"",9001]]],AXIS[""(N)"",north,ORDER[2],LENGTHUNIT[""metre"",1,ID[""EPSG"",9001]]]]",True,9,[],25b6d840edcfb831d496d4f3099ff2d6233054be24b7c75e45f55272b0f0a2f5,25b6d840edcfb831d496d4f3099ff2d6233054be24b7c75e45f55272b0f0a2f5,True,True,0.0
rgi7.0|global|south=+042|west=-0001,p10,3774,2829,"(30.0, 0.0, -42435.0, 0.0, -30.0, 56670.0, 0.0, 0.0, 1.0)","PROJCRS[""unknown"",BASEGEOGCRS[""unknown"",DATUM[""World Geodetic System 1984"",ELLIPSOID[""WGS 84"",6378137,298.257223563,LENGTHUNIT[""metre"",1]],ID[""EPSG"",6326]],PRIMEM[""Greenwich"",0,ANGLEUNIT[""degree"",0.0174532925199433],ID[""EPSG"",8901]]],CONVERSION[""unknown"",METHOD[""Lambert Azimuthal Equal Area"",ID[""EPSG"",9820]],PARAMETER[""Latitude of natural origin"",42.5,ANGLEUNIT[""degree"",0.0174532925199433],ID[""EPSG"",8801]],PARAMETER[""Longitude of natural origin"",-0.5,ANGLEUNIT[""degree"",0.0174532925199433],ID[""EPSG"",8802]],PARAMETER[""False easting"",0,LENGTHUNIT[""metre"",1],ID[""EPSG"",8806]],PARAMETER[""False northing"",0,LENGTHUNIT[""metre"",1],ID[""EPSG"",8807]]],CS[Cartesian,2],AXIS[""(E)"",east,ORDER[1],LENGTHUNIT[""metre"",1,ID[""EPSG"",9001]]],AXIS[""(N)"",north,ORDER[2],LENGTHUNIT[""metre"",1,ID[""EPSG"",9001]]]]",True,9,[],32d46b8cdee02dc284058716bf43492c1e58032df720bcb00e339a78af077fbb,32d46b8cdee02dc284058716bf43492c1e58032df720bcb00e339a78af077fbb,True,True,0.0
rgi7.0|global|south=+042|west=-0001,p01,3775,2830,"(30.0, 0.0, -42450.0, 0.0, -30.0, 56685.0, 0.0, 0.0, 1.0)","PROJCRS[""unknown"",BASEGEOGCRS[""unknown"",DATUM[""World Geodetic System 1984"",ELLIPSOID[""WGS 84"",6378137,298.257223563,LENGTHUNIT[""metre"",1]],ID[""EPSG"",6326]],PRIMEM[""Greenwich"",0,ANGLEUNIT[""degree"",0.0174532925199433],ID[""EPSG"",8901]]],CONVERSION[""unknown"",METHOD[""Lambert Azimuthal Equal Area"",ID[""EPSG"",9820]],PARAMETER[""Latitude of natural origin"",42.5,ANGLEUNIT[""degree"",0.0174532925199433],ID[""EPSG"",8801]],PARAMETER[""Longitude of natural origin"",-0.5,ANGLEUNIT[""degree"",0.0174532925199433],ID[""EPSG"",8802]],PARAMETER[""False easting"",0,LENGTHUNIT[""metre"",1],ID[""EPSG"",8806]],PARAMETER[""False northing"",0,LENGTHUNIT[""metre"",1],ID[""EPSG"",8807]]],CS[Cartesian,2],AXIS[""(E)"",east,ORDER[1],LENGTHUNIT[""metre"",1,ID[""EPSG"",9001]]],AXIS[""(N)"",north,ORDER[2],LENGTHUNIT[""metre"",1,ID[""EPSG"",9001]]]]",True,9,[],d90a84717cc197e81fe5cdb413f175554aa5eb01a70828e14e2ad0ff11555dcd,d90a84717cc197e81fe5cdb413f175554aa5eb01a70828e14e2ad0ff11555dcd,True,True,0.0
rgi7.0|global|south=+042|west=-0001,p11,3775,2829,"(30.0, 0.0, -42435.0, 0.0, -30.0, 56685.0, 0.0, 0.0, 1.0)","PROJCRS[""unknown"",BASEGEOGCRS[""unknown"",DATUM[""World Geodetic System 1984"",ELLIPSOID[""WGS 84"",6378137,298.257223563,LENGTHUNIT[""metre"",1]],ID[""EPSG"",6326]],PRIMEM[""Greenwich"",0,ANGLEUNIT[""degree"",0.0174532925199433],ID[""EPSG"",8901]]],CONVERSION[""unknown"",METHOD[""Lambert Azimuthal Equal Area"",ID[""EPSG"",9820]],PARAMETER[""Latitude of natural origin"",42.5,ANGLEUNIT[""degree"",0.0174532925199433],ID[""EPSG"",8801]],PARAMETER[""Longitude of natural origin"",-0.5,ANGLEUNIT[""degree"",0.0174532925199433],ID[""EPSG"",8802]],PARAMETER[""False easting"",0,LENGTHUNIT[""metre"",1],ID[""EPSG"",8806]],PARAMETER[""False northing"",0,LENGTHUNIT[""metre"",1],ID[""EPSG"",8807]]],CS[Cartesian,2],AXIS[""(E)"",east,ORDER[1],LENGTHUNIT[""metre"",1,ID[""EPSG"",9001]]],AXIS[""(N)"",north,ORDER[2],LENGTHUNIT[""metre"",1,ID[""EPSG"",9001]]]]",True,9,[],2eacfebe4521928f90608d9d3b01ae1a2a8b9d1c59cc4ddaa01692adb6c6443f,2eacfebe4521928f90608d9d3b01ae1a2a8b9d1c59cc4ddaa01692adb6c6443f,True,True,0.0
rgi7.0|global|south=+042|west=-0001,pzi,144,144,"(0.008333333333333333, 0.0, -1.1, 0.0, -0.008333333333333333, 43.1, 0.0, 0.0, 1.0)",EPSG:4326,True,1,[],2a5251a547cd5387fd1f10a72edd693e00758e20a14c141636b99ae1a99c0125,2a5251a547cd5387fd1f10a72edd693e00758e20a14c141636b99ae1a99c0125,True,True,0.0
rgi7.0|global|south=+040|west=+0041,p00,3774,2916,"(30.0, 0.0, -43710.0, 0.0, -30.0, 56700.0, 0.0, 0.0, 1.0)","PROJCRS[""unknown"",BASEGEOGCRS[""unknown"",DATUM[""World Geodetic System 1984"",ELLIPSOID[""WGS 84"",6378137,298.257223563,LENGTHUNIT[""metre"",1]],ID[""EPSG"",6326]],PRIMEM[""Greenwich"",0,ANGLEUNIT[""degree"",0.0174532925199433],ID[""EPSG"",8901]]],CONVERSION[""unknown"",METHOD[""Lambert Azimuthal Equal Area"",ID[""EPSG"",9820]],PARAMETER[""Latitude of natural origin"",40.5,ANGLEUNIT[""degree"",0.0174532925199433],ID[""EPSG"",8801]],PARAMETER[""Longitude of natural origin"",41.5,ANGLEUNIT[""degree"",0.0174532925199433],ID[""EPSG"",8802]],PARAMETER[""False easting"",0,LENGTHUNIT[""metre"",1],ID[""EPSG"",8806]],PARAMETER[""False northing"",0,LENGTHUNIT[""metre"",1],ID[""EPSG"",8807]]],CS[Cartesian,2],AXIS[""(E)"",east,ORDER[1],LENGTHUNIT[""metre"",1,ID[""EPSG"",9001]]],AXIS[""(N)"",north,ORDER[2],LENGTHUNIT[""metre"",1,ID[""EPSG"",9001]]]]",True,9,[],5866e5d17af1ff62cf22ee7523a5e30ae22fb71796ab3fceafd401f952458c6d,5866e5d17af1ff62cf22ee7523a5e30ae22fb71796ab3fceafd401f952458c6d,True,True,0.0
rgi7.0|global|south=+040|west=+0041,p10,3773,2915,"(30.0, 0.0, -43725.0, 0.0, -30.0, 56670.0, 0.0, 0.0, 1.0)","PROJCRS[""unknown"",BASEGEOGCRS[""unknown"",DATUM[""World Geodetic System 1984"",ELLIPSOID[""WGS 84"",6378137,298.257223563,LENGTHUNIT[""metre"",1]],ID[""EPSG"",6326]],PRIMEM[""Greenwich"",0,ANGLEUNIT[""degree"",0.0174532925199433],ID[""EPSG"",8901]]],CONVERSION[""unknown"",METHOD[""Lambert Azimuthal Equal Area"",ID[""EPSG"",9820]],PARAMETER[""Latitude of natural origin"",40.5,ANGLEUNIT[""degree"",0.0174532925199433],ID[""EPSG"",8801]],PARAMETER[""Longitude of natural origin"",41.5,ANGLEUNIT[""degree"",0.0174532925199433],ID[""EPSG"",8802]],PARAMETER[""False easting"",0,LENGTHUNIT[""metre"",1],ID[""EPSG"",8806]],PARAMETER[""False northing"",0,LENGTHUNIT[""metre"",1],ID[""EPSG"",8807]]],CS[Cartesian,2],AXIS[""(E)"",east,ORDER[1],LENGTHUNIT[""metre"",1,ID[""EPSG"",9001]]],AXIS[""(N)"",north,ORDER[2],LENGTHUNIT[""metre"",1,ID[""EPSG"",9001]]]]",True,9,[],33d4a42172c6b35989730b1c1692c9f412daf5e02a0d9e37aff2424bce10ba4f,33d4a42172c6b35989730b1c1692c9f412daf5e02a0d9e37aff2424bce10ba4f,True,True,0.0
rgi7.0|global|south=+040|west=+0041,p01,3773,2914,"(30.0, 0.0, -43710.0, 0.0, -30.0, 56655.0, 0.0, 0.0, 1.0)","PROJCRS[""unknown"",BASEGEOGCRS[""unknown"",DATUM[""World Geodetic System 1984"",ELLIPSOID[""WGS 84"",6378137,298.257223563,LENGTHUNIT[""metre"",1]],ID[""EPSG"",6326]],PRIMEM[""Greenwich"",0,ANGLEUNIT[""degree"",0.0174532925199433],ID[""EPSG"",8901]]],CONVERSION[""unknown"",METHOD[""Lambert Azimuthal Equal Area"",ID[""EPSG"",9820]],PARAMETER[""Latitude of natural origin"",40.5,ANGLEUNIT[""degree"",0.0174532925199433],ID[""EPSG"",8801]],PARAMETER[""Longitude of natural origin"",41.5,ANGLEUNIT[""degree"",0.0174532925199433],ID[""EPSG"",8802]],PARAMETER[""False easting"",0,LENGTHUNIT[""metre"",1],ID[""EPSG"",8806]],PARAMETER[""False northing"",0,LENGTHUNIT[""metre"",1],ID[""EPSG"",8807]]],CS[Cartesian,2],AXIS[""(E)"",east,ORDER[1],LENGTHUNIT[""metre"",1,ID[""EPSG"",9001]]],AXIS[""(N)"",north,ORDER[2],LENGTHUNIT[""metre"",1,ID[""EPSG"",9001]]]]",True,9,[],1db1bbdd06d716fe1acbddfb91e1ecde178aa219949cb2c989fef16c5ba66b75,1db1bbdd06d716fe1acbddfb91e1ecde178aa219949cb2c989fef16c5ba66b75,True,True,0.0
rgi7.0|global|south=+040|west=+0041,p11,3773,2915,"(30.0, 0.0, -43725.0, 0.0, -30.0, 56655.0, 0.0, 0.0, 1.0)","PROJCRS[""unknown"",BASEGEOGCRS[""unknown"",DATUM[""World Geodetic System 1984"",ELLIPSOID[""WGS 84"",6378137,298.257223563,LENGTHUNIT[""metre"",1]],ID[""EPSG"",6326]],PRIMEM[""Greenwich"",0,ANGLEUNIT[""degree"",0.0174532925199433],ID[""EPSG"",8901]]],CONVERSION[""unknown"",METHOD[""Lambert Azimuthal Equal Area"",ID[""EPSG"",9820]],PARAMETER[""Latitude of natural origin"",40.5,ANGLEUNIT[""degree"",0.0174532925199433],ID[""EPSG"",8801]],PARAMETER[""Longitude of natural origin"",41.5,ANGLEUNIT[""degree"",0.0174532925199433],ID[""EPSG"",8802]],PARAMETER[""False easting"",0,LENGTHUNIT[""metre"",1],ID[""EPSG"",8806]],PARAMETER[""False northing"",0,LENGTHUNIT[""metre"",1],ID[""EPSG"",8807]]],CS[Cartesian,2],AXIS[""(E)"",east,ORDER[1],LENGTHUNIT[""metre"",1,ID[""EPSG"",9001]]],AXIS[""(N)"",north,ORDER[2],LENGTHUNIT[""metre"",1,ID[""EPSG"",9001]]]]",True,9,[],7093bab6231a8544c7a64d3e90c4c2d031e57612afbe176120e0925e5ae4ae18,7093bab6231a8544c7a64d3e90c4c2d031e57612afbe176120e0925e5ae4ae18,True,True,0.0
rgi7.0|global|south=+040|west=+0041,pzi,144,144,"(0.008333333333333333, 0.0, 40.9, 0.0, -0.008333333333333333, 41.1, 0.0, 0.0, 1.0)",EPSG:4326,True,1,[],b353d59a9a3455b9e493a883ea99c1d378fa0ff124272d8af728fddba81244b5,b353d59a9a3455b9e493a883ea99c1d378fa0ff124272d8af728fddba81244b5,True,True,0.0
rgi7.0|global|south=+041|west=+0048,p00,3774,2874,"(30.0, 0.0, -43080.0, 0.0, -30.0, 56670.0, 0.0, 0.0, 1.0)","PROJCRS[""unknown"",BASEGEOGCRS[""unknown"",DATUM[""World Geodetic System 1984"",ELLIPSOID[""WGS 84"",6378137,298.257223563,LENGTHUNIT[""metre"",1]],ID[""EPSG"",6326]],PRIMEM[""Greenwich"",0,ANGLEUNIT[""degree"",0.0174532925199433],ID[""EPSG"",8901]]],CONVERSION[""unknown"",METHOD[""Lambert Azimuthal Equal Area"",ID[""EPSG"",9820]],PARAMETER[""Latitude of natural origin"",41.5,ANGLEUNIT[""degree"",0.0174532925199433],ID[""EPSG"",8801]],PARAMETER[""Longitude of natural origin"",48.5,ANGLEUNIT[""degree"",0.0174532925199433],ID[""EPSG"",8802]],PARAMETER[""False easting"",0,LENGTHUNIT[""metre"",1],ID[""EPSG"",8806]],PARAMETER[""False northing"",0,LENGTHUNIT[""metre"",1],ID[""EPSG"",8807]]],CS[Cartesian,2],AXIS[""(E)"",east,ORDER[1],LENGTHUNIT[""metre"",1,ID[""EPSG"",9001]]],AXIS[""(N)"",north,ORDER[2],LENGTHUNIT[""metre"",1,ID[""EPSG"",9001]]]]",True,3,"[""Copernicus_DSM_COG_10_N40_00_E047_00_DEM"", ""Copernicus_DSM_COG_10_N40_00_E048_00_DEM"", ""Copernicus_DSM_COG_10_N40_00_E049_00_DEM"", ""Copernicus_DSM_COG_10_N41_00_E047_00_DEM"", ""Copernicus_DSM_COG_10_N41_00_E048_00_DEM"", ""Copernicus_DSM_COG_10_N41_00_E049_00_DEM""]",b2bc23d64fc7e76f9fbf93ae528eb88d05e20d84b52a8a5b09c17aecbe69f3a3,b2bc23d64fc7e76f9fbf93ae528eb88d05e20d84b52a8a5b09c17aecbe69f3a3,True,True,0.0
rgi7.0|global|south=+041|west=+0048,p10,3774,2873,"(30.0, 0.0, -43095.0, 0.0, -30.0, 56670.0, 0.0, 0.0, 1.0)","PROJCRS[""unknown"",BASEGEOGCRS[""unknown"",DATUM[""World Geodetic System 1984"",ELLIPSOID[""WGS 84"",6378137,298.257223563,LENGTHUNIT[""metre"",1]],ID[""EPSG"",6326]],PRIMEM[""Greenwich"",0,ANGLEUNIT[""degree"",0.0174532925199433],ID[""EPSG"",8901]]],CONVERSION[""unknown"",METHOD[""Lambert Azimuthal Equal Area"",ID[""EPSG"",9820]],PARAMETER[""Latitude of natural origin"",41.5,ANGLEUNIT[""degree"",0.0174532925199433],ID[""EPSG"",8801]],PARAMETER[""Longitude of natural origin"",48.5,ANGLEUNIT[""degree"",0.0174532925199433],ID[""EPSG"",8802]],PARAMETER[""False easting"",0,LENGTHUNIT[""metre"",1],ID[""EPSG"",8806]],PARAMETER[""False northing"",0,LENGTHUNIT[""metre"",1],ID[""EPSG"",8807]]],CS[Cartesian,2],AXIS[""(E)"",east,ORDER[1],LENGTHUNIT[""metre"",1,ID[""EPSG"",9001]]],AXIS[""(N)"",north,ORDER[2],LENGTHUNIT[""metre"",1,ID[""EPSG"",9001]]]]",True,3,"[""Copernicus_DSM_COG_10_N40_00_E047_00_DEM"", ""Copernicus_DSM_COG_10_N40_00_E048_00_DEM"", ""Copernicus_DSM_COG_10_N40_00_E049_00_DEM"", ""Copernicus_DSM_COG_10_N41_00_E047_00_DEM"", ""Copernicus_DSM_COG_10_N41_00_E048_00_DEM"", ""Copernicus_DSM_COG_10_N41_00_E049_00_DEM""]",9f352545d5850ce855bc2d1d9e0c27db66a9deeb8cb9b58b11f2693f5e6e0fa7,9f352545d5850ce855bc2d1d9e0c27db66a9deeb8cb9b58b11f2693f5e6e0fa7,True,True,0.0
rgi7.0|global|south=+041|west=+0048,p01,3773,2872,"(30.0, 0.0, -43080.0, 0.0, -30.0, 56655.0, 0.0, 0.0, 1.0)","PROJCRS[""unknown"",BASEGEOGCRS[""unknown"",DATUM[""World Geodetic System 1984"",ELLIPSOID[""WGS 84"",6378137,298.257223563,LENGTHUNIT[""metre"",1]],ID[""EPSG"",6326]],PRIMEM[""Greenwich"",0,ANGLEUNIT[""degree"",0.0174532925199433],ID[""EPSG"",8901]]],CONVERSION[""unknown"",METHOD[""Lambert Azimuthal Equal Area"",ID[""EPSG"",9820]],PARAMETER[""Latitude of natural origin"",41.5,ANGLEUNIT[""degree"",0.0174532925199433],ID[""EPSG"",8801]],PARAMETER[""Longitude of natural origin"",48.5,ANGLEUNIT[""degree"",0.0174532925199433],ID[""EPSG"",8802]],PARAMETER[""False easting"",0,LENGTHUNIT[""metre"",1],ID[""EPSG"",8806]],PARAMETER[""False northing"",0,LENGTHUNIT[""metre"",1],ID[""EPSG"",8807]]],CS[Cartesian,2],AXIS[""(E)"",east,ORDER[1],LENGTHUNIT[""metre"",1,ID[""EPSG"",9001]]],AXIS[""(N)"",north,ORDER[2],LENGTHUNIT[""metre"",1,ID[""EPSG"",9001]]]]",True,3,"[""Copernicus_DSM_COG_10_N40_00_E047_00_DEM"", ""Copernicus_DSM_COG_10_N40_00_E048_00_DEM"", ""Copernicus_DSM_COG_10_N40_00_E049_00_DEM"", ""Copernicus_DSM_COG_10_N41_00_E047_00_DEM"", ""Copernicus_DSM_COG_10_N41_00_E048_00_DEM"", ""Copernicus_DSM_COG_10_N41_00_E049_00_DEM""]",59cb2bc86f854b05b30c0205f4f14c3fc4ac841d5a86873f8e57e434e1493419,59cb2bc86f854b05b30c0205f4f14c3fc4ac841d5a86873f8e57e434e1493419,True,True,0.0
rgi7.0|global|south=+041|west=+0048,p11,3773,2873,"(30.0, 0.0, -43095.0, 0.0, -30.0, 56655.0, 0.0, 0.0, 1.0)","PROJCRS[""unknown"",BASEGEOGCRS[""unknown"",DATUM[""World Geodetic System 1984"",ELLIPSOID[""WGS 84"",6378137,298.257223563,LENGTHUNIT[""metre"",1]],ID[""EPSG"",6326]],PRIMEM[""Greenwich"",0,ANGLEUNIT[""degree"",0.0174532925199433],ID[""EPSG"",8901]]],CONVERSION[""unknown"",METHOD[""Lambert Azimuthal Equal Area"",ID[""EPSG"",9820]],PARAMETER[""Latitude of natural origin"",41.5,ANGLEUNIT[""degree"",0.0174532925199433],ID[""EPSG"",8801]],PARAMETER[""Longitude of natural origin"",48.5,ANGLEUNIT[""degree"",0.0174532925199433],ID[""EPSG"",8802]],PARAMETER[""False easting"",0,LENGTHUNIT[""metre"",1],ID[""EPSG"",8806]],PARAMETER[""False northing"",0,LENGTHUNIT[""metre"",1],ID[""EPSG"",8807]]],CS[Cartesian,2],AXIS[""(E)"",east,ORDER[1],LENGTHUNIT[""metre"",1,ID[""EPSG"",9001]]],AXIS[""(N)"",north,ORDER[2],LENGTHUNIT[""metre"",1,ID[""EPSG"",9001]]]]",True,3,"[""Copernicus_DSM_COG_10_N40_00_E047_00_DEM"", ""Copernicus_DSM_COG_10_N40_00_E048_00_DEM"", ""Copernicus_DSM_COG_10_N40_00_E049_00_DEM"", ""Copernicus_DSM_COG_10_N41_00_E047_00_DEM"", ""Copernicus_DSM_COG_10_N41_00_E048_00_DEM"", ""Copernicus_DSM_COG_10_N41_00_E049_00_DEM""]",6b971bf1c37c17a945026971076f6d2cfbc18bdd3a50e9ed2223e3ebf757e8a3,6b971bf1c37c17a945026971076f6d2cfbc18bdd3a50e9ed2223e3ebf757e8a3,True,True,0.0
rgi7.0|global|south=+041|west=+0048,pzi,144,144,"(0.008333333333333333, 0.0, 47.9, 0.0, -0.008333333333333333, 42.1, 0.0, 0.0, 1.0)",EPSG:4326,True,1,[],ecebd1b18968725f4dd6a2b791d7bfdcefd0603577e0bc49f850c45790e1b60d,ecebd1b18968725f4dd6a2b791d7bfdcefd0603577e0bc49f850c45790e1b60d,True,True,0.0
rgi7.0|global|south=+042|west=+0041,p00,3774,2832,"(30.0, 0.0, -42450.0, 0.0, -30.0, 56670.0, 0.0, 0.0, 1.0)","PROJCRS[""unknown"",BASEGEOGCRS[""unknown"",DATUM[""World Geodetic System 1984"",ELLIPSOID[""WGS 84"",6378137,298.257223563,LENGTHUNIT[""metre"",1]],ID[""EPSG"",6326]],PRIMEM[""Greenwich"",0,ANGLEUNIT[""degree"",0.0174532925199433],ID[""EPSG"",8901]]],CONVERSION[""unknown"",METHOD[""Lambert Azimuthal Equal Area"",ID[""EPSG"",9820]],PARAMETER[""Latitude of natural origin"",42.5,ANGLEUNIT[""degree"",0.0174532925199433],ID[""EPSG"",8801]],PARAMETER[""Longitude of natural origin"",41.5,ANGLEUNIT[""degree"",0.0174532925199433],ID[""EPSG"",8802]],PARAMETER[""False easting"",0,LENGTHUNIT[""metre"",1],ID[""EPSG"",8806]],PARAMETER[""False northing"",0,LENGTHUNIT[""metre"",1],ID[""EPSG"",8807]]],CS[Cartesian,2],AXIS[""(E)"",east,ORDER[1],LENGTHUNIT[""metre"",1,ID[""EPSG"",9001]]],AXIS[""(N)"",north,ORDER[2],LENGTHUNIT[""metre"",1,ID[""EPSG"",9001]]]]",True,9,[],08bcdc990e4d4b79648ba24a5b23623834c5ded7c352efd0ddbf84cd8ed134a2,08bcdc990e4d4b79648ba24a5b23623834c5ded7c352efd0ddbf84cd8ed134a2,True,True,0.0
rgi7.0|global|south=+042|west=+0041,p10,3774,2829,"(30.0, 0.0, -42435.0, 0.0, -30.0, 56670.0, 0.0, 0.0, 1.0)","PROJCRS[""unknown"",BASEGEOGCRS[""unknown"",DATUM[""World Geodetic System 1984"",ELLIPSOID[""WGS 84"",6378137,298.257223563,LENGTHUNIT[""metre"",1]],ID[""EPSG"",6326]],PRIMEM[""Greenwich"",0,ANGLEUNIT[""degree"",0.0174532925199433],ID[""EPSG"",8901]]],CONVERSION[""unknown"",METHOD[""Lambert Azimuthal Equal Area"",ID[""EPSG"",9820]],PARAMETER[""Latitude of natural origin"",42.5,ANGLEUNIT[""degree"",0.0174532925199433],ID[""EPSG"",8801]],PARAMETER[""Longitude of natural origin"",41.5,ANGLEUNIT[""degree"",0.0174532925199433],ID[""EPSG"",8802]],PARAMETER[""False easting"",0,LENGTHUNIT[""metre"",1],ID[""EPSG"",8806]],PARAMETER[""False northing"",0,LENGTHUNIT[""metre"",1],ID[""EPSG"",8807]]],CS[Cartesian,2],AXIS[""(E)"",east,ORDER[1],LENGTHUNIT[""metre"",1,ID[""EPSG"",9001]]],AXIS[""(N)"",north,ORDER[2],LENGTHUNIT[""metre"",1,ID[""EPSG"",9001]]]]",True,9,[],55048cb2ca61973356e1a5ea80aad4dae760c746198fe3a9fddd15c0b088757c,55048cb2ca61973356e1a5ea80aad4dae760c746198fe3a9fddd15c0b088757c,True,True,0.0
rgi7.0|global|south=+042|west=+0041,p01,3775,2830,"(30.0, 0.0, -42450.0, 0.0, -30.0, 56685.0, 0.0, 0.0, 1.0)","PROJCRS[""unknown"",BASEGEOGCRS[""unknown"",DATUM[""World Geodetic System 1984"",ELLIPSOID[""WGS 84"",6378137,298.257223563,LENGTHUNIT[""metre"",1]],ID[""EPSG"",6326]],PRIMEM[""Greenwich"",0,ANGLEUNIT[""degree"",0.0174532925199433],ID[""EPSG"",8901]]],CONVERSION[""unknown"",METHOD[""Lambert Azimuthal Equal Area"",ID[""EPSG"",9820]],PARAMETER[""Latitude of natural origin"",42.5,ANGLEUNIT[""degree"",0.0174532925199433],ID[""EPSG"",8801]],PARAMETER[""Longitude of natural origin"",41.5,ANGLEUNIT[""degree"",0.0174532925199433],ID[""EPSG"",8802]],PARAMETER[""False easting"",0,LENGTHUNIT[""metre"",1],ID[""EPSG"",8806]],PARAMETER[""False northing"",0,LENGTHUNIT[""metre"",1],ID[""EPSG"",8807]]],CS[Cartesian,2],AXIS[""(E)"",east,ORDER[1],LENGTHUNIT[""metre"",1,ID[""EPSG"",9001]]],AXIS[""(N)"",north,ORDER[2],LENGTHUNIT[""metre"",1,ID[""EPSG"",9001]]]]",True,9,[],4ce3103ef856520f2157c7fac3662311cd342ded9cc59bfa52750815792a8a5a,4ce3103ef856520f2157c7fac3662311cd342ded9cc59bfa52750815792a8a5a,True,True,0.0
rgi7.0|global|south=+042|west=+0041,p11,3775,2829,"(30.0, 0.0, -42435.0, 0.0, -30.0, 56685.0, 0.0, 0.0, 1.0)","PROJCRS[""unknown"",BASEGEOGCRS[""unknown"",DATUM[""World Geodetic System 1984"",ELLIPSOID[""WGS 84"",6378137,298.257223563,LENGTHUNIT[""metre"",1]],ID[""EPSG"",6326]],PRIMEM[""Greenwich"",0,ANGLEUNIT[""degree"",0.0174532925199433],ID[""EPSG"",8901]]],CONVERSION[""unknown"",METHOD[""Lambert Azimuthal Equal Area"",ID[""EPSG"",9820]],PARAMETER[""Latitude of natural origin"",42.5,ANGLEUNIT[""degree"",0.0174532925199433],ID[""EPSG"",8801]],PARAMETER[""Longitude of natural origin"",41.5,ANGLEUNIT[""degree"",0.0174532925199433],ID[""EPSG"",8802]],PARAMETER[""False easting"",0,LENGTHUNIT[""metre"",1],ID[""EPSG"",8806]],PARAMETER[""False northing"",0,LENGTHUNIT[""metre"",1],ID[""EPSG"",8807]]],CS[Cartesian,2],AXIS[""(E)"",east,ORDER[1],LENGTHUNIT[""metre"",1,ID[""EPSG"",9001]]],AXIS[""(N)"",north,ORDER[2],LENGTHUNIT[""metre"",1,ID[""EPSG"",9001]]]]",True,9,[],d005187225f73b9b4d8d66c12d47412827203d20a90b8362cce7e9fcb130eacb,d005187225f73b9b4d8d66c12d47412827203d20a90b8362cce7e9fcb130eacb,True,True,0.0
rgi7.0|global|south=+042|west=+0041,pzi,144,144,"(0.008333333333333333, 0.0, 40.9, 0.0, -0.008333333333333333, 43.1, 0.0, 0.0, 1.0)",EPSG:4326,True,1,[],22ec1e0abf6b1ee16228609edca3ee7653f16f9a51d0ee5e2c9ba653eadf76eb,22ec1e0abf6b1ee16228609edca3ee7653f16f9a51d0ee5e2c9ba653eadf76eb,True,True,0.0
rgi7.0|global|south=+041|west=+0046,p00,3774,2874,"(30.0, 0.0, -43080.0, 0.0, -30.0, 56670.0, 0.0, 0.0, 1.0)","PROJCRS[""unknown"",BASEGEOGCRS[""unknown"",DATUM[""World Geodetic System 1984"",ELLIPSOID[""WGS 84"",6378137,298.257223563,LENGTHUNIT[""metre"",1]],ID[""EPSG"",6326]],PRIMEM[""Greenwich"",0,ANGLEUNIT[""degree"",0.0174532925199433],ID[""EPSG"",8901]]],CONVERSION[""unknown"",METHOD[""Lambert Azimuthal Equal Area"",ID[""EPSG"",9820]],PARAMETER[""Latitude of natural origin"",41.5,ANGLEUNIT[""degree"",0.0174532925199433],ID[""EPSG"",8801]],PARAMETER[""Longitude of natural origin"",46.5,ANGLEUNIT[""degree"",0.0174532925199433],ID[""EPSG"",8802]],PARAMETER[""False easting"",0,LENGTHUNIT[""metre"",1],ID[""EPSG"",8806]],PARAMETER[""False northing"",0,LENGTHUNIT[""metre"",1],ID[""EPSG"",8807]]],CS[Cartesian,2],AXIS[""(E)"",east,ORDER[1],LENGTHUNIT[""metre"",1,ID[""EPSG"",9001]]],AXIS[""(N)"",north,ORDER[2],LENGTHUNIT[""metre"",1,ID[""EPSG"",9001]]]]",True,3,"[""Copernicus_DSM_COG_10_N40_00_E045_00_DEM"", ""Copernicus_DSM_COG_10_N40_00_E046_00_DEM"", ""Copernicus_DSM_COG_10_N40_00_E047_00_DEM"", ""Copernicus_DSM_COG_10_N41_00_E045_00_DEM"", ""Copernicus_DSM_COG_10_N41_00_E046_00_DEM"", ""Copernicus_DSM_COG_10_N41_00_E047_00_DEM""]",92ec6d1718970cf8acceb2c726b712b03cab860cdda5fb20c5cf5bbd846fe595,92ec6d1718970cf8acceb2c726b712b03cab860cdda5fb20c5cf5bbd846fe595,True,True,0.0
rgi7.0|global|south=+041|west=+0046,p10,3774,2873,"(30.0, 0.0, -43095.0, 0.0, -30.0, 56670.0, 0.0, 0.0, 1.0)","PROJCRS[""unknown"",BASEGEOGCRS[""unknown"",DATUM[""World Geodetic System 1984"",ELLIPSOID[""WGS 84"",6378137,298.257223563,LENGTHUNIT[""metre"",1]],ID[""EPSG"",6326]],PRIMEM[""Greenwich"",0,ANGLEUNIT[""degree"",0.0174532925199433],ID[""EPSG"",8901]]],CONVERSION[""unknown"",METHOD[""Lambert Azimuthal Equal Area"",ID[""EPSG"",9820]],PARAMETER[""Latitude of natural origin"",41.5,ANGLEUNIT[""degree"",0.0174532925199433],ID[""EPSG"",8801]],PARAMETER[""Longitude of natural origin"",46.5,ANGLEUNIT[""degree"",0.0174532925199433],ID[""EPSG"",8802]],PARAMETER[""False easting"",0,LENGTHUNIT[""metre"",1],ID[""EPSG"",8806]],PARAMETER[""False northing"",0,LENGTHUNIT[""metre"",1],ID[""EPSG"",8807]]],CS[Cartesian,2],AXIS[""(E)"",east,ORDER[1],LENGTHUNIT[""metre"",1,ID[""EPSG"",9001]]],AXIS[""(N)"",north,ORDER[2],LENGTHUNIT[""metre"",1,ID[""EPSG"",9001]]]]",True,3,"[""Copernicus_DSM_COG_10_N40_00_E045_00_DEM"", ""Copernicus_DSM_COG_10_N40_00_E046_00_DEM"", ""Copernicus_DSM_COG_10_N40_00_E047_00_DEM"", ""Copernicus_DSM_COG_10_N41_00_E045_00_DEM"", ""Copernicus_DSM_COG_10_N41_00_E046_00_DEM"", ""Copernicus_DSM_COG_10_N41_00_E047_00_DEM""]",bcfc083f3f4d4b866e30b6e49434962b306f9820d13b44103719347d82257974,bcfc083f3f4d4b866e30b6e49434962b306f9820d13b44103719347d82257974,True,True,0.0
rgi7.0|global|south=+041|west=+0046,p01,3773,2872,"(30.0, 0.0, -43080.0, 0.0, -30.0, 56655.0, 0.0, 0.0, 1.0)","PROJCRS[""unknown"",BASEGEOGCRS[""unknown"",DATUM[""World Geodetic System 1984"",ELLIPSOID[""WGS 84"",6378137,298.257223563,LENGTHUNIT[""metre"",1]],ID[""EPSG"",6326]],PRIMEM[""Greenwich"",0,ANGLEUNIT[""degree"",0.0174532925199433],ID[""EPSG"",8901]]],CONVERSION[""unknown"",METHOD[""Lambert Azimuthal Equal Area"",ID[""EPSG"",9820]],PARAMETER[""Latitude of natural origin"",41.5,ANGLEUNIT[""degree"",0.0174532925199433],ID[""EPSG"",8801]],PARAMETER[""Longitude of natural origin"",46.5,ANGLEUNIT[""degree"",0.0174532925199433],ID[""EPSG"",8802]],PARAMETER[""False easting"",0,LENGTHUNIT[""metre"",1],ID[""EPSG"",8806]],PARAMETER[""False northing"",0,LENGTHUNIT[""metre"",1],ID[""EPSG"",8807]]],CS[Cartesian,2],AXIS[""(E)"",east,ORDER[1],LENGTHUNIT[""metre"",1,ID[""EPSG"",9001]]],AXIS[""(N)"",north,ORDER[2],LENGTHUNIT[""metre"",1,ID[""EPSG"",9001]]]]",True,3,"[""Copernicus_DSM_COG_10_N40_00_E045_00_DEM"", ""Copernicus_DSM_COG_10_N40_00_E046_00_DEM"", ""Copernicus_DSM_COG_10_N40_00_E047_00_DEM"", ""Copernicus_DSM_COG_10_N41_00_E045_00_DEM"", ""Copernicus_DSM_COG_10_N41_00_E046_00_DEM"", ""Copernicus_DSM_COG_10_N41_00_E047_00_DEM""]",de0f8b579adfa4eaf879e54bcbc52e1cbf8c5babba59f05e1b8d69714373d0af,de0f8b579adfa4eaf879e54bcbc52e1cbf8c5babba59f05e1b8d69714373d0af,True,True,0.0
rgi7.0|global|south=+041|west=+0046,p11,3773,2873,"(30.0, 0.0, -43095.0, 0.0, -30.0, 56655.0, 0.0, 0.0, 1.0)","PROJCRS[""unknown"",BASEGEOGCRS[""unknown"",DATUM[""World Geodetic System 1984"",ELLIPSOID[""WGS 84"",6378137,298.257223563,LENGTHUNIT[""metre"",1]],ID[""EPSG"",6326]],PRIMEM[""Greenwich"",0,ANGLEUNIT[""degree"",0.0174532925199433],ID[""EPSG"",8901]]],CONVERSION[""unknown"",METHOD[""Lambert Azimuthal Equal Area"",ID[""EPSG"",9820]],PARAMETER[""Latitude of natural origin"",41.5,ANGLEUNIT[""degree"",0.0174532925199433],ID[""EPSG"",8801]],PARAMETER[""Longitude of natural origin"",46.5,ANGLEUNIT[""degree"",0.0174532925199433],ID[""EPSG"",8802]],PARAMETER[""False easting"",0,LENGTHUNIT[""metre"",1],ID[""EPSG"",8806]],PARAMETER[""False northing"",0,LENGTHUNIT[""metre"",1],ID[""EPSG"",8807]]],CS[Cartesian,2],AXIS[""(E)"",east,ORDER[1],LENGTHUNIT[""metre"",1,ID[""EPSG"",9001]]],AXIS[""(N)"",north,ORDER[2],LENGTHUNIT[""metre"",1,ID[""EPSG"",9001]]]]",True,3,"[""Copernicus_DSM_COG_10_N40_00_E045_00_DEM"", ""Copernicus_DSM_COG_10_N40_00_E046_00_DEM"", ""Copernicus_DSM_COG_10_N40_00_E047_00_DEM"", ""Copernicus_DSM_COG_10_N41_00_E045_00_DEM"", ""Copernicus_DSM_COG_10_N41_00_E046_00_DEM"", ""Copernicus_DSM_COG_10_N41_00_E047_00_DEM""]",63a526d28e073fe273c282744e4b0da8026a7f790f00114b3ea03eac76a4a718,63a526d28e073fe273c282744e4b0da8026a7f790f00114b3ea03eac76a4a718,True,True,0.0
rgi7.0|global|south=+041|west=+0046,pzi,144,144,"(0.008333333333333333, 0.0, 45.9, 0.0, -0.008333333333333333, 42.1, 0.0, 0.0, 1.0)",EPSG:4326,True,1,[],5448e2337587664344dcd01ab2a3ac720f888ed7174f41e4025af0302793e68f,5448e2337587664344dcd01ab2a3ac720f888ed7174f41e4025af0302793e68f,True,True,0.0
rgi7.0|global|south=+029|west=+0092,p00,3768,3318,"(30.0, 0.0, -49740.0, 0.0, -30.0, 56610.0, 0.0, 0.0, 1.0)","PROJCRS[""unknown"",BASEGEOGCRS[""unknown"",DATUM[""World Geodetic System 1984"",ELLIPSOID[""WGS 84"",6378137,298.257223563,LENGTHUNIT[""metre"",1]],ID[""EPSG"",6326]],PRIMEM[""Greenwich"",0,ANGLEUNIT[""degree"",0.0174532925199433],ID[""EPSG"",8901]]],CONVERSION[""unknown"",METHOD[""Lambert Azimuthal Equal Area"",ID[""EPSG"",9820]],PARAMETER[""Latitude of natural origin"",29.5,ANGLEUNIT[""degree"",0.0174532925199433],ID[""EPSG"",8801]],PARAMETER[""Longitude of natural origin"",92.5,ANGLEUNIT[""degree"",0.0174532925199433],ID[""EPSG"",8802]],PARAMETER[""False easting"",0,LENGTHUNIT[""metre"",1],ID[""EPSG"",8806]],PARAMETER[""False northing"",0,LENGTHUNIT[""metre"",1],ID[""EPSG"",8807]]],CS[Cartesian,2],AXIS[""(E)"",east,ORDER[1],LENGTHUNIT[""metre"",1,ID[""EPSG"",9001]]],AXIS[""(N)"",north,ORDER[2],LENGTHUNIT[""metre"",1,ID[""EPSG"",9001]]]]",True,9,[],263be5b86b2cf8304952f28d8a034e63eede0f90aa4ecaeaad43f812078c315a,263be5b86b2cf8304952f28d8a034e63eede0f90aa4ecaeaad43f812078c315a,True,True,0.0
rgi7.0|global|south=+029|west=+0092,p10,3766,3315,"(30.0, 0.0, -49725.0, 0.0, -30.0, 56550.0, 0.0, 0.0, 1.0)","PROJCRS[""unknown"",BASEGEOGCRS[""unknown"",DATUM[""World Geodetic System 1984"",ELLIPSOID[""WGS 84"",6378137,298.257223563,LENGTHUNIT[""metre"",1]],ID[""EPSG"",6326]],PRIMEM[""Greenwich"",0,ANGLEUNIT[""degree"",0.0174532925199433],ID[""EPSG"",8901]]],CONVERSION[""unknown"",METHOD[""Lambert Azimuthal Equal Area"",ID[""EPSG"",9820]],PARAMETER[""Latitude of natural origin"",29.5,ANGLEUNIT[""degree"",0.0174532925199433],ID[""EPSG"",8801]],PARAMETER[""Longitude of natural origin"",92.5,ANGLEUNIT[""degree"",0.0174532925199433],ID[""EPSG"",8802]],PARAMETER[""False easting"",0,LENGTHUNIT[""metre"",1],ID[""EPSG"",8806]],PARAMETER[""False northing"",0,LENGTHUNIT[""metre"",1],ID[""EPSG"",8807]]],CS[Cartesian,2],AXIS[""(E)"",east,ORDER[1],LENGTHUNIT[""metre"",1,ID[""EPSG"",9001]]],AXIS[""(N)"",north,ORDER[2],LENGTHUNIT[""metre"",1,ID[""EPSG"",9001]]]]",True,9,[],5b5023ef2e6aeb7dd12063c662f1d1759511804316b705e272aa4c1de809569c,5b5023ef2e6aeb7dd12063c662f1d1759511804316b705e272aa4c1de809569c,True,True,0.0
rgi7.0|global|south=+029|west=+0092,p01,3766,3316,"(30.0, 0.0, -49740.0, 0.0, -30.0, 56535.0, 0.0, 0.0, 1.0)","PROJCRS[""unknown"",BASEGEOGCRS[""unknown"",DATUM[""World Geodetic System 1984"",ELLIPSOID[""WGS 84"",6378137,298.257223563,LENGTHUNIT[""metre"",1]],ID[""EPSG"",6326]],PRIMEM[""Greenwich"",0,ANGLEUNIT[""degree"",0.0174532925199433],ID[""EPSG"",8901]]],CONVERSION[""unknown"",METHOD[""Lambert Azimuthal Equal Area"",ID[""EPSG"",9820]],PARAMETER[""Latitude of natural origin"",29.5,ANGLEUNIT[""degree"",0.0174532925199433],ID[""EPSG"",8801]],PARAMETER[""Longitude of natural origin"",92.5,ANGLEUNIT[""degree"",0.0174532925199433],ID[""EPSG"",8802]],PARAMETER[""False easting"",0,LENGTHUNIT[""metre"",1],ID[""EPSG"",8806]],PARAMETER[""False northing"",0,LENGTHUNIT[""metre"",1],ID[""EPSG"",8807]]],CS[Cartesian,2],AXIS[""(E)"",east,ORDER[1],LENGTHUNIT[""metre"",1,ID[""EPSG"",9001]]],AXIS[""(N)"",north,ORDER[2],LENGTHUNIT[""metre"",1,ID[""EPSG"",9001]]]]",True,9,[],cc7c2243cd51ab2d5c767660c93754f7fc5b68112bc7de38b4f1ce811de7de28,cc7c2243cd51ab2d5c767660c93754f7fc5b68112bc7de38b4f1ce811de7de28,True,True,0.0
rgi7.0|global|south=+029|west=+0092,p11,3766,3315,"(30.0, 0.0, -49725.0, 0.0, -30.0, 56535.0, 0.0, 0.0, 1.0)","PROJCRS[""unknown"",BASEGEOGCRS[""unknown"",DATUM[""World Geodetic System 1984"",ELLIPSOID[""WGS 84"",6378137,298.257223563,LENGTHUNIT[""metre"",1]],ID[""EPSG"",6326]],PRIMEM[""Greenwich"",0,ANGLEUNIT[""degree"",0.0174532925199433],ID[""EPSG"",8901]]],CONVERSION[""unknown"",METHOD[""Lambert Azimuthal Equal Area"",ID[""EPSG"",9820]],PARAMETER[""Latitude of natural origin"",29.5,ANGLEUNIT[""degree"",0.0174532925199433],ID[""EPSG"",8801]],PARAMETER[""Longitude of natural origin"",92.5,ANGLEUNIT[""degree"",0.0174532925199433],ID[""EPSG"",8802]],PARAMETER[""False easting"",0,LENGTHUNIT[""metre"",1],ID[""EPSG"",8806]],PARAMETER[""False northing"",0,LENGTHUNIT[""metre"",1],ID[""EPSG"",8807]]],CS[Cartesian,2],AXIS[""(E)"",east,ORDER[1],LENGTHUNIT[""metre"",1,ID[""EPSG"",9001]]],AXIS[""(N)"",north,ORDER[2],LENGTHUNIT[""metre"",1,ID[""EPSG"",9001]]]]",True,9,[],92aa1062cacdd0c3d36cddb04197b30c560bae7593adfc91fb0892b28a037082,92aa1062cacdd0c3d36cddb04197b30c560bae7593adfc91fb0892b28a037082,True,True,0.0
rgi7.0|global|south=+029|west=+0092,pzi,144,144,"(0.008333333333333333, 0.0, 91.9, 0.0, -0.008333333333333333, 30.1, 0.0, 0.0, 1.0)",EPSG:4326,True,1,[],c5078f70b169a5a2a830473388d80241ad79d4ac6989667990c2dddaf5eb405b,c5078f70b169a5a2a830473388d80241ad79d4ac6989667990c2dddaf5eb405b,True,True,0.0
rgi7.0|global|south=+038|west=+0069,p00,3774,2997,"(30.0, 0.0, -44940.0, 0.0, -30.0, 56700.0, 0.0, 0.0, 1.0)","PROJCRS[""unknown"",BASEGEOGCRS[""unknown"",DATUM[""World Geodetic System 1984"",ELLIPSOID[""WGS 84"",6378137,298.257223563,LENGTHUNIT[""metre"",1]],ID[""EPSG"",6326]],PRIMEM[""Greenwich"",0,ANGLEUNIT[""degree"",0.0174532925199433],ID[""EPSG"",8901]]],CONVERSION[""unknown"",METHOD[""Lambert Azimuthal Equal Area"",ID[""EPSG"",9820]],PARAMETER[""Latitude of natural origin"",38.5,ANGLEUNIT[""degree"",0.0174532925199433],ID[""EPSG"",8801]],PARAMETER[""Longitude of natural origin"",69.5,ANGLEUNIT[""degree"",0.0174532925199433],ID[""EPSG"",8802]],PARAMETER[""False easting"",0,LENGTHUNIT[""metre"",1],ID[""EPSG"",8806]],PARAMETER[""False northing"",0,LENGTHUNIT[""metre"",1],ID[""EPSG"",8807]]],CS[Cartesian,2],AXIS[""(E)"",east,ORDER[1],LENGTHUNIT[""metre"",1,ID[""EPSG"",9001]]],AXIS[""(N)"",north,ORDER[2],LENGTHUNIT[""metre"",1,ID[""EPSG"",9001]]]]",True,9,[],1c91250367274111c92f6de17a949eebef281edb4ee80dd5f39b83be0d7c00dc,1c91250367274111c92f6de17a949eebef281edb4ee80dd5f39b83be0d7c00dc,True,True,0.0
rgi7.0|global|south=+038|west=+0069,p10,3772,2995,"(30.0, 0.0, -44925.0, 0.0, -30.0, 56640.0, 0.0, 0.0, 1.0)","PROJCRS[""unknown"",BASEGEOGCRS[""unknown"",DATUM[""World Geodetic System 1984"",ELLIPSOID[""WGS 84"",6378137,298.257223563,LENGTHUNIT[""metre"",1]],ID[""EPSG"",6326]],PRIMEM[""Greenwich"",0,ANGLEUNIT[""degree"",0.0174532925199433],ID[""EPSG"",8901]]],CONVERSION[""unknown"",METHOD[""Lambert Azimuthal Equal Area"",ID[""EPSG"",9820]],PARAMETER[""Latitude of natural origin"",38.5,ANGLEUNIT[""degree"",0.0174532925199433],ID[""EPSG"",8801]],PARAMETER[""Longitude of natural origin"",69.5,ANGLEUNIT[""degree"",0.0174532925199433],ID[""EPSG"",8802]],PARAMETER[""False easting"",0,LENGTHUNIT[""metre"",1],ID[""EPSG"",8806]],PARAMETER[""False northing"",0,LENGTHUNIT[""metre"",1],ID[""EPSG"",8807]]],CS[Cartesian,2],AXIS[""(E)"",east,ORDER[1],LENGTHUNIT[""metre"",1,ID[""EPSG"",9001]]],AXIS[""(N)"",north,ORDER[2],LENGTHUNIT[""metre"",1,ID[""EPSG"",9001]]]]",True,9,[],95950f6d43be5ae58037df4af8adfee281385d2071dd99c97d04accfd057bd60,95950f6d43be5ae58037df4af8adfee281385d2071dd99c97d04accfd057bd60,True,True,0.0
rgi7.0|global|south=+038|west=+0069,p01,3771,2996,"(30.0, 0.0, -44940.0, 0.0, -30.0, 56625.0, 0.0, 0.0, 1.0)","PROJCRS[""unknown"",BASEGEOGCRS[""unknown"",DATUM[""World Geodetic System 1984"",ELLIPSOID[""WGS 84"",6378137,298.257223563,LENGTHUNIT[""metre"",1]],ID[""EPSG"",6326]],PRIMEM[""Greenwich"",0,ANGLEUNIT[""degree"",0.0174532925199433],ID[""EPSG"",8901]]],CONVERSION[""unknown"",METHOD[""Lambert Azimuthal Equal Area"",ID[""EPSG"",9820]],PARAMETER[""Latitude of natural origin"",38.5,ANGLEUNIT[""degree"",0.0174532925199433],ID[""EPSG"",8801]],PARAMETER[""Longitude of natural origin"",69.5,ANGLEUNIT[""degree"",0.0174532925199433],ID[""EPSG"",8802]],PARAMETER[""False easting"",0,LENGTHUNIT[""metre"",1],ID[""EPSG"",8806]],PARAMETER[""False northing"",0,LENGTHUNIT[""metre"",1],ID[""EPSG"",8807]]],CS[Cartesian,2],AXIS[""(E)"",east,ORDER[1],LENGTHUNIT[""metre"",1,ID[""EPSG"",9001]]],AXIS[""(N)"",north,ORDER[2],LENGTHUNIT[""metre"",1,ID[""EPSG"",9001]]]]",True,9,[],0a26af26d206d4e17d1c5709405e35a9c407970e73de46c19679fdb24688db34,0a26af26d206d4e17d1c5709405e35a9c407970e73de46c19679fdb24688db34,True,True,0.0
rgi7.0|global|south=+038|west=+0069,p11,3771,2995,"(30.0, 0.0, -44925.0, 0.0, -30.0, 56625.0, 0.0, 0.0, 1.0)","PROJCRS[""unknown"",BASEGEOGCRS[""unknown"",DATUM[""World Geodetic System 1984"",ELLIPSOID[""WGS 84"",6378137,298.257223563,LENGTHUNIT[""metre"",1]],ID[""EPSG"",6326]],PRIMEM[""Greenwich"",0,ANGLEUNIT[""degree"",0.0174532925199433],ID[""EPSG"",8901]]],CONVERSION[""unknown"",METHOD[""Lambert Azimuthal Equal Area"",ID[""EPSG"",9820]],PARAMETER[""Latitude of natural origin"",38.5,ANGLEUNIT[""degree"",0.0174532925199433],ID[""EPSG"",8801]],PARAMETER[""Longitude of natural origin"",69.5,ANGLEUNIT[""degree"",0.0174532925199433],ID[""EPSG"",8802]],PARAMETER[""False easting"",0,LENGTHUNIT[""metre"",1],ID[""EPSG"",8806]],PARAMETER[""False northing"",0,LENGTHUNIT[""metre"",1],ID[""EPSG"",8807]]],CS[Cartesian,2],AXIS[""(E)"",east,ORDER[1],LENGTHUNIT[""metre"",1,ID[""EPSG"",9001]]],AXIS[""(N)"",north,ORDER[2],LENGTHUNIT[""metre"",1,ID[""EPSG"",9001]]]]",True,9,[],6f46f1d84988baae67380e6770a08bcf34405d5a32a6fddd9fbd2a747f000700,6f46f1d84988baae67380e6770a08bcf34405d5a32a6fddd9fbd2a747f000700,True,True,0.0
rgi7.0|global|south=+038|west=+0069,pzi,144,144,"(0.008333333333333333, 0.0, 68.9, 0.0, -0.008333333333333333, 39.1, 0.0, 0.0, 1.0)",EPSG:4326,True,1,[],efd961dc0b0486c358a5c4c62a34eed7e7443f93c7fadfc8ceb727de6cb64dfa,efd961dc0b0486c358a5c4c62a34eed7e7443f93c7fadfc8ceb727de6cb64dfa,True,True,0.0
rgi7.0|global|south=+034|west=+0083,p00,3771,3150,"(30.0, 0.0, -47220.0, 0.0, -30.0, 56640.0, 0.0, 0.0, 1.0)","PROJCRS[""unknown"",BASEGEOGCRS[""unknown"",DATUM[""World Geodetic System 1984"",ELLIPSOID[""WGS 84"",6378137,298.257223563,LENGTHUNIT[""metre"",1]],ID[""EPSG"",6326]],PRIMEM[""Greenwich"",0,ANGLEUNIT[""degree"",0.0174532925199433],ID[""EPSG"",8901]]],CONVERSION[""unknown"",METHOD[""Lambert Azimuthal Equal Area"",ID[""EPSG"",9820]],PARAMETER[""Latitude of natural origin"",34.5,ANGLEUNIT[""degree"",0.0174532925199433],ID[""EPSG"",8801]],PARAMETER[""Longitude of natural origin"",83.5,ANGLEUNIT[""degree"",0.0174532925199433],ID[""EPSG"",8802]],PARAMETER[""False easting"",0,LENGTHUNIT[""metre"",1],ID[""EPSG"",8806]],PARAMETER[""False northing"",0,LENGTHUNIT[""metre"",1],ID[""EPSG"",8807]]],CS[Cartesian,2],AXIS[""(E)"",east,ORDER[1],LENGTHUNIT[""metre"",1,ID[""EPSG"",9001]]],AXIS[""(N)"",north,ORDER[2],LENGTHUNIT[""metre"",1,ID[""EPSG"",9001]]]]",True,9,[],62568bee642518b35fabf253f3360d51f1e6081bcde656718e0bf25f5daf057a,62568bee642518b35fabf253f3360d51f1e6081bcde656718e0bf25f5daf057a,True,True,0.0
rgi7.0|global|south=+034|west=+0083,p10,3770,3147,"(30.0, 0.0, -47205.0, 0.0, -30.0, 56610.0, 0.0, 0.0, 1.0)","PROJCRS[""unknown"",BASEGEOGCRS[""unknown"",DATUM[""World Geodetic System 1984"",ELLIPSOID[""WGS 84"",6378137,298.257223563,LENGTHUNIT[""metre"",1]],ID[""EPSG"",6326]],PRIMEM[""Greenwich"",0,ANGLEUNIT[""degree"",0.0174532925199433],ID[""EPSG"",8901]]],CONVERSION[""unknown"",METHOD[""Lambert Azimuthal Equal Area"",ID[""EPSG"",9820]],PARAMETER[""Latitude of natural origin"",34.5,ANGLEUNIT[""degree"",0.0174532925199433],ID[""EPSG"",8801]],PARAMETER[""Longitude of natural origin"",83.5,ANGLEUNIT[""degree"",0.0174532925199433],ID[""EPSG"",8802]],PARAMETER[""False easting"",0,LENGTHUNIT[""metre"",1],ID[""EPSG"",8806]],PARAMETER[""False northing"",0,LENGTHUNIT[""metre"",1],ID[""EPSG"",8807]]],CS[Cartesian,2],AXIS[""(E)"",east,ORDER[1],LENGTHUNIT[""metre"",1,ID[""EPSG"",9001]]],AXIS[""(N)"",north,ORDER[2],LENGTHUNIT[""metre"",1,ID[""EPSG"",9001]]]]",True,9,[],2966841d81be3bacacda1d303e7add3cf66381461ee16481589f3a670c1ab242,2966841d81be3bacacda1d303e7add3cf66381461ee16481589f3a670c1ab242,True,True,0.0
rgi7.0|global|south=+034|west=+0083,p01,3769,3148,"(30.0, 0.0, -47220.0, 0.0, -30.0, 56595.0, 0.0, 0.0, 1.0)","PROJCRS[""unknown"",BASEGEOGCRS[""unknown"",DATUM[""World Geodetic System 1984"",ELLIPSOID[""WGS 84"",6378137,298.257223563,LENGTHUNIT[""metre"",1]],ID[""EPSG"",6326]],PRIMEM[""Greenwich"",0,ANGLEUNIT[""degree"",0.0174532925199433],ID[""EPSG"",8901]]],CONVERSION[""unknown"",METHOD[""Lambert Azimuthal Equal Area"",ID[""EPSG"",9820]],PARAMETER[""Latitude of natural origin"",34.5,ANGLEUNIT[""degree"",0.0174532925199433],ID[""EPSG"",8801]],PARAMETER[""Longitude of natural origin"",83.5,ANGLEUNIT[""degree"",0.0174532925199433],ID[""EPSG"",8802]],PARAMETER[""False easting"",0,LENGTHUNIT[""metre"",1],ID[""EPSG"",8806]],PARAMETER[""False northing"",0,LENGTHUNIT[""metre"",1],ID[""EPSG"",8807]]],CS[Cartesian,2],AXIS[""(E)"",east,ORDER[1],LENGTHUNIT[""metre"",1,ID[""EPSG"",9001]]],AXIS[""(N)"",north,ORDER[2],LENGTHUNIT[""metre"",1,ID[""EPSG"",9001]]]]",True,9,[],158030fd761a5c2069c8af18a4f29ffded89ba95acf79113668f9d71c4235f08,158030fd761a5c2069c8af18a4f29ffded89ba95acf79113668f9d71c4235f08,True,True,0.0
rgi7.0|global|south=+034|west=+0083,p11,3769,3147,"(30.0, 0.0, -47205.0, 0.0, -30.0, 56595.0, 0.0, 0.0, 1.0)","PROJCRS[""unknown"",BASEGEOGCRS[""unknown"",DATUM[""World Geodetic System 1984"",ELLIPSOID[""WGS 84"",6378137,298.257223563,LENGTHUNIT[""metre"",1]],ID[""EPSG"",6326]],PRIMEM[""Greenwich"",0,ANGLEUNIT[""degree"",0.0174532925199433],ID[""EPSG"",8901]]],CONVERSION[""unknown"",METHOD[""Lambert Azimuthal Equal Area"",ID[""EPSG"",9820]],PARAMETER[""Latitude of natural origin"",34.5,ANGLEUNIT[""degree"",0.0174532925199433],ID[""EPSG"",8801]],PARAMETER[""Longitude of natural origin"",83.5,ANGLEUNIT[""degree"",0.0174532925199433],ID[""EPSG"",8802]],PARAMETER[""False easting"",0,LENGTHUNIT[""metre"",1],ID[""EPSG"",8806]],PARAMETER[""False northing"",0,LENGTHUNIT[""metre"",1],ID[""EPSG"",8807]]],CS[Cartesian,2],AXIS[""(E)"",east,ORDER[1],LENGTHUNIT[""metre"",1,ID[""EPSG"",9001]]],AXIS[""(N)"",north,ORDER[2],LENGTHUNIT[""metre"",1,ID[""EPSG"",9001]]]]",True,9,[],d02da62ca1c55beeb95c9d7cd7da6d7e6b72f3e39a750ce6586c0eb4a5d22876,d02da62ca1c55beeb95c9d7cd7da6d7e6b72f3e39a750ce6586c0eb4a5d22876,True,True,0.0
rgi7.0|global|south=+034|west=+0083,pzi,144,144,"(0.008333333333333333, 0.0, 82.9, 0.0, -0.008333333333333333, 35.1, 0.0, 0.0, 1.0)",EPSG:4326,True,1,[],340f1673e7e014a725e547a2d65a78408f33e1a297e45d7deaa721a4fe1c172a,340f1673e7e014a725e547a2d65a78408f33e1a297e45d7deaa721a4fe1c172a,True,True,0.0
rgi7.0|global|south=+035|west=+0097,p00,3771,3111,"(30.0, 0.0, -46650.0, 0.0, -30.0, 56640.0, 0.0, 0.0, 1.0)","PROJCRS[""unknown"",BASEGEOGCRS[""unknown"",DATUM[""World Geodetic System 1984"",ELLIPSOID[""WGS 84"",6378137,298.257223563,LENGTHUNIT[""metre"",1]],ID[""EPSG"",6326]],PRIMEM[""Greenwich"",0,ANGLEUNIT[""degree"",0.0174532925199433],ID[""EPSG"",8901]]],CONVERSION[""unknown"",METHOD[""Lambert Azimuthal Equal Area"",ID[""EPSG"",9820]],PARAMETER[""Latitude of natural origin"",35.5,ANGLEUNIT[""degree"",0.0174532925199433],ID[""EPSG"",8801]],PARAMETER[""Longitude of natural origin"",97.5,ANGLEUNIT[""degree"",0.0174532925199433],ID[""EPSG"",8802]],PARAMETER[""False easting"",0,LENGTHUNIT[""metre"",1],ID[""EPSG"",8806]],PARAMETER[""False northing"",0,LENGTHUNIT[""metre"",1],ID[""EPSG"",8807]]],CS[Cartesian,2],AXIS[""(E)"",east,ORDER[1],LENGTHUNIT[""metre"",1,ID[""EPSG"",9001]]],AXIS[""(N)"",north,ORDER[2],LENGTHUNIT[""metre"",1,ID[""EPSG"",9001]]]]",True,9,[],ae06afe02c7e75861a140ec8c1c144d901b666b2831fa937b25375b867a202d8,ae06afe02c7e75861a140ec8c1c144d901b666b2831fa937b25375b867a202d8,True,True,0.0
rgi7.0|global|south=+035|west=+0097,p10,3770,3111,"(30.0, 0.0, -46665.0, 0.0, -30.0, 56610.0, 0.0, 0.0, 1.0)","PROJCRS[""unknown"",BASEGEOGCRS[""unknown"",DATUM[""World Geodetic System 1984"",ELLIPSOID[""WGS 84"",6378137,298.257223563,LENGTHUNIT[""metre"",1]],ID[""EPSG"",6326]],PRIMEM[""Greenwich"",0,ANGLEUNIT[""degree"",0.0174532925199433],ID[""EPSG"",8901]]],CONVERSION[""unknown"",METHOD[""Lambert Azimuthal Equal Area"",ID[""EPSG"",9820]],PARAMETER[""Latitude of natural origin"",35.5,ANGLEUNIT[""degree"",0.0174532925199433],ID[""EPSG"",8801]],PARAMETER[""Longitude of natural origin"",97.5,ANGLEUNIT[""degree"",0.0174532925199433],ID[""EPSG"",8802]],PARAMETER[""False easting"",0,LENGTHUNIT[""metre"",1],ID[""EPSG"",8806]],PARAMETER[""False northing"",0,LENGTHUNIT[""metre"",1],ID[""EPSG"",8807]]],CS[Cartesian,2],AXIS[""(E)"",east,ORDER[1],LENGTHUNIT[""metre"",1,ID[""EPSG"",9001]]],AXIS[""(N)"",north,ORDER[2],LENGTHUNIT[""metre"",1,ID[""EPSG"",9001]]]]",True,9,[],2885865a1eb38a765e8fc0e88e6884ef9eb50f2eaea5cbd61070bf831cd2dab0,2885865a1eb38a765e8fc0e88e6884ef9eb50f2eaea5cbd61070bf831cd2dab0,True,True,0.0
rgi7.0|global|south=+035|west=+0097,p01,3769,3110,"(30.0, 0.0, -46650.0, 0.0, -30.0, 56595.0, 0.0, 0.0, 1.0)","PROJCRS[""unknown"",BASEGEOGCRS[""unknown"",DATUM[""World Geodetic System 1984"",ELLIPSOID[""WGS 84"",6378137,298.257223563,LENGTHUNIT[""metre"",1]],ID[""EPSG"",6326]],PRIMEM[""Greenwich"",0,ANGLEUNIT[""degree"",0.0174532925199433],ID[""EPSG"",8901]]],CONVERSION[""unknown"",METHOD[""Lambert Azimuthal Equal Area"",ID[""EPSG"",9820]],PARAMETER[""Latitude of natural origin"",35.5,ANGLEUNIT[""degree"",0.0174532925199433],ID[""EPSG"",8801]],PARAMETER[""Longitude of natural origin"",97.5,ANGLEUNIT[""degree"",0.0174532925199433],ID[""EPSG"",8802]],PARAMETER[""False easting"",0,LENGTHUNIT[""metre"",1],ID[""EPSG"",8806]],PARAMETER[""False northing"",0,LENGTHUNIT[""metre"",1],ID[""EPSG"",8807]]],CS[Cartesian,2],AXIS[""(E)"",east,ORDER[1],LENGTHUNIT[""metre"",1,ID[""EPSG"",9001]]],AXIS[""(N)"",north,ORDER[2],LENGTHUNIT[""metre"",1,ID[""EPSG"",9001]]]]",True,9,[],34ac52a3643d0c1fbcf67e13e1172e94054bb54f5c87b806743c3ac30abd7489,34ac52a3643d0c1fbcf67e13e1172e94054bb54f5c87b806743c3ac30abd7489,True,True,0.0
rgi7.0|global|south=+035|west=+0097,p11,3769,3111,"(30.0, 0.0, -46665.0, 0.0, -30.0, 56595.0, 0.0, 0.0, 1.0)","PROJCRS[""unknown"",BASEGEOGCRS[""unknown"",DATUM[""World Geodetic System 1984"",ELLIPSOID[""WGS 84"",6378137,298.257223563,LENGTHUNIT[""metre"",1]],ID[""EPSG"",6326]],PRIMEM[""Greenwich"",0,ANGLEUNIT[""degree"",0.0174532925199433],ID[""EPSG"",8901]]],CONVERSION[""unknown"",METHOD[""Lambert Azimuthal Equal Area"",ID[""EPSG"",9820]],PARAMETER[""Latitude of natural origin"",35.5,ANGLEUNIT[""degree"",0.0174532925199433],ID[""EPSG"",8801]],PARAMETER[""Longitude of natural origin"",97.5,ANGLEUNIT[""degree"",0.0174532925199433],ID[""EPSG"",8802]],PARAMETER[""False easting"",0,LENGTHUNIT[""metre"",1],ID[""EPSG"",8806]],PARAMETER[""False northing"",0,LENGTHUNIT[""metre"",1],ID[""EPSG"",8807]]],CS[Cartesian,2],AXIS[""(E)"",east,ORDER[1],LENGTHUNIT[""metre"",1,ID[""EPSG"",9001]]],AXIS[""(N)"",north,ORDER[2],LENGTHUNIT[""metre"",1,ID[""EPSG"",9001]]]]",True,9,[],2691dbd12ac967dc9e4bc413245360cb95c87fad4e9dbcd1a4e071e52b090c83,2691dbd12ac967dc9e4bc413245360cb95c87fad4e9dbcd1a4e071e52b090c83,True,True,0.0
rgi7.0|global|south=+035|west=+0097,pzi,144,144,"(0.008333333333333333, 0.0, 96.9, 0.0, -0.008333333333333333, 36.1, 0.0, 0.0, 1.0)",EPSG:4326,True,1,[],e7605ce27ad467ffbe6b6590bfc51dea2e1afd0bdaf64751d32bcd7db09773a5,e7605ce27ad467ffbe6b6590bfc51dea2e1afd0bdaf64751d32bcd7db09773a5,True,True,0.0
rgi7.0|global|south=+034|west=+0080,p00,3771,3150,"(30.0, 0.0, -47220.0, 0.0, -30.0, 56640.0, 0.0, 0.0, 1.0)","PROJCRS[""unknown"",BASEGEOGCRS[""unknown"",DATUM[""World Geodetic System 1984"",ELLIPSOID[""WGS 84"",6378137,298.257223563,LENGTHUNIT[""metre"",1]],ID[""EPSG"",6326]],PRIMEM[""Greenwich"",0,ANGLEUNIT[""degree"",0.0174532925199433],ID[""EPSG"",8901]]],CONVERSION[""unknown"",METHOD[""Lambert Azimuthal Equal Area"",ID[""EPSG"",9820]],PARAMETER[""Latitude of natural origin"",34.5,ANGLEUNIT[""degree"",0.0174532925199433],ID[""EPSG"",8801]],PARAMETER[""Longitude of natural origin"",80.5,ANGLEUNIT[""degree"",0.0174532925199433],ID[""EPSG"",8802]],PARAMETER[""False easting"",0,LENGTHUNIT[""metre"",1],ID[""EPSG"",8806]],PARAMETER[""False northing"",0,LENGTHUNIT[""metre"",1],ID[""EPSG"",8807]]],CS[Cartesian,2],AXIS[""(E)"",east,ORDER[1],LENGTHUNIT[""metre"",1,ID[""EPSG"",9001]]],AXIS[""(N)"",north,ORDER[2],LENGTHUNIT[""metre"",1,ID[""EPSG"",9001]]]]",True,9,[],7f6b03177706671be97c7f71858a0acc6030f9a734edf9626e4926342376a5f7,7f6b03177706671be97c7f71858a0acc6030f9a734edf9626e4926342376a5f7,True,True,0.0
rgi7.0|global|south=+034|west=+0080,p10,3770,3147,"(30.0, 0.0, -47205.0, 0.0, -30.0, 56610.0, 0.0, 0.0, 1.0)","PROJCRS[""unknown"",BASEGEOGCRS[""unknown"",DATUM[""World Geodetic System 1984"",ELLIPSOID[""WGS 84"",6378137,298.257223563,LENGTHUNIT[""metre"",1]],ID[""EPSG"",6326]],PRIMEM[""Greenwich"",0,ANGLEUNIT[""degree"",0.0174532925199433],ID[""EPSG"",8901]]],CONVERSION[""unknown"",METHOD[""Lambert Azimuthal Equal Area"",ID[""EPSG"",9820]],PARAMETER[""Latitude of natural origin"",34.5,ANGLEUNIT[""degree"",0.0174532925199433],ID[""EPSG"",8801]],PARAMETER[""Longitude of natural origin"",80.5,ANGLEUNIT[""degree"",0.0174532925199433],ID[""EPSG"",8802]],PARAMETER[""False easting"",0,LENGTHUNIT[""metre"",1],ID[""EPSG"",8806]],PARAMETER[""False northing"",0,LENGTHUNIT[""metre"",1],ID[""EPSG"",8807]]],CS[Cartesian,2],AXIS[""(E)"",east,ORDER[1],LENGTHUNIT[""metre"",1,ID[""EPSG"",9001]]],AXIS[""(N)"",north,ORDER[2],LENGTHUNIT[""metre"",1,ID[""EPSG"",9001]]]]",True,9,[],afd40868e4f76eee9d456c738d0d0b2f36bec39871948b4b4ea2c9f955a5a847,afd40868e4f76eee9d456c738d0d0b2f36bec39871948b4b4ea2c9f955a5a847,True,True,0.0
rgi7.0|global|south=+034|west=+0080,p01,3769,3148,"(30.0, 0.0, -47220.0, 0.0, -30.0, 56595.0, 0.0, 0.0, 1.0)","PROJCRS[""unknown"",BASEGEOGCRS[""unknown"",DATUM[""World Geodetic System 1984"",ELLIPSOID[""WGS 84"",6378137,298.257223563,LENGTHUNIT[""metre"",1]],ID[""EPSG"",6326]],PRIMEM[""Greenwich"",0,ANGLEUNIT[""degree"",0.0174532925199433],ID[""EPSG"",8901]]],CONVERSION[""unknown"",METHOD[""Lambert Azimuthal Equal Area"",ID[""EPSG"",9820]],PARAMETER[""Latitude of natural origin"",34.5,ANGLEUNIT[""degree"",0.0174532925199433],ID[""EPSG"",8801]],PARAMETER[""Longitude of natural origin"",80.5,ANGLEUNIT[""degree"",0.0174532925199433],ID[""EPSG"",8802]],PARAMETER[""False easting"",0,LENGTHUNIT[""metre"",1],ID[""EPSG"",8806]],PARAMETER[""False northing"",0,LENGTHUNIT[""metre"",1],ID[""EPSG"",8807]]],CS[Cartesian,2],AXIS[""(E)"",east,ORDER[1],LENGTHUNIT[""metre"",1,ID[""EPSG"",9001]]],AXIS[""(N)"",north,ORDER[2],LENGTHUNIT[""metre"",1,ID[""EPSG"",9001]]]]",True,9,[],2f493b720c614e4378912e72afe656baa0b10ca9366cd894bd9573336915bb44,2f493b720c614e4378912e72afe656baa0b10ca9366cd894bd9573336915bb44,True,True,0.0
rgi7.0|global|south=+034|west=+0080,p11,3769,3147,"(30.0, 0.0, -47205.0, 0.0, -30.0, 56595.0, 0.0, 0.0, 1.0)","PROJCRS[""unknown"",BASEGEOGCRS[""unknown"",DATUM[""World Geodetic System 1984"",ELLIPSOID[""WGS 84"",6378137,298.257223563,LENGTHUNIT[""metre"",1]],ID[""EPSG"",6326]],PRIMEM[""Greenwich"",0,ANGLEUNIT[""degree"",0.0174532925199433],ID[""EPSG"",8901]]],CONVERSION[""unknown"",METHOD[""Lambert Azimuthal Equal Area"",ID[""EPSG"",9820]],PARAMETER[""Latitude of natural origin"",34.5,ANGLEUNIT[""degree"",0.0174532925199433],ID[""EPSG"",8801]],PARAMETER[""Longitude of natural origin"",80.5,ANGLEUNIT[""degree"",0.0174532925199433],ID[""EPSG"",8802]],PARAMETER[""False easting"",0,LENGTHUNIT[""metre"",1],ID[""EPSG"",8806]],PARAMETER[""False northing"",0,LENGTHUNIT[""metre"",1],ID[""EPSG"",8807]]],CS[Cartesian,2],AXIS[""(E)"",east,ORDER[1],LENGTHUNIT[""metre"",1,ID[""EPSG"",9001]]],AXIS[""(N)"",north,ORDER[2],LENGTHUNIT[""metre"",1,ID[""EPSG"",9001]]]]",True,9,[],84a4a4635cb05c46bb98808e8bb27d4cffbb1ef480a5acaebe27e9559694861c,84a4a4635cb05c46bb98808e8bb27d4cffbb1ef480a5acaebe27e9559694861c,True,True,0.0
rgi7.0|global|south=+034|west=+0080,pzi,144,144,"(0.008333333333333333, 0.0, 79.9, 0.0, -0.008333333333333333, 35.1, 0.0, 0.0, 1.0)",EPSG:4326,True,1,[],a60192c67fd83bcbd83b1d333b5692f1e56b4590447aaadc629c8e7365a54500,a60192c67fd83bcbd83b1d333b5692f1e56b4590447aaadc629c8e7365a54500,True,True,0.0
rgi7.0|global|south=+035|west=+0079,p00,3771,3111,"(30.0, 0.0, -46650.0, 0.0, -30.0, 56640.0, 0.0, 0.0, 1.0)","PROJCRS[""unknown"",BASEGEOGCRS[""unknown"",DATUM[""World Geodetic System 1984"",ELLIPSOID[""WGS 84"",6378137,298.257223563,LENGTHUNIT[""metre"",1]],ID[""EPSG"",6326]],PRIMEM[""Greenwich"",0,ANGLEUNIT[""degree"",0.0174532925199433],ID[""EPSG"",8901]]],CONVERSION[""unknown"",METHOD[""Lambert Azimuthal Equal Area"",ID[""EPSG"",9820]],PARAMETER[""Latitude of natural origin"",35.5,ANGLEUNIT[""degree"",0.0174532925199433],ID[""EPSG"",8801]],PARAMETER[""Longitude of natural origin"",79.5,ANGLEUNIT[""degree"",0.0174532925199433],ID[""EPSG"",8802]],PARAMETER[""False easting"",0,LENGTHUNIT[""metre"",1],ID[""EPSG"",8806]],PARAMETER[""False northing"",0,LENGTHUNIT[""metre"",1],ID[""EPSG"",8807]]],CS[Cartesian,2],AXIS[""(E)"",east,ORDER[1],LENGTHUNIT[""metre"",1,ID[""EPSG"",9001]]],AXIS[""(N)"",north,ORDER[2],LENGTHUNIT[""metre"",1,ID[""EPSG"",9001]]]]",True,9,[],0efb6dce898b5a2ab0396615c0492bc97bd0a5cadc00db414ec96d4f7e6e60f4,0efb6dce898b5a2ab0396615c0492bc97bd0a5cadc00db414ec96d4f7e6e60f4,True,True,0.0
rgi7.0|global|south=+035|west=+0079,p10,3770,3111,"(30.0, 0.0, -46665.0, 0.0, -30.0, 56610.0, 0.0, 0.0, 1.0)","PROJCRS[""unknown"",BASEGEOGCRS[""unknown"",DATUM[""World Geodetic System 1984"",ELLIPSOID[""WGS 84"",6378137,298.257223563,LENGTHUNIT[""metre"",1]],ID[""EPSG"",6326]],PRIMEM[""Greenwich"",0,ANGLEUNIT[""degree"",0.0174532925199433],ID[""EPSG"",8901]]],CONVERSION[""unknown"",METHOD[""Lambert Azimuthal Equal Area"",ID[""EPSG"",9820]],PARAMETER[""Latitude of natural origin"",35.5,ANGLEUNIT[""degree"",0.0174532925199433],ID[""EPSG"",8801]],PARAMETER[""Longitude of natural origin"",79.5,ANGLEUNIT[""degree"",0.0174532925199433],ID[""EPSG"",8802]],PARAMETER[""False easting"",0,LENGTHUNIT[""metre"",1],ID[""EPSG"",8806]],PARAMETER[""False northing"",0,LENGTHUNIT[""metre"",1],ID[""EPSG"",8807]]],CS[Cartesian,2],AXIS[""(E)"",east,ORDER[1],LENGTHUNIT[""metre"",1,ID[""EPSG"",9001]]],AXIS[""(N)"",north,ORDER[2],LENGTHUNIT[""metre"",1,ID[""EPSG"",9001]]]]",True,9,[],eebec819e9f9299136ea75eade5f3a4ff1df03332a4eddb7ad8add413fc1ad17,eebec819e9f9299136ea75eade5f3a4ff1df03332a4eddb7ad8add413fc1ad17,True,True,0.0
rgi7.0|global|south=+035|west=+0079,p01,3769,3110,"(30.0, 0.0, -46650.0, 0.0, -30.0, 56595.0, 0.0, 0.0, 1.0)","PROJCRS[""unknown"",BASEGEOGCRS[""unknown"",DATUM[""World Geodetic System 1984"",ELLIPSOID[""WGS 84"",6378137,298.257223563,LENGTHUNIT[""metre"",1]],ID[""EPSG"",6326]],PRIMEM[""Greenwich"",0,ANGLEUNIT[""degree"",0.0174532925199433],ID[""EPSG"",8901]]],CONVERSION[""unknown"",METHOD[""Lambert Azimuthal Equal Area"",ID[""EPSG"",9820]],PARAMETER[""Latitude of natural origin"",35.5,ANGLEUNIT[""degree"",0.0174532925199433],ID[""EPSG"",8801]],PARAMETER[""Longitude of natural origin"",79.5,ANGLEUNIT[""degree"",0.0174532925199433],ID[""EPSG"",8802]],PARAMETER[""False easting"",0,LENGTHUNIT[""metre"",1],ID[""EPSG"",8806]],PARAMETER[""False northing"",0,LENGTHUNIT[""metre"",1],ID[""EPSG"",8807]]],CS[Cartesian,2],AXIS[""(E)"",east,ORDER[1],LENGTHUNIT[""metre"",1,ID[""EPSG"",9001]]],AXIS[""(N)"",north,ORDER[2],LENGTHUNIT[""metre"",1,ID[""EPSG"",9001]]]]",True,9,[],41f867ff0424e2b4d32e4d954b5a3752fa0277284bd4d6d84132198253920e83,41f867ff0424e2b4d32e4d954b5a3752fa0277284bd4d6d84132198253920e83,True,True,0.0
rgi7.0|global|south=+035|west=+0079,p11,3769,3111,"(30.0, 0.0, -46665.0, 0.0, -30.0, 56595.0, 0.0, 0.0, 1.0)","PROJCRS[""unknown"",BASEGEOGCRS[""unknown"",DATUM[""World Geodetic System 1984"",ELLIPSOID[""WGS 84"",6378137,298.257223563,LENGTHUNIT[""metre"",1]],ID[""EPSG"",6326]],PRIMEM[""Greenwich"",0,ANGLEUNIT[""degree"",0.0174532925199433],ID[""EPSG"",8901]]],CONVERSION[""unknown"",METHOD[""Lambert Azimuthal Equal Area"",ID[""EPSG"",9820]],PARAMETER[""Latitude of natural origin"",35.5,ANGLEUNIT[""degree"",0.0174532925199433],ID[""EPSG"",8801]],PARAMETER[""Longitude of natural origin"",79.5,ANGLEUNIT[""degree"",0.0174532925199433],ID[""EPSG"",8802]],PARAMETER[""False easting"",0,LENGTHUNIT[""metre"",1],ID[""EPSG"",8806]],PARAMETER[""False northing"",0,LENGTHUNIT[""metre"",1],ID[""EPSG"",8807]]],CS[Cartesian,2],AXIS[""(E)"",east,ORDER[1],LENGTHUNIT[""metre"",1,ID[""EPSG"",9001]]],AXIS[""(N)"",north,ORDER[2],LENGTHUNIT[""metre"",1,ID[""EPSG"",9001]]]]",True,9,[],17d02ba261815540463940f1bf7d5e7e802d9a70bb9cd73e1ca8ac5d905f81cb,17d02ba261815540463940f1bf7d5e7e802d9a70bb9cd73e1ca8ac5d905f81cb,True,True,0.0
rgi7.0|global|south=+035|west=+0079,pzi,144,144,"(0.008333333333333333, 0.0, 78.9, 0.0, -0.008333333333333333, 36.1, 0.0, 0.0, 1.0)",EPSG:4326,True,1,[],1a62cf9b52a8588fb715b1321ddc6b2bdf2d81d4facad1d27ffba3d8778f77dc,1a62cf9b52a8588fb715b1321ddc6b2bdf2d81d4facad1d27ffba3d8778f77dc,True,True,0.0
rgi7.0|global|south=+034|west=+0086,p00,3771,3150,"(30.0, 0.0, -47220.0, 0.0, -30.0, 56640.0, 0.0, 0.0, 1.0)","PROJCRS[""unknown"",BASEGEOGCRS[""unknown"",DATUM[""World Geodetic System 1984"",ELLIPSOID[""WGS 84"",6378137,298.257223563,LENGTHUNIT[""metre"",1]],ID[""EPSG"",6326]],PRIMEM[""Greenwich"",0,ANGLEUNIT[""degree"",0.0174532925199433],ID[""EPSG"",8901]]],CONVERSION[""unknown"",METHOD[""Lambert Azimuthal Equal Area"",ID[""EPSG"",9820]],PARAMETER[""Latitude of natural origin"",34.5,ANGLEUNIT[""degree"",0.0174532925199433],ID[""EPSG"",8801]],PARAMETER[""Longitude of natural origin"",86.5,ANGLEUNIT[""degree"",0.0174532925199433],ID[""EPSG"",8802]],PARAMETER[""False easting"",0,LENGTHUNIT[""metre"",1],ID[""EPSG"",8806]],PARAMETER[""False northing"",0,LENGTHUNIT[""metre"",1],ID[""EPSG"",8807]]],CS[Cartesian,2],AXIS[""(E)"",east,ORDER[1],LENGTHUNIT[""metre"",1,ID[""EPSG"",9001]]],AXIS[""(N)"",north,ORDER[2],LENGTHUNIT[""metre"",1,ID[""EPSG"",9001]]]]",True,9,[],7e5079b52c96e9335cbd5dc0908438d2a549d767a3cef6f034e991d8fe61e1c4,7e5079b52c96e9335cbd5dc0908438d2a549d767a3cef6f034e991d8fe61e1c4,True,True,0.0
rgi7.0|global|south=+034|west=+0086,p10,3770,3147,"(30.0, 0.0, -47205.0, 0.0, -30.0, 56610.0, 0.0, 0.0, 1.0)","PROJCRS[""unknown"",BASEGEOGCRS[""unknown"",DATUM[""World Geodetic System 1984"",ELLIPSOID[""WGS 84"",6378137,298.257223563,LENGTHUNIT[""metre"",1]],ID[""EPSG"",6326]],PRIMEM[""Greenwich"",0,ANGLEUNIT[""degree"",0.0174532925199433],ID[""EPSG"",8901]]],CONVERSION[""unknown"",METHOD[""Lambert Azimuthal Equal Area"",ID[""EPSG"",9820]],PARAMETER[""Latitude of natural origin"",34.5,ANGLEUNIT[""degree"",0.0174532925199433],ID[""EPSG"",8801]],PARAMETER[""Longitude of natural origin"",86.5,ANGLEUNIT[""degree"",0.0174532925199433],ID[""EPSG"",8802]],PARAMETER[""False easting"",0,LENGTHUNIT[""metre"",1],ID[""EPSG"",8806]],PARAMETER[""False northing"",0,LENGTHUNIT[""metre"",1],ID[""EPSG"",8807]]],CS[Cartesian,2],AXIS[""(E)"",east,ORDER[1],LENGTHUNIT[""metre"",1,ID[""EPSG"",9001]]],AXIS[""(N)"",north,ORDER[2],LENGTHUNIT[""metre"",1,ID[""EPSG"",9001]]]]",True,9,[],ee163c3a5db0f4e0a2a0dee2cf51ec9d882b3b0eb946620cc04f979615baedfa,ee163c3a5db0f4e0a2a0dee2cf51ec9d882b3b0eb946620cc04f979615baedfa,True,True,0.0
rgi7.0|global|south=+034|west=+0086,p01,3769,3148,"(30.0, 0.0, -47220.0, 0.0, -30.0, 56595.0, 0.0, 0.0, 1.0)","PROJCRS[""unknown"",BASEGEOGCRS[""unknown"",DATUM[""World Geodetic System 1984"",ELLIPSOID[""WGS 84"",6378137,298.257223563,LENGTHUNIT[""metre"",1]],ID[""EPSG"",6326]],PRIMEM[""Greenwich"",0,ANGLEUNIT[""degree"",0.0174532925199433],ID[""EPSG"",8901]]],CONVERSION[""unknown"",METHOD[""Lambert Azimuthal Equal Area"",ID[""EPSG"",9820]],PARAMETER[""Latitude of natural origin"",34.5,ANGLEUNIT[""degree"",0.0174532925199433],ID[""EPSG"",8801]],PARAMETER[""Longitude of natural origin"",86.5,ANGLEUNIT[""degree"",0.0174532925199433],ID[""EPSG"",8802]],PARAMETER[""False easting"",0,LENGTHUNIT[""metre"",1],ID[""EPSG"",8806]],PARAMETER[""False northing"",0,LENGTHUNIT[""metre"",1],ID[""EPSG"",8807]]],CS[Cartesian,2],AXIS[""(E)"",east,ORDER[1],LENGTHUNIT[""metre"",1,ID[""EPSG"",9001]]],AXIS[""(N)"",north,ORDER[2],LENGTHUNIT[""metre"",1,ID[""EPSG"",9001]]]]",True,9,[],7534c2ad5e28e428856e2ad82e9ca5e3c5a9c95df6ad3453d48e4d887c272fd9,7534c2ad5e28e428856e2ad82e9ca5e3c5a9c95df6ad3453d48e4d887c272fd9,True,True,0.0
rgi7.0|global|south=+034|west=+0086,p11,3769,3147,"(30.0, 0.0, -47205.0, 0.0, -30.0, 56595.0, 0.0, 0.0, 1.0)","PROJCRS[""unknown"",BASEGEOGCRS[""unknown"",DATUM[""World Geodetic System 1984"",ELLIPSOID[""WGS 84"",6378137,298.257223563,LENGTHUNIT[""metre"",1]],ID[""EPSG"",6326]],PRIMEM[""Greenwich"",0,ANGLEUNIT[""degree"",0.0174532925199433],ID[""EPSG"",8901]]],CONVERSION[""unknown"",METHOD[""Lambert Azimuthal Equal Area"",ID[""EPSG"",9820]],PARAMETER[""Latitude of natural origin"",34.5,ANGLEUNIT[""degree"",0.0174532925199433],ID[""EPSG"",8801]],PARAMETER[""Longitude of natural origin"",86.5,ANGLEUNIT[""degree"",0.0174532925199433],ID[""EPSG"",8802]],PARAMETER[""False easting"",0,LENGTHUNIT[""metre"",1],ID[""EPSG"",8806]],PARAMETER[""False northing"",0,LENGTHUNIT[""metre"",1],ID[""EPSG"",8807]]],CS[Cartesian,2],AXIS[""(E)"",east,ORDER[1],LENGTHUNIT[""metre"",1,ID[""EPSG"",9001]]],AXIS[""(N)"",north,ORDER[2],LENGTHUNIT[""metre"",1,ID[""EPSG"",9001]]]]",True,9,[],25bee9dd26070a8b661646474cc70e2bf437c923b3335a4481fe2d34ba90dcf1,25bee9dd26070a8b661646474cc70e2bf437c923b3335a4481fe2d34ba90dcf1,True,True,0.0
rgi7.0|global|south=+034|west=+0086,pzi,144,144,"(0.008333333333333333, 0.0, 85.9, 0.0, -0.008333333333333333, 35.1, 0.0, 0.0, 1.0)",EPSG:4326,True,1,[],f1fb7b9d92c7898e4659788f4d2942221dfec0cba235c1ad66bb0ca3de933493,f1fb7b9d92c7898e4659788f4d2942221dfec0cba235c1ad66bb0ca3de933493,True,True,0.0
rgi7.0|global|south=+043|west=+0088,p00,3777,2787,"(30.0, 0.0, -41790.0, 0.0, -30.0, 56760.0, 0.0, 0.0, 1.0)","PROJCRS[""unknown"",BASEGEOGCRS[""unknown"",DATUM[""World Geodetic System 1984"",ELLIPSOID[""WGS 84"",6378137,298.257223563,LENGTHUNIT[""metre"",1]],ID[""EPSG"",6326]],PRIMEM[""Greenwich"",0,ANGLEUNIT[""degree"",0.0174532925199433],ID[""EPSG"",8901]]],CONVERSION[""unknown"",METHOD[""Lambert Azimuthal Equal Area"",ID[""EPSG"",9820]],PARAMETER[""Latitude of natural origin"",43.5,ANGLEUNIT[""degree"",0.0174532925199433],ID[""EPSG"",8801]],PARAMETER[""Longitude of natural origin"",88.5,ANGLEUNIT[""degree"",0.0174532925199433],ID[""EPSG"",8802]],PARAMETER[""False easting"",0,LENGTHUNIT[""metre"",1],ID[""EPSG"",8806]],PARAMETER[""False northing"",0,LENGTHUNIT[""metre"",1],ID[""EPSG"",8807]]],CS[Cartesian,2],AXIS[""(E)"",east,ORDER[1],LENGTHUNIT[""metre"",1,ID[""EPSG"",9001]]],AXIS[""(N)"",north,ORDER[2],LENGTHUNIT[""metre"",1,ID[""EPSG"",9001]]]]",True,9,[],95d7fa3ad0e24776488072aca2c9af0703410cb61c564eab6a3144b24ce3a405,95d7fa3ad0e24776488072aca2c9af0703410cb61c564eab6a3144b24ce3a405,True,True,0.0
rgi7.0|global|south=+043|west=+0088,p10,3775,2785,"(30.0, 0.0, -41775.0, 0.0, -30.0, 56700.0, 0.0, 0.0, 1.0)","PROJCRS[""unknown"",BASEGEOGCRS[""unknown"",DATUM[""World Geodetic System 1984"",ELLIPSOID[""WGS 84"",6378137,298.257223563,LENGTHUNIT[""metre"",1]],ID[""EPSG"",6326]],PRIMEM[""Greenwich"",0,ANGLEUNIT[""degree"",0.0174532925199433],ID[""EPSG"",8901]]],CONVERSION[""unknown"",METHOD[""Lambert Azimuthal Equal Area"",ID[""EPSG"",9820]],PARAMETER[""Latitude of natural origin"",43.5,ANGLEUNIT[""degree"",0.0174532925199433],ID[""EPSG"",8801]],PARAMETER[""Longitude of natural origin"",88.5,ANGLEUNIT[""degree"",0.0174532925199433],ID[""EPSG"",8802]],PARAMETER[""False easting"",0,LENGTHUNIT[""metre"",1],ID[""EPSG"",8806]],PARAMETER[""False northing"",0,LENGTHUNIT[""metre"",1],ID[""EPSG"",8807]]],CS[Cartesian,2],AXIS[""(E)"",east,ORDER[1],LENGTHUNIT[""metre"",1,ID[""EPSG"",9001]]],AXIS[""(N)"",north,ORDER[2],LENGTHUNIT[""metre"",1,ID[""EPSG"",9001]]]]",True,9,[],1dbe6a562c637353c11a2ed1e95ab669752c45205cef00ec00cd48401da1a22a,1dbe6a562c637353c11a2ed1e95ab669752c45205cef00ec00cd48401da1a22a,True,True,0.0
rgi7.0|global|south=+043|west=+0088,p01,3775,2786,"(30.0, 0.0, -41790.0, 0.0, -30.0, 56685.0, 0.0, 0.0, 1.0)","PROJCRS[""unknown"",BASEGEOGCRS[""unknown"",DATUM[""World Geodetic System 1984"",ELLIPSOID[""WGS 84"",6378137,298.257223563,LENGTHUNIT[""metre"",1]],ID[""EPSG"",6326]],PRIMEM[""Greenwich"",0,ANGLEUNIT[""degree"",0.0174532925199433],ID[""EPSG"",8901]]],CONVERSION[""unknown"",METHOD[""Lambert Azimuthal Equal Area"",ID[""EPSG"",9820]],PARAMETER[""Latitude of natural origin"",43.5,ANGLEUNIT[""degree"",0.0174532925199433],ID[""EPSG"",8801]],PARAMETER[""Longitude of natural origin"",88.5,ANGLEUNIT[""degree"",0.0174532925199433],ID[""EPSG"",8802]],PARAMETER[""False easting"",0,LENGTHUNIT[""metre"",1],ID[""EPSG"",8806]],PARAMETER[""False northing"",0,LENGTHUNIT[""metre"",1],ID[""EPSG"",8807]]],CS[Cartesian,2],AXIS[""(E)"",east,ORDER[1],LENGTHUNIT[""metre"",1,ID[""EPSG"",9001]]],AXIS[""(N)"",north,ORDER[2],LENGTHUNIT[""metre"",1,ID[""EPSG"",9001]]]]",True,9,[],f52046cf9ff9300bfa6d23fc46079e191f73f727592f18f178198d0ec719afae,f52046cf9ff9300bfa6d23fc46079e191f73f727592f18f178198d0ec719afae,True,True,0.0
rgi7.0|global|south=+043|west=+0088,p11,3775,2785,"(30.0, 0.0, -41775.0, 0.0, -30.0, 56685.0, 0.0, 0.0, 1.0)","PROJCRS[""unknown"",BASEGEOGCRS[""unknown"",DATUM[""World Geodetic System 1984"",ELLIPSOID[""WGS 84"",6378137,298.257223563,LENGTHUNIT[""metre"",1]],ID[""EPSG"",6326]],PRIMEM[""Greenwich"",0,ANGLEUNIT[""degree"",0.0174532925199433],ID[""EPSG"",8901]]],CONVERSION[""unknown"",METHOD[""Lambert Azimuthal Equal Area"",ID[""EPSG"",9820]],PARAMETER[""Latitude of natural origin"",43.5,ANGLEUNIT[""degree"",0.0174532925199433],ID[""EPSG"",8801]],PARAMETER[""Longitude of natural origin"",88.5,ANGLEUNIT[""degree"",0.0174532925199433],ID[""EPSG"",8802]],PARAMETER[""False easting"",0,LENGTHUNIT[""metre"",1],ID[""EPSG"",8806]],PARAMETER[""False northing"",0,LENGTHUNIT[""metre"",1],ID[""EPSG"",8807]]],CS[Cartesian,2],AXIS[""(E)"",east,ORDER[1],LENGTHUNIT[""metre"",1,ID[""EPSG"",9001]]],AXIS[""(N)"",north,ORDER[2],LENGTHUNIT[""metre"",1,ID[""EPSG"",9001]]]]",True,9,[],3032a08d9f24dface855a1961f56918b21a31d542058044a4376b3f55b56f813,3032a08d9f24dface855a1961f56918b21a31d542058044a4376b3f55b56f813,True,True,0.0
rgi7.0|global|south=+043|west=+0088,pzi,144,144,"(0.008333333333333333, 0.0, 87.9, 0.0, -0.008333333333333333, 44.1, 0.0, 0.0, 1.0)",EPSG:4326,True,1,[],10335be03ad8f6337cbedf68945264723ae310d228f1333ec4d980b57e91ea9e,10335be03ad8f6337cbedf68945264723ae310d228f1333ec4d980b57e91ea9e,True,True,0.0
rgi7.0|global|south=+037|west=+0088,p00,3774,3036,"(30.0, 0.0, -45510.0, 0.0, -30.0, 56700.0, 0.0, 0.0, 1.0)","PROJCRS[""unknown"",BASEGEOGCRS[""unknown"",DATUM[""World Geodetic System 1984"",ELLIPSOID[""WGS 84"",6378137,298.257223563,LENGTHUNIT[""metre"",1]],ID[""EPSG"",6326]],PRIMEM[""Greenwich"",0,ANGLEUNIT[""degree"",0.0174532925199433],ID[""EPSG"",8901]]],CONVERSION[""unknown"",METHOD[""Lambert Azimuthal Equal Area"",ID[""EPSG"",9820]],PARAMETER[""Latitude of natural origin"",37.5,ANGLEUNIT[""degree"",0.0174532925199433],ID[""EPSG"",8801]],PARAMETER[""Longitude of natural origin"",88.5,ANGLEUNIT[""degree"",0.0174532925199433],ID[""EPSG"",8802]],PARAMETER[""False easting"",0,LENGTHUNIT[""metre"",1],ID[""EPSG"",8806]],PARAMETER[""False northing"",0,LENGTHUNIT[""metre"",1],ID[""EPSG"",8807]]],CS[Cartesian,2],AXIS[""(E)"",east,ORDER[1],LENGTHUNIT[""metre"",1,ID[""EPSG"",9001]]],AXIS[""(N)"",north,ORDER[2],LENGTHUNIT[""metre"",1,ID[""EPSG"",9001]]]]",True,9,[],766d42981f466f78454db962d7944208bf72cd080f70f2a33334c7defb22a1e9,766d42981f466f78454db962d7944208bf72cd080f70f2a33334c7defb22a1e9,True,True,0.0
rgi7.0|global|south=+037|west=+0088,p10,3772,3035,"(30.0, 0.0, -45525.0, 0.0, -30.0, 56640.0, 0.0, 0.0, 1.0)","PROJCRS[""unknown"",BASEGEOGCRS[""unknown"",DATUM[""World Geodetic System 1984"",ELLIPSOID[""WGS 84"",6378137,298.257223563,LENGTHUNIT[""metre"",1]],ID[""EPSG"",6326]],PRIMEM[""Greenwich"",0,ANGLEUNIT[""degree"",0.0174532925199433],ID[""EPSG"",8901]]],CONVERSION[""unknown"",METHOD[""Lambert Azimuthal Equal Area"",ID[""EPSG"",9820]],PARAMETER[""Latitude of natural origin"",37.5,ANGLEUNIT[""degree"",0.0174532925199433],ID[""EPSG"",8801]],PARAMETER[""Longitude of natural origin"",88.5,ANGLEUNIT[""degree"",0.0174532925199433],ID[""EPSG"",8802]],PARAMETER[""False easting"",0,LENGTHUNIT[""metre"",1],ID[""EPSG"",8806]],PARAMETER[""False northing"",0,LENGTHUNIT[""metre"",1],ID[""EPSG"",8807]]],CS[Cartesian,2],AXIS[""(E)"",east,ORDER[1],LENGTHUNIT[""metre"",1,ID[""EPSG"",9001]]],AXIS[""(N)"",north,ORDER[2],LENGTHUNIT[""metre"",1,ID[""EPSG"",9001]]]]",True,9,[],890b4a167c0a596e443b00658266bfaedabd18a5cffd02f11d003f16f0189981,890b4a167c0a596e443b00658266bfaedabd18a5cffd02f11d003f16f0189981,True,True,0.0
rgi7.0|global|south=+037|west=+0088,p01,3771,3034,"(30.0, 0.0, -45510.0, 0.0, -30.0, 56625.0, 0.0, 0.0, 1.0)","PROJCRS[""unknown"",BASEGEOGCRS[""unknown"",DATUM[""World Geodetic System 1984"",ELLIPSOID[""WGS 84"",6378137,298.257223563,LENGTHUNIT[""metre"",1]],ID[""EPSG"",6326]],PRIMEM[""Greenwich"",0,ANGLEUNIT[""degree"",0.0174532925199433],ID[""EPSG"",8901]]],CONVERSION[""unknown"",METHOD[""Lambert Azimuthal Equal Area"",ID[""EPSG"",9820]],PARAMETER[""Latitude of natural origin"",37.5,ANGLEUNIT[""degree"",0.0174532925199433],ID[""EPSG"",8801]],PARAMETER[""Longitude of natural origin"",88.5,ANGLEUNIT[""degree"",0.0174532925199433],ID[""EPSG"",8802]],PARAMETER[""False easting"",0,LENGTHUNIT[""metre"",1],ID[""EPSG"",8806]],PARAMETER[""False northing"",0,LENGTHUNIT[""metre"",1],ID[""EPSG"",8807]]],CS[Cartesian,2],AXIS[""(E)"",east,ORDER[1],LENGTHUNIT[""metre"",1,ID[""EPSG"",9001]]],AXIS[""(N)"",north,ORDER[2],LENGTHUNIT[""metre"",1,ID[""EPSG"",9001]]]]",True,9,[],845047da81bec9b12c3b4837aa7f95d6c9e8a652c34ce24c9f4d53cb64990c5f,845047da81bec9b12c3b4837aa7f95d6c9e8a652c34ce24c9f4d53cb64990c5f,True,True,0.0
rgi7.0|global|south=+037|west=+0088,p11,3771,3035,"(30.0, 0.0, -45525.0, 0.0, -30.0, 56625.0, 0.0, 0.0, 1.0)","PROJCRS[""unknown"",BASEGEOGCRS[""unknown"",DATUM[""World Geodetic System 1984"",ELLIPSOID[""WGS 84"",6378137,298.257223563,LENGTHUNIT[""metre"",1]],ID[""EPSG"",6326]],PRIMEM[""Greenwich"",0,ANGLEUNIT[""degree"",0.0174532925199433],ID[""EPSG"",8901]]],CONVERSION[""unknown"",METHOD[""Lambert Azimuthal Equal Area"",ID[""EPSG"",9820]],PARAMETER[""Latitude of natural origin"",37.5,ANGLEUNIT[""degree"",0.0174532925199433],ID[""EPSG"",8801]],PARAMETER[""Longitude of natural origin"",88.5,ANGLEUNIT[""degree"",0.0174532925199433],ID[""EPSG"",8802]],PARAMETER[""False easting"",0,LENGTHUNIT[""metre"",1],ID[""EPSG"",8806]],PARAMETER[""False northing"",0,LENGTHUNIT[""metre"",1],ID[""EPSG"",8807]]],CS[Cartesian,2],AXIS[""(E)"",east,ORDER[1],LENGTHUNIT[""metre"",1,ID[""EPSG"",9001]]],AXIS[""(N)"",north,ORDER[2],LENGTHUNIT[""metre"",1,ID[""EPSG"",9001]]]]",True,9,[],6fdbe28451afcfdd3206985b926351c213f4c7cb78f805adfdb01636ab3080cf,6fdbe28451afcfdd3206985b926351c213f4c7cb78f805adfdb01636ab3080cf,True,True,0.0
rgi7.0|global|south=+037|west=+0088,pzi,144,144,"(0.008333333333333333, 0.0, 87.9, 0.0, -0.008333333333333333, 38.1, 0.0, 0.0, 1.0)",EPSG:4326,True,1,[],5ba7c1cec9e9d7601f58196391802275a30e5543c4e0893aee98cc94852375f1,5ba7c1cec9e9d7601f58196391802275a30e5543c4e0893aee98cc94852375f1,True,True,0.0
rgi7.0|global|south=+035|west=+0068,p00,3771,3111,"(30.0, 0.0, -46650.0, 0.0, -30.0, 56640.0, 0.0, 0.0, 1.0)","PROJCRS[""unknown"",BASEGEOGCRS[""unknown"",DATUM[""World Geodetic System 1984"",ELLIPSOID[""WGS 84"",6378137,298.257223563,LENGTHUNIT[""metre"",1]],ID[""EPSG"",6326]],PRIMEM[""Greenwich"",0,ANGLEUNIT[""degree"",0.0174532925199433],ID[""EPSG"",8901]]],CONVERSION[""unknown"",METHOD[""Lambert Azimuthal Equal Area"",ID[""EPSG"",9820]],PARAMETER[""Latitude of natural origin"",35.5,ANGLEUNIT[""degree"",0.0174532925199433],ID[""EPSG"",8801]],PARAMETER[""Longitude of natural origin"",68.5,ANGLEUNIT[""degree"",0.0174532925199433],ID[""EPSG"",8802]],PARAMETER[""False easting"",0,LENGTHUNIT[""metre"",1],ID[""EPSG"",8806]],PARAMETER[""False northing"",0,LENGTHUNIT[""metre"",1],ID[""EPSG"",8807]]],CS[Cartesian,2],AXIS[""(E)"",east,ORDER[1],LENGTHUNIT[""metre"",1,ID[""EPSG"",9001]]],AXIS[""(N)"",north,ORDER[2],LENGTHUNIT[""metre"",1,ID[""EPSG"",9001]]]]",True,9,[],0d8bd4aefcd26a7e499f650d62c8dee9f394d745f85c17b6743bd4d7cb7e696e,0d8bd4aefcd26a7e499f650d62c8dee9f394d745f85c17b6743bd4d7cb7e696e,True,True,0.0
rgi7.0|global|south=+035|west=+0068,p10,3770,3111,"(30.0, 0.0, -46665.0, 0.0, -30.0, 56610.0, 0.0, 0.0, 1.0)","PROJCRS[""unknown"",BASEGEOGCRS[""unknown"",DATUM[""World Geodetic System 1984"",ELLIPSOID[""WGS 84"",6378137,298.257223563,LENGTHUNIT[""metre"",1]],ID[""EPSG"",6326]],PRIMEM[""Greenwich"",0,ANGLEUNIT[""degree"",0.0174532925199433],ID[""EPSG"",8901]]],CONVERSION[""unknown"",METHOD[""Lambert Azimuthal Equal Area"",ID[""EPSG"",9820]],PARAMETER[""Latitude of natural origin"",35.5,ANGLEUNIT[""degree"",0.0174532925199433],ID[""EPSG"",8801]],PARAMETER[""Longitude of natural origin"",68.5,ANGLEUNIT[""degree"",0.0174532925199433],ID[""EPSG"",8802]],PARAMETER[""False easting"",0,LENGTHUNIT[""metre"",1],ID[""EPSG"",8806]],PARAMETER[""False northing"",0,LENGTHUNIT[""metre"",1],ID[""EPSG"",8807]]],CS[Cartesian,2],AXIS[""(E)"",east,ORDER[1],LENGTHUNIT[""metre"",1,ID[""EPSG"",9001]]],AXIS[""(N)"",north,ORDER[2],LENGTHUNIT[""metre"",1,ID[""EPSG"",9001]]]]",True,9,[],62011754e2197fd643c15ef316ea91ce5b6e722179d2498591db748f40e4041e,62011754e2197fd643c15ef316ea91ce5b6e722179d2498591db748f40e4041e,True,True,0.0
rgi7.0|global|south=+035|west=+0068,p01,3769,3110,"(30.0, 0.0, -46650.0, 0.0, -30.0, 56595.0, 0.0, 0.0, 1.0)","PROJCRS[""unknown"",BASEGEOGCRS[""unknown"",DATUM[""World Geodetic System 1984"",ELLIPSOID[""WGS 84"",6378137,298.257223563,LENGTHUNIT[""metre"",1]],ID[""EPSG"",6326]],PRIMEM[""Greenwich"",0,ANGLEUNIT[""degree"",0.0174532925199433],ID[""EPSG"",8901]]],CONVERSION[""unknown"",METHOD[""Lambert Azimuthal Equal Area"",ID[""EPSG"",9820]],PARAMETER[""Latitude of natural origin"",35.5,ANGLEUNIT[""degree"",0.0174532925199433],ID[""EPSG"",8801]],PARAMETER[""Longitude of natural origin"",68.5,ANGLEUNIT[""degree"",0.0174532925199433],ID[""EPSG"",8802]],PARAMETER[""False easting"",0,LENGTHUNIT[""metre"",1],ID[""EPSG"",8806]],PARAMETER[""False northing"",0,LENGTHUNIT[""metre"",1],ID[""EPSG"",8807]]],CS[Cartesian,2],AXIS[""(E)"",east,ORDER[1],LENGTHUNIT[""metre"",1,ID[""EPSG"",9001]]],AXIS[""(N)"",north,ORDER[2],LENGTHUNIT[""metre"",1,ID[""EPSG"",9001]]]]",True,9,[],51aacbb917139df5dc0e1912fb4b6fd70dc1a6e1ac2e2eaf0f8eeb7dbce50ab6,51aacbb917139df5dc0e1912fb4b6fd70dc1a6e1ac2e2eaf0f8eeb7dbce50ab6,True,True,0.0
rgi7.0|global|south=+035|west=+0068,p11,3769,3111,"(30.0, 0.0, -46665.0, 0.0, -30.0, 56595.0, 0.0, 0.0, 1.0)","PROJCRS[""unknown"",BASEGEOGCRS[""unknown"",DATUM[""World Geodetic System 1984"",ELLIPSOID[""WGS 84"",6378137,298.257223563,LENGTHUNIT[""metre"",1]],ID[""EPSG"",6326]],PRIMEM[""Greenwich"",0,ANGLEUNIT[""degree"",0.0174532925199433],ID[""EPSG"",8901]]],CONVERSION[""unknown"",METHOD[""Lambert Azimuthal Equal Area"",ID[""EPSG"",9820]],PARAMETER[""Latitude of natural origin"",35.5,ANGLEUNIT[""degree"",0.0174532925199433],ID[""EPSG"",8801]],PARAMETER[""Longitude of natural origin"",68.5,ANGLEUNIT[""degree"",0.0174532925199433],ID[""EPSG"",8802]],PARAMETER[""False easting"",0,LENGTHUNIT[""metre"",1],ID[""EPSG"",8806]],PARAMETER[""False northing"",0,LENGTHUNIT[""metre"",1],ID[""EPSG"",8807]]],CS[Cartesian,2],AXIS[""(E)"",east,ORDER[1],LENGTHUNIT[""metre"",1,ID[""EPSG"",9001]]],AXIS[""(N)"",north,ORDER[2],LENGTHUNIT[""metre"",1,ID[""EPSG"",9001]]]]",True,9,[],7ae59e8cb29f19b269af2b1a52878bdec61f72d76d50fae2c76e5c6751cb13e5,7ae59e8cb29f19b269af2b1a52878bdec61f72d76d50fae2c76e5c6751cb13e5,True,True,0.0
rgi7.0|global|south=+035|west=+0068,pzi,144,144,"(0.008333333333333333, 0.0, 67.9, 0.0, -0.008333333333333333, 36.1, 0.0, 0.0, 1.0)",EPSG:4326,True,1,[],b16a82ad79fdfeb983b69b8acd36a8caea5992bfc1edd5638a85952ddaf5d2d7,b16a82ad79fdfeb983b69b8acd36a8caea5992bfc1edd5638a85952ddaf5d2d7,True,True,0.0
rgi7.0|global|south=+034|west=+0073,p00,3771,3150,"(30.0, 0.0, -47220.0, 0.0, -30.0, 56640.0, 0.0, 0.0, 1.0)","PROJCRS[""unknown"",BASEGEOGCRS[""unknown"",DATUM[""World Geodetic System 1984"",ELLIPSOID[""WGS 84"",6378137,298.257223563,LENGTHUNIT[""metre"",1]],ID[""EPSG"",6326]],PRIMEM[""Greenwich"",0,ANGLEUNIT[""degree"",0.0174532925199433],ID[""EPSG"",8901]]],CONVERSION[""unknown"",METHOD[""Lambert Azimuthal Equal Area"",ID[""EPSG"",9820]],PARAMETER[""Latitude of natural origin"",34.5,ANGLEUNIT[""degree"",0.0174532925199433],ID[""EPSG"",8801]],PARAMETER[""Longitude of natural origin"",73.5,ANGLEUNIT[""degree"",0.0174532925199433],ID[""EPSG"",8802]],PARAMETER[""False easting"",0,LENGTHUNIT[""metre"",1],ID[""EPSG"",8806]],PARAMETER[""False northing"",0,LENGTHUNIT[""metre"",1],ID[""EPSG"",8807]]],CS[Cartesian,2],AXIS[""(E)"",east,ORDER[1],LENGTHUNIT[""metre"",1,ID[""EPSG"",9001]]],AXIS[""(N)"",north,ORDER[2],LENGTHUNIT[""metre"",1,ID[""EPSG"",9001]]]]",True,9,[],efc750fd9147d27814a1d08facc855e7b2965db26eed881f659e9a3d74e97d4f,efc750fd9147d27814a1d08facc855e7b2965db26eed881f659e9a3d74e97d4f,True,True,0.0
rgi7.0|global|south=+034|west=+0073,p10,3770,3147,"(30.0, 0.0, -47205.0, 0.0, -30.0, 56610.0, 0.0, 0.0, 1.0)","PROJCRS[""unknown"",BASEGEOGCRS[""unknown"",DATUM[""World Geodetic System 1984"",ELLIPSOID[""WGS 84"",6378137,298.257223563,LENGTHUNIT[""metre"",1]],ID[""EPSG"",6326]],PRIMEM[""Greenwich"",0,ANGLEUNIT[""degree"",0.0174532925199433],ID[""EPSG"",8901]]],CONVERSION[""unknown"",METHOD[""Lambert Azimuthal Equal Area"",ID[""EPSG"",9820]],PARAMETER[""Latitude of natural origin"",34.5,ANGLEUNIT[""degree"",0.0174532925199433],ID[""EPSG"",8801]],PARAMETER[""Longitude of natural origin"",73.5,ANGLEUNIT[""degree"",0.0174532925199433],ID[""EPSG"",8802]],PARAMETER[""False easting"",0,LENGTHUNIT[""metre"",1],ID[""EPSG"",8806]],PARAMETER[""False northing"",0,LENGTHUNIT[""metre"",1],ID[""EPSG"",8807]]],CS[Cartesian,2],AXIS[""(E)"",east,ORDER[1],LENGTHUNIT[""metre"",1,ID[""EPSG"",9001]]],AXIS[""(N)"",north,ORDER[2],LENGTHUNIT[""metre"",1,ID[""EPSG"",9001]]]]",True,9,[],b8efc93a7ae1ec612a024332c4ceb6e5463fd3b8d10d893d8d9ce8f5a58f2edc,b8efc93a7ae1ec612a024332c4ceb6e5463fd3b8d10d893d8d9ce8f5a58f2edc,True,True,0.0
rgi7.0|global|south=+034|west=+0073,p01,3769,3148,"(30.0, 0.0, -47220.0, 0.0, -30.0, 56595.0, 0.0, 0.0, 1.0)","PROJCRS[""unknown"",BASEGEOGCRS[""unknown"",DATUM[""World Geodetic System 1984"",ELLIPSOID[""WGS 84"",6378137,298.257223563,LENGTHUNIT[""metre"",1]],ID[""EPSG"",6326]],PRIMEM[""Greenwich"",0,ANGLEUNIT[""degree"",0.0174532925199433],ID[""EPSG"",8901]]],CONVERSION[""unknown"",METHOD[""Lambert Azimuthal Equal Area"",ID[""EPSG"",9820]],PARAMETER[""Latitude of natural origin"",34.5,ANGLEUNIT[""degree"",0.0174532925199433],ID[""EPSG"",8801]],PARAMETER[""Longitude of natural origin"",73.5,ANGLEUNIT[""degree"",0.0174532925199433],ID[""EPSG"",8802]],PARAMETER[""False easting"",0,LENGTHUNIT[""metre"",1],ID[""EPSG"",8806]],PARAMETER[""False northing"",0,LENGTHUNIT[""metre"",1],ID[""EPSG"",8807]]],CS[Cartesian,2],AXIS[""(E)"",east,ORDER[1],LENGTHUNIT[""metre"",1,ID[""EPSG"",9001]]],AXIS[""(N)"",north,ORDER[2],LENGTHUNIT[""metre"",1,ID[""EPSG"",9001]]]]",True,9,[],21bad99e9862ce6e7fd6db9b86f4fb6b49eb2af644172c810cc8b6e56ead6edb,21bad99e9862ce6e7fd6db9b86f4fb6b49eb2af644172c810cc8b6e56ead6edb,True,True,0.0
rgi7.0|global|south=+034|west=+0073,p11,3769,3147,"(30.0, 0.0, -47205.0, 0.0, -30.0, 56595.0, 0.0, 0.0, 1.0)","PROJCRS[""unknown"",BASEGEOGCRS[""unknown"",DATUM[""World Geodetic System 1984"",ELLIPSOID[""WGS 84"",6378137,298.257223563,LENGTHUNIT[""metre"",1]],ID[""EPSG"",6326]],PRIMEM[""Greenwich"",0,ANGLEUNIT[""degree"",0.0174532925199433],ID[""EPSG"",8901]]],CONVERSION[""unknown"",METHOD[""Lambert Azimuthal Equal Area"",ID[""EPSG"",9820]],PARAMETER[""Latitude of natural origin"",34.5,ANGLEUNIT[""degree"",0.0174532925199433],ID[""EPSG"",8801]],PARAMETER[""Longitude of natural origin"",73.5,ANGLEUNIT[""degree"",0.0174532925199433],ID[""EPSG"",8802]],PARAMETER[""False easting"",0,LENGTHUNIT[""metre"",1],ID[""EPSG"",8806]],PARAMETER[""False northing"",0,LENGTHUNIT[""metre"",1],ID[""EPSG"",8807]]],CS[Cartesian,2],AXIS[""(E)"",east,ORDER[1],LENGTHUNIT[""metre"",1,ID[""EPSG"",9001]]],AXIS[""(N)"",north,ORDER[2],LENGTHUNIT[""metre"",1,ID[""EPSG"",9001]]]]",True,9,[],76cea67b480bbd346686958818ad6399458738bcfc663e04e4ff36bd9ca35293,76cea67b480bbd346686958818ad6399458738bcfc663e04e4ff36bd9ca35293,True,True,0.0
rgi7.0|global|south=+034|west=+0073,pzi,144,144,"(0.008333333333333333, 0.0, 72.9, 0.0, -0.008333333333333333, 35.1, 0.0, 0.0, 1.0)",EPSG:4326,True,1,[],4458d87e475e5fd26e52c2be8e65fd32725f3022e66dda1ad4d8fce5e67f346d,4458d87e475e5fd26e52c2be8e65fd32725f3022e66dda1ad4d8fce5e67f346d,True,True,0.0
rgi7.0|global|south=+034|west=+0068,p00,3771,3150,"(30.0, 0.0, -47220.0, 0.0, -30.0, 56640.0, 0.0, 0.0, 1.0)","PROJCRS[""unknown"",BASEGEOGCRS[""unknown"",DATUM[""World Geodetic System 1984"",ELLIPSOID[""WGS 84"",6378137,298.257223563,LENGTHUNIT[""metre"",1]],ID[""EPSG"",6326]],PRIMEM[""Greenwich"",0,ANGLEUNIT[""degree"",0.0174532925199433],ID[""EPSG"",8901]]],CONVERSION[""unknown"",METHOD[""Lambert Azimuthal Equal Area"",ID[""EPSG"",9820]],PARAMETER[""Latitude of natural origin"",34.5,ANGLEUNIT[""degree"",0.0174532925199433],ID[""EPSG"",8801]],PARAMETER[""Longitude of natural origin"",68.5,ANGLEUNIT[""degree"",0.0174532925199433],ID[""EPSG"",8802]],PARAMETER[""False easting"",0,LENGTHUNIT[""metre"",1],ID[""EPSG"",8806]],PARAMETER[""False northing"",0,LENGTHUNIT[""metre"",1],ID[""EPSG"",8807]]],CS[Cartesian,2],AXIS[""(E)"",east,ORDER[1],LENGTHUNIT[""metre"",1,ID[""EPSG"",9001]]],AXIS[""(N)"",north,ORDER[2],LENGTHUNIT[""metre"",1,ID[""EPSG"",9001]]]]",True,9,[],49e0880052f1396ba5bfcacfec7ccf579b3c16005dc82097d6d5246ad375eb86,49e0880052f1396ba5bfcacfec7ccf579b3c16005dc82097d6d5246ad375eb86,True,True,0.0
rgi7.0|global|south=+034|west=+0068,p10,3770,3147,"(30.0, 0.0, -47205.0, 0.0, -30.0, 56610.0, 0.0, 0.0, 1.0)","PROJCRS[""unknown"",BASEGEOGCRS[""unknown"",DATUM[""World Geodetic System 1984"",ELLIPSOID[""WGS 84"",6378137,298.257223563,LENGTHUNIT[""metre"",1]],ID[""EPSG"",6326]],PRIMEM[""Greenwich"",0,ANGLEUNIT[""degree"",0.0174532925199433],ID[""EPSG"",8901]]],CONVERSION[""unknown"",METHOD[""Lambert Azimuthal Equal Area"",ID[""EPSG"",9820]],PARAMETER[""Latitude of natural origin"",34.5,ANGLEUNIT[""degree"",0.0174532925199433],ID[""EPSG"",8801]],PARAMETER[""Longitude of natural origin"",68.5,ANGLEUNIT[""degree"",0.0174532925199433],ID[""EPSG"",8802]],PARAMETER[""False easting"",0,LENGTHUNIT[""metre"",1],ID[""EPSG"",8806]],PARAMETER[""False northing"",0,LENGTHUNIT[""metre"",1],ID[""EPSG"",8807]]],CS[Cartesian,2],AXIS[""(E)"",east,ORDER[1],LENGTHUNIT[""metre"",1,ID[""EPSG"",9001]]],AXIS[""(N)"",north,ORDER[2],LENGTHUNIT[""metre"",1,ID[""EPSG"",9001]]]]",True,9,[],c71147266c86fc50920d7ac32af124a3c4dd87fdce1e7ae0432f6ade1cc4af1d,c71147266c86fc50920d7ac32af124a3c4dd87fdce1e7ae0432f6ade1cc4af1d,True,True,0.0
rgi7.0|global|south=+034|west=+0068,p01,3769,3148,"(30.0, 0.0, -47220.0, 0.0, -30.0, 56595.0, 0.0, 0.0, 1.0)","PROJCRS[""unknown"",BASEGEOGCRS[""unknown"",DATUM[""World Geodetic System 1984"",ELLIPSOID[""WGS 84"",6378137,298.257223563,LENGTHUNIT[""metre"",1]],ID[""EPSG"",6326]],PRIMEM[""Greenwich"",0,ANGLEUNIT[""degree"",0.0174532925199433],ID[""EPSG"",8901]]],CONVERSION[""unknown"",METHOD[""Lambert Azimuthal Equal Area"",ID[""EPSG"",9820]],PARAMETER[""Latitude of natural origin"",34.5,ANGLEUNIT[""degree"",0.0174532925199433],ID[""EPSG"",8801]],PARAMETER[""Longitude of natural origin"",68.5,ANGLEUNIT[""degree"",0.0174532925199433],ID[""EPSG"",8802]],PARAMETER[""False easting"",0,LENGTHUNIT[""metre"",1],ID[""EPSG"",8806]],PARAMETER[""False northing"",0,LENGTHUNIT[""metre"",1],ID[""EPSG"",8807]]],CS[Cartesian,2],AXIS[""(E)"",east,ORDER[1],LENGTHUNIT[""metre"",1,ID[""EPSG"",9001]]],AXIS[""(N)"",north,ORDER[2],LENGTHUNIT[""metre"",1,ID[""EPSG"",9001]]]]",True,9,[],90f14b81c0583f7357328504dc77814b5d1170fcfc53135c9974d5f6dfc2e5d0,90f14b81c0583f7357328504dc77814b5d1170fcfc53135c9974d5f6dfc2e5d0,True,True,0.0
rgi7.0|global|south=+034|west=+0068,p11,3769,3147,"(30.0, 0.0, -47205.0, 0.0, -30.0, 56595.0, 0.0, 0.0, 1.0)","PROJCRS[""unknown"",BASEGEOGCRS[""unknown"",DATUM[""World Geodetic System 1984"",ELLIPSOID[""WGS 84"",6378137,298.257223563,LENGTHUNIT[""metre"",1]],ID[""EPSG"",6326]],PRIMEM[""Greenwich"",0,ANGLEUNIT[""degree"",0.0174532925199433],ID[""EPSG"",8901]]],CONVERSION[""unknown"",METHOD[""Lambert Azimuthal Equal Area"",ID[""EPSG"",9820]],PARAMETER[""Latitude of natural origin"",34.5,ANGLEUNIT[""degree"",0.0174532925199433],ID[""EPSG"",8801]],PARAMETER[""Longitude of natural origin"",68.5,ANGLEUNIT[""degree"",0.0174532925199433],ID[""EPSG"",8802]],PARAMETER[""False easting"",0,LENGTHUNIT[""metre"",1],ID[""EPSG"",8806]],PARAMETER[""False northing"",0,LENGTHUNIT[""metre"",1],ID[""EPSG"",8807]]],CS[Cartesian,2],AXIS[""(E)"",east,ORDER[1],LENGTHUNIT[""metre"",1,ID[""EPSG"",9001]]],AXIS[""(N)"",north,ORDER[2],LENGTHUNIT[""metre"",1,ID[""EPSG"",9001]]]]",True,9,[],1b8fc2cbf6b398443e4f022de6cdfc6aeeeeaa21ba5c771ca0dc09b4818b7759,1b8fc2cbf6b398443e4f022de6cdfc6aeeeeaa21ba5c771ca0dc09b4818b7759,True,True,0.0
rgi7.0|global|south=+034|west=+0068,pzi,144,144,"(0.008333333333333333, 0.0, 67.9, 0.0, -0.008333333333333333, 35.1, 0.0, 0.0, 1.0)",EPSG:4326,True,1,[],cd1e03a2b19a39ff3d4caae6a023b744072ab4a6a0f71b3e780210480630f5d3,cd1e03a2b19a39ff3d4caae6a023b744072ab4a6a0f71b3e780210480630f5d3,True,True,0.0
rgi7.0|global|south=+035|west=+0070,p00,3771,3111,"(30.0, 0.0, -46650.0, 0.0, -30.0, 56640.0, 0.0, 0.0, 1.0)","PROJCRS[""unknown"",BASEGEOGCRS[""unknown"",DATUM[""World Geodetic System 1984"",ELLIPSOID[""WGS 84"",6378137,298.257223563,LENGTHUNIT[""metre"",1]],ID[""EPSG"",6326]],PRIMEM[""Greenwich"",0,ANGLEUNIT[""degree"",0.0174532925199433],ID[""EPSG"",8901]]],CONVERSION[""unknown"",METHOD[""Lambert Azimuthal Equal Area"",ID[""EPSG"",9820]],PARAMETER[""Latitude of natural origin"",35.5,ANGLEUNIT[""degree"",0.0174532925199433],ID[""EPSG"",8801]],PARAMETER[""Longitude of natural origin"",70.5,ANGLEUNIT[""degree"",0.0174532925199433],ID[""EPSG"",8802]],PARAMETER[""False easting"",0,LENGTHUNIT[""metre"",1],ID[""EPSG"",8806]],PARAMETER[""False northing"",0,LENGTHUNIT[""metre"",1],ID[""EPSG"",8807]]],CS[Cartesian,2],AXIS[""(E)"",east,ORDER[1],LENGTHUNIT[""metre"",1,ID[""EPSG"",9001]]],AXIS[""(N)"",north,ORDER[2],LENGTHUNIT[""metre"",1,ID[""EPSG"",9001]]]]",True,9,[],bcc36f6a907205d91277b943e165f5b88ea60f8902d93833abb15ea48f56c663,bcc36f6a907205d91277b943e165f5b88ea60f8902d93833abb15ea48f56c663,True,True,0.0
rgi7.0|global|south=+035|west=+0070,p10,3770,3111,"(30.0, 0.0, -46665.0, 0.0, -30.0, 56610.0, 0.0, 0.0, 1.0)","PROJCRS[""unknown"",BASEGEOGCRS[""unknown"",DATUM[""World Geodetic System 1984"",ELLIPSOID[""WGS 84"",6378137,298.257223563,LENGTHUNIT[""metre"",1]],ID[""EPSG"",6326]],PRIMEM[""Greenwich"",0,ANGLEUNIT[""degree"",0.0174532925199433],ID[""EPSG"",8901]]],CONVERSION[""unknown"",METHOD[""Lambert Azimuthal Equal Area"",ID[""EPSG"",9820]],PARAMETER[""Latitude of natural origin"",35.5,ANGLEUNIT[""degree"",0.0174532925199433],ID[""EPSG"",8801]],PARAMETER[""Longitude of natural origin"",70.5,ANGLEUNIT[""degree"",0.0174532925199433],ID[""EPSG"",8802]],PARAMETER[""False easting"",0,LENGTHUNIT[""metre"",1],ID[""EPSG"",8806]],PARAMETER[""False northing"",0,LENGTHUNIT[""metre"",1],ID[""EPSG"",8807]]],CS[Cartesian,2],AXIS[""(E)"",east,ORDER[1],LENGTHUNIT[""metre"",1,ID[""EPSG"",9001]]],AXIS[""(N)"",north,ORDER[2],LENGTHUNIT[""metre"",1,ID[""EPSG"",9001]]]]",True,9,[],499d076ddbc8030aabb990a2a7f45f199f33e31051ede709bd2cfe8f7d9bdf77,499d076ddbc8030aabb990a2a7f45f199f33e31051ede709bd2cfe8f7d9bdf77,True,True,0.0
rgi7.0|global|south=+035|west=+0070,p01,3769,3110,"(30.0, 0.0, -46650.0, 0.0, -30.0, 56595.0, 0.0, 0.0, 1.0)","PROJCRS[""unknown"",BASEGEOGCRS[""unknown"",DATUM[""World Geodetic System 1984"",ELLIPSOID[""WGS 84"",6378137,298.257223563,LENGTHUNIT[""metre"",1]],ID[""EPSG"",6326]],PRIMEM[""Greenwich"",0,ANGLEUNIT[""degree"",0.0174532925199433],ID[""EPSG"",8901]]],CONVERSION[""unknown"",METHOD[""Lambert Azimuthal Equal Area"",ID[""EPSG"",9820]],PARAMETER[""Latitude of natural origin"",35.5,ANGLEUNIT[""degree"",0.0174532925199433],ID[""EPSG"",8801]],PARAMETER[""Longitude of natural origin"",70.5,ANGLEUNIT[""degree"",0.0174532925199433],ID[""EPSG"",8802]],PARAMETER[""False easting"",0,LENGTHUNIT[""metre"",1],ID[""EPSG"",8806]],PARAMETER[""False northing"",0,LENGTHUNIT[""metre"",1],ID[""EPSG"",8807]]],CS[Cartesian,2],AXIS[""(E)"",east,ORDER[1],LENGTHUNIT[""metre"",1,ID[""EPSG"",9001]]],AXIS[""(N)"",north,ORDER[2],LENGTHUNIT[""metre"",1,ID[""EPSG"",9001]]]]",True,9,[],c0b9debff31b51503609a9e99370182fdd9041cfc7d30defb3469ebc0884374f,c0b9debff31b51503609a9e99370182fdd9041cfc7d30defb3469ebc0884374f,True,True,0.0
rgi7.0|global|south=+035|west=+0070,p11,3769,3111,"(30.0, 0.0, -46665.0, 0.0, -30.0, 56595.0, 0.0, 0.0, 1.0)","PROJCRS[""unknown"",BASEGEOGCRS[""unknown"",DATUM[""World Geodetic System 1984"",ELLIPSOID[""WGS 84"",6378137,298.257223563,LENGTHUNIT[""metre"",1]],ID[""EPSG"",6326]],PRIMEM[""Greenwich"",0,ANGLEUNIT[""degree"",0.0174532925199433],ID[""EPSG"",8901]]],CONVERSION[""unknown"",METHOD[""Lambert Azimuthal Equal Area"",ID[""EPSG"",9820]],PARAMETER[""Latitude of natural origin"",35.5,ANGLEUNIT[""degree"",0.0174532925199433],ID[""EPSG"",8801]],PARAMETER[""Longitude of natural origin"",70.5,ANGLEUNIT[""degree"",0.0174532925199433],ID[""EPSG"",8802]],PARAMETER[""False easting"",0,LENGTHUNIT[""metre"",1],ID[""EPSG"",8806]],PARAMETER[""False northing"",0,LENGTHUNIT[""metre"",1],ID[""EPSG"",8807]]],CS[Cartesian,2],AXIS[""(E)"",east,ORDER[1],LENGTHUNIT[""metre"",1,ID[""EPSG"",9001]]],AXIS[""(N)"",north,ORDER[2],LENGTHUNIT[""metre"",1,ID[""EPSG"",9001]]]]",True,9,[],32a43b401377e656a6c7629bdf71a7882d0104840001c960a52188f6ad175494,32a43b401377e656a6c7629bdf71a7882d0104840001c960a52188f6ad175494,True,True,0.0
rgi7.0|global|south=+035|west=+0070,pzi,144,144,"(0.008333333333333333, 0.0, 69.9, 0.0, -0.008333333333333333, 36.1, 0.0, 0.0, 1.0)",EPSG:4326,True,1,[],271ee3ae08e844f48e484aa8206681e1cdf38ff829f34423eefdbd6641e9f647,271ee3ae08e844f48e484aa8206681e1cdf38ff829f34423eefdbd6641e9f647,True,True,0.0
rgi7.0|global|south=+027|west=+0086,p00,3765,3378,"(30.0, 0.0, -50640.0, 0.0, -30.0, 56520.0, 0.0, 0.0, 1.0)","PROJCRS[""unknown"",BASEGEOGCRS[""unknown"",DATUM[""World Geodetic System 1984"",ELLIPSOID[""WGS 84"",6378137,298.257223563,LENGTHUNIT[""metre"",1]],ID[""EPSG"",6326]],PRIMEM[""Greenwich"",0,ANGLEUNIT[""degree"",0.0174532925199433],ID[""EPSG"",8901]]],CONVERSION[""unknown"",METHOD[""Lambert Azimuthal Equal Area"",ID[""EPSG"",9820]],PARAMETER[""Latitude of natural origin"",27.5,ANGLEUNIT[""degree"",0.0174532925199433],ID[""EPSG"",8801]],PARAMETER[""Longitude of natural origin"",86.5,ANGLEUNIT[""degree"",0.0174532925199433],ID[""EPSG"",8802]],PARAMETER[""False easting"",0,LENGTHUNIT[""metre"",1],ID[""EPSG"",8806]],PARAMETER[""False northing"",0,LENGTHUNIT[""metre"",1],ID[""EPSG"",8807]]],CS[Cartesian,2],AXIS[""(E)"",east,ORDER[1],LENGTHUNIT[""metre"",1,ID[""EPSG"",9001]]],AXIS[""(N)"",north,ORDER[2],LENGTHUNIT[""metre"",1,ID[""EPSG"",9001]]]]",True,9,[],ebe5ae1bce6096632e96f728655dc0b645802c46caa1282e8cbaed8dcf097da3,ebe5ae1bce6096632e96f728655dc0b645802c46caa1282e8cbaed8dcf097da3,True,True,0.0
rgi7.0|global|south=+027|west=+0086,p10,3765,3377,"(30.0, 0.0, -50655.0, 0.0, -30.0, 56520.0, 0.0, 0.0, 1.0)","PROJCRS[""unknown"",BASEGEOGCRS[""unknown"",DATUM[""World Geodetic System 1984"",ELLIPSOID[""WGS 84"",6378137,298.257223563,LENGTHUNIT[""metre"",1]],ID[""EPSG"",6326]],PRIMEM[""Greenwich"",0,ANGLEUNIT[""degree"",0.0174532925199433],ID[""EPSG"",8901]]],CONVERSION[""unknown"",METHOD[""Lambert Azimuthal Equal Area"",ID[""EPSG"",9820]],PARAMETER[""Latitude of natural origin"",27.5,ANGLEUNIT[""degree"",0.0174532925199433],ID[""EPSG"",8801]],PARAMETER[""Longitude of natural origin"",86.5,ANGLEUNIT[""degree"",0.0174532925199433],ID[""EPSG"",8802]],PARAMETER[""False easting"",0,LENGTHUNIT[""metre"",1],ID[""EPSG"",8806]],PARAMETER[""False northing"",0,LENGTHUNIT[""metre"",1],ID[""EPSG"",8807]]],CS[Cartesian,2],AXIS[""(E)"",east,ORDER[1],LENGTHUNIT[""metre"",1,ID[""EPSG"",9001]]],AXIS[""(N)"",north,ORDER[2],LENGTHUNIT[""metre"",1,ID[""EPSG"",9001]]]]",True,9,[],e90045dd5c00a249b3db93391f2e5e5e43c5c56eb639d726469044216b305045,e90045dd5c00a249b3db93391f2e5e5e43c5c56eb639d726469044216b305045,True,True,0.0
rgi7.0|global|south=+027|west=+0086,p01,3765,3376,"(30.0, 0.0, -50640.0, 0.0, -30.0, 56535.0, 0.0, 0.0, 1.0)","PROJCRS[""unknown"",BASEGEOGCRS[""unknown"",DATUM[""World Geodetic System 1984"",ELLIPSOID[""WGS 84"",6378137,298.257223563,LENGTHUNIT[""metre"",1]],ID[""EPSG"",6326]],PRIMEM[""Greenwich"",0,ANGLEUNIT[""degree"",0.0174532925199433],ID[""EPSG"",8901]]],CONVERSION[""unknown"",METHOD[""Lambert Azimuthal Equal Area"",ID[""EPSG"",9820]],PARAMETER[""Latitude of natural origin"",27.5,ANGLEUNIT[""degree"",0.0174532925199433],ID[""EPSG"",8801]],PARAMETER[""Longitude of natural origin"",86.5,ANGLEUNIT[""degree"",0.0174532925199433],ID[""EPSG"",8802]],PARAMETER[""False easting"",0,LENGTHUNIT[""metre"",1],ID[""EPSG"",8806]],PARAMETER[""False northing"",0,LENGTHUNIT[""metre"",1],ID[""EPSG"",8807]]],CS[Cartesian,2],AXIS[""(E)"",east,ORDER[1],LENGTHUNIT[""metre"",1,ID[""EPSG"",9001]]],AXIS[""(N)"",north,ORDER[2],LENGTHUNIT[""metre"",1,ID[""EPSG"",9001]]]]",True,9,[],bd2e184042bfcb7d56cee1d80f085d604fb9f5bb114c09971db8140481fa4456,bd2e184042bfcb7d56cee1d80f085d604fb9f5bb114c09971db8140481fa4456,True,True,0.0
rgi7.0|global|south=+027|west=+0086,p11,3765,3377,"(30.0, 0.0, -50655.0, 0.0, -30.0, 56535.0, 0.0, 0.0, 1.0)","PROJCRS[""unknown"",BASEGEOGCRS[""unknown"",DATUM[""World Geodetic System 1984"",ELLIPSOID[""WGS 84"",6378137,298.257223563,LENGTHUNIT[""metre"",1]],ID[""EPSG"",6326]],PRIMEM[""Greenwich"",0,ANGLEUNIT[""degree"",0.0174532925199433],ID[""EPSG"",8901]]],CONVERSION[""unknown"",METHOD[""Lambert Azimuthal Equal Area"",ID[""EPSG"",9820]],PARAMETER[""Latitude of natural origin"",27.5,ANGLEUNIT[""degree"",0.0174532925199433],ID[""EPSG"",8801]],PARAMETER[""Longitude of natural origin"",86.5,ANGLEUNIT[""degree"",0.0174532925199433],ID[""EPSG"",8802]],PARAMETER[""False easting"",0,LENGTHUNIT[""metre"",1],ID[""EPSG"",8806]],PARAMETER[""False northing"",0,LENGTHUNIT[""metre"",1],ID[""EPSG"",8807]]],CS[Cartesian,2],AXIS[""(E)"",east,ORDER[1],LENGTHUNIT[""metre"",1,ID[""EPSG"",9001]]],AXIS[""(N)"",north,ORDER[2],LENGTHUNIT[""metre"",1,ID[""EPSG"",9001]]]]",True,9,[],878d5870f99003e1f0f24cce46a41b7ff45fd971ccad13c52d74e435e3c5e269,878d5870f99003e1f0f24cce46a41b7ff45fd971ccad13c52d74e435e3c5e269,True,True,0.0
rgi7.0|global|south=+027|west=+0086,pzi,144,144,"(0.008333333333333333, 0.0, 85.9, 0.0, -0.008333333333333333, 28.1, 0.0, 0.0, 1.0)",EPSG:4326,True,1,[],1c02f4afad4fcddcdb6667e6b7413a112e9f391604f29b4b50037ff7b15b6e4a,1c02f4afad4fcddcdb6667e6b7413a112e9f391604f29b4b50037ff7b15b6e4a,True,True,0.0
rgi7.0|global|south=+029|west=+0097,p00,3768,3318,"(30.0, 0.0, -49740.0, 0.0, -30.0, 56610.0, 0.0, 0.0, 1.0)","PROJCRS[""unknown"",BASEGEOGCRS[""unknown"",DATUM[""World Geodetic System 1984"",ELLIPSOID[""WGS 84"",6378137,298.257223563,LENGTHUNIT[""metre"",1]],ID[""EPSG"",6326]],PRIMEM[""Greenwich"",0,ANGLEUNIT[""degree"",0.0174532925199433],ID[""EPSG"",8901]]],CONVERSION[""unknown"",METHOD[""Lambert Azimuthal Equal Area"",ID[""EPSG"",9820]],PARAMETER[""Latitude of natural origin"",29.5,ANGLEUNIT[""degree"",0.0174532925199433],ID[""EPSG"",8801]],PARAMETER[""Longitude of natural origin"",97.5,ANGLEUNIT[""degree"",0.0174532925199433],ID[""EPSG"",8802]],PARAMETER[""False easting"",0,LENGTHUNIT[""metre"",1],ID[""EPSG"",8806]],PARAMETER[""False northing"",0,LENGTHUNIT[""metre"",1],ID[""EPSG"",8807]]],CS[Cartesian,2],AXIS[""(E)"",east,ORDER[1],LENGTHUNIT[""metre"",1,ID[""EPSG"",9001]]],AXIS[""(N)"",north,ORDER[2],LENGTHUNIT[""metre"",1,ID[""EPSG"",9001]]]]",True,9,[],8aeca911882031896ff7fd1a090280964cd97f5a5ba23a2199bd4153cae334b4,8aeca911882031896ff7fd1a090280964cd97f5a5ba23a2199bd4153cae334b4,True,True,0.0
rgi7.0|global|south=+029|west=+0097,p10,3766,3315,"(30.0, 0.0, -49725.0, 0.0, -30.0, 56550.0, 0.0, 0.0, 1.0)","PROJCRS[""unknown"",BASEGEOGCRS[""unknown"",DATUM[""World Geodetic System 1984"",ELLIPSOID[""WGS 84"",6378137,298.257223563,LENGTHUNIT[""metre"",1]],ID[""EPSG"",6326]],PRIMEM[""Greenwich"",0,ANGLEUNIT[""degree"",0.0174532925199433],ID[""EPSG"",8901]]],CONVERSION[""unknown"",METHOD[""Lambert Azimuthal Equal Area"",ID[""EPSG"",9820]],PARAMETER[""Latitude of natural origin"",29.5,ANGLEUNIT[""degree"",0.0174532925199433],ID[""EPSG"",8801]],PARAMETER[""Longitude of natural origin"",97.5,ANGLEUNIT[""degree"",0.0174532925199433],ID[""EPSG"",8802]],PARAMETER[""False easting"",0,LENGTHUNIT[""metre"",1],ID[""EPSG"",8806]],PARAMETER[""False northing"",0,LENGTHUNIT[""metre"",1],ID[""EPSG"",8807]]],CS[Cartesian,2],AXIS[""(E)"",east,ORDER[1],LENGTHUNIT[""metre"",1,ID[""EPSG"",9001]]],AXIS[""(N)"",north,ORDER[2],LENGTHUNIT[""metre"",1,ID[""EPSG"",9001]]]]",True,9,[],2fd1eb551e30b942e1f5f34fc1ca5a234a251ac3036221b5b2744dec8b8ce3fa,2fd1eb551e30b942e1f5f34fc1ca5a234a251ac3036221b5b2744dec8b8ce3fa,True,True,0.0
rgi7.0|global|south=+029|west=+0097,p01,3766,3316,"(30.0, 0.0, -49740.0, 0.0, -30.0, 56535.0, 0.0, 0.0, 1.0)","PROJCRS[""unknown"",BASEGEOGCRS[""unknown"",DATUM[""World Geodetic System 1984"",ELLIPSOID[""WGS 84"",6378137,298.257223563,LENGTHUNIT[""metre"",1]],ID[""EPSG"",6326]],PRIMEM[""Greenwich"",0,ANGLEUNIT[""degree"",0.0174532925199433],ID[""EPSG"",8901]]],CONVERSION[""unknown"",METHOD[""Lambert Azimuthal Equal Area"",ID[""EPSG"",9820]],PARAMETER[""Latitude of natural origin"",29.5,ANGLEUNIT[""degree"",0.0174532925199433],ID[""EPSG"",8801]],PARAMETER[""Longitude of natural origin"",97.5,ANGLEUNIT[""degree"",0.0174532925199433],ID[""EPSG"",8802]],PARAMETER[""False easting"",0,LENGTHUNIT[""metre"",1],ID[""EPSG"",8806]],PARAMETER[""False northing"",0,LENGTHUNIT[""metre"",1],ID[""EPSG"",8807]]],CS[Cartesian,2],AXIS[""(E)"",east,ORDER[1],LENGTHUNIT[""metre"",1,ID[""EPSG"",9001]]],AXIS[""(N)"",north,ORDER[2],LENGTHUNIT[""metre"",1,ID[""EPSG"",9001]]]]",True,9,[],6224553e04742ae8d5e5cf85abc22cc828dd3a8cdcac94b41d4c5e69926fe29b,6224553e04742ae8d5e5cf85abc22cc828dd3a8cdcac94b41d4c5e69926fe29b,True,True,0.0
rgi7.0|global|south=+029|west=+0097,p11,3766,3315,"(30.0, 0.0, -49725.0, 0.0, -30.0, 56535.0, 0.0, 0.0, 1.0)","PROJCRS[""unknown"",BASEGEOGCRS[""unknown"",DATUM[""World Geodetic System 1984"",ELLIPSOID[""WGS 84"",6378137,298.257223563,LENGTHUNIT[""metre"",1]],ID[""EPSG"",6326]],PRIMEM[""Greenwich"",0,ANGLEUNIT[""degree"",0.0174532925199433],ID[""EPSG"",8901]]],CONVERSION[""unknown"",METHOD[""Lambert Azimuthal Equal Area"",ID[""EPSG"",9820]],PARAMETER[""Latitude of natural origin"",29.5,ANGLEUNIT[""degree"",0.0174532925199433],ID[""EPSG"",8801]],PARAMETER[""Longitude of natural origin"",97.5,ANGLEUNIT[""degree"",0.0174532925199433],ID[""EPSG"",8802]],PARAMETER[""False easting"",0,LENGTHUNIT[""metre"",1],ID[""EPSG"",8806]],PARAMETER[""False northing"",0,LENGTHUNIT[""metre"",1],ID[""EPSG"",8807]]],CS[Cartesian,2],AXIS[""(E)"",east,ORDER[1],LENGTHUNIT[""metre"",1,ID[""EPSG"",9001]]],AXIS[""(N)"",north,ORDER[2],LENGTHUNIT[""metre"",1,ID[""EPSG"",9001]]]]",True,9,[],5a8e6d2fc41689303a8447af57f698556da6acae722f103756db14ef2e133d99,5a8e6d2fc41689303a8447af57f698556da6acae722f103756db14ef2e133d99,True,True,0.0
rgi7.0|global|south=+029|west=+0097,pzi,144,144,"(0.008333333333333333, 0.0, 96.9, 0.0, -0.008333333333333333, 30.1, 0.0, 0.0, 1.0)",EPSG:4326,True,1,[],a389a4ec7d9a06181d3afeaad6ef6ee8692a00cc47c0410d83ff1bc13138ec1b,a389a4ec7d9a06181d3afeaad6ef6ee8692a00cc47c0410d83ff1bc13138ec1b,True,True,0.0
rgi7.0|global|south=+029|west=+0081,p00,3768,3318,"(30.0, 0.0, -49740.0, 0.0, -30.0, 56610.0, 0.0, 0.0, 1.0)","PROJCRS[""unknown"",BASEGEOGCRS[""unknown"",DATUM[""World Geodetic System 1984"",ELLIPSOID[""WGS 84"",6378137,298.257223563,LENGTHUNIT[""metre"",1]],ID[""EPSG"",6326]],PRIMEM[""Greenwich"",0,ANGLEUNIT[""degree"",0.0174532925199433],ID[""EPSG"",8901]]],CONVERSION[""unknown"",METHOD[""Lambert Azimuthal Equal Area"",ID[""EPSG"",9820]],PARAMETER[""Latitude of natural origin"",29.5,ANGLEUNIT[""degree"",0.0174532925199433],ID[""EPSG"",8801]],PARAMETER[""Longitude of natural origin"",81.5,ANGLEUNIT[""degree"",0.0174532925199433],ID[""EPSG"",8802]],PARAMETER[""False easting"",0,LENGTHUNIT[""metre"",1],ID[""EPSG"",8806]],PARAMETER[""False northing"",0,LENGTHUNIT[""metre"",1],ID[""EPSG"",8807]]],CS[Cartesian,2],AXIS[""(E)"",east,ORDER[1],LENGTHUNIT[""metre"",1,ID[""EPSG"",9001]]],AXIS[""(N)"",north,ORDER[2],LENGTHUNIT[""metre"",1,ID[""EPSG"",9001]]]]",True,9,[],80518237e5cb6cbac3ffd160f62546bc69cc41422f0673bdec12533e7e42ae43,80518237e5cb6cbac3ffd160f62546bc69cc41422f0673bdec12533e7e42ae43,True,True,0.0
rgi7.0|global|south=+029|west=+0081,p10,3766,3315,"(30.0, 0.0, -49725.0, 0.0, -30.0, 56550.0, 0.0, 0.0, 1.0)","PROJCRS[""unknown"",BASEGEOGCRS[""unknown"",DATUM[""World Geodetic System 1984"",ELLIPSOID[""WGS 84"",6378137,298.257223563,LENGTHUNIT[""metre"",1]],ID[""EPSG"",6326]],PRIMEM[""Greenwich"",0,ANGLEUNIT[""degree"",0.0174532925199433],ID[""EPSG"",8901]]],CONVERSION[""unknown"",METHOD[""Lambert Azimuthal Equal Area"",ID[""EPSG"",9820]],PARAMETER[""Latitude of natural origin"",29.5,ANGLEUNIT[""degree"",0.0174532925199433],ID[""EPSG"",8801]],PARAMETER[""Longitude of natural origin"",81.5,ANGLEUNIT[""degree"",0.0174532925199433],ID[""EPSG"",8802]],PARAMETER[""False easting"",0,LENGTHUNIT[""metre"",1],ID[""EPSG"",8806]],PARAMETER[""False northing"",0,LENGTHUNIT[""metre"",1],ID[""EPSG"",8807]]],CS[Cartesian,2],AXIS[""(E)"",east,ORDER[1],LENGTHUNIT[""metre"",1,ID[""EPSG"",9001]]],AXIS[""(N)"",north,ORDER[2],LENGTHUNIT[""metre"",1,ID[""EPSG"",9001]]]]",True,9,[],3cb327e4c697b107d3081bcbd4f96d905df5bf17b706794ab69b5693f9004ec8,3cb327e4c697b107d3081bcbd4f96d905df5bf17b706794ab69b5693f9004ec8,True,True,0.0
rgi7.0|global|south=+029|west=+0081,p01,3766,3316,"(30.0, 0.0, -49740.0, 0.0, -30.0, 56535.0, 0.0, 0.0, 1.0)","PROJCRS[""unknown"",BASEGEOGCRS[""unknown"",DATUM[""World Geodetic System 1984"",ELLIPSOID[""WGS 84"",6378137,298.257223563,LENGTHUNIT[""metre"",1]],ID[""EPSG"",6326]],PRIMEM[""Greenwich"",0,ANGLEUNIT[""degree"",0.0174532925199433],ID[""EPSG"",8901]]],CONVERSION[""unknown"",METHOD[""Lambert Azimuthal Equal Area"",ID[""EPSG"",9820]],PARAMETER[""Latitude of natural origin"",29.5,ANGLEUNIT[""degree"",0.0174532925199433],ID[""EPSG"",8801]],PARAMETER[""Longitude of natural origin"",81.5,ANGLEUNIT[""degree"",0.0174532925199433],ID[""EPSG"",8802]],PARAMETER[""False easting"",0,LENGTHUNIT[""metre"",1],ID[""EPSG"",8806]],PARAMETER[""False northing"",0,LENGTHUNIT[""metre"",1],ID[""EPSG"",8807]]],CS[Cartesian,2],AXIS[""(E)"",east,ORDER[1],LENGTHUNIT[""metre"",1,ID[""EPSG"",9001]]],AXIS[""(N)"",north,ORDER[2],LENGTHUNIT[""metre"",1,ID[""EPSG"",9001]]]]",True,9,[],0e8e5ea28057580c0456fb986adce183caf6523c88a96bcafb6c89c9ff07fb6d,0e8e5ea28057580c0456fb986adce183caf6523c88a96bcafb6c89c9ff07fb6d,True,True,0.0
rgi7.0|global|south=+029|west=+0081,p11,3766,3315,"(30.0, 0.0, -49725.0, 0.0, -30.0, 56535.0, 0.0, 0.0, 1.0)","PROJCRS[""unknown"",BASEGEOGCRS[""unknown"",DATUM[""World Geodetic System 1984"",ELLIPSOID[""WGS 84"",6378137,298.257223563,LENGTHUNIT[""metre"",1]],ID[""EPSG"",6326]],PRIMEM[""Greenwich"",0,ANGLEUNIT[""degree"",0.0174532925199433],ID[""EPSG"",8901]]],CONVERSION[""unknown"",METHOD[""Lambert Azimuthal Equal Area"",ID[""EPSG"",9820]],PARAMETER[""Latitude of natural origin"",29.5,ANGLEUNIT[""degree"",0.0174532925199433],ID[""EPSG"",8801]],PARAMETER[""Longitude of natural origin"",81.5,ANGLEUNIT[""degree"",0.0174532925199433],ID[""EPSG"",8802]],PARAMETER[""False easting"",0,LENGTHUNIT[""metre"",1],ID[""EPSG"",8806]],PARAMETER[""False northing"",0,LENGTHUNIT[""metre"",1],ID[""EPSG"",8807]]],CS[Cartesian,2],AXIS[""(E)"",east,ORDER[1],LENGTHUNIT[""metre"",1,ID[""EPSG"",9001]]],AXIS[""(N)"",north,ORDER[2],LENGTHUNIT[""metre"",1,ID[""EPSG"",9001]]]]",True,9,[],0e6365220f46b14ee384fbf456b7d5e016ae9dee91565fa7bd170efb2f681402,0e6365220f46b14ee384fbf456b7d5e016ae9dee91565fa7bd170efb2f681402,True,True,0.0
rgi7.0|global|south=+029|west=+0081,pzi,144,144,"(0.008333333333333333, 0.0, 80.9, 0.0, -0.008333333333333333, 30.1, 0.0, 0.0, 1.0)",EPSG:4326,True,1,[],3b16cd0abe482434775dde9da147538db25cbd6894f0ba20d48186d2957fe0e4,3b16cd0abe482434775dde9da147538db25cbd6894f0ba20d48186d2957fe0e4,True,True,0.0
rgi7.0|global|south=+027|west=+0087,p00,3765,3378,"(30.0, 0.0, -50640.0, 0.0, -30.0, 56520.0, 0.0, 0.0, 1.0)","PROJCRS[""unknown"",BASEGEOGCRS[""unknown"",DATUM[""World Geodetic System 1984"",ELLIPSOID[""WGS 84"",6378137,298.257223563,LENGTHUNIT[""metre"",1]],ID[""EPSG"",6326]],PRIMEM[""Greenwich"",0,ANGLEUNIT[""degree"",0.0174532925199433],ID[""EPSG"",8901]]],CONVERSION[""unknown"",METHOD[""Lambert Azimuthal Equal Area"",ID[""EPSG"",9820]],PARAMETER[""Latitude of natural origin"",27.5,ANGLEUNIT[""degree"",0.0174532925199433],ID[""EPSG"",8801]],PARAMETER[""Longitude of natural origin"",87.5,ANGLEUNIT[""degree"",0.0174532925199433],ID[""EPSG"",8802]],PARAMETER[""False easting"",0,LENGTHUNIT[""metre"",1],ID[""EPSG"",8806]],PARAMETER[""False northing"",0,LENGTHUNIT[""metre"",1],ID[""EPSG"",8807]]],CS[Cartesian,2],AXIS[""(E)"",east,ORDER[1],LENGTHUNIT[""metre"",1,ID[""EPSG"",9001]]],AXIS[""(N)"",north,ORDER[2],LENGTHUNIT[""metre"",1,ID[""EPSG"",9001]]]]",True,9,[],64efcecce06fc7779bba893dc8483987b3260553bdf47281d57ee77080b603c4,64efcecce06fc7779bba893dc8483987b3260553bdf47281d57ee77080b603c4,True,True,0.0
rgi7.0|global|south=+027|west=+0087,p10,3765,3377,"(30.0, 0.0, -50655.0, 0.0, -30.0, 56520.0, 0.0, 0.0, 1.0)","PROJCRS[""unknown"",BASEGEOGCRS[""unknown"",DATUM[""World Geodetic System 1984"",ELLIPSOID[""WGS 84"",6378137,298.257223563,LENGTHUNIT[""metre"",1]],ID[""EPSG"",6326]],PRIMEM[""Greenwich"",0,ANGLEUNIT[""degree"",0.0174532925199433],ID[""EPSG"",8901]]],CONVERSION[""unknown"",METHOD[""Lambert Azimuthal Equal Area"",ID[""EPSG"",9820]],PARAMETER[""Latitude of natural origin"",27.5,ANGLEUNIT[""degree"",0.0174532925199433],ID[""EPSG"",8801]],PARAMETER[""Longitude of natural origin"",87.5,ANGLEUNIT[""degree"",0.0174532925199433],ID[""EPSG"",8802]],PARAMETER[""False easting"",0,LENGTHUNIT[""metre"",1],ID[""EPSG"",8806]],PARAMETER[""False northing"",0,LENGTHUNIT[""metre"",1],ID[""EPSG"",8807]]],CS[Cartesian,2],AXIS[""(E)"",east,ORDER[1],LENGTHUNIT[""metre"",1,ID[""EPSG"",9001]]],AXIS[""(N)"",north,ORDER[2],LENGTHUNIT[""metre"",1,ID[""EPSG"",9001]]]]",True,9,[],c745c99c2ea487d9bb1fe16931b022b2a0c94b69bec94104cfe51965bc2ca85e,c745c99c2ea487d9bb1fe16931b022b2a0c94b69bec94104cfe51965bc2ca85e,True,True,0.0
rgi7.0|global|south=+027|west=+0087,p01,3765,3376,"(30.0, 0.0, -50640.0, 0.0, -30.0, 56535.0, 0.0, 0.0, 1.0)","PROJCRS[""unknown"",BASEGEOGCRS[""unknown"",DATUM[""World Geodetic System 1984"",ELLIPSOID[""WGS 84"",6378137,298.257223563,LENGTHUNIT[""metre"",1]],ID[""EPSG"",6326]],PRIMEM[""Greenwich"",0,ANGLEUNIT[""degree"",0.0174532925199433],ID[""EPSG"",8901]]],CONVERSION[""unknown"",METHOD[""Lambert Azimuthal Equal Area"",ID[""EPSG"",9820]],PARAMETER[""Latitude of natural origin"",27.5,ANGLEUNIT[""degree"",0.0174532925199433],ID[""EPSG"",8801]],PARAMETER[""Longitude of natural origin"",87.5,ANGLEUNIT[""degree"",0.0174532925199433],ID[""EPSG"",8802]],PARAMETER[""False easting"",0,LENGTHUNIT[""metre"",1],ID[""EPSG"",8806]],PARAMETER[""False northing"",0,LENGTHUNIT[""metre"",1],ID[""EPSG"",8807]]],CS[Cartesian,2],AXIS[""(E)"",east,ORDER[1],LENGTHUNIT[""metre"",1,ID[""EPSG"",9001]]],AXIS[""(N)"",north,ORDER[2],LENGTHUNIT[""metre"",1,ID[""EPSG"",9001]]]]",True,9,[],4291f84e2e1bb8aae2273bad8e79751e6b5965aae590f5d4e65d899fb900a0f7,4291f84e2e1bb8aae2273bad8e79751e6b5965aae590f5d4e65d899fb900a0f7,True,True,0.0
rgi7.0|global|south=+027|west=+0087,p11,3765,3377,"(30.0, 0.0, -50655.0, 0.0, -30.0, 56535.0, 0.0, 0.0, 1.0)","PROJCRS[""unknown"",BASEGEOGCRS[""unknown"",DATUM[""World Geodetic System 1984"",ELLIPSOID[""WGS 84"",6378137,298.257223563,LENGTHUNIT[""metre"",1]],ID[""EPSG"",6326]],PRIMEM[""Greenwich"",0,ANGLEUNIT[""degree"",0.0174532925199433],ID[""EPSG"",8901]]],CONVERSION[""unknown"",METHOD[""Lambert Azimuthal Equal Area"",ID[""EPSG"",9820]],PARAMETER[""Latitude of natural origin"",27.5,ANGLEUNIT[""degree"",0.0174532925199433],ID[""EPSG"",8801]],PARAMETER[""Longitude of natural origin"",87.5,ANGLEUNIT[""degree"",0.0174532925199433],ID[""EPSG"",8802]],PARAMETER[""False easting"",0,LENGTHUNIT[""metre"",1],ID[""EPSG"",8806]],PARAMETER[""False northing"",0,LENGTHUNIT[""metre"",1],ID[""EPSG"",8807]]],CS[Cartesian,2],AXIS[""(E)"",east,ORDER[1],LENGTHUNIT[""metre"",1,ID[""EPSG"",9001]]],AXIS[""(N)"",north,ORDER[2],LENGTHUNIT[""metre"",1,ID[""EPSG"",9001]]]]",True,9,[],ca1e4cd492b199d132320b4da1aac512e7d7d2b3471afbdda78af97482344539,ca1e4cd492b199d132320b4da1aac512e7d7d2b3471afbdda78af97482344539,True,True,0.0
rgi7.0|global|south=+027|west=+0087,pzi,144,144,"(0.008333333333333333, 0.0, 86.9, 0.0, -0.008333333333333333, 28.1, 0.0, 0.0, 1.0)",EPSG:4326,True,1,[],fbc75cf2e843c41c656c2b33bc09a14af87bd70c0680d012a9f25286f5c3f367,fbc75cf2e843c41c656c2b33bc09a14af87bd70c0680d012a9f25286f5c3f367,True,True,0.0
rgi7.0|global|south=+006|west=-0073,p00,3756,3759,"(30.0, 0.0, -56370.0, 0.0, -30.0, 56370.0, 0.0, 0.0, 1.0)","PROJCRS[""unknown"",BASEGEOGCRS[""unknown"",DATUM[""World Geodetic System 1984"",ELLIPSOID[""WGS 84"",6378137,298.257223563,LENGTHUNIT[""metre"",1]],ID[""EPSG"",6326]],PRIMEM[""Greenwich"",0,ANGLEUNIT[""degree"",0.0174532925199433],ID[""EPSG"",8901]]],CONVERSION[""unknown"",METHOD[""Lambert Azimuthal Equal Area"",ID[""EPSG"",9820]],PARAMETER[""Latitude of natural origin"",6.5,ANGLEUNIT[""degree"",0.0174532925199433],ID[""EPSG"",8801]],PARAMETER[""Longitude of natural origin"",-72.5,ANGLEUNIT[""degree"",0.0174532925199433],ID[""EPSG"",8802]],PARAMETER[""False easting"",0,LENGTHUNIT[""metre"",1],ID[""EPSG"",8806]],PARAMETER[""False northing"",0,LENGTHUNIT[""metre"",1],ID[""EPSG"",8807]]],CS[Cartesian,2],AXIS[""(E)"",east,ORDER[1],LENGTHUNIT[""metre"",1,ID[""EPSG"",9001]]],AXIS[""(N)"",north,ORDER[2],LENGTHUNIT[""metre"",1,ID[""EPSG"",9001]]]]",True,9,[],17ddbbc84f0b0c4e8f23909ba97d2e5fd25498593fabcb7902036111dec5102b,17ddbbc84f0b0c4e8f23909ba97d2e5fd25498593fabcb7902036111dec5102b,True,True,0.0
rgi7.0|global|south=+006|west=-0073,p10,3755,3759,"(30.0, 0.0, -56385.0, 0.0, -30.0, 56340.0, 0.0, 0.0, 1.0)","PROJCRS[""unknown"",BASEGEOGCRS[""unknown"",DATUM[""World Geodetic System 1984"",ELLIPSOID[""WGS 84"",6378137,298.257223563,LENGTHUNIT[""metre"",1]],ID[""EPSG"",6326]],PRIMEM[""Greenwich"",0,ANGLEUNIT[""degree"",0.0174532925199433],ID[""EPSG"",8901]]],CONVERSION[""unknown"",METHOD[""Lambert Azimuthal Equal Area"",ID[""EPSG"",9820]],PARAMETER[""Latitude of natural origin"",6.5,ANGLEUNIT[""degree"",0.0174532925199433],ID[""EPSG"",8801]],PARAMETER[""Longitude of natural origin"",-72.5,ANGLEUNIT[""degree"",0.0174532925199433],ID[""EPSG"",8802]],PARAMETER[""False easting"",0,LENGTHUNIT[""metre"",1],ID[""EPSG"",8806]],PARAMETER[""False northing"",0,LENGTHUNIT[""metre"",1],ID[""EPSG"",8807]]],CS[Cartesian,2],AXIS[""(E)"",east,ORDER[1],LENGTHUNIT[""metre"",1,ID[""EPSG"",9001]]],AXIS[""(N)"",north,ORDER[2],LENGTHUNIT[""metre"",1,ID[""EPSG"",9001]]]]",True,9,[],d7d144cb32f3df16e5695bc8498a4ba27e3e85e26772f1bb648cff960740cd3f,d7d144cb32f3df16e5695bc8498a4ba27e3e85e26772f1bb648cff960740cd3f,True,True,0.0
rgi7.0|global|south=+006|west=-0073,p01,3754,3758,"(30.0, 0.0, -56370.0, 0.0, -30.0, 56325.0, 0.0, 0.0, 1.0)","PROJCRS[""unknown"",BASEGEOGCRS[""unknown"",DATUM[""World Geodetic System 1984"",ELLIPSOID[""WGS 84"",6378137,298.257223563,LENGTHUNIT[""metre"",1]],ID[""EPSG"",6326]],PRIMEM[""Greenwich"",0,ANGLEUNIT[""degree"",0.0174532925199433],ID[""EPSG"",8901]]],CONVERSION[""unknown"",METHOD[""Lambert Azimuthal Equal Area"",ID[""EPSG"",9820]],PARAMETER[""Latitude of natural origin"",6.5,ANGLEUNIT[""degree"",0.0174532925199433],ID[""EPSG"",8801]],PARAMETER[""Longitude of natural origin"",-72.5,ANGLEUNIT[""degree"",0.0174532925199433],ID[""EPSG"",8802]],PARAMETER[""False easting"",0,LENGTHUNIT[""metre"",1],ID[""EPSG"",8806]],PARAMETER[""False northing"",0,LENGTHUNIT[""metre"",1],ID[""EPSG"",8807]]],CS[Cartesian,2],AXIS[""(E)"",east,ORDER[1],LENGTHUNIT[""metre"",1,ID[""EPSG"",9001]]],AXIS[""(N)"",north,ORDER[2],LENGTHUNIT[""metre"",1,ID[""EPSG"",9001]]]]",True,9,[],52e6bda12981e5ab730fdb55a9b9e77ce93c6c43db373940bb87f6aecc06f6f3,52e6bda12981e5ab730fdb55a9b9e77ce93c6c43db373940bb87f6aecc06f6f3,True,True,0.0
rgi7.0|global|south=+006|west=-0073,p11,3754,3759,"(30.0, 0.0, -56385.0, 0.0, -30.0, 56325.0, 0.0, 0.0, 1.0)","PROJCRS[""unknown"",BASEGEOGCRS[""unknown"",DATUM[""World Geodetic System 1984"",ELLIPSOID[""WGS 84"",6378137,298.257223563,LENGTHUNIT[""metre"",1]],ID[""EPSG"",6326]],PRIMEM[""Greenwich"",0,ANGLEUNIT[""degree"",0.0174532925199433],ID[""EPSG"",8901]]],CONVERSION[""unknown"",METHOD[""Lambert Azimuthal Equal Area"",ID[""EPSG"",9820]],PARAMETER[""Latitude of natural origin"",6.5,ANGLEUNIT[""degree"",0.0174532925199433],ID[""EPSG"",8801]],PARAMETER[""Longitude of natural origin"",-72.5,ANGLEUNIT[""degree"",0.0174532925199433],ID[""EPSG"",8802]],PARAMETER[""False easting"",0,LENGTHUNIT[""metre"",1],ID[""EPSG"",8806]],PARAMETER[""False northing"",0,LENGTHUNIT[""metre"",1],ID[""EPSG"",8807]]],CS[Cartesian,2],AXIS[""(E)"",east,ORDER[1],LENGTHUNIT[""metre"",1,ID[""EPSG"",9001]]],AXIS[""(N)"",north,ORDER[2],LENGTHUNIT[""metre"",1,ID[""EPSG"",9001]]]]",True,9,[],f9c7d05f0c0163d202dbc833f8d1d4e54dfea30fc004bc592cccba310aba2ed5,f9c7d05f0c0163d202dbc833f8d1d4e54dfea30fc004bc592cccba310aba2ed5,True,True,0.0
rgi7.0|global|south=+006|west=-0073,pzi,144,144,"(0.008333333333333333, 0.0, -73.1, 0.0, -0.008333333333333333, 7.1, 0.0, 0.0, 1.0)",EPSG:4326,True,1,[],11e94051f13969938145aaaef9c6df006d2fe6fc0eb80f2350a45a55a54bb105,11e94051f13969938145aaaef9c6df006d2fe6fc0eb80f2350a45a55a54bb105,True,True,0.0
rgi7.0|global|south=-014|west=-0073,p00,3759,3684,"(30.0, 0.0, -55260.0, 0.0, -30.0, 56370.0, 0.0, 0.0, 1.0)","PROJCRS[""unknown"",BASEGEOGCRS[""unknown"",DATUM[""World Geodetic System 1984"",ELLIPSOID[""WGS 84"",6378137,298.257223563,LENGTHUNIT[""metre"",1]],ID[""EPSG"",6326]],PRIMEM[""Greenwich"",0,ANGLEUNIT[""degree"",0.0174532925199433],ID[""EPSG"",8901]]],CONVERSION[""unknown"",METHOD[""Lambert Azimuthal Equal Area"",ID[""EPSG"",9820]],PARAMETER[""Latitude of natural origin"",-13.5,ANGLEUNIT[""degree"",0.0174532925199433],ID[""EPSG"",8801]],PARAMETER[""Longitude of natural origin"",-72.5,ANGLEUNIT[""degree"",0.0174532925199433],ID[""EPSG"",8802]],PARAMETER[""False easting"",0,LENGTHUNIT[""metre"",1],ID[""EPSG"",8806]],PARAMETER[""False northing"",0,LENGTHUNIT[""metre"",1],ID[""EPSG"",8807]]],CS[Cartesian,2],AXIS[""(E)"",east,ORDER[1],LENGTHUNIT[""metre"",1,ID[""EPSG"",9001]]],AXIS[""(N)"",north,ORDER[2],LENGTHUNIT[""metre"",1,ID[""EPSG"",9001]]]]",True,9,[],a009cc38e3115c631f6fa0490e63fd56d468801fe5335a9146531d753c2c5dc7,a009cc38e3115c631f6fa0490e63fd56d468801fe5335a9146531d753c2c5dc7,True,True,0.0
rgi7.0|global|south=-014|west=-0073,p10,3758,3683,"(30.0, 0.0, -55245.0, 0.0, -30.0, 56340.0, 0.0, 0.0, 1.0)","PROJCRS[""unknown"",BASEGEOGCRS[""unknown"",DATUM[""World Geodetic System 1984"",ELLIPSOID[""WGS 84"",6378137,298.257223563,LENGTHUNIT[""metre"",1]],ID[""EPSG"",6326]],PRIMEM[""Greenwich"",0,ANGLEUNIT[""degree"",0.0174532925199433],ID[""EPSG"",8901]]],CONVERSION[""unknown"",METHOD[""Lambert Azimuthal Equal Area"",ID[""EPSG"",9820]],PARAMETER[""Latitude of natural origin"",-13.5,ANGLEUNIT[""degree"",0.0174532925199433],ID[""EPSG"",8801]],PARAMETER[""Longitude of natural origin"",-72.5,ANGLEUNIT[""degree"",0.0174532925199433],ID[""EPSG"",8802]],PARAMETER[""False easting"",0,LENGTHUNIT[""metre"",1],ID[""EPSG"",8806]],PARAMETER[""False northing"",0,LENGTHUNIT[""metre"",1],ID[""EPSG"",8807]]],CS[Cartesian,2],AXIS[""(E)"",east,ORDER[1],LENGTHUNIT[""metre"",1,ID[""EPSG"",9001]]],AXIS[""(N)"",north,ORDER[2],LENGTHUNIT[""metre"",1,ID[""EPSG"",9001]]]]",True,9,[],478e07c196adaa545730c9d51daca0c8878f264179ffcf2e7c4557afd6a158f3,478e07c196adaa545730c9d51daca0c8878f264179ffcf2e7c4557afd6a158f3,True,True,0.0
rgi7.0|global|south=-014|west=-0073,p01,3757,3684,"(30.0, 0.0, -55260.0, 0.0, -30.0, 56325.0, 0.0, 0.0, 1.0)","PROJCRS[""unknown"",BASEGEOGCRS[""unknown"",DATUM[""World Geodetic System 1984"",ELLIPSOID[""WGS 84"",6378137,298.257223563,LENGTHUNIT[""metre"",1]],ID[""EPSG"",6326]],PRIMEM[""Greenwich"",0,ANGLEUNIT[""degree"",0.0174532925199433],ID[""EPSG"",8901]]],CONVERSION[""unknown"",METHOD[""Lambert Azimuthal Equal Area"",ID[""EPSG"",9820]],PARAMETER[""Latitude of natural origin"",-13.5,ANGLEUNIT[""degree"",0.0174532925199433],ID[""EPSG"",8801]],PARAMETER[""Longitude of natural origin"",-72.5,ANGLEUNIT[""degree"",0.0174532925199433],ID[""EPSG"",8802]],PARAMETER[""False easting"",0,LENGTHUNIT[""metre"",1],ID[""EPSG"",8806]],PARAMETER[""False northing"",0,LENGTHUNIT[""metre"",1],ID[""EPSG"",8807]]],CS[Cartesian,2],AXIS[""(E)"",east,ORDER[1],LENGTHUNIT[""metre"",1,ID[""EPSG"",9001]]],AXIS[""(N)"",north,ORDER[2],LENGTHUNIT[""metre"",1,ID[""EPSG"",9001]]]]",True,9,[],2d3eec7ab7d583ea0102d7d364d97a2e583c7089520bf00bcccf0c6cac48e709,2d3eec7ab7d583ea0102d7d364d97a2e583c7089520bf00bcccf0c6cac48e709,True,True,0.0
rgi7.0|global|south=-014|west=-0073,p11,3757,3683,"(30.0, 0.0, -55245.0, 0.0, -30.0, 56325.0, 0.0, 0.0, 1.0)","PROJCRS[""unknown"",BASEGEOGCRS[""unknown"",DATUM[""World Geodetic System 1984"",ELLIPSOID[""WGS 84"",6378137,298.257223563,LENGTHUNIT[""metre"",1]],ID[""EPSG"",6326]],PRIMEM[""Greenwich"",0,ANGLEUNIT[""degree"",0.0174532925199433],ID[""EPSG"",8901]]],CONVERSION[""unknown"",METHOD[""Lambert Azimuthal Equal Area"",ID[""EPSG"",9820]],PARAMETER[""Latitude of natural origin"",-13.5,ANGLEUNIT[""degree"",0.0174532925199433],ID[""EPSG"",8801]],PARAMETER[""Longitude of natural origin"",-72.5,ANGLEUNIT[""degree"",0.0174532925199433],ID[""EPSG"",8802]],PARAMETER[""False easting"",0,LENGTHUNIT[""metre"",1],ID[""EPSG"",8806]],PARAMETER[""False northing"",0,LENGTHUNIT[""metre"",1],ID[""EPSG"",8807]]],CS[Cartesian,2],AXIS[""(E)"",east,ORDER[1],LENGTHUNIT[""metre"",1,ID[""EPSG"",9001]]],AXIS[""(N)"",north,ORDER[2],LENGTHUNIT[""metre"",1,ID[""EPSG"",9001]]]]",True,9,[],bdd5e7dce25706645d93becf374e4a11fb5e9d2971035e2ffb7249d1545855a2,bdd5e7dce25706645d93becf374e4a11fb5e9d2971035e2ffb7249d1545855a2,True,True,0.0
rgi7.0|global|south=-014|west=-0073,pzi,144,144,"(0.008333333333333333, 0.0, -73.1, 0.0, -0.008333333333333333, -12.9, 0.0, 0.0, 1.0)",EPSG:4326,True,1,[],382143aae85fc609e4258252dff83b1fc548860d91af79496be61bdadcf843b6,382143aae85fc609e4258252dff83b1fc548860d91af79496be61bdadcf843b6,True,True,0.0
rgi7.0|global|south=-014|west=-0076,p00,3759,3684,"(30.0, 0.0, -55260.0, 0.0, -30.0, 56370.0, 0.0, 0.0, 1.0)","PROJCRS[""unknown"",BASEGEOGCRS[""unknown"",DATUM[""World Geodetic System 1984"",ELLIPSOID[""WGS 84"",6378137,298.257223563,LENGTHUNIT[""metre"",1]],ID[""EPSG"",6326]],PRIMEM[""Greenwich"",0,ANGLEUNIT[""degree"",0.0174532925199433],ID[""EPSG"",8901]]],CONVERSION[""unknown"",METHOD[""Lambert Azimuthal Equal Area"",ID[""EPSG"",9820]],PARAMETER[""Latitude of natural origin"",-13.5,ANGLEUNIT[""degree"",0.0174532925199433],ID[""EPSG"",8801]],PARAMETER[""Longitude of natural origin"",-75.5,ANGLEUNIT[""degree"",0.0174532925199433],ID[""EPSG"",8802]],PARAMETER[""False easting"",0,LENGTHUNIT[""metre"",1],ID[""EPSG"",8806]],PARAMETER[""False northing"",0,LENGTHUNIT[""metre"",1],ID[""EPSG"",8807]]],CS[Cartesian,2],AXIS[""(E)"",east,ORDER[1],LENGTHUNIT[""metre"",1,ID[""EPSG"",9001]]],AXIS[""(N)"",north,ORDER[2],LENGTHUNIT[""metre"",1,ID[""EPSG"",9001]]]]",True,9,[],947a63125c5b0784eee64467f1227d02b09bc69d5cc0c5b08aa369a30cfff986,947a63125c5b0784eee64467f1227d02b09bc69d5cc0c5b08aa369a30cfff986,True,True,0.0
rgi7.0|global|south=-014|west=-0076,p10,3758,3683,"(30.0, 0.0, -55245.0, 0.0, -30.0, 56340.0, 0.0, 0.0, 1.0)","PROJCRS[""unknown"",BASEGEOGCRS[""unknown"",DATUM[""World Geodetic System 1984"",ELLIPSOID[""WGS 84"",6378137,298.257223563,LENGTHUNIT[""metre"",1]],ID[""EPSG"",6326]],PRIMEM[""Greenwich"",0,ANGLEUNIT[""degree"",0.0174532925199433],ID[""EPSG"",8901]]],CONVERSION[""unknown"",METHOD[""Lambert Azimuthal Equal Area"",ID[""EPSG"",9820]],PARAMETER[""Latitude of natural origin"",-13.5,ANGLEUNIT[""degree"",0.0174532925199433],ID[""EPSG"",8801]],PARAMETER[""Longitude of natural origin"",-75.5,ANGLEUNIT[""degree"",0.0174532925199433],ID[""EPSG"",8802]],PARAMETER[""False easting"",0,LENGTHUNIT[""metre"",1],ID[""EPSG"",8806]],PARAMETER[""False northing"",0,LENGTHUNIT[""metre"",1],ID[""EPSG"",8807]]],CS[Cartesian,2],AXIS[""(E)"",east,ORDER[1],LENGTHUNIT[""metre"",1,ID[""EPSG"",9001]]],AXIS[""(N)"",north,ORDER[2],LENGTHUNIT[""metre"",1,ID[""EPSG"",9001]]]]",True,9,[],5e2d870ca2eeee59337f05ab122cf2ffe660f0978dd1d6cb065f21836e40a4f7,5e2d870ca2eeee59337f05ab122cf2ffe660f0978dd1d6cb065f21836e40a4f7,True,True,0.0
rgi7.0|global|south=-014|west=-0076,p01,3757,3684,"(30.0, 0.0, -55260.0, 0.0, -30.0, 56325.0, 0.0, 0.0, 1.0)","PROJCRS[""unknown"",BASEGEOGCRS[""unknown"",DATUM[""World Geodetic System 1984"",ELLIPSOID[""WGS 84"",6378137,298.257223563,LENGTHUNIT[""metre"",1]],ID[""EPSG"",6326]],PRIMEM[""Greenwich"",0,ANGLEUNIT[""degree"",0.0174532925199433],ID[""EPSG"",8901]]],CONVERSION[""unknown"",METHOD[""Lambert Azimuthal Equal Area"",ID[""EPSG"",9820]],PARAMETER[""Latitude of natural origin"",-13.5,ANGLEUNIT[""degree"",0.0174532925199433],ID[""EPSG"",8801]],PARAMETER[""Longitude of natural origin"",-75.5,ANGLEUNIT[""degree"",0.0174532925199433],ID[""EPSG"",8802]],PARAMETER[""False easting"",0,LENGTHUNIT[""metre"",1],ID[""EPSG"",8806]],PARAMETER[""False northing"",0,LENGTHUNIT[""metre"",1],ID[""EPSG"",8807]]],CS[Cartesian,2],AXIS[""(E)"",east,ORDER[1],LENGTHUNIT[""metre"",1,ID[""EPSG"",9001]]],AXIS[""(N)"",north,ORDER[2],LENGTHUNIT[""metre"",1,ID[""EPSG"",9001]]]]",True,9,[],297fea26d3edf9997834b0984e01d6f8655976d5c61e3facd890740004c50813,297fea26d3edf9997834b0984e01d6f8655976d5c61e3facd890740004c50813,True,True,0.0
rgi7.0|global|south=-014|west=-0076,p11,3757,3683,"(30.0, 0.0, -55245.0, 0.0, -30.0, 56325.0, 0.0, 0.0, 1.0)","PROJCRS[""unknown"",BASEGEOGCRS[""unknown"",DATUM[""World Geodetic System 1984"",ELLIPSOID[""WGS 84"",6378137,298.257223563,LENGTHUNIT[""metre"",1]],ID[""EPSG"",6326]],PRIMEM[""Greenwich"",0,ANGLEUNIT[""degree"",0.0174532925199433],ID[""EPSG"",8901]]],CONVERSION[""unknown"",METHOD[""Lambert Azimuthal Equal Area"",ID[""EPSG"",9820]],PARAMETER[""Latitude of natural origin"",-13.5,ANGLEUNIT[""degree"",0.0174532925199433],ID[""EPSG"",8801]],PARAMETER[""Longitude of natural origin"",-75.5,ANGLEUNIT[""degree"",0.0174532925199433],ID[""EPSG"",8802]],PARAMETER[""False easting"",0,LENGTHUNIT[""metre"",1],ID[""EPSG"",8806]],PARAMETER[""False northing"",0,LENGTHUNIT[""metre"",1],ID[""EPSG"",8807]]],CS[Cartesian,2],AXIS[""(E)"",east,ORDER[1],LENGTHUNIT[""metre"",1,ID[""EPSG"",9001]]],AXIS[""(N)"",north,ORDER[2],LENGTHUNIT[""metre"",1,ID[""EPSG"",9001]]]]",True,9,[],f939b75c12990445db5dd0d1b954f94e0d05f473df611ba166ff4957a92d9e4d,f939b75c12990445db5dd0d1b954f94e0d05f473df611ba166ff4957a92d9e4d,True,True,0.0
rgi7.0|global|south=-014|west=-0076,pzi,144,144,"(0.008333333333333333, 0.0, -76.1, 0.0, -0.008333333333333333, -12.9, 0.0, 0.0, 1.0)",EPSG:4326,True,1,[],a8cb9acde698eef0d6dcb7a4378efeeb8d4048ddc67d5ff6581792e3c1d51f94,a8cb9acde698eef0d6dcb7a4378efeeb8d4048ddc67d5ff6581792e3c1d51f94,True,True,0.0
rgi7.0|global|south=-016|west=-0073,p00,3759,3654,"(30.0, 0.0, -54780.0, 0.0, -30.0, 56370.0, 0.0, 0.0, 1.0)","PROJCRS[""unknown"",BASEGEOGCRS[""unknown"",DATUM[""World Geodetic System 1984"",ELLIPSOID[""WGS 84"",6378137,298.257223563,LENGTHUNIT[""metre"",1]],ID[""EPSG"",6326]],PRIMEM[""Greenwich"",0,ANGLEUNIT[""degree"",0.0174532925199433],ID[""EPSG"",8901]]],CONVERSION[""unknown"",METHOD[""Lambert Azimuthal Equal Area"",ID[""EPSG"",9820]],PARAMETER[""Latitude of natural origin"",-15.5,ANGLEUNIT[""degree"",0.0174532925199433],ID[""EPSG"",8801]],PARAMETER[""Longitude of natural origin"",-72.5,ANGLEUNIT[""degree"",0.0174532925199433],ID[""EPSG"",8802]],PARAMETER[""False easting"",0,LENGTHUNIT[""metre"",1],ID[""EPSG"",8806]],PARAMETER[""False northing"",0,LENGTHUNIT[""metre"",1],ID[""EPSG"",8807]]],CS[Cartesian,2],AXIS[""(E)"",east,ORDER[1],LENGTHUNIT[""metre"",1,ID[""EPSG"",9001]]],AXIS[""(N)"",north,ORDER[2],LENGTHUNIT[""metre"",1,ID[""EPSG"",9001]]]]",True,9,[],65b79a8e8f55a404d24f9c51d2e2c8c00e27f069a9f79eba9ee8215788c6b919,65b79a8e8f55a404d24f9c51d2e2c8c00e27f069a9f79eba9ee8215788c6b919,True,True,0.0
rgi7.0|global|south=-016|west=-0073,p10,3758,3653,"(30.0, 0.0, -54795.0, 0.0, -30.0, 56340.0, 0.0, 0.0, 1.0)","PROJCRS[""unknown"",BASEGEOGCRS[""unknown"",DATUM[""World Geodetic System 1984"",ELLIPSOID[""WGS 84"",6378137,298.257223563,LENGTHUNIT[""metre"",1]],ID[""EPSG"",6326]],PRIMEM[""Greenwich"",0,ANGLEUNIT[""degree"",0.0174532925199433],ID[""EPSG"",8901]]],CONVERSION[""unknown"",METHOD[""Lambert Azimuthal Equal Area"",ID[""EPSG"",9820]],PARAMETER[""Latitude of natural origin"",-15.5,ANGLEUNIT[""degree"",0.0174532925199433],ID[""EPSG"",8801]],PARAMETER[""Longitude of natural origin"",-72.5,ANGLEUNIT[""degree"",0.0174532925199433],ID[""EPSG"",8802]],PARAMETER[""False easting"",0,LENGTHUNIT[""metre"",1],ID[""EPSG"",8806]],PARAMETER[""False northing"",0,LENGTHUNIT[""metre"",1],ID[""EPSG"",8807]]],CS[Cartesian,2],AXIS[""(E)"",east,ORDER[1],LENGTHUNIT[""metre"",1,ID[""EPSG"",9001]]],AXIS[""(N)"",north,ORDER[2],LENGTHUNIT[""metre"",1,ID[""EPSG"",9001]]]]",True,9,[],a78a472484355c57f9bcb5a7ecc00e0f32601a03f9aeb93ed41e4a031fca96ac,a78a472484355c57f9bcb5a7ecc00e0f32601a03f9aeb93ed41e4a031fca96ac,True,True,0.0
rgi7.0|global|south=-016|west=-0073,p01,3759,3652,"(30.0, 0.0, -54780.0, 0.0, -30.0, 56355.0, 0.0, 0.0, 1.0)","PROJCRS[""unknown"",BASEGEOGCRS[""unknown"",DATUM[""World Geodetic System 1984"",ELLIPSOID[""WGS 84"",6378137,298.257223563,LENGTHUNIT[""metre"",1]],ID[""EPSG"",6326]],PRIMEM[""Greenwich"",0,ANGLEUNIT[""degree"",0.0174532925199433],ID[""EPSG"",8901]]],CONVERSION[""unknown"",METHOD[""Lambert Azimuthal Equal Area"",ID[""EPSG"",9820]],PARAMETER[""Latitude of natural origin"",-15.5,ANGLEUNIT[""degree"",0.0174532925199433],ID[""EPSG"",8801]],PARAMETER[""Longitude of natural origin"",-72.5,ANGLEUNIT[""degree"",0.0174532925199433],ID[""EPSG"",8802]],PARAMETER[""False easting"",0,LENGTHUNIT[""metre"",1],ID[""EPSG"",8806]],PARAMETER[""False northing"",0,LENGTHUNIT[""metre"",1],ID[""EPSG"",8807]]],CS[Cartesian,2],AXIS[""(E)"",east,ORDER[1],LENGTHUNIT[""metre"",1,ID[""EPSG"",9001]]],AXIS[""(N)"",north,ORDER[2],LENGTHUNIT[""metre"",1,ID[""EPSG"",9001]]]]",True,9,[],f05728d9ca7d1c0faa41a96ea727fb4cfe1207e9910c3b43989688a85cf3e82a,f05728d9ca7d1c0faa41a96ea727fb4cfe1207e9910c3b43989688a85cf3e82a,True,True,0.0
rgi7.0|global|south=-016|west=-0073,p11,3759,3653,"(30.0, 0.0, -54795.0, 0.0, -30.0, 56355.0, 0.0, 0.0, 1.0)","PROJCRS[""unknown"",BASEGEOGCRS[""unknown"",DATUM[""World Geodetic System 1984"",ELLIPSOID[""WGS 84"",6378137,298.257223563,LENGTHUNIT[""metre"",1]],ID[""EPSG"",6326]],PRIMEM[""Greenwich"",0,ANGLEUNIT[""degree"",0.0174532925199433],ID[""EPSG"",8901]]],CONVERSION[""unknown"",METHOD[""Lambert Azimuthal Equal Area"",ID[""EPSG"",9820]],PARAMETER[""Latitude of natural origin"",-15.5,ANGLEUNIT[""degree"",0.0174532925199433],ID[""EPSG"",8801]],PARAMETER[""Longitude of natural origin"",-72.5,ANGLEUNIT[""degree"",0.0174532925199433],ID[""EPSG"",8802]],PARAMETER[""False easting"",0,LENGTHUNIT[""metre"",1],ID[""EPSG"",8806]],PARAMETER[""False northing"",0,LENGTHUNIT[""metre"",1],ID[""EPSG"",8807]]],CS[Cartesian,2],AXIS[""(E)"",east,ORDER[1],LENGTHUNIT[""metre"",1,ID[""EPSG"",9001]]],AXIS[""(N)"",north,ORDER[2],LENGTHUNIT[""metre"",1,ID[""EPSG"",9001]]]]",True,9,[],ab80000771e13ebdad0abfd1ae135b96aae093a4d9ac9e2fc47638bd026a6ca4,ab80000771e13ebdad0abfd1ae135b96aae093a4d9ac9e2fc47638bd026a6ca4,True,True,0.0
rgi7.0|global|south=-016|west=-0073,pzi,144,144,"(0.008333333333333333, 0.0, -73.1, 0.0, -0.008333333333333333, -14.9, 0.0, 0.0, 1.0)",EPSG:4326,True,1,[],401e538b9730286072ad3aa72656a40b22f1348189dcd7ee487fe4f00d49bf11,401e538b9730286072ad3aa72656a40b22f1348189dcd7ee487fe4f00d49bf11,True,True,0.0
rgi7.0|global|south=-045|west=-0074,p00,3777,2742,"(30.0, 0.0, -41130.0, 0.0, -30.0, 56610.0, 0.0, 0.0, 1.0)","PROJCRS[""unknown"",BASEGEOGCRS[""unknown"",DATUM[""World Geodetic System 1984"",ELLIPSOID[""WGS 84"",6378137,298.257223563,LENGTHUNIT[""metre"",1]],ID[""EPSG"",6326]],PRIMEM[""Greenwich"",0,ANGLEUNIT[""degree"",0.0174532925199433],ID[""EPSG"",8901]]],CONVERSION[""unknown"",METHOD[""Lambert Azimuthal Equal Area"",ID[""EPSG"",9820]],PARAMETER[""Latitude of natural origin"",-44.5,ANGLEUNIT[""degree"",0.0174532925199433],ID[""EPSG"",8801]],PARAMETER[""Longitude of natural origin"",-73.5,ANGLEUNIT[""degree"",0.0174532925199433],ID[""EPSG"",8802]],PARAMETER[""False easting"",0,LENGTHUNIT[""metre"",1],ID[""EPSG"",8806]],PARAMETER[""False northing"",0,LENGTHUNIT[""metre"",1],ID[""EPSG"",8807]]],CS[Cartesian,2],AXIS[""(E)"",east,ORDER[1],LENGTHUNIT[""metre"",1,ID[""EPSG"",9001]]],AXIS[""(N)"",north,ORDER[2],LENGTHUNIT[""metre"",1,ID[""EPSG"",9001]]]]",True,9,[],cdc5653b77f7218c8caf8549b4c1f160b68ba8c3ffb15eec6feed6d619615de8,cdc5653b77f7218c8caf8549b4c1f160b68ba8c3ffb15eec6feed6d619615de8,True,True,0.0
rgi7.0|global|south=-045|west=-0074,p10,3776,2741,"(30.0, 0.0, -41115.0, 0.0, -30.0, 56580.0, 0.0, 0.0, 1.0)","PROJCRS[""unknown"",BASEGEOGCRS[""unknown"",DATUM[""World Geodetic System 1984"",ELLIPSOID[""WGS 84"",6378137,298.257223563,LENGTHUNIT[""metre"",1]],ID[""EPSG"",6326]],PRIMEM[""Greenwich"",0,ANGLEUNIT[""degree"",0.0174532925199433],ID[""EPSG"",8901]]],CONVERSION[""unknown"",METHOD[""Lambert Azimuthal Equal Area"",ID[""EPSG"",9820]],PARAMETER[""Latitude of natural origin"",-44.5,ANGLEUNIT[""degree"",0.0174532925199433],ID[""EPSG"",8801]],PARAMETER[""Longitude of natural origin"",-73.5,ANGLEUNIT[""degree"",0.0174532925199433],ID[""EPSG"",8802]],PARAMETER[""False easting"",0,LENGTHUNIT[""metre"",1],ID[""EPSG"",8806]],PARAMETER[""False northing"",0,LENGTHUNIT[""metre"",1],ID[""EPSG"",8807]]],CS[Cartesian,2],AXIS[""(E)"",east,ORDER[1],LENGTHUNIT[""metre"",1,ID[""EPSG"",9001]]],AXIS[""(N)"",north,ORDER[2],LENGTHUNIT[""metre"",1,ID[""EPSG"",9001]]]]",True,9,[],8e4a9e9ebe3d83a435c9b2a4238d4aaabe1c01de318cb79dcf5b40f656fc9855,8e4a9e9ebe3d83a435c9b2a4238d4aaabe1c01de318cb79dcf5b40f656fc9855,True,True,0.0
rgi7.0|global|south=-045|west=-0074,p01,3775,2742,"(30.0, 0.0, -41130.0, 0.0, -30.0, 56565.0, 0.0, 0.0, 1.0)","PROJCRS[""unknown"",BASEGEOGCRS[""unknown"",DATUM[""World Geodetic System 1984"",ELLIPSOID[""WGS 84"",6378137,298.257223563,LENGTHUNIT[""metre"",1]],ID[""EPSG"",6326]],PRIMEM[""Greenwich"",0,ANGLEUNIT[""degree"",0.0174532925199433],ID[""EPSG"",8901]]],CONVERSION[""unknown"",METHOD[""Lambert Azimuthal Equal Area"",ID[""EPSG"",9820]],PARAMETER[""Latitude of natural origin"",-44.5,ANGLEUNIT[""degree"",0.0174532925199433],ID[""EPSG"",8801]],PARAMETER[""Longitude of natural origin"",-73.5,ANGLEUNIT[""degree"",0.0174532925199433],ID[""EPSG"",8802]],PARAMETER[""False easting"",0,LENGTHUNIT[""metre"",1],ID[""EPSG"",8806]],PARAMETER[""False northing"",0,LENGTHUNIT[""metre"",1],ID[""EPSG"",8807]]],CS[Cartesian,2],AXIS[""(E)"",east,ORDER[1],LENGTHUNIT[""metre"",1,ID[""EPSG"",9001]]],AXIS[""(N)"",north,ORDER[2],LENGTHUNIT[""metre"",1,ID[""EPSG"",9001]]]]",True,9,[],e5878b92802694ce3581b7587a285b493dbddd161ebe7412b1b2676d42fe6eec,e5878b92802694ce3581b7587a285b493dbddd161ebe7412b1b2676d42fe6eec,True,True,0.0
rgi7.0|global|south=-045|west=-0074,p11,3775,2741,"(30.0, 0.0, -41115.0, 0.0, -30.0, 56565.0, 0.0, 0.0, 1.0)","PROJCRS[""unknown"",BASEGEOGCRS[""unknown"",DATUM[""World Geodetic System 1984"",ELLIPSOID[""WGS 84"",6378137,298.257223563,LENGTHUNIT[""metre"",1]],ID[""EPSG"",6326]],PRIMEM[""Greenwich"",0,ANGLEUNIT[""degree"",0.0174532925199433],ID[""EPSG"",8901]]],CONVERSION[""unknown"",METHOD[""Lambert Azimuthal Equal Area"",ID[""EPSG"",9820]],PARAMETER[""Latitude of natural origin"",-44.5,ANGLEUNIT[""degree"",0.0174532925199433],ID[""EPSG"",8801]],PARAMETER[""Longitude of natural origin"",-73.5,ANGLEUNIT[""degree"",0.0174532925199433],ID[""EPSG"",8802]],PARAMETER[""False easting"",0,LENGTHUNIT[""metre"",1],ID[""EPSG"",8806]],PARAMETER[""False northing"",0,LENGTHUNIT[""metre"",1],ID[""EPSG"",8807]]],CS[Cartesian,2],AXIS[""(E)"",east,ORDER[1],LENGTHUNIT[""metre"",1,ID[""EPSG"",9001]]],AXIS[""(N)"",north,ORDER[2],LENGTHUNIT[""metre"",1,ID[""EPSG"",9001]]]]",True,9,[],b7925911241ee188148d8c38a6e19c000271587be3a0f669cdfdd148a39e47be,b7925911241ee188148d8c38a6e19c000271587be3a0f669cdfdd148a39e47be,True,True,0.0
rgi7.0|global|south=-045|west=-0074,pzi,144,144,"(0.008333333333333333, 0.0, -74.1, 0.0, -0.008333333333333333, -43.9, 0.0, 0.0, 1.0)",EPSG:4326,True,1,[],d180f6d79a396ecbc99c9279cafb7ad9964be045a6198d4daeb19cae6a80c7a4,d180f6d79a396ecbc99c9279cafb7ad9964be045a6198d4daeb19cae6a80c7a4,True,True,0.0
rgi7.0|global|south=-036|west=-0072,p00,3771,3111,"(30.0, 0.0, -46650.0, 0.0, -30.0, 56520.0, 0.0, 0.0, 1.0)","PROJCRS[""unknown"",BASEGEOGCRS[""unknown"",DATUM[""World Geodetic System 1984"",ELLIPSOID[""WGS 84"",6378137,298.257223563,LENGTHUNIT[""metre"",1]],ID[""EPSG"",6326]],PRIMEM[""Greenwich"",0,ANGLEUNIT[""degree"",0.0174532925199433],ID[""EPSG"",8901]]],CONVERSION[""unknown"",METHOD[""Lambert Azimuthal Equal Area"",ID[""EPSG"",9820]],PARAMETER[""Latitude of natural origin"",-35.5,ANGLEUNIT[""degree"",0.0174532925199433],ID[""EPSG"",8801]],PARAMETER[""Longitude of natural origin"",-71.5,ANGLEUNIT[""degree"",0.0174532925199433],ID[""EPSG"",8802]],PARAMETER[""False easting"",0,LENGTHUNIT[""metre"",1],ID[""EPSG"",8806]],PARAMETER[""False northing"",0,LENGTHUNIT[""metre"",1],ID[""EPSG"",8807]]],CS[Cartesian,2],AXIS[""(E)"",east,ORDER[1],LENGTHUNIT[""metre"",1,ID[""EPSG"",9001]]],AXIS[""(N)"",north,ORDER[2],LENGTHUNIT[""metre"",1,ID[""EPSG"",9001]]]]",True,9,[],b39f9862bc89c47de5fe40e2228143201bf27de0d22559bbe0c00c7ce51772ab,b39f9862bc89c47de5fe40e2228143201bf27de0d22559bbe0c00c7ce51772ab,True,True,0.0
rgi7.0|global|south=-036|west=-0072,p10,3770,3111,"(30.0, 0.0, -46665.0, 0.0, -30.0, 56490.0, 0.0, 0.0, 1.0)","PROJCRS[""unknown"",BASEGEOGCRS[""unknown"",DATUM[""World Geodetic System 1984"",ELLIPSOID[""WGS 84"",6378137,298.257223563,LENGTHUNIT[""metre"",1]],ID[""EPSG"",6326]],PRIMEM[""Greenwich"",0,ANGLEUNIT[""degree"",0.0174532925199433],ID[""EPSG"",8901]]],CONVERSION[""unknown"",METHOD[""Lambert Azimuthal Equal Area"",ID[""EPSG"",9820]],PARAMETER[""Latitude of natural origin"",-35.5,ANGLEUNIT[""degree"",0.0174532925199433],ID[""EPSG"",8801]],PARAMETER[""Longitude of natural origin"",-71.5,ANGLEUNIT[""degree"",0.0174532925199433],ID[""EPSG"",8802]],PARAMETER[""False easting"",0,LENGTHUNIT[""metre"",1],ID[""EPSG"",8806]],PARAMETER[""False northing"",0,LENGTHUNIT[""metre"",1],ID[""EPSG"",8807]]],CS[Cartesian,2],AXIS[""(E)"",east,ORDER[1],LENGTHUNIT[""metre"",1,ID[""EPSG"",9001]]],AXIS[""(N)"",north,ORDER[2],LENGTHUNIT[""metre"",1,ID[""EPSG"",9001]]]]",True,9,[],93191715b122e34126450f312271b654a7a9e321998ff694d6f05b554b9ef793,93191715b122e34126450f312271b654a7a9e321998ff694d6f05b554b9ef793,True,True,0.0
rgi7.0|global|south=-036|west=-0072,p01,3769,3110,"(30.0, 0.0, -46650.0, 0.0, -30.0, 56475.0, 0.0, 0.0, 1.0)","PROJCRS[""unknown"",BASEGEOGCRS[""unknown"",DATUM[""World Geodetic System 1984"",ELLIPSOID[""WGS 84"",6378137,298.257223563,LENGTHUNIT[""metre"",1]],ID[""EPSG"",6326]],PRIMEM[""Greenwich"",0,ANGLEUNIT[""degree"",0.0174532925199433],ID[""EPSG"",8901]]],CONVERSION[""unknown"",METHOD[""Lambert Azimuthal Equal Area"",ID[""EPSG"",9820]],PARAMETER[""Latitude of natural origin"",-35.5,ANGLEUNIT[""degree"",0.0174532925199433],ID[""EPSG"",8801]],PARAMETER[""Longitude of natural origin"",-71.5,ANGLEUNIT[""degree"",0.0174532925199433],ID[""EPSG"",8802]],PARAMETER[""False easting"",0,LENGTHUNIT[""metre"",1],ID[""EPSG"",8806]],PARAMETER[""False northing"",0,LENGTHUNIT[""metre"",1],ID[""EPSG"",8807]]],CS[Cartesian,2],AXIS[""(E)"",east,ORDER[1],LENGTHUNIT[""metre"",1,ID[""EPSG"",9001]]],AXIS[""(N)"",north,ORDER[2],LENGTHUNIT[""metre"",1,ID[""EPSG"",9001]]]]",True,9,[],600332c4efce6c86804274bab73eb1086b5ba6a1fa2207818fc239a3568314dd,600332c4efce6c86804274bab73eb1086b5ba6a1fa2207818fc239a3568314dd,True,True,0.0
rgi7.0|global|south=-036|west=-0072,p11,3769,3111,"(30.0, 0.0, -46665.0, 0.0, -30.0, 56475.0, 0.0, 0.0, 1.0)","PROJCRS[""unknown"",BASEGEOGCRS[""unknown"",DATUM[""World Geodetic System 1984"",ELLIPSOID[""WGS 84"",6378137,298.257223563,LENGTHUNIT[""metre"",1]],ID[""EPSG"",6326]],PRIMEM[""Greenwich"",0,ANGLEUNIT[""degree"",0.0174532925199433],ID[""EPSG"",8901]]],CONVERSION[""unknown"",METHOD[""Lambert Azimuthal Equal Area"",ID[""EPSG"",9820]],PARAMETER[""Latitude of natural origin"",-35.5,ANGLEUNIT[""degree"",0.0174532925199433],ID[""EPSG"",8801]],PARAMETER[""Longitude of natural origin"",-71.5,ANGLEUNIT[""degree"",0.0174532925199433],ID[""EPSG"",8802]],PARAMETER[""False easting"",0,LENGTHUNIT[""metre"",1],ID[""EPSG"",8806]],PARAMETER[""False northing"",0,LENGTHUNIT[""metre"",1],ID[""EPSG"",8807]]],CS[Cartesian,2],AXIS[""(E)"",east,ORDER[1],LENGTHUNIT[""metre"",1,ID[""EPSG"",9001]]],AXIS[""(N)"",north,ORDER[2],LENGTHUNIT[""metre"",1,ID[""EPSG"",9001]]]]",True,9,[],5184e72b3b5224b4ec9cb62e9fd8c8ba349bcb8e85bd8212a900d8d27e37a76e,5184e72b3b5224b4ec9cb62e9fd8c8ba349bcb8e85bd8212a900d8d27e37a76e,True,True,0.0
rgi7.0|global|south=-036|west=-0072,pzi,144,144,"(0.008333333333333333, 0.0, -72.1, 0.0, -0.008333333333333333, -34.9, 0.0, 0.0, 1.0)",EPSG:4326,True,1,[],98fbbe9da3397676278efcc9c80942111e5c7b5414e2ee1dae9ecf7765c7e950,98fbbe9da3397676278efcc9c80942111e5c7b5414e2ee1dae9ecf7765c7e950,True,True,0.0
rgi7.0|global|south=-037|west=-0071,p00,3771,3075,"(30.0, 0.0, -46110.0, 0.0, -30.0, 56520.0, 0.0, 0.0, 1.0)","PROJCRS[""unknown"",BASEGEOGCRS[""unknown"",DATUM[""World Geodetic System 1984"",ELLIPSOID[""WGS 84"",6378137,298.257223563,LENGTHUNIT[""metre"",1]],ID[""EPSG"",6326]],PRIMEM[""Greenwich"",0,ANGLEUNIT[""degree"",0.0174532925199433],ID[""EPSG"",8901]]],CONVERSION[""unknown"",METHOD[""Lambert Azimuthal Equal Area"",ID[""EPSG"",9820]],PARAMETER[""Latitude of natural origin"",-36.5,ANGLEUNIT[""degree"",0.0174532925199433],ID[""EPSG"",8801]],PARAMETER[""Longitude of natural origin"",-70.5,ANGLEUNIT[""degree"",0.0174532925199433],ID[""EPSG"",8802]],PARAMETER[""False easting"",0,LENGTHUNIT[""metre"",1],ID[""EPSG"",8806]],PARAMETER[""False northing"",0,LENGTHUNIT[""metre"",1],ID[""EPSG"",8807]]],CS[Cartesian,2],AXIS[""(E)"",east,ORDER[1],LENGTHUNIT[""metre"",1,ID[""EPSG"",9001]]],AXIS[""(N)"",north,ORDER[2],LENGTHUNIT[""metre"",1,ID[""EPSG"",9001]]]]",True,9,[],e9a702ef079bb0f3538e953189c604a3433f492abcb6ed6d7ca281c3d4db16b5,e9a702ef079bb0f3538e953189c604a3433f492abcb6ed6d7ca281c3d4db16b5,True,True,0.0
rgi7.0|global|south=-037|west=-0071,p10,3770,3073,"(30.0, 0.0, -46095.0, 0.0, -30.0, 56490.0, 0.0, 0.0, 1.0)","PROJCRS[""unknown"",BASEGEOGCRS[""unknown"",DATUM[""World Geodetic System 1984"",ELLIPSOID[""WGS 84"",6378137,298.257223563,LENGTHUNIT[""metre"",1]],ID[""EPSG"",6326]],PRIMEM[""Greenwich"",0,ANGLEUNIT[""degree"",0.0174532925199433],ID[""EPSG"",8901]]],CONVERSION[""unknown"",METHOD[""Lambert Azimuthal Equal Area"",ID[""EPSG"",9820]],PARAMETER[""Latitude of natural origin"",-36.5,ANGLEUNIT[""degree"",0.0174532925199433],ID[""EPSG"",8801]],PARAMETER[""Longitude of natural origin"",-70.5,ANGLEUNIT[""degree"",0.0174532925199433],ID[""EPSG"",8802]],PARAMETER[""False easting"",0,LENGTHUNIT[""metre"",1],ID[""EPSG"",8806]],PARAMETER[""False northing"",0,LENGTHUNIT[""metre"",1],ID[""EPSG"",8807]]],CS[Cartesian,2],AXIS[""(E)"",east,ORDER[1],LENGTHUNIT[""metre"",1,ID[""EPSG"",9001]]],AXIS[""(N)"",north,ORDER[2],LENGTHUNIT[""metre"",1,ID[""EPSG"",9001]]]]",True,9,[],a725ef8d8e7bd705258eac22a184ec141cdb5dcea65481ffb298ea41a6500f99,a725ef8d8e7bd705258eac22a184ec141cdb5dcea65481ffb298ea41a6500f99,True,True,0.0
rgi7.0|global|south=-037|west=-0071,p01,3771,3074,"(30.0, 0.0, -46110.0, 0.0, -30.0, 56505.0, 0.0, 0.0, 1.0)","PROJCRS[""unknown"",BASEGEOGCRS[""unknown"",DATUM[""World Geodetic System 1984"",ELLIPSOID[""WGS 84"",6378137,298.257223563,LENGTHUNIT[""metre"",1]],ID[""EPSG"",6326]],PRIMEM[""Greenwich"",0,ANGLEUNIT[""degree"",0.0174532925199433],ID[""EPSG"",8901]]],CONVERSION[""unknown"",METHOD[""Lambert Azimuthal Equal Area"",ID[""EPSG"",9820]],PARAMETER[""Latitude of natural origin"",-36.5,ANGLEUNIT[""degree"",0.0174532925199433],ID[""EPSG"",8801]],PARAMETER[""Longitude of natural origin"",-70.5,ANGLEUNIT[""degree"",0.0174532925199433],ID[""EPSG"",8802]],PARAMETER[""False easting"",0,LENGTHUNIT[""metre"",1],ID[""EPSG"",8806]],PARAMETER[""False northing"",0,LENGTHUNIT[""metre"",1],ID[""EPSG"",8807]]],CS[Cartesian,2],AXIS[""(E)"",east,ORDER[1],LENGTHUNIT[""metre"",1,ID[""EPSG"",9001]]],AXIS[""(N)"",north,ORDER[2],LENGTHUNIT[""metre"",1,ID[""EPSG"",9001]]]]",True,9,[],0eb0befe1df79c3f2d1a25eacf2393c8eb1993f94b6eba53a776cb7abe768bde,0eb0befe1df79c3f2d1a25eacf2393c8eb1993f94b6eba53a776cb7abe768bde,True,True,0.0
rgi7.0|global|south=-037|west=-0071,p11,3771,3073,"(30.0, 0.0, -46095.0, 0.0, -30.0, 56505.0, 0.0, 0.0, 1.0)","PROJCRS[""unknown"",BASEGEOGCRS[""unknown"",DATUM[""World Geodetic System 1984"",ELLIPSOID[""WGS 84"",6378137,298.257223563,LENGTHUNIT[""metre"",1]],ID[""EPSG"",6326]],PRIMEM[""Greenwich"",0,ANGLEUNIT[""degree"",0.0174532925199433],ID[""EPSG"",8901]]],CONVERSION[""unknown"",METHOD[""Lambert Azimuthal Equal Area"",ID[""EPSG"",9820]],PARAMETER[""Latitude of natural origin"",-36.5,ANGLEUNIT[""degree"",0.0174532925199433],ID[""EPSG"",8801]],PARAMETER[""Longitude of natural origin"",-70.5,ANGLEUNIT[""degree"",0.0174532925199433],ID[""EPSG"",8802]],PARAMETER[""False easting"",0,LENGTHUNIT[""metre"",1],ID[""EPSG"",8806]],PARAMETER[""False northing"",0,LENGTHUNIT[""metre"",1],ID[""EPSG"",8807]]],CS[Cartesian,2],AXIS[""(E)"",east,ORDER[1],LENGTHUNIT[""metre"",1,ID[""EPSG"",9001]]],AXIS[""(N)"",north,ORDER[2],LENGTHUNIT[""metre"",1,ID[""EPSG"",9001]]]]",True,9,[],dcf8d26e0d614b30e40d24a95563f6b50abd034b971a04cdc101146a56cd22ad,dcf8d26e0d614b30e40d24a95563f6b50abd034b971a04cdc101146a56cd22ad,True,True,0.0
rgi7.0|global|south=-037|west=-0071,pzi,144,144,"(0.008333333333333333, 0.0, -71.1, 0.0, -0.008333333333333333, -35.9, 0.0, 0.0, 1.0)",EPSG:4326,True,1,[],2e71560663a506609e73203640bf430209874427c0032ff1e106db8b5c175e7b,2e71560663a506609e73203640bf430209874427c0032ff1e106db8b5c175e7b,True,True,0.0
rgi7.0|global|south=-039|west=-0071,p00,3774,2997,"(30.0, 0.0, -44940.0, 0.0, -30.0, 56580.0, 0.0, 0.0, 1.0)","PROJCRS[""unknown"",BASEGEOGCRS[""unknown"",DATUM[""World Geodetic System 1984"",ELLIPSOID[""WGS 84"",6378137,298.257223563,LENGTHUNIT[""metre"",1]],ID[""EPSG"",6326]],PRIMEM[""Greenwich"",0,ANGLEUNIT[""degree"",0.0174532925199433],ID[""EPSG"",8901]]],CONVERSION[""unknown"",METHOD[""Lambert Azimuthal Equal Area"",ID[""EPSG"",9820]],PARAMETER[""Latitude of natural origin"",-38.5,ANGLEUNIT[""degree"",0.0174532925199433],ID[""EPSG"",8801]],PARAMETER[""Longitude of natural origin"",-70.5,ANGLEUNIT[""degree"",0.0174532925199433],ID[""EPSG"",8802]],PARAMETER[""False easting"",0,LENGTHUNIT[""metre"",1],ID[""EPSG"",8806]],PARAMETER[""False northing"",0,LENGTHUNIT[""metre"",1],ID[""EPSG"",8807]]],CS[Cartesian,2],AXIS[""(E)"",east,ORDER[1],LENGTHUNIT[""metre"",1,ID[""EPSG"",9001]]],AXIS[""(N)"",north,ORDER[2],LENGTHUNIT[""metre"",1,ID[""EPSG"",9001]]]]",True,9,[],b5435af1e647b58c9f3f1bcd164c7a1aae9065408e6883b75409857d403b5437,b5435af1e647b58c9f3f1bcd164c7a1aae9065408e6883b75409857d403b5437,True,True,0.0
rgi7.0|global|south=-039|west=-0071,p10,3772,2995,"(30.0, 0.0, -44925.0, 0.0, -30.0, 56520.0, 0.0, 0.0, 1.0)","PROJCRS[""unknown"",BASEGEOGCRS[""unknown"",DATUM[""World Geodetic System 1984"",ELLIPSOID[""WGS 84"",6378137,298.257223563,LENGTHUNIT[""metre"",1]],ID[""EPSG"",6326]],PRIMEM[""Greenwich"",0,ANGLEUNIT[""degree"",0.0174532925199433],ID[""EPSG"",8901]]],CONVERSION[""unknown"",METHOD[""Lambert Azimuthal Equal Area"",ID[""EPSG"",9820]],PARAMETER[""Latitude of natural origin"",-38.5,ANGLEUNIT[""degree"",0.0174532925199433],ID[""EPSG"",8801]],PARAMETER[""Longitude of natural origin"",-70.5,ANGLEUNIT[""degree"",0.0174532925199433],ID[""EPSG"",8802]],PARAMETER[""False easting"",0,LENGTHUNIT[""metre"",1],ID[""EPSG"",8806]],PARAMETER[""False northing"",0,LENGTHUNIT[""metre"",1],ID[""EPSG"",8807]]],CS[Cartesian,2],AXIS[""(E)"",east,ORDER[1],LENGTHUNIT[""metre"",1,ID[""EPSG"",9001]]],AXIS[""(N)"",north,ORDER[2],LENGTHUNIT[""metre"",1,ID[""EPSG"",9001]]]]",True,9,[],8b096c0097ac4bbf7e3ff171969b59aaaeb9009876a91d35c95d81e950324fc5,8b096c0097ac4bbf7e3ff171969b59aaaeb9009876a91d35c95d81e950324fc5,True,True,0.0
rgi7.0|global|south=-039|west=-0071,p01,3771,2996,"(30.0, 0.0, -44940.0, 0.0, -30.0, 56505.0, 0.0, 0.0, 1.0)","PROJCRS[""unknown"",BASEGEOGCRS[""unknown"",DATUM[""World Geodetic System 1984"",ELLIPSOID[""WGS 84"",6378137,298.257223563,LENGTHUNIT[""metre"",1]],ID[""EPSG"",6326]],PRIMEM[""Greenwich"",0,ANGLEUNIT[""degree"",0.0174532925199433],ID[""EPSG"",8901]]],CONVERSION[""unknown"",METHOD[""Lambert Azimuthal Equal Area"",ID[""EPSG"",9820]],PARAMETER[""Latitude of natural origin"",-38.5,ANGLEUNIT[""degree"",0.0174532925199433],ID[""EPSG"",8801]],PARAMETER[""Longitude of natural origin"",-70.5,ANGLEUNIT[""degree"",0.0174532925199433],ID[""EPSG"",8802]],PARAMETER[""False easting"",0,LENGTHUNIT[""metre"",1],ID[""EPSG"",8806]],PARAMETER[""False northing"",0,LENGTHUNIT[""metre"",1],ID[""EPSG"",8807]]],CS[Cartesian,2],AXIS[""(E)"",east,ORDER[1],LENGTHUNIT[""metre"",1,ID[""EPSG"",9001]]],AXIS[""(N)"",north,ORDER[2],LENGTHUNIT[""metre"",1,ID[""EPSG"",9001]]]]",True,9,[],cb4cb46e9321ec11ea8507c82ff758ecc8b4d317cd5c3f53fe17747b986614b9,cb4cb46e9321ec11ea8507c82ff758ecc8b4d317cd5c3f53fe17747b986614b9,True,True,0.0
rgi7.0|global|south=-039|west=-0071,p11,3771,2995,"(30.0, 0.0, -44925.0, 0.0, -30.0, 56505.0, 0.0, 0.0, 1.0)","PROJCRS[""unknown"",BASEGEOGCRS[""unknown"",DATUM[""World Geodetic System 1984"",ELLIPSOID[""WGS 84"",6378137,298.257223563,LENGTHUNIT[""metre"",1]],ID[""EPSG"",6326]],PRIMEM[""Greenwich"",0,ANGLEUNIT[""degree"",0.0174532925199433],ID[""EPSG"",8901]]],CONVERSION[""unknown"",METHOD[""Lambert Azimuthal Equal Area"",ID[""EPSG"",9820]],PARAMETER[""Latitude of natural origin"",-38.5,ANGLEUNIT[""degree"",0.0174532925199433],ID[""EPSG"",8801]],PARAMETER[""Longitude of natural origin"",-70.5,ANGLEUNIT[""degree"",0.0174532925199433],ID[""EPSG"",8802]],PARAMETER[""False easting"",0,LENGTHUNIT[""metre"",1],ID[""EPSG"",8806]],PARAMETER[""False northing"",0,LENGTHUNIT[""metre"",1],ID[""EPSG"",8807]]],CS[Cartesian,2],AXIS[""(E)"",east,ORDER[1],LENGTHUNIT[""metre"",1,ID[""EPSG"",9001]]],AXIS[""(N)"",north,ORDER[2],LENGTHUNIT[""metre"",1,ID[""EPSG"",9001]]]]",True,9,[],d5c1d40fea6af4d5f9f2651121f9ec9488f22c735f851209c26d93e90f9f8de3,d5c1d40fea6af4d5f9f2651121f9ec9488f22c735f851209c26d93e90f9f8de3,True,True,0.0
rgi7.0|global|south=-039|west=-0071,pzi,144,144,"(0.008333333333333333, 0.0, -71.1, 0.0, -0.008333333333333333, -37.9, 0.0, 0.0, 1.0)",EPSG:4326,True,1,[],8f4e2eb2914a2d704c0fef3b5c421d99dfb858bdc03661d424f11d704a4ccb85,8f4e2eb2914a2d704c0fef3b5c421d99dfb858bdc03661d424f11d704a4ccb85,True,True,0.0
rgi7.0|global|south=-043|west=+0172,p00,3774,2832,"(30.0, 0.0, -42450.0, 0.0, -30.0, 56550.0, 0.0, 0.0, 1.0)","PROJCRS[""unknown"",BASEGEOGCRS[""unknown"",DATUM[""World Geodetic System 1984"",ELLIPSOID[""WGS 84"",6378137,298.257223563,LENGTHUNIT[""metre"",1]],ID[""EPSG"",6326]],PRIMEM[""Greenwich"",0,ANGLEUNIT[""degree"",0.0174532925199433],ID[""EPSG"",8901]]],CONVERSION[""unknown"",METHOD[""Lambert Azimuthal Equal Area"",ID[""EPSG"",9820]],PARAMETER[""Latitude of natural origin"",-42.5,ANGLEUNIT[""degree"",0.0174532925199433],ID[""EPSG"",8801]],PARAMETER[""Longitude of natural origin"",172.5,ANGLEUNIT[""degree"",0.0174532925199433],ID[""EPSG"",8802]],PARAMETER[""False easting"",0,LENGTHUNIT[""metre"",1],ID[""EPSG"",8806]],PARAMETER[""False northing"",0,LENGTHUNIT[""metre"",1],ID[""EPSG"",8807]]],CS[Cartesian,2],AXIS[""(E)"",east,ORDER[1],LENGTHUNIT[""metre"",1,ID[""EPSG"",9001]]],AXIS[""(N)"",north,ORDER[2],LENGTHUNIT[""metre"",1,ID[""EPSG"",9001]]]]",True,9,[],35c785755ae3260c77182c36adbfcd5f15fb8a9bab783e8adb8009d1aba63cd9,35c785755ae3260c77182c36adbfcd5f15fb8a9bab783e8adb8009d1aba63cd9,True,True,0.0
rgi7.0|global|south=-043|west=+0172,p10,3774,2829,"(30.0, 0.0, -42435.0, 0.0, -30.0, 56550.0, 0.0, 0.0, 1.0)","PROJCRS[""unknown"",BASEGEOGCRS[""unknown"",DATUM[""World Geodetic System 1984"",ELLIPSOID[""WGS 84"",6378137,298.257223563,LENGTHUNIT[""metre"",1]],ID[""EPSG"",6326]],PRIMEM[""Greenwich"",0,ANGLEUNIT[""degree"",0.0174532925199433],ID[""EPSG"",8901]]],CONVERSION[""unknown"",METHOD[""Lambert Azimuthal Equal Area"",ID[""EPSG"",9820]],PARAMETER[""Latitude of natural origin"",-42.5,ANGLEUNIT[""degree"",0.0174532925199433],ID[""EPSG"",8801]],PARAMETER[""Longitude of natural origin"",172.5,ANGLEUNIT[""degree"",0.0174532925199433],ID[""EPSG"",8802]],PARAMETER[""False easting"",0,LENGTHUNIT[""metre"",1],ID[""EPSG"",8806]],PARAMETER[""False northing"",0,LENGTHUNIT[""metre"",1],ID[""EPSG"",8807]]],CS[Cartesian,2],AXIS[""(E)"",east,ORDER[1],LENGTHUNIT[""metre"",1,ID[""EPSG"",9001]]],AXIS[""(N)"",north,ORDER[2],LENGTHUNIT[""metre"",1,ID[""EPSG"",9001]]]]",True,9,[],98588de35248aa26d6e069d49bc3adeafe305c528a4dbc0554ea936d1ca171b5,98588de35248aa26d6e069d49bc3adeafe305c528a4dbc0554ea936d1ca171b5,True,True,0.0
rgi7.0|global|south=-043|west=+0172,p01,3775,2830,"(30.0, 0.0, -42450.0, 0.0, -30.0, 56565.0, 0.0, 0.0, 1.0)","PROJCRS[""unknown"",BASEGEOGCRS[""unknown"",DATUM[""World Geodetic System 1984"",ELLIPSOID[""WGS 84"",6378137,298.257223563,LENGTHUNIT[""metre"",1]],ID[""EPSG"",6326]],PRIMEM[""Greenwich"",0,ANGLEUNIT[""degree"",0.0174532925199433],ID[""EPSG"",8901]]],CONVERSION[""unknown"",METHOD[""Lambert Azimuthal Equal Area"",ID[""EPSG"",9820]],PARAMETER[""Latitude of natural origin"",-42.5,ANGLEUNIT[""degree"",0.0174532925199433],ID[""EPSG"",8801]],PARAMETER[""Longitude of natural origin"",172.5,ANGLEUNIT[""degree"",0.0174532925199433],ID[""EPSG"",8802]],PARAMETER[""False easting"",0,LENGTHUNIT[""metre"",1],ID[""EPSG"",8806]],PARAMETER[""False northing"",0,LENGTHUNIT[""metre"",1],ID[""EPSG"",8807]]],CS[Cartesian,2],AXIS[""(E)"",east,ORDER[1],LENGTHUNIT[""metre"",1,ID[""EPSG"",9001]]],AXIS[""(N)"",north,ORDER[2],LENGTHUNIT[""metre"",1,ID[""EPSG"",9001]]]]",True,9,[],dd841f21b7927842c30cc8955994bd69f4153affb7af899094acd94dc795f85f,dd841f21b7927842c30cc8955994bd69f4153affb7af899094acd94dc795f85f,True,True,0.0
rgi7.0|global|south=-043|west=+0172,p11,3775,2829,"(30.0, 0.0, -42435.0, 0.0, -30.0, 56565.0, 0.0, 0.0, 1.0)","PROJCRS[""unknown"",BASEGEOGCRS[""unknown"",DATUM[""World Geodetic System 1984"",ELLIPSOID[""WGS 84"",6378137,298.257223563,LENGTHUNIT[""metre"",1]],ID[""EPSG"",6326]],PRIMEM[""Greenwich"",0,ANGLEUNIT[""degree"",0.0174532925199433],ID[""EPSG"",8901]]],CONVERSION[""unknown"",METHOD[""Lambert Azimuthal Equal Area"",ID[""EPSG"",9820]],PARAMETER[""Latitude of natural origin"",-42.5,ANGLEUNIT[""degree"",0.0174532925199433],ID[""EPSG"",8801]],PARAMETER[""Longitude of natural origin"",172.5,ANGLEUNIT[""degree"",0.0174532925199433],ID[""EPSG"",8802]],PARAMETER[""False easting"",0,LENGTHUNIT[""metre"",1],ID[""EPSG"",8806]],PARAMETER[""False northing"",0,LENGTHUNIT[""metre"",1],ID[""EPSG"",8807]]],CS[Cartesian,2],AXIS[""(E)"",east,ORDER[1],LENGTHUNIT[""metre"",1,ID[""EPSG"",9001]]],AXIS[""(N)"",north,ORDER[2],LENGTHUNIT[""metre"",1,ID[""EPSG"",9001]]]]",True,9,[],8d7cffa6e4482f860269f1789a810300914c618c51f297358c058fcc08d03e4d,8d7cffa6e4482f860269f1789a810300914c618c51f297358c058fcc08d03e4d,True,True,0.0
rgi7.0|global|south=-043|west=+0172,pzi,144,144,"(0.008333333333333333, 0.0, 171.9, 0.0, -0.008333333333333333, -41.9, 0.0, 0.0, 1.0)",EPSG:4326,True,1,[],d752d6f48e8cfc270acb42b1dd63feb996567f918fa1993414cd1a6d305b4f72,d752d6f48e8cfc270acb42b1dd63feb996567f918fa1993414cd1a6d305b4f72,True,True,0.0
rgi7.0|global|south=-042|west=+0172,p00,3774,2874,"(30.0, 0.0, -43080.0, 0.0, -30.0, 56550.0, 0.0, 0.0, 1.0)","PROJCRS[""unknown"",BASEGEOGCRS[""unknown"",DATUM[""World Geodetic System 1984"",ELLIPSOID[""WGS 84"",6378137,298.257223563,LENGTHUNIT[""metre"",1]],ID[""EPSG"",6326]],PRIMEM[""Greenwich"",0,ANGLEUNIT[""degree"",0.0174532925199433],ID[""EPSG"",8901]]],CONVERSION[""unknown"",METHOD[""Lambert Azimuthal Equal Area"",ID[""EPSG"",9820]],PARAMETER[""Latitude of natural origin"",-41.5,ANGLEUNIT[""degree"",0.0174532925199433],ID[""EPSG"",8801]],PARAMETER[""Longitude of natural origin"",172.5,ANGLEUNIT[""degree"",0.0174532925199433],ID[""EPSG"",8802]],PARAMETER[""False easting"",0,LENGTHUNIT[""metre"",1],ID[""EPSG"",8806]],PARAMETER[""False northing"",0,LENGTHUNIT[""metre"",1],ID[""EPSG"",8807]]],CS[Cartesian,2],AXIS[""(E)"",east,ORDER[1],LENGTHUNIT[""metre"",1,ID[""EPSG"",9001]]],AXIS[""(N)"",north,ORDER[2],LENGTHUNIT[""metre"",1,ID[""EPSG"",9001]]]]",True,8,"[""Copernicus_DSM_COG_10_S41_00_E171_00_DEM""]",ee111340a5916bf676940aca7b479d134f5424b7b45988d8d76259e2213467a6,ee111340a5916bf676940aca7b479d134f5424b7b45988d8d76259e2213467a6,True,True,0.0
rgi7.0|global|south=-042|west=+0172,p10,3774,2873,"(30.0, 0.0, -43095.0, 0.0, -30.0, 56550.0, 0.0, 0.0, 1.0)","PROJCRS[""unknown"",BASEGEOGCRS[""unknown"",DATUM[""World Geodetic System 1984"",ELLIPSOID[""WGS 84"",6378137,298.257223563,LENGTHUNIT[""metre"",1]],ID[""EPSG"",6326]],PRIMEM[""Greenwich"",0,ANGLEUNIT[""degree"",0.0174532925199433],ID[""EPSG"",8901]]],CONVERSION[""unknown"",METHOD[""Lambert Azimuthal Equal Area"",ID[""EPSG"",9820]],PARAMETER[""Latitude of natural origin"",-41.5,ANGLEUNIT[""degree"",0.0174532925199433],ID[""EPSG"",8801]],PARAMETER[""Longitude of natural origin"",172.5,ANGLEUNIT[""degree"",0.0174532925199433],ID[""EPSG"",8802]],PARAMETER[""False easting"",0,LENGTHUNIT[""metre"",1],ID[""EPSG"",8806]],PARAMETER[""False northing"",0,LENGTHUNIT[""metre"",1],ID[""EPSG"",8807]]],CS[Cartesian,2],AXIS[""(E)"",east,ORDER[1],LENGTHUNIT[""metre"",1,ID[""EPSG"",9001]]],AXIS[""(N)"",north,ORDER[2],LENGTHUNIT[""metre"",1,ID[""EPSG"",9001]]]]",True,8,"[""Copernicus_DSM_COG_10_S41_00_E171_00_DEM""]",0b50c2cc2870eaa563650ced79a2e5949d36b5fe3959b0e0e6ce35e20d1469df,0b50c2cc2870eaa563650ced79a2e5949d36b5fe3959b0e0e6ce35e20d1469df,True,True,0.0
rgi7.0|global|south=-042|west=+0172,p01,3773,2872,"(30.0, 0.0, -43080.0, 0.0, -30.0, 56535.0, 0.0, 0.0, 1.0)","PROJCRS[""unknown"",BASEGEOGCRS[""unknown"",DATUM[""World Geodetic System 1984"",ELLIPSOID[""WGS 84"",6378137,298.257223563,LENGTHUNIT[""metre"",1]],ID[""EPSG"",6326]],PRIMEM[""Greenwich"",0,ANGLEUNIT[""degree"",0.0174532925199433],ID[""EPSG"",8901]]],CONVERSION[""unknown"",METHOD[""Lambert Azimuthal Equal Area"",ID[""EPSG"",9820]],PARAMETER[""Latitude of natural origin"",-41.5,ANGLEUNIT[""degree"",0.0174532925199433],ID[""EPSG"",8801]],PARAMETER[""Longitude of natural origin"",172.5,ANGLEUNIT[""degree"",0.0174532925199433],ID[""EPSG"",8802]],PARAMETER[""False easting"",0,LENGTHUNIT[""metre"",1],ID[""EPSG"",8806]],PARAMETER[""False northing"",0,LENGTHUNIT[""metre"",1],ID[""EPSG"",8807]]],CS[Cartesian,2],AXIS[""(E)"",east,ORDER[1],LENGTHUNIT[""metre"",1,ID[""EPSG"",9001]]],AXIS[""(N)"",north,ORDER[2],LENGTHUNIT[""metre"",1,ID[""EPSG"",9001]]]]",True,8,"[""Copernicus_DSM_COG_10_S41_00_E171_00_DEM""]",e8fd62195a84e82dd9ee3e66801c136734899393ea274caf2dae76a5e2b2e8dd,e8fd62195a84e82dd9ee3e66801c136734899393ea274caf2dae76a5e2b2e8dd,True,True,0.0
rgi7.0|global|south=-042|west=+0172,p11,3773,2873,"(30.0, 0.0, -43095.0, 0.0, -30.0, 56535.0, 0.0, 0.0, 1.0)","PROJCRS[""unknown"",BASEGEOGCRS[""unknown"",DATUM[""World Geodetic System 1984"",ELLIPSOID[""WGS 84"",6378137,298.257223563,LENGTHUNIT[""metre"",1]],ID[""EPSG"",6326]],PRIMEM[""Greenwich"",0,ANGLEUNIT[""degree"",0.0174532925199433],ID[""EPSG"",8901]]],CONVERSION[""unknown"",METHOD[""Lambert Azimuthal Equal Area"",ID[""EPSG"",9820]],PARAMETER[""Latitude of natural origin"",-41.5,ANGLEUNIT[""degree"",0.0174532925199433],ID[""EPSG"",8801]],PARAMETER[""Longitude of natural origin"",172.5,ANGLEUNIT[""degree"",0.0174532925199433],ID[""EPSG"",8802]],PARAMETER[""False easting"",0,LENGTHUNIT[""metre"",1],ID[""EPSG"",8806]],PARAMETER[""False northing"",0,LENGTHUNIT[""metre"",1],ID[""EPSG"",8807]]],CS[Cartesian,2],AXIS[""(E)"",east,ORDER[1],LENGTHUNIT[""metre"",1,ID[""EPSG"",9001]]],AXIS[""(N)"",north,ORDER[2],LENGTHUNIT[""metre"",1,ID[""EPSG"",9001]]]]",True,8,"[""Copernicus_DSM_COG_10_S41_00_E171_00_DEM""]",4edc7df4eacdf794165cfe85467c63a5b38e2a62dc22ddc083cfc9dd22a1fbe4,4edc7df4eacdf794165cfe85467c63a5b38e2a62dc22ddc083cfc9dd22a1fbe4,True,True,0.0
rgi7.0|global|south=-042|west=+0172,pzi,144,144,"(0.008333333333333333, 0.0, 171.9, 0.0, -0.008333333333333333, -40.9, 0.0, 0.0, 1.0)",EPSG:4326,True,1,[],d752d6f48e8cfc270acb42b1dd63feb996567f918fa1993414cd1a6d305b4f72,d752d6f48e8cfc270acb42b1dd63feb996567f918fa1993414cd1a6d305b4f72,True,True,0.0
rgi7.0|global|south=-040|west=+0175,p00,3774,2958,"(30.0, 0.0, -44340.0, 0.0, -30.0, 56580.0, 0.0, 0.0, 1.0)","PROJCRS[""unknown"",BASEGEOGCRS[""unknown"",DATUM[""World Geodetic System 1984"",ELLIPSOID[""WGS 84"",6378137,298.257223563,LENGTHUNIT[""metre"",1]],ID[""EPSG"",6326]],PRIMEM[""Greenwich"",0,ANGLEUNIT[""degree"",0.0174532925199433],ID[""EPSG"",8901]]],CONVERSION[""unknown"",METHOD[""Lambert Azimuthal Equal Area"",ID[""EPSG"",9820]],PARAMETER[""Latitude of natural origin"",-39.5,ANGLEUNIT[""degree"",0.0174532925199433],ID[""EPSG"",8801]],PARAMETER[""Longitude of natural origin"",175.5,ANGLEUNIT[""degree"",0.0174532925199433],ID[""EPSG"",8802]],PARAMETER[""False easting"",0,LENGTHUNIT[""metre"",1],ID[""EPSG"",8806]],PARAMETER[""False northing"",0,LENGTHUNIT[""metre"",1],ID[""EPSG"",8807]]],CS[Cartesian,2],AXIS[""(E)"",east,ORDER[1],LENGTHUNIT[""metre"",1,ID[""EPSG"",9001]]],AXIS[""(N)"",north,ORDER[2],LENGTHUNIT[""metre"",1,ID[""EPSG"",9001]]]]",True,9,[],42c3e04294aba8b10ad3709f69f33c5e786bac5a3eb7d9f00708e7670981e8c3,42c3e04294aba8b10ad3709f69f33c5e786bac5a3eb7d9f00708e7670981e8c3,True,True,0.0
rgi7.0|global|south=-040|west=+0175,p10,3772,2955,"(30.0, 0.0, -44325.0, 0.0, -30.0, 56520.0, 0.0, 0.0, 1.0)","PROJCRS[""unknown"",BASEGEOGCRS[""unknown"",DATUM[""World Geodetic System 1984"",ELLIPSOID[""WGS 84"",6378137,298.257223563,LENGTHUNIT[""metre"",1]],ID[""EPSG"",6326]],PRIMEM[""Greenwich"",0,ANGLEUNIT[""degree"",0.0174532925199433],ID[""EPSG"",8901]]],CONVERSION[""unknown"",METHOD[""Lambert Azimuthal Equal Area"",ID[""EPSG"",9820]],PARAMETER[""Latitude of natural origin"",-39.5,ANGLEUNIT[""degree"",0.0174532925199433],ID[""EPSG"",8801]],PARAMETER[""Longitude of natural origin"",175.5,ANGLEUNIT[""degree"",0.0174532925199433],ID[""EPSG"",8802]],PARAMETER[""False easting"",0,LENGTHUNIT[""metre"",1],ID[""EPSG"",8806]],PARAMETER[""False northing"",0,LENGTHUNIT[""metre"",1],ID[""EPSG"",8807]]],CS[Cartesian,2],AXIS[""(E)"",east,ORDER[1],LENGTHUNIT[""metre"",1,ID[""EPSG"",9001]]],AXIS[""(N)"",north,ORDER[2],LENGTHUNIT[""metre"",1,ID[""EPSG"",9001]]]]",True,9,[],82e8b310780421663c5d4bf50f20e9dc5fb8fe462ee4ab490cf3dd9c7b7375c3,82e8b310780421663c5d4bf50f20e9dc5fb8fe462ee4ab490cf3dd9c7b7375c3,True,True,0.0
rgi7.0|global|south=-040|west=+0175,p01,3773,2956,"(30.0, 0.0, -44340.0, 0.0, -30.0, 56535.0, 0.0, 0.0, 1.0)","PROJCRS[""unknown"",BASEGEOGCRS[""unknown"",DATUM[""World Geodetic System 1984"",ELLIPSOID[""WGS 84"",6378137,298.257223563,LENGTHUNIT[""metre"",1]],ID[""EPSG"",6326]],PRIMEM[""Greenwich"",0,ANGLEUNIT[""degree"",0.0174532925199433],ID[""EPSG"",8901]]],CONVERSION[""unknown"",METHOD[""Lambert Azimuthal Equal Area"",ID[""EPSG"",9820]],PARAMETER[""Latitude of natural origin"",-39.5,ANGLEUNIT[""degree"",0.0174532925199433],ID[""EPSG"",8801]],PARAMETER[""Longitude of natural origin"",175.5,ANGLEUNIT[""degree"",0.0174532925199433],ID[""EPSG"",8802]],PARAMETER[""False easting"",0,LENGTHUNIT[""metre"",1],ID[""EPSG"",8806]],PARAMETER[""False northing"",0,LENGTHUNIT[""metre"",1],ID[""EPSG"",8807]]],CS[Cartesian,2],AXIS[""(E)"",east,ORDER[1],LENGTHUNIT[""metre"",1,ID[""EPSG"",9001]]],AXIS[""(N)"",north,ORDER[2],LENGTHUNIT[""metre"",1,ID[""EPSG"",9001]]]]",True,9,[],17382451e06ed4a843d2a90f36e023cdfc075b74c13d44b5b5aa5f77df3fb70a,17382451e06ed4a843d2a90f36e023cdfc075b74c13d44b5b5aa5f77df3fb70a,True,True,0.0
rgi7.0|global|south=-040|west=+0175,p11,3773,2955,"(30.0, 0.0, -44325.0, 0.0, -30.0, 56535.0, 0.0, 0.0, 1.0)","PROJCRS[""unknown"",BASEGEOGCRS[""unknown"",DATUM[""World Geodetic System 1984"",ELLIPSOID[""WGS 84"",6378137,298.257223563,LENGTHUNIT[""metre"",1]],ID[""EPSG"",6326]],PRIMEM[""Greenwich"",0,ANGLEUNIT[""degree"",0.0174532925199433],ID[""EPSG"",8901]]],CONVERSION[""unknown"",METHOD[""Lambert Azimuthal Equal Area"",ID[""EPSG"",9820]],PARAMETER[""Latitude of natural origin"",-39.5,ANGLEUNIT[""degree"",0.0174532925199433],ID[""EPSG"",8801]],PARAMETER[""Longitude of natural origin"",175.5,ANGLEUNIT[""degree"",0.0174532925199433],ID[""EPSG"",8802]],PARAMETER[""False easting"",0,LENGTHUNIT[""metre"",1],ID[""EPSG"",8806]],PARAMETER[""False northing"",0,LENGTHUNIT[""metre"",1],ID[""EPSG"",8807]]],CS[Cartesian,2],AXIS[""(E)"",east,ORDER[1],LENGTHUNIT[""metre"",1,ID[""EPSG"",9001]]],AXIS[""(N)"",north,ORDER[2],LENGTHUNIT[""metre"",1,ID[""EPSG"",9001]]]]",True,9,[],8061d3d83702b4d2a1e2059f99ba1654790e90fbb256f78262bbf2cf9f98284d,8061d3d83702b4d2a1e2059f99ba1654790e90fbb256f78262bbf2cf9f98284d,True,True,0.0
rgi7.0|global|south=-040|west=+0175,pzi,144,144,"(0.008333333333333333, 0.0, 174.9, 0.0, -0.008333333333333333, -38.9, 0.0, 0.0, 1.0)",EPSG:4326,True,1,[],8beb010a5a4691788ba54ceb482b5c7c6eb0c5dfc308691815d24b3fd178c3c9,8beb010a5a4691788ba54ceb482b5c7c6eb0c5dfc308691815d24b3fd178c3c9,True,True,0.0
rgi7.0|global|south=-044|west=+0169,p00,3777,2787,"(30.0, 0.0, -41790.0, 0.0, -30.0, 56610.0, 0.0, 0.0, 1.0)","PROJCRS[""unknown"",BASEGEOGCRS[""unknown"",DATUM[""World Geodetic System 1984"",ELLIPSOID[""WGS 84"",6378137,298.257223563,LENGTHUNIT[""metre"",1]],ID[""EPSG"",6326]],PRIMEM[""Greenwich"",0,ANGLEUNIT[""degree"",0.0174532925199433],ID[""EPSG"",8901]]],CONVERSION[""unknown"",METHOD[""Lambert Azimuthal Equal Area"",ID[""EPSG"",9820]],PARAMETER[""Latitude of natural origin"",-43.5,ANGLEUNIT[""degree"",0.0174532925199433],ID[""EPSG"",8801]],PARAMETER[""Longitude of natural origin"",169.5,ANGLEUNIT[""degree"",0.0174532925199433],ID[""EPSG"",8802]],PARAMETER[""False easting"",0,LENGTHUNIT[""metre"",1],ID[""EPSG"",8806]],PARAMETER[""False northing"",0,LENGTHUNIT[""metre"",1],ID[""EPSG"",8807]]],CS[Cartesian,2],AXIS[""(E)"",east,ORDER[1],LENGTHUNIT[""metre"",1,ID[""EPSG"",9001]]],AXIS[""(N)"",north,ORDER[2],LENGTHUNIT[""metre"",1,ID[""EPSG"",9001]]]]",True,7,"[""Copernicus_DSM_COG_10_S43_00_E168_00_DEM"", ""Copernicus_DSM_COG_10_S43_00_E169_00_DEM""]",dc474e3e448cb605c11b03db2681e246e566c9357e95a543c59c39bafae36356,dc474e3e448cb605c11b03db2681e246e566c9357e95a543c59c39bafae36356,True,True,0.0
rgi7.0|global|south=-044|west=+0169,p10,3775,2785,"(30.0, 0.0, -41775.0, 0.0, -30.0, 56550.0, 0.0, 0.0, 1.0)","PROJCRS[""unknown"",BASEGEOGCRS[""unknown"",DATUM[""World Geodetic System 1984"",ELLIPSOID[""WGS 84"",6378137,298.257223563,LENGTHUNIT[""metre"",1]],ID[""EPSG"",6326]],PRIMEM[""Greenwich"",0,ANGLEUNIT[""degree"",0.0174532925199433],ID[""EPSG"",8901]]],CONVERSION[""unknown"",METHOD[""Lambert Azimuthal Equal Area"",ID[""EPSG"",9820]],PARAMETER[""Latitude of natural origin"",-43.5,ANGLEUNIT[""degree"",0.0174532925199433],ID[""EPSG"",8801]],PARAMETER[""Longitude of natural origin"",169.5,ANGLEUNIT[""degree"",0.0174532925199433],ID[""EPSG"",8802]],PARAMETER[""False easting"",0,LENGTHUNIT[""metre"",1],ID[""EPSG"",8806]],PARAMETER[""False northing"",0,LENGTHUNIT[""metre"",1],ID[""EPSG"",8807]]],CS[Cartesian,2],AXIS[""(E)"",east,ORDER[1],LENGTHUNIT[""metre"",1,ID[""EPSG"",9001]]],AXIS[""(N)"",north,ORDER[2],LENGTHUNIT[""metre"",1,ID[""EPSG"",9001]]]]",True,7,"[""Copernicus_DSM_COG_10_S43_00_E168_00_DEM"", ""Copernicus_DSM_COG_10_S43_00_E169_00_DEM""]",5ccdc35236fe743ca8047fb92a7346223f8ac22ae88f4bb43e738226048082c4,5ccdc35236fe743ca8047fb92a7346223f8ac22ae88f4bb43e738226048082c4,True,True,0.0
rgi7.0|global|south=-044|west=+0169,p01,3775,2786,"(30.0, 0.0, -41790.0, 0.0, -30.0, 56565.0, 0.0, 0.0, 1.0)","PROJCRS[""unknown"",BASEGEOGCRS[""unknown"",DATUM[""World Geodetic System 1984"",ELLIPSOID[""WGS 84"",6378137,298.257223563,LENGTHUNIT[""metre"",1]],ID[""EPSG"",6326]],PRIMEM[""Greenwich"",0,ANGLEUNIT[""degree"",0.0174532925199433],ID[""EPSG"",8901]]],CONVERSION[""unknown"",METHOD[""Lambert Azimuthal Equal Area"",ID[""EPSG"",9820]],PARAMETER[""Latitude of natural origin"",-43.5,ANGLEUNIT[""degree"",0.0174532925199433],ID[""EPSG"",8801]],PARAMETER[""Longitude of natural origin"",169.5,ANGLEUNIT[""degree"",0.0174532925199433],ID[""EPSG"",8802]],PARAMETER[""False easting"",0,LENGTHUNIT[""metre"",1],ID[""EPSG"",8806]],PARAMETER[""False northing"",0,LENGTHUNIT[""metre"",1],ID[""EPSG"",8807]]],CS[Cartesian,2],AXIS[""(E)"",east,ORDER[1],LENGTHUNIT[""metre"",1,ID[""EPSG"",9001]]],AXIS[""(N)"",north,ORDER[2],LENGTHUNIT[""metre"",1,ID[""EPSG"",9001]]]]",True,7,"[""Copernicus_DSM_COG_10_S43_00_E168_00_DEM"", ""Copernicus_DSM_COG_10_S43_00_E169_00_DEM""]",6d11ed7c4bafe7ddf5d8a302a98a037b94bcf7e417c98b8c410d44467e32fc17,6d11ed7c4bafe7ddf5d8a302a98a037b94bcf7e417c98b8c410d44467e32fc17,True,True,0.0
rgi7.0|global|south=-044|west=+0169,p11,3775,2785,"(30.0, 0.0, -41775.0, 0.0, -30.0, 56565.0, 0.0, 0.0, 1.0)","PROJCRS[""unknown"",BASEGEOGCRS[""unknown"",DATUM[""World Geodetic System 1984"",ELLIPSOID[""WGS 84"",6378137,298.257223563,LENGTHUNIT[""metre"",1]],ID[""EPSG"",6326]],PRIMEM[""Greenwich"",0,ANGLEUNIT[""degree"",0.0174532925199433],ID[""EPSG"",8901]]],CONVERSION[""unknown"",METHOD[""Lambert Azimuthal Equal Area"",ID[""EPSG"",9820]],PARAMETER[""Latitude of natural origin"",-43.5,ANGLEUNIT[""degree"",0.0174532925199433],ID[""EPSG"",8801]],PARAMETER[""Longitude of natural origin"",169.5,ANGLEUNIT[""degree"",0.0174532925199433],ID[""EPSG"",8802]],PARAMETER[""False easting"",0,LENGTHUNIT[""metre"",1],ID[""EPSG"",8806]],PARAMETER[""False northing"",0,LENGTHUNIT[""metre"",1],ID[""EPSG"",8807]]],CS[Cartesian,2],AXIS[""(E)"",east,ORDER[1],LENGTHUNIT[""metre"",1,ID[""EPSG"",9001]]],AXIS[""(N)"",north,ORDER[2],LENGTHUNIT[""metre"",1,ID[""EPSG"",9001]]]]",True,7,"[""Copernicus_DSM_COG_10_S43_00_E168_00_DEM"", ""Copernicus_DSM_COG_10_S43_00_E169_00_DEM""]",011972dfcde2882ea430f1fa820574dfc201ed8d0285863978251c6a86c3771e,011972dfcde2882ea430f1fa820574dfc201ed8d0285863978251c6a86c3771e,True,True,0.0
rgi7.0|global|south=-044|west=+0169,pzi,144,144,"(0.008333333333333333, 0.0, 168.9, 0.0, -0.008333333333333333, -42.9, 0.0, 0.0, 1.0)",EPSG:4326,True,1,[],5dad646eed2d17c6fc037d0b05d5732b8992ecbc12075907abffc023e9008bf5,5dad646eed2d17c6fc037d0b05d5732b8992ecbc12075907abffc023e9008bf5,True,True,0.0
rgi7.0|global|south=-060|west=-0027,p00,3786,1986,"(30.0, 0.0, -29760.0, 0.0, -30.0, 56760.0, 0.0, 0.0, 1.0)","PROJCRS[""unknown"",BASEGEOGCRS[""unknown"",DATUM[""World Geodetic System 1984"",ELLIPSOID[""WGS 84"",6378137,298.257223563,LENGTHUNIT[""metre"",1]],ID[""EPSG"",6326]],PRIMEM[""Greenwich"",0,ANGLEUNIT[""degree"",0.0174532925199433],ID[""EPSG"",8901]]],CONVERSION[""unknown"",METHOD[""Lambert Azimuthal Equal Area"",ID[""EPSG"",9820]],PARAMETER[""Latitude of natural origin"",-59.5,ANGLEUNIT[""degree"",0.0174532925199433],ID[""EPSG"",8801]],PARAMETER[""Longitude of natural origin"",-26.5,ANGLEUNIT[""degree"",0.0174532925199433],ID[""EPSG"",8802]],PARAMETER[""False easting"",0,LENGTHUNIT[""metre"",1],ID[""EPSG"",8806]],PARAMETER[""False northing"",0,LENGTHUNIT[""metre"",1],ID[""EPSG"",8807]]],CS[Cartesian,2],AXIS[""(E)"",east,ORDER[1],LENGTHUNIT[""metre"",1,ID[""EPSG"",9001]]],AXIS[""(N)"",north,ORDER[2],LENGTHUNIT[""metre"",1,ID[""EPSG"",9001]]]]",True,3,"[""Copernicus_DSM_COG_10_S59_00_W026_00_DEM"", ""Copernicus_DSM_COG_10_S59_00_W028_00_DEM"", ""Copernicus_DSM_COG_10_S60_00_W026_00_DEM"", ""Copernicus_DSM_COG_10_S61_00_W026_00_DEM"", ""Copernicus_DSM_COG_10_S61_00_W027_00_DEM"", ""Copernicus_DSM_COG_10_S61_00_W028_00_DEM""]",264241fa972959b5621b76dd52446b8b4bb636bab796679163cfce42229c3b9c,264241fa972959b5621b76dd52446b8b4bb636bab796679163cfce42229c3b9c,True,True,0.0
rgi7.0|global|south=-060|west=-0027,p10,3784,1983,"(30.0, 0.0, -29745.0, 0.0, -30.0, 56700.0, 0.0, 0.0, 1.0)","PROJCRS[""unknown"",BASEGEOGCRS[""unknown"",DATUM[""World Geodetic System 1984"",ELLIPSOID[""WGS 84"",6378137,298.257223563,LENGTHUNIT[""metre"",1]],ID[""EPSG"",6326]],PRIMEM[""Greenwich"",0,ANGLEUNIT[""degree"",0.0174532925199433],ID[""EPSG"",8901]]],CONVERSION[""unknown"",METHOD[""Lambert Azimuthal Equal Area"",ID[""EPSG"",9820]],PARAMETER[""Latitude of natural origin"",-59.5,ANGLEUNIT[""degree"",0.0174532925199433],ID[""EPSG"",8801]],PARAMETER[""Longitude of natural origin"",-26.5,ANGLEUNIT[""degree"",0.0174532925199433],ID[""EPSG"",8802]],PARAMETER[""False easting"",0,LENGTHUNIT[""metre"",1],ID[""EPSG"",8806]],PARAMETER[""False northing"",0,LENGTHUNIT[""metre"",1],ID[""EPSG"",8807]]],CS[Cartesian,2],AXIS[""(E)"",east,ORDER[1],LENGTHUNIT[""metre"",1,ID[""EPSG"",9001]]],AXIS[""(N)"",north,ORDER[2],LENGTHUNIT[""metre"",1,ID[""EPSG"",9001]]]]",True,3,"[""Copernicus_DSM_COG_10_S59_00_W026_00_DEM"", ""Copernicus_DSM_COG_10_S59_00_W028_00_DEM"", ""Copernicus_DSM_COG_10_S60_00_W026_00_DEM"", ""Copernicus_DSM_COG_10_S61_00_W026_00_DEM"", ""Copernicus_DSM_COG_10_S61_00_W027_00_DEM"", ""Copernicus_DSM_COG_10_S61_00_W028_00_DEM""]",37edb02182c9c65f2cd96c6778c0d1e41ddce9f45af28d5e7c78450b069c3bd4,37edb02182c9c65f2cd96c6778c0d1e41ddce9f45af28d5e7c78450b069c3bd4,True,True,0.0
rgi7.0|global|south=-060|west=-0027,p01,3785,1984,"(30.0, 0.0, -29760.0, 0.0, -30.0, 56715.0, 0.0, 0.0, 1.0)","PROJCRS[""unknown"",BASEGEOGCRS[""unknown"",DATUM[""World Geodetic System 1984"",ELLIPSOID[""WGS 84"",6378137,298.257223563,LENGTHUNIT[""metre"",1]],ID[""EPSG"",6326]],PRIMEM[""Greenwich"",0,ANGLEUNIT[""degree"",0.0174532925199433],ID[""EPSG"",8901]]],CONVERSION[""unknown"",METHOD[""Lambert Azimuthal Equal Area"",ID[""EPSG"",9820]],PARAMETER[""Latitude of natural origin"",-59.5,ANGLEUNIT[""degree"",0.0174532925199433],ID[""EPSG"",8801]],PARAMETER[""Longitude of natural origin"",-26.5,ANGLEUNIT[""degree"",0.0174532925199433],ID[""EPSG"",8802]],PARAMETER[""False easting"",0,LENGTHUNIT[""metre"",1],ID[""EPSG"",8806]],PARAMETER[""False northing"",0,LENGTHUNIT[""metre"",1],ID[""EPSG"",8807]]],CS[Cartesian,2],AXIS[""(E)"",east,ORDER[1],LENGTHUNIT[""metre"",1,ID[""EPSG"",9001]]],AXIS[""(N)"",north,ORDER[2],LENGTHUNIT[""metre"",1,ID[""EPSG"",9001]]]]",True,3,"[""Copernicus_DSM_COG_10_S59_00_W026_00_DEM"", ""Copernicus_DSM_COG_10_S59_00_W028_00_DEM"", ""Copernicus_DSM_COG_10_S60_00_W026_00_DEM"", ""Copernicus_DSM_COG_10_S61_00_W026_00_DEM"", ""Copernicus_DSM_COG_10_S61_00_W027_00_DEM"", ""Copernicus_DSM_COG_10_S61_00_W028_00_DEM""]",9f5b0b502ed364622aba8b690f56b6db8707b26de9a3734ea62d8b7fc6332f9c,9f5b0b502ed364622aba8b690f56b6db8707b26de9a3734ea62d8b7fc6332f9c,True,True,0.0
rgi7.0|global|south=-060|west=-0027,p11,3785,1983,"(30.0, 0.0, -29745.0, 0.0, -30.0, 56715.0, 0.0, 0.0, 1.0)","PROJCRS[""unknown"",BASEGEOGCRS[""unknown"",DATUM[""World Geodetic System 1984"",ELLIPSOID[""WGS 84"",6378137,298.257223563,LENGTHUNIT[""metre"",1]],ID[""EPSG"",6326]],PRIMEM[""Greenwich"",0,ANGLEUNIT[""degree"",0.0174532925199433],ID[""EPSG"",8901]]],CONVERSION[""unknown"",METHOD[""Lambert Azimuthal Equal Area"",ID[""EPSG"",9820]],PARAMETER[""Latitude of natural origin"",-59.5,ANGLEUNIT[""degree"",0.0174532925199433],ID[""EPSG"",8801]],PARAMETER[""Longitude of natural origin"",-26.5,ANGLEUNIT[""degree"",0.0174532925199433],ID[""EPSG"",8802]],PARAMETER[""False easting"",0,LENGTHUNIT[""metre"",1],ID[""EPSG"",8806]],PARAMETER[""False northing"",0,LENGTHUNIT[""metre"",1],ID[""EPSG"",8807]]],CS[Cartesian,2],AXIS[""(E)"",east,ORDER[1],LENGTHUNIT[""metre"",1,ID[""EPSG"",9001]]],AXIS[""(N)"",north,ORDER[2],LENGTHUNIT[""metre"",1,ID[""EPSG"",9001]]]]",True,3,"[""Copernicus_DSM_COG_10_S59_00_W026_00_DEM"", ""Copernicus_DSM_COG_10_S59_00_W028_00_DEM"", ""Copernicus_DSM_COG_10_S60_00_W026_00_DEM"", ""Copernicus_DSM_COG_10_S61_00_W026_00_DEM"", ""Copernicus_DSM_COG_10_S61_00_W027_00_DEM"", ""Copernicus_DSM_COG_10_S61_00_W028_00_DEM""]",f72df65dca6e9bfeb002b22c14e7f1ba0c73c05c6eedbee2a421c241a67edbdf,f72df65dca6e9bfeb002b22c14e7f1ba0c73c05c6eedbee2a421c241a67edbdf,True,True,0.0
rgi7.0|global|south=-060|west=-0027,pzi,132,144,"(0.008333333333333333, 0.0, -27.1, 0.0, -0.008333333333333333, -58.9, 0.0, 0.0, 1.0)",EPSG:4326,True,1,[],960bd2556930465319b20f9f9270495a7a4b1c619b75f1d13eae47cb6030941a,960bd2556930465319b20f9f9270495a7a4b1c619b75f1d13eae47cb6030941a,True,True,0.0
rgi7.0|global|south=-055|west=-0037,p00,3783,2256,"(30.0, 0.0, -33810.0, 0.0, -30.0, 56700.0, 0.0, 0.0, 1.0)","PROJCRS[""unknown"",BASEGEOGCRS[""unknown"",DATUM[""World Geodetic System 1984"",ELLIPSOID[""WGS 84"",6378137,298.257223563,LENGTHUNIT[""metre"",1]],ID[""EPSG"",6326]],PRIMEM[""Greenwich"",0,ANGLEUNIT[""degree"",0.0174532925199433],ID[""EPSG"",8901]]],CONVERSION[""unknown"",METHOD[""Lambert Azimuthal Equal Area"",ID[""EPSG"",9820]],PARAMETER[""Latitude of natural origin"",-54.5,ANGLEUNIT[""degree"",0.0174532925199433],ID[""EPSG"",8801]],PARAMETER[""Longitude of natural origin"",-36.5,ANGLEUNIT[""degree"",0.0174532925199433],ID[""EPSG"",8802]],PARAMETER[""False easting"",0,LENGTHUNIT[""metre"",1],ID[""EPSG"",8806]],PARAMETER[""False northing"",0,LENGTHUNIT[""metre"",1],ID[""EPSG"",8807]]],CS[Cartesian,2],AXIS[""(E)"",east,ORDER[1],LENGTHUNIT[""metre"",1,ID[""EPSG"",9001]]],AXIS[""(N)"",north,ORDER[2],LENGTHUNIT[""metre"",1,ID[""EPSG"",9001]]]]",True,4,"[""Copernicus_DSM_COG_10_S54_00_W036_00_DEM"", ""Copernicus_DSM_COG_10_S54_00_W037_00_DEM"", ""Copernicus_DSM_COG_10_S56_00_W036_00_DEM"", ""Copernicus_DSM_COG_10_S56_00_W037_00_DEM"", ""Copernicus_DSM_COG_10_S56_00_W038_00_DEM""]",015203626b9b55b64623daec147dffb6cfbdaf6812d63255e4dd8cead3048855,015203626b9b55b64623daec147dffb6cfbdaf6812d63255e4dd8cead3048855,True,True,0.0
rgi7.0|global|south=-055|west=-0037,p10,3782,2253,"(30.0, 0.0, -33795.0, 0.0, -30.0, 56670.0, 0.0, 0.0, 1.0)","PROJCRS[""unknown"",BASEGEOGCRS[""unknown"",DATUM[""World Geodetic System 1984"",ELLIPSOID[""WGS 84"",6378137,298.257223563,LENGTHUNIT[""metre"",1]],ID[""EPSG"",6326]],PRIMEM[""Greenwich"",0,ANGLEUNIT[""degree"",0.0174532925199433],ID[""EPSG"",8901]]],CONVERSION[""unknown"",METHOD[""Lambert Azimuthal Equal Area"",ID[""EPSG"",9820]],PARAMETER[""Latitude of natural origin"",-54.5,ANGLEUNIT[""degree"",0.0174532925199433],ID[""EPSG"",8801]],PARAMETER[""Longitude of natural origin"",-36.5,ANGLEUNIT[""degree"",0.0174532925199433],ID[""EPSG"",8802]],PARAMETER[""False easting"",0,LENGTHUNIT[""metre"",1],ID[""EPSG"",8806]],PARAMETER[""False northing"",0,LENGTHUNIT[""metre"",1],ID[""EPSG"",8807]]],CS[Cartesian,2],AXIS[""(E)"",east,ORDER[1],LENGTHUNIT[""metre"",1,ID[""EPSG"",9001]]],AXIS[""(N)"",north,ORDER[2],LENGTHUNIT[""metre"",1,ID[""EPSG"",9001]]]]",True,4,"[""Copernicus_DSM_COG_10_S54_00_W036_00_DEM"", ""Copernicus_DSM_COG_10_S54_00_W037_00_DEM"", ""Copernicus_DSM_COG_10_S56_00_W036_00_DEM"", ""Copernicus_DSM_COG_10_S56_00_W037_00_DEM"", ""Copernicus_DSM_COG_10_S56_00_W038_00_DEM""]",cd50ad8210bae327594b26d3df2d4a89a47e98edacacca388471917ef4d0ae93,cd50ad8210bae327594b26d3df2d4a89a47e98edacacca388471917ef4d0ae93,True,True,0.0
rgi7.0|global|south=-055|west=-0037,p01,3781,2254,"(30.0, 0.0, -33810.0, 0.0, -30.0, 56655.0, 0.0, 0.0, 1.0)","PROJCRS[""unknown"",BASEGEOGCRS[""unknown"",DATUM[""World Geodetic System 1984"",ELLIPSOID[""WGS 84"",6378137,298.257223563,LENGTHUNIT[""metre"",1]],ID[""EPSG"",6326]],PRIMEM[""Greenwich"",0,ANGLEUNIT[""degree"",0.0174532925199433],ID[""EPSG"",8901]]],CONVERSION[""unknown"",METHOD[""Lambert Azimuthal Equal Area"",ID[""EPSG"",9820]],PARAMETER[""Latitude of natural origin"",-54.5,ANGLEUNIT[""degree"",0.0174532925199433],ID[""EPSG"",8801]],PARAMETER[""Longitude of natural origin"",-36.5,ANGLEUNIT[""degree"",0.0174532925199433],ID[""EPSG"",8802]],PARAMETER[""False easting"",0,LENGTHUNIT[""metre"",1],ID[""EPSG"",8806]],PARAMETER[""False northing"",0,LENGTHUNIT[""metre"",1],ID[""EPSG"",8807]]],CS[Cartesian,2],AXIS[""(E)"",east,ORDER[1],LENGTHUNIT[""metre"",1,ID[""EPSG"",9001]]],AXIS[""(N)"",north,ORDER[2],LENGTHUNIT[""metre"",1,ID[""EPSG"",9001]]]]",True,4,"[""Copernicus_DSM_COG_10_S54_00_W036_00_DEM"", ""Copernicus_DSM_COG_10_S54_00_W037_00_DEM"", ""Copernicus_DSM_COG_10_S56_00_W036_00_DEM"", ""Copernicus_DSM_COG_10_S56_00_W037_00_DEM"", ""Copernicus_DSM_COG_10_S56_00_W038_00_DEM""]",30266544dc38fb7e4ab2e8d265b5b0086355816702dc6dc7fab75ff6b8e83cd7,30266544dc38fb7e4ab2e8d265b5b0086355816702dc6dc7fab75ff6b8e83cd7,True,True,0.0
rgi7.0|global|south=-055|west=-0037,p11,3781,2253,"(30.0, 0.0, -33795.0, 0.0, -30.0, 56655.0, 0.0, 0.0, 1.0)","PROJCRS[""unknown"",BASEGEOGCRS[""unknown"",DATUM[""World Geodetic System 1984"",ELLIPSOID[""WGS 84"",6378137,298.257223563,LENGTHUNIT[""metre"",1]],ID[""EPSG"",6326]],PRIMEM[""Greenwich"",0,ANGLEUNIT[""degree"",0.0174532925199433],ID[""EPSG"",8901]]],CONVERSION[""unknown"",METHOD[""Lambert Azimuthal Equal Area"",ID[""EPSG"",9820]],PARAMETER[""Latitude of natural origin"",-54.5,ANGLEUNIT[""degree"",0.0174532925199433],ID[""EPSG"",8801]],PARAMETER[""Longitude of natural origin"",-36.5,ANGLEUNIT[""degree"",0.0174532925199433],ID[""EPSG"",8802]],PARAMETER[""False easting"",0,LENGTHUNIT[""metre"",1],ID[""EPSG"",8806]],PARAMETER[""False northing"",0,LENGTHUNIT[""metre"",1],ID[""EPSG"",8807]]],CS[Cartesian,2],AXIS[""(E)"",east,ORDER[1],LENGTHUNIT[""metre"",1,ID[""EPSG"",9001]]],AXIS[""(N)"",north,ORDER[2],LENGTHUNIT[""metre"",1,ID[""EPSG"",9001]]]]",True,4,"[""Copernicus_DSM_COG_10_S54_00_W036_00_DEM"", ""Copernicus_DSM_COG_10_S54_00_W037_00_DEM"", ""Copernicus_DSM_COG_10_S56_00_W036_00_DEM"", ""Copernicus_DSM_COG_10_S56_00_W037_00_DEM"", ""Copernicus_DSM_COG_10_S56_00_W038_00_DEM""]",b9ba0b72031850880b1eb07fa789945f0270eaff28255428509d7110a86aae64,b9ba0b72031850880b1eb07fa789945f0270eaff28255428509d7110a86aae64,True,True,0.0
rgi7.0|global|south=-055|west=-0037,pzi,144,144,"(0.008333333333333333, 0.0, -37.1, 0.0, -0.008333333333333333, -53.9, 0.0, 0.0, 1.0)",EPSG:4326,True,1,[],2613190e0590d16602f08fc26ed6c6460ccb0958c3f5e56684afdb01e671b671,2613190e0590d16602f08fc26ed6c6460ccb0958c3f5e56684afdb01e671b671,True,True,0.0
rgi7.0|global|south=-054|west=-0038,p00,3783,2307,"(30.0, 0.0, -34590.0, 0.0, -30.0, 56700.0, 0.0, 0.0, 1.0)","PROJCRS[""unknown"",BASEGEOGCRS[""unknown"",DATUM[""World Geodetic System 1984"",ELLIPSOID[""WGS 84"",6378137,298.257223563,LENGTHUNIT[""metre"",1]],ID[""EPSG"",6326]],PRIMEM[""Greenwich"",0,ANGLEUNIT[""degree"",0.0174532925199433],ID[""EPSG"",8901]]],CONVERSION[""unknown"",METHOD[""Lambert Azimuthal Equal Area"",ID[""EPSG"",9820]],PARAMETER[""Latitude of natural origin"",-53.5,ANGLEUNIT[""degree"",0.0174532925199433],ID[""EPSG"",8801]],PARAMETER[""Longitude of natural origin"",-37.5,ANGLEUNIT[""degree"",0.0174532925199433],ID[""EPSG"",8802]],PARAMETER[""False easting"",0,LENGTHUNIT[""metre"",1],ID[""EPSG"",8806]],PARAMETER[""False northing"",0,LENGTHUNIT[""metre"",1],ID[""EPSG"",8807]]],CS[Cartesian,2],AXIS[""(E)"",east,ORDER[1],LENGTHUNIT[""metre"",1,ID[""EPSG"",9001]]],AXIS[""(N)"",north,ORDER[2],LENGTHUNIT[""metre"",1,ID[""EPSG"",9001]]]]",True,5,"[""Copernicus_DSM_COG_10_S53_00_W037_00_DEM"", ""Copernicus_DSM_COG_10_S53_00_W038_00_DEM"", ""Copernicus_DSM_COG_10_S53_00_W039_00_DEM"", ""Copernicus_DSM_COG_10_S54_00_W037_00_DEM""]",3c53517f7e7eba130e50e0d19fb830bca51945d09024f72840c3308f4e97604a,3c53517f7e7eba130e50e0d19fb830bca51945d09024f72840c3308f4e97604a,True,True,0.0
rgi7.0|global|south=-054|west=-0038,p10,3782,2305,"(30.0, 0.0, -34575.0, 0.0, -30.0, 56670.0, 0.0, 0.0, 1.0)","PROJCRS[""unknown"",BASEGEOGCRS[""unknown"",DATUM[""World Geodetic System 1984"",ELLIPSOID[""WGS 84"",6378137,298.257223563,LENGTHUNIT[""metre"",1]],ID[""EPSG"",6326]],PRIMEM[""Greenwich"",0,ANGLEUNIT[""degree"",0.0174532925199433],ID[""EPSG"",8901]]],CONVERSION[""unknown"",METHOD[""Lambert Azimuthal Equal Area"",ID[""EPSG"",9820]],PARAMETER[""Latitude of natural origin"",-53.5,ANGLEUNIT[""degree"",0.0174532925199433],ID[""EPSG"",8801]],PARAMETER[""Longitude of natural origin"",-37.5,ANGLEUNIT[""degree"",0.0174532925199433],ID[""EPSG"",8802]],PARAMETER[""False easting"",0,LENGTHUNIT[""metre"",1],ID[""EPSG"",8806]],PARAMETER[""False northing"",0,LENGTHUNIT[""metre"",1],ID[""EPSG"",8807]]],CS[Cartesian,2],AXIS[""(E)"",east,ORDER[1],LENGTHUNIT[""metre"",1,ID[""EPSG"",9001]]],AXIS[""(N)"",north,ORDER[2],LENGTHUNIT[""metre"",1,ID[""EPSG"",9001]]]]",True,5,"[""Copernicus_DSM_COG_10_S53_00_W037_00_DEM"", ""Copernicus_DSM_COG_10_S53_00_W038_00_DEM"", ""Copernicus_DSM_COG_10_S53_00_W039_00_DEM"", ""Copernicus_DSM_COG_10_S54_00_W037_00_DEM""]",8fe79057f2567d7335148961378e9e6e74ad20e3d1abb150fc5e48a2dcbd901d,8fe79057f2567d7335148961378e9e6e74ad20e3d1abb150fc5e48a2dcbd901d,True,True,0.0
rgi7.0|global|south=-054|west=-0038,p01,3781,2306,"(30.0, 0.0, -34590.0, 0.0, -30.0, 56655.0, 0.0, 0.0, 1.0)","PROJCRS[""unknown"",BASEGEOGCRS[""unknown"",DATUM[""World Geodetic System 1984"",ELLIPSOID[""WGS 84"",6378137,298.257223563,LENGTHUNIT[""metre"",1]],ID[""EPSG"",6326]],PRIMEM[""Greenwich"",0,ANGLEUNIT[""degree"",0.0174532925199433],ID[""EPSG"",8901]]],CONVERSION[""unknown"",METHOD[""Lambert Azimuthal Equal Area"",ID[""EPSG"",9820]],PARAMETER[""Latitude of natural origin"",-53.5,ANGLEUNIT[""degree"",0.0174532925199433],ID[""EPSG"",8801]],PARAMETER[""Longitude of natural origin"",-37.5,ANGLEUNIT[""degree"",0.0174532925199433],ID[""EPSG"",8802]],PARAMETER[""False easting"",0,LENGTHUNIT[""metre"",1],ID[""EPSG"",8806]],PARAMETER[""False northing"",0,LENGTHUNIT[""metre"",1],ID[""EPSG"",8807]]],CS[Cartesian,2],AXIS[""(E)"",east,ORDER[1],LENGTHUNIT[""metre"",1,ID[""EPSG"",9001]]],AXIS[""(N)"",north,ORDER[2],LENGTHUNIT[""metre"",1,ID[""EPSG"",9001]]]]",True,5,"[""Copernicus_DSM_COG_10_S53_00_W037_00_DEM"", ""Copernicus_DSM_COG_10_S53_00_W038_00_DEM"", ""Copernicus_DSM_COG_10_S53_00_W039_00_DEM"", ""Copernicus_DSM_COG_10_S54_00_W037_00_DEM""]",a57dc8bd762ee346f284ab1ea6725cd6ba9cc577a6127fa5b5a86c56af5fc11d,a57dc8bd762ee346f284ab1ea6725cd6ba9cc577a6127fa5b5a86c56af5fc11d,True,True,0.0
rgi7.0|global|south=-054|west=-0038,p11,3781,2305,"(30.0, 0.0, -34575.0, 0.0, -30.0, 56655.0, 0.0, 0.0, 1.0)","PROJCRS[""unknown"",BASEGEOGCRS[""unknown"",DATUM[""World Geodetic System 1984"",ELLIPSOID[""WGS 84"",6378137,298.257223563,LENGTHUNIT[""metre"",1]],ID[""EPSG"",6326]],PRIMEM[""Greenwich"",0,ANGLEUNIT[""degree"",0.0174532925199433],ID[""EPSG"",8901]]],CONVERSION[""unknown"",METHOD[""Lambert Azimuthal Equal Area"",ID[""EPSG"",9820]],PARAMETER[""Latitude of natural origin"",-53.5,ANGLEUNIT[""degree"",0.0174532925199433],ID[""EPSG"",8801]],PARAMETER[""Longitude of natural origin"",-37.5,ANGLEUNIT[""degree"",0.0174532925199433],ID[""EPSG"",8802]],PARAMETER[""False easting"",0,LENGTHUNIT[""metre"",1],ID[""EPSG"",8806]],PARAMETER[""False northing"",0,LENGTHUNIT[""metre"",1],ID[""EPSG"",8807]]],CS[Cartesian,2],AXIS[""(E)"",east,ORDER[1],LENGTHUNIT[""metre"",1,ID[""EPSG"",9001]]],AXIS[""(N)"",north,ORDER[2],LENGTHUNIT[""metre"",1,ID[""EPSG"",9001]]]]",True,5,"[""Copernicus_DSM_COG_10_S53_00_W037_00_DEM"", ""Copernicus_DSM_COG_10_S53_00_W038_00_DEM"", ""Copernicus_DSM_COG_10_S53_00_W039_00_DEM"", ""Copernicus_DSM_COG_10_S54_00_W037_00_DEM""]",1831cbff3fe3abf75ee5139fca88c6e836ae377110c7540ea9801f72ec848303,1831cbff3fe3abf75ee5139fca88c6e836ae377110c7540ea9801f72ec848303,True,True,0.0
rgi7.0|global|south=-054|west=-0038,pzi,144,144,"(0.008333333333333333, 0.0, -38.1, 0.0, -0.008333333333333333, -52.9, 0.0, 0.0, 1.0)",EPSG:4326,True,1,[],0ca38eb7fe554f7b602e9a1b2ba333c1de0d99d4bc3f2e53367982345dc62b52,0ca38eb7fe554f7b602e9a1b2ba333c1de0d99d4bc3f2e53367982345dc62b52,True,True,0.0
rgi7.0|global|south=-047|west=+0037,p00,3777,2652,"(30.0, 0.0, -39750.0, 0.0, -30.0, 56580.0, 0.0, 0.0, 1.0)","PROJCRS[""unknown"",BASEGEOGCRS[""unknown"",DATUM[""World Geodetic System 1984"",ELLIPSOID[""WGS 84"",6378137,298.257223563,LENGTHUNIT[""metre"",1]],ID[""EPSG"",6326]],PRIMEM[""Greenwich"",0,ANGLEUNIT[""degree"",0.0174532925199433],ID[""EPSG"",8901]]],CONVERSION[""unknown"",METHOD[""Lambert Azimuthal Equal Area"",ID[""EPSG"",9820]],PARAMETER[""Latitude of natural origin"",-46.5,ANGLEUNIT[""degree"",0.0174532925199433],ID[""EPSG"",8801]],PARAMETER[""Longitude of natural origin"",37.5,ANGLEUNIT[""degree"",0.0174532925199433],ID[""EPSG"",8802]],PARAMETER[""False easting"",0,LENGTHUNIT[""metre"",1],ID[""EPSG"",8806]],PARAMETER[""False northing"",0,LENGTHUNIT[""metre"",1],ID[""EPSG"",8807]]],CS[Cartesian,2],AXIS[""(E)"",east,ORDER[1],LENGTHUNIT[""metre"",1,ID[""EPSG"",9001]]],AXIS[""(N)"",north,ORDER[2],LENGTHUNIT[""metre"",1,ID[""EPSG"",9001]]]]",True,2,"[""Copernicus_DSM_COG_10_S46_00_E036_00_DEM"", ""Copernicus_DSM_COG_10_S46_00_E037_00_DEM"", ""Copernicus_DSM_COG_10_S46_00_E038_00_DEM"", ""Copernicus_DSM_COG_10_S47_00_E036_00_DEM"", ""Copernicus_DSM_COG_10_S48_00_E036_00_DEM"", ""Copernicus_DSM_COG_10_S48_00_E037_00_DEM"", ""Copernicus_DSM_COG_10_S48_00_E038_00_DEM""]",ff58efaaa5468a0a2a6650afca124b212b58ca0b2ecc97328f0473fbce1b0b78,ff58efaaa5468a0a2a6650afca124b212b58ca0b2ecc97328f0473fbce1b0b78,True,True,0.0
rgi7.0|global|south=-047|west=+0037,p10,3777,2649,"(30.0, 0.0, -39735.0, 0.0, -30.0, 56580.0, 0.0, 0.0, 1.0)","PROJCRS[""unknown"",BASEGEOGCRS[""unknown"",DATUM[""World Geodetic System 1984"",ELLIPSOID[""WGS 84"",6378137,298.257223563,LENGTHUNIT[""metre"",1]],ID[""EPSG"",6326]],PRIMEM[""Greenwich"",0,ANGLEUNIT[""degree"",0.0174532925199433],ID[""EPSG"",8901]]],CONVERSION[""unknown"",METHOD[""Lambert Azimuthal Equal Area"",ID[""EPSG"",9820]],PARAMETER[""Latitude of natural origin"",-46.5,ANGLEUNIT[""degree"",0.0174532925199433],ID[""EPSG"",8801]],PARAMETER[""Longitude of natural origin"",37.5,ANGLEUNIT[""degree"",0.0174532925199433],ID[""EPSG"",8802]],PARAMETER[""False easting"",0,LENGTHUNIT[""metre"",1],ID[""EPSG"",8806]],PARAMETER[""False northing"",0,LENGTHUNIT[""metre"",1],ID[""EPSG"",8807]]],CS[Cartesian,2],AXIS[""(E)"",east,ORDER[1],LENGTHUNIT[""metre"",1,ID[""EPSG"",9001]]],AXIS[""(N)"",north,ORDER[2],LENGTHUNIT[""metre"",1,ID[""EPSG"",9001]]]]",True,2,"[""Copernicus_DSM_COG_10_S46_00_E036_00_DEM"", ""Copernicus_DSM_COG_10_S46_00_E037_00_DEM"", ""Copernicus_DSM_COG_10_S46_00_E038_00_DEM"", ""Copernicus_DSM_COG_10_S47_00_E036_00_DEM"", ""Copernicus_DSM_COG_10_S48_00_E036_00_DEM"", ""Copernicus_DSM_COG_10_S48_00_E037_00_DEM"", ""Copernicus_DSM_COG_10_S48_00_E038_00_DEM""]",2c4134cfd647cf9babe1e6275bad186097908c70b6405d7cf5a9b0b46e407814,2c4134cfd647cf9babe1e6275bad186097908c70b6405d7cf5a9b0b46e407814,True,True,0.0
rgi7.0|global|south=-047|west=+0037,p01,3777,2650,"(30.0, 0.0, -39750.0, 0.0, -30.0, 56595.0, 0.0, 0.0, 1.0)","PROJCRS[""unknown"",BASEGEOGCRS[""unknown"",DATUM[""World Geodetic System 1984"",ELLIPSOID[""WGS 84"",6378137,298.257223563,LENGTHUNIT[""metre"",1]],ID[""EPSG"",6326]],PRIMEM[""Greenwich"",0,ANGLEUNIT[""degree"",0.0174532925199433],ID[""EPSG"",8901]]],CONVERSION[""unknown"",METHOD[""Lambert Azimuthal Equal Area"",ID[""EPSG"",9820]],PARAMETER[""Latitude of natural origin"",-46.5,ANGLEUNIT[""degree"",0.0174532925199433],ID[""EPSG"",8801]],PARAMETER[""Longitude of natural origin"",37.5,ANGLEUNIT[""degree"",0.0174532925199433],ID[""EPSG"",8802]],PARAMETER[""False easting"",0,LENGTHUNIT[""metre"",1],ID[""EPSG"",8806]],PARAMETER[""False northing"",0,LENGTHUNIT[""metre"",1],ID[""EPSG"",8807]]],CS[Cartesian,2],AXIS[""(E)"",east,ORDER[1],LENGTHUNIT[""metre"",1,ID[""EPSG"",9001]]],AXIS[""(N)"",north,ORDER[2],LENGTHUNIT[""metre"",1,ID[""EPSG"",9001]]]]",True,2,"[""Copernicus_DSM_COG_10_S46_00_E036_00_DEM"", ""Copernicus_DSM_COG_10_S46_00_E037_00_DEM"", ""Copernicus_DSM_COG_10_S46_00_E038_00_DEM"", ""Copernicus_DSM_COG_10_S47_00_E036_00_DEM"", ""Copernicus_DSM_COG_10_S48_00_E036_00_DEM"", ""Copernicus_DSM_COG_10_S48_00_E037_00_DEM"", ""Copernicus_DSM_COG_10_S48_00_E038_00_DEM""]",31ffcdbd46e487cc520aa6d9f22bc5a7d94b5e0dca1b6fe5ef2b135e60122f57,31ffcdbd46e487cc520aa6d9f22bc5a7d94b5e0dca1b6fe5ef2b135e60122f57,True,True,0.0
rgi7.0|global|south=-047|west=+0037,p11,3777,2649,"(30.0, 0.0, -39735.0, 0.0, -30.0, 56595.0, 0.0, 0.0, 1.0)","PROJCRS[""unknown"",BASEGEOGCRS[""unknown"",DATUM[""World Geodetic System 1984"",ELLIPSOID[""WGS 84"",6378137,298.257223563,LENGTHUNIT[""metre"",1]],ID[""EPSG"",6326]],PRIMEM[""Greenwich"",0,ANGLEUNIT[""degree"",0.0174532925199433],ID[""EPSG"",8901]]],CONVERSION[""unknown"",METHOD[""Lambert Azimuthal Equal Area"",ID[""EPSG"",9820]],PARAMETER[""Latitude of natural origin"",-46.5,ANGLEUNIT[""degree"",0.0174532925199433],ID[""EPSG"",8801]],PARAMETER[""Longitude of natural origin"",37.5,ANGLEUNIT[""degree"",0.0174532925199433],ID[""EPSG"",8802]],PARAMETER[""False easting"",0,LENGTHUNIT[""metre"",1],ID[""EPSG"",8806]],PARAMETER[""False northing"",0,LENGTHUNIT[""metre"",1],ID[""EPSG"",8807]]],CS[Cartesian,2],AXIS[""(E)"",east,ORDER[1],LENGTHUNIT[""metre"",1,ID[""EPSG"",9001]]],AXIS[""(N)"",north,ORDER[2],LENGTHUNIT[""metre"",1,ID[""EPSG"",9001]]]]",True,2,"[""Copernicus_DSM_COG_10_S46_00_E036_00_DEM"", ""Copernicus_DSM_COG_10_S46_00_E037_00_DEM"", ""Copernicus_DSM_COG_10_S46_00_E038_00_DEM"", ""Copernicus_DSM_COG_10_S47_00_E036_00_DEM"", ""Copernicus_DSM_COG_10_S48_00_E036_00_DEM"", ""Copernicus_DSM_COG_10_S48_00_E037_00_DEM"", ""Copernicus_DSM_COG_10_S48_00_E038_00_DEM""]",817c23bee97703e73cab554219f7e75035f0405a58ae3e24cf887a6eca891483,817c23bee97703e73cab554219f7e75035f0405a58ae3e24cf887a6eca891483,True,True,0.0
rgi7.0|global|south=-047|west=+0037,pzi,144,144,"(0.008333333333333333, 0.0, 36.9, 0.0, -0.008333333333333333, -45.9, 0.0, 0.0, 1.0)",EPSG:4326,True,1,[],1956a94f905894072270c3210648a40d62293176cf36c61bf88413aa63c07946,1956a94f905894072270c3210648a40d62293176cf36c61bf88413aa63c07946,True,True,0.0
