{"type":"FeatureCollection","features":[{"type":"Feature","properties":{"rgi_id":"RGI2000-v7.0-G-13-41383","o1region":"13"},"geometry":{"type":"Polygon","coordinates":[[[88.09931,43.754373,0.0],[88.100456,43.753296,0.0],[88.100501,43.753002,0.0],[88.100546,43.752671,0.0],[88.100642,43.752376,0.0],[88.100237,43.75238,0.0],[88.099832,43.75242,0.0],[88.09948,43.752571,0.0],[88.099333,43.752829,0.0],[88.099389,43.753123,0.0],[88.099394,43.753417,0.0],[88.099399,43.75371,0.0],[88.099354,43.754005,0.0],[88.099309,43.754336,0.0],[88.09931,43.754373,0.0]]]}},{"type":"Feature","properties":{"rgi_id":"RGI2000-v7.0-G-13-41384","o1region":"13"},"geometry":{"type":"Polygon","coordinates":[[[88.11173,43.751754,0.0],[88.111422,43.751537,0.0],[88.111421,43.751505,0.0],[88.111067,43.75154,0.0],[88.11076,43.751359,0.0],[88.110704,43.751066,0.0],[88.110698,43.750772,0.0],[88.110642,43.750479,0.0],[88.110434,43.750187,0.0],[88.110277,43.749931,0.0],[88.11002,43.749713,0.0],[88.109612,43.749607,0.0],[88.109155,43.749538,0.0],[88.108698,43.749469,0.0],[88.10839,43.749288,0.0],[88.108234,43.749033,0.0],[88.108228,43.748739,0.0],[88.107535,43.746909,0.0],[88.107537,43.746982,0.0],[88.107339,43.747241,0.0],[88.107192,43.7475,0.0],[88.106994,43.747759,0.0],[88.106744,43.747982,0.0],[88.106546,43.748241,0.0],[88.106399,43.748499,0.0],[88.106252,43.748758,0.0],[88.106105,43.749017,0.0],[88.105957,43.749275,0.0],[88.105861,43.74957,0.0],[88.105715,43.749865,0.0],[88.10572,43.750159,0.0],[88.105726,43.750453,0.0],[88.105833,43.750783,0.0],[88.106042,43.751111,0.0],[88.106149,43.751404,0.0],[88.106305,43.75166,0.0],[88.106513,43.751915,0.0],[88.106721,43.752207,0.0],[88.106928,43.752462,0.0],[88.107186,43.752717,0.0],[88.107495,43.752934,0.0],[88.107853,43.753151,0.0],[88.108111,43.753369,0.0],[88.108469,43.753549,0.0],[88.108776,43.75373,0.0],[88.109084,43.753911,0.0],[88.109441,43.754054,0.0],[88.109799,43.754198,0.0],[88.110155,43.754304,0.0],[88.110562,43.754374,0.0],[88.110968,43.754407,0.0],[88.111374,43.754403,0.0],[88.11188,43.754398,0.0],[88.112337,43.754393,0.0],[88.112793,43.754426,0.0],[88.113249,43.754421,0.0],[88.113756,43.754416,0.0],[88.114162,43.754412,0.0],[88.114667,43.754334,0.0],[88.114509,43.754005,0.0],[88.114101,43.753862,0.0],[88.113793,43.753681,0.0],[88.113636,43.753426,0.0],[88.11353,43.753133,0.0],[88.113473,43.752839,0.0],[88.113468,43.752545,0.0],[88.113417,43.752509,0.0],[88.113269,43.752385,0.0],[88.113264,43.752123,0.0],[88.113458,43.751833,0.0],[88.113719,43.751638,0.0],[88.113913,43.751396,0.0],[88.11404,43.751107,0.0],[88.114167,43.750818,0.0],[88.114228,43.750529,0.0],[88.114223,43.750241,0.0],[88.114284,43.749952,0.0],[88.114411,43.749663,0.0],[88.114406,43.749375,0.0],[88.1144,43.749087,0.0],[88.114132,43.748898,0.0],[88.113668,43.748902,0.0],[88.113408,43.749145,0.0],[88.113281,43.749434,0.0],[88.113154,43.749723,0.0],[88.113093,43.750012,0.0],[88.112966,43.750301,0.0],[88.112839,43.750591,0.0],[88.11251,43.750738,0.0],[88.112115,43.750838,0.0],[88.111854,43.751032,0.0],[88.111794,43.751369,0.0],[88.1118,43.751705,0.0],[88.111786,43.751771,0.0],[88.11173,43.751754,0.0]]]}},{"type":"Feature","properties":{"rgi_id":"RGI2000-v7.0-G-13-41385","o1region":"13"},"geometry":{"type":"Polygon","coordinates":[[[88.120706,43.752034,0.0],[88.120756,43.751997,0.0],[88.120954,43.751738,0.0],[88.121254,43.751514,0.0],[88.121502,43.751218,0.0],[88.121547,43.750923,0.0],[88.121542,43.75063,0.0],[88.121485,43.7503,0.0],[88.121479,43.750006,0.0],[88.121122,43.749899,0.0],[88.120718,43.749976,0.0],[88.120366,43.75009,0.0],[88.119963,43.750204,0.0],[88.119867,43.750499,0.0],[88.119822,43.75083,0.0],[88.119828,43.751124,0.0],[88.119834,43.751455,0.0],[88.119991,43.751747,0.0],[88.120706,43.752034,0.0]]]}},{"type":"Feature","properties":{"rgi_id":"RGI2000-v7.0-G-13-41386","o1region":"13"},"geometry":{"type":"Polygon","coordinates":[[[88.127815,43.754352,0.0],[88.127814,43.754279,0.0],[88.127556,43.754061,0.0],[88.12715,43.754028,0.0],[88.126901,43.754288,0.0],[88.126806,43.754582,0.0],[88.12676,43.754877,0.0],[88.126665,43.755172,0.0],[88.126517,43.75543,0.0],[88.126319,43.755689,0.0],[88.126019,43.755876,0.0],[88.125872,43.756135,0.0],[88.125776,43.756429,0.0],[88.126133,43.756536,0.0],[88.126539,43.756569,0.0],[88.12689,43.756382,0.0],[88.126986,43.756087,0.0],[88.127031,43.755793,0.0],[88.127076,43.755498,0.0],[88.127274,43.755239,0.0],[88.127815,43.754352,0.0]]]}},{"type":"Feature","properties":{"rgi_id":"RGI2000-v7.0-G-13-41387","o1region":"13"},"geometry":{"type":"Polygon","coordinates":[[[88.132903,43.756621,0.0],[88.132981,43.756836,0.0],[88.133138,43.757091,0.0],[88.133295,43.757384,0.0],[88.133352,43.757677,0.0],[88.13351,43.758006,0.0],[88.133566,43.7583,0.0],[88.133572,43.758593,0.0],[88.133578,43.758924,0.0],[88.133534,43.759255,0.0],[88.133488,43.75955,0.0],[88.133393,43.759844,0.0],[88.133347,43.760139,0.0],[88.133302,43.760433,0.0],[88.133308,43.760727,0.0],[88.133313,43.761021,0.0],[88.13332,43.761351,0.0],[88.133577,43.761569,0.0],[88.134034,43.761601,0.0],[88.134386,43.761451,0.0],[88.134533,43.761192,0.0],[88.13468,43.760934,0.0],[88.134828,43.760675,0.0],[88.134975,43.760417,0.0],[88.13515,43.760308,0.0],[88.135149,43.760241,0.0],[88.135049,43.759967,0.0],[88.134854,43.759694,0.0],[88.134659,43.759421,0.0],[88.134559,43.759146,0.0],[88.134364,43.758873,0.0],[88.134359,43.758598,0.0],[88.134069,43.758326,0.0],[88.133969,43.758052,0.0],[88.133774,43.757778,0.0],[88.133577,43.757436,0.0],[88.133382,43.757163,0.0],[88.133186,43.756821,0.0],[88.132903,43.756621,0.0]]]}},{"type":"Feature","properties":{"rgi_id":"RGI2000-v7.0-G-13-41388","o1region":"13"},"geometry":{"type":"Polygon","coordinates":[[[88.132903,43.756621,0.0],[88.133186,43.756821,0.0],[88.133382,43.757163,0.0],[88.133577,43.757436,0.0],[88.133774,43.757778,0.0],[88.133969,43.758052,0.0],[88.134069,43.758326,0.0],[88.134359,43.758598,0.0],[88.134364,43.758873,0.0],[88.134559,43.759146,0.0],[88.134659,43.759421,0.0],[88.134854,43.759694,0.0],[88.135049,43.759967,0.0],[88.135149,43.760241,0.0],[88.13515,43.760308,0.0],[88.135275,43.76023,0.0],[88.135633,43.760373,0.0],[88.135689,43.760667,0.0],[88.135745,43.76096,0.0],[88.135751,43.761254,0.0],[88.135757,43.761584,0.0],[88.135864,43.761877,0.0],[88.135971,43.76217,0.0],[88.136128,43.762426,0.0],[88.136534,43.762458,0.0],[88.136992,43.762564,0.0],[88.137349,43.762671,0.0],[88.137707,43.762814,0.0],[88.138114,43.76292,0.0],[88.13852,43.762953,0.0],[88.138872,43.762802,0.0],[88.139122,43.76258,0.0],[88.139269,43.762321,0.0],[88.139416,43.762062,0.0],[88.139613,43.761766,0.0],[88.13981,43.761471,0.0],[88.139906,43.761176,0.0],[88.140052,43.760844,0.0],[88.140147,43.760512,0.0],[88.140294,43.760253,0.0],[88.140492,43.759994,0.0],[88.140639,43.759736,0.0],[88.140837,43.759476,0.0],[88.140933,43.759182,0.0],[88.140775,43.758889,0.0],[88.140518,43.758671,0.0],[88.14021,43.758491,0.0],[88.139802,43.758385,0.0],[88.139446,43.758278,0.0],[88.138938,43.758246,0.0],[88.138481,43.758214,0.0],[88.138025,43.758182,0.0],[88.137618,43.758112,0.0],[88.137212,43.758116,0.0],[88.136807,43.75812,0.0],[88.136401,43.758125,0.0],[88.135997,43.758202,0.0],[88.135592,43.758206,0.0],[88.135234,43.758063,0.0],[88.134976,43.757808,0.0],[88.134869,43.757515,0.0],[88.134813,43.757222,0.0],[88.134807,43.756928,0.0],[88.134931,43.75542,0.0],[88.13488,43.755421,0.0],[88.134424,43.755425,0.0],[88.134019,43.755429,0.0],[88.133613,43.755434,0.0],[88.133209,43.755474,0.0],[88.132908,43.755661,0.0],[88.132914,43.755955,0.0],[88.132919,43.756249,0.0],[88.132874,43.756543,0.0],[88.132903,43.756621,0.0]]]}},{"type":"Feature","properties":{"rgi_id":"RGI2000-v7.0-G-13-41389","o1region":"13"},"geometry":{"type":"Polygon","coordinates":[[[88.145462,43.764205,0.0],[88.145753,43.764024,0.0],[88.145958,43.763821,0.0],[88.146182,43.763598,0.0],[88.146444,43.763375,0.0],[88.146705,43.763152,0.0],[88.146747,43.763115,0.0],[88.146906,43.762876,0.0],[88.147132,43.762635,0.0],[88.147326,43.76255,0.0],[88.14738,43.762399,0.0],[88.14741,43.762222,0.0],[88.147636,43.762095,0.0],[88.147706,43.761819,0.0],[88.147739,43.761543,0.0],[88.147772,43.761267,0.0],[88.147767,43.760992,0.0],[88.14761,43.760745,0.0],[88.147339,43.7605,0.0],[88.146877,43.760202,0.0],[88.14657,43.76004,0.0],[88.146189,43.759988,0.0],[88.14577,43.759937,0.0],[88.14539,43.759969,0.0],[88.14505,43.760082,0.0],[88.144711,43.760223,0.0],[88.144333,43.760365,0.0],[88.144224,43.760642,0.0],[88.144299,43.760759,0.0],[88.144062,43.760862,0.0],[88.144079,43.761001,0.0],[88.144123,43.761304,0.0],[88.144205,43.761606,0.0],[88.14421,43.761882,0.0],[88.144216,43.762185,0.0],[88.144222,43.762488,0.0],[88.144227,43.762763,0.0],[88.144233,43.763066,0.0],[88.144238,43.763342,0.0],[88.144244,43.763645,0.0],[88.144325,43.76392,0.0],[88.144407,43.764222,0.0],[88.14451,43.764482,0.0],[88.144658,43.76447,0.0],[88.14507,43.764352,0.0],[88.145462,43.764205,0.0]]]}},{"type":"Feature","properties":{"rgi_id":"RGI2000-v7.0-G-13-41390","o1region":"13"},"geometry":{"type":"Polygon","coordinates":[[[88.158855,43.762459,0.0],[88.158921,43.762411,0.0],[88.159202,43.762201,0.0],[88.159482,43.761992,0.0],[88.159859,43.761851,0.0],[88.160044,43.761574,0.0],[88.160323,43.761296,0.0],[88.160698,43.761017,0.0],[88.161073,43.760806,0.0],[88.161354,43.760597,0.0],[88.16173,43.760387,0.0],[88.162106,43.760246,0.0],[88.162387,43.760036,0.0],[88.162668,43.759827,0.0],[88.162949,43.759618,0.0],[88.163229,43.759409,0.0],[88.16351,43.759199,0.0],[88.163791,43.75899,0.0],[88.164071,43.758781,0.0],[88.164165,43.758711,0.0],[88.164164,43.758677,0.0],[88.164158,43.758367,0.0],[88.164152,43.758058,0.0],[88.163655,43.758114,0.0],[88.163374,43.758324,0.0],[88.163246,43.758419,0.0],[88.163094,43.758533,0.0],[88.162741,43.758691,0.0],[88.162383,43.758592,0.0],[88.162381,43.758475,0.0],[88.162377,43.758282,0.0],[88.162018,43.758131,0.0],[88.161591,43.758135,0.0],[88.161238,43.758294,0.0],[88.161224,43.758321,0.0],[88.160945,43.758324,0.0],[88.160527,43.758328,0.0],[88.160198,43.758353,0.0],[88.160171,43.758305,0.0],[88.159952,43.758049,0.0],[88.159525,43.758053,0.0],[88.159171,43.75816,0.0],[88.15889,43.758369,0.0],[88.158953,43.75862,0.0],[88.158865,43.758868,0.0],[88.159174,43.759113,0.0],[88.159407,43.759359,0.0],[88.15945,43.759634,0.0],[88.15911,43.759748,0.0],[88.15873,43.759752,0.0],[88.158234,43.759646,0.0],[88.157889,43.75954,0.0],[88.157545,43.759405,0.0],[88.157164,43.759354,0.0],[88.156782,43.759303,0.0],[88.156402,43.759307,0.0],[88.156023,43.759338,0.0],[88.156028,43.759614,0.0],[88.156147,43.759888,0.0],[88.156267,43.760162,0.0],[88.156234,43.760438,0.0],[88.155972,43.760634,0.0],[88.155593,43.76072,0.0],[88.155213,43.760724,0.0],[88.154906,43.760562,0.0],[88.15456,43.7604,0.0],[88.154253,43.760238,0.0],[88.153946,43.760075,0.0],[88.153602,43.759969,0.0],[88.15322,43.759862,0.0],[88.152839,43.759866,0.0],[88.152616,43.760116,0.0],[88.152546,43.76042,0.0],[88.152513,43.760696,0.0],[88.152404,43.760973,0.0],[88.152372,43.761249,0.0],[88.152339,43.761525,0.0],[88.152394,43.761555,0.0],[88.152344,43.761772,0.0],[88.152235,43.762049,0.0],[88.152202,43.762325,0.0],[88.152132,43.762601,0.0],[88.152137,43.762877,0.0],[88.152143,43.76318,0.0],[88.152149,43.763483,0.0],[88.152154,43.763758,0.0],[88.152121,43.764034,0.0],[88.152126,43.76431,0.0],[88.152132,43.764613,0.0],[88.152402,43.764803,0.0],[88.15271,43.764993,0.0],[88.153168,43.765098,0.0],[88.153546,43.764984,0.0],[88.153886,43.764871,0.0],[88.154187,43.764702,0.0],[88.154488,43.764534,0.0],[88.154789,43.764365,0.0],[88.155127,43.764169,0.0],[88.155466,43.764,0.0],[88.155805,43.763832,0.0],[88.155893,43.763766,0.0],[88.156297,43.763689,0.0],[88.156432,43.763668,0.0],[88.156561,43.763604,0.0],[88.156823,43.76338,0.0],[88.157047,43.763158,0.0],[88.157386,43.762989,0.0],[88.157726,43.762875,0.0],[88.158026,43.762652,0.0],[88.15834,43.762591,0.0],[88.158543,43.7625,0.0],[88.158855,43.762459,0.0]]]}},{"type":"Feature","properties":{"rgi_id":"RGI2000-v7.0-G-13-41391","o1region":"13"},"geometry":{"type":"Polygon","coordinates":[[[88.158855,43.762459,0.0],[88.158969,43.762444,0.0],[88.158975,43.762754,0.0],[88.158838,43.763013,0.0],[88.1587,43.763273,0.0],[88.158492,43.763533,0.0],[88.158283,43.763793,0.0],[88.15793,43.763951,0.0],[88.157741,43.764127,0.0],[88.157725,43.764283,0.0],[88.158096,43.76436,0.0],[88.158477,43.764356,0.0],[88.158855,43.764269,0.0],[88.159194,43.7641,0.0],[88.159533,43.763959,0.0],[88.159912,43.763873,0.0],[88.160213,43.763704,0.0],[88.160514,43.763536,0.0],[88.160891,43.763394,0.0],[88.161306,43.763225,0.0],[88.161722,43.763083,0.0],[88.162062,43.762969,0.0],[88.162401,43.762828,0.0],[88.162463,43.762797,0.0],[88.162604,43.762666,0.0],[88.162885,43.762456,0.0],[88.163166,43.762247,0.0],[88.163518,43.762037,0.0],[88.163784,43.761918,0.0],[88.163865,43.761849,0.0],[88.164166,43.76168,0.0],[88.164239,43.761644,0.0],[88.164315,43.761541,0.0],[88.1645,43.761263,0.0],[88.164646,43.760986,0.0],[88.164679,43.760711,0.0],[88.164698,43.76055,0.0],[88.164712,43.760435,0.0],[88.164744,43.760159,0.0],[88.164777,43.759883,0.0],[88.16481,43.759607,0.0],[88.164919,43.75933,0.0],[88.164989,43.759054,0.0],[88.16506,43.758778,0.0],[88.165022,43.758778,0.0],[88.164641,43.758755,0.0],[88.164262,43.758814,0.0],[88.164166,43.758746,0.0],[88.164165,43.758711,0.0],[88.164071,43.758781,0.0],[88.163791,43.75899,0.0],[88.16351,43.759199,0.0],[88.163229,43.759409,0.0],[88.162949,43.759618,0.0],[88.162668,43.759827,0.0],[88.162387,43.760036,0.0],[88.162106,43.760246,0.0],[88.16173,43.760387,0.0],[88.161354,43.760597,0.0],[88.161073,43.760806,0.0],[88.160698,43.761017,0.0],[88.160323,43.761296,0.0],[88.160044,43.761574,0.0],[88.159859,43.761851,0.0],[88.159482,43.761992,0.0],[88.159202,43.762201,0.0],[88.158921,43.762411,0.0],[88.158855,43.762459,0.0]]]}},{"type":"Feature","properties":{"rgi_id":"RGI2000-v7.0-G-13-41392","o1region":"13"},"geometry":{"type":"Polygon","coordinates":[[[88.164239,43.761644,0.0],[88.164505,43.761511,0.0],[88.164468,43.761594,0.0],[88.164321,43.761844,0.0],[88.164174,43.762093,0.0],[88.164026,43.762343,0.0],[88.163918,43.76262,0.0],[88.163771,43.762897,0.0],[88.163624,43.763146,0.0],[88.163516,43.76345,0.0],[88.163407,43.763727,0.0],[88.163412,43.764002,0.0],[88.163418,43.764278,0.0],[88.163424,43.764581,0.0],[88.163429,43.764856,0.0],[88.163472,43.765132,0.0],[88.163516,43.765434,0.0],[88.163636,43.765709,0.0],[88.163868,43.765954,0.0],[88.164064,43.766228,0.0],[88.164334,43.766445,0.0],[88.16468,43.766607,0.0],[88.165024,43.766714,0.0],[88.165404,43.766738,0.0],[88.165823,43.766733,0.0],[88.166202,43.766702,0.0],[88.16662,43.76667,0.0],[88.167036,43.766583,0.0],[88.167376,43.766469,0.0],[88.167793,43.766383,0.0],[88.168094,43.766214,0.0],[88.168317,43.765964,0.0],[88.168426,43.765687,0.0],[88.168382,43.765412,0.0],[88.168339,43.765137,0.0],[88.16822,43.764863,0.0],[88.167987,43.764645,0.0],[88.167679,43.764455,0.0],[88.16741,43.764265,0.0],[88.167128,43.764067,0.0],[88.167164,43.764064,0.0],[88.167245,43.764039,0.0],[88.167175,43.763958,0.0],[88.166968,43.763715,0.0],[88.166895,43.763422,0.0],[88.166687,43.763179,0.0],[88.166546,43.762887,0.0],[88.166338,43.762595,0.0],[88.16613,43.762352,0.0],[88.16599,43.76206,0.0],[88.165781,43.761768,0.0],[88.165572,43.761427,0.0],[88.165431,43.761135,0.0],[88.165156,43.760892,0.0],[88.164813,43.760651,0.0],[88.164698,43.76055,0.0],[88.164679,43.760711,0.0],[88.164646,43.760986,0.0],[88.1645,43.761263,0.0],[88.164315,43.761541,0.0],[88.164239,43.761644,0.0]]]}},{"type":"Feature","properties":{"rgi_id":"RGI2000-v7.0-G-13-41393","o1region":"13"},"geometry":{"type":"Polygon","coordinates":[[[88.164698,43.76055,0.0],[88.164813,43.760651,0.0],[88.165156,43.760892,0.0],[88.165431,43.761135,0.0],[88.165572,43.761427,0.0],[88.165781,43.761768,0.0],[88.16599,43.76206,0.0],[88.16613,43.762352,0.0],[88.166338,43.762595,0.0],[88.166546,43.762887,0.0],[88.166687,43.763179,0.0],[88.166895,43.763422,0.0],[88.166968,43.763715,0.0],[88.167175,43.763958,0.0],[88.167245,43.764039,0.0],[88.167573,43.763941,0.0],[88.168024,43.763936,0.0],[88.168476,43.763931,0.0],[88.168929,43.763957,0.0],[88.169381,43.763952,0.0],[88.169832,43.763947,0.0],[88.170284,43.763913,0.0],[88.170692,43.76379,0.0],[88.170892,43.76349,0.0],[88.170927,43.763162,0.0],[88.170879,43.762835,0.0],[88.170818,43.76261,0.0],[88.17076,43.762577,0.0],[88.170528,43.762359,0.0],[88.170333,43.762113,0.0],[88.170176,43.761867,0.0],[88.169981,43.761621,0.0],[88.169748,43.761348,0.0],[88.169514,43.761074,0.0],[88.169282,43.760856,0.0],[88.169011,43.760584,0.0],[88.168778,43.760366,0.0],[88.168736,43.760291,0.0],[88.168029,43.759946,0.0],[88.167696,43.759711,0.0],[88.167281,43.759536,0.0],[88.166828,43.759452,0.0],[88.166626,43.759414,0.0],[88.166552,43.759286,0.0],[88.166396,43.75904,0.0],[88.166201,43.758794,0.0],[88.16582,43.75877,0.0],[88.165402,43.758774,0.0],[88.16506,43.758778,0.0],[88.164989,43.759054,0.0],[88.164919,43.75933,0.0],[88.16481,43.759607,0.0],[88.164777,43.759883,0.0],[88.164744,43.760159,0.0],[88.164712,43.760435,0.0],[88.164698,43.76055,0.0]]]}},{"type":"Feature","properties":{"rgi_id":"RGI2000-v7.0-G-13-41394","o1region":"13"},"geometry":{"type":"Polygon","coordinates":[[[88.16901,43.758937,0.0],[88.169009,43.758885,0.0],[88.168791,43.758629,0.0],[88.168572,43.758374,0.0],[88.168283,43.75817,0.0],[88.167994,43.757915,0.0],[88.167567,43.75792,0.0],[88.167142,43.758027,0.0],[88.167076,43.758337,0.0],[88.166939,43.758597,0.0],[88.167086,43.758853,0.0],[88.167445,43.759004,0.0],[88.167945,43.759051,0.0],[88.168372,43.759047,0.0],[88.16901,43.758937,0.0]]]}},{"type":"Feature","properties":{"rgi_id":"RGI2000-v7.0-G-13-41395","o1region":"13"},"geometry":{"type":"Polygon","coordinates":[[[88.167274,43.757197,0.0],[88.167341,43.757196,0.0],[88.167336,43.756902,0.0],[88.167397,43.756559,0.0],[88.167391,43.756265,0.0],[88.167453,43.75597,0.0],[88.167582,43.755675,0.0],[88.167576,43.755381,0.0],[88.167236,43.755238,0.0],[88.166901,43.755388,0.0],[88.166703,43.755635,0.0],[88.166505,43.755882,0.0],[88.166307,43.756129,0.0],[88.166109,43.756376,0.0],[88.166047,43.756671,0.0],[88.166053,43.756964,0.0],[88.16626,43.757207,0.0],[88.167274,43.757197,0.0]]]}},{"type":"Feature","properties":{"rgi_id":"RGI2000-v7.0-G-13-41396","o1region":"13"},"geometry":{"type":"Polygon","coordinates":[[[88.182567,43.76606,0.0],[88.181549,43.765887,0.0],[88.181145,43.765965,0.0],[88.180845,43.766152,0.0],[88.180749,43.766447,0.0],[88.180755,43.76674,0.0],[88.180761,43.767034,0.0],[88.180767,43.767328,0.0],[88.180772,43.767622,0.0],[88.180727,43.767916,0.0],[88.18058,43.768175,0.0],[88.180436,43.768544,0.0],[88.180543,43.768837,0.0],[88.1809,43.76898,0.0],[88.181356,43.768939,0.0],[88.181709,43.768825,0.0],[88.182061,43.768711,0.0],[88.182362,43.768524,0.0],[88.182662,43.768337,0.0],[88.183065,43.768186,0.0],[88.183314,43.767963,0.0],[88.183409,43.767668,0.0],[88.183404,43.767374,0.0],[88.183398,43.76708,0.0],[88.183341,43.766787,0.0],[88.183184,43.766495,0.0],[88.182876,43.766314,0.0],[88.182567,43.766097,0.0],[88.182567,43.76606,0.0]]]}},{"type":"Feature","properties":{"rgi_id":"RGI2000-v7.0-G-13-41397","o1region":"13"},"geometry":{"type":"Polygon","coordinates":[[[88.188321,43.764788,0.0],[88.18827,43.764789,0.0],[88.187865,43.76483,0.0],[88.187461,43.764871,0.0],[88.187055,43.764875,0.0],[88.186649,43.764842,0.0],[88.186194,43.764921,0.0],[88.185894,43.765107,0.0],[88.18549,43.765222,0.0],[88.185293,43.765481,0.0],[88.1854,43.765774,0.0],[88.185557,43.766029,0.0],[88.185563,43.766323,0.0],[88.185569,43.766617,0.0],[88.185473,43.766912,0.0],[88.185378,43.767207,0.0],[88.185383,43.767501,0.0],[88.18579,43.76757,0.0],[88.186194,43.767492,0.0],[88.186598,43.767415,0.0],[88.187003,43.767374,0.0],[88.187408,43.767333,0.0],[88.187862,43.767218,0.0],[88.188214,43.767104,0.0],[88.188464,43.766881,0.0],[88.188559,43.766586,0.0],[88.188553,43.766292,0.0],[88.188321,43.764788,0.0]]]}},{"type":"Feature","properties":{"rgi_id":"RGI2000-v7.0-G-13-41398","o1region":"13"},"geometry":{"type":"Polygon","coordinates":[[[88.191411,43.767218,0.0],[88.191563,43.76731,0.0],[88.191601,43.76732,0.0],[88.192029,43.767367,0.0],[88.192454,43.76726,0.0],[88.192735,43.76705,0.0],[88.192724,43.766983,0.0],[88.192617,43.766691,0.0],[88.192509,43.766361,0.0],[88.192452,43.766068,0.0],[88.192396,43.765775,0.0],[88.19239,43.765481,0.0],[88.192333,43.765187,0.0],[88.192328,43.764894,0.0],[88.192321,43.764563,0.0],[88.192315,43.764269,0.0],[88.191957,43.764126,0.0],[88.191551,43.764057,0.0],[88.19139,43.764029,0.0],[88.191038,43.764075,0.0],[88.19054,43.764081,0.0],[88.190113,43.764085,0.0],[88.189615,43.76409,0.0],[88.189188,43.764095,0.0],[88.188766,43.76415,0.0],[88.188615,43.764308,0.0],[88.188621,43.764601,0.0],[88.188778,43.764857,0.0],[88.188935,43.765113,0.0],[88.189043,43.765405,0.0],[88.1892,43.765698,0.0],[88.189355,43.765843,0.0],[88.189406,43.765842,0.0],[88.189763,43.765949,0.0],[88.190021,43.766167,0.0],[88.190329,43.766347,0.0],[88.190636,43.766528,0.0],[88.190894,43.766745,0.0],[88.191102,43.767,0.0],[88.191411,43.767218,0.0]]]}},{"type":"Feature","properties":{"rgi_id":"RGI2000-v7.0-G-13-41399","o1region":"13"},"geometry":{"type":"Polygon","coordinates":[[[88.188699,43.770807,0.0],[88.188698,43.770756,0.0],[88.188692,43.770446,0.0],[88.188614,43.770138,0.0],[88.188608,43.769828,0.0],[88.188461,43.769572,0.0],[88.188108,43.76973,0.0],[88.187827,43.769939,0.0],[88.187546,43.770149,0.0],[88.187481,43.770459,0.0],[88.187417,43.770821,0.0],[88.187423,43.77113,0.0],[88.188699,43.770807,0.0]]]}},{"type":"Feature","properties":{"rgi_id":"RGI2000-v7.0-G-13-41400","o1region":"13"},"geometry":{"type":"Polygon","coordinates":[[[88.187596,43.773198,0.0],[88.18766,43.773243,0.0],[88.187949,43.773447,0.0],[88.18824,43.773753,0.0],[88.188286,43.773834,0.0],[88.188653,43.773896,0.0],[88.188911,43.774114,0.0],[88.189069,43.774406,0.0],[88.18978,43.774472,0.0],[88.189779,43.774435,0.0],[88.189773,43.774142,0.0],[88.189818,43.773847,0.0],[88.189863,43.773553,0.0],[88.189807,43.77326,0.0],[88.189699,43.772967,0.0],[88.189492,43.772712,0.0],[88.189134,43.772568,0.0],[88.188679,43.772647,0.0],[88.188326,43.772761,0.0],[88.187974,43.772874,0.0],[88.187622,43.773025,0.0],[88.187596,43.773198,0.0]]]}},{"type":"Feature","properties":{"rgi_id":"RGI2000-v7.0-G-13-41401","o1region":"13"},"geometry":{"type":"Polygon","coordinates":[[[88.198456,43.759735,0.0],[88.198327,43.76003,0.0],[88.198266,43.760374,0.0],[88.198219,43.760639,0.0],[88.198136,43.76062,0.0],[88.197663,43.760625,0.0],[88.197193,43.760777,0.0],[88.196789,43.760879,0.0],[88.196523,43.761078,0.0],[88.196394,43.761373,0.0],[88.196399,43.761667,0.0],[88.196607,43.76191,0.0],[88.196881,43.762103,0.0],[88.196887,43.762397,0.0],[88.196689,43.762644,0.0],[88.19656,43.762939,0.0],[88.196564,43.763159,0.0],[88.196632,43.763183,0.0],[88.196974,43.763375,0.0],[88.197315,43.763519,0.0],[88.197589,43.763712,0.0],[88.197863,43.763905,0.0],[88.197869,43.764199,0.0],[88.19774,43.764494,0.0],[88.197637,43.764728,0.0],[88.197702,43.764847,0.0],[88.197622,43.764982,0.0],[88.197429,43.765174,0.0],[88.197395,43.765253,0.0],[88.19743,43.765424,0.0],[88.197355,43.765654,0.0],[88.197242,43.765884,0.0],[88.19717,43.76627,0.0],[88.197176,43.76657,0.0],[88.197184,43.76697,0.0],[88.197031,43.767215,0.0],[88.196899,43.767488,0.0],[88.196804,43.767689,0.0],[88.196773,43.768104,0.0],[88.196779,43.768418,0.0],[88.196764,43.768647,0.0],[88.196572,43.768892,0.0],[88.196322,43.769238,0.0],[88.196192,43.769639,0.0],[88.1961,43.769969,0.0],[88.196049,43.770356,0.0],[88.196037,43.77077,0.0],[88.195945,43.771114,0.0],[88.195816,43.771544,0.0],[88.195762,43.771802,0.0],[88.195752,43.772303,0.0],[88.195743,43.772561,0.0],[88.195772,43.772743,0.0],[88.195809,43.772981,0.0],[88.195912,43.773194,0.0],[88.196081,43.773407,0.0],[88.19625,43.773644,0.0],[88.196386,43.773857,0.0],[88.196489,43.774094,0.0],[88.196625,43.774331,0.0],[88.196826,43.774519,0.0],[88.19706,43.774683,0.0],[88.197358,43.774799,0.0],[88.197719,43.774772,0.0],[88.198014,43.774697,0.0],[88.19834,43.774598,0.0],[88.198379,43.774589,0.0],[88.198546,43.774381,0.0],[88.198675,43.774085,0.0],[88.198873,43.773838,0.0],[88.198935,43.773544,0.0],[88.199021,43.773347,0.0],[88.198927,43.773152,0.0],[88.198921,43.772858,0.0],[88.198982,43.772515,0.0],[88.198976,43.772221,0.0],[88.198969,43.771878,0.0],[88.198963,43.771584,0.0],[88.198957,43.77129,0.0],[88.199086,43.770946,0.0],[88.199147,43.770651,0.0],[88.199277,43.770356,0.0],[88.199474,43.770109,0.0],[88.199604,43.769814,0.0],[88.199733,43.769519,0.0],[88.199862,43.769223,0.0],[88.199992,43.768928,0.0],[88.200121,43.768633,0.0],[88.200318,43.768337,0.0],[88.200446,43.767993,0.0],[88.200643,43.767697,0.0],[88.200772,43.767401,0.0],[88.200969,43.767105,0.0],[88.201167,43.766858,0.0],[88.201431,43.766562,0.0],[88.201538,43.766429,0.0],[88.201562,43.766315,0.0],[88.201758,43.766019,0.0],[88.201888,43.765724,0.0],[88.202036,43.765539,0.0],[88.202288,43.765475,0.0],[88.202692,43.765373,0.0],[88.203027,43.765222,0.0],[88.20343,43.76512,0.0],[88.203833,43.764969,0.0],[88.204099,43.76477,0.0],[88.204366,43.764571,0.0],[88.204427,43.764277,0.0],[88.204489,43.763982,0.0],[88.204415,43.763689,0.0],[88.204371,43.763511,0.0],[88.204543,43.763296,0.0],[88.204809,43.763097,0.0],[88.205345,43.762847,0.0],[88.205543,43.76279,0.0],[88.205821,43.762988,0.0],[88.206162,43.763132,0.0],[88.206437,43.763374,0.0],[88.206845,43.763516,0.0],[88.207119,43.76371,0.0],[88.207529,43.763901,0.0],[88.207803,43.764094,0.0],[88.208011,43.764337,0.0],[88.208285,43.76453,0.0],[88.208559,43.764723,0.0],[88.2089,43.764866,0.0],[88.209103,43.764889,0.0],[88.209099,43.764668,0.0],[88.209092,43.764325,0.0],[88.209018,43.764032,0.0],[88.209013,43.763739,0.0],[88.208939,43.763445,0.0],[88.208798,43.763153,0.0],[88.208656,43.762812,0.0],[88.208515,43.762519,0.0],[88.208374,43.762227,0.0],[88.208233,43.761934,0.0],[88.208159,43.761641,0.0],[88.208085,43.761299,0.0],[88.20801,43.760957,0.0],[88.207937,43.760664,0.0],[88.207931,43.76037,0.0],[88.207925,43.760076,0.0],[88.207852,43.759783,0.0],[88.207846,43.759489,0.0],[88.207772,43.759196,0.0],[88.207699,43.758903,0.0],[88.207692,43.75856,0.0],[88.207686,43.758266,0.0],[88.207545,43.757974,0.0],[88.207539,43.75768,0.0],[88.207533,43.757386,0.0],[88.207527,43.757092,0.0],[88.207525,43.756965,0.0],[88.207252,43.75685,0.0],[88.206844,43.756708,0.0],[88.206369,43.756615,0.0],[88.205961,43.756521,0.0],[88.205558,43.756623,0.0],[88.205223,43.756774,0.0],[88.20482,43.756925,0.0],[88.204418,43.757076,0.0],[88.204084,43.757276,0.0],[88.20408,43.75708,0.0],[88.204073,43.756737,0.0],[88.204197,43.756148,0.0],[88.204122,43.755806,0.0],[88.203717,43.75581,0.0],[88.203244,43.755815,0.0],[88.202838,43.755819,0.0],[88.202365,43.755824,0.0],[88.20212,43.755827,0.0],[88.202078,43.756028,0.0],[88.201941,43.756287,0.0],[88.20166,43.756497,0.0],[88.201573,43.756606,0.0],[88.201639,43.756664,0.0],[88.201913,43.756857,0.0],[88.202187,43.757051,0.0],[88.202058,43.757346,0.0],[88.201792,43.757545,0.0],[88.201525,43.757743,0.0],[88.201327,43.75799,0.0],[88.201061,43.758189,0.0],[88.200727,43.758389,0.0],[88.200392,43.758539,0.0],[88.199992,43.758788,0.0],[88.199657,43.758939,0.0],[88.19939,43.759137,0.0],[88.199056,43.759337,0.0],[88.19879,43.759535,0.0],[88.198456,43.759735,0.0]],[[88.202334,43.761017,0.0],[88.202375,43.760823,0.0],[88.202466,43.760868,0.0],[88.202741,43.761062,0.0],[88.203084,43.761352,0.0],[88.203274,43.761459,0.0],[88.203156,43.761547,0.0],[88.20289,43.761746,0.0],[88.202756,43.761845,0.0],[88.20262,43.761798,0.0],[88.202214,43.761753,0.0],[88.201805,43.76161,0.0],[88.201728,43.761595,0.0],[88.20187,43.761463,0.0],[88.202136,43.761264,0.0],[88.202334,43.761017,0.0]]]}},{"type":"Feature","properties":{"rgi_id":"RGI2000-v7.0-G-13-41402","o1region":"13"},"geometry":{"type":"Polygon","coordinates":[[[88.201573,43.756606,0.0],[88.201364,43.756422,0.0],[88.201156,43.75618,0.0],[88.200948,43.755937,0.0],[88.200801,43.755696,0.0],[88.200406,43.755845,0.0],[88.2,43.7558,0.0],[88.199876,43.755801,0.0],[88.199863,43.755752,0.0],[88.199589,43.755559,0.0],[88.199184,43.755564,0.0],[88.19871,43.75552,0.0],[88.198369,43.755376,0.0],[88.198028,43.755233,0.0],[88.19762,43.75509,0.0],[88.197426,43.755116,0.0],[88.19741,43.755134,0.0],[88.197274,43.755445,0.0],[88.197065,43.755705,0.0],[88.196711,43.755812,0.0],[88.196437,43.755848,0.0],[88.196287,43.756035,0.0],[88.196158,43.75633,0.0],[88.19603,43.756674,0.0],[88.195764,43.756922,0.0],[88.19543,43.757121,0.0],[88.195096,43.757321,0.0],[88.194761,43.757471,0.0],[88.194427,43.757622,0.0],[88.194023,43.757724,0.0],[88.193763,43.757918,0.0],[88.193382,43.757901,0.0],[88.193018,43.757774,0.0],[88.19285,43.757573,0.0],[88.192696,43.757289,0.0],[88.192447,43.757148,0.0],[88.192249,43.757138,0.0],[88.191985,43.757046,0.0],[88.191769,43.756929,0.0],[88.19152,43.756813,0.0],[88.19132,43.756695,0.0],[88.19109,43.756674,0.0],[88.190777,43.756654,0.0],[88.190516,43.756752,0.0],[88.190241,43.756957,0.0],[88.190097,43.757161,0.0],[88.189873,43.757449,0.0],[88.189778,43.757664,0.0],[88.189637,43.758011,0.0],[88.189446,43.758299,0.0],[88.18932,43.758586,0.0],[88.18921,43.758814,0.0],[88.18925,43.759183,0.0],[88.189403,43.759455,0.0],[88.189574,43.759787,0.0],[88.18981,43.760082,0.0],[88.190063,43.760413,0.0],[88.19038,43.760672,0.0],[88.190698,43.76093,0.0],[88.190986,43.761368,0.0],[88.191366,43.761483,0.0],[88.191896,43.761704,0.0],[88.192554,43.761733,0.0],[88.193078,43.761632,0.0],[88.193535,43.761449,0.0],[88.193943,43.761302,0.0],[88.1943,43.761095,0.0],[88.194444,43.760891,0.0],[88.194558,43.760797,0.0],[88.194787,43.760781,0.0],[88.195182,43.760812,0.0],[88.195544,43.76082,0.0],[88.195855,43.760769,0.0],[88.19605,43.76066,0.0],[88.196161,43.760468,0.0],[88.196191,43.760313,0.0],[88.196203,43.760111,0.0],[88.196238,43.759953,0.0],[88.19677,43.7599,0.0],[88.197242,43.759846,0.0],[88.197645,43.759743,0.0],[88.19805,43.75969,0.0],[88.198455,43.759686,0.0],[88.198456,43.759735,0.0],[88.19879,43.759535,0.0],[88.199056,43.759337,0.0],[88.19939,43.759137,0.0],[88.199657,43.758939,0.0],[88.199992,43.758788,0.0],[88.200392,43.758539,0.0],[88.200727,43.758389,0.0],[88.201061,43.758189,0.0],[88.201327,43.75799,0.0],[88.201525,43.757743,0.0],[88.201792,43.757545,0.0],[88.202058,43.757346,0.0],[88.202187,43.757051,0.0],[88.201913,43.756857,0.0],[88.201639,43.756664,0.0],[88.201573,43.756606,0.0]]]}},{"type":"Feature","properties":{"rgi_id":"RGI2000-v7.0-G-13-41403","o1region":"13"},"geometry":{"type":"Polygon","coordinates":[[[88.207525,43.756965,0.0],[88.207527,43.757092,0.0],[88.207533,43.757386,0.0],[88.207539,43.75768,0.0],[88.207545,43.757974,0.0],[88.207686,43.758266,0.0],[88.207692,43.75856,0.0],[88.207699,43.758903,0.0],[88.207772,43.759196,0.0],[88.207846,43.759489,0.0],[88.207852,43.759783,0.0],[88.207925,43.760076,0.0],[88.207931,43.76037,0.0],[88.207937,43.760664,0.0],[88.20801,43.760957,0.0],[88.208085,43.761299,0.0],[88.208159,43.761641,0.0],[88.208233,43.761934,0.0],[88.208374,43.762227,0.0],[88.208515,43.762519,0.0],[88.208656,43.762812,0.0],[88.208798,43.763153,0.0],[88.208939,43.763445,0.0],[88.209013,43.763739,0.0],[88.209018,43.764032,0.0],[88.209092,43.764325,0.0],[88.209099,43.764668,0.0],[88.209103,43.764889,0.0],[88.209307,43.764911,0.0],[88.209377,43.76491,0.0],[88.209473,43.765012,0.0],[88.209674,43.765188,0.0],[88.209973,43.765328,0.0],[88.210271,43.765432,0.0],[88.210568,43.7655,0.0],[88.210865,43.765569,0.0],[88.21121,43.765565,0.0],[88.211504,43.76549,0.0],[88.211531,43.765486,0.0],[88.211815,43.765276,0.0],[88.212149,43.765077,0.0],[88.212414,43.764829,0.0],[88.212749,43.764679,0.0],[88.213152,43.764527,0.0],[88.213418,43.764329,0.0],[88.213753,43.764178,0.0],[88.214019,43.763979,0.0],[88.214073,43.763959,0.0],[88.214086,43.76393,0.0],[88.214283,43.763683,0.0],[88.214549,43.763435,0.0],[88.214884,43.763284,0.0],[88.215006,43.763232,0.0],[88.215083,43.763135,0.0],[88.21528,43.762839,0.0],[88.215477,43.762543,0.0],[88.215606,43.762248,0.0],[88.215804,43.762001,0.0],[88.215989,43.761863,0.0],[88.215861,43.761713,0.0],[88.215713,43.761456,0.0],[88.215423,43.761201,0.0],[88.215134,43.760998,0.0],[88.214776,43.760899,0.0],[88.214518,43.76079,0.0],[88.214428,43.760791,0.0],[88.214022,43.760795,0.0],[88.21368,43.760603,0.0],[88.213406,43.76041,0.0],[88.213199,43.760167,0.0],[88.213059,43.760004,0.0],[88.212991,43.759924,0.0],[88.212783,43.759682,0.0],[88.212442,43.759538,0.0],[88.212034,43.759396,0.0],[88.211626,43.759253,0.0],[88.211418,43.75901,0.0],[88.211077,43.758867,0.0],[88.21067,43.758773,0.0],[88.210261,43.758631,0.0],[88.209855,43.758586,0.0],[88.209449,43.758541,0.0],[88.209109,43.758472,0.0],[88.209104,43.758202,0.0],[88.208962,43.757861,0.0],[88.208956,43.757567,0.0],[88.208682,43.757374,0.0],[88.208274,43.75728,0.0],[88.207933,43.757137,0.0],[88.207593,43.756994,0.0],[88.207525,43.756965,0.0]]]}},{"type":"Feature","properties":{"rgi_id":"RGI2000-v7.0-G-13-41404","o1region":"13"},"geometry":{"type":"Polygon","coordinates":[[[88.213544,43.767986,0.0],[88.213474,43.767916,0.0],[88.213068,43.76792,0.0],[88.212768,43.768107,0.0],[88.212468,43.768331,0.0],[88.212168,43.768555,0.0],[88.211816,43.768705,0.0],[88.211465,43.768893,0.0],[88.21138,43.768946,0.0],[88.211212,43.768895,0.0],[88.210806,43.7689,0.0],[88.2104,43.768867,0.0],[88.210042,43.768724,0.0],[88.209639,43.768839,0.0],[88.20939,43.769062,0.0],[88.208987,43.769176,0.0],[88.208687,43.769363,0.0],[88.208334,43.769477,0.0],[88.20793,43.769555,0.0],[88.207573,43.769448,0.0],[88.207315,43.769231,0.0],[88.207157,43.768938,0.0],[88.207,43.768683,0.0],[88.206893,43.76839,0.0],[88.206533,43.768173,0.0],[88.206285,43.768433,0.0],[88.206138,43.768692,0.0],[88.205889,43.768915,0.0],[88.205642,43.769211,0.0],[88.205341,43.769398,0.0],[88.205144,43.769658,0.0],[88.205251,43.76995,0.0],[88.205609,43.77013,0.0],[88.20565,43.77018,0.0],[88.205587,43.770215,0.0],[88.205554,43.770215,0.0],[88.20557,43.770438,0.0],[88.205886,43.770625,0.0],[88.206073,43.770909,0.0],[88.205833,43.771221,0.0],[88.205373,43.771274,0.0],[88.204929,43.771267,0.0],[88.20455,43.771175,0.0],[88.204274,43.771345,0.0],[88.204131,43.771597,0.0],[88.204006,43.771931,0.0],[88.203916,43.772361,0.0],[88.203775,43.772696,0.0],[88.203682,43.772959,0.0],[88.203589,43.773017,0.0],[88.203289,43.773241,0.0],[88.202938,43.773428,0.0],[88.202689,43.773651,0.0],[88.202388,43.773838,0.0],[88.202241,43.774097,0.0],[88.202399,43.774352,0.0],[88.202706,43.774533,0.0],[88.203063,43.774639,0.0],[88.20347,43.774672,0.0],[88.203873,43.774557,0.0],[88.204194,43.774496,0.0],[88.204469,43.774523,0.0],[88.204715,43.774521,0.0],[88.205076,43.774457,0.0],[88.205484,43.774322,0.0],[88.205791,43.774057,0.0],[88.206096,43.77372,0.0],[88.206403,43.773431,0.0],[88.206807,43.773069,0.0],[88.207033,43.772876,0.0],[88.207541,43.772823,0.0],[88.208083,43.772794,0.0],[88.208509,43.772718,0.0],[88.208884,43.772547,0.0],[88.20934,43.772352,0.0],[88.20988,43.772203,0.0],[88.210187,43.771985,0.0],[88.210332,43.771793,0.0],[88.210686,43.771444,0.0],[88.210879,43.771228,0.0],[88.211055,43.770976,0.0],[88.211164,43.7707,0.0],[88.211127,43.770498,0.0],[88.211115,43.770479,0.0],[88.211241,43.770328,0.0],[88.211336,43.770033,0.0],[88.211534,43.769774,0.0],[88.211647,43.769626,0.0],[88.211683,43.769625,0.0],[88.212088,43.769621,0.0],[88.212494,43.769617,0.0],[88.212794,43.76943,0.0],[88.213043,43.769207,0.0],[88.213344,43.76902,0.0],[88.213546,43.769018,0.0],[88.213541,43.76876,0.0],[88.213586,43.768466,0.0],[88.21358,43.768172,0.0],[88.213544,43.767986,0.0]]]}},{"type":"Feature","properties":{"rgi_id":"RGI2000-v7.0-G-13-41405","o1region":"13"},"geometry":{"type":"Polygon","coordinates":[[[88.214024,43.77445,0.0],[88.214112,43.774412,0.0],[88.214361,43.774189,0.0],[88.214661,43.773965,0.0],[88.214877,43.773777,0.0],[88.214652,43.773525,0.0],[88.214595,43.773231,0.0],[88.214387,43.772976,0.0],[88.21398,43.772907,0.0],[88.213574,43.772875,0.0],[88.213169,43.772916,0.0],[88.212816,43.77303,0.0],[88.212516,43.773217,0.0],[88.21237,43.773512,0.0],[88.212376,43.773806,0.0],[88.212178,43.774065,0.0],[88.211827,43.774253,0.0],[88.211474,43.774367,0.0],[88.21107,43.774444,0.0],[88.210666,43.774522,0.0],[88.210314,43.774636,0.0],[88.210264,43.774688,0.0],[88.210161,43.774601,0.0],[88.209752,43.774422,0.0],[88.209394,43.774279,0.0],[88.209086,43.774098,0.0],[88.208778,43.773918,0.0],[88.208531,43.774251,0.0],[88.208487,43.774545,0.0],[88.208134,43.774659,0.0],[88.207678,43.774664,0.0],[88.207272,43.774632,0.0],[88.206866,43.774636,0.0],[88.206513,43.77475,0.0],[88.206316,43.775009,0.0],[88.20622,43.775304,0.0],[88.206176,43.775598,0.0],[88.205876,43.775822,0.0],[88.205678,43.776081,0.0],[88.205633,43.776376,0.0],[88.205639,43.776669,0.0],[88.205797,43.776925,0.0],[88.206005,43.77718,0.0],[88.206162,43.777435,0.0],[88.206319,43.777691,0.0],[88.206578,43.777945,0.0],[88.206786,43.7782,0.0],[88.207044,43.778418,0.0],[88.207352,43.778635,0.0],[88.20766,43.778816,0.0],[88.208066,43.778811,0.0],[88.20811,43.778517,0.0],[88.208104,43.778223,0.0],[88.208149,43.777929,0.0],[88.208194,43.777634,0.0],[88.208341,43.777376,0.0],[88.208487,43.77708,0.0],[88.208583,43.776785,0.0],[88.208627,43.776491,0.0],[88.208723,43.776196,0.0],[88.208717,43.775902,0.0],[88.209017,43.775715,0.0],[88.209421,43.775638,0.0],[88.209729,43.775818,0.0],[88.210135,43.77585,0.0],[88.210215,43.775572,0.0],[88.210282,43.775592,0.0],[88.210686,43.775477,0.0],[88.211089,43.775363,0.0],[88.21144,43.775175,0.0],[88.211741,43.774988,0.0],[88.212092,43.774838,0.0],[88.212598,43.774759,0.0],[88.213002,43.774681,0.0],[88.214024,43.77445,0.0]]]}},{"type":"Feature","properties":{"rgi_id":"RGI2000-v7.0-G-13-41406","o1region":"13"},"geometry":{"type":"Polygon","coordinates":[[[88.214024,43.77445,0.0],[88.214365,43.774373,0.0],[88.214315,43.77441,0.0],[88.214117,43.774669,0.0],[88.21392,43.774929,0.0],[88.213722,43.775188,0.0],[88.213575,43.775447,0.0],[88.213428,43.775705,0.0],[88.213434,43.775999,0.0],[88.21384,43.776032,0.0],[88.214246,43.776027,0.0],[88.214701,43.775949,0.0],[88.215053,43.775798,0.0],[88.215506,43.775646,0.0],[88.215858,43.775496,0.0],[88.216259,43.775271,0.0],[88.216611,43.77512,0.0],[88.216962,43.77497,0.0],[88.217314,43.774782,0.0],[88.217666,43.774668,0.0],[88.217915,43.774445,0.0],[88.217909,43.774151,0.0],[88.217502,43.774082,0.0],[88.217045,43.774014,0.0],[88.216588,43.773982,0.0],[88.216081,43.773987,0.0],[88.215675,43.773991,0.0],[88.215269,43.773959,0.0],[88.214911,43.773816,0.0],[88.214877,43.773777,0.0],[88.214661,43.773965,0.0],[88.214361,43.774189,0.0],[88.214112,43.774412,0.0],[88.214024,43.77445,0.0]]]}},{"type":"Feature","properties":{"rgi_id":"RGI2000-v7.0-G-13-41407","o1region":"13"},"geometry":{"type":"Polygon","coordinates":[[[88.21959,43.777265,0.0],[88.21939,43.777148,0.0],[88.219232,43.776893,0.0],[88.218564,43.776422,0.0],[88.218513,43.776423,0.0],[88.21811,43.776537,0.0],[88.217757,43.776651,0.0],[88.217639,43.776714,0.0],[88.217518,43.776943,0.0],[88.217382,43.777254,0.0],[88.216954,43.777207,0.0],[88.216685,43.777146,0.0],[88.21635,43.777254,0.0],[88.216101,43.777477,0.0],[88.215954,43.777736,0.0],[88.215807,43.777995,0.0],[88.215947,43.778223,0.0],[88.216049,43.778249,0.0],[88.216551,43.77845,0.0],[88.216911,43.778601,0.0],[88.2172,43.778804,0.0],[88.217347,43.779061,0.0],[88.217775,43.779108,0.0],[88.217853,43.779416,0.0],[88.217716,43.779676,0.0],[88.217362,43.779783,0.0],[88.217286,43.779806,0.0],[88.217226,43.780094,0.0],[88.217232,43.780403,0.0],[88.217239,43.780742,0.0],[88.217596,43.780812,0.0],[88.218024,43.780808,0.0],[88.218451,43.780803,0.0],[88.218805,43.780696,0.0],[88.219156,43.780486,0.0],[88.219509,43.780328,0.0],[88.219679,43.780276,0.0],[88.219705,43.780194,0.0],[88.219699,43.7799,0.0],[88.219643,43.779607,0.0],[88.219535,43.779314,0.0],[88.219378,43.779059,0.0],[88.21936,43.778966,0.0],[88.219052,43.778836,0.0],[88.218762,43.778581,0.0],[88.218543,43.778326,0.0],[88.218465,43.778017,0.0],[88.218818,43.777858,0.0],[88.219172,43.777751,0.0],[88.219372,43.777749,0.0],[88.219448,43.777515,0.0],[88.21959,43.777265,0.0]]]}},{"type":"Feature","properties":{"rgi_id":"RGI2000-v7.0-G-13-41408","o1region":"13"},"geometry":{"type":"Polygon","coordinates":[[[88.221597,43.779915,0.0],[88.221634,43.779737,0.0],[88.221842,43.779477,0.0],[88.221905,43.779064,0.0],[88.221904,43.779033,0.0],[88.221833,43.779013,0.0],[88.221553,43.778816,0.0],[88.221552,43.778742,0.0],[88.221546,43.778448,0.0],[88.22154,43.778154,0.0],[88.221483,43.777861,0.0],[88.221174,43.777643,0.0],[88.220767,43.777574,0.0],[88.22036,43.777505,0.0],[88.219954,43.777473,0.0],[88.21986,43.777465,0.0],[88.219698,43.777329,0.0],[88.21959,43.777265,0.0],[88.219448,43.777515,0.0],[88.219372,43.777749,0.0],[88.219353,43.77781,0.0],[88.219409,43.778103,0.0],[88.219467,43.778433,0.0],[88.219471,43.778632,0.0],[88.21957,43.778542,0.0],[88.219675,43.778688,0.0],[88.219883,43.778943,0.0],[88.22004,43.779199,0.0],[88.220148,43.779528,0.0],[88.220306,43.77982,0.0],[88.220363,43.780114,0.0],[88.22047,43.780406,0.0],[88.220578,43.780699,0.0],[88.220685,43.780992,0.0],[88.220842,43.781247,0.0],[88.2212,43.781391,0.0],[88.221347,43.781132,0.0],[88.221341,43.780838,0.0],[88.221335,43.780544,0.0],[88.22138,43.78025,0.0],[88.221424,43.779955,0.0],[88.221444,43.779807,0.0],[88.221597,43.779915,0.0]]]}},{"type":"Feature","properties":{"rgi_id":"RGI2000-v7.0-G-13-41409","o1region":"13"},"geometry":{"type":"Polygon","coordinates":[[[88.221597,43.779915,0.0],[88.22171,43.779994,0.0],[88.221858,43.780251,0.0],[88.222147,43.780454,0.0],[88.222305,43.780543,0.0],[88.222507,43.780825,0.0],[88.222664,43.781081,0.0],[88.222922,43.781299,0.0],[88.2231,43.781474,0.0],[88.223447,43.781369,0.0],[88.223799,43.781159,0.0],[88.22408,43.780949,0.0],[88.224433,43.780791,0.0],[88.224737,43.780751,0.0],[88.224735,43.780691,0.0],[88.224729,43.780361,0.0],[88.224621,43.780068,0.0],[88.224462,43.779739,0.0],[88.224154,43.779522,0.0],[88.223846,43.779342,0.0],[88.223745,43.77924,0.0],[88.223403,43.779202,0.0],[88.222976,43.779207,0.0],[88.222606,43.779256,0.0],[88.22255,43.779263,0.0],[88.222191,43.779112,0.0],[88.221904,43.779033,0.0],[88.221905,43.779064,0.0],[88.221842,43.779477,0.0],[88.221634,43.779737,0.0],[88.221597,43.779915,0.0]]]}},{"type":"Feature","properties":{"rgi_id":"RGI2000-v7.0-G-13-41410","o1region":"13"},"geometry":{"type":"Polygon","coordinates":[[[88.213544,43.767986,0.0],[88.21358,43.768172,0.0],[88.213586,43.768466,0.0],[88.213541,43.76876,0.0],[88.213546,43.769018,0.0],[88.213851,43.769014,0.0],[88.214308,43.769083,0.0],[88.214577,43.769163,0.0],[88.214473,43.769307,0.0],[88.214473,43.769331,0.0],[88.21446,43.76949,0.0],[88.214749,43.769693,0.0],[88.214838,43.770049,0.0],[88.215136,43.770582,0.0],[88.215269,43.771027,0.0],[88.215566,43.77153,0.0],[88.215943,43.771854,0.0],[88.216771,43.772143,0.0],[88.217555,43.772343,0.0],[88.218297,43.772424,0.0],[88.218997,43.772506,0.0],[88.219742,43.772766,0.0],[88.220158,43.77303,0.0],[88.220699,43.773322,0.0],[88.221292,43.773632,0.0],[88.222007,43.773872,0.0],[88.222773,43.774055,0.0],[88.223358,43.774354,0.0],[88.223891,43.774691,0.0],[88.224344,43.77501,0.0],[88.224957,43.775366,0.0],[88.225437,43.775723,0.0],[88.225972,43.776155,0.0],[88.226637,43.77651,0.0],[88.227143,43.776866,0.0],[88.227425,43.776936,0.0],[88.227451,43.776955,0.0],[88.227717,43.777086,0.0],[88.227983,43.777235,0.0],[88.228249,43.777366,0.0],[88.228437,43.777554,0.0],[88.228599,43.777762,0.0],[88.228656,43.77799,0.0],[88.22874,43.778218,0.0],[88.228745,43.778447,0.0],[88.228749,43.778676,0.0],[88.228755,43.778942,0.0],[88.228733,43.779171,0.0],[88.228633,43.779401,0.0],[88.228532,43.779631,0.0],[88.228405,43.779861,0.0],[88.228357,43.78009,0.0],[88.228283,43.78032,0.0],[88.228288,43.780548,0.0],[88.22824,43.780777,0.0],[88.228166,43.781007,0.0],[88.228066,43.781256,0.0],[88.227938,43.781467,0.0],[88.227864,43.781696,0.0],[88.22779,43.781926,0.0],[88.227745,43.782162,0.0],[88.227769,43.782193,0.0],[88.227826,43.782421,0.0],[88.227857,43.782649,0.0],[88.227862,43.782897,0.0],[88.227867,43.783126,0.0],[88.227767,43.783355,0.0],[88.227639,43.783566,0.0],[88.227512,43.783777,0.0],[88.227305,43.783951,0.0],[88.227072,43.784106,0.0],[88.226838,43.784261,0.0],[88.226578,43.784397,0.0],[88.226318,43.784533,0.0],[88.226137,43.784726,0.0],[88.226325,43.784914,0.0],[88.226617,43.785007,0.0],[88.226933,43.785041,0.0],[88.227249,43.785076,0.0],[88.227566,43.78513,0.0],[88.227858,43.785241,0.0],[88.228124,43.785372,0.0],[88.228415,43.785464,0.0],[88.228706,43.785556,0.0],[88.228756,43.785561,0.0],[88.229111,43.785574,0.0],[88.229898,43.785489,0.0],[88.230947,43.785288,0.0],[88.231575,43.785147,0.0],[88.232072,43.78499,0.0],[88.232673,43.784831,0.0],[88.233462,43.784803,0.0],[88.233785,43.784757,0.0],[88.234044,43.784596,0.0],[88.234395,43.784408,0.0],[88.234696,43.784221,0.0],[88.235048,43.784071,0.0],[88.2354,43.78392,0.0],[88.2357,43.783733,0.0],[88.236,43.783509,0.0],[88.236299,43.783249,0.0],[88.236598,43.783025,0.0],[88.236898,43.782801,0.0],[88.237095,43.782542,0.0],[88.237293,43.782283,0.0],[88.23749,43.782024,0.0],[88.237586,43.781729,0.0],[88.237732,43.78147,0.0],[88.237827,43.781138,0.0],[88.237974,43.780879,0.0],[88.238018,43.780548,0.0],[88.238112,43.780217,0.0],[88.238208,43.779922,0.0],[88.238303,43.779627,0.0],[88.238347,43.779332,0.0],[88.238443,43.779037,0.0],[88.238589,43.778742,0.0],[88.238734,43.77841,0.0],[88.238932,43.77815,0.0],[88.239231,43.777927,0.0],[88.23935,43.777876,0.0],[88.239469,43.777629,0.0],[88.239756,43.777433,0.0],[88.239755,43.77737,0.0],[88.240132,43.777366,0.0],[88.240639,43.77736,0.0],[88.241145,43.777318,0.0],[88.24155,43.777277,0.0],[88.241902,43.777126,0.0],[88.242305,43.777012,0.0],[88.24276,43.776933,0.0],[88.243164,43.776855,0.0],[88.243619,43.776777,0.0],[88.244024,43.776772,0.0],[88.244431,43.776841,0.0],[88.244888,43.776873,0.0],[88.245344,43.776832,0.0],[88.245695,43.776681,0.0],[88.245996,43.776494,0.0],[88.246348,43.776343,0.0],[88.246699,43.776155,0.0],[88.24705,43.775968,0.0],[88.247247,43.775709,0.0],[88.247547,43.775522,0.0],[88.247847,43.775298,0.0],[88.247891,43.774967,0.0],[88.247733,43.774711,0.0],[88.247475,43.774494,0.0],[88.247068,43.774388,0.0],[88.246665,43.774539,0.0],[88.246365,43.774763,0.0],[88.245961,43.774841,0.0],[88.245604,43.774735,0.0],[88.245247,43.774628,0.0],[88.244843,43.774706,0.0],[88.244696,43.774965,0.0],[88.24455,43.775224,0.0],[88.244352,43.775483,0.0],[88.243945,43.775377,0.0],[88.243989,43.775083,0.0],[88.244084,43.774751,0.0],[88.244178,43.774419,0.0],[88.244376,43.77416,0.0],[88.244573,43.773901,0.0],[88.24472,43.773642,0.0],[88.244807,43.773564,0.0],[88.244888,43.773581,0.0],[88.244985,43.773583,0.0],[88.244958,43.773551,0.0],[88.244683,43.773358,0.0],[88.244342,43.773215,0.0],[88.244068,43.773022,0.0],[88.243794,43.772829,0.0],[88.243625,43.772681,0.0],[88.243333,43.772775,0.0],[88.242981,43.772926,0.0],[88.242834,43.773185,0.0],[88.242638,43.773481,0.0],[88.242491,43.77374,0.0],[88.242344,43.773999,0.0],[88.242197,43.774257,0.0],[88.241897,43.774444,0.0],[88.241443,43.774559,0.0],[88.241038,43.774564,0.0],[88.240632,43.774568,0.0],[88.240227,43.774573,0.0],[88.239822,43.774614,0.0],[88.239521,43.774801,0.0],[88.239171,43.775025,0.0],[88.238974,43.775284,0.0],[88.23857,43.775362,0.0],[88.238509,43.775368,0.0],[88.23805,43.77511,0.0],[88.23765,43.774848,0.0],[88.23749,43.774594,0.0],[88.237534,43.774308,0.0],[88.237628,43.773976,0.0],[88.237773,43.773607,0.0],[88.23797,43.773348,0.0],[88.238219,43.773088,0.0],[88.238467,43.772865,0.0],[88.238767,43.772641,0.0],[88.239169,43.772453,0.0],[88.239521,43.772339,0.0],[88.239874,43.772225,0.0],[88.240226,43.772111,0.0],[88.240577,43.771924,0.0],[88.240929,43.771773,0.0],[88.240974,43.771478,0.0],[88.240917,43.771185,0.0],[88.24081,43.770892,0.0],[88.240652,43.770637,0.0],[88.240495,43.770381,0.0],[88.240387,43.770089,0.0],[88.240129,43.769834,0.0],[88.23987,43.76958,0.0],[88.239512,43.769437,0.0],[88.239155,43.769331,0.0],[88.2387,43.769372,0.0],[88.238347,43.769486,0.0],[88.238302,43.769781,0.0],[88.238258,43.770075,0.0],[88.238112,43.770371,0.0],[88.23776,43.770521,0.0],[88.237357,43.770636,0.0],[88.236903,43.770751,0.0],[88.23655,43.770865,0.0],[88.236096,43.77098,0.0],[88.235846,43.771136,0.0],[88.235638,43.770875,0.0],[88.23543,43.77062,0.0],[88.235022,43.770514,0.0],[88.234617,43.770519,0.0],[88.234211,43.770523,0.0],[88.234014,43.770782,0.0],[88.233867,43.771041,0.0],[88.233721,43.771337,0.0],[88.233574,43.771595,0.0],[88.233325,43.771818,0.0],[88.233076,43.772042,0.0],[88.232724,43.772156,0.0],[88.232371,43.77227,0.0],[88.231967,43.772347,0.0],[88.231561,43.772315,0.0],[88.231153,43.772209,0.0],[88.230976,43.772195,0.0],[88.230852,43.771719,0.0],[88.23097,43.77107,0.0],[88.231195,43.770496,0.0],[88.231502,43.770073,0.0],[88.231625,43.769653,0.0],[88.231986,43.769287,0.0],[88.232063,43.769233,0.0],[88.232087,43.769024,0.0],[88.232086,43.768972,0.0],[88.2323,43.76878,0.0],[88.232548,43.768557,0.0],[88.232695,43.768298,0.0],[88.232893,43.768039,0.0],[88.232987,43.767707,0.0],[88.233184,43.767411,0.0],[88.233331,43.767153,0.0],[88.233426,43.766858,0.0],[88.233675,43.766634,0.0],[88.234079,43.766557,0.0],[88.234484,43.766516,0.0],[88.234889,43.766511,0.0],[88.235296,43.76658,0.0],[88.235504,43.766835,0.0],[88.235763,43.76709,0.0],[88.236071,43.767244,0.0],[88.236036,43.767084,0.0],[88.23603,43.76679,0.0],[88.236024,43.766496,0.0],[88.236086,43.766202,0.0],[88.236147,43.765907,0.0],[88.236223,43.765734,0.0],[88.236088,43.765653,0.0],[88.235931,43.765398,0.0],[88.235722,43.765106,0.0],[88.235565,43.764851,0.0],[88.235406,43.764522,0.0],[88.235198,43.764267,0.0],[88.234939,43.764012,0.0],[88.234731,43.763757,0.0],[88.234473,43.76354,0.0],[88.234315,43.763248,0.0],[88.234158,43.762992,0.0],[88.23405,43.762699,0.0],[88.233893,43.762444,0.0],[88.233536,43.762338,0.0],[88.233079,43.762306,0.0],[88.232727,43.76242,0.0],[88.232478,43.76268,0.0],[88.232434,43.762974,0.0],[88.23244,43.763268,0.0],[88.232395,43.763562,0.0],[88.232044,43.76375,0.0],[88.231744,43.763937,0.0],[88.23134,43.764014,0.0],[88.230987,43.764128,0.0],[88.230635,43.764242,0.0],[88.230285,43.764467,0.0],[88.229935,43.764728,0.0],[88.229742,43.764848,0.0],[88.229633,43.764804,0.0],[88.229225,43.764699,0.0],[88.228819,43.764703,0.0],[88.228415,43.764744,0.0],[88.22801,43.764785,0.0],[88.227604,43.764789,0.0],[88.227198,43.76472,0.0],[88.22684,43.764577,0.0],[88.226433,43.764508,0.0],[88.226026,43.764439,0.0],[88.22562,43.764443,0.0],[88.225215,43.764448,0.0],[88.22481,43.764489,0.0],[88.224355,43.76453,0.0],[88.223949,43.764535,0.0],[88.223547,43.764686,0.0],[88.223247,43.764873,0.0],[88.222998,43.765096,0.0],[88.222749,43.765319,0.0],[88.2225,43.765542,0.0],[88.222353,43.765801,0.0],[88.222104,43.766024,0.0],[88.221856,43.766284,0.0],[88.221709,43.766543,0.0],[88.221766,43.766836,0.0],[88.221923,43.767091,0.0],[88.222181,43.767309,0.0],[88.222539,43.767452,0.0],[88.222847,43.767669,0.0],[88.223055,43.767924,0.0],[88.223011,43.768219,0.0],[88.222762,43.768442,0.0],[88.222513,43.768665,0.0],[88.222212,43.768852,0.0],[88.222093,43.768903,0.0],[88.221908,43.768855,0.0],[88.221551,43.768749,0.0],[88.221243,43.768568,0.0],[88.220885,43.768388,0.0],[88.220627,43.768171,0.0],[88.220318,43.767954,0.0],[88.22011,43.767699,0.0],[88.219952,43.767406,0.0],[88.219896,43.767113,0.0],[88.219889,43.766782,0.0],[88.219984,43.766488,0.0],[88.22013,43.766155,0.0],[88.220174,43.765861,0.0],[88.219767,43.765792,0.0],[88.219366,43.76598,0.0],[88.218962,43.766094,0.0],[88.21861,43.766208,0.0],[88.218205,43.766249,0.0],[88.2178,43.766254,0.0],[88.217393,43.766185,0.0],[88.217299,43.766138,0.0],[88.217163,43.766239,0.0],[88.216738,43.766347,0.0],[88.216457,43.766556,0.0],[88.216249,43.766817,0.0],[88.215897,43.767027,0.0],[88.215472,43.767134,0.0],[88.215183,43.766931,0.0],[88.215177,43.766622,0.0],[88.215116,43.76634,0.0],[88.215064,43.766356,0.0],[88.21466,43.766434,0.0],[88.214361,43.766658,0.0],[88.214265,43.766953,0.0],[88.214271,43.767246,0.0],[88.214176,43.767541,0.0],[88.214132,43.767872,0.0],[88.214138,43.768166,0.0],[88.214191,43.768276,0.0],[88.214089,43.768277,0.0],[88.213732,43.768171,0.0],[88.213544,43.767986,0.0]],[[88.234401,43.772358,0.0],[88.234548,43.772099,0.0],[88.234848,43.771912,0.0],[88.235302,43.771797,0.0],[88.235412,43.771766,0.0],[88.235306,43.771981,0.0],[88.235159,43.772239,0.0],[88.235012,43.772498,0.0],[88.234866,43.772757,0.0],[88.23477,43.773052,0.0],[88.234623,43.773311,0.0],[88.234427,43.773607,0.0],[88.234102,43.773884,0.0],[88.233606,43.773919,0.0],[88.233104,43.77381,0.0],[88.233047,43.773716,0.0],[88.233209,43.773546,0.0],[88.233458,43.773323,0.0],[88.233757,43.7731,0.0],[88.233955,43.77284,0.0],[88.234152,43.772581,0.0],[88.234401,43.772358,0.0]],[[88.229581,43.766245,0.0],[88.229639,43.766235,0.0],[88.229632,43.766281,0.0],[88.229538,43.766613,0.0],[88.229391,43.766872,0.0],[88.229038,43.766986,0.0],[88.228584,43.767064,0.0],[88.228177,43.766995,0.0],[88.22812,43.766702,0.0],[88.22842,43.766515,0.0],[88.228773,43.766401,0.0],[88.229177,43.766323,0.0],[88.229581,43.766245,0.0]]]}},{"type":"Feature","properties":{"rgi_id":"RGI2000-v7.0-G-13-41411","o1region":"13"},"geometry":{"type":"Polygon","coordinates":[[[88.236071,43.767244,0.0],[88.236121,43.767269,0.0],[88.236527,43.767265,0.0],[88.236932,43.767224,0.0],[88.237054,43.767158,0.0],[88.237102,43.767257,0.0],[88.237185,43.767484,0.0],[88.237283,43.767553,0.0],[88.237489,43.767524,0.0],[88.237783,43.767449,0.0],[88.237833,43.767421,0.0],[88.238133,43.767418,0.0],[88.238645,43.767374,0.0],[88.239118,43.767341,0.0],[88.239802,43.767352,0.0],[88.240417,43.767212,0.0],[88.240887,43.767055,0.0],[88.241228,43.767013,0.0],[88.241623,43.767028,0.0],[88.241965,43.767033,0.0],[88.242216,43.767097,0.0],[88.242584,43.767122,0.0],[88.242913,43.767137,0.0],[88.242972,43.767128,0.0],[88.24312,43.767058,0.0],[88.243385,43.766949,0.0],[88.243431,43.766845,0.0],[88.243347,43.766617,0.0],[88.24298,43.766517,0.0],[88.242598,43.766522,0.0],[88.242189,43.766459,0.0],[88.241858,43.766349,0.0],[88.24154,43.766238,0.0],[88.241223,43.766127,0.0],[88.240788,43.766103,0.0],[88.240235,43.766071,0.0],[88.239839,43.765999,0.0],[88.239521,43.76585,0.0],[88.239136,43.765701,0.0],[88.2387,43.765601,0.0],[88.238147,43.765541,0.0],[88.237463,43.765558,0.0],[88.237213,43.765541,0.0],[88.236993,43.765578,0.0],[88.236893,43.76572,0.0],[88.236893,43.766064,0.0],[88.236805,43.766013,0.0],[88.236447,43.76587,0.0],[88.236223,43.765734,0.0],[88.236147,43.765907,0.0],[88.236086,43.766202,0.0],[88.236024,43.766496,0.0],[88.23603,43.76679,0.0],[88.236036,43.767084,0.0],[88.236071,43.767244,0.0]]]}},{"type":"Feature","properties":{"rgi_id":"RGI2000-v7.0-G-13-41412","o1region":"13"},"geometry":{"type":"Polygon","coordinates":[[[88.235834,43.758747,0.0],[88.235409,43.758835,0.0],[88.235083,43.758958,0.0],[88.234756,43.759081,0.0],[88.234579,43.759261,0.0],[88.234418,43.759394,0.0],[88.23424,43.759551,0.0],[88.234096,43.759731,0.0],[88.234149,43.759921,0.0],[88.234499,43.760167,0.0],[88.234831,43.76033,0.0],[88.235227,43.760374,0.0],[88.235588,43.760382,0.0],[88.235888,43.760569,0.0],[88.236138,43.760733,0.0],[88.236323,43.760958,0.0],[88.236638,43.761073,0.0],[88.236856,43.761285,0.0],[88.236992,43.761486,0.0],[88.237341,43.761709,0.0],[88.237674,43.76192,0.0],[88.238005,43.762011,0.0],[88.238482,43.762042,0.0],[88.23891,43.762085,0.0],[88.23929,43.762152,0.0],[88.239784,43.762206,0.0],[88.240245,43.762261,0.0],[88.240574,43.762269,0.0],[88.240919,43.762254,0.0],[88.241344,43.762154,0.0],[88.241654,43.762019,0.0],[88.241946,43.761826,0.0],[88.242188,43.761632,0.0],[88.242544,43.761378,0.0],[88.242934,43.76116,0.0],[88.243291,43.760941,0.0],[88.243532,43.760665,0.0],[88.243673,43.760342,0.0],[88.243734,43.760079,0.0],[88.243711,43.759782,0.0],[88.243525,43.759521,0.0],[88.243324,43.759357,0.0],[88.243044,43.759312,0.0],[88.242734,43.759423,0.0],[88.242458,43.759593,0.0],[88.242153,43.759929,0.0],[88.241994,43.760193,0.0],[88.241603,43.760352,0.0],[88.241192,43.760369,0.0],[88.240747,43.760302,0.0],[88.240514,43.760174,0.0],[88.24033,43.760009,0.0],[88.24013,43.759868,0.0],[88.239815,43.759729,0.0],[88.239305,43.759698,0.0],[88.238794,43.759644,0.0],[88.238233,43.759507,0.0],[88.237769,43.759334,0.0],[88.237419,43.759087,0.0],[88.23707,43.758901,0.0],[88.236755,43.758749,0.0],[88.236261,43.758743,0.0],[88.235834,43.758747,0.0]]]}},{"type":"Feature","properties":{"rgi_id":"RGI2000-v7.0-G-13-41413","o1region":"13"},"geometry":{"type":"Polygon","coordinates":[[[88.239351,43.750013,0.0],[88.239274,43.749705,0.0],[88.238985,43.749501,0.0],[88.238696,43.749298,0.0],[88.23827,43.749354,0.0],[88.238179,43.749395,0.0],[88.238054,43.749303,0.0],[88.237656,43.749325,0.0],[88.237289,43.749396,0.0],[88.236882,43.74941,0.0],[88.236592,43.749375,0.0],[88.236343,43.749406,0.0],[88.236121,43.749514,0.0],[88.235912,43.749535,0.0],[88.235873,43.749535,0.0],[88.23587,43.749611,0.0],[88.235834,43.749797,0.0],[88.23584,43.750097,0.0],[88.235904,43.750311,0.0],[88.23595,43.750625,0.0],[88.235916,43.750883,0.0],[88.235942,43.751197,0.0],[88.236007,43.751511,0.0],[88.236092,43.751781,0.0],[88.236175,43.751973,0.0],[88.236541,43.752231,0.0],[88.236859,43.752478,0.0],[88.237012,43.75275,0.0],[88.237022,43.752902,0.0],[88.23717,43.753209,0.0],[88.237446,43.7535,0.0],[88.237654,43.753743,0.0],[88.237929,43.753985,0.0],[88.238205,43.754227,0.0],[88.23848,43.754468,0.0],[88.238754,43.754661,0.0],[88.239029,43.754854,0.0],[88.23917,43.755147,0.0],[88.239445,43.755389,0.0],[88.239612,43.755584,0.0],[88.240015,43.755719,0.0],[88.240428,43.755834,0.0],[88.24076,43.755997,0.0],[88.241207,43.756147,0.0],[88.24157,43.756215,0.0],[88.241781,43.756081,0.0],[88.242056,43.755864,0.0],[88.242332,43.755718,0.0],[88.242691,43.755607,0.0],[88.243019,43.75558,0.0],[88.243378,43.755468,0.0],[88.243572,43.755276,0.0],[88.2436,43.755049,0.0],[88.243349,43.754861,0.0],[88.243016,43.754651,0.0],[88.242784,43.75451,0.0],[88.242517,43.754334,0.0],[88.2422,43.754123,0.0],[88.241786,43.753949,0.0],[88.241387,43.753727,0.0],[88.241085,43.753433,0.0],[88.24085,43.753197,0.0],[88.240599,43.75295,0.0],[88.240443,43.75257,0.0],[88.240264,43.752322,0.0],[88.239982,43.752068,0.0],[88.239741,43.751856,0.0],[88.239658,43.751628,0.0],[88.239669,43.751242,0.0],[88.239802,43.750998,0.0],[88.240011,43.750935,0.0],[88.240437,43.750879,0.0],[88.240717,43.750669,0.0],[88.240854,43.75041,0.0],[88.240848,43.7501,0.0],[88.240559,43.749897,0.0],[88.240061,43.749903,0.0],[88.239635,43.749959,0.0],[88.239352,43.750039,0.0],[88.239351,43.750013,0.0]]]}},{"type":"Feature","properties":{"rgi_id":"RGI2000-v7.0-G-13-41414","o1region":"13"},"geometry":{"type":"Polygon","coordinates":[[[88.230286,43.758883,0.0],[88.229919,43.758906,0.0],[88.22958,43.759043,0.0],[88.229373,43.759207,0.0],[88.229139,43.759353,0.0],[88.228839,43.759451,0.0],[88.228247,43.759457,0.0],[88.2278,43.759472,0.0],[88.227325,43.759391,0.0],[88.226888,43.759224,0.0],[88.226544,43.759085,0.0],[88.226238,43.758953,0.0],[88.226205,43.758961,0.0],[88.225871,43.75916,0.0],[88.225607,43.759506,0.0],[88.225613,43.7598,0.0],[88.225755,43.760092,0.0],[88.225828,43.760385,0.0],[88.226036,43.760628,0.0],[88.226244,43.760871,0.0],[88.226385,43.761163,0.0],[88.226659,43.761356,0.0],[88.226893,43.761561,0.0],[88.227185,43.761537,0.0],[88.227327,43.761546,0.0],[88.227743,43.761491,0.0],[88.228148,43.761438,0.0],[88.228619,43.761335,0.0],[88.229024,43.761331,0.0],[88.22943,43.761326,0.0],[88.229835,43.761322,0.0],[88.229836,43.761298,0.0],[88.229885,43.761136,0.0],[88.230001,43.76102,0.0],[88.230383,43.761016,0.0],[88.230594,43.761071,0.0],[88.230701,43.761175,0.0],[88.230862,43.761316,0.0],[88.230922,43.761447,0.0],[88.231083,43.761478,0.0],[88.231109,43.761497,0.0],[88.231477,43.761474,0.0],[88.23179,43.761375,0.0],[88.232051,43.761239,0.0],[88.232257,43.761065,0.0],[88.232314,43.760954,0.0],[88.23218,43.760846,0.0],[88.231852,43.76081,0.0],[88.231377,43.760717,0.0],[88.231169,43.760475,0.0],[88.230893,43.760184,0.0],[88.230887,43.75989,0.0],[88.230678,43.759598,0.0],[88.230605,43.759305,0.0],[88.230397,43.759062,0.0],[88.230314,43.75889,0.0],[88.230286,43.758883,0.0]]]}},{"type":"Feature","properties":{"rgi_id":"RGI2000-v7.0-G-13-41415","o1region":"13"},"geometry":{"type":"Polygon","coordinates":[[[88.244985,43.773583,0.0],[88.245191,43.773588,0.0],[88.245444,43.773747,0.0],[88.245682,43.773821,0.0],[88.245998,43.773827,0.0],[88.2463,43.773795,0.0],[88.24652,43.773649,0.0],[88.24665,43.773591,0.0],[88.247119,43.773338,0.0],[88.247522,43.773114,0.0],[88.247807,43.77293,0.0],[88.248119,43.772736,0.0],[88.248445,43.772647,0.0],[88.248824,43.77249,0.0],[88.249136,43.772334,0.0],[88.249475,43.772216,0.0],[88.249908,43.772145,0.0],[88.250313,43.772036,0.0],[88.250586,43.771871,0.0],[88.250856,43.771572,0.0],[88.251076,43.771408,0.0],[88.251149,43.771121,0.0],[88.251157,43.770892,0.0],[88.250971,43.770771,0.0],[88.250577,43.770794,0.0],[88.250117,43.770847,0.0],[88.249696,43.770794,0.0],[88.249326,43.770703,0.0],[88.248979,43.770478,0.0],[88.248777,43.770251,0.0],[88.248589,43.770082,0.0],[88.24827,43.769923,0.0],[88.248019,43.76986,0.0],[88.247663,43.769816,0.0],[88.247165,43.769859,0.0],[88.246801,43.770082,0.0],[88.246528,43.770257,0.0],[88.246308,43.770402,0.0],[88.245956,43.77054,0.0],[88.24559,43.770658,0.0],[88.245304,43.770833,0.0],[88.245017,43.77095,0.0],[88.244798,43.771143,0.0],[88.244632,43.771373,0.0],[88.244453,43.771633,0.0],[88.244047,43.771694,0.0],[88.243625,43.77167,0.0],[88.243366,43.771835,0.0],[88.24354,43.772014,0.0],[88.24386,43.77222,0.0],[88.243813,43.772478,0.0],[88.243816,43.772641,0.0],[88.243685,43.772661,0.0],[88.243625,43.772681,0.0],[88.243794,43.772829,0.0],[88.244068,43.773022,0.0],[88.244342,43.773215,0.0],[88.244683,43.773358,0.0],[88.244958,43.773551,0.0],[88.244985,43.773583,0.0]]]}},{"type":"Feature","properties":{"rgi_id":"RGI2000-v7.0-G-13-41416","o1region":"13"},"geometry":{"type":"Polygon","coordinates":[[[88.255535,43.780931,0.0],[88.255696,43.780821,0.0],[88.255879,43.78089,0.0],[88.255834,43.781141,0.0],[88.255624,43.781298,0.0],[88.255563,43.781537,0.0],[88.25565,43.781762,0.0],[88.255964,43.781806,0.0],[88.256325,43.781802,0.0],[88.256572,43.781812,0.0],[88.256539,43.781812,0.0],[88.256831,43.781923,0.0],[88.257374,43.781941,0.0],[88.257884,43.781983,0.0],[88.258184,43.782182,0.0],[88.258467,43.782358,0.0],[88.258816,43.782509,0.0],[88.259197,43.782648,0.0],[88.259609,43.782714,0.0],[88.259784,43.782439,0.0],[88.260026,43.782198,0.0],[88.260498,43.781954,0.0],[88.260988,43.78183,0.0],[88.261496,43.781765,0.0],[88.262235,43.781721,0.0],[88.26266,43.781597,0.0],[88.263167,43.781472,0.0],[88.263625,43.781336,0.0],[88.264149,43.781259,0.0],[88.264459,43.781136,0.0],[88.26457,43.780956,0.0],[88.264466,43.780695,0.0],[88.264086,43.780604,0.0],[88.263609,43.780598,0.0],[88.26318,43.780543,0.0],[88.262782,43.780333,0.0],[88.262467,43.780217,0.0],[88.261889,43.780105,0.0],[88.261458,43.779931,0.0],[88.261157,43.779672,0.0],[88.260854,43.779377,0.0],[88.26057,43.779142,0.0],[88.260254,43.778955,0.0],[88.259906,43.778852,0.0],[88.259547,43.778975,0.0],[88.259187,43.779027,0.0],[88.258826,43.779066,0.0],[88.258497,43.77907,0.0],[88.258251,43.779108,0.0],[88.258189,43.779276,0.0],[88.258326,43.779536,0.0],[88.25851,43.779665,0.0],[88.258596,43.779867,0.0],[88.258487,43.780154,0.0],[88.258126,43.78017,0.0],[88.257549,43.780129,0.0],[88.25712,43.780026,0.0],[88.256821,43.779886,0.0],[88.256328,43.779916,0.0],[88.25587,43.780016,0.0],[88.255675,43.780137,0.0],[88.255538,43.780151,0.0],[88.255541,43.780275,0.0],[88.255547,43.780584,0.0],[88.255554,43.780894,0.0],[88.255535,43.780931,0.0]]]}},{"type":"Feature","properties":{"rgi_id":"RGI2000-v7.0-G-13-41417","o1region":"13"},"geometry":{"type":"Polygon","coordinates":[[[88.260844,43.785748,0.0],[88.26017,43.785058,0.0],[88.259712,43.784989,0.0],[88.259256,43.784994,0.0],[88.25885,43.784999,0.0],[88.258601,43.785222,0.0],[88.258301,43.785409,0.0],[88.25795,43.785596,0.0],[88.257547,43.785711,0.0],[88.25714,43.785679,0.0],[88.256733,43.78561,0.0],[88.256275,43.785541,0.0],[88.255868,43.785472,0.0],[88.255463,43.785477,0.0],[88.255214,43.7857,0.0],[88.254913,43.785887,0.0],[88.254613,43.786074,0.0],[88.254366,43.786371,0.0],[88.254219,43.786629,0.0],[88.254427,43.786884,0.0],[88.254784,43.786991,0.0],[88.255141,43.787097,0.0],[88.255549,43.787203,0.0],[88.256006,43.787234,0.0],[88.256463,43.787229,0.0],[88.256918,43.787151,0.0],[88.257269,43.786963,0.0],[88.257621,43.786849,0.0],[88.258075,43.786734,0.0],[88.25848,43.786693,0.0],[88.258936,43.786651,0.0],[88.259341,43.786647,0.0],[88.259747,43.786642,0.0],[88.260099,43.786528,0.0],[88.260347,43.786268,0.0],[88.260545,43.786009,0.0],[88.260793,43.785749,0.0],[88.260844,43.785748,0.0]]]}},{"type":"Feature","properties":{"rgi_id":"RGI2000-v7.0-G-13-41418","o1region":"13"},"geometry":{"type":"Polygon","coordinates":[[[88.261544,43.787706,0.0],[88.261698,43.787796,0.0],[88.262006,43.787976,0.0],[88.262314,43.788157,0.0],[88.262673,43.788337,0.0],[88.262931,43.788554,0.0],[88.263139,43.788809,0.0],[88.263398,43.789027,0.0],[88.263555,43.789282,0.0],[88.263591,43.789326,0.0],[88.263709,43.789361,0.0],[88.264167,43.78943,0.0],[88.264524,43.789536,0.0],[88.26493,43.789531,0.0],[88.265385,43.789489,0.0],[88.265788,43.789338,0.0],[88.266192,43.78926,0.0],[88.266646,43.789182,0.0],[88.267051,43.789104,0.0],[88.267456,43.789099,0.0],[88.267912,43.789057,0.0],[88.268264,43.788943,0.0],[88.268564,43.788719,0.0],[88.268966,43.788531,0.0],[88.269214,43.788308,0.0],[88.269361,43.788049,0.0],[88.269003,43.787906,0.0],[88.268599,43.787984,0.0],[88.268246,43.788098,0.0],[88.267894,43.788213,0.0],[88.267488,43.788217,0.0],[88.267083,43.788222,0.0],[88.266677,43.788226,0.0],[88.26632,43.78812,0.0],[88.26596,43.787903,0.0],[88.265953,43.787745,0.0],[88.266018,43.787434,0.0],[88.266011,43.787125,0.0],[88.265934,43.786816,0.0],[88.265507,43.786821,0.0],[88.265079,43.786826,0.0],[88.264721,43.786726,0.0],[88.264363,43.786627,0.0],[88.263933,43.786529,0.0],[88.263575,43.78643,0.0],[88.263217,43.78633,0.0],[88.262859,43.786231,0.0],[88.2625,43.78608,0.0],[88.262141,43.785981,0.0],[88.261788,43.786088,0.0],[88.261507,43.786298,0.0],[88.261154,43.786456,0.0],[88.261017,43.786716,0.0],[88.261166,43.787024,0.0],[88.261526,43.787175,0.0],[88.261598,43.787225,0.0],[88.261537,43.787364,0.0],[88.261543,43.787658,0.0],[88.261544,43.787706,0.0]]]}},{"type":"Feature","properties":{"rgi_id":"RGI2000-v7.0-G-13-41419","o1region":"13"},"geometry":{"type":"Polygon","coordinates":[[[88.266032,43.79412,0.0],[88.266249,43.794384,0.0],[88.266522,43.794446,0.0],[88.266952,43.794545,0.0],[88.26731,43.794644,0.0],[88.267742,43.794845,0.0],[88.268102,43.795048,0.0],[88.268223,43.795116,0.0],[88.268547,43.795112,0.0],[88.268705,43.79511,0.0],[88.268951,43.795024,0.0],[88.269381,43.794819,0.0],[88.269732,43.794586,0.0],[88.26985,43.794377,0.0],[88.269847,43.794253,0.0],[88.269689,43.793961,0.0],[88.269581,43.793631,0.0],[88.269322,43.793414,0.0],[88.269014,43.793233,0.0],[88.268706,43.793053,0.0],[88.268498,43.792798,0.0],[88.26824,43.792581,0.0],[88.268031,43.792289,0.0],[88.267976,43.7922,0.0],[88.267672,43.792109,0.0],[88.267598,43.79209,0.0],[88.267528,43.792081,0.0],[88.267171,43.792013,0.0],[88.266814,43.791917,0.0],[88.266613,43.791762,0.0],[88.266452,43.791593,0.0],[88.266245,43.791347,0.0],[88.266162,43.791119,0.0],[88.266023,43.791052,0.0],[88.266017,43.790737,0.0],[88.265586,43.790587,0.0],[88.26516,43.790643,0.0],[88.264733,43.790648,0.0],[88.264305,43.790652,0.0],[88.263951,43.79076,0.0],[88.263526,43.790867,0.0],[88.263174,43.791026,0.0],[88.262893,43.791236,0.0],[88.262614,43.791497,0.0],[88.262478,43.791808,0.0],[88.262611,43.79204,0.0],[88.262626,43.792064,0.0],[88.262845,43.79232,0.0],[88.263204,43.792471,0.0],[88.263388,43.7926,0.0],[88.263422,43.792597,0.0],[88.263828,43.792593,0.0],[88.264185,43.792699,0.0],[88.264543,43.792842,0.0],[88.264801,43.79306,0.0],[88.264959,43.793352,0.0],[88.265088,43.793509,0.0],[88.265298,43.793616,0.0],[88.265798,43.793944,0.0],[88.266032,43.79412,0.0]]]}},{"type":"Feature","properties":{"rgi_id":"RGI2000-v7.0-G-13-41420","o1region":"13"},"geometry":{"type":"Polygon","coordinates":[[[88.261544,43.787706,0.0],[88.26155,43.788013,0.0],[88.261247,43.788053,0.0],[88.260932,43.788056,0.0],[88.260888,43.78807,0.0],[88.260588,43.788073,0.0],[88.260132,43.788078,0.0],[88.259676,43.78812,0.0],[88.259271,43.788161,0.0],[88.258867,43.788239,0.0],[88.258363,43.788355,0.0],[88.257958,43.788396,0.0],[88.257552,43.7884,0.0],[88.257147,43.788442,0.0],[88.256796,43.788592,0.0],[88.25673,43.788679,0.0],[88.256657,43.788675,0.0],[88.256185,43.788776,0.0],[88.255796,43.789047,0.0],[88.255251,43.789396,0.0],[88.254838,43.789781,0.0],[88.254768,43.790221,0.0],[88.254991,43.79079,0.0],[88.255106,43.790958,0.0],[88.25492,43.791038,0.0],[88.254722,43.791297,0.0],[88.254678,43.791591,0.0],[88.254634,43.791923,0.0],[88.254589,43.792217,0.0],[88.254443,43.792476,0.0],[88.254194,43.792699,0.0],[88.253997,43.792995,0.0],[88.253902,43.79329,0.0],[88.253857,43.793584,0.0],[88.253813,43.793879,0.0],[88.253819,43.794209,0.0],[88.253775,43.794504,0.0],[88.253731,43.794835,0.0],[88.253737,43.795129,0.0],[88.253835,43.795396,0.0],[88.253818,43.795511,0.0],[88.253823,43.795749,0.0],[88.253787,43.795988,0.0],[88.253762,43.796177,0.0],[88.253762,43.796197,0.0],[88.253716,43.796502,0.0],[88.253933,43.796843,0.0],[88.254177,43.797164,0.0],[88.254242,43.797754,0.0],[88.254438,43.798343,0.0],[88.254685,43.798817,0.0],[88.255089,43.79927,0.0],[88.255545,43.799684,0.0],[88.256054,43.800117,0.0],[88.256561,43.800454,0.0],[88.257303,43.800675,0.0],[88.257911,43.80082,0.0],[88.258728,43.800869,0.0],[88.259361,43.800957,0.0],[88.260045,43.80093,0.0],[88.260543,43.800868,0.0],[88.261038,43.800614,0.0],[88.261532,43.800342,0.0],[88.261763,43.800073,0.0],[88.262046,43.799746,0.0],[88.262063,43.799326,0.0],[88.262081,43.798926,0.0],[88.261891,43.798661,0.0],[88.26165,43.798435,0.0],[88.26143,43.79821,0.0],[88.261307,43.798124,0.0],[88.260997,43.79787,0.0],[88.260739,43.797653,0.0],[88.260581,43.797361,0.0],[88.260676,43.797066,0.0],[88.260976,43.796879,0.0],[88.261123,43.79662,0.0],[88.26132,43.79636,0.0],[88.261518,43.796101,0.0],[88.261675,43.796357,0.0],[88.261884,43.796648,0.0],[88.261908,43.796686,0.0],[88.262349,43.796636,0.0],[88.262882,43.796582,0.0],[88.262946,43.796497,0.0],[88.263093,43.796238,0.0],[88.263137,43.795944,0.0],[88.263131,43.79565,0.0],[88.263024,43.795357,0.0],[88.262866,43.795102,0.0],[88.262608,43.794884,0.0],[88.26235,43.794666,0.0],[88.261991,43.794487,0.0],[88.261733,43.794269,0.0],[88.261376,43.794163,0.0],[88.261017,43.793983,0.0],[88.260659,43.79384,0.0],[88.260401,43.793623,0.0],[88.260344,43.793329,0.0],[88.260696,43.793178,0.0],[88.260979,43.793124,0.0],[88.261011,43.793068,0.0],[88.261562,43.793024,0.0],[88.261771,43.792926,0.0],[88.261765,43.792678,0.0],[88.26134,43.792473,0.0],[88.261281,43.792169,0.0],[88.261221,43.791808,0.0],[88.261188,43.791484,0.0],[88.261234,43.791179,0.0],[88.261439,43.790929,0.0],[88.261777,43.790734,0.0],[88.262089,43.79054,0.0],[88.262346,43.790271,0.0],[88.26284,43.78996,0.0],[88.263175,43.789671,0.0],[88.263491,43.789362,0.0],[88.263469,43.78929,0.0],[88.263591,43.789326,0.0],[88.263555,43.789282,0.0],[88.263398,43.789027,0.0],[88.263139,43.788809,0.0],[88.262931,43.788554,0.0],[88.262673,43.788337,0.0],[88.262314,43.788157,0.0],[88.262006,43.787976,0.0],[88.261698,43.787796,0.0],[88.261544,43.787706,0.0]]]}},{"type":"Feature","properties":{"rgi_id":"RGI2000-v7.0-G-13-41421","o1region":"13"},"geometry":{"type":"Polygon","coordinates":[[[88.249897,43.779955,0.0],[88.249702,43.77982,0.0],[88.24941,43.779501,0.0],[88.249477,43.779467,0.0],[88.249454,43.779444,0.0],[88.249297,43.779189,0.0],[88.249139,43.778933,0.0],[88.249072,43.778824,0.0],[88.248833,43.778848,0.0],[88.248378,43.77889,0.0],[88.247973,43.778931,0.0],[88.247568,43.778972,0.0],[88.247114,43.779051,0.0],[88.24671,43.779165,0.0],[88.246256,43.779244,0.0],[88.246079,43.779301,0.0],[88.245901,43.779248,0.0],[88.245548,43.779362,0.0],[88.245351,43.779621,0.0],[88.245204,43.77988,0.0],[88.244904,43.780067,0.0],[88.24445,43.780182,0.0],[88.24415,43.780406,0.0],[88.244106,43.7807,0.0],[88.244085,43.780839,0.0],[88.244067,43.780863,0.0],[88.243875,43.781115,0.0],[88.243665,43.781296,0.0],[88.243405,43.78143,0.0],[88.243325,43.78155,0.0],[88.243313,43.781764,0.0],[88.243383,43.78199,0.0],[88.243341,43.7823,0.0],[88.243427,43.782513,0.0],[88.243554,43.782758,0.0],[88.243541,43.7828,0.0],[88.243547,43.783094,0.0],[88.243503,43.783425,0.0],[88.243357,43.783721,0.0],[88.243238,43.783877,0.0],[88.242841,43.783894,0.0],[88.242391,43.784071,0.0],[88.242,43.784261,0.0],[88.241728,43.784478,0.0],[88.241451,43.784727,0.0],[88.241453,43.784836,0.0],[88.241459,43.78513,0.0],[88.241567,43.785423,0.0],[88.241724,43.785678,0.0],[88.241932,43.785933,0.0],[88.24209,43.786189,0.0],[88.242094,43.78621,0.0],[88.24216,43.78626,0.0],[88.242402,43.786529,0.0],[88.242723,43.786783,0.0],[88.243003,43.786966,0.0],[88.243225,43.787178,0.0],[88.243291,43.78752,0.0],[88.243242,43.787875,0.0],[88.242658,43.788239,0.0],[88.242402,43.788575,0.0],[88.242312,43.788981,0.0],[88.242356,43.789272,0.0],[88.242465,43.789638,0.0],[88.242471,43.789932,0.0],[88.242427,43.790226,0.0],[88.242382,43.790521,0.0],[88.242235,43.79078,0.0],[88.242038,43.791039,0.0],[88.241892,43.791334,0.0],[88.241656,43.791617,0.0],[88.241645,43.791704,0.0],[88.241588,43.792158,0.0],[88.241524,43.792295,0.0],[88.241541,43.792328,0.0],[88.241598,43.792556,0.0],[88.241682,43.792784,0.0],[88.241739,43.793012,0.0],[88.241823,43.79324,0.0],[88.241958,43.793448,0.0],[88.242094,43.793656,0.0],[88.242308,43.793825,0.0],[88.242548,43.793975,0.0],[88.242632,43.794022,0.0],[88.24291,43.793968,0.0],[88.243263,43.793854,0.0],[88.243613,43.79363,0.0],[88.243861,43.79337,0.0],[88.244162,43.793183,0.0],[88.244461,43.79296,0.0],[88.244762,43.792773,0.0],[88.245062,43.792586,0.0],[88.245414,43.792435,0.0],[88.245715,43.792248,0.0],[88.245963,43.792025,0.0],[88.246161,43.791765,0.0],[88.246408,43.791469,0.0],[88.246706,43.791172,0.0],[88.246903,43.790876,0.0],[88.247152,43.790652,0.0],[88.2474,43.790393,0.0],[88.2477,43.790169,0.0],[88.247999,43.789908,0.0],[88.248348,43.789611,0.0],[88.248698,43.789386,0.0],[88.248998,43.7892,0.0],[88.249299,43.789013,0.0],[88.249599,43.788826,0.0],[88.249746,43.788567,0.0],[88.249993,43.78827,0.0],[88.25014,43.788011,0.0],[88.250049,43.787873,0.0],[88.250007,43.787444,0.0],[88.249974,43.787338,0.0],[88.249972,43.787242,0.0],[88.249965,43.786911,0.0],[88.249959,43.786617,0.0],[88.24985,43.786288,0.0],[88.249794,43.785995,0.0],[88.249636,43.785739,0.0],[88.249427,43.785447,0.0],[88.249303,43.785274,0.0],[88.24937,43.785154,0.0],[88.249466,43.784859,0.0],[88.24951,43.784565,0.0],[88.249504,43.784271,0.0],[88.249498,43.783977,0.0],[88.249496,43.78386,0.0],[88.249644,43.783682,0.0],[88.249801,43.783541,0.0],[88.2502,43.783573,0.0],[88.250604,43.783495,0.0],[88.250954,43.783271,0.0],[88.250948,43.782977,0.0],[88.251087,43.782731,0.0],[88.251401,43.782825,0.0],[88.251808,43.782894,0.0],[88.252159,43.782706,0.0],[88.252254,43.782411,0.0],[88.252248,43.782117,0.0],[88.25204,43.781863,0.0],[88.251832,43.781608,0.0],[88.251675,43.781352,0.0],[88.251466,43.781061,0.0],[88.251308,43.780805,0.0],[88.251304,43.780596,0.0],[88.250796,43.780568,0.0],[88.250585,43.780463,0.0],[88.250437,43.780389,0.0],[88.25008,43.780245,0.0],[88.249922,43.77999,0.0],[88.249897,43.779955,0.0]],[[88.247484,43.782221,0.0],[88.247577,43.782475,0.0],[88.247698,43.78241,0.0],[88.247744,43.782534,0.0],[88.248102,43.782677,0.0],[88.248429,43.782841,0.0],[88.248361,43.782961,0.0],[88.247857,43.783077,0.0],[88.247616,43.783138,0.0],[88.247416,43.783018,0.0],[88.247081,43.782816,0.0],[88.247089,43.782762,0.0],[88.247179,43.782706,0.0],[88.247086,43.782593,0.0],[88.246978,43.7823,0.0],[88.246922,43.782007,0.0],[88.246714,43.781752,0.0],[88.246505,43.781497,0.0],[88.246449,43.781204,0.0],[88.246442,43.78091,0.0],[88.24685,43.780979,0.0],[88.247258,43.781121,0.0],[88.247516,43.781339,0.0],[88.247874,43.781482,0.0],[88.247982,43.781775,0.0],[88.247733,43.781998,0.0],[88.247484,43.782221,0.0]],[[88.246762,43.78674,0.0],[88.246516,43.786778,0.0],[88.24626,43.786781,0.0],[88.246062,43.78674,0.0],[88.245911,43.786606,0.0],[88.245702,43.78653,0.0],[88.245465,43.78649,0.0],[88.245433,43.786376,0.0],[88.245637,43.786238,0.0],[88.245664,43.786116,0.0],[88.245484,43.786019,0.0],[88.245681,43.785753,0.0],[88.245726,43.78576,0.0],[88.246039,43.785793,0.0],[88.246417,43.785824,0.0],[88.246699,43.785904,0.0],[88.246827,43.786082,0.0],[88.246931,43.786309,0.0],[88.247013,43.786494,0.0],[88.246977,43.786659,0.0],[88.246762,43.78674,0.0]]]}},{"type":"Feature","properties":{"rgi_id":"RGI2000-v7.0-G-13-41422","o1region":"13"},"geometry":{"type":"Polygon","coordinates":[[[88.240462,43.788076,0.0],[88.240461,43.788024,0.0],[88.240455,43.787715,0.0],[88.240449,43.787405,0.0],[88.240442,43.787096,0.0],[88.240436,43.786786,0.0],[88.240074,43.786532,0.0],[88.239715,43.786381,0.0],[88.239435,43.786591,0.0],[88.23937,43.786901,0.0],[88.239305,43.787211,0.0],[88.239311,43.787521,0.0],[88.239459,43.787777,0.0],[88.239748,43.78798,0.0],[88.240462,43.788076,0.0]]]}},{"type":"Feature","properties":{"rgi_id":"RGI2000-v7.0-G-13-41423","o1region":"13"},"geometry":{"type":"Polygon","coordinates":[[[88.236421,43.801475,0.0],[88.236063,43.801368,0.0],[88.235855,43.801113,0.0],[88.235446,43.800934,0.0],[88.23504,43.800939,0.0],[88.234687,43.801053,0.0],[88.234643,43.801347,0.0],[88.234649,43.801641,0.0],[88.234806,43.801896,0.0],[88.234964,43.802152,0.0],[88.235371,43.802221,0.0],[88.235777,43.802216,0.0],[88.236234,43.802248,0.0],[88.236593,43.802428,0.0],[88.2367,43.802721,0.0],[88.236757,43.803014,0.0],[88.236763,43.803308,0.0],[88.236565,43.803567,0.0],[88.236419,43.803826,0.0],[88.236425,43.80412,0.0],[88.236431,43.804414,0.0],[88.236487,43.804707,0.0],[88.236696,43.804962,0.0],[88.236954,43.805216,0.0],[88.237313,43.805396,0.0],[88.237719,43.805392,0.0],[88.238175,43.805387,0.0],[88.238579,43.805272,0.0],[88.238879,43.805085,0.0],[88.239374,43.804455,0.0],[88.239373,43.804419,0.0],[88.239366,43.804088,0.0],[88.239366,43.804066,0.0],[88.239013,43.804027,0.0],[88.238654,43.803876,0.0],[88.238365,43.803673,0.0],[88.238217,43.803417,0.0],[88.238353,43.803106,0.0],[88.238735,43.80304,0.0],[88.238428,43.802886,0.0],[88.23817,43.802668,0.0],[88.238575,43.802627,0.0],[88.239031,43.802585,0.0],[88.239436,43.802581,0.0],[88.239893,43.802576,0.0],[88.240295,43.802388,0.0],[88.240442,43.802129,0.0],[88.240486,43.801835,0.0],[88.240379,43.801542,0.0],[88.240071,43.801362,0.0],[88.239713,43.801219,0.0],[88.239306,43.801186,0.0],[88.238899,43.801117,0.0],[88.238495,43.801195,0.0],[88.238194,43.801382,0.0],[88.237945,43.801605,0.0],[88.237793,43.801593,0.0],[88.237753,43.801668,0.0],[88.237473,43.801877,0.0],[88.237046,43.801933,0.0],[88.236826,43.801626,0.0],[88.236678,43.80137,0.0],[88.236421,43.801475,0.0]]]}},{"type":"Feature","properties":{"rgi_id":"RGI2000-v7.0-G-13-41424","o1region":"13"},"geometry":{"type":"Polygon","coordinates":[[[88.231455,43.80421,0.0],[88.231555,43.804034,0.0],[88.231887,43.80395,0.0],[88.232314,43.803893,0.0],[88.232668,43.803786,0.0],[88.233022,43.803679,0.0],[88.233302,43.80347,0.0],[88.233367,43.80316,0.0],[88.233219,43.802903,0.0],[88.232999,43.802596,0.0],[88.232737,43.80232,0.0],[88.232932,43.802027,0.0],[88.233031,43.801953,0.0],[88.233078,43.801844,0.0],[88.233306,43.801711,0.0],[88.233464,43.801423,0.0],[88.233296,43.801211,0.0],[88.233159,43.800986,0.0],[88.232793,43.800787,0.0],[88.232446,43.800684,0.0],[88.232261,43.800495,0.0],[88.23206,43.800295,0.0],[88.231744,43.800143,0.0],[88.231334,43.800172,0.0],[88.230757,43.800106,0.0],[88.230361,43.800075,0.0],[88.229999,43.800031,0.0],[88.229719,43.800034,0.0],[88.229408,43.800121,0.0],[88.229048,43.800208,0.0],[88.228605,43.800213,0.0],[88.228128,43.80023,0.0],[88.227701,43.800258,0.0],[88.227491,43.800427,0.0],[88.227446,43.800678,0.0],[88.227482,43.800832,0.0],[88.227667,43.801033,0.0],[88.227885,43.801221,0.0],[88.228135,43.801361,0.0],[88.228372,43.801716,0.0],[88.228558,43.801976,0.0],[88.228842,43.802152,0.0],[88.229127,43.802458,0.0],[88.229233,43.802791,0.0],[88.229222,43.803065,0.0],[88.229179,43.803351,0.0],[88.229169,43.803661,0.0],[88.229109,43.803948,0.0],[88.229147,43.804209,0.0],[88.229234,43.804423,0.0],[88.229172,43.80465,0.0],[88.229093,43.804793,0.0],[88.229081,43.805008,0.0],[88.229184,43.805209,0.0],[88.229482,43.80529,0.0],[88.229778,43.805286,0.0],[88.230055,43.8052,0.0],[88.230396,43.804958,0.0],[88.230753,43.804728,0.0],[88.231127,43.80451,0.0],[88.231458,43.804352,0.0],[88.231455,43.80421,0.0]]]}},{"type":"Feature","properties":{"rgi_id":"RGI2000-v7.0-G-13-41425","o1region":"13"},"geometry":{"type":"Polygon","coordinates":[[[88.237344,43.806035,0.0],[88.23713,43.80618,0.0],[88.237019,43.806553,0.0],[88.236907,43.806869,0.0],[88.237231,43.807265,0.0],[88.237715,43.807746,0.0],[88.237743,43.808146,0.0],[88.237928,43.808544,0.0],[88.238015,43.808929,0.0],[88.23832,43.809369,0.0],[88.238663,43.809708,0.0],[88.238892,43.810263,0.0],[88.239096,43.810604,0.0],[88.239535,43.810857,0.0],[88.239916,43.81111,0.0],[88.240252,43.811163,0.0],[88.240587,43.811131,0.0],[88.240977,43.810884,0.0],[88.241387,43.810651,0.0],[88.24141,43.810644,0.0],[88.241529,43.810567,0.0],[88.24188,43.810343,0.0],[88.24218,43.810119,0.0],[88.24253,43.809895,0.0],[88.242881,43.809671,0.0],[88.243232,43.809483,0.0],[88.243531,43.809223,0.0],[88.243728,43.808964,0.0],[88.243824,43.808669,0.0],[88.24397,43.80841,0.0],[88.244117,43.808151,0.0],[88.244213,43.807856,0.0],[88.244257,43.807562,0.0],[88.244353,43.807267,0.0],[88.244346,43.806936,0.0],[88.24434,43.806642,0.0],[88.244384,43.806348,0.0],[88.244531,43.806089,0.0],[88.24483,43.805829,0.0],[88.245082,43.805724,0.0],[88.245071,43.805565,0.0],[88.244767,43.805182,0.0],[88.244386,43.804915,0.0],[88.243986,43.804648,0.0],[88.243586,43.804381,0.0],[88.243227,43.804227,0.0],[88.242869,43.804102,0.0],[88.242434,43.804036,0.0],[88.242158,43.804082,0.0],[88.241707,43.804215,0.0],[88.241376,43.804419,0.0],[88.241086,43.804694,0.0],[88.240774,43.804883,0.0],[88.240402,43.805058,0.0],[88.24017,43.805261,0.0],[88.239997,43.805477,0.0],[88.239885,43.805822,0.0],[88.239654,43.806067,0.0],[88.2393,43.806171,0.0],[88.239247,43.806159,0.0],[88.239206,43.806184,0.0],[88.2388,43.806152,0.0],[88.238443,43.806045,0.0],[88.237985,43.806013,0.0],[88.237578,43.805944,0.0],[88.237553,43.805941,0.0],[88.237344,43.806035,0.0]]]}},{"type":"Feature","properties":{"rgi_id":"RGI2000-v7.0-G-13-41426","o1region":"13"},"geometry":{"type":"Polygon","coordinates":[[[88.246274,43.811838,0.0],[88.245868,43.811843,0.0],[88.245592,43.811896,0.0],[88.245506,43.812057,0.0],[88.245369,43.812317,0.0],[88.245161,43.812577,0.0],[88.245072,43.812745,0.0],[88.24523,43.812878,0.0],[88.245588,43.813021,0.0],[88.245948,43.813238,0.0],[88.246256,43.813418,0.0],[88.247265,43.81315,0.0],[88.247315,43.813113,0.0],[88.247462,43.812854,0.0],[88.247455,43.812523,0.0],[88.247448,43.812193,0.0],[88.247357,43.812046,0.0],[88.247287,43.812038,0.0],[88.246858,43.811939,0.0],[88.246498,43.811789,0.0],[88.246425,43.811758,0.0],[88.246274,43.811838,0.0]]]}},{"type":"Feature","properties":{"rgi_id":"RGI2000-v7.0-G-13-41427","o1region":"13"},"geometry":{"type":"Polygon","coordinates":[[[88.246118,43.818967,0.0],[88.246427,43.819031,0.0],[88.246524,43.818999,0.0],[88.246978,43.818848,0.0],[88.247381,43.818733,0.0],[88.247783,43.818545,0.0],[88.248135,43.818394,0.0],[88.248537,43.818206,0.0],[88.248576,43.818184,0.0],[88.248875,43.817754,0.0],[88.248914,43.817699,0.0],[88.248831,43.817472,0.0],[88.248798,43.817472,0.0],[88.248761,43.817428,0.0],[88.249078,43.817355,0.0],[88.249327,43.817132,0.0],[88.249679,43.816981,0.0],[88.249826,43.816722,0.0],[88.249667,43.81643,0.0],[88.24931,43.816324,0.0],[88.248952,43.816181,0.0],[88.248794,43.815925,0.0],[88.248637,43.81567,0.0],[88.248229,43.815564,0.0],[88.247823,43.815569,0.0],[88.247419,43.815647,0.0],[88.247276,43.815723,0.0],[88.246862,43.815726,0.0],[88.246406,43.815731,0.0],[88.246001,43.815772,0.0],[88.245596,43.815813,0.0],[88.245191,43.815891,0.0],[88.244786,43.815932,0.0],[88.24433,43.815974,0.0],[88.243925,43.815979,0.0],[88.24352,43.816056,0.0],[88.243116,43.816134,0.0],[88.242764,43.816285,0.0],[88.242719,43.816579,0.0],[88.242624,43.816874,0.0],[88.242783,43.817203,0.0],[88.243244,43.817419,0.0],[88.243273,43.817428,0.0],[88.243296,43.817492,0.0],[88.243505,43.817747,0.0],[88.243763,43.817964,0.0],[88.24392,43.81822,0.0],[88.244278,43.818326,0.0],[88.244408,43.818378,0.0],[88.244636,43.818469,0.0],[88.245044,43.818575,0.0],[88.245352,43.818755,0.0],[88.24571,43.818861,0.0],[88.246118,43.818967,0.0]]]}},{"type":"Feature","properties":{"rgi_id":"RGI2000-v7.0-G-13-41428","o1region":"13"},"geometry":{"type":"Polygon","coordinates":[[[88.249567,43.809399,0.0],[88.249577,43.809671,0.0],[88.249634,43.809965,0.0],[88.249791,43.81022,0.0],[88.24995,43.810512,0.0],[88.250108,43.810804,0.0],[88.250366,43.811022,0.0],[88.250771,43.810981,0.0],[88.251019,43.810721,0.0],[88.251155,43.810447,0.0],[88.251368,43.810386,0.0],[88.25172,43.810272,0.0],[88.252073,43.810158,0.0],[88.252374,43.809971,0.0],[88.252413,43.809936,0.0],[88.252419,43.809853,0.0],[88.252414,43.809625,0.0],[88.252409,43.809396,0.0],[88.252404,43.809168,0.0],[88.25236,43.808925,0.0],[88.252337,43.808859,0.0],[88.252397,43.808648,0.0],[88.252543,43.80839,0.0],[88.252639,43.808095,0.0],[88.252633,43.807801,0.0],[88.252525,43.807508,0.0],[88.252368,43.807253,0.0],[88.252109,43.807035,0.0],[88.251704,43.80704,0.0],[88.251299,43.807081,0.0],[88.250896,43.807232,0.0],[88.250698,43.807491,0.0],[88.250643,43.807662,0.0],[88.250362,43.807761,0.0],[88.250197,43.807754,0.0],[88.24979,43.807722,0.0],[88.249386,43.8078,0.0],[88.249137,43.808023,0.0],[88.249092,43.808317,0.0],[88.249048,43.808648,0.0],[88.249257,43.80894,0.0],[88.249501,43.809046,0.0],[88.249503,43.809156,0.0],[88.249567,43.809399,0.0]]]}},{"type":"Feature","properties":{"rgi_id":"RGI2000-v7.0-G-13-41429","o1region":"13"},"geometry":{"type":"Polygon","coordinates":[[[88.255527,43.811234,0.0],[88.255749,43.811285,0.0],[88.255963,43.811221,0.0],[88.256317,43.811114,0.0],[88.256671,43.811006,0.0],[88.257098,43.811002,0.0],[88.257528,43.8111,0.0],[88.257956,43.811147,0.0],[88.258528,43.811244,0.0],[88.258761,43.811099,0.0],[88.259014,43.810953,0.0],[88.259248,43.810793,0.0],[88.259441,43.810605,0.0],[88.259655,43.810431,0.0],[88.259868,43.810243,0.0],[88.260022,43.810041,0.0],[88.260192,43.809682,0.0],[88.260206,43.809606,0.0],[88.260175,43.809445,0.0],[88.260068,43.809152,0.0],[88.260011,43.808859,0.0],[88.259902,43.808529,0.0],[88.259795,43.808237,0.0],[88.259738,43.807943,0.0],[88.259579,43.807651,0.0],[88.259465,43.807465,0.0],[88.259374,43.807419,0.0],[88.259095,43.807264,0.0],[88.258816,43.807153,0.0],[88.258518,43.807071,0.0],[88.258201,43.806988,0.0],[88.257903,43.806906,0.0],[88.257586,43.806838,0.0],[88.257269,43.80677,0.0],[88.256913,43.806745,0.0],[88.256597,43.80672,0.0],[88.256262,43.806752,0.0],[88.255927,43.806799,0.0],[88.255593,43.80686,0.0],[88.255278,43.806892,0.0],[88.254963,43.806924,0.0],[88.254702,43.80699,0.0],[88.254492,43.806936,0.0],[88.254084,43.806867,0.0],[88.253679,43.806908,0.0],[88.253431,43.807168,0.0],[88.253437,43.807461,0.0],[88.253443,43.807755,0.0],[88.2535,43.808049,0.0],[88.253608,43.808341,0.0],[88.253765,43.808597,0.0],[88.253874,43.808926,0.0],[88.253981,43.809219,0.0],[88.253987,43.809513,0.0],[88.253994,43.809807,0.0],[88.254,43.8101,0.0],[88.254158,43.810393,0.0],[88.254416,43.81061,0.0],[88.254777,43.810863,0.0],[88.254932,43.810925,0.0],[88.254988,43.810969,0.0],[88.255248,43.811123,0.0],[88.255527,43.811234,0.0]]]}},{"type":"Feature","properties":{"rgi_id":"RGI2000-v7.0-G-13-41430","o1region":"13"},"geometry":{"type":"Polygon","coordinates":[[[88.306839,43.788779,0.0],[88.304753,43.789455,0.0],[88.304469,43.79079,0.0],[88.304388,43.790774,0.0],[88.304116,43.790753,0.0],[88.301002,43.791269,0.0],[88.301089,43.791449,0.0],[88.301122,43.791472,0.0],[88.301257,43.791418,0.0],[88.301368,43.791373,0.0],[88.301358,43.791396,0.0],[88.301023,43.791547,0.0],[88.300551,43.791602,0.0],[88.300147,43.791655,0.0],[88.299742,43.791709,0.0],[88.299336,43.791713,0.0],[88.298931,43.791718,0.0],[88.298525,43.791723,0.0],[88.298599,43.792016,0.0],[88.298874,43.792209,0.0],[88.299083,43.7925,0.0],[88.299358,43.792693,0.0],[88.299406,43.792716,0.0],[88.299119,43.792754,0.0],[88.298716,43.792856,0.0],[88.298244,43.79296,0.0],[88.297978,43.793158,0.0],[88.297712,43.793357,0.0],[88.297651,43.793652,0.0],[88.297657,43.793946,0.0],[88.297731,43.794239,0.0],[88.297939,43.794482,0.0],[88.298414,43.794525,0.0],[88.298887,43.79452,0.0],[88.299292,43.794515,0.0],[88.299698,43.79451,0.0],[88.300105,43.794555,0.0],[88.300246,43.794847,0.0],[88.30032,43.79514,0.0],[88.300327,43.795434,0.0],[88.299993,43.795634,0.0],[88.299588,43.795687,0.0],[88.299184,43.795741,0.0],[88.298779,43.795795,0.0],[88.298375,43.795848,0.0],[88.297969,43.795853,0.0],[88.297562,43.795808,0.0],[88.297157,43.795813,0.0],[88.296683,43.795818,0.0],[88.29621,43.795824,0.0],[88.295804,43.795828,0.0],[88.295398,43.795784,0.0],[88.294991,43.79574,0.0],[88.294584,43.795695,0.0],[88.294111,43.795701,0.0],[88.293707,43.795803,0.0],[88.293376,43.796101,0.0],[88.293178,43.796348,0.0],[88.293047,43.796545,0.0],[88.292709,43.796549,0.0],[88.292236,43.796555,0.0],[88.29183,43.796559,0.0],[88.291426,43.796613,0.0],[88.290954,43.796716,0.0],[88.290619,43.796867,0.0],[88.290285,43.797017,0.0],[88.290018,43.797216,0.0],[88.289821,43.797464,0.0],[88.289557,43.79776,0.0],[88.289226,43.798107,0.0],[88.289183,43.798139,0.0],[88.288407,43.798397,0.0],[88.287592,43.79874,0.0],[88.287107,43.799103,0.0],[88.286989,43.799771,0.0],[88.286669,43.800179,0.0],[88.28595,43.800402,0.0],[88.285498,43.800764,0.0],[88.284975,43.800913,0.0],[88.284153,43.800946,0.0],[88.283266,43.801004,0.0],[88.282611,43.80113,0.0],[88.282225,43.80154,0.0],[88.281417,43.802192,0.0],[88.280937,43.802817,0.0],[88.280753,43.803462,0.0],[88.280339,43.80411,0.0],[88.279792,43.80464,0.0],[88.278982,43.805245,0.0],[88.278397,43.805585,0.0],[88.278311,43.806181,0.0],[88.278484,43.80656,0.0],[88.278656,43.806916,0.0],[88.278666,43.807392,0.0],[88.278378,43.807777,0.0],[88.278021,43.807995,0.0],[88.277492,43.807858,0.0],[88.276857,43.807836,0.0],[88.276039,43.807731,0.0],[88.275378,43.807586,0.0],[88.274664,43.807423,0.0],[88.274056,43.807334,0.0],[88.273454,43.807474,0.0],[88.27317,43.807706,0.0],[88.273177,43.808068,0.0],[88.273422,43.808427,0.0],[88.273586,43.80875,0.0],[88.273858,43.809166,0.0],[88.273999,43.809565,0.0],[88.274347,43.809866,0.0],[88.274694,43.810071,0.0],[88.275066,43.810277,0.0],[88.27536,43.810483,0.0],[88.275681,43.810727,0.0],[88.276137,43.811103,0.0],[88.276458,43.811367,0.0],[88.276805,43.811572,0.0],[88.2771,43.811874,0.0],[88.277396,43.812138,0.0],[88.277663,43.812344,0.0],[88.278219,43.812509,0.0],[88.278778,43.81277,0.0],[88.279257,43.813051,0.0],[88.279816,43.81333,0.0],[88.280191,43.81365,0.0],[88.280645,43.813931,0.0],[88.281125,43.81423,0.0],[88.281684,43.814529,0.0],[88.282269,43.814808,0.0],[88.282718,43.814879,0.0],[88.283038,43.815085,0.0],[88.283487,43.815176,0.0],[88.284018,43.81536,0.0],[88.284627,43.815525,0.0],[88.285451,43.815935,0.0],[88.286144,43.816308,0.0],[88.286836,43.816663,0.0],[88.287421,43.81698,0.0],[88.288113,43.817334,0.0],[88.288618,43.817557,0.0],[88.28897,43.817992,0.0],[88.289317,43.818216,0.0],[88.289689,43.818403,0.0],[88.290138,43.818474,0.0],[88.290876,43.818523,0.0],[88.291065,43.81873,0.0],[88.290938,43.818941,0.0],[88.290575,43.819212,0.0],[88.290555,43.819498,0.0],[88.290771,43.819763,0.0],[88.291013,43.819989,0.0],[88.291284,43.820348,0.0],[88.291423,43.820708,0.0],[88.291827,43.821104,0.0],[88.292333,43.821403,0.0],[88.292602,43.821648,0.0],[88.293082,43.821928,0.0],[88.293563,43.822266,0.0],[88.294013,43.822413,0.0],[88.294754,43.822557,0.0],[88.295466,43.822645,0.0],[88.296103,43.822866,0.0],[88.296607,43.823051,0.0],[88.296984,43.823466,0.0],[88.297622,43.823726,0.0],[88.298153,43.823967,0.0],[88.298688,43.824323,0.0],[88.299195,43.824641,0.0],[88.299729,43.824997,0.0],[88.300261,43.825258,0.0],[88.300764,43.825405,0.0],[88.301319,43.825494,0.0],[88.301955,43.825677,0.0],[88.302352,43.825806,0.0],[88.302698,43.825955,0.0],[88.303251,43.825967,0.0],[88.303723,43.825905,0.0],[88.304115,43.825748,0.0],[88.304425,43.825497,0.0],[88.304628,43.825151,0.0],[88.304597,43.824904,0.0],[88.304408,43.824715,0.0],[88.304455,43.824448,0.0],[88.304608,43.824218,0.0],[88.304867,43.824043,0.0],[88.30542,43.824037,0.0],[88.305686,43.824167,0.0],[88.306212,43.824142,0.0],[88.306551,43.824005,0.0],[88.306809,43.823773,0.0],[88.30704,43.823485,0.0],[88.307376,43.823195,0.0],[88.307949,43.822941,0.0],[88.308313,43.822708,0.0],[88.308729,43.822455,0.0],[88.309407,43.8222,0.0],[88.310034,43.821964,0.0],[88.310502,43.821711,0.0],[88.311024,43.821514,0.0],[88.311493,43.82128,0.0],[88.31207,43.821178,0.0],[88.312648,43.821119,0.0],[88.313335,43.820968,0.0],[88.31399,43.820842,0.0],[88.314549,43.820788,0.0],[88.3155,43.820681,0.0],[88.316388,43.820647,0.0],[88.316947,43.820641,0.0],[88.317538,43.820563,0.0],[88.318063,43.820509,0.0],[88.318654,43.820431,0.0],[88.319178,43.820353,0.0],[88.319735,43.820251,0.0],[88.320623,43.820217,0.0],[88.321115,43.82014,0.0],[88.321773,43.820133,0.0],[88.32227,43.820294,0.0],[88.322636,43.82048,0.0],[88.323132,43.820617,0.0],[88.323596,43.820779,0.0],[88.324159,43.820915,0.0],[88.324819,43.821026,0.0],[88.325412,43.821067,0.0],[88.326138,43.821154,0.0],[88.326698,43.821195,0.0],[88.327355,43.82114,0.0],[88.327913,43.821086,0.0],[88.328472,43.821055,0.0],[88.329225,43.820904,0.0],[88.329551,43.820733,0.0],[88.329841,43.820492,0.0],[88.330299,43.820343,0.0],[88.330887,43.820146,0.0],[88.331508,43.819972,0.0],[88.331943,43.819568,0.0],[88.332345,43.819146,0.0],[88.33283,43.818783,0.0],[88.333397,43.81839,0.0],[88.333801,43.818028,0.0],[88.334122,43.817696,0.0],[88.334399,43.817187,0.0],[88.334393,43.816949,0.0],[88.334323,43.816851,0.0],[88.334411,43.816741,0.0],[88.33454,43.816446,0.0],[88.334669,43.816151,0.0],[88.334662,43.815857,0.0],[88.334654,43.815514,0.0],[88.334648,43.81522,0.0],[88.334641,43.814926,0.0],[88.334702,43.814632,0.0],[88.334696,43.814338,0.0],[88.334689,43.814044,0.0],[88.334481,43.813801,0.0],[88.334078,43.813953,0.0],[88.333744,43.814104,0.0],[88.333477,43.814303,0.0],[88.333212,43.814551,0.0],[88.332878,43.814702,0.0],[88.332475,43.814854,0.0],[88.332209,43.815053,0.0],[88.332011,43.8153,0.0],[88.331883,43.815595,0.0],[88.331822,43.81589,0.0],[88.331693,43.816185,0.0],[88.331288,43.816239,0.0],[88.330882,43.816244,0.0],[88.330607,43.816051,0.0],[88.330265,43.815859,0.0],[88.329788,43.815718,0.0],[88.32938,43.815624,0.0],[88.328975,43.815629,0.0],[88.32857,43.815683,0.0],[88.32829,43.81585,0.0],[88.328235,43.815844,0.0],[88.327787,43.81583,0.0],[88.327262,43.815874,0.0],[88.326865,43.815783,0.0],[88.326445,43.815826,0.0],[88.326077,43.81585,0.0],[88.325654,43.815759,0.0],[88.325439,43.815571,0.0],[88.32512,43.815422,0.0],[88.324751,43.815408,0.0],[88.324436,43.815449,0.0],[88.324256,43.815642,0.0],[88.324024,43.815873,0.0],[88.323709,43.815915,0.0],[88.32326,43.815825,0.0],[88.323072,43.815675,0.0],[88.323039,43.815351,0.0],[88.323112,43.815083,0.0],[88.323316,43.814795,0.0],[88.323654,43.814582,0.0],[88.323912,43.814369,0.0],[88.32409,43.8141,0.0],[88.3242,43.813872,0.0],[88.324397,43.813576,0.0],[88.324594,43.813329,0.0],[88.32486,43.81313,0.0],[88.325125,43.812882,0.0],[88.32546,43.812731,0.0],[88.325862,43.81253,0.0],[88.326265,43.812428,0.0],[88.326511,43.812365,0.0],[88.326809,43.812087,0.0],[88.327173,43.811854,0.0],[88.327593,43.81183,0.0],[88.327804,43.811865,0.0],[88.327914,43.812036,0.0],[88.327894,43.812322,0.0],[88.328004,43.812568,0.0],[88.328035,43.812778,0.0],[88.328328,43.812927,0.0],[88.328724,43.812998,0.0],[88.329095,43.813108,0.0],[88.329413,43.8132,0.0],[88.329809,43.813271,0.0],[88.330258,43.813342,0.0],[88.330706,43.813337,0.0],[88.331102,43.81339,0.0],[88.331574,43.813346,0.0],[88.332073,43.813264,0.0],[88.332282,43.813185,0.0],[88.33233,43.813013,0.0],[88.332405,43.812822,0.0],[88.332428,43.812669,0.0],[88.332742,43.812608,0.0],[88.333189,43.812565,0.0],[88.333635,43.812522,0.0],[88.334055,43.812441,0.0],[88.334475,43.812398,0.0],[88.334661,43.81251,0.0],[88.335003,43.812506,0.0],[88.33529,43.812369,0.0],[88.335289,43.812317,0.0],[88.335535,43.812296,0.0],[88.335576,43.812295,0.0],[88.336028,43.81229,0.0],[88.336479,43.812225,0.0],[88.336886,43.812042,0.0],[88.337252,43.811859,0.0],[88.337618,43.811676,0.0],[88.338027,43.811552,0.0],[88.338215,43.811458,0.0],[88.338346,43.81116,0.0],[88.338541,43.810815,0.0],[88.338602,43.81052,0.0],[88.338595,43.810226,0.0],[88.338656,43.809932,0.0],[88.33899,43.809732,0.0],[88.339394,43.809629,0.0],[88.339728,43.809478,0.0],[88.339797,43.809415,0.0],[88.339993,43.80923,0.0],[88.340189,43.808885,0.0],[88.340317,43.80859,0.0],[88.34031,43.808247,0.0],[88.340303,43.807953,0.0],[88.340161,43.807661,0.0],[88.339984,43.807455,0.0],[88.340217,43.807384,0.0],[88.340256,43.807373,0.0],[88.340698,43.807459,0.0],[88.341162,43.807405,0.0],[88.340506,43.806161,0.0],[88.340332,43.806145,0.0],[88.339903,43.806098,0.0],[88.339545,43.805999,0.0],[88.339185,43.805849,0.0],[88.338896,43.805646,0.0],[88.338535,43.805443,0.0],[88.338106,43.805397,0.0],[88.337826,43.805607,0.0],[88.337546,43.805816,0.0],[88.337409,43.806076,0.0],[88.337416,43.806385,0.0],[88.337472,43.806605,0.0],[88.337432,43.806615,0.0],[88.337029,43.806718,0.0],[88.336625,43.806821,0.0],[88.33622,43.806825,0.0],[88.335877,43.806633,0.0],[88.335471,43.806638,0.0],[88.335205,43.806837,0.0],[88.335008,43.807084,0.0],[88.33481,43.807332,0.0],[88.334545,43.80758,0.0],[88.334348,43.807827,0.0],[88.334151,43.808074,0.0],[88.333817,43.808274,0.0],[88.333413,43.808377,0.0],[88.333078,43.808527,0.0],[88.332674,43.808581,0.0],[88.332268,43.808586,0.0],[88.331862,43.808591,0.0],[88.331457,43.808595,0.0],[88.33139,43.80858,0.0],[88.331764,43.807621,0.0],[88.332019,43.805589,0.0],[88.332093,43.804429,0.0],[88.332285,43.804064,0.0],[88.332361,43.802976,0.0],[88.333029,43.801519,0.0],[88.333411,43.800718,0.0],[88.332276,43.799137,0.0],[88.330153,43.7983,0.0],[88.330134,43.798277,0.0],[88.329914,43.798022,0.0],[88.329625,43.797819,0.0],[88.329266,43.79772,0.0],[88.328906,43.797517,0.0],[88.328546,43.797367,0.0],[88.328257,43.797164,0.0],[88.327967,43.796961,0.0],[88.327608,43.79681,0.0],[88.327318,43.796607,0.0],[88.32696,43.796508,0.0],[88.326671,43.796305,0.0],[88.326381,43.796102,0.0],[88.326092,43.795899,0.0],[88.325873,43.795644,0.0],[88.325513,43.795493,0.0],[88.325424,43.79543,0.0],[88.325124,43.795362,0.0],[88.32474,43.795183,0.0],[88.324356,43.795004,0.0],[88.323973,43.794825,0.0],[88.323589,43.794646,0.0],[88.323207,43.794559,0.0],[88.322948,43.794286,0.0],[88.322688,43.794014,0.0],[88.322613,43.793858,0.0],[88.322556,43.793741,0.0],[88.322172,43.793562,0.0],[88.321913,43.793289,0.0],[88.321527,43.793019,0.0],[88.321143,43.79284,0.0],[88.320759,43.792661,0.0],[88.320377,43.792573,0.0],[88.320245,43.7923,0.0],[88.319863,43.792212,0.0],[88.319477,43.791942,0.0],[88.319093,43.791763,0.0],[88.318834,43.79149,0.0],[88.318452,43.791403,0.0],[88.318193,43.791131,0.0],[88.317682,43.790953,0.0],[88.317299,43.790774,0.0],[88.316917,43.790687,0.0],[88.316658,43.790415,0.0],[88.316274,43.790236,0.0],[88.316015,43.789963,0.0],[88.315755,43.789691,0.0],[88.315372,43.789512,0.0],[88.314986,43.789241,0.0],[88.314931,43.789184,0.0],[88.314879,43.789184,0.0],[88.314471,43.789091,0.0],[88.313996,43.788999,0.0],[88.313589,43.788954,0.0],[88.313182,43.788861,0.0],[88.312707,43.788817,0.0],[88.312366,43.788674,0.0],[88.311959,43.78863,0.0],[88.311618,43.788487,0.0],[88.311276,43.788295,0.0],[88.310935,43.788152,0.0],[88.310659,43.78791,0.0],[88.310317,43.787718,0.0],[88.310134,43.787855,0.0],[88.309156,43.78723,0.0],[88.308492,43.787426,0.0],[88.307817,43.787625,0.0],[88.306839,43.788779,0.0]],[[88.310783,43.80268,0.0],[88.310429,43.802787,0.0],[88.31007,43.802688,0.0],[88.30981,43.802579,0.0],[88.309711,43.802538,0.0],[88.309563,43.802281,0.0],[88.309134,43.802235,0.0],[88.308706,43.802188,0.0],[88.308348,43.802089,0.0],[88.307989,43.80199,0.0],[88.307631,43.801891,0.0],[88.30727,43.801688,0.0],[88.307122,43.801432,0.0],[88.307187,43.801122,0.0],[88.307209,43.801015,0.0],[88.307122,43.801004,0.0],[88.306897,43.801006,0.0],[88.306592,43.800375,0.0],[88.306976,43.799646,0.0],[88.309381,43.799836,0.0],[88.310427,43.799442,0.0],[88.310431,43.79964,0.0],[88.310438,43.799949,0.0],[88.310445,43.800259,0.0],[88.310453,43.80062,0.0],[88.310673,43.800927,0.0],[88.310828,43.800992,0.0],[88.311033,43.801078,0.0],[88.311252,43.801333,0.0],[88.3114,43.801589,0.0],[88.311407,43.801899,0.0],[88.31127,43.802159,0.0],[88.311133,43.802418,0.0],[88.310783,43.80268,0.0]],[[88.318242,43.810192,0.0],[88.318365,43.809785,0.0],[88.318359,43.8095,0.0],[88.318221,43.809215,0.0],[88.317952,43.808956,0.0],[88.317879,43.808624,0.0],[88.317874,43.808409,0.0],[88.317898,43.808004,0.0],[88.318258,43.807929,0.0],[88.318698,43.807819,0.0],[88.318932,43.807683,0.0],[88.31922,43.807603,0.0],[88.319374,43.807411,0.0],[88.319604,43.807141,0.0],[88.319518,43.806799,0.0],[88.319644,43.806626,0.0],[88.319841,43.806379,0.0],[88.320039,43.806132,0.0],[88.320261,43.805966,0.0],[88.320824,43.806081,0.0],[88.323689,43.804454,0.0],[88.324334,43.804388,0.0],[88.323909,43.805321,0.0],[88.325422,43.805883,0.0],[88.326498,43.804783,0.0],[88.328896,43.804611,0.0],[88.329629,43.806124,0.0],[88.327234,43.806369,0.0],[88.327331,43.80713,0.0],[88.327093,43.80703,0.0],[88.326751,43.806887,0.0],[88.326278,43.806892,0.0],[88.325873,43.806946,0.0],[88.325472,43.807146,0.0],[88.325137,43.807297,0.0],[88.324871,43.807496,0.0],[88.324674,43.807743,0.0],[88.324476,43.807991,0.0],[88.324211,43.808239,0.0],[88.324112,43.808363,0.0],[88.323959,43.808387,0.0],[88.323604,43.808701,0.0],[88.323578,43.809011,0.0],[88.322959,43.809256,0.0],[88.322374,43.809596,0.0],[88.32192,43.809887,0.0],[88.32117,43.810206,0.0],[88.320552,43.810499,0.0],[88.319964,43.810672,0.0],[88.319606,43.810891,0.0],[88.31955,43.811296,0.0],[88.319198,43.811753,0.0],[88.318773,43.811901,0.0],[88.318486,43.812309,0.0],[88.318264,43.812669,0.0],[88.317842,43.812912,0.0],[88.317421,43.813251,0.0],[88.317,43.813517,0.0],[88.316877,43.813924,0.0],[88.316523,43.814285,0.0],[88.316068,43.814529,0.0],[88.31581,43.81477,0.0],[88.31532,43.814919,0.0],[88.314859,43.814924,0.0],[88.314626,43.814807,0.0],[88.314655,43.814593,0.0],[88.314878,43.814304,0.0],[88.315004,43.814017,0.0],[88.315227,43.813705,0.0],[88.315418,43.813417,0.0],[88.315575,43.813081,0.0],[88.315798,43.812745,0.0],[88.316083,43.812242,0.0],[88.316208,43.811907,0.0],[88.316462,43.811523,0.0],[88.316883,43.811184,0.0],[88.317305,43.810965,0.0],[88.317827,43.810745,0.0],[88.318183,43.810478,0.0],[88.318242,43.810192,0.0]],[[88.318122,43.805076,0.0],[88.318029,43.805192,0.0],[88.317744,43.805123,0.0],[88.317293,43.804938,0.0],[88.317099,43.804483,0.0],[88.31709,43.804083,0.0],[88.317133,43.803644,0.0],[88.317294,43.803177,0.0],[88.317335,43.803126,0.0],[88.317396,43.802831,0.0],[88.317321,43.802489,0.0],[88.317179,43.802197,0.0],[88.31697,43.801905,0.0],[88.316761,43.801663,0.0],[88.316614,43.801491,0.0],[88.316622,43.801469,0.0],[88.316683,43.801174,0.0],[88.316744,43.800879,0.0],[88.316771,43.800748,0.0],[88.31791,43.80097,0.0],[88.318727,43.801758,0.0],[88.321138,43.802164,0.0],[88.322254,43.802876,0.0],[88.321868,43.803533,0.0],[88.321812,43.803597,0.0],[88.321469,43.803519,0.0],[88.320927,43.803476,0.0],[88.320521,43.803481,0.0],[88.320118,43.803584,0.0],[88.319783,43.803734,0.0],[88.319449,43.803934,0.0],[88.319115,43.804134,0.0],[88.31878,43.804285,0.0],[88.318583,43.804532,0.0],[88.318387,43.804828,0.0],[88.318122,43.805076,0.0]],[[88.328149,43.802518,0.0],[88.328344,43.801218,0.0],[88.328493,43.801392,0.0],[88.328712,43.801647,0.0],[88.328932,43.801903,0.0],[88.329291,43.802054,0.0],[88.32965,43.802153,0.0],[88.329797,43.802235,0.0],[88.32986,43.803005,0.0],[88.328166,43.803315,0.0],[88.327869,43.802751,0.0],[88.328149,43.802518,0.0]],[[88.312363,43.803281,0.0],[88.312214,43.80342,0.0],[88.311909,43.803391,0.0],[88.311858,43.803189,0.0],[88.311851,43.802895,0.0],[88.31198,43.8026,0.0],[88.312177,43.802352,0.0],[88.312375,43.802105,0.0],[88.312571,43.801809,0.0],[88.3127,43.801514,0.0],[88.312964,43.801217,0.0],[88.313162,43.80097,0.0],[88.313359,43.800722,0.0],[88.313488,43.800427,0.0],[88.313685,43.80018,0.0],[88.313882,43.799884,0.0],[88.314079,43.799636,0.0],[88.314231,43.799408,0.0],[88.314273,43.799389,0.0],[88.314552,43.799128,0.0],[88.314646,43.79901,0.0],[88.314771,43.799267,0.0],[88.315344,43.79926,0.0],[88.31529,43.799329,0.0],[88.315161,43.799624,0.0],[88.314964,43.799871,0.0],[88.314903,43.800166,0.0],[88.314775,43.80051,0.0],[88.314575,43.800659,0.0],[88.314514,43.800954,0.0],[88.314386,43.801298,0.0],[88.314189,43.801546,0.0],[88.313923,43.801745,0.0],[88.313725,43.801992,0.0],[88.313575,43.802218,0.0],[88.313339,43.80229,0.0],[88.313058,43.802499,0.0],[88.312778,43.802709,0.0],[88.312571,43.803021,0.0],[88.312363,43.803281,0.0]],[[88.316908,43.799114,0.0],[88.316902,43.79882,0.0],[88.316751,43.798644,0.0],[88.317044,43.798009,0.0],[88.317717,43.796769,0.0],[88.319034,43.797479,0.0],[88.319761,43.798702,0.0],[88.31867,43.79915,0.0],[88.316918,43.799548,0.0],[88.316915,43.799408,0.0],[88.316908,43.799114,0.0]],[[88.321936,43.797518,0.0],[88.320913,43.796515,0.0],[88.320541,43.795234,0.0],[88.32066,43.795085,0.0],[88.320725,43.794775,0.0],[88.32086,43.794463,0.0],[88.320997,43.794204,0.0],[88.321262,43.794116,0.0],[88.321597,43.793965,0.0],[88.321635,43.793918,0.0],[88.321706,43.794041,0.0],[88.321713,43.79435,0.0],[88.321719,43.79466,0.0],[88.321727,43.795021,0.0],[88.321805,43.79533,0.0],[88.321883,43.795638,0.0],[88.32189,43.795948,0.0],[88.32225,43.796098,0.0],[88.32261,43.796301,0.0],[88.3229,43.796504,0.0],[88.323189,43.796707,0.0],[88.32348,43.796961,0.0],[88.323769,43.797164,0.0],[88.324059,43.797367,0.0],[88.324417,43.797466,0.0],[88.325066,43.79782,0.0],[88.32524,43.798023,0.0],[88.325047,43.797989,0.0],[88.321936,43.797518,0.0]],[[88.303487,43.795643,0.0],[88.303508,43.795545,0.0],[88.303569,43.79525,0.0],[88.303698,43.794955,0.0],[88.303826,43.794659,0.0],[88.303888,43.794365,0.0],[88.30388,43.794022,0.0],[88.303739,43.79373,0.0],[88.303395,43.793489,0.0],[88.303368,43.793465,0.0],[88.303633,43.793379,0.0],[88.303968,43.793228,0.0],[88.304371,43.793126,0.0],[88.304426,43.793105,0.0],[88.305345,43.793651,0.0],[88.306465,43.79458,0.0],[88.305286,43.795535,0.0],[88.303561,43.796627,0.0],[88.303643,43.79588,0.0],[88.303487,43.795643,0.0]],[[88.312924,43.79311,0.0],[88.312705,43.792855,0.0],[88.312692,43.792828,0.0],[88.312507,43.792699,0.0],[88.312484,43.792651,0.0],[88.313603,43.791709,0.0],[88.313776,43.791949,0.0],[88.313986,43.79229,0.0],[88.314129,43.792631,0.0],[88.314135,43.792925,0.0],[88.314102,43.793001,0.0],[88.314133,43.793045,0.0],[88.314229,43.79321,0.0],[88.314055,43.793434,0.0],[88.313016,43.793299,0.0],[88.312924,43.79311,0.0]],[[88.314627,43.797514,0.0],[88.313945,43.796017,0.0],[88.314124,43.795883,0.0],[88.314552,43.795878,0.0],[88.31491,43.795977,0.0],[88.315186,43.796093,0.0],[88.31527,43.796127,0.0],[88.315325,43.796143,0.0],[88.315114,43.796654,0.0],[88.314627,43.797514,0.0]],[[88.30472,43.797136,0.0],[88.305781,43.796931,0.0],[88.305813,43.797489,0.0],[88.305782,43.797527,0.0],[88.305516,43.797726,0.0],[88.30532,43.798022,0.0],[88.305135,43.798133,0.0],[88.304915,43.798076,0.0],[88.304441,43.798032,0.0],[88.304347,43.798011,0.0],[88.304349,43.797954,0.0],[88.304063,43.797627,0.0],[88.30472,43.797136,0.0]],[[88.305369,43.801664,0.0],[88.305359,43.801683,0.0],[88.304618,43.801691,0.0],[88.304549,43.802168,0.0],[88.304291,43.802381,0.0],[88.303953,43.802594,0.0],[88.303725,43.802978,0.0],[88.303704,43.803226,0.0],[88.303527,43.803571,0.0],[88.303454,43.803839,0.0],[88.303699,43.804217,0.0],[88.303653,43.804542,0.0],[88.303633,43.804809,0.0],[88.304058,43.804995,0.0],[88.304509,43.805161,0.0],[88.30496,43.805327,0.0],[88.304912,43.805538,0.0],[88.304786,43.805825,0.0],[88.30413,43.80587,0.0],[88.304001,43.806005,0.0],[88.304215,43.806155,0.0],[88.304586,43.806304,0.0],[88.304955,43.806299,0.0],[88.305349,43.806295,0.0],[88.305617,43.80652,0.0],[88.305731,43.806881,0.0],[88.305976,43.80726,0.0],[88.30627,43.807466,0.0],[88.306669,43.807671,0.0],[88.306831,43.807879,0.0],[88.306837,43.808165,0.0],[88.306579,43.808377,0.0],[88.30653,43.80853,0.0],[88.30664,43.808758,0.0],[88.306882,43.808984,0.0],[88.306887,43.809231,0.0],[88.306652,43.809329,0.0],[88.306204,43.809296,0.0],[88.306167,43.809277,0.0],[88.306048,43.809138,0.0],[88.305757,43.808883,0.0],[88.305399,43.808784,0.0],[88.30504,43.808685,0.0],[88.304681,43.808534,0.0],[88.304252,43.808488,0.0],[88.303823,43.808389,0.0],[88.303463,43.808239,0.0],[88.303174,43.808036,0.0],[88.302746,43.808041,0.0],[88.302457,43.807838,0.0],[88.302238,43.807582,0.0],[88.30209,43.807326,0.0],[88.301942,43.807069,0.0],[88.301793,43.806813,0.0],[88.301645,43.806557,0.0],[88.301287,43.806458,0.0],[88.300787,43.806412,0.0],[88.300433,43.806519,0.0],[88.300082,43.806729,0.0],[88.299729,43.806888,0.0],[88.299449,43.807098,0.0],[88.299097,43.807308,0.0],[88.298816,43.807518,0.0],[88.298464,43.807677,0.0],[88.298256,43.807937,0.0],[88.298191,43.808247,0.0],[88.298198,43.808557,0.0],[88.298204,43.808866,0.0],[88.298282,43.809175,0.0],[88.29836,43.809484,0.0],[88.298508,43.80974,0.0],[88.298534,43.809857,0.0],[88.298137,43.809826,0.0],[88.297582,43.809757,0.0],[88.296977,43.809744,0.0],[88.296425,43.80977,0.0],[88.295925,43.809775,0.0],[88.295507,43.809933,0.0],[88.295143,43.810127,0.0],[88.294592,43.810191,0.0],[88.293826,43.810066,0.0],[88.293007,43.809923,0.0],[88.292294,43.809816,0.0],[88.291967,43.809434,0.0],[88.292247,43.808693,0.0],[88.293086,43.807945,0.0],[88.293988,43.807053,0.0],[88.29473,43.806401,0.0],[88.295504,43.805678,0.0],[88.296117,43.805123,0.0],[88.296926,43.804518,0.0],[88.297633,43.803748,0.0],[88.298083,43.80343,0.0],[88.298566,43.803089,0.0],[88.298967,43.802807,0.0],[88.299383,43.802513,0.0],[88.299966,43.802102,0.0],[88.300813,43.801758,0.0],[88.301695,43.801462,0.0],[88.302614,43.801357,0.0],[88.30315,43.801115,0.0],[88.303223,43.801132,0.0],[88.303699,43.801225,0.0],[88.304106,43.801269,0.0],[88.30444,43.801118,0.0],[88.304638,43.800871,0.0],[88.304904,43.800672,0.0],[88.305046,43.800566,0.0],[88.306024,43.801134,0.0],[88.305889,43.80121,0.0],[88.305628,43.801405,0.0],[88.305369,43.801664,0.0]],[[88.300752,43.808063,0.0],[88.301032,43.807854,0.0],[88.30146,43.807849,0.0],[88.301462,43.807952,0.0],[88.30154,43.808261,0.0],[88.301759,43.808516,0.0],[88.30212,43.808718,0.0],[88.302481,43.808921,0.0],[88.302558,43.809229,0.0],[88.302131,43.809234,0.0],[88.301704,43.809239,0.0],[88.301275,43.809192,0.0],[88.300848,43.809197,0.0],[88.300567,43.809407,0.0],[88.300143,43.809567,0.0],[88.299782,43.809313,0.0],[88.299846,43.809002,0.0],[88.299911,43.808692,0.0],[88.300119,43.808432,0.0],[88.300399,43.808222,0.0],[88.300752,43.808063,0.0]]]}},{"type":"Feature","properties":{"rgi_id":"RGI2000-v7.0-G-13-41431","o1region":"13"},"geometry":{"type":"Polygon","coordinates":[[[88.304116,43.790753,0.0],[88.303846,43.790731,0.0],[88.303438,43.790638,0.0],[88.303131,43.790558,0.0],[88.303149,43.790424,0.0],[88.303105,43.79021,0.0],[88.303102,43.790067,0.0],[88.303,43.789897,0.0],[88.302859,43.789756,0.0],[88.302699,43.789658,0.0],[88.302459,43.789532,0.0],[88.302104,43.789521,0.0],[88.301867,43.78951,0.0],[88.301511,43.789471,0.0],[88.301215,43.78946,0.0],[88.300938,43.78942,0.0],[88.300718,43.789323,0.0],[88.300538,43.789182,0.0],[88.300376,43.788998,0.0],[88.300255,43.788885,0.0],[88.29992,43.788889,0.0],[88.299604,43.788878,0.0],[88.299344,43.788738,0.0],[88.299125,43.788626,0.0],[88.298924,43.788486,0.0],[88.298686,43.788388,0.0],[88.298486,43.788305,0.0],[88.298208,43.788194,0.0],[88.298007,43.788024,0.0],[88.297866,43.787883,0.0],[88.297784,43.787741,0.0],[88.297745,43.787721,0.0],[88.297628,43.787765,0.0],[88.297156,43.787819,0.0],[88.296749,43.787775,0.0],[88.296344,43.78778,0.0],[88.295869,43.787736,0.0],[88.295396,43.787741,0.0],[88.294991,43.787746,0.0],[88.294586,43.7878,0.0],[88.294562,43.787818,0.0],[88.29467,43.787905,0.0],[88.294931,43.788116,0.0],[88.295081,43.788294,0.0],[88.295194,43.788428,0.0],[88.295199,43.788671,0.0],[88.295303,43.788913,0.0],[88.295524,43.789096,0.0],[88.295804,43.789236,0.0],[88.296004,43.789362,0.0],[88.296283,43.789502,0.0],[88.29666,43.789626,0.0],[88.296725,43.789897,0.0],[88.29673,43.790126,0.0],[88.296952,43.790337,0.0],[88.297238,43.790432,0.0],[88.297409,43.79049,0.0],[88.297711,43.790544,0.0],[88.298003,43.790597,0.0],[88.298097,43.79065,0.0],[88.298502,43.790645,0.0],[88.298975,43.79064,0.0],[88.299381,43.790635,0.0],[88.299854,43.79063,0.0],[88.30026,43.790625,0.0],[88.300665,43.790621,0.0],[88.300941,43.790862,0.0],[88.300947,43.791156,0.0],[88.301002,43.791269,0.0],[88.304116,43.790753,0.0]]]}},{"type":"Feature","properties":{"rgi_id":"RGI2000-v7.0-G-13-41432","o1region":"13"},"geometry":{"type":"Polygon","coordinates":[[[88.306658,43.78634,0.0],[88.306881,43.786433,0.0],[88.306865,43.786369,0.0],[88.307218,43.78621,0.0],[88.307716,43.786204,0.0],[88.308143,43.786199,0.0],[88.308571,43.786194,0.0],[88.308929,43.786294,0.0],[88.309288,43.786444,0.0],[88.309648,43.786595,0.0],[88.309964,43.786727,0.0],[88.310007,43.786746,0.0],[88.310508,43.786843,0.0],[88.310935,43.786838,0.0],[88.311143,43.786578,0.0],[88.311136,43.786268,0.0],[88.310986,43.785909,0.0],[88.310979,43.785599,0.0],[88.310901,43.785291,0.0],[88.310894,43.784981,0.0],[88.310888,43.784672,0.0],[88.31074,43.784415,0.0],[88.310662,43.784107,0.0],[88.310161,43.784009,0.0],[88.309733,43.783963,0.0],[88.309309,43.784122,0.0],[88.309029,43.784332,0.0],[88.308605,43.784491,0.0],[88.308462,43.784555,0.0],[88.308106,43.78456,0.0],[88.307634,43.784614,0.0],[88.307599,43.784614,0.0],[88.307441,43.784531,0.0],[88.307261,43.784433,0.0],[88.307181,43.784363,0.0],[88.307197,43.784306,0.0],[88.306951,43.784279,0.0],[88.30661,43.784136,0.0],[88.306269,43.783993,0.0],[88.305926,43.783801,0.0],[88.305585,43.783658,0.0],[88.305444,43.783365,0.0],[88.305437,43.783072,0.0],[88.305431,43.782778,0.0],[88.305834,43.782675,0.0],[88.306122,43.782741,0.0],[88.306105,43.782672,0.0],[88.306166,43.782377,0.0],[88.306636,43.782225,0.0],[88.307039,43.782122,0.0],[88.307511,43.782068,0.0],[88.307761,43.782065,0.0],[88.30788,43.782039,0.0],[88.308036,43.781952,0.0],[88.308269,43.781777,0.0],[88.308443,43.781633,0.0],[88.308441,43.781532,0.0],[88.308241,43.78142,0.0],[88.308021,43.78128,0.0],[88.307822,43.781211,0.0],[88.307543,43.781085,0.0],[88.307246,43.781017,0.0],[88.307046,43.780905,0.0],[88.306906,43.780792,0.0],[88.306765,43.780665,0.0],[88.306641,43.780424,0.0],[88.306579,43.78031,0.0],[88.306498,43.780197,0.0],[88.306301,43.780185,0.0],[88.306162,43.780186,0.0],[88.305965,43.78016,0.0],[88.305768,43.780191,0.0],[88.305591,43.780236,0.0],[88.305514,43.780294,0.0],[88.30522,43.780412,0.0],[88.305061,43.780442,0.0],[88.304706,43.780533,0.0],[88.3043,43.780537,0.0],[88.303895,43.780542,0.0],[88.303442,43.7805,0.0],[88.303015,43.780503,0.0],[88.302743,43.780473,0.0],[88.302608,43.780459,0.0],[88.302134,43.780415,0.0],[88.301807,43.780379,0.0],[88.301809,43.780479,0.0],[88.301813,43.780665,0.0],[88.301816,43.780822,0.0],[88.301722,43.781009,0.0],[88.301486,43.78104,0.0],[88.301249,43.781057,0.0],[88.300993,43.781046,0.0],[88.300873,43.780976,0.0],[88.300753,43.780906,0.0],[88.300618,43.780811,0.0],[88.300319,43.780877,0.0],[88.299914,43.78093,0.0],[88.299579,43.781081,0.0],[88.299457,43.781235,0.0],[88.29948,43.781349,0.0],[88.299563,43.781534,0.0],[88.299587,43.781705,0.0],[88.29961,43.781891,0.0],[88.299614,43.782048,0.0],[88.299637,43.782233,0.0],[88.299625,43.782252,0.0],[88.299745,43.7825,0.0],[88.299887,43.782792,0.0],[88.300095,43.783034,0.0],[88.300303,43.783277,0.0],[88.300512,43.783569,0.0],[88.300788,43.78381,0.0],[88.301063,43.784003,0.0],[88.301337,43.784196,0.0],[88.301545,43.784439,0.0],[88.301754,43.78473,0.0],[88.301963,43.784973,0.0],[88.302172,43.785264,0.0],[88.30245,43.785604,0.0],[88.302609,43.785516,0.0],[88.302705,43.785386,0.0],[88.30286,43.785255,0.0],[88.303055,43.785153,0.0],[88.303311,43.785122,0.0],[88.303373,43.78525,0.0],[88.303355,43.78535,0.0],[88.3033,43.785522,0.0],[88.303403,43.785749,0.0],[88.303408,43.785992,0.0],[88.303454,43.786278,0.0],[88.303438,43.786449,0.0],[88.303441,43.786607,0.0],[88.303544,43.786791,0.0],[88.303646,43.786933,0.0],[88.303886,43.787102,0.0],[88.304027,43.787229,0.0],[88.304327,43.787397,0.0],[88.304468,43.787538,0.0],[88.304611,43.787765,0.0],[88.304792,43.787935,0.0],[88.305031,43.788018,0.0],[88.305287,43.787986,0.0],[88.30548,43.787827,0.0],[88.305556,43.787655,0.0],[88.305572,43.787511,0.0],[88.305587,43.787283,0.0],[88.305622,43.787096,0.0],[88.305698,43.786924,0.0],[88.305693,43.78671,0.0],[88.305688,43.786495,0.0],[88.305664,43.786295,0.0],[88.305641,43.786138,0.0],[88.306078,43.786078,0.0],[88.306105,43.786058,0.0],[88.306179,43.7861,0.0],[88.306658,43.78634,0.0]]]}},{"type":"Feature","properties":{"rgi_id":"RGI2000-v7.0-G-13-41433","o1region":"13"},"geometry":{"type":"Polygon","coordinates":[[[88.29146,43.786814,0.0],[88.291588,43.786756,0.0],[88.292058,43.786604,0.0],[88.292461,43.786452,0.0],[88.292864,43.786349,0.0],[88.293267,43.786198,0.0],[88.293671,43.786144,0.0],[88.294075,43.786042,0.0],[88.294478,43.785939,0.0],[88.29488,43.785739,0.0],[88.295283,43.785636,0.0],[88.295189,43.785463,0.0],[88.295481,43.785389,0.0],[88.295883,43.785238,0.0],[88.296081,43.78499,0.0],[88.296347,43.784792,0.0],[88.29668,43.784592,0.0],[88.297013,43.784343,0.0],[88.297278,43.784095,0.0],[88.297543,43.783847,0.0],[88.297605,43.783553,0.0],[88.297396,43.78331,0.0],[88.296991,43.783315,0.0],[88.296518,43.78332,0.0],[88.296113,43.783374,0.0],[88.295984,43.783669,0.0],[88.295718,43.783868,0.0],[88.295383,43.784019,0.0],[88.294978,43.784023,0.0],[88.29457,43.78393,0.0],[88.294296,43.783737,0.0],[88.294087,43.783495,0.0],[88.293614,43.7835,0.0],[88.293209,43.783504,0.0],[88.292803,43.783509,0.0],[88.292399,43.783563,0.0],[88.291993,43.783567,0.0],[88.291587,43.783572,0.0],[88.291182,43.783576,0.0],[88.290841,43.783433,0.0],[88.290434,43.783389,0.0],[88.290032,43.78354,0.0],[88.289766,43.783739,0.0],[88.289433,43.783988,0.0],[88.289099,43.784188,0.0],[88.288698,43.784388,0.0],[88.288363,43.784539,0.0],[88.288165,43.784786,0.0],[88.2879,43.785034,0.0],[88.287704,43.78533,0.0],[88.287508,43.785675,0.0],[88.287312,43.785971,0.0],[88.287278,43.786062,0.0],[88.287192,43.786108,0.0],[88.287319,43.786314,0.0],[88.287527,43.786557,0.0],[88.287868,43.7867,0.0],[88.288143,43.786893,0.0],[88.288551,43.786986,0.0],[88.288958,43.787079,0.0],[88.289364,43.787075,0.0],[88.289836,43.787021,0.0],[88.290241,43.786967,0.0],[88.290645,43.786913,0.0],[88.291117,43.786859,0.0],[88.29146,43.786814,0.0]]]}},{"type":"Feature","properties":{"rgi_id":"RGI2000-v7.0-G-13-41434","o1region":"13"},"geometry":{"type":"Polygon","coordinates":[[[88.316865,43.786222,0.0],[88.317058,43.786303,0.0],[88.317116,43.786251,0.0],[88.317468,43.7861,0.0],[88.317872,43.786022,0.0],[88.318327,43.78598,0.0],[88.318834,43.785974,0.0],[88.319007,43.785972,0.0],[88.31929,43.785803,0.0],[88.319284,43.785509,0.0],[88.319208,43.785167,0.0],[88.319134,43.784874,0.0],[88.318793,43.784731,0.0],[88.318593,43.78459,0.0],[88.318598,43.784497,0.0],[88.318573,43.78429,0.0],[88.318617,43.784135,0.0],[88.318653,43.784012,0.0],[88.318764,43.783832,0.0],[88.318891,43.78364,0.0],[88.318953,43.783485,0.0],[88.318998,43.783282,0.0],[88.319027,43.783103,0.0],[88.319024,43.782984,0.0],[88.318987,43.782794,0.0],[88.318982,43.782555,0.0],[88.319076,43.78234,0.0],[88.319304,43.78223,0.0],[88.319498,43.782109,0.0],[88.319675,43.781916,0.0],[88.319919,43.781806,0.0],[88.320114,43.781673,0.0],[88.320145,43.781655,0.0],[88.320144,43.78158,0.0],[88.320136,43.781237,0.0],[88.32013,43.780943,0.0],[88.320123,43.780649,0.0],[88.320116,43.780307,0.0],[88.320382,43.780108,0.0],[88.320785,43.780005,0.0],[88.320856,43.780004,0.0],[88.320947,43.779936,0.0],[88.321225,43.779861,0.0],[88.321387,43.779752,0.0],[88.321581,43.779631,0.0],[88.321809,43.779509,0.0],[88.321954,43.779388,0.0],[88.322115,43.779274,0.0],[88.322278,43.779158,0.0],[88.322451,43.779132,0.0],[88.322622,43.779107,0.0],[88.322853,43.779152,0.0],[88.323099,43.779149,0.0],[88.323279,43.779111,0.0],[88.323327,43.779027,0.0],[88.32334,43.778884,0.0],[88.32327,43.778706,0.0],[88.323137,43.778612,0.0],[88.323019,43.778507,0.0],[88.32295,43.778329,0.0],[88.322953,43.778201,0.0],[88.322957,43.778062,0.0],[88.323051,43.777846,0.0],[88.323125,43.777617,0.0],[88.323139,43.777359,0.0],[88.323134,43.777145,0.0],[88.32313,43.776945,0.0],[88.323302,43.7767,0.0],[88.323496,43.776569,0.0],[88.323619,43.776483,0.0],[88.323807,43.776351,0.0],[88.323892,43.776277,0.0],[88.324039,43.776148,0.0],[88.324253,43.776003,0.0],[88.324334,43.775909,0.0],[88.324426,43.775801,0.0],[88.324539,43.775556,0.0],[88.324712,43.77534,0.0],[88.324827,43.775196,0.0],[88.324981,43.775022,0.0],[88.325036,43.774836,0.0],[88.325087,43.774478,0.0],[88.325199,43.774162,0.0],[88.325194,43.773948,0.0],[88.325325,43.773632,0.0],[88.325379,43.773417,0.0],[88.325395,43.773245,0.0],[88.32545,43.773045,0.0],[88.325465,43.772816,0.0],[88.325458,43.772487,0.0],[88.325452,43.772215,0.0],[88.325462,43.771815,0.0],[88.325516,43.771543,0.0],[88.325511,43.771329,0.0],[88.325507,43.771143,0.0],[88.325484,43.770986,0.0],[88.325479,43.7708,0.0],[88.325416,43.770601,0.0],[88.325351,43.770358,0.0],[88.325328,43.770173,0.0],[88.325225,43.769988,0.0],[88.325043,43.76979,0.0],[88.325,43.769619,0.0],[88.324919,43.769534,0.0],[88.324778,43.769422,0.0],[88.324696,43.769251,0.0],[88.324643,43.76915,0.0],[88.324593,43.768898,0.0],[88.324533,43.768813,0.0],[88.324384,43.768606,0.0],[88.324226,43.768351,0.0],[88.324018,43.768096,0.0],[88.323759,43.767842,0.0],[88.32345,43.767625,0.0],[88.323093,43.767519,0.0],[88.322784,43.767302,0.0],[88.322425,43.767122,0.0],[88.322015,43.766943,0.0],[88.321706,43.766727,0.0],[88.321348,43.766547,0.0],[88.32104,43.766367,0.0],[88.320682,43.766224,0.0],[88.320373,43.766044,0.0],[88.320106,43.765999,0.0],[88.320069,43.766047,0.0],[88.319974,43.766343,0.0],[88.319981,43.766636,0.0],[88.320089,43.766929,0.0],[88.320197,43.767222,0.0],[88.320356,43.76755,0.0],[88.320388,43.767648,0.0],[88.320573,43.767891,0.0],[88.320957,43.768301,0.0],[88.321022,43.768558,0.0],[88.321144,43.768756,0.0],[88.321248,43.768984,0.0],[88.321353,43.769254,0.0],[88.321539,43.769652,0.0],[88.321683,43.769922,0.0],[88.321747,43.770136,0.0],[88.321851,43.770378,0.0],[88.322017,43.770747,0.0],[88.322081,43.771004,0.0],[88.322126,43.771246,0.0],[88.321974,43.771505,0.0],[88.321722,43.771694,0.0],[88.321567,43.771839,0.0],[88.321295,43.772013,0.0],[88.321003,43.772188,0.0],[88.320769,43.772334,0.0],[88.32042,43.772586,0.0],[88.32003,43.772781,0.0],[88.319796,43.772936,0.0],[88.31959,43.77311,0.0],[88.319344,43.773296,0.0],[88.319201,43.7735,0.0],[88.318998,43.773689,0.0],[88.318635,43.77394,0.0],[88.318298,43.774173,0.0],[88.31809,43.774252,0.0],[88.317907,43.77433,0.0],[88.317541,43.77441,0.0],[88.317362,43.774348,0.0],[88.317157,43.774292,0.0],[88.316917,43.774308,0.0],[88.316602,43.774311,0.0],[88.316286,43.774315,0.0],[88.315971,43.774338,0.0],[88.315815,43.77443,0.0],[88.315601,43.774561,0.0],[88.315521,43.774682,0.0],[88.315367,43.774828,0.0],[88.315238,43.774952,0.0],[88.315101,43.775077,0.0],[88.315006,43.775164,0.0],[88.314845,43.775232,0.0],[88.314589,43.77534,0.0],[88.314447,43.775416,0.0],[88.314225,43.775535,0.0],[88.314078,43.775645,0.0],[88.31394,43.775748,0.0],[88.313715,43.775872,0.0],[88.313551,43.775962,0.0],[88.313352,43.776058,0.0],[88.313271,43.776098,0.0],[88.31299,43.77598,0.0],[88.312782,43.775738,0.0],[88.31264,43.775445,0.0],[88.312498,43.775153,0.0],[88.312289,43.774862,0.0],[88.312283,43.774568,0.0],[88.312075,43.774325,0.0],[88.3118,43.774132,0.0],[88.311393,43.774088,0.0],[88.310988,43.774093,0.0],[88.310585,43.774195,0.0],[88.310251,43.774395,0.0],[88.309916,43.774546,0.0],[88.309513,43.774648,0.0],[88.309179,43.774848,0.0],[88.308844,43.774999,0.0],[88.309119,43.775192,0.0],[88.30946,43.775335,0.0],[88.309801,43.775478,0.0],[88.310209,43.775571,0.0],[88.310616,43.775616,0.0],[88.311019,43.775513,0.0],[88.311422,43.77541,0.0],[88.31163,43.775653,0.0],[88.311704,43.775946,0.0],[88.311915,43.776286,0.0],[88.312123,43.776529,0.0],[88.3122,43.776689,0.0],[88.312122,43.776798,0.0],[88.312052,43.776937,0.0],[88.311996,43.777047,0.0],[88.311767,43.777158,0.0],[88.311632,43.777223,0.0],[88.311469,43.777279,0.0],[88.311345,43.777321,0.0],[88.311164,43.777476,0.0],[88.310943,43.777559,0.0],[88.310799,43.777614,0.0],[88.310661,43.777728,0.0],[88.310566,43.777807,0.0],[88.310458,43.777929,0.0],[88.310361,43.778038,0.0],[88.310287,43.778121,0.0],[88.310207,43.778211,0.0],[88.309998,43.778309,0.0],[88.309787,43.778363,0.0],[88.309606,43.778409,0.0],[88.309367,43.778316,0.0],[88.309363,43.778126,0.0],[88.30915,43.778014,0.0],[88.308937,43.777902,0.0],[88.308751,43.777789,0.0],[88.308409,43.777774,0.0],[88.308159,43.777806,0.0],[88.307886,43.777952,0.0],[88.307676,43.778259,0.0],[88.307549,43.778475,0.0],[88.307495,43.778688,0.0],[88.3071,43.778693,0.0],[88.306698,43.778893,0.0],[88.306433,43.779141,0.0],[88.306507,43.779434,0.0],[88.306782,43.779627,0.0],[88.307186,43.779574,0.0],[88.307397,43.779479,0.0],[88.307429,43.779572,0.0],[88.307501,43.779707,0.0],[88.307698,43.779734,0.0],[88.307896,43.77976,0.0],[88.308062,43.77974,0.0],[88.308293,43.779701,0.0],[88.308582,43.779678,0.0],[88.308723,43.779659,0.0],[88.308896,43.779636,0.0],[88.309078,43.779539,0.0],[88.309271,43.779494,0.0],[88.309419,43.779459,0.0],[88.309578,43.779476,0.0],[88.309735,43.779493,0.0],[88.309904,43.779519,0.0],[88.310052,43.779547,0.0],[88.310209,43.779536,0.0],[88.310367,43.779524,0.0],[88.310517,43.779483,0.0],[88.310655,43.779445,0.0],[88.310891,43.779423,0.0],[88.310992,43.779378,0.0],[88.311151,43.779306,0.0],[88.31128,43.779274,0.0],[88.311439,43.779245,0.0],[88.311567,43.779197,0.0],[88.3117,43.779147,0.0],[88.311842,43.779069,0.0],[88.31209,43.778933,0.0],[88.312326,43.778911,0.0],[88.312438,43.778872,0.0],[88.312613,43.778812,0.0],[88.312748,43.778771,0.0],[88.312874,43.778714,0.0],[88.313112,43.77875,0.0],[88.313246,43.778812,0.0],[88.313351,43.778861,0.0],[88.313414,43.778949,0.0],[88.31346,43.779012,0.0],[88.313463,43.779149,0.0],[88.313465,43.779241,0.0],[88.313545,43.779368,0.0],[88.313593,43.779444,0.0],[88.313655,43.779544,0.0],[88.313715,43.779677,0.0],[88.313766,43.77979,0.0],[88.31382,43.779938,0.0],[88.313878,43.780094,0.0],[88.313881,43.780245,0.0],[88.313883,43.780322,0.0],[88.313886,43.780481,0.0],[88.313888,43.78057,0.0],[88.31396,43.780753,0.0],[88.314,43.780855,0.0],[88.314103,43.780999,0.0],[88.314162,43.781082,0.0],[88.314317,43.781202,0.0],[88.314403,43.781269,0.0],[88.314618,43.781477,0.0],[88.314765,43.781618,0.0],[88.314833,43.781684,0.0],[88.31497,43.781779,0.0],[88.315074,43.781852,0.0],[88.315228,43.781951,0.0],[88.315367,43.78204,0.0],[88.315555,43.782209,0.0],[88.315622,43.78237,0.0],[88.315666,43.782475,0.0],[88.315815,43.782622,0.0],[88.31589,43.782697,0.0],[88.315989,43.782795,0.0],[88.316109,43.782985,0.0],[88.316154,43.783117,0.0],[88.316186,43.783224,0.0],[88.31621,43.783307,0.0],[88.316213,43.783425,0.0],[88.316216,43.783555,0.0],[88.316256,43.783646,0.0],[88.316003,43.78393,0.0],[88.315738,43.784178,0.0],[88.315405,43.784378,0.0],[88.315207,43.784625,0.0],[88.315011,43.784921,0.0],[88.315287,43.785163,0.0],[88.315693,43.785207,0.0],[88.316167,43.785202,0.0],[88.316441,43.785395,0.0],[88.316649,43.785637,0.0],[88.316791,43.785929,0.0],[88.316865,43.786222,0.0]]]}},{"type":"Feature","properties":{"rgi_id":"RGI2000-v7.0-G-13-41435","o1region":"13"},"geometry":{"type":"Polygon","coordinates":[[[88.335219,43.774799,0.0],[88.335342,43.77482,0.0],[88.335459,43.7751,0.0],[88.335748,43.775303,0.0],[88.336174,43.775246,0.0],[88.336528,43.775139,0.0],[88.336954,43.775082,0.0],[88.337233,43.774821,0.0],[88.337085,43.774565,0.0],[88.336924,43.77452,0.0],[88.336726,43.774466,0.0],[88.336367,43.774315,0.0],[88.336078,43.774112,0.0],[88.336214,43.773853,0.0],[88.336274,43.773808,0.0],[88.33607,43.773751,0.0],[88.335641,43.773704,0.0],[88.335141,43.773607,0.0],[88.33471,43.773457,0.0],[88.33456,43.773395,0.0],[88.334351,43.773307,0.0],[88.334278,43.7733,0.0],[88.333851,43.773261,0.0],[88.333571,43.773471,0.0],[88.333145,43.773527,0.0],[88.332997,43.773271,0.0],[88.333134,43.773011,0.0],[88.333351,43.772945,0.0],[88.333487,43.772904,0.0],[88.33384,43.772745,0.0],[88.333833,43.772436,0.0],[88.333685,43.772179,0.0],[88.333259,43.772236,0.0],[88.332905,43.772343,0.0],[88.332552,43.772451,0.0],[88.332521,43.772479,0.0],[88.33248,43.77248,0.0],[88.332129,43.772667,0.0],[88.331829,43.772855,0.0],[88.331479,43.773042,0.0],[88.33123,43.773266,0.0],[88.331076,43.773428,0.0],[88.330895,43.773529,0.0],[88.330669,43.773699,0.0],[88.330376,43.773821,0.0],[88.330083,43.773968,0.0],[88.329789,43.774066,0.0],[88.329495,43.774141,0.0],[88.329201,43.77424,0.0],[88.32884,43.774244,0.0],[88.328519,43.774248,0.0],[88.328175,43.774153,0.0],[88.327816,43.774054,0.0],[88.327387,43.773955,0.0],[88.327029,43.773856,0.0],[88.326669,43.773706,0.0],[88.326243,43.773762,0.0],[88.325892,43.773973,0.0],[88.32597,43.774281,0.0],[88.32619,43.774588,0.0],[88.326481,43.774843,0.0],[88.3267,43.775098,0.0],[88.326991,43.775353,0.0],[88.327281,43.775608,0.0],[88.32757,43.775811,0.0],[88.327932,43.776065,0.0],[88.328293,43.776267,0.0],[88.328582,43.77647,0.0],[88.32894,43.776569,0.0],[88.329366,43.776512,0.0],[88.329574,43.776252,0.0],[88.329854,43.776042,0.0],[88.330282,43.776089,0.0],[88.330641,43.776188,0.0],[88.331068,43.776183,0.0],[88.331495,43.776178,0.0],[88.331921,43.776121,0.0],[88.331914,43.775812,0.0],[88.331836,43.775503,0.0],[88.331478,43.775404,0.0],[88.331118,43.775254,0.0],[88.33076,43.775154,0.0],[88.330402,43.775055,0.0],[88.330044,43.774956,0.0],[88.329924,43.774872,0.0],[88.330049,43.774859,0.0],[88.330554,43.77478,0.0],[88.330959,43.774775,0.0],[88.331416,43.77477,0.0],[88.332074,43.774725,0.0],[88.332105,43.774706,0.0],[88.332398,43.774584,0.0],[88.332728,43.774628,0.0],[88.333353,43.774668,0.0],[88.334081,43.77485,0.0],[88.334671,43.774772,0.0],[88.334726,43.774696,0.0],[88.334812,43.77473,0.0],[88.335219,43.774799,0.0]]]}},{"type":"Feature","properties":{"rgi_id":"RGI2000-v7.0-G-13-41436","o1region":"13"},"geometry":{"type":"Polygon","coordinates":[[[88.336446,43.780643,0.0],[88.336593,43.780683,0.0],[88.336798,43.780863,0.0],[88.336946,43.781119,0.0],[88.337305,43.78127,0.0],[88.337801,43.781161,0.0],[88.33808,43.780899,0.0],[88.338145,43.780589,0.0],[88.33814,43.780385,0.0],[88.338138,43.78028,0.0],[88.338561,43.78012,0.0],[88.338992,43.78027,0.0],[88.339131,43.780328,0.0],[88.339351,43.78042,0.0],[88.339779,43.780415,0.0],[88.340277,43.780409,0.0],[88.34063,43.78025,0.0],[88.34091,43.780041,0.0],[88.341189,43.779779,0.0],[88.341469,43.77957,0.0],[88.341677,43.779309,0.0],[88.341957,43.7791,0.0],[88.342165,43.778839,0.0],[88.342445,43.77863,0.0],[88.342509,43.778319,0.0],[88.342151,43.77822,0.0],[88.341723,43.778174,0.0],[88.341369,43.778281,0.0],[88.341016,43.77844,0.0],[88.340737,43.778701,0.0],[88.340642,43.77879,0.0],[88.340207,43.778859,0.0],[88.339769,43.778992,0.0],[88.339327,43.778997,0.0],[88.338887,43.779066,0.0],[88.338445,43.779071,0.0],[88.338004,43.779077,0.0],[88.337474,43.779083,0.0],[88.337032,43.779088,0.0],[88.336534,43.779094,0.0],[88.336418,43.779361,0.0],[88.336426,43.779728,0.0],[88.336434,43.780095,0.0],[88.33644,43.78037,0.0],[88.336446,43.780643,0.0]]]}},{"type":"Feature","properties":{"rgi_id":"RGI2000-v7.0-G-13-41437","o1region":"13"},"geometry":{"type":"Polygon","coordinates":[[[88.324409,43.791981,0.0],[88.32434,43.791965,0.0],[88.324131,43.791723,0.0],[88.324125,43.791429,0.0],[88.324119,43.791176,0.0],[88.324456,43.791131,0.0],[88.324634,43.791092,0.0],[88.324927,43.791028,0.0],[88.325007,43.791005,0.0],[88.325027,43.79096,0.0],[88.325021,43.790685,0.0],[88.325015,43.79041,0.0],[88.325009,43.790135,0.0],[88.324876,43.789861,0.0],[88.32487,43.789586,0.0],[88.32499,43.789309,0.0],[88.325111,43.789033,0.0],[88.325139,43.788968,0.0],[88.325095,43.788968,0.0],[88.324679,43.788973,0.0],[88.324413,43.789172,0.0],[88.324147,43.789371,0.0],[88.323939,43.789527,0.0],[88.323809,43.789375,0.0],[88.323333,43.789234,0.0],[88.323196,43.789186,0.0],[88.32319,43.788892,0.0],[88.323183,43.788599,0.0],[88.323177,43.788305,0.0],[88.32317,43.788011,0.0],[88.323368,43.787764,0.0],[88.323774,43.787808,0.0],[88.324116,43.787951,0.0],[88.324522,43.787995,0.0],[88.324926,43.787893,0.0],[88.325192,43.787694,0.0],[88.325388,43.787397,0.0],[88.325449,43.787103,0.0],[88.32551,43.786808,0.0],[88.325707,43.786512,0.0],[88.325768,43.786217,0.0],[88.325829,43.785923,0.0],[88.325755,43.78563,0.0],[88.325681,43.785337,0.0],[88.325472,43.785094,0.0],[88.325466,43.7848,0.0],[88.325527,43.784506,0.0],[88.325656,43.78421,0.0],[88.326061,43.784206,0.0],[88.326468,43.78425,0.0],[88.326877,43.784392,0.0],[88.327283,43.784436,0.0],[88.327691,43.78453,0.0],[88.328035,43.784771,0.0],[88.328176,43.785063,0.0],[88.328183,43.785357,0.0],[88.328054,43.785652,0.0],[88.328061,43.785946,0.0],[88.328067,43.78624,0.0],[88.328474,43.786284,0.0],[88.328947,43.786278,0.0],[88.329419,43.786224,0.0],[88.329824,43.78617,0.0],[88.330227,43.786068,0.0],[88.3307,43.786062,0.0],[88.331171,43.785959,0.0],[88.331642,43.785855,0.0],[88.332046,43.785753,0.0],[88.332448,43.785601,0.0],[88.332582,43.78555,0.0],[88.332577,43.785305,0.0],[88.33257,43.785012,0.0],[88.332767,43.784764,0.0],[88.333172,43.784711,0.0],[88.333578,43.784706,0.0],[88.333983,43.784701,0.0],[88.334456,43.784696,0.0],[88.334727,43.784693,0.0],[88.334862,43.784691,0.0],[88.335265,43.784588,0.0],[88.335669,43.784486,0.0],[88.336071,43.784334,0.0],[88.336104,43.784326,0.0],[88.3364,43.78425,0.0],[88.3364,43.784223,0.0],[88.336393,43.783948,0.0],[88.336387,43.783673,0.0],[88.336381,43.783398,0.0],[88.336248,43.783124,0.0],[88.336242,43.782849,0.0],[88.336236,43.782574,0.0],[88.33623,43.782299,0.0],[88.336097,43.782025,0.0],[88.336091,43.78175,0.0],[88.336088,43.781608,0.0],[88.335961,43.781647,0.0],[88.33568,43.781856,0.0],[88.335569,43.781961,0.0],[88.335678,43.781753,0.0],[88.335815,43.781494,0.0],[88.335879,43.781183,0.0],[88.336015,43.780872,0.0],[88.336079,43.780562,0.0],[88.336087,43.78052,0.0],[88.336182,43.78057,0.0],[88.336446,43.780643,0.0],[88.33644,43.78037,0.0],[88.336434,43.780095,0.0],[88.336426,43.779728,0.0],[88.336418,43.779361,0.0],[88.336534,43.779094,0.0],[88.336503,43.779094,0.0],[88.33606,43.779035,0.0],[88.335619,43.779104,0.0],[88.335359,43.779299,0.0],[88.33536,43.779351,0.0],[88.335197,43.779334,0.0],[88.334771,43.77939,0.0],[88.33442,43.779601,0.0],[88.334283,43.77986,0.0],[88.334146,43.78012,0.0],[88.333794,43.780279,0.0],[88.333658,43.78059,0.0],[88.333665,43.780899,0.0],[88.333672,43.781209,0.0],[88.333608,43.781519,0.0],[88.333543,43.78183,0.0],[88.333512,43.782009,0.0],[88.333312,43.781868,0.0],[88.333103,43.781625,0.0],[88.332962,43.781333,0.0],[88.33282,43.781041,0.0],[88.332612,43.780798,0.0],[88.332336,43.780557,0.0],[88.331928,43.780464,0.0],[88.331523,43.780468,0.0],[88.33105,43.780474,0.0],[88.330644,43.780478,0.0],[88.330448,43.780775,0.0],[88.330319,43.78107,0.0],[88.330122,43.781317,0.0],[88.329993,43.781613,0.0],[88.329727,43.781812,0.0],[88.329323,43.781865,0.0],[88.328852,43.781969,0.0],[88.328377,43.781925,0.0],[88.328036,43.781782,0.0],[88.327695,43.781639,0.0],[88.327286,43.781497,0.0],[88.326883,43.7816,0.0],[88.326618,43.781848,0.0],[88.326352,43.782047,0.0],[88.326154,43.782294,0.0],[88.325889,43.782542,0.0],[88.325693,43.782838,0.0],[88.325496,43.783086,0.0],[88.325298,43.783333,0.0],[88.325032,43.783532,0.0],[88.324699,43.783732,0.0],[88.324364,43.783882,0.0],[88.323893,43.783986,0.0],[88.323485,43.783893,0.0],[88.323077,43.783799,0.0],[88.322674,43.783902,0.0],[88.322613,43.784197,0.0],[88.322619,43.78449,0.0],[88.322626,43.784784,0.0],[88.322632,43.785078,0.0],[88.322639,43.785372,0.0],[88.322645,43.785666,0.0],[88.322585,43.786009,0.0],[88.322457,43.786305,0.0],[88.322259,43.786552,0.0],[88.322063,43.786848,0.0],[88.321797,43.787047,0.0],[88.321465,43.787345,0.0],[88.321199,43.787544,0.0],[88.320864,43.787695,0.0],[88.320462,43.787846,0.0],[88.320422,43.787855,0.0],[88.320215,43.787815,0.0],[88.319787,43.787768,0.0],[88.319078,43.787931,0.0],[88.318652,43.787988,0.0],[88.318153,43.787942,0.0],[88.317653,43.787896,0.0],[88.317364,43.787693,0.0],[88.317005,43.787594,0.0],[88.316576,43.787496,0.0],[88.316223,43.787654,0.0],[88.316087,43.787914,0.0],[88.315879,43.788174,0.0],[88.315742,43.788434,0.0],[88.315534,43.788694,0.0],[88.315401,43.789109,0.0],[88.315402,43.789192,0.0],[88.315285,43.78918,0.0],[88.314931,43.789184,0.0],[88.314986,43.789241,0.0],[88.315372,43.789512,0.0],[88.315755,43.789691,0.0],[88.316015,43.789963,0.0],[88.316274,43.790236,0.0],[88.316658,43.790415,0.0],[88.316917,43.790687,0.0],[88.317299,43.790774,0.0],[88.317682,43.790953,0.0],[88.318193,43.791131,0.0],[88.318452,43.791403,0.0],[88.318834,43.79149,0.0],[88.319093,43.791763,0.0],[88.319477,43.791942,0.0],[88.319863,43.792212,0.0],[88.320245,43.7923,0.0],[88.320377,43.792573,0.0],[88.320759,43.792661,0.0],[88.321143,43.79284,0.0],[88.321527,43.793019,0.0],[88.321913,43.793289,0.0],[88.322172,43.793562,0.0],[88.322556,43.793741,0.0],[88.322613,43.793858,0.0],[88.322929,43.793461,0.0],[88.323303,43.793181,0.0],[88.32355,43.792903,0.0],[88.323671,43.792627,0.0],[88.324044,43.792347,0.0],[88.324292,43.792069,0.0],[88.324409,43.791981,0.0]],[[88.317193,43.789843,0.0],[88.317045,43.78976,0.0],[88.317407,43.789653,0.0],[88.317761,43.789546,0.0],[88.318187,43.789489,0.0],[88.318368,43.789487,0.0],[88.318405,43.789634,0.0],[88.318479,43.789927,0.0],[88.318486,43.79022,0.0],[88.318492,43.790514,0.0],[88.318475,43.790598,0.0],[88.318237,43.790432,0.0],[88.317878,43.790276,0.0],[88.317468,43.790085,0.0],[88.317193,43.789843,0.0]]]}},{"type":"Feature","properties":{"rgi_id":"RGI2000-v7.0-G-13-41438","o1region":"13"},"geometry":{"type":"Polygon","coordinates":[[[88.381369,43.790704,0.0],[88.381106,43.790707,0.0],[88.381101,43.790501,0.0],[88.381152,43.790256,0.0],[88.380989,43.790141,0.0],[88.380807,43.790091,0.0],[88.38038,43.790097,0.0],[88.380026,43.790204,0.0],[88.379599,43.790209,0.0],[88.379319,43.790419,0.0],[88.379326,43.790728,0.0],[88.379333,43.791038,0.0],[88.37934,43.791347,0.0],[88.379204,43.791607,0.0],[88.378851,43.791766,0.0],[88.378424,43.791771,0.0],[88.377997,43.791776,0.0],[88.377569,43.791782,0.0],[88.377344,43.791784,0.0],[88.377279,43.791527,0.0],[88.3772,43.791218,0.0],[88.377052,43.790962,0.0],[88.377045,43.790653,0.0],[88.377038,43.790343,0.0],[88.376748,43.79014,0.0],[88.376389,43.78999,0.0],[88.37603,43.789891,0.0],[88.375878,43.789893,0.0],[88.375861,43.789773,0.0],[88.375787,43.789532,0.0],[88.375801,43.789303,0.0],[88.375858,43.789174,0.0],[88.376111,43.789028,0.0],[88.376206,43.788869,0.0],[88.376122,43.788642,0.0],[88.375948,43.788596,0.0],[88.376192,43.788413,0.0],[88.376458,43.788214,0.0],[88.376655,43.787967,0.0],[88.37692,43.787719,0.0],[88.377184,43.787471,0.0],[88.377517,43.787222,0.0],[88.37778,43.786925,0.0],[88.378046,43.786726,0.0],[88.378243,43.786478,0.0],[88.378304,43.786184,0.0],[88.378275,43.78607,0.0],[88.378096,43.78604,0.0],[88.377712,43.785861,0.0],[88.377328,43.785682,0.0],[88.376816,43.785413,0.0],[88.376787,43.7854,0.0],[88.376462,43.785471,0.0],[88.376128,43.785622,0.0],[88.375862,43.785821,0.0],[88.375742,43.785971,0.0],[88.375374,43.786132,0.0],[88.374948,43.786189,0.0],[88.37452,43.786143,0.0],[88.374093,43.786148,0.0],[88.373665,43.786153,0.0],[88.373239,43.78621,0.0],[88.373032,43.78647,0.0],[88.372752,43.78668,0.0],[88.372328,43.78684,0.0],[88.372204,43.786871,0.0],[88.371936,43.786805,0.0],[88.37147,43.786697,0.0],[88.371074,43.786637,0.0],[88.370608,43.786514,0.0],[88.370351,43.786495,0.0],[88.370261,43.786461,0.0],[88.370149,43.786326,0.0],[88.370098,43.786061,0.0],[88.370074,43.785728,0.0],[88.370118,43.785477,0.0],[88.369884,43.785313,0.0],[88.369714,43.785065,0.0],[88.369707,43.784779,0.0],[88.369634,43.784458,0.0],[88.369268,43.78426,0.0],[88.368772,43.784123,0.0],[88.368705,43.784117,0.0],[88.368698,43.783839,0.0],[88.368763,43.783529,0.0],[88.368898,43.783217,0.0],[88.368962,43.782907,0.0],[88.36917,43.782647,0.0],[88.369377,43.782386,0.0],[88.369585,43.782126,0.0],[88.369649,43.781815,0.0],[88.36943,43.78156,0.0],[88.369003,43.781565,0.0],[88.368575,43.78157,0.0],[88.368368,43.781831,0.0],[88.368231,43.78209,0.0],[88.368167,43.782401,0.0],[88.368174,43.78271,0.0],[88.368181,43.78302,0.0],[88.368188,43.783329,0.0],[88.368124,43.78364,0.0],[88.368131,43.783949,0.0],[88.368072,43.784084,0.0],[88.367932,43.784086,0.0],[88.367537,43.784067,0.0],[88.367164,43.784029,0.0],[88.366816,43.783914,0.0],[88.36655,43.78381,0.0],[88.366334,43.783706,0.0],[88.366085,43.783589,0.0],[88.365869,43.783509,0.0],[88.365637,43.783428,0.0],[88.365354,43.783265,0.0],[88.36512,43.783101,0.0],[88.36513,43.782803,0.0],[88.364995,43.782638,0.0],[88.364778,43.782497,0.0],[88.364658,43.782308,0.0],[88.364442,43.78218,0.0],[88.364192,43.782052,0.0],[88.364008,43.781899,0.0],[88.363857,43.781782,0.0],[88.363772,43.781664,0.0],[88.363867,43.781472,0.0],[88.36398,43.781411,0.0],[88.364225,43.781313,0.0],[88.364403,43.781203,0.0],[88.364449,43.781036,0.0],[88.36446,43.780833,0.0],[88.364404,43.780536,0.0],[88.364399,43.780286,0.0],[88.364477,43.780107,0.0],[88.364722,43.780044,0.0],[88.364885,43.779971,0.0],[88.364916,43.779887,0.0],[88.364733,43.779794,0.0],[88.364649,43.779723,0.0],[88.364498,43.779594,0.0],[88.36438,43.779465,0.0],[88.36426,43.779228,0.0],[88.364108,43.779087,0.0],[88.363778,43.779031,0.0],[88.363532,43.779034,0.0],[88.363301,43.779001,0.0],[88.363134,43.778908,0.0],[88.362918,43.778779,0.0],[88.362751,43.778686,0.0],[88.362601,43.778569,0.0],[88.362484,43.778487,0.0],[88.362302,43.778453,0.0],[88.362089,43.778503,0.0],[88.361831,43.778697,0.0],[88.361651,43.778747,0.0],[88.361552,43.778712,0.0],[88.361467,43.778594,0.0],[88.361429,43.77838,0.0],[88.361276,43.778144,0.0],[88.361152,43.77774,0.0],[88.361079,43.777455,0.0],[88.361089,43.777145,0.0],[88.361066,43.776884,0.0],[88.361124,43.776538,0.0],[88.361175,43.775882,0.0],[88.36107,43.775573,0.0],[88.361107,43.775061,0.0],[88.361082,43.77468,0.0],[88.361042,43.774371,0.0],[88.361082,43.773953,0.0],[88.361109,43.773679,0.0],[88.361159,43.772976,0.0],[88.361232,43.77257,0.0],[88.361208,43.77226,0.0],[88.361183,43.77188,0.0],[88.361242,43.771581,0.0],[88.361252,43.771295,0.0],[88.361245,43.770997,0.0],[88.36104,43.770441,0.0],[88.36095,43.770085,0.0],[88.360776,43.76964,0.0],[88.360927,43.769073,0.0],[88.360949,43.768239,0.0],[88.360938,43.767733,0.0],[88.360926,43.767227,0.0],[88.361071,43.766361,0.0],[88.361013,43.765617,0.0],[88.361242,43.764841,0.0],[88.361464,43.764135,0.0],[88.361682,43.763585,0.0],[88.361834,43.763035,0.0],[88.362021,43.762604,0.0],[88.362078,43.762222,0.0],[88.362133,43.761721,0.0],[88.362317,43.761147,0.0],[88.362341,43.760766,0.0],[88.362654,43.760071,0.0],[88.362774,43.759569,0.0],[88.363027,43.759138,0.0],[88.363252,43.75892,0.0],[88.363443,43.758632,0.0],[88.363601,43.758345,0.0],[88.36379,43.758009,0.0],[88.363782,43.757628,0.0],[88.363945,43.756966,0.0],[88.363854,43.75655,0.0],[88.363928,43.756222,0.0],[88.363912,43.755784,0.0],[88.363924,43.755441,0.0],[88.363975,43.755097,0.0],[88.363966,43.754711,0.0],[88.36396,43.754425,0.0],[88.363954,43.754154,0.0],[88.36389,43.75394,0.0],[88.363843,43.753626,0.0],[88.363711,43.753344,0.0],[88.3637,43.752858,0.0],[88.363673,43.752544,0.0],[88.363662,43.752058,0.0],[88.363729,43.751528,0.0],[88.363676,43.750957,0.0],[88.363445,43.750317,0.0],[88.363257,43.749876,0.0],[88.363016,43.74965,0.0],[88.362852,43.749409,0.0],[88.362652,43.749254,0.0],[88.362471,43.749113,0.0],[88.362234,43.749088,0.0],[88.361897,43.749035,0.0],[88.361523,43.749039,0.0],[88.361109,43.749044,0.0],[88.360834,43.749104,0.0],[88.360562,43.749265,0.0],[88.360368,43.749424,0.0],[88.360194,43.749584,0.0],[88.359962,43.749758,0.0],[88.359846,43.749874,0.0],[88.359695,43.750147,0.0],[88.359581,43.750377,0.0],[88.359467,43.750564,0.0],[88.359175,43.750725,0.0],[88.358982,43.750913,0.0],[88.358731,43.751145,0.0],[88.358657,43.75136,0.0],[88.358447,43.751634,0.0],[88.358315,43.751907,0.0],[88.358222,43.752151,0.0],[88.35813,43.752453,0.0],[88.357997,43.752683,0.0],[88.357885,43.752984,0.0],[88.357816,43.753414,0.0],[88.357724,43.753672,0.0],[88.357591,43.753931,0.0],[88.357481,43.754261,0.0],[88.357351,43.75462,0.0],[88.35726,43.754993,0.0],[88.35721,43.755394,0.0],[88.357201,43.755837,0.0],[88.357054,43.75631,0.0],[88.356849,43.75687,0.0],[88.356738,43.7572,0.0],[88.356628,43.75753,0.0],[88.356536,43.75786,0.0],[88.356405,43.758133,0.0],[88.356156,43.758494,0.0],[88.355907,43.758783,0.0],[88.355814,43.759055,0.0],[88.355702,43.759328,0.0],[88.35557,43.759616,0.0],[88.355342,43.759961,0.0],[88.35513,43.760193,0.0],[88.3549,43.760481,0.0],[88.354768,43.760783,0.0],[88.354538,43.761071,0.0],[88.354448,43.761458,0.0],[88.354375,43.761702,0.0],[88.354322,43.761974,0.0],[88.35417,43.762248,0.0],[88.354039,43.762535,0.0],[88.353754,43.763025,0.0],[88.353742,43.763354,0.0],[88.353671,43.763697,0.0],[88.353637,43.763955,0.0],[88.353505,43.764228,0.0],[88.353412,43.764472,0.0],[88.35328,43.764731,0.0],[88.353188,43.765018,0.0],[88.353155,43.765304,0.0],[88.353102,43.765577,0.0],[88.353067,43.765777,0.0],[88.352995,43.766092,0.0],[88.352745,43.766396,0.0],[88.352574,43.766683,0.0],[88.35244,43.766842,0.0],[88.352504,43.76707,0.0],[88.352665,43.767211,0.0],[88.352691,43.767483,0.0],[88.352696,43.767711,0.0],[88.352702,43.767983,0.0],[88.352747,43.768239,0.0],[88.353011,43.768579,0.0],[88.352943,43.769023,0.0],[88.35299,43.76938,0.0],[88.352918,43.769695,0.0],[88.352924,43.769938,0.0],[88.35301,43.770252,0.0],[88.353018,43.770637,0.0],[88.353055,43.770818,0.0],[88.352683,43.770823,0.0],[88.352304,43.770827,0.0],[88.35231,43.771102,0.0],[88.35219,43.771379,0.0],[88.352071,43.771747,0.0],[88.351951,43.772024,0.0],[88.351575,43.772212,0.0],[88.351198,43.772308,0.0],[88.35082,43.772404,0.0],[88.350445,43.772592,0.0],[88.350069,43.77278,0.0],[88.349692,43.772876,0.0],[88.349316,43.773064,0.0],[88.348938,43.77316,0.0],[88.348561,43.773256,0.0],[88.348187,43.773536,0.0],[88.347687,43.773817,0.0],[88.347185,43.774007,0.0],[88.346988,43.774045,0.0],[88.346862,43.774001,0.0],[88.346636,43.773967,0.0],[88.346549,43.774004,0.0],[88.346007,43.774046,0.0],[88.345866,43.774078,0.0],[88.345714,43.774015,0.0],[88.345308,43.774019,0.0],[88.344904,43.774073,0.0],[88.344365,43.774177,0.0],[88.34403,43.774328,0.0],[88.343969,43.774623,0.0],[88.344045,43.774965,0.0],[88.344198,43.775018,0.0],[88.344159,43.775175,0.0],[88.344269,43.775426,0.0],[88.344056,43.775455,0.0],[88.34365,43.775459,0.0],[88.343246,43.775513,0.0],[88.342842,43.775616,0.0],[88.342372,43.775719,0.0],[88.341968,43.775822,0.0],[88.341975,43.776116,0.0],[88.34225,43.776309,0.0],[88.342656,43.776353,0.0],[88.343062,43.776348,0.0],[88.343468,43.776392,0.0],[88.343877,43.776534,0.0],[88.343884,43.776828,0.0],[88.344225,43.776971,0.0],[88.344558,43.776771,0.0],[88.344962,43.776669,0.0],[88.345365,43.776566,0.0],[88.345836,43.776462,0.0],[88.346239,43.77636,0.0],[88.346644,43.776306,0.0],[88.347046,43.776154,0.0],[88.347312,43.775955,0.0],[88.347372,43.775888,0.0],[88.347429,43.775887,0.0],[88.347577,43.77585,0.0],[88.347965,43.775559,0.0],[88.348651,43.775372,0.0],[88.3487,43.775372,0.0],[88.34919,43.775223,0.0],[88.34963,43.775039,0.0],[88.350119,43.774891,0.0],[88.350508,43.774636,0.0],[88.350847,43.774346,0.0],[88.351036,43.773986,0.0],[88.350949,43.773669,0.0],[88.3511,43.773593,0.0],[88.351478,43.773497,0.0],[88.351853,43.773309,0.0],[88.352353,43.773028,0.0],[88.352729,43.77284,0.0],[88.353102,43.772561,0.0],[88.353383,43.77235,0.0],[88.353395,43.772477,0.0],[88.35344,43.772734,0.0],[88.353447,43.773019,0.0],[88.353553,43.773361,0.0],[88.353562,43.773733,0.0],[88.353531,43.774119,0.0],[88.353517,43.774391,0.0],[88.353522,43.774619,0.0],[88.35339,43.774878,0.0],[88.353316,43.775108,0.0],[88.353224,43.775395,0.0],[88.35321,43.775638,0.0],[88.353199,43.776038,0.0],[88.353147,43.776353,0.0],[88.353175,43.776725,0.0],[88.3533,43.77698,0.0],[88.353306,43.777266,0.0],[88.353195,43.777582,0.0],[88.353063,43.777869,0.0],[88.352893,43.778186,0.0],[88.352782,43.778516,0.0],[88.35265,43.778803,0.0],[88.352657,43.779104,0.0],[88.352643,43.779375,0.0],[88.352532,43.779677,0.0],[88.352418,43.779892,0.0],[88.352286,43.780166,0.0],[88.352056,43.78044,0.0],[88.351923,43.78067,0.0],[88.351731,43.780887,0.0],[88.351599,43.78116,0.0],[88.351447,43.781433,0.0],[88.351276,43.78175,0.0],[88.351244,43.78205,0.0],[88.351211,43.782351,0.0],[88.351079,43.782638,0.0],[88.351004,43.782796,0.0],[88.351204,43.782923,0.0],[88.351442,43.782977,0.0],[88.351681,43.783074,0.0],[88.351942,43.783257,0.0],[88.352104,43.783441,0.0],[88.352248,43.783725,0.0],[88.352333,43.783981,0.0],[88.352457,43.784223,0.0],[88.352722,43.784591,0.0],[88.353003,43.784803,0.0],[88.353128,43.785101,0.0],[88.352995,43.785331,0.0],[88.35288,43.785476,0.0],[88.352944,43.785718,0.0],[88.353146,43.785901,0.0],[88.353424,43.786012,0.0],[88.353704,43.786152,0.0],[88.353885,43.786307,0.0],[88.354087,43.786533,0.0],[88.354288,43.786688,0.0],[88.354572,43.787042,0.0],[88.354577,43.787271,0.0],[88.354623,43.787528,0.0],[88.35459,43.787814,0.0],[88.354476,43.788001,0.0],[88.354281,43.788132,0.0],[88.354066,43.78822,0.0],[88.35387,43.78828,0.0],[88.35344,43.788456,0.0],[88.352983,43.788581,0.0],[88.352492,43.788682,0.0],[88.35203,43.78864,0.0],[88.351503,43.788575,0.0],[88.351073,43.788461,0.0],[88.350511,43.788348,0.0],[88.350404,43.788338,0.0],[88.350553,43.788049,0.0],[88.350421,43.788035,0.0],[88.350013,43.787942,0.0],[88.349538,43.78785,0.0],[88.349132,43.787854,0.0],[88.348658,43.787811,0.0],[88.348183,43.787768,0.0],[88.347778,43.787772,0.0],[88.347372,43.787777,0.0],[88.34707,43.787651,0.0],[88.347273,43.787499,0.0],[88.347627,43.787392,0.0],[88.347763,43.787132,0.0],[88.347827,43.786822,0.0],[88.34782,43.786512,0.0],[88.347813,43.786203,0.0],[88.347735,43.785894,0.0],[88.347446,43.785691,0.0],[88.347019,43.785696,0.0],[88.346665,43.785803,0.0],[88.346239,43.78586,0.0],[88.345813,43.785917,0.0],[88.345314,43.785923,0.0],[88.345099,43.785925,0.0],[88.345094,43.785698,0.0],[88.345155,43.785403,0.0],[88.345421,43.785204,0.0],[88.345824,43.785101,0.0],[88.346295,43.784998,0.0],[88.346698,43.784846,0.0],[88.347101,43.784743,0.0],[88.347505,43.784641,0.0],[88.347839,43.78449,0.0],[88.348174,43.784339,0.0],[88.34822,43.784304,0.0],[88.348173,43.78429,0.0],[88.347765,43.784197,0.0],[88.347358,43.784152,0.0],[88.346952,43.784108,0.0],[88.346544,43.784015,0.0],[88.346,43.783875,0.0],[88.345527,43.78388,0.0],[88.345121,43.783885,0.0],[88.344716,43.78389,0.0],[88.34431,43.783894,0.0],[88.343905,43.783948,0.0],[88.343832,43.783967,0.0],[88.34377,43.783722,0.0],[88.343763,43.783413,0.0],[88.343899,43.783153,0.0],[88.343963,43.782843,0.0],[88.343464,43.782797,0.0],[88.343111,43.782956,0.0],[88.342759,43.783115,0.0],[88.342406,43.783274,0.0],[88.342053,43.783381,0.0],[88.341772,43.783591,0.0],[88.341565,43.783851,0.0],[88.341429,43.784162,0.0],[88.341149,43.784372,0.0],[88.34108,43.784407,0.0],[88.34094,43.784375,0.0],[88.340464,43.784234,0.0],[88.340403,43.784191,0.0],[88.340269,43.78422,0.0],[88.340429,43.784019,0.0],[88.340637,43.783759,0.0],[88.340988,43.783548,0.0],[88.341124,43.783237,0.0],[88.341259,43.782926,0.0],[88.341396,43.782666,0.0],[88.341604,43.782406,0.0],[88.341734,43.782106,0.0],[88.341957,43.782038,0.0],[88.342396,43.781905,0.0],[88.342656,43.78171,0.0],[88.342827,43.781452,0.0],[88.342998,43.781194,0.0],[88.343257,43.780935,0.0],[88.343517,43.780676,0.0],[88.343777,43.780481,0.0],[88.345411,43.778477,0.0],[88.345324,43.778543,0.0],[88.344885,43.778676,0.0],[88.344447,43.778809,0.0],[88.344096,43.778941,0.0],[88.343659,43.779138,0.0],[88.3434,43.779397,0.0],[88.34314,43.779656,0.0],[88.342791,43.779852,0.0],[88.342354,43.78005,0.0],[88.342094,43.780245,0.0],[88.341833,43.78044,0.0],[88.341482,43.780572,0.0],[88.341132,43.780704,0.0],[88.340874,43.781027,0.0],[88.340614,43.781222,0.0],[88.340532,43.781543,0.0],[88.340537,43.781733,0.0],[88.340308,43.781802,0.0],[88.339956,43.781961,0.0],[88.339675,43.782171,0.0],[88.339251,43.782279,0.0],[88.338897,43.782386,0.0],[88.338543,43.782494,0.0],[88.33819,43.782601,0.0],[88.33847,43.782391,0.0],[88.338678,43.782131,0.0],[88.338742,43.78182,0.0],[88.338313,43.781774,0.0],[88.337885,43.781727,0.0],[88.337458,43.781732,0.0],[88.3371,43.781633,0.0],[88.336741,43.781534,0.0],[88.336314,43.781539,0.0],[88.336088,43.781608,0.0],[88.336091,43.78175,0.0],[88.336097,43.782025,0.0],[88.33623,43.782299,0.0],[88.336236,43.782574,0.0],[88.336242,43.782849,0.0],[88.336248,43.783124,0.0],[88.336381,43.783398,0.0],[88.336387,43.783673,0.0],[88.336393,43.783948,0.0],[88.3364,43.784223,0.0],[88.3364,43.78425,0.0],[88.336474,43.784231,0.0],[88.336878,43.784129,0.0],[88.33735,43.784074,0.0],[88.337283,43.784258,0.0],[88.337316,43.784298,0.0],[88.337488,43.784629,0.0],[88.337855,43.784887,0.0],[88.33832,43.785072,0.0],[88.338849,43.785233,0.0],[88.339411,43.785345,0.0],[88.339973,43.785482,0.0],[88.340602,43.785665,0.0],[88.340766,43.785651,0.0],[88.341237,43.785547,0.0],[88.341776,43.785492,0.0],[88.342316,43.785436,0.0],[88.342789,43.785431,0.0],[88.343198,43.785573,0.0],[88.343604,43.785568,0.0],[88.343878,43.785761,0.0],[88.343614,43.786009,0.0],[88.34321,43.786112,0.0],[88.342805,43.786116,0.0],[88.342399,43.786121,0.0],[88.342,43.786126,0.0],[88.342195,43.786313,0.0],[88.341971,43.786602,0.0],[88.342176,43.786957,0.0],[88.34264,43.787094,0.0],[88.343038,43.787196,0.0],[88.342767,43.787439,0.0],[88.342501,43.787639,0.0],[88.342372,43.787934,0.0],[88.342175,43.788181,0.0],[88.34191,43.788429,0.0],[88.341647,43.788775,0.0],[88.341633,43.788857,0.0],[88.341389,43.788755,0.0],[88.3411,43.788552,0.0],[88.340811,43.788349,0.0],[88.340521,43.788146,0.0],[88.340302,43.787891,0.0],[88.340011,43.787636,0.0],[88.339721,43.787381,0.0],[88.339431,43.787178,0.0],[88.339069,43.786925,0.0],[88.33878,43.786722,0.0],[88.338421,43.786571,0.0],[88.337993,43.786576,0.0],[88.33764,43.786683,0.0],[88.337499,43.786747,0.0],[88.337505,43.787046,0.0],[88.337512,43.787356,0.0],[88.337449,43.787718,0.0],[88.337095,43.787825,0.0],[88.336668,43.78783,0.0],[88.33639,43.787766,0.0],[88.336245,43.788041,0.0],[88.336109,43.788301,0.0],[88.335972,43.78856,0.0],[88.335835,43.78882,0.0],[88.335699,43.78908,0.0],[88.335621,43.789227,0.0],[88.335297,43.789046,0.0],[88.334955,43.788854,0.0],[88.33468,43.788661,0.0],[88.334404,43.788419,0.0],[88.334129,43.788226,0.0],[88.333721,43.788133,0.0],[88.33338,43.78799,0.0],[88.332839,43.787997,0.0],[88.332435,43.78805,0.0],[88.332026,43.787908,0.0],[88.331751,43.787715,0.0],[88.33141,43.787572,0.0],[88.331,43.787381,0.0],[88.330524,43.78724,0.0],[88.330051,43.787294,0.0],[88.329785,43.787493,0.0],[88.329725,43.787837,0.0],[88.329665,43.788181,0.0],[88.329605,43.788524,0.0],[88.329612,43.788818,0.0],[88.329551,43.789113,0.0],[88.329555,43.789308,0.0],[88.329285,43.789312,0.0],[88.328878,43.789267,0.0],[88.32847,43.789174,0.0],[88.328194,43.788932,0.0],[88.327852,43.78874,0.0],[88.327379,43.788746,0.0],[88.326906,43.788751,0.0],[88.326501,43.788805,0.0],[88.32603,43.788909,0.0],[88.325558,43.788963,0.0],[88.325152,43.788968,0.0],[88.325111,43.789033,0.0],[88.32499,43.789309,0.0],[88.32487,43.789586,0.0],[88.324876,43.789861,0.0],[88.325009,43.790135,0.0],[88.325015,43.79041,0.0],[88.325021,43.790685,0.0],[88.325027,43.79096,0.0],[88.325007,43.791005,0.0],[88.325465,43.790874,0.0],[88.325868,43.790772,0.0],[88.326339,43.790668,0.0],[88.326879,43.790613,0.0],[88.327352,43.790608,0.0],[88.327825,43.790553,0.0],[88.328229,43.790499,0.0],[88.328635,43.790495,0.0],[88.329106,43.790391,0.0],[88.329578,43.790337,0.0],[88.329579,43.790386,0.0],[88.329586,43.79068,0.0],[88.32966,43.790973,0.0],[88.329734,43.791266,0.0],[88.329746,43.791316,0.0],[88.329338,43.791321,0.0],[88.328911,43.791326,0.0],[88.328484,43.791331,0.0],[88.328131,43.79149,0.0],[88.327851,43.791699,0.0],[88.327571,43.791909,0.0],[88.327218,43.792068,0.0],[88.326864,43.792175,0.0],[88.32644,43.792335,0.0],[88.32616,43.792544,0.0],[88.326101,43.792611,0.0],[88.325772,43.792536,0.0],[88.32543,43.792344,0.0],[88.325089,43.792201,0.0],[88.324747,43.792058,0.0],[88.324409,43.791981,0.0],[88.324292,43.792069,0.0],[88.324044,43.792347,0.0],[88.323671,43.792627,0.0],[88.32355,43.792903,0.0],[88.323303,43.793181,0.0],[88.322929,43.793461,0.0],[88.322613,43.793858,0.0],[88.322688,43.794014,0.0],[88.322948,43.794286,0.0],[88.323207,43.794559,0.0],[88.323589,43.794646,0.0],[88.323973,43.794825,0.0],[88.324356,43.795004,0.0],[88.32474,43.795183,0.0],[88.325124,43.795362,0.0],[88.325424,43.79543,0.0],[88.325224,43.79529,0.0],[88.325427,43.795284,0.0],[88.325833,43.795279,0.0],[88.326305,43.795224,0.0],[88.326571,43.795025,0.0],[88.326837,43.794826,0.0],[88.326898,43.794532,0.0],[88.327026,43.794187,0.0],[88.327019,43.793894,0.0],[88.327013,43.7936,0.0],[88.326871,43.793307,0.0],[88.326842,43.793247,0.0],[88.326959,43.793258,0.0],[88.327529,43.793251,0.0],[88.327956,43.793246,0.0],[88.328384,43.793241,0.0],[88.328812,43.793288,0.0],[88.329044,43.793352,0.0],[88.32896,43.793544,0.0],[88.328823,43.793803,0.0],[88.328543,43.794013,0.0],[88.328263,43.794223,0.0],[88.328127,43.794534,0.0],[88.327991,43.794793,0.0],[88.327855,43.795105,0.0],[88.327718,43.795364,0.0],[88.327725,43.795674,0.0],[88.327661,43.795984,0.0],[88.327668,43.796294,0.0],[88.327958,43.796548,0.0],[88.328386,43.796543,0.0],[88.328884,43.796537,0.0],[88.32931,43.796481,0.0],[88.329664,43.796374,0.0],[88.330018,43.796266,0.0],[88.330372,43.796159,0.0],[88.330723,43.795948,0.0],[88.331076,43.79579,0.0],[88.331356,43.79558,0.0],[88.331707,43.795369,0.0],[88.331988,43.79516,0.0],[88.33234,43.795001,0.0],[88.332763,43.79479,0.0],[88.332836,43.794757,0.0],[88.333192,43.794752,0.0],[88.333666,43.794747,0.0],[88.334071,43.794742,0.0],[88.334475,43.794639,0.0],[88.33488,43.794635,0.0],[88.335286,43.79463,0.0],[88.335692,43.794625,0.0],[88.336095,43.794523,0.0],[88.336256,43.794487,0.0],[88.336572,43.794664,0.0],[88.337049,43.794854,0.0],[88.337459,43.795045,0.0],[88.337868,43.795188,0.0],[88.338211,43.795379,0.0],[88.338618,43.795473,0.0],[88.33896,43.795616,0.0],[88.339434,43.795659,0.0],[88.339907,43.795654,0.0],[88.340242,43.795503,0.0],[88.340508,43.795304,0.0],[88.340842,43.795104,0.0],[88.341245,43.795001,0.0],[88.341648,43.794849,0.0],[88.342051,43.794747,0.0],[88.342453,43.794595,0.0],[88.342649,43.79425,0.0],[88.342751,43.794122,0.0],[88.343179,43.793985,0.0],[88.343569,43.793771,0.0],[88.344357,43.793724,0.0],[88.345013,43.79364,0.0],[88.345148,43.793572,0.0],[88.345204,43.793632,0.0],[88.345615,43.793823,0.0],[88.345889,43.794016,0.0],[88.346231,43.794159,0.0],[88.34664,43.794301,0.0],[88.347113,43.794295,0.0],[88.347655,43.794338,0.0],[88.348127,43.794283,0.0],[88.348533,43.794278,0.0],[88.348938,43.794274,0.0],[88.349411,43.794268,0.0],[88.349884,43.794214,0.0],[88.350289,43.794209,0.0],[88.350693,43.794106,0.0],[88.351096,43.794003,0.0],[88.351362,43.793804,0.0],[88.351627,43.793556,0.0],[88.351679,43.793438,0.0],[88.351816,43.79344,0.0],[88.352269,43.793406,0.0],[88.352685,43.793473,0.0],[88.35298,43.793412,0.0],[88.353253,43.793266,0.0],[88.353346,43.793181,0.0],[88.353446,43.793241,0.0],[88.353856,43.793432,0.0],[88.354265,43.793574,0.0],[88.354606,43.793717,0.0],[88.355015,43.793859,0.0],[88.355489,43.793902,0.0],[88.355897,43.793995,0.0],[88.356163,43.793796,0.0],[88.356224,43.793502,0.0],[88.356218,43.793208,0.0],[88.356211,43.792914,0.0],[88.356204,43.79262,0.0],[88.35613,43.792327,0.0],[88.355855,43.792134,0.0],[88.355514,43.791992,0.0],[88.355172,43.791849,0.0],[88.354765,43.791755,0.0],[88.354539,43.791665,0.0],[88.354537,43.791578,0.0],[88.35453,43.791293,0.0],[88.354663,43.791062,0.0],[88.354857,43.790903,0.0],[88.355031,43.790772,0.0],[88.355424,43.790667,0.0],[88.355896,43.790619,0.0],[88.356175,43.79073,0.0],[88.356414,43.790842,0.0],[88.356851,43.790965,0.0],[88.357032,43.791106,0.0],[88.357329,43.791145,0.0],[88.357582,43.790999,0.0],[88.357757,43.790911,0.0],[88.35799,43.790737,0.0],[88.358185,43.790606,0.0],[88.35844,43.79056,0.0],[88.358676,43.7905,0.0],[88.358851,43.790412,0.0],[88.359125,43.790295,0.0],[88.359362,43.790306,0.0],[88.359678,43.790345,0.0],[88.359973,43.790299,0.0],[88.360109,43.790212,0.0],[88.360264,43.790067,0.0],[88.360418,43.789908,0.0],[88.360414,43.789736,0.0],[88.360331,43.789566,0.0],[88.36025,43.789438,0.0],[88.360147,43.789268,0.0],[88.360123,43.789068,0.0],[88.360158,43.788896,0.0],[88.360232,43.788666,0.0],[88.360167,43.78841,0.0],[88.360141,43.78811,0.0],[88.360038,43.787926,0.0],[88.359877,43.787799,0.0],[88.359696,43.787629,0.0],[88.359575,43.787531,0.0],[88.359551,43.78736,0.0],[88.359488,43.787174,0.0],[88.359484,43.787003,0.0],[88.359677,43.786815,0.0],[88.35999,43.786697,0.0],[88.360241,43.786451,0.0],[88.360335,43.786221,0.0],[88.360388,43.785963,0.0],[88.360562,43.785818,0.0],[88.360895,43.785686,0.0],[88.36101,43.785556,0.0],[88.361283,43.785424,0.0],[88.361557,43.78532,0.0],[88.361891,43.785245,0.0],[88.362363,43.785211,0.0],[88.362836,43.785162,0.0],[88.36333,43.785199,0.0],[88.363514,43.785206,0.0],[88.363608,43.785135,0.0],[88.364012,43.785082,0.0],[88.364418,43.785077,0.0],[88.364759,43.78522,0.0],[88.365034,43.785412,0.0],[88.365376,43.785604,0.0],[88.365651,43.785797,0.0],[88.365927,43.786038,0.0],[88.366002,43.786331,0.0],[88.366008,43.786625,0.0],[88.366015,43.786919,0.0],[88.365954,43.787214,0.0],[88.365894,43.787557,0.0],[88.365697,43.787805,0.0],[88.365355,43.787613,0.0],[88.365146,43.78737,0.0],[88.36514,43.787076,0.0],[88.365132,43.786734,0.0],[88.365057,43.786441,0.0],[88.365051,43.786147,0.0],[88.364842,43.785904,0.0],[88.364568,43.785712,0.0],[88.364222,43.785716,0.0],[88.364213,43.78586,0.0],[88.364119,43.786076,0.0],[88.363905,43.786193,0.0],[88.36369,43.786281,0.0],[88.363435,43.786356,0.0],[88.363256,43.786401,0.0],[88.363233,43.786511,0.0],[88.363037,43.786808,0.0],[88.362983,43.78712,0.0],[88.363038,43.787132,0.0],[88.363142,43.78736,0.0],[88.363109,43.787646,0.0],[88.363054,43.787804,0.0],[88.362918,43.787905,0.0],[88.362782,43.788021,0.0],[88.362667,43.788166,0.0],[88.362652,43.788337,0.0],[88.362675,43.788509,0.0],[88.362602,43.788767,0.0],[88.362488,43.788968,0.0],[88.362454,43.789164,0.0],[88.362484,43.789279,0.0],[88.362491,43.789589,0.0],[88.362498,43.789898,0.0],[88.362434,43.790209,0.0],[88.362297,43.790468,0.0],[88.362017,43.790678,0.0],[88.361663,43.790785,0.0],[88.361309,43.790893,0.0],[88.360741,43.790951,0.0],[88.360614,43.790968,0.0],[88.360587,43.791133,0.0],[88.360441,43.791194,0.0],[88.360228,43.791244,0.0],[88.360231,43.791363,0.0],[88.360315,43.791457,0.0],[88.360365,43.791459,0.0],[88.359967,43.791547,0.0],[88.3599,43.79158,0.0],[88.359908,43.79189,0.0],[88.359843,43.7922,0.0],[88.359636,43.792461,0.0],[88.359282,43.792568,0.0],[88.358923,43.792469,0.0],[88.358889,43.792439,0.0],[88.358498,43.792397,0.0],[88.358091,43.792304,0.0],[88.357685,43.792309,0.0],[88.357488,43.792556,0.0],[88.35729,43.792803,0.0],[88.357297,43.793097,0.0],[88.357304,43.793391,0.0],[88.357243,43.793685,0.0],[88.357114,43.793981,0.0],[88.357053,43.794276,0.0],[88.35706,43.794569,0.0],[88.357202,43.794862,0.0],[88.357344,43.795154,0.0],[88.357618,43.795347,0.0],[88.357827,43.795589,0.0],[88.358102,43.795782,0.0],[88.358444,43.795973,0.0],[88.358787,43.796165,0.0],[88.359128,43.796308,0.0],[88.359469,43.796451,0.0],[88.359553,43.796486,0.0],[88.359299,43.796489,0.0],[88.358871,43.796443,0.0],[88.358444,43.796448,0.0],[88.358085,43.796349,0.0],[88.357727,43.79625,0.0],[88.357297,43.796152,0.0],[88.356868,43.796054,0.0],[88.35644,43.796059,0.0],[88.356014,43.796115,0.0],[88.355661,43.796223,0.0],[88.355668,43.796532,0.0],[88.355957,43.796735,0.0],[88.356316,43.796834,0.0],[88.356743,43.796829,0.0],[88.357244,43.796926,0.0],[88.357671,43.796921,0.0],[88.358029,43.79702,0.0],[88.358388,43.797119,0.0],[88.358816,43.797166,0.0],[88.359316,43.797211,0.0],[88.359743,43.797206,0.0],[88.36017,43.797201,0.0],[88.360529,43.7973,0.0],[88.361027,43.797294,0.0],[88.361527,43.79734,0.0],[88.361955,43.797386,0.0],[88.362124,43.797384,0.0],[88.362196,43.797398,0.0],[88.362671,43.797491,0.0],[88.363147,43.797583,0.0],[88.363555,43.797676,0.0],[88.364096,43.79767,0.0],[88.364501,43.797665,0.0],[88.364975,43.797659,0.0],[88.36538,43.797654,0.0],[88.365785,43.7976,0.0],[88.366191,43.797596,0.0],[88.366426,43.797564,0.0],[88.366519,43.79759,0.0],[88.366949,43.797688,0.0],[88.367308,43.797838,0.0],[88.367736,43.797833,0.0],[88.368162,43.797777,0.0],[88.368298,43.797517,0.0],[88.368291,43.797207,0.0],[88.36879,43.797201,0.0],[88.369288,43.797196,0.0],[88.369716,43.79719,0.0],[88.370143,43.797185,0.0],[88.370641,43.797179,0.0],[88.371141,43.797225,0.0],[88.371569,43.797271,0.0],[88.371996,43.797215,0.0],[88.372276,43.797005,0.0],[88.37234,43.796695,0.0],[88.37262,43.796485,0.0],[88.372972,43.796326,0.0],[88.373399,43.796269,0.0],[88.373897,43.796263,0.0],[88.374323,43.796206,0.0],[88.374749,43.79615,0.0],[88.375177,43.796144,0.0],[88.375604,43.796139,0.0],[88.37603,43.796083,0.0],[88.376457,43.796077,0.0],[88.376883,43.796021,0.0],[88.377311,43.796016,0.0],[88.377737,43.795959,0.0],[88.378163,43.795902,0.0],[88.37859,43.795897,0.0],[88.379017,43.795892,0.0],[88.379371,43.795784,0.0],[88.379796,43.795676,0.0],[88.380076,43.795466,0.0],[88.380427,43.795256,0.0],[88.380635,43.794995,0.0],[88.380557,43.794686,0.0],[88.380407,43.794379,0.0],[88.380259,43.794123,0.0],[88.38011,43.793866,0.0],[88.380247,43.793607,0.0],[88.380527,43.793397,0.0],[88.380735,43.793136,0.0],[88.380871,43.792877,0.0],[88.380929,43.792767,0.0],[88.380941,43.792824,0.0],[88.380948,43.793134,0.0],[88.380957,43.793169,0.0],[88.381041,43.792975,0.0],[88.381035,43.7927,0.0],[88.381411,43.792512,0.0],[88.381404,43.792237,0.0],[88.381398,43.791962,0.0],[88.381392,43.791687,0.0],[88.381385,43.791412,0.0],[88.381379,43.791137,0.0],[88.381373,43.790862,0.0],[88.381369,43.790704,0.0]],[[88.375744,43.792939,0.0],[88.37539,43.793046,0.0],[88.374892,43.793052,0.0],[88.374392,43.793006,0.0],[88.373963,43.792908,0.0],[88.373463,43.792863,0.0],[88.373035,43.792816,0.0],[88.372536,43.792822,0.0],[88.372109,43.792828,0.0],[88.371682,43.792833,0.0],[88.371328,43.79294,0.0],[88.371048,43.79315,0.0],[88.371055,43.793459,0.0],[88.371203,43.793716,0.0],[88.37121,43.794025,0.0],[88.371074,43.794285,0.0],[88.37101,43.794595,0.0],[88.370873,43.794855,0.0],[88.370809,43.795165,0.0],[88.370745,43.795475,0.0],[88.370608,43.795735,0.0],[88.370255,43.795842,0.0],[88.369827,43.795848,0.0],[88.369398,43.795749,0.0],[88.369178,43.795494,0.0],[88.368959,43.795239,0.0],[88.368739,43.794983,0.0],[88.368381,43.794885,0.0],[88.368022,43.794786,0.0],[88.367524,43.794792,0.0],[88.367095,43.794745,0.0],[88.366668,43.79475,0.0],[88.36617,43.794756,0.0],[88.36577,43.79472,0.0],[88.36574,43.794658,0.0],[88.365591,43.79435,0.0],[88.36523,43.794148,0.0],[88.364871,43.794049,0.0],[88.364513,43.79395,0.0],[88.364086,43.793956,0.0],[88.363727,43.793857,0.0],[88.363299,43.79381,0.0],[88.363265,43.793811,0.0],[88.362872,43.793815,0.0],[88.362444,43.79382,0.0],[88.362155,43.793617,0.0],[88.362077,43.793309,0.0],[88.36207,43.793021,0.0],[88.361891,43.792895,0.0],[88.361682,43.792653,0.0],[88.361474,43.792411,0.0],[88.361266,43.792168,0.0],[88.361259,43.791874,0.0],[88.36132,43.79158,0.0],[88.361379,43.791506,0.0],[88.361534,43.791526,0.0],[88.361832,43.791618,0.0],[88.362376,43.791707,0.0],[88.362684,43.791816,0.0],[88.36269,43.792115,0.0],[88.362839,43.792371,0.0],[88.3632,43.792573,0.0],[88.363628,43.792619,0.0],[88.363979,43.792409,0.0],[88.364333,43.792301,0.0],[88.364759,43.792245,0.0],[88.365189,43.792343,0.0],[88.365547,43.792442,0.0],[88.365905,43.792541,0.0],[88.366334,43.792587,0.0],[88.366761,43.792582,0.0],[88.366898,43.792322,0.0],[88.366891,43.792013,0.0],[88.366884,43.791703,0.0],[88.366876,43.791394,0.0],[88.366728,43.791138,0.0],[88.366721,43.790828,0.0],[88.366643,43.79052,0.0],[88.366489,43.79034,0.0],[88.366494,43.790286,0.0],[88.366542,43.790085,0.0],[88.366683,43.789921,0.0],[88.366765,43.789818,0.0],[88.366686,43.789654,0.0],[88.366679,43.78936,0.0],[88.366604,43.789018,0.0],[88.366938,43.788867,0.0],[88.367346,43.78896,0.0],[88.367484,43.788992,0.0],[88.367555,43.788948,0.0],[88.367817,43.788898,0.0],[88.368031,43.788902,0.0],[88.368327,43.788899,0.0],[88.368574,43.788896,0.0],[88.368837,43.788893,0.0],[88.369214,43.788864,0.0],[88.369609,43.78886,0.0],[88.369855,43.788869,0.0],[88.370184,43.788877,0.0],[88.370415,43.788886,0.0],[88.370778,43.788953,0.0],[88.371024,43.788914,0.0],[88.37117,43.788817,0.0],[88.371495,43.788682,0.0],[88.371725,43.788656,0.0],[88.371924,43.788713,0.0],[88.37209,43.788818,0.0],[88.372257,43.788923,0.0],[88.372358,43.789029,0.0],[88.372428,43.789219,0.0],[88.372423,43.789389,0.0],[88.372255,43.789543,0.0],[88.372291,43.789661,0.0],[88.372523,43.789766,0.0],[88.372633,43.789754,0.0],[88.372639,43.789779,0.0],[88.372849,43.79007,0.0],[88.372991,43.790362,0.0],[88.373133,43.790655,0.0],[88.373341,43.790897,0.0],[88.373483,43.791189,0.0],[88.373505,43.791205,0.0],[88.373575,43.79152,0.0],[88.373653,43.791829,0.0],[88.374011,43.791928,0.0],[88.374436,43.791819,0.0],[88.37479,43.791712,0.0],[88.375142,43.791553,0.0],[88.375421,43.791291,0.0],[88.375416,43.791074,0.0],[88.375441,43.791068,0.0],[88.375561,43.791022,0.0],[88.375773,43.791081,0.0],[88.376202,43.791179,0.0],[88.376563,43.791381,0.0],[88.37657,43.79169,0.0],[88.376572,43.791776,0.0],[88.376289,43.791849,0.0],[88.376009,43.792058,0.0],[88.375945,43.792369,0.0],[88.375881,43.792679,0.0],[88.375744,43.792939,0.0]],[[88.38042,43.79185,0.0],[88.3807,43.791641,0.0],[88.380769,43.791554,0.0],[88.380776,43.791846,0.0],[88.380783,43.792155,0.0],[88.380862,43.792464,0.0],[88.380884,43.792565,0.0],[88.380648,43.792467,0.0],[88.38029,43.792368,0.0],[88.380004,43.792283,0.0],[88.380141,43.792112,0.0],[88.38042,43.79185,0.0]]]}},{"type":"Feature","properties":{"rgi_id":"RGI2000-v7.0-G-13-41439","o1region":"13"},"geometry":{"type":"Polygon","coordinates":[[[88.375107,43.779716,0.0],[88.374943,43.77967,0.0],[88.374489,43.779545,0.0],[88.374124,43.779354,0.0],[88.373978,43.779303,0.0],[88.374156,43.779301,0.0],[88.374437,43.778935,0.0],[88.374591,43.778762,0.0],[88.375169,43.778755,0.0],[88.375516,43.77898,0.0],[88.37563,43.778929,0.0],[88.375987,43.778794,0.0],[88.376379,43.778742,0.0],[88.376377,43.778664,0.0],[88.376056,43.77842,0.0],[88.375553,43.778312,0.0],[88.3751,43.778051,0.0],[88.3752,43.777802,0.0],[88.37535,43.777457,0.0],[88.375335,43.777287,0.0],[88.375248,43.77725,0.0],[88.374973,43.777058,0.0],[88.374698,43.776865,0.0],[88.374396,43.776706,0.0],[88.374372,43.776599,0.0],[88.374293,43.776239,0.0],[88.374215,43.77593,0.0],[88.373995,43.775675,0.0],[88.373705,43.77542,0.0],[88.373273,43.775219,0.0],[88.372983,43.775016,0.0],[88.372625,43.774917,0.0],[88.372273,43.775076,0.0],[88.372033,43.775256,0.0],[88.371992,43.775286,0.0],[88.371785,43.775547,0.0],[88.371721,43.775857,0.0],[88.371728,43.776166,0.0],[88.371735,43.776476,0.0],[88.371742,43.776785,0.0],[88.371749,43.777095,0.0],[88.371898,43.777403,0.0],[88.372189,43.777657,0.0],[88.372479,43.77786,0.0],[88.372837,43.777959,0.0],[88.372985,43.778215,0.0],[88.372778,43.778476,0.0],[88.372656,43.77859,0.0],[88.37291,43.778897,0.0],[88.373152,43.779122,0.0],[88.373308,43.779168,0.0],[88.373132,43.7793,0.0],[88.373049,43.779628,0.0],[88.373056,43.779931,0.0],[88.372813,43.780023,0.0],[88.372387,43.78008,0.0],[88.371959,43.780033,0.0],[88.371669,43.77983,0.0],[88.37138,43.779628,0.0],[88.370882,43.779685,0.0],[88.370746,43.779945,0.0],[88.370611,43.780256,0.0],[88.370332,43.780517,0.0],[88.370339,43.780827,0.0],[88.370275,43.781137,0.0],[88.370494,43.781392,0.0],[88.370854,43.781543,0.0],[88.371213,43.781693,0.0],[88.371573,43.781844,0.0],[88.371933,43.782046,0.0],[88.372361,43.782041,0.0],[88.372788,43.782036,0.0],[88.373068,43.781826,0.0],[88.373061,43.781516,0.0],[88.372981,43.781156,0.0],[88.373259,43.780843,0.0],[88.373613,43.780736,0.0],[88.373701,43.780724,0.0],[88.374069,43.780857,0.0],[88.374432,43.780983,0.0],[88.374825,43.780978,0.0],[88.374862,43.780833,0.0],[88.374945,43.780505,0.0],[88.374934,43.780048,0.0],[88.375107,43.779716,0.0]]]}},{"type":"Feature","properties":{"rgi_id":"RGI2000-v7.0-G-13-41440","o1region":"13"},"geometry":{"type":"Polygon","coordinates":[[[88.376787,43.7854,0.0],[88.376816,43.785413,0.0],[88.377328,43.785682,0.0],[88.377712,43.785861,0.0],[88.378096,43.78604,0.0],[88.378275,43.78607,0.0],[88.37823,43.785891,0.0],[88.378169,43.785827,0.0],[88.378424,43.785572,0.0],[88.378704,43.785362,0.0],[88.378886,43.785016,0.0],[88.378975,43.784739,0.0],[88.379158,43.784462,0.0],[88.379342,43.784185,0.0],[88.379718,43.784042,0.0],[88.380095,43.7839,0.0],[88.380471,43.783758,0.0],[88.380848,43.783616,0.0],[88.381128,43.783406,0.0],[88.381408,43.783196,0.0],[88.381688,43.782987,0.0],[88.381684,43.782833,0.0],[88.382092,43.782704,0.0],[88.382111,43.782684,0.0],[88.382358,43.782424,0.0],[88.382658,43.782237,0.0],[88.38301,43.782085,0.0],[88.383309,43.781861,0.0],[88.383557,43.781638,0.0],[88.383805,43.781414,0.0],[88.384105,43.781227,0.0],[88.384456,43.781039,0.0],[88.384808,43.780925,0.0],[88.385215,43.780957,0.0],[88.385373,43.781212,0.0],[88.385481,43.781504,0.0],[88.385514,43.78154,0.0],[88.385737,43.782052,0.0],[88.385952,43.782278,0.0],[88.386328,43.782597,0.0],[88.386679,43.782993,0.0],[88.387081,43.783293,0.0],[88.387457,43.783651,0.0],[88.387508,43.78376,0.0],[88.387404,43.783812,0.0],[88.387124,43.784022,0.0],[88.386751,43.784301,0.0],[88.386373,43.784375,0.0],[88.385996,43.784517,0.0],[88.385618,43.78459,0.0],[88.385242,43.784732,0.0],[88.385058,43.78501,0.0],[88.385161,43.785353,0.0],[88.385541,43.785348,0.0],[88.38592,43.785343,0.0],[88.386299,43.78527,0.0],[88.386677,43.785197,0.0],[88.387055,43.785123,0.0],[88.387431,43.784981,0.0],[88.38781,43.784908,0.0],[88.388188,43.784834,0.0],[88.388541,43.784701,0.0],[88.388724,43.784955,0.0],[88.388964,43.785405,0.0],[88.388975,43.785881,0.0],[88.388887,43.786335,0.0],[88.388731,43.786694,0.0],[88.388475,43.787007,0.0],[88.388187,43.787344,0.0],[88.387763,43.787468,0.0],[88.387238,43.787522,0.0],[88.386645,43.787506,0.0],[88.386121,43.787583,0.0],[88.385533,43.787733,0.0],[88.385242,43.787781,0.0],[88.384773,43.787651,0.0],[88.384725,43.787617,0.0],[88.384806,43.787463,0.0],[88.384799,43.787154,0.0],[88.384439,43.787003,0.0],[88.38401,43.786905,0.0],[88.38351,43.78686,0.0],[88.383012,43.786866,0.0],[88.382583,43.786819,0.0],[88.382156,43.786824,0.0],[88.382163,43.787134,0.0],[88.38217,43.787443,0.0],[88.382178,43.787753,0.0],[88.382114,43.788063,0.0],[88.382121,43.788373,0.0],[88.382122,43.788414,0.0],[88.382,43.788599,0.0],[88.381734,43.788798,0.0],[88.381468,43.788997,0.0],[88.381294,43.78926,0.0],[88.381121,43.789589,0.0],[88.381128,43.789915,0.0],[88.381493,43.790107,0.0],[88.381943,43.790036,0.0],[88.382162,43.789953,0.0],[88.3823,43.789901,0.0],[88.382746,43.7897,0.0],[88.383104,43.789565,0.0],[88.383551,43.789429,0.0],[88.384094,43.789488,0.0],[88.384101,43.789814,0.0],[88.383927,43.790077,0.0],[88.383661,43.790277,0.0],[88.383395,43.790476,0.0],[88.383132,43.790575,0.0],[88.383097,43.79058,0.0],[88.382744,43.790687,0.0],[88.382317,43.790692,0.0],[88.381889,43.790697,0.0],[88.381391,43.790703,0.0],[88.381373,43.790862,0.0],[88.381379,43.791137,0.0],[88.381385,43.791412,0.0],[88.381392,43.791687,0.0],[88.381398,43.791962,0.0],[88.381404,43.792237,0.0],[88.381411,43.792512,0.0],[88.381035,43.7927,0.0],[88.381041,43.792975,0.0],[88.380957,43.793169,0.0],[88.381027,43.793442,0.0],[88.381034,43.793752,0.0],[88.381041,43.794061,0.0],[88.381048,43.794371,0.0],[88.381196,43.794627,0.0],[88.381556,43.794778,0.0],[88.381914,43.794876,0.0],[88.382345,43.795026,0.0],[88.382774,43.795072,0.0],[88.383341,43.794962,0.0],[88.383981,43.794903,0.0],[88.384478,43.794845,0.0],[88.384614,43.794586,0.0],[88.384395,43.79433,0.0],[88.384247,43.794074,0.0],[88.384026,43.793767,0.0],[88.383806,43.793512,0.0],[88.383617,43.793292,0.0],[88.383587,43.793257,0.0],[88.383508,43.792948,0.0],[88.383503,43.792701,0.0],[88.383501,43.792639,0.0],[88.383565,43.792328,0.0],[88.383773,43.792068,0.0],[88.383909,43.791808,0.0],[88.384046,43.791548,0.0],[88.384182,43.791289,0.0],[88.384461,43.791027,0.0],[88.384569,43.790891,0.0],[88.384758,43.790916,0.0],[88.385209,43.790911,0.0],[88.385661,43.790971,0.0],[88.386114,43.791096,0.0],[88.386478,43.791222,0.0],[88.3866,43.791286,0.0],[88.38675,43.791284,0.0],[88.387291,43.791278,0.0],[88.387744,43.791403,0.0],[88.38811,43.791594,0.0],[88.388207,43.79192,0.0],[88.388213,43.792181,0.0],[88.388306,43.79231,0.0],[88.388581,43.792503,0.0],[88.388768,43.792762,0.0],[88.388685,43.793089,0.0],[88.388511,43.793353,0.0],[88.388247,43.793617,0.0],[88.387981,43.793816,0.0],[88.387715,43.794016,0.0],[88.387449,43.794215,0.0],[88.387091,43.79435,0.0],[88.386644,43.794486,0.0],[88.386286,43.794621,0.0],[88.38602,43.79482,0.0],[88.386024,43.794973,0.0],[88.386454,43.795126,0.0],[88.387636,43.795064,0.0],[88.388823,43.795193,0.0],[88.389663,43.795003,0.0],[88.39032,43.794965,0.0],[88.391138,43.794747,0.0],[88.392079,43.794586,0.0],[88.392613,43.79455,0.0],[88.392481,43.794194,0.0],[88.392063,43.793872,0.0],[88.391881,43.793129,0.0],[88.391584,43.792746,0.0],[88.391118,43.792126,0.0],[88.391148,43.791649,0.0],[88.390935,43.791354,0.0],[88.39064,43.79103,0.0],[88.39042,43.790378,0.0],[88.390489,43.789811,0.0],[88.390767,43.789421,0.0],[88.391129,43.789059,0.0],[88.391365,43.788609,0.0],[88.391559,43.788131,0.0],[88.391836,43.787651,0.0],[88.392234,43.78708,0.0],[88.392634,43.786629,0.0],[88.39266,43.785973,0.0],[88.392727,43.785317,0.0],[88.392424,43.784636,0.0],[88.392488,43.783861,0.0],[88.392675,43.783085,0.0],[88.392871,43.782636,0.0],[88.392779,43.78222,0.0],[88.392599,43.781918,0.0],[88.392752,43.781871,0.0],[88.39311,43.781736,0.0],[88.393561,43.781731,0.0],[88.393918,43.781596,0.0],[88.394275,43.781461,0.0],[88.394633,43.781326,0.0],[88.394899,43.781127,0.0],[88.395163,43.780862,0.0],[88.395429,43.780663,0.0],[88.395695,43.780464,0.0],[88.395959,43.780199,0.0],[88.396133,43.779936,0.0],[88.396307,43.779673,0.0],[88.396481,43.779409,0.0],[88.396564,43.779082,0.0],[88.396737,43.778753,0.0],[88.396768,43.778628,0.0],[88.397072,43.778698,0.0],[88.39715,43.77872,0.0],[88.396894,43.778541,0.0],[88.396619,43.778348,0.0],[88.396344,43.778155,0.0],[88.395978,43.777899,0.0],[88.395914,43.777788,0.0],[88.395901,43.777807,0.0],[88.395776,43.778119,0.0],[88.395874,43.778221,0.0],[88.395733,43.778243,0.0],[88.395376,43.778378,0.0],[88.39502,43.778578,0.0],[88.394754,43.778777,0.0],[88.394671,43.779105,0.0],[88.394589,43.779432,0.0],[88.394323,43.779632,0.0],[88.393877,43.779833,0.0],[88.39352,43.779968,0.0],[88.393164,43.780168,0.0],[88.392716,43.780304,0.0],[88.39227,43.780506,0.0],[88.391822,43.780642,0.0],[88.391761,43.780676,0.0],[88.391671,43.780536,0.0],[88.391292,43.780153,0.0],[88.391036,43.77974,0.0],[88.39114,43.778905,0.0],[88.390963,43.778341,0.0],[88.39104,43.777845,0.0],[88.390853,43.777714,0.0],[88.390578,43.777522,0.0],[88.390392,43.777263,0.0],[88.390324,43.777037,0.0],[88.3906,43.777034,0.0],[88.391056,43.777028,0.0],[88.391512,43.776986,0.0],[88.391968,43.77698,0.0],[88.392373,43.776975,0.0],[88.392828,43.776896,0.0],[88.393076,43.776673,0.0],[88.39312,43.776378,0.0],[88.393113,43.776084,0.0],[88.393259,43.775826,0.0],[88.393508,43.775602,0.0],[88.39386,43.775488,0.0],[88.394108,43.775264,0.0],[88.394152,43.77497,0.0],[88.393844,43.77479,0.0],[88.393386,43.774722,0.0],[88.39298,43.774727,0.0],[88.392784,43.774986,0.0],[88.392535,43.77521,0.0],[88.392391,43.775542,0.0],[88.392195,43.775839,0.0],[88.391998,43.776098,0.0],[88.391698,43.776285,0.0],[88.391297,43.776474,0.0],[88.390894,43.776589,0.0],[88.390809,43.776597,0.0],[88.39075,43.776556,0.0],[88.39053,43.7763,0.0],[88.390382,43.776044,0.0],[88.390162,43.775789,0.0],[88.389942,43.775765,0.0],[88.389904,43.775636,0.0],[88.389896,43.77531,0.0],[88.389708,43.774985,0.0],[88.389611,43.77466,0.0],[88.389511,43.774269,0.0],[88.389502,43.773877,0.0],[88.389405,43.773552,0.0],[88.389215,43.773162,0.0],[88.389118,43.772837,0.0],[88.388931,43.772578,0.0],[88.388834,43.772253,0.0],[88.388647,43.771994,0.0],[88.388571,43.771692,0.0],[88.388229,43.77154,0.0],[88.387798,43.771106,0.0],[88.387501,43.770748,0.0],[88.387123,43.770352,0.0],[88.386826,43.769994,0.0],[88.386581,43.769654,0.0],[88.386152,43.769278,0.0],[88.385592,43.768961,0.0],[88.385059,43.768662,0.0],[88.38484,43.768265,0.0],[88.384592,43.767791,0.0],[88.384241,43.767376,0.0],[88.383969,43.766979,0.0],[88.383825,43.766466,0.0],[88.383525,43.765994,0.0],[88.383171,43.765483,0.0],[88.382819,43.765011,0.0],[88.382757,43.764612,0.0],[88.382591,43.764271,0.0],[88.3824,43.763968,0.0],[88.382184,43.763723,0.0],[88.382015,43.763248,0.0],[88.381794,43.762756,0.0],[88.381578,43.762412,0.0],[88.381559,43.762399,0.0],[88.381196,43.762273,0.0],[88.381009,43.762014,0.0],[88.380735,43.761821,0.0],[88.380548,43.761562,0.0],[88.380362,43.761303,0.0],[88.380087,43.76111,0.0],[88.379813,43.760918,0.0],[88.379359,43.760792,0.0],[88.378996,43.760666,0.0],[88.378633,43.76054,0.0],[88.378358,43.760347,0.0],[88.377993,43.760156,0.0],[88.37763,43.76003,0.0],[88.377266,43.759903,0.0],[88.376991,43.759711,0.0],[88.376773,43.759635,0.0],[88.376718,43.759583,0.0],[88.376262,43.759328,0.0],[88.375897,43.759136,0.0],[88.375353,43.759012,0.0],[88.374998,43.759212,0.0],[88.375005,43.759539,0.0],[88.375281,43.759797,0.0],[88.375556,43.759989,0.0],[88.375739,43.760118,0.0],[88.375747,43.760444,0.0],[88.37575,43.760569,0.0],[88.375775,43.760598,0.0],[88.376023,43.761072,0.0],[88.37653,43.761428,0.0],[88.376882,43.761862,0.0],[88.37726,43.762296,0.0],[88.377533,43.7625,0.0],[88.377602,43.762773,0.0],[88.37761,43.7631,0.0],[88.377619,43.763491,0.0],[88.377716,43.763817,0.0],[88.377724,43.764143,0.0],[88.377822,43.764469,0.0],[88.377829,43.764795,0.0],[88.377927,43.76512,0.0],[88.378113,43.765379,0.0],[88.37821,43.765705,0.0],[88.378285,43.765834,0.0],[88.378187,43.766001,0.0],[88.378173,43.766535,0.0],[88.378475,43.767103,0.0],[88.37867,43.767558,0.0],[88.378894,43.768165,0.0],[88.379011,43.768697,0.0],[88.379288,43.769285,0.0],[88.379614,43.769738,0.0],[88.379942,43.770287,0.0],[88.380216,43.770741,0.0],[88.380412,43.771272,0.0],[88.380844,43.771781,0.0],[88.381253,43.772386,0.0],[88.381709,43.7728,0.0],[88.38206,43.773196,0.0],[88.382413,43.773649,0.0],[88.382713,43.774141,0.0],[88.383094,43.77467,0.0],[88.383367,43.775124,0.0],[88.38351,43.775618,0.0],[88.383755,43.775958,0.0],[88.384108,43.776449,0.0],[88.384306,43.777038,0.0],[88.384584,43.777682,0.0],[88.384696,43.778005,0.0],[88.384599,43.778368,0.0],[88.384394,43.778383,0.0],[88.384671,43.778538,0.0],[88.384678,43.778848,0.0],[88.384254,43.778956,0.0],[88.383827,43.778962,0.0],[88.383467,43.778811,0.0],[88.383037,43.778713,0.0],[88.382679,43.778614,0.0],[88.382504,43.778638,0.0],[88.382253,43.778671,0.0],[88.381902,43.778882,0.0],[88.381761,43.778925,0.0],[88.381545,43.778834,0.0],[88.381354,43.778837,0.0],[88.381118,43.778839,0.0],[88.380691,43.778845,0.0],[88.380337,43.778952,0.0],[88.379911,43.779009,0.0],[88.379486,43.779117,0.0],[88.379422,43.779428,0.0],[88.37978,43.779526,0.0],[88.380209,43.779573,0.0],[88.380357,43.779829,0.0],[88.380364,43.780139,0.0],[88.380229,43.78045,0.0],[88.380236,43.780759,0.0],[88.380171,43.780882,0.0],[88.38002,43.780916,0.0],[88.379479,43.780922,0.0],[88.379028,43.780927,0.0],[88.378643,43.780876,0.0],[88.378669,43.780727,0.0],[88.378805,43.780467,0.0],[88.378798,43.780157,0.0],[88.378368,43.780059,0.0],[88.377941,43.780065,0.0],[88.377652,43.779862,0.0],[88.377645,43.779552,0.0],[88.377286,43.779453,0.0],[88.376789,43.779511,0.0],[88.376494,43.779601,0.0],[88.376474,43.779587,0.0],[88.376287,43.779328,0.0],[88.376101,43.779069,0.0],[88.376083,43.779043,0.0],[88.376382,43.778893,0.0],[88.376379,43.778742,0.0],[88.375987,43.778794,0.0],[88.37563,43.778929,0.0],[88.375531,43.778985,0.0],[88.375383,43.779208,0.0],[88.375209,43.779471,0.0],[88.375145,43.779726,0.0],[88.375107,43.779716,0.0],[88.374934,43.780048,0.0],[88.374945,43.780505,0.0],[88.374862,43.780833,0.0],[88.374825,43.780978,0.0],[88.374883,43.780977,0.0],[88.374943,43.780998,0.0],[88.374886,43.781108,0.0],[88.374893,43.781435,0.0],[88.375168,43.781627,0.0],[88.375532,43.781753,0.0],[88.375984,43.781813,0.0],[88.376434,43.781808,0.0],[88.376885,43.781802,0.0],[88.377337,43.781862,0.0],[88.377789,43.781922,0.0],[88.377918,43.78199,0.0],[88.37787,43.782138,0.0],[88.377877,43.782414,0.0],[88.377788,43.78269,0.0],[88.377699,43.782966,0.0],[88.377706,43.783241,0.0],[88.377712,43.783516,0.0],[88.377718,43.783791,0.0],[88.377914,43.784064,0.0],[88.377921,43.784339,0.0],[88.377737,43.784617,0.0],[88.377459,43.784895,0.0],[88.377081,43.784969,0.0],[88.376897,43.785246,0.0],[88.3769,43.785375,0.0],[88.376787,43.7854,0.0]]]}},{"type":"Feature","properties":{"rgi_id":"RGI2000-v7.0-G-13-41441","o1region":"13"},"geometry":{"type":"Polygon","coordinates":[[[88.400001,43.763699,0.0],[88.399733,43.76385,0.0],[88.39955,43.764127,0.0],[88.39927,43.764337,0.0],[88.39899,43.764547,0.0],[88.398814,43.764574,0.0],[88.398354,43.76458,0.0],[88.398186,43.764439,0.0],[88.397787,43.764229,0.0],[88.397418,43.763924,0.0],[88.397056,43.763881,0.0],[88.396429,43.763793,0.0],[88.395964,43.763584,0.0],[88.39544,43.763639,0.0],[88.394982,43.763739,0.0],[88.394494,43.763984,0.0],[88.394035,43.764037,0.0],[88.393737,43.763945,0.0],[88.39324,43.763761,0.0],[88.393036,43.763477,0.0],[88.392605,43.763316,0.0],[88.392048,43.76337,0.0],[88.391921,43.763357,0.0],[88.391789,43.763661,0.0],[88.391615,43.763924,0.0],[88.391351,43.764189,0.0],[88.391085,43.764388,0.0],[88.390821,43.764652,0.0],[88.390555,43.764851,0.0],[88.390289,43.765051,0.0],[88.38984,43.765121,0.0],[88.389303,43.765258,0.0],[88.388674,43.765331,0.0],[88.388225,43.765402,0.0],[88.387776,43.765473,0.0],[88.387721,43.765514,0.0],[88.387584,43.765722,0.0],[88.387501,43.76605,0.0],[88.387359,43.766103,0.0],[88.387253,43.766263,0.0],[88.387036,43.766426,0.0],[88.386963,43.766672,0.0],[88.386939,43.76703,0.0],[88.38698,43.767386,0.0],[88.387089,43.767838,0.0],[88.387235,43.767998,0.0],[88.387474,43.768024,0.0],[88.387926,43.768084,0.0],[88.38838,43.768209,0.0],[88.388743,43.768335,0.0],[88.389108,43.768527,0.0],[88.389384,43.768784,0.0],[88.389749,43.768976,0.0],[88.390024,43.769169,0.0],[88.39021,43.769427,0.0],[88.390397,43.769686,0.0],[88.390673,43.769944,0.0],[88.390743,43.769993,0.0],[88.39129,43.770118,0.0],[88.391741,43.770113,0.0],[88.392282,43.770106,0.0],[88.392649,43.770155,0.0],[88.393157,43.770075,0.0],[88.394339,43.770036,0.0],[88.395198,43.770217,0.0],[88.395962,43.770541,0.0],[88.396397,43.770893,0.0],[88.3967,43.771199,0.0],[88.396772,43.77146,0.0],[88.396947,43.771934,0.0],[88.396559,43.772177,0.0],[88.39613,43.772111,0.0],[88.395699,43.771949,0.0],[88.395008,43.771934,0.0],[88.39455,43.772059,0.0],[88.394493,43.772393,0.0],[88.394566,43.772726,0.0],[88.394576,43.773154,0.0],[88.394649,43.773463,0.0],[88.394758,43.773914,0.0],[88.394995,43.774197,0.0],[88.395202,43.774647,0.0],[88.395537,43.774905,0.0],[88.396036,43.775161,0.0],[88.396372,43.775443,0.0],[88.396738,43.775629,0.0],[88.396907,43.775842,0.0],[88.396915,43.776175,0.0],[88.396854,43.77639,0.0],[88.396634,43.776822,0.0],[88.396313,43.777183,0.0],[88.396155,43.777447,0.0],[88.395914,43.777788,0.0],[88.395978,43.777899,0.0],[88.396344,43.778155,0.0],[88.396619,43.778348,0.0],[88.396894,43.778541,0.0],[88.39715,43.77872,0.0],[88.397209,43.778736,0.0],[88.397186,43.778627,0.0],[88.397503,43.778122,0.0],[88.397953,43.777712,0.0],[88.398506,43.777443,0.0],[88.39896,43.777176,0.0],[88.399606,43.776691,0.0],[88.400287,43.776278,0.0],[88.400511,43.776016,0.0],[88.400575,43.775941,0.0],[88.40089,43.775341,0.0],[88.401093,43.775217,0.0],[88.4007,43.774938,0.0],[88.39994,43.774804,0.0],[88.399442,43.774596,0.0],[88.399206,43.774313,0.0],[88.399068,43.774052,0.0],[88.398866,43.773864,0.0],[88.39863,43.773581,0.0],[88.398494,43.773392,0.0],[88.398454,43.773083,0.0],[88.39858,43.772843,0.0],[88.398702,43.772461,0.0],[88.398758,43.772055,0.0],[88.398717,43.771674,0.0],[88.398708,43.771293,0.0],[88.398699,43.770912,0.0],[88.39872,43.770388,0.0],[88.39891,43.770076,0.0],[88.399234,43.769905,0.0],[88.399626,43.769805,0.0],[88.399753,43.769613,0.0],[88.399651,43.769447,0.0],[88.399284,43.769237,0.0],[88.398983,43.769003,0.0],[88.398715,43.768792,0.0],[88.398381,43.768558,0.0],[88.39818,43.768393,0.0],[88.39814,43.768084,0.0],[88.398397,43.767819,0.0],[88.39872,43.767577,0.0],[88.398842,43.76717,0.0],[88.398993,43.766621,0.0],[88.398852,43.766193,0.0],[88.399275,43.766022,0.0],[88.399835,43.766062,0.0],[88.400363,43.766151,0.0],[88.400856,43.766145,0.0],[88.40125,43.76614,0.0],[88.401474,43.765852,0.0],[88.401495,43.765375,0.0],[88.401485,43.764946,0.0],[88.401448,43.764801,0.0],[88.401176,43.764658,0.0],[88.400696,43.764457,0.0],[88.4005,43.764184,0.0],[88.400211,43.763982,0.0],[88.400001,43.763699,0.0]]]}},{"type":"Feature","properties":{"rgi_id":"RGI2000-v7.0-G-13-41442","o1region":"13"},"geometry":{"type":"Polygon","coordinates":[[[88.400001,43.763699,0.0],[88.400211,43.763982,0.0],[88.4005,43.764184,0.0],[88.400696,43.764457,0.0],[88.401176,43.764658,0.0],[88.401448,43.764801,0.0],[88.401413,43.764661,0.0],[88.401275,43.764377,0.0],[88.401131,43.764286,0.0],[88.401356,43.764243,0.0],[88.401736,43.764238,0.0],[88.402115,43.764233,0.0],[88.402498,43.764366,0.0],[88.402881,43.764499,0.0],[88.403264,43.764632,0.0],[88.403553,43.764835,0.0],[88.403936,43.764968,0.0],[88.40432,43.76517,0.0],[88.404705,43.765371,0.0],[88.405088,43.765504,0.0],[88.405469,43.765568,0.0],[88.405848,43.765563,0.0],[88.406228,43.765559,0.0],[88.406317,43.765283,0.0],[88.406027,43.76508,0.0],[88.405737,43.764877,0.0],[88.405355,43.764744,0.0],[88.405065,43.764541,0.0],[88.404776,43.764338,0.0],[88.404393,43.764205,0.0],[88.404197,43.763933,0.0],[88.403814,43.7638,0.0],[88.403524,43.763597,0.0],[88.403046,43.763465,0.0],[88.402665,43.763401,0.0],[88.402284,43.763337,0.0],[88.4019,43.763135,0.0],[88.40161,43.762933,0.0],[88.401226,43.762731,0.0],[88.400756,43.762943,0.0],[88.400573,43.76322,0.0],[88.400484,43.763497,0.0],[88.400108,43.763639,0.0],[88.400001,43.763699,0.0]]]}},{"type":"Feature","properties":{"rgi_id":"RGI2000-v7.0-G-13-41443","o1region":"13"},"geometry":{"type":"Polygon","coordinates":[[[88.40443,43.761714,0.0],[88.404184,43.761717,0.0],[88.403969,43.761684,0.0],[88.403901,43.761565,0.0],[88.403833,43.761471,0.0],[88.403554,43.761522,0.0],[88.403541,43.761665,0.0],[88.403446,43.761797,0.0],[88.403466,43.761952,0.0],[88.403666,43.76208,0.0],[88.403849,43.762162,0.0],[88.404097,43.76223,0.0],[88.404312,43.762299,0.0],[88.404477,43.762333,0.0],[88.404578,43.762427,0.0],[88.404678,43.762461,0.0],[88.404876,43.76253,0.0],[88.404994,43.762624,0.0],[88.405127,43.762718,0.0],[88.405569,43.762629,0.0],[88.406129,43.76267,0.0],[88.40646,43.762785,0.0],[88.406727,43.762972,0.0],[88.407173,43.763038,0.0],[88.40752,43.763141,0.0],[88.407802,43.763244,0.0],[88.408199,43.763359,0.0],[88.408562,43.763426,0.0],[88.409024,43.763468,0.0],[88.409353,43.763511,0.0],[88.409548,43.763402,0.0],[88.409659,43.763234,0.0],[88.409836,43.763088,0.0],[88.409948,43.76292,0.0],[88.409894,43.76273,0.0],[88.409695,43.762649,0.0],[88.409217,43.76262,0.0],[88.409017,43.762491,0.0],[88.408719,43.762387,0.0],[88.408536,43.762306,0.0],[88.408288,43.76225,0.0],[88.408007,43.762182,0.0],[88.407728,43.762185,0.0],[88.407513,43.762116,0.0],[88.407362,43.762011,0.0],[88.407195,43.761894,0.0],[88.407061,43.761789,0.0],[88.406911,43.761671,0.0],[88.406857,43.761481,0.0],[88.406557,43.761294,0.0],[88.406306,43.761131,0.0],[88.406157,43.761085,0.0],[88.406137,43.760918,0.0],[88.406317,43.760869,0.0],[88.406596,43.760877,0.0],[88.406892,43.760885,0.0],[88.407122,43.760883,0.0],[88.407435,43.760914,0.0],[88.407634,43.760995,0.0],[88.407865,43.761016,0.0],[88.408027,43.760931,0.0],[88.408254,43.760797,0.0],[88.408299,43.760606,0.0],[88.408312,43.760463,0.0],[88.408096,43.760358,0.0],[88.407784,43.760374,0.0],[88.407505,43.760378,0.0],[88.407176,43.760394,0.0],[88.406832,43.76041,0.0],[88.406388,43.760403,0.0],[88.406274,43.760464,0.0],[88.406047,43.760598,0.0],[88.405817,43.760601,0.0],[88.405621,43.760627,0.0],[88.405474,43.760665,0.0],[88.405427,43.76076,0.0],[88.405396,43.760868,0.0],[88.405368,43.761047,0.0],[88.405372,43.761226,0.0],[88.405328,43.761453,0.0],[88.405201,43.761645,0.0],[88.405004,43.761683,0.0],[88.40471,43.761722,0.0],[88.40443,43.761714,0.0]]]}},{"type":"Feature","properties":{"rgi_id":"RGI2000-v7.0-G-13-41444","o1region":"13"},"geometry":{"type":"Polygon","coordinates":[[[88.409683,43.751267,0.0],[88.409501,43.75107,0.0],[88.409339,43.750886,0.0],[88.409295,43.750715,0.0],[88.409351,43.750557,0.0],[88.409445,43.750356,0.0],[88.409599,43.750225,0.0],[88.409655,43.750067,0.0],[88.409513,43.749912,0.0],[88.409235,43.749801,0.0],[88.408997,43.749746,0.0],[88.40874,43.74975,0.0],[88.408427,43.749839,0.0],[88.408113,43.7499,0.0],[88.40772,43.749962,0.0],[88.407346,43.749981,0.0],[88.407032,43.750042,0.0],[88.406716,43.750046,0.0],[88.406377,43.749884,0.0],[88.40598,43.749755,0.0],[88.405559,43.749741,0.0],[88.404955,43.749768,0.0],[88.40443,43.749793,0.0],[88.404191,43.749701,0.0],[88.403712,43.749459,0.0],[88.403445,43.749291,0.0],[88.402915,43.749107,0.0],[88.40226,43.749191,0.0],[88.402002,43.749404,0.0],[88.401907,43.749824,0.0],[88.401814,43.75034,0.0],[88.401954,43.750738,0.0],[88.40204,43.751042,0.0],[88.401835,43.751254,0.0],[88.401201,43.751148,0.0],[88.400643,43.750888,0.0],[88.400007,43.750667,0.0],[88.399526,43.750311,0.0],[88.398996,43.750165,0.0],[88.398731,43.750073,0.0],[88.39852,43.750018,0.0],[88.39823,43.750003,0.0],[88.398,43.750272,0.0],[88.397901,43.75054,0.0],[88.397589,43.750697,0.0],[88.397303,43.750833,0.0],[88.39715,43.751045,0.0],[88.397394,43.751366,0.0],[88.397611,43.75163,0.0],[88.398218,43.751737,0.0],[88.398902,43.751767,0.0],[88.39943,43.751856,0.0],[88.400115,43.751904,0.0],[88.400775,43.752011,0.0],[88.401196,43.752044,0.0],[88.401725,43.75219,0.0],[88.402044,43.752338,0.0],[88.402631,43.752674,0.0],[88.403055,43.75284,0.0],[88.403557,43.752948,0.0],[88.40422,43.753207,0.0],[88.404646,43.753416,0.0],[88.405004,43.753555,0.0],[88.405362,43.753693,0.0],[88.40568,43.753804,0.0],[88.406059,43.753971,0.0],[88.406419,43.754166,0.0],[88.406738,43.75432,0.0],[88.407097,43.754501,0.0],[88.407414,43.754554,0.0],[88.407988,43.754647,0.0],[88.408583,43.754826,0.0],[88.409059,43.75492,0.0],[88.409478,43.755115,0.0],[88.410253,43.755377,0.0],[88.410732,43.755614,0.0],[88.411287,43.755736,0.0],[88.411841,43.755829,0.0],[88.412532,43.755878,0.0],[88.412986,43.755901,0.0],[88.413558,43.755894,0.0],[88.413754,43.755834,0.0],[88.413908,43.75566,0.0],[88.414001,43.755431,0.0],[88.414035,43.755202,0.0],[88.414087,43.754901,0.0],[88.414136,43.754471,0.0],[88.414048,43.754101,0.0],[88.413786,43.753847,0.0],[88.413446,43.753622,0.0],[88.413067,43.753441,0.0],[88.412626,43.753161,0.0],[88.412205,43.75288,0.0],[88.411903,43.752584,0.0],[88.411426,43.752418,0.0],[88.411066,43.752237,0.0],[88.410904,43.752024,0.0],[88.410781,43.751854,0.0],[88.410542,43.751757,0.0],[88.410225,43.75169,0.0],[88.409984,43.751507,0.0],[88.409824,43.751394,0.0],[88.409683,43.751267,0.0]]]}},{"type":"Feature","properties":{"rgi_id":"RGI2000-v7.0-G-13-41445","o1region":"13"},"geometry":{"type":"Polygon","coordinates":[[[88.39921,43.75612,0.0],[88.399161,43.755957,0.0],[88.398975,43.755698,0.0],[88.398789,43.755439,0.0],[88.398658,43.755213,0.0],[88.398756,43.755172,0.0],[88.398752,43.755001,0.0],[88.398529,43.754717,0.0],[88.398286,43.754463,0.0],[88.398085,43.754455,0.0],[88.398131,43.754271,0.0],[88.398123,43.753945,0.0],[88.397936,43.753621,0.0],[88.397572,43.753494,0.0],[88.39703,43.753436,0.0],[88.396578,43.753376,0.0],[88.396038,43.753383,0.0],[88.395497,43.753389,0.0],[88.395048,43.75346,0.0],[88.3946,43.753531,0.0],[88.394244,43.753731,0.0],[88.393796,43.753867,0.0],[88.393349,43.754003,0.0],[88.392903,43.754205,0.0],[88.392454,43.754275,0.0],[88.391843,43.754346,0.0],[88.391677,43.754329,0.0],[88.391322,43.754305,0.0],[88.391221,43.754221,0.0],[88.391158,43.75405,0.0],[88.391191,43.753792,0.0],[88.391186,43.753563,0.0],[88.391299,43.753319,0.0],[88.391789,43.753184,0.0],[88.392122,43.753123,0.0],[88.392514,43.753018,0.0],[88.392768,43.752901,0.0],[88.392745,43.752758,0.0],[88.392487,43.75269,0.0],[88.392072,43.752666,0.0],[88.391618,43.752615,0.0],[88.391204,43.75262,0.0],[88.39077,43.752625,0.0],[88.390434,43.752601,0.0],[88.390197,43.752575,0.0],[88.389937,43.752435,0.0],[88.38962,43.752353,0.0],[88.389204,43.752287,0.0],[88.388692,43.752293,0.0],[88.388455,43.752296,0.0],[88.3883,43.752426,0.0],[88.388442,43.752596,0.0],[88.388897,43.752634,0.0],[88.389176,43.752787,0.0],[88.389161,43.752988,0.0],[88.388846,43.752992,0.0],[88.388414,43.753068,0.0],[88.388177,43.753057,0.0],[88.387861,43.753032,0.0],[88.38778,43.752933,0.0],[88.387777,43.752804,0.0],[88.387637,43.75272,0.0],[88.387339,43.752653,0.0],[88.387141,43.752598,0.0],[88.386823,43.752487,0.0],[88.386781,43.752388,0.0],[88.386755,43.752116,0.0],[88.386554,43.751933,0.0],[88.386055,43.751682,0.0],[88.385757,43.7516,0.0],[88.385537,43.751445,0.0],[88.385119,43.751293,0.0],[88.384801,43.751154,0.0],[88.384442,43.750987,0.0],[88.384106,43.750977,0.0],[88.383872,43.751065,0.0],[88.383697,43.751196,0.0],[88.383545,43.751441,0.0],[88.383093,43.751489,0.0],[88.382738,43.751508,0.0],[88.382344,43.751512,0.0],[88.382048,43.751516,0.0],[88.381751,43.751434,0.0],[88.381514,43.751382,0.0],[88.381485,43.751404,0.0],[88.381403,43.751732,0.0],[88.3815,43.752057,0.0],[88.381598,43.752382,0.0],[88.381696,43.752708,0.0],[88.381883,43.753032,0.0],[88.382049,43.753318,0.0],[88.382225,43.753186,0.0],[88.382488,43.753202,0.0],[88.382885,43.753312,0.0],[88.383335,43.753459,0.0],[88.38373,43.753454,0.0],[88.384368,43.75377,0.0],[88.384743,43.754051,0.0],[88.385036,43.754238,0.0],[88.385484,43.754271,0.0],[88.385958,43.754323,0.0],[88.386327,43.754356,0.0],[88.386672,43.754505,0.0],[88.386703,43.754695,0.0],[88.386628,43.754848,0.0],[88.386473,43.754964,0.0],[88.386397,43.755118,0.0],[88.386375,43.755309,0.0],[88.386327,43.7555,0.0],[88.38657,43.755745,0.0],[88.38668,43.755991,0.0],[88.386371,43.756242,0.0],[88.386,43.756114,0.0],[88.385631,43.75608,0.0],[88.385364,43.755931,0.0],[88.385148,43.755686,0.0],[88.384963,43.755631,0.0],[88.384585,43.755783,0.0],[88.384374,43.756028,0.0],[88.384118,43.756046,0.0],[88.383782,43.756021,0.0],[88.383505,43.755982,0.0],[88.383053,43.756016,0.0],[88.382718,43.756034,0.0],[88.382462,43.75608,0.0],[88.382109,43.756142,0.0],[88.381953,43.756244,0.0],[88.3819,43.756473,0.0],[88.381865,43.756702,0.0],[88.381832,43.75696,0.0],[88.382073,43.757143,0.0],[88.382373,43.757339,0.0],[88.382653,43.757521,0.0],[88.383073,43.757745,0.0],[88.383491,43.757912,0.0],[88.383835,43.758027,0.0],[88.384177,43.758323,0.0],[88.384401,43.758606,0.0],[88.384465,43.758848,0.0],[88.384549,43.759047,0.0],[88.384753,43.759345,0.0],[88.384978,43.759685,0.0],[88.385334,43.759752,0.0],[88.385769,43.75979,0.0],[88.386202,43.75977,0.0],[88.386676,43.759779,0.0],[88.38717,43.759816,0.0],[88.387685,43.759924,0.0],[88.388554,43.759985,0.0],[88.389108,43.760049,0.0],[88.389623,43.760172,0.0],[88.390177,43.760237,0.0],[88.391067,43.760354,0.0],[88.391583,43.760477,0.0],[88.392077,43.760528,0.0],[88.392928,43.760632,0.0],[88.393521,43.76071,0.0],[88.394074,43.760746,0.0],[88.394586,43.760726,0.0],[88.395157,43.76069,0.0],[88.395785,43.76054,0.0],[88.396293,43.760348,0.0],[88.396604,43.760144,0.0],[88.396917,43.760026,0.0],[88.397287,43.759821,0.0],[88.397737,43.759687,0.0],[88.398192,43.759753,0.0],[88.398705,43.759747,0.0],[88.399337,43.759796,0.0],[88.399695,43.759906,0.0],[88.400172,43.760057,0.0],[88.400687,43.76018,0.0],[88.401004,43.760247,0.0],[88.401299,43.760201,0.0],[88.401633,43.760154,0.0],[88.401951,43.76025,0.0],[88.402248,43.760318,0.0],[88.402545,43.760357,0.0],[88.40284,43.760325,0.0],[88.403095,43.760264,0.0],[88.403271,43.760191,0.0],[88.403444,43.760017,0.0],[88.403555,43.759687,0.0],[88.403587,43.759358,0.0],[88.403482,43.759116,0.0],[88.403417,43.758845,0.0],[88.403409,43.758502,0.0],[88.403245,43.758233,0.0],[88.403005,43.758079,0.0],[88.402649,43.758069,0.0],[88.402437,43.758257,0.0],[88.402304,43.758459,0.0],[88.402009,43.75852,0.0],[88.401693,43.758509,0.0],[88.401612,43.758382,0.0],[88.40143,43.758227,0.0],[88.401288,43.758057,0.0],[88.401165,43.75783,0.0],[88.401158,43.757558,0.0],[88.401173,43.757329,0.0],[88.401126,43.757015,0.0],[88.401021,43.756759,0.0],[88.400815,43.756362,0.0],[88.400514,43.756137,0.0],[88.400215,43.756012,0.0],[88.399899,43.756001,0.0],[88.399583,43.755977,0.0],[88.399309,43.756051,0.0],[88.39921,43.75612,0.0]]]}},{"type":"Feature","properties":{"rgi_id":"RGI2000-v7.0-G-13-41446","o1region":"13"},"geometry":{"type":"Polygon","coordinates":[[[88.393161,43.745907,0.0],[88.392804,43.746042,0.0],[88.392355,43.746112,0.0],[88.391905,43.746118,0.0],[88.391454,43.746123,0.0],[88.391006,43.746194,0.0],[88.390648,43.746329,0.0],[88.39011,43.746401,0.0],[88.389755,43.746666,0.0],[88.38949,43.746866,0.0],[88.389224,43.747065,0.0],[88.388958,43.747264,0.0],[88.388784,43.747527,0.0],[88.38852,43.747792,0.0],[88.388256,43.748056,0.0],[88.387992,43.748321,0.0],[88.3879,43.748459,0.0],[88.387927,43.748565,0.0],[88.38795,43.748722,0.0],[88.388057,43.749078,0.0],[88.38824,43.749333,0.0],[88.388403,43.749545,0.0],[88.388724,43.749784,0.0],[88.388986,43.750024,0.0],[88.389267,43.750221,0.0],[88.389606,43.750388,0.0],[88.390081,43.750482,0.0],[88.390654,43.750533,0.0],[88.391186,43.750526,0.0],[88.391679,43.750506,0.0],[88.392012,43.750402,0.0],[88.392501,43.750238,0.0],[88.393111,43.750202,0.0],[88.39386,43.750165,0.0],[88.394331,43.750102,0.0],[88.394845,43.750138,0.0],[88.395359,43.750189,0.0],[88.395792,43.750184,0.0],[88.396224,43.750107,0.0],[88.396418,43.749948,0.0],[88.396572,43.749789,0.0],[88.396448,43.749547,0.0],[88.39611,43.749423,0.0],[88.395814,43.749426,0.0],[88.395576,43.749343,0.0],[88.395494,43.749216,0.0],[88.395431,43.749059,0.0],[88.395426,43.748859,0.0],[88.395539,43.748629,0.0],[88.395873,43.748568,0.0],[88.396167,43.748493,0.0],[88.396559,43.748388,0.0],[88.396832,43.748256,0.0],[88.397007,43.748154,0.0],[88.397122,43.748024,0.0],[88.397139,43.747895,0.0],[88.397134,43.747695,0.0],[88.397168,43.747423,0.0],[88.3972,43.747137,0.0],[88.397235,43.746936,0.0],[88.397308,43.746692,0.0],[88.397442,43.746505,0.0],[88.397457,43.74629,0.0],[88.397412,43.746062,0.0],[88.397152,43.745908,0.0],[88.396973,43.745853,0.0],[88.396678,43.745857,0.0],[88.396441,43.745859,0.0],[88.396184,43.74582,0.0],[88.395868,43.745824,0.0],[88.395661,43.745818,0.0],[88.395324,43.745946,0.0],[88.394785,43.746017,0.0],[88.394244,43.745959,0.0],[88.393793,43.745964,0.0],[88.39343,43.745838,0.0],[88.3933,43.745802,0.0],[88.393161,43.745907,0.0]]]}},{"type":"Feature","properties":{"rgi_id":"RGI2000-v7.0-G-13-41447","o1region":"13"},"geometry":{"type":"Polygon","coordinates":[[[88.388331,43.736987,0.0],[88.388578,43.737051,0.0],[88.388647,43.737068,0.0],[88.388747,43.737182,0.0],[88.388673,43.737411,0.0],[88.388429,43.737662,0.0],[88.388117,43.737799,0.0],[88.387912,43.738021,0.0],[88.388088,43.738276,0.0],[88.388354,43.738397,0.0],[88.388476,43.738548,0.0],[88.388493,43.738738,0.0],[88.388459,43.738939,0.0],[88.388346,43.739169,0.0],[88.388084,43.73921,0.0],[88.387986,43.739308,0.0],[88.387789,43.739555,0.0],[88.387456,43.739755,0.0],[88.387123,43.739955,0.0],[88.386789,43.740155,0.0],[88.38653,43.740349,0.0],[88.386567,43.740422,0.0],[88.386885,43.740532,0.0],[88.387244,43.740714,0.0],[88.387271,43.740721,0.0],[88.387545,43.740685,0.0],[88.387949,43.740631,0.0],[88.388418,43.740478,0.0],[88.388821,43.740375,0.0],[88.389291,43.740222,0.0],[88.389625,43.740071,0.0],[88.38996,43.73992,0.0],[88.390361,43.739769,0.0],[88.390415,43.739751,0.0],[88.390434,43.73966,0.0],[88.390508,43.739474,0.0],[88.390663,43.739343,0.0],[88.390874,43.739323,0.0],[88.39089,43.739272,0.0],[88.391087,43.739025,0.0],[88.391491,43.738971,0.0],[88.391964,43.738965,0.0],[88.392372,43.739058,0.0],[88.392715,43.739299,0.0],[88.39299,43.739492,0.0],[88.393198,43.739734,0.0],[88.393407,43.739976,0.0],[88.393615,43.740219,0.0],[88.393757,43.740319,0.0],[88.394056,43.740274,0.0],[88.394329,43.74017,0.0],[88.394701,43.740066,0.0],[88.395172,43.739974,0.0],[88.395386,43.739829,0.0],[88.395421,43.739642,0.0],[88.395514,43.739427,0.0],[88.395391,43.7392,0.0],[88.395189,43.739002,0.0],[88.394888,43.738748,0.0],[88.394624,43.738437,0.0],[88.394363,43.738212,0.0],[88.394062,43.738001,0.0],[88.393621,43.737706,0.0],[88.393437,43.737408,0.0],[88.39315,43.73694,0.0],[88.392987,43.736699,0.0],[88.392802,43.736387,0.0],[88.392756,43.736101,0.0],[88.392534,43.735875,0.0],[88.392235,43.735708,0.0],[88.39186,43.735712,0.0],[88.391564,43.735716,0.0],[88.39103,43.735622,0.0],[88.390871,43.735531,0.0],[88.390737,43.735581,0.0],[88.390334,43.735684,0.0],[88.39,43.735835,0.0],[88.389666,43.736035,0.0],[88.389333,43.736235,0.0],[88.389068,43.736434,0.0],[88.388802,43.736634,0.0],[88.388536,43.736833,0.0],[88.388331,43.736987,0.0]]]}},{"type":"Feature","properties":{"rgi_id":"RGI2000-v7.0-G-13-41448","o1region":"13"},"geometry":{"type":"Polygon","coordinates":[[[88.388331,43.736987,0.0],[88.388536,43.736833,0.0],[88.388802,43.736634,0.0],[88.389068,43.736434,0.0],[88.389333,43.736235,0.0],[88.389666,43.736035,0.0],[88.39,43.735835,0.0],[88.390334,43.735684,0.0],[88.390737,43.735581,0.0],[88.390871,43.735531,0.0],[88.39081,43.735496,0.0],[88.390411,43.735287,0.0],[88.390171,43.735147,0.0],[88.389732,43.734909,0.0],[88.389491,43.734726,0.0],[88.389113,43.734559,0.0],[88.389013,43.734489,0.0],[88.388594,43.734265,0.0],[88.388335,43.734154,0.0],[88.388156,43.734071,0.0],[88.387778,43.733946,0.0],[88.387206,43.733911,0.0],[88.386872,43.733986,0.0],[88.386736,43.734045,0.0],[88.386501,43.734134,0.0],[88.386207,43.734223,0.0],[88.386156,43.734248,0.0],[88.386052,43.73453,0.0],[88.385786,43.73473,0.0],[88.385453,43.73493,0.0],[88.385187,43.735129,0.0],[88.384854,43.735329,0.0],[88.384657,43.735576,0.0],[88.384529,43.735872,0.0],[88.384535,43.736165,0.0],[88.384542,43.736459,0.0],[88.384617,43.736752,0.0],[88.384624,43.737095,0.0],[88.384632,43.737438,0.0],[88.384641,43.73783,0.0],[88.384687,43.737939,0.0],[88.384769,43.737973,0.0],[88.385061,43.738075,0.0],[88.385547,43.738059,0.0],[88.385887,43.737969,0.0],[88.386228,43.737784,0.0],[88.386258,43.737614,0.0],[88.386454,43.737318,0.0],[88.386718,43.73707,0.0],[88.387053,43.736919,0.0],[88.387456,43.736816,0.0],[88.387861,43.736811,0.0],[88.388202,43.736954,0.0],[88.388331,43.736987,0.0]]]}},{"type":"Feature","properties":{"rgi_id":"RGI2000-v7.0-G-13-41449","o1region":"13"},"geometry":{"type":"Polygon","coordinates":[[[88.337967,43.748334,0.0],[88.338055,43.748294,0.0],[88.338173,43.748022,0.0],[88.338599,43.747965,0.0],[88.339027,43.748012,0.0],[88.339316,43.748215,0.0],[88.339607,43.748469,0.0],[88.339965,43.748568,0.0],[88.340286,43.748703,0.0],[88.340385,43.74871,0.0],[88.340729,43.748685,0.0],[88.341163,43.748694,0.0],[88.341577,43.748675,0.0],[88.341883,43.748678,0.0],[88.342231,43.748803,0.0],[88.342567,43.748856,0.0],[88.342882,43.748852,0.0],[88.343287,43.748862,0.0],[88.343582,43.748837,0.0],[88.343907,43.748833,0.0],[88.344103,43.748759,0.0],[88.344368,43.748699,0.0],[88.344641,43.748567,0.0],[88.344934,43.748435,0.0],[88.345147,43.748297,0.0],[88.345324,43.748252,0.0],[88.34549,43.748178,0.0],[88.345685,43.748097,0.0],[88.345901,43.748052,0.0],[88.346205,43.747984,0.0],[88.346439,43.747867,0.0],[88.346654,43.747764,0.0],[88.347057,43.747738,0.0],[88.347442,43.747741,0.0],[88.347599,43.747732,0.0],[88.347767,43.74773,0.0],[88.347983,43.747677,0.0],[88.348208,43.747603,0.0],[88.348462,43.7475,0.0],[88.348775,43.747389,0.0],[88.349027,43.747229,0.0],[88.349389,43.747068,0.0],[88.349642,43.74695,0.0],[88.349826,43.746791,0.0],[88.350019,43.746617,0.0],[88.350163,43.746422,0.0],[88.350186,43.746226,0.0],[88.349826,43.746037,0.0],[88.349517,43.74582,0.0],[88.349208,43.745603,0.0],[88.348851,43.745497,0.0],[88.348543,43.745317,0.0],[88.348335,43.745063,0.0],[88.348319,43.745043,0.0],[88.348382,43.744915,0.0],[88.348375,43.744621,0.0],[88.348167,43.744367,0.0],[88.348009,43.744111,0.0],[88.348002,43.743781,0.0],[88.34825,43.743557,0.0],[88.348396,43.743299,0.0],[88.34844,43.742967,0.0],[88.348433,43.742674,0.0],[88.348426,43.742343,0.0],[88.348318,43.74205,0.0],[88.348059,43.741796,0.0],[88.34775,43.741579,0.0],[88.347442,43.741399,0.0],[88.347084,43.741257,0.0],[88.346725,43.741077,0.0],[88.346689,43.741059,0.0],[88.346694,43.741021,0.0],[88.346642,43.740891,0.0],[88.346558,43.740809,0.0],[88.34649,43.740702,0.0],[88.346355,43.740573,0.0],[88.346222,43.740467,0.0],[88.346138,43.740409,0.0],[88.345966,43.740321,0.0],[88.345895,43.740205,0.0],[88.345685,43.739914,0.0],[88.345328,43.739808,0.0],[88.345182,43.739809,0.0],[88.344822,43.739814,0.0],[88.344465,43.739708,0.0],[88.344056,43.739566,0.0],[88.343894,43.739484,0.0],[88.343605,43.739545,0.0],[88.343296,43.739692,0.0],[88.343034,43.73973,0.0],[88.342722,43.739734,0.0],[88.342444,43.739761,0.0],[88.342181,43.739776,0.0],[88.341968,43.739779,0.0],[88.341706,43.739829,0.0],[88.341494,43.739927,0.0],[88.341168,43.740014,0.0],[88.340907,43.740113,0.0],[88.340745,43.740222,0.0],[88.340583,43.740319,0.0],[88.340487,43.740439,0.0],[88.340474,43.740559,0.0],[88.340622,43.740605,0.0],[88.340771,43.740638,0.0],[88.34095,43.740664,0.0],[88.340691,43.740891,0.0],[88.340494,43.74115,0.0],[88.340143,43.741338,0.0],[88.33974,43.741416,0.0],[88.339336,43.741495,0.0],[88.338931,43.741499,0.0],[88.338525,43.741504,0.0],[88.338121,43.741546,0.0],[88.337769,43.74166,0.0],[88.337417,43.741811,0.0],[88.337387,43.741838,0.0],[88.337019,43.741736,0.0],[88.336803,43.741767,0.0],[88.336589,43.741898,0.0],[88.336434,43.741986,0.0],[88.336377,43.742115,0.0],[88.336341,43.742259,0.0],[88.336444,43.742443,0.0],[88.336682,43.74254,0.0],[88.336903,43.742709,0.0],[88.337201,43.742792,0.0],[88.337381,43.742918,0.0],[88.337483,43.743089,0.0],[88.337506,43.743217,0.0],[88.337489,43.74336,0.0],[88.337415,43.743561,0.0],[88.337299,43.743662,0.0],[88.337184,43.743807,0.0],[88.33705,43.74398,0.0],[88.336896,43.744153,0.0],[88.33674,43.744255,0.0],[88.336625,43.744399,0.0],[88.33653,43.744558,0.0],[88.336534,43.744743,0.0],[88.336754,43.74487,0.0],[88.336762,43.745212,0.0],[88.336766,43.745427,0.0],[88.33675,43.745584,0.0],[88.336852,43.745712,0.0],[88.337011,43.745781,0.0],[88.337152,43.745937,0.0],[88.337204,43.746194,0.0],[88.337155,43.746366,0.0],[88.33704,43.7465,0.0],[88.336646,43.746543,0.0],[88.33615,43.746652,0.0],[88.335583,43.746762,0.0],[88.335158,43.74687,0.0],[88.334807,43.747081,0.0],[88.334814,43.74739,0.0],[88.334962,43.747647,0.0],[88.335322,43.747849,0.0],[88.335752,43.747947,0.0],[88.336252,43.748044,0.0],[88.3364,43.748301,0.0],[88.336758,43.7484,0.0],[88.337186,43.748446,0.0],[88.337613,43.748441,0.0],[88.337967,43.748334,0.0]],[[88.343685,43.743354,0.0],[88.343785,43.74315,0.0],[88.343901,43.74321,0.0],[88.344116,43.743279,0.0],[88.344315,43.743372,0.0],[88.344344,43.743379,0.0],[88.344348,43.743567,0.0],[88.344506,43.743822,0.0],[88.344814,43.744002,0.0],[88.344972,43.744257,0.0],[88.34513,43.744549,0.0],[88.345272,43.744746,0.0],[88.345133,43.744776,0.0],[88.344986,43.744837,0.0],[88.344692,43.7449,0.0],[88.344412,43.744904,0.0],[88.3441,43.744907,0.0],[88.343887,43.74491,0.0],[88.343641,43.744925,0.0],[88.34341,43.74488,0.0],[88.343141,43.744823,0.0],[88.343036,43.744553,0.0],[88.34297,43.744225,0.0],[88.342967,43.744091,0.0],[88.343042,43.74406,0.0],[88.343394,43.743945,0.0],[88.34359,43.743649,0.0],[88.343685,43.743354,0.0]]]}},{"type":"Feature","properties":{"rgi_id":"RGI2000-v7.0-G-13-41450","o1region":"13"},"geometry":{"type":"Polygon","coordinates":[[[88.335768,43.738267,0.0],[88.335469,43.738491,0.0],[88.335117,43.738642,0.0],[88.334766,43.738793,0.0],[88.334414,43.738907,0.0],[88.334007,43.738838,0.0],[88.33365,43.738732,0.0],[88.333342,43.738552,0.0],[88.333084,43.738335,0.0],[88.332825,43.738081,0.0],[88.332566,43.737863,0.0],[88.332407,43.737614,0.0],[88.332311,43.737639,0.0],[88.332032,43.737678,0.0],[88.331769,43.737681,0.0],[88.331523,43.737696,0.0],[88.331196,43.737748,0.0],[88.330672,43.737813,0.0],[88.330459,43.73784,0.0],[88.330131,43.737903,0.0],[88.329887,43.737977,0.0],[88.329709,43.738122,0.0],[88.329613,43.738243,0.0],[88.329601,43.738409,0.0],[88.329653,43.738564,0.0],[88.329756,43.738741,0.0],[88.329792,43.738896,0.0],[88.329944,43.739073,0.0],[88.330095,43.739226,0.0],[88.330297,43.739438,0.0],[88.330498,43.739602,0.0],[88.330748,43.739766,0.0],[88.33123,43.74001,0.0],[88.331543,43.740066,0.0],[88.331872,43.740098,0.0],[88.332283,43.740105,0.0],[88.332711,43.740124,0.0],[88.333055,43.740108,0.0],[88.333417,43.740104,0.0],[88.333844,43.740123,0.0],[88.334156,43.740119,0.0],[88.334518,43.740127,0.0],[88.334977,43.740074,0.0],[88.335156,43.740024,0.0],[88.335368,43.739926,0.0],[88.335694,43.739827,0.0],[88.335874,43.739792,0.0],[88.336002,43.739697,0.0],[88.3363,43.739436,0.0],[88.336649,43.739175,0.0],[88.336947,43.738877,0.0],[88.337247,43.73869,0.0],[88.337546,43.738503,0.0],[88.337896,43.738278,0.0],[88.338246,43.738054,0.0],[88.338341,43.737983,0.0],[88.338345,43.737879,0.0],[88.33839,43.737676,0.0],[88.338384,43.737437,0.0],[88.338347,43.737212,0.0],[88.33826,43.73701,0.0],[88.338109,43.736869,0.0],[88.337843,43.736729,0.0],[88.337596,43.736696,0.0],[88.337471,43.736692,0.0],[88.337406,43.736741,0.0],[88.337107,43.736965,0.0],[88.336808,43.737189,0.0],[88.336561,43.737486,0.0],[88.336314,43.737783,0.0],[88.336066,43.738006,0.0],[88.335897,43.738097,0.0],[88.335768,43.738267,0.0]]]}},{"type":"Feature","properties":{"rgi_id":"RGI2000-v7.0-G-13-41451","o1region":"13"},"geometry":{"type":"Polygon","coordinates":[[[88.329006,43.742615,0.0],[88.329058,43.742453,0.0],[88.329052,43.742177,0.0],[88.329141,43.741901,0.0],[88.32923,43.741625,0.0],[88.329224,43.74135,0.0],[88.329217,43.741075,0.0],[88.328836,43.74101,0.0],[88.328455,43.740946,0.0],[88.328076,43.74095,0.0],[88.327697,43.740955,0.0],[88.327222,43.74096,0.0],[88.327196,43.74097,0.0],[88.32719,43.740681,0.0],[88.327268,43.740563,0.0],[88.327493,43.740338,0.0],[88.327773,43.740128,0.0],[88.327957,43.739851,0.0],[88.328046,43.739575,0.0],[88.32804,43.7393,0.0],[88.32775,43.739097,0.0],[88.327555,43.738824,0.0],[88.327454,43.73855,0.0],[88.327353,43.738276,0.0],[88.327064,43.738073,0.0],[88.326588,43.73801,0.0],[88.326208,43.738014,0.0],[88.325832,43.738156,0.0],[88.325668,43.73823,0.0],[88.325743,43.738432,0.0],[88.325751,43.738776,0.0],[88.325757,43.739051,0.0],[88.325858,43.739325,0.0],[88.325959,43.739599,0.0],[88.325965,43.739874,0.0],[88.325971,43.740149,0.0],[88.325977,43.740424,0.0],[88.325983,43.7407,0.0],[88.326272,43.740903,0.0],[88.326373,43.741177,0.0],[88.326662,43.74138,0.0],[88.326953,43.741651,0.0],[88.327242,43.741855,0.0],[88.327624,43.741988,0.0],[88.328103,43.742189,0.0],[88.328484,43.742253,0.0],[88.328868,43.742455,0.0],[88.329006,43.742615,0.0]]]}},{"type":"Feature","properties":{"rgi_id":"RGI2000-v7.0-G-13-41452","o1region":"13"},"geometry":{"type":"Polygon","coordinates":[[[88.319651,43.738393,0.0],[88.319474,43.738147,0.0],[88.319279,43.737874,0.0],[88.319083,43.737601,0.0],[88.319077,43.737326,0.0],[88.318976,43.737052,0.0],[88.31897,43.736777,0.0],[88.318774,43.736504,0.0],[88.318673,43.73623,0.0],[88.318572,43.735956,0.0],[88.31819,43.735823,0.0],[88.318006,43.7361,0.0],[88.317917,43.736376,0.0],[88.317923,43.736651,0.0],[88.317835,43.736928,0.0],[88.317651,43.737205,0.0],[88.317467,43.737482,0.0],[88.317405,43.737576,0.0],[88.317346,43.737542,0.0],[88.317375,43.737621,0.0],[88.317476,43.737895,0.0],[88.317672,43.738168,0.0],[88.317868,43.738441,0.0],[88.318157,43.738644,0.0],[88.318396,43.738727,0.0],[88.318539,43.738777,0.0],[88.318919,43.738773,0.0],[88.319295,43.738631,0.0],[88.319575,43.738421,0.0],[88.319651,43.738393,0.0]]]}},{"type":"Feature","properties":{"rgi_id":"RGI2000-v7.0-G-13-41453","o1region":"13"},"geometry":{"type":"Polygon","coordinates":[[[88.317116,43.736592,0.0],[88.31716,43.736454,0.0],[88.317154,43.736179,0.0],[88.316772,43.736045,0.0],[88.316388,43.735843,0.0],[88.316005,43.73571,0.0],[88.315623,43.735577,0.0],[88.31524,43.735444,0.0],[88.314951,43.735241,0.0],[88.314662,43.735038,0.0],[88.314656,43.734763,0.0],[88.314554,43.73442,0.0],[88.314548,43.734145,0.0],[88.314636,43.733869,0.0],[88.31463,43.733593,0.0],[88.314624,43.733318,0.0],[88.314618,43.733043,0.0],[88.314612,43.732768,0.0],[88.314323,43.732565,0.0],[88.313945,43.732638,0.0],[88.313665,43.732848,0.0],[88.313385,43.733057,0.0],[88.313203,43.733403,0.0],[88.313019,43.733681,0.0],[88.313025,43.733956,0.0],[88.313031,43.734231,0.0],[88.313037,43.734506,0.0],[88.313233,43.734779,0.0],[88.313334,43.735053,0.0],[88.313615,43.735251,0.0],[88.313538,43.735243,0.0],[88.313513,43.735249,0.0],[88.313912,43.735459,0.0],[88.314293,43.735524,0.0],[88.314676,43.735657,0.0],[88.31506,43.735859,0.0],[88.315349,43.736062,0.0],[88.315638,43.736265,0.0],[88.315927,43.736468,0.0],[88.316308,43.736532,0.0],[88.316689,43.736597,0.0],[88.317068,43.736592,0.0],[88.317116,43.736592,0.0]]]}},{"type":"Feature","properties":{"rgi_id":"RGI2000-v7.0-G-13-41454","o1region":"13"},"geometry":{"type":"Polygon","coordinates":[[[88.317346,43.737542,0.0],[88.317132,43.737419,0.0],[88.316985,43.73729,0.0],[88.317077,43.737005,0.0],[88.317071,43.73673,0.0],[88.317116,43.736592,0.0],[88.317068,43.736592,0.0],[88.316689,43.736597,0.0],[88.316308,43.736532,0.0],[88.315927,43.736468,0.0],[88.315638,43.736265,0.0],[88.315349,43.736062,0.0],[88.31506,43.735859,0.0],[88.314676,43.735657,0.0],[88.314293,43.735524,0.0],[88.313912,43.735459,0.0],[88.313528,43.735257,0.0],[88.313119,43.735343,0.0],[88.312967,43.735574,0.0],[88.312762,43.735824,0.0],[88.312547,43.735918,0.0],[88.312425,43.736149,0.0],[88.312203,43.7364,0.0],[88.31198,43.736623,0.0],[88.31187,43.736771,0.0],[88.311906,43.736904,0.0],[88.311972,43.737189,0.0],[88.312017,43.737474,0.0],[88.31207,43.737616,0.0],[88.31218,43.737701,0.0],[88.31227,43.737743,0.0],[88.312437,43.737741,0.0],[88.312614,43.737724,0.0],[88.312732,43.737716,0.0],[88.312948,43.737678,0.0],[88.313115,43.737633,0.0],[88.313252,43.737574,0.0],[88.313328,43.737473,0.0],[88.313603,43.737406,0.0],[88.3138,43.737425,0.0],[88.313948,43.73743,0.0],[88.314057,43.737451,0.0],[88.314176,43.737485,0.0],[88.314315,43.737533,0.0],[88.314425,43.737604,0.0],[88.314594,43.73763,0.0],[88.314831,43.73767,0.0],[88.315009,43.737683,0.0],[88.31513,43.73769,0.0],[88.315082,43.737717,0.0],[88.314974,43.737993,0.0],[88.314712,43.738189,0.0],[88.314333,43.738249,0.0],[88.313915,43.738226,0.0],[88.313496,43.738176,0.0],[88.313188,43.738014,0.0],[88.312808,43.738018,0.0],[88.312353,43.738079,0.0],[88.311964,43.738186,0.0],[88.311866,43.738164,0.0],[88.311458,43.738071,0.0],[88.311053,43.738075,0.0],[88.310648,43.73808,0.0],[88.310243,43.738134,0.0],[88.309637,43.738189,0.0],[88.309233,43.738292,0.0],[88.308783,43.738485,0.0],[88.308738,43.738457,0.0],[88.308726,43.738249,0.0],[88.308721,43.738035,0.0],[88.308741,43.737826,0.0],[88.308819,43.737611,0.0],[88.308939,43.737478,0.0],[88.309076,43.737279,0.0],[88.309171,43.737135,0.0],[88.309462,43.736903,0.0],[88.309617,43.736773,0.0],[88.309734,43.7367,0.0],[88.309928,43.736569,0.0],[88.310144,43.736538,0.0],[88.310303,43.736622,0.0],[88.310382,43.736602,0.0],[88.310456,43.736475,0.0],[88.310575,43.736356,0.0],[88.31065,43.736232,0.0],[88.310754,43.736177,0.0],[88.310903,43.736029,0.0],[88.311202,43.735832,0.0],[88.311503,43.735664,0.0],[88.311757,43.735537,0.0],[88.311752,43.73534,0.0],[88.311723,43.735188,0.0],[88.311666,43.735017,0.0],[88.311585,43.734904,0.0],[88.311452,43.734829,0.0],[88.311137,43.734833,0.0],[88.310954,43.734892,0.0],[88.310614,43.734953,0.0],[88.310378,43.734994,0.0],[88.310273,43.734995,0.0],[88.310114,43.734959,0.0],[88.309902,43.734866,0.0],[88.309973,43.734589,0.0],[88.310051,43.734398,0.0],[88.310277,43.734228,0.0],[88.310519,43.733987,0.0],[88.310744,43.733758,0.0],[88.310821,43.733543,0.0],[88.310898,43.733316,0.0],[88.310908,43.73303,0.0],[88.311018,43.732767,0.0],[88.311061,43.73248,0.0],[88.310942,43.732303,0.0],[88.310689,43.731996,0.0],[88.310456,43.73188,0.0],[88.310109,43.731765,0.0],[88.309842,43.731565,0.0],[88.309755,43.731376,0.0],[88.309554,43.731187,0.0],[88.30929,43.731107,0.0],[88.309076,43.731086,0.0],[88.308781,43.731125,0.0],[88.308536,43.731199,0.0],[88.308342,43.731332,0.0],[88.308146,43.731394,0.0],[88.308084,43.731561,0.0],[88.308089,43.731776,0.0],[88.308141,43.73193,0.0],[88.308096,43.732097,0.0],[88.308016,43.732229,0.0],[88.307856,43.73241,0.0],[88.307694,43.732531,0.0],[88.307533,43.732652,0.0],[88.30742,43.73276,0.0],[88.307226,43.732905,0.0],[88.30713,43.733014,0.0],[88.307036,43.733217,0.0],[88.306909,43.733421,0.0],[88.306633,43.733579,0.0],[88.30662,43.733734,0.0],[88.30669,43.733924,0.0],[88.306612,43.734139,0.0],[88.306385,43.734249,0.0],[88.306238,43.734298,0.0],[88.306109,43.734431,0.0],[88.305947,43.73454,0.0],[88.305934,43.734659,0.0],[88.306019,43.734813,0.0],[88.306088,43.734967,0.0],[88.306092,43.735158,0.0],[88.306026,43.735451,0.0],[88.305994,43.735754,0.0],[88.306,43.73603,0.0],[88.305892,43.736307,0.0],[88.30587,43.736396,0.0],[88.305758,43.736412,0.0],[88.305563,43.736486,0.0],[88.305369,43.736667,0.0],[88.305176,43.736836,0.0],[88.305084,43.737123,0.0],[88.304957,43.737327,0.0],[88.304797,43.737519,0.0],[88.304685,43.737663,0.0],[88.304573,43.737819,0.0],[88.304478,43.737975,0.0],[88.304333,43.738132,0.0],[88.30414,43.738289,0.0],[88.303978,43.738422,0.0],[88.303685,43.738532,0.0],[88.30344,43.738618,0.0],[88.303277,43.73868,0.0],[88.303149,43.738824,0.0],[88.303038,43.738992,0.0],[88.302644,43.739043,0.0],[88.302523,43.739469,0.0],[88.3025,43.739945,0.0],[88.302673,43.740324,0.0],[88.30304,43.740606,0.0],[88.303768,43.740812,0.0],[88.304461,43.740971,0.0],[88.305155,43.74113,0.0],[88.305715,43.741195,0.0],[88.30648,43.741203,0.0],[88.306927,43.740964,0.0],[88.307461,43.740664,0.0],[88.307794,43.740464,0.0],[88.308129,43.740313,0.0],[88.308533,43.740259,0.0],[88.309005,43.740205,0.0],[88.309411,43.740249,0.0],[88.309817,43.740245,0.0],[88.310222,43.74024,0.0],[88.310627,43.740235,0.0],[88.311033,43.74028,0.0],[88.311439,43.740275,0.0],[88.311844,43.74027,0.0],[88.31225,43.740315,0.0],[88.312725,43.740407,0.0],[88.313131,43.740403,0.0],[88.313537,43.740447,0.0],[88.313943,43.740491,0.0],[88.314085,43.740784,0.0],[88.314106,43.740868,0.0],[88.314313,43.740752,0.0],[88.314593,43.740542,0.0],[88.314971,43.740469,0.0],[88.315347,43.740327,0.0],[88.315724,43.740185,0.0],[88.3161,43.740043,0.0],[88.316476,43.739901,0.0],[88.316851,43.739691,0.0],[88.317228,43.739549,0.0],[88.317604,43.739407,0.0],[88.317981,43.739265,0.0],[88.318259,43.738986,0.0],[88.318396,43.738727,0.0],[88.318157,43.738644,0.0],[88.317868,43.738441,0.0],[88.317672,43.738168,0.0],[88.317476,43.737895,0.0],[88.317375,43.737621,0.0],[88.317346,43.737542,0.0]],[[88.314364,43.736589,0.0],[88.314579,43.736515,0.0],[88.314954,43.73654,0.0],[88.315034,43.73661,0.0],[88.315038,43.736782,0.0],[88.315042,43.736939,0.0],[88.314947,43.737112,0.0],[88.314612,43.73713,0.0],[88.314297,43.737133,0.0],[88.314233,43.736934,0.0],[88.31423,43.736805,0.0],[88.314287,43.73669,0.0],[88.314364,43.736589,0.0]]]}},{"type":"Feature","properties":{"rgi_id":"RGI2000-v7.0-G-13-41455","o1region":"13"},"geometry":{"type":"Polygon","coordinates":[[[88.305951,43.733709,0.0],[88.306093,43.733612,0.0],[88.306262,43.733496,0.0],[88.306325,43.73339,0.0],[88.306375,43.733285,0.0],[88.306478,43.73316,0.0],[88.30654,43.732988,0.0],[88.306615,43.732825,0.0],[88.306718,43.732719,0.0],[88.306807,43.732613,0.0],[88.306923,43.732507,0.0],[88.307011,43.732437,0.0],[88.30721,43.732234,0.0],[88.307336,43.731971,0.0],[88.30744,43.731783,0.0],[88.307524,43.731552,0.0],[88.30766,43.731352,0.0],[88.307756,43.731214,0.0],[88.30782,43.731136,0.0],[88.30776,43.731017,0.0],[88.307602,43.730912,0.0],[88.307419,43.730837,0.0],[88.307245,43.730773,0.0],[88.307104,43.730703,0.0],[88.306906,43.730646,0.0],[88.30678,43.73054,0.0],[88.306599,43.730495,0.0],[88.306377,43.730479,0.0],[88.306171,43.730543,0.0],[88.305977,43.730688,0.0],[88.3058,43.730845,0.0],[88.305591,43.731074,0.0],[88.305497,43.731289,0.0],[88.305418,43.731397,0.0],[88.305274,43.731613,0.0],[88.304982,43.731748,0.0],[88.304656,43.731894,0.0],[88.304528,43.732051,0.0],[88.304418,43.732266,0.0],[88.304355,43.73241,0.0],[88.304245,43.732614,0.0],[88.304151,43.732817,0.0],[88.304006,43.732974,0.0],[88.303761,43.733024,0.0],[88.303517,43.733134,0.0],[88.30339,43.733338,0.0],[88.30323,43.733531,0.0],[88.30292,43.733641,0.0],[88.302709,43.733739,0.0],[88.302531,43.733872,0.0],[88.302403,43.734028,0.0],[88.302226,43.734209,0.0],[88.302148,43.734412,0.0],[88.302072,43.734687,0.0],[88.302077,43.734914,0.0],[88.302038,43.735088,0.0],[88.301859,43.735309,0.0],[88.301782,43.735415,0.0],[88.301773,43.735586,0.0],[88.301815,43.735729,0.0],[88.301976,43.73586,0.0],[88.302136,43.735963,0.0],[88.30236,43.73598,0.0],[88.302583,43.735977,0.0],[88.30287,43.735898,0.0],[88.303081,43.735886,0.0],[88.303342,43.735845,0.0],[88.303552,43.735814,0.0],[88.303695,43.735755,0.0],[88.30389,43.735658,0.0],[88.304059,43.73556,0.0],[88.304096,43.735455,0.0],[88.304172,43.735321,0.0],[88.304326,43.735157,0.0],[88.304429,43.735061,0.0],[88.304558,43.734945,0.0],[88.304687,43.734819,0.0],[88.304803,43.734694,0.0],[88.304918,43.734569,0.0],[88.305111,43.734386,0.0],[88.305383,43.734211,0.0],[88.305539,43.734095,0.0],[88.305666,43.733922,0.0],[88.305795,43.733806,0.0],[88.305951,43.733709,0.0]]]}},{"type":"Feature","properties":{"rgi_id":"RGI2000-v7.0-G-13-41456","o1region":"13"},"geometry":{"type":"Polygon","coordinates":[[[88.311926,43.744041,0.0],[88.311857,43.743944,0.0],[88.311516,43.743801,0.0],[88.311108,43.743708,0.0],[88.310632,43.743566,0.0],[88.310225,43.743473,0.0],[88.30982,43.743527,0.0],[88.309417,43.743629,0.0],[88.309289,43.743925,0.0],[88.309091,43.744172,0.0],[88.308825,43.744371,0.0],[88.308492,43.744571,0.0],[88.308364,43.744915,0.0],[88.308371,43.745209,0.0],[88.308513,43.74555,0.0],[88.30852,43.745844,0.0],[88.308526,43.746138,0.0],[88.308735,43.746429,0.0],[88.308809,43.746722,0.0],[88.309085,43.746964,0.0],[88.309419,43.746813,0.0],[88.30948,43.746519,0.0],[88.309609,43.746223,0.0],[88.309806,43.745976,0.0],[88.309935,43.745681,0.0],[88.310201,43.745482,0.0],[88.310603,43.74533,0.0],[88.310869,43.745131,0.0],[88.311204,43.74498,0.0],[88.311926,43.744041,0.0]]]}},{"type":"Feature","properties":{"rgi_id":"RGI2000-v7.0-G-13-41457","o1region":"13"},"geometry":{"type":"Polygon","coordinates":[[[88.318396,43.738727,0.0],[88.318259,43.738986,0.0],[88.317981,43.739265,0.0],[88.317604,43.739407,0.0],[88.317228,43.739549,0.0],[88.316851,43.739691,0.0],[88.316476,43.739901,0.0],[88.3161,43.740043,0.0],[88.315724,43.740185,0.0],[88.315347,43.740327,0.0],[88.314971,43.740469,0.0],[88.314593,43.740542,0.0],[88.314313,43.740752,0.0],[88.314106,43.740868,0.0],[88.314126,43.740947,0.0],[88.314171,43.740961,0.0],[88.314324,43.741004,0.0],[88.314227,43.741125,0.0],[88.314031,43.741421,0.0],[88.313931,43.741496,0.0],[88.313765,43.74162,0.0],[88.313568,43.741867,0.0],[88.313371,43.742114,0.0],[88.313106,43.742362,0.0],[88.312909,43.74261,0.0],[88.31278,43.742905,0.0],[88.312719,43.7432,0.0],[88.312927,43.743442,0.0],[88.313293,43.743526,0.0],[88.313203,43.743733,0.0],[88.31321,43.744027,0.0],[88.313284,43.74432,0.0],[88.313425,43.744612,0.0],[88.313432,43.744906,0.0],[88.313512,43.745099,0.0],[88.313458,43.745139,0.0],[88.313394,43.745226,0.0],[88.313397,43.74534,0.0],[88.31336,43.745464,0.0],[88.31335,43.745598,0.0],[88.313419,43.74574,0.0],[88.313577,43.745786,0.0],[88.313775,43.745784,0.0],[88.313959,43.745781,0.0],[88.314153,43.745848,0.0],[88.314274,43.745961,0.0],[88.314304,43.746132,0.0],[88.314373,43.746274,0.0],[88.314455,43.746416,0.0],[88.314486,43.746644,0.0],[88.314463,43.746769,0.0],[88.314202,43.746857,0.0],[88.313966,43.746898,0.0],[88.313916,43.747004,0.0],[88.313918,43.747137,0.0],[88.314014,43.747279,0.0],[88.314148,43.747411,0.0],[88.314152,43.747582,0.0],[88.31409,43.747745,0.0],[88.314052,43.74785,0.0],[88.314016,43.747984,0.0],[88.31394,43.748081,0.0],[88.313941,43.748109,0.0],[88.313692,43.748332,0.0],[88.313289,43.74841,0.0],[88.312834,43.748452,0.0],[88.312481,43.748566,0.0],[88.311925,43.748609,0.0],[88.311473,43.748651,0.0],[88.311225,43.748692,0.0],[88.310912,43.748796,0.0],[88.310578,43.748857,0.0],[88.310225,43.748961,0.0],[88.309951,43.749036,0.0],[88.30986,43.749057,0.0],[88.309555,43.749188,0.0],[88.309307,43.749411,0.0],[88.309466,43.74974,0.0],[88.309624,43.749995,0.0],[88.310031,43.750101,0.0],[88.310389,43.750243,0.0],[88.310746,43.75035,0.0],[88.311054,43.75053,0.0],[88.311365,43.75082,0.0],[88.311488,43.750992,0.0],[88.311666,43.751067,0.0],[88.311924,43.751135,0.0],[88.312123,43.751219,0.0],[88.31238,43.751259,0.0],[88.312558,43.7513,0.0],[88.312795,43.751311,0.0],[88.313051,43.751308,0.0],[88.313386,43.75129,0.0],[88.313662,43.751273,0.0],[88.314094,43.75121,0.0],[88.314369,43.75115,0.0],[88.314643,43.751047,0.0],[88.314897,43.75093,0.0],[88.31517,43.750812,0.0],[88.315542,43.750665,0.0],[88.315697,43.750563,0.0],[88.31593,43.750403,0.0],[88.316242,43.750242,0.0],[88.31632,43.75021,0.0],[88.316449,43.750015,0.0],[88.316643,43.74962,0.0],[88.316772,43.749325,0.0],[88.316833,43.74903,0.0],[88.316894,43.748736,0.0],[88.317023,43.74844,0.0],[88.31715,43.748096,0.0],[88.317278,43.747752,0.0],[88.317406,43.747407,0.0],[88.317602,43.747111,0.0],[88.317692,43.746868,0.0],[88.317815,43.746815,0.0],[88.318167,43.746701,0.0],[88.31857,43.746586,0.0],[88.318973,43.746471,0.0],[88.319324,43.74632,0.0],[88.319521,43.74606,0.0],[88.319565,43.745729,0.0],[88.319486,43.745491,0.0],[88.319723,43.745225,0.0],[88.31992,43.744978,0.0],[88.320185,43.74473,0.0],[88.320451,43.744531,0.0],[88.32066,43.744335,0.0],[88.321056,43.744426,0.0],[88.321464,43.744519,0.0],[88.32187,43.744564,0.0],[88.322211,43.744707,0.0],[88.322619,43.7448,0.0],[88.323026,43.744893,0.0],[88.323434,43.744986,0.0],[88.323839,43.744982,0.0],[88.324312,43.744976,0.0],[88.324717,43.744972,0.0],[88.325123,43.744967,0.0],[88.325527,43.744913,0.0],[88.326065,43.744809,0.0],[88.326469,43.744755,0.0],[88.326941,43.744701,0.0],[88.327276,43.74455,0.0],[88.327337,43.744255,0.0],[88.327328,43.743864,0.0],[88.327053,43.743671,0.0],[88.326648,43.743676,0.0],[88.326176,43.74373,0.0],[88.325771,43.743735,0.0],[88.325298,43.74374,0.0],[88.324825,43.743746,0.0],[88.324418,43.743652,0.0],[88.32401,43.743559,0.0],[88.323668,43.743367,0.0],[88.323327,43.743224,0.0],[88.323118,43.742933,0.0],[88.323044,43.74264,0.0],[88.322902,43.742298,0.0],[88.322833,43.741946,0.0],[88.322892,43.741858,0.0],[88.323089,43.74161,0.0],[88.323286,43.741363,0.0],[88.323415,43.741068,0.0],[88.323612,43.740821,0.0],[88.323741,43.740525,0.0],[88.323752,43.74047,0.0],[88.324141,43.740276,0.0],[88.324475,43.740125,0.0],[88.32481,43.739974,0.0],[88.324892,43.739784,0.0],[88.325011,43.739923,0.0],[88.32495,43.740217,0.0],[88.324754,43.740513,0.0],[88.324558,43.74081,0.0],[88.324497,43.741104,0.0],[88.324504,43.741447,0.0],[88.324646,43.741739,0.0],[88.324855,43.742031,0.0],[88.325131,43.742273,0.0],[88.325472,43.742416,0.0],[88.32588,43.742558,0.0],[88.326287,43.742602,0.0],[88.326694,43.742695,0.0],[88.327238,43.742836,0.0],[88.327779,43.742879,0.0],[88.328252,43.742873,0.0],[88.328725,43.742868,0.0],[88.329059,43.742717,0.0],[88.328989,43.742667,0.0],[88.329006,43.742615,0.0],[88.328868,43.742455,0.0],[88.328484,43.742253,0.0],[88.328103,43.742189,0.0],[88.327624,43.741988,0.0],[88.327242,43.741855,0.0],[88.326953,43.741651,0.0],[88.326662,43.74138,0.0],[88.326373,43.741177,0.0],[88.326272,43.740903,0.0],[88.325983,43.7407,0.0],[88.325977,43.740424,0.0],[88.325971,43.740149,0.0],[88.325965,43.739874,0.0],[88.325959,43.739599,0.0],[88.325858,43.739325,0.0],[88.325757,43.739051,0.0],[88.325751,43.738776,0.0],[88.325743,43.738432,0.0],[88.325668,43.73823,0.0],[88.325362,43.738368,0.0],[88.324986,43.73851,0.0],[88.324609,43.738652,0.0],[88.324517,43.738687,0.0],[88.324443,43.738656,0.0],[88.324036,43.738611,0.0],[88.32363,43.738567,0.0],[88.323227,43.73867,0.0],[88.322691,43.738872,0.0],[88.322429,43.73899,0.0],[88.322288,43.738974,0.0],[88.321881,43.73893,0.0],[88.321409,43.738936,0.0],[88.321003,43.73894,0.0],[88.320597,43.738896,0.0],[88.320192,43.738901,0.0],[88.319922,43.738904,0.0],[88.319771,43.738694,0.0],[88.31967,43.73842,0.0],[88.319651,43.738393,0.0],[88.319575,43.738421,0.0],[88.319295,43.738631,0.0],[88.318919,43.738773,0.0],[88.318539,43.738777,0.0],[88.318396,43.738727,0.0]],[[88.316852,43.74374,0.0],[88.3168,43.74409,0.0],[88.316681,43.744044,0.0],[88.316677,43.743892,0.0],[88.316506,43.743846,0.0],[88.316408,43.743858,0.0],[88.316379,43.743745,0.0],[88.31617,43.743454,0.0],[88.315962,43.743211,0.0],[88.315621,43.743068,0.0],[88.315213,43.742926,0.0],[88.315145,43.742927,0.0],[88.315341,43.742631,0.0],[88.315747,43.742626,0.0],[88.316223,43.742767,0.0],[88.316565,43.742959,0.0],[88.316898,43.743036,0.0],[88.316844,43.743348,0.0],[88.316852,43.74374,0.0]]]}},{"type":"Feature","properties":{"rgi_id":"RGI2000-v7.0-G-13-41458","o1region":"13"},"geometry":{"type":"Polygon","coordinates":[[[88.320019,43.746397,0.0],[88.320088,43.746495,0.0],[88.320498,43.746686,0.0],[88.32084,43.746878,0.0],[88.321182,43.74707,0.0],[88.321523,43.747213,0.0],[88.321932,43.747355,0.0],[88.322339,43.747448,0.0],[88.32268,43.747591,0.0],[88.323021,43.747734,0.0],[88.323428,43.747779,0.0],[88.323834,43.747823,0.0],[88.324239,43.747818,0.0],[88.324646,43.747862,0.0],[88.325052,43.747907,0.0],[88.325525,43.747901,0.0],[88.325999,43.747945,0.0],[88.326404,43.74794,0.0],[88.32681,43.747935,0.0],[88.327213,43.747833,0.0],[88.327547,43.747682,0.0],[88.327813,43.747483,0.0],[88.328148,43.747332,0.0],[88.328414,43.747133,0.0],[88.328406,43.74679,0.0],[88.3284,43.746496,0.0],[88.328326,43.746203,0.0],[88.328252,43.74591,0.0],[88.328043,43.745668,0.0],[88.327638,43.745672,0.0],[88.327304,43.745823,0.0],[88.327107,43.746119,0.0],[88.32691,43.746367,0.0],[88.326713,43.746614,0.0],[88.326447,43.746813,0.0],[88.326043,43.746867,0.0],[88.325634,43.746724,0.0],[88.32536,43.746532,0.0],[88.324953,43.746487,0.0],[88.324547,43.746443,0.0],[88.324142,43.746448,0.0],[88.320019,43.746397,0.0]]]}},{"type":"Feature","properties":{"rgi_id":"RGI2000-v7.0-G-13-41459","o1region":"13"},"geometry":{"type":"Polygon","coordinates":[[[88.330423,43.753196,0.0],[88.330573,43.753084,0.0],[88.330701,43.752789,0.0],[88.330694,43.752446,0.0],[88.330486,43.752203,0.0],[88.330344,43.751911,0.0],[88.330202,43.751619,0.0],[88.330196,43.751325,0.0],[88.330189,43.751031,0.0],[88.330048,43.750739,0.0],[88.32984,43.750496,0.0],[88.329632,43.750254,0.0],[88.329223,43.750112,0.0],[88.328881,43.74992,0.0],[88.328405,43.749778,0.0],[88.327998,43.749734,0.0],[88.327592,43.74969,0.0],[88.327186,43.749694,0.0],[88.326781,43.749699,0.0],[88.326377,43.749753,0.0],[88.326248,43.750048,0.0],[88.32612,43.750344,0.0],[88.325922,43.750591,0.0],[88.325726,43.750887,0.0],[88.325393,43.751087,0.0],[88.324988,43.751141,0.0],[88.324583,43.751145,0.0],[88.324178,43.75115,0.0],[88.323772,43.751155,0.0],[88.323367,43.751159,0.0],[88.323101,43.751358,0.0],[88.322904,43.751606,0.0],[88.32279,43.751868,0.0],[88.322598,43.751932,0.0],[88.322336,43.752128,0.0],[88.322152,43.752378,0.0],[88.321969,43.752711,0.0],[88.321748,43.753016,0.0],[88.321602,43.753321,0.0],[88.321532,43.753598,0.0],[88.321954,43.753758,0.0],[88.322373,43.753781,0.0],[88.322755,43.753887,0.0],[88.322989,43.754132,0.0],[88.32326,43.754377,0.0],[88.32338,43.754651,0.0],[88.323463,43.754953,0.0],[88.323393,43.755229,0.0],[88.3234,43.755532,0.0],[88.323406,43.755808,0.0],[88.323412,43.756083,0.0],[88.323571,43.756384,0.0],[88.323623,43.75645,0.0],[88.323487,43.756502,0.0],[88.323343,43.756551,0.0],[88.323226,43.756619,0.0],[88.323125,43.756782,0.0],[88.323114,43.756897,0.0],[88.323196,43.75702,0.0],[88.323369,43.757122,0.0],[88.323541,43.757197,0.0],[88.323768,43.757327,0.0],[88.323783,43.757442,0.0],[88.323799,43.757565,0.0],[88.323815,43.757689,0.0],[88.323725,43.757785,0.0],[88.323688,43.757881,0.0],[88.323664,43.757986,0.0],[88.323627,43.758082,0.0],[88.323496,43.75814,0.0],[88.323326,43.758161,0.0],[88.323336,43.758405,0.0],[88.323675,43.758878,0.0],[88.324915,43.759221,0.0],[88.325944,43.759298,0.0],[88.326606,43.759336,0.0],[88.326751,43.759241,0.0],[88.327051,43.759072,0.0],[88.327312,43.758849,0.0],[88.327574,43.758625,0.0],[88.327911,43.758428,0.0],[88.328212,43.758259,0.0],[88.32859,43.758172,0.0],[88.329006,43.758057,0.0],[88.329423,43.758025,0.0],[88.329903,43.757996,0.0],[88.32996,43.757942,0.0],[88.330114,43.757759,0.0],[88.330215,43.757557,0.0],[88.33033,43.757394,0.0],[88.330391,43.757264,0.0],[88.330237,43.757023,0.0],[88.330078,43.756695,0.0],[88.329958,43.756421,0.0],[88.329876,43.756146,0.0],[88.32987,43.75587,0.0],[88.329787,43.755596,0.0],[88.329781,43.75532,0.0],[88.329813,43.755045,0.0],[88.329959,43.754767,0.0],[88.330144,43.754517,0.0],[88.330232,43.754429,0.0],[88.330367,43.754294,0.0],[88.330513,43.754044,0.0],[88.33066,43.753795,0.0],[88.330654,43.753519,0.0],[88.330496,43.753273,0.0],[88.330423,43.753196,0.0]],[[88.324203,43.752276,0.0],[88.324673,43.752173,0.0],[88.325079,43.752168,0.0],[88.325483,43.752114,0.0],[88.325888,43.75211,0.0],[88.326294,43.752105,0.0],[88.3267,43.752149,0.0],[88.327105,43.752145,0.0],[88.32751,43.752091,0.0],[88.327913,43.751988,0.0],[88.328316,43.751886,0.0],[88.328789,43.75188,0.0],[88.329131,43.752072,0.0],[88.329273,43.752364,0.0],[88.329348,43.752706,0.0],[88.329379,43.752742,0.0],[88.329115,43.752711,0.0],[88.328697,43.752715,0.0],[88.328317,43.75272,0.0],[88.327937,43.752724,0.0],[88.327598,43.752838,0.0],[88.327341,43.753169,0.0],[88.327081,43.753172,0.0],[88.327006,43.753201,0.0],[88.326921,43.753177,0.0],[88.326503,43.753182,0.0],[88.326084,43.753159,0.0],[88.325704,43.753136,0.0],[88.325324,43.75314,0.0],[88.324903,43.753035,0.0],[88.324521,43.752957,0.0],[88.324139,43.752879,0.0],[88.323795,43.752772,0.0],[88.323599,43.752499,0.0],[88.323522,43.752367,0.0],[88.323798,43.75233,0.0],[88.324203,43.752276,0.0]]]}},{"type":"Feature","properties":{"rgi_id":"RGI2000-v7.0-G-13-41460","o1region":"13"},"geometry":{"type":"Polygon","coordinates":[[[88.333576,43.756265,0.0],[88.333364,43.756339,0.0],[88.333235,43.75646,0.0],[88.333139,43.756568,0.0],[88.33301,43.756677,0.0],[88.333014,43.756855,0.0],[88.332985,43.757022,0.0],[88.333086,43.75714,0.0],[88.333237,43.757305,0.0],[88.333291,43.757483,0.0],[88.333277,43.757615,0.0],[88.333298,43.757817,0.0],[88.333235,43.757937,0.0],[88.333155,43.758045,0.0],[88.333044,43.758225,0.0],[88.333048,43.758403,0.0],[88.333378,43.758447,0.0],[88.33359,43.758397,0.0],[88.333769,43.7583,0.0],[88.33393,43.758143,0.0],[88.334121,43.757891,0.0],[88.334183,43.757687,0.0],[88.33431,43.757519,0.0],[88.334438,43.757339,0.0],[88.3346,43.75723,0.0],[88.334778,43.757261,0.0],[88.334794,43.757303,0.0],[88.334879,43.757217,0.0],[88.335255,43.75702,0.0],[88.335632,43.756878,0.0],[88.336011,43.756818,0.0],[88.336428,43.756786,0.0],[88.336807,43.756726,0.0],[88.337224,43.756666,0.0],[88.337564,43.756552,0.0],[88.337861,43.756484,0.0],[88.337848,43.756387,0.0],[88.337923,43.756233,0.0],[88.337922,43.756157,0.0],[88.337841,43.756063,0.0],[88.337816,43.755972,0.0],[88.337963,43.755721,0.0],[88.337957,43.755445,0.0],[88.33795,43.755142,0.0],[88.337944,43.754867,0.0],[88.337786,43.754593,0.0],[88.337478,43.754432,0.0],[88.337246,43.754214,0.0],[88.337125,43.75394,0.0],[88.337042,43.75361,0.0],[88.336922,43.753336,0.0],[88.336652,43.753146,0.0],[88.336306,43.752985,0.0],[88.335922,43.752824,0.0],[88.335652,43.752634,0.0],[88.335344,43.752445,0.0],[88.334998,43.752284,0.0],[88.33469,43.752122,0.0],[88.334307,43.751989,0.0],[88.333925,43.751883,0.0],[88.333545,43.751887,0.0],[88.333475,43.752164,0.0],[88.333557,43.752438,0.0],[88.333715,43.752712,0.0],[88.333872,43.752958,0.0],[88.333917,43.753233,0.0],[88.333961,43.753536,0.0],[88.333891,43.753812,0.0],[88.333822,43.754116,0.0],[88.333714,43.754393,0.0],[88.333568,43.754643,0.0],[88.333574,43.754918,0.0],[88.33358,43.755194,0.0],[88.333587,43.755524,0.0],[88.333593,43.7558,0.0],[88.3336,43.756103,0.0],[88.333648,43.756211,0.0],[88.333576,43.756265,0.0]]]}},{"type":"Feature","properties":{"rgi_id":"RGI2000-v7.0-G-13-41461","o1region":"13"},"geometry":{"type":"Polygon","coordinates":[[[88.339068,43.757356,0.0],[88.339137,43.757594,0.0],[88.339075,43.757628,0.0],[88.338797,43.757907,0.0],[88.338518,43.758185,0.0],[88.338335,43.758462,0.0],[88.338341,43.758738,0.0],[88.338347,43.759013,0.0],[88.338448,43.759287,0.0],[88.338644,43.75956,0.0],[88.339024,43.759555,0.0],[88.339129,43.759535,0.0],[88.339125,43.759561,0.0],[88.339507,43.759556,0.0],[88.340047,43.75955,0.0],[88.340588,43.759544,0.0],[88.341038,43.759538,0.0],[88.341489,43.759533,0.0],[88.341941,43.759593,0.0],[88.34199,43.759592,0.0],[88.342152,43.759495,0.0],[88.342446,43.759408,0.0],[88.342955,43.75939,0.0],[88.343365,43.75935,0.0],[88.343727,43.759345,0.0],[88.344171,43.7594,0.0],[88.344502,43.759491,0.0],[88.3448,43.759571,0.0],[88.345032,43.759663,0.0],[88.345329,43.759731,0.0],[88.345611,43.759835,0.0],[88.34581,43.759916,0.0],[88.346008,43.759962,0.0],[88.346173,43.759984,0.0],[88.346388,43.760052,0.0],[88.346735,43.760144,0.0],[88.347016,43.760212,0.0],[88.347249,43.760316,0.0],[88.347496,43.760337,0.0],[88.347856,43.760297,0.0],[88.348066,43.760116,0.0],[88.348292,43.759911,0.0],[88.34855,43.759729,0.0],[88.348777,43.759572,0.0],[88.348986,43.759355,0.0],[88.349147,43.759222,0.0],[88.349475,43.759206,0.0],[88.349658,43.759287,0.0],[88.349856,43.759344,0.0],[88.350156,43.759496,0.0],[88.350273,43.759578,0.0],[88.350621,43.759705,0.0],[88.350901,43.759761,0.0],[88.351199,43.759829,0.0],[88.351577,43.759836,0.0],[88.351838,43.759786,0.0],[88.352017,43.759676,0.0],[88.352047,43.759545,0.0],[88.352043,43.75939,0.0],[88.351958,43.75926,0.0],[88.351742,43.759155,0.0],[88.35156,43.759086,0.0],[88.351394,43.759017,0.0],[88.351212,43.758959,0.0],[88.350931,43.758879,0.0],[88.350697,43.758739,0.0],[88.350498,43.758646,0.0],[88.350283,43.758589,0.0],[88.350068,43.758508,0.0],[88.349884,43.758367,0.0],[88.349636,43.758311,0.0],[88.349404,43.758242,0.0],[88.349172,43.75815,0.0],[88.349021,43.757996,0.0],[88.348951,43.757819,0.0],[88.348848,43.757617,0.0],[88.348894,43.757462,0.0],[88.348889,43.75726,0.0],[88.348885,43.757081,0.0],[88.348897,43.756878,0.0],[88.348927,43.756759,0.0],[88.349073,43.756662,0.0],[88.349137,43.756578,0.0],[88.349052,43.756436,0.0],[88.348917,43.756318,0.0],[88.348767,43.756213,0.0],[88.348651,43.756143,0.0],[88.348453,43.756121,0.0],[88.348174,43.756136,0.0],[88.347944,43.756163,0.0],[88.347632,43.756167,0.0],[88.347353,43.75617,0.0],[88.347122,43.756149,0.0],[88.346955,43.75602,0.0],[88.346822,43.755938,0.0],[88.346753,43.755808,0.0],[88.346684,43.755654,0.0],[88.346599,43.755536,0.0],[88.346614,43.755476,0.0],[88.346712,43.755415,0.0],[88.346956,43.755329,0.0],[88.34702,43.755245,0.0],[88.347017,43.75509,0.0],[88.346931,43.754948,0.0],[88.346666,43.754856,0.0],[88.346383,43.754704,0.0],[88.346217,43.754599,0.0],[88.34592,43.754567,0.0],[88.345723,43.754545,0.0],[88.345541,43.754524,0.0],[88.345327,43.754514,0.0],[88.345113,43.754469,0.0],[88.344717,43.754414,0.0],[88.344503,43.754405,0.0],[88.344322,43.754395,0.0],[88.344093,43.75441,0.0],[88.343863,43.754424,0.0],[88.343634,43.754475,0.0],[88.343258,43.754562,0.0],[88.343095,43.754612,0.0],[88.342849,43.754651,0.0],[88.342702,43.754688,0.0],[88.342639,43.75482,0.0],[88.342626,43.754939,0.0],[88.342629,43.755082,0.0],[88.342631,43.755165,0.0],[88.342634,43.755308,0.0],[88.342521,43.755393,0.0],[88.342389,43.755395,0.0],[88.342256,43.755325,0.0],[88.342237,43.755194,0.0],[88.342101,43.755017,0.0],[88.34192,43.755007,0.0],[88.341707,43.755033,0.0],[88.341462,43.755084,0.0],[88.3412,43.755111,0.0],[88.34094,43.755092,0.0],[88.340799,43.754994,0.0],[88.340601,43.754953,0.0],[88.340363,43.754899,0.0],[88.340283,43.754814,0.0],[88.340064,43.754731,0.0],[88.339945,43.754704,0.0],[88.339788,43.754748,0.0],[88.339691,43.754821,0.0],[88.339695,43.754978,0.0],[88.339697,43.755093,0.0],[88.339779,43.75522,0.0],[88.33986,43.755319,0.0],[88.339922,43.755433,0.0],[88.339886,43.755605,0.0],[88.33981,43.755734,0.0],[88.339576,43.755852,0.0],[88.33938,43.755897,0.0],[88.339304,43.756012,0.0],[88.339288,43.756184,0.0],[88.339252,43.756327,0.0],[88.339256,43.756513,0.0],[88.339279,43.756656,0.0],[88.339301,43.75677,0.0],[88.339304,43.756898,0.0],[88.339307,43.757055,0.0],[88.339312,43.757255,0.0],[88.339136,43.757343,0.0],[88.339068,43.757356,0.0]]]}},{"type":"Feature","properties":{"rgi_id":"RGI2000-v7.0-G-13-41462","o1region":"13"},"geometry":{"type":"Polygon","coordinates":[[[88.332468,43.732004,0.0],[88.3323,43.731839,0.0],[88.33207,43.731818,0.0],[88.331807,43.731809,0.0],[88.331495,43.731812,0.0],[88.331183,43.731852,0.0],[88.330985,43.731804,0.0],[88.330904,43.731672,0.0],[88.330756,43.731549,0.0],[88.330637,43.731494,0.0],[88.330467,43.731524,0.0],[88.330245,43.731613,0.0],[88.330194,43.73167,0.0],[88.330197,43.731813,0.0],[88.3302,43.731966,0.0],[88.330112,43.732148,0.0],[88.330038,43.732339,0.0],[88.329911,43.73256,0.0],[88.329863,43.732732,0.0],[88.329867,43.732922,0.0],[88.329858,43.733142,0.0],[88.329783,43.733314,0.0],[88.329722,43.733524,0.0],[88.329611,43.733821,0.0],[88.329576,43.734031,0.0],[88.32958,43.734222,0.0],[88.329585,43.734431,0.0],[88.329471,43.734623,0.0],[88.329263,43.734749,0.0],[88.329095,43.734875,0.0],[88.328901,43.735001,0.0],[88.328668,43.735166,0.0],[88.328578,43.735243,0.0],[88.328462,43.735359,0.0],[88.328416,43.735515,0.0],[88.328406,43.735658,0.0],[88.328395,43.735743,0.0],[88.328398,43.735905,0.0],[88.328389,43.736058,0.0],[88.328259,43.736155,0.0],[88.328131,43.73629,0.0],[88.328015,43.736396,0.0],[88.32782,43.736474,0.0],[88.327666,43.736648,0.0],[88.327656,43.7368,0.0],[88.327633,43.736934,0.0],[88.327687,43.737029,0.0],[88.327703,43.737152,0.0],[88.327706,43.737267,0.0],[88.327696,43.737419,0.0],[88.327698,43.737533,0.0],[88.327767,43.737666,0.0],[88.32786,43.737713,0.0],[88.328045,43.737739,0.0],[88.328268,43.737746,0.0],[88.328453,43.737782,0.0],[88.328637,43.73778,0.0],[88.32886,43.737768,0.0],[88.329044,43.737747,0.0],[88.329201,43.737735,0.0],[88.329437,43.737713,0.0],[88.329607,43.737645,0.0],[88.329802,43.737576,0.0],[88.329972,43.737517,0.0],[88.330142,43.737467,0.0],[88.330517,43.737339,0.0],[88.330758,43.73711,0.0],[88.331015,43.736868,0.0],[88.331174,43.736628,0.0],[88.331384,43.736459,0.0],[88.33161,43.736266,0.0],[88.331884,43.736036,0.0],[88.332209,43.735866,0.0],[88.332504,43.735839,0.0],[88.332769,43.735919,0.0],[88.333015,43.73594,0.0],[88.333327,43.735936,0.0],[88.333624,43.735968,0.0],[88.333953,43.736,0.0],[88.334281,43.735985,0.0],[88.334593,43.735945,0.0],[88.335082,43.735808,0.0],[88.335477,43.735804,0.0],[88.335865,43.735799,0.0],[88.335859,43.735547,0.0],[88.335852,43.735216,0.0],[88.335844,43.734849,0.0],[88.335736,43.734556,0.0],[88.335679,43.734263,0.0],[88.335521,43.734008,0.0],[88.335313,43.733753,0.0],[88.335104,43.733498,0.0],[88.334846,43.733281,0.0],[88.334537,43.733064,0.0],[88.334179,43.732921,0.0],[88.333871,43.732741,0.0],[88.333462,43.732562,0.0],[88.333154,43.732382,0.0],[88.332932,43.732252,0.0],[88.332846,43.732202,0.0],[88.332625,43.732114,0.0],[88.332468,43.732004,0.0]]]}},{"type":"Feature","properties":{"rgi_id":"RGI2000-v7.0-G-13-41463","o1region":"13"},"geometry":{"type":"Polygon","coordinates":[[[88.334548,43.731264,0.0],[88.33429,43.731046,0.0],[88.334032,43.730829,0.0],[88.333955,43.730735,0.0],[88.33374,43.730678,0.0],[88.333593,43.730575,0.0],[88.333129,43.730409,0.0],[88.332903,43.730269,0.0],[88.332651,43.730177,0.0],[88.332267,43.730057,0.0],[88.33191,43.729957,0.0],[88.331529,43.729942,0.0],[88.331294,43.73003,0.0],[88.331166,43.730175,0.0],[88.331065,43.730348,0.0],[88.331107,43.730461,0.0],[88.331202,43.730622,0.0],[88.331376,43.730735,0.0],[88.331588,43.730837,0.0],[88.331748,43.73093,0.0],[88.331894,43.731014,0.0],[88.332027,43.731089,0.0],[88.332187,43.731192,0.0],[88.332242,43.731268,0.0],[88.332295,43.731324,0.0],[88.332363,43.731428,0.0],[88.332484,43.731541,0.0],[88.332591,43.731616,0.0],[88.332658,43.731692,0.0],[88.332778,43.731757,0.0],[88.332885,43.731822,0.0],[88.333018,43.731907,0.0],[88.333177,43.731952,0.0],[88.333387,43.731979,0.0],[88.333573,43.732034,0.0],[88.333745,43.732079,0.0],[88.333969,43.732124,0.0],[88.334163,43.732187,0.0],[88.334522,43.732366,0.0],[88.33503,43.732434,0.0],[88.335233,43.73245,0.0],[88.33505,43.732373,0.0],[88.33483,43.732117,0.0],[88.334681,43.73181,0.0],[88.334603,43.731501,0.0],[88.334598,43.731281,0.0],[88.334548,43.731264,0.0]]]}},{"type":"Feature","properties":{"rgi_id":"RGI2000-v7.0-G-13-41464","o1region":"13"},"geometry":{"type":"Polygon","coordinates":[[[88.249072,43.778824,0.0],[88.249139,43.778933,0.0],[88.249297,43.779189,0.0],[88.249454,43.779444,0.0],[88.249477,43.779467,0.0],[88.249587,43.779412,0.0],[88.249873,43.779218,0.0],[88.250216,43.779291,0.0],[88.250196,43.779577,0.0],[88.249991,43.779846,0.0],[88.249897,43.779955,0.0],[88.249922,43.77999,0.0],[88.25008,43.780245,0.0],[88.250437,43.780389,0.0],[88.250585,43.780463,0.0],[88.250772,43.780379,0.0],[88.251198,43.780323,0.0],[88.251356,43.780321,0.0],[88.251629,43.780209,0.0],[88.251889,43.780054,0.0],[88.252203,43.779974,0.0],[88.252516,43.779875,0.0],[88.25283,43.779777,0.0],[88.25309,43.77964,0.0],[88.25335,43.779504,0.0],[88.253663,43.779367,0.0],[88.253976,43.77923,0.0],[88.254235,43.779075,0.0],[88.25443,43.778973,0.0],[88.254658,43.778943,0.0],[88.255082,43.778784,0.0],[88.255435,43.778625,0.0],[88.255788,43.778466,0.0],[88.256213,43.778358,0.0],[88.256639,43.778302,0.0],[88.257065,43.778246,0.0],[88.257419,43.778139,0.0],[88.257915,43.77803,0.0],[88.258269,43.777923,0.0],[88.258623,43.777816,0.0],[88.258975,43.777657,0.0],[88.2594,43.777549,0.0],[88.259825,43.777442,0.0],[88.260178,43.777283,0.0],[88.260532,43.777176,0.0],[88.260603,43.777133,0.0],[88.260691,43.777117,0.0],[88.260972,43.777051,0.0],[88.261169,43.777096,0.0],[88.261625,43.777091,0.0],[88.262233,43.777048,0.0],[88.262428,43.777017,0.0],[88.262808,43.777047,0.0],[88.263306,43.777042,0.0],[88.263732,43.776986,0.0],[88.26416,43.776981,0.0],[88.264587,43.776976,0.0],[88.265072,43.776971,0.0],[88.265325,43.777014,0.0],[88.265731,43.777046,0.0],[88.265911,43.77725,0.0],[88.266051,43.777294,0.0],[88.266367,43.777348,0.0],[88.266659,43.777459,0.0],[88.266951,43.777589,0.0],[88.267268,43.777624,0.0],[88.267584,43.777677,0.0],[88.2679,43.777693,0.0],[88.268215,43.77767,0.0],[88.268396,43.777478,0.0],[88.268364,43.777249,0.0],[88.268228,43.777041,0.0],[88.268145,43.776813,0.0],[88.267956,43.776606,0.0],[88.267863,43.776513,0.0],[88.267643,43.776327,0.0],[88.267434,43.776072,0.0],[88.267176,43.775854,0.0],[88.266968,43.775599,0.0],[88.26681,43.775307,0.0],[88.266702,43.774978,0.0],[88.266593,43.774648,0.0],[88.266554,43.774576,0.0],[88.266383,43.774482,0.0],[88.266201,43.774269,0.0],[88.266253,43.773911,0.0],[88.266246,43.773568,0.0],[88.266119,43.773184,0.0],[88.265837,43.772915,0.0],[88.265616,43.772718,0.0],[88.265668,43.772388,0.0],[88.265841,43.772158,0.0],[88.26602,43.772051,0.0],[88.265978,43.771937,0.0],[88.265921,43.771643,0.0],[88.265864,43.77135,0.0],[88.26596,43.771055,0.0],[88.266105,43.770759,0.0],[88.266251,43.770464,0.0],[88.266397,43.770168,0.0],[88.266391,43.769875,0.0],[88.266246,43.769832,0.0],[88.266084,43.769783,0.0],[88.266072,43.769736,0.0],[88.265853,43.769481,0.0],[88.265705,43.769224,0.0],[88.265557,43.768968,0.0],[88.265199,43.768869,0.0],[88.264701,43.768874,0.0],[88.264348,43.769033,0.0],[88.264211,43.769292,0.0],[88.264289,43.769601,0.0],[88.264508,43.769857,0.0],[88.264727,43.770112,0.0],[88.264753,43.770157,0.0],[88.264524,43.770299,0.0],[88.264327,43.770559,0.0],[88.264286,43.770602,0.0],[88.264238,43.770582,0.0],[88.26388,43.770483,0.0],[88.263591,43.77028,0.0],[88.263237,43.770387,0.0],[88.26281,43.770391,0.0],[88.262521,43.770188,0.0],[88.262444,43.769879,0.0],[88.262437,43.76957,0.0],[88.262791,43.769463,0.0],[88.26315,43.769614,0.0],[88.263439,43.769817,0.0],[88.263437,43.769714,0.0],[88.263574,43.769454,0.0],[88.263638,43.769144,0.0],[88.263632,43.768834,0.0],[88.263343,43.768631,0.0],[88.262916,43.768636,0.0],[88.26249,43.768692,0.0],[88.262063,43.768697,0.0],[88.261709,43.768804,0.0],[88.261355,43.768911,0.0],[88.261075,43.769121,0.0],[88.260867,43.769381,0.0],[88.260705,43.769497,0.0],[88.260405,43.769684,0.0],[88.260004,43.769908,0.0],[88.259652,43.770059,0.0],[88.259404,43.770319,0.0],[88.259156,43.770579,0.0],[88.259009,43.770838,0.0],[88.258863,43.771097,0.0],[88.258919,43.77139,0.0],[88.259327,43.771496,0.0],[88.259734,43.771565,0.0],[88.260031,43.771588,0.0],[88.260069,43.771738,0.0],[88.260104,43.771812,0.0],[88.260432,43.771932,0.0],[88.260909,43.772112,0.0],[88.261368,43.772364,0.0],[88.261749,43.772646,0.0],[88.261894,43.773016,0.0],[88.26218,43.773485,0.0],[88.262325,43.773783,0.0],[88.262626,43.774051,0.0],[88.262931,43.774491,0.0],[88.263292,43.774759,0.0],[88.263632,43.774955,0.0],[88.264011,43.775194,0.0],[88.264215,43.775478,0.0],[88.264196,43.775554,0.0],[88.264549,43.775736,0.0],[88.264284,43.775739,0.0],[88.263828,43.775744,0.0],[88.263422,43.775749,0.0],[88.263017,43.775753,0.0],[88.26251,43.775759,0.0],[88.262126,43.775763,0.0],[88.261833,43.775714,0.0],[88.261573,43.775545,0.0],[88.26156,43.775523,0.0],[88.261238,43.775553,0.0],[88.260832,43.775557,0.0],[88.260376,43.775562,0.0],[88.25997,43.775567,0.0],[88.259715,43.775569,0.0],[88.259711,43.775379,0.0],[88.259704,43.775069,0.0],[88.259769,43.774759,0.0],[88.25948,43.774556,0.0],[88.259053,43.774561,0.0],[88.258555,43.774566,0.0],[88.258196,43.774467,0.0],[88.257977,43.774211,0.0],[88.257971,43.773902,0.0],[88.257964,43.773592,0.0],[88.257606,43.773493,0.0],[88.257108,43.773498,0.0],[88.256682,43.773555,0.0],[88.256328,43.773662,0.0],[88.255974,43.773769,0.0],[88.25591,43.774079,0.0],[88.2562,43.774334,0.0],[88.25649,43.774589,0.0],[88.256568,43.774898,0.0],[88.25673,43.775125,0.0],[88.256311,43.775129,0.0],[88.255905,43.775134,0.0],[88.2555,43.775138,0.0],[88.255093,43.775069,0.0],[88.254585,43.775038,0.0],[88.254129,43.77508,0.0],[88.253674,43.775121,0.0],[88.253269,43.775126,0.0],[88.252942,43.775129,0.0],[88.252863,43.77513,0.0],[88.252459,43.775208,0.0],[88.251653,43.775438,0.0],[88.251353,43.775661,0.0],[88.251104,43.775884,0.0],[88.250804,43.776071,0.0],[88.250556,43.776331,0.0],[88.250256,43.776555,0.0],[88.250059,43.776814,0.0],[88.24986,43.776993,0.0],[88.249556,43.77704,0.0],[88.249204,43.777154,0.0],[88.248851,43.777268,0.0],[88.248604,43.777565,0.0],[88.248611,43.777896,0.0],[88.248819,43.77815,0.0],[88.249077,43.778368,0.0],[88.24929,43.778493,0.0],[88.249229,43.778635,0.0],[88.249149,43.778816,0.0],[88.249072,43.778824,0.0]],[[88.255844,43.776041,0.0],[88.255524,43.776044,0.0],[88.255305,43.775789,0.0],[88.255298,43.775479,0.0],[88.255724,43.775423,0.0],[88.256152,43.77547,0.0],[88.256281,43.775583,0.0],[88.25633,43.77558,0.0],[88.256595,43.77571,0.0],[88.256847,43.775813,0.0],[88.257017,43.775853,0.0],[88.256876,43.776029,0.0],[88.25674,43.77634,0.0],[88.256646,43.776459,0.0],[88.256387,43.776427,0.0],[88.256188,43.776363,0.0],[88.256067,43.776221,0.0],[88.255934,43.776147,0.0],[88.255853,43.776071,0.0],[88.255844,43.776041,0.0]]]}},{"type":"Feature","properties":{"rgi_id":"RGI2000-v7.0-G-13-41465","o1region":"13"},"geometry":{"type":"Polygon","coordinates":[[[88.236501,43.736926,0.0],[88.2365,43.736877,0.0],[88.236494,43.736583,0.0],[88.236488,43.736289,0.0],[88.236481,43.735946,0.0],[88.236475,43.735652,0.0],[88.236469,43.735359,0.0],[88.236463,43.735065,0.0],[88.236389,43.734772,0.0],[88.236181,43.73448,0.0],[88.235839,43.734288,0.0],[88.235434,43.734292,0.0],[88.234961,43.734297,0.0],[88.234627,43.734497,0.0],[88.234432,43.734842,0.0],[88.234303,43.735137,0.0],[88.234309,43.735431,0.0],[88.234316,43.735774,0.0],[88.234322,43.736068,0.0],[88.23426,43.736362,0.0],[88.234199,43.736657,0.0],[88.234205,43.736951,0.0],[88.234143,43.737245,0.0],[88.234149,43.737539,0.0],[88.234155,43.737833,0.0],[88.234161,43.738127,0.0],[88.234633,43.738073,0.0],[88.234829,43.737728,0.0],[88.234958,43.737432,0.0],[88.235087,43.737137,0.0],[88.235148,43.736842,0.0],[88.235346,43.736595,0.0],[88.235612,43.736397,0.0],[88.236501,43.736926,0.0]]]}},{"type":"Feature","properties":{"rgi_id":"RGI2000-v7.0-G-13-41466","o1region":"13"},"geometry":{"type":"Polygon","coordinates":[[[88.239584,43.733586,0.0],[88.239313,43.733188,0.0],[88.239095,43.732791,0.0],[88.238929,43.732373,0.0],[88.238817,43.732069,0.0],[88.23863,43.7319,0.0],[88.238341,43.731941,0.0],[88.238138,43.732286,0.0],[88.237801,43.7325,0.0],[88.237332,43.732714,0.0],[88.237018,43.732775,0.0],[88.236706,43.73295,0.0],[88.236498,43.733047,0.0],[88.236292,43.73324,0.0],[88.236296,43.733431,0.0],[88.236644,43.733751,0.0],[88.23681,43.73413,0.0],[88.23713,43.734394,0.0],[88.237501,43.734504,0.0],[88.237845,43.734653,0.0],[88.238191,43.734859,0.0],[88.238511,43.735046,0.0],[88.238985,43.735098,0.0],[88.2393,43.735075,0.0],[88.239587,43.734996,0.0],[88.239846,43.734803,0.0],[88.240079,43.734609,0.0],[88.240179,43.73438,0.0],[88.240173,43.734113,0.0],[88.240012,43.733943,0.0],[88.239826,43.733831,0.0],[88.239584,43.733586,0.0]]]}},{"type":"Feature","properties":{"rgi_id":"RGI2000-v7.0-G-13-41467","o1region":"13"},"geometry":{"type":"Polygon","coordinates":[[[88.228627,43.735436,0.0],[88.228786,43.735694,0.0],[88.228897,43.736017,0.0],[88.228904,43.73636,0.0],[88.228858,43.736684,0.0],[88.228573,43.736859,0.0],[88.228392,43.737013,0.0],[88.228318,43.737243,0.0],[88.228455,43.737527,0.0],[88.228773,43.737657,0.0],[88.229271,43.737595,0.0],[88.22982,43.737436,0.0],[88.229998,43.737129,0.0],[88.230385,43.736782,0.0],[88.230694,43.736474,0.0],[88.231134,43.736126,0.0],[88.231522,43.735817,0.0],[88.231646,43.735704,0.0],[88.231676,43.735557,0.0],[88.231874,43.73531,0.0],[88.23214,43.735111,0.0],[88.232406,43.734913,0.0],[88.232672,43.734714,0.0],[88.233075,43.734562,0.0],[88.233341,43.734364,0.0],[88.233538,43.734117,0.0],[88.2336,43.733822,0.0],[88.233661,43.733527,0.0],[88.233655,43.733234,0.0],[88.233717,43.732939,0.0],[88.233778,43.732644,0.0],[88.233772,43.732351,0.0],[88.233766,43.732057,0.0],[88.233625,43.731764,0.0],[88.233349,43.731473,0.0],[88.232985,43.73126,0.0],[88.23281,43.731524,0.0],[88.232499,43.731564,0.0],[88.232116,43.731294,0.0],[88.231682,43.730965,0.0],[88.231315,43.730707,0.0],[88.231014,43.730436,0.0],[88.230713,43.730177,0.0],[88.230693,43.73016,0.0],[88.230694,43.730213,0.0],[88.230583,43.730556,0.0],[88.23059,43.730897,0.0],[88.230597,43.731238,0.0],[88.230487,43.731581,0.0],[88.230376,43.731923,0.0],[88.230267,43.732351,0.0],[88.230156,43.732694,0.0],[88.229926,43.732952,0.0],[88.229816,43.733295,0.0],[88.229705,43.733637,0.0],[88.229475,43.733896,0.0],[88.229248,43.734325,0.0],[88.22902,43.734669,0.0],[88.22879,43.734927,0.0],[88.228681,43.735355,0.0],[88.228627,43.735436,0.0]]]}},{"type":"Feature","properties":{"rgi_id":"RGI2000-v7.0-G-13-41468","o1region":"13"},"geometry":{"type":"Polygon","coordinates":[[[88.228627,43.735436,0.0],[88.228681,43.735355,0.0],[88.22879,43.734927,0.0],[88.22902,43.734669,0.0],[88.229248,43.734325,0.0],[88.229475,43.733896,0.0],[88.229705,43.733637,0.0],[88.229816,43.733295,0.0],[88.229926,43.732952,0.0],[88.230156,43.732694,0.0],[88.230267,43.732351,0.0],[88.230376,43.731923,0.0],[88.230487,43.731581,0.0],[88.230597,43.731238,0.0],[88.23059,43.730897,0.0],[88.230583,43.730556,0.0],[88.230694,43.730213,0.0],[88.230693,43.73016,0.0],[88.230445,43.729942,0.0],[88.230195,43.729742,0.0],[88.229849,43.72971,0.0],[88.229573,43.729868,0.0],[88.229273,43.72999,0.0],[88.229098,43.730392,0.0],[88.228742,43.730987,0.0],[88.228327,43.731277,0.0],[88.228045,43.731623,0.0],[88.227683,43.731894,0.0],[88.227665,43.732314,0.0],[88.227356,43.732641,0.0],[88.226938,43.732722,0.0],[88.226335,43.732823,0.0],[88.226315,43.732837,0.0],[88.226355,43.733018,0.0],[88.226361,43.733312,0.0],[88.226367,43.733606,0.0],[88.226374,43.733949,0.0],[88.22638,43.734243,0.0],[88.226318,43.734537,0.0],[88.226273,43.734794,0.0],[88.226258,43.734881,0.0],[88.226264,43.735175,0.0],[88.22627,43.735468,0.0],[88.226343,43.735762,0.0],[88.226551,43.736004,0.0],[88.226955,43.735951,0.0],[88.22729,43.7358,0.0],[88.227691,43.7356,0.0],[88.228025,43.735401,0.0],[88.228359,43.735201,0.0],[88.228454,43.735158,0.0],[88.228486,43.735183,0.0],[88.228627,43.735436,0.0]]]}},{"type":"Feature","properties":{"rgi_id":"RGI2000-v7.0-G-13-41469","o1region":"13"},"geometry":{"type":"Polygon","coordinates":[[[88.224553,43.730782,0.0],[88.224895,43.730779,0.0],[88.22524,43.730775,0.0],[88.225585,43.730771,0.0],[88.225878,43.730661,0.0],[88.226172,43.730586,0.0],[88.226466,43.730476,0.0],[88.22676,43.730401,0.0],[88.227053,43.730291,0.0],[88.227397,43.730252,0.0],[88.227691,43.730177,0.0],[88.227985,43.730067,0.0],[88.228279,43.729992,0.0],[88.228472,43.729811,0.0],[88.228464,43.729418,0.0],[88.228316,43.729147,0.0],[88.228033,43.729179,0.0],[88.227628,43.729184,0.0],[88.22742,43.728941,0.0],[88.227279,43.728649,0.0],[88.227071,43.728406,0.0],[88.226799,43.728166,0.0],[88.226522,43.727971,0.0],[88.226115,43.727877,0.0],[88.22578,43.728028,0.0],[88.225514,43.728227,0.0],[88.225294,43.728433,0.0],[88.225046,43.728526,0.0],[88.224827,43.728608,0.0],[88.224441,43.728581,0.0],[88.2239,43.728587,0.0],[88.223635,43.728835,0.0],[88.223574,43.729129,0.0],[88.223581,43.729472,0.0],[88.223585,43.729682,0.0],[88.223589,43.729864,0.0],[88.223596,43.730207,0.0],[88.223601,43.730501,0.0],[88.223586,43.730536,0.0],[88.223472,43.730796,0.0],[88.223411,43.73109,0.0],[88.223282,43.731386,0.0],[88.22322,43.73168,0.0],[88.223226,43.731974,0.0],[88.223567,43.732117,0.0],[88.223764,43.73187,0.0],[88.223962,43.731623,0.0],[88.224159,43.731327,0.0],[88.224356,43.73108,0.0],[88.224553,43.730782,0.0]]]}},{"type":"Feature","properties":{"rgi_id":"RGI2000-v7.0-G-13-41470","o1region":"13"},"geometry":{"type":"Polygon","coordinates":[[[88.237897,43.826279,0.0],[88.238182,43.826187,0.0],[88.238168,43.825861,0.0],[88.23809,43.825552,0.0],[88.238083,43.825242,0.0],[88.238435,43.825032,0.0],[88.238861,43.824924,0.0],[88.239277,43.824877,0.0],[88.239233,43.824648,0.0],[88.238826,43.824579,0.0],[88.238534,43.824478,0.0],[88.23848,43.824279,0.0],[88.238178,43.824025,0.0],[88.237819,43.823843,0.0],[88.237402,43.823704,0.0],[88.237043,43.823626,0.0],[88.23703,43.823607,0.0],[88.236921,43.823277,0.0],[88.236564,43.823171,0.0],[88.236158,43.823175,0.0],[88.235752,43.823143,0.0],[88.235347,43.823221,0.0],[88.235047,43.823445,0.0],[88.234654,43.82352,0.0],[88.234242,43.823638,0.0],[88.233809,43.823743,0.0],[88.233397,43.823862,0.0],[88.23328,43.823904,0.0],[88.233261,43.823935,0.0],[88.233222,43.823978,0.0],[88.233138,43.824126,0.0],[88.23273,43.824241,0.0],[88.232325,43.824319,0.0],[88.231921,43.824397,0.0],[88.231568,43.824511,0.0],[88.231164,43.824589,0.0],[88.230759,43.824666,0.0],[88.230459,43.824853,0.0],[88.230414,43.825148,0.0],[88.230521,43.825441,0.0],[88.23073,43.825695,0.0],[88.231039,43.825913,0.0],[88.231447,43.826018,0.0],[88.231851,43.825941,0.0],[88.232204,43.825827,0.0],[88.232557,43.825713,0.0],[88.23291,43.825598,0.0],[88.233316,43.825631,0.0],[88.233775,43.825699,0.0],[88.233897,43.825687,0.0],[88.233928,43.825771,0.0],[88.234137,43.826063,0.0],[88.234495,43.826169,0.0],[88.2349,43.826165,0.0],[88.235306,43.826124,0.0],[88.235762,43.826119,0.0],[88.236169,43.826151,0.0],[88.236626,43.826183,0.0],[88.237034,43.826289,0.0],[88.237492,43.82632,0.0],[88.237897,43.826279,0.0]]]}},{"type":"Feature","properties":{"rgi_id":"RGI2000-v7.0-G-13-41471","o1region":"13"},"geometry":{"type":"Polygon","coordinates":[[[88.226033,43.828411,0.0],[88.226036,43.828571,0.0],[88.226044,43.828932,0.0],[88.22605,43.829242,0.0],[88.226056,43.829551,0.0],[88.226063,43.829861,0.0],[88.226068,43.830117,0.0],[88.226152,43.830117,0.0],[88.226509,43.830223,0.0],[88.226767,43.830441,0.0],[88.227026,43.830658,0.0],[88.227383,43.830765,0.0],[88.227838,43.830686,0.0],[88.228087,43.830463,0.0],[88.22808,43.830133,0.0],[88.228124,43.829801,0.0],[88.228529,43.829724,0.0],[88.228523,43.82943,0.0],[88.228164,43.82925,0.0],[88.227806,43.829144,0.0],[88.227348,43.829038,0.0],[88.227039,43.828858,0.0],[88.226781,43.82864,0.0],[88.226473,43.82846,0.0],[88.226066,43.828391,0.0],[88.226033,43.828411,0.0]]]}},{"type":"Feature","properties":{"rgi_id":"RGI2000-v7.0-G-13-41472","o1region":"13"},"geometry":{"type":"Polygon","coordinates":[[[88.226033,43.828411,0.0],[88.225765,43.828578,0.0],[88.225567,43.828837,0.0],[88.225549,43.82896,0.0],[88.225519,43.828948,0.0],[88.225161,43.828805,0.0],[88.224754,43.828772,0.0],[88.224247,43.828814,0.0],[88.223896,43.829002,0.0],[88.223698,43.829261,0.0],[88.223449,43.829484,0.0],[88.223302,43.829743,0.0],[88.223261,43.830016,0.0],[88.222915,43.830223,0.0],[88.222524,43.830413,0.0],[88.222132,43.83056,0.0],[88.221779,43.830649,0.0],[88.221626,43.830796,0.0],[88.221738,43.830991,0.0],[88.221816,43.8313,0.0],[88.221823,43.831661,0.0],[88.221829,43.83197,0.0],[88.221836,43.832312,0.0],[88.222116,43.832675,0.0],[88.222531,43.832685,0.0],[88.222847,43.832696,0.0],[88.223022,43.832551,0.0],[88.223235,43.832349,0.0],[88.223489,43.832203,0.0],[88.223923,43.832198,0.0],[88.224337,43.83218,0.0],[88.224852,43.832231,0.0],[88.225277,43.832329,0.0],[88.225483,43.832144,0.0],[88.22568,43.831885,0.0],[88.225725,43.831591,0.0],[88.22577,43.831296,0.0],[88.225764,43.831002,0.0],[88.225707,43.830709,0.0],[88.225701,43.830415,0.0],[88.225746,43.830121,0.0],[88.226068,43.830117,0.0],[88.226063,43.829861,0.0],[88.226056,43.829551,0.0],[88.22605,43.829242,0.0],[88.226044,43.828932,0.0],[88.226036,43.828571,0.0],[88.226033,43.828411,0.0]]]}},{"type":"Feature","properties":{"rgi_id":"RGI2000-v7.0-G-13-41473","o1region":"13"},"geometry":{"type":"Polygon","coordinates":[[[88.265391,43.835724,0.0],[88.26539,43.835676,0.0],[88.265655,43.835428,0.0],[88.26592,43.835131,0.0],[88.266116,43.834835,0.0],[88.266245,43.834539,0.0],[88.266375,43.834244,0.0],[88.266504,43.833949,0.0],[88.266633,43.833653,0.0],[88.266831,43.833406,0.0],[88.26696,43.833111,0.0],[88.266553,43.833066,0.0],[88.266081,43.83317,0.0],[88.265815,43.833369,0.0],[88.265411,43.833471,0.0],[88.265213,43.833718,0.0],[88.265084,43.834013,0.0],[88.265023,43.834308,0.0],[88.264962,43.834652,0.0],[88.264901,43.834946,0.0],[88.264907,43.83524,0.0],[88.265391,43.835724,0.0]]]}},{"type":"Feature","properties":{"rgi_id":"RGI2000-v7.0-G-13-41474","o1region":"13"},"geometry":{"type":"Polygon","coordinates":[[[88.275201,43.829247,0.0],[88.274795,43.829252,0.0],[88.274391,43.829354,0.0],[88.274193,43.829602,0.0],[88.273927,43.8298,0.0],[88.273593,43.83,0.0],[88.273189,43.830103,0.0],[88.272854,43.830253,0.0],[88.272383,43.830405,0.0],[88.271912,43.830509,0.0],[88.271508,43.830611,0.0],[88.271104,43.830714,0.0],[88.2707,43.830816,0.0],[88.270365,43.830967,0.0],[88.270031,43.831166,0.0],[88.269833,43.831414,0.0],[88.269819,43.831431,0.0],[88.269518,43.831507,0.0],[88.269204,43.831587,0.0],[88.268916,43.831686,0.0],[88.268728,43.83175,0.0],[88.268694,43.831916,0.0],[88.2687,43.83221,0.0],[88.268706,43.832504,0.0],[88.26878,43.832797,0.0],[88.268919,43.833084,0.0],[88.269068,43.833125,0.0],[88.26936,43.833237,0.0],[88.269628,43.833443,0.0],[88.27008,43.833629,0.0],[88.270506,43.833891,0.0],[88.27088,43.834134,0.0],[88.271123,43.834418,0.0],[88.27121,43.834779,0.0],[88.271162,43.835008,0.0],[88.270874,43.835068,0.0],[88.27061,43.835071,0.0],[88.270425,43.835016,0.0],[88.270137,43.834899,0.0],[88.270046,43.835036,0.0],[88.269848,43.835283,0.0],[88.269582,43.835531,0.0],[88.269316,43.83573,0.0],[88.268982,43.83593,0.0],[88.268579,43.836081,0.0],[88.268436,43.836166,0.0],[88.268416,43.836191,0.0],[88.268457,43.836596,0.0],[88.268631,43.836999,0.0],[88.268932,43.837234,0.0],[88.269562,43.837489,0.0],[88.270092,43.83765,0.0],[88.270624,43.837882,0.0],[88.271218,43.837947,0.0],[88.271971,43.837748,0.0],[88.2721,43.837738,0.0],[88.275169,43.835912,0.0],[88.275268,43.835731,0.0],[88.275395,43.83552,0.0],[88.275575,43.835328,0.0],[88.275703,43.835117,0.0],[88.275803,43.834887,0.0],[88.275903,43.834657,0.0],[88.275977,43.834409,0.0],[88.276077,43.83416,0.0],[88.276204,43.83393,0.0],[88.276278,43.8337,0.0],[88.276485,43.833526,0.0],[88.276535,43.833411,0.0],[88.276766,43.833324,0.0],[88.276779,43.833287,0.0],[88.27687,43.832905,0.0],[88.277322,43.832519,0.0],[88.277678,43.832205,0.0],[88.2779,43.831845,0.0],[88.278185,43.83189,0.0],[88.27821,43.831794,0.0],[88.27821148334688,43.83178813809911,0.0],[88.278211,43.831788,0.0],[88.278293,43.831466,0.0],[88.278286,43.83114,0.0],[88.278279,43.830813,0.0],[88.278093,43.830554,0.0],[88.277817,43.830296,0.0],[88.277542,43.830103,0.0],[88.277267,43.82991,0.0],[88.276813,43.829785,0.0],[88.27636,43.829659,0.0],[88.276085,43.829466,0.0],[88.275626,43.829339,0.0],[88.275201,43.829247,0.0]]]}},{"type":"Feature","properties":{"rgi_id":"RGI2000-v7.0-G-13-41475","o1region":"13"},"geometry":{"type":"Polygon","coordinates":[[[88.278211,43.831788,0.0],[88.278274,43.831806,0.0],[88.278564,43.832009,0.0],[88.278923,43.83216,0.0],[88.279001,43.832468,0.0],[88.27922,43.832724,0.0],[88.279368,43.83298,0.0],[88.279519,43.83334,0.0],[88.279556,43.833428,0.0],[88.279893,43.833506,0.0],[88.280009,43.833504,0.0],[88.280142,43.833583,0.0],[88.280605,43.833697,0.0],[88.281165,43.833691,0.0],[88.28153,43.833496,0.0],[88.281515,43.833438,0.0],[88.281374,43.833146,0.0],[88.281367,43.832852,0.0],[88.281294,43.832559,0.0],[88.281287,43.832265,0.0],[88.281281,43.831972,0.0],[88.281275,43.831678,0.0],[88.281268,43.831384,0.0],[88.281127,43.831092,0.0],[88.280985,43.830799,0.0],[88.280844,43.830507,0.0],[88.280702,43.830215,0.0],[88.280427,43.830022,0.0],[88.280219,43.829779,0.0],[88.27981,43.829637,0.0],[88.279401,43.829494,0.0],[88.278925,43.829402,0.0],[88.278506,43.829277,0.0],[88.278209,43.829364,0.0],[88.277938,43.829441,0.0],[88.277774,43.829631,0.0],[88.277439,43.829513,0.0],[88.277255,43.829351,0.0],[88.276661,43.829286,0.0],[88.276118,43.829261,0.0],[88.275626,43.829339,0.0],[88.276085,43.829466,0.0],[88.27636,43.829659,0.0],[88.276813,43.829785,0.0],[88.277267,43.82991,0.0],[88.277542,43.830103,0.0],[88.277817,43.830296,0.0],[88.278093,43.830554,0.0],[88.278279,43.830813,0.0],[88.278286,43.83114,0.0],[88.278293,43.831466,0.0],[88.278211,43.831788,0.0]]]}},{"type":"Feature","properties":{"rgi_id":"RGI2000-v7.0-G-13-41476","o1region":"13"},"geometry":{"type":"Polygon","coordinates":[[[88.267843,43.846082,0.0],[88.26785,43.846376,0.0],[88.267856,43.84667,0.0],[88.26793,43.846963,0.0],[88.268004,43.847256,0.0],[88.269762,43.847187,0.0],[88.269761,43.847138,0.0],[88.26989,43.846843,0.0],[88.26995,43.846499,0.0],[88.269944,43.846206,0.0],[88.269808,43.845986,0.0],[88.26938,43.845991,0.0],[88.268953,43.845995,0.0],[88.268525,43.846,0.0],[88.268167,43.845901,0.0],[88.267843,43.846082,0.0]]]}},{"type":"Feature","properties":{"rgi_id":"RGI2000-v7.0-G-13-41477","o1region":"13"},"geometry":{"type":"Polygon","coordinates":[[[88.266684,43.845654,0.0],[88.266548,43.845656,0.0],[88.266207,43.845512,0.0],[88.265865,43.845369,0.0],[88.265524,43.845226,0.0],[88.265181,43.845034,0.0],[88.264774,43.844989,0.0],[88.264367,43.844945,0.0],[88.263959,43.844851,0.0],[88.263685,43.844659,0.0],[88.263476,43.844416,0.0],[88.263135,43.844273,0.0],[88.262794,43.84413,0.0],[88.262319,43.844086,0.0],[88.261913,43.84409,0.0],[88.261578,43.844241,0.0],[88.261242,43.844392,0.0],[88.260976,43.84459,0.0],[88.260914,43.844885,0.0],[88.260853,43.84518,0.0],[88.261128,43.845373,0.0],[88.261536,43.845466,0.0],[88.262013,43.845608,0.0],[88.262287,43.845801,0.0],[88.262696,43.845943,0.0],[88.263101,43.84589,0.0],[88.263507,43.845885,0.0],[88.263716,43.846128,0.0],[88.263925,43.846419,0.0],[88.2642,43.846612,0.0],[88.264608,43.846706,0.0],[88.265014,43.846701,0.0],[88.26542,43.846697,0.0],[88.265825,43.846643,0.0],[88.266229,43.846541,0.0],[88.266564,43.84639,0.0],[88.266684,43.845654,0.0]]]}},{"type":"Feature","properties":{"rgi_id":"RGI2000-v7.0-G-13-41478","o1region":"13"},"geometry":{"type":"Polygon","coordinates":[[[88.252846,43.85619,0.0],[88.252702,43.85592,0.0],[88.252481,43.855722,0.0],[88.252123,43.855626,0.0],[88.25169,43.855702,0.0],[88.251458,43.855934,0.0],[88.251224,43.856093,0.0],[88.250872,43.856226,0.0],[88.250516,43.85623,0.0],[88.25022,43.856233,0.0],[88.249984,43.856293,0.0],[88.249869,43.856451,0.0],[88.249813,43.856609,0.0],[88.249896,43.856794,0.0],[88.250116,43.856949,0.0],[88.250376,43.857089,0.0],[88.250675,43.857229,0.0],[88.250896,43.857369,0.0],[88.251193,43.857423,0.0],[88.25147,43.857463,0.0],[88.251806,43.857473,0.0],[88.252104,43.857527,0.0],[88.252439,43.857495,0.0],[88.252733,43.857378,0.0],[88.252986,43.857218,0.0],[88.25322,43.857043,0.0],[88.253353,43.856828,0.0],[88.253368,43.856584,0.0],[88.253107,43.856373,0.0],[88.253107,43.856402,0.0],[88.252846,43.85619,0.0]]]}},{"type":"Feature","properties":{"rgi_id":"RGI2000-v7.0-G-13-41479","o1region":"13"},"geometry":{"type":"Polygon","coordinates":[[[88.290724,43.86822,0.0],[88.290649,43.868579,0.0],[88.290658,43.868966,0.0],[88.290912,43.86932,0.0],[88.290978,43.869362,0.0],[88.291312,43.869112,0.0],[88.291579,43.868913,0.0],[88.291913,43.868713,0.0],[88.292247,43.868514,0.0],[88.292654,43.868509,0.0],[88.292862,43.868752,0.0],[88.293004,43.869044,0.0],[88.293279,43.869237,0.0],[88.293487,43.869479,0.0],[88.293629,43.869772,0.0],[88.29397,43.869915,0.0],[88.294312,43.870058,0.0],[88.294721,43.8702,0.0],[88.295129,43.870245,0.0],[88.295537,43.870338,0.0],[88.295904,43.870509,0.0],[88.296041,43.870453,0.0],[88.296405,43.870181,0.0],[88.296687,43.86988,0.0],[88.296739,43.869761,0.0],[88.296946,43.869734,0.0],[88.29735,43.869632,0.0],[88.297754,43.869529,0.0],[88.297815,43.869234,0.0],[88.297472,43.869042,0.0],[88.296995,43.868901,0.0],[88.296732,43.86885,0.0],[88.296704,43.868778,0.0],[88.296608,43.868124,0.0],[88.296151,43.867951,0.0],[88.295952,43.867893,0.0],[88.296089,43.867687,0.0],[88.29615,43.867392,0.0],[88.295809,43.867249,0.0],[88.295405,43.867351,0.0],[88.295001,43.867454,0.0],[88.294527,43.867459,0.0],[88.2942,43.867502,0.0],[88.294122,43.867513,0.0],[88.293719,43.867664,0.0],[88.293313,43.867669,0.0],[88.292905,43.867625,0.0],[88.29263,43.867432,0.0],[88.292289,43.867289,0.0],[88.292155,43.867195,0.0],[88.292014,43.867096,0.0],[88.291805,43.866853,0.0],[88.291398,43.866809,0.0],[88.290923,43.866765,0.0],[88.290518,43.866819,0.0],[88.29032,43.867066,0.0],[88.290462,43.867358,0.0],[88.290605,43.8677,0.0],[88.290814,43.867991,0.0],[88.290845,43.868054,0.0],[88.290724,43.86822,0.0]]]}},{"type":"Feature","properties":{"rgi_id":"RGI2000-v7.0-G-13-41480","o1region":"13"},"geometry":{"type":"Polygon","coordinates":[[[88.304084,43.870458,0.0],[88.303528,43.870364,0.0],[88.303131,43.870269,0.0],[88.302735,43.870231,0.0],[88.302221,43.870222,0.0],[88.301808,43.870313,0.0],[88.301514,43.870416,0.0],[88.30118,43.870505,0.0],[88.300944,43.870537,0.0],[88.300772,43.870796,0.0],[88.300835,43.870981,0.0],[88.300859,43.871181,0.0],[88.300684,43.871312,0.0],[88.30031,43.871359,0.0],[88.299975,43.871434,0.0],[88.299722,43.871594,0.0],[88.299668,43.871838,0.0],[88.299375,43.871998,0.0],[88.299261,43.872214,0.0],[88.299049,43.872459,0.0],[88.299211,43.872643,0.0],[88.299373,43.872813,0.0],[88.299554,43.87294,0.0],[88.299675,43.873081,0.0],[88.299923,43.873277,0.0],[88.300193,43.873541,0.0],[88.300456,43.873843,0.0],[88.300737,43.874026,0.0],[88.300978,43.874209,0.0],[88.30112,43.874393,0.0],[88.301322,43.874619,0.0],[88.301407,43.874876,0.0],[88.30161,43.875102,0.0],[88.301894,43.875442,0.0],[88.30202,43.875812,0.0],[88.302107,43.876154,0.0],[88.302271,43.876452,0.0],[88.302454,43.876665,0.0],[88.302654,43.876805,0.0],[88.302977,43.877116,0.0],[88.303198,43.877285,0.0],[88.303518,43.877424,0.0],[88.303857,43.877592,0.0],[88.304175,43.877688,0.0],[88.304571,43.877727,0.0],[88.304887,43.877695,0.0],[88.30509,43.877666,0.0],[88.305108,43.877626,0.0],[88.305237,43.87733,0.0],[88.305366,43.877035,0.0],[88.305427,43.87674,0.0],[88.305488,43.876446,0.0],[88.305617,43.87615,0.0],[88.305611,43.875856,0.0],[88.30574,43.875561,0.0],[88.305869,43.875266,0.0],[88.305861,43.874923,0.0],[88.305923,43.874628,0.0],[88.306052,43.874333,0.0],[88.30618,43.873989,0.0],[88.306241,43.873694,0.0],[88.30637,43.873399,0.0],[88.306568,43.873151,0.0],[88.306829,43.872708,0.0],[88.306994,43.872553,0.0],[88.306991,43.872397,0.0],[88.306964,43.872069,0.0],[88.306859,43.871813,0.0],[88.306754,43.871485,0.0],[88.306718,43.87139,0.0],[88.306596,43.871339,0.0],[88.306254,43.871196,0.0],[88.305912,43.871053,0.0],[88.305503,43.87091,0.0],[88.305161,43.870767,0.0],[88.304684,43.870626,0.0],[88.304275,43.870483,0.0],[88.304172,43.87046,0.0],[88.304084,43.870458,0.0]]]}},{"type":"Feature","properties":{"rgi_id":"RGI2000-v7.0-G-13-41481","o1region":"13"},"geometry":{"type":"Polygon","coordinates":[[[88.292194,43.879129,0.0],[88.292014,43.879031,0.0],[88.291814,43.878933,0.0],[88.29142,43.878981,0.0],[88.291105,43.879027,0.0],[88.290772,43.879159,0.0],[88.290419,43.879264,0.0],[88.290107,43.879467,0.0],[88.289877,43.879535,0.0],[88.289655,43.879601,0.0],[88.289483,43.879713,0.0],[88.289343,43.879805,0.0],[88.289099,43.879913,0.0],[88.288913,43.879995,0.0],[88.288779,43.880197,0.0],[88.28892,43.880352,0.0],[88.28916,43.880478,0.0],[88.289458,43.880546,0.0],[88.289737,43.880643,0.0],[88.289869,43.880777,0.0],[88.289959,43.88087,0.0],[88.290063,43.881032,0.0],[88.290123,43.881125,0.0],[88.290343,43.881251,0.0],[88.290621,43.881334,0.0],[88.290818,43.881338,0.0],[88.291056,43.881343,0.0],[88.291297,43.881498,0.0],[88.291242,43.881727,0.0],[88.291226,43.881884,0.0],[88.291348,43.882026,0.0],[88.291496,43.882106,0.0],[88.291608,43.882166,0.0],[88.291769,43.882321,0.0],[88.291918,43.882434,0.0],[88.29203,43.882518,0.0],[88.29227,43.882644,0.0],[88.292425,43.882709,0.0],[88.292569,43.88277,0.0],[88.292789,43.882896,0.0],[88.293106,43.882907,0.0],[88.293402,43.882889,0.0],[88.293545,43.882851,0.0],[88.293736,43.882799,0.0],[88.29395,43.882668,0.0],[88.294183,43.88248,0.0],[88.294217,43.882222,0.0],[88.294134,43.882037,0.0],[88.293914,43.881897,0.0],[88.29381,43.881684,0.0],[88.293746,43.881441,0.0],[88.293631,43.88135,0.0],[88.293444,43.881202,0.0],[88.293416,43.881099,0.0],[88.293358,43.880888,0.0],[88.293389,43.880729,0.0],[88.293429,43.880516,0.0],[88.293482,43.880396,0.0],[88.293561,43.880214,0.0],[88.293586,43.880073,0.0],[88.293614,43.879913,0.0],[88.293562,43.879801,0.0],[88.293469,43.879601,0.0],[88.293312,43.879544,0.0],[88.293051,43.879448,0.0],[88.292904,43.87937,0.0],[88.292711,43.879266,0.0],[88.292502,43.879211,0.0],[88.292194,43.879129,0.0]]]}},{"type":"Feature","properties":{"rgi_id":"RGI2000-v7.0-G-13-41482","o1region":"13"},"geometry":{"type":"Polygon","coordinates":[[[88.309065,43.848346,0.0],[88.309166,43.848281,0.0],[88.309084,43.848112,0.0],[88.308821,43.84802,0.0],[88.30853,43.847816,0.0],[88.308444,43.847458,0.0],[88.308205,43.847253,0.0],[88.307785,43.847145,0.0],[88.307158,43.847114,0.0],[88.306606,43.846894,0.0],[88.306082,43.846768,0.0],[88.305583,43.846623,0.0],[88.304852,43.846612,0.0],[88.304174,43.846601,0.0],[88.303807,43.84653,0.0],[88.303392,43.846648,0.0],[88.303188,43.84682,0.0],[88.302903,43.846936,0.0],[88.302357,43.846999,0.0],[88.301892,43.847212,0.0],[88.301557,43.847386,0.0],[88.301329,43.847728,0.0],[88.301099,43.847939,0.0],[88.30087,43.848187,0.0],[88.30059,43.848492,0.0],[88.300336,43.848816,0.0],[88.300108,43.84912,0.0],[88.299827,43.849425,0.0],[88.299468,43.849694,0.0],[88.299265,43.849941,0.0],[88.299167,43.850244,0.0],[88.299042,43.85051,0.0],[88.299126,43.850736,0.0],[88.299234,43.850942,0.0],[88.299109,43.851151,0.0],[88.298799,43.851325,0.0],[88.298724,43.851476,0.0],[88.298911,43.851644,0.0],[88.298993,43.851832,0.0],[88.29923,43.851943,0.0],[88.299313,43.852149,0.0],[88.299135,43.852359,0.0],[88.298903,43.852513,0.0],[88.298907,43.852682,0.0],[88.298989,43.852851,0.0],[88.299251,43.852886,0.0],[88.299566,43.852996,0.0],[88.299805,43.853201,0.0],[88.299992,43.853387,0.0],[88.300103,43.853707,0.0],[88.300314,43.853799,0.0],[88.300423,43.854024,0.0],[88.300298,43.854252,0.0],[88.300117,43.854368,0.0],[88.299858,43.854446,0.0],[88.299783,43.854579,0.0],[88.299812,43.85473,0.0],[88.299945,43.854841,0.0],[88.30013,43.854953,0.0],[88.300369,43.85512,0.0],[88.300608,43.855325,0.0],[88.300845,43.855454,0.0],[88.300942,43.855476,0.0],[88.301126,43.855702,0.0],[88.301335,43.855956,0.0],[88.301594,43.856211,0.0],[88.301854,43.856465,0.0],[88.302211,43.856571,0.0],[88.302617,43.856566,0.0],[88.302918,43.856379,0.0],[88.303115,43.85612,0.0],[88.303364,43.85586,0.0],[88.303664,43.855673,0.0],[88.303759,43.855378,0.0],[88.303757,43.855357,0.0],[88.303813,43.855194,0.0],[88.303833,43.854891,0.0],[88.303854,43.854665,0.0],[88.304029,43.854304,0.0],[88.304358,43.853866,0.0],[88.304508,43.853544,0.0],[88.304736,43.853239,0.0],[88.304966,43.853029,0.0],[88.305325,43.852741,0.0],[88.305658,43.852454,0.0],[88.306094,43.85211,0.0],[88.30661,43.851858,0.0],[88.306995,43.851571,0.0],[88.307615,43.8513,0.0],[88.308129,43.850954,0.0],[88.308459,43.850554,0.0],[88.308604,43.850005,0.0],[88.30873,43.849796,0.0],[88.30883,43.849606,0.0],[88.308806,43.849502,0.0],[88.30906,43.849365,0.0],[88.309309,43.849142,0.0],[88.309252,43.848849,0.0],[88.309195,43.848556,0.0],[88.309065,43.848346,0.0]]]}},{"type":"Feature","properties":{"rgi_id":"RGI2000-v7.0-G-13-41483","o1region":"13"},"geometry":{"type":"Polygon","coordinates":[[[88.319306,43.84754,0.0],[88.319283,43.847275,0.0],[88.319262,43.847225,0.0],[88.319467,43.847041,0.0],[88.319766,43.846818,0.0],[88.319964,43.846558,0.0],[88.319957,43.846264,0.0],[88.319798,43.845972,0.0],[88.319392,43.84594,0.0],[88.318985,43.845908,0.0],[88.318625,43.845729,0.0],[88.318367,43.845511,0.0],[88.317911,43.845553,0.0],[88.317507,43.845668,0.0],[88.317105,43.84582,0.0],[88.316753,43.846007,0.0],[88.316422,43.846184,0.0],[88.31613,43.846221,0.0],[88.315822,43.846437,0.0],[88.315669,43.84658,0.0],[88.315634,43.846793,0.0],[88.315635,43.84683,0.0],[88.315504,43.846903,0.0],[88.315204,43.847091,0.0],[88.314853,43.847315,0.0],[88.314656,43.847575,0.0],[88.314662,43.847868,0.0],[88.314618,43.848163,0.0],[88.314624,43.848457,0.0],[88.314631,43.84875,0.0],[88.314638,43.849081,0.0],[88.314746,43.849374,0.0],[88.314854,43.849666,0.0],[88.315113,43.84992,0.0],[88.315243,43.850078,0.0],[88.315173,43.850324,0.0],[88.315129,43.850618,0.0],[88.315034,43.850913,0.0],[88.314887,43.851172,0.0],[88.314894,43.851466,0.0],[88.315002,43.851759,0.0],[88.315159,43.852014,0.0],[88.315217,43.852307,0.0],[88.315274,43.852601,0.0],[88.315383,43.85293,0.0],[88.315491,43.853223,0.0],[88.315599,43.853515,0.0],[88.315757,43.853807,0.0],[88.31611,43.853693,0.0],[88.316213,43.853511,0.0],[88.31631,43.85351,0.0],[88.316522,43.85338,0.0],[88.316732,43.853109,0.0],[88.316824,43.852867,0.0],[88.3168,43.852641,0.0],[88.316834,43.852414,0.0],[88.31681,43.852216,0.0],[88.317001,43.852015,0.0],[88.317075,43.851845,0.0],[88.317168,43.851617,0.0],[88.317361,43.851473,0.0],[88.31771,43.851342,0.0],[88.317864,43.851213,0.0],[88.318056,43.851069,0.0],[88.318271,43.851052,0.0],[88.318403,43.851082,0.0],[88.318434,43.850874,0.0],[88.318529,43.850579,0.0],[88.318573,43.850248,0.0],[88.318566,43.849954,0.0],[88.31861,43.849623,0.0],[88.318654,43.849329,0.0],[88.318648,43.849035,0.0],[88.318794,43.848776,0.0],[88.318889,43.848481,0.0],[88.318984,43.848186,0.0],[88.31913,43.84789,0.0],[88.319276,43.847595,0.0],[88.319306,43.84754,0.0]]]}},{"type":"Feature","properties":{"rgi_id":"RGI2000-v7.0-G-13-41484","o1region":"13"},"geometry":{"type":"Polygon","coordinates":[[[88.319306,43.84754,0.0],[88.319276,43.847595,0.0],[88.31913,43.84789,0.0],[88.318984,43.848186,0.0],[88.318889,43.848481,0.0],[88.318794,43.848776,0.0],[88.318648,43.849035,0.0],[88.318654,43.849329,0.0],[88.31861,43.849623,0.0],[88.318566,43.849954,0.0],[88.318573,43.850248,0.0],[88.318529,43.850579,0.0],[88.318434,43.850874,0.0],[88.318403,43.851082,0.0],[88.318507,43.851106,0.0],[88.318646,43.85119,0.0],[88.318845,43.851371,0.0],[88.319122,43.851496,0.0],[88.319361,43.851705,0.0],[88.319641,43.851985,0.0],[88.319834,43.852201,0.0],[88.319839,43.852438,0.0],[88.319947,43.85273,0.0],[88.320006,43.853097,0.0],[88.320215,43.853352,0.0],[88.320573,43.853495,0.0],[88.321032,43.853563,0.0],[88.321439,43.853631,0.0],[88.321537,43.853676,0.0],[88.321951,43.853799,0.0],[88.322284,43.853823,0.0],[88.322557,43.853778,0.0],[88.322808,43.853633,0.0],[88.323097,43.853432,0.0],[88.323288,43.853231,0.0],[88.323461,43.853116,0.0],[88.323573,43.852846,0.0],[88.323684,43.852547,0.0],[88.323815,43.852277,0.0],[88.323846,43.851936,0.0],[88.323839,43.851913,0.0],[88.323985,43.851655,0.0],[88.324131,43.851359,0.0],[88.324379,43.851099,0.0],[88.324423,43.850805,0.0],[88.324467,43.85051,0.0],[88.324562,43.850215,0.0],[88.324709,43.849957,0.0],[88.324906,43.849697,0.0],[88.32495,43.849366,0.0],[88.324892,43.849073,0.0],[88.324784,43.84878,0.0],[88.324676,43.848487,0.0],[88.324468,43.848233,0.0],[88.324108,43.848053,0.0],[88.3239,43.847798,0.0],[88.323944,43.847504,0.0],[88.323937,43.84721,0.0],[88.323829,43.846918,0.0],[88.323571,43.8467,0.0],[88.323212,43.846557,0.0],[88.322854,43.846414,0.0],[88.322645,43.84616,0.0],[88.322287,43.846017,0.0],[88.321879,43.845948,0.0],[88.321784,43.845967,0.0],[88.321659,43.845759,0.0],[88.321571,43.845768,0.0],[88.321213,43.845662,0.0],[88.320804,43.84552,0.0],[88.320723,43.845492,0.0],[88.320502,43.845633,0.0],[88.320355,43.845892,0.0],[88.320361,43.846186,0.0],[88.320469,43.846479,0.0],[88.320728,43.846696,0.0],[88.320784,43.846729,0.0],[88.320582,43.846992,0.0],[88.320234,43.84729,0.0],[88.319933,43.847477,0.0],[88.319581,43.847628,0.0],[88.319387,43.847732,0.0],[88.319309,43.847572,0.0],[88.319306,43.84754,0.0]]]}},{"type":"Feature","properties":{"rgi_id":"RGI2000-v7.0-G-13-41485","o1region":"13"},"geometry":{"type":"Polygon","coordinates":[[[88.33653,43.855139,0.0],[88.336852,43.855103,0.0],[88.337279,43.855173,0.0],[88.337705,43.855168,0.0],[88.338041,43.855121,0.0],[88.338349,43.855128,0.0],[88.338435,43.855112,0.0],[88.338448,43.855088,0.0],[88.338621,43.85476,0.0],[88.338614,43.854433,0.0],[88.338697,43.854106,0.0],[88.338599,43.85378,0.0],[88.338324,43.853587,0.0],[88.338138,43.853328,0.0],[88.337863,43.853136,0.0],[88.337749,43.852978,0.0],[88.337462,43.852856,0.0],[88.337093,43.852754,0.0],[88.336679,43.852589,0.0],[88.336439,43.85239,0.0],[88.336229,43.852148,0.0],[88.336162,43.851809,0.0],[88.336139,43.851417,0.0],[88.336235,43.85114,0.0],[88.336329,43.850724,0.0],[88.336277,43.850375,0.0],[88.336138,43.850058,0.0],[88.336059,43.849793,0.0],[88.336048,43.849305,0.0],[88.336204,43.849059,0.0],[88.336403,43.848802,0.0],[88.336677,43.848554,0.0],[88.337065,43.848221,0.0],[88.337454,43.847908,0.0],[88.337874,43.847659,0.0],[88.338296,43.847495,0.0],[88.338865,43.847361,0.0],[88.339375,43.847206,0.0],[88.339887,43.847136,0.0],[88.34053,43.847001,0.0],[88.341203,43.84693,0.0],[88.341672,43.846924,0.0],[88.342156,43.846908,0.0],[88.342668,43.846838,0.0],[88.34305,43.846855,0.0],[88.343287,43.846958,0.0],[88.343641,43.84705,0.0],[88.343965,43.84712,0.0],[88.344305,43.847201,0.0],[88.344701,43.847218,0.0],[88.345084,43.847277,0.0],[88.345525,43.847336,0.0],[88.345864,43.847395,0.0],[88.346333,43.847379,0.0],[88.346785,43.847257,0.0],[88.347193,43.847104,0.0],[88.347568,43.846844,0.0],[88.34787,43.846543,0.0],[88.348127,43.846243,0.0],[88.348266,43.845904,0.0],[88.348438,43.845827,0.0],[88.348704,43.845628,0.0],[88.348787,43.8453,0.0],[88.34869,43.844975,0.0],[88.348324,43.844783,0.0],[88.348049,43.844591,0.0],[88.347594,43.8444,0.0],[88.347229,43.844208,0.0],[88.346953,43.844016,0.0],[88.346808,43.84388,0.0],[88.346856,43.84369,0.0],[88.346849,43.843364,0.0],[88.34693,43.842971,0.0],[88.347013,43.842643,0.0],[88.346915,43.842318,0.0],[88.346727,43.841994,0.0],[88.34663,43.841668,0.0],[88.346537,43.841539,0.0],[88.34662,43.841211,0.0],[88.346794,43.840948,0.0],[88.346969,43.840685,0.0],[88.346961,43.840358,0.0],[88.346864,43.840033,0.0],[88.346678,43.839774,0.0],[88.346491,43.839515,0.0],[88.346216,43.839322,0.0],[88.345941,43.839129,0.0],[88.345576,43.838938,0.0],[88.345211,43.838746,0.0],[88.344936,43.838553,0.0],[88.344661,43.838361,0.0],[88.344295,43.838169,0.0],[88.343932,43.838043,0.0],[88.343479,43.837983,0.0],[88.343121,43.838117,0.0],[88.342855,43.838316,0.0],[88.342497,43.838451,0.0],[88.342231,43.83865,0.0],[88.341965,43.838849,0.0],[88.341521,43.839181,0.0],[88.341256,43.839446,0.0],[88.34099,43.839645,0.0],[88.340725,43.839909,0.0],[88.34046,43.840173,0.0],[88.340194,43.840372,0.0],[88.339929,43.840637,0.0],[88.339663,43.840836,0.0],[88.339616,43.841022,0.0],[88.339407,43.841075,0.0],[88.339136,43.841241,0.0],[88.339117,43.841513,0.0],[88.339327,43.841603,0.0],[88.339052,43.841757,0.0],[88.338786,43.841956,0.0],[88.338703,43.842284,0.0],[88.338528,43.842547,0.0],[88.338445,43.842875,0.0],[88.338278,43.843,0.0],[88.337795,43.842795,0.0],[88.337459,43.842329,0.0],[88.337349,43.841859,0.0],[88.337387,43.841316,0.0],[88.337424,43.840754,0.0],[88.337615,43.840336,0.0],[88.337678,43.839792,0.0],[88.33799,43.839191,0.0],[88.338103,43.838683,0.0],[88.338364,43.838028,0.0],[88.338516,43.837975,0.0],[88.339145,43.837837,0.0],[88.339503,43.837703,0.0],[88.339952,43.837632,0.0],[88.34031,43.837497,0.0],[88.34076,43.837427,0.0],[88.340572,43.837102,0.0],[88.340386,43.836843,0.0],[88.340022,43.836717,0.0],[88.339747,43.836524,0.0],[88.339472,43.836331,0.0],[88.339286,43.836072,0.0],[88.339278,43.835746,0.0],[88.339453,43.835483,0.0],[88.339628,43.835219,0.0],[88.339679,43.835142,0.0],[88.339847,43.835206,0.0],[88.339994,43.835476,0.0],[88.340271,43.835734,0.0],[88.340458,43.836059,0.0],[88.340911,43.836119,0.0],[88.341186,43.836311,0.0],[88.34155,43.836438,0.0],[88.342001,43.836432,0.0],[88.342038,43.836405,0.0],[88.342267,43.836233,0.0],[88.342533,43.836034,0.0],[88.342654,43.835852,0.0],[88.342512,43.835499,0.0],[88.34258,43.835002,0.0],[88.342597,43.834564,0.0],[88.34243,43.834146,0.0],[88.342054,43.833846,0.0],[88.341919,43.833788,0.0],[88.341578,43.833694,0.0],[88.341127,43.8337,0.0],[88.340676,43.833705,0.0],[88.340135,43.833711,0.0],[88.339594,43.833718,0.0],[88.339143,43.833723,0.0],[88.338717,43.833684,0.0],[88.338662,43.833728,0.0],[88.338512,43.83373,0.0],[88.338063,43.833866,0.0],[88.337797,43.834065,0.0],[88.337623,43.834328,0.0],[88.337358,43.834593,0.0],[88.337003,43.834858,0.0],[88.336648,43.835124,0.0],[88.33633,43.835302,0.0],[88.336276,43.835265,0.0],[88.335653,43.835345,0.0],[88.335106,43.835496,0.0],[88.33471,43.835663,0.0],[88.334216,43.835941,0.0],[88.334097,43.836214,0.0],[88.334302,43.836428,0.0],[88.334307,43.836664,0.0],[88.333814,43.836959,0.0],[88.333392,43.837109,0.0],[88.332891,43.837097,0.0],[88.332138,43.836942,0.0],[88.331542,43.837149,0.0],[88.331424,43.837476,0.0],[88.331432,43.837838,0.0],[88.33109,43.838167,0.0],[88.330771,43.838461,0.0],[88.330486,43.838722,0.0],[88.330395,43.838859,0.0],[88.330455,43.839007,0.0],[88.330681,43.839046,0.0],[88.330962,43.839015,0.0],[88.331115,43.839176,0.0],[88.331138,43.839339,0.0],[88.331123,43.839529,0.0],[88.330824,43.839573,0.0],[88.330393,43.839578,0.0],[88.329998,43.839529,0.0],[88.329794,43.839653,0.0],[88.329723,43.839831,0.0],[88.329745,43.839993,0.0],[88.329842,43.840128,0.0],[88.32992,43.840249,0.0],[88.329907,43.840494,0.0],[88.329781,43.840677,0.0],[88.329683,43.840955,0.0],[88.329723,43.841206,0.0],[88.329797,43.841407,0.0],[88.329805,43.841734,0.0],[88.329914,43.841934,0.0],[88.329855,43.842413,0.0],[88.329827,43.84274,0.0],[88.329378,43.842871,0.0],[88.328856,43.842852,0.0],[88.328437,43.842756,0.0],[88.328128,43.842936,0.0],[88.327579,43.84327,0.0],[88.327517,43.843648,0.0],[88.327733,43.843947,0.0],[88.328088,43.844271,0.0],[88.327816,43.844576,0.0],[88.327591,43.844937,0.0],[88.327363,43.845265,0.0],[88.327369,43.845534,0.0],[88.327555,43.845971,0.0],[88.327642,43.846366,0.0],[88.327864,43.846675,0.0],[88.328089,43.847125,0.0],[88.328136,43.847465,0.0],[88.328086,43.847862,0.0],[88.327975,43.848174,0.0],[88.327765,43.848403,0.0],[88.327811,43.8487,0.0],[88.327897,43.849067,0.0],[88.327827,43.849436,0.0],[88.327718,43.849777,0.0],[88.327864,43.850186,0.0],[88.327929,43.850483,0.0],[88.328018,43.850991,0.0],[88.328164,43.851372,0.0],[88.328463,43.851637,0.0],[88.328706,43.852002,0.0],[88.328909,43.852326,0.0],[88.328995,43.852679,0.0],[88.329257,43.853015,0.0],[88.329439,43.853311,0.0],[88.32972,43.853619,0.0],[88.330117,43.853897,0.0],[88.330436,43.854134,0.0],[88.330806,43.85442,0.0],[88.331178,43.854649,0.0],[88.33155,43.854879,0.0],[88.331863,43.855077,0.0],[88.332159,43.855211,0.0],[88.33256,43.855398,0.0],[88.332943,43.855489,0.0],[88.33321,43.855613,0.0],[88.333491,43.855727,0.0],[88.333759,43.855904,0.0],[88.333924,43.856061,0.0],[88.334266,43.856238,0.0],[88.334678,43.856318,0.0],[88.335032,43.856367,0.0],[88.335429,43.856437,0.0],[88.335754,43.856496,0.0],[88.336135,43.856492,0.0],[88.336427,43.856425,0.0],[88.33666,43.856337,0.0],[88.336788,43.856166,0.0],[88.336739,43.855954,0.0],[88.336515,43.855766,0.0],[88.336392,43.855512,0.0],[88.336387,43.855279,0.0],[88.33653,43.855139,0.0]]]}},{"type":"Feature","properties":{"rgi_id":"RGI2000-v7.0-G-13-41486","o1region":"13"},"geometry":{"type":"Polygon","coordinates":[[[88.354364,43.855472,0.0],[88.354702,43.855419,0.0],[88.35473,43.855458,0.0],[88.354968,43.85522,0.0],[88.355142,43.854957,0.0],[88.355406,43.854627,0.0],[88.355566,43.854531,0.0],[88.355313,43.854497,0.0],[88.354949,43.854371,0.0],[88.353761,43.853732,0.0],[88.353759,43.853667,0.0],[88.35366,43.853276,0.0],[88.353474,43.853017,0.0],[88.353288,43.852758,0.0],[88.353101,43.852499,0.0],[88.352915,43.85224,0.0],[88.352728,43.851981,0.0],[88.352542,43.851722,0.0],[88.352267,43.851529,0.0],[88.351903,43.851403,0.0],[88.351539,43.851277,0.0],[88.351084,43.851086,0.0],[88.350631,43.851026,0.0],[88.350267,43.8509,0.0],[88.349924,43.850854,0.0],[88.349815,43.85084,0.0],[88.349363,43.850845,0.0],[88.348909,43.85072,0.0],[88.348458,43.850725,0.0],[88.348004,43.8506,0.0],[88.347367,43.850346,0.0],[88.347003,43.85022,0.0],[88.346639,43.850093,0.0],[88.346186,43.850034,0.0],[88.345735,43.850039,0.0],[88.345379,43.850239,0.0],[88.344932,43.85044,0.0],[88.344849,43.850768,0.0],[88.344399,43.850838,0.0],[88.343948,43.850844,0.0],[88.343497,43.850849,0.0],[88.343049,43.850985,0.0],[88.342692,43.851185,0.0],[88.342335,43.85132,0.0],[88.341978,43.85152,0.0],[88.341803,43.851783,0.0],[88.341537,43.851982,0.0],[88.341179,43.852117,0.0],[88.341096,43.852445,0.0],[88.341013,43.852772,0.0],[88.341021,43.853099,0.0],[88.341208,43.853423,0.0],[88.341662,43.853548,0.0],[88.342114,43.853543,0.0],[88.342566,43.853603,0.0],[88.343106,43.853531,0.0],[88.343553,43.85333,0.0],[88.343911,43.853195,0.0],[88.344086,43.852932,0.0],[88.344352,43.852733,0.0],[88.3448,43.852597,0.0],[88.345158,43.852462,0.0],[88.345699,43.852456,0.0],[88.346151,43.85245,0.0],[88.346602,43.852445,0.0],[88.347054,43.852505,0.0],[88.347179,43.852592,0.0],[88.347196,43.852585,0.0],[88.347421,43.852762,0.0],[88.347528,43.852862,0.0],[88.347656,43.852906,0.0],[88.348014,43.853049,0.0],[88.348323,43.853229,0.0],[88.348482,43.853521,0.0],[88.348547,43.853627,0.0],[88.348615,43.853662,0.0],[88.348718,43.853676,0.0],[88.348742,43.853812,0.0],[88.349053,43.854065,0.0],[88.349458,43.854024,0.0],[88.349733,43.853996,0.0],[88.349863,43.853982,0.0],[88.350122,43.8542,0.0],[88.349999,43.85431,0.0],[88.349873,43.854423,0.0],[88.349572,43.85461,0.0],[88.349375,43.85487,0.0],[88.349684,43.85505,0.0],[88.350088,43.854972,0.0],[88.35044,43.854821,0.0],[88.350792,43.854669,0.0],[88.350847,43.854635,0.0],[88.351165,43.854677,0.0],[88.351616,43.854672,0.0],[88.351606,43.854733,0.0],[88.351614,43.855064,0.0],[88.35162,43.855358,0.0],[88.351978,43.855464,0.0],[88.35233,43.855312,0.0],[88.352629,43.855052,0.0],[88.352847,43.854856,0.0],[88.353066,43.854916,0.0],[88.353341,43.855109,0.0],[88.353359,43.855168,0.0],[88.353344,43.855264,0.0],[88.3533,43.855558,0.0],[88.353256,43.855853,0.0],[88.353414,43.856108,0.0],[88.353765,43.85592,0.0],[88.354065,43.855696,0.0],[88.354364,43.855472,0.0]]]}},{"type":"Feature","properties":{"rgi_id":"RGI2000-v7.0-G-13-41487","o1region":"13"},"geometry":{"type":"Polygon","coordinates":[[[88.35473,43.855458,0.0],[88.354888,43.855678,0.0],[88.355074,43.855937,0.0],[88.355172,43.856263,0.0],[88.355179,43.856589,0.0],[88.355277,43.856914,0.0],[88.355463,43.857174,0.0],[88.35565,43.857433,0.0],[88.355916,43.857233,0.0],[88.356091,43.85697,0.0],[88.356449,43.856835,0.0],[88.356807,43.8567,0.0],[88.357258,43.856695,0.0],[88.357709,43.85669,0.0],[88.358159,43.856619,0.0],[88.358333,43.856356,0.0],[88.358147,43.856097,0.0],[88.357872,43.855904,0.0],[88.357418,43.855779,0.0],[88.357054,43.855652,0.0],[88.356688,43.855461,0.0],[88.356324,43.855335,0.0],[88.356138,43.855076,0.0],[88.355952,43.854816,0.0],[88.355765,43.854557,0.0],[88.355566,43.854531,0.0],[88.355406,43.854627,0.0],[88.355142,43.854957,0.0],[88.354968,43.85522,0.0],[88.35473,43.855458,0.0]]]}},{"type":"Feature","properties":{"rgi_id":"RGI2000-v7.0-G-13-41488","o1region":"13"},"geometry":{"type":"Polygon","coordinates":[[[88.382182,43.849338,0.0],[88.382004,43.849225,0.0],[88.382,43.849054,0.0],[88.381995,43.848811,0.0],[88.38191,43.848569,0.0],[88.381807,43.84837,0.0],[88.381704,43.848186,0.0],[88.381463,43.848017,0.0],[88.381087,43.848007,0.0],[88.380712,43.848012,0.0],[88.380379,43.848116,0.0],[88.380026,43.848206,0.0],[88.37977,43.848266,0.0],[88.379537,43.848426,0.0],[88.379281,43.848458,0.0],[88.378945,43.848448,0.0],[88.378413,43.848497,0.0],[88.37794,43.848545,0.0],[88.377468,43.848651,0.0],[88.377115,43.848741,0.0],[88.376921,43.848915,0.0],[88.376946,43.849129,0.0],[88.377067,43.849256,0.0],[88.377404,43.849281,0.0],[88.377742,43.849377,0.0],[88.377864,43.849518,0.0],[88.378045,43.849688,0.0],[88.378169,43.849915,0.0],[88.378232,43.8501,0.0],[88.378038,43.850231,0.0],[88.377721,43.850192,0.0],[88.377599,43.85005,0.0],[88.377419,43.849952,0.0],[88.377024,43.849929,0.0],[88.37663,43.849991,0.0],[88.376476,43.850178,0.0],[88.376343,43.850409,0.0],[88.376209,43.850567,0.0],[88.376154,43.850754,0.0],[88.376003,43.851056,0.0],[88.37581,43.851258,0.0],[88.375596,43.851418,0.0],[88.375421,43.851535,0.0],[88.375387,43.851749,0.0],[88.375413,43.852035,0.0],[88.375498,43.852305,0.0],[88.375465,43.852563,0.0],[88.375311,43.852765,0.0],[88.375158,43.852967,0.0],[88.375104,43.853182,0.0],[88.375071,43.853497,0.0],[88.375114,43.853639,0.0],[88.375137,43.853768,0.0],[88.375317,43.853851,0.0],[88.375493,43.853778,0.0],[88.375707,43.853647,0.0],[88.375819,43.853374,0.0],[88.375953,43.853186,0.0],[88.376088,43.853056,0.0],[88.376382,43.852924,0.0],[88.376556,43.852779,0.0],[88.376769,43.852605,0.0],[88.376905,43.852503,0.0],[88.37704,43.852358,0.0],[88.377175,43.852199,0.0],[88.37731,43.852069,0.0],[88.377385,43.851883,0.0],[88.377479,43.851696,0.0],[88.377654,43.851551,0.0],[88.377849,43.851448,0.0],[88.378124,43.851388,0.0],[88.378458,43.851326,0.0],[88.378755,43.851351,0.0],[88.378778,43.851365,0.0],[88.379018,43.851257,0.0],[88.379284,43.851058,0.0],[88.379618,43.850858,0.0],[88.379884,43.850659,0.0],[88.380219,43.850508,0.0],[88.380554,43.850357,0.0],[88.38082,43.850158,0.0],[88.381154,43.849958,0.0],[88.38142,43.849759,0.0],[88.381754,43.849559,0.0],[88.382088,43.849408,0.0],[88.382182,43.849338,0.0]]]}},{"type":"Feature","properties":{"rgi_id":"RGI2000-v7.0-G-13-41489","o1region":"13"},"geometry":{"type":"Polygon","coordinates":[[[88.382182,43.849338,0.0],[88.382088,43.849408,0.0],[88.381754,43.849559,0.0],[88.38142,43.849759,0.0],[88.381154,43.849958,0.0],[88.38082,43.850158,0.0],[88.380554,43.850357,0.0],[88.380219,43.850508,0.0],[88.379884,43.850659,0.0],[88.379618,43.850858,0.0],[88.379284,43.851058,0.0],[88.379018,43.851257,0.0],[88.378778,43.851365,0.0],[88.378915,43.85145,0.0],[88.378938,43.851592,0.0],[88.378725,43.851752,0.0],[88.37849,43.851855,0.0],[88.378335,43.851971,0.0],[88.378121,43.852131,0.0],[88.377966,43.852233,0.0],[88.377635,43.85248,0.0],[88.37756,43.852652,0.0],[88.377545,43.852853,0.0],[88.377464,43.853056,0.0],[88.377172,43.853226,0.0],[88.376913,43.853408,0.0],[88.376686,43.853554,0.0],[88.376524,43.853687,0.0],[88.376495,43.853866,0.0],[88.376581,43.854008,0.0],[88.376616,43.854102,0.0],[88.376767,43.85422,0.0],[88.376916,43.854278,0.0],[88.377034,43.854383,0.0],[88.377297,43.85438,0.0],[88.377527,43.854365,0.0],[88.37779,43.854315,0.0],[88.378032,43.854109,0.0],[88.378491,43.854056,0.0],[88.378886,43.854016,0.0],[88.379147,43.853917,0.0],[88.379441,43.853854,0.0],[88.37982,43.853838,0.0],[88.380132,43.853822,0.0],[88.380427,43.853759,0.0],[88.380703,43.853601,0.0],[88.380913,43.853443,0.0],[88.381247,43.853334,0.0],[88.381402,43.853237,0.0],[88.381757,43.853204,0.0],[88.382098,43.853152,0.0],[88.382412,43.853044,0.0],[88.382581,43.852937,0.0],[88.382788,43.852782,0.0],[88.383021,43.852627,0.0],[88.383243,43.852529,0.0],[88.383451,43.852431,0.0],[88.383635,43.852419,0.0],[88.383925,43.852406,0.0],[88.384091,43.852361,0.0],[88.384039,43.852337,0.0],[88.383917,43.852307,0.0],[88.383694,43.852247,0.0],[88.383568,43.852202,0.0],[88.383346,43.852121,0.0],[88.383223,43.852057,0.0],[88.383227,43.851935,0.0],[88.383242,43.851852,0.0],[88.383244,43.851785,0.0],[88.383244,43.851636,0.0],[88.383239,43.85149,0.0],[88.383244,43.851364,0.0],[88.383227,43.851162,0.0],[88.383232,43.851038,0.0],[88.383239,43.850988,0.0],[88.383256,43.850865,0.0],[88.383285,43.850718,0.0],[88.383306,43.850593,0.0],[88.38331,43.850479,0.0],[88.383277,43.850404,0.0],[88.38322,43.850279,0.0],[88.383152,43.850136,0.0],[88.383185,43.850015,0.0],[88.383065,43.849841,0.0],[88.382787,43.849745,0.0],[88.382567,43.849633,0.0],[88.382406,43.849521,0.0],[88.382205,43.849352,0.0],[88.382182,43.849338,0.0]]]}},{"type":"Feature","properties":{"rgi_id":"RGI2000-v7.0-G-13-41490","o1region":"13"},"geometry":{"type":"Polygon","coordinates":[[[88.383969,43.850227,0.0],[88.383887,43.850085,0.0],[88.383715,43.85003,0.0],[88.383451,43.850024,0.0],[88.38324,43.850017,0.0],[88.383177,43.850132,0.0],[88.383246,43.850264,0.0],[88.383356,43.850463,0.0],[88.383348,43.850673,0.0],[88.383287,43.850883,0.0],[88.383251,43.851036,0.0],[88.383254,43.851165,0.0],[88.383258,43.851217,0.0],[88.383261,43.851254,0.0],[88.383263,43.851287,0.0],[88.383272,43.851369,0.0],[88.383263,43.85156,0.0],[88.383296,43.851855,0.0],[88.383248,43.852037,0.0],[88.383461,43.852139,0.0],[88.3837,43.852222,0.0],[88.383938,43.852286,0.0],[88.38419,43.852359,0.0],[88.384297,43.852424,0.0],[88.384313,43.852548,0.0],[88.384317,43.85271,0.0],[88.384254,43.852854,0.0],[88.384176,43.852912,0.0],[88.384059,43.852961,0.0],[88.383757,43.853003,0.0],[88.383628,43.853118,0.0],[88.383527,43.853301,0.0],[88.383583,43.853443,0.0],[88.383692,43.853613,0.0],[88.383775,43.853793,0.0],[88.383923,43.853925,0.0],[88.384098,43.854066,0.0],[88.384392,43.854243,0.0],[88.384607,43.85445,0.0],[88.38473,43.85463,0.0],[88.384748,43.854839,0.0],[88.384752,43.85502,0.0],[88.384769,43.855182,0.0],[88.384852,43.855343,0.0],[88.384959,43.855418,0.0],[88.385174,43.855615,0.0],[88.38527,43.855776,0.0],[88.385562,43.855897,0.0],[88.385918,43.855921,0.0],[88.386248,43.855936,0.0],[88.386512,43.85598,0.0],[88.38666,43.856093,0.0],[88.386781,43.856196,0.0],[88.386928,43.856318,0.0],[88.387062,43.856421,0.0],[88.387236,43.856505,0.0],[88.387419,43.856484,0.0],[88.38751,43.856416,0.0],[88.387533,43.856263,0.0],[88.387674,43.8561,0.0],[88.387735,43.855899,0.0],[88.387822,43.855679,0.0],[88.388015,43.855486,0.0],[88.388221,43.855273,0.0],[88.388441,43.855109,0.0],[88.38845,43.854947,0.0],[88.388408,43.854833,0.0],[88.388403,43.854604,0.0],[88.388558,43.854488,0.0],[88.388726,43.854324,0.0],[88.388641,43.854096,0.0],[88.388455,43.854022,0.0],[88.388241,43.853844,0.0],[88.387922,43.853724,0.0],[88.387589,43.853566,0.0],[88.387322,43.853398,0.0],[88.387016,43.853278,0.0],[88.38688,43.853089,0.0],[88.38681,43.852908,0.0],[88.386739,43.85269,0.0],[88.38676,43.85248,0.0],[88.386849,43.852327,0.0],[88.386766,43.852156,0.0],[88.386578,43.851977,0.0],[88.38635,43.851799,0.0],[88.386095,43.851621,0.0],[88.385881,43.851471,0.0],[88.385783,43.851234,0.0],[88.385608,43.851046,0.0],[88.385367,43.850896,0.0],[88.385061,43.850747,0.0],[88.38494,43.850616,0.0],[88.384634,43.850505,0.0],[88.384316,43.850423,0.0],[88.384104,43.85034,0.0],[88.383969,43.850227,0.0]]]}},{"type":"Feature","properties":{"rgi_id":"RGI2000-v7.0-G-13-41491","o1region":"13"},"geometry":{"type":"Polygon","coordinates":[[[88.394542,43.849551,0.0],[88.394302,43.849149,0.0],[88.394269,43.849149,0.0],[88.393868,43.848892,0.0],[88.3935,43.848635,0.0],[88.393067,43.848402,0.0],[88.392601,43.848217,0.0],[88.3922,43.84796,0.0],[88.391736,43.847822,0.0],[88.391241,43.847733,0.0],[88.390745,43.847668,0.0],[88.390249,43.847578,0.0],[88.389986,43.847556,0.0],[88.389692,43.847454,0.0],[88.389283,43.847361,0.0],[88.388875,43.847268,0.0],[88.388466,43.847126,0.0],[88.388059,43.847082,0.0],[88.387653,43.847087,0.0],[88.387247,43.847092,0.0],[88.386571,43.847149,0.0],[88.386305,43.847348,0.0],[88.38658,43.847541,0.0],[88.386988,43.847634,0.0],[88.387397,43.847727,0.0],[88.387872,43.84777,0.0],[88.38828,43.847863,0.0],[88.388287,43.848157,0.0],[88.388293,43.848451,0.0],[88.388368,43.848744,0.0],[88.388577,43.848986,0.0],[88.388918,43.849129,0.0],[88.388999,43.849136,0.0],[88.389273,43.849472,0.0],[88.389641,43.84973,0.0],[88.390042,43.849963,0.0],[88.390474,43.850172,0.0],[88.390908,43.850405,0.0],[88.391309,43.850662,0.0],[88.39171,43.85092,0.0],[88.392142,43.851105,0.0],[88.392575,43.851314,0.0],[88.39291,43.851596,0.0],[88.393181,43.851902,0.0],[88.393549,43.85216,0.0],[88.39395,43.852393,0.0],[88.394383,43.852626,0.0],[88.394848,43.852787,0.0],[88.395342,43.852829,0.0],[88.395637,43.852768,0.0],[88.395634,43.852672,0.0],[88.39556,43.852379,0.0],[88.395485,43.852086,0.0],[88.395277,43.851844,0.0],[88.395134,43.851552,0.0],[88.394992,43.851259,0.0],[88.394918,43.850966,0.0],[88.394843,43.850673,0.0],[88.394767,43.850331,0.0],[88.394761,43.850038,0.0],[88.394686,43.849745,0.0],[88.394649,43.849656,0.0],[88.394542,43.849551,0.0]]]}},{"type":"Feature","properties":{"rgi_id":"RGI2000-v7.0-G-13-41492","o1region":"13"},"geometry":{"type":"Polygon","coordinates":[[[88.387836,43.858352,0.0],[88.387539,43.858343,0.0],[88.387243,43.858359,0.0],[88.386948,43.858398,0.0],[88.386818,43.858495,0.0],[88.386706,43.858639,0.0],[88.386477,43.858702,0.0],[88.386381,43.85881,0.0],[88.386433,43.858917,0.0],[88.386552,43.85907,0.0],[88.386605,43.859224,0.0],[88.386476,43.859369,0.0],[88.386201,43.859575,0.0],[88.386174,43.859801,0.0],[88.386145,43.859992,0.0],[88.386166,43.860194,0.0],[88.386123,43.860457,0.0],[88.38608,43.86072,0.0],[88.386051,43.860922,0.0],[88.386121,43.8611,0.0],[88.386239,43.861194,0.0],[88.386373,43.8613,0.0],[88.386655,43.861391,0.0],[88.387035,43.861446,0.0],[88.38738,43.861442,0.0],[88.387659,43.861403,0.0],[88.387838,43.861294,0.0],[88.388134,43.861266,0.0],[88.388462,43.861227,0.0],[88.388707,43.861128,0.0],[88.388802,43.860972,0.0],[88.388863,43.860793,0.0],[88.38904,43.860576,0.0],[88.389168,43.86042,0.0],[88.389428,43.860286,0.0],[88.389669,43.860057,0.0],[88.389847,43.859911,0.0],[88.390042,43.859778,0.0],[88.39012,43.859598,0.0],[88.390213,43.859347,0.0],[88.390274,43.859132,0.0],[88.390187,43.858954,0.0],[88.390051,43.858754,0.0],[88.389769,43.858674,0.0],[88.389373,43.858643,0.0],[88.389093,43.858646,0.0],[88.388796,43.858614,0.0],[88.388451,43.858606,0.0],[88.388154,43.858574,0.0],[88.387954,43.858493,0.0],[88.387836,43.858352,0.0]]]}},{"type":"Feature","properties":{"rgi_id":"RGI2000-v7.0-G-13-41493","o1region":"13"},"geometry":{"type":"Polygon","coordinates":[[[88.402091,43.8623,0.0],[88.401892,43.862254,0.0],[88.401668,43.862238,0.0],[88.401365,43.862261,0.0],[88.401242,43.862292,0.0],[88.40113,43.862321,0.0],[88.400945,43.862285,0.0],[88.400819,43.862282,0.0],[88.400694,43.862279,0.0],[88.400588,43.862262,0.0],[88.400469,43.862243,0.0],[88.400298,43.862245,0.0],[88.400021,43.862211,0.0],[88.399876,43.862158,0.0],[88.399742,43.862109,0.0],[88.399571,43.86207,0.0],[88.399345,43.862019,0.0],[88.399202,43.861931,0.0],[88.399124,43.861884,0.0],[88.399024,43.861823,0.0],[88.39885,43.861764,0.0],[88.398749,43.86173,0.0],[88.398613,43.861685,0.0],[88.398493,43.861619,0.0],[88.398359,43.861545,0.0],[88.398192,43.861492,0.0],[88.398014,43.861435,0.0],[88.397881,43.8614,0.0],[88.397736,43.861362,0.0],[88.397607,43.861315,0.0],[88.39751,43.861279,0.0],[88.397474,43.86127,0.0],[88.397261,43.861469,0.0],[88.396859,43.861621,0.0],[88.396454,43.861675,0.0],[88.39605,43.861778,0.0],[88.395647,43.86193,0.0],[88.395299,43.862061,0.0],[88.395264,43.862088,0.0],[88.395172,43.862215,0.0],[88.395111,43.862299,0.0],[88.39505,43.862382,0.0],[88.394983,43.862472,0.0],[88.394925,43.862593,0.0],[88.394882,43.862683,0.0],[88.394843,43.86283,0.0],[88.39481,43.862951,0.0],[88.394866,43.863122,0.0],[88.394945,43.863235,0.0],[88.395016,43.863339,0.0],[88.395116,43.863413,0.0],[88.395231,43.863498,0.0],[88.395382,43.863621,0.0],[88.395486,43.863705,0.0],[88.395505,43.863846,0.0],[88.395517,43.863933,0.0],[88.395485,43.864113,0.0],[88.395459,43.864258,0.0],[88.395403,43.864347,0.0],[88.395332,43.86446,0.0],[88.39533,43.864565,0.0],[88.395329,43.864639,0.0],[88.395326,43.864765,0.0],[88.395358,43.864887,0.0],[88.395384,43.864983,0.0],[88.395421,43.865122,0.0],[88.395453,43.865242,0.0],[88.39547,43.865306,0.0],[88.395492,43.865414,0.0],[88.3955,43.865458,0.0],[88.39561,43.865585,0.0],[88.395663,43.865647,0.0],[88.395863,43.865753,0.0],[88.395996,43.865824,0.0],[88.396152,43.865921,0.0],[88.39625,43.865983,0.0],[88.396476,43.866046,0.0],[88.396648,43.866064,0.0],[88.396819,43.86608,0.0],[88.397059,43.866211,0.0],[88.397218,43.866249,0.0],[88.397364,43.866283,0.0],[88.397655,43.866337,0.0],[88.397783,43.866335,0.0],[88.397971,43.866333,0.0],[88.398175,43.866322,0.0],[88.398418,43.866309,0.0],[88.398627,43.866316,0.0],[88.398826,43.866323,0.0],[88.39896,43.866287,0.0],[88.399127,43.866243,0.0],[88.399166,43.866136,0.0],[88.399239,43.865936,0.0],[88.39925,43.865855,0.0],[88.399266,43.865741,0.0],[88.399284,43.865612,0.0],[88.39929,43.86549,0.0],[88.399296,43.865369,0.0],[88.399302,43.86525,0.0],[88.399344,43.865137,0.0],[88.399389,43.86502,0.0],[88.399425,43.864907,0.0],[88.399462,43.86479,0.0],[88.399493,43.864714,0.0],[88.399549,43.86457,0.0],[88.39969,43.864397,0.0],[88.399757,43.864318,0.0],[88.39987,43.864185,0.0],[88.399919,43.864084,0.0],[88.399983,43.863955,0.0],[88.40006,43.863847,0.0],[88.400148,43.863724,0.0],[88.400211,43.863561,0.0],[88.400255,43.863494,0.0],[88.400325,43.863388,0.0],[88.400472,43.863325,0.0],[88.400599,43.863271,0.0],[88.400823,43.863287,0.0],[88.401073,43.863294,0.0],[88.401232,43.863301,0.0],[88.40139,43.863309,0.0],[88.401552,43.863291,0.0],[88.401692,43.863276,0.0],[88.401876,43.863274,0.0],[88.402021,43.863272,0.0],[88.402127,43.863271,0.0],[88.402258,43.863269,0.0],[88.402361,43.863254,0.0],[88.402468,43.863238,0.0],[88.402478,43.863114,0.0],[88.402495,43.86299,0.0],[88.402492,43.862857,0.0],[88.402523,43.862785,0.0],[88.402544,43.862756,0.0],[88.402435,43.86268,0.0],[88.402157,43.862389,0.0],[88.402091,43.8623,0.0]]]}},{"type":"Feature","properties":{"rgi_id":"RGI2000-v7.0-G-13-41494","o1region":"13"},"geometry":{"type":"Polygon","coordinates":[[[88.40482,43.86579,0.0],[88.404809,43.865309,0.0],[88.404707,43.865035,0.0],[88.404511,43.864762,0.0],[88.404409,43.864488,0.0],[88.404403,43.864213,0.0],[88.404396,43.863938,0.0],[88.40439,43.863663,0.0],[88.404193,43.86339,0.0],[88.403903,43.863187,0.0],[88.403707,43.862915,0.0],[88.40351,43.862642,0.0],[88.403133,43.862784,0.0],[88.403044,43.86306,0.0],[88.403051,43.863335,0.0],[88.403057,43.86361,0.0],[88.403159,43.863884,0.0],[88.40326,43.864158,0.0],[88.403267,43.864433,0.0],[88.403368,43.864707,0.0],[88.403565,43.86498,0.0],[88.403666,43.865254,0.0],[88.404051,43.865456,0.0],[88.404341,43.865658,0.0],[88.404725,43.865791,0.0],[88.40482,43.86579,0.0]]]}},{"type":"Feature","properties":{"rgi_id":"RGI2000-v7.0-G-13-41495","o1region":"13"},"geometry":{"type":"Polygon","coordinates":[[[88.379318,43.843759,0.0],[88.379043,43.843567,0.0],[88.378635,43.843473,0.0],[88.378228,43.843429,0.0],[88.377756,43.843484,0.0],[88.377351,43.843538,0.0],[88.376947,43.843641,0.0],[88.376478,43.843842,0.0],[88.376009,43.844044,0.0],[88.375745,43.844341,0.0],[88.375547,43.844588,0.0],[88.375419,43.844884,0.0],[88.375627,43.845126,0.0],[88.375671,43.84512,0.0],[88.375655,43.845157,0.0],[88.375832,43.845173,0.0],[88.37624,43.845266,0.0],[88.376647,43.84531,0.0],[88.377054,43.845354,0.0],[88.377461,43.845398,0.0],[88.377868,43.845442,0.0],[88.378153,43.845561,0.0],[88.378209,43.845536,0.0],[88.378617,43.845629,0.0],[88.379024,43.845673,0.0],[88.379499,43.845716,0.0],[88.379906,43.84576,0.0],[88.380313,43.845804,0.0],[88.380721,43.845898,0.0],[88.381197,43.84599,0.0],[88.381692,43.846028,0.0],[88.38178,43.845825,0.0],[88.382021,43.845536,0.0],[88.381948,43.845435,0.0],[88.382198,43.845341,0.0],[88.382395,43.845094,0.0],[88.382186,43.844851,0.0],[88.381911,43.844659,0.0],[88.381568,43.844467,0.0],[88.381227,43.844324,0.0],[88.380817,43.844182,0.0],[88.380409,43.844089,0.0],[88.380067,43.843946,0.0],[88.379726,43.843803,0.0],[88.379318,43.843759,0.0]]]}},{"type":"Feature","properties":{"rgi_id":"RGI2000-v7.0-G-13-41496","o1region":"13"},"geometry":{"type":"Polygon","coordinates":[[[88.362598,43.841863,0.0],[88.362817,43.84186,0.0],[88.363197,43.841855,0.0],[88.36358,43.841988,0.0],[88.36396,43.841984,0.0],[88.36434,43.841979,0.0],[88.36472,43.841975,0.0],[88.364958,43.841797,0.0],[88.364991,43.841547,0.0],[88.365085,43.84107,0.0],[88.36526,43.840648,0.0],[88.365675,43.840376,0.0],[88.365984,43.840087,0.0],[88.366293,43.839759,0.0],[88.366494,43.839357,0.0],[88.366537,43.838937,0.0],[88.366295,43.838688,0.0],[88.365946,43.838391,0.0],[88.365573,43.838205,0.0],[88.36504,43.837926,0.0],[88.364457,43.83778,0.0],[88.363847,43.837597,0.0],[88.36313,43.837319,0.0],[88.362467,43.837099,0.0],[88.362014,43.836856,0.0],[88.361483,43.836672,0.0],[88.360903,43.836622,0.0],[88.360218,43.836592,0.0],[88.359453,43.836563,0.0],[88.358771,43.836647,0.0],[88.358299,43.836748,0.0],[88.357932,43.83681,0.0],[88.357853,43.836917,0.0],[88.35787,43.836941,0.0],[88.358145,43.837133,0.0],[88.358421,43.837375,0.0],[88.358832,43.837566,0.0],[88.359173,43.837709,0.0],[88.359448,43.837901,0.0],[88.359723,43.838094,0.0],[88.359998,43.838287,0.0],[88.360274,43.838479,0.0],[88.360549,43.838672,0.0],[88.360757,43.838915,0.0],[88.361032,43.839107,0.0],[88.361242,43.839399,0.0],[88.361452,43.83969,0.0],[88.361661,43.839981,0.0],[88.361803,43.840274,0.0],[88.361945,43.840566,0.0],[88.362087,43.840858,0.0],[88.362229,43.84115,0.0],[88.362438,43.841393,0.0],[88.362512,43.841686,0.0],[88.362598,43.841863,0.0]]]}},{"type":"Feature","properties":{"rgi_id":"RGI2000-v7.0-G-13-41497","o1region":"13"},"geometry":{"type":"Polygon","coordinates":[[[88.357853,43.836917,0.0],[88.357651,43.837194,0.0],[88.357681,43.837365,0.0],[88.357748,43.83785,0.0],[88.358024,43.83818,0.0],[88.35766,43.838328,0.0],[88.357232,43.838333,0.0],[88.356965,43.838169,0.0],[88.356429,43.837876,0.0],[88.356448,43.837551,0.0],[88.356627,43.83734,0.0],[88.356832,43.837089,0.0],[88.35696,43.836897,0.0],[88.357003,43.836497,0.0],[88.356707,43.836214,0.0],[88.356069,43.835917,0.0],[88.355613,43.835579,0.0],[88.355051,43.835167,0.0],[88.35494,43.835064,0.0],[88.354915,43.834967,0.0],[88.354774,43.834675,0.0],[88.354498,43.834482,0.0],[88.354223,43.83429,0.0],[88.353818,43.834294,0.0],[88.353476,43.834152,0.0],[88.353271,43.834066,0.0],[88.353263,43.833713,0.0],[88.353189,43.83342,0.0],[88.35298,43.833178,0.0],[88.352638,43.832986,0.0],[88.352363,43.832793,0.0],[88.352086,43.832552,0.0],[88.351745,43.832409,0.0],[88.351337,43.832315,0.0],[88.350995,43.832173,0.0],[88.350519,43.83208,0.0],[88.350111,43.831987,0.0],[88.349703,43.831894,0.0],[88.349295,43.831801,0.0],[88.348887,43.831708,0.0],[88.348412,43.831664,0.0],[88.348005,43.83162,0.0],[88.347531,43.831577,0.0],[88.347284,43.831761,0.0],[88.347233,43.831695,0.0],[88.346729,43.83153,0.0],[88.346176,43.831517,0.0],[88.345755,43.83156,0.0],[88.345361,43.831603,0.0],[88.345232,43.831681,0.0],[88.345156,43.831853,0.0],[88.345001,43.83195,0.0],[88.344845,43.832067,0.0],[88.344823,43.832238,0.0],[88.344775,43.832468,0.0],[88.344912,43.832695,0.0],[88.345155,43.832978,0.0],[88.345321,43.833319,0.0],[88.345248,43.833586,0.0],[88.345306,43.833833,0.0],[88.345443,43.834061,0.0],[88.345764,43.834285,0.0],[88.346167,43.834624,0.0],[88.346436,43.834887,0.0],[88.346679,43.835151,0.0],[88.347053,43.835395,0.0],[88.347321,43.835639,0.0],[88.347588,43.835789,0.0],[88.347906,43.835861,0.0],[88.348303,43.835971,0.0],[88.348756,43.836213,0.0],[88.349236,43.836493,0.0],[88.349558,43.836756,0.0],[88.349881,43.837057,0.0],[88.350098,43.83736,0.0],[88.350239,43.837758,0.0],[88.350457,43.83808,0.0],[88.350701,43.838401,0.0],[88.350971,43.838684,0.0],[88.351271,43.839137,0.0],[88.35165,43.839628,0.0],[88.351656,43.839895,0.0],[88.351769,43.840218,0.0],[88.352065,43.840519,0.0],[88.352389,43.840858,0.0],[88.352791,43.841178,0.0],[88.353224,43.841668,0.0],[88.353652,43.841968,0.0],[88.354159,43.842286,0.0],[88.354508,43.842568,0.0],[88.354934,43.842772,0.0],[88.355465,43.842995,0.0],[88.355916,43.843142,0.0],[88.35645,43.843459,0.0],[88.3569,43.843568,0.0],[88.357352,43.843754,0.0],[88.357569,43.844018,0.0],[88.358021,43.844203,0.0],[88.358575,43.844273,0.0],[88.35929,43.844455,0.0],[88.359821,43.844639,0.0],[88.360324,43.844766,0.0],[88.360672,43.844991,0.0],[88.360731,43.845295,0.0],[88.360869,43.84556,0.0],[88.361163,43.845766,0.0],[88.36148,43.845782,0.0],[88.361687,43.845646,0.0],[88.361759,43.845321,0.0],[88.361909,43.844995,0.0],[88.362032,43.844613,0.0],[88.36221,43.844325,0.0],[88.362281,43.843962,0.0],[88.362348,43.843446,0.0],[88.362233,43.843009,0.0],[88.362327,43.842532,0.0],[88.362451,43.842187,0.0],[88.362678,43.842071,0.0],[88.362654,43.841978,0.0],[88.362598,43.841863,0.0],[88.362512,43.841686,0.0],[88.362438,43.841393,0.0],[88.362229,43.84115,0.0],[88.362087,43.840858,0.0],[88.361945,43.840566,0.0],[88.361803,43.840274,0.0],[88.361661,43.839981,0.0],[88.361452,43.83969,0.0],[88.361242,43.839399,0.0],[88.361032,43.839107,0.0],[88.360757,43.838915,0.0],[88.360549,43.838672,0.0],[88.360274,43.838479,0.0],[88.359998,43.838287,0.0],[88.359723,43.838094,0.0],[88.359448,43.837901,0.0],[88.359173,43.837709,0.0],[88.358832,43.837566,0.0],[88.358421,43.837375,0.0],[88.358145,43.837133,0.0],[88.35787,43.836941,0.0],[88.357853,43.836917,0.0]]]}},{"type":"Feature","properties":{"rgi_id":"RGI2000-v7.0-G-13-41498","o1region":"13"},"geometry":{"type":"Polygon","coordinates":[[[88.338901,43.830845,0.0],[88.338999,43.830889,0.0],[88.339421,43.831112,0.0],[88.340158,43.831103,0.0],[88.341186,43.831148,0.0],[88.341991,43.831089,0.0],[88.342038,43.831053,0.0],[88.342441,43.830902,0.0],[88.342844,43.830799,0.0],[88.343315,43.830647,0.0],[88.343338,43.830641,0.0],[88.343723,43.830413,0.0],[88.344137,43.830103,0.0],[88.344736,43.829772,0.0],[88.345018,43.829445,0.0],[88.345327,43.829137,0.0],[88.345582,43.82879,0.0],[88.345733,43.828465,0.0],[88.345808,43.828292,0.0],[88.345775,43.827988,0.0],[88.345666,43.827818,0.0],[88.345273,43.827898,0.0],[88.344881,43.828055,0.0],[88.344463,43.828194,0.0],[88.344126,43.828407,0.0],[88.343708,43.828565,0.0],[88.343393,43.828588,0.0],[88.342969,43.828459,0.0],[88.342335,43.828371,0.0],[88.342148,43.82824,0.0],[88.341909,43.828148,0.0],[88.341488,43.828172,0.0],[88.341255,43.828346,0.0],[88.340889,43.828484,0.0],[88.340573,43.828449,0.0],[88.340307,43.828319,0.0],[88.339987,43.828151,0.0],[88.339534,43.827909,0.0],[88.339032,43.827838,0.0],[88.338557,43.827768,0.0],[88.338212,43.827657,0.0],[88.33818,43.827633,0.0],[88.337911,43.827768,0.0],[88.338386,43.828158,0.0],[88.33874,43.828688,0.0],[88.338854,43.829068,0.0],[88.338997,43.829561,0.0],[88.338902,43.830039,0.0],[88.338912,43.830496,0.0],[88.338901,43.830845,0.0]]]}},{"type":"Feature","properties":{"rgi_id":"RGI2000-v7.0-G-13-41499","o1region":"13"},"geometry":{"type":"Polygon","coordinates":[[[88.337911,43.827768,0.0],[88.337769,43.827651,0.0],[88.337364,43.827179,0.0],[88.337034,43.826554,0.0],[88.33686,43.825851,0.0],[88.336347,43.825266,0.0],[88.336126,43.824811,0.0],[88.335513,43.824437,0.0],[88.335006,43.824158,0.0],[88.334395,43.823879,0.0],[88.333838,43.823695,0.0],[88.333123,43.823532,0.0],[88.332594,43.823385,0.0],[88.331984,43.823183,0.0],[88.331157,43.822918,0.0],[88.331118,43.823109,0.0],[88.331035,43.8231,0.0],[88.330629,43.823104,0.0],[88.330224,43.823158,0.0],[88.329748,43.823066,0.0],[88.329343,43.82307,0.0],[88.329255,43.823082,0.0],[88.329157,43.822922,0.0],[88.328997,43.822848,0.0],[88.328682,43.822871,0.0],[88.328287,43.822875,0.0],[88.327815,43.822976,0.0],[88.327634,43.823112,0.0],[88.327318,43.823077,0.0],[88.327131,43.822965,0.0],[88.326793,43.82314,0.0],[88.326504,43.823201,0.0],[88.326002,43.823111,0.0],[88.32576,43.82321,0.0],[88.325494,43.823409,0.0],[88.325091,43.823561,0.0],[88.324685,43.823565,0.0],[88.324453,43.823568,0.0],[88.324463,43.823652,0.0],[88.323854,43.823816,0.0],[88.323304,43.823937,0.0],[88.322795,43.8241,0.0],[88.322423,43.824248,0.0],[88.321914,43.824439,0.0],[88.321521,43.824558,0.0],[88.321072,43.824749,0.0],[88.320839,43.824938,0.0],[88.320566,43.825112,0.0],[88.320353,43.825272,0.0],[88.320023,43.825533,0.0],[88.319909,43.825735,0.0],[88.319893,43.825921,0.0],[88.319976,43.826105,0.0],[88.320255,43.826217,0.0],[88.320613,43.826327,0.0],[88.320832,43.826424,0.0],[88.321149,43.826478,0.0],[88.321525,43.826516,0.0],[88.322022,43.826668,0.0],[88.322202,43.826766,0.0],[88.322482,43.826948,0.0],[88.322901,43.827129,0.0],[88.323202,43.82734,0.0],[88.323404,43.827552,0.0],[88.323488,43.827766,0.0],[88.323613,43.828064,0.0],[88.323757,43.82832,0.0],[88.323899,43.828518,0.0],[88.324142,43.828773,0.0],[88.324208,43.829087,0.0],[88.324096,43.829388,0.0],[88.323844,43.829591,0.0],[88.323429,43.829582,0.0],[88.323056,43.829686,0.0],[88.32302,43.829844,0.0],[88.323223,43.830099,0.0],[88.323405,43.830282,0.0],[88.32345,43.830525,0.0],[88.323376,43.830754,0.0],[88.32306,43.830744,0.0],[88.322785,43.830804,0.0],[88.322747,43.83089,0.0],[88.32299,43.831159,0.0],[88.323015,43.831402,0.0],[88.32296,43.831602,0.0],[88.322666,43.831663,0.0],[88.322486,43.831579,0.0],[88.322189,43.831526,0.0],[88.321969,43.831428,0.0],[88.321729,43.831274,0.0],[88.321605,43.831018,0.0],[88.321597,43.830646,0.0],[88.321569,43.830304,0.0],[88.321389,43.830191,0.0],[88.321384,43.829977,0.0],[88.321538,43.829789,0.0],[88.321892,43.829714,0.0],[88.322149,43.829754,0.0],[88.322464,43.829707,0.0],[88.3227,43.829662,0.0],[88.322915,43.829545,0.0],[88.322911,43.829388,0.0],[88.322616,43.829405,0.0],[88.322377,43.829322,0.0],[88.322117,43.829168,0.0],[88.32178,43.8291,0.0],[88.321364,43.829062,0.0],[88.321005,43.828909,0.0],[88.320631,43.828956,0.0],[88.320281,43.829189,0.0],[88.320083,43.829163,0.0],[88.319805,43.829066,0.0],[88.31966,43.828796,0.0],[88.319592,43.828368,0.0],[88.319368,43.828085,0.0],[88.319126,43.82783,0.0],[88.318844,43.827591,0.0],[88.318624,43.827465,0.0],[88.318404,43.82731,0.0],[88.318068,43.827299,0.0],[88.317973,43.827486,0.0],[88.317979,43.827744,0.0],[88.31798,43.82781,0.0],[88.317643,43.827753,0.0],[88.317264,43.827826,0.0],[88.316794,43.828038,0.0],[88.316513,43.828248,0.0],[88.31633,43.828525,0.0],[88.315953,43.828667,0.0],[88.315576,43.828809,0.0],[88.315295,43.829019,0.0],[88.314918,43.82916,0.0],[88.314831,43.829505,0.0],[88.314933,43.829848,0.0],[88.315315,43.829913,0.0],[88.31579,43.829907,0.0],[88.316168,43.829834,0.0],[88.316545,43.829692,0.0],[88.316826,43.829482,0.0],[88.317201,43.829272,0.0],[88.317479,43.828925,0.0],[88.317859,43.82892,0.0],[88.318148,43.829123,0.0],[88.318059,43.829399,0.0],[88.31797,43.829676,0.0],[88.317976,43.829951,0.0],[88.317982,43.830226,0.0],[88.318033,43.830363,0.0],[88.318004,43.8305,0.0],[88.317921,43.830503,0.0],[88.317668,43.830663,0.0],[88.317631,43.830764,0.0],[88.317614,43.830921,0.0],[88.317638,43.831106,0.0],[88.317643,43.831307,0.0],[88.317746,43.831505,0.0],[88.317857,43.831714,0.0],[88.317765,43.831924,0.0],[88.317636,43.832219,0.0],[88.317639,43.832366,0.0],[88.317301,43.83237,0.0],[88.316894,43.832326,0.0],[88.316686,43.832083,0.0],[88.316478,43.831841,0.0],[88.316074,43.831943,0.0],[88.315739,43.832094,0.0],[88.315336,43.832246,0.0],[88.315207,43.832541,0.0],[88.315214,43.832835,0.0],[88.315288,43.833128,0.0],[88.315294,43.833422,0.0],[88.315301,43.833716,0.0],[88.31524,43.83401,0.0],[88.315246,43.834304,0.0],[88.315252,43.834598,0.0],[88.315192,43.834942,0.0],[88.315063,43.835237,0.0],[88.31507,43.835531,0.0],[88.315009,43.835825,0.0],[88.31488,43.836121,0.0],[88.314883,43.836277,0.0],[88.314808,43.836286,0.0],[88.314475,43.836418,0.0],[88.313908,43.836639,0.0],[88.313594,43.836729,0.0],[88.313216,43.836604,0.0],[88.312898,43.836522,0.0],[88.312524,43.836584,0.0],[88.312251,43.83673,0.0],[88.311822,43.836963,0.0],[88.311335,43.837269,0.0],[88.310805,43.837447,0.0],[88.310555,43.83775,0.0],[88.310523,43.838093,0.0],[88.310529,43.838365,0.0],[88.310438,43.838723,0.0],[88.310488,43.839194,0.0],[88.310497,43.839594,0.0],[88.310342,43.839753,0.0],[88.309989,43.839829,0.0],[88.309577,43.839948,0.0],[88.309243,43.840037,0.0],[88.308849,43.840099,0.0],[88.308694,43.84023,0.0],[88.3086,43.840459,0.0],[88.308586,43.840688,0.0],[88.308573,43.841003,0.0],[88.30858,43.841331,0.0],[88.308723,43.841573,0.0],[88.308986,43.841841,0.0],[88.309327,43.84208,0.0],[88.309647,43.842277,0.0],[88.309809,43.842447,0.0],[88.310246,43.842556,0.0],[88.310799,43.842564,0.0],[88.311392,43.842571,0.0],[88.311845,43.842523,0.0],[88.312417,43.842517,0.0],[88.312751,43.842441,0.0],[88.313064,43.842309,0.0],[88.313356,43.842077,0.0],[88.313728,43.841958,0.0],[88.314281,43.841938,0.0],[88.314832,43.84186,0.0],[88.315149,43.841914,0.0],[88.315351,43.842126,0.0],[88.315395,43.842339,0.0],[88.315658,43.842608,0.0],[88.31572,43.842675,0.0],[88.316174,43.84267,0.0],[88.316578,43.842567,0.0],[88.316981,43.842416,0.0],[88.317316,43.842265,0.0],[88.317651,43.842114,0.0],[88.318055,43.842011,0.0],[88.318527,43.841957,0.0],[88.318862,43.841806,0.0],[88.319267,43.841752,0.0],[88.319738,43.8416,0.0],[88.320144,43.841595,0.0],[88.320549,43.841542,0.0],[88.321019,43.841389,0.0],[88.321558,43.841285,0.0],[88.322097,43.841181,0.0],[88.322502,43.841127,0.0],[88.322871,43.841123,0.0],[88.323127,43.840992,0.0],[88.323595,43.840758,0.0],[88.3242,43.840408,0.0],[88.324591,43.840218,0.0],[88.324961,43.839985,0.0],[88.325309,43.839652,0.0],[88.325598,43.839349,0.0],[88.325849,43.839074,0.0],[88.326179,43.838813,0.0],[88.326349,43.838482,0.0],[88.326578,43.838094,0.0],[88.326731,43.837878,0.0],[88.326881,43.837518,0.0],[88.327092,43.83723,0.0],[88.327301,43.83687,0.0],[88.327591,43.83661,0.0],[88.327879,43.83622,0.0],[88.328267,43.835902,0.0],[88.328577,43.835641,0.0],[88.328907,43.83538,0.0],[88.329415,43.835159,0.0],[88.329904,43.834925,0.0],[88.330473,43.834761,0.0],[88.331082,43.834625,0.0],[88.331812,43.834602,0.0],[88.332444,43.834595,0.0],[88.332744,43.834648,0.0],[88.33278,43.83464,0.0],[88.333184,43.834537,0.0],[88.333519,43.834386,0.0],[88.333923,43.834332,0.0],[88.334328,43.834279,0.0],[88.334734,43.834274,0.0],[88.335069,43.834123,0.0],[88.335474,43.834069,0.0],[88.335579,43.834022,0.0],[88.335739,43.833821,0.0],[88.335936,43.833525,0.0],[88.336201,43.833277,0.0],[88.336466,43.833029,0.0],[88.336866,43.83278,0.0],[88.337447,43.832585,0.0],[88.337659,43.832352,0.0],[88.3377,43.831837,0.0],[88.337847,43.83134,0.0],[88.337994,43.830843,0.0],[88.338251,43.830592,0.0],[88.338543,43.830684,0.0],[88.338901,43.830845,0.0],[88.338912,43.830496,0.0],[88.338902,43.830039,0.0],[88.338997,43.829561,0.0],[88.338854,43.829068,0.0],[88.33874,43.828688,0.0],[88.338386,43.828158,0.0],[88.337911,43.827768,0.0]],[[88.333973,43.824388,0.0],[88.333889,43.824291,0.0],[88.334057,43.824314,0.0],[88.334477,43.824232,0.0],[88.33482,43.824286,0.0],[88.33488,43.82459,0.0],[88.334701,43.824859,0.0],[88.334578,43.825222,0.0],[88.334321,43.825511,0.0],[88.334088,43.825685,0.0],[88.333802,43.825841,0.0],[88.333593,43.82592,0.0],[88.333616,43.825956,0.0],[88.333198,43.826063,0.0],[88.332794,43.826165,0.0],[88.332323,43.826269,0.0],[88.331918,43.826322,0.0],[88.331513,43.826376,0.0],[88.331109,43.82643,0.0],[88.330704,43.826484,0.0],[88.330368,43.826528,0.0],[88.330339,43.826377,0.0],[88.330179,43.826284,0.0],[88.330227,43.826054,0.0],[88.330751,43.825972,0.0],[88.331277,43.825947,0.0],[88.331565,43.825886,0.0],[88.331746,43.825713,0.0],[88.331813,43.825657,0.0],[88.331971,43.825636,0.0],[88.332375,43.825582,0.0],[88.332779,43.82548,0.0],[88.332778,43.825425,0.0],[88.333114,43.825329,0.0],[88.333449,43.825178,0.0],[88.333646,43.824931,0.0],[88.333844,43.824683,0.0],[88.333973,43.824388,0.0]]]}},{"type":"Feature","properties":{"rgi_id":"RGI2000-v7.0-G-13-41500","o1region":"13"},"geometry":{"type":"Polygon","coordinates":[[[88.316383,43.830617,0.0],[88.316315,43.830618,0.0],[88.315843,43.830672,0.0],[88.315439,43.830775,0.0],[88.315034,43.830829,0.0],[88.314628,43.830833,0.0],[88.314224,43.830887,0.0],[88.313818,43.830892,0.0],[88.313412,43.830896,0.0],[88.313077,43.831047,0.0],[88.312879,43.831294,0.0],[88.312613,43.831493,0.0],[88.312415,43.83174,0.0],[88.312149,43.831939,0.0],[88.311885,43.832236,0.0],[88.311687,43.832484,0.0],[88.31149,43.832731,0.0],[88.31143,43.833074,0.0],[88.311301,43.83337,0.0],[88.311772,43.833266,0.0],[88.312036,43.832969,0.0],[88.312303,43.83277,0.0],[88.312705,43.832619,0.0],[88.313108,43.832467,0.0],[88.313512,43.832365,0.0],[88.313915,43.832262,0.0],[88.314319,43.832159,0.0],[88.314585,43.83196,0.0],[88.314851,43.831712,0.0],[88.315048,43.831465,0.0],[88.315315,43.831266,0.0],[88.316383,43.830617,0.0]]]}},{"type":"Feature","properties":{"rgi_id":"RGI2000-v7.0-G-13-41501","o1region":"13"},"geometry":{"type":"Polygon","coordinates":[[[88.340506,43.806161,0.0],[88.341162,43.807405,0.0],[88.341574,43.807301,0.0],[88.342046,43.807247,0.0],[88.342517,43.807143,0.0],[88.342988,43.80704,0.0],[88.34335,43.806904,0.0],[88.343696,43.806828,0.0],[88.344049,43.80672,0.0],[88.344547,43.806663,0.0],[88.344901,43.806555,0.0],[88.345398,43.806498,0.0],[88.345729,43.806398,0.0],[88.345831,43.806469,0.0],[88.345839,43.8065,0.0],[88.345902,43.80675,0.0],[88.345945,43.80678,0.0],[88.346192,43.806953,0.0],[88.34655,43.807052,0.0],[88.347052,43.807201,0.0],[88.347324,43.807222,0.0],[88.347729,43.807327,0.0],[88.348072,43.807519,0.0],[88.348347,43.807712,0.0],[88.348622,43.807904,0.0],[88.349032,43.808095,0.0],[88.349378,43.808154,0.0],[88.349575,43.808187,0.0],[88.350118,43.808278,0.0],[88.350253,43.808277,0.0],[88.350658,43.808223,0.0],[88.350891,43.80822,0.0],[88.351064,43.808218,0.0],[88.351468,43.808165,0.0],[88.351872,43.808062,0.0],[88.352274,43.80791,0.0],[88.352678,43.807807,0.0],[88.35272,43.807791,0.0],[88.352766,43.807804,0.0],[88.353197,43.807954,0.0],[88.353624,43.807949,0.0],[88.354051,43.807944,0.0],[88.354479,43.807939,0.0],[88.354905,43.807882,0.0],[88.355123,43.807853,0.0],[88.355317,43.807874,0.0],[88.355725,43.807967,0.0],[88.356266,43.807961,0.0],[88.356672,43.807956,0.0],[88.357079,43.808,0.0],[88.357486,43.808044,0.0],[88.357891,43.808039,0.0],[88.358299,43.808132,0.0],[88.358706,43.808177,0.0],[88.359046,43.808254,0.0],[88.35941,43.808156,0.0],[88.359902,43.808103,0.0],[88.360364,43.808169,0.0],[88.360535,43.808452,0.0],[88.360509,43.808762,0.0],[88.360287,43.809099,0.0],[88.360093,43.809268,0.0],[88.359834,43.809437,0.0],[88.359544,43.809727,0.0],[88.359418,43.809966,0.0],[88.359063,43.81028,0.0],[88.358545,43.81062,0.0],[88.358222,43.81091,0.0],[88.357702,43.811154,0.0],[88.357445,43.811443,0.0],[88.35699,43.811687,0.0],[88.356469,43.811907,0.0],[88.355947,43.812104,0.0],[88.355491,43.8123,0.0],[88.355279,43.812326,0.0],[88.354954,43.812237,0.0],[88.354454,43.812191,0.0],[88.354095,43.81204,0.0],[88.353946,43.811784,0.0],[88.353939,43.811475,0.0],[88.354004,43.811164,0.0],[88.354284,43.810955,0.0],[88.354636,43.810796,0.0],[88.354917,43.810586,0.0],[88.355053,43.810326,0.0],[88.355118,43.810016,0.0],[88.355039,43.809707,0.0],[88.354819,43.8094,0.0],[88.35439,43.809354,0.0],[88.353893,43.809411,0.0],[88.353466,43.809468,0.0],[88.35304,43.809525,0.0],[88.352689,43.809735,0.0],[88.352552,43.809995,0.0],[88.352272,43.810204,0.0],[88.351918,43.810312,0.0],[88.351492,43.810368,0.0],[88.351066,43.810425,0.0],[88.350929,43.810685,0.0],[88.351148,43.81094,0.0],[88.351579,43.81109,0.0],[88.352009,43.811188,0.0],[88.352368,43.811287,0.0],[88.352726,43.811386,0.0],[88.353017,43.81164,0.0],[88.353308,43.811895,0.0],[88.353456,43.812151,0.0],[88.353604,43.812407,0.0],[88.353611,43.812717,0.0],[88.353616,43.812927,0.0],[88.353618,43.813026,0.0],[88.353532,43.813189,0.0],[88.353481,43.813286,0.0],[88.353274,43.813546,0.0],[88.353278,43.813757,0.0],[88.353282,43.813907,0.0],[88.353289,43.814217,0.0],[88.353294,43.814463,0.0],[88.353833,43.81463,0.0],[88.35466,43.814835,0.0],[88.355288,43.814994,0.0],[88.35559,43.815229,0.0],[88.355894,43.815607,0.0],[88.355769,43.815894,0.0],[88.355377,43.815994,0.0],[88.354818,43.816001,0.0],[88.354385,43.815791,0.0],[88.353988,43.815701,0.0],[88.353655,43.81549,0.0],[88.353421,43.81535,0.0],[88.353024,43.815259,0.0],[88.352727,43.815215,0.0],[88.3523,43.81522,0.0],[88.351807,43.81525,0.0],[88.351681,43.81549,0.0],[88.351558,43.815872,0.0],[88.351827,43.816131,0.0],[88.351965,43.816415,0.0],[88.351952,43.816491,0.0],[88.351858,43.816438,0.0],[88.35145,43.816345,0.0],[88.350974,43.816253,0.0],[88.350565,43.816111,0.0],[88.350089,43.815969,0.0],[88.349682,43.815925,0.0],[88.349273,43.815783,0.0],[88.348866,43.815739,0.0],[88.348389,43.815598,0.0],[88.348114,43.815405,0.0],[88.347839,43.815212,0.0],[88.347831,43.814869,0.0],[88.34796,43.814574,0.0],[88.348089,43.814279,0.0],[88.34815,43.813984,0.0],[88.348143,43.81369,0.0],[88.348136,43.813396,0.0],[88.34813,43.813102,0.0],[88.348056,43.812809,0.0],[88.347914,43.812517,0.0],[88.347705,43.812275,0.0],[88.347497,43.812032,0.0],[88.347154,43.81184,0.0],[88.346747,43.811747,0.0],[88.34627,43.811606,0.0],[88.345863,43.811562,0.0],[88.345388,43.811518,0.0],[88.344914,43.811475,0.0],[88.344507,43.811431,0.0],[88.3441,43.811386,0.0],[88.343958,43.811094,0.0],[88.34375,43.810852,0.0],[88.343474,43.81061,0.0],[88.343133,43.810467,0.0],[88.342791,43.810324,0.0],[88.342383,43.810231,0.0],[88.342042,43.810088,0.0],[88.3417,43.809945,0.0],[88.341295,43.80995,0.0],[88.340888,43.809906,0.0],[88.340482,43.80991,0.0],[88.340147,43.810061,0.0],[88.340087,43.810405,0.0],[88.340162,43.810698,0.0],[88.340263,43.810907,0.0],[88.340168,43.810908,0.0],[88.339791,43.811051,0.0],[88.339607,43.811328,0.0],[88.339613,43.811603,0.0],[88.339619,43.811861,0.0],[88.339889,43.811826,0.0],[88.340317,43.811872,0.0],[88.340608,43.812127,0.0],[88.340898,43.81233,0.0],[88.341046,43.812586,0.0],[88.340982,43.812896,0.0],[88.340667,43.813038,0.0],[88.340692,43.813104,0.0],[88.340888,43.813377,0.0],[88.340989,43.813651,0.0],[88.341185,43.813924,0.0],[88.341568,43.814057,0.0],[88.341946,43.813983,0.0],[88.342421,43.813978,0.0],[88.342501,43.813977,0.0],[88.342535,43.814001,0.0],[88.342877,43.814144,0.0],[88.343152,43.814337,0.0],[88.343427,43.814529,0.0],[88.343702,43.814722,0.0],[88.343843,43.815014,0.0],[88.344054,43.815355,0.0],[88.344263,43.815646,0.0],[88.34427,43.81594,0.0],[88.344277,43.816234,0.0],[88.344216,43.816528,0.0],[88.344217,43.816606,0.0],[88.343976,43.816516,0.0],[88.34371,43.816423,0.0],[88.343319,43.816571,0.0],[88.343032,43.816764,0.0],[88.343,43.816641,0.0],[88.342791,43.816349,0.0],[88.342583,43.816107,0.0],[88.342239,43.815866,0.0],[88.341896,43.815674,0.0],[88.341622,43.815481,0.0],[88.34128,43.815338,0.0],[88.341005,43.815146,0.0],[88.340528,43.815004,0.0],[88.34012,43.814911,0.0],[88.339955,43.814879,0.0],[88.33997,43.814832,0.0],[88.340059,43.814556,0.0],[88.340148,43.81428,0.0],[88.339952,43.814007,0.0],[88.33957,43.813942,0.0],[88.339189,43.813878,0.0],[88.338807,43.813814,0.0],[88.338424,43.813681,0.0],[88.338043,43.813616,0.0],[88.337663,43.813621,0.0],[88.337283,43.813625,0.0],[88.336903,43.81363,0.0],[88.336523,43.813634,0.0],[88.336146,43.813776,0.0],[88.335866,43.813986,0.0],[88.335682,43.814263,0.0],[88.335498,43.814541,0.0],[88.335411,43.814886,0.0],[88.335417,43.815161,0.0],[88.335423,43.815436,0.0],[88.335431,43.81578,0.0],[88.335437,43.816055,0.0],[88.335534,43.816221,0.0],[88.335488,43.816484,0.0],[88.335497,43.816876,0.0],[88.335503,43.817169,0.0],[88.335504,43.817191,0.0],[88.335208,43.817262,0.0],[88.334914,43.81736,0.0],[88.334689,43.817601,0.0],[88.334468,43.818009,0.0],[88.33445,43.818652,0.0],[88.334523,43.818985,0.0],[88.33473,43.819411,0.0],[88.335097,43.819669,0.0],[88.335728,43.819924,0.0],[88.336293,43.820179,0.0],[88.336758,43.820388,0.0],[88.337582,43.82045,0.0],[88.338276,43.820561,0.0],[88.33897,43.820696,0.0],[88.339633,43.820926,0.0],[88.340132,43.821159,0.0],[88.340864,43.821555,0.0],[88.341203,43.822004,0.0],[88.341508,43.822381,0.0],[88.341976,43.822709,0.0],[88.342345,43.823014,0.0],[88.342747,43.823343,0.0],[88.342956,43.823841,0.0],[88.343128,43.824196,0.0],[88.343593,43.824405,0.0],[88.343799,43.82476,0.0],[88.343576,43.825096,0.0],[88.34365,43.825453,0.0],[88.343957,43.825926,0.0],[88.34436,43.826326,0.0],[88.344958,43.826557,0.0],[88.345624,43.82693,0.0],[88.345927,43.827237,0.0],[88.346034,43.827569,0.0],[88.346271,43.8279,0.0],[88.346802,43.828084,0.0],[88.347533,43.828409,0.0],[88.348062,43.828522,0.0],[88.349215,43.828579,0.0],[88.35014,43.828711,0.0],[88.3508,43.828823,0.0],[88.351526,43.828886,0.0],[88.352648,43.829063,0.0],[88.353506,43.829172,0.0],[88.354332,43.829305,0.0],[88.355227,43.829604,0.0],[88.355825,43.829859,0.0],[88.35639,43.830091,0.0],[88.357123,43.830487,0.0],[88.357497,43.831007,0.0],[88.357896,43.831216,0.0],[88.358365,43.831568,0.0],[88.358702,43.831897,0.0],[88.359206,43.832368,0.0],[88.359707,43.832672,0.0],[88.360141,43.832952,0.0],[88.360575,43.833257,0.0],[88.361041,43.83349,0.0],[88.3618,43.833552,0.0],[88.362592,43.833638,0.0],[88.363584,43.833864,0.0],[88.364381,43.834164,0.0],[88.365111,43.834465,0.0],[88.365708,43.834649,0.0],[88.366369,43.83476,0.0],[88.367423,43.834795,0.0],[88.368608,43.834805,0.0],[88.369925,43.83486,0.0],[88.370945,43.834848,0.0],[88.3717,43.834744,0.0],[88.372521,43.834662,0.0],[88.373437,43.834437,0.0],[88.374451,43.834163,0.0],[88.375203,43.833963,0.0],[88.376085,43.833667,0.0],[88.376967,43.83337,0.0],[88.377617,43.833029,0.0],[88.378002,43.832595,0.0],[88.378257,43.832235,0.0],[88.378742,43.831848,0.0],[88.379364,43.831521,0.0],[88.380013,43.831113,0.0],[88.380611,43.830782,0.0],[88.381025,43.830491,0.0],[88.381438,43.830124,0.0],[88.382114,43.829754,0.0],[88.382765,43.829441,0.0],[88.383288,43.829282,0.0],[88.383705,43.829125,0.0],[88.384096,43.828948,0.0],[88.384355,43.828755,0.0],[88.384562,43.8286,0.0],[88.38516,43.828268,0.0],[88.385733,43.828014,0.0],[88.386123,43.827818,0.0],[88.387145,43.827615,0.0],[88.387824,43.827379,0.0],[88.388531,43.827218,0.0],[88.389056,43.827154,0.0],[88.389315,43.826979,0.0],[88.389573,43.826728,0.0],[88.389567,43.826481,0.0],[88.389667,43.826251,0.0],[88.389926,43.826057,0.0],[88.390425,43.826013,0.0],[88.391135,43.825985,0.0],[88.392003,43.825937,0.0],[88.392847,43.826041,0.0],[88.393691,43.826087,0.0],[88.394246,43.826195,0.0],[88.394349,43.826206,0.0],[88.39446,43.826164,0.0],[88.394795,43.826013,0.0],[88.395197,43.825861,0.0],[88.395463,43.825662,0.0],[88.395797,43.825462,0.0],[88.396063,43.825263,0.0],[88.396329,43.825064,0.0],[88.396595,43.824864,0.0],[88.396723,43.824569,0.0],[88.396852,43.824273,0.0],[88.39698,43.823978,0.0],[88.397109,43.823683,0.0],[88.397237,43.823387,0.0],[88.397365,43.823092,0.0],[88.397359,43.822798,0.0],[88.397419,43.822503,0.0],[88.397388,43.822361,0.0],[88.397351,43.822348,0.0],[88.397152,43.822276,0.0],[88.396825,43.822061,0.0],[88.396584,43.821902,0.0],[88.395847,43.821606,0.0],[88.395567,43.821467,0.0],[88.395148,43.821258,0.0],[88.394748,43.821034,0.0],[88.394328,43.820796,0.0],[88.393929,43.820644,0.0],[88.393409,43.820335,0.0],[88.393028,43.820083,0.0],[88.392805,43.819828,0.0],[88.392329,43.819748,0.0],[88.391771,43.819526,0.0],[88.391355,43.81946,0.0],[88.390882,43.819466,0.0],[88.390427,43.819428,0.0],[88.389929,43.819249,0.0],[88.389513,43.819197,0.0],[88.389174,43.819058,0.0],[88.388794,43.818805,0.0],[88.388299,43.81874,0.0],[88.387938,43.81853,0.0],[88.38756,43.818377,0.0],[88.387181,43.81821,0.0],[88.386939,43.817999,0.0],[88.386891,43.817628,0.0],[88.386726,43.817315,0.0],[88.386483,43.817046,0.0],[88.38624,43.816806,0.0],[88.385979,43.816624,0.0],[88.385797,43.816426,0.0],[88.385711,43.816127,0.0],[88.385447,43.815801,0.0],[88.38523,43.815506,0.0],[88.385144,43.815391,0.0],[88.385343,43.815205,0.0],[88.385539,43.814908,0.0],[88.385872,43.814659,0.0],[88.386068,43.814363,0.0],[88.386265,43.814116,0.0],[88.386354,43.814075,0.0],[88.386562,43.814203,0.0],[88.387042,43.814498,0.0],[88.387422,43.814708,0.0],[88.388,43.814929,0.0],[88.388556,43.815065,0.0],[88.388973,43.815175,0.0],[88.389469,43.815297,0.0],[88.389985,43.81542,0.0],[88.390343,43.815544,0.0],[88.390709,43.815607,0.0],[88.39042,43.815339,0.0],[88.390145,43.815146,0.0],[88.38987,43.814954,0.0],[88.389683,43.814695,0.0],[88.389408,43.814502,0.0],[88.389222,43.814243,0.0],[88.388945,43.813985,0.0],[88.388759,43.813726,0.0],[88.388484,43.813534,0.0],[88.388297,43.813275,0.0],[88.388022,43.813082,0.0],[88.387836,43.812823,0.0],[88.387559,43.812565,0.0],[88.387281,43.812242,0.0],[88.387095,43.811983,0.0],[88.386907,43.811659,0.0],[88.386718,43.811269,0.0],[88.38653,43.810945,0.0],[88.386343,43.810686,0.0],[88.386156,43.810362,0.0],[88.385969,43.810103,0.0],[88.385781,43.809778,0.0],[88.385684,43.809453,0.0],[88.385497,43.809194,0.0],[88.385311,43.808935,0.0],[88.385213,43.808609,0.0],[88.385114,43.808219,0.0],[88.385016,43.807893,0.0],[88.385009,43.807567,0.0],[88.385001,43.80724,0.0],[88.384994,43.806914,0.0],[88.384985,43.806522,0.0],[88.385067,43.806195,0.0],[88.38515,43.805867,0.0],[88.385228,43.805718,0.0],[88.384983,43.805461,0.0],[88.384774,43.805219,0.0],[88.384632,43.804926,0.0],[88.384422,43.804635,0.0],[88.384081,43.804492,0.0],[88.383604,43.804351,0.0],[88.383195,43.804209,0.0],[88.382787,43.804116,0.0],[88.382689,43.804094,0.0],[88.382405,43.803848,0.0],[88.38204,43.803031,0.0],[88.381777,43.802684,0.0],[88.381806,43.802619,0.0],[88.382003,43.802372,0.0],[88.382131,43.802076,0.0],[88.382396,43.801828,0.0],[88.382727,43.80153,0.0],[88.383061,43.80133,0.0],[88.383396,43.801179,0.0],[88.383662,43.80098,0.0],[88.383926,43.800732,0.0],[88.384208,43.800605,0.0],[88.384204,43.800381,0.0],[88.384378,43.800118,0.0],[88.384552,43.799855,0.0],[88.384727,43.799591,0.0],[88.384854,43.799398,0.0],[88.384743,43.799336,0.0],[88.38477,43.799203,0.0],[88.384764,43.798909,0.0],[88.384757,43.798616,0.0],[88.38475,43.798322,0.0],[88.384608,43.79803,0.0],[88.384202,43.798035,0.0],[88.383797,43.798039,0.0],[88.383391,43.798044,0.0],[88.383056,43.798195,0.0],[88.382655,43.798396,0.0],[88.382253,43.798548,0.0],[88.381782,43.798652,0.0],[88.381376,43.798657,0.0],[88.380969,43.798612,0.0],[88.38056,43.79847,0.0],[88.380152,43.798377,0.0],[88.379742,43.798186,0.0],[88.379266,43.798045,0.0],[88.378859,43.798001,0.0],[88.378452,43.797957,0.0],[88.378044,43.797864,0.0],[88.377703,43.797721,0.0],[88.377296,43.797677,0.0],[88.376961,43.797828,0.0],[88.376764,43.798075,0.0],[88.376569,43.798421,0.0],[88.376441,43.798716,0.0],[88.376447,43.79901,0.0],[88.376387,43.799305,0.0],[88.376327,43.799648,0.0],[88.376334,43.799942,0.0],[88.37634,43.800236,0.0],[88.376482,43.800528,0.0],[88.376824,43.800671,0.0],[88.377299,43.800763,0.0],[88.377774,43.800806,0.0],[88.378315,43.8008,0.0],[88.378855,43.800793,0.0],[88.379261,43.800788,0.0],[88.379536,43.800981,0.0],[88.379678,43.801273,0.0],[88.379482,43.80157,0.0],[88.379216,43.801769,0.0],[88.378881,43.80192,0.0],[88.378478,43.802022,0.0],[88.378073,43.802076,0.0],[88.377669,43.80213,0.0],[88.377334,43.802281,0.0],[88.377001,43.802481,0.0],[88.376735,43.80268,0.0],[88.376741,43.802974,0.0],[88.37668,43.803269,0.0],[88.376416,43.803517,0.0],[88.37615,43.803716,0.0],[88.375884,43.803915,0.0],[88.375686,43.804162,0.0],[88.37554,43.804421,0.0],[88.375488,43.804361,0.0],[88.375346,43.804069,0.0],[88.375272,43.803776,0.0],[88.375062,43.803484,0.0],[88.374785,43.803194,0.0],[88.37451,43.803001,0.0],[88.374234,43.802759,0.0],[88.374025,43.802517,0.0],[88.373816,43.802226,0.0],[88.373674,43.801933,0.0],[88.373465,43.801691,0.0],[88.373257,43.801449,0.0],[88.372982,43.801256,0.0],[88.372706,43.801014,0.0],[88.37243,43.800773,0.0],[88.372086,43.800532,0.0],[88.37181,43.80029,0.0],[88.371602,43.800048,0.0],[88.371327,43.799855,0.0],[88.37092,43.799811,0.0],[88.370514,43.799816,0.0],[88.370108,43.799772,0.0],[88.369699,43.79963,0.0],[88.369423,43.799388,0.0],[88.369214,43.799146,0.0],[88.368805,43.799004,0.0],[88.368396,43.798862,0.0],[88.36799,43.798867,0.0],[88.367581,43.798724,0.0],[88.367175,43.79868,0.0],[88.366767,43.798587,0.0],[88.366361,43.798592,0.0],[88.365888,43.798598,0.0],[88.365622,43.798797,0.0],[88.365628,43.799091,0.0],[88.365635,43.799385,0.0],[88.365711,43.799727,0.0],[88.365853,43.800019,0.0],[88.365928,43.800361,0.0],[88.365935,43.800655,0.0],[88.365941,43.800948,0.0],[88.365745,43.801245,0.0],[88.365548,43.801492,0.0],[88.365419,43.801787,0.0],[88.365358,43.802082,0.0],[88.365365,43.802376,0.0],[88.365304,43.80267,0.0],[88.365379,43.802964,0.0],[88.365587,43.803206,0.0],[88.36544,43.803392,0.0],[88.365376,43.803702,0.0],[88.365524,43.803958,0.0],[88.365884,43.804109,0.0],[88.366314,43.804207,0.0],[88.366672,43.804306,0.0],[88.367032,43.804456,0.0],[88.367457,43.804348,0.0],[88.367879,43.804137,0.0],[88.36816,43.803927,0.0],[88.36844,43.803717,0.0],[88.368575,43.803406,0.0],[88.368639,43.803096,0.0],[88.368632,43.802786,0.0],[88.368554,43.802477,0.0],[88.368406,43.802221,0.0],[88.368257,43.801965,0.0],[88.367968,43.801762,0.0],[88.367818,43.801454,0.0],[88.367529,43.801251,0.0],[88.367326,43.80111,0.0],[88.36743,43.80098,0.0],[88.367902,43.800925,0.0],[88.368309,43.800969,0.0],[88.368784,43.801061,0.0],[88.369126,43.801204,0.0],[88.369533,43.801248,0.0],[88.369941,43.801341,0.0],[88.370346,43.801337,0.0],[88.370751,43.801283,0.0],[88.371157,43.801278,0.0],[88.371431,43.80147,0.0],[88.371371,43.801765,0.0],[88.37131,43.80206,0.0],[88.371249,43.802354,0.0],[88.371457,43.802597,0.0],[88.371865,43.80269,0.0],[88.372273,43.802783,0.0],[88.372615,43.802926,0.0],[88.372956,43.803069,0.0],[88.373164,43.803311,0.0],[88.373171,43.803605,0.0],[88.373178,43.803899,0.0],[88.373049,43.804194,0.0],[88.373056,43.804488,0.0],[88.37306,43.80467,0.0],[88.372796,43.804812,0.0],[88.372216,43.804762,0.0],[88.371608,43.804636,0.0],[88.370895,43.804549,0.0],[88.370316,43.804537,0.0],[88.369711,43.804544,0.0],[88.369317,43.804587,0.0],[88.368765,43.804613,0.0],[88.36837,43.804598,0.0],[88.368081,43.80464,0.0],[88.367953,43.804794,0.0],[88.367854,43.805062,0.0],[88.367673,43.805198,0.0],[88.367598,43.805351,0.0],[88.367732,43.805483,0.0],[88.368156,43.805611,0.0],[88.368611,43.80593,0.0],[88.368956,43.806078,0.0],[88.369303,43.806264,0.0],[88.369367,43.806759,0.0],[88.36956,43.807157,0.0],[88.369775,43.807345,0.0],[88.369835,43.807687,0.0],[88.369604,43.807919,0.0],[88.369456,43.808359,0.0],[88.369411,43.808683,0.0],[88.368884,43.808652,0.0],[88.368669,43.808483,0.0],[88.36835,43.808353,0.0],[88.368084,43.808223,0.0],[88.367764,43.808036,0.0],[88.367369,43.808003,0.0],[88.366893,43.807913,0.0],[88.36639,43.807883,0.0],[88.366319,43.807561,0.0],[88.366312,43.807251,0.0],[88.366305,43.806942,0.0],[88.366298,43.806632,0.0],[88.366078,43.806377,0.0],[88.36572,43.806278,0.0],[88.365464,43.80625,0.0],[88.365423,43.806088,0.0],[88.365348,43.805795,0.0],[88.365274,43.805502,0.0],[88.365132,43.80521,0.0],[88.365058,43.804917,0.0],[88.364916,43.804625,0.0],[88.364842,43.804332,0.0],[88.364835,43.804038,0.0],[88.364761,43.803745,0.0],[88.364619,43.803453,0.0],[88.364343,43.803211,0.0],[88.364001,43.803068,0.0],[88.363594,43.803024,0.0],[88.363593,43.802985,0.0],[88.363791,43.802738,0.0],[88.363986,43.802392,0.0],[88.364183,43.802145,0.0],[88.364312,43.80185,0.0],[88.36444,43.801554,0.0],[88.364501,43.80126,0.0],[88.364561,43.800916,0.0],[88.364419,43.800624,0.0],[88.364211,43.800381,0.0],[88.364002,43.800139,0.0],[88.363661,43.799996,0.0],[88.363319,43.799853,0.0],[88.363111,43.799611,0.0],[88.362835,43.799369,0.0],[88.36271,43.799371,0.0],[88.36276,43.799275,0.0],[88.362541,43.79902,0.0],[88.362321,43.798764,0.0],[88.361963,43.798665,0.0],[88.361604,43.798567,0.0],[88.361245,43.798416,0.0],[88.361096,43.79816,0.0],[88.360948,43.797904,0.0],[88.360588,43.797753,0.0],[88.360019,43.79776,0.0],[88.359593,43.797817,0.0],[88.35924,43.797976,0.0],[88.35896,43.798185,0.0],[88.358896,43.798496,0.0],[88.358688,43.798756,0.0],[88.358624,43.799066,0.0],[88.358703,43.799427,0.0],[88.358852,43.799734,0.0],[88.359074,43.800093,0.0],[88.359223,43.800349,0.0],[88.359339,43.800491,0.0],[88.35901,43.800688,0.0],[88.358606,43.800791,0.0],[88.358273,43.800991,0.0],[88.358099,43.801186,0.0],[88.35752,43.801103,0.0],[88.356571,43.801019,0.0],[88.355776,43.800781,0.0],[88.354931,43.800658,0.0],[88.354611,43.800471,0.0],[88.353978,43.800383,0.0],[88.353556,43.800369,0.0],[88.353259,43.800354,0.0],[88.353022,43.800216,0.0],[88.352664,43.800117,0.0],[88.352302,43.799864,0.0],[88.351875,43.79992,0.0],[88.351595,43.80013,0.0],[88.351387,43.800391,0.0],[88.351181,43.800703,0.0],[88.350973,43.800963,0.0],[88.350546,43.800968,0.0],[88.35012,43.800973,0.0],[88.34969,43.800927,0.0],[88.349262,43.800932,0.0],[88.348835,43.800937,0.0],[88.348408,43.800942,0.0],[88.347979,43.800895,0.0],[88.34755,43.800797,0.0],[88.347475,43.800668,0.0],[88.347401,43.800541,0.0],[88.347322,43.800181,0.0],[88.347174,43.799924,0.0],[88.346675,43.79993,0.0],[88.346468,43.800191,0.0],[88.346262,43.800554,0.0],[88.346206,43.800683,0.0],[88.346092,43.800684,0.0],[88.345685,43.80064,0.0],[88.345603,43.800641,0.0],[88.345501,43.800584,0.0],[88.345197,43.800479,0.0],[88.345119,43.800413,0.0],[88.344756,43.800108,0.0],[88.344537,43.799852,0.0],[88.344317,43.799597,0.0],[88.344098,43.799341,0.0],[88.344019,43.799033,0.0],[88.343729,43.798778,0.0],[88.343509,43.798523,0.0],[88.34308,43.798425,0.0],[88.342727,43.798584,0.0],[88.342663,43.798894,0.0],[88.34267,43.799203,0.0],[88.342748,43.799512,0.0],[88.342826,43.799821,0.0],[88.343116,43.800024,0.0],[88.343216,43.800198,0.0],[88.342861,43.800409,0.0],[88.34251,43.800619,0.0],[88.342231,43.800881,0.0],[88.34195,43.80109,0.0],[88.341524,43.801147,0.0],[88.3411,43.801307,0.0],[88.340674,43.801363,0.0],[88.340249,43.801471,0.0],[88.340469,43.801727,0.0],[88.340758,43.80193,0.0],[88.34098,43.802288,0.0],[88.341199,43.802544,0.0],[88.341558,43.802643,0.0],[88.341985,43.802638,0.0],[88.342412,43.802633,0.0],[88.342841,43.802679,0.0],[88.342924,43.802678,0.0],[88.342961,43.802827,0.0],[88.343303,43.80297,0.0],[88.343511,43.803213,0.0],[88.34392,43.803355,0.0],[88.344329,43.803497,0.0],[88.344806,43.803639,0.0],[88.345147,43.803781,0.0],[88.345489,43.803924,0.0],[88.345898,43.804067,0.0],[88.346239,43.804209,0.0],[88.346284,43.804228,0.0],[88.346133,43.804881,0.0],[88.346116,43.804897,0.0],[88.345579,43.804952,0.0],[88.345175,43.805006,0.0],[88.34477,43.80506,0.0],[88.344369,43.80526,0.0],[88.343964,43.805314,0.0],[88.343562,43.805466,0.0],[88.343158,43.805568,0.0],[88.342755,43.805671,0.0],[88.342351,43.805774,0.0],[88.342016,43.805925,0.0],[88.341613,43.806027,0.0],[88.341209,43.80613,0.0],[88.340719,43.80618,0.0],[88.340506,43.806161,0.0]],[[88.365768,43.808393,0.0],[88.366268,43.808438,0.0],[88.366294,43.808419,0.0],[88.366326,43.808434,0.0],[88.367039,43.808559,0.0],[88.367544,43.808744,0.0],[88.368098,43.808833,0.0],[88.368654,43.808959,0.0],[88.369026,43.809126,0.0],[88.369503,43.809273,0.0],[88.3699,43.809364,0.0],[88.370272,43.809531,0.0],[88.370462,43.809757,0.0],[88.370284,43.810064,0.0],[88.37005,43.810181,0.0],[88.369656,43.810186,0.0],[88.369285,43.810095,0.0],[88.368993,43.809965,0.0],[88.368569,43.809856,0.0],[88.36812,43.809766,0.0],[88.367645,43.809734,0.0],[88.367437,43.809851,0.0],[88.367521,43.810059,0.0],[88.367868,43.810265,0.0],[88.368451,43.810448,0.0],[88.369032,43.810537,0.0],[88.369377,43.810685,0.0],[88.369723,43.810852,0.0],[88.370149,43.811057,0.0],[88.370868,43.81141,0.0],[88.371431,43.811861,0.0],[88.371732,43.812353,0.0],[88.372056,43.81273,0.0],[88.37238,43.813107,0.0],[88.372599,43.813467,0.0],[88.372868,43.813711,0.0],[88.373136,43.813918,0.0],[88.373223,43.814279,0.0],[88.373362,43.814582,0.0],[88.373554,43.814923,0.0],[88.373934,43.815433,0.0],[88.374388,43.815713,0.0],[88.374814,43.815937,0.0],[88.375215,43.816218,0.0],[88.375808,43.816549,0.0],[88.376229,43.816801,0.0],[88.376766,43.81698,0.0],[88.377225,43.817218,0.0],[88.377665,43.817441,0.0],[88.378124,43.817679,0.0],[88.378524,43.817888,0.0],[88.378983,43.818112,0.0],[88.379265,43.818337,0.0],[88.379786,43.818688,0.0],[88.380088,43.818927,0.0],[88.380331,43.819196,0.0],[88.380632,43.819435,0.0],[88.380895,43.819704,0.0],[88.381118,43.819972,0.0],[88.38142,43.820226,0.0],[88.381566,43.820539,0.0],[88.381932,43.82102,0.0],[88.382137,43.821361,0.0],[88.382344,43.821759,0.0],[88.382705,43.822012,0.0],[88.382908,43.822223,0.0],[88.383188,43.822406,0.0],[88.383609,43.822687,0.0],[88.383747,43.822764,0.0],[88.383536,43.822933,0.0],[88.383145,43.823109,0.0],[88.382859,43.823246,0.0],[88.382387,43.823328,0.0],[88.38205,43.823561,0.0],[88.381554,43.823738,0.0],[88.381192,43.824029,0.0],[88.380802,43.824243,0.0],[88.380439,43.824476,0.0],[88.379864,43.824654,0.0],[88.37934,43.824775,0.0],[88.37882,43.825029,0.0],[88.378458,43.8253,0.0],[88.378095,43.825571,0.0],[88.377704,43.825729,0.0],[88.37734,43.825905,0.0],[88.377082,43.826174,0.0],[88.37677,43.826312,0.0],[88.376299,43.826451,0.0],[88.375988,43.826664,0.0],[88.375386,43.826824,0.0],[88.374812,43.82704,0.0],[88.374261,43.827104,0.0],[88.373787,43.82711,0.0],[88.373341,43.827172,0.0],[88.372894,43.827178,0.0],[88.372365,43.827089,0.0],[88.371754,43.826829,0.0],[88.371277,43.826702,0.0],[88.370797,43.826422,0.0],[88.370396,43.82616,0.0],[88.370178,43.825857,0.0],[88.369881,43.825537,0.0],[88.369584,43.825197,0.0],[88.369261,43.824877,0.0],[88.368778,43.824483,0.0],[88.368241,43.824032,0.0],[88.367786,43.823675,0.0],[88.367618,43.823258,0.0],[88.36758,43.822725,0.0],[88.367568,43.822191,0.0],[88.367611,43.821791,0.0],[88.367761,43.821427,0.0],[88.368092,43.820965,0.0],[88.368394,43.820352,0.0],[88.368538,43.819721,0.0],[88.368821,43.819451,0.0],[88.368944,43.81917,0.0],[88.368898,43.819077,0.0],[88.368756,43.818784,0.0],[88.368681,43.818442,0.0],[88.368647,43.818289,0.0],[88.368606,43.818103,0.0],[88.368599,43.817807,0.0],[88.368626,43.817765,0.0],[88.368647,43.817605,0.0],[88.368692,43.817261,0.0],[88.368443,43.816711,0.0],[88.368512,43.816291,0.0],[88.368875,43.816039,0.0],[88.369105,43.815769,0.0],[88.369098,43.815446,0.0],[88.368855,43.815182,0.0],[88.368534,43.814957,0.0],[88.36795,43.814735,0.0],[88.367653,43.814396,0.0],[88.367409,43.814075,0.0],[88.367374,43.813732,0.0],[88.367471,43.813369,0.0],[88.367804,43.812945,0.0],[88.367926,43.812544,0.0],[88.368208,43.812197,0.0],[88.368386,43.811947,0.0],[88.368618,43.811716,0.0],[88.368612,43.81143,0.0],[88.3684,43.811395,0.0],[88.36798,43.811457,0.0],[88.36756,43.8115,0.0],[88.367344,43.811255,0.0],[88.367126,43.810895,0.0],[88.366858,43.810689,0.0],[88.366404,43.810427,0.0],[88.366133,43.810088,0.0],[88.365627,43.809827,0.0],[88.365046,43.809739,0.0],[88.364516,43.809573,0.0],[88.363955,43.80918,0.0],[88.363684,43.80884,0.0],[88.363461,43.80829,0.0],[88.363269,43.807968,0.0],[88.363725,43.807814,0.0],[88.364149,43.807961,0.0],[88.364376,43.807976,0.0],[88.364622,43.808149,0.0],[88.364981,43.808247,0.0],[88.365409,43.808294,0.0],[88.365768,43.808393,0.0]],[[88.351767,43.817871,0.0],[88.352395,43.818006,0.0],[88.35286,43.818168,0.0],[88.353452,43.818161,0.0],[88.354011,43.818178,0.0],[88.354603,43.818171,0.0],[88.35559,43.818135,0.0],[88.356442,43.818006,0.0],[88.356867,43.817882,0.0],[88.3572,43.818045,0.0],[88.357434,43.818233,0.0],[88.357768,43.818419,0.0],[88.358071,43.818725,0.0],[88.358308,43.819032,0.0],[88.358217,43.819391,0.0],[88.35826,43.819843,0.0],[88.358404,43.820389,0.0],[88.358182,43.820725,0.0],[88.358123,43.821035,0.0],[88.358296,43.821391,0.0],[88.358535,43.821793,0.0],[88.358484,43.822437,0.0],[88.358557,43.822769,0.0],[88.358467,43.823128,0.0],[88.358474,43.823461,0.0],[88.358152,43.823614,0.0],[88.357627,43.823668,0.0],[88.357005,43.823818,0.0],[88.356776,43.823892,0.0],[88.356687,43.823908,0.0],[88.356611,43.823854,0.0],[88.356228,43.823721,0.0],[88.355846,43.823657,0.0],[88.355461,43.823455,0.0],[88.355265,43.823182,0.0],[88.355259,43.822907,0.0],[88.355253,43.822632,0.0],[88.355057,43.822359,0.0],[88.354673,43.822226,0.0],[88.35449,43.822504,0.0],[88.354211,43.822782,0.0],[88.353931,43.822992,0.0],[88.353552,43.823065,0.0],[88.353272,43.823275,0.0],[88.352993,43.823553,0.0],[88.352713,43.823763,0.0],[88.352591,43.823947,0.0],[88.352106,43.823995,0.0],[88.351445,43.823836,0.0],[88.350741,43.823273,0.0],[88.350336,43.822825,0.0],[88.350031,43.822447,0.0],[88.349889,43.821973,0.0],[88.350112,43.82166,0.0],[88.350601,43.821464,0.0],[88.35089,43.821151,0.0],[88.351047,43.820816,0.0],[88.351006,43.820459,0.0],[88.350734,43.820057,0.0],[88.350332,43.819728,0.0],[88.350025,43.819255,0.0],[88.349884,43.818828,0.0],[88.350019,43.818539,0.0],[88.350078,43.818517,0.0],[88.350413,43.818366,0.0],[88.350883,43.818213,0.0],[88.351149,43.818014,0.0],[88.351577,43.81783,0.0],[88.351767,43.817871,0.0]],[[88.382966,43.81236,0.0],[88.383398,43.812255,0.0],[88.383719,43.81248,0.0],[88.383962,43.812763,0.0],[88.384204,43.812974,0.0],[88.384506,43.813228,0.0],[88.384702,43.813347,0.0],[88.384693,43.8134,0.0],[88.384632,43.813695,0.0],[88.384436,43.813991,0.0],[88.384238,43.814238,0.0],[88.384071,43.814491,0.0],[88.383743,43.814366,0.0],[88.383166,43.814173,0.0],[88.382768,43.814021,0.0],[88.382406,43.813754,0.0],[88.382142,43.813428,0.0],[88.381725,43.813304,0.0],[88.381289,43.813253,0.0],[88.381284,43.81301,0.0],[88.381676,43.812891,0.0],[88.381889,43.812716,0.0],[88.382359,43.812582,0.0],[88.382773,43.812548,0.0],[88.382966,43.81236,0.0]],[[88.378971,43.810169,0.0],[88.378595,43.80985,0.0],[88.378428,43.809433,0.0],[88.378264,43.809168,0.0],[88.377733,43.808965,0.0],[88.377228,43.808761,0.0],[88.377087,43.808343,0.0],[88.376918,43.80785,0.0],[88.376825,43.807241,0.0],[88.376762,43.806785,0.0],[88.37641,43.806351,0.0],[88.376137,43.805935,0.0],[88.3762,43.80592,0.0],[88.376398,43.805672,0.0],[88.376594,43.805376,0.0],[88.37679,43.80508,0.0],[88.377056,43.804881,0.0],[88.37739,43.80473,0.0],[88.377796,43.804725,0.0],[88.378062,43.804526,0.0],[88.378327,43.804278,0.0],[88.378593,43.804078,0.0],[88.378996,43.803976,0.0],[88.3794,43.803873,0.0],[88.379732,43.803828,0.0],[88.379917,43.804044,0.0],[88.380277,43.804194,0.0],[88.380349,43.80421,0.0],[88.380649,43.804727,0.0],[88.380759,43.805226,0.0],[88.38147,43.806111,0.0],[88.381338,43.806791,0.0],[88.381255,43.807507,0.0],[88.381475,43.808047,0.0],[88.381462,43.808333,0.0],[88.38139,43.808649,0.0],[88.381399,43.809049,0.0],[88.381606,43.809474,0.0],[88.381424,43.809521,0.0],[88.381023,43.809722,0.0],[88.38062,43.809873,0.0],[88.380217,43.809976,0.0],[88.379882,43.810127,0.0],[88.379412,43.81028,0.0],[88.37938,43.810288,0.0],[88.378971,43.810169,0.0]]]}},{"type":"Feature","properties":{"rgi_id":"RGI2000-v7.0-G-13-41502","o1region":"13"},"geometry":{"type":"Polygon","coordinates":[[[88.37557,43.822679,0.0],[88.375497,43.822382,0.0],[88.375457,43.822061,0.0],[88.375336,43.821801,0.0],[88.375051,43.821566,0.0],[88.37473,43.821201,0.0],[88.374396,43.821002,0.0],[88.374144,43.820767,0.0],[88.373763,43.820652,0.0],[88.373317,43.820574,0.0],[88.372759,43.820605,0.0],[88.372432,43.820692,0.0],[88.372255,43.820873,0.0],[88.372179,43.821172,0.0],[88.372334,43.821468,0.0],[88.372458,43.821835,0.0],[88.372563,43.82212,0.0],[88.372899,43.822402,0.0],[88.37315,43.822589,0.0],[88.373501,43.822835,0.0],[88.373885,43.823093,0.0],[88.374138,43.823364,0.0],[88.374572,43.823632,0.0],[88.37479,43.823832,0.0],[88.375088,43.823912,0.0],[88.375467,43.823931,0.0],[88.375762,43.823868,0.0],[88.375839,43.823653,0.0],[88.3758,43.823367,0.0],[88.375693,43.823023,0.0],[88.37557,43.822679,0.0]]]}},{"type":"Feature","properties":{"rgi_id":"RGI2000-v7.0-G-13-41503","o1region":"13"},"geometry":{"type":"Polygon","coordinates":[[[88.377157,43.821588,0.0],[88.376889,43.821377,0.0],[88.376522,43.821143,0.0],[88.376204,43.820897,0.0],[88.375951,43.820662,0.0],[88.375619,43.820523,0.0],[88.375361,43.820752,0.0],[88.375317,43.820991,0.0],[88.375456,43.821311,0.0],[88.375562,43.821619,0.0],[88.375753,43.822034,0.0],[88.375988,43.822269,0.0],[88.376224,43.822481,0.0],[88.376508,43.822692,0.0],[88.376758,43.82282,0.0],[88.37707,43.822816,0.0],[88.377298,43.822682,0.0],[88.377341,43.822444,0.0],[88.377351,43.822146,0.0],[88.377262,43.821861,0.0],[88.377157,43.821588,0.0]]]}},{"type":"Feature","properties":{"rgi_id":"RGI2000-v7.0-G-13-41504","o1region":"13"},"geometry":{"type":"Polygon","coordinates":[[[88.390709,43.815607,0.0],[88.391037,43.815664,0.0],[88.391494,43.815787,0.0],[88.391891,43.815882,0.0],[88.392189,43.815993,0.0],[88.392744,43.816058,0.0],[88.393297,43.816108,0.0],[88.393831,43.816116,0.0],[88.394225,43.816083,0.0],[88.394597,43.81595,0.0],[88.395088,43.815843,0.0],[88.395501,43.815781,0.0],[88.395851,43.815577,0.0],[88.396125,43.815473,0.0],[88.396359,43.815342,0.0],[88.396511,43.815097,0.0],[88.396585,43.814868,0.0],[88.396616,43.814525,0.0],[88.396283,43.814386,0.0],[88.395875,43.814293,0.0],[88.395533,43.81415,0.0],[88.395126,43.814106,0.0],[88.394718,43.814013,0.0],[88.394499,43.813859,0.0],[88.394331,43.81388,0.0],[88.394113,43.813811,0.0],[88.39389,43.813585,0.0],[88.393489,43.813304,0.0],[88.39293,43.813025,0.0],[88.392773,43.812891,0.0],[88.392527,43.812864,0.0],[88.392053,43.812821,0.0],[88.391711,43.812678,0.0],[88.391502,43.812436,0.0],[88.391428,43.812143,0.0],[88.391556,43.811847,0.0],[88.391679,43.811693,0.0],[88.391754,43.8116,0.0],[88.391866,43.811459,0.0],[88.391951,43.811352,0.0],[88.392079,43.811057,0.0],[88.39214,43.810762,0.0],[88.391998,43.81047,0.0],[88.391655,43.810278,0.0],[88.391248,43.810234,0.0],[88.390907,43.810092,0.0],[88.3905,43.810047,0.0],[88.390158,43.809905,0.0],[88.38995,43.809662,0.0],[88.389943,43.809368,0.0],[88.390347,43.809266,0.0],[88.390657,43.809186,0.0],[88.39075,43.809163,0.0],[88.391118,43.809082,0.0],[88.391221,43.809059,0.0],[88.391408,43.809057,0.0],[88.391592,43.808968,0.0],[88.391487,43.808684,0.0],[88.391109,43.808574,0.0],[88.390772,43.808506,0.0],[88.390629,43.808308,0.0],[88.390445,43.808039,0.0],[88.390221,43.807727,0.0],[88.389898,43.807402,0.0],[88.389557,43.807192,0.0],[88.389179,43.807068,0.0],[88.388943,43.807062,0.0],[88.388941,43.80698,0.0],[88.388799,43.806688,0.0],[88.388791,43.806345,0.0],[88.388784,43.806052,0.0],[88.38871,43.805759,0.0],[88.388501,43.805516,0.0],[88.388292,43.805274,0.0],[88.388084,43.805031,0.0],[88.387741,43.80484,0.0],[88.387399,43.804648,0.0],[88.387124,43.804455,0.0],[88.386716,43.804362,0.0],[88.386312,43.804465,0.0],[88.386186,43.804859,0.0],[88.386126,43.805021,0.0],[88.386036,43.805119,0.0],[88.385921,43.805278,0.0],[88.385806,43.805437,0.0],[88.385714,43.805738,0.0],[88.38556,43.805871,0.0],[88.38526,43.805751,0.0],[88.385228,43.805718,0.0],[88.38515,43.805867,0.0],[88.385067,43.806195,0.0],[88.384985,43.806522,0.0],[88.384994,43.806914,0.0],[88.385001,43.80724,0.0],[88.385009,43.807567,0.0],[88.385016,43.807893,0.0],[88.385114,43.808219,0.0],[88.385213,43.808609,0.0],[88.385311,43.808935,0.0],[88.385497,43.809194,0.0],[88.385684,43.809453,0.0],[88.385781,43.809778,0.0],[88.385969,43.810103,0.0],[88.386156,43.810362,0.0],[88.386343,43.810686,0.0],[88.38653,43.810945,0.0],[88.386718,43.811269,0.0],[88.386907,43.811659,0.0],[88.387095,43.811983,0.0],[88.387281,43.812242,0.0],[88.387559,43.812565,0.0],[88.387836,43.812823,0.0],[88.388022,43.813082,0.0],[88.388297,43.813275,0.0],[88.388484,43.813534,0.0],[88.388759,43.813726,0.0],[88.388945,43.813985,0.0],[88.389222,43.814243,0.0],[88.389408,43.814502,0.0],[88.389683,43.814695,0.0],[88.38987,43.814954,0.0],[88.390145,43.815146,0.0],[88.39042,43.815339,0.0],[88.390709,43.815607,0.0]]]}},{"type":"Feature","properties":{"rgi_id":"RGI2000-v7.0-G-13-41505","o1region":"13"},"geometry":{"type":"Polygon","coordinates":[[[88.384209,43.800606,0.0],[88.384324,43.800707,0.0],[88.384733,43.800849,0.0],[88.385076,43.80104,0.0],[88.385418,43.801232,0.0],[88.38576,43.801375,0.0],[88.386101,43.801518,0.0],[88.386443,43.801661,0.0],[88.386784,43.801803,0.0],[88.387126,43.801946,0.0],[88.387401,43.802139,0.0],[88.38781,43.802281,0.0],[88.388219,43.802423,0.0],[88.388627,43.802516,0.0],[88.388947,43.802589,0.0],[88.389247,43.802891,0.0],[88.389613,43.803101,0.0],[88.389914,43.803312,0.0],[88.390251,43.803641,0.0],[88.39065,43.803827,0.0],[88.391085,43.804155,0.0],[88.391161,43.804583,0.0],[88.391335,43.80501,0.0],[88.391474,43.805318,0.0],[88.391644,43.805578,0.0],[88.392009,43.805716,0.0],[88.392055,43.80624,0.0],[88.392,43.806741,0.0],[88.392009,43.807122,0.0],[88.392243,43.807286,0.0],[88.392487,43.807878,0.0],[88.392794,43.808327,0.0],[88.393002,43.808801,0.0],[88.393146,43.809323,0.0],[88.393582,43.809699,0.0],[88.394052,43.810099,0.0],[88.394425,43.81057,0.0],[88.394827,43.810899,0.0],[88.395461,43.811249,0.0],[88.395898,43.811648,0.0],[88.396497,43.811974,0.0],[88.397392,43.812249,0.0],[88.397925,43.812541,0.0],[88.398439,43.812713,0.0],[88.398818,43.812756,0.0],[88.399262,43.812739,0.0],[88.399805,43.812732,0.0],[88.400169,43.812847,0.0],[88.400567,43.812961,0.0],[88.401094,43.813014,0.0],[88.401755,43.813137,0.0],[88.402219,43.813274,0.0],[88.402797,43.813362,0.0],[88.403359,43.813498,0.0],[88.403889,43.813659,0.0],[88.40447,43.813866,0.0],[88.404953,43.814146,0.0],[88.405306,43.814439,0.0],[88.405674,43.814721,0.0],[88.405846,43.81504,0.0],[88.405904,43.815385,0.0],[88.405932,43.815897,0.0],[88.405959,43.816325,0.0],[88.406016,43.816658,0.0],[88.405926,43.817028,0.0],[88.405721,43.8174,0.0],[88.405614,43.817759,0.0],[88.405393,43.818166,0.0],[88.404993,43.81866,0.0],[88.404905,43.819101,0.0],[88.404896,43.819435,0.0],[88.405032,43.819624,0.0],[88.405316,43.81965,0.0],[88.405284,43.819702,0.0],[88.405019,43.819901,0.0],[88.404846,43.82023,0.0],[88.404672,43.820493,0.0],[88.404593,43.820523,0.0],[88.40427,43.820801,0.0],[88.40382,43.821223,0.0],[88.403681,43.821606,0.0],[88.403458,43.821918,0.0],[88.403306,43.822468,0.0],[88.403266,43.822874,0.0],[88.403387,43.823134,0.0],[88.403573,43.823334,0.0],[88.403856,43.823486,0.0],[88.404334,43.823516,0.0],[88.404384,43.823503,0.0],[88.404656,43.823693,0.0],[88.404932,43.823886,0.0],[88.405295,43.824012,0.0],[88.405571,43.824205,0.0],[88.406025,43.82433,0.0],[88.406284,43.824511,0.0],[88.406318,43.824647,0.0],[88.406604,43.824917,0.0],[88.407002,43.825043,0.0],[88.407397,43.825038,0.0],[88.407742,43.824998,0.0],[88.408133,43.824851,0.0],[88.408411,43.824788,0.0],[88.408638,43.824654,0.0],[88.409042,43.824351,0.0],[88.409101,43.824041,0.0],[88.409325,43.823764,0.0],[88.409678,43.82339,0.0],[88.410146,43.822991,0.0],[88.410613,43.822569,0.0],[88.411213,43.822216,0.0],[88.411781,43.821875,0.0],[88.412229,43.821334,0.0],[88.41258,43.820889,0.0],[88.413046,43.820418,0.0],[88.413376,43.819735,0.0],[88.413609,43.819161,0.0],[88.413859,43.818598,0.0],[88.413929,43.818073,0.0],[88.414043,43.817345,0.0],[88.414162,43.816796,0.0],[88.414431,43.816352,0.0],[88.414498,43.815719,0.0],[88.414619,43.815253,0.0],[88.414771,43.814739,0.0],[88.414805,43.814072,0.0],[88.414886,43.813356,0.0],[88.41489,43.81282,0.0],[88.415179,43.812531,0.0],[88.415382,43.812052,0.0],[88.415734,43.811619,0.0],[88.41617,43.811304,0.0],[88.416492,43.81099,0.0],[88.416847,43.810688,0.0],[88.417348,43.810336,0.0],[88.417901,43.810079,0.0],[88.418391,43.80993,0.0],[88.418981,43.809827,0.0],[88.419637,43.80976,0.0],[88.420011,43.809576,0.0],[88.42055,43.809415,0.0],[88.420988,43.809135,0.0],[88.421474,43.808855,0.0],[88.421945,43.808599,0.0],[88.422434,43.808391,0.0],[88.423002,43.808086,0.0],[88.423423,43.807819,0.0],[88.423779,43.807552,0.0],[88.424022,43.80737,0.0],[88.424672,43.807064,0.0],[88.424995,43.806822,0.0],[88.425443,43.806608,0.0],[88.425806,43.806336,0.0],[88.426704,43.806056,0.0],[88.427066,43.805724,0.0],[88.426978,43.805457,0.0],[88.426479,43.805225,0.0],[88.426295,43.805184,0.0],[88.426292,43.805089,0.0],[88.426218,43.804796,0.0],[88.426076,43.804504,0.0],[88.425867,43.804261,0.0],[88.425658,43.804019,0.0],[88.425383,43.803827,0.0],[88.425042,43.803684,0.0],[88.424636,43.803689,0.0],[88.424229,43.803645,0.0],[88.423756,43.803651,0.0],[88.42335,43.803656,0.0],[88.422944,43.803661,0.0],[88.422542,43.803813,0.0],[88.422276,43.804012,0.0],[88.421942,43.804163,0.0],[88.421905,43.804198,0.0],[88.421601,43.804125,0.0],[88.420741,43.804284,0.0],[88.42042,43.804586,0.0],[88.419935,43.804979,0.0],[88.419034,43.80511,0.0],[88.418877,43.805439,0.0],[88.418885,43.805767,0.0],[88.418769,43.806066,0.0],[88.418641,43.806124,0.0],[88.418466,43.805921,0.0],[88.418122,43.80568,0.0],[88.417647,43.805588,0.0],[88.417239,43.805495,0.0],[88.416832,43.805451,0.0],[88.416426,43.805456,0.0],[88.416025,43.805657,0.0],[88.415828,43.805905,0.0],[88.415768,43.806044,0.0],[88.4157,43.8062,0.0],[88.415503,43.806448,0.0],[88.415328,43.806667,0.0],[88.415332,43.806858,0.0],[88.415205,43.807202,0.0],[88.415077,43.807498,0.0],[88.414881,43.807794,0.0],[88.414616,43.808042,0.0],[88.414419,43.80829,0.0],[88.414153,43.808489,0.0],[88.413818,43.80864,0.0],[88.413811,43.808346,0.0],[88.413871,43.808003,0.0],[88.413999,43.807707,0.0],[88.41406,43.807413,0.0],[88.414188,43.807117,0.0],[88.414249,43.806822,0.0],[88.414289,43.806626,0.0],[88.414284,43.806414,0.0],[88.41428,43.806243,0.0],[88.414277,43.80612,0.0],[88.414135,43.805828,0.0],[88.413725,43.805637,0.0],[88.413316,43.805495,0.0],[88.412907,43.805353,0.0],[88.412497,43.805211,0.0],[88.412222,43.805019,0.0],[88.412014,43.804776,0.0],[88.411672,43.804634,0.0],[88.411197,43.804541,0.0],[88.410791,43.804547,0.0],[88.410318,43.804552,0.0],[88.409847,43.804656,0.0],[88.40942,43.804795,0.0],[88.40915,43.804706,0.0],[88.409036,43.8047,0.0],[88.409031,43.80447,0.0],[88.408956,43.804177,0.0],[88.408814,43.803885,0.0],[88.408605,43.803643,0.0],[88.408329,43.803401,0.0],[88.40812,43.803159,0.0],[88.407511,43.803117,0.0],[88.407038,43.803123,0.0],[88.406564,43.803129,0.0],[88.406346,43.803132,0.0],[88.406243,43.803064,0.0],[88.405921,43.802821,0.0],[88.405313,43.802676,0.0],[88.405003,43.802946,0.0],[88.404962,43.803442,0.0],[88.404762,43.803883,0.0],[88.404536,43.804324,0.0],[88.403983,43.804312,0.0],[88.403425,43.80409,0.0],[88.402944,43.803791,0.0],[88.402642,43.803261,0.0],[88.402439,43.803142,0.0],[88.402434,43.802935,0.0],[88.402292,43.802643,0.0],[88.401885,43.802599,0.0],[88.401412,43.802605,0.0],[88.40094,43.802659,0.0],[88.400469,43.802763,0.0],[88.400066,43.802915,0.0],[88.399732,43.803066,0.0],[88.399329,43.803218,0.0],[88.398995,43.803369,0.0],[88.398661,43.803569,0.0],[88.398446,43.803666,0.0],[88.398257,43.803623,0.0],[88.397851,43.803628,0.0],[88.397444,43.803584,0.0],[88.397038,43.803589,0.0],[88.396697,43.803446,0.0],[88.396221,43.803354,0.0],[88.39588,43.803211,0.0],[88.395805,43.802918,0.0],[88.395866,43.802623,0.0],[88.395993,43.802279,0.0],[88.395987,43.801985,0.0],[88.395778,43.801743,0.0],[88.395503,43.80155,0.0],[88.395095,43.801457,0.0],[88.394618,43.801316,0.0],[88.394212,43.801272,0.0],[88.393742,43.801425,0.0],[88.393338,43.801528,0.0],[88.393005,43.801728,0.0],[88.392671,43.801928,0.0],[88.392337,43.802079,0.0],[88.392002,43.80223,0.0],[88.391935,43.802247,0.0],[88.391593,43.802088,0.0],[88.39125,43.801896,0.0],[88.391005,43.801759,0.0],[88.391044,43.801752,0.0],[88.390975,43.801703,0.0],[88.3909,43.801361,0.0],[88.390893,43.801068,0.0],[88.390751,43.800775,0.0],[88.390744,43.800482,0.0],[88.390736,43.800139,0.0],[88.390728,43.799796,0.0],[88.390721,43.799502,0.0],[88.390714,43.799208,0.0],[88.390706,43.798866,0.0],[88.3907,43.798572,0.0],[88.390693,43.798278,0.0],[88.390752,43.797934,0.0],[88.390881,43.797639,0.0],[88.391008,43.797294,0.0],[88.391069,43.797,0.0],[88.391197,43.796704,0.0],[88.391326,43.796409,0.0],[88.391387,43.796114,0.0],[88.39138,43.79582,0.0],[88.391373,43.795526,0.0],[88.391231,43.795234,0.0],[88.390823,43.795141,0.0],[88.390417,43.795146,0.0],[88.39022,43.795394,0.0],[88.390023,43.795641,0.0],[88.389896,43.795985,0.0],[88.389768,43.79633,0.0],[88.389708,43.796624,0.0],[88.389579,43.79692,0.0],[88.389452,43.797264,0.0],[88.389324,43.79756,0.0],[88.38933,43.797854,0.0],[88.389271,43.798197,0.0],[88.389143,43.798542,0.0],[88.389016,43.798886,0.0],[88.388819,43.799133,0.0],[88.388758,43.799428,0.0],[88.388697,43.799723,0.0],[88.389039,43.799866,0.0],[88.389381,43.800057,0.0],[88.389457,43.800399,0.0],[88.389464,43.800693,0.0],[88.389335,43.800989,0.0],[88.389138,43.801236,0.0],[88.389031,43.801482,0.0],[88.388671,43.801487,0.0],[88.388264,43.801442,0.0],[88.387921,43.801251,0.0],[88.387646,43.801058,0.0],[88.387371,43.800865,0.0],[88.387095,43.800624,0.0],[88.386887,43.800382,0.0],[88.386678,43.800139,0.0],[88.386337,43.799996,0.0],[88.386062,43.799804,0.0],[88.38572,43.799661,0.0],[88.385311,43.799519,0.0],[88.384903,43.799426,0.0],[88.384854,43.799398,0.0],[88.384727,43.799591,0.0],[88.384552,43.799855,0.0],[88.384378,43.800118,0.0],[88.384204,43.800381,0.0],[88.384209,43.800606,0.0]],[[88.400692,43.804252,0.0],[88.401157,43.804461,0.0],[88.401658,43.804765,0.0],[88.402058,43.804998,0.0],[88.402622,43.805182,0.0],[88.403188,43.805508,0.0],[88.403657,43.805836,0.0],[88.404058,43.806141,0.0],[88.404267,43.806614,0.0],[88.404609,43.807158,0.0],[88.404688,43.807729,0.0],[88.404667,43.80823,0.0],[88.404808,43.808633,0.0],[88.405208,43.80889,0.0],[88.405708,43.809146,0.0],[88.406076,43.809403,0.0],[88.406279,43.809663,0.0],[88.405988,43.809857,0.0],[88.405656,43.809718,0.0],[88.404767,43.809705,0.0],[88.404239,43.809616,0.0],[88.40368,43.809647,0.0],[88.403154,43.809654,0.0],[88.403036,43.809604,0.0],[88.402659,43.809643,0.0],[88.402253,43.809648,0.0],[88.401847,43.809653,0.0],[88.40144,43.809609,0.0],[88.401099,43.809466,0.0],[88.400757,43.809323,0.0],[88.400482,43.809131,0.0],[88.400207,43.808938,0.0],[88.400008,43.808771,0.0],[88.399844,43.808765,0.0],[88.399146,43.808464,0.0],[88.398642,43.808018,0.0],[88.39837,43.807664,0.0],[88.397967,43.807287,0.0],[88.397856,43.807217,0.0],[88.397727,43.807009,0.0],[88.397517,43.806718,0.0],[88.397374,43.806377,0.0],[88.397298,43.806035,0.0],[88.397261,43.805889,0.0],[88.397224,43.805742,0.0],[88.397217,43.805448,0.0],[88.397278,43.805153,0.0],[88.397744,43.804854,0.0],[88.398148,43.804751,0.0],[88.398405,43.804748,0.0],[88.398824,43.804561,0.0],[88.399445,43.804363,0.0],[88.399965,43.804094,0.0],[88.400094,43.80409,0.0],[88.400371,43.804087,0.0],[88.400692,43.804252,0.0]]]}},{"type":"Feature","properties":{"rgi_id":"RGI2000-v7.0-G-13-41506","o1region":"13"},"geometry":{"type":"Polygon","coordinates":[[[88.404869,43.800064,0.0],[88.404938,43.800112,0.0],[88.405281,43.800304,0.0],[88.405622,43.800447,0.0],[88.406031,43.800588,0.0],[88.406439,43.800681,0.0],[88.406847,43.800774,0.0],[88.407255,43.800867,0.0],[88.407727,43.800812,0.0],[88.407924,43.800565,0.0],[88.407985,43.80027,0.0],[88.407843,43.799978,0.0],[88.407634,43.799736,0.0],[88.407358,43.799494,0.0],[88.40715,43.799252,0.0],[88.406874,43.79906,0.0],[88.406533,43.798917,0.0],[88.406189,43.798676,0.0],[88.405914,43.798484,0.0],[88.405639,43.798291,0.0],[88.405364,43.798098,0.0],[88.405088,43.797857,0.0],[88.404813,43.797664,0.0],[88.404806,43.797371,0.0],[88.404799,43.797077,0.0],[88.404725,43.796784,0.0],[88.404318,43.79674,0.0],[88.403914,43.796843,0.0],[88.403717,43.79709,0.0],[88.403452,43.797289,0.0],[88.403254,43.797537,0.0],[88.403194,43.797831,0.0],[88.403133,43.798126,0.0],[88.403343,43.798417,0.0],[88.403752,43.798559,0.0],[88.404027,43.798752,0.0],[88.404169,43.799044,0.0],[88.404445,43.799285,0.0],[88.404869,43.800064,0.0]]]}},{"type":"Feature","properties":{"rgi_id":"RGI2000-v7.0-G-13-41507","o1region":"13"},"geometry":{"type":"Polygon","coordinates":[[[88.402968,43.790241,0.0],[88.402467,43.789914,0.0],[88.402103,43.789823,0.0],[88.40194,43.789788,0.0],[88.401873,43.789882,0.0],[88.401526,43.790215,0.0],[88.401198,43.790519,0.0],[88.40089,43.790866,0.0],[88.400814,43.790903,0.0],[88.400612,43.79089,0.0],[88.400408,43.79063,0.0],[88.400138,43.7903,0.0],[88.399671,43.790043,0.0],[88.398821,43.790244,0.0],[88.398433,43.790535,0.0],[88.398111,43.790825,0.0],[88.397493,43.791142,0.0],[88.397072,43.791409,0.0],[88.396752,43.791771,0.0],[88.396469,43.792322,0.0],[88.396578,43.792797,0.0],[88.396622,43.793273,0.0],[88.396233,43.793492,0.0],[88.396209,43.793874,0.0],[88.396543,43.794108,0.0],[88.39707,43.794125,0.0],[88.39759,43.794119,0.0],[88.397712,43.794178,0.0],[88.398074,43.794474,0.0],[88.398496,43.794812,0.0],[88.399018,43.795206,0.0],[88.399462,43.795615,0.0],[88.399824,43.795925,0.0],[88.400266,43.796234,0.0],[88.400687,43.796515,0.0],[88.401146,43.796752,0.0],[88.40162,43.796775,0.0],[88.402112,43.796726,0.0],[88.402644,43.796691,0.0],[88.403073,43.796471,0.0],[88.403563,43.796322,0.0],[88.404092,43.796158,0.0],[88.404842,43.796163,0.0],[88.405415,43.796213,0.0],[88.406049,43.796291,0.0],[88.40643,43.796558,0.0],[88.40685,43.79681,0.0],[88.407248,43.796934,0.0],[88.407564,43.796959,0.0],[88.407608,43.796952,0.0],[88.407707,43.79709,0.0],[88.407918,43.79743,0.0],[88.407993,43.797723,0.0],[88.408269,43.797965,0.0],[88.408545,43.798206,0.0],[88.408887,43.798349,0.0],[88.409288,43.798148,0.0],[88.40969,43.797996,0.0],[88.410023,43.797796,0.0],[88.410493,43.797643,0.0],[88.410898,43.797589,0.0],[88.411369,43.797486,0.0],[88.411772,43.797383,0.0],[88.412107,43.797232,0.0],[88.412371,43.796983,0.0],[88.413318,43.796972,0.0],[88.413319,43.797021,0.0],[88.413594,43.797213,0.0],[88.413871,43.797504,0.0],[88.41408,43.797746,0.0],[88.414289,43.797988,0.0],[88.414564,43.798181,0.0],[88.414772,43.798423,0.0],[88.414981,43.798666,0.0],[88.415123,43.798958,0.0],[88.415265,43.79925,0.0],[88.415408,43.799591,0.0],[88.415551,43.799883,0.0],[88.415625,43.800176,0.0],[88.415834,43.800418,0.0],[88.415976,43.800711,0.0],[88.416185,43.800953,0.0],[88.416393,43.801195,0.0],[88.416803,43.801386,0.0],[88.417211,43.801479,0.0],[88.417618,43.801523,0.0],[88.418024,43.801518,0.0],[88.41843,43.801513,0.0],[88.418423,43.801219,0.0],[88.418145,43.800929,0.0],[88.41787,43.800736,0.0],[88.41766,43.800445,0.0],[88.417586,43.800152,0.0],[88.417444,43.79986,0.0],[88.417437,43.799566,0.0],[88.41743,43.799272,0.0],[88.417558,43.798976,0.0],[88.417891,43.798776,0.0],[88.418226,43.798625,0.0],[88.418287,43.798331,0.0],[88.41828,43.798037,0.0],[88.417938,43.797894,0.0],[88.417531,43.79785,0.0],[88.417122,43.797708,0.0],[88.416781,43.797566,0.0],[88.416439,43.797423,0.0],[88.416098,43.79728,0.0],[88.415756,43.797137,0.0],[88.415415,43.796995,0.0],[88.415006,43.796853,0.0],[88.414731,43.79666,0.0],[88.414454,43.796419,0.0],[88.414179,43.796226,0.0],[88.413971,43.795984,0.0],[88.413564,43.79594,0.0],[88.41309,43.795897,0.0],[88.412685,43.795951,0.0],[88.412214,43.796055,0.0],[88.41188,43.796206,0.0],[88.411545,43.796357,0.0],[88.411006,43.796461,0.0],[88.410603,43.796564,0.0],[88.4102,43.796667,0.0],[88.409795,43.796721,0.0],[88.40939,43.796726,0.0],[88.409181,43.796484,0.0],[88.408906,43.796291,0.0],[88.408564,43.796149,0.0],[88.408288,43.795907,0.0],[88.408013,43.795715,0.0],[88.407805,43.795472,0.0],[88.407663,43.79518,0.0],[88.407454,43.794938,0.0],[88.407179,43.794745,0.0],[88.406802,43.794659,0.0],[88.406937,43.794637,0.0],[88.407431,43.794645,0.0],[88.407865,43.79464,0.0],[88.408218,43.794564,0.0],[88.408301,43.794502,0.0],[88.408483,43.7945,0.0],[88.408956,43.794579,0.0],[88.409427,43.794573,0.0],[88.409896,43.794482,0.0],[88.410245,43.794307,0.0],[88.410595,43.794132,0.0],[88.410824,43.793873,0.0],[88.410698,43.793534,0.0],[88.410339,43.793282,0.0],[88.409866,43.793202,0.0],[88.409393,43.793123,0.0],[88.408922,43.793129,0.0],[88.408333,43.793136,0.0],[88.407862,43.793142,0.0],[88.40786,43.793057,0.0],[88.40797,43.792714,0.0],[88.408315,43.792368,0.0],[88.408544,43.792109,0.0],[88.408894,43.791934,0.0],[88.409123,43.791676,0.0],[88.409473,43.791501,0.0],[88.409465,43.791159,0.0],[88.409107,43.790993,0.0],[88.40875,43.790827,0.0],[88.408161,43.790834,0.0],[88.407688,43.790754,0.0],[88.407331,43.790588,0.0],[88.406973,43.790422,0.0],[88.406382,43.790344,0.0],[88.405909,43.790264,0.0],[88.405438,43.79027,0.0],[88.404967,43.790276,0.0],[88.404496,43.790282,0.0],[88.404025,43.790287,0.0],[88.403554,43.790293,0.0],[88.403089,43.790299,0.0],[88.402968,43.790241,0.0]]]}},{"type":"Feature","properties":{"rgi_id":"RGI2000-v7.0-G-13-41508","o1region":"13"},"geometry":{"type":"Polygon","coordinates":[[[88.43204,43.809752,0.0],[88.431906,43.809786,0.0],[88.4315,43.809792,0.0],[88.431158,43.809649,0.0],[88.43075,43.809556,0.0],[88.430345,43.809561,0.0],[88.430011,43.809761,0.0],[88.429677,43.809912,0.0],[88.429411,43.810112,0.0],[88.429035,43.810298,0.0],[88.428643,43.810417,0.0],[88.428455,43.810777,0.0],[88.428145,43.811038,0.0],[88.427695,43.811215,0.0],[88.427424,43.811404,0.0],[88.427292,43.811692,0.0],[88.4273,43.812006,0.0],[88.427507,43.812418,0.0],[88.427442,43.812733,0.0],[88.427845,43.812531,0.0],[88.428111,43.812332,0.0],[88.428377,43.812133,0.0],[88.42871,43.811933,0.0],[88.428976,43.811734,0.0],[88.429242,43.811534,0.0],[88.429508,43.811335,0.0],[88.429908,43.811085,0.0],[88.430242,43.810934,0.0],[88.430508,43.810735,0.0],[88.430774,43.810535,0.0],[88.431176,43.810383,0.0],[88.431509,43.810183,0.0],[88.431844,43.810032,0.0],[88.432041,43.809785,0.0],[88.43204,43.809752,0.0]]]}},{"type":"Feature","properties":{"rgi_id":"RGI2000-v7.0-G-13-41509","o1region":"13"},"geometry":{"type":"Polygon","coordinates":[[[88.437592,43.813114,0.0],[88.437732,43.813124,0.0],[88.438038,43.813159,0.0],[88.438101,43.813167,0.0],[88.438574,43.813142,0.0],[88.438801,43.813263,0.0],[88.439029,43.81345,0.0],[88.439231,43.81361,0.0],[88.439615,43.813719,0.0],[88.439894,43.813849,0.0],[88.440225,43.813931,0.0],[88.44079,43.813905,0.0],[88.4413,43.813765,0.0],[88.441572,43.81359,0.0],[88.441753,43.813426,0.0],[88.442013,43.813308,0.0],[88.442343,43.813342,0.0],[88.442636,43.813481,0.0],[88.443019,43.813572,0.0],[88.44352,43.813575,0.0],[88.444085,43.813577,0.0],[88.444596,43.813485,0.0],[88.444962,43.813356,0.0],[88.445312,43.813161,0.0],[88.445571,43.812987,0.0],[88.445753,43.81286,0.0],[88.446049,43.812609,0.0],[88.446228,43.812388,0.0],[88.446357,43.812291,0.0],[88.446405,43.812099,0.0],[88.446362,43.811938,0.0],[88.446214,43.811797,0.0],[88.445974,43.811695,0.0],[88.445707,43.811508,0.0],[88.445337,43.811465,0.0],[88.44505,43.811545,0.0],[88.444763,43.811682,0.0],[88.444527,43.811704,0.0],[88.44416,43.811775,0.0],[88.443754,43.811828,0.0],[88.443519,43.811926,0.0],[88.443192,43.812007,0.0],[88.442888,43.811953,0.0],[88.442727,43.811822,0.0],[88.442578,43.811643,0.0],[88.442289,43.811508,0.0],[88.44204,43.811404,0.0],[88.441857,43.811347,0.0],[88.44164,43.811207,0.0],[88.441486,43.81097,0.0],[88.441103,43.810773,0.0],[88.44087,43.810645,0.0],[88.440619,43.810469,0.0],[88.440287,43.810342,0.0],[88.439923,43.810276,0.0],[88.439494,43.810198,0.0],[88.439048,43.810132,0.0],[88.438635,43.81003,0.0],[88.438205,43.809928,0.0],[88.43773,43.810029,0.0],[88.437439,43.810223,0.0],[88.437298,43.810276,0.0],[88.437223,43.810121,0.0],[88.437074,43.809865,0.0],[88.436716,43.809767,0.0],[88.436357,43.809668,0.0],[88.436308,43.809683,0.0],[88.436364,43.809967,0.0],[88.436443,43.810276,0.0],[88.436591,43.810532,0.0],[88.43667,43.81084,0.0],[88.436677,43.81115,0.0],[88.436685,43.811459,0.0],[88.436692,43.811769,0.0],[88.436841,43.812025,0.0],[88.436991,43.812333,0.0],[88.437211,43.812588,0.0],[88.437359,43.812844,0.0],[88.437592,43.813114,0.0]]]}},{"type":"Feature","properties":{"rgi_id":"RGI2000-v7.0-G-13-41510","o1region":"13"},"geometry":{"type":"Polygon","coordinates":[[[88.442455,43.808446,0.0],[88.442526,43.808445,0.0],[88.442519,43.808135,0.0],[88.442511,43.807826,0.0],[88.442291,43.807571,0.0],[88.442001,43.807368,0.0],[88.441573,43.807322,0.0],[88.441148,43.80743,0.0],[88.440794,43.807538,0.0],[88.440443,43.807749,0.0],[88.440522,43.808057,0.0],[88.44088,43.808156,0.0],[88.441309,43.808202,0.0],[88.442455,43.808446,0.0]]]}},{"type":"Feature","properties":{"rgi_id":"RGI2000-v7.0-G-13-41511","o1region":"13"},"geometry":{"type":"Polygon","coordinates":[[[88.437592,43.813114,0.0],[88.437359,43.812844,0.0],[88.437211,43.812588,0.0],[88.436991,43.812333,0.0],[88.436841,43.812025,0.0],[88.436692,43.811769,0.0],[88.436685,43.811459,0.0],[88.436677,43.81115,0.0],[88.43667,43.81084,0.0],[88.436591,43.810532,0.0],[88.436443,43.810276,0.0],[88.436364,43.809967,0.0],[88.436308,43.809683,0.0],[88.436003,43.809776,0.0],[88.435723,43.809986,0.0],[88.435587,43.810245,0.0],[88.435451,43.810505,0.0],[88.435336,43.810723,0.0],[88.43531,43.810723,0.0],[88.434905,43.810729,0.0],[88.434499,43.810734,0.0],[88.434095,43.810837,0.0],[88.433762,43.811037,0.0],[88.433496,43.811236,0.0],[88.43323,43.811435,0.0],[88.433033,43.811683,0.0],[88.4327,43.811883,0.0],[88.432365,43.812034,0.0],[88.431956,43.811892,0.0],[88.431949,43.811598,0.0],[88.43201,43.811304,0.0],[88.432276,43.811104,0.0],[88.432473,43.810857,0.0],[88.432807,43.810706,0.0],[88.433142,43.810555,0.0],[88.433476,43.810404,0.0],[88.433879,43.810252,0.0],[88.434212,43.810051,0.0],[88.434547,43.8099,0.0],[88.434744,43.809653,0.0],[88.434941,43.809406,0.0],[88.435001,43.809111,0.0],[88.434927,43.808818,0.0],[88.43465,43.808576,0.0],[88.434244,43.808582,0.0],[88.433773,43.808685,0.0],[88.433371,43.808837,0.0],[88.433107,43.809086,0.0],[88.432841,43.809285,0.0],[88.432575,43.809484,0.0],[88.432309,43.809683,0.0],[88.43204,43.809752,0.0],[88.432041,43.809785,0.0],[88.431844,43.810032,0.0],[88.431509,43.810183,0.0],[88.431176,43.810383,0.0],[88.430774,43.810535,0.0],[88.430508,43.810735,0.0],[88.430242,43.810934,0.0],[88.429908,43.811085,0.0],[88.429508,43.811335,0.0],[88.429242,43.811534,0.0],[88.428976,43.811734,0.0],[88.42871,43.811933,0.0],[88.428377,43.812133,0.0],[88.428111,43.812332,0.0],[88.427845,43.812531,0.0],[88.427444,43.812732,0.0],[88.427418,43.812848,0.0],[88.427307,43.813135,0.0],[88.427155,43.81338,0.0],[88.426905,43.813655,0.0],[88.426675,43.813958,0.0],[88.426546,43.814331,0.0],[88.426296,43.814634,0.0],[88.426166,43.814979,0.0],[88.426137,43.815408,0.0],[88.426048,43.81581,0.0],[88.426174,43.816137,0.0],[88.426574,43.816332,0.0],[88.426835,43.816543,0.0],[88.427212,43.81661,0.0],[88.427671,43.816833,0.0],[88.427894,43.817059,0.0],[88.427843,43.817417,0.0],[88.427755,43.817846,0.0],[88.427606,43.818234,0.0],[88.427495,43.81855,0.0],[88.427402,43.818794,0.0],[88.42735,43.819109,0.0],[88.427163,43.819526,0.0],[88.427034,43.819899,0.0],[88.427064,43.820328,0.0],[88.427209,43.820612,0.0],[88.427336,43.820982,0.0],[88.427485,43.821423,0.0],[88.427711,43.821806,0.0],[88.427879,43.822219,0.0],[88.427986,43.822589,0.0],[88.428097,43.823088,0.0],[88.428207,43.823558,0.0],[88.428513,43.823983,0.0],[88.428701,43.82441,0.0],[88.429123,43.824733,0.0],[88.429724,43.825111,0.0],[88.430243,43.825334,0.0],[88.43076,43.825499,0.0],[88.431241,43.825807,0.0],[88.431978,43.826055,0.0],[88.432773,43.82626,0.0],[88.433391,43.826538,0.0],[88.433851,43.826761,0.0],[88.434486,43.82691,0.0],[88.435041,43.827003,0.0],[88.435616,43.82711,0.0],[88.43635,43.827258,0.0],[88.436867,43.827409,0.0],[88.437343,43.827503,0.0],[88.437959,43.827667,0.0],[88.438416,43.827761,0.0],[88.439109,43.827881,0.0],[88.439821,43.827929,0.0],[88.440473,43.827921,0.0],[88.441021,43.827714,0.0],[88.441293,43.827553,0.0],[88.441603,43.827306,0.0],[88.441956,43.827188,0.0],[88.442269,43.827084,0.0],[88.44278,43.827006,0.0],[88.443105,43.826947,0.0],[88.443202,43.826642,0.0],[88.443262,43.826298,0.0],[88.443389,43.825954,0.0],[88.443517,43.825658,0.0],[88.443645,43.825363,0.0],[88.443911,43.825163,0.0],[88.444312,43.824962,0.0],[88.444718,43.824957,0.0],[88.444862,43.82499,0.0],[88.445137,43.82486,0.0],[88.445949,43.824936,0.0],[88.446425,43.825059,0.0],[88.446901,43.825138,0.0],[88.447477,43.82526,0.0],[88.448111,43.825366,0.0],[88.448611,43.825617,0.0],[88.44921,43.825895,0.0],[88.44949,43.826077,0.0],[88.449971,43.826343,0.0],[88.450311,43.826539,0.0],[88.450572,43.826721,0.0],[88.45099,43.826873,0.0],[88.451564,43.826937,0.0],[88.452038,43.826931,0.0],[88.452489,43.826797,0.0],[88.4528,43.826578,0.0],[88.452952,43.826348,0.0],[88.453063,43.826061,0.0],[88.453293,43.825757,0.0],[88.453426,43.825527,0.0],[88.453515,43.825126,0.0],[88.453517,43.825055,0.0],[88.453255,43.824871,0.0],[88.452965,43.824669,0.0],[88.452675,43.824466,0.0],[88.452527,43.82421,0.0],[88.452378,43.823954,0.0],[88.452229,43.823698,0.0],[88.452222,43.823388,0.0],[88.452214,43.823079,0.0],[88.452065,43.822823,0.0],[88.451917,43.822567,0.0],[88.451768,43.82231,0.0],[88.451903,43.821999,0.0],[88.452257,43.821891,0.0],[88.452458,43.821864,0.0],[88.45268,43.821731,0.0],[88.45325,43.821724,0.0],[88.454035,43.821766,0.0],[88.454075,43.821735,0.0],[88.454382,43.8217,0.0],[88.454919,43.821546,0.0],[88.455018,43.821509,0.0],[88.45512,43.821332,0.0],[88.455211,43.820988,0.0],[88.455122,43.820603,0.0],[88.455075,43.820289,0.0],[88.454888,43.819906,0.0],[88.454684,43.819608,0.0],[88.454338,43.819212,0.0],[88.453877,43.818904,0.0],[88.453591,43.818521,0.0],[88.453208,43.818197,0.0],[88.452691,43.818018,0.0],[88.452312,43.817851,0.0],[88.452108,43.817582,0.0],[88.451784,43.817244,0.0],[88.451373,43.81702,0.0],[88.450138,43.816929,0.0],[88.449543,43.816829,0.0],[88.449163,43.81688,0.0],[88.448923,43.816671,0.0],[88.448644,43.816881,0.0],[88.448582,43.816998,0.0],[88.448507,43.817141,0.0],[88.448371,43.8174,0.0],[88.448017,43.817508,0.0],[88.447727,43.817305,0.0],[88.447581,43.817102,0.0],[88.447506,43.816998,0.0],[88.447146,43.816848,0.0],[88.447107,43.817042,0.0],[88.446691,43.816997,0.0],[88.446218,43.817052,0.0],[88.445884,43.817203,0.0],[88.445549,43.817354,0.0],[88.445215,43.817505,0.0],[88.444892,43.817588,0.0],[88.444806,43.817413,0.0],[88.444465,43.81727,0.0],[88.444058,43.817226,0.0],[88.443654,43.817329,0.0],[88.443389,43.817529,0.0],[88.442984,43.817583,0.0],[88.442511,43.817589,0.0],[88.442104,43.817545,0.0],[88.441698,43.81755,0.0],[88.441292,43.817555,0.0],[88.441095,43.817802,0.0],[88.441097,43.817884,0.0],[88.440826,43.817855,0.0],[88.440419,43.817811,0.0],[88.440077,43.817668,0.0],[88.439669,43.817575,0.0],[88.439262,43.817532,0.0],[88.438856,43.817537,0.0],[88.438453,43.81764,0.0],[88.438118,43.817791,0.0],[88.437783,43.817942,0.0],[88.43745,43.818142,0.0],[88.437115,43.818293,0.0],[88.436781,43.818445,0.0],[88.436446,43.818596,0.0],[88.436217,43.818733,0.0],[88.435999,43.818497,0.0],[88.436043,43.818173,0.0],[88.436406,43.81792,0.0],[88.436534,43.817651,0.0],[88.436727,43.817448,0.0],[88.436919,43.817246,0.0],[88.437093,43.817086,0.0],[88.437384,43.816882,0.0],[88.437419,43.816682,0.0],[88.437414,43.816453,0.0],[88.437213,43.816299,0.0],[88.43701,43.816087,0.0],[88.436844,43.815746,0.0],[88.436697,43.815362,0.0],[88.436679,43.815324,0.0],[88.43677,43.815163,0.0],[88.436967,43.814915,0.0],[88.43723,43.814618,0.0],[88.437561,43.81432,0.0],[88.437827,43.814121,0.0],[88.438162,43.81397,0.0],[88.437886,43.813777,0.0],[88.437479,43.813733,0.0],[88.437073,43.813689,0.0],[88.436664,43.813597,0.0],[88.436657,43.813303,0.0],[88.436718,43.813008,0.0],[88.436799,43.812822,0.0],[88.436926,43.812862,0.0],[88.437094,43.813015,0.0],[88.437376,43.8131,0.0],[88.437592,43.813114,0.0]],[[88.445477,43.81852,0.0],[88.445574,43.818335,0.0],[88.44571,43.81843,0.0],[88.445919,43.818672,0.0],[88.445926,43.818966,0.0],[88.445933,43.81926,0.0],[88.446076,43.819552,0.0],[88.446218,43.819844,0.0],[88.44636,43.820136,0.0],[88.446636,43.820329,0.0],[88.44671,43.820622,0.0],[88.44687,43.820807,0.0],[88.44663,43.820868,0.0],[88.446258,43.821036,0.0],[88.446106,43.820825,0.0],[88.445898,43.820583,0.0],[88.445689,43.820341,0.0],[88.445546,43.820048,0.0],[88.445404,43.819756,0.0],[88.445329,43.819463,0.0],[88.445255,43.81917,0.0],[88.44518,43.818877,0.0],[88.44516,43.8188,0.0],[88.445197,43.81873,0.0],[88.445477,43.81852,0.0]],[[88.441524,43.818777,0.0],[88.441568,43.818563,0.0],[88.441587,43.81858,0.0],[88.441929,43.818723,0.0],[88.442405,43.818815,0.0],[88.442209,43.819111,0.0],[88.442081,43.819406,0.0],[88.441816,43.819655,0.0],[88.441688,43.81995,0.0],[88.441381,43.820068,0.0],[88.44103,43.820279,0.0],[88.440822,43.82054,0.0],[88.440614,43.820801,0.0],[88.440622,43.82111,0.0],[88.440629,43.821419,0.0],[88.440633,43.82159,0.0],[88.44038,43.821828,0.0],[88.440232,43.82209,0.0],[88.44006,43.822105,0.0],[88.439321,43.822038,0.0],[88.438944,43.821662,0.0],[88.439021,43.8216,0.0],[88.439207,43.821485,0.0],[88.439268,43.821127,0.0],[88.439405,43.820867,0.0],[88.439541,43.820608,0.0],[88.439821,43.820398,0.0],[88.440171,43.820135,0.0],[88.440523,43.819976,0.0],[88.440731,43.819716,0.0],[88.440778,43.81968,0.0],[88.440867,43.819569,0.0],[88.441133,43.819369,0.0],[88.441329,43.819073,0.0],[88.441524,43.818777,0.0]]]}},{"type":"Feature","properties":{"rgi_id":"RGI2000-v7.0-G-13-41512","o1region":"13"},"geometry":{"type":"Polygon","coordinates":[[[88.435498,43.8333,0.0],[88.435552,43.832577,0.0],[88.435192,43.832426,0.0],[88.434765,43.832432,0.0],[88.434341,43.832592,0.0],[88.434061,43.832802,0.0],[88.433707,43.832909,0.0],[88.433348,43.832811,0.0],[88.433341,43.832501,0.0],[88.433333,43.832192,0.0],[88.433326,43.831882,0.0],[88.432966,43.831732,0.0],[88.432612,43.83184,0.0],[88.432405,43.8321,0.0],[88.432268,43.83236,0.0],[88.432132,43.83262,0.0],[88.432068,43.83293,0.0],[88.432075,43.833239,0.0],[88.432012,43.83355,0.0],[88.431948,43.83386,0.0],[88.431955,43.83417,0.0],[88.432175,43.834425,0.0],[88.432603,43.834419,0.0],[88.432956,43.834312,0.0],[88.433309,43.834153,0.0],[88.433373,43.833842,0.0],[88.433724,43.833631,0.0],[88.434149,43.833523,0.0],[88.434646,43.833414,0.0],[88.435073,43.833408,0.0],[88.435427,43.833301,0.0],[88.435498,43.8333,0.0]]]}},{"type":"Feature","properties":{"rgi_id":"RGI2000-v7.0-G-13-41513","o1region":"13"},"geometry":{"type":"Polygon","coordinates":[[[88.479732,43.837186,0.0],[88.479997,43.837066,0.0],[88.48035,43.836958,0.0],[88.480703,43.836799,0.0],[88.480983,43.836589,0.0],[88.481334,43.836378,0.0],[88.481688,43.83627,0.0],[88.481968,43.83606,0.0],[88.482248,43.83585,0.0],[88.482599,43.835639,0.0],[88.482806,43.835378,0.0],[88.483086,43.835168,0.0],[88.483366,43.834958,0.0],[88.483646,43.834748,0.0],[88.483924,43.834487,0.0],[88.484204,43.834277,0.0],[88.484315,43.834235,0.0],[88.484128,43.834071,0.0],[88.483979,43.833815,0.0],[88.483971,43.833506,0.0],[88.483971,43.833485,0.0],[88.483726,43.833327,0.0],[88.483524,43.833129,0.0],[88.483146,43.833034,0.0],[88.482708,43.832882,0.0],[88.482368,43.832715,0.0],[88.482089,43.83259,0.0],[88.48177,43.832466,0.0],[88.481491,43.832355,0.0],[88.481012,43.832147,0.0],[88.480711,43.831965,0.0],[88.480579,43.831744,0.0],[88.480079,43.831751,0.0],[88.47972,43.831652,0.0],[88.47929,43.831554,0.0],[88.47893,43.831404,0.0],[88.478571,43.831306,0.0],[88.478281,43.831103,0.0],[88.477991,43.8309,0.0],[88.477796,43.830674,0.0],[88.477738,43.830717,0.0],[88.477482,43.830735,0.0],[88.477028,43.830741,0.0],[88.476672,43.830717,0.0],[88.476354,43.830635,0.0],[88.47586,43.830627,0.0],[88.475544,43.830631,0.0],[88.475132,43.830736,0.0],[88.474818,43.830798,0.0],[88.474443,43.830803,0.0],[88.47409,43.830893,0.0],[88.473854,43.830977,0.0],[88.473795,43.831264,0.0],[88.473589,43.831576,0.0],[88.473163,43.831634,0.0],[88.472736,43.831691,0.0],[88.472593,43.831692,0.0],[88.472395,43.831829,0.0],[88.472202,43.831989,0.0],[88.471893,43.832293,0.0],[88.471661,43.832468,0.0],[88.471426,43.832585,0.0],[88.471253,43.832745,0.0],[88.470942,43.832963,0.0],[88.47073,43.833152,0.0],[88.470497,43.833312,0.0],[88.470164,43.83343,0.0],[88.469871,43.833549,0.0],[88.469715,43.833665,0.0],[88.469623,43.833923,0.0],[88.469591,43.834224,0.0],[88.469499,43.834511,0.0],[88.469409,43.834841,0.0],[88.469213,43.834929,0.0],[88.469016,43.834946,0.0],[88.46874,43.83495,0.0],[88.468664,43.835093,0.0],[88.468649,43.835279,0.0],[88.468655,43.835508,0.0],[88.468758,43.835707,0.0],[88.46894,43.835876,0.0],[88.469104,43.836117,0.0],[88.46923,43.836401,0.0],[88.469473,43.836641,0.0],[88.469656,43.836882,0.0],[88.469838,43.837065,0.0],[88.469982,43.837278,0.0],[88.469968,43.837521,0.0],[88.469914,43.837722,0.0],[88.469662,43.837925,0.0],[88.469746,43.838138,0.0],[88.469871,43.838394,0.0],[88.470213,43.838633,0.0],[88.470398,43.838945,0.0],[88.470602,43.839214,0.0],[88.470844,43.839425,0.0],[88.471126,43.839636,0.0],[88.471407,43.839832,0.0],[88.471553,43.840145,0.0],[88.471777,43.840428,0.0],[88.471844,43.840727,0.0],[88.471909,43.840969,0.0],[88.471935,43.841212,0.0],[88.471941,43.841455,0.0],[88.471847,43.841642,0.0],[88.471834,43.841942,0.0],[88.471823,43.842271,0.0],[88.471888,43.842527,0.0],[88.471952,43.842727,0.0],[88.472115,43.842925,0.0],[88.472336,43.843065,0.0],[88.472633,43.843118,0.0],[88.47287,43.843101,0.0],[88.473123,43.842969,0.0],[88.47328,43.842895,0.0],[88.473492,43.842707,0.0],[88.473645,43.84249,0.0],[88.473778,43.842303,0.0],[88.47391,43.84203,0.0],[88.474044,43.841842,0.0],[88.474236,43.84164,0.0],[88.47439,43.84148,0.0],[88.474485,43.841308,0.0],[88.474793,43.840989,0.0],[88.474927,43.840844,0.0],[88.475021,43.840629,0.0],[88.475134,43.840413,0.0],[88.475227,43.840169,0.0],[88.475497,43.839908,0.0],[88.47559,43.839692,0.0],[88.475781,43.839433,0.0],[88.47605,43.839129,0.0],[88.476301,43.838911,0.0],[88.47675,43.838677,0.0],[88.47694,43.838374,0.0],[88.477153,43.8382,0.0],[88.477226,43.837956,0.0],[88.477399,43.837782,0.0],[88.477692,43.83765,0.0],[88.477953,43.837656,0.0],[88.478297,43.837501,0.0],[88.478649,43.837341,0.0],[88.479003,43.837234,0.0],[88.479357,43.837126,0.0],[88.479784,43.83712,0.0],[88.479732,43.837186,0.0]]]}},{"type":"Feature","properties":{"rgi_id":"RGI2000-v7.0-G-13-41514","o1region":"13"},"geometry":{"type":"Polygon","coordinates":[[[88.487099,43.835847,0.0],[88.48696,43.835655,0.0],[88.486956,43.835488,0.0],[88.486966,43.835238,0.0],[88.486896,43.835084,0.0],[88.486777,43.834943,0.0],[88.486676,43.834837,0.0],[88.486412,43.834793,0.0],[88.486148,43.83476,0.0],[88.48595,43.834763,0.0],[88.485704,43.83479,0.0],[88.485591,43.834875,0.0],[88.48551,43.834935,0.0],[88.485331,43.834985,0.0],[88.485111,43.83501,0.0],[88.48481,43.834828,0.0],[88.484626,43.834587,0.0],[88.484482,43.834332,0.0],[88.484464,43.834312,0.0],[88.484419,43.834326,0.0],[88.484315,43.834235,0.0],[88.484204,43.834277,0.0],[88.483924,43.834487,0.0],[88.483646,43.834748,0.0],[88.483366,43.834958,0.0],[88.483086,43.835168,0.0],[88.482806,43.835378,0.0],[88.482599,43.835639,0.0],[88.482248,43.83585,0.0],[88.481968,43.83606,0.0],[88.481688,43.83627,0.0],[88.481334,43.836378,0.0],[88.480983,43.836589,0.0],[88.480703,43.836799,0.0],[88.48035,43.836958,0.0],[88.479997,43.837066,0.0],[88.479732,43.837186,0.0],[88.479577,43.837381,0.0],[88.479297,43.837591,0.0],[88.479017,43.837801,0.0],[88.478809,43.838062,0.0],[88.478771,43.838079,0.0],[88.478796,43.83835,0.0],[88.478761,43.838565,0.0],[88.478766,43.838765,0.0],[88.478829,43.838922,0.0],[88.47891,43.839006,0.0],[88.47905,43.839076,0.0],[88.479269,43.839116,0.0],[88.479486,43.839113,0.0],[88.479742,43.83911,0.0],[88.47992,43.839093,0.0],[88.480272,43.83896,0.0],[88.480506,43.838857,0.0],[88.480877,43.838681,0.0],[88.481071,43.83855,0.0],[88.481324,43.838403,0.0],[88.481638,43.838314,0.0],[88.481953,43.838252,0.0],[88.482188,43.838192,0.0],[88.482421,43.838032,0.0],[88.482577,43.837944,0.0],[88.482908,43.837768,0.0],[88.483298,43.837549,0.0],[88.483594,43.837545,0.0],[88.483734,43.837629,0.0],[88.483754,43.837667,0.0],[88.48407,43.837478,0.0],[88.484424,43.83737,0.0],[88.48492,43.83726,0.0],[88.485272,43.837101,0.0],[88.485625,43.836941,0.0],[88.486122,43.836883,0.0],[88.486444,43.836879,0.0],[88.486484,43.836678,0.0],[88.486674,43.836051,0.0],[88.487099,43.835847,0.0]]]}},{"type":"Feature","properties":{"rgi_id":"RGI2000-v7.0-G-13-41515","o1region":"13"},"geometry":{"type":"Polygon","coordinates":[[[88.486444,43.836879,0.0],[88.486301,43.837604,0.0],[88.486259,43.837636,0.0],[88.486359,43.837809,0.0],[88.486367,43.838118,0.0],[88.486374,43.838428,0.0],[88.486382,43.838725,0.0],[88.486575,43.838793,0.0],[88.486801,43.838885,0.0],[88.486937,43.839036,0.0],[88.487137,43.839138,0.0],[88.487375,43.839183,0.0],[88.487651,43.839179,0.0],[88.488111,43.839154,0.0],[88.488585,43.839148,0.0],[88.488863,43.839201,0.0],[88.489101,43.839236,0.0],[88.489377,43.839233,0.0],[88.489667,43.839229,0.0],[88.489929,43.839206,0.0],[88.490099,43.839147,0.0],[88.490282,43.839097,0.0],[88.490416,43.839181,0.0],[88.490654,43.839216,0.0],[88.491101,43.83922,0.0],[88.491444,43.839215,0.0],[88.491732,43.839183,0.0],[88.491865,43.839219,0.0],[88.491999,43.839303,0.0],[88.492107,43.839426,0.0],[88.49228,43.839519,0.0],[88.492428,43.839622,0.0],[88.492628,43.839733,0.0],[88.492749,43.839827,0.0],[88.49287,43.83993,0.0],[88.493043,43.839995,0.0],[88.493216,43.840059,0.0],[88.493402,43.840152,0.0],[88.493615,43.840226,0.0],[88.493854,43.840308,0.0],[88.494066,43.840372,0.0],[88.494278,43.840427,0.0],[88.494517,43.8405,0.0],[88.494717,43.840602,0.0],[88.49485,43.840676,0.0],[88.49501,43.840731,0.0],[88.495287,43.840775,0.0],[88.495655,43.840733,0.0],[88.49589,43.840691,0.0],[88.495979,43.840521,0.0],[88.496186,43.84026,0.0],[88.496319,43.839898,0.0],[88.496383,43.839587,0.0],[88.496375,43.839278,0.0],[88.496296,43.838969,0.0],[88.49636,43.838659,0.0],[88.496443,43.838554,0.0],[88.496353,43.838401,0.0],[88.496274,43.838092,0.0],[88.496267,43.837783,0.0],[88.49633,43.837472,0.0],[88.496324,43.837217,0.0],[88.496302,43.837122,0.0],[88.496295,43.836846,0.0],[88.49637,43.836692,0.0],[88.49638,43.836559,0.0],[88.496272,43.836475,0.0],[88.496046,43.836373,0.0],[88.495886,43.836289,0.0],[88.495634,43.836207,0.0],[88.495513,43.836113,0.0],[88.495363,43.835905,0.0],[88.495397,43.835686,0.0],[88.495405,43.835466,0.0],[88.495347,43.835257,0.0],[88.495068,43.835175,0.0],[88.494737,43.835075,0.0],[88.494655,43.834952,0.0],[88.49456,43.834839,0.0],[88.494452,43.834755,0.0],[88.494319,43.834699,0.0],[88.494173,43.834644,0.0],[88.494013,43.834579,0.0],[88.493893,43.834505,0.0],[88.493774,43.834459,0.0],[88.493601,43.834404,0.0],[88.493351,43.834397,0.0],[88.493194,43.834466,0.0],[88.493052,43.834573,0.0],[88.492936,43.834651,0.0],[88.492742,43.834777,0.0],[88.492533,43.834865,0.0],[88.492189,43.834775,0.0],[88.491821,43.834713,0.0],[88.49163,43.834799,0.0],[88.491277,43.834907,0.0],[88.49085,43.834964,0.0],[88.490351,43.834971,0.0],[88.489924,43.834976,0.0],[88.489425,43.834983,0.0],[88.489226,43.834985,0.0],[88.489193,43.834995,0.0],[88.488932,43.835103,0.0],[88.488632,43.835221,0.0],[88.488608,43.835317,0.0],[88.488664,43.83543,0.0],[88.488812,43.835562,0.0],[88.488855,43.835714,0.0],[88.488806,43.835867,0.0],[88.488758,43.83603,0.0],[88.488616,43.836165,0.0],[88.488529,43.836347,0.0],[88.488453,43.836472,0.0],[88.488349,43.836521,0.0],[88.488165,43.836542,0.0],[88.487902,43.836546,0.0],[88.487651,43.83653,0.0],[88.487387,43.836495,0.0],[88.487341,43.836504,0.0],[88.487339,43.836365,0.0],[88.487318,43.836186,0.0],[88.487282,43.836032,0.0],[88.487113,43.835867,0.0],[88.487099,43.835847,0.0],[88.486674,43.836051,0.0],[88.486484,43.836678,0.0],[88.486444,43.836879,0.0]]]}},{"type":"Feature","properties":{"rgi_id":"RGI2000-v7.0-G-13-41516","o1region":"13"},"geometry":{"type":"Polygon","coordinates":[[[88.480579,43.831744,0.0],[88.480567,43.831724,0.0],[88.480523,43.831539,0.0],[88.480597,43.831366,0.0],[88.48065,43.831108,0.0],[88.480604,43.830852,0.0],[88.48044,43.830568,0.0],[88.480256,43.830327,0.0],[88.479996,43.830188,0.0],[88.479384,43.830181,0.0],[88.47877,43.830132,0.0],[88.478279,43.830224,0.0],[88.477987,43.830385,0.0],[88.477913,43.830586,0.0],[88.477796,43.830674,0.0],[88.477991,43.8309,0.0],[88.478281,43.831103,0.0],[88.478571,43.831306,0.0],[88.47893,43.831404,0.0],[88.47929,43.831554,0.0],[88.47972,43.831652,0.0],[88.480079,43.831751,0.0],[88.480579,43.831744,0.0]]]}},{"type":"Feature","properties":{"rgi_id":"RGI2000-v7.0-G-13-41517","o1region":"13"},"geometry":{"type":"Polygon","coordinates":[[[88.477037,43.817117,0.0],[88.477156,43.817361,0.0],[88.477299,43.817702,0.0],[88.477442,43.817994,0.0],[88.477651,43.818236,0.0],[88.477726,43.818529,0.0],[88.477665,43.818823,0.0],[88.477468,43.819071,0.0],[88.477272,43.819318,0.0],[88.477006,43.819518,0.0],[88.476809,43.819765,0.0],[88.476612,43.820013,0.0],[88.476413,43.820162,0.0],[88.476417,43.820309,0.0],[88.476356,43.820604,0.0],[88.476363,43.820898,0.0],[88.476371,43.821191,0.0],[88.476378,43.821485,0.0],[88.476653,43.821678,0.0],[88.476755,43.821632,0.0],[88.477032,43.821822,0.0],[88.477508,43.821915,0.0],[88.477905,43.821982,0.0],[88.478264,43.82212,0.0],[88.478743,43.822343,0.0],[88.479102,43.822495,0.0],[88.479403,43.822691,0.0],[88.479723,43.822844,0.0],[88.480101,43.822968,0.0],[88.480499,43.823106,0.0],[88.480997,43.8233,0.0],[88.481356,43.823452,0.0],[88.481934,43.823659,0.0],[88.482312,43.823783,0.0],[88.482826,43.823819,0.0],[88.483341,43.823884,0.0],[88.48376,43.82405,0.0],[88.484117,43.824117,0.0],[88.484495,43.824226,0.0],[88.484793,43.824322,0.0],[88.485051,43.824362,0.0],[88.485349,43.824444,0.0],[88.485687,43.824539,0.0],[88.486006,43.82465,0.0],[88.486384,43.824773,0.0],[88.486703,43.824884,0.0],[88.486905,43.825081,0.0],[88.487126,43.82525,0.0],[88.487328,43.825419,0.0],[88.48743,43.825574,0.0],[88.487494,43.825745,0.0],[88.487499,43.825945,0.0],[88.487424,43.826118,0.0],[88.48735,43.826304,0.0],[88.487274,43.826448,0.0],[88.487278,43.826606,0.0],[88.487282,43.826734,0.0],[88.487404,43.826876,0.0],[88.487524,43.82696,0.0],[88.487685,43.827072,0.0],[88.487951,43.827242,0.0],[88.48811,43.827347,0.0],[88.488377,43.827516,0.0],[88.488602,43.827621,0.0],[88.488843,43.827743,0.0],[88.48897,43.827884,0.0],[88.489121,43.828007,0.0],[88.48934,43.828213,0.0],[88.489401,43.828349,0.0],[88.48956,43.828448,0.0],[88.48971,43.828529,0.0],[88.489828,43.828617,0.0],[88.490052,43.828692,0.0],[88.490252,43.82882,0.0],[88.490386,43.82889,0.0],[88.490644,43.829041,0.0],[88.490787,43.829141,0.0],[88.491052,43.829232,0.0],[88.491269,43.829349,0.0],[88.491485,43.829453,0.0],[88.49171,43.829563,0.0],[88.491868,43.829627,0.0],[88.492084,43.829683,0.0],[88.492372,43.829709,0.0],[88.492603,43.829742,0.0],[88.492835,43.829805,0.0],[88.493165,43.82983,0.0],[88.493455,43.829916,0.0],[88.493801,43.829953,0.0],[88.493969,43.829961,0.0],[88.49411,43.829876,0.0],[88.494444,43.829725,0.0],[88.494779,43.829573,0.0],[88.495112,43.829373,0.0],[88.495378,43.829174,0.0],[88.495644,43.828974,0.0],[88.49584,43.828727,0.0],[88.495967,43.828382,0.0],[88.496026,43.828039,0.0],[88.496078,43.827788,0.0],[88.496048,43.827551,0.0],[88.495939,43.827381,0.0],[88.495777,43.827231,0.0],[88.495707,43.827051,0.0],[88.495649,43.82687,0.0],[88.495697,43.82667,0.0],[88.495798,43.826506,0.0],[88.495952,43.826352,0.0],[88.496132,43.826178,0.0],[88.49622,43.826015,0.0],[88.496282,43.825861,0.0],[88.496212,43.825681,0.0],[88.496037,43.825531,0.0],[88.495798,43.825439,0.0],[88.49552,43.825366,0.0],[88.495201,43.825247,0.0],[88.494869,43.825137,0.0],[88.49459,43.825036,0.0],[88.494389,43.824895,0.0],[88.494226,43.824678,0.0],[88.493999,43.824538,0.0],[88.493783,43.824331,0.0],[88.493568,43.824144,0.0],[88.493379,43.823984,0.0],[88.493371,43.823782,0.0],[88.493417,43.823626,0.0],[88.493477,43.823423,0.0],[88.493439,43.823221,0.0],[88.493318,43.822984,0.0],[88.493083,43.822773,0.0],[88.49283,43.822538,0.0],[88.492545,43.822316,0.0],[88.492161,43.822094,0.0],[88.491829,43.82198,0.0],[88.491547,43.821864,0.0],[88.491377,43.821676,0.0],[88.491094,43.821513,0.0],[88.490791,43.821255,0.0],[88.490421,43.820914,0.0],[88.490169,43.820715,0.0],[88.489918,43.820527,0.0],[88.489748,43.820339,0.0],[88.489482,43.8202,0.0],[88.489216,43.82012,0.0],[88.488984,43.820039,0.0],[88.488749,43.81984,0.0],[88.488481,43.819665,0.0],[88.488248,43.819525,0.0],[88.487981,43.819397,0.0],[88.4877,43.819341,0.0],[88.487369,43.819274,0.0],[88.487056,43.819255,0.0],[88.486545,43.819202,0.0],[88.486228,43.819003,0.0],[88.486059,43.818827,0.0],[88.485907,43.818674,0.0],[88.485688,43.818474,0.0],[88.485434,43.81818,0.0],[88.485168,43.818052,0.0],[88.484903,43.817996,0.0],[88.484639,43.817976,0.0],[88.48431,43.817944,0.0],[88.483979,43.817877,0.0],[88.483587,43.817978,0.0],[88.483326,43.818064,0.0],[88.48303,43.818092,0.0],[88.482799,43.818047,0.0],[88.482534,43.818003,0.0],[88.482224,43.817824,0.0],[88.482022,43.81764,0.0],[88.481742,43.817501,0.0],[88.48172,43.817489,0.0],[88.481508,43.817491,0.0],[88.480938,43.817499,0.0],[88.480511,43.817504,0.0],[88.480279,43.817407,0.0],[88.480143,43.817479,0.0],[88.479828,43.817512,0.0],[88.479493,43.81753,0.0],[88.479177,43.817534,0.0],[88.478938,43.817452,0.0],[88.478699,43.817369,0.0],[88.478421,43.817301,0.0],[88.478304,43.81731,0.0],[88.478218,43.817355,0.0],[88.47803,43.817454,0.0],[88.477901,43.8174,0.0],[88.477559,43.817257,0.0],[88.477151,43.817165,0.0],[88.477037,43.817117,0.0]]]}},{"type":"Feature","properties":{"rgi_id":"RGI2000-v7.0-G-13-41518","o1region":"13"},"geometry":{"type":"Polygon","coordinates":[[[88.477037,43.817117,0.0],[88.476809,43.817022,0.0],[88.476467,43.81688,0.0],[88.476126,43.816737,0.0],[88.475784,43.816595,0.0],[88.475309,43.816552,0.0],[88.474838,43.816656,0.0],[88.474437,43.816857,0.0],[88.474173,43.817105,0.0],[88.473907,43.817305,0.0],[88.473641,43.817504,0.0],[88.473239,43.817656,0.0],[88.472905,43.817807,0.0],[88.472504,43.818008,0.0],[88.472443,43.818303,0.0],[88.472315,43.818599,0.0],[88.472118,43.818846,0.0],[88.471922,43.819094,0.0],[88.471656,43.819293,0.0],[88.471321,43.819444,0.0],[88.470988,43.819644,0.0],[88.470791,43.819892,0.0],[88.470798,43.820186,0.0],[88.471208,43.820327,0.0],[88.471612,43.820273,0.0],[88.472017,43.820219,0.0],[88.472351,43.820068,0.0],[88.472752,43.819867,0.0],[88.473222,43.819714,0.0],[88.473628,43.819708,0.0],[88.474034,43.819703,0.0],[88.474438,43.819649,0.0],[88.474843,43.819595,0.0],[88.475248,43.819541,0.0],[88.475652,43.819486,0.0],[88.476126,43.81948,0.0],[88.476401,43.819673,0.0],[88.476408,43.819966,0.0],[88.476413,43.820162,0.0],[88.476612,43.820013,0.0],[88.476809,43.819765,0.0],[88.477006,43.819518,0.0],[88.477272,43.819318,0.0],[88.477468,43.819071,0.0],[88.477665,43.818823,0.0],[88.477726,43.818529,0.0],[88.477651,43.818236,0.0],[88.477442,43.817994,0.0],[88.477299,43.817702,0.0],[88.477156,43.817361,0.0],[88.477037,43.817117,0.0]]]}},{"type":"Feature","properties":{"rgi_id":"RGI2000-v7.0-G-13-41519","o1region":"13"},"geometry":{"type":"Polygon","coordinates":[[[88.473965,43.816622,0.0],[88.474219,43.815933,0.0],[88.473812,43.81589,0.0],[88.473406,43.815895,0.0],[88.473003,43.815998,0.0],[88.472737,43.816197,0.0],[88.472333,43.816252,0.0],[88.472393,43.815957,0.0],[88.472521,43.815661,0.0],[88.472856,43.81551,0.0],[88.473121,43.815311,0.0],[88.473182,43.815016,0.0],[88.473039,43.814724,0.0],[88.472762,43.814434,0.0],[88.472486,43.814241,0.0],[88.472277,43.813999,0.0],[88.472069,43.813757,0.0],[88.471793,43.813564,0.0],[88.471518,43.813372,0.0],[88.471113,43.813426,0.0],[88.470985,43.813722,0.0],[88.470788,43.813969,0.0],[88.47066,43.814265,0.0],[88.4706,43.814559,0.0],[88.470403,43.814807,0.0],[88.470206,43.815054,0.0],[88.469872,43.815206,0.0],[88.469537,43.815357,0.0],[88.469203,43.815508,0.0],[88.469007,43.815804,0.0],[88.469014,43.816098,0.0],[88.469021,43.816392,0.0],[88.469029,43.816686,0.0],[88.469171,43.816978,0.0],[88.469178,43.817272,0.0],[88.469186,43.817566,0.0],[88.469462,43.817807,0.0],[88.469937,43.81785,0.0],[88.47041,43.817844,0.0],[88.470816,43.817839,0.0],[88.471222,43.817833,0.0],[88.471695,43.817827,0.0],[88.472098,43.817724,0.0],[88.472433,43.817573,0.0],[88.472836,43.81747,0.0],[88.473171,43.817318,0.0],[88.473368,43.817071,0.0],[88.473565,43.816823,0.0],[88.473967,43.816671,0.0],[88.473965,43.816622,0.0]]]}},{"type":"Feature","properties":{"rgi_id":"RGI2000-v7.0-G-13-41520","o1region":"13"},"geometry":{"type":"Polygon","coordinates":[[[88.4834,43.81045,0.0],[88.48347,43.810397,0.0],[88.48375,43.810187,0.0],[88.484101,43.809976,0.0],[88.484237,43.809717,0.0],[88.484372,43.809405,0.0],[88.484508,43.809145,0.0],[88.484572,43.808835,0.0],[88.484493,43.808526,0.0],[88.484344,43.80827,0.0],[88.484195,43.808014,0.0],[88.483975,43.807759,0.0],[88.483546,43.807713,0.0],[88.483193,43.807821,0.0],[88.482839,43.807929,0.0],[88.482341,43.807935,0.0],[88.481916,43.808044,0.0],[88.481564,43.808203,0.0],[88.481137,43.80826,0.0],[88.480706,43.808111,0.0],[88.480346,43.807961,0.0],[88.47992,43.808018,0.0],[88.479568,43.808178,0.0],[88.479214,43.808285,0.0],[88.478935,43.808495,0.0],[88.478727,43.808756,0.0],[88.478664,43.809066,0.0],[88.4786,43.809377,0.0],[88.478608,43.809686,0.0],[88.478758,43.809994,0.0],[88.479048,43.810197,0.0],[88.479548,43.810242,0.0],[88.479908,43.810392,0.0],[88.480335,43.810386,0.0],[88.480764,43.810432,0.0],[88.481191,43.810427,0.0],[88.481761,43.810419,0.0],[88.482188,43.810414,0.0],[88.4834,43.81045,0.0]]]}},{"type":"Feature","properties":{"rgi_id":"RGI2000-v7.0-G-13-41521","o1region":"13"},"geometry":{"type":"Polygon","coordinates":[[[88.484562,43.781547,0.0],[88.484068,43.781505,0.0],[88.483573,43.781416,0.0],[88.483077,43.781304,0.0],[88.48276,43.781232,0.0],[88.482534,43.781443,0.0],[88.482228,43.781673,0.0],[88.481858,43.781859,0.0],[88.481488,43.781999,0.0],[88.481417,43.781684,0.0],[88.481348,43.781414,0.0],[88.481297,43.781183,0.0],[88.481003,43.781212,0.0],[88.48087,43.781262,0.0],[88.480592,43.781107,0.0],[88.480223,43.781293,0.0],[88.479852,43.781433,0.0],[88.479609,43.781707,0.0],[88.479302,43.781892,0.0],[88.478869,43.782033,0.0],[88.478562,43.782218,0.0],[88.478254,43.782403,0.0],[88.477948,43.782633,0.0],[88.477768,43.782906,0.0],[88.478209,43.783081,0.0],[88.478455,43.783094,0.0],[88.478424,43.783318,0.0],[88.478434,43.783722,0.0],[88.478444,43.784103,0.0],[88.478453,43.784484,0.0],[88.478822,43.784766,0.0],[88.479254,43.784951,0.0],[88.479814,43.784991,0.0],[88.480308,43.785032,0.0],[88.480838,43.785168,0.0],[88.481334,43.785281,0.0],[88.481863,43.785417,0.0],[88.482359,43.78553,0.0],[88.482856,43.785666,0.0],[88.48332,43.785827,0.0],[88.483752,43.786012,0.0],[88.484152,43.786245,0.0],[88.484586,43.786501,0.0],[88.484987,43.786758,0.0],[88.485356,43.787039,0.0],[88.485561,43.78737,0.0],[88.485735,43.787725,0.0],[88.485744,43.788106,0.0],[88.485753,43.788487,0.0],[88.485763,43.788868,0.0],[88.485772,43.789249,0.0],[88.485847,43.789606,0.0],[88.485922,43.789962,0.0],[88.486095,43.790317,0.0],[88.4863,43.790648,0.0],[88.486637,43.790953,0.0],[88.487133,43.79109,0.0],[88.487692,43.791059,0.0],[88.488249,43.791004,0.0],[88.488706,43.790855,0.0],[88.489027,43.790541,0.0],[88.489216,43.790205,0.0],[88.489339,43.789846,0.0],[88.489527,43.789486,0.0],[88.489683,43.789127,0.0],[88.489805,43.788768,0.0],[88.489928,43.788409,0.0],[88.490018,43.788051,0.0],[88.490067,43.787383,0.0],[88.490035,43.787086,0.0],[88.489906,43.786951,0.0],[88.489711,43.786637,0.0],[88.48939,43.78628,0.0],[88.489195,43.785966,0.0],[88.489189,43.785695,0.0],[88.489244,43.785423,0.0],[88.4893,43.785151,0.0],[88.48948,43.784878,0.0],[88.489598,43.784605,0.0],[88.489592,43.784334,0.0],[88.489647,43.784062,0.0],[88.489891,43.783833,0.0],[88.490197,43.783603,0.0],[88.490296,43.783375,0.0],[88.490295,43.783354,0.0],[88.490285,43.782949,0.0],[88.489917,43.782692,0.0],[88.489485,43.782507,0.0],[88.488989,43.782394,0.0],[88.488494,43.782329,0.0],[88.488004,43.782455,0.0],[88.487514,43.78258,0.0],[88.486989,43.782611,0.0],[88.486621,43.782354,0.0],[88.486415,43.782023,0.0],[88.486047,43.781765,0.0],[88.486105,43.781609,0.0],[88.486026,43.7813,0.0],[88.485667,43.78115,0.0],[88.485307,43.781,0.0],[88.485171,43.78126,0.0],[88.485035,43.781519,0.0],[88.484562,43.781547,0.0]]]}},{"type":"Feature","properties":{"rgi_id":"RGI2000-v7.0-G-13-41522","o1region":"13"},"geometry":{"type":"Polygon","coordinates":[[[88.459219,43.759033,0.0],[88.45901,43.758791,0.0],[88.458735,43.758599,0.0],[88.458527,43.758356,0.0],[88.458251,43.758115,0.0],[88.457974,43.757873,0.0],[88.457698,43.757632,0.0],[88.457487,43.757292,0.0],[88.457278,43.75705,0.0],[88.457136,43.756757,0.0],[88.456928,43.756515,0.0],[88.456651,43.756274,0.0],[88.45631,43.756131,0.0],[88.45584,43.756235,0.0],[88.455575,43.756483,0.0],[88.455515,43.756778,0.0],[88.455456,43.757122,0.0],[88.455464,43.757465,0.0],[88.455471,43.757758,0.0],[88.455411,43.758053,0.0],[88.455215,43.758349,0.0],[88.455088,43.758694,0.0],[88.455028,43.758989,0.0],[88.455036,43.759331,0.0],[88.455111,43.759624,0.0],[88.455319,43.759867,0.0],[88.455398,43.759958,0.0],[88.455396,43.759982,0.0],[88.455537,43.760347,0.0],[88.455699,43.760545,0.0],[88.455804,43.760801,0.0],[88.455969,43.761085,0.0],[88.456075,43.761413,0.0],[88.456344,43.761924,0.0],[88.456525,43.762079,0.0],[88.456707,43.762262,0.0],[88.456949,43.762488,0.0],[88.45713,43.762628,0.0],[88.457351,43.762797,0.0],[88.457513,43.762981,0.0],[88.458014,43.763275,0.0],[88.458155,43.763416,0.0],[88.458397,43.763613,0.0],[88.458578,43.763768,0.0],[88.458819,43.76395,0.0],[88.458981,43.764134,0.0],[88.459113,43.764227,0.0],[88.459216,43.764471,0.0],[88.459426,43.764762,0.0],[88.459636,43.765053,0.0],[88.459912,43.765294,0.0],[88.460054,43.765587,0.0],[88.460264,43.765878,0.0],[88.460474,43.766169,0.0],[88.460617,43.76651,0.0],[88.46076,43.766802,0.0],[88.460902,43.767094,0.0],[88.461044,43.767386,0.0],[88.461187,43.767678,0.0],[88.461329,43.76797,0.0],[88.461471,43.768263,0.0],[88.461614,43.768555,0.0],[88.461822,43.768797,0.0],[88.462164,43.768939,0.0],[88.462572,43.769032,0.0],[88.462977,43.769027,0.0],[88.463381,43.768973,0.0],[88.463854,43.768967,0.0],[88.464326,43.768912,0.0],[88.464798,43.768857,0.0],[88.465131,43.768657,0.0],[88.465328,43.768409,0.0],[88.465522,43.768064,0.0],[88.46552,43.767975,0.0],[88.465601,43.767909,0.0],[88.465713,43.767621,0.0],[88.465786,43.767377,0.0],[88.465739,43.767064,0.0],[88.465593,43.766751,0.0],[88.465488,43.766509,0.0],[88.465443,43.766253,0.0],[88.465279,43.766026,0.0],[88.465096,43.765785,0.0],[88.464952,43.76553,0.0],[88.464768,43.765261,0.0],[88.464565,43.765049,0.0],[88.464321,43.764738,0.0],[88.464136,43.764527,0.0],[88.46413,43.764254,0.0],[88.46409,43.763992,0.0],[88.464018,43.763707,0.0],[88.464011,43.763421,0.0],[88.463969,43.763076,0.0],[88.463899,43.762887,0.0],[88.463826,43.762602,0.0],[88.463828,43.762413,0.0],[88.463746,43.762201,0.0],[88.463523,43.761946,0.0],[88.463242,43.76175,0.0],[88.463089,43.761566,0.0],[88.463086,43.76145,0.0],[88.463078,43.761133,0.0],[88.463071,43.760817,0.0],[88.463064,43.760546,0.0],[88.463057,43.760275,0.0],[88.463174,43.759957,0.0],[88.463355,43.759684,0.0],[88.463598,43.759455,0.0],[88.463779,43.759181,0.0],[88.463897,43.758909,0.0],[88.463953,43.758637,0.0],[88.463946,43.758366,0.0],[88.463691,43.758143,0.0],[88.463315,43.758057,0.0],[88.462942,43.758107,0.0],[88.462949,43.758378,0.0],[88.462955,43.758649,0.0],[88.462837,43.758922,0.0],[88.462657,43.759196,0.0],[88.462477,43.759469,0.0],[88.462421,43.759741,0.0],[88.462303,43.760014,0.0],[88.462185,43.760286,0.0],[88.462068,43.760604,0.0],[88.462022,43.760685,0.0],[88.461881,43.760606,0.0],[88.461502,43.76043,0.0],[88.461123,43.760209,0.0],[88.460807,43.760033,0.0],[88.460613,43.759764,0.0],[88.460235,43.759588,0.0],[88.459857,43.759412,0.0],[88.459479,43.759281,0.0],[88.459382,43.759259,0.0],[88.459219,43.759033,0.0]]]}},{"type":"Feature","properties":{"rgi_id":"RGI2000-v7.0-G-13-41523","o1region":"13"},"geometry":{"type":"Polygon","coordinates":[[[88.44799,43.758673,0.0],[88.44814,43.758653,0.0],[88.448343,43.758626,0.0],[88.448375,43.758686,0.0],[88.448534,43.758978,0.0],[88.448693,43.759269,0.0],[88.448853,43.759561,0.0],[88.448961,43.759854,0.0],[88.449019,43.760147,0.0],[88.449076,43.76044,0.0],[88.449185,43.760733,0.0],[88.449343,43.760988,0.0],[88.449553,43.761279,0.0],[88.449911,43.761422,0.0],[88.450317,43.761453,0.0],[88.450724,43.761485,0.0],[88.451183,43.761589,0.0],[88.451639,43.76162,0.0],[88.452096,43.761614,0.0],[88.452501,43.761609,0.0],[88.452853,43.761494,0.0],[88.453153,43.761307,0.0],[88.453095,43.761014,0.0],[88.452836,43.760797,0.0],[88.452429,43.760728,0.0],[88.45202,43.760587,0.0],[88.451663,43.760481,0.0],[88.451354,43.760301,0.0],[88.451095,43.760084,0.0],[88.450837,43.759867,0.0],[88.450679,43.759612,0.0],[88.450469,43.75932,0.0],[88.45026,43.759066,0.0],[88.450151,43.758773,0.0],[88.450043,43.758481,0.0],[88.449934,43.758188,0.0],[88.449826,43.757896,0.0],[88.449718,43.757603,0.0],[88.449459,43.757386,0.0],[88.4491,43.757207,0.0],[88.448791,43.757027,0.0],[88.44874,43.756977,0.0],[88.448856,43.756801,0.0],[88.448638,43.756884,0.0],[88.448441,43.757131,0.0],[88.448313,43.757426,0.0],[88.448185,43.757722,0.0],[88.448124,43.758017,0.0],[88.447996,43.758312,0.0],[88.448003,43.758606,0.0],[88.44799,43.758673,0.0]]]}},{"type":"Feature","properties":{"rgi_id":"RGI2000-v7.0-G-13-41524","o1region":"13"},"geometry":{"type":"Polygon","coordinates":[[[88.44799,43.758673,0.0],[88.448003,43.758606,0.0],[88.447996,43.758312,0.0],[88.448124,43.758017,0.0],[88.448185,43.757722,0.0],[88.448313,43.757426,0.0],[88.448441,43.757131,0.0],[88.448638,43.756884,0.0],[88.448856,43.756801,0.0],[88.448915,43.756711,0.0],[88.449396,43.756229,0.0],[88.44981,43.755676,0.0],[88.449842,43.755651,0.0],[88.449933,43.755341,0.0],[88.449991,43.755006,0.0],[88.450114,43.754671,0.0],[88.450205,43.754337,0.0],[88.45023,43.754003,0.0],[88.450124,43.753694,0.0],[88.44992,43.753411,0.0],[88.44965,43.753152,0.0],[88.449403,43.75296,0.0],[88.449397,43.752721,0.0],[88.44939,43.752427,0.0],[88.449131,43.75221,0.0],[88.448774,43.752104,0.0],[88.448604,43.752015,0.0],[88.448513,43.751829,0.0],[88.448259,43.751606,0.0],[88.447881,43.751476,0.0],[88.447511,43.751616,0.0],[88.447517,43.751887,0.0],[88.447462,43.752159,0.0],[88.447407,43.752307,0.0],[88.447059,43.752457,0.0],[88.446761,43.752681,0.0],[88.44641,43.752869,0.0],[88.44606,43.753057,0.0],[88.446016,43.753352,0.0],[88.446125,43.753644,0.0],[88.446233,43.753937,0.0],[88.446392,43.754229,0.0],[88.446401,43.754255,0.0],[88.44636,43.754338,0.0],[88.446236,43.754649,0.0],[88.446045,43.754937,0.0],[88.445856,43.755249,0.0],[88.445666,43.755538,0.0],[88.445486,43.75581,0.0],[88.445406,43.755803,0.0],[88.444958,43.75579,0.0],[88.444832,43.755834,0.0],[88.444621,43.755776,0.0],[88.444167,43.755663,0.0],[88.443672,43.755609,0.0],[88.443402,43.755631,0.0],[88.443385,43.755613,0.0],[88.443459,43.755284,0.0],[88.443699,43.755013,0.0],[88.443773,43.754685,0.0],[88.443724,43.754358,0.0],[88.443694,43.754327,0.0],[88.443754,43.754115,0.0],[88.443899,43.753819,0.0],[88.444045,43.75356,0.0],[88.444292,43.7533,0.0],[88.444592,43.753113,0.0],[88.444944,43.752998,0.0],[88.445294,43.75281,0.0],[88.44549,43.75255,0.0],[88.445686,43.752254,0.0],[88.445882,43.751994,0.0],[88.446028,43.751735,0.0],[88.446173,43.751439,0.0],[88.445964,43.751185,0.0],[88.445607,43.751079,0.0],[88.445275,43.751113,0.0],[88.445199,43.750974,0.0],[88.44509,43.750645,0.0],[88.444829,43.750354,0.0],[88.444721,43.750062,0.0],[88.444314,43.749993,0.0],[88.443908,43.749998,0.0],[88.443503,43.750004,0.0],[88.443047,43.750009,0.0],[88.442592,43.750052,0.0],[88.442139,43.750168,0.0],[88.441942,43.750427,0.0],[88.441949,43.750721,0.0],[88.442107,43.750976,0.0],[88.442466,43.751155,0.0],[88.442775,43.751335,0.0],[88.443233,43.751403,0.0],[88.44359,43.751509,0.0],[88.443997,43.751577,0.0],[88.444248,43.751651,0.0],[88.444004,43.751871,0.0],[88.443808,43.752131,0.0],[88.443662,43.75239,0.0],[88.443516,43.752649,0.0],[88.44332,43.752908,0.0],[88.442972,43.753206,0.0],[88.442673,43.753431,0.0],[88.442374,43.753618,0.0],[88.442075,43.753842,0.0],[88.442031,43.753881,0.0],[88.441701,43.753907,0.0],[88.441249,43.753942,0.0],[88.440796,43.753889,0.0],[88.440538,43.753818,0.0],[88.440458,43.754046,0.0],[88.440414,43.754341,0.0],[88.440372,43.754672,0.0],[88.440429,43.754965,0.0],[88.440436,43.755259,0.0],[88.440495,43.755589,0.0],[88.440654,43.755881,0.0],[88.440828,43.755983,0.0],[88.440929,43.756001,0.0],[88.441343,43.756115,0.0],[88.441756,43.756229,0.0],[88.442209,43.756253,0.0],[88.442662,43.756307,0.0],[88.443067,43.756328,0.0],[88.443114,43.756331,0.0],[88.443528,43.756445,0.0],[88.443821,43.756679,0.0],[88.444274,43.756703,0.0],[88.444728,43.756787,0.0],[88.445182,43.756871,0.0],[88.445633,43.756835,0.0],[88.445672,43.756801,0.0],[88.44593,43.756964,0.0],[88.445943,43.757511,0.0],[88.44591,43.757512,0.0],[88.445454,43.75766,0.0],[88.445231,43.757949,0.0],[88.445312,43.758063,0.0],[88.445153,43.758103,0.0],[88.444818,43.758254,0.0],[88.444893,43.758547,0.0],[88.445168,43.75874,0.0],[88.445576,43.758833,0.0],[88.445981,43.758828,0.0],[88.446387,43.758822,0.0],[88.44686,43.758816,0.0],[88.447333,43.75881,0.0],[88.447736,43.758707,0.0],[88.44799,43.758673,0.0]]]}},{"type":"Feature","properties":{"rgi_id":"RGI2000-v7.0-G-13-41525","o1region":"13"},"geometry":{"type":"Polygon","coordinates":[[[88.451375,43.747008,0.0],[88.450916,43.747062,0.0],[88.450458,43.747115,0.0],[88.449998,43.747145,0.0],[88.44954,43.747198,0.0],[88.449115,43.747299,0.0],[88.448725,43.747494,0.0],[88.448403,43.747761,0.0],[88.44836,43.747779,0.0],[88.448068,43.748072,0.0],[88.447771,43.748333,0.0],[88.447676,43.748628,0.0],[88.447935,43.748845,0.0],[88.448293,43.748988,0.0],[88.448651,43.74913,0.0],[88.44896,43.74931,0.0],[88.449096,43.749389,0.0],[88.449232,43.749418,0.0],[88.449693,43.749459,0.0],[88.450152,43.74943,0.0],[88.45061,43.749329,0.0],[88.450966,43.74911,0.0],[88.451289,43.748891,0.0],[88.451547,43.748624,0.0],[88.451543,43.74847,0.0],[88.451536,43.748176,0.0],[88.451596,43.747882,0.0],[88.451589,43.747588,0.0],[88.45149,43.747385,0.0],[88.451431,43.747371,0.0],[88.451387,43.747267,0.0],[88.451393,43.747006,0.0],[88.451375,43.747008,0.0]]]}},{"type":"Feature","properties":{"rgi_id":"RGI2000-v7.0-G-13-41526","o1region":"13"},"geometry":{"type":"Polygon","coordinates":[[[88.451436,43.746994,0.0],[88.451447,43.747296,0.0],[88.451589,43.747588,0.0],[88.451596,43.747882,0.0],[88.451536,43.748176,0.0],[88.451543,43.74847,0.0],[88.451547,43.748624,0.0],[88.451735,43.748314,0.0],[88.451892,43.748002,0.0],[88.451892,43.747978,0.0],[88.452227,43.747697,0.0],[88.452247,43.747712,0.0],[88.452677,43.747825,0.0],[88.453043,43.748011,0.0],[88.45344,43.748149,0.0],[88.453473,43.748149,0.0],[88.453729,43.748306,0.0],[88.453803,43.748301,0.0],[88.454036,43.748145,0.0],[88.454324,43.748103,0.0],[88.454642,43.748233,0.0],[88.454884,43.74842,0.0],[88.454944,43.748743,0.0],[88.454945,43.748782,0.0],[88.455175,43.749097,0.0],[88.455592,43.749354,0.0],[88.456107,43.749574,0.0],[88.45657,43.749711,0.0],[88.457082,43.749823,0.0],[88.457659,43.749899,0.0],[88.458137,43.749965,0.0],[88.458712,43.749957,0.0],[88.459254,43.749938,0.0],[88.459928,43.749954,0.0],[88.460422,43.749983,0.0],[88.460781,43.749895,0.0],[88.461239,43.749806,0.0],[88.461683,43.749812,0.0],[88.462095,43.749866,0.0],[88.462461,43.750052,0.0],[88.462874,43.750166,0.0],[88.463548,43.750169,0.0],[88.46405,43.750106,0.0],[88.464178,43.749887,0.0],[88.464322,43.749555,0.0],[88.464365,43.749224,0.0],[88.464307,43.748931,0.0],[88.464097,43.748639,0.0],[88.464007,43.748494,0.0],[88.463739,43.748497,0.0],[88.463332,43.748429,0.0],[88.462973,43.748286,0.0],[88.462614,43.748107,0.0],[88.462456,43.747852,0.0],[88.462298,43.747597,0.0],[88.462189,43.747304,0.0],[88.462182,43.747011,0.0],[88.462377,43.746677,0.0],[88.462609,43.746532,0.0],[88.462621,43.746501,0.0],[88.462633,43.74631,0.0],[88.462594,43.746084,0.0],[88.462394,43.745968,0.0],[88.46203,43.745877,0.0],[88.461582,43.745692,0.0],[88.461286,43.745648,0.0],[88.460906,43.745582,0.0],[88.460577,43.74555,0.0],[88.4604,43.745731,0.0],[88.460339,43.74591,0.0],[88.460328,43.746149,0.0],[88.460498,43.746373,0.0],[88.460585,43.746562,0.0],[88.460575,43.746825,0.0],[88.460348,43.746959,0.0],[88.460071,43.747045,0.0],[88.459762,43.747192,0.0],[88.459585,43.747349,0.0],[88.459374,43.747459,0.0],[88.459329,43.747479,0.0],[88.459198,43.747269,0.0],[88.459075,43.747097,0.0],[88.459183,43.747033,0.0],[88.459392,43.746816,0.0],[88.459419,43.746613,0.0],[88.459365,43.746411,0.0],[88.459231,43.746282,0.0],[88.45903,43.746153,0.0],[88.458977,43.745964,0.0],[88.459284,43.745781,0.0],[88.458902,43.745619,0.0],[88.45857,43.74548,0.0],[88.458109,43.745415,0.0],[88.457632,43.745409,0.0],[88.457366,43.745281,0.0],[88.457017,43.745107,0.0],[88.456686,43.745016,0.0],[88.456405,43.74496,0.0],[88.456042,43.744881,0.0],[88.455597,43.744816,0.0],[88.455521,43.744802,0.0],[88.455497,43.744872,0.0],[88.45544,43.744856,0.0],[88.455033,43.744787,0.0],[88.45463,43.744866,0.0],[88.454226,43.744945,0.0],[88.453874,43.745059,0.0],[88.453524,43.745247,0.0],[88.453173,43.745399,0.0],[88.452816,43.745293,0.0],[88.452458,43.745187,0.0],[88.452052,43.745156,0.0],[88.451648,43.745198,0.0],[88.451655,43.745492,0.0],[88.451662,43.745785,0.0],[88.451669,43.746079,0.0],[88.451626,43.746374,0.0],[88.451481,43.746669,0.0],[88.451488,43.746981,0.0],[88.451436,43.746994,0.0]]]}},{"type":"Feature","properties":{"rgi_id":"RGI2000-v7.0-G-13-41527","o1region":"13"},"geometry":{"type":"Polygon","coordinates":[[[88.45704,43.741594,0.0],[88.456768,43.741769,0.0],[88.456535,43.741901,0.0],[88.456246,43.74219,0.0],[88.456054,43.742393,0.0],[88.455899,43.742509,0.0],[88.455767,43.742754,0.0],[88.455635,43.742999,0.0],[88.455464,43.743258,0.0],[88.455392,43.743531,0.0],[88.45536,43.743874,0.0],[88.455522,43.744015,0.0],[88.456075,43.744079,0.0],[88.456415,43.744275,0.0],[88.456695,43.744443,0.0],[88.456934,43.74454,0.0],[88.45739,43.744634,0.0],[88.457668,43.744702,0.0],[88.458379,43.74475,0.0],[88.459089,43.74477,0.0],[88.4597,43.744762,0.0],[88.460312,43.744783,0.0],[88.460923,43.744804,0.0],[88.461478,43.744911,0.0],[88.461991,43.744947,0.0],[88.462408,43.74507,0.0],[88.462689,43.745238,0.0],[88.463086,43.745376,0.0],[88.463503,43.7455,0.0],[88.463997,43.745536,0.0],[88.464431,43.745545,0.0],[88.464885,43.745553,0.0],[88.465377,43.745547,0.0],[88.46595,43.745583,0.0],[88.466423,43.745562,0.0],[88.466516,43.745561,0.0],[88.466757,43.745482,0.0],[88.467108,43.745331,0.0],[88.467407,43.745143,0.0],[88.467706,43.744919,0.0],[88.467954,43.744696,0.0],[88.467896,43.744402,0.0],[88.467488,43.744297,0.0],[88.467081,43.744229,0.0],[88.466723,43.744124,0.0],[88.466366,43.744018,0.0],[88.466009,43.743912,0.0],[88.465699,43.743659,0.0],[88.465589,43.74333,0.0],[88.465579,43.743299,0.0],[88.465539,43.743287,0.0],[88.465258,43.743061,0.0],[88.464938,43.74288,0.0],[88.46438,43.74263,0.0],[88.463666,43.742481,0.0],[88.462914,43.742348,0.0],[88.462358,43.742198,0.0],[88.462117,43.742235,0.0],[88.461661,43.742241,0.0],[88.461254,43.74221,0.0],[88.460897,43.742104,0.0],[88.460538,43.741925,0.0],[88.460465,43.741896,0.0],[88.460133,43.74193,0.0],[88.459936,43.741897,0.0],[88.459726,43.741862,0.0],[88.45932,43.74183,0.0],[88.459294,43.741828,0.0],[88.458913,43.741799,0.0],[88.458508,43.741804,0.0],[88.458,43.741737,0.0],[88.457542,43.741669,0.0],[88.457135,43.741601,0.0],[88.45704,43.741594,0.0]]]}},{"type":"Feature","properties":{"rgi_id":"RGI2000-v7.0-G-13-41528","o1region":"13"},"geometry":{"type":"Polygon","coordinates":[[[88.470576,43.735856,0.0],[88.470519,43.735838,0.0],[88.470174,43.735842,0.0],[88.469827,43.735775,0.0],[88.469447,43.735673,0.0],[88.469182,43.735605,0.0],[88.468884,43.735502,0.0],[88.468571,43.73547,0.0],[88.468323,43.735402,0.0],[88.468058,43.73531,0.0],[88.467826,43.735217,0.0],[88.467626,43.735101,0.0],[88.467427,43.73502,0.0],[88.46721,43.734904,0.0],[88.467045,43.734846,0.0],[88.466847,43.734825,0.0],[88.4667,43.734863,0.0],[88.466376,43.735057,0.0],[88.466214,43.735131,0.0],[88.466084,43.735216,0.0],[88.465955,43.735313,0.0],[88.465761,43.735435,0.0],[88.465665,43.735519,0.0],[88.465537,43.735664,0.0],[88.465442,43.735832,0.0],[88.465315,43.735988,0.0],[88.465169,43.736097,0.0],[88.465042,43.736242,0.0],[88.464898,43.73641,0.0],[88.464787,43.736602,0.0],[88.464659,43.736735,0.0],[88.464382,43.736822,0.0],[88.464201,43.736824,0.0],[88.464088,43.736897,0.0],[88.463911,43.737031,0.0],[88.463749,43.73714,0.0],[88.463521,43.737226,0.0],[88.463309,43.737288,0.0],[88.463146,43.73735,0.0],[88.462855,43.737509,0.0],[88.462611,43.737607,0.0],[88.462531,43.737715,0.0],[88.462439,43.73799,0.0],[88.46241,43.738146,0.0],[88.462447,43.738312,0.0],[88.462599,43.738477,0.0],[88.462685,43.73863,0.0],[88.462739,43.73882,0.0],[88.46284,43.73895,0.0],[88.462942,43.739068,0.0],[88.463126,43.739208,0.0],[88.463375,43.739324,0.0],[88.463591,43.739405,0.0],[88.463744,43.739641,0.0],[88.463883,43.73981,0.0],[88.464202,43.739949,0.0],[88.464442,43.740089,0.0],[88.464672,43.740214,0.0],[88.464852,43.740333,0.0],[88.465053,43.740467,0.0],[88.465214,43.7406,0.0],[88.465335,43.740727,0.0],[88.465475,43.740819,0.0],[88.465804,43.740979,0.0],[88.465975,43.741112,0.0],[88.466145,43.741203,0.0],[88.466385,43.741336,0.0],[88.466643,43.741432,0.0],[88.466894,43.741594,0.0],[88.467171,43.741654,0.0],[88.467458,43.741694,0.0],[88.467637,43.741748,0.0],[88.468025,43.741886,0.0],[88.468312,43.741947,0.0],[88.468591,43.742072,0.0],[88.468821,43.742198,0.0],[88.46907,43.742295,0.0],[88.46928,43.742413,0.0],[88.469548,43.742489,0.0],[88.469886,43.742599,0.0],[88.470017,43.742648,0.0],[88.470083,43.742648,0.0],[88.470487,43.742606,0.0],[88.470891,43.742564,0.0],[88.471295,43.742485,0.0],[88.4717,43.74248,0.0],[88.472153,43.742364,0.0],[88.472459,43.742304,0.0],[88.472397,43.741956,0.0],[88.472339,43.741663,0.0],[88.472321,43.741571,0.0],[88.472301,43.741556,0.0],[88.472247,43.741331,0.0],[88.472142,43.74107,0.0],[88.472119,43.740832,0.0],[88.472081,43.740606,0.0],[88.472011,43.740428,0.0],[88.471893,43.740299,0.0],[88.471855,43.740097,0.0],[88.471832,43.739847,0.0],[88.471894,43.739668,0.0],[88.471972,43.7395,0.0],[88.472049,43.739284,0.0],[88.472027,43.739058,0.0],[88.47202,43.738785,0.0],[88.472017,43.738654,0.0],[88.471996,43.738463,0.0],[88.471943,43.738309,0.0],[88.471939,43.738154,0.0],[88.471984,43.737999,0.0],[88.472147,43.737932,0.0],[88.472124,43.73787,0.0],[88.471966,43.737615,0.0],[88.471757,43.73736,0.0],[88.471598,43.737105,0.0],[88.471339,43.736851,0.0],[88.47118,43.736559,0.0],[88.470921,43.736342,0.0],[88.470762,43.73605,0.0],[88.470576,43.735856,0.0]]]}},{"type":"Feature","properties":{"rgi_id":"RGI2000-v7.0-G-13-41529","o1region":"13"},"geometry":{"type":"Polygon","coordinates":[[[88.470576,43.735856,0.0],[88.470762,43.73605,0.0],[88.470921,43.736342,0.0],[88.47118,43.736559,0.0],[88.471339,43.736851,0.0],[88.471598,43.737105,0.0],[88.471757,43.73736,0.0],[88.471966,43.737615,0.0],[88.472124,43.73787,0.0],[88.472147,43.737932,0.0],[88.472426,43.737934,0.0],[88.472543,43.738027,0.0],[88.472629,43.738145,0.0],[88.472763,43.738287,0.0],[88.472947,43.738403,0.0],[88.473114,43.738508,0.0],[88.473361,43.738529,0.0],[88.473558,43.738515,0.0],[88.473768,43.738405,0.0],[88.474012,43.738294,0.0],[88.474224,43.738232,0.0],[88.474368,43.738087,0.0],[88.474479,43.737895,0.0],[88.474571,43.737656,0.0],[88.474632,43.737441,0.0],[88.474659,43.737214,0.0],[88.474721,43.737034,0.0],[88.474731,43.736808,0.0],[88.474728,43.736677,0.0],[88.474594,43.736548,0.0],[88.47436,43.736408,0.0],[88.474177,43.736291,0.0],[88.474025,43.73615,0.0],[88.473711,43.736071,0.0],[88.473431,43.736027,0.0],[88.473134,43.735983,0.0],[88.472802,43.735832,0.0],[88.472605,43.735835,0.0],[88.472243,43.735828,0.0],[88.471997,43.735819,0.0],[88.47167,43.735907,0.0],[88.471424,43.735933,0.0],[88.471162,43.735949,0.0],[88.470948,43.73594,0.0],[88.470667,43.735884,0.0],[88.470576,43.735856,0.0]]]}},{"type":"Feature","properties":{"rgi_id":"RGI2000-v7.0-G-13-41530","o1region":"13"},"geometry":{"type":"Polygon","coordinates":[[[88.439715,43.7494,0.0],[88.439841,43.749423,0.0],[88.439793,43.749573,0.0],[88.4397,43.749905,0.0],[88.439656,43.750199,0.0],[88.439562,43.750494,0.0],[88.439365,43.750754,0.0],[88.439271,43.751049,0.0],[88.439329,43.751342,0.0],[88.43968,43.751191,0.0],[88.439928,43.750967,0.0],[88.440074,43.750708,0.0],[88.44022,43.750449,0.0],[88.440314,43.750154,0.0],[88.440613,43.749966,0.0],[88.440861,43.749743,0.0],[88.441057,43.749485,0.0],[88.441215,43.749477,0.0],[88.441686,43.749356,0.0],[88.442074,43.749104,0.0],[88.4423,43.748662,0.0],[88.442055,43.748323,0.0],[88.442029,43.748323,0.0],[88.441758,43.748002,0.0],[88.44141,43.74774,0.0],[88.440959,43.747555,0.0],[88.440483,43.747428,0.0],[88.439984,43.747453,0.0],[88.439595,43.747687,0.0],[88.439206,43.74792,0.0],[88.438924,43.748229,0.0],[88.438749,43.748574,0.0],[88.438967,43.748914,0.0],[88.439341,43.749157,0.0],[88.439715,43.7494,0.0]]]}},{"type":"Feature","properties":{"rgi_id":"RGI2000-v7.0-G-13-41531","o1region":"13"},"geometry":{"type":"Polygon","coordinates":[[[88.430518,43.756376,0.0],[88.430205,43.756332,0.0],[88.429876,43.756313,0.0],[88.429677,43.756315,0.0],[88.429534,43.756587,0.0],[88.4292,43.756915,0.0],[88.429051,43.75726,0.0],[88.428743,43.757588,0.0],[88.42838,43.757802,0.0],[88.428026,43.757822,0.0],[88.427974,43.757861,0.0],[88.427663,43.757925,0.0],[88.427483,43.757939,0.0],[88.427301,43.757917,0.0],[88.427104,43.757931,0.0],[88.426941,43.757981,0.0],[88.42683,43.758126,0.0],[88.426753,43.758365,0.0],[88.426775,43.758579,0.0],[88.426796,43.758793,0.0],[88.426915,43.758934,0.0],[88.427148,43.759063,0.0],[88.427396,43.759143,0.0],[88.427662,43.759247,0.0],[88.428205,43.759276,0.0],[88.428878,43.759279,0.0],[88.429453,43.75926,0.0],[88.430192,43.759239,0.0],[88.430817,43.759231,0.0],[88.431376,43.759248,0.0],[88.432016,43.759216,0.0],[88.432443,43.759199,0.0],[88.43277,43.759147,0.0],[88.432993,43.758823,0.0],[88.433369,43.758758,0.0],[88.433733,43.758873,0.0],[88.433962,43.75881,0.0],[88.434073,43.758666,0.0],[88.434135,43.758475,0.0],[88.434229,43.758319,0.0],[88.434241,43.758128,0.0],[88.434089,43.757951,0.0],[88.43384,43.757847,0.0],[88.433606,43.757671,0.0],[88.433324,43.757544,0.0],[88.433107,43.757439,0.0],[88.432875,43.757359,0.0],[88.432626,43.757255,0.0],[88.432459,43.757114,0.0],[88.432194,43.757022,0.0],[88.432142,43.756916,0.0],[88.432039,43.756738,0.0],[88.431823,43.756622,0.0],[88.431623,43.756541,0.0],[88.431326,43.756473,0.0],[88.430898,43.756431,0.0],[88.430518,43.756376,0.0]]]}},{"type":"Feature","properties":{"rgi_id":"RGI2000-v7.0-G-13-41532","o1region":"13"},"geometry":{"type":"Polygon","coordinates":[[[88.428292,43.766018,0.0],[88.42827,43.765932,0.0],[88.428572,43.766037,0.0],[88.428862,43.76624,0.0],[88.429246,43.766441,0.0],[88.429443,43.766714,0.0],[88.429827,43.766915,0.0],[88.430024,43.767188,0.0],[88.430313,43.767391,0.0],[88.430782,43.767554,0.0],[88.430767,43.767573,0.0],[88.43057,43.767821,0.0],[88.430442,43.768116,0.0],[88.430315,43.768461,0.0],[88.430188,43.768805,0.0],[88.430127,43.7691,0.0],[88.430468,43.769243,0.0],[88.430879,43.769433,0.0],[88.431286,43.769526,0.0],[88.431394,43.769558,0.0],[88.431447,43.76965,0.0],[88.431556,43.769801,0.0],[88.431652,43.769952,0.0],[88.43184,43.77015,0.0],[88.432,43.770224,0.0],[88.432238,43.770278,0.0],[88.43253,43.770389,0.0],[88.432807,43.770452,0.0],[88.433072,43.770535,0.0],[88.433418,43.770683,0.0],[88.43365,43.770796,0.0],[88.433872,43.770793,0.0],[88.434328,43.770788,0.0],[88.434784,43.770782,0.0],[88.435165,43.770805,0.0],[88.435583,43.770799,0.0],[88.436003,43.770849,0.0],[88.436385,43.770927,0.0],[88.436767,43.771005,0.0],[88.437149,43.771083,0.0],[88.43753,43.771133,0.0],[88.43795,43.771211,0.0],[88.43837,43.77126,0.0],[88.438789,43.77131,0.0],[88.43917,43.771333,0.0],[88.439591,43.771438,0.0],[88.439675,43.771455,0.0],[88.439698,43.771435,0.0],[88.439943,43.771232,0.0],[88.440345,43.770979,0.0],[88.440591,43.770833,0.0],[88.440837,43.770659,0.0],[88.441044,43.770503,0.0],[88.44125,43.770339,0.0],[88.441405,43.770223,0.0],[88.4416,43.770106,0.0],[88.441847,43.770007,0.0],[88.442043,43.769938,0.0],[88.442342,43.76982,0.0],[88.442643,43.769745,0.0],[88.442846,43.769592,0.0],[88.44307,43.769446,0.0],[88.443302,43.769272,0.0],[88.443605,43.769168,0.0],[88.443918,43.76905,0.0],[88.444064,43.768984,0.0],[88.444268,43.768845,0.0],[88.444442,43.768693,0.0],[88.444785,43.768581,0.0],[88.445068,43.768478,0.0],[88.445382,43.768402,0.0],[88.445727,43.768398,0.0],[88.445906,43.768481,0.0],[88.446165,43.768564,0.0],[88.44654,43.768581,0.0],[88.446769,43.768656,0.0],[88.446949,43.768776,0.0],[88.447199,43.76893,0.0],[88.447301,43.76905,0.0],[88.447314,43.769193,0.0],[88.447278,43.769315,0.0],[88.447162,43.769409,0.0],[88.446975,43.769461,0.0],[88.44677,43.769514,0.0],[88.446612,43.76953,0.0],[88.446415,43.769533,0.0],[88.446208,43.769528,0.0],[88.446079,43.769516,0.0],[88.445913,43.769582,0.0],[88.445778,43.769691,0.0],[88.445711,43.769799,0.0],[88.445704,43.76992,0.0],[88.445708,43.770071,0.0],[88.445771,43.77022,0.0],[88.445892,43.77034,0.0],[88.446063,43.770473,0.0],[88.446246,43.770714,0.0],[88.446387,43.770819,0.0],[88.446568,43.770953,0.0],[88.446668,43.771037,0.0],[88.446828,43.771135,0.0],[88.447029,43.771262,0.0],[88.447248,43.771352,0.0],[88.447634,43.771425,0.0],[88.447849,43.771344,0.0],[88.448057,43.771363,0.0],[88.448265,43.771403,0.0],[88.448514,43.7715,0.0],[88.448694,43.771605,0.0],[88.448834,43.771689,0.0],[88.448994,43.771766,0.0],[88.44952,43.771916,0.0],[88.44972,43.772042,0.0],[88.44989,43.77214,0.0],[88.450101,43.772273,0.0],[88.450299,43.772335,0.0],[88.450499,43.772425,0.0],[88.450679,43.772545,0.0],[88.450989,43.772712,0.0],[88.451199,43.772817,0.0],[88.451502,43.773001,0.0],[88.451941,43.773219,0.0],[88.452068,43.773293,0.0],[88.452324,43.773364,0.0],[88.452622,43.773446,0.0],[88.452939,43.773513,0.0],[88.453258,43.773624,0.0],[88.453536,43.773734,0.0],[88.453854,43.773816,0.0],[88.454191,43.773883,0.0],[88.454507,43.773879,0.0],[88.454822,43.773861,0.0],[88.455137,43.773843,0.0],[88.455492,43.773824,0.0],[88.455807,43.77382,0.0],[88.456162,43.773801,0.0],[88.456477,43.773783,0.0],[88.456811,43.77375,0.0],[88.457125,43.773689,0.0],[88.45744,43.773642,0.0],[88.457733,43.773538,0.0],[88.458026,43.77342,0.0],[88.458259,43.77326,0.0],[88.458472,43.773085,0.0],[88.458685,43.772911,0.0],[88.458897,43.772737,0.0],[88.45909,43.772534,0.0],[88.459227,43.772352,0.0],[88.459242,43.772318,0.0],[88.459375,43.772102,0.0],[88.459488,43.771886,0.0],[88.459601,43.77167,0.0],[88.459714,43.77144,0.0],[88.459827,43.771224,0.0],[88.45996,43.771008,0.0],[88.460053,43.770778,0.0],[88.460146,43.770563,0.0],[88.460259,43.770333,0.0],[88.460273,43.770104,0.0],[88.460248,43.769875,0.0],[88.460124,43.769662,0.0],[88.459865,43.769537,0.0],[88.459549,43.769541,0.0],[88.459234,43.769545,0.0],[88.458918,43.769549,0.0],[88.458741,43.769566,0.0],[88.458427,43.769627,0.0],[88.458133,43.769702,0.0],[88.457819,43.769763,0.0],[88.457485,43.76981,0.0],[88.45717,43.769829,0.0],[88.456854,43.769833,0.0],[88.456519,43.769837,0.0],[88.456204,43.769841,0.0],[88.455887,43.769802,0.0],[88.45557,43.769749,0.0],[88.455273,43.769681,0.0],[88.455013,43.769542,0.0],[88.454973,43.769542,0.0],[88.454695,43.769432,0.0],[88.454454,43.769277,0.0],[88.454214,43.769123,0.0],[88.454012,43.76894,0.0],[88.453889,43.768727,0.0],[88.453804,43.768499,0.0],[88.453739,43.768272,0.0],[88.453655,43.76803,0.0],[88.45359,43.767802,0.0],[88.453584,43.767573,0.0],[88.453579,43.767345,0.0],[88.453475,43.767131,0.0],[88.453352,43.766919,0.0],[88.45315,43.766735,0.0],[88.452968,43.766552,0.0],[88.452805,43.766354,0.0],[88.452623,43.766142,0.0],[88.452519,43.765929,0.0],[88.452435,43.765701,0.0],[88.45239,43.765473,0.0],[88.452416,43.76528,0.0],[88.452338,43.765172,0.0],[88.452054,43.764973,0.0],[88.451752,43.764703,0.0],[88.451632,43.76449,0.0],[88.451429,43.764254,0.0],[88.45116,43.763996,0.0],[88.450975,43.763831,0.0],[88.450693,43.76374,0.0],[88.450411,43.763636,0.0],[88.450146,43.763532,0.0],[88.450124,43.763511,0.0],[88.449997,43.763363,0.0],[88.449855,43.763071,0.0],[88.449646,43.762829,0.0],[88.449536,43.762701,0.0],[88.449581,43.76248,0.0],[88.449699,43.762208,0.0],[88.449505,43.761939,0.0],[88.449251,43.761716,0.0],[88.448934,43.761494,0.0],[88.448559,43.761454,0.0],[88.448058,43.76137,0.0],[88.447559,43.761376,0.0],[88.447183,43.761291,0.0],[88.446806,43.76116,0.0],[88.446737,43.761152,0.0],[88.446506,43.761061,0.0],[88.446148,43.760918,0.0],[88.44579,43.760776,0.0],[88.445481,43.760596,0.0],[88.445121,43.76038,0.0],[88.444764,43.760274,0.0],[88.444405,43.760095,0.0],[88.444046,43.759953,0.0],[88.443689,43.759847,0.0],[88.443282,43.759779,0.0],[88.442876,43.759747,0.0],[88.442472,43.759826,0.0],[88.442172,43.760013,0.0],[88.442027,43.760272,0.0],[88.441881,43.760531,0.0],[88.44187,43.76055,0.0],[88.441808,43.760565,0.0],[88.441546,43.760627,0.0],[88.44125,43.760631,0.0],[88.44092,43.760576,0.0],[88.440524,43.760485,0.0],[88.440145,43.760455,0.0],[88.439994,43.760337,0.0],[88.439778,43.760209,0.0],[88.439577,43.760069,0.0],[88.439344,43.759952,0.0],[88.439112,43.75986,0.0],[88.438912,43.759743,0.0],[88.438714,43.759698,0.0],[88.438433,43.759666,0.0],[88.43799,43.759696,0.0],[88.437546,43.759677,0.0],[88.4373,43.75968,0.0],[88.436955,43.759685,0.0],[88.436643,43.759712,0.0],[88.436415,43.759775,0.0],[88.436187,43.759897,0.0],[88.436009,43.760006,0.0],[88.435898,43.760151,0.0],[88.435803,43.760307,0.0],[88.435741,43.760462,0.0],[88.435745,43.760653,0.0],[88.435866,43.76089,0.0],[88.436034,43.761042,0.0],[88.436185,43.761171,0.0],[88.4364,43.76124,0.0],[88.436698,43.761296,0.0],[88.436961,43.761316,0.0],[88.437274,43.76136,0.0],[88.43749,43.761429,0.0],[88.437787,43.761485,0.0],[88.438099,43.761481,0.0],[88.438379,43.761501,0.0],[88.438642,43.761498,0.0],[88.439135,43.761527,0.0],[88.439579,43.761522,0.0],[88.439764,43.761686,0.0],[88.439736,43.761901,0.0],[88.43969,43.762044,0.0],[88.439576,43.762094,0.0],[88.439313,43.762097,0.0],[88.439118,43.762159,0.0],[88.439022,43.762267,0.0],[88.438992,43.762411,0.0],[88.439095,43.762576,0.0],[88.439327,43.762668,0.0],[88.439593,43.762808,0.0],[88.439926,43.762959,0.0],[88.440226,43.763145,0.0],[88.440492,43.763273,0.0],[88.440693,43.763414,0.0],[88.440877,43.763542,0.0],[88.441132,43.763908,0.0],[88.441221,43.764193,0.0],[88.441374,43.764405,0.0],[88.441494,43.76463,0.0],[88.441712,43.764782,0.0],[88.441733,43.764997,0.0],[88.441704,43.765152,0.0],[88.441775,43.765353,0.0],[88.441797,43.765615,0.0],[88.441672,43.765855,0.0],[88.441382,43.766109,0.0],[88.441205,43.766266,0.0],[88.441011,43.766411,0.0],[88.440817,43.766557,0.0],[88.440656,43.76669,0.0],[88.440495,43.766811,0.0],[88.440285,43.76698,0.0],[88.440174,43.76716,0.0],[88.440046,43.767269,0.0],[88.43987,43.767486,0.0],[88.439725,43.767618,0.0],[88.439482,43.767764,0.0],[88.439156,43.767852,0.0],[88.438712,43.767869,0.0],[88.438316,43.767779,0.0],[88.438117,43.767722,0.0],[88.437937,43.767748,0.0],[88.437742,43.767764,0.0],[88.437665,43.767732,0.0],[88.43739,43.767539,0.0],[88.437049,43.767397,0.0],[88.436642,43.767353,0.0],[88.436301,43.76721,0.0],[88.435895,43.767215,0.0],[88.435809,43.767185,0.0],[88.435436,43.767258,0.0],[88.435057,43.767263,0.0],[88.434677,43.767267,0.0],[88.434294,43.767135,0.0],[88.433913,43.767071,0.0],[88.43353,43.766938,0.0],[88.433149,43.766874,0.0],[88.432768,43.76681,0.0],[88.432386,43.766746,0.0],[88.432005,43.766682,0.0],[88.431716,43.766479,0.0],[88.431426,43.766276,0.0],[88.431419,43.766001,0.0],[88.431799,43.765996,0.0],[88.432273,43.76599,0.0],[88.432656,43.766123,0.0],[88.433038,43.766187,0.0],[88.433417,43.766183,0.0],[88.433893,43.766245,0.0],[88.434464,43.766307,0.0],[88.434463,43.766238,0.0],[88.434361,43.765964,0.0],[88.434355,43.765689,0.0],[88.434348,43.765414,0.0],[88.434247,43.76514,0.0],[88.43405,43.764867,0.0],[88.433761,43.764665,0.0],[88.433378,43.764532,0.0],[88.432997,43.764468,0.0],[88.432615,43.764404,0.0],[88.432236,43.764409,0.0],[88.431856,43.764413,0.0],[88.431475,43.764349,0.0],[88.431095,43.764354,0.0],[88.430716,43.764359,0.0],[88.430338,43.764432,0.0],[88.42996,43.764506,0.0],[88.429582,43.764579,0.0],[88.429204,43.764653,0.0],[88.428638,43.764798,0.0],[88.428163,43.764804,0.0],[88.42769,43.764878,0.0],[88.42765,43.764894,0.0],[88.42772,43.765126,0.0],[88.427916,43.765399,0.0],[88.428113,43.765672,0.0],[88.428214,43.765945,0.0],[88.428292,43.766018,0.0]]]}},{"type":"Feature","properties":{"rgi_id":"RGI2000-v7.0-G-13-41533","o1region":"13"},"geometry":{"type":"Polygon","coordinates":[[[88.43365,43.770796,0.0],[88.433684,43.770813,0.0],[88.433937,43.770945,0.0],[88.43418,43.770955,0.0],[88.434675,43.771004,0.0],[88.435058,43.771082,0.0],[88.43544,43.771159,0.0],[88.43586,43.771264,0.0],[88.436319,43.771369,0.0],[88.436739,43.771446,0.0],[88.437085,43.771607,0.0],[88.437507,43.77174,0.0],[88.437816,43.771956,0.0],[88.437957,43.772103,0.0],[88.438045,43.772133,0.0],[88.438408,43.772415,0.0],[88.438982,43.7727,0.0],[88.439033,43.772838,0.0],[88.439121,43.773075,0.0],[88.439168,43.773313,0.0],[88.439338,43.773549,0.0],[88.439426,43.773786,0.0],[88.439595,43.773992,0.0],[88.439845,43.774138,0.0],[88.440137,43.774283,0.0],[88.440426,43.774369,0.0],[88.440755,43.774365,0.0],[88.441084,43.774361,0.0],[88.441412,43.774357,0.0],[88.441655,43.774205,0.0],[88.44194,43.774082,0.0],[88.442183,43.77393,0.0],[88.442384,43.773749,0.0],[88.442543,43.773538,0.0],[88.442566,43.773466,0.0],[88.442602,43.77345,0.0],[88.442936,43.773299,0.0],[88.443339,43.773196,0.0],[88.443604,43.772947,0.0],[88.443869,43.772748,0.0],[88.444066,43.772501,0.0],[88.443724,43.772309,0.0],[88.443315,43.772167,0.0],[88.442907,43.772074,0.0],[88.442793,43.772062,0.0],[88.44271,43.771928,0.0],[88.4425,43.771752,0.0],[88.44221,43.771637,0.0],[88.441754,43.771494,0.0],[88.441427,43.771557,0.0],[88.441398,43.771547,0.0],[88.441238,43.771482,0.0],[88.440963,43.771505,0.0],[88.440754,43.771574,0.0],[88.440533,43.771701,0.0],[88.440286,43.77179,0.0],[88.440076,43.771812,0.0],[88.439879,43.771814,0.0],[88.439601,43.771751,0.0],[88.439572,43.771637,0.0],[88.43957,43.771542,0.0],[88.439675,43.771455,0.0],[88.439591,43.771438,0.0],[88.43917,43.771333,0.0],[88.438789,43.77131,0.0],[88.43837,43.77126,0.0],[88.43795,43.771211,0.0],[88.43753,43.771133,0.0],[88.437149,43.771083,0.0],[88.436767,43.771005,0.0],[88.436385,43.770927,0.0],[88.436003,43.770849,0.0],[88.435583,43.770799,0.0],[88.435165,43.770805,0.0],[88.434784,43.770782,0.0],[88.434328,43.770788,0.0],[88.433872,43.770793,0.0],[88.43365,43.770796,0.0]]]}},{"type":"Feature","properties":{"rgi_id":"RGI2000-v7.0-G-13-41534","o1region":"13"},"geometry":{"type":"Polygon","coordinates":[[[88.428292,43.766018,0.0],[88.428214,43.765945,0.0],[88.428113,43.765672,0.0],[88.427916,43.765399,0.0],[88.42772,43.765126,0.0],[88.42765,43.764894,0.0],[88.427314,43.765021,0.0],[88.427131,43.765298,0.0],[88.427134,43.765415,0.0],[88.426795,43.765419,0.0],[88.42639,43.765424,0.0],[88.42592,43.765577,0.0],[88.425723,43.765824,0.0],[88.42573,43.766118,0.0],[88.425602,43.766413,0.0],[88.425336,43.766613,0.0],[88.424933,43.766716,0.0],[88.42453,43.766819,0.0],[88.424264,43.767018,0.0],[88.424068,43.767265,0.0],[88.423939,43.767561,0.0],[88.42415,43.767901,0.0],[88.424493,43.768093,0.0],[88.424902,43.768235,0.0],[88.4253,43.768337,0.0],[88.425105,43.76844,0.0],[88.424918,43.768529,0.0],[88.424504,43.768582,0.0],[88.4241,43.768636,0.0],[88.423767,43.768837,0.0],[88.423436,43.769135,0.0],[88.423105,43.769433,0.0],[88.422947,43.769477,0.0],[88.422633,43.769538,0.0],[88.422319,43.769618,0.0],[88.422006,43.769698,0.0],[88.421697,43.76974,0.0],[88.421649,43.76989,0.0],[88.421452,43.770149,0.0],[88.421205,43.77041,0.0],[88.420853,43.770524,0.0],[88.420397,43.770567,0.0],[88.419992,43.770572,0.0],[88.419585,43.770503,0.0],[88.419175,43.770325,0.0],[88.418816,43.770145,0.0],[88.418507,43.769966,0.0],[88.418249,43.769748,0.0],[88.41804,43.769494,0.0],[88.417982,43.769201,0.0],[88.417874,43.768908,0.0],[88.417867,43.768614,0.0],[88.417859,43.768284,0.0],[88.417751,43.767991,0.0],[88.417693,43.767698,0.0],[88.417635,43.767368,0.0],[88.417627,43.767037,0.0],[88.417671,43.766743,0.0],[88.417817,43.766484,0.0],[88.41791,43.766152,0.0],[88.417954,43.765858,0.0],[88.417997,43.765527,0.0],[88.41804,43.765195,0.0],[88.418033,43.764901,0.0],[88.418026,43.764608,0.0],[88.418019,43.764314,0.0],[88.418012,43.76402,0.0],[88.417953,43.76369,0.0],[88.417946,43.763396,0.0],[88.41794,43.763102,0.0],[88.417882,43.762809,0.0],[88.417824,43.762516,0.0],[88.417716,43.762223,0.0],[88.417608,43.761931,0.0],[88.41755,43.761638,0.0],[88.417492,43.761345,0.0],[88.417435,43.761051,0.0],[88.417377,43.760758,0.0],[88.417295,43.760537,0.0],[88.416866,43.760581,0.0],[88.416462,43.760623,0.0],[88.416058,43.760701,0.0],[88.415656,43.760853,0.0],[88.415304,43.760968,0.0],[88.414953,43.761119,0.0],[88.414601,43.76127,0.0],[88.414302,43.761458,0.0],[88.414053,43.761681,0.0],[88.413805,43.761905,0.0],[88.413609,43.762164,0.0],[88.413362,43.762461,0.0],[88.413114,43.762685,0.0],[88.412917,43.762944,0.0],[88.412721,43.763204,0.0],[88.412473,43.763464,0.0],[88.412227,43.763761,0.0],[88.41198,43.764058,0.0],[88.411784,43.764318,0.0],[88.411535,43.764541,0.0],[88.411287,43.764765,0.0],[88.410939,43.765026,0.0],[88.41059,43.765288,0.0],[88.410292,43.765548,0.0],[88.410162,43.765646,0.0],[88.410068,43.765795,0.0],[88.409916,43.766297,0.0],[88.409628,43.766634,0.0],[88.409342,43.767043,0.0],[88.409286,43.767103,0.0],[88.409267,43.767251,0.0],[88.409173,43.767546,0.0],[88.409079,43.767878,0.0],[88.409035,43.768172,0.0],[88.408992,43.768467,0.0],[88.40895,43.768835,0.0],[88.408855,43.76913,0.0],[88.408862,43.769424,0.0],[88.408818,43.769718,0.0],[88.408825,43.770012,0.0],[88.408731,43.770307,0.0],[88.408636,43.770602,0.0],[88.408592,43.770896,0.0],[88.408447,43.771192,0.0],[88.408354,43.771524,0.0],[88.408298,43.771622,0.0],[88.4083,43.771701,0.0],[88.408382,43.772391,0.0],[88.40843,43.773009,0.0],[88.408444,43.773629,0.0],[88.408298,43.774417,0.0],[88.408244,43.774917,0.0],[88.407894,43.775398,0.0],[88.407404,43.775547,0.0],[88.406945,43.7756,0.0],[88.406317,43.775465,0.0],[88.406124,43.775272,0.0],[88.405817,43.775331,0.0],[88.405439,43.775405,0.0],[88.405061,43.775478,0.0],[88.404681,43.775483,0.0],[88.404302,43.775487,0.0],[88.403922,43.775492,0.0],[88.403542,43.775497,0.0],[88.403163,43.775501,0.0],[88.402783,43.775506,0.0],[88.402503,43.775716,0.0],[88.402127,43.775858,0.0],[88.401749,43.775932,0.0],[88.401371,43.776005,0.0],[88.400896,43.776011,0.0],[88.400511,43.776016,0.0],[88.400287,43.776278,0.0],[88.399606,43.776691,0.0],[88.39896,43.777176,0.0],[88.398506,43.777443,0.0],[88.397953,43.777712,0.0],[88.397503,43.778122,0.0],[88.397186,43.778627,0.0],[88.397209,43.778736,0.0],[88.397296,43.779149,0.0],[88.397441,43.779695,0.0],[88.39735,43.780054,0.0],[88.397622,43.780432,0.0],[88.397796,43.780858,0.0],[88.397904,43.781238,0.0],[88.398077,43.781593,0.0],[88.397858,43.782096,0.0],[88.397669,43.782432,0.0],[88.397445,43.782697,0.0],[88.397256,43.78308,0.0],[88.397164,43.783367,0.0],[88.397335,43.783627,0.0],[88.397735,43.783885,0.0],[88.398069,43.784095,0.0],[88.39853,43.784137,0.0],[88.399054,43.784035,0.0],[88.399406,43.783626,0.0],[88.39993,43.783524,0.0],[88.400286,43.783258,0.0],[88.400671,43.782848,0.0],[88.400797,43.782608,0.0],[88.40098,43.782034,0.0],[88.4012,43.781603,0.0],[88.401389,43.781243,0.0],[88.401546,43.780932,0.0],[88.401603,43.780526,0.0],[88.401593,43.780121,0.0],[88.401486,43.779741,0.0],[88.401477,43.779384,0.0],[88.401662,43.778834,0.0],[88.401882,43.778426,0.0],[88.402165,43.777875,0.0],[88.402422,43.777586,0.0],[88.403209,43.777505,0.0],[88.4038,43.777473,0.0],[88.404202,43.777802,0.0],[88.404537,43.778036,0.0],[88.404904,43.77827,0.0],[88.404845,43.77858,0.0],[88.404789,43.77901,0.0],[88.404996,43.779412,0.0],[88.405093,43.779513,0.0],[88.405063,43.779606,0.0],[88.405069,43.779881,0.0],[88.404981,43.780157,0.0],[88.404797,43.780435,0.0],[88.404519,43.780713,0.0],[88.404336,43.780991,0.0],[88.404056,43.781201,0.0],[88.403872,43.781478,0.0],[88.403689,43.781755,0.0],[88.403409,43.781965,0.0],[88.403129,43.782175,0.0],[88.402752,43.782317,0.0],[88.402376,43.78246,0.0],[88.402001,43.78267,0.0],[88.401626,43.782881,0.0],[88.401346,43.783091,0.0],[88.401258,43.783368,0.0],[88.401264,43.783643,0.0],[88.401271,43.783918,0.0],[88.401277,43.784193,0.0],[88.401189,43.784469,0.0],[88.400814,43.78468,0.0],[88.400437,43.784822,0.0],[88.400062,43.785033,0.0],[88.399591,43.785177,0.0],[88.399597,43.785452,0.0],[88.399699,43.785726,0.0],[88.40008,43.78579,0.0],[88.40046,43.785785,0.0],[88.400843,43.785918,0.0],[88.401039,43.786191,0.0],[88.401045,43.786466,0.0],[88.401052,43.786741,0.0],[88.401058,43.787016,0.0],[88.401161,43.787359,0.0],[88.401359,43.7877,0.0],[88.40146,43.787974,0.0],[88.401657,43.788247,0.0],[88.402036,43.788243,0.0],[88.402416,43.788238,0.0],[88.402794,43.788164,0.0],[88.403171,43.788022,0.0],[88.403259,43.787746,0.0],[88.403253,43.787471,0.0],[88.403246,43.787196,0.0],[88.40324,43.786921,0.0],[88.403234,43.786646,0.0],[88.403227,43.78637,0.0],[88.403219,43.786027,0.0],[88.403213,43.785751,0.0],[88.403111,43.785477,0.0],[88.40301,43.785204,0.0],[88.403003,43.784928,0.0],[88.402995,43.784585,0.0],[88.403084,43.784308,0.0],[88.403172,43.784032,0.0],[88.403261,43.783756,0.0],[88.403539,43.783477,0.0],[88.403723,43.7832,0.0],[88.404003,43.78299,0.0],[88.404186,43.782712,0.0],[88.404466,43.782503,0.0],[88.404554,43.782226,0.0],[88.404833,43.781948,0.0],[88.405016,43.78167,0.0],[88.405391,43.781459,0.0],[88.405768,43.781317,0.0],[88.406146,43.781244,0.0],[88.406522,43.781101,0.0],[88.406995,43.781027,0.0],[88.407372,43.780885,0.0],[88.407748,43.780742,0.0],[88.408125,43.7806,0.0],[88.408594,43.780388,0.0],[88.408971,43.780246,0.0],[88.409251,43.780036,0.0],[88.409531,43.779826,0.0],[88.409809,43.779547,0.0],[88.409992,43.77927,0.0],[88.410176,43.778993,0.0],[88.41017,43.77876,0.0],[88.410672,43.77889,0.0],[88.411171,43.779146,0.0],[88.411669,43.779354,0.0],[88.412036,43.779564,0.0],[88.412207,43.779847,0.0],[88.412245,43.780061,0.0],[88.412284,43.780347,0.0],[88.412132,43.780563,0.0],[88.411923,43.780651,0.0],[88.411809,43.780824,0.0],[88.411799,43.780939,0.0],[88.411881,43.781081,0.0],[88.411994,43.781115,0.0],[88.411843,43.781305,0.0],[88.411646,43.781552,0.0],[88.41145,43.781849,0.0],[88.411389,43.782143,0.0],[88.411464,43.782436,0.0],[88.411806,43.782628,0.0],[88.412083,43.78287,0.0],[88.412225,43.783162,0.0],[88.412501,43.783403,0.0],[88.412777,43.783645,0.0],[88.413052,43.783837,0.0],[88.41346,43.78393,0.0],[88.413657,43.783683,0.0],[88.413854,43.783436,0.0],[88.413982,43.78314,0.0],[88.414043,43.782845,0.0],[88.414036,43.782552,0.0],[88.414164,43.782256,0.0],[88.414157,43.781962,0.0],[88.414083,43.781669,0.0],[88.414076,43.781375,0.0],[88.414069,43.781349,0.0],[88.414123,43.781348,0.0],[88.414305,43.78127,0.0],[88.414355,43.781126,0.0],[88.414377,43.780945,0.0],[88.41436,43.780783,0.0],[88.414263,43.780603,0.0],[88.414218,43.780375,0.0],[88.414069,43.780158,0.0],[88.414049,43.779901,0.0],[88.413993,43.779721,0.0],[88.413975,43.779521,0.0],[88.413956,43.779264,0.0],[88.413934,43.778911,0.0],[88.413889,43.778655,0.0],[88.413871,43.778474,0.0],[88.413877,43.778178,0.0],[88.413978,43.777977,0.0],[88.414223,43.777783,0.0],[88.41463,43.777731,0.0],[88.414932,43.777736,0.0],[88.415431,43.777692,0.0],[88.415797,43.777611,0.0],[88.415977,43.777409,0.0],[88.416155,43.777159,0.0],[88.416412,43.776908,0.0],[88.416788,43.776675,0.0],[88.417341,43.776725,0.0],[88.417923,43.77687,0.0],[88.418373,43.776979,0.0],[88.41898,43.777067,0.0],[88.419402,43.7771,0.0],[88.420138,43.777091,0.0],[88.420639,43.777142,0.0],[88.420927,43.7771,0.0],[88.421133,43.776907,0.0],[88.421447,43.776827,0.0],[88.42179,43.77686,0.0],[88.421984,43.777277,0.0],[88.422173,43.777523,0.0],[88.422544,43.777613,0.0],[88.423125,43.77772,0.0],[88.424153,43.777803,0.0],[88.424838,43.777871,0.0],[88.425526,43.778053,0.0],[88.426114,43.778407,0.0],[88.426564,43.778535,0.0],[88.42709,43.778548,0.0],[88.427796,43.778367,0.0],[88.428162,43.778286,0.0],[88.428447,43.778111,0.0],[88.428866,43.778011,0.0],[88.429257,43.777854,0.0],[88.429595,43.777697,0.0],[88.430198,43.777613,0.0],[88.430605,43.778156,0.0],[88.43061,43.778356,0.0],[88.43084,43.778424,0.0],[88.431185,43.778713,0.0],[88.43126,43.779006,0.0],[88.431402,43.779298,0.0],[88.431409,43.779592,0.0],[88.431483,43.779885,0.0],[88.43149,43.780179,0.0],[88.431499,43.780556,0.0],[88.43168,43.780477,0.0],[88.432069,43.780234,0.0],[88.432457,43.779967,0.0],[88.433045,43.779817,0.0],[88.433372,43.779685,0.0],[88.43337,43.779617,0.0],[88.433363,43.779323,0.0],[88.433288,43.77903,0.0],[88.433281,43.778736,0.0],[88.433274,43.778442,0.0],[88.433335,43.778147,0.0],[88.433463,43.777852,0.0],[88.43366,43.777605,0.0],[88.433994,43.777453,0.0],[88.434329,43.777302,0.0],[88.434663,43.777151,0.0],[88.434383,43.776655,0.0],[88.434011,43.776207,0.0],[88.433955,43.775589,0.0],[88.43411,43.7752,0.0],[88.434202,43.774918,0.0],[88.43417,43.77469,0.0],[88.434164,43.774461,0.0],[88.434185,43.774232,0.0],[88.434232,43.774003,0.0],[88.43416,43.773737,0.0],[88.433951,43.773585,0.0],[88.433681,43.773418,0.0],[88.433496,43.773218,0.0],[88.433163,43.773056,0.0],[88.432797,43.772882,0.0],[88.432546,43.772694,0.0],[88.43213,43.772461,0.0],[88.431824,43.772211,0.0],[88.431626,43.772003,0.0],[88.431325,43.771792,0.0],[88.430961,43.77169,0.0],[88.430613,43.771599,0.0],[88.430542,43.771373,0.0],[88.430483,43.770969,0.0],[88.430179,43.770615,0.0],[88.429716,43.770478,0.0],[88.42938,43.770197,0.0],[88.429241,43.769865,0.0],[88.429199,43.769508,0.0],[88.428962,43.769225,0.0],[88.428657,43.769141,0.0],[88.428639,43.76907,0.0],[88.428632,43.768776,0.0],[88.428558,43.768483,0.0],[88.428483,43.76819,0.0],[88.428476,43.767896,0.0],[88.428402,43.767603,0.0],[88.428326,43.767261,0.0],[88.428319,43.766967,0.0],[88.428311,43.766624,0.0],[88.428304,43.766331,0.0],[88.428297,43.766037,0.0],[88.428292,43.766018,0.0]]]}},{"type":"Feature","properties":{"rgi_id":"RGI2000-v7.0-G-13-41535","o1region":"13"},"geometry":{"type":"Polygon","coordinates":[[[88.468945,43.786679,0.0],[88.469397,43.786845,0.0],[88.469718,43.787069,0.0],[88.469881,43.787296,0.0],[88.470071,43.787541,0.0],[88.470339,43.787728,0.0],[88.470607,43.787916,0.0],[88.470745,43.7882,0.0],[88.470909,43.788464,0.0],[88.471101,43.788767,0.0],[88.471238,43.788975,0.0],[88.471374,43.789183,0.0],[88.471485,43.78941,0.0],[88.471572,43.789733,0.0],[88.471605,43.789999,0.0],[88.471613,43.790323,0.0],[88.471678,43.790818,0.0],[88.471711,43.791122,0.0],[88.471824,43.791426,0.0],[88.471884,43.791711,0.0],[88.472075,43.792013,0.0],[88.472082,43.79228,0.0],[88.472249,43.792678,0.0],[88.472441,43.792999,0.0],[88.472607,43.793302,0.0],[88.472719,43.793587,0.0],[88.472888,43.794023,0.0],[88.473002,43.794403,0.0],[88.473112,43.794611,0.0],[88.473225,43.794895,0.0],[88.473339,43.795256,0.0],[88.473348,43.795618,0.0],[88.473408,43.795922,0.0],[88.473441,43.796207,0.0],[88.473528,43.796549,0.0],[88.473588,43.796815,0.0],[88.47362,43.797044,0.0],[88.473441,43.797256,0.0],[88.473127,43.797355,0.0],[88.472761,43.797436,0.0],[88.472131,43.797501,0.0],[88.471501,43.797547,0.0],[88.471028,43.797592,0.0],[88.470401,43.797771,0.0],[88.470035,43.797871,0.0],[88.469508,43.79784,0.0],[88.469035,43.797865,0.0],[88.468561,43.797833,0.0],[88.467876,43.797823,0.0],[88.467613,43.797788,0.0],[88.467163,43.797717,0.0],[88.466369,43.797518,0.0],[88.465919,43.79739,0.0],[88.465625,43.797223,0.0],[88.465489,43.797015,0.0],[88.465247,43.796808,0.0],[88.464952,43.796602,0.0],[88.464763,43.796395,0.0],[88.464733,43.796224,0.0],[88.464858,43.795975,0.0],[88.465039,43.79582,0.0],[88.465165,43.795628,0.0],[88.465292,43.795435,0.0],[88.465419,43.795243,0.0],[88.465756,43.795048,0.0],[88.466041,43.794835,0.0],[88.466268,43.79447,0.0],[88.466266,43.794391,0.0],[88.466559,43.794245,0.0],[88.466983,43.794084,0.0],[88.467046,43.793774,0.0],[88.466757,43.793571,0.0],[88.466678,43.793263,0.0],[88.466529,43.793007,0.0],[88.466309,43.792751,0.0],[88.465881,43.792705,0.0],[88.465531,43.792968,0.0],[88.46539,43.7931,0.0],[88.465184,43.79315,0.0],[88.464793,43.793288,0.0],[88.464294,43.793352,0.0],[88.463904,43.793547,0.0],[88.463886,43.793872,0.0],[88.463709,43.794179,0.0],[88.463636,43.794409,0.0],[88.463696,43.794732,0.0],[88.463704,43.795056,0.0],[88.463633,43.795361,0.0],[88.463535,43.795649,0.0],[88.463489,43.795954,0.0],[88.463391,43.796241,0.0],[88.463208,43.796282,0.0],[88.46266,43.79646,0.0],[88.462478,43.796539,0.0],[88.462216,43.79658,0.0],[88.461899,43.796527,0.0],[88.461554,43.796436,0.0],[88.461366,43.796267,0.0],[88.461173,43.795907,0.0],[88.461006,43.795548,0.0],[88.460997,43.795166,0.0],[88.460989,43.794843,0.0],[88.460978,43.794385,0.0],[88.461022,43.794042,0.0],[88.461174,43.793773,0.0],[88.461374,43.79337,0.0],[88.461497,43.793007,0.0],[88.461749,43.792565,0.0],[88.461979,43.792276,0.0],[88.462005,43.792238,0.0],[88.462003,43.792137,0.0],[88.461996,43.791843,0.0],[88.462191,43.791547,0.0],[88.462318,43.791202,0.0],[88.462446,43.790906,0.0],[88.462574,43.790611,0.0],[88.462702,43.790315,0.0],[88.46283,43.79002,0.0],[88.463092,43.789674,0.0],[88.463612,43.789335,0.0],[88.463687,43.788976,0.0],[88.463498,43.78875,0.0],[88.463205,43.788601,0.0],[88.46309,43.788222,0.0],[88.463107,43.78784,0.0],[88.463205,43.787534,0.0],[88.46354,43.787263,0.0],[88.463531,43.786882,0.0],[88.463655,43.786575,0.0],[88.463621,43.786233,0.0],[88.463481,43.785892,0.0],[88.46371,43.785584,0.0],[88.46383,43.785125,0.0],[88.463717,43.784802,0.0],[88.46339,43.78433,0.0],[88.463066,43.783991,0.0],[88.462925,43.783612,0.0],[88.462655,43.783329,0.0],[88.462424,43.783195,0.0],[88.462196,43.783148,0.0],[88.462081,43.782951,0.0],[88.461723,43.782852,0.0],[88.461296,43.782858,0.0],[88.460869,43.782863,0.0],[88.460443,43.78292,0.0],[88.459946,43.782978,0.0],[88.459592,43.783086,0.0],[88.459166,43.783143,0.0],[88.45874,43.7832,0.0],[88.458387,43.783307,0.0],[88.458036,43.783518,0.0],[88.457989,43.783539,0.0],[88.45787,43.783551,0.0],[88.457543,43.783614,0.0],[88.45728,43.7837,0.0],[88.457064,43.783677,0.0],[88.456588,43.783585,0.0],[88.45618,43.783492,0.0],[88.455774,43.783448,0.0],[88.455366,43.783355,0.0],[88.454893,43.783361,0.0],[88.454419,43.783367,0.0],[88.453881,43.783472,0.0],[88.453477,43.783526,0.0],[88.453349,43.783822,0.0],[88.453624,43.784014,0.0],[88.453846,43.784247,0.0],[88.453656,43.784349,0.0],[88.45347,43.784465,0.0],[88.453365,43.784614,0.0],[88.453481,43.784785,0.0],[88.453534,43.784939,0.0],[88.453637,43.785153,0.0],[88.453921,43.785339,0.0],[88.454107,43.785516,0.0],[88.45439,43.785679,0.0],[88.454673,43.785806,0.0],[88.454987,43.785898,0.0],[88.455314,43.785822,0.0],[88.455689,43.785686,0.0],[88.456,43.785623,0.0],[88.456364,43.785725,0.0],[88.456516,43.785878,0.0],[88.456751,43.786078,0.0],[88.456919,43.786218,0.0],[88.457005,43.786408,0.0],[88.456979,43.78667,0.0],[88.456886,43.786922,0.0],[88.456841,43.787089,0.0],[88.456716,43.787365,0.0],[88.45682,43.787566,0.0],[88.456956,43.787743,0.0],[88.457124,43.787907,0.0],[88.457258,43.788025,0.0],[88.457345,43.78819,0.0],[88.45735,43.788393,0.0],[88.457256,43.788585,0.0],[88.457342,43.788762,0.0],[88.457411,43.788892,0.0],[88.457416,43.789095,0.0],[88.457421,43.789285,0.0],[88.457417,43.789521,0.0],[88.457351,43.789808,0.0],[88.45724,43.790109,0.0],[88.45707,43.790412,0.0],[88.456996,43.790627,0.0],[88.456941,43.790799,0.0],[88.456832,43.791172,0.0],[88.456916,43.7914,0.0],[88.456982,43.791671,0.0],[88.456968,43.791885,0.0],[88.456934,43.792143,0.0],[88.456841,43.792344,0.0],[88.456649,43.792575,0.0],[88.456457,43.792806,0.0],[88.456264,43.79298,0.0],[88.455953,43.793156,0.0],[88.455679,43.793274,0.0],[88.455368,43.793478,0.0],[88.455217,43.793751,0.0],[88.455184,43.794023,0.0],[88.454894,43.79427,0.0],[88.454702,43.794487,0.0],[88.45445,43.794676,0.0],[88.454315,43.794806,0.0],[88.453967,43.795082,0.0],[88.453771,43.795156,0.0],[88.453319,43.795205,0.0],[88.452962,43.795138,0.0],[88.452704,43.79507,0.0],[88.452404,43.794916,0.0],[88.452103,43.79472,0.0],[88.451965,43.794576,0.0],[88.451962,43.794431,0.0],[88.451883,43.794122,0.0],[88.451702,43.793996,0.0],[88.451593,43.79392,0.0],[88.451444,43.793664,0.0],[88.451437,43.793354,0.0],[88.451789,43.793195,0.0],[88.45216,43.79319,0.0],[88.452217,43.793189,0.0],[88.452645,43.793236,0.0],[88.452935,43.793438,0.0],[88.453225,43.793641,0.0],[88.453515,43.793844,0.0],[88.453868,43.793736,0.0],[88.453861,43.793426,0.0],[88.453782,43.793118,0.0],[88.453633,43.792862,0.0],[88.453482,43.792503,0.0],[88.453445,43.792414,0.0],[88.453619,43.792195,0.0],[88.453679,43.791851,0.0],[88.453671,43.791557,0.0],[88.453664,43.791263,0.0],[88.453663,43.791212,0.0],[88.453872,43.79095,0.0],[88.454008,43.79069,0.0],[88.454144,43.79043,0.0],[88.454135,43.790069,0.0],[88.454128,43.78976,0.0],[88.454191,43.789449,0.0],[88.454255,43.789139,0.0],[88.4549,43.789286,0.0],[88.45519,43.789488,0.0],[88.455543,43.789381,0.0],[88.455536,43.789071,0.0],[88.455316,43.788816,0.0],[88.455167,43.78856,0.0],[88.454947,43.788305,0.0],[88.454589,43.788206,0.0],[88.454235,43.788314,0.0],[88.453813,43.788525,0.0],[88.453732,43.78847,0.0],[88.453662,43.788455,0.0],[88.453668,43.788424,0.0],[88.453804,43.788164,0.0],[88.453868,43.787854,0.0],[88.453789,43.787545,0.0],[88.453362,43.787551,0.0],[88.452934,43.787505,0.0],[88.452506,43.78751,0.0],[88.452299,43.787771,0.0],[88.452235,43.788081,0.0],[88.451901,43.788249,0.0],[88.451569,43.788498,0.0],[88.451372,43.788745,0.0],[88.451106,43.788945,0.0],[88.450841,43.789144,0.0],[88.450576,43.789392,0.0],[88.450379,43.78964,0.0],[88.450182,43.789887,0.0],[88.450054,43.790183,0.0],[88.450005,43.790297,0.0],[88.449587,43.7902,0.0],[88.449369,43.790036,0.0],[88.449149,43.7898,0.0],[88.449013,43.789599,0.0],[88.449041,43.789408,0.0],[88.449151,43.789193,0.0],[88.449278,43.789,0.0],[88.449587,43.788842,0.0],[88.449715,43.788709,0.0],[88.450027,43.788693,0.0],[88.450272,43.788607,0.0],[88.4503,43.788404,0.0],[88.450361,43.788212,0.0],[88.450453,43.787961,0.0],[88.450563,43.787757,0.0],[88.450692,43.787625,0.0],[88.450766,43.78758,0.0],[88.451015,43.787684,0.0],[88.451442,43.787678,0.0],[88.451794,43.787519,0.0],[88.45193,43.787259,0.0],[88.452138,43.786999,0.0],[88.452274,43.786739,0.0],[88.451984,43.786536,0.0],[88.451785,43.786397,0.0],[88.451694,43.786334,0.0],[88.451405,43.786131,0.0],[88.451326,43.785822,0.0],[88.451318,43.785513,0.0],[88.451453,43.785202,0.0],[88.451517,43.784891,0.0],[88.451796,43.78463,0.0],[88.452148,43.78447,0.0],[88.452284,43.784211,0.0],[88.452276,43.783901,0.0],[88.452269,43.783592,0.0],[88.452049,43.783337,0.0],[88.451758,43.783082,0.0],[88.451468,43.78288,0.0],[88.451109,43.782729,0.0],[88.45075,43.782631,0.0],[88.450392,43.782532,0.0],[88.449962,43.782434,0.0],[88.449462,43.782389,0.0],[88.449364,43.78239,0.0],[88.449051,43.78226,0.0],[88.44871,43.782117,0.0],[88.448367,43.781926,0.0],[88.448024,43.781734,0.0],[88.447682,43.781542,0.0],[88.447339,43.781351,0.0],[88.446996,43.781159,0.0],[88.446589,43.781066,0.0],[88.446247,43.780924,0.0],[88.445839,43.780831,0.0],[88.445437,43.780739,0.0],[88.445075,43.780587,0.0],[88.444716,43.780488,0.0],[88.444288,43.780442,0.0],[88.443861,43.780448,0.0],[88.443289,43.780352,0.0],[88.443236,43.780347,0.0],[88.443055,43.780096,0.0],[88.442577,43.779964,0.0],[88.442197,43.779969,0.0],[88.441818,43.779974,0.0],[88.441438,43.779978,0.0],[88.441296,43.77998,0.0],[88.440997,43.779813,0.0],[88.440569,43.779767,0.0],[88.440143,43.779824,0.0],[88.439718,43.779932,0.0],[88.439293,43.780041,0.0],[88.438991,43.780081,0.0],[88.4384,43.780017,0.0],[88.438016,43.779815,0.0],[88.437726,43.779612,0.0],[88.43753,43.77934,0.0],[88.437148,43.779276,0.0],[88.437155,43.779551,0.0],[88.437256,43.779825,0.0],[88.437263,43.7801,0.0],[88.437269,43.780375,0.0],[88.437371,43.780649,0.0],[88.437378,43.780924,0.0],[88.437384,43.781199,0.0],[88.437486,43.781473,0.0],[88.437682,43.781746,0.0],[88.437975,43.782086,0.0],[88.438077,43.78236,0.0],[88.438273,43.782632,0.0],[88.43847,43.782905,0.0],[88.438666,43.783178,0.0],[88.438725,43.783338,0.0],[88.438719,43.783393,0.0],[88.438693,43.783679,0.0],[88.438553,43.784002,0.0],[88.438245,43.784197,0.0],[88.438067,43.784306,0.0],[88.437857,43.784464,0.0],[88.437695,43.784549,0.0],[88.437452,43.784719,0.0],[88.43729,43.784816,0.0],[88.437093,43.784831,0.0],[88.436747,43.784799,0.0],[88.436207,43.784901,0.0],[88.436112,43.785069,0.0],[88.436132,43.785212,0.0],[88.436201,43.785342,0.0],[88.436321,43.785531,0.0],[88.436411,43.785852,0.0],[88.436562,43.785981,0.0],[88.436779,43.786133,0.0],[88.437077,43.786224,0.0],[88.437474,43.786315,0.0],[88.437691,43.786443,0.0],[88.437762,43.786668,0.0],[88.437849,43.786882,0.0],[88.438116,43.787045,0.0],[88.438386,43.787339,0.0],[88.438525,43.787624,0.0],[88.438596,43.787861,0.0],[88.438782,43.788061,0.0],[88.439016,43.788225,0.0],[88.43925,43.788377,0.0],[88.439532,43.78848,0.0],[88.439816,43.788691,0.0],[88.440085,43.788914,0.0],[88.440285,43.789043,0.0],[88.440355,43.78922,0.0],[88.440491,43.789385,0.0],[88.440644,43.789586,0.0],[88.440631,43.789765,0.0],[88.440718,43.789931,0.0],[88.440788,43.790132,0.0],[88.440859,43.790346,0.0],[88.440979,43.790523,0.0],[88.441097,43.790664,0.0],[88.441284,43.790936,0.0],[88.441355,43.791149,0.0],[88.441294,43.791317,0.0],[88.441232,43.791484,0.0],[88.440973,43.791654,0.0],[88.440761,43.79174,0.0],[88.440515,43.791744,0.0],[88.440283,43.791675,0.0],[88.43995,43.791524,0.0],[88.439788,43.791598,0.0],[88.439708,43.791694,0.0],[88.439696,43.791873,0.0],[88.439698,43.79198,0.0],[88.439458,43.792049,0.0],[88.439415,43.792032,0.0],[88.438937,43.791842,0.0],[88.438458,43.791603,0.0],[88.43842,43.791582,0.0],[88.43843,43.791558,0.0],[88.438423,43.791248,0.0],[88.438415,43.790939,0.0],[88.438267,43.790683,0.0],[88.438047,43.790428,0.0],[88.437688,43.790329,0.0],[88.43741,43.79059,0.0],[88.437274,43.79085,0.0],[88.43716,43.790935,0.0],[88.436994,43.79106,0.0],[88.436494,43.791015,0.0],[88.436134,43.790864,0.0],[88.436056,43.790556,0.0],[88.435766,43.790353,0.0],[88.435337,43.790307,0.0],[88.434908,43.790209,0.0],[88.434829,43.7899,0.0],[88.434887,43.789791,0.0],[88.434965,43.789641,0.0],[88.434958,43.789331,0.0],[88.434879,43.789023,0.0],[88.434872,43.788713,0.0],[88.43472,43.788302,0.0],[88.434628,43.788145,0.0],[88.434653,43.788026,0.0],[88.434646,43.787732,0.0],[88.434571,43.787439,0.0],[88.434497,43.787146,0.0],[88.434288,43.786904,0.0],[88.434213,43.786611,0.0],[88.434004,43.786319,0.0],[88.433861,43.786027,0.0],[88.433853,43.785685,0.0],[88.433779,43.785392,0.0],[88.433703,43.78505,0.0],[88.433494,43.784807,0.0],[88.433218,43.784566,0.0],[88.433009,43.784324,0.0],[88.432932,43.783933,0.0],[88.432924,43.78359,0.0],[88.432917,43.783296,0.0],[88.43291,43.783002,0.0],[88.432903,43.782708,0.0],[88.432828,43.782415,0.0],[88.43282,43.782073,0.0],[88.432813,43.781779,0.0],[88.432805,43.781436,0.0],[88.432798,43.781142,0.0],[88.432392,43.781147,0.0],[88.432264,43.781443,0.0],[88.432204,43.781737,0.0],[88.432143,43.782032,0.0],[88.43215,43.782326,0.0],[88.43209,43.782621,0.0],[88.43203,43.782964,0.0],[88.432038,43.783307,0.0],[88.431979,43.783651,0.0],[88.431783,43.783947,0.0],[88.43179,43.784241,0.0],[88.431797,43.784535,0.0],[88.431804,43.784829,0.0],[88.43188,43.78517,0.0],[88.431886,43.785424,0.0],[88.431804,43.785501,0.0],[88.431524,43.785711,0.0],[88.431244,43.785921,0.0],[88.431195,43.785967,0.0],[88.430944,43.785925,0.0],[88.430692,43.785852,0.0],[88.430309,43.785761,0.0],[88.430214,43.785665,0.0],[88.430201,43.785632,0.0],[88.430057,43.785291,0.0],[88.429915,43.784999,0.0],[88.429841,43.784706,0.0],[88.429766,43.784413,0.0],[88.429624,43.784121,0.0],[88.429482,43.783829,0.0],[88.429475,43.783535,0.0],[88.429466,43.783192,0.0],[88.429459,43.782899,0.0],[88.429519,43.782555,0.0],[88.429512,43.782261,0.0],[88.429572,43.781966,0.0],[88.429701,43.781671,0.0],[88.429896,43.781375,0.0],[88.430025,43.781079,0.0],[88.43002,43.780883,0.0],[88.430217,43.780636,0.0],[88.430482,43.780436,0.0],[88.430475,43.780143,0.0],[88.430401,43.77985,0.0],[88.430192,43.779607,0.0],[88.429851,43.779465,0.0],[88.429442,43.779323,0.0],[88.429034,43.77923,0.0],[88.428701,43.77943,0.0],[88.428505,43.779726,0.0],[88.428448,43.780004,0.0],[88.428377,43.780022,0.0],[88.428111,43.780221,0.0],[88.427915,43.780518,0.0],[88.427783,43.780719,0.0],[88.427458,43.780723,0.0],[88.426828,43.780822,0.0],[88.426448,43.780827,0.0],[88.426068,43.780832,0.0],[88.425684,43.780653,0.0],[88.425551,43.780379,0.0],[88.425165,43.780109,0.0],[88.424787,43.780206,0.0],[88.424414,43.780485,0.0],[88.424039,43.780674,0.0],[88.423663,43.780862,0.0],[88.423417,43.78114,0.0],[88.423297,43.781417,0.0],[88.423303,43.781692,0.0],[88.423436,43.781965,0.0],[88.423816,43.78196,0.0],[88.424196,43.781956,0.0],[88.424573,43.781859,0.0],[88.424953,43.781855,0.0],[88.425333,43.78185,0.0],[88.42571,43.781753,0.0],[88.426088,43.781657,0.0],[88.426467,43.781652,0.0],[88.426845,43.781556,0.0],[88.427141,43.781552,0.0],[88.42713,43.781605,0.0],[88.427069,43.7819,0.0],[88.427144,43.782193,0.0],[88.427221,43.782584,0.0],[88.427296,43.782926,0.0],[88.427305,43.783268,0.0],[88.427312,43.783562,0.0],[88.427319,43.783856,0.0],[88.427327,43.784199,0.0],[88.427329,43.784297,0.0],[88.427262,43.784298,0.0],[88.426724,43.784451,0.0],[88.426252,43.784506,0.0],[88.425918,43.784657,0.0],[88.425513,43.784711,0.0],[88.42511,43.784814,0.0],[88.424706,43.784868,0.0],[88.424371,43.785019,0.0],[88.424107,43.785268,0.0],[88.423773,43.785468,0.0],[88.423442,43.785766,0.0],[88.423177,43.785965,0.0],[88.422912,43.786213,0.0],[88.422646,43.786412,0.0],[88.422449,43.78666,0.0],[88.422252,43.786907,0.0],[88.421989,43.787204,0.0],[88.421946,43.787304,0.0],[88.421664,43.787307,0.0],[88.421158,43.787314,0.0],[88.420651,43.78732,0.0],[88.420145,43.787326,0.0],[88.419765,43.787331,0.0],[88.419385,43.787336,0.0],[88.418881,43.787434,0.0],[88.418504,43.78753,0.0],[88.41851,43.787805,0.0],[88.418643,43.788079,0.0],[88.419025,43.788166,0.0],[88.419412,43.788436,0.0],[88.419796,43.788615,0.0],[88.420178,43.788702,0.0],[88.420557,43.788697,0.0],[88.420937,43.788692,0.0],[88.42131,43.788413,0.0],[88.421555,43.788043,0.0],[88.421767,43.78804,0.0],[88.421742,43.788187,0.0],[88.421818,43.788529,0.0],[88.42196,43.788821,0.0],[88.422237,43.789112,0.0],[88.422379,43.789404,0.0],[88.422589,43.789695,0.0],[88.422731,43.789987,0.0],[88.422738,43.790281,0.0],[88.422745,43.790575,0.0],[88.42282,43.790868,0.0],[88.422962,43.79116,0.0],[88.423237,43.791353,0.0],[88.423644,43.791396,0.0],[88.424049,43.791391,0.0],[88.424455,43.791386,0.0],[88.424859,43.791332,0.0],[88.424903,43.791332,0.0],[88.425068,43.791402,0.0],[88.425158,43.791562,0.0],[88.425214,43.79168,0.0],[88.425299,43.791728,0.0],[88.425208,43.791769,0.0],[88.424942,43.791968,0.0],[88.424608,43.792119,0.0],[88.424273,43.79227,0.0],[88.423802,43.792374,0.0],[88.423398,43.792428,0.0],[88.422927,43.792532,0.0],[88.422522,43.792586,0.0],[88.422119,43.792689,0.0],[88.421785,43.79284,0.0],[88.42145,43.792991,0.0],[88.421117,43.793191,0.0],[88.420852,43.79344,0.0],[88.420587,43.793688,0.0],[88.42039,43.793935,0.0],[88.419988,43.794087,0.0],[88.419515,43.794093,0.0],[88.419109,43.794098,0.0],[88.418704,43.794103,0.0],[88.418298,43.794108,0.0],[88.417893,43.794113,0.0],[88.417488,43.794167,0.0],[88.417354,43.794201,0.0],[88.417179,43.79411,0.0],[88.416796,43.793977,0.0],[88.416507,43.793774,0.0],[88.416124,43.793641,0.0],[88.415741,43.793508,0.0],[88.415362,43.793582,0.0],[88.414988,43.793793,0.0],[88.414609,43.793866,0.0],[88.414233,43.794009,0.0],[88.413855,43.794082,0.0],[88.413575,43.794292,0.0],[88.413295,43.794502,0.0],[88.413584,43.794705,0.0],[88.413967,43.794837,0.0],[88.41435,43.79497,0.0],[88.41473,43.794966,0.0],[88.415112,43.79503,0.0],[88.415493,43.795094,0.0],[88.415969,43.795157,0.0],[88.416135,43.795214,0.0],[88.416299,43.795358,0.0],[88.41664,43.7955,0.0],[88.416984,43.795741,0.0],[88.417396,43.795981,0.0],[88.417672,43.796222,0.0],[88.417947,43.796415,0.0],[88.418288,43.796558,0.0],[88.418696,43.79665,0.0],[88.419101,43.796596,0.0],[88.419367,43.796397,0.0],[88.419564,43.79615,0.0],[88.419761,43.795902,0.0],[88.420164,43.795799,0.0],[88.42057,43.795794,0.0],[88.420975,43.795789,0.0],[88.42138,43.795735,0.0],[88.421714,43.795584,0.0],[88.42198,43.795385,0.0],[88.421838,43.795093,0.0],[88.421563,43.7949,0.0],[88.421488,43.794607,0.0],[88.421481,43.794314,0.0],[88.42161,43.794018,0.0],[88.421807,43.793771,0.0],[88.422072,43.793571,0.0],[88.422477,43.793517,0.0],[88.422882,43.793512,0.0],[88.423286,43.793409,0.0],[88.42369,43.793355,0.0],[88.424025,43.793204,0.0],[88.424358,43.793004,0.0],[88.424691,43.792804,0.0],[88.424956,43.792556,0.0],[88.425153,43.792308,0.0],[88.425418,43.79206,0.0],[88.425622,43.791968,0.0],[88.425665,43.792008,0.0],[88.425883,43.792153,0.0],[88.426161,43.792235,0.0],[88.426348,43.792226,0.0],[88.426608,43.792259,0.0],[88.42692,43.792208,0.0],[88.427134,43.792217,0.0],[88.427364,43.792238,0.0],[88.42756,43.792176,0.0],[88.427689,43.792067,0.0],[88.427802,43.791982,0.0],[88.427963,43.791813,0.0],[88.428076,43.791741,0.0],[88.42842,43.791677,0.0],[88.428582,43.791591,0.0],[88.428927,43.791587,0.0],[88.429226,43.79169,0.0],[88.429361,43.791855,0.0],[88.429545,43.791984,0.0],[88.429843,43.792064,0.0],[88.430139,43.792072,0.0],[88.430502,43.792127,0.0],[88.430803,43.792338,0.0],[88.431022,43.792549,0.0],[88.431239,43.79269,0.0],[88.431506,43.792853,0.0],[88.431609,43.793007,0.0],[88.431744,43.79316,0.0],[88.431747,43.793291,0.0],[88.431636,43.793459,0.0],[88.431476,43.793651,0.0],[88.431332,43.793832,0.0],[88.431355,43.794082,0.0],[88.431409,43.794307,0.0],[88.43148,43.794509,0.0],[88.431498,43.794607,0.0],[88.431341,43.794552,0.0],[88.43096,43.794488,0.0],[88.43067,43.794286,0.0],[88.430568,43.794012,0.0],[88.430467,43.793738,0.0],[88.430365,43.793464,0.0],[88.430076,43.793261,0.0],[88.429786,43.793058,0.0],[88.429404,43.792994,0.0],[88.429025,43.792999,0.0],[88.428645,43.793004,0.0],[88.428267,43.793077,0.0],[88.427889,43.793151,0.0],[88.42751,43.793224,0.0],[88.427131,43.793229,0.0],[88.427042,43.793505,0.0],[88.427334,43.793777,0.0],[88.427623,43.79398,0.0],[88.428006,43.794113,0.0],[88.428298,43.794384,0.0],[88.428777,43.794584,0.0],[88.429161,43.794717,0.0],[88.429545,43.794919,0.0],[88.429928,43.795052,0.0],[88.430218,43.795254,0.0],[88.430508,43.795457,0.0],[88.430891,43.79559,0.0],[88.431189,43.795746,0.0],[88.431162,43.795911,0.0],[88.431028,43.796106,0.0],[88.430885,43.796294,0.0],[88.43082,43.796473,0.0],[88.430735,43.796653,0.0],[88.430582,43.796833,0.0],[88.430507,43.79702,0.0],[88.430463,43.797242,0.0],[88.430249,43.797366,0.0],[88.430045,43.797498,0.0],[88.42984,43.797586,0.0],[88.429633,43.79761,0.0],[88.429268,43.797615,0.0],[88.428982,43.797589,0.0],[88.428812,43.79752,0.0],[88.42841,43.797429,0.0],[88.428316,43.797363,0.0],[88.428174,43.797071,0.0],[88.428167,43.796777,0.0],[88.428159,43.796435,0.0],[88.428152,43.796141,0.0],[88.427943,43.795898,0.0],[88.427601,43.795707,0.0],[88.427326,43.795514,0.0],[88.426983,43.795323,0.0],[88.426575,43.79523,0.0],[88.426167,43.795137,0.0],[88.425761,43.795142,0.0],[88.425496,43.795341,0.0],[88.42523,43.79554,0.0],[88.425102,43.795836,0.0],[88.425042,43.79618,0.0],[88.424709,43.79638,0.0],[88.424303,43.796385,0.0],[88.423831,43.79644,0.0],[88.423425,43.796445,0.0],[88.422954,43.796548,0.0],[88.42255,43.796602,0.0],[88.422146,43.796657,0.0],[88.421742,43.79676,0.0],[88.421339,43.796862,0.0],[88.421004,43.797014,0.0],[88.420944,43.797308,0.0],[88.420951,43.797602,0.0],[88.420959,43.797945,0.0],[88.421235,43.798186,0.0],[88.42151,43.798379,0.0],[88.421912,43.798227,0.0],[88.422178,43.798028,0.0],[88.422583,43.797974,0.0],[88.422695,43.797972,0.0],[88.42279,43.798167,0.0],[88.423069,43.798506,0.0],[88.423344,43.798699,0.0],[88.423685,43.798842,0.0],[88.424092,43.798886,0.0],[88.424497,43.798832,0.0],[88.424762,43.798632,0.0],[88.425097,43.798481,0.0],[88.42528,43.798344,0.0],[88.425637,43.798425,0.0],[88.425942,43.798639,0.0],[88.426181,43.798592,0.0],[88.426518,43.798645,0.0],[88.42674,43.798828,0.0],[88.426902,43.799012,0.0],[88.427103,43.799167,0.0],[88.42744,43.799234,0.0],[88.427719,43.799374,0.0],[88.427999,43.799499,0.0],[88.428281,43.799753,0.0],[88.428463,43.79995,0.0],[88.428607,43.800192,0.0],[88.428692,43.800448,0.0],[88.428951,43.800545,0.0],[88.42919,43.800627,0.0],[88.429529,43.80078,0.0],[88.429828,43.800891,0.0],[88.430204,43.800929,0.0],[88.430595,43.800796,0.0],[88.43095,43.800763,0.0],[88.431249,43.800888,0.0],[88.431569,43.801069,0.0],[88.431847,43.801152,0.0],[88.432145,43.801248,0.0],[88.432403,43.801302,0.0],[88.4328,43.801383,0.0],[88.432981,43.801523,0.0],[88.433142,43.80165,0.0],[88.433382,43.801804,0.0],[88.433761,43.801985,0.0],[88.43398,43.802068,0.0],[88.434692,43.802116,0.0],[88.435126,43.802111,0.0],[88.435639,43.80209,0.0],[88.436111,43.802027,0.0],[88.436543,43.801936,0.0],[88.436916,43.801874,0.0],[88.437312,43.801898,0.0],[88.43761,43.80198,0.0],[88.437986,43.802032,0.0],[88.438343,43.802113,0.0],[88.438721,43.802252,0.0],[88.439019,43.802319,0.0],[88.439434,43.802328,0.0],[88.439691,43.802382,0.0],[88.44007,43.802549,0.0],[88.440485,43.802544,0.0],[88.441018,43.802566,0.0],[88.441374,43.802576,0.0],[88.441828,43.802598,0.0],[88.442225,43.802708,0.0],[88.442563,43.802803,0.0],[88.442897,43.802756,0.0],[88.443336,43.802922,0.0],[88.443597,43.803133,0.0],[88.443958,43.803372,0.0],[88.444396,43.803509,0.0],[88.444949,43.803531,0.0],[88.44558,43.803509,0.0],[88.446094,43.803545,0.0],[88.446587,43.803553,0.0],[88.44698,43.803477,0.0],[88.447294,43.803401,0.0],[88.447548,43.803298,0.0],[88.447787,43.803395,0.0],[88.448186,43.803533,0.0],[88.448619,43.803513,0.0],[88.449053,43.803508,0.0],[88.449606,43.803529,0.0],[88.449942,43.803525,0.0],[88.450438,43.803647,0.0],[88.450856,43.803771,0.0],[88.451236,43.80398,0.0],[88.451436,43.80412,0.0],[88.451735,43.804245,0.0],[88.45213,43.80424,0.0],[88.452544,43.804206,0.0],[88.452995,43.804101,0.0],[88.45333,43.804068,0.0],[88.453803,43.804033,0.0],[88.454257,43.804056,0.0],[88.454633,43.804094,0.0],[88.455046,43.804032,0.0],[88.45548,43.804012,0.0],[88.455835,43.804036,0.0],[88.456252,43.804116,0.0],[88.456668,43.804211,0.0],[88.456968,43.804365,0.0],[88.457465,43.804487,0.0],[88.457998,43.804509,0.0],[88.458354,43.804533,0.0],[88.458652,43.8046,0.0],[88.45895,43.804697,0.0],[88.459366,43.804763,0.0],[88.459664,43.80483,0.0],[88.459922,43.804884,0.0],[88.460258,43.804923,0.0],[88.460785,43.804945,0.0],[88.461445,43.805051,0.0],[88.461919,43.805064,0.0],[88.462524,43.805037,0.0],[88.463154,43.804991,0.0],[88.463915,43.804905,0.0],[88.464574,43.804934,0.0],[88.465022,43.804948,0.0],[88.465573,43.804921,0.0],[88.465915,43.804917,0.0],[88.46631,43.804912,0.0],[88.466678,43.804907,0.0],[88.467232,43.804938,0.0],[88.467732,43.804932,0.0],[88.468336,43.804905,0.0],[88.468915,43.804898,0.0],[88.469308,43.804854,0.0],[88.469992,43.804808,0.0],[88.470806,43.804759,0.0],[88.471434,43.804617,0.0],[88.47201,43.804477,0.0],[88.472427,43.804338,0.0],[88.472741,43.804258,0.0],[88.473239,43.804201,0.0],[88.473737,43.804092,0.0],[88.474473,43.804064,0.0],[88.475051,43.804018,0.0],[88.475602,43.803954,0.0],[88.475956,43.803809,0.0],[88.476517,43.803732,0.0],[88.477066,43.803592,0.0],[88.477826,43.803449,0.0],[88.478481,43.803345,0.0],[88.479268,43.80322,0.0],[88.480082,43.803153,0.0],[88.480789,43.80301,0.0],[88.481915,43.802786,0.0],[88.482859,43.802659,0.0],[88.483539,43.802517,0.0],[88.484116,43.802414,0.0],[88.484559,43.802237,0.0],[88.484932,43.802107,0.0],[88.48497,43.802078,0.0],[88.484992,43.802058,0.0],[88.48503,43.801908,0.0],[88.485123,43.801576,0.0],[88.485268,43.80128,0.0],[88.485516,43.801056,0.0],[88.485816,43.800869,0.0],[88.486167,43.800717,0.0],[88.486415,43.800493,0.0],[88.486766,43.800342,0.0],[88.487118,43.80019,0.0],[88.487364,43.800142,0.0],[88.487423,43.800087,0.0],[88.487754,43.799789,0.0],[88.488088,43.799638,0.0],[88.488334,43.799407,0.0],[88.488756,43.799286,0.0],[88.48909,43.799135,0.0],[88.489356,43.798935,0.0],[88.489553,43.798688,0.0],[88.489613,43.798393,0.0],[88.489603,43.798355,0.0],[88.489403,43.79825,0.0],[88.488993,43.798109,0.0],[88.489037,43.797814,0.0],[88.489284,43.797554,0.0],[88.489451,43.797449,0.0],[88.48943,43.797367,0.0],[88.489451,43.797318,0.0],[88.489579,43.797022,0.0],[88.489707,43.796726,0.0],[88.489903,43.796479,0.0],[88.489895,43.796136,0.0],[88.489552,43.795945,0.0],[88.489145,43.795901,0.0],[88.488672,43.795907,0.0],[88.488266,43.795912,0.0],[88.488176,43.795914,0.0],[88.487793,43.795919,0.0],[88.487321,43.795974,0.0],[88.486917,43.796028,0.0],[88.486816,43.796029,0.0],[88.486644,43.796079,0.0],[88.485798,43.796162,0.0],[88.48511,43.796271,0.0],[88.484539,43.79635,0.0],[88.483951,43.796486,0.0],[88.483382,43.796622,0.0],[88.482813,43.796772,0.0],[88.482247,43.796994,0.0],[88.481774,43.797043,0.0],[88.481243,43.797107,0.0],[88.480635,43.797244,0.0],[88.479927,43.797367,0.0],[88.479297,43.797404,0.0],[88.478609,43.797527,0.0],[88.477922,43.797665,0.0],[88.477333,43.797772,0.0],[88.476966,43.797658,0.0],[88.47678,43.797584,0.0],[88.476619,43.797453,0.0],[88.476485,43.79734,0.0],[88.476428,43.79715,0.0],[88.476396,43.796941,0.0],[88.47639,43.796712,0.0],[88.476384,43.796446,0.0],[88.476456,43.796178,0.0],[88.476556,43.795948,0.0],[88.476576,43.7957,0.0],[88.476645,43.795299,0.0],[88.476796,43.795011,0.0],[88.476869,43.794781,0.0],[88.476914,43.794457,0.0],[88.477012,43.794189,0.0],[88.477165,43.793977,0.0],[88.477369,43.793727,0.0],[88.47765,43.793361,0.0],[88.477879,43.793053,0.0],[88.478137,43.792859,0.0],[88.478606,43.792682,0.0],[88.478835,43.792336,0.0],[88.47901,43.79199,0.0],[88.479348,43.791833,0.0],[88.479634,43.791677,0.0],[88.479814,43.791523,0.0],[88.479834,43.791255,0.0],[88.479777,43.791066,0.0],[88.479538,43.790973,0.0],[88.479354,43.790966,0.0],[88.479151,43.790985,0.0],[88.478677,43.790991,0.0],[88.478271,43.790948,0.0],[88.478128,43.790656,0.0],[88.478053,43.790363,0.0],[88.478046,43.790069,0.0],[88.478174,43.789773,0.0],[88.478371,43.789526,0.0],[88.478636,43.789327,0.0],[88.478869,43.789152,0.0],[88.478911,43.789038,0.0],[88.479034,43.788693,0.0],[88.479001,43.788408,0.0],[88.478657,43.788336,0.0],[88.478327,43.788312,0.0],[88.478141,43.788451,0.0],[88.477876,43.788651,0.0],[88.477469,43.788607,0.0],[88.477194,43.788414,0.0],[88.476985,43.788172,0.0],[88.47691,43.787879,0.0],[88.476903,43.787586,0.0],[88.476896,43.787292,0.0],[88.476888,43.786998,0.0],[88.476881,43.786704,0.0],[88.476873,43.786361,0.0],[88.476933,43.786067,0.0],[88.47713,43.785819,0.0],[88.477169,43.78576,0.0],[88.476931,43.785557,0.0],[88.476767,43.785311,0.0],[88.476761,43.785044,0.0],[88.47707,43.784792,0.0],[88.477301,43.784542,0.0],[88.477294,43.784275,0.0],[88.477054,43.784126,0.0],[88.476553,43.784075,0.0],[88.475713,43.784143,0.0],[88.475348,43.784281,0.0],[88.474927,43.784287,0.0],[88.474636,43.784233,0.0],[88.474501,43.784082,0.0],[88.474492,43.78372,0.0],[88.474484,43.783377,0.0],[88.474557,43.783129,0.0],[88.474628,43.782804,0.0],[88.474693,43.782269,0.0],[88.474687,43.782003,0.0],[88.474623,43.781565,0.0],[88.474565,43.781318,0.0],[88.47456,43.781109,0.0],[88.474528,43.780899,0.0],[88.474469,43.780652,0.0],[88.474177,43.780523,0.0],[88.473807,43.780451,0.0],[88.473466,43.780475,0.0],[88.473179,43.780574,0.0],[88.472654,43.780619,0.0],[88.472257,43.780528,0.0],[88.471941,43.780513,0.0],[88.471522,43.780576,0.0],[88.471394,43.780749,0.0],[88.471162,43.780924,0.0],[88.470871,43.78087,0.0],[88.470527,43.780779,0.0],[88.470314,43.780668,0.0],[88.470046,43.780481,0.0],[88.469702,43.78039,0.0],[88.469307,43.780357,0.0],[88.468938,43.780342,0.0],[88.468516,43.78031,0.0],[88.468146,43.7802,0.0],[88.467698,43.780187,0.0],[88.467174,43.780251,0.0],[88.466727,43.780295,0.0],[88.466282,43.780358,0.0],[88.465677,43.780346,0.0],[88.465021,43.780481,0.0],[88.464604,43.780589,0.0],[88.464188,43.780804,0.0],[88.463851,43.780999,0.0],[88.463699,43.781332,0.0],[88.463468,43.781514,0.0],[88.463368,43.781691,0.0],[88.4634,43.7819,0.0],[88.463563,43.782108,0.0],[88.463803,43.782276,0.0],[88.464147,43.782329,0.0],[88.464008,43.782702,0.0],[88.463643,43.782859,0.0],[88.463542,43.783032,0.0],[88.463599,43.783184,0.0],[88.463787,43.783353,0.0],[88.464027,43.783502,0.0],[88.464164,43.783729,0.0],[88.464353,43.783917,0.0],[88.464569,43.784124,0.0],[88.464758,43.784351,0.0],[88.464975,43.784596,0.0],[88.465216,43.784783,0.0],[88.465408,43.785105,0.0],[88.46578,43.785271,0.0],[88.466206,43.785456,0.0],[88.466528,43.7857,0.0],[88.466926,43.785867,0.0],[88.467272,43.786015,0.0],[88.467724,43.786237,0.0],[88.46812,43.78629,0.0],[88.468494,43.786494,0.0],[88.468945,43.786679,0.0]],[[88.448722,43.79199,0.0],[88.448737,43.791775,0.0],[88.448771,43.791546,0.0],[88.448906,43.791445,0.0],[88.449299,43.791368,0.0],[88.449575,43.791365,0.0],[88.449714,43.791406,0.0],[88.4498,43.791676,0.0],[88.449821,43.791717,0.0],[88.449828,43.791998,0.0],[88.449835,43.792292,0.0],[88.449842,43.792586,0.0],[88.449714,43.792881,0.0],[88.449379,43.793032,0.0],[88.449114,43.793133,0.0],[88.448979,43.79283,0.0],[88.448892,43.792488,0.0],[88.448789,43.792289,0.0],[88.448722,43.79199,0.0]],[[88.444073,43.781765,0.0],[88.444108,43.781838,0.0],[88.444257,43.782094,0.0],[88.444406,43.782401,0.0],[88.44427,43.782661,0.0],[88.444278,43.782971,0.0],[88.444285,43.78328,0.0],[88.444364,43.783589,0.0],[88.444512,43.783845,0.0],[88.44452,43.784154,0.0],[88.444529,43.784515,0.0],[88.444465,43.784826,0.0],[88.444401,43.785136,0.0],[88.444048,43.785244,0.0],[88.443828,43.784989,0.0],[88.443469,43.78489,0.0],[88.44311,43.78474,0.0],[88.44289,43.784485,0.0],[88.442882,43.784175,0.0],[88.443019,43.783915,0.0],[88.443298,43.783705,0.0],[88.443435,43.783446,0.0],[88.443571,43.783186,0.0],[88.443492,43.782877,0.0],[88.443485,43.782568,0.0],[88.443477,43.782258,0.0],[88.443613,43.781999,0.0],[88.443821,43.781738,0.0],[88.444073,43.781765,0.0]],[[88.468916,43.781436,0.0],[88.469178,43.781397,0.0],[88.469575,43.781499,0.0],[88.469645,43.781665,0.0],[88.469714,43.781831,0.0],[88.469866,43.781972,0.0],[88.46987,43.78215,0.0],[88.469823,43.782258,0.0],[88.469628,43.782344,0.0],[88.469317,43.782396,0.0],[88.469006,43.782436,0.0],[88.468645,43.782464,0.0],[88.468429,43.782395,0.0],[88.468442,43.782252,0.0],[88.468521,43.78212,0.0],[88.468469,43.78199,0.0],[88.468318,43.781873,0.0],[88.468333,43.781813,0.0],[88.46843,43.781728,0.0],[88.468574,43.781572,0.0],[88.468688,43.781546,0.0],[88.468916,43.781436,0.0]]]}},{"type":"Feature","properties":{"rgi_id":"RGI2000-v7.0-G-13-41536","o1region":"13"},"geometry":{"type":"Polygon","coordinates":[[[88.530251,43.819699,0.0],[88.530194,43.819634,0.0],[88.530019,43.819484,0.0],[88.529777,43.819259,0.0],[88.529656,43.819041,0.0],[88.529596,43.81888,0.0],[88.529421,43.818711,0.0],[88.529248,43.818517,0.0],[88.52899,43.818345,0.0],[88.528836,43.818115,0.0],[88.528851,43.818042,0.0],[88.528846,43.817861,0.0],[88.528782,43.817689,0.0],[88.528774,43.817563,0.0],[88.528548,43.817566,0.0],[88.528007,43.817574,0.0],[88.527601,43.817579,0.0],[88.527128,43.817585,0.0],[88.526722,43.817591,0.0],[88.526264,43.817502,0.0],[88.526135,43.817636,0.0],[88.525943,43.817853,0.0],[88.52589,43.818096,0.0],[88.525738,43.818327,0.0],[88.525548,43.818587,0.0],[88.525414,43.818789,0.0],[88.525202,43.818978,0.0],[88.52505,43.819194,0.0],[88.524856,43.81934,0.0],[88.524625,43.819557,0.0],[88.524412,43.819731,0.0],[88.5243,43.820004,0.0],[88.524155,43.820143,0.0],[88.524114,43.820239,0.0],[88.524122,43.820548,0.0],[88.523986,43.820808,0.0],[88.523923,43.821118,0.0],[88.523644,43.82138,0.0],[88.523365,43.82159,0.0],[88.523085,43.8218,0.0],[88.522949,43.82206,0.0],[88.522957,43.82237,0.0],[88.522965,43.822679,0.0],[88.522829,43.822939,0.0],[88.522767,43.823301,0.0],[88.522562,43.823665,0.0],[88.522516,43.82398,0.0],[88.522704,43.824282,0.0],[88.523146,43.824621,0.0],[88.523227,43.824585,0.0],[88.523581,43.824477,0.0],[88.524008,43.824471,0.0],[88.524298,43.824674,0.0],[88.524589,43.824876,0.0],[88.524879,43.825079,0.0],[88.52503,43.825438,0.0],[88.52511,43.825746,0.0],[88.525376,43.825866,0.0],[88.526358,43.825663,0.0],[88.527195,43.824937,0.0],[88.527508,43.824769,0.0],[88.527507,43.824734,0.0],[88.527643,43.824474,0.0],[88.527706,43.824164,0.0],[88.527842,43.823904,0.0],[88.528049,43.823643,0.0],[88.528255,43.823331,0.0],[88.528461,43.823018,0.0],[88.528616,43.822878,0.0],[88.528614,43.822807,0.0],[88.528636,43.822658,0.0],[88.528585,43.82261,0.0],[88.528292,43.822481,0.0],[88.528001,43.822409,0.0],[88.527885,43.822375,0.0],[88.527725,43.822427,0.0],[88.527322,43.82253,0.0],[88.526917,43.822585,0.0],[88.526513,43.822639,0.0],[88.526108,43.822693,0.0],[88.525702,43.822699,0.0],[88.525627,43.822406,0.0],[88.52562,43.822112,0.0],[88.525747,43.821816,0.0],[88.526013,43.821617,0.0],[88.526347,43.821465,0.0],[88.526818,43.821361,0.0],[88.527292,43.821355,0.0],[88.527833,43.821348,0.0],[88.527899,43.821298,0.0],[88.528164,43.821049,0.0],[88.52836,43.820802,0.0],[88.528556,43.820505,0.0],[88.528751,43.820209,0.0],[88.528948,43.819961,0.0],[88.529282,43.81981,0.0],[88.529821,43.819705,0.0],[88.530251,43.819699,0.0]]]}},{"type":"Feature","properties":{"rgi_id":"RGI2000-v7.0-G-13-41537","o1region":"13"},"geometry":{"type":"Polygon","coordinates":[[[88.530251,43.819699,0.0],[88.530349,43.819811,0.0],[88.530374,43.819808,0.0],[88.530408,43.819804,0.0],[88.530987,43.819777,0.0],[88.531435,43.81979,0.0],[88.531881,43.819765,0.0],[88.532276,43.819741,0.0],[88.532697,43.819735,0.0],[88.532932,43.819675,0.0],[88.533087,43.819558,0.0],[88.533268,43.819422,0.0],[88.533447,43.819229,0.0],[88.533627,43.819074,0.0],[88.533673,43.818826,0.0],[88.533589,43.818618,0.0],[88.53345,43.818314,0.0],[88.533286,43.818069,0.0],[88.533072,43.817938,0.0],[88.532884,43.817808,0.0],[88.532591,43.817678,0.0],[88.532406,43.817642,0.0],[88.532194,43.817569,0.0],[88.53198,43.817458,0.0],[88.53182,43.817364,0.0],[88.531511,43.817135,0.0],[88.531249,43.81691,0.0],[88.530872,43.816815,0.0],[88.530494,43.816706,0.0],[88.530214,43.816566,0.0],[88.530181,43.816537,0.0],[88.530077,43.816517,0.0],[88.529669,43.816425,0.0],[88.529479,43.816382,0.0],[88.529261,43.816332,0.0],[88.528855,43.816338,0.0],[88.528795,43.816632,0.0],[88.529072,43.816874,0.0],[88.529207,43.816991,0.0],[88.529009,43.817039,0.0],[88.528847,43.817186,0.0],[88.528781,43.817357,0.0],[88.528772,43.817538,0.0],[88.528774,43.817563,0.0],[88.528782,43.817689,0.0],[88.528846,43.817861,0.0],[88.528851,43.818042,0.0],[88.528836,43.818115,0.0],[88.52899,43.818345,0.0],[88.529248,43.818517,0.0],[88.529421,43.818711,0.0],[88.529596,43.81888,0.0],[88.529656,43.819041,0.0],[88.529777,43.819259,0.0],[88.530019,43.819484,0.0],[88.530194,43.819634,0.0],[88.530251,43.819699,0.0]]]}},{"type":"Feature","properties":{"rgi_id":"RGI2000-v7.0-G-13-41538","o1region":"13"},"geometry":{"type":"Polygon","coordinates":[[[88.545995,43.815534,0.0],[88.546157,43.815727,0.0],[88.546302,43.81571,0.0],[88.546582,43.815499,0.0],[88.546861,43.815289,0.0],[88.546997,43.81503,0.0],[88.54706,43.814719,0.0],[88.547196,43.814459,0.0],[88.547444,43.814235,0.0],[88.547483,43.814028,0.0],[88.5475,43.813665,0.0],[88.547492,43.81336,0.0],[88.547456,43.812999,0.0],[88.547394,43.812638,0.0],[88.547255,43.812335,0.0],[88.547064,43.81207,0.0],[88.546848,43.811845,0.0],[88.546657,43.811618,0.0],[88.546624,43.811352,0.0],[88.546618,43.811123,0.0],[88.546743,43.810836,0.0],[88.546841,43.810568,0.0],[88.54699,43.810242,0.0],[88.547086,43.809859,0.0],[88.547285,43.809437,0.0],[88.547802,43.809068,0.0],[88.548133,43.808625,0.0],[88.548442,43.808354,0.0],[88.548779,43.808159,0.0],[88.549406,43.807998,0.0],[88.549772,43.807917,0.0],[88.550244,43.807815,0.0],[88.550607,43.807639,0.0],[88.550928,43.807497,0.0],[88.550966,43.807419,0.0],[88.551084,43.807209,0.0],[88.55116,43.80697,0.0],[88.551194,43.806702,0.0],[88.551311,43.806462,0.0],[88.551346,43.806223,0.0],[88.55134,43.805985,0.0],[88.551292,43.805747,0.0],[88.551204,43.80551,0.0],[88.551157,43.805273,0.0],[88.550986,43.805037,0.0],[88.550776,43.804861,0.0],[88.550565,43.804655,0.0],[88.550355,43.80448,0.0],[88.550145,43.804304,0.0],[88.549894,43.804158,0.0],[88.549643,43.803983,0.0],[88.549392,43.803808,0.0],[88.549142,43.803662,0.0],[88.54889,43.803487,0.0],[88.54864,43.803341,0.0],[88.548547,43.803284,0.0],[88.547915,43.803254,0.0],[88.547364,43.8033,0.0],[88.54668,43.803328,0.0],[88.545813,43.803378,0.0],[88.545417,43.803307,0.0],[88.545045,43.80316,0.0],[88.544644,43.802936,0.0],[88.543879,43.802851,0.0],[88.54327,43.802726,0.0],[88.54277,43.802714,0.0],[88.542374,43.802662,0.0],[88.542006,43.802667,0.0],[88.541532,43.802673,0.0],[88.541137,43.80266,0.0],[88.540558,43.802648,0.0],[88.540109,43.802578,0.0],[88.539683,43.802393,0.0],[88.539651,43.802165,0.0],[88.539405,43.801806,0.0],[88.539109,43.801543,0.0],[88.538737,43.801415,0.0],[88.538522,43.801246,0.0],[88.538489,43.80098,0.0],[88.538456,43.800733,0.0],[88.538275,43.800501,0.0],[88.537972,43.80032,0.0],[88.537577,43.800287,0.0],[88.537022,43.800199,0.0],[88.536362,43.800132,0.0],[88.535757,43.80014,0.0],[88.535309,43.800089,0.0],[88.534787,43.800249,0.0],[88.53384,43.800261,0.0],[88.533261,43.80025,0.0],[88.53255,43.800259,0.0],[88.532048,43.800171,0.0],[88.531362,43.800085,0.0],[88.530783,43.800093,0.0],[88.530494,43.800096,0.0],[88.53039,43.800163,0.0],[88.530039,43.800167,0.0],[88.529583,43.800173,0.0],[88.529178,43.800216,0.0],[88.528776,43.800331,0.0],[88.528528,43.800555,0.0],[88.528228,43.800743,0.0],[88.528032,43.801002,0.0],[88.527836,43.801299,0.0],[88.527743,43.801594,0.0],[88.527547,43.801891,0.0],[88.527301,43.802188,0.0],[88.527157,43.80252,0.0],[88.527013,43.802816,0.0],[88.526971,43.803147,0.0],[88.526978,43.803441,0.0],[88.526986,43.803772,0.0],[88.527095,43.804064,0.0],[88.527154,43.804357,0.0],[88.52724,43.804477,0.0],[88.527129,43.804673,0.0],[88.52724,43.804838,0.0],[88.527578,43.804933,0.0],[88.527879,43.805115,0.0],[88.528159,43.805283,0.0],[88.528458,43.805407,0.0],[88.5287,43.805604,0.0],[88.528905,43.805873,0.0],[88.529171,43.80627,0.0],[88.529257,43.80654,0.0],[88.529342,43.806768,0.0],[88.529328,43.806982,0.0],[88.529215,43.807213,0.0],[88.529022,43.807387,0.0],[88.528726,43.807391,0.0],[88.528466,43.807266,0.0],[88.528286,43.807168,0.0],[88.528026,43.807014,0.0],[88.527706,43.806847,0.0],[88.527385,43.806637,0.0],[88.527103,43.806426,0.0],[88.52686,43.806201,0.0],[88.526669,43.806084,0.0],[88.526357,43.805995,0.0],[88.526061,43.80597,0.0],[88.525889,43.80603,0.0],[88.525792,43.806204,0.0],[88.525537,43.806134,0.0],[88.525111,43.806191,0.0],[88.52476,43.806402,0.0],[88.52448,43.806612,0.0],[88.524273,43.806873,0.0],[88.524281,43.807183,0.0],[88.524289,43.807492,0.0],[88.524509,43.807747,0.0],[88.524686,43.807952,0.0],[88.524546,43.808192,0.0],[88.524703,43.808461,0.0],[88.524853,43.808552,0.0],[88.524975,43.808701,0.0],[88.525194,43.808755,0.0],[88.525513,43.808865,0.0],[88.52585,43.808953,0.0],[88.526282,43.809053,0.0],[88.52658,43.809149,0.0],[88.526943,43.809217,0.0],[88.527354,43.80931,0.0],[88.527809,43.809333,0.0],[88.528223,43.809327,0.0],[88.528735,43.809277,0.0],[88.529208,43.809271,0.0],[88.529721,43.80925,0.0],[88.530234,43.809243,0.0],[88.530748,43.809279,0.0],[88.531325,43.809457,0.0],[88.531745,43.80968,0.0],[88.532304,43.809916,0.0],[88.532488,43.810185,0.0],[88.532868,43.81038,0.0],[88.533246,43.810489,0.0],[88.533804,43.81071,0.0],[88.534187,43.811005,0.0],[88.534568,43.811229,0.0],[88.535026,43.811408,0.0],[88.535425,43.811575,0.0],[88.535843,43.811698,0.0],[88.536162,43.811808,0.0],[88.536621,43.812002,0.0],[88.537037,43.812082,0.0],[88.537553,43.812189,0.0],[88.538009,43.812254,0.0],[88.538367,43.812378,0.0],[88.538766,43.812516,0.0],[88.539158,43.812692,0.0],[88.539451,43.812821,0.0],[88.53961,43.812876,0.0],[88.539903,43.813006,0.0],[88.540198,43.813192,0.0],[88.540518,43.813378,0.0],[88.54097,43.813563,0.0],[88.541292,43.813787,0.0],[88.541744,43.813972,0.0],[88.541982,43.814007,0.0],[88.542382,43.814211,0.0],[88.54265,43.814417,0.0],[88.542784,43.814491,0.0],[88.54305,43.814602,0.0],[88.543421,43.814711,0.0],[88.543769,43.814935,0.0],[88.544009,43.815047,0.0],[88.544327,43.815138,0.0],[88.544592,43.81521,0.0],[88.544962,43.815262,0.0],[88.545252,43.815277,0.0],[88.545463,43.815313,0.0],[88.545807,43.815384,0.0],[88.545995,43.815534,0.0]],[[88.54012,43.807283,0.0],[88.539774,43.807154,0.0],[88.539587,43.807042,0.0],[88.539292,43.806837,0.0],[88.539263,43.806704,0.0],[88.539258,43.806513,0.0],[88.53933,43.806245,0.0],[88.53943,43.806053,0.0],[88.539716,43.805916,0.0],[88.54011,43.805873,0.0],[88.540451,43.805849,0.0],[88.540819,43.805825,0.0],[88.541241,43.805858,0.0],[88.541665,43.805966,0.0],[88.54209,43.806132,0.0],[88.542437,43.806337,0.0],[88.542786,43.80658,0.0],[88.542971,43.806635,0.0],[88.543236,43.806688,0.0],[88.54327,43.806974,0.0],[88.543194,43.807108,0.0],[88.54296,43.807207,0.0],[88.542643,43.807154,0.0],[88.542432,43.807156,0.0],[88.542194,43.807122,0.0],[88.54201,43.807105,0.0],[88.541795,43.806936,0.0],[88.541634,43.806824,0.0],[88.541345,43.806828,0.0],[88.541111,43.806965,0.0],[88.540906,43.807158,0.0],[88.540646,43.807295,0.0],[88.540384,43.807337,0.0],[88.54012,43.807283,0.0]]]}},{"type":"Feature","properties":{"rgi_id":"RGI2000-v7.0-G-13-41539","o1region":"13"},"geometry":{"type":"Polygon","coordinates":[[[88.539752,43.799547,0.0],[88.540048,43.799579,0.0],[88.540363,43.799658,0.0],[88.540713,43.799832,0.0],[88.540997,43.800019,0.0],[88.541266,43.800253,0.0],[88.54142,43.800478,0.0],[88.54141,43.800716,0.0],[88.541367,43.800822,0.0],[88.54141,43.800856,0.0],[88.541469,43.801084,0.0],[88.54158,43.801311,0.0],[88.541821,43.80148,0.0],[88.54202,43.801652,0.0],[88.54235,43.801568,0.0],[88.542717,43.801506,0.0],[88.543032,43.801501,0.0],[88.543373,43.801459,0.0],[88.543687,43.801397,0.0],[88.544027,43.801297,0.0],[88.544202,43.801226,0.0],[88.544561,43.801102,0.0],[88.544804,43.80098,0.0],[88.545064,43.800857,0.0],[88.545375,43.800782,0.0],[88.54562,43.800743,0.0],[88.545832,43.800644,0.0],[88.546042,43.800499,0.0],[88.546219,43.800377,0.0],[88.546464,43.800279,0.0],[88.546609,43.800169,0.0],[88.54672,43.800001,0.0],[88.546666,43.799835,0.0],[88.546498,43.799682,0.0],[88.546248,43.799579,0.0],[88.545999,43.799487,0.0],[88.545879,43.799274,0.0],[88.545907,43.799095,0.0],[88.54587,43.798941,0.0],[88.545816,43.798763,0.0],[88.545696,43.798562,0.0],[88.545578,43.798444,0.0],[88.545409,43.798292,0.0],[88.545291,43.798162,0.0],[88.545125,43.798105,0.0],[88.544957,43.797976,0.0],[88.544802,43.797692,0.0],[88.544549,43.79747,0.0],[88.544331,43.797282,0.0],[88.544081,43.797154,0.0],[88.543846,43.796991,0.0],[88.543595,43.796827,0.0],[88.543313,43.7967,0.0],[88.543013,43.796561,0.0],[88.542812,43.796397,0.0],[88.542748,43.79632,0.0],[88.542426,43.796364,0.0],[88.5424,43.796364,0.0],[88.542141,43.796539,0.0],[88.541882,43.796676,0.0],[88.541649,43.796832,0.0],[88.54147,43.797025,0.0],[88.541264,43.797218,0.0],[88.541085,43.797411,0.0],[88.540826,43.797567,0.0],[88.54062,43.797741,0.0],[88.540387,43.797897,0.0],[88.540154,43.798053,0.0],[88.539895,43.798189,0.0],[88.539716,43.798382,0.0],[88.539589,43.798594,0.0],[88.539595,43.798822,0.0],[88.539575,43.799051,0.0],[88.539581,43.799299,0.0],[88.539565,43.799499,0.0],[88.539752,43.799547,0.0]]]}},{"type":"Feature","properties":{"rgi_id":"RGI2000-v7.0-G-13-41540","o1region":"13"},"geometry":{"type":"Polygon","coordinates":[[[88.54452,43.788005,0.0],[88.54452,43.788356,0.0],[88.544322,43.788595,0.0],[88.544112,43.788805,0.0],[88.543976,43.788942,0.0],[88.543911,43.789006,0.0],[88.543732,43.789185,0.0],[88.543549,43.789256,0.0],[88.543536,43.78951,0.0],[88.543502,43.789739,0.0],[88.54335,43.789956,0.0],[88.543157,43.790144,0.0],[88.543064,43.79036,0.0],[88.542932,43.790576,0.0],[88.542779,43.790778,0.0],[88.542726,43.791022,0.0],[88.542732,43.791251,0.0],[88.542738,43.791479,0.0],[88.542959,43.791648,0.0],[88.543257,43.791715,0.0],[88.543573,43.79174,0.0],[88.54389,43.791792,0.0],[88.544206,43.791802,0.0],[88.544522,43.791812,0.0],[88.544859,43.791865,0.0],[88.545157,43.791933,0.0],[88.545474,43.791985,0.0],[88.54579,43.791995,0.0],[88.546106,43.791991,0.0],[88.546421,43.791987,0.0],[88.546736,43.79194,0.0],[88.547029,43.79185,0.0],[88.547282,43.791689,0.0],[88.547434,43.791473,0.0],[88.547587,43.791271,0.0],[88.547779,43.791082,0.0],[88.547971,43.790894,0.0],[88.548124,43.790692,0.0],[88.548217,43.790462,0.0],[88.548171,43.790234,0.0],[88.548048,43.790021,0.0],[88.547826,43.789838,0.0],[88.547604,43.78967,0.0],[88.547363,43.789501,0.0],[88.547122,43.789333,0.0],[88.546842,43.78918,0.0],[88.546601,43.789026,0.0],[88.546361,43.788872,0.0],[88.546139,43.788703,0.0],[88.545918,43.788535,0.0],[88.545677,43.788366,0.0],[88.545417,43.788227,0.0],[88.545156,43.788073,0.0],[88.544877,43.787963,0.0],[88.54452,43.788005,0.0]]]}},{"type":"Feature","properties":{"rgi_id":"RGI2000-v7.0-G-13-41541","o1region":"13"},"geometry":{"type":"Polygon","coordinates":[[[88.54312,43.787062,0.0],[88.543252,43.786862,0.0],[88.543239,43.786835,0.0],[88.543045,43.786566,0.0],[88.543038,43.786295,0.0],[88.54328,43.786021,0.0],[88.543369,43.785921,0.0],[88.54335,43.785894,0.0],[88.543213,43.785669,0.0],[88.543208,43.785479,0.0],[88.543351,43.785262,0.0],[88.543431,43.785184,0.0],[88.543379,43.785101,0.0],[88.543302,43.784983,0.0],[88.543288,43.784965,0.0],[88.543458,43.784798,0.0],[88.54373,43.784169,0.0],[88.543511,43.783636,0.0],[88.542716,43.783111,0.0],[88.542222,43.783087,0.0],[88.542192,43.783105,0.0],[88.542135,43.783031,0.0],[88.541847,43.783043,0.0],[88.54152,43.783086,0.0],[88.54146,43.783153,0.0],[88.541218,43.783428,0.0],[88.540975,43.783702,0.0],[88.540732,43.783931,0.0],[88.540488,43.784161,0.0],[88.540182,43.784391,0.0],[88.540002,43.784664,0.0],[88.539823,43.784983,0.0],[88.539643,43.785256,0.0],[88.539463,43.78553,0.0],[88.539091,43.785625,0.0],[88.538718,43.785676,0.0],[88.538287,43.785907,0.0],[88.537917,43.786048,0.0],[88.537611,43.786278,0.0],[88.537367,43.786507,0.0],[88.537187,43.786781,0.0],[88.53688,43.786966,0.0],[88.536636,43.787195,0.0],[88.536393,43.787424,0.0],[88.5364,43.787695,0.0],[88.536469,43.787965,0.0],[88.536551,43.788133,0.0],[88.536634,43.788116,0.0],[88.53688,43.788101,0.0],[88.537209,43.788097,0.0],[88.537405,43.788082,0.0],[88.537701,43.788066,0.0],[88.537997,43.78805,0.0],[88.538243,43.788035,0.0],[88.538407,43.788033,0.0],[88.538538,43.787995,0.0],[88.5387,43.78791,0.0],[88.538912,43.787847,0.0],[88.539045,43.787905,0.0],[88.539081,43.788024,0.0],[88.539048,43.788049,0.0],[88.539277,43.788018,0.0],[88.539653,43.788058,0.0],[88.54003,43.788189,0.0],[88.540347,43.788365,0.0],[88.540724,43.788495,0.0],[88.541101,43.788581,0.0],[88.541476,43.788621,0.0],[88.541851,43.788661,0.0],[88.542225,43.788656,0.0],[88.542598,43.788606,0.0],[88.542968,43.78842,0.0],[88.542961,43.788149,0.0],[88.542954,43.787878,0.0],[88.542947,43.787607,0.0],[88.54294,43.787336,0.0],[88.54312,43.787062,0.0]]]}},{"type":"Feature","properties":{"rgi_id":"RGI2000-v7.0-G-13-41542","o1region":"13"},"geometry":{"type":"Polygon","coordinates":[[[88.533443,43.780484,0.0],[88.533234,43.780665,0.0],[88.533041,43.780846,0.0],[88.532997,43.781049,0.0],[88.532903,43.781192,0.0],[88.532912,43.781244,0.0],[88.532821,43.781817,0.0],[88.532647,43.78222,0.0],[88.53242,43.782604,0.0],[88.532299,43.782753,0.0],[88.532368,43.782821,0.0],[88.532422,43.783022,0.0],[88.532396,43.783261,0.0],[88.532269,43.783465,0.0],[88.532226,43.783716,0.0],[88.532085,43.783956,0.0],[88.532056,43.784135,0.0],[88.53211,43.784313,0.0],[88.532246,43.78449,0.0],[88.532397,43.784607,0.0],[88.532711,43.784674,0.0],[88.532925,43.784671,0.0],[88.533237,43.784667,0.0],[88.533532,43.784616,0.0],[88.533877,43.784611,0.0],[88.534172,43.784559,0.0],[88.534452,43.784591,0.0],[88.534668,43.784684,0.0],[88.53495,43.784799,0.0],[88.535264,43.784854,0.0],[88.535691,43.784837,0.0],[88.536052,43.784808,0.0],[88.53616,43.784757,0.0],[88.536197,43.78467,0.0],[88.536377,43.784397,0.0],[88.536621,43.784167,0.0],[88.537115,43.78398,0.0],[88.537269,43.783946,0.0],[88.537539,43.783886,0.0],[88.537921,43.783788,0.0],[88.538293,43.783693,0.0],[88.538664,43.783552,0.0],[88.538971,43.783368,0.0],[88.539341,43.783227,0.0],[88.539649,43.783042,0.0],[88.54008,43.782856,0.0],[88.540387,43.782671,0.0],[88.540756,43.78244,0.0],[88.540998,43.782165,0.0],[88.541072,43.78211,0.0],[88.541059,43.781965,0.0],[88.541054,43.781751,0.0],[88.541016,43.781537,0.0],[88.540928,43.781336,0.0],[88.540758,43.781124,0.0],[88.540671,43.78091,0.0],[88.540583,43.780697,0.0],[88.540265,43.780463,0.0],[88.540013,43.780264,0.0],[88.539743,43.780006,0.0],[88.539457,43.779736,0.0],[88.539091,43.779586,0.0],[88.538727,43.779483,0.0],[88.538675,43.779377,0.0],[88.538592,43.77933,0.0],[88.53849,43.779213,0.0],[88.538078,43.779159,0.0],[88.537748,43.779116,0.0],[88.537483,43.779036,0.0],[88.537186,43.779016,0.0],[88.53684,43.778997,0.0],[88.536545,43.779001,0.0],[88.536232,43.779005,0.0],[88.535789,43.779035,0.0],[88.535674,43.779052,0.0],[88.53556,43.779256,0.0],[88.535316,43.779485,0.0],[88.535011,43.779761,0.0],[88.534642,43.779946,0.0],[88.534271,43.780087,0.0],[88.533901,43.780227,0.0],[88.533594,43.780412,0.0],[88.533503,43.780435,0.0],[88.533443,43.780484,0.0]]]}},{"type":"Feature","properties":{"rgi_id":"RGI2000-v7.0-G-13-41543","o1region":"13"},"geometry":{"type":"Polygon","coordinates":[[[88.550114,43.781503,0.0],[88.550218,43.781344,0.0],[88.550291,43.781121,0.0],[88.550187,43.780894,0.0],[88.550055,43.78076,0.0],[88.549854,43.780627,0.0],[88.549644,43.780501,0.0],[88.549425,43.780411,0.0],[88.549232,43.780228,0.0],[88.549061,43.780095,0.0],[88.548949,43.779946,0.0],[88.548845,43.779755,0.0],[88.54875,43.779506,0.0],[88.548618,43.779372,0.0],[88.548446,43.779167,0.0],[88.548264,43.779012,0.0],[88.548092,43.778843,0.0],[88.548057,43.77865,0.0],[88.547836,43.778489,0.0],[88.547675,43.778341,0.0],[88.547532,43.778172,0.0],[88.54744,43.778023,0.0],[88.547297,43.777853,0.0],[88.547076,43.777713,0.0],[88.546916,43.777615,0.0],[88.546717,43.777539,0.0],[88.546478,43.777457,0.0],[88.546349,43.77743,0.0],[88.54607,43.777327,0.0],[88.545792,43.777252,0.0],[88.545433,43.777092,0.0],[88.545213,43.776981,0.0],[88.544975,43.77692,0.0],[88.544706,43.776838,0.0],[88.544537,43.776768,0.0],[88.54421,43.776723,0.0],[88.543871,43.776942,0.0],[88.543786,43.777107,0.0],[88.543563,43.777253,0.0],[88.543429,43.777398,0.0],[88.543226,43.777579,0.0],[88.542944,43.777712,0.0],[88.542679,43.777787,0.0],[88.542455,43.777904,0.0],[88.542244,43.778107,0.0],[88.542059,43.778231,0.0],[88.541787,43.778385,0.0],[88.541603,43.778523,0.0],[88.541352,43.778705,0.0],[88.541049,43.778831,0.0],[88.540766,43.778942,0.0],[88.540522,43.779067,0.0],[88.540377,43.779183,0.0],[88.540362,43.779333,0.0],[88.540454,43.779475,0.0],[88.540556,43.779609,0.0],[88.540816,43.779727,0.0],[88.541293,43.779885,0.0],[88.541484,43.780026,0.0],[88.541734,43.780158,0.0],[88.542004,43.780297,0.0],[88.542343,43.78045,0.0],[88.542662,43.780567,0.0],[88.542961,43.780692,0.0],[88.543321,43.780887,0.0],[88.543659,43.780997,0.0],[88.543929,43.781122,0.0],[88.54412,43.781248,0.0],[88.544369,43.781359,0.0],[88.544589,43.781456,0.0],[88.544867,43.781524,0.0],[88.545234,43.781612,0.0],[88.545463,43.781694,0.0],[88.545782,43.781833,0.0],[88.545971,43.781909,0.0],[88.546239,43.781977,0.0],[88.546625,43.782022,0.0],[88.547032,43.782116,0.0],[88.54734,43.782183,0.0],[88.547637,43.782244,0.0],[88.547943,43.782261,0.0],[88.54823,43.782271,0.0],[88.548516,43.78226,0.0],[88.548781,43.782243,0.0],[88.548998,43.78224,0.0],[88.549153,43.782116,0.0],[88.549387,43.781998,0.0],[88.549582,43.781924,0.0],[88.549736,43.781779,0.0],[88.549999,43.781661,0.0],[88.550114,43.781503,0.0]]]}},{"type":"Feature","properties":{"rgi_id":"RGI2000-v7.0-G-13-41544","o1region":"13"},"geometry":{"type":"Polygon","coordinates":[[[88.542805,43.767548,0.0],[88.542944,43.767768,0.0],[88.542936,43.768153,0.0],[88.542868,43.768627,0.0],[88.542952,43.768771,0.0],[88.542941,43.769169,0.0],[88.542936,43.769381,0.0],[88.542938,43.769902,0.0],[88.542931,43.770398,0.0],[88.542938,43.770751,0.0],[88.542942,43.770892,0.0],[88.542991,43.771098,0.0],[88.543218,43.771352,0.0],[88.543415,43.771507,0.0],[88.54369,43.771726,0.0],[88.544095,43.771869,0.0],[88.544414,43.771994,0.0],[88.544753,43.772118,0.0],[88.545149,43.772212,0.0],[88.545528,43.772365,0.0],[88.545984,43.77243,0.0],[88.546499,43.772537,0.0],[88.546915,43.772617,0.0],[88.547174,43.772714,0.0],[88.547491,43.772767,0.0],[88.547849,43.772876,0.0],[88.548131,43.773087,0.0],[88.548372,43.773255,0.0],[88.548613,43.773438,0.0],[88.548776,43.773621,0.0],[88.548978,43.773804,0.0],[88.54926,43.774058,0.0],[88.549405,43.774299,0.0],[88.549608,43.774511,0.0],[88.549753,43.77478,0.0],[88.550037,43.775105,0.0],[88.550242,43.775388,0.0],[88.550426,43.775657,0.0],[88.55055,43.775865,0.0],[88.550792,43.776071,0.0],[88.5511,43.776306,0.0],[88.551238,43.776523,0.0],[88.551414,43.77673,0.0],[88.551589,43.776899,0.0],[88.551952,43.77718,0.0],[88.552101,43.777359,0.0],[88.552224,43.777529,0.0],[88.552373,43.777699,0.0],[88.552574,43.777848,0.0],[88.552737,43.778065,0.0],[88.553004,43.778214,0.0],[88.553259,43.778411,0.0],[88.55355,43.778483,0.0],[88.553895,43.778602,0.0],[88.554172,43.778627,0.0],[88.554488,43.778623,0.0],[88.554736,43.778562,0.0],[88.554944,43.778454,0.0],[88.55515,43.778309,0.0],[88.555342,43.778106,0.0],[88.555548,43.777913,0.0],[88.5557,43.777691,0.0],[88.555877,43.777413,0.0],[88.555998,43.77702,0.0],[88.556083,43.776733,0.0],[88.556049,43.776448,0.0],[88.555924,43.776202,0.0],[88.555787,43.775994,0.0],[88.555623,43.775729,0.0],[88.555562,43.775416,0.0],[88.555541,43.775102,0.0],[88.555412,43.774722,0.0],[88.555444,43.774407,0.0],[88.555462,43.774093,0.0],[88.555562,43.773901,0.0],[88.555783,43.773793,0.0],[88.555869,43.773563,0.0],[88.55581,43.773326,0.0],[88.555775,43.772983,0.0],[88.555713,43.772641,0.0],[88.555601,43.772366,0.0],[88.555518,43.772205,0.0],[88.555431,43.771901,0.0],[88.5554,43.771711,0.0],[88.555354,43.771474,0.0],[88.555324,43.771293,0.0],[88.555365,43.771225,0.0],[88.555307,43.771144,0.0],[88.555486,43.770826,0.0],[88.55573,43.770596,0.0],[88.555973,43.770367,0.0],[88.556091,43.770094,0.0],[88.556206,43.769731,0.0],[88.556261,43.769459,0.0],[88.556192,43.769189,0.0],[88.555876,43.769013,0.0],[88.555498,43.768882,0.0],[88.555119,43.768707,0.0],[88.554863,43.768439,0.0],[88.554731,43.76817,0.0],[88.554537,43.767901,0.0],[88.554282,43.767679,0.0],[88.553966,43.767502,0.0],[88.553588,43.767372,0.0],[88.553272,43.767195,0.0],[88.552896,43.76711,0.0],[88.552518,43.76698,0.0],[88.552078,43.76685,0.0],[88.551702,43.766765,0.0],[88.551326,43.76668,0.0],[88.550949,43.766594,0.0],[88.550574,43.766554,0.0],[88.550198,43.766469,0.0],[88.54976,43.76643,0.0],[88.549386,43.766435,0.0],[88.548951,43.766486,0.0],[88.548581,43.766626,0.0],[88.548208,43.766677,0.0],[88.547834,43.766682,0.0],[88.54746,43.766687,0.0],[88.547086,43.766692,0.0],[88.546709,43.766607,0.0],[88.546454,43.766384,0.0],[88.546345,43.766125,0.0],[88.54609,43.766111,0.0],[88.545788,43.766105,0.0],[88.545513,43.766157,0.0],[88.54528,43.766303,0.0],[88.54506,43.766449,0.0],[88.544824,43.76648,0.0],[88.544523,43.766513,0.0],[88.544261,43.766545,0.0],[88.544,43.766634,0.0],[88.543726,43.766724,0.0],[88.543266,43.76674,0.0],[88.542992,43.76682,0.0],[88.542679,43.76691,0.0],[88.54257,43.76703,0.0],[88.542739,43.767442,0.0],[88.542805,43.767548,0.0]]]}},{"type":"Feature","properties":{"rgi_id":"RGI2000-v7.0-G-13-41545","o1region":"13"},"geometry":{"type":"Polygon","coordinates":[[[88.558031,43.770384,0.0],[88.55747,43.770392,0.0],[88.55729,43.770665,0.0],[88.557235,43.770937,0.0],[88.55718,43.771209,0.0],[88.557188,43.771525,0.0],[88.557257,43.771796,0.0],[88.557575,43.772017,0.0],[88.557769,43.772286,0.0],[88.558024,43.772508,0.0],[88.558398,43.772503,0.0],[88.558705,43.772318,0.0],[88.558761,43.772046,0.0],[88.558941,43.771773,0.0],[88.558933,43.771502,0.0],[88.558926,43.771231,0.0],[88.558919,43.770959,0.0],[88.558725,43.770691,0.0],[88.558409,43.770515,0.0],[88.558033,43.770429,0.0],[88.558031,43.770384,0.0]]]}},{"type":"Feature","properties":{"rgi_id":"RGI2000-v7.0-G-13-41546","o1region":"13"},"geometry":{"type":"Polygon","coordinates":[[[88.542938,43.770751,0.0],[88.542931,43.770398,0.0],[88.542938,43.769902,0.0],[88.542936,43.769381,0.0],[88.542941,43.769169,0.0],[88.542952,43.768771,0.0],[88.542868,43.768627,0.0],[88.542936,43.768153,0.0],[88.542944,43.767768,0.0],[88.542805,43.767548,0.0],[88.542682,43.76761,0.0],[88.542312,43.76775,0.0],[88.541939,43.767801,0.0],[88.541565,43.767806,0.0],[88.541127,43.767766,0.0],[88.540689,43.767682,0.0],[88.540249,43.767552,0.0],[88.540017,43.767528,0.0],[88.539456,43.767563,0.0],[88.539156,43.767662,0.0],[88.538882,43.767742,0.0],[88.538554,43.767766,0.0],[88.538188,43.767847,0.0],[88.537782,43.767909,0.0],[88.537431,43.768076,0.0],[88.537212,43.76826,0.0],[88.537059,43.768443,0.0],[88.536893,43.768636,0.0],[88.536811,43.768692,0.0],[88.536787,43.768729,0.0],[88.536669,43.769001,0.0],[88.536489,43.769275,0.0],[88.536246,43.769504,0.0],[88.536066,43.769778,0.0],[88.535948,43.77005,0.0],[88.535955,43.770322,0.0],[88.535899,43.770593,0.0],[88.535782,43.770866,0.0],[88.535664,43.771139,0.0],[88.535421,43.771413,0.0],[88.535181,43.771639,0.0],[88.535161,43.771842,0.0],[88.53506,43.772005,0.0],[88.534986,43.772216,0.0],[88.534978,43.772416,0.0],[88.53501,43.772625,0.0],[88.535146,43.772824,0.0],[88.535387,43.772982,0.0],[88.535536,43.773162,0.0],[88.535711,43.773321,0.0],[88.535939,43.77349,0.0],[88.536166,43.77363,0.0],[88.536537,43.77371,0.0],[88.536932,43.773753,0.0],[88.537289,43.773824,0.0],[88.537463,43.773946,0.0],[88.53778,43.773989,0.0],[88.538084,43.774033,0.0],[88.53836,43.774038,0.0],[88.538598,43.774092,0.0],[88.538838,43.774213,0.0],[88.539076,43.774276,0.0],[88.539381,43.774377,0.0],[88.539582,43.774527,0.0],[88.539796,43.774638,0.0],[88.539891,43.774771,0.0],[88.540043,43.775045,0.0],[88.540206,43.775243,0.0],[88.54034,43.775374,0.0],[88.540488,43.775487,0.0],[88.540715,43.775627,0.0],[88.541057,43.775631,0.0],[88.541412,43.775608,0.0],[88.541444,43.775599,0.0],[88.541453,43.77558,0.0],[88.541446,43.775309,0.0],[88.541562,43.774991,0.0],[88.54168,43.774718,0.0],[88.541735,43.774446,0.0],[88.541791,43.774174,0.0],[88.541908,43.773902,0.0],[88.541901,43.773631,0.0],[88.541832,43.77336,0.0],[88.541825,43.773089,0.0],[88.541818,43.772818,0.0],[88.541811,43.772547,0.0],[88.541803,43.772231,0.0],[88.541859,43.771959,0.0],[88.541976,43.771686,0.0],[88.542032,43.771415,0.0],[88.542212,43.771141,0.0],[88.542518,43.770911,0.0],[88.542938,43.770751,0.0]]]}},{"type":"Feature","properties":{"rgi_id":"RGI2000-v7.0-G-13-41547","o1region":"13"},"geometry":{"type":"Polygon","coordinates":[[[88.53489,43.761861,0.0],[88.534955,43.762242,0.0],[88.535296,43.762714,0.0],[88.535518,43.763131,0.0],[88.53563,43.763186,0.0],[88.536088,43.763389,0.0],[88.536504,43.763621,0.0],[88.536881,43.763884,0.0],[88.537299,43.764146,0.0],[88.537756,43.764349,0.0],[88.538252,43.764491,0.0],[88.538502,43.764502,0.0],[88.539542,43.763883,0.0],[88.539696,43.763463,0.0],[88.53984,43.763355,0.0],[88.539413,43.763284,0.0],[88.53908,43.76311,0.0],[88.538696,43.762579,0.0],[88.538654,43.76252,0.0],[88.538237,43.762288,0.0],[88.53786,43.762025,0.0],[88.537524,43.761731,0.0],[88.537148,43.761468,0.0],[88.536852,43.761145,0.0],[88.536621,43.760915,0.0],[88.536338,43.761001,0.0],[88.53593,43.761126,0.0],[88.53552,43.761191,0.0],[88.535195,43.761375,0.0],[88.535038,43.761675,0.0],[88.53489,43.761861,0.0]]]}},{"type":"Feature","properties":{"rgi_id":"RGI2000-v7.0-G-13-41548","o1region":"13"},"geometry":{"type":"Polygon","coordinates":[[[88.542124,43.755559,0.0],[88.542189,43.755008,0.0],[88.542043,43.754846,0.0],[88.541876,43.754737,0.0],[88.541661,43.754569,0.0],[88.541498,43.754361,0.0],[88.541283,43.754193,0.0],[88.54112,43.753985,0.0],[88.540931,43.753778,0.0],[88.540758,43.753589,0.0],[88.540478,43.753536,0.0],[88.540246,43.75347,0.0],[88.539978,43.753254,0.0],[88.539824,43.753155,0.0],[88.539657,43.752917,0.0],[88.53954,43.752844,0.0],[88.539247,43.752714,0.0],[88.538956,43.752623,0.0],[88.538637,43.752494,0.0],[88.538579,43.752476,0.0],[88.538268,43.75248,0.0],[88.537953,43.752484,0.0],[88.537638,43.752488,0.0],[88.537322,43.752493,0.0],[88.537007,43.752497,0.0],[88.536692,43.75252,0.0],[88.536377,43.752524,0.0],[88.536135,43.752528,0.0],[88.535832,43.75255,0.0],[88.535458,43.752584,0.0],[88.535064,43.752618,0.0],[88.534719,43.752622,0.0],[88.534455,43.752697,0.0],[88.534191,43.752772,0.0],[88.534036,43.752809,0.0],[88.533993,43.75288,0.0],[88.533814,43.753092,0.0],[88.533662,43.753304,0.0],[88.533483,43.753497,0.0],[88.533304,43.753709,0.0],[88.533125,43.753902,0.0],[88.532946,43.754095,0.0],[88.532952,43.754324,0.0],[88.53301,43.754552,0.0],[88.533121,43.754779,0.0],[88.533126,43.754955,0.0],[88.533153,43.755002,0.0],[88.533344,43.755128,0.0],[88.533497,43.755333,0.0],[88.53366,43.755531,0.0],[88.533844,43.7558,0.0],[88.533986,43.755948,0.0],[88.534147,43.756082,0.0],[88.534387,43.7562,0.0],[88.534695,43.756296,0.0],[88.534944,43.7564,0.0],[88.535232,43.756475,0.0],[88.535509,43.756499,0.0],[88.535817,43.756602,0.0],[88.536126,43.756713,0.0],[88.536412,43.756752,0.0],[88.536759,43.756797,0.0],[88.537036,43.756843,0.0],[88.537255,43.756912,0.0],[88.537463,43.756945,0.0],[88.537749,43.75697,0.0],[88.538016,43.757002,0.0],[88.538282,43.756998,0.0],[88.538637,43.756986,0.0],[88.538953,43.757011,0.0],[88.539328,43.756998,0.0],[88.539665,43.756959,0.0],[88.539768,43.756958,0.0],[88.540185,43.75683,0.0],[88.540566,43.756732,0.0],[88.541279,43.756285,0.0],[88.542124,43.755559,0.0]]]}},{"type":"Feature","properties":{"rgi_id":"RGI2000-v7.0-G-13-41549","o1region":"13"},"geometry":{"type":"Polygon","coordinates":[[[88.53198,43.751582,0.0],[88.532265,43.751647,0.0],[88.532297,43.751644,0.0],[88.532612,43.751621,0.0],[88.532927,43.751626,0.0],[88.533244,43.75166,0.0],[88.533523,43.751699,0.0],[88.533637,43.751673,0.0],[88.534071,43.751668,0.0],[88.534373,43.751673,0.0],[88.534727,43.751649,0.0],[88.534837,43.751648,0.0],[88.535108,43.751578,0.0],[88.535422,43.751498,0.0],[88.535735,43.751417,0.0],[88.536074,43.751317,0.0],[88.536388,43.751256,0.0],[88.536574,43.751208,0.0],[88.536752,43.751089,0.0],[88.536985,43.750934,0.0],[88.537217,43.750768,0.0],[88.53745,43.750603,0.0],[88.537597,43.750486,0.0],[88.537603,43.75042,0.0],[88.537597,43.750192,0.0],[88.537591,43.749963,0.0],[88.537585,43.749734,0.0],[88.537579,43.749506,0.0],[88.537521,43.749278,0.0],[88.537384,43.74907,0.0],[88.537195,43.748882,0.0],[88.53698,43.748694,0.0],[88.536766,43.748561,0.0],[88.536688,43.748565,0.0],[88.536396,43.748483,0.0],[88.536092,43.748411,0.0],[88.535825,43.74839,0.0],[88.535788,43.748405,0.0],[88.535368,43.74842,0.0],[88.53504,43.748443,0.0],[88.534699,43.748486,0.0],[88.534371,43.7485,0.0],[88.534056,43.748504,0.0],[88.533661,43.74849,0.0],[88.533386,43.748523,0.0],[88.533044,43.748527,0.0],[88.532714,43.748484,0.0],[88.53236,43.748517,0.0],[88.532057,43.748474,0.0],[88.531739,43.748373,0.0],[88.531461,43.748291,0.0],[88.531077,43.748201,0.0],[88.530825,43.748109,0.0],[88.53031,43.748021,0.0],[88.529903,43.748036,0.0],[88.529548,43.748041,0.0],[88.529331,43.748003,0.0],[88.529225,43.747998,0.0],[88.528909,43.747964,0.0],[88.528618,43.747882,0.0],[88.528321,43.747812,0.0],[88.528261,43.747811,0.0],[88.527944,43.747758,0.0],[88.527629,43.747752,0.0],[88.527314,43.747776,0.0],[88.526999,43.747789,0.0],[88.526684,43.747813,0.0],[88.526356,43.747855,0.0],[88.526016,43.747907,0.0],[88.525702,43.747969,0.0],[88.525388,43.748021,0.0],[88.525087,43.748091,0.0],[88.52481,43.748178,0.0],[88.524589,43.748365,0.0],[88.52441,43.748558,0.0],[88.524311,43.748788,0.0],[88.52429,43.749017,0.0],[88.524296,43.749245,0.0],[88.524354,43.749473,0.0],[88.524413,43.749701,0.0],[88.524498,43.749929,0.0],[88.524608,43.750156,0.0],[88.524719,43.750383,0.0],[88.52483,43.75061,0.0],[88.524941,43.750838,0.0],[88.525052,43.751065,0.0],[88.525111,43.751293,0.0],[88.525116,43.751521,0.0],[88.525122,43.75175,0.0],[88.525072,43.751907,0.0],[88.525099,43.75194,0.0],[88.525119,43.752188,0.0],[88.525161,43.752264,0.0],[88.525246,43.752492,0.0],[88.525357,43.752719,0.0],[88.525468,43.752946,0.0],[88.525553,43.753174,0.0],[88.525767,43.753342,0.0],[88.526085,43.753414,0.0],[88.5264,43.75341,0.0],[88.526715,43.753406,0.0],[88.52703,43.753363,0.0],[88.527317,43.753264,0.0],[88.527603,43.753165,0.0],[88.527858,43.753077,0.0],[88.527889,43.753028,0.0],[88.528041,43.752816,0.0],[88.528247,43.752623,0.0],[88.528453,43.752449,0.0],[88.528685,43.752293,0.0],[88.528945,43.752156,0.0],[88.529143,43.752105,0.0],[88.52936,43.75196,0.0],[88.529634,43.751866,0.0],[88.5298,43.751668,0.0],[88.530086,43.751531,0.0],[88.5304,43.75147,0.0],[88.530715,43.751466,0.0],[88.531031,43.75148,0.0],[88.531347,43.751495,0.0],[88.531663,43.751529,0.0],[88.53198,43.751582,0.0]]]}},{"type":"Feature","properties":{"rgi_id":"RGI2000-v7.0-G-13-41550","o1region":"13"},"geometry":{"type":"Polygon","coordinates":[[[88.544055,43.744429,0.0],[88.544309,43.744238,0.0],[88.54455,43.743996,0.0],[88.544874,43.743812,0.0],[88.545115,43.74357,0.0],[88.545052,43.743571,0.0],[88.545207,43.743445,0.0],[88.545454,43.743207,0.0],[88.545687,43.743061,0.0],[88.545967,43.742818,0.0],[88.546239,43.742634,0.0],[88.546342,43.742556,0.0],[88.54649,43.742596,0.0],[88.546668,43.742721,0.0],[88.546818,43.742532,0.0],[88.547059,43.74229,0.0],[88.547099,43.742212,0.0],[88.546809,43.742174,0.0],[88.546862,43.741988,0.0],[88.546819,43.74186,0.0],[88.546501,43.741764,0.0],[88.546299,43.741581,0.0],[88.546077,43.741369,0.0],[88.545856,43.741215,0.0],[88.545674,43.741017,0.0],[88.545433,43.740849,0.0],[88.545114,43.740711,0.0],[88.544874,43.740585,0.0],[88.544633,43.740417,0.0],[88.544273,43.740236,0.0],[88.544091,43.740024,0.0],[88.543984,43.739711,0.0],[88.543841,43.739527,0.0],[88.543681,43.739415,0.0],[88.543361,43.739248,0.0],[88.543161,43.739136,0.0],[88.543018,43.738952,0.0],[88.542792,43.738598,0.0],[88.542589,43.738372,0.0],[88.542287,43.738119,0.0],[88.542084,43.737893,0.0],[88.541824,43.737739,0.0],[88.541465,43.737601,0.0],[88.541087,43.737449,0.0],[88.540669,43.737312,0.0],[88.540293,43.737231,0.0],[88.53992,43.737293,0.0],[88.539468,43.737342,0.0],[88.539135,43.737447,0.0],[88.538881,43.737507,0.0],[88.538585,43.737497,0.0],[88.538329,43.737543,0.0],[88.538054,43.737561,0.0],[88.537877,43.737592,0.0],[88.537642,43.737638,0.0],[88.537346,43.737642,0.0],[88.53699,43.73759,0.0],[88.536675,43.737594,0.0],[88.536184,43.737658,0.0],[88.535829,43.737677,0.0],[88.535733,43.73775,0.0],[88.535381,43.737883,0.0],[88.535027,43.737931,0.0],[88.534776,43.738106,0.0],[88.534542,43.738223,0.0],[88.534267,43.73827,0.0],[88.534133,43.7384,0.0],[88.534038,43.738573,0.0],[88.533948,43.738874,0.0],[88.533517,43.739009,0.0],[88.533472,43.739014,0.0],[88.53356,43.739308,0.0],[88.533733,43.739604,0.0],[88.533824,43.739961,0.0],[88.533914,43.740258,0.0],[88.534004,43.740556,0.0],[88.533847,43.740856,0.0],[88.533522,43.74104,0.0],[88.533117,43.741284,0.0],[88.533015,43.741341,0.0],[88.532948,43.741418,0.0],[88.532773,43.741506,0.0],[88.532579,43.741623,0.0],[88.532384,43.74174,0.0],[88.532093,43.741915,0.0],[88.531763,43.742105,0.0],[88.531354,43.742311,0.0],[88.530965,43.742502,0.0],[88.530634,43.742692,0.0],[88.530303,43.74284,0.0],[88.529912,43.742988,0.0],[88.529462,43.743108,0.0],[88.529167,43.743141,0.0],[88.528891,43.743144,0.0],[88.528515,43.743064,0.0],[88.528216,43.742939,0.0],[88.527959,43.742914,0.0],[88.527623,43.742904,0.0],[88.527248,43.74288,0.0],[88.526797,43.742958,0.0],[88.526641,43.743031,0.0],[88.526487,43.743191,0.0],[88.526334,43.743393,0.0],[88.526142,43.743581,0.0],[88.526028,43.74374,0.0],[88.525872,43.743828,0.0],[88.525818,43.744014,0.0],[88.525823,43.7442,0.0],[88.525769,43.744401,0.0],[88.525852,43.744586,0.0],[88.525993,43.744698,0.0],[88.526234,43.744852,0.0],[88.526514,43.74502,0.0],[88.526755,43.745203,0.0],[88.527113,43.745312,0.0],[88.527452,43.745479,0.0],[88.527773,43.745689,0.0],[88.528172,43.74587,0.0],[88.528512,43.746065,0.0],[88.528812,43.746233,0.0],[88.529171,43.746399,0.0],[88.529453,43.74661,0.0],[88.529694,43.746793,0.0],[88.530131,43.746915,0.0],[88.530508,43.747025,0.0],[88.530983,43.747104,0.0],[88.53132,43.747157,0.0],[88.531754,43.747151,0.0],[88.532227,43.747173,0.0],[88.532819,43.747165,0.0],[88.533351,43.747158,0.0],[88.533842,43.747094,0.0],[88.534293,43.746974,0.0],[88.534605,43.746841,0.0],[88.534936,43.746694,0.0],[88.535169,43.746562,0.0],[88.535521,43.746457,0.0],[88.53609,43.74635,0.0],[88.536581,43.746271,0.0],[88.537034,43.746223,0.0],[88.537326,43.74609,0.0],[88.537519,43.74593,0.0],[88.537712,43.745785,0.0],[88.537985,43.745667,0.0],[88.538336,43.745505,0.0],[88.538571,43.74543,0.0],[88.539003,43.745353,0.0],[88.539318,43.745334,0.0],[88.539728,43.7452,0.0],[88.540139,43.745066,0.0],[88.54043,43.74489,0.0],[88.540681,43.744687,0.0],[88.540874,43.744513,0.0],[88.541126,43.744366,0.0],[88.541379,43.744234,0.0],[88.541691,43.744073,0.0],[88.541966,43.744041,0.0],[88.542321,43.744036,0.0],[88.542559,43.74409,0.0],[88.543074,43.744183,0.0],[88.54343,43.74425,0.0],[88.543667,43.744246,0.0],[88.544,43.744228,0.0],[88.543981,43.744302,0.0],[88.544055,43.744429,0.0]]]}},{"type":"Feature","properties":{"rgi_id":"RGI2000-v7.0-G-13-41551","o1region":"13"},"geometry":{"type":"Polygon","coordinates":[[[88.546668,43.742721,0.0],[88.546826,43.74283,0.0],[88.546833,43.743129,0.0],[88.546676,43.743429,0.0],[88.546265,43.743435,0.0],[88.545855,43.7435,0.0],[88.545445,43.743566,0.0],[88.545115,43.74357,0.0],[88.544874,43.743812,0.0],[88.54455,43.743996,0.0],[88.544309,43.744238,0.0],[88.544055,43.744429,0.0],[88.544154,43.744598,0.0],[88.544463,43.744922,0.0],[88.544345,43.744993,0.0],[88.544102,43.745222,0.0],[88.543984,43.745495,0.0],[88.54372,43.745488,0.0],[88.54339,43.745445,0.0],[88.543093,43.745378,0.0],[88.542895,43.745361,0.0],[88.542614,43.745306,0.0],[88.542286,43.745322,0.0],[88.542076,43.745468,0.0],[88.5418,43.745591,0.0],[88.541639,43.745736,0.0],[88.541414,43.745906,0.0],[88.541004,43.745959,0.0],[88.540811,43.746092,0.0],[88.540914,43.746258,0.0],[88.54108,43.746339,0.0],[88.541345,43.746431,0.0],[88.541333,43.746586,0.0],[88.541269,43.746682,0.0],[88.54081,43.746712,0.0],[88.540515,43.74674,0.0],[88.540204,43.746779,0.0],[88.540077,43.74696,0.0],[88.540018,43.747235,0.0],[88.540074,43.747484,0.0],[88.540144,43.747638,0.0],[88.540477,43.747812,0.0],[88.540693,43.747916,0.0],[88.540976,43.748067,0.0],[88.541128,43.748232,0.0],[88.541313,43.748373,0.0],[88.54158,43.748524,0.0],[88.541828,43.748604,0.0],[88.542144,43.748742,0.0],[88.542409,43.748846,0.0],[88.542727,43.749044,0.0],[88.543026,43.749195,0.0],[88.543309,43.749334,0.0],[88.543606,43.749378,0.0],[88.543937,43.749469,0.0],[88.54422,43.749596,0.0],[88.544519,43.749735,0.0],[88.544818,43.749862,0.0],[88.545266,43.750011,0.0],[88.545565,43.750149,0.0],[88.545877,43.750145,0.0],[88.546338,43.750175,0.0],[88.546669,43.750266,0.0],[88.546983,43.750357,0.0],[88.547493,43.750373,0.0],[88.547921,43.75038,0.0],[88.548464,43.750432,0.0],[88.54886,43.750486,0.0],[88.549323,43.750587,0.0],[88.549656,43.750619,0.0],[88.550185,43.750767,0.0],[88.55058,43.750939,0.0],[88.551109,43.751051,0.0],[88.551669,43.751103,0.0],[88.552244,43.751095,0.0],[88.552737,43.7511,0.0],[88.553329,43.751104,0.0],[88.553887,43.751073,0.0],[88.554411,43.751018,0.0],[88.554673,43.750967,0.0],[88.555017,43.75095,0.0],[88.555426,43.750861,0.0],[88.555756,43.750904,0.0],[88.5562,43.750934,0.0],[88.556529,43.750954,0.0],[88.556875,43.750985,0.0],[88.557286,43.751003,0.0],[88.557633,43.75107,0.0],[88.558175,43.751038,0.0],[88.558799,43.751054,0.0],[88.559227,43.751072,0.0],[88.559573,43.751126,0.0],[88.559953,43.751181,0.0],[88.560265,43.751177,0.0],[88.560743,43.75123,0.0],[88.561269,43.751258,0.0],[88.561664,43.751265,0.0],[88.562107,43.751235,0.0],[88.562534,43.751217,0.0],[88.562845,43.751177,0.0],[88.563073,43.751114,0.0],[88.5634,43.751038,0.0],[88.563677,43.750951,0.0],[88.563938,43.750864,0.0],[88.564097,43.75066,0.0],[88.56419,43.750456,0.0],[88.564183,43.750206,0.0],[88.564064,43.750041,0.0],[88.563782,43.749937,0.0],[88.563434,43.749835,0.0],[88.562873,43.749723,0.0],[88.562527,43.749692,0.0],[88.56218,43.749626,0.0],[88.561833,43.749559,0.0],[88.561388,43.749494,0.0],[88.560925,43.749369,0.0],[88.560463,43.749328,0.0],[88.559842,43.749324,0.0],[88.559313,43.749198,0.0],[88.558916,43.749089,0.0],[88.558571,43.748979,0.0],[88.558121,43.748852,0.0],[88.557698,43.748744,0.0],[88.557274,43.748635,0.0],[88.556851,43.748545,0.0],[88.556507,43.748455,0.0],[88.556158,43.748155,0.0],[88.556249,43.747639,0.0],[88.556354,43.747422,0.0],[88.556206,43.747344,0.0],[88.555876,43.747313,0.0],[88.555564,43.747317,0.0],[88.555236,43.747333,0.0],[88.554925,43.747385,0.0],[88.554614,43.747413,0.0],[88.554301,43.747406,0.0],[88.554003,43.747314,0.0],[88.553928,43.747294,0.0],[88.55394,43.747271,0.0],[88.553932,43.746973,0.0],[88.554007,43.746673,0.0],[88.553593,43.746619,0.0],[88.5531,43.746626,0.0],[88.552523,43.746634,0.0],[88.552112,43.746639,0.0],[88.551535,43.746647,0.0],[88.551124,43.746653,0.0],[88.550628,43.7466,0.0],[88.550513,43.746601,0.0],[88.550459,43.746423,0.0],[88.550287,43.746127,0.0],[88.550197,43.745829,0.0],[88.550189,43.745531,0.0],[88.550512,43.745288,0.0],[88.550837,43.745104,0.0],[88.551161,43.744921,0.0],[88.551402,43.744679,0.0],[88.551395,43.74438,0.0],[88.551222,43.744084,0.0],[88.55105,43.743788,0.0],[88.55096,43.743491,0.0],[88.550624,43.743257,0.0],[88.55037,43.742962,0.0],[88.550117,43.742726,0.0],[88.549704,43.742672,0.0],[88.54929,43.742618,0.0],[88.548879,43.742624,0.0],[88.548464,43.74251,0.0],[88.548051,43.742456,0.0],[88.547636,43.742342,0.0],[88.547222,43.742228,0.0],[88.547099,43.742212,0.0],[88.547059,43.74229,0.0],[88.546818,43.742532,0.0],[88.546668,43.742721,0.0]]]}},{"type":"Feature","properties":{"rgi_id":"RGI2000-v7.0-G-13-41552","o1region":"13"},"geometry":{"type":"Polygon","coordinates":[[[88.553475,43.739075,0.0],[88.55314,43.73908,0.0],[88.55275,43.739242,0.0],[88.552459,43.739446,0.0],[88.552288,43.739691,0.0],[88.552075,43.739837,0.0],[88.55192,43.739939,0.0],[88.551767,43.740127,0.0],[88.551555,43.740316,0.0],[88.551222,43.740392,0.0],[88.551048,43.740523,0.0],[88.551013,43.740695,0.0],[88.551096,43.740851,0.0],[88.551295,43.740948,0.0],[88.551572,43.740959,0.0],[88.551925,43.740911,0.0],[88.55228,43.740892,0.0],[88.552436,43.740847,0.0],[88.552569,43.740645,0.0],[88.552682,43.740458,0.0],[88.552938,43.740426,0.0],[88.553197,43.740551,0.0],[88.553242,43.740736,0.0],[88.553322,43.740807,0.0],[88.553719,43.740887,0.0],[88.553999,43.741055,0.0],[88.554356,43.741121,0.0],[88.55473,43.741116,0.0],[88.555185,43.741167,0.0],[88.555617,43.741118,0.0],[88.555975,43.741214,0.0],[88.55639,43.741279,0.0],[88.556863,43.741259,0.0],[88.557274,43.741139,0.0],[88.557587,43.741034,0.0],[88.557741,43.740904,0.0],[88.557972,43.7407,0.0],[88.5583,43.740424,0.0],[88.558433,43.740208,0.0],[88.558485,43.73995,0.0],[88.558398,43.739623,0.0],[88.558136,43.739412,0.0],[88.557975,43.739285,0.0],[88.557734,43.739117,0.0],[88.557435,43.738992,0.0],[88.55706,43.738969,0.0],[88.556667,43.739032,0.0],[88.556234,43.739066,0.0],[88.555898,43.738999,0.0],[88.555558,43.738847,0.0],[88.555416,43.738663,0.0],[88.555114,43.738424,0.0],[88.554774,43.738257,0.0],[88.554459,43.738261,0.0],[88.554362,43.73832,0.0],[88.554426,43.738505,0.0],[88.554391,43.738662,0.0],[88.554137,43.738766,0.0],[88.553767,43.738957,0.0],[88.553475,43.739075,0.0]]]}},{"type":"Feature","properties":{"rgi_id":"RGI2000-v7.0-G-13-41553","o1region":"13"},"geometry":{"type":"Polygon","coordinates":[[[88.540566,43.756732,0.0],[88.540362,43.75734,0.0],[88.540288,43.757405,0.0],[88.540388,43.757475,0.0],[88.540603,43.757644,0.0],[88.54074,43.757852,0.0],[88.540824,43.758079,0.0],[88.54083,43.758308,0.0],[88.540836,43.758537,0.0],[88.540842,43.758765,0.0],[88.540953,43.758992,0.0],[88.541038,43.75922,0.0],[88.541096,43.759448,0.0],[88.541155,43.759676,0.0],[88.54124,43.759922,0.0],[88.541298,43.76015,0.0],[88.541331,43.760398,0.0],[88.541363,43.760626,0.0],[88.541578,43.760814,0.0],[88.541793,43.760982,0.0],[88.542033,43.761131,0.0],[88.542177,43.761289,0.0],[88.542402,43.76139,0.0],[88.542681,43.761492,0.0],[88.542984,43.761516,0.0],[88.543378,43.761492,0.0],[88.543627,43.761469,0.0],[88.54386,43.761342,0.0],[88.544015,43.761226,0.0],[88.544146,43.761195,0.0],[88.544197,43.761173,0.0],[88.544589,43.761068,0.0],[88.545118,43.760946,0.0],[88.54561,43.760897,0.0],[88.546023,43.760848,0.0],[88.546413,43.760686,0.0],[88.546842,43.76048,0.0],[88.547153,43.760318,0.0],[88.547426,43.760172,0.0],[88.547639,43.760026,0.0],[88.547812,43.759852,0.0],[88.547866,43.759651,0.0],[88.547999,43.759449,0.0],[88.548191,43.759261,0.0],[88.548345,43.75913,0.0],[88.54852,43.759042,0.0],[88.548798,43.759081,0.0],[88.549136,43.759191,0.0],[88.549437,43.759415,0.0],[88.5496,43.759613,0.0],[88.550037,43.759722,0.0],[88.550497,43.759973,0.0],[88.550893,43.760053,0.0],[88.551328,43.76009,0.0],[88.551765,43.760199,0.0],[88.552319,43.760291,0.0],[88.552871,43.760269,0.0],[88.553463,43.760276,0.0],[88.554232,43.760279,0.0],[88.554703,43.760202,0.0],[88.555172,43.760024,0.0],[88.555601,43.759818,0.0],[88.555951,43.759641,0.0],[88.556361,43.759493,0.0],[88.556734,43.759416,0.0],[88.557123,43.759225,0.0],[88.557393,43.758979,0.0],[88.557626,43.758832,0.0],[88.557916,43.758614,0.0],[88.558166,43.758353,0.0],[88.558298,43.758123,0.0],[88.55829,43.757837,0.0],[88.558168,43.757667,0.0],[88.55808,43.757662,0.0],[88.557668,43.757668,0.0],[88.557257,43.757673,0.0],[88.55668,43.757681,0.0],[88.556268,43.757687,0.0],[88.555855,43.757633,0.0],[88.555836,43.757615,0.0],[88.555615,43.75741,0.0],[88.55553,43.75733,0.0],[88.555105,43.757285,0.0],[88.554771,43.75711,0.0],[88.554437,43.756936,0.0],[88.554149,43.756785,0.0],[88.553952,43.756829,0.0],[88.553636,43.756814,0.0],[88.553541,43.756701,0.0],[88.553471,43.75654,0.0],[88.553298,43.756428,0.0],[88.553164,43.756363,0.0],[88.552966,43.756299,0.0],[88.552974,43.756109,0.0],[88.553113,43.755897,0.0],[88.553295,43.755684,0.0],[88.553564,43.755409,0.0],[88.553654,43.755079,0.0],[88.553608,43.754808,0.0],[88.553445,43.754596,0.0],[88.553106,43.754443,0.0],[88.552711,43.75442,0.0],[88.552394,43.754367,0.0],[88.552232,43.754273,0.0],[88.552111,43.754268,0.0],[88.551795,43.754234,0.0],[88.551478,43.7542,0.0],[88.551135,43.754128,0.0],[88.550818,43.754075,0.0],[88.550476,43.75408,0.0],[88.550161,43.754084,0.0],[88.549845,43.754089,0.0],[88.54953,43.754093,0.0],[88.549214,43.754097,0.0],[88.549009,43.7541,0.0],[88.548817,43.754034,0.0],[88.548441,43.753948,0.0],[88.548064,43.753863,0.0],[88.54769,43.753868,0.0],[88.547316,43.753873,0.0],[88.546943,43.753878,0.0],[88.546507,43.753929,0.0],[88.546072,43.75398,0.0],[88.545638,43.754077,0.0],[88.545202,43.754082,0.0],[88.544828,43.754088,0.0],[88.544456,43.754138,0.0],[88.544082,43.754143,0.0],[88.543775,43.754328,0.0],[88.543595,43.754601,0.0],[88.543477,43.75478,0.0],[88.543448,43.754785,0.0],[88.543108,43.754866,0.0],[88.542795,43.754946,0.0],[88.542482,43.755046,0.0],[88.542242,43.755321,0.0],[88.542124,43.755559,0.0],[88.541279,43.756285,0.0],[88.540566,43.756732,0.0]]]}},{"type":"Feature","properties":{"rgi_id":"RGI2000-v7.0-G-13-41554","o1region":"13"},"geometry":{"type":"Polygon","coordinates":[[[88.590317,43.782977,0.0],[88.590499,43.782816,0.0],[88.590682,43.782694,0.0],[88.590961,43.782484,0.0],[88.591164,43.782315,0.0],[88.591291,43.782146,0.0],[88.591428,43.781938,0.0],[88.591512,43.781794,0.0],[88.591594,43.781587,0.0],[88.591545,43.781389,0.0],[88.591441,43.781177,0.0],[88.591338,43.781004,0.0],[88.591157,43.780784,0.0],[88.591033,43.780651,0.0],[88.590829,43.780416,0.0],[88.590502,43.780444,0.0],[88.590348,43.780423,0.0],[88.590098,43.780505,0.0],[88.589806,43.780636,0.0],[88.58958,43.780758,0.0],[88.589385,43.780848,0.0],[88.589094,43.781027,0.0],[88.588988,43.781171,0.0],[88.588883,43.781307,0.0],[88.588787,43.781428,0.0],[88.588728,43.781667,0.0],[88.588503,43.781852,0.0],[88.588376,43.782005,0.0],[88.588217,43.782221,0.0],[88.588046,43.782366,0.0],[88.587856,43.782638,0.0],[88.587786,43.782885,0.0],[88.587703,43.783045,0.0],[88.587641,43.783189,0.0],[88.587645,43.783355,0.0],[88.587606,43.783522,0.0],[88.587652,43.783633,0.0],[88.58783,43.783741,0.0],[88.588104,43.783745,0.0],[88.588323,43.783734,0.0],[88.588584,43.783675,0.0],[88.588845,43.783592,0.0],[88.589073,43.783518,0.0],[88.5893,43.783427,0.0],[88.589581,43.783304,0.0],[88.589831,43.783237,0.0],[88.590005,43.783164,0.0],[88.590177,43.783066,0.0],[88.590317,43.782977,0.0]]]}},{"type":"Feature","properties":{"rgi_id":"RGI2000-v7.0-G-13-41555","o1region":"13"},"geometry":{"type":"Polygon","coordinates":[[[88.591358,43.782598,0.0],[88.591211,43.782838,0.0],[88.591042,43.78307,0.0],[88.590916,43.783254,0.0],[88.59081,43.783406,0.0],[88.590674,43.783654,0.0],[88.590531,43.784021,0.0],[88.590493,43.784243,0.0],[88.590467,43.784498,0.0],[88.590498,43.784838,0.0],[88.590537,43.78506,0.0],[88.590519,43.785226,0.0],[88.590568,43.785416,0.0],[88.590605,43.78559,0.0],[88.590805,43.785683,0.0],[88.591016,43.785799,0.0],[88.591194,43.785923,0.0],[88.591371,43.785984,0.0],[88.591623,43.78598,0.0],[88.59193,43.785984,0.0],[88.592192,43.785957,0.0],[88.592376,43.785891,0.0],[88.592592,43.785792,0.0],[88.592863,43.785686,0.0],[88.592981,43.785589,0.0],[88.593207,43.785427,0.0],[88.593377,43.785266,0.0],[88.593527,43.785113,0.0],[88.593717,43.784881,0.0],[88.593832,43.784673,0.0],[88.593973,43.784607,0.0],[88.594148,43.784605,0.0],[88.594305,43.784761,0.0],[88.594515,43.784814,0.0],[88.594789,43.784826,0.0],[88.59494,43.78476,0.0],[88.595002,43.784617,0.0],[88.594976,43.784466,0.0],[88.594973,43.784324,0.0],[88.59498,43.784181,0.0],[88.59492,43.783999,0.0],[88.594888,43.783855,0.0],[88.594657,43.783624,0.0],[88.594542,43.783354,0.0],[88.594328,43.783135,0.0],[88.594194,43.783026,0.0],[88.594099,43.78275,0.0],[88.594038,43.782528,0.0],[88.593914,43.782372,0.0],[88.593833,43.782238,0.0],[88.593742,43.782081,0.0],[88.593627,43.7819,0.0],[88.593513,43.781735,0.0],[88.593411,43.781601,0.0],[88.593363,43.781443,0.0],[88.59326,43.781262,0.0],[88.593181,43.781184,0.0],[88.593093,43.781154,0.0],[88.592907,43.78114,0.0],[88.592787,43.781158,0.0],[88.592657,43.781223,0.0],[88.592616,43.781335,0.0],[88.592631,43.781477,0.0],[88.592634,43.781596,0.0],[88.592605,43.781739,0.0],[88.592497,43.781804,0.0],[88.592291,43.781863,0.0],[88.592128,43.781905,0.0],[88.591998,43.781978,0.0],[88.591848,43.782075,0.0],[88.591763,43.782187,0.0],[88.591646,43.782316,0.0],[88.591551,43.782428,0.0],[88.591358,43.782598,0.0]]]}},{"type":"Feature","properties":{"rgi_id":"RGI2000-v7.0-G-13-41556","o1region":"13"},"geometry":{"type":"Polygon","coordinates":[[[88.601881,43.792423,0.0],[88.601941,43.792414,0.0],[88.601947,43.792395,0.0],[88.602226,43.792185,0.0],[88.602602,43.792042,0.0],[88.60288,43.791763,0.0],[88.603254,43.791552,0.0],[88.603628,43.79134,0.0],[88.603494,43.791233,0.0],[88.603325,43.79108,0.0],[88.603256,43.790927,0.0],[88.603166,43.790654,0.0],[88.602979,43.790418,0.0],[88.602808,43.790194,0.0],[88.602753,43.789981,0.0],[88.602599,43.789757,0.0],[88.602449,43.789663,0.0],[88.602421,43.789617,0.0],[88.602143,43.789737,0.0],[88.601741,43.78989,0.0],[88.601338,43.790006,0.0],[88.600987,43.790121,0.0],[88.600582,43.790163,0.0],[88.600178,43.790242,0.0],[88.600005,43.790245,0.0],[88.599933,43.79027,0.0],[88.599738,43.790368,0.0],[88.599593,43.790466,0.0],[88.599448,43.790563,0.0],[88.599337,43.790719,0.0],[88.599158,43.790805,0.0],[88.599012,43.790879,0.0],[88.598907,43.791238,0.0],[88.599174,43.791413,0.0],[88.599441,43.791552,0.0],[88.599741,43.791714,0.0],[88.60001,43.791913,0.0],[88.600376,43.792075,0.0],[88.600707,43.792177,0.0],[88.601104,43.792243,0.0],[88.601402,43.79231,0.0],[88.601584,43.792367,0.0],[88.601881,43.792423,0.0]]]}},{"type":"Feature","properties":{"rgi_id":"RGI2000-v7.0-G-13-41557","o1region":"13"},"geometry":{"type":"Polygon","coordinates":[[[88.610228,43.781878,0.0],[88.610359,43.782087,0.0],[88.610364,43.782283,0.0],[88.610496,43.782552,0.0],[88.610628,43.782822,0.0],[88.610699,43.783137,0.0],[88.610893,43.783405,0.0],[88.611211,43.783627,0.0],[88.611203,43.783356,0.0],[88.611196,43.783085,0.0],[88.611189,43.782814,0.0],[88.611182,43.782543,0.0],[88.611173,43.782226,0.0],[88.611166,43.781955,0.0],[88.611159,43.781684,0.0],[88.611034,43.78143,0.0],[88.611083,43.781188,0.0],[88.611076,43.780917,0.0],[88.610944,43.780648,0.0],[88.610874,43.780378,0.0],[88.610804,43.780108,0.0],[88.610735,43.779838,0.0],[88.610418,43.779661,0.0],[88.610111,43.779846,0.0],[88.610044,43.77991,0.0],[88.609934,43.78021,0.0],[88.609691,43.78044,0.0],[88.609447,43.780669,0.0],[88.609387,43.780738,0.0],[88.609389,43.780806,0.0],[88.609522,43.78112,0.0],[88.609716,43.781388,0.0],[88.609973,43.781656,0.0],[88.610228,43.781878,0.0]]]}},{"type":"Feature","properties":{"rgi_id":"RGI2000-v7.0-G-13-41558","o1region":"13"},"geometry":{"type":"Polygon","coordinates":[[[88.617554,43.784509,0.0],[88.617804,43.784524,0.0],[88.617973,43.784371,0.0],[88.618019,43.784289,0.0],[88.617912,43.784004,0.0],[88.617854,43.783711,0.0],[88.617695,43.783456,0.0],[88.617536,43.783201,0.0],[88.617326,43.782947,0.0],[88.617267,43.782654,0.0],[88.617259,43.78236,0.0],[88.617252,43.782066,0.0],[88.617244,43.781773,0.0],[88.617286,43.781478,0.0],[88.617277,43.781148,0.0],[88.617269,43.780817,0.0],[88.61726,43.780487,0.0],[88.617252,43.780193,0.0],[88.617244,43.779899,0.0],[88.617236,43.779605,0.0],[88.617329,43.77931,0.0],[88.617428,43.779179,0.0],[88.617417,43.779076,0.0],[88.617568,43.778827,0.0],[88.617691,43.778501,0.0],[88.617782,43.777985,0.0],[88.617771,43.777566,0.0],[88.617656,43.777205,0.0],[88.617515,43.776845,0.0],[88.617295,43.776505,0.0],[88.616895,43.776301,0.0],[88.616602,43.776153,0.0],[88.616525,43.776088,0.0],[88.616178,43.776093,0.0],[88.615918,43.77584,0.0],[88.615706,43.775512,0.0],[88.615602,43.775322,0.0],[88.615369,43.775294,0.0],[88.61495,43.775357,0.0],[88.614587,43.775553,0.0],[88.61438,43.775689,0.0],[88.614146,43.775788,0.0],[88.613965,43.775904,0.0],[88.613705,43.776022,0.0],[88.613472,43.776159,0.0],[88.613292,43.776295,0.0],[88.613216,43.776411,0.0],[88.613088,43.776527,0.0],[88.612908,43.776682,0.0],[88.612753,43.776817,0.0],[88.612626,43.776952,0.0],[88.612524,43.777106,0.0],[88.612398,43.777299,0.0],[88.612192,43.777454,0.0],[88.612115,43.777531,0.0],[88.611962,43.777724,0.0],[88.611765,43.777958,0.0],[88.611837,43.778207,0.0],[88.612106,43.778406,0.0],[88.612488,43.778579,0.0],[88.612675,43.778779,0.0],[88.612959,43.778977,0.0],[88.61336,43.779186,0.0],[88.613577,43.779338,0.0],[88.613796,43.779502,0.0],[88.613948,43.779666,0.0],[88.614166,43.779842,0.0],[88.614237,43.780008,0.0],[88.614493,43.780385,0.0],[88.614635,43.780764,0.0],[88.614678,43.781157,0.0],[88.614864,43.781345,0.0],[88.61505,43.781521,0.0],[88.615204,43.781745,0.0],[88.615363,43.782148,0.0],[88.615304,43.782422,0.0],[88.615262,43.782661,0.0],[88.615201,43.782865,0.0],[88.615207,43.783091,0.0],[88.615393,43.783279,0.0],[88.615497,43.78348,0.0],[88.615849,43.783725,0.0],[88.61602,43.783961,0.0],[88.616172,43.784125,0.0],[88.61634,43.784254,0.0],[88.616525,43.784394,0.0],[88.616736,43.78449,0.0],[88.617554,43.784509,0.0]]]}},{"type":"Feature","properties":{"rgi_id":"RGI2000-v7.0-G-13-41559","o1region":"13"},"geometry":{"type":"Polygon","coordinates":[[[88.610833,43.769142,0.0],[88.610886,43.769329,0.0],[88.611052,43.769479,0.0],[88.611266,43.769617,0.0],[88.611478,43.769649,0.0],[88.611738,43.769715,0.0],[88.611872,43.769854,0.0],[88.611746,43.769997,0.0],[88.611538,43.770094,0.0],[88.611123,43.770311,0.0],[88.610785,43.770398,0.0],[88.61043,43.770414,0.0],[88.610108,43.770489,0.0],[88.609806,43.770693,0.0],[88.609664,43.770836,0.0],[88.609479,43.771179,0.0],[88.609276,43.771451,0.0],[88.60904,43.771713,0.0],[88.608884,43.771938,0.0],[88.608778,43.772221,0.0],[88.608687,43.772433,0.0],[88.608726,43.772667,0.0],[88.608828,43.772877,0.0],[88.608881,43.77304,0.0],[88.608969,43.773286,0.0],[88.608991,43.773508,0.0],[88.609061,43.773707,0.0],[88.609083,43.773917,0.0],[88.609201,43.774115,0.0],[88.609448,43.774252,0.0],[88.609613,43.774356,0.0],[88.609937,43.774375,0.0],[88.610438,43.774356,0.0],[88.610777,43.774316,0.0],[88.61126,43.774192,0.0],[88.611678,43.774104,0.0],[88.611968,43.774041,0.0],[88.612323,43.774001,0.0],[88.61271,43.773937,0.0],[88.613082,43.77392,0.0],[88.613323,43.773869,0.0],[88.613645,43.773794,0.0],[88.613985,43.773778,0.0],[88.614372,43.773749,0.0],[88.614662,43.773686,0.0],[88.614917,43.773542,0.0],[88.615141,43.773421,0.0],[88.615298,43.773243,0.0],[88.615407,43.773101,0.0],[88.615466,43.772877,0.0],[88.615412,43.77269,0.0],[88.615343,43.772527,0.0],[88.615129,43.772401,0.0],[88.61514,43.77219,0.0],[88.6152,43.772036,0.0],[88.615323,43.771776,0.0],[88.615297,43.771413,0.0],[88.615211,43.771238,0.0],[88.615061,43.771076,0.0],[88.614943,43.77089,0.0],[88.614921,43.770668,0.0],[88.614899,43.770524,0.0],[88.614828,43.770325,0.0],[88.614582,43.770004,0.0],[88.614581,43.769966,0.0],[88.614502,43.769816,0.0],[88.614487,43.769798,0.0],[88.614227,43.769545,0.0],[88.614068,43.76929,0.0],[88.613909,43.769035,0.0],[88.61365,43.768818,0.0],[88.613292,43.768713,0.0],[88.612887,43.768719,0.0],[88.612431,43.768725,0.0],[88.612025,43.768731,0.0],[88.611622,43.76881,0.0],[88.61127,43.768925,0.0],[88.610919,43.769077,0.0],[88.610836,43.769113,0.0],[88.610833,43.769142,0.0]]]}},{"type":"Feature","properties":{"rgi_id":"RGI2000-v7.0-G-13-41560","o1region":"13"},"geometry":{"type":"Polygon","coordinates":[[[88.617726,43.768487,0.0],[88.617725,43.768442,0.0],[88.617655,43.768172,0.0],[88.617585,43.767901,0.0],[88.617453,43.767632,0.0],[88.617321,43.767363,0.0],[88.617066,43.767141,0.0],[88.616696,43.767281,0.0],[88.616326,43.767467,0.0],[88.615954,43.767518,0.0],[88.615647,43.767703,0.0],[88.615592,43.767975,0.0],[88.615222,43.768116,0.0],[88.61485,43.768211,0.0],[88.614733,43.768484,0.0],[88.614741,43.7688,0.0],[88.614686,43.769072,0.0],[88.614693,43.769343,0.0],[88.614763,43.769613,0.0],[88.614833,43.769883,0.0],[88.615207,43.769878,0.0],[88.615577,43.769737,0.0],[88.615947,43.769597,0.0],[88.61632,43.769546,0.0],[88.616693,43.769496,0.0],[88.617124,43.769309,0.0],[88.617366,43.769034,0.0],[88.617726,43.768487,0.0]]]}},{"type":"Feature","properties":{"rgi_id":"RGI2000-v7.0-G-13-41561","o1region":"13"},"geometry":{"type":"Polygon","coordinates":[[[88.626223,43.766034,0.0],[88.626232,43.766343,0.0],[88.626313,43.766703,0.0],[88.626321,43.767013,0.0],[88.62633,43.767322,0.0],[88.626409,43.767631,0.0],[88.626489,43.767939,0.0],[88.626568,43.768247,0.0],[88.626718,43.768503,0.0],[88.626797,43.768812,0.0],[88.626874,43.768944,0.0],[88.626966,43.768898,0.0],[88.627336,43.768757,0.0],[88.627706,43.768616,0.0],[88.628077,43.768475,0.0],[88.628155,43.768474,0.0],[88.628491,43.768272,0.0],[88.628914,43.768111,0.0],[88.62934,43.768053,0.0],[88.629691,43.768006,0.0],[88.629491,43.767732,0.0],[88.629234,43.767465,0.0],[88.628979,43.767242,0.0],[88.628847,43.766973,0.0],[88.628838,43.766657,0.0],[88.628831,43.766386,0.0],[88.62898,43.765836,0.0],[88.62878,43.765791,0.0],[88.628488,43.765537,0.0],[88.628268,43.765282,0.0],[88.628117,43.764975,0.0],[88.628092,43.764923,0.0],[88.627916,43.764863,0.0],[88.627834,43.76503,0.0],[88.627484,43.765242,0.0],[88.62713,43.76535,0.0],[88.626709,43.765562,0.0],[88.62636,43.765825,0.0],[88.626243,43.765936,0.0],[88.626223,43.766034,0.0]]]}},{"type":"Feature","properties":{"rgi_id":"RGI2000-v7.0-G-13-41562","o1region":"13"},"geometry":{"type":"Polygon","coordinates":[[[88.636592,43.767336,0.0],[88.636527,43.767361,0.0],[88.636134,43.766688,0.0],[88.636072,43.766689,0.0],[88.635878,43.766421,0.0],[88.635682,43.766107,0.0],[88.635427,43.765885,0.0],[88.635048,43.76571,0.0],[88.634669,43.765534,0.0],[88.634362,43.76572,0.0],[88.634182,43.765993,0.0],[88.634065,43.766266,0.0],[88.63401,43.766538,0.0],[88.633893,43.766811,0.0],[88.633839,43.767128,0.0],[88.633847,43.767399,0.0],[88.633729,43.767672,0.0],[88.633674,43.767944,0.0],[88.633682,43.768215,0.0],[88.633689,43.768486,0.0],[88.633698,43.768802,0.0],[88.633705,43.769073,0.0],[88.633714,43.769389,0.0],[88.633721,43.76966,0.0],[88.633729,43.769931,0.0],[88.633799,43.770246,0.0],[88.634172,43.770196,0.0],[88.634352,43.769922,0.0],[88.634594,43.769648,0.0],[88.634711,43.769375,0.0],[88.634953,43.7691,0.0],[88.635196,43.768871,0.0],[88.635503,43.768686,0.0],[88.635876,43.768635,0.0],[88.63616,43.768597,0.0],[88.636231,43.76846,0.0],[88.636223,43.768158,0.0],[88.636381,43.767855,0.0],[88.636539,43.767551,0.0],[88.636592,43.767336,0.0]]]}},{"type":"Feature","properties":{"rgi_id":"RGI2000-v7.0-G-13-41563","o1region":"13"},"geometry":{"type":"Polygon","coordinates":[[[88.636592,43.767336,0.0],[88.636539,43.767551,0.0],[88.636381,43.767855,0.0],[88.636223,43.768158,0.0],[88.636231,43.76846,0.0],[88.63616,43.768597,0.0],[88.636248,43.768585,0.0],[88.636566,43.768806,0.0],[88.636822,43.769028,0.0],[88.636954,43.769298,0.0],[88.637086,43.769567,0.0],[88.63728,43.769835,0.0],[88.637342,43.769934,0.0],[88.637438,43.770001,0.0],[88.6378,43.770202,0.0],[88.63802,43.770457,0.0],[88.638312,43.770711,0.0],[88.638527,43.770861,0.0],[88.638612,43.770629,0.0],[88.638666,43.770358,0.0],[88.63872,43.77004,0.0],[88.638837,43.769768,0.0],[88.638892,43.769496,0.0],[88.638885,43.769225,0.0],[88.638878,43.768954,0.0],[88.638808,43.768684,0.0],[88.638738,43.768413,0.0],[88.638606,43.768144,0.0],[88.638351,43.767922,0.0],[88.638218,43.767653,0.0],[88.637962,43.767385,0.0],[88.637645,43.767209,0.0],[88.637271,43.767214,0.0],[88.636897,43.76722,0.0],[88.636592,43.767336,0.0]]]}},{"type":"Feature","properties":{"rgi_id":"RGI2000-v7.0-G-13-41564","o1region":"13"},"geometry":{"type":"Polygon","coordinates":[[[88.648991,43.76443,0.0],[88.648968,43.764421,0.0],[88.648562,43.764427,0.0],[88.648157,43.764433,0.0],[88.647684,43.764439,0.0],[88.64728,43.764494,0.0],[88.646946,43.764646,0.0],[88.646681,43.764846,0.0],[88.646417,43.765046,0.0],[88.646289,43.765341,0.0],[88.646566,43.765582,0.0],[88.646973,43.765625,0.0],[88.64745,43.765765,0.0],[88.647926,43.765857,0.0],[88.648468,43.765898,0.0],[88.648537,43.765905,0.0],[88.648619,43.765922,0.0],[88.648917,43.766004,0.0],[88.649216,43.766114,0.0],[88.649476,43.766253,0.0],[88.649698,43.766436,0.0],[88.64992,43.766618,0.0],[88.650162,43.766786,0.0],[88.650383,43.766955,0.0],[88.650624,43.767108,0.0],[88.650885,43.767262,0.0],[88.651183,43.767358,0.0],[88.651518,43.767353,0.0],[88.65173,43.767164,0.0],[88.651803,43.766934,0.0],[88.651816,43.766705,0.0],[88.65183,43.766476,0.0],[88.651852,43.765847,0.0],[88.651861,43.765461,0.0],[88.65186,43.765418,0.0],[88.651893,43.765189,0.0],[88.651945,43.764945,0.0],[88.651978,43.764716,0.0],[88.651997,43.764585,0.0],[88.652278,43.764373,0.0],[88.652338,43.764078,0.0],[88.65233,43.763785,0.0],[88.652119,43.763494,0.0],[88.651646,43.763501,0.0],[88.651242,43.763555,0.0],[88.650839,43.763659,0.0],[88.650437,43.763763,0.0],[88.650035,43.763916,0.0],[88.649703,43.764116,0.0],[88.649372,43.764366,0.0],[88.649334,43.764415,0.0],[88.649091,43.764429,0.0],[88.648991,43.76443,0.0]]]}},{"type":"Feature","properties":{"rgi_id":"RGI2000-v7.0-G-13-41565","o1region":"13"},"geometry":{"type":"Polygon","coordinates":[[[88.657263,43.758864,0.0],[88.656861,43.758967,0.0],[88.656455,43.758973,0.0],[88.656047,43.758881,0.0],[88.655642,43.758887,0.0],[88.655236,43.758893,0.0],[88.654835,43.759046,0.0],[88.654501,43.759198,0.0],[88.654237,43.759397,0.0],[88.653906,43.759647,0.0],[88.653643,43.759945,0.0],[88.653379,43.760144,0.0],[88.653252,43.76044,0.0],[88.653192,43.760735,0.0],[88.653268,43.761028,0.0],[88.65361,43.76117,0.0],[88.653935,43.761224,0.0],[88.653899,43.761339,0.0],[88.6539,43.761382,0.0],[88.653888,43.761444,0.0],[88.654074,43.7615,0.0],[88.654313,43.761592,0.0],[88.654501,43.761732,0.0],[88.654781,43.76189,0.0],[88.655037,43.762096,0.0],[88.65528,43.76235,0.0],[88.65547,43.762547,0.0],[88.655529,43.762775,0.0],[88.655626,43.762974,0.0],[88.655775,43.763114,0.0],[88.655925,43.763312,0.0],[88.655969,43.763493,0.0],[88.655974,43.763655,0.0],[88.655978,43.763807,0.0],[88.6561,43.763958,0.0],[88.656185,43.764166,0.0],[88.656246,43.764461,0.0],[88.656186,43.764671,0.0],[88.656271,43.764908,0.0],[88.656355,43.765069,0.0],[88.656502,43.765172,0.0],[88.656651,43.765341,0.0],[88.656761,43.765501,0.0],[88.656886,43.765738,0.0],[88.657116,43.765973,0.0],[88.657216,43.766248,0.0],[88.657302,43.766523,0.0],[88.657428,43.766788,0.0],[88.657567,43.767062,0.0],[88.657748,43.767421,0.0],[88.657886,43.767686,0.0],[88.657972,43.767914,0.0],[88.657978,43.768161,0.0],[88.658079,43.768455,0.0],[88.658169,43.768883,0.0],[88.658256,43.769158,0.0],[88.65829,43.769443,0.0],[88.658336,43.769681,0.0],[88.658518,43.770069,0.0],[88.658577,43.770297,0.0],[88.658637,43.770563,0.0],[88.658696,43.77081,0.0],[88.658859,43.770998,0.0],[88.658995,43.771158,0.0],[88.659155,43.771241,0.0],[88.659392,43.771266,0.0],[88.659694,43.771252,0.0],[88.660061,43.77118,0.0],[88.660331,43.770967,0.0],[88.660588,43.770753,0.0],[88.660728,43.77058,0.0],[88.660814,43.770359,0.0],[88.660913,43.770129,0.0],[88.661024,43.769861,0.0],[88.661093,43.769536,0.0],[88.6612,43.769125,0.0],[88.661245,43.768829,0.0],[88.661326,43.768446,0.0],[88.661381,43.768045,0.0],[88.661355,43.767598,0.0],[88.661433,43.767082,0.0],[88.66145,43.766758,0.0],[88.661463,43.766262,0.0],[88.661485,43.765623,0.0],[88.661483,43.76508,0.0],[88.661445,43.764662,0.0],[88.661413,43.764471,0.0],[88.661366,43.764177,0.0],[88.661294,43.763959,0.0],[88.661393,43.763738,0.0],[88.661532,43.763545,0.0],[88.661529,43.763398,0.0],[88.6617,43.763184,0.0],[88.661694,43.762955,0.0],[88.661688,43.762727,0.0],[88.66172,43.762483,0.0],[88.661773,43.762254,0.0],[88.661803,43.762179,0.0],[88.661787,43.762039,0.0],[88.66174,43.761904,0.0],[88.661565,43.761799,0.0],[88.661495,43.761735,0.0],[88.6614,43.761613,0.0],[88.661324,43.761392,0.0],[88.661385,43.761248,0.0],[88.661381,43.761093,0.0],[88.661401,43.76093,0.0],[88.661179,43.760747,0.0],[88.660958,43.760579,0.0],[88.660755,43.760396,0.0],[88.660553,43.760213,0.0],[88.660292,43.76006,0.0],[88.660056,43.759895,0.0],[88.660012,43.759821,0.0],[88.659931,43.759461,0.0],[88.659851,43.759152,0.0],[88.659843,43.758843,0.0],[88.659553,43.758641,0.0],[88.659124,43.758595,0.0],[88.659033,43.758623,0.0],[88.658771,43.758703,0.0],[88.658418,43.758812,0.0],[88.657993,43.75887,0.0],[88.657563,43.758773,0.0],[88.657475,43.758736,0.0],[88.657263,43.758864,0.0]]]}},{"type":"Feature","properties":{"rgi_id":"RGI2000-v7.0-G-13-41566","o1region":"13"},"geometry":{"type":"Polygon","coordinates":[[[88.666084,43.776636,0.0],[88.666072,43.776693,0.0],[88.666048,43.77676,0.0],[88.666013,43.776923,0.0],[88.665927,43.777134,0.0],[88.665758,43.777222,0.0],[88.665552,43.777368,0.0],[88.665342,43.777399,0.0],[88.665147,43.777459,0.0],[88.664978,43.777529,0.0],[88.664917,43.77771,0.0],[88.664947,43.777853,0.0],[88.664951,43.777996,0.0],[88.665007,43.7781,0.0],[88.665101,43.778194,0.0],[88.665325,43.7782,0.0],[88.665617,43.778301,0.0],[88.665751,43.778375,0.0],[88.665975,43.7784,0.0],[88.666173,43.778407,0.0],[88.666357,43.778414,0.0],[88.666568,43.77842,0.0],[88.666752,43.778417,0.0],[88.666975,43.778395,0.0],[88.667119,43.778403,0.0],[88.667357,43.778447,0.0],[88.667453,43.778569,0.0],[88.667536,43.77873,0.0],[88.667632,43.778872,0.0],[88.667803,43.77885,0.0],[88.667994,43.778657,0.0],[88.668041,43.778446,0.0],[88.66818,43.778225,0.0],[88.668346,43.77807,0.0],[88.668421,43.777917,0.0],[88.668509,43.777763,0.0],[88.668516,43.777544,0.0],[88.668497,43.777353,0.0],[88.668348,43.777184,0.0],[88.66816,43.777034,0.0],[88.668009,43.776827,0.0],[88.667834,43.776686,0.0],[88.667567,43.776538,0.0],[88.66734,43.776417,0.0],[88.667089,43.776345,0.0],[88.666769,43.776206,0.0],[88.666621,43.776094,0.0],[88.666332,43.776108,0.0],[88.666244,43.776243,0.0],[88.666131,43.776425,0.0],[88.666084,43.776636,0.0]]]}},{"type":"Feature","properties":{"rgi_id":"RGI2000-v7.0-G-13-41567","o1region":"13"},"geometry":{"type":"Polygon","coordinates":[[[88.682731,43.760724,0.0],[88.68273,43.760664,0.0],[88.682804,43.760361,0.0],[88.682962,43.760058,0.0],[88.68312,43.759754,0.0],[88.683447,43.759568,0.0],[88.683773,43.759323,0.0],[88.684015,43.759078,0.0],[88.684007,43.758777,0.0],[88.683999,43.758476,0.0],[88.68358,43.758361,0.0],[88.683083,43.758429,0.0],[88.682589,43.758617,0.0],[88.682432,43.758921,0.0],[88.68244,43.759222,0.0],[88.682282,43.759525,0.0],[88.682124,43.759829,0.0],[88.681882,43.760073,0.0],[88.681807,43.760376,0.0],[88.681816,43.760677,0.0],[88.682072,43.760914,0.0],[88.682731,43.760724,0.0]]]}},{"type":"Feature","properties":{"rgi_id":"RGI2000-v7.0-G-13-41568","o1region":"13"},"geometry":{"type":"Polygon","coordinates":[[[88.69507,43.761263,0.0],[88.695067,43.76115,0.0],[88.695186,43.760873,0.0],[88.695304,43.760596,0.0],[88.695423,43.760319,0.0],[88.695415,43.760044,0.0],[88.695526,43.759786,0.0],[88.695464,43.759736,0.0],[88.695185,43.759626,0.0],[88.694828,43.759574,0.0],[88.694514,43.759608,0.0],[88.694296,43.759582,0.0],[88.694077,43.759514,0.0],[88.693957,43.759459,0.0],[88.693739,43.759405,0.0],[88.693539,43.759293,0.0],[88.693358,43.759167,0.0],[88.693058,43.759014,0.0],[88.693026,43.758987,0.0],[88.692979,43.758968,0.0],[88.692681,43.758901,0.0],[88.692382,43.758791,0.0],[88.692084,43.75871,0.0],[88.691748,43.758672,0.0],[88.69145,43.758605,0.0],[88.691133,43.758538,0.0],[88.691011,43.758535,0.0],[88.69098,43.758433,0.0],[88.690643,43.758257,0.0],[88.690225,43.758203,0.0],[88.6899,43.758449,0.0],[88.689806,43.758543,0.0],[88.689772,43.758544,0.0],[88.689457,43.758563,0.0],[88.689143,43.758624,0.0],[88.688922,43.758736,0.0],[88.688825,43.758646,0.0],[88.688408,43.758591,0.0],[88.687992,43.758598,0.0],[88.68775,43.758842,0.0],[88.687675,43.759145,0.0],[88.687677,43.759219,0.0],[88.687387,43.759294,0.0],[88.687135,43.75944,0.0],[88.686958,43.759533,0.0],[88.686942,43.759586,0.0],[88.686909,43.759815,0.0],[88.686896,43.760044,0.0],[88.686882,43.760273,0.0],[88.68683,43.760517,0.0],[88.686797,43.760746,0.0],[88.686789,43.760893,0.0],[88.68682,43.760922,0.0],[88.687003,43.761105,0.0],[88.687243,43.761245,0.0],[88.687544,43.761426,0.0],[88.687844,43.761579,0.0],[88.688068,43.761804,0.0],[88.688327,43.7619,0.0],[88.688668,43.76211,0.0],[88.688872,43.762335,0.0],[88.689097,43.762646,0.0],[88.689301,43.762886,0.0],[88.689524,43.763083,0.0],[88.689726,43.76328,0.0],[88.68987,43.763464,0.0],[88.690012,43.763605,0.0],[88.690175,43.763817,0.0],[88.690477,43.764027,0.0],[88.690684,43.764381,0.0],[88.690966,43.764591,0.0],[88.691074,43.764904,0.0],[88.691277,43.765116,0.0],[88.69148,43.765327,0.0],[88.691723,43.765552,0.0],[88.691968,43.76582,0.0],[88.692095,43.766147,0.0],[88.692201,43.766403,0.0],[88.692498,43.766441,0.0],[88.692735,43.766452,0.0],[88.692909,43.766349,0.0],[88.692944,43.766163,0.0],[88.693075,43.765932,0.0],[88.693168,43.765745,0.0],[88.693283,43.765615,0.0],[88.693396,43.765427,0.0],[88.693609,43.765281,0.0],[88.693784,43.765193,0.0],[88.693977,43.765047,0.0],[88.69407,43.76486,0.0],[88.694024,43.764603,0.0],[88.693997,43.764346,0.0],[88.694008,43.764032,0.0],[88.694037,43.76366,0.0],[88.694087,43.763344,0.0],[88.694079,43.763073,0.0],[88.694093,43.762858,0.0],[88.694225,43.762656,0.0],[88.694358,43.762469,0.0],[88.694392,43.762282,0.0],[88.694422,43.761953,0.0],[88.694476,43.761752,0.0],[88.69453,43.76158,0.0],[88.694621,43.761321,0.0],[88.694857,43.761275,0.0],[88.69507,43.761263,0.0]]]}},{"type":"Feature","properties":{"rgi_id":"RGI2000-v7.0-G-13-41569","o1region":"13"},"geometry":{"type":"Polygon","coordinates":[[[88.69507,43.761263,0.0],[88.695211,43.761255,0.0],[88.695447,43.761237,0.0],[88.695683,43.761205,0.0],[88.695944,43.761359,0.0],[88.696008,43.761544,0.0],[88.696074,43.761771,0.0],[88.696139,43.761999,0.0],[88.696281,43.762126,0.0],[88.696419,43.762123,0.0],[88.696733,43.762062,0.0],[88.696887,43.761931,0.0],[88.69702,43.761757,0.0],[88.697189,43.761469,0.0],[88.697161,43.761169,0.0],[88.697058,43.760999,0.0],[88.696875,43.760816,0.0],[88.696694,43.760676,0.0],[88.696434,43.760565,0.0],[88.696233,43.76044,0.0],[88.696072,43.760313,0.0],[88.695949,43.760144,0.0],[88.695787,43.760003,0.0],[88.695605,43.759849,0.0],[88.695526,43.759786,0.0],[88.695415,43.760044,0.0],[88.695423,43.760319,0.0],[88.695304,43.760596,0.0],[88.695186,43.760873,0.0],[88.695067,43.76115,0.0],[88.69507,43.761263,0.0]]]}},{"type":"Feature","properties":{"rgi_id":"RGI2000-v7.0-G-13-41570","o1region":"13"},"geometry":{"type":"Polygon","coordinates":[[[88.695868,43.750465,0.0],[88.695685,43.750496,0.0],[88.695462,43.750509,0.0],[88.695345,43.750568,0.0],[88.69523,43.750675,0.0],[88.695153,43.750733,0.0],[88.695023,43.750773,0.0],[88.694893,43.750842,0.0],[88.694713,43.750968,0.0],[88.694546,43.751114,0.0],[88.694525,43.751314,0.0],[88.694635,43.751484,0.0],[88.69472,43.751692,0.0],[88.694765,43.751892,0.0],[88.694861,43.752052,0.0],[88.695011,43.752241,0.0],[88.695108,43.752401,0.0],[88.695156,43.752705,0.0],[88.695202,43.752952,0.0],[88.695208,43.753152,0.0],[88.69524,43.753362,0.0],[88.695272,43.753561,0.0],[88.69529,43.753733,0.0],[88.695387,43.753893,0.0],[88.695522,43.754034,0.0],[88.695803,43.75422,0.0],[88.695952,43.754361,0.0],[88.6961,43.754492,0.0],[88.696248,43.754614,0.0],[88.696435,43.754687,0.0],[88.696621,43.75479,0.0],[88.696821,43.754882,0.0],[88.697059,43.754926,0.0],[88.69723,43.754933,0.0],[88.697373,43.754874,0.0],[88.697515,43.754776,0.0],[88.697722,43.754668,0.0],[88.697825,43.754572,0.0],[88.697926,43.754437,0.0],[88.698027,43.754292,0.0],[88.698127,43.754091,0.0],[88.698122,43.753929,0.0],[88.698118,43.753767,0.0],[88.698152,43.753585,0.0],[88.69812,43.753386,0.0],[88.698179,43.753156,0.0],[88.698279,43.752973,0.0],[88.698351,43.752725,0.0],[88.698214,43.752517,0.0],[88.698078,43.752376,0.0],[88.698022,43.752244,0.0],[88.698005,43.752101,0.0],[88.698037,43.751862,0.0],[88.698204,43.751726,0.0],[88.698331,43.751562,0.0],[88.698485,43.751408,0.0],[88.698665,43.751281,0.0],[88.698777,43.751041,0.0],[88.698929,43.750867,0.0],[88.699015,43.750647,0.0],[88.699047,43.750389,0.0],[88.699055,43.750189,0.0],[88.699049,43.749989,0.0],[88.699044,43.749798,0.0],[88.699026,43.749637,0.0],[88.698996,43.749504,0.0],[88.698941,43.749428,0.0],[88.698821,43.749363,0.0],[88.698676,43.749347,0.0],[88.698479,43.749359,0.0],[88.698285,43.749467,0.0],[88.698182,43.749554,0.0],[88.69804,43.749632,0.0],[88.697897,43.749692,0.0],[88.697782,43.749798,0.0],[88.697679,43.749895,0.0],[88.697589,43.749944,0.0],[88.697459,43.749994,0.0],[88.697407,43.750032,0.0],[88.697279,43.750139,0.0],[88.697135,43.750179,0.0],[88.69694,43.750249,0.0],[88.696838,43.750374,0.0],[88.696683,43.750453,0.0],[88.6965,43.750475,0.0],[88.696276,43.750478,0.0],[88.696079,43.750462,0.0],[88.695868,43.750465,0.0]]]}},{"type":"Feature","properties":{"rgi_id":"RGI2000-v7.0-G-13-41571","o1region":"13"},"geometry":{"type":"Polygon","coordinates":[[[88.700231,43.748306,0.0],[88.70006,43.748537,0.0],[88.699808,43.748698,0.0],[88.699633,43.748801,0.0],[88.699581,43.749045,0.0],[88.699663,43.749158,0.0],[88.699846,43.749355,0.0],[88.69995,43.749525,0.0],[88.700092,43.749666,0.0],[88.700235,43.74985,0.0],[88.700358,43.750005,0.0],[88.700597,43.750102,0.0],[88.700916,43.750226,0.0],[88.701175,43.750336,0.0],[88.701454,43.750432,0.0],[88.701691,43.750443,0.0],[88.701924,43.750325,0.0],[88.702079,43.750223,0.0],[88.702352,43.750104,0.0],[88.702626,43.750043,0.0],[88.702721,43.749927,0.0],[88.702738,43.749827,0.0],[88.702831,43.749625,0.0],[88.702905,43.749438,0.0],[88.703018,43.749251,0.0],[88.703013,43.74908,0.0],[88.702909,43.748895,0.0],[88.702748,43.748783,0.0],[88.702568,43.7487,0.0],[88.702446,43.748573,0.0],[88.702286,43.748476,0.0],[88.702105,43.748336,0.0],[88.702003,43.748237,0.0],[88.701803,43.748126,0.0],[88.701643,43.748042,0.0],[88.701544,43.748029,0.0],[88.701269,43.748091,0.0],[88.701173,43.748164,0.0],[88.701016,43.748194,0.0],[88.700819,43.748197,0.0],[88.700524,43.74823,0.0],[88.700231,43.748306,0.0]]]}},{"type":"Feature","properties":{"rgi_id":"RGI2000-v7.0-G-13-41572","o1region":"13"},"geometry":{"type":"Polygon","coordinates":[[[88.71711,43.744339,0.0],[88.717166,43.744406,0.0],[88.717196,43.744548,0.0],[88.717228,43.744738,0.0],[88.71726,43.744957,0.0],[88.71732,43.745194,0.0],[88.717402,43.745327,0.0],[88.717501,43.745554,0.0],[88.717625,43.745752,0.0],[88.717787,43.745912,0.0],[88.717962,43.746071,0.0],[88.718178,43.746268,0.0],[88.718407,43.746464,0.0],[88.718518,43.746653,0.0],[88.718771,43.746764,0.0],[88.718959,43.746923,0.0],[88.719016,43.747075,0.0],[88.718996,43.747275,0.0],[88.71891,43.747496,0.0],[88.718956,43.747704,0.0],[88.719105,43.747883,0.0],[88.719253,43.747995,0.0],[88.719442,43.748164,0.0],[88.719695,43.748275,0.0],[88.719896,43.748424,0.0],[88.719993,43.748585,0.0],[88.720091,43.748783,0.0],[88.720173,43.748915,0.0],[88.720307,43.749009,0.0],[88.720584,43.749043,0.0],[88.720912,43.749,0.0],[88.721134,43.748968,0.0],[88.721329,43.748888,0.0],[88.721566,43.748885,0.0],[88.721713,43.748968,0.0],[88.721834,43.749071,0.0],[88.721968,43.749165,0.0],[88.722063,43.749278,0.0],[88.722148,43.749467,0.0],[88.722205,43.749647,0.0],[88.722211,43.749857,0.0],[88.722179,43.750105,0.0],[88.722093,43.750316,0.0],[88.722032,43.75046,0.0],[88.722063,43.75064,0.0],[88.72216,43.750829,0.0],[88.722323,43.750998,0.0],[88.72242,43.751168,0.0],[88.722607,43.75128,0.0],[88.722819,43.751324,0.0],[88.723029,43.751312,0.0],[88.723446,43.751182,0.0],[88.723653,43.751074,0.0],[88.72386,43.750956,0.0],[88.724079,43.750819,0.0],[88.724273,43.750693,0.0],[88.724478,43.750499,0.0],[88.72459,43.750307,0.0],[88.724728,43.750066,0.0],[88.724788,43.749875,0.0],[88.724954,43.749682,0.0],[88.725161,43.749564,0.0],[88.725405,43.74937,0.0],[88.725585,43.749244,0.0],[88.725778,43.749079,0.0],[88.725866,43.748963,0.0],[88.726057,43.748741,0.0],[88.726249,43.748557,0.0],[88.726428,43.748373,0.0],[88.726582,43.748237,0.0],[88.72672,43.748007,0.0],[88.726727,43.747816,0.0],[88.726711,43.747692,0.0],[88.726678,43.747464,0.0],[88.726608,43.747313,0.0],[88.72651,43.747114,0.0],[88.726478,43.746934,0.0],[88.726389,43.746573,0.0],[88.726227,43.746423,0.0],[88.726156,43.746243,0.0],[88.726073,43.746101,0.0],[88.725912,43.745989,0.0],[88.725672,43.745859,0.0],[88.725472,43.745748,0.0],[88.725063,43.745697,0.0],[88.724744,43.745578,0.0],[88.72432,43.745461,0.0],[88.724051,43.745245,0.0],[88.723602,43.745186,0.0],[88.723349,43.745075,0.0],[88.723148,43.744926,0.0],[88.722985,43.744737,0.0],[88.72277,43.744569,0.0],[88.722503,43.74444,0.0],[88.722234,43.744215,0.0],[88.72202,43.744094,0.0],[88.721936,43.743934,0.0],[88.721826,43.743754,0.0],[88.721729,43.743575,0.0],[88.72141,43.743465,0.0],[88.721172,43.743402,0.0],[88.720842,43.743369,0.0],[88.720449,43.743384,0.0],[88.720106,43.743351,0.0],[88.719786,43.743204,0.0],[88.719509,43.743151,0.0],[88.719181,43.743175,0.0],[88.718868,43.743275,0.0],[88.71866,43.743364,0.0],[88.718412,43.743425,0.0],[88.718033,43.743487,0.0],[88.717893,43.743642,0.0],[88.717684,43.743702,0.0],[88.717532,43.743747,0.0],[88.717496,43.743818,0.0],[88.717253,43.744063,0.0],[88.71711,43.744339,0.0]]]}},{"type":"Feature","properties":{"rgi_id":"RGI2000-v7.0-G-13-41573","o1region":"13"},"geometry":{"type":"Polygon","coordinates":[[[88.73154,43.757054,0.0],[88.731623,43.757053,0.0],[88.731698,43.756751,0.0],[88.731689,43.756449,0.0],[88.731597,43.75615,0.0],[88.731422,43.755851,0.0],[88.731085,43.755675,0.0],[88.730669,43.755682,0.0],[88.730512,43.755985,0.0],[88.730354,43.756289,0.0],[88.730363,43.75659,0.0],[88.730372,43.756891,0.0],[88.730464,43.757191,0.0],[88.730801,43.757367,0.0],[88.73154,43.757054,0.0]]]}},{"type":"Feature","properties":{"rgi_id":"RGI2000-v7.0-G-13-41574","o1region":"13"},"geometry":{"type":"Polygon","coordinates":[[[88.701445,43.721159,0.0],[88.700658,43.722109,0.0],[88.69981,43.723116,0.0],[88.699062,43.723784,0.0],[88.699088,43.723828,0.0],[88.69914,43.723968,0.0],[88.699198,43.723967,0.0],[88.699311,43.723966,0.0],[88.699433,43.723999,0.0],[88.699521,43.724095,0.0],[88.699624,43.724279,0.0],[88.699689,43.724419,0.0],[88.699827,43.724567,0.0],[88.699905,43.724751,0.0],[88.70002,43.724944,0.0],[88.700255,43.725099,0.0],[88.700468,43.72529,0.0],[88.700633,43.725526,0.0],[88.700832,43.725691,0.0],[88.701079,43.725828,0.0],[88.7014,43.725974,0.0],[88.701517,43.726228,0.0],[88.701703,43.726375,0.0],[88.702027,43.726609,0.0],[88.702226,43.726773,0.0],[88.702486,43.726928,0.0],[88.702796,43.727127,0.0],[88.703105,43.72729,0.0],[88.703364,43.727401,0.0],[88.703635,43.727538,0.0],[88.70398,43.727683,0.0],[88.704227,43.72782,0.0],[88.704498,43.727931,0.0],[88.704759,43.728104,0.0],[88.705103,43.728231,0.0],[88.705535,43.728419,0.0],[88.705867,43.728564,0.0],[88.706102,43.728684,0.0],[88.706399,43.728856,0.0],[88.706574,43.72903,0.0],[88.706798,43.729203,0.0],[88.707045,43.729305,0.0],[88.707364,43.729389,0.0],[88.707656,43.729411,0.0],[88.707997,43.729388,0.0],[88.708288,43.729375,0.0],[88.708516,43.729239,0.0],[88.708729,43.729033,0.0],[88.708942,43.728856,0.0],[88.709097,43.728754,0.0],[88.709269,43.72858,0.0],[88.709461,43.728377,0.0],[88.709635,43.72826,0.0],[88.70973,43.728062,0.0],[88.70979,43.727861,0.0],[88.709674,43.727573,0.0],[88.709415,43.727453,0.0],[88.709131,43.727303,0.0],[88.708863,43.727104,0.0],[88.708613,43.726977,0.0],[88.708395,43.726849,0.0],[88.708211,43.726721,0.0],[88.708025,43.726545,0.0],[88.708003,43.726343,0.0],[88.708095,43.726103,0.0],[88.708271,43.725922,0.0],[88.708397,43.725753,0.0],[88.708572,43.72556,0.0],[88.708732,43.725415,0.0],[88.708825,43.725211,0.0],[88.708968,43.72503,0.0],[88.709058,43.724731,0.0],[88.709149,43.72448,0.0],[88.709141,43.724182,0.0],[88.709166,43.723919,0.0],[88.709157,43.723586,0.0],[88.709085,43.723373,0.0],[88.708882,43.723173,0.0],[88.708634,43.723094,0.0],[88.708436,43.723061,0.0],[88.708159,43.72316,0.0],[88.70787,43.723379,0.0],[88.707493,43.72342,0.0],[88.707164,43.723401,0.0],[88.706803,43.723395,0.0],[88.706552,43.723256,0.0],[88.706317,43.723081,0.0],[88.706033,43.722894,0.0],[88.705862,43.722671,0.0],[88.705723,43.722399,0.0],[88.705634,43.72215,0.0],[88.705284,43.721953,0.0],[88.704853,43.72184,0.0],[88.70444,43.721727,0.0],[88.70419,43.7216,0.0],[88.703876,43.721557,0.0],[88.703515,43.721562,0.0],[88.703154,43.721579,0.0],[88.702791,43.721513,0.0],[88.702495,43.721506,0.0],[88.702198,43.721439,0.0],[88.701784,43.721314,0.0],[88.701467,43.721164,0.0],[88.701445,43.721159,0.0]]]}},{"type":"Feature","properties":{"rgi_id":"RGI2000-v7.0-G-13-41575","o1region":"13"},"geometry":{"type":"Polygon","coordinates":[[[88.699062,43.723784,0.0],[88.69981,43.723116,0.0],[88.700658,43.722109,0.0],[88.701445,43.721159,0.0],[88.701038,43.721075,0.0],[88.700675,43.721021,0.0],[88.700326,43.720883,0.0],[88.700217,43.720801,0.0],[88.700108,43.720719,0.0],[88.699904,43.720484,0.0],[88.699554,43.720287,0.0],[88.699385,43.720143,0.0],[88.69933,43.71993,0.0],[88.699309,43.719787,0.0],[88.699017,43.719781,0.0],[88.698991,43.719781,0.0],[88.698573,43.719864,0.0],[88.698235,43.719983,0.0],[88.697922,43.720083,0.0],[88.697607,43.720088,0.0],[88.697292,43.720111,0.0],[88.696977,43.720116,0.0],[88.696609,43.720122,0.0],[88.696268,43.720127,0.0],[88.695926,43.720132,0.0],[88.695585,43.720137,0.0],[88.69527,43.720142,0.0],[88.694955,43.720146,0.0],[88.694752,43.720125,0.0],[88.694707,43.72023,0.0],[88.694549,43.720534,0.0],[88.694475,43.720836,0.0],[88.694234,43.721141,0.0],[88.694159,43.721443,0.0],[88.693919,43.721748,0.0],[88.693927,43.722049,0.0],[88.693853,43.722352,0.0],[88.693695,43.722655,0.0],[88.693454,43.72296,0.0],[88.693212,43.723205,0.0],[88.69297,43.723449,0.0],[88.692643,43.723635,0.0],[88.69244,43.723839,0.0],[88.692434,43.723953,0.0],[88.692366,43.724131,0.0],[88.692139,43.724293,0.0],[88.691924,43.724428,0.0],[88.691709,43.724573,0.0],[88.69147,43.724744,0.0],[88.69128,43.724897,0.0],[88.69103,43.725095,0.0],[88.690987,43.725325,0.0],[88.690796,43.72546,0.0],[88.69051,43.725667,0.0],[88.690357,43.725837,0.0],[88.690315,43.726076,0.0],[88.690309,43.726306,0.0],[88.690435,43.726454,0.0],[88.69056,43.726576,0.0],[88.69065,43.726733,0.0],[88.690907,43.726809,0.0],[88.691139,43.726823,0.0],[88.691334,43.726847,0.0],[88.691567,43.726896,0.0],[88.691774,43.726893,0.0],[88.692053,43.726854,0.0],[88.692294,43.726771,0.0],[88.69272,43.726765,0.0],[88.692914,43.726744,0.0],[88.693134,43.726767,0.0],[88.69333,43.726809,0.0],[88.693489,43.72685,0.0],[88.693831,43.726907,0.0],[88.694135,43.726894,0.0],[88.694365,43.726855,0.0],[88.694666,43.726736,0.0],[88.694896,43.726662,0.0],[88.695075,43.726553,0.0],[88.695217,43.726419,0.0],[88.695397,43.726301,0.0],[88.695563,43.726149,0.0],[88.695706,43.726041,0.0],[88.695907,43.725861,0.0],[88.696085,43.725691,0.0],[88.696179,43.725566,0.0],[88.696321,43.725422,0.0],[88.696451,43.725297,0.0],[88.696605,43.725145,0.0],[88.696785,43.725045,0.0],[88.696952,43.724936,0.0],[88.697107,43.724793,0.0],[88.697261,43.724658,0.0],[88.697452,43.724532,0.0],[88.697738,43.724316,0.0],[88.697902,43.724093,0.0],[88.69808,43.723913,0.0],[88.698295,43.723769,0.0],[88.698449,43.723626,0.0],[88.698555,43.723509,0.0],[88.69875,43.723498,0.0],[88.698985,43.723653,0.0],[88.699062,43.723784,0.0]]]}},{"type":"Feature","properties":{"rgi_id":"RGI2000-v7.0-G-13-41576","o1region":"13"},"geometry":{"type":"Polygon","coordinates":[[[88.688706,43.721662,0.0],[88.688602,43.721767,0.0],[88.68836,43.722011,0.0],[88.688202,43.722315,0.0],[88.688013,43.722555,0.0],[88.688038,43.722551,0.0],[88.688156,43.722632,0.0],[88.688067,43.722979,0.0],[88.688074,43.723241,0.0],[88.688081,43.723491,0.0],[88.688122,43.723776,0.0],[88.688096,43.724015,0.0],[88.688153,43.7243,0.0],[88.688204,43.724607,0.0],[88.688341,43.72472,0.0],[88.688503,43.724859,0.0],[88.688712,43.724917,0.0],[88.689006,43.724984,0.0],[88.689236,43.724954,0.0],[88.68943,43.724907,0.0],[88.689611,43.724851,0.0],[88.689767,43.724796,0.0],[88.689922,43.72467,0.0],[88.68998,43.724572,0.0],[88.690256,43.724427,0.0],[88.690461,43.724362,0.0],[88.690764,43.724296,0.0],[88.690969,43.724231,0.0],[88.691173,43.724148,0.0],[88.691375,43.723969,0.0],[88.691616,43.723868,0.0],[88.691759,43.723751,0.0],[88.691915,43.723696,0.0],[88.692121,43.72364,0.0],[88.692278,43.723629,0.0],[88.692402,43.723706,0.0],[88.692442,43.723812,0.0],[88.69244,43.723839,0.0],[88.692643,43.723635,0.0],[88.69297,43.723449,0.0],[88.693212,43.723205,0.0],[88.693454,43.72296,0.0],[88.693695,43.722655,0.0],[88.693853,43.722352,0.0],[88.693927,43.722049,0.0],[88.693919,43.721748,0.0],[88.694159,43.721443,0.0],[88.694234,43.721141,0.0],[88.694475,43.720836,0.0],[88.694549,43.720534,0.0],[88.694707,43.72023,0.0],[88.694752,43.720125,0.0],[88.694638,43.720113,0.0],[88.694323,43.720117,0.0],[88.69418,43.720111,0.0],[88.694176,43.719967,0.0],[88.693981,43.719698,0.0],[88.69361,43.719794,0.0],[88.69324,43.719935,0.0],[88.693001,43.720162,0.0],[88.692971,43.720173,0.0],[88.692771,43.720289,0.0],[88.692476,43.720341,0.0],[88.692294,43.720296,0.0],[88.692143,43.720157,0.0],[88.691958,43.720126,0.0],[88.69172,43.720061,0.0],[88.691637,43.720077,0.0],[88.691624,43.72005,0.0],[88.691429,43.719781,0.0],[88.691174,43.719559,0.0],[88.6908,43.719565,0.0],[88.690494,43.71975,0.0],[88.690626,43.720019,0.0],[88.690678,43.720143,0.0],[88.690464,43.720232,0.0],[88.690231,43.720388,0.0],[88.690117,43.720464,0.0],[88.690099,43.720483,0.0],[88.690005,43.72064,0.0],[88.689878,43.720796,0.0],[88.689834,43.720976,0.0],[88.689758,43.721191,0.0],[88.689697,43.721359,0.0],[88.6896,43.721444,0.0],[88.689375,43.72159,0.0],[88.68918,43.721676,0.0],[88.688934,43.721704,0.0],[88.688736,43.721671,0.0],[88.688706,43.721662,0.0]],[[88.69227,43.723038,0.0],[88.692073,43.723048,0.0],[88.691885,43.723008,0.0],[88.691784,43.722917,0.0],[88.691779,43.72276,0.0],[88.691815,43.722645,0.0],[88.691842,43.722552,0.0],[88.691898,43.722415,0.0],[88.691973,43.722292,0.0],[88.692118,43.722183,0.0],[88.692286,43.722202,0.0],[88.692358,43.722337,0.0],[88.692411,43.722436,0.0],[88.692522,43.722527,0.0],[88.692605,43.722705,0.0],[88.692579,43.722827,0.0],[88.692464,43.722943,0.0],[88.69227,43.723038,0.0]]]}},{"type":"Feature","properties":{"rgi_id":"RGI2000-v7.0-G-13-41577","o1region":"13"},"geometry":{"type":"Polygon","coordinates":[[[88.688706,43.721662,0.0],[88.688587,43.721625,0.0],[88.688503,43.721543,0.0],[88.6885,43.721424,0.0],[88.688528,43.721257,0.0],[88.68859,43.721149,0.0],[88.688702,43.72104,0.0],[88.688782,43.720944,0.0],[88.68891,43.720835,0.0],[88.689022,43.720714,0.0],[88.689182,43.72058,0.0],[88.689326,43.720459,0.0],[88.689452,43.720255,0.0],[88.689463,43.720076,0.0],[88.689376,43.719887,0.0],[88.689258,43.719781,0.0],[88.68914,43.719664,0.0],[88.68894,43.719571,0.0],[88.688692,43.719504,0.0],[88.688476,43.719423,0.0],[88.688343,43.719378,0.0],[88.688197,43.719428,0.0],[88.688003,43.719526,0.0],[88.687892,43.71967,0.0],[88.687763,43.719756,0.0],[88.687586,43.719889,0.0],[88.687394,43.720083,0.0],[88.687203,43.720288,0.0],[88.687126,43.720468,0.0],[88.686918,43.720673,0.0],[88.686743,43.720867,0.0],[88.686469,43.721049,0.0],[88.68646,43.721311,0.0],[88.686597,43.721512,0.0],[88.686668,43.72169,0.0],[88.686788,43.72189,0.0],[88.686845,43.722175,0.0],[88.68685,43.722354,0.0],[88.686903,43.722484,0.0],[88.68712,43.722612,0.0],[88.687467,43.722678,0.0],[88.687777,43.72259,0.0],[88.688013,43.722555,0.0],[88.688202,43.722315,0.0],[88.68836,43.722011,0.0],[88.688602,43.721767,0.0],[88.688706,43.721662,0.0]]]}},{"type":"Feature","properties":{"rgi_id":"RGI2000-v7.0-G-13-41578","o1region":"13"},"geometry":{"type":"Polygon","coordinates":[[[88.701286,43.712144,0.0],[88.700961,43.712244,0.0],[88.700551,43.712431,0.0],[88.700139,43.712558,0.0],[88.699729,43.712745,0.0],[88.699315,43.712811,0.0],[88.6989,43.712817,0.0],[88.698485,43.712823,0.0],[88.698068,43.712769,0.0],[88.69757,43.712777,0.0],[88.697155,43.712783,0.0],[88.69674,43.712789,0.0],[88.696325,43.712795,0.0],[88.695968,43.712749,0.0],[88.695812,43.712857,0.0],[88.695667,43.712967,0.0],[88.695409,43.713113,0.0],[88.695035,43.713262,0.0],[88.694794,43.713444,0.0],[88.694471,43.713628,0.0],[88.69423,43.71381,0.0],[88.694124,43.714121,0.0],[88.694164,43.714383,0.0],[88.694273,43.71475,0.0],[88.694477,43.715021,0.0],[88.69463,43.715186,0.0],[88.694882,43.715408,0.0],[88.695133,43.715559,0.0],[88.695252,43.715689,0.0],[88.695633,43.715826,0.0],[88.695932,43.715929,0.0],[88.696231,43.716067,0.0],[88.696484,43.716314,0.0],[88.69677,43.716536,0.0],[88.69702,43.716687,0.0],[88.69719,43.716863,0.0],[88.697406,43.716979,0.0],[88.697657,43.717118,0.0],[88.697856,43.717187,0.0],[88.6982,43.717181,0.0],[88.698429,43.71713,0.0],[88.698556,43.716974,0.0],[88.698651,43.716853,0.0],[88.698763,43.716744,0.0],[88.698876,43.716671,0.0],[88.699203,43.71663,0.0],[88.699449,43.716615,0.0],[88.699693,43.71654,0.0],[88.699838,43.716419,0.0],[88.700015,43.716321,0.0],[88.700323,43.716173,0.0],[88.700547,43.715967,0.0],[88.700723,43.715798,0.0],[88.700817,43.71563,0.0],[88.701075,43.715471,0.0],[88.7013,43.715277,0.0],[88.701407,43.715013,0.0],[88.701466,43.714762,0.0],[88.701513,43.714478,0.0],[88.701505,43.714207,0.0],[88.701498,43.713936,0.0],[88.70149,43.713665,0.0],[88.701481,43.71336,0.0],[88.701519,43.713054,0.0],[88.701594,43.712817,0.0],[88.701538,43.712689,0.0],[88.701402,43.712512,0.0],[88.701315,43.712347,0.0],[88.701286,43.712144,0.0]]]}},{"type":"Feature","properties":{"rgi_id":"RGI2000-v7.0-G-13-41579","o1region":"13"},"geometry":{"type":"Polygon","coordinates":[[[88.695968,43.712749,0.0],[88.696325,43.712795,0.0],[88.69674,43.712789,0.0],[88.697155,43.712783,0.0],[88.69757,43.712777,0.0],[88.698068,43.712769,0.0],[88.698485,43.712823,0.0],[88.6989,43.712817,0.0],[88.699315,43.712811,0.0],[88.699729,43.712745,0.0],[88.700139,43.712558,0.0],[88.700551,43.712431,0.0],[88.700961,43.712244,0.0],[88.701286,43.712144,0.0],[88.701274,43.712061,0.0],[88.701301,43.711847,0.0],[88.701294,43.711597,0.0],[88.701381,43.71119,0.0],[88.701409,43.711011,0.0],[88.701436,43.71082,0.0],[88.701475,43.710617,0.0],[88.701448,43.710547,0.0],[88.701347,43.710278,0.0],[88.70134,43.710007,0.0],[88.701378,43.709701,0.0],[88.70137,43.70943,0.0],[88.701456,43.709158,0.0],[88.701541,43.708851,0.0],[88.701721,43.708612,0.0],[88.702043,43.708437,0.0],[88.70246,43.708329,0.0],[88.702687,43.708089,0.0],[88.702867,43.707849,0.0],[88.703045,43.707541,0.0],[88.703224,43.707267,0.0],[88.703405,43.707027,0.0],[88.703533,43.706763,0.0],[88.703491,43.706623,0.0],[88.7033,43.706542,0.0],[88.703063,43.706524,0.0],[88.702823,43.70629,0.0],[88.702722,43.706021,0.0],[88.702713,43.705716,0.0],[88.702736,43.705482,0.0],[88.702741,43.70543,0.0],[88.702559,43.70521,0.0],[88.702364,43.704942,0.0],[88.702263,43.704672,0.0],[88.702182,43.704429,0.0],[88.702161,43.704369,0.0],[88.702013,43.704066,0.0],[88.701957,43.703761,0.0],[88.701856,43.703492,0.0],[88.701663,43.703258,0.0],[88.701422,43.703024,0.0],[88.700999,43.702928,0.0],[88.700624,43.702866,0.0],[88.700251,43.702906,0.0],[88.699928,43.703046,0.0],[88.699843,43.703352,0.0],[88.700129,43.703551,0.0],[88.700415,43.703751,0.0],[88.700655,43.703984,0.0],[88.700729,43.704098,0.0],[88.700291,43.703999,0.0],[88.700106,43.704089,0.0],[88.699771,43.704079,0.0],[88.699573,43.704025,0.0],[88.6992,43.704074,0.0],[88.698961,43.704089,0.0],[88.698587,43.704094,0.0],[88.698214,43.7041,0.0],[88.697843,43.704196,0.0],[88.697741,43.704218,0.0],[88.697448,43.704143,0.0],[88.696998,43.70403,0.0],[88.69662,43.704,0.0],[88.696404,43.703932,0.0],[88.696175,43.703935,0.0],[88.696018,43.70403,0.0],[88.695985,43.70402,0.0],[88.695607,43.70389,0.0],[88.695183,43.703761,0.0],[88.694792,43.703672,0.0],[88.694801,43.703551,0.0],[88.694978,43.703417,0.0],[88.694974,43.703298,0.0],[88.694792,43.703229,0.0],[88.694331,43.703176,0.0],[88.694066,43.703097,0.0],[88.693784,43.703018,0.0],[88.693536,43.702926,0.0],[88.693275,43.703013,0.0],[88.692982,43.703089,0.0],[88.692737,43.70314,0.0],[88.692525,43.703191,0.0],[88.692332,43.703313,0.0],[88.692138,43.703423,0.0],[88.691958,43.703462,0.0],[88.691759,43.703405,0.0],[88.691673,43.70324,0.0],[88.691667,43.703025,0.0],[88.691629,43.702871,0.0],[88.691477,43.702695,0.0],[88.691278,43.702576,0.0],[88.690986,43.702797,0.0],[88.690713,43.702607,0.0],[88.690343,43.702748,0.0],[88.690068,43.702955,0.0],[88.689747,43.703163,0.0],[88.689424,43.703304,0.0],[88.689101,43.703444,0.0],[88.688778,43.703584,0.0],[88.688551,43.703825,0.0],[88.688277,43.704032,0.0],[88.687955,43.704206,0.0],[88.687631,43.704347,0.0],[88.687405,43.704587,0.0],[88.687319,43.70486,0.0],[88.68728,43.705131,0.0],[88.687286,43.705369,0.0],[88.6871,43.705371,0.0],[88.686727,43.705411,0.0],[88.686308,43.705451,0.0],[88.685938,43.705592,0.0],[88.685758,43.705832,0.0],[88.685578,43.706106,0.0],[88.685539,43.706377,0.0],[88.685501,43.706683,0.0],[88.685581,43.706828,0.0],[88.685462,43.706955,0.0],[88.68533,43.707228,0.0],[88.685431,43.707497,0.0],[88.685671,43.707731,0.0],[88.685911,43.707965,0.0],[88.686059,43.708234,0.0],[88.686019,43.708505,0.0],[88.685651,43.70868,0.0],[88.68528,43.708787,0.0],[88.685115,43.708912,0.0],[88.685095,43.708858,0.0],[88.684994,43.708588,0.0],[88.684845,43.708285,0.0],[88.684744,43.708016,0.0],[88.684643,43.707746,0.0],[88.684589,43.707476,0.0],[88.684581,43.707205,0.0],[88.684574,43.706934,0.0],[88.68466,43.706661,0.0],[88.684838,43.706354,0.0],[88.68497,43.706081,0.0],[88.684869,43.705811,0.0],[88.684496,43.705817,0.0],[88.684077,43.70589,0.0],[88.683659,43.705964,0.0],[88.683337,43.706139,0.0],[88.68311,43.706379,0.0],[88.682977,43.706652,0.0],[88.683078,43.706922,0.0],[88.683365,43.707155,0.0],[88.683559,43.707389,0.0],[88.683706,43.707658,0.0],[88.683808,43.707962,0.0],[88.683957,43.708265,0.0],[88.684011,43.708535,0.0],[88.684066,43.708805,0.0],[88.684073,43.709076,0.0],[88.684035,43.709382,0.0],[88.683989,43.709417,0.0],[88.683762,43.709657,0.0],[88.683488,43.709864,0.0],[88.683308,43.710104,0.0],[88.683176,43.710411,0.0],[88.682998,43.710719,0.0],[88.682912,43.710991,0.0],[88.682779,43.711264,0.0],[88.6826,43.711538,0.0],[88.682375,43.711847,0.0],[88.682243,43.71212,0.0],[88.682016,43.71236,0.0],[88.681743,43.712635,0.0],[88.681516,43.712876,0.0],[88.681195,43.713084,0.0],[88.681063,43.713357,0.0],[88.681065,43.71344,0.0],[88.68104,43.713458,0.0],[88.680904,43.713755,0.0],[88.680688,43.714016,0.0],[88.680394,43.714325,0.0],[88.680255,43.714518,0.0],[88.680118,43.714787,0.0],[88.679996,43.715122,0.0],[88.679805,43.715353,0.0],[88.679618,43.715699,0.0],[88.679587,43.715995,0.0],[88.679502,43.716244,0.0],[88.679391,43.716503,0.0],[88.679279,43.716743,0.0],[88.679186,43.716852,0.0],[88.679198,43.716901,0.0],[88.679331,43.717256,0.0],[88.679708,43.717518,0.0],[88.680202,43.717571,0.0],[88.680648,43.717539,0.0],[88.680862,43.717434,0.0],[88.681159,43.717258,0.0],[88.681375,43.717115,0.0],[88.681548,43.716962,0.0],[88.681674,43.71686,0.0],[88.681808,43.716744,0.0],[88.681952,43.716584,0.0],[88.682037,43.716469,0.0],[88.68218,43.716288,0.0],[88.682305,43.716193,0.0],[88.682371,43.716071,0.0],[88.682523,43.715861,0.0],[88.682666,43.715716,0.0],[88.68282,43.715564,0.0],[88.682925,43.715434,0.0],[88.683037,43.715239,0.0],[88.683182,43.715123,0.0],[88.683393,43.714927,0.0],[88.683527,43.714796,0.0],[88.683701,43.714665,0.0],[88.683916,43.714583,0.0],[88.684219,43.7145,0.0],[88.684493,43.714439,0.0],[88.684748,43.714385,0.0],[88.684983,43.714346,0.0],[88.685207,43.714257,0.0],[88.685372,43.714168,0.0],[88.685644,43.714043,0.0],[88.685811,43.71399,0.0],[88.686015,43.713902,0.0],[88.686348,43.713831,0.0],[88.686641,43.713732,0.0],[88.686916,43.713596,0.0],[88.687242,43.713496,0.0],[88.687534,43.713373,0.0],[88.687793,43.71325,0.0],[88.688038,43.713187,0.0],[88.688429,43.713086,0.0],[88.688706,43.712998,0.0],[88.688983,43.712923,0.0],[88.689359,43.712858,0.0],[88.689668,43.712782,0.0],[88.690062,43.712776,0.0],[88.690342,43.712784,0.0],[88.690668,43.712719,0.0],[88.691096,43.712737,0.0],[88.691538,43.712694,0.0],[88.691782,43.712619,0.0],[88.692059,43.712544,0.0],[88.692351,43.71242,0.0],[88.69248,43.712311,0.0],[88.692854,43.712187,0.0],[88.692964,43.712006,0.0],[88.693154,43.711765,0.0],[88.693296,43.711572,0.0],[88.693388,43.711321,0.0],[88.693548,43.711176,0.0],[88.693692,43.711054,0.0],[88.693922,43.711039,0.0],[88.694184,43.711023,0.0],[88.694447,43.711019,0.0],[88.694776,43.711038,0.0],[88.695055,43.711034,0.0],[88.695272,43.711186,0.0],[88.695394,43.71141,0.0],[88.695465,43.711612,0.0],[88.695602,43.711824,0.0],[88.695773,43.712036,0.0],[88.695957,43.712188,0.0],[88.696028,43.712366,0.0],[88.69605,43.712544,0.0],[88.696021,43.712711,0.0],[88.695968,43.712749,0.0]],[[88.687764,43.709056,0.0],[88.687709,43.708785,0.0],[88.687608,43.708516,0.0],[88.687601,43.708245,0.0],[88.6875,43.707975,0.0],[88.687492,43.707704,0.0],[88.687438,43.707434,0.0],[88.68729,43.707165,0.0],[88.687004,43.706966,0.0],[88.686997,43.706729,0.0],[88.687129,43.706422,0.0],[88.687356,43.706181,0.0],[88.687527,43.70603,0.0],[88.687642,43.706175,0.0],[88.687736,43.706295,0.0],[88.687998,43.706272,0.0],[88.688165,43.706365,0.0],[88.688402,43.706623,0.0],[88.688753,43.706832,0.0],[88.689039,43.707102,0.0],[88.689195,43.707386,0.0],[88.689319,43.707717,0.0],[88.689345,43.70805,0.0],[88.689287,43.708325,0.0],[88.689052,43.708734,0.0],[88.688894,43.70895,0.0],[88.688786,43.70919,0.0],[88.688662,43.709454,0.0],[88.688422,43.709672,0.0],[88.688083,43.709892,0.0],[88.687938,43.709901,0.0],[88.687927,43.709867,0.0],[88.687872,43.709596,0.0],[88.687865,43.709325,0.0],[88.687764,43.709056,0.0]]]}},{"type":"Feature","properties":{"rgi_id":"RGI2000-v7.0-G-13-41580","o1region":"13"},"geometry":{"type":"Polygon","coordinates":[[[88.680651,43.700675,0.0],[88.680764,43.700941,0.0],[88.680587,43.701191,0.0],[88.680488,43.701421,0.0],[88.680363,43.701652,0.0],[88.680212,43.701883,0.0],[88.68006,43.702094,0.0],[88.67983,43.702326,0.0],[88.679757,43.702518,0.0],[88.679892,43.702669,0.0],[88.68016,43.702855,0.0],[88.680373,43.702928,0.0],[88.680847,43.702998,0.0],[88.68124,43.702954,0.0],[88.681633,43.702929,0.0],[88.68205,43.702789,0.0],[88.682389,43.702689,0.0],[88.682859,43.702587,0.0],[88.683274,43.702428,0.0],[88.683585,43.702271,0.0],[88.683924,43.702171,0.0],[88.684263,43.702071,0.0],[88.684655,43.702027,0.0],[88.684838,43.701986,0.0],[88.685205,43.701961,0.0],[88.685519,43.701919,0.0],[88.685777,43.701724,0.0],[88.685744,43.701496,0.0],[88.685656,43.701173,0.0],[88.685339,43.701121,0.0],[88.68484,43.701109,0.0],[88.684628,43.701036,0.0],[88.68444,43.700905,0.0],[88.684253,43.700794,0.0],[88.683987,43.700683,0.0],[88.683568,43.700709,0.0],[88.683174,43.700715,0.0],[88.68296,43.700584,0.0],[88.683008,43.700431,0.0],[88.683029,43.700221,0.0],[88.683262,43.700103,0.0],[88.683551,43.700099,0.0],[88.683739,43.700249,0.0],[88.684004,43.70034,0.0],[88.684244,43.700451,0.0],[88.684478,43.700371,0.0],[88.684737,43.700234,0.0],[88.684972,43.700192,0.0],[88.685126,43.700057,0.0],[88.685412,43.699976,0.0],[88.685727,43.699972,0.0],[88.686092,43.699871,0.0],[88.685981,43.699663,0.0],[88.685943,43.699426,0.0],[88.685993,43.699148,0.0],[88.685586,43.69907,0.0],[88.685333,43.699039,0.0],[88.685019,43.699039,0.0],[88.684628,43.699168,0.0],[88.684313,43.699192,0.0],[88.683973,43.699216,0.0],[88.683681,43.699106,0.0],[88.683206,43.699056,0.0],[88.682914,43.698946,0.0],[88.682465,43.698857,0.0],[88.682126,43.698919,0.0],[88.681706,43.698964,0.0],[88.681265,43.699161,0.0],[88.681007,43.699298,0.0],[88.680618,43.699494,0.0],[88.680387,43.699669,0.0],[88.680235,43.6999,0.0],[88.68027,43.700186,0.0],[88.680381,43.700413,0.0],[88.680651,43.700675,0.0]]]}},{"type":"Feature","properties":{"rgi_id":"RGI2000-v7.0-G-13-41581","o1region":"13"},"geometry":{"type":"Polygon","coordinates":[[[88.712244,43.71002,0.0],[88.712242,43.709967,0.0],[88.712234,43.709666,0.0],[88.712225,43.709365,0.0],[88.712217,43.709064,0.0],[88.712208,43.708762,0.0],[88.7122,43.708461,0.0],[88.712108,43.708161,0.0],[88.712015,43.707801,0.0],[88.712006,43.7075,0.0],[88.712003,43.707374,0.0],[88.711596,43.70749,0.0],[88.711533,43.707521,0.0],[88.711557,43.707743,0.0],[88.711446,43.708001,0.0],[88.711386,43.708062,0.0],[88.710883,43.707712,0.0],[88.710501,43.707626,0.0],[88.710241,43.707355,0.0],[88.709856,43.707177,0.0],[88.709477,43.707183,0.0],[88.709095,43.707097,0.0],[88.708716,43.707103,0.0],[88.708337,43.707108,0.0],[88.707958,43.707114,0.0],[88.707579,43.70712,0.0],[88.707194,43.706942,0.0],[88.70706,43.706669,0.0],[88.706678,43.706583,0.0],[88.706294,43.706405,0.0],[88.705915,43.706411,0.0],[88.705536,43.706416,0.0],[88.705156,43.706422,0.0],[88.70478,43.706519,0.0],[88.704406,43.706708,0.0],[88.704414,43.706984,0.0],[88.704548,43.707257,0.0],[88.704927,43.707251,0.0],[88.705306,43.707245,0.0],[88.705567,43.707517,0.0],[88.705827,43.707788,0.0],[88.705962,43.708061,0.0],[88.706096,43.708334,0.0],[88.706356,43.708606,0.0],[88.706491,43.708879,0.0],[88.706625,43.709152,0.0],[88.706703,43.709311,0.0],[88.706425,43.70952,0.0],[88.706155,43.70971,0.0],[88.705824,43.709858,0.0],[88.705355,43.709979,0.0],[88.705163,43.710168,0.0],[88.705286,43.710323,0.0],[88.705465,43.710406,0.0],[88.705452,43.710621,0.0],[88.705303,43.710923,0.0],[88.705289,43.711138,0.0],[88.705314,43.711338,0.0],[88.705462,43.711679,0.0],[88.705615,43.711877,0.0],[88.705928,43.711972,0.0],[88.706305,43.712102,0.0],[88.706682,43.712232,0.0],[88.707016,43.712464,0.0],[88.707303,43.712697,0.0],[88.707636,43.712895,0.0],[88.707968,43.713094,0.0],[88.708254,43.713293,0.0],[88.708586,43.713457,0.0],[88.708872,43.713656,0.0],[88.709158,43.713855,0.0],[88.709399,43.714089,0.0],[88.709639,43.714323,0.0],[88.709711,43.714393,0.0],[88.709976,43.714453,0.0],[88.710273,43.71452,0.0],[88.710572,43.714622,0.0],[88.710885,43.714549,0.0],[88.711134,43.714516,0.0],[88.711382,43.714456,0.0],[88.711886,43.714191,0.0],[88.712452,43.71423,0.0],[88.712893,43.714471,0.0],[88.71319,43.714771,0.0],[88.713503,43.715138,0.0],[88.713559,43.715541,0.0],[88.713831,43.715861,0.0],[88.714025,43.716201,0.0],[88.714218,43.716541,0.0],[88.714349,43.716712,0.0],[88.714513,43.716747,0.0],[88.71494,43.716969,0.0],[88.715392,43.717172,0.0],[88.715869,43.717298,0.0],[88.716346,43.717443,0.0],[88.716823,43.717589,0.0],[88.717323,43.717619,0.0],[88.717848,43.717592,0.0],[88.718426,43.717584,0.0],[88.718925,43.717576,0.0],[88.719424,43.717569,0.0],[88.719923,43.717561,0.0],[88.720448,43.717553,0.0],[88.720948,43.717584,0.0],[88.721448,43.717595,0.0],[88.721917,43.717474,0.0],[88.722224,43.717183,0.0],[88.722031,43.716843,0.0],[88.721675,43.716612,0.0],[88.72147,43.716546,0.0],[88.721229,43.716378,0.0],[88.720949,43.716225,0.0],[88.720651,43.71613,0.0],[88.720254,43.71605,0.0],[88.719821,43.716056,0.0],[88.719385,43.715992,0.0],[88.719046,43.715854,0.0],[88.718711,43.715844,0.0],[88.718395,43.715806,0.0],[88.718137,43.715753,0.0],[88.717897,43.715628,0.0],[88.71752,43.715534,0.0],[88.717259,43.71538,0.0],[88.717037,43.715169,0.0],[88.716854,43.714986,0.0],[88.716671,43.714774,0.0],[88.716664,43.714546,0.0],[88.71652,43.714348,0.0],[88.716302,43.714294,0.0],[88.716004,43.714198,0.0],[88.715783,43.714073,0.0],[88.715719,43.713874,0.0],[88.715713,43.713674,0.0],[88.715706,43.713431,0.0],[88.715621,43.713204,0.0],[88.715477,43.713006,0.0],[88.71541,43.712721,0.0],[88.715246,43.712495,0.0],[88.714947,43.712385,0.0],[88.714545,43.712119,0.0],[88.714225,43.711924,0.0],[88.713998,43.711794,0.0],[88.713799,43.711725,0.0],[88.713559,43.711615,0.0],[88.713181,43.711492,0.0],[88.712921,43.711367,0.0],[88.712681,43.711228,0.0],[88.712264,43.71112,0.0],[88.711987,43.711081,0.0],[88.71165,43.711014,0.0],[88.71137,43.710861,0.0],[88.711188,43.710707,0.0],[88.711242,43.71052,0.0],[88.711315,43.710333,0.0],[88.711569,43.710229,0.0],[88.711801,43.710097,0.0],[88.711976,43.710009,0.0],[88.712244,43.71002,0.0]]]}},{"type":"Feature","properties":{"rgi_id":"RGI2000-v7.0-G-13-41582","o1region":"13"},"geometry":{"type":"Polygon","coordinates":[[[88.712003,43.707374,0.0],[88.712006,43.7075,0.0],[88.712015,43.707801,0.0],[88.712108,43.708161,0.0],[88.7122,43.708461,0.0],[88.712208,43.708762,0.0],[88.712217,43.709064,0.0],[88.712225,43.709365,0.0],[88.712234,43.709666,0.0],[88.712242,43.709967,0.0],[88.712244,43.71002,0.0],[88.712509,43.71003,0.0],[88.712807,43.710111,0.0],[88.712943,43.710154,0.0],[88.712965,43.710251,0.0],[88.713097,43.71052,0.0],[88.713353,43.710742,0.0],[88.713608,43.710965,0.0],[88.713926,43.711186,0.0],[88.714303,43.711316,0.0],[88.714559,43.711538,0.0],[88.714876,43.711714,0.0],[88.715192,43.71189,0.0],[88.715448,43.712112,0.0],[88.71558,43.712381,0.0],[88.715898,43.712602,0.0],[88.716203,43.712671,0.0],[88.716253,43.712803,0.0],[88.716434,43.712929,0.0],[88.716692,43.712983,0.0],[88.716849,43.712966,0.0],[88.717065,43.712949,0.0],[88.717301,43.712931,0.0],[88.717538,43.712956,0.0],[88.717776,43.713009,0.0],[88.718035,43.713091,0.0],[88.718291,43.713102,0.0],[88.718587,43.713097,0.0],[88.71898,43.713077,0.0],[88.719256,43.713073,0.0],[88.719686,43.712966,0.0],[88.719821,43.712864,0.0],[88.719958,43.712805,0.0],[88.720074,43.712732,0.0],[88.720208,43.712615,0.0],[88.720303,43.712471,0.0],[88.720417,43.712312,0.0],[88.72055,43.712167,0.0],[88.720727,43.712136,0.0],[88.720866,43.712191,0.0],[88.720989,43.712332,0.0],[88.72109,43.712445,0.0],[88.721213,43.712586,0.0],[88.721354,43.712712,0.0],[88.721494,43.712796,0.0],[88.721911,43.712876,0.0],[88.722147,43.712872,0.0],[88.722498,43.712738,0.0],[88.722673,43.712664,0.0],[88.722847,43.712561,0.0],[88.722919,43.712303,0.0],[88.72295,43.712031,0.0],[88.722864,43.711775,0.0],[88.722856,43.711475,0.0],[88.722728,43.711134,0.0],[88.722605,43.710993,0.0],[88.72252,43.710765,0.0],[88.722436,43.710581,0.0],[88.722391,43.710381,0.0],[88.722246,43.71014,0.0],[88.722063,43.709943,0.0],[88.721587,43.709836,0.0],[88.721211,43.70977,0.0],[88.720636,43.70965,0.0],[88.720219,43.709528,0.0],[88.719902,43.70949,0.0],[88.719606,43.709451,0.0],[88.719291,43.70947,0.0],[88.71894,43.70959,0.0],[88.718528,43.709682,0.0],[88.718272,43.709671,0.0],[88.718013,43.70959,0.0],[88.718085,43.709346,0.0],[88.718199,43.709187,0.0],[88.718231,43.708929,0.0],[88.718185,43.708701,0.0],[88.717805,43.708506,0.0],[88.717427,43.708355,0.0],[88.717203,43.708115,0.0],[88.716882,43.70792,0.0],[88.716583,43.707782,0.0],[88.716225,43.707687,0.0],[88.715847,43.707535,0.0],[88.715073,43.707375,0.0],[88.714557,43.70724,0.0],[88.71412,43.707104,0.0],[88.713668,43.707139,0.0],[88.71325,43.707003,0.0],[88.713213,43.706989,0.0],[88.713054,43.70703,0.0],[88.712559,43.707171,0.0],[88.712091,43.707349,0.0],[88.712003,43.707374,0.0]]]}},{"type":"Feature","properties":{"rgi_id":"RGI2000-v7.0-G-13-41583","o1region":"13"},"geometry":{"type":"Polygon","coordinates":[[[88.721782,43.704733,0.0],[88.721581,43.704569,0.0],[88.721378,43.704358,0.0],[88.721144,43.704218,0.0],[88.720875,43.704008,0.0],[88.720706,43.70382,0.0],[88.72052,43.703644,0.0],[88.720336,43.703516,0.0],[88.719958,43.703521,0.0],[88.719678,43.70349,0.0],[88.719415,43.703458,0.0],[88.719119,43.703462,0.0],[88.718777,43.703539,0.0],[88.718581,43.703578,0.0],[88.718333,43.703522,0.0],[88.718068,43.703454,0.0],[88.717757,43.703495,0.0],[88.717482,43.70363,0.0],[88.717305,43.703752,0.0],[88.717293,43.703919,0.0],[88.717265,43.704062,0.0],[88.717401,43.704227,0.0],[88.717539,43.704475,0.0],[88.71761,43.704676,0.0],[88.717927,43.704838,0.0],[88.718126,43.704907,0.0],[88.718327,43.705047,0.0],[88.718626,43.705161,0.0],[88.718908,43.705264,0.0],[88.719125,43.70538,0.0],[88.719359,43.70552,0.0],[88.719642,43.705682,0.0],[88.719794,43.705835,0.0],[88.720012,43.705974,0.0],[88.720228,43.706054,0.0],[88.720477,43.706158,0.0],[88.720709,43.706226,0.0],[88.720939,43.706258,0.0],[88.721219,43.706278,0.0],[88.721433,43.706286,0.0],[88.721664,43.706319,0.0],[88.721864,43.706435,0.0],[88.722162,43.706525,0.0],[88.722475,43.706545,0.0],[88.722753,43.706517,0.0],[88.722914,43.706419,0.0],[88.72296,43.706275,0.0],[88.722939,43.706133,0.0],[88.722884,43.705943,0.0],[88.722798,43.705777,0.0],[88.722727,43.705612,0.0],[88.722641,43.705482,0.0],[88.722538,43.705329,0.0],[88.72242,43.705211,0.0],[88.722285,43.705082,0.0],[88.7222,43.704965,0.0],[88.722081,43.704847,0.0],[88.721782,43.704733,0.0]]]}},{"type":"Feature","properties":{"rgi_id":"RGI2000-v7.0-G-13-41584","o1region":"13"},"geometry":{"type":"Polygon","coordinates":[[[88.736487,43.710392,0.0],[88.73627,43.710566,0.0],[88.736079,43.710771,0.0],[88.735835,43.710846,0.0],[88.73551,43.710982,0.0],[88.735169,43.711118,0.0],[88.734976,43.71124,0.0],[88.734881,43.711373,0.0],[88.734803,43.711505,0.0],[88.734724,43.711613,0.0],[88.734612,43.71171,0.0],[88.734399,43.711737,0.0],[88.733908,43.711781,0.0],[88.733695,43.71182,0.0],[88.733319,43.711873,0.0],[88.732894,43.711927,0.0],[88.732535,43.712028,0.0],[88.732343,43.712185,0.0],[88.731921,43.712359,0.0],[88.731663,43.712517,0.0],[88.73165,43.712661,0.0],[88.731752,43.712766,0.0],[88.731886,43.712871,0.0],[88.732215,43.712866,0.0],[88.732494,43.712886,0.0],[88.732757,43.712882,0.0],[88.733035,43.712842,0.0],[88.733232,43.712827,0.0],[88.73341,43.712753,0.0],[88.733604,43.712631,0.0],[88.733749,43.712545,0.0],[88.733945,43.712507,0.0],[88.734145,43.712599,0.0],[88.734245,43.712657,0.0],[88.734539,43.712593,0.0],[88.734864,43.712493,0.0],[88.73514,43.712381,0.0],[88.735436,43.712401,0.0],[88.735619,43.712481,0.0],[88.735721,43.712611,0.0],[88.735756,43.712724,0.0],[88.735827,43.712684,0.0],[88.735902,43.712382,0.0],[88.736059,43.712078,0.0],[88.73622,43.711915,0.0],[88.736301,43.711833,0.0],[88.736542,43.711528,0.0],[88.736835,43.711395,0.0],[88.736697,43.711085,0.0],[88.736539,43.71073,0.0],[88.736487,43.710392,0.0]]]}},{"type":"Feature","properties":{"rgi_id":"RGI2000-v7.0-G-13-41585","o1region":"13"},"geometry":{"type":"Polygon","coordinates":[[[88.738537,43.714419,0.0],[88.738625,43.714222,0.0],[88.738919,43.71417,0.0],[88.739163,43.714095,0.0],[88.739443,43.714091,0.0],[88.739738,43.714098,0.0],[88.740001,43.714094,0.0],[88.740278,43.71403,0.0],[88.740506,43.713943,0.0],[88.740617,43.713811,0.0],[88.740711,43.713654,0.0],[88.740771,43.713475,0.0],[88.740883,43.713378,0.0],[88.741261,43.713384,0.0],[88.741542,43.713451,0.0],[88.741756,43.713448,0.0],[88.741898,43.713243,0.0],[88.741892,43.713053,0.0],[88.741885,43.712815,0.0],[88.741879,43.712588,0.0],[88.741855,43.712327,0.0],[88.741815,43.712077,0.0],[88.741658,43.711782,0.0],[88.741406,43.711571,0.0],[88.7413,43.711323,0.0],[88.741146,43.711099,0.0],[88.741057,43.710874,0.0],[88.740969,43.710673,0.0],[88.740865,43.710484,0.0],[88.740779,43.71033,0.0],[88.740528,43.710191,0.0],[88.740279,43.710076,0.0],[88.739946,43.709914,0.0],[88.739566,43.709848,0.0],[88.739479,43.709683,0.0],[88.739297,43.709638,0.0],[88.738887,43.709644,0.0],[88.738575,43.709649,0.0],[88.738325,43.709534,0.0],[88.738013,43.709527,0.0],[88.737688,43.709651,0.0],[88.73748,43.709809,0.0],[88.737123,43.709969,0.0],[88.73675,43.710141,0.0],[88.736559,43.710335,0.0],[88.736487,43.710392,0.0],[88.736539,43.71073,0.0],[88.736697,43.711085,0.0],[88.736835,43.711395,0.0],[88.736855,43.71144,0.0],[88.737062,43.711794,0.0],[88.737123,43.712186,0.0],[88.737134,43.712579,0.0],[88.737292,43.712934,0.0],[88.737401,43.71329,0.0],[88.737608,43.713644,0.0],[88.737864,43.713962,0.0],[88.738266,43.714241,0.0],[88.738316,43.714276,0.0],[88.738537,43.714419,0.0]]]}},{"type":"Feature","properties":{"rgi_id":"RGI2000-v7.0-G-13-41586","o1region":"13"},"geometry":{"type":"Polygon","coordinates":[[[88.744049,43.710466,0.0],[88.744009,43.710204,0.0],[88.743965,43.709848,0.0],[88.743893,43.70961,0.0],[88.74366,43.709495,0.0],[88.743393,43.709356,0.0],[88.7429,43.709364,0.0],[88.742538,43.709321,0.0],[88.741978,43.709259,0.0],[88.741485,43.709266,0.0],[88.740996,43.709369,0.0],[88.740806,43.70961,0.0],[88.740845,43.709824,0.0],[88.741015,43.710036,0.0],[88.741217,43.710199,0.0],[88.741518,43.710385,0.0],[88.741817,43.710524,0.0],[88.742051,43.710639,0.0],[88.742088,43.710805,0.0],[88.742062,43.711044,0.0],[88.742263,43.71116,0.0],[88.742594,43.71125,0.0],[88.743023,43.711315,0.0],[88.743287,43.711359,0.0],[88.743614,43.71133,0.0],[88.743741,43.711161,0.0],[88.743864,43.710874,0.0],[88.743893,43.710754,0.0],[88.744049,43.710466,0.0]]]}},{"type":"Feature","properties":{"rgi_id":"RGI2000-v7.0-G-13-41587","o1region":"13"},"geometry":{"type":"Polygon","coordinates":[[[88.736203,43.714171,0.0],[88.736308,43.714174,0.0],[88.736476,43.714291,0.0],[88.736594,43.714396,0.0],[88.736648,43.714562,0.0],[88.736735,43.714715,0.0],[88.736869,43.714821,0.0],[88.736971,43.714938,0.0],[88.737088,43.71502,0.0],[88.737172,43.71509,0.0],[88.737112,43.715258,0.0],[88.736898,43.715261,0.0],[88.736537,43.715266,0.0],[88.736327,43.715377,0.0],[88.736314,43.71552,0.0],[88.736337,43.715746,0.0],[88.736376,43.715936,0.0],[88.736414,43.716126,0.0],[88.736486,43.716351,0.0],[88.736526,43.716601,0.0],[88.736663,43.716789,0.0],[88.736767,43.71699,0.0],[88.736825,43.717275,0.0],[88.736898,43.717512,0.0],[88.737002,43.717713,0.0],[88.737025,43.717939,0.0],[88.737096,43.718129,0.0],[88.7372,43.718329,0.0],[88.737335,43.718446,0.0],[88.73755,43.718491,0.0],[88.737812,43.718475,0.0],[88.73809,43.718411,0.0],[88.738251,43.718313,0.0],[88.73846,43.718155,0.0],[88.738555,43.718023,0.0],[88.738731,43.717865,0.0],[88.738841,43.717697,0.0],[88.738934,43.717529,0.0],[88.739059,43.717289,0.0],[88.739101,43.717038,0.0],[88.73911,43.716788,0.0],[88.739137,43.716573,0.0],[88.739047,43.716312,0.0],[88.738927,43.716147,0.0],[88.738726,43.715995,0.0],[88.738671,43.715794,0.0],[88.738682,43.715603,0.0],[88.738674,43.715353,0.0],[88.738684,43.715103,0.0],[88.738693,43.714876,0.0],[88.738604,43.714639,0.0],[88.738537,43.714419,0.0],[88.738316,43.714276,0.0],[88.738266,43.714241,0.0],[88.737864,43.713962,0.0],[88.737608,43.713644,0.0],[88.737401,43.71329,0.0],[88.737292,43.712934,0.0],[88.737134,43.712579,0.0],[88.737123,43.712186,0.0],[88.737062,43.711794,0.0],[88.736855,43.71144,0.0],[88.736835,43.711395,0.0],[88.736542,43.711528,0.0],[88.736301,43.711833,0.0],[88.73622,43.711915,0.0],[88.736225,43.712075,0.0],[88.736235,43.712437,0.0],[88.736244,43.712738,0.0],[88.73617,43.71304,0.0],[88.736179,43.713341,0.0],[88.736187,43.713643,0.0],[88.736196,43.713944,0.0],[88.736203,43.714171,0.0]]]}},{"type":"Feature","properties":{"rgi_id":"RGI2000-v7.0-G-13-41588","o1region":"13"},"geometry":{"type":"Polygon","coordinates":[[[88.736203,43.714171,0.0],[88.736196,43.713944,0.0],[88.736187,43.713643,0.0],[88.736179,43.713341,0.0],[88.73617,43.71304,0.0],[88.736244,43.712738,0.0],[88.736235,43.712437,0.0],[88.736225,43.712075,0.0],[88.73622,43.711915,0.0],[88.736059,43.712078,0.0],[88.735902,43.712382,0.0],[88.735827,43.712684,0.0],[88.735756,43.712724,0.0],[88.735776,43.712789,0.0],[88.735779,43.712908,0.0],[88.735766,43.713015,0.0],[88.735687,43.713135,0.0],[88.735494,43.713257,0.0],[88.735332,43.713331,0.0],[88.735134,43.713299,0.0],[88.734904,43.713302,0.0],[88.734656,43.713246,0.0],[88.734457,43.713178,0.0],[88.734209,43.713134,0.0],[88.733849,43.713151,0.0],[88.73354,43.713275,0.0],[88.73348,43.713467,0.0],[88.733484,43.713598,0.0],[88.733355,43.713707,0.0],[88.733143,43.713734,0.0],[88.732897,43.713737,0.0],[88.732716,43.71374,0.0],[88.732371,43.713745,0.0],[88.732093,43.713762,0.0],[88.73183,43.713777,0.0],[88.731705,43.71397,0.0],[88.731677,43.714149,0.0],[88.731682,43.714316,0.0],[88.731768,43.714469,0.0],[88.731823,43.714659,0.0],[88.731728,43.71478,0.0],[88.731533,43.714866,0.0],[88.73139,43.715035,0.0],[88.73133,43.715226,0.0],[88.731338,43.715488,0.0],[88.731424,43.715642,0.0],[88.731576,43.715771,0.0],[88.731748,43.716054,0.0],[88.731868,43.716231,0.0],[88.732005,43.716407,0.0],[88.732076,43.716621,0.0],[88.732097,43.716775,0.0],[88.732236,43.717023,0.0],[88.732385,43.717068,0.0],[88.732677,43.716945,0.0],[88.73287,43.716799,0.0],[88.73298,43.716619,0.0],[88.733091,43.71651,0.0],[88.733251,43.716341,0.0],[88.733363,43.716256,0.0],[88.733511,43.716265,0.0],[88.733614,43.716407,0.0],[88.733652,43.716573,0.0],[88.733655,43.716692,0.0],[88.733712,43.716965,0.0],[88.733897,43.717105,0.0],[88.734113,43.717185,0.0],[88.734278,43.717218,0.0],[88.734556,43.717167,0.0],[88.734766,43.717056,0.0],[88.734927,43.716935,0.0],[88.735004,43.716779,0.0],[88.735112,43.716515,0.0],[88.735206,43.716371,0.0],[88.73523,43.716084,0.0],[88.735306,43.715869,0.0],[88.735317,43.715666,0.0],[88.735311,43.715476,0.0],[88.735224,43.715298,0.0],[88.735089,43.715169,0.0],[88.734987,43.715028,0.0],[88.734949,43.714862,0.0],[88.734944,43.714707,0.0],[88.735023,43.714575,0.0],[88.735264,43.714416,0.0],[88.735444,43.714366,0.0],[88.735719,43.714243,0.0],[88.736029,43.714166,0.0],[88.736203,43.714171,0.0]]]}},{"type":"Feature","properties":{"rgi_id":"RGI2000-v7.0-G-13-41589","o1region":"13"},"geometry":{"type":"Polygon","coordinates":[[[88.748883,43.718088,0.0],[88.7489,43.718177,0.0],[88.749129,43.718416,0.0],[88.74939,43.718687,0.0],[88.749775,43.718865,0.0],[88.750288,43.719132,0.0],[88.750296,43.719407,0.0],[88.7503,43.719549,0.0],[88.750625,43.719564,0.0],[88.751064,43.719414,0.0],[88.751686,43.718761,0.0],[88.752105,43.717933,0.0],[88.752254,43.717759,0.0],[88.752273,43.717626,0.0],[88.752323,43.717274,0.0],[88.752303,43.71706,0.0],[88.752276,43.716774,0.0],[88.752297,43.7165,0.0],[88.752323,43.716154,0.0],[88.752318,43.715989,0.0],[88.75231,43.715702,0.0],[88.75231,43.71556,0.0],[88.752311,43.715393,0.0],[88.75252,43.715235,0.0],[88.752762,43.715077,0.0],[88.753021,43.714977,0.0],[88.753312,43.714818,0.0],[88.753704,43.714729,0.0],[88.753997,43.714653,0.0],[88.754271,43.71447,0.0],[88.754596,43.714358,0.0],[88.75497,43.714233,0.0],[88.755179,43.714087,0.0],[88.755307,43.71397,0.0],[88.755419,43.713869,0.0],[88.75576,43.713732,0.0],[88.756052,43.713597,0.0],[88.756294,43.713438,0.0],[88.75645,43.713174,0.0],[88.756757,43.71299,0.0],[88.756997,43.712784,0.0],[88.757123,43.712592,0.0],[88.757233,43.712423,0.0],[88.757458,43.712265,0.0],[88.757703,43.712225,0.0],[88.757914,43.712139,0.0],[88.758123,43.711969,0.0],[88.758201,43.711837,0.0],[88.758262,43.711681,0.0],[88.758241,43.711526,0.0],[88.758091,43.711457,0.0],[88.757893,43.711413,0.0],[88.757791,43.711307,0.0],[88.757739,43.711189,0.0],[88.757767,43.711045,0.0],[88.757747,43.710926,0.0],[88.757645,43.710797,0.0],[88.757542,43.710644,0.0],[88.757391,43.710527,0.0],[88.757224,43.710422,0.0],[88.75704,43.710306,0.0],[88.756823,43.710202,0.0],[88.756655,43.710074,0.0],[88.756371,43.709899,0.0],[88.756155,43.709807,0.0],[88.755872,43.709693,0.0],[88.755688,43.709576,0.0],[88.755438,43.709437,0.0],[88.755268,43.709249,0.0],[88.755035,43.709122,0.0],[88.754718,43.708972,0.0],[88.75447,43.708892,0.0],[88.754102,43.708672,0.0],[88.753835,43.708521,0.0],[88.753698,43.708332,0.0],[88.753544,43.708132,0.0],[88.753342,43.707945,0.0],[88.753158,43.70784,0.0],[88.752829,43.707822,0.0],[88.752567,43.70785,0.0],[88.752372,43.707924,0.0],[88.752079,43.708012,0.0],[88.751866,43.708027,0.0],[88.751573,43.708091,0.0],[88.751361,43.708154,0.0],[88.751086,43.708277,0.0],[88.750824,43.708317,0.0],[88.750594,43.708309,0.0],[88.750312,43.708218,0.0],[88.749965,43.70814,0.0],[88.749554,43.70811,0.0],[88.749209,43.708115,0.0],[88.74893,43.70812,0.0],[88.748536,43.708126,0.0],[88.748159,43.708143,0.0],[88.747684,43.708186,0.0],[88.747439,43.70825,0.0],[88.747214,43.708408,0.0],[88.747119,43.708505,0.0],[88.747057,43.708649,0.0],[88.74693,43.708793,0.0],[88.746854,43.709009,0.0],[88.746713,43.709237,0.0],[88.746369,43.709276,0.0],[88.745935,43.70924,0.0],[88.74554,43.709217,0.0],[88.745147,43.709252,0.0],[88.744992,43.70934,0.0],[88.744819,43.7095,0.0],[88.744684,43.709602,0.0],[88.744591,43.709789,0.0],[88.744577,43.70999,0.0],[88.744776,43.710044,0.0],[88.745012,43.710026,0.0],[88.745305,43.709964,0.0],[88.745777,43.709928,0.0],[88.745976,43.709997,0.0],[88.746135,43.710037,0.0],[88.746375,43.710162,0.0],[88.746694,43.710286,0.0],[88.747056,43.710552,0.0],[88.74728,43.710777,0.0],[88.747681,43.711014,0.0],[88.74794,43.71111,0.0],[88.74828,43.711305,0.0],[88.748561,43.711472,0.0],[88.748801,43.711597,0.0],[88.749122,43.711793,0.0],[88.74962,43.711985,0.0],[88.749767,43.712297,0.0],[88.749791,43.712429,0.0],[88.749814,43.712554,0.0],[88.749818,43.712692,0.0],[88.749823,43.712854,0.0],[88.749928,43.713067,0.0],[88.749875,43.713282,0.0],[88.749744,43.713513,0.0],[88.749589,43.713601,0.0],[88.749469,43.713545,0.0],[88.749227,43.713363,0.0],[88.749064,43.713194,0.0],[88.748786,43.713098,0.0],[88.748549,43.713073,0.0],[88.748292,43.713063,0.0],[88.747936,43.713026,0.0],[88.747717,43.712929,0.0],[88.747518,43.71286,0.0],[88.747416,43.712762,0.0],[88.747232,43.712536,0.0],[88.747048,43.712296,0.0],[88.746923,43.712069,0.0],[88.746739,43.711829,0.0],[88.746634,43.711602,0.0],[88.746627,43.711359,0.0],[88.746522,43.71116,0.0],[88.746379,43.710963,0.0],[88.746119,43.710838,0.0],[88.74584,43.710742,0.0],[88.745523,43.710675,0.0],[88.744952,43.710684,0.0],[88.744737,43.71073,0.0],[88.744583,43.710876,0.0],[88.74457,43.71109,0.0],[88.744618,43.71139,0.0],[88.744763,43.711659,0.0],[88.745005,43.711841,0.0],[88.745109,43.71204,0.0],[88.745157,43.712311,0.0],[88.745202,43.712524,0.0],[88.745268,43.712738,0.0],[88.745433,43.712992,0.0],[88.745616,43.71319,0.0],[88.745858,43.713386,0.0],[88.74622,43.713652,0.0],[88.746364,43.713836,0.0],[88.746645,43.714017,0.0],[88.746749,43.714216,0.0],[88.746854,43.714443,0.0],[88.747083,43.714635,0.0],[88.747267,43.714875,0.0],[88.747343,43.714984,0.0],[88.747453,43.715144,0.0],[88.747597,43.71537,0.0],[88.747716,43.715514,0.0],[88.747842,43.715667,0.0],[88.747986,43.71585,0.0],[88.748209,43.71609,0.0],[88.748333,43.716288,0.0],[88.748555,43.716456,0.0],[88.748601,43.716698,0.0],[88.748686,43.716883,0.0],[88.748712,43.717111,0.0],[88.748778,43.717353,0.0],[88.748851,43.717589,0.0],[88.748857,43.717817,0.0],[88.748862,43.71797,0.0],[88.748883,43.718088,0.0]],[[88.752329,43.711474,0.0],[88.752516,43.711284,0.0],[88.752922,43.710977,0.0],[88.753249,43.710791,0.0],[88.753331,43.710754,0.0],[88.753666,43.710845,0.0],[88.754003,43.711021,0.0],[88.754341,43.711196,0.0],[88.754266,43.711499,0.0],[88.754192,43.711801,0.0],[88.753782,43.711988,0.0],[88.753367,43.711994,0.0],[88.753334,43.711995,0.0],[88.752869,43.712002,0.0],[88.752553,43.712007,0.0],[88.75245,43.711888,0.0],[88.752359,43.711588,0.0],[88.752329,43.711474,0.0]],[[88.750459,43.711979,0.0],[88.750077,43.711929,0.0],[88.750049,43.711886,0.0],[88.749915,43.711792,0.0],[88.749767,43.711661,0.0],[88.749709,43.711471,0.0],[88.749755,43.711252,0.0],[88.749817,43.711127,0.0],[88.749985,43.711029,0.0],[88.750248,43.711025,0.0],[88.750498,43.71104,0.0],[88.750644,43.711105,0.0],[88.750805,43.711216,0.0],[88.750888,43.711377,0.0],[88.750966,43.711544,0.0],[88.750866,43.711671,0.0],[88.750624,43.711916,0.0],[88.750503,43.711984,0.0],[88.750459,43.711979,0.0]]]}},{"type":"Feature","properties":{"rgi_id":"RGI2000-v7.0-G-13-41590","o1region":"13"},"geometry":{"type":"Polygon","coordinates":[[[88.759779,43.712894,0.0],[88.759678,43.712818,0.0],[88.759559,43.712665,0.0],[88.759463,43.712488,0.0],[88.759369,43.712358,0.0],[88.759243,43.712277,0.0],[88.759021,43.71225,0.0],[88.758767,43.712266,0.0],[88.75853,43.7123,0.0],[88.75841,43.712403,0.0],[88.758224,43.712507,0.0],[88.758037,43.712587,0.0],[88.757809,43.71265,0.0],[88.757681,43.712747,0.0],[88.757528,43.712851,0.0],[88.757286,43.712992,0.0],[88.757249,43.713141,0.0],[88.757262,43.713296,0.0],[88.757192,43.713452,0.0],[88.757114,43.713578,0.0],[88.756994,43.713705,0.0],[88.756836,43.713892,0.0],[88.756734,43.714072,0.0],[88.756615,43.714217,0.0],[88.756537,43.714349,0.0],[88.756442,43.714476,0.0],[88.756388,43.714596,0.0],[88.756366,43.714685,0.0],[88.75637,43.714799,0.0],[88.75638,43.714876,0.0],[88.756431,43.714935,0.0],[88.756539,43.714981,0.0],[88.75668,43.715032,0.0],[88.756878,43.715071,0.0],[88.757108,43.715079,0.0],[88.757315,43.715106,0.0],[88.757528,43.715108,0.0],[88.757766,43.715105,0.0],[88.757898,43.715114,0.0],[88.758168,43.715081,0.0],[88.758315,43.715049,0.0],[88.758445,43.715023,0.0],[88.758665,43.714966,0.0],[88.75882,43.714922,0.0],[88.759072,43.714834,0.0],[88.759201,43.714761,0.0],[88.759339,43.714711,0.0],[88.759485,43.714649,0.0],[88.759582,43.7146,0.0],[88.759793,43.71449,0.0],[88.759913,43.714381,0.0],[88.76,43.71429,0.0],[88.760129,43.714187,0.0],[88.76015,43.714067,0.0],[88.760162,43.713912,0.0],[88.760141,43.713782,0.0],[88.760113,43.713645,0.0],[88.760076,43.713503,0.0],[88.760048,43.71339,0.0],[88.759979,43.71329,0.0],[88.759919,43.713189,0.0],[88.759849,43.71306,0.0],[88.759779,43.712894,0.0]]]}},{"type":"Feature","properties":{"rgi_id":"RGI2000-v7.0-G-13-41591","o1region":"13"},"geometry":{"type":"Polygon","coordinates":[[[88.760453,43.715272,0.0],[88.760253,43.71517,0.0],[88.760002,43.715136,0.0],[88.759753,43.71514,0.0],[88.759494,43.715267,0.0],[88.759339,43.715375,0.0],[88.759184,43.715482,0.0],[88.759057,43.715608,0.0],[88.758918,43.715791,0.0],[88.758789,43.715888,0.0],[88.758688,43.716014,0.0],[88.758652,43.716148,0.0],[88.758655,43.716252,0.0],[88.75866,43.716405,0.0],[88.758652,43.716576,0.0],[88.758694,43.71669,0.0],[88.758815,43.716764,0.0],[88.759013,43.716799,0.0],[88.75921,43.716806,0.0],[88.759329,43.716833,0.0],[88.759488,43.716878,0.0],[88.759582,43.716943,0.0],[88.759653,43.717133,0.0],[88.75967,43.717247,0.0],[88.759689,43.717447,0.0],[88.759824,43.717568,0.0],[88.759932,43.717681,0.0],[88.760066,43.717784,0.0],[88.760186,43.717839,0.0],[88.760574,43.718071,0.0],[88.760749,43.718212,0.0],[88.760805,43.718344,0.0],[88.760836,43.718487,0.0],[88.760931,43.71858,0.0],[88.76113,43.718644,0.0],[88.761313,43.718641,0.0],[88.761443,43.718573,0.0],[88.761599,43.718513,0.0],[88.761703,43.718483,0.0],[88.762042,43.718411,0.0],[88.762213,43.718418,0.0],[88.762342,43.718311,0.0],[88.762418,43.718224,0.0],[88.762466,43.71808,0.0],[88.762449,43.717938,0.0],[88.762405,43.717776,0.0],[88.762361,43.717615,0.0],[88.762316,43.717454,0.0],[88.762273,43.717302,0.0],[88.762202,43.717131,0.0],[88.762118,43.716971,0.0],[88.76201,43.716849,0.0],[88.761927,43.716707,0.0],[88.761895,43.716536,0.0],[88.761813,43.716413,0.0],[88.761679,43.716311,0.0],[88.761557,43.716198,0.0],[88.761462,43.716076,0.0],[88.761262,43.715983,0.0],[88.761166,43.715861,0.0],[88.76103,43.715711,0.0],[88.760922,43.715588,0.0],[88.760813,43.715466,0.0],[88.760693,43.715411,0.0],[88.760453,43.715272,0.0]]]}},{"type":"Feature","properties":{"rgi_id":"RGI2000-v7.0-G-13-41592","o1region":"13"},"geometry":{"type":"Polygon","coordinates":[[[88.757251,43.708791,0.0],[88.757532,43.708846,0.0],[88.757814,43.708949,0.0],[88.758213,43.709098,0.0],[88.758545,43.709212,0.0],[88.758825,43.709243,0.0],[88.75917,43.709274,0.0],[88.759418,43.70933,0.0],[88.759847,43.709406,0.0],[88.760294,43.709507,0.0],[88.760644,43.70968,0.0],[88.761076,43.709876,0.0],[88.761375,43.709978,0.0],[88.761707,43.710104,0.0],[88.762301,43.710202,0.0],[88.762597,43.71021,0.0],[88.762975,43.710216,0.0],[88.763123,43.710259,0.0],[88.763289,43.710306,0.0],[88.763446,43.71039,0.0],[88.763573,43.710457,0.0],[88.763755,43.710501,0.0],[88.763986,43.710558,0.0],[88.764173,43.710625,0.0],[88.764302,43.710672,0.0],[88.764583,43.710751,0.0],[88.764879,43.71077,0.0],[88.765049,43.71079,0.0],[88.765223,43.710811,0.0],[88.765407,43.710833,0.0],[88.765672,43.71084,0.0],[88.765839,43.710845,0.0],[88.765982,43.710848,0.0],[88.766132,43.710882,0.0],[88.766279,43.710915,0.0],[88.766434,43.710923,0.0],[88.766641,43.710933,0.0],[88.766796,43.710929,0.0],[88.766915,43.710925,0.0],[88.767161,43.710917,0.0],[88.767259,43.710914,0.0],[88.767396,43.71091,0.0],[88.767594,43.710926,0.0],[88.767758,43.71094,0.0],[88.767891,43.7109,0.0],[88.768051,43.710852,0.0],[88.768151,43.710811,0.0],[88.768294,43.710753,0.0],[88.76842,43.710658,0.0],[88.768567,43.710546,0.0],[88.768688,43.710473,0.0],[88.768809,43.7104,0.0],[88.768969,43.710333,0.0],[88.769166,43.710251,0.0],[88.76936,43.710229,0.0],[88.769526,43.71021,0.0],[88.769661,43.71028,0.0],[88.769793,43.710349,0.0],[88.769833,43.71043,0.0],[88.76986,43.710485,0.0],[88.769915,43.710597,0.0],[88.770039,43.710704,0.0],[88.770117,43.710772,0.0],[88.770207,43.710883,0.0],[88.770271,43.710961,0.0],[88.770387,43.711106,0.0],[88.770458,43.711196,0.0],[88.770494,43.711358,0.0],[88.770515,43.711457,0.0],[88.770561,43.711594,0.0],[88.770587,43.71167,0.0],[88.770627,43.711775,0.0],[88.770659,43.71186,0.0],[88.770701,43.712026,0.0],[88.770813,43.712131,0.0],[88.770991,43.712172,0.0],[88.771236,43.712125,0.0],[88.771357,43.71209,0.0],[88.771471,43.712057,0.0],[88.771534,43.712023,0.0],[88.771665,43.711954,0.0],[88.77167,43.711804,0.0],[88.771682,43.711739,0.0],[88.771704,43.711617,0.0],[88.771678,43.711396,0.0],[88.771662,43.711182,0.0],[88.771659,43.711089,0.0],[88.771657,43.711011,0.0],[88.771638,43.710868,0.0],[88.771618,43.710711,0.0],[88.771597,43.710605,0.0],[88.771572,43.710476,0.0],[88.7715,43.710334,0.0],[88.771457,43.710249,0.0],[88.771312,43.71003,0.0],[88.771149,43.70992,0.0],[88.771011,43.709827,0.0],[88.770853,43.709756,0.0],[88.77066,43.709668,0.0],[88.770581,43.709581,0.0],[88.770488,43.709478,0.0],[88.770355,43.709419,0.0],[88.770207,43.709354,0.0],[88.770078,43.709283,0.0],[88.769973,43.709226,0.0],[88.769873,43.709178,0.0],[88.769707,43.709099,0.0],[88.769607,43.709041,0.0],[88.769498,43.708979,0.0],[88.76933,43.708951,0.0],[88.769181,43.708926,0.0],[88.768925,43.708935,0.0],[88.768788,43.70894,0.0],[88.768581,43.708956,0.0],[88.768444,43.708966,0.0],[88.768256,43.708977,0.0],[88.768109,43.708986,0.0],[88.767902,43.70898,0.0],[88.767794,43.708976,0.0],[88.767528,43.708988,0.0],[88.767271,43.70897,0.0],[88.767104,43.708967,0.0],[88.766944,43.708963,0.0],[88.766868,43.708923,0.0],[88.766728,43.708848,0.0],[88.766681,43.708784,0.0],[88.766608,43.708683,0.0],[88.766489,43.708553,0.0],[88.766464,43.708503,0.0],[88.766402,43.708376,0.0],[88.766325,43.708288,0.0],[88.766249,43.7082,0.0],[88.766103,43.708156,0.0],[88.765951,43.708109,0.0],[88.765715,43.707922,0.0],[88.765598,43.707835,0.0],[88.765447,43.707724,0.0],[88.765344,43.707647,0.0],[88.765228,43.707561,0.0],[88.765167,43.707503,0.0],[88.765043,43.707385,0.0],[88.764918,43.707364,0.0],[88.764779,43.707341,0.0],[88.764656,43.707309,0.0],[88.764481,43.707262,0.0],[88.76428,43.707134,0.0],[88.764047,43.707043,0.0],[88.763903,43.707017,0.0],[88.763734,43.706988,0.0],[88.763576,43.706956,0.0],[88.763403,43.706922,0.0],[88.763239,43.706875,0.0],[88.763122,43.706843,0.0],[88.763003,43.70669,0.0],[88.762769,43.70655,0.0],[88.762391,43.706556,0.0],[88.762013,43.70655,0.0],[88.76173,43.7064,0.0],[88.761513,43.706296,0.0],[88.761362,43.706167,0.0],[88.760983,43.706137,0.0],[88.760887,43.70621,0.0],[88.760574,43.706179,0.0],[88.760391,43.706099,0.0],[88.760126,43.706031,0.0],[88.759876,43.705904,0.0],[88.75966,43.705812,0.0],[88.759315,43.705805,0.0],[88.758888,43.7058,0.0],[88.758431,43.705902,0.0],[88.758021,43.705909,0.0],[88.757544,43.705868,0.0],[88.757037,43.705936,0.0],[88.756793,43.706011,0.0],[88.756483,43.706075,0.0],[88.756315,43.705971,0.0],[88.756099,43.705879,0.0],[88.755837,43.705895,0.0],[88.755493,43.705924,0.0],[88.755229,43.705892,0.0],[88.754999,43.705884,0.0],[88.754903,43.705981,0.0],[88.754843,43.706148,0.0],[88.754847,43.706303,0.0],[88.754886,43.706517,0.0],[88.755037,43.70661,0.0],[88.755286,43.706713,0.0],[88.755453,43.706806,0.0],[88.755588,43.706923,0.0],[88.75561,43.707113,0.0],[88.755448,43.707199,0.0],[88.755353,43.707308,0.0],[88.755242,43.707464,0.0],[88.755099,43.707633,0.0],[88.75504,43.707848,0.0],[88.755128,43.708062,0.0],[88.755378,43.708189,0.0],[88.755678,43.708339,0.0],[88.755927,43.708407,0.0],[88.756225,43.708509,0.0],[88.756575,43.708671,0.0],[88.756922,43.708749,0.0],[88.757251,43.708791,0.0]]]}},{"type":"Feature","properties":{"rgi_id":"RGI2000-v7.0-G-13-41593","o1region":"13"},"geometry":{"type":"Polygon","coordinates":[[[88.75507,43.700924,0.0],[88.755129,43.700913,0.0],[88.755239,43.700911,0.0],[88.755346,43.700909,0.0],[88.755552,43.700925,0.0],[88.755678,43.700934,0.0],[88.755847,43.701088,0.0],[88.755668,43.701274,0.0],[88.755379,43.701284,0.0],[88.755134,43.70143,0.0],[88.755115,43.701678,0.0],[88.755339,43.701723,0.0],[88.755691,43.701775,0.0],[88.756057,43.701812,0.0],[88.756321,43.701893,0.0],[88.7566,43.702018,0.0],[88.75692,43.702156,0.0],[88.757237,43.702237,0.0],[88.757478,43.70239,0.0],[88.75764,43.702531,0.0],[88.75792,43.702684,0.0],[88.758161,43.702837,0.0],[88.758342,43.702963,0.0],[88.758523,43.703089,0.0],[88.758706,43.703272,0.0],[88.759105,43.703451,0.0],[88.759426,43.703632,0.0],[88.759687,43.703814,0.0],[88.759871,43.704026,0.0],[88.760014,43.704209,0.0],[88.760216,43.704378,0.0],[88.760476,43.704517,0.0],[88.760717,43.704656,0.0],[88.760957,43.704781,0.0],[88.761157,43.704892,0.0],[88.761397,43.705003,0.0],[88.761773,43.705083,0.0],[88.762111,43.705163,0.0],[88.762311,43.705289,0.0],[88.762629,43.70537,0.0],[88.762827,43.705409,0.0],[88.763359,43.705401,0.0],[88.763654,43.705397,0.0],[88.763971,43.705435,0.0],[88.764288,43.705501,0.0],[88.764546,43.705583,0.0],[88.764764,43.705623,0.0],[88.765062,43.705689,0.0],[88.765417,43.705698,0.0],[88.765672,43.705666,0.0],[88.765945,43.705576,0.0],[88.766118,43.705416,0.0],[88.766112,43.70523,0.0],[88.766106,43.705002,0.0],[88.766139,43.704787,0.0],[88.766132,43.704572,0.0],[88.766028,43.70436,0.0],[88.765922,43.704104,0.0],[88.765696,43.703807,0.0],[88.76559,43.703552,0.0],[88.765408,43.703383,0.0],[88.765187,43.703229,0.0],[88.764944,43.703033,0.0],[88.764799,43.702763,0.0],[88.764535,43.702524,0.0],[88.764173,43.702244,0.0],[88.763812,43.702035,0.0],[88.763532,43.701882,0.0],[88.76325,43.701701,0.0],[88.763047,43.70149,0.0],[88.762825,43.701307,0.0],[88.76262,43.701039,0.0],[88.762493,43.700741,0.0],[88.762212,43.700559,0.0],[88.761913,43.700421,0.0],[88.761496,43.700313,0.0],[88.761178,43.700218,0.0],[88.760861,43.70018,0.0],[88.760562,43.700046,0.0],[88.760284,43.699965,0.0],[88.760045,43.699873,0.0],[88.759723,43.699668,0.0],[88.759575,43.699537,0.0],[88.759361,43.699417,0.0],[88.75912,43.699258,0.0],[88.758919,43.6991,0.0],[88.758705,43.698969,0.0],[88.758504,43.69883,0.0],[88.758196,43.698653,0.0],[88.75797,43.698542,0.0],[88.75777,43.698431,0.0],[88.757491,43.698321,0.0],[88.757149,43.698326,0.0],[88.756835,43.69836,0.0],[88.756628,43.698458,0.0],[88.756447,43.698547,0.0],[88.756242,43.698741,0.0],[88.756053,43.69901,0.0],[88.756007,43.699112,0.0],[88.755902,43.699036,0.0],[88.755975,43.699491,0.0],[88.755604,43.700259,0.0],[88.75507,43.700924,0.0]]]}},{"type":"Feature","properties":{"rgi_id":"RGI2000-v7.0-G-13-41594","o1region":"13"},"geometry":{"type":"Polygon","coordinates":[[[88.75507,43.700924,0.0],[88.755604,43.700259,0.0],[88.755975,43.699491,0.0],[88.755891,43.699038,0.0],[88.755758,43.699067,0.0],[88.755581,43.699074,0.0],[88.755404,43.699058,0.0],[88.75523,43.698956,0.0],[88.755016,43.698826,0.0],[88.75486,43.698647,0.0],[88.754655,43.698496,0.0],[88.754446,43.69842,0.0],[88.754129,43.698375,0.0],[88.75388,43.698286,0.0],[88.753729,43.698145,0.0],[88.75345,43.698043,0.0],[88.753124,43.698026,0.0],[88.752908,43.698029,0.0],[88.7527,43.698011,0.0],[88.752453,43.697986,0.0],[88.75231,43.69781,0.0],[88.752235,43.697582,0.0],[88.752062,43.697413,0.0],[88.751852,43.697295,0.0],[88.751454,43.697167,0.0],[88.751221,43.697285,0.0],[88.75097,43.69746,0.0],[88.750699,43.697622,0.0],[88.750588,43.697866,0.0],[88.750479,43.698168,0.0],[88.750386,43.69837,0.0],[88.750336,43.698699,0.0],[88.750479,43.698868,0.0],[88.75066,43.698994,0.0],[88.750686,43.699194,0.0],[88.750553,43.699353,0.0],[88.750398,43.69947,0.0],[88.750164,43.699531,0.0],[88.750093,43.699803,0.0],[88.749923,43.700078,0.0],[88.749654,43.700282,0.0],[88.749404,43.7005,0.0],[88.749174,43.700718,0.0],[88.748805,43.70091,0.0],[88.748538,43.701228,0.0],[88.74839,43.70153,0.0],[88.748121,43.701792,0.0],[88.74785,43.701939,0.0],[88.747599,43.702129,0.0],[88.747385,43.702218,0.0],[88.747153,43.702364,0.0],[88.746901,43.702525,0.0],[88.74667,43.702686,0.0],[88.74646,43.702918,0.0],[88.746306,43.703063,0.0],[88.746216,43.70335,0.0],[88.746284,43.703635,0.0],[88.746387,43.703819,0.0],[88.746727,43.703986,0.0],[88.746908,43.704112,0.0],[88.746836,43.704356,0.0],[88.746683,43.704487,0.0],[88.74641,43.704605,0.0],[88.746277,43.704779,0.0],[88.746263,43.704965,0.0],[88.746325,43.705078,0.0],[88.746467,43.705219,0.0],[88.746667,43.705316,0.0],[88.746925,43.705355,0.0],[88.747222,43.705422,0.0],[88.74752,43.705489,0.0],[88.747775,43.705456,0.0],[88.748009,43.705367,0.0],[88.748261,43.705234,0.0],[88.748455,43.705131,0.0],[88.748726,43.704984,0.0],[88.749175,43.704835,0.0],[88.749548,43.704772,0.0],[88.749724,43.704726,0.0],[88.749977,43.704622,0.0],[88.750172,43.704548,0.0],[88.750405,43.704444,0.0],[88.750559,43.704313,0.0],[88.75071,43.704096,0.0],[88.750783,43.703895,0.0],[88.750957,43.703778,0.0],[88.751289,43.703687,0.0],[88.751504,43.703598,0.0],[88.751758,43.703523,0.0],[88.75221,43.703502,0.0],[88.752446,43.703469,0.0],[88.75262,43.703381,0.0],[88.752736,43.703279,0.0],[88.752771,43.703136,0.0],[88.752883,43.702934,0.0],[88.752996,43.702746,0.0],[88.753192,43.702715,0.0],[88.753487,43.702696,0.0],[88.753746,43.702792,0.0],[88.753983,43.702817,0.0],[88.754181,43.702843,0.0],[88.754318,43.702826,0.0],[88.754652,43.702778,0.0],[88.754808,43.702733,0.0],[88.754847,43.702655,0.0],[88.754901,43.702546,0.0],[88.754899,43.702478,0.0],[88.754897,43.702388,0.0],[88.75488,43.70233,0.0],[88.754853,43.702232,0.0],[88.75478,43.702175,0.0],[88.754711,43.70212,0.0],[88.754666,43.702072,0.0],[88.754589,43.701993,0.0],[88.754471,43.702015,0.0],[88.754335,43.70204,0.0],[88.754196,43.701999,0.0],[88.754102,43.701934,0.0],[88.754015,43.701873,0.0],[88.753951,43.701835,0.0],[88.753874,43.701789,0.0],[88.753802,43.701752,0.0],[88.753714,43.701706,0.0],[88.753663,43.701671,0.0],[88.753573,43.701608,0.0],[88.753447,43.701584,0.0],[88.753296,43.701555,0.0],[88.753267,43.701515,0.0],[88.753214,43.701442,0.0],[88.753155,43.701388,0.0],[88.753092,43.70133,0.0],[88.753069,43.701202,0.0],[88.753046,43.701088,0.0],[88.753061,43.70093,0.0],[88.753102,43.700878,0.0],[88.753175,43.700785,0.0],[88.753331,43.700712,0.0],[88.753513,43.700701,0.0],[88.753665,43.700692,0.0],[88.753778,43.700727,0.0],[88.753884,43.70076,0.0],[88.753989,43.700825,0.0],[88.754064,43.700872,0.0],[88.75419,43.70087,0.0],[88.754281,43.700868,0.0],[88.754397,43.700886,0.0],[88.754463,43.700896,0.0],[88.754538,43.700907,0.0],[88.754647,43.700927,0.0],[88.754756,43.700947,0.0],[88.754875,43.700945,0.0],[88.754973,43.700944,0.0],[88.75507,43.700924,0.0]]]}},{"type":"Feature","properties":{"rgi_id":"RGI2000-v7.0-G-13-41595","o1region":"13"},"geometry":{"type":"Polygon","coordinates":[[[88.781929,43.709535,0.0],[88.781851,43.709514,0.0],[88.781576,43.709529,0.0],[88.781303,43.709736,0.0],[88.78111,43.709882,0.0],[88.780852,43.710029,0.0],[88.780594,43.710188,0.0],[88.78042,43.710429,0.0],[88.780264,43.710693,0.0],[88.780138,43.710886,0.0],[88.779947,43.711068,0.0],[88.77977,43.711201,0.0],[88.779511,43.711325,0.0],[88.779336,43.711518,0.0],[88.779244,43.711734,0.0],[88.779152,43.711961,0.0],[88.778995,43.712202,0.0],[88.778917,43.712346,0.0],[88.778793,43.712598,0.0],[88.7788,43.712825,0.0],[88.778807,43.713051,0.0],[88.778781,43.713277,0.0],[88.778652,43.713375,0.0],[88.778461,43.713592,0.0],[88.77837,43.713832,0.0],[88.778327,43.714059,0.0],[88.778318,43.714285,0.0],[88.778372,43.714463,0.0],[88.778588,43.714543,0.0],[88.77895,43.714549,0.0],[88.779146,43.714522,0.0],[88.779486,43.714374,0.0],[88.779762,43.714263,0.0],[88.78002,43.714092,0.0],[88.780197,43.713958,0.0],[88.780488,43.713823,0.0],[88.780648,43.713689,0.0],[88.780812,43.713663,0.0],[88.781058,43.713659,0.0],[88.781151,43.713712,0.0],[88.781234,43.713517,0.0],[88.781226,43.713242,0.0],[88.781344,43.712965,0.0],[88.781589,43.712686,0.0],[88.781707,43.712409,0.0],[88.781825,43.712132,0.0],[88.781817,43.711857,0.0],[88.781935,43.71158,0.0],[88.781927,43.711305,0.0],[88.781919,43.71103,0.0],[88.781911,43.710755,0.0],[88.781903,43.71048,0.0],[88.781895,43.710205,0.0],[88.781886,43.70993,0.0],[88.781878,43.709654,0.0],[88.781929,43.709535,0.0]]]}},{"type":"Feature","properties":{"rgi_id":"RGI2000-v7.0-G-13-41596","o1region":"13"},"geometry":{"type":"Polygon","coordinates":[[[88.781929,43.709535,0.0],[88.781878,43.709654,0.0],[88.781886,43.70993,0.0],[88.781895,43.710205,0.0],[88.781903,43.71048,0.0],[88.781911,43.710755,0.0],[88.781919,43.71103,0.0],[88.781927,43.711305,0.0],[88.781935,43.71158,0.0],[88.781817,43.711857,0.0],[88.781825,43.712132,0.0],[88.781707,43.712409,0.0],[88.781589,43.712686,0.0],[88.781344,43.712965,0.0],[88.781226,43.713242,0.0],[88.781234,43.713517,0.0],[88.781151,43.713712,0.0],[88.781242,43.713763,0.0],[88.781248,43.713989,0.0],[88.781255,43.714204,0.0],[88.781346,43.714524,0.0],[88.781434,43.714725,0.0],[88.781556,43.714961,0.0],[88.781561,43.715128,0.0],[88.78165,43.715353,0.0],[88.781672,43.715531,0.0],[88.781646,43.71577,0.0],[88.781635,43.715961,0.0],[88.781558,43.716141,0.0],[88.781334,43.716311,0.0],[88.781258,43.716526,0.0],[88.781199,43.716742,0.0],[88.781252,43.716884,0.0],[88.781258,43.717086,0.0],[88.781263,43.717253,0.0],[88.781286,43.717467,0.0],[88.78142,43.717572,0.0],[88.781634,43.717593,0.0],[88.781913,43.717588,0.0],[88.782142,43.717537,0.0],[88.782403,43.717485,0.0],[88.782597,43.717375,0.0],[88.782838,43.717216,0.0],[88.78298,43.717012,0.0],[88.78314,43.716854,0.0],[88.783264,43.716602,0.0],[88.783421,43.716362,0.0],[88.783594,43.716121,0.0],[88.783684,43.715833,0.0],[88.783891,43.715592,0.0],[88.784002,43.715459,0.0],[88.784143,43.715243,0.0],[88.784254,43.71511,0.0],[88.784481,43.715023,0.0],[88.784694,43.714996,0.0],[88.78484,43.714934,0.0],[88.785002,43.71486,0.0],[88.78513,43.714751,0.0],[88.785142,43.714608,0.0],[88.785009,43.714538,0.0],[88.784761,43.714494,0.0],[88.784612,43.714461,0.0],[88.784479,43.71438,0.0],[88.784328,43.714275,0.0],[88.784225,43.714122,0.0],[88.784219,43.713931,0.0],[88.784313,43.713775,0.0],[88.784504,43.713569,0.0],[88.784746,43.713423,0.0],[88.785006,43.713347,0.0],[88.785068,43.713203,0.0],[88.785161,43.713023,0.0],[88.785203,43.712796,0.0],[88.785264,43.712628,0.0],[88.785406,43.712424,0.0],[88.785467,43.712256,0.0],[88.785493,43.712044,0.0],[88.785507,43.711858,0.0],[88.785405,43.711724,0.0],[88.785254,43.711612,0.0],[88.7851,43.711429,0.0],[88.78495,43.711345,0.0],[88.784798,43.711205,0.0],[88.784675,43.711049,0.0],[88.784524,43.710916,0.0],[88.784371,43.710768,0.0],[88.78422,43.710642,0.0],[88.784048,43.71048,0.0],[88.783749,43.71037,0.0],[88.783492,43.710353,0.0],[88.783294,43.71032,0.0],[88.783153,43.710215,0.0],[88.783031,43.710096,0.0],[88.782781,43.709964,0.0],[88.782631,43.709881,0.0],[88.782451,43.709783,0.0],[88.782321,43.709728,0.0],[88.7822,43.709651,0.0],[88.78208,43.709575,0.0],[88.781929,43.709535,0.0]]]}},{"type":"Feature","properties":{"rgi_id":"RGI2000-v7.0-G-13-41597","o1region":"13"},"geometry":{"type":"Polygon","coordinates":[[[88.800219,43.718946,0.0],[88.800086,43.718881,0.0],[88.799928,43.718864,0.0],[88.799848,43.718828,0.0],[88.79978,43.718771,0.0],[88.799725,43.718677,0.0],[88.79972,43.718525,0.0],[88.799742,43.718372,0.0],[88.799751,43.718229,0.0],[88.799877,43.718065,0.0],[88.800016,43.717872,0.0],[88.800157,43.717736,0.0],[88.800335,43.717533,0.0],[88.8005,43.717359,0.0],[88.800664,43.717138,0.0],[88.800699,43.716985,0.0],[88.800654,43.716785,0.0],[88.800478,43.716616,0.0],[88.800315,43.716438,0.0],[88.800206,43.716281,0.0],[88.799926,43.71621,0.0],[88.799468,43.71606,0.0],[88.798973,43.715982,0.0],[88.798441,43.715976,0.0],[88.797929,43.715984,0.0],[88.797646,43.71603,0.0],[88.797627,43.716166,0.0],[88.797657,43.716289,0.0],[88.797675,43.71647,0.0],[88.797679,43.716594,0.0],[88.797643,43.716718,0.0],[88.797515,43.716835,0.0],[88.797347,43.716933,0.0],[88.797126,43.717012,0.0],[88.796931,43.717082,0.0],[88.796708,43.717095,0.0],[88.796575,43.71703,0.0],[88.79644,43.716899,0.0],[88.796448,43.716737,0.0],[88.796456,43.716556,0.0],[88.796448,43.716299,0.0],[88.796443,43.716137,0.0],[88.796451,43.715946,0.0],[88.796433,43.715756,0.0],[88.796069,43.715742,0.0],[88.795601,43.715892,0.0],[88.79509,43.715943,0.0],[88.794579,43.715994,0.0],[88.794423,43.716069,0.0],[88.794316,43.716427,0.0],[88.794446,43.716549,0.0],[88.794636,43.716775,0.0],[88.794654,43.716918,0.0],[88.794659,43.717108,0.0],[88.794625,43.71728,0.0],[88.794549,43.717377,0.0],[88.794473,43.717454,0.0],[88.794357,43.717551,0.0],[88.79433,43.717569,0.0],[88.794338,43.717825,0.0],[88.79446,43.717968,0.0],[88.794803,43.718234,0.0],[88.794849,43.718284,0.0],[88.795101,43.718301,0.0],[88.795521,43.718523,0.0],[88.795522,43.718552,0.0],[88.795482,43.718729,0.0],[88.795555,43.718943,0.0],[88.795704,43.719093,0.0],[88.795775,43.719254,0.0],[88.795744,43.719559,0.0],[88.79571,43.719722,0.0],[88.795662,43.719884,0.0],[88.79568,43.720037,0.0],[88.7957,43.720275,0.0],[88.795682,43.720551,0.0],[88.795674,43.720742,0.0],[88.795715,43.720907,0.0],[88.795792,43.720992,0.0],[88.79598,43.721332,0.0],[88.796168,43.721686,0.0],[88.796587,43.72188,0.0],[88.797084,43.722015,0.0],[88.797524,43.722222,0.0],[88.797704,43.722316,0.0],[88.797836,43.72229,0.0],[88.798005,43.722211,0.0],[88.798087,43.722155,0.0],[88.798149,43.722027,0.0],[88.798177,43.721655,0.0],[88.798245,43.721296,0.0],[88.798313,43.720938,0.0],[88.798432,43.720692,0.0],[88.798428,43.720556,0.0],[88.798476,43.720402,0.0],[88.79863,43.720286,0.0],[88.798718,43.72016,0.0],[88.798831,43.719977,0.0],[88.798958,43.719833,0.0],[88.799135,43.719611,0.0],[88.799328,43.719465,0.0],[88.799565,43.719461,0.0],[88.799778,43.719553,0.0],[88.799822,43.719724,0.0],[88.799854,43.719957,0.0],[88.800097,43.719966,0.0],[88.800588,43.719901,0.0],[88.800955,43.719653,0.0],[88.801142,43.719307,0.0],[88.801124,43.719179,0.0],[88.80091,43.719192,0.0],[88.8007,43.719195,0.0],[88.800515,43.719179,0.0],[88.80033,43.719134,0.0],[88.800288,43.719049,0.0],[88.800219,43.718946,0.0]],[[88.7989,43.718426,0.0],[88.798811,43.718413,0.0],[88.798711,43.718372,0.0],[88.798621,43.718309,0.0],[88.798656,43.71818,0.0],[88.798692,43.718065,0.0],[88.798708,43.717922,0.0],[88.798714,43.717786,0.0],[88.798741,43.7177,0.0],[88.798777,43.717599,0.0],[88.798914,43.717561,0.0],[88.799052,43.71758,0.0],[88.799115,43.717694,0.0],[88.799129,43.717844,0.0],[88.799152,43.717958,0.0],[88.799166,43.718072,0.0],[88.799178,43.718172,0.0],[88.799172,43.7183,0.0],[88.799115,43.718373,0.0],[88.799018,43.718417,0.0],[88.7989,43.718426,0.0]]]}},{"type":"Feature","properties":{"rgi_id":"RGI2000-v7.0-G-13-41598","o1region":"13"},"geometry":{"type":"Polygon","coordinates":[[[88.876403,43.681917,0.0],[88.8765,43.681767,0.0],[88.87681,43.681352,0.0],[88.877037,43.68088,0.0],[88.877023,43.680411,0.0],[88.877089,43.679941,0.0],[88.877155,43.679471,0.0],[88.87714,43.679003,0.0],[88.877287,43.678532,0.0],[88.877353,43.678062,0.0],[88.877581,43.677589,0.0],[88.877725,43.67706,0.0],[88.877709,43.676533,0.0],[88.877773,43.676004,0.0],[88.877764,43.675716,0.0],[88.87743,43.67556,0.0],[88.877109,43.675413,0.0],[88.876879,43.675646,0.0],[88.876596,43.675861,0.0],[88.876178,43.675944,0.0],[88.875972,43.676119,0.0],[88.875798,43.676428,0.0],[88.875464,43.67672,0.0],[88.875049,43.676918,0.0],[88.874686,43.677116,0.0],[88.874324,43.677313,0.0],[88.873965,43.677643,0.0],[88.873532,43.678109,0.0],[88.873147,43.678441,0.0],[88.872785,43.678638,0.0],[88.872528,43.678852,0.0],[88.87222,43.679125,0.0],[88.87191,43.679321,0.0],[88.871757,43.679458,0.0],[88.871472,43.679615,0.0],[88.871083,43.679813,0.0],[88.870723,43.680105,0.0],[88.870601,43.680413,0.0],[88.870582,43.680662,0.0],[88.870801,43.680907,0.0],[88.871303,43.680975,0.0],[88.871848,43.680699,0.0],[88.872419,43.680441,0.0],[88.872896,43.680509,0.0],[88.873116,43.680812,0.0],[88.87318,43.681174,0.0],[88.873195,43.681671,0.0],[88.873261,43.68209,0.0],[88.873453,43.682335,0.0],[88.873673,43.682619,0.0],[88.87402,43.682766,0.0],[88.874522,43.682834,0.0],[88.87489,43.68279,0.0],[88.875256,43.682707,0.0],[88.875565,43.682492,0.0],[88.875848,43.682277,0.0],[88.876131,43.682062,0.0],[88.876364,43.681924,0.0],[88.876403,43.681917,0.0]]]}},{"type":"Feature","properties":{"rgi_id":"RGI2000-v7.0-G-13-41599","o1region":"13"},"geometry":{"type":"Polygon","coordinates":[[[88.87919,43.678738,0.0],[88.878939,43.678326,0.0],[88.878719,43.678043,0.0],[88.878548,43.677645,0.0],[88.878535,43.677205,0.0],[88.878494,43.676747,0.0],[88.878432,43.676442,0.0],[88.878212,43.676159,0.0],[88.877992,43.675857,0.0],[88.877764,43.675716,0.0],[88.877773,43.676004,0.0],[88.877709,43.676533,0.0],[88.877725,43.67706,0.0],[88.877581,43.677589,0.0],[88.877353,43.678062,0.0],[88.877287,43.678532,0.0],[88.87714,43.679003,0.0],[88.877155,43.679471,0.0],[88.877089,43.679941,0.0],[88.877023,43.680411,0.0],[88.877037,43.68088,0.0],[88.87681,43.681352,0.0],[88.8765,43.681767,0.0],[88.876403,43.681917,0.0],[88.876678,43.681862,0.0],[88.876709,43.681995,0.0],[88.876558,43.682227,0.0],[88.87638,43.68244,0.0],[88.87623,43.682691,0.0],[88.876183,43.682883,0.0],[88.875796,43.683138,0.0],[88.875508,43.683181,0.0],[88.875279,43.683452,0.0],[88.875184,43.683779,0.0],[88.875322,43.683987,0.0],[88.87536,43.68435,0.0],[88.875657,43.684593,0.0],[88.876158,43.684623,0.0],[88.876422,43.684638,0.0],[88.876719,43.684863,0.0],[88.876601,43.685285,0.0],[88.876717,43.685627,0.0],[88.876702,43.68601,0.0],[88.876612,43.686489,0.0],[88.876675,43.686813,0.0],[88.87715,43.686863,0.0],[88.877457,43.686571,0.0],[88.877895,43.686239,0.0],[88.878385,43.685925,0.0],[88.878743,43.685575,0.0],[88.879099,43.685168,0.0],[88.879324,43.684762,0.0],[88.879542,43.684147,0.0],[88.879823,43.683875,0.0],[88.88012,43.683977,0.0],[88.880037,43.683877,0.0],[88.879781,43.683413,0.0],[88.879605,43.682947,0.0],[88.879429,43.682481,0.0],[88.879331,43.681955,0.0],[88.879154,43.681431,0.0],[88.879058,43.680964,0.0],[88.878963,43.680496,0.0],[88.878948,43.680028,0.0],[88.879014,43.679558,0.0],[88.87908,43.679088,0.0],[88.87919,43.678738,0.0]]]}},{"type":"Feature","properties":{"rgi_id":"RGI2000-v7.0-G-13-41600","o1region":"13"},"geometry":{"type":"Polygon","coordinates":[[[88.882994,43.682407,0.0],[88.882889,43.682131,0.0],[88.882712,43.681607,0.0],[88.882616,43.681139,0.0],[88.882602,43.680671,0.0],[88.88259,43.68029,0.0],[88.882478,43.680333,0.0],[88.882131,43.680186,0.0],[88.881756,43.679982,0.0],[88.881196,43.67978,0.0],[88.880744,43.679616,0.0],[88.880289,43.679413,0.0],[88.879864,43.679286,0.0],[88.879437,43.679121,0.0],[88.879216,43.678781,0.0],[88.87919,43.678738,0.0],[88.87908,43.679088,0.0],[88.879014,43.679558,0.0],[88.878948,43.680028,0.0],[88.878963,43.680496,0.0],[88.879058,43.680964,0.0],[88.879154,43.681431,0.0],[88.879331,43.681955,0.0],[88.879429,43.682481,0.0],[88.879605,43.682947,0.0],[88.879781,43.683413,0.0],[88.880037,43.683877,0.0],[88.88012,43.683977,0.0],[88.880196,43.684003,0.0],[88.88041,43.684281,0.0],[88.880443,43.684323,0.0],[88.880743,43.684663,0.0],[88.881014,43.684888,0.0],[88.881489,43.684918,0.0],[88.881856,43.684874,0.0],[88.882379,43.68475,0.0],[88.882557,43.684537,0.0],[88.882832,43.684074,0.0],[88.883024,43.683478,0.0],[88.882873,43.682869,0.0],[88.882994,43.682407,0.0]]]}},{"type":"Feature","properties":{"rgi_id":"RGI2000-v7.0-G-13-41601","o1region":"13"},"geometry":{"type":"Polygon","coordinates":[[[88.882994,43.682407,0.0],[88.883038,43.682235,0.0],[88.883182,43.681793,0.0],[88.883756,43.681612,0.0],[88.884283,43.681603,0.0],[88.88476,43.68171,0.0],[88.88507,43.681514,0.0],[88.885056,43.681055,0.0],[88.884752,43.68062,0.0],[88.88451,43.680452,0.0],[88.884156,43.680076,0.0],[88.883731,43.679968,0.0],[88.883152,43.679978,0.0],[88.882895,43.680173,0.0],[88.88259,43.68029,0.0],[88.882602,43.680671,0.0],[88.882616,43.681139,0.0],[88.882712,43.681607,0.0],[88.882889,43.682131,0.0],[88.882994,43.682407,0.0]]]}},{"type":"Feature","properties":{"rgi_id":"RGI2000-v7.0-G-13-41602","o1region":"13"},"geometry":{"type":"Polygon","coordinates":[[[88.88517,43.679658,0.0],[88.885801,43.679609,0.0],[88.886243,43.679449,0.0],[88.886793,43.679325,0.0],[88.887025,43.679168,0.0],[88.887122,43.678918,0.0],[88.887244,43.678591,0.0],[88.887362,43.678169,0.0],[88.887645,43.677934,0.0],[88.887843,43.67753,0.0],[88.887829,43.677109,0.0],[88.887847,43.676841,0.0],[88.88742,43.676657,0.0],[88.887022,43.676568,0.0],[88.886702,43.67644,0.0],[88.886383,43.67633,0.0],[88.886271,43.676141,0.0],[88.886264,43.675912,0.0],[88.88597,43.675764,0.0],[88.885624,43.675655,0.0],[88.885183,43.675853,0.0],[88.884953,43.676086,0.0],[88.88467,43.67632,0.0],[88.884311,43.676613,0.0],[88.883843,43.676812,0.0],[88.883481,43.677028,0.0],[88.883277,43.677242,0.0],[88.883131,43.677627,0.0],[88.883221,43.677969,0.0],[88.883206,43.678352,0.0],[88.88295,43.678585,0.0],[88.882743,43.678704,0.0],[88.882905,43.678835,0.0],[88.883257,43.679116,0.0],[88.883266,43.679402,0.0],[88.883064,43.679692,0.0],[88.883022,43.679854,0.0],[88.883176,43.679942,0.0],[88.883773,43.679937,0.0],[88.884037,43.679971,0.0],[88.884389,43.679938,0.0],[88.884675,43.679838,0.0],[88.88517,43.679658,0.0]]]}},{"type":"Feature","properties":{"rgi_id":"RGI2000-v7.0-G-13-41603","o1region":"13"},"geometry":{"type":"Polygon","coordinates":[[[88.891524,43.681988,0.0],[88.891522,43.68193,0.0],[88.891346,43.681464,0.0],[88.891087,43.680941,0.0],[88.89083,43.680476,0.0],[88.890735,43.680009,0.0],[88.890399,43.679605,0.0],[88.88975,43.679498,0.0],[88.88936,43.679915,0.0],[88.88905,43.68033,0.0],[88.889064,43.680799,0.0],[88.8894,43.681203,0.0],[88.889818,43.681665,0.0],[88.890154,43.68207,0.0],[88.891524,43.681988,0.0]]]}},{"type":"Feature","properties":{"rgi_id":"RGI2000-v7.0-G-13-41604","o1region":"13"},"geometry":{"type":"Polygon","coordinates":[[[88.898755,43.680872,0.0],[88.897545,43.680892,0.0],[88.896818,43.680905,0.0],[88.896173,43.680915,0.0],[88.895527,43.680926,0.0],[88.894882,43.680937,0.0],[88.894324,43.68118,0.0],[88.89442,43.681647,0.0],[88.894834,43.681992,0.0],[88.895091,43.682457,0.0],[88.895429,43.68292,0.0],[88.895685,43.683384,0.0],[88.895862,43.68385,0.0],[88.89612,43.684373,0.0],[88.896296,43.684839,0.0],[88.896553,43.685303,0.0],[88.896729,43.685769,0.0],[88.897223,43.686054,0.0],[88.897779,43.685752,0.0],[88.898253,43.685451,0.0],[88.898728,43.68515,0.0],[88.899203,43.684849,0.0],[88.899761,43.684606,0.0],[88.900399,43.684361,0.0],[88.900872,43.684001,0.0],[88.901182,43.683586,0.0],[88.901087,43.683119,0.0],[88.900751,43.682714,0.0],[88.900336,43.68237,0.0],[88.9,43.681965,0.0],[88.899665,43.68156,0.0],[88.89925,43.681216,0.0],[88.898757,43.680931,0.0],[88.898755,43.680872,0.0]]]}},{"type":"Feature","properties":{"rgi_id":"RGI2000-v7.0-G-13-41605","o1region":"13"},"geometry":{"type":"Polygon","coordinates":[[[88.903983,43.678271,0.0],[88.904236,43.678618,0.0],[88.904367,43.678932,0.0],[88.904254,43.67918,0.0],[88.903939,43.679168,0.0],[88.90346,43.679299,0.0],[88.903393,43.679493,0.0],[88.903472,43.679702,0.0],[88.903646,43.67984,0.0],[88.90394,43.679958,0.0],[88.904259,43.680093,0.0],[88.904386,43.680302,0.0],[88.904563,43.680544,0.0],[88.904618,43.680737,0.0],[88.904817,43.680909,0.0],[88.904964,43.680959,0.0],[88.905205,43.680938,0.0],[88.905615,43.680913,0.0],[88.90595,43.680785,0.0],[88.90619,43.68071,0.0],[88.906502,43.680653,0.0],[88.906739,43.680491,0.0],[88.907022,43.68024,0.0],[88.907199,43.679745,0.0],[88.907084,43.67915,0.0],[88.907146,43.678816,0.0],[88.907259,43.678568,0.0],[88.907644,43.678509,0.0],[88.908201,43.678535,0.0],[88.908432,43.678504,0.0],[88.908524,43.678396,0.0],[88.908523,43.678377,0.0],[88.908616,43.678013,0.0],[88.908658,43.67765,0.0],[88.908672,43.677288,0.0],[88.90856,43.676939,0.0],[88.908414,43.676846,0.0],[88.908046,43.676676,0.0],[88.907345,43.676705,0.0],[88.906742,43.676768,0.0],[88.906357,43.676827,0.0],[88.906333,43.676845,0.0],[88.90595,43.676957,0.0],[88.905325,43.67709,0.0],[88.904967,43.677254,0.0],[88.904439,43.677368,0.0],[88.903905,43.677325,0.0],[88.903398,43.677351,0.0],[88.90326,43.677564,0.0],[88.903342,43.677878,0.0],[88.903688,43.678101,0.0],[88.903983,43.678271,0.0]]]}},{"type":"Feature","properties":{"rgi_id":"RGI2000-v7.0-G-13-41606","o1region":"13"},"geometry":{"type":"Polygon","coordinates":[[[88.910607,43.675284,0.0],[88.910609,43.675343,0.0],[88.910052,43.675586,0.0],[88.909579,43.675946,0.0],[88.909269,43.676361,0.0],[88.909445,43.676827,0.0],[88.909704,43.67735,0.0],[88.910119,43.677695,0.0],[88.910133,43.678163,0.0],[88.910148,43.678632,0.0],[88.910325,43.679098,0.0],[88.910501,43.679563,0.0],[88.910596,43.68003,0.0],[88.910773,43.680496,0.0],[88.910787,43.680965,0.0],[88.910802,43.681433,0.0],[88.911112,43.681018,0.0],[88.911504,43.68066,0.0],[88.911897,43.680302,0.0],[88.912372,43.680001,0.0],[88.912846,43.6797,0.0],[88.912912,43.67923,0.0],[88.912897,43.678762,0.0],[88.912802,43.678294,0.0],[88.912706,43.677827,0.0],[88.91253,43.677361,0.0],[88.912434,43.676894,0.0],[88.912339,43.676427,0.0],[88.91208,43.675904,0.0],[88.910607,43.675284,0.0]]]}},{"type":"Feature","properties":{"rgi_id":"RGI2000-v7.0-G-13-41607","o1region":"13"},"geometry":{"type":"Polygon","coordinates":[[[88.920354,43.676523,0.0],[88.920585,43.676168,0.0],[88.920816,43.67583,0.0],[88.921138,43.675315,0.0],[88.921393,43.67496,0.0],[88.921332,43.674557,0.0],[88.921248,43.674207,0.0],[88.921281,43.673733,0.0],[88.921077,43.673403,0.0],[88.920761,43.673338,0.0],[88.920083,43.673332,0.0],[88.919526,43.673323,0.0],[88.918919,43.673246,0.0],[88.918484,43.673253,0.0],[88.91831,43.673098,0.0],[88.918017,43.673015,0.0],[88.917582,43.673022,0.0],[88.91705,43.673031,0.0],[88.916665,43.673108,0.0],[88.916139,43.673292,0.0],[88.915885,43.673665,0.0],[88.915699,43.673914,0.0],[88.915439,43.674112,0.0],[88.915234,43.674502,0.0],[88.915077,43.674908,0.0],[88.915187,43.67531,0.0],[88.91556,43.67562,0.0],[88.916096,43.675751,0.0],[88.916633,43.675883,0.0],[88.917266,43.67603,0.0],[88.917658,43.676164,0.0],[88.918153,43.676524,0.0],[88.918453,43.676818,0.0],[88.918771,43.676953,0.0],[88.91933,43.677014,0.0],[88.919506,43.677222,0.0],[88.919818,43.677164,0.0],[88.920051,43.676861,0.0],[88.920354,43.676523,0.0]]]}},{"type":"Feature","properties":{"rgi_id":"RGI2000-v7.0-G-13-41608","o1region":"13"},"geometry":{"type":"Polygon","coordinates":[[[88.868081,43.674897,0.0],[88.868321,43.67499,0.0],[88.868602,43.674975,0.0],[88.868778,43.674897,0.0],[88.868967,43.674786,0.0],[88.869215,43.674653,0.0],[88.869477,43.674509,0.0],[88.869756,43.674429,0.0],[88.869885,43.674309,0.0],[88.870133,43.674154,0.0],[88.870334,43.673968,0.0],[88.870504,43.673729,0.0],[88.870783,43.673638,0.0],[88.871046,43.673516,0.0],[88.871324,43.673393,0.0],[88.871663,43.673344,0.0],[88.871971,43.673232,0.0],[88.872321,43.673054,0.0],[88.872387,43.672805,0.0],[88.872205,43.672669,0.0],[88.871891,43.672577,0.0],[88.871636,43.672484,0.0],[88.871556,43.672281,0.0],[88.871518,43.672013,0.0],[88.871599,43.671764,0.0],[88.871909,43.671727,0.0],[88.872205,43.671722,0.0],[88.872438,43.671589,0.0],[88.872476,43.671385,0.0],[88.872292,43.671183,0.0],[88.872139,43.671024,0.0],[88.871913,43.670921,0.0],[88.871775,43.670762,0.0],[88.871651,43.670581,0.0],[88.8715,43.670476,0.0],[88.871392,43.670338,0.0],[88.871138,43.670277,0.0],[88.87087,43.670239,0.0],[88.870574,43.670254,0.0],[88.870304,43.67013,0.0],[88.870105,43.669918,0.0],[88.86982,43.669804,0.0],[88.869463,43.669778,0.0],[88.869124,43.669826,0.0],[88.868889,43.669895,0.0],[88.868627,43.670028,0.0],[88.868481,43.670106,0.0],[88.868337,43.670226,0.0],[88.868192,43.670358,0.0],[88.868006,43.670554,0.0],[88.867952,43.670727,0.0],[88.868016,43.670877,0.0],[88.868037,43.67107,0.0],[88.867925,43.671287,0.0],[88.867722,43.671441,0.0],[88.867479,43.671724,0.0],[88.867325,43.672006,0.0],[88.867318,43.672243,0.0],[88.867379,43.672791,0.0],[88.867377,43.673199,0.0],[88.8674,43.673457,0.0],[88.867487,43.673875,0.0],[88.867526,43.674186,0.0],[88.867622,43.67441,0.0],[88.86776,43.674569,0.0],[88.86787,43.674772,0.0],[88.868081,43.674897,0.0]]]}},{"type":"Feature","properties":{"rgi_id":"RGI2000-v7.0-G-13-41609","o1region":"13"},"geometry":{"type":"Polygon","coordinates":[[[88.808938,43.647333,0.0],[88.808976,43.64694,0.0],[88.808715,43.646443,0.0],[88.808264,43.646165,0.0],[88.808215,43.646165,0.0],[88.807721,43.646102,0.0],[88.807227,43.646038,0.0],[88.806684,43.646011,0.0],[88.806143,43.64602,0.0],[88.805706,43.646205,0.0],[88.80532,43.646461,0.0],[88.805084,43.646787,0.0],[88.805046,43.64718,0.0],[88.805244,43.647544,0.0],[88.805652,43.647671,0.0],[88.806193,43.647663,0.0],[88.806735,43.64769,0.0],[88.807231,43.647825,0.0],[88.807725,43.647888,0.0],[88.808265,43.647844,0.0],[88.808702,43.647659,0.0],[88.808938,43.647333,0.0]]]}},{"type":"Feature","properties":{"rgi_id":"RGI2000-v7.0-G-13-41610","o1region":"13"},"geometry":{"type":"Polygon","coordinates":[[[88.801617,43.638472,0.0],[88.800982,43.638482,0.0],[88.800314,43.638533,0.0],[88.799593,43.638707,0.0],[88.799099,43.638998,0.0],[88.799663,43.639192,0.0],[88.800334,43.639222,0.0],[88.801004,43.639212,0.0],[88.801185,43.639209,0.0],[88.801244,43.639299,0.0],[88.802149,43.639404,0.0],[88.80219,43.639403,0.0],[88.802723,43.639424,0.0],[88.803213,43.639327,0.0],[88.8037,43.639171,0.0],[88.804061,43.638897,0.0],[88.804173,43.638538,0.0],[88.803796,43.638276,0.0],[88.803303,43.638224,0.0],[88.80277,43.638233,0.0],[88.80228,43.6383,0.0],[88.801792,43.638427,0.0],[88.801617,43.638472,0.0]]]}},{"type":"Feature","properties":{"rgi_id":"RGI2000-v7.0-G-13-41611","o1region":"13"},"geometry":{"type":"Polygon","coordinates":[[[88.800806,43.636251,0.0],[88.800712,43.636491,0.0],[88.800821,43.636728,0.0],[88.800827,43.636949,0.0],[88.800833,43.637151,0.0],[88.800992,43.637369,0.0],[88.801198,43.637494,0.0],[88.801551,43.63747,0.0],[88.801977,43.637353,0.0],[88.802274,43.63711,0.0],[88.802594,43.636829,0.0],[88.802585,43.636535,0.0],[88.802499,43.636206,0.0],[88.801942,43.63616,0.0],[88.801335,43.636169,0.0],[88.800806,43.636251,0.0]]]}},{"type":"Feature","properties":{"rgi_id":"RGI2000-v7.0-G-13-41612","o1region":"13"},"geometry":{"type":"Polygon","coordinates":[[[88.797015,43.640288,0.0],[88.797395,43.639917,0.0],[88.797832,43.639586,0.0],[88.798326,43.639294,0.0],[88.798592,43.638844,0.0],[88.798633,43.638357,0.0],[88.798619,43.63787,0.0],[88.798604,43.637384,0.0],[88.798626,43.637125,0.0],[88.798745,43.637118,0.0],[88.799395,43.636917,0.0],[88.799677,43.636703,0.0],[88.799674,43.636608,0.0],[88.799768,43.636244,0.0],[88.799653,43.635884,0.0],[88.799126,43.635816,0.0],[88.798627,43.635805,0.0],[88.798159,43.635965,0.0],[88.797826,43.636237,0.0],[88.797785,43.6366,0.0],[88.797795,43.636962,0.0],[88.797817,43.636971,0.0],[88.797594,43.637238,0.0],[88.797385,43.637687,0.0],[88.797062,43.638098,0.0],[88.796626,43.638469,0.0],[88.796017,43.638641,0.0],[88.795347,43.638652,0.0],[88.795067,43.638712,0.0],[88.795,43.638252,0.0],[88.794597,43.637852,0.0],[88.793979,43.6377,0.0],[88.79336,43.637547,0.0],[88.792849,43.637272,0.0],[88.792835,43.636785,0.0],[88.792876,43.636298,0.0],[88.793308,43.636279,0.0],[88.793764,43.636451,0.0],[88.794257,43.636503,0.0],[88.794861,43.636136,0.0],[88.79486,43.636106,0.0],[88.794727,43.635751,0.0],[88.794674,43.635365,0.0],[88.794419,43.635041,0.0],[88.794003,43.634839,0.0],[88.793469,43.634818,0.0],[88.792937,43.634856,0.0],[88.79245,43.635012,0.0],[88.792047,43.635257,0.0],[88.791935,43.635616,0.0],[88.791946,43.636003,0.0],[88.792091,43.636147,0.0],[88.79198,43.636231,0.0],[88.791716,43.636722,0.0],[88.791675,43.637209,0.0],[88.791457,43.637543,0.0],[88.791007,43.6373,0.0],[88.790606,43.636942,0.0],[88.79004,43.636707,0.0],[88.789903,43.636682,0.0],[88.789955,43.6366,0.0],[88.789913,43.636571,0.0],[88.789617,43.636278,0.0],[88.789402,43.635924,0.0],[88.789227,43.635569,0.0],[88.789012,43.635215,0.0],[88.788635,43.634953,0.0],[88.788258,43.634691,0.0],[88.787842,43.634489,0.0],[88.78731,43.634497,0.0],[88.786822,43.634654,0.0],[88.786793,43.635041,0.0],[88.786845,43.635428,0.0],[88.786923,43.635726,0.0],[88.786886,43.635783,0.0],[88.7869,43.63627,0.0],[88.78697,43.636755,0.0],[88.787372,43.637114,0.0],[88.787937,43.637348,0.0],[88.788664,43.637378,0.0],[88.788786,43.637313,0.0],[88.788953,43.63736,0.0],[88.789187,43.637356,0.0],[88.789225,43.63745,0.0],[88.789572,43.63785,0.0],[88.78992,43.638291,0.0],[88.790376,43.638608,0.0],[88.790832,43.638925,0.0],[88.791454,43.6392,0.0],[88.791679,43.639223,0.0],[88.791794,43.639356,0.0],[88.79236,43.639591,0.0],[88.792925,43.639825,0.0],[88.79349,43.64006,0.0],[88.79366,43.640023,0.0],[88.793894,43.6405,0.0],[88.794405,43.640775,0.0],[88.795133,43.640845,0.0],[88.795858,43.640793,0.0],[88.796467,43.640621,0.0],[88.797015,43.640288,0.0]]]}},{"type":"Feature","properties":{"rgi_id":"RGI2000-v7.0-G-13-41613","o1region":"13"},"geometry":{"type":"Polygon","coordinates":[[[88.777116,43.644277,0.0],[88.777303,43.644688,0.0],[88.777488,43.644975,0.0],[88.777475,43.645264,0.0],[88.777551,43.645584,0.0],[88.777939,43.646012,0.0],[88.778172,43.646378,0.0],[88.778665,43.646595,0.0],[88.778935,43.646768,0.0],[88.779192,43.647214,0.0],[88.779268,43.647534,0.0],[88.779234,43.647872,0.0],[88.779223,43.648258,0.0],[88.779338,43.648417,0.0],[88.779626,43.648428,0.0],[88.779913,43.648408,0.0],[88.780177,43.648339,0.0],[88.780479,43.648094,0.0],[88.780892,43.647814,0.0],[88.781194,43.647552,0.0],[88.78136,43.64718,0.0],[88.781551,43.646904,0.0],[88.781758,43.646419,0.0],[88.78192,43.645934,0.0],[88.782041,43.645514,0.0],[88.782339,43.64514,0.0],[88.782864,43.644907,0.0],[88.783348,43.644819,0.0],[88.783965,43.644745,0.0],[88.78422,43.644388,0.0],[88.784102,43.644148,0.0],[88.783918,43.643894,0.0],[88.783733,43.64364,0.0],[88.783591,43.643321,0.0],[88.783316,43.643004,0.0],[88.78315,43.642637,0.0],[88.782904,43.642528,0.0],[88.78262,43.642645,0.0],[88.782401,43.642729,0.0],[88.782047,43.64275,0.0],[88.781604,43.642709,0.0],[88.781337,43.642681,0.0],[88.781005,43.642654,0.0],[88.780823,43.642496,0.0],[88.780796,43.64232,0.0],[88.780789,43.642111,0.0],[88.78116,43.641929,0.0],[88.781215,43.641542,0.0],[88.780857,43.641403,0.0],[88.780587,43.641247,0.0],[88.780272,43.641075,0.0],[88.780056,43.640924,0.0],[88.780006,43.641082,0.0],[88.780021,43.641568,0.0],[88.779755,43.642018,0.0],[88.779488,43.642428,0.0],[88.779053,43.64284,0.0],[88.778786,43.64325,0.0],[88.778407,43.643662,0.0],[88.777856,43.643914,0.0],[88.777305,43.644165,0.0],[88.777116,43.644277,0.0]]]}},{"type":"Feature","properties":{"rgi_id":"RGI2000-v7.0-G-13-41614","o1region":"13"},"geometry":{"type":"Polygon","coordinates":[[[88.780056,43.640924,0.0],[88.779956,43.640855,0.0],[88.779773,43.640649,0.0],[88.779652,43.640313,0.0],[88.779446,43.640075,0.0],[88.779309,43.639917,0.0],[88.779018,43.639809,0.0],[88.778636,43.639638,0.0],[88.778167,43.639484,0.0],[88.777767,43.63941,0.0],[88.777213,43.639371,0.0],[88.776812,43.639281,0.0],[88.776498,43.639157,0.0],[88.776186,43.639081,0.0],[88.775833,43.639103,0.0],[88.775457,43.639125,0.0],[88.775284,43.63924,0.0],[88.774981,43.639486,0.0],[88.774678,43.639699,0.0],[88.774684,43.639924,0.0],[88.774714,43.640181,0.0],[88.774812,43.640501,0.0],[88.774577,43.640778,0.0],[88.774361,43.640974,0.0],[88.77435,43.641327,0.0],[88.774362,43.641761,0.0],[88.77424,43.642133,0.0],[88.773985,43.642458,0.0],[88.773726,43.642687,0.0],[88.773577,43.642898,0.0],[88.773518,43.643156,0.0],[88.773568,43.643332,0.0],[88.773794,43.643489,0.0],[88.774219,43.643676,0.0],[88.77456,43.643976,0.0],[88.774895,43.644083,0.0],[88.775494,43.644122,0.0],[88.776025,43.64413,0.0],[88.776601,43.644153,0.0],[88.777114,43.644273,0.0],[88.777305,43.644165,0.0],[88.777856,43.643914,0.0],[88.778407,43.643662,0.0],[88.778786,43.64325,0.0],[88.779053,43.64284,0.0],[88.779488,43.642428,0.0],[88.779755,43.642018,0.0],[88.780021,43.641568,0.0],[88.780006,43.641082,0.0],[88.780056,43.640924,0.0]]]}},{"type":"Feature","properties":{"rgi_id":"RGI2000-v7.0-G-13-41615","o1region":"13"},"geometry":{"type":"Polygon","coordinates":[[[88.773119,43.638615,0.0],[88.772692,43.63838,0.0],[88.772315,43.638354,0.0],[88.771957,43.638215,0.0],[88.771644,43.638123,0.0],[88.771202,43.638114,0.0],[88.770692,43.638106,0.0],[88.770497,43.638238,0.0],[88.770503,43.638446,0.0],[88.770686,43.638653,0.0],[88.770761,43.638925,0.0],[88.770744,43.639102,0.0],[88.77097,43.639275,0.0],[88.771132,43.639497,0.0],[88.771183,43.639754,0.0],[88.771301,43.639993,0.0],[88.771658,43.640084,0.0],[88.771966,43.640031,0.0],[88.772314,43.639832,0.0],[88.772488,43.639717,0.0],[88.772772,43.639616,0.0],[88.773033,43.639452,0.0],[88.773249,43.639256,0.0],[88.773287,43.639046,0.0],[88.773214,43.638822,0.0],[88.773119,43.638615,0.0]]]}},{"type":"Feature","properties":{"rgi_id":"RGI2000-v7.0-G-13-41616","o1region":"13"},"geometry":{"type":"Polygon","coordinates":[[[88.772877,43.631015,0.0],[88.773201,43.631026,0.0],[88.773567,43.630942,0.0],[88.774018,43.630856,0.0],[88.774489,43.630692,0.0],[88.774832,43.630608,0.0],[88.77513,43.630431,0.0],[88.775278,43.630303,0.0],[88.77538,43.630097,0.0],[88.775437,43.629845,0.0],[88.775471,43.62953,0.0],[88.775551,43.629325,0.0],[88.775719,43.629149,0.0],[88.775865,43.628959,0.0],[88.775966,43.628721,0.0],[88.77587,43.628409,0.0],[88.775583,43.628209,0.0],[88.775099,43.627903,0.0],[88.774509,43.627708,0.0],[88.774137,43.627541,0.0],[88.773638,43.627485,0.0],[88.773269,43.627444,0.0],[88.772794,43.627451,0.0],[88.772274,43.627428,0.0],[88.771758,43.627515,0.0],[88.771522,43.627581,0.0],[88.771485,43.627786,0.0],[88.771515,43.628084,0.0],[88.771694,43.628285,0.0],[88.771789,43.628582,0.0],[88.771949,43.628862,0.0],[88.771961,43.629271,0.0],[88.772227,43.629502,0.0],[88.772388,43.629829,0.0],[88.772545,43.630015,0.0],[88.772767,43.630216,0.0],[88.772753,43.630483,0.0],[88.772765,43.630876,0.0],[88.772877,43.631015,0.0]]]}},{"type":"Feature","properties":{"rgi_id":"RGI2000-v7.0-G-13-41617","o1region":"13"},"geometry":{"type":"Polygon","coordinates":[[[88.768529,43.628663,0.0],[88.768528,43.628623,0.0],[88.768514,43.628136,0.0],[88.769006,43.627804,0.0],[88.769617,43.627673,0.0],[88.770054,43.627342,0.0],[88.769323,43.627191,0.0],[88.768654,43.627201,0.0],[88.768037,43.62713,0.0],[88.767601,43.627461,0.0],[88.767446,43.627909,0.0],[88.767848,43.628268,0.0],[88.768529,43.628663,0.0]]]}},{"type":"Feature","properties":{"rgi_id":"RGI2000-v7.0-G-13-41618","o1region":"13"},"geometry":{"type":"Polygon","coordinates":[[[88.763572,43.623125,0.0],[88.764021,43.622977,0.0],[88.764431,43.622923,0.0],[88.764728,43.62273,0.0],[88.765092,43.62263,0.0],[88.765413,43.6225,0.0],[88.765687,43.622276,0.0],[88.765832,43.622038,0.0],[88.765951,43.62169,0.0],[88.765857,43.621441,0.0],[88.765697,43.621129,0.0],[88.765474,43.620897,0.0],[88.765292,43.620601,0.0],[88.765028,43.620448,0.0],[88.764679,43.620328,0.0],[88.764415,43.620159,0.0],[88.764088,43.620086,0.0],[88.76392,43.620261,0.0],[88.763663,43.620344,0.0],[88.763231,43.62035,0.0],[88.762947,43.620229,0.0],[88.762853,43.619995,0.0],[88.76259,43.619873,0.0],[88.762027,43.619835,0.0],[88.761872,43.619712,0.0],[88.761675,43.619621,0.0],[88.761307,43.619595,0.0],[88.760897,43.619617,0.0],[88.760661,43.619683,0.0],[88.76058,43.619889,0.0],[88.760262,43.620098,0.0],[88.760118,43.620351,0.0],[88.759865,43.620575,0.0],[88.759744,43.620875,0.0],[88.759687,43.621127,0.0],[88.759586,43.62138,0.0],[88.759553,43.621742,0.0],[88.75959,43.62226,0.0],[88.759602,43.622668,0.0],[88.759655,43.623013,0.0],[88.759665,43.623342,0.0],[88.759823,43.62356,0.0],[88.76026,43.623726,0.0],[88.760673,43.623798,0.0],[88.761041,43.623808,0.0],[88.761493,43.623754,0.0],[88.761923,43.623653,0.0],[88.76233,43.623537,0.0],[88.762891,43.623497,0.0],[88.76321,43.623319,0.0],[88.763572,43.623125,0.0]]]}},{"type":"Feature","properties":{"rgi_id":"RGI2000-v7.0-G-13-41619","o1region":"13"},"geometry":{"type":"Polygon","coordinates":[[[88.815833,43.621789,0.0],[88.815826,43.621764,0.0],[88.815668,43.621566,0.0],[88.815495,43.621289,0.0],[88.815227,43.621093,0.0],[88.815148,43.620774,0.0],[88.815005,43.620596,0.0],[88.814904,43.620437,0.0],[88.814771,43.620159,0.0],[88.814639,43.61989,0.0],[88.814316,43.619685,0.0],[88.814065,43.619589,0.0],[88.813723,43.619664,0.0],[88.813435,43.619719,0.0],[88.813184,43.619633,0.0],[88.812921,43.619597,0.0],[88.812631,43.619582,0.0],[88.812382,43.619546,0.0],[88.812081,43.61961,0.0],[88.811777,43.619585,0.0],[88.8115,43.61954,0.0],[88.811095,43.619366,0.0],[88.810736,43.619371,0.0],[88.810447,43.619386,0.0],[88.810047,43.619372,0.0],[88.809689,43.619388,0.0],[88.809303,43.619394,0.0],[88.809119,43.619227,0.0],[88.808814,43.619161,0.0],[88.808581,43.619205,0.0],[88.80829,43.61915,0.0],[88.807917,43.619146,0.0],[88.807699,43.619229,0.0],[88.807538,43.619352,0.0],[88.807349,43.619485,0.0],[88.807115,43.619519,0.0],[88.80692,43.619442,0.0],[88.806806,43.619323,0.0],[88.806558,43.619307,0.0],[88.806437,43.619419,0.0],[88.806359,43.619581,0.0],[88.806185,43.619754,0.0],[88.805941,43.619908,0.0],[88.805502,43.619975,0.0],[88.805214,43.62001,0.0],[88.805123,43.620181,0.0],[88.805055,43.620204,0.0],[88.805085,43.620343,0.0],[88.805259,43.620698,0.0],[88.805505,43.620816,0.0],[88.805497,43.620956,0.0],[88.805606,43.621312,0.0],[88.805747,43.621667,0.0],[88.805824,43.622023,0.0],[88.805933,43.622379,0.0],[88.806042,43.622734,0.0],[88.806053,43.623115,0.0],[88.806063,43.623449,0.0],[88.805899,43.62352,0.0],[88.805793,43.623706,0.0],[88.805691,43.623968,0.0],[88.80559,43.6243,0.0],[88.805669,43.624629,0.0],[88.805802,43.624907,0.0],[88.80614,43.625172,0.0],[88.806615,43.625355,0.0],[88.807008,43.625589,0.0],[88.807264,43.625846,0.0],[88.807492,43.626113,0.0],[88.80765,43.62631,0.0],[88.808086,43.626594,0.0],[88.808393,43.626729,0.0],[88.808824,43.626843,0.0],[88.80928,43.626885,0.0],[88.809734,43.626868,0.0],[88.810203,43.626851,0.0],[88.810658,43.626864,0.0],[88.811112,43.626846,0.0],[88.811553,43.626839,0.0],[88.811884,43.626814,0.0],[88.812198,43.626729,0.0],[88.812287,43.626477,0.0],[88.81232,43.626186,0.0],[88.8123,43.625986,0.0],[88.812047,43.62582,0.0],[88.81193,43.625602,0.0],[88.8118,43.625423,0.0],[88.811548,43.625267,0.0],[88.811378,43.62513,0.0],[88.81129,43.624961,0.0],[88.811166,43.624502,0.0],[88.811155,43.624142,0.0],[88.811121,43.623902,0.0],[88.811168,43.623631,0.0],[88.81135,43.623287,0.0],[88.811706,43.623192,0.0],[88.811947,43.623408,0.0],[88.812066,43.623727,0.0],[88.8123,43.623801,0.0],[88.812844,43.623305,0.0],[88.812956,43.623303,0.0],[88.813567,43.623212,0.0],[88.814175,43.623,0.0],[88.814727,43.622788,0.0],[88.815221,43.622497,0.0],[88.815598,43.622045,0.0],[88.815833,43.621789,0.0]]]}},{"type":"Feature","properties":{"rgi_id":"RGI2000-v7.0-G-13-41620","o1region":"13"},"geometry":{"type":"Polygon","coordinates":[[[88.815833,43.621789,0.0],[88.815598,43.622045,0.0],[88.815221,43.622497,0.0],[88.814727,43.622788,0.0],[88.814175,43.623,0.0],[88.813567,43.623212,0.0],[88.812956,43.623303,0.0],[88.812844,43.623305,0.0],[88.8123,43.623801,0.0],[88.812456,43.623851,0.0],[88.812911,43.623843,0.0],[88.813095,43.624001,0.0],[88.813136,43.624451,0.0],[88.813148,43.624851,0.0],[88.813213,43.625171,0.0],[88.813179,43.625412,0.0],[88.812897,43.625686,0.0],[88.812814,43.626108,0.0],[88.812768,43.62644,0.0],[88.812775,43.62666,0.0],[88.81289,43.626818,0.0],[88.813129,43.626955,0.0],[88.813419,43.627,0.0],[88.81368,43.626946,0.0],[88.813797,43.626704,0.0],[88.813949,43.626261,0.0],[88.814119,43.625977,0.0],[88.814474,43.625842,0.0],[88.814645,43.625589,0.0],[88.814817,43.625325,0.0],[88.815124,43.62499,0.0],[88.815183,43.624669,0.0],[88.815199,43.624278,0.0],[88.815373,43.624115,0.0],[88.815648,43.6241,0.0],[88.815884,43.624137,0.0],[88.816228,43.624131,0.0],[88.816654,43.624064,0.0],[88.817053,43.624058,0.0],[88.817355,43.624003,0.0],[88.817406,43.623862,0.0],[88.817397,43.623582,0.0],[88.817376,43.623332,0.0],[88.817232,43.623134,0.0],[88.816967,43.623028,0.0],[88.816632,43.622903,0.0],[88.816462,43.622736,0.0],[88.816222,43.622539,0.0],[88.816065,43.622371,0.0],[88.815919,43.622103,0.0],[88.815833,43.621789,0.0]]]}},{"type":"Feature","properties":{"rgi_id":"RGI2000-v7.0-G-13-41621","o1region":"13"},"geometry":{"type":"Polygon","coordinates":[[[88.82557,43.614697,0.0],[88.825329,43.614757,0.0],[88.824902,43.614752,0.0],[88.824696,43.614422,0.0],[88.824701,43.614052,0.0],[88.824811,43.614016,0.0],[88.824755,43.613966,0.0],[88.824299,43.613649,0.0],[88.823923,43.613313,0.0],[88.823918,43.613358,0.0],[88.823743,43.613467,0.0],[88.823467,43.613424,0.0],[88.823225,43.61344,0.0],[88.822871,43.613528,0.0],[88.822503,43.613675,0.0],[88.822326,43.61369,0.0],[88.82213,43.613634,0.0],[88.822093,43.613482,0.0],[88.821975,43.613342,0.0],[88.821985,43.613119,0.0],[88.821928,43.612837,0.0],[88.821697,43.6127,0.0],[88.821571,43.612687,0.0],[88.821537,43.61276,0.0],[88.8211,43.613091,0.0],[88.820607,43.613383,0.0],[88.820113,43.613675,0.0],[88.819619,43.613967,0.0],[88.819127,43.614299,0.0],[88.818937,43.614411,0.0],[88.818984,43.614507,0.0],[88.819069,43.614659,0.0],[88.819224,43.614962,0.0],[88.819299,43.615302,0.0],[88.819044,43.615412,0.0],[88.818656,43.615441,0.0],[88.818416,43.615528,0.0],[88.818223,43.615589,0.0],[88.818244,43.61573,0.0],[88.818458,43.615868,0.0],[88.8188,43.615909,0.0],[88.819111,43.616034,0.0],[88.819311,43.616231,0.0],[88.819286,43.616478,0.0],[88.81923,43.616773,0.0],[88.818975,43.616906,0.0],[88.81895,43.617154,0.0],[88.819053,43.617328,0.0],[88.819239,43.617596,0.0],[88.819297,43.617901,0.0],[88.819353,43.618158,0.0],[88.81951,43.618521,0.0],[88.819685,43.618965,0.0],[88.819776,43.619304,0.0],[88.819933,43.619666,0.0],[88.820171,43.620062,0.0],[88.820407,43.620376,0.0],[88.820626,43.620666,0.0],[88.820913,43.621026,0.0],[88.821148,43.621317,0.0],[88.821511,43.621534,0.0],[88.82176,43.621766,0.0],[88.822091,43.622007,0.0],[88.82239,43.622238,0.0],[88.822947,43.622464,0.0],[88.823503,43.622655,0.0],[88.823913,43.622813,0.0],[88.82439,43.623076,0.0],[88.824721,43.623318,0.0],[88.825035,43.623524,0.0],[88.825522,43.623587,0.0],[88.826139,43.623636,0.0],[88.826591,43.623605,0.0],[88.827127,43.623656,0.0],[88.827536,43.62379,0.0],[88.827926,43.623831,0.0],[88.828448,43.623987,0.0],[88.828874,43.624157,0.0],[88.829187,43.624316,0.0],[88.829598,43.624545,0.0],[88.829946,43.62481,0.0],[88.830327,43.625086,0.0],[88.830531,43.625412,0.0],[88.830797,43.625643,0.0],[88.831089,43.62565,0.0],[88.831393,43.625539,0.0],[88.831499,43.625291,0.0],[88.831426,43.62501,0.0],[88.831351,43.624682,0.0],[88.831229,43.624389,0.0],[88.830994,43.624111,0.0],[88.830729,43.623939,0.0],[88.830529,43.623754,0.0],[88.830359,43.623486,0.0],[88.830191,43.623265,0.0],[88.829921,43.623057,0.0],[88.829897,43.623013,0.0],[88.829829,43.62301,0.0],[88.829317,43.622694,0.0],[88.828916,43.622335,0.0],[88.828569,43.621935,0.0],[88.828498,43.62145,0.0],[88.828709,43.621052,0.0],[88.828697,43.620635,0.0],[88.828851,43.620187,0.0],[88.828949,43.619739,0.0],[88.829103,43.61929,0.0],[88.829201,43.618843,0.0],[88.828854,43.618443,0.0],[88.828185,43.618494,0.0],[88.827863,43.618905,0.0],[88.827878,43.619391,0.0],[88.827892,43.619878,0.0],[88.827851,43.620365,0.0],[88.827584,43.620775,0.0],[88.827206,43.621186,0.0],[88.826939,43.621596,0.0],[88.826895,43.621664,0.0],[88.826865,43.621641,0.0],[88.826561,43.621336,0.0],[88.826289,43.621031,0.0],[88.825921,43.620775,0.0],[88.82552,43.620543,0.0],[88.825119,43.620287,0.0],[88.824879,43.619958,0.0],[88.82477,43.619602,0.0],[88.824773,43.619581,0.0],[88.824601,43.619438,0.0],[88.82459,43.619057,0.0],[88.824645,43.618699,0.0],[88.824798,43.618339,0.0],[88.825017,43.618002,0.0],[88.825335,43.617687,0.0],[88.825654,43.617372,0.0],[88.826172,43.617174,0.0],[88.826501,43.617111,0.0],[88.826487,43.616963,0.0],[88.826525,43.616609,0.0],[88.826405,43.616388,0.0],[88.826234,43.616097,0.0],[88.826015,43.615783,0.0],[88.826193,43.615674,0.0],[88.826086,43.615526,0.0],[88.825905,43.615083,0.0],[88.82557,43.614697,0.0]]]}},{"type":"Feature","properties":{"rgi_id":"RGI2000-v7.0-G-13-41622","o1region":"13"},"geometry":{"type":"Polygon","coordinates":[[[88.828171,43.61137,0.0],[88.827807,43.611386,0.0],[88.826952,43.611619,0.0],[88.82566,43.611686,0.0],[88.824641,43.611499,0.0],[88.823686,43.611279,0.0],[88.823024,43.611042,0.0],[88.823008,43.611092,0.0],[88.823048,43.611276,0.0],[88.823055,43.611278,0.0],[88.823064,43.611349,0.0],[88.823039,43.611573,0.0],[88.823128,43.611866,0.0],[88.82325,43.612134,0.0],[88.823419,43.612379,0.0],[88.823652,43.612598,0.0],[88.823819,43.61276,0.0],[88.823956,43.613017,0.0],[88.823923,43.613313,0.0],[88.824299,43.613649,0.0],[88.824755,43.613966,0.0],[88.824811,43.614016,0.0],[88.825155,43.613902,0.0],[88.825587,43.614098,0.0],[88.825744,43.614381,0.0],[88.825638,43.614681,0.0],[88.82557,43.614697,0.0],[88.825905,43.615083,0.0],[88.826086,43.615526,0.0],[88.826193,43.615674,0.0],[88.826253,43.615638,0.0],[88.826596,43.615738,0.0],[88.826959,43.615967,0.0],[88.827305,43.616185,0.0],[88.827686,43.616473,0.0],[88.828096,43.61662,0.0],[88.828569,43.616741,0.0],[88.828976,43.616817,0.0],[88.829363,43.616799,0.0],[88.829701,43.616723,0.0],[88.830002,43.616495,0.0],[88.830272,43.61635,0.0],[88.830445,43.61617,0.0],[88.830516,43.61584,0.0],[88.830505,43.615487,0.0],[88.830434,43.615277,0.0],[88.830153,43.615081,0.0],[88.829789,43.614817,0.0],[88.829361,43.614588,0.0],[88.829097,43.614405,0.0],[88.828913,43.614208,0.0],[88.828886,43.613867,0.0],[88.828972,43.613513,0.0],[88.828985,43.613243,0.0],[88.828801,43.613009,0.0],[88.828564,43.612567,0.0],[88.828383,43.612123,0.0],[88.828258,43.611679,0.0],[88.828171,43.61137,0.0]]]}},{"type":"Feature","properties":{"rgi_id":"RGI2000-v7.0-G-13-41623","o1region":"13"},"geometry":{"type":"Polygon","coordinates":[[[88.828985,43.613243,0.0],[88.828992,43.613101,0.0],[88.82926,43.612838,0.0],[88.829674,43.61262,0.0],[88.830139,43.612471,0.0],[88.830442,43.612325,0.0],[88.830595,43.61204,0.0],[88.830456,43.611725,0.0],[88.830045,43.61152,0.0],[88.829638,43.611432,0.0],[88.829198,43.611357,0.0],[88.828788,43.611176,0.0],[88.828672,43.611116,0.0],[88.828632,43.611146,0.0],[88.828168,43.611359,0.0],[88.828258,43.611679,0.0],[88.828383,43.612123,0.0],[88.828564,43.612567,0.0],[88.828801,43.613009,0.0],[88.828985,43.613243,0.0]]]}},{"type":"Feature","properties":{"rgi_id":"RGI2000-v7.0-G-13-41624","o1region":"13"},"geometry":{"type":"Polygon","coordinates":[[[88.828171,43.61137,0.0],[88.828168,43.611359,0.0],[88.828632,43.611146,0.0],[88.828672,43.611116,0.0],[88.828476,43.611016,0.0],[88.828245,43.610879,0.0],[88.827932,43.610684,0.0],[88.827684,43.610511,0.0],[88.827272,43.610271,0.0],[88.82685,43.610242,0.0],[88.826507,43.61013,0.0],[88.826101,43.610078,0.0],[88.825662,43.610026,0.0],[88.825175,43.609952,0.0],[88.824659,43.610019,0.0],[88.824255,43.61006,0.0],[88.823903,43.610172,0.0],[88.823664,43.610293,0.0],[88.823297,43.610475,0.0],[88.823124,43.610643,0.0],[88.823082,43.610867,0.0],[88.823024,43.611042,0.0],[88.823686,43.611279,0.0],[88.824641,43.611499,0.0],[88.82566,43.611686,0.0],[88.826952,43.611619,0.0],[88.827807,43.611386,0.0],[88.828171,43.61137,0.0]]]}},{"type":"Feature","properties":{"rgi_id":"RGI2000-v7.0-G-13-41625","o1region":"13"},"geometry":{"type":"Polygon","coordinates":[[[88.818937,43.614411,0.0],[88.819127,43.614299,0.0],[88.819619,43.613967,0.0],[88.820113,43.613675,0.0],[88.820607,43.613383,0.0],[88.8211,43.613091,0.0],[88.821537,43.61276,0.0],[88.821571,43.612687,0.0],[88.821405,43.612669,0.0],[88.821319,43.612494,0.0],[88.821296,43.612271,0.0],[88.821227,43.612143,0.0],[88.821061,43.611993,0.0],[88.820712,43.611704,0.0],[88.820331,43.611416,0.0],[88.819856,43.611236,0.0],[88.81953,43.611159,0.0],[88.819237,43.611093,0.0],[88.818796,43.610971,0.0],[88.818276,43.610873,0.0],[88.817918,43.610832,0.0],[88.817217,43.610666,0.0],[88.816779,43.610615,0.0],[88.816513,43.610395,0.0],[88.816076,43.610391,0.0],[88.815771,43.610454,0.0],[88.81542,43.610648,0.0],[88.815183,43.61084,0.0],[88.814946,43.611032,0.0],[88.814821,43.611175,0.0],[88.814731,43.611411,0.0],[88.81472,43.611576,0.0],[88.814789,43.611716,0.0],[88.814909,43.61195,0.0],[88.814657,43.612177,0.0],[88.814241,43.612336,0.0],[88.81381,43.61252,0.0],[88.813476,43.612713,0.0],[88.813271,43.612893,0.0],[88.813067,43.613108,0.0],[88.812827,43.613229,0.0],[88.812606,43.613397,0.0],[88.812532,43.613634,0.0],[88.812376,43.613836,0.0],[88.812206,43.614086,0.0],[88.812134,43.614393,0.0],[88.812256,43.614685,0.0],[88.812583,43.614785,0.0],[88.812974,43.614873,0.0],[88.813364,43.614937,0.0],[88.813805,43.61506,0.0],[88.814372,43.615074,0.0],[88.815035,43.615064,0.0],[88.815455,43.615022,0.0],[88.815968,43.614861,0.0],[88.816531,43.614758,0.0],[88.816997,43.614621,0.0],[88.817641,43.614517,0.0],[88.818028,43.614464,0.0],[88.818283,43.614354,0.0],[88.818589,43.614278,0.0],[88.818898,43.614332,0.0],[88.818937,43.614411,0.0]]]}},{"type":"Feature","properties":{"rgi_id":"RGI2000-v7.0-G-13-41626","o1region":"13"},"geometry":{"type":"Polygon","coordinates":[[[88.848077,43.612017,0.0],[88.848197,43.611734,0.0],[88.848349,43.611375,0.0],[88.84842,43.611016,0.0],[88.848491,43.610658,0.0],[88.84848,43.610271,0.0],[88.848468,43.609884,0.0],[88.848456,43.609497,0.0],[88.848444,43.60911,0.0],[88.848442,43.609038,0.0],[88.848321,43.609096,0.0],[88.847833,43.609223,0.0],[88.847377,43.609052,0.0],[88.847161,43.608698,0.0],[88.847232,43.60834,0.0],[88.847467,43.607979,0.0],[88.847703,43.607647,0.0],[88.847938,43.607316,0.0],[88.848001,43.607168,0.0],[88.847887,43.606882,0.0],[88.847493,43.606691,0.0],[88.846908,43.606644,0.0],[88.846442,43.606651,0.0],[88.845935,43.606603,0.0],[88.845309,43.606472,0.0],[88.844842,43.60648,0.0],[88.844612,43.606568,0.0],[88.844621,43.60685,0.0],[88.844669,43.60716,0.0],[88.84456,43.607416,0.0],[88.844136,43.607536,0.0],[88.843519,43.607687,0.0],[88.843053,43.607723,0.0],[88.842512,43.607817,0.0],[88.842082,43.607739,0.0],[88.841845,43.60763,0.0],[88.841685,43.607491,0.0],[88.841485,43.607296,0.0],[88.841518,43.607098,0.0],[88.841938,43.606837,0.0],[88.842752,43.606768,0.0],[88.843099,43.606677,0.0],[88.843405,43.606503,0.0],[88.843827,43.606326,0.0],[88.844209,43.606094,0.0],[88.844397,43.605894,0.0],[88.844349,43.605612,0.0],[88.844147,43.605361,0.0],[88.843526,43.605371,0.0],[88.842905,43.605409,0.0],[88.842286,43.605504,0.0],[88.841743,43.605569,0.0],[88.841048,43.605722,0.0],[88.840429,43.605816,0.0],[88.83989,43.605994,0.0],[88.839583,43.606112,0.0],[88.83919,43.606334,0.0],[88.838868,43.606438,0.0],[88.838487,43.606575,0.0],[88.838371,43.60667,0.0],[88.838265,43.606693,0.0],[88.837942,43.607103,0.0],[88.837845,43.607592,0.0],[88.83786,43.608078,0.0],[88.837932,43.608604,0.0],[88.837934,43.608675,0.0],[88.837807,43.608708,0.0],[88.837435,43.608857,0.0],[88.837067,43.608863,0.0],[88.836764,43.608749,0.0],[88.83658,43.608628,0.0],[88.836404,43.608457,0.0],[88.836356,43.608283,0.0],[88.836157,43.607763,0.0],[88.835155,43.607598,0.0],[88.834459,43.607635,0.0],[88.833412,43.607737,0.0],[88.832831,43.607803,0.0],[88.832528,43.608062,0.0],[88.832348,43.608545,0.0],[88.832398,43.608911,0.0],[88.832569,43.609417,0.0],[88.832737,43.609838,0.0],[88.832943,43.610202,0.0],[88.83354,43.610673,0.0],[88.83402,43.611117,0.0],[88.834617,43.61156,0.0],[88.835097,43.612004,0.0],[88.835925,43.612386,0.0],[88.836097,43.612736,0.0],[88.836257,43.613059,0.0],[88.836384,43.613317,0.0],[88.836505,43.613563,0.0],[88.836279,43.613793,0.0],[88.83604,43.613974,0.0],[88.835823,43.614139,0.0],[88.835917,43.614674,0.0],[88.836009,43.615153,0.0],[88.836137,43.615518,0.0],[88.836192,43.616054,0.0],[88.836323,43.616532,0.0],[88.836526,43.616812,0.0],[88.836843,43.617004,0.0],[88.837119,43.617113,0.0],[88.837588,43.61719,0.0],[88.837856,43.617044,0.0],[88.838201,43.616898,0.0],[88.838554,43.617005,0.0],[88.838838,43.617396,0.0],[88.839399,43.617924,0.0],[88.839717,43.618173,0.0],[88.84007,43.618252,0.0],[88.840382,43.618303,0.0],[88.840703,43.618609,0.0],[88.841137,43.618828,0.0],[88.841523,43.618737,0.0],[88.841785,43.618394,0.0],[88.84177,43.617885,0.0],[88.84183,43.617319,0.0],[88.841774,43.616755,0.0],[88.8418,43.616331,0.0],[88.841713,43.616022,0.0],[88.841658,43.615514,0.0],[88.841644,43.615034,0.0],[88.841663,43.614412,0.0],[88.841916,43.613759,0.0],[88.842284,43.613075,0.0],[88.842457,43.612394,0.0],[88.842747,43.611711,0.0],[88.843203,43.611365,0.0],[88.843896,43.611128,0.0],[88.844393,43.610865,0.0],[88.844776,43.610662,0.0],[88.845551,43.610593,0.0],[88.846139,43.610724,0.0],[88.84676,43.610686,0.0],[88.84719,43.610792,0.0],[88.847199,43.611074,0.0],[88.846813,43.611165,0.0],[88.846468,43.61134,0.0],[88.846436,43.611539,0.0],[88.846596,43.611706,0.0],[88.846834,43.611843,0.0],[88.84738,43.611891,0.0],[88.848077,43.612017,0.0]]]}},{"type":"Feature","properties":{"rgi_id":"RGI2000-v7.0-G-13-41627","o1region":"13"},"geometry":{"type":"Polygon","coordinates":[[[88.848442,43.609038,0.0],[88.848444,43.60911,0.0],[88.848456,43.609497,0.0],[88.848468,43.609884,0.0],[88.84848,43.610271,0.0],[88.848491,43.610658,0.0],[88.84842,43.611016,0.0],[88.848349,43.611375,0.0],[88.848197,43.611734,0.0],[88.848077,43.612017,0.0],[88.84824,43.612046,0.0],[88.848913,43.612459,0.0],[88.849585,43.612816,0.0],[88.850023,43.613147,0.0],[88.850856,43.613671,0.0],[88.851528,43.614055,0.0],[88.852117,43.614244,0.0],[88.852779,43.614261,0.0],[88.853129,43.614255,0.0],[88.853314,43.61397,0.0],[88.853381,43.613602,0.0],[88.85341,43.61329,0.0],[88.853361,43.612952,0.0],[88.853157,43.612645,0.0],[88.852952,43.612309,0.0],[88.852745,43.611889,0.0],[88.852346,43.611556,0.0],[88.852102,43.611221,0.0],[88.851783,43.610944,0.0],[88.851462,43.61061,0.0],[88.851065,43.610362,0.0],[88.85063,43.610115,0.0],[88.850423,43.609723,0.0],[88.850298,43.609442,0.0],[88.850171,43.609105,0.0],[88.849856,43.608969,0.0],[88.849616,43.608747,0.0],[88.849272,43.608605,0.0],[88.849125,43.608607,0.0],[88.848765,43.608881,0.0],[88.848442,43.609038,0.0]]]}},{"type":"Feature","properties":{"rgi_id":"RGI2000-v7.0-G-13-41628","o1region":"13"},"geometry":{"type":"Polygon","coordinates":[[[88.864457,43.605783,0.0],[88.864476,43.605728,0.0],[88.864664,43.605616,0.0],[88.864986,43.605205,0.0],[88.865421,43.604833,0.0],[88.865973,43.604621,0.0],[88.866641,43.60457,0.0],[88.867252,43.604479,0.0],[88.867861,43.604307,0.0],[88.86841,43.604014,0.0],[88.868846,43.603682,0.0],[88.869281,43.60331,0.0],[88.86966,43.602939,0.0],[88.869644,43.602412,0.0],[88.869025,43.60226,0.0],[88.868734,43.601859,0.0],[88.868123,43.60195,0.0],[88.8678,43.602361,0.0],[88.867307,43.602653,0.0],[88.866928,43.603024,0.0],[88.866549,43.603395,0.0],[88.86617,43.603766,0.0],[88.865618,43.603978,0.0],[88.865068,43.604231,0.0],[88.864867,43.604283,0.0],[88.864775,43.603992,0.0],[88.864765,43.603684,0.0],[88.864706,43.603402,0.0],[88.864681,43.603144,0.0],[88.864454,43.602938,0.0],[88.864245,43.602769,0.0],[88.863938,43.6027,0.0],[88.863564,43.602669,0.0],[88.863257,43.602612,0.0],[88.862934,43.602556,0.0],[88.862593,43.6025,0.0],[88.862102,43.60252,0.0],[88.861528,43.602591,0.0],[88.861106,43.602672,0.0],[88.860652,43.602778,0.0],[88.860521,43.60294,0.0],[88.86048,43.603237,0.0],[88.860552,43.603396,0.0],[88.860794,43.603539,0.0],[88.861186,43.603595,0.0],[88.861193,43.603816,0.0],[88.861235,43.604099,0.0],[88.861229,43.604444,0.0],[88.861015,43.604657,0.0],[88.860833,43.604808,0.0],[88.860908,43.60504,0.0],[88.860933,43.605286,0.0],[88.86072,43.605536,0.0],[88.860386,43.605702,0.0],[88.860016,43.605782,0.0],[88.859785,43.605982,0.0],[88.859674,43.606231,0.0],[88.859516,43.606603,0.0],[88.859556,43.606799,0.0],[88.859513,43.607083,0.0],[88.859453,43.60733,0.0],[88.85946,43.60754,0.0],[88.859481,43.607687,0.0],[88.859454,43.607909,0.0],[88.859479,43.608168,0.0],[88.859501,43.60834,0.0],[88.859491,43.608549,0.0],[88.859513,43.608709,0.0],[88.859569,43.608881,0.0],[88.859606,43.608991,0.0],[88.859712,43.609112,0.0],[88.859953,43.609256,0.0],[88.86014,43.609278,0.0],[88.860547,43.609271,0.0],[88.860834,43.609242,0.0],[88.86119,43.609236,0.0],[88.861595,43.60918,0.0],[88.861967,43.60915,0.0],[88.862273,43.609181,0.0],[88.862661,43.609101,0.0],[88.862908,43.608876,0.0],[88.863037,43.608652,0.0],[88.863166,43.60844,0.0],[88.863364,43.608252,0.0],[88.863528,43.608077,0.0],[88.86381,43.607875,0.0],[88.86409,43.607612,0.0],[88.864467,43.607212,0.0],[88.864527,43.60694,0.0],[88.86462,43.606667,0.0],[88.864559,43.606348,0.0],[88.864432,43.606079,0.0],[88.864457,43.605783,0.0]]]}},{"type":"Feature","properties":{"rgi_id":"RGI2000-v7.0-G-13-41629","o1region":"13"},"geometry":{"type":"Polygon","coordinates":[[[88.869974,43.611538,0.0],[88.869983,43.611829,0.0],[88.870018,43.612139,0.0],[88.870077,43.612411,0.0],[88.870111,43.612703,0.0],[88.870217,43.612902,0.0],[88.870324,43.613101,0.0],[88.870381,43.613337,0.0],[88.870438,43.613536,0.0],[88.870593,43.61368,0.0],[88.870696,43.613769,0.0],[88.870827,43.613931,0.0],[88.870879,43.614003,0.0],[88.871105,43.614,0.0],[88.87133,43.61396,0.0],[88.871579,43.613901,0.0],[88.871847,43.613641,0.0],[88.871989,43.613365,0.0],[88.872207,43.613106,0.0],[88.872502,43.612919,0.0],[88.872975,43.612784,0.0],[88.873417,43.612466,0.0],[88.873607,43.612117,0.0],[88.873871,43.611729,0.0],[88.874036,43.61138,0.0],[88.874046,43.610906,0.0],[88.874082,43.610431,0.0],[88.874293,43.609953,0.0],[88.874476,43.609385,0.0],[88.87459,43.609018,0.0],[88.87473,43.608669,0.0],[88.874792,43.608249,0.0],[88.874908,43.607937,0.0],[88.874822,43.60761,0.0],[88.874657,43.607138,0.0],[88.874697,43.606809,0.0],[88.87479,43.606552,0.0],[88.874855,43.606241,0.0],[88.874497,43.606028,0.0],[88.873989,43.605818,0.0],[88.873482,43.605662,0.0],[88.872997,43.605396,0.0],[88.872465,43.605259,0.0],[88.872033,43.605066,0.0],[88.871574,43.604854,0.0],[88.871165,43.604606,0.0],[88.870687,43.604577,0.0],[88.870442,43.604763,0.0],[88.870263,43.604912,0.0],[88.870195,43.604971,0.0],[88.870136,43.605054,0.0],[88.870077,43.605134,0.0],[88.869959,43.605391,0.0],[88.869841,43.60563,0.0],[88.869775,43.605923,0.0],[88.869663,43.606345,0.0],[88.869524,43.60673,0.0],[88.869256,43.60699,0.0],[88.868912,43.607214,0.0],[88.868824,43.607635,0.0],[88.869111,43.607977,0.0],[88.869244,43.60823,0.0],[88.869526,43.608426,0.0],[88.869833,43.608585,0.0],[88.869869,43.608949,0.0],[88.87003,43.609293,0.0],[88.870138,43.609547,0.0],[88.870122,43.609821,0.0],[88.869985,43.610261,0.0],[88.869995,43.610589,0.0],[88.869982,43.61099,0.0],[88.869974,43.611538,0.0]]]}},{"type":"Feature","properties":{"rgi_id":"RGI2000-v7.0-G-13-41630","o1region":"13"},"geometry":{"type":"Polygon","coordinates":[[[88.886894,43.606508,0.0],[88.885112,43.60666,0.0],[88.884508,43.606953,0.0],[88.884299,43.607403,0.0],[88.884035,43.607894,0.0],[88.883937,43.608342,0.0],[88.884504,43.608616,0.0],[88.885176,43.608686,0.0],[88.885845,43.608675,0.0],[88.886395,43.608423,0.0],[88.886662,43.608013,0.0],[88.886759,43.607565,0.0],[88.8868,43.607078,0.0],[88.886841,43.60659,0.0],[88.886894,43.606508,0.0]]]}},{"type":"Feature","properties":{"rgi_id":"RGI2000-v7.0-G-13-41631","o1region":"13"},"geometry":{"type":"Polygon","coordinates":[[[88.898572,43.603395,0.0],[88.897178,43.603418,0.0],[88.896742,43.60375,0.0],[88.896533,43.604199,0.0],[88.896435,43.604647,0.0],[88.89645,43.605134,0.0],[88.89641,43.605621,0.0],[88.895858,43.605833,0.0],[88.895247,43.605924,0.0],[88.894814,43.606337,0.0],[88.895326,43.606653,0.0],[88.895945,43.606805,0.0],[88.896615,43.606834,0.0],[88.897283,43.606783,0.0],[88.897952,43.606731,0.0],[88.898161,43.606281,0.0],[88.898257,43.605793,0.0],[88.898354,43.605345,0.0],[88.898452,43.604898,0.0],[88.898605,43.604449,0.0],[88.89859,43.603963,0.0],[88.898573,43.603436,0.0],[88.898572,43.603395,0.0]]]}},{"type":"Feature","properties":{"rgi_id":"RGI2000-v7.0-G-13-41632","o1region":"13"},"geometry":{"type":"Polygon","coordinates":[[[88.906086,43.60168,0.0],[88.905682,43.601281,0.0],[88.90539,43.60084,0.0],[88.905208,43.600397,0.0],[88.904589,43.600245,0.0],[88.904268,43.600656,0.0],[88.904284,43.601183,0.0],[88.90441,43.601627,0.0],[88.904371,43.602155,0.0],[88.90435,43.602439,0.0],[88.904217,43.602604,0.0],[88.903953,43.603054,0.0],[88.903688,43.603505,0.0],[88.903704,43.604032,0.0],[88.904106,43.60439,0.0],[88.904777,43.604419,0.0],[88.90527,43.604127,0.0],[88.905706,43.603795,0.0],[88.906254,43.603462,0.0],[88.906445,43.603218,0.0],[88.906409,43.603094,0.0],[88.906337,43.602568,0.0],[88.906265,43.602042,0.0],[88.906264,43.602012,0.0],[88.906086,43.60168,0.0]]]}},{"type":"Feature","properties":{"rgi_id":"RGI2000-v7.0-G-13-41633","o1region":"13"},"geometry":{"type":"Polygon","coordinates":[[[88.912395,43.598766,0.0],[88.91206,43.599057,0.0],[88.912024,43.599451,0.0],[88.912473,43.599658,0.0],[88.912969,43.599792,0.0],[88.913078,43.600148,0.0],[88.912642,43.600334,0.0],[88.912217,43.600913,0.0],[88.912219,43.600948,0.0],[88.912328,43.601304,0.0],[88.912729,43.601547,0.0],[88.91327,43.601538,0.0],[88.913759,43.601459,0.0],[88.914196,43.601273,0.0],[88.914581,43.601016,0.0],[88.915068,43.600865,0.0],[88.915505,43.600679,0.0],[88.915941,43.600493,0.0],[88.916378,43.600307,0.0],[88.916815,43.600121,0.0],[88.91705,43.599795,0.0],[88.917186,43.599436,0.0],[88.917371,43.599075,0.0],[88.917607,43.59875,0.0],[88.917792,43.598389,0.0],[88.917879,43.59803,0.0],[88.917966,43.597672,0.0],[88.91771,43.597354,0.0],[88.917119,43.597328,0.0],[88.916577,43.597302,0.0],[88.916088,43.597382,0.0],[88.915652,43.597568,0.0],[88.915216,43.597789,0.0],[88.914728,43.597905,0.0],[88.914241,43.598056,0.0],[88.913754,43.598207,0.0],[88.913267,43.598358,0.0],[88.912831,43.598544,0.0],[88.912395,43.598766,0.0]],[[88.915046,43.598638,0.0],[88.91557,43.598605,0.0],[88.915842,43.59891,0.0],[88.915755,43.599269,0.0],[88.915536,43.599606,0.0],[88.915048,43.599734,0.0],[88.915048,43.59971,0.0],[88.914526,43.59979,0.0],[88.914254,43.599485,0.0],[88.914274,43.599103,0.0],[88.914627,43.598835,0.0],[88.915046,43.598638,0.0]]]}},{"type":"Feature","properties":{"rgi_id":"RGI2000-v7.0-G-13-41634","o1region":"13"},"geometry":{"type":"Polygon","coordinates":[[[88.927072,43.596502,0.0],[88.92707,43.596461,0.0],[88.926944,43.596018,0.0],[88.926985,43.59553,0.0],[88.926969,43.595044,0.0],[88.927122,43.594595,0.0],[88.927107,43.594109,0.0],[88.92644,43.594201,0.0],[88.926061,43.594572,0.0],[88.925683,43.594944,0.0],[88.925642,43.595431,0.0],[88.925545,43.595879,0.0],[88.92556,43.596365,0.0],[88.925576,43.596852,0.0],[88.925702,43.597296,0.0],[88.926104,43.597654,0.0],[88.927072,43.596502,0.0]]]}},{"type":"Feature","properties":{"rgi_id":"RGI2000-v7.0-G-13-41635","o1region":"13"},"geometry":{"type":"Polygon","coordinates":[[[88.881015,43.584516,0.0],[88.881471,43.584687,0.0],[88.881959,43.58456,0.0],[88.882236,43.584258,0.0],[88.882307,43.583899,0.0],[88.882418,43.58354,0.0],[88.882599,43.582763,0.0],[88.882624,43.582256,0.0],[88.882623,43.582227,0.0],[88.882611,43.58184,0.0],[88.882558,43.581453,0.0],[88.882302,43.58113,0.0],[88.881806,43.580989,0.0],[88.881274,43.580998,0.0],[88.880786,43.581095,0.0],[88.880298,43.581223,0.0],[88.879811,43.581379,0.0],[88.879659,43.581739,0.0],[88.879547,43.582098,0.0],[88.879763,43.582452,0.0],[88.880181,43.582713,0.0],[88.880396,43.583067,0.0],[88.880449,43.583453,0.0],[88.880624,43.583808,0.0],[88.88084,43.584162,0.0],[88.881015,43.584516,0.0]]]}},{"type":"Feature","properties":{"rgi_id":"RGI2000-v7.0-G-13-41636","o1region":"13"},"geometry":{"type":"Polygon","coordinates":[[[88.997316,43.610573,0.0],[88.997197,43.610825,0.0],[88.997474,43.610979,0.0],[88.997915,43.611168,0.0],[88.998393,43.611358,0.0],[88.998723,43.611483,0.0],[88.999361,43.611578,0.0],[88.999794,43.611531,0.0],[88.999969,43.61133,0.0],[89.000068,43.611052,0.0],[89.000283,43.610956,0.0],[89.000482,43.610965,0.0],[89.000722,43.611093,0.0],[89.000926,43.611221,0.0],[89.001297,43.611491,0.0],[89.001631,43.611709,0.0],[89.001875,43.611968,0.0],[89.002096,43.61207,0.0],[89.002568,43.612114,0.0],[89.00302,43.612067,0.0],[89.003364,43.612061,0.0],[89.003632,43.611951,0.0],[89.003734,43.611738,0.0],[89.003747,43.61158,0.0],[89.003667,43.611371,0.0],[89.003479,43.611163,0.0],[89.003259,43.611075,0.0],[89.002987,43.611066,0.0],[89.002658,43.610993,0.0],[89.002611,43.610678,0.0],[89.002711,43.6104,0.0],[89.002597,43.610257,0.0],[89.002434,43.610233,0.0],[89.002181,43.610264,0.0],[89.001929,43.610334,0.0],[89.0019,43.610546,0.0],[89.001908,43.610769,0.0],[89.00188,43.61102,0.0],[89.001759,43.61122,0.0],[89.001611,43.611104,0.0],[89.001495,43.610908,0.0],[89.001361,43.610673,0.0],[89.001332,43.610358,0.0],[89.001197,43.610123,0.0],[89.001154,43.6099,0.0],[89.001419,43.609711,0.0],[89.001946,43.609741,0.0],[89.002197,43.609658,0.0],[89.002372,43.609471,0.0],[89.002547,43.60927,0.0],[89.002851,43.609146,0.0],[89.003233,43.609192,0.0],[89.003458,43.609425,0.0],[89.003736,43.609605,0.0],[89.004098,43.609598,0.0],[89.004295,43.609542,0.0],[89.004413,43.609264,0.0],[89.004527,43.60888,0.0],[89.004371,43.60854,0.0],[89.004397,43.608224,0.0],[89.004047,43.608072,0.0],[89.003752,43.607906,0.0],[89.003651,43.607591,0.0],[89.003663,43.60742,0.0],[89.003564,43.607158,0.0],[89.003538,43.606922,0.0],[89.003173,43.606849,0.0],[89.002681,43.606779,0.0],[89.002207,43.606669,0.0],[89.001894,43.606529,0.0],[89.001475,43.606471,0.0],[89.001163,43.606358,0.0],[89.000778,43.606233,0.0],[89.000448,43.606094,0.0],[89.000044,43.605929,0.0],[88.999718,43.605935,0.0],[88.999632,43.606082,0.0],[88.999326,43.606166,0.0],[88.999057,43.606223,0.0],[88.998838,43.606201,0.0],[88.99878,43.606083,0.0],[88.998702,43.605913,0.0],[88.998588,43.605744,0.0],[88.998044,43.605741,0.0],[88.997758,43.605864,0.0],[88.997435,43.605975,0.0],[88.996875,43.606024,0.0],[88.996496,43.606057,0.0],[88.9963,43.606179,0.0],[88.996253,43.606391,0.0],[88.996262,43.606667,0.0],[88.996107,43.606894,0.0],[88.995988,43.607146,0.0],[88.995995,43.607357,0.0],[88.995986,43.607633,0.0],[88.995997,43.607962,0.0],[88.996237,43.60809,0.0],[88.996462,43.608323,0.0],[88.997099,43.608404,0.0],[88.997414,43.608622,0.0],[88.997555,43.609041,0.0],[88.997588,43.609475,0.0],[88.997584,43.609923,0.0],[88.997523,43.610253,0.0],[88.997316,43.610573,0.0]]]}},{"type":"Feature","properties":{"rgi_id":"RGI2000-v7.0-G-13-41637","o1region":"13"},"geometry":{"type":"Polygon","coordinates":[[[89.014182,43.609384,0.0],[89.01418,43.60933,0.0],[89.013578,43.609124,0.0],[89.012908,43.609136,0.0],[89.012398,43.609469,0.0],[89.01219,43.609906,0.0],[89.012132,43.610393,0.0],[89.012805,43.610489,0.0],[89.013472,43.610424,0.0],[89.014002,43.610685,0.0],[89.014604,43.61089,0.0],[89.014737,43.610401,0.0],[89.014182,43.609384,0.0]]]}},{"type":"Feature","properties":{"rgi_id":"RGI2000-v7.0-G-13-41765","o1region":"13"},"geometry":{"type":"Polygon","coordinates":[[[88.652385,43.725508,0.0],[88.652265,43.725319,0.0],[88.652127,43.725083,0.0],[88.651925,43.724896,0.0],[88.651595,43.724853,0.0],[88.651267,43.724869,0.0],[88.651001,43.724754,0.0],[88.650736,43.724651,0.0],[88.650538,43.724618,0.0],[88.650327,43.724704,0.0],[88.650183,43.724861,0.0],[88.650003,43.724876,0.0],[88.649869,43.724806,0.0],[88.649636,43.724667,0.0],[88.64945,43.724491,0.0],[88.649121,43.724448,0.0],[88.648936,43.724319,0.0],[88.648639,43.72424,0.0],[88.648211,43.724235,0.0],[88.648031,43.724261,0.0],[88.647887,43.72437,0.0],[88.647741,43.724468,0.0],[88.647545,43.724506,0.0],[88.647251,43.724558,0.0],[88.647006,43.724609,0.0],[88.646779,43.724696,0.0],[88.646683,43.724816,0.0],[88.646671,43.724971,0.0],[88.646675,43.725126,0.0],[88.646681,43.725329,0.0],[88.646702,43.725483,0.0],[88.646804,43.725637,0.0],[88.646972,43.725765,0.0],[88.647207,43.72594,0.0],[88.64744,43.726056,0.0],[88.647624,43.726161,0.0],[88.647791,43.726266,0.0],[88.647975,43.726382,0.0],[88.64811,43.726511,0.0],[88.648162,43.726641,0.0],[88.648216,43.726795,0.0],[88.648237,43.72695,0.0],[88.648256,43.727069,0.0],[88.648327,43.727258,0.0],[88.648415,43.72746,0.0],[88.648699,43.727658,0.0],[88.648987,43.727952,0.0],[88.649108,43.728176,0.0],[88.649131,43.728438,0.0],[88.649352,43.728685,0.0],[88.649456,43.728898,0.0],[88.649643,43.729109,0.0],[88.64994,43.729153,0.0],[88.650282,43.729076,0.0],[88.650675,43.729011,0.0],[88.651036,43.729018,0.0],[88.651646,43.72908,0.0],[88.652139,43.729085,0.0],[88.652599,43.729091,0.0],[88.653042,43.729096,0.0],[88.653453,43.729078,0.0],[88.65388,43.729096,0.0],[88.654387,43.729017,0.0],[88.654795,43.728904,0.0],[88.655171,43.728863,0.0],[88.655581,43.728845,0.0],[88.655959,43.728839,0.0],[88.656238,43.728812,0.0],[88.656564,43.728747,0.0],[88.656875,43.728683,0.0],[88.657283,43.728594,0.0],[88.657511,43.728519,0.0],[88.65767,43.72835,0.0],[88.65773,43.728135,0.0],[88.657823,43.727931,0.0],[88.65772,43.727754,0.0],[88.657535,43.727614,0.0],[88.657253,43.72751,0.0],[88.656987,43.727383,0.0],[88.656752,43.727208,0.0],[88.656518,43.727057,0.0],[88.6563,43.726917,0.0],[88.656035,43.726813,0.0],[88.655819,43.726721,0.0],[88.65542,43.726548,0.0],[88.655171,43.726469,0.0],[88.655035,43.72628,0.0],[88.654931,43.726115,0.0],[88.654745,43.725903,0.0],[88.654577,43.725762,0.0],[88.654279,43.725683,0.0],[88.653963,43.725545,0.0],[88.653634,43.725514,0.0],[88.653257,43.725555,0.0],[88.652914,43.72562,0.0],[88.652636,43.725648,0.0],[88.652385,43.725508,0.0]]]}},{"type":"Feature","properties":{"rgi_id":"RGI2000-v7.0-G-13-41766","o1region":"13"},"geometry":{"type":"Polygon","coordinates":[[[88.64797,43.732693,0.0],[88.64776,43.73222,0.0],[88.647727,43.732197,0.0],[88.647654,43.731959,0.0],[88.647484,43.731747,0.0],[88.647347,43.731535,0.0],[88.647177,43.731323,0.0],[88.646878,43.731184,0.0],[88.646578,43.731046,0.0],[88.646246,43.730908,0.0],[88.645948,43.730817,0.0],[88.64565,43.730749,0.0],[88.645353,43.730682,0.0],[88.645023,43.730639,0.0],[88.644693,43.730596,0.0],[88.644365,43.730601,0.0],[88.644002,43.730559,0.0],[88.643674,43.730563,0.0],[88.643381,43.730663,0.0],[88.643223,43.730903,0.0],[88.643197,43.731142,0.0],[88.643236,43.73138,0.0],[88.643341,43.731593,0.0],[88.643445,43.731806,0.0],[88.64368,43.731993,0.0],[88.643949,43.732203,0.0],[88.644184,43.73239,0.0],[88.644418,43.732554,0.0],[88.644653,43.732717,0.0],[88.644887,43.732881,0.0],[88.645122,43.733044,0.0],[88.645389,43.733207,0.0],[88.645656,43.733346,0.0],[88.64589,43.733509,0.0],[88.646157,43.733648,0.0],[88.646455,43.733739,0.0],[88.646784,43.733759,0.0],[88.647113,43.733778,0.0],[88.647441,43.733749,0.0],[88.647666,43.733579,0.0],[88.647824,43.733362,0.0],[88.647917,43.733147,0.0],[88.64797,43.732693,0.0]]]}},{"type":"Feature","properties":{"rgi_id":"RGI2000-v7.0-G-13-41767","o1region":"13"},"geometry":{"type":"Polygon","coordinates":[[[88.639904,43.733273,0.0],[88.639683,43.733105,0.0],[88.639444,43.733008,0.0],[88.639206,43.732954,0.0],[88.638889,43.73293,0.0],[88.638613,43.73292,0.0],[88.6383,43.732982,0.0],[88.638026,43.733057,0.0],[88.637812,43.733175,0.0],[88.637676,43.733262,0.0],[88.637601,43.733406,0.0],[88.637427,43.733523,0.0],[88.637192,43.733555,0.0],[88.637015,43.733601,0.0],[88.63694,43.733716,0.0],[88.636924,43.733859,0.0],[88.636986,43.733987,0.0],[88.63709,43.734157,0.0],[88.637269,43.734212,0.0],[88.637506,43.734251,0.0],[88.637861,43.734232,0.0],[88.638173,43.734113,0.0],[88.638347,43.733996,0.0],[88.638622,43.733949,0.0],[88.638859,43.733989,0.0],[88.639116,43.733999,0.0],[88.639293,43.733997,0.0],[88.639527,43.733893,0.0],[88.639623,43.733806,0.0],[88.639757,43.733661,0.0],[88.639812,43.733518,0.0],[88.639904,43.733273,0.0]]]}},{"type":"Feature","properties":{"rgi_id":"RGI2000-v7.0-G-13-41768","o1region":"13"},"geometry":{"type":"Polygon","coordinates":[[[88.640324,43.735178,0.0],[88.640161,43.73499,0.0],[88.640051,43.734801,0.0],[88.639707,43.73471,0.0],[88.639447,43.734809,0.0],[88.63924,43.734927,0.0],[88.639086,43.735062,0.0],[88.63893,43.735122,0.0],[88.638802,43.735276,0.0],[88.638622,43.735393,0.0],[88.638413,43.735453,0.0],[88.638181,43.735609,0.0],[88.638,43.735726,0.0],[88.63782,43.735881,0.0],[88.637639,43.735979,0.0],[88.637404,43.736058,0.0],[88.637249,43.736156,0.0],[88.637095,43.736291,0.0],[88.636996,43.736521,0.0],[88.636974,43.736655,0.0],[88.637212,43.736709,0.0],[88.637581,43.736761,0.0],[88.637898,43.736813,0.0],[88.63819,43.736905,0.0],[88.638612,43.736975,0.0],[88.639111,43.736949,0.0],[88.639402,43.73704,0.0],[88.639692,43.737055,0.0],[88.639953,43.736994,0.0],[88.64045,43.736891,0.0],[88.640525,43.736757,0.0],[88.640623,43.736508,0.0],[88.640535,43.736166,0.0],[88.640608,43.735936,0.0],[88.640601,43.735707,0.0],[88.640623,43.735536,0.0],[88.640512,43.735328,0.0],[88.640324,43.735178,0.0]]]}},{"type":"Feature","properties":{"rgi_id":"RGI2000-v7.0-G-13-41769","o1region":"13"},"geometry":{"type":"Polygon","coordinates":[[[88.645071,43.748849,0.0],[88.645098,43.748847,0.0],[88.645184,43.748648,0.0],[88.645462,43.748438,0.0],[88.645741,43.748227,0.0],[88.64602,43.748017,0.0],[88.646372,43.747857,0.0],[88.646725,43.747749,0.0],[88.64715,43.747691,0.0],[88.647577,43.747685,0.0],[88.648004,43.747679,0.0],[88.648073,43.747678,0.0],[88.648431,43.747673,0.0],[88.648856,43.747615,0.0],[88.649209,43.747507,0.0],[88.649562,43.747398,0.0],[88.649768,43.747137,0.0],[88.64941,43.747039,0.0],[88.648979,43.746891,0.0],[88.648729,43.746717,0.0],[88.648689,43.746689,0.0],[88.648468,43.746434,0.0],[88.648247,43.746179,0.0],[88.648237,43.74614,0.0],[88.648168,43.745871,0.0],[88.648018,43.745615,0.0],[88.647798,43.74536,0.0],[88.647649,43.745104,0.0],[88.647499,43.744848,0.0],[88.647279,43.744593,0.0],[88.646986,43.744288,0.0],[88.646836,43.744032,0.0],[88.646616,43.743777,0.0],[88.646256,43.743628,0.0],[88.645829,43.743634,0.0],[88.645334,43.743744,0.0],[88.645297,43.743754,0.0],[88.645215,43.743687,0.0],[88.64491,43.743692,0.0],[88.644555,43.743697,0.0],[88.64422,43.743702,0.0],[88.643883,43.743621,0.0],[88.643527,43.743419,0.0],[88.643315,43.743207,0.0],[88.642883,43.743095,0.0],[88.642543,43.74294,0.0],[88.641708,43.742694,0.0],[88.641368,43.742499,0.0],[88.641028,43.742318,0.0],[88.640707,43.742137,0.0],[88.640565,43.741982,0.0],[88.640326,43.741871,0.0],[88.640089,43.74186,0.0],[88.639813,43.741878,0.0],[88.639598,43.741924,0.0],[88.639382,43.741956,0.0],[88.639013,43.742176,0.0],[88.638679,43.742223,0.0],[88.638271,43.742444,0.0],[88.63796,43.742591,0.0],[88.637708,43.742752,0.0],[88.637476,43.742941,0.0],[88.637205,43.743102,0.0],[88.636915,43.743335,0.0],[88.636665,43.743539,0.0],[88.636376,43.7438,0.0],[88.636186,43.744074,0.0],[88.635898,43.744336,0.0],[88.635527,43.74447,0.0],[88.635198,43.744703,0.0],[88.634967,43.744921,0.0],[88.634676,43.745068,0.0],[88.634387,43.745329,0.0],[88.634236,43.745574,0.0],[88.634127,43.745905,0.0],[88.633998,43.74625,0.0],[88.63385,43.746595,0.0],[88.633501,43.746814,0.0],[88.633089,43.746892,0.0],[88.632695,43.746926,0.0],[88.632482,43.747057,0.0],[88.632271,43.747261,0.0],[88.632022,43.747536,0.0],[88.632051,43.747893,0.0],[88.632019,43.748165,0.0],[88.632165,43.748434,0.0],[88.632232,43.748748,0.0],[88.632397,43.749017,0.0],[88.6326,43.749228,0.0],[88.632881,43.74941,0.0],[88.633179,43.749477,0.0],[88.633534,43.749501,0.0],[88.63397,43.74958,0.0],[88.634249,43.749676,0.0],[88.634765,43.749812,0.0],[88.635064,43.749908,0.0],[88.635422,43.750017,0.0],[88.635741,43.750155,0.0],[88.636078,43.750222,0.0],[88.636493,43.750273,0.0],[88.637026,43.750294,0.0],[88.637301,43.750247,0.0],[88.637514,43.750116,0.0],[88.637805,43.749911,0.0],[88.638057,43.749779,0.0],[88.63829,43.749647,0.0],[88.638523,43.749515,0.0],[88.638737,43.749383,0.0],[88.638951,43.74928,0.0],[88.639242,43.749105,0.0],[88.639494,43.748958,0.0],[88.639708,43.748855,0.0],[88.640002,43.748794,0.0],[88.640256,43.74869,0.0],[88.640491,43.748629,0.0],[88.640766,43.748611,0.0],[88.641181,43.748648,0.0],[88.641499,43.748744,0.0],[88.641954,43.748794,0.0],[88.642256,43.749019,0.0],[88.642673,43.749113,0.0],[88.643031,43.749236,0.0],[88.643446,43.749259,0.0],[88.64376,43.749226,0.0],[88.64411,43.74902,0.0],[88.644421,43.748859,0.0],[88.644756,43.748854,0.0],[88.645071,43.748849,0.0]]]}},{"type":"Feature","properties":{"rgi_id":"RGI2000-v7.0-G-13-41770","o1region":"13"},"geometry":{"type":"Polygon","coordinates":[[[88.639212,43.753781,0.0],[88.639069,43.753986,0.0],[88.638978,43.754249,0.0],[88.638969,43.754535,0.0],[88.639007,43.754725,0.0],[88.639163,43.754997,0.0],[88.639318,43.755269,0.0],[88.639505,43.755516,0.0],[88.639626,43.755729,0.0],[88.63965,43.756014,0.0],[88.639608,43.756277,0.0],[88.639502,43.756588,0.0],[88.639476,43.756863,0.0],[88.639453,43.757196,0.0],[88.639459,43.757423,0.0],[88.639499,43.757696,0.0],[88.639587,43.757885,0.0],[88.639726,43.758193,0.0],[88.639946,43.758404,0.0],[88.640164,43.758568,0.0],[88.64035,43.758756,0.0],[88.640535,43.758908,0.0],[88.640717,43.758977,0.0],[88.641014,43.758997,0.0],[88.641343,43.759016,0.0],[88.641706,43.759058,0.0],[88.642298,43.759085,0.0],[88.64266,43.759116,0.0],[88.64291,43.759219,0.0],[88.643207,43.759287,0.0],[88.643489,43.759366,0.0],[88.64369,43.759494,0.0],[88.644121,43.759631,0.0],[88.644501,43.759709,0.0],[88.64488,43.759763,0.0],[88.645243,43.759817,0.0],[88.645539,43.759813,0.0],[88.645949,43.759771,0.0],[88.646178,43.759732,0.0],[88.646439,43.759681,0.0],[88.646731,43.759534,0.0],[88.647053,43.759303,0.0],[88.647394,43.759143,0.0],[88.647785,43.759006,0.0],[88.648146,43.758977,0.0],[88.648488,43.758865,0.0],[88.648747,43.75873,0.0],[88.649022,43.758572,0.0],[88.649263,43.758389,0.0],[88.649356,43.758174,0.0],[88.649497,43.75791,0.0],[88.649554,43.757587,0.0],[88.649759,43.757286,0.0],[88.649867,43.757047,0.0],[88.649992,43.756795,0.0],[88.65005,43.756532,0.0],[88.650109,43.756257,0.0],[88.65007,43.756031,0.0],[88.649965,43.755818,0.0],[88.649682,43.755679,0.0],[88.649463,43.755492,0.0],[88.649325,43.755244,0.0],[88.649302,43.755006,0.0],[88.649229,43.754733,0.0],[88.649107,43.754509,0.0],[88.649036,43.754307,0.0],[88.649079,43.754068,0.0],[88.649122,43.753829,0.0],[88.649049,43.753592,0.0],[88.648845,43.753321,0.0],[88.648659,43.753121,0.0],[88.648393,43.753042,0.0],[88.64816,43.752926,0.0],[88.648024,43.752749,0.0],[88.647887,43.752537,0.0],[88.647814,43.7523,0.0],[88.647759,43.752062,0.0],[88.647713,43.75184,0.0],[88.647482,43.751526,0.0],[88.647214,43.751258,0.0],[88.647008,43.751052,0.0],[88.646864,43.750861,0.0],[88.646703,43.75072,0.0],[88.646534,43.750567,0.0],[88.646319,43.750511,0.0],[88.646055,43.750443,0.0],[88.645515,43.750546,0.0],[88.645222,43.750658,0.0],[88.644781,43.750736,0.0],[88.644372,43.750801,0.0],[88.644048,43.75096,0.0],[88.643527,43.751135,0.0],[88.643234,43.751246,0.0],[88.642976,43.751417,0.0],[88.642667,43.75154,0.0],[88.64249,43.751674,0.0],[88.642199,43.751845,0.0],[88.641973,43.752027,0.0],[88.641829,43.752148,0.0],[88.641835,43.752362,0.0],[88.64197,43.752515,0.0],[88.641992,43.752693,0.0],[88.641896,43.752796,0.0],[88.641958,43.753039,0.0],[88.641605,43.753147,0.0],[88.64118,43.753205,0.0],[88.64068,43.753161,0.0],[88.640256,43.75327,0.0],[88.639903,43.753378,0.0],[88.63955,43.753486,0.0],[88.639389,43.753536,0.0],[88.639212,43.753781,0.0]]]}},{"type":"Feature","properties":{"rgi_id":"RGI2000-v7.0-G-13-41771","o1region":"13"},"geometry":{"type":"Polygon","coordinates":[[[88.612861,43.746318,0.0],[88.612773,43.746316,0.0],[88.612376,43.746203,0.0],[88.611943,43.745995,0.0],[88.61166,43.745856,0.0],[88.611281,43.745825,0.0],[88.610936,43.745818,0.0],[88.610526,43.745824,0.0],[88.61013,43.745782,0.0],[88.609687,43.745788,0.0],[88.609244,43.745806,0.0],[88.608961,43.745667,0.0],[88.608629,43.745565,0.0],[88.608207,43.745548,0.0],[88.608152,43.745574,0.0],[88.60773,43.74577,0.0],[88.607412,43.745875,0.0],[88.607405,43.745894,0.0],[88.606928,43.746473,0.0],[88.60654,43.74674,0.0],[88.606341,43.746904,0.0],[88.606188,43.746906,0.0],[88.605784,43.746961,0.0],[88.60552,43.747209,0.0],[88.605393,43.747505,0.0],[88.605059,43.747657,0.0],[88.604656,43.74776,0.0],[88.604393,43.748009,0.0],[88.6044,43.748303,0.0],[88.60461,43.748545,0.0],[88.605019,43.748686,0.0],[88.60506,43.748685,0.0],[88.605119,43.74888,0.0],[88.605153,43.748901,0.0],[88.605436,43.749028,0.0],[88.605754,43.74925,0.0],[88.606038,43.749425,0.0],[88.606385,43.749491,0.0],[88.606665,43.749511,0.0],[88.606995,43.749566,0.0],[88.607275,43.74961,0.0],[88.607622,43.749665,0.0],[88.607886,43.749721,0.0],[88.608331,43.749786,0.0],[88.608648,43.749948,0.0],[88.6089,43.750147,0.0],[88.60904,43.750455,0.0],[88.609209,43.750631,0.0],[88.609362,43.750843,0.0],[88.609614,43.75103,0.0],[88.609801,43.751278,0.0],[88.610235,43.751534,0.0],[88.610504,43.751756,0.0],[88.610722,43.751908,0.0],[88.610924,43.752096,0.0],[88.611044,43.752273,0.0],[88.611148,43.752486,0.0],[88.611481,43.75266,0.0],[88.611701,43.752871,0.0],[88.611918,43.753011,0.0],[88.612153,43.753186,0.0],[88.612455,43.753444,0.0],[88.612774,43.753666,0.0],[88.613026,43.753877,0.0],[88.613245,43.7541,0.0],[88.613514,43.754298,0.0],[88.613748,43.75445,0.0],[88.614014,43.754589,0.0],[88.614383,43.754846,0.0],[88.614684,43.755032,0.0],[88.614918,43.755196,0.0],[88.615168,43.755335,0.0],[88.615468,43.755498,0.0],[88.615669,43.755614,0.0],[88.615987,43.755824,0.0],[88.616251,43.755892,0.0],[88.616765,43.756039,0.0],[88.617194,43.756116,0.0],[88.617622,43.756134,0.0],[88.618181,43.75615,0.0],[88.618806,43.756177,0.0],[88.619217,43.756183,0.0],[88.619694,43.7562,0.0],[88.61996,43.756196,0.0],[88.620087,43.756164,0.0],[88.620489,43.75606,0.0],[88.620892,43.755956,0.0],[88.621226,43.755805,0.0],[88.62156,43.755653,0.0],[88.621823,43.755404,0.0],[88.62195,43.755109,0.0],[88.621942,43.754815,0.0],[88.621867,43.754522,0.0],[88.62159,43.754281,0.0],[88.621381,43.754039,0.0],[88.621104,43.753798,0.0],[88.62099,43.753566,0.0],[88.620904,43.753539,0.0],[88.620606,43.753448,0.0],[88.620339,43.753309,0.0],[88.620088,43.753145,0.0],[88.61977,43.752912,0.0],[88.619667,43.752758,0.0],[88.619498,43.752594,0.0],[88.619361,43.75237,0.0],[88.619191,43.752169,0.0],[88.619134,43.751884,0.0],[88.619012,43.751636,0.0],[88.618955,43.751351,0.0],[88.618949,43.751125,0.0],[88.618842,43.750793,0.0],[88.61882,43.750579,0.0],[88.618732,43.750389,0.0],[88.618642,43.750069,0.0],[88.618618,43.749807,0.0],[88.618581,43.749665,0.0],[88.61851,43.749463,0.0],[88.61844,43.749298,0.0],[88.618271,43.749133,0.0],[88.618038,43.749005,0.0],[88.617867,43.748758,0.0],[88.617564,43.748488,0.0],[88.617398,43.748307,0.0],[88.617327,43.748279,0.0],[88.616893,43.748023,0.0],[88.616493,43.747791,0.0],[88.616124,43.74751,0.0],[88.615659,43.74735,0.0],[88.615195,43.74719,0.0],[88.6147,43.747102,0.0],[88.614452,43.747046,0.0],[88.6145,43.746936,0.0],[88.614289,43.746645,0.0],[88.613946,43.746454,0.0],[88.613472,43.746411,0.0],[88.613065,43.746368,0.0],[88.612886,43.746371,0.0],[88.612861,43.746318,0.0]]]}},{"type":"Feature","properties":{"rgi_id":"RGI2000-v7.0-G-13-41772","o1region":"13"},"geometry":{"type":"Polygon","coordinates":[[[88.610299,43.741352,0.0],[88.60992,43.741453,0.0],[88.6097,43.741551,0.0],[88.609666,43.741761,0.0],[88.609688,43.742095,0.0],[88.609892,43.742359,0.0],[88.610159,43.742507,0.0],[88.610334,43.742648,0.0],[88.610639,43.742748,0.0],[88.610969,43.74281,0.0],[88.611366,43.7429,0.0],[88.611841,43.742998,0.0],[88.612183,43.743003,0.0],[88.612552,43.743036,0.0],[88.612973,43.743039,0.0],[88.613419,43.743023,0.0],[88.613748,43.743019,0.0],[88.614023,43.742996,0.0],[88.61427,43.742878,0.0],[88.614439,43.742809,0.0],[88.614739,43.742738,0.0],[88.615197,43.742665,0.0],[88.61563,43.742649,0.0],[88.616035,43.742548,0.0],[88.61644,43.742457,0.0],[88.616794,43.742404,0.0],[88.617132,43.742294,0.0],[88.617433,43.742214,0.0],[88.617693,43.742134,0.0],[88.617965,43.741968,0.0],[88.618224,43.741841,0.0],[88.61835,43.741639,0.0],[88.618422,43.74138,0.0],[88.618416,43.741142,0.0],[88.618357,43.740914,0.0],[88.618168,43.740746,0.0],[88.617902,43.740625,0.0],[88.617665,43.740581,0.0],[88.617363,43.740595,0.0],[88.617194,43.740683,0.0],[88.616986,43.740772,0.0],[88.616777,43.740822,0.0],[88.616531,43.740931,0.0],[88.616309,43.741001,0.0],[88.616035,43.741071,0.0],[88.615771,43.741027,0.0],[88.615399,43.740899,0.0],[88.615122,43.740846,0.0],[88.614871,43.740811,0.0],[88.61471,43.74068,0.0],[88.614506,43.740416,0.0],[88.61416,43.740259,0.0],[88.61384,43.740083,0.0],[88.61352,43.739935,0.0],[88.613294,43.739833,0.0],[88.61295,43.739752,0.0],[88.612723,43.739612,0.0],[88.612495,43.739454,0.0],[88.612215,43.739296,0.0],[88.611999,43.739179,0.0],[88.611992,43.738919,0.0],[88.611817,43.73862,0.0],[88.611397,43.738446,0.0],[88.610982,43.738451,0.0],[88.61057,43.738578,0.0],[88.610158,43.738704,0.0],[88.609832,43.73895,0.0],[88.609757,43.739252,0.0],[88.609765,43.739553,0.0],[88.609939,43.739852,0.0],[88.610113,43.740151,0.0],[88.610206,43.740511,0.0],[88.610297,43.740811,0.0],[88.61039,43.741171,0.0],[88.610438,43.741248,0.0],[88.610299,43.741352,0.0]]]}},{"type":"Feature","properties":{"rgi_id":"RGI2000-v7.0-G-13-41773","o1region":"13"},"geometry":{"type":"Polygon","coordinates":[[[88.602338,43.764499,0.0],[88.602803,43.764303,0.0],[88.602988,43.76417,0.0],[88.603284,43.764154,0.0],[88.603579,43.764126,0.0],[88.603808,43.764087,0.0],[88.60407,43.764048,0.0],[88.604313,43.763937,0.0],[88.604624,43.763885,0.0],[88.604835,43.763763,0.0],[88.605061,43.763605,0.0],[88.60522,43.763412,0.0],[88.605428,43.763195,0.0],[88.605569,43.762955,0.0],[88.60576,43.762737,0.0],[88.605885,43.762474,0.0],[88.606204,43.762112,0.0],[88.60659,43.761809,0.0],[88.60693,43.761589,0.0],[88.607318,43.76137,0.0],[88.607692,43.761209,0.0],[88.608051,43.761121,0.0],[88.608477,43.761067,0.0],[88.608819,43.760967,0.0],[88.609128,43.760832,0.0],[88.609503,43.760708,0.0],[88.609745,43.760573,0.0],[88.610005,43.760462,0.0],[88.610163,43.760198,0.0],[88.610172,43.759924,0.0],[88.610132,43.759674,0.0],[88.610205,43.75934,0.0],[88.610267,43.759172,0.0],[88.610342,43.758921,0.0],[88.610449,43.758622,0.0],[88.610507,43.758347,0.0],[88.610434,43.758074,0.0],[88.610362,43.757825,0.0],[88.610079,43.757674,0.0],[88.60968,43.757537,0.0],[88.609479,43.757385,0.0],[88.609293,43.757173,0.0],[88.609091,43.757009,0.0],[88.60884,43.756846,0.0],[88.608505,43.7566,0.0],[88.608221,43.756414,0.0],[88.608003,43.75625,0.0],[88.607718,43.756063,0.0],[88.607302,43.755867,0.0],[88.606967,43.755633,0.0],[88.606698,43.755387,0.0],[88.606348,43.755201,0.0],[88.605933,43.755064,0.0],[88.605568,43.754914,0.0],[88.605489,43.75476,0.0],[88.605425,43.754575,0.0],[88.605145,43.75445,0.0],[88.604748,43.754355,0.0],[88.604411,43.75426,0.0],[88.604052,43.754137,0.0],[88.603813,43.75404,0.0],[88.603475,43.753916,0.0],[88.603118,43.753849,0.0],[88.602804,43.753925,0.0],[88.60261,43.754042,0.0],[88.602355,43.754089,0.0],[88.602022,43.754165,0.0],[88.601689,43.754241,0.0],[88.601357,43.75436,0.0],[88.601082,43.754407,0.0],[88.60063,43.75447,0.0],[88.600396,43.754574,0.0],[88.599843,43.754524,0.0],[88.599429,43.75453,0.0],[88.599093,43.754492,0.0],[88.598985,43.754472,0.0],[88.598727,43.754573,0.0],[88.598706,43.754766,0.0],[88.598364,43.755486,0.0],[88.598365,43.755533,0.0],[88.598432,43.75558,0.0],[88.598521,43.756008,0.0],[88.5986,43.755985,0.0],[88.598935,43.755995,0.0],[88.59902,43.756222,0.0],[88.598948,43.756466,0.0],[88.598615,43.756557,0.0],[88.598286,43.756776,0.0],[88.598191,43.756906,0.0],[88.598215,43.757091,0.0],[88.598377,43.757232,0.0],[88.598595,43.757272,0.0],[88.598892,43.757325,0.0],[88.598937,43.757539,0.0],[88.598843,43.757697,0.0],[88.59879,43.757927,0.0],[88.598815,43.758155,0.0],[88.598861,43.758383,0.0],[88.598789,43.758627,0.0],[88.598794,43.758827,0.0],[88.59884,43.759069,0.0],[88.598885,43.759283,0.0],[88.598953,43.759625,0.0],[88.598964,43.75995,0.0],[88.599071,43.760247,0.0],[88.59921,43.760542,0.0],[88.599463,43.760777,0.0],[88.599683,43.761024,0.0],[88.599789,43.761285,0.0],[88.599929,43.761616,0.0],[88.599936,43.76189,0.0],[88.599977,43.762175,0.0],[88.599968,43.762449,0.0],[88.599943,43.762759,0.0],[88.599904,43.763129,0.0],[88.599748,43.763441,0.0],[88.59942,43.763549,0.0],[88.599424,43.763706,0.0],[88.599531,43.764014,0.0],[88.599737,43.764344,0.0],[88.599906,43.764533,0.0],[88.600472,43.764787,0.0],[88.60113,43.764825,0.0],[88.601818,43.76472,0.0],[88.602338,43.764499,0.0]]]}},{"type":"Feature","properties":{"rgi_id":"RGI2000-v7.0-G-13-41774","o1region":"13"},"geometry":{"type":"Polygon","coordinates":[[[88.587507,43.797696,0.0],[88.587071,43.797702,0.0],[88.586697,43.797707,0.0],[88.586641,43.797979,0.0],[88.586544,43.798038,0.0],[88.586667,43.798181,0.0],[88.586747,43.79849,0.0],[88.586826,43.798798,0.0],[88.586907,43.799158,0.0],[88.586915,43.799468,0.0],[88.58698,43.799601,0.0],[88.587369,43.799551,0.0],[88.587743,43.799545,0.0],[88.588118,43.79954,0.0],[88.588491,43.79949,0.0],[88.588927,43.799484,0.0],[88.589301,43.799478,0.0],[88.589364,43.799478,0.0],[88.589296,43.798791,0.0],[88.589247,43.798764,0.0],[88.588886,43.798563,0.0],[88.588523,43.79831,0.0],[88.588232,43.798108,0.0],[88.588012,43.797853,0.0],[88.587827,43.797691,0.0],[88.587507,43.797696,0.0]]]}},{"type":"Feature","properties":{"rgi_id":"RGI2000-v7.0-G-13-41775","o1region":"13"},"geometry":{"type":"Polygon","coordinates":[[[88.583824,43.799267,0.0],[88.583932,43.799327,0.0],[88.584249,43.799503,0.0],[88.584624,43.799543,0.0],[88.585001,43.799629,0.0],[88.585375,43.799623,0.0],[88.585749,43.799618,0.0],[88.586123,43.799613,0.0],[88.58642,43.799609,0.0],[88.586418,43.799526,0.0],[88.586337,43.799166,0.0],[88.586258,43.798857,0.0],[88.586037,43.798603,0.0],[88.585747,43.7984,0.0],[88.585527,43.798145,0.0],[88.585306,43.79789,0.0],[88.5853,43.79765,0.0],[88.585008,43.79755,0.0],[88.58463,43.797419,0.0],[88.584368,43.797423,0.0],[88.584371,43.797542,0.0],[88.584309,43.797904,0.0],[88.584175,43.798216,0.0],[88.583968,43.798476,0.0],[88.583905,43.798787,0.0],[88.583913,43.799096,0.0],[88.583824,43.799267,0.0]]]}},{"type":"Feature","properties":{"rgi_id":"RGI2000-v7.0-G-13-41776","o1region":"13"},"geometry":{"type":"Polygon","coordinates":[[[88.578267,43.800986,0.0],[88.578354,43.801163,0.0],[88.578513,43.801418,0.0],[88.578602,43.801655,0.0],[88.578847,43.801815,0.0],[88.579017,43.802027,0.0],[88.579155,43.802275,0.0],[88.579209,43.802465,0.0],[88.579329,43.802642,0.0],[88.579449,43.802831,0.0],[88.579668,43.803018,0.0],[88.579922,43.803289,0.0],[88.57996,43.803491,0.0],[88.580064,43.80368,0.0],[88.580216,43.803857,0.0],[88.580466,43.803972,0.0],[88.580732,43.804088,0.0],[88.581062,43.804119,0.0],[88.581443,43.804209,0.0],[88.581758,43.804324,0.0],[88.582056,43.804403,0.0],[88.582419,43.804445,0.0],[88.582719,43.804596,0.0],[88.583083,43.804674,0.0],[88.58338,43.804706,0.0],[88.58368,43.804845,0.0],[88.583864,43.804961,0.0],[88.584097,43.805089,0.0],[88.584432,43.805299,0.0],[88.584633,43.805451,0.0],[88.584998,43.805553,0.0],[88.585216,43.805705,0.0],[88.58553,43.805796,0.0],[88.585731,43.805924,0.0],[88.585998,43.806051,0.0],[88.586398,43.80626,0.0],[88.586732,43.806458,0.0],[88.586997,43.806526,0.0],[88.587293,43.806534,0.0],[88.587656,43.806553,0.0],[88.587985,43.80656,0.0],[88.58808,43.806501,0.0],[88.587773,43.806323,0.0],[88.587463,43.806107,0.0],[88.587203,43.805853,0.0],[88.586992,43.805563,0.0],[88.586883,43.80527,0.0],[88.586875,43.804976,0.0],[88.587021,43.804717,0.0],[88.587164,43.804384,0.0],[88.587357,43.804014,0.0],[88.587553,43.803755,0.0],[88.587697,43.803422,0.0],[88.587842,43.803163,0.0],[88.588038,43.802903,0.0],[88.588285,43.802642,0.0],[88.588532,43.802418,0.0],[88.588643,43.802335,0.0],[88.58863,43.80227,0.0],[88.588622,43.801976,0.0],[88.588563,43.801683,0.0],[88.588454,43.801391,0.0],[88.588194,43.801137,0.0],[88.587833,43.800922,0.0],[88.587475,43.800817,0.0],[88.587068,43.800749,0.0],[88.586559,43.800682,0.0],[88.58605,43.800616,0.0],[88.585591,43.800549,0.0],[88.585184,43.800481,0.0],[88.584774,43.80034,0.0],[88.584415,43.800161,0.0],[88.584362,43.800154,0.0],[88.583982,43.800088,0.0],[88.583586,43.800058,0.0],[88.583107,43.799981,0.0],[88.582824,43.799854,0.0],[88.582477,43.799775,0.0],[88.58213,43.799733,0.0],[88.581718,43.799703,0.0],[88.581291,43.799708,0.0],[88.580896,43.799714,0.0],[88.580601,43.79973,0.0],[88.580307,43.799805,0.0],[88.579932,43.799918,0.0],[88.579587,43.799958,0.0],[88.579228,43.800047,0.0],[88.578983,43.800133,0.0],[88.578689,43.800185,0.0],[88.578476,43.800224,0.0],[88.578316,43.800393,0.0],[88.578271,43.80056,0.0],[88.578423,43.800725,0.0],[88.578492,43.800843,0.0],[88.578332,43.801012,0.0],[88.578267,43.800986,0.0]]]}},{"type":"Feature","properties":{"rgi_id":"RGI2000-v7.0-G-13-41777","o1region":"13"},"geometry":{"type":"Polygon","coordinates":[[[88.57487,43.811299,0.0],[88.574935,43.811308,0.0],[88.57532,43.811161,0.0],[88.575773,43.811045,0.0],[88.576072,43.81082,0.0],[88.57632,43.810596,0.0],[88.57667,43.810408,0.0],[88.576968,43.810183,0.0],[88.577216,43.80996,0.0],[88.57748,43.809661,0.0],[88.577409,43.809534,0.0],[88.577188,43.809394,0.0],[88.577143,43.80918,0.0],[88.576978,43.808911,0.0],[88.576814,43.808685,0.0],[88.576533,43.808488,0.0],[88.576173,43.808308,0.0],[88.575911,43.808111,0.0],[88.575629,43.807886,0.0],[88.575249,43.80772,0.0],[88.57497,43.807624,0.0],[88.574614,43.807586,0.0],[88.574317,43.807533,0.0],[88.573983,43.807623,0.0],[88.573711,43.80777,0.0],[88.573518,43.80793,0.0],[88.573186,43.808063,0.0],[88.572953,43.808223,0.0],[88.5729,43.808438,0.0],[88.572906,43.808681,0.0],[88.572872,43.808882,0.0],[88.572622,43.809157,0.0],[88.572391,43.80936,0.0],[88.572276,43.809505,0.0],[88.572242,43.809705,0.0],[88.572229,43.809977,0.0],[88.572313,43.810162,0.0],[88.572378,43.810361,0.0],[88.572479,43.810474,0.0],[88.57266,43.8106,0.0],[88.572821,43.810712,0.0],[88.5731,43.810794,0.0],[88.573397,43.810833,0.0],[88.573732,43.810814,0.0],[88.573987,43.810782,0.0],[88.574165,43.810765,0.0],[88.574384,43.810834,0.0],[88.574547,43.811031,0.0],[88.574728,43.811186,0.0],[88.57487,43.811299,0.0]]]}},{"type":"Feature","properties":{"rgi_id":"RGI2000-v7.0-G-13-41778","o1region":"13"},"geometry":{"type":"Polygon","coordinates":[[[88.577941,43.810506,0.0],[88.577534,43.810666,0.0],[88.577308,43.810824,0.0],[88.577098,43.81097,0.0],[88.576904,43.811116,0.0],[88.576712,43.811321,0.0],[88.576437,43.811491,0.0],[88.57621,43.811626,0.0],[88.576017,43.811783,0.0],[88.575872,43.811904,0.0],[88.575745,43.812049,0.0],[88.575551,43.812183,0.0],[88.575538,43.812338,0.0],[88.575544,43.81254,0.0],[88.575531,43.812695,0.0],[88.575454,43.812899,0.0],[88.575475,43.813065,0.0],[88.575334,43.813341,0.0],[88.575274,43.813544,0.0],[88.57523,43.813735,0.0],[88.575219,43.813962,0.0],[88.575322,43.814127,0.0],[88.575571,43.814219,0.0],[88.575852,43.814239,0.0],[88.576062,43.814129,0.0],[88.576272,43.813959,0.0],[88.576464,43.813766,0.0],[88.57664,43.813573,0.0],[88.576799,43.813368,0.0],[88.576992,43.813187,0.0],[88.577252,43.813064,0.0],[88.577529,43.812989,0.0],[88.577938,43.8129,0.0],[88.578296,43.812752,0.0],[88.578491,43.812666,0.0],[88.578685,43.812509,0.0],[88.578812,43.812364,0.0],[88.578906,43.812172,0.0],[88.578983,43.81198,0.0],[88.579144,43.811835,0.0],[88.57932,43.811666,0.0],[88.579398,43.811498,0.0],[88.57931,43.811285,0.0],[88.579208,43.811167,0.0],[88.579075,43.811086,0.0],[88.578924,43.810992,0.0],[88.578756,43.810864,0.0],[88.57867,43.81071,0.0],[88.578552,43.810605,0.0],[88.578319,43.810512,0.0],[88.577941,43.810506,0.0]]]}},{"type":"Feature","properties":{"rgi_id":"RGI2000-v7.0-G-13-41779","o1region":"13"},"geometry":{"type":"Polygon","coordinates":[[[88.567035,43.798949,0.0],[88.567027,43.798968,0.0],[88.566891,43.799228,0.0],[88.566686,43.79954,0.0],[88.56655,43.7998,0.0],[88.566414,43.80006,0.0],[88.566351,43.80037,0.0],[88.566216,43.80063,0.0],[88.566153,43.800941,0.0],[88.565947,43.801253,0.0],[88.565811,43.801513,0.0],[88.565748,43.801823,0.0],[88.565612,43.802083,0.0],[88.565477,43.802343,0.0],[88.565341,43.802603,0.0],[88.565349,43.802912,0.0],[88.565215,43.803224,0.0],[88.565008,43.803485,0.0],[88.564801,43.803745,0.0],[88.564594,43.804006,0.0],[88.564537,43.804162,0.0],[88.564669,43.80416,0.0],[88.564606,43.80447,0.0],[88.564472,43.804782,0.0],[88.564336,43.805042,0.0],[88.564346,43.805403,0.0],[88.564289,43.805681,0.0],[88.5645,43.805865,0.0],[88.564792,43.806119,0.0],[88.565051,43.806209,0.0],[88.565377,43.806192,0.0],[88.565711,43.806116,0.0],[88.566163,43.806067,0.0],[88.566499,43.806062,0.0],[88.566773,43.805972,0.0],[88.567064,43.805797,0.0],[88.567297,43.805665,0.0],[88.567547,43.80539,0.0],[88.567916,43.805185,0.0],[88.568247,43.80498,0.0],[88.568458,43.804749,0.0],[88.568588,43.804461,0.0],[88.568819,43.804229,0.0],[88.56907,43.804011,0.0],[88.5693,43.803751,0.0],[88.569508,43.803405,0.0],[88.56956,43.803133,0.0],[88.569652,43.802888,0.0],[88.569704,43.802588,0.0],[88.569463,43.802535,0.0],[88.569055,43.802467,0.0],[88.568796,43.80225,0.0],[88.56889,43.801955,0.0],[88.569034,43.801659,0.0],[88.569026,43.801365,0.0],[88.568866,43.801074,0.0],[88.568657,43.800819,0.0],[88.568347,43.800603,0.0],[88.568088,43.800386,0.0],[88.567878,43.800132,0.0],[88.567921,43.799837,0.0],[88.568117,43.799578,0.0],[88.568169,43.79953,0.0],[88.56802,43.799323,0.0],[88.567619,43.799114,0.0],[88.567162,43.798978,0.0],[88.567035,43.798949,0.0]]]}},{"type":"Feature","properties":{"rgi_id":"RGI2000-v7.0-G-13-41780","o1region":"13"},"geometry":{"type":"Polygon","coordinates":[[[88.567035,43.798949,0.0],[88.566686,43.79887,0.0],[88.566133,43.798849,0.0],[88.565503,43.798915,0.0],[88.565108,43.79892,0.0],[88.564866,43.798723,0.0],[88.564545,43.798499,0.0],[88.564124,43.798262,0.0],[88.563666,43.798096,0.0],[88.563228,43.79796,0.0],[88.562813,43.797922,0.0],[88.562418,43.797928,0.0],[88.562026,43.798019,0.0],[88.561733,43.798137,0.0],[88.561399,43.798185,0.0],[88.561102,43.798146,0.0],[88.560746,43.798136,0.0],[88.560411,43.798141,0.0],[88.560216,43.798215,0.0],[88.56026,43.798415,0.0],[88.560424,43.798641,0.0],[88.56045,43.798898,0.0],[88.560456,43.799112,0.0],[88.560343,43.799314,0.0],[88.560107,43.799346,0.0],[88.55987,43.799349,0.0],[88.559611,43.799238,0.0],[88.559388,43.799027,0.0],[88.559342,43.798784,0.0],[88.559179,43.798587,0.0],[88.55888,43.798462,0.0],[88.558505,43.798439,0.0],[88.558033,43.798502,0.0],[88.55768,43.798593,0.0],[88.557188,43.798657,0.0],[88.556877,43.798847,0.0],[88.556604,43.798979,0.0],[88.556273,43.799126,0.0],[88.555901,43.799232,0.0],[88.555626,43.799307,0.0],[88.555294,43.799426,0.0],[88.554921,43.799517,0.0],[88.554748,43.799676,0.0],[88.554576,43.799893,0.0],[88.554442,43.800066,0.0],[88.55425,43.800255,0.0],[88.554229,43.800378,0.0],[88.55467,43.800427,0.0],[88.555168,43.80042,0.0],[88.55552,43.80026,0.0],[88.555874,43.800152,0.0],[88.556094,43.800407,0.0],[88.556031,43.800718,0.0],[88.555679,43.800877,0.0],[88.555326,43.800985,0.0],[88.554985,43.80119,0.0],[88.555089,43.801415,0.0],[88.555173,43.801629,0.0],[88.555477,43.801939,0.0],[88.555702,43.802236,0.0],[88.556064,43.802503,0.0],[88.556346,43.802713,0.0],[88.556609,43.802953,0.0],[88.556854,43.803278,0.0],[88.557038,43.803533,0.0],[88.557265,43.803887,0.0],[88.557413,43.804271,0.0],[88.557562,43.804683,0.0],[88.557553,43.805112,0.0],[88.557543,43.805498,0.0],[88.557671,43.805854,0.0],[88.557803,43.806352,0.0],[88.557889,43.806637,0.0],[88.558073,43.806878,0.0],[88.558277,43.807146,0.0],[88.558304,43.807418,0.0],[88.558311,43.807689,0.0],[88.558517,43.808015,0.0],[88.558779,43.808226,0.0],[88.5591,43.808422,0.0],[88.559381,43.808618,0.0],[88.559683,43.808857,0.0],[88.559964,43.809039,0.0],[88.560307,43.80932,0.0],[88.560568,43.809488,0.0],[88.560848,43.809613,0.0],[88.561106,43.809681,0.0],[88.561384,43.809734,0.0],[88.56164,43.80973,0.0],[88.561917,43.809727,0.0],[88.562289,43.809636,0.0],[88.562601,43.809489,0.0],[88.562732,43.809215,0.0],[88.562824,43.808942,0.0],[88.562836,43.808656,0.0],[88.562692,43.808415,0.0],[88.562549,43.80826,0.0],[88.562506,43.808103,0.0],[88.562519,43.80786,0.0],[88.562632,43.807644,0.0],[88.562725,43.807414,0.0],[88.562776,43.807099,0.0],[88.562885,43.806755,0.0],[88.562998,43.806539,0.0],[88.563229,43.806321,0.0],[88.5633,43.806306,0.0],[88.563292,43.805985,0.0],[88.563284,43.805675,0.0],[88.563347,43.805365,0.0],[88.563339,43.805055,0.0],[88.563402,43.804745,0.0],[88.563609,43.804484,0.0],[88.563963,43.804376,0.0],[88.564242,43.804166,0.0],[88.564537,43.804162,0.0],[88.564594,43.804006,0.0],[88.564801,43.803745,0.0],[88.565008,43.803485,0.0],[88.565215,43.803224,0.0],[88.565349,43.802912,0.0],[88.565341,43.802603,0.0],[88.565477,43.802343,0.0],[88.565612,43.802083,0.0],[88.565748,43.801823,0.0],[88.565811,43.801513,0.0],[88.565947,43.801253,0.0],[88.566153,43.800941,0.0],[88.566216,43.80063,0.0],[88.566351,43.80037,0.0],[88.566414,43.80006,0.0],[88.56655,43.7998,0.0],[88.566686,43.79954,0.0],[88.566891,43.799228,0.0],[88.567027,43.798968,0.0],[88.567035,43.798949,0.0]]]}},{"type":"Feature","properties":{"rgi_id":"RGI2000-v7.0-G-13-41781","o1region":"13"},"geometry":{"type":"Polygon","coordinates":[[[88.60339,43.80606,0.0],[88.60275,43.805436,0.0],[88.602433,43.80526,0.0],[88.602056,43.805175,0.0],[88.601684,43.80527,0.0],[88.601568,43.805588,0.0],[88.601575,43.805859,0.0],[88.601583,43.80613,0.0],[88.60159,43.806401,0.0],[88.60166,43.806672,0.0],[88.601667,43.806943,0.0],[88.601736,43.807213,0.0],[88.601993,43.80748,0.0],[88.602237,43.807251,0.0],[88.602354,43.806978,0.0],[88.602534,43.806705,0.0],[88.602714,43.806431,0.0],[88.602957,43.806202,0.0],[88.603328,43.806061,0.0],[88.60339,43.80606,0.0]]]}},{"type":"Feature","properties":{"rgi_id":"RGI2000-v7.0-G-13-41782","o1region":"13"},"geometry":{"type":"Polygon","coordinates":[[[88.606873,43.810433,0.0],[88.606887,43.810563,0.0],[88.607022,43.810796,0.0],[88.607313,43.810998,0.0],[88.607742,43.811044,0.0],[88.608169,43.811038,0.0],[88.608596,43.811032,0.0],[88.608948,43.810872,0.0],[88.6093,43.810712,0.0],[88.609653,43.810604,0.0],[88.610077,43.810443,0.0],[88.61021,43.810243,0.0],[88.610414,43.810011,0.0],[88.610591,43.809723,0.0],[88.610847,43.809452,0.0],[88.610998,43.809212,0.0],[88.611152,43.809038,0.0],[88.611304,43.808836,0.0],[88.611443,43.808606,0.0],[88.611516,43.808385,0.0],[88.611535,43.808147,0.0],[88.611515,43.80788,0.0],[88.611457,43.807672,0.0],[88.611241,43.807484,0.0],[88.611211,43.807233,0.0],[88.610929,43.807211,0.0],[88.61062,43.807032,0.0],[88.610311,43.806853,0.0],[88.609952,43.806711,0.0],[88.609543,43.806606,0.0],[88.609136,43.806539,0.0],[88.608777,43.806397,0.0],[88.608418,43.806255,0.0],[88.608009,43.80615,0.0],[88.607601,43.806046,0.0],[88.607143,43.806016,0.0],[88.606736,43.805948,0.0],[88.606279,43.805954,0.0],[88.606026,43.805981,0.0],[88.606004,43.805995,0.0],[88.605707,43.806209,0.0],[88.605476,43.806403,0.0],[88.60534,43.806505,0.0],[88.605349,43.806846,0.0],[88.605357,43.807156,0.0],[88.605438,43.807516,0.0],[88.605518,43.807824,0.0],[88.605808,43.808027,0.0],[88.606168,43.808176,0.0],[88.60646,43.80843,0.0],[88.606681,43.808685,0.0],[88.606901,43.80894,0.0],[88.606981,43.809248,0.0],[88.606845,43.809508,0.0],[88.606808,43.809695,0.0],[88.606817,43.809824,0.0],[88.606823,43.810052,0.0],[88.606873,43.810433,0.0]]]}},{"type":"Feature","properties":{"rgi_id":"RGI2000-v7.0-G-13-41783","o1region":"13"},"geometry":{"type":"Polygon","coordinates":[[[88.620109,43.809513,0.0],[88.6199,43.809466,0.0],[88.619703,43.809476,0.0],[88.619477,43.809522,0.0],[88.619292,43.809603,0.0],[88.619089,43.80977,0.0],[88.618943,43.80983,0.0],[88.61873,43.809983,0.0],[88.618535,43.810086,0.0],[88.618352,43.810231,0.0],[88.618158,43.810362,0.0],[88.618053,43.8105,0.0],[88.617959,43.810673,0.0],[88.617776,43.810832,0.0],[88.617711,43.810998,0.0],[88.617599,43.811214,0.0],[88.617466,43.811408,0.0],[88.617362,43.81161,0.0],[88.617221,43.811848,0.0],[88.617155,43.811985,0.0],[88.617112,43.8122,0.0],[88.617078,43.812422,0.0],[88.617105,43.812657,0.0],[88.617157,43.812756,0.0],[88.617248,43.812848,0.0],[88.617367,43.812889,0.0],[88.617674,43.812928,0.0],[88.617872,43.812932,0.0],[88.618158,43.812942,0.0],[88.618445,43.812945,0.0],[88.618691,43.812949,0.0],[88.618977,43.812931,0.0],[88.619302,43.812898,0.0],[88.619557,43.812851,0.0],[88.619831,43.812769,0.0],[88.620045,43.812644,0.0],[88.620191,43.812549,0.0],[88.620385,43.812446,0.0],[88.620578,43.812279,0.0],[88.620722,43.812113,0.0],[88.620835,43.81194,0.0],[88.620951,43.811838,0.0],[88.621026,43.81168,0.0],[88.621062,43.811565,0.0],[88.621176,43.811406,0.0],[88.621163,43.811277,0.0],[88.621023,43.811229,0.0],[88.62097,43.811094,0.0],[88.621075,43.81095,0.0],[88.62119,43.810834,0.0],[88.621294,43.810668,0.0],[88.621348,43.810474,0.0],[88.621345,43.810332,0.0],[88.62134,43.810167,0.0],[88.621384,43.809974,0.0],[88.62131,43.809767,0.0],[88.62114,43.809684,0.0],[88.620834,43.809681,0.0],[88.620557,43.809671,0.0],[88.620319,43.809624,0.0],[88.620109,43.809513,0.0]]]}},{"type":"Feature","properties":{"rgi_id":"RGI2000-v7.0-G-13-41784","o1region":"13"},"geometry":{"type":"Polygon","coordinates":[[[88.633148,43.816513,0.0],[88.633327,43.81651,0.0],[88.633462,43.816251,0.0],[88.633669,43.81599,0.0],[88.633692,43.815954,0.0],[88.633424,43.815751,0.0],[88.633436,43.815465,0.0],[88.633668,43.81529,0.0],[88.633996,43.815028,0.0],[88.634204,43.814697,0.0],[88.634415,43.814479,0.0],[88.634507,43.814206,0.0],[88.634714,43.813832,0.0],[88.634985,43.813642,0.0],[88.635235,43.813424,0.0],[88.635544,43.813177,0.0],[88.635716,43.81296,0.0],[88.635908,43.812743,0.0],[88.636139,43.812525,0.0],[88.636289,43.812265,0.0],[88.636261,43.811951,0.0],[88.636196,43.811724,0.0],[88.635756,43.811516,0.0],[88.635474,43.811319,0.0],[88.635253,43.81118,0.0],[88.634972,43.811012,0.0],[88.634674,43.810945,0.0],[88.634221,43.810952,0.0],[88.633884,43.810928,0.0],[88.633706,43.810902,0.0],[88.63341,43.810892,0.0],[88.633176,43.811009,0.0],[88.633161,43.811181,0.0],[88.632966,43.811255,0.0],[88.632689,43.811245,0.0],[88.632487,43.811091,0.0],[88.632306,43.810965,0.0],[88.632045,43.810783,0.0],[88.631705,43.810644,0.0],[88.631385,43.810492,0.0],[88.630969,43.810426,0.0],[88.63065,43.810316,0.0],[88.630272,43.810193,0.0],[88.630091,43.810081,0.0],[88.629794,43.810028,0.0],[88.629691,43.809982,0.0],[88.629584,43.809909,0.0],[88.629294,43.809706,0.0],[88.62925,43.809682,0.0],[88.628932,43.809505,0.0],[88.628573,43.809407,0.0],[88.628214,43.809309,0.0],[88.627854,43.809159,0.0],[88.627634,43.809068,0.0],[88.627419,43.809076,0.0],[88.627025,43.809096,0.0],[88.626493,43.809118,0.0],[88.626098,43.809124,0.0],[88.625743,43.809129,0.0],[88.625269,43.809121,0.0],[88.624776,43.809128,0.0],[88.624124,43.809123,0.0],[88.623657,43.809373,0.0],[88.623192,43.809553,0.0],[88.622797,43.809671,0.0],[88.622384,43.809734,0.0],[88.622031,43.80981,0.0],[88.62174,43.81,0.0],[88.621729,43.810315,0.0],[88.621755,43.810543,0.0],[88.621844,43.810899,0.0],[88.622046,43.811096,0.0],[88.622309,43.811307,0.0],[88.622671,43.811559,0.0],[88.623012,43.811783,0.0],[88.623277,43.812094,0.0],[88.623559,43.812304,0.0],[88.623824,43.812601,0.0],[88.624111,43.813011,0.0],[88.624238,43.813324,0.0],[88.624424,43.813607,0.0],[88.62461,43.813919,0.0],[88.624815,43.814216,0.0],[88.625019,43.814442,0.0],[88.625341,43.81468,0.0],[88.625724,43.814975,0.0],[88.625908,43.815215,0.0],[88.626111,43.815398,0.0],[88.626392,43.81558,0.0],[88.626712,43.815733,0.0],[88.626971,43.815843,0.0],[88.627312,43.81601,0.0],[88.627611,43.816134,0.0],[88.62785,43.816231,0.0],[88.628269,43.816368,0.0],[88.628704,43.81639,0.0],[88.629177,43.816384,0.0],[88.629708,43.816304,0.0],[88.630041,43.8162,0.0],[88.630354,43.816109,0.0],[88.630667,43.815991,0.0],[88.630961,43.815929,0.0],[88.631256,43.815868,0.0],[88.631611,43.815877,0.0],[88.631869,43.815931,0.0],[88.632168,43.816026,0.0],[88.632352,43.816267,0.0],[88.632594,43.816463,0.0],[88.632831,43.816474,0.0],[88.633148,43.816513,0.0]]]}},{"type":"Feature","properties":{"rgi_id":"RGI2000-v7.0-G-13-41785","o1region":"13"},"geometry":{"type":"Polygon","coordinates":[[[88.557125,43.850684,0.0],[88.557133,43.851006,0.0],[88.557138,43.851178,0.0],[88.557252,43.851176,0.0],[88.557613,43.851326,0.0],[88.558043,43.851424,0.0],[88.558475,43.851573,0.0],[88.558598,43.851784,0.0],[88.558855,43.851803,0.0],[88.559638,43.852434,0.0],[88.559636,43.852382,0.0],[88.559557,43.852074,0.0],[88.559499,43.851849,0.0],[88.559598,43.851856,0.0],[88.559704,43.851694,0.0],[88.559805,43.85129,0.0],[88.559908,43.850968,0.0],[88.559799,43.850677,0.0],[88.559592,43.85068,0.0],[88.559233,43.850582,0.0],[88.558874,43.850484,0.0],[88.558514,43.850334,0.0],[88.558364,43.850078,0.0],[88.558363,43.850039,0.0],[88.558359,43.849871,0.0],[88.55835,43.84951,0.0],[88.558557,43.84925,0.0],[88.558836,43.849039,0.0],[88.558972,43.84878,0.0],[88.558822,43.848472,0.0],[88.558468,43.84858,0.0],[88.558116,43.84874,0.0],[88.557765,43.848951,0.0],[88.557558,43.849212,0.0],[88.557422,43.849471,0.0],[88.557216,43.849784,0.0],[88.557224,43.850093,0.0],[88.557232,43.850403,0.0],[88.557238,43.850628,0.0],[88.557125,43.850684,0.0]]]}},{"type":"Feature","properties":{"rgi_id":"RGI2000-v7.0-G-13-41786","o1region":"13"},"geometry":{"type":"Polygon","coordinates":[[[88.541458,43.862276,0.0],[88.541328,43.862578,0.0],[88.541217,43.862894,0.0],[88.541236,43.862933,0.0],[88.541206,43.863178,0.0],[88.541232,43.86348,0.0],[88.541241,43.863808,0.0],[88.54121,43.864137,0.0],[88.541159,43.864453,0.0],[88.541206,43.864766,0.0],[88.541642,43.864803,0.0],[88.541952,43.864571,0.0],[88.542262,43.864323,0.0],[88.542571,43.864076,0.0],[88.542771,43.863944,0.0],[88.542838,43.863769,0.0],[88.54305,43.863566,0.0],[88.543183,43.863479,0.0],[88.54338,43.863348,0.0],[88.543568,43.863214,0.0],[88.543768,43.863071,0.0],[88.543853,43.86298,0.0],[88.543999,43.862825,0.0],[88.544231,43.862621,0.0],[88.544314,43.862549,0.0],[88.544482,43.862404,0.0],[88.544593,43.862308,0.0],[88.544753,43.862171,0.0],[88.544807,43.862056,0.0],[88.544902,43.861855,0.0],[88.544957,43.861708,0.0],[88.545004,43.861582,0.0],[88.545069,43.86141,0.0],[88.545063,43.861205,0.0],[88.545059,43.861038,0.0],[88.545056,43.860912,0.0],[88.54505,43.860681,0.0],[88.545041,43.860352,0.0],[88.544921,43.8602,0.0],[88.54472,43.860178,0.0],[88.544563,43.860068,0.0],[88.544202,43.859919,0.0],[88.543843,43.85982,0.0],[88.543414,43.859774,0.0],[88.543055,43.859676,0.0],[88.542627,43.859682,0.0],[88.542128,43.859689,0.0],[88.541775,43.859797,0.0],[88.541277,43.859855,0.0],[88.541141,43.860115,0.0],[88.54122,43.860423,0.0],[88.541228,43.860733,0.0],[88.541307,43.861041,0.0],[88.541387,43.86135,0.0],[88.541395,43.861659,0.0],[88.541403,43.861969,0.0],[88.541499,43.862134,0.0],[88.541458,43.862276,0.0]]]}},{"type":"Feature","properties":{"rgi_id":"RGI2000-v7.0-G-13-41787","o1region":"13"},"geometry":{"type":"Polygon","coordinates":[[[88.538169,43.864433,0.0],[88.538233,43.864385,0.0],[88.538398,43.864382,0.0],[88.538825,43.864325,0.0],[88.539179,43.864217,0.0],[88.539457,43.863955,0.0],[88.539593,43.863696,0.0],[88.539729,43.863436,0.0],[88.539865,43.863176,0.0],[88.540001,43.862916,0.0],[88.540064,43.862606,0.0],[88.539993,43.862246,0.0],[88.539992,43.862163,0.0],[88.539984,43.861842,0.0],[88.539864,43.861522,0.0],[88.539856,43.861201,0.0],[88.539626,43.860883,0.0],[88.539507,43.860563,0.0],[88.539169,43.860407,0.0],[88.538728,43.860493,0.0],[88.538399,43.860659,0.0],[88.537957,43.860745,0.0],[88.537838,43.860425,0.0],[88.537723,43.860306,0.0],[88.537718,43.860109,0.0],[88.53771,43.8598,0.0],[88.537561,43.859544,0.0],[88.537062,43.85955,0.0],[88.536709,43.85971,0.0],[88.53643,43.85992,0.0],[88.536294,43.86018,0.0],[88.536158,43.86044,0.0],[88.535951,43.8607,0.0],[88.535816,43.861012,0.0],[88.53574,43.86122,0.0],[88.535638,43.861258,0.0],[88.53519,43.861103,0.0],[88.534981,43.861006,0.0],[88.534959,43.860972,0.0],[88.534809,43.860664,0.0],[88.53445,43.860566,0.0],[88.53417,43.860776,0.0],[88.534106,43.861086,0.0],[88.53397,43.861346,0.0],[88.533548,43.861558,0.0],[88.533556,43.861868,0.0],[88.533572,43.861895,0.0],[88.533629,43.861918,0.0],[88.533919,43.862121,0.0],[88.534051,43.862274,0.0],[88.534134,43.86217,0.0],[88.534633,43.862163,0.0],[88.534992,43.862261,0.0],[88.535213,43.862516,0.0],[88.535362,43.862772,0.0],[88.535441,43.863081,0.0],[88.535449,43.86339,0.0],[88.535457,43.863683,0.0],[88.535536,43.863691,0.0],[88.535591,43.863749,0.0],[88.5356,43.86407,0.0],[88.535608,43.864391,0.0],[88.535616,43.864713,0.0],[88.535704,43.864986,0.0],[88.535785,43.865346,0.0],[88.535935,43.865654,0.0],[88.536084,43.86591,0.0],[88.536443,43.866008,0.0],[88.536803,43.866107,0.0],[88.53723,43.866101,0.0],[88.537657,43.866044,0.0],[88.537864,43.865783,0.0],[88.537999,43.865471,0.0],[88.538062,43.865161,0.0],[88.538123,43.864747,0.0],[88.538169,43.864433,0.0]]]}},{"type":"Feature","properties":{"rgi_id":"RGI2000-v7.0-G-13-41788","o1region":"13"},"geometry":{"type":"Polygon","coordinates":[[[88.523602,43.865251,0.0],[88.523797,43.864527,0.0],[88.523789,43.864217,0.0],[88.523781,43.863908,0.0],[88.523773,43.863598,0.0],[88.523347,43.863655,0.0],[88.522993,43.863763,0.0],[88.522713,43.863973,0.0],[88.522721,43.864283,0.0],[88.52287,43.864539,0.0],[88.523019,43.864795,0.0],[88.52324,43.86505,0.0],[88.52353,43.865252,0.0],[88.523602,43.865251,0.0]]]}},{"type":"Feature","properties":{"rgi_id":"RGI2000-v7.0-G-13-41789","o1region":"13"},"geometry":{"type":"Polygon","coordinates":[[[88.511236,43.857004,0.0],[88.511058,43.857111,0.0],[88.510706,43.857271,0.0],[88.510281,43.857379,0.0],[88.509855,43.857437,0.0],[88.509501,43.857544,0.0],[88.509074,43.857602,0.0],[88.508721,43.85771,0.0],[88.508294,43.857767,0.0],[88.5082,43.857758,0.0],[88.507876,43.857786,0.0],[88.507547,43.857791,0.0],[88.507478,43.857755,0.0],[88.507378,43.857942,0.0],[88.507378,43.857971,0.0],[88.507136,43.858153,0.0],[88.506977,43.858364,0.0],[88.506734,43.858546,0.0],[88.506491,43.858698,0.0],[88.50631,43.858811,0.0],[88.506253,43.858826,0.0],[88.505825,43.858831,0.0],[88.505399,43.858888,0.0],[88.505048,43.8591,0.0],[88.504768,43.85931,0.0],[88.50456,43.85957,0.0],[88.504424,43.85983,0.0],[88.504408,43.859851,0.0],[88.504294,43.859908,0.0],[88.504078,43.860151,0.0],[88.503749,43.860316,0.0],[88.503534,43.86056,0.0],[88.503318,43.860804,0.0],[88.502989,43.860969,0.0],[88.502773,43.861213,0.0],[88.502444,43.861378,0.0],[88.502228,43.861622,0.0],[88.502236,43.861943,0.0],[88.502383,43.862096,0.0],[88.502398,43.862075,0.0],[88.502901,43.862224,0.0],[88.503333,43.862373,0.0],[88.503763,43.86247,0.0],[88.504195,43.862619,0.0],[88.504626,43.862768,0.0],[88.504987,43.862918,0.0],[88.505346,43.863017,0.0],[88.505636,43.863219,0.0],[88.505997,43.863369,0.0],[88.506358,43.863571,0.0],[88.506719,43.863721,0.0],[88.50708,43.863923,0.0],[88.507443,43.864176,0.0],[88.507663,43.864431,0.0],[88.508024,43.864581,0.0],[88.508314,43.864784,0.0],[88.508605,43.864986,0.0],[88.508826,43.865293,0.0],[88.509047,43.865548,0.0],[88.509267,43.865803,0.0],[88.509487,43.866058,0.0],[88.509636,43.866314,0.0],[88.509928,43.866568,0.0],[88.51022,43.866822,0.0],[88.51044,43.867077,0.0],[88.510661,43.867332,0.0],[88.510881,43.867587,0.0],[88.510959,43.86762,0.0],[88.510997,43.867631,0.0],[88.511287,43.867717,0.0],[88.511659,43.867771,0.0],[88.51199,43.867826,0.0],[88.51232,43.867882,0.0],[88.512651,43.867937,0.0],[88.512982,43.867992,0.0],[88.513312,43.868047,0.0],[88.513643,43.868102,0.0],[88.513974,43.868187,0.0],[88.514305,43.868242,0.0],[88.514636,43.868327,0.0],[88.514967,43.868383,0.0],[88.515257,43.868468,0.0],[88.515587,43.868493,0.0],[88.515878,43.868609,0.0],[88.516169,43.868724,0.0],[88.51646,43.868809,0.0],[88.51671,43.868955,0.0],[88.517001,43.86904,0.0],[88.517292,43.869156,0.0],[88.517622,43.869211,0.0],[88.517952,43.869236,0.0],[88.518282,43.869232,0.0],[88.518611,43.869227,0.0],[88.518941,43.869253,0.0],[88.51927,43.869248,0.0],[88.519599,43.869244,0.0],[88.519928,43.86924,0.0],[88.520257,43.869206,0.0],[88.520585,43.869171,0.0],[88.520912,43.869078,0.0],[88.521198,43.868985,0.0],[88.521441,43.868832,0.0],[88.521642,43.868651,0.0],[88.521718,43.868412,0.0],[88.521741,43.868259,0.0],[88.52106,43.867968,0.0],[88.520884,43.867764,0.0],[88.520735,43.867508,0.0],[88.520515,43.867253,0.0],[88.520294,43.866998,0.0],[88.520215,43.86669,0.0],[88.519995,43.866435,0.0],[88.519845,43.866179,0.0],[88.519554,43.865925,0.0],[88.519261,43.865619,0.0],[88.519102,43.865481,0.0],[88.518922,43.865263,0.0],[88.518793,43.865056,0.0],[88.518705,43.864819,0.0],[88.518657,43.864582,0.0],[88.518651,43.864343,0.0],[88.518811,43.864133,0.0],[88.519053,43.863951,0.0],[88.519337,43.863798,0.0],[88.519578,43.863557,0.0],[88.519778,43.863346,0.0],[88.519915,43.863288,0.0],[88.520193,43.863027,0.0],[88.520401,43.862766,0.0],[88.520537,43.862506,0.0],[88.520529,43.862197,0.0],[88.520378,43.861889,0.0],[88.520084,43.861532,0.0],[88.519864,43.861277,0.0],[88.519782,43.861165,0.0],[88.51987,43.861148,0.0],[88.520073,43.86107,0.0],[88.519997,43.860914,0.0],[88.519848,43.860658,0.0],[88.51984,43.860348,0.0],[88.519691,43.860092,0.0],[88.519612,43.859784,0.0],[88.519495,43.859545,0.0],[88.519159,43.85939,0.0],[88.518822,43.859233,0.0],[88.518376,43.859159,0.0],[88.51793,43.859085,0.0],[88.517692,43.859053,0.0],[88.517592,43.858882,0.0],[88.517232,43.858732,0.0],[88.516873,43.858634,0.0],[88.516444,43.858588,0.0],[88.516085,43.858489,0.0],[88.515726,43.858391,0.0],[88.515295,43.858293,0.0],[88.514934,43.858092,0.0],[88.514642,43.857838,0.0],[88.514282,43.857688,0.0],[88.513921,43.857538,0.0],[88.513489,43.857337,0.0],[88.513429,43.857321,0.0],[88.51333,43.857218,0.0],[88.512884,43.857143,0.0],[88.512439,43.857069,0.0],[88.511995,43.857075,0.0],[88.511549,43.857,0.0],[88.511236,43.857004,0.0]]]}},{"type":"Feature","properties":{"rgi_id":"RGI2000-v7.0-G-13-41790","o1region":"13"},"geometry":{"type":"Polygon","coordinates":[[[88.511236,43.857004,0.0],[88.511114,43.857006,0.0],[88.511196,43.856903,0.0],[88.511259,43.856592,0.0],[88.511281,43.856484,0.0],[88.511623,43.85626,0.0],[88.511782,43.856043,0.0],[88.511975,43.85585,0.0],[88.512134,43.855634,0.0],[88.512227,43.855418,0.0],[88.51232,43.855178,0.0],[88.512413,43.854963,0.0],[88.51244,43.854724,0.0],[88.5125,43.854485,0.0],[88.51256,43.854246,0.0],[88.512653,43.854031,0.0],[88.512745,43.853767,0.0],[88.512871,43.853527,0.0],[88.512931,43.853288,0.0],[88.513023,43.853049,0.0],[88.51315,43.852833,0.0],[88.513243,43.852617,0.0],[88.513336,43.852402,0.0],[88.51333,43.852164,0.0],[88.513291,43.851926,0.0],[88.513121,43.851714,0.0],[88.512886,43.851526,0.0],[88.512683,43.851314,0.0],[88.512353,43.851271,0.0],[88.511992,43.851324,0.0],[88.511631,43.851376,0.0],[88.511338,43.851475,0.0],[88.511043,43.851551,0.0],[88.510749,43.851626,0.0],[88.510456,43.851749,0.0],[88.51023,43.851919,0.0],[88.510144,43.851962,0.0],[88.510146,43.852015,0.0],[88.510082,43.852326,0.0],[88.509946,43.852585,0.0],[88.509739,43.852846,0.0],[88.50946,43.853108,0.0],[88.509181,43.853369,0.0],[88.50883,43.85358,0.0],[88.508478,43.85374,0.0],[88.508125,43.853899,0.0],[88.507773,43.854059,0.0],[88.50742,43.854218,0.0],[88.506997,43.854379,0.0],[88.506607,43.854465,0.0],[88.50661,43.854587,0.0],[88.506649,43.854825,0.0],[88.506721,43.855086,0.0],[88.506727,43.855324,0.0],[88.506733,43.855562,0.0],[88.506772,43.8558,0.0],[88.506811,43.856037,0.0],[88.50685,43.856275,0.0],[88.506879,43.856453,0.0],[88.507099,43.856657,0.0],[88.507436,43.856813,0.0],[88.507775,43.85705,0.0],[88.508112,43.857206,0.0],[88.50834,43.857444,0.0],[88.508509,43.857678,0.0],[88.508204,43.857758,0.0],[88.508294,43.857767,0.0],[88.508721,43.85771,0.0],[88.509074,43.857602,0.0],[88.509501,43.857544,0.0],[88.509855,43.857437,0.0],[88.510281,43.857379,0.0],[88.510706,43.857271,0.0],[88.511058,43.857111,0.0],[88.511236,43.857004,0.0]]]}},{"type":"Feature","properties":{"rgi_id":"RGI2000-v7.0-G-13-41791","o1region":"13"},"geometry":{"type":"Polygon","coordinates":[[[88.493999,43.852611,0.0],[88.493998,43.852565,0.0],[88.494241,43.852291,0.0],[88.494546,43.852016,0.0],[88.494789,43.851742,0.0],[88.495033,43.851513,0.0],[88.495151,43.85124,0.0],[88.495269,43.850967,0.0],[88.495325,43.850695,0.0],[88.495318,43.850424,0.0],[88.495311,43.850153,0.0],[88.495242,43.849883,0.0],[88.495111,43.849614,0.0],[88.494854,43.849346,0.0],[88.494538,43.849169,0.0],[88.494221,43.848993,0.0],[88.493844,43.848907,0.0],[88.493406,43.848868,0.0],[88.49303,43.848827,0.0],[88.492593,43.848833,0.0],[88.492219,43.848838,0.0],[88.491785,43.848979,0.0],[88.491667,43.849252,0.0],[88.491612,43.849524,0.0],[88.491618,43.849795,0.0],[88.4915,43.850067,0.0],[88.491445,43.850339,0.0],[88.491451,43.85061,0.0],[88.491521,43.850881,0.0],[88.491776,43.851103,0.0],[88.491845,43.851373,0.0],[88.491914,43.851644,0.0],[88.492353,43.851728,0.0],[88.492728,43.851723,0.0],[88.492983,43.851946,0.0],[88.493053,43.852216,0.0],[88.492745,43.852401,0.0],[88.492374,43.852541,0.0],[88.49213,43.852771,0.0],[88.492136,43.853042,0.0],[88.493999,43.852611,0.0]],[[88.493258,43.850451,0.0],[88.492581,43.850822,0.0],[88.492449,43.850552,0.0],[88.492317,43.850283,0.0],[88.492123,43.850014,0.0],[88.492431,43.849829,0.0],[88.492809,43.84996,0.0],[88.493126,43.850137,0.0],[88.493257,43.850406,0.0],[88.493258,43.850451,0.0]]]}},{"type":"Feature","properties":{"rgi_id":"RGI2000-v7.0-G-13-41792","o1region":"13"},"geometry":{"type":"Polygon","coordinates":[[[88.485995,43.850401,0.0],[88.486174,43.850459,0.0],[88.486472,43.85055,0.0],[88.486674,43.850726,0.0],[88.487041,43.850936,0.0],[88.487146,43.851161,0.0],[88.487216,43.85135,0.0],[88.487221,43.851517,0.0],[88.487225,43.851708,0.0],[88.487316,43.85204,0.0],[88.487321,43.85223,0.0],[88.487358,43.852421,0.0],[88.487364,43.852635,0.0],[88.4874,43.852789,0.0],[88.487453,43.852931,0.0],[88.487555,43.853049,0.0],[88.487773,43.853273,0.0],[88.487917,43.853486,0.0],[88.488021,43.853699,0.0],[88.488242,43.853868,0.0],[88.488558,43.853849,0.0],[88.488852,43.853774,0.0],[88.489126,43.853656,0.0],[88.489279,43.853568,0.0],[88.489296,43.853551,0.0],[88.489456,43.853394,0.0],[88.489649,43.853201,0.0],[88.489827,43.853005,0.0],[88.489836,43.852846,0.0],[88.48983,43.852603,0.0],[88.489824,43.85236,0.0],[88.489799,43.852118,0.0],[88.489793,43.851889,0.0],[88.489787,43.851661,0.0],[88.489821,43.851431,0.0],[88.489994,43.851243,0.0],[88.490227,43.851069,0.0],[88.490243,43.850926,0.0],[88.490242,43.850907,0.0],[88.490263,43.850678,0.0],[88.490257,43.850449,0.0],[88.490252,43.85022,0.0],[88.490282,43.850117,0.0],[88.490276,43.849896,0.0],[88.490271,43.849668,0.0],[88.490267,43.849496,0.0],[88.490104,43.849298,0.0],[88.489862,43.84913,0.0],[88.48966,43.848947,0.0],[88.489478,43.848763,0.0],[88.489453,43.848535,0.0],[88.489407,43.848307,0.0],[88.489362,43.848079,0.0],[88.489337,43.84785,0.0],[88.489252,43.847623,0.0],[88.489052,43.847525,0.0],[88.488736,43.847501,0.0],[88.488419,43.84749,0.0],[88.488084,43.847495,0.0],[88.487768,43.847499,0.0],[88.487453,43.847532,0.0],[88.487117,43.84755,0.0],[88.486783,43.847598,0.0],[88.486449,43.847659,0.0],[88.486154,43.847734,0.0],[88.48586,43.847824,0.0],[88.485607,43.847984,0.0],[88.485592,43.84817,0.0],[88.485598,43.848413,0.0],[88.485564,43.848643,0.0],[88.48557,43.848871,0.0],[88.485556,43.849114,0.0],[88.485582,43.849343,0.0],[88.485647,43.849585,0.0],[88.485692,43.849813,0.0],[88.485796,43.850026,0.0],[88.48592,43.850239,0.0],[88.485995,43.850401,0.0]]]}},{"type":"Feature","properties":{"rgi_id":"RGI2000-v7.0-G-13-41793","o1region":"13"},"geometry":{"type":"Polygon","coordinates":[[[88.567722,43.870627,0.0],[88.567906,43.87081,0.0],[88.567993,43.870976,0.0],[88.568246,43.871234,0.0],[88.568484,43.871493,0.0],[88.568638,43.871729,0.0],[88.569027,43.872117,0.0],[88.569164,43.872305,0.0],[88.569301,43.872506,0.0],[88.569469,43.872647,0.0],[88.569671,43.872799,0.0],[88.56989,43.872998,0.0],[88.570128,43.873281,0.0],[88.570214,43.873434,0.0],[88.570351,43.873635,0.0],[88.570567,43.873715,0.0],[88.570831,43.873736,0.0],[88.571044,43.873697,0.0],[88.571171,43.873493,0.0],[88.571263,43.873253,0.0],[88.571338,43.872955,0.0],[88.571412,43.872632,0.0],[88.571485,43.872297,0.0],[88.57166,43.872069,0.0],[88.571868,43.871828,0.0],[88.571911,43.871577,0.0],[88.571987,43.87135,0.0],[88.572094,43.871026,0.0],[88.572105,43.870812,0.0],[88.572065,43.870574,0.0],[88.571913,43.87041,0.0],[88.571602,43.870485,0.0],[88.571356,43.870524,0.0],[88.57101,43.870529,0.0],[88.570729,43.87045,0.0],[88.570445,43.870311,0.0],[88.570259,43.870123,0.0],[88.57001,43.870043,0.0],[88.569847,43.870093,0.0],[88.569734,43.870201,0.0],[88.569591,43.870406,0.0],[88.569346,43.870481,0.0],[88.569098,43.870436,0.0],[88.568866,43.870356,0.0],[88.568841,43.870345,0.0],[88.568471,43.87044,0.0],[88.567975,43.87055,0.0],[88.567722,43.870627,0.0]]]}},{"type":"Feature","properties":{"rgi_id":"RGI2000-v7.0-G-13-41794","o1region":"13"},"geometry":{"type":"Polygon","coordinates":[[[88.574081,43.87222,0.0],[88.574079,43.872168,0.0],[88.574215,43.871908,0.0],[88.574422,43.871648,0.0],[88.574629,43.871387,0.0],[88.574909,43.871176,0.0],[88.575116,43.870916,0.0],[88.575108,43.870606,0.0],[88.574746,43.870405,0.0],[88.574456,43.870202,0.0],[88.574094,43.870001,0.0],[88.573666,43.870007,0.0],[88.573312,43.870115,0.0],[88.573032,43.870325,0.0],[88.573041,43.870635,0.0],[88.57319,43.870891,0.0],[88.573269,43.871199,0.0],[88.57349,43.871454,0.0],[88.573639,43.87171,0.0],[88.57372,43.87207,0.0],[88.574081,43.87222,0.0]]]}},{"type":"Feature","properties":{"rgi_id":"RGI2000-v7.0-G-13-41795","o1region":"13"},"geometry":{"type":"Polygon","coordinates":[[[88.637688,43.723291,0.0],[88.637832,43.723309,0.0],[88.638015,43.72339,0.0],[88.6381,43.723508,0.0],[88.638105,43.723675,0.0],[88.638012,43.72389,0.0],[88.637952,43.724082,0.0],[88.637859,43.72431,0.0],[88.637864,43.724488,0.0],[88.63787,43.724702,0.0],[88.637842,43.72487,0.0],[88.637666,43.725063,0.0],[88.637571,43.725183,0.0],[88.637345,43.725329,0.0],[88.637232,43.725402,0.0],[88.636924,43.72555,0.0],[88.636698,43.725684,0.0],[88.636553,43.725781,0.0],[88.636392,43.725915,0.0],[88.636101,43.726086,0.0],[88.635957,43.726219,0.0],[88.635845,43.726316,0.0],[88.635816,43.726471,0.0],[88.635819,43.72659,0.0],[88.635873,43.726744,0.0],[88.635909,43.726886,0.0],[88.63606,43.726992,0.0],[88.636178,43.727097,0.0],[88.636313,43.727214,0.0],[88.636544,43.72727,0.0],[88.636791,43.727291,0.0],[88.637037,43.727287,0.0],[88.637349,43.727295,0.0],[88.637629,43.727291,0.0],[88.637809,43.727288,0.0],[88.638121,43.727272,0.0],[88.638416,43.727267,0.0],[88.638892,43.727237,0.0],[88.639056,43.727234,0.0],[88.639368,43.727218,0.0],[88.639627,43.727083,0.0],[88.639821,43.726985,0.0],[88.640048,43.726863,0.0],[88.640259,43.726765,0.0],[88.640452,43.726631,0.0],[88.64063,43.726509,0.0],[88.640824,43.726399,0.0],[88.640985,43.72629,0.0],[88.641393,43.726188,0.0],[88.641589,43.726174,0.0],[88.641869,43.726194,0.0],[88.642181,43.726189,0.0],[88.642527,43.72622,0.0],[88.642941,43.726345,0.0],[88.64332,43.726375,0.0],[88.643681,43.726382,0.0],[88.643995,43.726449,0.0],[88.644307,43.726432,0.0],[88.644486,43.726382,0.0],[88.644746,43.726271,0.0],[88.644939,43.726126,0.0],[88.645185,43.72611,0.0],[88.64543,43.726071,0.0],[88.645642,43.726008,0.0],[88.645672,43.725913,0.0],[88.645766,43.725733,0.0],[88.645761,43.725566,0.0],[88.645822,43.725398,0.0],[88.645865,43.725159,0.0],[88.645859,43.724945,0.0],[88.645805,43.724767,0.0],[88.645717,43.724566,0.0],[88.645598,43.724413,0.0],[88.645429,43.724248,0.0],[88.645293,43.72406,0.0],[88.645071,43.723753,0.0],[88.644953,43.723648,0.0],[88.644783,43.723448,0.0],[88.644547,43.723225,0.0],[88.644443,43.723024,0.0],[88.644241,43.722824,0.0],[88.644153,43.722623,0.0],[88.644033,43.722434,0.0],[88.643795,43.722152,0.0],[88.643608,43.721916,0.0],[88.643308,43.721742,0.0],[88.643026,43.721663,0.0],[88.642598,43.721597,0.0],[88.642154,43.721592,0.0],[88.641891,43.721595,0.0],[88.64178,43.72174,0.0],[88.641603,43.721874,0.0],[88.641325,43.721901,0.0],[88.641062,43.721893,0.0],[88.640799,43.721897,0.0],[88.640455,43.721926,0.0],[88.640326,43.722011,0.0],[88.640133,43.722157,0.0],[88.639972,43.722266,0.0],[88.639712,43.722377,0.0],[88.639385,43.72243,0.0],[88.638861,43.722485,0.0],[88.638586,43.722643,0.0],[88.638423,43.722597,0.0],[88.638208,43.722841,0.0],[88.637836,43.723122,0.0],[88.637688,43.723291,0.0]]]}},{"type":"Feature","properties":{"rgi_id":"RGI2000-v7.0-G-13-41796","o1region":"13"},"geometry":{"type":"Polygon","coordinates":[[[88.338977,43.870888,0.0],[88.338916,43.870758,0.0],[88.338888,43.870696,0.0],[88.338852,43.870618,0.0],[88.338821,43.870566,0.0],[88.338772,43.870484,0.0],[88.338725,43.870403,0.0],[88.338667,43.870306,0.0],[88.338557,43.870246,0.0],[88.338449,43.870189,0.0],[88.338327,43.870124,0.0],[88.338128,43.870055,0.0],[88.337975,43.870043,0.0],[88.337792,43.87003,0.0],[88.33769,43.869917,0.0],[88.337641,43.869865,0.0],[88.337569,43.86979,0.0],[88.33737,43.869815,0.0],[88.337195,43.869837,0.0],[88.337078,43.86991,0.0],[88.337046,43.870009,0.0],[88.337022,43.870082,0.0],[88.336976,43.870166,0.0],[88.336927,43.870254,0.0],[88.336751,43.870328,0.0],[88.336635,43.870429,0.0],[88.336522,43.870514,0.0],[88.336441,43.870575,0.0],[88.336357,43.87066,0.0],[88.336286,43.870734,0.0],[88.336112,43.870773,0.0],[88.335952,43.870809,0.0],[88.335787,43.870854,0.0],[88.335677,43.870884,0.0],[88.335528,43.870961,0.0],[88.335423,43.871015,0.0],[88.3354,43.871117,0.0],[88.335387,43.871173,0.0],[88.335425,43.871243,0.0],[88.335449,43.871287,0.0],[88.335592,43.871362,0.0],[88.335689,43.871412,0.0],[88.335767,43.87144,0.0],[88.335842,43.871466,0.0],[88.335968,43.871509,0.0],[88.336119,43.87155,0.0],[88.336325,43.871605,0.0],[88.336496,43.87169,0.0],[88.336605,43.871745,0.0],[88.336736,43.871864,0.0],[88.336807,43.871928,0.0],[88.33691,43.872018,0.0],[88.336968,43.872069,0.0],[88.337048,43.872126,0.0],[88.337088,43.872154,0.0],[88.337169,43.87221,0.0],[88.337243,43.872286,0.0],[88.337293,43.872337,0.0],[88.337391,43.872436,0.0],[88.337462,43.87249,0.0],[88.337521,43.872535,0.0],[88.337612,43.872605,0.0],[88.337712,43.872655,0.0],[88.337775,43.872686,0.0],[88.337892,43.872745,0.0],[88.338014,43.87283,0.0],[88.338133,43.872913,0.0],[88.338207,43.872978,0.0],[88.338294,43.873054,0.0],[88.338451,43.87312,0.0],[88.338593,43.873179,0.0],[88.338776,43.873273,0.0],[88.338893,43.873333,0.0],[88.339029,43.873428,0.0],[88.339134,43.873502,0.0],[88.33928,43.873513,0.0],[88.339451,43.873527,0.0],[88.33961,43.87351,0.0],[88.339766,43.873494,0.0],[88.340141,43.873461,0.0],[88.340277,43.873388,0.0],[88.340467,43.873181,0.0],[88.340523,43.873033,0.0],[88.340487,43.872876,0.0],[88.34022,43.872689,0.0],[88.339832,43.87235,0.0],[88.339541,43.872078,0.0],[88.339344,43.871805,0.0],[88.339148,43.871532,0.0],[88.338952,43.871259,0.0],[88.338946,43.870984,0.0],[88.338997,43.870907,0.0],[88.338977,43.870888,0.0]]]}}]}
