{"type":"FeatureCollection","features":[{"type":"Feature","properties":{"rgi_id":"RGI2000-v7.0-G-08-00887","o1region":"08"},"geometry":{"type":"Polygon","coordinates":[[[16.924396,67.991284,0.0],[16.925756,67.991318,0.0],[16.925711,67.991573,0.0],[16.926391,67.99159,0.0],[16.926435,67.991335,0.0],[16.927115,67.991352,0.0],[16.927205,67.990842,0.0],[16.927885,67.990858,0.0],[16.927974,67.990348,0.0],[16.928654,67.990365,0.0],[16.928699,67.99011,0.0],[16.929379,67.990127,0.0],[16.929424,67.989872,0.0],[16.930783,67.989906,0.0],[16.930828,67.989651,0.0],[16.932187,67.989684,0.0],[16.932232,67.989429,0.0],[16.932912,67.989446,0.0],[16.932957,67.989191,0.0],[16.934316,67.989225,0.0],[16.934361,67.98897,0.0],[16.935041,67.988987,0.0],[16.935085,67.988732,0.0],[16.935765,67.988749,0.0],[16.936123,67.986709,0.0],[16.937482,67.986742,0.0],[16.937617,67.985977,0.0],[16.935578,67.985927,0.0],[16.935757,67.984907,0.0],[16.935077,67.98489,0.0],[16.935122,67.984635,0.0],[16.933083,67.984585,0.0],[16.933128,67.98433,0.0],[16.932449,67.984313,0.0],[16.932493,67.984058,0.0],[16.931814,67.984041,0.0],[16.931859,67.983786,0.0],[16.931179,67.983769,0.0],[16.931224,67.983514,0.0],[16.930544,67.983498,0.0],[16.9305,67.983753,0.0],[16.92982,67.983736,0.0],[16.929775,67.983991,0.0],[16.928416,67.983957,0.0],[16.928461,67.983702,0.0],[16.927781,67.983685,0.0],[16.927826,67.98343,0.0],[16.927147,67.983414,0.0],[16.927102,67.983668,0.0],[16.926422,67.983652,0.0],[16.926243,67.984672,0.0],[16.925563,67.984655,0.0],[16.925608,67.9844,0.0],[16.924929,67.984383,0.0],[16.925058,67.983647,0.0],[16.924443,67.983735,0.0],[16.923658,67.983847,0.0],[16.923622,67.984052,0.0],[16.923611,67.984111,0.0],[16.92348,67.984859,0.0],[16.9228,67.984842,0.0],[16.922755,67.985097,0.0],[16.922076,67.98508,0.0],[16.922121,67.984826,0.0],[16.921441,67.984809,0.0],[16.921471,67.98464,0.0],[16.921122,67.984785,0.0],[16.919923,67.985283,0.0],[16.919992,67.985285,0.0],[16.919812,67.986305,0.0],[16.919133,67.986288,0.0],[16.918998,67.987053,0.0],[16.918318,67.987036,0.0],[16.918273,67.987291,0.0],[16.917594,67.987274,0.0],[16.917549,67.987529,0.0],[16.916869,67.987512,0.0],[16.916734,67.988277,0.0],[16.917414,67.988294,0.0],[16.917324,67.988804,0.0],[16.916644,67.988787,0.0],[16.916599,67.989042,0.0],[16.915919,67.989025,0.0],[16.915784,67.98979,0.0],[16.915105,67.989773,0.0],[16.91506,67.990028,0.0],[16.91438,67.990011,0.0],[16.91429,67.990521,0.0],[16.91293,67.990488,0.0],[16.912975,67.990233,0.0],[16.913655,67.990249,0.0],[16.913745,67.989739,0.0],[16.913066,67.989723,0.0],[16.913111,67.989468,0.0],[16.910392,67.9894,0.0],[16.910347,67.989655,0.0],[16.908987,67.989621,0.0],[16.908897,67.990131,0.0],[16.907538,67.990097,0.0],[16.907493,67.990352,0.0],[16.905453,67.990302,0.0],[16.905408,67.990557,0.0],[16.904815,67.990542,0.0],[16.904971,67.991149,0.0],[16.90542,67.991445,0.0],[16.905594,67.991558,0.0],[16.90588,67.991747,0.0],[16.905908,67.991593,0.0],[16.908627,67.991661,0.0],[16.908582,67.991916,0.0],[16.909941,67.99195,0.0],[16.909896,67.992205,0.0],[16.910576,67.992222,0.0],[16.910621,67.991967,0.0],[16.91198,67.992,0.0],[16.912025,67.991746,0.0],[16.912705,67.991762,0.0],[16.91275,67.991507,0.0],[16.91479,67.991558,0.0],[16.914745,67.991813,0.0],[16.917464,67.991881,0.0],[16.917419,67.992136,0.0],[16.918778,67.992169,0.0],[16.918733,67.992424,0.0],[16.921452,67.992492,0.0],[16.921497,67.992237,0.0],[16.922177,67.992254,0.0],[16.922222,67.991999,0.0],[16.923582,67.992032,0.0],[16.923627,67.991777,0.0],[16.924306,67.991794,0.0],[16.924396,67.991284,0.0]],[[16.923037,67.991251,0.0],[16.923126,67.990741,0.0],[16.924486,67.990774,0.0],[16.924396,67.991284,0.0],[16.923037,67.991251,0.0]]]}},{"type":"Feature","properties":{"rgi_id":"RGI2000-v7.0-G-08-00888","o1region":"08"},"geometry":{"type":"Polygon","coordinates":[[[16.91938,68.000371,0.0],[16.921449,68.000258,0.0],[16.921509,67.99992,0.0],[16.923549,67.99997,0.0],[16.923504,68.000225,0.0],[16.924864,68.000259,0.0],[16.924819,68.000514,0.0],[16.925499,68.000531,0.0],[16.925364,68.001296,0.0],[16.926724,68.001329,0.0],[16.926769,68.001074,0.0],[16.928129,68.001108,0.0],[16.928174,68.000853,0.0],[16.928854,68.00087,0.0],[16.928944,68.00036,0.0],[16.928264,68.000343,0.0],[16.928399,67.999578,0.0],[16.929079,67.999595,0.0],[16.929124,67.99934,0.0],[16.928444,67.999323,0.0],[16.928578,67.998558,0.0],[16.929258,67.998575,0.0],[16.929348,67.998065,0.0],[16.928668,67.998048,0.0],[16.928713,67.997793,0.0],[16.925993,67.997726,0.0],[16.926083,67.997216,0.0],[16.925403,67.997199,0.0],[16.925448,67.996944,0.0],[16.924088,67.996911,0.0],[16.924043,67.997166,0.0],[16.923363,67.997149,0.0],[16.923318,67.997404,0.0],[16.922638,67.997387,0.0],[16.922548,67.997897,0.0],[16.921868,67.99788,0.0],[16.921778,67.99839,0.0],[16.920418,67.998356,0.0],[16.920374,67.998611,0.0],[16.918334,67.998561,0.0],[16.918379,67.998306,0.0],[16.917699,67.998289,0.0],[16.917744,67.998034,0.0],[16.917064,67.998017,0.0],[16.917019,67.998272,0.0],[16.915659,67.998238,0.0],[16.915614,67.998493,0.0],[16.914934,67.998476,0.0],[16.914979,67.998221,0.0],[16.913619,67.998187,0.0],[16.913439,67.999207,0.0],[16.912759,67.99919,0.0],[16.912714,67.999445,0.0],[16.910674,67.999395,0.0],[16.910629,67.99965,0.0],[16.909949,67.999633,0.0],[16.909859,68.000143,0.0],[16.908498,68.000109,0.0],[16.908453,68.000364,0.0],[16.907773,68.000347,0.0],[16.907728,68.000602,0.0],[16.908408,68.000619,0.0],[16.908363,68.000874,0.0],[16.909723,68.000908,0.0],[16.909768,68.000653,0.0],[16.911128,68.000687,0.0],[16.911173,68.000432,0.0],[16.913214,68.000482,0.0],[16.913168,68.000737,0.0],[16.914529,68.000771,0.0],[16.914574,68.000516,0.0],[16.915254,68.000533,0.0],[16.915299,68.000278,0.0],[16.915979,68.000295,0.0],[16.916024,68.00004,0.0],[16.919424,68.000124,0.0],[16.91938,68.000371,0.0]]]}},{"type":"Feature","properties":{"rgi_id":"RGI2000-v7.0-G-08-00889","o1region":"08"},"geometry":{"type":"Polygon","coordinates":[[[16.902155,67.993506,0.0],[16.901885,67.993547,0.0],[16.900197,67.99357,0.0],[16.894459,67.993113,0.0],[16.891421,67.991667,0.0],[16.883775,67.989989,0.0],[16.88365,67.989962,0.0],[16.883338,67.989925,0.0],[16.875475,67.988996,0.0],[16.874344,67.988862,0.0],[16.870103,67.987253,0.0],[16.869098,67.986872,0.0],[16.869013,67.986839,0.0],[16.868465,67.986632,0.0],[16.867987,67.986422,0.0],[16.865043,67.985129,0.0],[16.86306,67.984259,0.0],[16.859019,67.983008,0.0],[16.858248,67.982814,0.0],[16.857664,67.982667,0.0],[16.857566,67.983212,0.0],[16.856207,67.983178,0.0],[16.856187,67.983292,0.0],[16.858206,67.984194,0.0],[16.859626,67.98461,0.0],[16.862054,67.985322,0.0],[16.863328,67.9877,0.0],[16.862958,67.990716,0.0],[16.863013,67.992878,0.0],[16.863018,67.993073,0.0],[16.86336,67.997321,0.0],[16.862756,67.9983,0.0],[16.862395,67.998885,0.0],[16.860939,67.999839,0.0],[16.859248,68.000296,0.0],[16.858455,68.000511,0.0],[16.858514,68.000687,0.0],[16.858571,68.000853,0.0],[16.858012,68.000952,0.0],[16.856915,68.001147,0.0],[16.856869,68.001556,0.0],[16.856593,68.004019,0.0],[16.855635,68.005665,0.0],[16.854323,68.006112,0.0],[16.854063,68.006201,0.0],[16.853108,68.006527,0.0],[16.848866,68.006926,0.0],[16.844853,68.007753,0.0],[16.839725,68.008541,0.0],[16.835233,68.009654,0.0],[16.833642,68.010155,0.0],[16.832887,68.010393,0.0],[16.83222,68.010604,0.0],[16.8331,68.010692,0.0],[16.837274,68.011736,0.0],[16.838887,68.01214,0.0],[16.841755,68.012849,0.0],[16.849012,68.014642,0.0],[16.850007,68.014889,0.0],[16.858472,68.016989,0.0],[16.85993,68.017224,0.0],[16.86013,68.017256,0.0],[16.864408,68.017535,0.0],[16.864804,68.017597,0.0],[16.869269,68.018297,0.0],[16.869679,68.018459,0.0],[16.871073,68.019013,0.0],[16.871284,68.019101,0.0],[16.875139,68.020724,0.0],[16.881572,68.023349,0.0],[16.883444,68.023895,0.0],[16.887487,68.025076,0.0],[16.887566,68.025197,0.0],[16.887645,68.025199,0.0],[16.887691,68.024944,0.0],[16.888371,68.024961,0.0],[16.888417,68.024706,0.0],[16.889098,68.024723,0.0],[16.889143,68.024468,0.0],[16.889824,68.024485,0.0],[16.889869,68.02423,0.0],[16.89055,68.024247,0.0],[16.890595,68.023992,0.0],[16.891276,68.024009,0.0],[16.891321,68.023754,0.0],[16.893363,68.023805,0.0],[16.893318,68.02406,0.0],[16.896721,68.024145,0.0],[16.896767,68.02389,0.0],[16.897447,68.023907,0.0],[16.897583,68.023142,0.0],[16.898264,68.023159,0.0],[16.898535,68.021629,0.0],[16.899216,68.021646,0.0],[16.899307,68.021136,0.0],[16.898626,68.021119,0.0],[16.898671,68.020864,0.0],[16.897991,68.020847,0.0],[16.898036,68.020592,0.0],[16.897355,68.020575,0.0],[16.8974,68.02032,0.0],[16.89672,68.020303,0.0],[16.896765,68.020049,0.0],[16.897446,68.020065,0.0],[16.897627,68.019046,0.0],[16.898307,68.019063,0.0],[16.898353,68.018808,0.0],[16.899033,68.018825,0.0],[16.899078,68.01857,0.0],[16.899759,68.018587,0.0],[16.899804,68.018332,0.0],[16.899124,68.018315,0.0],[16.899169,68.01806,0.0],[16.898488,68.018043,0.0],[16.898534,68.017788,0.0],[16.897173,68.017754,0.0],[16.897127,68.018009,0.0],[16.896447,68.017992,0.0],[16.896492,68.017737,0.0],[16.895812,68.01772,0.0],[16.895857,68.017465,0.0],[16.896537,68.017482,0.0],[16.896583,68.017227,0.0],[16.897263,68.017244,0.0],[16.897399,68.016479,0.0],[16.896718,68.016462,0.0],[16.896899,68.015442,0.0],[16.896219,68.015425,0.0],[16.896264,68.01517,0.0],[16.895584,68.015153,0.0],[16.895629,68.014898,0.0],[16.894949,68.014881,0.0],[16.895085,68.014116,0.0],[16.894404,68.014099,0.0],[16.894585,68.01308,0.0],[16.895266,68.013096,0.0],[16.895356,68.012587,0.0],[16.894676,68.01257,0.0],[16.894721,68.012315,0.0],[16.894041,68.012298,0.0],[16.894177,68.011533,0.0],[16.893496,68.011516,0.0],[16.893542,68.011261,0.0],[16.892181,68.011227,0.0],[16.892226,68.010972,0.0],[16.891546,68.010955,0.0],[16.891591,68.0107,0.0],[16.890911,68.010683,0.0],[16.891092,68.009663,0.0],[16.889732,68.009629,0.0],[16.889777,68.009374,0.0],[16.889097,68.009357,0.0],[16.889142,68.009102,0.0],[16.889822,68.009119,0.0],[16.889913,68.008609,0.0],[16.890593,68.008626,0.0],[16.890639,68.008371,0.0],[16.889958,68.008354,0.0],[16.890049,68.007844,0.0],[16.889369,68.007827,0.0],[16.889414,68.007572,0.0],[16.890094,68.007589,0.0],[16.890276,68.006569,0.0],[16.890956,68.006586,0.0],[16.891001,68.006331,0.0],[16.891681,68.006348,0.0],[16.891727,68.006094,0.0],[16.894447,68.006161,0.0],[16.894492,68.005906,0.0],[16.895173,68.005923,0.0],[16.895218,68.005668,0.0],[16.895898,68.005685,0.0],[16.895989,68.005175,0.0],[16.896669,68.005192,0.0],[16.89694,68.003663,0.0],[16.89762,68.00368,0.0],[16.897665,68.003425,0.0],[16.896985,68.003408,0.0],[16.897212,68.002133,0.0],[16.897892,68.00215,0.0],[16.897982,68.00164,0.0],[16.899342,68.001674,0.0],[16.899387,68.001419,0.0],[16.901427,68.00147,0.0],[16.901473,68.001215,0.0],[16.902153,68.001232,0.0],[16.902243,68.000722,0.0],[16.902923,68.000739,0.0],[16.902968,68.000484,0.0],[16.904328,68.000517,0.0],[16.904418,68.000007,0.0],[16.905098,68.000024,0.0],[16.905189,67.999514,0.0],[16.905869,67.999531,0.0],[16.906094,67.998256,0.0],[16.905414,67.99824,0.0],[16.905505,67.99773,0.0],[16.904825,67.997713,0.0],[16.904915,67.997203,0.0],[16.904235,67.997186,0.0],[16.904325,67.996676,0.0],[16.905005,67.996693,0.0],[16.905186,67.995673,0.0],[16.904506,67.995656,0.0],[16.904833,67.993808,0.0],[16.904912,67.993361,0.0],[16.903552,67.993327,0.0],[16.903507,67.993582,0.0],[16.902148,67.993548,0.0],[16.902155,67.993506,0.0]],[[16.902557,67.995095,0.0],[16.902511,67.99535,0.0],[16.901832,67.995333,0.0],[16.901877,67.995078,0.0],[16.902557,67.995095,0.0]],[[16.865986,67.98957,0.0],[16.866666,67.989587,0.0],[16.866575,67.990097,0.0],[16.865216,67.990063,0.0],[16.865261,67.989808,0.0],[16.865941,67.989825,0.0],[16.865986,67.98957,0.0]],[[16.865307,67.989553,0.0],[16.865352,67.989298,0.0],[16.864673,67.989281,0.0],[16.864946,67.987751,0.0],[16.866305,67.987786,0.0],[16.86626,67.988041,0.0],[16.866939,67.988058,0.0],[16.866894,67.988313,0.0],[16.867573,67.98833,0.0],[16.867528,67.988585,0.0],[16.868207,67.988602,0.0],[16.868116,67.989112,0.0],[16.866757,67.989077,0.0],[16.866711,67.989332,0.0],[16.866032,67.989315,0.0],[16.865986,67.98957,0.0],[16.865307,67.989553,0.0]]]}},{"type":"Feature","properties":{"rgi_id":"RGI2000-v7.0-G-08-00890","o1region":"08"},"geometry":{"type":"Polygon","coordinates":[[[16.902155,67.993506,0.0],[16.902238,67.993039,0.0],[16.904277,67.993089,0.0],[16.904458,67.992069,0.0],[16.905138,67.992086,0.0],[16.905183,67.991831,0.0],[16.905863,67.991848,0.0],[16.90588,67.991747,0.0],[16.905594,67.991558,0.0],[16.90542,67.991445,0.0],[16.904971,67.991149,0.0],[16.904815,67.990542,0.0],[16.90133,67.990455,0.0],[16.90142,67.989945,0.0],[16.900741,67.989928,0.0],[16.900831,67.989418,0.0],[16.900151,67.989401,0.0],[16.900242,67.988891,0.0],[16.899562,67.988874,0.0],[16.899607,67.988619,0.0],[16.898927,67.988602,0.0],[16.898973,67.988347,0.0],[16.899652,67.988364,0.0],[16.899697,67.988109,0.0],[16.899018,67.988092,0.0],[16.899108,67.987582,0.0],[16.898429,67.987566,0.0],[16.898519,67.987056,0.0],[16.897839,67.987039,0.0],[16.89793,67.986529,0.0],[16.89725,67.986512,0.0],[16.89734,67.986002,0.0],[16.896661,67.985985,0.0],[16.896751,67.985475,0.0],[16.896072,67.985458,0.0],[16.896298,67.984183,0.0],[16.895618,67.984166,0.0],[16.895573,67.984421,0.0],[16.894893,67.984404,0.0],[16.894848,67.984659,0.0],[16.893489,67.984625,0.0],[16.893534,67.98437,0.0],[16.892175,67.984336,0.0],[16.892221,67.984081,0.0],[16.891541,67.984064,0.0],[16.891586,67.983809,0.0],[16.888189,67.983724,0.0],[16.888234,67.983469,0.0],[16.887555,67.983452,0.0],[16.887773,67.982224,0.0],[16.887781,67.982178,0.0],[16.887045,67.982159,0.0],[16.886422,67.982144,0.0],[16.886377,67.982399,0.0],[16.883659,67.982331,0.0],[16.883614,67.982586,0.0],[16.882255,67.982551,0.0],[16.882209,67.982806,0.0],[16.880171,67.982755,0.0],[16.880216,67.9825,0.0],[16.879565,67.982487,0.0],[16.879199,67.982542,0.0],[16.878926,67.982583,0.0],[16.87797,67.982725,0.0],[16.876225,67.982767,0.0],[16.872763,67.98285,0.0],[16.872586,67.982854,0.0],[16.863921,67.982907,0.0],[16.863752,67.982893,0.0],[16.858498,67.982446,0.0],[16.858311,67.982463,0.0],[16.857689,67.982526,0.0],[16.857664,67.982667,0.0],[16.858248,67.982814,0.0],[16.859019,67.983008,0.0],[16.86306,67.984259,0.0],[16.865043,67.985129,0.0],[16.867987,67.986422,0.0],[16.868465,67.986632,0.0],[16.869013,67.986839,0.0],[16.869098,67.986872,0.0],[16.870103,67.987253,0.0],[16.874344,67.988862,0.0],[16.875475,67.988996,0.0],[16.883338,67.989925,0.0],[16.88365,67.989962,0.0],[16.883775,67.989989,0.0],[16.891421,67.991667,0.0],[16.894459,67.993113,0.0],[16.900197,67.99357,0.0],[16.901885,67.993547,0.0],[16.902155,67.993506,0.0]]]}},{"type":"Feature","properties":{"rgi_id":"RGI2000-v7.0-G-08-00892","o1region":"08"},"geometry":{"type":"Polygon","coordinates":[[[16.805443,68.015489,0.0],[16.807268,68.015294,0.0],[16.809202,68.015087,0.0],[16.812832,68.014701,0.0],[16.813961,68.014581,0.0],[16.81447,68.014387,0.0],[16.817274,68.01332,0.0],[16.82366,68.012111,0.0],[16.825588,68.011712,0.0],[16.827983,68.011217,0.0],[16.831361,68.010518,0.0],[16.831852,68.010567,0.0],[16.83222,68.010604,0.0],[16.832887,68.010393,0.0],[16.833642,68.010155,0.0],[16.835233,68.009654,0.0],[16.839725,68.008541,0.0],[16.844853,68.007753,0.0],[16.848866,68.006926,0.0],[16.853108,68.006527,0.0],[16.854063,68.006201,0.0],[16.854323,68.006112,0.0],[16.855635,68.005665,0.0],[16.856593,68.004019,0.0],[16.856869,68.001556,0.0],[16.856915,68.001147,0.0],[16.858012,68.000952,0.0],[16.858571,68.000853,0.0],[16.858514,68.000687,0.0],[16.858455,68.000511,0.0],[16.859248,68.000296,0.0],[16.860939,67.999839,0.0],[16.862395,67.998885,0.0],[16.862756,67.9983,0.0],[16.86336,67.997321,0.0],[16.863018,67.993073,0.0],[16.863013,67.992878,0.0],[16.862958,67.990716,0.0],[16.863328,67.9877,0.0],[16.862054,67.985322,0.0],[16.859626,67.98461,0.0],[16.858206,67.984194,0.0],[16.856187,67.983292,0.0],[16.856116,67.983688,0.0],[16.855437,67.98367,0.0],[16.855345,67.98418,0.0],[16.854666,67.984163,0.0],[16.85462,67.984418,0.0],[16.853941,67.984401,0.0],[16.853849,67.984911,0.0],[16.851811,67.98486,0.0],[16.851765,67.985114,0.0],[16.851086,67.985097,0.0],[16.851131,67.984842,0.0],[16.849093,67.984791,0.0],[16.849047,67.985046,0.0],[16.847688,67.985012,0.0],[16.847642,67.985267,0.0],[16.845604,67.985215,0.0],[16.845558,67.98547,0.0],[16.844879,67.985453,0.0],[16.844833,67.985708,0.0],[16.844153,67.985691,0.0],[16.844107,67.985946,0.0],[16.843428,67.985928,0.0],[16.843336,67.986438,0.0],[16.842657,67.986421,0.0],[16.842611,67.986676,0.0],[16.841931,67.986659,0.0],[16.841794,67.987424,0.0],[16.841114,67.987407,0.0],[16.841069,67.987661,0.0],[16.841748,67.987679,0.0],[16.841657,67.988189,0.0],[16.842336,67.988206,0.0],[16.84229,67.988461,0.0],[16.841611,67.988444,0.0],[16.841565,67.988698,0.0],[16.840885,67.988681,0.0],[16.84084,67.988936,0.0],[16.84016,67.988919,0.0],[16.840068,67.989429,0.0],[16.839389,67.989412,0.0],[16.839297,67.989922,0.0],[16.837938,67.989887,0.0],[16.8378,67.990652,0.0],[16.840519,67.990721,0.0],[16.840565,67.990466,0.0],[16.841924,67.9905,0.0],[16.84197,67.990245,0.0],[16.842649,67.990263,0.0],[16.842695,67.990008,0.0],[16.846773,67.990111,0.0],[16.846819,67.989856,0.0],[16.848178,67.98989,0.0],[16.848224,67.989635,0.0],[16.848904,67.989652,0.0],[16.848949,67.989397,0.0],[16.849629,67.989414,0.0],[16.849675,67.989159,0.0],[16.850354,67.989177,0.0],[16.850309,67.989432,0.0],[16.850988,67.989449,0.0],[16.85076,67.990723,0.0],[16.851439,67.990741,0.0],[16.851348,67.991251,0.0],[16.849989,67.991216,0.0],[16.849943,67.991471,0.0],[16.847904,67.99142,0.0],[16.84795,67.991165,0.0],[16.84659,67.99113,0.0],[16.846544,67.991385,0.0],[16.845865,67.991368,0.0],[16.845819,67.991623,0.0],[16.845139,67.991606,0.0],[16.845093,67.991861,0.0],[16.844414,67.991844,0.0],[16.844368,67.992099,0.0],[16.843688,67.992082,0.0],[16.843597,67.992592,0.0],[16.844276,67.992609,0.0],[16.844231,67.992864,0.0],[16.843551,67.992846,0.0],[16.843505,67.993101,0.0],[16.842825,67.993084,0.0],[16.84278,67.993339,0.0],[16.84074,67.993288,0.0],[16.840786,67.993033,0.0],[16.836708,67.992929,0.0],[16.836662,67.993184,0.0],[16.834623,67.993133,0.0],[16.834577,67.993388,0.0],[16.833217,67.993353,0.0],[16.833125,67.993863,0.0],[16.832446,67.993846,0.0],[16.8324,67.994101,0.0],[16.83172,67.994084,0.0],[16.831674,67.994339,0.0],[16.830994,67.994321,0.0],[16.830948,67.994576,0.0],[16.829589,67.994542,0.0],[16.829543,67.994797,0.0],[16.828863,67.99478,0.0],[16.828817,67.995035,0.0],[16.828137,67.995017,0.0],[16.828091,67.995272,0.0],[16.826732,67.995238,0.0],[16.826686,67.995493,0.0],[16.826006,67.995476,0.0],[16.82596,67.99573,0.0],[16.8246,67.995696,0.0],[16.824554,67.995951,0.0],[16.823195,67.995916,0.0],[16.823149,67.996171,0.0],[16.822469,67.996154,0.0],[16.822423,67.996409,0.0],[16.821063,67.996374,0.0],[16.821017,67.996629,0.0],[16.820337,67.996612,0.0],[16.820291,67.996867,0.0],[16.819611,67.99685,0.0],[16.819565,67.997105,0.0],[16.818885,67.997087,0.0],[16.818839,67.997342,0.0],[16.81816,67.997325,0.0],[16.818113,67.99758,0.0],[16.817434,67.997563,0.0],[16.817387,67.997818,0.0],[16.816708,67.9978,0.0],[16.816662,67.998055,0.0],[16.814622,67.998004,0.0],[16.814668,67.997749,0.0],[16.815348,67.997766,0.0],[16.81544,67.997256,0.0],[16.81612,67.997273,0.0],[16.816166,67.997018,0.0],[16.816846,67.997036,0.0],[16.81703,67.996016,0.0],[16.81771,67.996033,0.0],[16.817802,67.995523,0.0],[16.818482,67.995541,0.0],[16.81862,67.994776,0.0],[16.817261,67.994741,0.0],[16.817215,67.994996,0.0],[16.815175,67.994944,0.0],[16.815129,67.995199,0.0],[16.81241,67.99513,0.0],[16.812364,67.995385,0.0],[16.810325,67.995333,0.0],[16.810371,67.995078,0.0],[16.809011,67.995043,0.0],[16.808965,67.995298,0.0],[16.808285,67.995281,0.0],[16.808147,67.996046,0.0],[16.807467,67.996029,0.0],[16.807421,67.996283,0.0],[16.808101,67.996301,0.0],[16.808008,67.996811,0.0],[16.808688,67.996828,0.0],[16.808549,67.997593,0.0],[16.80515,67.997506,0.0],[16.805058,67.998016,0.0],[16.806417,67.998051,0.0],[16.806371,67.998306,0.0],[16.807051,67.998323,0.0],[16.807005,67.998578,0.0],[16.805645,67.998543,0.0],[16.805599,67.998798,0.0],[16.803559,67.998746,0.0],[16.803513,67.999001,0.0],[16.799434,67.998897,0.0],[16.799387,67.999152,0.0],[16.794628,67.99903,0.0],[16.794582,67.999285,0.0],[16.789823,67.999164,0.0],[16.789776,67.999418,0.0],[16.787737,67.999366,0.0],[16.78783,67.998856,0.0],[16.78511,67.998787,0.0],[16.785064,67.999042,0.0],[16.784384,67.999024,0.0],[16.784337,67.999279,0.0],[16.782978,67.999244,0.0],[16.782792,68.000264,0.0],[16.782112,68.000247,0.0],[16.782065,68.000502,0.0],[16.781385,68.000484,0.0],[16.781339,68.000739,0.0],[16.780659,68.000722,0.0],[16.780612,68.000977,0.0],[16.779933,68.000959,0.0],[16.779886,68.001214,0.0],[16.779206,68.001197,0.0],[16.779113,68.001706,0.0],[16.778433,68.001689,0.0],[16.778387,68.001944,0.0],[16.777707,68.001927,0.0],[16.77766,68.002181,0.0],[16.7763,68.002147,0.0],[16.776347,68.001892,0.0],[16.775667,68.001874,0.0],[16.775713,68.001619,0.0],[16.773674,68.001567,0.0],[16.77358,68.002077,0.0],[16.77426,68.002094,0.0],[16.774167,68.002604,0.0],[16.773487,68.002587,0.0],[16.773441,68.002841,0.0],[16.772761,68.002824,0.0],[16.772807,68.002569,0.0],[16.771447,68.002534,0.0],[16.771494,68.002279,0.0],[16.770134,68.002244,0.0],[16.770087,68.002499,0.0],[16.769407,68.002482,0.0],[16.769361,68.002737,0.0],[16.76731,68.002684,0.0],[16.767008,68.002932,0.0],[16.767274,68.002939,0.0],[16.767228,68.003194,0.0],[16.767908,68.003212,0.0],[16.767861,68.003466,0.0],[16.769221,68.003501,0.0],[16.769174,68.003756,0.0],[16.769854,68.003774,0.0],[16.769761,68.004284,0.0],[16.769316,68.004272,0.0],[16.768875,68.004268,0.0],[16.773771,68.005771,0.0],[16.774836,68.006098,0.0],[16.775339,68.006445,0.0],[16.776734,68.007408,0.0],[16.779557,68.009357,0.0],[16.782933,68.012431,0.0],[16.784231,68.014131,0.0],[16.784214,68.014374,0.0],[16.784161,68.015154,0.0],[16.786217,68.015207,0.0],[16.78617,68.015462,0.0],[16.786851,68.015479,0.0],[16.786897,68.015224,0.0],[16.788938,68.015277,0.0],[16.789031,68.014767,0.0],[16.790392,68.014802,0.0],[16.79025,68.01558,0.0],[16.790217,68.01576,0.0],[16.79261,68.015812,0.0],[16.796553,68.016163,0.0],[16.799816,68.017295,0.0],[16.799891,68.017322,0.0],[16.800833,68.017108,0.0],[16.803193,68.016573,0.0],[16.803887,68.016239,0.0],[16.805443,68.015489,0.0]],[[16.859372,67.988379,0.0],[16.859509,67.987615,0.0],[16.860189,67.987632,0.0],[16.860143,67.987887,0.0],[16.860823,67.987904,0.0],[16.860777,67.988159,0.0],[16.860097,67.988142,0.0],[16.860052,67.988397,0.0],[16.859372,67.988379,0.0]],[[16.79503,68.011847,0.0],[16.794938,68.012357,0.0],[16.794257,68.012339,0.0],[16.79435,68.011829,0.0],[16.79503,68.011847,0.0]],[[16.828633,67.996054,0.0],[16.828679,67.995799,0.0],[16.827999,67.995782,0.0],[16.828045,67.995527,0.0],[16.830085,67.995579,0.0],[16.830039,67.995834,0.0],[16.829359,67.995817,0.0],[16.829313,67.996072,0.0],[16.828633,67.996054,0.0]],[[16.788444,68.01424,0.0],[16.788397,68.014494,0.0],[16.787717,68.014477,0.0],[16.78767,68.014732,0.0],[16.784949,68.014662,0.0],[16.784996,68.014407,0.0],[16.785676,68.014425,0.0],[16.785722,68.01417,0.0],[16.788444,68.01424,0.0]],[[16.820477,68.010958,0.0],[16.820431,68.011213,0.0],[16.819751,68.011196,0.0],[16.819705,68.011451,0.0],[16.819024,68.011434,0.0],[16.818978,68.011688,0.0],[16.817618,68.011654,0.0],[16.817664,68.011399,0.0],[16.815623,68.011347,0.0],[16.815577,68.011602,0.0],[16.814897,68.011585,0.0],[16.81485,68.01184,0.0],[16.81281,68.011788,0.0],[16.812856,68.011533,0.0],[16.812176,68.011516,0.0],[16.812268,68.011006,0.0],[16.812948,68.011023,0.0],[16.812994,68.010768,0.0],[16.813675,68.010785,0.0],[16.813721,68.01053,0.0],[16.816442,68.0106,0.0],[16.816396,68.010855,0.0],[16.820477,68.010958,0.0]]]}},{"type":"Feature","properties":{"rgi_id":"RGI2000-v7.0-G-08-00893","o1region":"08"},"geometry":{"type":"Polygon","coordinates":[[[16.768875,68.004268,0.0],[16.766361,68.004196,0.0],[16.766314,68.004451,0.0],[16.764954,68.004416,0.0],[16.765001,68.004161,0.0],[16.764321,68.004144,0.0],[16.764368,68.003889,0.0],[16.762328,68.003836,0.0],[16.762281,68.004091,0.0],[16.760921,68.004056,0.0],[16.760874,68.004311,0.0],[16.760194,68.004294,0.0],[16.760147,68.004549,0.0],[16.758787,68.004513,0.0],[16.758741,68.004768,0.0],[16.757381,68.004733,0.0],[16.75724,68.005498,0.0],[16.75928,68.005551,0.0],[16.759187,68.006061,0.0],[16.757827,68.006025,0.0],[16.75778,68.00628,0.0],[16.7571,68.006263,0.0],[16.757053,68.006518,0.0],[16.756373,68.0065,0.0],[16.75628,68.00701,0.0],[16.7556,68.006993,0.0],[16.755506,68.007502,0.0],[16.754146,68.007467,0.0],[16.754193,68.007212,0.0],[16.752832,68.007177,0.0],[16.752739,68.007687,0.0],[16.753419,68.007705,0.0],[16.753372,68.00796,0.0],[16.754052,68.007977,0.0],[16.753958,68.008487,0.0],[16.753278,68.008469,0.0],[16.753232,68.008724,0.0],[16.750511,68.008654,0.0],[16.750417,68.009164,0.0],[16.752458,68.009217,0.0],[16.752317,68.009981,0.0],[16.752997,68.009999,0.0],[16.752857,68.010764,0.0],[16.752177,68.010746,0.0],[16.75213,68.011001,0.0],[16.75349,68.011036,0.0],[16.753537,68.010781,0.0],[16.754217,68.010799,0.0],[16.75417,68.011054,0.0],[16.755531,68.011089,0.0],[16.755484,68.011344,0.0],[16.756844,68.011379,0.0],[16.756751,68.011889,0.0],[16.757431,68.011906,0.0],[16.757337,68.012416,0.0],[16.758018,68.012434,0.0],[16.757924,68.012944,0.0],[16.758604,68.012961,0.0],[16.758558,68.013216,0.0],[16.759238,68.013234,0.0],[16.759191,68.013488,0.0],[16.759871,68.013506,0.0],[16.759778,68.014016,0.0],[16.761138,68.014051,0.0],[16.761185,68.013796,0.0],[16.763226,68.013848,0.0],[16.763179,68.014103,0.0],[16.76386,68.014121,0.0],[16.763906,68.013866,0.0],[16.765947,68.013918,0.0],[16.7659,68.014173,0.0],[16.766581,68.014191,0.0],[16.766534,68.014446,0.0],[16.774017,68.014638,0.0],[16.774064,68.014383,0.0],[16.775425,68.014418,0.0],[16.775471,68.014163,0.0],[16.776832,68.014198,0.0],[16.776785,68.014453,0.0],[16.778826,68.014505,0.0],[16.778873,68.014251,0.0],[16.780233,68.014285,0.0],[16.78028,68.01403,0.0],[16.781782,68.014069,0.0],[16.783001,68.0141,0.0],[16.782955,68.014355,0.0],[16.783635,68.014373,0.0],[16.783542,68.014882,0.0],[16.782862,68.014865,0.0],[16.782815,68.01512,0.0],[16.784161,68.015154,0.0],[16.784214,68.014374,0.0],[16.784231,68.014131,0.0],[16.782933,68.012431,0.0],[16.779557,68.009357,0.0],[16.776734,68.007408,0.0],[16.775339,68.006445,0.0],[16.774836,68.006098,0.0],[16.773771,68.005771,0.0],[16.768875,68.004268,0.0]]]}},{"type":"Feature","properties":{"rgi_id":"RGI2000-v7.0-G-08-00894","o1region":"08"},"geometry":{"type":"Polygon","coordinates":[[[16.805565,68.021558,0.0],[16.80527,68.021424,0.0],[16.802299,68.020067,0.0],[16.801963,68.019921,0.0],[16.801768,68.019904,0.0],[16.801756,68.019971,0.0],[16.801712,68.020213,0.0],[16.800351,68.020178,0.0],[16.800304,68.020433,0.0],[16.798263,68.020381,0.0],[16.798309,68.020126,0.0],[16.797629,68.020109,0.0],[16.797675,68.019854,0.0],[16.796995,68.019837,0.0],[16.797087,68.019327,0.0],[16.796407,68.019309,0.0],[16.796453,68.019054,0.0],[16.799969,68.019144,0.0],[16.800073,68.019,0.0],[16.800165,68.018874,0.0],[16.800156,68.018825,0.0],[16.800069,68.01833,0.0],[16.799946,68.017636,0.0],[16.7999,68.017374,0.0],[16.799891,68.017322,0.0],[16.799816,68.017295,0.0],[16.796553,68.016163,0.0],[16.79261,68.015812,0.0],[16.790217,68.01576,0.0],[16.790206,68.015821,0.0],[16.789526,68.015804,0.0],[16.789479,68.016059,0.0],[16.788118,68.016024,0.0],[16.788072,68.016279,0.0],[16.786031,68.016227,0.0],[16.785984,68.016482,0.0],[16.782582,68.016395,0.0],[16.782629,68.01614,0.0],[16.781949,68.016122,0.0],[16.781902,68.016377,0.0],[16.781222,68.01636,0.0],[16.781082,68.017125,0.0],[16.781763,68.017142,0.0],[16.781669,68.017652,0.0],[16.780989,68.017634,0.0],[16.780896,68.018144,0.0],[16.780216,68.018127,0.0],[16.780122,68.018637,0.0],[16.779442,68.018619,0.0],[16.779395,68.018874,0.0],[16.778715,68.018857,0.0],[16.778668,68.019112,0.0],[16.779349,68.019129,0.0],[16.779302,68.019384,0.0],[16.780663,68.019419,0.0],[16.780617,68.019674,0.0],[16.781297,68.019691,0.0],[16.781204,68.020201,0.0],[16.781885,68.020219,0.0],[16.781791,68.020728,0.0],[16.781111,68.020711,0.0],[16.781018,68.021221,0.0],[16.781698,68.021238,0.0],[16.781652,68.021493,0.0],[16.782332,68.021511,0.0],[16.782286,68.021766,0.0],[16.784327,68.021818,0.0],[16.784281,68.022073,0.0],[16.785642,68.022108,0.0],[16.785502,68.022872,0.0],[16.784822,68.022855,0.0],[16.784868,68.0226,0.0],[16.784188,68.022583,0.0],[16.784141,68.022838,0.0],[16.783461,68.02282,0.0],[16.783507,68.022565,0.0],[16.781466,68.022513,0.0],[16.781419,68.022768,0.0],[16.780738,68.02275,0.0],[16.780366,68.02479,0.0],[16.779685,68.024772,0.0],[16.779592,68.025282,0.0],[16.780273,68.0253,0.0],[16.780226,68.025555,0.0],[16.782949,68.025624,0.0],[16.782902,68.025879,0.0],[16.783583,68.025897,0.0],[16.783536,68.026152,0.0],[16.784898,68.026187,0.0],[16.784851,68.026442,0.0],[16.785532,68.026459,0.0],[16.785485,68.026714,0.0],[16.786166,68.026731,0.0],[16.786073,68.027241,0.0],[16.787434,68.027276,0.0],[16.787388,68.027531,0.0],[16.78943,68.027583,0.0],[16.789337,68.028093,0.0],[16.787976,68.028058,0.0],[16.787929,68.028313,0.0],[16.787248,68.028296,0.0],[16.787295,68.028041,0.0],[16.786614,68.028023,0.0],[16.786568,68.028278,0.0],[16.785887,68.028261,0.0],[16.785934,68.028006,0.0],[16.785253,68.027989,0.0],[16.785206,68.028244,0.0],[16.785021,68.028239,0.0],[16.784729,68.028316,0.0],[16.784539,68.028372,0.0],[16.784479,68.028481,0.0],[16.784432,68.028736,0.0],[16.785113,68.028753,0.0],[16.785067,68.029008,0.0],[16.786428,68.029043,0.0],[16.786382,68.029298,0.0],[16.787062,68.029316,0.0],[16.787016,68.02957,0.0],[16.787697,68.029588,0.0],[16.787604,68.030098,0.0],[16.786923,68.03008,0.0],[16.78683,68.03059,0.0],[16.789553,68.03066,0.0],[16.7896,68.030405,0.0],[16.791642,68.030457,0.0],[16.791596,68.030712,0.0],[16.792957,68.030747,0.0],[16.793469,68.030578,0.0],[16.794356,68.0305,0.0],[16.795094,68.030507,0.0],[16.795576,68.030626,0.0],[16.79568,68.030816,0.0],[16.796361,68.030834,0.0],[16.796408,68.030579,0.0],[16.797088,68.030596,0.0],[16.797135,68.030341,0.0],[16.799858,68.030411,0.0],[16.799904,68.030156,0.0],[16.800585,68.030173,0.0],[16.800539,68.030428,0.0],[16.80122,68.030445,0.0],[16.801173,68.0307,0.0],[16.805939,68.030822,0.0],[16.805893,68.031077,0.0],[16.809978,68.031181,0.0],[16.809931,68.031436,0.0],[16.811974,68.031488,0.0],[16.81202,68.031233,0.0],[16.812701,68.03125,0.0],[16.812932,68.029975,0.0],[16.813613,68.029993,0.0],[16.813659,68.029738,0.0],[16.81434,68.029755,0.0],[16.814432,68.029245,0.0],[16.815794,68.02928,0.0],[16.815886,68.02877,0.0],[16.816567,68.028787,0.0],[16.816659,68.028277,0.0],[16.81734,68.028294,0.0],[16.817525,68.027275,0.0],[16.816844,68.027257,0.0],[16.817029,68.026238,0.0],[16.816348,68.02622,0.0],[16.81644,68.02571,0.0],[16.81576,68.025693,0.0],[16.815806,68.025438,0.0],[16.815125,68.025421,0.0],[16.815218,68.024911,0.0],[16.814537,68.024894,0.0],[16.814583,68.024639,0.0],[16.813902,68.024621,0.0],[16.813995,68.024112,0.0],[16.812634,68.024077,0.0],[16.81268,68.023822,0.0],[16.811319,68.023787,0.0],[16.811365,68.023532,0.0],[16.810004,68.023498,0.0],[16.81005,68.023243,0.0],[16.809369,68.023226,0.0],[16.809415,68.022971,0.0],[16.807374,68.022919,0.0],[16.807327,68.023174,0.0],[16.808008,68.023191,0.0],[16.807962,68.023446,0.0],[16.809323,68.023481,0.0],[16.809231,68.02399,0.0],[16.804466,68.023869,0.0],[16.80442,68.024124,0.0],[16.803739,68.024107,0.0],[16.803647,68.024617,0.0],[16.804327,68.024634,0.0],[16.804281,68.024889,0.0],[16.8036,68.024871,0.0],[16.803554,68.025126,0.0],[16.79947,68.025022,0.0],[16.799516,68.024767,0.0],[16.798836,68.02475,0.0],[16.798789,68.025005,0.0],[16.797428,68.02497,0.0],[16.797289,68.025735,0.0],[16.79865,68.02577,0.0],[16.798558,68.02628,0.0],[16.797196,68.026245,0.0],[16.797104,68.026755,0.0],[16.796423,68.026737,0.0],[16.796376,68.026992,0.0],[16.795696,68.026975,0.0],[16.795649,68.02723,0.0],[16.792927,68.02716,0.0],[16.792973,68.026905,0.0],[16.792292,68.026888,0.0],[16.792339,68.026633,0.0],[16.793019,68.02665,0.0],[16.793066,68.026396,0.0],[16.795789,68.026465,0.0],[16.795835,68.02621,0.0],[16.796516,68.026227,0.0],[16.796562,68.025973,0.0],[16.795881,68.025955,0.0],[16.795928,68.0257,0.0],[16.795247,68.025683,0.0],[16.795293,68.025428,0.0],[16.794613,68.025411,0.0],[16.794706,68.024901,0.0],[16.794025,68.024883,0.0],[16.794211,68.023864,0.0],[16.794891,68.023881,0.0],[16.794938,68.023626,0.0],[16.79766,68.023695,0.0],[16.797706,68.023441,0.0],[16.798387,68.023458,0.0],[16.79848,68.022948,0.0],[16.79916,68.022965,0.0],[16.799253,68.022456,0.0],[16.799934,68.022473,0.0],[16.800119,68.021453,0.0],[16.80148,68.021488,0.0],[16.801434,68.021743,0.0],[16.802114,68.02176,0.0],[16.802068,68.022015,0.0],[16.80411,68.022067,0.0],[16.804063,68.022322,0.0],[16.806105,68.022374,0.0],[16.806151,68.022119,0.0],[16.805471,68.022102,0.0],[16.805565,68.021558,0.0]],[[16.782257,68.018179,0.0],[16.782303,68.017924,0.0],[16.782984,68.017942,0.0],[16.78303,68.017687,0.0],[16.784391,68.017722,0.0],[16.784438,68.017467,0.0],[16.785118,68.017484,0.0],[16.785072,68.017739,0.0],[16.785752,68.017756,0.0],[16.785612,68.018521,0.0],[16.782891,68.018451,0.0],[16.782937,68.018197,0.0],[16.782257,68.018179,0.0]],[[16.795371,68.01749,0.0],[16.795417,68.017235,0.0],[16.794737,68.017218,0.0],[16.794783,68.016963,0.0],[16.796144,68.016998,0.0],[16.796051,68.017507,0.0],[16.795371,68.01749,0.0]]]}},{"type":"Feature","properties":{"rgi_id":"RGI2000-v7.0-G-08-00895","o1region":"08"},"geometry":{"type":"Polygon","coordinates":[[[16.8352,68.033357,0.0],[16.835157,68.032886,0.0],[16.835148,68.032791,0.0],[16.835375,68.032503,0.0],[16.836216,68.031433,0.0],[16.836296,68.030948,0.0],[16.835352,68.030032,0.0],[16.835119,68.029804,0.0],[16.835086,68.029773,0.0],[16.834385,68.029643,0.0],[16.83252,68.029299,0.0],[16.831552,68.029187,0.0],[16.831095,68.029135,0.0],[16.830535,68.028976,0.0],[16.830186,68.028876,0.0],[16.828867,68.028843,0.0],[16.828846,68.028959,0.0],[16.828821,68.029098,0.0],[16.824056,68.028977,0.0],[16.824009,68.029232,0.0],[16.823329,68.029215,0.0],[16.823098,68.03049,0.0],[16.822417,68.030472,0.0],[16.822371,68.030727,0.0],[16.82169,68.03071,0.0],[16.821644,68.030965,0.0],[16.820963,68.030948,0.0],[16.820917,68.031203,0.0],[16.820236,68.031185,0.0],[16.820052,68.032205,0.0],[16.819371,68.032188,0.0],[16.819325,68.032443,0.0],[16.818644,68.032425,0.0],[16.818505,68.03319,0.0],[16.819186,68.033208,0.0],[16.81914,68.033462,0.0],[16.820502,68.033497,0.0],[16.820456,68.033752,0.0],[16.821137,68.033769,0.0],[16.821091,68.034024,0.0],[16.832035,68.034302,0.0],[16.833347,68.034335,0.0],[16.833393,68.03408,0.0],[16.834074,68.034097,0.0],[16.834166,68.033587,0.0],[16.834847,68.033604,0.0],[16.834893,68.033349,0.0],[16.8352,68.033357,0.0]]]}},{"type":"Feature","properties":{"rgi_id":"RGI2000-v7.0-G-08-00896","o1region":"08"},"geometry":{"type":"Polygon","coordinates":[[[16.834332,68.04025,0.0],[16.836376,68.040302,0.0],[16.83633,68.040557,0.0],[16.840417,68.04066,0.0],[16.840463,68.040405,0.0],[16.841825,68.040439,0.0],[16.841917,68.03993,0.0],[16.843279,68.039964,0.0],[16.843371,68.039454,0.0],[16.844052,68.039471,0.0],[16.844098,68.039216,0.0],[16.843417,68.039199,0.0],[16.843508,68.038689,0.0],[16.84419,68.038706,0.0],[16.844235,68.038451,0.0],[16.843554,68.038434,0.0],[16.8436,68.038179,0.0],[16.840876,68.038111,0.0],[16.84083,68.038365,0.0],[16.840149,68.038348,0.0],[16.840195,68.038093,0.0],[16.838833,68.038059,0.0],[16.838879,68.037804,0.0],[16.838198,68.037787,0.0],[16.838152,68.038042,0.0],[16.837471,68.038025,0.0],[16.837379,68.038534,0.0],[16.840103,68.038603,0.0],[16.840011,68.039113,0.0],[16.838649,68.039079,0.0],[16.838603,68.039334,0.0],[16.833835,68.039213,0.0],[16.833743,68.039723,0.0],[16.834424,68.03974,0.0],[16.834332,68.04025,0.0]]]}},{"type":"Feature","properties":{"rgi_id":"RGI2000-v7.0-G-08-00897","o1region":"08"},"geometry":{"type":"Polygon","coordinates":[[[16.877526,68.024434,0.0],[16.878142,68.024534,0.0],[16.879075,68.024557,0.0],[16.880014,68.024556,0.0],[16.880248,68.024502,0.0],[16.88161,68.024536,0.0],[16.881564,68.024791,0.0],[16.886329,68.02491,0.0],[16.886284,68.025165,0.0],[16.887566,68.025197,0.0],[16.887487,68.025076,0.0],[16.883444,68.023895,0.0],[16.881572,68.023349,0.0],[16.875139,68.020724,0.0],[16.871284,68.019101,0.0],[16.871073,68.019013,0.0],[16.869679,68.018459,0.0],[16.869269,68.018297,0.0],[16.864804,68.017597,0.0],[16.864408,68.017535,0.0],[16.86013,68.017256,0.0],[16.85993,68.017224,0.0],[16.858472,68.016989,0.0],[16.850007,68.014889,0.0],[16.849012,68.014642,0.0],[16.841755,68.012849,0.0],[16.838887,68.01214,0.0],[16.837274,68.011736,0.0],[16.8331,68.010692,0.0],[16.83222,68.010604,0.0],[16.831852,68.010567,0.0],[16.831361,68.010518,0.0],[16.827983,68.011217,0.0],[16.825588,68.011712,0.0],[16.82366,68.012111,0.0],[16.817274,68.01332,0.0],[16.81447,68.014387,0.0],[16.813961,68.014581,0.0],[16.812832,68.014701,0.0],[16.809202,68.015087,0.0],[16.807268,68.015294,0.0],[16.805443,68.015489,0.0],[16.803887,68.016239,0.0],[16.803193,68.016573,0.0],[16.800833,68.017108,0.0],[16.799891,68.017322,0.0],[16.7999,68.017374,0.0],[16.799946,68.017636,0.0],[16.800069,68.01833,0.0],[16.800156,68.018825,0.0],[16.800165,68.018874,0.0],[16.800073,68.019,0.0],[16.799969,68.019144,0.0],[16.80007,68.019147,0.0],[16.801217,68.019176,0.0],[16.80117,68.019431,0.0],[16.801851,68.019448,0.0],[16.801768,68.019904,0.0],[16.801963,68.019921,0.0],[16.802299,68.020067,0.0],[16.80527,68.021424,0.0],[16.805565,68.021558,0.0],[16.80561,68.021337,0.0],[16.806971,68.021372,0.0],[16.806924,68.021627,0.0],[16.807605,68.021644,0.0],[16.807559,68.021899,0.0],[16.808239,68.021916,0.0],[16.808193,68.022171,0.0],[16.809554,68.022206,0.0],[16.809508,68.022461,0.0],[16.815633,68.022617,0.0],[16.815587,68.022871,0.0],[16.816268,68.022889,0.0],[16.816221,68.023144,0.0],[16.816902,68.023161,0.0],[16.816948,68.022906,0.0],[16.818309,68.022941,0.0],[16.818263,68.023196,0.0],[16.818944,68.023213,0.0],[16.818898,68.023468,0.0],[16.819578,68.023485,0.0],[16.819624,68.02323,0.0],[16.820305,68.023247,0.0],[16.820259,68.023502,0.0],[16.822301,68.023554,0.0],[16.822255,68.023809,0.0],[16.822935,68.023826,0.0],[16.822843,68.024336,0.0],[16.822163,68.024319,0.0],[16.822116,68.024574,0.0],[16.821436,68.024557,0.0],[16.82139,68.024812,0.0],[16.820709,68.024794,0.0],[16.820432,68.026324,0.0],[16.821794,68.026359,0.0],[16.821748,68.026614,0.0],[16.822428,68.026631,0.0],[16.822336,68.027141,0.0],[16.823017,68.027158,0.0],[16.822971,68.027413,0.0],[16.824332,68.027447,0.0],[16.824286,68.027702,0.0],[16.824967,68.02772,0.0],[16.824921,68.027975,0.0],[16.825601,68.027992,0.0],[16.825555,68.028247,0.0],[16.831682,68.028402,0.0],[16.831636,68.028657,0.0],[16.830955,68.02864,0.0],[16.830909,68.028895,0.0],[16.830186,68.028876,0.0],[16.830535,68.028976,0.0],[16.831095,68.029135,0.0],[16.831552,68.029187,0.0],[16.83252,68.029299,0.0],[16.834385,68.029643,0.0],[16.835086,68.029773,0.0],[16.835119,68.029804,0.0],[16.835352,68.030032,0.0],[16.836296,68.030948,0.0],[16.836216,68.031433,0.0],[16.835375,68.032503,0.0],[16.835148,68.032791,0.0],[16.835157,68.032886,0.0],[16.8352,68.033357,0.0],[16.836936,68.033401,0.0],[16.836844,68.033911,0.0],[16.836163,68.033894,0.0],[16.836071,68.034404,0.0],[16.836752,68.034421,0.0],[16.836706,68.034676,0.0],[16.837387,68.034693,0.0],[16.837341,68.034948,0.0],[16.838703,68.034982,0.0],[16.838657,68.035237,0.0],[16.839338,68.035254,0.0],[16.839292,68.035509,0.0],[16.839973,68.035527,0.0],[16.839927,68.035782,0.0],[16.844013,68.035885,0.0],[16.843967,68.03614,0.0],[16.848054,68.036243,0.0],[16.848008,68.036498,0.0],[16.850732,68.036566,0.0],[16.851169,68.036722,0.0],[16.851568,68.036779,0.0],[16.852048,68.036856,0.0],[16.852729,68.036873,0.0],[16.852775,68.036618,0.0],[16.853456,68.036635,0.0],[16.853502,68.03638,0.0],[16.854183,68.036397,0.0],[16.854228,68.036142,0.0],[16.854909,68.036159,0.0],[16.855093,68.035139,0.0],[16.854412,68.035122,0.0],[16.854457,68.034867,0.0],[16.853776,68.03485,0.0],[16.853914,68.034085,0.0],[16.856638,68.034154,0.0],[16.856592,68.034409,0.0],[16.857273,68.034426,0.0],[16.857319,68.034171,0.0],[16.862085,68.034291,0.0],[16.862222,68.033526,0.0],[16.865627,68.033611,0.0],[16.865718,68.033102,0.0],[16.869123,68.033187,0.0],[16.869169,68.032932,0.0],[16.873254,68.033034,0.0],[16.873345,68.032524,0.0],[16.874026,68.032542,0.0],[16.874163,68.031777,0.0],[16.873482,68.03176,0.0],[16.873573,68.03125,0.0],[16.872892,68.031233,0.0],[16.873029,68.030468,0.0],[16.87371,68.030485,0.0],[16.873801,68.029975,0.0],[16.874482,68.029992,0.0],[16.874573,68.029482,0.0],[16.875254,68.029499,0.0],[16.875299,68.029244,0.0],[16.87598,68.029261,0.0],[16.876071,68.028751,0.0],[16.876752,68.028768,0.0],[16.876889,68.028003,0.0],[16.876208,68.027986,0.0],[16.876253,68.027731,0.0],[16.876934,68.027748,0.0],[16.87698,68.027493,0.0],[16.87766,68.02751,0.0],[16.877751,68.027001,0.0],[16.875028,68.026932,0.0],[16.875074,68.026677,0.0],[16.874393,68.02666,0.0],[16.874439,68.026405,0.0],[16.873758,68.026388,0.0],[16.87394,68.025368,0.0],[16.871898,68.025317,0.0],[16.871943,68.025062,0.0],[16.86854,68.024977,0.0],[16.868586,68.024722,0.0],[16.867905,68.024705,0.0],[16.86795,68.02445,0.0],[16.868631,68.024467,0.0],[16.868677,68.024212,0.0],[16.869357,68.024229,0.0],[16.869403,68.023974,0.0],[16.871445,68.024025,0.0],[16.871399,68.02428,0.0],[16.877526,68.024434,0.0]]]}},{"type":"Feature","properties":{"rgi_id":"RGI2000-v7.0-G-08-00898","o1region":"08"},"geometry":{"type":"Polygon","coordinates":[[[16.918464,68.063611,0.0],[16.914372,68.06351,0.0],[16.914327,68.063765,0.0],[16.907509,68.063596,0.0],[16.907463,68.063851,0.0],[16.9061,68.063817,0.0],[16.906054,68.064072,0.0],[16.904009,68.064021,0.0],[16.903963,68.064276,0.0],[16.9026,68.064242,0.0],[16.902554,68.064497,0.0],[16.901872,68.06448,0.0],[16.901827,68.064735,0.0],[16.901145,68.064718,0.0],[16.9011,68.064973,0.0],[16.901782,68.06499,0.0],[16.901691,68.0655,0.0],[16.902373,68.065517,0.0],[16.902328,68.065772,0.0],[16.901646,68.065755,0.0],[16.9016,68.06601,0.0],[16.900918,68.065993,0.0],[16.900873,68.066248,0.0],[16.900191,68.066231,0.0],[16.900146,68.066486,0.0],[16.899464,68.066469,0.0],[16.899418,68.066724,0.0],[16.9001,68.066741,0.0],[16.900055,68.066996,0.0],[16.899373,68.066979,0.0],[16.899328,68.067234,0.0],[16.898646,68.067217,0.0],[16.8986,68.067472,0.0],[16.897236,68.067438,0.0],[16.897327,68.066928,0.0],[16.896645,68.066911,0.0],[16.896691,68.066656,0.0],[16.895327,68.066623,0.0],[16.895281,68.066877,0.0],[16.895963,68.066894,0.0],[16.895873,68.067404,0.0],[16.896555,68.067421,0.0],[16.896509,68.067676,0.0],[16.897191,68.067693,0.0],[16.8971,68.068203,0.0],[16.898464,68.068237,0.0],[16.898419,68.068492,0.0],[16.899101,68.068509,0.0],[16.899146,68.068254,0.0],[16.90051,68.068288,0.0],[16.900556,68.068033,0.0],[16.904648,68.068135,0.0],[16.904602,68.06839,0.0],[16.905966,68.068424,0.0],[16.905921,68.068679,0.0],[16.906603,68.068695,0.0],[16.906558,68.06895,0.0],[16.90724,68.068967,0.0],[16.907104,68.069732,0.0],[16.906422,68.069715,0.0],[16.906332,68.070225,0.0],[16.907014,68.070242,0.0],[16.906968,68.070497,0.0],[16.908332,68.070531,0.0],[16.908378,68.070276,0.0],[16.90906,68.070293,0.0],[16.909241,68.069273,0.0],[16.910605,68.069307,0.0],[16.91056,68.069562,0.0],[16.911242,68.069579,0.0],[16.911196,68.069834,0.0],[16.910514,68.069817,0.0],[16.910469,68.070072,0.0],[16.911151,68.070089,0.0],[16.911106,68.070344,0.0],[16.91247,68.070378,0.0],[16.912515,68.070123,0.0],[16.91388,68.070156,0.0],[16.914015,68.069391,0.0],[16.914697,68.069408,0.0],[16.914788,68.068898,0.0],[16.916152,68.068932,0.0],[16.916106,68.069187,0.0],[16.918153,68.069238,0.0],[16.918243,68.068728,0.0],[16.918925,68.068745,0.0],[16.91897,68.06849,0.0],[16.919652,68.068507,0.0],[16.919833,68.067487,0.0],[16.917787,68.067436,0.0],[16.917741,68.067691,0.0],[16.917059,68.067674,0.0],[16.917014,68.067929,0.0],[16.916332,68.067912,0.0],[16.916287,68.068167,0.0],[16.915605,68.06815,0.0],[16.915695,68.06764,0.0],[16.915013,68.067624,0.0],[16.915059,68.067369,0.0],[16.915741,68.067385,0.0],[16.915831,68.066875,0.0],[16.916513,68.066892,0.0],[16.916558,68.066637,0.0],[16.91724,68.066654,0.0],[16.917285,68.066399,0.0],[16.918649,68.066433,0.0],[16.918739,68.065923,0.0],[16.920103,68.065957,0.0],[16.920148,68.065702,0.0],[16.92083,68.065719,0.0],[16.920785,68.065974,0.0],[16.921467,68.065991,0.0],[16.921422,68.066246,0.0],[16.922786,68.066279,0.0],[16.922831,68.066024,0.0],[16.923513,68.066041,0.0],[16.923558,68.065786,0.0],[16.924922,68.06582,0.0],[16.924967,68.065565,0.0],[16.926331,68.065599,0.0],[16.926376,68.065344,0.0],[16.927058,68.06536,0.0],[16.927103,68.065106,0.0],[16.926421,68.065089,0.0],[16.926466,68.064834,0.0],[16.925784,68.064817,0.0],[16.925829,68.064562,0.0],[16.924466,68.064528,0.0],[16.924511,68.064273,0.0],[16.923829,68.064256,0.0],[16.923784,68.064511,0.0],[16.91901,68.064393,0.0],[16.918965,68.064648,0.0],[16.917601,68.064614,0.0],[16.917692,68.064105,0.0],[16.919055,68.064138,0.0],[16.919101,68.063883,0.0],[16.918419,68.063866,0.0],[16.918464,68.063611,0.0]]]}},{"type":"Feature","properties":{"rgi_id":"RGI2000-v7.0-G-08-00899","o1region":"08"},"geometry":{"type":"Polygon","coordinates":[[[16.899496,68.070138,0.0],[16.899107,68.070227,0.0],[16.898778,68.070326,0.0],[16.897804,68.070616,0.0],[16.89743,68.070834,0.0],[16.894695,68.07243,0.0],[16.894584,68.072494,0.0],[16.894964,68.072504,0.0],[16.894919,68.072759,0.0],[16.895601,68.072776,0.0],[16.895556,68.073031,0.0],[16.896238,68.073048,0.0],[16.896147,68.073558,0.0],[16.893132,68.073483,0.0],[16.892968,68.073612,0.0],[16.892436,68.073975,0.0],[16.892014,68.075191,0.0],[16.892055,68.075599,0.0],[16.892071,68.075761,0.0],[16.893692,68.075801,0.0],[16.893646,68.076056,0.0],[16.894329,68.076073,0.0],[16.894374,68.075818,0.0],[16.895056,68.075835,0.0],[16.895011,68.07609,0.0],[16.896375,68.076124,0.0],[16.89633,68.076379,0.0],[16.897012,68.076396,0.0],[16.896967,68.076651,0.0],[16.899013,68.076702,0.0],[16.899059,68.076447,0.0],[16.900423,68.076481,0.0],[16.900514,68.075971,0.0],[16.901879,68.076005,0.0],[16.901924,68.07575,0.0],[16.903288,68.075784,0.0],[16.903379,68.075274,0.0],[16.902015,68.07524,0.0],[16.90206,68.074985,0.0],[16.900013,68.074934,0.0],[16.900149,68.074169,0.0],[16.899467,68.074152,0.0],[16.899513,68.073897,0.0],[16.897466,68.073846,0.0],[16.897557,68.073337,0.0],[16.900285,68.073404,0.0],[16.90024,68.073659,0.0],[16.902969,68.073727,0.0],[16.903059,68.073217,0.0],[16.902377,68.0732,0.0],[16.902468,68.07269,0.0],[16.901786,68.072673,0.0],[16.901831,68.072418,0.0],[16.902513,68.072435,0.0],[16.902559,68.07218,0.0],[16.900512,68.07213,0.0],[16.900558,68.071875,0.0],[16.899875,68.071858,0.0],[16.899921,68.071603,0.0],[16.899239,68.071586,0.0],[16.899284,68.071331,0.0],[16.898602,68.071314,0.0],[16.898738,68.070549,0.0],[16.900102,68.070583,0.0],[16.900057,68.070838,0.0],[16.901421,68.070872,0.0],[16.901512,68.070362,0.0],[16.899466,68.070311,0.0],[16.899496,68.070138,0.0]]]}},{"type":"Feature","properties":{"rgi_id":"RGI2000-v7.0-G-08-00900","o1region":"08"},"geometry":{"type":"Polygon","coordinates":[[[16.893132,68.073483,0.0],[16.892736,68.073473,0.0],[16.892782,68.073218,0.0],[16.8921,68.073201,0.0],[16.892145,68.072946,0.0],[16.891463,68.072929,0.0],[16.891508,68.072674,0.0],[16.892188,68.07268,0.0],[16.892236,68.072436,0.0],[16.892839,68.072451,0.0],[16.894584,68.072494,0.0],[16.894695,68.07243,0.0],[16.89743,68.070834,0.0],[16.897804,68.070616,0.0],[16.898778,68.070326,0.0],[16.899107,68.070227,0.0],[16.899496,68.070138,0.0],[16.899511,68.070056,0.0],[16.898147,68.070022,0.0],[16.898192,68.069767,0.0],[16.896828,68.069733,0.0],[16.896873,68.069478,0.0],[16.895509,68.069444,0.0],[16.895555,68.069189,0.0],[16.894873,68.069172,0.0],[16.894918,68.068917,0.0],[16.893554,68.068883,0.0],[16.893645,68.068373,0.0],[16.890917,68.068305,0.0],[16.890781,68.06907,0.0],[16.891463,68.069087,0.0],[16.891417,68.069342,0.0],[16.893463,68.069393,0.0],[16.893418,68.069648,0.0],[16.8941,68.069665,0.0],[16.894054,68.06992,0.0],[16.894737,68.069937,0.0],[16.894691,68.070192,0.0],[16.894009,68.070175,0.0],[16.893964,68.07043,0.0],[16.889189,68.070311,0.0],[16.889235,68.070056,0.0],[16.887189,68.070005,0.0],[16.887234,68.06975,0.0],[16.885893,68.070155,0.0],[16.885006,68.070719,0.0],[16.88464,68.071229,0.0],[16.884973,68.071487,0.0],[16.885551,68.071501,0.0],[16.885415,68.072266,0.0],[16.884733,68.072249,0.0],[16.884596,68.073014,0.0],[16.885278,68.073031,0.0],[16.885233,68.073286,0.0],[16.884551,68.073269,0.0],[16.884505,68.073524,0.0],[16.883823,68.073507,0.0],[16.883732,68.074017,0.0],[16.885096,68.074051,0.0],[16.885051,68.074306,0.0],[16.886415,68.07434,0.0],[16.886369,68.074595,0.0],[16.887052,68.074612,0.0],[16.887006,68.074867,0.0],[16.887688,68.074884,0.0],[16.887643,68.075138,0.0],[16.889007,68.075172,0.0],[16.888962,68.075427,0.0],[16.890326,68.075461,0.0],[16.890281,68.075716,0.0],[16.890963,68.075733,0.0],[16.891008,68.075478,0.0],[16.891691,68.075495,0.0],[16.891645,68.07575,0.0],[16.892071,68.075761,0.0],[16.892055,68.075599,0.0],[16.892014,68.075191,0.0],[16.892436,68.073975,0.0],[16.892968,68.073612,0.0],[16.893132,68.073483,0.0]]]}},{"type":"Feature","properties":{"rgi_id":"RGI2000-v7.0-G-08-00901","o1region":"08"},"geometry":{"type":"Polygon","coordinates":[[[16.895285,68.082243,0.0],[16.893238,68.082193,0.0],[16.893193,68.082447,0.0],[16.89251,68.082431,0.0],[16.892465,68.082685,0.0],[16.8911,68.082651,0.0],[16.891054,68.082906,0.0],[16.889689,68.082872,0.0],[16.889644,68.083127,0.0],[16.887597,68.083076,0.0],[16.887506,68.083586,0.0],[16.888188,68.083603,0.0],[16.888143,68.083858,0.0],[16.888825,68.083875,0.0],[16.888779,68.08413,0.0],[16.891509,68.084198,0.0],[16.891464,68.084453,0.0],[16.894194,68.084521,0.0],[16.894148,68.084776,0.0],[16.895513,68.08481,0.0],[16.895468,68.085065,0.0],[16.896833,68.085099,0.0],[16.896878,68.084844,0.0],[16.898243,68.084878,0.0],[16.898289,68.084623,0.0],[16.898971,68.08464,0.0],[16.899017,68.084385,0.0],[16.899699,68.084402,0.0],[16.899744,68.084147,0.0],[16.901109,68.084181,0.0],[16.9012,68.083671,0.0],[16.901883,68.083688,0.0],[16.902019,68.082923,0.0],[16.901336,68.082906,0.0],[16.901382,68.082651,0.0],[16.900699,68.082634,0.0],[16.900654,68.082889,0.0],[16.899971,68.082872,0.0],[16.899926,68.083127,0.0],[16.899244,68.08311,0.0],[16.899198,68.083365,0.0],[16.898516,68.083348,0.0],[16.898561,68.083093,0.0],[16.896514,68.083042,0.0],[16.896559,68.082787,0.0],[16.895877,68.08277,0.0],[16.895922,68.082515,0.0],[16.89524,68.082498,0.0],[16.895285,68.082243,0.0]]]}},{"type":"Feature","properties":{"rgi_id":"RGI2000-v7.0-G-08-00902","o1region":"08"},"geometry":{"type":"Polygon","coordinates":[[[16.92783,68.092013,0.0],[16.925781,68.091962,0.0],[16.925736,68.092217,0.0],[16.925054,68.0922,0.0],[16.925008,68.092455,0.0],[16.924326,68.092439,0.0],[16.924281,68.092694,0.0],[16.92155,68.092626,0.0],[16.921595,68.092371,0.0],[16.920912,68.092354,0.0],[16.920957,68.092099,0.0],[16.920274,68.092082,0.0],[16.920365,68.091573,0.0],[16.918999,68.091539,0.0],[16.918819,68.092559,0.0],[16.918136,68.092542,0.0],[16.918045,68.093052,0.0],[16.913949,68.09295,0.0],[16.913994,68.092695,0.0],[16.913311,68.092679,0.0],[16.913357,68.092424,0.0],[16.911309,68.092373,0.0],[16.911263,68.092628,0.0],[16.91058,68.092611,0.0],[16.910535,68.092866,0.0],[16.911218,68.092883,0.0],[16.911173,68.093138,0.0],[16.913221,68.093188,0.0],[16.913176,68.093443,0.0],[16.915224,68.093494,0.0],[16.915179,68.093749,0.0],[16.917227,68.0938,0.0],[16.917272,68.093545,0.0],[16.917955,68.093562,0.0],[16.918,68.093307,0.0],[16.921414,68.093391,0.0],[16.921369,68.093646,0.0],[16.9241,68.093713,0.0],[16.924055,68.093968,0.0],[16.924738,68.093985,0.0],[16.924647,68.094495,0.0],[16.92533,68.094512,0.0],[16.925285,68.094767,0.0],[16.927333,68.094818,0.0],[16.927288,68.095073,0.0],[16.927971,68.095089,0.0],[16.927926,68.095344,0.0],[16.928609,68.095361,0.0],[16.928564,68.095616,0.0],[16.929247,68.095633,0.0],[16.929202,68.095888,0.0],[16.929884,68.095905,0.0],[16.929839,68.09616,0.0],[16.933254,68.096244,0.0],[16.933299,68.095989,0.0],[16.933981,68.096006,0.0],[16.934072,68.095496,0.0],[16.937486,68.09558,0.0],[16.937531,68.095325,0.0],[16.938214,68.095342,0.0],[16.938259,68.095087,0.0],[16.938941,68.095104,0.0],[16.938986,68.094849,0.0],[16.938304,68.094832,0.0],[16.938349,68.094577,0.0],[16.936983,68.094543,0.0],[16.937118,68.093778,0.0],[16.937801,68.093795,0.0],[16.937846,68.09354,0.0],[16.937163,68.093523,0.0],[16.937208,68.093268,0.0],[16.936525,68.093252,0.0],[16.93657,68.092997,0.0],[16.935887,68.09298,0.0],[16.935932,68.092725,0.0],[16.933201,68.092658,0.0],[16.933156,68.092912,0.0],[16.932474,68.092896,0.0],[16.932383,68.093406,0.0],[16.931018,68.093372,0.0],[16.931063,68.093117,0.0],[16.929697,68.093083,0.0],[16.929743,68.092828,0.0],[16.928377,68.092795,0.0],[16.928467,68.092285,0.0],[16.927784,68.092268,0.0],[16.92783,68.092013,0.0]]]}},{"type":"Feature","properties":{"rgi_id":"RGI2000-v7.0-G-08-00903","o1region":"08"},"geometry":{"type":"Polygon","coordinates":[[[16.953517,68.093724,0.0],[16.952918,68.092935,0.0],[16.950548,68.092024,0.0],[16.948653,68.09161,0.0],[16.945975,68.091452,0.0],[16.943484,68.09143,0.0],[16.943066,68.091604,0.0],[16.943632,68.091985,0.0],[16.944125,68.092378,0.0],[16.944455,68.092898,0.0],[16.944421,68.093291,0.0],[16.944827,68.093576,0.0],[16.945772,68.093599,0.0],[16.947754,68.09332,0.0],[16.949985,68.093427,0.0],[16.951744,68.093615,0.0],[16.952445,68.094026,0.0],[16.953476,68.094156,0.0],[16.953517,68.093724,0.0]]]}},{"type":"Feature","properties":{"rgi_id":"RGI2000-v7.0-G-08-00904","o1region":"08"},"geometry":{"type":"Polygon","coordinates":[[[16.95326,68.087773,0.0],[16.951212,68.087722,0.0],[16.951167,68.087977,0.0],[16.947754,68.087894,0.0],[16.947709,68.088149,0.0],[16.947027,68.088132,0.0],[16.946982,68.088387,0.0],[16.946299,68.08837,0.0],[16.946254,68.088625,0.0],[16.943524,68.088558,0.0],[16.943389,68.089323,0.0],[16.944072,68.08934,0.0],[16.944027,68.089595,0.0],[16.944709,68.089611,0.0],[16.944665,68.089866,0.0],[16.946713,68.089917,0.0],[16.946757,68.089662,0.0],[16.94744,68.089679,0.0],[16.947485,68.089424,0.0],[16.949533,68.089474,0.0],[16.949623,68.088964,0.0],[16.950988,68.088997,0.0],[16.950943,68.089252,0.0],[16.951626,68.089269,0.0],[16.951581,68.089524,0.0],[16.952264,68.089541,0.0],[16.952219,68.089796,0.0],[16.952902,68.089813,0.0],[16.952812,68.090323,0.0],[16.953495,68.090339,0.0],[16.95345,68.090594,0.0],[16.954133,68.090611,0.0],[16.954088,68.090866,0.0],[16.958867,68.090983,0.0],[16.958956,68.090473,0.0],[16.958274,68.090456,0.0],[16.958318,68.090201,0.0],[16.956953,68.090168,0.0],[16.956998,68.089913,0.0],[16.956315,68.089896,0.0],[16.956405,68.089386,0.0],[16.955722,68.089369,0.0],[16.955856,68.088605,0.0],[16.955174,68.088588,0.0],[16.955218,68.088333,0.0],[16.954536,68.088316,0.0],[16.954581,68.088061,0.0],[16.953215,68.088028,0.0],[16.95326,68.087773,0.0]]]}},{"type":"Feature","properties":{"rgi_id":"RGI2000-v7.0-G-08-00905","o1region":"08"},"geometry":{"type":"Polygon","coordinates":[[[16.964706,68.081139,0.0],[16.961294,68.081055,0.0],[16.961249,68.08131,0.0],[16.960567,68.081293,0.0],[16.960522,68.081548,0.0],[16.959839,68.081532,0.0],[16.959705,68.082297,0.0],[16.95834,68.082263,0.0],[16.958296,68.082518,0.0],[16.957613,68.082502,0.0],[16.957568,68.082757,0.0],[16.956886,68.08274,0.0],[16.956931,68.082485,0.0],[16.954883,68.082435,0.0],[16.954838,68.08269,0.0],[16.954156,68.082673,0.0],[16.954066,68.083183,0.0],[16.954749,68.0832,0.0],[16.954704,68.083455,0.0],[16.955387,68.083471,0.0],[16.955342,68.083726,0.0],[16.956024,68.083743,0.0],[16.95598,68.083998,0.0],[16.956662,68.084015,0.0],[16.956528,68.08478,0.0],[16.955845,68.084763,0.0],[16.955711,68.085528,0.0],[16.957759,68.085578,0.0],[16.957938,68.084558,0.0],[16.959303,68.084592,0.0],[16.959258,68.084847,0.0],[16.95994,68.084863,0.0],[16.959896,68.085118,0.0],[16.961261,68.085152,0.0],[16.961216,68.085407,0.0],[16.961899,68.085423,0.0],[16.961854,68.085678,0.0],[16.962537,68.085695,0.0],[16.962492,68.08595,0.0],[16.963174,68.085967,0.0],[16.963219,68.085712,0.0],[16.963902,68.085728,0.0],[16.963946,68.085473,0.0],[16.964629,68.08549,0.0],[16.964718,68.08498,0.0],[16.965401,68.084997,0.0],[16.965446,68.084742,0.0],[16.966128,68.084759,0.0],[16.966173,68.084504,0.0],[16.966855,68.08452,0.0],[16.966989,68.083755,0.0],[16.966307,68.083739,0.0],[16.966396,68.083229,0.0],[16.965714,68.083212,0.0],[16.965847,68.082447,0.0],[16.965165,68.08243,0.0],[16.965254,68.08192,0.0],[16.964572,68.081904,0.0],[16.964706,68.081139,0.0]],[[16.961025,68.082585,0.0],[16.960936,68.083095,0.0],[16.961619,68.083112,0.0],[16.961574,68.083367,0.0],[16.964304,68.083434,0.0],[16.964259,68.083689,0.0],[16.964942,68.083705,0.0],[16.964897,68.08396,0.0],[16.964214,68.083944,0.0],[16.96417,68.084199,0.0],[16.962805,68.084165,0.0],[16.962849,68.08391,0.0],[16.960802,68.08386,0.0],[16.960847,68.083605,0.0],[16.959482,68.083572,0.0],[16.95966,68.082552,0.0],[16.961025,68.082585,0.0]]]}},{"type":"Feature","properties":{"rgi_id":"RGI2000-v7.0-G-08-00906","o1region":"08"},"geometry":{"type":"Polygon","coordinates":[[[16.965644,68.075784,0.0],[16.964961,68.075767,0.0],[16.964872,68.076277,0.0],[16.96419,68.07626,0.0],[16.964145,68.076515,0.0],[16.964827,68.076532,0.0],[16.964783,68.076787,0.0],[16.9641,68.07677,0.0],[16.963877,68.078045,0.0],[16.963195,68.078029,0.0],[16.96315,68.078284,0.0],[16.963832,68.0783,0.0],[16.963475,68.08034,0.0],[16.964157,68.080357,0.0],[16.964113,68.080612,0.0],[16.96616,68.080662,0.0],[16.966026,68.081427,0.0],[16.968073,68.081477,0.0],[16.968163,68.080967,0.0],[16.96748,68.08095,0.0],[16.96757,68.08044,0.0],[16.966205,68.080407,0.0],[16.966383,68.079387,0.0],[16.967066,68.079404,0.0],[16.967512,68.076854,0.0],[16.968194,68.076871,0.0],[16.968283,68.076361,0.0],[16.966919,68.076327,0.0],[16.966874,68.076582,0.0],[16.966192,68.076566,0.0],[16.966281,68.076056,0.0],[16.965599,68.076039,0.0],[16.965644,68.075784,0.0]]]}},{"type":"Feature","properties":{"rgi_id":"RGI2000-v7.0-G-08-00907","o1region":"08"},"geometry":{"type":"Polygon","coordinates":[[[16.981396,68.079753,0.0],[16.981441,68.079498,0.0],[16.982123,68.079515,0.0],[16.982212,68.079005,0.0],[16.982894,68.079022,0.0],[16.982939,68.078767,0.0],[16.983621,68.078783,0.0],[16.98371,68.078273,0.0],[16.984392,68.07829,0.0],[16.984437,68.078035,0.0],[16.985119,68.078052,0.0],[16.985164,68.077797,0.0],[16.985846,68.077813,0.0],[16.985935,68.077303,0.0],[16.986617,68.07732,0.0],[16.986662,68.077065,0.0],[16.988026,68.077098,0.0],[16.988071,68.076843,0.0],[16.987388,68.076826,0.0],[16.987433,68.076571,0.0],[16.98675,68.076555,0.0],[16.986795,68.0763,0.0],[16.987477,68.076316,0.0],[16.987522,68.076061,0.0],[16.989568,68.076111,0.0],[16.989657,68.075601,0.0],[16.99034,68.075618,0.0],[16.990412,68.075363,0.0],[16.99023,68.074714,0.0],[16.990218,68.074078,0.0],[16.989241,68.074055,0.0],[16.989463,68.07278,0.0],[16.988781,68.072763,0.0],[16.988825,68.072508,0.0],[16.988143,68.072491,0.0],[16.988187,68.072236,0.0],[16.987505,68.07222,0.0],[16.98755,68.071965,0.0],[16.988232,68.071981,0.0],[16.988409,68.070961,0.0],[16.987727,68.070945,0.0],[16.987772,68.07069,0.0],[16.988454,68.070706,0.0],[16.988587,68.069941,0.0],[16.989269,68.069958,0.0],[16.989358,68.069448,0.0],[16.99004,68.069465,0.0],[16.990173,68.0687,0.0],[16.989491,68.068683,0.0],[16.989579,68.068173,0.0],[16.988897,68.068156,0.0],[16.988942,68.067901,0.0],[16.98826,68.067885,0.0],[16.988304,68.06763,0.0],[16.987622,68.067613,0.0],[16.987666,68.067358,0.0],[16.982892,68.067242,0.0],[16.982848,68.067497,0.0],[16.982166,68.06748,0.0],[16.982121,68.067735,0.0],[16.982803,68.067752,0.0],[16.982759,68.068007,0.0],[16.983441,68.068024,0.0],[16.983308,68.068789,0.0],[16.982625,68.068772,0.0],[16.982537,68.069282,0.0],[16.981854,68.069265,0.0],[16.981721,68.07003,0.0],[16.981039,68.070014,0.0],[16.980728,68.071799,0.0],[16.98141,68.071815,0.0],[16.981232,68.072835,0.0],[16.98055,68.072819,0.0],[16.980505,68.073074,0.0],[16.979823,68.073057,0.0],[16.979779,68.073312,0.0],[16.979097,68.073295,0.0],[16.979141,68.07304,0.0],[16.978459,68.073024,0.0],[16.978681,68.071749,0.0],[16.977999,68.071732,0.0],[16.978133,68.070967,0.0],[16.97745,68.070951,0.0],[16.977539,68.070441,0.0],[16.976857,68.070424,0.0],[16.97708,68.069149,0.0],[16.976398,68.069132,0.0],[16.97662,68.067857,0.0],[16.977302,68.067874,0.0],[16.977658,68.065834,0.0],[16.97834,68.065851,0.0],[16.978474,68.065086,0.0],[16.977792,68.065069,0.0],[16.977747,68.065324,0.0],[16.977065,68.065307,0.0],[16.976976,68.065817,0.0],[16.976294,68.065801,0.0],[16.97625,68.066056,0.0],[16.975568,68.066039,0.0],[16.975523,68.066294,0.0],[16.974841,68.066278,0.0],[16.974797,68.066533,0.0],[16.973433,68.066499,0.0],[16.973388,68.066754,0.0],[16.972706,68.066738,0.0],[16.972751,68.066483,0.0],[16.972069,68.066466,0.0],[16.972202,68.065701,0.0],[16.970838,68.065668,0.0],[16.970705,68.066433,0.0],[16.971387,68.066449,0.0],[16.971297,68.066959,0.0],[16.970615,68.066943,0.0],[16.970214,68.069238,0.0],[16.969532,68.069221,0.0],[16.969488,68.069476,0.0],[16.968806,68.069459,0.0],[16.968627,68.070479,0.0],[16.969309,68.070496,0.0],[16.969265,68.070751,0.0],[16.970629,68.070784,0.0],[16.970584,68.071039,0.0],[16.971267,68.071056,0.0],[16.971133,68.071821,0.0],[16.970451,68.071804,0.0],[16.970362,68.072314,0.0],[16.971044,68.072331,0.0],[16.970955,68.072841,0.0],[16.971637,68.072857,0.0],[16.971503,68.073622,0.0],[16.97355,68.073672,0.0],[16.973505,68.073927,0.0],[16.974187,68.073944,0.0],[16.974054,68.074709,0.0],[16.972007,68.074659,0.0],[16.972052,68.074404,0.0],[16.970687,68.074371,0.0],[16.970375,68.076156,0.0],[16.971057,68.076172,0.0],[16.970879,68.077192,0.0],[16.971561,68.077209,0.0],[16.971517,68.077464,0.0],[16.970834,68.077447,0.0],[16.970522,68.079232,0.0],[16.971205,68.079249,0.0],[16.970982,68.080524,0.0],[16.970299,68.080507,0.0],[16.970076,68.081782,0.0],[16.970759,68.081799,0.0],[16.970714,68.082054,0.0],[16.971397,68.08207,0.0],[16.971441,68.081815,0.0],[16.972124,68.081832,0.0],[16.972213,68.081322,0.0],[16.972895,68.081339,0.0],[16.973073,68.080319,0.0],[16.973756,68.080335,0.0],[16.97389,68.07957,0.0],[16.974572,68.079587,0.0],[16.974661,68.079077,0.0],[16.975343,68.079094,0.0],[16.975388,68.078839,0.0],[16.97607,68.078855,0.0],[16.976159,68.078345,0.0],[16.976842,68.078362,0.0],[16.976886,68.078107,0.0],[16.978251,68.07814,0.0],[16.978118,68.078905,0.0],[16.9788,68.078922,0.0],[16.978666,68.079687,0.0],[16.979349,68.079704,0.0],[16.979304,68.079959,0.0],[16.979987,68.079975,0.0],[16.980031,68.07972,0.0],[16.981396,68.079753,0.0]],[[16.98187,68.073107,0.0],[16.981959,68.072597,0.0],[16.983323,68.07263,0.0],[16.983234,68.07314,0.0],[16.98187,68.073107,0.0]],[[16.982181,68.071322,0.0],[16.98227,68.070812,0.0],[16.983634,68.070845,0.0],[16.983545,68.071355,0.0],[16.982181,68.071322,0.0]]]}},{"type":"Feature","properties":{"rgi_id":"RGI2000-v7.0-G-08-00908","o1region":"08"},"geometry":{"type":"Polygon","coordinates":[[[17.022612,68.071248,0.0],[17.022651,68.071022,0.0],[17.01924,68.07094,0.0],[17.019372,68.070175,0.0],[17.020054,68.070191,0.0],[17.020186,68.069426,0.0],[17.020868,68.069443,0.0],[17.020912,68.069188,0.0],[17.02023,68.069171,0.0],[17.020318,68.068661,0.0],[17.019636,68.068645,0.0],[17.01968,68.06839,0.0],[17.014223,68.068258,0.0],[17.014267,68.068003,0.0],[17.013585,68.067987,0.0],[17.013629,68.067732,0.0],[17.012947,68.067715,0.0],[17.012991,68.06746,0.0],[17.012309,68.067444,0.0],[17.012353,68.067189,0.0],[17.010307,68.067139,0.0],[17.010351,68.066884,0.0],[17.009669,68.066868,0.0],[17.009757,68.066358,0.0],[17.009075,68.066341,0.0],[17.00912,68.066086,0.0],[17.005709,68.066004,0.0],[17.005842,68.065239,0.0],[17.006524,68.065255,0.0],[17.00648,68.06551,0.0],[17.007844,68.065543,0.0],[17.007932,68.065033,0.0],[17.00725,68.065017,0.0],[17.007294,68.064762,0.0],[17.00593,68.064729,0.0],[17.005974,68.064474,0.0],[17.00461,68.064441,0.0],[17.004566,68.064696,0.0],[17.003884,68.064679,0.0],[17.003752,68.065444,0.0],[17.00307,68.065428,0.0],[17.003025,68.065683,0.0],[17.002343,68.065666,0.0],[17.002299,68.065921,0.0],[17.001617,68.065905,0.0],[17.001573,68.06616,0.0],[17.000891,68.066143,0.0],[17.000847,68.066398,0.0],[16.999483,68.066365,0.0],[16.999527,68.06611,0.0],[16.998845,68.066093,0.0],[16.998978,68.065328,0.0],[16.998296,68.065312,0.0],[16.998384,68.064802,0.0],[16.99702,68.064769,0.0],[16.996932,68.065279,0.0],[16.99625,68.065262,0.0],[16.996161,68.065772,0.0],[16.995479,68.065756,0.0],[16.995346,68.066521,0.0],[16.994664,68.066504,0.0],[16.99462,68.066759,0.0],[16.993938,68.066742,0.0],[16.993894,68.066997,0.0],[16.993211,68.066981,0.0],[16.993034,68.068001,0.0],[16.993716,68.068017,0.0],[16.993539,68.069037,0.0],[16.992857,68.069021,0.0],[16.992724,68.069786,0.0],[16.993406,68.069802,0.0],[16.993362,68.070057,0.0],[16.994044,68.070074,0.0],[16.993955,68.070584,0.0],[16.993273,68.070567,0.0],[16.99311,68.071508,0.0],[16.996941,68.071018,0.0],[17.001848,68.070758,0.0],[17.007703,68.070773,0.0],[17.013787,68.070756,0.0],[17.016302,68.071234,0.0],[17.01692,68.071352,0.0],[17.019998,68.071314,0.0],[17.021919,68.071266,0.0],[17.022612,68.071248,0.0]]]}},{"type":"Feature","properties":{"rgi_id":"RGI2000-v7.0-G-08-00909","o1region":"08"},"geometry":{"type":"Polygon","coordinates":[[[17.022612,68.071248,0.0],[17.021919,68.071266,0.0],[17.019998,68.071314,0.0],[17.01692,68.071352,0.0],[17.016302,68.071234,0.0],[17.013787,68.070756,0.0],[17.007703,68.070773,0.0],[17.001848,68.070758,0.0],[16.996941,68.071018,0.0],[16.99311,68.071508,0.0],[16.993007,68.072097,0.0],[16.992325,68.072081,0.0],[16.992103,68.073356,0.0],[16.991421,68.073339,0.0],[16.991288,68.074104,0.0],[16.990807,68.074093,0.0],[16.990218,68.074078,0.0],[16.99023,68.074714,0.0],[16.990412,68.075363,0.0],[16.990529,68.075366,0.0],[16.991066,68.075379,0.0],[16.991022,68.075634,0.0],[16.991704,68.075651,0.0],[16.991615,68.076161,0.0],[16.990933,68.076144,0.0],[16.990889,68.076399,0.0],[16.991571,68.076416,0.0],[16.991527,68.076671,0.0],[16.992891,68.076704,0.0],[16.992936,68.076449,0.0],[16.994983,68.076499,0.0],[16.995027,68.076244,0.0],[16.995709,68.07626,0.0],[16.995754,68.076005,0.0],[16.997118,68.076038,0.0],[16.996941,68.077058,0.0],[16.997623,68.077075,0.0],[16.997579,68.07733,0.0],[16.998944,68.077363,0.0],[16.998988,68.077108,0.0],[17.001035,68.077158,0.0],[17.000902,68.077923,0.0],[17.00022,68.077906,0.0],[17.000087,68.078671,0.0],[17.00077,68.078688,0.0],[17.000725,68.078943,0.0],[17.001408,68.078959,0.0],[17.001319,68.079469,0.0],[17.000637,68.079453,0.0],[17.000593,68.079708,0.0],[16.999228,68.079675,0.0],[16.999183,68.07993,0.0],[16.998501,68.079913,0.0],[16.998412,68.080423,0.0],[16.99773,68.080406,0.0],[16.997641,68.080916,0.0],[16.996959,68.0809,0.0],[16.996915,68.081155,0.0],[16.996232,68.081138,0.0],[16.996188,68.081393,0.0],[16.992775,68.081311,0.0],[16.992731,68.081566,0.0],[16.992049,68.081549,0.0],[16.991871,68.082569,0.0],[16.991753,68.082566,0.0],[16.992445,68.083351,0.0],[16.993103,68.083367,0.0],[16.993059,68.083622,0.0],[16.994424,68.083655,0.0],[16.99438,68.08391,0.0],[16.99711,68.083976,0.0],[16.997065,68.084231,0.0],[16.997748,68.084248,0.0],[16.997704,68.084503,0.0],[16.998386,68.08452,0.0],[16.998342,68.084775,0.0],[16.999707,68.084808,0.0],[16.999751,68.084553,0.0],[17.000434,68.084569,0.0],[17.000611,68.083549,0.0],[16.999929,68.083533,0.0],[17.000017,68.083023,0.0],[17.0007,68.083039,0.0],[17.000744,68.082784,0.0],[17.001426,68.082801,0.0],[17.001515,68.082291,0.0],[17.002197,68.082307,0.0],[17.00233,68.081542,0.0],[17.003013,68.081559,0.0],[17.003057,68.081304,0.0],[17.005104,68.081353,0.0],[17.005016,68.081863,0.0],[17.005698,68.08188,0.0],[17.005654,68.082135,0.0],[17.009067,68.082217,0.0],[17.009111,68.081962,0.0],[17.010476,68.081995,0.0],[17.01052,68.08174,0.0],[17.011885,68.081773,0.0],[17.011973,68.081263,0.0],[17.012656,68.08128,0.0],[17.0127,68.081025,0.0],[17.013382,68.081041,0.0],[17.013427,68.080786,0.0],[17.014109,68.080803,0.0],[17.014153,68.080548,0.0],[17.014836,68.080564,0.0],[17.01488,68.080309,0.0],[17.015562,68.080326,0.0],[17.015783,68.079051,0.0],[17.0151,68.079034,0.0],[17.015233,68.078269,0.0],[17.015915,68.078286,0.0],[17.015959,68.078031,0.0],[17.017324,68.078064,0.0],[17.017368,68.077809,0.0],[17.020097,68.077875,0.0],[17.020141,68.07762,0.0],[17.021506,68.077653,0.0],[17.02155,68.077397,0.0],[17.022233,68.077414,0.0],[17.022277,68.077159,0.0],[17.022959,68.077175,0.0],[17.023003,68.07692,0.0],[17.023685,68.076937,0.0],[17.023905,68.075662,0.0],[17.024588,68.075678,0.0],[17.024764,68.074658,0.0],[17.024081,68.074642,0.0],[17.024125,68.074387,0.0],[17.023443,68.07437,0.0],[17.023619,68.07335,0.0],[17.024301,68.073367,0.0],[17.024345,68.073112,0.0],[17.025028,68.073128,0.0],[17.025116,68.072618,0.0],[17.025798,68.072635,0.0],[17.025842,68.07238,0.0],[17.025159,68.072363,0.0],[17.025203,68.072108,0.0],[17.024521,68.072092,0.0],[17.024565,68.071837,0.0],[17.023883,68.07182,0.0],[17.023927,68.071565,0.0],[17.023245,68.071549,0.0],[17.023289,68.071294,0.0],[17.022607,68.071277,0.0],[17.022612,68.071248,0.0]],[[17.005502,68.079058,0.0],[17.005414,68.079568,0.0],[17.004731,68.079552,0.0],[17.004643,68.080062,0.0],[17.003278,68.080029,0.0],[17.003367,68.079519,0.0],[17.002684,68.079502,0.0],[17.002728,68.079247,0.0],[17.003411,68.079264,0.0],[17.003455,68.079009,0.0],[17.005502,68.079058,0.0]]]}},{"type":"Feature","properties":{"rgi_id":"RGI2000-v7.0-G-08-00910","o1region":"08"},"geometry":{"type":"Polygon","coordinates":[[[16.992445,68.083351,0.0],[16.991753,68.082566,0.0],[16.991189,68.082552,0.0],[16.991233,68.082297,0.0],[16.989868,68.082264,0.0],[16.989912,68.082009,0.0],[16.988592,68.081977,0.0],[16.9865,68.081926,0.0],[16.986589,68.081416,0.0],[16.985224,68.081383,0.0],[16.985268,68.081128,0.0],[16.984586,68.081111,0.0],[16.984542,68.081366,0.0],[16.981812,68.0813,0.0],[16.981767,68.081555,0.0],[16.980402,68.081522,0.0],[16.980358,68.081777,0.0],[16.977628,68.08171,0.0],[16.977672,68.081455,0.0],[16.97699,68.081439,0.0],[16.976945,68.081694,0.0],[16.97558,68.08166,0.0],[16.975536,68.081915,0.0],[16.974853,68.081899,0.0],[16.974809,68.082154,0.0],[16.974126,68.082137,0.0],[16.974037,68.082647,0.0],[16.973355,68.08263,0.0],[16.97331,68.082885,0.0],[16.973993,68.082902,0.0],[16.973948,68.083157,0.0],[16.974631,68.083174,0.0],[16.974586,68.083429,0.0],[16.975269,68.083445,0.0],[16.975224,68.0837,0.0],[16.975907,68.083717,0.0],[16.975818,68.084227,0.0],[16.975135,68.08421,0.0],[16.97509,68.084465,0.0],[16.973725,68.084432,0.0],[16.97377,68.084177,0.0],[16.972405,68.084144,0.0],[16.97236,68.084399,0.0],[16.971678,68.084382,0.0],[16.971633,68.084637,0.0],[16.972316,68.084654,0.0],[16.972137,68.085674,0.0],[16.97282,68.08569,0.0],[16.972775,68.085945,0.0],[16.973458,68.085962,0.0],[16.973502,68.085707,0.0],[16.974185,68.085724,0.0],[16.97414,68.085979,0.0],[16.974823,68.085995,0.0],[16.974779,68.08625,0.0],[16.974096,68.086234,0.0],[16.974051,68.086489,0.0],[16.973369,68.086472,0.0],[16.973324,68.086727,0.0],[16.972642,68.08671,0.0],[16.972552,68.08722,0.0],[16.973235,68.087237,0.0],[16.97319,68.087492,0.0],[16.973873,68.087508,0.0],[16.973962,68.086999,0.0],[16.975327,68.087032,0.0],[16.975194,68.087797,0.0],[16.973146,68.087747,0.0],[16.973012,68.088512,0.0],[16.97506,68.088562,0.0],[16.975105,68.088307,0.0],[16.97647,68.08834,0.0],[16.976515,68.088085,0.0],[16.978562,68.088135,0.0],[16.978696,68.08737,0.0],[16.979379,68.087387,0.0],[16.979423,68.087132,0.0],[16.980106,68.087148,0.0],[16.980195,68.086638,0.0],[16.979512,68.086622,0.0],[16.979557,68.086367,0.0],[16.978874,68.08635,0.0],[16.978919,68.086095,0.0],[16.978236,68.086078,0.0],[16.978325,68.085568,0.0],[16.979008,68.085585,0.0],[16.979052,68.08533,0.0],[16.9811,68.08538,0.0],[16.981144,68.085125,0.0],[16.981827,68.085142,0.0],[16.981871,68.084887,0.0],[16.983237,68.08492,0.0],[16.983148,68.08543,0.0],[16.984513,68.085463,0.0],[16.984557,68.085208,0.0],[16.985922,68.085241,0.0],[16.985967,68.084986,0.0],[16.987332,68.085019,0.0],[16.987376,68.084764,0.0],[16.988059,68.084781,0.0],[16.988148,68.084271,0.0],[16.98883,68.084288,0.0],[16.988875,68.084033,0.0],[16.988192,68.084016,0.0],[16.988237,68.083761,0.0],[16.988919,68.083778,0.0],[16.988964,68.083523,0.0],[16.988281,68.083506,0.0],[16.98837,68.082996,0.0],[16.987687,68.082979,0.0],[16.987776,68.082469,0.0],[16.989389,68.082509,0.0],[16.989824,68.082519,0.0],[16.989779,68.082774,0.0],[16.990462,68.082791,0.0],[16.990417,68.083046,0.0],[16.9911,68.083062,0.0],[16.991056,68.083317,0.0],[16.992445,68.083351,0.0]]]}},{"type":"Feature","properties":{"rgi_id":"RGI2000-v7.0-G-08-00911","o1region":"08"},"geometry":{"type":"Polygon","coordinates":[[[16.967966,68.089925,0.0],[16.967283,68.089908,0.0],[16.967238,68.090163,0.0],[16.966556,68.090147,0.0],[16.966511,68.090402,0.0],[16.965828,68.090385,0.0],[16.965783,68.09064,0.0],[16.964418,68.090607,0.0],[16.964329,68.091117,0.0],[16.966377,68.091167,0.0],[16.966332,68.091422,0.0],[16.967015,68.091438,0.0],[16.966926,68.091948,0.0],[16.971022,68.092048,0.0],[16.971067,68.091793,0.0],[16.97175,68.09181,0.0],[16.971794,68.091555,0.0],[16.97316,68.091588,0.0],[16.973204,68.091333,0.0],[16.973887,68.09135,0.0],[16.973976,68.09084,0.0],[16.971245,68.090773,0.0],[16.97129,68.090518,0.0],[16.968559,68.090452,0.0],[16.968604,68.090197,0.0],[16.967921,68.09018,0.0],[16.967966,68.089925,0.0]]]}},{"type":"Feature","properties":{"rgi_id":"RGI2000-v7.0-G-08-00912","o1region":"08"},"geometry":{"type":"Polygon","coordinates":[[[16.992807,68.108711,0.0],[16.99144,68.108678,0.0],[16.991396,68.108933,0.0],[16.990712,68.108917,0.0],[16.990668,68.109172,0.0],[16.987935,68.109105,0.0],[16.98789,68.10936,0.0],[16.986524,68.109327,0.0],[16.986479,68.109582,0.0],[16.984429,68.109532,0.0],[16.98434,68.110042,0.0],[16.985024,68.110059,0.0],[16.984979,68.110314,0.0],[16.986346,68.110347,0.0],[16.986301,68.110602,0.0],[16.987668,68.110635,0.0],[16.987623,68.11089,0.0],[16.989673,68.11094,0.0],[16.989629,68.111195,0.0],[16.990312,68.111212,0.0],[16.990357,68.110957,0.0],[16.991723,68.11099,0.0],[16.991768,68.110735,0.0],[16.993135,68.110768,0.0],[16.993179,68.110513,0.0],[16.994546,68.110546,0.0],[16.99459,68.110291,0.0],[16.995273,68.110308,0.0],[16.995318,68.110053,0.0],[16.996001,68.110069,0.0],[16.996045,68.109814,0.0],[16.995362,68.109798,0.0],[16.995407,68.109543,0.0],[16.994723,68.109526,0.0],[16.994768,68.109271,0.0],[16.993401,68.109238,0.0],[16.993445,68.108983,0.0],[16.992762,68.108966,0.0],[16.992807,68.108711,0.0]]]}},{"type":"Feature","properties":{"rgi_id":"RGI2000-v7.0-G-08-00913","o1region":"08"},"geometry":{"type":"Polygon","coordinates":[[[16.93328,68.134914,0.0],[16.933144,68.135679,0.0],[16.933828,68.135696,0.0],[16.933783,68.135951,0.0],[16.934467,68.135968,0.0],[16.934438,68.136131,0.0],[16.934977,68.136181,0.0],[16.936881,68.136677,0.0],[16.937753,68.136813,0.0],[16.937797,68.136562,0.0],[16.938481,68.136578,0.0],[16.938436,68.136833,0.0],[16.939804,68.136867,0.0],[16.93977,68.137058,0.0],[16.940436,68.137178,0.0],[16.940443,68.137139,0.0],[16.94318,68.137206,0.0],[16.943135,68.137461,0.0],[16.945871,68.137528,0.0],[16.945916,68.137273,0.0],[16.947284,68.137307,0.0],[16.947239,68.137562,0.0],[16.948607,68.137595,0.0],[16.948562,68.13785,0.0],[16.952667,68.137951,0.0],[16.952712,68.137696,0.0],[16.953396,68.137712,0.0],[16.953576,68.136692,0.0],[16.95426,68.136709,0.0],[16.954394,68.135944,0.0],[16.955763,68.135978,0.0],[16.955807,68.135723,0.0],[16.956492,68.135739,0.0],[16.956536,68.135484,0.0],[16.955852,68.135468,0.0],[16.955897,68.135213,0.0],[16.955213,68.135196,0.0],[16.955258,68.134941,0.0],[16.954574,68.134924,0.0],[16.954709,68.134159,0.0],[16.954025,68.134143,0.0],[16.954115,68.133633,0.0],[16.953431,68.133616,0.0],[16.953475,68.133361,0.0],[16.952792,68.133344,0.0],[16.952747,68.133599,0.0],[16.951379,68.133566,0.0],[16.951424,68.133311,0.0],[16.949372,68.13326,0.0],[16.949417,68.133005,0.0],[16.948733,68.132989,0.0],[16.948778,68.132734,0.0],[16.948094,68.132717,0.0],[16.948139,68.132462,0.0],[16.947455,68.132445,0.0],[16.94759,68.13168,0.0],[16.946906,68.131663,0.0],[16.946861,68.131918,0.0],[16.946177,68.131902,0.0],[16.946132,68.132157,0.0],[16.945448,68.13214,0.0],[16.945358,68.13265,0.0],[16.944674,68.132633,0.0],[16.944629,68.132888,0.0],[16.943945,68.132871,0.0],[16.9439,68.133126,0.0],[16.943216,68.133109,0.0],[16.943261,68.132854,0.0],[16.942577,68.132838,0.0],[16.942532,68.133093,0.0],[16.941848,68.133076,0.0],[16.941668,68.134096,0.0],[16.942352,68.134113,0.0],[16.942307,68.134368,0.0],[16.943675,68.134401,0.0],[16.943585,68.134911,0.0],[16.944269,68.134928,0.0],[16.944179,68.135438,0.0],[16.942127,68.135387,0.0],[16.942172,68.135132,0.0],[16.941488,68.135116,0.0],[16.941533,68.134861,0.0],[16.940849,68.134844,0.0],[16.940939,68.134334,0.0],[16.940255,68.134317,0.0],[16.9403,68.134062,0.0],[16.938932,68.134029,0.0],[16.938977,68.133774,0.0],[16.938293,68.133757,0.0],[16.938338,68.133502,0.0],[16.93697,68.133468,0.0],[16.936925,68.133723,0.0],[16.936241,68.133706,0.0],[16.936196,68.133961,0.0],[16.935512,68.133945,0.0],[16.935422,68.134455,0.0],[16.936106,68.134471,0.0],[16.93597,68.135236,0.0],[16.933918,68.135186,0.0],[16.933964,68.134931,0.0],[16.93328,68.134914,0.0]]]}},{"type":"Feature","properties":{"rgi_id":"RGI2000-v7.0-G-08-00914","o1region":"08"},"geometry":{"type":"Polygon","coordinates":[[[16.945511,68.139568,0.0],[16.944143,68.139534,0.0],[16.944188,68.139279,0.0],[16.943503,68.139263,0.0],[16.943548,68.139008,0.0],[16.942864,68.138991,0.0],[16.942909,68.138736,0.0],[16.942225,68.138719,0.0],[16.94227,68.138464,0.0],[16.941957,68.138306,0.0],[16.941631,68.138192,0.0],[16.941676,68.137937,0.0],[16.940992,68.13792,0.0],[16.941037,68.137665,0.0],[16.940353,68.137649,0.0],[16.940436,68.137178,0.0],[16.93977,68.137058,0.0],[16.939759,68.137122,0.0],[16.937707,68.137072,0.0],[16.937753,68.136813,0.0],[16.936881,68.136677,0.0],[16.934977,68.136181,0.0],[16.934438,68.136131,0.0],[16.934422,68.136223,0.0],[16.93237,68.136172,0.0],[16.93246,68.135662,0.0],[16.931776,68.135645,0.0],[16.931821,68.13539,0.0],[16.931137,68.135373,0.0],[16.931228,68.134864,0.0],[16.930544,68.134847,0.0],[16.930589,68.134592,0.0],[16.927853,68.134524,0.0],[16.927898,68.134269,0.0],[16.92653,68.134236,0.0],[16.926562,68.134055,0.0],[16.92605,68.134131,0.0],[16.924185,68.134582,0.0],[16.92341,68.13477,0.0],[16.921959,68.13493,0.0],[16.921591,68.134971,0.0],[16.921516,68.135393,0.0],[16.920148,68.135359,0.0],[16.920193,68.135104,0.0],[16.919511,68.135075,0.0],[16.919043,68.135062,0.0],[16.916528,68.135061,0.0],[16.913927,68.134641,0.0],[16.913009,68.134493,0.0],[16.908197,68.134552,0.0],[16.908085,68.134566,0.0],[16.907216,68.134675,0.0],[16.907197,68.134783,0.0],[16.907881,68.1348,0.0],[16.907836,68.135054,0.0],[16.907152,68.135038,0.0],[16.907114,68.135251,0.0],[16.907417,68.135285,0.0],[16.907672,68.135311,0.0],[16.910588,68.135703,0.0],[16.911528,68.13589,0.0],[16.913952,68.136371,0.0],[16.915899,68.136757,0.0],[16.918647,68.13709,0.0],[16.919918,68.13738,0.0],[16.921006,68.137628,0.0],[16.921961,68.137846,0.0],[16.923688,68.138349,0.0],[16.923969,68.138431,0.0],[16.924764,68.138662,0.0],[16.924815,68.138734,0.0],[16.925936,68.140312,0.0],[16.925979,68.140337,0.0],[16.927882,68.141453,0.0],[16.928314,68.141706,0.0],[16.930008,68.141748,0.0],[16.930053,68.141493,0.0],[16.933474,68.141577,0.0],[16.933519,68.141322,0.0],[16.936256,68.141389,0.0],[16.936301,68.141134,0.0],[16.940406,68.141235,0.0],[16.940451,68.14098,0.0],[16.94182,68.141014,0.0],[16.941775,68.141269,0.0],[16.943827,68.141319,0.0],[16.943782,68.141574,0.0],[16.947203,68.141658,0.0],[16.947248,68.141403,0.0],[16.947933,68.14142,0.0],[16.948068,68.140655,0.0],[16.947383,68.140638,0.0],[16.947428,68.140383,0.0],[16.946744,68.140366,0.0],[16.946789,68.140111,0.0],[16.946105,68.140095,0.0],[16.94615,68.13984,0.0],[16.945466,68.139823,0.0],[16.945511,68.139568,0.0]]]}},{"type":"Feature","properties":{"rgi_id":"RGI2000-v7.0-G-08-00915","o1region":"08"},"geometry":{"type":"Polygon","coordinates":[[[16.928314,68.141706,0.0],[16.927882,68.141453,0.0],[16.925979,68.140337,0.0],[16.925936,68.140312,0.0],[16.924815,68.138734,0.0],[16.924764,68.138662,0.0],[16.923969,68.138431,0.0],[16.923688,68.138349,0.0],[16.921961,68.137846,0.0],[16.921006,68.137628,0.0],[16.919918,68.13738,0.0],[16.918647,68.13709,0.0],[16.915899,68.136757,0.0],[16.913952,68.136371,0.0],[16.911528,68.13589,0.0],[16.910588,68.135703,0.0],[16.907672,68.135311,0.0],[16.907417,68.135285,0.0],[16.907114,68.135251,0.0],[16.907106,68.135293,0.0],[16.905738,68.135259,0.0],[16.905647,68.135769,0.0],[16.906331,68.135786,0.0],[16.906286,68.136041,0.0],[16.90697,68.136057,0.0],[16.906834,68.136822,0.0],[16.905466,68.136788,0.0],[16.90542,68.137043,0.0],[16.904736,68.137026,0.0],[16.904554,68.138046,0.0],[16.903186,68.138012,0.0],[16.903141,68.138267,0.0],[16.902457,68.13825,0.0],[16.902411,68.138505,0.0],[16.901043,68.138472,0.0],[16.900998,68.138727,0.0],[16.900313,68.13871,0.0],[16.900268,68.138965,0.0],[16.899584,68.138948,0.0],[16.899538,68.139203,0.0],[16.898854,68.139186,0.0],[16.898763,68.139696,0.0],[16.899447,68.139712,0.0],[16.899493,68.139458,0.0],[16.900861,68.139491,0.0],[16.900907,68.139236,0.0],[16.902275,68.13927,0.0],[16.902229,68.139525,0.0],[16.904282,68.139576,0.0],[16.904236,68.139831,0.0],[16.90492,68.139848,0.0],[16.904966,68.139593,0.0],[16.90565,68.13961,0.0],[16.905695,68.139355,0.0],[16.908432,68.139423,0.0],[16.908386,68.139678,0.0],[16.910439,68.139729,0.0],[16.910303,68.140493,0.0],[16.909618,68.140477,0.0],[16.909528,68.140987,0.0],[16.908843,68.14097,0.0],[16.908753,68.14148,0.0],[16.908068,68.141463,0.0],[16.907978,68.141973,0.0],[16.907293,68.141956,0.0],[16.907202,68.142466,0.0],[16.907887,68.142482,0.0],[16.907841,68.142737,0.0],[16.908525,68.142754,0.0],[16.90848,68.143009,0.0],[16.910533,68.14306,0.0],[16.910487,68.143315,0.0],[16.913224,68.143383,0.0],[16.913179,68.143638,0.0],[16.915916,68.143705,0.0],[16.915871,68.14396,0.0],[16.916555,68.143977,0.0],[16.916509,68.144232,0.0],[16.918562,68.144283,0.0],[16.918698,68.143518,0.0],[16.916646,68.143467,0.0],[16.916691,68.143212,0.0],[16.916007,68.143195,0.0],[16.916097,68.142685,0.0],[16.920203,68.142787,0.0],[16.920248,68.142532,0.0],[16.921616,68.142566,0.0],[16.921526,68.143075,0.0],[16.92221,68.143092,0.0],[16.92212,68.143602,0.0],[16.922804,68.143619,0.0],[16.922759,68.143874,0.0],[16.923443,68.143891,0.0],[16.923398,68.144146,0.0],[16.924082,68.144163,0.0],[16.924037,68.144418,0.0],[16.924721,68.144435,0.0],[16.924676,68.14469,0.0],[16.926044,68.144723,0.0],[16.926225,68.143703,0.0],[16.926909,68.14372,0.0],[16.927,68.14321,0.0],[16.925631,68.143177,0.0],[16.925677,68.142922,0.0],[16.924992,68.142905,0.0],[16.925038,68.14265,0.0],[16.924353,68.142633,0.0],[16.924399,68.142378,0.0],[16.925083,68.142395,0.0],[16.925128,68.14214,0.0],[16.925812,68.142157,0.0],[16.925767,68.142412,0.0],[16.926451,68.142429,0.0],[16.926496,68.142174,0.0],[16.927181,68.14219,0.0],[16.927226,68.141935,0.0],[16.92791,68.141952,0.0],[16.927955,68.141697,0.0],[16.928204,68.141703,0.0],[16.928314,68.141706,0.0]]]}},{"type":"Feature","properties":{"rgi_id":"RGI2000-v7.0-G-08-00916","o1region":"08"},"geometry":{"type":"Polygon","coordinates":[[[16.921591,68.134971,0.0],[16.921959,68.13493,0.0],[16.92341,68.13477,0.0],[16.924185,68.134582,0.0],[16.92605,68.134131,0.0],[16.926562,68.134055,0.0],[16.926575,68.133981,0.0],[16.925891,68.133964,0.0],[16.925936,68.133709,0.0],[16.925252,68.133692,0.0],[16.925298,68.133437,0.0],[16.925982,68.133454,0.0],[16.926027,68.133199,0.0],[16.926711,68.133216,0.0],[16.926756,68.132961,0.0],[16.928124,68.132994,0.0],[16.928169,68.13274,0.0],[16.928853,68.132756,0.0],[16.928943,68.132246,0.0],[16.929627,68.132263,0.0],[16.929672,68.132008,0.0],[16.933776,68.132109,0.0],[16.933821,68.131854,0.0],[16.934505,68.131871,0.0],[16.93455,68.131616,0.0],[16.935234,68.131633,0.0],[16.935279,68.131378,0.0],[16.935963,68.131395,0.0],[16.936008,68.13114,0.0],[16.936692,68.131157,0.0],[16.936737,68.130902,0.0],[16.939473,68.130969,0.0],[16.939743,68.129439,0.0],[16.940427,68.129456,0.0],[16.940517,68.128946,0.0],[16.939833,68.128929,0.0],[16.939923,68.128419,0.0],[16.939239,68.128402,0.0],[16.939284,68.128147,0.0],[16.938601,68.12813,0.0],[16.938555,68.128385,0.0],[16.937872,68.128369,0.0],[16.937827,68.128624,0.0],[16.937143,68.128607,0.0],[16.937098,68.128862,0.0],[16.936414,68.128845,0.0],[16.936459,68.12859,0.0],[16.935091,68.128556,0.0],[16.935046,68.128811,0.0],[16.934362,68.128795,0.0],[16.934317,68.12905,0.0],[16.933633,68.129033,0.0],[16.933588,68.129288,0.0],[16.930169,68.129204,0.0],[16.930079,68.129713,0.0],[16.928711,68.12968,0.0],[16.928666,68.129935,0.0],[16.927982,68.129918,0.0],[16.928027,68.129663,0.0],[16.925292,68.129596,0.0],[16.925201,68.130105,0.0],[16.92315,68.130055,0.0],[16.923195,68.1298,0.0],[16.921827,68.129766,0.0],[16.921782,68.130021,0.0],[16.921098,68.130004,0.0],[16.921053,68.130259,0.0],[16.920369,68.130242,0.0],[16.920233,68.131007,0.0],[16.920917,68.131024,0.0],[16.920827,68.131534,0.0],[16.921511,68.131551,0.0],[16.921465,68.131806,0.0],[16.922833,68.13184,0.0],[16.922743,68.13235,0.0],[16.922059,68.132333,0.0],[16.921923,68.133098,0.0],[16.921239,68.133081,0.0],[16.921194,68.133336,0.0],[16.92051,68.133319,0.0],[16.920555,68.133064,0.0],[16.919871,68.133047,0.0],[16.919917,68.132792,0.0],[16.919233,68.132775,0.0],[16.919278,68.13252,0.0],[16.918594,68.132503,0.0],[16.918639,68.132248,0.0],[16.917955,68.132232,0.0],[16.918046,68.131722,0.0],[16.917362,68.131705,0.0],[16.917407,68.13145,0.0],[16.91604,68.131416,0.0],[16.916085,68.131161,0.0],[16.914717,68.131127,0.0],[16.914762,68.130872,0.0],[16.914079,68.130855,0.0],[16.914033,68.13111,0.0],[16.912665,68.131076,0.0],[16.912529,68.131841,0.0],[16.913213,68.131858,0.0],[16.913123,68.132368,0.0],[16.909703,68.132284,0.0],[16.909658,68.132539,0.0],[16.908974,68.132522,0.0],[16.908928,68.132777,0.0],[16.908244,68.13276,0.0],[16.908199,68.133015,0.0],[16.907515,68.132998,0.0],[16.90747,68.133253,0.0],[16.906786,68.133236,0.0],[16.906604,68.134256,0.0],[16.907288,68.134273,0.0],[16.907237,68.134561,0.0],[16.907216,68.134675,0.0],[16.908085,68.134566,0.0],[16.908197,68.134552,0.0],[16.913009,68.134493,0.0],[16.913927,68.134641,0.0],[16.916528,68.135061,0.0],[16.919043,68.135062,0.0],[16.919511,68.135075,0.0],[16.9196,68.134577,0.0],[16.918916,68.13456,0.0],[16.918961,68.134305,0.0],[16.919645,68.134322,0.0],[16.91969,68.134067,0.0],[16.920374,68.134084,0.0],[16.920329,68.134339,0.0],[16.921013,68.134356,0.0],[16.920968,68.134611,0.0],[16.921652,68.134628,0.0],[16.921591,68.134971,0.0]],[[16.923201,68.133641,0.0],[16.923291,68.133131,0.0],[16.923975,68.133148,0.0],[16.92393,68.133403,0.0],[16.924614,68.13342,0.0],[16.924568,68.133675,0.0],[16.923201,68.133641,0.0]]]}},{"type":"Feature","properties":{"rgi_id":"RGI2000-v7.0-G-08-00917","o1region":"08"},"geometry":{"type":"Polygon","coordinates":[[[16.903814,68.119077,0.0],[16.902447,68.119043,0.0],[16.902265,68.120063,0.0],[16.896114,68.11991,0.0],[16.896023,68.12042,0.0],[16.89739,68.120454,0.0],[16.897344,68.120709,0.0],[16.898028,68.120726,0.0],[16.897982,68.120981,0.0],[16.898666,68.120998,0.0],[16.89862,68.121253,0.0],[16.899304,68.12127,0.0],[16.899258,68.121525,0.0],[16.899942,68.121542,0.0],[16.899897,68.121797,0.0],[16.90058,68.121814,0.0],[16.900444,68.122579,0.0],[16.89976,68.122562,0.0],[16.899533,68.123837,0.0],[16.900216,68.123854,0.0],[16.900171,68.124109,0.0],[16.902906,68.124176,0.0],[16.902951,68.123921,0.0],[16.904318,68.123955,0.0],[16.904364,68.1237,0.0],[16.905047,68.123717,0.0],[16.905093,68.123462,0.0],[16.908511,68.123547,0.0],[16.908466,68.123802,0.0],[16.909833,68.123836,0.0],[16.909788,68.124091,0.0],[16.911155,68.124125,0.0],[16.9112,68.12387,0.0],[16.911884,68.123887,0.0],[16.911975,68.123377,0.0],[16.910607,68.123343,0.0],[16.910653,68.123088,0.0],[16.909969,68.123071,0.0],[16.91006,68.122561,0.0],[16.909376,68.122544,0.0],[16.909467,68.122034,0.0],[16.908783,68.122017,0.0],[16.908738,68.122272,0.0],[16.907371,68.122238,0.0],[16.907325,68.122493,0.0],[16.905958,68.122459,0.0],[16.906003,68.122204,0.0],[16.90532,68.122187,0.0],[16.905365,68.121933,0.0],[16.904682,68.121916,0.0],[16.904773,68.121406,0.0],[16.904089,68.121389,0.0],[16.904134,68.121134,0.0],[16.904818,68.121151,0.0],[16.904863,68.120896,0.0],[16.905547,68.120913,0.0],[16.905683,68.120148,0.0],[16.904316,68.120114,0.0],[16.904361,68.119859,0.0],[16.903678,68.119842,0.0],[16.903814,68.119077,0.0]]]}},{"type":"Feature","properties":{"rgi_id":"RGI2000-v7.0-G-08-00918","o1region":"08"},"geometry":{"type":"Polygon","coordinates":[[[16.855006,68.123238,0.0],[16.852271,68.123169,0.0],[16.852225,68.123424,0.0],[16.851542,68.123407,0.0],[16.851496,68.123662,0.0],[16.848761,68.123594,0.0],[16.848715,68.123848,0.0],[16.844614,68.123745,0.0],[16.84466,68.12349,0.0],[16.841242,68.123404,0.0],[16.841288,68.12315,0.0],[16.840604,68.123132,0.0],[16.840558,68.123387,0.0],[16.839875,68.12337,0.0],[16.839829,68.123625,0.0],[16.840512,68.123642,0.0],[16.840466,68.123897,0.0],[16.844568,68.124,0.0],[16.844476,68.12451,0.0],[16.843792,68.124493,0.0],[16.843746,68.124748,0.0],[16.843062,68.124731,0.0],[16.843016,68.124986,0.0],[16.842332,68.124969,0.0],[16.842286,68.125224,0.0],[16.84297,68.125241,0.0],[16.842924,68.125496,0.0],[16.843607,68.125513,0.0],[16.843561,68.125768,0.0],[16.846296,68.125837,0.0],[16.846342,68.125582,0.0],[16.848393,68.125633,0.0],[16.848439,68.125378,0.0],[16.849806,68.125413,0.0],[16.84976,68.125667,0.0],[16.850444,68.125685,0.0],[16.850398,68.12594,0.0],[16.851765,68.125974,0.0],[16.851857,68.125464,0.0],[16.852541,68.125481,0.0],[16.852633,68.124971,0.0],[16.853317,68.124988,0.0],[16.853363,68.124733,0.0],[16.854046,68.124751,0.0],[16.854092,68.124496,0.0],[16.854776,68.124513,0.0],[16.854822,68.124258,0.0],[16.855506,68.124275,0.0],[16.855643,68.12351,0.0],[16.85496,68.123493,0.0],[16.855006,68.123238,0.0]]]}},{"type":"Feature","properties":{"rgi_id":"RGI2000-v7.0-G-08-00919","o1region":"08"},"geometry":{"type":"Polygon","coordinates":[[[16.842726,68.11499,0.0],[16.842751,68.115034,0.0],[16.842554,68.115974,0.0],[16.842564,68.116011,0.0],[16.842561,68.116112,0.0],[16.842559,68.116145,0.0],[16.842578,68.116472,0.0],[16.843172,68.11653,0.0],[16.843216,68.116283,0.0],[16.84595,68.116352,0.0],[16.845904,68.116607,0.0],[16.847954,68.116658,0.0],[16.847908,68.116913,0.0],[16.849275,68.116948,0.0],[16.849229,68.117203,0.0],[16.849912,68.11722,0.0],[16.84982,68.11773,0.0],[16.849137,68.117712,0.0],[16.849091,68.117967,0.0],[16.847724,68.117933,0.0],[16.847678,68.118188,0.0],[16.846994,68.118171,0.0],[16.84704,68.117916,0.0],[16.84499,68.117864,0.0],[16.844944,68.118119,0.0],[16.843577,68.118085,0.0],[16.843531,68.11834,0.0],[16.842164,68.118305,0.0],[16.842072,68.118815,0.0],[16.841389,68.118798,0.0],[16.841342,68.119053,0.0],[16.842026,68.11907,0.0],[16.84198,68.119325,0.0],[16.848131,68.11948,0.0],[16.848085,68.119735,0.0],[16.850819,68.119804,0.0],[16.850773,68.120059,0.0],[16.851456,68.120076,0.0],[16.851364,68.120586,0.0],[16.850681,68.120568,0.0],[16.850497,68.121588,0.0],[16.85118,68.121605,0.0],[16.851134,68.12186,0.0],[16.852501,68.121895,0.0],[16.852639,68.12113,0.0],[16.853323,68.121147,0.0],[16.853645,68.119362,0.0],[16.852961,68.119345,0.0],[16.853007,68.11909,0.0],[16.853691,68.119107,0.0],[16.853829,68.118343,0.0],[16.853145,68.118325,0.0],[16.853237,68.117815,0.0],[16.852554,68.117798,0.0],[16.8526,68.117543,0.0],[16.853967,68.117578,0.0],[16.853921,68.117833,0.0],[16.854604,68.11785,0.0],[16.854558,68.118105,0.0],[16.855242,68.118122,0.0],[16.855288,68.117867,0.0],[16.855971,68.117884,0.0],[16.856017,68.117629,0.0],[16.8567,68.117646,0.0],[16.856746,68.117391,0.0],[16.85743,68.117408,0.0],[16.857476,68.117153,0.0],[16.858159,68.117171,0.0],[16.858205,68.116916,0.0],[16.857522,68.116898,0.0],[16.857568,68.116644,0.0],[16.855517,68.116592,0.0],[16.855563,68.116337,0.0],[16.851463,68.116234,0.0],[16.851509,68.115979,0.0],[16.850142,68.115945,0.0],[16.850096,68.1162,0.0],[16.848729,68.116166,0.0],[16.848775,68.115911,0.0],[16.847409,68.115876,0.0],[16.847455,68.115621,0.0],[16.844721,68.115553,0.0],[16.844767,68.115298,0.0],[16.843401,68.115263,0.0],[16.843447,68.115008,0.0],[16.842726,68.11499,0.0]]]}},{"type":"Feature","properties":{"rgi_id":"RGI2000-v7.0-G-08-00920","o1region":"08"},"geometry":{"type":"Polygon","coordinates":[[[16.843172,68.11653,0.0],[16.842578,68.116472,0.0],[16.842559,68.116145,0.0],[16.842487,68.116521,0.0],[16.841804,68.116504,0.0],[16.841896,68.115994,0.0],[16.842564,68.116011,0.0],[16.842554,68.115974,0.0],[16.842751,68.115034,0.0],[16.842726,68.11499,0.0],[16.841397,68.114957,0.0],[16.841351,68.115212,0.0],[16.839301,68.11516,0.0],[16.839255,68.115415,0.0],[16.838571,68.115398,0.0],[16.838525,68.115653,0.0],[16.837842,68.115636,0.0],[16.837796,68.11589,0.0],[16.837112,68.115873,0.0],[16.83702,68.116383,0.0],[16.837703,68.1164,0.0],[16.837657,68.116655,0.0],[16.839024,68.11669,0.0],[16.838978,68.116945,0.0],[16.843078,68.117048,0.0],[16.843172,68.11653,0.0]]]}},{"type":"Feature","properties":{"rgi_id":"RGI2000-v7.0-G-08-00921","o1region":"08"},"geometry":{"type":"Polygon","coordinates":[[[16.85662,68.110473,0.0],[16.855253,68.110439,0.0],[16.855162,68.110949,0.0],[16.846963,68.110743,0.0],[16.846917,68.110998,0.0],[16.846234,68.110981,0.0],[16.846142,68.111491,0.0],[16.847508,68.111525,0.0],[16.847462,68.11178,0.0],[16.848145,68.111797,0.0],[16.848099,68.112052,0.0],[16.847416,68.112035,0.0],[16.847324,68.112545,0.0],[16.848007,68.112562,0.0],[16.848053,68.112307,0.0],[16.853519,68.112444,0.0],[16.853565,68.112189,0.0],[16.854249,68.112206,0.0],[16.85434,68.111697,0.0],[16.855707,68.111731,0.0],[16.855661,68.111986,0.0],[16.857028,68.11202,0.0],[16.857165,68.111255,0.0],[16.856482,68.111238,0.0],[16.85662,68.110473,0.0]]]}},{"type":"Feature","properties":{"rgi_id":"RGI2000-v7.0-G-08-00922","o1region":"08"},"geometry":{"type":"Polygon","coordinates":[[[16.850438,68.132305,0.0],[16.850962,68.132172,0.0],[16.851881,68.132422,0.0],[16.85377,68.132442,0.0],[16.854856,68.132163,0.0],[16.854942,68.131686,0.0],[16.853305,68.131259,0.0],[16.851532,68.131188,0.0],[16.848835,68.131093,0.0],[16.847147,68.131344,0.0],[16.845271,68.131643,0.0],[16.843621,68.132081,0.0],[16.842309,68.132621,0.0],[16.84148,68.133252,0.0],[16.84077,68.13402,0.0],[16.84167,68.134375,0.0],[16.843552,68.134236,0.0],[16.845153,68.133877,0.0],[16.846913,68.133429,0.0],[16.848064,68.132792,0.0],[16.84889,68.132373,0.0],[16.850438,68.132305,0.0]]]}},{"type":"Feature","properties":{"rgi_id":"RGI2000-v7.0-G-08-00923","o1region":"08"},"geometry":{"type":"Polygon","coordinates":[[[16.795709,68.113288,0.0],[16.794342,68.113253,0.0],[16.794296,68.113508,0.0],[16.793613,68.113491,0.0],[16.793473,68.114256,0.0],[16.792106,68.114221,0.0],[16.792013,68.114731,0.0],[16.79133,68.114713,0.0],[16.791283,68.114968,0.0],[16.7906,68.114951,0.0],[16.790553,68.115206,0.0],[16.78987,68.115188,0.0],[16.789776,68.115698,0.0],[16.789093,68.115681,0.0],[16.788906,68.116701,0.0],[16.788223,68.116683,0.0],[16.788176,68.116938,0.0],[16.78886,68.116955,0.0],[16.788813,68.11721,0.0],[16.789496,68.117228,0.0],[16.78945,68.117483,0.0],[16.790133,68.1175,0.0],[16.790086,68.117755,0.0],[16.789403,68.117738,0.0],[16.789309,68.118248,0.0],[16.789993,68.118265,0.0],[16.789946,68.11852,0.0],[16.791313,68.118555,0.0],[16.79136,68.1183,0.0],[16.792043,68.118317,0.0],[16.79209,68.118062,0.0],[16.792773,68.11808,0.0],[16.792866,68.11757,0.0],[16.79355,68.117587,0.0],[16.793643,68.117077,0.0],[16.79296,68.11706,0.0],[16.793006,68.116805,0.0],[16.792323,68.116788,0.0],[16.792416,68.116278,0.0],[16.793783,68.116312,0.0],[16.79383,68.116058,0.0],[16.794513,68.116075,0.0],[16.79456,68.11582,0.0],[16.795243,68.115837,0.0],[16.795289,68.115582,0.0],[16.797339,68.115635,0.0],[16.797572,68.11436,0.0],[16.796206,68.114325,0.0],[16.796299,68.113815,0.0],[16.795616,68.113798,0.0],[16.795709,68.113288,0.0]]]}},{"type":"Feature","properties":{"rgi_id":"RGI2000-v7.0-G-08-00924","o1region":"08"},"geometry":{"type":"Polygon","coordinates":[[[16.692623,68.11552,0.0],[16.692737,68.115276,0.0],[16.691737,68.115174,0.0],[16.690985,68.115103,0.0],[16.690278,68.114888,0.0],[16.689403,68.114485,0.0],[16.688919,68.114257,0.0],[16.687951,68.114346,0.0],[16.687287,68.114081,0.0],[16.686295,68.11403,0.0],[16.685851,68.11386,0.0],[16.684581,68.113751,0.0],[16.683761,68.113685,0.0],[16.68307,68.113477,0.0],[16.682371,68.113402,0.0],[16.68192,68.113181,0.0],[16.680334,68.11312,0.0],[16.678718,68.113046,0.0],[16.677795,68.112807,0.0],[16.677124,68.112853,0.0],[16.676607,68.113073,0.0],[16.675729,68.113317,0.0],[16.675817,68.113477,0.0],[16.676677,68.113601,0.0],[16.67731,68.113757,0.0],[16.677336,68.113802,0.0],[16.678085,68.113702,0.0],[16.678923,68.113673,0.0],[16.679756,68.113758,0.0],[16.680602,68.113957,0.0],[16.681608,68.114028,0.0],[16.682148,68.114137,0.0],[16.681956,68.114341,0.0],[16.68158,68.114534,0.0],[16.681732,68.114722,0.0],[16.682265,68.114958,0.0],[16.683503,68.114971,0.0],[16.684159,68.114824,0.0],[16.684696,68.114945,0.0],[16.685254,68.115144,0.0],[16.685611,68.115413,0.0],[16.68604,68.115481,0.0],[16.686703,68.115384,0.0],[16.687734,68.115323,0.0],[16.688585,68.115402,0.0],[16.68939,68.115461,0.0],[16.690093,68.115606,0.0],[16.690796,68.115662,0.0],[16.691786,68.115637,0.0],[16.692623,68.11552,0.0]]]}},{"type":"Feature","properties":{"rgi_id":"RGI2000-v7.0-G-08-00925","o1region":"08"},"geometry":{"type":"Polygon","coordinates":[[[16.664588,68.124243,0.0],[16.664494,68.124113,0.0],[16.664189,68.123976,0.0],[16.663269,68.123952,0.0],[16.663365,68.123442,0.0],[16.664048,68.12346,0.0],[16.664096,68.123205,0.0],[16.66478,68.123223,0.0],[16.664828,68.122968,0.0],[16.665511,68.122986,0.0],[16.665559,68.122731,0.0],[16.666243,68.122749,0.0],[16.666291,68.122495,0.0],[16.667658,68.12253,0.0],[16.667754,68.122021,0.0],[16.66707,68.122003,0.0],[16.667118,68.121748,0.0],[16.665752,68.121712,0.0],[16.665704,68.121967,0.0],[16.664337,68.121931,0.0],[16.664289,68.122186,0.0],[16.662922,68.12215,0.0],[16.662874,68.122405,0.0],[16.662191,68.122387,0.0],[16.662142,68.122642,0.0],[16.661459,68.122624,0.0],[16.661411,68.122879,0.0],[16.660727,68.122861,0.0],[16.660679,68.123116,0.0],[16.659996,68.123098,0.0],[16.659948,68.123353,0.0],[16.659264,68.123335,0.0],[16.659216,68.12359,0.0],[16.658533,68.123572,0.0],[16.658485,68.123827,0.0],[16.657801,68.123809,0.0],[16.657753,68.124063,0.0],[16.65707,68.124045,0.0],[16.656877,68.125065,0.0],[16.65756,68.125083,0.0],[16.657512,68.125338,0.0],[16.658196,68.125356,0.0],[16.658148,68.125611,0.0],[16.658831,68.125629,0.0],[16.658783,68.125884,0.0],[16.658099,68.125866,0.0],[16.657955,68.12663,0.0],[16.662056,68.126738,0.0],[16.662393,68.124954,0.0],[16.663076,68.124972,0.0],[16.663124,68.124717,0.0],[16.663808,68.124735,0.0],[16.663856,68.12448,0.0],[16.664539,68.124498,0.0],[16.664588,68.124243,0.0]]]}},{"type":"Feature","properties":{"rgi_id":"RGI2000-v7.0-G-08-00926","o1region":"08"},"geometry":{"type":"Polygon","coordinates":[[[16.698268,68.135113,0.0],[16.692114,68.134952,0.0],[16.692066,68.135207,0.0],[16.691382,68.13519,0.0],[16.69143,68.134935,0.0],[16.690746,68.134917,0.0],[16.690698,68.135172,0.0],[16.688647,68.135118,0.0],[16.688599,68.135373,0.0],[16.685864,68.135302,0.0],[16.685816,68.135557,0.0],[16.683081,68.135485,0.0],[16.683033,68.13574,0.0],[16.682349,68.135722,0.0],[16.682301,68.135977,0.0],[16.681617,68.135959,0.0],[16.681569,68.136214,0.0],[16.680886,68.136196,0.0],[16.680838,68.136451,0.0],[16.680154,68.136433,0.0],[16.68001,68.137198,0.0],[16.682745,68.13727,0.0],[16.682697,68.137524,0.0],[16.684065,68.13756,0.0],[16.684017,68.137815,0.0],[16.684701,68.137833,0.0],[16.684653,68.138088,0.0],[16.686021,68.138123,0.0],[16.685973,68.138378,0.0],[16.687341,68.138414,0.0],[16.687293,68.138669,0.0],[16.688661,68.138705,0.0],[16.688709,68.13845,0.0],[16.689393,68.138468,0.0],[16.689488,68.137958,0.0],[16.690172,68.137976,0.0],[16.690364,68.136956,0.0],[16.691731,68.136992,0.0],[16.691779,68.136737,0.0],[16.693147,68.136772,0.0],[16.693195,68.136518,0.0],[16.695246,68.136571,0.0],[16.695294,68.136316,0.0],[16.697345,68.136369,0.0],[16.697393,68.136115,0.0],[16.700812,68.136204,0.0],[16.70086,68.135949,0.0],[16.699492,68.135913,0.0],[16.69954,68.135658,0.0],[16.698856,68.13564,0.0],[16.698904,68.135385,0.0],[16.69822,68.135368,0.0],[16.698268,68.135113,0.0]]]}},{"type":"Feature","properties":{"rgi_id":"RGI2000-v7.0-G-08-00927","o1region":"08"},"geometry":{"type":"Polygon","coordinates":[[[16.632701,68.142359,0.0],[16.63248,68.142097,0.0],[16.631663,68.142075,0.0],[16.631712,68.141821,0.0],[16.62966,68.141766,0.0],[16.629611,68.142021,0.0],[16.628927,68.142003,0.0],[16.628733,68.143023,0.0],[16.628049,68.143005,0.0],[16.627904,68.143769,0.0],[16.62722,68.143751,0.0],[16.627171,68.144006,0.0],[16.626487,68.143988,0.0],[16.626439,68.144243,0.0],[16.625755,68.144225,0.0],[16.625706,68.14448,0.0],[16.625022,68.144461,0.0],[16.624974,68.144716,0.0],[16.624289,68.144698,0.0],[16.624192,68.145208,0.0],[16.623508,68.14519,0.0],[16.623411,68.1457,0.0],[16.622727,68.145682,0.0],[16.622678,68.145936,0.0],[16.621994,68.145918,0.0],[16.6218,68.146938,0.0],[16.621116,68.14692,0.0],[16.62097,68.147684,0.0],[16.620286,68.147666,0.0],[16.620189,68.148176,0.0],[16.619504,68.148158,0.0],[16.619359,68.148922,0.0],[16.618674,68.148904,0.0],[16.618626,68.149159,0.0],[16.617942,68.149141,0.0],[16.617893,68.149396,0.0],[16.617209,68.149378,0.0],[16.61716,68.149633,0.0],[16.616476,68.149615,0.0],[16.61633,68.150379,0.0],[16.617014,68.150397,0.0],[16.617063,68.150142,0.0],[16.617747,68.150161,0.0],[16.617844,68.149651,0.0],[16.619897,68.149705,0.0],[16.619945,68.14945,0.0],[16.621314,68.149487,0.0],[16.621362,68.149232,0.0],[16.624099,68.149304,0.0],[16.624293,68.148285,0.0],[16.624978,68.148303,0.0],[16.625026,68.148048,0.0],[16.627078,68.148102,0.0],[16.627273,68.147083,0.0],[16.627957,68.147101,0.0],[16.628054,68.146591,0.0],[16.628738,68.146609,0.0],[16.628787,68.146354,0.0],[16.629471,68.146372,0.0],[16.629519,68.146117,0.0],[16.630203,68.146135,0.0],[16.630252,68.145881,0.0],[16.630936,68.145899,0.0],[16.63113,68.144879,0.0],[16.631814,68.144897,0.0],[16.631862,68.144642,0.0],[16.632546,68.14466,0.0],[16.632595,68.144405,0.0],[16.633279,68.144424,0.0],[16.633521,68.143149,0.0],[16.630785,68.143077,0.0],[16.630931,68.142312,0.0],[16.632701,68.142359,0.0]]]}},{"type":"Feature","properties":{"rgi_id":"RGI2000-v7.0-G-08-00928","o1region":"08"},"geometry":{"type":"Polygon","coordinates":[[[16.616868,68.151162,0.0],[16.614131,68.151089,0.0],[16.614083,68.151344,0.0],[16.612714,68.151308,0.0],[16.612665,68.151563,0.0],[16.611981,68.151545,0.0],[16.611932,68.1518,0.0],[16.609196,68.151727,0.0],[16.609147,68.151982,0.0],[16.608463,68.151964,0.0],[16.608414,68.152218,0.0],[16.609098,68.152237,0.0],[16.609,68.152746,0.0],[16.610369,68.152783,0.0],[16.61032,68.153038,0.0],[16.61511,68.153165,0.0],[16.615159,68.15291,0.0],[16.616527,68.152946,0.0],[16.616576,68.152691,0.0],[16.61726,68.152709,0.0],[16.617309,68.152454,0.0],[16.618677,68.152491,0.0],[16.618726,68.152236,0.0],[16.61941,68.152254,0.0],[16.619508,68.151744,0.0],[16.618823,68.151726,0.0],[16.618775,68.151981,0.0],[16.618091,68.151963,0.0],[16.618139,68.151708,0.0],[16.617455,68.15169,0.0],[16.617504,68.151435,0.0],[16.616819,68.151417,0.0],[16.616868,68.151162,0.0]]]}},{"type":"Feature","properties":{"rgi_id":"RGI2000-v7.0-G-08-00929","o1region":"08"},"geometry":{"type":"Polygon","coordinates":[[[16.616081,68.144481,0.0],[16.614713,68.144445,0.0],[16.614616,68.144954,0.0],[16.613932,68.144936,0.0],[16.613834,68.145446,0.0],[16.61315,68.145428,0.0],[16.613102,68.145683,0.0],[16.612418,68.145664,0.0],[16.612369,68.145919,0.0],[16.611685,68.145901,0.0],[16.611636,68.146156,0.0],[16.610952,68.146138,0.0],[16.610903,68.146393,0.0],[16.608851,68.146338,0.0],[16.608802,68.146593,0.0],[16.607434,68.146557,0.0],[16.607386,68.146812,0.0],[16.606017,68.146775,0.0],[16.606066,68.14652,0.0],[16.605382,68.146502,0.0],[16.605431,68.146247,0.0],[16.604747,68.146229,0.0],[16.604796,68.145974,0.0],[16.604112,68.145956,0.0],[16.604209,68.145446,0.0],[16.600105,68.145337,0.0],[16.600056,68.145592,0.0],[16.599372,68.145574,0.0],[16.599274,68.146084,0.0],[16.599958,68.146102,0.0],[16.599861,68.146612,0.0],[16.600545,68.14663,0.0],[16.600496,68.146885,0.0],[16.60118,68.146903,0.0],[16.601131,68.147158,0.0],[16.601815,68.147176,0.0],[16.601766,68.147431,0.0],[16.603819,68.147485,0.0],[16.60377,68.14774,0.0],[16.606506,68.147813,0.0],[16.606555,68.147558,0.0],[16.607239,68.147576,0.0],[16.60719,68.147831,0.0],[16.609243,68.147886,0.0],[16.60934,68.147376,0.0],[16.610708,68.147412,0.0],[16.610757,68.147157,0.0],[16.612809,68.147212,0.0],[16.612858,68.146957,0.0],[16.614226,68.146993,0.0],[16.614275,68.146738,0.0],[16.614959,68.146757,0.0],[16.615008,68.146502,0.0],[16.615692,68.14652,0.0],[16.615789,68.14601,0.0],[16.616473,68.146028,0.0],[16.616571,68.145518,0.0],[16.615887,68.1455,0.0],[16.616081,68.144481,0.0]]]}},{"type":"Feature","properties":{"rgi_id":"RGI2000-v7.0-G-08-00930","o1region":"08"},"geometry":{"type":"Polygon","coordinates":[[[16.607831,68.16245,0.0],[16.606462,68.162413,0.0],[16.606413,68.162668,0.0],[16.604359,68.162614,0.0],[16.604408,68.162359,0.0],[16.602355,68.162304,0.0],[16.602306,68.162559,0.0],[16.601621,68.162541,0.0],[16.601524,68.163051,0.0],[16.600839,68.163032,0.0],[16.600692,68.163797,0.0],[16.599323,68.163761,0.0],[16.599225,68.16427,0.0],[16.598541,68.164252,0.0],[16.598492,68.164507,0.0],[16.597807,68.164489,0.0],[16.597709,68.164998,0.0],[16.598394,68.165017,0.0],[16.598345,68.165272,0.0],[16.59903,68.16529,0.0],[16.598834,68.166309,0.0],[16.600203,68.166346,0.0],[16.60035,68.165581,0.0],[16.601035,68.165599,0.0],[16.601132,68.165089,0.0],[16.604556,68.16518,0.0],[16.604653,68.164671,0.0],[16.605338,68.164689,0.0],[16.605387,68.164434,0.0],[16.606071,68.164452,0.0],[16.606169,68.163942,0.0],[16.606854,68.163961,0.0],[16.606902,68.163706,0.0],[16.608956,68.16376,0.0],[16.609005,68.163505,0.0],[16.609689,68.163524,0.0],[16.609738,68.163269,0.0],[16.609054,68.163251,0.0],[16.609102,68.162996,0.0],[16.608418,68.162978,0.0],[16.608467,68.162723,0.0],[16.607782,68.162704,0.0],[16.607831,68.16245,0.0]],[[16.60123,68.16458,0.0],[16.601181,68.164835,0.0],[16.599812,68.164798,0.0],[16.599861,68.164543,0.0],[16.60123,68.16458,0.0]]]}},{"type":"Feature","properties":{"rgi_id":"RGI2000-v7.0-G-08-00931","o1region":"08"},"geometry":{"type":"Polygon","coordinates":[[[16.633714,68.109597,0.0],[16.632348,68.109561,0.0],[16.6323,68.109816,0.0],[16.631617,68.109798,0.0],[16.631569,68.110053,0.0],[16.630886,68.110035,0.0],[16.630837,68.11029,0.0],[16.627422,68.110199,0.0],[16.627374,68.110454,0.0],[16.626691,68.110436,0.0],[16.626642,68.110691,0.0],[16.625959,68.110673,0.0],[16.625911,68.110928,0.0],[16.625228,68.11091,0.0],[16.625131,68.111419,0.0],[16.624448,68.111401,0.0],[16.624399,68.111656,0.0],[16.623716,68.111638,0.0],[16.623522,68.112658,0.0],[16.622839,68.11264,0.0],[16.622645,68.113659,0.0],[16.623328,68.113677,0.0],[16.623231,68.114187,0.0],[16.623914,68.114205,0.0],[16.623817,68.114715,0.0],[16.625183,68.114751,0.0],[16.625135,68.115006,0.0],[16.625818,68.115024,0.0],[16.625866,68.114769,0.0],[16.62655,68.114787,0.0],[16.626501,68.115042,0.0],[16.627867,68.115078,0.0],[16.627819,68.115333,0.0],[16.629185,68.115369,0.0],[16.629234,68.115114,0.0],[16.6306,68.11515,0.0],[16.630648,68.114896,0.0],[16.631332,68.114914,0.0],[16.63138,68.114659,0.0],[16.632063,68.114677,0.0],[16.632112,68.114422,0.0],[16.632795,68.11444,0.0],[16.632843,68.114185,0.0],[16.633526,68.114203,0.0],[16.633575,68.113948,0.0],[16.634258,68.113966,0.0],[16.634355,68.113457,0.0],[16.635038,68.113475,0.0],[16.635086,68.11322,0.0],[16.634403,68.113202,0.0],[16.6345,68.112692,0.0],[16.633817,68.112674,0.0],[16.634107,68.111145,0.0],[16.63479,68.111163,0.0],[16.634887,68.110653,0.0],[16.63557,68.110671,0.0],[16.635667,68.110161,0.0],[16.634984,68.110143,0.0],[16.635032,68.109888,0.0],[16.633666,68.109852,0.0],[16.633714,68.109597,0.0]]]}},{"type":"Feature","properties":{"rgi_id":"RGI2000-v7.0-G-08-00980","o1region":"08"},"geometry":{"type":"Polygon","coordinates":[[[16.965236,68.293186,0.0],[16.962481,68.293119,0.0],[16.962391,68.293629,0.0],[16.961702,68.293612,0.0],[16.961612,68.294122,0.0],[16.960923,68.294105,0.0],[16.960878,68.29436,0.0],[16.960189,68.294344,0.0],[16.960053,68.295109,0.0],[16.960742,68.295125,0.0],[16.960697,68.29538,0.0],[16.961386,68.295397,0.0],[16.961341,68.295652,0.0],[16.96203,68.295669,0.0],[16.961984,68.295924,0.0],[16.963362,68.295957,0.0],[16.963317,68.296212,0.0],[16.966761,68.296296,0.0],[16.966806,68.296041,0.0],[16.967495,68.296057,0.0],[16.96754,68.295802,0.0],[16.969607,68.295852,0.0],[16.969652,68.295598,0.0],[16.970341,68.295614,0.0],[16.970431,68.295104,0.0],[16.969742,68.295088,0.0],[16.969832,68.294578,0.0],[16.966388,68.294494,0.0],[16.966479,68.293984,0.0],[16.96579,68.293967,0.0],[16.96588,68.293457,0.0],[16.965191,68.293441,0.0],[16.965236,68.293186,0.0]]]}},{"type":"Feature","properties":{"rgi_id":"RGI2000-v7.0-G-08-00981","o1region":"08"},"geometry":{"type":"Polygon","coordinates":[[[16.970849,68.296651,0.0],[16.968094,68.296584,0.0],[16.968049,68.296839,0.0],[16.96736,68.296822,0.0],[16.967315,68.297077,0.0],[16.965937,68.297044,0.0],[16.965892,68.297299,0.0],[16.965203,68.297282,0.0],[16.965158,68.297537,0.0],[16.964469,68.29752,0.0],[16.964424,68.297775,0.0],[16.963735,68.297759,0.0],[16.963644,68.298269,0.0],[16.962955,68.298252,0.0],[16.96291,68.298507,0.0],[16.962221,68.29849,0.0],[16.962176,68.298745,0.0],[16.961487,68.298728,0.0],[16.961352,68.299493,0.0],[16.962041,68.29951,0.0],[16.961995,68.299765,0.0],[16.962684,68.299782,0.0],[16.962639,68.300037,0.0],[16.963328,68.300054,0.0],[16.963283,68.300309,0.0],[16.964661,68.300342,0.0],[16.964616,68.300597,0.0],[16.965305,68.300614,0.0],[16.96526,68.300869,0.0],[16.966638,68.300902,0.0],[16.966593,68.301157,0.0],[16.971416,68.301274,0.0],[16.971461,68.301019,0.0],[16.97215,68.301036,0.0],[16.97224,68.300526,0.0],[16.970862,68.300492,0.0],[16.970907,68.300237,0.0],[16.971596,68.300254,0.0],[16.971641,68.299999,0.0],[16.97233,68.300016,0.0],[16.972375,68.299761,0.0],[16.973064,68.299777,0.0],[16.973154,68.299267,0.0],[16.972465,68.299251,0.0],[16.972601,68.298486,0.0],[16.973289,68.298502,0.0],[16.973335,68.298247,0.0],[16.974023,68.298264,0.0],[16.974204,68.297244,0.0],[16.973515,68.297228,0.0],[16.97356,68.296973,0.0],[16.970804,68.296906,0.0],[16.970849,68.296651,0.0]]]}},{"type":"Feature","properties":{"rgi_id":"RGI2000-v7.0-G-08-00982","o1region":"08"},"geometry":{"type":"Polygon","coordinates":[[[16.979414,68.303004,0.0],[16.978725,68.302987,0.0],[16.97868,68.303242,0.0],[16.977991,68.303226,0.0],[16.977946,68.303481,0.0],[16.977257,68.303464,0.0],[16.977212,68.303719,0.0],[16.976523,68.303702,0.0],[16.976478,68.303957,0.0],[16.975789,68.303941,0.0],[16.975698,68.30445,0.0],[16.976388,68.304467,0.0],[16.976342,68.304722,0.0],[16.979099,68.304789,0.0],[16.979144,68.304534,0.0],[16.979833,68.30455,0.0],[16.979923,68.30404,0.0],[16.979234,68.304024,0.0],[16.979414,68.303004,0.0]]]}},{"type":"Feature","properties":{"rgi_id":"RGI2000-v7.0-G-08-01731","o1region":"08"},"geometry":{"type":"Polygon","coordinates":[[[16.980286,68.576254,0.0],[16.978891,68.576221,0.0],[16.978846,68.576476,0.0],[16.978148,68.576459,0.0],[16.978057,68.576969,0.0],[16.977359,68.576952,0.0],[16.977085,68.578482,0.0],[16.97569,68.578449,0.0],[16.975645,68.578704,0.0],[16.970762,68.578587,0.0],[16.970488,68.580117,0.0],[16.971185,68.580133,0.0],[16.971094,68.580643,0.0],[16.971791,68.58066,0.0],[16.9717,68.58117,0.0],[16.969607,68.58112,0.0],[16.969653,68.580865,0.0],[16.968955,68.580848,0.0],[16.969001,68.580593,0.0],[16.966908,68.580543,0.0],[16.966863,68.580798,0.0],[16.966165,68.580781,0.0],[16.966211,68.580526,0.0],[16.965513,68.58051,0.0],[16.965559,68.580255,0.0],[16.962071,68.580171,0.0],[16.96198,68.580681,0.0],[16.962677,68.580698,0.0],[16.962631,68.580952,0.0],[16.963329,68.580969,0.0],[16.963283,68.581224,0.0],[16.964678,68.581258,0.0],[16.964632,68.581513,0.0],[16.96533,68.581529,0.0],[16.965284,68.581784,0.0],[16.965982,68.581801,0.0],[16.96589,68.582311,0.0],[16.966588,68.582328,0.0],[16.966542,68.582583,0.0],[16.967937,68.582616,0.0],[16.967892,68.582871,0.0],[16.969287,68.582905,0.0],[16.969241,68.58316,0.0],[16.969939,68.583176,0.0],[16.969893,68.583431,0.0],[16.970591,68.583448,0.0],[16.970545,68.583703,0.0],[16.971242,68.58372,0.0],[16.971197,68.583975,0.0],[16.971894,68.583991,0.0],[16.971849,68.584246,0.0],[16.972546,68.584263,0.0],[16.972501,68.584518,0.0],[16.973896,68.584552,0.0],[16.973942,68.584297,0.0],[16.975337,68.58433,0.0],[16.975383,68.584075,0.0],[16.976778,68.584108,0.0],[16.976824,68.583853,0.0],[16.977522,68.58387,0.0],[16.977567,68.583615,0.0],[16.980358,68.583682,0.0],[16.980404,68.583427,0.0],[16.981101,68.583444,0.0],[16.981147,68.583189,0.0],[16.981844,68.583205,0.0],[16.981936,68.582695,0.0],[16.982633,68.582712,0.0],[16.982725,68.582202,0.0],[16.983422,68.582219,0.0],[16.983468,68.581964,0.0],[16.984863,68.581997,0.0],[16.984909,68.581742,0.0],[16.987002,68.581792,0.0],[16.987047,68.581537,0.0],[16.987745,68.581554,0.0],[16.98779,68.581299,0.0],[16.990581,68.581365,0.0],[16.990626,68.58111,0.0],[16.991324,68.581127,0.0],[16.991415,68.580617,0.0],[16.992112,68.580634,0.0],[16.992158,68.580379,0.0],[16.992856,68.580395,0.0],[16.992901,68.58014,0.0],[16.994296,68.580174,0.0],[16.994433,68.579409,0.0],[16.993735,68.579392,0.0],[16.99369,68.579647,0.0],[16.991597,68.579597,0.0],[16.991733,68.578832,0.0],[16.991036,68.578816,0.0],[16.991081,68.578561,0.0],[16.988291,68.578494,0.0],[16.988246,68.578749,0.0],[16.986153,68.578699,0.0],[16.986199,68.578444,0.0],[16.985501,68.578427,0.0],[16.98541,68.578937,0.0],[16.984713,68.578921,0.0],[16.984667,68.579176,0.0],[16.983969,68.579159,0.0],[16.984015,68.578904,0.0],[16.983317,68.578887,0.0],[16.983363,68.578632,0.0],[16.982666,68.578616,0.0],[16.982757,68.578106,0.0],[16.982059,68.578089,0.0],[16.98215,68.577579,0.0],[16.982848,68.577596,0.0],[16.982894,68.577341,0.0],[16.982196,68.577324,0.0],[16.982242,68.577069,0.0],[16.981544,68.577052,0.0],[16.98159,68.576797,0.0],[16.980892,68.576781,0.0],[16.980938,68.576526,0.0],[16.980241,68.576509,0.0],[16.980286,68.576254,0.0]]]}},{"type":"Feature","properties":{"rgi_id":"RGI2000-v7.0-G-08-01732","o1region":"08"},"geometry":{"type":"Polygon","coordinates":[[[16.967571,68.584656,0.0],[16.967886,68.58464,0.0],[16.968175,68.584551,0.0],[16.968314,68.584418,0.0],[16.968498,68.583398,0.0],[16.9678,68.583381,0.0],[16.967846,68.583126,0.0],[16.965055,68.583059,0.0],[16.965101,68.582804,0.0],[16.963706,68.582771,0.0],[16.963752,68.582516,0.0],[16.963054,68.582499,0.0],[16.9631,68.582244,0.0],[16.962402,68.582227,0.0],[16.962448,68.581972,0.0],[16.961053,68.581939,0.0],[16.961099,68.581684,0.0],[16.960401,68.581667,0.0],[16.960447,68.581412,0.0],[16.959052,68.581379,0.0],[16.959098,68.581124,0.0],[16.957702,68.58109,0.0],[16.957657,68.581345,0.0],[16.956959,68.581328,0.0],[16.956913,68.581583,0.0],[16.956215,68.581566,0.0],[16.95617,68.581821,0.0],[16.955472,68.581805,0.0],[16.955426,68.58206,0.0],[16.954728,68.582043,0.0],[16.954591,68.582808,0.0],[16.953893,68.582791,0.0],[16.953847,68.583046,0.0],[16.953149,68.583029,0.0],[16.952966,68.584049,0.0],[16.953663,68.584066,0.0],[16.953617,68.584321,0.0],[16.954315,68.584338,0.0],[16.954269,68.584593,0.0],[16.954967,68.584609,0.0],[16.954921,68.584864,0.0],[16.957014,68.584915,0.0],[16.95706,68.58466,0.0],[16.959153,68.58471,0.0],[16.959199,68.584455,0.0],[16.964083,68.584572,0.0],[16.964128,68.584317,0.0],[16.964826,68.584334,0.0],[16.96478,68.584589,0.0],[16.965478,68.584606,0.0],[16.965524,68.584351,0.0],[16.966221,68.584368,0.0],[16.966176,68.584623,0.0],[16.967571,68.584656,0.0]]]}},{"type":"Feature","properties":{"rgi_id":"RGI2000-v7.0-G-08-01733","o1region":"08"},"geometry":{"type":"Polygon","coordinates":[[[16.961108,68.585525,0.0],[16.954829,68.585374,0.0],[16.954783,68.585629,0.0],[16.954085,68.585612,0.0],[16.954039,68.585867,0.0],[16.952644,68.585834,0.0],[16.952598,68.586089,0.0],[16.9519,68.586072,0.0],[16.951762,68.586837,0.0],[16.951065,68.58682,0.0],[16.950973,68.58733,0.0],[16.952368,68.587364,0.0],[16.952414,68.587109,0.0],[16.95381,68.587142,0.0],[16.953764,68.587397,0.0],[16.953066,68.58738,0.0],[16.95302,68.587635,0.0],[16.950927,68.587585,0.0],[16.950881,68.58784,0.0],[16.950183,68.587823,0.0],[16.950045,68.588588,0.0],[16.950743,68.588605,0.0],[16.950651,68.589115,0.0],[16.951349,68.589132,0.0],[16.951303,68.589387,0.0],[16.954094,68.589454,0.0],[16.95414,68.589199,0.0],[16.954838,68.589216,0.0],[16.954884,68.588961,0.0],[16.955581,68.588977,0.0],[16.955535,68.589232,0.0],[16.961118,68.589367,0.0],[16.961072,68.589622,0.0],[16.96177,68.589638,0.0],[16.961816,68.589383,0.0],[16.964607,68.58945,0.0],[16.964653,68.589195,0.0],[16.967444,68.589262,0.0],[16.96749,68.589007,0.0],[16.968886,68.589041,0.0],[16.968932,68.588786,0.0],[16.96963,68.588803,0.0],[16.969675,68.588548,0.0],[16.972467,68.588614,0.0],[16.972512,68.58836,0.0],[16.97321,68.588376,0.0],[16.973256,68.588121,0.0],[16.973954,68.588138,0.0],[16.973999,68.587883,0.0],[16.974697,68.5879,0.0],[16.974789,68.58739,0.0],[16.974091,68.587373,0.0],[16.974137,68.587118,0.0],[16.973439,68.587101,0.0],[16.973485,68.586846,0.0],[16.972089,68.586813,0.0],[16.972043,68.587068,0.0],[16.971345,68.587051,0.0],[16.9713,68.587306,0.0],[16.970602,68.587289,0.0],[16.970556,68.587544,0.0],[16.968463,68.587494,0.0],[16.968509,68.587239,0.0],[16.969206,68.587256,0.0],[16.969298,68.586746,0.0],[16.9686,68.586729,0.0],[16.968646,68.586474,0.0],[16.967948,68.586458,0.0],[16.967902,68.586713,0.0],[16.967205,68.586696,0.0],[16.967113,68.587206,0.0],[16.965718,68.587172,0.0],[16.965855,68.586407,0.0],[16.965157,68.586391,0.0],[16.965203,68.586136,0.0],[16.964505,68.586119,0.0],[16.964459,68.586374,0.0],[16.963064,68.58634,0.0],[16.96311,68.586085,0.0],[16.962412,68.586069,0.0],[16.962458,68.585814,0.0],[16.961063,68.58578,0.0],[16.961108,68.585525,0.0]]]}},{"type":"Feature","properties":{"rgi_id":"RGI2000-v7.0-G-08-01734","o1region":"08"},"geometry":{"type":"Polygon","coordinates":[[[16.932791,68.556162,0.0],[16.929307,68.556077,0.0],[16.929261,68.556332,0.0],[16.928565,68.556315,0.0],[16.928518,68.55657,0.0],[16.927822,68.556553,0.0],[16.927775,68.556808,0.0],[16.927079,68.556791,0.0],[16.926986,68.557301,0.0],[16.926289,68.557284,0.0],[16.926243,68.557539,0.0],[16.92694,68.557556,0.0],[16.926894,68.557811,0.0],[16.928984,68.557862,0.0],[16.929031,68.557607,0.0],[16.930424,68.557641,0.0],[16.930563,68.556876,0.0],[16.931956,68.55691,0.0],[16.93191,68.557164,0.0],[16.933304,68.557198,0.0],[16.933258,68.557453,0.0],[16.933954,68.55747,0.0],[16.933908,68.557725,0.0],[16.934605,68.557742,0.0],[16.934559,68.557997,0.0],[16.935256,68.558014,0.0],[16.93521,68.558269,0.0],[16.936603,68.558302,0.0],[16.936557,68.558557,0.0],[16.937951,68.558591,0.0],[16.938181,68.557316,0.0],[16.936788,68.557283,0.0],[16.936834,68.557028,0.0],[16.93544,68.556994,0.0],[16.935486,68.556739,0.0],[16.934093,68.556705,0.0],[16.934139,68.55645,0.0],[16.932745,68.556416,0.0],[16.932791,68.556162,0.0]]]}},{"type":"Feature","properties":{"rgi_id":"RGI2000-v7.0-G-08-01735","o1region":"08"},"geometry":{"type":"Polygon","coordinates":[[[16.939891,68.551724,0.0],[16.932925,68.551555,0.0],[16.932879,68.55181,0.0],[16.932182,68.551793,0.0],[16.93209,68.552303,0.0],[16.931393,68.552286,0.0],[16.931347,68.552541,0.0],[16.93065,68.552524,0.0],[16.930558,68.553034,0.0],[16.929861,68.553018,0.0],[16.929538,68.554802,0.0],[16.930235,68.554819,0.0],[16.930143,68.555329,0.0],[16.93293,68.555397,0.0],[16.932976,68.555142,0.0],[16.935066,68.555192,0.0],[16.935112,68.554937,0.0],[16.936506,68.554971,0.0],[16.936552,68.554716,0.0],[16.938642,68.554767,0.0],[16.938688,68.554512,0.0],[16.939385,68.554528,0.0],[16.939431,68.554274,0.0],[16.942218,68.554341,0.0],[16.942264,68.554086,0.0],[16.94296,68.554103,0.0],[16.942914,68.554358,0.0],[16.944308,68.554391,0.0],[16.944354,68.554136,0.0],[16.947141,68.554204,0.0],[16.947187,68.553949,0.0],[16.945793,68.553915,0.0],[16.945839,68.55366,0.0],[16.944446,68.553626,0.0],[16.944492,68.553372,0.0],[16.943098,68.553338,0.0],[16.943144,68.553083,0.0],[16.942448,68.553066,0.0],[16.94254,68.552556,0.0],[16.941843,68.552539,0.0],[16.941889,68.552284,0.0],[16.940496,68.552251,0.0],[16.940542,68.551996,0.0],[16.939845,68.551979,0.0],[16.939891,68.551724,0.0]]]}},{"type":"Feature","properties":{"rgi_id":"RGI2000-v7.0-G-08-01736","o1region":"08"},"geometry":{"type":"Polygon","coordinates":[[[16.03578,68.569443,0.0],[16.034387,68.569402,0.0],[16.034275,68.569911,0.0],[16.033578,68.569891,0.0],[16.033522,68.570145,0.0],[16.032129,68.570104,0.0],[16.032186,68.56985,0.0],[16.030793,68.569808,0.0],[16.030737,68.570063,0.0],[16.03004,68.570042,0.0],[16.029984,68.570297,0.0],[16.029288,68.570276,0.0],[16.029231,68.570531,0.0],[16.028535,68.57051,0.0],[16.028366,68.571274,0.0],[16.029062,68.571295,0.0],[16.029006,68.57155,0.0],[16.030398,68.571591,0.0],[16.030342,68.571846,0.0],[16.031038,68.571866,0.0],[16.030982,68.572121,0.0],[16.033071,68.572183,0.0],[16.033015,68.572437,0.0],[16.033711,68.572458,0.0],[16.033768,68.572203,0.0],[16.034464,68.572224,0.0],[16.034633,68.57146,0.0],[16.03533,68.57148,0.0],[16.035667,68.569953,0.0],[16.036364,68.569973,0.0],[16.03642,68.569719,0.0],[16.035724,68.569698,0.0],[16.03578,68.569443,0.0]]]}},{"type":"Feature","properties":{"rgi_id":"RGI2000-v7.0-G-08-01737","o1region":"08"},"geometry":{"type":"Polygon","coordinates":[[[16.035981,68.505114,0.0],[16.033898,68.505053,0.0],[16.033842,68.505307,0.0],[16.032453,68.505266,0.0],[16.032397,68.505521,0.0],[16.031009,68.50548,0.0],[16.030952,68.505734,0.0],[16.030258,68.505714,0.0],[16.030202,68.505968,0.0],[16.029507,68.505948,0.0],[16.029451,68.506202,0.0],[16.028757,68.506182,0.0],[16.028588,68.506946,0.0],[16.027894,68.506925,0.0],[16.027781,68.507434,0.0],[16.027087,68.507414,0.0],[16.026918,68.508178,0.0],[16.029696,68.50826,0.0],[16.02964,68.508515,0.0],[16.031029,68.508556,0.0],[16.030973,68.508811,0.0],[16.031667,68.508831,0.0],[16.031611,68.509086,0.0],[16.036472,68.50923,0.0],[16.036528,68.508975,0.0],[16.037223,68.508996,0.0],[16.037447,68.507977,0.0],[16.038142,68.507998,0.0],[16.038198,68.507743,0.0],[16.037503,68.507723,0.0],[16.037616,68.507213,0.0],[16.036921,68.507193,0.0],[16.036977,68.506938,0.0],[16.036283,68.506918,0.0],[16.036451,68.506154,0.0],[16.037146,68.506174,0.0],[16.037314,68.50541,0.0],[16.035925,68.505369,0.0],[16.035981,68.505114,0.0]]]}}]}
