{"type":"FeatureCollection","features":[{"type":"Feature","properties":{"rgi_id":"RGI2000-v7.0-G-01-06793","o1region":"01"},"geometry":{"type":"Polygon","coordinates":[[[-159.915527,55.961812,0.0],[-159.91619,55.96155,0.0],[-159.917233,55.961045,0.0],[-159.917417,55.960966,0.0],[-159.917805,55.960817,0.0],[-159.918014,55.960749,0.0],[-159.918355,55.960668,0.0],[-159.918733,55.960605,0.0],[-159.919138,55.960554,0.0],[-159.919559,55.96051,0.0],[-159.920855,55.960395,0.0],[-159.921275,55.960351,0.0],[-159.921679,55.960299,0.0],[-159.922057,55.960235,0.0],[-159.922399,55.960155,0.0],[-159.92261,55.960089,0.0],[-159.922811,55.960017,0.0],[-159.923203,55.95987,0.0],[-159.923578,55.959714,0.0],[-159.924375,55.959426,0.0],[-159.92475,55.95927,0.0],[-159.925269,55.959073,0.0],[-159.925517,55.958968,0.0],[-159.925688,55.958883,0.0],[-159.926178,55.958616,0.0],[-159.926782,55.958237,0.0],[-159.927069,55.958041,0.0],[-159.927364,55.957848,0.0],[-159.928221,55.957256,0.0],[-159.928516,55.957064,0.0],[-159.928804,55.956868,0.0],[-159.929419,55.956494,0.0],[-159.929586,55.956407,0.0],[-159.929776,55.95632,0.0],[-159.929994,55.956229,0.0],[-159.930245,55.95614,0.0],[-159.930662,55.956026,0.0],[-159.931122,55.955926,0.0],[-159.93242,55.955689,0.0],[-159.932718,55.955621,0.0],[-159.9329,55.955559,0.0],[-159.932949,55.955521,0.0],[-159.932932,55.955492,0.0],[-159.935046,55.955389,0.0],[-159.93523,55.955376,0.0],[-159.935339,55.955361,0.0],[-159.935385,55.95535,0.0],[-159.935422,55.955334,0.0],[-159.935446,55.955312,0.0],[-159.93546,55.955283,0.0],[-159.935467,55.955247,0.0],[-159.935464,55.955166,0.0],[-159.935429,55.955007,0.0],[-159.935454,55.954996,0.0],[-159.935662,55.954932,0.0],[-159.935835,55.954886,0.0],[-159.936165,55.954817,0.0],[-159.936577,55.954752,0.0],[-159.937044,55.954694,0.0],[-159.937538,55.954645,0.0],[-159.938025,55.954606,0.0],[-159.938472,55.954578,0.0],[-159.939047,55.954551,0.0],[-159.939218,55.954536,0.0],[-159.939378,55.954503,0.0],[-159.939523,55.954451,0.0],[-159.939687,55.954354,0.0],[-159.939982,55.954108,0.0],[-159.940387,55.953793,0.0],[-159.940558,55.953671,0.0],[-159.940757,55.953567,0.0],[-159.940782,55.95356,0.0],[-159.941892,55.953625,0.0],[-159.942149,55.953509,0.0],[-159.942204,55.953441,0.0],[-159.942856,55.953507,0.0],[-159.94362,55.953573,0.0],[-159.943993,55.953613,0.0],[-159.944473,55.95367,0.0],[-159.944805,55.95369,0.0],[-159.945146,55.953691,0.0],[-159.945488,55.953676,0.0],[-159.945821,55.953643,0.0],[-159.946136,55.953592,0.0],[-159.946422,55.953521,0.0],[-159.946614,55.953452,0.0],[-159.946968,55.953295,0.0],[-159.947134,55.95321,0.0],[-159.947289,55.953118,0.0],[-159.94774,55.952834,0.0],[-159.94812,55.952573,0.0],[-159.948339,55.952459,0.0],[-159.948623,55.952363,0.0],[-159.948949,55.952292,0.0],[-159.949304,55.95224,0.0],[-159.949676,55.952206,0.0],[-159.950054,55.952187,0.0],[-159.950429,55.952183,0.0],[-159.950791,55.952195,0.0],[-159.951274,55.952227,0.0],[-159.951572,55.952236,0.0],[-159.951878,55.952233,0.0],[-159.952186,55.952218,0.0],[-159.952489,55.952191,0.0],[-159.952782,55.952152,0.0],[-159.953254,55.952065,0.0],[-159.953632,55.952005,0.0],[-159.954035,55.951952,0.0],[-159.954453,55.951906,0.0],[-159.95609,55.951744,0.0],[-159.956637,55.95168,0.0],[-159.956837,55.951667,0.0],[-159.957051,55.951677,0.0],[-159.95727,55.951713,0.0],[-159.957559,55.951799,0.0],[-159.958141,55.952028,0.0],[-159.958365,55.95211,0.0],[-159.95879,55.952253,0.0],[-159.958981,55.952308,0.0],[-159.959206,55.952354,0.0],[-159.959375,55.95237,0.0],[-159.959464,55.952358,0.0],[-159.959461,55.952388,0.0],[-159.959527,55.952426,0.0],[-159.959694,55.952473,0.0],[-159.959944,55.95252,0.0],[-159.960601,55.952625,0.0],[-159.960959,55.952693,0.0],[-159.96125,55.952761,0.0],[-159.962064,55.95297,0.0],[-159.962288,55.953037,0.0],[-159.962475,55.95311,0.0],[-159.962641,55.953197,0.0],[-159.963093,55.953487,0.0],[-159.963256,55.953576,0.0],[-159.963746,55.953841,0.0],[-159.96409,55.954007,0.0],[-159.964426,55.954177,0.0],[-159.964777,55.954338,0.0],[-159.965117,55.954506,0.0],[-159.96547,55.954665,0.0],[-159.965812,55.954832,0.0],[-159.966166,55.954991,0.0],[-159.966508,55.955157,0.0],[-159.966862,55.955316,0.0],[-159.967204,55.955482,0.0],[-159.967558,55.955641,0.0],[-159.9679,55.955808,0.0],[-159.968254,55.955966,0.0],[-159.968596,55.956133,0.0],[-159.968951,55.956291,0.0],[-159.969308,55.956467,0.0],[-159.96974,55.95667,0.0],[-159.97061,55.957116,0.0],[-159.970794,55.957219,0.0],[-159.971087,55.957391,0.0],[-159.971184,55.957455,0.0],[-159.971234,55.957503,0.0],[-159.971239,55.957529,0.0],[-159.971244,55.95757,0.0],[-159.971291,55.957665,0.0],[-159.971379,55.957801,0.0],[-159.971576,55.958062,0.0],[-159.971722,55.958277,0.0],[-159.971865,55.958519,0.0],[-159.972278,55.959279,0.0],[-159.972414,55.9595,0.0],[-159.972607,55.959779,0.0],[-159.972718,55.959982,0.0],[-159.97281,55.960197,0.0],[-159.972889,55.960421,0.0],[-159.973109,55.961106,0.0],[-159.973193,55.961326,0.0],[-159.973292,55.961537,0.0],[-159.973413,55.961733,0.0],[-159.973564,55.961909,0.0],[-159.973693,55.962021,0.0],[-159.973833,55.962125,0.0],[-159.973977,55.962226,0.0],[-159.974127,55.962324,0.0],[-159.974774,55.962682,0.0],[-159.975109,55.962853,0.0],[-159.975591,55.963124,0.0],[-159.975748,55.963217,0.0],[-159.976327,55.96362,0.0],[-159.976959,55.963989,0.0],[-159.977287,55.964165,0.0],[-159.977912,55.964538,0.0],[-159.978103,55.964674,0.0],[-159.978471,55.964955,0.0],[-159.978769,55.965151,0.0],[-159.979217,55.965466,0.0],[-159.979031,55.965681,0.0],[-159.979099,55.965898,0.0],[-159.979242,55.966357,0.0],[-159.979536,55.967543,0.0],[-159.979662,55.970225,0.0],[-159.979606,55.971143,0.0],[-159.978728,55.972674,0.0],[-159.977639,55.97353,0.0],[-159.975877,55.974649,0.0],[-159.975716,55.974906,0.0],[-159.975578,55.97499,0.0],[-159.975323,55.975612,0.0],[-159.975377,55.976219,0.0],[-159.976025,55.977115,0.0],[-159.975793,55.977361,0.0],[-159.974944,55.977825,0.0],[-159.974687,55.978013,0.0],[-159.974559,55.978259,0.0],[-159.974561,55.97891,0.0],[-159.975184,55.979964,0.0],[-159.975211,55.980239,0.0],[-159.974954,55.980471,0.0],[-159.974645,55.980616,0.0],[-159.97413,55.980703,0.0],[-159.973743,55.980675,0.0],[-159.973175,55.980487,0.0],[-159.972916,55.980343,0.0],[-159.972296,55.980098,0.0],[-159.971728,55.979954,0.0],[-159.971212,55.97994,0.0],[-159.970207,55.980028,0.0],[-159.969253,55.980188,0.0],[-159.96776,55.980898,0.0],[-159.965237,55.982217,0.0],[-159.963513,55.983289,0.0],[-159.962253,55.984331,0.0],[-159.960401,55.985981,0.0],[-159.959553,55.987009,0.0],[-159.959143,55.98766,0.0],[-159.958861,55.988325,0.0],[-159.95876,55.988933,0.0],[-159.958787,55.989367,0.0],[-159.95928,55.99006,0.0],[-159.959592,55.990783,0.0],[-159.96037,55.991784,0.0],[-159.960497,55.992575,0.0],[-159.959316,55.993212,0.0],[-159.958903,55.993314,0.0],[-159.958594,55.993343,0.0],[-159.958362,55.993329,0.0],[-159.958051,55.99317,0.0],[-159.957431,55.992708,0.0],[-159.957198,55.992448,0.0],[-159.957134,55.992331,0.0],[-159.957168,55.992231,0.0],[-159.957004,55.99121,0.0],[-159.95634,55.9909,0.0],[-159.955713,55.990818,0.0],[-159.954505,55.990936,0.0],[-159.953592,55.990981,0.0],[-159.952768,55.990758,0.0],[-159.95309,55.990457,0.0],[-159.95319,55.989719,0.0],[-159.953087,55.989546,0.0],[-159.952751,55.989517,0.0],[-159.952081,55.989503,0.0],[-159.951408,55.98894,0.0],[-159.950813,55.988478,0.0],[-159.950297,55.988377,0.0],[-159.94991,55.988392,0.0],[-159.949704,55.988551,0.0],[-159.9495,55.98913,0.0],[-159.949191,55.989492,0.0],[-159.94865,55.98955,0.0],[-159.947824,55.989508,0.0],[-159.947231,55.989624,0.0],[-159.946535,55.989581,0.0],[-159.945268,55.988715,0.0],[-159.94488,55.988426,0.0],[-159.944699,55.988137,0.0],[-159.944413,55.987544,0.0],[-159.94405,55.986778,0.0],[-159.943893,55.986027,0.0],[-159.943505,55.985535,0.0],[-159.942884,55.984972,0.0],[-159.942418,55.984278,0.0],[-159.942262,55.983903,0.0],[-159.94226,55.983252,0.0],[-159.942104,55.982919,0.0],[-159.942052,55.982717,0.0],[-159.941689,55.981951,0.0],[-159.941097,55.982356,0.0],[-159.94071,55.98227,0.0],[-159.940348,55.981909,0.0],[-159.940231,55.98185,0.0],[-159.940295,55.981706,0.0],[-159.940396,55.981505,0.0],[-159.940526,55.981318,0.0],[-159.940635,55.981204,0.0],[-159.940648,55.981192,0.0],[-159.939063,55.981161,0.0],[-159.937237,55.981252,0.0],[-159.934978,55.981194,0.0],[-159.934204,55.980832,0.0],[-159.933394,55.980244,0.0],[-159.931995,55.97917,0.0],[-159.928919,55.977837,0.0],[-159.927647,55.977558,0.0],[-159.926624,55.977552,0.0],[-159.925039,55.977231,0.0],[-159.923842,55.976776,0.0],[-159.922193,55.976058,0.0],[-159.920648,55.974705,0.0],[-159.919599,55.9739,0.0],[-159.918891,55.973306,0.0],[-159.91752,55.972402,0.0],[-159.916093,55.971787,0.0],[-159.914776,55.971224,0.0],[-159.913322,55.970439,0.0],[-159.912463,55.969905,0.0],[-159.912545,55.969886,0.0],[-159.914995,55.969797,0.0],[-159.915562,55.969609,0.0],[-159.915709,55.969467,0.0],[-159.915823,55.969456,0.0],[-159.917003,55.969168,0.0],[-159.917871,55.968839,0.0],[-159.919042,55.968494,0.0],[-159.919799,55.968113,0.0],[-159.920031,55.967644,0.0],[-159.919701,55.96686,0.0],[-159.919426,55.966416,0.0],[-159.918645,55.965369,0.0],[-159.918074,55.964538,0.0],[-159.918073,55.964539,0.0],[-159.917501,55.963538,0.0],[-159.917167,55.96278,0.0],[-159.916199,55.962054,0.0],[-159.915527,55.961812,0.0]],[[-159.950541,55.976368,0.0],[-159.951396,55.976685,0.0],[-159.952185,55.976524,0.0],[-159.952554,55.976172,0.0],[-159.953477,55.975553,0.0],[-159.954523,55.975167,0.0],[-159.955807,55.974674,0.0],[-159.956469,55.974021,0.0],[-159.95587,55.973479,0.0],[-159.954411,55.973409,0.0],[-159.95365,55.973448,0.0],[-159.952651,55.973593,0.0],[-159.951998,55.973769,0.0],[-159.951114,55.974099,0.0],[-159.950874,55.974731,0.0],[-159.950627,55.975315,0.0],[-159.949866,55.975878,0.0],[-159.950541,55.976368,0.0]]]}},{"type":"Feature","properties":{"rgi_id":"RGI2000-v7.0-G-01-06802","o1region":"01"},"geometry":{"type":"Polygon","coordinates":[[[-159.878168,55.987879,0.0],[-159.87816,55.987768,0.0],[-159.8781,55.98726,0.0],[-159.87797,55.986488,0.0],[-159.877865,55.985986,0.0],[-159.877827,55.985842,0.0],[-159.877835,55.985838,0.0],[-159.877964,55.985621,0.0],[-159.878426,55.98445,0.0],[-159.878993,55.983683,0.0],[-159.879482,55.983264,0.0],[-159.880101,55.982569,0.0],[-159.880229,55.982323,0.0],[-159.8801,55.982135,0.0],[-159.878835,55.9815,0.0],[-159.878422,55.980979,0.0],[-159.878127,55.980802,0.0],[-159.878114,55.980732,0.0],[-159.878113,55.980614,0.0],[-159.878181,55.980183,0.0],[-159.878195,55.979979,0.0],[-159.878213,55.979336,0.0],[-159.878226,55.979129,0.0],[-159.878252,55.978936,0.0],[-159.878276,55.978811,0.0],[-159.878288,55.978685,0.0],[-159.878268,55.978546,0.0],[-159.878213,55.9784,0.0],[-159.878128,55.978252,0.0],[-159.87776,55.977711,0.0],[-159.877625,55.977527,0.0],[-159.87749,55.977363,0.0],[-159.877386,55.977255,0.0],[-159.878494,55.976931,0.0],[-159.879577,55.976424,0.0],[-159.880685,55.975686,0.0],[-159.881999,55.974659,0.0],[-159.88272,55.974008,0.0],[-159.883029,55.973647,0.0],[-159.883005,55.973172,0.0],[-159.883595,55.972921,0.0],[-159.884017,55.9729,0.0],[-159.884194,55.972939,0.0],[-159.884977,55.973043,0.0],[-159.885967,55.973375,0.0],[-159.886465,55.973826,0.0],[-159.886801,55.974334,0.0],[-159.887175,55.975078,0.0],[-159.887655,55.97596,0.0],[-159.887753,55.976574,0.0],[-159.887866,55.977283,0.0],[-159.888217,55.977886,0.0],[-159.888999,55.978514,0.0],[-159.890282,55.978545,0.0],[-159.890736,55.978297,0.0],[-159.89121,55.978371,0.0],[-159.891674,55.978371,0.0],[-159.893272,55.977676,0.0],[-159.89469,55.977357,0.0],[-159.895773,55.977415,0.0],[-159.897089,55.977645,0.0],[-159.898018,55.978006,0.0],[-159.898147,55.978209,0.0],[-159.898122,55.978613,0.0],[-159.898148,55.978888,0.0],[-159.898406,55.979076,0.0],[-159.898897,55.979162,0.0],[-159.900702,55.979263,0.0],[-159.901837,55.979363,0.0],[-159.902304,55.979377,0.0],[-159.90294,55.979917,0.0],[-159.903827,55.981207,0.0],[-159.904267,55.982901,0.0],[-159.903802,55.984258,0.0],[-159.903611,55.986269,0.0],[-159.902409,55.987282,0.0],[-159.901053,55.988398,0.0],[-159.89911,55.990115,0.0],[-159.898893,55.990889,0.0],[-159.899442,55.992196,0.0],[-159.899623,55.993331,0.0],[-159.899695,55.994852,0.0],[-159.898296,55.994636,0.0],[-159.894944,55.994993,0.0],[-159.894666,55.995388,0.0],[-159.894617,55.996153,0.0],[-159.893632,55.996393,0.0],[-159.891527,55.996021,0.0],[-159.890022,55.995808,0.0],[-159.889818,55.99568,0.0],[-159.889482,55.995448,0.0],[-159.889198,55.995188,0.0],[-159.889301,55.994697,0.0],[-159.8893,55.994567,0.0],[-159.88961,55.994306,0.0],[-159.890332,55.994089,0.0],[-159.890899,55.994089,0.0],[-159.890976,55.993915,0.0],[-159.889169,55.993251,0.0],[-159.888421,55.993107,0.0],[-159.887905,55.993295,0.0],[-159.887751,55.99357,0.0],[-159.887648,55.993656,0.0],[-159.887416,55.993685,0.0],[-159.8869,55.993657,0.0],[-159.886487,55.993642,0.0],[-159.886203,55.993541,0.0],[-159.885945,55.993426,0.0],[-159.885893,55.993194,0.0],[-159.886047,55.993006,0.0],[-159.886228,55.992804,0.0],[-159.886202,55.992573,0.0],[-159.88566,55.992717,0.0],[-159.885196,55.993021,0.0],[-159.884655,55.993441,0.0],[-159.884113,55.993586,0.0],[-159.882849,55.993586,0.0],[-159.881301,55.993413,0.0],[-159.880811,55.993269,0.0],[-159.880165,55.992864,0.0],[-159.8797,55.992185,0.0],[-159.879208,55.99058,0.0],[-159.878897,55.989612,0.0],[-159.878715,55.988411,0.0],[-159.878663,55.987891,0.0],[-159.878637,55.987804,0.0],[-159.878405,55.98779,0.0],[-159.878198,55.987833,0.0],[-159.878168,55.987879,0.0]]]}},{"type":"Feature","properties":{"rgi_id":"RGI2000-v7.0-G-01-06807","o1region":"01"},"geometry":{"type":"Polygon","coordinates":[[[-159.877386,55.977255,0.0],[-159.87749,55.977363,0.0],[-159.877625,55.977527,0.0],[-159.87776,55.977711,0.0],[-159.878128,55.978252,0.0],[-159.878213,55.9784,0.0],[-159.878268,55.978546,0.0],[-159.878288,55.978685,0.0],[-159.878276,55.978811,0.0],[-159.878252,55.978936,0.0],[-159.878226,55.979129,0.0],[-159.878213,55.979336,0.0],[-159.878195,55.979979,0.0],[-159.878181,55.980183,0.0],[-159.878113,55.980614,0.0],[-159.878114,55.980732,0.0],[-159.878127,55.980802,0.0],[-159.878061,55.980763,0.0],[-159.87776,55.980715,0.0],[-159.8777,55.980705,0.0],[-159.876643,55.981211,0.0],[-159.876488,55.981501,0.0],[-159.876773,55.982354,0.0],[-159.876593,55.982788,0.0],[-159.875872,55.983482,0.0],[-159.87479,55.984364,0.0],[-159.874145,55.985044,0.0],[-159.873915,55.986244,0.0],[-159.873992,55.986635,0.0],[-159.874431,55.986982,0.0],[-159.874792,55.986996,0.0],[-159.875128,55.986952,0.0],[-159.875463,55.98675,0.0],[-159.875978,55.986518,0.0],[-159.876571,55.986359,0.0],[-159.877268,55.986127,0.0],[-159.877646,55.985935,0.0],[-159.877827,55.985842,0.0],[-159.877865,55.985986,0.0],[-159.87797,55.986488,0.0],[-159.8781,55.98726,0.0],[-159.87816,55.987768,0.0],[-159.878168,55.987879,0.0],[-159.878129,55.98794,0.0],[-159.877606,55.988744,0.0],[-159.876807,55.989309,0.0],[-159.876214,55.989526,0.0],[-159.875492,55.989627,0.0],[-159.873919,55.99025,0.0],[-159.873352,55.990712,0.0],[-159.873095,55.991291,0.0],[-159.873147,55.991595,0.0],[-159.873379,55.991869,0.0],[-159.873947,55.992317,0.0],[-159.874799,55.99291,0.0],[-159.874825,55.992945,0.0],[-159.87529,55.994797,0.0],[-159.875214,55.995602,0.0],[-159.874507,55.996952,0.0],[-159.873911,55.998354,0.0],[-159.873383,55.998895,0.0],[-159.872736,55.999327,0.0],[-159.872835,55.999951,0.0],[-159.873202,56.000333,0.0],[-159.874086,56.000747,0.0],[-159.875487,56.001192,0.0],[-159.876353,56.001492,0.0],[-159.876765,56.002158,0.0],[-159.876084,56.003015,0.0],[-159.875324,56.003015,0.0],[-159.874214,56.002972,0.0],[-159.873595,56.002987,0.0],[-159.872872,56.003059,0.0],[-159.871711,56.003306,0.0],[-159.871191,56.003405,0.0],[-159.87092,56.003363,0.0],[-159.868245,56.003267,0.0],[-159.866087,56.003202,0.0],[-159.865173,56.003247,0.0],[-159.864436,56.003271,0.0],[-159.864176,56.003192,0.0],[-159.863298,56.003004,0.0],[-159.861879,56.002788,0.0],[-159.86046,56.002774,0.0],[-159.856202,56.002818,0.0],[-159.854395,56.002919,0.0],[-159.853363,56.003006,0.0],[-159.852641,56.003151,0.0],[-159.851635,56.003484,0.0],[-159.850912,56.00386,0.0],[-159.85037,56.004438,0.0],[-159.850061,56.00506,0.0],[-159.849855,56.005581,0.0],[-159.849597,56.005884,0.0],[-159.849416,56.006014,0.0],[-159.849158,56.006101,0.0],[-159.848539,56.006145,0.0],[-159.847507,56.006145,0.0],[-159.846552,56.006232,0.0],[-159.845029,56.006506,0.0],[-159.844513,56.006492,0.0],[-159.844152,56.006434,0.0],[-159.843739,56.006261,0.0],[-159.84371,56.00624,0.0],[-159.841842,56.005654,0.0],[-159.840057,56.004713,0.0],[-159.839101,56.003845,0.0],[-159.838349,56.002967,0.0],[-159.838095,56.002007,0.0],[-159.83812,56.000863,0.0],[-159.838797,55.999971,0.0],[-159.839577,55.999075,0.0],[-159.840171,55.998303,0.0],[-159.841189,55.997623,0.0],[-159.841965,55.997356,0.0],[-159.843885,55.997205,0.0],[-159.845028,55.99732,0.0],[-159.84612,55.997376,0.0],[-159.846345,55.997269,0.0],[-159.847867,55.997052,0.0],[-159.848231,55.996903,0.0],[-159.847956,55.996432,0.0],[-159.84855,55.995659,0.0],[-159.849398,55.995846,0.0],[-159.850577,55.996188,0.0],[-159.852228,55.996278,0.0],[-159.85315,55.99629,0.0],[-159.855282,55.996184,0.0],[-159.856703,55.996114,0.0],[-159.857706,55.996636,0.0],[-159.857805,55.997261,0.0],[-159.857716,55.997439,0.0],[-159.857749,55.997455,0.0],[-159.858421,55.997903,0.0],[-159.860099,55.999421,0.0],[-159.860098,55.999421,0.0],[-159.860767,55.999925,0.0],[-159.861155,56.000142,0.0],[-159.861696,56.00033,0.0],[-159.862058,56.000359,0.0],[-159.862419,56.000315,0.0],[-159.862728,56.000243,0.0],[-159.862961,56.000069,0.0],[-159.862986,55.999881,0.0],[-159.862805,55.999418,0.0],[-159.862807,55.999418,0.0],[-159.862033,55.998567,0.0],[-159.861775,55.998018,0.0],[-159.861723,55.997772,0.0],[-159.861878,55.997497,0.0],[-159.862548,55.997049,0.0],[-159.863322,55.996658,0.0],[-159.863683,55.996181,0.0],[-159.863837,55.99566,0.0],[-159.863449,55.994345,0.0],[-159.862752,55.993665,0.0],[-159.861719,55.992986,0.0],[-159.8603,55.991916,0.0],[-159.859551,55.991425,0.0],[-159.859319,55.991309,0.0],[-159.858983,55.99128,0.0],[-159.856998,55.992206,0.0],[-159.856662,55.992409,0.0],[-159.856663,55.992727,0.0],[-159.856895,55.992915,0.0],[-159.858495,55.993739,0.0],[-159.858805,55.993927,0.0],[-159.858831,55.994071,0.0],[-159.858573,55.994288,0.0],[-159.857954,55.994491,0.0],[-159.857386,55.994578,0.0],[-159.856225,55.994665,0.0],[-159.853465,55.994578,0.0],[-159.852407,55.994578,0.0],[-159.851736,55.994506,0.0],[-159.85122,55.994217,0.0],[-159.851581,55.993653,0.0],[-159.851581,55.993364,0.0],[-159.851323,55.993104,0.0],[-159.850213,55.992714,0.0],[-159.849129,55.992107,0.0],[-159.84882,55.992121,0.0],[-159.848484,55.992251,0.0],[-159.847195,55.993177,0.0],[-159.846447,55.993567,0.0],[-159.844925,55.99377,0.0],[-159.843609,55.993712,0.0],[-159.842887,55.993481,0.0],[-159.841932,55.993047,0.0],[-159.841287,55.992932,0.0],[-159.840023,55.992975,0.0],[-159.839223,55.992758,0.0],[-159.838552,55.992498,0.0],[-159.837984,55.992151,0.0],[-159.837597,55.991891,0.0],[-159.83731,55.991502,0.0],[-159.837288,55.991471,0.0],[-159.837159,55.991038,0.0],[-159.83721,55.990618,0.0],[-159.837571,55.989881,0.0],[-159.838072,55.989067,0.0],[-159.838087,55.989042,0.0],[-159.838097,55.989031,0.0],[-159.838371,55.98871,0.0],[-159.838732,55.988551,0.0],[-159.839196,55.988435,0.0],[-159.839635,55.988551,0.0],[-159.839778,55.988655,0.0],[-159.839893,55.988738,0.0],[-159.840125,55.989187,0.0],[-159.840486,55.989534,0.0],[-159.840873,55.989736,0.0],[-159.841209,55.989808,0.0],[-159.841699,55.989823,0.0],[-159.844123,55.989056,0.0],[-159.845207,55.98881,0.0],[-159.845826,55.988593,0.0],[-159.846341,55.98829,0.0],[-159.846496,55.988044,0.0],[-159.846341,55.987798,0.0],[-159.845954,55.987639,0.0],[-159.845387,55.98748,0.0],[-159.844123,55.987552,0.0],[-159.843658,55.987466,0.0],[-159.843091,55.98696,0.0],[-159.842781,55.986772,0.0],[-159.840824,55.986483,0.0],[-159.840821,55.986483,0.0],[-159.840228,55.986338,0.0],[-159.840021,55.986107,0.0],[-159.839997,55.986056,0.0],[-159.839892,55.985832,0.0],[-159.839273,55.984979,0.0],[-159.839479,55.984675,0.0],[-159.840046,55.984401,0.0],[-159.840382,55.984111,0.0],[-159.840768,55.983692,0.0],[-159.840838,55.983597,0.0],[-159.840949,55.983446,0.0],[-159.841362,55.983215,0.0],[-159.841695,55.983159,0.0],[-159.842058,55.983099,0.0],[-159.843967,55.982868,0.0],[-159.844379,55.982665,0.0],[-159.844482,55.982477,0.0],[-159.84443,55.982145,0.0],[-159.844224,55.981899,0.0],[-159.844004,55.981788,0.0],[-159.843244,55.981407,0.0],[-159.843012,55.98106,0.0],[-159.843192,55.980843,0.0],[-159.843476,55.980684,0.0],[-159.843863,55.980699,0.0],[-159.844662,55.980626,0.0],[-159.844894,55.98054,0.0],[-159.844997,55.980366,0.0],[-159.84461,55.979845,0.0],[-159.84461,55.979527,0.0],[-159.845564,55.978486,0.0],[-159.84675,55.977445,0.0],[-159.847034,55.977308,0.0],[-159.847111,55.977271,0.0],[-159.847704,55.977112,0.0],[-159.848039,55.977083,0.0],[-159.848282,55.977109,0.0],[-159.848581,55.977141,0.0],[-159.848801,55.97722,0.0],[-159.849148,55.977343,0.0],[-159.849535,55.977445,0.0],[-159.850025,55.977444,0.0],[-159.85067,55.977372,0.0],[-159.851263,55.977401,0.0],[-159.85183,55.977574,0.0],[-159.85214,55.977574,0.0],[-159.853171,55.977285,0.0],[-159.853816,55.977227,0.0],[-159.85428,55.977126,0.0],[-159.854589,55.976923,0.0],[-159.854708,55.976776,0.0],[-159.854718,55.976764,0.0],[-159.854692,55.976099,0.0],[-159.854795,55.975998,0.0],[-159.855001,55.975983,0.0],[-159.855233,55.975998,0.0],[-159.856033,55.976171,0.0],[-159.856291,55.976142,0.0],[-159.856523,55.975997,0.0],[-159.85678,55.975737,0.0],[-159.857052,55.975623,0.0],[-159.857193,55.975563,0.0],[-159.8574,55.975556,0.0],[-159.859771,55.975476,0.0],[-159.860545,55.975476,0.0],[-159.861061,55.975678,0.0],[-159.861371,55.975996,0.0],[-159.861629,55.976401,0.0],[-159.861964,55.976531,0.0],[-159.862557,55.976618,0.0],[-159.865549,55.976834,0.0],[-159.866245,55.976993,0.0],[-159.866607,55.977195,0.0],[-159.866813,55.977426,0.0],[-159.866837,55.977596,0.0],[-159.866865,55.977788,0.0],[-159.866814,55.978164,0.0],[-159.866943,55.978713,0.0],[-159.867253,55.979552,0.0],[-159.867229,55.980535,0.0],[-159.867487,55.980737,0.0],[-159.867951,55.980882,0.0],[-159.868132,55.980853,0.0],[-159.868596,55.980621,0.0],[-159.868802,55.980303,0.0],[-159.868852,55.979378,0.0],[-159.868851,55.977831,0.0],[-159.868914,55.977618,0.0],[-159.868928,55.97757,0.0],[-159.869289,55.977353,0.0],[-159.870062,55.977194,0.0],[-159.870836,55.977136,0.0],[-159.871635,55.97715,0.0],[-159.871647,55.977151,0.0],[-159.873905,55.97741,0.0],[-159.874575,55.977525,0.0],[-159.875865,55.977438,0.0],[-159.877257,55.977293,0.0],[-159.877386,55.977255,0.0]]]}},{"type":"Feature","properties":{"rgi_id":"RGI2000-v7.0-G-01-06808","o1region":"01"},"geometry":{"type":"Polygon","coordinates":[[[-159.831096,55.990806,0.0],[-159.83218,55.990734,0.0],[-159.832928,55.990807,0.0],[-159.833934,55.991096,0.0],[-159.834708,55.991457,0.0],[-159.835147,55.991819,0.0],[-159.83543,55.992209,0.0],[-159.835353,55.992758,0.0],[-159.835161,55.992938,0.0],[-159.834966,55.99312,0.0],[-159.834218,55.993626,0.0],[-159.83405,55.993726,0.0],[-159.83298,55.994364,0.0],[-159.832722,55.994696,0.0],[-159.832412,55.995564,0.0],[-159.832206,55.996518,0.0],[-159.831971,55.996939,0.0],[-159.831948,55.996981,0.0],[-159.831898,55.997006,0.0],[-159.831406,55.997255,0.0],[-159.830735,55.997414,0.0],[-159.830116,55.997443,0.0],[-159.829368,55.9974,0.0],[-159.828697,55.99727,0.0],[-159.828155,55.99701,0.0],[-159.827949,55.996793,0.0],[-159.82782,55.996532,0.0],[-159.827691,55.996026,0.0],[-159.82782,55.995462,0.0],[-159.828207,55.994812,0.0],[-159.829136,55.994147,0.0],[-159.829471,55.993742,0.0],[-159.829626,55.993279,0.0],[-159.829497,55.992108,0.0],[-159.829497,55.991717,0.0],[-159.829626,55.991356,0.0],[-159.830529,55.990879,0.0],[-159.831096,55.990806,0.0]]]}},{"type":"Feature","properties":{"rgi_id":"RGI2000-v7.0-G-01-06809","o1region":"01"},"geometry":{"type":"Polygon","coordinates":[[[-159.811309,55.992641,0.0],[-159.811696,55.991832,0.0],[-159.811774,55.991051,0.0],[-159.811955,55.990877,0.0],[-159.81211,55.990805,0.0],[-159.812574,55.990834,0.0],[-159.812961,55.991094,0.0],[-159.814689,55.991745,0.0],[-159.815076,55.991818,0.0],[-159.815618,55.991818,0.0],[-159.816598,55.991673,0.0],[-159.817346,55.991341,0.0],[-159.817888,55.991008,0.0],[-159.818662,55.990647,0.0],[-159.820597,55.989938,0.0],[-159.821294,55.989519,0.0],[-159.8215,55.98923,0.0],[-159.821629,55.988709,0.0],[-159.821655,55.98829,0.0],[-159.821759,55.987726,0.0],[-159.821991,55.987394,0.0],[-159.822532,55.987321,0.0],[-159.823255,55.98735,0.0],[-159.823642,55.987495,0.0],[-159.824338,55.987929,0.0],[-159.825576,55.988276,0.0],[-159.82586,55.988478,0.0],[-159.826092,55.98871,0.0],[-159.826195,55.988999,0.0],[-159.826144,55.98923,0.0],[-159.825937,55.989491,0.0],[-159.82537,55.989838,0.0],[-159.82457,55.990228,0.0],[-159.823047,55.992296,0.0],[-159.821989,55.993438,0.0],[-159.820983,55.994074,0.0],[-159.820157,55.994811,0.0],[-159.818609,55.995896,0.0],[-159.818015,55.996185,0.0],[-159.81737,55.996402,0.0],[-159.816725,55.996561,0.0],[-159.815874,55.996691,0.0],[-159.815435,55.99698,0.0],[-159.814893,55.99724,0.0],[-159.8135,55.997789,0.0],[-159.812648,55.997963,0.0],[-159.812055,55.997962,0.0],[-159.81159,55.997847,0.0],[-159.811384,55.997644,0.0],[-159.811384,55.997427,0.0],[-159.811539,55.997211,0.0],[-159.81252,55.996517,0.0],[-159.812958,55.996141,0.0],[-159.813242,55.995779,0.0],[-159.813294,55.995418,0.0],[-159.813191,55.994984,0.0],[-159.812701,55.994492,0.0],[-159.811824,55.99387,0.0],[-159.811412,55.993437,0.0],[-159.811283,55.99322,0.0],[-159.811309,55.992641,0.0]]]}},{"type":"Feature","properties":{"rgi_id":"RGI2000-v7.0-G-01-06810","o1region":"01"},"geometry":{"type":"Polygon","coordinates":[[[-159.810294,56.005628,0.0],[-159.810262,56.005581,0.0],[-159.810185,56.005119,0.0],[-159.809953,56.004656,0.0],[-159.809669,56.004511,0.0],[-159.809282,56.004424,0.0],[-159.808869,56.004381,0.0],[-159.80843,56.004525,0.0],[-159.808198,56.00467,0.0],[-159.807965,56.005017,0.0],[-159.808094,56.005509,0.0],[-159.808215,56.005607,0.0],[-159.808127,56.005608,0.0],[-159.807718,56.005603,0.0],[-159.80732,56.005591,0.0],[-159.806941,56.005567,0.0],[-159.806587,56.005525,0.0],[-159.806353,56.005483,0.0],[-159.805454,56.005289,0.0],[-159.805211,56.005241,0.0],[-159.804768,56.005182,0.0],[-159.804259,56.005138,0.0],[-159.802671,56.005047,0.0],[-159.802234,56.005015,0.0],[-159.801897,56.004975,0.0],[-159.801688,56.004928,0.0],[-159.801629,56.004894,0.0],[-159.801636,56.004864,0.0],[-159.801617,56.00484,0.0],[-159.801634,56.004804,0.0],[-159.801689,56.004761,0.0],[-159.80182,56.004702,0.0],[-159.802009,56.004643,0.0],[-159.802243,56.004584,0.0],[-159.802772,56.004461,0.0],[-159.803028,56.004393,0.0],[-159.803252,56.00432,0.0],[-159.803286,56.004305,0.0],[-159.803605,56.004322,0.0],[-159.805024,56.004091,0.0],[-159.805618,56.00386,0.0],[-159.80616,56.003527,0.0],[-159.806806,56.002703,0.0],[-159.807004,56.002557,0.0],[-159.807296,56.002342,0.0],[-159.808354,56.001836,0.0],[-159.810264,56.001229,0.0],[-159.811452,56.000796,0.0],[-159.812613,56.000261,0.0],[-159.813749,55.999798,0.0],[-159.814136,55.999668,0.0],[-159.815013,55.999581,0.0],[-159.815916,55.999639,0.0],[-159.816716,55.999856,0.0],[-159.817077,56.000218,0.0],[-159.817258,56.000594,0.0],[-159.817128,56.001461,0.0],[-159.817076,56.002691,0.0],[-159.817282,56.003124,0.0],[-159.817669,56.003486,0.0],[-159.818289,56.00379,0.0],[-159.818521,56.00405,0.0],[-159.818701,56.004498,0.0],[-159.818701,56.005134,0.0],[-159.818881,56.005597,0.0],[-159.819062,56.005959,0.0],[-159.819552,56.006479,0.0],[-159.819741,56.006631,0.0],[-159.81972,56.006628,0.0],[-159.819425,56.006587,0.0],[-159.818509,56.006484,0.0],[-159.818214,56.006443,0.0],[-159.817741,56.006362,0.0],[-159.817446,56.00632,0.0],[-159.816536,56.006214,0.0],[-159.816244,56.006172,0.0],[-159.815779,56.006088,0.0],[-159.815492,56.006045,0.0],[-159.814625,56.005929,0.0],[-159.814358,56.005882,0.0],[-159.813951,56.005789,0.0],[-159.813558,56.005707,0.0],[-159.81337,56.005671,0.0],[-159.813184,56.005643,0.0],[-159.812993,56.00563,0.0],[-159.812801,56.005632,0.0],[-159.812152,56.005682,0.0],[-159.811874,56.005695,0.0],[-159.811585,56.0057,0.0],[-159.811291,56.005697,0.0],[-159.810999,56.005682,0.0],[-159.810517,56.00564,0.0],[-159.810294,56.005628,0.0]]]}},{"type":"Feature","properties":{"rgi_id":"RGI2000-v7.0-G-01-06811","o1region":"01"},"geometry":{"type":"Polygon","coordinates":[[[-159.828735,56.007925,0.0],[-159.828459,56.007961,0.0],[-159.828148,56.008012,0.0],[-159.827712,56.008098,0.0],[-159.827494,56.008127,0.0],[-159.827274,56.008139,0.0],[-159.827059,56.008135,0.0],[-159.826874,56.008115,0.0],[-159.826855,56.008112,0.0],[-159.826669,56.008069,0.0],[-159.826476,56.008003,0.0],[-159.82627,56.00792,0.0],[-159.826061,56.007818,0.0],[-159.82586,56.007697,0.0],[-159.825478,56.007437,0.0],[-159.82529,56.007317,0.0],[-159.825105,56.007212,0.0],[-159.82479,56.007048,0.0],[-159.824705,56.007013,0.0],[-159.824559,56.00674,0.0],[-159.82461,56.006436,0.0],[-159.824817,56.006046,0.0],[-159.825256,56.005656,0.0],[-159.826185,56.005092,0.0],[-159.82683,56.004846,0.0],[-159.827708,56.004672,0.0],[-159.828508,56.004253,0.0],[-159.829333,56.00366,0.0],[-159.829979,56.003342,0.0],[-159.830417,56.00327,0.0],[-159.830701,56.003299,0.0],[-159.830903,56.003392,0.0],[-159.83114,56.003501,0.0],[-159.831914,56.003776,0.0],[-159.832482,56.003921,0.0],[-159.833385,56.003993,0.0],[-159.834675,56.004007,0.0],[-159.835398,56.004485,0.0],[-159.836327,56.005179,0.0],[-159.838495,56.005829,0.0],[-159.839527,56.006176,0.0],[-159.840431,56.006523,0.0],[-159.84105,56.006942,0.0],[-159.841282,56.007174,0.0],[-159.840973,56.007608,0.0],[-159.840276,56.007897,0.0],[-159.839502,56.007998,0.0],[-159.838572,56.007955,0.0],[-159.837231,56.007825,0.0],[-159.835971,56.007847,0.0],[-159.83563,56.007854,0.0],[-159.831537,56.007708,0.0],[-159.830752,56.00768,0.0],[-159.829849,56.007478,0.0],[-159.828223,56.006885,0.0],[-159.827759,56.006885,0.0],[-159.827475,56.006928,0.0],[-159.827346,56.007044,0.0],[-159.827604,56.007405,0.0],[-159.828559,56.007868,0.0],[-159.828735,56.007925,0.0]]]}},{"type":"Feature","properties":{"rgi_id":"RGI2000-v7.0-G-01-06812","o1region":"01"},"geometry":{"type":"Polygon","coordinates":[[[-159.827728,56.011227,0.0],[-159.827967,56.01071,0.0],[-159.82787,56.010095,0.0],[-159.827589,56.009394,0.0],[-159.827094,56.008418,0.0],[-159.826874,56.008115,0.0],[-159.827059,56.008135,0.0],[-159.827274,56.008139,0.0],[-159.827494,56.008127,0.0],[-159.827712,56.008098,0.0],[-159.828148,56.008012,0.0],[-159.828459,56.007961,0.0],[-159.828735,56.007925,0.0],[-159.82941,56.008143,0.0],[-159.830417,56.00836,0.0],[-159.832043,56.008591,0.0],[-159.835192,56.008981,0.0],[-159.835888,56.009155,0.0],[-159.836224,56.009343,0.0],[-159.836405,56.009589,0.0],[-159.836405,56.009777,0.0],[-159.836224,56.010182,0.0],[-159.83594,56.010369,0.0],[-159.835605,56.010456,0.0],[-159.833127,56.010659,0.0],[-159.832223,56.010644,0.0],[-159.831449,56.01037,0.0],[-159.831139,56.010355,0.0],[-159.830623,56.010442,0.0],[-159.83021,56.010615,0.0],[-159.830004,56.01089,0.0],[-159.829978,56.011338,0.0],[-159.830159,56.011599,0.0],[-159.830313,56.011989,0.0],[-159.830184,56.012191,0.0],[-159.830004,56.012322,0.0],[-159.829746,56.012394,0.0],[-159.829281,56.012321,0.0],[-159.828842,56.012206,0.0],[-159.828481,56.012018,0.0],[-159.828042,56.011483,0.0],[-159.827832,56.011312,0.0],[-159.827728,56.011227,0.0]]]}},{"type":"Feature","properties":{"rgi_id":"RGI2000-v7.0-G-01-06813","o1region":"01"},"geometry":{"type":"Polygon","coordinates":[[[-159.826874,56.008115,0.0],[-159.827094,56.008418,0.0],[-159.827589,56.009394,0.0],[-159.82787,56.010095,0.0],[-159.827967,56.01071,0.0],[-159.827728,56.011227,0.0],[-159.827474,56.01102,0.0],[-159.826855,56.010644,0.0],[-159.82639,56.010471,0.0],[-159.825797,56.010355,0.0],[-159.825487,56.010369,0.0],[-159.824919,56.01047,0.0],[-159.824609,56.010789,0.0],[-159.824454,56.011295,0.0],[-159.824016,56.01209,0.0],[-159.823602,56.012581,0.0],[-159.82306,56.013333,0.0],[-159.82257,56.01381,0.0],[-159.822208,56.014302,0.0],[-159.822079,56.014794,0.0],[-159.822182,56.015271,0.0],[-159.822569,56.015603,0.0],[-159.823731,56.016298,0.0],[-159.824737,56.016818,0.0],[-159.825382,56.017425,0.0],[-159.826157,56.017946,0.0],[-159.826802,56.018322,0.0],[-159.827447,56.018438,0.0],[-159.828144,56.018467,0.0],[-159.82879,56.018438,0.0],[-159.829487,56.018337,0.0],[-159.8307,56.017903,0.0],[-159.830836,56.017874,0.0],[-159.831333,56.017435,0.0],[-159.832483,56.016292,0.0],[-159.833373,56.015448,0.0],[-159.834458,56.014537,0.0],[-159.835838,56.013554,0.0],[-159.837023,56.012638,0.0],[-159.838284,56.011546,0.0],[-159.839458,56.011203,0.0],[-159.841172,56.01169,0.0],[-159.842396,56.012316,0.0],[-159.843417,56.012952,0.0],[-159.844245,56.013654,0.0],[-159.844133,56.01405,0.0],[-159.844588,56.014692,0.0],[-159.844737,56.014927,0.0],[-159.844558,56.01564,0.0],[-159.843955,56.016356,0.0],[-159.843148,56.017082,0.0],[-159.841975,56.017426,0.0],[-159.840711,56.017202,0.0],[-159.839687,56.017196,0.0],[-159.838614,56.017534,0.0],[-159.837927,56.018369,0.0],[-159.838106,56.019499,0.0],[-159.837877,56.019508,0.0],[-159.837619,56.019566,0.0],[-159.83749,56.019696,0.0],[-159.837567,56.019913,0.0],[-159.838265,56.020534,0.0],[-159.839994,56.022277,0.0],[-159.84095,56.022766,0.0],[-159.842219,56.023675,0.0],[-159.84664,56.025745,0.0],[-159.848591,56.027078,0.0],[-159.850988,56.027989,0.0],[-159.85221,56.028384,0.0],[-159.852339,56.028298,0.0],[-159.852726,56.028254,0.0],[-159.852984,56.028399,0.0],[-159.853785,56.02944,0.0],[-159.854302,56.030206,0.0],[-159.854561,56.030828,0.0],[-159.854432,56.031045,0.0],[-159.854277,56.031088,0.0],[-159.85389,56.031074,0.0],[-159.85327,56.031001,0.0],[-159.852185,56.030842,0.0],[-159.849576,56.03012,0.0],[-159.847407,56.029744,0.0],[-159.846736,56.029759,0.0],[-159.846584,56.029775,0.0],[-159.846106,56.029488,0.0],[-159.845092,56.029296,0.0],[-159.845083,56.029267,0.0],[-159.844825,56.029065,0.0],[-159.844153,56.028675,0.0],[-159.842862,56.028082,0.0],[-159.84201,56.027807,0.0],[-159.841235,56.027605,0.0],[-159.840202,56.027287,0.0],[-159.838524,56.026737,0.0],[-159.837077,56.026376,0.0],[-159.8362,56.026217,0.0],[-159.835089,56.026231,0.0],[-159.833798,56.026289,0.0],[-159.833488,56.026231,0.0],[-159.833308,56.026159,0.0],[-159.83323,56.026015,0.0],[-159.833282,56.025928,0.0],[-159.833747,56.025798,0.0],[-159.83416,56.025725,0.0],[-159.834366,56.02561,0.0],[-159.834392,56.02532,0.0],[-159.834263,56.025161,0.0],[-159.833669,56.02493,0.0],[-159.833101,56.024858,0.0],[-159.83212,56.024786,0.0],[-159.831707,56.024728,0.0],[-159.831294,56.024626,0.0],[-159.830855,56.02441,0.0],[-159.830442,56.023976,0.0],[-159.829745,56.023556,0.0],[-159.828918,56.023238,0.0],[-159.828247,56.02292,0.0],[-159.827628,56.022761,0.0],[-159.826078,56.022747,0.0],[-159.825588,56.02253,0.0],[-159.823962,56.021676,0.0],[-159.823239,56.02146,0.0],[-159.822929,56.021459,0.0],[-159.822464,56.02159,0.0],[-159.822309,56.021749,0.0],[-159.822309,56.022009,0.0],[-159.822438,56.022197,0.0],[-159.823564,56.022883,0.0],[-159.823417,56.023228,0.0],[-159.822132,56.02352,0.0],[-159.817334,56.024838,0.0],[-159.817315,56.024832,0.0],[-159.816999,56.024767,0.0],[-159.81667,56.024723,0.0],[-159.815991,56.024649,0.0],[-159.81566,56.024606,0.0],[-159.815349,56.02455,0.0],[-159.815131,56.024497,0.0],[-159.81471,56.024383,0.0],[-159.814502,56.024324,0.0],[-159.814098,56.024199,0.0],[-159.813533,56.024048,0.0],[-159.813259,56.023968,0.0],[-159.813066,56.023899,0.0],[-159.812501,56.023683,0.0],[-159.811782,56.023372,0.0],[-159.811431,56.023211,0.0],[-159.810711,56.022901,0.0],[-159.810525,56.022828,0.0],[-159.809956,56.022615,0.0],[-159.809138,56.022369,0.0],[-159.80857,56.022156,0.0],[-159.808385,56.022082,0.0],[-159.808206,56.022003,0.0],[-159.807674,56.021766,0.0],[-159.806995,56.021428,0.0],[-159.806515,56.021156,0.0],[-159.806359,56.021062,0.0],[-159.805787,56.020654,0.0],[-159.805632,56.02056,0.0],[-159.805153,56.020286,0.0],[-159.804481,56.019945,0.0],[-159.803098,56.019287,0.0],[-159.802745,56.019127,0.0],[-159.802401,56.018961,0.0],[-159.802048,56.018801,0.0],[-159.801704,56.018635,0.0],[-159.801352,56.018476,0.0],[-159.801008,56.01831,0.0],[-159.800655,56.01815,0.0],[-159.800311,56.017984,0.0],[-159.799959,56.017824,0.0],[-159.799615,56.017658,0.0],[-159.799262,56.017498,0.0],[-159.798919,56.017332,0.0],[-159.798566,56.017173,0.0],[-159.798223,56.017007,0.0],[-159.79787,56.016847,0.0],[-159.797526,56.016681,0.0],[-159.797173,56.016521,0.0],[-159.79683,56.016355,0.0],[-159.796477,56.016196,0.0],[-159.796133,56.01603,0.0],[-159.795781,56.01587,0.0],[-159.795439,56.015703,0.0],[-159.795089,56.015541,0.0],[-159.794547,56.015264,0.0],[-159.794343,56.015154,0.0],[-159.794184,56.015058,0.0],[-159.794631,56.014807,0.0],[-159.794949,56.014817,0.0],[-159.795724,56.014788,0.0],[-159.796498,56.014586,0.0],[-159.797402,56.014427,0.0],[-159.798486,56.014413,0.0],[-159.799596,56.014457,0.0],[-159.803545,56.014776,0.0],[-159.804835,56.014921,0.0],[-159.806178,56.015297,0.0],[-159.807933,56.015746,0.0],[-159.809223,56.01618,0.0],[-159.810255,56.016657,0.0],[-159.811029,56.017163,0.0],[-159.813739,56.018827,0.0],[-159.815029,56.019854,0.0],[-159.816888,56.021083,0.0],[-159.817482,56.021242,0.0],[-159.817869,56.021242,0.0],[-159.818256,56.021097,0.0],[-159.818514,56.020881,0.0],[-159.818385,56.020563,0.0],[-159.818076,56.020129,0.0],[-159.817405,56.019579,0.0],[-159.816192,56.018856,0.0],[-159.815288,56.018466,0.0],[-159.814437,56.017742,0.0],[-159.813611,56.016875,0.0],[-159.812966,56.016513,0.0],[-159.812114,56.016253,0.0],[-159.811727,56.016079,0.0],[-159.81134,56.015718,0.0],[-159.810824,56.015139,0.0],[-159.810566,56.014922,0.0],[-159.81005,56.014705,0.0],[-159.809405,56.014488,0.0],[-159.808372,56.014228,0.0],[-159.807934,56.013909,0.0],[-159.807469,56.01362,0.0],[-159.807031,56.013504,0.0],[-159.806127,56.013504,0.0],[-159.804708,56.013359,0.0],[-159.80334,56.013287,0.0],[-159.802772,56.01333,0.0],[-159.801739,56.013576,0.0],[-159.801352,56.013691,0.0],[-159.800965,56.01372,0.0],[-159.8005,56.013648,0.0],[-159.79939,56.013358,0.0],[-159.798616,56.013184,0.0],[-159.7981,56.013184,0.0],[-159.797583,56.013372,0.0],[-159.796886,56.013545,0.0],[-159.796422,56.013617,0.0],[-159.795983,56.013617,0.0],[-159.795596,56.013444,0.0],[-159.795467,56.01327,0.0],[-159.795622,56.01301,0.0],[-159.795596,56.012793,0.0],[-159.79539,56.012648,0.0],[-159.795132,56.012547,0.0],[-159.794616,56.012561,0.0],[-159.794306,56.012677,0.0],[-159.793919,56.012344,0.0],[-159.793661,56.012055,0.0],[-159.793274,56.011823,0.0],[-159.791984,56.011476,0.0],[-159.79152,56.011476,0.0],[-159.791261,56.011606,0.0],[-159.791149,56.011695,0.0],[-159.790445,56.011672,0.0],[-159.79038,56.011178,0.0],[-159.790269,56.010576,0.0],[-159.790227,56.010225,0.0],[-159.790234,56.01005,0.0],[-159.790252,56.00997,0.0],[-159.790282,56.009896,0.0],[-159.790331,56.00983,0.0],[-159.790393,56.009777,0.0],[-159.790537,56.009678,0.0],[-159.7906,56.009625,0.0],[-159.790647,56.009564,0.0],[-159.790681,56.009497,0.0],[-159.790779,56.009212,0.0],[-159.790816,56.009147,0.0],[-159.790866,56.009087,0.0],[-159.790933,56.009036,0.0],[-159.791169,56.008898,0.0],[-159.791416,56.008683,0.0],[-159.791653,56.008546,0.0],[-159.791722,56.008495,0.0],[-159.791774,56.008437,0.0],[-159.791811,56.008371,0.0],[-159.791908,56.008076,0.0],[-159.791952,56.007994,0.0],[-159.792013,56.007915,0.0],[-159.792092,56.007842,0.0],[-159.792258,56.007709,0.0],[-159.792321,56.007646,0.0],[-159.792363,56.007586,0.0],[-159.792384,56.007534,0.0],[-159.792388,56.007497,0.0],[-159.792379,56.007478,0.0],[-159.792424,56.007483,0.0],[-159.79249,56.007466,0.0],[-159.792567,56.007428,0.0],[-159.792661,56.007353,0.0],[-159.792751,56.007251,0.0],[-159.79294,56.007005,0.0],[-159.793052,56.006882,0.0],[-159.79316,56.006788,0.0],[-159.793376,56.006624,0.0],[-159.793635,56.006411,0.0],[-159.79394,56.006223,0.0],[-159.794217,56.006022,0.0],[-159.794323,56.005961,0.0],[-159.794548,56.005846,0.0],[-159.794762,56.005726,0.0],[-159.794882,56.005671,0.0],[-159.795038,56.00562,0.0],[-159.795212,56.005578,0.0],[-159.795399,56.005541,0.0],[-159.795978,56.00544,0.0],[-159.79616,56.005401,0.0],[-159.796327,56.005355,0.0],[-159.796725,56.005211,0.0],[-159.796908,56.005164,0.0],[-159.797111,56.005127,0.0],[-159.797329,56.005097,0.0],[-159.797798,56.005052,0.0],[-159.798543,56.005004,0.0],[-159.801636,56.004864,0.0],[-159.801629,56.004894,0.0],[-159.801688,56.004928,0.0],[-159.801897,56.004975,0.0],[-159.802234,56.005015,0.0],[-159.802671,56.005047,0.0],[-159.804259,56.005138,0.0],[-159.804768,56.005182,0.0],[-159.805211,56.005241,0.0],[-159.805454,56.005289,0.0],[-159.806353,56.005483,0.0],[-159.806587,56.005525,0.0],[-159.806941,56.005567,0.0],[-159.80732,56.005591,0.0],[-159.807718,56.005603,0.0],[-159.808127,56.005608,0.0],[-159.808215,56.005607,0.0],[-159.808378,56.00574,0.0],[-159.809049,56.006015,0.0],[-159.809797,56.006232,0.0],[-159.810132,56.006275,0.0],[-159.810287,56.006261,0.0],[-159.810442,56.006131,0.0],[-159.81052,56.005957,0.0],[-159.810294,56.005628,0.0],[-159.810517,56.00564,0.0],[-159.810999,56.005682,0.0],[-159.811291,56.005697,0.0],[-159.811585,56.0057,0.0],[-159.811874,56.005695,0.0],[-159.812152,56.005682,0.0],[-159.812801,56.005632,0.0],[-159.812993,56.00563,0.0],[-159.813184,56.005643,0.0],[-159.81337,56.005671,0.0],[-159.813558,56.005707,0.0],[-159.813951,56.005789,0.0],[-159.814358,56.005882,0.0],[-159.814625,56.005929,0.0],[-159.815492,56.006045,0.0],[-159.815779,56.006088,0.0],[-159.816244,56.006172,0.0],[-159.816536,56.006214,0.0],[-159.817446,56.00632,0.0],[-159.817741,56.006362,0.0],[-159.818214,56.006443,0.0],[-159.818509,56.006484,0.0],[-159.819425,56.006587,0.0],[-159.81972,56.006628,0.0],[-159.819741,56.006631,0.0],[-159.819965,56.006812,0.0],[-159.820662,56.007043,0.0],[-159.821539,56.00713,0.0],[-159.822442,56.007116,0.0],[-159.822933,56.00726,0.0],[-159.823501,56.007515,0.0],[-159.823707,56.007607,0.0],[-159.824533,56.008128,0.0],[-159.824945,56.008287,0.0],[-159.825229,56.008331,0.0],[-159.825539,56.008273,0.0],[-159.82559,56.008241,0.0],[-159.825746,56.008143,0.0],[-159.825591,56.007781,0.0],[-159.825173,56.007449,0.0],[-159.82513,56.007415,0.0],[-159.824972,56.007289,0.0],[-159.824714,56.007029,0.0],[-159.824705,56.007013,0.0],[-159.82479,56.007048,0.0],[-159.825105,56.007212,0.0],[-159.82529,56.007317,0.0],[-159.825478,56.007437,0.0],[-159.82586,56.007697,0.0],[-159.826061,56.007818,0.0],[-159.82627,56.00792,0.0],[-159.826476,56.008003,0.0],[-159.826669,56.008069,0.0],[-159.826855,56.008112,0.0],[-159.826874,56.008115,0.0]],[[-159.824969,56.020852,0.0],[-159.825124,56.020997,0.0],[-159.825511,56.021069,0.0],[-159.826208,56.021156,0.0],[-159.826569,56.021315,0.0],[-159.826672,56.02146,0.0],[-159.827215,56.021518,0.0],[-159.827938,56.02159,0.0],[-159.828222,56.02159,0.0],[-159.828402,56.021431,0.0],[-159.82848,56.021257,0.0],[-159.828273,56.021026,0.0],[-159.827473,56.021069,0.0],[-159.827034,56.021026,0.0],[-159.826673,56.020939,0.0],[-159.826414,56.020708,0.0],[-159.826208,56.020635,0.0],[-159.825278,56.020505,0.0],[-159.825098,56.020534,0.0],[-159.824969,56.020679,0.0],[-159.824969,56.020852,0.0]]]}},{"type":"Feature","properties":{"rgi_id":"RGI2000-v7.0-G-01-06814","o1region":"01"},"geometry":{"type":"Polygon","coordinates":[[[-159.795424,56.035131,0.0],[-159.795331,56.034724,0.0],[-159.795263,56.034472,0.0],[-159.795185,56.034228,0.0],[-159.795091,56.033994,0.0],[-159.794976,56.033774,0.0],[-159.794794,56.0335,0.0],[-159.794676,56.033296,0.0],[-159.79437,56.032654,0.0],[-159.794259,56.032446,0.0],[-159.79413,56.03225,0.0],[-159.793972,56.032073,0.0],[-159.793841,56.031963,0.0],[-159.793554,56.031759,0.0],[-159.793402,56.031663,0.0],[-159.79324,56.031573,0.0],[-159.792742,56.031313,0.0],[-159.792047,56.030986,0.0],[-159.790276,56.030191,0.0],[-159.78958,56.029865,0.0],[-159.788915,56.029518,0.0],[-159.788614,56.029324,0.0],[-159.788469,56.029223,0.0],[-159.788333,56.029116,0.0],[-159.788178,56.028956,0.0],[-159.788046,56.028781,0.0],[-159.787929,56.028596,0.0],[-159.787706,56.028218,0.0],[-159.787586,56.028034,0.0],[-159.787394,56.027768,0.0],[-159.787278,56.027563,0.0],[-159.787184,56.027344,0.0],[-159.787106,56.027114,0.0],[-159.787041,56.026875,0.0],[-159.786932,56.026384,0.0],[-159.786835,56.025882,0.0],[-159.786764,56.02561,0.0],[-159.786761,56.0256,0.0],[-159.786883,56.025572,0.0],[-159.787193,56.025269,0.0],[-159.787115,56.025081,0.0],[-159.786677,56.024849,0.0],[-159.786359,56.024742,0.0],[-159.786281,56.024716,0.0],[-159.785515,56.024458,0.0],[-159.785036,56.024317,0.0],[-159.785165,56.024215,0.0],[-159.785261,56.024129,0.0],[-159.785305,56.024065,0.0],[-159.785299,56.024032,0.0],[-159.785285,56.023895,0.0],[-159.785259,56.023742,0.0],[-159.785166,56.023332,0.0],[-159.785095,56.023099,0.0],[-159.785005,56.022865,0.0],[-159.784896,56.022642,0.0],[-159.784764,56.022442,0.0],[-159.784628,56.022291,0.0],[-159.784375,56.022043,0.0],[-159.784153,56.021791,0.0],[-159.783805,56.021433,0.0],[-159.783704,56.021283,0.0],[-159.783632,56.02112,0.0],[-159.783583,56.02095,0.0],[-159.783557,56.020777,0.0],[-159.783555,56.020605,0.0],[-159.783579,56.020439,0.0],[-159.783635,56.020283,0.0],[-159.783712,56.020157,0.0],[-159.784044,56.019651,0.0],[-159.784145,56.019532,0.0],[-159.784267,56.019422,0.0],[-159.784526,56.019209,0.0],[-159.784659,56.019105,0.0],[-159.784953,56.018909,0.0],[-159.785237,56.018709,0.0],[-159.785541,56.018519,0.0],[-159.785829,56.018322,0.0],[-159.786135,56.018133,0.0],[-159.786422,56.017936,0.0],[-159.786763,56.017718,0.0],[-159.787494,56.017195,0.0],[-159.787905,56.016859,0.0],[-159.787987,56.016781,0.0],[-159.788024,56.016724,0.0],[-159.78802,56.016696,0.0],[-159.788053,56.016698,0.0],[-159.788115,56.01669,0.0],[-159.788198,56.016671,0.0],[-159.788291,56.016639,0.0],[-159.788386,56.016594,0.0],[-159.788678,56.016416,0.0],[-159.789003,56.016252,0.0],[-159.789087,56.016203,0.0],[-159.789154,56.016151,0.0],[-159.789276,56.016043,0.0],[-159.789344,56.015992,0.0],[-159.78967,56.015814,0.0],[-159.789928,56.015603,0.0],[-159.790254,56.015425,0.0],[-159.790512,56.015215,0.0],[-159.790838,56.015036,0.0],[-159.791095,56.014826,0.0],[-159.791422,56.014648,0.0],[-159.79149,56.014597,0.0],[-159.791612,56.014488,0.0],[-159.791679,56.014437,0.0],[-159.791763,56.014387,0.0],[-159.792087,56.014224,0.0],[-159.79238,56.014045,0.0],[-159.792474,56.014,0.0],[-159.792567,56.013969,0.0],[-159.79265,56.013949,0.0],[-159.792713,56.013941,0.0],[-159.792746,56.013944,0.0],[-159.792753,56.013964,0.0],[-159.792794,56.01401,0.0],[-159.792869,56.014075,0.0],[-159.793326,56.014467,0.0],[-159.793549,56.014644,0.0],[-159.793739,56.014775,0.0],[-159.79414,56.015032,0.0],[-159.794184,56.015058,0.0],[-159.794343,56.015154,0.0],[-159.794547,56.015264,0.0],[-159.795089,56.015541,0.0],[-159.795439,56.015703,0.0],[-159.795781,56.01587,0.0],[-159.796133,56.01603,0.0],[-159.796477,56.016196,0.0],[-159.79683,56.016355,0.0],[-159.797173,56.016521,0.0],[-159.797526,56.016681,0.0],[-159.79787,56.016847,0.0],[-159.798223,56.017007,0.0],[-159.798566,56.017173,0.0],[-159.798919,56.017332,0.0],[-159.799262,56.017498,0.0],[-159.799615,56.017658,0.0],[-159.799959,56.017824,0.0],[-159.800311,56.017984,0.0],[-159.800655,56.01815,0.0],[-159.801008,56.01831,0.0],[-159.801352,56.018476,0.0],[-159.801704,56.018635,0.0],[-159.802048,56.018801,0.0],[-159.802401,56.018961,0.0],[-159.802745,56.019127,0.0],[-159.803098,56.019287,0.0],[-159.804481,56.019945,0.0],[-159.805153,56.020286,0.0],[-159.805632,56.02056,0.0],[-159.805787,56.020654,0.0],[-159.806359,56.021062,0.0],[-159.806515,56.021156,0.0],[-159.806995,56.021428,0.0],[-159.807674,56.021766,0.0],[-159.808206,56.022003,0.0],[-159.808385,56.022082,0.0],[-159.80857,56.022156,0.0],[-159.809138,56.022369,0.0],[-159.809956,56.022615,0.0],[-159.810525,56.022828,0.0],[-159.810711,56.022901,0.0],[-159.811431,56.023211,0.0],[-159.811782,56.023372,0.0],[-159.812501,56.023683,0.0],[-159.813066,56.023899,0.0],[-159.813259,56.023968,0.0],[-159.813533,56.024048,0.0],[-159.814098,56.024199,0.0],[-159.814502,56.024324,0.0],[-159.81471,56.024383,0.0],[-159.815131,56.024497,0.0],[-159.815349,56.02455,0.0],[-159.81566,56.024606,0.0],[-159.815991,56.024649,0.0],[-159.81667,56.024723,0.0],[-159.816999,56.024767,0.0],[-159.817315,56.024832,0.0],[-159.817334,56.024838,0.0],[-159.816049,56.02519,0.0],[-159.816182,56.025398,0.0],[-159.813916,56.025854,0.0],[-159.812522,56.025868,0.0],[-159.812264,56.025926,0.0],[-159.812109,56.026042,0.0],[-159.812135,56.026244,0.0],[-159.812341,56.026316,0.0],[-159.81278,56.026374,0.0],[-159.813658,56.026375,0.0],[-159.814355,56.026331,0.0],[-159.816318,56.025941,0.0],[-159.816535,56.025947,0.0],[-159.816726,56.026244,0.0],[-159.817726,56.027395,0.0],[-159.819238,56.027893,0.0],[-159.820387,56.028694,0.0],[-159.820742,56.029649,0.0],[-159.819852,56.030578,0.0],[-159.81962,56.030466,0.0],[-159.819267,56.030306,0.0],[-159.818923,56.03014,0.0],[-159.818571,56.029981,0.0],[-159.818568,56.029979,0.0],[-159.817717,56.030653,0.0],[-159.815852,56.031816,0.0],[-159.814832,56.032652,0.0],[-159.813464,56.03372,0.0],[-159.813045,56.034312,0.0],[-159.813516,56.034558,0.0],[-159.813008,56.035238,0.0],[-159.813034,56.035383,0.0],[-159.813292,56.035542,0.0],[-159.813989,56.035773,0.0],[-159.81435,56.035932,0.0],[-159.81448,56.036077,0.0],[-159.814531,56.036279,0.0],[-159.814454,56.036395,0.0],[-159.814195,56.036438,0.0],[-159.813653,56.036424,0.0],[-159.81342,56.036453,0.0],[-159.813317,56.036583,0.0],[-159.813317,56.036944,0.0],[-159.813239,56.037508,0.0],[-159.813368,56.037638,0.0],[-159.813497,56.037682,0.0],[-159.813627,56.037653,0.0],[-159.813838,56.03813,0.0],[-159.813887,56.038442,0.0],[-159.813858,56.038448,0.0],[-159.813574,56.038549,0.0],[-159.813316,56.038882,0.0],[-159.813161,56.039214,0.0],[-159.81298,56.039865,0.0],[-159.81298,56.040067,0.0],[-159.81316,56.040255,0.0],[-159.813599,56.040516,0.0],[-159.814555,56.040935,0.0],[-159.81497,56.041155,0.0],[-159.815287,56.042065,0.0],[-159.815191,56.042758,0.0],[-159.814528,56.042829,0.0],[-159.814063,56.042959,0.0],[-159.813546,56.043147,0.0],[-159.813004,56.043118,0.0],[-159.812435,56.043032,0.0],[-159.811971,56.0428,0.0],[-159.811687,56.042583,0.0],[-159.811248,56.042135,0.0],[-159.810964,56.041643,0.0],[-159.810835,56.041311,0.0],[-159.810732,56.040631,0.0],[-159.810526,56.040284,0.0],[-159.810293,56.040197,0.0],[-159.810086,56.040211,0.0],[-159.810035,56.040284,0.0],[-159.810034,56.041209,0.0],[-159.809905,56.041498,0.0],[-159.80975,56.041571,0.0],[-159.809517,56.041571,0.0],[-159.809494,56.04156,0.0],[-159.809437,56.041494,0.0],[-159.808934,56.040732,0.0],[-159.808781,56.039763,0.0],[-159.809183,56.039416,0.0],[-159.809286,56.039127,0.0],[-159.809132,56.038736,0.0],[-159.808874,56.038259,0.0],[-159.808331,56.037984,0.0],[-159.808099,56.038013,0.0],[-159.806885,56.038461,0.0],[-159.805954,56.039054,0.0],[-159.805243,56.039522,0.0],[-159.804784,56.039577,0.0],[-159.804149,56.039608,0.0],[-159.802023,56.039927,0.0],[-159.801339,56.04046,0.0],[-159.800184,56.040445,0.0],[-159.799897,56.040245,0.0],[-159.799764,56.039394,0.0],[-159.799698,56.038236,0.0],[-159.799756,56.038156,0.0],[-159.800118,56.037867,0.0],[-159.800532,56.037433,0.0],[-159.800532,56.037289,0.0],[-159.800274,56.037028,0.0],[-159.799525,56.036667,0.0],[-159.799138,56.036421,0.0],[-159.798725,56.036059,0.0],[-159.797537,56.03548,0.0],[-159.796634,56.03522,0.0],[-159.796014,56.035075,0.0],[-159.795471,56.035118,0.0],[-159.795424,56.035131,0.0]],[[-159.807486,56.027328,0.0],[-159.807951,56.0274,0.0],[-159.808209,56.027328,0.0],[-159.808364,56.027183,0.0],[-159.808261,56.026894,0.0],[-159.807848,56.02607,0.0],[-159.807797,56.025925,0.0],[-159.807849,56.025737,0.0],[-159.808107,56.025665,0.0],[-159.808623,56.025709,0.0],[-159.808985,56.025622,0.0],[-159.80903,56.025561,0.0],[-159.809243,56.025275,0.0],[-159.809166,56.025058,0.0],[-159.809011,56.024899,0.0],[-159.807488,56.024219,0.0],[-159.806275,56.02393,0.0],[-159.80501,56.023712,0.0],[-159.804184,56.023611,0.0],[-159.803743,56.023697,0.0],[-159.803667,56.023712,0.0],[-159.804209,56.024045,0.0],[-159.804958,56.02458,0.0],[-159.80568,56.025592,0.0],[-159.806041,56.025925,0.0],[-159.806531,56.026214,0.0],[-159.807151,56.027038,0.0],[-159.807486,56.027328,0.0]],[[-159.79961,56.027991,0.0],[-159.799403,56.02776,0.0],[-159.798706,56.027514,0.0],[-159.79819,56.027441,0.0],[-159.797803,56.027528,0.0],[-159.797467,56.027701,0.0],[-159.797595,56.029003,0.0],[-159.797801,56.029147,0.0],[-159.798189,56.029205,0.0],[-159.798834,56.02935,0.0],[-159.799273,56.029408,0.0],[-159.79948,56.029292,0.0],[-159.799661,56.029047,0.0],[-159.799738,56.028714,0.0],[-159.79961,56.02828,0.0],[-159.79961,56.027991,0.0]]]}},{"type":"Feature","properties":{"rgi_id":"RGI2000-v7.0-G-01-06815","o1region":"01"},"geometry":{"type":"Polygon","coordinates":[[[-159.786761,56.0256,0.0],[-159.786764,56.02561,0.0],[-159.786835,56.025882,0.0],[-159.786932,56.026384,0.0],[-159.787041,56.026875,0.0],[-159.787106,56.027114,0.0],[-159.787184,56.027344,0.0],[-159.787278,56.027563,0.0],[-159.787394,56.027768,0.0],[-159.787586,56.028034,0.0],[-159.787706,56.028218,0.0],[-159.787929,56.028596,0.0],[-159.788046,56.028781,0.0],[-159.788178,56.028956,0.0],[-159.788333,56.029116,0.0],[-159.788469,56.029223,0.0],[-159.788614,56.029324,0.0],[-159.788915,56.029518,0.0],[-159.78958,56.029865,0.0],[-159.790276,56.030191,0.0],[-159.792047,56.030986,0.0],[-159.792742,56.031313,0.0],[-159.79324,56.031573,0.0],[-159.793402,56.031663,0.0],[-159.793554,56.031759,0.0],[-159.793841,56.031963,0.0],[-159.793972,56.032073,0.0],[-159.79413,56.03225,0.0],[-159.794259,56.032446,0.0],[-159.79437,56.032654,0.0],[-159.794676,56.033296,0.0],[-159.794794,56.0335,0.0],[-159.794976,56.033774,0.0],[-159.795091,56.033994,0.0],[-159.795185,56.034228,0.0],[-159.795263,56.034472,0.0],[-159.795331,56.034724,0.0],[-159.795424,56.035131,0.0],[-159.795084,56.035219,0.0],[-159.795213,56.035436,0.0],[-159.795531,56.035586,0.0],[-159.796013,56.035812,0.0],[-159.796968,56.036131,0.0],[-159.797642,56.03639,0.0],[-159.797182,56.036804,0.0],[-159.796474,56.037461,0.0],[-159.796288,56.037634,0.0],[-159.795697,56.037949,0.0],[-159.793874,56.038038,0.0],[-159.79398,56.038737,0.0],[-159.793379,56.038943,0.0],[-159.793103,56.03991,0.0],[-159.792128,56.040767,0.0],[-159.791094,56.041247,0.0],[-159.789935,56.042018,0.0],[-159.788374,56.042952,0.0],[-159.786957,56.043164,0.0],[-159.785277,56.043341,0.0],[-159.784254,56.043343,0.0],[-159.782823,56.043329,0.0],[-159.782785,56.043316,0.0],[-159.782347,56.042563,0.0],[-159.781504,56.041949,0.0],[-159.78016,56.041538,0.0],[-159.779028,56.041117,0.0],[-159.778328,56.040734,0.0],[-159.778046,56.0399,0.0],[-159.778109,56.039768,0.0],[-159.778601,56.039349,0.0],[-159.779376,56.038944,0.0],[-159.7801,56.038655,0.0],[-159.781521,56.038323,0.0],[-159.782528,56.038121,0.0],[-159.783278,56.03789,0.0],[-159.784156,56.037876,0.0],[-159.785318,56.037746,0.0],[-159.786687,56.037487,0.0],[-159.787023,56.03727,0.0],[-159.787153,56.037024,0.0],[-159.787232,56.035896,0.0],[-159.786974,56.035549,0.0],[-159.786071,56.034855,0.0],[-159.785529,56.034175,0.0],[-159.785194,56.033669,0.0],[-159.78522,56.033423,0.0],[-159.785375,56.033264,0.0],[-159.785685,56.033163,0.0],[-159.786331,56.033019,0.0],[-159.787313,56.032874,0.0],[-159.788552,56.032933,0.0],[-159.789559,56.033078,0.0],[-159.790205,56.033295,0.0],[-159.790566,56.033237,0.0],[-159.790618,56.033092,0.0],[-159.790567,56.032904,0.0],[-159.790128,56.032601,0.0],[-159.789328,56.032326,0.0],[-159.78814,56.032224,0.0],[-159.787029,56.032354,0.0],[-159.785996,56.03231,0.0],[-159.784886,56.032252,0.0],[-159.784137,56.032179,0.0],[-159.783879,56.032092,0.0],[-159.783853,56.031962,0.0],[-159.783957,56.031731,0.0],[-159.784164,56.031528,0.0],[-159.78481,56.031196,0.0],[-159.785198,56.030936,0.0],[-159.785973,56.030083,0.0],[-159.785948,56.029794,0.0],[-159.785432,56.029288,0.0],[-159.784864,56.028998,0.0],[-159.784294,56.028918,0.0],[-159.784245,56.028911,0.0],[-159.783547,56.028882,0.0],[-159.783134,56.028752,0.0],[-159.782747,56.028549,0.0],[-159.78244,56.028118,0.0],[-159.782438,56.028115,0.0],[-159.782361,56.027768,0.0],[-159.782542,56.027291,0.0],[-159.782615,56.027202,0.0],[-159.782982,56.026756,0.0],[-159.78386,56.026395,0.0],[-159.785385,56.025919,0.0],[-159.786662,56.025623,0.0],[-159.786761,56.0256,0.0]]]}},{"type":"Feature","properties":{"rgi_id":"RGI2000-v7.0-G-01-06816","o1region":"01"},"geometry":{"type":"Polygon","coordinates":[[[-159.769337,56.033734,0.0],[-159.76882,56.033748,0.0],[-159.768407,56.033791,0.0],[-159.767787,56.033979,0.0],[-159.767424,56.034149,0.0],[-159.766605,56.033638,0.0],[-159.766487,56.033287,0.0],[-159.766674,56.032849,0.0],[-159.766873,56.032482,0.0],[-159.766818,56.032127,0.0],[-159.766439,56.031752,0.0],[-159.766072,56.031693,0.0],[-159.766035,56.031621,0.0],[-159.765699,56.031462,0.0],[-159.765416,56.031375,0.0],[-159.764847,56.031375,0.0],[-159.76415,56.031548,0.0],[-159.7634,56.031779,0.0],[-159.762393,56.031937,0.0],[-159.762083,56.031951,0.0],[-159.761825,56.031908,0.0],[-159.761696,56.031864,0.0],[-159.761464,56.031676,0.0],[-159.761154,56.031575,0.0],[-159.760844,56.03156,0.0],[-159.760689,56.031589,0.0],[-159.760596,56.031626,0.0],[-159.75934,56.031539,0.0],[-159.758148,56.031768,0.0],[-159.756522,56.031847,0.0],[-159.755858,56.031833,0.0],[-159.75428,56.031803,0.0],[-159.753934,56.031772,0.0],[-159.754045,56.031386,0.0],[-159.754438,56.031176,0.0],[-159.755502,56.030886,0.0],[-159.757089,56.030666,0.0],[-159.75876,56.030442,0.0],[-159.759132,56.030091,0.0],[-159.760083,56.029735,0.0],[-159.759763,56.029593,0.0],[-159.759557,56.02942,0.0],[-159.759506,56.029246,0.0],[-159.759532,56.029058,0.0],[-159.759791,56.028841,0.0],[-159.760256,56.028683,0.0],[-159.761341,56.028394,0.0],[-159.762478,56.028033,0.0],[-159.764131,56.027586,0.0],[-159.76984,56.026172,0.0],[-159.770692,56.025912,0.0],[-159.771209,56.025869,0.0],[-159.772345,56.025869,0.0],[-159.773146,56.025783,0.0],[-159.773637,56.025668,0.0],[-159.774437,56.02535,0.0],[-159.775135,56.024859,0.0],[-159.776143,56.024628,0.0],[-159.776762,56.024628,0.0],[-159.77764,56.024788,0.0],[-159.779911,56.025338,0.0],[-159.780634,56.025642,0.0],[-159.780789,56.025801,0.0],[-159.780891,56.026032,0.0],[-159.780684,56.026596,0.0],[-159.780554,56.027261,0.0],[-159.780373,56.027724,0.0],[-159.780114,56.027897,0.0],[-159.779908,56.02797,0.0],[-159.779649,56.027984,0.0],[-159.779469,56.027941,0.0],[-159.779133,56.02781,0.0],[-159.778695,56.027463,0.0],[-159.778308,56.027318,0.0],[-159.777765,56.02726,0.0],[-159.777171,56.027404,0.0],[-159.775983,56.028112,0.0],[-159.775078,56.028372,0.0],[-159.774226,56.02869,0.0],[-159.772804,56.029456,0.0],[-159.772649,56.029774,0.0],[-159.772674,56.030222,0.0],[-159.772803,56.030323,0.0],[-159.77301,56.030323,0.0],[-159.77381,56.030078,0.0],[-159.774384,56.029943,0.0],[-159.775169,56.030291,0.0],[-159.775705,56.030444,0.0],[-159.776677,56.030933,0.0],[-159.777558,56.031247,0.0],[-159.777788,56.031337,0.0],[-159.777863,56.031497,0.0],[-159.778121,56.031714,0.0],[-159.778585,56.032003,0.0],[-159.778946,56.032162,0.0],[-159.779075,56.032293,0.0],[-159.779075,56.032423,0.0],[-159.778868,56.032524,0.0],[-159.778584,56.03261,0.0],[-159.778093,56.032668,0.0],[-159.777525,56.032653,0.0],[-159.777216,56.032538,0.0],[-159.776777,56.032465,0.0],[-159.776415,56.032465,0.0],[-159.775847,56.032653,0.0],[-159.774837,56.032677,0.0],[-159.77422,56.03241,0.0],[-159.773524,56.032051,0.0],[-159.772977,56.031827,0.0],[-159.772483,56.032352,0.0],[-159.77237,56.032858,0.0],[-159.772299,56.033218,0.0],[-159.772302,56.033647,0.0],[-159.772177,56.034082,0.0],[-159.771788,56.034458,0.0],[-159.771325,56.034617,0.0],[-159.771324,56.034617,0.0],[-159.770499,56.03411,0.0],[-159.770163,56.033951,0.0],[-159.769647,56.033763,0.0],[-159.769337,56.033734,0.0]]]}},{"type":"Feature","properties":{"rgi_id":"RGI2000-v7.0-G-01-06817","o1region":"01"},"geometry":{"type":"Polygon","coordinates":[[[-159.74844,56.015473,0.0],[-159.748493,56.015463,0.0],[-159.748902,56.01541,0.0],[-159.749333,56.015368,0.0],[-159.749778,56.015332,0.0],[-159.750235,56.015301,0.0],[-159.75164,56.015226,0.0],[-159.754497,56.015098,0.0],[-159.755442,56.015052,0.0],[-159.755984,56.01502,0.0],[-159.755402,56.015333,0.0],[-159.75504,56.015565,0.0],[-159.754911,56.015709,0.0],[-159.755014,56.015825,0.0],[-159.75553,56.016028,0.0],[-159.756278,56.016115,0.0],[-159.757543,56.016202,0.0],[-159.757801,56.016101,0.0],[-159.758861,56.015567,0.0],[-159.759507,56.015119,0.0],[-159.760138,56.01474,0.0],[-159.760205,56.0147,0.0],[-159.760825,56.014209,0.0],[-159.760877,56.014064,0.0],[-159.7608,56.013992,0.0],[-159.760622,56.013942,0.0],[-159.760796,56.013862,0.0],[-159.761051,56.013761,0.0],[-159.761574,56.013564,0.0],[-159.76194,56.013405,0.0],[-159.762444,56.0132,0.0],[-159.76268,56.01309,0.0],[-159.762838,56.012998,0.0],[-159.762988,56.012903,0.0],[-159.763133,56.012806,0.0],[-159.76327,56.012704,0.0],[-159.763431,56.012559,0.0],[-159.763733,56.012259,0.0],[-159.764257,56.011842,0.0],[-159.76469,56.011548,0.0],[-159.764837,56.011452,0.0],[-159.764995,56.01136,0.0],[-159.765317,56.01118,0.0],[-159.765485,56.011093,0.0],[-159.765726,56.010985,0.0],[-159.766225,56.010778,0.0],[-159.76727,56.010274,0.0],[-159.76777,56.010067,0.0],[-159.768014,56.009961,0.0],[-159.768183,56.009874,0.0],[-159.768673,56.009607,0.0],[-159.769286,56.009232,0.0],[-159.769582,56.00904,0.0],[-159.770201,56.008668,0.0],[-159.770367,56.00858,0.0],[-159.770712,56.00841,0.0],[-159.770894,56.00833,0.0],[-159.771136,56.008245,0.0],[-159.771422,56.008161,0.0],[-159.772092,56.007979,0.0],[-159.772437,56.007877,0.0],[-159.772985,56.007698,0.0],[-159.773656,56.007492,0.0],[-159.77392,56.007406,0.0],[-159.774191,56.00731,0.0],[-159.774303,56.00728,0.0],[-159.77438,56.007274,0.0],[-159.774556,56.007284,0.0],[-159.774811,56.007311,0.0],[-159.7753,56.007382,0.0],[-159.775653,56.007427,0.0],[-159.776862,56.007552,0.0],[-159.777857,56.007668,0.0],[-159.778258,56.007696,0.0],[-159.778672,56.007707,0.0],[-159.779102,56.007708,0.0],[-159.780428,56.007686,0.0],[-159.780866,56.007682,0.0],[-159.781292,56.007685,0.0],[-159.781703,56.007699,0.0],[-159.782089,56.007729,0.0],[-159.782441,56.007781,0.0],[-159.78266,56.007832,0.0],[-159.783073,56.007953,0.0],[-159.783269,56.008019,0.0],[-159.783456,56.008092,0.0],[-159.784003,56.00832,0.0],[-159.784702,56.008644,0.0],[-159.785042,56.008812,0.0],[-159.785391,56.008974,0.0],[-159.78573,56.009143,0.0],[-159.78608,56.009305,0.0],[-159.786419,56.009473,0.0],[-159.786769,56.009635,0.0],[-159.78711,56.009803,0.0],[-159.787461,56.009964,0.0],[-159.78781,56.010134,0.0],[-159.788693,56.010535,0.0],[-159.789609,56.010925,0.0],[-159.78981,56.011003,0.0],[-159.790136,56.011124,0.0],[-159.790254,56.011162,0.0],[-159.790338,56.01118,0.0],[-159.79038,56.011178,0.0],[-159.790445,56.011672,0.0],[-159.790469,56.011852,0.0],[-159.790524,56.012162,0.0],[-159.790566,56.0123,0.0],[-159.790593,56.012365,0.0],[-159.790629,56.012424,0.0],[-159.790673,56.012478,0.0],[-159.790731,56.012522,0.0],[-159.790799,56.012556,0.0],[-159.791032,56.012638,0.0],[-159.7911,56.012672,0.0],[-159.791154,56.012714,0.0],[-159.791198,56.012764,0.0],[-159.791234,56.012819,0.0],[-159.791352,56.013056,0.0],[-159.791387,56.013112,0.0],[-159.79143,56.013162,0.0],[-159.791484,56.013205,0.0],[-159.791552,56.013239,0.0],[-159.791791,56.013316,0.0],[-159.791866,56.013345,0.0],[-159.791931,56.013381,0.0],[-159.7921,56.013506,0.0],[-159.792169,56.013545,0.0],[-159.792454,56.013659,0.0],[-159.792546,56.013701,0.0],[-159.792624,56.013748,0.0],[-159.792681,56.013799,0.0],[-159.792719,56.01385,0.0],[-159.792741,56.013894,0.0],[-159.79275,56.013927,0.0],[-159.792746,56.013944,0.0],[-159.792713,56.013941,0.0],[-159.79265,56.013949,0.0],[-159.792567,56.013969,0.0],[-159.792474,56.014,0.0],[-159.79238,56.014045,0.0],[-159.792087,56.014224,0.0],[-159.791763,56.014387,0.0],[-159.791679,56.014437,0.0],[-159.791612,56.014488,0.0],[-159.79149,56.014597,0.0],[-159.791422,56.014648,0.0],[-159.791095,56.014826,0.0],[-159.790838,56.015036,0.0],[-159.790512,56.015215,0.0],[-159.790254,56.015425,0.0],[-159.789928,56.015603,0.0],[-159.78967,56.015814,0.0],[-159.789344,56.015992,0.0],[-159.789276,56.016043,0.0],[-159.789154,56.016151,0.0],[-159.789087,56.016203,0.0],[-159.789003,56.016252,0.0],[-159.788678,56.016416,0.0],[-159.788386,56.016594,0.0],[-159.788291,56.016639,0.0],[-159.788198,56.016671,0.0],[-159.788115,56.01669,0.0],[-159.788053,56.016698,0.0],[-159.78802,56.016696,0.0],[-159.788024,56.016724,0.0],[-159.787987,56.016781,0.0],[-159.787905,56.016859,0.0],[-159.787494,56.017195,0.0],[-159.786763,56.017718,0.0],[-159.786422,56.017936,0.0],[-159.786135,56.018133,0.0],[-159.785829,56.018322,0.0],[-159.785541,56.018519,0.0],[-159.785237,56.018709,0.0],[-159.784953,56.018909,0.0],[-159.784659,56.019105,0.0],[-159.784526,56.019209,0.0],[-159.784267,56.019422,0.0],[-159.784145,56.019532,0.0],[-159.784044,56.019651,0.0],[-159.783712,56.020157,0.0],[-159.783635,56.020283,0.0],[-159.783579,56.020439,0.0],[-159.783555,56.020605,0.0],[-159.783557,56.020777,0.0],[-159.783583,56.02095,0.0],[-159.783632,56.02112,0.0],[-159.783704,56.021283,0.0],[-159.783805,56.021433,0.0],[-159.784153,56.021791,0.0],[-159.784375,56.022043,0.0],[-159.784628,56.022291,0.0],[-159.784764,56.022442,0.0],[-159.784896,56.022642,0.0],[-159.785005,56.022865,0.0],[-159.785095,56.023099,0.0],[-159.785166,56.023332,0.0],[-159.785259,56.023742,0.0],[-159.785285,56.023895,0.0],[-159.785299,56.024032,0.0],[-159.785305,56.024065,0.0],[-159.785261,56.024129,0.0],[-159.785165,56.024215,0.0],[-159.785036,56.024317,0.0],[-159.784431,56.02414,0.0],[-159.783399,56.023691,0.0],[-159.782187,56.022809,0.0],[-159.781568,56.022302,0.0],[-159.780949,56.021969,0.0],[-159.779529,56.021969,0.0],[-159.777773,56.022127,0.0],[-159.777411,56.022243,0.0],[-159.777385,56.022315,0.0],[-159.77754,56.022387,0.0],[-159.778082,56.022474,0.0],[-159.778469,56.022619,0.0],[-159.778546,56.022952,0.0],[-159.778365,56.023212,0.0],[-159.777849,56.023356,0.0],[-159.776738,56.023486,0.0],[-159.775834,56.023775,0.0],[-159.774568,56.024121,0.0],[-159.773432,56.024482,0.0],[-159.772425,56.024641,0.0],[-159.770513,56.025232,0.0],[-159.767853,56.025679,0.0],[-159.767052,56.025664,0.0],[-159.766458,56.02578,0.0],[-159.764158,56.026805,0.0],[-159.763203,56.026978,0.0],[-159.76204,56.027397,0.0],[-159.761368,56.027599,0.0],[-159.761032,56.027627,0.0],[-159.760903,56.027613,0.0],[-159.760645,56.027483,0.0],[-159.759652,56.026748,0.0],[-159.759511,56.026643,0.0],[-159.759408,56.026441,0.0],[-159.759667,56.026152,0.0],[-159.759641,56.026065,0.0],[-159.759383,56.026007,0.0],[-159.756801,56.025702,0.0],[-159.756452,56.025717,0.0],[-159.755149,56.025773,0.0],[-159.753961,56.025743,0.0],[-159.753497,56.025613,0.0],[-159.753342,56.025497,0.0],[-159.753136,56.025005,0.0],[-159.752827,56.024803,0.0],[-159.752388,56.024759,0.0],[-159.751536,56.024759,0.0],[-159.750813,56.024946,0.0],[-159.750425,56.025018,0.0],[-159.749882,56.025408,0.0],[-159.749572,56.025509,0.0],[-159.749288,56.025552,0.0],[-159.749082,56.025437,0.0],[-159.748979,56.025292,0.0],[-159.748954,56.024887,0.0],[-159.749316,56.024598,0.0],[-159.750065,56.024179,0.0],[-159.750763,56.023833,0.0],[-159.751668,56.023486,0.0],[-159.7519,56.023356,0.0],[-159.751926,56.02327,0.0],[-159.751875,56.023168,0.0],[-159.751488,56.02298,0.0],[-159.75123,56.022749,0.0],[-159.750895,56.022531,0.0],[-159.75056,56.022416,0.0],[-159.750043,56.022415,0.0],[-159.749751,56.02239,0.0],[-159.749708,56.022386,0.0],[-159.749656,56.022299,0.0],[-159.749734,56.022039,0.0],[-159.749993,56.021764,0.0],[-159.750097,56.021591,0.0],[-159.750071,56.021403,0.0],[-159.749917,56.021316,0.0],[-159.74953,56.021215,0.0],[-159.74922,56.021345,0.0],[-159.748392,56.021894,0.0],[-159.747488,56.022312,0.0],[-159.746997,56.022428,0.0],[-159.746429,56.022442,0.0],[-159.746248,56.02234,0.0],[-159.746224,56.021863,0.0],[-159.746379,56.021545,0.0],[-159.747259,56.020852,0.0],[-159.747851,56.020178,0.0],[-159.747931,56.020086,0.0],[-159.748578,56.019595,0.0],[-159.749457,56.019104,0.0],[-159.750491,56.018323,0.0],[-159.750595,56.018136,0.0],[-159.750567,56.018104,0.0],[-159.750744,56.017588,0.0],[-159.74936,56.017596,0.0],[-159.748302,56.017647,0.0],[-159.747561,56.017549,0.0],[-159.747448,56.017604,0.0],[-159.747083,56.017349,0.0],[-159.748178,56.016164,0.0],[-159.748509,56.015553,0.0],[-159.74844,56.015473,0.0]],[[-159.774188,56.018187,0.0],[-159.775862,56.018209,0.0],[-159.776506,56.01796,0.0],[-159.777394,56.017745,0.0],[-159.777857,56.017437,0.0],[-159.777742,56.016699,0.0],[-159.777181,56.016383,0.0],[-159.775666,56.016514,0.0],[-159.774806,56.016899,0.0],[-159.773556,56.017417,0.0],[-159.772307,56.017936,0.0],[-159.772757,56.0182,0.0],[-159.774188,56.018187,0.0]]]}},{"type":"Feature","properties":{"rgi_id":"RGI2000-v7.0-G-01-06818","o1region":"01"},"geometry":{"type":"Polygon","coordinates":[[[-159.771263,56.004779,0.0],[-159.771435,56.004848,0.0],[-159.771615,56.004926,0.0],[-159.771783,56.005012,0.0],[-159.771928,56.005112,0.0],[-159.772311,56.005449,0.0],[-159.772588,56.005659,0.0],[-159.772712,56.005774,0.0],[-159.77294,56.006018,0.0],[-159.773074,56.006147,0.0],[-159.773409,56.006426,0.0],[-159.773571,56.00658,0.0],[-159.773871,56.006883,0.0],[-159.774011,56.007011,0.0],[-159.774238,56.007195,0.0],[-159.774293,56.007253,0.0],[-159.774303,56.00728,0.0],[-159.774191,56.00731,0.0],[-159.77392,56.007406,0.0],[-159.773656,56.007492,0.0],[-159.772985,56.007698,0.0],[-159.772437,56.007877,0.0],[-159.772092,56.007979,0.0],[-159.771422,56.008161,0.0],[-159.771136,56.008245,0.0],[-159.770894,56.00833,0.0],[-159.770712,56.00841,0.0],[-159.770367,56.00858,0.0],[-159.770201,56.008668,0.0],[-159.769582,56.00904,0.0],[-159.769286,56.009232,0.0],[-159.768673,56.009607,0.0],[-159.768183,56.009874,0.0],[-159.768014,56.009961,0.0],[-159.76777,56.010067,0.0],[-159.76727,56.010274,0.0],[-159.766225,56.010778,0.0],[-159.765726,56.010985,0.0],[-159.765485,56.011093,0.0],[-159.765317,56.01118,0.0],[-159.764995,56.01136,0.0],[-159.764837,56.011452,0.0],[-159.76469,56.011548,0.0],[-159.764257,56.011842,0.0],[-159.763733,56.012259,0.0],[-159.763431,56.012559,0.0],[-159.76327,56.012704,0.0],[-159.763133,56.012806,0.0],[-159.762988,56.012903,0.0],[-159.762838,56.012998,0.0],[-159.76268,56.01309,0.0],[-159.762444,56.0132,0.0],[-159.76194,56.013405,0.0],[-159.761574,56.013564,0.0],[-159.761051,56.013761,0.0],[-159.760796,56.013862,0.0],[-159.760622,56.013942,0.0],[-159.760593,56.013934,0.0],[-159.759819,56.014049,0.0],[-159.758992,56.014295,0.0],[-159.758502,56.014366,0.0],[-159.758398,56.014381,0.0],[-159.757985,56.014381,0.0],[-159.757463,56.014341,0.0],[-159.757417,56.014337,0.0],[-159.757407,56.014341,0.0],[-159.756849,56.014554,0.0],[-159.755984,56.01502,0.0],[-159.755442,56.015052,0.0],[-159.754497,56.015098,0.0],[-159.75164,56.015226,0.0],[-159.750235,56.015301,0.0],[-159.749778,56.015332,0.0],[-159.749333,56.015368,0.0],[-159.748902,56.01541,0.0],[-159.748493,56.015463,0.0],[-159.74844,56.015473,0.0],[-159.747861,56.01481,0.0],[-159.744811,56.015077,0.0],[-159.74259,56.015184,0.0],[-159.740658,56.015099,0.0],[-159.74002,56.014877,0.0],[-159.738437,56.014598,0.0],[-159.737421,56.014455,0.0],[-159.73749,56.014425,0.0],[-159.734837,56.014268,0.0],[-159.73484,56.014275,0.0],[-159.734665,56.014258,0.0],[-159.732936,56.014103,0.0],[-159.73205,56.014016,0.0],[-159.729873,56.013815,0.0],[-159.728262,56.013671,0.0],[-159.727854,56.013634,0.0],[-159.725877,56.013253,0.0],[-159.723891,56.012838,0.0],[-159.723839,56.012779,0.0],[-159.723814,56.012591,0.0],[-159.723944,56.012317,0.0],[-159.724176,56.012129,0.0],[-159.724561,56.011679,0.0],[-159.724817,56.011405,0.0],[-159.725212,56.01106,0.0],[-159.725246,56.010964,0.0],[-159.726233,56.010735,0.0],[-159.728516,56.010624,0.0],[-159.728697,56.010672,0.0],[-159.729059,56.010644,0.0],[-159.729279,56.010587,0.0],[-159.731106,56.010499,0.0],[-159.732704,56.010309,0.0],[-159.734547,56.010101,0.0],[-159.737169,56.009688,0.0],[-159.739561,56.00954,0.0],[-159.740528,56.009448,0.0],[-159.742942,56.009212,0.0],[-159.744202,56.009091,0.0],[-159.745793,56.008989,0.0],[-159.747388,56.009125,0.0],[-159.748962,56.009112,0.0],[-159.751388,56.009272,0.0],[-159.752833,56.009288,0.0],[-159.753918,56.009072,0.0],[-159.755183,56.008696,0.0],[-159.75601,56.008393,0.0],[-159.75632,56.008191,0.0],[-159.756863,56.007584,0.0],[-159.757199,56.007353,0.0],[-159.757432,56.006977,0.0],[-159.757588,56.006529,0.0],[-159.75795,56.006096,0.0],[-159.758234,56.005864,0.0],[-159.758957,56.005648,0.0],[-159.760403,56.00536,0.0],[-159.760894,56.005215,0.0],[-159.761565,56.004739,0.0],[-159.761953,56.004392,0.0],[-159.762778,56.004037,0.0],[-159.76296,56.003959,0.0],[-159.763476,56.003886,0.0],[-159.764122,56.003901,0.0],[-159.764216,56.003917,0.0],[-159.764638,56.003988,0.0],[-159.765154,56.004003,0.0],[-159.765985,56.003937,0.0],[-159.766599,56.003888,0.0],[-159.767347,56.003918,0.0],[-159.767889,56.004019,0.0],[-159.768431,56.004164,0.0],[-159.769024,56.004468,0.0],[-159.769726,56.005087,0.0],[-159.769926,56.005264,0.0],[-159.770364,56.005495,0.0],[-159.770622,56.005582,0.0],[-159.770983,56.005611,0.0],[-159.771,56.0056,0.0],[-159.771112,56.005525,0.0],[-159.771216,56.005322,0.0],[-159.771263,56.004779,0.0]]]}},{"type":"Feature","properties":{"rgi_id":"RGI2000-v7.0-G-01-06819","o1region":"01"},"geometry":{"type":"Polygon","coordinates":[[[-159.774303,56.00728,0.0],[-159.774293,56.007253,0.0],[-159.774238,56.007195,0.0],[-159.774011,56.007011,0.0],[-159.773871,56.006883,0.0],[-159.773571,56.00658,0.0],[-159.773409,56.006426,0.0],[-159.773074,56.006147,0.0],[-159.77294,56.006018,0.0],[-159.772712,56.005774,0.0],[-159.772588,56.005659,0.0],[-159.772311,56.005449,0.0],[-159.771928,56.005112,0.0],[-159.771783,56.005012,0.0],[-159.771615,56.004926,0.0],[-159.771435,56.004848,0.0],[-159.771263,56.004779,0.0],[-159.771269,56.004715,0.0],[-159.77145,56.004252,0.0],[-159.772252,56.003269,0.0],[-159.772614,56.002763,0.0],[-159.772769,56.002416,0.0],[-159.772821,56.001882,0.0],[-159.772877,55.999423,0.0],[-159.772883,55.999423,0.0],[-159.773631,55.998703,0.0],[-159.773606,55.998471,0.0],[-159.773374,55.997994,0.0],[-159.772858,55.997719,0.0],[-159.771749,55.997545,0.0],[-159.771156,55.997328,0.0],[-159.770769,55.997096,0.0],[-159.770331,55.996706,0.0],[-159.769559,55.995592,0.0],[-159.768735,55.99455,0.0],[-159.764149,55.990919,0.0],[-159.763685,55.99047,0.0],[-159.762011,55.989168,0.0],[-159.761419,55.988257,0.0],[-159.761265,55.987823,0.0],[-159.761292,55.987476,0.0],[-159.761421,55.98723,0.0],[-159.761834,55.986898,0.0],[-159.762661,55.986566,0.0],[-159.763229,55.986161,0.0],[-159.763823,55.985655,0.0],[-159.764933,55.984947,0.0],[-159.765527,55.984702,0.0],[-159.76723,55.984283,0.0],[-159.767978,55.984226,0.0],[-159.768468,55.984255,0.0],[-159.768726,55.984342,0.0],[-159.76888,55.984501,0.0],[-159.769138,55.984877,0.0],[-159.769111,55.98521,0.0],[-159.769162,55.985788,0.0],[-159.768799,55.986786,0.0],[-159.768463,55.987162,0.0],[-159.767998,55.987826,0.0],[-159.767817,55.98826,0.0],[-159.767816,55.988564,0.0],[-159.767996,55.988781,0.0],[-159.768615,55.989302,0.0],[-159.769801,55.989722,0.0],[-159.770703,55.990141,0.0],[-159.771502,55.990734,0.0],[-159.772068,55.991226,0.0],[-159.773124,55.992991,0.0],[-159.773742,55.993599,0.0],[-159.774283,55.993917,0.0],[-159.775082,55.994178,0.0],[-159.775495,55.994409,0.0],[-159.775804,55.994481,0.0],[-159.77632,55.994482,0.0],[-159.776656,55.994294,0.0],[-159.776837,55.993961,0.0],[-159.776967,55.993239,0.0],[-159.77671,55.992458,0.0],[-159.776839,55.992255,0.0],[-159.777098,55.992082,0.0],[-159.777356,55.992053,0.0],[-159.777665,55.992125,0.0],[-159.778387,55.992588,0.0],[-159.780113,55.994194,0.0],[-159.781092,55.995481,0.0],[-159.781272,55.996291,0.0],[-159.781168,55.996812,0.0],[-159.780831,55.997968,0.0],[-159.780701,55.998749,0.0],[-159.780932,55.999429,0.0],[-159.78093,55.999429,0.0],[-159.781263,55.999673,0.0],[-159.781753,55.999746,0.0],[-159.782062,55.99976,0.0],[-159.782527,55.999746,0.0],[-159.782862,55.999645,0.0],[-159.783118,55.99943,0.0],[-159.783118,55.99943,0.0],[-159.78312,55.999429,0.0],[-159.783609,55.998982,0.0],[-159.783827,55.998625,0.0],[-159.783873,55.99855,0.0],[-159.783954,55.99898,0.0],[-159.78404,55.999514,0.0],[-159.784319,56.001401,0.0],[-159.784411,56.001931,0.0],[-159.784465,56.002191,0.0],[-159.784527,56.002446,0.0],[-159.784602,56.002692,0.0],[-159.784694,56.002927,0.0],[-159.78481,56.003146,0.0],[-159.784958,56.003343,0.0],[-159.785078,56.00346,0.0],[-159.785472,56.00379,0.0],[-159.785751,56.003998,0.0],[-159.785925,56.004146,0.0],[-159.786263,56.004447,0.0],[-159.786534,56.004661,0.0],[-159.7867,56.004812,0.0],[-159.786056,56.004432,0.0],[-159.785411,56.003998,0.0],[-159.785128,56.003882,0.0],[-159.784818,56.003911,0.0],[-159.784672,56.004007,0.0],[-159.784663,56.004012,0.0],[-159.784508,56.004171,0.0],[-159.784585,56.004388,0.0],[-159.784868,56.004981,0.0],[-159.785255,56.005618,0.0],[-159.78577,56.006095,0.0],[-159.78608,56.00624,0.0],[-159.787281,56.006408,0.0],[-159.787834,56.006486,0.0],[-159.788944,56.006588,0.0],[-159.789664,56.006703,0.0],[-159.789722,56.006728,0.0],[-159.789957,56.006818,0.0],[-159.790212,56.006905,0.0],[-159.79048,56.006989,0.0],[-159.790751,56.00707,0.0],[-159.791025,56.007145,0.0],[-159.791356,56.007219,0.0],[-159.791948,56.00733,0.0],[-159.79217,56.007376,0.0],[-159.79232,56.007419,0.0],[-159.79238,56.007452,0.0],[-159.792379,56.007478,0.0],[-159.792388,56.007497,0.0],[-159.792384,56.007534,0.0],[-159.792363,56.007586,0.0],[-159.792321,56.007646,0.0],[-159.792258,56.007709,0.0],[-159.792092,56.007842,0.0],[-159.792013,56.007915,0.0],[-159.791952,56.007994,0.0],[-159.791908,56.008076,0.0],[-159.791811,56.008371,0.0],[-159.791774,56.008437,0.0],[-159.791722,56.008495,0.0],[-159.791653,56.008546,0.0],[-159.791416,56.008683,0.0],[-159.791169,56.008898,0.0],[-159.790933,56.009036,0.0],[-159.790866,56.009087,0.0],[-159.790816,56.009147,0.0],[-159.790779,56.009212,0.0],[-159.790681,56.009497,0.0],[-159.790647,56.009564,0.0],[-159.7906,56.009625,0.0],[-159.790537,56.009678,0.0],[-159.790393,56.009777,0.0],[-159.790331,56.00983,0.0],[-159.790282,56.009896,0.0],[-159.790252,56.00997,0.0],[-159.790234,56.01005,0.0],[-159.790227,56.010225,0.0],[-159.790269,56.010576,0.0],[-159.79038,56.011178,0.0],[-159.790338,56.01118,0.0],[-159.790254,56.011162,0.0],[-159.790136,56.011124,0.0],[-159.78981,56.011003,0.0],[-159.789609,56.010925,0.0],[-159.788693,56.010535,0.0],[-159.78781,56.010134,0.0],[-159.787461,56.009964,0.0],[-159.78711,56.009803,0.0],[-159.786769,56.009635,0.0],[-159.786419,56.009473,0.0],[-159.78608,56.009305,0.0],[-159.78573,56.009143,0.0],[-159.785391,56.008974,0.0],[-159.785042,56.008812,0.0],[-159.784702,56.008644,0.0],[-159.784003,56.00832,0.0],[-159.783456,56.008092,0.0],[-159.783269,56.008019,0.0],[-159.783073,56.007953,0.0],[-159.78266,56.007832,0.0],[-159.782441,56.007781,0.0],[-159.782089,56.007729,0.0],[-159.781703,56.007699,0.0],[-159.781292,56.007685,0.0],[-159.780866,56.007682,0.0],[-159.780428,56.007686,0.0],[-159.779102,56.007708,0.0],[-159.778672,56.007707,0.0],[-159.778258,56.007696,0.0],[-159.777857,56.007668,0.0],[-159.776862,56.007552,0.0],[-159.775653,56.007427,0.0],[-159.7753,56.007382,0.0],[-159.774811,56.007311,0.0],[-159.774556,56.007284,0.0],[-159.77438,56.007274,0.0],[-159.774303,56.00728,0.0]]]}},{"type":"Feature","properties":{"rgi_id":"RGI2000-v7.0-G-01-06820","o1region":"01"},"geometry":{"type":"Polygon","coordinates":[[[-159.792379,56.007478,0.0],[-159.79238,56.007452,0.0],[-159.79232,56.007419,0.0],[-159.79217,56.007376,0.0],[-159.791948,56.00733,0.0],[-159.791356,56.007219,0.0],[-159.791025,56.007145,0.0],[-159.790751,56.00707,0.0],[-159.79048,56.006989,0.0],[-159.790212,56.006905,0.0],[-159.789957,56.006818,0.0],[-159.789722,56.006728,0.0],[-159.789664,56.006703,0.0],[-159.790028,56.006762,0.0],[-159.790956,56.007022,0.0],[-159.791447,56.007124,0.0],[-159.792144,56.007109,0.0],[-159.792582,56.006965,0.0],[-159.792763,56.006777,0.0],[-159.792867,56.006618,0.0],[-159.792738,56.006415,0.0],[-159.79248,56.006329,0.0],[-159.791396,56.006372,0.0],[-159.79057,56.006126,0.0],[-159.789383,56.005894,0.0],[-159.788119,56.00546,0.0],[-159.787088,56.00504,0.0],[-159.7867,56.004812,0.0],[-159.786534,56.004661,0.0],[-159.786263,56.004447,0.0],[-159.785925,56.004146,0.0],[-159.785751,56.003998,0.0],[-159.785472,56.00379,0.0],[-159.785078,56.00346,0.0],[-159.784958,56.003343,0.0],[-159.78481,56.003146,0.0],[-159.784694,56.002927,0.0],[-159.784602,56.002692,0.0],[-159.784527,56.002446,0.0],[-159.784465,56.002191,0.0],[-159.784411,56.001931,0.0],[-159.784319,56.001401,0.0],[-159.78404,55.999514,0.0],[-159.783954,55.99898,0.0],[-159.783873,55.99855,0.0],[-159.783971,55.998389,0.0],[-159.784307,55.997493,0.0],[-159.784464,55.995657,0.0],[-159.784466,55.994717,0.0],[-159.784261,55.993502,0.0],[-159.784029,55.992678,0.0],[-159.784238,55.990711,0.0],[-159.784187,55.99009,0.0],[-159.78375,55.989367,0.0],[-159.782564,55.988354,0.0],[-159.782152,55.988108,0.0],[-159.78174,55.987529,0.0],[-159.781637,55.987023,0.0],[-159.781793,55.986344,0.0],[-159.782258,55.985867,0.0],[-159.782697,55.98565,0.0],[-159.783084,55.985636,0.0],[-159.783574,55.985621,0.0],[-159.78427,55.985752,0.0],[-159.785198,55.986345,0.0],[-159.786823,55.986548,0.0],[-159.788138,55.986548,0.0],[-159.78997,55.986188,0.0],[-159.79126,55.986058,0.0],[-159.792317,55.986188,0.0],[-159.792652,55.986608,0.0],[-159.792522,55.987244,0.0],[-159.793476,55.988444,0.0],[-159.794868,55.989298,0.0],[-159.797266,55.989848,0.0],[-159.799897,55.990514,0.0],[-159.800593,55.991121,0.0],[-159.80147,55.992235,0.0],[-159.802268,55.993696,0.0],[-159.802215,55.995373,0.0],[-159.803581,55.99799,0.0],[-159.804329,55.998829,0.0],[-159.804663,55.99942,0.0],[-159.804666,55.99942,0.0],[-159.804666,55.999422,0.0],[-159.80464,55.999883,0.0],[-159.804975,56.001112,0.0],[-159.804871,56.001416,0.0],[-159.804458,56.001907,0.0],[-159.80389,56.002356,0.0],[-159.803038,56.002717,0.0],[-159.802315,56.002977,0.0],[-159.801257,56.003237,0.0],[-159.799553,56.003743,0.0],[-159.799424,56.003873,0.0],[-159.799527,56.004017,0.0],[-159.799837,56.004104,0.0],[-159.800353,56.004191,0.0],[-159.801205,56.004235,0.0],[-159.802005,56.004235,0.0],[-159.802426,56.004258,0.0],[-159.803286,56.004305,0.0],[-159.803252,56.00432,0.0],[-159.803028,56.004393,0.0],[-159.802772,56.004461,0.0],[-159.802243,56.004584,0.0],[-159.802009,56.004643,0.0],[-159.80182,56.004702,0.0],[-159.801689,56.004761,0.0],[-159.801634,56.004804,0.0],[-159.801617,56.00484,0.0],[-159.801636,56.004864,0.0],[-159.798543,56.005004,0.0],[-159.797798,56.005052,0.0],[-159.797329,56.005097,0.0],[-159.797111,56.005127,0.0],[-159.796908,56.005164,0.0],[-159.796725,56.005211,0.0],[-159.796327,56.005355,0.0],[-159.79616,56.005401,0.0],[-159.795978,56.00544,0.0],[-159.795399,56.005541,0.0],[-159.795212,56.005578,0.0],[-159.795038,56.00562,0.0],[-159.794882,56.005671,0.0],[-159.794762,56.005726,0.0],[-159.794548,56.005846,0.0],[-159.794323,56.005961,0.0],[-159.794217,56.006022,0.0],[-159.79394,56.006223,0.0],[-159.793635,56.006411,0.0],[-159.793376,56.006624,0.0],[-159.79316,56.006788,0.0],[-159.793052,56.006882,0.0],[-159.79294,56.007005,0.0],[-159.792751,56.007251,0.0],[-159.792661,56.007353,0.0],[-159.792567,56.007428,0.0],[-159.79249,56.007466,0.0],[-159.792424,56.007483,0.0],[-159.792379,56.007478,0.0]]]}},{"type":"Feature","properties":{"rgi_id":"RGI2000-v7.0-G-01-06821","o1region":"01"},"geometry":{"type":"Polygon","coordinates":[[[-159.581799,56.034071,0.0],[-159.581944,56.033941,0.0],[-159.582262,56.033687,0.0],[-159.582646,56.033357,0.0],[-159.582765,56.033247,0.0],[-159.582902,56.033089,0.0],[-159.583149,56.032762,0.0],[-159.583342,56.032522,0.0],[-159.583449,56.032353,0.0],[-159.583696,56.031877,0.0],[-159.583754,56.031747,0.0],[-159.583799,56.031563,0.0],[-159.583811,56.03137,0.0],[-159.583794,56.031172,0.0],[-159.583751,56.030974,0.0],[-159.583684,56.030778,0.0],[-159.583593,56.030591,0.0],[-159.583423,56.03032,0.0],[-159.583317,56.030117,0.0],[-159.58323,56.029902,0.0],[-159.583158,56.029679,0.0],[-159.583101,56.02945,0.0],[-159.583059,56.02922,0.0],[-159.583033,56.02899,0.0],[-159.583025,56.028763,0.0],[-159.58304,56.028545,0.0],[-159.583085,56.028337,0.0],[-159.583168,56.028146,0.0],[-159.583254,56.028021,0.0],[-159.583354,56.027902,0.0],[-159.583458,56.027786,0.0],[-159.58357,56.027672,0.0],[-159.584317,56.027024,0.0],[-159.584465,56.026872,0.0],[-159.584749,56.026562,0.0],[-159.585244,56.026119,0.0],[-159.586017,56.025496,0.0],[-159.586267,56.025324,0.0],[-159.586467,56.02521,0.0],[-159.586666,56.02511,0.0],[-159.586858,56.025024,0.0],[-159.587039,56.024955,0.0],[-159.587259,56.024895,0.0],[-159.587427,56.024869,0.0],[-159.587502,56.024872,0.0],[-159.587739,56.024928,0.0],[-159.588385,56.025159,0.0],[-159.589005,56.025231,0.0],[-159.590813,56.025345,0.0],[-159.591205,56.025437,0.0],[-159.591304,56.02546,0.0],[-159.591999,56.025816,0.0],[-159.592044,56.025839,0.0],[-159.592545,56.026096,0.0],[-159.592559,56.026131,0.0],[-159.592675,56.026428,0.0],[-159.592546,56.026772,0.0],[-159.592469,56.026978,0.0],[-159.592393,56.027498,0.0],[-159.592678,56.02799,0.0],[-159.592911,56.028235,0.0],[-159.593196,56.028322,0.0],[-159.593454,56.028322,0.0],[-159.593712,56.028235,0.0],[-159.593944,56.02796,0.0],[-159.594227,56.027526,0.0],[-159.59435,56.027426,0.0],[-159.594819,56.027048,0.0],[-159.595206,56.026874,0.0],[-159.595748,56.026773,0.0],[-159.596161,56.026787,0.0],[-159.596807,56.02696,0.0],[-159.597506,56.027364,0.0],[-159.59823,56.027985,0.0],[-159.598695,56.028173,0.0],[-159.599187,56.028563,0.0],[-159.599335,56.028801,0.0],[-159.599395,56.028895,0.0],[-159.599499,56.029184,0.0],[-159.599861,56.029647,0.0],[-159.600431,56.030225,0.0],[-159.600612,56.030485,0.0],[-159.60069,56.030731,0.0],[-159.600228,56.031483,0.0],[-159.600306,56.031844,0.0],[-159.600565,56.032018,0.0],[-159.600927,56.032176,0.0],[-159.601469,56.032263,0.0],[-159.602838,56.032117,0.0],[-159.603442,56.03213,0.0],[-159.603483,56.032131,0.0],[-159.603923,56.032246,0.0],[-159.604226,56.032428,0.0],[-159.604621,56.032665,0.0],[-159.605397,56.033199,0.0],[-159.605708,56.033604,0.0],[-159.60558,56.033994,0.0],[-159.605271,56.03424,0.0],[-159.604704,56.034892,0.0],[-159.603673,56.035471,0.0],[-159.602564,56.036151,0.0],[-159.601351,56.036514,0.0],[-159.601042,56.036789,0.0],[-159.60094,56.037165,0.0],[-159.600708,56.037584,0.0],[-159.59991,56.038626,0.0],[-159.59986,56.03932,0.0],[-159.600069,56.039855,0.0],[-159.600379,56.040245,0.0],[-159.600949,56.040838,0.0],[-159.601623,56.041415,0.0],[-159.602166,56.041704,0.0],[-159.602812,56.041964,0.0],[-159.60444,56.042295,0.0],[-159.605448,56.042381,0.0],[-159.606249,56.042424,0.0],[-159.606684,56.042404,0.0],[-159.606941,56.042555,0.0],[-159.607736,56.042875,0.0],[-159.60794,56.04352,0.0],[-159.607897,56.043939,0.0],[-159.607845,56.044299,0.0],[-159.605975,56.044625,0.0],[-159.604307,56.044883,0.0],[-159.602719,56.044958,0.0],[-159.5997,56.044743,0.0],[-159.598509,56.044621,0.0],[-159.597378,56.044198,0.0],[-159.594887,56.043243,0.0],[-159.593818,56.04252,0.0],[-159.591769,56.041663,0.0],[-159.589138,56.041192,0.0],[-159.586834,56.040765,0.0],[-159.585959,56.039913,0.0],[-159.585808,56.038908,0.0],[-159.584739,56.038184,0.0],[-159.583503,56.037766,0.0],[-159.582252,56.037393,0.0],[-159.582224,56.037385,0.0],[-159.582193,56.037284,0.0],[-159.582116,56.037092,0.0],[-159.58202,56.036908,0.0],[-159.581906,56.036741,0.0],[-159.581778,56.036601,0.0],[-159.581683,56.036521,0.0],[-159.581522,56.036398,0.0],[-159.581472,56.036352,0.0],[-159.581445,56.036319,0.0],[-159.581443,56.036303,0.0],[-159.580593,56.036338,0.0],[-159.580493,56.036343,0.0],[-159.580442,56.03615,0.0],[-159.580452,56.035792,0.0],[-159.580608,56.035279,0.0],[-159.580686,56.035022,0.0],[-159.581424,56.03426,0.0],[-159.581665,56.034191,0.0],[-159.581927,56.034115,0.0],[-159.581799,56.034071,0.0]]]}},{"type":"Feature","properties":{"rgi_id":"RGI2000-v7.0-G-01-06822","o1region":"01"},"geometry":{"type":"Polygon","coordinates":[[[-159.575109,56.036894,0.0],[-159.575871,56.036858,0.0],[-159.577086,56.036991,0.0],[-159.578491,56.037259,0.0],[-159.580221,56.037416,0.0],[-159.58104,56.037758,0.0],[-159.581175,56.038085,0.0],[-159.580738,56.038582,0.0],[-159.579948,56.039,0.0],[-159.578974,56.039332,0.0],[-159.577422,56.039786,0.0],[-159.575566,56.040492,0.0],[-159.574783,56.040958,0.0],[-159.573265,56.041077,0.0],[-159.572969,56.040805,0.0],[-159.572678,56.040009,0.0],[-159.571915,56.039473,0.0],[-159.571681,56.039055,0.0],[-159.571906,56.038283,0.0],[-159.572604,56.037821,0.0],[-159.574058,56.037276,0.0],[-159.575109,56.036894,0.0]]]}},{"type":"Feature","properties":{"rgi_id":"RGI2000-v7.0-G-01-06823","o1region":"01"},"geometry":{"type":"Polygon","coordinates":[[[-159.565234,56.03495,0.0],[-159.566038,56.034626,0.0],[-159.567168,56.034764,0.0],[-159.567994,56.035154,0.0],[-159.568559,56.035508,0.0],[-159.568955,56.035871,0.0],[-159.568779,56.036403,0.0],[-159.568088,56.036912,0.0],[-159.56739,56.037373,0.0],[-159.566677,56.03774,0.0],[-159.566318,56.038186,0.0],[-159.565796,56.038686,0.0],[-159.56581,56.038781,0.0],[-159.564639,56.039503,0.0],[-159.56382,56.03916,0.0],[-159.56334,56.038802,0.0],[-159.562767,56.0384,0.0],[-159.561842,56.037919,0.0],[-159.561185,56.037521,0.0],[-159.561079,56.037383,0.0],[-159.561947,56.036914,0.0],[-159.562568,56.036504,0.0],[-159.562941,56.036153,0.0],[-159.563414,56.035892,0.0],[-159.564275,56.035376,0.0],[-159.565234,56.03495,0.0]]]}},{"type":"Feature","properties":{"rgi_id":"RGI2000-v7.0-G-01-06824","o1region":"01"},"geometry":{"type":"Polygon","coordinates":[[[-159.587502,56.024872,0.0],[-159.587427,56.024869,0.0],[-159.587259,56.024895,0.0],[-159.587039,56.024955,0.0],[-159.586858,56.025024,0.0],[-159.586666,56.02511,0.0],[-159.586467,56.02521,0.0],[-159.586267,56.025324,0.0],[-159.586017,56.025496,0.0],[-159.585244,56.026119,0.0],[-159.584749,56.026562,0.0],[-159.584465,56.026872,0.0],[-159.584317,56.027024,0.0],[-159.58357,56.027672,0.0],[-159.583458,56.027786,0.0],[-159.583354,56.027902,0.0],[-159.583254,56.028021,0.0],[-159.583168,56.028146,0.0],[-159.583085,56.028337,0.0],[-159.58304,56.028545,0.0],[-159.583025,56.028763,0.0],[-159.583033,56.02899,0.0],[-159.583059,56.02922,0.0],[-159.583101,56.02945,0.0],[-159.583158,56.029679,0.0],[-159.58323,56.029902,0.0],[-159.583317,56.030117,0.0],[-159.583423,56.03032,0.0],[-159.583593,56.030591,0.0],[-159.583684,56.030778,0.0],[-159.583751,56.030974,0.0],[-159.583794,56.031172,0.0],[-159.583811,56.03137,0.0],[-159.583799,56.031563,0.0],[-159.583754,56.031747,0.0],[-159.583696,56.031877,0.0],[-159.583449,56.032353,0.0],[-159.583342,56.032522,0.0],[-159.583149,56.032762,0.0],[-159.582902,56.033089,0.0],[-159.582765,56.033247,0.0],[-159.582646,56.033357,0.0],[-159.582262,56.033687,0.0],[-159.581944,56.033941,0.0],[-159.581799,56.034071,0.0],[-159.581157,56.033846,0.0],[-159.579862,56.033998,0.0],[-159.578411,56.034138,0.0],[-159.577226,56.034336,0.0],[-159.577097,56.034342,0.0],[-159.574455,56.033848,0.0],[-159.573434,56.032943,0.0],[-159.571992,56.031867,0.0],[-159.571287,56.031341,0.0],[-159.572128,56.030563,0.0],[-159.57236,56.030129,0.0],[-159.572308,56.029782,0.0],[-159.572023,56.029406,0.0],[-159.571713,56.029146,0.0],[-159.571118,56.028857,0.0],[-159.570111,56.028597,0.0],[-159.569671,56.028439,0.0],[-159.569077,56.02815,0.0],[-159.568741,56.028121,0.0],[-159.566366,56.02818,0.0],[-159.565565,56.028108,0.0],[-159.563731,56.027777,0.0],[-159.56343,56.027752,0.0],[-159.563341,56.027157,0.0],[-159.563865,56.026561,0.0],[-159.564711,56.026064,0.0],[-159.565854,56.025496,0.0],[-159.566531,56.025236,0.0],[-159.56736,56.024625,0.0],[-159.567876,56.023972,0.0],[-159.568299,56.023381,0.0],[-159.568416,56.022803,0.0],[-159.56867,56.022449,0.0],[-159.568839,56.022212,0.0],[-159.569568,56.02187,0.0],[-159.570976,56.021627,0.0],[-159.574176,56.021033,0.0],[-159.574873,56.021032,0.0],[-159.57539,56.021176,0.0],[-159.576036,56.021451,0.0],[-159.576811,56.022,0.0],[-159.577199,56.022361,0.0],[-159.57782,56.022867,0.0],[-159.578363,56.023054,0.0],[-159.578879,56.023141,0.0],[-159.579602,56.023039,0.0],[-159.58035,56.022865,0.0],[-159.580609,56.022865,0.0],[-159.581048,56.022995,0.0],[-159.581772,56.023414,0.0],[-159.582237,56.023731,0.0],[-159.582496,56.024223,0.0],[-159.582471,56.024527,0.0],[-159.582292,56.025148,0.0],[-159.582267,56.025524,0.0],[-159.582758,56.026016,0.0],[-159.58315,56.02621,0.0],[-159.583224,56.026247,0.0],[-159.583611,56.026304,0.0],[-159.583792,56.02629,0.0],[-159.583921,56.026145,0.0],[-159.584229,56.025509,0.0],[-159.584487,56.025205,0.0],[-159.584796,56.024973,0.0],[-159.585043,56.024901,0.0],[-159.585441,56.024785,0.0],[-159.585906,56.024698,0.0],[-159.586629,56.024697,0.0],[-159.587068,56.024769,0.0],[-159.587502,56.024872,0.0]],[[-159.578165,56.027465,0.0],[-159.577546,56.027653,0.0],[-159.576926,56.027711,0.0],[-159.576048,56.027755,0.0],[-159.574628,56.027785,0.0],[-159.574241,56.027858,0.0],[-159.574164,56.028002,0.0],[-159.57419,56.028161,0.0],[-159.5745,56.028407,0.0],[-159.575198,56.028753,0.0],[-159.576645,56.029259,0.0],[-159.579126,56.030023,0.0],[-159.580056,56.030558,0.0],[-159.581065,56.031222,0.0],[-159.581082,56.031227,0.0],[-159.581613,56.031798,0.0],[-159.581662,56.031961,0.0],[-159.581732,56.031981,0.0],[-159.582257,56.032063,0.0],[-159.582569,56.032049,0.0],[-159.582356,56.03099,0.0],[-159.582355,56.030701,0.0],[-159.581836,56.029545,0.0],[-159.581913,56.028981,0.0],[-159.582298,56.02804,0.0],[-159.582117,56.027925,0.0],[-159.581846,56.027849,0.0],[-159.581807,56.027838,0.0],[-159.580748,56.027622,0.0],[-159.579404,56.027233,0.0],[-159.579017,56.027189,0.0],[-159.578629,56.027233,0.0],[-159.578165,56.027465,0.0]]]}},{"type":"Feature","properties":{"rgi_id":"RGI2000-v7.0-G-01-06825","o1region":"01"},"geometry":{"type":"Polygon","coordinates":[[[-159.58218,56.021331,0.0],[-159.580939,56.020436,0.0],[-159.58068,56.019814,0.0],[-159.580653,56.019452,0.0],[-159.580756,56.019279,0.0],[-159.580885,56.019149,0.0],[-159.581117,56.019018,0.0],[-159.581711,56.018989,0.0],[-159.582072,56.019047,0.0],[-159.582718,56.019393,0.0],[-159.583727,56.020506,0.0],[-159.583883,56.020593,0.0],[-159.584218,56.020607,0.0],[-159.584554,56.020477,0.0],[-159.584863,56.02023,0.0],[-159.585147,56.020172,0.0],[-159.585302,56.020172,0.0],[-159.586155,56.020721,0.0],[-159.586465,56.020721,0.0],[-159.586632,56.020644,0.0],[-159.586756,56.020817,0.0],[-159.587265,56.021364,0.0],[-159.587394,56.022216,0.0],[-159.587423,56.022977,0.0],[-159.586447,56.024138,0.0],[-159.585724,56.024221,0.0],[-159.585127,56.024231,0.0],[-159.58482,56.024236,0.0],[-159.584381,56.024135,0.0],[-159.583993,56.023991,0.0],[-159.583569,56.023776,0.0],[-159.583451,56.023716,0.0],[-159.58265,56.0235,0.0],[-159.582262,56.023327,0.0],[-159.581952,56.023009,0.0],[-159.581951,56.022618,0.0],[-159.582165,56.022162,0.0],[-159.582182,56.022127,0.0],[-159.582192,56.022077,0.0],[-159.582284,56.021635,0.0],[-159.58218,56.021331,0.0]]]}},{"type":"Feature","properties":{"rgi_id":"RGI2000-v7.0-G-01-06826","o1region":"01"},"geometry":{"type":"Polygon","coordinates":[[[-159.527057,56.079498,0.0],[-159.526979,56.078283,0.0],[-159.526987,56.078235,0.0],[-159.527746,56.078318,0.0],[-159.530643,56.078279,0.0],[-159.534544,56.078097,0.0],[-159.536521,56.077952,0.0],[-159.536571,56.077977,0.0],[-159.537037,56.07831,0.0],[-159.537192,56.078686,0.0],[-159.537271,56.079481,0.0],[-159.537014,56.080855,0.0],[-159.536781,56.081303,0.0],[-159.536368,56.081708,0.0],[-159.535489,56.082359,0.0],[-159.534817,56.082749,0.0],[-159.534507,56.082793,0.0],[-159.533136,56.082692,0.0],[-159.53205,56.082519,0.0],[-159.53055,56.08223,0.0],[-159.529567,56.081941,0.0],[-159.528636,56.081594,0.0],[-159.527886,56.081219,0.0],[-159.527265,56.080452,0.0],[-159.527057,56.079498,0.0]]]}},{"type":"Feature","properties":{"rgi_id":"RGI2000-v7.0-G-01-06827","o1region":"01"},"geometry":{"type":"Polygon","coordinates":[[[-159.504023,56.104322,0.0],[-159.503402,56.103585,0.0],[-159.502108,56.100852,0.0],[-159.502127,56.100547,0.0],[-159.502139,56.10036,0.0],[-159.502212,56.099189,0.0],[-159.502341,56.0989,0.0],[-159.503039,56.097975,0.0],[-159.50291,56.097657,0.0],[-159.502522,56.09731,0.0],[-159.50128,56.096066,0.0],[-159.499935,56.095155,0.0],[-159.498926,56.094273,0.0],[-159.497917,56.093825,0.0],[-159.496934,56.093449,0.0],[-159.495926,56.092842,0.0],[-159.493494,56.091526,0.0],[-159.493107,56.091236,0.0],[-159.49277,56.090861,0.0],[-159.492822,56.090326,0.0],[-159.492978,56.090036,0.0],[-159.493495,56.089689,0.0],[-159.494012,56.089472,0.0],[-159.494581,56.089299,0.0],[-159.494995,56.089227,0.0],[-159.495331,56.089256,0.0],[-159.4959,56.089386,0.0],[-159.496443,56.089603,0.0],[-159.497271,56.090094,0.0],[-159.49784,56.09021,0.0],[-159.498693,56.090268,0.0],[-159.499599,56.090152,0.0],[-159.501823,56.089762,0.0],[-159.502366,56.089733,0.0],[-159.503426,56.089805,0.0],[-159.504358,56.089906,0.0],[-159.505185,56.090065,0.0],[-159.506091,56.090311,0.0],[-159.507125,56.090687,0.0],[-159.508574,56.091424,0.0],[-159.508858,56.091497,0.0],[-159.509091,56.091468,0.0],[-159.509298,56.091294,0.0],[-159.509582,56.090875,0.0],[-159.50997,56.090585,0.0],[-159.510384,56.090369,0.0],[-159.510927,56.090253,0.0],[-159.511212,56.090267,0.0],[-159.511832,56.090455,0.0],[-159.512272,56.09086,0.0],[-159.512945,56.091236,0.0],[-159.513359,56.091366,0.0],[-159.514652,56.091554,0.0],[-159.516359,56.091872,0.0],[-159.518093,56.092349,0.0],[-159.518895,56.092753,0.0],[-159.519516,56.093259,0.0],[-159.520085,56.094199,0.0],[-159.520551,56.095515,0.0],[-159.520604,56.096657,0.0],[-159.520449,56.097366,0.0],[-159.520139,56.098031,0.0],[-159.519777,56.098479,0.0],[-159.518924,56.099043,0.0],[-159.517656,56.099752,0.0],[-159.517372,56.100041,0.0],[-159.517269,56.100504,0.0],[-159.517372,56.100865,0.0],[-159.517735,56.10153,0.0],[-159.517813,56.101935,0.0],[-159.517399,56.102644,0.0],[-159.516701,56.10315,0.0],[-159.516042,56.103845,0.0],[-159.515796,56.104104,0.0],[-159.515201,56.104466,0.0],[-159.514735,56.104654,0.0],[-159.514269,56.104726,0.0],[-159.5137,56.104755,0.0],[-159.513338,56.104698,0.0],[-159.512794,56.104495,0.0],[-159.512771,56.104484,0.0],[-159.511863,56.104033,0.0],[-159.511423,56.103975,0.0],[-159.510957,56.103975,0.0],[-159.510543,56.104062,0.0],[-159.510259,56.104206,0.0],[-159.51,56.104481,0.0],[-159.509897,56.104741,0.0],[-159.509871,56.105059,0.0],[-159.510078,56.105638,0.0],[-159.510104,56.106014,0.0],[-159.510059,56.106256,0.0],[-159.510026,56.106433,0.0],[-159.509716,56.106693,0.0],[-159.509095,56.106925,0.0],[-159.508969,56.106963,0.0],[-159.508189,56.1072,0.0],[-159.507913,56.107244,0.0],[-159.507646,56.107286,0.0],[-159.507387,56.107229,0.0],[-159.507134,56.107106,0.0],[-159.506999,56.107041,0.0],[-159.50689,56.106951,0.0],[-159.505912,56.106144,0.0],[-159.505524,56.105754,0.0],[-159.505216,56.105518,0.0],[-159.504825,56.105219,0.0],[-159.504541,56.104742,0.0],[-159.504023,56.104322,0.0]]]}},{"type":"Feature","properties":{"rgi_id":"RGI2000-v7.0-G-01-06828","o1region":"01"},"geometry":{"type":"Polygon","coordinates":[[[-159.52318,56.105383,0.0],[-159.52328,56.105185,0.0],[-159.523177,56.105084,0.0],[-159.522892,56.104896,0.0],[-159.521148,56.104539,0.0],[-159.520354,56.102576,0.0],[-159.520261,56.101956,0.0],[-159.520551,56.101038,0.0],[-159.520841,56.100119,0.0],[-159.521018,56.099587,0.0],[-159.521456,56.098519,0.0],[-159.522128,56.097869,0.0],[-159.523238,56.097293,0.0],[-159.525091,56.097112,0.0],[-159.526321,56.097341,0.0],[-159.529382,56.097246,0.0],[-159.532514,56.097052,0.0],[-159.534381,56.096966,0.0],[-159.53576,56.097044,0.0],[-159.537047,56.09708,0.0],[-159.538171,56.09717,0.0],[-159.538949,56.097229,0.0],[-159.540442,56.097459,0.0],[-159.540067,56.098328,0.0],[-159.540067,56.098747,0.0],[-159.540352,56.099181,0.0],[-159.54087,56.099629,0.0],[-159.541284,56.099831,0.0],[-159.541579,56.099889,0.0],[-159.541213,56.100362,0.0],[-159.540442,56.100922,0.0],[-159.540273,56.101501,0.0],[-159.540485,56.101777,0.0],[-159.540842,56.102415,0.0],[-159.540407,56.10229,0.0],[-159.539709,56.102348,0.0],[-159.539554,56.102434,0.0],[-159.539424,56.102622,0.0],[-159.539683,56.102868,0.0],[-159.540201,56.103027,0.0],[-159.541754,56.103229,0.0],[-159.541883,56.103301,0.0],[-159.541987,56.10346,0.0],[-159.541857,56.103692,0.0],[-159.541651,56.103793,0.0],[-159.539788,56.103851,0.0],[-159.539219,56.103895,0.0],[-159.538882,56.10404,0.0],[-159.53865,56.104285,0.0],[-159.538754,56.104473,0.0],[-159.539038,56.104618,0.0],[-159.539608,56.104835,0.0],[-159.541497,56.10534,0.0],[-159.541741,56.105463,0.0],[-159.540565,56.105727,0.0],[-159.539023,56.105703,0.0],[-159.537283,56.105499,0.0],[-159.536067,56.105365,0.0],[-159.534879,56.10542,0.0],[-159.53355,56.105672,0.0],[-159.533111,56.106169,0.0],[-159.53293,56.106734,0.0],[-159.531789,56.106492,0.0],[-159.529342,56.10613,0.0],[-159.525848,56.105625,0.0],[-159.52318,56.105383,0.0]]]}},{"type":"Feature","properties":{"rgi_id":"RGI2000-v7.0-G-01-06829","o1region":"01"},"geometry":{"type":"Polygon","coordinates":[[[-159.483722,56.100869,0.0],[-159.484671,56.100173,0.0],[-159.484762,56.100107,0.0],[-159.486936,56.100078,0.0],[-159.489111,56.100049,0.0],[-159.490681,56.099405,0.0],[-159.492209,56.098477,0.0],[-159.493599,56.097484,0.0],[-159.495858,56.097165,0.0],[-159.497608,56.097727,0.0],[-159.497766,56.098791,0.0],[-159.498232,56.100199,0.0],[-159.498571,56.101612,0.0],[-159.499683,56.103061,0.0],[-159.500234,56.105035,0.0],[-159.500467,56.105739,0.0],[-159.501506,56.106691,0.0],[-159.501874,56.107078,0.0],[-159.502418,56.107649,0.0],[-159.501357,56.10827,0.0],[-159.500613,56.109304,0.0],[-159.497908,56.110072,0.0],[-159.49585,56.109167,0.0],[-159.494111,56.108676,0.0],[-159.491618,56.107434,0.0],[-159.489456,56.105819,0.0],[-159.487229,56.104636,0.0],[-159.48583,56.103844,0.0],[-159.484505,56.10269,0.0],[-159.483722,56.100869,0.0]]]}},{"type":"Feature","properties":{"rgi_id":"RGI2000-v7.0-G-01-06830","o1region":"01"},"geometry":{"type":"Polygon","coordinates":[[[-159.459773,56.11153,0.0],[-159.46203,56.110605,0.0],[-159.465358,56.108547,0.0],[-159.467429,56.106666,0.0],[-159.467114,56.104537,0.0],[-159.469063,56.101828,0.0],[-159.471258,56.099346,0.0],[-159.472338,56.097987,0.0],[-159.475432,56.097249,0.0],[-159.477552,56.09858,0.0],[-159.478097,56.100817,0.0],[-159.478482,56.104847,0.0],[-159.478585,56.106986,0.0],[-159.478636,56.108769,0.0],[-159.479518,56.110395,0.0],[-159.48116,56.11282,0.0],[-159.48192,56.113618,0.0],[-159.482975,56.114833,0.0],[-159.483696,56.115372,0.0],[-159.485467,56.116933,0.0],[-159.486125,56.117046,0.0],[-159.487229,56.116709,0.0],[-159.488311,56.11623,0.0],[-159.48949,56.115533,0.0],[-159.491645,56.114505,0.0],[-159.492833,56.113878,0.0],[-159.494733,56.113719,0.0],[-159.496494,56.113495,0.0],[-159.497746,56.113294,0.0],[-159.501383,56.113126,0.0],[-159.501598,56.113227,0.0],[-159.502116,56.113603,0.0],[-159.502349,56.114138,0.0],[-159.502582,56.114441,0.0],[-159.50297,56.114601,0.0],[-159.503876,56.114817,0.0],[-159.504135,56.114962,0.0],[-159.504316,56.115309,0.0],[-159.504264,56.115858,0.0],[-159.504057,56.116451,0.0],[-159.504009,56.116532,0.0],[-159.503695,56.117059,0.0],[-159.503022,56.117868,0.0],[-159.502686,56.118186,0.0],[-159.501971,56.118705,0.0],[-159.50165,56.118938,0.0],[-159.500874,56.11956,0.0],[-159.499839,56.119951,0.0],[-159.498907,56.120254,0.0],[-159.498363,56.120529,0.0],[-159.498027,56.120833,0.0],[-159.497483,56.121888,0.0],[-159.497302,56.122351,0.0],[-159.49725,56.122857,0.0],[-159.497405,56.123103,0.0],[-159.497638,56.123175,0.0],[-159.497794,56.123175,0.0],[-159.498104,56.1229,0.0],[-159.49826,56.12238,0.0],[-159.49901,56.121758,0.0],[-159.499839,56.120645,0.0],[-159.500305,56.120572,0.0],[-159.500615,56.120688,0.0],[-159.500719,56.120905,0.0],[-159.500719,56.121527,0.0],[-159.500952,56.122192,0.0],[-159.501573,56.122929,0.0],[-159.502013,56.123638,0.0],[-159.502014,56.123639,0.0],[-159.501926,56.123701,0.0],[-159.501794,56.123806,0.0],[-159.501541,56.124021,0.0],[-159.501423,56.124133,0.0],[-159.501304,56.124277,0.0],[-159.501202,56.124429,0.0],[-159.501011,56.124741,0.0],[-159.500905,56.124891,0.0],[-159.500603,56.12525,0.0],[-159.500412,56.125494,0.0],[-159.500325,56.12562,0.0],[-159.500231,56.125813,0.0],[-159.500166,56.12602,0.0],[-159.500031,56.126661,0.0],[-159.499974,56.126864,0.0],[-159.499894,56.127052,0.0],[-159.499542,56.127618,0.0],[-159.499491,56.127722,0.0],[-159.499464,56.127828,0.0],[-159.49946,56.127933,0.0],[-159.499497,56.128143,0.0],[-159.499512,56.128295,0.0],[-159.499504,56.128456,0.0],[-159.499469,56.128619,0.0],[-159.49932,56.12902,0.0],[-159.499167,56.129519,0.0],[-159.499099,56.129683,0.0],[-159.498963,56.129947,0.0],[-159.498877,56.130155,0.0],[-159.49873,56.130585,0.0],[-159.498643,56.130794,0.0],[-159.498504,56.131062,0.0],[-159.498425,56.131247,0.0],[-159.498288,56.131627,0.0],[-159.49821,56.131812,0.0],[-159.498109,56.131987,0.0],[-159.497974,56.132146,0.0],[-159.497797,56.132284,0.0],[-159.496766,56.132907,0.0],[-159.496467,56.133099,0.0],[-159.496158,56.133286,0.0],[-159.495862,56.133479,0.0],[-159.495557,56.133667,0.0],[-159.495264,56.133862,0.0],[-159.49496,56.134051,0.0],[-159.494669,56.134246,0.0],[-159.494367,56.134436,0.0],[-159.494076,56.134631,0.0],[-159.493774,56.134822,0.0],[-159.493484,56.135017,0.0],[-159.493182,56.135207,0.0],[-159.492892,56.135403,0.0],[-159.492591,56.135593,0.0],[-159.492301,56.135789,0.0],[-159.492002,56.13598,0.0],[-159.491715,56.136177,0.0],[-159.49142,56.136371,0.0],[-159.490862,56.136772,0.0],[-159.490481,56.137091,0.0],[-159.490361,56.137201,0.0],[-159.490221,56.137357,0.0],[-159.489963,56.137678,0.0],[-159.489752,56.137911,0.0],[-159.489494,56.138233,0.0],[-159.489354,56.138388,0.0],[-159.489234,56.138498,0.0],[-159.488853,56.138817,0.0],[-159.488294,56.139218,0.0],[-159.488,56.139412,0.0],[-159.487713,56.139609,0.0],[-159.487414,56.1398,0.0],[-159.487124,56.139996,0.0],[-159.486823,56.140187,0.0],[-159.486533,56.140382,0.0],[-159.486232,56.140573,0.0],[-159.485942,56.140768,0.0],[-159.485641,56.140959,0.0],[-159.485351,56.141155,0.0],[-159.48505,56.141345,0.0],[-159.484761,56.141541,0.0],[-159.48446,56.141732,0.0],[-159.484171,56.141928,0.0],[-159.48387,56.142118,0.0],[-159.48358,56.142314,0.0],[-159.48328,56.142505,0.0],[-159.48299,56.142701,0.0],[-159.482688,56.142891,0.0],[-159.482398,56.143086,0.0],[-159.482096,56.143276,0.0],[-159.481804,56.143471,0.0],[-159.481502,56.143661,0.0],[-159.481209,56.143856,0.0],[-159.480906,56.144045,0.0],[-159.480613,56.14424,0.0],[-159.480311,56.144429,0.0],[-159.479725,56.144818,0.0],[-159.479174,56.145223,0.0],[-159.479052,56.145332,0.0],[-159.478937,56.145444,0.0],[-159.478827,56.145558,0.0],[-159.47873,56.145678,0.0],[-159.478626,56.145879,0.0],[-159.478566,56.1461,0.0],[-159.478541,56.14636,0.0],[-159.478549,56.14667,0.0],[-159.47858,56.147011,0.0],[-159.478627,56.147365,0.0],[-159.478684,56.147714,0.0],[-159.478873,56.148691,0.0],[-159.478876,56.14874,0.0],[-159.478879,56.148757,0.0],[-159.478863,56.148793,0.0],[-159.478827,56.148845,0.0],[-159.478705,56.148988,0.0],[-159.478635,56.149079,0.0],[-159.478555,56.149227,0.0],[-159.478496,56.149397,0.0],[-159.478458,56.14958,0.0],[-159.478438,56.149766,0.0],[-159.478427,56.150402,0.0],[-159.478409,56.150544,0.0],[-159.478374,56.150679,0.0],[-159.478317,56.150803,0.0],[-159.478137,56.151051,0.0],[-159.478079,56.151166,0.0],[-159.478036,56.151289,0.0],[-159.477937,56.151669,0.0],[-159.477894,56.151791,0.0],[-159.477836,56.151906,0.0],[-159.47766,56.152156,0.0],[-159.477609,56.152274,0.0],[-159.477578,56.152402,0.0],[-159.477562,56.152537,0.0],[-159.477557,56.152677,0.0],[-159.47756,56.152821,0.0],[-159.477606,56.153556,0.0],[-159.477605,56.153698,0.0],[-159.477593,56.153834,0.0],[-159.477566,56.153964,0.0],[-159.477518,56.154084,0.0],[-159.477403,56.154256,0.0],[-159.477346,56.154358,0.0],[-159.477291,56.154518,0.0],[-159.477259,56.154698,0.0],[-159.477247,56.154888,0.0],[-159.477249,56.155078,0.0],[-159.477277,56.155413,0.0],[-159.477316,56.155651,0.0],[-159.477262,56.155661,0.0],[-159.477191,56.155636,0.0],[-159.477076,56.155533,0.0],[-159.476958,56.155359,0.0],[-159.476842,56.155128,0.0],[-159.476729,56.154855,0.0],[-159.476305,56.153662,0.0],[-159.476201,56.153423,0.0],[-159.476084,56.153214,0.0],[-159.475939,56.153024,0.0],[-159.475334,56.152441,0.0],[-159.475221,56.152319,0.0],[-159.475088,56.152126,0.0],[-159.474983,56.151914,0.0],[-159.4749,56.151689,0.0],[-159.474831,56.151454,0.0],[-159.474772,56.151212,0.0],[-159.474562,56.150229,0.0],[-159.474499,56.14999,0.0],[-159.474424,56.149759,0.0],[-159.474331,56.14954,0.0],[-159.474214,56.149336,0.0],[-159.474065,56.149154,0.0],[-159.473937,56.149042,0.0],[-159.473654,56.148835,0.0],[-159.473503,56.148739,0.0],[-159.473341,56.148649,0.0],[-159.47284,56.148389,0.0],[-159.471794,56.147899,0.0],[-159.471293,56.147639,0.0],[-159.471131,56.14755,0.0],[-159.47098,56.147453,0.0],[-159.470696,56.147247,0.0],[-159.470568,56.147135,0.0],[-159.470412,56.146943,0.0],[-159.470291,56.146728,0.0],[-159.470197,56.146496,0.0],[-159.470122,56.146251,0.0],[-159.470061,56.145997,0.0],[-159.470009,56.145737,0.0],[-159.469922,56.145205,0.0],[-159.46967,56.143311,0.0],[-159.469548,56.142508,0.0],[-159.469443,56.141988,0.0],[-159.469377,56.141737,0.0],[-159.469297,56.141496,0.0],[-159.469198,56.141267,0.0],[-159.469072,56.141055,0.0],[-159.468749,56.14064,0.0],[-159.468515,56.140323,0.0],[-159.468389,56.14017,0.0],[-159.468248,56.140027,0.0],[-159.468118,56.139917,0.0],[-159.467443,56.139379,0.0],[-159.467298,56.139239,0.0],[-159.466913,56.138785,0.0],[-159.466778,56.138639,0.0],[-159.466535,56.138406,0.0],[-159.466384,56.138244,0.0],[-159.465879,56.13766,0.0],[-159.465753,56.137468,0.0],[-159.465649,56.137261,0.0],[-159.465562,56.137044,0.0],[-159.465486,56.136819,0.0],[-159.465273,56.136134,0.0],[-159.465194,56.135912,0.0],[-159.465103,56.135696,0.0],[-159.464995,56.135492,0.0],[-159.464818,56.135215,0.0],[-159.46471,56.135005,0.0],[-159.464621,56.134783,0.0],[-159.464546,56.134551,0.0],[-159.464482,56.134312,0.0],[-159.464426,56.134068,0.0],[-159.46433,56.133568,0.0],[-159.464247,56.133061,0.0],[-159.464136,56.132296,0.0],[-159.464072,56.131789,0.0],[-159.464024,56.131289,0.0],[-159.464004,56.130802,0.0],[-159.464012,56.130568,0.0],[-159.464037,56.130341,0.0],[-159.464085,56.130125,0.0],[-159.464179,56.129836,0.0],[-159.464227,56.12961,0.0],[-159.464252,56.129371,0.0],[-159.464258,56.129124,0.0],[-159.46425,56.128871,0.0],[-159.464232,56.128613,0.0],[-159.464176,56.128087,0.0],[-159.464067,56.127287,0.0],[-159.463465,56.12326,0.0],[-159.462957,56.119768,0.0],[-159.462831,56.118968,0.0],[-159.462734,56.118443,0.0],[-159.462612,56.117935,0.0],[-159.462535,56.117691,0.0],[-159.462443,56.117457,0.0],[-159.46233,56.117237,0.0],[-159.462154,56.116961,0.0],[-159.462043,56.116748,0.0],[-159.461951,56.116524,0.0],[-159.461872,56.11629,0.0],[-159.461802,56.116051,0.0],[-159.461609,56.115322,0.0],[-159.461537,56.115083,0.0],[-159.461455,56.114852,0.0],[-159.461357,56.114631,0.0],[-159.461236,56.114426,0.0],[-159.461037,56.114164,0.0],[-159.460923,56.114003,0.0],[-159.460607,56.113505,0.0],[-159.460492,56.113345,0.0],[-159.46029,56.113086,0.0],[-159.460164,56.112881,0.0],[-159.460063,56.11266,0.0],[-159.459979,56.112427,0.0],[-159.459909,56.112185,0.0],[-159.45985,56.111935,0.0],[-159.459793,56.111649,0.0],[-159.459773,56.11153,0.0]]]}},{"type":"Feature","properties":{"rgi_id":"RGI2000-v7.0-G-01-06831","o1region":"01"},"geometry":{"type":"Polygon","coordinates":[[[-159.52318,56.105383,0.0],[-159.525848,56.105625,0.0],[-159.529342,56.10613,0.0],[-159.531789,56.106492,0.0],[-159.53293,56.106734,0.0],[-159.532645,56.10762,0.0],[-159.53256,56.108195,0.0],[-159.532181,56.108943,0.0],[-159.531642,56.108944,0.0],[-159.530788,56.109218,0.0],[-159.530116,56.109508,0.0],[-159.529573,56.109884,0.0],[-159.530452,56.112064,0.0],[-159.529807,56.112876,0.0],[-159.529368,56.113874,0.0],[-159.529316,56.114597,0.0],[-159.529498,56.115103,0.0],[-159.529861,56.115768,0.0],[-159.530793,56.116621,0.0],[-159.530966,56.116747,0.0],[-159.531902,56.117106,0.0],[-159.533863,56.117186,0.0],[-159.536681,56.116826,0.0],[-159.538162,56.116462,0.0],[-159.538268,56.116467,0.0],[-159.539661,56.116859,0.0],[-159.540646,56.11727,0.0],[-159.541138,56.117819,0.0],[-159.54192,56.118925,0.0],[-159.542345,56.119706,0.0],[-159.541768,56.120647,0.0],[-159.540597,56.12173,0.0],[-159.539027,56.122204,0.0],[-159.537312,56.122398,0.0],[-159.534442,56.122417,0.0],[-159.532702,56.122441,0.0],[-159.530528,56.122313,0.0],[-159.528974,56.122214,0.0],[-159.527514,56.122053,0.0],[-159.526402,56.122162,0.0],[-159.525816,56.122361,0.0],[-159.525714,56.123051,0.0],[-159.525833,56.123846,0.0],[-159.525281,56.124957,0.0],[-159.524645,56.126187,0.0],[-159.52473,56.127441,0.0],[-159.52484,56.128178,0.0],[-159.525553,56.128831,0.0],[-159.526349,56.129492,0.0],[-159.526345,56.129504,0.0],[-159.526133,56.130143,0.0],[-159.526558,56.130923,0.0],[-159.526864,56.131595,0.0],[-159.526932,56.132049,0.0],[-159.527051,56.132146,0.0],[-159.523021,56.132427,0.0],[-159.517734,56.133101,0.0],[-159.514124,56.134697,0.0],[-159.511236,56.135974,0.0],[-159.508284,56.136825,0.0],[-159.504844,56.137842,0.0],[-159.501616,56.138562,0.0],[-159.496815,56.140784,0.0],[-159.493438,56.142226,0.0],[-159.491143,56.144046,0.0],[-159.489761,56.14511,0.0],[-159.488698,56.146588,0.0],[-159.487167,56.148373,0.0],[-159.484935,56.150619,0.0],[-159.481874,56.152474,0.0],[-159.480024,56.153845,0.0],[-159.477541,56.156044,0.0],[-159.477369,56.156009,0.0],[-159.477316,56.155651,0.0],[-159.477277,56.155413,0.0],[-159.477249,56.155078,0.0],[-159.477247,56.154888,0.0],[-159.477259,56.154698,0.0],[-159.477291,56.154518,0.0],[-159.477346,56.154358,0.0],[-159.477403,56.154256,0.0],[-159.477518,56.154084,0.0],[-159.477566,56.153964,0.0],[-159.477593,56.153834,0.0],[-159.477605,56.153698,0.0],[-159.477606,56.153556,0.0],[-159.47756,56.152821,0.0],[-159.477557,56.152677,0.0],[-159.477562,56.152537,0.0],[-159.477578,56.152402,0.0],[-159.477609,56.152274,0.0],[-159.47766,56.152156,0.0],[-159.477836,56.151906,0.0],[-159.477894,56.151791,0.0],[-159.477937,56.151669,0.0],[-159.478036,56.151289,0.0],[-159.478079,56.151166,0.0],[-159.478137,56.151051,0.0],[-159.478317,56.150803,0.0],[-159.478374,56.150679,0.0],[-159.478409,56.150544,0.0],[-159.478427,56.150402,0.0],[-159.478438,56.149766,0.0],[-159.478458,56.14958,0.0],[-159.478496,56.149397,0.0],[-159.478555,56.149227,0.0],[-159.478635,56.149079,0.0],[-159.478705,56.148988,0.0],[-159.478827,56.148845,0.0],[-159.478863,56.148793,0.0],[-159.478879,56.148757,0.0],[-159.478876,56.14874,0.0],[-159.478873,56.148691,0.0],[-159.478684,56.147714,0.0],[-159.478627,56.147365,0.0],[-159.47858,56.147011,0.0],[-159.478549,56.14667,0.0],[-159.478541,56.14636,0.0],[-159.478566,56.1461,0.0],[-159.478626,56.145879,0.0],[-159.47873,56.145678,0.0],[-159.478827,56.145558,0.0],[-159.478937,56.145444,0.0],[-159.479052,56.145332,0.0],[-159.479174,56.145223,0.0],[-159.479725,56.144818,0.0],[-159.480311,56.144429,0.0],[-159.480613,56.14424,0.0],[-159.480906,56.144045,0.0],[-159.481209,56.143856,0.0],[-159.481502,56.143661,0.0],[-159.481804,56.143471,0.0],[-159.482096,56.143276,0.0],[-159.482398,56.143086,0.0],[-159.482688,56.142891,0.0],[-159.48299,56.142701,0.0],[-159.48328,56.142505,0.0],[-159.48358,56.142314,0.0],[-159.48387,56.142118,0.0],[-159.484171,56.141928,0.0],[-159.48446,56.141732,0.0],[-159.484761,56.141541,0.0],[-159.48505,56.141345,0.0],[-159.485351,56.141155,0.0],[-159.485641,56.140959,0.0],[-159.485942,56.140768,0.0],[-159.486232,56.140573,0.0],[-159.486533,56.140382,0.0],[-159.486823,56.140187,0.0],[-159.487124,56.139996,0.0],[-159.487414,56.1398,0.0],[-159.487713,56.139609,0.0],[-159.488,56.139412,0.0],[-159.488294,56.139218,0.0],[-159.488853,56.138817,0.0],[-159.489234,56.138498,0.0],[-159.489354,56.138388,0.0],[-159.489494,56.138233,0.0],[-159.489752,56.137911,0.0],[-159.489963,56.137678,0.0],[-159.490221,56.137357,0.0],[-159.490361,56.137201,0.0],[-159.490481,56.137091,0.0],[-159.490862,56.136772,0.0],[-159.49142,56.136371,0.0],[-159.491715,56.136177,0.0],[-159.492002,56.13598,0.0],[-159.492301,56.135789,0.0],[-159.492591,56.135593,0.0],[-159.492892,56.135403,0.0],[-159.493182,56.135207,0.0],[-159.493484,56.135017,0.0],[-159.493774,56.134822,0.0],[-159.494076,56.134631,0.0],[-159.494367,56.134436,0.0],[-159.494669,56.134246,0.0],[-159.49496,56.134051,0.0],[-159.495264,56.133862,0.0],[-159.495557,56.133667,0.0],[-159.495862,56.133479,0.0],[-159.496158,56.133286,0.0],[-159.496467,56.133099,0.0],[-159.496766,56.132907,0.0],[-159.497797,56.132284,0.0],[-159.497974,56.132146,0.0],[-159.498109,56.131987,0.0],[-159.49821,56.131812,0.0],[-159.498288,56.131627,0.0],[-159.498425,56.131247,0.0],[-159.498504,56.131062,0.0],[-159.498643,56.130794,0.0],[-159.49873,56.130585,0.0],[-159.498877,56.130155,0.0],[-159.498963,56.129947,0.0],[-159.499099,56.129683,0.0],[-159.499167,56.129519,0.0],[-159.49932,56.12902,0.0],[-159.499469,56.128619,0.0],[-159.499504,56.128456,0.0],[-159.499512,56.128295,0.0],[-159.499497,56.128143,0.0],[-159.49946,56.127933,0.0],[-159.499464,56.127828,0.0],[-159.499491,56.127722,0.0],[-159.499542,56.127618,0.0],[-159.499894,56.127052,0.0],[-159.499974,56.126864,0.0],[-159.500031,56.126661,0.0],[-159.500166,56.12602,0.0],[-159.500231,56.125813,0.0],[-159.500325,56.12562,0.0],[-159.500412,56.125494,0.0],[-159.500603,56.12525,0.0],[-159.500905,56.124891,0.0],[-159.501011,56.124741,0.0],[-159.501202,56.124429,0.0],[-159.501304,56.124277,0.0],[-159.501423,56.124133,0.0],[-159.501541,56.124021,0.0],[-159.501794,56.123806,0.0],[-159.501926,56.123701,0.0],[-159.502014,56.123639,0.0],[-159.502065,56.123869,0.0],[-159.502065,56.124187,0.0],[-159.501599,56.124592,0.0],[-159.501004,56.125026,0.0],[-159.500952,56.125301,0.0],[-159.501107,56.125489,0.0],[-159.501392,56.125648,0.0],[-159.501599,56.126067,0.0],[-159.501728,56.126125,0.0],[-159.502039,56.126154,0.0],[-159.502505,56.125922,0.0],[-159.502583,56.125778,0.0],[-159.502971,56.125503,0.0],[-159.503076,56.125317,0.0],[-159.503126,56.125228,0.0],[-159.5031,56.124274,0.0],[-159.503256,56.123435,0.0],[-159.503307,56.122915,0.0],[-159.5031,56.122466,0.0],[-159.502653,56.121941,0.0],[-159.502349,56.121584,0.0],[-159.50222,56.12118,0.0],[-159.502238,56.120761,0.0],[-159.502246,56.120572,0.0],[-159.502317,56.120379,0.0],[-159.502479,56.119936,0.0],[-159.502971,56.119097,0.0],[-159.503592,56.118548,0.0],[-159.503876,56.118403,0.0],[-159.504239,56.118345,0.0],[-159.504549,56.11836,0.0],[-159.504894,56.118502,0.0],[-159.505041,56.118562,0.0],[-159.505766,56.119155,0.0],[-159.505999,56.119141,0.0],[-159.506258,56.119025,0.0],[-159.506361,56.118851,0.0],[-159.506335,56.118577,0.0],[-159.506232,56.118186,0.0],[-159.505714,56.117218,0.0],[-159.505692,56.11714,0.0],[-159.505584,56.116755,0.0],[-159.505662,56.116032,0.0],[-159.505972,56.115367,0.0],[-159.506153,56.115222,0.0],[-159.506361,56.11515,0.0],[-159.506542,56.11515,0.0],[-159.506645,56.115179,0.0],[-159.506723,56.115251,0.0],[-159.506764,56.115389,0.0],[-159.506801,56.115511,0.0],[-159.506749,56.115844,0.0],[-159.506827,56.116104,0.0],[-159.507241,56.116335,0.0],[-159.507758,56.116466,0.0],[-159.50794,56.116596,0.0],[-159.508173,56.116827,0.0],[-159.508328,56.117174,0.0],[-159.508509,56.118114,0.0],[-159.50838,56.118446,0.0],[-159.507837,56.119025,0.0],[-159.507267,56.119386,0.0],[-159.506931,56.119661,0.0],[-159.506879,56.119849,0.0],[-159.506957,56.11995,0.0],[-159.507086,56.120008,0.0],[-159.507397,56.120138,0.0],[-159.507759,56.120225,0.0],[-159.50807,56.120239,0.0],[-159.508536,56.120225,0.0],[-159.509053,56.120066,0.0],[-159.509364,56.119936,0.0],[-159.509804,56.119531,0.0],[-159.510502,56.117984,0.0],[-159.510735,56.117333,0.0],[-159.51089,56.117116,0.0],[-159.511175,56.116885,0.0],[-159.512055,56.116682,0.0],[-159.512987,56.116393,0.0],[-159.513375,56.11619,0.0],[-159.513556,56.115945,0.0],[-159.513633,56.115511,0.0],[-159.513115,56.11379,0.0],[-159.513348,56.113414,0.0],[-159.513865,56.113298,0.0],[-159.514124,56.113342,0.0],[-159.514719,56.113515,0.0],[-159.515522,56.113992,0.0],[-159.51591,56.114036,0.0],[-159.51635,56.113992,0.0],[-159.516686,56.113674,0.0],[-159.516997,56.113587,0.0],[-159.517592,56.113602,0.0],[-159.51798,56.113529,0.0],[-159.518161,56.113428,0.0],[-159.518265,56.113182,0.0],[-159.518213,56.112546,0.0],[-159.518394,56.112343,0.0],[-159.519506,56.111476,0.0],[-159.519558,56.111042,0.0],[-159.519066,56.110449,0.0],[-159.518858,56.109871,0.0],[-159.518858,56.109596,0.0],[-159.518625,56.109292,0.0],[-159.518107,56.108945,0.0],[-159.51746,56.108729,0.0],[-159.517124,56.108512,0.0],[-159.517098,56.108093,0.0],[-159.51777,56.107341,0.0],[-159.518262,56.106965,0.0],[-159.519452,56.106545,0.0],[-159.522401,56.105923,0.0],[-159.523125,56.105489,0.0],[-159.52318,56.105383,0.0]],[[-159.518234,56.123799,0.0],[-159.5164,56.12457,0.0],[-159.515517,56.124839,0.0],[-159.513657,56.124754,0.0],[-159.5119,56.124664,0.0],[-159.510439,56.124503,0.0],[-159.508402,56.124597,0.0],[-159.506788,56.124786,0.0],[-159.505947,56.12534,0.0],[-159.505446,56.126106,0.0],[-159.505633,56.126669,0.0],[-159.506819,56.127228,0.0],[-159.508528,56.12682,0.0],[-159.509598,56.126428,0.0],[-159.511127,56.126357,0.0],[-159.513029,56.126726,0.0],[-159.514837,56.127157,0.0],[-159.516221,56.126807,0.0],[-159.517903,56.126386,0.0],[-159.520102,56.125998,0.0],[-159.520204,56.125308,0.0],[-159.520238,56.124163,0.0],[-159.519346,56.12369,0.0],[-159.518234,56.123799,0.0]],[[-159.493261,56.140034,0.0],[-159.493623,56.140107,0.0],[-159.493986,56.140063,0.0],[-159.494556,56.139948,0.0],[-159.494996,56.139702,0.0],[-159.495203,56.139514,0.0],[-159.495074,56.139413,0.0],[-159.494737,56.139398,0.0],[-159.494556,56.139471,0.0],[-159.494012,56.139832,0.0],[-159.493753,56.139847,0.0],[-159.493701,56.139774,0.0],[-159.493727,56.139615,0.0],[-159.493909,56.139456,0.0],[-159.494168,56.139312,0.0],[-159.494219,56.139196,0.0],[-159.494038,56.139109,0.0],[-159.493831,56.139109,0.0],[-159.493494,56.139181,0.0],[-159.493183,56.139355,0.0],[-159.493002,56.139543,0.0],[-159.492872,56.139745,0.0],[-159.49308,56.139933,0.0],[-159.493261,56.140034,0.0]]]}},{"type":"Feature","properties":{"rgi_id":"RGI2000-v7.0-G-01-06832","o1region":"01"},"geometry":{"type":"Polygon","coordinates":[[[-159.477541,56.156044,0.0],[-159.480024,56.153845,0.0],[-159.481874,56.152474,0.0],[-159.484935,56.150619,0.0],[-159.487167,56.148373,0.0],[-159.488698,56.146588,0.0],[-159.489761,56.14511,0.0],[-159.491143,56.144046,0.0],[-159.493438,56.142226,0.0],[-159.496815,56.140784,0.0],[-159.501616,56.138562,0.0],[-159.504844,56.137842,0.0],[-159.508284,56.136825,0.0],[-159.511236,56.135974,0.0],[-159.514124,56.134697,0.0],[-159.517734,56.133101,0.0],[-159.523021,56.132427,0.0],[-159.527051,56.132146,0.0],[-159.527399,56.132427,0.0],[-159.528104,56.133023,0.0],[-159.529445,56.134001,0.0],[-159.529254,56.134088,0.0],[-159.528504,56.134753,0.0],[-159.528245,56.135202,0.0],[-159.528323,56.135288,0.0],[-159.528582,56.135346,0.0],[-159.529488,56.135332,0.0],[-159.53069,56.13524,0.0],[-159.530679,56.135247,0.0],[-159.530509,56.135389,0.0],[-159.530192,56.135683,0.0],[-159.529645,56.136091,0.0],[-159.529187,56.136375,0.0],[-159.529028,56.136466,0.0],[-159.528857,56.136552,0.0],[-159.528751,56.136601,0.0],[-159.528856,56.136711,0.0],[-159.529377,56.137615,0.0],[-159.529918,56.138662,0.0],[-159.53047,56.138922,0.0],[-159.531437,56.139377,0.0],[-159.531012,56.139968,0.0],[-159.53045,56.140494,0.0],[-159.530524,56.140991,0.0],[-159.529537,56.141251,0.0],[-159.52839,56.141304,0.0],[-159.528114,56.142032,0.0],[-159.527902,56.143185,0.0],[-159.528337,56.143521,0.0],[-159.529495,56.143539,0.0],[-159.53032,56.143818,0.0],[-159.529909,56.143877,0.0],[-159.529547,56.143964,0.0],[-159.529365,56.144065,0.0],[-159.529443,56.144224,0.0],[-159.529754,56.144282,0.0],[-159.530298,56.144296,0.0],[-159.530894,56.144441,0.0],[-159.531153,56.144542,0.0],[-159.531438,56.144744,0.0],[-159.531723,56.145062,0.0],[-159.53191,56.145166,0.0],[-159.531944,56.145775,0.0],[-159.531207,56.146572,0.0],[-159.530754,56.146974,0.0],[-159.529041,56.148101,0.0],[-159.528801,56.14935,0.0],[-159.527243,56.149804,0.0],[-159.525424,56.149079,0.0],[-159.523314,56.1487,0.0],[-159.521473,56.148976,0.0],[-159.520057,56.149804,0.0],[-159.517522,56.150588,0.0],[-159.516028,56.150896,0.0],[-159.514442,56.15116,0.0],[-159.512976,56.151656,0.0],[-159.512246,56.151928,0.0],[-159.511241,56.15207,0.0],[-159.51056,56.151766,0.0],[-159.510378,56.151284,0.0],[-159.510039,56.150728,0.0],[-159.51177,56.15029,0.0],[-159.512577,56.149682,0.0],[-159.511558,56.148872,0.0],[-159.510507,56.148706,0.0],[-159.509062,56.148487,0.0],[-159.507985,56.148537,0.0],[-159.508206,56.148377,0.0],[-159.508309,56.148088,0.0],[-159.508206,56.1479,0.0],[-159.507998,56.147785,0.0],[-159.507636,56.147683,0.0],[-159.507247,56.14764,0.0],[-159.506988,56.14764,0.0],[-159.506237,56.147886,0.0],[-159.505823,56.147929,0.0],[-159.50546,56.147915,0.0],[-159.505071,56.14777,0.0],[-159.504372,56.14712,0.0],[-159.504061,56.147004,0.0],[-159.503802,56.146946,0.0],[-159.503595,56.146975,0.0],[-159.50344,56.147076,0.0],[-159.503414,56.147235,0.0],[-159.50344,56.14738,0.0],[-159.503776,56.147669,0.0],[-159.504398,56.148045,0.0],[-159.504528,56.148161,0.0],[-159.504528,56.148334,0.0],[-159.504217,56.148566,0.0],[-159.503854,56.148754,0.0],[-159.503802,56.148884,0.0],[-159.503802,56.149028,0.0],[-159.504968,56.14952,0.0],[-159.505124,56.150098,0.0],[-159.505227,56.150893,0.0],[-159.505487,56.15124,0.0],[-159.505642,56.151342,0.0],[-159.505771,56.151342,0.0],[-159.506108,56.151284,0.0],[-159.506421,56.150787,0.0],[-159.506608,56.150958,0.0],[-159.507426,56.151277,0.0],[-159.507657,56.151934,0.0],[-159.506782,56.151934,0.0],[-159.506419,56.152007,0.0],[-159.506264,56.152108,0.0],[-159.50616,56.152296,0.0],[-159.506445,56.152701,0.0],[-159.507015,56.153019,0.0],[-159.507533,56.153221,0.0],[-159.509209,56.1537,0.0],[-159.508915,56.153711,0.0],[-159.508609,56.153709,0.0],[-159.508309,56.153695,0.0],[-159.507815,56.153653,0.0],[-159.507427,56.153631,0.0],[-159.507015,56.153622,0.0],[-159.506584,56.153621,0.0],[-159.50614,56.153627,0.0],[-159.505228,56.153652,0.0],[-159.503358,56.153728,0.0],[-159.493457,56.154179,0.0],[-159.492054,56.154248,0.0],[-159.491136,56.154301,0.0],[-159.490686,56.154333,0.0],[-159.490248,56.154369,0.0],[-159.489824,56.154413,0.0],[-159.489419,56.154465,0.0],[-159.48904,56.15453,0.0],[-159.488557,56.154635,0.0],[-159.488223,56.154699,0.0],[-159.486824,56.154926,0.0],[-159.486492,56.154991,0.0],[-159.486014,56.155099,0.0],[-159.485676,56.155161,0.0],[-159.485318,56.155215,0.0],[-159.484947,56.155262,0.0],[-159.483811,56.155392,0.0],[-159.483443,56.15544,0.0],[-159.483091,56.155496,0.0],[-159.482763,56.155564,0.0],[-159.480943,56.156038,0.0],[-159.480531,56.156107,0.0],[-159.480057,56.156154,0.0],[-159.479551,56.15618,0.0],[-159.479043,56.156187,0.0],[-159.478564,56.156174,0.0],[-159.478142,56.156143,0.0],[-159.477801,56.156099,0.0],[-159.477541,56.156044,0.0]],[[-159.498129,56.147293,0.0],[-159.498285,56.147134,0.0],[-159.498311,56.146975,0.0],[-159.498233,56.146614,0.0],[-159.498285,56.146339,0.0],[-159.498777,56.145905,0.0],[-159.49901,56.145602,0.0],[-159.499088,56.145283,0.0],[-159.498958,56.145095,0.0],[-159.49844,56.144691,0.0],[-159.497974,56.144503,0.0],[-159.497715,56.144445,0.0],[-159.49756,56.144445,0.0],[-159.497275,56.144821,0.0],[-159.496757,56.145254,0.0],[-159.49655,56.145486,0.0],[-159.496368,56.146079,0.0],[-159.496394,56.146368,0.0],[-159.496964,56.147206,0.0],[-159.497249,56.147337,0.0],[-159.497456,56.147365,0.0],[-159.498129,56.147293,0.0]],[[-159.499658,56.147814,0.0],[-159.499528,56.14777,0.0],[-159.499269,56.147785,0.0],[-159.498803,56.147886,0.0],[-159.498285,56.148132,0.0],[-159.498104,56.148334,0.0],[-159.498104,56.148551,0.0],[-159.498363,56.14939,0.0],[-159.498311,56.149795,0.0],[-159.498518,56.150026,0.0],[-159.498751,56.150041,0.0],[-159.499684,56.150026,0.0],[-159.500383,56.149867,0.0],[-159.500849,56.149722,0.0],[-159.501031,56.149592,0.0],[-159.501083,56.149448,0.0],[-159.500979,56.149303,0.0],[-159.50072,56.149173,0.0],[-159.500435,56.14913,0.0],[-159.49971,56.149072,0.0],[-159.499528,56.148956,0.0],[-159.499425,56.148681,0.0],[-159.499451,56.148421,0.0],[-159.499684,56.148074,0.0],[-159.499735,56.147886,0.0],[-159.499658,56.147814,0.0]]]}},{"type":"Feature","properties":{"rgi_id":"RGI2000-v7.0-G-01-06833","o1region":"01"},"geometry":{"type":"Polygon","coordinates":[[[-159.516686,56.166347,0.0],[-159.516622,56.166328,0.0],[-159.51545,56.16592,0.0],[-159.514898,56.16576,0.0],[-159.514627,56.165676,0.0],[-159.514436,56.165605,0.0],[-159.513875,56.165385,0.0],[-159.513161,56.165069,0.0],[-159.512816,56.164903,0.0],[-159.512464,56.164742,0.0],[-159.512122,56.164574,0.0],[-159.511772,56.164411,0.0],[-159.511431,56.164243,0.0],[-159.51108,56.164081,0.0],[-159.510738,56.163914,0.0],[-159.510035,56.16359,0.0],[-159.509306,56.163284,0.0],[-159.509114,56.163214,0.0],[-159.50872,56.163081,0.0],[-159.508515,56.163019,0.0],[-159.508184,56.162942,0.0],[-159.507488,56.162811,0.0],[-159.507155,56.162735,0.0],[-159.506949,56.162674,0.0],[-159.506351,56.162478,0.0],[-159.505972,56.162335,0.0],[-159.505192,56.162062,0.0],[-159.504914,56.161983,0.0],[-159.504344,56.161834,0.0],[-159.503934,56.161711,0.0],[-159.503292,56.161545,0.0],[-159.503067,56.161496,0.0],[-159.502721,56.161443,0.0],[-159.50235,56.161406,0.0],[-159.501195,56.161324,0.0],[-159.500828,56.161285,0.0],[-159.500488,56.161228,0.0],[-159.50027,56.161175,0.0],[-159.499858,56.161054,0.0],[-159.49966,56.160987,0.0],[-159.499472,56.160914,0.0],[-159.498923,56.160687,0.0],[-159.498222,56.160362,0.0],[-159.497882,56.160193,0.0],[-159.497534,56.160029,0.0],[-159.497196,56.159859,0.0],[-159.496849,56.159694,0.0],[-159.49651,56.159525,0.0],[-159.495812,56.159198,0.0],[-159.495263,56.15897,0.0],[-159.495076,56.158897,0.0],[-159.494878,56.15883,0.0],[-159.494463,56.158711,0.0],[-159.494242,56.158659,0.0],[-159.493903,56.158608,0.0],[-159.493533,56.158576,0.0],[-159.493142,56.158558,0.0],[-159.492737,56.158549,0.0],[-159.491497,56.15854,0.0],[-159.491093,56.158531,0.0],[-159.490703,56.158512,0.0],[-159.490332,56.158481,0.0],[-159.489834,56.158416,0.0],[-159.489528,56.158382,0.0],[-159.488588,56.158293,0.0],[-159.488283,56.158258,0.0],[-159.487785,56.158192,0.0],[-159.487392,56.15816,0.0],[-159.486975,56.158143,0.0],[-159.486541,56.158138,0.0],[-159.486093,56.158141,0.0],[-159.485636,56.158151,0.0],[-159.484231,56.158201,0.0],[-159.475171,56.15863,0.0],[-159.474678,56.15865,0.0],[-159.474607,56.158656,0.0],[-159.474555,56.158672,0.0],[-159.474537,56.158701,0.0],[-159.474536,56.158739,0.0],[-159.474582,56.159017,0.0],[-159.474597,56.159036,0.0],[-159.474592,56.159069,0.0],[-159.474567,56.159113,0.0],[-159.474516,56.159161,0.0],[-159.474423,56.159216,0.0],[-159.474297,56.159269,0.0],[-159.474147,56.15932,0.0],[-159.473671,56.159469,0.0],[-159.473544,56.159521,0.0],[-159.473459,56.159568,0.0],[-159.473247,56.159717,0.0],[-159.472996,56.159848,0.0],[-159.472918,56.159894,0.0],[-159.472657,56.160104,0.0],[-159.472337,56.160286,0.0],[-159.472075,56.160495,0.0],[-159.471997,56.160541,0.0],[-159.471744,56.160671,0.0],[-159.471524,56.160816,0.0],[-159.471438,56.160859,0.0],[-159.471316,56.160901,0.0],[-159.471175,56.160934,0.0],[-159.47102,56.160961,0.0],[-159.470351,56.161045,0.0],[-159.47019,56.161069,0.0],[-159.470041,56.161098,0.0],[-159.469905,56.161137,0.0],[-159.46955,56.161281,0.0],[-159.469413,56.161328,0.0],[-159.469241,56.161371,0.0],[-159.469061,56.161404,0.0],[-159.468887,56.161428,0.0],[-159.4686,56.161454,0.0],[-159.468475,56.161457,0.0],[-159.46847,56.161427,0.0],[-159.468507,56.161367,0.0],[-159.46859,56.161286,0.0],[-159.468854,56.161074,0.0],[-159.468905,56.161037,0.0],[-159.468901,56.161084,0.0],[-159.469004,56.161171,0.0],[-159.469186,56.161228,0.0],[-159.469393,56.161185,0.0],[-159.469652,56.161026,0.0],[-159.470171,56.160564,0.0],[-159.470326,56.160361,0.0],[-159.470326,56.16035,0.0],[-159.470348,56.160345,0.0],[-159.470821,56.160236,0.0],[-159.471046,56.160176,0.0],[-159.471252,56.160106,0.0],[-159.471433,56.160026,0.0],[-159.47194,56.159766,0.0],[-159.472241,56.159575,0.0],[-159.472551,56.159389,0.0],[-159.472837,56.159191,0.0],[-159.473141,56.159002,0.0],[-159.473425,56.158804,0.0],[-159.473728,56.158614,0.0],[-159.474012,56.158415,0.0],[-159.474313,56.158225,0.0],[-159.474592,56.158024,0.0],[-159.474885,56.15783,0.0],[-159.475408,56.157411,0.0],[-159.475517,56.157296,0.0],[-159.475714,56.157052,0.0],[-159.475848,56.156922,0.0],[-159.47602,56.156794,0.0],[-159.476414,56.156539,0.0],[-159.47662,56.156421,0.0],[-159.476833,56.156318,0.0],[-159.477202,56.156155,0.0],[-159.477319,56.15609,0.0],[-159.477374,56.156039,0.0],[-159.477369,56.156009,0.0],[-159.477541,56.156044,0.0],[-159.477801,56.156099,0.0],[-159.478142,56.156143,0.0],[-159.478564,56.156174,0.0],[-159.479043,56.156187,0.0],[-159.479551,56.15618,0.0],[-159.480057,56.156154,0.0],[-159.480531,56.156107,0.0],[-159.480943,56.156038,0.0],[-159.482763,56.155564,0.0],[-159.483091,56.155496,0.0],[-159.483443,56.15544,0.0],[-159.483811,56.155392,0.0],[-159.484947,56.155262,0.0],[-159.485318,56.155215,0.0],[-159.485676,56.155161,0.0],[-159.486014,56.155099,0.0],[-159.486492,56.154991,0.0],[-159.486824,56.154926,0.0],[-159.488223,56.154699,0.0],[-159.488557,56.154635,0.0],[-159.48904,56.15453,0.0],[-159.489419,56.154465,0.0],[-159.489824,56.154413,0.0],[-159.490248,56.154369,0.0],[-159.490686,56.154333,0.0],[-159.491136,56.154301,0.0],[-159.492054,56.154248,0.0],[-159.493457,56.154179,0.0],[-159.503358,56.153728,0.0],[-159.505228,56.153652,0.0],[-159.50614,56.153627,0.0],[-159.506584,56.153621,0.0],[-159.507015,56.153622,0.0],[-159.507427,56.153631,0.0],[-159.507815,56.153653,0.0],[-159.508309,56.153695,0.0],[-159.508609,56.153709,0.0],[-159.508915,56.153711,0.0],[-159.509209,56.1537,0.0],[-159.50971,56.153843,0.0],[-159.510591,56.154161,0.0],[-159.512819,56.155216,0.0],[-159.51326,56.155375,0.0],[-159.513752,56.155476,0.0],[-159.516809,56.155577,0.0],[-159.517586,56.155794,0.0],[-159.518364,56.156329,0.0],[-159.519017,56.156891,0.0],[-159.519271,56.157109,0.0],[-159.519556,56.157211,0.0],[-159.520048,56.157211,0.0],[-159.520981,56.156993,0.0],[-159.521066,56.156987,0.0],[-159.521344,56.156965,0.0],[-159.521675,56.157107,0.0],[-159.521681,56.157109,0.0],[-159.522018,56.157384,0.0],[-159.522795,56.157817,0.0],[-159.522951,56.157933,0.0],[-159.523288,56.157962,0.0],[-159.523308,56.157955,0.0],[-159.525801,56.158626,0.0],[-159.525905,56.158785,0.0],[-159.52619,56.158973,0.0],[-159.526786,56.159161,0.0],[-159.526916,56.159147,0.0],[-159.527512,56.159262,0.0],[-159.527952,56.159175,0.0],[-159.528418,56.158987,0.0],[-159.528755,56.158929,0.0],[-159.529584,56.159016,0.0],[-159.530103,56.15916,0.0],[-159.530699,56.159377,0.0],[-159.53171,56.159941,0.0],[-159.532384,56.160172,0.0],[-159.533291,56.160287,0.0],[-159.534198,56.160533,0.0],[-159.535209,56.160938,0.0],[-159.537619,56.161472,0.0],[-159.538252,56.161512,0.0],[-159.540549,56.16237,0.0],[-159.54188,56.162875,0.0],[-159.543027,56.163738,0.0],[-159.544444,56.165196,0.0],[-159.544721,56.166469,0.0],[-159.543645,56.167853,0.0],[-159.541889,56.168697,0.0],[-159.540054,56.16902,0.0],[-159.537844,56.169123,0.0],[-159.535343,56.169001,0.0],[-159.533693,56.16884,0.0],[-159.532999,56.168777,0.0],[-159.530632,56.16841,0.0],[-159.527884,56.167776,0.0],[-159.52539,56.16713,0.0],[-159.522507,56.166739,0.0],[-159.520396,56.166361,0.0],[-159.518165,56.166322,0.0],[-159.516712,56.166341,0.0],[-159.516686,56.166347,0.0]],[[-159.478231,56.15656,0.0],[-159.47805,56.156545,0.0],[-159.477635,56.156618,0.0],[-159.476495,56.157138,0.0],[-159.476029,56.157456,0.0],[-159.47608,56.157557,0.0],[-159.47621,56.15763,0.0],[-159.476495,56.157601,0.0],[-159.476858,56.157326,0.0],[-159.477324,56.157095,0.0],[-159.477661,56.156979,0.0],[-159.47805,56.156907,0.0],[-159.478257,56.156806,0.0],[-159.478361,56.156676,0.0],[-159.478231,56.15656,0.0]]]}},{"type":"Feature","properties":{"rgi_id":"RGI2000-v7.0-G-01-06834","o1region":"01"},"geometry":{"type":"Polygon","coordinates":[[[-159.478715,56.182227,0.0],[-159.477814,56.182007,0.0],[-159.477508,56.181947,0.0],[-159.476633,56.181802,0.0],[-159.47639,56.181765,0.0],[-159.475996,56.181729,0.0],[-159.475575,56.181712,0.0],[-159.475133,56.181707,0.0],[-159.474678,56.181712,0.0],[-159.472817,56.181756,0.0],[-159.47236,56.181761,0.0],[-159.471915,56.181759,0.0],[-159.471487,56.181746,0.0],[-159.471083,56.181717,0.0],[-159.470576,56.181657,0.0],[-159.470231,56.181622,0.0],[-159.469524,56.181563,0.0],[-159.469176,56.181529,0.0],[-159.468843,56.181486,0.0],[-159.468533,56.181428,0.0],[-159.468319,56.181372,0.0],[-159.468115,56.181311,0.0],[-159.467716,56.18118,0.0],[-159.466583,56.180746,0.0],[-159.466177,56.18062,0.0],[-159.465968,56.180562,0.0],[-159.465748,56.18051,0.0],[-159.465428,56.180458,0.0],[-159.465082,56.180424,0.0],[-159.464718,56.180401,0.0],[-159.463595,56.180355,0.0],[-159.46383,56.180241,0.0],[-159.465723,56.179851,0.0],[-159.466786,56.179519,0.0],[-159.467331,56.179317,0.0],[-159.468446,56.17884,0.0],[-159.46855,56.178652,0.0],[-159.468498,56.178536,0.0],[-159.468343,56.178406,0.0],[-159.468058,56.178391,0.0],[-159.467513,56.178463,0.0],[-159.466165,56.178839,0.0],[-159.465154,56.178983,0.0],[-159.46435,56.179055,0.0],[-159.464065,56.179012,0.0],[-159.46365,56.178896,0.0],[-159.463469,56.178896,0.0],[-159.463158,56.179026,0.0],[-159.462924,56.179055,0.0],[-159.462665,56.178968,0.0],[-159.462406,56.178592,0.0],[-159.46238,56.178332,0.0],[-159.463133,56.177537,0.0],[-159.463419,56.176655,0.0],[-159.463653,56.176236,0.0],[-159.463653,56.176091,0.0],[-159.463497,56.176004,0.0],[-159.463134,56.176048,0.0],[-159.462979,56.176149,0.0],[-159.462797,56.176351,0.0],[-159.462408,56.177002,0.0],[-159.462226,56.177219,0.0],[-159.461837,56.177291,0.0],[-159.460748,56.177363,0.0],[-159.460489,56.177464,0.0],[-159.460411,56.177681,0.0],[-159.460436,56.178013,0.0],[-159.460773,56.178621,0.0],[-159.460721,56.178982,0.0],[-159.460591,56.179242,0.0],[-159.460327,56.179405,0.0],[-159.460286,56.179386,0.0],[-159.45994,56.17922,0.0],[-159.459217,56.17891,0.0],[-159.459024,56.17884,0.0],[-159.458621,56.178713,0.0],[-159.458407,56.178657,0.0],[-159.458056,56.178599,0.0],[-159.457612,56.178566,0.0],[-159.457084,56.178555,0.0],[-159.456502,56.178559,0.0],[-159.4559,56.178576,0.0],[-159.455307,56.178601,0.0],[-159.454754,56.178629,0.0],[-159.45356,56.178699,0.0],[-159.453545,56.178676,0.0],[-159.453562,56.17864,0.0],[-159.453612,56.178595,0.0],[-159.45372,56.178534,0.0],[-159.453873,56.178469,0.0],[-159.454469,56.178251,0.0],[-159.454945,56.178044,0.0],[-159.455132,56.177979,0.0],[-159.455486,56.177878,0.0],[-159.455655,56.177825,0.0],[-159.45581,56.177764,0.0],[-159.455923,56.177707,0.0],[-159.456134,56.177585,0.0],[-159.456461,56.177406,0.0],[-159.456745,56.177208,0.0],[-159.457049,56.177018,0.0],[-159.457309,56.176809,0.0],[-159.457491,56.176673,0.0],[-159.457574,56.176601,0.0],[-159.457656,56.176507,0.0],[-159.457859,56.176203,0.0],[-159.45794,56.176108,0.0],[-159.458021,56.176036,0.0],[-159.458196,56.175896,0.0],[-159.458432,56.175676,0.0],[-159.458601,56.175533,0.0],[-159.458677,56.175458,0.0],[-159.45875,56.17535,0.0],[-159.458803,56.175233,0.0],[-159.458917,56.174826,0.0],[-159.458971,56.174668,0.0],[-159.459042,56.174512,0.0],[-159.459233,56.174178,0.0],[-159.459279,56.174053,0.0],[-159.459304,56.17394,0.0],[-159.459313,56.173847,0.0],[-159.45931,56.173784,0.0],[-159.4593,56.173757,0.0],[-159.459297,56.173737,0.0],[-159.459253,56.173692,0.0],[-159.459059,56.173544,0.0],[-159.458883,56.173401,0.0],[-159.458467,56.17304,0.0],[-159.458117,56.172748,0.0],[-159.457904,56.172544,0.0],[-159.457719,56.172343,0.0],[-159.457463,56.17204,0.0],[-159.457388,56.171927,0.0],[-159.457325,56.171768,0.0],[-159.457307,56.171602,0.0],[-159.457334,56.171438,0.0],[-159.457381,56.171319,0.0],[-159.457601,56.170857,0.0],[-159.457695,56.170686,0.0],[-159.457801,56.170525,0.0],[-159.458319,56.170421,0.0],[-159.458708,56.170277,0.0],[-159.45946,56.169323,0.0],[-159.459772,56.168976,0.0],[-159.460161,56.168644,0.0],[-159.461975,56.168181,0.0],[-159.463479,56.167517,0.0],[-159.465164,56.167083,0.0],[-159.465475,56.166939,0.0],[-159.465501,56.166852,0.0],[-159.465424,56.166722,0.0],[-159.465242,56.166679,0.0],[-159.464983,56.166722,0.0],[-159.464594,56.166765,0.0],[-159.463972,56.166982,0.0],[-159.463531,56.16717,0.0],[-159.462287,56.167545,0.0],[-159.461976,56.167762,0.0],[-159.461587,56.167907,0.0],[-159.460187,56.168094,0.0],[-159.459902,56.168195,0.0],[-159.459539,56.168701,0.0],[-159.458864,56.169323,0.0],[-159.458336,56.169591,0.0],[-159.458397,56.16952,0.0],[-159.458615,56.169288,0.0],[-159.458726,56.169173,0.0],[-159.458959,56.168948,0.0],[-159.459239,56.168635,0.0],[-159.459388,56.168482,0.0],[-159.459514,56.168375,0.0],[-159.459915,56.168064,0.0],[-159.460361,56.167774,0.0],[-159.460514,56.16768,0.0],[-159.460676,56.16759,0.0],[-159.461012,56.167415,0.0],[-159.461187,56.167331,0.0],[-159.46144,56.167229,0.0],[-159.461969,56.167035,0.0],[-159.462348,56.166881,0.0],[-159.462881,56.166689,0.0],[-159.463137,56.166588,0.0],[-159.463836,56.166252,0.0],[-159.464167,56.166076,0.0],[-159.46434,56.165991,0.0],[-159.464868,56.165741,0.0],[-159.465127,56.165642,0.0],[-159.465666,56.165452,0.0],[-159.466053,56.165302,0.0],[-159.466598,56.165116,0.0],[-159.466862,56.165019,0.0],[-159.467045,56.164939,0.0],[-159.467458,56.164746,0.0],[-159.467681,56.164629,0.0],[-159.467869,56.164496,0.0],[-159.468008,56.164332,0.0],[-159.468099,56.164144,0.0],[-159.468151,56.163939,0.0],[-159.468175,56.163717,0.0],[-159.468182,56.163457,0.0],[-159.468169,56.162552,0.0],[-159.468172,56.162257,0.0],[-159.468189,56.161989,0.0],[-159.468223,56.161762,0.0],[-159.468277,56.161589,0.0],[-159.468352,56.161482,0.0],[-159.468414,56.16145,0.0],[-159.468475,56.161457,0.0],[-159.4686,56.161454,0.0],[-159.468887,56.161428,0.0],[-159.469061,56.161404,0.0],[-159.469241,56.161371,0.0],[-159.469413,56.161328,0.0],[-159.46955,56.161281,0.0],[-159.469905,56.161137,0.0],[-159.470041,56.161098,0.0],[-159.47019,56.161069,0.0],[-159.470351,56.161045,0.0],[-159.47102,56.160961,0.0],[-159.471175,56.160934,0.0],[-159.471316,56.160901,0.0],[-159.471438,56.160859,0.0],[-159.471524,56.160816,0.0],[-159.471744,56.160671,0.0],[-159.471997,56.160541,0.0],[-159.472075,56.160495,0.0],[-159.472337,56.160286,0.0],[-159.472657,56.160104,0.0],[-159.472918,56.159894,0.0],[-159.472996,56.159848,0.0],[-159.473247,56.159717,0.0],[-159.473459,56.159568,0.0],[-159.473544,56.159521,0.0],[-159.473671,56.159469,0.0],[-159.474147,56.15932,0.0],[-159.474297,56.159269,0.0],[-159.474423,56.159216,0.0],[-159.474516,56.159161,0.0],[-159.474567,56.159113,0.0],[-159.474592,56.159069,0.0],[-159.474597,56.159036,0.0],[-159.474582,56.159017,0.0],[-159.474536,56.158739,0.0],[-159.474537,56.158701,0.0],[-159.474555,56.158672,0.0],[-159.474607,56.158656,0.0],[-159.474678,56.15865,0.0],[-159.475171,56.15863,0.0],[-159.484231,56.158201,0.0],[-159.485636,56.158151,0.0],[-159.486093,56.158141,0.0],[-159.486541,56.158138,0.0],[-159.486975,56.158143,0.0],[-159.487392,56.15816,0.0],[-159.487785,56.158192,0.0],[-159.488283,56.158258,0.0],[-159.488588,56.158293,0.0],[-159.489528,56.158382,0.0],[-159.489834,56.158416,0.0],[-159.490332,56.158481,0.0],[-159.490703,56.158512,0.0],[-159.491093,56.158531,0.0],[-159.491497,56.15854,0.0],[-159.492737,56.158549,0.0],[-159.493142,56.158558,0.0],[-159.493533,56.158576,0.0],[-159.493903,56.158608,0.0],[-159.494242,56.158659,0.0],[-159.494463,56.158711,0.0],[-159.494878,56.15883,0.0],[-159.495076,56.158897,0.0],[-159.495263,56.15897,0.0],[-159.495812,56.159198,0.0],[-159.49651,56.159525,0.0],[-159.496849,56.159694,0.0],[-159.497196,56.159859,0.0],[-159.497534,56.160029,0.0],[-159.497882,56.160193,0.0],[-159.498222,56.160362,0.0],[-159.498923,56.160687,0.0],[-159.499472,56.160914,0.0],[-159.49966,56.160987,0.0],[-159.499858,56.161054,0.0],[-159.50027,56.161175,0.0],[-159.500488,56.161228,0.0],[-159.500828,56.161285,0.0],[-159.501195,56.161324,0.0],[-159.50235,56.161406,0.0],[-159.502721,56.161443,0.0],[-159.503067,56.161496,0.0],[-159.503292,56.161545,0.0],[-159.503934,56.161711,0.0],[-159.504344,56.161834,0.0],[-159.504914,56.161983,0.0],[-159.505192,56.162062,0.0],[-159.505972,56.162335,0.0],[-159.506351,56.162478,0.0],[-159.506949,56.162674,0.0],[-159.507155,56.162735,0.0],[-159.507488,56.162811,0.0],[-159.508184,56.162942,0.0],[-159.508515,56.163019,0.0],[-159.50872,56.163081,0.0],[-159.509114,56.163214,0.0],[-159.509306,56.163284,0.0],[-159.510035,56.16359,0.0],[-159.510738,56.163914,0.0],[-159.51108,56.164081,0.0],[-159.511431,56.164243,0.0],[-159.511772,56.164411,0.0],[-159.512122,56.164574,0.0],[-159.512464,56.164742,0.0],[-159.512816,56.164903,0.0],[-159.513161,56.165069,0.0],[-159.513875,56.165385,0.0],[-159.514436,56.165605,0.0],[-159.514627,56.165676,0.0],[-159.514898,56.16576,0.0],[-159.51545,56.16592,0.0],[-159.516622,56.166328,0.0],[-159.516686,56.166347,0.0],[-159.515799,56.166527,0.0],[-159.515338,56.166881,0.0],[-159.515783,56.167574,0.0],[-159.518058,56.168077,0.0],[-159.520217,56.168777,0.0],[-159.521348,56.169467,0.0],[-159.521697,56.169737,0.0],[-159.524783,56.171137,0.0],[-159.526152,56.172045,0.0],[-159.526857,56.172641,0.0],[-159.527971,56.173217,0.0],[-159.529714,56.17388,0.0],[-159.530768,56.174059,0.0],[-159.532367,56.174442,0.0],[-159.535147,56.17517,0.0],[-159.535692,56.176059,0.0],[-159.536517,56.176764,0.0],[-159.537529,56.178031,0.0],[-159.536548,56.179329,0.0],[-159.53662,56.179402,0.0],[-159.536088,56.179721,0.0],[-159.534579,56.179934,0.0],[-159.533431,56.179987,0.0],[-159.532145,56.179975,0.0],[-159.530051,56.179715,0.0],[-159.529402,56.179674,0.0],[-159.527946,56.179384,0.0],[-159.526511,56.179237,0.0],[-159.525684,56.179184,0.0],[-159.524674,56.178795,0.0],[-159.524036,56.178824,0.0],[-159.52238,56.179199,0.0],[-159.521095,56.179913,0.0],[-159.520776,56.180642,0.0],[-159.521804,56.181785,0.0],[-159.523337,56.182726,0.0],[-159.523649,56.183274,0.0],[-159.523695,56.183582,0.0],[-159.523768,56.184068,0.0],[-159.522716,56.184302,0.0],[-159.521228,56.184371,0.0],[-159.519368,56.1841,0.0],[-159.516648,56.18381,0.0],[-159.514939,56.183115,0.0],[-159.512981,56.182194,0.0],[-159.511591,56.18077,0.0],[-159.509288,56.179686,0.0],[-159.508154,56.179262,0.0],[-159.504789,56.178227,0.0],[-159.503452,56.177872,0.0],[-159.501689,56.177537,0.0],[-159.498466,56.176733,0.0],[-159.49502,56.176595,0.0],[-159.492266,56.176781,0.0],[-159.48936,56.177391,0.0],[-159.485293,56.178829,0.0],[-159.483433,56.179271,0.0],[-159.481554,56.18031,0.0],[-159.479497,56.181595,0.0],[-159.478715,56.182227,0.0]],[[-159.480606,56.175083,0.0],[-159.480632,56.174793,0.0],[-159.480892,56.174504,0.0],[-159.481073,56.174418,0.0],[-159.482084,56.174418,0.0],[-159.48268,56.174244,0.0],[-159.483588,56.173926,0.0],[-159.484028,56.173897,0.0],[-159.484391,56.173926,0.0],[-159.48548,56.174389,0.0],[-159.486179,56.174577,0.0],[-159.487087,56.174679,0.0],[-159.487683,56.17465,0.0],[-159.488512,56.174549,0.0],[-159.489394,56.174361,0.0],[-159.490016,56.17397,0.0],[-159.48999,56.17384,0.0],[-159.489627,56.173681,0.0],[-159.488953,56.173522,0.0],[-159.488072,56.173377,0.0],[-159.487087,56.173334,0.0],[-159.486828,56.173377,0.0],[-159.48662,56.173666,0.0],[-159.486335,56.173753,0.0],[-159.485687,56.173782,0.0],[-159.485013,56.17371,0.0],[-159.483355,56.173464,0.0],[-159.482577,56.173391,0.0],[-159.48237,56.17342,0.0],[-159.481384,56.173984,0.0],[-159.481021,56.173984,0.0],[-159.480529,56.173897,0.0],[-159.479596,56.173593,0.0],[-159.477885,56.173116,0.0],[-159.476849,56.173014,0.0],[-159.474827,56.173028,0.0],[-159.473272,56.172826,0.0],[-159.472676,56.172797,0.0],[-159.472002,56.172825,0.0],[-159.471743,56.172869,0.0],[-159.471613,56.172811,0.0],[-159.471613,56.172724,0.0],[-159.471847,56.172551,0.0],[-159.472132,56.172276,0.0],[-159.47221,56.172059,0.0],[-159.471977,56.171929,0.0],[-159.471873,56.1719,0.0],[-159.471562,56.171958,0.0],[-159.470447,56.172507,0.0],[-159.46928,56.173013,0.0],[-159.467699,56.173331,0.0],[-159.466455,56.173446,0.0],[-159.46547,56.173489,0.0],[-159.464822,56.173388,0.0],[-159.464511,56.173301,0.0],[-159.464226,56.173098,0.0],[-159.464045,56.172664,0.0],[-159.464097,56.172303,0.0],[-159.464668,56.171667,0.0],[-159.465082,56.171595,0.0],[-159.465886,56.171653,0.0],[-159.466093,56.171566,0.0],[-159.466171,56.171378,0.0],[-159.466171,56.171233,0.0],[-159.46586,56.17106,0.0],[-159.465368,56.170973,0.0],[-159.464565,56.170915,0.0],[-159.463787,56.170915,0.0],[-159.463528,56.17103,0.0],[-159.463165,56.171522,0.0],[-159.463035,56.172013,0.0],[-159.463008,56.172519,0.0],[-159.463189,56.173011,0.0],[-159.463396,56.173387,0.0],[-159.463629,56.173662,0.0],[-159.463629,56.17385,0.0],[-159.463421,56.174125,0.0],[-159.463058,56.174414,0.0],[-159.462928,56.174573,0.0],[-159.463006,56.174746,0.0],[-159.463213,56.17492,0.0],[-159.463654,56.175122,0.0],[-159.463861,56.175296,0.0],[-159.463964,56.175498,0.0],[-159.464223,56.175614,0.0],[-159.464457,56.175643,0.0],[-159.464716,56.175629,0.0],[-159.465105,56.175499,0.0],[-159.465338,56.17534,0.0],[-159.465675,56.175195,0.0],[-159.466272,56.175181,0.0],[-159.46666,56.175123,0.0],[-159.466972,56.174935,0.0],[-159.467516,56.174502,0.0],[-159.468346,56.174083,0.0],[-159.468942,56.173996,0.0],[-159.469927,56.173953,0.0],[-159.470576,56.173823,0.0],[-159.471327,56.173534,0.0],[-159.471613,56.173476,0.0],[-159.473038,56.17352,0.0],[-159.474049,56.173636,0.0],[-159.4755,56.174099,0.0],[-159.475759,56.174055,0.0],[-159.475889,56.173969,0.0],[-159.475967,56.173809,0.0],[-159.476097,56.173752,0.0],[-159.476512,56.173679,0.0],[-159.477756,56.173738,0.0],[-159.478274,56.173665,0.0],[-159.478559,56.17368,0.0],[-159.478792,56.173738,0.0],[-159.478948,56.174143,0.0],[-159.479129,56.174258,0.0],[-159.479466,56.174331,0.0],[-159.479829,56.174345,0.0],[-159.479984,56.174432,0.0],[-159.48001,56.174692,0.0],[-159.479621,56.17514,0.0],[-159.479699,56.175343,0.0],[-159.47988,56.175502,0.0],[-159.480139,56.175545,0.0],[-159.480347,56.175516,0.0],[-159.480476,56.175401,0.0],[-159.480606,56.175083,0.0]],[[-159.512499,56.17241,0.0],[-159.511385,56.171833,0.0],[-159.509387,56.172211,0.0],[-159.508324,56.17266,0.0],[-159.507831,56.173483,0.0],[-159.508944,56.17406,0.0],[-159.510585,56.174727,0.0],[-159.51129,56.174944,0.0],[-159.512235,56.174765,0.0],[-159.513,56.174387,0.0],[-159.512958,56.173417,0.0],[-159.512499,56.17241,0.0]],[[-159.473666,56.165379,0.0],[-159.474158,56.165437,0.0],[-159.474832,56.165365,0.0],[-159.475195,56.165351,0.0],[-159.475583,56.165423,0.0],[-159.476283,56.16577,0.0],[-159.476723,56.165886,0.0],[-159.477112,56.165929,0.0],[-159.477578,56.165872,0.0],[-159.478019,56.165742,0.0],[-159.478304,56.165568,0.0],[-159.478279,56.165423,0.0],[-159.477916,56.165452,0.0],[-159.477242,56.165438,0.0],[-159.476931,56.165365,0.0],[-159.476724,56.165264,0.0],[-159.476646,56.165076,0.0],[-159.476879,56.164932,0.0],[-159.477138,56.16483,0.0],[-159.477683,56.164715,0.0],[-159.478797,56.164527,0.0],[-159.479652,56.164339,0.0],[-159.47986,56.164195,0.0],[-159.479912,56.164108,0.0],[-159.47986,56.164007,0.0],[-159.47973,56.163978,0.0],[-159.479523,56.163978,0.0],[-159.478668,56.164151,0.0],[-159.477268,56.164339,0.0],[-159.476776,56.164556,0.0],[-159.476283,56.164917,0.0],[-159.476102,56.164989,0.0],[-159.475765,56.165047,0.0],[-159.475506,56.164917,0.0],[-159.475532,56.16483,0.0],[-159.475895,56.164541,0.0],[-159.477398,56.163818,0.0],[-159.477813,56.163645,0.0],[-159.478046,56.163587,0.0],[-159.478331,56.163616,0.0],[-159.478875,56.163761,0.0],[-159.479057,56.163688,0.0],[-159.479135,56.163529,0.0],[-159.479238,56.163457,0.0],[-159.479627,56.163356,0.0],[-159.480223,56.163313,0.0],[-159.480482,56.163139,0.0],[-159.480664,56.162778,0.0],[-159.480638,56.162546,0.0],[-159.480405,56.162387,0.0],[-159.480301,56.162416,0.0],[-159.480172,56.162532,0.0],[-159.479964,56.162879,0.0],[-159.479757,56.162995,0.0],[-159.479627,56.163038,0.0],[-159.479368,56.163023,0.0],[-159.478876,56.162937,0.0],[-159.478669,56.162965,0.0],[-159.478046,56.163255,0.0],[-159.476284,56.163775,0.0],[-159.474806,56.164599,0.0],[-159.47377,56.165047,0.0],[-159.473562,56.165191,0.0],[-159.473562,56.165336,0.0],[-159.473666,56.165379,0.0]],[[-159.480638,56.163602,0.0],[-159.480741,56.16379,0.0],[-159.480922,56.163862,0.0],[-159.48113,56.163848,0.0],[-159.481389,56.163703,0.0],[-159.481907,56.163472,0.0],[-159.481959,56.163356,0.0],[-159.48183,56.16327,0.0],[-159.481311,56.163139,0.0],[-159.480767,56.163356,0.0],[-159.480638,56.163602,0.0]],[[-159.467082,56.166722,0.0],[-159.467341,56.166535,0.0],[-159.467601,56.166072,0.0],[-159.467964,56.165754,0.0],[-159.468327,56.165624,0.0],[-159.468638,56.165581,0.0],[-159.468897,56.165566,0.0],[-159.469156,56.165638,0.0],[-159.469286,56.165711,0.0],[-159.469415,56.165855,0.0],[-159.469389,56.166029,0.0],[-159.469234,56.166145,0.0],[-159.468897,56.166202,0.0],[-159.468612,56.166202,0.0],[-159.468471,56.16622,0.0],[-159.468378,56.166231,0.0],[-159.468249,56.166303,0.0],[-159.468197,56.166434,0.0],[-159.468271,56.166475,0.0],[-159.4683,56.166491,0.0],[-159.468585,56.166535,0.0],[-159.470141,56.166318,0.0],[-159.470277,56.166274,0.0],[-159.470452,56.166217,0.0],[-159.470529,56.166044,0.0],[-159.470504,56.16587,0.0],[-159.470141,56.165697,0.0],[-159.470063,56.165624,0.0],[-159.470063,56.165523,0.0],[-159.470815,56.165465,0.0],[-159.471048,56.165422,0.0],[-159.471308,56.16522,0.0],[-159.471204,56.165104,0.0],[-159.470945,56.165061,0.0],[-159.470452,56.165089,0.0],[-159.469545,56.165205,0.0],[-159.468658,56.165381,0.0],[-159.468094,56.165494,0.0],[-159.46742,56.16571,0.0],[-159.466772,56.166043,0.0],[-159.466305,56.166361,0.0],[-159.466357,56.166563,0.0],[-159.466538,56.166693,0.0],[-159.466771,56.166737,0.0],[-159.467082,56.166722,0.0]],[[-159.470312,56.180272,0.0],[-159.470052,56.180243,0.0],[-159.469638,56.180387,0.0],[-159.468963,56.180647,0.0],[-159.468704,56.180893,0.0],[-159.468574,56.181081,0.0],[-159.468574,56.181254,0.0],[-159.468626,56.181298,0.0],[-159.468859,56.181341,0.0],[-159.4693,56.181255,0.0],[-159.469559,56.181255,0.0],[-159.470285,56.181486,0.0],[-159.470544,56.181414,0.0],[-159.47057,56.181255,0.0],[-159.470311,56.180821,0.0],[-159.470285,56.180546,0.0],[-159.470441,56.180344,0.0],[-159.470312,56.180272,0.0]],[[-159.470444,56.176874,0.0],[-159.470288,56.176859,0.0],[-159.469899,56.176931,0.0],[-159.469303,56.177148,0.0],[-159.469095,56.177365,0.0],[-159.469095,56.177495,0.0],[-159.469328,56.177611,0.0],[-159.469484,56.17764,0.0],[-159.469847,56.177568,0.0],[-159.470314,56.177365,0.0],[-159.470599,56.177033,0.0],[-159.470573,56.176946,0.0],[-159.470444,56.176874,0.0]]]}},{"type":"Feature","properties":{"rgi_id":"RGI2000-v7.0-G-01-06835","o1region":"01"},"geometry":{"type":"Polygon","coordinates":[[[-159.439654,56.187841,0.0],[-159.439664,56.187842,0.0],[-159.440177,56.187896,0.0],[-159.440439,56.187918,0.0],[-159.440615,56.187927,0.0],[-159.440685,56.187926,0.0],[-159.440681,56.187903,0.0],[-159.440726,56.187863,0.0],[-159.440859,56.187789,0.0],[-159.441306,56.18758,0.0],[-159.441922,56.187252,0.0],[-159.442137,56.187133,0.0],[-159.442919,56.186662,0.0],[-159.443222,56.186462,0.0],[-159.443525,56.186272,0.0],[-159.443815,56.186076,0.0],[-159.444117,56.185886,0.0],[-159.444407,56.18569,0.0],[-159.444708,56.1855,0.0],[-159.444998,56.185304,0.0],[-159.445298,56.185113,0.0],[-159.445585,56.184915,0.0],[-159.445881,56.184723,0.0],[-159.446447,56.184324,0.0],[-159.446841,56.184011,0.0],[-159.446967,56.183904,0.0],[-159.447407,56.183446,0.0],[-159.44791,56.183018,0.0],[-159.448176,56.182811,0.0],[-159.44855,56.182489,0.0],[-159.44867,56.182379,0.0],[-159.44881,56.182223,0.0],[-159.449066,56.181901,0.0],[-159.449628,56.181277,0.0],[-159.449834,56.181081,0.0],[-159.450007,56.180941,0.0],[-159.450186,56.180809,0.0],[-159.45053,56.180569,0.0],[-159.450695,56.18047,0.0],[-159.450973,56.180319,0.0],[-159.451078,56.180272,0.0],[-159.451156,56.180247,0.0],[-159.4512,56.180247,0.0],[-159.451155,56.179973,0.0],[-159.451155,56.179933,0.0],[-159.451174,56.179902,0.0],[-159.451224,56.179887,0.0],[-159.451291,56.17988,0.0],[-159.45179,56.17986,0.0],[-159.451745,56.179586,0.0],[-159.451745,56.179546,0.0],[-159.451764,56.179515,0.0],[-159.451814,56.1795,0.0],[-159.451881,56.179493,0.0],[-159.45238,56.179473,0.0],[-159.452335,56.179196,0.0],[-159.452335,56.179157,0.0],[-159.452354,56.179128,0.0],[-159.452406,56.179112,0.0],[-159.452477,56.179106,0.0],[-159.45297,56.179086,0.0],[-159.452925,56.178812,0.0],[-159.452925,56.178772,0.0],[-159.452944,56.178741,0.0],[-159.452993,56.178726,0.0],[-159.453061,56.178719,0.0],[-159.45356,56.178699,0.0],[-159.454754,56.178629,0.0],[-159.455307,56.178601,0.0],[-159.4559,56.178576,0.0],[-159.456502,56.178559,0.0],[-159.457084,56.178555,0.0],[-159.457612,56.178566,0.0],[-159.458056,56.178599,0.0],[-159.458407,56.178657,0.0],[-159.458621,56.178713,0.0],[-159.459024,56.17884,0.0],[-159.459217,56.17891,0.0],[-159.45994,56.17922,0.0],[-159.460286,56.179386,0.0],[-159.460327,56.179405,0.0],[-159.460098,56.179546,0.0],[-159.459631,56.179763,0.0],[-159.45836,56.180138,0.0],[-159.457945,56.180355,0.0],[-159.457659,56.180535,0.0],[-159.457349,56.180731,0.0],[-159.45644,56.181612,0.0],[-159.456388,56.181829,0.0],[-159.456414,56.182003,0.0],[-159.456543,56.182205,0.0],[-159.457062,56.182364,0.0],[-159.457528,56.182365,0.0],[-159.45784,56.182292,0.0],[-159.458073,56.182119,0.0],[-159.458229,56.181873,0.0],[-159.458514,56.181642,0.0],[-159.4588,56.181497,0.0],[-159.459889,56.181368,0.0],[-159.460459,56.181209,0.0],[-159.460978,56.180905,0.0],[-159.461393,56.180703,0.0],[-159.46186,56.180616,0.0],[-159.462793,56.180544,0.0],[-159.463441,56.180429,0.0],[-159.463469,56.180415,0.0],[-159.463595,56.180355,0.0],[-159.464718,56.180401,0.0],[-159.465082,56.180424,0.0],[-159.465428,56.180458,0.0],[-159.465748,56.18051,0.0],[-159.465968,56.180562,0.0],[-159.466177,56.18062,0.0],[-159.466583,56.180746,0.0],[-159.467716,56.18118,0.0],[-159.468115,56.181311,0.0],[-159.468319,56.181372,0.0],[-159.468533,56.181428,0.0],[-159.468843,56.181486,0.0],[-159.469176,56.181529,0.0],[-159.469524,56.181563,0.0],[-159.470231,56.181622,0.0],[-159.470576,56.181657,0.0],[-159.471083,56.181717,0.0],[-159.471487,56.181746,0.0],[-159.471915,56.181759,0.0],[-159.47236,56.181761,0.0],[-159.472817,56.181756,0.0],[-159.474678,56.181712,0.0],[-159.475133,56.181707,0.0],[-159.475575,56.181712,0.0],[-159.475996,56.181729,0.0],[-159.47639,56.181765,0.0],[-159.476633,56.181802,0.0],[-159.477508,56.181947,0.0],[-159.477814,56.182007,0.0],[-159.478715,56.182227,0.0],[-159.478637,56.18229,0.0],[-159.477154,56.183367,0.0],[-159.476972,56.183454,0.0],[-159.476895,56.183642,0.0],[-159.477024,56.183946,0.0],[-159.477124,56.184017,0.0],[-159.478864,56.185262,0.0],[-159.481586,56.186737,0.0],[-159.482338,56.18746,0.0],[-159.482467,56.187778,0.0],[-159.482078,56.189007,0.0],[-159.481971,56.189473,0.0],[-159.482773,56.19013,0.0],[-159.483871,56.190603,0.0],[-159.484842,56.190796,0.0],[-159.486423,56.191057,0.0],[-159.489357,56.191779,0.0],[-159.490668,56.192528,0.0],[-159.492014,56.193514,0.0],[-159.492551,56.194822,0.0],[-159.492678,56.195674,0.0],[-159.491969,56.196087,0.0],[-159.49082,56.196426,0.0],[-159.489735,56.196619,0.0],[-159.488885,56.196658,0.0],[-159.487105,56.196614,0.0],[-159.485006,56.196798,0.0],[-159.48256,56.196911,0.0],[-159.48147,56.196782,0.0],[-159.479371,56.196343,0.0],[-159.476421,56.195229,0.0],[-159.474384,56.194489,0.0],[-159.472222,56.19435,0.0],[-159.471141,56.194281,0.0],[-159.468821,56.194364,0.0],[-159.468693,56.194326,0.0],[-159.467682,56.193935,0.0],[-159.467241,56.193805,0.0],[-159.464726,56.193746,0.0],[-159.463274,56.193558,0.0],[-159.46177,56.193268,0.0],[-159.460655,56.193239,0.0],[-159.459903,56.19334,0.0],[-159.457724,56.193224,0.0],[-159.456064,56.193295,0.0],[-159.454898,56.193194,0.0],[-159.454224,56.192977,0.0],[-159.453523,56.192947,0.0],[-159.452564,56.19299,0.0],[-159.452227,56.192947,0.0],[-159.451786,56.192788,0.0],[-159.451164,56.192339,0.0],[-159.450698,56.19218,0.0],[-159.450361,56.192136,0.0],[-159.450075,56.192194,0.0],[-159.449478,56.19257,0.0],[-159.449063,56.192729,0.0],[-159.448578,56.19277,0.0],[-159.448389,56.192786,0.0],[-159.447896,56.192858,0.0],[-159.447455,56.193003,0.0],[-159.446858,56.192901,0.0],[-159.446678,56.192554,0.0],[-159.446678,56.192395,0.0],[-159.446315,56.192222,0.0],[-159.446004,56.192178,0.0],[-159.445641,56.192062,0.0],[-159.445434,56.191816,0.0],[-159.445175,56.191238,0.0],[-159.44502,56.191021,0.0],[-159.444217,56.1905,0.0],[-159.443569,56.190297,0.0],[-159.442713,56.190094,0.0],[-159.442247,56.189906,0.0],[-159.442058,56.189801,0.0],[-159.441858,56.189689,0.0],[-159.441392,56.18953,0.0],[-159.439966,56.189226,0.0],[-159.438436,56.189138,0.0],[-159.437114,56.189094,0.0],[-159.437062,56.188993,0.0],[-159.437296,56.188776,0.0],[-159.438022,56.188574,0.0],[-159.439654,56.187841,0.0]],[[-159.450858,56.188059,0.0],[-159.451895,56.188146,0.0],[-159.452233,56.188103,0.0],[-159.453659,56.187699,0.0],[-159.454748,56.187656,0.0],[-159.455422,56.187685,0.0],[-159.455656,56.187728,0.0],[-159.455759,56.187801,0.0],[-159.455759,56.18796,0.0],[-159.455629,56.188032,0.0],[-159.455344,56.188104,0.0],[-159.454825,56.188147,0.0],[-159.454359,56.188263,0.0],[-159.454151,56.188364,0.0],[-159.454021,56.188465,0.0],[-159.454073,56.188639,0.0],[-159.454228,56.188726,0.0],[-159.454591,56.188841,0.0],[-159.455214,56.188842,0.0],[-159.455992,56.188755,0.0],[-159.457185,56.188423,0.0],[-159.457652,56.188163,0.0],[-159.457963,56.187845,0.0],[-159.45786,56.187469,0.0],[-159.45786,56.187266,0.0],[-159.45812,56.186992,0.0],[-159.458509,56.186862,0.0],[-159.458794,56.186703,0.0],[-159.458872,56.186544,0.0],[-159.458743,56.186385,0.0],[-159.45768,56.185806,0.0],[-159.457551,56.185603,0.0],[-159.457551,56.185126,0.0],[-159.457733,56.184823,0.0],[-159.457967,56.184678,0.0],[-159.458485,56.184534,0.0],[-159.459393,56.184534,0.0],[-159.461,56.184824,0.0],[-159.4624,56.184766,0.0],[-159.462737,56.184824,0.0],[-159.463385,56.18507,0.0],[-159.463644,56.1852,0.0],[-159.464422,56.185186,0.0],[-159.464863,56.1851,0.0],[-159.465407,56.185187,0.0],[-159.465537,56.185302,0.0],[-159.465615,56.185563,0.0],[-159.465874,56.185693,0.0],[-159.466159,56.185707,0.0],[-159.4673,56.185389,0.0],[-159.467923,56.185259,0.0],[-159.468597,56.185187,0.0],[-159.469219,56.185332,0.0],[-159.469763,56.185549,0.0],[-159.4701,56.185621,0.0],[-159.470411,56.185622,0.0],[-159.470749,56.185506,0.0],[-159.470878,56.185347,0.0],[-159.470853,56.185116,0.0],[-159.470516,56.184913,0.0],[-159.470179,56.184638,0.0],[-159.470023,56.184335,0.0],[-159.469738,56.184233,0.0],[-159.469246,56.184175,0.0],[-159.467534,56.184247,0.0],[-159.466912,56.184204,0.0],[-159.465849,56.183885,0.0],[-159.464865,56.183509,0.0],[-159.464502,56.183408,0.0],[-159.464217,56.183249,0.0],[-159.463854,56.182728,0.0],[-159.463621,56.182641,0.0],[-159.463154,56.182742,0.0],[-159.462998,56.182945,0.0],[-159.462817,56.183089,0.0],[-159.462506,56.183205,0.0],[-159.462246,56.183219,0.0],[-159.462013,56.183147,0.0],[-159.461599,56.182698,0.0],[-159.461417,56.182655,0.0],[-159.46108,56.182669,0.0],[-159.46095,56.182872,0.0],[-159.460691,56.183089,0.0],[-159.460302,56.183146,0.0],[-159.459187,56.183204,0.0],[-159.457243,56.183015,0.0],[-159.455532,56.182436,0.0],[-159.454858,56.182335,0.0],[-159.454288,56.182335,0.0],[-159.453691,56.18258,0.0],[-159.453068,56.183144,0.0],[-159.452368,56.183491,0.0],[-159.452368,56.183592,0.0],[-159.452497,56.183751,0.0],[-159.452704,56.183881,0.0],[-159.453041,56.183896,0.0],[-159.45426,56.183853,0.0],[-159.454701,56.183867,0.0],[-159.455219,56.184027,0.0],[-159.455349,56.184142,0.0],[-159.455374,56.184374,0.0],[-159.455115,56.184605,0.0],[-159.4547,56.184807,0.0],[-159.454466,56.184981,0.0],[-159.45444,56.185096,0.0],[-159.454621,56.185241,0.0],[-159.454855,56.185313,0.0],[-159.455166,56.185299,0.0],[-159.455658,56.185343,0.0],[-159.455788,56.185545,0.0],[-159.455606,56.186037,0.0],[-159.455061,56.1866,0.0],[-159.454723,56.186745,0.0],[-159.454308,56.186774,0.0],[-159.453997,56.18686,0.0],[-159.453712,56.187005,0.0],[-159.453452,56.187221,0.0],[-159.453089,56.187294,0.0],[-159.45283,56.187279,0.0],[-159.452674,56.187192,0.0],[-159.452649,56.187062,0.0],[-159.452701,56.186918,0.0],[-159.453194,56.186629,0.0],[-159.453531,56.18634,0.0],[-159.453583,56.18618,0.0],[-159.453557,56.186108,0.0],[-159.453298,56.18605,0.0],[-159.452935,56.186122,0.0],[-159.452624,56.186267,0.0],[-159.45239,56.186296,0.0],[-159.452157,56.186281,0.0],[-159.452002,56.186122,0.0],[-159.452002,56.18605,0.0],[-159.451924,56.18592,0.0],[-159.451535,56.18589,0.0],[-159.451068,56.186035,0.0],[-159.450342,56.186295,0.0],[-159.449745,56.186656,0.0],[-159.448889,56.186902,0.0],[-159.448733,56.187046,0.0],[-159.448681,56.187278,0.0],[-159.44881,56.187552,0.0],[-159.449381,56.187769,0.0],[-159.450055,56.187943,0.0],[-159.450858,56.188059,0.0]],[[-159.470309,56.183366,0.0],[-159.470569,56.183438,0.0],[-159.471287,56.183403,0.0],[-159.47145,56.183395,0.0],[-159.471594,56.183445,0.0],[-159.471787,56.183511,0.0],[-159.471839,56.183627,0.0],[-159.471709,56.183814,0.0],[-159.471475,56.184031,0.0],[-159.471424,56.184263,0.0],[-159.471527,56.184349,0.0],[-159.471735,56.184335,0.0],[-159.472331,56.184219,0.0],[-159.473135,56.18422,0.0],[-159.473472,56.184075,0.0],[-159.473926,56.18378,0.0],[-159.473939,56.183771,0.0],[-159.474043,56.18367,0.0],[-159.474043,56.18354,0.0],[-159.473887,56.183439,0.0],[-159.473187,56.183019,0.0],[-159.472695,56.182455,0.0],[-159.472332,56.182311,0.0],[-159.471736,56.182426,0.0],[-159.47031,56.182773,0.0],[-159.470128,56.182874,0.0],[-159.470024,56.183077,0.0],[-159.470047,56.183147,0.0],[-159.470076,56.183236,0.0],[-159.470309,56.183366,0.0]]]}},{"type":"Feature","properties":{"rgi_id":"RGI2000-v7.0-G-01-06836","o1region":"01"},"geometry":{"type":"Polygon","coordinates":[[[-159.33941,56.234356,0.0],[-159.339267,56.234281,0.0],[-159.339108,56.234189,0.0],[-159.338964,56.234088,0.0],[-159.338792,56.23392,0.0],[-159.338655,56.23373,0.0],[-159.33854,56.233526,0.0],[-159.338236,56.232885,0.0],[-159.33812,56.232681,0.0],[-159.337938,56.232409,0.0],[-159.337825,56.232195,0.0],[-159.337728,56.231935,0.0],[-159.337644,56.231632,0.0],[-159.337572,56.231303,0.0],[-159.337512,56.230965,0.0],[-159.33742,56.230327,0.0],[-159.337341,56.229667,0.0],[-159.337369,56.229662,0.0],[-159.337435,56.229631,0.0],[-159.337735,56.229439,0.0],[-159.337956,56.229305,0.0],[-159.338232,56.229165,0.0],[-159.338874,56.228874,0.0],[-159.339629,56.228502,0.0],[-159.339881,56.22837,0.0],[-159.340072,56.228238,0.0],[-159.340202,56.228103,0.0],[-159.340299,56.227957,0.0],[-159.340373,56.227806,0.0],[-159.340523,56.227397,0.0],[-159.340545,56.227287,0.0],[-159.340528,56.227139,0.0],[-159.340458,56.226996,0.0],[-159.340332,56.226867,0.0],[-159.340151,56.226758,0.0],[-159.339712,56.226559,0.0],[-159.339216,56.226311,0.0],[-159.339055,56.226224,0.0],[-159.338904,56.22613,0.0],[-159.338761,56.226032,0.0],[-159.338625,56.225932,0.0],[-159.338501,56.225825,0.0],[-159.338369,56.225666,0.0],[-159.338271,56.225493,0.0],[-159.338199,56.225313,0.0],[-159.338151,56.225131,0.0],[-159.338122,56.224955,0.0],[-159.338098,56.224568,0.0],[-159.338066,56.224462,0.0],[-159.338006,56.224361,0.0],[-159.337919,56.224266,0.0],[-159.337815,56.224173,0.0],[-159.337577,56.223987,0.0],[-159.337298,56.223807,0.0],[-159.336732,56.223418,0.0],[-159.336561,56.223271,0.0],[-159.336122,56.222842,0.0],[-159.336005,56.222722,0.0],[-159.335868,56.22255,0.0],[-159.335748,56.222366,0.0],[-159.335522,56.22199,0.0],[-159.3354,56.221808,0.0],[-159.335259,56.221638,0.0],[-159.335138,56.22152,0.0],[-159.334841,56.221256,0.0],[-159.334664,56.22111,0.0],[-159.334467,56.220978,0.0],[-159.3343,56.220891,0.0],[-159.334121,56.220812,0.0],[-159.333934,56.220738,0.0],[-159.333736,56.220671,0.0],[-159.333444,56.220601,0.0],[-159.33313,56.220544,0.0],[-159.332487,56.220442,0.0],[-159.332182,56.22038,0.0],[-159.331905,56.2203,0.0],[-159.331664,56.220196,0.0],[-159.331449,56.220076,0.0],[-159.330934,56.219759,0.0],[-159.330377,56.21934,0.0],[-159.329771,56.218953,0.0],[-159.329463,56.218763,0.0],[-159.329317,56.218662,0.0],[-159.329038,56.218453,0.0],[-159.328907,56.218343,0.0],[-159.328757,56.21818,0.0],[-159.328627,56.218004,0.0],[-159.328392,56.217636,0.0],[-159.328269,56.217455,0.0],[-159.32813,56.217285,0.0],[-159.327568,56.216739,0.0],[-159.327392,56.216592,0.0],[-159.327246,56.216492,0.0],[-159.326944,56.216298,0.0],[-159.32679,56.216203,0.0],[-159.326468,56.216021,0.0],[-159.325849,56.215643,0.0],[-159.325661,56.215504,0.0],[-159.3253,56.215219,0.0],[-159.32501,56.215017,0.0],[-159.324599,56.214698,0.0],[-159.32447,56.214586,0.0],[-159.32432,56.214423,0.0],[-159.324188,56.214248,0.0],[-159.323944,56.213886,0.0],[-159.323813,56.213711,0.0],[-159.323663,56.213548,0.0],[-159.323534,56.213436,0.0],[-159.323263,56.213222,0.0],[-159.323124,56.213116,0.0],[-159.322837,56.212913,0.0],[-159.322481,56.212623,0.0],[-159.322298,56.212481,0.0],[-159.322002,56.212283,0.0],[-159.321419,56.21188,0.0],[-159.321243,56.211733,0.0],[-159.320911,56.211427,0.0],[-159.320654,56.211202,0.0],[-159.32048,56.21102,0.0],[-159.320154,56.210643,0.0],[-159.319972,56.210466,0.0],[-159.319837,56.210357,0.0],[-159.319134,56.209829,0.0],[-159.318964,56.209677,0.0],[-159.318539,56.209235,0.0],[-159.318431,56.209111,0.0],[-159.318313,56.208932,0.0],[-159.318223,56.208738,0.0],[-159.318155,56.208535,0.0],[-159.318108,56.208327,0.0],[-159.318081,56.208116,0.0],[-159.318074,56.207906,0.0],[-159.31809,56.207702,0.0],[-159.318133,56.207505,0.0],[-159.318208,56.207321,0.0],[-159.318287,56.207192,0.0],[-159.318744,56.20657,0.0],[-159.318843,56.206393,0.0],[-159.318923,56.206206,0.0],[-159.319061,56.205823,0.0],[-159.319139,56.205636,0.0],[-159.319236,56.205458,0.0],[-159.319684,56.204833,0.0],[-159.319764,56.204704,0.0],[-159.319844,56.204508,0.0],[-159.319894,56.204298,0.0],[-159.319923,56.204078,0.0],[-159.319963,56.203396,0.0],[-159.319984,56.203173,0.0],[-159.320022,56.202957,0.0],[-159.320086,56.202754,0.0],[-159.320187,56.202569,0.0],[-159.320287,56.20245,0.0],[-159.320402,56.202338,0.0],[-159.320525,56.202229,0.0],[-159.320658,56.202125,0.0],[-159.320859,56.201998,0.0],[-159.321071,56.201877,0.0],[-159.321273,56.20175,0.0],[-159.32145,56.201612,0.0],[-159.321781,56.201324,0.0],[-159.32233,56.200918,0.0],[-159.323189,56.200325,0.0],[-159.323739,56.199919,0.0],[-159.324078,56.199635,0.0],[-159.324263,56.199501,0.0],[-159.324478,56.19938,0.0],[-159.324937,56.199153,0.0],[-159.325421,56.198882,0.0],[-159.325581,56.198792,0.0],[-159.326192,56.198414,0.0],[-159.326765,56.198019,0.0],[-159.326896,56.197915,0.0],[-159.327147,56.1977,0.0],[-159.327263,56.197589,0.0],[-159.327394,56.197429,0.0],[-159.327691,56.196959,0.0],[-159.327762,56.196826,0.0],[-159.327834,56.196617,0.0],[-159.327873,56.196394,0.0],[-159.327889,56.196159,0.0],[-159.327891,56.195918,0.0],[-159.327869,56.195181,0.0],[-159.327873,56.19494,0.0],[-159.327894,56.194708,0.0],[-159.327941,56.194487,0.0],[-159.328022,56.194284,0.0],[-159.328103,56.194156,0.0],[-159.328288,56.19391,0.0],[-159.328386,56.19379,0.0],[-159.328596,56.193556,0.0],[-159.32872,56.193393,0.0],[-159.328955,56.19306,0.0],[-159.329149,56.192818,0.0],[-159.329252,56.192667,0.0],[-159.329441,56.192357,0.0],[-159.329548,56.192208,0.0],[-159.329685,56.192062,0.0],[-159.329888,56.191896,0.0],[-159.330122,56.191723,0.0],[-159.330353,56.191538,0.0],[-159.330509,56.19139,0.0],[-159.330651,56.19124,0.0],[-159.330778,56.191092,0.0],[-159.330881,56.190947,0.0],[-159.33098,56.190736,0.0],[-159.331024,56.190555,0.0],[-159.331027,56.190424,0.0],[-159.331,56.190363,0.0],[-159.331406,56.190247,0.0],[-159.331704,56.190175,0.0],[-159.332071,56.190099,0.0],[-159.332925,56.189934,0.0],[-159.333361,56.189842,0.0],[-159.333767,56.189742,0.0],[-159.334039,56.18966,0.0],[-159.334851,56.189388,0.0],[-159.335108,56.189285,0.0],[-159.335627,56.189026,0.0],[-159.335796,56.188938,0.0],[-159.33612,56.188757,0.0],[-159.336289,56.188671,0.0],[-159.336632,56.188505,0.0],[-159.336808,56.188426,0.0],[-159.337063,56.188336,0.0],[-159.33733,56.188257,0.0],[-159.337788,56.188136,0.0],[-159.337981,56.188095,0.0],[-159.338254,56.188063,0.0],[-159.338404,56.188061,0.0],[-159.338413,56.188061,0.0],[-159.338536,56.188059,0.0],[-159.338812,56.188082,0.0],[-159.339011,56.188117,0.0],[-159.33941,56.188209,0.0],[-159.340024,56.188374,0.0],[-159.340318,56.188441,0.0],[-159.341168,56.188604,0.0],[-159.341406,56.188644,0.0],[-159.341743,56.188681,0.0],[-159.342102,56.188702,0.0],[-159.342474,56.188707,0.0],[-159.342852,56.188701,0.0],[-159.343231,56.188683,0.0],[-159.343604,56.188654,0.0],[-159.343965,56.188614,0.0],[-159.344307,56.188561,0.0],[-159.344621,56.188493,0.0],[-159.344836,56.188432,0.0],[-159.345654,56.188179,0.0],[-159.34586,56.188122,0.0],[-159.346193,56.188058,0.0],[-159.346549,56.188016,0.0],[-159.346912,56.187997,0.0],[-159.347269,56.187998,0.0],[-159.347729,56.188022,0.0],[-159.348018,56.188028,0.0],[-159.348315,56.188024,0.0],[-159.348321,56.188024,0.0],[-159.348615,56.188011,0.0],[-159.34891,56.187987,0.0],[-159.349194,56.187954,0.0],[-159.349646,56.187885,0.0],[-159.34993,56.187852,0.0],[-159.350225,56.187828,0.0],[-159.350523,56.187814,0.0],[-159.350818,56.18781,0.0],[-159.351104,56.187816,0.0],[-159.351558,56.187837,0.0],[-159.351836,56.187838,0.0],[-159.352118,56.187825,0.0],[-159.352395,56.187798,0.0],[-159.352661,56.187755,0.0],[-159.352906,56.187696,0.0],[-159.35315,56.187612,0.0],[-159.353383,56.18752,0.0],[-159.353632,56.187434,0.0],[-159.353914,56.187367,0.0],[-159.354226,56.187317,0.0],[-159.354557,56.187284,0.0],[-159.354896,56.187265,0.0],[-159.355235,56.187261,0.0],[-159.355565,56.18727,0.0],[-159.35604,56.187301,0.0],[-159.356369,56.18731,0.0],[-159.356705,56.187303,0.0],[-159.357039,56.187281,0.0],[-159.357363,56.187242,0.0],[-159.357664,56.187184,0.0],[-159.357933,56.187104,0.0],[-159.358161,56.187,0.0],[-159.358574,56.186762,0.0],[-159.358741,56.186676,0.0],[-159.359091,56.186511,0.0],[-159.359278,56.186433,0.0],[-159.359556,56.186342,0.0],[-159.359857,56.186261,0.0],[-159.360483,56.186112,0.0],[-159.360785,56.186032,0.0],[-159.361063,56.18594,0.0],[-159.36125,56.185861,0.0],[-159.3616,56.185693,0.0],[-159.361767,56.185605,0.0],[-159.362179,56.185354,0.0],[-159.362405,56.185239,0.0],[-159.362671,56.185142,0.0],[-159.362968,56.18506,0.0],[-159.363284,56.184988,0.0],[-159.36393,56.184849,0.0],[-159.364238,56.184772,0.0],[-159.364673,56.184645,0.0],[-159.365482,56.184427,0.0],[-159.365738,56.184348,0.0],[-159.365971,56.184259,0.0],[-159.366199,56.184144,0.0],[-159.366626,56.183902,0.0],[-159.366867,56.183793,0.0],[-159.367376,56.183589,0.0],[-159.367746,56.18343,0.0],[-159.368539,56.183136,0.0],[-159.368911,56.182977,0.0],[-159.369104,56.1829,0.0],[-159.369496,56.182751,0.0],[-159.369702,56.18268,0.0],[-159.370025,56.182593,0.0],[-159.370376,56.18252,0.0],[-159.371471,56.182323,0.0],[-159.371812,56.182249,0.0],[-159.37212,56.182163,0.0],[-159.372372,56.182068,0.0],[-159.372609,56.181972,0.0],[-159.372855,56.181887,0.0],[-159.373102,56.181831,0.0],[-159.373369,56.181794,0.0],[-159.373647,56.181775,0.0],[-159.373928,56.181774,0.0],[-159.374204,56.181791,0.0],[-159.374427,56.181818,0.0],[-159.375272,56.181936,0.0],[-159.376026,56.18205,0.0],[-159.376332,56.182077,0.0],[-159.376642,56.182085,0.0],[-159.376942,56.182075,0.0],[-159.37722,56.182047,0.0],[-159.37746,56.182001,0.0],[-159.377645,56.181933,0.0],[-159.377738,56.181868,0.0],[-159.377795,56.181794,0.0],[-159.377825,56.181716,0.0],[-159.37788,56.181504,0.0],[-159.377941,56.181369,0.0],[-159.37804,56.181235,0.0],[-159.378144,56.181142,0.0],[-159.378268,56.181051,0.0],[-159.378405,56.180963,0.0],[-159.37856,56.180879,0.0],[-159.378803,56.180781,0.0],[-159.379077,56.180693,0.0],[-159.379654,56.180525,0.0],[-159.379928,56.180432,0.0],[-159.380173,56.180325,0.0],[-159.38036,56.180212,0.0],[-159.38069,56.179965,0.0],[-159.380863,56.179845,0.0],[-159.381063,56.17974,0.0],[-159.381347,56.179641,0.0],[-159.381675,56.179565,0.0],[-159.382036,56.179507,0.0],[-159.382418,56.179462,0.0],[-159.382811,56.179428,0.0],[-159.383208,56.179402,0.0],[-159.383977,56.179369,0.0],[-159.384332,56.179361,0.0],[-159.384855,56.179355,0.0],[-159.385043,56.179346,0.0],[-159.385221,56.179323,0.0],[-159.385386,56.179281,0.0],[-159.385579,56.1792,0.0],[-159.385943,56.178997,0.0],[-159.386098,56.178923,0.0],[-159.38643,56.178784,0.0],[-159.386611,56.178722,0.0],[-159.386854,56.178665,0.0],[-159.38712,56.178625,0.0],[-159.3874,56.178601,0.0],[-159.387687,56.178594,0.0],[-159.387971,56.178602,0.0],[-159.388774,56.178672,0.0],[-159.389836,56.178745,0.0],[-159.390185,56.178779,0.0],[-159.390518,56.178824,0.0],[-159.390989,56.178911,0.0],[-159.391947,56.179079,0.0],[-159.392408,56.179174,0.0],[-159.392697,56.179223,0.0],[-159.393598,56.179348,0.0],[-159.393887,56.179396,0.0],[-159.394348,56.17949,0.0],[-159.394631,56.179541,0.0],[-159.395205,56.179635,0.0],[-159.395481,56.179687,0.0],[-159.39574,56.179748,0.0],[-159.396254,56.179912,0.0],[-159.396515,56.179981,0.0],[-159.396772,56.180021,0.0],[-159.397045,56.180041,0.0],[-159.397327,56.180042,0.0],[-159.39761,56.180026,0.0],[-159.397887,56.179994,0.0],[-159.398658,56.179857,0.0],[-159.3997,56.1797,0.0],[-159.400048,56.179643,0.0],[-159.400384,56.179579,0.0],[-159.400869,56.179472,0.0],[-159.401231,56.179408,0.0],[-159.401616,56.179354,0.0],[-159.402017,56.179308,0.0],[-159.403216,56.17919,0.0],[-159.403298,56.179443,0.0],[-159.403427,56.179573,0.0],[-159.403842,56.179602,0.0],[-159.404257,56.179516,0.0],[-159.404361,56.179472,0.0],[-159.404491,56.179256,0.0],[-159.40461,56.178978,0.0],[-159.404732,56.178948,0.0],[-159.40494,56.178879,0.0],[-159.405321,56.178725,0.0],[-159.4055,56.178643,0.0],[-159.405594,56.178593,0.0],[-159.405892,56.178968,0.0],[-159.406202,56.179214,0.0],[-159.406539,56.179301,0.0],[-159.406928,56.179301,0.0],[-159.407239,56.1792,0.0],[-159.40781,56.178868,0.0],[-159.40807,56.178709,0.0],[-159.408044,56.17855,0.0],[-159.407941,56.17842,0.0],[-159.407811,56.178333,0.0],[-159.407501,56.17826,0.0],[-159.40693,56.178303,0.0],[-159.406723,56.178231,0.0],[-159.406673,56.177947,0.0],[-159.407376,56.177502,0.0],[-159.407542,56.177404,0.0],[-159.407814,56.17725,0.0],[-159.407915,56.1772,0.0],[-159.407991,56.177175,0.0],[-159.408036,56.177175,0.0],[-159.40805,56.177173,0.0],[-159.407684,56.17761,0.0],[-159.407632,56.17774,0.0],[-159.407683,56.177884,0.0],[-159.407864,56.177971,0.0],[-159.408072,56.177928,0.0],[-159.40828,56.177755,0.0],[-159.408737,56.177373,0.0],[-159.40905,56.177485,0.0],[-159.409211,56.177548,0.0],[-159.409349,56.177614,0.0],[-159.409574,56.177735,0.0],[-159.409943,56.177885,0.0],[-159.410051,56.177948,0.0],[-159.410016,56.177973,0.0],[-159.409834,56.178219,0.0],[-159.409885,56.178667,0.0],[-159.409962,56.178884,0.0],[-159.410065,56.178985,0.0],[-159.410273,56.179029,0.0],[-159.41048,56.178956,0.0],[-159.410585,56.178581,0.0],[-159.410658,56.178296,0.0],[-159.410682,56.178315,0.0],[-159.410757,56.178397,0.0],[-159.410965,56.178653,0.0],[-159.411047,56.17873,0.0],[-159.411242,56.178863,0.0],[-159.411335,56.178933,0.0],[-159.411411,56.179014,0.0],[-159.411473,56.179104,0.0],[-159.411524,56.1792,0.0],[-159.411554,56.179266,0.0],[-159.411516,56.179275,0.0],[-159.40965,56.179231,0.0],[-159.409105,56.179288,0.0],[-159.408869,56.179354,0.0],[-159.408846,56.17936,0.0],[-159.408612,56.179505,0.0],[-159.408612,56.179649,0.0],[-159.409543,56.180893,0.0],[-159.409568,56.181168,0.0],[-159.409412,56.18137,0.0],[-159.409022,56.181558,0.0],[-159.40897,56.181674,0.0],[-159.408996,56.181905,0.0],[-159.409229,56.182108,0.0],[-159.409643,56.182397,0.0],[-159.410264,56.182643,0.0],[-159.411378,56.182991,0.0],[-159.412467,56.183368,0.0],[-159.413942,56.184424,0.0],[-159.41446,56.184526,0.0],[-159.414772,56.184497,0.0],[-159.415239,56.184208,0.0],[-159.415498,56.184209,0.0],[-159.415628,56.184267,0.0],[-159.415808,56.184672,0.0],[-159.416093,56.184932,0.0],[-159.416378,56.185019,0.0],[-159.416793,56.185092,0.0],[-159.417337,56.185106,0.0],[-159.419463,56.185021,0.0],[-159.419801,56.184862,0.0],[-159.419853,56.184775,0.0],[-159.419646,56.184645,0.0],[-159.41905,56.184442,0.0],[-159.418428,56.184283,0.0],[-159.417676,56.18421,0.0],[-159.417028,56.184022,0.0],[-159.416251,56.183732,0.0],[-159.415863,56.183428,0.0],[-159.415738,56.183363,0.0],[-159.414438,56.18269,0.0],[-159.413574,56.182292,0.0],[-159.413558,56.182284,0.0],[-159.412082,56.181517,0.0],[-159.411564,56.181112,0.0],[-159.411474,56.180889,0.0],[-159.411435,56.180793,0.0],[-159.411566,56.180432,0.0],[-159.411722,56.180215,0.0],[-159.412197,56.179964,0.0],[-159.412278,56.180013,0.0],[-159.412766,56.180329,0.0],[-159.412883,56.180425,0.0],[-159.412974,56.18053,0.0],[-159.413039,56.180637,0.0],[-159.413082,56.180736,0.0],[-159.413107,56.180819,0.0],[-159.413117,56.180878,0.0],[-159.413113,56.180903,0.0],[-159.413155,56.180901,0.0],[-159.413237,56.180919,0.0],[-159.413351,56.180959,0.0],[-159.413867,56.181162,0.0],[-159.41431,56.181345,0.0],[-159.41481,56.181534,0.0],[-159.415319,56.181716,0.0],[-159.415661,56.181815,0.0],[-159.41628,56.181964,0.0],[-159.416711,56.182074,0.0],[-159.417015,56.182136,0.0],[-159.418109,56.182334,0.0],[-159.418442,56.182377,0.0],[-159.418793,56.182408,0.0],[-159.419879,56.182481,0.0],[-159.42023,56.182512,0.0],[-159.420743,56.182568,0.0],[-159.421151,56.182595,0.0],[-159.421582,56.182606,0.0],[-159.42203,56.182607,0.0],[-159.422489,56.1826,0.0],[-159.42328,56.182582,0.0],[-159.423331,56.182724,0.0],[-159.421748,56.183678,0.0],[-159.420581,56.183735,0.0],[-159.420243,56.183879,0.0],[-159.420243,56.184024,0.0],[-159.420658,56.184241,0.0],[-159.421013,56.184348,0.0],[-159.421668,56.184545,0.0],[-159.422394,56.18482,0.0],[-159.4233,56.185081,0.0],[-159.423897,56.185183,0.0],[-159.424674,56.18527,0.0],[-159.425037,56.1854,0.0],[-159.425529,56.185574,0.0],[-159.427472,56.186472,0.0],[-159.427913,56.186761,0.0],[-159.428042,56.187007,0.0],[-159.427964,56.187152,0.0],[-159.427549,56.187267,0.0],[-159.427289,56.187397,0.0],[-159.427211,56.187585,0.0],[-159.427366,56.187918,0.0],[-159.427599,56.187976,0.0],[-159.428325,56.187846,0.0],[-159.428585,56.18786,0.0],[-159.429155,56.187962,0.0],[-159.429569,56.188194,0.0],[-159.429751,56.188425,0.0],[-159.429957,56.188873,0.0],[-159.429749,56.189567,0.0],[-159.429592,56.189856,0.0],[-159.429307,56.190174,0.0],[-159.428787,56.190463,0.0],[-159.428424,56.190911,0.0],[-159.428034,56.191316,0.0],[-159.427541,56.191402,0.0],[-159.427334,56.191402,0.0],[-159.42723,56.19133,0.0],[-159.427127,56.191171,0.0],[-159.427101,56.190809,0.0],[-159.426972,56.19065,0.0],[-159.426765,56.190578,0.0],[-159.426609,56.190534,0.0],[-159.426427,56.190578,0.0],[-159.426194,56.190794,0.0],[-159.426062,56.191879,0.0],[-159.425724,56.192298,0.0],[-159.425698,56.192529,0.0],[-159.425853,56.192804,0.0],[-159.426189,56.193122,0.0],[-159.426189,56.193267,0.0],[-159.426085,56.193383,0.0],[-159.425878,56.193426,0.0],[-159.425592,56.193397,0.0],[-159.42523,56.193194,0.0],[-159.424893,56.192746,0.0],[-159.42466,56.192615,0.0],[-159.424349,56.192572,0.0],[-159.424167,56.192615,0.0],[-159.424063,56.192832,0.0],[-159.424037,56.193005,0.0],[-159.424503,56.193512,0.0],[-159.424476,56.193815,0.0],[-159.424553,56.194495,0.0],[-159.42476,56.194755,0.0],[-159.425045,56.194871,0.0],[-159.425615,56.194886,0.0],[-159.426342,56.194872,0.0],[-159.427224,56.194742,0.0],[-159.427769,56.194555,0.0],[-159.428236,56.194194,0.0],[-159.428704,56.193543,0.0],[-159.429119,56.193283,0.0],[-159.42956,56.193254,0.0],[-159.430183,56.193255,0.0],[-159.431868,56.193299,0.0],[-159.433994,56.193691,0.0],[-159.435135,56.194241,0.0],[-159.435963,56.195094,0.0],[-159.43648,56.195962,0.0],[-159.436817,56.196107,0.0],[-159.437232,56.19615,0.0],[-159.437855,56.196093,0.0],[-159.438529,56.195905,0.0],[-159.439022,56.195833,0.0],[-159.439515,56.195804,0.0],[-159.439852,56.195862,0.0],[-159.441226,56.196022,0.0],[-159.441745,56.196124,0.0],[-159.442419,56.196384,0.0],[-159.442704,56.196558,0.0],[-159.443171,56.196645,0.0],[-159.443534,56.19663,0.0],[-159.443949,56.196529,0.0],[-159.444883,56.196053,0.0],[-159.445246,56.196024,0.0],[-159.445558,56.196096,0.0],[-159.445817,56.196241,0.0],[-159.44605,56.196516,0.0],[-159.446853,56.197196,0.0],[-159.447371,56.197413,0.0],[-159.448357,56.197529,0.0],[-159.449108,56.197746,0.0],[-159.449938,56.198065,0.0],[-159.450431,56.198151,0.0],[-159.451183,56.198152,0.0],[-159.452091,56.197979,0.0],[-159.452636,56.197791,0.0],[-159.454037,56.197444,0.0],[-159.45536,56.197199,0.0],[-159.458135,56.196925,0.0],[-159.459484,56.196969,0.0],[-159.460314,56.197099,0.0],[-159.461377,56.197505,0.0],[-159.462881,56.19791,0.0],[-159.463996,56.198286,0.0],[-159.46409,56.198288,0.0],[-159.464497,56.198574,0.0],[-159.46555,56.20008,0.0],[-159.465618,56.200129,0.0],[-159.46657,56.200545,0.0],[-159.466743,56.2006,0.0],[-159.467184,56.200803,0.0],[-159.467216,56.200827,0.0],[-159.468021,56.201179,0.0],[-159.472103,56.202363,0.0],[-159.478593,56.204522,0.0],[-159.481196,56.205431,0.0],[-159.486719,56.205234,0.0],[-159.489867,56.204975,0.0],[-159.492182,56.204639,0.0],[-159.495033,56.204451,0.0],[-159.49836,56.204697,0.0],[-159.50058,56.205109,0.0],[-159.502069,56.205441,0.0],[-159.504537,56.205441,0.0],[-159.505967,56.205375,0.0],[-159.510962,56.204401,0.0],[-159.511513,56.204429,0.0],[-159.511488,56.204349,0.0],[-159.511005,56.203905,0.0],[-159.513407,56.203405,0.0],[-159.515525,56.203247,0.0],[-159.517201,56.20317,0.0],[-159.517706,56.202781,0.0],[-159.519701,56.20251,0.0],[-159.52236,56.202387,0.0],[-159.529016,56.202495,0.0],[-159.533696,56.203707,0.0],[-159.537481,56.204662,0.0],[-159.539626,56.205396,0.0],[-159.541719,56.205774,0.0],[-159.544565,56.206264,0.0],[-159.546895,56.20601,0.0],[-159.548863,56.206276,0.0],[-159.54998,56.206581,0.0],[-159.551027,56.207127,0.0],[-159.55257,56.208127,0.0],[-159.554043,56.210082,0.0],[-159.555136,56.213067,0.0],[-159.554127,56.2149,0.0],[-159.552294,56.21695,0.0],[-159.550991,56.218261,0.0],[-159.548811,56.219434,0.0],[-159.547109,56.220227,0.0],[-159.545575,56.220715,0.0],[-159.543731,56.221277,0.0],[-159.539927,56.221632,0.0],[-159.536149,56.221451,0.0],[-159.532185,56.220742,0.0],[-159.529747,56.2202,0.0],[-159.526994,56.219898,0.0],[-159.526106,56.219528,0.0],[-159.523425,56.218795,0.0],[-159.51754,56.218139,0.0],[-159.512837,56.217642,0.0],[-159.50956,56.217222,0.0],[-159.507486,56.217104,0.0],[-159.505103,56.217049,0.0],[-159.504823,56.216351,0.0],[-159.504667,56.216206,0.0],[-159.504148,56.216119,0.0],[-159.502747,56.21596,0.0],[-159.50119,56.215888,0.0],[-159.500671,56.215975,0.0],[-159.499384,56.216306,0.0],[-159.495325,56.215736,0.0],[-159.49024,56.215256,0.0],[-159.486974,56.214906,0.0],[-159.483143,56.215082,0.0],[-159.48008,56.214366,0.0],[-159.47539,56.213082,0.0],[-159.468881,56.211666,0.0],[-159.463861,56.210753,0.0],[-159.454544,56.209466,0.0],[-159.449407,56.208629,0.0],[-159.446174,56.208491,0.0],[-159.443738,56.208531,0.0],[-159.441971,56.208755,0.0],[-159.437905,56.20994,0.0],[-159.431788,56.21029,0.0],[-159.429171,56.209981,0.0],[-159.426725,56.209949,0.0],[-159.426139,56.210333,0.0],[-159.42703,56.21115,0.0],[-159.427687,56.21212,0.0],[-159.428561,56.212947,0.0],[-159.427941,56.213815,0.0],[-159.427628,56.214508,0.0],[-159.427704,56.215203,0.0],[-159.428013,56.216504,0.0],[-159.428089,56.217719,0.0],[-159.428192,56.218037,0.0],[-159.428814,56.218861,0.0],[-159.429306,56.219382,0.0],[-159.430058,56.219816,0.0],[-159.430602,56.220005,0.0],[-159.430862,56.220005,0.0],[-159.431173,56.219846,0.0],[-159.431251,56.219745,0.0],[-159.431226,56.219528,0.0],[-159.431096,56.219325,0.0],[-159.430578,56.219021,0.0],[-159.429826,56.218631,0.0],[-159.429515,56.21837,0.0],[-159.429489,56.218225,0.0],[-159.429672,56.21798,0.0],[-159.430217,56.217676,0.0],[-159.430659,56.217474,0.0],[-159.430918,56.217388,0.0],[-159.431515,56.217258,0.0],[-159.431982,56.217287,0.0],[-159.432475,56.21749,0.0],[-159.432786,56.217678,0.0],[-159.433019,56.217909,0.0],[-159.433122,56.218459,0.0],[-159.433147,56.219095,0.0],[-159.432991,56.219543,0.0],[-159.432393,56.220121,0.0],[-159.432133,56.220439,0.0],[-159.432079,56.221524,0.0],[-159.432232,56.223042,0.0],[-159.432127,56.223909,0.0],[-159.431736,56.224632,0.0],[-159.431475,56.225355,0.0],[-159.431408,56.225477,0.0],[-159.431356,56.225572,0.0],[-159.431085,56.226063,0.0],[-159.431085,56.226155,0.0],[-159.426176,56.226361,0.0],[-159.425185,56.226413,0.0],[-159.424232,56.226421,0.0],[-159.423427,56.226348,0.0],[-159.423038,56.226203,0.0],[-159.422131,56.225538,0.0],[-159.421742,56.22532,0.0],[-159.421197,56.225204,0.0],[-159.420626,56.225204,0.0],[-159.420315,56.225276,0.0],[-159.417846,56.226431,0.0],[-159.41517,56.227731,0.0],[-159.414546,56.22815,0.0],[-159.414078,56.228612,0.0],[-159.413142,56.229305,0.0],[-159.41283,56.229609,0.0],[-159.412699,56.229869,0.0],[-159.412206,56.230115,0.0],[-159.411738,56.230215,0.0],[-159.411453,56.230244,0.0],[-159.411063,56.23049,0.0],[-159.410907,56.230678,0.0],[-159.410958,56.230894,0.0],[-159.411139,56.231054,0.0],[-159.411528,56.231256,0.0],[-159.411891,56.231416,0.0],[-159.413059,56.231561,0.0],[-159.413474,56.231576,0.0],[-159.413864,56.231431,0.0],[-159.413969,56.231215,0.0],[-159.414047,56.230824,0.0],[-159.414151,56.23068,0.0],[-159.414437,56.230478,0.0],[-159.414983,56.230189,0.0],[-159.415503,56.23003,0.0],[-159.415919,56.229741,0.0],[-159.416309,56.229163,0.0],[-159.417323,56.2286,0.0],[-159.418173,56.228162,0.0],[-159.41813,56.228255,0.0],[-159.417857,56.228983,0.0],[-159.417826,56.22915,0.0],[-159.417826,56.229316,0.0],[-159.417853,56.229475,0.0],[-159.417921,56.229698,0.0],[-159.41794,56.229812,0.0],[-159.41794,56.229929,0.0],[-159.4179,56.23017,0.0],[-159.417883,56.230348,0.0],[-159.417881,56.23054,0.0],[-159.417892,56.230743,0.0],[-159.417916,56.230952,0.0],[-159.417951,56.231165,0.0],[-159.417998,56.231385,0.0],[-159.41806,56.231625,0.0],[-159.418135,56.23187,0.0],[-159.418151,56.231913,0.0],[-159.417939,56.231926,0.0],[-159.417809,56.232012,0.0],[-159.417808,56.232215,0.0],[-159.417963,56.232663,0.0],[-159.417879,56.233234,0.0],[-159.417398,56.233269,0.0],[-159.417034,56.233307,0.0],[-159.416647,56.233357,0.0],[-159.41626,56.233421,0.0],[-159.415241,56.233638,0.0],[-159.414578,56.233767,0.0],[-159.414287,56.233829,0.0],[-159.41401,56.233898,0.0],[-159.413577,56.234027,0.0],[-159.4133,56.234096,0.0],[-159.412434,56.234287,0.0],[-159.412278,56.234328,0.0],[-159.413802,56.233659,0.0],[-159.414274,56.233397,0.0],[-159.414171,56.233413,0.0],[-159.41373,56.233354,0.0],[-159.412874,56.233209,0.0],[-159.412044,56.232992,0.0],[-159.411681,56.232702,0.0],[-159.411474,56.232399,0.0],[-159.41137,56.232312,0.0],[-159.410929,56.232283,0.0],[-159.410435,56.23234,0.0],[-159.409294,56.231863,0.0],[-159.40743,56.232305,0.0],[-159.405258,56.232403,0.0],[-159.402714,56.23259,0.0],[-159.401063,56.232736,0.0],[-159.399541,56.232876,0.0],[-159.394945,56.232227,0.0],[-159.393602,56.232716,0.0],[-159.387349,56.233927,0.0],[-159.381852,56.235032,0.0],[-159.379784,56.23584,0.0],[-159.377045,56.236463,0.0],[-159.375042,56.236839,0.0],[-159.373447,56.236482,0.0],[-159.371596,56.236137,0.0],[-159.369351,56.235738,0.0],[-159.367618,56.235316,0.0],[-159.363146,56.235517,0.0],[-159.359068,56.235772,0.0],[-159.356778,56.235946,0.0],[-159.354009,56.236356,0.0],[-159.352368,56.236573,0.0],[-159.350579,56.236653,0.0],[-159.347886,56.236702,0.0],[-159.346439,56.236481,0.0],[-159.345631,56.236232,0.0],[-159.343943,56.235754,0.0],[-159.343888,56.235739,0.0],[-159.343864,56.235726,0.0],[-159.342773,56.235146,0.0],[-159.342155,56.235054,0.0],[-159.34177,56.234925,0.0],[-159.341581,56.234867,0.0],[-159.341306,56.234799,0.0],[-159.340724,56.23467,0.0],[-159.340297,56.23456,0.0],[-159.339699,56.234427,0.0],[-159.33941,56.234356,0.0]],[[-159.422979,56.190344,0.0],[-159.423782,56.190981,0.0],[-159.424378,56.191184,0.0],[-159.424663,56.191198,0.0],[-159.425026,56.191126,0.0],[-159.425156,56.191025,0.0],[-159.425078,56.190895,0.0],[-159.423965,56.190027,0.0],[-159.423577,56.189824,0.0],[-159.423265,56.189795,0.0],[-159.422876,56.189795,0.0],[-159.422721,56.189881,0.0],[-159.422798,56.190142,0.0],[-159.422979,56.190344,0.0]],[[-159.42337,56.189535,0.0],[-159.423629,56.189564,0.0],[-159.423888,56.189463,0.0],[-159.424175,56.188942,0.0],[-159.424383,56.188408,0.0],[-159.424358,56.18822,0.0],[-159.424228,56.188147,0.0],[-159.424047,56.188133,0.0],[-159.423657,56.188262,0.0],[-159.423268,56.188551,0.0],[-159.423033,56.18913,0.0],[-159.423085,56.189375,0.0],[-159.42337,56.189535,0.0]],[[-159.42358,56.187756,0.0],[-159.42371,56.187785,0.0],[-159.424021,56.187771,0.0],[-159.424385,56.187569,0.0],[-159.424515,56.187222,0.0],[-159.424438,56.187034,0.0],[-159.424257,56.186846,0.0],[-159.423972,56.186687,0.0],[-159.42379,56.186658,0.0],[-159.42366,56.186686,0.0],[-159.423738,56.186918,0.0],[-159.423763,56.187265,0.0],[-159.423503,56.187612,0.0],[-159.42358,56.187756,0.0]],[[-159.392659,56.201832,0.0],[-159.39323,56.201673,0.0],[-159.394346,56.2015,0.0],[-159.394787,56.201457,0.0],[-159.396291,56.201545,0.0],[-159.397018,56.201416,0.0],[-159.399017,56.200622,0.0],[-159.400653,56.200089,0.0],[-159.401536,56.199626,0.0],[-159.402757,56.198861,0.0],[-159.402939,56.19863,0.0],[-159.402965,56.198471,0.0],[-159.402862,56.198355,0.0],[-159.402448,56.198123,0.0],[-159.4018,56.197631,0.0],[-159.401336,56.19672,0.0],[-159.401676,56.195708,0.0],[-159.401858,56.195303,0.0],[-159.401937,56.19487,0.0],[-159.401705,56.194523,0.0],[-159.401239,56.19419,0.0],[-159.400592,56.193524,0.0],[-159.399919,56.192916,0.0],[-159.398728,56.192265,0.0],[-159.397303,56.191757,0.0],[-159.396396,56.191583,0.0],[-159.39554,56.191452,0.0],[-159.391004,56.190884,0.0],[-159.389396,56.190868,0.0],[-159.389033,56.190796,0.0],[-159.388412,56.190564,0.0],[-159.387454,56.189912,0.0],[-159.386988,56.189767,0.0],[-159.385562,56.189622,0.0],[-159.383618,56.189316,0.0],[-159.381907,56.189155,0.0],[-159.381103,56.189155,0.0],[-159.380766,56.189212,0.0],[-159.38022,56.189544,0.0],[-159.379804,56.189992,0.0],[-159.37936,56.190917,0.0],[-159.378397,56.192116,0.0],[-159.378006,56.192839,0.0],[-159.377901,56.193229,0.0],[-159.377874,56.193533,0.0],[-159.378106,56.193981,0.0],[-159.379943,56.195501,0.0],[-159.381574,56.196226,0.0],[-159.382686,56.197384,0.0],[-159.383022,56.197803,0.0],[-159.384263,56.199135,0.0],[-159.384599,56.199381,0.0],[-159.385195,56.199714,0.0],[-159.38688,56.200178,0.0],[-159.387346,56.200338,0.0],[-159.387553,56.200511,0.0],[-159.388095,56.201336,0.0],[-159.388484,56.201495,0.0],[-159.388873,56.201568,0.0],[-159.390144,56.201526,0.0],[-159.39157,56.201845,0.0],[-159.392659,56.201832,0.0]],[[-159.420081,56.212436,0.0],[-159.419329,56.212436,0.0],[-159.418654,56.212508,0.0],[-159.4172,56.213085,0.0],[-159.41681,56.213273,0.0],[-159.416083,56.213706,0.0],[-159.415251,56.214602,0.0],[-159.414625,56.215845,0.0],[-159.414468,56.216553,0.0],[-159.414518,56.217464,0.0],[-159.415293,56.21881,0.0],[-159.415552,56.219027,0.0],[-159.416227,56.219201,0.0],[-159.41672,56.219172,0.0],[-159.417525,56.218956,0.0],[-159.418122,56.218739,0.0],[-159.419265,56.218219,0.0],[-159.420693,56.217786,0.0],[-159.421524,56.217483,0.0],[-159.42194,56.217296,0.0],[-159.422278,56.217021,0.0],[-159.422538,56.216674,0.0],[-159.422539,56.216342,0.0],[-159.422487,56.216053,0.0],[-159.421659,56.21491,0.0],[-159.421452,56.21449,0.0],[-159.421506,56.213536,0.0],[-159.421377,56.213102,0.0],[-159.420989,56.212683,0.0],[-159.420548,56.212509,0.0],[-159.420081,56.212436,0.0]],[[-159.447705,56.19977,0.0],[-159.446798,56.199278,0.0],[-159.445502,56.198757,0.0],[-159.444179,56.198583,0.0],[-159.44226,56.198567,0.0],[-159.440859,56.198581,0.0],[-159.437306,56.198637,0.0],[-159.435646,56.198694,0.0],[-159.434297,56.19878,0.0],[-159.43274,56.198996,0.0],[-159.431106,56.199068,0.0],[-159.430198,56.199082,0.0],[-159.428824,56.198994,0.0],[-159.428461,56.198936,0.0],[-159.428175,56.198994,0.0],[-159.42802,56.199081,0.0],[-159.427889,56.199312,0.0],[-159.427993,56.199529,0.0],[-159.428355,56.19989,0.0],[-159.42934,56.200498,0.0],[-159.430091,56.200889,0.0],[-159.43048,56.201019,0.0],[-159.431051,56.201034,0.0],[-159.432789,56.200876,0.0],[-159.436473,56.200632,0.0],[-159.438159,56.200373,0.0],[-159.441116,56.200085,0.0],[-159.444436,56.200173,0.0],[-159.447056,56.200565,0.0],[-159.447808,56.200609,0.0],[-159.448171,56.200522,0.0],[-159.448249,56.200392,0.0],[-159.448249,56.200218,0.0],[-159.447705,56.19977,0.0]],[[-159.416167,56.210583,0.0],[-159.416039,56.210019,0.0],[-159.415574,56.209194,0.0],[-159.41573,56.208992,0.0],[-159.416119,56.208862,0.0],[-159.416509,56.208819,0.0],[-159.417027,56.208848,0.0],[-159.417391,56.208791,0.0],[-159.417469,56.208646,0.0],[-159.417495,56.208357,0.0],[-159.417315,56.207967,0.0],[-159.416822,56.207706,0.0],[-159.416252,56.207503,0.0],[-159.415396,56.207314,0.0],[-159.41371,56.207299,0.0],[-159.411918,56.20831,0.0],[-159.411787,56.208584,0.0],[-159.411657,56.208758,0.0],[-159.411112,56.208815,0.0],[-159.410593,56.208743,0.0],[-159.409635,56.208178,0.0],[-159.409246,56.20812,0.0],[-159.409064,56.208019,0.0],[-159.408935,56.207787,0.0],[-159.408936,56.207397,0.0],[-159.408781,56.207107,0.0],[-159.408652,56.207021,0.0],[-159.408367,56.20663,0.0],[-159.408134,56.206456,0.0],[-159.407926,56.206456,0.0],[-159.407797,56.206514,0.0],[-159.407821,56.207063,0.0],[-159.407663,56.20809,0.0],[-159.407791,56.208741,0.0],[-159.408516,56.209695,0.0],[-159.408774,56.210115,0.0],[-159.409163,56.210289,0.0],[-159.409552,56.21026,0.0],[-159.410227,56.209971,0.0],[-159.410461,56.209943,0.0],[-159.410979,56.210145,0.0],[-159.411264,56.210334,0.0],[-159.412016,56.210696,0.0],[-159.412742,56.210913,0.0],[-159.413261,56.210856,0.0],[-159.413988,56.210422,0.0],[-159.414144,56.21022,0.0],[-159.414586,56.210134,0.0],[-159.414975,56.210221,0.0],[-159.415234,56.21051,0.0],[-159.415674,56.210742,0.0],[-159.416037,56.210785,0.0],[-159.416167,56.210583,0.0]],[[-159.419819,56.20136,0.0],[-159.420753,56.201115,0.0],[-159.421765,56.200899,0.0],[-159.422699,56.200784,0.0],[-159.423477,56.200741,0.0],[-159.42397,56.200741,0.0],[-159.424826,56.200901,0.0],[-159.425656,56.200944,0.0],[-159.426097,56.200887,0.0],[-159.426356,56.2008,0.0],[-159.426331,56.200569,0.0],[-159.426202,56.200309,0.0],[-159.425787,56.199918,0.0],[-159.425165,56.199614,0.0],[-159.424517,56.199454,0.0],[-159.424025,56.199483,0.0],[-159.420652,56.199987,0.0],[-159.420003,56.200102,0.0],[-159.418368,56.200636,0.0],[-159.417874,56.200896,0.0],[-159.417614,56.201185,0.0],[-159.417744,56.201402,0.0],[-159.418003,56.201561,0.0],[-159.418288,56.201591,0.0],[-159.41904,56.201533,0.0],[-159.419819,56.20136,0.0]],[[-159.408294,56.215696,0.0],[-159.407257,56.215247,0.0],[-159.405935,56.21448,0.0],[-159.404691,56.213915,0.0],[-159.404173,56.213813,0.0],[-159.403991,56.213856,0.0],[-159.403757,56.214102,0.0],[-159.403626,56.214406,0.0],[-159.403625,56.214767,0.0],[-159.403781,56.21497,0.0],[-159.405854,56.216128,0.0],[-159.407902,56.217055,0.0],[-159.408394,56.217214,0.0],[-159.409017,56.2172,0.0],[-159.409484,56.217085,0.0],[-159.409926,56.216839,0.0],[-159.41016,56.216594,0.0],[-159.410057,56.216333,0.0],[-159.409902,56.216218,0.0],[-159.409201,56.216044,0.0],[-159.408294,56.215696,0.0]],[[-159.410579,56.215134,0.0],[-159.410994,56.215177,0.0],[-159.411643,56.215033,0.0],[-159.412188,56.214976,0.0],[-159.412992,56.215049,0.0],[-159.413589,56.215208,0.0],[-159.414107,56.215252,0.0],[-159.414419,56.215006,0.0],[-159.414888,56.214226,0.0],[-159.415071,56.213763,0.0],[-159.415045,56.21359,0.0],[-159.41476,56.213459,0.0],[-159.413566,56.213516,0.0],[-159.412579,56.213978,0.0],[-159.411982,56.21418,0.0],[-159.411489,56.214194,0.0],[-159.411204,56.214107,0.0],[-159.411049,56.213847,0.0],[-159.410738,56.213543,0.0],[-159.409675,56.213123,0.0],[-159.408845,56.212935,0.0],[-159.408586,56.212934,0.0],[-159.408326,56.213079,0.0],[-159.408403,56.213325,0.0],[-159.408843,56.213874,0.0],[-159.409542,56.214555,0.0],[-159.410579,56.215134,0.0]],[[-159.458884,56.199933,0.0],[-159.457717,56.199803,0.0],[-159.456758,56.199687,0.0],[-159.455072,56.199411,0.0],[-159.453464,56.199237,0.0],[-159.452738,56.199121,0.0],[-159.452089,56.19915,0.0],[-159.451908,56.199294,0.0],[-159.451959,56.199497,0.0],[-159.45227,56.199642,0.0],[-159.454008,56.200249,0.0],[-159.455486,56.200713,0.0],[-159.45603,56.200814,0.0],[-159.457742,56.200815,0.0],[-159.458728,56.200757,0.0],[-159.459117,56.200656,0.0],[-159.459273,56.200454,0.0],[-159.459273,56.200237,0.0],[-159.459144,56.200078,0.0],[-159.458884,56.199933,0.0]],[[-159.422252,56.190879,0.0],[-159.421941,56.190864,0.0],[-159.421837,56.190922,0.0],[-159.421681,56.191182,0.0],[-159.421706,56.19163,0.0],[-159.421938,56.192209,0.0],[-159.422352,56.192672,0.0],[-159.422741,56.192788,0.0],[-159.423259,56.192788,0.0],[-159.423467,56.192687,0.0],[-159.423649,56.192499,0.0],[-159.423727,56.192282,0.0],[-159.423598,56.192036,0.0],[-159.422718,56.191154,0.0],[-159.422485,56.190966,0.0],[-159.422252,56.190879,0.0]],[[-159.349306,56.210751,0.0],[-159.349046,56.210722,0.0],[-159.348761,56.210794,0.0],[-159.348656,56.210924,0.0],[-159.348889,56.211243,0.0],[-159.348862,56.211431,0.0],[-159.348758,56.211546,0.0],[-159.348472,56.211748,0.0],[-159.348341,56.211965,0.0],[-159.348417,56.212384,0.0],[-159.348521,56.212471,0.0],[-159.348754,56.212515,0.0],[-159.34891,56.212414,0.0],[-159.348912,56.211966,0.0],[-159.34899,56.211807,0.0],[-159.349146,56.211691,0.0],[-159.34951,56.211576,0.0],[-159.349796,56.211446,0.0],[-159.349797,56.211085,0.0],[-159.34959,56.210896,0.0],[-159.349306,56.210751,0.0]],[[-159.46262,56.199602,0.0],[-159.463346,56.199602,0.0],[-159.463917,56.199515,0.0],[-159.46402,56.199327,0.0],[-159.463969,56.199241,0.0],[-159.463839,56.199154,0.0],[-159.462646,56.199124,0.0],[-159.462024,56.198951,0.0],[-159.461635,56.198792,0.0],[-159.461453,56.198806,0.0],[-159.461349,56.198864,0.0],[-159.461297,56.199023,0.0],[-159.461557,56.199283,0.0],[-159.462127,56.199558,0.0],[-159.46262,56.199602,0.0]]]}},{"type":"Feature","properties":{"rgi_id":"RGI2000-v7.0-G-01-06837","o1region":"01"},"geometry":{"type":"Polygon","coordinates":[[[-159.456143,56.226555,0.0],[-159.452682,56.225407,0.0],[-159.452862,56.225307,0.0],[-159.453953,56.225119,0.0],[-159.454031,56.225047,0.0],[-159.454005,56.224946,0.0],[-159.453745,56.224844,0.0],[-159.452163,56.224511,0.0],[-159.450891,56.224207,0.0],[-159.450658,56.224063,0.0],[-159.450554,56.223903,0.0],[-159.450632,56.223701,0.0],[-159.451619,56.223166,0.0],[-159.452242,56.222993,0.0],[-159.453229,56.222892,0.0],[-159.454189,56.222893,0.0],[-159.455305,56.22298,0.0],[-159.45694,56.222966,0.0],[-159.457511,56.222981,0.0],[-159.458211,56.223111,0.0],[-159.45899,56.223458,0.0],[-159.45969,56.22369,0.0],[-159.46091,56.22382,0.0],[-159.461455,56.223849,0.0],[-159.461662,56.223922,0.0],[-159.461662,56.224023,0.0],[-159.461533,56.224168,0.0],[-159.461247,56.224341,0.0],[-159.46026,56.224659,0.0],[-159.459585,56.224977,0.0],[-159.459377,56.225136,0.0],[-159.459118,56.225266,0.0],[-159.459117,56.225483,0.0],[-159.459273,56.225598,0.0],[-159.459584,56.225656,0.0],[-159.459974,56.225642,0.0],[-159.460389,56.225555,0.0],[-159.461739,56.224789,0.0],[-159.462311,56.224602,0.0],[-159.463219,56.224486,0.0],[-159.46366,56.224515,0.0],[-159.464283,56.224631,0.0],[-159.464776,56.224776,0.0],[-159.464854,56.22492,0.0],[-159.464854,56.225065,0.0],[-159.464672,56.225238,0.0],[-159.464101,56.225441,0.0],[-159.462102,56.225758,0.0],[-159.461375,56.226062,0.0],[-159.460674,56.226437,0.0],[-159.460388,56.226538,0.0],[-159.459973,56.226538,0.0],[-159.459506,56.226379,0.0],[-159.458649,56.226148,0.0],[-159.457871,56.225974,0.0],[-159.45743,56.226003,0.0],[-159.45717,56.226089,0.0],[-159.456754,56.226306,0.0],[-159.456143,56.226555,0.0]]]}},{"type":"Feature","properties":{"rgi_id":"RGI2000-v7.0-G-01-06838","o1region":"01"},"geometry":{"type":"Polygon","coordinates":[[[-159.452682,56.225407,0.0],[-159.456143,56.226555,0.0],[-159.456079,56.22658,0.0],[-159.455301,56.226783,0.0],[-159.454833,56.226999,0.0],[-159.454729,56.227144,0.0],[-159.454962,56.227332,0.0],[-159.455352,56.227549,0.0],[-159.455481,56.227809,0.0],[-159.45504,56.22791,0.0],[-159.45465,56.227925,0.0],[-159.454131,56.228011,0.0],[-159.453767,56.228156,0.0],[-159.453663,56.228373,0.0],[-159.453793,56.228633,0.0],[-159.454,56.228806,0.0],[-159.454571,56.228951,0.0],[-159.454909,56.228995,0.0],[-159.455454,56.229024,0.0],[-159.455713,56.228923,0.0],[-159.456155,56.228663,0.0],[-159.456441,56.228402,0.0],[-159.456623,56.22833,0.0],[-159.456986,56.228301,0.0],[-159.457505,56.228374,0.0],[-159.458491,56.228692,0.0],[-159.458725,56.228678,0.0],[-159.459062,56.22862,0.0],[-159.459478,56.22862,0.0],[-159.459763,56.228678,0.0],[-159.460152,56.228852,0.0],[-159.460515,56.229127,0.0],[-159.460827,56.229257,0.0],[-159.461138,56.229271,0.0],[-159.462229,56.228838,0.0],[-159.463475,56.228448,0.0],[-159.464955,56.22774,0.0],[-159.465553,56.227552,0.0],[-159.467136,56.227437,0.0],[-159.467551,56.227292,0.0],[-159.468798,56.22657,0.0],[-159.469317,56.22644,0.0],[-159.469992,56.226382,0.0],[-159.471108,56.226368,0.0],[-159.471394,56.226238,0.0],[-159.472017,56.225862,0.0],[-159.472848,56.225718,0.0],[-159.473315,56.225544,0.0],[-159.473497,56.22511,0.0],[-159.473912,56.224706,0.0],[-159.474198,56.224691,0.0],[-159.475158,56.22485,0.0],[-159.475807,56.225096,0.0],[-159.476897,56.225834,0.0],[-159.477623,56.225979,0.0],[-159.478506,56.22608,0.0],[-159.479025,56.226066,0.0],[-159.479933,56.225646,0.0],[-159.480582,56.225647,0.0],[-159.481958,56.225488,0.0],[-159.482062,56.22543,0.0],[-159.48214,56.225227,0.0],[-159.48201,56.224909,0.0],[-159.481569,56.22462,0.0],[-159.480323,56.223998,0.0],[-159.479727,56.223622,0.0],[-159.479364,56.223318,0.0],[-159.479234,56.223159,0.0],[-159.479286,56.222899,0.0],[-159.479468,56.222755,0.0],[-159.480065,56.222567,0.0],[-159.480765,56.222538,0.0],[-159.481622,56.222683,0.0],[-159.482686,56.223044,0.0],[-159.48362,56.223608,0.0],[-159.484217,56.223767,0.0],[-159.484917,56.223854,0.0],[-159.485592,56.224028,0.0],[-159.48593,56.224144,0.0],[-159.485981,56.224274,0.0],[-159.4858,56.22436,0.0],[-159.485618,56.224404,0.0],[-159.485151,56.224418,0.0],[-159.484995,56.224462,0.0],[-159.484917,56.224563,0.0],[-159.485021,56.224649,0.0],[-159.485384,56.224838,0.0],[-159.486838,56.225098,0.0],[-159.487169,56.225174,0.0],[-159.485221,56.226153,0.0],[-159.482986,56.226684,0.0],[-159.482815,56.227264,0.0],[-159.482964,56.227592,0.0],[-159.482424,56.227714,0.0],[-159.481671,56.22783,0.0],[-159.481386,56.227902,0.0],[-159.481048,56.228119,0.0],[-159.481048,56.228235,0.0],[-159.481204,56.228524,0.0],[-159.481541,56.228654,0.0],[-159.481905,56.228886,0.0],[-159.48232,56.229406,0.0],[-159.482605,56.229667,0.0],[-159.482932,56.229747,0.0],[-159.483301,56.230527,0.0],[-159.482002,56.231301,0.0],[-159.480256,56.231667,0.0],[-159.478371,56.231968,0.0],[-159.478967,56.232512,0.0],[-159.480789,56.232945,0.0],[-159.480397,56.233064,0.0],[-159.479047,56.233382,0.0],[-159.478034,56.233483,0.0],[-159.477671,56.233671,0.0],[-159.477515,56.233801,0.0],[-159.477593,56.233975,0.0],[-159.477774,56.234105,0.0],[-159.478424,56.234278,0.0],[-159.479981,56.234452,0.0],[-159.48063,56.234626,0.0],[-159.481357,56.235016,0.0],[-159.481928,56.235392,0.0],[-159.48281,56.235797,0.0],[-159.483589,56.235956,0.0],[-159.484602,56.236144,0.0],[-159.485796,56.23626,0.0],[-159.487354,56.235913,0.0],[-159.489976,56.236073,0.0],[-159.490495,56.236145,0.0],[-159.490962,56.236391,0.0],[-159.491118,56.236622,0.0],[-159.491014,56.236781,0.0],[-159.490573,56.237013,0.0],[-159.489664,56.237215,0.0],[-159.488366,56.237432,0.0],[-159.487613,56.237634,0.0],[-159.485977,56.237721,0.0],[-159.485847,56.237778,0.0],[-159.485847,56.237809,0.0],[-159.484763,56.237745,0.0],[-159.484532,56.237752,0.0],[-159.484341,56.23772,0.0],[-159.483848,56.23772,0.0],[-159.483622,56.237778,0.0],[-159.480664,56.237862,0.0],[-159.477662,56.237571,0.0],[-159.470785,56.237173,0.0],[-159.464708,56.236094,0.0],[-159.458591,56.233874,0.0],[-159.456389,56.232904,0.0],[-159.451643,56.232121,0.0],[-159.451088,56.232717,0.0],[-159.451513,56.233201,0.0],[-159.451088,56.233158,0.0],[-159.449401,56.232781,0.0],[-159.447325,56.232173,0.0],[-159.44665,56.231927,0.0],[-159.446131,56.231811,0.0],[-159.445586,56.231811,0.0],[-159.44543,56.231883,0.0],[-159.445352,56.231955,0.0],[-159.445261,56.231987,0.0],[-159.445028,56.231746,0.0],[-159.444783,56.231514,0.0],[-159.444648,56.231367,0.0],[-159.444394,56.231062,0.0],[-159.444261,56.230914,0.0],[-159.444112,56.230777,0.0],[-159.443972,56.230672,0.0],[-159.443676,56.230474,0.0],[-159.443522,56.230379,0.0],[-159.442865,56.230024,0.0],[-159.442523,56.229856,0.0],[-159.441853,56.22951,0.0],[-159.441373,56.229237,0.0],[-159.441217,56.229143,0.0],[-159.440646,56.228733,0.0],[-159.440013,56.228363,0.0],[-159.439342,56.228018,0.0],[-159.438651,56.227686,0.0],[-159.437936,56.22737,0.0],[-159.437748,56.227297,0.0],[-159.437363,56.227157,0.0],[-159.437164,56.227091,0.0],[-159.436878,56.227017,0.0],[-159.436043,56.226845,0.0],[-159.435808,56.226803,0.0],[-159.435454,56.22676,0.0],[-159.435073,56.226735,0.0],[-159.433667,56.226679,0.0],[-159.433156,56.226648,0.0],[-159.432671,56.226605,0.0],[-159.432237,56.226547,0.0],[-159.431879,56.226471,0.0],[-159.431718,56.226414,0.0],[-159.431993,56.226382,0.0],[-159.43246,56.226122,0.0],[-159.43311,56.225645,0.0],[-159.433785,56.225212,0.0],[-159.434435,56.225038,0.0],[-159.43497,56.224955,0.0],[-159.435084,56.224938,0.0],[-159.440197,56.224998,0.0],[-159.440768,56.224955,0.0],[-159.441235,56.224709,0.0],[-159.441651,56.224579,0.0],[-159.4423,56.224608,0.0],[-159.442533,56.224797,0.0],[-159.442714,56.225202,0.0],[-159.442895,56.225476,0.0],[-159.443181,56.225636,0.0],[-159.4444,56.225766,0.0],[-159.444945,56.225853,0.0],[-159.446009,56.226157,0.0],[-159.446502,56.226432,0.0],[-159.446995,56.22649,0.0],[-159.447254,56.226418,0.0],[-159.44754,56.226259,0.0],[-159.448683,56.225869,0.0],[-159.449332,56.225783,0.0],[-159.449773,56.225841,0.0],[-159.450785,56.226087,0.0],[-159.452083,56.226275,0.0],[-159.452758,56.226102,0.0],[-159.452784,56.225958,0.0],[-159.452654,56.225813,0.0],[-159.452525,56.225567,0.0],[-159.452629,56.225437,0.0],[-159.452682,56.225407,0.0]],[[-159.47985,56.235927,0.0],[-159.478838,56.2361,0.0],[-159.478033,56.236144,0.0],[-159.476865,56.236129,0.0],[-159.476294,56.236187,0.0],[-159.475956,56.236331,0.0],[-159.475722,56.23649,0.0],[-159.475696,56.236707,0.0],[-159.4758,56.236808,0.0],[-159.47606,56.236866,0.0],[-159.476864,56.236924,0.0],[-159.477903,56.236939,0.0],[-159.479539,56.236838,0.0],[-159.479954,56.236838,0.0],[-159.480499,56.236939,0.0],[-159.481096,56.237243,0.0],[-159.481356,56.237301,0.0],[-159.481693,56.237286,0.0],[-159.48229,56.237098,0.0],[-159.482654,56.237099,0.0],[-159.482965,56.237214,0.0],[-159.483121,56.237229,0.0],[-159.483511,56.237214,0.0],[-159.483615,56.23707,0.0],[-159.483511,56.236925,0.0],[-159.482602,56.236231,0.0],[-159.482317,56.236072,0.0],[-159.481512,56.235985,0.0],[-159.480448,56.235913,0.0],[-159.47985,56.235927,0.0]],[[-159.445485,56.229859,0.0],[-159.445848,56.229888,0.0],[-159.44616,56.22983,0.0],[-159.446601,56.229541,0.0],[-159.446602,56.229396,0.0],[-159.446498,56.229252,0.0],[-159.446265,56.229035,0.0],[-159.445979,56.228962,0.0],[-159.445823,56.228962,0.0],[-159.445434,56.229121,0.0],[-159.445304,56.229121,0.0],[-159.445071,56.228962,0.0],[-159.444733,56.228832,0.0],[-159.444526,56.228817,0.0],[-159.444318,56.228889,0.0],[-159.444136,56.229164,0.0],[-159.444733,56.229424,0.0],[-159.444914,56.229598,0.0],[-159.445199,56.229786,0.0],[-159.445485,56.229859,0.0]]]}},{"type":"Feature","properties":{"rgi_id":"RGI2000-v7.0-G-01-06839","o1region":"01"},"geometry":{"type":"Polygon","coordinates":[[[-159.422914,56.237201,0.0],[-159.422416,56.236742,0.0],[-159.422145,56.236527,0.0],[-159.421799,56.236229,0.0],[-159.421615,56.236088,0.0],[-159.421464,56.23599,0.0],[-159.420991,56.23571,0.0],[-159.420316,56.235366,0.0],[-159.419967,56.235202,0.0],[-159.419627,56.235034,0.0],[-159.419281,56.234874,0.0],[-159.419116,56.23479,0.0],[-159.418782,56.2346,0.0],[-159.41862,56.234491,0.0],[-159.418475,56.23437,0.0],[-159.418349,56.234244,0.0],[-159.418241,56.234117,0.0],[-159.418163,56.233988,0.0],[-159.418121,56.233856,0.0],[-159.41812,56.233848,0.0],[-159.418246,56.233892,0.0],[-159.418713,56.233951,0.0],[-159.419308,56.233886,0.0],[-159.419908,56.233821,0.0],[-159.420973,56.233518,0.0],[-159.421544,56.233533,0.0],[-159.422089,56.233606,0.0],[-159.422452,56.233852,0.0],[-159.422529,56.234025,0.0],[-159.422451,56.23417,0.0],[-159.422088,56.234242,0.0],[-159.421361,56.234227,0.0],[-159.420971,56.234285,0.0],[-159.420789,56.234357,0.0],[-159.420919,56.234574,0.0],[-159.421048,56.234617,0.0],[-159.422788,56.234734,0.0],[-159.423722,56.234908,0.0],[-159.424552,56.235183,0.0],[-159.427121,56.235691,0.0],[-159.42764,56.23611,0.0],[-159.427821,56.236414,0.0],[-159.427586,56.237325,0.0],[-159.428597,56.23789,0.0],[-159.428831,56.238092,0.0],[-159.429063,56.238613,0.0],[-159.429245,56.238801,0.0],[-159.42953,56.238873,0.0],[-159.430024,56.238888,0.0],[-159.430932,56.239091,0.0],[-159.431347,56.239395,0.0],[-159.431709,56.240031,0.0],[-159.432332,56.240321,0.0],[-159.432695,56.240393,0.0],[-159.433137,56.240437,0.0],[-159.433474,56.240321,0.0],[-159.433916,56.240003,0.0],[-159.434332,56.23983,0.0],[-159.434929,56.239686,0.0],[-159.43506,56.239527,0.0],[-159.43506,56.239122,0.0],[-159.434957,56.238948,0.0],[-159.434619,56.238818,0.0],[-159.434152,56.238774,0.0],[-159.433009,56.238817,0.0],[-159.431893,56.238759,0.0],[-159.431192,56.238571,0.0],[-159.430518,56.23831,0.0],[-159.42974,56.237876,0.0],[-159.429377,56.237413,0.0],[-159.429352,56.237037,0.0],[-159.429612,56.236704,0.0],[-159.429716,56.236473,0.0],[-159.429665,56.236242,0.0],[-159.429406,56.235808,0.0],[-159.428758,56.235388,0.0],[-159.427824,56.235041,0.0],[-159.426422,56.234751,0.0],[-159.424969,56.234244,0.0],[-159.424166,56.233708,0.0],[-159.422792,56.232478,0.0],[-159.422455,56.232276,0.0],[-159.421417,56.232087,0.0],[-159.419807,56.232187,0.0],[-159.419262,56.232144,0.0],[-159.419164,56.232109,0.0],[-159.418692,56.231941,0.0],[-159.418172,56.231911,0.0],[-159.418151,56.231913,0.0],[-159.418135,56.23187,0.0],[-159.41806,56.231625,0.0],[-159.417998,56.231385,0.0],[-159.417951,56.231165,0.0],[-159.417916,56.230952,0.0],[-159.417892,56.230743,0.0],[-159.417881,56.23054,0.0],[-159.417883,56.230348,0.0],[-159.4179,56.23017,0.0],[-159.41794,56.229929,0.0],[-159.41794,56.229812,0.0],[-159.417921,56.229698,0.0],[-159.417853,56.229475,0.0],[-159.417826,56.229316,0.0],[-159.417826,56.22915,0.0],[-159.417857,56.228983,0.0],[-159.41813,56.228255,0.0],[-159.418173,56.228162,0.0],[-159.41909,56.22769,0.0],[-159.419661,56.227517,0.0],[-159.420414,56.227243,0.0],[-159.421219,56.227099,0.0],[-159.421712,56.227128,0.0],[-159.421894,56.227244,0.0],[-159.42192,56.227374,0.0],[-159.421582,56.227663,0.0],[-159.421555,56.227807,0.0],[-159.421711,56.227938,0.0],[-159.421944,56.227995,0.0],[-159.422749,56.227837,0.0],[-159.423139,56.227794,0.0],[-159.424021,56.227809,0.0],[-159.424229,56.227751,0.0],[-159.424619,56.22752,0.0],[-159.425294,56.227246,0.0],[-159.426281,56.22713,0.0],[-159.428098,56.227016,0.0],[-159.428851,56.22706,0.0],[-159.429188,56.226988,0.0],[-159.42937,56.226872,0.0],[-159.429422,56.226756,0.0],[-159.429293,56.226626,0.0],[-159.429111,56.226525,0.0],[-159.426957,56.226422,0.0],[-159.425841,56.226407,0.0],[-159.425185,56.226413,0.0],[-159.426176,56.226361,0.0],[-159.431085,56.226155,0.0],[-159.431084,56.226352,0.0],[-159.431292,56.22641,0.0],[-159.431629,56.226425,0.0],[-159.431718,56.226414,0.0],[-159.431879,56.226471,0.0],[-159.432237,56.226547,0.0],[-159.432671,56.226605,0.0],[-159.433156,56.226648,0.0],[-159.433667,56.226679,0.0],[-159.435073,56.226735,0.0],[-159.435454,56.22676,0.0],[-159.435808,56.226803,0.0],[-159.436043,56.226845,0.0],[-159.436878,56.227017,0.0],[-159.437164,56.227091,0.0],[-159.437363,56.227157,0.0],[-159.437748,56.227297,0.0],[-159.437936,56.22737,0.0],[-159.438651,56.227686,0.0],[-159.439342,56.228018,0.0],[-159.440013,56.228363,0.0],[-159.440646,56.228733,0.0],[-159.441217,56.229143,0.0],[-159.441373,56.229237,0.0],[-159.441853,56.22951,0.0],[-159.442523,56.229856,0.0],[-159.442865,56.230024,0.0],[-159.443522,56.230379,0.0],[-159.443676,56.230474,0.0],[-159.443972,56.230672,0.0],[-159.444112,56.230777,0.0],[-159.444261,56.230914,0.0],[-159.444394,56.231062,0.0],[-159.444648,56.231367,0.0],[-159.444783,56.231514,0.0],[-159.445028,56.231746,0.0],[-159.445261,56.231987,0.0],[-159.444098,56.232403,0.0],[-159.444182,56.23297,0.0],[-159.445981,56.234697,0.0],[-159.448505,56.235534,0.0],[-159.451315,56.235977,0.0],[-159.455756,56.237013,0.0],[-159.457926,56.23777,0.0],[-159.459245,56.238567,0.0],[-159.46438,56.240808,0.0],[-159.468239,56.242536,0.0],[-159.469685,56.244184,0.0],[-159.469844,56.244755,0.0],[-159.471146,56.24623,0.0],[-159.472507,56.247311,0.0],[-159.474238,56.248565,0.0],[-159.479205,56.250813,0.0],[-159.480765,56.252074,0.0],[-159.482127,56.253155,0.0],[-159.483091,56.255015,0.0],[-159.482905,56.256071,0.0],[-159.482435,56.25645,0.0],[-159.483258,56.256989,0.0],[-159.484833,56.258345,0.0],[-159.48398,56.259527,0.0],[-159.479306,56.260408,0.0],[-159.476976,56.260896,0.0],[-159.474835,56.260937,0.0],[-159.472177,56.259734,0.0],[-159.470623,56.258806,0.0],[-159.468388,56.257623,0.0],[-159.465652,56.256534,0.0],[-159.46433,56.255376,0.0],[-159.464232,56.254713,0.0],[-159.463611,56.253999,0.0],[-159.459685,56.252521,0.0],[-159.457744,56.251924,0.0],[-159.45581,56.251384,0.0],[-159.453767,56.250792,0.0],[-159.451493,56.250039,0.0],[-159.449391,56.249049,0.0],[-159.447756,56.248438,0.0],[-159.445943,56.248007,0.0],[-159.444537,56.248242,0.0],[-159.443547,56.248847,0.0],[-159.443511,56.248843,0.0],[-159.442965,56.248842,0.0],[-159.442628,56.248871,0.0],[-159.442446,56.248987,0.0],[-159.442244,56.249261,0.0],[-159.441933,56.249195,0.0],[-159.441606,56.249147,0.0],[-159.440931,56.249067,0.0],[-159.440605,56.249018,0.0],[-159.440302,56.248955,0.0],[-159.440093,56.248896,0.0],[-159.439701,56.24876,0.0],[-159.439514,56.248686,0.0],[-159.439339,56.248605,0.0],[-159.439004,56.248432,0.0],[-159.438844,56.248341,0.0],[-159.438649,56.248207,0.0],[-159.438276,56.247928,0.0],[-159.437974,56.247734,0.0],[-159.437381,56.247338,0.0],[-159.436839,56.246908,0.0],[-159.435961,56.246306,0.0],[-159.435784,56.246161,0.0],[-159.435441,56.245863,0.0],[-159.435165,56.245651,0.0],[-159.434815,56.245357,0.0],[-159.434631,56.245217,0.0],[-159.434479,56.24512,0.0],[-159.434166,56.244932,0.0],[-159.434006,56.244841,0.0],[-159.433333,56.244497,0.0],[-159.432984,56.244334,0.0],[-159.43264,56.244167,0.0],[-159.432286,56.244006,0.0],[-159.43194,56.243841,0.0],[-159.431585,56.243681,0.0],[-159.431238,56.243516,0.0],[-159.430882,56.243357,0.0],[-159.430536,56.243191,0.0],[-159.430181,56.243032,0.0],[-159.429837,56.242865,0.0],[-159.429487,56.242702,0.0],[-159.428815,56.242357,0.0],[-159.428347,56.242075,0.0],[-159.4282,56.241976,0.0],[-159.428022,56.24183,0.0],[-159.427458,56.241285,0.0],[-159.42732,56.241114,0.0],[-159.427197,56.240933,0.0],[-159.426965,56.240562,0.0],[-159.426838,56.240384,0.0],[-159.426691,56.240218,0.0],[-159.426565,56.240105,0.0],[-159.426163,56.23978,0.0],[-159.425882,56.239572,0.0],[-159.42537,56.239123,0.0],[-159.425096,56.23891,0.0],[-159.424752,56.238612,0.0],[-159.424573,56.238468,0.0],[-159.4237,56.237863,0.0],[-159.423523,56.237718,0.0],[-159.423183,56.237417,0.0],[-159.422914,56.237201,0.0]],[[-159.43832,56.246425,0.0],[-159.438736,56.246469,0.0],[-159.438918,56.246426,0.0],[-159.438944,56.246281,0.0],[-159.438685,56.245992,0.0],[-159.437569,56.245456,0.0],[-159.437232,56.245066,0.0],[-159.436661,56.244719,0.0],[-159.435545,56.244241,0.0],[-159.435182,56.244139,0.0],[-159.434922,56.244168,0.0],[-159.434662,56.244284,0.0],[-159.434532,56.244428,0.0],[-159.434584,56.244645,0.0],[-159.434687,56.244819,0.0],[-159.435751,56.245267,0.0],[-159.436634,56.24547,0.0],[-159.437231,56.245745,0.0],[-159.43832,56.246425,0.0]],[[-159.451549,56.237944,0.0],[-159.450952,56.237915,0.0],[-159.45077,56.237958,0.0],[-159.450666,56.238392,0.0],[-159.450743,56.238609,0.0],[-159.450639,56.238768,0.0],[-159.450665,56.238869,0.0],[-159.450899,56.238927,0.0],[-159.451859,56.239043,0.0],[-159.452197,56.239043,0.0],[-159.452353,56.238956,0.0],[-159.452379,56.238797,0.0],[-159.452328,56.238103,0.0],[-159.452068,56.238016,0.0],[-159.451549,56.237944,0.0]],[[-159.434118,56.243647,0.0],[-159.434585,56.243807,0.0],[-159.434819,56.243778,0.0],[-159.434767,56.243489,0.0],[-159.433548,56.242823,0.0],[-159.433236,56.242779,0.0],[-159.433184,56.242837,0.0],[-159.433391,56.243256,0.0],[-159.434118,56.243647,0.0]],[[-159.42163,56.229325,0.0],[-159.4215,56.229297,0.0],[-159.421137,56.229325,0.0],[-159.419813,56.229628,0.0],[-159.419812,56.229744,0.0],[-159.419942,56.229802,0.0],[-159.420331,56.229831,0.0],[-159.42104,56.229763,0.0],[-159.421084,56.229759,0.0],[-159.421552,56.229658,0.0],[-159.42176,56.229528,0.0],[-159.42177,56.229492,0.0],[-159.421786,56.229441,0.0],[-159.42163,56.229325,0.0]]]}},{"type":"Feature","properties":{"rgi_id":"RGI2000-v7.0-G-01-06840","o1region":"01"},"geometry":{"type":"Polygon","coordinates":[[[-159.40592,56.241145,0.0],[-159.405832,56.241058,0.0],[-159.405523,56.240738,0.0],[-159.40528,56.240505,0.0],[-159.405148,56.240356,0.0],[-159.404787,56.239887,0.0],[-159.404655,56.239738,0.0],[-159.404413,56.239504,0.0],[-159.403948,56.239024,0.0],[-159.403694,56.238799,0.0],[-159.403537,56.23864,0.0],[-159.403235,56.238315,0.0],[-159.402999,56.238078,0.0],[-159.402861,56.237905,0.0],[-159.40257,56.23748,0.0],[-159.402403,56.237248,0.0],[-159.402217,56.237022,0.0],[-159.402011,56.236815,0.0],[-159.401847,56.236677,0.0],[-159.401538,56.236443,0.0],[-159.401205,56.236213,0.0],[-159.401195,56.236204,0.0],[-159.401458,56.236142,0.0],[-159.402181,56.235971,0.0],[-159.40379,56.235541,0.0],[-159.405017,56.235442,0.0],[-159.405824,56.235377,0.0],[-159.408113,56.235202,0.0],[-159.410009,56.234973,0.0],[-159.41199,56.234455,0.0],[-159.412278,56.234328,0.0],[-159.412434,56.234287,0.0],[-159.4133,56.234096,0.0],[-159.413577,56.234027,0.0],[-159.41401,56.233898,0.0],[-159.414287,56.233829,0.0],[-159.414578,56.233767,0.0],[-159.415241,56.233638,0.0],[-159.41626,56.233421,0.0],[-159.416647,56.233357,0.0],[-159.417034,56.233307,0.0],[-159.417398,56.233269,0.0],[-159.417879,56.233234,0.0],[-159.417831,56.23356,0.0],[-159.417961,56.233791,0.0],[-159.41812,56.233848,0.0],[-159.418121,56.233856,0.0],[-159.418163,56.233988,0.0],[-159.418241,56.234117,0.0],[-159.418349,56.234244,0.0],[-159.418475,56.23437,0.0],[-159.41862,56.234491,0.0],[-159.418782,56.2346,0.0],[-159.419116,56.23479,0.0],[-159.419281,56.234874,0.0],[-159.419627,56.235034,0.0],[-159.419967,56.235202,0.0],[-159.420316,56.235366,0.0],[-159.420991,56.23571,0.0],[-159.421464,56.23599,0.0],[-159.421615,56.236088,0.0],[-159.421799,56.236229,0.0],[-159.422145,56.236527,0.0],[-159.422416,56.236742,0.0],[-159.422914,56.237201,0.0],[-159.423452,56.238362,0.0],[-159.424076,56.239174,0.0],[-159.423947,56.239232,0.0],[-159.423895,56.239376,0.0],[-159.424154,56.239752,0.0],[-159.425321,56.240519,0.0],[-159.426228,56.241315,0.0],[-159.42652,56.241626,0.0],[-159.426798,56.241923,0.0],[-159.427005,56.242356,0.0],[-159.42703,56.242704,0.0],[-159.426926,56.242993,0.0],[-159.426692,56.243152,0.0],[-159.42638,56.243195,0.0],[-159.426043,56.243151,0.0],[-159.424123,56.242123,0.0],[-159.423682,56.242036,0.0],[-159.423163,56.241978,0.0],[-159.422436,56.242021,0.0],[-159.421916,56.242151,0.0],[-159.421786,56.242267,0.0],[-159.421708,56.242469,0.0],[-159.421707,56.242874,0.0],[-159.421862,56.243206,0.0],[-159.422096,56.243293,0.0],[-159.422692,56.243858,0.0],[-159.423288,56.244089,0.0],[-159.425028,56.244524,0.0],[-159.425962,56.244814,0.0],[-159.426766,56.245219,0.0],[-159.427233,56.245407,0.0],[-159.4277,56.245523,0.0],[-159.428298,56.245553,0.0],[-159.428687,56.245538,0.0],[-159.429129,56.245597,0.0],[-159.429881,56.246074,0.0],[-159.430296,56.246277,0.0],[-159.430789,56.246422,0.0],[-159.432347,56.246639,0.0],[-159.432918,56.246799,0.0],[-159.433644,56.247218,0.0],[-159.434293,56.247855,0.0],[-159.435148,56.248911,0.0],[-159.436263,56.249866,0.0],[-159.436833,56.250285,0.0],[-159.436834,56.250285,0.0],[-159.437612,56.250835,0.0],[-159.438987,56.251674,0.0],[-159.439947,56.252137,0.0],[-159.44083,56.252427,0.0],[-159.441894,56.252717,0.0],[-159.442595,56.253006,0.0],[-159.445374,56.253701,0.0],[-159.446308,56.254078,0.0],[-159.446983,56.254497,0.0],[-159.447346,56.254787,0.0],[-159.447734,56.256117,0.0],[-159.447656,56.256363,0.0],[-159.44737,56.25658,0.0],[-159.446564,56.257042,0.0],[-159.446329,56.257403,0.0],[-159.446277,56.257736,0.0],[-159.446328,56.258126,0.0],[-159.446562,56.258531,0.0],[-159.44708,56.259009,0.0],[-159.447833,56.259284,0.0],[-159.448846,56.259573,0.0],[-159.449314,56.25979,0.0],[-159.449703,56.260224,0.0],[-159.450352,56.260687,0.0],[-159.450689,56.260875,0.0],[-159.451183,56.260962,0.0],[-159.451702,56.261382,0.0],[-159.452039,56.261874,0.0],[-159.452394,56.262171,0.0],[-159.452134,56.262504,0.0],[-159.450989,56.262735,0.0],[-159.449656,56.263153,0.0],[-159.448403,56.264103,0.0],[-159.448365,56.265295,0.0],[-159.447493,56.26593,0.0],[-159.444066,56.265967,0.0],[-159.441883,56.26571,0.0],[-159.438739,56.26621,0.0],[-159.437565,56.266978,0.0],[-159.436421,56.267249,0.0],[-159.435886,56.267218,0.0],[-159.434195,56.26739,0.0],[-159.433429,56.266854,0.0],[-159.431361,56.265816,0.0],[-159.4313,56.265753,0.0],[-159.431092,56.265681,0.0],[-159.43052,56.265738,0.0],[-159.429897,56.265666,0.0],[-159.42943,56.265434,0.0],[-159.42917,56.265145,0.0],[-159.42886,56.264335,0.0],[-159.428264,56.263424,0.0],[-159.427824,56.262643,0.0],[-159.427539,56.262079,0.0],[-159.427307,56.261428,0.0],[-159.426789,56.260589,0.0],[-159.426037,56.259591,0.0],[-159.425311,56.258896,0.0],[-159.424481,56.258202,0.0],[-159.424015,56.257681,0.0],[-159.423626,56.257044,0.0],[-159.422718,56.256335,0.0],[-159.421914,56.255814,0.0],[-159.419477,56.253572,0.0],[-159.41927,56.253282,0.0],[-159.419167,56.252834,0.0],[-159.41896,56.252559,0.0],[-159.41826,56.25198,0.0],[-159.417587,56.250852,0.0],[-159.416966,56.250288,0.0],[-159.416939,56.250288,0.0],[-159.41668,56.250115,0.0],[-159.415954,56.249565,0.0],[-159.415513,56.249286,0.0],[-159.415176,56.249073,0.0],[-159.414008,56.248653,0.0],[-159.413593,56.248363,0.0],[-159.41323,56.24803,0.0],[-159.412764,56.247336,0.0],[-159.412065,56.24667,0.0],[-159.411702,56.246381,0.0],[-159.411209,56.246106,0.0],[-159.410171,56.245599,0.0],[-159.409809,56.245223,0.0],[-159.409042,56.243999,0.0],[-159.408567,56.243241,0.0],[-159.40823,56.242951,0.0],[-159.407529,56.242633,0.0],[-159.407283,56.242432,0.0],[-159.407193,56.242358,0.0],[-159.407151,56.242299,0.0],[-159.40683,56.241837,0.0],[-159.406312,56.241403,0.0],[-159.406157,56.241215,0.0],[-159.40592,56.241145,0.0]],[[-159.416262,56.239241,0.0],[-159.415924,56.239226,0.0],[-159.415794,56.239342,0.0],[-159.415767,56.239776,0.0],[-159.415585,56.240137,0.0],[-159.415194,56.240657,0.0],[-159.415245,56.240932,0.0],[-159.41553,56.241164,0.0],[-159.415998,56.241309,0.0],[-159.416491,56.241396,0.0],[-159.41688,56.241381,0.0],[-159.417296,56.241324,0.0],[-159.417452,56.241179,0.0],[-159.417556,56.240919,0.0],[-159.417401,56.240601,0.0],[-159.417143,56.24008,0.0],[-159.416806,56.239661,0.0],[-159.416443,56.239342,0.0],[-159.416262,56.239241,0.0]],[[-159.423153,56.24714,0.0],[-159.423542,56.247126,0.0],[-159.424452,56.246967,0.0],[-159.424919,56.246693,0.0],[-159.424946,56.246404,0.0],[-159.424817,56.246201,0.0],[-159.424557,56.246086,0.0],[-159.424298,56.246042,0.0],[-159.423934,56.246042,0.0],[-159.422972,56.246518,0.0],[-159.422842,56.246677,0.0],[-159.42279,56.246894,0.0],[-159.422893,56.247068,0.0],[-159.423153,56.24714,0.0]],[[-159.411124,56.237575,0.0],[-159.410865,56.237546,0.0],[-159.410423,56.237777,0.0],[-159.410267,56.237979,0.0],[-159.410188,56.238196,0.0],[-159.410369,56.2385,0.0],[-159.410629,56.238558,0.0],[-159.411044,56.238457,0.0],[-159.411304,56.238327,0.0],[-159.411331,56.238038,0.0],[-159.411254,56.237647,0.0],[-159.411124,56.237575,0.0]],[[-159.419056,56.235845,0.0],[-159.418709,56.235845,0.0],[-159.418476,56.235917,0.0],[-159.418449,56.23609,0.0],[-159.418604,56.236322,0.0],[-159.419071,56.236481,0.0],[-159.419228,56.236475,0.0],[-159.419409,56.236467,0.0],[-159.419669,56.236337,0.0],[-159.419643,56.236163,0.0],[-159.41941,56.235946,0.0],[-159.419099,56.235845,0.0],[-159.419056,56.235845,0.0]]]}},{"type":"Feature","properties":{"rgi_id":"RGI2000-v7.0-G-01-06841","o1region":"01"},"geometry":{"type":"Polygon","coordinates":[[[-159.401195,56.236204,0.0],[-159.401205,56.236213,0.0],[-159.401538,56.236443,0.0],[-159.401847,56.236677,0.0],[-159.402011,56.236815,0.0],[-159.402217,56.237022,0.0],[-159.402403,56.237248,0.0],[-159.40257,56.23748,0.0],[-159.402861,56.237905,0.0],[-159.402999,56.238078,0.0],[-159.403235,56.238315,0.0],[-159.403537,56.23864,0.0],[-159.403694,56.238799,0.0],[-159.403948,56.239024,0.0],[-159.404413,56.239504,0.0],[-159.404655,56.239738,0.0],[-159.404787,56.239887,0.0],[-159.405148,56.240356,0.0],[-159.40528,56.240505,0.0],[-159.405523,56.240738,0.0],[-159.405832,56.241058,0.0],[-159.40592,56.241145,0.0],[-159.405715,56.241084,0.0],[-159.405326,56.241084,0.0],[-159.404936,56.241228,0.0],[-159.404806,56.241329,0.0],[-159.404598,56.241676,0.0],[-159.404598,56.241699,0.0],[-159.404597,56.242052,0.0],[-159.404674,56.242385,0.0],[-159.405528,56.243282,0.0],[-159.405891,56.243803,0.0],[-159.405967,56.244714,0.0],[-159.406251,56.245307,0.0],[-159.406639,56.245683,0.0],[-159.408842,56.247492,0.0],[-159.41014,56.248115,0.0],[-159.410814,56.248491,0.0],[-159.411151,56.248824,0.0],[-159.411695,56.249504,0.0],[-159.411951,56.25028,0.0],[-159.411975,56.25028,0.0],[-159.412078,56.250526,0.0],[-159.412441,56.250859,0.0],[-159.412622,56.251249,0.0],[-159.412543,56.251596,0.0],[-159.412179,56.251972,0.0],[-159.411944,56.252174,0.0],[-159.411295,56.252289,0.0],[-159.410568,56.252245,0.0],[-159.409996,56.252115,0.0],[-159.407765,56.251246,0.0],[-159.406701,56.250927,0.0],[-159.406233,56.250912,0.0],[-159.406025,56.251056,0.0],[-159.405921,56.251317,0.0],[-159.406307,56.252474,0.0],[-159.406177,56.252705,0.0],[-159.405942,56.252979,0.0],[-159.405396,56.253413,0.0],[-159.404927,56.254135,0.0],[-159.404665,56.254771,0.0],[-159.404768,56.255205,0.0],[-159.405312,56.255856,0.0],[-159.407178,56.257434,0.0],[-159.408307,56.258207,0.0],[-159.408833,56.259772,0.0],[-159.409102,56.260902,0.0],[-159.409209,56.262326,0.0],[-159.409094,56.263645,0.0],[-159.408791,56.265087,0.0],[-159.408728,56.266061,0.0],[-159.407678,56.266623,0.0],[-159.40547,56.267009,0.0],[-159.403117,56.267115,0.0],[-159.400758,56.266479,0.0],[-159.39899,56.264959,0.0],[-159.397496,56.263199,0.0],[-159.396528,56.262214,0.0],[-159.395747,56.261107,0.0],[-159.393759,56.259482,0.0],[-159.39206,56.257306,0.0],[-159.392242,56.257176,0.0],[-159.392165,56.256858,0.0],[-159.391596,56.256062,0.0],[-159.391104,56.255469,0.0],[-159.39095,56.255049,0.0],[-159.390977,56.254456,0.0],[-159.391213,56.253777,0.0],[-159.391344,56.253228,0.0],[-159.39119,56.252808,0.0],[-159.390516,56.252229,0.0],[-159.390309,56.251954,0.0],[-159.390336,56.251521,0.0],[-159.390234,56.251029,0.0],[-159.389871,56.250653,0.0],[-159.389639,56.250291,0.0],[-159.38964,56.250291,0.0],[-159.38941,56.249761,0.0],[-159.388996,56.249399,0.0],[-159.388529,56.249066,0.0],[-159.38718,56.248544,0.0],[-159.386299,56.248038,0.0],[-159.385419,56.247025,0.0],[-159.384953,56.246345,0.0],[-159.384358,56.245722,0.0],[-159.384073,56.245317,0.0],[-159.383894,56.244334,0.0],[-159.383429,56.243668,0.0],[-159.383198,56.242786,0.0],[-159.382552,56.241802,0.0],[-159.38245,56.241253,0.0],[-159.382428,56.241218,0.0],[-159.381829,56.240269,0.0],[-159.381727,56.239763,0.0],[-159.381754,56.239546,0.0],[-159.38204,56.239344,0.0],[-159.382079,56.239305,0.0],[-159.381708,56.239324,0.0],[-159.38184,56.238582,0.0],[-159.381849,56.238532,0.0],[-159.38216,56.238018,0.0],[-159.383268,56.237682,0.0],[-159.384472,56.237628,0.0],[-159.385895,56.237564,0.0],[-159.386079,56.237555,0.0],[-159.387304,56.237451,0.0],[-159.387858,56.237404,0.0],[-159.390575,56.236638,0.0],[-159.392823,56.23618,0.0],[-159.394654,56.236383,0.0],[-159.397378,56.236545,0.0],[-159.399944,56.2365,0.0],[-159.401195,56.236204,0.0]],[[-159.396187,56.240715,0.0],[-159.396134,56.240961,0.0],[-159.39616,56.241149,0.0],[-159.396445,56.241439,0.0],[-159.396911,56.241743,0.0],[-159.39717,56.242003,0.0],[-159.397221,56.242336,0.0],[-159.397195,56.24248,0.0],[-159.39657,56.243333,0.0],[-159.396673,56.243478,0.0],[-159.397036,56.243637,0.0],[-159.397555,56.243782,0.0],[-159.397789,56.243898,0.0],[-159.397866,56.244028,0.0],[-159.39784,56.244216,0.0],[-159.396876,56.24543,0.0],[-159.396823,56.245661,0.0],[-159.397133,56.246167,0.0],[-159.397055,56.246442,0.0],[-159.396924,56.246644,0.0],[-159.396534,56.246933,0.0],[-159.396092,56.247121,0.0],[-159.395624,56.247265,0.0],[-159.395494,56.24738,0.0],[-159.39552,56.247554,0.0],[-159.395649,56.247655,0.0],[-159.396557,56.248177,0.0],[-159.397542,56.248683,0.0],[-159.398035,56.248901,0.0],[-159.398554,56.248974,0.0],[-159.398866,56.24893,0.0],[-159.399204,56.24896,0.0],[-159.39949,56.24883,0.0],[-159.39949,56.24854,0.0],[-159.399024,56.248063,0.0],[-159.398584,56.247759,0.0],[-159.398324,56.247527,0.0],[-159.398377,56.247383,0.0],[-159.398871,56.247094,0.0],[-159.398716,56.246747,0.0],[-159.398924,56.246603,0.0],[-159.399496,56.246458,0.0],[-159.39986,56.246329,0.0],[-159.400146,56.246083,0.0],[-159.400536,56.245866,0.0],[-159.401056,56.245708,0.0],[-159.401445,56.245737,0.0],[-159.401627,56.245838,0.0],[-159.401938,56.246157,0.0],[-159.402325,56.247082,0.0],[-159.40235,56.247603,0.0],[-159.402089,56.247979,0.0],[-159.401074,56.248831,0.0],[-159.40058,56.249178,0.0],[-159.400423,56.249568,0.0],[-159.400396,56.249828,0.0],[-159.400755,56.250286,0.0],[-159.400755,56.250286,0.0],[-159.401403,56.250793,0.0],[-159.402388,56.251458,0.0],[-159.402855,56.251546,0.0],[-159.403323,56.251517,0.0],[-159.403557,56.251358,0.0],[-159.403324,56.251069,0.0],[-159.403117,56.250881,0.0],[-159.403065,56.250751,0.0],[-159.403169,56.250635,0.0],[-159.403455,56.250563,0.0],[-159.404156,56.250838,0.0],[-159.404415,56.250867,0.0],[-159.404545,56.250781,0.0],[-159.404469,56.250289,0.0],[-159.404472,56.250289,0.0],[-159.404422,56.24986,0.0],[-159.405101,56.248024,0.0],[-159.405076,56.247591,0.0],[-159.40474,56.247113,0.0],[-159.404351,56.246896,0.0],[-159.404144,56.246737,0.0],[-159.404196,56.246578,0.0],[-159.404664,56.246347,0.0],[-159.405184,56.246202,0.0],[-159.405444,56.246044,0.0],[-159.405496,56.245928,0.0],[-159.405445,56.245783,0.0],[-159.405263,56.245711,0.0],[-159.404977,56.245696,0.0],[-159.404484,56.245739,0.0],[-159.404094,56.245869,0.0],[-159.403834,56.245898,0.0],[-159.403575,56.245869,0.0],[-159.403315,56.245724,0.0],[-159.403394,56.24542,0.0],[-159.403317,56.245001,0.0],[-159.403395,56.244842,0.0],[-159.403499,56.24477,0.0],[-159.403733,56.244698,0.0],[-159.404383,56.244582,0.0],[-159.404642,56.24451,0.0],[-159.404877,56.244265,0.0],[-159.404696,56.243975,0.0],[-159.404074,56.24344,0.0],[-159.403711,56.243339,0.0],[-159.403165,56.24328,0.0],[-159.401711,56.243453,0.0],[-159.401062,56.243351,0.0],[-159.400802,56.243264,0.0],[-159.400569,56.243119,0.0],[-159.400259,56.242671,0.0],[-159.400156,56.242381,0.0],[-159.399741,56.242164,0.0],[-159.399118,56.241889,0.0],[-159.3986,56.241296,0.0],[-159.39759,56.240268,0.0],[-159.397409,56.240225,0.0],[-159.397045,56.240225,0.0],[-159.396707,56.240311,0.0],[-159.396421,56.240455,0.0],[-159.396187,56.240715,0.0]],[[-159.390169,56.247896,0.0],[-159.392117,56.247667,0.0],[-159.392533,56.247653,0.0],[-159.392715,56.247508,0.0],[-159.392405,56.246944,0.0],[-159.392354,56.246669,0.0],[-159.39238,56.246467,0.0],[-159.392615,56.245961,0.0],[-159.392669,56.245339,0.0],[-159.392514,56.245137,0.0],[-159.392254,56.244949,0.0],[-159.392073,56.244659,0.0],[-159.3921,56.244471,0.0],[-159.392334,56.244341,0.0],[-159.393555,56.244285,0.0],[-159.393841,56.244169,0.0],[-159.393919,56.244025,0.0],[-159.393686,56.243894,0.0],[-159.392596,56.243575,0.0],[-159.391635,56.243603,0.0],[-159.3907,56.24366,0.0],[-159.390519,56.243516,0.0],[-159.390078,56.243255,0.0],[-159.389196,56.242994,0.0],[-159.388807,56.242748,0.0],[-159.388574,56.242458,0.0],[-159.388315,56.242314,0.0],[-159.388107,56.242284,0.0],[-159.387743,56.242371,0.0],[-159.386702,56.243411,0.0],[-159.386623,56.243758,0.0],[-159.386752,56.244062,0.0],[-159.387348,56.244482,0.0],[-159.388593,56.244917,0.0],[-159.389268,56.245091,0.0],[-159.389786,56.245337,0.0],[-159.389812,56.245467,0.0],[-159.389759,56.245684,0.0],[-159.389525,56.245814,0.0],[-159.389214,56.245886,0.0],[-159.387655,56.246015,0.0],[-159.386823,56.246274,0.0],[-159.386355,56.246476,0.0],[-159.386043,56.246678,0.0],[-159.386069,56.246808,0.0],[-159.38638,56.246997,0.0],[-159.387157,56.247417,0.0],[-159.388429,56.247794,0.0],[-159.388844,56.247837,0.0],[-159.390169,56.247896,0.0]],[[-159.392109,56.241218,0.0],[-159.392602,56.241392,0.0],[-159.392732,56.241479,0.0],[-159.392522,56.242057,0.0],[-159.392625,56.242375,0.0],[-159.392806,56.242549,0.0],[-159.394207,56.243302,0.0],[-159.395063,56.243491,0.0],[-159.39566,56.24365,0.0],[-159.395868,56.243636,0.0],[-159.395972,56.243549,0.0],[-159.395998,56.243419,0.0],[-159.395791,56.243274,0.0],[-159.395402,56.243072,0.0],[-159.395039,56.242753,0.0],[-159.394962,56.242609,0.0],[-159.395222,56.242435,0.0],[-159.395482,56.242175,0.0],[-159.395457,56.241958,0.0],[-159.394939,56.241278,0.0],[-159.394577,56.240945,0.0],[-159.394291,56.240858,0.0],[-159.394005,56.240844,0.0],[-159.393097,56.240901,0.0],[-159.392889,56.240814,0.0],[-159.392734,56.240712,0.0],[-159.392526,56.240524,0.0],[-159.392345,56.240452,0.0],[-159.392033,56.240437,0.0],[-159.391877,56.240495,0.0],[-159.391695,56.240654,0.0],[-159.391669,56.240813,0.0],[-159.39172,56.241001,0.0],[-159.392109,56.241218,0.0]],[[-159.401474,56.253366,0.0],[-159.402409,56.253497,0.0],[-159.402565,56.253382,0.0],[-159.402592,56.253064,0.0],[-159.402229,56.252601,0.0],[-159.401685,56.25221,0.0],[-159.400309,56.251732,0.0],[-159.399998,56.251717,0.0],[-159.399816,56.251775,0.0],[-159.399737,56.251991,0.0],[-159.399944,56.252396,0.0],[-159.400333,56.252859,0.0],[-159.401111,56.253265,0.0],[-159.401474,56.253366,0.0]],[[-159.385669,56.24153,0.0],[-159.386395,56.241603,0.0],[-159.386811,56.241575,0.0],[-159.387071,56.241445,0.0],[-159.387149,56.241272,0.0],[-159.386787,56.240996,0.0],[-159.386424,56.240794,0.0],[-159.385749,56.240677,0.0],[-159.384762,56.240633,0.0],[-159.384191,56.24069,0.0],[-159.383983,56.240734,0.0],[-159.383827,56.240806,0.0],[-159.383827,56.24095,0.0],[-159.38393,56.241066,0.0],[-159.384319,56.241197,0.0],[-159.385669,56.24153,0.0]],[[-159.395908,56.238431,0.0],[-159.395855,56.238619,0.0],[-159.395906,56.238922,0.0],[-159.396139,56.239096,0.0],[-159.396529,56.239154,0.0],[-159.39684,56.239097,0.0],[-159.397204,56.238967,0.0],[-159.397491,56.238678,0.0],[-159.397491,56.238533,0.0],[-159.397383,56.238436,0.0],[-159.397362,56.238417,0.0],[-159.396765,56.238345,0.0],[-159.396115,56.238359,0.0],[-159.395939,56.23842,0.0],[-159.395908,56.238431,0.0]],[[-159.393674,56.238675,0.0],[-159.393414,56.238645,0.0],[-159.393077,56.238703,0.0],[-159.392531,56.238862,0.0],[-159.392271,56.239006,0.0],[-159.392167,56.23915,0.0],[-159.392244,56.239353,0.0],[-159.392425,56.239483,0.0],[-159.392919,56.239484,0.0],[-159.393205,56.239412,0.0],[-159.393698,56.239181,0.0],[-159.393907,56.238892,0.0],[-159.39383,56.238718,0.0],[-159.393674,56.238675,0.0]],[[-159.396883,56.251064,0.0],[-159.397117,56.250934,0.0],[-159.397221,56.250775,0.0],[-159.397014,56.250616,0.0],[-159.396494,56.250615,0.0],[-159.395949,56.250701,0.0],[-159.395689,56.250788,0.0],[-159.395584,56.25099,0.0],[-159.395714,56.251149,0.0],[-159.396883,56.251064,0.0]],[[-159.398858,56.250631,0.0],[-159.399974,56.250907,0.0],[-159.400104,56.250806,0.0],[-159.400105,56.250575,0.0],[-159.399741,56.250415,0.0],[-159.398936,56.250386,0.0],[-159.398806,56.250516,0.0],[-159.398858,56.250631,0.0]]]}},{"type":"Feature","properties":{"rgi_id":"RGI2000-v7.0-G-01-06842","o1region":"01"},"geometry":{"type":"Polygon","coordinates":[[[-159.305105,56.244526,0.0],[-159.305033,56.244115,0.0],[-159.304928,56.243431,0.0],[-159.304892,56.243142,0.0],[-159.304869,56.242881,0.0],[-159.304859,56.242626,0.0],[-159.304866,56.24238,0.0],[-159.304896,56.242144,0.0],[-159.304958,56.241924,0.0],[-159.305063,56.241723,0.0],[-159.305161,56.241603,0.0],[-159.305388,56.241377,0.0],[-159.305512,56.241269,0.0],[-159.305904,56.240984,0.0],[-159.30611,56.241118,0.0],[-159.3065,56.241291,0.0],[-159.307592,56.241493,0.0],[-159.307731,56.241501,0.0],[-159.308501,56.241549,0.0],[-159.309254,56.24165,0.0],[-159.310112,56.241996,0.0],[-159.311543,56.242789,0.0],[-159.311882,56.242948,0.0],[-159.312271,56.242962,0.0],[-159.313102,56.242874,0.0],[-159.313724,56.2427,0.0],[-159.31432,56.242425,0.0],[-159.315408,56.241686,0.0],[-159.316574,56.240976,0.0],[-159.31774,56.240309,0.0],[-159.319496,56.238095,0.0],[-159.320168,56.237299,0.0],[-159.320738,56.236966,0.0],[-159.321464,56.236704,0.0],[-159.323513,56.236268,0.0],[-159.323799,56.236181,0.0],[-159.324887,56.235558,0.0],[-159.325846,56.235282,0.0],[-159.327558,56.235048,0.0],[-159.32818,56.234657,0.0],[-159.328204,56.234252,0.0],[-159.327941,56.233385,0.0],[-159.327706,56.233096,0.0],[-159.326749,56.232571,0.0],[-159.325182,56.231711,0.0],[-159.32441,56.231339,0.0],[-159.324852,56.231113,0.0],[-159.325349,56.230896,0.0],[-159.325591,56.230785,0.0],[-159.32576,56.230696,0.0],[-159.326253,56.23042,0.0],[-159.326561,56.230228,0.0],[-159.326877,56.230039,0.0],[-159.327182,56.229846,0.0],[-159.327825,56.229481,0.0],[-159.328518,56.229163,0.0],[-159.328912,56.228949,0.0],[-159.329117,56.228863,0.0],[-159.329351,56.228807,0.0],[-159.329603,56.228781,0.0],[-159.329857,56.228785,0.0],[-159.330042,56.228807,0.0],[-159.330227,56.228837,0.0],[-159.330992,56.228977,0.0],[-159.331262,56.229006,0.0],[-159.331539,56.229018,0.0],[-159.331809,56.229013,0.0],[-159.33219,56.228992,0.0],[-159.332386,56.22899,0.0],[-159.332587,56.228999,0.0],[-159.333265,56.22907,0.0],[-159.333851,56.229122,0.0],[-159.334188,56.22916,0.0],[-159.334548,56.22921,0.0],[-159.335173,56.229316,0.0],[-159.336641,56.229531,0.0],[-159.336913,56.22958,0.0],[-159.337223,56.229648,0.0],[-159.337341,56.229667,0.0],[-159.33742,56.230327,0.0],[-159.337512,56.230965,0.0],[-159.337572,56.231303,0.0],[-159.337644,56.231632,0.0],[-159.337728,56.231935,0.0],[-159.337825,56.232195,0.0],[-159.337938,56.232409,0.0],[-159.33812,56.232681,0.0],[-159.338236,56.232885,0.0],[-159.33854,56.233526,0.0],[-159.338655,56.23373,0.0],[-159.338792,56.23392,0.0],[-159.338964,56.234088,0.0],[-159.339108,56.234189,0.0],[-159.339267,56.234281,0.0],[-159.33941,56.234356,0.0],[-159.339407,56.234355,0.0],[-159.338791,56.234166,0.0],[-159.338587,56.234103,0.0],[-159.338189,56.233968,0.0],[-159.337637,56.233804,0.0],[-159.337375,56.233712,0.0],[-159.337195,56.233633,0.0],[-159.337027,56.233546,0.0],[-159.336865,56.233456,0.0],[-159.336716,56.233356,0.0],[-159.336547,56.233203,0.0],[-159.336488,56.233128,0.0],[-159.33581,56.233244,0.0],[-159.334041,56.233466,0.0],[-159.332984,56.234156,0.0],[-159.332673,56.234669,0.0],[-159.332848,56.235462,0.0],[-159.332495,56.23588,0.0],[-159.332367,56.2363,0.0],[-159.332474,56.237138,0.0],[-159.332346,56.237399,0.0],[-159.331104,56.238586,0.0],[-159.330821,56.239136,0.0],[-159.330461,56.240004,0.0],[-159.329852,56.24333,0.0],[-159.329935,56.244342,0.0],[-159.329679,56.245283,0.0],[-159.329447,56.245775,0.0],[-159.328516,56.246643,0.0],[-159.327222,56.247744,0.0],[-159.326057,56.248512,0.0],[-159.324864,56.249019,0.0],[-159.323308,56.249441,0.0],[-159.322556,56.249702,0.0],[-159.321441,56.250224,0.0],[-159.321415,56.250296,0.0],[-159.321413,56.250296,0.0],[-159.321285,56.250411,0.0],[-159.320792,56.250484,0.0],[-159.320455,56.250643,0.0],[-159.319756,56.251063,0.0],[-159.319471,56.251324,0.0],[-159.319238,56.251469,0.0],[-159.318952,56.251541,0.0],[-159.318589,56.251513,0.0],[-159.317964,56.251167,0.0],[-159.317417,56.250762,0.0],[-159.316897,56.250488,0.0],[-159.316431,56.250288,0.0],[-159.316429,56.250288,0.0],[-159.316038,56.249898,0.0],[-159.315927,56.248134,0.0],[-159.315691,56.247657,0.0],[-159.315222,56.247195,0.0],[-159.314649,56.246791,0.0],[-159.313712,56.246402,0.0],[-159.312386,56.245969,0.0],[-159.311866,56.245666,0.0],[-159.311163,56.245103,0.0],[-159.310431,56.243947,0.0],[-159.310249,56.243861,0.0],[-159.309989,56.243832,0.0],[-159.309704,56.243862,0.0],[-159.308121,56.244254,0.0],[-159.307451,56.244302,0.0],[-159.306096,56.244401,0.0],[-159.305369,56.244474,0.0],[-159.305105,56.244526,0.0]]]}},{"type":"Feature","properties":{"rgi_id":"RGI2000-v7.0-G-01-06843","o1region":"01"},"geometry":{"type":"Polygon","coordinates":[[[-159.312268,56.230637,0.0],[-159.312406,56.230628,0.0],[-159.312977,56.2307,0.0],[-159.313627,56.230959,0.0],[-159.313738,56.231036,0.0],[-159.31446,56.231537,0.0],[-159.315189,56.232085,0.0],[-159.315345,56.232244,0.0],[-159.315217,56.232533,0.0],[-159.31501,56.23262,0.0],[-159.314543,56.232881,0.0],[-159.314051,56.233084,0.0],[-159.313299,56.233461,0.0],[-159.312134,56.234287,0.0],[-159.311745,56.234432,0.0],[-159.311564,56.234461,0.0],[-159.311096,56.234331,0.0],[-159.31055,56.2341,0.0],[-159.310303,56.233964,0.0],[-159.310186,56.233899,0.0],[-159.310046,56.233667,0.0],[-159.310003,56.233595,0.0],[-159.310023,56.233381,0.0],[-159.310028,56.233335,0.0],[-159.310337,56.232713,0.0],[-159.310594,56.231917,0.0],[-159.31067,56.231425,0.0],[-159.311083,56.23102,0.0],[-159.31155,56.230788,0.0],[-159.311596,56.230773,0.0],[-159.311939,56.230658,0.0],[-159.312268,56.230637,0.0]]]}},{"type":"Feature","properties":{"rgi_id":"RGI2000-v7.0-G-01-06844","o1region":"01"},"geometry":{"type":"Polygon","coordinates":[[[-159.292218,56.240198,0.0],[-159.292215,56.240168,0.0],[-159.292203,56.239925,0.0],[-159.292206,56.239688,0.0],[-159.292229,56.239461,0.0],[-159.29228,56.239247,0.0],[-159.292367,56.23905,0.0],[-159.292452,56.238924,0.0],[-159.292612,56.238729,0.0],[-159.292748,56.23785,0.0],[-159.292901,56.23713,0.0],[-159.292677,56.235569,0.0],[-159.292599,56.235028,0.0],[-159.292717,56.234886,0.0],[-159.292923,56.234481,0.0],[-159.293415,56.233845,0.0],[-159.294295,56.233207,0.0],[-159.294363,56.233165,0.0],[-159.29559,56.232411,0.0],[-159.296705,56.231947,0.0],[-159.297793,56.23131,0.0],[-159.298571,56.231005,0.0],[-159.299297,56.230816,0.0],[-159.299774,56.230827,0.0],[-159.299894,56.23083,0.0],[-159.30057,56.230945,0.0],[-159.300761,56.230988,0.0],[-159.300959,56.231031,0.0],[-159.301843,56.231363,0.0],[-159.302286,56.231681,0.0],[-159.302781,56.232244,0.0],[-159.303147,56.232952,0.0],[-159.303254,56.233848,0.0],[-159.303152,56.23434,0.0],[-159.30279,56.234933,0.0],[-159.302353,56.235989,0.0],[-159.302251,56.236611,0.0],[-159.302279,56.23719,0.0],[-159.302411,56.237725,0.0],[-159.302802,56.238302,0.0],[-159.303611,56.239213,0.0],[-159.304913,56.240339,0.0],[-159.305904,56.240984,0.0],[-159.305512,56.241269,0.0],[-159.305388,56.241377,0.0],[-159.305161,56.241603,0.0],[-159.305063,56.241723,0.0],[-159.304958,56.241924,0.0],[-159.304896,56.242144,0.0],[-159.304866,56.24238,0.0],[-159.304859,56.242626,0.0],[-159.304869,56.242881,0.0],[-159.304892,56.243142,0.0],[-159.304928,56.243431,0.0],[-159.305033,56.244115,0.0],[-159.305105,56.244526,0.0],[-159.304331,56.244677,0.0],[-159.303683,56.24488,0.0],[-159.303294,56.245054,0.0],[-159.302724,56.245474,0.0],[-159.301304,56.247775,0.0],[-159.300787,56.248441,0.0],[-159.300165,56.248933,0.0],[-159.30003,56.248982,0.0],[-159.299646,56.249121,0.0],[-159.299309,56.249165,0.0],[-159.2984,56.249152,0.0],[-159.297231,56.248951,0.0],[-159.296529,56.248749,0.0],[-159.295852,56.248475,0.0],[-159.29515,56.2481,0.0],[-159.294655,56.247724,0.0],[-159.294029,56.246713,0.0],[-159.29358,56.24466,0.0],[-159.293319,56.244067,0.0],[-159.293043,56.243634,0.0],[-159.292565,56.242883,0.0],[-159.292553,56.242708,0.0],[-159.292494,56.242204,0.0],[-159.292267,56.240669,0.0],[-159.292218,56.240198,0.0]]]}},{"type":"Feature","properties":{"rgi_id":"RGI2000-v7.0-G-01-06845","o1region":"01"},"geometry":{"type":"Polygon","coordinates":[[[-159.293407,56.222217,0.0],[-159.293671,56.222009,0.0],[-159.293963,56.221812,0.0],[-159.29424,56.22161,0.0],[-159.294539,56.221418,0.0],[-159.294821,56.221218,0.0],[-159.295124,56.221028,0.0],[-159.295409,56.220829,0.0],[-159.295713,56.22064,0.0],[-159.296031,56.220425,0.0],[-159.296838,56.219939,0.0],[-159.297039,56.219831,0.0],[-159.297378,56.219653,0.0],[-159.297506,56.219593,0.0],[-159.297604,56.219562,0.0],[-159.297657,56.21956,0.0],[-159.298336,56.219076,0.0],[-159.29904,56.218767,0.0],[-159.299465,56.219437,0.0],[-159.299988,56.220593,0.0],[-159.301908,56.22229,0.0],[-159.302618,56.222918,0.0],[-159.303165,56.22351,0.0],[-159.303375,56.224059,0.0],[-159.303143,56.224595,0.0],[-159.302951,56.224846,0.0],[-159.30291,56.224899,0.0],[-159.302263,56.225376,0.0],[-159.301434,56.225724,0.0],[-159.300759,56.22587,0.0],[-159.300009,56.225961,0.0],[-159.299073,56.226074,0.0],[-159.297301,56.226433,0.0],[-159.297206,56.226452,0.0],[-159.289345,56.227761,0.0],[-159.289112,56.227848,0.0],[-159.288645,56.228123,0.0],[-159.288206,56.228673,0.0],[-159.287351,56.22931,0.0],[-159.285536,56.229876,0.0],[-159.284083,56.230196,0.0],[-159.28315,56.230558,0.0],[-159.282787,56.230761,0.0],[-159.282684,56.230876,0.0],[-159.282633,56.231253,0.0],[-159.282893,56.231426,0.0],[-159.283283,56.231498,0.0],[-159.283854,56.231483,0.0],[-159.285281,56.23125,0.0],[-159.285878,56.231235,0.0],[-159.286319,56.231278,0.0],[-159.286709,56.231408,0.0],[-159.287333,56.231711,0.0],[-159.287984,56.232187,0.0],[-159.290197,56.234412,0.0],[-159.291108,56.235105,0.0],[-159.29168,56.235437,0.0],[-159.291888,56.235437,0.0],[-159.292148,56.235364,0.0],[-159.292536,56.235103,0.0],[-159.292599,56.235028,0.0],[-159.292677,56.235569,0.0],[-159.292901,56.23713,0.0],[-159.292748,56.23785,0.0],[-159.292612,56.238729,0.0],[-159.292452,56.238924,0.0],[-159.292367,56.23905,0.0],[-159.29228,56.239247,0.0],[-159.292229,56.239461,0.0],[-159.292206,56.239688,0.0],[-159.292203,56.239925,0.0],[-159.292215,56.240168,0.0],[-159.292218,56.240198,0.0],[-159.29195,56.240498,0.0],[-159.291801,56.240951,0.0],[-159.29161,56.241354,0.0],[-159.29157,56.241351,0.0],[-159.291362,56.241452,0.0],[-159.291233,56.241655,0.0],[-159.289578,56.243623,0.0],[-159.28932,56.244332,0.0],[-159.288363,56.245547,0.0],[-159.286887,56.246734,0.0],[-159.285955,56.247603,0.0],[-159.285024,56.248905,0.0],[-159.284223,56.250294,0.0],[-159.284219,56.250294,0.0],[-159.283989,56.250595,0.0],[-159.283031,56.251622,0.0],[-159.282409,56.252042,0.0],[-159.28189,56.25226,0.0],[-159.281008,56.252521,0.0],[-159.280462,56.252579,0.0],[-159.279631,56.252623,0.0],[-159.27854,56.252624,0.0],[-159.278073,56.252552,0.0],[-159.277709,56.252422,0.0],[-159.277188,56.252163,0.0],[-159.276693,56.251628,0.0],[-159.276379,56.250819,0.0],[-159.276352,56.250284,0.0],[-159.275753,56.249145,0.0],[-159.27536,56.248177,0.0],[-159.274447,56.246659,0.0],[-159.273639,56.245445,0.0],[-159.273247,56.244636,0.0],[-159.273089,56.243985,0.0],[-159.273319,56.242539,0.0],[-159.2735,56.242149,0.0],[-159.274245,56.239372,0.0],[-159.274348,56.239198,0.0],[-159.274737,56.23888,0.0],[-159.276033,56.238257,0.0],[-159.276474,56.238083,0.0],[-159.276837,56.237793,0.0],[-159.277095,56.237143,0.0],[-159.277222,56.236333,0.0],[-159.277737,56.234742,0.0],[-159.277942,56.233874,0.0],[-159.277992,56.233267,0.0],[-159.277964,56.232558,0.0],[-159.277234,56.231691,0.0],[-159.277208,56.231532,0.0],[-159.277337,56.231359,0.0],[-159.278426,56.230808,0.0],[-159.278763,56.230591,0.0],[-159.279176,56.229954,0.0],[-159.279513,56.229679,0.0],[-159.280757,56.228926,0.0],[-159.282673,56.227406,0.0],[-159.283657,56.226711,0.0],[-159.285212,56.226016,0.0],[-159.286275,56.22548,0.0],[-159.287157,56.225219,0.0],[-159.288558,56.225102,0.0],[-159.289907,56.225057,0.0],[-159.290556,56.224984,0.0],[-159.292605,56.224461,0.0],[-159.293046,56.224316,0.0],[-159.295717,56.223836,0.0],[-159.296158,56.223662,0.0],[-159.296469,56.223575,0.0],[-159.296805,56.223257,0.0],[-159.296778,56.222765,0.0],[-159.296466,56.222563,0.0],[-159.296102,56.222433,0.0],[-159.295323,56.222347,0.0],[-159.293454,56.222219,0.0],[-159.293407,56.222217,0.0]]]}},{"type":"Feature","properties":{"rgi_id":"RGI2000-v7.0-G-01-06846","o1region":"01"},"geometry":{"type":"Polygon","coordinates":[[[-159.267215,56.215297,0.0],[-159.26872,56.215054,0.0],[-159.269358,56.215026,0.0],[-159.270273,56.215128,0.0],[-159.271473,56.215432,0.0],[-159.272121,56.215475,0.0],[-159.273557,56.215625,0.0],[-159.274451,56.215586,0.0],[-159.276004,56.21566,0.0],[-159.277419,56.215669,0.0],[-159.279089,56.215666,0.0],[-159.280514,56.215746,0.0],[-159.281812,56.215831,0.0],[-159.283513,56.216042,0.0],[-159.284958,56.216263,0.0],[-159.286542,56.21655,0.0],[-159.288401,56.216968,0.0],[-159.289857,56.21726,0.0],[-159.291461,56.217689,0.0],[-159.294016,56.217576,0.0],[-159.295134,56.217312,0.0],[-159.296736,56.216859,0.0],[-159.297226,56.217126,0.0],[-159.297746,56.217501,0.0],[-159.298787,56.218368,0.0],[-159.29904,56.218767,0.0],[-159.298336,56.219076,0.0],[-159.297657,56.21956,0.0],[-159.297604,56.219562,0.0],[-159.297506,56.219593,0.0],[-159.297378,56.219653,0.0],[-159.297039,56.219831,0.0],[-159.296838,56.219939,0.0],[-159.296031,56.220425,0.0],[-159.295713,56.22064,0.0],[-159.295409,56.220829,0.0],[-159.295124,56.221028,0.0],[-159.294821,56.221218,0.0],[-159.294539,56.221418,0.0],[-159.29424,56.22161,0.0],[-159.293963,56.221812,0.0],[-159.293671,56.222009,0.0],[-159.293407,56.222217,0.0],[-159.291906,56.222138,0.0],[-159.290754,56.222077,0.0],[-159.288937,56.222021,0.0],[-159.287146,56.22185,0.0],[-159.286134,56.221706,0.0],[-159.285458,56.221562,0.0],[-159.284939,56.22136,0.0],[-159.284263,56.22097,0.0],[-159.283742,56.220537,0.0],[-159.282701,56.219526,0.0],[-159.281919,56.218471,0.0],[-159.281451,56.218168,0.0],[-159.280127,56.217894,0.0],[-159.278465,56.217448,0.0],[-159.278075,56.217361,0.0],[-159.27779,56.217347,0.0],[-159.277583,56.21742,0.0],[-159.277168,56.217709,0.0],[-159.276753,56.217883,0.0],[-159.27582,56.218101,0.0],[-159.275587,56.218246,0.0],[-159.274991,56.218738,0.0],[-159.274811,56.219172,0.0],[-159.274734,56.219533,0.0],[-159.274684,56.220198,0.0],[-159.274478,56.220603,0.0],[-159.274167,56.220936,0.0],[-159.273364,56.221414,0.0],[-159.271679,56.222182,0.0],[-159.271446,56.222399,0.0],[-159.271369,56.222818,0.0],[-159.2715,56.223151,0.0],[-159.271838,56.223295,0.0],[-159.272253,56.223309,0.0],[-159.272538,56.223251,0.0],[-159.273212,56.222889,0.0],[-159.27412,56.222585,0.0],[-159.275806,56.222207,0.0],[-159.276428,56.221889,0.0],[-159.277076,56.221657,0.0],[-159.278191,56.221511,0.0],[-159.279489,56.221568,0.0],[-159.280553,56.221653,0.0],[-159.280761,56.221726,0.0],[-159.280762,56.221885,0.0],[-159.280658,56.222029,0.0],[-159.280296,56.222203,0.0],[-159.279699,56.222348,0.0],[-159.278376,56.222393,0.0],[-159.277597,56.222495,0.0],[-159.27682,56.222828,0.0],[-159.275783,56.223321,0.0],[-159.27516,56.22348,0.0],[-159.274045,56.223611,0.0],[-159.273604,56.223756,0.0],[-159.273449,56.223915,0.0],[-159.273527,56.22406,0.0],[-159.273683,56.224161,0.0],[-159.274488,56.224175,0.0],[-159.275552,56.224087,0.0],[-159.276978,56.22384,0.0],[-159.277497,56.223796,0.0],[-159.277809,56.223868,0.0],[-159.278251,56.224099,0.0],[-159.278615,56.224446,0.0],[-159.278616,56.224677,0.0],[-159.278461,56.224851,0.0],[-159.277864,56.225054,0.0],[-159.276022,56.225417,0.0],[-159.274699,56.22565,0.0],[-159.273558,56.225752,0.0],[-159.272883,56.225854,0.0],[-159.272469,56.226129,0.0],[-159.272106,56.226418,0.0],[-159.271847,56.226794,0.0],[-159.271433,56.227272,0.0],[-159.271071,56.227489,0.0],[-159.270552,56.227677,0.0],[-159.269618,56.227808,0.0],[-159.267957,56.227896,0.0],[-159.267075,56.228027,0.0],[-159.266504,56.228158,0.0],[-159.265051,56.228578,0.0],[-159.264507,56.228825,0.0],[-159.264248,56.229128,0.0],[-159.264223,56.229447,0.0],[-159.264458,56.229808,0.0],[-159.265109,56.230603,0.0],[-159.265447,56.230834,0.0],[-159.265707,56.230964,0.0],[-159.266148,56.230992,0.0],[-159.266693,56.230963,0.0],[-159.267108,56.230832,0.0],[-159.267991,56.230832,0.0],[-159.268224,56.230918,0.0],[-159.268381,56.231265,0.0],[-159.268356,56.231612,0.0],[-159.268098,56.231988,0.0],[-159.267969,56.232292,0.0],[-159.267373,56.232697,0.0],[-159.267009,56.232857,0.0],[-159.266672,56.232915,0.0],[-159.266205,56.232915,0.0],[-159.265062,56.232699,0.0],[-159.263348,56.232223,0.0],[-159.261244,56.231719,0.0],[-159.260464,56.231373,0.0],[-159.259034,56.23055,0.0],[-159.257917,56.230218,0.0],[-159.256177,56.230002,0.0],[-159.255399,56.229959,0.0],[-159.254645,56.22983,0.0],[-159.254022,56.229642,0.0],[-159.252542,56.229383,0.0],[-159.250897,56.229267,0.0],[-159.248342,56.22938,0.0],[-159.246064,56.229994,0.0],[-159.244673,56.230341,0.0],[-159.24352,56.230906,0.0],[-159.238885,56.232309,0.0],[-159.235178,56.233728,0.0],[-159.231226,56.234872,0.0],[-159.228643,56.236242,0.0],[-159.222845,56.238153,0.0],[-159.220168,56.239584,0.0],[-159.214511,56.241773,0.0],[-159.211045,56.242724,0.0],[-159.208781,56.243451,0.0],[-159.206195,56.244078,0.0],[-159.203011,56.244845,0.0],[-159.200338,56.24559,0.0],[-159.194377,56.246364,0.0],[-159.191152,56.246846,0.0],[-159.187912,56.247216,0.0],[-159.186598,56.247387,0.0],[-159.185409,56.246982,0.0],[-159.18499,56.2462,0.0],[-159.184223,56.245142,0.0],[-159.184954,56.244927,0.0],[-159.18698,56.244232,0.0],[-159.188875,56.243653,0.0],[-159.190952,56.24319,0.0],[-159.192743,56.242669,0.0],[-159.194093,56.24212,0.0],[-159.195989,56.241613,0.0],[-159.199623,56.240094,0.0],[-159.200375,56.239891,0.0],[-159.201492,56.239775,0.0],[-159.202971,56.239442,0.0],[-159.203568,56.239225,0.0],[-159.204555,56.238921,0.0],[-159.206813,56.238415,0.0],[-159.210914,56.237054,0.0],[-159.212315,56.236533,0.0],[-159.213379,56.236012,0.0],[-159.215747,56.234522,0.0],[-159.21819,56.233615,0.0],[-159.219548,56.233042,0.0],[-159.221701,56.232262,0.0],[-159.223194,56.231911,0.0],[-159.225489,56.231411,0.0],[-159.2271,56.231169,0.0],[-159.229316,56.230843,0.0],[-159.23177,56.230736,0.0],[-159.23368,56.230424,0.0],[-159.235369,56.230007,0.0],[-159.237558,56.228768,0.0],[-159.239686,56.227818,0.0],[-159.241931,56.226977,0.0],[-159.243965,56.226088,0.0],[-159.24524,56.225585,0.0],[-159.246068,56.224413,0.0],[-159.246223,56.224298,0.0],[-159.24669,56.224225,0.0],[-159.24778,56.224181,0.0],[-159.248299,56.224195,0.0],[-159.248793,56.224137,0.0],[-159.249156,56.22405,0.0],[-159.249648,56.223804,0.0],[-159.251021,56.22253,0.0],[-159.251876,56.222038,0.0],[-159.25268,56.221734,0.0],[-159.25499,56.221515,0.0],[-159.257091,56.221225,0.0],[-159.257739,56.220993,0.0],[-159.258258,56.220776,0.0],[-159.25888,56.220428,0.0],[-159.259683,56.219907,0.0],[-159.260046,56.219777,0.0],[-159.260306,56.219733,0.0],[-159.260721,56.219848,0.0],[-159.261371,56.220224,0.0],[-159.262723,56.221293,0.0],[-159.263529,56.221827,0.0],[-159.264048,56.222101,0.0],[-159.265425,56.222375,0.0],[-159.266463,56.222389,0.0],[-159.267423,56.222373,0.0],[-159.268564,56.222156,0.0],[-159.269732,56.221851,0.0],[-159.271416,56.221054,0.0],[-159.271676,56.22091,0.0],[-159.271831,56.220664,0.0],[-159.271856,56.220519,0.0],[-159.271699,56.220186,0.0],[-159.271413,56.219854,0.0],[-159.270919,56.219565,0.0],[-159.2704,56.219392,0.0],[-159.267309,56.218498,0.0],[-159.265984,56.217965,0.0],[-159.265646,56.217733,0.0],[-159.265594,56.217473,0.0],[-159.265619,56.217155,0.0],[-159.266032,56.216547,0.0],[-159.266182,56.216408,0.0],[-159.266731,56.215896,0.0],[-159.267249,56.215505,0.0],[-159.267301,56.215361,0.0],[-159.267249,56.215303,0.0],[-159.267215,56.215297,0.0]],[[-159.258456,56.227745,0.0],[-159.258794,56.227745,0.0],[-159.260272,56.227368,0.0],[-159.261102,56.227092,0.0],[-159.261621,56.226803,0.0],[-159.26188,56.226542,0.0],[-159.261983,56.226383,0.0],[-159.261905,56.226253,0.0],[-159.261515,56.226138,0.0],[-159.260996,56.22608,0.0],[-159.260555,56.226066,0.0],[-159.259647,56.226197,0.0],[-159.258635,56.226646,0.0],[-159.258246,56.226849,0.0],[-159.257987,56.227022,0.0],[-159.257884,56.227239,0.0],[-159.257884,56.227384,0.0],[-159.258196,56.227658,0.0],[-159.258456,56.227745,0.0]],[[-159.256055,56.222165,0.0],[-159.255354,56.222151,0.0],[-159.254914,56.222311,0.0],[-159.253721,56.222832,0.0],[-159.253073,56.223266,0.0],[-159.252503,56.223831,0.0],[-159.252452,56.224048,0.0],[-159.252711,56.224076,0.0],[-159.253101,56.224062,0.0],[-159.25419,56.22367,0.0],[-159.255486,56.222975,0.0],[-159.256004,56.222657,0.0],[-159.25616,56.222454,0.0],[-159.256211,56.222295,0.0],[-159.256055,56.222165,0.0]]]}},{"type":"Feature","properties":{"rgi_id":"RGI2000-v7.0-G-01-06847","o1region":"01"},"geometry":{"type":"Polygon","coordinates":[[[-159.232,56.222642,0.0],[-159.232478,56.220517,0.0],[-159.232176,56.219986,0.0],[-159.23259,56.219968,0.0],[-159.232953,56.219736,0.0],[-159.233082,56.219447,0.0],[-159.232925,56.218637,0.0],[-159.232924,56.218305,0.0],[-159.233364,56.21748,0.0],[-159.233856,56.216916,0.0],[-159.2344,56.216598,0.0],[-159.235152,56.216381,0.0],[-159.235957,56.216337,0.0],[-159.23619,56.21638,0.0],[-159.236294,56.216452,0.0],[-159.236398,56.216597,0.0],[-159.236295,56.216973,0.0],[-159.236348,56.217204,0.0],[-159.236478,56.21732,0.0],[-159.236685,56.217334,0.0],[-159.237437,56.217073,0.0],[-159.238008,56.216972,0.0],[-159.238553,56.217015,0.0],[-159.238761,56.21713,0.0],[-159.239125,56.217448,0.0],[-159.239411,56.21781,0.0],[-159.239333,56.218026,0.0],[-159.239334,56.218417,0.0],[-159.239516,56.218518,0.0],[-159.24128,56.218098,0.0],[-159.241669,56.218083,0.0],[-159.24198,56.218126,0.0],[-159.242163,56.218256,0.0],[-159.242189,56.218545,0.0],[-159.241982,56.218777,0.0],[-159.240453,56.219891,0.0],[-159.239987,56.220369,0.0],[-159.239598,56.220918,0.0],[-159.23947,56.221569,0.0],[-159.239471,56.222061,0.0],[-159.239213,56.222928,0.0],[-159.239006,56.223435,0.0],[-159.238904,56.224056,0.0],[-159.238671,56.224563,0.0],[-159.238283,56.225083,0.0],[-159.236209,56.226805,0.0],[-159.235043,56.227717,0.0],[-159.23411,56.228353,0.0],[-159.233798,56.228354,0.0],[-159.233616,56.228325,0.0],[-159.233201,56.228123,0.0],[-159.232966,56.227747,0.0],[-159.232965,56.227096,0.0],[-159.233068,56.226373,0.0],[-159.233584,56.22484,0.0],[-159.233479,56.223944,0.0],[-159.233192,56.223149,0.0],[-159.232335,56.222701,0.0],[-159.232,56.222642,0.0]]]}},{"type":"Feature","properties":{"rgi_id":"RGI2000-v7.0-G-01-06848","o1region":"01"},"geometry":{"type":"Polygon","coordinates":[[[-159.232176,56.219986,0.0],[-159.232478,56.220517,0.0],[-159.232,56.222642,0.0],[-159.231842,56.222614,0.0],[-159.231115,56.2226,0.0],[-159.230752,56.222731,0.0],[-159.230285,56.223006,0.0],[-159.229974,56.223382,0.0],[-159.229716,56.224278,0.0],[-159.229484,56.2249,0.0],[-159.229278,56.226332,0.0],[-159.229201,56.226491,0.0],[-159.229071,56.226592,0.0],[-159.228812,56.226621,0.0],[-159.228552,56.226592,0.0],[-159.227772,56.226029,0.0],[-159.226421,56.225263,0.0],[-159.226187,56.22483,0.0],[-159.225875,56.224613,0.0],[-159.225486,56.22457,0.0],[-159.225149,56.224656,0.0],[-159.224526,56.225091,0.0],[-159.224241,56.225394,0.0],[-159.223956,56.22551,0.0],[-159.223333,56.22551,0.0],[-159.222502,56.225337,0.0],[-159.221827,56.225251,0.0],[-159.221022,56.225034,0.0],[-159.220685,56.224803,0.0],[-159.220399,56.224514,0.0],[-159.220398,56.224239,0.0],[-159.220631,56.223632,0.0],[-159.220682,56.222779,0.0],[-159.220863,56.222403,0.0],[-159.221614,56.221593,0.0],[-159.22247,56.221115,0.0],[-159.2233,56.220826,0.0],[-159.223871,56.22071,0.0],[-159.226335,56.220029,0.0],[-159.227347,56.219869,0.0],[-159.229345,56.219753,0.0],[-159.231915,56.219997,0.0],[-159.232176,56.219986,0.0]]]}},{"type":"Feature","properties":{"rgi_id":"RGI2000-v7.0-G-01-06849","o1region":"01"},"geometry":{"type":"Polygon","coordinates":[[[-159.267215,56.215297,0.0],[-159.265639,56.21503,0.0],[-159.264445,56.214698,0.0],[-159.2638,56.214436,0.0],[-159.263769,56.214424,0.0],[-159.263171,56.213933,0.0],[-159.262859,56.213412,0.0],[-159.262909,56.212906,0.0],[-159.262805,56.212747,0.0],[-159.262623,56.212704,0.0],[-159.262364,56.212762,0.0],[-159.260446,56.213342,0.0],[-159.259745,56.213501,0.0],[-159.258941,56.213589,0.0],[-159.257852,56.213647,0.0],[-159.257281,56.213735,0.0],[-159.256504,56.214169,0.0],[-159.255518,56.21456,0.0],[-159.25538,56.214604,0.0],[-159.251241,56.213717,0.0],[-159.249633,56.212954,0.0],[-159.246995,56.212475,0.0],[-159.243617,56.211315,0.0],[-159.235277,56.209896,0.0],[-159.23195,56.20909,0.0],[-159.226887,56.208122,0.0],[-159.222855,56.20687,0.0],[-159.219478,56.205709,0.0],[-159.21571,56.204803,0.0],[-159.210614,56.203598,0.0],[-159.205961,56.202492,0.0],[-159.202586,56.20133,0.0],[-159.200224,56.199767,0.0],[-159.198391,56.198145,0.0],[-159.198152,56.196452,0.0],[-159.20013,56.19396,0.0],[-159.202105,56.193378,0.0],[-159.204773,56.193321,0.0],[-159.207213,56.193928,0.0],[-159.210709,56.19443,0.0],[-159.214835,56.194845,0.0],[-159.217931,56.195542,0.0],[-159.220601,56.196258,0.0],[-159.222617,56.196884,0.0],[-159.224501,56.197337,0.0],[-159.227227,56.197694,0.0],[-159.231093,56.198536,0.0],[-159.232756,56.198939,0.0],[-159.234551,56.199514,0.0],[-159.23655,56.200022,0.0],[-159.239795,56.20101,0.0],[-159.240907,56.201412,0.0],[-159.241896,56.201411,0.0],[-159.242856,56.201584,0.0],[-159.245347,56.202291,0.0],[-159.247891,56.202955,0.0],[-159.249318,56.203156,0.0],[-159.250252,56.203372,0.0],[-159.251577,56.203964,0.0],[-159.254224,56.20457,0.0],[-159.255704,56.205031,0.0],[-159.25856,56.206215,0.0],[-159.261417,56.207341,0.0],[-159.263805,56.208004,0.0],[-159.264792,56.208249,0.0],[-159.2657,56.208407,0.0],[-159.268684,56.208694,0.0],[-159.269015,56.208652,0.0],[-159.26918,56.208796,0.0],[-159.270035,56.209412,0.0],[-159.270212,56.209558,0.0],[-159.270552,56.209857,0.0],[-159.270826,56.210069,0.0],[-159.271171,56.210366,0.0],[-159.271353,56.210508,0.0],[-159.271501,56.210607,0.0],[-159.271959,56.210895,0.0],[-159.27228,56.211077,0.0],[-159.272901,56.211454,0.0],[-159.273278,56.21173,0.0],[-159.273472,56.211863,0.0],[-159.273631,56.211955,0.0],[-159.273963,56.21213,0.0],[-159.274136,56.212213,0.0],[-159.27432,56.212288,0.0],[-159.274709,56.212426,0.0],[-159.274929,56.21249,0.0],[-159.275286,56.212566,0.0],[-159.275693,56.212634,0.0],[-159.276552,56.212765,0.0],[-159.276951,56.212838,0.0],[-159.277298,56.21292,0.0],[-159.277514,56.212987,0.0],[-159.277693,56.213052,0.0],[-159.277833,56.213111,0.0],[-159.277928,56.213163,0.0],[-159.277973,56.213206,0.0],[-159.277965,56.213236,0.0],[-159.278459,56.213211,0.0],[-159.27853,56.213212,0.0],[-159.278586,56.213222,0.0],[-159.278613,56.21325,0.0],[-159.278625,56.213287,0.0],[-159.27866,56.213565,0.0],[-159.278712,56.213556,0.0],[-159.278823,56.213554,0.0],[-159.27898,56.213561,0.0],[-159.27917,56.21358,0.0],[-159.279376,56.213614,0.0],[-159.279551,56.213656,0.0],[-159.279726,56.213707,0.0],[-159.28026,56.213876,0.0],[-159.280425,56.213935,0.0],[-159.280573,56.213997,0.0],[-159.280822,56.214111,0.0],[-159.280948,56.214159,0.0],[-159.281471,56.21434,0.0],[-159.281611,56.214378,0.0],[-159.281821,56.214415,0.0],[-159.28205,56.21444,0.0],[-159.282292,56.214456,0.0],[-159.28304,56.21449,0.0],[-159.28328,56.214507,0.0],[-159.283507,56.214533,0.0],[-159.283714,56.214572,0.0],[-159.283854,56.214611,0.0],[-159.284118,56.214699,0.0],[-159.284526,56.214824,0.0],[-159.284791,56.214913,0.0],[-159.284932,56.214951,0.0],[-159.285154,56.21499,0.0],[-159.2854,56.215014,0.0],[-159.285663,56.215026,0.0],[-159.285939,56.21503,0.0],[-159.286516,56.215022,0.0],[-159.288015,56.214965,0.0],[-159.288333,56.214957,0.0],[-159.288678,56.214956,0.0],[-159.289033,56.214965,0.0],[-159.289377,56.214986,0.0],[-159.289693,56.215019,0.0],[-159.289964,56.215065,0.0],[-159.290461,56.215189,0.0],[-159.290524,56.215198,0.0],[-159.290552,56.215197,0.0],[-159.29055,56.215182,0.0],[-159.291379,56.214659,0.0],[-159.291379,56.214659,0.0],[-159.291821,56.214847,0.0],[-159.293068,56.215323,0.0],[-159.294756,56.215914,0.0],[-159.295952,56.216433,0.0],[-159.296736,56.216859,0.0],[-159.295134,56.217312,0.0],[-159.294016,56.217576,0.0],[-159.291461,56.217689,0.0],[-159.289857,56.21726,0.0],[-159.288401,56.216968,0.0],[-159.286542,56.21655,0.0],[-159.284958,56.216263,0.0],[-159.283513,56.216042,0.0],[-159.281812,56.215831,0.0],[-159.280514,56.215746,0.0],[-159.279089,56.215666,0.0],[-159.277419,56.215669,0.0],[-159.276004,56.21566,0.0],[-159.274451,56.215586,0.0],[-159.273557,56.215625,0.0],[-159.272121,56.215475,0.0],[-159.271473,56.215432,0.0],[-159.270273,56.215128,0.0],[-159.269358,56.215026,0.0],[-159.26872,56.215054,0.0],[-159.267215,56.215297,0.0]]]}},{"type":"Feature","properties":{"rgi_id":"RGI2000-v7.0-G-01-06850","o1region":"01"},"geometry":{"type":"Polygon","coordinates":[[[-159.291379,56.214659,0.0],[-159.29055,56.215182,0.0],[-159.290552,56.215197,0.0],[-159.290524,56.215198,0.0],[-159.290461,56.215189,0.0],[-159.289964,56.215065,0.0],[-159.289693,56.215019,0.0],[-159.289377,56.214986,0.0],[-159.289033,56.214965,0.0],[-159.288678,56.214956,0.0],[-159.288333,56.214957,0.0],[-159.288015,56.214965,0.0],[-159.286516,56.215022,0.0],[-159.285939,56.21503,0.0],[-159.285663,56.215026,0.0],[-159.2854,56.215014,0.0],[-159.285154,56.21499,0.0],[-159.284932,56.214951,0.0],[-159.284791,56.214913,0.0],[-159.284526,56.214824,0.0],[-159.284118,56.214699,0.0],[-159.283854,56.214611,0.0],[-159.283714,56.214572,0.0],[-159.283507,56.214533,0.0],[-159.28328,56.214507,0.0],[-159.28304,56.21449,0.0],[-159.282292,56.214456,0.0],[-159.28205,56.21444,0.0],[-159.281821,56.214415,0.0],[-159.281611,56.214378,0.0],[-159.281471,56.21434,0.0],[-159.280948,56.214159,0.0],[-159.280822,56.214111,0.0],[-159.280573,56.213997,0.0],[-159.280425,56.213935,0.0],[-159.28026,56.213876,0.0],[-159.279726,56.213707,0.0],[-159.279551,56.213656,0.0],[-159.279376,56.213614,0.0],[-159.27917,56.21358,0.0],[-159.27898,56.213561,0.0],[-159.278823,56.213554,0.0],[-159.278712,56.213556,0.0],[-159.27866,56.213565,0.0],[-159.278625,56.213287,0.0],[-159.278613,56.21325,0.0],[-159.278586,56.213222,0.0],[-159.27853,56.213212,0.0],[-159.278459,56.213211,0.0],[-159.277965,56.213236,0.0],[-159.277973,56.213206,0.0],[-159.277928,56.213163,0.0],[-159.277833,56.213111,0.0],[-159.277693,56.213052,0.0],[-159.277514,56.212987,0.0],[-159.277298,56.21292,0.0],[-159.276951,56.212838,0.0],[-159.276552,56.212765,0.0],[-159.275693,56.212634,0.0],[-159.275286,56.212566,0.0],[-159.274929,56.21249,0.0],[-159.274709,56.212426,0.0],[-159.27432,56.212288,0.0],[-159.274136,56.212213,0.0],[-159.273963,56.21213,0.0],[-159.273631,56.211955,0.0],[-159.273472,56.211863,0.0],[-159.273278,56.21173,0.0],[-159.272901,56.211454,0.0],[-159.27228,56.211077,0.0],[-159.271959,56.210895,0.0],[-159.271501,56.210607,0.0],[-159.271353,56.210508,0.0],[-159.271171,56.210366,0.0],[-159.270826,56.210069,0.0],[-159.270552,56.209857,0.0],[-159.270212,56.209558,0.0],[-159.270035,56.209412,0.0],[-159.26918,56.208796,0.0],[-159.269015,56.208652,0.0],[-159.269255,56.208621,0.0],[-159.269592,56.208447,0.0],[-159.269902,56.208057,0.0],[-159.269901,56.207854,0.0],[-159.269771,56.207536,0.0],[-159.269329,56.207262,0.0],[-159.267616,56.206974,0.0],[-159.266119,56.206587,0.0],[-159.265721,56.206484,0.0],[-159.265275,56.206327,0.0],[-159.263021,56.205532,0.0],[-159.261618,56.204839,0.0],[-159.259981,56.203683,0.0],[-159.258526,56.202802,0.0],[-159.256578,56.201893,0.0],[-159.255592,56.201474,0.0],[-159.254839,56.20133,0.0],[-159.253335,56.201389,0.0],[-159.252505,56.201318,0.0],[-159.251518,56.200928,0.0],[-159.249519,56.200192,0.0],[-159.24861,56.199715,0.0],[-159.247649,56.198906,0.0],[-159.246843,56.198111,0.0],[-159.246376,56.197822,0.0],[-159.24609,56.197707,0.0],[-159.245727,56.197664,0.0],[-159.245468,56.197707,0.0],[-159.245286,56.197809,0.0],[-159.245158,56.198243,0.0],[-159.244873,56.198575,0.0],[-159.244433,56.198879,0.0],[-159.243836,56.199082,0.0],[-159.24337,56.199169,0.0],[-159.242592,56.199242,0.0],[-159.241737,56.199242,0.0],[-159.241554,56.199242,0.0],[-159.241165,56.199214,0.0],[-159.240776,56.199098,0.0],[-159.240652,56.199038,0.0],[-159.240334,56.198882,0.0],[-159.239996,56.198405,0.0],[-159.23971,56.197841,0.0],[-159.239473,56.196164,0.0],[-159.239161,56.195427,0.0],[-159.238927,56.195123,0.0],[-159.238433,56.194762,0.0],[-159.237784,56.194531,0.0],[-159.237032,56.194387,0.0],[-159.235813,56.194286,0.0],[-159.234853,56.194027,0.0],[-159.23301,56.193319,0.0],[-159.230961,56.192669,0.0],[-159.229455,56.192077,0.0],[-159.22699,56.190777,0.0],[-159.226134,56.190489,0.0],[-159.224811,56.190157,0.0],[-159.223799,56.189781,0.0],[-159.223357,56.189564,0.0],[-159.223046,56.189333,0.0],[-159.222916,56.188957,0.0],[-159.222967,56.188249,0.0],[-159.223225,56.187584,0.0],[-159.223742,56.186817,0.0],[-159.22426,56.186282,0.0],[-159.224804,56.185819,0.0],[-159.225192,56.185573,0.0],[-159.225737,56.185457,0.0],[-159.226203,56.185457,0.0],[-159.226826,56.185644,0.0],[-159.227501,56.185904,0.0],[-159.227942,56.186164,0.0],[-159.228149,56.186193,0.0],[-159.228383,56.186164,0.0],[-159.228512,56.186092,0.0],[-159.22846,56.185947,0.0],[-159.228304,56.185687,0.0],[-159.226851,56.184777,0.0],[-159.225423,56.183982,0.0],[-159.223892,56.183173,0.0],[-159.223114,56.182812,0.0],[-159.221479,56.181584,0.0],[-159.219999,56.180225,0.0],[-159.218131,56.178635,0.0],[-159.216962,56.177378,0.0],[-159.216261,56.176496,0.0],[-159.21556,56.175325,0.0],[-159.214781,56.174386,0.0],[-159.214495,56.17388,0.0],[-159.214417,56.173489,0.0],[-159.214494,56.173099,0.0],[-159.214804,56.172217,0.0],[-159.214804,56.171769,0.0],[-159.214673,56.171248,0.0],[-159.214544,56.171075,0.0],[-159.214232,56.170887,0.0],[-159.212469,56.170468,0.0],[-159.210836,56.169992,0.0],[-159.207802,56.169024,0.0],[-159.20451,56.167709,0.0],[-159.202176,56.166958,0.0],[-159.198418,56.165932,0.0],[-159.196448,56.165513,0.0],[-159.194685,56.16521,0.0],[-159.193416,56.165052,0.0],[-159.190409,56.164994,0.0],[-159.189243,56.164937,0.0],[-159.187299,56.164633,0.0],[-159.185382,56.164431,0.0],[-159.184526,56.164489,0.0],[-159.182842,56.164793,0.0],[-159.18165,56.164866,0.0],[-159.18051,56.164837,0.0],[-159.179473,56.164678,0.0],[-159.178566,56.164418,0.0],[-159.177478,56.164172,0.0],[-159.173487,56.163652,0.0],[-159.168771,56.163233,0.0],[-159.16719,56.163247,0.0],[-159.164028,56.162914,0.0],[-159.163303,56.162958,0.0],[-159.157161,56.162856,0.0],[-159.155892,56.162943,0.0],[-159.155658,56.162986,0.0],[-159.154959,56.162972,0.0],[-159.154596,56.162885,0.0],[-159.15413,56.162625,0.0],[-159.152756,56.161685,0.0],[-159.152083,56.161395,0.0],[-159.151306,56.161222,0.0],[-159.149129,56.161106,0.0],[-159.148352,56.161077,0.0],[-159.147978,56.16109,0.0],[-159.147121,56.160716,0.0],[-159.146125,56.159712,0.0],[-159.144345,56.159218,0.0],[-159.142656,56.158148,0.0],[-159.142642,56.156816,0.0],[-159.142287,56.155499,0.0],[-159.140533,56.153956,0.0],[-159.136987,56.153062,0.0],[-159.132735,56.152007,0.0],[-159.128942,56.15179,0.0],[-159.12575,56.150975,0.0],[-159.124782,56.15016,0.0],[-159.121287,56.145931,0.0],[-159.120841,56.143951,0.0],[-159.120422,56.14216,0.0],[-159.121022,56.140326,0.0],[-159.12229,56.139605,0.0],[-159.125598,56.140034,0.0],[-159.12841,56.140579,0.0],[-159.130032,56.141175,0.0],[-159.132163,56.14175,0.0],[-159.13423,56.141851,0.0],[-159.136152,56.142149,0.0],[-159.138794,56.142702,0.0],[-159.140769,56.143378,0.0],[-159.142941,56.144236,0.0],[-159.146329,56.145232,0.0],[-159.149181,56.146061,0.0],[-159.15093,56.146812,0.0],[-159.155066,56.151072,0.0],[-159.155843,56.151708,0.0],[-159.156905,56.152286,0.0],[-159.157682,56.152605,0.0],[-159.159936,56.153226,0.0],[-159.162837,56.154513,0.0],[-159.164858,56.155106,0.0],[-159.167008,56.15554,0.0],[-159.168615,56.155728,0.0],[-159.171516,56.155945,0.0],[-159.172034,56.15609,0.0],[-159.174133,56.157073,0.0],[-159.175144,56.157434,0.0],[-159.178486,56.158316,0.0],[-159.181492,56.158619,0.0],[-159.182529,56.158749,0.0],[-159.183099,56.158995,0.0],[-159.18341,56.159183,0.0],[-159.183747,56.159804,0.0],[-159.184188,56.160151,0.0],[-159.184706,56.160441,0.0],[-159.185276,56.160672,0.0],[-159.186105,56.160816,0.0],[-159.187427,56.160816,0.0],[-159.188904,56.160671,0.0],[-159.189914,56.160642,0.0],[-159.191495,56.160671,0.0],[-159.192583,56.160598,0.0],[-159.193956,56.160583,0.0],[-159.195459,56.160598,0.0],[-159.197558,56.160727,0.0],[-159.198802,56.160886,0.0],[-159.200357,56.161363,0.0],[-159.203286,56.162186,0.0],[-159.204686,56.162518,0.0],[-159.206811,56.162908,0.0],[-159.208548,56.163269,0.0],[-159.210517,56.163557,0.0],[-159.212176,56.163889,0.0],[-159.213213,56.163976,0.0],[-159.214146,56.163975,0.0],[-159.214182,56.163967,0.0],[-159.214742,56.163845,0.0],[-159.214751,56.163829,0.0],[-159.216886,56.16331,0.0],[-159.21937,56.162725,0.0],[-159.219932,56.162165,0.0],[-159.219773,56.161041,0.0],[-159.219925,56.159845,0.0],[-159.222859,56.159418,0.0],[-159.225048,56.159025,0.0],[-159.228211,56.158707,0.0],[-159.228931,56.158762,0.0],[-159.230698,56.158896,0.0],[-159.234814,56.160024,0.0],[-159.23423,56.158919,0.0],[-159.231682,56.157543,0.0],[-159.224865,56.155462,0.0],[-159.218112,56.153081,0.0],[-159.217766,56.152144,0.0],[-159.218434,56.151579,0.0],[-159.220641,56.151304,0.0],[-159.224303,56.151243,0.0],[-159.224829,56.151449,0.0],[-159.225788,56.151492,0.0],[-159.226203,56.151607,0.0],[-159.226773,56.152012,0.0],[-159.227837,56.152879,0.0],[-159.228226,56.153254,0.0],[-159.228874,56.153572,0.0],[-159.229367,56.153746,0.0],[-159.230092,56.15389,0.0],[-159.230533,56.15389,0.0],[-159.231025,56.153774,0.0],[-159.231879,56.153657,0.0],[-159.232786,56.153816,0.0],[-159.233305,56.154018,0.0],[-159.233798,56.154307,0.0],[-159.233954,56.154596,0.0],[-159.234188,56.155464,0.0],[-159.234215,56.155869,0.0],[-159.234475,56.156259,0.0],[-159.234812,56.156519,0.0],[-159.235071,56.156663,0.0],[-159.235486,56.156764,0.0],[-159.236704,56.156923,0.0],[-159.238881,56.157124,0.0],[-159.240384,56.157325,0.0],[-159.245256,56.158089,0.0],[-159.245826,56.158074,0.0],[-159.246293,56.157886,0.0],[-159.248285,56.156612,0.0],[-159.248725,56.156482,0.0],[-159.249502,56.156438,0.0],[-159.250636,56.156486,0.0],[-159.251161,56.156509,0.0],[-159.252768,56.156826,0.0],[-159.253649,56.15697,0.0],[-159.254037,56.156941,0.0],[-159.254244,56.156839,0.0],[-159.253907,56.156536,0.0],[-159.251961,56.155467,0.0],[-159.250843,56.154754,0.0],[-159.251107,56.154761,0.0],[-159.251471,56.15479,0.0],[-159.251807,56.154842,0.0],[-159.252022,56.154894,0.0],[-159.252228,56.154953,0.0],[-159.25263,56.155079,0.0],[-159.253009,56.155223,0.0],[-159.253782,56.155503,0.0],[-159.254056,56.155586,0.0],[-159.254618,56.155742,0.0],[-159.25502,56.155872,0.0],[-159.255227,56.155933,0.0],[-159.255649,56.156049,0.0],[-159.255869,56.156102,0.0],[-159.256185,56.156157,0.0],[-159.256522,56.156198,0.0],[-159.257584,56.156287,0.0],[-159.257931,56.156322,0.0],[-159.258439,56.156381,0.0],[-159.258835,56.15641,0.0],[-159.259255,56.156423,0.0],[-159.259692,56.156424,0.0],[-159.260114,56.156419,0.0],[-159.260151,56.156488,0.0],[-159.260761,56.157376,0.0],[-159.261243,56.158078,0.0],[-159.261607,56.158424,0.0],[-159.262048,56.158728,0.0],[-159.262981,56.159088,0.0],[-159.263448,56.159088,0.0],[-159.26407,56.159015,0.0],[-159.264795,56.158971,0.0],[-159.265158,56.158985,0.0],[-159.265676,56.159173,0.0],[-159.266299,56.159491,0.0],[-159.266792,56.159664,0.0],[-159.268245,56.160458,0.0],[-159.268609,56.160732,0.0],[-159.269179,56.160949,0.0],[-159.269568,56.161035,0.0],[-159.269801,56.161035,0.0],[-159.270034,56.160861,0.0],[-159.270214,56.160471,0.0],[-159.270193,56.160369,0.0],[-159.270162,56.160225,0.0],[-159.269928,56.160023,0.0],[-159.269279,56.159589,0.0],[-159.268111,56.158578,0.0],[-159.265879,56.157279,0.0],[-159.265152,56.156759,0.0],[-159.264918,56.156556,0.0],[-159.264866,56.15647,0.0],[-159.26489,56.156405,0.0],[-159.264975,56.156417,0.0],[-159.265197,56.156468,0.0],[-159.265613,56.156587,0.0],[-159.265811,56.156653,0.0],[-159.265999,56.156726,0.0],[-159.266547,56.156955,0.0],[-159.267245,56.157281,0.0],[-159.267585,56.15745,0.0],[-159.267933,56.157614,0.0],[-159.268272,56.157784,0.0],[-159.26862,56.157948,0.0],[-159.26896,56.158117,0.0],[-159.269309,56.15828,0.0],[-159.269649,56.158449,0.0],[-159.269997,56.158613,0.0],[-159.270336,56.158783,0.0],[-159.270681,56.158948,0.0],[-159.271349,56.159294,0.0],[-159.271825,56.15957,0.0],[-159.271979,56.159665,0.0],[-159.272546,56.160077,0.0],[-159.272701,56.160172,0.0],[-159.273178,56.160447,0.0],[-159.273855,56.160788,0.0],[-159.274564,56.161108,0.0],[-159.275127,56.161327,0.0],[-159.27532,56.161397,0.0],[-159.275593,56.16148,0.0],[-159.27615,56.161639,0.0],[-159.277335,56.162042,0.0],[-159.277891,56.162202,0.0],[-159.278164,56.162286,0.0],[-159.278919,56.162574,0.0],[-159.279277,56.162727,0.0],[-159.279995,56.163014,0.0],[-159.280365,56.163133,0.0],[-159.280549,56.163186,0.0],[-159.280738,56.16323,0.0],[-159.281003,56.163268,0.0],[-159.281277,56.163283,0.0],[-159.281545,56.163279,0.0],[-159.28193,56.163254,0.0],[-159.282131,56.163248,0.0],[-159.282339,56.163252,0.0],[-159.282774,56.163278,0.0],[-159.283124,56.16329,0.0],[-159.283506,56.163293,0.0],[-159.283913,56.163288,0.0],[-159.284338,56.163278,0.0],[-159.285222,56.163247,0.0],[-159.288444,56.163099,0.0],[-159.289358,56.163063,0.0],[-159.289808,56.163049,0.0],[-159.29025,56.163041,0.0],[-159.290681,56.16304,0.0],[-159.291096,56.163049,0.0],[-159.291491,56.163072,0.0],[-159.291858,56.163113,0.0],[-159.292096,56.163153,0.0],[-159.292634,56.16326,0.0],[-159.292936,56.163325,0.0],[-159.293222,56.1634,0.0],[-159.293421,56.163467,0.0],[-159.293805,56.163609,0.0],[-159.293992,56.163683,0.0],[-159.294706,56.164004,0.0],[-159.295053,56.164171,0.0],[-159.295762,56.164489,0.0],[-159.295946,56.164562,0.0],[-159.29632,56.1647,0.0],[-159.296511,56.164763,0.0],[-159.29678,56.164832,0.0],[-159.297059,56.164888,0.0],[-159.297529,56.164971,0.0],[-159.297723,56.164997,0.0],[-159.297921,56.165009,0.0],[-159.29812,56.165006,0.0],[-159.298779,56.164951,0.0],[-159.299056,56.164936,0.0],[-159.29934,56.164926,0.0],[-159.299623,56.164924,0.0],[-159.299897,56.16493,0.0],[-159.300329,56.164948,0.0],[-159.300619,56.164941,0.0],[-159.300908,56.164914,0.0],[-159.301181,56.164863,0.0],[-159.301371,56.16481,0.0],[-159.301554,56.164748,0.0],[-159.301922,56.164612,0.0],[-159.302278,56.164459,0.0],[-159.302793,56.164264,0.0],[-159.303058,56.164157,0.0],[-159.30349,56.163955,0.0],[-159.304452,56.163521,0.0],[-159.304774,56.163395,0.0],[-159.30559,56.163086,0.0],[-159.305671,56.163063,0.0],[-159.305709,56.163061,0.0],[-159.305707,56.163106,0.0],[-159.305767,56.163193,0.0],[-159.305888,56.163309,0.0],[-159.30607,56.163441,0.0],[-159.306295,56.16359,0.0],[-159.306533,56.163761,0.0],[-159.306755,56.163958,0.0],[-159.306955,56.164176,0.0],[-159.307133,56.164399,0.0],[-159.307432,56.164803,0.0],[-159.307569,56.164962,0.0],[-159.307898,56.165277,0.0],[-159.308087,56.165475,0.0],[-159.308164,56.165573,0.0],[-159.308217,56.165676,0.0],[-159.308246,56.165781,0.0],[-159.308261,56.165995,0.0],[-159.308291,56.166169,0.0],[-159.308356,56.16635,0.0],[-159.308461,56.166525,0.0],[-159.308614,56.166685,0.0],[-159.308793,56.166808,0.0],[-159.3092,56.167041,0.0],[-159.30939,56.167171,0.0],[-159.309762,56.167445,0.0],[-159.310065,56.167637,0.0],[-159.310656,56.168036,0.0],[-159.310818,56.168165,0.0],[-159.311129,56.168434,0.0],[-159.311296,56.16856,0.0],[-159.311484,56.168673,0.0],[-159.311699,56.168768,0.0],[-159.311934,56.168849,0.0],[-159.312414,56.169007,0.0],[-159.312636,56.169097,0.0],[-159.312853,56.169216,0.0],[-159.313051,56.169348,0.0],[-159.313534,56.169686,0.0],[-159.313711,56.169831,0.0],[-159.314055,56.170128,0.0],[-159.314336,56.170336,0.0],[-159.314701,56.17062,0.0],[-159.3149,56.170751,0.0],[-159.315065,56.170839,0.0],[-159.315417,56.171001,0.0],[-159.315605,56.171074,0.0],[-159.315848,56.171151,0.0],[-159.316359,56.171287,0.0],[-159.316607,56.171361,0.0],[-159.316834,56.171448,0.0],[-159.317053,56.171567,0.0],[-159.317247,56.171701,0.0],[-159.317569,56.171949,0.0],[-159.3177,56.17206,0.0],[-159.317854,56.172222,0.0],[-159.318264,56.17274,0.0],[-159.318419,56.1729,0.0],[-159.318603,56.17304,0.0],[-159.318823,56.173155,0.0],[-159.319066,56.173254,0.0],[-159.319682,56.173482,0.0],[-159.319871,56.173542,0.0],[-159.320247,56.173649,0.0],[-159.320435,56.173694,0.0],[-159.320693,56.173737,0.0],[-159.32095,56.173762,0.0],[-159.321345,56.173786,0.0],[-159.32149,56.173802,0.0],[-159.321627,56.173835,0.0],[-159.32175,56.173889,0.0],[-159.321888,56.174005,0.0],[-159.321989,56.174157,0.0],[-159.322058,56.174335,0.0],[-159.322102,56.174528,0.0],[-159.322125,56.174728,0.0],[-159.322127,56.174926,0.0],[-159.322111,56.175116,0.0],[-159.322077,56.17536,0.0],[-159.322093,56.17552,0.0],[-159.322153,56.175674,0.0],[-159.322263,56.175814,0.0],[-159.322379,56.175905,0.0],[-159.322517,56.175989,0.0],[-159.32267,56.176068,0.0],[-159.322842,56.176139,0.0],[-159.323076,56.17621,0.0],[-159.323334,56.176269,0.0],[-159.323877,56.176377,0.0],[-159.324142,56.176437,0.0],[-159.324351,56.176495,0.0],[-159.324969,56.17668,0.0],[-159.325368,56.176812,0.0],[-159.325916,56.176979,0.0],[-159.326173,56.177073,0.0],[-159.326349,56.177154,0.0],[-159.326514,56.177243,0.0],[-159.326672,56.177336,0.0],[-159.326819,56.177437,0.0],[-159.326986,56.177589,0.0],[-159.32713,56.177757,0.0],[-159.327391,56.178109,0.0],[-159.327529,56.17828,0.0],[-159.327687,56.178438,0.0],[-159.327823,56.178545,0.0],[-159.328115,56.178746,0.0],[-159.328269,56.178842,0.0],[-159.328432,56.178931,0.0],[-159.328937,56.179189,0.0],[-159.329654,56.179505,0.0],[-159.330155,56.179701,0.0],[-159.330388,56.179811,0.0],[-159.330573,56.179926,0.0],[-159.330739,56.180053,0.0],[-159.331059,56.180316,0.0],[-159.33123,56.180441,0.0],[-159.331655,56.180689,0.0],[-159.331856,56.180821,0.0],[-159.332027,56.180972,0.0],[-159.332175,56.181138,0.0],[-159.332571,56.181664,0.0],[-159.332718,56.181827,0.0],[-159.33308,56.182161,0.0],[-159.3333,56.182381,0.0],[-159.333396,56.182493,0.0],[-159.333496,56.182675,0.0],[-159.333546,56.182868,0.0],[-159.333546,56.183063,0.0],[-159.334582,56.185111,0.0],[-159.334938,56.185699,0.0],[-159.336147,56.18655,0.0],[-159.338413,56.188061,0.0],[-159.338404,56.188061,0.0],[-159.338254,56.188063,0.0],[-159.337981,56.188095,0.0],[-159.337788,56.188136,0.0],[-159.33733,56.188257,0.0],[-159.337063,56.188336,0.0],[-159.336808,56.188426,0.0],[-159.336632,56.188505,0.0],[-159.336289,56.188671,0.0],[-159.33612,56.188757,0.0],[-159.335796,56.188938,0.0],[-159.335627,56.189026,0.0],[-159.335108,56.189285,0.0],[-159.334851,56.189388,0.0],[-159.334039,56.18966,0.0],[-159.333767,56.189742,0.0],[-159.333361,56.189842,0.0],[-159.332925,56.189934,0.0],[-159.332071,56.190099,0.0],[-159.331704,56.190175,0.0],[-159.331406,56.190247,0.0],[-159.331,56.190363,0.0],[-159.331027,56.190424,0.0],[-159.331024,56.190555,0.0],[-159.33098,56.190736,0.0],[-159.330881,56.190947,0.0],[-159.330778,56.191092,0.0],[-159.330651,56.19124,0.0],[-159.330509,56.19139,0.0],[-159.330353,56.191538,0.0],[-159.330122,56.191723,0.0],[-159.329888,56.191896,0.0],[-159.329685,56.192062,0.0],[-159.329548,56.192208,0.0],[-159.329441,56.192357,0.0],[-159.329252,56.192667,0.0],[-159.329149,56.192818,0.0],[-159.328955,56.19306,0.0],[-159.32872,56.193393,0.0],[-159.328596,56.193556,0.0],[-159.328386,56.19379,0.0],[-159.328288,56.19391,0.0],[-159.328103,56.194156,0.0],[-159.328022,56.194284,0.0],[-159.327941,56.194487,0.0],[-159.327894,56.194708,0.0],[-159.327873,56.19494,0.0],[-159.327869,56.195181,0.0],[-159.327891,56.195918,0.0],[-159.327889,56.196159,0.0],[-159.327873,56.196394,0.0],[-159.327834,56.196617,0.0],[-159.327762,56.196826,0.0],[-159.327691,56.196959,0.0],[-159.327394,56.197429,0.0],[-159.327263,56.197589,0.0],[-159.327147,56.1977,0.0],[-159.326896,56.197915,0.0],[-159.326765,56.198019,0.0],[-159.326192,56.198414,0.0],[-159.325581,56.198792,0.0],[-159.325421,56.198882,0.0],[-159.324937,56.199153,0.0],[-159.324478,56.19938,0.0],[-159.324263,56.199501,0.0],[-159.324078,56.199635,0.0],[-159.323739,56.199919,0.0],[-159.323189,56.200325,0.0],[-159.32233,56.200918,0.0],[-159.321781,56.201324,0.0],[-159.32145,56.201612,0.0],[-159.321273,56.20175,0.0],[-159.321071,56.201877,0.0],[-159.320859,56.201998,0.0],[-159.320658,56.202125,0.0],[-159.320525,56.202229,0.0],[-159.320402,56.202338,0.0],[-159.320287,56.20245,0.0],[-159.320187,56.202569,0.0],[-159.320086,56.202754,0.0],[-159.320022,56.202957,0.0],[-159.319984,56.203173,0.0],[-159.319963,56.203396,0.0],[-159.319923,56.204078,0.0],[-159.319894,56.204298,0.0],[-159.319844,56.204508,0.0],[-159.319764,56.204704,0.0],[-159.319684,56.204833,0.0],[-159.319236,56.205458,0.0],[-159.319139,56.205636,0.0],[-159.319061,56.205823,0.0],[-159.318923,56.206206,0.0],[-159.318843,56.206393,0.0],[-159.318744,56.20657,0.0],[-159.318287,56.207192,0.0],[-159.318208,56.207321,0.0],[-159.318133,56.207505,0.0],[-159.31809,56.207702,0.0],[-159.318074,56.207906,0.0],[-159.318081,56.208116,0.0],[-159.318108,56.208327,0.0],[-159.318155,56.208535,0.0],[-159.318223,56.208738,0.0],[-159.318313,56.208932,0.0],[-159.318431,56.209111,0.0],[-159.318539,56.209235,0.0],[-159.318964,56.209677,0.0],[-159.319134,56.209829,0.0],[-159.319837,56.210357,0.0],[-159.319972,56.210466,0.0],[-159.320154,56.210643,0.0],[-159.32048,56.21102,0.0],[-159.320654,56.211202,0.0],[-159.320911,56.211427,0.0],[-159.321243,56.211733,0.0],[-159.321419,56.21188,0.0],[-159.322002,56.212283,0.0],[-159.322298,56.212481,0.0],[-159.322481,56.212623,0.0],[-159.322837,56.212913,0.0],[-159.323124,56.213116,0.0],[-159.323263,56.213222,0.0],[-159.323534,56.213436,0.0],[-159.323663,56.213548,0.0],[-159.323813,56.213711,0.0],[-159.323944,56.213886,0.0],[-159.324188,56.214248,0.0],[-159.32432,56.214423,0.0],[-159.32447,56.214586,0.0],[-159.324599,56.214698,0.0],[-159.32501,56.215017,0.0],[-159.3253,56.215219,0.0],[-159.325661,56.215504,0.0],[-159.325849,56.215643,0.0],[-159.326468,56.216021,0.0],[-159.32679,56.216203,0.0],[-159.326944,56.216298,0.0],[-159.327246,56.216492,0.0],[-159.327392,56.216592,0.0],[-159.327568,56.216739,0.0],[-159.32813,56.217285,0.0],[-159.328269,56.217455,0.0],[-159.328392,56.217636,0.0],[-159.328627,56.218004,0.0],[-159.328757,56.21818,0.0],[-159.328907,56.218343,0.0],[-159.329038,56.218453,0.0],[-159.329317,56.218662,0.0],[-159.329463,56.218763,0.0],[-159.329771,56.218953,0.0],[-159.330377,56.21934,0.0],[-159.330934,56.219759,0.0],[-159.331449,56.220076,0.0],[-159.331664,56.220196,0.0],[-159.331905,56.2203,0.0],[-159.332182,56.22038,0.0],[-159.332487,56.220442,0.0],[-159.33313,56.220544,0.0],[-159.333444,56.220601,0.0],[-159.333736,56.220671,0.0],[-159.333934,56.220738,0.0],[-159.334121,56.220812,0.0],[-159.3343,56.220891,0.0],[-159.334467,56.220978,0.0],[-159.334664,56.22111,0.0],[-159.334841,56.221256,0.0],[-159.335138,56.22152,0.0],[-159.335259,56.221638,0.0],[-159.3354,56.221808,0.0],[-159.335522,56.22199,0.0],[-159.335748,56.222366,0.0],[-159.335868,56.22255,0.0],[-159.336005,56.222722,0.0],[-159.336122,56.222842,0.0],[-159.336561,56.223271,0.0],[-159.336732,56.223418,0.0],[-159.337298,56.223807,0.0],[-159.337577,56.223987,0.0],[-159.337815,56.224173,0.0],[-159.337919,56.224266,0.0],[-159.338006,56.224361,0.0],[-159.338066,56.224462,0.0],[-159.338098,56.224568,0.0],[-159.338122,56.224955,0.0],[-159.338151,56.225131,0.0],[-159.338199,56.225313,0.0],[-159.338271,56.225493,0.0],[-159.338369,56.225666,0.0],[-159.338501,56.225825,0.0],[-159.338625,56.225932,0.0],[-159.338761,56.226032,0.0],[-159.338904,56.22613,0.0],[-159.339055,56.226224,0.0],[-159.339216,56.226311,0.0],[-159.339712,56.226559,0.0],[-159.340151,56.226758,0.0],[-159.340332,56.226867,0.0],[-159.340458,56.226996,0.0],[-159.340528,56.227139,0.0],[-159.340545,56.227287,0.0],[-159.340523,56.227397,0.0],[-159.340373,56.227806,0.0],[-159.340299,56.227957,0.0],[-159.340202,56.228103,0.0],[-159.340072,56.228238,0.0],[-159.339881,56.22837,0.0],[-159.339629,56.228502,0.0],[-159.338874,56.228874,0.0],[-159.338232,56.229165,0.0],[-159.337956,56.229305,0.0],[-159.337735,56.229439,0.0],[-159.337435,56.229631,0.0],[-159.337369,56.229662,0.0],[-159.337341,56.229667,0.0],[-159.337223,56.229648,0.0],[-159.336913,56.22958,0.0],[-159.336641,56.229531,0.0],[-159.335173,56.229316,0.0],[-159.334548,56.22921,0.0],[-159.334188,56.22916,0.0],[-159.333851,56.229122,0.0],[-159.333265,56.22907,0.0],[-159.332587,56.228999,0.0],[-159.332386,56.22899,0.0],[-159.33219,56.228992,0.0],[-159.331809,56.229013,0.0],[-159.331539,56.229018,0.0],[-159.331262,56.229006,0.0],[-159.330992,56.228977,0.0],[-159.330227,56.228837,0.0],[-159.330042,56.228807,0.0],[-159.329857,56.228785,0.0],[-159.329603,56.228781,0.0],[-159.329351,56.228807,0.0],[-159.329117,56.228863,0.0],[-159.328912,56.228949,0.0],[-159.328518,56.229163,0.0],[-159.327825,56.229481,0.0],[-159.327182,56.229846,0.0],[-159.326877,56.230039,0.0],[-159.326561,56.230228,0.0],[-159.326253,56.23042,0.0],[-159.32576,56.230696,0.0],[-159.325591,56.230785,0.0],[-159.325349,56.230896,0.0],[-159.324852,56.231113,0.0],[-159.32441,56.231339,0.0],[-159.323778,56.231033,0.0],[-159.321768,56.230417,0.0],[-159.320399,56.229997,0.0],[-159.319333,56.229608,0.0],[-159.317772,56.228829,0.0],[-159.317278,56.228468,0.0],[-159.31634,56.227659,0.0],[-159.315245,56.226359,0.0],[-159.314333,56.225507,0.0],[-159.313474,56.224829,0.0],[-159.312251,56.224078,0.0],[-159.310924,56.223198,0.0],[-159.310039,56.222519,0.0],[-159.309466,56.221941,0.0],[-159.308527,56.220612,0.0],[-159.308188,56.220309,0.0],[-159.307382,56.219804,0.0],[-159.305926,56.219169,0.0],[-159.305405,56.218664,0.0],[-159.304833,56.218274,0.0],[-159.304624,56.217869,0.0],[-159.304439,56.21706,0.0],[-159.304438,56.216771,0.0],[-159.30428,56.215976,0.0],[-159.304071,56.215687,0.0],[-159.303603,56.215326,0.0],[-159.303368,56.214863,0.0],[-159.303081,56.214473,0.0],[-159.302873,56.214257,0.0],[-159.302587,56.214141,0.0],[-159.302327,56.214098,0.0],[-159.302042,56.214113,0.0],[-159.301808,56.214185,0.0],[-159.30085,56.214606,0.0],[-159.300383,56.214765,0.0],[-159.299864,56.214737,0.0],[-159.29789,56.214233,0.0],[-159.297111,56.213887,0.0],[-159.296824,56.213612,0.0],[-159.29659,56.213208,0.0],[-159.296639,56.212384,0.0],[-159.296611,56.211834,0.0],[-159.296946,56.211125,0.0],[-159.296996,56.210634,0.0],[-159.296939,56.20926,0.0],[-159.296571,56.207713,0.0],[-159.296414,56.207352,0.0],[-159.29618,56.207078,0.0],[-159.295686,56.206789,0.0],[-159.295374,56.206731,0.0],[-159.294596,56.206804,0.0],[-159.293897,56.207065,0.0],[-159.291903,56.208268,0.0],[-159.291488,56.208442,0.0],[-159.290969,56.208399,0.0],[-159.290502,56.208255,0.0],[-159.290401,56.208173,0.0],[-159.290216,56.208023,0.0],[-159.289981,56.207735,0.0],[-159.289851,56.207474,0.0],[-159.289857,56.207456,0.0],[-159.289928,56.207228,0.0],[-159.290109,56.207098,0.0],[-159.290731,56.207025,0.0],[-159.291639,56.206851,0.0],[-159.292209,56.206633,0.0],[-159.292649,56.206387,0.0],[-159.292959,56.205881,0.0],[-159.293216,56.205201,0.0],[-159.293185,56.203567,0.0],[-159.293079,56.202916,0.0],[-159.292818,56.202396,0.0],[-159.29193,56.20085,0.0],[-159.291929,56.200315,0.0],[-159.292264,56.199852,0.0],[-159.292652,56.19949,0.0],[-159.293869,56.19878,0.0],[-159.294982,56.198172,0.0],[-159.295267,56.197897,0.0],[-159.295344,56.197665,0.0],[-159.295317,56.197333,0.0],[-159.295005,56.197044,0.0],[-159.294537,56.19677,0.0],[-159.294519,56.196764,0.0],[-159.293836,56.196554,0.0],[-159.293317,56.196554,0.0],[-159.291865,56.196729,0.0],[-159.289817,56.196818,0.0],[-159.288649,56.196761,0.0],[-159.287949,56.196661,0.0],[-159.286781,56.196358,0.0],[-159.285456,56.195882,0.0],[-159.284107,56.195537,0.0],[-159.282706,56.195364,0.0],[-159.281538,56.195308,0.0],[-159.28089,56.195395,0.0],[-159.280476,56.195554,0.0],[-159.280297,56.196552,0.0],[-159.280065,56.196842,0.0],[-159.27952,56.196987,0.0],[-159.278587,56.197031,0.0],[-159.276719,56.19696,0.0],[-159.276045,56.197062,0.0],[-159.275656,56.197193,0.0],[-159.275553,56.197265,0.0],[-159.275217,56.197656,0.0],[-159.275036,56.197945,0.0],[-159.275115,56.198292,0.0],[-159.275401,56.198523,0.0],[-159.275764,56.198639,0.0],[-159.276465,56.198667,0.0],[-159.277787,56.198593,0.0],[-159.279862,56.198548,0.0],[-159.282378,56.198401,0.0],[-159.283726,56.198414,0.0],[-159.285776,56.198629,0.0],[-159.286918,56.198845,0.0],[-159.287982,56.199119,0.0],[-159.288476,56.199379,0.0],[-159.288814,56.19974,0.0],[-159.288998,56.200303,0.0],[-159.289052,56.200954,0.0],[-159.289004,56.202342,0.0],[-159.289319,56.203556,0.0],[-159.289451,56.204294,0.0],[-159.289272,56.204786,0.0],[-159.289013,56.205003,0.0],[-159.288494,56.205148,0.0],[-159.287717,56.205264,0.0],[-159.285822,56.205194,0.0],[-159.284422,56.205181,0.0],[-159.282969,56.205211,0.0],[-159.282398,56.205096,0.0],[-159.281152,56.204924,0.0],[-159.280503,56.204881,0.0],[-159.279855,56.204881,0.0],[-159.279414,56.204997,0.0],[-159.279233,56.205171,0.0],[-159.279234,56.205345,0.0],[-159.279494,56.205634,0.0],[-159.280092,56.205994,0.0],[-159.281261,56.206471,0.0],[-159.282948,56.206874,0.0],[-159.285831,56.207753,0.0],[-159.288791,56.208748,0.0],[-159.289649,56.209123,0.0],[-159.29035,56.209542,0.0],[-159.290715,56.209961,0.0],[-159.290898,56.210394,0.0],[-159.290901,56.211204,0.0],[-159.290775,56.212375,0.0],[-159.290826,56.213347,0.0],[-159.290858,56.213937,0.0],[-159.291015,56.21437,0.0],[-159.291379,56.214659,0.0]],[[-159.25467,56.161755,0.0],[-159.254693,56.160555,0.0],[-159.254667,56.160266,0.0],[-159.25451,56.159803,0.0],[-159.254302,56.159514,0.0],[-159.254095,56.159326,0.0],[-159.253576,56.159225,0.0],[-159.253084,56.15924,0.0],[-159.252488,56.159313,0.0],[-159.251401,56.159574,0.0],[-159.250857,56.159791,0.0],[-159.250391,56.160081,0.0],[-159.249977,56.160442,0.0],[-159.249331,56.160891,0.0],[-159.248968,56.161267,0.0],[-159.24884,56.161774,0.0],[-159.248919,56.162121,0.0],[-159.2491,56.162294,0.0],[-159.249489,56.162467,0.0],[-159.2512,56.162856,0.0],[-159.2526,56.163072,0.0],[-159.25374,56.163072,0.0],[-159.254,56.163042,0.0],[-159.25444,56.162869,0.0],[-159.254595,56.162709,0.0],[-159.25467,56.161755,0.0]],[[-159.262919,56.175673,0.0],[-159.262349,56.175674,0.0],[-159.261675,56.17579,0.0],[-159.261235,56.17592,0.0],[-159.260459,56.176326,0.0],[-159.260044,56.176586,0.0],[-159.259631,56.17705,0.0],[-159.259245,56.178192,0.0],[-159.259246,56.178756,0.0],[-159.259454,56.179117,0.0],[-159.26,56.179493,0.0],[-159.26192,56.1802,0.0],[-159.262698,56.180575,0.0],[-159.26288,56.18059,0.0],[-159.262958,56.180532,0.0],[-159.262877,56.179216,0.0],[-159.262978,56.178406,0.0],[-159.26321,56.177726,0.0],[-159.263623,56.177032,0.0],[-159.264166,56.176627,0.0],[-159.264192,56.176439,0.0],[-159.264087,56.176121,0.0],[-159.263775,56.175875,0.0],[-159.263438,56.175774,0.0],[-159.262919,56.175673,0.0]],[[-159.263461,56.164221,0.0],[-159.263875,56.163975,0.0],[-159.2639,56.16383,0.0],[-159.263615,56.16357,0.0],[-159.26307,56.163542,0.0],[-159.262526,56.163643,0.0],[-159.26175,56.163846,0.0],[-159.260895,56.164223,0.0],[-159.260533,56.16457,0.0],[-159.260482,56.164816,0.0],[-159.260638,56.165018,0.0],[-159.260871,56.165091,0.0],[-159.26139,56.165105,0.0],[-159.262141,56.164887,0.0],[-159.263461,56.164221,0.0]]]}},{"type":"Feature","properties":{"rgi_id":"RGI2000-v7.0-G-01-06851","o1region":"01"},"geometry":{"type":"Polygon","coordinates":[[[-159.26489,56.156405,0.0],[-159.265046,56.155978,0.0],[-159.265175,56.155472,0.0],[-159.265148,56.155023,0.0],[-159.264862,56.154677,0.0],[-159.264083,56.154171,0.0],[-159.263746,56.153998,0.0],[-159.262502,56.15371,0.0],[-159.261334,56.153147,0.0],[-159.260946,56.153104,0.0],[-159.260687,56.153176,0.0],[-159.260351,56.15335,0.0],[-159.260041,56.153741,0.0],[-159.259834,56.15416,0.0],[-159.259734,56.155375,0.0],[-159.259839,56.155895,0.0],[-159.260114,56.156419,0.0],[-159.259692,56.156424,0.0],[-159.259255,56.156423,0.0],[-159.258835,56.15641,0.0],[-159.258439,56.156381,0.0],[-159.257931,56.156322,0.0],[-159.257584,56.156287,0.0],[-159.256522,56.156198,0.0],[-159.256185,56.156157,0.0],[-159.255869,56.156102,0.0],[-159.255649,56.156049,0.0],[-159.255227,56.155933,0.0],[-159.25502,56.155872,0.0],[-159.254618,56.155742,0.0],[-159.254056,56.155586,0.0],[-159.253782,56.155503,0.0],[-159.253009,56.155223,0.0],[-159.25263,56.155079,0.0],[-159.252228,56.154953,0.0],[-159.252022,56.154894,0.0],[-159.251807,56.154842,0.0],[-159.251471,56.15479,0.0],[-159.251107,56.154761,0.0],[-159.250843,56.154754,0.0],[-159.250716,56.154673,0.0],[-159.248795,56.152939,0.0],[-159.247238,56.151769,0.0],[-159.244696,56.150035,0.0],[-159.242855,56.149313,0.0],[-159.239071,56.148202,0.0],[-159.23879,56.148114,0.0],[-159.238582,56.146647,0.0],[-159.237754,56.145637,0.0],[-159.236104,56.144852,0.0],[-159.234957,56.14435,0.0],[-159.234677,56.144896,0.0],[-159.231122,56.143338,0.0],[-159.225057,56.142176,0.0],[-159.221152,56.141776,0.0],[-159.215518,56.140024,0.0],[-159.212507,56.136871,0.0],[-159.211792,56.133617,0.0],[-159.213155,56.130558,0.0],[-159.215958,56.130436,0.0],[-159.217756,56.128643,0.0],[-159.218669,56.126032,0.0],[-159.220333,56.125102,0.0],[-159.224624,56.124628,0.0],[-159.227582,56.123784,0.0],[-159.229499,56.122843,0.0],[-159.2308,56.119358,0.0],[-159.230438,56.116803,0.0],[-159.231176,56.114771,0.0],[-159.235111,56.113598,0.0],[-159.241989,56.113295,0.0],[-159.243383,56.114091,0.0],[-159.246758,56.114431,0.0],[-159.246825,56.115013,0.0],[-159.246752,56.117225,0.0],[-159.246856,56.117428,0.0],[-159.247763,56.118092,0.0],[-159.248878,56.119017,0.0],[-159.250537,56.120201,0.0],[-159.251988,56.120677,0.0],[-159.252738,56.120749,0.0],[-159.254732,56.120777,0.0],[-159.255612,56.120704,0.0],[-159.256543,56.120443,0.0],[-159.257034,56.120197,0.0],[-159.257602,56.119676,0.0],[-159.257678,56.119484,0.0],[-159.257729,56.119504,0.0],[-159.257909,56.119581,0.0],[-159.258079,56.119666,0.0],[-159.258403,56.119846,0.0],[-159.258558,56.119941,0.0],[-159.258745,56.12008,0.0],[-159.259096,56.120374,0.0],[-159.259372,56.120586,0.0],[-159.259716,56.120884,0.0],[-159.259896,56.121028,0.0],[-159.260043,56.121128,0.0],[-159.260499,56.121417,0.0],[-159.260818,56.1216,0.0],[-159.261437,56.121979,0.0],[-159.261627,56.122116,0.0],[-159.261809,56.122257,0.0],[-159.262009,56.1224,0.0],[-159.262193,56.122508,0.0],[-159.262396,56.12262,0.0],[-159.262832,56.122849,0.0],[-159.263515,56.123162,0.0],[-159.263725,56.123253,0.0],[-159.263923,56.123331,0.0],[-159.264247,56.123452,0.0],[-159.264365,56.123489,0.0],[-159.264449,56.123506,0.0],[-159.26449,56.123504,0.0],[-159.264988,56.12348,0.0],[-159.265056,56.12348,0.0],[-159.265109,56.12349,0.0],[-159.265137,56.123519,0.0],[-159.265148,56.123559,0.0],[-159.265183,56.123833,0.0],[-159.265182,56.123878,0.0],[-159.265203,56.123989,0.0],[-159.265247,56.124153,0.0],[-159.265313,56.124358,0.0],[-159.265404,56.12459,0.0],[-159.26552,56.124836,0.0],[-159.265729,56.125214,0.0],[-159.265864,56.125496,0.0],[-159.265973,56.125779,0.0],[-159.266055,56.12605,0.0],[-159.266114,56.126297,0.0],[-159.266299,56.127293,0.0],[-159.2664,56.127785,0.0],[-159.266462,56.128025,0.0],[-159.266535,56.128256,0.0],[-159.266625,56.128477,0.0],[-159.266736,56.128683,0.0],[-159.266923,56.128952,0.0],[-159.26704,56.129136,0.0],[-159.267255,56.129517,0.0],[-159.267369,56.129703,0.0],[-159.267498,56.12988,0.0],[-159.267651,56.13004,0.0],[-159.267786,56.130147,0.0],[-159.268081,56.130346,0.0],[-159.268238,56.130439,0.0],[-159.268582,56.130605,0.0],[-159.26894,56.130762,0.0],[-159.269134,56.130831,0.0],[-159.269538,56.130958,0.0],[-159.269752,56.131014,0.0],[-159.270061,56.131072,0.0],[-159.270391,56.131118,0.0],[-159.271071,56.131195,0.0],[-159.271401,56.13124,0.0],[-159.271711,56.131298,0.0],[-159.271926,56.131354,0.0],[-159.272131,56.131415,0.0],[-159.272531,56.131544,0.0],[-159.273271,56.131843,0.0],[-159.273977,56.132164,0.0],[-159.27432,56.132331,0.0],[-159.274671,56.132493,0.0],[-159.275012,56.132661,0.0],[-159.275362,56.132823,0.0],[-159.275702,56.132992,0.0],[-159.276053,56.133154,0.0],[-159.276393,56.133323,0.0],[-159.276744,56.133485,0.0],[-159.277085,56.133653,0.0],[-159.277436,56.133815,0.0],[-159.277777,56.133983,0.0],[-159.278128,56.134144,0.0],[-159.27847,56.134312,0.0],[-159.278821,56.134474,0.0],[-159.279163,56.134642,0.0],[-159.279514,56.134803,0.0],[-159.279856,56.134971,0.0],[-159.280208,56.135132,0.0],[-159.28055,56.1353,0.0],[-159.280901,56.135461,0.0],[-159.281243,56.135629,0.0],[-159.281594,56.135791,0.0],[-159.281936,56.135958,0.0],[-159.282288,56.13612,0.0],[-159.28263,56.136287,0.0],[-159.282981,56.136449,0.0],[-159.283323,56.136617,0.0],[-159.283674,56.136778,0.0],[-159.284016,56.136946,0.0],[-159.284368,56.137107,0.0],[-159.284709,56.137275,0.0],[-159.285061,56.137437,0.0],[-159.285402,56.137604,0.0],[-159.285754,56.137766,0.0],[-159.286095,56.137934,0.0],[-159.286446,56.138096,0.0],[-159.286787,56.138264,0.0],[-159.287138,56.138426,0.0],[-159.287478,56.138595,0.0],[-159.287828,56.138757,0.0],[-159.288168,56.138926,0.0],[-159.288517,56.139089,0.0],[-159.288856,56.139259,0.0],[-159.289205,56.139422,0.0],[-159.289543,56.139592,0.0],[-159.289891,56.139756,0.0],[-159.290231,56.139925,0.0],[-159.290931,56.14025,0.0],[-159.291481,56.140477,0.0],[-159.291669,56.14055,0.0],[-159.291868,56.140615,0.0],[-159.292075,56.140676,0.0],[-159.292286,56.140733,0.0],[-159.292509,56.140783,0.0],[-159.29286,56.140833,0.0],[-159.293245,56.140861,0.0],[-159.293653,56.140874,0.0],[-159.294079,56.140875,0.0],[-159.294517,56.140868,0.0],[-159.296307,56.140816,0.0],[-159.296745,56.140809,0.0],[-159.297172,56.14081,0.0],[-159.297581,56.140822,0.0],[-159.297965,56.14085,0.0],[-159.298315,56.1409,0.0],[-159.298537,56.140951,0.0],[-159.29895,56.141072,0.0],[-159.299145,56.14114,0.0],[-159.299327,56.141217,0.0],[-159.299675,56.141381,0.0],[-159.299842,56.141467,0.0],[-159.299997,56.141562,0.0],[-159.300144,56.141661,0.0],[-159.300288,56.141763,0.0],[-159.300422,56.141871,0.0],[-159.300576,56.14203,0.0],[-159.30071,56.142204,0.0],[-159.300955,56.142565,0.0],[-159.301087,56.14274,0.0],[-159.301239,56.142901,0.0],[-159.30137,56.143011,0.0],[-159.301649,56.14322,0.0],[-159.301794,56.143321,0.0],[-159.3021,56.143512,0.0],[-159.302691,56.143908,0.0],[-159.302868,56.144053,0.0],[-159.303201,56.144358,0.0],[-159.303458,56.144581,0.0],[-159.303598,56.144724,0.0],[-159.303859,56.145023,0.0],[-159.303995,56.145169,0.0],[-159.304145,56.145306,0.0],[-159.304283,56.145411,0.0],[-159.304572,56.145613,0.0],[-159.305021,56.145907,0.0],[-159.305301,56.146116,0.0],[-159.305435,56.146224,0.0],[-159.30556,56.146338,0.0],[-159.305711,56.146529,0.0],[-159.305828,56.146742,0.0],[-159.305921,56.146971,0.0],[-159.305996,56.147212,0.0],[-159.306058,56.147461,0.0],[-159.306111,56.147717,0.0],[-159.3062,56.148239,0.0],[-159.306335,56.149226,0.0],[-159.306418,56.149835,0.0],[-159.306483,56.150365,0.0],[-159.306536,56.150888,0.0],[-159.306564,56.151397,0.0],[-159.306562,56.151642,0.0],[-159.306542,56.151876,0.0],[-159.306477,56.152258,0.0],[-159.306462,56.152418,0.0],[-159.306479,56.152619,0.0],[-159.306536,56.152819,0.0],[-159.306629,56.153011,0.0],[-159.306756,56.153184,0.0],[-159.306911,56.153331,0.0],[-159.307055,56.15343,0.0],[-159.307197,56.153509,0.0],[-159.307328,56.15357,0.0],[-159.307441,56.153609,0.0],[-159.30753,56.153626,0.0],[-159.307584,56.15362,0.0],[-159.307595,56.153644,0.0],[-159.307578,56.153689,0.0],[-159.307531,56.153748,0.0],[-159.307452,56.153815,0.0],[-159.307235,56.153972,0.0],[-159.306905,56.154254,0.0],[-159.306695,56.154419,0.0],[-159.30662,56.154496,0.0],[-159.306565,56.154592,0.0],[-159.306533,56.154697,0.0],[-159.306516,56.15481,0.0],[-159.306492,56.155405,0.0],[-159.306473,56.155517,0.0],[-159.306439,56.155622,0.0],[-159.306386,56.155718,0.0],[-159.306317,56.155797,0.0],[-159.306166,56.155947,0.0],[-159.306107,56.15603,0.0],[-159.305925,56.156388,0.0],[-159.305865,56.156471,0.0],[-159.305713,56.156621,0.0],[-159.305643,56.156699,0.0],[-159.305589,56.156794,0.0],[-159.305554,56.156899,0.0],[-159.305534,56.15701,0.0],[-159.305523,56.157127,0.0],[-159.305511,56.157606,0.0],[-159.305496,56.15772,0.0],[-159.305463,56.15784,0.0],[-159.305404,56.157963,0.0],[-159.305247,56.158182,0.0],[-159.305175,56.158293,0.0],[-159.305125,56.158405,0.0],[-159.305095,56.158514,0.0],[-159.30508,56.158612,0.0],[-159.305076,56.158692,0.0],[-159.305081,56.158746,0.0],[-159.305092,56.15877,0.0],[-159.305127,56.159044,0.0],[-159.305138,56.159084,0.0],[-159.305166,56.159113,0.0],[-159.305219,56.159123,0.0],[-159.305288,56.159124,0.0],[-159.305786,56.159099,0.0],[-159.305782,56.159124,0.0],[-159.305811,56.15917,0.0],[-159.305875,56.159228,0.0],[-159.305975,56.159291,0.0],[-159.306245,56.159429,0.0],[-159.306528,56.159592,0.0],[-159.306671,56.159668,0.0],[-159.307073,56.159834,0.0],[-159.307184,56.159894,0.0],[-159.307396,56.16002,0.0],[-159.307623,56.160137,0.0],[-159.307723,56.160204,0.0],[-159.307802,56.160284,0.0],[-159.307864,56.160376,0.0],[-159.307911,56.160476,0.0],[-159.307947,56.160582,0.0],[-159.307974,56.160691,0.0],[-159.308005,56.160913,0.0],[-159.308008,56.161023,0.0],[-159.308001,56.16113,0.0],[-159.307982,56.161232,0.0],[-159.307947,56.161327,0.0],[-159.30789,56.161413,0.0],[-159.307809,56.161487,0.0],[-159.307619,56.161622,0.0],[-159.307446,56.161765,0.0],[-159.307354,56.161834,0.0],[-159.307028,56.162016,0.0],[-159.306749,56.162219,0.0],[-159.306525,56.162341,0.0],[-159.306402,56.162416,0.0],[-159.306285,56.162504,0.0],[-159.306058,56.162691,0.0],[-159.305838,56.162854,0.0],[-159.305759,56.162926,0.0],[-159.305714,56.162989,0.0],[-159.305699,56.163037,0.0],[-159.305709,56.163061,0.0],[-159.305671,56.163063,0.0],[-159.30559,56.163086,0.0],[-159.304774,56.163395,0.0],[-159.304452,56.163521,0.0],[-159.30349,56.163955,0.0],[-159.303058,56.164157,0.0],[-159.302793,56.164264,0.0],[-159.302278,56.164459,0.0],[-159.301922,56.164612,0.0],[-159.301554,56.164748,0.0],[-159.301371,56.16481,0.0],[-159.301181,56.164863,0.0],[-159.300908,56.164914,0.0],[-159.300619,56.164941,0.0],[-159.300329,56.164948,0.0],[-159.299897,56.16493,0.0],[-159.299623,56.164924,0.0],[-159.29934,56.164926,0.0],[-159.299056,56.164936,0.0],[-159.298779,56.164951,0.0],[-159.29812,56.165006,0.0],[-159.297921,56.165009,0.0],[-159.297723,56.164997,0.0],[-159.297529,56.164971,0.0],[-159.297059,56.164888,0.0],[-159.29678,56.164832,0.0],[-159.296511,56.164763,0.0],[-159.29632,56.1647,0.0],[-159.295946,56.164562,0.0],[-159.295762,56.164489,0.0],[-159.295053,56.164171,0.0],[-159.294706,56.164004,0.0],[-159.293992,56.163683,0.0],[-159.293805,56.163609,0.0],[-159.293421,56.163467,0.0],[-159.293222,56.1634,0.0],[-159.292936,56.163325,0.0],[-159.292634,56.16326,0.0],[-159.292096,56.163153,0.0],[-159.291858,56.163113,0.0],[-159.291491,56.163072,0.0],[-159.291096,56.163049,0.0],[-159.290681,56.16304,0.0],[-159.29025,56.163041,0.0],[-159.289808,56.163049,0.0],[-159.289358,56.163063,0.0],[-159.288444,56.163099,0.0],[-159.285222,56.163247,0.0],[-159.284338,56.163278,0.0],[-159.283913,56.163288,0.0],[-159.283506,56.163293,0.0],[-159.283124,56.16329,0.0],[-159.282774,56.163278,0.0],[-159.282339,56.163252,0.0],[-159.282131,56.163248,0.0],[-159.28193,56.163254,0.0],[-159.281545,56.163279,0.0],[-159.281277,56.163283,0.0],[-159.281003,56.163268,0.0],[-159.280738,56.16323,0.0],[-159.280549,56.163186,0.0],[-159.280365,56.163133,0.0],[-159.279995,56.163014,0.0],[-159.279277,56.162727,0.0],[-159.278919,56.162574,0.0],[-159.278164,56.162286,0.0],[-159.277891,56.162202,0.0],[-159.277335,56.162042,0.0],[-159.27615,56.161639,0.0],[-159.275593,56.16148,0.0],[-159.27532,56.161397,0.0],[-159.275127,56.161327,0.0],[-159.274564,56.161108,0.0],[-159.273855,56.160788,0.0],[-159.273178,56.160447,0.0],[-159.272701,56.160172,0.0],[-159.272546,56.160077,0.0],[-159.271979,56.159665,0.0],[-159.271825,56.15957,0.0],[-159.271349,56.159294,0.0],[-159.270681,56.158948,0.0],[-159.270336,56.158783,0.0],[-159.269997,56.158613,0.0],[-159.269649,56.158449,0.0],[-159.269309,56.15828,0.0],[-159.26896,56.158117,0.0],[-159.26862,56.157948,0.0],[-159.268272,56.157784,0.0],[-159.267933,56.157614,0.0],[-159.267585,56.15745,0.0],[-159.267245,56.157281,0.0],[-159.266547,56.156955,0.0],[-159.265999,56.156726,0.0],[-159.265811,56.156653,0.0],[-159.265613,56.156587,0.0],[-159.265197,56.156468,0.0],[-159.264975,56.156417,0.0],[-159.26489,56.156405,0.0]],[[-159.263615,56.143168,0.0],[-159.262993,56.143024,0.0],[-159.262786,56.143096,0.0],[-159.262631,56.143183,0.0],[-159.262476,56.1434,0.0],[-159.262062,56.143661,0.0],[-159.26157,56.143777,0.0],[-159.259758,56.143966,0.0],[-159.258463,56.144054,0.0],[-159.258204,56.144184,0.0],[-159.258075,56.144372,0.0],[-159.258205,56.144589,0.0],[-159.258543,56.144907,0.0],[-159.258932,56.145225,0.0],[-159.259762,56.145658,0.0],[-159.260462,56.145976,0.0],[-159.261369,56.146235,0.0],[-159.264816,56.146898,0.0],[-159.265671,56.146969,0.0],[-159.266422,56.146969,0.0],[-159.26694,56.146795,0.0],[-159.267224,56.146621,0.0],[-159.267301,56.146418,0.0],[-159.2673,56.1461,0.0],[-159.267144,56.145696,0.0],[-159.266443,56.144915,0.0],[-159.265767,56.144236,0.0],[-159.265119,56.143803,0.0],[-159.264393,56.143457,0.0],[-159.263615,56.143168,0.0]],[[-159.295824,56.147881,0.0],[-159.295513,56.147751,0.0],[-159.295047,56.147781,0.0],[-159.294737,56.147926,0.0],[-159.294323,56.148186,0.0],[-159.294142,56.14836,0.0],[-159.294588,56.149834,0.0],[-159.294873,56.150094,0.0],[-159.295185,56.150181,0.0],[-159.295418,56.150195,0.0],[-159.29578,56.150151,0.0],[-159.296169,56.150064,0.0],[-159.29666,56.149876,0.0],[-159.297074,56.149615,0.0],[-159.297384,56.149325,0.0],[-159.297486,56.149007,0.0],[-159.297433,56.148761,0.0],[-159.297174,56.14853,0.0],[-159.296421,56.148242,0.0],[-159.295824,56.147881,0.0]]]}},{"type":"Feature","properties":{"rgi_id":"RGI2000-v7.0-G-01-06852","o1region":"01"},"geometry":{"type":"Polygon","coordinates":[[[-159.272807,56.104886,0.0],[-159.27451,56.106166,0.0],[-159.27694,56.108019,0.0],[-159.278811,56.109746,0.0],[-159.280079,56.111048,0.0],[-159.281681,56.112786,0.0],[-159.282767,56.114699,0.0],[-159.283563,56.116474,0.0],[-159.284358,56.118248,0.0],[-159.285465,56.120311,0.0],[-159.28653,56.122074,0.0],[-159.287573,56.123686,0.0],[-159.288886,56.125287,0.0],[-159.290715,56.126714,0.0],[-159.292071,56.128615,0.0],[-159.293695,56.130503,0.0],[-159.295256,56.131942,0.0],[-159.296752,56.132932,0.0],[-159.299077,56.134035,0.0],[-159.301112,56.135,0.0],[-159.30348,56.136403,0.0],[-159.306226,56.138543,0.0],[-159.308875,56.141894,0.0],[-159.309102,56.145353,0.0],[-159.308284,56.147199,0.0],[-159.306335,56.149226,0.0],[-159.3062,56.148239,0.0],[-159.306111,56.147717,0.0],[-159.306058,56.147461,0.0],[-159.305996,56.147212,0.0],[-159.305921,56.146971,0.0],[-159.305828,56.146742,0.0],[-159.305711,56.146529,0.0],[-159.30556,56.146338,0.0],[-159.305435,56.146224,0.0],[-159.305301,56.146116,0.0],[-159.305021,56.145907,0.0],[-159.304572,56.145613,0.0],[-159.304283,56.145411,0.0],[-159.304145,56.145306,0.0],[-159.303995,56.145169,0.0],[-159.303859,56.145023,0.0],[-159.303598,56.144724,0.0],[-159.303458,56.144581,0.0],[-159.303201,56.144358,0.0],[-159.302868,56.144053,0.0],[-159.302691,56.143908,0.0],[-159.3021,56.143512,0.0],[-159.301794,56.143321,0.0],[-159.301649,56.14322,0.0],[-159.30137,56.143011,0.0],[-159.301239,56.142901,0.0],[-159.301087,56.14274,0.0],[-159.300955,56.142565,0.0],[-159.30071,56.142204,0.0],[-159.300576,56.14203,0.0],[-159.300422,56.141871,0.0],[-159.300288,56.141763,0.0],[-159.300144,56.141661,0.0],[-159.299997,56.141562,0.0],[-159.299842,56.141467,0.0],[-159.299675,56.141381,0.0],[-159.299327,56.141217,0.0],[-159.299145,56.14114,0.0],[-159.29895,56.141072,0.0],[-159.298537,56.140951,0.0],[-159.298315,56.1409,0.0],[-159.297965,56.14085,0.0],[-159.297581,56.140822,0.0],[-159.297172,56.14081,0.0],[-159.296745,56.140809,0.0],[-159.296307,56.140816,0.0],[-159.294517,56.140868,0.0],[-159.294079,56.140875,0.0],[-159.293653,56.140874,0.0],[-159.293245,56.140861,0.0],[-159.29286,56.140833,0.0],[-159.292509,56.140783,0.0],[-159.292286,56.140733,0.0],[-159.292075,56.140676,0.0],[-159.291868,56.140615,0.0],[-159.291669,56.14055,0.0],[-159.291481,56.140477,0.0],[-159.290931,56.14025,0.0],[-159.290231,56.139925,0.0],[-159.289891,56.139756,0.0],[-159.289543,56.139592,0.0],[-159.289205,56.139422,0.0],[-159.288856,56.139259,0.0],[-159.288517,56.139089,0.0],[-159.288168,56.138926,0.0],[-159.287828,56.138757,0.0],[-159.287478,56.138595,0.0],[-159.287138,56.138426,0.0],[-159.286787,56.138264,0.0],[-159.286446,56.138096,0.0],[-159.286095,56.137934,0.0],[-159.285754,56.137766,0.0],[-159.285402,56.137604,0.0],[-159.285061,56.137437,0.0],[-159.284709,56.137275,0.0],[-159.284368,56.137107,0.0],[-159.284016,56.136946,0.0],[-159.283674,56.136778,0.0],[-159.283323,56.136617,0.0],[-159.282981,56.136449,0.0],[-159.28263,56.136287,0.0],[-159.282288,56.13612,0.0],[-159.281936,56.135958,0.0],[-159.281594,56.135791,0.0],[-159.281243,56.135629,0.0],[-159.280901,56.135461,0.0],[-159.28055,56.1353,0.0],[-159.280208,56.135132,0.0],[-159.279856,56.134971,0.0],[-159.279514,56.134803,0.0],[-159.279163,56.134642,0.0],[-159.278821,56.134474,0.0],[-159.27847,56.134312,0.0],[-159.278128,56.134144,0.0],[-159.277777,56.133983,0.0],[-159.277436,56.133815,0.0],[-159.277085,56.133653,0.0],[-159.276744,56.133485,0.0],[-159.276393,56.133323,0.0],[-159.276053,56.133154,0.0],[-159.275702,56.132992,0.0],[-159.275362,56.132823,0.0],[-159.275012,56.132661,0.0],[-159.274671,56.132493,0.0],[-159.27432,56.132331,0.0],[-159.273977,56.132164,0.0],[-159.273271,56.131843,0.0],[-159.272531,56.131544,0.0],[-159.272131,56.131415,0.0],[-159.271926,56.131354,0.0],[-159.271711,56.131298,0.0],[-159.271401,56.13124,0.0],[-159.271071,56.131195,0.0],[-159.270391,56.131118,0.0],[-159.270061,56.131072,0.0],[-159.269752,56.131014,0.0],[-159.269538,56.130958,0.0],[-159.269134,56.130831,0.0],[-159.26894,56.130762,0.0],[-159.268582,56.130605,0.0],[-159.268238,56.130439,0.0],[-159.268081,56.130346,0.0],[-159.267786,56.130147,0.0],[-159.267651,56.13004,0.0],[-159.267498,56.12988,0.0],[-159.267369,56.129703,0.0],[-159.267255,56.129517,0.0],[-159.26704,56.129136,0.0],[-159.266923,56.128952,0.0],[-159.266736,56.128683,0.0],[-159.266625,56.128477,0.0],[-159.266535,56.128256,0.0],[-159.266462,56.128025,0.0],[-159.2664,56.127785,0.0],[-159.266299,56.127293,0.0],[-159.266114,56.126297,0.0],[-159.266055,56.12605,0.0],[-159.265973,56.125779,0.0],[-159.265864,56.125496,0.0],[-159.265729,56.125214,0.0],[-159.26552,56.124836,0.0],[-159.265404,56.12459,0.0],[-159.265313,56.124358,0.0],[-159.265247,56.124153,0.0],[-159.265203,56.123989,0.0],[-159.265182,56.123878,0.0],[-159.265183,56.123833,0.0],[-159.265148,56.123559,0.0],[-159.265137,56.123519,0.0],[-159.265109,56.12349,0.0],[-159.265056,56.12348,0.0],[-159.264988,56.12348,0.0],[-159.26449,56.123504,0.0],[-159.264449,56.123506,0.0],[-159.264365,56.123489,0.0],[-159.264247,56.123452,0.0],[-159.263923,56.123331,0.0],[-159.263725,56.123253,0.0],[-159.263515,56.123162,0.0],[-159.262832,56.122849,0.0],[-159.262396,56.12262,0.0],[-159.262193,56.122508,0.0],[-159.262009,56.1224,0.0],[-159.261809,56.122257,0.0],[-159.261627,56.122116,0.0],[-159.261437,56.121979,0.0],[-159.260818,56.1216,0.0],[-159.260499,56.121417,0.0],[-159.260043,56.121128,0.0],[-159.259896,56.121028,0.0],[-159.259716,56.120884,0.0],[-159.259372,56.120586,0.0],[-159.259096,56.120374,0.0],[-159.258745,56.12008,0.0],[-159.258558,56.119941,0.0],[-159.258403,56.119846,0.0],[-159.258079,56.119666,0.0],[-159.257909,56.119581,0.0],[-159.257729,56.119504,0.0],[-159.257678,56.119484,0.0],[-159.257937,56.118822,0.0],[-159.257935,56.118099,0.0],[-159.257804,56.11755,0.0],[-159.257596,56.117189,0.0],[-159.255316,56.115976,0.0],[-159.254668,56.115571,0.0],[-159.253008,56.114098,0.0],[-159.252542,56.113794,0.0],[-159.25192,56.11352,0.0],[-159.25071,56.112778,0.0],[-159.249777,56.110381,0.0],[-159.246806,56.107512,0.0],[-159.244761,56.105746,0.0],[-159.245813,56.104128,0.0],[-159.249573,56.103534,0.0],[-159.253688,56.103638,0.0],[-159.258364,56.102288,0.0],[-159.261675,56.102142,0.0],[-159.266328,56.104221,0.0],[-159.27037,56.105613,0.0],[-159.271869,56.105166,0.0],[-159.272807,56.104886,0.0]]]}},{"type":"Feature","properties":{"rgi_id":"RGI2000-v7.0-G-01-06853","o1region":"01"},"geometry":{"type":"Polygon","coordinates":[[[-159.306335,56.149226,0.0],[-159.308284,56.147199,0.0],[-159.309102,56.145353,0.0],[-159.308875,56.141894,0.0],[-159.306226,56.138543,0.0],[-159.30348,56.136403,0.0],[-159.301112,56.135,0.0],[-159.299077,56.134035,0.0],[-159.296752,56.132932,0.0],[-159.295256,56.131942,0.0],[-159.293695,56.130503,0.0],[-159.292071,56.128615,0.0],[-159.290715,56.126714,0.0],[-159.288886,56.125287,0.0],[-159.287573,56.123686,0.0],[-159.28653,56.122074,0.0],[-159.285465,56.120311,0.0],[-159.284358,56.118248,0.0],[-159.283563,56.116474,0.0],[-159.282767,56.114699,0.0],[-159.281681,56.112786,0.0],[-159.280079,56.111048,0.0],[-159.278811,56.109746,0.0],[-159.27694,56.108019,0.0],[-159.27451,56.106166,0.0],[-159.272807,56.104886,0.0],[-159.274303,56.104439,0.0],[-159.275588,56.102668,0.0],[-159.280987,56.101,0.0],[-159.285653,56.097793,0.0],[-159.287387,56.092002,0.0],[-159.288019,56.08926,0.0],[-159.28855,56.085808,0.0],[-159.290363,56.084156,0.0],[-159.293886,56.083322,0.0],[-159.296003,56.084191,0.0],[-159.298721,56.087069,0.0],[-159.30036,56.089567,0.0],[-159.302193,56.091628,0.0],[-159.304749,56.093371,0.0],[-159.307009,56.094841,0.0],[-159.310564,56.096397,0.0],[-159.313294,56.09756,0.0],[-159.316085,56.09915,0.0],[-159.316757,56.100263,0.0],[-159.317064,56.102391,0.0],[-159.318623,56.104322,0.0],[-159.321863,56.105462,0.0],[-159.322298,56.105541,0.0],[-159.32222,56.105728,0.0],[-159.322153,56.105993,0.0],[-159.322124,56.106251,0.0],[-159.322127,56.10649,0.0],[-159.322145,56.106727,0.0],[-159.322209,56.107205,0.0],[-159.322306,56.107678,0.0],[-159.322368,56.107908,0.0],[-159.322442,56.108131,0.0],[-159.32253,56.108344,0.0],[-159.322638,56.108546,0.0],[-159.32282,56.108821,0.0],[-159.322939,56.109037,0.0],[-159.323042,56.109265,0.0],[-159.323322,56.109966,0.0],[-159.32343,56.11019,0.0],[-159.323559,56.110399,0.0],[-159.32372,56.110589,0.0],[-159.323847,56.110702,0.0],[-159.324123,56.110913,0.0],[-159.324266,56.111016,0.0],[-159.324566,56.111213,0.0],[-159.324708,56.111316,0.0],[-159.324981,56.111531,0.0],[-159.325106,56.111645,0.0],[-159.325258,56.111836,0.0],[-159.325378,56.112048,0.0],[-159.325473,56.112276,0.0],[-159.325551,56.112516,0.0],[-159.325615,56.112764,0.0],[-159.32572,56.113277,0.0],[-159.325804,56.113802,0.0],[-159.325876,56.114328,0.0],[-159.325932,56.11485,0.0],[-159.325951,56.115107,0.0],[-159.325959,56.115359,0.0],[-159.325954,56.115604,0.0],[-159.32593,56.11584,0.0],[-159.325879,56.116063,0.0],[-159.325794,56.116269,0.0],[-159.325713,56.116398,0.0],[-159.325262,56.11702,0.0],[-159.325169,56.117199,0.0],[-159.325098,56.117388,0.0],[-159.324933,56.117977,0.0],[-159.324867,56.118168,0.0],[-159.324755,56.118448,0.0],[-159.324699,56.118664,0.0],[-159.324669,56.118892,0.0],[-159.324657,56.119129,0.0],[-159.324658,56.119372,0.0],[-159.324685,56.120111,0.0],[-159.324687,56.120355,0.0],[-159.324679,56.120593,0.0],[-159.324654,56.120824,0.0],[-159.324607,56.121044,0.0],[-159.324512,56.121332,0.0],[-159.324464,56.121531,0.0],[-159.324434,56.121739,0.0],[-159.324416,56.121953,0.0],[-159.324386,56.122605,0.0],[-159.324368,56.122818,0.0],[-159.324339,56.123027,0.0],[-159.324294,56.123227,0.0],[-159.324202,56.123517,0.0],[-159.324159,56.123734,0.0],[-159.324138,56.123963,0.0],[-159.324135,56.124199,0.0],[-159.324144,56.124441,0.0],[-159.324227,56.125432,0.0],[-159.32424,56.125676,0.0],[-159.324241,56.125915,0.0],[-159.324223,56.126145,0.0],[-159.32418,56.126362,0.0],[-159.3241,56.126562,0.0],[-159.323972,56.126739,0.0],[-159.3238,56.12688,0.0],[-159.323594,56.127005,0.0],[-159.323215,56.127213,0.0],[-159.323048,56.127301,0.0],[-159.322872,56.127384,0.0],[-159.322506,56.127544,0.0],[-159.322315,56.12762,0.0],[-159.322001,56.127721,0.0],[-159.321336,56.127905,0.0],[-159.321025,56.128007,0.0],[-159.320836,56.128084,0.0],[-159.320478,56.128247,0.0],[-159.320305,56.128332,0.0],[-159.320142,56.128422,0.0],[-159.319665,56.128695,0.0],[-159.319069,56.129079,0.0],[-159.318514,56.129482,0.0],[-159.318387,56.129588,0.0],[-159.318146,56.129807,0.0],[-159.318035,56.129921,0.0],[-159.31792,56.130067,0.0],[-159.317628,56.130528,0.0],[-159.317513,56.130673,0.0],[-159.317402,56.130787,0.0],[-159.317038,56.131114,0.0],[-159.31677,56.13132,0.0],[-159.316253,56.131741,0.0],[-159.316137,56.131853,0.0],[-159.316029,56.131968,0.0],[-159.315926,56.132086,0.0],[-159.315835,56.13221,0.0],[-159.315743,56.13241,0.0],[-159.31569,56.132629,0.0],[-159.315666,56.132863,0.0],[-159.315664,56.133106,0.0],[-159.315676,56.133356,0.0],[-159.315779,56.134382,0.0],[-159.315811,56.134886,0.0],[-159.315808,56.135129,0.0],[-159.315783,56.135361,0.0],[-159.315731,56.135581,0.0],[-159.315639,56.135782,0.0],[-159.315551,56.135907,0.0],[-159.315348,56.136144,0.0],[-159.31524,56.136259,0.0],[-159.315006,56.136481,0.0],[-159.314897,56.136596,0.0],[-159.314693,56.136832,0.0],[-159.314604,56.136957,0.0],[-159.31451,56.137155,0.0],[-159.314453,56.13737,0.0],[-159.314422,56.137597,0.0],[-159.314409,56.137834,0.0],[-159.314404,56.138801,0.0],[-159.314385,56.139034,0.0],[-159.314346,56.139257,0.0],[-159.314278,56.139468,0.0],[-159.314141,56.139736,0.0],[-159.313884,56.14028,0.0],[-159.313748,56.140549,0.0],[-159.313681,56.140759,0.0],[-159.313643,56.140982,0.0],[-159.313628,56.141216,0.0],[-159.313629,56.141458,0.0],[-159.313643,56.141706,0.0],[-159.313693,56.142212,0.0],[-159.313839,56.143246,0.0],[-159.314243,56.145851,0.0],[-159.314337,56.146619,0.0],[-159.314355,56.146869,0.0],[-159.314361,56.147113,0.0],[-159.31435,56.147349,0.0],[-159.314315,56.147573,0.0],[-159.314246,56.147782,0.0],[-159.314176,56.147916,0.0],[-159.313993,56.148217,0.0],[-159.313883,56.148387,0.0],[-159.313744,56.148554,0.0],[-159.313601,56.148681,0.0],[-159.313257,56.148943,0.0],[-159.313067,56.149074,0.0],[-159.312864,56.149199,0.0],[-159.312462,56.149434,0.0],[-159.312272,56.149538,0.0],[-159.312091,56.14963,0.0],[-159.311792,56.149771,0.0],[-159.311683,56.149816,0.0],[-159.311604,56.14984,0.0],[-159.311567,56.149844,0.0],[-159.311574,56.149868,0.0],[-159.311558,56.149918,0.0],[-159.311514,56.149986,0.0],[-159.311247,56.150246,0.0],[-159.311165,56.150354,0.0],[-159.311099,56.150469,0.0],[-159.310997,56.150684,0.0],[-159.310946,56.150771,0.0],[-159.310878,56.15085,0.0],[-159.310787,56.150918,0.0],[-159.310585,56.151045,0.0],[-159.310321,56.151253,0.0],[-159.309999,56.151433,0.0],[-159.309909,56.151501,0.0],[-159.30974,56.151644,0.0],[-159.309549,56.151775,0.0],[-159.309467,56.151847,0.0],[-159.309409,56.151931,0.0],[-159.309372,56.152024,0.0],[-159.309348,56.152124,0.0],[-159.309307,56.152438,0.0],[-159.309286,56.152539,0.0],[-159.309252,56.152634,0.0],[-159.309197,56.152719,0.0],[-159.309118,56.152793,0.0],[-159.308929,56.152925,0.0],[-159.308763,56.153069,0.0],[-159.30866,56.153145,0.0],[-159.308524,56.153219,0.0],[-159.30822,56.153368,0.0],[-159.307954,56.153515,0.0],[-159.307831,56.15357,0.0],[-159.307718,56.153605,0.0],[-159.30763,56.153621,0.0],[-159.307584,56.15362,0.0],[-159.30753,56.153626,0.0],[-159.307441,56.153609,0.0],[-159.307328,56.15357,0.0],[-159.307197,56.153509,0.0],[-159.307055,56.15343,0.0],[-159.306911,56.153331,0.0],[-159.306756,56.153184,0.0],[-159.306629,56.153011,0.0],[-159.306536,56.152819,0.0],[-159.306479,56.152619,0.0],[-159.306462,56.152418,0.0],[-159.306477,56.152258,0.0],[-159.306542,56.151876,0.0],[-159.306562,56.151642,0.0],[-159.306564,56.151397,0.0],[-159.306536,56.150888,0.0],[-159.306483,56.150365,0.0],[-159.306418,56.149835,0.0],[-159.306335,56.149226,0.0]],[[-159.305152,56.127107,0.0],[-159.304867,56.127006,0.0],[-159.304531,56.12705,0.0],[-159.304221,56.127195,0.0],[-159.303989,56.127484,0.0],[-159.303887,56.127991,0.0],[-159.304304,56.1288,0.0],[-159.305319,56.130331,0.0],[-159.305682,56.130476,0.0],[-159.305915,56.130389,0.0],[-159.306044,56.130244,0.0],[-159.306147,56.130041,0.0],[-159.306016,56.129665,0.0],[-159.305598,56.128509,0.0],[-159.305465,56.127541,0.0],[-159.305308,56.12728,0.0],[-159.305152,56.127107,0.0]],[[-159.307374,56.125832,0.0],[-159.307865,56.125542,0.0],[-159.308227,56.12547,0.0],[-159.309185,56.125512,0.0],[-159.309418,56.12541,0.0],[-159.309495,56.125251,0.0],[-159.309313,56.125064,0.0],[-159.308795,56.124891,0.0],[-159.30838,56.12479,0.0],[-159.30794,56.124805,0.0],[-159.307345,56.124907,0.0],[-159.307087,56.125037,0.0],[-159.306828,56.125211,0.0],[-159.306725,56.125428,0.0],[-159.306804,56.125789,0.0],[-159.306934,56.125934,0.0],[-159.30709,56.125934,0.0],[-159.307374,56.125832,0.0]],[[-159.311126,56.125307,0.0],[-159.311308,56.125538,0.0],[-159.311645,56.125596,0.0],[-159.311878,56.125538,0.0],[-159.31242,56.125147,0.0],[-159.3126,56.124915,0.0],[-159.312548,56.124727,0.0],[-159.312235,56.124308,0.0],[-159.31182,56.124005,0.0],[-159.31073,56.123298,0.0],[-159.310212,56.123082,0.0],[-159.31003,56.122894,0.0],[-159.309925,56.122605,0.0],[-159.309744,56.122504,0.0],[-159.30951,56.122417,0.0],[-159.309122,56.122374,0.0],[-159.308734,56.122433,0.0],[-159.308372,56.122621,0.0],[-159.308244,56.123026,0.0],[-159.308197,56.124226,0.0],[-159.308456,56.124327,0.0],[-159.308663,56.124298,0.0],[-159.309541,56.123675,0.0],[-159.309825,56.123545,0.0],[-159.310162,56.123588,0.0],[-159.310551,56.123819,0.0],[-159.310707,56.124122,0.0],[-159.310865,56.124773,0.0],[-159.311126,56.125307,0.0]]]}},{"type":"Feature","properties":{"rgi_id":"RGI2000-v7.0-G-01-06854","o1region":"01"},"geometry":{"type":"Polygon","coordinates":[[[-159.338413,56.188061,0.0],[-159.336147,56.18655,0.0],[-159.334938,56.185699,0.0],[-159.334582,56.185111,0.0],[-159.333546,56.183063,0.0],[-159.333546,56.182868,0.0],[-159.333496,56.182675,0.0],[-159.333396,56.182493,0.0],[-159.3333,56.182381,0.0],[-159.33308,56.182161,0.0],[-159.332718,56.181827,0.0],[-159.332571,56.181664,0.0],[-159.332175,56.181138,0.0],[-159.332027,56.180972,0.0],[-159.331856,56.180821,0.0],[-159.331655,56.180689,0.0],[-159.33123,56.180441,0.0],[-159.331059,56.180316,0.0],[-159.330739,56.180053,0.0],[-159.330573,56.179926,0.0],[-159.330388,56.179811,0.0],[-159.330155,56.179701,0.0],[-159.329654,56.179505,0.0],[-159.328937,56.179189,0.0],[-159.328432,56.178931,0.0],[-159.328269,56.178842,0.0],[-159.328115,56.178746,0.0],[-159.327823,56.178545,0.0],[-159.327687,56.178438,0.0],[-159.327529,56.17828,0.0],[-159.327391,56.178109,0.0],[-159.32713,56.177757,0.0],[-159.326986,56.177589,0.0],[-159.326819,56.177437,0.0],[-159.326672,56.177336,0.0],[-159.326514,56.177243,0.0],[-159.326349,56.177154,0.0],[-159.326173,56.177073,0.0],[-159.325916,56.176979,0.0],[-159.325368,56.176812,0.0],[-159.324969,56.17668,0.0],[-159.324351,56.176495,0.0],[-159.324142,56.176437,0.0],[-159.323877,56.176377,0.0],[-159.323334,56.176269,0.0],[-159.323076,56.17621,0.0],[-159.322842,56.176139,0.0],[-159.32267,56.176068,0.0],[-159.322517,56.175989,0.0],[-159.322379,56.175905,0.0],[-159.322263,56.175814,0.0],[-159.322153,56.175674,0.0],[-159.322093,56.17552,0.0],[-159.322077,56.17536,0.0],[-159.322111,56.175116,0.0],[-159.322127,56.174926,0.0],[-159.322125,56.174728,0.0],[-159.322102,56.174528,0.0],[-159.322058,56.174335,0.0],[-159.321989,56.174157,0.0],[-159.321888,56.174005,0.0],[-159.32175,56.173889,0.0],[-159.321627,56.173835,0.0],[-159.32149,56.173802,0.0],[-159.321345,56.173786,0.0],[-159.32095,56.173762,0.0],[-159.320693,56.173737,0.0],[-159.320435,56.173694,0.0],[-159.320247,56.173649,0.0],[-159.319871,56.173542,0.0],[-159.319682,56.173482,0.0],[-159.319066,56.173254,0.0],[-159.318823,56.173155,0.0],[-159.318603,56.17304,0.0],[-159.318419,56.1729,0.0],[-159.318264,56.17274,0.0],[-159.317854,56.172222,0.0],[-159.3177,56.17206,0.0],[-159.317569,56.171949,0.0],[-159.317247,56.171701,0.0],[-159.317053,56.171567,0.0],[-159.316834,56.171448,0.0],[-159.316607,56.171361,0.0],[-159.316359,56.171287,0.0],[-159.315848,56.171151,0.0],[-159.315605,56.171074,0.0],[-159.315417,56.171001,0.0],[-159.315065,56.170839,0.0],[-159.3149,56.170751,0.0],[-159.314701,56.17062,0.0],[-159.314336,56.170336,0.0],[-159.314055,56.170128,0.0],[-159.313711,56.169831,0.0],[-159.313534,56.169686,0.0],[-159.313051,56.169348,0.0],[-159.312853,56.169216,0.0],[-159.312636,56.169097,0.0],[-159.312414,56.169007,0.0],[-159.311934,56.168849,0.0],[-159.311699,56.168768,0.0],[-159.311484,56.168673,0.0],[-159.311296,56.16856,0.0],[-159.311129,56.168434,0.0],[-159.310818,56.168165,0.0],[-159.310656,56.168036,0.0],[-159.310065,56.167637,0.0],[-159.309762,56.167445,0.0],[-159.30939,56.167171,0.0],[-159.3092,56.167041,0.0],[-159.308793,56.166808,0.0],[-159.308614,56.166685,0.0],[-159.308461,56.166525,0.0],[-159.308356,56.16635,0.0],[-159.308291,56.166169,0.0],[-159.308261,56.165995,0.0],[-159.308246,56.165781,0.0],[-159.308217,56.165676,0.0],[-159.308164,56.165573,0.0],[-159.308087,56.165475,0.0],[-159.307898,56.165277,0.0],[-159.307569,56.164962,0.0],[-159.307432,56.164803,0.0],[-159.307133,56.164399,0.0],[-159.306955,56.164176,0.0],[-159.306755,56.163958,0.0],[-159.306533,56.163761,0.0],[-159.306295,56.16359,0.0],[-159.30607,56.163441,0.0],[-159.305888,56.163309,0.0],[-159.305767,56.163193,0.0],[-159.305707,56.163106,0.0],[-159.305709,56.163061,0.0],[-159.305699,56.163037,0.0],[-159.305714,56.162989,0.0],[-159.305759,56.162926,0.0],[-159.305838,56.162854,0.0],[-159.306058,56.162691,0.0],[-159.306285,56.162504,0.0],[-159.306402,56.162416,0.0],[-159.306525,56.162341,0.0],[-159.306749,56.162219,0.0],[-159.307028,56.162016,0.0],[-159.307354,56.161834,0.0],[-159.307446,56.161765,0.0],[-159.307619,56.161622,0.0],[-159.307809,56.161487,0.0],[-159.30789,56.161413,0.0],[-159.307947,56.161327,0.0],[-159.307982,56.161232,0.0],[-159.308001,56.16113,0.0],[-159.308008,56.161023,0.0],[-159.308005,56.160913,0.0],[-159.307974,56.160691,0.0],[-159.307947,56.160582,0.0],[-159.307911,56.160476,0.0],[-159.307864,56.160376,0.0],[-159.307802,56.160284,0.0],[-159.307723,56.160204,0.0],[-159.307623,56.160137,0.0],[-159.307396,56.16002,0.0],[-159.307184,56.159894,0.0],[-159.307073,56.159834,0.0],[-159.306671,56.159668,0.0],[-159.306528,56.159592,0.0],[-159.306245,56.159429,0.0],[-159.305975,56.159291,0.0],[-159.305875,56.159228,0.0],[-159.305811,56.15917,0.0],[-159.305782,56.159124,0.0],[-159.305786,56.159099,0.0],[-159.305288,56.159124,0.0],[-159.305219,56.159123,0.0],[-159.305166,56.159113,0.0],[-159.305138,56.159084,0.0],[-159.305127,56.159044,0.0],[-159.305092,56.15877,0.0],[-159.305081,56.158746,0.0],[-159.305076,56.158692,0.0],[-159.30508,56.158612,0.0],[-159.305095,56.158514,0.0],[-159.305125,56.158405,0.0],[-159.305175,56.158293,0.0],[-159.305247,56.158182,0.0],[-159.305404,56.157963,0.0],[-159.305463,56.15784,0.0],[-159.305496,56.15772,0.0],[-159.305511,56.157606,0.0],[-159.305523,56.157127,0.0],[-159.305534,56.15701,0.0],[-159.305554,56.156899,0.0],[-159.305589,56.156794,0.0],[-159.305643,56.156699,0.0],[-159.305713,56.156621,0.0],[-159.305865,56.156471,0.0],[-159.305925,56.156388,0.0],[-159.306107,56.15603,0.0],[-159.306166,56.155947,0.0],[-159.306317,56.155797,0.0],[-159.306386,56.155718,0.0],[-159.306439,56.155622,0.0],[-159.306473,56.155517,0.0],[-159.306492,56.155405,0.0],[-159.306516,56.15481,0.0],[-159.306533,56.154697,0.0],[-159.306565,56.154592,0.0],[-159.30662,56.154496,0.0],[-159.306695,56.154419,0.0],[-159.306905,56.154254,0.0],[-159.307235,56.153972,0.0],[-159.307452,56.153815,0.0],[-159.307531,56.153748,0.0],[-159.307578,56.153689,0.0],[-159.307595,56.153644,0.0],[-159.307584,56.15362,0.0],[-159.30763,56.153621,0.0],[-159.307718,56.153605,0.0],[-159.307831,56.15357,0.0],[-159.307954,56.153515,0.0],[-159.30822,56.153368,0.0],[-159.308524,56.153219,0.0],[-159.30866,56.153145,0.0],[-159.308763,56.153069,0.0],[-159.308929,56.152925,0.0],[-159.309118,56.152793,0.0],[-159.309197,56.152719,0.0],[-159.309252,56.152634,0.0],[-159.309286,56.152539,0.0],[-159.309307,56.152438,0.0],[-159.309348,56.152124,0.0],[-159.309372,56.152024,0.0],[-159.309409,56.151931,0.0],[-159.309467,56.151847,0.0],[-159.309549,56.151775,0.0],[-159.30974,56.151644,0.0],[-159.309909,56.151501,0.0],[-159.309999,56.151433,0.0],[-159.310321,56.151253,0.0],[-159.310585,56.151045,0.0],[-159.310787,56.150918,0.0],[-159.310878,56.15085,0.0],[-159.310946,56.150771,0.0],[-159.310997,56.150684,0.0],[-159.311099,56.150469,0.0],[-159.311165,56.150354,0.0],[-159.311247,56.150246,0.0],[-159.311514,56.149986,0.0],[-159.311558,56.149918,0.0],[-159.311574,56.149868,0.0],[-159.311567,56.149844,0.0],[-159.311604,56.14984,0.0],[-159.311683,56.149816,0.0],[-159.311792,56.149771,0.0],[-159.312091,56.14963,0.0],[-159.312272,56.149538,0.0],[-159.312462,56.149434,0.0],[-159.312864,56.149199,0.0],[-159.313067,56.149074,0.0],[-159.313257,56.148943,0.0],[-159.313601,56.148681,0.0],[-159.313744,56.148554,0.0],[-159.313883,56.148387,0.0],[-159.313993,56.148217,0.0],[-159.314176,56.147916,0.0],[-159.314246,56.147782,0.0],[-159.314315,56.147573,0.0],[-159.31435,56.147349,0.0],[-159.314361,56.147113,0.0],[-159.314355,56.146869,0.0],[-159.314337,56.146619,0.0],[-159.314243,56.145851,0.0],[-159.313839,56.143246,0.0],[-159.313693,56.142212,0.0],[-159.313643,56.141706,0.0],[-159.313629,56.141458,0.0],[-159.313628,56.141216,0.0],[-159.313643,56.140982,0.0],[-159.313681,56.140759,0.0],[-159.313748,56.140549,0.0],[-159.313884,56.14028,0.0],[-159.314141,56.139736,0.0],[-159.314278,56.139468,0.0],[-159.314346,56.139257,0.0],[-159.314385,56.139034,0.0],[-159.314404,56.138801,0.0],[-159.314409,56.137834,0.0],[-159.314422,56.137597,0.0],[-159.314453,56.13737,0.0],[-159.31451,56.137155,0.0],[-159.314604,56.136957,0.0],[-159.314693,56.136832,0.0],[-159.314897,56.136596,0.0],[-159.315006,56.136481,0.0],[-159.31524,56.136259,0.0],[-159.315348,56.136144,0.0],[-159.315551,56.135907,0.0],[-159.315639,56.135782,0.0],[-159.315731,56.135581,0.0],[-159.315783,56.135361,0.0],[-159.315808,56.135129,0.0],[-159.315811,56.134886,0.0],[-159.315779,56.134382,0.0],[-159.315676,56.133356,0.0],[-159.315664,56.133106,0.0],[-159.315666,56.132863,0.0],[-159.31569,56.132629,0.0],[-159.315743,56.13241,0.0],[-159.315835,56.13221,0.0],[-159.315926,56.132086,0.0],[-159.316029,56.131968,0.0],[-159.316137,56.131853,0.0],[-159.316253,56.131741,0.0],[-159.31677,56.13132,0.0],[-159.317038,56.131114,0.0],[-159.317402,56.130787,0.0],[-159.317513,56.130673,0.0],[-159.317628,56.130528,0.0],[-159.31792,56.130067,0.0],[-159.318035,56.129921,0.0],[-159.318146,56.129807,0.0],[-159.318387,56.129588,0.0],[-159.318514,56.129482,0.0],[-159.319069,56.129079,0.0],[-159.319665,56.128695,0.0],[-159.320142,56.128422,0.0],[-159.320305,56.128332,0.0],[-159.320478,56.128247,0.0],[-159.320836,56.128084,0.0],[-159.321025,56.128007,0.0],[-159.321336,56.127905,0.0],[-159.322001,56.127721,0.0],[-159.322315,56.12762,0.0],[-159.322506,56.127544,0.0],[-159.322872,56.127384,0.0],[-159.323048,56.127301,0.0],[-159.323215,56.127213,0.0],[-159.323594,56.127005,0.0],[-159.3238,56.12688,0.0],[-159.323972,56.126739,0.0],[-159.3241,56.126562,0.0],[-159.32418,56.126362,0.0],[-159.324223,56.126145,0.0],[-159.324241,56.125915,0.0],[-159.32424,56.125676,0.0],[-159.324227,56.125432,0.0],[-159.324144,56.124441,0.0],[-159.324135,56.124199,0.0],[-159.324138,56.123963,0.0],[-159.324159,56.123734,0.0],[-159.324202,56.123517,0.0],[-159.324294,56.123227,0.0],[-159.324339,56.123027,0.0],[-159.324368,56.122818,0.0],[-159.324386,56.122605,0.0],[-159.324416,56.121953,0.0],[-159.324434,56.121739,0.0],[-159.324464,56.121531,0.0],[-159.324512,56.121332,0.0],[-159.324607,56.121044,0.0],[-159.324654,56.120824,0.0],[-159.324679,56.120593,0.0],[-159.324687,56.120355,0.0],[-159.324685,56.120111,0.0],[-159.324658,56.119372,0.0],[-159.324657,56.119129,0.0],[-159.324669,56.118892,0.0],[-159.324699,56.118664,0.0],[-159.324755,56.118448,0.0],[-159.324867,56.118168,0.0],[-159.324933,56.117977,0.0],[-159.325098,56.117388,0.0],[-159.325169,56.117199,0.0],[-159.325262,56.11702,0.0],[-159.325713,56.116398,0.0],[-159.325794,56.116269,0.0],[-159.325879,56.116063,0.0],[-159.32593,56.11584,0.0],[-159.325954,56.115604,0.0],[-159.325959,56.115359,0.0],[-159.325951,56.115107,0.0],[-159.325932,56.11485,0.0],[-159.325876,56.114328,0.0],[-159.325804,56.113802,0.0],[-159.32572,56.113277,0.0],[-159.325615,56.112764,0.0],[-159.325551,56.112516,0.0],[-159.325473,56.112276,0.0],[-159.325378,56.112048,0.0],[-159.325258,56.111836,0.0],[-159.325106,56.111645,0.0],[-159.324981,56.111531,0.0],[-159.324708,56.111316,0.0],[-159.324566,56.111213,0.0],[-159.324266,56.111016,0.0],[-159.324123,56.110913,0.0],[-159.323847,56.110702,0.0],[-159.32372,56.110589,0.0],[-159.323559,56.110399,0.0],[-159.32343,56.11019,0.0],[-159.323322,56.109966,0.0],[-159.323042,56.109265,0.0],[-159.322939,56.109037,0.0],[-159.32282,56.108821,0.0],[-159.322638,56.108546,0.0],[-159.32253,56.108344,0.0],[-159.322442,56.108131,0.0],[-159.322368,56.107908,0.0],[-159.322306,56.107678,0.0],[-159.322209,56.107205,0.0],[-159.322145,56.106727,0.0],[-159.322127,56.10649,0.0],[-159.322124,56.106251,0.0],[-159.322153,56.105993,0.0],[-159.32222,56.105728,0.0],[-159.322298,56.105541,0.0],[-159.325021,56.106035,0.0],[-159.326804,56.105955,0.0],[-159.332915,56.10563,0.0],[-159.333398,56.104441,0.0],[-159.333699,56.101117,0.0],[-159.333955,56.100567,0.0],[-159.334211,56.099771,0.0],[-159.334284,56.098918,0.0],[-159.333735,56.097516,0.0],[-159.333397,56.097069,0.0],[-159.332177,56.096058,0.0],[-159.331916,56.095682,0.0],[-159.331551,56.094844,0.0],[-159.33147,56.094179,0.0],[-159.331493,56.093413,0.0],[-159.331874,56.091894,0.0],[-159.332024,56.090737,0.0],[-159.332041,56.088698,0.0],[-159.331911,56.088467,0.0],[-159.331313,56.087673,0.0],[-159.330842,56.086473,0.0],[-159.330449,56.085288,0.0],[-159.329929,56.08445,0.0],[-159.329614,56.083395,0.0],[-159.329585,56.083358,0.0],[-159.329585,56.083339,0.0],[-159.329325,56.082279,0.0],[-159.328229,56.080602,0.0],[-159.326582,56.078057,0.0],[-159.323976,56.074782,0.0],[-159.321324,56.071924,0.0],[-159.320118,56.069478,0.0],[-159.319079,56.067442,0.0],[-159.318832,56.065727,0.0],[-159.319111,56.064702,0.0],[-159.318598,56.063356,0.0],[-159.318275,56.062597,0.0],[-159.317265,56.060023,0.0],[-159.31843,56.058483,0.0],[-159.319061,56.057681,0.0],[-159.324117,56.055014,0.0],[-159.32685,56.053999,0.0],[-159.330321,56.053664,0.0],[-159.332915,56.053905,0.0],[-159.335357,56.054569,0.0],[-159.337346,56.055789,0.0],[-159.339619,56.056758,0.0],[-159.340066,56.056962,0.0],[-159.340906,56.057817,0.0],[-159.342422,56.059844,0.0],[-159.344069,56.06174,0.0],[-159.345663,56.063911,0.0],[-159.34659,56.064794,0.0],[-159.347646,56.065504,0.0],[-159.348832,56.066373,0.0],[-159.350019,56.066953,0.0],[-159.351643,56.068126,0.0],[-159.35283,56.068706,0.0],[-159.355641,56.070358,0.0],[-159.357472,56.071661,0.0],[-159.358142,56.072298,0.0],[-159.358863,56.073137,0.0],[-159.359248,56.073919,0.0],[-159.35955,56.076088,0.0],[-159.359547,56.076999,0.0],[-159.359076,56.0783,0.0],[-159.358969,56.079341,0.0],[-159.359096,56.080136,0.0],[-159.359506,56.080946,0.0],[-159.359764,56.081366,0.0],[-159.360253,56.081714,0.0],[-159.361132,56.081946,0.0],[-159.362062,56.082063,0.0],[-159.363278,56.082093,0.0],[-159.365682,56.082096,0.0],[-159.367207,56.082314,0.0],[-159.368319,56.082576,0.0],[-159.369325,56.08301,0.0],[-159.37046,56.084038,0.0],[-159.371747,56.085861,0.0],[-159.372363,56.087149,0.0],[-159.372515,56.088161,0.0],[-159.372225,56.089983,0.0],[-159.371903,56.093337,0.0],[-159.371977,56.094335,0.0],[-159.37262,56.095724,0.0],[-159.373058,56.096303,0.0],[-159.373677,56.096723,0.0],[-159.374426,56.097157,0.0],[-159.37533,56.097606,0.0],[-159.376388,56.098244,0.0],[-159.37866,56.099677,0.0],[-159.379125,56.10014,0.0],[-159.379873,56.100676,0.0],[-159.381372,56.10143,0.0],[-159.382508,56.102197,0.0],[-159.38434,56.103616,0.0],[-159.38576,56.104889,0.0],[-159.386663,56.105628,0.0],[-159.387464,56.106135,0.0],[-159.387953,56.106815,0.0],[-159.388262,56.107523,0.0],[-159.388469,56.107509,0.0],[-159.38865,56.107466,0.0],[-159.389739,56.106556,0.0],[-159.390213,56.106332,0.0],[-159.390338,56.106493,0.0],[-159.390467,56.106703,0.0],[-159.390567,56.106924,0.0],[-159.390648,56.107158,0.0],[-159.390715,56.107401,0.0],[-159.390774,56.10765,0.0],[-159.390873,56.10816,0.0],[-159.390957,56.108676,0.0],[-159.391026,56.109191,0.0],[-159.391073,56.109696,0.0],[-159.391081,56.109942,0.0],[-159.391074,56.110181,0.0],[-159.391046,56.110409,0.0],[-159.390988,56.110623,0.0],[-159.390891,56.110819,0.0],[-159.390798,56.110942,0.0],[-159.390578,56.111172,0.0],[-159.390458,56.111282,0.0],[-159.389915,56.111692,0.0],[-159.389625,56.111888,0.0],[-159.38907,56.112291,0.0],[-159.388942,56.112397,0.0],[-159.388697,56.112615,0.0],[-159.388584,56.112728,0.0],[-159.388468,56.112873,0.0],[-159.388178,56.113334,0.0],[-159.388066,56.113481,0.0],[-159.387956,56.113596,0.0],[-159.387603,56.113928,0.0],[-159.387343,56.114138,0.0],[-159.386846,56.114568,0.0],[-159.386699,56.114721,0.0],[-159.38642,56.115032,0.0],[-159.38618,56.115252,0.0],[-159.385659,56.11575,0.0],[-159.385476,56.115955,0.0],[-159.385122,56.116372,0.0],[-159.384586,56.116941,0.0],[-159.38448,56.117027,0.0],[-159.384415,56.117058,0.0],[-159.384371,56.117058,0.0],[-159.384225,56.117297,0.0],[-159.384154,56.117475,0.0],[-159.384094,56.117695,0.0],[-159.384048,56.117947,0.0],[-159.384011,56.11822,0.0],[-159.383916,56.119035,0.0],[-159.383871,56.119262,0.0],[-159.383809,56.119456,0.0],[-159.383683,56.119729,0.0],[-159.383618,56.119898,0.0],[-159.383453,56.120419,0.0],[-159.383388,56.120588,0.0],[-159.383265,56.120862,0.0],[-159.383201,56.12107,0.0],[-159.38316,56.121288,0.0],[-159.383079,56.121964,0.0],[-159.38304,56.122183,0.0],[-159.382982,56.122393,0.0],[-159.38287,56.122673,0.0],[-159.382809,56.122866,0.0],[-159.382669,56.123465,0.0],[-159.382608,56.123659,0.0],[-159.382525,56.123841,0.0],[-159.382445,56.12397,0.0],[-159.382123,56.124428,0.0],[-159.381984,56.124584,0.0],[-159.38186,56.124692,0.0],[-159.381589,56.124896,0.0],[-159.381443,56.124994,0.0],[-159.381284,56.125085,0.0],[-159.381115,56.125171,0.0],[-159.380944,56.125257,0.0],[-159.380762,56.125337,0.0],[-159.380459,56.125443,0.0],[-159.379808,56.125635,0.0],[-159.379502,56.125739,0.0],[-159.379315,56.125817,0.0],[-159.37896,56.125982,0.0],[-159.378789,56.126068,0.0],[-159.378151,56.126431,0.0],[-159.377544,56.12681,0.0],[-159.377252,56.127004,0.0],[-159.376949,56.127194,0.0],[-159.376659,56.12739,0.0],[-159.376358,56.12758,0.0],[-159.376068,56.127776,0.0],[-159.375769,56.127967,0.0],[-159.375482,56.128164,0.0],[-159.375187,56.128357,0.0],[-159.374626,56.128758,0.0],[-159.374242,56.129075,0.0],[-159.374121,56.129185,0.0],[-159.37398,56.12934,0.0],[-159.373719,56.12966,0.0],[-159.373505,56.129892,0.0],[-159.373244,56.130212,0.0],[-159.373104,56.130368,0.0],[-159.372737,56.130693,0.0],[-159.372611,56.1308,0.0],[-159.372344,56.131007,0.0],[-159.371844,56.131436,0.0],[-159.3717,56.13159,0.0],[-159.371431,56.131906,0.0],[-159.37121,56.132135,0.0],[-159.371109,56.132253,0.0],[-159.370918,56.132496,0.0],[-159.370835,56.132623,0.0],[-159.370752,56.132817,0.0],[-159.370702,56.133026,0.0],[-159.370674,56.133246,0.0],[-159.370644,56.133931,0.0],[-159.370627,56.134156,0.0],[-159.370593,56.134373,0.0],[-159.370534,56.134578,0.0],[-159.370437,56.134765,0.0],[-159.37034,56.134886,0.0],[-159.37011,56.13511,0.0],[-159.36998,56.135215,0.0],[-159.369834,56.135312,0.0],[-159.36952,56.135496,0.0],[-159.369351,56.135583,0.0],[-159.369102,56.135687,0.0],[-159.368576,56.135882,0.0],[-159.3682,56.136037,0.0],[-159.367681,56.136235,0.0],[-159.36744,56.136343,0.0],[-159.367278,56.136433,0.0],[-159.366985,56.136627,0.0],[-159.366854,56.136732,0.0],[-159.366708,56.136885,0.0],[-159.366586,56.137049,0.0],[-159.36639,56.137344,0.0],[-159.366316,56.137476,0.0],[-159.366243,56.137674,0.0],[-159.3662,56.137887,0.0],[-159.366178,56.13811,0.0],[-159.366161,56.138801,0.0],[-159.366148,56.139028,0.0],[-159.366119,56.139248,0.0],[-159.366067,56.139456,0.0],[-159.365981,56.139648,0.0],[-159.365895,56.139774,0.0],[-159.365696,56.140013,0.0],[-159.365588,56.140129,0.0],[-159.365239,56.140463,0.0],[-159.36491,56.140807,0.0],[-159.3648,56.140955,0.0],[-159.364512,56.14142,0.0],[-159.364396,56.141565,0.0],[-159.364281,56.141678,0.0],[-159.36403,56.141893,0.0],[-159.363895,56.141996,0.0],[-159.363591,56.142186,0.0],[-159.363434,56.142279,0.0],[-159.363269,56.142368,0.0],[-159.363026,56.142476,0.0],[-159.362515,56.142678,0.0],[-159.362147,56.142836,0.0],[-159.361887,56.142932,0.0],[-159.360496,56.145081,0.0],[-159.358052,56.147096,0.0],[-159.35569,56.149678,0.0],[-159.354007,56.152229,0.0],[-159.353764,56.152779,0.0],[-159.353887,56.15298,0.0],[-159.353986,56.153197,0.0],[-159.354067,56.153426,0.0],[-159.354135,56.153664,0.0],[-159.354245,56.154157,0.0],[-159.354336,56.154665,0.0],[-159.354457,56.155436,0.0],[-159.354563,56.156206,0.0],[-159.354615,56.15671,0.0],[-159.354629,56.156956,0.0],[-159.35463,56.157196,0.0],[-159.354614,56.157428,0.0],[-159.354573,56.157647,0.0],[-159.354499,56.157851,0.0],[-159.354424,56.157983,0.0],[-159.35434,56.158111,0.0],[-159.354227,56.15828,0.0],[-159.354105,56.158445,0.0],[-159.353961,56.158599,0.0],[-159.353832,56.158705,0.0],[-159.353546,56.158904,0.0],[-159.35339,56.158998,0.0],[-159.353159,56.159111,0.0],[-159.352671,56.159327,0.0],[-159.351985,56.159673,0.0],[-159.351649,56.159849,0.0],[-159.351109,56.160099,0.0],[-159.35092,56.160178,0.0],[-159.350611,56.160285,0.0],[-159.349954,56.160479,0.0],[-159.349645,56.160585,0.0],[-159.349096,56.160823,0.0],[-159.348583,56.16106,0.0],[-159.34841,56.161131,0.0],[-159.348063,56.161255,0.0],[-159.347302,56.162625,0.0],[-159.347264,56.164721,0.0],[-159.347226,56.166818,0.0],[-159.347325,56.169861,0.0],[-159.346403,56.172949,0.0],[-159.345482,56.176038,0.0],[-159.34479,56.178354,0.0],[-159.343934,56.179535,0.0],[-159.343923,56.181821,0.0],[-159.343912,56.184107,0.0],[-159.345098,56.185197,0.0],[-159.348321,56.188024,0.0],[-159.348315,56.188024,0.0],[-159.348018,56.188028,0.0],[-159.347729,56.188022,0.0],[-159.347269,56.187998,0.0],[-159.346912,56.187997,0.0],[-159.346549,56.188016,0.0],[-159.346193,56.188058,0.0],[-159.34586,56.188122,0.0],[-159.345654,56.188179,0.0],[-159.344836,56.188432,0.0],[-159.344621,56.188493,0.0],[-159.344307,56.188561,0.0],[-159.343965,56.188614,0.0],[-159.343604,56.188654,0.0],[-159.343231,56.188683,0.0],[-159.342852,56.188701,0.0],[-159.342474,56.188707,0.0],[-159.342102,56.188702,0.0],[-159.341743,56.188681,0.0],[-159.341406,56.188644,0.0],[-159.341168,56.188604,0.0],[-159.340318,56.188441,0.0],[-159.340024,56.188374,0.0],[-159.33941,56.188209,0.0],[-159.339011,56.188117,0.0],[-159.338812,56.188082,0.0],[-159.338536,56.188059,0.0],[-159.338413,56.188061,0.0]],[[-159.328366,56.137273,0.0],[-159.327304,56.137245,0.0],[-159.326217,56.137333,0.0],[-159.32614,56.137435,0.0],[-159.32627,56.137652,0.0],[-159.326452,56.137767,0.0],[-159.326866,56.137882,0.0],[-159.327229,56.137939,0.0],[-159.32798,56.137967,0.0],[-159.328731,56.137937,0.0],[-159.329016,56.137879,0.0],[-159.329196,56.137691,0.0],[-159.329196,56.13759,0.0],[-159.32904,56.137417,0.0],[-159.32878,56.137316,0.0],[-159.328366,56.137273,0.0]],[[-159.32283,56.132335,0.0],[-159.321923,56.132235,0.0],[-159.321743,56.132322,0.0],[-159.321717,56.132553,0.0],[-159.3219,56.132813,0.0],[-159.322186,56.133015,0.0],[-159.322886,56.133275,0.0],[-159.323326,56.133346,0.0],[-159.323974,56.133389,0.0],[-159.324491,56.13333,0.0],[-159.324776,56.133243,0.0],[-159.324852,56.132983,0.0],[-159.324748,56.132867,0.0],[-159.324489,56.13268,0.0],[-159.324074,56.13255,0.0],[-159.32283,56.132335,0.0]]]}},{"type":"Feature","properties":{"rgi_id":"RGI2000-v7.0-G-01-06855","o1region":"01"},"geometry":{"type":"Polygon","coordinates":[[[-159.42328,56.182582,0.0],[-159.422489,56.1826,0.0],[-159.42203,56.182607,0.0],[-159.421582,56.182606,0.0],[-159.421151,56.182595,0.0],[-159.420743,56.182568,0.0],[-159.42023,56.182512,0.0],[-159.419879,56.182481,0.0],[-159.418793,56.182408,0.0],[-159.418442,56.182377,0.0],[-159.418109,56.182334,0.0],[-159.417015,56.182136,0.0],[-159.416711,56.182074,0.0],[-159.41628,56.181964,0.0],[-159.415661,56.181815,0.0],[-159.415319,56.181716,0.0],[-159.41481,56.181534,0.0],[-159.41431,56.181345,0.0],[-159.413867,56.181162,0.0],[-159.413351,56.180959,0.0],[-159.413237,56.180919,0.0],[-159.413155,56.180901,0.0],[-159.413113,56.180903,0.0],[-159.413117,56.180878,0.0],[-159.413107,56.180819,0.0],[-159.413082,56.180736,0.0],[-159.413039,56.180637,0.0],[-159.412974,56.18053,0.0],[-159.412883,56.180425,0.0],[-159.412766,56.180329,0.0],[-159.412278,56.180013,0.0],[-159.412197,56.179964,0.0],[-159.412241,56.179941,0.0],[-159.412527,56.179666,0.0],[-159.412527,56.179449,0.0],[-159.412346,56.179218,0.0],[-159.412035,56.179145,0.0],[-159.411554,56.179266,0.0],[-159.411524,56.1792,0.0],[-159.411473,56.179104,0.0],[-159.411411,56.179014,0.0],[-159.411335,56.178933,0.0],[-159.411242,56.178863,0.0],[-159.411047,56.17873,0.0],[-159.410965,56.178653,0.0],[-159.410757,56.178397,0.0],[-159.410682,56.178315,0.0],[-159.410658,56.178296,0.0],[-159.410716,56.178075,0.0],[-159.410664,56.177858,0.0],[-159.410535,56.177771,0.0],[-159.410354,56.177727,0.0],[-159.410051,56.177948,0.0],[-159.409943,56.177885,0.0],[-159.409574,56.177735,0.0],[-159.409349,56.177614,0.0],[-159.409211,56.177548,0.0],[-159.40905,56.177485,0.0],[-159.408737,56.177373,0.0],[-159.409318,56.176888,0.0],[-159.409786,56.176426,0.0],[-159.41002,56.176064,0.0],[-159.410047,56.175818,0.0],[-159.409918,56.175587,0.0],[-159.409814,56.175515,0.0],[-159.409503,56.175514,0.0],[-159.40927,56.175543,0.0],[-159.408932,56.17576,0.0],[-159.408594,56.176526,0.0],[-159.40805,56.177173,0.0],[-159.408036,56.177175,0.0],[-159.407991,56.177175,0.0],[-159.407915,56.1772,0.0],[-159.407814,56.17725,0.0],[-159.407542,56.177404,0.0],[-159.407376,56.177502,0.0],[-159.406673,56.177947,0.0],[-159.40657,56.177363,0.0],[-159.406259,56.177262,0.0],[-159.406129,56.177262,0.0],[-159.405792,56.177334,0.0],[-159.40561,56.177492,0.0],[-159.40548,56.177695,0.0],[-159.405402,56.177969,0.0],[-159.405478,56.178447,0.0],[-159.405594,56.178593,0.0],[-159.4055,56.178643,0.0],[-159.405321,56.178725,0.0],[-159.40494,56.178879,0.0],[-159.404732,56.178948,0.0],[-159.40461,56.178978,0.0],[-159.404621,56.178952,0.0],[-159.40483,56.178649,0.0],[-159.404908,56.178432,0.0],[-159.404856,56.178345,0.0],[-159.404261,56.17807,0.0],[-159.403717,56.177881,0.0],[-159.403172,56.177852,0.0],[-159.402965,56.17791,0.0],[-159.402809,56.177982,0.0],[-159.402783,56.178141,0.0],[-159.403015,56.178575,0.0],[-159.403216,56.17919,0.0],[-159.402017,56.179308,0.0],[-159.401616,56.179354,0.0],[-159.401231,56.179408,0.0],[-159.400869,56.179472,0.0],[-159.400384,56.179579,0.0],[-159.400048,56.179643,0.0],[-159.3997,56.1797,0.0],[-159.398658,56.179857,0.0],[-159.397887,56.179994,0.0],[-159.39761,56.180026,0.0],[-159.397327,56.180042,0.0],[-159.397045,56.180041,0.0],[-159.396772,56.180021,0.0],[-159.396515,56.179981,0.0],[-159.396254,56.179912,0.0],[-159.39574,56.179748,0.0],[-159.395481,56.179687,0.0],[-159.395205,56.179635,0.0],[-159.394631,56.179541,0.0],[-159.394348,56.17949,0.0],[-159.393887,56.179396,0.0],[-159.393598,56.179348,0.0],[-159.392697,56.179223,0.0],[-159.392408,56.179174,0.0],[-159.391947,56.179079,0.0],[-159.390989,56.178911,0.0],[-159.390518,56.178824,0.0],[-159.390185,56.178779,0.0],[-159.389836,56.178745,0.0],[-159.388774,56.178672,0.0],[-159.387971,56.178602,0.0],[-159.387687,56.178594,0.0],[-159.3874,56.178601,0.0],[-159.38712,56.178625,0.0],[-159.386854,56.178665,0.0],[-159.386611,56.178722,0.0],[-159.38643,56.178784,0.0],[-159.386098,56.178923,0.0],[-159.385943,56.178997,0.0],[-159.385579,56.1792,0.0],[-159.385386,56.179281,0.0],[-159.385221,56.179323,0.0],[-159.385043,56.179346,0.0],[-159.384855,56.179355,0.0],[-159.384332,56.179361,0.0],[-159.383977,56.179369,0.0],[-159.383208,56.179402,0.0],[-159.382811,56.179428,0.0],[-159.382418,56.179462,0.0],[-159.382036,56.179507,0.0],[-159.381675,56.179565,0.0],[-159.381347,56.179641,0.0],[-159.381063,56.17974,0.0],[-159.380863,56.179845,0.0],[-159.38069,56.179965,0.0],[-159.38036,56.180212,0.0],[-159.380173,56.180325,0.0],[-159.379928,56.180432,0.0],[-159.379654,56.180525,0.0],[-159.379077,56.180693,0.0],[-159.378803,56.180781,0.0],[-159.37856,56.180879,0.0],[-159.378405,56.180963,0.0],[-159.378268,56.181051,0.0],[-159.378144,56.181142,0.0],[-159.37804,56.181235,0.0],[-159.377941,56.181369,0.0],[-159.37788,56.181504,0.0],[-159.377825,56.181716,0.0],[-159.377795,56.181794,0.0],[-159.377738,56.181868,0.0],[-159.377645,56.181933,0.0],[-159.37746,56.182001,0.0],[-159.37722,56.182047,0.0],[-159.376942,56.182075,0.0],[-159.376642,56.182085,0.0],[-159.376332,56.182077,0.0],[-159.376026,56.18205,0.0],[-159.375272,56.181936,0.0],[-159.374427,56.181818,0.0],[-159.374204,56.181791,0.0],[-159.373928,56.181774,0.0],[-159.373647,56.181775,0.0],[-159.373369,56.181794,0.0],[-159.373102,56.181831,0.0],[-159.372855,56.181887,0.0],[-159.372609,56.181972,0.0],[-159.372372,56.182068,0.0],[-159.37212,56.182163,0.0],[-159.371812,56.182249,0.0],[-159.371471,56.182323,0.0],[-159.370376,56.18252,0.0],[-159.370025,56.182593,0.0],[-159.369702,56.18268,0.0],[-159.369496,56.182751,0.0],[-159.369104,56.1829,0.0],[-159.368911,56.182977,0.0],[-159.368539,56.183136,0.0],[-159.367746,56.18343,0.0],[-159.367376,56.183589,0.0],[-159.366867,56.183793,0.0],[-159.366626,56.183902,0.0],[-159.366199,56.184144,0.0],[-159.365971,56.184259,0.0],[-159.365738,56.184348,0.0],[-159.365482,56.184427,0.0],[-159.364673,56.184645,0.0],[-159.364238,56.184772,0.0],[-159.36393,56.184849,0.0],[-159.363284,56.184988,0.0],[-159.362968,56.18506,0.0],[-159.362671,56.185142,0.0],[-159.362405,56.185239,0.0],[-159.362179,56.185354,0.0],[-159.361767,56.185605,0.0],[-159.3616,56.185693,0.0],[-159.36125,56.185861,0.0],[-159.361063,56.18594,0.0],[-159.360785,56.186032,0.0],[-159.360483,56.186112,0.0],[-159.359857,56.186261,0.0],[-159.359556,56.186342,0.0],[-159.359278,56.186433,0.0],[-159.359091,56.186511,0.0],[-159.358741,56.186676,0.0],[-159.358574,56.186762,0.0],[-159.358161,56.187,0.0],[-159.357933,56.187104,0.0],[-159.357664,56.187184,0.0],[-159.357363,56.187242,0.0],[-159.357039,56.187281,0.0],[-159.356705,56.187303,0.0],[-159.356369,56.18731,0.0],[-159.35604,56.187301,0.0],[-159.355565,56.18727,0.0],[-159.355235,56.187261,0.0],[-159.354896,56.187265,0.0],[-159.354557,56.187284,0.0],[-159.354226,56.187317,0.0],[-159.353914,56.187367,0.0],[-159.353632,56.187434,0.0],[-159.353383,56.18752,0.0],[-159.35315,56.187612,0.0],[-159.352906,56.187696,0.0],[-159.352661,56.187755,0.0],[-159.352395,56.187798,0.0],[-159.352118,56.187825,0.0],[-159.351836,56.187838,0.0],[-159.351558,56.187837,0.0],[-159.351104,56.187816,0.0],[-159.350818,56.18781,0.0],[-159.350523,56.187814,0.0],[-159.350225,56.187828,0.0],[-159.34993,56.187852,0.0],[-159.349646,56.187885,0.0],[-159.349194,56.187954,0.0],[-159.34891,56.187987,0.0],[-159.348615,56.188011,0.0],[-159.348321,56.188024,0.0],[-159.345098,56.185197,0.0],[-159.343912,56.184107,0.0],[-159.343923,56.181821,0.0],[-159.343934,56.179535,0.0],[-159.34479,56.178354,0.0],[-159.345482,56.176038,0.0],[-159.346403,56.172949,0.0],[-159.347325,56.169861,0.0],[-159.347226,56.166818,0.0],[-159.347264,56.164721,0.0],[-159.347302,56.162625,0.0],[-159.348063,56.161255,0.0],[-159.34841,56.161131,0.0],[-159.348583,56.16106,0.0],[-159.349096,56.160823,0.0],[-159.349645,56.160585,0.0],[-159.349954,56.160479,0.0],[-159.350611,56.160285,0.0],[-159.35092,56.160178,0.0],[-159.351109,56.160099,0.0],[-159.351649,56.159849,0.0],[-159.351985,56.159673,0.0],[-159.352671,56.159327,0.0],[-159.353159,56.159111,0.0],[-159.35339,56.158998,0.0],[-159.353546,56.158904,0.0],[-159.353832,56.158705,0.0],[-159.353961,56.158599,0.0],[-159.354105,56.158445,0.0],[-159.354227,56.15828,0.0],[-159.35434,56.158111,0.0],[-159.354424,56.157983,0.0],[-159.354499,56.157851,0.0],[-159.354573,56.157647,0.0],[-159.354614,56.157428,0.0],[-159.35463,56.157196,0.0],[-159.354629,56.156956,0.0],[-159.354615,56.15671,0.0],[-159.354563,56.156206,0.0],[-159.354457,56.155436,0.0],[-159.354336,56.154665,0.0],[-159.354245,56.154157,0.0],[-159.354135,56.153664,0.0],[-159.354067,56.153426,0.0],[-159.353986,56.153197,0.0],[-159.353887,56.15298,0.0],[-159.353764,56.152779,0.0],[-159.354007,56.152229,0.0],[-159.35569,56.149678,0.0],[-159.358052,56.147096,0.0],[-159.360496,56.145081,0.0],[-159.361887,56.142932,0.0],[-159.362147,56.142836,0.0],[-159.362515,56.142678,0.0],[-159.363026,56.142476,0.0],[-159.363269,56.142368,0.0],[-159.363434,56.142279,0.0],[-159.363591,56.142186,0.0],[-159.363895,56.141996,0.0],[-159.36403,56.141893,0.0],[-159.364281,56.141678,0.0],[-159.364396,56.141565,0.0],[-159.364512,56.14142,0.0],[-159.3648,56.140955,0.0],[-159.36491,56.140807,0.0],[-159.365239,56.140463,0.0],[-159.365588,56.140129,0.0],[-159.365696,56.140013,0.0],[-159.365895,56.139774,0.0],[-159.365981,56.139648,0.0],[-159.366067,56.139456,0.0],[-159.366119,56.139248,0.0],[-159.366148,56.139028,0.0],[-159.366161,56.138801,0.0],[-159.366178,56.13811,0.0],[-159.3662,56.137887,0.0],[-159.366243,56.137674,0.0],[-159.366316,56.137476,0.0],[-159.36639,56.137344,0.0],[-159.366586,56.137049,0.0],[-159.366708,56.136885,0.0],[-159.366854,56.136732,0.0],[-159.366985,56.136627,0.0],[-159.367278,56.136433,0.0],[-159.36744,56.136343,0.0],[-159.367681,56.136235,0.0],[-159.3682,56.136037,0.0],[-159.368576,56.135882,0.0],[-159.369102,56.135687,0.0],[-159.369351,56.135583,0.0],[-159.36952,56.135496,0.0],[-159.369834,56.135312,0.0],[-159.36998,56.135215,0.0],[-159.37011,56.13511,0.0],[-159.37034,56.134886,0.0],[-159.370437,56.134765,0.0],[-159.370534,56.134578,0.0],[-159.370593,56.134373,0.0],[-159.370627,56.134156,0.0],[-159.370644,56.133931,0.0],[-159.370674,56.133246,0.0],[-159.370702,56.133026,0.0],[-159.370752,56.132817,0.0],[-159.370835,56.132623,0.0],[-159.370918,56.132496,0.0],[-159.371109,56.132253,0.0],[-159.37121,56.132135,0.0],[-159.371431,56.131906,0.0],[-159.3717,56.13159,0.0],[-159.371844,56.131436,0.0],[-159.372344,56.131007,0.0],[-159.372611,56.1308,0.0],[-159.372737,56.130693,0.0],[-159.373104,56.130368,0.0],[-159.373244,56.130212,0.0],[-159.373505,56.129892,0.0],[-159.373719,56.12966,0.0],[-159.37398,56.12934,0.0],[-159.374121,56.129185,0.0],[-159.374242,56.129075,0.0],[-159.374626,56.128758,0.0],[-159.375187,56.128357,0.0],[-159.375482,56.128164,0.0],[-159.375769,56.127967,0.0],[-159.376068,56.127776,0.0],[-159.376358,56.12758,0.0],[-159.376659,56.12739,0.0],[-159.376949,56.127194,0.0],[-159.377252,56.127004,0.0],[-159.377544,56.12681,0.0],[-159.378151,56.126431,0.0],[-159.378789,56.126068,0.0],[-159.37896,56.125982,0.0],[-159.379315,56.125817,0.0],[-159.379502,56.125739,0.0],[-159.379808,56.125635,0.0],[-159.380459,56.125443,0.0],[-159.380762,56.125337,0.0],[-159.380944,56.125257,0.0],[-159.381115,56.125171,0.0],[-159.381284,56.125085,0.0],[-159.381443,56.124994,0.0],[-159.381589,56.124896,0.0],[-159.38186,56.124692,0.0],[-159.381984,56.124584,0.0],[-159.382123,56.124428,0.0],[-159.382445,56.12397,0.0],[-159.382525,56.123841,0.0],[-159.382608,56.123659,0.0],[-159.382669,56.123465,0.0],[-159.382809,56.122866,0.0],[-159.38287,56.122673,0.0],[-159.382982,56.122393,0.0],[-159.38304,56.122183,0.0],[-159.383079,56.121964,0.0],[-159.38316,56.121288,0.0],[-159.383201,56.12107,0.0],[-159.383265,56.120862,0.0],[-159.383388,56.120588,0.0],[-159.383453,56.120419,0.0],[-159.383618,56.119898,0.0],[-159.383683,56.119729,0.0],[-159.383809,56.119456,0.0],[-159.383871,56.119262,0.0],[-159.383916,56.119035,0.0],[-159.384011,56.11822,0.0],[-159.384048,56.117947,0.0],[-159.384094,56.117695,0.0],[-159.384154,56.117475,0.0],[-159.384225,56.117297,0.0],[-159.384371,56.117058,0.0],[-159.384415,56.117058,0.0],[-159.38448,56.117027,0.0],[-159.384586,56.116941,0.0],[-159.385122,56.116372,0.0],[-159.385476,56.115955,0.0],[-159.385659,56.11575,0.0],[-159.38618,56.115252,0.0],[-159.38642,56.115032,0.0],[-159.386699,56.114721,0.0],[-159.386846,56.114568,0.0],[-159.387343,56.114138,0.0],[-159.387603,56.113928,0.0],[-159.387956,56.113596,0.0],[-159.388066,56.113481,0.0],[-159.388178,56.113334,0.0],[-159.388468,56.112873,0.0],[-159.388584,56.112728,0.0],[-159.388697,56.112615,0.0],[-159.388942,56.112397,0.0],[-159.38907,56.112291,0.0],[-159.389625,56.111888,0.0],[-159.389915,56.111692,0.0],[-159.390458,56.111282,0.0],[-159.390578,56.111172,0.0],[-159.390798,56.110942,0.0],[-159.390891,56.110819,0.0],[-159.390988,56.110623,0.0],[-159.391046,56.110409,0.0],[-159.391074,56.110181,0.0],[-159.391081,56.109942,0.0],[-159.391073,56.109696,0.0],[-159.391026,56.109191,0.0],[-159.390957,56.108676,0.0],[-159.390873,56.10816,0.0],[-159.390774,56.10765,0.0],[-159.390715,56.107401,0.0],[-159.390648,56.107158,0.0],[-159.390567,56.106924,0.0],[-159.390467,56.106703,0.0],[-159.390338,56.106493,0.0],[-159.390213,56.106332,0.0],[-159.390258,56.106311,0.0],[-159.390319,56.106295,0.0],[-159.390582,56.106494,0.0],[-159.390872,56.1067,0.0],[-159.391051,56.106848,0.0],[-159.391392,56.107153,0.0],[-159.391658,56.107374,0.0],[-159.391819,56.107532,0.0],[-159.392086,56.10783,0.0],[-159.394477,56.107379,0.0],[-159.395824,56.106366,0.0],[-159.396448,56.10479,0.0],[-159.396562,56.102642,0.0],[-159.39738,56.100938,0.0],[-159.39797,56.099125,0.0],[-159.39794,56.09746,0.0],[-159.397733,56.096041,0.0],[-159.397925,56.091508,0.0],[-159.399328,56.089421,0.0],[-159.399705,56.087618,0.0],[-159.399887,56.085943,0.0],[-159.399628,56.084169,0.0],[-159.400074,56.082839,0.0],[-159.402152,56.07953,0.0],[-159.403446,56.078161,0.0],[-159.405142,56.078084,0.0],[-159.407487,56.079525,0.0],[-159.410257,56.080947,0.0],[-159.412797,56.08226,0.0],[-159.415022,56.082873,0.0],[-159.41693,56.082786,0.0],[-159.41824,56.082012,0.0],[-159.418895,56.081625,0.0],[-159.421395,56.078296,0.0],[-159.42149,56.07603,0.0],[-159.421212,56.074138,0.0],[-159.421466,56.071507,0.0],[-159.425585,56.070485,0.0],[-159.430742,56.070726,0.0],[-159.435597,56.071813,0.0],[-159.435715,56.07407,0.0],[-159.434263,56.075803,0.0],[-159.434506,56.077459,0.0],[-159.437738,56.077668,0.0],[-159.438288,56.077048,0.0],[-159.440922,56.076094,0.0],[-159.44495,56.075909,0.0],[-159.448499,56.076818,0.0],[-159.453283,56.078861,0.0],[-159.45674,56.082036,0.0],[-159.460393,56.085082,0.0],[-159.462546,56.08665,0.0],[-159.463689,56.090051,0.0],[-159.462023,56.093223,0.0],[-159.460815,56.096612,0.0],[-159.459643,56.100237,0.0],[-159.456645,56.105971,0.0],[-159.455474,56.108167,0.0],[-159.45669,56.110612,0.0],[-159.459411,56.111678,0.0],[-159.459773,56.11153,0.0],[-159.459793,56.111649,0.0],[-159.45985,56.111935,0.0],[-159.459909,56.112185,0.0],[-159.459979,56.112427,0.0],[-159.460063,56.11266,0.0],[-159.460164,56.112881,0.0],[-159.46029,56.113086,0.0],[-159.460492,56.113345,0.0],[-159.460607,56.113505,0.0],[-159.460923,56.114003,0.0],[-159.461037,56.114164,0.0],[-159.461236,56.114426,0.0],[-159.461357,56.114631,0.0],[-159.461455,56.114852,0.0],[-159.461537,56.115083,0.0],[-159.461609,56.115322,0.0],[-159.461802,56.116051,0.0],[-159.461872,56.11629,0.0],[-159.461951,56.116524,0.0],[-159.462043,56.116748,0.0],[-159.462154,56.116961,0.0],[-159.46233,56.117237,0.0],[-159.462443,56.117457,0.0],[-159.462535,56.117691,0.0],[-159.462612,56.117935,0.0],[-159.462734,56.118443,0.0],[-159.462831,56.118968,0.0],[-159.462957,56.119768,0.0],[-159.463465,56.12326,0.0],[-159.464067,56.127287,0.0],[-159.464176,56.128087,0.0],[-159.464232,56.128613,0.0],[-159.46425,56.128871,0.0],[-159.464258,56.129124,0.0],[-159.464252,56.129371,0.0],[-159.464227,56.12961,0.0],[-159.464179,56.129836,0.0],[-159.464085,56.130125,0.0],[-159.464037,56.130341,0.0],[-159.464012,56.130568,0.0],[-159.464004,56.130802,0.0],[-159.464024,56.131289,0.0],[-159.464072,56.131789,0.0],[-159.464136,56.132296,0.0],[-159.464247,56.133061,0.0],[-159.46433,56.133568,0.0],[-159.464426,56.134068,0.0],[-159.464482,56.134312,0.0],[-159.464546,56.134551,0.0],[-159.464621,56.134783,0.0],[-159.46471,56.135005,0.0],[-159.464818,56.135215,0.0],[-159.464995,56.135492,0.0],[-159.465103,56.135696,0.0],[-159.465194,56.135912,0.0],[-159.465273,56.136134,0.0],[-159.465486,56.136819,0.0],[-159.465562,56.137044,0.0],[-159.465649,56.137261,0.0],[-159.465753,56.137468,0.0],[-159.465879,56.13766,0.0],[-159.466384,56.138244,0.0],[-159.466535,56.138406,0.0],[-159.466778,56.138639,0.0],[-159.466913,56.138785,0.0],[-159.467298,56.139239,0.0],[-159.467443,56.139379,0.0],[-159.468118,56.139917,0.0],[-159.468248,56.140027,0.0],[-159.468389,56.14017,0.0],[-159.468515,56.140323,0.0],[-159.468749,56.14064,0.0],[-159.469072,56.141055,0.0],[-159.469198,56.141267,0.0],[-159.469297,56.141496,0.0],[-159.469377,56.141737,0.0],[-159.469443,56.141988,0.0],[-159.469548,56.142508,0.0],[-159.46967,56.143311,0.0],[-159.469922,56.145205,0.0],[-159.470009,56.145737,0.0],[-159.470061,56.145997,0.0],[-159.470122,56.146251,0.0],[-159.470197,56.146496,0.0],[-159.470291,56.146728,0.0],[-159.470412,56.146943,0.0],[-159.470568,56.147135,0.0],[-159.470696,56.147247,0.0],[-159.47098,56.147453,0.0],[-159.471131,56.14755,0.0],[-159.471293,56.147639,0.0],[-159.471794,56.147899,0.0],[-159.47284,56.148389,0.0],[-159.473341,56.148649,0.0],[-159.473503,56.148739,0.0],[-159.473654,56.148835,0.0],[-159.473937,56.149042,0.0],[-159.474065,56.149154,0.0],[-159.474214,56.149336,0.0],[-159.474331,56.14954,0.0],[-159.474424,56.149759,0.0],[-159.474499,56.14999,0.0],[-159.474562,56.150229,0.0],[-159.474772,56.151212,0.0],[-159.474831,56.151454,0.0],[-159.4749,56.151689,0.0],[-159.474983,56.151914,0.0],[-159.475088,56.152126,0.0],[-159.475221,56.152319,0.0],[-159.475334,56.152441,0.0],[-159.475939,56.153024,0.0],[-159.476084,56.153214,0.0],[-159.476201,56.153423,0.0],[-159.476305,56.153662,0.0],[-159.476729,56.154855,0.0],[-159.476842,56.155128,0.0],[-159.476958,56.155359,0.0],[-159.477076,56.155533,0.0],[-159.477191,56.155636,0.0],[-159.477262,56.155661,0.0],[-159.477316,56.155651,0.0],[-159.477369,56.156009,0.0],[-159.477374,56.156039,0.0],[-159.477319,56.15609,0.0],[-159.477202,56.156155,0.0],[-159.476833,56.156318,0.0],[-159.47662,56.156421,0.0],[-159.476414,56.156539,0.0],[-159.47602,56.156794,0.0],[-159.475848,56.156922,0.0],[-159.475714,56.157052,0.0],[-159.475517,56.157296,0.0],[-159.475408,56.157411,0.0],[-159.474885,56.15783,0.0],[-159.474592,56.158024,0.0],[-159.474313,56.158225,0.0],[-159.474012,56.158415,0.0],[-159.473728,56.158614,0.0],[-159.473425,56.158804,0.0],[-159.473141,56.159002,0.0],[-159.472837,56.159191,0.0],[-159.472551,56.159389,0.0],[-159.472241,56.159575,0.0],[-159.47194,56.159766,0.0],[-159.471433,56.160026,0.0],[-159.471252,56.160106,0.0],[-159.471046,56.160176,0.0],[-159.470821,56.160236,0.0],[-159.470348,56.160345,0.0],[-159.470326,56.16035,0.0],[-159.470327,56.160245,0.0],[-159.470249,56.160159,0.0],[-159.469782,56.160173,0.0],[-159.46942,56.160375,0.0],[-159.468927,56.160795,0.0],[-159.468905,56.161037,0.0],[-159.468854,56.161074,0.0],[-159.46859,56.161286,0.0],[-159.468507,56.161367,0.0],[-159.46847,56.161427,0.0],[-159.468475,56.161457,0.0],[-159.468414,56.16145,0.0],[-159.468352,56.161482,0.0],[-159.468277,56.161589,0.0],[-159.468223,56.161762,0.0],[-159.468189,56.161989,0.0],[-159.468172,56.162257,0.0],[-159.468169,56.162552,0.0],[-159.468182,56.163457,0.0],[-159.468175,56.163717,0.0],[-159.468151,56.163939,0.0],[-159.468099,56.164144,0.0],[-159.468008,56.164332,0.0],[-159.467869,56.164496,0.0],[-159.467681,56.164629,0.0],[-159.467458,56.164746,0.0],[-159.467045,56.164939,0.0],[-159.466862,56.165019,0.0],[-159.466598,56.165116,0.0],[-159.466053,56.165302,0.0],[-159.465666,56.165452,0.0],[-159.465127,56.165642,0.0],[-159.464868,56.165741,0.0],[-159.46434,56.165991,0.0],[-159.464167,56.166076,0.0],[-159.463836,56.166252,0.0],[-159.463137,56.166588,0.0],[-159.462881,56.166689,0.0],[-159.462348,56.166881,0.0],[-159.461969,56.167035,0.0],[-159.46144,56.167229,0.0],[-159.461187,56.167331,0.0],[-159.461012,56.167415,0.0],[-159.460676,56.16759,0.0],[-159.460514,56.16768,0.0],[-159.460361,56.167774,0.0],[-159.459915,56.168064,0.0],[-159.459514,56.168375,0.0],[-159.459388,56.168482,0.0],[-159.459239,56.168635,0.0],[-159.458959,56.168948,0.0],[-159.458726,56.169173,0.0],[-159.458615,56.169288,0.0],[-159.458397,56.16952,0.0],[-159.458336,56.169591,0.0],[-159.458268,56.169626,0.0],[-159.457438,56.169915,0.0],[-159.456945,56.170132,0.0],[-159.456634,56.170363,0.0],[-159.45653,56.170565,0.0],[-159.456556,56.170696,0.0],[-159.456789,56.170725,0.0],[-159.457126,56.17071,0.0],[-159.457671,56.170551,0.0],[-159.457801,56.170525,0.0],[-159.457695,56.170686,0.0],[-159.457601,56.170857,0.0],[-159.457381,56.171319,0.0],[-159.457334,56.171438,0.0],[-159.457307,56.171602,0.0],[-159.457325,56.171768,0.0],[-159.457388,56.171927,0.0],[-159.457463,56.17204,0.0],[-159.457719,56.172343,0.0],[-159.457904,56.172544,0.0],[-159.458117,56.172748,0.0],[-159.458467,56.17304,0.0],[-159.458883,56.173401,0.0],[-159.459059,56.173544,0.0],[-159.459253,56.173692,0.0],[-159.459297,56.173737,0.0],[-159.4593,56.173757,0.0],[-159.45931,56.173784,0.0],[-159.459313,56.173847,0.0],[-159.459304,56.17394,0.0],[-159.459279,56.174053,0.0],[-159.459233,56.174178,0.0],[-159.459042,56.174512,0.0],[-159.458971,56.174668,0.0],[-159.458917,56.174826,0.0],[-159.458803,56.175233,0.0],[-159.45875,56.17535,0.0],[-159.458677,56.175458,0.0],[-159.458601,56.175533,0.0],[-159.458432,56.175676,0.0],[-159.458196,56.175896,0.0],[-159.458021,56.176036,0.0],[-159.45794,56.176108,0.0],[-159.457859,56.176203,0.0],[-159.457656,56.176507,0.0],[-159.457574,56.176601,0.0],[-159.457491,56.176673,0.0],[-159.457309,56.176809,0.0],[-159.457049,56.177018,0.0],[-159.456745,56.177208,0.0],[-159.456461,56.177406,0.0],[-159.456134,56.177585,0.0],[-159.455923,56.177707,0.0],[-159.45581,56.177764,0.0],[-159.455655,56.177825,0.0],[-159.455486,56.177878,0.0],[-159.455132,56.177979,0.0],[-159.454945,56.178044,0.0],[-159.454469,56.178251,0.0],[-159.453873,56.178469,0.0],[-159.45372,56.178534,0.0],[-159.453612,56.178595,0.0],[-159.453562,56.17864,0.0],[-159.453545,56.178676,0.0],[-159.45356,56.178699,0.0],[-159.453061,56.178719,0.0],[-159.452993,56.178726,0.0],[-159.452944,56.178741,0.0],[-159.452925,56.178772,0.0],[-159.452925,56.178812,0.0],[-159.45297,56.179086,0.0],[-159.452477,56.179106,0.0],[-159.452406,56.179112,0.0],[-159.452354,56.179128,0.0],[-159.452335,56.179157,0.0],[-159.452335,56.179196,0.0],[-159.45238,56.179473,0.0],[-159.451881,56.179493,0.0],[-159.451814,56.1795,0.0],[-159.451764,56.179515,0.0],[-159.451745,56.179546,0.0],[-159.451745,56.179586,0.0],[-159.45179,56.17986,0.0],[-159.451291,56.17988,0.0],[-159.451224,56.179887,0.0],[-159.451174,56.179902,0.0],[-159.451155,56.179933,0.0],[-159.451155,56.179973,0.0],[-159.4512,56.180247,0.0],[-159.451156,56.180247,0.0],[-159.451078,56.180272,0.0],[-159.450973,56.180319,0.0],[-159.450695,56.18047,0.0],[-159.45053,56.180569,0.0],[-159.450186,56.180809,0.0],[-159.450007,56.180941,0.0],[-159.449834,56.181081,0.0],[-159.449628,56.181277,0.0],[-159.449066,56.181901,0.0],[-159.44881,56.182223,0.0],[-159.44867,56.182379,0.0],[-159.44855,56.182489,0.0],[-159.448176,56.182811,0.0],[-159.44791,56.183018,0.0],[-159.447407,56.183446,0.0],[-159.446967,56.183904,0.0],[-159.446841,56.184011,0.0],[-159.446447,56.184324,0.0],[-159.445881,56.184723,0.0],[-159.445585,56.184915,0.0],[-159.445298,56.185113,0.0],[-159.444998,56.185304,0.0],[-159.444708,56.1855,0.0],[-159.444407,56.18569,0.0],[-159.444117,56.185886,0.0],[-159.443815,56.186076,0.0],[-159.443525,56.186272,0.0],[-159.443222,56.186462,0.0],[-159.442919,56.186662,0.0],[-159.442137,56.187133,0.0],[-159.441922,56.187252,0.0],[-159.441306,56.18758,0.0],[-159.440859,56.187789,0.0],[-159.440726,56.187863,0.0],[-159.440681,56.187903,0.0],[-159.440685,56.187926,0.0],[-159.440615,56.187927,0.0],[-159.440439,56.187918,0.0],[-159.440177,56.187896,0.0],[-159.439664,56.187842,0.0],[-159.439654,56.187841,0.0],[-159.440435,56.187491,0.0],[-159.441499,56.186797,0.0],[-159.442174,56.186248,0.0],[-159.442278,56.18606,0.0],[-159.442253,56.185626,0.0],[-159.442305,56.185482,0.0],[-159.442539,56.185265,0.0],[-159.443239,56.184991,0.0],[-159.444225,56.184514,0.0],[-159.444874,56.183936,0.0],[-159.444953,56.183825,0.0],[-159.44516,56.183531,0.0],[-159.44516,56.183271,0.0],[-159.445109,56.183097,0.0],[-159.444772,56.182866,0.0],[-159.44472,56.182692,0.0],[-159.44485,56.182418,0.0],[-159.445032,56.182186,0.0],[-159.44524,56.182042,0.0],[-159.445292,56.181941,0.0],[-159.445266,56.181825,0.0],[-159.445059,56.181796,0.0],[-159.444774,56.181825,0.0],[-159.444592,56.181926,0.0],[-159.443839,56.182591,0.0],[-159.443372,56.182906,0.0],[-159.442023,56.183819,0.0],[-159.441113,56.184932,0.0],[-159.440568,56.185293,0.0],[-159.439971,56.185799,0.0],[-159.438802,56.187577,0.0],[-159.438412,56.187721,0.0],[-159.438049,56.187706,0.0],[-159.437894,56.187576,0.0],[-159.437635,56.187489,0.0],[-159.43735,56.187547,0.0],[-159.436831,56.187749,0.0],[-159.436805,56.187763,0.0],[-159.436363,56.187995,0.0],[-159.436052,56.188428,0.0],[-159.435765,56.189036,0.0],[-159.435584,56.189108,0.0],[-159.434806,56.189295,0.0],[-159.434099,56.189308,0.0],[-159.434002,56.189309,0.0],[-159.433302,56.189164,0.0],[-159.43268,56.188875,0.0],[-159.43207,56.188364,0.0],[-159.432059,56.188354,0.0],[-159.431178,56.187544,0.0],[-159.430142,56.186994,0.0],[-159.429184,56.186299,0.0],[-159.428304,56.185561,0.0],[-159.428063,56.185417,0.0],[-159.426428,56.184438,0.0],[-159.425429,56.183839,0.0],[-159.425041,56.183521,0.0],[-159.424782,56.18313,0.0],[-159.424757,56.182624,0.0],[-159.424785,56.182566,0.0],[-159.425096,56.181916,0.0],[-159.425096,56.181612,0.0],[-159.424993,56.181496,0.0],[-159.424811,56.181424,0.0],[-159.424552,56.181496,0.0],[-159.424422,56.181482,0.0],[-159.423904,56.18125,0.0],[-159.423671,56.181264,0.0],[-159.423152,56.181553,0.0],[-159.422555,56.181813,0.0],[-159.422451,56.181914,0.0],[-159.422451,56.182059,0.0],[-159.422632,56.182203,0.0],[-159.42315,56.182478,0.0],[-159.42328,56.18258,0.0],[-159.42328,56.182582,0.0]],[[-159.428295,56.176148,0.0],[-159.428449,56.176871,0.0],[-159.428579,56.176973,0.0],[-159.42889,56.176944,0.0],[-159.429227,56.17664,0.0],[-159.429306,56.176337,0.0],[-159.429254,56.176033,0.0],[-159.429099,56.175845,0.0],[-159.428866,56.175845,0.0],[-159.428399,56.175989,0.0],[-159.428295,56.176148,0.0]],[[-159.410667,56.176614,0.0],[-159.410408,56.176571,0.0],[-159.410149,56.176628,0.0],[-159.410122,56.176744,0.0],[-159.409759,56.17712,0.0],[-159.409629,56.177336,0.0],[-159.409706,56.177438,0.0],[-159.409887,56.177496,0.0],[-159.410302,56.177467,0.0],[-159.410795,56.17725,0.0],[-159.411081,56.17699,0.0],[-159.411081,56.176817,0.0],[-159.410952,56.176701,0.0],[-159.410667,56.176614,0.0]],[[-159.448252,56.178385,0.0],[-159.448459,56.178385,0.0],[-159.448693,56.178327,0.0],[-159.448952,56.178212,0.0],[-159.449082,56.178082,0.0],[-159.448927,56.177706,0.0],[-159.448694,56.177503,0.0],[-159.448539,56.177416,0.0],[-159.448305,56.177387,0.0],[-159.448124,56.177459,0.0],[-159.44802,56.17772,0.0],[-159.447993,56.178038,0.0],[-159.448123,56.178312,0.0],[-159.448252,56.178385,0.0]],[[-159.43254,56.179953,0.0],[-159.432955,56.179968,0.0],[-159.433266,56.179882,0.0],[-159.433474,56.179665,0.0],[-159.433578,56.179448,0.0],[-159.433604,56.179217,0.0],[-159.433398,56.178522,0.0],[-159.433528,56.178349,0.0],[-159.434125,56.177887,0.0],[-159.435164,56.176557,0.0],[-159.435346,56.176297,0.0],[-159.435294,56.176181,0.0],[-159.435165,56.17608,0.0],[-159.434957,56.17608,0.0],[-159.434802,56.176137,0.0],[-159.434308,56.176687,0.0],[-159.43358,56.177771,0.0],[-159.433243,56.178016,0.0],[-159.432672,56.178305,0.0],[-159.43249,56.178681,0.0],[-159.4321,56.179259,0.0],[-159.432152,56.179621,0.0],[-159.432229,56.179838,0.0],[-159.43254,56.179953,0.0]],[[-159.424843,56.178518,0.0],[-159.424765,56.178489,0.0],[-159.424532,56.178517,0.0],[-159.424324,56.178676,0.0],[-159.42422,56.178864,0.0],[-159.424297,56.17911,0.0],[-159.424452,56.179356,0.0],[-159.424738,56.179327,0.0],[-159.424971,56.179241,0.0],[-159.425075,56.178937,0.0],[-159.424843,56.178518,0.0]],[[-159.425442,56.177217,0.0],[-159.42552,56.176971,0.0],[-159.425753,56.176855,0.0],[-159.42609,56.176856,0.0],[-159.426868,56.176798,0.0],[-159.427179,56.176712,0.0],[-159.427569,56.176394,0.0],[-159.427751,56.175931,0.0],[-159.428037,56.17557,0.0],[-159.428894,56.174949,0.0],[-159.429361,56.174529,0.0],[-159.430036,56.174154,0.0],[-159.430399,56.174024,0.0],[-159.430658,56.17401,0.0],[-159.430943,56.174024,0.0],[-159.431435,56.174184,0.0],[-159.431591,56.174169,0.0],[-159.432343,56.173794,0.0],[-159.432758,56.173736,0.0],[-159.432939,56.173736,0.0],[-159.433121,56.173852,0.0],[-159.433328,56.173895,0.0],[-159.433665,56.17391,0.0],[-159.433846,56.173722,0.0],[-159.433873,56.173332,0.0],[-159.43377,56.173071,0.0],[-159.433148,56.172666,0.0],[-159.432994,56.172305,0.0],[-159.432968,56.172088,0.0],[-159.43258,56.171856,0.0],[-159.430948,56.171205,0.0],[-159.430664,56.170771,0.0],[-159.428568,56.168557,0.0],[-159.42818,56.168369,0.0],[-159.427843,56.168268,0.0],[-159.427506,56.168325,0.0],[-159.427247,56.168441,0.0],[-159.427143,56.168614,0.0],[-159.42696,56.169106,0.0],[-159.427011,56.169511,0.0],[-159.426595,56.170392,0.0],[-159.426284,56.170667,0.0],[-159.426257,56.170841,0.0],[-159.426438,56.171,0.0],[-159.426879,56.171217,0.0],[-159.427474,56.171405,0.0],[-159.42763,56.171521,0.0],[-159.427759,56.171839,0.0],[-159.428302,56.172201,0.0],[-159.428561,56.172635,0.0],[-159.428508,56.173184,0.0],[-159.427781,56.17395,0.0],[-159.427365,56.17434,0.0],[-159.426742,56.174673,0.0],[-159.426535,56.174962,0.0],[-159.426482,56.175178,0.0],[-159.426612,56.175338,0.0],[-159.426585,56.175612,0.0],[-159.426481,56.175757,0.0],[-159.426196,56.17593,0.0],[-159.426066,56.175973,0.0],[-159.425029,56.17593,0.0],[-159.424796,56.175958,0.0],[-159.424174,56.176131,0.0],[-159.423732,56.17642,0.0],[-159.423602,56.176724,0.0],[-159.423576,56.177071,0.0],[-159.423653,56.177288,0.0],[-159.423938,56.177447,0.0],[-159.424274,56.177592,0.0],[-159.42443,56.177621,0.0],[-159.425026,56.177867,0.0],[-159.425285,56.177795,0.0],[-159.425441,56.177535,0.0],[-159.425442,56.177217,0.0]],[[-159.45228,56.170694,0.0],[-159.452461,56.170709,0.0],[-159.452617,56.170636,0.0],[-159.452669,56.170477,0.0],[-159.452591,56.170145,0.0],[-159.451634,56.16906,0.0],[-159.451403,56.166631,0.0],[-159.451146,56.165416,0.0],[-159.450862,56.164346,0.0],[-159.451148,56.163348,0.0],[-159.451356,56.1629,0.0],[-159.451331,56.162611,0.0],[-159.450969,56.161873,0.0],[-159.450658,56.161497,0.0],[-159.450141,56.161049,0.0],[-159.449545,56.160803,0.0],[-159.44882,56.160716,0.0],[-159.448509,56.160745,0.0],[-159.448197,56.160932,0.0],[-159.448119,56.161077,0.0],[-159.4483,56.161612,0.0],[-159.448273,56.162161,0.0],[-159.448299,56.162595,0.0],[-159.448791,56.162899,0.0],[-159.449335,56.163087,0.0],[-159.45006,56.16329,0.0],[-159.450241,56.163435,0.0],[-159.450345,56.163565,0.0],[-159.450215,56.163825,0.0],[-159.449178,56.164215,0.0],[-159.448892,56.16436,0.0],[-159.448659,56.164562,0.0],[-159.448659,56.164851,0.0],[-159.448917,56.165328,0.0],[-159.449746,56.16582,0.0],[-159.45047,56.166558,0.0],[-159.450651,56.166949,0.0],[-159.45078,56.167541,0.0],[-159.450753,56.168698,0.0],[-159.45096,56.169089,0.0],[-159.451995,56.170593,0.0],[-159.45228,56.170694,0.0]],[[-159.448639,56.180106,0.0],[-159.450324,56.179846,0.0],[-159.451413,56.179471,0.0],[-159.452114,56.179124,0.0],[-159.452296,56.178936,0.0],[-159.452374,56.178546,0.0],[-159.452322,56.178068,0.0],[-159.452401,56.177851,0.0],[-159.45253,56.17775,0.0],[-159.452919,56.177606,0.0],[-159.452919,56.177534,0.0],[-159.452712,56.177346,0.0],[-159.451546,56.176853,0.0],[-159.451339,56.17681,0.0],[-159.451157,56.176926,0.0],[-159.451157,56.177099,0.0],[-159.451285,56.178227,0.0],[-159.451207,56.178747,0.0],[-159.450973,56.179008,0.0],[-159.450584,56.179195,0.0],[-159.449806,56.179383,0.0],[-159.449469,56.179397,0.0],[-159.449055,56.179311,0.0],[-159.448614,56.17905,0.0],[-159.448407,56.178876,0.0],[-159.448226,56.178862,0.0],[-159.447914,56.178876,0.0],[-159.446851,56.179411,0.0],[-159.446617,56.179628,0.0],[-159.446539,56.179888,0.0],[-159.446617,56.180061,0.0],[-159.446824,56.180148,0.0],[-159.447213,56.180177,0.0],[-159.448639,56.180106,0.0]],[[-159.434552,56.186027,0.0],[-159.434137,56.185984,0.0],[-159.433774,56.186013,0.0],[-159.433618,56.186099,0.0],[-159.433644,56.186244,0.0],[-159.433877,56.186345,0.0],[-159.43437,56.186418,0.0],[-159.434862,56.186389,0.0],[-159.435122,56.186317,0.0],[-159.435174,56.186201,0.0],[-159.435044,56.186129,0.0],[-159.434552,56.186027,0.0]],[[-159.446615,56.181507,0.0],[-159.446485,56.181768,0.0],[-159.446588,56.181854,0.0],[-159.447184,56.181927,0.0],[-159.447573,56.181913,0.0],[-159.447885,56.18184,0.0],[-159.448092,56.181653,0.0],[-159.448041,56.181407,0.0],[-159.447885,56.181175,0.0],[-159.447575,56.181074,0.0],[-159.447082,56.181175,0.0],[-159.446615,56.181507,0.0]],[[-159.466879,56.161835,0.0],[-159.467086,56.161893,0.0],[-159.467527,56.161835,0.0],[-159.467838,56.161676,0.0],[-159.467968,56.161474,0.0],[-159.467942,56.160881,0.0],[-159.467968,56.160606,0.0],[-159.468176,56.160404,0.0],[-159.468513,56.160231,0.0],[-159.469601,56.159999,0.0],[-159.470145,56.159797,0.0],[-159.470508,56.159638,0.0],[-159.470664,56.159494,0.0],[-159.470638,56.159407,0.0],[-159.470534,56.159363,0.0],[-159.470198,56.159378,0.0],[-159.469783,56.159624,0.0],[-159.469394,56.159768,0.0],[-159.469031,56.15984,0.0],[-159.46872,56.159739,0.0],[-159.468254,56.15971,0.0],[-159.467995,56.159724,0.0],[-159.467788,56.159811,0.0],[-159.46745,56.160201,0.0],[-159.467113,56.16117,0.0],[-159.466879,56.161662,0.0],[-159.466879,56.161835,0.0]],[[-159.402946,56.17496,0.0],[-159.402661,56.174945,0.0],[-159.402346,56.175161,0.0],[-159.402324,56.175176,0.0],[-159.402375,56.17548,0.0],[-159.402582,56.175726,0.0],[-159.403332,56.176059,0.0],[-159.403851,56.176175,0.0],[-159.405405,56.176683,0.0],[-159.405767,56.176697,0.0],[-159.405897,56.176625,0.0],[-159.405872,56.176553,0.0],[-159.40569,56.176423,0.0],[-159.404836,56.175988,0.0],[-159.404318,56.175655,0.0],[-159.40406,56.175535,0.0],[-159.403697,56.175365,0.0],[-159.403205,56.175018,0.0],[-159.402946,56.17496,0.0]],[[-159.450437,56.17266,0.0],[-159.451888,56.172689,0.0],[-159.452148,56.172588,0.0],[-159.452251,56.172458,0.0],[-159.452174,56.172154,0.0],[-159.451993,56.172024,0.0],[-159.451604,56.17201,0.0],[-159.4515,56.171923,0.0],[-159.451501,56.171778,0.0],[-159.45176,56.17159,0.0],[-159.452175,56.171504,0.0],[-159.452382,56.171417,0.0],[-159.452408,56.171316,0.0],[-159.452279,56.1712,0.0],[-159.452046,56.17107,0.0],[-159.451761,56.17107,0.0],[-159.451605,56.171142,0.0],[-159.450256,56.172067,0.0],[-159.450023,56.172399,0.0],[-159.450048,56.172501,0.0],[-159.450204,56.172602,0.0],[-159.450437,56.17266,0.0]],[[-159.435693,56.185883,0.0],[-159.435641,56.185985,0.0],[-159.435796,56.186129,0.0],[-159.436081,56.18626,0.0],[-159.436703,56.186347,0.0],[-159.437118,56.186376,0.0],[-159.437922,56.186116,0.0],[-159.438182,56.185971,0.0],[-159.438182,56.185827,0.0],[-159.438027,56.185697,0.0],[-159.437767,56.185668,0.0],[-159.437119,56.185696,0.0],[-159.436056,56.185782,0.0],[-159.435693,56.185883,0.0]],[[-159.474786,56.156299,0.0],[-159.475201,56.155215,0.0],[-159.475253,56.154954,0.0],[-159.475123,56.154853,0.0],[-159.474864,56.154824,0.0],[-159.474709,56.154896,0.0],[-159.474579,56.155041,0.0],[-159.474061,56.155822,0.0],[-159.473957,56.156198,0.0],[-159.474138,56.1564,0.0],[-159.474319,56.156487,0.0],[-159.474552,56.156472,0.0],[-159.474786,56.156299,0.0]],[[-159.425435,56.180528,0.0],[-159.425229,56.179949,0.0],[-159.425048,56.17979,0.0],[-159.424918,56.179718,0.0],[-159.424685,56.179732,0.0],[-159.424503,56.179819,0.0],[-159.424296,56.180021,0.0],[-159.424295,56.180383,0.0],[-159.424372,56.180628,0.0],[-159.424579,56.180802,0.0],[-159.424812,56.180947,0.0],[-159.425098,56.180918,0.0],[-159.425357,56.180774,0.0],[-159.425435,56.180528,0.0]]]}},{"type":"Feature","properties":{"rgi_id":"RGI2000-v7.0-G-01-06856","o1region":"01"},"geometry":{"type":"Polygon","coordinates":[[[-159.646129,56.092587,0.0],[-159.647263,56.092461,0.0],[-159.648078,56.09247,0.0],[-159.649204,56.092483,0.0],[-159.649702,56.092488,0.0],[-159.650996,56.09257,0.0],[-159.652566,56.092781,0.0],[-159.65313,56.093111,0.0],[-159.652009,56.094165,0.0],[-159.650482,56.094237,0.0],[-159.649104,56.094446,0.0],[-159.647992,56.094713,0.0],[-159.646032,56.095306,0.0],[-159.64316,56.0958,0.0],[-159.641782,56.096008,0.0],[-159.64144,56.095453,0.0],[-159.641936,56.094501,0.0],[-159.642834,56.093672,0.0],[-159.644136,56.092967,0.0],[-159.646129,56.092587,0.0]]]}},{"type":"Feature","properties":{"rgi_id":"RGI2000-v7.0-G-01-06857","o1region":"01"},"geometry":{"type":"Polygon","coordinates":[[[-158.984607,56.18382,0.0],[-158.98487,56.182724,0.0],[-158.986822,56.181215,0.0],[-158.988103,56.180818,0.0],[-158.989288,56.181226,0.0],[-158.989868,56.181715,0.0],[-158.990282,56.182498,0.0],[-158.990688,56.183223,0.0],[-158.991913,56.183172,0.0],[-158.993264,56.183287,0.0],[-158.99437,56.183868,0.0],[-158.995082,56.184581,0.0],[-158.994624,56.185742,0.0],[-158.993491,56.186475,0.0],[-158.991885,56.187513,0.0],[-158.990948,56.188181,0.0],[-158.988071,56.188929,0.0],[-158.987264,56.188278,0.0],[-158.986465,56.187683,0.0],[-158.986155,56.186154,0.0],[-158.985608,56.185149,0.0],[-158.984817,56.184611,0.0],[-158.984607,56.18382,0.0]]]}},{"type":"Feature","properties":{"rgi_id":"RGI2000-v7.0-G-01-06858","o1region":"01"},"geometry":{"type":"Polygon","coordinates":[[[-158.969455,56.181883,0.0],[-158.968003,56.181772,0.0],[-158.967004,56.181985,0.0],[-158.965182,56.182175,0.0],[-158.964304,56.181755,0.0],[-158.96375,56.180693,0.0],[-158.964577,56.179973,0.0],[-158.966214,56.179163,0.0],[-158.968023,56.178116,0.0],[-158.969016,56.177104,0.0],[-158.970566,56.176411,0.0],[-158.972858,56.176658,0.0],[-158.974538,56.176931,0.0],[-158.976312,56.177142,0.0],[-158.978486,56.17728,0.0],[-158.980158,56.177496,0.0],[-158.981562,56.178008,0.0],[-158.982793,56.178756,0.0],[-158.984039,56.179618,0.0],[-158.984774,56.180501,0.0],[-158.984772,56.181243,0.0],[-158.983427,56.181928,0.0],[-158.981061,56.182655,0.0],[-158.98029,56.18303,0.0],[-158.978835,56.183662,0.0],[-158.977796,56.184333,0.0],[-158.975884,56.185384,0.0],[-158.974153,56.186256,0.0],[-158.971344,56.187515,0.0],[-158.970019,56.186828,0.0],[-158.968584,56.186088,0.0],[-158.967739,56.185153,0.0],[-158.967742,56.18441,0.0],[-158.968365,56.183699,0.0],[-158.969075,56.18287,0.0],[-158.969455,56.181883,0.0]]]}}]}
