{"type":"FeatureCollection","features":[{"type":"Feature","properties":{"rgi_id":"RGI2000-v7.0-G-02-18124","o1region":"02"},"geometry":{"type":"Polygon","coordinates":[[[-113.017621,47.598873,0.0],[-113.017449,47.599033,0.0],[-113.017306,47.599182,0.0],[-113.017146,47.59929,0.0],[-113.016982,47.599346,0.0],[-113.016797,47.599311,0.0],[-113.016698,47.5992,0.0],[-113.016449,47.599115,0.0],[-113.016195,47.598968,0.0],[-113.01599,47.598861,0.0],[-113.015801,47.598774,0.0],[-113.015557,47.598771,0.0],[-113.015432,47.598723,0.0],[-113.015456,47.59862,0.0],[-113.015609,47.598399,0.0],[-113.0157,47.598169,0.0],[-113.015823,47.597949,0.0],[-113.015899,47.59772,0.0],[-113.016025,47.597551,0.0],[-113.016158,47.597485,0.0],[-113.016375,47.597541,0.0],[-113.016551,47.597669,0.0],[-113.016665,47.597789,0.0],[-113.016927,47.597833,0.0],[-113.017207,47.597907,0.0],[-113.017333,47.597975,0.0],[-113.017479,47.598115,0.0],[-113.017595,47.598245,0.0],[-113.017751,47.598303,0.0],[-113.01792,47.598328,0.0],[-113.018033,47.598428,0.0],[-113.018055,47.59852,0.0],[-113.017966,47.598564,0.0],[-113.017822,47.598682,0.0],[-113.017722,47.598788,0.0],[-113.017621,47.598873,0.0]]]}},{"type":"Feature","properties":{"rgi_id":"RGI2000-v7.0-G-02-18125","o1region":"02"},"geometry":{"type":"Polygon","coordinates":[[[-113.104044,47.600223,0.0],[-113.103772,47.600262,0.0],[-113.103528,47.60026,0.0],[-113.103272,47.600299,0.0],[-113.102986,47.600359,0.0],[-113.10273,47.600398,0.0],[-113.102534,47.600435,0.0],[-113.102352,47.600441,0.0],[-113.10224,47.600362,0.0],[-113.102171,47.60025,0.0],[-113.102224,47.600135,0.0],[-113.102339,47.600029,0.0],[-113.102496,47.599869,0.0],[-113.102686,47.59975,0.0],[-113.102816,47.599643,0.0],[-113.10294,47.599453,0.0],[-113.103005,47.599297,0.0],[-113.10304,47.599141,0.0],[-113.102985,47.598999,0.0],[-113.102929,47.598846,0.0],[-113.102906,47.598733,0.0],[-113.103037,47.598647,0.0],[-113.103263,47.598598,0.0],[-113.103585,47.59864,0.0],[-113.103804,47.598726,0.0],[-113.104028,47.598873,0.0],[-113.104264,47.598979,0.0],[-113.104408,47.599088,0.0],[-113.104431,47.599201,0.0],[-113.104489,47.599385,0.0],[-113.104563,47.599568,0.0],[-113.104618,47.59971,0.0],[-113.104568,47.599867,0.0],[-113.104517,47.600012,0.0],[-113.104432,47.600108,0.0],[-113.104269,47.600175,0.0],[-113.104165,47.600219,0.0],[-113.104044,47.600223,0.0]]]}},{"type":"Feature","properties":{"rgi_id":"RGI2000-v7.0-G-02-18126","o1region":"02"},"geometry":{"type":"Polygon","coordinates":[[[-113.13154,47.590119,0.0],[-113.131358,47.590135,0.0],[-113.131088,47.590195,0.0],[-113.130877,47.590222,0.0],[-113.130651,47.59026,0.0],[-113.13048,47.590214,0.0],[-113.130315,47.590033,0.0],[-113.13018,47.589842,0.0],[-113.130075,47.589639,0.0],[-113.129983,47.589415,0.0],[-113.129953,47.589189,0.0],[-113.130075,47.588969,0.0],[-113.130325,47.588848,0.0],[-113.130781,47.588823,0.0],[-113.131123,47.588926,0.0],[-113.131603,47.589045,0.0],[-113.131929,47.589127,0.0],[-113.132182,47.589264,0.0],[-113.13243,47.589544,0.0],[-113.13255,47.589747,0.0],[-113.132533,47.589943,0.0],[-113.132405,47.590071,0.0],[-113.132164,47.590109,0.0],[-113.131842,47.590089,0.0],[-113.131645,47.590095,0.0],[-113.13154,47.590119,0.0]]]}},{"type":"Feature","properties":{"rgi_id":"RGI2000-v7.0-G-02-18127","o1region":"02"},"geometry":{"type":"Polygon","coordinates":[[[-113.072388,47.746351,0.0],[-113.072244,47.746397,0.0],[-113.072102,47.746476,0.0],[-113.071924,47.746572,0.0],[-113.071722,47.746669,0.0],[-113.071518,47.746742,0.0],[-113.071286,47.746757,0.0],[-113.071014,47.746724,0.0],[-113.070859,47.746613,0.0],[-113.0708,47.746474,0.0],[-113.0708,47.746292,0.0],[-113.070887,47.746124,0.0],[-113.071021,47.745929,0.0],[-113.071205,47.745733,0.0],[-113.071341,47.74558,0.0],[-113.071416,47.745412,0.0],[-113.071568,47.7453,0.0],[-113.07157,47.745143,0.0],[-113.071619,47.744959,0.0],[-113.071719,47.744807,0.0],[-113.071793,47.744631,0.0],[-113.071842,47.744455,0.0],[-113.071906,47.744304,0.0],[-113.072032,47.744176,0.0],[-113.07222,47.744046,0.0],[-113.072314,47.743985,0.0],[-113.072389,47.743826,0.0],[-113.072482,47.743757,0.0],[-113.072605,47.743753,0.0],[-113.07276,47.743864,0.0],[-113.072867,47.743993,0.0],[-113.072923,47.744099,0.0],[-113.07292,47.744232,0.0],[-113.072917,47.744372,0.0],[-113.072936,47.744653,0.0],[-113.072972,47.744818,0.0],[-113.073031,47.744965,0.0],[-113.073161,47.745077,0.0],[-113.073194,47.7452,0.0],[-113.073141,47.745326,0.0],[-113.073114,47.745468,0.0],[-113.073248,47.745637,0.0],[-113.073333,47.745809,0.0],[-113.073354,47.745932,0.0],[-113.073267,47.7461,0.0],[-113.073153,47.746236,0.0],[-113.072911,47.746285,0.0],[-113.072631,47.74631,0.0],[-113.072485,47.746331,0.0],[-113.072388,47.746351,0.0]]]}},{"type":"Feature","properties":{"rgi_id":"RGI2000-v7.0-G-02-18128","o1region":"02"},"geometry":{"type":"Polygon","coordinates":[[[-113.075062,47.753161,0.0],[-113.075067,47.753071,0.0],[-113.075133,47.75297,0.0],[-113.075312,47.752903,0.0],[-113.075623,47.752893,0.0],[-113.075881,47.75291,0.0],[-113.076119,47.752915,0.0],[-113.076374,47.752895,0.0],[-113.076423,47.752794,0.0],[-113.076285,47.752663,0.0],[-113.07612,47.752655,0.0],[-113.075972,47.752635,0.0],[-113.075894,47.752563,0.0],[-113.075924,47.752464,0.0],[-113.076062,47.752336,0.0],[-113.076316,47.752303,0.0],[-113.076551,47.752259,0.0],[-113.076687,47.752094,0.0],[-113.076786,47.75193,0.0],[-113.07683,47.751781,0.0],[-113.076839,47.751632,0.0],[-113.076922,47.751506,0.0],[-113.076948,47.751357,0.0],[-113.076975,47.751208,0.0],[-113.076982,47.751047,0.0],[-113.077085,47.750945,0.0],[-113.07729,47.750988,0.0],[-113.077439,47.75102,0.0],[-113.077601,47.750978,0.0],[-113.077798,47.75091,0.0],[-113.077846,47.75081,0.0],[-113.078,47.750645,0.0],[-113.077991,47.750509,0.0],[-113.078225,47.750452,0.0],[-113.078427,47.750458,0.0],[-113.078576,47.750491,0.0],[-113.078782,47.750559,0.0],[-113.078958,47.750714,0.0],[-113.079076,47.750846,0.0],[-113.079195,47.750966,0.0],[-113.079313,47.751086,0.0],[-113.079482,47.751155,0.0],[-113.079618,47.751262,0.0],[-113.079802,47.751269,0.0],[-113.079881,47.751353,0.0],[-113.079891,47.751513,0.0],[-113.079879,47.7516,0.0],[-113.07985,47.751712,0.0],[-113.079878,47.75186,0.0],[-113.07991,47.752056,0.0],[-113.079977,47.75224,0.0],[-113.079972,47.752438,0.0],[-113.07993,47.752624,0.0],[-113.079773,47.752741,0.0],[-113.07969,47.752867,0.0],[-113.079495,47.752972,0.0],[-113.079303,47.753101,0.0],[-113.079181,47.753204,0.0],[-113.079008,47.753345,0.0],[-113.078671,47.753516,0.0],[-113.078471,47.753547,0.0],[-113.078126,47.753595,0.0],[-113.077759,47.753581,0.0],[-113.077333,47.75352,0.0],[-113.076982,47.753482,0.0],[-113.076596,47.753456,0.0],[-113.076189,47.753407,0.0],[-113.075818,47.753344,0.0],[-113.075522,47.753304,0.0],[-113.075246,47.753288,0.0],[-113.075062,47.753161,0.0]]]}},{"type":"Feature","properties":{"rgi_id":"RGI2000-v7.0-G-02-18129","o1region":"02"},"geometry":{"type":"Polygon","coordinates":[[[-113.080387,47.760927,0.0],[-113.080341,47.760935,0.0],[-113.08022,47.760939,0.0],[-113.079926,47.760913,0.0],[-113.079712,47.760804,0.0],[-113.079545,47.760623,0.0],[-113.079445,47.760429,0.0],[-113.079468,47.760254,0.0],[-113.07951,47.760113,0.0],[-113.079499,47.759951,0.0],[-113.079452,47.759767,0.0],[-113.079238,47.759657,0.0],[-113.079024,47.759548,0.0],[-113.078849,47.759507,0.0],[-113.078588,47.759457,0.0],[-113.07839,47.759335,0.0],[-113.078463,47.759147,0.0],[-113.078519,47.75896,0.0],[-113.078681,47.758804,0.0],[-113.07874,47.758663,0.0],[-113.078889,47.758577,0.0],[-113.07913,47.758569,0.0],[-113.079405,47.758561,0.0],[-113.079699,47.758587,0.0],[-113.079944,47.758637,0.0],[-113.080205,47.758676,0.0],[-113.0805,47.758713,0.0],[-113.080761,47.758751,0.0],[-113.080991,47.758849,0.0],[-113.081137,47.758972,0.0],[-113.081203,47.759179,0.0],[-113.081216,47.759364,0.0],[-113.081212,47.759573,0.0],[-113.081227,47.759782,0.0],[-113.081241,47.75999,0.0],[-113.081205,47.760224,0.0],[-113.081095,47.760378,0.0],[-113.081004,47.760555,0.0],[-113.080824,47.7607,0.0],[-113.080542,47.760859,0.0],[-113.080387,47.760927,0.0]]]}},{"type":"Feature","properties":{"rgi_id":"RGI2000-v7.0-G-02-18130","o1region":"02"},"geometry":{"type":"Polygon","coordinates":[[[-113.08231,47.767285,0.0],[-113.082087,47.767224,0.0],[-113.082021,47.767108,0.0],[-113.081901,47.767053,0.0],[-113.081661,47.766943,0.0],[-113.081542,47.766907,0.0],[-113.081214,47.76678,0.0],[-113.080827,47.766655,0.0],[-113.080618,47.766563,0.0],[-113.080523,47.766448,0.0],[-113.080202,47.766439,0.0],[-113.080048,47.766306,0.0],[-113.080121,47.766108,0.0],[-113.080282,47.765907,0.0],[-113.080446,47.765745,0.0],[-113.080638,47.765582,0.0],[-113.080804,47.76546,0.0],[-113.081025,47.765276,0.0],[-113.081191,47.765154,0.0],[-113.081511,47.765163,0.0],[-113.081695,47.765295,0.0],[-113.081849,47.765427,0.0],[-113.081948,47.765601,0.0],[-113.082162,47.765751,0.0],[-113.082294,47.765982,0.0],[-113.082454,47.766193,0.0],[-113.082471,47.766447,0.0],[-113.082455,47.766644,0.0],[-113.08247,47.766859,0.0],[-113.082571,47.767071,0.0],[-113.082438,47.767252,0.0],[-113.08231,47.767285,0.0]]]}},{"type":"Feature","properties":{"rgi_id":"RGI2000-v7.0-G-02-18131","o1region":"02"},"geometry":{"type":"Polygon","coordinates":[[[-113.081312,47.769934,0.0],[-113.081099,47.769803,0.0],[-113.081064,47.769706,0.0],[-113.081049,47.769491,0.0],[-113.080951,47.769337,0.0],[-113.080822,47.769145,0.0],[-113.080751,47.768951,0.0],[-113.080563,47.768761,0.0],[-113.080543,47.768467,0.0],[-113.080613,47.76821,0.0],[-113.080658,47.768013,0.0],[-113.08085,47.76785,0.0],[-113.081275,47.76768,0.0],[-113.081442,47.767577,0.0],[-113.08176,47.767547,0.0],[-113.08197,47.767639,0.0],[-113.081986,47.767874,0.0],[-113.082002,47.768109,0.0],[-113.081961,47.768365,0.0],[-113.081922,47.76864,0.0],[-113.081965,47.768855,0.0],[-113.082037,47.769049,0.0],[-113.082199,47.769298,0.0],[-113.082181,47.769456,0.0],[-113.081959,47.76962,0.0],[-113.081821,47.769722,0.0],[-113.08162,47.769767,0.0],[-113.081312,47.769934,0.0]]]}},{"type":"Feature","properties":{"rgi_id":"RGI2000-v7.0-G-02-18132","o1region":"02"},"geometry":{"type":"Polygon","coordinates":[[[-113.081476,47.771507,0.0],[-113.081323,47.771384,0.0],[-113.081084,47.771293,0.0],[-113.080899,47.771142,0.0],[-113.080886,47.770947,0.0],[-113.08102,47.770786,0.0],[-113.081307,47.770718,0.0],[-113.081604,47.770807,0.0],[-113.081929,47.770895,0.0],[-113.082077,47.770929,0.0],[-113.082424,47.770899,0.0],[-113.082776,47.770947,0.0],[-113.082964,47.771137,0.0],[-113.083006,47.771332,0.0],[-113.08308,47.771565,0.0],[-113.083124,47.771779,0.0],[-113.083109,47.771996,0.0],[-113.083032,47.772135,0.0],[-113.08286,47.77218,0.0],[-113.082656,47.772166,0.0],[-113.082385,47.772038,0.0],[-113.082053,47.771852,0.0],[-113.081694,47.771706,0.0],[-113.081476,47.771507,0.0]]]}},{"type":"Feature","properties":{"rgi_id":"RGI2000-v7.0-G-02-18133","o1region":"02"},"geometry":{"type":"Polygon","coordinates":[[[-113.080618,47.773466,0.0],[-113.080446,47.773422,0.0],[-113.080364,47.773233,0.0],[-113.080269,47.773005,0.0],[-113.080093,47.772869,0.0],[-113.079833,47.772919,0.0],[-113.079577,47.773026,0.0],[-113.079085,47.77312,0.0],[-113.078849,47.773068,0.0],[-113.078577,47.77292,0.0],[-113.078362,47.77275,0.0],[-113.07812,47.77262,0.0],[-113.078396,47.772396,0.0],[-113.078674,47.772211,0.0],[-113.079014,47.772083,0.0],[-113.07948,47.772088,0.0],[-113.080009,47.77217,0.0],[-113.080454,47.772293,0.0],[-113.080693,47.772384,0.0],[-113.081052,47.77253,0.0],[-113.081437,47.772635,0.0],[-113.081677,47.772813,0.0],[-113.081607,47.772946,0.0],[-113.081346,47.773011,0.0],[-113.081118,47.773077,0.0],[-113.081008,47.773178,0.0],[-113.080931,47.773318,0.0],[-113.080618,47.773466,0.0]]]}},{"type":"Feature","properties":{"rgi_id":"RGI2000-v7.0-G-02-18134","o1region":"02"},"geometry":{"type":"Polygon","coordinates":[[[-113.210646,47.777466,0.0],[-113.210812,47.777559,0.0],[-113.211113,47.777692,0.0],[-113.211506,47.777814,0.0],[-113.211782,47.777966,0.0],[-113.211913,47.778131,0.0],[-113.212177,47.778302,0.0],[-113.212511,47.778532,0.0],[-113.212816,47.778719,0.0],[-113.212922,47.778904,0.0],[-113.212906,47.779056,0.0],[-113.212764,47.779105,0.0],[-113.212564,47.779094,0.0],[-113.212209,47.778953,0.0],[-113.211933,47.778801,0.0],[-113.211698,47.778666,0.0],[-113.211493,47.778574,0.0],[-113.211278,47.778536,0.0],[-113.210994,47.778456,0.0],[-113.210731,47.778303,0.0],[-113.210477,47.778079,0.0],[-113.210253,47.777907,0.0],[-113.209959,47.777693,0.0],[-113.20971,47.77754,0.0],[-113.209599,47.777472,0.0],[-113.209632,47.777373,0.0],[-113.209827,47.777322,0.0],[-113.210035,47.777271,0.0],[-113.210272,47.777236,0.0],[-113.210451,47.777338,0.0],[-113.210548,47.777388,0.0],[-113.210646,47.777466,0.0]]]}},{"type":"Feature","properties":{"rgi_id":"RGI2000-v7.0-G-02-18135","o1region":"02"},"geometry":{"type":"Polygon","coordinates":[[[-113.244441,47.78616,0.0],[-113.244207,47.786221,0.0],[-113.243996,47.786245,0.0],[-113.24369,47.786229,0.0],[-113.243409,47.786193,0.0],[-113.243129,47.786175,0.0],[-113.242887,47.786129,0.0],[-113.242725,47.78609,0.0],[-113.2426,47.786013,0.0],[-113.242662,47.78594,0.0],[-113.242965,47.785912,0.0],[-113.243345,47.785846,0.0],[-113.243671,47.785773,0.0],[-113.24413,47.785696,0.0],[-113.244455,47.785614,0.0],[-113.244781,47.785532,0.0],[-113.245241,47.785463,0.0],[-113.245625,47.78546,0.0],[-113.245932,47.785495,0.0],[-113.246084,47.78557,0.0],[-113.246142,47.785649,0.0],[-113.245953,47.785789,0.0],[-113.245667,47.785861,0.0],[-113.245289,47.785954,0.0],[-113.244988,47.786017,0.0],[-113.244648,47.78609,0.0],[-113.244441,47.78616,0.0]]]}},{"type":"Feature","properties":{"rgi_id":"RGI2000-v7.0-G-02-18136","o1region":"02"},"geometry":{"type":"Polygon","coordinates":[[[-113.250015,47.785649,0.0],[-113.250197,47.78559,0.0],[-113.250489,47.78541,0.0],[-113.250764,47.785178,0.0],[-113.250963,47.784993,0.0],[-113.251211,47.784752,0.0],[-113.251438,47.784584,0.0],[-113.251778,47.784519,0.0],[-113.251996,47.784602,0.0],[-113.252177,47.784721,0.0],[-113.252251,47.784826,0.0],[-113.252171,47.785007,0.0],[-113.251949,47.785238,0.0],[-113.251687,47.78547,0.0],[-113.251421,47.785648,0.0],[-113.251118,47.785864,0.0],[-113.250797,47.786008,0.0],[-113.250547,47.786043,0.0],[-113.250406,47.78611,0.0],[-113.250284,47.786257,0.0],[-113.250267,47.786579,0.0],[-113.250136,47.786977,0.0],[-113.249976,47.78734,0.0],[-113.249853,47.787469,0.0],[-113.249713,47.787563,0.0],[-113.249527,47.787551,0.0],[-113.24935,47.787494,0.0],[-113.249249,47.787372,0.0],[-113.249238,47.787212,0.0],[-113.249273,47.786969,0.0],[-113.249289,47.786817,0.0],[-113.249278,47.786656,0.0],[-113.249179,47.786579,0.0],[-113.249018,47.786548,0.0],[-113.248778,47.786538,0.0],[-113.248585,47.786616,0.0],[-113.24837,47.786757,0.0],[-113.24822,47.786887,0.0],[-113.248079,47.786963,0.0],[-113.247958,47.786931,0.0],[-113.247906,47.786763,0.0],[-113.247878,47.786558,0.0],[-113.24796,47.786404,0.0],[-113.24812,47.786229,0.0],[-113.248229,47.786091,0.0],[-113.248219,47.785939,0.0],[-113.248139,47.785754,0.0],[-113.248102,47.785604,0.0],[-113.248145,47.785459,0.0],[-113.248269,47.785348,0.0],[-113.248427,47.785325,0.0],[-113.248678,47.785308,0.0],[-113.248932,47.785335,0.0],[-113.249198,47.785345,0.0],[-113.249324,47.785448,0.0],[-113.249507,47.785585,0.0],[-113.249642,47.785625,0.0],[-113.249844,47.785663,0.0],[-113.250015,47.785649,0.0]]]}},{"type":"Feature","properties":{"rgi_id":"RGI2000-v7.0-G-02-18137","o1region":"02"},"geometry":{"type":"Polygon","coordinates":[[[-113.253229,47.788692,0.0],[-113.253346,47.78884,0.0],[-113.253465,47.789024,0.0],[-113.253573,47.789244,0.0],[-113.253654,47.789447,0.0],[-113.253671,47.789678,0.0],[-113.253593,47.789887,0.0],[-113.253432,47.790053,0.0],[-113.253331,47.790127,0.0],[-113.253187,47.79015,0.0],[-113.253007,47.79004,0.0],[-113.252822,47.789876,0.0],[-113.252622,47.789668,0.0],[-113.252449,47.789477,0.0],[-113.252327,47.789248,0.0],[-113.252231,47.789019,0.0],[-113.252125,47.788835,0.0],[-113.252102,47.788692,0.0],[-113.252078,47.78855,0.0],[-113.252158,47.788369,0.0],[-113.252265,47.788195,0.0],[-113.252384,47.788004,0.0],[-113.252505,47.78783,0.0],[-113.252629,47.787719,0.0],[-113.252762,47.787714,0.0],[-113.252915,47.787817,0.0],[-113.252981,47.788002,0.0],[-113.253012,47.788252,0.0],[-113.253095,47.788481,0.0],[-113.253155,47.788587,0.0],[-113.253229,47.788692,0.0]]]}},{"type":"Feature","properties":{"rgi_id":"RGI2000-v7.0-G-02-18138","o1region":"02"},"geometry":{"type":"Polygon","coordinates":[[[-113.250234,47.782764,0.0],[-113.249953,47.782719,0.0],[-113.249664,47.782577,0.0],[-113.249374,47.782416,0.0],[-113.249094,47.782202,0.0],[-113.248906,47.781984,0.0],[-113.248746,47.781793,0.0],[-113.248649,47.781537,0.0],[-113.248635,47.781349,0.0],[-113.248704,47.781195,0.0],[-113.248821,47.781165,0.0],[-113.248973,47.781249,0.0],[-113.249168,47.781386,0.0],[-113.249311,47.781533,0.0],[-113.249494,47.781679,0.0],[-113.249707,47.781869,0.0],[-113.249858,47.781945,0.0],[-113.249992,47.781967,0.0],[-113.250123,47.782124,0.0],[-113.250244,47.782334,0.0],[-113.250346,47.782465,0.0],[-113.250366,47.782563,0.0],[-113.250385,47.782643,0.0],[-113.250338,47.782725,0.0],[-113.250234,47.782764,0.0]]]}},{"type":"Feature","properties":{"rgi_id":"RGI2000-v7.0-G-02-18139","o1region":"02"},"geometry":{"type":"Polygon","coordinates":[[[-113.628782,47.721684,0.0],[-113.62878,47.721409,0.0],[-113.6288,47.7212,0.0],[-113.628825,47.720999,0.0],[-113.628906,47.720697,0.0],[-113.629002,47.720564,0.0],[-113.629272,47.720335,0.0],[-113.629602,47.720188,0.0],[-113.629906,47.720122,0.0],[-113.630139,47.720078,0.0],[-113.630277,47.720128,0.0],[-113.630652,47.720194,0.0],[-113.631188,47.720227,0.0],[-113.631677,47.720231,0.0],[-113.632214,47.720178,0.0],[-113.632528,47.720139,0.0],[-113.63288,47.720069,0.0],[-113.633327,47.720014,0.0],[-113.633527,47.720023,0.0],[-113.633786,47.720058,0.0],[-113.634113,47.720123,0.0],[-113.634428,47.720199,0.0],[-113.634749,47.72024,0.0],[-113.635187,47.720328,0.0],[-113.635454,47.720409,0.0],[-113.635681,47.720497,0.0],[-113.635933,47.7206,0.0],[-113.63626,47.720662,0.0],[-113.63655,47.72074,0.0],[-113.636874,47.720761,0.0],[-113.637461,47.720877,0.0],[-113.637851,47.720926,0.0],[-113.638079,47.72098,0.0],[-113.638274,47.72102,0.0],[-113.638534,47.721074,0.0],[-113.638866,47.7211,0.0],[-113.639281,47.7212,0.0],[-113.63932,47.721287,0.0],[-113.639274,47.721365,0.0],[-113.639254,47.721421,0.0],[-113.639206,47.721541,0.0],[-113.639126,47.721651,0.0],[-113.639011,47.721748,0.0],[-113.638782,47.72188,0.0],[-113.638574,47.721973,0.0],[-113.638102,47.722226,0.0],[-113.637782,47.72246,0.0],[-113.637491,47.722635,0.0],[-113.637011,47.722889,0.0],[-113.636546,47.723079,0.0],[-113.636053,47.723218,0.0],[-113.635575,47.723392,0.0],[-113.63506,47.723572,0.0],[-113.634637,47.723681,0.0],[-113.634258,47.723665,0.0],[-113.634044,47.723582,0.0],[-113.633803,47.723423,0.0],[-113.633686,47.723282,0.0],[-113.6336,47.723024,0.0],[-113.633573,47.722833,0.0],[-113.633615,47.722645,0.0],[-113.633598,47.722387,0.0],[-113.63347,47.7222,0.0],[-113.633244,47.721977,0.0],[-113.633049,47.721872,0.0],[-113.632642,47.721769,0.0],[-113.632212,47.721691,0.0],[-113.631992,47.721729,0.0],[-113.631741,47.721799,0.0],[-113.631447,47.721947,0.0],[-113.631211,47.72209,0.0],[-113.630854,47.722309,0.0],[-113.630481,47.722424,0.0],[-113.630139,47.72248,0.0],[-113.629651,47.722528,0.0],[-113.629309,47.722576,0.0],[-113.629025,47.722639,0.0],[-113.628787,47.722609,0.0],[-113.628739,47.722517,0.0],[-113.628726,47.722408,0.0],[-113.628739,47.722215,0.0],[-113.628758,47.72194,0.0],[-113.628782,47.721684,0.0]]]}},{"type":"Feature","properties":{"rgi_id":"RGI2000-v7.0-G-02-18140","o1region":"02"},"geometry":{"type":"Polygon","coordinates":[[[-113.6364,47.724457,0.0],[-113.636059,47.724571,0.0],[-113.635847,47.724669,0.0],[-113.635652,47.724723,0.0],[-113.635435,47.724704,0.0],[-113.635407,47.724658,0.0],[-113.635376,47.724571,0.0],[-113.635417,47.724471,0.0],[-113.635498,47.724265,0.0],[-113.635694,47.724071,0.0],[-113.635793,47.724034,0.0],[-113.636084,47.724007,0.0],[-113.636343,47.723946,0.0],[-113.636555,47.723803,0.0],[-113.636897,47.723552,0.0],[-113.637125,47.723404,0.0],[-113.637297,47.723359,0.0],[-113.63753,47.723381,0.0],[-113.637719,47.723393,0.0],[-113.637953,47.723371,0.0],[-113.638158,47.723339,0.0],[-113.638432,47.723252,0.0],[-113.638629,47.723173,0.0],[-113.638766,47.723114,0.0],[-113.639043,47.723016,0.0],[-113.639279,47.72296,0.0],[-113.639586,47.722938,0.0],[-113.639914,47.722962,0.0],[-113.640262,47.722993,0.0],[-113.640585,47.723061,0.0],[-113.640782,47.723131,0.0],[-113.640904,47.723181,0.0],[-113.641041,47.723313,0.0],[-113.641188,47.723426,0.0],[-113.641503,47.723505,0.0],[-113.641579,47.723533,0.0],[-113.641741,47.723675,0.0],[-113.641935,47.723761,0.0],[-113.642226,47.723839,0.0],[-113.642268,47.723906,0.0],[-113.642234,47.723992,0.0],[-113.642073,47.724014,0.0],[-113.641811,47.723999,0.0],[-113.641364,47.723949,0.0],[-113.641007,47.72396,0.0],[-113.640877,47.724063,0.0],[-113.640943,47.724135,0.0],[-113.641065,47.724227,0.0],[-113.641308,47.724366,0.0],[-113.641599,47.724501,0.0],[-113.641941,47.724601,0.0],[-113.642217,47.724641,0.0],[-113.642415,47.724727,0.0],[-113.642542,47.724738,0.0],[-113.642714,47.724754,0.0],[-113.643016,47.724864,0.0],[-113.643134,47.725019,0.0],[-113.643282,47.725239,0.0],[-113.643314,47.725435,0.0],[-113.643259,47.72561,0.0],[-113.64311,47.725731,0.0],[-113.642934,47.725721,0.0],[-113.642657,47.725665,0.0],[-113.642323,47.725556,0.0],[-113.641788,47.725532,0.0],[-113.641535,47.725632,0.0],[-113.641306,47.725819,0.0],[-113.641006,47.726038,0.0],[-113.640833,47.726113,0.0],[-113.640658,47.726064,0.0],[-113.640609,47.725899,0.0],[-113.64064,47.72578,0.0],[-113.640641,47.725648,0.0],[-113.640561,47.725604,0.0],[-113.640404,47.725577,0.0],[-113.640073,47.725559,0.0],[-113.63974,47.725521,0.0],[-113.639544,47.725454,0.0],[-113.639463,47.725356,0.0],[-113.639453,47.725235,0.0],[-113.639422,47.724951,0.0],[-113.639487,47.724754,0.0],[-113.639437,47.724632,0.0],[-113.639243,47.724546,0.0],[-113.63874,47.724364,0.0],[-113.638303,47.724336,0.0],[-113.637609,47.724314,0.0],[-113.63693,47.724369,0.0],[-113.6364,47.724457,0.0]]]}},{"type":"Feature","properties":{"rgi_id":"RGI2000-v7.0-G-02-18141","o1region":"02"},"geometry":{"type":"Polygon","coordinates":[[[-113.642477,47.727228,0.0],[-113.642867,47.727024,0.0],[-113.643027,47.72698,0.0],[-113.643189,47.72693,0.0],[-113.643369,47.726938,0.0],[-113.643606,47.726948,0.0],[-113.643784,47.72698,0.0],[-113.643957,47.727059,0.0],[-113.644156,47.727161,0.0],[-113.64445,47.727321,0.0],[-113.644808,47.727421,0.0],[-113.645133,47.727573,0.0],[-113.645456,47.727693,0.0],[-113.645684,47.727792,0.0],[-113.64597,47.727913,0.0],[-113.646228,47.728085,0.0],[-113.64639,47.728228,0.0],[-113.646513,47.728396,0.0],[-113.646578,47.728649,0.0],[-113.646635,47.728902,0.0],[-113.646807,47.72922,0.0],[-113.647,47.729438,0.0],[-113.647162,47.72969,0.0],[-113.647341,47.729835,0.0],[-113.647469,47.729866,0.0],[-113.647624,47.72992,0.0],[-113.647804,47.729977,0.0],[-113.647983,47.730086,0.0],[-113.648129,47.730229,0.0],[-113.648276,47.730437,0.0],[-113.648421,47.730668,0.0],[-113.64852,47.730898,0.0],[-113.648528,47.731139,0.0],[-113.648464,47.731304,0.0],[-113.648356,47.731434,0.0],[-113.648081,47.731557,0.0],[-113.64787,47.731567,0.0],[-113.647543,47.731499,0.0],[-113.647079,47.731335,0.0],[-113.646631,47.731088,0.0],[-113.646374,47.730924,0.0],[-113.646242,47.730742,0.0],[-113.646277,47.730672,0.0],[-113.646359,47.730584,0.0],[-113.646423,47.73042,0.0],[-113.646421,47.730288,0.0],[-113.646254,47.730135,0.0],[-113.645878,47.729965,0.0],[-113.645488,47.729762,0.0],[-113.64526,47.72962,0.0],[-113.645276,47.729558,0.0],[-113.645342,47.729515,0.0],[-113.645408,47.729477,0.0],[-113.645393,47.72939,0.0],[-113.645287,47.729295,0.0],[-113.645101,47.729098,0.0],[-113.644984,47.728916,0.0],[-113.645041,47.728812,0.0],[-113.645066,47.728666,0.0],[-113.645017,47.728615,0.0],[-113.644733,47.728467,0.0],[-113.644425,47.72839,0.0],[-113.644188,47.728374,0.0],[-113.643969,47.728385,0.0],[-113.643692,47.728428,0.0],[-113.643498,47.728396,0.0],[-113.643403,47.728326,0.0],[-113.643337,47.72821,0.0],[-113.643346,47.728122,0.0],[-113.643278,47.72799,0.0],[-113.643085,47.727865,0.0],[-113.642906,47.727814,0.0],[-113.642644,47.727843,0.0],[-113.642223,47.727924,0.0],[-113.642029,47.727889,0.0],[-113.641996,47.727781,0.0],[-113.642027,47.727659,0.0],[-113.642257,47.727426,0.0],[-113.642477,47.727228,0.0]]]}},{"type":"Feature","properties":{"rgi_id":"RGI2000-v7.0-G-02-18142","o1region":"02"},"geometry":{"type":"Polygon","coordinates":[[[-113.64821,47.732411,0.0],[-113.64838,47.732246,0.0],[-113.648511,47.732147,0.0],[-113.648634,47.732105,0.0],[-113.648817,47.732103,0.0],[-113.648973,47.732125,0.0],[-113.649136,47.732174,0.0],[-113.649281,47.732213,0.0],[-113.649411,47.732203,0.0],[-113.649735,47.732144,0.0],[-113.649932,47.732159,0.0],[-113.650045,47.732198,0.0],[-113.650271,47.732232,0.0],[-113.65055,47.732252,0.0],[-113.651117,47.732269,0.0],[-113.651411,47.73228,0.0],[-113.651622,47.73238,0.0],[-113.651785,47.732478,0.0],[-113.651922,47.732622,0.0],[-113.651994,47.732754,0.0],[-113.651906,47.732822,0.0],[-113.651825,47.732828,0.0],[-113.651678,47.732817,0.0],[-113.651379,47.732795,0.0],[-113.651055,47.732862,0.0],[-113.650832,47.733027,0.0],[-113.650687,47.733251,0.0],[-113.650587,47.733431,0.0],[-113.650443,47.733502,0.0],[-113.650314,47.733526,0.0],[-113.650133,47.733497,0.0],[-113.649713,47.733441,0.0],[-113.64929,47.733393,0.0],[-113.648786,47.733403,0.0],[-113.648394,47.733475,0.0],[-113.648135,47.73355,0.0],[-113.647811,47.733617,0.0],[-113.6476,47.733529,0.0],[-113.6475,47.733403,0.0],[-113.647494,47.733327,0.0],[-113.647583,47.733112,0.0],[-113.647721,47.732904,0.0],[-113.647998,47.732652,0.0],[-113.64821,47.732411,0.0]]]}},{"type":"Feature","properties":{"rgi_id":"RGI2000-v7.0-G-02-18143","o1region":"02"},"geometry":{"type":"Polygon","coordinates":[[[-113.65428,47.735171,0.0],[-113.654164,47.735104,0.0],[-113.654035,47.734963,0.0],[-113.653872,47.734711,0.0],[-113.653824,47.734463,0.0],[-113.653758,47.734298,0.0],[-113.653686,47.734166,0.0],[-113.653605,47.734111,0.0],[-113.65344,47.73409,0.0],[-113.653327,47.734053,0.0],[-113.653214,47.733914,0.0],[-113.653198,47.733706,0.0],[-113.653254,47.733443,0.0],[-113.653354,47.733223,0.0],[-113.653435,47.73311,0.0],[-113.653644,47.732979,0.0],[-113.654037,47.732907,0.0],[-113.654456,47.732905,0.0],[-113.654833,47.732938,0.0],[-113.655107,47.733005,0.0],[-113.655207,47.733092,0.0],[-113.655223,47.733237,0.0],[-113.655042,47.733356,0.0],[-113.654823,47.73352,0.0],[-113.654768,47.733552,0.0],[-113.654735,47.733697,0.0],[-113.654904,47.733926,0.0],[-113.655049,47.734004,0.0],[-113.655263,47.734092,0.0],[-113.655384,47.734178,0.0],[-113.655408,47.734419,0.0],[-113.655401,47.734737,0.0],[-113.655384,47.73498,0.0],[-113.655333,47.735165,0.0],[-113.65532,47.735199,0.0],[-113.655204,47.735274,0.0],[-113.654992,47.735274,0.0],[-113.654783,47.735254,0.0],[-113.654506,47.735198,0.0],[-113.65428,47.735171,0.0]]]}},{"type":"Feature","properties":{"rgi_id":"RGI2000-v7.0-G-02-18144","o1region":"02"},"geometry":{"type":"Polygon","coordinates":[[[-113.642146,47.715067,0.0],[-113.642211,47.714815,0.0],[-113.642226,47.714644,0.0],[-113.642307,47.71449,0.0],[-113.642389,47.714435,0.0],[-113.64251,47.714425,0.0],[-113.642632,47.714432,0.0],[-113.642894,47.714447,0.0],[-113.643171,47.714448,0.0],[-113.643576,47.714436,0.0],[-113.643933,47.714425,0.0],[-113.644357,47.714426,0.0],[-113.644615,47.714453,0.0],[-113.644698,47.714518,0.0],[-113.644663,47.714596,0.0],[-113.644606,47.71464,0.0],[-113.644501,47.714712,0.0],[-113.644313,47.714843,0.0],[-113.644023,47.715029,0.0],[-113.643598,47.71527,0.0],[-113.643088,47.715555,0.0],[-113.642796,47.715763,0.0],[-113.642615,47.716,0.0],[-113.642549,47.716186,0.0],[-113.642536,47.716376,0.0],[-113.642491,47.716636,0.0],[-113.642437,47.716921,0.0],[-113.64241,47.717199,0.0],[-113.642256,47.717501,0.0],[-113.642118,47.71761,0.0],[-113.641792,47.717916,0.0],[-113.641429,47.718256,0.0],[-113.64115,47.718478,0.0],[-113.640834,47.718695,0.0],[-113.640524,47.718942,0.0],[-113.640263,47.71904,0.0],[-113.639745,47.719177,0.0],[-113.639305,47.719319,0.0],[-113.638852,47.719401,0.0],[-113.638461,47.719451,0.0],[-113.638087,47.719396,0.0],[-113.63778,47.71933,0.0],[-113.637195,47.719237,0.0],[-113.636602,47.719148,0.0],[-113.636179,47.719098,0.0],[-113.635754,47.719072,0.0],[-113.6353,47.719039,0.0],[-113.634928,47.719072,0.0],[-113.634537,47.719059,0.0],[-113.634163,47.71907,0.0],[-113.633774,47.719037,0.0],[-113.633644,47.718984,0.0],[-113.633707,47.718905,0.0],[-113.633821,47.718862,0.0],[-113.63405,47.718774,0.0],[-113.634374,47.718708,0.0],[-113.634651,47.718659,0.0],[-113.634895,47.718601,0.0],[-113.635105,47.718489,0.0],[-113.635171,47.718248,0.0],[-113.63526,47.71803,0.0],[-113.635334,47.717943,0.0],[-113.635539,47.717855,0.0],[-113.635796,47.71786,0.0],[-113.636026,47.717893,0.0],[-113.636105,47.717964,0.0],[-113.636251,47.718107,0.0],[-113.636424,47.718293,0.0],[-113.636651,47.71849,0.0],[-113.636911,47.718629,0.0],[-113.63722,47.718739,0.0],[-113.63743,47.718764,0.0],[-113.637705,47.718792,0.0],[-113.638015,47.718748,0.0],[-113.638355,47.718728,0.0],[-113.638664,47.718727,0.0],[-113.638949,47.718679,0.0],[-113.639299,47.718537,0.0],[-113.639446,47.718383,0.0],[-113.639623,47.718212,0.0],[-113.639817,47.718092,0.0],[-113.640071,47.717811,0.0],[-113.640266,47.717593,0.0],[-113.640421,47.717351,0.0],[-113.640594,47.717018,0.0],[-113.640772,47.71666,0.0],[-113.640959,47.716403,0.0],[-113.641249,47.716162,0.0],[-113.641495,47.71603,0.0],[-113.64177,47.715806,0.0],[-113.64195,47.715566,0.0],[-113.642057,47.715378,0.0],[-113.642146,47.715067,0.0]]]}},{"type":"Feature","properties":{"rgi_id":"RGI2000-v7.0-G-02-18145","o1region":"02"},"geometry":{"type":"Polygon","coordinates":[[[-113.644623,47.712825,0.0],[-113.644899,47.712869,0.0],[-113.645048,47.712853,0.0],[-113.645406,47.712898,0.0],[-113.64559,47.712913,0.0],[-113.645991,47.71289,0.0],[-113.646268,47.712841,0.0],[-113.64634,47.712875,0.0],[-113.646405,47.71293,0.0],[-113.646419,47.712995,0.0],[-113.646438,47.713137,0.0],[-113.646436,47.713269,0.0],[-113.64637,47.7134,0.0],[-113.646176,47.713523,0.0],[-113.645925,47.713636,0.0],[-113.645298,47.713731,0.0],[-113.644845,47.713813,0.0],[-113.644438,47.713866,0.0],[-113.644244,47.71378,0.0],[-113.643998,47.713657,0.0],[-113.643753,47.713647,0.0],[-113.643496,47.713681,0.0],[-113.643139,47.713697,0.0],[-113.642927,47.713647,0.0],[-113.642749,47.713555,0.0],[-113.642552,47.713383,0.0],[-113.642341,47.713185,0.0],[-113.641974,47.712973,0.0],[-113.641781,47.712835,0.0],[-113.641537,47.712643,0.0],[-113.641481,47.71245,0.0],[-113.641548,47.712319,0.0],[-113.641683,47.712232,0.0],[-113.641808,47.712216,0.0],[-113.641954,47.71226,0.0],[-113.642116,47.712348,0.0],[-113.642246,47.71245,0.0],[-113.64253,47.712593,0.0],[-113.642806,47.712638,0.0],[-113.643196,47.712687,0.0],[-113.643487,47.712715,0.0],[-113.643869,47.712759,0.0],[-113.644242,47.712792,0.0],[-113.644623,47.712825,0.0]]]}},{"type":"Feature","properties":{"rgi_id":"RGI2000-v7.0-G-02-18146","o1region":"02"},"geometry":{"type":"Polygon","coordinates":[[[-113.646583,47.711086,0.0],[-113.646926,47.71111,0.0],[-113.64729,47.711083,0.0],[-113.647512,47.711011,0.0],[-113.647883,47.710913,0.0],[-113.648259,47.710781,0.0],[-113.648517,47.710706,0.0],[-113.648825,47.710694,0.0],[-113.649087,47.710759,0.0],[-113.649218,47.710826,0.0],[-113.649265,47.710909,0.0],[-113.649207,47.711095,0.0],[-113.649102,47.711253,0.0],[-113.648981,47.711422,0.0],[-113.648808,47.7115,0.0],[-113.64847,47.711646,0.0],[-113.648095,47.711789,0.0],[-113.64751,47.711948,0.0],[-113.646931,47.712081,0.0],[-113.64633,47.7122,0.0],[-113.64582,47.712229,0.0],[-113.645375,47.712207,0.0],[-113.644959,47.712145,0.0],[-113.644635,47.712053,0.0],[-113.644536,47.711946,0.0],[-113.644275,47.711778,0.0],[-113.643896,47.71152,0.0],[-113.643636,47.711323,0.0],[-113.643398,47.711038,0.0],[-113.643182,47.710829,0.0],[-113.643118,47.710636,0.0],[-113.643214,47.710515,0.0],[-113.643443,47.71038,0.0],[-113.643635,47.710346,0.0],[-113.643912,47.710347,0.0],[-113.644107,47.710348,0.0],[-113.644365,47.710418,0.0],[-113.644441,47.710495,0.0],[-113.644603,47.710588,0.0],[-113.644806,47.710748,0.0],[-113.645089,47.710927,0.0],[-113.645333,47.711022,0.0],[-113.64565,47.711115,0.0],[-113.646063,47.711092,0.0],[-113.646339,47.711087,0.0],[-113.646583,47.711086,0.0]]]}},{"type":"Feature","properties":{"rgi_id":"RGI2000-v7.0-G-02-18147","o1region":"02"},"geometry":{"type":"Polygon","coordinates":[[[-113.645882,47.707672,0.0],[-113.645978,47.707644,0.0],[-113.646025,47.707629,0.0],[-113.646156,47.707646,0.0],[-113.64635,47.707666,0.0],[-113.646693,47.707695,0.0],[-113.646969,47.707737,0.0],[-113.647227,47.707755,0.0],[-113.647569,47.707814,0.0],[-113.647763,47.707842,0.0],[-113.647862,47.707907,0.0],[-113.648065,47.708007,0.0],[-113.648259,47.708148,0.0],[-113.648399,47.708269,0.0],[-113.648399,47.708374,0.0],[-113.648301,47.708523,0.0],[-113.648138,47.708721,0.0],[-113.647928,47.708885,0.0],[-113.647714,47.709115,0.0],[-113.647382,47.709339,0.0],[-113.647072,47.709482,0.0],[-113.646845,47.709581,0.0],[-113.646763,47.709735,0.0],[-113.646609,47.709946,0.0],[-113.646528,47.7101,0.0],[-113.646398,47.710209,0.0],[-113.646201,47.710282,0.0],[-113.645894,47.710304,0.0],[-113.645618,47.710265,0.0],[-113.645438,47.710156,0.0],[-113.645115,47.709929,0.0],[-113.644824,47.709597,0.0],[-113.644662,47.709301,0.0],[-113.644569,47.709057,0.0],[-113.644619,47.70891,0.0],[-113.64471,47.708783,0.0],[-113.644839,47.708712,0.0],[-113.645011,47.708676,0.0],[-113.645288,47.708581,0.0],[-113.645594,47.70849,0.0],[-113.645733,47.708356,0.0],[-113.64583,47.708242,0.0],[-113.64588,47.708101,0.0],[-113.645898,47.707919,0.0],[-113.645866,47.707772,0.0],[-113.645882,47.707672,0.0]]]}},{"type":"Feature","properties":{"rgi_id":"RGI2000-v7.0-G-02-18148","o1region":"02"},"geometry":{"type":"Polygon","coordinates":[[[-113.647791,47.705552,0.0],[-113.647912,47.705852,0.0],[-113.648091,47.706098,0.0],[-113.648259,47.706322,0.0],[-113.648377,47.706521,0.0],[-113.648383,47.706697,0.0],[-113.648373,47.706829,0.0],[-113.648245,47.70696,0.0],[-113.648059,47.707074,0.0],[-113.647698,47.707139,0.0],[-113.647456,47.707156,0.0],[-113.647203,47.707102,0.0],[-113.646757,47.706965,0.0],[-113.646489,47.706865,0.0],[-113.646271,47.706741,0.0],[-113.64601,47.70658,0.0],[-113.645897,47.706389,0.0],[-113.645863,47.706218,0.0],[-113.645897,47.705923,0.0],[-113.646005,47.705644,0.0],[-113.646182,47.705424,0.0],[-113.646353,47.70522,0.0],[-113.646509,47.705036,0.0],[-113.646556,47.704908,0.0],[-113.646688,47.704787,0.0],[-113.646896,47.704689,0.0],[-113.64703,47.704684,0.0],[-113.647208,47.704777,0.0],[-113.647425,47.704997,0.0],[-113.647603,47.705243,0.0],[-113.647708,47.705387,0.0],[-113.647791,47.705552,0.0]]]}},{"type":"Feature","properties":{"rgi_id":"RGI2000-v7.0-G-02-18149","o1region":"02"},"geometry":{"type":"Polygon","coordinates":[[[-113.646752,47.703352,0.0],[-113.646857,47.703241,0.0],[-113.646981,47.703165,0.0],[-113.647199,47.703188,0.0],[-113.647458,47.703324,0.0],[-113.64775,47.703577,0.0],[-113.647891,47.703764,0.0],[-113.647945,47.70388,0.0],[-113.647931,47.704152,0.0],[-113.647963,47.704351,0.0],[-113.647987,47.704504,0.0],[-113.647969,47.704634,0.0],[-113.647904,47.70468,0.0],[-113.647841,47.704712,0.0],[-113.647661,47.704694,0.0],[-113.647498,47.704585,0.0],[-113.647352,47.704497,0.0],[-113.647206,47.704442,0.0],[-113.647092,47.704295,0.0],[-113.647013,47.704075,0.0],[-113.646965,47.703877,0.0],[-113.646907,47.703764,0.0],[-113.646835,47.703621,0.0],[-113.646786,47.703515,0.0],[-113.646752,47.703352,0.0]]]}},{"type":"Feature","properties":{"rgi_id":"RGI2000-v7.0-G-02-18150","o1region":"02"},"geometry":{"type":"Polygon","coordinates":[[[-113.649585,47.705201,0.0],[-113.649537,47.704958,0.0],[-113.649418,47.70474,0.0],[-113.649417,47.704482,0.0],[-113.649366,47.704245,0.0],[-113.649232,47.70394,0.0],[-113.649126,47.70374,0.0],[-113.649011,47.703473,0.0],[-113.64906,47.703375,0.0],[-113.649158,47.70333,0.0],[-113.649302,47.703352,0.0],[-113.649472,47.703395,0.0],[-113.649694,47.703473,0.0],[-113.649951,47.703633,0.0],[-113.650292,47.703824,0.0],[-113.650594,47.704038,0.0],[-113.650918,47.704279,0.0],[-113.651121,47.704472,0.0],[-113.651242,47.704619,0.0],[-113.651309,47.704794,0.0],[-113.651374,47.705102,0.0],[-113.651365,47.705394,0.0],[-113.651379,47.705668,0.0],[-113.651404,47.705881,0.0],[-113.651421,47.706089,0.0],[-113.651395,47.706321,0.0],[-113.651314,47.706477,0.0],[-113.650923,47.706829,0.0],[-113.650569,47.707026,0.0],[-113.6503,47.707222,0.0],[-113.650055,47.70741,0.0],[-113.649958,47.707422,0.0],[-113.649911,47.707399,0.0],[-113.649878,47.707334,0.0],[-113.64981,47.707207,0.0],[-113.64969,47.706921,0.0],[-113.649635,47.706533,0.0],[-113.649634,47.706324,0.0],[-113.649677,47.706095,0.0],[-113.649682,47.705809,0.0],[-113.64966,47.705475,0.0],[-113.649585,47.705201,0.0]]]}},{"type":"Feature","properties":{"rgi_id":"RGI2000-v7.0-G-02-18151","o1region":"02"},"geometry":{"type":"Polygon","coordinates":[[[-113.644313,47.698941,0.0],[-113.644516,47.698794,0.0],[-113.644636,47.698713,0.0],[-113.644801,47.698641,0.0],[-113.644912,47.698549,0.0],[-113.645125,47.698473,0.0],[-113.645392,47.698449,0.0],[-113.645597,47.698472,0.0],[-113.645726,47.698511,0.0],[-113.645945,47.698602,0.0],[-113.646072,47.698674,0.0],[-113.646213,47.698707,0.0],[-113.646391,47.698739,0.0],[-113.646595,47.698702,0.0],[-113.646757,47.698635,0.0],[-113.646919,47.698627,0.0],[-113.647162,47.698675,0.0],[-113.647357,47.698767,0.0],[-113.647624,47.698955,0.0],[-113.647867,47.699146,0.0],[-113.648073,47.699328,0.0],[-113.648224,47.699493,0.0],[-113.648266,47.699816,0.0],[-113.648289,47.700194,0.0],[-113.648249,47.700357,0.0],[-113.648151,47.700556,0.0],[-113.648039,47.700686,0.0],[-113.647836,47.700781,0.0],[-113.64761,47.700803,0.0],[-113.647362,47.700714,0.0],[-113.647138,47.700604,0.0],[-113.646878,47.700555,0.0],[-113.646543,47.700543,0.0],[-113.646331,47.700529,0.0],[-113.646114,47.700457,0.0],[-113.645878,47.700364,0.0],[-113.645709,47.70023,0.0],[-113.645609,47.700094,0.0],[-113.645544,47.699846,0.0],[-113.645523,47.699682,0.0],[-113.645398,47.699492,0.0],[-113.645222,47.69938,0.0],[-113.644938,47.699289,0.0],[-113.644733,47.699261,0.0],[-113.644531,47.699233,0.0],[-113.6444,47.699171,0.0],[-113.644313,47.698941,0.0]]]}},{"type":"Feature","properties":{"rgi_id":"RGI2000-v7.0-G-02-18152","o1region":"02"},"geometry":{"type":"Polygon","coordinates":[[[-113.6299,47.628186,0.0],[-113.629756,47.627999,0.0],[-113.629592,47.627834,0.0],[-113.62953,47.627669,0.0],[-113.629529,47.627551,0.0],[-113.629603,47.627513,0.0],[-113.629726,47.627473,0.0],[-113.630015,47.627435,0.0],[-113.630252,47.627352,0.0],[-113.630487,47.627239,0.0],[-113.630762,47.627127,0.0],[-113.631064,47.62704,0.0],[-113.631345,47.626997,0.0],[-113.631662,47.626955,0.0],[-113.632022,47.626876,0.0],[-113.632262,47.626889,0.0],[-113.632484,47.626922,0.0],[-113.632531,47.627003,0.0],[-113.632547,47.627101,0.0],[-113.632546,47.627233,0.0],[-113.632514,47.627503,0.0],[-113.632483,47.627825,0.0],[-113.632407,47.628199,0.0],[-113.632343,47.628517,0.0],[-113.632178,47.628792,0.0],[-113.632082,47.629009,0.0],[-113.631896,47.629222,0.0],[-113.631604,47.629431,0.0],[-113.63136,47.629475,0.0],[-113.631221,47.629464,0.0],[-113.631075,47.629315,0.0],[-113.630945,47.629169,0.0],[-113.630816,47.629025,0.0],[-113.630516,47.628773,0.0],[-113.630362,47.62863,0.0],[-113.630114,47.628373,0.0],[-113.6299,47.628186,0.0]]]}},{"type":"Feature","properties":{"rgi_id":"RGI2000-v7.0-G-02-18153","o1region":"02"},"geometry":{"type":"Polygon","coordinates":[[[-113.635345,47.628627,0.0],[-113.635196,47.628638,0.0],[-113.635099,47.628644,0.0],[-113.634986,47.62861,0.0],[-113.634874,47.628523,0.0],[-113.63476,47.628423,0.0],[-113.634628,47.628294,0.0],[-113.634547,47.628096,0.0],[-113.634468,47.627866,0.0],[-113.63451,47.627579,0.0],[-113.634588,47.62734,0.0],[-113.634712,47.627,0.0],[-113.634736,47.626747,0.0],[-113.634761,47.626548,0.0],[-113.634842,47.626397,0.0],[-113.634958,47.626313,0.0],[-113.635104,47.626214,0.0],[-113.635396,47.626116,0.0],[-113.635622,47.626094,0.0],[-113.635865,47.62603,0.0],[-113.63598,47.625996,0.0],[-113.636109,47.625985,0.0],[-113.63622,47.626006,0.0],[-113.636384,47.626072,0.0],[-113.63658,47.626144,0.0],[-113.636822,47.626215,0.0],[-113.637097,47.626309,0.0],[-113.637342,47.626429,0.0],[-113.637639,47.626583,0.0],[-113.637917,47.626765,0.0],[-113.638183,47.626983,0.0],[-113.638371,47.627155,0.0],[-113.638474,47.627324,0.0],[-113.638459,47.627489,0.0],[-113.638387,47.627561,0.0],[-113.6382,47.627663,0.0],[-113.638053,47.627603,0.0],[-113.637979,47.627537,0.0],[-113.637819,47.627472,0.0],[-113.63751,47.627307,0.0],[-113.637348,47.627263,0.0],[-113.637138,47.62723,0.0],[-113.636796,47.627168,0.0],[-113.636602,47.62717,0.0],[-113.636359,47.627231,0.0],[-113.636277,47.627322,0.0],[-113.636179,47.627575,0.0],[-113.636024,47.627872,0.0],[-113.635798,47.628147,0.0],[-113.635573,47.628424,0.0],[-113.635345,47.628627,0.0]]]}},{"type":"Feature","properties":{"rgi_id":"RGI2000-v7.0-G-02-18154","o1region":"02"},"geometry":{"type":"Polygon","coordinates":[[[-113.597362,47.586958,0.0],[-113.597216,47.587079,0.0],[-113.596973,47.587151,0.0],[-113.59685,47.587176,0.0],[-113.596576,47.587249,0.0],[-113.596266,47.58726,0.0],[-113.595893,47.587273,0.0],[-113.595763,47.587194,0.0],[-113.595689,47.587049,0.0],[-113.595493,47.58693,0.0],[-113.595421,47.586806,0.0],[-113.595348,47.586661,0.0],[-113.595214,47.586539,0.0],[-113.595049,47.586419,0.0],[-113.594915,47.586297,0.0],[-113.594965,47.586127,0.0],[-113.595206,47.586035,0.0],[-113.595392,47.586028,0.0],[-113.595634,47.585935,0.0],[-113.595786,47.585888,0.0],[-113.596188,47.585852,0.0],[-113.596349,47.585931,0.0],[-113.596519,47.586114,0.0],[-113.596687,47.586277,0.0],[-113.596888,47.586459,0.0],[-113.597086,47.5866,0.0],[-113.597287,47.586782,0.0],[-113.597362,47.586958,0.0]]]}},{"type":"Feature","properties":{"rgi_id":"RGI2000-v7.0-G-02-18155","o1region":"02"},"geometry":{"type":"Polygon","coordinates":[[[-113.595548,47.581961,0.0],[-113.595492,47.582067,0.0],[-113.595347,47.582177,0.0],[-113.595208,47.582208,0.0],[-113.595139,47.582149,0.0],[-113.595151,47.581966,0.0],[-113.59516,47.581758,0.0],[-113.595163,47.581627,0.0],[-113.594993,47.581581,0.0],[-113.594787,47.58158,0.0],[-113.594652,47.581498,0.0],[-113.594617,47.581369,0.0],[-113.594501,47.581199,0.0],[-113.594382,47.580986,0.0],[-113.594283,47.580868,0.0],[-113.594159,47.580768,0.0],[-113.594083,47.580614,0.0],[-113.594033,47.58046,0.0],[-113.593993,47.580279,0.0],[-113.593844,47.580171,0.0],[-113.593531,47.580113,0.0],[-113.593256,47.580044,0.0],[-113.593144,47.579918,0.0],[-113.593183,47.57976,0.0],[-113.593294,47.579696,0.0],[-113.593426,47.579587,0.0],[-113.593329,47.579495,0.0],[-113.593142,47.579397,0.0],[-113.592818,47.579356,0.0],[-113.592585,47.57933,0.0],[-113.592244,47.579238,0.0],[-113.591977,47.579108,0.0],[-113.591932,47.579023,0.0],[-113.592065,47.578914,0.0],[-113.592211,47.578813,0.0],[-113.592403,47.578807,0.0],[-113.592653,47.578885,0.0],[-113.59289,47.578963,0.0],[-113.593154,47.579049,0.0],[-113.593441,47.579117,0.0],[-113.593678,47.579187,0.0],[-113.59385,47.579251,0.0],[-113.593974,47.579368,0.0],[-113.594153,47.579526,0.0],[-113.594295,47.579704,0.0],[-113.594377,47.579935,0.0],[-113.594504,47.580078,0.0],[-113.594658,47.580082,0.0],[-113.594899,47.580038,0.0],[-113.595104,47.580031,0.0],[-113.595286,47.58006,0.0],[-113.595515,47.580208,0.0],[-113.595719,47.580357,0.0],[-113.595859,47.580508,0.0],[-113.596024,47.580641,0.0],[-113.596088,47.580804,0.0],[-113.596073,47.580944,0.0],[-113.595968,47.581086,0.0],[-113.595799,47.581214,0.0],[-113.595653,47.581323,0.0],[-113.595587,47.581465,0.0],[-113.595586,47.581621,0.0],[-113.595601,47.581811,0.0],[-113.595581,47.58189,0.0],[-113.595548,47.581961,0.0]]]}},{"type":"Feature","properties":{"rgi_id":"RGI2000-v7.0-G-02-18156","o1region":"02"},"geometry":{"type":"Polygon","coordinates":[[[-113.606278,47.574076,0.0],[-113.6062,47.574127,0.0],[-113.606078,47.574235,0.0],[-113.60593,47.574297,0.0],[-113.605746,47.574359,0.0],[-113.605557,47.574358,0.0],[-113.605388,47.574316,0.0],[-113.605255,47.574273,0.0],[-113.605154,47.574188,0.0],[-113.605054,47.57412,0.0],[-113.605093,47.574015,0.0],[-113.605218,47.573954,0.0],[-113.605364,47.573853,0.0],[-113.60546,47.573714,0.0],[-113.605569,47.573606,0.0],[-113.605654,47.573476,0.0],[-113.605683,47.573395,0.0],[-113.605673,47.573275,0.0],[-113.605665,47.573172,0.0],[-113.605556,47.573128,0.0],[-113.605414,47.573133,0.0],[-113.605225,47.573123,0.0],[-113.605037,47.573138,0.0],[-113.604897,47.573151,0.0],[-113.604709,47.573166,0.0],[-113.604524,47.573212,0.0],[-113.604348,47.573226,0.0],[-113.604194,47.573224,0.0],[-113.604012,47.573166,0.0],[-113.603806,47.573086,0.0],[-113.603671,47.573027,0.0],[-113.603492,47.573001,0.0],[-113.603289,47.572968,0.0],[-113.603135,47.572966,0.0],[-113.60297,47.572964,0.0],[-113.602939,47.573029,0.0],[-113.602862,47.573095,0.0],[-113.60296,47.573148,0.0],[-113.603012,47.57321,0.0],[-113.603123,47.573262,0.0],[-113.603175,47.573324,0.0],[-113.603239,47.573386,0.0],[-113.603244,47.573457,0.0],[-113.603141,47.573501,0.0],[-113.602967,47.573531,0.0],[-113.602826,47.573552,0.0],[-113.602756,47.573554,0.0],[-113.60261,47.573504,0.0],[-113.60249,47.573476,0.0],[-113.602379,47.573416,0.0],[-113.602271,47.573396,0.0],[-113.602103,47.573354,0.0],[-113.601967,47.573279,0.0],[-113.60197,47.573167,0.0],[-113.602008,47.573046,0.0],[-113.602106,47.57293,0.0],[-113.602146,47.572849,0.0],[-113.602233,47.572742,0.0],[-113.602332,47.572659,0.0],[-113.60235,47.572586,0.0],[-113.602366,47.572482,0.0],[-113.602395,47.572401,0.0],[-113.602449,47.572335,0.0],[-113.602505,47.572293,0.0],[-113.602671,47.572311,0.0],[-113.602744,47.572333,0.0],[-113.602899,47.572351,0.0],[-113.603039,47.57233,0.0],[-113.60307,47.572273,0.0],[-113.603112,47.572208,0.0],[-113.603163,47.57211,0.0],[-113.603218,47.572052,0.0],[-113.603275,47.572026,0.0],[-113.603451,47.572012,0.0],[-113.603572,47.572048,0.0],[-113.603692,47.572083,0.0],[-113.603801,47.572119,0.0],[-113.603923,47.572163,0.0],[-113.603982,47.572161,0.0],[-113.604049,47.572111,0.0],[-113.604117,47.572076,0.0],[-113.604195,47.572026,0.0],[-113.604264,47.571991,0.0],[-113.60444,47.571977,0.0],[-113.604567,47.571948,0.0],[-113.604685,47.571944,0.0],[-113.604826,47.571931,0.0],[-113.604989,47.57191,0.0],[-113.60512,47.571921,0.0],[-113.60525,47.571924,0.0],[-113.605402,47.571911,0.0],[-113.605507,47.571891,0.0],[-113.605624,47.571879,0.0],[-113.605712,47.571948,0.0],[-113.605743,47.572043,0.0],[-113.605761,47.572122,0.0],[-113.605813,47.572184,0.0],[-113.605851,47.572214,0.0],[-113.605957,47.572211,0.0],[-113.606108,47.572181,0.0],[-113.606223,47.572145,0.0],[-113.6064,47.572139,0.0],[-113.60653,47.572142,0.0],[-113.606636,47.572139,0.0],[-113.60678,47.572173,0.0],[-113.606842,47.572211,0.0],[-113.606862,47.572314,0.0],[-113.606915,47.572384,0.0],[-113.606923,47.572496,0.0],[-113.606917,47.572568,0.0],[-113.606926,47.572687,0.0],[-113.606931,47.572751,0.0],[-113.606938,47.572839,0.0],[-113.606942,47.572887,0.0],[-113.60696,47.572966,0.0],[-113.606953,47.57303,0.0],[-113.606898,47.57308,0.0],[-113.606725,47.573134,0.0],[-113.606596,47.573147,0.0],[-113.606468,47.573175,0.0],[-113.606363,47.573187,0.0],[-113.606176,47.573217,0.0],[-113.606137,47.573315,0.0],[-113.606118,47.573371,0.0],[-113.6061,47.573452,0.0],[-113.606097,47.573564,0.0],[-113.606066,47.573621,0.0],[-113.606012,47.573679,0.0],[-113.606077,47.573756,0.0],[-113.606104,47.573811,0.0],[-113.606215,47.573863,0.0],[-113.606311,47.573884,0.0],[-113.606351,47.573946,0.0],[-113.606357,47.574018,0.0],[-113.606278,47.574076,0.0]],[[-113.604811,47.572665,0.0],[-113.60488,47.572632,0.0],[-113.604977,47.572661,0.0],[-113.605071,47.572665,0.0],[-113.605165,47.572654,0.0],[-113.605281,47.572626,0.0],[-113.605338,47.5726,0.0],[-113.605416,47.572541,0.0],[-113.605436,47.572501,0.0],[-113.60543,47.572421,0.0],[-113.60539,47.572367,0.0],[-113.605329,47.572337,0.0],[-113.605256,47.572307,0.0],[-113.605149,47.572295,0.0],[-113.605041,47.572275,0.0],[-113.604876,47.572273,0.0],[-113.604771,47.572293,0.0],[-113.604632,47.57233,0.0],[-113.604503,47.572342,0.0],[-113.604423,47.572369,0.0],[-113.604298,47.572429,0.0],[-113.604171,47.572474,0.0],[-113.604105,47.572532,0.0],[-113.604075,47.572605,0.0],[-113.604081,47.572677,0.0],[-113.604166,47.572714,0.0],[-113.604286,47.572733,0.0],[-113.604429,47.57276,0.0],[-113.604512,47.572757,0.0],[-113.60464,47.572729,0.0],[-113.604661,47.572696,0.0],[-113.604811,47.572665,0.0]]]}},{"type":"Feature","properties":{"rgi_id":"RGI2000-v7.0-G-02-18157","o1region":"02"},"geometry":{"type":"Polygon","coordinates":[[[-113.590153,47.571484,0.0],[-113.590179,47.571591,0.0],[-113.5902,47.571666,0.0],[-113.590143,47.571744,0.0],[-113.589901,47.571709,0.0],[-113.589843,47.571582,0.0],[-113.589756,47.571487,0.0],[-113.589662,47.571307,0.0],[-113.589619,47.571158,0.0],[-113.589558,47.570998,0.0],[-113.589516,47.570859,0.0],[-113.589492,47.570762,0.0],[-113.589514,47.570632,0.0],[-113.589441,47.570505,0.0],[-113.58937,47.570421,0.0],[-113.589237,47.57035,0.0],[-113.589054,47.570249,0.0],[-113.588905,47.570178,0.0],[-113.588787,47.570107,0.0],[-113.588705,47.570067,0.0],[-113.588394,47.56997,0.0],[-113.588262,47.56991,0.0],[-113.588161,47.569848,0.0],[-113.588075,47.569765,0.0],[-113.5881,47.569678,0.0],[-113.588155,47.569568,0.0],[-113.588199,47.569512,0.0],[-113.588223,47.569403,0.0],[-113.588232,47.569317,0.0],[-113.588189,47.569178,0.0],[-113.588138,47.569136,0.0],[-113.58808,47.569009,0.0],[-113.588074,47.568923,0.0],[-113.588086,47.568879,0.0],[-113.588226,47.568831,0.0],[-113.588402,47.568836,0.0],[-113.588529,47.56882,0.0],[-113.588587,47.568753,0.0],[-113.588641,47.568622,0.0],[-113.588652,47.568557,0.0],[-113.588705,47.568425,0.0],[-113.588744,47.568305,0.0],[-113.588753,47.568218,0.0],[-113.588779,47.568131,0.0],[-113.588902,47.568073,0.0],[-113.58906,47.568056,0.0],[-113.589201,47.568019,0.0],[-113.589325,47.567971,0.0],[-113.589448,47.567913,0.0],[-113.589603,47.567859,0.0],[-113.589722,47.567952,0.0],[-113.589697,47.568045,0.0],[-113.589576,47.568124,0.0],[-113.589489,47.568236,0.0],[-113.589413,47.568292,0.0],[-113.589355,47.56837,0.0],[-113.589297,47.568437,0.0],[-113.589255,47.568514,0.0],[-113.589231,47.568612,0.0],[-113.589236,47.568687,0.0],[-113.589241,47.568752,0.0],[-113.589308,47.568793,0.0],[-113.589436,47.568799,0.0],[-113.589547,47.568784,0.0],[-113.589656,47.568748,0.0],[-113.589859,47.568698,0.0],[-113.590082,47.56869,0.0],[-113.590368,47.568669,0.0],[-113.59048,47.568676,0.0],[-113.59066,47.568734,0.0],[-113.590758,47.568763,0.0],[-113.590794,47.568816,0.0],[-113.590814,47.568869,0.0],[-113.590819,47.568934,0.0],[-113.590713,47.569002,0.0],[-113.590549,47.568954,0.0],[-113.590452,47.568936,0.0],[-113.590353,47.568885,0.0],[-113.590079,47.568852,0.0],[-113.589936,47.568857,0.0],[-113.589814,47.568937,0.0],[-113.589724,47.569016,0.0],[-113.589653,47.569126,0.0],[-113.58966,47.569212,0.0],[-113.5897,47.569319,0.0],[-113.58979,47.569445,0.0],[-113.589845,47.56954,0.0],[-113.589881,47.569593,0.0],[-113.589936,47.569688,0.0],[-113.590022,47.569772,0.0],[-113.590187,47.569842,0.0],[-113.5903,47.569859,0.0],[-113.590461,47.569875,0.0],[-113.590588,47.569871,0.0],[-113.590685,47.569889,0.0],[-113.59083,47.569905,0.0],[-113.590924,47.56988,0.0],[-113.591012,47.56978,0.0],[-113.591085,47.569691,0.0],[-113.591145,47.569635,0.0],[-113.591315,47.569564,0.0],[-113.591378,47.569562,0.0],[-113.591489,47.569547,0.0],[-113.591596,47.569489,0.0],[-113.591636,47.569391,0.0],[-113.591694,47.569313,0.0],[-113.591736,47.569236,0.0],[-113.591729,47.56915,0.0],[-113.591758,47.569106,0.0],[-113.591898,47.569057,0.0],[-113.591992,47.569033,0.0],[-113.592133,47.569006,0.0],[-113.592287,47.568936,0.0],[-113.592425,47.568855,0.0],[-113.592546,47.568775,0.0],[-113.592622,47.568719,0.0],[-113.592888,47.568655,0.0],[-113.593013,47.568618,0.0],[-113.593123,47.568604,0.0],[-113.593251,47.56861,0.0],[-113.593411,47.568615,0.0],[-113.593515,47.568719,0.0],[-113.593536,47.568783,0.0],[-113.593431,47.568863,0.0],[-113.593374,47.568951,0.0],[-113.593332,47.569028,0.0],[-113.59332,47.569083,0.0],[-113.593438,47.569165,0.0],[-113.59357,47.569225,0.0],[-113.593668,47.569254,0.0],[-113.59369,47.569329,0.0],[-113.593665,47.569416,0.0],[-113.593538,47.569431,0.0],[-113.593497,47.569519,0.0],[-113.59347,47.569574,0.0],[-113.59341,47.56963,0.0],[-113.593415,47.569695,0.0],[-113.593437,47.56977,0.0],[-113.593535,47.569799,0.0],[-113.593684,47.569869,0.0],[-113.593767,47.569909,0.0],[-113.593819,47.569961,0.0],[-113.593762,47.57005,0.0],[-113.593701,47.570084,0.0],[-113.593549,47.570187,0.0],[-113.59349,47.570254,0.0],[-113.593465,47.570341,0.0],[-113.593359,47.57041,0.0],[-113.593286,47.570499,0.0],[-113.593194,47.570545,0.0],[-113.593021,47.570584,0.0],[-113.592812,47.570559,0.0],[-113.592586,47.570534,0.0],[-113.59241,47.570519,0.0],[-113.592218,47.570515,0.0],[-113.592074,47.570509,0.0],[-113.591899,47.570515,0.0],[-113.591771,47.57052,0.0],[-113.591565,47.570527,0.0],[-113.591439,47.570553,0.0],[-113.591285,47.570623,0.0],[-113.591144,47.570661,0.0],[-113.59102,47.570708,0.0],[-113.590945,47.570776,0.0],[-113.59077,47.570782,0.0],[-113.590596,47.570799,0.0],[-113.590424,47.570837,0.0],[-113.590313,47.570852,0.0],[-113.590137,47.570848,0.0],[-113.590065,47.570947,0.0],[-113.590073,47.571044,0.0],[-113.590064,47.571142,0.0],[-113.590072,47.571239,0.0],[-113.590097,47.571357,0.0],[-113.590136,47.571452,0.0],[-113.590153,47.571484,0.0]]]}},{"type":"Feature","properties":{"rgi_id":"RGI2000-v7.0-G-02-18158","o1region":"02"},"geometry":{"type":"Polygon","coordinates":[[[-113.596402,47.566812,0.0],[-113.596086,47.56689,0.0],[-113.595754,47.566937,0.0],[-113.595321,47.567005,0.0],[-113.595119,47.567064,0.0],[-113.594914,47.567072,0.0],[-113.594628,47.567047,0.0],[-113.594516,47.566929,0.0],[-113.594432,47.566844,0.0],[-113.594298,47.566779,0.0],[-113.594091,47.566769,0.0],[-113.59383,47.566726,0.0],[-113.593706,47.566783,0.0],[-113.59345,47.566809,0.0],[-113.593254,47.566938,0.0],[-113.593264,47.567078,0.0],[-113.59317,47.567186,0.0],[-113.593099,47.567275,0.0],[-113.5928,47.567408,0.0],[-113.59265,47.567466,0.0],[-113.592374,47.567563,0.0],[-113.592202,47.567674,0.0],[-113.5921,47.567695,0.0],[-113.592014,47.567575,0.0],[-113.591979,47.567455,0.0],[-113.591971,47.56735,0.0],[-113.592037,47.567208,0.0],[-113.592022,47.567017,0.0],[-113.591987,47.566896,0.0],[-113.591901,47.566777,0.0],[-113.591869,47.566708,0.0],[-113.591864,47.566639,0.0],[-113.59188,47.566516,0.0],[-113.592098,47.566334,0.0],[-113.592171,47.566279,0.0],[-113.592266,47.566171,0.0],[-113.592284,47.566065,0.0],[-113.592273,47.565926,0.0],[-113.592136,47.565826,0.0],[-113.591954,47.565798,0.0],[-113.591821,47.56575,0.0],[-113.591786,47.565629,0.0],[-113.591779,47.565542,0.0],[-113.591825,47.565471,0.0],[-113.591973,47.565378,0.0],[-113.592097,47.565322,0.0],[-113.592219,47.56523,0.0],[-113.592344,47.565173,0.0],[-113.592597,47.565112,0.0],[-113.592728,47.565142,0.0],[-113.592939,47.565205,0.0],[-113.593124,47.565268,0.0],[-113.59344,47.565344,0.0],[-113.593639,47.56525,0.0],[-113.593712,47.565195,0.0],[-113.593885,47.565101,0.0],[-113.594054,47.564956,0.0],[-113.594225,47.564828,0.0],[-113.594322,47.564754,0.0],[-113.594495,47.564661,0.0],[-113.594709,47.564593,0.0],[-113.594951,47.564505,0.0],[-113.595183,47.564549,0.0],[-113.595319,47.564621,0.0],[-113.595391,47.56473,0.0],[-113.595533,47.564857,0.0],[-113.595671,47.564999,0.0],[-113.595716,47.565097,0.0],[-113.595582,47.565217,0.0],[-113.595495,47.565254,0.0],[-113.595297,47.565365,0.0],[-113.595226,47.565438,0.0],[-113.595464,47.565517,0.0],[-113.595623,47.565581,0.0],[-113.595837,47.565678,0.0],[-113.59597,47.565726,0.0],[-113.596144,47.56565,0.0],[-113.596268,47.565575,0.0],[-113.596366,47.56552,0.0],[-113.59655,47.565565,0.0],[-113.596684,47.56563,0.0],[-113.596899,47.565745,0.0],[-113.596982,47.565812,0.0],[-113.597066,47.565896,0.0],[-113.597179,47.566032,0.0],[-113.597292,47.56615,0.0],[-113.597379,47.566286,0.0],[-113.597337,47.56641,0.0],[-113.59727,47.566534,0.0],[-113.597021,47.566648,0.0],[-113.596946,47.566685,0.0],[-113.596723,47.566798,0.0],[-113.596467,47.566825,0.0],[-113.596402,47.566812,0.0]]]}},{"type":"Feature","properties":{"rgi_id":"RGI2000-v7.0-G-02-18159","o1region":"02"},"geometry":{"type":"Polygon","coordinates":[[[-113.588343,47.562602,0.0],[-113.588324,47.562524,0.0],[-113.588192,47.562485,0.0],[-113.58793,47.562433,0.0],[-113.587741,47.562318,0.0],[-113.587498,47.562169,0.0],[-113.587414,47.562085,0.0],[-113.58735,47.56193,0.0],[-113.587164,47.56185,0.0],[-113.587151,47.561693,0.0],[-113.587138,47.561519,0.0],[-113.587131,47.561432,0.0],[-113.587068,47.561277,0.0],[-113.58711,47.561154,0.0],[-113.587202,47.561011,0.0],[-113.587263,47.560799,0.0],[-113.587304,47.560658,0.0],[-113.587343,47.5605,0.0],[-113.587361,47.560395,0.0],[-113.587351,47.560273,0.0],[-113.587612,47.560316,0.0],[-113.587695,47.560383,0.0],[-113.587983,47.560442,0.0],[-113.588091,47.560508,0.0],[-113.588253,47.560607,0.0],[-113.58831,47.560675,0.0],[-113.58847,47.560739,0.0],[-113.588559,47.560893,0.0],[-113.588719,47.560957,0.0],[-113.589011,47.561069,0.0],[-113.589193,47.561097,0.0],[-113.589376,47.561126,0.0],[-113.589434,47.561211,0.0],[-113.589523,47.561365,0.0],[-113.58956,47.561503,0.0],[-113.589598,47.561659,0.0],[-113.589837,47.561755,0.0],[-113.589917,47.561787,0.0],[-113.590053,47.561887,0.0],[-113.590297,47.562035,0.0],[-113.590409,47.562154,0.0],[-113.590548,47.562288,0.0],[-113.590533,47.562428,0.0],[-113.590571,47.562584,0.0],[-113.590606,47.562705,0.0],[-113.590743,47.562805,0.0],[-113.590779,47.562943,0.0],[-113.590686,47.563069,0.0],[-113.59061,47.563089,0.0],[-113.590425,47.563025,0.0],[-113.590298,47.563047,0.0],[-113.590068,47.563073,0.0],[-113.590053,47.563213,0.0],[-113.590059,47.5633,0.0],[-113.590119,47.563403,0.0],[-113.59023,47.563503,0.0],[-113.590341,47.563604,0.0],[-113.590354,47.563778,0.0],[-113.590308,47.56385,0.0],[-113.590259,47.563886,0.0],[-113.59014,47.564013,0.0],[-113.590066,47.56405,0.0],[-113.590005,47.56393,0.0],[-113.589923,47.563863,0.0],[-113.589906,47.563654,0.0],[-113.589897,47.563533,0.0],[-113.58989,47.563446,0.0],[-113.589804,47.563327,0.0],[-113.589666,47.563209,0.0],[-113.589609,47.563142,0.0],[-113.589453,47.56313,0.0],[-113.589295,47.563083,0.0],[-113.589137,47.563036,0.0],[-113.589033,47.563022,0.0],[-113.589041,47.563127,0.0],[-113.589153,47.563245,0.0],[-113.589161,47.563349,0.0],[-113.589149,47.563524,0.0],[-113.589054,47.563632,0.0],[-113.58895,47.563619,0.0],[-113.588716,47.563592,0.0],[-113.588641,47.563629,0.0],[-113.588624,47.563735,0.0],[-113.588736,47.563853,0.0],[-113.588791,47.563903,0.0],[-113.588832,47.564094,0.0],[-113.588893,47.564214,0.0],[-113.588879,47.564371,0.0],[-113.588886,47.564458,0.0],[-113.588817,47.564565,0.0],[-113.588616,47.564642,0.0],[-113.588568,47.564679,0.0],[-113.588189,47.56478,0.0],[-113.58806,47.564784,0.0],[-113.587906,47.56479,0.0],[-113.587667,47.564693,0.0],[-113.587585,47.564644,0.0],[-113.587305,47.564689,0.0],[-113.587079,47.564766,0.0],[-113.586979,47.564805,0.0],[-113.586806,47.564898,0.0],[-113.586527,47.56496,0.0],[-113.586323,47.564985,0.0],[-113.58622,47.564989,0.0],[-113.585834,47.565002,0.0],[-113.585631,47.565044,0.0],[-113.585534,47.565118,0.0],[-113.585228,47.565163,0.0],[-113.58497,47.565155,0.0],[-113.584734,47.565111,0.0],[-113.584426,47.565122,0.0],[-113.584271,47.565127,0.0],[-113.584117,47.565133,0.0],[-113.583886,47.565141,0.0],[-113.58371,47.5652,0.0],[-113.583434,47.565297,0.0],[-113.583305,47.565301,0.0],[-113.583125,47.565307,0.0],[-113.583091,47.565204,0.0],[-113.583317,47.565126,0.0],[-113.583305,47.56497,0.0],[-113.583343,47.564794,0.0],[-113.583518,47.564718,0.0],[-113.583664,47.564608,0.0],[-113.584017,47.564508,0.0],[-113.584246,47.564465,0.0],[-113.584552,47.56442,0.0],[-113.584809,47.56441,0.0],[-113.585059,47.564314,0.0],[-113.585437,47.564196,0.0],[-113.585664,47.564136,0.0],[-113.585992,47.564037,0.0],[-113.586164,47.563926,0.0],[-113.586261,47.563853,0.0],[-113.586559,47.563703,0.0],[-113.58673,47.563575,0.0],[-113.586924,47.563428,0.0],[-113.586975,47.563409,0.0],[-113.587195,47.563262,0.0],[-113.587403,47.563289,0.0],[-113.587491,47.563426,0.0],[-113.587574,47.563493,0.0],[-113.587827,47.563431,0.0],[-113.587895,47.563307,0.0],[-113.587933,47.563131,0.0],[-113.587919,47.562957,0.0],[-113.588036,47.562796,0.0],[-113.588209,47.562703,0.0],[-113.588343,47.562602,0.0]]]}},{"type":"Feature","properties":{"rgi_id":"RGI2000-v7.0-G-02-18160","o1region":"02"},"geometry":{"type":"Polygon","coordinates":[[[-113.587794,47.557791,0.0],[-113.587549,47.557734,0.0],[-113.587394,47.557609,0.0],[-113.587224,47.557582,0.0],[-113.587232,47.557696,0.0],[-113.587241,47.55781,0.0],[-113.587252,47.557957,0.0],[-113.587262,47.558087,0.0],[-113.587295,47.5582,0.0],[-113.587138,47.558353,0.0],[-113.586995,47.558374,0.0],[-113.586765,47.558513,0.0],[-113.586699,47.558597,0.0],[-113.58651,47.558652,0.0],[-113.586256,47.558792,0.0],[-113.586042,47.558832,0.0],[-113.585708,47.558876,0.0],[-113.585524,47.558997,0.0],[-113.585289,47.559071,0.0],[-113.585096,47.559078,0.0],[-113.584995,47.559016,0.0],[-113.584747,47.558927,0.0],[-113.584666,47.558815,0.0],[-113.584461,47.558659,0.0],[-113.584227,47.558749,0.0],[-113.584019,47.558871,0.0],[-113.583833,47.558959,0.0],[-113.583616,47.55895,0.0],[-113.583297,47.55888,0.0],[-113.583006,47.558858,0.0],[-113.582822,47.558978,0.0],[-113.582633,47.559034,0.0],[-113.582299,47.559078,0.0],[-113.582113,47.559167,0.0],[-113.581878,47.55924,0.0],[-113.581521,47.559302,0.0],[-113.581216,47.559411,0.0],[-113.580955,47.559469,0.0],[-113.58074,47.559493,0.0],[-113.580517,47.559419,0.0],[-113.580335,47.559246,0.0],[-113.580226,47.559086,0.0],[-113.579912,47.559081,0.0],[-113.579677,47.559155,0.0],[-113.579572,47.559354,0.0],[-113.579483,47.559455,0.0],[-113.579394,47.559556,0.0],[-113.579199,47.559531,0.0],[-113.579117,47.559403,0.0],[-113.579086,47.559306,0.0],[-113.578887,47.559232,0.0],[-113.578716,47.559205,0.0],[-113.578304,47.559171,0.0],[-113.578183,47.559175,0.0],[-113.577944,47.5592,0.0],[-113.577838,47.559073,0.0],[-113.577901,47.558956,0.0],[-113.578114,47.5589,0.0],[-113.578281,47.558878,0.0],[-113.578477,47.55892,0.0],[-113.578597,47.558915,0.0],[-113.578833,47.558842,0.0],[-113.579095,47.5588,0.0],[-113.579386,47.558822,0.0],[-113.579606,47.558863,0.0],[-113.579944,47.558868,0.0],[-113.580206,47.558826,0.0],[-113.580445,47.558801,0.0],[-113.580686,47.558793,0.0],[-113.580953,47.558816,0.0],[-113.58129,47.558804,0.0],[-113.581667,47.558693,0.0],[-113.581955,47.558683,0.0],[-113.582193,47.558642,0.0],[-113.582429,47.558568,0.0],[-113.582809,47.558489,0.0],[-113.583021,47.558433,0.0],[-113.583253,47.55831,0.0],[-113.583582,47.558201,0.0],[-113.583859,47.558044,0.0],[-113.583997,47.557958,0.0],[-113.584282,47.557899,0.0],[-113.584524,47.557906,0.0],[-113.584816,47.557945,0.0],[-113.585103,47.557918,0.0],[-113.585411,47.557842,0.0],[-113.585715,47.557717,0.0],[-113.585905,47.557678,0.0],[-113.585987,47.557496,0.0],[-113.58581,47.557388,0.0],[-113.585633,47.55728,0.0],[-113.585475,47.557106,0.0],[-113.585395,47.55701,0.0],[-113.585357,47.556832,0.0],[-113.585516,47.556696,0.0],[-113.585799,47.556621,0.0],[-113.58606,47.556563,0.0],[-113.586319,47.556488,0.0],[-113.586689,47.556589,0.0],[-113.586914,47.556696,0.0],[-113.58697,47.556792,0.0],[-113.587147,47.5569,0.0],[-113.587273,47.556977,0.0],[-113.587406,47.557135,0.0],[-113.587534,47.557229,0.0],[-113.587841,47.557463,0.0],[-113.587875,47.557592,0.0],[-113.587888,47.557755,0.0],[-113.587794,47.557791,0.0]]]}},{"type":"Feature","properties":{"rgi_id":"RGI2000-v7.0-G-02-18161","o1region":"02"},"geometry":{"type":"Polygon","coordinates":[[[-113.584735,47.553924,0.0],[-113.584868,47.553928,0.0],[-113.584904,47.553763,0.0],[-113.58489,47.553584,0.0],[-113.584803,47.553392,0.0],[-113.584696,47.553265,0.0],[-113.584566,47.553139,0.0],[-113.584485,47.553027,0.0],[-113.584675,47.552988,0.0],[-113.584942,47.553011,0.0],[-113.585095,47.55312,0.0],[-113.585224,47.55323,0.0],[-113.585426,47.553353,0.0],[-113.585512,47.55353,0.0],[-113.585526,47.553709,0.0],[-113.58554,47.553888,0.0],[-113.585577,47.55405,0.0],[-113.585639,47.554227,0.0],[-113.585702,47.554421,0.0],[-113.585735,47.554534,0.0],[-113.585864,47.554644,0.0],[-113.585972,47.554803,0.0],[-113.586124,47.554895,0.0],[-113.586324,47.554986,0.0],[-113.58653,47.555159,0.0],[-113.586586,47.555255,0.0],[-113.586597,47.555401,0.0],[-113.586483,47.555487,0.0],[-113.586316,47.555509,0.0],[-113.586033,47.555584,0.0],[-113.586019,47.555715,0.0],[-113.586074,47.555811,0.0],[-113.586344,47.555867,0.0],[-113.586464,47.555863,0.0],[-113.586871,47.555832,0.0],[-113.587039,47.55581,0.0],[-113.587045,47.555891,0.0],[-113.586981,47.556008,0.0],[-113.586894,47.556125,0.0],[-113.58711,47.556117,0.0],[-113.587254,47.556096,0.0],[-113.58744,47.556008,0.0],[-113.587502,47.555875,0.0],[-113.587413,47.555666,0.0],[-113.587398,47.555471,0.0],[-113.587386,47.555308,0.0],[-113.587398,47.555161,0.0],[-113.587415,47.555062,0.0],[-113.587395,47.554802,0.0],[-113.587311,47.554658,0.0],[-113.587377,47.554574,0.0],[-113.587563,47.554485,0.0],[-113.587677,47.5544,0.0],[-113.587725,47.554398,0.0],[-113.587829,47.554492,0.0],[-113.58784,47.554639,0.0],[-113.587849,47.554753,0.0],[-113.587933,47.554897,0.0],[-113.587973,47.555108,0.0],[-113.587985,47.55527,0.0],[-113.587899,47.555404,0.0],[-113.587931,47.555501,0.0],[-113.588011,47.555596,0.0],[-113.58797,47.555695,0.0],[-113.587978,47.555793,0.0],[-113.588009,47.55589,0.0],[-113.587991,47.555972,0.0],[-113.587881,47.556106,0.0],[-113.587893,47.556253,0.0],[-113.587876,47.556351,0.0],[-113.587711,47.556406,0.0],[-113.587567,47.556411,0.0],[-113.587276,47.556389,0.0],[-113.586934,47.556336,0.0],[-113.586667,47.556313,0.0],[-113.586423,47.556272,0.0],[-113.586128,47.556201,0.0],[-113.585985,47.556222,0.0],[-113.585749,47.55628,0.0],[-113.585583,47.556318,0.0],[-113.585364,47.556293,0.0],[-113.585208,47.556152,0.0],[-113.585032,47.55606,0.0],[-113.584903,47.555951,0.0],[-113.584752,47.555858,0.0],[-113.584667,47.555698,0.0],[-113.584349,47.555644,0.0],[-113.584198,47.555551,0.0],[-113.583919,47.555381,0.0],[-113.583861,47.555253,0.0],[-113.583779,47.555125,0.0],[-113.583749,47.555045,0.0],[-113.583436,47.555056,0.0],[-113.583342,47.555092,0.0],[-113.583069,47.554987,0.0],[-113.582893,47.554895,0.0],[-113.582668,47.554789,0.0],[-113.582556,47.554581,0.0],[-113.582381,47.554505,0.0],[-113.582263,47.554232,0.0],[-113.582252,47.554086,0.0],[-113.582246,47.554004,0.0],[-113.582388,47.553967,0.0],[-113.582584,47.554009,0.0],[-113.582732,47.554052,0.0],[-113.582982,47.554174,0.0],[-113.583207,47.55428,0.0],[-113.583387,47.554421,0.0],[-113.583492,47.554531,0.0],[-113.583644,47.554624,0.0],[-113.583788,47.554619,0.0],[-113.583903,47.55455,0.0],[-113.584129,47.554346,0.0],[-113.584117,47.554199,0.0],[-113.583792,47.554048,0.0],[-113.58371,47.55392,0.0],[-113.583555,47.553778,0.0],[-113.583445,47.553603,0.0],[-113.583381,47.553409,0.0],[-113.583342,47.553215,0.0],[-113.583361,47.553149,0.0],[-113.583555,47.553158,0.0],[-113.583756,47.553265,0.0],[-113.58391,47.55339,0.0],[-113.584041,47.553516,0.0],[-113.584101,47.553677,0.0],[-113.584352,47.553799,0.0],[-113.584499,47.553827,0.0],[-113.584735,47.553924,0.0]],[[-113.58551,47.55562,0.0],[-113.585469,47.555474,0.0],[-113.585435,47.555344,0.0],[-113.585378,47.555232,0.0],[-113.585244,47.555057,0.0],[-113.585188,47.554945,0.0],[-113.585129,47.554816,0.0],[-113.585007,47.554788,0.0],[-113.584822,47.554893,0.0],[-113.584807,47.555007,0.0],[-113.584841,47.555137,0.0],[-113.584994,47.555246,0.0],[-113.585101,47.555389,0.0],[-113.585232,47.555515,0.0],[-113.585342,47.55569,0.0],[-113.585487,47.555701,0.0],[-113.58551,47.55562,0.0]]]}},{"type":"Feature","properties":{"rgi_id":"RGI2000-v7.0-G-02-18162","o1region":"02"},"geometry":{"type":"Polygon","coordinates":[[[-113.588154,47.545019,0.0],[-113.58803,47.544862,0.0],[-113.587878,47.544715,0.0],[-113.587757,47.544605,0.0],[-113.587524,47.544499,0.0],[-113.587508,47.54429,0.0],[-113.587419,47.544236,0.0],[-113.587346,47.544372,0.0],[-113.587192,47.544568,0.0],[-113.587173,47.544683,0.0],[-113.587033,47.544688,0.0],[-113.586857,47.544599,0.0],[-113.586792,47.544487,0.0],[-113.586667,47.54432,0.0],[-113.58665,47.544092,0.0],[-113.586781,47.543974,0.0],[-113.586971,47.543891,0.0],[-113.587023,47.543832,0.0],[-113.587148,47.543637,0.0],[-113.587305,47.543479,0.0],[-113.587352,47.543364,0.0],[-113.587405,47.543324,0.0],[-113.587559,47.543128,0.0],[-113.587722,47.543065,0.0],[-113.587837,47.543099,0.0],[-113.587904,47.54323,0.0],[-113.588078,47.5433,0.0],[-113.587973,47.543399,0.0],[-113.587812,47.5435,0.0],[-113.587793,47.543614,0.0],[-113.587828,47.543708,0.0],[-113.587893,47.54382,0.0],[-113.588073,47.543966,0.0],[-113.588139,47.544097,0.0],[-113.588149,47.54423,0.0],[-113.588158,47.544344,0.0],[-113.588198,47.544494,0.0],[-113.588342,47.544546,0.0],[-113.588459,47.544599,0.0],[-113.58858,47.544709,0.0],[-113.588477,47.544827,0.0],[-113.588426,47.544905,0.0],[-113.588345,47.544946,0.0],[-113.588154,47.545019,0.0]]]}},{"type":"Feature","properties":{"rgi_id":"RGI2000-v7.0-G-02-18163","o1region":"02"},"geometry":{"type":"Polygon","coordinates":[[[-113.586419,47.538958,0.0],[-113.58612,47.538965,0.0],[-113.585604,47.539034,0.0],[-113.585198,47.539073,0.0],[-113.584864,47.539085,0.0],[-113.584524,47.539021,0.0],[-113.584188,47.539008,0.0],[-113.583704,47.539,0.0],[-113.583444,47.539009,0.0],[-113.582991,47.538924,0.0],[-113.582655,47.538911,0.0],[-113.582395,47.53892,0.0],[-113.582024,47.538933,0.0],[-113.581761,47.538892,0.0],[-113.581421,47.538829,0.0],[-113.581122,47.538814,0.0],[-113.580935,47.538796,0.0],[-113.58045,47.538787,0.0],[-113.580148,47.538723,0.0],[-113.580253,47.538643,0.0],[-113.580466,47.53851,0.0],[-113.580681,47.538401,0.0],[-113.580968,47.538265,0.0],[-113.581414,47.538249,0.0],[-113.581748,47.538238,0.0],[-113.582195,47.538247,0.0],[-113.582492,47.538237,0.0],[-113.582976,47.538245,0.0],[-113.583158,47.538188,0.0],[-113.583599,47.538122,0.0],[-113.583863,47.538163,0.0],[-113.584087,47.53818,0.0],[-113.584457,47.538142,0.0],[-113.584789,47.538105,0.0],[-113.585271,47.538088,0.0],[-113.585648,47.53815,0.0],[-113.586058,47.538161,0.0],[-113.586322,47.538202,0.0],[-113.586704,47.53834,0.0],[-113.586798,47.538588,0.0],[-113.58681,47.538739,0.0],[-113.586673,47.538895,0.0],[-113.586419,47.538958,0.0]]]}},{"type":"Feature","properties":{"rgi_id":"RGI2000-v7.0-G-02-18164","o1region":"02"},"geometry":{"type":"Polygon","coordinates":[[[-113.584851,47.541374,0.0],[-113.584745,47.541407,0.0],[-113.584437,47.541267,0.0],[-113.584054,47.54113,0.0],[-113.58383,47.541112,0.0],[-113.58338,47.541078,0.0],[-113.583,47.540965,0.0],[-113.582513,47.540932,0.0],[-113.582177,47.540919,0.0],[-113.58199,47.5409,0.0],[-113.581578,47.540864,0.0],[-113.581201,47.540802,0.0],[-113.580824,47.54074,0.0],[-113.580304,47.540758,0.0],[-113.580119,47.540765,0.0],[-113.579746,47.540753,0.0],[-113.57907,47.540676,0.0],[-113.578841,47.540608,0.0],[-113.578539,47.540543,0.0],[-113.578164,47.540506,0.0],[-113.577826,47.540468,0.0],[-113.577679,47.540498,0.0],[-113.577314,47.540586,0.0],[-113.57714,47.540744,0.0],[-113.576921,47.540802,0.0],[-113.57671,47.54096,0.0],[-113.576343,47.541024,0.0],[-113.576191,47.540979,0.0],[-113.57599,47.540784,0.0],[-113.575832,47.540664,0.0],[-113.575595,47.540496,0.0],[-113.575394,47.540301,0.0],[-113.575457,47.540148,0.0],[-113.575791,47.540136,0.0],[-113.576231,47.540045,0.0],[-113.576289,47.539841,0.0],[-113.576385,47.539636,0.0],[-113.576551,47.539379,0.0],[-113.57677,47.53932,0.0],[-113.577067,47.53931,0.0],[-113.577251,47.539278,0.0],[-113.577536,47.539117,0.0],[-113.577788,47.539007,0.0],[-113.577964,47.538875,0.0],[-113.578366,47.538785,0.0],[-113.578774,47.538771,0.0],[-113.579333,47.538776,0.0],[-113.579417,47.5389,0.0],[-113.579245,47.539082,0.0],[-113.57926,47.539283,0.0],[-113.579458,47.539427,0.0],[-113.579643,47.539421,0.0],[-113.580165,47.539427,0.0],[-113.58028,47.539474,0.0],[-113.580762,47.539457,0.0],[-113.581208,47.539441,0.0],[-113.581516,47.539581,0.0],[-113.581715,47.539751,0.0],[-113.581975,47.539742,0.0],[-113.582307,47.539705,0.0],[-113.582641,47.539693,0.0],[-113.582981,47.539756,0.0],[-113.583401,47.539893,0.0],[-113.583746,47.540032,0.0],[-113.583973,47.540074,0.0],[-113.584344,47.540061,0.0],[-113.584791,47.54007,0.0],[-113.58502,47.540138,0.0],[-113.585262,47.540381,0.0],[-113.585348,47.540529,0.0],[-113.585662,47.540745,0.0],[-113.58597,47.540885,0.0],[-113.585882,47.541191,0.0],[-113.585439,47.541232,0.0],[-113.585296,47.541312,0.0],[-113.585115,47.541369,0.0],[-113.584851,47.541374,0.0]]]}},{"type":"Feature","properties":{"rgi_id":"RGI2000-v7.0-G-02-18165","o1region":"02"},"geometry":{"type":"Polygon","coordinates":[[[-113.576941,47.538163,0.0],[-113.576615,47.538268,0.0],[-113.576396,47.538326,0.0],[-113.576142,47.53841,0.0],[-113.57581,47.538447,0.0],[-113.575665,47.538503,0.0],[-113.575226,47.538594,0.0],[-113.574935,47.53868,0.0],[-113.57461,47.538817,0.0],[-113.574356,47.538902,0.0],[-113.574204,47.538857,0.0],[-113.574121,47.538706,0.0],[-113.574251,47.538502,0.0],[-113.57435,47.538383,0.0],[-113.574404,47.538068,0.0],[-113.574611,47.53786,0.0],[-113.574937,47.537747,0.0],[-113.575041,47.537643,0.0],[-113.57499,47.537468,0.0],[-113.574946,47.537369,0.0],[-113.574717,47.537292,0.0],[-113.57446,47.537254,0.0],[-113.574518,47.537132,0.0],[-113.574657,47.537001,0.0],[-113.574903,47.536816,0.0],[-113.575227,47.536679,0.0],[-113.575638,47.536689,0.0],[-113.575971,47.536678,0.0],[-113.57637,47.536538,0.0],[-113.576581,47.536626,0.0],[-113.576735,47.536928,0.0],[-113.576789,47.537153,0.0],[-113.576813,47.537454,0.0],[-113.576941,47.537677,0.0],[-113.577031,47.537875,0.0],[-113.576941,47.538163,0.0]]]}},{"type":"Feature","properties":{"rgi_id":"RGI2000-v7.0-G-02-18166","o1region":"02"},"geometry":{"type":"Polygon","coordinates":[[[-113.569676,47.538275,0.0],[-113.569481,47.538408,0.0],[-113.569309,47.53859,0.0],[-113.569209,47.538745,0.0],[-113.56877,47.538836,0.0],[-113.568547,47.538844,0.0],[-113.568348,47.538675,0.0],[-113.568403,47.538421,0.0],[-113.568565,47.538113,0.0],[-113.56855,47.537912,0.0],[-113.568536,47.537736,0.0],[-113.56856,47.537558,0.0],[-113.568849,47.537448,0.0],[-113.568955,47.537368,0.0],[-113.569203,47.537208,0.0],[-113.569381,47.537101,0.0],[-113.5696,47.537043,0.0],[-113.569783,47.537011,0.0],[-113.570041,47.536977,0.0],[-113.570349,47.537118,0.0],[-113.570584,47.53726,0.0],[-113.570666,47.537358,0.0],[-113.57079,47.53753,0.0],[-113.570839,47.53768,0.0],[-113.570704,47.537861,0.0],[-113.570417,47.537997,0.0],[-113.570122,47.538033,0.0],[-113.569837,47.538194,0.0],[-113.569676,47.538275,0.0]],[[-113.569536,47.53749,0.0],[-113.569343,47.537557,0.0],[-113.569105,47.53761,0.0],[-113.569068,47.5377,0.0],[-113.569161,47.537757,0.0],[-113.569359,47.537765,0.0],[-113.569552,47.537698,0.0],[-113.569723,47.537633,0.0],[-113.569784,47.537571,0.0],[-113.569688,47.53747,0.0],[-113.569536,47.53749,0.0]]]}},{"type":"Feature","properties":{"rgi_id":"RGI2000-v7.0-G-02-18167","o1region":"02"},"geometry":{"type":"Polygon","coordinates":[[[-113.565781,47.536711,0.0],[-113.565742,47.536735,0.0],[-113.56553,47.536869,0.0],[-113.565354,47.537001,0.0],[-113.565171,47.537033,0.0],[-113.564874,47.537043,0.0],[-113.56479,47.53692,0.0],[-113.564747,47.536846,0.0],[-113.564484,47.536805,0.0],[-113.564398,47.536657,0.0],[-113.564236,47.536486,0.0],[-113.564259,47.536309,0.0],[-113.564322,47.536156,0.0],[-113.564422,47.536001,0.0],[-113.564676,47.535916,0.0],[-113.564934,47.535882,0.0],[-113.565113,47.5358,0.0],[-113.565373,47.535791,0.0],[-113.565598,47.535808,0.0],[-113.565941,47.535922,0.0],[-113.566092,47.535942,0.0],[-113.566344,47.535833,0.0],[-113.566527,47.535801,0.0],[-113.566924,47.535636,0.0],[-113.567035,47.535632,0.0],[-113.56709,47.535857,0.0],[-113.567101,47.536007,0.0],[-113.567039,47.536161,0.0],[-113.566752,47.536297,0.0],[-113.56657,47.536354,0.0],[-113.566283,47.53649,0.0],[-113.566064,47.536548,0.0],[-113.565781,47.536711,0.0]]]}},{"type":"Feature","properties":{"rgi_id":"RGI2000-v7.0-G-02-18168","o1region":"02"},"geometry":{"type":"Polygon","coordinates":[[[-113.580899,47.531046,0.0],[-113.580782,47.531286,0.0],[-113.580483,47.531428,0.0],[-113.579997,47.531655,0.0],[-113.579507,47.531829,0.0],[-113.579121,47.531843,0.0],[-113.579062,47.531583,0.0],[-113.579081,47.53132,0.0],[-113.579249,47.530999,0.0],[-113.579469,47.530834,0.0],[-113.57976,47.530588,0.0],[-113.579939,47.530398,0.0],[-113.580155,47.530181,0.0],[-113.580453,47.530039,0.0],[-113.580789,47.52987,0.0],[-113.581096,47.529833,0.0],[-113.581262,47.529984,0.0],[-113.581281,47.530219,0.0],[-113.581177,47.530381,0.0],[-113.581114,47.530566,0.0],[-113.580975,47.530781,0.0],[-113.580878,47.531021,0.0],[-113.580899,47.531046,0.0]]]}},{"type":"Feature","properties":{"rgi_id":"RGI2000-v7.0-G-02-18169","o1region":"02"},"geometry":{"type":"Polygon","coordinates":[[[-113.579227,47.522952,0.0],[-113.578926,47.522961,0.0],[-113.578664,47.522992,0.0],[-113.578435,47.523023,0.0],[-113.577842,47.523044,0.0],[-113.577709,47.523026,0.0],[-113.577347,47.523039,0.0],[-113.576998,47.523018,0.0],[-113.576749,47.522993,0.0],[-113.576508,47.522867,0.0],[-113.576353,47.522737,0.0],[-113.576288,47.522584,0.0],[-113.576442,47.522444,0.0],[-113.576645,47.522357,0.0],[-113.576841,47.522377,0.0],[-113.577216,47.522429,0.0],[-113.577435,47.522476,0.0],[-113.577761,47.52242,0.0],[-113.578049,47.522298,0.0],[-113.578403,47.522174,0.0],[-113.5788,47.522182,0.0],[-113.579233,47.522234,0.0],[-113.57967,47.52233,0.0],[-113.579973,47.522409,0.0],[-113.580148,47.522537,0.0],[-113.580392,47.522707,0.0],[-113.580316,47.522835,0.0],[-113.579945,47.522902,0.0],[-113.57965,47.522935,0.0],[-113.579227,47.522952,0.0]]]}},{"type":"Feature","properties":{"rgi_id":"RGI2000-v7.0-G-02-18170","o1region":"02"},"geometry":{"type":"Polygon","coordinates":[[[-113.568941,47.518503,0.0],[-113.568611,47.518515,0.0],[-113.568412,47.518499,0.0],[-113.56824,47.518416,0.0],[-113.567968,47.518314,0.0],[-113.567729,47.51821,0.0],[-113.567482,47.517995,0.0],[-113.567633,47.517811,0.0],[-113.567752,47.51765,0.0],[-113.568025,47.517327,0.0],[-113.568318,47.517272,0.0],[-113.568685,47.517327,0.0],[-113.569209,47.517263,0.0],[-113.569475,47.517299,0.0],[-113.569839,47.517308,0.0],[-113.570174,47.517364,0.0],[-113.570543,47.51744,0.0],[-113.570981,47.517559,0.0],[-113.571146,47.517553,0.0],[-113.571635,47.517469,0.0],[-113.571997,47.517456,0.0],[-113.572165,47.517495,0.0],[-113.572597,47.517524,0.0],[-113.572696,47.517521,0.0],[-113.573222,47.517502,0.0],[-113.573422,47.517518,0.0],[-113.573791,47.517594,0.0],[-113.574054,47.517585,0.0],[-113.574451,47.517593,0.0],[-113.574781,47.517581,0.0],[-113.57489,47.517712,0.0],[-113.5749,47.517846,0.0],[-113.574609,47.517923,0.0],[-113.574477,47.517928,0.0],[-113.574149,47.517962,0.0],[-113.573858,47.518039,0.0],[-113.573624,47.518003,0.0],[-113.573321,47.517924,0.0],[-113.573057,47.517933,0.0],[-113.572732,47.517989,0.0],[-113.572595,47.517927,0.0],[-113.572127,47.517854,0.0],[-113.571733,47.51789,0.0],[-113.571442,47.517968,0.0],[-113.571251,47.518064,0.0],[-113.57113,47.518202,0.0],[-113.570877,47.518345,0.0],[-113.570582,47.518378,0.0],[-113.570317,47.518365,0.0],[-113.570091,47.51844,0.0],[-113.569901,47.518536,0.0],[-113.569505,47.51855,0.0],[-113.569306,47.518535,0.0],[-113.568941,47.518503,0.0]]]}},{"type":"Feature","properties":{"rgi_id":"RGI2000-v7.0-G-02-18171","o1region":"02"},"geometry":{"type":"Polygon","coordinates":[[[-113.495306,47.390282,0.0],[-113.495444,47.390377,0.0],[-113.495569,47.390484,0.0],[-113.495744,47.390637,0.0],[-113.495893,47.390743,0.0],[-113.495905,47.390902,0.0],[-113.495843,47.391015,0.0],[-113.495564,47.391041,0.0],[-113.495203,47.39091,0.0],[-113.494988,47.390854,0.0],[-113.494801,47.39086,0.0],[-113.49459,47.390868,0.0],[-113.494534,47.390742,0.0],[-113.494549,47.39063,0.0],[-113.494734,47.390592,0.0],[-113.49489,47.390491,0.0],[-113.494789,47.390399,0.0],[-113.49469,47.390323,0.0],[-113.494456,47.390331,0.0],[-113.49426,47.390211,0.0],[-113.494178,47.390055,0.0],[-113.49414,47.389865,0.0],[-113.494176,47.389721,0.0],[-113.494383,47.389666,0.0],[-113.494256,47.389543,0.0],[-113.494222,47.389401,0.0],[-113.494239,47.389305,0.0],[-113.49418,47.389148,0.0],[-113.494122,47.389006,0.0],[-113.494374,47.388918,0.0],[-113.4945,47.389041,0.0],[-113.49465,47.389163,0.0],[-113.494864,47.389203,0.0],[-113.49501,47.389278,0.0],[-113.495062,47.389356,0.0],[-113.49483,47.38938,0.0],[-113.494675,47.389496,0.0],[-113.494687,47.389655,0.0],[-113.49477,47.389827,0.0],[-113.494915,47.389886,0.0],[-113.495105,47.389927,0.0],[-113.495271,47.389953,0.0],[-113.495532,47.389992,0.0],[-113.495425,47.390123,0.0],[-113.495306,47.390282,0.0]]]}},{"type":"Feature","properties":{"rgi_id":"RGI2000-v7.0-G-02-18172","o1region":"02"},"geometry":{"type":"Polygon","coordinates":[[[-113.49529,47.388148,0.0],[-113.495131,47.388081,0.0],[-113.49503,47.387989,0.0],[-113.494789,47.387901,0.0],[-113.494644,47.387843,0.0],[-113.49452,47.387752,0.0],[-113.49443,47.387802,0.0],[-113.494321,47.387902,0.0],[-113.494053,47.388086,0.0],[-113.493918,47.388154,0.0],[-113.493712,47.388225,0.0],[-113.49366,47.388147,0.0],[-113.493789,47.388,0.0],[-113.493922,47.3879,0.0],[-113.494046,47.387673,0.0],[-113.494139,47.387669,0.0],[-113.494249,47.38757,0.0],[-113.494315,47.38752,0.0],[-113.494444,47.387357,0.0],[-113.494608,47.387367,0.0],[-113.494745,47.387314,0.0],[-113.494783,47.387202,0.0],[-113.494796,47.387058,0.0],[-113.4949,47.386879,0.0],[-113.495077,47.386746,0.0],[-113.495305,47.386658,0.0],[-113.495673,47.386566,0.0],[-113.495906,47.386558,0.0],[-113.496167,47.386597,0.0],[-113.496342,47.38675,0.0],[-113.496304,47.386862,0.0],[-113.496196,47.386978,0.0],[-113.495968,47.387065,0.0],[-113.495738,47.387121,0.0],[-113.495632,47.387268,0.0],[-113.495576,47.38746,0.0],[-113.495587,47.387603,0.0],[-113.495551,47.387748,0.0],[-113.49556,47.387875,0.0],[-113.49557,47.388002,0.0],[-113.495482,47.388084,0.0],[-113.49529,47.388148,0.0]]]}},{"type":"Feature","properties":{"rgi_id":"RGI2000-v7.0-G-02-18173","o1region":"02"},"geometry":{"type":"Polygon","coordinates":[[[-113.492286,47.390136,0.0],[-113.492118,47.390078,0.0],[-113.491978,47.390083,0.0],[-113.491716,47.390029,0.0],[-113.491547,47.389971,0.0],[-113.491352,47.389866,0.0],[-113.491225,47.389727,0.0],[-113.491122,47.389604,0.0],[-113.490999,47.389528,0.0],[-113.490872,47.389405,0.0],[-113.490726,47.389331,0.0],[-113.490488,47.389276,0.0],[-113.490474,47.389085,0.0],[-113.490465,47.388974,0.0],[-113.490459,47.388895,0.0],[-113.490495,47.38875,0.0],[-113.490601,47.388603,0.0],[-113.490658,47.388426,0.0],[-113.49072,47.388313,0.0],[-113.490782,47.388199,0.0],[-113.490657,47.388092,0.0],[-113.49049,47.38805,0.0],[-113.490316,47.387929,0.0],[-113.490402,47.387815,0.0],[-113.490418,47.387719,0.0],[-113.490551,47.387619,0.0],[-113.490588,47.38749,0.0],[-113.490395,47.387417,0.0],[-113.490229,47.387391,0.0],[-113.490014,47.387335,0.0],[-113.489734,47.387345,0.0],[-113.489497,47.387305,0.0],[-113.48928,47.387233,0.0],[-113.489117,47.387239,0.0],[-113.489035,47.387401,0.0],[-113.488954,47.387563,0.0],[-113.488893,47.387692,0.0],[-113.488727,47.387666,0.0],[-113.488443,47.387628,0.0],[-113.488161,47.387622,0.0],[-113.487918,47.387503,0.0],[-113.487792,47.38738,0.0],[-113.487685,47.387209,0.0],[-113.487581,47.387069,0.0],[-113.487379,47.386869,0.0],[-113.487164,47.386813,0.0],[-113.486834,47.386793,0.0],[-113.48655,47.386755,0.0],[-113.486333,47.386667,0.0],[-113.486064,47.386517,0.0],[-113.485794,47.386351,0.0],[-113.48553,47.386265,0.0],[-113.485109,47.38628,0.0],[-113.484736,47.386308,0.0],[-113.484397,47.386463,0.0],[-113.484142,47.386504,0.0],[-113.483867,47.386593,0.0],[-113.483619,47.386713,0.0],[-113.483534,47.386827,0.0],[-113.483359,47.386992,0.0],[-113.483203,47.387109,0.0],[-113.483146,47.387286,0.0],[-113.483012,47.38737,0.0],[-113.482906,47.387517,0.0],[-113.482821,47.387632,0.0],[-113.482834,47.387806,0.0],[-113.482725,47.387921,0.0],[-113.482537,47.387912,0.0],[-113.482369,47.387854,0.0],[-113.482263,47.387699,0.0],[-113.482317,47.387474,0.0],[-113.482445,47.38731,0.0],[-113.482481,47.387166,0.0],[-113.482468,47.386991,0.0],[-113.482525,47.386814,0.0],[-113.482631,47.386668,0.0],[-113.482709,47.386458,0.0],[-113.482743,47.386282,0.0],[-113.483016,47.386177,0.0],[-113.483285,47.386009,0.0],[-113.483466,47.385923,0.0],[-113.483646,47.385821,0.0],[-113.483899,47.385765,0.0],[-113.484131,47.385741,0.0],[-113.484311,47.385639,0.0],[-113.484609,47.385549,0.0],[-113.484863,47.385493,0.0],[-113.485137,47.385404,0.0],[-113.485416,47.385378,0.0],[-113.485651,47.385386,0.0],[-113.485685,47.385528,0.0],[-113.485553,47.385644,0.0],[-113.485466,47.385726,0.0],[-113.4855,47.385868,0.0],[-113.485575,47.385929,0.0],[-113.485844,47.386079,0.0],[-113.486054,47.386072,0.0],[-113.48636,47.386093,0.0],[-113.486665,47.386099,0.0],[-113.486718,47.386176,0.0],[-113.487006,47.386278,0.0],[-113.487061,47.386387,0.0],[-113.487277,47.386443,0.0],[-113.487513,47.386467,0.0],[-113.48766,47.386557,0.0],[-113.487873,47.386582,0.0],[-113.488175,47.386555,0.0],[-113.488384,47.386532,0.0],[-113.488665,47.386523,0.0],[-113.488792,47.386661,0.0],[-113.48897,47.386846,0.0],[-113.48926,47.386963,0.0],[-113.489475,47.38702,0.0],[-113.48974,47.387122,0.0],[-113.489927,47.387115,0.0],[-113.490246,47.386993,0.0],[-113.490403,47.386892,0.0],[-113.490579,47.386743,0.0],[-113.4907,47.386802,0.0],[-113.490938,47.386842,0.0],[-113.491133,47.386946,0.0],[-113.491263,47.387117,0.0],[-113.491453,47.387158,0.0],[-113.491514,47.387347,0.0],[-113.491476,47.387459,0.0],[-113.491364,47.387527,0.0],[-113.491229,47.387595,0.0],[-113.491,47.387667,0.0],[-113.490894,47.387814,0.0],[-113.491017,47.387905,0.0],[-113.491227,47.387882,0.0],[-113.491436,47.387859,0.0],[-113.491736,47.3878,0.0],[-113.491917,47.387715,0.0],[-113.492287,47.387654,0.0],[-113.492473,47.387632,0.0],[-113.492656,47.387578,0.0],[-113.492991,47.387661,0.0],[-113.492951,47.387758,0.0],[-113.49275,47.387893,0.0],[-113.492666,47.388023,0.0],[-113.492558,47.388138,0.0],[-113.492453,47.388301,0.0],[-113.49239,47.388398,0.0],[-113.492186,47.388485,0.0],[-113.491981,47.388572,0.0],[-113.491801,47.388673,0.0],[-113.491645,47.388774,0.0],[-113.491496,47.38897,0.0],[-113.491607,47.389205,0.0],[-113.491736,47.38936,0.0],[-113.491934,47.389496,0.0],[-113.492107,47.389617,0.0],[-113.492281,47.389754,0.0],[-113.492525,47.389889,0.0],[-113.492562,47.390063,0.0],[-113.492801,47.390134,0.0],[-113.492923,47.390194,0.0],[-113.493026,47.390317,0.0],[-113.492895,47.390449,0.0],[-113.492638,47.390458,0.0],[-113.492541,47.390414,0.0],[-113.492511,47.390319,0.0],[-113.492386,47.390212,0.0],[-113.492286,47.390136,0.0]]]}},{"type":"Feature","properties":{"rgi_id":"RGI2000-v7.0-G-02-18174","o1region":"02"},"geometry":{"type":"Polygon","coordinates":[[[-113.500369,47.390307,0.0],[-113.500029,47.390251,0.0],[-113.499691,47.39015,0.0],[-113.499385,47.390129,0.0],[-113.499128,47.390138,0.0],[-113.498873,47.390178,0.0],[-113.498616,47.390187,0.0],[-113.498406,47.390194,0.0],[-113.498329,47.390117,0.0],[-113.498159,47.390028,0.0],[-113.498313,47.389895,0.0],[-113.498304,47.389784,0.0],[-113.498092,47.38976,0.0],[-113.498011,47.389619,0.0],[-113.498002,47.389508,0.0],[-113.497677,47.389536,0.0],[-113.497393,47.389498,0.0],[-113.4973,47.389517,0.0],[-113.496981,47.389639,0.0],[-113.496947,47.3898,0.0],[-113.496961,47.38999,0.0],[-113.497159,47.390126,0.0],[-113.497281,47.390202,0.0],[-113.497403,47.390261,0.0],[-113.497414,47.390404,0.0],[-113.497396,47.390484,0.0],[-113.497091,47.390479,0.0],[-113.496966,47.390372,0.0],[-113.496793,47.39025,0.0],[-113.496731,47.390046,0.0],[-113.49667,47.389857,0.0],[-113.496583,47.389637,0.0],[-113.496521,47.389432,0.0],[-113.49637,47.389294,0.0],[-113.496363,47.389199,0.0],[-113.496519,47.389098,0.0],[-113.496748,47.389027,0.0],[-113.496997,47.388907,0.0],[-113.497298,47.388865,0.0],[-113.497548,47.38876,0.0],[-113.497703,47.388644,0.0],[-113.4979,47.388462,0.0],[-113.497985,47.388347,0.0],[-113.498163,47.388214,0.0],[-113.49832,47.388129,0.0],[-113.498362,47.388064,0.0],[-113.498563,47.38793,0.0],[-113.498697,47.387845,0.0],[-113.498805,47.387714,0.0],[-113.498956,47.38755,0.0],[-113.499111,47.387433,0.0],[-113.499407,47.387312,0.0],[-113.499701,47.387174,0.0],[-113.499908,47.387119,0.0],[-113.499976,47.387085,0.0],[-113.500526,47.386887,0.0],[-113.500884,47.38684,0.0],[-113.500899,47.387408,0.0],[-113.500397,47.387488,0.0],[-113.500064,47.387617,0.0],[-113.49972,47.387788,0.0],[-113.499552,47.387991,0.0],[-113.499456,47.38828,0.0],[-113.499419,47.388409,0.0],[-113.499169,47.388513,0.0],[-113.498942,47.388601,0.0],[-113.498694,47.388737,0.0],[-113.498565,47.388884,0.0],[-113.498337,47.388972,0.0],[-113.498042,47.389093,0.0],[-113.497932,47.389193,0.0],[-113.498152,47.389312,0.0],[-113.498316,47.389322,0.0],[-113.498563,47.389489,0.0],[-113.498751,47.389498,0.0],[-113.498938,47.389492,0.0],[-113.499242,47.389481,0.0],[-113.499477,47.389489,0.0],[-113.499647,47.389563,0.0],[-113.499885,47.389618,0.0],[-113.500037,47.389772,0.0],[-113.500115,47.389943,0.0],[-113.500355,47.390212,0.0],[-113.500369,47.390307,0.0]]]}},{"type":"Feature","properties":{"rgi_id":"RGI2000-v7.0-G-02-18175","o1region":"02"},"geometry":{"type":"Polygon","coordinates":[[[-113.497351,47.368509,0.0],[-113.497149,47.368444,0.0],[-113.49684,47.368357,0.0],[-113.496574,47.368321,0.0],[-113.496335,47.368294,0.0],[-113.49603,47.368268,0.0],[-113.495767,47.368269,0.0],[-113.495401,47.368299,0.0],[-113.495165,47.368316,0.0],[-113.494914,47.368298,0.0],[-113.49445,47.368252,0.0],[-113.494068,47.368247,0.0],[-113.493705,47.368331,0.0],[-113.493503,47.368437,0.0],[-113.493447,47.368573,0.0],[-113.493405,47.368717,0.0],[-113.493299,47.368873,0.0],[-113.493167,47.369047,0.0],[-113.49294,47.36918,0.0],[-113.492735,47.369259,0.0],[-113.492563,47.369238,0.0],[-113.492435,47.369117,0.0],[-113.492319,47.368978,0.0],[-113.492162,47.368805,0.0],[-113.49198,47.368659,0.0],[-113.491762,47.368568,0.0],[-113.491781,47.368469,0.0],[-113.491942,47.36833,0.0],[-113.492196,47.368205,0.0],[-113.492558,47.36813,0.0],[-113.49288,47.368029,0.0],[-113.493255,47.367944,0.0],[-113.493671,47.367867,0.0],[-113.494207,47.367822,0.0],[-113.494402,47.367797,0.0],[-113.494741,47.36775,0.0],[-113.495137,47.367763,0.0],[-113.495532,47.367767,0.0],[-113.495903,47.367799,0.0],[-113.496193,47.367807,0.0],[-113.49651,47.367823,0.0],[-113.49675,47.367868,0.0],[-113.497004,47.367913,0.0],[-113.497281,47.367921,0.0],[-113.49748,47.36795,0.0],[-113.497744,47.367959,0.0],[-113.498085,47.367947,0.0],[-113.49831,47.367957,0.0],[-113.498445,47.367997,0.0],[-113.49864,47.368151,0.0],[-113.498833,47.368261,0.0],[-113.49902,47.368299,0.0],[-113.499198,47.368391,0.0],[-113.499272,47.368496,0.0],[-113.49941,47.368589,0.0],[-113.49964,47.368662,0.0],[-113.500002,47.368757,0.0],[-113.500217,47.368821,0.0],[-113.500303,47.368907,0.0],[-113.500241,47.368963,0.0],[-113.500125,47.368994,0.0],[-113.499863,47.369003,0.0],[-113.49949,47.368944,0.0],[-113.499299,47.368852,0.0],[-113.499122,47.368787,0.0],[-113.498844,47.368761,0.0],[-113.498582,47.368779,0.0],[-113.498369,47.368742,0.0],[-113.497982,47.368675,0.0],[-113.497647,47.368597,0.0],[-113.497351,47.368509,0.0]]]}},{"type":"Feature","properties":{"rgi_id":"RGI2000-v7.0-G-02-18176","o1region":"02"},"geometry":{"type":"Polygon","coordinates":[[[-113.494782,47.365147,0.0],[-113.495029,47.365281,0.0],[-113.495412,47.365473,0.0],[-113.495605,47.365583,0.0],[-113.495795,47.365666,0.0],[-113.495867,47.365753,0.0],[-113.495847,47.365825,0.0],[-113.495729,47.365838,0.0],[-113.49553,47.365818,0.0],[-113.495303,47.365772,0.0],[-113.495026,47.365764,0.0],[-113.494751,47.365782,0.0],[-113.494598,47.36585,0.0],[-113.494503,47.365979,0.0],[-113.494526,47.366121,0.0],[-113.494538,47.366282,0.0],[-113.49452,47.36639,0.0],[-113.494405,47.366429,0.0],[-113.494208,47.366436,0.0],[-113.494007,47.366389,0.0],[-113.493752,47.366327,0.0],[-113.493513,47.366299,0.0],[-113.493305,47.366333,0.0],[-113.493214,47.366515,0.0],[-113.49316,47.366678,0.0],[-113.493074,47.366762,0.0],[-113.492878,47.366777,0.0],[-113.492732,47.366764,0.0],[-113.492645,47.36666,0.0],[-113.492646,47.36649,0.0],[-113.49272,47.366255,0.0],[-113.492838,47.366072,0.0],[-113.492984,47.365915,0.0],[-113.493146,47.365785,0.0],[-113.493426,47.365659,0.0],[-113.493732,47.365532,0.0],[-113.493801,47.365404,0.0],[-113.493761,47.365218,0.0],[-113.493756,47.365155,0.0],[-113.493759,47.365012,0.0],[-113.493827,47.364867,0.0],[-113.493965,47.364782,0.0],[-113.494136,47.364776,0.0],[-113.49438,47.364874,0.0],[-113.494535,47.365003,0.0],[-113.494649,47.365124,0.0],[-113.494782,47.365147,0.0]]]}},{"type":"Feature","properties":{"rgi_id":"RGI2000-v7.0-G-02-18177","o1region":"02"},"geometry":{"type":"Polygon","coordinates":[[[-113.484325,47.367503,0.0],[-113.48419,47.367454,0.0],[-113.48404,47.367378,0.0],[-113.484027,47.367209,0.0],[-113.483976,47.36705,0.0],[-113.483813,47.366993,0.0],[-113.48362,47.367044,0.0],[-113.483401,47.367114,0.0],[-113.483168,47.367167,0.0],[-113.482983,47.367147,0.0],[-113.482831,47.367054,0.0],[-113.482654,47.366979,0.0],[-113.482421,47.367023,0.0],[-113.482165,47.367121,0.0],[-113.481893,47.367175,0.0],[-113.481682,47.367183,0.0],[-113.481469,47.367145,0.0],[-113.481192,47.367137,0.0],[-113.480931,47.367164,0.0],[-113.480794,47.367097,0.0],[-113.480824,47.366962,0.0],[-113.480949,47.366877,0.0],[-113.481144,47.366844,0.0],[-113.481356,47.366863,0.0],[-113.481646,47.366871,0.0],[-113.481945,47.366816,0.0],[-113.48219,47.366754,0.0],[-113.482369,47.366685,0.0],[-113.482695,47.366647,0.0],[-113.483049,47.366626,0.0],[-113.483247,47.366628,0.0],[-113.483414,47.366577,0.0],[-113.483582,47.366536,0.0],[-113.48378,47.366547,0.0],[-113.483946,47.366657,0.0],[-113.484089,47.366804,0.0],[-113.484278,47.366869,0.0],[-113.484402,47.366946,0.0],[-113.484476,47.367059,0.0],[-113.484462,47.367212,0.0],[-113.484471,47.367337,0.0],[-113.48444,47.367445,0.0],[-113.484325,47.367503,0.0]]]}},{"type":"Feature","properties":{"rgi_id":"RGI2000-v7.0-G-02-18178","o1region":"02"},"geometry":{"type":"Polygon","coordinates":[[[-113.478459,47.367196,0.0],[-113.478169,47.367188,0.0],[-113.477773,47.367175,0.0],[-113.477444,47.367177,0.0],[-113.477054,47.367235,0.0],[-113.476796,47.367307,0.0],[-113.476372,47.367447,0.0],[-113.476133,47.367589,0.0],[-113.475918,47.367704,0.0],[-113.47562,47.367777,0.0],[-113.475443,47.367872,0.0],[-113.47527,47.368021,0.0],[-113.475117,47.36808,0.0],[-113.474935,47.368113,0.0],[-113.47485,47.368036,0.0],[-113.47485,47.367857,0.0],[-113.474917,47.367694,0.0],[-113.475061,47.36751,0.0],[-113.475275,47.367377,0.0],[-113.475554,47.367233,0.0],[-113.475756,47.367119,0.0],[-113.476022,47.366985,0.0],[-113.476307,47.36693,0.0],[-113.476593,47.366876,0.0],[-113.476876,47.366786,0.0],[-113.477322,47.36677,0.0],[-113.477611,47.36676,0.0],[-113.4779,47.366759,0.0],[-113.478229,47.366757,0.0],[-113.47847,47.366811,0.0],[-113.478633,47.366877,0.0],[-113.478733,47.366981,0.0],[-113.478781,47.367095,0.0],[-113.478681,47.36717,0.0],[-113.478579,47.36721,0.0],[-113.478459,47.367196,0.0]]]}},{"type":"Feature","properties":{"rgi_id":"RGI2000-v7.0-G-02-18179","o1region":"02"},"geometry":{"type":"Polygon","coordinates":[[[-113.466548,47.374411,0.0],[-113.466298,47.374419,0.0],[-113.46607,47.374365,0.0],[-113.465893,47.374281,0.0],[-113.465666,47.374235,0.0],[-113.465595,47.374166,0.0],[-113.465561,47.374069,0.0],[-113.465656,47.373932,0.0],[-113.465778,47.373802,0.0],[-113.465942,47.373698,0.0],[-113.466161,47.373637,0.0],[-113.46637,47.373612,0.0],[-113.466643,47.373576,0.0],[-113.466879,47.373559,0.0],[-113.467064,47.37357,0.0],[-113.467239,47.373627,0.0],[-113.467341,47.373749,0.0],[-113.467363,47.373873,0.0],[-113.467336,47.374035,0.0],[-113.467228,47.374182,0.0],[-113.467067,47.374312,0.0],[-113.466915,47.374389,0.0],[-113.46672,47.374432,0.0],[-113.466548,47.374411,0.0]]]}},{"type":"Feature","properties":{"rgi_id":"RGI2000-v7.0-G-02-18180","o1region":"02"},"geometry":{"type":"Polygon","coordinates":[[[-113.487546,47.357797,0.0],[-113.487412,47.357775,0.0],[-113.487316,47.357716,0.0],[-113.48724,47.357584,0.0],[-113.487149,47.357427,0.0],[-113.487055,47.357224,0.0],[-113.486899,47.357069,0.0],[-113.486697,47.357013,0.0],[-113.486366,47.35698,0.0],[-113.486108,47.357042,0.0],[-113.485911,47.357049,0.0],[-113.485667,47.357138,0.0],[-113.485451,47.357235,0.0],[-113.485235,47.357341,0.0],[-113.485127,47.357309,0.0],[-113.484988,47.357206,0.0],[-113.484962,47.357037,0.0],[-113.484945,47.356805,0.0],[-113.484999,47.356643,0.0],[-113.485065,47.356479,0.0],[-113.485176,47.356377,0.0],[-113.485481,47.356402,0.0],[-113.485695,47.356458,0.0],[-113.485844,47.356506,0.0],[-113.485902,47.356406,0.0],[-113.485902,47.356236,0.0],[-113.485832,47.356006,0.0],[-113.485767,47.355838,0.0],[-113.485688,47.355653,0.0],[-113.485763,47.355606,0.0],[-113.485955,47.355707,0.0],[-113.486162,47.355842,0.0],[-113.486348,47.356033,0.0],[-113.486461,47.356145,0.0],[-113.486647,47.356344,0.0],[-113.486914,47.356567,0.0],[-113.487192,47.356763,0.0],[-113.487507,47.356931,0.0],[-113.487675,47.35706,0.0],[-113.487868,47.357178,0.0],[-113.488111,47.357268,0.0],[-113.488367,47.357349,0.0],[-113.488559,47.357449,0.0],[-113.488878,47.357662,0.0],[-113.489136,47.357778,0.0],[-113.48945,47.357928,0.0],[-113.489589,47.358022,0.0],[-113.489839,47.358192,0.0],[-113.489941,47.358331,0.0],[-113.490037,47.35856,0.0],[-113.490121,47.358799,0.0],[-113.490094,47.35897,0.0],[-113.489903,47.359057,0.0],[-113.489705,47.359046,0.0],[-113.48958,47.358952,0.0],[-113.489489,47.358794,0.0],[-113.489382,47.358592,0.0],[-113.489162,47.358466,0.0],[-113.488921,47.358411,0.0],[-113.488667,47.358366,0.0],[-113.488581,47.358271,0.0],[-113.488475,47.358087,0.0],[-113.488238,47.357907,0.0],[-113.487903,47.35783,0.0],[-113.487546,47.357797,0.0]]]}},{"type":"Feature","properties":{"rgi_id":"RGI2000-v7.0-G-02-18181","o1region":"02"},"geometry":{"type":"Polygon","coordinates":[[[-113.869722,47.291955,0.0],[-113.869291,47.292064,0.0],[-113.869013,47.292172,0.0],[-113.868478,47.292192,0.0],[-113.867665,47.29232,0.0],[-113.867161,47.292291,0.0],[-113.866622,47.292263,0.0],[-113.865647,47.292154,0.0],[-113.865022,47.291958,0.0],[-113.864362,47.291764,0.0],[-113.863809,47.291566,0.0],[-113.863396,47.291338,0.0],[-113.863016,47.29106,0.0],[-113.862849,47.290774,0.0],[-113.862964,47.290429,0.0],[-113.863184,47.290055,0.0],[-113.863305,47.289783,0.0],[-113.863394,47.28956,0.0],[-113.863971,47.289611,0.0],[-113.864651,47.28961,0.0],[-113.865335,47.289657,0.0],[-113.86591,47.289684,0.0],[-113.866447,47.289688,0.0],[-113.866851,47.289818,0.0],[-113.867291,47.289948,0.0],[-113.867755,47.28993,0.0],[-113.868305,47.29008,0.0],[-113.868784,47.290257,0.0],[-113.869375,47.290478,0.0],[-113.869855,47.290654,0.0],[-113.870339,47.290879,0.0],[-113.870852,47.29103,0.0],[-113.871152,47.291189,0.0],[-113.871168,47.291384,0.0],[-113.870754,47.29157,0.0],[-113.870339,47.291756,0.0],[-113.870022,47.291817,0.0],[-113.869722,47.291955,0.0]]]}},{"type":"Feature","properties":{"rgi_id":"RGI2000-v7.0-G-02-18182","o1region":"02"},"geometry":{"type":"Polygon","coordinates":[[[-113.882711,47.311539,0.0],[-113.882751,47.311439,0.0],[-113.882879,47.311373,0.0],[-113.883216,47.311396,0.0],[-113.883587,47.31139,0.0],[-113.883831,47.311408,0.0],[-113.884249,47.311485,0.0],[-113.884693,47.311577,0.0],[-113.88508,47.311765,0.0],[-113.88553,47.311885,0.0],[-113.886185,47.312093,0.0],[-113.886772,47.312293,0.0],[-113.88749,47.312479,0.0],[-113.88803,47.312609,0.0],[-113.888802,47.312763,0.0],[-113.889143,47.312835,0.0],[-113.889826,47.312989,0.0],[-113.890183,47.313105,0.0],[-113.890633,47.313219,0.0],[-113.890841,47.313301,0.0],[-113.89089,47.313401,0.0],[-113.890836,47.31362,0.0],[-113.890568,47.313751,0.0],[-113.890278,47.313757,0.0],[-113.889941,47.313636,0.0],[-113.889779,47.313483,0.0],[-113.88947,47.313368,0.0],[-113.889022,47.313268,0.0],[-113.88852,47.313164,0.0],[-113.887867,47.312978,0.0],[-113.886521,47.31267,0.0],[-113.885556,47.312477,0.0],[-113.885048,47.312395,0.0],[-113.884621,47.312308,0.0],[-113.884166,47.312185,0.0],[-113.883668,47.312021,0.0],[-113.883354,47.311934,0.0],[-113.883047,47.311834,0.0],[-113.882912,47.311721,0.0],[-113.882711,47.311539,0.0]]]}},{"type":"Feature","properties":{"rgi_id":"RGI2000-v7.0-G-02-18183","o1region":"02"},"geometry":{"type":"Polygon","coordinates":[[[-113.876272,47.34238,0.0],[-113.876336,47.342133,0.0],[-113.876394,47.341958,0.0],[-113.876411,47.341729,0.0],[-113.876461,47.341458,0.0],[-113.876684,47.34123,0.0],[-113.876977,47.341114,0.0],[-113.877298,47.341033,0.0],[-113.877727,47.341039,0.0],[-113.87813,47.341028,0.0],[-113.87897,47.340985,0.0],[-113.879591,47.340969,0.0],[-113.880316,47.341039,0.0],[-113.880564,47.341109,0.0],[-113.88121,47.341348,0.0],[-113.882395,47.341741,0.0],[-113.882662,47.341945,0.0],[-113.882865,47.342193,0.0],[-113.883121,47.3424,0.0],[-113.88345,47.34262,0.0],[-113.883629,47.342822,0.0],[-113.883701,47.343151,0.0],[-113.883691,47.343415,0.0],[-113.883618,47.343751,0.0],[-113.883427,47.344024,0.0],[-113.883199,47.344148,0.0],[-113.883024,47.344183,0.0],[-113.88266,47.344178,0.0],[-113.882424,47.344154,0.0],[-113.882078,47.344077,0.0],[-113.881698,47.343979,0.0],[-113.881279,47.343891,0.0],[-113.880948,47.343802,0.0],[-113.880345,47.343738,0.0],[-113.879763,47.343642,0.0],[-113.879403,47.343588,0.0],[-113.879038,47.343478,0.0],[-113.878699,47.343335,0.0],[-113.878418,47.343159,0.0],[-113.878117,47.342951,0.0],[-113.877837,47.342791,0.0],[-113.877417,47.342649,0.0],[-113.877057,47.342539,0.0],[-113.87666,47.34248,0.0],[-113.876418,47.342484,0.0],[-113.876272,47.34238,0.0]]]}},{"type":"Feature","properties":{"rgi_id":"RGI2000-v7.0-G-02-18184","o1region":"02"},"geometry":{"type":"Polygon","coordinates":[[[-113.883471,47.356024,0.0],[-113.883557,47.355942,0.0],[-113.883753,47.355783,0.0],[-113.883889,47.355712,0.0],[-113.884186,47.355599,0.0],[-113.884438,47.35552,0.0],[-113.884771,47.355433,0.0],[-113.885011,47.355413,0.0],[-113.885358,47.355407,0.0],[-113.885714,47.355413,0.0],[-113.886149,47.35544,0.0],[-113.886785,47.355599,0.0],[-113.888006,47.3559,0.0],[-113.889215,47.356246,0.0],[-113.88994,47.356506,0.0],[-113.890207,47.356597,0.0],[-113.890345,47.356751,0.0],[-113.890424,47.356877,0.0],[-113.89052,47.35706,0.0],[-113.890632,47.35724,0.0],[-113.890748,47.357367,0.0],[-113.891384,47.357957,0.0],[-113.891792,47.358298,0.0],[-113.891979,47.358552,0.0],[-113.892061,47.358755,0.0],[-113.892069,47.358996,0.0],[-113.891946,47.359165,0.0],[-113.891827,47.359236,0.0],[-113.891615,47.359269,0.0],[-113.891366,47.359279,0.0],[-113.891028,47.359295,0.0],[-113.890599,47.359245,0.0],[-113.890073,47.359192,0.0],[-113.889711,47.359154,0.0],[-113.889349,47.359132,0.0],[-113.888931,47.35906,0.0],[-113.888326,47.358878,0.0],[-113.887687,47.358637,0.0],[-113.886952,47.358402,0.0],[-113.886381,47.358149,0.0],[-113.88579,47.3579,0.0],[-113.885163,47.357598,0.0],[-113.884631,47.357281,0.0],[-113.884148,47.356924,0.0],[-113.88379,47.356605,0.0],[-113.883637,47.356419,0.0],[-113.883535,47.356261,0.0],[-113.883471,47.356024,0.0]]]}},{"type":"Feature","properties":{"rgi_id":"RGI2000-v7.0-G-02-18185","o1region":"02"},"geometry":{"type":"Polygon","coordinates":[[[-113.915478,47.392268,0.0],[-113.915365,47.392179,0.0],[-113.915244,47.392085,0.0],[-113.915163,47.391987,0.0],[-113.915115,47.391901,0.0],[-113.915034,47.391855,0.0],[-113.914952,47.391833,0.0],[-113.914856,47.391801,0.0],[-113.914582,47.391867,0.0],[-113.914355,47.391994,0.0],[-113.914195,47.392069,0.0],[-113.91404,47.392102,0.0],[-113.913935,47.392104,0.0],[-113.91371,47.392074,0.0],[-113.913514,47.392049,0.0],[-113.913337,47.392014,0.0],[-113.913242,47.391939,0.0],[-113.913129,47.391844,0.0],[-113.913112,47.39174,0.0],[-113.913167,47.391576,0.0],[-113.913393,47.391339,0.0],[-113.913638,47.39122,0.0],[-113.913806,47.391098,0.0],[-113.913919,47.391006,0.0],[-113.913985,47.390874,0.0],[-113.913984,47.390721,0.0],[-113.913944,47.390579,0.0],[-113.913944,47.390349,0.0],[-113.913927,47.390097,0.0],[-113.913886,47.389903,0.0],[-113.913855,47.389778,0.0],[-113.913841,47.389658,0.0],[-113.913823,47.389582,0.0],[-113.913944,47.389442,0.0],[-113.914041,47.38934,0.0],[-113.914092,47.389176,0.0],[-113.91405,47.388922,0.0],[-113.914001,47.388677,0.0],[-113.913984,47.388576,0.0],[-113.913953,47.388489,0.0],[-113.913987,47.388419,0.0],[-113.914155,47.388309,0.0],[-113.914326,47.388266,0.0],[-113.914414,47.388167,0.0],[-113.914525,47.387992,0.0],[-113.914574,47.387803,0.0],[-113.914533,47.387662,0.0],[-113.914437,47.387531,0.0],[-113.914342,47.387409,0.0],[-113.914292,47.387345,0.0],[-113.914292,47.387301,0.0],[-113.914388,47.387278,0.0],[-113.914526,47.387245,0.0],[-113.914575,47.387202,0.0],[-113.914495,47.387015,0.0],[-113.914342,47.386791,0.0],[-113.914212,47.386593,0.0],[-113.914052,47.386374,0.0],[-113.913939,47.386274,0.0],[-113.913791,47.386197,0.0],[-113.913704,47.386138,0.0],[-113.913673,47.386098,0.0],[-113.913704,47.385989,0.0],[-113.913735,47.38592,0.0],[-113.913738,47.38581,0.0],[-113.913721,47.385758,0.0],[-113.913753,47.38571,0.0],[-113.913858,47.385659,0.0],[-113.913947,47.385661,0.0],[-113.914043,47.385594,0.0],[-113.914118,47.38543,0.0],[-113.914165,47.38532,0.0],[-113.914155,47.385255,0.0],[-113.914101,47.385232,0.0],[-113.913986,47.385207,0.0],[-113.913875,47.385195,0.0],[-113.913795,47.385151,0.0],[-113.913775,47.385108,0.0],[-113.913905,47.385023,0.0],[-113.914069,47.385003,0.0],[-113.914284,47.385003,0.0],[-113.914489,47.384948,0.0],[-113.914688,47.384866,0.0],[-113.914948,47.384779,0.0],[-113.915206,47.384673,0.0],[-113.915571,47.384494,0.0],[-113.9161,47.384207,0.0],[-113.916376,47.384075,0.0],[-113.916521,47.384012,0.0],[-113.916642,47.383966,0.0],[-113.916747,47.383967,0.0],[-113.91679,47.384092,0.0],[-113.916779,47.384246,0.0],[-113.916844,47.384301,0.0],[-113.917055,47.384356,0.0],[-113.917251,47.384374,0.0],[-113.917411,47.384356,0.0],[-113.917636,47.384251,0.0],[-113.917862,47.384193,0.0],[-113.918154,47.384209,0.0],[-113.918475,47.384323,0.0],[-113.918653,47.384324,0.0],[-113.918942,47.384247,0.0],[-113.919186,47.384177,0.0],[-113.919661,47.384142,0.0],[-113.920081,47.384092,0.0],[-113.920455,47.384067,0.0],[-113.920907,47.384011,0.0],[-113.921332,47.383917,0.0],[-113.921623,47.38387,0.0],[-113.921859,47.383896,0.0],[-113.922246,47.383975,0.0],[-113.922534,47.384084,0.0],[-113.922706,47.384198,0.0],[-113.922793,47.384275,0.0],[-113.922754,47.384342,0.0],[-113.922681,47.384383,0.0],[-113.922599,47.384461,0.0],[-113.922594,47.384505,0.0],[-113.922739,47.384537,0.0],[-113.922883,47.384521,0.0],[-113.923019,47.384548,0.0],[-113.923076,47.384604,0.0],[-113.923019,47.384647,0.0],[-113.922779,47.384769,0.0],[-113.922583,47.384846,0.0],[-113.922439,47.384911,0.0],[-113.922327,47.384976,0.0],[-113.922213,47.384964,0.0],[-113.921971,47.384927,0.0],[-113.921698,47.38485,0.0],[-113.921447,47.384802,0.0],[-113.921319,47.384769,0.0],[-113.921173,47.384763,0.0],[-113.921066,47.38479,0.0],[-113.921082,47.384877,0.0],[-113.921485,47.385103,0.0],[-113.921799,47.385189,0.0],[-113.922187,47.385278,0.0],[-113.92248,47.385399,0.0],[-113.922788,47.385496,0.0],[-113.923141,47.385562,0.0],[-113.923417,47.385617,0.0],[-113.923591,47.38563,0.0],[-113.923722,47.385696,0.0],[-113.923762,47.385881,0.0],[-113.923827,47.386074,0.0],[-113.923915,47.386249,0.0],[-113.923924,47.386402,0.0],[-113.923938,47.386522,0.0],[-113.923948,47.386588,0.0],[-113.923924,47.386644,0.0],[-113.923803,47.386638,0.0],[-113.923745,47.386719,0.0],[-113.923708,47.386759,0.0],[-113.923579,47.386715,0.0],[-113.923438,47.386627,0.0],[-113.923272,47.386529,0.0],[-113.923126,47.386485,0.0],[-113.922922,47.386463,0.0],[-113.922594,47.386545,0.0],[-113.922302,47.386639,0.0],[-113.922057,47.386747,0.0],[-113.921671,47.38682,0.0],[-113.921414,47.386847,0.0],[-113.921156,47.386851,0.0],[-113.921008,47.386873,0.0],[-113.920975,47.386913,0.0],[-113.920938,47.387049,0.0],[-113.920774,47.387207,0.0],[-113.920597,47.387367,0.0],[-113.920394,47.387493,0.0],[-113.920297,47.387596,0.0],[-113.920251,47.387664,0.0],[-113.920297,47.387739,0.0],[-113.920493,47.387756,0.0],[-113.92067,47.387603,0.0],[-113.920824,47.387422,0.0],[-113.921033,47.387257,0.0],[-113.921245,47.387136,0.0],[-113.921468,47.387094,0.0],[-113.921762,47.387127,0.0],[-113.922115,47.387192,0.0],[-113.922357,47.387279,0.0],[-113.92244,47.387355,0.0],[-113.922448,47.387498,0.0],[-113.922444,47.387641,0.0],[-113.922414,47.387708,0.0],[-113.922238,47.387784,0.0],[-113.922076,47.387823,0.0],[-113.921899,47.387887,0.0],[-113.921837,47.387942,0.0],[-113.921913,47.388002,0.0],[-113.922204,47.388002,0.0],[-113.922634,47.388015,0.0],[-113.923061,47.388042,0.0],[-113.923357,47.388108,0.0],[-113.923554,47.388141,0.0],[-113.923651,47.388184,0.0],[-113.923618,47.388325,0.0],[-113.923518,47.38848,0.0],[-113.923381,47.388579,0.0],[-113.923141,47.388709,0.0],[-113.923027,47.388843,0.0],[-113.922962,47.38893,0.0],[-113.922851,47.389045,0.0],[-113.922663,47.38917,0.0],[-113.922534,47.389263,0.0],[-113.922412,47.389309,0.0],[-113.922229,47.389297,0.0],[-113.921818,47.38917,0.0],[-113.92155,47.389104,0.0],[-113.921364,47.389111,0.0],[-113.921171,47.389121,0.0],[-113.92096,47.389066,0.0],[-113.920751,47.388989,0.0],[-113.920429,47.388912,0.0],[-113.920202,47.388896,0.0],[-113.920038,47.388875,0.0],[-113.919831,47.388907,0.0],[-113.919651,47.389027,0.0],[-113.919595,47.389136,0.0],[-113.919586,47.389263,0.0],[-113.919667,47.389312,0.0],[-113.920152,47.389356,0.0],[-113.920507,47.389394,0.0],[-113.920845,47.389428,0.0],[-113.921072,47.389526,0.0],[-113.921298,47.389718,0.0],[-113.921427,47.38985,0.0],[-113.921559,47.389971,0.0],[-113.921689,47.390026,0.0],[-113.921896,47.390092,0.0],[-113.922108,47.390109,0.0],[-113.922342,47.390251,0.0],[-113.922452,47.390406,0.0],[-113.922487,47.390481,0.0],[-113.922453,47.3906,0.0],[-113.92243,47.390667,0.0],[-113.922243,47.390743,0.0],[-113.92205,47.390756,0.0],[-113.921912,47.390844,0.0],[-113.921797,47.391024,0.0],[-113.921711,47.391192,0.0],[-113.921532,47.39132,0.0],[-113.921292,47.391352,0.0],[-113.921121,47.391342,0.0],[-113.920952,47.391305,0.0],[-113.920855,47.391215,0.0],[-113.920716,47.391149,0.0],[-113.920554,47.391095,0.0],[-113.920441,47.391006,0.0],[-113.920361,47.390913,0.0],[-113.920316,47.39086,0.0],[-113.920168,47.390838,0.0],[-113.920056,47.390848,0.0],[-113.919925,47.390826,0.0],[-113.919837,47.39075,0.0],[-113.919637,47.390574,0.0],[-113.919514,47.390463,0.0],[-113.919352,47.390315,0.0],[-113.919232,47.390142,0.0],[-113.919166,47.389988,0.0],[-113.919137,47.389832,0.0],[-113.919118,47.389712,0.0],[-113.919073,47.389604,0.0],[-113.918999,47.389539,0.0],[-113.918901,47.389394,0.0],[-113.918805,47.389351,0.0],[-113.918612,47.389367,0.0],[-113.91845,47.389368,0.0],[-113.918326,47.389334,0.0],[-113.91811,47.389269,0.0],[-113.917842,47.389109,0.0],[-113.917563,47.388911,0.0],[-113.917359,47.388853,0.0],[-113.917116,47.388742,0.0],[-113.91702,47.38866,0.0],[-113.916957,47.388638,0.0],[-113.916893,47.3886,0.0],[-113.916761,47.38861,0.0],[-113.916667,47.388891,0.0],[-113.916674,47.389155,0.0],[-113.916787,47.389488,0.0],[-113.916954,47.389794,0.0],[-113.917084,47.39008,0.0],[-113.917125,47.390287,0.0],[-113.917079,47.390498,0.0],[-113.916971,47.390749,0.0],[-113.916876,47.390967,0.0],[-113.916827,47.391062,0.0],[-113.916738,47.391154,0.0],[-113.916566,47.391182,0.0],[-113.916413,47.391183,0.0],[-113.916277,47.39115,0.0],[-113.915995,47.391122,0.0],[-113.915866,47.391127,0.0],[-113.915754,47.39128,0.0],[-113.915688,47.391313,0.0],[-113.915592,47.391369,0.0],[-113.915428,47.391394,0.0],[-113.915398,47.391467,0.0],[-113.915422,47.391664,0.0],[-113.915501,47.391773,0.0],[-113.915583,47.391883,0.0],[-113.915712,47.391927,0.0],[-113.915808,47.391874,0.0],[-113.915961,47.391714,0.0],[-113.916109,47.391555,0.0],[-113.916316,47.391417,0.0],[-113.916496,47.391446,0.0],[-113.916722,47.391533,0.0],[-113.916865,47.391654,0.0],[-113.916994,47.391748,0.0],[-113.917182,47.391817,0.0],[-113.917311,47.391906,0.0],[-113.917358,47.391978,0.0],[-113.917349,47.392061,0.0],[-113.917165,47.392087,0.0],[-113.917053,47.392102,0.0],[-113.916924,47.392206,0.0],[-113.916851,47.392349,0.0],[-113.916719,47.392404,0.0],[-113.916479,47.392444,0.0],[-113.916219,47.392426,0.0],[-113.916027,47.392409,0.0],[-113.91585,47.392366,0.0],[-113.915689,47.392323,0.0],[-113.915478,47.392268,0.0]]]}},{"type":"Feature","properties":{"rgi_id":"RGI2000-v7.0-G-02-18186","o1region":"02"},"geometry":{"type":"Polygon","coordinates":[[[-113.929455,47.385592,0.0],[-113.929238,47.38556,0.0],[-113.929036,47.385471,0.0],[-113.928832,47.385394,0.0],[-113.928639,47.385317,0.0],[-113.928559,47.385273,0.0],[-113.928476,47.385257,0.0],[-113.928412,47.385213,0.0],[-113.928381,47.385137,0.0],[-113.928363,47.385058,0.0],[-113.928422,47.384949,0.0],[-113.928654,47.384731,0.0],[-113.928848,47.384583,0.0],[-113.929058,47.384496,0.0],[-113.92922,47.384396,0.0],[-113.929357,47.384248,0.0],[-113.929428,47.384138,0.0],[-113.929439,47.384071,0.0],[-113.929438,47.384011,0.0],[-113.929384,47.383947,0.0],[-113.92923,47.383898,0.0],[-113.928986,47.383881,0.0],[-113.928726,47.383869,0.0],[-113.928419,47.383875,0.0],[-113.928124,47.383865,0.0],[-113.927774,47.383848,0.0],[-113.927437,47.383782,0.0],[-113.927195,47.383737,0.0],[-113.927025,47.383732,0.0],[-113.926872,47.383744,0.0],[-113.926822,47.383776,0.0],[-113.926742,47.383974,0.0],[-113.926639,47.384093,0.0],[-113.926509,47.384225,0.0],[-113.926266,47.384363,0.0],[-113.926017,47.384384,0.0],[-113.925831,47.384337,0.0],[-113.925669,47.384241,0.0],[-113.925514,47.384083,0.0],[-113.925378,47.383912,0.0],[-113.925233,47.383819,0.0],[-113.925064,47.383732,0.0],[-113.924968,47.383601,0.0],[-113.924861,47.383436,0.0],[-113.924691,47.383201,0.0],[-113.924589,47.383043,0.0],[-113.92449,47.382926,0.0],[-113.924377,47.382785,0.0],[-113.924298,47.382713,0.0],[-113.924247,47.382597,0.0],[-113.924247,47.382543,0.0],[-113.924352,47.382396,0.0],[-113.924643,47.382302,0.0],[-113.92508,47.382208,0.0],[-113.925499,47.382147,0.0],[-113.925944,47.3821,0.0],[-113.926323,47.382093,0.0],[-113.926653,47.382023,0.0],[-113.926865,47.382044,0.0],[-113.927026,47.382082,0.0],[-113.927268,47.382174,0.0],[-113.927549,47.382199,0.0],[-113.927911,47.382226,0.0],[-113.928243,47.382229,0.0],[-113.928503,47.382285,0.0],[-113.928825,47.382418,0.0],[-113.929114,47.382588,0.0],[-113.929333,47.382774,0.0],[-113.929478,47.382917,0.0],[-113.929543,47.383016,0.0],[-113.92956,47.38307,0.0],[-113.92951,47.383152,0.0],[-113.929534,47.383194,0.0],[-113.929614,47.383238,0.0],[-113.930011,47.383338,0.0],[-113.93044,47.383442,0.0],[-113.930754,47.383564,0.0],[-113.930914,47.383684,0.0],[-113.931111,47.383912,0.0],[-113.931255,47.384181,0.0],[-113.931473,47.384642,0.0],[-113.931538,47.384796,0.0],[-113.931538,47.384939,0.0],[-113.931488,47.384971,0.0],[-113.931406,47.385005,0.0],[-113.931384,47.385126,0.0],[-113.93135,47.385246,0.0],[-113.931271,47.385312,0.0],[-113.931091,47.385344,0.0],[-113.930963,47.385448,0.0],[-113.9309,47.385568,0.0],[-113.930861,47.385625,0.0],[-113.930746,47.385657,0.0],[-113.930502,47.385636,0.0],[-113.93031,47.385619,0.0],[-113.930052,47.385629,0.0],[-113.929746,47.385641,0.0],[-113.929455,47.385592,0.0]]]}},{"type":"Feature","properties":{"rgi_id":"RGI2000-v7.0-G-02-18187","o1region":"02"},"geometry":{"type":"Polygon","coordinates":[[[-113.941958,47.36499,0.0],[-113.941926,47.364799,0.0],[-113.941931,47.364628,0.0],[-113.941997,47.364458,0.0],[-113.942046,47.364129,0.0],[-113.941979,47.363915,0.0],[-113.941883,47.363686,0.0],[-113.941917,47.363566,0.0],[-113.942072,47.363483,0.0],[-113.942331,47.363435,0.0],[-113.942657,47.363383,0.0],[-113.94311,47.363379,0.0],[-113.943371,47.363451,0.0],[-113.943537,47.363604,0.0],[-113.943619,47.363708,0.0],[-113.943714,47.363976,0.0],[-113.943757,47.364383,0.0],[-113.943888,47.364963,0.0],[-113.943896,47.365199,0.0],[-113.94375,47.365386,0.0],[-113.943532,47.365584,0.0],[-113.943208,47.365709,0.0],[-113.943029,47.365747,0.0],[-113.942562,47.365771,0.0],[-113.942343,47.365713,0.0],[-113.942199,47.365631,0.0],[-113.942088,47.365523,0.0],[-113.942016,47.365287,0.0],[-113.941998,47.365079,0.0],[-113.941958,47.36499,0.0]]]}}]}
