{"type":"FeatureCollection","features":[{"type":"Feature","properties":{"rgi_id":"RGI2000-v7.0-G-14-24417","o1region":"14"},"geometry":{"type":"Polygon","coordinates":[[[73.14965,34.972494,0.0],[73.149652,34.972401,0.0],[73.149772,34.972034,0.0],[73.149837,34.971667,0.0],[73.149846,34.971252,0.0],[73.149854,34.970883,0.0],[73.149694,34.970512,0.0],[73.149249,34.970413,0.0],[73.1488,34.970452,0.0],[73.148402,34.970676,0.0],[73.14806,34.970948,0.0],[73.147717,34.971265,0.0],[73.147429,34.97163,0.0],[73.147086,34.971901,0.0],[73.146799,34.97222,0.0],[73.147186,34.972456,0.0],[73.147582,34.972278,0.0],[73.147978,34.972099,0.0],[73.148426,34.972106,0.0],[73.148474,34.972476,0.0],[73.14965,34.972494,0.0]]]}},{"type":"Feature","properties":{"rgi_id":"RGI2000-v7.0-G-14-24418","o1region":"14"},"geometry":{"type":"Polygon","coordinates":[[[73.154845,34.970636,0.0],[73.154789,34.970635,0.0],[73.154742,34.97022,0.0],[73.154639,34.969849,0.0],[73.154479,34.969478,0.0],[73.154034,34.969333,0.0],[73.153583,34.969464,0.0],[73.153352,34.969783,0.0],[73.153344,34.970152,0.0],[73.153616,34.970479,0.0],[73.154059,34.970716,0.0],[73.154389,34.970998,0.0],[73.154845,34.970636,0.0]]]}},{"type":"Feature","properties":{"rgi_id":"RGI2000-v7.0-G-14-24419","o1region":"14"},"geometry":{"type":"Polygon","coordinates":[[[73.170644,34.950079,0.0],[73.170157,34.950249,0.0],[73.169555,34.950436,0.0],[73.169134,34.950578,0.0],[73.16866,34.950423,0.0],[73.168245,34.950269,0.0],[73.167769,34.950164,0.0],[73.167406,34.950404,0.0],[73.167577,34.950751,0.0],[73.167929,34.951051,0.0],[73.168221,34.951351,0.0],[73.168698,34.951407,0.0],[73.169177,34.951316,0.0],[73.169601,34.951077,0.0],[73.170024,34.950837,0.0],[73.170644,34.950079,0.0]]]}},{"type":"Feature","properties":{"rgi_id":"RGI2000-v7.0-G-14-24420","o1region":"14"},"geometry":{"type":"Polygon","coordinates":[[[73.175909,34.949715,0.0],[73.176057,34.950076,0.0],[73.176174,34.950437,0.0],[73.176352,34.950798,0.0],[73.176531,34.95116,0.0],[73.176773,34.951471,0.0],[73.177142,34.951707,0.0],[73.177607,34.951765,0.0],[73.177924,34.951514,0.0],[73.177933,34.95113,0.0],[73.177879,34.950744,0.0],[73.177794,34.950384,0.0],[73.177677,34.950024,0.0],[73.17756,34.949663,0.0],[73.177012,34.949117,0.0],[73.176919,34.949115,0.0],[73.176548,34.948955,0.0],[73.176101,34.948875,0.0],[73.175701,34.948721,0.0],[73.175255,34.948641,0.0],[73.174807,34.948634,0.0],[73.174312,34.948737,0.0],[73.173864,34.948768,0.0],[73.173457,34.948909,0.0],[73.173006,34.94905,0.0],[73.172731,34.949341,0.0],[73.172544,34.94967,0.0],[73.173082,34.949678,0.0],[73.17353,34.949685,0.0],[73.173978,34.949692,0.0],[73.174516,34.949663,0.0],[73.174964,34.949633,0.0],[73.175504,34.949567,0.0],[73.17595,34.949607,0.0],[73.175909,34.949715,0.0]]]}},{"type":"Feature","properties":{"rgi_id":"RGI2000-v7.0-G-14-24421","o1region":"14"},"geometry":{"type":"Polygon","coordinates":[[[73.18018,34.950195,0.0],[73.180181,34.950149,0.0],[73.180413,34.949784,0.0],[73.180644,34.949464,0.0],[73.180931,34.949146,0.0],[73.181218,34.948827,0.0],[73.181449,34.948508,0.0],[73.181625,34.948142,0.0],[73.181745,34.947775,0.0],[73.181865,34.947408,0.0],[73.181929,34.94704,0.0],[73.181483,34.946987,0.0],[73.181087,34.947166,0.0],[73.180855,34.947531,0.0],[73.180623,34.94785,0.0],[73.180447,34.948216,0.0],[73.18016,34.948535,0.0],[73.179984,34.948901,0.0],[73.179976,34.94927,0.0],[73.179968,34.949639,0.0],[73.18018,34.950195,0.0]]]}},{"type":"Feature","properties":{"rgi_id":"RGI2000-v7.0-G-14-24422","o1region":"14"},"geometry":{"type":"Polygon","coordinates":[[[73.187601,34.948371,0.0],[73.187603,34.948297,0.0],[73.187523,34.947853,0.0],[73.187487,34.947484,0.0],[73.187405,34.947114,0.0],[73.187235,34.946705,0.0],[73.187109,34.946298,0.0],[73.187029,34.945891,0.0],[73.187037,34.945522,0.0],[73.187046,34.945116,0.0],[73.187054,34.944748,0.0],[73.186928,34.944377,0.0],[73.18662,34.944114,0.0],[73.186172,34.944107,0.0],[73.185723,34.944138,0.0],[73.185274,34.944205,0.0],[73.184826,34.944198,0.0],[73.184199,34.944189,0.0],[73.183707,34.944181,0.0],[73.183259,34.944175,0.0],[73.183115,34.944578,0.0],[73.182929,34.944907,0.0],[73.182876,34.945275,0.0],[73.182913,34.945645,0.0],[73.183312,34.945798,0.0],[73.183764,34.945621,0.0],[73.184214,34.945554,0.0],[73.184752,34.945525,0.0],[73.185152,34.945678,0.0],[73.185552,34.945832,0.0],[73.18586,34.946095,0.0],[73.185986,34.946465,0.0],[73.185978,34.946834,0.0],[73.186014,34.947204,0.0],[73.186096,34.947574,0.0],[73.186267,34.947945,0.0],[73.186619,34.948246,0.0],[73.187018,34.948436,0.0],[73.187416,34.948663,0.0],[73.187601,34.948371,0.0]]]}},{"type":"Feature","properties":{"rgi_id":"RGI2000-v7.0-G-14-24423","o1region":"14"},"geometry":{"type":"Polygon","coordinates":[[[73.189039,34.945811,0.0],[73.188906,34.946193,0.0],[73.189084,34.946555,0.0],[73.189358,34.946841,0.0],[73.189696,34.947076,0.0],[73.190096,34.947287,0.0],[73.190464,34.947498,0.0],[73.19077,34.947759,0.0],[73.190981,34.948095,0.0],[73.191414,34.948204,0.0],[73.191441,34.948102,0.0],[73.191861,34.948213,0.0],[73.191959,34.947846,0.0],[73.191877,34.947476,0.0],[73.191796,34.947105,0.0],[73.191624,34.946771,0.0],[73.191498,34.9464,0.0],[73.191281,34.946065,0.0],[73.191109,34.94573,0.0],[73.190937,34.945396,0.0],[73.190537,34.945242,0.0],[73.190505,34.945236,0.0],[73.19045,34.94513,0.0],[73.190051,34.94494,0.0],[73.189603,34.944933,0.0],[73.189284,34.945187,0.0],[73.189276,34.945556,0.0],[73.189239,34.945814,0.0],[73.189039,34.945811,0.0]]]}},{"type":"Feature","properties":{"rgi_id":"RGI2000-v7.0-G-14-24424","o1region":"14"},"geometry":{"type":"Polygon","coordinates":[[[73.191924,34.950924,0.0],[73.191868,34.950923,0.0],[73.191538,34.950642,0.0],[73.191378,34.95027,0.0],[73.191276,34.949854,0.0],[73.191172,34.949483,0.0],[73.190726,34.949384,0.0],[73.190276,34.94947,0.0],[73.189824,34.949648,0.0],[73.189648,34.950014,0.0],[73.189528,34.950381,0.0],[73.189801,34.950708,0.0],[73.190248,34.950761,0.0],[73.190296,34.95113,0.0],[73.190512,34.951456,0.0],[73.191924,34.950924,0.0]]]}},{"type":"Feature","properties":{"rgi_id":"RGI2000-v7.0-G-14-24425","o1region":"14"},"geometry":{"type":"Polygon","coordinates":[[[73.192974,34.946613,0.0],[73.193036,34.94666,0.0],[73.193011,34.946828,0.0],[73.193003,34.947197,0.0],[73.193129,34.947605,0.0],[73.193254,34.948012,0.0],[73.19329,34.948419,0.0],[73.193462,34.948753,0.0],[73.193955,34.948724,0.0],[73.194404,34.948694,0.0],[73.194852,34.9487,0.0],[73.1953,34.948707,0.0],[73.195837,34.948715,0.0],[73.196284,34.948758,0.0],[73.196547,34.949057,0.0],[73.196854,34.949357,0.0],[73.19707,34.949692,0.0],[73.197242,34.950027,0.0],[73.197782,34.949924,0.0],[73.198233,34.949783,0.0],[73.198682,34.949753,0.0],[73.199089,34.949575,0.0],[73.199364,34.949284,0.0],[73.199192,34.948949,0.0],[73.19902,34.948615,0.0],[73.198759,34.948279,0.0],[73.198587,34.947944,0.0],[73.198367,34.947694,0.0],[73.198399,34.947667,0.0],[73.198407,34.947283,0.0],[73.198259,34.946922,0.0],[73.198017,34.946611,0.0],[73.197932,34.946251,0.0],[73.197721,34.945914,0.0],[73.197479,34.945577,0.0],[73.197079,34.945392,0.0],[73.196646,34.945257,0.0],[73.196181,34.945148,0.0],[73.195844,34.944912,0.0],[73.195476,34.944676,0.0],[73.19501,34.944644,0.0],[73.194512,34.944636,0.0],[73.194044,34.944681,0.0],[73.193606,34.944777,0.0],[73.193228,34.944976,0.0],[73.192941,34.945279,0.0],[73.192655,34.945557,0.0],[73.192647,34.945941,0.0],[73.192732,34.946301,0.0],[73.192974,34.946613,0.0]]]}},{"type":"Feature","properties":{"rgi_id":"RGI2000-v7.0-G-14-24426","o1region":"14"},"geometry":{"type":"Polygon","coordinates":[[[73.199595,34.942832,0.0],[73.19955,34.942831,0.0],[73.199102,34.942824,0.0],[73.198655,34.942781,0.0],[73.19821,34.942664,0.0],[73.197891,34.942917,0.0],[73.197838,34.943285,0.0],[73.19783,34.943654,0.0],[73.197822,34.944023,0.0],[73.197769,34.944391,0.0],[73.19785,34.944761,0.0],[73.198297,34.944804,0.0],[73.198661,34.944552,0.0],[73.198936,34.944261,0.0],[73.199212,34.943969,0.0],[73.199398,34.94364,0.0],[73.199595,34.942832,0.0]]]}},{"type":"Feature","properties":{"rgi_id":"RGI2000-v7.0-G-14-24427","o1region":"14"},"geometry":{"type":"Polygon","coordinates":[[[73.203559,34.945952,0.0],[73.203559,34.945915,0.0],[73.203343,34.94558,0.0],[73.203216,34.945209,0.0],[73.203224,34.94484,0.0],[73.203367,34.944474,0.0],[73.203553,34.944144,0.0],[73.203742,34.943705,0.0],[73.203751,34.943299,0.0],[73.203534,34.942964,0.0],[73.203272,34.942665,0.0],[73.202826,34.942584,0.0],[73.202375,34.942725,0.0],[73.202188,34.943054,0.0],[73.202091,34.943422,0.0],[73.202263,34.943756,0.0],[73.202299,34.944126,0.0],[73.202202,34.944493,0.0],[73.202103,34.944898,0.0],[73.20205,34.945266,0.0],[73.202221,34.945637,0.0],[73.202484,34.945936,0.0],[73.202792,34.946199,0.0],[73.203559,34.945952,0.0]]]}},{"type":"Feature","properties":{"rgi_id":"RGI2000-v7.0-G-14-24428","o1region":"14"},"geometry":{"type":"Polygon","coordinates":[[[73.209249,34.94295,0.0],[73.20925,34.942913,0.0],[73.209258,34.942544,0.0],[73.209266,34.942175,0.0],[73.209185,34.941768,0.0],[73.209058,34.941398,0.0],[73.208609,34.941465,0.0],[73.208113,34.941605,0.0],[73.207971,34.941972,0.0],[73.208008,34.942341,0.0],[73.208089,34.942711,0.0],[73.209249,34.94295,0.0]]]}},{"type":"Feature","properties":{"rgi_id":"RGI2000-v7.0-G-14-24429","o1region":"14"},"geometry":{"type":"Polygon","coordinates":[[[73.210224,34.937964,0.0],[73.210362,34.937998,0.0],[73.21036,34.938085,0.0],[73.210352,34.938453,0.0],[73.210343,34.938859,0.0],[73.210425,34.939229,0.0],[73.210506,34.939599,0.0],[73.210633,34.93997,0.0],[73.210804,34.940341,0.0],[73.21125,34.940422,0.0],[73.211437,34.940056,0.0],[73.211535,34.939651,0.0],[73.211679,34.939248,0.0],[73.211821,34.938881,0.0],[73.211829,34.938512,0.0],[73.211657,34.938177,0.0],[73.211523,34.937886,0.0],[73.211486,34.937806,0.0],[73.211405,34.937399,0.0],[73.211413,34.93703,0.0],[73.211387,34.936767,0.0],[73.211278,34.936697,0.0],[73.210846,34.936537,0.0],[73.210509,34.936302,0.0],[73.210108,34.936116,0.0],[73.209674,34.936059,0.0],[73.209207,34.936052,0.0],[73.208799,34.9362,0.0],[73.208482,34.936451,0.0],[73.208505,34.936836,0.0],[73.208684,34.937198,0.0],[73.208958,34.937483,0.0],[73.209359,34.937669,0.0],[73.20976,34.937829,0.0],[73.210224,34.937964,0.0]]]}},{"type":"Feature","properties":{"rgi_id":"RGI2000-v7.0-G-14-24430","o1region":"14"},"geometry":{"type":"Polygon","coordinates":[[[73.21471,34.93763,0.0],[73.214883,34.93781,0.0],[73.214974,34.938079,0.0],[73.215191,34.938414,0.0],[73.215589,34.938641,0.0],[73.215996,34.938463,0.0],[73.216271,34.938172,0.0],[73.216502,34.937843,0.0],[73.216777,34.937552,0.0],[73.217141,34.937299,0.0],[73.217283,34.936932,0.0],[73.216884,34.936779,0.0],[73.216445,34.936663,0.0],[73.216014,34.936316,0.0],[73.215983,34.936316,0.0],[73.215646,34.93608,0.0],[73.215277,34.93587,0.0],[73.21481,34.935863,0.0],[73.214462,34.93614,0.0],[73.214423,34.936524,0.0],[73.214476,34.936909,0.0],[73.214531,34.937269,0.0],[73.21471,34.93763,0.0]]]}},{"type":"Feature","properties":{"rgi_id":"RGI2000-v7.0-G-14-24431","o1region":"14"},"geometry":{"type":"Polygon","coordinates":[[[73.218832,34.936751,0.0],[73.218888,34.936752,0.0],[73.219175,34.936433,0.0],[73.219572,34.936208,0.0],[73.219859,34.93589,0.0],[73.219979,34.935523,0.0],[73.219875,34.935152,0.0],[73.21943,34.935007,0.0],[73.218983,34.934955,0.0],[73.218534,34.934994,0.0],[73.218029,34.935079,0.0],[73.217682,34.935581,0.0],[73.217674,34.93595,0.0],[73.217666,34.936319,0.0],[73.217826,34.93669,0.0],[73.218832,34.936751,0.0]]]}},{"type":"Feature","properties":{"rgi_id":"RGI2000-v7.0-G-14-24432","o1region":"14"},"geometry":{"type":"Polygon","coordinates":[[[73.226527,34.943878,0.0],[73.226442,34.943518,0.0],[73.226005,34.943563,0.0],[73.225538,34.943556,0.0],[73.225071,34.943574,0.0],[73.224632,34.943696,0.0],[73.224255,34.943896,0.0],[73.22403,34.944226,0.0],[73.224021,34.94461,0.0],[73.224455,34.944719,0.0],[73.224892,34.944648,0.0],[73.22527,34.944449,0.0],[73.225709,34.944301,0.0],[73.226149,34.944103,0.0],[73.226527,34.943903,0.0],[73.226527,34.943878,0.0]]]}},{"type":"Feature","properties":{"rgi_id":"RGI2000-v7.0-G-14-24433","o1region":"14"},"geometry":{"type":"Polygon","coordinates":[[[73.229233,34.946865,0.0],[73.229701,34.946846,0.0],[73.23023,34.946854,0.0],[73.230725,34.946989,0.0],[73.231158,34.947124,0.0],[73.231591,34.947258,0.0],[73.232023,34.947444,0.0],[73.232484,34.947681,0.0],[73.232916,34.947867,0.0],[73.233222,34.948128,0.0],[73.233623,34.948313,0.0],[73.234024,34.948472,0.0],[73.234487,34.948659,0.0],[73.234518,34.948659,0.0],[73.234622,34.948148,0.0],[73.234537,34.947788,0.0],[73.234231,34.947527,0.0],[73.23383,34.947367,0.0],[73.233397,34.947233,0.0],[73.232996,34.947048,0.0],[73.232627,34.946837,0.0],[73.23229,34.946602,0.0],[73.231857,34.946467,0.0],[73.231455,34.946308,0.0],[73.231054,34.946148,0.0],[73.230653,34.945988,0.0],[73.230188,34.945879,0.0],[73.229724,34.94577,0.0],[73.229289,34.945712,0.0],[73.228856,34.945603,0.0],[73.228391,34.945494,0.0],[73.227957,34.945436,0.0],[73.22749,34.94543,0.0],[73.227022,34.945474,0.0],[73.226614,34.945648,0.0],[73.226668,34.946007,0.0],[73.226879,34.946343,0.0],[73.227185,34.946604,0.0],[73.227459,34.94689,0.0],[73.227893,34.946948,0.0],[73.22836,34.946955,0.0],[73.228797,34.94691,0.0],[73.229233,34.946865,0.0]]]}},{"type":"Feature","properties":{"rgi_id":"RGI2000-v7.0-G-14-24434","o1region":"14"},"geometry":{"type":"Polygon","coordinates":[[[73.233633,34.92063,0.0],[73.23342,34.920412,0.0],[73.233189,34.920065,0.0],[73.232774,34.919911,0.0],[73.232296,34.919953,0.0],[73.231817,34.919996,0.0],[73.231341,34.919939,0.0],[73.230805,34.919833,0.0],[73.230268,34.919825,0.0],[73.229915,34.919574,0.0],[73.229439,34.919518,0.0],[73.229018,34.91966,0.0],[73.22877,34.92005,0.0],[73.228407,34.92029,0.0],[73.228638,34.920638,0.0],[73.22887,34.920985,0.0],[73.22928,34.921336,0.0],[73.229571,34.921684,0.0],[73.229668,34.921755,0.0],[73.229828,34.922136,0.0],[73.229986,34.922503,0.0],[73.230144,34.92287,0.0],[73.230414,34.923192,0.0],[73.230684,34.923515,0.0],[73.231064,34.92384,0.0],[73.23139,34.924118,0.0],[73.231716,34.924396,0.0],[73.232042,34.924674,0.0],[73.232368,34.924952,0.0],[73.232748,34.925277,0.0],[73.233243,34.925421,0.0],[73.233687,34.925382,0.0],[73.233886,34.925269,0.0],[73.233918,34.925043,0.0],[73.233927,34.92465,0.0],[73.234055,34.924258,0.0],[73.234063,34.923865,0.0],[73.234191,34.923473,0.0],[73.234616,34.923135,0.0],[73.234711,34.923072,0.0],[73.234856,34.923089,0.0],[73.235331,34.923194,0.0],[73.235695,34.922954,0.0],[73.235881,34.922612,0.0],[73.23571,34.922265,0.0],[73.235599,34.92187,0.0],[73.235427,34.921524,0.0],[73.235316,34.921128,0.0],[73.235145,34.920733,0.0],[73.235094,34.920338,0.0],[73.235104,34.919896,0.0],[73.234993,34.919501,0.0],[73.234569,34.91974,0.0],[73.234263,34.920129,0.0],[73.233898,34.920419,0.0],[73.233633,34.92063,0.0]]]}},{"type":"Feature","properties":{"rgi_id":"RGI2000-v7.0-G-14-24435","o1region":"14"},"geometry":{"type":"Polygon","coordinates":[[[73.230096,34.909382,0.0],[73.229948,34.909689,0.0],[73.229762,34.91003,0.0],[73.229515,34.91042,0.0],[73.229327,34.910811,0.0],[73.229081,34.911152,0.0],[73.228835,34.911492,0.0],[73.228589,34.911833,0.0],[73.228328,34.912164,0.0],[73.228324,34.912317,0.0],[73.228316,34.912681,0.0],[73.228309,34.913046,0.0],[73.228301,34.91341,0.0],[73.228127,34.913772,0.0],[73.228073,34.913832,0.0],[73.228118,34.914285,0.0],[73.228166,34.914827,0.0],[73.228157,34.91527,0.0],[73.228208,34.915664,0.0],[73.228319,34.916059,0.0],[73.228609,34.916457,0.0],[73.228901,34.916756,0.0],[73.229315,34.916959,0.0],[73.229786,34.917261,0.0],[73.230201,34.917414,0.0],[73.230265,34.917415,0.0],[73.23021,34.91722,0.0],[73.230218,34.916856,0.0],[73.230282,34.916447,0.0],[73.230566,34.916132,0.0],[73.230903,34.915863,0.0],[73.231077,34.915501,0.0],[73.231085,34.915137,0.0],[73.231093,34.914772,0.0],[73.23099,34.914406,0.0],[73.230942,34.914041,0.0],[73.230895,34.913676,0.0],[73.230903,34.913312,0.0],[73.230911,34.912947,0.0],[73.231029,34.912584,0.0],[73.231258,34.912223,0.0],[73.231321,34.911859,0.0],[73.231384,34.911496,0.0],[73.231392,34.911131,0.0],[73.231234,34.910765,0.0],[73.23102,34.910443,0.0],[73.230694,34.910164,0.0],[73.230479,34.909842,0.0],[73.230154,34.909519,0.0],[73.230096,34.909382,0.0]]]}},{"type":"Feature","properties":{"rgi_id":"RGI2000-v7.0-G-14-24436","o1region":"14"},"geometry":{"type":"Polygon","coordinates":[[[73.245582,34.926983,0.0],[73.245581,34.927032,0.0],[73.2457,34.927034,0.0],[73.246176,34.927139,0.0],[73.246652,34.927195,0.0],[73.247067,34.927348,0.0],[73.247125,34.927384,0.0],[73.24748,34.9276,0.0],[73.247893,34.927803,0.0],[73.248245,34.928103,0.0],[73.248538,34.928402,0.0],[73.24889,34.928703,0.0],[73.249313,34.928463,0.0],[73.249322,34.92802,0.0],[73.249271,34.927626,0.0],[73.249101,34.927181,0.0],[73.249029,34.926926,0.0],[73.249148,34.92679,0.0],[73.249156,34.926426,0.0],[73.249163,34.926061,0.0],[73.249171,34.925697,0.0],[73.249179,34.925333,0.0],[73.249187,34.924968,0.0],[73.249194,34.924604,0.0],[73.249202,34.924239,0.0],[73.24921,34.923875,0.0],[73.249217,34.92351,0.0],[73.249225,34.923146,0.0],[73.249233,34.922782,0.0],[73.249185,34.922416,0.0],[73.248916,34.922094,0.0],[73.248646,34.921771,0.0],[73.248264,34.921537,0.0],[73.247819,34.921622,0.0],[73.247715,34.921669,0.0],[73.247659,34.921996,0.0],[73.247471,34.922387,0.0],[73.247165,34.922726,0.0],[73.246801,34.923016,0.0],[73.246496,34.923307,0.0],[73.24625,34.923648,0.0],[73.246064,34.923989,0.0],[73.245713,34.92364,0.0],[73.245422,34.923291,0.0],[73.24519,34.922944,0.0],[73.244898,34.922644,0.0],[73.244764,34.922374,0.0],[73.244726,34.922298,0.0],[73.244615,34.921903,0.0],[73.244443,34.921556,0.0],[73.244151,34.921256,0.0],[73.243739,34.921005,0.0],[73.243202,34.920948,0.0],[73.242546,34.920938,0.0],[73.242287,34.920934,0.0],[73.24201,34.920832,0.0],[73.241534,34.920776,0.0],[73.241056,34.920769,0.0],[73.240644,34.920517,0.0],[73.240169,34.920363,0.0],[73.239756,34.92016,0.0],[73.239279,34.920104,0.0],[73.238802,34.920097,0.0],[73.238319,34.920336,0.0],[73.238251,34.920728,0.0],[73.238301,34.921172,0.0],[73.238291,34.921614,0.0],[73.238354,34.921838,0.0],[73.238352,34.921941,0.0],[73.238344,34.922305,0.0],[73.238447,34.922671,0.0],[73.238717,34.922994,0.0],[73.239098,34.923273,0.0],[73.239479,34.923598,0.0],[73.239861,34.923831,0.0],[73.240243,34.924064,0.0],[73.240569,34.924342,0.0],[73.240839,34.924665,0.0],[73.241109,34.924988,0.0],[73.241252,34.92511,0.0],[73.241441,34.925152,0.0],[73.241916,34.925257,0.0],[73.24233,34.92546,0.0],[73.242621,34.925809,0.0],[73.242694,34.926067,0.0],[73.242732,34.926204,0.0],[73.242783,34.926598,0.0],[73.243075,34.926897,0.0],[73.243188,34.926922,0.0],[73.244078,34.926922,0.0],[73.244108,34.926898,0.0],[73.244212,34.926815,0.0],[73.244575,34.926575,0.0],[73.24488,34.926284,0.0],[73.245359,34.926242,0.0],[73.245531,34.926588,0.0],[73.245582,34.926983,0.0]]]}},{"type":"Feature","properties":{"rgi_id":"RGI2000-v7.0-G-14-24437","o1region":"14"},"geometry":{"type":"Polygon","coordinates":[[[73.252032,34.962808,0.0],[73.252024,34.963192,0.0],[73.252015,34.963577,0.0],[73.252007,34.963961,0.0],[73.252093,34.964321,0.0],[73.25221,34.964682,0.0],[73.252296,34.965042,0.0],[73.25235,34.965401,0.0],[73.252436,34.965761,0.0],[73.252553,34.966122,0.0],[73.2527,34.966508,0.0],[73.252975,34.966794,0.0],[73.253216,34.967131,0.0],[73.253302,34.967517,0.0],[73.253387,34.967877,0.0],[73.25341,34.968262,0.0],[73.253402,34.968646,0.0],[73.253457,34.969006,0.0],[73.253543,34.969366,0.0],[73.25366,34.969726,0.0],[73.253776,34.970087,0.0],[73.25421,34.970195,0.0],[73.254647,34.97015,0.0],[73.255085,34.970029,0.0],[73.255495,34.969804,0.0],[73.255935,34.969605,0.0],[73.255936,34.969579,0.0],[73.256111,34.968634,0.0],[73.25612,34.968249,0.0],[73.256159,34.96784,0.0],[73.256168,34.967455,0.0],[73.256269,34.967098,0.0],[73.256401,34.966741,0.0],[73.25644,34.966357,0.0],[73.256448,34.965973,0.0],[73.256393,34.965613,0.0],[73.25637,34.965228,0.0],[73.256379,34.964844,0.0],[73.256262,34.964484,0.0],[73.255988,34.964198,0.0],[73.25565,34.963962,0.0],[73.255218,34.963802,0.0],[73.254816,34.963643,0.0],[73.254542,34.963357,0.0],[73.254205,34.963096,0.0],[73.253836,34.96286,0.0],[73.253562,34.962574,0.0],[73.253383,34.962238,0.0],[73.253266,34.961877,0.0],[73.252928,34.961642,0.0],[73.252459,34.961763,0.0],[73.252203,34.962093,0.0],[73.252102,34.96245,0.0],[73.252032,34.962808,0.0]]]}},{"type":"Feature","properties":{"rgi_id":"RGI2000-v7.0-G-14-24438","o1region":"14"},"geometry":{"type":"Polygon","coordinates":[[[73.259721,34.970223,0.0],[73.259917,34.96979,0.0],[73.259769,34.969429,0.0],[73.259714,34.96907,0.0],[73.259534,34.968734,0.0],[73.259165,34.968524,0.0],[73.258849,34.968775,0.0],[73.258624,34.969105,0.0],[73.258709,34.969465,0.0],[73.259015,34.969726,0.0],[73.259289,34.970012,0.0],[73.25969,34.970223,0.0],[73.259721,34.970223,0.0]]]}},{"type":"Feature","properties":{"rgi_id":"RGI2000-v7.0-G-14-24439","o1region":"14"},"geometry":{"type":"Polygon","coordinates":[[[73.264834,34.966486,0.0],[73.263768,34.965856,0.0],[73.263726,34.965855,0.0],[73.263442,34.965543,0.0],[73.263032,34.965298,0.0],[73.262705,34.965054,0.0],[73.262293,34.964912,0.0],[73.261834,34.965008,0.0],[73.261416,34.965173,0.0],[73.261407,34.965583,0.0],[73.261399,34.965958,0.0],[73.261433,34.966335,0.0],[73.261591,34.966713,0.0],[73.261875,34.96699,0.0],[73.26216,34.967268,0.0],[73.262403,34.967579,0.0],[73.262687,34.967856,0.0],[73.26293,34.968167,0.0],[73.263214,34.968479,0.0],[73.263456,34.96879,0.0],[73.263615,34.969134,0.0],[73.263732,34.969512,0.0],[73.263891,34.969856,0.0],[73.264245,34.970749,0.0],[73.264244,34.970818,0.0],[73.264195,34.971193,0.0],[73.264187,34.971569,0.0],[73.264179,34.971945,0.0],[73.264338,34.972289,0.0],[73.264496,34.972633,0.0],[73.26478,34.972944,0.0],[73.265236,34.972985,0.0],[73.265697,34.972787,0.0],[73.265993,34.972517,0.0],[73.266292,34.972146,0.0],[73.266507,34.971807,0.0],[73.26668,34.971468,0.0],[73.266812,34.971094,0.0],[73.26682,34.970718,0.0],[73.26687,34.970343,0.0],[73.266878,34.969967,0.0],[73.266885,34.969591,0.0],[73.266893,34.969215,0.0],[73.266901,34.968839,0.0],[73.266826,34.968462,0.0],[73.266667,34.968118,0.0],[73.266509,34.967774,0.0],[73.266225,34.967463,0.0],[73.265898,34.967185,0.0],[73.265571,34.966941,0.0],[73.265203,34.966696,0.0],[73.264834,34.966486,0.0]]]}},{"type":"Feature","properties":{"rgi_id":"RGI2000-v7.0-G-14-24440","o1region":"14"},"geometry":{"type":"Polygon","coordinates":[[[73.274491,34.97057,0.0],[73.274417,34.970507,0.0],[73.274049,34.970256,0.0],[73.273606,34.970004,0.0],[73.273162,34.969813,0.0],[73.272638,34.969867,0.0],[73.272116,34.96986,0.0],[73.271592,34.969914,0.0],[73.271141,34.97003,0.0],[73.270836,34.970333,0.0],[73.270828,34.970702,0.0],[73.270895,34.971072,0.0],[73.271263,34.971323,0.0],[73.271631,34.971574,0.0],[73.272,34.971825,0.0],[73.272444,34.972016,0.0],[73.272889,34.972145,0.0],[73.273268,34.971905,0.0],[73.273499,34.971539,0.0],[73.273951,34.971361,0.0],[73.274491,34.97057,0.0]]]}},{"type":"Feature","properties":{"rgi_id":"RGI2000-v7.0-G-14-24441","o1region":"14"},"geometry":{"type":"Polygon","coordinates":[[[73.24935,34.972669,0.0],[73.249276,34.972668,0.0],[73.248908,34.972417,0.0],[73.248615,34.972105,0.0],[73.248173,34.971853,0.0],[73.247729,34.971662,0.0],[73.247279,34.971717,0.0],[73.246829,34.971833,0.0],[73.246377,34.972011,0.0],[73.246145,34.972377,0.0],[73.24659,34.972506,0.0],[73.247034,34.972697,0.0],[73.247402,34.972948,0.0],[73.247848,34.973078,0.0],[73.248368,34.973208,0.0],[73.24935,34.972669,0.0]]]}},{"type":"Feature","properties":{"rgi_id":"RGI2000-v7.0-G-14-24442","o1region":"14"},"geometry":{"type":"Polygon","coordinates":[[[73.20325,34.952173,0.0],[73.203219,34.952173,0.0],[73.203039,34.951837,0.0],[73.202954,34.951477,0.0],[73.202931,34.951092,0.0],[73.202845,34.950732,0.0],[73.202635,34.95037,0.0],[73.202361,34.950084,0.0],[73.202056,34.949823,0.0],[73.201655,34.949663,0.0],[73.201253,34.949504,0.0],[73.200821,34.949343,0.0],[73.200384,34.949388,0.0],[73.20019,34.949719,0.0],[73.200182,34.950103,0.0],[73.200267,34.950463,0.0],[73.200322,34.950823,0.0],[73.20047,34.951184,0.0],[73.200586,34.951544,0.0],[73.200734,34.951905,0.0],[73.200945,34.952242,0.0],[73.20125,34.952502,0.0],[73.201714,34.952637,0.0],[73.20218,34.95267,0.0],[73.202647,34.952703,0.0],[73.20325,34.952173,0.0]]]}},{"type":"Feature","properties":{"rgi_id":"RGI2000-v7.0-G-14-24596","o1region":"14"},"geometry":{"type":"Polygon","coordinates":[[[73.541486,34.990485,0.0],[73.541149,34.990228,0.0],[73.54081,34.989998,0.0],[73.540403,34.989796,0.0],[73.539996,34.989594,0.0],[73.539587,34.989448,0.0],[73.539145,34.989302,0.0],[73.538772,34.989072,0.0],[73.538503,34.988787,0.0],[73.538165,34.988557,0.0],[73.537792,34.988327,0.0],[73.537349,34.988209,0.0],[73.536904,34.988204,0.0],[73.536457,34.988311,0.0],[73.536043,34.988475,0.0],[73.535696,34.988753,0.0],[73.535417,34.989031,0.0],[73.53507,34.989281,0.0],[73.534825,34.989588,0.0],[73.535093,34.989873,0.0],[73.535502,34.990019,0.0],[73.53584,34.990277,0.0],[73.536143,34.990562,0.0],[73.536446,34.990848,0.0],[73.536784,34.991077,0.0],[73.537123,34.991307,0.0],[73.537496,34.991508,0.0],[73.53753,34.991537,0.0],[73.539426,34.992743,0.0],[73.539834,34.992918,0.0],[73.540242,34.993092,0.0],[73.540686,34.993153,0.0],[73.540895,34.993272,0.0],[73.54135,34.993277,0.0],[73.541907,34.993349,0.0],[73.542465,34.993356,0.0],[73.542895,34.993421,0.0],[73.543022,34.993363,0.0],[73.543503,34.993237,0.0],[73.543982,34.993178,0.0],[73.54446,34.993183,0.0],[73.544935,34.993386,0.0],[73.54533,34.993587,0.0],[73.545725,34.993789,0.0],[73.546119,34.99399,0.0],[73.546674,34.994194,0.0],[73.547149,34.99433,0.0],[73.547626,34.994402,0.0],[73.548101,34.994604,0.0],[73.548577,34.994741,0.0],[73.549051,34.994943,0.0],[73.549446,34.995145,0.0],[73.54976,34.995411,0.0],[73.550074,34.995677,0.0],[73.550468,34.995944,0.0],[73.550863,34.996146,0.0],[73.551177,34.996412,0.0],[73.551491,34.996678,0.0],[73.551966,34.99688,0.0],[73.55228,34.997146,0.0],[73.552675,34.997348,0.0],[73.552989,34.997614,0.0],[73.553303,34.99788,0.0],[73.553698,34.998081,0.0],[73.553931,34.998412,0.0],[73.554084,34.998807,0.0],[73.554236,34.999203,0.0],[73.554389,34.999598,0.0],[73.554462,34.999992,0.0],[73.554455,35.000386,0.0],[73.554447,35.000845,0.0],[73.554439,35.001258,0.0],[73.554442,35.001547,0.0],[73.554333,35.001912,0.0],[73.554122,35.002248,0.0],[73.553945,35.002584,0.0],[73.553699,35.002891,0.0],[73.553531,35.003077,0.0],[73.553524,35.003457,0.0],[73.553595,35.003917,0.0],[73.553668,35.004311,0.0],[73.554145,35.004383,0.0],[73.554621,35.004519,0.0],[73.5551,35.004459,0.0],[73.555581,35.004334,0.0],[73.555983,35.004142,0.0],[73.556386,35.003885,0.0],[73.556789,35.003627,0.0],[73.557112,35.003369,0.0],[73.557437,35.003044,0.0],[73.557839,35.002852,0.0],[73.558242,35.002595,0.0],[73.558724,35.002338,0.0],[73.558971,35.001882,0.0],[73.559376,35.001559,0.0],[73.559699,35.001301,0.0],[73.560022,35.001042,0.0],[73.560424,35.00085,0.0],[73.560827,35.000593,0.0],[73.56123,35.000335,0.0],[73.561472,35.000174,0.0],[73.561474,35.000076,0.0],[73.561719,34.999751,0.0],[73.561965,34.99936,0.0],[73.562131,34.998968,0.0],[73.562455,34.998644,0.0],[73.5627,34.998319,0.0],[73.562826,34.998194,0.0],[73.563025,34.997995,0.0],[73.563426,34.997803,0.0],[73.563906,34.997743,0.0],[73.564385,34.997683,0.0],[73.565023,34.997625,0.0],[73.565584,34.997501,0.0],[73.566064,34.997375,0.0],[73.566467,34.997118,0.0],[73.566634,34.996661,0.0],[73.566641,34.996267,0.0],[73.566648,34.995874,0.0],[73.566575,34.99548,0.0],[73.566343,34.995083,0.0],[73.566029,34.994817,0.0],[73.565471,34.994811,0.0],[73.564992,34.994871,0.0],[73.564513,34.994931,0.0],[73.564111,34.995123,0.0],[73.563632,34.995182,0.0],[73.56315,34.995373,0.0],[73.56267,34.995499,0.0],[73.562186,34.995821,0.0],[73.561861,34.996145,0.0],[73.561617,34.99647,0.0],[73.56151,34.996612,0.0],[73.561107,34.996469,0.0],[73.560665,34.996323,0.0],[73.560221,34.996233,0.0],[73.559778,34.996115,0.0],[73.55937,34.995969,0.0],[73.558926,34.995851,0.0],[73.558518,34.995705,0.0],[73.55808,34.995623,0.0],[73.557966,34.995574,0.0],[73.557556,34.995456,0.0],[73.55749,34.995438,0.0],[73.557096,34.995236,0.0],[73.556541,34.995033,0.0],[73.556067,34.99483,0.0],[73.555592,34.994628,0.0],[73.555115,34.994557,0.0],[73.554639,34.99442,0.0],[73.554215,34.994356,0.0],[73.554162,34.994349,0.0],[73.553687,34.994212,0.0],[73.553377,34.99408,0.0],[73.553069,34.993978,0.0],[73.552626,34.993803,0.0],[73.552219,34.99363,0.0],[73.551811,34.993456,0.0],[73.551549,34.99336,0.0],[73.551234,34.993199,0.0],[73.550839,34.992997,0.0],[73.550444,34.992796,0.0],[73.550049,34.992594,0.0],[73.549573,34.992458,0.0],[73.549099,34.992255,0.0],[73.548543,34.992117,0.0],[73.548068,34.99198,0.0],[73.547511,34.991908,0.0],[73.547116,34.991707,0.0],[73.546639,34.991635,0.0],[73.546163,34.991499,0.0],[73.545688,34.991362,0.0],[73.545293,34.99116,0.0],[73.544818,34.990958,0.0],[73.544264,34.990754,0.0],[73.543788,34.990618,0.0],[73.54331,34.990612,0.0],[73.542832,34.990606,0.0],[73.542274,34.990599,0.0],[73.541717,34.990593,0.0],[73.541654,34.990599,0.0],[73.541486,34.990485,0.0]]]}},{"type":"Feature","properties":{"rgi_id":"RGI2000-v7.0-G-14-24597","o1region":"14"},"geometry":{"type":"Polygon","coordinates":[[[73.564962,34.986404,0.0],[73.564655,34.986144,0.0],[73.564286,34.985858,0.0],[73.563979,34.985598,0.0],[73.563609,34.985389,0.0],[73.563175,34.985307,0.0],[73.562767,34.985481,0.0],[73.56242,34.985708,0.0],[73.562135,34.985987,0.0],[73.561788,34.986239,0.0],[73.561441,34.986465,0.0],[73.561064,34.986666,0.0],[73.560996,34.987024,0.0],[73.56102,34.987409,0.0],[73.561263,34.987745,0.0],[73.561538,34.988056,0.0],[73.561813,34.988341,0.0],[73.56212,34.988601,0.0],[73.562522,34.988811,0.0],[73.562955,34.98897,0.0],[73.563389,34.989052,0.0],[73.563824,34.989134,0.0],[73.564259,34.98919,0.0],[73.564693,34.989298,0.0],[73.56519,34.989381,0.0],[73.56572,34.989387,0.0],[73.565751,34.989387,0.0],[73.566628,34.98909,0.0],[73.566975,34.988863,0.0],[73.567198,34.988533,0.0],[73.567205,34.988148,0.0],[73.567118,34.987788,0.0],[73.566811,34.987528,0.0],[73.56641,34.987319,0.0],[73.566008,34.987109,0.0],[73.56567,34.986874,0.0],[73.565363,34.986614,0.0],[73.564962,34.986404,0.0]]]}},{"type":"Feature","properties":{"rgi_id":"RGI2000-v7.0-G-14-24598","o1region":"14"},"geometry":{"type":"Polygon","coordinates":[[[73.57354,34.987428,0.0],[73.574007,34.987459,0.0],[73.574442,34.987516,0.0],[73.574877,34.987598,0.0],[73.575246,34.987833,0.0],[73.575553,34.988118,0.0],[73.57586,34.988378,0.0],[73.576103,34.988689,0.0],[73.576347,34.989025,0.0],[73.576685,34.989285,0.0],[73.57712,34.989342,0.0],[73.577586,34.989424,0.0],[73.578052,34.989455,0.0],[73.578368,34.989202,0.0],[73.578375,34.988818,0.0],[73.578194,34.988483,0.0],[73.57795,34.988147,0.0],[73.577675,34.987861,0.0],[73.5774,34.987551,0.0],[73.577188,34.987189,0.0],[73.576945,34.986853,0.0],[73.576701,34.986543,0.0],[73.576426,34.986257,0.0],[73.575785,34.985507,0.0],[73.575754,34.985506,0.0],[73.575319,34.985424,0.0],[73.574917,34.98524,0.0],[73.574451,34.985209,0.0],[73.574013,34.985306,0.0],[73.573666,34.985559,0.0],[73.573288,34.985785,0.0],[73.573034,34.986115,0.0],[73.572903,34.986472,0.0],[73.572927,34.986857,0.0],[73.573139,34.987219,0.0],[73.57354,34.987428,0.0]]]}},{"type":"Feature","properties":{"rgi_id":"RGI2000-v7.0-G-14-24599","o1region":"14"},"geometry":{"type":"Polygon","coordinates":[[[73.58047,34.986561,0.0],[73.580339,34.986918,0.0],[73.580363,34.987303,0.0],[73.580419,34.987688,0.0],[73.580506,34.988074,0.0],[73.580562,34.988433,0.0],[73.580618,34.988793,0.0],[73.580642,34.989178,0.0],[73.58073,34.989538,0.0],[73.580786,34.989897,0.0],[73.581061,34.990182,0.0],[73.581527,34.990239,0.0],[73.581965,34.990142,0.0],[73.582434,34.990019,0.0],[73.582872,34.989947,0.0],[73.582903,34.989947,0.0],[73.582947,34.989205,0.0],[73.582797,34.988844,0.0],[73.582741,34.988484,0.0],[73.582497,34.988174,0.0],[73.582316,34.987839,0.0],[73.582198,34.987478,0.0],[73.581954,34.987142,0.0],[73.581742,34.986807,0.0],[73.581404,34.986572,0.0],[73.580908,34.986438,0.0],[73.58047,34.986561,0.0]]]}},{"type":"Feature","properties":{"rgi_id":"RGI2000-v7.0-G-14-24600","o1region":"14"},"geometry":{"type":"Polygon","coordinates":[[[73.587061,34.989042,0.0],[73.58693,34.989416,0.0],[73.586965,34.989793,0.0],[73.587042,34.990169,0.0],[73.587034,34.990579,0.0],[73.587028,34.990955,0.0],[73.587022,34.991331,0.0],[73.587015,34.991707,0.0],[73.587009,34.992083,0.0],[73.587252,34.992428,0.0],[73.587622,34.992637,0.0],[73.588077,34.992745,0.0],[73.588534,34.99275,0.0],[73.588993,34.992584,0.0],[73.589289,34.992315,0.0],[73.589543,34.99201,0.0],[73.589798,34.991705,0.0],[73.58997,34.991365,0.0],[73.589726,34.991055,0.0],[73.58927,34.991016,0.0],[73.588899,34.990806,0.0],[73.588864,34.99043,0.0],[73.589282,34.990298,0.0],[73.58974,34.990201,0.0],[73.590198,34.990138,0.0],[73.590656,34.990109,0.0],[73.591113,34.990046,0.0],[73.591498,34.989401,0.0],[73.591499,34.989367,0.0],[73.59113,34.989089,0.0],[73.590718,34.988913,0.0],[73.590221,34.988839,0.0],[73.589766,34.988697,0.0],[73.589396,34.988488,0.0],[73.588984,34.988312,0.0],[73.588486,34.988272,0.0],[73.588029,34.988301,0.0],[73.58757,34.988433,0.0],[73.587274,34.988703,0.0],[73.587061,34.989042,0.0]]]}},{"type":"Feature","properties":{"rgi_id":"RGI2000-v7.0-G-14-24601","o1region":"14"},"geometry":{"type":"Polygon","coordinates":[[[73.591668,34.991624,0.0],[73.591495,34.991998,0.0],[73.591447,34.992374,0.0],[73.591275,34.992714,0.0],[73.590939,34.992949,0.0],[73.590644,34.993219,0.0],[73.590846,34.993563,0.0],[73.591216,34.993772,0.0],[73.591674,34.993675,0.0],[73.592051,34.993474,0.0],[73.592347,34.993204,0.0],[73.592684,34.992935,0.0],[73.59302,34.9927,0.0],[73.593438,34.992568,0.0],[73.593855,34.992436,0.0],[73.594273,34.99227,0.0],[73.59473,34.992275,0.0],[73.595187,34.99228,0.0],[73.595228,34.992281,0.0],[73.595611,34.991773,0.0],[73.595283,34.99153,0.0],[73.594825,34.991558,0.0],[73.594369,34.991519,0.0],[73.593957,34.991309,0.0],[73.593671,34.991032,0.0],[73.593216,34.990925,0.0],[73.592759,34.990988,0.0],[73.59234,34.991154,0.0],[73.591963,34.991354,0.0],[73.591668,34.991624,0.0]]]}},{"type":"Feature","properties":{"rgi_id":"RGI2000-v7.0-G-14-24602","o1region":"14"},"geometry":{"type":"Polygon","coordinates":[[[73.595578,35.003589,0.0],[73.595605,35.003607,0.0],[73.595793,35.00328,0.0],[73.596093,35.002972,0.0],[73.596474,35.002769,0.0],[73.597063,35.002741,0.0],[73.597527,35.002677,0.0],[73.59777,35.002666,0.0],[73.597779,35.002646,0.0],[73.598203,35.002443,0.0],[73.598635,35.002448,0.0],[73.598707,35.002449,0.0],[73.59917,35.002454,0.0],[73.599633,35.00239,0.0],[73.599891,35.002082,0.0],[73.599602,35.001767,0.0],[73.599184,35.001624,0.0],[73.598765,35.001516,0.0],[73.598519,35.001202,0.0],[73.598484,35.000786,0.0],[73.59849,35.000406,0.0],[73.597944,35.000399,0.0],[73.597774,35.00041,0.0],[73.597481,35.000429,0.0],[73.597062,35.00032,0.0],[73.596816,34.999971,0.0],[73.596696,34.999624,0.0],[73.596534,34.999276,0.0],[73.596372,34.998929,0.0],[73.59621,34.998581,0.0],[73.596005,34.998233,0.0],[73.595759,34.997919,0.0],[73.595554,34.99757,0.0],[73.595328,34.997152,0.0],[73.594908,34.997053,0.0],[73.594453,34.99701,0.0],[73.593997,34.996967,0.0],[73.593542,34.996849,0.0],[73.593134,34.996657,0.0],[73.593048,34.996677,0.0],[73.592626,34.996776,0.0],[73.592244,34.996979,0.0],[73.591945,34.997287,0.0],[73.591798,34.997339,0.0],[73.591795,34.997505,0.0],[73.591789,34.997881,0.0],[73.591828,34.998295,0.0],[73.591958,34.998672,0.0],[73.592383,34.99871,0.0],[73.592843,34.998819,0.0],[73.593218,34.999031,0.0],[73.593422,34.999379,0.0],[73.593123,34.999652,0.0],[73.5927,34.999785,0.0],[73.592278,34.999884,0.0],[73.592271,35.000299,0.0],[73.592434,35.000647,0.0],[73.592595,35.001029,0.0],[73.592927,35.001275,0.0],[73.593346,35.001384,0.0],[73.59355,35.001732,0.0],[73.59367,35.002079,0.0],[73.59379,35.002427,0.0],[73.594122,35.002672,0.0],[73.594539,35.00285,0.0],[73.595,35.002925,0.0],[73.595289,35.003239,0.0],[73.595578,35.003589,0.0]]]}},{"type":"Feature","properties":{"rgi_id":"RGI2000-v7.0-G-14-24603","o1region":"14"},"geometry":{"type":"Polygon","coordinates":[[[73.587535,34.998427,0.0],[73.587306,34.998747,0.0],[73.586963,34.999112,0.0],[73.586622,34.99943,0.0],[73.58628,34.999749,0.0],[73.586386,35.000119,0.0],[73.586482,35.000456,0.0],[73.586674,35.000565,0.0],[73.587129,35.000683,0.0],[73.587584,35.000763,0.0],[73.588039,35.000844,0.0],[73.588494,35.000962,0.0],[73.588948,35.00108,0.0],[73.589404,35.001122,0.0],[73.589907,35.001128,0.0],[73.59032,35.000634,0.0],[73.590581,35.000583,0.0],[73.590755,35.000216,0.0],[73.590424,34.999936,0.0],[73.590149,34.99961,0.0],[73.589818,34.999329,0.0],[73.589656,34.998958,0.0],[73.589381,34.998633,0.0],[73.589107,34.998307,0.0],[73.588776,34.99798,0.0],[73.588387,34.997791,0.0],[73.587992,34.997971,0.0],[73.587706,34.99829,0.0],[73.587535,34.998427,0.0]]]}},{"type":"Feature","properties":{"rgi_id":"RGI2000-v7.0-G-14-24604","o1region":"14"},"geometry":{"type":"Polygon","coordinates":[[[73.574436,35.000941,0.0],[73.574265,35.001038,0.0],[73.573924,35.001311,0.0],[73.573527,35.001583,0.0],[73.573186,35.001856,0.0],[73.572845,35.002128,0.0],[73.572615,35.002448,0.0],[73.572385,35.002815,0.0],[73.572153,35.003273,0.0],[73.572136,35.003332,0.0],[73.572152,35.003319,0.0],[73.572718,35.003003,0.0],[73.572879,35.003374,0.0],[73.573098,35.003699,0.0],[73.573599,35.003889,0.0],[73.574043,35.004125,0.0],[73.574079,35.004133,0.0],[73.574161,35.004091,0.0],[73.574642,35.003984,0.0],[73.575056,35.003848,0.0],[73.575503,35.003741,0.0],[73.57595,35.003605,0.0],[73.576397,35.003526,0.0],[73.576913,35.003391,0.0],[73.57736,35.003284,0.0],[73.577774,35.003147,0.0],[73.578256,35.003012,0.0],[73.578636,35.002819,0.0],[73.57905,35.002627,0.0],[73.57943,35.002434,0.0],[73.579879,35.002214,0.0],[73.580327,35.00205,0.0],[73.580741,35.001886,0.0],[73.581155,35.001722,0.0],[73.581535,35.001529,0.0],[73.581916,35.001308,0.0],[73.582296,35.001115,0.0],[73.582575,35.000808,0.0],[73.582786,35.000472,0.0],[73.583065,35.000194,0.0],[73.583344,34.999915,0.0],[73.583589,34.99958,0.0],[73.583641,34.999637,0.0],[73.583763,34.999443,0.0],[73.584051,34.999032,0.0],[73.58428,34.998711,0.0],[73.584676,34.998532,0.0],[73.584837,34.998902,0.0],[73.584834,34.999087,0.0],[73.58528,34.99923,0.0],[73.585547,34.999124,0.0],[73.58555,34.999095,0.0],[73.585591,34.99873,0.0],[73.585937,34.99848,0.0],[73.586284,34.998258,0.0],[73.586495,34.997923,0.0],[73.586501,34.997556,0.0],[73.586336,34.997216,0.0],[73.586136,34.996876,0.0],[73.585971,34.996508,0.0],[73.585806,34.996167,0.0],[73.585641,34.995799,0.0],[73.585545,34.995432,0.0],[73.58538,34.995063,0.0],[73.585412,34.994805,0.0],[73.585475,34.994391,0.0],[73.585144,34.99411,0.0],[73.584697,34.994013,0.0],[73.584308,34.993824,0.0],[73.583864,34.993588,0.0],[73.583475,34.993399,0.0],[73.583032,34.993247,0.0],[73.582778,34.993032,0.0],[73.582508,34.992747,0.0],[73.582031,34.992629,0.0],[73.581616,34.992849,0.0],[73.581507,34.993214,0.0],[73.581569,34.993581,0.0],[73.581666,34.993949,0.0],[73.581728,34.994316,0.0],[73.581997,34.994629,0.0],[73.582196,34.99497,0.0],[73.582327,34.995338,0.0],[73.582423,34.995705,0.0],[73.582417,34.996071,0.0],[73.582138,34.99635,0.0],[73.581802,34.996207,0.0],[73.581804,34.996054,0.0],[73.581644,34.995591,0.0],[73.581483,34.995174,0.0],[73.581322,34.994757,0.0],[73.581161,34.994387,0.0],[73.581111,34.994017,0.0],[73.581005,34.993647,0.0],[73.580844,34.993276,0.0],[73.580569,34.99295,0.0],[73.580451,34.992905,0.0],[73.580456,34.992582,0.0],[73.58046,34.992389,0.0],[73.580393,34.9923,0.0],[73.579992,34.991731,0.0],[73.579957,34.991731,0.0],[73.579375,34.991724,0.0],[73.57893,34.991719,0.0],[73.578485,34.991714,0.0],[73.578112,34.991484,0.0],[73.577913,34.991143,0.0],[73.577748,34.990775,0.0],[73.577479,34.990462,0.0],[73.577036,34.990344,0.0],[73.576623,34.99048,0.0],[73.576412,34.990816,0.0],[73.576167,34.991123,0.0],[73.575753,34.991287,0.0],[73.57534,34.991423,0.0],[73.574892,34.99153,0.0],[73.574821,34.991594,0.0],[73.574817,34.991822,0.0],[73.574811,34.992191,0.0],[73.574691,34.992605,0.0],[73.574572,34.993018,0.0],[73.574177,34.993198,0.0],[73.573836,34.993471,0.0],[73.573782,34.993495,0.0],[73.573762,34.993546,0.0],[73.573687,34.993912,0.0],[73.573783,34.994279,0.0],[73.573948,34.99462,0.0],[73.574218,34.994904,0.0],[73.574486,34.995218,0.0],[73.574755,34.995503,0.0],[73.575058,34.995788,0.0],[73.57532,34.996524,0.0],[73.575319,34.99658,0.0],[73.575312,34.996947,0.0],[73.575305,34.997369,0.0],[73.575299,34.997735,0.0],[73.575292,34.998102,0.0],[73.575285,34.998496,0.0],[73.575279,34.998863,0.0],[73.575136,34.999227,0.0],[73.575027,34.999592,0.0],[73.57502,34.999959,0.0],[73.575082,35.000326,0.0],[73.575041,35.00072,0.0],[73.574898,35.001085,0.0],[73.574455,35.000967,0.0],[73.574436,35.000941,0.0]]]}},{"type":"Feature","properties":{"rgi_id":"RGI2000-v7.0-G-14-24605","o1region":"14"},"geometry":{"type":"Polygon","coordinates":[[[73.574436,35.000941,0.0],[73.574221,35.000654,0.0],[73.573987,35.000313,0.0],[73.573787,34.999972,0.0],[73.573553,34.99966,0.0],[73.573463,34.999475,0.0],[73.573396,34.99946,0.0],[73.572952,34.999178,0.0],[73.572622,34.998852,0.0],[73.572233,34.998663,0.0],[73.572184,34.998247,0.0],[73.572414,34.997881,0.0],[73.572533,34.997513,0.0],[73.572484,34.997098,0.0],[73.572266,34.996772,0.0],[73.572216,34.996403,0.0],[73.572055,34.995986,0.0],[73.571894,34.995569,0.0],[73.571789,34.995199,0.0],[73.571739,34.994829,0.0],[73.571615,34.994434,0.0],[73.571422,34.994167,0.0],[73.571188,34.993854,0.0],[73.570953,34.993542,0.0],[73.570685,34.993228,0.0],[73.570346,34.992999,0.0],[73.569938,34.992825,0.0],[73.569494,34.992792,0.0],[73.569049,34.992786,0.0],[73.568604,34.992781,0.0],[73.568157,34.992832,0.0],[73.567827,34.992912,0.0],[73.567793,34.992938,0.0],[73.567843,34.993308,0.0],[73.568061,34.993633,0.0],[73.568111,34.994003,0.0],[73.567992,34.99437,0.0],[73.567595,34.994642,0.0],[73.567371,34.994708,0.0],[73.56737,34.994768,0.0],[73.567364,34.995134,0.0],[73.567426,34.995529,0.0],[73.567521,34.995953,0.0],[73.567686,34.996293,0.0],[73.567851,34.996661,0.0],[73.567982,34.997029,0.0],[73.568112,34.997397,0.0],[73.568209,34.997765,0.0],[73.568271,34.998132,0.0],[73.568401,34.9985,0.0],[73.568498,34.998867,0.0],[73.568559,34.99895,0.0],[73.568636,34.99922,0.0],[73.568741,34.999636,0.0],[73.568851,34.99992,0.0],[73.568902,35.000053,0.0],[73.568952,35.000422,0.0],[73.569001,35.000792,0.0],[73.569051,35.001161,0.0],[73.568821,35.001481,0.0],[73.568535,35.001847,0.0],[73.568193,35.002166,0.0],[73.567742,35.002299,0.0],[73.567456,35.002618,0.0],[73.567394,35.002986,0.0],[73.567379,35.003087,0.0],[73.567667,35.003282,0.0],[73.568112,35.003316,0.0],[73.568555,35.003434,0.0],[73.568964,35.003579,0.0],[73.569371,35.003781,0.0],[73.56971,35.004011,0.0],[73.569979,35.004296,0.0],[73.570128,35.004377,0.0],[73.570172,35.004356,0.0],[73.570679,35.004224,0.0],[73.571074,35.004044,0.0],[73.57147,35.003864,0.0],[73.571811,35.003592,0.0],[73.572136,35.003332,0.0],[73.572153,35.003273,0.0],[73.572385,35.002815,0.0],[73.572615,35.002448,0.0],[73.572845,35.002128,0.0],[73.573186,35.001856,0.0],[73.573527,35.001583,0.0],[73.573924,35.001311,0.0],[73.574265,35.001038,0.0],[73.574436,35.000941,0.0]]]}},{"type":"Feature","properties":{"rgi_id":"RGI2000-v7.0-G-14-24606","o1region":"14"},"geometry":{"type":"Polygon","coordinates":[[[73.583136,35.004469,0.0],[73.582891,35.004505,0.0],[73.582386,35.004592,0.0],[73.581937,35.004633,0.0],[73.581485,35.004812,0.0],[73.581143,35.005131,0.0],[73.580914,35.005451,0.0],[73.580907,35.00582,0.0],[73.580935,35.006025,0.0],[73.581141,35.006287,0.0],[73.581456,35.006554,0.0],[73.581864,35.006709,0.0],[73.582043,35.006793,0.0],[73.582124,35.006756,0.0],[73.582578,35.006439,0.0],[73.583025,35.00649,0.0],[73.583019,35.006859,0.0],[73.583407,35.007094,0.0],[73.583908,35.007284,0.0],[73.584297,35.007473,0.0],[73.584481,35.007747,0.0],[73.584813,35.007833,0.0],[73.585268,35.007951,0.0],[73.585724,35.007994,0.0],[73.585935,35.008014,0.0],[73.586083,35.007955,0.0],[73.586534,35.007776,0.0],[73.586985,35.007643,0.0],[73.587434,35.007602,0.0],[73.587545,35.007592,0.0],[73.587612,35.007114,0.0],[73.587566,35.007113,0.0],[73.587529,35.007096,0.0],[73.587386,35.007094,0.0],[73.58694,35.006997,0.0],[73.586494,35.006853,0.0],[73.586045,35.006894,0.0],[73.585539,35.00698,0.0],[73.58532,35.006655,0.0],[73.585271,35.006286,0.0],[73.585222,35.00587,0.0],[73.584774,35.005865,0.0],[73.584555,35.005539,0.0],[73.584167,35.005258,0.0],[73.583836,35.004978,0.0],[73.583506,35.004605,0.0],[73.583477,35.004529,0.0],[73.583136,35.004469,0.0]]]}},{"type":"Feature","properties":{"rgi_id":"RGI2000-v7.0-G-14-24607","o1region":"14"},"geometry":{"type":"Polygon","coordinates":[[[73.578147,35.009891,0.0],[73.578147,35.009845,0.0],[73.57793,35.009474,0.0],[73.577541,35.009285,0.0],[73.5772,35.009557,0.0],[73.577025,35.009924,0.0],[73.576683,35.010243,0.0],[73.576288,35.010423,0.0],[73.576113,35.01079,0.0],[73.575939,35.011157,0.0],[73.575932,35.011572,0.0],[73.575757,35.011938,0.0],[73.575639,35.012306,0.0],[73.575688,35.012675,0.0],[73.576076,35.012957,0.0],[73.576465,35.013146,0.0],[73.576909,35.013381,0.0],[73.577298,35.01357,0.0],[73.577747,35.013576,0.0],[73.578088,35.013257,0.0],[73.578151,35.012889,0.0],[73.578213,35.012521,0.0],[73.577939,35.012195,0.0],[73.57755,35.012006,0.0],[73.577556,35.011637,0.0],[73.577897,35.011364,0.0],[73.578183,35.011045,0.0],[73.578147,35.009891,0.0]]]}},{"type":"Feature","properties":{"rgi_id":"RGI2000-v7.0-G-14-24613","o1region":"14"},"geometry":{"type":"Polygon","coordinates":[[[73.62649,35.010257,0.0],[73.626487,35.010421,0.0],[73.626312,35.010581,0.0],[73.626221,35.010995,0.0],[73.626298,35.01141,0.0],[73.626461,35.011758,0.0],[73.62675,35.012038,0.0],[73.627168,35.012216,0.0],[73.62763,35.012221,0.0],[73.628053,35.012053,0.0],[73.628311,35.01171,0.0],[73.628527,35.011367,0.0],[73.628867,35.011128,0.0],[73.629331,35.011064,0.0],[73.629749,35.011173,0.0],[73.630212,35.011178,0.0],[73.630635,35.01101,0.0],[73.630851,35.010666,0.0],[73.630857,35.010286,0.0],[73.630871,35.010174,0.0],[73.631023,35.009933,0.0],[73.631359,35.009697,0.0],[73.631777,35.009531,0.0],[73.632114,35.009296,0.0],[73.63245,35.00906,0.0],[73.632745,35.00879,0.0],[73.63304,35.00852,0.0],[73.633459,35.008354,0.0],[73.633836,35.008153,0.0],[73.634295,35.008021,0.0],[73.634486,35.00792,0.0],[73.63418,35.00766,0.0],[73.634059,35.007313,0.0],[73.633897,35.006966,0.0],[73.633692,35.006617,0.0],[73.633699,35.006237,0.0],[73.633718,35.006182,0.0],[73.633661,35.006169,0.0],[73.633205,35.006129,0.0],[73.632749,35.00609,0.0],[73.632292,35.006085,0.0],[73.631834,35.006114,0.0],[73.631334,35.006211,0.0],[73.630875,35.006377,0.0],[73.630457,35.006543,0.0],[73.630038,35.006709,0.0],[73.629661,35.00691,0.0],[73.629325,35.007145,0.0],[73.628989,35.007381,0.0],[73.628652,35.007616,0.0],[73.628275,35.007817,0.0],[73.627939,35.008052,0.0],[73.627562,35.008253,0.0],[73.627267,35.008523,0.0],[73.626971,35.008827,0.0],[73.626799,35.009167,0.0],[73.626627,35.009507,0.0],[73.626496,35.009882,0.0],[73.62649,35.010257,0.0]]]}},{"type":"Feature","properties":{"rgi_id":"RGI2000-v7.0-G-14-24614","o1region":"14"},"geometry":{"type":"Polygon","coordinates":[[[73.627639,35.003386,0.0],[73.627681,35.003535,0.0],[73.627559,35.003885,0.0],[73.627385,35.004229,0.0],[73.627548,35.004577,0.0],[73.627964,35.004824,0.0],[73.628296,35.005069,0.0],[73.628798,35.005179,0.0],[73.629302,35.005219,0.0],[73.629764,35.005224,0.0],[73.630227,35.00523,0.0],[73.630191,35.004853,0.0],[73.630356,35.004818,0.0],[73.630325,35.004202,0.0],[73.630325,35.004168,0.0],[73.630263,35.003969,0.0],[73.629871,35.003877,0.0],[73.629454,35.003665,0.0],[73.629207,35.00335,0.0],[73.629215,35.002901,0.0],[73.629317,35.002698,0.0],[73.629389,35.002557,0.0],[73.629311,35.002176,0.0],[73.628852,35.001998,0.0],[73.628434,35.00182,0.0],[73.627973,35.001746,0.0],[73.627511,35.001706,0.0],[73.627007,35.0017,0.0],[73.626875,35.002044,0.0],[73.627291,35.002326,0.0],[73.627708,35.002538,0.0],[73.627827,35.002626,0.0],[73.627692,35.002669,0.0],[73.62752,35.003008,0.0],[73.627639,35.003386,0.0]]]}},{"type":"Feature","properties":{"rgi_id":"RGI2000-v7.0-G-14-24615","o1region":"14"},"geometry":{"type":"Polygon","coordinates":[[[73.641535,35.003365,0.0],[73.641524,35.003247,0.0],[73.641362,35.002899,0.0],[73.640945,35.002722,0.0],[73.640485,35.002578,0.0],[73.64011,35.002366,0.0],[73.639693,35.002154,0.0],[73.639108,35.00194,0.0],[73.638648,35.001797,0.0],[73.638248,35.001765,0.0],[73.637975,35.001501,0.0],[73.637689,35.001224,0.0],[73.637403,35.000948,0.0],[73.637075,35.000671,0.0],[73.636748,35.000393,0.0],[73.636549,35.000201,0.0],[73.636234,35.000352,0.0],[73.635812,35.000485,0.0],[73.635389,35.000653,0.0],[73.634925,35.000717,0.0],[73.634421,35.000712,0.0],[73.63396,35.000637,0.0],[73.633457,35.000528,0.0],[73.63304,35.000385,0.0],[73.632877,35.000359,0.0],[73.63259,35.000654,0.0],[73.632501,35.001029,0.0],[73.632536,35.001406,0.0],[73.632613,35.001782,0.0],[73.632731,35.00216,0.0],[73.632933,35.002504,0.0],[73.633177,35.002814,0.0],[73.633505,35.003091,0.0],[73.633874,35.003335,0.0],[73.634245,35.003544,0.0],[73.634615,35.003753,0.0],[73.634985,35.003962,0.0],[73.635398,35.004104,0.0],[73.635811,35.004245,0.0],[73.636267,35.004353,0.0],[73.636721,35.004494,0.0],[73.637176,35.004636,0.0],[73.637672,35.004778,0.0],[73.638084,35.004954,0.0],[73.638538,35.00513,0.0],[73.638993,35.005238,0.0],[73.639448,35.005379,0.0],[73.639986,35.005488,0.0],[73.640525,35.005562,0.0],[73.640566,35.005563,0.0],[73.641318,35.005298,0.0],[73.641655,35.005062,0.0],[73.641788,35.004969,0.0],[73.641751,35.004771,0.0],[73.641758,35.004356,0.0],[73.641723,35.003941,0.0],[73.641729,35.00356,0.0],[73.641717,35.003404,0.0],[73.641535,35.003365,0.0]]]}},{"type":"Feature","properties":{"rgi_id":"RGI2000-v7.0-G-14-24616","o1region":"14"},"geometry":{"type":"Polygon","coordinates":[[[73.636182,34.996935,0.0],[73.6363,34.997347,0.0],[73.636586,34.997623,0.0],[73.636956,34.997867,0.0],[73.637369,34.998008,0.0],[73.637824,34.998081,0.0],[73.638281,34.998087,0.0],[73.638738,34.998092,0.0],[73.639195,34.998097,0.0],[73.639612,34.997965,0.0],[73.639908,34.997661,0.0],[73.640121,34.997321,0.0],[73.640163,34.997322,0.0],[73.640588,34.996711,0.0],[73.640133,34.996638,0.0],[73.639677,34.99653,0.0],[73.639222,34.996457,0.0],[73.638765,34.996452,0.0],[73.638307,34.996515,0.0],[73.63785,34.996544,0.0],[73.637393,34.996539,0.0],[73.636936,34.996534,0.0],[73.636395,34.996596,0.0],[73.636182,34.996935,0.0]]]}},{"type":"Feature","properties":{"rgi_id":"RGI2000-v7.0-G-14-24617","o1region":"14"},"geometry":{"type":"Polygon","coordinates":[[[73.640642,34.988441,0.0],[73.64047,34.988781,0.0],[73.640093,34.988982,0.0],[73.639676,34.989114,0.0],[73.639258,34.989246,0.0],[73.638841,34.989378,0.0],[73.638586,34.989683,0.0],[73.638415,34.990022,0.0],[73.638367,34.990398,0.0],[73.638361,34.990774,0.0],[73.638438,34.99115,0.0],[73.638766,34.991393,0.0],[73.639136,34.991603,0.0],[73.639464,34.991846,0.0],[73.639919,34.991987,0.0],[73.640374,34.992061,0.0],[73.640831,34.992066,0.0],[73.641288,34.992071,0.0],[73.641574,34.992348,0.0],[73.641568,34.992723,0.0],[73.641562,34.993099,0.0],[73.641555,34.993475,0.0],[73.64159,34.993886,0.0],[73.641667,34.994263,0.0],[73.641785,34.99464,0.0],[73.641987,34.994984,0.0],[73.642273,34.995295,0.0],[73.642517,34.995605,0.0],[73.642803,34.995916,0.0],[73.643047,34.996226,0.0],[73.643333,34.996503,0.0],[73.643577,34.996813,0.0],[73.643863,34.99709,0.0],[73.644149,34.997366,0.0],[73.644562,34.997542,0.0],[73.645017,34.997649,0.0],[73.645313,34.997345,0.0],[73.645402,34.99697,0.0],[73.645449,34.996595,0.0],[73.645373,34.996218,0.0],[73.645129,34.995908,0.0],[73.644843,34.995597,0.0],[73.644558,34.995252,0.0],[73.644356,34.994908,0.0],[73.644238,34.994496,0.0],[73.644161,34.99412,0.0],[73.644043,34.993742,0.0],[73.644008,34.993332,0.0],[73.644014,34.992956,0.0],[73.643979,34.99258,0.0],[73.643902,34.992203,0.0],[73.643825,34.991826,0.0],[73.643832,34.99145,0.0],[73.64425,34.99125,0.0],[73.644707,34.991255,0.0],[73.645164,34.99126,0.0],[73.645619,34.991333,0.0],[73.646076,34.991338,0.0],[73.646533,34.991344,0.0],[73.64695,34.991211,0.0],[73.647286,34.990976,0.0],[73.647458,34.990636,0.0],[73.647506,34.990261,0.0],[73.647595,34.989886,0.0],[73.647767,34.989546,0.0],[73.647814,34.98917,0.0],[73.647738,34.988794,0.0],[73.64741,34.988517,0.0],[73.646997,34.988375,0.0],[73.646541,34.988302,0.0],[73.646085,34.988297,0.0],[73.645587,34.988257,0.0],[73.645131,34.988218,0.0],[73.644676,34.988076,0.0],[73.64422,34.988037,0.0],[73.643765,34.987929,0.0],[73.643521,34.987619,0.0],[73.643361,34.987275,0.0],[73.643242,34.986898,0.0],[73.643082,34.98652,0.0],[73.643005,34.986143,0.0],[73.642518,34.985454,0.0],[73.642478,34.98542,0.0],[73.642023,34.985278,0.0],[73.641484,34.985238,0.0],[73.641148,34.985473,0.0],[73.640935,34.985813,0.0],[73.640845,34.986188,0.0],[73.640798,34.986563,0.0],[73.640791,34.986973,0.0],[73.640826,34.987384,0.0],[73.640944,34.987761,0.0],[73.640938,34.988137,0.0],[73.640642,34.988441,0.0]]]}},{"type":"Feature","properties":{"rgi_id":"RGI2000-v7.0-G-14-24618","o1region":"14"},"geometry":{"type":"Polygon","coordinates":[[[73.631973,34.992787,0.0],[73.632259,34.993063,0.0],[73.632588,34.993306,0.0],[73.632916,34.993549,0.0],[73.633328,34.993725,0.0],[73.633826,34.993764,0.0],[73.634243,34.993632,0.0],[73.634662,34.993432,0.0],[73.635039,34.993231,0.0],[73.635334,34.992961,0.0],[73.635382,34.992586,0.0],[73.635347,34.992209,0.0],[73.635353,34.991834,0.0],[73.635401,34.991458,0.0],[73.635532,34.991084,0.0],[73.635621,34.990709,0.0],[73.635669,34.990333,0.0],[73.635217,34.990021,0.0],[73.635175,34.99002,0.0],[73.634677,34.990015,0.0],[73.63422,34.990009,0.0],[73.633763,34.990073,0.0],[73.633467,34.990377,0.0],[73.633213,34.990682,0.0],[73.632917,34.990952,0.0],[73.632622,34.991222,0.0],[73.632409,34.991561,0.0],[73.632032,34.991762,0.0],[73.631778,34.992067,0.0],[73.631771,34.992443,0.0],[73.631973,34.992787,0.0]]]}},{"type":"Feature","properties":{"rgi_id":"RGI2000-v7.0-G-14-24619","o1region":"14"},"geometry":{"type":"Polygon","coordinates":[[[73.625708,34.994649,0.0],[73.625547,34.994305,0.0],[73.625471,34.993928,0.0],[73.625477,34.993552,0.0],[73.625442,34.993176,0.0],[73.625365,34.992799,0.0],[73.625163,34.992455,0.0],[73.624919,34.992145,0.0],[73.624591,34.991902,0.0],[73.624134,34.991897,0.0],[73.623677,34.991926,0.0],[73.62322,34.991955,0.0],[73.622763,34.99195,0.0],[73.622307,34.99191,0.0],[73.621851,34.991837,0.0],[73.621394,34.991831,0.0],[73.620939,34.991758,0.0],[73.620482,34.991753,0.0],[73.620105,34.991954,0.0],[73.61981,34.992224,0.0],[73.619596,34.992563,0.0],[73.61959,34.992939,0.0],[73.619625,34.993315,0.0],[73.619743,34.993692,0.0],[73.619987,34.994003,0.0],[73.620231,34.994313,0.0],[73.620559,34.99459,0.0],[73.620845,34.994867,0.0],[73.620963,34.995244,0.0],[73.621207,34.995555,0.0],[73.621493,34.995831,0.0],[73.621821,34.996074,0.0],[73.622234,34.99625,0.0],[73.622647,34.996391,0.0],[73.623017,34.9966,0.0],[73.623345,34.996843,0.0],[73.623631,34.997154,0.0],[73.623833,34.997498,0.0],[73.624035,34.997842,0.0],[73.624195,34.998186,0.0],[73.624565,34.998395,0.0],[73.624978,34.998537,0.0],[73.625349,34.998746,0.0],[73.625805,34.998785,0.0],[73.626301,34.998893,0.0],[73.626923,34.998969,0.0],[73.626965,34.998969,0.0],[73.627143,34.998219,0.0],[73.62715,34.997844,0.0],[73.627114,34.997467,0.0],[73.626954,34.997124,0.0],[73.626794,34.99678,0.0],[73.626592,34.996436,0.0],[73.62639,34.996092,0.0],[73.626229,34.995748,0.0],[73.626029,34.995336,0.0],[73.625868,34.994992,0.0],[73.625708,34.994649,0.0]]]}},{"type":"Feature","properties":{"rgi_id":"RGI2000-v7.0-G-14-24620","o1region":"14"},"geometry":{"type":"Polygon","coordinates":[[[73.621701,35.01277,0.0],[73.621992,35.012538,0.0],[73.622166,35.012194,0.0],[73.62213,35.011813,0.0],[73.62201,35.011466,0.0],[73.621763,35.011152,0.0],[73.621344,35.011043,0.0],[73.620884,35.010899,0.0],[73.620779,35.01084,0.0],[73.62051,35.010688,0.0],[73.620093,35.010475,0.0],[73.619761,35.01023,0.0],[73.619386,35.010018,0.0],[73.619106,35.009909,0.0],[73.618675,35.009802,0.0],[73.618506,35.009515,0.0],[73.618471,35.009454,0.0],[73.618393,35.009073,0.0],[73.617889,35.009032,0.0],[73.617427,35.009027,0.0],[73.616923,35.009021,0.0],[73.616418,35.009016,0.0],[73.61637,35.009396,0.0],[73.616321,35.009775,0.0],[73.615899,35.009909,0.0],[73.615476,35.010042,0.0],[73.615136,35.010281,0.0],[73.614787,35.010621,0.0],[73.614544,35.010619,0.0],[73.614088,35.010576,0.0],[73.614003,35.010527,0.0],[73.613998,35.010475,0.0],[73.614005,35.01006,0.0],[73.613928,35.009644,0.0],[73.613807,35.009297,0.0],[73.613804,35.009254,0.0],[73.613939,35.008987,0.0],[73.614156,35.008575,0.0],[73.614246,35.008195,0.0],[73.614126,35.007848,0.0],[73.613978,35.007659,0.0],[73.613866,35.007489,0.0],[73.613597,35.007185,0.0],[73.61342,35.006845,0.0],[73.613427,35.006469,0.0],[73.613388,35.006055,0.0],[73.613349,35.005679,0.0],[73.613356,35.005266,0.0],[73.613316,35.00489,0.0],[73.613277,35.004514,0.0],[73.613238,35.004137,0.0],[73.613244,35.003762,0.0],[73.613205,35.003385,0.0],[73.613165,35.003009,0.0],[73.613035,35.002632,0.0],[73.612996,35.002218,0.0],[73.612911,35.001841,0.0],[73.612688,35.001501,0.0],[73.612327,35.001271,0.0],[73.611871,35.001228,0.0],[73.611731,35.001215,0.0],[73.61159,35.001213,0.0],[73.611128,35.001208,0.0],[73.61058,35.001306,0.0],[73.610322,35.001614,0.0],[73.609899,35.001782,0.0],[73.609476,35.00195,0.0],[73.609136,35.002188,0.0],[73.609019,35.002225,0.0],[73.608925,35.002585,0.0],[73.608918,35.002998,0.0],[73.608912,35.003374,0.0],[73.608906,35.00375,0.0],[73.608869,35.003891,0.0],[73.608977,35.004123,0.0],[73.609012,35.004539,0.0],[73.608963,35.004919,0.0],[73.608664,35.005192,0.0],[73.6087,35.005573,0.0],[73.608752,35.005662,0.0],[73.608963,35.005742,0.0],[73.609418,35.00586,0.0],[73.609826,35.006052,0.0],[73.61014,35.006357,0.0],[73.610409,35.00666,0.0],[73.610632,35.007001,0.0],[73.610809,35.007341,0.0],[73.610926,35.007679,0.0],[73.61131,35.007816,0.0],[73.611728,35.007994,0.0],[73.611974,35.008308,0.0],[73.61201,35.008689,0.0],[73.612004,35.009069,0.0],[73.612003,35.009105,0.0],[73.612148,35.00916,0.0],[73.6123,35.009218,0.0],[73.612332,35.009557,0.0],[73.612452,35.009904,0.0],[73.612698,35.010287,0.0],[73.612765,35.010486,0.0],[73.612653,35.01046,0.0],[73.612235,35.010317,0.0],[73.611818,35.010104,0.0],[73.6114,35.009961,0.0],[73.611007,35.009827,0.0],[73.610949,35.009826,0.0],[73.610536,35.009971,0.0],[73.610393,35.010346,0.0],[73.61034,35.010721,0.0],[73.610288,35.011096,0.0],[73.610282,35.011472,0.0],[73.610413,35.011849,0.0],[73.610682,35.012153,0.0],[73.611043,35.012382,0.0],[73.611405,35.012612,0.0],[73.611812,35.012804,0.0],[73.61222,35.013034,0.0],[73.612674,35.013152,0.0],[73.613129,35.01327,0.0],[73.613631,35.013276,0.0],[73.614134,35.013282,0.0],[73.61459,35.013287,0.0],[73.615093,35.013293,0.0],[73.615549,35.013298,0.0],[73.616007,35.013266,0.0],[73.616463,35.013271,0.0],[73.616968,35.013164,0.0],[73.617426,35.013056,0.0],[73.617885,35.012949,0.0],[73.618298,35.012803,0.0],[73.618712,35.012658,0.0],[73.61917,35.012588,0.0],[73.619626,35.012593,0.0],[73.61974,35.012604,0.0],[73.619843,35.012824,0.0],[73.620047,35.013173,0.0],[73.620294,35.013487,0.0],[73.620753,35.013699,0.0],[73.620879,35.013629,0.0],[73.621178,35.013462,0.0],[73.621435,35.013154,0.0],[73.621734,35.01288,0.0],[73.62175,35.012865,0.0],[73.621701,35.01277,0.0]]]}},{"type":"Feature","properties":{"rgi_id":"RGI2000-v7.0-G-14-24621","o1region":"14"},"geometry":{"type":"Polygon","coordinates":[[[73.601146,35.000807,0.0],[73.600867,35.001142,0.0],[73.600597,35.001429,0.0],[73.600616,35.001468,0.0],[73.600819,35.001885,0.0],[73.601107,35.002234,0.0],[73.601353,35.002583,0.0],[73.601347,35.002963,0.0],[73.60134,35.003344,0.0],[73.601502,35.003692,0.0],[73.601707,35.00404,0.0],[73.60191,35.004422,0.0],[73.602157,35.004737,0.0],[73.602361,35.005085,0.0],[73.602608,35.005433,0.0],[73.603069,35.005473,0.0],[73.60353,35.005548,0.0],[73.603766,35.005629,0.0],[73.603784,35.005482,0.0],[73.603916,35.005103,0.0],[73.603923,35.004722,0.0],[73.60393,35.004307,0.0],[73.604062,35.003963,0.0],[73.604443,35.00376,0.0],[73.604701,35.003417,0.0],[73.604697,35.003365,0.0],[73.604666,35.003036,0.0],[73.604892,35.002766,0.0],[73.605357,35.002923,0.0],[73.605813,35.002965,0.0],[73.606273,35.002783,0.0],[73.606352,35.002779,0.0],[73.606815,35.002715,0.0],[73.607239,35.002512,0.0],[73.607496,35.002204,0.0],[73.607439,35.001924,0.0],[73.607419,35.001823,0.0],[73.607129,35.001543,0.0],[73.606712,35.00133,0.0],[73.606844,35.000986,0.0],[73.607306,35.001026,0.0],[73.607809,35.001101,0.0],[73.608271,35.001106,0.0],[73.60831,35.001094,0.0],[73.608359,35.000966,0.0],[73.608365,35.00059,0.0],[73.608372,35.000214,0.0],[73.608069,35.000022,0.0],[73.608081,34.999928,0.0],[73.607877,34.999545,0.0],[73.607545,34.9993,0.0],[73.607128,34.999122,0.0],[73.606663,34.999289,0.0],[73.606239,34.999527,0.0],[73.606022,34.999661,0.0],[73.605778,34.999658,0.0],[73.605379,34.999654,0.0],[73.605271,34.99955,0.0],[73.604854,34.999372,0.0],[73.604438,34.99916,0.0],[73.60402,34.999017,0.0],[73.603469,34.998939,0.0],[73.603223,34.998904,0.0],[73.602806,34.998726,0.0],[73.602474,34.99848,0.0],[73.602184,34.9982,0.0],[73.601722,34.998195,0.0],[73.601548,34.998539,0.0],[73.601503,34.998657,0.0],[73.601416,34.998883,0.0],[73.601326,34.999263,0.0],[73.601193,34.999642,0.0],[73.601145,35.000021,0.0],[73.601137,35.000436,0.0],[73.60122,35.000676,0.0],[73.601146,35.000807,0.0]]]}},{"type":"Feature","properties":{"rgi_id":"RGI2000-v7.0-G-14-24622","o1region":"14"},"geometry":{"type":"Polygon","coordinates":[[[73.646252,34.985694,0.0],[73.64608,34.986056,0.0],[73.646408,34.986333,0.0],[73.646792,34.98652,0.0],[73.647176,34.986752,0.0],[73.647559,34.98703,0.0],[73.648001,34.98708,0.0],[73.648444,34.987085,0.0],[73.648888,34.986999,0.0],[73.649225,34.986729,0.0],[73.649562,34.98646,0.0],[73.649952,34.986282,0.0],[73.650396,34.986241,0.0],[73.650841,34.986109,0.0],[73.651178,34.98584,0.0],[73.651239,34.985476,0.0],[73.650921,34.984606,0.0],[73.650866,34.984606,0.0],[73.650368,34.984555,0.0],[73.649927,34.984459,0.0],[73.649485,34.984408,0.0],[73.649042,34.984403,0.0],[73.648598,34.984444,0.0],[73.648153,34.984576,0.0],[73.647706,34.984798,0.0],[73.647316,34.984976,0.0],[73.646925,34.985154,0.0],[73.646589,34.985424,0.0],[73.646252,34.985694,0.0]]]}},{"type":"Feature","properties":{"rgi_id":"RGI2000-v7.0-G-14-24623","o1region":"14"},"geometry":{"type":"Polygon","coordinates":[[[73.655241,34.981578,0.0],[73.655079,34.981935,0.0],[73.654794,34.98224,0.0],[73.654448,34.982467,0.0],[73.654101,34.982694,0.0],[73.653816,34.982998,0.0],[73.653531,34.983277,0.0],[73.653556,34.983662,0.0],[73.653894,34.983947,0.0],[73.654264,34.984156,0.0],[73.654699,34.984264,0.0],[73.655164,34.984371,0.0],[73.655503,34.984606,0.0],[73.655935,34.984816,0.0],[73.656369,34.984974,0.0],[73.656676,34.98526,0.0],[73.656951,34.985545,0.0],[73.657353,34.985703,0.0],[73.657788,34.985785,0.0],[73.658286,34.98579,0.0],[73.658724,34.985718,0.0],[73.659193,34.985569,0.0],[73.659631,34.985446,0.0],[73.66007,34.985297,0.0],[73.660355,34.985018,0.0],[73.660609,34.984714,0.0],[73.660863,34.984409,0.0],[73.661148,34.98413,0.0],[73.661494,34.983903,0.0],[73.661931,34.983857,0.0],[73.662301,34.984066,0.0],[73.662671,34.984275,0.0],[73.663107,34.984331,0.0],[73.663541,34.984438,0.0],[73.663848,34.984698,0.0],[73.66425,34.984856,0.0],[73.664685,34.984938,0.0],[73.665152,34.984943,0.0],[73.665587,34.985025,0.0],[73.66602,34.985183,0.0],[73.666455,34.985239,0.0],[73.666741,34.984935,0.0],[73.666529,34.984548,0.0],[73.666035,34.984312,0.0],[73.665727,34.984052,0.0],[73.665389,34.983792,0.0],[73.665019,34.983557,0.0],[73.664681,34.983297,0.0],[73.664374,34.983012,0.0],[73.664098,34.982727,0.0],[73.663822,34.982442,0.0],[73.663484,34.982208,0.0],[73.66305,34.982075,0.0],[73.662585,34.981916,0.0],[73.662246,34.981681,0.0],[73.662034,34.981346,0.0],[73.661758,34.981061,0.0],[73.661388,34.980852,0.0],[73.660986,34.980668,0.0],[73.660458,34.980611,0.0],[73.660083,34.980658,0.0],[73.659553,34.980703,0.0],[73.659053,34.980775,0.0],[73.658586,34.980795,0.0],[73.658118,34.980816,0.0],[73.657651,34.980836,0.0],[73.657213,34.980934,0.0],[73.656867,34.981186,0.0],[73.65643,34.981233,0.0],[73.655993,34.981279,0.0],[73.655526,34.9813,0.0],[73.655241,34.981578,0.0]]]}},{"type":"Feature","properties":{"rgi_id":"RGI2000-v7.0-G-14-24624","o1region":"14"},"geometry":{"type":"Polygon","coordinates":[[[73.666436,34.987284,0.0],[73.6661,34.987554,0.0],[73.665762,34.987869,0.0],[73.665646,34.988232,0.0],[73.665917,34.988554,0.0],[73.66636,34.988559,0.0],[73.666803,34.988564,0.0],[73.667246,34.988569,0.0],[73.667689,34.988574,0.0],[73.668132,34.988579,0.0],[73.668575,34.988583,0.0],[73.669017,34.988588,0.0],[73.669073,34.988589,0.0],[73.669029,34.987859,0.0],[73.668869,34.987493,0.0],[73.668597,34.987171,0.0],[73.66827,34.986894,0.0],[73.667998,34.986572,0.0],[73.667782,34.986251,0.0],[73.667337,34.986383,0.0],[73.666999,34.986698,0.0],[73.666663,34.986968,0.0],[73.666436,34.987284,0.0]]]}},{"type":"Feature","properties":{"rgi_id":"RGI2000-v7.0-G-14-24625","o1region":"14"},"geometry":{"type":"Polygon","coordinates":[[[73.675232,34.994251,0.0],[73.675953,34.994214,0.0],[73.675959,34.993849,0.0],[73.675854,34.993483,0.0],[73.675749,34.993118,0.0],[73.675422,34.992795,0.0],[73.675095,34.992473,0.0],[73.674711,34.992241,0.0],[73.674327,34.992008,0.0],[73.673831,34.991866,0.0],[73.673391,34.991679,0.0],[73.672951,34.991538,0.0],[73.672508,34.991487,0.0],[73.672065,34.991482,0.0],[73.671623,34.991432,0.0],[73.67118,34.991473,0.0],[73.671174,34.991837,0.0],[73.671279,34.992203,0.0],[73.671662,34.992435,0.0],[73.67199,34.992712,0.0],[73.672374,34.992944,0.0],[73.672702,34.993221,0.0],[73.673143,34.993363,0.0],[73.673583,34.993504,0.0],[73.673968,34.993691,0.0],[73.674353,34.993877,0.0],[73.674792,34.994064,0.0],[73.675177,34.994251,0.0],[73.675232,34.994251,0.0]]]}},{"type":"Feature","properties":{"rgi_id":"RGI2000-v7.0-G-14-24626","o1region":"14"},"geometry":{"type":"Polygon","coordinates":[[[73.665974,34.998342,0.0],[73.665636,34.998658,0.0],[73.66552,34.999021,0.0],[73.665238,34.999337,0.0],[73.664846,34.99956,0.0],[73.664674,34.999923,0.0],[73.664668,35.000333,0.0],[73.664662,35.000697,0.0],[73.664767,35.001063,0.0],[73.665038,35.001385,0.0],[73.665255,35.001706,0.0],[73.665582,35.001983,0.0],[73.666634,35.001995,0.0],[73.666635,35.001949,0.0],[73.666973,35.001589,0.0],[73.667201,35.001227,0.0],[73.667373,35.000864,0.0],[73.66749,35.000455,0.0],[73.667496,35.000091,0.0],[73.667502,34.999726,0.0],[73.667342,34.99936,0.0],[73.667014,34.999083,0.0],[73.666686,34.998806,0.0],[73.666358,34.998529,0.0],[73.665974,34.998342,0.0]]]}},{"type":"Feature","properties":{"rgi_id":"RGI2000-v7.0-G-14-24787","o1region":"14"},"geometry":{"type":"Polygon","coordinates":[[[73.508689,35.003765,0.0],[73.508749,35.003857,0.0],[73.508791,35.003882,0.0],[73.509084,35.004181,0.0],[73.509377,35.004529,0.0],[73.50967,35.004828,0.0],[73.509843,35.005174,0.0],[73.509837,35.005511,0.0],[73.509956,35.005569,0.0],[73.510189,35.005916,0.0],[73.510181,35.006359,0.0],[73.510233,35.006753,0.0],[73.51023,35.006949,0.0],[73.510645,35.007102,0.0],[73.511061,35.007255,0.0],[73.511538,35.00731,0.0],[73.51196,35.007118,0.0],[73.512114,35.006287,0.0],[73.512115,35.006249,0.0],[73.512122,35.005874,0.0],[73.512129,35.005498,0.0],[73.512136,35.005085,0.0],[73.512143,35.004709,0.0],[73.51215,35.004333,0.0],[73.512156,35.003958,0.0],[73.512255,35.003546,0.0],[73.5124,35.003134,0.0],[73.512452,35.002759,0.0],[73.512505,35.002384,0.0],[73.512552,35.002045,0.0],[73.512355,35.001811,0.0],[73.512182,35.001464,0.0],[73.512009,35.001118,0.0],[73.512,35.001048,0.0],[73.511936,35.000987,0.0],[73.511668,35.000645,0.0],[73.511407,35.000423,0.0],[73.511304,35.00047,0.0],[73.510826,35.000464,0.0],[73.510288,35.000457,0.0],[73.509872,35.000305,0.0],[73.509458,35.000054,0.0],[73.50886,35.000046,0.0],[73.508445,34.999894,0.0],[73.508151,34.999595,0.0],[73.507675,34.999491,0.0],[73.507371,34.999782,0.0],[73.507185,35.000124,0.0],[73.507061,35.000385,0.0],[73.507196,35.000515,0.0],[73.507418,35.000856,0.0],[73.507549,35.001137,0.0],[73.507882,35.001264,0.0],[73.508296,35.001515,0.0],[73.508229,35.001908,0.0],[73.508162,35.0023,0.0],[73.508102,35.002651,0.0],[73.508115,35.002706,0.0],[73.508245,35.003083,0.0],[73.508421,35.003461,0.0],[73.508689,35.003765,0.0]]]}},{"type":"Feature","properties":{"rgi_id":"RGI2000-v7.0-G-14-24788","o1region":"14"},"geometry":{"type":"Polygon","coordinates":[[[73.513624,34.997793,0.0],[73.513624,34.997744,0.0],[73.513572,34.99735,0.0],[73.513399,34.997003,0.0],[73.513045,34.996753,0.0],[73.512568,34.996649,0.0],[73.512089,34.996692,0.0],[73.511668,34.996835,0.0],[73.511247,34.996977,0.0],[73.510708,34.997069,0.0],[73.510287,34.997211,0.0],[73.509807,34.997304,0.0],[73.509561,34.997694,0.0],[73.509613,34.998088,0.0],[73.510028,34.99829,0.0],[73.510505,34.998345,0.0],[73.511103,34.998352,0.0],[73.511582,34.998309,0.0],[73.512121,34.998267,0.0],[73.512661,34.998126,0.0],[73.513141,34.998033,0.0],[73.513624,34.997793,0.0]]]}},{"type":"Feature","properties":{"rgi_id":"RGI2000-v7.0-G-14-24789","o1region":"14"},"geometry":{"type":"Polygon","coordinates":[[[73.520012,34.994871,0.0],[73.520072,34.994872,0.0],[73.519778,34.994573,0.0],[73.519485,34.994274,0.0],[73.519252,34.993927,0.0],[73.518959,34.993628,0.0],[73.518546,34.993328,0.0],[73.518252,34.993029,0.0],[73.517899,34.99273,0.0],[73.517545,34.99248,0.0],[73.517069,34.992326,0.0],[73.516654,34.992174,0.0],[73.516238,34.992021,0.0],[73.51576,34.992015,0.0],[73.515397,34.992257,0.0],[73.515034,34.992498,0.0],[73.514966,34.99294,0.0],[73.51514,34.993286,0.0],[73.515494,34.993537,0.0],[73.515909,34.993689,0.0],[73.516325,34.993842,0.0],[73.516618,34.994141,0.0],[73.516912,34.994439,0.0],[73.517327,34.994641,0.0],[73.517741,34.994843,0.0],[73.518218,34.994947,0.0],[73.518694,34.995051,0.0],[73.519109,34.995253,0.0],[73.520012,34.994871,0.0]]]}},{"type":"Feature","properties":{"rgi_id":"RGI2000-v7.0-G-14-24790","o1region":"14"},"geometry":{"type":"Polygon","coordinates":[[[73.52559,34.99082,0.0],[73.525706,34.990951,0.0],[73.525998,34.991058,0.0],[73.526291,34.991357,0.0],[73.526644,34.991705,0.0],[73.526998,34.991955,0.0],[73.527352,34.992206,0.0],[73.527705,34.992505,0.0],[73.528121,34.992658,0.0],[73.528598,34.992713,0.0],[73.529076,34.992718,0.0],[73.529554,34.992724,0.0],[73.530032,34.99273,0.0],[73.53051,34.992736,0.0],[73.530988,34.992742,0.0],[73.531465,34.992846,0.0],[73.531879,34.993097,0.0],[73.532173,34.993304,0.0],[73.532532,34.993309,0.0],[73.533036,34.993239,0.0],[73.533081,34.99324,0.0],[73.533317,34.99283,0.0],[73.533048,34.992526,0.0],[73.532687,34.992296,0.0],[73.532279,34.992141,0.0],[73.531825,34.992022,0.0],[73.53151,34.991756,0.0],[73.531334,34.991378,0.0],[73.531065,34.991074,0.0],[73.530657,34.990919,0.0],[73.530202,34.990838,0.0],[73.529747,34.99072,0.0],[73.529292,34.990677,0.0],[73.528883,34.990521,0.0],[73.528476,34.990328,0.0],[73.528068,34.990136,0.0],[73.527614,34.990017,0.0],[73.527159,34.989937,0.0],[73.526705,34.989781,0.0],[73.526344,34.989551,0.0],[73.526037,34.989434,0.0],[73.525606,34.989577,0.0],[73.525421,34.98992,0.0],[73.525414,34.990313,0.0],[73.525526,34.990708,0.0],[73.525563,34.990793,0.0],[73.52559,34.99082,0.0]]]}},{"type":"Feature","properties":{"rgi_id":"RGI2000-v7.0-G-14-24791","o1region":"14"},"geometry":{"type":"Polygon","coordinates":[[[73.530779,34.965451,0.0],[73.530772,34.965835,0.0],[73.530703,34.966193,0.0],[73.530727,34.966578,0.0],[73.530783,34.966963,0.0],[73.530901,34.967323,0.0],[73.531082,34.967659,0.0],[73.531325,34.967995,0.0],[73.531631,34.968306,0.0],[73.531938,34.968566,0.0],[73.532338,34.968802,0.0],[73.53274,34.96896,0.0],[73.533177,34.968889,0.0],[73.533246,34.968531,0.0],[73.533128,34.968171,0.0],[73.53279,34.967936,0.0],[73.532671,34.967575,0.0],[73.532926,34.967271,0.0],[73.533333,34.967122,0.0],[73.533396,34.967097,0.0],[73.533651,34.966793,0.0],[73.533689,34.966409,0.0],[73.533633,34.966049,0.0],[73.533294,34.965814,0.0],[73.532988,34.965554,0.0],[73.532901,34.965194,0.0],[73.532531,34.964985,0.0],[73.532096,34.964928,0.0],[73.531661,34.964846,0.0],[73.531194,34.964841,0.0],[73.530817,34.965067,0.0],[73.530779,34.965451,0.0]]]}},{"type":"Feature","properties":{"rgi_id":"RGI2000-v7.0-G-14-24792","o1region":"14"},"geometry":{"type":"Polygon","coordinates":[[[73.550091,34.966794,0.0],[73.550549,34.966765,0.0],[73.551007,34.966668,0.0],[73.551466,34.966537,0.0],[73.551883,34.966405,0.0],[73.552341,34.966342,0.0],[73.552839,34.966348,0.0],[73.553294,34.966456,0.0],[73.55375,34.966495,0.0],[73.554248,34.966501,0.0],[73.554746,34.966507,0.0],[73.555203,34.966513,0.0],[73.555662,34.966382,0.0],[73.555834,34.966042,0.0],[73.555841,34.965632,0.0],[73.555848,34.965256,0.0],[73.555813,34.96488,0.0],[73.555695,34.964502,0.0],[73.555535,34.964159,0.0],[73.555375,34.963815,0.0],[73.555005,34.963605,0.0],[73.554592,34.963464,0.0],[73.554096,34.963355,0.0],[73.553639,34.96335,0.0],[73.553183,34.96331,0.0],[73.552727,34.963305,0.0],[73.552567,34.962961,0.0],[73.552739,34.962621,0.0],[73.553196,34.962593,0.0],[73.553653,34.962598,0.0],[73.553866,34.962259,0.0],[73.553873,34.961883,0.0],[73.553921,34.961508,0.0],[73.553886,34.961131,0.0],[73.553558,34.960888,0.0],[73.553146,34.960712,0.0],[73.552818,34.960469,0.0],[73.552406,34.960293,0.0],[73.551993,34.960152,0.0],[73.551581,34.96001,0.0],[73.551253,34.959767,0.0],[73.550925,34.959524,0.0],[73.550597,34.959281,0.0],[73.550141,34.959241,0.0],[73.549764,34.959442,0.0],[73.549347,34.959573,0.0],[73.54889,34.959602,0.0],[73.548432,34.959665,0.0],[73.547932,34.959762,0.0],[73.547474,34.959859,0.0],[73.547016,34.959887,0.0],[73.546559,34.95995,0.0],[73.546102,34.959979,0.0],[73.545602,34.960041,0.0],[73.545145,34.96007,0.0],[73.544687,34.960133,0.0],[73.54423,34.960196,0.0],[73.543771,34.960293,0.0],[73.543314,34.960321,0.0],[73.542858,34.960316,0.0],[73.542401,34.960311,0.0],[73.541945,34.960271,0.0],[73.541575,34.960061,0.0],[73.541247,34.959818,0.0],[73.541046,34.959474,0.0],[73.540718,34.959231,0.0],[73.540307,34.959021,0.0],[73.539852,34.958913,0.0],[73.539396,34.958873,0.0],[73.538979,34.959005,0.0],[73.538642,34.95924,0.0],[73.538224,34.959406,0.0],[73.537928,34.95971,0.0],[73.537756,34.96005,0.0],[73.537749,34.960425,0.0],[73.537867,34.960803,0.0],[73.538069,34.961147,0.0],[73.53827,34.961491,0.0],[73.538556,34.961768,0.0],[73.538968,34.961944,0.0],[73.539254,34.962221,0.0],[73.539539,34.962498,0.0],[73.539574,34.962874,0.0],[73.539734,34.963218,0.0],[73.539894,34.963561,0.0],[73.540138,34.963872,0.0],[73.540423,34.964149,0.0],[73.540751,34.964392,0.0],[73.541163,34.964602,0.0],[73.54149,34.964845,0.0],[73.541946,34.964919,0.0],[73.542282,34.964684,0.0],[73.542781,34.964655,0.0],[73.543024,34.964966,0.0],[73.543059,34.965342,0.0],[73.543219,34.965686,0.0],[73.543379,34.96603,0.0],[73.543539,34.966373,0.0],[73.543615,34.96675,0.0],[73.54365,34.967127,0.0],[73.543644,34.967503,0.0],[73.543636,34.967913,0.0],[73.54363,34.968288,0.0],[73.543665,34.968665,0.0],[73.543825,34.969008,0.0],[73.54411,34.969285,0.0],[73.544566,34.969359,0.0],[73.545022,34.969399,0.0],[73.545863,34.968794,0.0],[73.545905,34.968726,0.0],[73.546283,34.968491,0.0],[73.546538,34.968187,0.0],[73.546834,34.967882,0.0],[73.547088,34.967578,0.0],[73.547425,34.967343,0.0],[73.547802,34.967142,0.0],[73.548219,34.96701,0.0],[73.548719,34.966914,0.0],[73.549177,34.966851,0.0],[73.549634,34.966822,0.0],[73.550091,34.966794,0.0]]]}},{"type":"Feature","properties":{"rgi_id":"RGI2000-v7.0-G-14-24793","o1region":"14"},"geometry":{"type":"Polygon","coordinates":[[[73.551995,34.967124,0.0],[73.551538,34.967153,0.0],[73.55112,34.967319,0.0],[73.550784,34.967554,0.0],[73.550447,34.967789,0.0],[73.550111,34.968024,0.0],[73.549775,34.968259,0.0],[73.549439,34.968495,0.0],[73.549432,34.968871,0.0],[73.549676,34.969181,0.0],[73.550088,34.969357,0.0],[73.550458,34.969566,0.0],[73.550827,34.96981,0.0],[73.551239,34.969986,0.0],[73.551693,34.970128,0.0],[73.552149,34.970202,0.0],[73.552605,34.970207,0.0],[73.553062,34.970213,0.0],[73.55352,34.970115,0.0],[73.553939,34.969915,0.0],[73.554316,34.969715,0.0],[73.554653,34.96948,0.0],[73.554989,34.96921,0.0],[73.555367,34.96901,0.0],[73.555744,34.968775,0.0],[73.556166,34.968438,0.0],[73.556166,34.968404,0.0],[73.556303,34.967722,0.0],[73.556143,34.967378,0.0],[73.555688,34.967236,0.0],[73.555233,34.967162,0.0],[73.554776,34.967157,0.0],[73.55432,34.967152,0.0],[73.553822,34.967146,0.0],[73.553365,34.96714,0.0],[73.552909,34.967135,0.0],[73.552452,34.967129,0.0],[73.551995,34.967124,0.0]]]}},{"type":"Feature","properties":{"rgi_id":"RGI2000-v7.0-G-14-24794","o1region":"14"},"geometry":{"type":"Polygon","coordinates":[[[73.558153,34.982964,0.0],[73.55848,34.983241,0.0],[73.558808,34.983484,0.0],[73.559178,34.983694,0.0],[73.559635,34.983699,0.0],[73.559972,34.98343,0.0],[73.56043,34.983333,0.0],[73.560888,34.98327,0.0],[73.561345,34.983275,0.0],[73.561842,34.98335,0.0],[73.562298,34.983389,0.0],[73.562753,34.983463,0.0],[73.56321,34.983502,0.0],[73.563627,34.983371,0.0],[73.563923,34.983101,0.0],[73.564218,34.982831,0.0],[73.564554,34.982596,0.0],[73.564768,34.982256,0.0],[73.564774,34.98188,0.0],[73.564656,34.981503,0.0],[73.564455,34.981125,0.0],[73.564212,34.980814,0.0],[73.563926,34.980538,0.0],[73.563598,34.980294,0.0],[73.563228,34.980085,0.0],[73.562772,34.980045,0.0],[73.562315,34.98004,0.0],[73.561856,34.980171,0.0],[73.561398,34.980268,0.0],[73.560941,34.980263,0.0],[73.560485,34.980189,0.0],[73.560073,34.980048,0.0],[73.559745,34.979804,0.0],[73.559334,34.97956,0.0],[73.559048,34.979284,0.0],[73.558762,34.979007,0.0],[73.558602,34.978663,0.0],[73.558567,34.978287,0.0],[73.558903,34.978051,0.0],[73.55924,34.977816,0.0],[73.559657,34.977684,0.0],[73.559953,34.977415,0.0],[73.560248,34.977145,0.0],[73.560543,34.976875,0.0],[73.56088,34.97664,0.0],[73.561093,34.9763,0.0],[73.561265,34.975961,0.0],[73.561396,34.975586,0.0],[73.561568,34.975246,0.0],[73.56174,34.974907,0.0],[73.561912,34.974567,0.0],[73.56222,34.97358,0.0],[73.562221,34.973545,0.0],[73.562144,34.973168,0.0],[73.561901,34.972858,0.0],[73.561531,34.972614,0.0],[73.561246,34.972338,0.0],[73.56096,34.972061,0.0],[73.560716,34.97175,0.0],[73.560556,34.971407,0.0],[73.560354,34.971062,0.0],[73.560194,34.970719,0.0],[73.560036,34.970307,0.0],[73.559792,34.969962,0.0],[73.559422,34.969753,0.0],[73.55901,34.969611,0.0],[73.558513,34.969537,0.0],[73.558057,34.969497,0.0],[73.557601,34.969424,0.0],[73.557144,34.969452,0.0],[73.556808,34.969688,0.0],[73.556431,34.969888,0.0],[73.556054,34.970089,0.0],[73.555636,34.97022,0.0],[73.555219,34.970352,0.0],[73.554882,34.970587,0.0],[73.554546,34.970823,0.0],[73.554209,34.971092,0.0],[73.554037,34.971432,0.0],[73.553947,34.971807,0.0],[73.553899,34.972182,0.0],[73.553892,34.972592,0.0],[73.553885,34.972968,0.0],[73.553879,34.973344,0.0],[73.553789,34.973719,0.0],[73.553658,34.974093,0.0],[73.553486,34.974433,0.0],[73.55319,34.974737,0.0],[73.552854,34.974972,0.0],[73.552475,34.975241,0.0],[73.552139,34.975476,0.0],[73.55168,34.975607,0.0],[73.551179,34.975738,0.0],[73.550762,34.97587,0.0],[73.550343,34.97607,0.0],[73.550048,34.97634,0.0],[73.549793,34.976644,0.0],[73.54958,34.976984,0.0],[73.549407,34.977323,0.0],[73.549318,34.977698,0.0],[73.54927,34.978073,0.0],[73.549263,34.978449,0.0],[73.549381,34.978827,0.0],[73.549751,34.979036,0.0],[73.550208,34.979042,0.0],[73.550666,34.978979,0.0],[73.551124,34.978882,0.0],[73.551666,34.978751,0.0],[73.552166,34.978655,0.0],[73.552665,34.978592,0.0],[73.553123,34.978564,0.0],[73.553581,34.978467,0.0],[73.553999,34.978335,0.0],[73.554416,34.978203,0.0],[73.554873,34.978209,0.0],[73.555328,34.978317,0.0],[73.555783,34.978425,0.0],[73.556239,34.978464,0.0],[73.556695,34.978504,0.0],[73.55702,34.978918,0.0],[73.557019,34.978952,0.0],[73.556724,34.979222,0.0],[73.55651,34.979561,0.0],[73.556462,34.979936,0.0],[73.556455,34.980312,0.0],[73.556573,34.98069,0.0],[73.556733,34.981033,0.0],[73.556935,34.981377,0.0],[73.557179,34.981688,0.0],[73.55738,34.982032,0.0],[73.557624,34.982343,0.0],[73.557909,34.982654,0.0],[73.558153,34.982964,0.0]]]}},{"type":"Feature","properties":{"rgi_id":"RGI2000-v7.0-G-14-24795","o1region":"14"},"geometry":{"type":"Polygon","coordinates":[[[73.574284,34.968183,0.0],[73.573737,34.967812,0.0],[73.573296,34.967716,0.0],[73.572855,34.967619,0.0],[73.572527,34.967342,0.0],[73.572145,34.967064,0.0],[73.57176,34.966877,0.0],[73.571318,34.966827,0.0],[73.570874,34.966913,0.0],[73.570483,34.96709,0.0],[73.570201,34.967406,0.0],[73.569811,34.967584,0.0],[73.569366,34.967669,0.0],[73.569249,34.968033,0.0],[73.569465,34.968354,0.0],[73.569849,34.968541,0.0],[73.57029,34.968683,0.0],[73.570732,34.968734,0.0],[73.571228,34.968831,0.0],[73.571671,34.968836,0.0],[73.572114,34.968841,0.0],[73.572612,34.968847,0.0],[73.573055,34.968807,0.0],[73.573555,34.968721,0.0],[73.574001,34.968544,0.0],[73.574283,34.968229,0.0],[73.574284,34.968183,0.0]]]}},{"type":"Feature","properties":{"rgi_id":"RGI2000-v7.0-G-14-24796","o1region":"14"},"geometry":{"type":"Polygon","coordinates":[[[73.572893,34.962197,0.0],[73.572844,34.961832,0.0],[73.57274,34.961466,0.0],[73.572636,34.9611,0.0],[73.572587,34.960735,0.0],[73.572371,34.960368,0.0],[73.571931,34.960226,0.0],[73.571488,34.960267,0.0],[73.571043,34.960398,0.0],[73.570651,34.960621,0.0],[73.570261,34.960799,0.0],[73.569816,34.960931,0.0],[73.56937,34.961062,0.0],[73.56898,34.96124,0.0],[73.568589,34.961463,0.0],[73.568198,34.961641,0.0],[73.568136,34.962004,0.0],[73.56813,34.962369,0.0],[73.568178,34.96278,0.0],[73.568116,34.963143,0.0],[73.567671,34.963275,0.0],[73.567226,34.963406,0.0],[73.566614,34.963581,0.0],[73.56617,34.963667,0.0],[73.565726,34.963708,0.0],[73.56528,34.963885,0.0],[73.564998,34.9642,0.0],[73.56477,34.964562,0.0],[73.56438,34.96474,0.0],[73.564043,34.965009,0.0],[73.563815,34.965371,0.0],[73.563809,34.965736,0.0],[73.564249,34.965877,0.0],[73.56469,34.965974,0.0],[73.565132,34.96607,0.0],[73.565574,34.966121,0.0],[73.566016,34.966172,0.0],[73.566457,34.966268,0.0],[73.566896,34.966456,0.0],[73.567339,34.966461,0.0],[73.56778,34.966557,0.0],[73.568223,34.966562,0.0],[73.568666,34.966568,0.0],[73.569109,34.966573,0.0],[73.5695,34.96635,0.0],[73.56989,34.966172,0.0],[73.570281,34.965994,0.0],[73.570726,34.965863,0.0],[73.57162,34.965418,0.0],[73.571675,34.965418,0.0],[73.57212,34.965287,0.0],[73.572402,34.964971,0.0],[73.572519,34.964608,0.0],[73.572636,34.964245,0.0],[73.573081,34.964113,0.0],[73.573525,34.964073,0.0],[73.573968,34.964078,0.0],[73.574411,34.964083,0.0],[73.574852,34.96418,0.0],[73.575347,34.964322,0.0],[73.575789,34.964418,0.0],[73.576231,34.964424,0.0],[73.576674,34.964429,0.0],[73.577117,34.964434,0.0],[73.57756,34.964439,0.0],[73.577842,34.964124,0.0],[73.577626,34.963802,0.0],[73.577242,34.963615,0.0],[73.576801,34.963473,0.0],[73.576417,34.963287,0.0],[73.575975,34.963236,0.0],[73.575532,34.963231,0.0],[73.57509,34.96318,0.0],[73.574649,34.963084,0.0],[73.574207,34.963033,0.0],[73.573765,34.962982,0.0],[73.573325,34.96284,0.0],[73.572998,34.962563,0.0],[73.572893,34.962197,0.0]]]}},{"type":"Feature","properties":{"rgi_id":"RGI2000-v7.0-G-14-24797","o1region":"14"},"geometry":{"type":"Polygon","coordinates":[[[73.552657,34.958009,0.0],[73.552658,34.957959,0.0],[73.552425,34.957612,0.0],[73.552072,34.957313,0.0],[73.551656,34.957161,0.0],[73.551241,34.957008,0.0],[73.550764,34.956904,0.0],[73.550287,34.956849,0.0],[73.549812,34.956696,0.0],[73.549334,34.95669,0.0],[73.549148,34.957081,0.0],[73.549082,34.957474,0.0],[73.549015,34.957867,0.0],[73.549369,34.958117,0.0],[73.549784,34.958319,0.0],[73.55026,34.958423,0.0],[73.550675,34.958575,0.0],[73.551151,34.958679,0.0],[73.551628,34.958734,0.0],[73.552167,34.958691,0.0],[73.552646,34.958648,0.0],[73.552657,34.958009,0.0]]]}},{"type":"Feature","properties":{"rgi_id":"RGI2000-v7.0-G-14-24798","o1region":"14"},"geometry":{"type":"Polygon","coordinates":[[[73.556845,34.948307,0.0],[73.557477,34.948019,0.0],[73.557484,34.947651,0.0],[73.55749,34.947282,0.0],[73.557317,34.946948,0.0],[73.557144,34.946577,0.0],[73.556971,34.946206,0.0],[73.556888,34.945836,0.0],[73.556939,34.945468,0.0],[73.556946,34.945062,0.0],[73.557042,34.944694,0.0],[73.557139,34.944326,0.0],[73.55719,34.943958,0.0],[73.557197,34.943552,0.0],[73.556934,34.943217,0.0],[73.556533,34.943065,0.0],[73.556041,34.943022,0.0],[73.555593,34.943054,0.0],[73.5551,34.943048,0.0],[73.554653,34.943006,0.0],[73.554161,34.942963,0.0],[73.553625,34.942883,0.0],[73.553224,34.94273,0.0],[73.552777,34.942651,0.0],[73.55233,34.942646,0.0],[73.551878,34.942825,0.0],[73.551782,34.943193,0.0],[73.551776,34.943562,0.0],[73.551859,34.943932,0.0],[73.552077,34.944266,0.0],[73.552385,34.944565,0.0],[73.552604,34.9449,0.0],[73.552777,34.945234,0.0],[73.55304,34.945532,0.0],[73.553395,34.945757,0.0],[73.553704,34.946019,0.0],[73.554013,34.946281,0.0],[73.554367,34.946544,0.0],[73.554721,34.946806,0.0],[73.55503,34.947068,0.0],[73.555293,34.947366,0.0],[73.555557,34.947665,0.0],[73.555955,34.947928,0.0],[73.5564,34.948117,0.0],[73.5568,34.948307,0.0],[73.556845,34.948307,0.0]]]}},{"type":"Feature","properties":{"rgi_id":"RGI2000-v7.0-G-14-24799","o1region":"14"},"geometry":{"type":"Polygon","coordinates":[[[73.550078,34.94075,0.0],[73.550033,34.940749,0.0],[73.54977,34.940451,0.0],[73.549596,34.940117,0.0],[73.549469,34.939747,0.0],[73.549341,34.939376,0.0],[73.549169,34.938968,0.0],[73.54886,34.938706,0.0],[73.54841,34.938775,0.0],[73.548135,34.93914,0.0],[73.547861,34.939432,0.0],[73.547543,34.939687,0.0],[73.54718,34.939941,0.0],[73.546906,34.940269,0.0],[73.54672,34.940636,0.0],[73.546535,34.940966,0.0],[73.546484,34.941334,0.0],[73.546974,34.941488,0.0],[73.547422,34.941456,0.0],[73.547917,34.941351,0.0],[73.548366,34.941283,0.0],[73.548772,34.94114,0.0],[73.550078,34.94075,0.0]]]}},{"type":"Feature","properties":{"rgi_id":"RGI2000-v7.0-G-14-24800","o1region":"14"},"geometry":{"type":"Polygon","coordinates":[[[73.54505,34.9363,0.0],[73.544052,34.936989,0.0],[73.54391,34.937393,0.0],[73.543814,34.937761,0.0],[73.543628,34.938164,0.0],[73.543443,34.938494,0.0],[73.543213,34.938823,0.0],[73.542939,34.939115,0.0],[73.54262,34.939443,0.0],[73.5423,34.939772,0.0],[73.54207,34.940101,0.0],[73.541795,34.940466,0.0],[73.541477,34.940721,0.0],[73.541336,34.941088,0.0],[73.541691,34.941314,0.0],[73.542138,34.941319,0.0],[73.542632,34.941288,0.0],[73.543126,34.941183,0.0],[73.543621,34.941079,0.0],[73.544071,34.940973,0.0],[73.544521,34.940868,0.0],[73.54506,34.940801,0.0],[73.545465,34.940658,0.0],[73.545739,34.940366,0.0],[73.545835,34.939998,0.0],[73.545887,34.93963,0.0],[73.545893,34.939261,0.0],[73.545855,34.938892,0.0],[73.545817,34.938522,0.0],[73.545734,34.938153,0.0],[73.545561,34.937782,0.0],[73.545343,34.937447,0.0],[73.545215,34.937077,0.0],[73.545042,34.936706,0.0],[73.545049,34.936337,0.0],[73.54505,34.9363,0.0]]]}},{"type":"Feature","properties":{"rgi_id":"RGI2000-v7.0-G-14-24801","o1region":"14"},"geometry":{"type":"Polygon","coordinates":[[[73.544022,34.933631,0.0],[73.544021,34.933668,0.0],[73.543746,34.934034,0.0],[73.543472,34.934326,0.0],[73.543197,34.934654,0.0],[73.543011,34.935021,0.0],[73.542693,34.935276,0.0],[73.542419,34.935567,0.0],[73.542683,34.935866,0.0],[73.543132,34.935797,0.0],[73.543581,34.935729,0.0],[73.54403,34.935661,0.0],[73.54448,34.935592,0.0],[73.544886,34.935413,0.0],[73.545293,34.935196,0.0],[73.545656,34.934942,0.0],[73.545886,34.934613,0.0],[73.545892,34.934244,0.0],[73.545719,34.93391,0.0],[73.545501,34.933575,0.0],[73.545327,34.933241,0.0],[73.545019,34.932942,0.0],[73.544528,34.932863,0.0],[73.544122,34.933005,0.0],[73.544022,34.933631,0.0]]]}},{"type":"Feature","properties":{"rgi_id":"RGI2000-v7.0-G-14-24802","o1region":"14"},"geometry":{"type":"Polygon","coordinates":[[[73.542219,34.931691,0.0],[73.54222,34.931655,0.0],[73.542227,34.931249,0.0],[73.542234,34.93088,0.0],[73.54224,34.930511,0.0],[73.542247,34.930142,0.0],[73.542119,34.929772,0.0],[73.541628,34.929655,0.0],[73.541179,34.929724,0.0],[73.541038,34.930091,0.0],[73.540987,34.930459,0.0],[73.541025,34.930829,0.0],[73.541108,34.931199,0.0],[73.541326,34.931533,0.0],[73.54159,34.931832,0.0],[73.542219,34.931691,0.0]]]}},{"type":"Feature","properties":{"rgi_id":"RGI2000-v7.0-G-14-24803","o1region":"14"},"geometry":{"type":"Polygon","coordinates":[[[73.507975,34.94668,0.0],[73.50839,34.94646,0.0],[73.508714,34.946201,0.0],[73.508721,34.945825,0.0],[73.508452,34.945521,0.0],[73.508138,34.945254,0.0],[73.507823,34.944988,0.0],[73.507508,34.944721,0.0],[73.507148,34.944453,0.0],[73.506834,34.944149,0.0],[73.506473,34.943919,0.0],[73.506159,34.943614,0.0],[73.505937,34.943273,0.0],[73.505669,34.942969,0.0],[73.505447,34.942629,0.0],[73.505179,34.942325,0.0],[73.505003,34.941984,0.0],[73.504826,34.941644,0.0],[73.50465,34.941304,0.0],[73.50452,34.940926,0.0],[73.504435,34.940549,0.0],[73.504259,34.940209,0.0],[73.504083,34.939869,0.0],[73.503815,34.939527,0.0],[73.503547,34.939186,0.0],[73.503279,34.938882,0.0],[73.502918,34.938652,0.0],[73.50251,34.938496,0.0],[73.502103,34.938341,0.0],[73.501194,34.938104,0.0],[73.501104,34.938066,0.0],[73.500603,34.937984,0.0],[73.500147,34.937979,0.0],[73.499691,34.937973,0.0],[73.499322,34.938194,0.0],[73.499315,34.93857,0.0],[73.499445,34.938947,0.0],[73.499713,34.939251,0.0],[73.50012,34.939482,0.0],[73.500481,34.939711,0.0],[73.500886,34.93998,0.0],[73.501294,34.940172,0.0],[73.501562,34.940476,0.0],[73.501876,34.940743,0.0],[73.502098,34.941122,0.0],[73.502274,34.941462,0.0],[73.502404,34.94184,0.0],[73.502534,34.942217,0.0],[73.502802,34.942558,0.0],[73.502857,34.942666,0.0],[73.502798,34.942784,0.0],[73.502654,34.943158,0.0],[73.502465,34.943494,0.0],[73.502095,34.943752,0.0],[73.501771,34.944011,0.0],[73.501492,34.944308,0.0],[73.501213,34.944606,0.0],[73.500844,34.944826,0.0],[73.500429,34.945047,0.0],[73.500331,34.945421,0.0],[73.500461,34.945799,0.0],[73.500729,34.94614,0.0],[73.500997,34.946444,0.0],[73.501311,34.946711,0.0],[73.501765,34.946867,0.0],[73.502221,34.94691,0.0],[73.502628,34.947066,0.0],[73.503083,34.947146,0.0],[73.50354,34.947152,0.0],[73.503996,34.947158,0.0],[73.504453,34.947126,0.0],[73.504863,34.947131,0.0],[73.505271,34.947324,0.0],[73.505726,34.947367,0.0],[73.50614,34.947184,0.0],[73.506644,34.947077,0.0],[73.507102,34.947008,0.0],[73.507561,34.946863,0.0],[73.507975,34.94668,0.0]]]}},{"type":"Feature","properties":{"rgi_id":"RGI2000-v7.0-G-14-24804","o1region":"14"},"geometry":{"type":"Polygon","coordinates":[[[73.491583,34.937196,0.0],[73.491213,34.937417,0.0],[73.490934,34.937714,0.0],[73.490564,34.937973,0.0],[73.490375,34.938346,0.0],[73.490597,34.938687,0.0],[73.490865,34.938991,0.0],[73.490496,34.939212,0.0],[73.490042,34.939094,0.0],[73.489588,34.938975,0.0],[73.489088,34.938856,0.0],[73.488632,34.938851,0.0],[73.488175,34.938883,0.0],[73.487762,34.939028,0.0],[73.487348,34.93921,0.0],[73.486933,34.939431,0.0],[73.486519,34.939576,0.0],[73.486106,34.939721,0.0],[73.485781,34.940018,0.0],[73.485774,34.940393,0.0],[73.486182,34.940549,0.0],[73.486638,34.940592,0.0],[73.487093,34.940635,0.0],[73.487501,34.940791,0.0],[73.487816,34.941058,0.0],[73.48813,34.941324,0.0],[73.488491,34.941554,0.0],[73.488991,34.941636,0.0],[73.489537,34.941755,0.0],[73.489993,34.941761,0.0],[73.490448,34.941842,0.0],[73.490856,34.941997,0.0],[73.491263,34.94219,0.0],[73.491669,34.942458,0.0],[73.491937,34.942762,0.0],[73.492159,34.943103,0.0],[73.492335,34.943444,0.0],[73.492465,34.943821,0.0],[73.492642,34.944161,0.0],[73.492772,34.944539,0.0],[73.492948,34.944879,0.0],[73.493124,34.945219,0.0],[73.493484,34.945487,0.0],[73.493892,34.94568,0.0],[73.494298,34.94591,0.0],[73.494753,34.945991,0.0],[73.495208,34.946072,0.0],[73.495663,34.946153,0.0],[73.496164,34.946197,0.0],[73.49662,34.946202,0.0],[73.497034,34.946057,0.0],[73.497448,34.945874,0.0],[73.497772,34.945615,0.0],[73.49796,34.945279,0.0],[73.498104,34.944905,0.0],[73.498202,34.944531,0.0],[73.498209,34.944155,0.0],[73.498216,34.943779,0.0],[73.498177,34.943403,0.0],[73.498138,34.943027,0.0],[73.498145,34.942651,0.0],[73.498152,34.942276,0.0],[73.497976,34.941935,0.0],[73.497891,34.941558,0.0],[73.498171,34.941261,0.0],[73.498584,34.941116,0.0],[73.49863,34.941079,0.0],[73.499264,34.94135,0.0],[73.499721,34.941318,0.0],[73.500179,34.941211,0.0],[73.500368,34.940875,0.0],[73.500329,34.940499,0.0],[73.500107,34.940158,0.0],[73.499699,34.940002,0.0],[73.499243,34.939997,0.0],[73.498788,34.939954,0.0],[73.49838,34.939798,0.0],[73.49825,34.939421,0.0],[73.498074,34.939081,0.0],[73.497713,34.938851,0.0],[73.497305,34.938695,0.0],[73.496897,34.93854,0.0],[73.496489,34.938385,0.0],[73.496034,34.938304,0.0],[73.495626,34.938148,0.0],[73.495219,34.937955,0.0],[73.494813,34.937725,0.0],[73.494453,34.937457,0.0],[73.494092,34.937228,0.0],[73.493731,34.936998,0.0],[73.49337,34.936768,0.0],[73.492868,34.936761,0.0],[73.492455,34.936907,0.0],[73.491997,34.937014,0.0],[73.491583,34.937196,0.0]]]}},{"type":"Feature","properties":{"rgi_id":"RGI2000-v7.0-G-14-24805","o1region":"14"},"geometry":{"type":"Polygon","coordinates":[[[73.500087,34.936747,0.0],[73.50053,34.936837,0.0],[73.500974,34.936927,0.0],[73.501418,34.936961,0.0],[73.501864,34.93691,0.0],[73.502211,34.936633,0.0],[73.502355,34.936268,0.0],[73.502395,34.935902,0.0],[73.502402,34.935536,0.0],[73.502409,34.935141,0.0],[73.502416,34.934747,0.0],[73.50232,34.934379,0.0],[73.502155,34.934039,0.0],[73.501922,34.933726,0.0],[73.501688,34.933413,0.0],[73.50142,34.9331,0.0],[73.501117,34.932786,0.0],[73.500849,34.932501,0.0],[73.500581,34.932188,0.0],[73.500312,34.931903,0.0],[73.499975,34.931617,0.0],[73.499637,34.931387,0.0],[73.4993,34.931129,0.0],[73.498928,34.930871,0.0],[73.498555,34.930669,0.0],[73.498183,34.930439,0.0],[73.497775,34.930293,0.0],[73.497367,34.930119,0.0],[73.496925,34.929973,0.0],[73.496447,34.92991,0.0],[73.496004,34.929849,0.0],[73.49556,34.929787,0.0],[73.495116,34.929753,0.0],[73.494671,34.929719,0.0],[73.494227,34.929714,0.0],[73.493782,34.929708,0.0],[73.493335,34.929787,0.0],[73.492889,34.929866,0.0],[73.492476,34.930002,0.0],[73.492062,34.930194,0.0],[73.491715,34.930444,0.0],[73.491368,34.930693,0.0],[73.491022,34.930942,0.0],[73.490641,34.931163,0.0],[73.490227,34.931327,0.0],[73.489781,34.931406,0.0],[73.489336,34.931429,0.0],[73.488893,34.931338,0.0],[73.488485,34.931164,0.0],[73.48804,34.931159,0.0],[73.487596,34.931153,0.0],[73.48715,34.931204,0.0],[73.486702,34.931339,0.0],[73.486289,34.931475,0.0],[73.48601,34.931754,0.0],[73.485935,34.932119,0.0],[73.485758,34.932455,0.0],[73.485546,34.932791,0.0],[73.485471,34.933156,0.0],[73.48543,34.933522,0.0],[73.485838,34.933696,0.0],[73.486285,34.933589,0.0],[73.486698,34.933425,0.0],[73.487143,34.93343,0.0],[73.487587,34.933464,0.0],[73.487995,34.933638,0.0],[73.488367,34.933868,0.0],[73.488436,34.933869,0.0],[73.488949,34.933876,0.0],[73.489462,34.933882,0.0],[73.489941,34.933888,0.0],[73.490386,34.933894,0.0],[73.490865,34.933899,0.0],[73.49131,34.933905,0.0],[73.491754,34.933911,0.0],[73.492199,34.933944,0.0],[73.492642,34.934034,0.0],[73.493086,34.934096,0.0],[73.493564,34.934158,0.0],[73.494042,34.934221,0.0],[73.494519,34.934283,0.0],[73.494963,34.934345,0.0],[73.495371,34.934519,0.0],[73.495605,34.934832,0.0],[73.495873,34.935117,0.0],[73.496107,34.93543,0.0],[73.496375,34.935743,0.0],[73.496678,34.936029,0.0],[73.497015,34.936287,0.0],[73.497388,34.936489,0.0],[73.497831,34.936579,0.0],[73.498276,34.936584,0.0],[73.49872,34.936618,0.0],[73.499164,34.93668,0.0],[73.499643,34.936686,0.0],[73.500087,34.936747,0.0]]]}},{"type":"Feature","properties":{"rgi_id":"RGI2000-v7.0-G-14-24806","o1region":"14"},"geometry":{"type":"Polygon","coordinates":[[[73.503578,34.920041,0.0],[73.503534,34.920041,0.0],[73.503361,34.919707,0.0],[73.503188,34.919372,0.0],[73.50297,34.919038,0.0],[73.502616,34.918775,0.0],[73.502169,34.918733,0.0],[73.50172,34.918801,0.0],[73.501269,34.918943,0.0],[73.50082,34.919011,0.0],[73.500415,34.919154,0.0],[73.500009,34.919296,0.0],[73.499735,34.919588,0.0],[73.499639,34.919956,0.0],[73.499632,34.920325,0.0],[73.50008,34.92033,0.0],[73.500617,34.920337,0.0],[73.501064,34.920379,0.0],[73.501512,34.920385,0.0],[73.502049,34.920391,0.0],[73.502498,34.92036,0.0],[73.503578,34.920041,0.0]]]}},{"type":"Feature","properties":{"rgi_id":"RGI2000-v7.0-G-14-24807","o1region":"14"},"geometry":{"type":"Polygon","coordinates":[[[73.501705,34.914269,0.0],[73.501718,34.913581,0.0],[73.501359,34.913367,0.0],[73.500962,34.913213,0.0],[73.500603,34.912999,0.0],[73.500244,34.912755,0.0],[73.49981,34.91269,0.0],[73.499301,34.912684,0.0],[73.498934,34.912919,0.0],[73.498531,34.913123,0.0],[73.498164,34.913358,0.0],[73.497832,34.913623,0.0],[73.497645,34.91395,0.0],[73.497565,34.914307,0.0],[73.497163,34.914482,0.0],[73.497448,34.914785,0.0],[73.497882,34.91488,0.0],[73.498351,34.915035,0.0],[73.49882,34.91519,0.0],[73.498959,34.915551,0.0],[73.499025,34.915911,0.0],[73.499459,34.916006,0.0],[73.499861,34.915861,0.0],[73.500194,34.915506,0.0],[73.500526,34.915211,0.0],[73.500642,34.914854,0.0],[73.500865,34.914528,0.0],[73.501232,34.914323,0.0],[73.501669,34.914268,0.0],[73.501705,34.914269,0.0]]]}},{"type":"Feature","properties":{"rgi_id":"RGI2000-v7.0-G-14-24808","o1region":"14"},"geometry":{"type":"Polygon","coordinates":[[[73.498347,34.912193,0.0],[73.498348,34.912156,0.0],[73.498311,34.911713,0.0],[73.498138,34.911342,0.0],[73.498056,34.910972,0.0],[73.497883,34.910638,0.0],[73.497574,34.910376,0.0],[73.497128,34.910259,0.0],[73.49668,34.910291,0.0],[73.496274,34.910433,0.0],[73.496,34.910725,0.0],[73.496128,34.911096,0.0],[73.496391,34.911394,0.0],[73.496609,34.911729,0.0],[73.496602,34.912097,0.0],[73.49664,34.912467,0.0],[73.496813,34.912801,0.0],[73.497306,34.912807,0.0],[73.497753,34.912849,0.0],[73.498347,34.912193,0.0]]]}},{"type":"Feature","properties":{"rgi_id":"RGI2000-v7.0-G-14-24809","o1region":"14"},"geometry":{"type":"Polygon","coordinates":[[[73.485289,34.899484,0.0],[73.484962,34.899746,0.0],[73.484698,34.900061,0.0],[73.484306,34.900322,0.0],[73.483914,34.900583,0.0],[73.483457,34.900897,0.0],[73.483064,34.901158,0.0],[73.482672,34.901419,0.0],[73.482281,34.901626,0.0],[73.481953,34.901941,0.0],[73.481561,34.902202,0.0],[73.481233,34.902464,0.0],[73.480778,34.902671,0.0],[73.48032,34.902984,0.0],[73.48012,34.903354,0.0],[73.480113,34.903726,0.0],[73.480042,34.904097,0.0],[73.479906,34.904468,0.0],[73.479769,34.904891,0.0],[73.479762,34.905264,0.0],[73.47982,34.905636,0.0],[73.480137,34.905906,0.0],[73.480587,34.906018,0.0],[73.481037,34.90613,0.0],[73.48142,34.906348,0.0],[73.481738,34.906617,0.0],[73.481795,34.90699,0.0],[73.481853,34.907363,0.0],[73.48191,34.907789,0.0],[73.482032,34.908163,0.0],[73.482284,34.908485,0.0],[73.482602,34.908755,0.0],[73.483054,34.908761,0.0],[73.483506,34.908713,0.0],[73.483961,34.908559,0.0],[73.484417,34.908352,0.0],[73.484872,34.908145,0.0],[73.485201,34.90783,0.0],[73.485465,34.907515,0.0],[73.485792,34.907253,0.0],[73.486056,34.906937,0.0],[73.48632,34.906621,0.0],[73.486649,34.906307,0.0],[73.48704,34.906099,0.0],[73.487432,34.905838,0.0],[73.487823,34.90563,0.0],[73.488274,34.905636,0.0],[73.488724,34.905748,0.0],[73.489106,34.906018,0.0],[73.489554,34.906236,0.0],[73.490005,34.906295,0.0],[73.490521,34.906302,0.0],[73.490974,34.906254,0.0],[73.491493,34.906101,0.0],[73.491884,34.905893,0.0],[73.492275,34.905685,0.0],[73.492603,34.905424,0.0],[73.493058,34.905216,0.0],[73.493449,34.905009,0.0],[73.49384,34.904801,0.0],[73.494293,34.904753,0.0],[73.494294,34.9047,0.0],[73.493992,34.90358,0.0],[73.493805,34.903205,0.0],[73.493553,34.90283,0.0],[73.493237,34.902507,0.0],[73.492789,34.902289,0.0],[73.492731,34.901916,0.0],[73.492545,34.901488,0.0],[73.492229,34.901165,0.0],[73.491845,34.900948,0.0],[73.491462,34.90073,0.0],[73.491011,34.900672,0.0],[73.490562,34.90056,0.0],[73.490375,34.900185,0.0],[73.490123,34.899863,0.0],[73.490001,34.899489,0.0],[73.489749,34.899114,0.0],[73.489627,34.89874,0.0],[73.489309,34.898471,0.0],[73.488861,34.898306,0.0],[73.488409,34.8983,0.0],[73.487957,34.898294,0.0],[73.487506,34.898289,0.0],[73.487054,34.898283,0.0],[73.486537,34.89833,0.0],[73.486081,34.898537,0.0],[73.485817,34.898852,0.0],[73.485553,34.899168,0.0],[73.485289,34.899484,0.0]]]}},{"type":"Feature","properties":{"rgi_id":"RGI2000-v7.0-G-14-24810","o1region":"14"},"geometry":{"type":"Polygon","coordinates":[[[73.488783,34.894797,0.0],[73.488918,34.893962,0.0],[73.488442,34.893858,0.0],[73.487965,34.893852,0.0],[73.487544,34.893994,0.0],[73.487124,34.894136,0.0],[73.486644,34.894229,0.0],[73.486224,34.894371,0.0],[73.485803,34.894514,0.0],[73.485321,34.894753,0.0],[73.485017,34.895045,0.0],[73.485371,34.895295,0.0],[73.485848,34.89535,0.0],[73.486385,34.895357,0.0],[73.486863,34.895314,0.0],[73.487403,34.895173,0.0],[73.487881,34.89513,0.0],[73.488302,34.894987,0.0],[73.488723,34.894796,0.0],[73.488783,34.894797,0.0]]]}},{"type":"Feature","properties":{"rgi_id":"RGI2000-v7.0-G-14-24811","o1region":"14"},"geometry":{"type":"Polygon","coordinates":[[[73.478955,34.884186,0.0],[73.478586,34.884382,0.0],[73.478157,34.884577,0.0],[73.477728,34.884772,0.0],[73.477299,34.884917,0.0],[73.476871,34.885062,0.0],[73.476443,34.885207,0.0],[73.476015,34.885351,0.0],[73.475586,34.885496,0.0],[73.475035,34.88569,0.0],[73.474607,34.885835,0.0],[73.474179,34.88598,0.0],[73.47381,34.886176,0.0],[73.473441,34.886421,0.0],[73.473013,34.886566,0.0],[73.472643,34.886812,0.0],[73.472275,34.887008,0.0],[73.471906,34.887204,0.0],[73.471658,34.887501,0.0],[73.471409,34.887799,0.0],[73.471341,34.888199,0.0],[73.471333,34.888599,0.0],[73.471448,34.888952,0.0],[73.471563,34.889304,0.0],[73.4718,34.889658,0.0],[73.471976,34.89001,0.0],[73.472213,34.890364,0.0],[73.472389,34.890717,0.0],[73.472564,34.89107,0.0],[73.472739,34.891473,0.0],[73.472855,34.891825,0.0],[73.47303,34.892178,0.0],[73.473268,34.892482,0.0],[73.473628,34.892737,0.0],[73.473989,34.892942,0.0],[73.474349,34.893197,0.0],[73.47471,34.893452,0.0],[73.47507,34.893707,0.0],[73.475431,34.893912,0.0],[73.475791,34.894167,0.0],[73.476152,34.894372,0.0],[73.47639,34.894675,0.0],[73.47602,34.894921,0.0],[73.475535,34.894865,0.0],[73.475286,34.895163,0.0],[73.475037,34.89546,0.0],[73.474728,34.895757,0.0],[73.474418,34.896053,0.0],[73.474048,34.896349,0.0],[73.473678,34.896595,0.0],[73.47331,34.896791,0.0],[73.473061,34.897089,0.0],[73.472812,34.897386,0.0],[73.472805,34.897787,0.0],[73.47292,34.898139,0.0],[73.472913,34.89854,0.0],[73.47406,34.899005,0.0],[73.47412,34.899006,0.0],[73.474668,34.899013,0.0],[73.475154,34.899019,0.0],[73.47564,34.899025,0.0],[73.476127,34.899031,0.0],[73.476674,34.899038,0.0],[73.477161,34.898994,0.0],[73.477648,34.899,0.0],[73.478076,34.898855,0.0],[73.478445,34.898609,0.0],[73.478634,34.898261,0.0],[73.478884,34.897913,0.0],[73.479073,34.897565,0.0],[73.479322,34.897267,0.0],[73.479631,34.896971,0.0],[73.47988,34.896673,0.0],[73.480069,34.896325,0.0],[73.480317,34.896027,0.0],[73.480627,34.89573,0.0],[73.481055,34.895585,0.0],[73.481483,34.895491,0.0],[73.481906,34.895596,0.0],[73.482392,34.895652,0.0],[73.482877,34.895708,0.0],[73.483365,34.895664,0.0],[73.483853,34.89557,0.0],[73.484221,34.895375,0.0],[73.484349,34.895025,0.0],[73.484357,34.894625,0.0],[73.484364,34.894224,0.0],[73.484371,34.893823,0.0],[73.484859,34.893779,0.0],[73.485286,34.893684,0.0],[73.485655,34.893488,0.0],[73.486024,34.893243,0.0],[73.486092,34.892843,0.0],[73.48622,34.892493,0.0],[73.486105,34.892141,0.0],[73.486354,34.891844,0.0],[73.486542,34.891495,0.0],[73.486732,34.891097,0.0],[73.48686,34.890748,0.0],[73.486988,34.890399,0.0],[73.487298,34.890102,0.0],[73.487785,34.890058,0.0],[73.488209,34.890163,0.0],[73.488636,34.890068,0.0],[73.488825,34.88972,0.0],[73.488832,34.889319,0.0],[73.48896,34.88897,0.0],[73.48927,34.888673,0.0],[73.489638,34.888478,0.0],[73.489948,34.888181,0.0],[73.490257,34.887884,0.0],[73.490566,34.887587,0.0],[73.490755,34.887239,0.0],[73.490944,34.886891,0.0],[73.491134,34.886492,0.0],[73.491322,34.886144,0.0],[73.491512,34.885745,0.0],[73.491761,34.885448,0.0],[73.49207,34.885151,0.0],[73.492319,34.884853,0.0],[73.492508,34.884505,0.0],[73.492636,34.884156,0.0],[73.492704,34.883756,0.0],[73.492711,34.883355,0.0],[73.492658,34.882954,0.0],[73.49242,34.88265,0.0],[73.491509,34.882589,0.0],[73.491449,34.882538,0.0],[73.491088,34.882333,0.0],[73.490604,34.882227,0.0],[73.49018,34.882121,0.0],[73.489695,34.882065,0.0],[73.489208,34.882059,0.0],[73.488722,34.882053,0.0],[73.488236,34.882047,0.0],[73.487687,34.88214,0.0],[73.487259,34.882235,0.0],[73.486832,34.88233,0.0],[73.486405,34.882425,0.0],[73.486036,34.882621,0.0],[73.485788,34.882918,0.0],[73.48536,34.883013,0.0],[73.484874,34.883007,0.0],[73.484388,34.883001,0.0],[73.483901,34.882995,0.0],[73.483415,34.882989,0.0],[73.482986,34.883184,0.0],[73.482558,34.883329,0.0],[73.482069,34.883473,0.0],[73.481581,34.883517,0.0],[73.481095,34.883511,0.0],[73.480608,34.883555,0.0],[73.48018,34.88365,0.0],[73.479752,34.883795,0.0],[73.479324,34.88394,0.0],[73.478955,34.884186,0.0]]]}},{"type":"Feature","properties":{"rgi_id":"RGI2000-v7.0-G-14-24812","o1region":"14"},"geometry":{"type":"Polygon","coordinates":[[[73.48748,34.879608,0.0],[73.487476,34.879827,0.0],[73.487088,34.879822,0.0],[73.486611,34.879767,0.0],[73.486075,34.879712,0.0],[73.485597,34.879706,0.0],[73.485062,34.879601,0.0],[73.484522,34.879741,0.0],[73.483983,34.879882,0.0],[73.484397,34.880084,0.0],[73.484874,34.88009,0.0],[73.485411,34.880097,0.0],[73.485887,34.880201,0.0],[73.486422,34.880306,0.0],[73.486837,34.880459,0.0],[73.487251,34.880661,0.0],[73.487723,34.880962,0.0],[73.488077,34.881212,0.0],[73.488492,34.881365,0.0],[73.488969,34.881371,0.0],[73.489446,34.881426,0.0],[73.489697,34.881326,0.0],[73.489927,34.881235,0.0],[73.490231,34.880895,0.0],[73.490358,34.880503,0.0],[73.490898,34.880362,0.0],[73.491465,34.880229,0.0],[73.491305,34.879918,0.0],[73.49099,34.879651,0.0],[73.491134,34.879277,0.0],[73.491458,34.878981,0.0],[73.491693,34.878645,0.0],[73.491829,34.878403,0.0],[73.491831,34.878258,0.0],[73.491898,34.877866,0.0],[73.491906,34.877472,0.0],[73.491913,34.877079,0.0],[73.491801,34.876635,0.0],[73.491629,34.876288,0.0],[73.491517,34.875893,0.0],[73.491464,34.875499,0.0],[73.491112,34.875151,0.0],[73.490575,34.875144,0.0],[73.490097,34.875187,0.0],[73.489596,34.875227,0.0],[73.489516,34.875533,0.0],[73.489434,34.875523,0.0],[73.488898,34.875467,0.0],[73.488422,34.875412,0.0],[73.487944,34.875406,0.0],[73.487524,34.875549,0.0],[73.487816,34.875897,0.0],[73.48823,34.876098,0.0],[73.488645,34.876251,0.0],[73.489057,34.876551,0.0],[73.489122,34.876682,0.0],[73.488988,34.876921,0.0],[73.488754,34.877256,0.0],[73.488385,34.877477,0.0],[73.488092,34.877682,0.0],[73.487723,34.877715,0.0],[73.487242,34.877906,0.0],[73.486879,34.878148,0.0],[73.486576,34.878439,0.0],[73.486095,34.87863,0.0],[73.485618,34.878575,0.0],[73.485141,34.878569,0.0],[73.485433,34.878917,0.0],[73.485908,34.879021,0.0],[73.486386,34.879027,0.0],[73.486861,34.879131,0.0],[73.487275,34.879382,0.0],[73.487496,34.87949,0.0],[73.48748,34.879608,0.0]]]}},{"type":"Feature","properties":{"rgi_id":"RGI2000-v7.0-G-14-24813","o1region":"14"},"geometry":{"type":"Polygon","coordinates":[[[73.496836,34.875513,0.0],[73.496468,34.875748,0.0],[73.4961,34.876042,0.0],[73.495804,34.876338,0.0],[73.495509,34.876633,0.0],[73.495321,34.87696,0.0],[73.495098,34.877286,0.0],[73.495019,34.877644,0.0],[73.494975,34.878032,0.0],[73.494968,34.878421,0.0],[73.495144,34.878752,0.0],[73.495392,34.879084,0.0],[73.495713,34.879357,0.0],[73.495998,34.87966,0.0],[73.496282,34.879992,0.0],[73.49653,34.880325,0.0],[73.496779,34.880627,0.0],[73.496989,34.881018,0.0],[73.497164,34.881379,0.0],[73.497303,34.88174,0.0],[73.497441,34.88213,0.0],[73.497616,34.882491,0.0],[73.497791,34.882822,0.0],[73.498113,34.883126,0.0],[73.498397,34.883428,0.0],[73.498646,34.88373,0.0],[73.49893,34.884063,0.0],[73.499252,34.884336,0.0],[73.499647,34.88455,0.0],[73.500006,34.884764,0.0],[73.500402,34.884948,0.0],[73.500871,34.885104,0.0],[73.501268,34.885258,0.0],[73.501664,34.885412,0.0],[73.502061,34.885567,0.0],[73.502419,34.885811,0.0],[73.502715,34.885515,0.0],[73.502722,34.885126,0.0],[73.50273,34.884678,0.0],[73.502701,34.884289,0.0],[73.502672,34.88387,0.0],[73.50257,34.88351,0.0],[73.502358,34.883178,0.0],[73.502109,34.882876,0.0],[73.501788,34.882573,0.0],[73.501504,34.88224,0.0],[73.501219,34.881938,0.0],[73.501045,34.881547,0.0],[73.501016,34.881158,0.0],[73.501275,34.880862,0.0],[73.501677,34.880687,0.0],[73.501937,34.880391,0.0],[73.502374,34.880277,0.0],[73.50277,34.880491,0.0],[73.503129,34.880705,0.0],[73.503562,34.88083,0.0],[73.504035,34.880776,0.0],[73.504294,34.88048,0.0],[73.50459,34.880185,0.0],[73.504992,34.88004,0.0],[73.505501,34.879987,0.0],[73.505973,34.879962,0.0],[73.506411,34.879848,0.0],[73.506813,34.879674,0.0],[73.507252,34.8795,0.0],[73.507655,34.879295,0.0],[73.507914,34.878999,0.0],[73.508066,34.878642,0.0],[73.508253,34.878316,0.0],[73.508405,34.877959,0.0],[73.50852,34.877601,0.0],[73.5086,34.877213,0.0],[73.508679,34.876855,0.0],[73.508722,34.876437,0.0],[73.508766,34.876049,0.0],[73.508882,34.875661,0.0],[73.508997,34.875304,0.0],[73.509184,34.874977,0.0],[73.509372,34.874651,0.0],[73.509559,34.874324,0.0],[73.509897,34.8737,0.0],[73.509861,34.87367,0.0],[73.509503,34.873396,0.0],[73.509071,34.873211,0.0],[73.508675,34.873057,0.0],[73.508205,34.872961,0.0],[73.507735,34.872836,0.0],[73.507266,34.872711,0.0],[73.506759,34.872615,0.0],[73.506252,34.872549,0.0],[73.505782,34.872483,0.0],[73.505274,34.872447,0.0],[73.50473,34.87244,0.0],[73.504222,34.872434,0.0],[73.503785,34.872518,0.0],[73.503311,34.872662,0.0],[73.502943,34.872927,0.0],[73.50254,34.873161,0.0],[73.502137,34.873365,0.0],[73.501735,34.87351,0.0],[73.501188,34.873653,0.0],[73.500677,34.873796,0.0],[73.500204,34.87391,0.0],[73.499802,34.874054,0.0],[73.499399,34.874229,0.0],[73.499032,34.874464,0.0],[73.498556,34.874727,0.0],[73.498116,34.874931,0.0],[73.497677,34.875165,0.0],[73.497274,34.875339,0.0],[73.496836,34.875513,0.0]]]}},{"type":"Feature","properties":{"rgi_id":"RGI2000-v7.0-G-14-24814","o1region":"14"},"geometry":{"type":"Polygon","coordinates":[[[73.511126,34.883731,0.0],[73.511017,34.884096,0.0],[73.510908,34.884489,0.0],[73.510798,34.884854,0.0],[73.510655,34.885219,0.0],[73.510546,34.885584,0.0],[73.510505,34.88595,0.0],[73.510464,34.886316,0.0],[73.510458,34.886682,0.0],[73.510905,34.886547,0.0],[73.511285,34.886326,0.0],[73.511631,34.886076,0.0],[73.511944,34.885798,0.0],[73.512291,34.885549,0.0],[73.512637,34.8853,0.0],[73.512984,34.88505,0.0],[73.513331,34.884744,0.0],[73.513678,34.884495,0.0],[73.513957,34.884188,0.0],[73.514202,34.883881,0.0],[73.514548,34.883632,0.0],[73.514962,34.88344,0.0],[73.515409,34.883304,0.0],[73.515856,34.883197,0.0],[73.516302,34.88309,0.0],[73.516817,34.882983,0.0],[73.517263,34.882904,0.0],[73.517612,34.882514,0.0],[73.517613,34.882458,0.0],[73.517621,34.882063,0.0],[73.517627,34.881697,0.0],[73.517599,34.88133,0.0],[73.517606,34.880964,0.0],[73.517716,34.880571,0.0],[73.517927,34.880235,0.0],[73.517934,34.879869,0.0],[73.517974,34.879503,0.0],[73.518152,34.879138,0.0],[73.518261,34.878773,0.0],[73.518336,34.878408,0.0],[73.518411,34.878043,0.0],[73.518417,34.877676,0.0],[73.518424,34.87731,0.0],[73.518225,34.876941,0.0],[73.517781,34.876936,0.0],[73.516862,34.876699,0.0],[73.516419,34.876609,0.0],[73.51594,34.876603,0.0],[73.515496,34.876598,0.0],[73.515051,34.876592,0.0],[73.514606,34.876643,0.0],[73.514361,34.87695,0.0],[73.514252,34.877315,0.0],[73.514177,34.877681,0.0],[73.514067,34.878074,0.0],[73.513923,34.878467,0.0],[73.513814,34.87886,0.0],[73.513636,34.879196,0.0],[73.513458,34.879588,0.0],[73.513315,34.879953,0.0],[73.513104,34.880289,0.0],[73.512825,34.880567,0.0],[73.512547,34.880846,0.0],[73.512301,34.881181,0.0],[73.512056,34.881488,0.0],[73.511811,34.881823,0.0],[73.511634,34.882159,0.0],[73.511489,34.88258,0.0],[73.511346,34.882945,0.0],[73.511237,34.88331,0.0],[73.511126,34.883731,0.0]]]}},{"type":"Feature","properties":{"rgi_id":"RGI2000-v7.0-G-14-24815","o1region":"14"},"geometry":{"type":"Polygon","coordinates":[[[73.524601,34.886481,0.0],[73.524643,34.88684,0.0],[73.524782,34.887201,0.0],[73.524921,34.887561,0.0],[73.525255,34.887805,0.0],[73.525739,34.88781,0.0],[73.526272,34.887777,0.0],[73.526804,34.887783,0.0],[73.527089,34.888066,0.0],[73.52718,34.888426,0.0],[73.527318,34.888827,0.0],[73.527457,34.889187,0.0],[73.527693,34.889509,0.0],[73.528172,34.889794,0.0],[73.528654,34.88988,0.0],[73.529045,34.889685,0.0],[73.52934,34.889409,0.0],[73.529635,34.889134,0.0],[73.529979,34.888859,0.0],[73.530275,34.888543,0.0],[73.530523,34.888187,0.0],[73.530723,34.887831,0.0],[73.530971,34.887515,0.0],[73.531267,34.887199,0.0],[73.531467,34.886843,0.0],[73.531905,34.886689,0.0],[73.532345,34.886455,0.0],[73.53264,34.886179,0.0],[73.532935,34.885904,0.0],[73.533231,34.885588,0.0],[73.533431,34.885232,0.0],[73.533679,34.884916,0.0],[73.533927,34.88456,0.0],[73.534175,34.884204,0.0],[73.534375,34.883847,0.0],[73.534624,34.883491,0.0],[73.534775,34.883134,0.0],[73.535024,34.882739,0.0],[73.535079,34.88238,0.0],[73.535136,34.881903,0.0],[73.535143,34.881504,0.0],[73.535101,34.881144,0.0],[73.534815,34.880862,0.0],[73.534384,34.880657,0.0],[73.534287,34.880656,0.0],[73.533849,34.88077,0.0],[73.53341,34.880965,0.0],[73.533067,34.8812,0.0],[73.532964,34.881557,0.0],[73.532668,34.881873,0.0],[73.532234,34.881788,0.0],[73.531702,34.881781,0.0],[73.531269,34.881617,0.0],[73.530936,34.881333,0.0],[73.530503,34.881169,0.0],[73.530019,34.881163,0.0],[73.52958,34.881357,0.0],[73.529237,34.881592,0.0],[73.528894,34.881827,0.0],[73.528502,34.882102,0.0],[73.528206,34.882417,0.0],[73.527864,34.882652,0.0],[73.527473,34.882847,0.0],[73.527129,34.883122,0.0],[73.526739,34.883316,0.0],[73.526396,34.883552,0.0],[73.526052,34.883826,0.0],[73.525661,34.884061,0.0],[73.525173,34.884294,0.0],[73.524828,34.884609,0.0],[73.524628,34.884966,0.0],[73.524573,34.885324,0.0],[73.524566,34.885723,0.0],[73.524559,34.886121,0.0],[73.524601,34.886481,0.0]]]}},{"type":"Feature","properties":{"rgi_id":"RGI2000-v7.0-G-14-24816","o1region":"14"},"geometry":{"type":"Polygon","coordinates":[[[73.542707,34.879029,0.0],[73.542707,34.879008,0.0],[73.542714,34.878628,0.0],[73.542721,34.878226,0.0],[73.542728,34.877846,0.0],[73.542683,34.877465,0.0],[73.542535,34.877125,0.0],[73.542232,34.876846,0.0],[73.541798,34.876757,0.0],[73.541337,34.87673,0.0],[73.540898,34.876852,0.0],[73.54051,34.877037,0.0],[73.540249,34.87733,0.0],[73.540191,34.877689,0.0],[73.540442,34.877988,0.0],[73.540771,34.878245,0.0],[73.540996,34.878565,0.0],[73.541222,34.878885,0.0],[73.541576,34.879143,0.0],[73.541957,34.879337,0.0],[73.542707,34.879029,0.0]]]}},{"type":"Feature","properties":{"rgi_id":"RGI2000-v7.0-G-14-24817","o1region":"14"},"geometry":{"type":"Polygon","coordinates":[[[73.48887,34.863957,0.0],[73.488335,34.863852,0.0],[73.48786,34.863699,0.0],[73.487386,34.863545,0.0],[73.486911,34.863392,0.0],[73.486436,34.863287,0.0],[73.486021,34.863135,0.0],[73.485368,34.86293,0.0],[73.484893,34.862825,0.0],[73.484359,34.862622,0.0],[73.483885,34.862419,0.0],[73.483472,34.862168,0.0],[73.483061,34.861819,0.0],[73.482649,34.861519,0.0],[73.482272,34.861318,0.0],[73.482025,34.861315,0.0],[73.481524,34.861308,0.0],[73.481067,34.86134,0.0],[73.480564,34.861409,0.0],[73.480107,34.861478,0.0],[73.479739,34.861699,0.0],[73.479595,34.862073,0.0],[73.479542,34.862448,0.0],[73.479627,34.862825,0.0],[73.479756,34.863203,0.0],[73.479933,34.863543,0.0],[73.480062,34.86392,0.0],[73.480101,34.864297,0.0],[73.480094,34.864672,0.0],[73.480087,34.865048,0.0],[73.48008,34.865424,0.0],[73.479937,34.865798,0.0],[73.479702,34.866133,0.0],[73.47965,34.866508,0.0],[73.479598,34.866883,0.0],[73.479499,34.867258,0.0],[73.479489,34.867331,0.0],[73.479196,34.867526,0.0],[73.478715,34.867765,0.0],[73.478233,34.868005,0.0],[73.478106,34.868397,0.0],[73.478278,34.868793,0.0],[73.478692,34.868995,0.0],[73.479167,34.869099,0.0],[73.479283,34.869122,0.0],[73.479703,34.869204,0.0],[73.480055,34.869504,0.0],[73.480048,34.869897,0.0],[73.479863,34.870239,0.0],[73.479617,34.87063,0.0],[73.479431,34.870972,0.0],[73.479069,34.871213,0.0],[73.478763,34.871603,0.0],[73.478458,34.871992,0.0],[73.478272,34.872334,0.0],[73.478086,34.872726,0.0],[73.477841,34.873067,0.0],[73.477714,34.873459,0.0],[73.477742,34.873669,0.0],[73.478104,34.873704,0.0],[73.47856,34.873709,0.0],[73.479016,34.873677,0.0],[73.479475,34.873533,0.0],[73.479888,34.873388,0.0],[73.480257,34.873167,0.0],[73.480671,34.872984,0.0],[73.480995,34.872725,0.0],[73.481363,34.872504,0.0],[73.481732,34.872284,0.0],[73.482057,34.871987,0.0],[73.482336,34.87169,0.0],[73.482616,34.871355,0.0],[73.48294,34.871096,0.0],[73.483398,34.870952,0.0],[73.483536,34.870931,0.0],[73.483552,34.870826,0.0],[73.483741,34.870288,0.0],[73.483868,34.869896,0.0],[73.483934,34.869503,0.0],[73.484062,34.869062,0.0],[73.484189,34.86867,0.0],[73.484494,34.86828,0.0],[73.484864,34.868096,0.0],[73.48487,34.867776,0.0],[73.484877,34.8674,0.0],[73.484838,34.867024,0.0],[73.485118,34.866689,0.0],[73.485432,34.866956,0.0],[73.485793,34.867186,0.0],[73.485969,34.867526,0.0],[73.486098,34.867904,0.0],[73.486183,34.868281,0.0],[73.486313,34.868658,0.0],[73.486534,34.868999,0.0],[73.486802,34.869303,0.0],[73.487163,34.869533,0.0],[73.487662,34.869652,0.0],[73.487838,34.869992,0.0],[73.487696,34.870106,0.0],[73.48792,34.870241,0.0],[73.488396,34.870296,0.0],[73.488872,34.870401,0.0],[73.489287,34.870553,0.0],[73.489477,34.870623,0.0],[73.489606,34.870578,0.0],[73.490062,34.870584,0.0],[73.490518,34.870589,0.0],[73.490973,34.870595,0.0],[73.491429,34.870601,0.0],[73.491509,34.870602,0.0],[73.491969,34.870734,0.0],[73.492383,34.870936,0.0],[73.492859,34.87104,0.0],[73.493337,34.870997,0.0],[73.493699,34.870756,0.0],[73.493587,34.870361,0.0],[73.493414,34.870014,0.0],[73.493422,34.869621,0.0],[73.493726,34.86928,0.0],[73.494148,34.86904,0.0],[73.49457,34.868799,0.0],[73.494637,34.868406,0.0],[73.494223,34.868204,0.0],[73.494073,34.868156,0.0],[73.493749,34.868051,0.0],[73.493456,34.867752,0.0],[73.493463,34.867359,0.0],[73.49365,34.866918,0.0],[73.493783,34.866734,0.0],[73.493602,34.866456,0.0],[73.493563,34.86608,0.0],[73.493479,34.865703,0.0],[73.493303,34.865363,0.0],[73.492989,34.865096,0.0],[73.492446,34.864864,0.0],[73.492389,34.864837,0.0],[73.492017,34.864832,0.0],[73.491481,34.864777,0.0],[73.490886,34.864671,0.0],[73.490232,34.864564,0.0],[73.489755,34.864509,0.0],[73.489341,34.864307,0.0],[73.488989,34.863959,0.0],[73.488965,34.863941,0.0],[73.48887,34.863957,0.0]]]}},{"type":"Feature","properties":{"rgi_id":"RGI2000-v7.0-G-14-24818","o1region":"14"},"geometry":{"type":"Polygon","coordinates":[[[73.443925,34.874523,0.0],[73.443542,34.874306,0.0],[73.443159,34.874088,0.0],[73.442776,34.87387,0.0],[73.442393,34.873653,0.0],[73.442076,34.873383,0.0],[73.441693,34.873165,0.0],[73.44131,34.872948,0.0],[73.440927,34.87273,0.0],[73.440478,34.872565,0.0],[73.440029,34.872453,0.0],[73.439577,34.872447,0.0],[73.439125,34.872494,0.0],[73.438672,34.872542,0.0],[73.438218,34.872695,0.0],[73.437764,34.872796,0.0],[73.437311,34.872896,0.0],[73.436919,34.873157,0.0],[73.436654,34.873526,0.0],[73.436389,34.873895,0.0],[73.43606,34.87421,0.0],[73.435732,34.874471,0.0],[73.435341,34.874679,0.0],[73.435014,34.87494,0.0],[73.434813,34.87531,0.0],[73.434741,34.875735,0.0],[73.434605,34.876105,0.0],[73.434214,34.876313,0.0],[73.433763,34.876254,0.0],[73.433312,34.876248,0.0],[73.43286,34.876242,0.0],[73.432409,34.876236,0.0],[73.432145,34.876552,0.0],[73.431879,34.876921,0.0],[73.431743,34.877291,0.0],[73.431736,34.877663,0.0],[73.431729,34.878035,0.0],[73.431787,34.878408,0.0],[73.431909,34.878782,0.0],[73.432095,34.879156,0.0],[73.432347,34.879479,0.0],[73.432599,34.879801,0.0],[73.432916,34.880071,0.0],[73.433168,34.880393,0.0],[73.433486,34.880663,0.0],[73.433934,34.880828,0.0],[73.434387,34.880781,0.0],[73.43484,34.880734,0.0],[73.435293,34.880633,0.0],[73.435746,34.880586,0.0],[73.4362,34.880432,0.0],[73.436593,34.880118,0.0],[73.436594,34.880065,0.0],[73.437691,34.880079,0.0],[73.437683,34.880504,0.0],[73.43774,34.880877,0.0],[73.437733,34.881249,0.0],[73.437791,34.881622,0.0],[73.437784,34.881994,0.0],[73.437839,34.882474,0.0],[73.437831,34.882899,0.0],[73.437888,34.883272,0.0],[73.437946,34.883645,0.0],[73.437939,34.884017,0.0],[73.437932,34.884389,0.0],[73.438054,34.884763,0.0],[73.438111,34.885136,0.0],[73.438233,34.885509,0.0],[73.438291,34.885882,0.0],[73.438348,34.886255,0.0],[73.438406,34.886628,0.0],[73.438463,34.887001,0.0],[73.43865,34.887376,0.0],[73.438772,34.887749,0.0],[73.439022,34.888178,0.0],[73.439208,34.888553,0.0],[73.43946,34.888875,0.0],[73.439712,34.889197,0.0],[73.439963,34.889572,0.0],[73.440215,34.889895,0.0],[73.440598,34.890112,0.0],[73.440734,34.889742,0.0],[73.440935,34.889372,0.0],[73.441006,34.889001,0.0],[73.441078,34.88863,0.0],[73.441149,34.888258,0.0],[73.441221,34.887887,0.0],[73.441293,34.887516,0.0],[73.441364,34.887145,0.0],[73.4415,34.886774,0.0],[73.441701,34.886405,0.0],[73.441901,34.886035,0.0],[73.442229,34.885773,0.0],[73.44262,34.885566,0.0],[73.443076,34.885306,0.0],[73.443534,34.884993,0.0],[73.443862,34.884731,0.0],[73.444315,34.88463,0.0],[73.444769,34.88453,0.0],[73.44522,34.884536,0.0],[73.445674,34.884435,0.0],[73.446191,34.884388,0.0],[73.44632,34.88439,0.0],[73.446863,34.882962,0.0],[73.447127,34.882646,0.0],[73.447391,34.88233,0.0],[73.447719,34.882069,0.0],[73.447855,34.881698,0.0],[73.447991,34.881328,0.0],[73.448127,34.880957,0.0],[73.448198,34.880586,0.0],[73.448205,34.880214,0.0],[73.448212,34.879842,0.0],[73.44822,34.879417,0.0],[73.448164,34.87899,0.0],[73.448172,34.878565,0.0],[73.44805,34.878191,0.0],[73.447928,34.877818,0.0],[73.447742,34.87739,0.0],[73.447491,34.877015,0.0],[73.447304,34.87664,0.0],[73.447118,34.876265,0.0],[73.4468,34.875996,0.0],[73.446483,34.875726,0.0],[73.446101,34.875455,0.0],[73.445653,34.875237,0.0],[73.445206,34.875018,0.0],[73.444756,34.874906,0.0],[73.444373,34.874688,0.0],[73.443925,34.874523,0.0]]]}},{"type":"Feature","properties":{"rgi_id":"RGI2000-v7.0-G-14-24819","o1region":"14"},"geometry":{"type":"Polygon","coordinates":[[[73.431442,34.874632,0.0],[73.431687,34.874326,0.0],[73.431933,34.873991,0.0],[73.432111,34.873655,0.0],[73.432356,34.873348,0.0],[73.432702,34.873099,0.0],[73.433049,34.872878,0.0],[73.433428,34.872685,0.0],[73.433808,34.872493,0.0],[73.434154,34.872272,0.0],[73.434435,34.871909,0.0],[73.434889,34.871379,0.0],[73.434891,34.871295,0.0],[73.434941,34.870478,0.0],[73.434913,34.870112,0.0],[73.434818,34.869744,0.0],[73.434516,34.869458,0.0],[73.434073,34.869368,0.0],[73.433628,34.86939,0.0],[73.433214,34.869582,0.0],[73.432868,34.869803,0.0],[73.43252,34.870081,0.0],[73.432173,34.870386,0.0],[73.431792,34.870607,0.0],[73.431378,34.870799,0.0],[73.431201,34.871135,0.0],[73.431228,34.871501,0.0],[73.431461,34.871843,0.0],[73.431182,34.872121,0.0],[73.430768,34.872313,0.0],[73.430387,34.87259,0.0],[73.430243,34.872954,0.0],[73.430236,34.87332,0.0],[73.430229,34.873687,0.0],[73.430222,34.874053,0.0],[73.430215,34.874419,0.0],[73.430208,34.874786,0.0],[73.43065,34.874932,0.0],[73.431096,34.874853,0.0],[73.431442,34.874632,0.0]]]}},{"type":"Feature","properties":{"rgi_id":"RGI2000-v7.0-G-14-24820","o1region":"14"},"geometry":{"type":"Polygon","coordinates":[[[73.425529,34.867313,0.0],[73.425624,34.867681,0.0],[73.425788,34.868049,0.0],[73.426057,34.868334,0.0],[73.426394,34.868564,0.0],[73.426732,34.868794,0.0],[73.427068,34.86908,0.0],[73.427336,34.869366,0.0],[73.42757,34.869679,0.0],[73.427734,34.870019,0.0],[73.427796,34.870386,0.0],[73.427789,34.870752,0.0],[73.427815,34.871147,0.0],[73.427945,34.871515,0.0],[73.428353,34.871661,0.0],[73.428797,34.871667,0.0],[73.429244,34.87156,0.0],[73.42959,34.871311,0.0],[73.429869,34.871033,0.0],[73.430148,34.870755,0.0],[73.430427,34.870476,0.0],[73.430672,34.87017,0.0],[73.430917,34.869863,0.0],[73.43123,34.869585,0.0],[73.431677,34.86945,0.0],[73.432058,34.869229,0.0],[73.432092,34.86923,0.0],[73.432441,34.86884,0.0],[73.432482,34.868474,0.0],[73.43249,34.868079,0.0],[73.432497,34.867713,0.0],[73.432436,34.867346,0.0],[73.432306,34.866978,0.0],[73.431898,34.866832,0.0],[73.431526,34.86663,0.0],[73.431084,34.866511,0.0],[73.43064,34.866477,0.0],[73.430195,34.8665,0.0],[73.429751,34.866466,0.0],[73.429309,34.866347,0.0],[73.428902,34.866173,0.0],[73.428495,34.865999,0.0],[73.428157,34.865769,0.0],[73.42782,34.865539,0.0],[73.427412,34.865393,0.0],[73.426934,34.86533,0.0],[73.426491,34.865268,0.0],[73.426047,34.865262,0.0],[73.425602,34.865257,0.0],[73.425157,34.865279,0.0],[73.424844,34.865557,0.0],[73.424837,34.865923,0.0],[73.424933,34.866291,0.0],[73.425166,34.866604,0.0],[73.425365,34.866944,0.0],[73.425529,34.867313,0.0]]]}},{"type":"Feature","properties":{"rgi_id":"RGI2000-v7.0-G-14-24821","o1region":"14"},"geometry":{"type":"Polygon","coordinates":[[[73.427254,34.889874,0.0],[73.427597,34.889639,0.0],[73.427797,34.889283,0.0],[73.427901,34.888925,0.0],[73.427957,34.888527,0.0],[73.428013,34.888129,0.0],[73.428068,34.887771,0.0],[73.428317,34.887415,0.0],[73.428709,34.887141,0.0],[73.429053,34.886867,0.0],[73.429396,34.886632,0.0],[73.42974,34.886397,0.0],[73.43013,34.886203,0.0],[73.430616,34.886089,0.0],[73.431055,34.885935,0.0],[73.431351,34.88562,0.0],[73.431455,34.885263,0.0],[73.43151,34.884904,0.0],[73.431614,34.884507,0.0],[73.431622,34.884108,0.0],[73.43163,34.88371,0.0],[73.431443,34.883348,0.0],[73.431208,34.882986,0.0],[73.430973,34.882625,0.0],[73.430883,34.882264,0.0],[73.430648,34.881903,0.0],[73.430365,34.8815,0.0],[73.43008,34.881217,0.0],[73.429596,34.881211,0.0],[73.429112,34.881205,0.0],[73.428629,34.881199,0.0],[73.428048,34.881191,0.0],[73.427612,34.881225,0.0],[73.427175,34.881299,0.0],[73.426738,34.881373,0.0],[73.426301,34.881448,0.0],[73.425816,34.881521,0.0],[73.425378,34.881635,0.0],[73.424941,34.881709,0.0],[73.424455,34.881822,0.0],[73.424019,34.881857,0.0],[73.423582,34.881931,0.0],[73.423097,34.881964,0.0],[73.422613,34.881998,0.0],[73.422176,34.882072,0.0],[73.421739,34.882146,0.0],[73.421254,34.88222,0.0],[73.420818,34.882254,0.0],[73.420381,34.882328,0.0],[73.419944,34.882362,0.0],[73.419508,34.882396,0.0],[73.419024,34.88243,0.0],[73.418588,34.882464,0.0],[73.418102,34.882537,0.0],[73.417617,34.882611,0.0],[73.41718,34.882685,0.0],[73.416696,34.882679,0.0],[73.416212,34.882672,0.0],[73.415778,34.882627,0.0],[73.415295,34.882581,0.0],[73.414811,34.882574,0.0],[73.414279,34.882527,0.0],[73.413845,34.882482,0.0],[73.413362,34.882436,0.0],[73.412878,34.882429,0.0],[73.412444,34.882344,0.0],[73.412389,34.882702,0.0],[73.412575,34.883103,0.0],[73.41281,34.883425,0.0],[73.412997,34.883787,0.0],[73.413331,34.88403,0.0],[73.413769,34.883917,0.0],[73.414151,34.884201,0.0],[73.414435,34.884483,0.0],[73.414525,34.884844,0.0],[73.414712,34.885205,0.0],[73.414997,34.885488,0.0],[73.415282,34.885771,0.0],[73.415518,34.886093,0.0],[73.415802,34.886415,0.0],[73.415988,34.886777,0.0],[73.415981,34.887175,0.0],[73.416217,34.887497,0.0],[73.416654,34.887384,0.0],[73.416998,34.887149,0.0],[73.417293,34.886873,0.0],[73.417445,34.886517,0.0],[73.417549,34.886159,0.0],[73.417749,34.885803,0.0],[73.417999,34.885407,0.0],[73.418199,34.885051,0.0],[73.4184,34.884695,0.0],[73.418837,34.884581,0.0],[73.419073,34.884903,0.0],[73.419211,34.885263,0.0],[73.419253,34.885623,0.0],[73.419245,34.886022,0.0],[73.419093,34.886378,0.0],[73.41875,34.886613,0.0],[73.418359,34.886808,0.0],[73.418016,34.887042,0.0],[73.41772,34.887318,0.0],[73.417279,34.887591,0.0],[73.416935,34.887866,0.0],[73.41664,34.888141,0.0],[73.416488,34.888498,0.0],[73.416432,34.888856,0.0],[73.416567,34.889416,0.0],[73.416566,34.889456,0.0],[73.41685,34.889779,0.0],[73.417184,34.890062,0.0],[73.417517,34.890346,0.0],[73.417899,34.89063,0.0],[73.418184,34.890913,0.0],[73.418419,34.891235,0.0],[73.418704,34.891518,0.0],[73.41894,34.89184,0.0],[73.419225,34.892122,0.0],[73.419461,34.892445,0.0],[73.419794,34.892728,0.0],[73.420079,34.893011,0.0],[73.420463,34.893215,0.0],[73.420998,34.893063,0.0],[73.421389,34.892868,0.0],[73.421685,34.892553,0.0],[73.421934,34.892198,0.0],[73.422278,34.891923,0.0],[73.422574,34.891648,0.0],[73.422965,34.891453,0.0],[73.423405,34.89122,0.0],[73.423795,34.891025,0.0],[73.424187,34.890791,0.0],[73.424578,34.890597,0.0],[73.424969,34.890403,0.0],[73.425407,34.890289,0.0],[73.425844,34.890175,0.0],[73.426378,34.890102,0.0],[73.426815,34.890028,0.0],[73.427254,34.889874,0.0]]]}},{"type":"Feature","properties":{"rgi_id":"RGI2000-v7.0-G-14-24822","o1region":"14"},"geometry":{"type":"Polygon","coordinates":[[[73.425713,34.897032,0.0],[73.42601,34.896717,0.0],[73.426306,34.896401,0.0],[73.426603,34.896086,0.0],[73.426946,34.895851,0.0],[73.427242,34.895576,0.0],[73.427585,34.895341,0.0],[73.42793,34.895027,0.0],[73.428321,34.894832,0.0],[73.428711,34.894638,0.0],[73.429151,34.894444,0.0],[73.429494,34.89421,0.0],[73.429933,34.894016,0.0],[73.430324,34.893822,0.0],[73.430716,34.893587,0.0],[73.43106,34.893313,0.0],[73.431803,34.892405,0.0],[73.431757,34.892285,0.0],[73.431619,34.891924,0.0],[73.431432,34.891563,0.0],[73.431148,34.8912,0.0],[73.430913,34.890878,0.0],[73.430529,34.890674,0.0],[73.430045,34.890668,0.0],[73.429608,34.890742,0.0],[73.429264,34.891016,0.0],[73.428873,34.891251,0.0],[73.428482,34.891445,0.0],[73.42809,34.891719,0.0],[73.427793,34.892034,0.0],[73.427497,34.892349,0.0],[73.427105,34.892584,0.0],[73.426714,34.892778,0.0],[73.426322,34.893052,0.0],[73.425929,34.893366,0.0],[73.425585,34.893601,0.0],[73.425194,34.893835,0.0],[73.424946,34.894151,0.0],[73.424794,34.894508,0.0],[73.424642,34.894865,0.0],[73.424586,34.895223,0.0],[73.424579,34.895621,0.0],[73.424571,34.89602,0.0],[73.424613,34.896379,0.0],[73.424751,34.89674,0.0],[73.424938,34.897101,0.0],[73.425369,34.897306,0.0],[73.425713,34.897032,0.0]]]}},{"type":"Feature","properties":{"rgi_id":"RGI2000-v7.0-G-14-24823","o1region":"14"},"geometry":{"type":"Polygon","coordinates":[[[73.426819,34.902509,0.0],[73.427303,34.902515,0.0],[73.427739,34.902481,0.0],[73.428223,34.902487,0.0],[73.428661,34.902374,0.0],[73.429052,34.902179,0.0],[73.429443,34.901985,0.0],[73.429834,34.901751,0.0],[73.430178,34.901516,0.0],[73.430522,34.901241,0.0],[73.430817,34.900966,0.0],[73.430921,34.900608,0.0],[73.430929,34.90021,0.0],[73.430984,34.899851,0.0],[73.431136,34.899494,0.0],[73.431384,34.899179,0.0],[73.43168,34.898863,0.0],[73.431832,34.898507,0.0],[73.431937,34.898109,0.0],[73.431944,34.89771,0.0],[73.432049,34.897313,0.0],[73.432056,34.896914,0.0],[73.432106,34.896835,0.0],[73.431342,34.896307,0.0],[73.430958,34.896103,0.0],[73.430527,34.895898,0.0],[73.430193,34.895654,0.0],[73.429708,34.895688,0.0],[73.429412,34.895963,0.0],[73.429066,34.896357,0.0],[73.428818,34.896673,0.0],[73.428522,34.896948,0.0],[73.428227,34.897224,0.0],[73.427979,34.89754,0.0],[73.427588,34.897734,0.0],[73.427244,34.897969,0.0],[73.426852,34.898243,0.0],[73.426556,34.898558,0.0],[73.42626,34.898833,0.0],[73.426012,34.899149,0.0],[73.425668,34.899424,0.0],[73.425371,34.899739,0.0],[73.425267,34.900136,0.0],[73.425259,34.900535,0.0],[73.425301,34.900894,0.0],[73.425293,34.901293,0.0],[73.425286,34.901692,0.0],[73.425278,34.90209,0.0],[73.425368,34.902451,0.0],[73.425803,34.902496,0.0],[73.426287,34.902502,0.0],[73.426819,34.902509,0.0]]]}},{"type":"Feature","properties":{"rgi_id":"RGI2000-v7.0-G-14-24824","o1region":"14"},"geometry":{"type":"Polygon","coordinates":[[[73.435157,34.900139,0.0],[73.435158,34.900102,0.0],[73.43503,34.899732,0.0],[73.435082,34.899364,0.0],[73.435223,34.898996,0.0],[73.435365,34.898592,0.0],[73.435372,34.898224,0.0],[73.4352,34.897889,0.0],[73.434891,34.897627,0.0],[73.434447,34.897437,0.0],[73.434047,34.897284,0.0],[73.433599,34.897279,0.0],[73.433194,34.897421,0.0],[73.432831,34.897638,0.0],[73.432734,34.898042,0.0],[73.432682,34.89841,0.0],[73.432945,34.898709,0.0],[73.433072,34.899079,0.0],[73.433155,34.899449,0.0],[73.433463,34.899712,0.0],[73.433726,34.90001,0.0],[73.434126,34.9002,0.0],[73.435157,34.900139,0.0]]]}},{"type":"Feature","properties":{"rgi_id":"RGI2000-v7.0-G-14-24825","o1region":"14"},"geometry":{"type":"Polygon","coordinates":[[[73.432477,34.91295,0.0],[73.432917,34.912757,0.0],[73.43326,34.912522,0.0],[73.433509,34.912166,0.0],[73.433612,34.911808,0.0],[73.433668,34.91145,0.0],[73.433627,34.911051,0.0],[73.433243,34.910847,0.0],[73.43276,34.91084,0.0],[73.432326,34.910715,0.0],[73.432285,34.910356,0.0],[73.432292,34.909957,0.0],[73.432347,34.909599,0.0],[73.431929,34.908716,0.0],[73.43188,34.908716,0.0],[73.431498,34.908432,0.0],[73.431262,34.908109,0.0],[73.431124,34.907749,0.0],[73.430888,34.907427,0.0],[73.430454,34.907341,0.0],[73.42997,34.907335,0.0],[73.429626,34.90761,0.0],[73.429474,34.907967,0.0],[73.429466,34.908365,0.0],[73.429459,34.908764,0.0],[73.429355,34.909162,0.0],[73.429154,34.909518,0.0],[73.428906,34.909834,0.0],[73.428705,34.91023,0.0],[73.428503,34.910666,0.0],[73.428302,34.911062,0.0],[73.42815,34.911419,0.0],[73.428094,34.911777,0.0],[73.428627,34.911784,0.0],[73.429064,34.91171,0.0],[73.429503,34.911556,0.0],[73.429987,34.911522,0.0],[73.430421,34.911648,0.0],[73.430462,34.912007,0.0],[73.430455,34.912406,0.0],[73.430641,34.912807,0.0],[73.431024,34.913011,0.0],[73.431508,34.913017,0.0],[73.43204,34.913024,0.0],[73.432477,34.91295,0.0]]]}},{"type":"Feature","properties":{"rgi_id":"RGI2000-v7.0-G-14-24826","o1region":"14"},"geometry":{"type":"Polygon","coordinates":[[[73.423764,34.910405,0.0],[73.424012,34.910089,0.0],[73.424308,34.909774,0.0],[73.424652,34.909539,0.0],[73.424995,34.909304,0.0],[73.425338,34.90907,0.0],[73.425683,34.908755,0.0],[73.426027,34.90852,0.0],[73.426464,34.908446,0.0],[73.426505,34.908806,0.0],[73.426595,34.909166,0.0],[73.426588,34.909564,0.0],[73.426678,34.909924,0.0],[73.427112,34.91001,0.0],[73.427706,34.9093,0.0],[73.427755,34.90926,0.0],[73.42786,34.908823,0.0],[73.428013,34.908426,0.0],[73.428068,34.908068,0.0],[73.428124,34.90767,0.0],[73.42818,34.907272,0.0],[73.428236,34.906914,0.0],[73.428244,34.906475,0.0],[73.428154,34.906115,0.0],[73.427721,34.90595,0.0],[73.42724,34.905824,0.0],[73.426806,34.905739,0.0],[73.426373,34.905614,0.0],[73.425889,34.905608,0.0],[73.425452,34.905642,0.0],[73.425061,34.905876,0.0],[73.42467,34.90607,0.0],[73.424326,34.906305,0.0],[73.42403,34.90662,0.0],[73.423829,34.906977,0.0],[73.423581,34.907332,0.0],[73.423429,34.907689,0.0],[73.423373,34.908047,0.0],[73.423318,34.908405,0.0],[73.423263,34.908764,0.0],[73.423208,34.909122,0.0],[73.423104,34.909479,0.0],[73.423096,34.909878,0.0],[73.423041,34.910236,0.0],[73.423033,34.910635,0.0],[73.423468,34.91068,0.0],[73.423764,34.910405,0.0]]]}},{"type":"Feature","properties":{"rgi_id":"RGI2000-v7.0-G-14-24827","o1region":"14"},"geometry":{"type":"Polygon","coordinates":[[[73.436035,34.902827,0.0],[73.436175,34.903107,0.0],[73.436387,34.903176,0.0],[73.436861,34.903329,0.0],[73.437276,34.903482,0.0],[73.437691,34.903684,0.0],[73.438106,34.903837,0.0],[73.43852,34.904039,0.0],[73.438813,34.904338,0.0],[73.438894,34.904503,0.0],[73.438988,34.904537,0.0],[73.439464,34.904642,0.0],[73.439839,34.904724,0.0],[73.439915,34.904768,0.0],[73.439955,34.904808,0.0],[73.439992,34.905091,0.0],[73.439991,34.905183,0.0],[73.439985,34.905484,0.0],[73.439799,34.905826,0.0],[73.439558,34.906162,0.0],[73.439641,34.906417,0.0],[73.439817,34.90677,0.0],[73.440054,34.907074,0.0],[73.440169,34.907426,0.0],[73.440284,34.907778,0.0],[73.440337,34.90818,0.0],[73.440452,34.908532,0.0],[73.440506,34.908934,0.0],[73.44062,34.909336,0.0],[73.440734,34.909738,0.0],[73.440787,34.91014,0.0],[73.440901,34.910542,0.0],[73.440954,34.910943,0.0],[73.441007,34.911345,0.0],[73.441061,34.911746,0.0],[73.441176,34.912099,0.0],[73.441291,34.912451,0.0],[73.441466,34.912804,0.0],[73.441581,34.913156,0.0],[73.441757,34.913509,0.0],[73.441995,34.913813,0.0],[73.442355,34.914068,0.0],[73.442714,34.914373,0.0],[73.443075,34.914578,0.0],[73.443433,34.914933,0.0],[73.443793,34.915239,0.0],[73.444091,34.915543,0.0],[73.444452,34.915748,0.0],[73.444874,34.915954,0.0],[73.445298,34.91606,0.0],[73.445783,34.916116,0.0],[73.446206,34.916272,0.0],[73.446567,34.916477,0.0],[73.446996,34.916332,0.0],[73.447064,34.915932,0.0],[73.447072,34.915531,0.0],[73.447079,34.91513,0.0],[73.447087,34.91473,0.0],[73.447396,34.914433,0.0],[73.447884,34.914389,0.0],[73.448312,34.914244,0.0],[73.448799,34.91425,0.0],[73.449048,34.913953,0.0],[73.449176,34.913604,0.0],[73.449183,34.913203,0.0],[73.449552,34.913008,0.0],[73.450039,34.913014,0.0],[73.450466,34.912919,0.0],[73.450776,34.912622,0.0],[73.450783,34.912222,0.0],[73.45073,34.91182,0.0],[73.450677,34.911419,0.0],[73.450623,34.911017,0.0],[73.450508,34.910665,0.0],[73.450333,34.910312,0.0],[73.449972,34.910057,0.0],[73.449551,34.909851,0.0],[73.449128,34.909695,0.0],[73.448705,34.90954,0.0],[73.448282,34.909384,0.0],[73.447984,34.909079,0.0],[73.447623,34.908874,0.0],[73.447262,34.908669,0.0],[73.446901,34.908464,0.0],[73.446478,34.908309,0.0],[73.446119,34.908003,0.0],[73.445881,34.9077,0.0],[73.445644,34.907396,0.0],[73.44559,34.906995,0.0],[73.445475,34.906642,0.0],[73.445483,34.906242,0.0],[73.44549,34.905841,0.0],[73.445859,34.905645,0.0],[73.446346,34.905601,0.0],[73.446833,34.905608,0.0],[73.447441,34.905615,0.0],[73.447868,34.905521,0.0],[73.448298,34.905326,0.0],[73.448666,34.90513,0.0],[73.448794,34.904781,0.0],[73.448741,34.90438,0.0],[73.448504,34.904076,0.0],[73.448267,34.903722,0.0],[73.448152,34.90337,0.0],[73.448037,34.903018,0.0],[73.447922,34.902666,0.0],[73.447869,34.902264,0.0],[73.447837,34.902232,0.0],[73.447391,34.902185,0.0],[73.446913,34.902179,0.0],[73.446376,34.902172,0.0],[73.445899,34.902166,0.0],[73.445361,34.902159,0.0],[73.444884,34.902153,0.0],[73.444406,34.902147,0.0],[73.443929,34.902141,0.0],[73.44345,34.902233,0.0],[73.442972,34.902227,0.0],[73.442495,34.902221,0.0],[73.442019,34.902117,0.0],[73.441483,34.902061,0.0],[73.441007,34.901956,0.0],[73.440531,34.901852,0.0],[73.440117,34.90165,0.0],[73.439824,34.901351,0.0],[73.439348,34.901295,0.0],[73.438933,34.901142,0.0],[73.43852,34.900891,0.0],[73.438105,34.900689,0.0],[73.438067,34.900661,0.0],[73.437925,34.900736,0.0],[73.437563,34.900977,0.0],[73.437139,34.901267,0.0],[73.436719,34.901409,0.0],[73.436297,34.9016,0.0],[73.435818,34.901693,0.0],[73.43534,34.901686,0.0],[73.435047,34.901388,0.0],[73.434573,34.901234,0.0],[73.434096,34.901179,0.0],[73.433559,34.901172,0.0],[73.433077,34.901165,0.0],[73.432988,34.901271,0.0],[73.433103,34.901624,0.0],[73.43334,34.901927,0.0],[73.433639,34.902232,0.0],[73.433999,34.902487,0.0],[73.434359,34.902742,0.0],[73.434779,34.902947,0.0],[73.434785,34.902614,0.0],[73.434852,34.902221,0.0],[73.435328,34.902326,0.0],[73.435621,34.902625,0.0],[73.436035,34.902827,0.0]]]}},{"type":"Feature","properties":{"rgi_id":"RGI2000-v7.0-G-14-24828","o1region":"14"},"geometry":{"type":"Polygon","coordinates":[[[73.408745,34.887333,0.0],[73.408737,34.887733,0.0],[73.408852,34.888086,0.0],[73.408967,34.888438,0.0],[73.40902,34.888839,0.0],[73.409134,34.889242,0.0],[73.409249,34.889594,0.0],[73.409486,34.889898,0.0],[73.409784,34.890202,0.0],[73.410145,34.890407,0.0],[73.410632,34.890414,0.0],[73.411118,34.89042,0.0],[73.411605,34.890376,0.0],[73.412095,34.890182,0.0],[73.412525,34.889987,0.0],[73.412954,34.889793,0.0],[73.413323,34.889597,0.0],[73.413324,34.889547,0.0],[73.413396,34.888947,0.0],[73.413281,34.888594,0.0],[73.413106,34.888241,0.0],[73.412747,34.887936,0.0],[73.412448,34.887632,0.0],[73.412089,34.887376,0.0],[73.411729,34.887121,0.0],[73.411491,34.886818,0.0],[73.411254,34.886514,0.0],[73.411139,34.886162,0.0],[73.411024,34.885809,0.0],[73.410971,34.885408,0.0],[73.410918,34.885006,0.0],[73.410865,34.884605,0.0],[73.41075,34.884253,0.0],[73.410513,34.883949,0.0],[73.410027,34.883892,0.0],[73.409539,34.883986,0.0],[73.40917,34.884232,0.0],[73.40886,34.884528,0.0],[73.408732,34.884878,0.0],[73.408663,34.885277,0.0],[73.408655,34.885678,0.0],[73.408648,34.886079,0.0],[73.408701,34.88648,0.0],[73.408693,34.886881,0.0],[73.408745,34.887333,0.0]]]}},{"type":"Feature","properties":{"rgi_id":"RGI2000-v7.0-G-14-24829","o1region":"14"},"geometry":{"type":"Polygon","coordinates":[[[73.403646,34.883759,0.0],[73.403944,34.884063,0.0],[73.404181,34.884367,0.0],[73.404479,34.884722,0.0],[73.404715,34.885075,0.0],[73.40489,34.885428,0.0],[73.405126,34.885832,0.0],[73.405241,34.886185,0.0],[73.405601,34.88644,0.0],[73.406087,34.886446,0.0],[73.406518,34.886151,0.0],[73.406767,34.885854,0.0],[73.406956,34.885506,0.0],[73.407025,34.885106,0.0],[73.407033,34.884705,0.0],[73.407041,34.884254,0.0],[73.406989,34.883803,0.0],[73.406997,34.883402,0.0],[73.406882,34.88305,0.0],[73.406645,34.882746,0.0],[73.406408,34.882392,0.0],[73.406294,34.88204,0.0],[73.406118,34.881687,0.0],[73.406003,34.881335,0.0],[73.405888,34.880982,0.0],[73.405774,34.88063,0.0],[73.405659,34.880278,0.0],[73.405421,34.879974,0.0],[73.405185,34.87962,0.0],[73.40501,34.879267,0.0],[73.404834,34.878914,0.0],[73.404597,34.878611,0.0],[73.404421,34.878258,0.0],[73.404205,34.876852,0.0],[73.404206,34.876802,0.0],[73.403908,34.876497,0.0],[73.40361,34.876193,0.0],[73.403374,34.875839,0.0],[73.402952,34.875633,0.0],[73.402466,34.875627,0.0],[73.402038,34.875721,0.0],[73.401789,34.876019,0.0],[73.401661,34.876368,0.0],[73.401653,34.876768,0.0],[73.401645,34.877169,0.0],[73.401638,34.87757,0.0],[73.40163,34.87797,0.0],[73.401622,34.878371,0.0],[73.401614,34.878772,0.0],[73.401607,34.879173,0.0],[73.401599,34.879573,0.0],[73.40159,34.880024,0.0],[73.401643,34.880426,0.0],[73.401696,34.880827,0.0],[73.401811,34.881179,0.0],[73.401926,34.881532,0.0],[73.402041,34.881884,0.0],[73.402339,34.882188,0.0],[73.402637,34.882493,0.0],[73.402935,34.882797,0.0],[73.403172,34.883101,0.0],[73.403348,34.883454,0.0],[73.403646,34.883759,0.0]]]}},{"type":"Feature","properties":{"rgi_id":"RGI2000-v7.0-G-14-24830","o1region":"14"},"geometry":{"type":"Polygon","coordinates":[[[73.400785,34.861179,0.0],[73.400786,34.861142,0.0],[73.400974,34.860806,0.0],[73.401164,34.860433,0.0],[73.401171,34.860057,0.0],[73.401224,34.859682,0.0],[73.401231,34.859306,0.0],[73.401239,34.85893,0.0],[73.4012,34.858554,0.0],[73.401162,34.858178,0.0],[73.400756,34.857985,0.0],[73.4003,34.857941,0.0],[73.3998,34.857897,0.0],[73.399344,34.857891,0.0],[73.398888,34.857923,0.0],[73.39843,34.858029,0.0],[73.398016,34.858212,0.0],[73.397963,34.858587,0.0],[73.398184,34.858928,0.0],[73.398452,34.859232,0.0],[73.398581,34.859609,0.0],[73.39862,34.859986,0.0],[73.398612,34.860399,0.0],[73.39865,34.860775,0.0],[73.398964,34.861042,0.0],[73.399185,34.861384,0.0],[73.399593,34.861539,0.0],[73.400785,34.861179,0.0]]]}},{"type":"Feature","properties":{"rgi_id":"RGI2000-v7.0-G-14-24831","o1region":"14"},"geometry":{"type":"Polygon","coordinates":[[[73.383981,34.857913,0.0],[73.384395,34.857731,0.0],[73.384629,34.857396,0.0],[73.384637,34.85702,0.0],[73.384644,34.856644,0.0],[73.384651,34.856269,0.0],[73.384659,34.855893,0.0],[73.384666,34.855517,0.0],[73.384673,34.855142,0.0],[73.38459,34.854765,0.0],[73.384414,34.854424,0.0],[73.384421,34.854049,0.0],[73.38461,34.853713,0.0],[73.384756,34.853264,0.0],[73.384756,34.853226,0.0],[73.38481,34.852814,0.0],[73.384772,34.852438,0.0],[73.384365,34.852282,0.0],[73.38391,34.852238,0.0],[73.383453,34.85227,0.0],[73.382997,34.852301,0.0],[73.38254,34.852333,0.0],[73.382082,34.852439,0.0],[73.381624,34.852546,0.0],[73.381166,34.85269,0.0],[73.380841,34.852986,0.0],[73.380652,34.853322,0.0],[73.380462,34.853733,0.0],[73.380318,34.854107,0.0],[73.380129,34.854442,0.0],[73.380121,34.854818,0.0],[73.380388,34.85516,0.0],[73.38084,34.855354,0.0],[73.381061,34.855695,0.0],[73.381329,34.855999,0.0],[73.381596,34.856303,0.0],[73.381818,34.856644,0.0],[73.382039,34.856986,0.0],[73.382398,34.857253,0.0],[73.382758,34.857521,0.0],[73.383118,34.857751,0.0],[73.383525,34.857945,0.0],[73.383981,34.857913,0.0]]]}},{"type":"Feature","properties":{"rgi_id":"RGI2000-v7.0-G-14-24832","o1region":"14"},"geometry":{"type":"Polygon","coordinates":[[[73.383316,34.851209,0.0],[73.383327,34.850638,0.0],[73.383335,34.850258,0.0],[73.383291,34.849898,0.0],[73.383144,34.849537,0.0],[73.382816,34.849279,0.0],[73.382354,34.849272,0.0],[73.381966,34.849457,0.0],[73.381653,34.849749,0.0],[73.381391,34.850042,0.0],[73.381128,34.850334,0.0],[73.380866,34.850626,0.0],[73.380655,34.850962,0.0],[73.380469,34.851298,0.0],[73.380461,34.851678,0.0],[73.380815,34.851915,0.0],[73.381276,34.851942,0.0],[73.381714,34.851864,0.0],[73.382126,34.851742,0.0],[73.382489,34.851536,0.0],[73.382878,34.851351,0.0],[73.38329,34.851229,0.0],[73.383316,34.851209,0.0]]]}},{"type":"Feature","properties":{"rgi_id":"RGI2000-v7.0-G-14-24833","o1region":"14"},"geometry":{"type":"Polygon","coordinates":[[[73.378717,34.851697,0.0],[73.379055,34.851448,0.0],[73.379317,34.851155,0.0],[73.37963,34.850885,0.0],[73.379993,34.850678,0.0],[73.380357,34.850451,0.0],[73.380619,34.850158,0.0],[73.380857,34.849802,0.0],[73.380857,34.849781,0.0],[73.381076,34.849065,0.0],[73.381212,34.848708,0.0],[73.381448,34.848394,0.0],[73.381558,34.848036,0.0],[73.381282,34.847736,0.0],[73.38098,34.847457,0.0],[73.380755,34.847137,0.0],[73.380295,34.847089,0.0],[73.379833,34.847104,0.0],[73.379395,34.847183,0.0],[73.378982,34.847325,0.0],[73.378543,34.84751,0.0],[73.37828,34.847823,0.0],[73.377967,34.848094,0.0],[73.377604,34.8483,0.0],[73.377342,34.848593,0.0],[73.377515,34.848933,0.0],[73.377895,34.84915,0.0],[73.378146,34.849449,0.0],[73.378216,34.849809,0.0],[73.378157,34.850168,0.0],[73.378099,34.850526,0.0],[73.377786,34.850797,0.0],[73.3776,34.851154,0.0],[73.377592,34.851534,0.0],[73.377843,34.851833,0.0],[73.378279,34.851797,0.0],[73.378717,34.851697,0.0]]]}},{"type":"Feature","properties":{"rgi_id":"RGI2000-v7.0-G-14-24834","o1region":"14"},"geometry":{"type":"Polygon","coordinates":[[[73.368317,34.847309,0.0],[73.368317,34.847288,0.0],[73.368478,34.846952,0.0],[73.368715,34.846638,0.0],[73.368824,34.84628,0.0],[73.368832,34.845879,0.0],[73.368737,34.845518,0.0],[73.368616,34.845157,0.0],[73.368469,34.844817,0.0],[73.36814,34.844559,0.0],[73.367706,34.84449,0.0],[73.367293,34.844611,0.0],[73.367133,34.844947,0.0],[73.367049,34.845305,0.0],[73.36699,34.845664,0.0],[73.366983,34.846044,0.0],[73.367155,34.846406,0.0],[73.367457,34.846685,0.0],[73.367656,34.847026,0.0],[73.367829,34.847366,0.0],[73.368317,34.847309,0.0]]]}},{"type":"Feature","properties":{"rgi_id":"RGI2000-v7.0-G-14-24835","o1region":"14"},"geometry":{"type":"Polygon","coordinates":[[[73.353755,34.847348,0.0],[73.354202,34.847241,0.0],[73.354647,34.847191,0.0],[73.355061,34.847028,0.0],[73.355475,34.846836,0.0],[73.355889,34.846644,0.0],[73.35627,34.846396,0.0],[73.356617,34.846119,0.0],[73.356964,34.84587,0.0],[73.357311,34.845621,0.0],[73.357658,34.845344,0.0],[73.358005,34.845066,0.0],[73.358319,34.844789,0.0],[73.358632,34.844511,0.0],[73.358911,34.844233,0.0],[73.359224,34.843956,0.0],[73.359537,34.843678,0.0],[73.359953,34.843402,0.0],[73.360268,34.84304,0.0],[73.360268,34.843012,0.0],[73.360556,34.842283,0.0],[73.360288,34.841997,0.0],[73.359916,34.841795,0.0],[73.359472,34.841789,0.0],[73.359028,34.841783,0.0],[73.358547,34.841889,0.0],[73.3581,34.842024,0.0],[73.357619,34.84213,0.0],[73.357206,34.842266,0.0],[73.356762,34.842288,0.0],[73.356283,34.84231,0.0],[73.355837,34.842388,0.0],[73.355391,34.842467,0.0],[73.355045,34.842687,0.0],[73.354867,34.843023,0.0],[73.354655,34.843387,0.0],[73.354511,34.843751,0.0],[73.354401,34.844116,0.0],[73.35429,34.844509,0.0],[73.354249,34.844875,0.0],[73.354173,34.84524,0.0],[73.354063,34.845605,0.0],[73.353886,34.845941,0.0],[73.353674,34.846276,0.0],[73.353429,34.846583,0.0],[73.353251,34.846919,0.0],[73.353312,34.847286,0.0],[73.353755,34.847348,0.0]]]}},{"type":"Feature","properties":{"rgi_id":"RGI2000-v7.0-G-14-24836","o1region":"14"},"geometry":{"type":"Polygon","coordinates":[[[73.35104,34.840642,0.0],[73.351041,34.840604,0.0],[73.351049,34.840228,0.0],[73.351147,34.839854,0.0],[73.3512,34.839479,0.0],[73.351162,34.839103,0.0],[73.35071,34.838909,0.0],[73.350255,34.838865,0.0],[73.3498,34.838821,0.0],[73.349345,34.838815,0.0],[73.348841,34.838921,0.0],[73.348472,34.839141,0.0],[73.348103,34.839399,0.0],[73.347868,34.839734,0.0],[73.347499,34.839955,0.0],[73.34713,34.840175,0.0],[73.346941,34.840511,0.0],[73.346933,34.840886,0.0],[73.347247,34.841154,0.0],[73.347703,34.84116,0.0],[73.348161,34.841053,0.0],[73.348575,34.840871,0.0],[73.348988,34.840689,0.0],[73.349445,34.840657,0.0],[73.3499,34.840664,0.0],[73.350355,34.840707,0.0],[73.35104,34.840642,0.0]]]}},{"type":"Feature","properties":{"rgi_id":"RGI2000-v7.0-G-14-24837","o1region":"14"},"geometry":{"type":"Polygon","coordinates":[[[73.379115,34.872982,0.0],[73.379641,34.872313,0.0],[73.379648,34.871947,0.0],[73.379656,34.871552,0.0],[73.379698,34.871187,0.0],[73.379773,34.870821,0.0],[73.37978,34.870455,0.0],[73.379719,34.870088,0.0],[73.379521,34.869747,0.0],[73.379078,34.869628,0.0],[73.378632,34.869707,0.0],[73.378186,34.869785,0.0],[73.377741,34.869836,0.0],[73.377328,34.869971,0.0],[73.376981,34.87022,0.0],[73.37694,34.870586,0.0],[73.376932,34.870952,0.0],[73.376925,34.871319,0.0],[73.376986,34.871686,0.0],[73.37722,34.871999,0.0],[73.377488,34.872284,0.0],[73.377825,34.872514,0.0],[73.378197,34.872745,0.0],[73.378638,34.872892,0.0],[73.379081,34.872982,0.0],[73.379115,34.872982,0.0]]]}},{"type":"Feature","properties":{"rgi_id":"RGI2000-v7.0-G-14-24838","o1region":"14"},"geometry":{"type":"Polygon","coordinates":[[[73.442867,34.833219,0.0],[73.443146,34.832913,0.0],[73.443381,34.832618,0.0],[73.443697,34.832723,0.0],[73.444141,34.832728,0.0],[73.444586,34.832678,0.0],[73.445031,34.832627,0.0],[73.445476,34.832605,0.0],[73.445921,34.832582,0.0],[73.446334,34.832446,0.0],[73.446402,34.832419,0.0],[73.446476,34.832166,0.0],[73.446414,34.831799,0.0],[73.446077,34.831541,0.0],[73.445809,34.831256,0.0],[73.445507,34.83097,0.0],[73.445135,34.83074,0.0],[73.444764,34.83051,0.0],[73.444322,34.830363,0.0],[73.443878,34.830358,0.0],[73.443465,34.830493,0.0],[73.443119,34.830742,0.0],[73.442773,34.830964,0.0],[73.442528,34.83127,0.0],[73.442589,34.831638,0.0],[73.442685,34.832005,0.0],[73.442698,34.832023,0.0],[73.442579,34.832173,0.0],[73.442232,34.83245,0.0],[73.441852,34.832643,0.0],[73.441408,34.832637,0.0],[73.440965,34.832547,0.0],[73.440628,34.832317,0.0],[73.440326,34.832031,0.0],[73.439954,34.831829,0.0],[73.439546,34.831683,0.0],[73.439102,34.831677,0.0],[73.438823,34.831956,0.0],[73.438782,34.832322,0.0],[73.439015,34.832663,0.0],[73.439387,34.832893,0.0],[73.439794,34.833039,0.0],[73.440201,34.833185,0.0],[73.440574,34.833387,0.0],[73.440876,34.833673,0.0],[73.441178,34.833987,0.0],[73.441515,34.834217,0.0],[73.441852,34.834475,0.0],[73.442154,34.83476,0.0],[73.442456,34.835046,0.0],[73.44287,34.834882,0.0],[73.442842,34.834515,0.0],[73.442644,34.834175,0.0],[73.442514,34.833807,0.0],[73.442521,34.83344,0.0],[73.442867,34.833219,0.0]]]}},{"type":"Feature","properties":{"rgi_id":"RGI2000-v7.0-G-14-24839","o1region":"14"},"geometry":{"type":"Polygon","coordinates":[[[73.449286,34.833583,0.0],[73.448711,34.833238,0.0],[73.448267,34.833232,0.0],[73.447854,34.833368,0.0],[73.447408,34.833475,0.0],[73.446962,34.833582,0.0],[73.446582,34.833774,0.0],[73.446303,34.834052,0.0],[73.446024,34.834359,0.0],[73.446223,34.8347,0.0],[73.446668,34.834677,0.0],[73.447112,34.834683,0.0],[73.447556,34.834688,0.0],[73.447999,34.83475,0.0],[73.448267,34.835036,0.0],[73.448713,34.834985,0.0],[73.448958,34.834678,0.0],[73.449033,34.834313,0.0],[73.449176,34.833948,0.0],[73.449252,34.833583,0.0],[73.449286,34.833583,0.0]]]}},{"type":"Feature","properties":{"rgi_id":"RGI2000-v7.0-G-14-24840","o1region":"14"},"geometry":{"type":"Polygon","coordinates":[[[73.449681,34.838013,0.0],[73.449519,34.837532,0.0],[73.449251,34.837247,0.0],[73.449018,34.836934,0.0],[73.448716,34.836648,0.0],[73.448308,34.836502,0.0],[73.447865,34.83644,0.0],[73.447421,34.836434,0.0],[73.447008,34.83657,0.0],[73.446595,34.836734,0.0],[73.446248,34.837011,0.0],[73.446309,34.837378,0.0],[73.446508,34.837719,0.0],[73.44688,34.837921,0.0],[73.447322,34.838039,0.0],[73.447625,34.838325,0.0],[73.447858,34.838638,0.0],[73.447885,34.839005,0.0],[73.448188,34.83929,0.0],[73.448633,34.839211,0.0],[73.448912,34.838933,0.0],[73.449157,34.838626,0.0],[73.449402,34.838319,0.0],[73.449647,34.838013,0.0],[73.449681,34.838013,0.0]]]}},{"type":"Feature","properties":{"rgi_id":"RGI2000-v7.0-G-14-24841","o1region":"14"},"geometry":{"type":"Polygon","coordinates":[[[73.451702,34.839617,0.0],[73.451736,34.839617,0.0],[73.452143,34.839792,0.0],[73.452481,34.840021,0.0],[73.452817,34.840308,0.0],[73.453224,34.840482,0.0],[73.453669,34.840487,0.0],[73.454114,34.840437,0.0],[73.454461,34.840131,0.0],[73.454537,34.839766,0.0],[73.454543,34.839399,0.0],[73.454551,34.839005,0.0],[73.454353,34.838636,0.0],[73.453981,34.838406,0.0],[73.453537,34.838372,0.0],[73.453093,34.838366,0.0],[73.452648,34.838417,0.0],[73.452201,34.838524,0.0],[73.451789,34.83866,0.0],[73.451344,34.838654,0.0],[73.450973,34.838424,0.0],[73.4506,34.838222,0.0],[73.450157,34.838188,0.0],[73.450116,34.838554,0.0],[73.450109,34.83892,0.0],[73.450102,34.839287,0.0],[73.450335,34.8396,0.0],[73.450779,34.839633,0.0],[73.451159,34.839441,0.0],[73.451702,34.839617,0.0]]]}},{"type":"Feature","properties":{"rgi_id":"RGI2000-v7.0-G-14-24842","o1region":"14"},"geometry":{"type":"Polygon","coordinates":[[[73.444247,34.818018,0.0],[73.444056,34.817255,0.0],[73.443823,34.816942,0.0],[73.443589,34.816629,0.0],[73.443321,34.816344,0.0],[73.442878,34.816281,0.0],[73.442435,34.816219,0.0],[73.441993,34.816101,0.0],[73.441549,34.816067,0.0],[73.441105,34.81609,0.0],[73.440692,34.816225,0.0],[73.440313,34.816418,0.0],[73.440033,34.816724,0.0],[73.440026,34.81709,0.0],[73.440191,34.817431,0.0],[73.440528,34.817661,0.0],[73.441004,34.817808,0.0],[73.441447,34.81787,0.0],[73.44189,34.81796,0.0],[73.442333,34.818022,0.0],[73.442776,34.818056,0.0],[73.443221,34.818061,0.0],[73.443767,34.818068,0.0],[73.444212,34.818018,0.0],[73.444247,34.818018,0.0]]]}},{"type":"Feature","properties":{"rgi_id":"RGI2000-v7.0-G-14-24843","o1region":"14"},"geometry":{"type":"Polygon","coordinates":[[[73.436682,34.821485,0.0],[73.438073,34.820652,0.0],[73.438075,34.820582,0.0],[73.43791,34.820225,0.0],[73.437658,34.819867,0.0],[73.437493,34.819511,0.0],[73.437066,34.819363,0.0],[73.436641,34.819145,0.0],[73.436213,34.818998,0.0],[73.435786,34.818851,0.0],[73.435362,34.818562,0.0],[73.434934,34.818485,0.0],[73.434508,34.818267,0.0],[73.43417,34.817979,0.0],[73.433831,34.817691,0.0],[73.433493,34.817403,0.0],[73.433144,34.817682,0.0],[73.433223,34.818038,0.0],[73.433474,34.818396,0.0],[73.433725,34.818753,0.0],[73.433976,34.819111,0.0],[73.434315,34.819399,0.0],[73.434742,34.819546,0.0],[73.435169,34.819693,0.0],[73.435597,34.81977,0.0],[73.435936,34.820058,0.0],[73.436187,34.820415,0.0],[73.436179,34.820841,0.0],[73.436171,34.821266,0.0],[73.436682,34.821485,0.0]]]}},{"type":"Feature","properties":{"rgi_id":"RGI2000-v7.0-G-14-24844","o1region":"14"},"geometry":{"type":"Polygon","coordinates":[[[73.435034,34.801835,0.0],[73.434471,34.801776,0.0],[73.433985,34.80177,0.0],[73.4335,34.801764,0.0],[73.432952,34.801807,0.0],[73.432523,34.802002,0.0],[73.432155,34.802197,0.0],[73.431786,34.802443,0.0],[73.431537,34.80274,0.0],[73.431323,34.802883,0.0],[73.431375,34.802972,0.0],[73.431265,34.803337,0.0],[73.431054,34.803673,0.0],[73.430775,34.803951,0.0],[73.430496,34.804257,0.0],[73.430117,34.80445,0.0],[73.42977,34.804699,0.0],[73.429391,34.804891,0.0],[73.429011,34.805084,0.0],[73.428632,34.805276,0.0],[73.428219,34.80544,0.0],[73.427806,34.805604,0.0],[73.427426,34.805796,0.0],[73.42708,34.806017,0.0],[73.426802,34.806295,0.0],[73.426388,34.806459,0.0],[73.425943,34.80651,0.0],[73.425531,34.806645,0.0],[73.425218,34.806923,0.0],[73.424905,34.807201,0.0],[73.424728,34.807537,0.0],[73.424961,34.80785,0.0],[73.425298,34.808079,0.0],[73.425636,34.808309,0.0],[73.426006,34.808596,0.0],[73.426342,34.808882,0.0],[73.426679,34.80914,0.0],[73.426947,34.809425,0.0],[73.427249,34.809711,0.0],[73.427414,34.810051,0.0],[73.427407,34.810418,0.0],[73.427297,34.810783,0.0],[73.427221,34.811176,0.0],[73.427283,34.811543,0.0],[73.427727,34.811549,0.0],[73.428205,34.811555,0.0],[73.428684,34.811505,0.0],[73.429165,34.811399,0.0],[73.429578,34.811235,0.0],[73.429991,34.811071,0.0],[73.430405,34.810879,0.0],[73.430819,34.810659,0.0],[73.431199,34.810467,0.0],[73.431611,34.810331,0.0],[73.432056,34.810309,0.0],[73.432501,34.810286,0.0],[73.432946,34.810207,0.0],[73.433392,34.810129,0.0],[73.433771,34.809936,0.0],[73.434117,34.809715,0.0],[73.43443,34.809437,0.0],[73.434431,34.809409,0.0],[73.43458,34.808735,0.0],[73.434485,34.808367,0.0],[73.434492,34.808001,0.0],[73.434464,34.807634,0.0],[73.434196,34.807349,0.0],[73.433752,34.807343,0.0],[73.433345,34.807169,0.0],[73.432904,34.80705,0.0],[73.432566,34.80682,0.0],[73.432229,34.806562,0.0],[73.431822,34.806416,0.0],[73.431415,34.80627,0.0],[73.431147,34.805985,0.0],[73.430879,34.8057,0.0],[73.430852,34.805333,0.0],[73.430859,34.804967,0.0],[73.431272,34.804775,0.0],[73.431719,34.804639,0.0],[73.432199,34.804561,0.0],[73.43268,34.804426,0.0],[73.433127,34.804263,0.0],[73.433507,34.804071,0.0],[73.433949,34.804189,0.0],[73.434427,34.804195,0.0],[73.434806,34.804003,0.0],[73.435152,34.803782,0.0],[73.435465,34.803504,0.0],[73.435909,34.80351,0.0],[73.436316,34.803684,0.0],[73.436722,34.803887,0.0],[73.437094,34.804089,0.0],[73.437362,34.804374,0.0],[73.437699,34.804632,0.0],[73.438045,34.804411,0.0],[73.438051,34.804045,0.0],[73.438024,34.803678,0.0],[73.437929,34.80331,0.0],[73.437627,34.803024,0.0],[73.43729,34.802767,0.0],[73.436883,34.802592,0.0],[73.436477,34.80239,0.0],[73.43607,34.802244,0.0],[73.435628,34.802097,0.0],[73.435187,34.801922,0.0],[73.435034,34.801835,0.0]]]}},{"type":"Feature","properties":{"rgi_id":"RGI2000-v7.0-G-14-24845","o1region":"14"},"geometry":{"type":"Polygon","coordinates":[[[73.435034,34.801835,0.0],[73.434782,34.801691,0.0],[73.434446,34.801377,0.0],[73.434109,34.801119,0.0],[73.433703,34.800917,0.0],[73.433331,34.800715,0.0],[73.432888,34.800653,0.0],[73.432444,34.800647,0.0],[73.431967,34.800584,0.0],[73.43156,34.80041,0.0],[73.431115,34.800432,0.0],[73.43077,34.800653,0.0],[73.430525,34.80096,0.0],[73.430484,34.801326,0.0],[73.430545,34.801693,0.0],[73.43064,34.802061,0.0],[73.430804,34.802429,0.0],[73.431176,34.802631,0.0],[73.431323,34.802883,0.0],[73.431537,34.80274,0.0],[73.431786,34.802443,0.0],[73.432155,34.802197,0.0],[73.432523,34.802002,0.0],[73.432952,34.801807,0.0],[73.4335,34.801764,0.0],[73.433985,34.80177,0.0],[73.434471,34.801776,0.0],[73.435034,34.801835,0.0]]]}},{"type":"Feature","properties":{"rgi_id":"RGI2000-v7.0-G-14-24846","o1region":"14"},"geometry":{"type":"Polygon","coordinates":[[[73.425304,34.798339,0.0],[73.425673,34.79808,0.0],[73.426043,34.797822,0.0],[73.426089,34.797785,0.0],[73.426783,34.797193,0.0],[73.426791,34.796817,0.0],[73.426615,34.796477,0.0],[73.426208,34.796321,0.0],[73.425802,34.796128,0.0],[73.425488,34.795861,0.0],[73.425312,34.79552,0.0],[73.425045,34.795216,0.0],[73.424588,34.795286,0.0],[73.424309,34.795583,0.0],[73.423896,34.795728,0.0],[73.423395,34.795721,0.0],[73.422849,34.795714,0.0],[73.422436,34.795859,0.0],[73.422112,34.796118,0.0],[73.421968,34.796492,0.0],[73.421961,34.796867,0.0],[73.421954,34.797243,0.0],[73.422083,34.79762,0.0],[73.422397,34.797888,0.0],[73.422665,34.798192,0.0],[73.423072,34.798347,0.0],[73.423479,34.798503,0.0],[73.423935,34.798471,0.0],[73.42439,34.798477,0.0],[73.424847,34.798408,0.0],[73.425304,34.798339,0.0]]]}},{"type":"Feature","properties":{"rgi_id":"RGI2000-v7.0-G-14-24847","o1region":"14"},"geometry":{"type":"Polygon","coordinates":[[[73.418712,34.797652,0.0],[73.418453,34.796897,0.0],[73.418369,34.79652,0.0],[73.418193,34.79618,0.0],[73.417926,34.795838,0.0],[73.417659,34.795534,0.0],[73.417253,34.795341,0.0],[73.416797,34.795335,0.0],[73.416343,34.795254,0.0],[73.415888,34.795248,0.0],[73.415699,34.795583,0.0],[73.415738,34.79596,0.0],[73.41573,34.796335,0.0],[73.415723,34.796711,0.0],[73.415807,34.797088,0.0],[73.415845,34.797502,0.0],[73.415929,34.797879,0.0],[73.41615,34.79822,0.0],[73.416417,34.798524,0.0],[73.416593,34.798864,0.0],[73.417046,34.798983,0.0],[73.417459,34.798838,0.0],[73.417693,34.798503,0.0],[73.418018,34.798206,0.0],[73.418387,34.797948,0.0],[73.418711,34.797689,0.0],[73.418712,34.797652,0.0]]]}},{"type":"Feature","properties":{"rgi_id":"RGI2000-v7.0-G-14-24848","o1region":"14"},"geometry":{"type":"Polygon","coordinates":[[[73.407175,34.799295,0.0],[73.407522,34.799017,0.0],[73.407802,34.798711,0.0],[73.408148,34.798462,0.0],[73.408562,34.79827,0.0],[73.409006,34.798276,0.0],[73.409448,34.798394,0.0],[73.409482,34.798395,0.0],[73.4099,34.797949,0.0],[73.409702,34.797609,0.0],[73.409366,34.797322,0.0],[73.409133,34.797009,0.0],[73.409174,34.796643,0.0],[73.409553,34.796451,0.0],[73.409799,34.796116,0.0],[73.409806,34.79575,0.0],[73.409676,34.795382,0.0],[73.409443,34.795069,0.0],[73.409064,34.795261,0.0],[73.408819,34.795568,0.0],[73.408439,34.79576,0.0],[73.408059,34.795981,0.0],[73.407713,34.796202,0.0],[73.407434,34.79648,0.0],[73.407088,34.796757,0.0],[73.406808,34.797092,0.0],[73.40663,34.797456,0.0],[73.40652,34.797821,0.0],[73.406343,34.798156,0.0],[73.406131,34.79852,0.0],[73.405886,34.798855,0.0],[73.405776,34.79922,0.0],[73.405906,34.799588,0.0],[73.40635,34.799594,0.0],[73.406796,34.799487,0.0],[73.407175,34.799295,0.0]]]}},{"type":"Feature","properties":{"rgi_id":"RGI2000-v7.0-G-14-24849","o1region":"14"},"geometry":{"type":"Polygon","coordinates":[[[73.398787,34.80461,0.0],[73.398424,34.804859,0.0],[73.39806,34.805107,0.0],[73.397798,34.8054,0.0],[73.39774,34.80578,0.0],[73.397681,34.806159,0.0],[73.397674,34.80654,0.0],[73.39759,34.806898,0.0],[73.39743,34.807234,0.0],[73.397269,34.80757,0.0],[73.397058,34.807906,0.0],[73.396898,34.808242,0.0],[73.397148,34.808541,0.0],[73.397609,34.808547,0.0],[73.398096,34.808553,0.0],[73.398557,34.808559,0.0],[73.398963,34.808755,0.0],[73.399318,34.808971,0.0],[73.39978,34.808956,0.0],[73.400192,34.808813,0.0],[73.400193,34.808792,0.0],[73.400533,34.808416,0.0],[73.400745,34.808081,0.0],[73.400829,34.807723,0.0],[73.400912,34.807364,0.0],[73.401174,34.807072,0.0],[73.401258,34.806714,0.0],[73.401214,34.806354,0.0],[73.401118,34.805993,0.0],[73.401126,34.805613,0.0],[73.401133,34.805211,0.0],[73.401115,34.804831,0.0],[73.40102,34.80447,0.0],[73.400718,34.804149,0.0],[73.400571,34.803788,0.0],[73.400553,34.803407,0.0],[73.400561,34.803027,0.0],[73.400465,34.802666,0.0],[73.400241,34.802346,0.0],[73.399887,34.802088,0.0],[73.399453,34.801998,0.0],[73.398992,34.801991,0.0],[73.398604,34.802177,0.0],[73.398443,34.802534,0.0],[73.398385,34.802892,0.0],[73.398352,34.803272,0.0],[73.398294,34.803631,0.0],[73.398415,34.803992,0.0],[73.398743,34.80425,0.0],[73.398787,34.80461,0.0]]]}},{"type":"Feature","properties":{"rgi_id":"RGI2000-v7.0-G-14-24850","o1region":"14"},"geometry":{"type":"Polygon","coordinates":[[[73.39651,34.801434,0.0],[73.396519,34.80099,0.0],[73.396099,34.800874,0.0],[73.395678,34.800757,0.0],[73.395257,34.800641,0.0],[73.394833,34.800746,0.0],[73.394464,34.800947,0.0],[73.394021,34.800989,0.0],[73.393559,34.80103,0.0],[73.393115,34.801088,0.0],[73.39269,34.801209,0.0],[73.392568,34.801572,0.0],[73.392988,34.801704,0.0],[73.393448,34.80179,0.0],[73.39389,34.801796,0.0],[73.394332,34.801801,0.0],[73.394774,34.801807,0.0],[73.395215,34.801813,0.0],[73.395678,34.80174,0.0],[73.396085,34.801587,0.0],[73.396491,34.801449,0.0],[73.39651,34.801434,0.0]]]}},{"type":"Feature","properties":{"rgi_id":"RGI2000-v7.0-G-14-24851","o1region":"14"},"geometry":{"type":"Polygon","coordinates":[[[73.381921,34.792592,0.0],[73.381922,34.792564,0.0],[73.381861,34.792197,0.0],[73.381523,34.791967,0.0],[73.381081,34.791876,0.0],[73.380639,34.791786,0.0],[73.380196,34.791724,0.0],[73.379752,34.791718,0.0],[73.379274,34.791711,0.0],[73.378861,34.791847,0.0],[73.37882,34.792213,0.0],[73.379122,34.792498,0.0],[73.379529,34.792645,0.0],[73.379901,34.792847,0.0],[73.380342,34.792994,0.0],[73.380784,34.793112,0.0],[73.381227,34.793147,0.0],[73.381672,34.793124,0.0],[73.381921,34.792592,0.0]]]}},{"type":"Feature","properties":{"rgi_id":"RGI2000-v7.0-G-14-24852","o1region":"14"},"geometry":{"type":"Polygon","coordinates":[[[73.411155,34.808506,0.0],[73.411597,34.808653,0.0],[73.412039,34.808743,0.0],[73.412481,34.808862,0.0],[73.412924,34.808924,0.0],[73.413368,34.808958,0.0],[73.413811,34.808992,0.0],[73.414255,34.809026,0.0],[73.414662,34.809172,0.0],[73.415104,34.80929,0.0],[73.415546,34.809409,0.0],[73.415953,34.809555,0.0],[73.416325,34.809757,0.0],[73.416732,34.809932,0.0],[73.417139,34.810106,0.0],[73.417511,34.810308,0.0],[73.417847,34.810566,0.0],[73.418217,34.810881,0.0],[73.418519,34.811167,0.0],[73.418856,34.811453,0.0],[73.419124,34.811738,0.0],[73.419426,34.812024,0.0],[73.419693,34.812338,0.0],[73.419892,34.812678,0.0],[73.420124,34.81302,0.0],[73.420289,34.81336,0.0],[73.420453,34.8137,0.0],[73.420617,34.814069,0.0],[73.42078,34.814465,0.0],[73.420909,34.814862,0.0],[73.421039,34.81523,0.0],[73.421203,34.815598,0.0],[73.421401,34.815939,0.0],[73.4216,34.81628,0.0],[73.421833,34.816593,0.0],[73.422278,34.816542,0.0],[73.422624,34.816321,0.0],[73.422903,34.816043,0.0],[73.42308,34.815707,0.0],[73.423155,34.815342,0.0],[73.423197,34.814976,0.0],[73.423238,34.81461,0.0],[73.423245,34.814216,0.0],[73.423286,34.81385,0.0],[73.423293,34.813483,0.0],[73.423369,34.813118,0.0],[73.42341,34.812724,0.0],[73.423451,34.812358,0.0],[73.423493,34.811992,0.0],[73.423568,34.811627,0.0],[73.423569,34.81157,0.0],[73.423588,34.810584,0.0],[73.423526,34.810217,0.0],[73.423499,34.80985,0.0],[73.423301,34.80951,0.0],[73.423102,34.809169,0.0],[73.422904,34.8088,0.0],[73.422671,34.808487,0.0],[73.422438,34.808174,0.0],[73.422205,34.807861,0.0],[73.421937,34.807576,0.0],[73.4216,34.807289,0.0],[73.421264,34.807003,0.0],[73.420962,34.806717,0.0],[73.42059,34.806515,0.0],[73.420184,34.806313,0.0],[73.419847,34.806083,0.0],[73.419509,34.805853,0.0],[73.419138,34.805595,0.0],[73.418766,34.805392,0.0],[73.418395,34.805162,0.0],[73.418093,34.804876,0.0],[73.417757,34.80459,0.0],[73.417507,34.804354,0.0],[73.417181,34.804329,0.0],[73.416737,34.804323,0.0],[73.416258,34.804345,0.0],[73.415814,34.804339,0.0],[73.415372,34.804221,0.0],[73.415035,34.803963,0.0],[73.414665,34.803676,0.0],[73.414363,34.803362,0.0],[73.414062,34.803048,0.0],[73.413726,34.802734,0.0],[73.413668,34.802673,0.0],[73.41325,34.802643,0.0],[73.412772,34.802609,0.0],[73.412294,34.802574,0.0],[73.411816,34.802568,0.0],[73.411372,34.802562,0.0],[73.410928,34.802557,0.0],[73.410483,34.802579,0.0],[73.410039,34.802601,0.0],[73.409559,34.802651,0.0],[73.409115,34.802674,0.0],[73.408735,34.802894,0.0],[73.408421,34.8032,0.0],[73.408176,34.803535,0.0],[73.408032,34.8039,0.0],[73.408025,34.804266,0.0],[73.408018,34.804632,0.0],[73.408045,34.804999,0.0],[73.408105,34.805423,0.0],[73.408167,34.80579,0.0],[73.408262,34.806157,0.0],[73.408426,34.806498,0.0],[73.408694,34.806811,0.0],[73.408961,34.807125,0.0],[73.409263,34.80741,0.0],[73.409531,34.807696,0.0],[73.409798,34.808009,0.0],[73.410031,34.808322,0.0],[73.410065,34.808351,0.0],[73.411155,34.808506,0.0]]]}},{"type":"Feature","properties":{"rgi_id":"RGI2000-v7.0-G-14-24853","o1region":"14"},"geometry":{"type":"Polygon","coordinates":[[[73.450287,34.809561,0.0],[73.450138,34.809559,0.0],[73.44977,34.809308,0.0],[73.449402,34.809058,0.0],[73.44896,34.808745,0.0],[73.448668,34.808434,0.0],[73.448526,34.808063,0.0],[73.448309,34.807691,0.0],[73.447943,34.807318,0.0],[73.447501,34.807066,0.0],[73.447057,34.806876,0.0],[73.446609,34.806932,0.0],[73.446305,34.807235,0.0],[73.446001,34.807539,0.0],[73.44577,34.807905,0.0],[73.445392,34.808207,0.0],[73.445088,34.808511,0.0],[73.444784,34.808814,0.0],[73.444405,34.809179,0.0],[73.444101,34.809482,0.0],[73.443797,34.809786,0.0],[73.443715,34.810153,0.0],[73.44416,34.810282,0.0],[73.444606,34.810349,0.0],[73.445054,34.810355,0.0],[73.445501,34.810361,0.0],[73.446022,34.810367,0.0],[73.44647,34.810373,0.0],[73.446991,34.81038,0.0],[73.447438,34.810385,0.0],[73.447887,34.81033,0.0],[73.448411,34.810213,0.0],[73.44886,34.810096,0.0],[73.450287,34.809561,0.0]]]}},{"type":"Feature","properties":{"rgi_id":"RGI2000-v7.0-G-14-24854","o1region":"14"},"geometry":{"type":"Polygon","coordinates":[[[73.333836,34.789913,0.0],[73.334586,34.78998,0.0],[73.334654,34.789981,0.0],[73.334818,34.790321,0.0],[73.335155,34.790551,0.0],[73.335597,34.79067,0.0],[73.33604,34.790732,0.0],[73.336518,34.790767,0.0],[73.336963,34.790689,0.0],[73.336868,34.790321,0.0],[73.336739,34.789953,0.0],[73.336644,34.789585,0.0],[73.336412,34.789244,0.0],[73.336179,34.788931,0.0],[73.335877,34.788645,0.0],[73.33547,34.788498,0.0],[73.335027,34.788464,0.0],[73.334614,34.788599,0.0],[73.334268,34.78882,0.0],[73.333855,34.788983,0.0],[73.333374,34.789118,0.0],[73.332927,34.789224,0.0],[73.332481,34.789359,0.0],[73.3321,34.789579,0.0],[73.331855,34.789914,0.0],[73.331508,34.790163,0.0],[73.331775,34.790449,0.0],[73.33222,34.790427,0.0],[73.332666,34.79032,0.0],[73.333046,34.790128,0.0],[73.333392,34.789907,0.0],[73.333836,34.789913,0.0]]]}},{"type":"Feature","properties":{"rgi_id":"RGI2000-v7.0-G-14-24855","o1region":"14"},"geometry":{"type":"Polygon","coordinates":[[[73.324586,34.791296,0.0],[73.324587,34.791247,0.0],[73.324714,34.790855,0.0],[73.324841,34.790463,0.0],[73.324908,34.79007,0.0],[73.324917,34.789628,0.0],[73.324625,34.789329,0.0],[73.324089,34.789321,0.0],[73.323551,34.789363,0.0],[73.323074,34.789406,0.0],[73.322595,34.789498,0.0],[73.322174,34.789688,0.0],[73.321811,34.789929,0.0],[73.321506,34.79027,0.0],[73.321379,34.790661,0.0],[73.321731,34.790912,0.0],[73.322084,34.791163,0.0],[73.322497,34.791365,0.0],[73.32285,34.791616,0.0],[73.324586,34.791296,0.0]]]}},{"type":"Feature","properties":{"rgi_id":"RGI2000-v7.0-G-14-24856","o1region":"14"},"geometry":{"type":"Polygon","coordinates":[[[73.450923,34.965283,0.0],[73.451138,34.965526,0.0],[73.451498,34.965757,0.0],[73.451906,34.965912,0.0],[73.452362,34.965955,0.0],[73.452818,34.965999,0.0],[73.453689,34.965784,0.0],[73.45369,34.965747,0.0],[73.453697,34.965371,0.0],[73.453704,34.964996,0.0],[73.45362,34.964619,0.0],[73.453443,34.964278,0.0],[73.453222,34.963937,0.0],[73.452907,34.96367,0.0],[73.452876,34.96365,0.0],[73.452547,34.963685,0.0],[73.451987,34.963809,0.0],[73.451585,34.964,0.0],[73.45118,34.964323,0.0],[73.451014,34.964714,0.0],[73.450927,34.965107,0.0],[73.450923,34.965283,0.0]]]}},{"type":"Feature","properties":{"rgi_id":"RGI2000-v7.0-G-14-24857","o1region":"14"},"geometry":{"type":"Polygon","coordinates":[[[73.460067,34.965761,0.0],[73.460395,34.965499,0.0],[73.46066,34.965183,0.0],[73.460987,34.964922,0.0],[73.461188,34.964552,0.0],[73.461517,34.964237,0.0],[73.461781,34.963922,0.0],[73.461917,34.963551,0.0],[73.462053,34.963181,0.0],[73.462254,34.962811,0.0],[73.46239,34.962441,0.0],[73.462462,34.962069,0.0],[73.462598,34.961699,0.0],[73.462734,34.961328,0.0],[73.462561,34.96021,0.0],[73.462496,34.960209,0.0],[73.462044,34.960203,0.0],[73.461528,34.960197,0.0],[73.460947,34.960189,0.0],[73.460494,34.960237,0.0],[73.460308,34.959809,0.0],[73.459925,34.959591,0.0],[73.459474,34.959532,0.0],[73.45902,34.959633,0.0],[73.458755,34.959949,0.0],[73.458748,34.960321,0.0],[73.458677,34.960692,0.0],[73.458222,34.960846,0.0],[73.45777,34.96084,0.0],[73.45732,34.960728,0.0],[73.456992,34.96099,0.0],[73.456985,34.961362,0.0],[73.456978,34.961734,0.0],[73.456971,34.962106,0.0],[73.457029,34.962479,0.0],[73.45728,34.962854,0.0],[73.457664,34.963072,0.0],[73.457981,34.963342,0.0],[73.458234,34.963664,0.0],[73.458419,34.964092,0.0],[73.458671,34.964467,0.0],[73.458923,34.964789,0.0],[73.459305,34.965113,0.0],[73.459427,34.965487,0.0],[73.459613,34.965861,0.0],[73.460067,34.965761,0.0]]]}},{"type":"Feature","properties":{"rgi_id":"RGI2000-v7.0-G-14-24858","o1region":"14"},"geometry":{"type":"Polygon","coordinates":[[[73.469587,34.959835,0.0],[73.469664,34.959967,0.0],[73.470062,34.959972,0.0],[73.47054,34.959978,0.0],[73.470732,34.960033,0.0],[73.471016,34.960115,0.0],[73.471409,34.960382,0.0],[73.471642,34.960713,0.0],[73.471794,34.961108,0.0],[73.471866,34.961503,0.0],[73.471938,34.961897,0.0],[73.47209,34.962293,0.0],[73.472242,34.962688,0.0],[73.472394,34.963083,0.0],[73.472546,34.963479,0.0],[73.472619,34.963873,0.0],[73.472771,34.964269,0.0],[73.473001,34.964731,0.0],[73.473481,34.964605,0.0],[73.473726,34.964281,0.0],[73.473973,34.96389,0.0],[73.47406,34.963498,0.0],[73.474226,34.963106,0.0],[73.474313,34.962714,0.0],[73.47432,34.962321,0.0],[73.474328,34.961927,0.0],[73.474095,34.961596,0.0],[73.473862,34.961266,0.0],[73.47363,34.960869,0.0],[73.473398,34.960538,0.0],[73.473405,34.960145,0.0],[73.473412,34.959752,0.0],[73.473419,34.959358,0.0],[73.473347,34.958964,0.0],[73.473275,34.958569,0.0],[73.473282,34.958176,0.0],[73.473414,34.958105,0.0],[73.473794,34.957913,0.0],[73.474141,34.957692,0.0],[73.474488,34.957414,0.0],[73.474625,34.957277,0.0],[73.474399,34.956652,0.0],[73.474365,34.956652,0.0],[73.474027,34.956422,0.0],[73.473619,34.956276,0.0],[73.473212,34.956102,0.0],[73.472804,34.955928,0.0],[73.472363,34.955725,0.0],[73.471955,34.955551,0.0],[73.471548,34.955376,0.0],[73.471506,34.955359,0.0],[73.471264,34.95533,0.0],[73.470628,34.955257,0.0],[73.470152,34.95512,0.0],[73.469809,34.954944,0.0],[73.469357,34.955044,0.0],[73.468877,34.955169,0.0],[73.468316,34.955359,0.0],[73.467834,34.95555,0.0],[73.467511,34.955808,0.0],[73.467188,34.956066,0.0],[73.466786,34.956258,0.0],[73.466383,34.956515,0.0],[73.46598,34.956772,0.0],[73.466131,34.957168,0.0],[73.466174,34.957169,0.0],[73.466555,34.956948,0.0],[73.467035,34.956898,0.0],[73.46748,34.956903,0.0],[73.467818,34.957133,0.0],[73.468087,34.957418,0.0],[73.468355,34.957732,0.0],[73.468519,34.958072,0.0],[73.468513,34.958438,0.0],[73.46852,34.958534,0.0],[73.468544,34.958579,0.0],[73.46897,34.958712,0.0],[73.469283,34.959044,0.0],[73.469516,34.959375,0.0],[73.469587,34.959835,0.0]]]}},{"type":"Feature","properties":{"rgi_id":"RGI2000-v7.0-G-14-24859","o1region":"14"},"geometry":{"type":"Polygon","coordinates":[[[73.481113,34.952308,0.0],[73.480996,34.951669,0.0],[73.48106,34.95167,0.0],[73.480612,34.951451,0.0],[73.480099,34.951285,0.0],[73.479648,34.951227,0.0],[73.479196,34.951221,0.0],[73.478745,34.951162,0.0],[73.478289,34.951369,0.0],[73.477961,34.951631,0.0],[73.477633,34.951946,0.0],[73.477305,34.952207,0.0],[73.477298,34.952579,0.0],[73.477291,34.952952,0.0],[73.477283,34.953377,0.0],[73.477276,34.953749,0.0],[73.477334,34.954122,0.0],[73.477327,34.954494,0.0],[73.477514,34.954868,0.0],[73.477765,34.955244,0.0],[73.478278,34.955463,0.0],[73.478728,34.955575,0.0],[73.479111,34.955792,0.0],[73.47944,34.955477,0.0],[73.479704,34.955162,0.0],[73.479969,34.954793,0.0],[73.48017,34.954423,0.0],[73.480241,34.954052,0.0],[73.480248,34.95368,0.0],[73.480513,34.953311,0.0],[73.480841,34.953049,0.0],[73.480977,34.952679,0.0],[73.481113,34.952308,0.0]]]}},{"type":"Feature","properties":{"rgi_id":"RGI2000-v7.0-G-14-24860","o1region":"14"},"geometry":{"type":"Polygon","coordinates":[[[73.482778,34.956084,0.0],[73.48322,34.956202,0.0],[73.483664,34.956292,0.0],[73.484108,34.956326,0.0],[73.484585,34.956445,0.0],[73.485028,34.956563,0.0],[73.485436,34.956709,0.0],[73.48588,34.956799,0.0],[73.486287,34.956973,0.0],[73.486486,34.957314,0.0],[73.486651,34.957654,0.0],[73.48692,34.957939,0.0],[73.487223,34.958225,0.0],[73.48763,34.958399,0.0],[73.488038,34.958545,0.0],[73.488482,34.958635,0.0],[73.488925,34.958725,0.0],[73.489403,34.958788,0.0],[73.48985,34.95868,0.0],[73.489925,34.958315,0.0],[73.489932,34.957949,0.0],[73.489733,34.95758,0.0],[73.489465,34.957295,0.0],[73.489196,34.957009,0.0],[73.488894,34.956696,0.0],[73.488591,34.956382,0.0],[73.488289,34.956096,0.0],[73.488021,34.955783,0.0],[73.487752,34.955498,0.0],[73.487484,34.955184,0.0],[73.487146,34.954955,0.0],[73.486773,34.954725,0.0],[73.486402,34.954466,0.0],[73.486064,34.954237,0.0],[73.485726,34.953979,0.0],[73.485423,34.953693,0.0],[73.485224,34.953353,0.0],[73.485265,34.952987,0.0],[73.485611,34.952766,0.0],[73.48589,34.952487,0.0],[73.486136,34.95218,0.0],[73.486116,34.951391,0.0],[73.486082,34.95139,0.0],[73.485639,34.951244,0.0],[73.485301,34.951014,0.0],[73.484964,34.950757,0.0],[73.484452,34.950666,0.0],[73.484008,34.950632,0.0],[73.483563,34.950626,0.0],[73.483118,34.950593,0.0],[73.482674,34.950587,0.0],[73.482293,34.95078,0.0],[73.482253,34.951145,0.0],[73.482246,34.951512,0.0],[73.482239,34.951878,0.0],[73.482232,34.952244,0.0],[73.482328,34.952612,0.0],[73.48239,34.952979,0.0],[73.482727,34.953237,0.0],[73.4831,34.953439,0.0],[73.483403,34.953724,0.0],[73.483056,34.953974,0.0],[73.48261,34.954025,0.0],[73.482197,34.95416,0.0],[73.481783,34.954352,0.0],[73.481369,34.954516,0.0],[73.481225,34.954881,0.0],[73.481287,34.955248,0.0],[73.48159,34.955534,0.0],[73.481962,34.955736,0.0],[73.482335,34.955937,0.0],[73.482778,34.956084,0.0]]]}},{"type":"Feature","properties":{"rgi_id":"RGI2000-v7.0-G-14-24861","o1region":"14"},"geometry":{"type":"Polygon","coordinates":[[[73.445346,34.984541,0.0],[73.445568,34.984882,0.0],[73.44579,34.985223,0.0],[73.446105,34.98549,0.0],[73.446465,34.985721,0.0],[73.446826,34.985951,0.0],[73.447187,34.986181,0.0],[73.448219,34.987133,0.0],[73.448219,34.987171,0.0],[73.448257,34.987547,0.0],[73.448249,34.987998,0.0],[73.448287,34.988374,0.0],[73.448464,34.988715,0.0],[73.448732,34.989019,0.0],[73.448954,34.98936,0.0],[73.449268,34.989627,0.0],[73.449583,34.989894,0.0],[73.449851,34.990198,0.0],[73.450073,34.990539,0.0],[73.450295,34.99088,0.0],[73.450562,34.991259,0.0],[73.450784,34.9916,0.0],[73.45096,34.991941,0.0],[73.451274,34.992208,0.0],[73.451682,34.992401,0.0],[73.45209,34.992556,0.0],[73.452592,34.992563,0.0],[73.453049,34.992531,0.0],[73.453329,34.992234,0.0],[73.453427,34.991859,0.0],[73.453434,34.991484,0.0],[73.453441,34.991108,0.0],[73.453403,34.990694,0.0],[73.453456,34.990319,0.0],[73.453509,34.989944,0.0],[73.453516,34.989568,0.0],[73.453523,34.989193,0.0],[73.453531,34.988779,0.0],[73.453356,34.988364,0.0],[73.453226,34.987986,0.0],[73.453005,34.98757,0.0],[73.452738,34.987229,0.0],[73.452562,34.986888,0.0],[73.452341,34.98651,0.0],[73.452119,34.986169,0.0],[73.451942,34.985828,0.0],[73.451766,34.985488,0.0],[73.451544,34.985147,0.0],[73.451368,34.984806,0.0],[73.45133,34.98443,0.0],[73.4512,34.984053,0.0],[73.451024,34.983675,0.0],[73.450802,34.983333,0.0],[73.45058,34.982992,0.0],[73.450312,34.982688,0.0],[73.449998,34.982421,0.0],[73.449683,34.982154,0.0],[73.449415,34.98185,0.0],[73.449193,34.981509,0.0],[73.448879,34.981205,0.0],[73.448611,34.980901,0.0],[73.448344,34.980559,0.0],[73.448167,34.980219,0.0],[73.447899,34.979915,0.0],[73.447723,34.979574,0.0],[73.447502,34.979195,0.0],[73.447326,34.978855,0.0],[73.447104,34.978514,0.0],[73.446928,34.978174,0.0],[73.446751,34.977833,0.0],[73.44653,34.977492,0.0],[73.446353,34.977152,0.0],[73.446132,34.976811,0.0],[73.445591,34.976428,0.0],[73.44559,34.976466,0.0],[73.445134,34.97646,0.0],[73.444632,34.976453,0.0],[73.444175,34.976447,0.0],[73.443719,34.976442,0.0],[73.443263,34.976436,0.0],[73.44276,34.976467,0.0],[73.442571,34.976803,0.0],[73.442564,34.977178,0.0],[73.442602,34.977555,0.0],[73.442915,34.977897,0.0],[73.443092,34.978237,0.0],[73.443313,34.978578,0.0],[73.44349,34.978919,0.0],[73.443574,34.979295,0.0],[73.443612,34.979672,0.0],[73.443651,34.980048,0.0],[73.443689,34.980424,0.0],[73.443728,34.980801,0.0],[73.443812,34.981177,0.0],[73.443942,34.981555,0.0],[73.444072,34.981932,0.0],[73.444247,34.98231,0.0],[73.444423,34.982688,0.0],[73.444598,34.983066,0.0],[73.444773,34.983482,0.0],[73.444948,34.98386,0.0],[73.445124,34.9842,0.0],[73.445346,34.984541,0.0]]]}},{"type":"Feature","properties":{"rgi_id":"RGI2000-v7.0-G-14-24862","o1region":"14"},"geometry":{"type":"Polygon","coordinates":[[[73.435789,34.98611,0.0],[73.435964,34.986513,0.0],[73.43645,34.986569,0.0],[73.436937,34.986575,0.0],[73.437424,34.986581,0.0],[73.437912,34.986538,0.0],[73.4384,34.986494,0.0],[73.438828,34.986399,0.0],[73.439256,34.986304,0.0],[73.439685,34.98616,0.0],[73.440054,34.985964,0.0],[73.440483,34.985769,0.0],[73.440853,34.985523,0.0],[73.441102,34.985226,0.0],[73.441163,34.985227,0.0],[73.441543,34.98448,0.0],[73.441611,34.98408,0.0],[73.44162,34.983629,0.0],[73.441505,34.983277,0.0],[73.441329,34.982924,0.0],[73.440905,34.982818,0.0],[73.44048,34.982713,0.0],[73.440119,34.982508,0.0],[73.439759,34.982253,0.0],[73.439521,34.981949,0.0],[73.439468,34.981547,0.0],[73.439044,34.981442,0.0],[73.438556,34.981486,0.0],[73.438187,34.981681,0.0],[73.437877,34.981978,0.0],[73.437627,34.982325,0.0],[73.437317,34.982622,0.0],[73.437068,34.982919,0.0],[73.436818,34.983217,0.0],[73.43669,34.983566,0.0],[73.436562,34.983915,0.0],[73.436372,34.984263,0.0],[73.436183,34.984612,0.0],[73.435934,34.984909,0.0],[73.435806,34.985258,0.0],[73.435797,34.985709,0.0],[73.435789,34.98611,0.0]]]}},{"type":"Feature","properties":{"rgi_id":"RGI2000-v7.0-G-14-24863","o1region":"14"},"geometry":{"type":"Polygon","coordinates":[[[73.432924,34.982105,0.0],[73.432925,34.982051,0.0],[73.432868,34.981678,0.0],[73.43281,34.981306,0.0],[73.432817,34.980933,0.0],[73.432825,34.980561,0.0],[73.432832,34.980189,0.0],[73.432774,34.979816,0.0],[73.432782,34.979391,0.0],[73.432726,34.978965,0.0],[73.432668,34.978592,0.0],[73.43235,34.978322,0.0],[73.43177,34.978262,0.0],[73.431441,34.978576,0.0],[73.43137,34.978948,0.0],[73.431233,34.979318,0.0],[73.431032,34.979688,0.0],[73.430577,34.979841,0.0],[73.430059,34.979941,0.0],[73.429731,34.980202,0.0],[73.42953,34.980572,0.0],[73.429523,34.980944,0.0],[73.42958,34.981317,0.0],[73.429832,34.981639,0.0],[73.430216,34.981857,0.0],[73.430665,34.982022,0.0],[73.431114,34.982187,0.0],[73.431497,34.982405,0.0],[73.431949,34.982464,0.0],[73.4324,34.982523,0.0],[73.432924,34.982105,0.0]]]}},{"type":"Feature","properties":{"rgi_id":"RGI2000-v7.0-G-14-24864","o1region":"14"},"geometry":{"type":"Polygon","coordinates":[[[73.65481,34.976548,0.0],[73.654769,34.976548,0.0],[73.654442,34.976237,0.0],[73.654197,34.975926,0.0],[73.653953,34.975616,0.0],[73.653667,34.975339,0.0],[73.653211,34.9753,0.0],[73.652754,34.975295,0.0],[73.652337,34.975427,0.0],[73.65196,34.975628,0.0],[73.651747,34.975967,0.0],[73.651658,34.976342,0.0],[73.651652,34.976718,0.0],[73.651938,34.976995,0.0],[73.652394,34.977034,0.0],[73.65285,34.977073,0.0],[73.653263,34.977215,0.0],[73.653718,34.977322,0.0],[73.654174,34.977361,0.0],[73.654631,34.977367,0.0],[73.655087,34.977372,0.0],[73.655545,34.977342,0.0],[73.65584,34.977072,0.0],[73.655596,34.976762,0.0],[73.65481,34.976548,0.0]]]}},{"type":"Feature","properties":{"rgi_id":"RGI2000-v7.0-G-14-24870","o1region":"14"},"geometry":{"type":"Polygon","coordinates":[[[73.797114,35.012616,0.0],[73.797467,35.012428,0.0],[73.797733,35.012577,0.0],[73.798195,35.012582,0.0],[73.798536,35.012309,0.0],[73.798583,35.011929,0.0],[73.798586,35.011737,0.0],[73.798875,35.011471,0.0],[73.79917,35.011201,0.0],[73.799506,35.010965,0.0],[73.799559,35.010901,0.0],[73.800028,35.010905,0.0],[73.800489,35.010979,0.0],[73.800829,35.01074,0.0],[73.800792,35.01036,0.0],[73.80029,35.010182,0.0],[73.799702,35.010176,0.0],[73.799569,35.010175,0.0],[73.799395,35.010007,0.0],[73.799236,35.009561,0.0],[73.799324,35.009186,0.0],[73.799619,35.008915,0.0],[73.799652,35.008875,0.0],[73.79947,35.008756,0.0],[73.799095,35.008544,0.0],[73.798634,35.008471,0.0],[73.79817,35.00857,0.0],[73.797789,35.008774,0.0],[73.797283,35.008838,0.0],[73.796821,35.008833,0.0],[73.796617,35.008805,0.0],[73.796568,35.0089,0.0],[73.79627,35.009174,0.0],[73.796013,35.009482,0.0],[73.795756,35.009791,0.0],[73.795334,35.009925,0.0],[73.794829,35.009955,0.0],[73.794366,35.009985,0.0],[73.793902,35.010084,0.0],[73.793479,35.010253,0.0],[73.793055,35.01049,0.0],[73.792715,35.010764,0.0],[73.792963,35.011078,0.0],[73.793252,35.011392,0.0],[73.793543,35.011671,0.0],[73.793918,35.011882,0.0],[73.794293,35.012094,0.0],[73.794711,35.012271,0.0],[73.795086,35.012482,0.0],[73.795504,35.012659,0.0],[73.795922,35.012802,0.0],[73.796186,35.012844,0.0],[73.796612,35.012816,0.0],[73.797114,35.012616,0.0]]]}},{"type":"Feature","properties":{"rgi_id":"RGI2000-v7.0-G-14-24871","o1region":"14"},"geometry":{"type":"Polygon","coordinates":[[[73.805715,35.006743,0.0],[73.805554,35.006377,0.0],[73.805113,35.006281,0.0],[73.80467,35.006277,0.0],[73.804228,35.006181,0.0],[73.803784,35.006222,0.0],[73.803464,35.006406,0.0],[73.8032,35.006648,0.0],[73.80286,35.006922,0.0],[73.802561,35.00723,0.0],[73.802388,35.007574,0.0],[73.802173,35.007918,0.0],[73.802125,35.008298,0.0],[73.802204,35.008679,0.0],[73.802235,35.008832,0.0],[73.802251,35.00885,0.0],[73.802523,35.009172,0.0],[73.802851,35.009494,0.0],[73.802958,35.009546,0.0],[73.803159,35.009449,0.0],[73.803458,35.009175,0.0],[73.803547,35.008796,0.0],[73.803846,35.008522,0.0],[73.804227,35.008284,0.0],[73.804689,35.008323,0.0],[73.805149,35.0085,0.0],[73.805185,35.008881,0.0],[73.805222,35.009262,0.0],[73.805512,35.009576,0.0],[73.805929,35.009753,0.0],[73.806393,35.009689,0.0],[73.806398,35.009308,0.0],[73.80632,35.008927,0.0],[73.806241,35.008546,0.0],[73.8064,35.00823,0.0],[73.806359,35.008162,0.0],[73.80635,35.00814,0.0],[73.806038,35.00806,0.0],[73.80579,35.007746,0.0],[73.805754,35.00733,0.0],[73.805761,35.006881,0.0],[73.805762,35.006812,0.0],[73.805715,35.006743,0.0]]]}},{"type":"Feature","properties":{"rgi_id":"RGI2000-v7.0-G-14-24872","o1region":"14"},"geometry":{"type":"Polygon","coordinates":[[[73.800111,34.970702,0.0],[73.800075,34.970701,0.0],[73.799715,34.970488,0.0],[73.799392,34.970216,0.0],[73.799031,34.970003,0.0],[73.798597,34.969879,0.0],[73.798162,34.969785,0.0],[73.79769,34.96978,0.0],[73.797467,34.970107,0.0],[73.797462,34.970496,0.0],[73.797456,34.970915,0.0],[73.797378,34.971273,0.0],[73.797372,34.971662,0.0],[73.797366,34.97205,0.0],[73.797836,34.972234,0.0],[73.798238,34.972089,0.0],[73.79871,34.972094,0.0],[73.799107,34.972277,0.0],[73.799504,34.97246,0.0],[73.799939,34.972554,0.0],[73.800373,34.972678,0.0],[73.800775,34.972503,0.0],[73.800889,34.972145,0.0],[73.800859,34.971756,0.0],[73.800682,34.971425,0.0],[73.800111,34.970702,0.0]]]}},{"type":"Feature","properties":{"rgi_id":"RGI2000-v7.0-G-14-24873","o1region":"14"},"geometry":{"type":"Polygon","coordinates":[[[73.79349,34.971234,0.0],[73.793016,34.971349,0.0],[73.792545,34.971315,0.0],[73.792222,34.971042,0.0],[73.792082,34.970652,0.0],[73.792051,34.970263,0.0],[73.792242,34.969637,0.0],[73.792206,34.969636,0.0],[73.791771,34.969572,0.0],[73.791299,34.969567,0.0],[73.790862,34.969623,0.0],[73.790603,34.969919,0.0],[73.79067,34.970279,0.0],[73.790884,34.97061,0.0],[73.79117,34.970912,0.0],[73.79142,34.971214,0.0],[73.79167,34.971515,0.0],[73.791846,34.971846,0.0],[73.792096,34.972177,0.0],[73.792382,34.972479,0.0],[73.792742,34.972752,0.0],[73.793177,34.972816,0.0],[73.79361,34.97297,0.0],[73.793971,34.973183,0.0],[73.794293,34.973485,0.0],[73.794543,34.973787,0.0],[73.79494,34.97397,0.0],[73.795342,34.973825,0.0],[73.795565,34.973498,0.0],[73.795679,34.97314,0.0],[73.795612,34.972781,0.0],[73.795472,34.972361,0.0],[73.795332,34.972,0.0],[73.79512,34.971639,0.0],[73.79487,34.971338,0.0],[73.794547,34.971035,0.0],[73.79415,34.970852,0.0],[73.793713,34.970907,0.0],[73.79349,34.971234,0.0]]]}},{"type":"Feature","properties":{"rgi_id":"RGI2000-v7.0-G-14-24874","o1region":"14"},"geometry":{"type":"Polygon","coordinates":[[[73.844774,34.980603,0.0],[73.84521,34.980647,0.0],[73.845646,34.980611,0.0],[73.846083,34.980536,0.0],[73.846521,34.98042,0.0],[73.846618,34.980421,0.0],[73.846817,34.980064,0.0],[73.846822,34.979665,0.0],[73.846682,34.979305,0.0],[73.846542,34.978945,0.0],[73.846353,34.978584,0.0],[73.846066,34.978302,0.0],[73.845633,34.978099,0.0],[73.845199,34.977975,0.0],[73.844716,34.977851,0.0],[73.844233,34.977727,0.0],[73.843701,34.977682,0.0],[73.843217,34.977677,0.0],[73.842732,34.977672,0.0],[73.84239,34.977908,0.0],[73.842288,34.978266,0.0],[73.842137,34.978624,0.0],[73.842132,34.979023,0.0],[73.842078,34.979381,0.0],[73.842072,34.97982,0.0],[73.842115,34.980179,0.0],[73.842159,34.980538,0.0],[73.842251,34.980898,0.0],[73.842343,34.981258,0.0],[73.842629,34.98154,0.0],[73.843068,34.981384,0.0],[73.843362,34.981108,0.0],[73.843561,34.980751,0.0],[73.843614,34.980393,0.0],[73.844052,34.980277,0.0],[73.844488,34.980321,0.0],[73.844774,34.980603,0.0]]]}},{"type":"Feature","properties":{"rgi_id":"RGI2000-v7.0-G-14-24875","o1region":"14"},"geometry":{"type":"Polygon","coordinates":[[[73.851068,34.98472,0.0],[73.851067,34.98478,0.0],[73.850845,34.985107,0.0],[73.850658,34.985434,0.0],[73.850544,34.985792,0.0],[73.85043,34.98615,0.0],[73.850424,34.986569,0.0],[73.850455,34.986958,0.0],[73.850928,34.986962,0.0],[73.8514,34.986967,0.0],[73.851873,34.986971,0.0],[73.85231,34.986856,0.0],[73.852497,34.986528,0.0],[73.852538,34.98614,0.0],[73.852544,34.985721,0.0],[73.85255,34.985333,0.0],[73.852189,34.98512,0.0],[73.851754,34.985026,0.0],[73.851068,34.98472,0.0]]]}},{"type":"Feature","properties":{"rgi_id":"RGI2000-v7.0-G-14-24876","o1region":"14"},"geometry":{"type":"Polygon","coordinates":[[[73.849234,34.991163,0.0],[73.849234,34.991133,0.0],[73.848799,34.99104,0.0],[73.848362,34.991095,0.0],[73.848067,34.991392,0.0],[73.848062,34.99178,0.0],[73.848057,34.992169,0.0],[73.847942,34.992527,0.0],[73.847648,34.992823,0.0],[73.847534,34.993181,0.0],[73.847969,34.993245,0.0],[73.848404,34.993309,0.0],[73.848913,34.993314,0.0],[73.849351,34.993168,0.0],[73.849537,34.992841,0.0],[73.849615,34.992453,0.0],[73.849621,34.992034,0.0],[73.849234,34.991163,0.0]]]}},{"type":"Feature","properties":{"rgi_id":"RGI2000-v7.0-G-14-24877","o1region":"14"},"geometry":{"type":"Polygon","coordinates":[[[73.854264,35.000543,0.0],[73.854737,35.000517,0.0],[73.855246,35.000462,0.0],[73.855721,35.000317,0.0],[73.856159,35.000202,0.0],[73.856417,34.999875,0.0],[73.856604,34.999548,0.0],[73.856718,34.99919,0.0],[73.856723,34.998801,0.0],[73.85651,34.99847,0.0],[73.856296,34.998139,0.0],[73.855899,34.997926,0.0],[73.85543,34.997712,0.0],[73.854995,34.997588,0.0],[73.854598,34.997405,0.0],[73.854164,34.997252,0.0],[73.852361,34.996248,0.0],[73.852325,34.996247,0.0],[73.851671,34.996211,0.0],[73.851199,34.996177,0.0],[73.850764,34.996113,0.0],[73.850329,34.995989,0.0],[73.849858,34.995925,0.0],[73.849423,34.995831,0.0],[73.848914,34.995826,0.0],[73.848441,34.995822,0.0],[73.848004,34.995937,0.0],[73.847673,34.996203,0.0],[73.847595,34.996561,0.0],[73.847663,34.996921,0.0],[73.847986,34.997223,0.0],[73.848383,34.997406,0.0],[73.848818,34.9975,0.0],[73.849252,34.997654,0.0],[73.849612,34.997867,0.0],[73.850008,34.99814,0.0],[73.850331,34.998442,0.0],[73.850581,34.998743,0.0],[73.850905,34.999015,0.0],[73.851265,34.999258,0.0],[73.851736,34.999352,0.0],[73.852207,34.999446,0.0],[73.852679,34.999481,0.0],[73.853114,34.999545,0.0],[73.853549,34.999639,0.0],[73.853836,34.99994,0.0],[73.853904,35.0003,0.0],[73.854264,35.000543,0.0]]]}},{"type":"Feature","properties":{"rgi_id":"RGI2000-v7.0-G-14-24878","o1region":"14"},"geometry":{"type":"Polygon","coordinates":[[[73.865982,34.996884,0.0],[73.86551,34.99685,0.0],[73.864964,34.996875,0.0],[73.864491,34.99693,0.0],[73.864054,34.997016,0.0],[73.86358,34.997071,0.0],[73.863108,34.997067,0.0],[73.862671,34.997122,0.0],[73.862233,34.997268,0.0],[73.861794,34.997443,0.0],[73.861758,34.997443,0.0],[73.861064,34.997675,0.0],[73.860627,34.997731,0.0],[73.860151,34.997966,0.0],[73.85975,34.998112,0.0],[73.859347,34.998317,0.0],[73.858943,34.998643,0.0],[73.858648,34.998939,0.0],[73.858497,34.999296,0.0],[73.858565,34.999686,0.0],[73.858705,35.000046,0.0],[73.859064,35.000348,0.0],[73.8595,35.000412,0.0],[73.859972,35.000417,0.0],[73.860481,35.000422,0.0],[73.860955,35.000306,0.0],[73.861429,35.000221,0.0],[73.861938,35.000166,0.0],[73.862447,35.000171,0.0],[73.862956,35.000176,0.0],[73.863428,35.00021,0.0],[73.8639,35.000214,0.0],[73.864373,35.000189,0.0],[73.864811,35.000103,0.0],[73.865248,35.000018,0.0],[73.865723,34.999873,0.0],[73.86616,34.999757,0.0],[73.866595,34.999881,0.0],[73.866992,35.000034,0.0],[73.867465,35.000038,0.0],[73.867832,34.999803,0.0],[73.867946,34.999445,0.0],[73.868348,34.999269,0.0],[73.868785,34.999183,0.0],[73.869258,34.999158,0.0],[73.869767,34.999133,0.0],[73.870204,34.999077,0.0],[73.870641,34.999021,0.0],[73.871114,34.998996,0.0],[73.871586,34.999,0.0],[73.872022,34.999064,0.0],[73.872456,34.999188,0.0],[73.872927,34.999312,0.0],[73.873399,34.999346,0.0],[73.873908,34.999351,0.0],[73.874417,34.999355,0.0],[73.874854,34.9993,0.0],[73.87489,34.9993,0.0],[73.87526,34.998795,0.0],[73.875338,34.998407,0.0],[73.875561,34.99808,0.0],[73.875566,34.997691,0.0],[73.875572,34.997302,0.0],[73.875577,34.996884,0.0],[73.875364,34.996553,0.0],[73.875151,34.996192,0.0],[73.87479,34.995979,0.0],[73.874355,34.995885,0.0],[73.873884,34.995821,0.0],[73.873302,34.995816,0.0],[73.872793,34.995811,0.0],[73.87232,34.995836,0.0],[73.871848,34.995832,0.0],[73.871445,34.996038,0.0],[73.871368,34.996396,0.0],[73.87129,34.996754,0.0],[73.871104,34.997111,0.0],[73.870631,34.997107,0.0],[73.870196,34.997043,0.0],[73.869798,34.99689,0.0],[73.869326,34.996885,0.0],[73.868817,34.996881,0.0],[73.86838,34.996936,0.0],[73.867943,34.996992,0.0],[73.867435,34.996957,0.0],[73.866962,34.996953,0.0],[73.86649,34.996919,0.0],[73.865982,34.996884,0.0]]]}},{"type":"Feature","properties":{"rgi_id":"RGI2000-v7.0-G-14-24879","o1region":"14"},"geometry":{"type":"Polygon","coordinates":[[[73.882196,35.001969,0.0],[73.882128,35.00161,0.0],[73.88206,35.00125,0.0],[73.881883,35.00089,0.0],[73.881597,35.000588,0.0],[73.881346,35.000287,0.0],[73.88106,34.999985,0.0],[73.880737,34.999683,0.0],[73.880413,34.999411,0.0],[73.880053,34.999198,0.0],[73.879692,34.998985,0.0],[73.878679,34.998677,0.0],[73.878642,34.998677,0.0],[73.878134,34.998612,0.0],[73.877663,34.998548,0.0],[73.877227,34.998484,0.0],[73.876719,34.998449,0.0],[73.876247,34.998445,0.0],[73.87588,34.998681,0.0],[73.875947,34.99907,0.0],[73.876197,34.999372,0.0],[73.876448,34.999673,0.0],[73.87677,35.000005,0.0],[73.877021,35.000307,0.0],[73.877271,35.000608,0.0],[73.877521,35.000909,0.0],[73.877808,35.001211,0.0],[73.878022,35.001542,0.0],[73.878235,35.001873,0.0],[73.878632,35.002056,0.0],[73.87903,35.002239,0.0],[73.879427,35.002422,0.0],[73.879787,35.002665,0.0],[73.880147,35.002967,0.0],[73.880433,35.003269,0.0],[73.880831,35.003452,0.0],[73.88134,35.003457,0.0],[73.881848,35.003462,0.0],[73.882321,35.003466,0.0],[73.882759,35.00335,0.0],[73.882764,35.002962,0.0],[73.882587,35.002631,0.0],[73.8823,35.002329,0.0],[73.882196,35.001969,0.0]]]}},{"type":"Feature","properties":{"rgi_id":"RGI2000-v7.0-G-14-24880","o1region":"14"},"geometry":{"type":"Polygon","coordinates":[[[73.892465,34.993624,0.0],[73.892023,34.993575,0.0],[73.89158,34.993571,0.0],[73.891137,34.993567,0.0],[73.890694,34.993563,0.0],[73.890195,34.993558,0.0],[73.889697,34.993553,0.0],[73.889254,34.993549,0.0],[73.888755,34.99359,0.0],[73.888256,34.993631,0.0],[73.887757,34.993672,0.0],[73.887313,34.993759,0.0],[73.88687,34.993755,0.0],[73.886427,34.993797,0.0],[73.885982,34.993884,0.0],[73.885538,34.993971,0.0],[73.885039,34.994012,0.0],[73.884596,34.994054,0.0],[73.884097,34.994094,0.0],[73.883653,34.994136,0.0],[73.883209,34.994223,0.0],[73.882819,34.994402,0.0],[73.882428,34.994626,0.0],[73.882038,34.994805,0.0],[73.881702,34.995075,0.0],[73.881697,34.99544,0.0],[73.881692,34.995804,0.0],[73.881743,34.996169,0.0],[73.881793,34.996534,0.0],[73.881788,34.996899,0.0],[73.882061,34.99722,0.0],[73.882389,34.997497,0.0],[73.882773,34.997774,0.0],[73.883158,34.997959,0.0],[73.883543,34.998191,0.0],[73.883927,34.998422,0.0],[73.884312,34.998608,0.0],[73.884697,34.998839,0.0],[73.885082,34.999025,0.0],[73.885467,34.999211,0.0],[73.885852,34.999442,0.0],[73.886237,34.999628,0.0],[73.886679,34.999678,0.0],[73.887178,34.999682,0.0],[73.887676,34.999687,0.0],[73.888119,34.999691,0.0],[73.888563,34.999604,0.0],[73.889009,34.999426,0.0],[73.889399,34.999201,0.0],[73.889789,34.999023,0.0],[73.890234,34.99889,0.0],[73.890625,34.998666,0.0],[73.891016,34.998442,0.0],[73.891351,34.998171,0.0],[73.891798,34.997947,0.0],[73.892188,34.997723,0.0],[73.892579,34.997499,0.0],[73.892915,34.997228,0.0],[73.893305,34.997004,0.0],[73.893752,34.996735,0.0],[73.894088,34.996464,0.0],[73.894145,34.996374,0.0],[73.894873,34.995742,0.0],[73.894989,34.995379,0.0],[73.894994,34.995014,0.0],[73.894776,34.994693,0.0],[73.894504,34.994372,0.0],[73.894175,34.994096,0.0],[73.89379,34.99391,0.0],[73.89335,34.993723,0.0],[73.892907,34.993674,0.0],[73.892465,34.993624,0.0]]]}},{"type":"Feature","properties":{"rgi_id":"RGI2000-v7.0-G-14-24881","o1region":"14"},"geometry":{"type":"Polygon","coordinates":[[[73.877534,34.990691,0.0],[73.877049,34.990686,0.0],[73.87685,34.991043,0.0],[73.877332,34.991287,0.0],[73.877765,34.99149,0.0],[73.878149,34.991733,0.0],[73.878583,34.991937,0.0],[73.878919,34.992179,0.0],[73.879108,34.99254,0.0],[73.878909,34.992897,0.0],[73.878566,34.993133,0.0],[73.87784,34.993126,0.0],[73.877791,34.993126,0.0],[73.877308,34.993041,0.0],[73.876872,34.992997,0.0],[73.876388,34.992993,0.0],[73.875952,34.992949,0.0],[73.875513,34.993144,0.0],[73.875412,34.993502,0.0],[73.875697,34.993864,0.0],[73.876082,34.994067,0.0],[73.876467,34.99427,0.0],[73.87695,34.994434,0.0],[73.877384,34.994557,0.0],[73.877819,34.994641,0.0],[73.878253,34.994765,0.0],[73.878689,34.994809,0.0],[73.879079,34.994613,0.0],[73.879422,34.994377,0.0],[73.879717,34.994061,0.0],[73.880012,34.993744,0.0],[73.880355,34.993468,0.0],[73.880408,34.99311,0.0],[73.880414,34.992711,0.0],[73.880419,34.992312,0.0],[73.880279,34.991952,0.0],[73.879992,34.991631,0.0],[73.879705,34.991349,0.0],[73.87932,34.991146,0.0],[73.878936,34.990943,0.0],[73.878551,34.99074,0.0],[73.878067,34.990696,0.0],[73.877534,34.990691,0.0]]]}},{"type":"Feature","properties":{"rgi_id":"RGI2000-v7.0-G-14-24882","o1region":"14"},"geometry":{"type":"Polygon","coordinates":[[[73.882844,34.988478,0.0],[73.882454,34.988656,0.0],[73.882449,34.989021,0.0],[73.882389,34.989385,0.0],[73.882384,34.98975,0.0],[73.882601,34.990071,0.0],[73.883042,34.990211,0.0],[73.883427,34.990397,0.0],[73.883867,34.990583,0.0],[73.884309,34.990679,0.0],[73.884638,34.990955,0.0],[73.88508,34.991005,0.0],[73.885525,34.990872,0.0],[73.885806,34.990556,0.0],[73.886142,34.990285,0.0],[73.886368,34.989968,0.0],[73.886483,34.989605,0.0],[73.886488,34.98924,0.0],[73.886438,34.988875,0.0],[73.886332,34.98851,0.0],[73.886115,34.988189,0.0],[73.885842,34.987867,0.0],[73.884914,34.986947,0.0],[73.884858,34.986947,0.0],[73.884417,34.986806,0.0],[73.883974,34.986802,0.0],[73.883748,34.987119,0.0],[73.883743,34.987529,0.0],[73.883793,34.987894,0.0],[73.883899,34.98826,0.0],[73.883949,34.988625,0.0],[73.883889,34.988989,0.0],[73.88339,34.989075,0.0],[73.883061,34.988799,0.0],[73.882844,34.988478,0.0]]]}},{"type":"Feature","properties":{"rgi_id":"RGI2000-v7.0-G-14-24883","o1region":"14"},"geometry":{"type":"Polygon","coordinates":[[[73.888205,34.989256,0.0],[73.888144,34.98962,0.0],[73.888029,34.989984,0.0],[73.888024,34.990348,0.0],[73.888019,34.990713,0.0],[73.888236,34.991034,0.0],[73.888678,34.991129,0.0],[73.889121,34.991087,0.0],[73.889566,34.990955,0.0],[73.89001,34.990868,0.0],[73.890455,34.990735,0.0],[73.890845,34.990556,0.0],[73.891235,34.990378,0.0],[73.891625,34.990199,0.0],[73.891906,34.989882,0.0],[73.892187,34.989566,0.0],[73.892469,34.98925,0.0],[73.892584,34.988886,0.0],[73.892644,34.988522,0.0],[73.89265,34.988112,0.0],[73.892655,34.987747,0.0],[73.89266,34.987383,0.0],[73.892609,34.987018,0.0],[73.892337,34.986696,0.0],[73.891731,34.986463,0.0],[73.891675,34.986462,0.0],[73.891231,34.986595,0.0],[73.890787,34.986682,0.0],[73.890342,34.986815,0.0],[73.889951,34.987039,0.0],[73.889561,34.987263,0.0],[73.889224,34.987579,0.0],[73.888943,34.987896,0.0],[73.888607,34.988166,0.0],[73.888381,34.988529,0.0],[73.888265,34.988892,0.0],[73.888205,34.989256,0.0]]]}},{"type":"Feature","properties":{"rgi_id":"RGI2000-v7.0-G-14-24884","o1region":"14"},"geometry":{"type":"Polygon","coordinates":[[[73.892407,35.008577,0.0],[73.892824,35.008445,0.0],[73.893283,35.008346,0.0],[73.893739,35.00835,0.0],[73.894197,35.008286,0.0],[73.894614,35.008153,0.0],[73.895072,35.008089,0.0],[73.895529,35.008093,0.0],[73.895986,35.008097,0.0],[73.896443,35.008102,0.0],[73.896899,35.008174,0.0],[73.897312,35.008349,0.0],[73.897768,35.008421,0.0],[73.898226,35.008357,0.0],[73.898643,35.00819,0.0],[73.898607,35.007814,0.0],[73.898404,35.00747,0.0],[73.898075,35.007228,0.0],[73.897704,35.007019,0.0],[73.897291,35.00681,0.0],[73.896837,35.006601,0.0],[73.896339,35.006528,0.0],[73.895883,35.00649,0.0],[73.895426,35.006486,0.0],[73.894969,35.006516,0.0],[73.894511,35.006546,0.0],[73.894013,35.006541,0.0],[73.893558,35.006435,0.0],[73.893145,35.00626,0.0],[73.892732,35.006051,0.0],[73.892361,35.005843,0.0],[73.892032,35.005601,0.0],[73.891661,35.005392,0.0],[73.89129,35.005149,0.0],[73.890961,35.004907,0.0],[73.89059,35.004699,0.0],[73.890219,35.00449,0.0],[73.889849,35.004248,0.0],[73.889393,35.004141,0.0],[73.88898,35.004,0.0],[73.888524,35.003928,0.0],[73.888068,35.003821,0.0],[73.887611,35.003817,0.0],[73.887155,35.003779,0.0],[73.886699,35.00374,0.0],[73.886242,35.003736,0.0],[73.885825,35.003869,0.0],[73.885695,35.004244,0.0],[73.885648,35.004619,0.0],[73.88556,35.004994,0.0],[73.885555,35.00537,0.0],[73.885508,35.005746,0.0],[73.885503,35.006122,0.0],[73.885748,35.006432,0.0],[73.886119,35.00664,0.0],[73.886448,35.006882,0.0],[73.886861,35.007057,0.0],[73.887232,35.007266,0.0],[73.887646,35.007406,0.0],[73.888059,35.007547,0.0],[73.888304,35.007856,0.0],[73.888591,35.008132,0.0],[73.889334,35.008549,0.0],[73.889333,35.008584,0.0],[73.889245,35.008959,0.0],[73.889239,35.009369,0.0],[73.889401,35.009712,0.0],[73.889814,35.009887,0.0],[73.89027,35.009925,0.0],[73.890728,35.009861,0.0],[73.891106,35.009591,0.0],[73.891359,35.009286,0.0],[73.891695,35.009015,0.0],[73.892031,35.008779,0.0],[73.892407,35.008577,0.0]]]}},{"type":"Feature","properties":{"rgi_id":"RGI2000-v7.0-G-14-24885","o1region":"14"},"geometry":{"type":"Polygon","coordinates":[[[73.898767,35.011392,0.0],[73.898992,35.011075,0.0],[73.898342,35.009976,0.0],[73.898287,35.009975,0.0],[73.897902,35.00979,0.0],[73.897517,35.009558,0.0],[73.897077,35.009372,0.0],[73.896838,35.009345,0.0],[73.896688,35.009414,0.0],[73.896628,35.009778,0.0],[73.896621,35.010325,0.0],[73.896671,35.01069,0.0],[73.896722,35.011055,0.0],[73.896772,35.01142,0.0],[73.896933,35.011831,0.0],[73.897214,35.012107,0.0],[73.897649,35.012111,0.0],[73.89804,35.011887,0.0],[73.898431,35.011663,0.0],[73.898767,35.011392,0.0]]]}},{"type":"Feature","properties":{"rgi_id":"RGI2000-v7.0-G-14-24924","o1region":"14"},"geometry":{"type":"Polygon","coordinates":[[[74.002161,34.879821,0.0],[74.002594,34.880064,0.0],[74.003076,34.880188,0.0],[74.003562,34.879992,0.0],[74.003857,34.879676,0.0],[74.004006,34.879318,0.0],[74.004156,34.87892,0.0],[74.004402,34.878564,0.0],[74.004744,34.878327,0.0],[74.005182,34.878131,0.0],[74.00562,34.877935,0.0],[74.006057,34.877819,0.0],[74.006446,34.877623,0.0],[74.008336,34.877399,0.0],[74.008385,34.8774,0.0],[74.008869,34.877364,0.0],[74.009353,34.877368,0.0],[74.009837,34.877332,0.0],[74.010274,34.877176,0.0],[74.010664,34.87698,0.0],[74.011053,34.876783,0.0],[74.011395,34.876547,0.0],[74.011498,34.876069,0.0],[74.011498,34.876029,0.0],[74.011261,34.875629,0.0],[74.010974,34.875347,0.0],[74.010638,34.875105,0.0],[74.010204,34.874942,0.0],[74.00977,34.874819,0.0],[74.009336,34.874735,0.0],[74.008901,34.874692,0.0],[74.008416,34.874808,0.0],[74.007979,34.874924,0.0],[74.007637,34.87516,0.0],[74.007201,34.875237,0.0],[74.006717,34.875233,0.0],[74.006281,34.875269,0.0],[74.005844,34.875385,0.0],[74.005502,34.875621,0.0],[74.005209,34.875898,0.0],[74.005011,34.876255,0.0],[74.004861,34.876613,0.0],[74.004567,34.87693,0.0],[74.004225,34.877246,0.0],[74.003788,34.877362,0.0],[74.003398,34.877558,0.0],[74.003152,34.877875,0.0],[74.002762,34.878111,0.0],[74.002326,34.878148,0.0],[74.001889,34.878264,0.0],[74.001596,34.878541,0.0],[74.001543,34.878899,0.0],[74.001587,34.879258,0.0],[74.001825,34.879579,0.0],[74.002161,34.879821,0.0]]]}},{"type":"Feature","properties":{"rgi_id":"RGI2000-v7.0-G-14-24925","o1region":"14"},"geometry":{"type":"Polygon","coordinates":[[[73.995245,34.879448,0.0],[73.99538,34.879545,0.0],[73.995764,34.879747,0.0],[73.996198,34.87987,0.0],[73.997116,34.879918,0.0],[73.997116,34.879878,0.0],[73.997073,34.879479,0.0],[73.996981,34.879041,0.0],[73.996695,34.878759,0.0],[73.996359,34.878518,0.0],[73.995901,34.878476,0.0],[73.995647,34.878732,0.0],[73.995496,34.879095,0.0],[73.995245,34.879448,0.0]]]}},{"type":"Feature","properties":{"rgi_id":"RGI2000-v7.0-G-14-24926","o1region":"14"},"geometry":{"type":"Polygon","coordinates":[[[73.993848,34.870142,0.0],[73.993989,34.870502,0.0],[73.994033,34.870861,0.0],[73.994173,34.871261,0.0],[73.994459,34.871582,0.0],[73.994943,34.871586,0.0],[73.995381,34.871391,0.0],[73.995627,34.871074,0.0],[73.995776,34.870716,0.0],[73.995829,34.870358,0.0],[73.995737,34.869998,0.0],[73.99545,34.869716,0.0],[73.995309,34.869356,0.0],[73.995603,34.869079,0.0],[73.99604,34.868924,0.0],[73.996477,34.868808,0.0],[73.996962,34.868692,0.0],[73.997304,34.868416,0.0],[73.997309,34.868017,0.0],[73.997217,34.867657,0.0],[73.996782,34.867574,0.0],[73.996297,34.86765,0.0],[73.995861,34.867726,0.0],[73.995425,34.867802,0.0],[73.994988,34.867918,0.0],[73.994504,34.867914,0.0],[73.994119,34.867711,0.0],[73.993547,34.866989,0.0],[73.9935,34.866948,0.0],[73.993213,34.866627,0.0],[73.992927,34.866306,0.0],[73.992542,34.866103,0.0],[73.992109,34.86594,0.0],[73.991576,34.865936,0.0],[73.99114,34.866052,0.0],[73.990749,34.866327,0.0],[73.990407,34.866644,0.0],[73.990064,34.86692,0.0],[73.989867,34.867277,0.0],[73.989669,34.867635,0.0],[73.989568,34.867993,0.0],[73.989418,34.86835,0.0],[73.989317,34.868708,0.0],[73.989312,34.869107,0.0],[73.989307,34.869506,0.0],[73.989351,34.869865,0.0],[73.989786,34.869909,0.0],[73.990222,34.869872,0.0],[73.990707,34.869797,0.0],[73.991192,34.869681,0.0],[73.991629,34.869525,0.0],[73.992115,34.86937,0.0],[73.992552,34.869294,0.0],[73.992989,34.869138,0.0],[73.993331,34.868901,0.0],[73.993765,34.868985,0.0],[73.993857,34.869344,0.0],[73.993853,34.869743,0.0],[73.993848,34.870142,0.0]]]}},{"type":"Feature","properties":{"rgi_id":"RGI2000-v7.0-G-14-24927","o1region":"14"},"geometry":{"type":"Polygon","coordinates":[[[73.986706,34.868567,0.0],[73.986904,34.86821,0.0],[73.987102,34.867852,0.0],[73.987395,34.867576,0.0],[73.987785,34.86738,0.0],[73.988222,34.867264,0.0],[73.988666,34.866549,0.0],[73.988667,34.86647,0.0],[73.988672,34.866071,0.0],[73.988677,34.865672,0.0],[73.988681,34.865273,0.0],[73.988734,34.864915,0.0],[73.988739,34.864516,0.0],[73.988305,34.864433,0.0],[73.987821,34.864429,0.0],[73.987383,34.864585,0.0],[73.987089,34.864901,0.0],[73.986796,34.865178,0.0],[73.986598,34.865535,0.0],[73.986545,34.865894,0.0],[73.986734,34.866254,0.0],[73.986875,34.866614,0.0],[73.98687,34.867013,0.0],[73.986576,34.86729,0.0],[73.98633,34.867607,0.0],[73.985893,34.867763,0.0],[73.985409,34.867759,0.0],[73.984925,34.867755,0.0],[73.984488,34.86791,0.0],[73.984242,34.868227,0.0],[73.984141,34.868585,0.0],[73.984184,34.868985,0.0],[73.984569,34.869187,0.0],[73.985101,34.869192,0.0],[73.985537,34.869155,0.0],[73.985974,34.869039,0.0],[73.986364,34.868843,0.0],[73.986706,34.868567,0.0]]]}},{"type":"Feature","properties":{"rgi_id":"RGI2000-v7.0-G-14-24928","o1region":"14"},"geometry":{"type":"Polygon","coordinates":[[[73.97987,34.867963,0.0],[73.979905,34.867987,0.0],[73.980241,34.867968,0.0],[73.98035,34.867962,0.0],[73.980796,34.867853,0.0],[73.981036,34.867827,0.0],[73.981481,34.867774,0.0],[73.981859,34.86758,0.0],[73.982137,34.867301,0.0],[73.982111,34.866568,0.0],[73.982078,34.866539,0.0],[73.982136,34.866393,0.0],[73.982275,34.866025,0.0],[73.982324,34.865657,0.0],[73.982195,34.86525,0.0],[73.981885,34.864989,0.0],[73.981575,34.864691,0.0],[73.98122,34.864467,0.0],[73.980865,34.864206,0.0],[73.980464,34.864055,0.0],[73.980154,34.863794,0.0],[73.979708,34.86368,0.0],[73.97926,34.863676,0.0],[73.978767,34.863746,0.0],[73.978319,34.863742,0.0],[73.977782,34.863774,0.0],[73.977465,34.86403,0.0],[73.977282,34.864397,0.0],[73.977143,34.864765,0.0],[73.977147,34.864802,0.0],[73.976965,34.865143,0.0],[73.976722,34.865451,0.0],[73.976547,34.865788,0.0],[73.976542,34.866154,0.0],[73.976499,34.866198,0.0],[73.976049,34.866342,0.0],[73.97551,34.866485,0.0],[73.975416,34.866853,0.0],[73.975772,34.867078,0.0],[73.97622,34.866971,0.0],[73.976668,34.866938,0.0],[73.977073,34.866793,0.0],[73.977278,34.866728,0.0],[73.97749,34.866952,0.0],[73.97776,34.867236,0.0],[73.978099,34.867492,0.0],[73.978416,34.867626,0.0],[73.978716,34.867356,0.0],[73.978789,34.866991,0.0],[73.978794,34.866624,0.0],[73.978935,34.866259,0.0],[73.979246,34.86598,0.0],[73.97969,34.866012,0.0],[73.979926,34.866324,0.0],[73.979892,34.866641,0.0],[73.980071,34.866892,0.0],[73.980066,34.867261,0.0],[73.979972,34.867666,0.0],[73.97987,34.867963,0.0]]]}},{"type":"Feature","properties":{"rgi_id":"RGI2000-v7.0-G-14-24929","o1region":"14"},"geometry":{"type":"Polygon","coordinates":[[[73.969875,34.868824,0.0],[73.970309,34.868868,0.0],[73.970747,34.868672,0.0],[73.971041,34.868396,0.0],[73.971335,34.868119,0.0],[73.971629,34.867842,0.0],[73.971875,34.867525,0.0],[73.971976,34.867167,0.0],[73.971981,34.866768,0.0],[73.97184,34.866408,0.0],[73.971748,34.866009,0.0],[73.971656,34.865649,0.0],[73.971527,34.864372,0.0],[73.971478,34.864371,0.0],[73.970997,34.864168,0.0],[73.970563,34.864045,0.0],[73.970129,34.863921,0.0],[73.969695,34.863838,0.0],[73.96926,34.863754,0.0],[73.968824,34.863791,0.0],[73.968483,34.864027,0.0],[73.968046,34.864143,0.0],[73.96756,34.864298,0.0],[73.967171,34.864494,0.0],[73.966829,34.864731,0.0],[73.966439,34.864967,0.0],[73.966049,34.865203,0.0],[73.965612,34.865319,0.0],[73.965318,34.865595,0.0],[73.965169,34.865953,0.0],[73.965116,34.866311,0.0],[73.965354,34.866632,0.0],[73.965837,34.866637,0.0],[73.966321,34.866641,0.0],[73.966902,34.866646,0.0],[73.967386,34.86665,0.0],[73.967869,34.866654,0.0],[73.968304,34.866697,0.0],[73.96864,34.86694,0.0],[73.968732,34.867299,0.0],[73.968825,34.867659,0.0],[73.968917,34.868019,0.0],[73.969203,34.86834,0.0],[73.96949,34.868622,0.0],[73.969875,34.868824,0.0]]]}},{"type":"Feature","properties":{"rgi_id":"RGI2000-v7.0-G-14-24930","o1region":"14"},"geometry":{"type":"Polygon","coordinates":[[[73.963938,34.871668,0.0],[73.964067,34.87173,0.0],[73.964432,34.871976,0.0],[73.964728,34.872119,0.0],[73.964798,34.8721,0.0],[73.965242,34.871922,0.0],[73.965687,34.871744,0.0],[73.965986,34.871382,0.0],[73.966136,34.87123,0.0],[73.966149,34.871135,0.0],[73.96617,34.870977,0.0],[73.966139,34.870898,0.0],[73.965996,34.870532,0.0],[73.966001,34.870168,0.0],[73.965784,34.869802,0.0],[73.965344,34.869677,0.0],[73.964969,34.86957,0.0],[73.96493,34.869572,0.0],[73.964682,34.869672,0.0],[73.96431,34.869972,0.0],[73.964167,34.870087,0.0],[73.964179,34.870202,0.0],[73.964223,34.870601,0.0],[73.964218,34.870999,0.0],[73.964068,34.871357,0.0],[73.963938,34.871668,0.0]]]}},{"type":"Feature","properties":{"rgi_id":"RGI2000-v7.0-G-14-24931","o1region":"14"},"geometry":{"type":"Polygon","coordinates":[[[73.966654,34.855672,0.0],[73.966711,34.854955,0.0],[73.966716,34.854556,0.0],[73.966672,34.854197,0.0],[73.966288,34.853994,0.0],[73.965853,34.853911,0.0],[73.965419,34.853867,0.0],[73.964935,34.853863,0.0],[73.964403,34.853858,0.0],[73.963967,34.853895,0.0],[73.963482,34.85397,0.0],[73.963045,34.854126,0.0],[73.962608,34.854242,0.0],[73.96217,34.854398,0.0],[73.961781,34.854594,0.0],[73.962019,34.854915,0.0],[73.962451,34.855158,0.0],[73.962786,34.85544,0.0],[73.96322,34.855603,0.0],[73.963655,34.855647,0.0],[73.964138,34.855651,0.0],[73.96467,34.855655,0.0],[73.965154,34.855659,0.0],[73.965638,34.855663,0.0],[73.966122,34.855668,0.0],[73.966605,34.855672,0.0],[73.966654,34.855672,0.0]]]}},{"type":"Feature","properties":{"rgi_id":"RGI2000-v7.0-G-14-24932","o1region":"14"},"geometry":{"type":"Polygon","coordinates":[[[73.965361,34.849741,0.0],[73.965361,34.849713,0.0],[73.965229,34.849345,0.0],[73.9652,34.84895,0.0],[73.965136,34.848583,0.0],[73.965038,34.848216,0.0],[73.964837,34.847876,0.0],[73.964498,34.847619,0.0],[73.96409,34.847475,0.0],[73.963646,34.847415,0.0],[73.963201,34.847468,0.0],[73.96289,34.847747,0.0],[73.962647,34.848055,0.0],[73.962302,34.848277,0.0],[73.961923,34.848471,0.0],[73.961579,34.848694,0.0],[73.961574,34.84906,0.0],[73.961913,34.849289,0.0],[73.962358,34.849292,0.0],[73.962802,34.849324,0.0],[73.963244,34.849469,0.0],[73.963583,34.849697,0.0],[73.964026,34.849842,0.0],[73.964469,34.84993,0.0],[73.964878,34.850075,0.0],[73.965361,34.849741,0.0]]]}},{"type":"Feature","properties":{"rgi_id":"RGI2000-v7.0-G-14-24933","o1region":"14"},"geometry":{"type":"Polygon","coordinates":[[[73.957791,34.836513,0.0],[73.957927,34.836514,0.0],[73.958122,34.835538,0.0],[73.957806,34.835273,0.0],[73.957352,34.835118,0.0],[73.956944,34.834965,0.0],[73.956489,34.834923,0.0],[73.956033,34.834919,0.0],[73.955578,34.83484,0.0],[73.955078,34.834761,0.0],[73.954622,34.834757,0.0],[73.954165,34.834866,0.0],[73.953798,34.835088,0.0],[73.95343,34.835348,0.0],[73.953062,34.83557,0.0],[73.952876,34.835907,0.0],[73.952871,34.836282,0.0],[73.952912,34.836659,0.0],[73.953181,34.836962,0.0],[73.953637,34.836966,0.0],[73.954093,34.836969,0.0],[73.954549,34.836936,0.0],[73.955006,34.836865,0.0],[73.955462,34.836831,0.0],[73.955965,34.836722,0.0],[73.956421,34.836651,0.0],[73.956878,34.83658,0.0],[73.957334,34.836546,0.0],[73.957791,34.836513,0.0]]]}},{"type":"Feature","properties":{"rgi_id":"RGI2000-v7.0-G-14-24934","o1region":"14"},"geometry":{"type":"Polygon","coordinates":[[[73.942266,34.835138,0.0],[73.942079,34.835475,0.0],[73.94212,34.835851,0.0],[73.942436,34.836117,0.0],[73.942843,34.836308,0.0],[73.943205,34.836537,0.0],[73.943567,34.836673,0.0],[73.943568,34.836594,0.0],[73.943514,34.836102,0.0],[73.943698,34.835759,0.0],[73.944059,34.835516,0.0],[73.944536,34.835521,0.0],[73.945013,34.835525,0.0],[73.945428,34.835725,0.0],[73.945603,34.836071,0.0],[73.945837,34.836417,0.0],[73.945951,34.836812,0.0],[73.946189,34.837052,0.0],[73.946246,34.83711,0.0],[73.946661,34.83731,0.0],[73.947076,34.83751,0.0],[73.947551,34.837662,0.0],[73.948029,34.837666,0.0],[73.948272,34.837324,0.0],[73.948277,34.83693,0.0],[73.948245,34.836642,0.0],[73.948311,34.836469,0.0],[73.948588,34.83617,0.0],[73.948775,34.835834,0.0],[73.949052,34.835536,0.0],[73.949238,34.835199,0.0],[73.949334,34.834824,0.0],[73.949248,34.834447,0.0],[73.949145,34.834332,0.0],[73.949147,34.834183,0.0],[73.948972,34.833837,0.0],[73.948798,34.833492,0.0],[73.948624,34.833096,0.0],[73.948209,34.832847,0.0],[73.947733,34.832794,0.0],[73.947256,34.83274,0.0],[73.946779,34.832736,0.0],[73.946302,34.832732,0.0],[73.945825,34.832728,0.0],[73.945347,34.832724,0.0],[73.94475,34.832768,0.0],[73.944331,34.832912,0.0],[73.94385,34.833154,0.0],[73.944025,34.833499,0.0],[73.943842,34.833842,0.0],[73.94354,34.834135,0.0],[73.94312,34.834328,0.0],[73.942639,34.83457,0.0],[73.942277,34.834911,0.0],[73.942303,34.835099,0.0],[73.942266,34.835138,0.0]]]}},{"type":"Feature","properties":{"rgi_id":"RGI2000-v7.0-G-14-24935","o1region":"14"},"geometry":{"type":"Polygon","coordinates":[[[73.93289,34.835986,0.0],[73.933228,34.83613,0.0],[73.933267,34.836411,0.0],[73.933501,34.836757,0.0],[73.933735,34.837103,0.0],[73.934151,34.837255,0.0],[73.934628,34.837308,0.0],[73.934949,34.837311,0.0],[73.935026,34.837358,0.0],[73.935469,34.837447,0.0],[73.935915,34.837366,0.0],[73.936294,34.837144,0.0],[73.936739,34.837091,0.0],[73.937183,34.837067,0.0],[73.93763,34.83693,0.0],[73.938075,34.836821,0.0],[73.938522,34.836684,0.0],[73.938866,34.836462,0.0],[73.938939,34.836096,0.0],[73.93891,34.835729,0.0],[73.938572,34.835444,0.0],[73.93853,34.835439,0.0],[73.938591,34.835326,0.0],[73.938834,34.834934,0.0],[73.938876,34.834857,0.0],[73.939074,34.834838,0.0],[73.939553,34.834744,0.0],[73.939972,34.8346,0.0],[73.940335,34.834259,0.0],[73.940518,34.833916,0.0],[73.940583,34.833474,0.0],[73.940469,34.833079,0.0],[73.940235,34.832733,0.0],[73.939759,34.832631,0.0],[73.939271,34.83259,0.0],[73.938953,34.832375,0.0],[73.93851,34.832259,0.0],[73.938066,34.832255,0.0],[73.937587,34.832279,0.0],[73.937141,34.832416,0.0],[73.936796,34.832638,0.0],[73.936572,34.832865,0.0],[73.936415,34.832847,0.0],[73.935819,34.832793,0.0],[73.93534,34.832985,0.0],[73.935038,34.833278,0.0],[73.934677,34.833521,0.0],[73.934257,34.833665,0.0],[73.933838,34.833809,0.0],[73.933418,34.833952,0.0],[73.933115,34.834294,0.0],[73.932695,34.834536,0.0],[73.932626,34.834603,0.0],[73.932532,34.834602,0.0],[73.932086,34.834711,0.0],[73.931708,34.834905,0.0],[73.931566,34.83527,0.0],[73.931596,34.835637,0.0],[73.932414,34.835841,0.0],[73.932448,34.835842,0.0],[73.93289,34.835986,0.0]]]}},{"type":"Feature","properties":{"rgi_id":"RGI2000-v7.0-G-14-24936","o1region":"14"},"geometry":{"type":"Polygon","coordinates":[[[73.925959,34.832741,0.0],[73.925648,34.83302,0.0],[73.925302,34.833298,0.0],[73.925195,34.833692,0.0],[73.92519,34.834058,0.0],[73.925117,34.834424,0.0],[73.924975,34.834789,0.0],[73.924902,34.835155,0.0],[73.924863,34.835521,0.0],[73.925064,34.835861,0.0],[73.925507,34.83595,0.0],[73.925951,34.835954,0.0],[73.926396,34.835958,0.0],[73.92684,34.835961,0.0],[73.927319,34.835966,0.0],[73.927763,34.835941,0.0],[73.928208,34.835917,0.0],[73.928723,34.835753,0.0],[73.929135,34.835615,0.0],[73.929581,34.835506,0.0],[73.930026,34.835398,0.0],[73.930438,34.83526,0.0],[73.930783,34.835038,0.0],[73.930958,34.834701,0.0],[73.931168,34.834365,0.0],[73.931546,34.834171,0.0],[73.931891,34.833948,0.0],[73.931891,34.83392,0.0],[73.93197,34.833104,0.0],[73.93177,34.832764,0.0],[73.931431,34.832535,0.0],[73.931093,34.83225,0.0],[73.931132,34.831884,0.0],[73.931341,34.831548,0.0],[73.931753,34.831382,0.0],[73.932199,34.831274,0.0],[73.932375,34.830909,0.0],[73.932139,34.830597,0.0],[73.931731,34.830424,0.0],[73.931287,34.83042,0.0],[73.930809,34.830416,0.0],[73.93033,34.83044,0.0],[73.929918,34.830605,0.0],[73.929438,34.830714,0.0],[73.929059,34.830908,0.0],[73.928681,34.831102,0.0],[73.928236,34.831154,0.0],[73.927756,34.831234,0.0],[73.927311,34.831287,0.0],[73.926865,34.831396,0.0],[73.92642,34.831448,0.0],[73.926007,34.831642,0.0],[73.925866,34.832007,0.0],[73.92593,34.832374,0.0],[73.925959,34.832741,0.0]]]}},{"type":"Feature","properties":{"rgi_id":"RGI2000-v7.0-G-14-24937","o1region":"14"},"geometry":{"type":"Polygon","coordinates":[[[73.929402,34.828205,0.0],[73.929578,34.827784,0.0],[73.929446,34.827416,0.0],[73.92928,34.827076,0.0],[73.92901,34.826792,0.0],[73.928671,34.826564,0.0],[73.928227,34.826532,0.0],[73.927783,34.826528,0.0],[73.927338,34.82658,0.0],[73.926892,34.826717,0.0],[73.926479,34.826883,0.0],[73.926033,34.82702,0.0],[73.925858,34.827356,0.0],[73.92599,34.827724,0.0],[73.926328,34.828009,0.0],[73.926771,34.828125,0.0],[73.927144,34.828326,0.0],[73.927586,34.828499,0.0],[73.92803,34.828531,0.0],[73.928509,34.828479,0.0],[73.928955,34.828398,0.0],[73.929368,34.828205,0.0],[73.929402,34.828205,0.0]]]}},{"type":"Feature","properties":{"rgi_id":"RGI2000-v7.0-G-14-24938","o1region":"14"},"geometry":{"type":"Polygon","coordinates":[[[73.910359,34.814603,0.0],[73.909964,34.814403,0.0],[73.909569,34.814203,0.0],[73.90901,34.814394,0.0],[73.908766,34.814786,0.0],[73.908602,34.815178,0.0],[73.908437,34.81557,0.0],[73.908195,34.815896,0.0],[73.907872,34.816221,0.0],[73.90755,34.816546,0.0],[73.907307,34.816872,0.0],[73.907142,34.817329,0.0],[73.907057,34.817722,0.0],[73.90703,34.817866,0.0],[73.907002,34.817897,0.0],[73.906906,34.818272,0.0],[73.906901,34.818647,0.0],[73.907124,34.818988,0.0],[73.907531,34.819217,0.0],[73.907938,34.819446,0.0],[73.908181,34.819583,0.0],[73.908205,34.819585,0.0],[73.908742,34.819639,0.0],[73.908737,34.819979,0.0],[73.909427,34.820587,0.0],[73.909014,34.820771,0.0],[73.908828,34.821107,0.0],[73.90864,34.821482,0.0],[73.908318,34.821779,0.0],[73.907995,34.822039,0.0],[73.907763,34.822376,0.0],[73.907531,34.822712,0.0],[73.907208,34.822972,0.0],[73.906886,34.823232,0.0],[73.906518,34.823492,0.0],[73.906195,34.823752,0.0],[73.906008,34.824089,0.0],[73.905958,34.824464,0.0],[73.905848,34.824754,0.0],[73.905846,34.824919,0.0],[73.90584,34.825397,0.0],[73.905834,34.825836,0.0],[73.905733,34.826194,0.0],[73.905727,34.826593,0.0],[73.905671,34.82679,0.0],[73.905698,34.826867,0.0],[73.905921,34.827244,0.0],[73.906191,34.827548,0.0],[73.90646,34.827851,0.0],[73.906822,34.828079,0.0],[73.906996,34.828145,0.0],[73.907154,34.828414,0.0],[73.907468,34.828744,0.0],[73.907702,34.82914,0.0],[73.907936,34.82947,0.0],[73.90817,34.8298,0.0],[73.908324,34.830195,0.0],[73.908558,34.830525,0.0],[73.908792,34.830855,0.0],[73.908867,34.831249,0.0],[73.9091,34.831645,0.0],[73.909334,34.83204,0.0],[73.909567,34.832436,0.0],[73.909721,34.832831,0.0],[73.910035,34.833162,0.0],[73.910269,34.833492,0.0],[73.910583,34.833823,0.0],[73.910817,34.834153,0.0],[73.911051,34.834483,0.0],[73.911285,34.834878,0.0],[73.911599,34.835209,0.0],[73.911913,34.83554,0.0],[73.912227,34.835805,0.0],[73.912542,34.83607,0.0],[73.912937,34.83627,0.0],[73.913413,34.836406,0.0],[73.913735,34.836081,0.0],[73.91382,34.835688,0.0],[73.913984,34.835296,0.0],[73.914148,34.834904,0.0],[73.914153,34.83451,0.0],[73.914158,34.834117,0.0],[73.914164,34.833723,0.0],[73.914089,34.833329,0.0],[73.914015,34.832935,0.0],[73.913941,34.832541,0.0],[73.914025,34.832148,0.0],[73.914189,34.831756,0.0],[73.914355,34.831298,0.0],[73.91436,34.830905,0.0],[73.914285,34.830511,0.0],[73.914131,34.830116,0.0],[73.913898,34.82972,0.0],[73.913664,34.82939,0.0],[73.913349,34.829125,0.0],[73.913116,34.828729,0.0],[73.913041,34.828335,0.0],[73.912887,34.82794,0.0],[73.912574,34.827544,0.0],[73.912398,34.827283,0.0],[73.912393,34.827227,0.0],[73.912399,34.826776,0.0],[73.912399,34.826739,0.0],[73.91168,34.825943,0.0],[73.911503,34.825603,0.0],[73.911416,34.825227,0.0],[73.911376,34.824851,0.0],[73.911381,34.824475,0.0],[73.911386,34.824099,0.0],[73.911436,34.823724,0.0],[73.911623,34.823387,0.0],[73.9119,34.823089,0.0],[73.912223,34.822829,0.0],[73.9125,34.822531,0.0],[73.912822,34.822271,0.0],[73.913145,34.82201,0.0],[73.913422,34.821712,0.0],[73.913835,34.821528,0.0],[73.914247,34.821381,0.0],[73.914704,34.821273,0.0],[73.91516,34.821277,0.0],[73.915615,34.821318,0.0],[73.915648,34.821316,0.0],[73.915649,34.821347,0.0],[73.915987,34.821575,0.0],[73.916153,34.821665,0.0],[73.916109,34.82182,0.0],[73.915866,34.822162,0.0],[73.915742,34.822555,0.0],[73.915558,34.822897,0.0],[73.915315,34.82324,0.0],[73.914953,34.823581,0.0],[73.914591,34.823873,0.0],[73.914705,34.824267,0.0],[73.915125,34.824074,0.0],[73.915545,34.82393,0.0],[73.915966,34.823688,0.0],[73.916327,34.823396,0.0],[73.91663,34.823055,0.0],[73.916932,34.822762,0.0],[73.917352,34.822569,0.0],[73.917772,34.822376,0.0],[73.918192,34.822183,0.0],[73.918581,34.82205,0.0],[73.919023,34.822082,0.0],[73.919466,34.822114,0.0],[73.919911,34.822118,0.0],[73.920355,34.82215,0.0],[73.920799,34.822154,0.0],[73.921277,34.822158,0.0],[73.921622,34.821936,0.0],[73.921763,34.82157,0.0],[73.921494,34.821258,0.0],[73.921259,34.820946,0.0],[73.921738,34.820922,0.0],[73.922076,34.82115,0.0],[73.922415,34.821379,0.0],[73.922719,34.821663,0.0],[73.922817,34.822031,0.0],[73.92271,34.822396,0.0],[73.922365,34.822647,0.0],[73.922019,34.822926,0.0],[73.921741,34.823289,0.0],[73.921706,34.823317,0.0],[73.921361,34.823596,0.0],[73.921288,34.82399,0.0],[73.921523,34.824302,0.0],[73.922,34.824391,0.0],[73.922444,34.824451,0.0],[73.922888,34.824483,0.0],[73.923331,34.824572,0.0],[73.923774,34.82466,0.0],[73.924181,34.824861,0.0],[73.92452,34.82509,0.0],[73.924859,34.825318,0.0],[73.925301,34.825491,0.0],[73.925713,34.825326,0.0],[73.925889,34.824989,0.0],[73.9262,34.82471,0.0],[73.926646,34.824601,0.0],[73.927058,34.824436,0.0],[73.927335,34.824156,0.0],[73.92751,34.82382,0.0],[73.927583,34.823454,0.0],[73.927691,34.823088,0.0],[73.927593,34.822721,0.0],[73.927358,34.822409,0.0],[73.927019,34.822152,0.0],[73.92668,34.821924,0.0],[73.926273,34.821723,0.0],[73.9259,34.821494,0.0],[73.925528,34.821209,0.0],[73.92519,34.820924,0.0],[73.924851,34.820696,0.0],[73.924443,34.820523,0.0],[73.924035,34.820379,0.0],[73.923661,34.820178,0.0],[73.923219,34.820033,0.0],[73.922743,34.819832,0.0],[73.92237,34.819603,0.0],[73.9221,34.819319,0.0],[73.921975,34.819213,0.0],[73.921754,34.818902,0.0],[73.921522,34.818441,0.0],[73.921448,34.818047,0.0],[73.921454,34.817588,0.0],[73.921301,34.817062,0.0],[73.921152,34.816678,0.0],[73.921555,34.81658,0.0],[73.921864,34.816583,0.0],[73.921869,34.816214,0.0],[73.922192,34.815824,0.0],[73.922435,34.815498,0.0],[73.922757,34.815238,0.0],[73.922999,34.814913,0.0],[73.923321,34.814653,0.0],[73.923337,34.814631,0.0],[73.923325,34.814482,0.0],[73.923296,34.814115,0.0],[73.923266,34.813748,0.0],[73.923203,34.813381,0.0],[73.922968,34.813069,0.0],[73.922594,34.812869,0.0],[73.922256,34.812612,0.0],[73.922234,34.812602,0.0],[73.922235,34.812545,0.0],[73.922001,34.812215,0.0],[73.921766,34.811885,0.0],[73.921372,34.811619,0.0],[73.920977,34.811419,0.0],[73.920421,34.811414,0.0],[73.919864,34.811409,0.0],[73.919306,34.811535,0.0],[73.918984,34.811794,0.0],[73.918506,34.811856,0.0],[73.918028,34.811983,0.0],[73.917548,34.812175,0.0],[73.917148,34.812368,0.0],[73.916905,34.812694,0.0],[73.916583,34.812954,0.0],[73.916182,34.813212,0.0],[73.91594,34.813538,0.0],[73.915934,34.813932,0.0],[73.916088,34.814327,0.0],[73.916304,34.814379,0.0],[73.916284,34.81456,0.0],[73.916623,34.814789,0.0],[73.917066,34.814877,0.0],[73.917405,34.815106,0.0],[73.917026,34.815328,0.0],[73.916581,34.815408,0.0],[73.91627,34.815687,0.0],[73.916162,34.816053,0.0],[73.916161,34.816145,0.0],[73.916124,34.816163,0.0],[73.916059,34.816556,0.0],[73.915935,34.816949,0.0],[73.915692,34.817291,0.0],[73.915271,34.817484,0.0],[73.91491,34.817727,0.0],[73.91477,34.817791,0.0],[73.914489,34.818018,0.0],[73.91407,34.818162,0.0],[73.913593,34.818108,0.0],[73.913533,34.818048,0.0],[73.913299,34.817811,0.0],[73.913364,34.817418,0.0],[73.913488,34.817025,0.0],[73.913553,34.816632,0.0],[73.913558,34.816239,0.0],[73.913204,34.815941,0.0],[73.91279,34.815691,0.0],[73.912435,34.815442,0.0],[73.912021,34.815192,0.0],[73.911606,34.814992,0.0],[73.911191,34.81484,0.0],[73.910715,34.814738,0.0],[73.910622,34.814737,0.0],[73.910359,34.814603,0.0]],[[73.915253,34.818861,0.0],[73.915656,34.818782,0.0],[73.915647,34.818867,0.0],[73.915642,34.819233,0.0],[73.915671,34.8196,0.0],[73.915803,34.819967,0.0],[73.915867,34.820096,0.0],[73.915677,34.820079,0.0],[73.915175,34.820074,0.0],[73.91472,34.82007,0.0],[73.914265,34.819991,0.0],[73.914151,34.819919,0.0],[73.914287,34.819787,0.0],[73.91453,34.819445,0.0],[73.914833,34.819103,0.0],[73.915253,34.818861,0.0]]]}},{"type":"Feature","properties":{"rgi_id":"RGI2000-v7.0-G-14-24939","o1region":"14"},"geometry":{"type":"Polygon","coordinates":[[[73.932768,34.81898,0.0],[73.933181,34.818759,0.0],[73.933503,34.818498,0.0],[73.933871,34.818276,0.0],[73.934283,34.818129,0.0],[73.93465,34.817907,0.0],[73.935062,34.81776,0.0],[73.935519,34.817652,0.0],[73.935975,34.817618,0.0],[73.936476,34.817622,0.0],[73.936932,34.817589,0.0],[73.937389,34.817518,0.0],[73.937435,34.817518,0.0],[73.937622,34.817144,0.0],[73.937166,34.81714,0.0],[73.93671,34.817136,0.0],[73.936255,34.817132,0.0],[73.935799,34.817166,0.0],[73.935342,34.817237,0.0],[73.934885,34.817346,0.0],[73.934428,34.817454,0.0],[73.93397,34.817601,0.0],[73.933514,34.817672,0.0],[73.933057,34.817743,0.0],[73.9326,34.817852,0.0],[73.932143,34.817998,0.0],[73.931685,34.818107,0.0],[73.931229,34.818178,0.0],[73.930771,34.818324,0.0],[73.930314,34.818433,0.0],[73.929947,34.818655,0.0],[73.92976,34.818992,0.0],[73.929755,34.819367,0.0],[73.929933,34.819707,0.0],[73.930341,34.819861,0.0],[73.930795,34.819978,0.0],[73.931252,34.819944,0.0],[73.931665,34.819722,0.0],[73.932032,34.8195,0.0],[73.9324,34.81924,0.0],[73.932768,34.81898,0.0]]]}},{"type":"Feature","properties":{"rgi_id":"RGI2000-v7.0-G-14-24940","o1region":"14"},"geometry":{"type":"Polygon","coordinates":[[[73.927295,34.815851,0.0],[73.927481,34.815514,0.0],[73.927668,34.815178,0.0],[73.927718,34.814802,0.0],[73.927723,34.814427,0.0],[73.927545,34.814087,0.0],[73.927505,34.813711,0.0],[73.927509,34.813335,0.0],[73.92756,34.812959,0.0],[73.927701,34.812585,0.0],[73.927934,34.812249,0.0],[73.928166,34.811913,0.0],[73.928353,34.811538,0.0],[73.928449,34.811163,0.0],[73.928317,34.810786,0.0],[73.928272,34.810786,0.0],[73.927815,34.810857,0.0],[73.927358,34.810928,0.0],[73.926902,34.810962,0.0],[73.926445,34.811071,0.0],[73.926078,34.811293,0.0],[73.925756,34.811553,0.0],[73.925478,34.811889,0.0],[73.925246,34.812225,0.0],[73.925013,34.812561,0.0],[73.924827,34.812898,0.0],[73.924685,34.81331,0.0],[73.924498,34.813684,0.0],[73.924356,34.814059,0.0],[73.924306,34.814434,0.0],[73.924255,34.814809,0.0],[73.924159,34.815184,0.0],[73.924109,34.81556,0.0],[73.924104,34.815935,0.0],[73.924236,34.816312,0.0],[73.924596,34.816616,0.0],[73.924912,34.816882,0.0],[73.925227,34.817148,0.0],[73.925682,34.817227,0.0],[73.926095,34.817005,0.0],[73.926463,34.816745,0.0],[73.926785,34.816485,0.0],[73.927062,34.816187,0.0],[73.927295,34.815851,0.0]]]}},{"type":"Feature","properties":{"rgi_id":"RGI2000-v7.0-G-14-24941","o1region":"14"},"geometry":{"type":"Polygon","coordinates":[[[73.927623,34.805854,0.0],[73.927623,34.805915,0.0],[73.927101,34.805972,0.0],[73.926725,34.806214,0.0],[73.926423,34.80658,0.0],[73.92612,34.806946,0.0],[73.925892,34.807312,0.0],[73.925664,34.807679,0.0],[73.925436,34.808045,0.0],[73.925282,34.808413,0.0],[73.925277,34.808781,0.0],[73.925347,34.80915,0.0],[73.925716,34.809399,0.0],[73.926161,34.809526,0.0],[73.926607,34.809591,0.0],[73.927055,34.809472,0.0],[73.927504,34.809292,0.0],[73.927733,34.808925,0.0],[73.927886,34.808558,0.0],[73.928041,34.80813,0.0],[73.928046,34.807761,0.0],[73.92805,34.807393,0.0],[73.928055,34.807024,0.0],[73.927623,34.805854,0.0]]]}},{"type":"Feature","properties":{"rgi_id":"RGI2000-v7.0-G-14-24942","o1region":"14"},"geometry":{"type":"Polygon","coordinates":[[[73.928453,34.805062,0.0],[73.928828,34.80482,0.0],[73.929204,34.804578,0.0],[73.929653,34.804397,0.0],[73.930103,34.804156,0.0],[73.930182,34.803788,0.0],[73.930262,34.803359,0.0],[73.930341,34.802991,0.0],[73.930495,34.802624,0.0],[73.930945,34.802382,0.0],[73.931391,34.802386,0.0],[73.931989,34.802207,0.0],[73.932438,34.802088,0.0],[73.932961,34.801908,0.0],[73.93341,34.801728,0.0],[73.933859,34.801548,0.0],[73.934161,34.801243,0.0],[73.934315,34.800876,0.0],[73.93387,34.800688,0.0],[73.933424,34.800684,0.0],[73.932977,34.80068,0.0],[73.93253,34.800676,0.0],[73.932084,34.800672,0.0],[73.931637,34.800668,0.0],[73.930665,34.800967,0.0],[73.930591,34.800966,0.0],[73.930145,34.800901,0.0],[73.929622,34.801019,0.0],[73.929098,34.801199,0.0],[73.928649,34.801379,0.0],[73.928421,34.801746,0.0],[73.928193,34.802112,0.0],[73.928188,34.802481,0.0],[73.928035,34.802848,0.0],[73.927881,34.803215,0.0],[73.927433,34.803334,0.0],[73.926986,34.80333,0.0],[73.926539,34.803326,0.0],[73.926092,34.803383,0.0],[73.925643,34.803502,0.0],[73.925194,34.803683,0.0],[73.92467,34.803924,0.0],[73.92422,34.804165,0.0],[73.924215,34.804534,0.0],[73.924584,34.804783,0.0],[73.925031,34.804787,0.0],[73.925552,34.804791,0.0],[73.926072,34.804919,0.0],[73.926516,34.805107,0.0],[73.927035,34.805296,0.0],[73.927482,34.8053,0.0],[73.928004,34.805243,0.0],[73.928453,34.805062,0.0]]]}},{"type":"Feature","properties":{"rgi_id":"RGI2000-v7.0-G-14-24943","o1region":"14"},"geometry":{"type":"Polygon","coordinates":[[[73.905881,34.808745,0.0],[73.90615,34.809048,0.0],[73.906374,34.809389,0.0],[73.906505,34.809766,0.0],[73.906867,34.809994,0.0],[73.907366,34.810112,0.0],[73.907821,34.810191,0.0],[73.908229,34.810382,0.0],[73.908544,34.810648,0.0],[73.908859,34.810952,0.0],[73.909266,34.811181,0.0],[73.90972,34.811335,0.0],[73.910175,34.811339,0.0],[73.910631,34.811343,0.0],[73.911086,34.811348,0.0],[73.911542,34.811352,0.0],[73.911999,34.811281,0.0],[73.91214,34.810906,0.0],[73.912372,34.81057,0.0],[73.91283,34.810461,0.0],[73.913197,34.810239,0.0],[73.913474,34.809941,0.0],[73.913931,34.809832,0.0],[73.914386,34.809874,0.0],[73.914747,34.81014,0.0],[73.915063,34.810406,0.0],[73.915378,34.810672,0.0],[73.915694,34.810938,0.0],[73.916148,34.811017,0.0],[73.91665,34.810984,0.0],[73.917107,34.810875,0.0],[73.917519,34.810728,0.0],[73.917977,34.810582,0.0],[73.918389,34.810436,0.0],[73.918756,34.810213,0.0],[73.919033,34.809915,0.0],[73.919084,34.80954,0.0],[73.91886,34.8092,0.0],[73.918774,34.808823,0.0],[73.918734,34.808447,0.0],[73.918693,34.808071,0.0],[73.918698,34.807695,0.0],[73.918657,34.807319,0.0],[73.918662,34.806943,0.0],[73.918804,34.806569,0.0],[73.919036,34.806232,0.0],[73.919404,34.805973,0.0],[73.919681,34.805674,0.0],[73.919868,34.805338,0.0],[73.920055,34.804926,0.0],[73.920242,34.80459,0.0],[73.920338,34.804215,0.0],[73.920388,34.803839,0.0],[73.920393,34.803463,0.0],[73.920353,34.803087,0.0],[73.920221,34.80271,0.0],[73.919767,34.802594,0.0],[73.919311,34.80259,0.0],[73.918856,34.802586,0.0],[73.9184,34.802581,0.0],[73.918039,34.802353,0.0],[73.917631,34.802161,0.0],[73.917224,34.801932,0.0],[73.916816,34.801778,0.0],[73.916361,34.801737,0.0],[73.915905,34.80177,0.0],[73.915448,34.801879,0.0],[73.914992,34.801912,0.0],[73.914814,34.801572,0.0],[73.914774,34.801196,0.0],[73.914596,34.800856,0.0],[73.914464,34.80048,0.0],[73.914056,34.800326,0.0],[73.9136,34.800359,0.0],[73.913232,34.800619,0.0],[73.913,34.800955,0.0],[73.912949,34.80133,0.0],[73.912945,34.801706,0.0],[73.912985,34.802082,0.0],[73.913071,34.802459,0.0],[73.913157,34.802835,0.0],[73.913061,34.80321,0.0],[73.912739,34.803508,0.0],[73.912423,34.803242,0.0],[73.912429,34.802829,0.0],[73.912388,34.802453,0.0],[73.912347,34.802077,0.0],[73.912352,34.801701,0.0],[73.912312,34.801325,0.0],[73.912317,34.800949,0.0],[73.912322,34.800573,0.0],[73.912327,34.800197,0.0],[73.912286,34.799821,0.0],[73.9122,34.799445,0.0],[73.912159,34.799068,0.0],[73.912173,34.798016,0.0],[73.912128,34.797978,0.0],[73.911905,34.797638,0.0],[73.911727,34.797298,0.0],[73.911549,34.796959,0.0],[73.91128,34.796655,0.0],[73.91101,34.796352,0.0],[73.910602,34.796198,0.0],[73.910148,34.796119,0.0],[73.909691,34.796228,0.0],[73.909504,34.796564,0.0],[73.909182,34.796825,0.0],[73.908769,34.797009,0.0],[73.908312,34.797117,0.0],[73.907856,34.797188,0.0],[73.907444,34.797335,0.0],[73.907077,34.797557,0.0],[73.906799,34.797855,0.0],[73.906522,34.798154,0.0],[73.906517,34.798529,0.0],[73.906603,34.798906,0.0],[73.906735,34.799283,0.0],[73.906866,34.799697,0.0],[73.906906,34.800111,0.0],[73.906901,34.800487,0.0],[73.906896,34.800863,0.0],[73.906891,34.801238,0.0],[73.906795,34.801613,0.0],[73.906328,34.802511,0.0],[73.906282,34.802548,0.0],[73.905959,34.802808,0.0],[73.905592,34.803031,0.0],[73.90518,34.803177,0.0],[73.904768,34.803324,0.0],[73.904312,34.803357,0.0],[73.903856,34.803353,0.0],[73.903401,34.803349,0.0],[73.902945,34.803345,0.0],[73.90249,34.803341,0.0],[73.902034,34.803374,0.0],[73.901892,34.803749,0.0],[73.901842,34.804124,0.0],[73.901837,34.8045,0.0],[73.90206,34.80484,0.0],[73.902283,34.80518,0.0],[73.90246,34.805595,0.0],[73.902591,34.80601,0.0],[73.902677,34.806387,0.0],[73.902718,34.806763,0.0],[73.90285,34.80714,0.0],[73.903119,34.807443,0.0],[73.903526,34.807634,0.0],[73.903934,34.807788,0.0],[73.904296,34.808017,0.0],[73.904611,34.808283,0.0],[73.905019,34.808475,0.0],[73.905474,34.808516,0.0],[73.905881,34.808745,0.0]]]}},{"type":"Feature","properties":{"rgi_id":"RGI2000-v7.0-G-14-24944","o1region":"14"},"geometry":{"type":"Polygon","coordinates":[[[73.900995,34.812948,0.0],[73.90145,34.813027,0.0],[73.901907,34.812956,0.0],[73.90232,34.812734,0.0],[73.902506,34.812398,0.0],[73.902466,34.812022,0.0],[73.902288,34.811682,0.0],[73.902019,34.811379,0.0],[73.90175,34.811038,0.0],[73.901481,34.810735,0.0],[73.901257,34.810395,0.0],[73.900896,34.810129,0.0],[73.900535,34.8099,0.0],[73.900127,34.809746,0.0],[73.899949,34.809406,0.0],[73.89968,34.809103,0.0],[73.899411,34.808762,0.0],[73.899142,34.808422,0.0],[73.89901,34.808045,0.0],[73.89897,34.807668,0.0],[73.899066,34.807293,0.0],[73.899388,34.807033,0.0],[73.89953,34.806659,0.0],[73.899353,34.806281,0.0],[73.899083,34.805978,0.0],[73.898722,34.80575,0.0],[73.898314,34.805596,0.0],[73.898136,34.805256,0.0],[73.898323,34.804882,0.0],[73.898691,34.804659,0.0],[73.899013,34.804399,0.0],[73.899291,34.804064,0.0],[73.899478,34.803727,0.0],[73.899574,34.803352,0.0],[73.899715,34.802978,0.0],[73.899857,34.802603,0.0],[73.899999,34.802229,0.0],[73.900462,34.801669,0.0],[73.900461,34.801707,0.0],[73.900731,34.80201,0.0],[73.901187,34.801939,0.0],[73.901555,34.801717,0.0],[73.901877,34.801456,0.0],[73.902154,34.801158,0.0],[73.902341,34.800822,0.0],[73.902392,34.800446,0.0],[73.902488,34.800034,0.0],[73.902494,34.799621,0.0],[73.902544,34.799245,0.0],[73.902549,34.798869,0.0],[73.902554,34.798494,0.0],[73.902422,34.798117,0.0],[73.902336,34.79774,0.0],[73.902205,34.797363,0.0],[73.902118,34.796987,0.0],[73.902078,34.79661,0.0],[73.901992,34.796234,0.0],[73.901906,34.795857,0.0],[73.901728,34.79548,0.0],[73.901642,34.795103,0.0],[73.901511,34.794726,0.0],[73.901105,34.794422,0.0],[73.900697,34.794268,0.0],[73.900243,34.794151,0.0],[73.899742,34.794147,0.0],[73.89933,34.794293,0.0],[73.899007,34.794591,0.0],[73.898685,34.794851,0.0],[73.898452,34.795187,0.0],[73.898265,34.795561,0.0],[73.898033,34.795897,0.0],[73.897756,34.796196,0.0],[73.897433,34.796456,0.0],[73.897156,34.796754,0.0],[73.896924,34.79709,0.0],[73.896737,34.797426,0.0],[73.89646,34.797725,0.0],[73.896227,34.798061,0.0],[73.895905,34.798358,0.0],[73.895582,34.798619,0.0],[73.895215,34.798841,0.0],[73.894802,34.799025,0.0],[73.89439,34.799209,0.0],[73.894022,34.799431,0.0],[73.893518,34.799652,0.0],[73.893151,34.799874,0.0],[73.892828,34.800134,0.0],[73.892642,34.800471,0.0],[73.892591,34.800846,0.0],[73.892586,34.801222,0.0],[73.892581,34.801635,0.0],[73.892576,34.802011,0.0],[73.89257,34.802424,0.0],[73.892565,34.8028,0.0],[73.89256,34.803176,0.0],[73.892509,34.803551,0.0],[73.892504,34.803927,0.0],[73.892454,34.804302,0.0],[73.892403,34.804678,0.0],[73.892398,34.805053,0.0],[73.892348,34.805429,0.0],[73.892297,34.805804,0.0],[73.892292,34.80618,0.0],[73.892287,34.806555,0.0],[73.892282,34.806931,0.0],[73.892277,34.807307,0.0],[73.892272,34.807683,0.0],[73.892267,34.808059,0.0],[73.892353,34.808435,0.0],[73.892393,34.808811,0.0],[73.892525,34.809188,0.0],[73.893102,34.810358,0.0],[73.893101,34.810396,0.0],[73.893278,34.810811,0.0],[73.893547,34.811114,0.0],[73.893862,34.811418,0.0],[73.893994,34.811795,0.0],[73.894034,34.812208,0.0],[73.89412,34.812585,0.0],[73.894389,34.812888,0.0],[73.894705,34.813154,0.0],[73.895066,34.813383,0.0],[73.895474,34.813537,0.0],[73.895928,34.813654,0.0],[73.896382,34.813808,0.0],[73.896836,34.813925,0.0],[73.897291,34.813967,0.0],[73.897746,34.814008,0.0],[73.898202,34.814012,0.0],[73.898657,34.814017,0.0],[73.899115,34.813908,0.0],[73.899527,34.813761,0.0],[73.899713,34.813425,0.0],[73.899718,34.813049,0.0],[73.899723,34.812673,0.0],[73.899728,34.812298,0.0],[73.899733,34.811922,0.0],[73.900187,34.812039,0.0],[73.900411,34.812379,0.0],[73.90068,34.812682,0.0],[73.900995,34.812948,0.0]]]}},{"type":"Feature","properties":{"rgi_id":"RGI2000-v7.0-G-14-24945","o1region":"14"},"geometry":{"type":"Polygon","coordinates":[[[73.880959,34.811747,0.0],[73.881056,34.812114,0.0],[73.881326,34.812427,0.0],[73.881457,34.812795,0.0],[73.881727,34.813079,0.0],[73.882172,34.813027,0.0],[73.88255,34.812833,0.0],[73.882794,34.812525,0.0],[73.883138,34.812303,0.0],[73.88355,34.812166,0.0],[73.883995,34.812141,0.0],[73.88423,34.812454,0.0],[73.884259,34.81282,0.0],[73.884254,34.813215,0.0],[73.884317,34.813582,0.0],[73.884518,34.813922,0.0],[73.88489,34.814207,0.0],[73.885228,34.814464,0.0],[73.885671,34.814581,0.0],[73.886115,34.814585,0.0],[73.88656,34.814561,0.0],[73.887004,34.814537,0.0],[73.887416,34.814399,0.0],[73.887861,34.814319,0.0],[73.888307,34.81421,0.0],[73.888686,34.814016,0.0],[73.888963,34.813737,0.0],[73.889104,34.813372,0.0],[73.889109,34.813006,0.0],[73.88908,34.812639,0.0],[73.889017,34.812272,0.0],[73.88892,34.811876,0.0],[73.888788,34.811509,0.0],[73.888656,34.811141,0.0],[73.888525,34.810745,0.0],[73.888359,34.810378,0.0],[73.888158,34.810038,0.0],[73.888026,34.80967,0.0],[73.888031,34.809304,0.0],[73.888036,34.808937,0.0],[73.888246,34.808601,0.0],[73.888659,34.808407,0.0],[73.889037,34.808185,0.0],[73.889281,34.807849,0.0],[73.889355,34.807455,0.0],[73.889462,34.80709,0.0],[73.889467,34.806724,0.0],[73.889198,34.806439,0.0],[73.888824,34.806239,0.0],[73.888382,34.806094,0.0],[73.887872,34.80592,0.0],[73.887393,34.805916,0.0],[73.886916,34.805883,0.0],[73.886471,34.805879,0.0],[73.886027,34.805875,0.0],[73.885583,34.805871,0.0],[73.88534,34.806179,0.0],[73.885266,34.806544,0.0],[73.885261,34.806911,0.0],[73.885086,34.807247,0.0],[73.884741,34.807498,0.0],[73.884565,34.807863,0.0],[73.88456,34.808229,0.0],[73.884385,34.808566,0.0],[73.884142,34.808873,0.0],[73.883898,34.809181,0.0],[73.883859,34.809547,0.0],[73.883888,34.809914,0.0],[73.883918,34.810281,0.0],[73.883539,34.810474,0.0],[73.883096,34.810386,0.0],[73.882723,34.810185,0.0],[73.882384,34.809956,0.0],[73.882115,34.809672,0.0],[73.882051,34.809305,0.0],[73.882295,34.808969,0.0],[73.882437,34.808604,0.0],[73.882407,34.808237,0.0],[73.882276,34.80787,0.0],[73.882212,34.807503,0.0],[73.882046,34.807163,0.0],[73.881811,34.806851,0.0],[73.881679,34.806483,0.0],[73.881548,34.806116,0.0],[73.880872,34.805518,0.0],[73.880838,34.805517,0.0],[73.880395,34.805457,0.0],[73.879951,34.805424,0.0],[73.879507,34.805364,0.0],[73.879064,34.805332,0.0],[73.878551,34.805327,0.0],[73.878107,34.805323,0.0],[73.877695,34.80546,0.0],[73.87735,34.805711,0.0],[73.877107,34.806018,0.0],[73.876931,34.806355,0.0],[73.876857,34.806777,0.0],[73.876852,34.807143,0.0],[73.876847,34.80751,0.0],[73.876945,34.807877,0.0],[73.877145,34.808217,0.0],[73.877277,34.808585,0.0],[73.877443,34.808924,0.0],[73.877678,34.809237,0.0],[73.877844,34.809576,0.0],[73.878114,34.809861,0.0],[73.878558,34.809893,0.0],[73.879001,34.809925,0.0],[73.879445,34.809958,0.0],[73.879715,34.810242,0.0],[73.880053,34.810499,0.0],[73.880322,34.810811,0.0],[73.880695,34.811012,0.0],[73.880896,34.811352,0.0],[73.880959,34.811747,0.0]]]}},{"type":"Feature","properties":{"rgi_id":"RGI2000-v7.0-G-14-24946","o1region":"14"},"geometry":{"type":"Polygon","coordinates":[[[73.890468,34.823162,0.0],[73.890469,34.823088,0.0],[73.890474,34.82272,0.0],[73.89039,34.822313,0.0],[73.890215,34.821979,0.0],[73.889815,34.821791,0.0],[73.889368,34.821787,0.0],[73.888919,34.821894,0.0],[73.888425,34.822037,0.0],[73.888064,34.822255,0.0],[73.88766,34.822399,0.0],[73.887166,34.822505,0.0],[73.886715,34.822759,0.0],[73.886443,34.823089,0.0],[73.886843,34.82324,0.0],[73.88729,34.823281,0.0],[73.887695,34.823137,0.0],[73.888099,34.822993,0.0],[73.888546,34.822997,0.0],[73.888947,34.823185,0.0],[73.889438,34.823227,0.0],[73.889884,34.823304,0.0],[73.890468,34.823162,0.0]]]}},{"type":"Feature","properties":{"rgi_id":"RGI2000-v7.0-G-14-24947","o1region":"14"},"geometry":{"type":"Polygon","coordinates":[[[73.893662,34.827237,0.0],[73.893782,34.82689,0.0],[73.89391,34.826735,0.0],[73.894138,34.826405,0.0],[73.894499,34.826187,0.0],[73.89486,34.825895,0.0],[73.895044,34.825565,0.0],[73.895183,34.82516,0.0],[73.895144,34.824754,0.0],[73.89488,34.82442,0.0],[73.894661,34.824086,0.0],[73.894216,34.823897,0.0],[73.893767,34.824004,0.0],[73.893319,34.824037,0.0],[73.892827,34.824032,0.0],[73.892563,34.823735,0.0],[73.892072,34.823656,0.0],[73.891626,34.823542,0.0],[73.891134,34.823537,0.0],[73.890641,34.823607,0.0],[73.890458,34.823937,0.0],[73.890587,34.824307,0.0],[73.890987,34.824458,0.0],[73.891435,34.824462,0.0],[73.89179,34.824687,0.0],[73.892099,34.824948,0.0],[73.892274,34.825282,0.0],[73.892448,34.825615,0.0],[73.892536,34.825764,0.0],[73.892534,34.825874,0.0],[73.892529,34.826243,0.0],[73.892434,34.826648,0.0],[73.89234,34.827053,0.0],[73.892334,34.827459,0.0],[73.892329,34.827828,0.0],[73.892324,34.828222,0.0],[73.892694,34.828074,0.0],[73.893039,34.827823,0.0],[73.89335,34.827544,0.0],[73.893628,34.827265,0.0],[73.893662,34.827237,0.0]]]}},{"type":"Feature","properties":{"rgi_id":"RGI2000-v7.0-G-14-24948","o1region":"14"},"geometry":{"type":"Polygon","coordinates":[[[73.89819,34.818167,0.0],[73.898144,34.818166,0.0],[73.897666,34.818211,0.0],[73.897127,34.818354,0.0],[73.896707,34.818547,0.0],[73.896227,34.818739,0.0],[73.895984,34.819081,0.0],[73.895682,34.819374,0.0],[73.89538,34.819666,0.0],[73.895434,34.82006,0.0],[73.895788,34.820408,0.0],[73.896022,34.820754,0.0],[73.896315,34.821101,0.0],[73.896507,34.821295,0.0],[73.896561,34.82135,0.0],[73.89661,34.821399,0.0],[73.896693,34.8214,0.0],[73.896929,34.821489,0.0],[73.897337,34.821643,0.0],[73.897792,34.821684,0.0],[73.898248,34.821689,0.0],[73.898704,34.821655,0.0],[73.89916,34.821659,0.0],[73.899615,34.821701,0.0],[73.90007,34.821743,0.0],[73.900431,34.821971,0.0],[73.900793,34.8222,0.0],[73.9012,34.822392,0.0],[73.901656,34.822433,0.0],[73.902111,34.822437,0.0],[73.902479,34.822215,0.0],[73.902484,34.82184,0.0],[73.902716,34.821503,0.0],[73.903084,34.821281,0.0],[73.903637,34.82076,0.0],[73.903638,34.820723,0.0],[73.903643,34.820347,0.0],[73.903965,34.820087,0.0],[73.904288,34.819789,0.0],[73.90443,34.819414,0.0],[73.904435,34.819039,0.0],[73.904394,34.818663,0.0],[73.904308,34.818286,0.0],[73.903993,34.81802,0.0],[73.903585,34.817791,0.0],[73.903489,34.817763,0.0],[73.903399,34.817673,0.0],[73.903046,34.817325,0.0],[73.902692,34.817027,0.0],[73.902277,34.816826,0.0],[73.901862,34.816675,0.0],[73.901387,34.816523,0.0],[73.900971,34.816372,0.0],[73.900494,34.816367,0.0],[73.900074,34.81656,0.0],[73.899894,34.816705,0.0],[73.89959,34.816703,0.0],[73.899134,34.816736,0.0],[73.898857,34.817034,0.0],[73.898715,34.817409,0.0],[73.898664,34.817784,0.0],[73.898342,34.818044,0.0],[73.89819,34.818167,0.0]]]}},{"type":"Feature","properties":{"rgi_id":"RGI2000-v7.0-G-14-24949","o1region":"14"},"geometry":{"type":"Polygon","coordinates":[[[73.88459,34.824067,0.0],[73.884512,34.823624,0.0],[73.884695,34.823294,0.0],[73.885012,34.823002,0.0],[73.885461,34.822858,0.0],[73.885822,34.82264,0.0],[73.886095,34.822347,0.0],[73.886411,34.822092,0.0],[73.886817,34.821874,0.0],[73.887221,34.821731,0.0],[73.887447,34.821369,0.0],[73.887864,34.821218,0.0],[73.88832,34.821222,0.0],[73.888775,34.821227,0.0],[73.889277,34.821194,0.0],[73.889734,34.821123,0.0],[73.890077,34.821069,0.0],[73.890094,34.821056,0.0],[73.890498,34.820912,0.0],[73.890992,34.820769,0.0],[73.891529,34.820737,0.0],[73.891977,34.820704,0.0],[73.892425,34.820671,0.0],[73.892507,34.820654,0.0],[73.892919,34.820565,0.0],[73.893367,34.820495,0.0],[73.893639,34.820203,0.0],[73.893689,34.819834,0.0],[73.89356,34.819427,0.0],[73.893341,34.819093,0.0],[73.892941,34.818868,0.0],[73.892542,34.818606,0.0],[73.892053,34.818381,0.0],[73.891939,34.818309,0.0],[73.891826,34.817985,0.0],[73.891626,34.815954,0.0],[73.891626,34.815916,0.0],[73.891403,34.815576,0.0],[73.891134,34.815273,0.0],[73.890819,34.814969,0.0],[73.890549,34.814666,0.0],[73.890095,34.814549,0.0],[73.889641,34.814433,0.0],[73.889186,34.814391,0.0],[73.888731,34.814387,0.0],[73.888275,34.814382,0.0],[73.887818,34.814453,0.0],[73.887406,34.8146,0.0],[73.887129,34.814898,0.0],[73.886942,34.815235,0.0],[73.88691,34.815319,0.0],[73.886635,34.815417,0.0],[73.886407,34.815747,0.0],[73.886102,34.815883,0.0],[73.886002,34.815927,0.0],[73.885885,34.815916,0.0],[73.885555,34.815886,0.0],[73.885155,34.815698,0.0],[73.88471,34.815546,0.0],[73.884219,34.815431,0.0],[73.883819,34.81528,0.0],[73.883418,34.815129,0.0],[73.883018,34.814978,0.0],[73.882618,34.814753,0.0],[73.882309,34.814491,0.0],[73.881954,34.81423,0.0],[73.881509,34.814041,0.0],[73.881063,34.814,0.0],[73.880481,34.813995,0.0],[73.880033,34.814028,0.0],[73.879585,34.814097,0.0],[73.879046,34.81424,0.0],[73.878975,34.814283,0.0],[73.878661,34.814332,0.0],[73.878543,34.814404,0.0],[73.878418,34.814382,0.0],[73.877928,34.814267,0.0],[73.877437,34.814151,0.0],[73.877254,34.814482,0.0],[73.877069,34.814886,0.0],[73.877021,34.815025,0.0],[73.876644,34.815194,0.0],[73.876395,34.815175,0.0],[73.875858,34.81517,0.0],[73.875411,34.815166,0.0],[73.874874,34.815124,0.0],[73.874382,34.815119,0.0],[73.873935,34.815115,0.0],[73.873441,34.815221,0.0],[73.872993,34.815328,0.0],[73.872499,34.815434,0.0],[73.872094,34.815615,0.0],[73.871891,34.81586,0.0],[73.871485,34.815957,0.0],[73.871148,34.816107,0.0],[73.871147,34.816159,0.0],[73.870963,34.816526,0.0],[73.870558,34.816707,0.0],[73.870517,34.816741,0.0],[73.870242,34.816963,0.0],[73.870192,34.817331,0.0],[73.870456,34.817665,0.0],[73.870675,34.818,0.0],[73.871029,34.818261,0.0],[73.871384,34.818486,0.0],[73.871656,34.818193,0.0],[73.872107,34.817976,0.0],[73.87236,34.817903,0.0],[73.872328,34.818162,0.0],[73.872233,34.81853,0.0],[73.872588,34.818755,0.0],[73.873082,34.818649,0.0],[73.873487,34.818468,0.0],[73.873981,34.818288,0.0],[73.87402,34.818282,0.0],[73.874142,34.818311,0.0],[73.874549,34.818503,0.0],[73.874772,34.818843,0.0],[73.874767,34.819219,0.0],[73.874766,34.819313,0.0],[73.874635,34.819549,0.0],[73.87454,34.819954,0.0],[73.87449,34.820322,0.0],[73.874845,34.820547,0.0],[73.875245,34.820735,0.0],[73.875693,34.820739,0.0],[73.87614,34.820706,0.0],[73.876458,34.820414,0.0],[73.876863,34.820234,0.0],[73.877312,34.82009,0.0],[73.877597,34.820034,0.0],[73.8779,34.820037,0.0],[73.878216,34.820303,0.0],[73.878485,34.820644,0.0],[73.878662,34.821021,0.0],[73.878657,34.821397,0.0],[73.878568,34.821775,0.0],[73.878272,34.82187,0.0],[73.877777,34.82205,0.0],[73.877328,34.82223,0.0],[73.876834,34.822373,0.0],[73.876339,34.822553,0.0],[73.875934,34.822697,0.0],[73.875706,34.823027,0.0],[73.875611,34.823432,0.0],[73.875606,34.823801,0.0],[73.8756,34.824243,0.0],[73.875289,34.824447,0.0],[73.874921,34.824669,0.0],[73.874553,34.824891,0.0],[73.874186,34.825113,0.0],[73.87412,34.825153,0.0],[73.873575,34.825147,0.0],[73.873081,34.82529,0.0],[73.872852,34.82562,0.0],[73.872713,34.825987,0.0],[73.872574,34.826355,0.0],[73.872391,34.826685,0.0],[73.872118,34.827015,0.0],[73.871889,34.827382,0.0],[73.871839,34.82775,0.0],[73.871789,34.828155,0.0],[73.871739,34.828524,0.0],[73.871644,34.828929,0.0],[73.871594,34.829297,0.0],[73.871589,34.829666,0.0],[73.871763,34.830037,0.0],[73.872028,34.830334,0.0],[73.872428,34.830486,0.0],[73.872876,34.83049,0.0],[73.873368,34.830494,0.0],[73.873772,34.83035,0.0],[73.873823,34.829945,0.0],[73.873783,34.829576,0.0],[73.873743,34.829207,0.0],[73.873748,34.828845,0.0],[73.873908,34.828794,0.0],[73.874275,34.828572,0.0],[73.874689,34.828312,0.0],[73.875102,34.828091,0.0],[73.87547,34.827869,0.0],[73.875526,34.827823,0.0],[73.875552,34.827821,0.0],[73.876001,34.827678,0.0],[73.87645,34.827571,0.0],[73.8769,34.827354,0.0],[73.877305,34.82721,0.0],[73.877753,34.827141,0.0],[73.878201,34.827145,0.0],[73.878605,34.827001,0.0],[73.8787,34.826596,0.0],[73.878639,34.826466,0.0],[73.878526,34.826226,0.0],[73.878263,34.825854,0.0],[73.877909,34.825556,0.0],[73.877555,34.825294,0.0],[73.877154,34.825143,0.0],[73.876935,34.824809,0.0],[73.877251,34.824554,0.0],[73.877789,34.824485,0.0],[73.878194,34.824341,0.0],[73.878641,34.824345,0.0],[73.878726,34.824715,0.0],[73.87881,34.825084,0.0],[73.87921,34.825273,0.0],[73.879655,34.825461,0.0],[73.879969,34.825542,0.0],[73.880101,34.825576,0.0],[73.880548,34.825617,0.0],[73.880995,34.825658,0.0],[73.881441,34.825736,0.0],[73.881641,34.825863,0.0],[73.881796,34.82596,0.0],[73.882105,34.826222,0.0],[73.882551,34.826336,0.0],[73.882998,34.826414,0.0],[73.883307,34.826675,0.0],[73.883436,34.827045,0.0],[73.883387,34.827414,0.0],[73.883337,34.827782,0.0],[73.883377,34.828152,0.0],[73.883416,34.828558,0.0],[73.883455,34.829001,0.0],[73.883454,34.829066,0.0],[73.883654,34.829259,0.0],[73.88397,34.829525,0.0],[73.884239,34.829828,0.0],[73.884555,34.830094,0.0],[73.885002,34.830737,0.0],[73.885047,34.830738,0.0],[73.885362,34.831041,0.0],[73.885585,34.831382,0.0],[73.885809,34.831722,0.0],[73.886124,34.831988,0.0],[73.886578,34.832105,0.0],[73.887034,34.832109,0.0],[73.887446,34.831962,0.0],[73.887859,34.831778,0.0],[73.888136,34.83148,0.0],[73.888369,34.831106,0.0],[73.888556,34.83077,0.0],[73.888789,34.830396,0.0],[73.889022,34.830023,0.0],[73.889254,34.829686,0.0],[73.889487,34.82935,0.0],[73.889583,34.828975,0.0],[73.889633,34.8286,0.0],[73.889775,34.828226,0.0],[73.889826,34.82785,0.0],[73.889922,34.827475,0.0],[73.889927,34.8271,0.0],[73.889932,34.826724,0.0],[73.889937,34.826348,0.0],[73.889878,34.826088,0.0],[73.89003,34.825815,0.0],[73.890124,34.825446,0.0],[73.889815,34.825112,0.0],[73.889641,34.824778,0.0],[73.889467,34.824444,0.0],[73.889019,34.82444,0.0],[73.888571,34.824473,0.0],[73.888078,34.824579,0.0],[73.887584,34.824685,0.0],[73.887255,34.824728,0.0],[73.887134,34.824707,0.0],[73.886726,34.824552,0.0],[73.886617,34.824515,0.0],[73.886603,34.824455,0.0],[73.886384,34.824121,0.0],[73.885938,34.824006,0.0],[73.885447,34.823891,0.0],[73.884954,34.82396,0.0],[73.884633,34.824074,0.0],[73.88459,34.824067,0.0]]]}},{"type":"Feature","properties":{"rgi_id":"RGI2000-v7.0-G-14-24950","o1region":"14"},"geometry":{"type":"Polygon","coordinates":[[[73.868334,34.825627,0.0],[73.868344,34.82557,0.0],[73.8684,34.82558,0.0],[73.868902,34.825509,0.0],[73.86918,34.825211,0.0],[73.869002,34.824872,0.0],[73.868952,34.824504,0.0],[73.869308,34.824258,0.0],[73.869074,34.823912,0.0],[73.868658,34.823761,0.0],[73.868184,34.823559,0.0],[73.867768,34.823408,0.0],[73.867291,34.823403,0.0],[73.866928,34.823236,0.0],[73.866706,34.823096,0.0],[73.866338,34.823345,0.0],[73.865976,34.823588,0.0],[73.865673,34.823929,0.0],[73.865402,34.824192,0.0],[73.865371,34.824222,0.0],[73.865545,34.824568,0.0],[73.866022,34.824572,0.0],[73.866085,34.824566,0.0],[73.866362,34.824697,0.0],[73.866677,34.824963,0.0],[73.866987,34.825108,0.0],[73.866969,34.825122,0.0],[73.866825,34.825429,0.0],[73.866489,34.825364,0.0],[73.865953,34.825309,0.0],[73.865477,34.825207,0.0],[73.865057,34.82535,0.0],[73.864874,34.825693,0.0],[73.865108,34.826039,0.0],[73.865523,34.826191,0.0],[73.865807,34.826252,0.0],[73.865837,34.826383,0.0],[73.866015,34.826723,0.0],[73.866184,34.826981,0.0],[73.866168,34.827033,0.0],[73.866042,34.827475,0.0],[73.866217,34.827821,0.0],[73.866632,34.827972,0.0],[73.867169,34.827977,0.0],[73.867707,34.827884,0.0],[73.868127,34.82774,0.0],[73.86837,34.827398,0.0],[73.868244,34.827148,0.0],[73.86829,34.826969,0.0],[73.868295,34.826594,0.0],[73.8683,34.826218,0.0],[73.868161,34.826111,0.0],[73.86821,34.826019,0.0],[73.868334,34.825627,0.0]]]}},{"type":"Feature","properties":{"rgi_id":"RGI2000-v7.0-G-14-24951","o1region":"14"},"geometry":{"type":"Polygon","coordinates":[[[73.863825,34.830235,0.0],[73.86351,34.829931,0.0],[73.863055,34.829889,0.0],[73.862598,34.829923,0.0],[73.862186,34.830107,0.0],[73.862317,34.830484,0.0],[73.862679,34.830713,0.0],[73.862902,34.831053,0.0],[73.86308,34.831393,0.0],[73.863211,34.83177,0.0],[73.863251,34.832146,0.0],[73.863246,34.832522,0.0],[73.863424,34.832862,0.0],[73.863832,34.833053,0.0],[73.864154,34.832793,0.0],[73.864432,34.832458,0.0],[73.864794,34.832686,0.0],[73.865109,34.832952,0.0],[73.865149,34.833329,0.0],[73.865099,34.833704,0.0],[73.864912,34.83404,0.0],[73.864725,34.834377,0.0],[73.864674,34.834752,0.0],[73.864669,34.835128,0.0],[73.864755,34.835505,0.0],[73.864978,34.835845,0.0],[73.865247,34.836148,0.0],[73.865702,34.836227,0.0],[73.86598,34.835929,0.0],[73.866257,34.835631,0.0],[73.866308,34.835256,0.0],[73.866313,34.83488,0.0],[73.86609,34.83454,0.0],[73.865958,34.834163,0.0],[73.865964,34.833787,0.0],[73.866286,34.833527,0.0],[73.866698,34.833381,0.0],[73.867111,34.833197,0.0],[73.867524,34.832975,0.0],[73.867892,34.832753,0.0],[73.867943,34.832378,0.0],[73.867857,34.832001,0.0],[73.867679,34.831661,0.0],[73.867364,34.831395,0.0],[73.867094,34.831092,0.0],[73.866917,34.830752,0.0],[73.866693,34.830412,0.0],[73.866516,34.830034,0.0],[73.866385,34.829657,0.0],[73.865932,34.829465,0.0],[73.865886,34.829465,0.0],[73.865777,34.829414,0.0],[73.865779,34.829243,0.0],[73.865785,34.82885,0.0],[73.86579,34.828456,0.0],[73.865676,34.828062,0.0],[73.865622,34.827667,0.0],[73.865388,34.827321,0.0],[73.865334,34.826927,0.0],[73.865101,34.826531,0.0],[73.864681,34.826675,0.0],[73.864557,34.827067,0.0],[73.864372,34.827459,0.0],[73.86401,34.827751,0.0],[73.863649,34.827993,0.0],[73.863406,34.828335,0.0],[73.863821,34.828536,0.0],[73.864115,34.828834,0.0],[73.864229,34.829229,0.0],[73.864163,34.829671,0.0],[73.86392,34.830013,0.0],[73.86385,34.830233,0.0],[73.863825,34.830235,0.0]]]}},{"type":"Feature","properties":{"rgi_id":"RGI2000-v7.0-G-14-24952","o1region":"14"},"geometry":{"type":"Polygon","coordinates":[[[73.86957,34.833372,0.0],[73.869361,34.833408,0.0],[73.868882,34.833552,0.0],[73.868579,34.833893,0.0],[73.868514,34.834286,0.0],[73.86839,34.834678,0.0],[73.868384,34.835072,0.0],[73.868498,34.835466,0.0],[73.868792,34.835764,0.0],[73.869208,34.835916,0.0],[73.869415,34.83596,0.0],[73.869434,34.836043,0.0],[73.8695,34.836171,0.0],[73.869317,34.836655,0.0],[73.869312,34.837048,0.0],[73.869306,34.837441,0.0],[73.869661,34.837691,0.0],[73.870015,34.83794,0.0],[73.870249,34.838286,0.0],[73.870724,34.838488,0.0],[73.871201,34.838492,0.0],[73.871621,34.838299,0.0],[73.871924,34.838007,0.0],[73.872226,34.837715,0.0],[73.872529,34.837373,0.0],[73.872772,34.837031,0.0],[73.872897,34.836639,0.0],[73.873081,34.836247,0.0],[73.873265,34.835904,0.0],[73.873315,34.835602,0.0],[73.873452,34.835429,0.0],[73.873695,34.835121,0.0],[73.873747,34.835025,0.0],[73.873785,34.834467,0.0],[73.873786,34.834363,0.0],[73.873648,34.834088,0.0],[73.873473,34.833742,0.0],[73.873359,34.833347,0.0],[73.873245,34.832953,0.0],[73.87277,34.83285,0.0],[73.872354,34.832698,0.0],[73.871877,34.832694,0.0],[73.871161,34.832687,0.0],[73.870788,34.832684,0.0],[73.870755,34.83271,0.0],[73.870341,34.833007,0.0],[73.869928,34.833229,0.0],[73.86957,34.833372,0.0]]]}},{"type":"Feature","properties":{"rgi_id":"RGI2000-v7.0-G-14-24953","o1region":"14"},"geometry":{"type":"Polygon","coordinates":[[[73.863114,34.83967,0.0],[73.863006,34.840035,0.0],[73.863001,34.840402,0.0],[73.863374,34.840659,0.0],[73.863818,34.840663,0.0],[73.864262,34.840667,0.0],[73.864743,34.840531,0.0],[73.865088,34.840308,0.0],[73.865263,34.839972,0.0],[73.865439,34.839607,0.0],[73.865717,34.839328,0.0],[73.866163,34.839191,0.0],[73.866608,34.839111,0.0],[73.866925,34.838465,0.0],[73.866891,34.838465,0.0],[73.866896,34.838099,0.0],[73.866901,34.837732,0.0],[73.866872,34.837366,0.0],[73.866774,34.836998,0.0],[73.866401,34.836798,0.0],[73.865957,34.836765,0.0],[73.865512,34.836789,0.0],[73.8651,34.836926,0.0],[73.864721,34.83712,0.0],[73.864343,34.837314,0.0],[73.86393,34.837479,0.0],[73.863518,34.837644,0.0],[73.863173,34.837867,0.0],[73.863201,34.838224,0.0],[73.862911,34.838316,0.0],[73.862489,34.838608,0.0],[73.862723,34.838954,0.0],[73.862897,34.8393,0.0],[73.863155,34.839605,0.0],[73.863114,34.83967,0.0]]]}},{"type":"Feature","properties":{"rgi_id":"RGI2000-v7.0-G-14-24954","o1region":"14"},"geometry":{"type":"Polygon","coordinates":[[[73.861402,34.839338,0.0],[73.860666,34.83942,0.0],[73.860256,34.839551,0.0],[73.85998,34.83984,0.0],[73.859921,34.840199,0.0],[73.859888,34.84058,0.0],[73.859829,34.840938,0.0],[73.859742,34.841296,0.0],[73.859628,34.841676,0.0],[73.859568,34.84208,0.0],[73.859836,34.842374,0.0],[73.86027,34.842445,0.0],[73.860733,34.842449,0.0],[73.861196,34.842431,0.0],[73.861632,34.842368,0.0],[73.862069,34.84226,0.0],[73.862426,34.841994,0.0],[73.862648,34.841682,0.0],[73.862707,34.841324,0.0],[73.862685,34.840942,0.0],[73.862554,34.840582,0.0],[73.862369,34.840244,0.0],[73.862073,34.83995,0.0],[73.861723,34.8397,0.0],[73.861401,34.839382,0.0],[73.861402,34.839338,0.0]]]}},{"type":"Feature","properties":{"rgi_id":"RGI2000-v7.0-G-14-24955","o1region":"14"},"geometry":{"type":"Polygon","coordinates":[[[73.859494,34.837615,0.0],[73.859853,34.837214,0.0],[73.859804,34.836833,0.0],[73.859645,34.836472,0.0],[73.859487,34.836134,0.0],[73.859328,34.835796,0.0],[73.859279,34.835437,0.0],[73.859175,34.835077,0.0],[73.858989,34.834739,0.0],[73.858694,34.834444,0.0],[73.85826,34.834373,0.0],[73.857797,34.834391,0.0],[73.857413,34.834612,0.0],[73.857326,34.83497,0.0],[73.857294,34.835351,0.0],[73.857234,34.835754,0.0],[73.857228,34.836158,0.0],[73.857305,34.83654,0.0],[73.85749,34.836901,0.0],[73.857786,34.837173,0.0],[73.858164,34.837356,0.0],[73.858598,34.837449,0.0],[73.859032,34.837521,0.0],[73.859466,34.837615,0.0],[73.859494,34.837615,0.0]]]}},{"type":"Feature","properties":{"rgi_id":"RGI2000-v7.0-G-14-24956","o1region":"14"},"geometry":{"type":"Polygon","coordinates":[[[73.866287,34.84441,0.0],[73.86651,34.844489,0.0],[73.866509,34.844585,0.0],[73.866563,34.844979,0.0],[73.866617,34.845422,0.0],[73.867032,34.845574,0.0],[73.86751,34.845529,0.0],[73.867871,34.845286,0.0],[73.868115,34.844944,0.0],[73.868358,34.844602,0.0],[73.868542,34.84426,0.0],[73.868785,34.843917,0.0],[73.868844,34.843824,0.0],[73.869134,34.843675,0.0],[73.869344,34.843339,0.0],[73.869756,34.843202,0.0],[73.870164,34.843347,0.0],[73.870262,34.843714,0.0],[73.870497,34.844026,0.0],[73.870942,34.843974,0.0],[73.871387,34.843922,0.0],[73.871832,34.843869,0.0],[73.872279,34.843733,0.0],[73.872723,34.843737,0.0],[73.873202,34.843713,0.0],[73.87334,34.843714,0.0],[73.873265,34.843566,0.0],[73.87327,34.843172,0.0],[73.872855,34.842971,0.0],[73.872319,34.842917,0.0],[73.871842,34.842913,0.0],[73.871426,34.842761,0.0],[73.871011,34.84261,0.0],[73.870863,34.842521,0.0],[73.870596,34.84236,0.0],[73.870362,34.842014,0.0],[73.870008,34.841764,0.0],[73.869653,34.841515,0.0],[73.869238,34.841315,0.0],[73.868823,34.841163,0.0],[73.868346,34.841159,0.0],[73.867867,34.841253,0.0],[73.867447,34.841446,0.0],[73.867147,34.841735,0.0],[73.866904,34.841794,0.0],[73.866525,34.841988,0.0],[73.866112,34.842181,0.0],[73.865699,34.842375,0.0],[73.865286,34.842568,0.0],[73.865043,34.842876,0.0],[73.865106,34.843243,0.0],[73.865444,34.843556,0.0],[73.865713,34.843841,0.0],[73.865983,34.844125,0.0],[73.866287,34.84441,0.0]]]}},{"type":"Feature","properties":{"rgi_id":"RGI2000-v7.0-G-14-24957","o1region":"14"},"geometry":{"type":"Polygon","coordinates":[[[73.862506,34.845896,0.0],[73.862161,34.846119,0.0],[73.861816,34.846341,0.0],[73.861335,34.846477,0.0],[73.860956,34.846699,0.0],[73.860849,34.847065,0.0],[73.860775,34.84743,0.0],[73.86101,34.847771,0.0],[73.861383,34.847971,0.0],[73.861791,34.848116,0.0],[73.862235,34.848177,0.0],[73.862713,34.848238,0.0],[73.863121,34.848411,0.0],[73.863563,34.848556,0.0],[73.864007,34.848616,0.0],[73.86445,34.848677,0.0],[73.864894,34.848765,0.0],[73.865232,34.848994,0.0],[73.865571,34.849223,0.0],[73.866014,34.849339,0.0],[73.86646,34.849259,0.0],[73.866669,34.848923,0.0],[73.866688,34.848886,0.0],[73.866689,34.848866,0.0],[73.866754,34.848473,0.0],[73.866819,34.84808,0.0],[73.866895,34.847938,0.0],[73.866683,34.847936,0.0],[73.866403,34.847934,0.0],[73.866404,34.84788,0.0],[73.866409,34.847486,0.0],[73.866415,34.847093,0.0],[73.866362,34.846974,0.0],[73.866372,34.84695,0.0],[73.866478,34.846847,0.0],[73.866955,34.846852,0.0],[73.867432,34.846856,0.0],[73.867852,34.846713,0.0],[73.867977,34.84632,0.0],[73.867501,34.846217,0.0],[73.866902,34.846359,0.0],[73.866494,34.84643,0.0],[73.866499,34.846385,0.0],[73.866396,34.846412,0.0],[73.865951,34.846464,0.0],[73.865507,34.846432,0.0],[73.865064,34.846343,0.0],[73.864914,34.846262,0.0],[73.864998,34.845997,0.0],[73.865003,34.845604,0.0],[73.864949,34.84521,0.0],[73.864472,34.845205,0.0],[73.863935,34.8452,0.0],[73.863457,34.845196,0.0],[73.863037,34.845389,0.0],[73.862735,34.845681,0.0],[73.862708,34.84586,0.0],[73.862506,34.845896,0.0]]]}},{"type":"Feature","properties":{"rgi_id":"RGI2000-v7.0-G-14-24958","o1region":"14"},"geometry":{"type":"Polygon","coordinates":[[[73.869961,34.849536,0.0],[73.869902,34.849536,0.0],[73.869788,34.849141,0.0],[73.869793,34.848748,0.0],[73.869798,34.848354,0.0],[73.869982,34.848011,0.0],[73.870166,34.847669,0.0],[73.869932,34.847322,0.0],[73.869453,34.847416,0.0],[73.868974,34.847559,0.0],[73.868554,34.847752,0.0],[73.868133,34.847945,0.0],[73.867655,34.848039,0.0],[73.867234,34.848232,0.0],[73.867229,34.848625,0.0],[73.867223,34.849068,0.0],[73.867218,34.849461,0.0],[73.867391,34.849857,0.0],[73.867867,34.849959,0.0],[73.868403,34.850014,0.0],[73.868881,34.850018,0.0],[73.869961,34.849536,0.0]]]}},{"type":"Feature","properties":{"rgi_id":"RGI2000-v7.0-G-14-24959","o1region":"14"},"geometry":{"type":"Polygon","coordinates":[[[73.860681,34.849318,0.0],[73.860202,34.849341,0.0],[73.859823,34.849563,0.0],[73.85941,34.849729,0.0],[73.85893,34.849809,0.0],[73.858518,34.849946,0.0],[73.85824,34.850253,0.0],[73.858133,34.850619,0.0],[73.858264,34.851014,0.0],[73.858534,34.851299,0.0],[73.858872,34.851527,0.0],[73.859211,34.851756,0.0],[73.859619,34.851957,0.0],[73.860062,34.852074,0.0],[73.860504,34.852191,0.0],[73.86071,34.852193,0.0],[73.861152,34.85231,0.0],[73.861595,34.852455,0.0],[73.861864,34.852767,0.0],[73.861962,34.853135,0.0],[73.862025,34.85353,0.0],[73.862112,34.853709,0.0],[73.862295,34.853786,0.0],[73.862668,34.853987,0.0],[73.863076,34.85416,0.0],[73.863483,34.854361,0.0],[73.863891,34.854534,0.0],[73.864065,34.854595,0.0],[73.864642,34.854553,0.0],[73.865119,34.854558,0.0],[73.865715,34.854563,0.0],[73.866372,34.854569,0.0],[73.86685,34.854525,0.0],[73.867221,34.854528,0.0],[73.86738,34.854425,0.0],[73.867726,34.854175,0.0],[73.868105,34.853953,0.0],[73.868483,34.853759,0.0],[73.868896,34.853594,0.0],[73.869342,34.853457,0.0],[73.869411,34.853458,0.0],[73.869553,34.853036,0.0],[73.86918,34.852836,0.0],[73.868807,34.852607,0.0],[73.868364,34.85249,0.0],[73.867921,34.852401,0.0],[73.867582,34.852172,0.0],[73.867312,34.851888,0.0],[73.867237,34.851801,0.0],[73.867308,34.851577,0.0],[73.867492,34.851235,0.0],[73.867437,34.850841,0.0],[73.867023,34.850591,0.0],[73.866486,34.850586,0.0],[73.865949,34.850581,0.0],[73.865472,34.850576,0.0],[73.865057,34.850376,0.0],[73.864642,34.850175,0.0],[73.864166,34.850072,0.0],[73.86375,34.849921,0.0],[73.863396,34.849672,0.0],[73.863041,34.849422,0.0],[73.862565,34.849369,0.0],[73.862088,34.849315,0.0],[73.861611,34.849311,0.0],[73.861074,34.849306,0.0],[73.860912,34.849361,0.0],[73.860681,34.849318,0.0]]]}},{"type":"Feature","properties":{"rgi_id":"RGI2000-v7.0-G-14-24960","o1region":"14"},"geometry":{"type":"Polygon","coordinates":[[[73.859861,34.859414,0.0],[73.860245,34.859631,0.0],[73.860695,34.859741,0.0],[73.861144,34.859958,0.0],[73.861594,34.860069,0.0],[73.862107,34.860286,0.0],[73.862556,34.86045,0.0],[73.863006,34.860614,0.0],[73.863455,34.860777,0.0],[73.863839,34.860994,0.0],[73.864222,34.861263,0.0],[73.86454,34.861585,0.0],[73.864794,34.861907,0.0],[73.865243,34.86207,0.0],[73.865506,34.861754,0.0],[73.86564,34.861383,0.0],[73.865709,34.861011,0.0],[73.865908,34.860641,0.0],[73.866107,34.86027,0.0],[73.866176,34.859899,0.0],[73.866246,34.859527,0.0],[73.866251,34.859155,0.0],[73.866256,34.858783,0.0],[73.866261,34.858411,0.0],[73.866008,34.858089,0.0],[73.865754,34.857768,0.0],[73.865436,34.857446,0.0],[73.865117,34.857177,0.0],[73.864733,34.856961,0.0],[73.86435,34.856638,0.0],[73.863967,34.856369,0.0],[73.863583,34.856153,0.0],[73.8632,34.855883,0.0],[73.862816,34.855614,0.0],[73.862433,34.855344,0.0],[73.862114,34.855075,0.0],[73.86148,34.854325,0.0],[73.861161,34.854003,0.0],[73.860648,34.853786,0.0],[73.8602,34.853569,0.0],[73.859751,34.853405,0.0],[73.859299,34.853401,0.0],[73.85898,34.853132,0.0],[73.858921,34.852759,0.0],[73.858278,34.852594,0.0],[73.858214,34.852593,0.0],[73.857762,34.852589,0.0],[73.857311,34.852584,0.0],[73.856859,34.85258,0.0],[73.856342,34.852682,0.0],[73.855825,34.852783,0.0],[73.855371,34.852938,0.0],[73.854917,34.853094,0.0],[73.854527,34.853303,0.0],[73.854329,34.853673,0.0],[73.854258,34.854098,0.0],[73.854253,34.85447,0.0],[73.854441,34.854844,0.0],[73.85463,34.855218,0.0],[73.855013,34.855487,0.0],[73.855462,34.855651,0.0],[73.856041,34.855816,0.0],[73.856491,34.855873,0.0],[73.856942,34.855931,0.0],[73.857261,34.8562,0.0],[73.85732,34.856572,0.0],[73.857444,34.856946,0.0],[73.857632,34.85732,0.0],[73.857886,34.857641,0.0],[73.858204,34.857963,0.0],[73.858522,34.858285,0.0],[73.858905,34.858608,0.0],[73.859224,34.858877,0.0],[73.859477,34.859198,0.0],[73.859861,34.859414,0.0]]]}},{"type":"Feature","properties":{"rgi_id":"RGI2000-v7.0-G-14-24961","o1region":"14"},"geometry":{"type":"Polygon","coordinates":[[[73.867539,34.861047,0.0],[73.868059,34.86085,0.0],[73.868937,34.86032,0.0],[73.869267,34.860076,0.0],[73.869408,34.859718,0.0],[73.869331,34.859359,0.0],[73.868981,34.859109,0.0],[73.868685,34.858837,0.0],[73.86839,34.858565,0.0],[73.868012,34.85836,0.0],[73.867549,34.858355,0.0],[73.867166,34.858531,0.0],[73.867079,34.858889,0.0],[73.867128,34.859271,0.0],[73.867178,34.85963,0.0],[73.867118,34.859989,0.0],[73.866923,34.860323,0.0],[73.866891,34.860727,0.0],[73.867049,34.861065,0.0],[73.867539,34.861047,0.0]]]}},{"type":"Feature","properties":{"rgi_id":"RGI2000-v7.0-G-14-24962","o1region":"14"},"geometry":{"type":"Polygon","coordinates":[[[73.873557,34.864804,0.0],[73.873557,34.864782,0.0],[73.873289,34.864465,0.0],[73.873049,34.864149,0.0],[73.872699,34.863877,0.0],[73.872348,34.863627,0.0],[73.871971,34.863354,0.0],[73.871593,34.863126,0.0],[73.871215,34.862943,0.0],[73.870808,34.862805,0.0],[73.870403,34.862621,0.0],[73.869886,34.862594,0.0],[73.869449,34.862725,0.0],[73.869146,34.862991,0.0],[73.869086,34.863372,0.0],[73.869272,34.86371,0.0],[73.86943,34.864048,0.0],[73.869753,34.864343,0.0],[73.870104,34.86457,0.0],[73.870454,34.864798,0.0],[73.870887,34.865004,0.0],[73.871293,34.865142,0.0],[73.871754,34.865259,0.0],[73.872299,34.865264,0.0],[73.872789,34.865268,0.0],[73.873251,34.865295,0.0],[73.873741,34.865299,0.0],[73.873557,34.864804,0.0]]]}},{"type":"Feature","properties":{"rgi_id":"RGI2000-v7.0-G-14-24963","o1region":"14"},"geometry":{"type":"Polygon","coordinates":[[[73.857903,34.867675,0.0],[73.857493,34.867805,0.0],[73.857083,34.867953,0.0],[73.856673,34.8681,0.0],[73.856242,34.868265,0.0],[73.855832,34.868412,0.0],[73.855421,34.868543,0.0],[73.855091,34.868809,0.0],[73.854943,34.869161,0.0],[73.855061,34.869532,0.0],[73.855425,34.869737,0.0],[73.855831,34.869909,0.0],[73.856237,34.870065,0.0],[73.856685,34.870153,0.0],[73.857195,34.870191,0.0],[73.857664,34.870213,0.0],[73.858054,34.870048,0.0],[73.858465,34.869867,0.0],[73.858836,34.869652,0.0],[73.859186,34.869419,0.0],[73.859616,34.869323,0.0],[73.859922,34.869325,0.0],[73.860182,34.869681,0.0],[73.860423,34.87002,0.0],[73.86052,34.870374,0.0],[73.860637,34.870728,0.0],[73.860735,34.871083,0.0],[73.860832,34.871437,0.0],[73.860888,34.871824,0.0],[73.861273,34.872013,0.0],[73.861564,34.871662,0.0],[73.861752,34.871311,0.0],[73.8619,34.870959,0.0],[73.862109,34.870608,0.0],[73.862419,34.870341,0.0],[73.862869,34.870245,0.0],[73.863279,34.870097,0.0],[73.863529,34.869797,0.0],[73.863432,34.869426,0.0],[73.863129,34.869137,0.0],[73.862848,34.868848,0.0],[73.862504,34.868609,0.0],[73.86214,34.86837,0.0],[73.861776,34.868098,0.0],[73.861474,34.867809,0.0],[73.861151,34.86752,0.0],[73.860745,34.867365,0.0],[73.860296,34.867344,0.0],[73.859766,34.867339,0.0],[73.859254,34.867401,0.0],[73.858763,34.867481,0.0],[73.858333,34.867594,0.0],[73.857903,34.867675,0.0]]]}},{"type":"Feature","properties":{"rgi_id":"RGI2000-v7.0-G-14-24964","o1region":"14"},"geometry":{"type":"Polygon","coordinates":[[[73.853917,34.863465,0.0],[73.853409,34.863493,0.0],[73.85296,34.863557,0.0],[73.85253,34.863653,0.0],[73.852139,34.863818,0.0],[73.851849,34.864118,0.0],[73.85158,34.864418,0.0],[73.85131,34.864735,0.0],[73.851101,34.86507,0.0],[73.851096,34.86544,0.0],[73.851234,34.865795,0.0],[73.851516,34.866083,0.0],[73.851901,34.866255,0.0],[73.85235,34.86631,0.0],[73.85278,34.866196,0.0],[73.853151,34.865964,0.0],[73.853339,34.865629,0.0],[73.853242,34.865275,0.0],[73.853083,34.864937,0.0],[73.853332,34.864637,0.0],[73.853722,34.864472,0.0],[73.853917,34.863465,0.0]]]}},{"type":"Feature","properties":{"rgi_id":"RGI2000-v7.0-G-14-24965","o1region":"14"},"geometry":{"type":"Polygon","coordinates":[[[73.844915,34.881604,0.0],[73.845065,34.881246,0.0],[73.845251,34.880919,0.0],[73.845438,34.880562,0.0],[73.845732,34.880265,0.0],[73.84617,34.88012,0.0],[73.846572,34.879944,0.0],[73.846938,34.879739,0.0],[73.847232,34.879412,0.0],[73.847419,34.879055,0.0],[73.847461,34.878667,0.0],[73.847575,34.878309,0.0],[73.847869,34.877983,0.0],[73.8482,34.877717,0.0],[73.848566,34.877451,0.0],[73.848968,34.877275,0.0],[73.849405,34.87719,0.0],[73.849877,34.877164,0.0],[73.850311,34.877258,0.0],[73.850707,34.877471,0.0],[73.851067,34.877684,0.0],[73.851427,34.877897,0.0],[73.851714,34.878199,0.0],[73.851636,34.878557,0.0],[73.851414,34.878884,0.0],[73.851155,34.87918,0.0],[73.851186,34.879569,0.0],[73.851363,34.8799,0.0],[73.851613,34.880202,0.0],[73.851863,34.880503,0.0],[73.852113,34.880804,0.0],[73.852326,34.881135,0.0],[73.852648,34.881468,0.0],[73.852898,34.881769,0.0],[73.853258,34.882012,0.0],[73.853618,34.882224,0.0],[73.854014,34.882437,0.0],[73.854521,34.882472,0.0],[73.854994,34.882447,0.0],[73.855466,34.882421,0.0],[73.855903,34.882336,0.0],[73.856161,34.882039,0.0],[73.856166,34.88165,0.0],[73.856136,34.881231,0.0],[73.85585,34.880929,0.0],[73.855527,34.880627,0.0],[73.855132,34.880354,0.0],[73.854737,34.880052,0.0],[73.854487,34.87975,0.0],[73.854237,34.879449,0.0],[73.854024,34.879088,0.0],[73.853811,34.878757,0.0],[73.853561,34.878425,0.0],[73.853312,34.878124,0.0],[73.853063,34.877733,0.0],[73.85285,34.877402,0.0],[73.852673,34.877071,0.0],[73.85246,34.87674,0.0],[73.852137,34.876468,0.0],[73.85174,34.876315,0.0],[73.851636,34.875955,0.0],[73.851641,34.875566,0.0],[73.851827,34.875239,0.0],[73.852014,34.874881,0.0],[73.851983,34.874492,0.0],[73.851988,34.874104,0.0],[73.851994,34.873715,0.0],[73.851999,34.873326,0.0],[73.851931,34.872966,0.0],[73.851937,34.872578,0.0],[73.852159,34.872251,0.0],[73.852595,34.872195,0.0],[73.853029,34.872319,0.0],[73.853426,34.872502,0.0],[73.853786,34.872715,0.0],[73.854145,34.873017,0.0],[73.854467,34.873289,0.0],[73.854901,34.873443,0.0],[73.855335,34.873537,0.0],[73.855806,34.873571,0.0],[73.856137,34.873305,0.0],[73.856431,34.872979,0.0],[73.85669,34.872682,0.0],[73.856695,34.872294,0.0],[73.856664,34.871904,0.0],[73.856487,34.871574,0.0],[73.856164,34.871302,0.0],[73.855768,34.871118,0.0],[73.855298,34.870964,0.0],[73.854863,34.8709,0.0],[73.85443,34.870777,0.0],[73.854107,34.870475,0.0],[73.853822,34.870143,0.0],[73.853462,34.86993,0.0],[73.853066,34.869687,0.0],[73.852669,34.869504,0.0],[73.852492,34.869173,0.0],[73.852498,34.868784,0.0],[73.852503,34.868366,0.0],[73.852509,34.867977,0.0],[73.852405,34.867587,0.0],[73.852046,34.867374,0.0],[73.851649,34.867161,0.0],[73.851289,34.866949,0.0],[73.850782,34.866914,0.0],[73.850381,34.86706,0.0],[73.850158,34.867387,0.0],[73.849972,34.867714,0.0],[73.849822,34.868071,0.0],[73.849816,34.86849,0.0],[73.849847,34.868879,0.0],[73.849842,34.869268,0.0],[73.849728,34.869626,0.0],[73.849294,34.869502,0.0],[73.848934,34.869289,0.0],[73.848612,34.868987,0.0],[73.848362,34.868686,0.0],[73.848003,34.868413,0.0],[73.847643,34.86817,0.0],[73.847321,34.867898,0.0],[73.847071,34.867597,0.0],[73.846967,34.867237,0.0],[73.847117,34.866879,0.0],[73.847267,34.866522,0.0],[73.847633,34.866286,0.0],[73.848106,34.866231,0.0],[73.848184,34.865872,0.0],[73.848116,34.865513,0.0],[73.848085,34.865124,0.0],[73.847835,34.864822,0.0],[73.847476,34.86458,0.0],[73.847041,34.864516,0.0],[73.846534,34.864481,0.0],[73.846062,34.864506,0.0],[73.845589,34.864562,0.0],[73.84508,34.864647,0.0],[73.84457,34.864761,0.0],[73.844097,34.864847,0.0],[73.843661,34.864932,0.0],[73.843259,34.865078,0.0],[73.842929,34.865344,0.0],[73.842563,34.86555,0.0],[73.842162,34.865725,0.0],[73.841725,34.865811,0.0],[73.841181,34.865806,0.0],[73.840747,34.865712,0.0],[73.840313,34.865588,0.0],[73.839842,34.865524,0.0],[73.839441,34.86567,0.0],[73.839004,34.865755,0.0],[73.838568,34.865811,0.0],[73.838096,34.865806,0.0],[73.83773,34.866012,0.0],[73.8374,34.866278,0.0],[73.836998,34.866454,0.0],[73.836633,34.86666,0.0],[73.836265,34.866985,0.0],[73.835899,34.867191,0.0],[73.835605,34.867487,0.0],[73.835347,34.867784,0.0],[73.835269,34.868142,0.0],[73.835191,34.8685,0.0],[73.835222,34.868889,0.0],[73.835253,34.869278,0.0],[73.835725,34.869283,0.0],[73.836091,34.869047,0.0],[73.836526,34.869111,0.0],[73.836375,34.869469,0.0],[73.836225,34.869826,0.0],[73.836003,34.870153,0.0],[73.835853,34.870511,0.0],[73.835847,34.870899,0.0],[73.835915,34.871259,0.0],[73.836055,34.871619,0.0],[73.836304,34.871951,0.0],[73.83659,34.872252,0.0],[73.836803,34.872583,0.0],[73.837016,34.872914,0.0],[73.837302,34.873216,0.0],[73.837662,34.873489,0.0],[73.837984,34.873761,0.0],[73.838344,34.874004,0.0],[73.83874,34.874187,0.0],[73.839175,34.874251,0.0],[73.839211,34.874251,0.0],[73.839754,34.874406,0.0],[73.839748,34.874795,0.0],[73.839743,34.875184,0.0],[73.839737,34.875572,0.0],[73.839877,34.875933,0.0],[73.8402,34.876205,0.0],[73.840486,34.876507,0.0],[73.840846,34.876749,0.0],[73.841242,34.876963,0.0],[73.841237,34.877351,0.0],[73.841231,34.87774,0.0],[73.841335,34.8781,0.0],[73.841512,34.878431,0.0],[73.841762,34.878732,0.0],[73.842158,34.878915,0.0],[73.84263,34.87892,0.0],[73.84299,34.879163,0.0],[73.843166,34.879493,0.0],[73.843489,34.879766,0.0],[73.843849,34.880008,0.0],[73.843771,34.880366,0.0],[73.843477,34.880663,0.0],[73.84311,34.880899,0.0],[73.842888,34.881225,0.0],[73.842883,34.881614,0.0],[73.842986,34.881974,0.0],[73.843383,34.882157,0.0],[73.843855,34.882162,0.0],[73.844327,34.882136,0.0],[73.844693,34.881931,0.0],[73.844915,34.881604,0.0]],[[73.844036,34.871785,0.0],[73.843529,34.87172,0.0],[73.843199,34.871986,0.0],[73.842726,34.872042,0.0],[73.842659,34.871652,0.0],[73.84266,34.871622,0.0],[73.842558,34.871143,0.0],[73.842888,34.870877,0.0],[73.843325,34.870731,0.0],[73.843833,34.870766,0.0],[73.84423,34.870949,0.0],[73.844479,34.871251,0.0],[73.844766,34.871553,0.0],[73.845015,34.871854,0.0],[73.845265,34.872156,0.0],[73.845587,34.872488,0.0],[73.845873,34.872789,0.0],[73.84605,34.87315,0.0],[73.846044,34.873539,0.0],[73.845678,34.873745,0.0],[73.845277,34.87392,0.0],[73.844838,34.874126,0.0],[73.844435,34.874421,0.0],[73.844104,34.874717,0.0],[73.843738,34.874923,0.0],[73.843489,34.874591,0.0],[73.843203,34.874289,0.0],[73.84299,34.873958,0.0],[73.843104,34.873601,0.0],[73.843506,34.873365,0.0],[73.843764,34.873069,0.0],[73.84413,34.872863,0.0],[73.844532,34.872687,0.0],[73.844718,34.87236,0.0],[73.844432,34.872058,0.0],[73.844036,34.871785,0.0]]]}},{"type":"Feature","properties":{"rgi_id":"RGI2000-v7.0-G-14-24966","o1region":"14"},"geometry":{"type":"Polygon","coordinates":[[[73.825284,34.874542,0.0],[73.825374,34.874565,0.0],[73.825281,34.87475,0.0],[73.825108,34.875094,0.0],[73.824935,34.875438,0.0],[73.824804,34.875817,0.0],[73.824631,34.876162,0.0],[73.824459,34.876506,0.0],[73.824202,34.876815,0.0],[73.82403,34.877159,0.0],[73.823732,34.877433,0.0],[73.823517,34.877776,0.0],[73.823596,34.878158,0.0],[73.82397,34.878369,0.0],[73.824474,34.878374,0.0],[73.824772,34.8781,0.0],[73.824986,34.877756,0.0],[73.825076,34.877342,0.0],[73.825082,34.876961,0.0],[73.825129,34.876581,0.0],[73.825134,34.876201,0.0],[73.825224,34.875787,0.0],[73.825397,34.875443,0.0],[73.825695,34.875169,0.0],[73.825867,34.874825,0.0],[73.825872,34.874474,0.0],[73.826,34.874342,0.0],[73.826257,34.873964,0.0],[73.826514,34.87362,0.0],[73.826729,34.873242,0.0],[73.826986,34.872899,0.0],[73.827451,34.872626,0.0],[73.827735,34.872482,0.0],[73.828025,34.872726,0.0],[73.827929,34.873101,0.0],[73.827651,34.873399,0.0],[73.827418,34.873735,0.0],[73.827322,34.87411,0.0],[73.82732,34.874196,0.0],[73.827552,34.874391,0.0],[73.828014,34.874396,0.0],[73.828271,34.874052,0.0],[73.828692,34.873953,0.0],[73.828686,34.874368,0.0],[73.828806,34.874749,0.0],[73.828969,34.875097,0.0],[73.829132,34.875444,0.0],[73.829295,34.875792,0.0],[73.829584,34.87614,0.0],[73.829831,34.876454,0.0],[73.830036,34.876802,0.0],[73.83005,34.876844,0.0],[73.830474,34.876884,0.0],[73.83085,34.877025,0.0],[73.830914,34.877087,0.0],[73.831203,34.877366,0.0],[73.83145,34.877715,0.0],[73.831445,34.878095,0.0],[73.831439,34.878475,0.0],[73.83156,34.878822,0.0],[73.831765,34.87917,0.0],[73.832098,34.879416,0.0],[73.832515,34.879593,0.0],[73.832933,34.879735,0.0],[73.833435,34.879809,0.0],[73.833852,34.879986,0.0],[73.834227,34.880197,0.0],[73.834686,34.880409,0.0],[73.834983,34.880135,0.0],[73.835073,34.879755,0.0],[73.835077,34.879432,0.0],[73.835224,34.879597,0.0],[73.83527,34.879625,0.0],[73.835205,34.879307,0.0],[73.835126,34.878926,0.0],[73.835005,34.878579,0.0],[73.834758,34.878265,0.0],[73.834595,34.877918,0.0],[73.834474,34.877571,0.0],[73.834311,34.877223,0.0],[73.834064,34.87691,0.0],[73.833774,34.87663,0.0],[73.8334,34.876384,0.0],[73.833195,34.876037,0.0],[73.833032,34.875689,0.0],[73.832784,34.875376,0.0],[73.832706,34.874994,0.0],[73.832753,34.874614,0.0],[73.8328,34.874234,0.0],[73.832823,34.874132,0.0],[73.832425,34.874058,0.0],[73.832009,34.873812,0.0],[73.831677,34.873566,0.0],[73.83143,34.873218,0.0],[73.831267,34.872871,0.0],[73.831062,34.872523,0.0],[73.83073,34.872278,0.0],[73.830313,34.872101,0.0],[73.830065,34.871787,0.0],[73.829902,34.87144,0.0],[73.829655,34.871126,0.0],[73.829323,34.870846,0.0],[73.828906,34.870669,0.0],[73.828953,34.870295,0.0],[73.828912,34.870289,0.0],[73.828537,34.870078,0.0],[73.828034,34.870038,0.0],[73.827573,34.869964,0.0],[73.827156,34.869822,0.0],[73.826738,34.869645,0.0],[73.826235,34.86964,0.0],[73.825773,34.86967,0.0],[73.825483,34.869391,0.0],[73.825278,34.869043,0.0],[73.824857,34.869143,0.0],[73.824476,34.869381,0.0],[73.824219,34.869725,0.0],[73.823796,34.869997,0.0],[73.823657,34.870164,0.0],[73.823684,34.870167,0.0],[73.824092,34.870321,0.0],[73.824316,34.870661,0.0],[73.824447,34.871038,0.0],[73.824527,34.871267,0.0],[73.824908,34.871461,0.0],[73.825326,34.871603,0.0],[73.825615,34.871952,0.0],[73.825777,34.872299,0.0],[73.825814,34.87268,0.0],[73.82581,34.872715,0.0],[73.825767,34.87306,0.0],[73.825677,34.873439,0.0],[73.825463,34.873783,0.0],[73.82529,34.874127,0.0],[73.825284,34.874542,0.0]]]}},{"type":"Feature","properties":{"rgi_id":"RGI2000-v7.0-G-14-24967","o1region":"14"},"geometry":{"type":"Polygon","coordinates":[[[73.814905,34.871923,0.0],[73.814492,34.872069,0.0],[73.814079,34.87229,0.0],[73.813711,34.872512,0.0],[73.81366,34.872888,0.0],[73.813791,34.873265,0.0],[73.81406,34.873568,0.0],[73.814329,34.873871,0.0],[73.814691,34.8741,0.0],[73.815099,34.874292,0.0],[73.815507,34.874446,0.0],[73.815914,34.874585,0.0],[73.816345,34.874525,0.0],[73.816393,34.87411,0.0],[73.816524,34.873766,0.0],[73.816985,34.87377,0.0],[73.81736,34.873981,0.0],[73.817564,34.874364,0.0],[73.817727,34.874711,0.0],[73.818017,34.874991,0.0],[73.81804,34.87502,0.0],[73.818234,34.875037,0.0],[73.818736,34.875041,0.0],[73.819191,34.875121,0.0],[73.819236,34.875121,0.0],[73.819421,34.874973,0.0],[73.819381,34.874597,0.0],[73.819338,34.874408,0.0],[73.819413,34.874209,0.0],[73.819461,34.873829,0.0],[73.819298,34.873481,0.0],[73.819177,34.873134,0.0],[73.819014,34.872787,0.0],[73.818893,34.87244,0.0],[73.818772,34.872093,0.0],[73.818651,34.871746,0.0],[73.818319,34.8715,0.0],[73.817901,34.871358,0.0],[73.817744,34.871318,0.0],[73.817693,34.871252,0.0],[73.817361,34.870972,0.0],[73.8169,34.870933,0.0],[73.816439,34.870929,0.0],[73.815893,34.870958,0.0],[73.815389,34.870953,0.0],[73.815008,34.871226,0.0],[73.81496,34.871606,0.0],[73.814956,34.871906,0.0],[73.814905,34.871923,0.0]]]}},{"type":"Feature","properties":{"rgi_id":"RGI2000-v7.0-G-14-24968","o1region":"14"},"geometry":{"type":"Polygon","coordinates":[[[73.806525,34.871593,0.0],[73.806539,34.871743,0.0],[73.806477,34.872007,0.0],[73.806346,34.872352,0.0],[73.806467,34.872699,0.0],[73.806806,34.87246,0.0],[73.806979,34.872116,0.0],[73.807043,34.872071,0.0],[73.807318,34.871877,0.0],[73.80774,34.871708,0.0],[73.808203,34.871644,0.0],[73.808706,34.871683,0.0],[73.809093,34.871848,0.0],[73.809254,34.87168,0.0],[73.809256,34.871567,0.0],[73.809262,34.871153,0.0],[73.809268,34.87074,0.0],[73.809319,34.870365,0.0],[73.809141,34.870025,0.0],[73.808872,34.869722,0.0],[73.808465,34.869455,0.0],[73.808057,34.8693,0.0],[73.807558,34.869145,0.0],[73.807318,34.869032,0.0],[73.807188,34.869317,0.0],[73.806972,34.869695,0.0],[73.806799,34.870039,0.0],[73.806585,34.870383,0.0],[73.806438,34.870674,0.0],[73.806454,34.870727,0.0],[73.806489,34.871212,0.0],[73.806525,34.871593,0.0]]]}},{"type":"Feature","properties":{"rgi_id":"RGI2000-v7.0-G-14-24969","o1region":"14"},"geometry":{"type":"Polygon","coordinates":[[[73.822406,34.836396,0.0],[73.822332,34.836395,0.0],[73.822188,34.836025,0.0],[73.822044,34.835655,0.0],[73.821975,34.835285,0.0],[73.821831,34.834915,0.0],[73.821613,34.834544,0.0],[73.821469,34.834173,0.0],[73.821325,34.833803,0.0],[73.821106,34.833432,0.0],[73.820963,34.833,0.0],[73.82082,34.83263,0.0],[73.820374,34.832502,0.0],[73.820071,34.832807,0.0],[73.819842,34.833174,0.0],[73.819763,34.833542,0.0],[73.819683,34.83391,0.0],[73.819677,34.834279,0.0],[73.819746,34.83471,0.0],[73.81989,34.83508,0.0],[73.820184,34.835391,0.0],[73.820551,34.835763,0.0],[73.820845,34.836073,0.0],[73.821291,34.836201,0.0],[73.82166,34.83645,0.0],[73.822106,34.836516,0.0],[73.822406,34.836396,0.0]]]}},{"type":"Feature","properties":{"rgi_id":"RGI2000-v7.0-G-14-24970","o1region":"14"},"geometry":{"type":"Polygon","coordinates":[[[73.827809,34.831298,0.0],[73.82781,34.831249,0.0],[73.827875,34.830856,0.0],[73.827881,34.830463,0.0],[73.827767,34.830068,0.0],[73.827353,34.829818,0.0],[73.826817,34.829764,0.0],[73.82634,34.829759,0.0],[73.825803,34.829754,0.0],[73.825326,34.8297,0.0],[73.824851,34.829597,0.0],[73.824548,34.829889,0.0],[73.824483,34.830282,0.0],[73.824898,34.830434,0.0],[73.825314,34.830585,0.0],[73.825729,34.830737,0.0],[73.826205,34.83084,0.0],[73.826679,34.831041,0.0],[73.827095,34.831193,0.0],[73.827449,34.831442,0.0],[73.827809,34.831298,0.0]]]}},{"type":"Feature","properties":{"rgi_id":"RGI2000-v7.0-G-14-24971","o1region":"14"},"geometry":{"type":"Polygon","coordinates":[[[73.827858,34.823674,0.0],[73.827858,34.823625,0.0],[73.827865,34.823182,0.0],[73.827751,34.822788,0.0],[73.827637,34.822393,0.0],[73.827524,34.821998,0.0],[73.827048,34.821846,0.0],[73.826571,34.821842,0.0],[73.826095,34.821788,0.0],[73.825619,34.821685,0.0],[73.825142,34.82168,0.0],[73.824665,34.821676,0.0],[73.824188,34.821671,0.0],[73.823885,34.821963,0.0],[73.823642,34.822305,0.0],[73.823458,34.822648,0.0],[73.823453,34.823041,0.0],[73.823746,34.823388,0.0],[73.8241,34.823687,0.0],[73.824577,34.823642,0.0],[73.824821,34.8233,0.0],[73.825005,34.822958,0.0],[73.825544,34.822816,0.0],[73.826021,34.822771,0.0],[73.826375,34.82307,0.0],[73.826668,34.823417,0.0],[73.827858,34.823674,0.0]]]}},{"type":"Feature","properties":{"rgi_id":"RGI2000-v7.0-G-14-24972","o1region":"14"},"geometry":{"type":"Polygon","coordinates":[[[73.838676,34.826385,0.0],[73.839092,34.826518,0.0],[73.839094,34.826389,0.0],[73.83904,34.825946,0.0],[73.839046,34.825503,0.0],[73.839173,34.825012,0.0],[73.839534,34.82477,0.0],[73.839708,34.825116,0.0],[73.839882,34.825462,0.0],[73.839877,34.825855,0.0],[73.83999,34.82625,0.0],[73.840164,34.826596,0.0],[73.840338,34.826991,0.0],[73.840512,34.827337,0.0],[73.840866,34.827586,0.0],[73.840942,34.827623,0.0],[73.840986,34.827588,0.0],[73.841348,34.827296,0.0],[73.84171,34.826955,0.0],[73.841761,34.826745,0.0],[73.841802,34.826356,0.0],[73.841844,34.825968,0.0],[73.841886,34.825579,0.0],[73.842036,34.825222,0.0],[73.842186,34.824835,0.0],[73.842264,34.824476,0.0],[73.842269,34.824088,0.0],[73.842275,34.823699,0.0],[73.842279,34.823414,0.0],[73.842248,34.823263,0.0],[73.842185,34.822896,0.0],[73.84219,34.822529,0.0],[73.842178,34.82246,0.0],[73.841955,34.822235,0.0],[73.841602,34.821937,0.0],[73.841428,34.821591,0.0],[73.841968,34.82135,0.0],[73.842076,34.821329,0.0],[73.842446,34.821256,0.0],[73.842985,34.821113,0.0],[73.843466,34.820872,0.0],[73.843591,34.820431,0.0],[73.843357,34.820084,0.0],[73.842882,34.819981,0.0],[73.842405,34.819977,0.0],[73.841927,34.819972,0.0],[73.84145,34.819967,0.0],[73.841134,34.819921,0.0],[73.841032,34.819813,0.0],[73.840659,34.819555,0.0],[73.840286,34.819355,0.0],[73.839948,34.81907,0.0],[73.839611,34.818784,0.0],[73.839238,34.818527,0.0],[73.838935,34.818243,0.0],[73.838562,34.818042,0.0],[73.838154,34.817869,0.0],[73.837712,34.817667,0.0],[73.837339,34.817466,0.0],[73.837004,34.817324,0.0],[73.837283,34.817184,0.0],[73.837624,34.816948,0.0],[73.837919,34.816632,0.0],[73.838021,34.816274,0.0],[73.838026,34.815875,0.0],[73.838032,34.815476,0.0],[73.838182,34.815119,0.0],[73.838476,34.814843,0.0],[73.838674,34.814486,0.0],[73.838728,34.814127,0.0],[73.838781,34.813769,0.0],[73.838787,34.81333,0.0],[73.839177,34.813134,0.0],[73.839611,34.813218,0.0],[73.840044,34.813382,0.0],[73.840478,34.813426,0.0],[73.84101,34.813431,0.0],[73.841446,34.813356,0.0],[73.84116,34.813074,0.0],[73.840825,34.812831,0.0],[73.840539,34.812549,0.0],[73.840351,34.812189,0.0],[73.840016,34.811946,0.0],[73.839583,34.811782,0.0],[73.839158,34.811778,0.0],[73.839061,34.811681,0.0],[73.838707,34.811431,0.0],[73.838292,34.811231,0.0],[73.837756,34.811226,0.0],[73.837335,34.811418,0.0],[73.837032,34.811809,0.0],[73.836788,34.812151,0.0],[73.836545,34.812493,0.0],[73.836301,34.812884,0.0],[73.836056,34.813324,0.0],[73.835872,34.813716,0.0],[73.835832,34.813957,0.0],[73.835682,34.814098,0.0],[73.835436,34.814415,0.0],[73.835046,34.81465,0.0],[73.834608,34.814806,0.0],[73.834266,34.815082,0.0],[73.834137,34.815247,0.0],[73.83406,34.815273,0.0],[73.833699,34.815515,0.0],[73.833515,34.815858,0.0],[73.833332,34.816201,0.0],[73.833148,34.816543,0.0],[73.833023,34.816936,0.0],[73.832898,34.816973,0.0],[73.832544,34.817078,0.0],[73.832006,34.817172,0.0],[73.831527,34.817265,0.0],[73.831049,34.817359,0.0],[73.830571,34.817404,0.0],[73.830151,34.817597,0.0],[73.82973,34.817789,0.0],[73.82925,34.818031,0.0],[73.828828,34.818322,0.0],[73.828466,34.818613,0.0],[73.828163,34.818955,0.0],[73.828141,34.818983,0.0],[73.828464,34.819157,0.0],[73.828872,34.819302,0.0],[73.829314,34.819447,0.0],[73.829388,34.819473,0.0],[73.829528,34.81946,0.0],[73.830004,34.819563,0.0],[73.830479,34.819715,0.0],[73.830603,34.81976,0.0],[73.830894,34.819866,0.0],[73.831192,34.819869,0.0],[73.831371,34.819871,0.0],[73.831907,34.819925,0.0],[73.832384,34.81993,0.0],[73.832687,34.819638,0.0],[73.832393,34.819291,0.0],[73.832755,34.819048,0.0],[73.833169,34.819249,0.0],[73.833463,34.819596,0.0],[73.833877,34.819797,0.0],[73.834231,34.820095,0.0],[73.834585,34.820345,0.0],[73.834707,34.820587,0.0],[73.834998,34.820693,0.0],[73.835292,34.820991,0.0],[73.835586,34.821289,0.0],[73.83588,34.821636,0.0],[73.836054,34.821982,0.0],[73.836167,34.822377,0.0],[73.836341,34.822772,0.0],[73.836514,34.823167,0.0],[73.836688,34.823562,0.0],[73.836862,34.823908,0.0],[73.837095,34.824255,0.0],[73.837329,34.824601,0.0],[73.837443,34.824996,0.0],[73.837557,34.82539,0.0],[73.837543,34.825479,0.0],[73.837673,34.825588,0.0],[73.838028,34.825838,0.0],[73.838382,34.826087,0.0],[73.838676,34.826385,0.0]]]}},{"type":"Feature","properties":{"rgi_id":"RGI2000-v7.0-G-14-24973","o1region":"14"},"geometry":{"type":"Polygon","coordinates":[[[73.848014,34.819784,0.0],[73.846999,34.819873,0.0],[73.846815,34.820215,0.0],[73.846631,34.820558,0.0],[73.846448,34.8209,0.0],[73.846264,34.821243,0.0],[73.845902,34.821535,0.0],[73.8456,34.821827,0.0],[73.845297,34.822119,0.0],[73.845054,34.822461,0.0],[73.844751,34.822803,0.0],[73.844686,34.823196,0.0],[73.845048,34.822904,0.0],[73.845409,34.822661,0.0],[73.84577,34.822419,0.0],[73.846191,34.822226,0.0],[73.846611,34.822033,0.0],[73.847089,34.821939,0.0],[73.847567,34.821895,0.0],[73.847869,34.821603,0.0],[73.847994,34.82121,0.0],[73.848,34.820817,0.0],[73.848007,34.820325,0.0],[73.848013,34.819882,0.0],[73.848014,34.819784,0.0]]]}},{"type":"Feature","properties":{"rgi_id":"RGI2000-v7.0-G-14-24974","o1region":"14"},"geometry":{"type":"Polygon","coordinates":[[[73.867016,34.812439,0.0],[73.866917,34.812328,0.0],[73.867028,34.812092,0.0],[73.867033,34.811698,0.0],[73.866799,34.811352,0.0],[73.866384,34.8112,0.0],[73.86603,34.810902,0.0],[73.865552,34.810947,0.0],[73.865309,34.811289,0.0],[73.864948,34.811531,0.0],[73.864527,34.811773,0.0],[73.864108,34.811917,0.0],[73.863805,34.812259,0.0],[73.863803,34.812426,0.0],[73.863553,34.812444,0.0],[73.863096,34.812515,0.0],[73.86264,34.812549,0.0],[73.862358,34.812639,0.0],[73.86207,34.812636,0.0],[73.861594,34.812533,0.0],[73.860998,34.812528,0.0],[73.860521,34.812523,0.0],[73.859985,34.812469,0.0],[73.859569,34.812317,0.0],[73.859093,34.812264,0.0],[73.858678,34.812112,0.0],[73.858264,34.811862,0.0],[73.858089,34.811516,0.0],[73.857976,34.811122,0.0],[73.857801,34.810776,0.0],[73.857327,34.810575,0.0],[73.856852,34.810423,0.0],[73.856316,34.810368,0.0],[73.855839,34.810364,0.0],[73.855241,34.810457,0.0],[73.855355,34.810851,0.0],[73.855768,34.81115,0.0],[73.856123,34.8114,0.0],[73.856537,34.811649,0.0],[73.857011,34.8119,0.0],[73.857304,34.812247,0.0],[73.857598,34.812545,0.0],[73.857593,34.812929,0.0],[73.856935,34.813247,0.0],[73.856888,34.813322,0.0],[73.856799,34.813428,0.0],[73.85633,34.813664,0.0],[73.855909,34.813906,0.0],[73.855548,34.814149,0.0],[73.855186,34.814441,0.0],[73.854794,34.814711,0.0],[73.854453,34.814764,0.0],[73.853997,34.814798,0.0],[73.853541,34.814831,0.0],[73.85304,34.814826,0.0],[73.852805,34.814843,0.0],[73.852439,34.81471,0.0],[73.852043,34.814542,0.0],[73.851726,34.814506,0.0],[73.85125,34.814403,0.0],[73.850776,34.814202,0.0],[73.850542,34.813856,0.0],[73.850506,34.813729,0.0],[73.850428,34.813461,0.0],[73.850013,34.81326,0.0],[73.849476,34.813305,0.0],[73.849055,34.813547,0.0],[73.848636,34.81369,0.0],[73.848038,34.813783,0.0],[73.848033,34.814176,0.0],[73.848107,34.81423,0.0],[73.84803,34.814373,0.0],[73.848024,34.814767,0.0],[73.848018,34.815209,0.0],[73.848018,34.815232,0.0],[73.848013,34.815603,0.0],[73.847592,34.815795,0.0],[73.847466,34.815853,0.0],[73.847172,34.815988,0.0],[73.847047,34.816381,0.0],[73.847042,34.816774,0.0],[73.847096,34.817168,0.0],[73.84733,34.817515,0.0],[73.847624,34.817813,0.0],[73.847662,34.81784,0.0],[73.847709,34.818045,0.0],[73.847932,34.818385,0.0],[73.848656,34.818768,0.0],[73.848702,34.818769,0.0],[73.849203,34.818736,0.0],[73.84966,34.818665,0.0],[73.850162,34.818594,0.0],[73.850617,34.818674,0.0],[73.850794,34.819014,0.0],[73.850926,34.819391,0.0],[73.851103,34.819768,0.0],[73.851372,34.820072,0.0],[73.851826,34.820189,0.0],[73.852234,34.82038,0.0],[73.852319,34.820757,0.0],[73.852314,34.821133,0.0],[73.852309,34.821508,0.0],[73.852069,34.82237,0.0],[73.852069,34.822408,0.0],[73.852064,34.822784,0.0],[73.851967,34.823159,0.0],[73.851735,34.823495,0.0],[73.851457,34.823793,0.0],[73.85127,34.824129,0.0],[73.851083,34.824466,0.0],[73.850806,34.824764,0.0],[73.850393,34.824948,0.0],[73.850025,34.825207,0.0],[73.849792,34.825581,0.0],[73.849695,34.825956,0.0],[73.849645,34.826331,0.0],[73.849548,34.826706,0.0],[73.849452,34.827081,0.0],[73.84931,34.827455,0.0],[73.849214,34.82783,0.0],[73.849117,34.828205,0.0],[73.849066,34.82858,0.0],[73.848598,34.829515,0.0],[73.848597,34.829553,0.0],[73.848546,34.829928,0.0],[73.84845,34.830303,0.0],[73.848399,34.830678,0.0],[73.848257,34.831053,0.0],[73.848206,34.831428,0.0],[73.84811,34.831803,0.0],[73.848059,34.832178,0.0],[73.848008,34.832554,0.0],[73.847958,34.832929,0.0],[73.847951,34.833417,0.0],[73.848266,34.833684,0.0],[73.848722,34.833688,0.0],[73.849179,34.833617,0.0],[73.849592,34.833395,0.0],[73.84996,34.833173,0.0],[73.850283,34.832876,0.0],[73.850606,34.832578,0.0],[73.850793,34.832242,0.0],[73.851071,34.831906,0.0],[73.851395,34.831571,0.0],[73.851717,34.831311,0.0],[73.85204,34.831013,0.0],[73.852227,34.830677,0.0],[73.852506,34.830304,0.0],[73.852739,34.829968,0.0],[73.852971,34.829632,0.0],[73.853158,34.829295,0.0],[73.853391,34.828959,0.0],[73.853578,34.828623,0.0],[73.853765,34.828249,0.0],[73.853907,34.827874,0.0],[73.854049,34.827462,0.0],[73.854191,34.827088,0.0],[73.854333,34.826713,0.0],[73.85452,34.826377,0.0],[73.854798,34.826079,0.0],[73.855165,34.825857,0.0],[73.855533,34.825635,0.0],[73.855946,34.825451,0.0],[73.856314,34.825191,0.0],[73.856682,34.824932,0.0],[73.857005,34.824672,0.0],[73.857373,34.824412,0.0],[73.85774,34.82419,0.0],[73.857927,34.823854,0.0],[73.858069,34.823479,0.0],[73.85812,34.823104,0.0],[73.858216,34.822729,0.0],[73.858358,34.822354,0.0],[73.858591,34.821981,0.0],[73.858824,34.821645,0.0],[73.85892,34.82127,0.0],[73.859016,34.820895,0.0],[73.859572,34.820224,0.0],[73.859573,34.820186,0.0],[73.859986,34.820002,0.0],[73.860353,34.81978,0.0],[73.860678,34.81937,0.0],[73.860769,34.819333,0.0],[73.861226,34.819262,0.0],[73.861683,34.819154,0.0],[73.862051,34.818894,0.0],[73.862374,34.818634,0.0],[73.862561,34.818298,0.0],[73.862793,34.817962,0.0],[73.86298,34.817625,0.0],[73.863213,34.817289,0.0],[73.86358,34.817067,0.0],[73.864037,34.816996,0.0],[73.864493,34.816925,0.0],[73.864949,34.81693,0.0],[73.865404,34.816971,0.0],[73.865556,34.816992,0.0],[73.865646,34.817146,0.0],[73.86582,34.817541,0.0],[73.865874,34.817935,0.0],[73.865928,34.818329,0.0],[73.866101,34.818773,0.0],[73.866395,34.819071,0.0],[73.86669,34.819369,0.0],[73.867044,34.819618,0.0],[73.867583,34.819426,0.0],[73.867945,34.819184,0.0],[73.868069,34.818792,0.0],[73.868134,34.818399,0.0],[73.86808,34.818005,0.0],[73.867907,34.817609,0.0],[73.867793,34.817215,0.0],[73.867499,34.816917,0.0],[73.867205,34.81657,0.0],[73.867091,34.816175,0.0],[73.867015,34.815912,0.0],[73.867096,34.815766,0.0],[73.867515,34.815721,0.0],[73.867876,34.815478,0.0],[73.868414,34.815385,0.0],[73.868953,34.815242,0.0],[73.869373,34.815049,0.0],[73.869557,34.814658,0.0],[73.869742,34.814217,0.0],[73.869748,34.813823,0.0],[73.869634,34.813429,0.0],[73.8694,34.813082,0.0],[73.868985,34.812882,0.0],[73.86851,34.81273,0.0],[73.867974,34.812675,0.0],[73.867438,34.812621,0.0],[73.867069,34.812541,0.0],[73.867016,34.812439,0.0]]]}},{"type":"Feature","properties":{"rgi_id":"RGI2000-v7.0-G-14-24975","o1region":"14"},"geometry":{"type":"Polygon","coordinates":[[[73.843775,34.807196,0.0],[73.84373,34.807196,0.0],[73.843414,34.80693,0.0],[73.842826,34.806661,0.0],[73.842418,34.806507,0.0],[73.841918,34.806427,0.0],[73.841462,34.806423,0.0],[73.84114,34.806683,0.0],[73.841044,34.807057,0.0],[73.841038,34.807433,0.0],[73.841033,34.807809,0.0],[73.841028,34.808185,0.0],[73.840977,34.80856,0.0],[73.840972,34.808936,0.0],[73.840966,34.809311,0.0],[73.841007,34.809688,0.0],[73.841462,34.809692,0.0],[73.841918,34.809696,0.0],[73.842373,34.809701,0.0],[73.842831,34.809592,0.0],[73.843243,34.809408,0.0],[73.843656,34.809187,0.0],[73.843934,34.808889,0.0],[73.844121,34.808552,0.0],[73.844263,34.80814,0.0],[73.84436,34.807765,0.0],[73.843775,34.807196,0.0]]]}},{"type":"Feature","properties":{"rgi_id":"RGI2000-v7.0-G-14-24976","o1region":"14"},"geometry":{"type":"Polygon","coordinates":[[[73.855844,34.800997,0.0],[73.855521,34.801257,0.0],[73.855244,34.801555,0.0],[73.855102,34.801929,0.0],[73.855097,34.802305,0.0],[73.855091,34.802681,0.0],[73.855132,34.803057,0.0],[73.855355,34.803397,0.0],[73.855624,34.8037,0.0],[73.855722,34.803825,0.0],[73.855431,34.803931,0.0],[73.855186,34.804421,0.0],[73.85536,34.804767,0.0],[73.855774,34.805017,0.0],[73.856068,34.805315,0.0],[73.856361,34.805662,0.0],[73.856655,34.80596,0.0],[73.857009,34.806258,0.0],[73.857003,34.806652,0.0],[73.857058,34.807046,0.0],[73.857535,34.807001,0.0],[73.857897,34.806758,0.0],[73.858375,34.806664,0.0],[73.858854,34.806521,0.0],[73.859275,34.806279,0.0],[73.859518,34.805937,0.0],[73.85982,34.805645,0.0],[73.860182,34.805402,0.0],[73.860602,34.80516,0.0],[73.860667,34.804767,0.0],[73.860669,34.804683,0.0],[73.860759,34.804651,0.0],[73.860947,34.804239,0.0],[73.861089,34.803865,0.0],[73.86114,34.803489,0.0],[73.861145,34.803113,0.0],[73.861013,34.802736,0.0],[73.86081,34.802508,0.0],[73.860642,34.802259,0.0],[73.860228,34.802009,0.0],[73.859814,34.801808,0.0],[73.859459,34.801559,0.0],[73.859165,34.801261,0.0],[73.858872,34.800914,0.0],[73.858395,34.80086,0.0],[73.858001,34.800856,0.0],[73.857918,34.800856,0.0],[73.85744,34.80095,0.0],[73.856903,34.800994,0.0],[73.856366,34.800989,0.0],[73.855865,34.800984,0.0],[73.855844,34.800997,0.0]]]}},{"type":"Feature","properties":{"rgi_id":"RGI2000-v7.0-G-14-24977","o1region":"14"},"geometry":{"type":"Polygon","coordinates":[[[73.859688,34.799377,0.0],[73.859819,34.799324,0.0],[73.860096,34.799045,0.0],[73.860541,34.798965,0.0],[73.860986,34.798941,0.0],[73.861431,34.79886,0.0],[73.861843,34.798695,0.0],[73.862189,34.798445,0.0],[73.862398,34.798108,0.0],[73.862437,34.797742,0.0],[73.862442,34.797376,0.0],[73.862208,34.797064,0.0],[73.8618,34.796919,0.0],[73.861289,34.796773,0.0],[73.860811,34.796741,0.0],[73.860334,34.79668,0.0],[73.859922,34.796817,0.0],[73.859577,34.797067,0.0],[73.859198,34.797261,0.0],[73.858853,34.797483,0.0],[73.858542,34.797762,0.0],[73.858367,34.798099,0.0],[73.857955,34.798236,0.0],[73.857677,34.798515,0.0],[73.857638,34.798881,0.0],[73.857169,34.798979,0.0],[73.856985,34.799371,0.0],[73.8574,34.799523,0.0],[73.857876,34.799626,0.0],[73.858351,34.799728,0.0],[73.858886,34.799881,0.0],[73.859363,34.799885,0.0],[73.859724,34.799643,0.0],[73.859688,34.799377,0.0]]]}},{"type":"Feature","properties":{"rgi_id":"RGI2000-v7.0-G-14-24978","o1region":"14"},"geometry":{"type":"Polygon","coordinates":[[[73.870446,34.808352,0.0],[73.870858,34.808215,0.0],[73.871269,34.808078,0.0],[73.871513,34.80777,0.0],[73.871723,34.807434,0.0],[73.872,34.807155,0.0],[73.872209,34.806819,0.0],[73.872385,34.806482,0.0],[73.872458,34.806116,0.0],[73.872497,34.80575,0.0],[73.872536,34.805384,0.0],[73.872541,34.805018,0.0],[73.87241,34.80465,0.0],[73.872244,34.804282,0.0],[73.872009,34.80397,0.0],[73.871705,34.803685,0.0],[73.871402,34.803401,0.0],[73.870958,34.803368,0.0],[73.870613,34.803591,0.0],[73.870471,34.803956,0.0],[73.870228,34.804264,0.0],[73.869816,34.804401,0.0],[73.869371,34.804481,0.0],[73.868926,34.804533,0.0],[73.868446,34.804642,0.0],[73.868,34.80475,0.0],[73.867555,34.804859,0.0],[73.867112,34.80477,0.0],[73.866911,34.80443,0.0],[73.866439,34.803975,0.0],[73.866405,34.803974,0.0],[73.865997,34.80383,0.0],[73.866002,34.803463,0.0],[73.86628,34.803128,0.0],[73.865907,34.802927,0.0],[73.865461,34.803035,0.0],[73.865083,34.803229,0.0],[73.864637,34.80331,0.0],[73.864192,34.803418,0.0],[73.863982,34.803754,0.0],[73.863946,34.803846,0.0],[73.863946,34.803867,0.0],[73.863907,34.804233,0.0],[73.863868,34.804599,0.0],[73.863794,34.804965,0.0],[73.863551,34.805272,0.0],[73.863139,34.805438,0.0],[73.863036,34.805437,0.0],[73.862725,34.805716,0.0],[73.862651,34.806081,0.0],[73.862578,34.806447,0.0],[73.862539,34.806841,0.0],[73.862533,34.807208,0.0],[73.862563,34.807574,0.0],[73.862798,34.807887,0.0],[73.863241,34.807947,0.0],[73.863685,34.807951,0.0],[73.864097,34.807814,0.0],[73.864509,34.807677,0.0],[73.864922,34.807484,0.0],[73.8653,34.80729,0.0],[73.865645,34.807068,0.0],[73.865957,34.80676,0.0],[73.866302,34.806538,0.0],[73.866781,34.806486,0.0],[73.866912,34.806854,0.0],[73.866907,34.80722,0.0],[73.867073,34.80756,0.0],[73.867308,34.807872,0.0],[73.867475,34.808212,0.0],[73.867538,34.808579,0.0],[73.867842,34.808864,0.0],[73.868286,34.808868,0.0],[73.868731,34.808787,0.0],[73.869176,34.808707,0.0],[73.869621,34.808683,0.0],[73.870067,34.808546,0.0],[73.870446,34.808352,0.0]],[[73.870515,34.805788,0.0],[73.870681,34.806128,0.0],[73.870676,34.806494,0.0],[73.870331,34.806717,0.0],[73.869887,34.806712,0.0],[73.869479,34.80654,0.0],[73.86921,34.806255,0.0],[73.869555,34.806005,0.0],[73.869968,34.805783,0.0],[73.870412,34.805787,0.0],[73.870515,34.805788,0.0]]]}},{"type":"Feature","properties":{"rgi_id":"RGI2000-v7.0-G-14-24979","o1region":"14"},"geometry":{"type":"Polygon","coordinates":[[[73.880178,34.786371,0.0],[73.880108,34.786743,0.0],[73.879974,34.787114,0.0],[73.879712,34.787431,0.0],[73.879387,34.787694,0.0],[73.878933,34.787849,0.0],[73.878543,34.788111,0.0],[73.878152,34.788427,0.0],[73.87783,34.788738,0.0],[73.877531,34.788735,0.0],[73.877104,34.788882,0.0],[73.876616,34.788978,0.0],[73.87619,34.789074,0.0],[73.875704,34.789069,0.0],[73.875218,34.789065,0.0],[73.874733,34.78906,0.0],[73.874126,34.789005,0.0],[73.87364,34.789,0.0],[73.873154,34.788996,0.0],[73.872728,34.789092,0.0],[73.87242,34.78939,0.0],[73.872294,34.789739,0.0],[73.872288,34.79014,0.0],[73.872527,34.790443,0.0],[73.872887,34.790747,0.0],[73.87331,34.790951,0.0],[73.873671,34.791205,0.0],[73.874093,34.791409,0.0],[73.874576,34.791614,0.0],[73.874938,34.791818,0.0],[73.875361,34.791972,0.0],[73.875784,34.792127,0.0],[73.876208,34.792231,0.0],[73.876632,34.792335,0.0],[73.877115,34.79249,0.0],[73.877539,34.792644,0.0],[73.8779,34.792898,0.0],[73.878261,34.793152,0.0],[73.878622,34.793355,0.0],[73.878983,34.793609,0.0],[73.879406,34.793814,0.0],[73.879767,34.794017,0.0],[73.880129,34.794221,0.0],[73.880368,34.794524,0.0],[73.88073,34.794728,0.0],[73.880968,34.79503,0.0],[73.881207,34.795333,0.0],[73.881275,34.795537,0.0],[73.88099,34.795767,0.0],[73.880629,34.796009,0.0],[73.880326,34.7964,0.0],[73.880142,34.796743,0.0],[73.880137,34.797136,0.0],[73.880251,34.797531,0.0],[73.880425,34.797877,0.0],[73.880659,34.798223,0.0],[73.880893,34.79857,0.0],[73.881066,34.798965,0.0],[73.881299,34.79936,0.0],[73.881593,34.799708,0.0],[73.881887,34.800005,0.0],[73.882301,34.800255,0.0],[73.882486,34.800295,0.0],[73.882597,34.800407,0.0],[73.882835,34.80071,0.0],[73.883074,34.801012,0.0],[73.883252,34.801365,0.0],[73.883491,34.801668,0.0],[73.883852,34.801922,0.0],[73.884214,34.802125,0.0],[73.884637,34.802279,0.0],[73.885059,34.802484,0.0],[73.885483,34.802588,0.0],[73.885968,34.802642,0.0],[73.886215,34.802344,0.0],[73.886221,34.801943,0.0],[73.886226,34.801542,0.0],[73.886231,34.801142,0.0],[73.886297,34.800741,0.0],[73.886364,34.800341,0.0],[73.886369,34.79994,0.0],[73.886374,34.79954,0.0],[73.88638,34.799139,0.0],[73.886385,34.798738,0.0],[73.886451,34.798338,0.0],[73.886457,34.797937,0.0],[73.886462,34.797536,0.0],[73.886529,34.797086,0.0],[73.886535,34.796635,0.0],[73.886541,34.796184,0.0],[73.886425,34.795782,0.0],[73.886308,34.79543,0.0],[73.886192,34.795028,0.0],[73.886015,34.794626,0.0],[73.885899,34.794274,0.0],[73.885722,34.793872,0.0],[73.885605,34.79352,0.0],[73.885428,34.793117,0.0],[73.885131,34.792664,0.0],[73.884953,34.792311,0.0],[73.884714,34.792008,0.0],[73.884415,34.791705,0.0],[73.884054,34.791451,0.0],[73.883693,34.791197,0.0],[73.883271,34.790943,0.0],[73.882909,34.790739,0.0],[73.882548,34.790485,0.0],[73.882214,34.79025,0.0],[73.882448,34.790061,0.0],[73.882902,34.789906,0.0],[73.883419,34.789751,0.0],[73.883873,34.789596,0.0],[73.884326,34.78944,0.0],[73.884844,34.789286,0.0],[73.885235,34.78897,0.0],[73.88556,34.788707,0.0],[73.885822,34.788391,0.0],[73.886084,34.788074,0.0],[73.886347,34.787757,0.0],[73.886545,34.787387,0.0],[73.886679,34.787016,0.0],[73.886684,34.786591,0.0],[73.886689,34.786219,0.0],[73.886694,34.785846,0.0],[73.886699,34.785474,0.0],[73.886576,34.785101,0.0],[73.886581,34.784729,0.0],[73.886521,34.784356,0.0],[73.886483,34.784079,0.0],[73.886394,34.784109,0.0],[73.885918,34.784055,0.0],[73.885384,34.783903,0.0],[73.884909,34.783751,0.0],[73.884433,34.783648,0.0],[73.883956,34.783644,0.0],[73.883477,34.783787,0.0],[73.883057,34.78398,0.0],[73.882983,34.783995,0.0],[73.882656,34.784214,0.0],[73.882266,34.784476,0.0],[73.881876,34.784686,0.0],[73.881551,34.784948,0.0],[73.881161,34.785158,0.0],[73.881097,34.785192,0.0],[73.881073,34.785241,0.0],[73.880889,34.785583,0.0],[73.880587,34.785925,0.0],[73.880284,34.786217,0.0],[73.880186,34.786328,0.0],[73.880178,34.786371,0.0]]]}},{"type":"Feature","properties":{"rgi_id":"RGI2000-v7.0-G-14-24980","o1region":"14"},"geometry":{"type":"Polygon","coordinates":[[[73.905769,34.782701,0.0],[73.906225,34.782706,0.0],[73.90668,34.78271,0.0],[73.907137,34.782639,0.0],[73.907549,34.782492,0.0],[73.907735,34.782155,0.0],[73.907374,34.781889,0.0],[73.906921,34.781735,0.0],[73.906514,34.781543,0.0],[73.906244,34.78124,0.0],[73.906021,34.7809,0.0],[73.906343,34.78064,0.0],[73.906799,34.780606,0.0],[73.907255,34.780573,0.0],[73.907711,34.780577,0.0],[73.908212,34.780581,0.0],[73.908713,34.780548,0.0],[73.909169,34.780477,0.0],[73.909581,34.78033,0.0],[73.909903,34.78007,0.0],[73.910271,34.779848,0.0],[73.910548,34.77955,0.0],[73.910598,34.779175,0.0],[73.910375,34.778834,0.0],[73.91006,34.778569,0.0],[73.909791,34.778265,0.0],[73.909567,34.777925,0.0],[73.909253,34.777622,0.0],[73.908983,34.777319,0.0],[73.908668,34.777053,0.0],[73.908168,34.776936,0.0],[73.907715,34.776819,0.0],[73.907259,34.776815,0.0],[73.906803,34.776848,0.0],[73.906481,34.777108,0.0],[73.906114,34.777331,0.0],[73.905836,34.777629,0.0],[73.905604,34.777965,0.0],[73.905418,34.778301,0.0],[73.905276,34.778676,0.0],[73.90518,34.779051,0.0],[73.905038,34.779425,0.0],[73.904942,34.7798,0.0],[73.904665,34.780098,0.0],[73.904342,34.780396,0.0],[73.90393,34.78058,0.0],[73.903474,34.780651,0.0],[73.903061,34.780836,0.0],[73.902604,34.780944,0.0],[73.902102,34.781052,0.0],[73.901645,34.781161,0.0],[73.901188,34.781307,0.0],[73.900865,34.781567,0.0],[73.900543,34.781828,0.0],[73.900086,34.781936,0.0],[73.899674,34.782083,0.0],[73.899217,34.782191,0.0],[73.898805,34.782338,0.0],[73.898164,34.782633,0.0],[73.897751,34.782855,0.0],[73.897383,34.783114,0.0],[73.897106,34.783412,0.0],[73.896783,34.783673,0.0],[73.896371,34.783857,0.0],[73.896004,34.784079,0.0],[73.895681,34.784339,0.0],[73.895404,34.784637,0.0],[73.894935,34.785685,0.0],[73.894934,34.785723,0.0],[73.895203,34.786026,0.0],[73.895473,34.786329,0.0],[73.895788,34.786595,0.0],[73.896103,34.786861,0.0],[73.896372,34.787201,0.0],[73.896641,34.787542,0.0],[73.89691,34.787845,0.0],[73.897088,34.788185,0.0],[73.897128,34.788561,0.0],[73.897123,34.788937,0.0],[73.897118,34.789313,0.0],[73.897113,34.789688,0.0],[73.897108,34.790064,0.0],[73.897103,34.79044,0.0],[73.897098,34.790816,0.0],[73.897093,34.791229,0.0],[73.8975,34.791458,0.0],[73.897957,34.79135,0.0],[73.898369,34.791165,0.0],[73.898782,34.790981,0.0],[73.898905,34.790915,0.0],[73.899013,34.79072,0.0],[73.899336,34.790422,0.0],[73.899568,34.790086,0.0],[73.899846,34.789751,0.0],[73.900032,34.789414,0.0],[73.900219,34.789078,0.0],[73.900451,34.788741,0.0],[73.900593,34.788367,0.0],[73.900597,34.788066,0.0],[73.900556,34.78769,0.0],[73.900561,34.787314,0.0],[73.900521,34.786938,0.0],[73.900526,34.786562,0.0],[73.900667,34.786188,0.0],[73.900945,34.78589,0.0],[73.901267,34.78563,0.0],[73.901589,34.78537,0.0],[73.901912,34.785072,0.0],[73.902234,34.784812,0.0],[73.902512,34.784514,0.0],[73.902789,34.784178,0.0],[73.903067,34.78388,0.0],[73.903389,34.783619,0.0],[73.903666,34.783321,0.0],[73.903943,34.783023,0.0],[73.904311,34.782801,0.0],[73.904402,34.782764,0.0],[73.904813,34.782693,0.0],[73.905269,34.782697,0.0],[73.905769,34.782701,0.0]]]}},{"type":"Feature","properties":{"rgi_id":"RGI2000-v7.0-G-14-24981","o1region":"14"},"geometry":{"type":"Polygon","coordinates":[[[73.889506,34.776704,0.0],[73.88951,34.776338,0.0],[73.889787,34.776058,0.0],[73.890231,34.776063,0.0],[73.890466,34.776375,0.0],[73.890461,34.776741,0.0],[73.890559,34.777108,0.0],[73.890967,34.777253,0.0],[73.891411,34.777257,0.0],[73.891855,34.777233,0.0],[73.8923,34.777181,0.0],[73.892475,34.776844,0.0],[73.89248,34.776478,0.0],[73.892485,34.776111,0.0],[73.892147,34.775854,0.0],[73.891703,34.77585,0.0],[73.891259,34.775818,0.0],[73.890921,34.775561,0.0],[73.890824,34.775194,0.0],[73.890692,34.774827,0.0],[73.890526,34.774487,0.0],[73.890118,34.774314,0.0],[73.889745,34.774113,0.0],[73.889407,34.773857,0.0],[73.889069,34.773628,0.0],[73.889005,34.773261,0.0],[73.889147,34.772896,0.0],[73.889525,34.772702,0.0],[73.889836,34.772423,0.0],[73.889978,34.772058,0.0],[73.890051,34.771692,0.0],[73.89009,34.771326,0.0],[73.890163,34.77096,0.0],[73.890168,34.770594,0.0],[73.889971,34.769972,0.0],[73.889937,34.769972,0.0],[73.889493,34.769968,0.0],[73.889049,34.769992,0.0],[73.888604,34.770072,0.0],[73.888259,34.770295,0.0],[73.887948,34.770574,0.0],[73.887705,34.770882,0.0],[73.887462,34.771189,0.0],[73.887218,34.771554,0.0],[73.887144,34.771919,0.0],[73.88714,34.772286,0.0],[73.887135,34.772652,0.0],[73.88713,34.773018,0.0],[73.887125,34.773385,0.0],[73.887086,34.773751,0.0],[73.886978,34.774116,0.0],[73.886905,34.774482,0.0],[73.886866,34.774848,0.0],[73.886793,34.775214,0.0],[73.886754,34.77558,0.0],[73.886749,34.775946,0.0],[73.886744,34.776313,0.0],[73.886979,34.776625,0.0],[73.887352,34.776825,0.0],[73.887759,34.776998,0.0],[73.888202,34.777115,0.0],[73.888645,34.777204,0.0],[73.889089,34.777208,0.0],[73.889501,34.777071,0.0],[73.889506,34.776704,0.0]]]}},{"type":"Feature","properties":{"rgi_id":"RGI2000-v7.0-G-14-24982","o1region":"14"},"geometry":{"type":"Polygon","coordinates":[[[73.885891,34.77622,0.0],[73.885896,34.775854,0.0],[73.885901,34.775487,0.0],[73.88594,34.775121,0.0],[73.885945,34.774755,0.0],[73.88595,34.774389,0.0],[73.885955,34.774022,0.0],[73.88596,34.773656,0.0],[73.886203,34.77332,0.0],[73.886379,34.772983,0.0],[73.886144,34.772671,0.0],[73.885701,34.772554,0.0],[73.885535,34.772215,0.0],[73.885266,34.77193,0.0],[73.88486,34.771617,0.0],[73.884487,34.771388,0.0],[73.884115,34.771159,0.0],[73.883914,34.770819,0.0],[73.883885,34.770452,0.0],[73.883924,34.770086,0.0],[73.884201,34.769807,0.0],[73.884343,34.769442,0.0],[73.884005,34.769128,0.0],[73.883937,34.769128,0.0],[73.883493,34.769152,0.0],[73.883115,34.769346,0.0],[73.882939,34.769682,0.0],[73.882696,34.76999,0.0],[73.882589,34.770356,0.0],[73.882549,34.77075,0.0],[73.882544,34.771116,0.0],[73.882744,34.771456,0.0],[73.883083,34.771713,0.0],[73.883491,34.771858,0.0],[73.883829,34.772114,0.0],[73.88396,34.772482,0.0],[73.884058,34.772849,0.0],[73.884293,34.773162,0.0],[73.8847,34.773334,0.0],[73.884832,34.773702,0.0],[73.884454,34.773896,0.0],[73.88421,34.774204,0.0],[73.884137,34.774569,0.0],[73.884132,34.774936,0.0],[73.884127,34.775302,0.0],[73.884122,34.775668,0.0],[73.884152,34.776035,0.0],[73.884352,34.776375,0.0],[73.884725,34.776604,0.0],[73.885063,34.776833,0.0],[73.885507,34.776865,0.0],[73.885818,34.776586,0.0],[73.885891,34.77622,0.0]]]}},{"type":"Feature","properties":{"rgi_id":"RGI2000-v7.0-G-14-24983","o1region":"14"},"geometry":{"type":"Polygon","coordinates":[[[73.882703,34.766946,0.0],[73.882935,34.76661,0.0],[73.883212,34.766312,0.0],[73.883535,34.766014,0.0],[73.883812,34.765716,0.0],[73.884,34.765342,0.0],[73.884232,34.765006,0.0],[73.884464,34.76467,0.0],[73.884606,34.764296,0.0],[73.884382,34.763955,0.0],[73.883975,34.763801,0.0],[73.883567,34.76361,0.0],[73.883113,34.763568,0.0],[73.882611,34.763638,0.0],[73.882155,34.763634,0.0],[73.882115,34.763258,0.0],[73.88212,34.762882,0.0],[73.882262,34.762508,0.0],[73.882539,34.76221,0.0],[73.88259,34.761834,0.0],[73.88251,34.761744,0.0],[73.882227,34.761718,0.0],[73.881815,34.761865,0.0],[73.881493,34.762125,0.0],[73.881306,34.762461,0.0],[73.88121,34.762836,0.0],[73.881114,34.763211,0.0],[73.880927,34.763548,0.0],[73.88074,34.763884,0.0],[73.880503,34.76414,0.0],[73.88037,34.764332,0.0],[73.880164,34.76463,0.0],[73.880183,34.764706,0.0],[73.880132,34.765081,0.0],[73.87999,34.765493,0.0],[73.879668,34.765753,0.0],[73.879514,34.765877,0.0],[73.879389,34.766127,0.0],[73.879339,34.766502,0.0],[73.879288,34.766877,0.0],[73.879192,34.767252,0.0],[73.879096,34.767627,0.0],[73.878999,34.76804,0.0],[73.878949,34.768415,0.0],[73.878944,34.768791,0.0],[73.879167,34.769131,0.0],[73.879482,34.769397,0.0],[73.879751,34.7697,0.0],[73.879881,34.77019,0.0],[73.879881,34.770227,0.0],[73.880058,34.770567,0.0],[73.880464,34.770834,0.0],[73.880872,34.770988,0.0],[73.881187,34.771254,0.0],[73.881555,34.771032,0.0],[73.881605,34.770657,0.0],[73.881792,34.77032,0.0],[73.882115,34.770022,0.0],[73.882437,34.769762,0.0],[73.882759,34.769502,0.0],[73.882992,34.769166,0.0],[73.883042,34.768791,0.0],[73.882819,34.768451,0.0],[73.882733,34.768074,0.0],[73.882693,34.767698,0.0],[73.882698,34.767322,0.0],[73.882703,34.766946,0.0]]]}},{"type":"Feature","properties":{"rgi_id":"RGI2000-v7.0-G-14-24984","o1region":"14"},"geometry":{"type":"Polygon","coordinates":[[[73.865806,34.753771,0.0],[73.866108,34.753824,0.0],[73.866516,34.754015,0.0],[73.866877,34.754244,0.0],[73.867284,34.754398,0.0],[73.867462,34.754738,0.0],[73.867185,34.755036,0.0],[73.866772,34.75522,0.0],[73.866315,34.755404,0.0],[73.865859,34.7554,0.0],[73.865404,34.755358,0.0],[73.864949,34.755391,0.0],[73.864537,34.755538,0.0],[73.864215,34.755798,0.0],[73.864073,34.756172,0.0],[73.863931,34.756547,0.0],[73.863835,34.756921,0.0],[73.863603,34.757258,0.0],[73.863325,34.757556,0.0],[73.863139,34.757892,0.0],[73.862952,34.758229,0.0],[73.862908,34.758344,0.0],[73.862642,34.758559,0.0],[73.86238,34.758875,0.0],[73.862182,34.759246,0.0],[73.861919,34.759615,0.0],[73.861785,34.759986,0.0],[73.861779,34.760412,0.0],[73.861774,34.760784,0.0],[73.861898,34.761157,0.0],[73.862351,34.761002,0.0],[73.862803,34.760953,0.0],[73.863192,34.760744,0.0],[73.863519,34.760375,0.0],[73.863972,34.760273,0.0],[73.864423,34.760224,0.0],[73.864877,34.760068,0.0],[73.865266,34.759859,0.0],[73.865718,34.759757,0.0],[73.865909,34.759629,0.0],[73.86612,34.759649,0.0],[73.866577,34.75954,0.0],[73.866854,34.759242,0.0],[73.867221,34.75902,0.0],[73.867318,34.758645,0.0],[73.867094,34.758305,0.0],[73.867145,34.757929,0.0],[73.867601,34.757896,0.0],[73.868055,34.758013,0.0],[73.868508,34.75813,0.0],[73.868963,34.758172,0.0],[73.869418,34.758214,0.0],[73.869873,34.758218,0.0],[73.870328,34.75826,0.0],[73.870783,34.758264,0.0],[73.871239,34.758268,0.0],[73.871739,34.758273,0.0],[73.872195,34.758277,0.0],[73.872649,34.758394,0.0],[73.87301,34.758623,0.0],[73.873096,34.758999,0.0],[73.872909,34.759336,0.0],[73.872722,34.759672,0.0],[73.872536,34.760009,0.0],[73.872439,34.760384,0.0],[73.872434,34.760759,0.0],[73.872384,34.761135,0.0],[73.872378,34.761511,0.0],[73.872373,34.761886,0.0],[73.872414,34.762262,0.0],[73.872999,34.762756,0.0],[73.872999,34.762794,0.0],[73.873314,34.76306,0.0],[73.8734,34.763437,0.0],[73.873395,34.763812,0.0],[73.873435,34.764188,0.0],[73.873613,34.764528,0.0],[73.873882,34.764831,0.0],[73.874289,34.764986,0.0],[73.874697,34.765177,0.0],[73.875104,34.765331,0.0],[73.875559,34.765411,0.0],[73.876013,34.76549,0.0],[73.876421,34.765644,0.0],[73.876782,34.765873,0.0],[73.877236,34.76599,0.0],[73.877644,34.766144,0.0],[73.878098,34.766223,0.0],[73.878553,34.766265,0.0],[73.878965,34.766119,0.0],[73.879061,34.765744,0.0],[73.879066,34.765368,0.0],[73.879071,34.764992,0.0],[73.879076,34.764616,0.0],[73.879081,34.764241,0.0],[73.879086,34.763865,0.0],[73.879091,34.763489,0.0],[73.879097,34.763076,0.0],[73.879102,34.7627,0.0],[73.879289,34.762364,0.0],[73.879611,34.762066,0.0],[73.879934,34.761768,0.0],[73.880121,34.761432,0.0],[73.880126,34.761018,0.0],[73.880131,34.760643,0.0],[73.880137,34.760267,0.0],[73.880142,34.759891,0.0],[73.880147,34.759515,0.0],[73.880106,34.759139,0.0],[73.879929,34.758799,0.0],[73.879567,34.75857,0.0],[73.879207,34.758304,0.0],[73.878938,34.758001,0.0],[73.878669,34.75766,0.0],[73.878492,34.75732,0.0],[73.87836,34.756943,0.0],[73.878183,34.756604,0.0],[73.878051,34.756227,0.0],[73.87792,34.75585,0.0],[73.877696,34.755509,0.0],[73.877061,34.755353,0.0],[73.877016,34.755353,0.0],[73.876609,34.755123,0.0],[73.876202,34.754932,0.0],[73.875658,34.754701,0.0],[73.875252,34.754472,0.0],[73.874845,34.754243,0.0],[73.87453,34.753977,0.0],[73.874215,34.753711,0.0],[73.8739,34.753445,0.0],[73.873585,34.753179,0.0],[73.873315,34.752876,0.0],[73.872955,34.752572,0.0],[73.87264,34.752306,0.0],[73.87228,34.752039,0.0],[73.871919,34.751773,0.0],[73.871512,34.751544,0.0],[73.87106,34.751314,0.0],[73.870653,34.751122,0.0],[73.870155,34.750892,0.0],[73.869748,34.750701,0.0],[73.869294,34.750584,0.0],[73.868841,34.750467,0.0],[73.868386,34.750425,0.0],[73.867931,34.750421,0.0],[73.867475,34.750416,0.0],[73.866975,34.750412,0.0],[73.866474,34.750407,0.0],[73.866019,34.750403,0.0],[73.865563,34.750399,0.0],[73.865107,34.75047,0.0],[73.86492,34.750806,0.0],[73.864915,34.751182,0.0],[73.865047,34.751559,0.0],[73.865087,34.751973,0.0],[73.864977,34.752191,0.0],[73.865111,34.75236,0.0],[73.865235,34.752734,0.0],[73.865423,34.753108,0.0],[73.865611,34.753482,0.0],[73.865806,34.753771,0.0]]]}},{"type":"Feature","properties":{"rgi_id":"RGI2000-v7.0-G-14-24985","o1region":"14"},"geometry":{"type":"Polygon","coordinates":[[[73.883841,34.753465,0.0],[73.883982,34.753091,0.0],[73.884033,34.752716,0.0],[73.883859,34.752113,0.0],[73.883859,34.752075,0.0],[73.884182,34.751815,0.0],[73.884189,34.751289,0.0],[73.884143,34.751289,0.0],[73.883688,34.751284,0.0],[73.883233,34.75128,0.0],[73.882825,34.751126,0.0],[73.882372,34.750972,0.0],[73.881915,34.75108,0.0],[73.881728,34.751417,0.0],[73.881451,34.751715,0.0],[73.881219,34.752051,0.0],[73.880852,34.752273,0.0],[73.880439,34.752457,0.0],[73.880117,34.752717,0.0],[73.879795,34.752977,0.0],[73.879563,34.753313,0.0],[73.879376,34.75365,0.0],[73.879144,34.753986,0.0],[73.879048,34.754361,0.0],[73.879225,34.754701,0.0],[73.879726,34.754705,0.0],[73.880181,34.75471,0.0],[73.880637,34.754714,0.0],[73.881092,34.754718,0.0],[73.881548,34.754647,0.0],[73.881915,34.754425,0.0],[73.882283,34.754203,0.0],[73.882605,34.753943,0.0],[73.882972,34.753721,0.0],[73.883429,34.753612,0.0],[73.883841,34.753465,0.0]]]}},{"type":"Feature","properties":{"rgi_id":"RGI2000-v7.0-G-14-24986","o1region":"14"},"geometry":{"type":"Polygon","coordinates":[[[73.875174,34.745167,0.0],[73.875351,34.745507,0.0],[73.875574,34.745847,0.0],[73.875843,34.74615,0.0],[73.876204,34.746416,0.0],[73.876565,34.746645,0.0],[73.876834,34.746948,0.0],[73.877195,34.747177,0.0],[73.877602,34.747406,0.0],[73.878009,34.747598,0.0],[73.878463,34.747715,0.0],[73.878917,34.747757,0.0],[73.879373,34.747761,0.0],[73.879829,34.74769,0.0],[73.880151,34.74743,0.0],[73.880202,34.747055,0.0],[73.880207,34.746679,0.0],[73.880167,34.746265,0.0],[73.880081,34.745888,0.0],[73.879995,34.745512,0.0],[73.879909,34.745098,0.0],[73.879869,34.744722,0.0],[73.879829,34.744308,0.0],[73.879743,34.743931,0.0],[73.879703,34.743555,0.0],[73.879617,34.743178,0.0],[73.879485,34.742801,0.0],[73.879354,34.742387,0.0],[73.879223,34.741972,0.0],[73.879047,34.74152,0.0],[73.878961,34.741143,0.0],[73.87883,34.740728,0.0],[73.878699,34.740351,0.0],[73.878568,34.739937,0.0],[73.878482,34.73956,0.0],[73.878441,34.739184,0.0],[73.87831,34.738807,0.0],[73.878224,34.73843,0.0],[73.878046,34.738091,0.0],[73.877869,34.737751,0.0],[73.877601,34.737372,0.0],[73.877395,34.737141,0.0],[73.8773,34.737106,0.0],[73.876851,34.736996,0.0],[73.876338,34.736832,0.0],[73.875887,34.736827,0.0],[73.875625,34.737144,0.0],[73.87562,34.737516,0.0],[73.875744,34.73789,0.0],[73.875868,34.738263,0.0],[73.87612,34.738637,0.0],[73.876439,34.738906,0.0],[73.876692,34.739228,0.0],[73.876945,34.739549,0.0],[73.877005,34.739922,0.0],[73.876999,34.740294,0.0],[73.876801,34.740664,0.0],[73.876348,34.74082,0.0],[73.875895,34.740975,0.0],[73.87557,34.741238,0.0],[73.875499,34.741295,0.0],[73.875495,34.7416,0.0],[73.87549,34.741975,0.0],[73.875485,34.742351,0.0],[73.87548,34.742727,0.0],[73.875149,34.743626,0.0],[73.875148,34.743663,0.0],[73.875098,34.744039,0.0],[73.875047,34.744414,0.0],[73.875042,34.74479,0.0],[73.875174,34.745167,0.0]]]}},{"type":"Feature","properties":{"rgi_id":"RGI2000-v7.0-G-14-24987","o1region":"14"},"geometry":{"type":"Polygon","coordinates":[[[73.865806,34.753771,0.0],[73.865611,34.753482,0.0],[73.865423,34.753108,0.0],[73.865235,34.752734,0.0],[73.865111,34.75236,0.0],[73.864977,34.752191,0.0],[73.864899,34.752347,0.0],[73.864531,34.752606,0.0],[73.864164,34.752828,0.0],[73.863752,34.752975,0.0],[73.863296,34.753083,0.0],[73.86284,34.753117,0.0],[73.862385,34.753112,0.0],[73.861884,34.753108,0.0],[73.861429,34.753066,0.0],[73.860974,34.753062,0.0],[73.860519,34.75302,0.0],[73.860063,34.753091,0.0],[73.85974,34.753388,0.0],[73.859508,34.753724,0.0],[73.859321,34.754061,0.0],[73.859179,34.754435,0.0],[73.859128,34.754811,0.0],[73.859123,34.755186,0.0],[73.859301,34.755526,0.0],[73.859708,34.75568,0.0],[73.860163,34.755722,0.0],[73.860618,34.755726,0.0],[73.861031,34.755505,0.0],[73.861443,34.755358,0.0],[73.861855,34.755212,0.0],[73.862267,34.755065,0.0],[73.862679,34.754881,0.0],[73.863181,34.754773,0.0],[73.863638,34.754702,0.0],[73.864094,34.754594,0.0],[73.864506,34.754447,0.0],[73.864874,34.754188,0.0],[73.865242,34.753928,0.0],[73.865654,34.753744,0.0],[73.865806,34.753771,0.0]]]}},{"type":"Feature","properties":{"rgi_id":"RGI2000-v7.0-G-14-24988","o1region":"14"},"geometry":{"type":"Polygon","coordinates":[[[73.856926,34.75397,0.0],[73.85687,34.75397,0.0],[73.856652,34.753599,0.0],[73.856434,34.753228,0.0],[73.856103,34.752949,0.0],[73.855715,34.752761,0.0],[73.855271,34.752573,0.0],[73.854883,34.752385,0.0],[73.854437,34.752334,0.0],[73.853989,34.752422,0.0],[73.853595,34.752649,0.0],[73.853423,34.753016,0.0],[73.853529,34.753385,0.0],[73.853804,34.75371,0.0],[73.853853,34.754172,0.0],[73.853792,34.754539,0.0],[73.853564,34.754906,0.0],[73.853895,34.755185,0.0],[73.854343,34.755097,0.0],[73.854789,34.755102,0.0],[73.855236,34.75506,0.0],[73.85563,34.754879,0.0],[73.856078,34.754745,0.0],[73.856472,34.754519,0.0],[73.856926,34.75397,0.0]]]}},{"type":"Feature","properties":{"rgi_id":"RGI2000-v7.0-G-14-24989","o1region":"14"},"geometry":{"type":"Polygon","coordinates":[[[73.842064,34.749012,0.0],[73.842425,34.749241,0.0],[73.842879,34.749321,0.0],[73.843334,34.749325,0.0],[73.84379,34.749292,0.0],[73.844112,34.749032,0.0],[73.844299,34.748695,0.0],[73.844441,34.748321,0.0],[73.844673,34.747985,0.0],[73.844905,34.747649,0.0],[73.845092,34.747313,0.0],[73.845505,34.747129,0.0],[73.84596,34.747133,0.0],[73.846415,34.747175,0.0],[73.84687,34.747142,0.0],[73.847282,34.746995,0.0],[73.847649,34.746773,0.0],[73.847927,34.746475,0.0],[73.848159,34.746139,0.0],[73.848346,34.745765,0.0],[73.848397,34.74539,0.0],[73.848402,34.745014,0.0],[73.848407,34.744638,0.0],[73.848092,34.744372,0.0],[73.847685,34.744218,0.0],[73.847232,34.744026,0.0],[73.847055,34.743686,0.0],[73.847015,34.74331,0.0],[73.84702,34.742934,0.0],[73.847071,34.742559,0.0],[73.847121,34.742183,0.0],[73.847264,34.741771,0.0],[73.847586,34.741511,0.0],[73.847953,34.741289,0.0],[73.848231,34.740954,0.0],[73.848236,34.740578,0.0],[73.848241,34.740202,0.0],[73.848247,34.739826,0.0],[73.848252,34.739451,0.0],[73.848075,34.739073,0.0],[73.847714,34.738844,0.0],[73.847306,34.73869,0.0],[73.846853,34.738573,0.0],[73.846398,34.738531,0.0],[73.845944,34.738452,0.0],[73.84549,34.738335,0.0],[73.845129,34.738106,0.0],[73.844768,34.737877,0.0],[73.844407,34.737648,0.0],[73.844,34.737494,0.0],[73.843685,34.737228,0.0],[73.843507,34.736888,0.0],[73.843422,34.736511,0.0],[73.842943,34.736006,0.0],[73.842882,34.736005,0.0],[73.842397,34.736,0.0],[73.841974,34.735896,0.0],[73.84155,34.735792,0.0],[73.841127,34.735688,0.0],[73.840582,34.735582,0.0],[73.840158,34.735478,0.0],[73.839674,34.735423,0.0],[73.839188,34.735419,0.0],[73.838765,34.735314,0.0],[73.83828,34.73526,0.0],[73.837795,34.735205,0.0],[73.83731,34.7352,0.0],[73.836824,34.735196,0.0],[73.836339,34.735191,0.0],[73.835852,34.735237,0.0],[73.835366,34.735282,0.0],[73.83494,34.735378,0.0],[73.834573,34.735575,0.0],[73.834507,34.735975,0.0],[73.834868,34.736179,0.0],[73.835229,34.736433,0.0],[73.835528,34.736737,0.0],[73.835522,34.737137,0.0],[73.835884,34.737341,0.0],[73.836368,34.737396,0.0],[73.836854,34.737401,0.0],[73.8374,34.737406,0.0],[73.837885,34.737461,0.0],[73.83837,34.737465,0.0],[73.838855,34.73752,0.0],[73.839339,34.737625,0.0],[73.839824,34.73773,0.0],[73.840307,34.737885,0.0],[73.840729,34.738089,0.0],[73.84109,34.738293,0.0],[73.841329,34.738596,0.0],[73.841567,34.738949,0.0],[73.841805,34.739302,0.0],[73.841894,34.739415,0.0],[73.841923,34.739541,0.0],[73.842008,34.739918,0.0],[73.842094,34.740294,0.0],[73.842272,34.740634,0.0],[73.842587,34.7409,0.0],[73.842902,34.741166,0.0],[73.843047,34.741259,0.0],[73.843229,34.74162,0.0],[73.843346,34.741972,0.0],[73.843401,34.742374,0.0],[73.843395,34.742774,0.0],[73.842509,34.743192,0.0],[73.842464,34.743191,0.0],[73.842186,34.743489,0.0],[73.841999,34.743863,0.0],[73.841812,34.744237,0.0],[73.841625,34.744574,0.0],[73.841529,34.744949,0.0],[73.841432,34.745324,0.0],[73.841381,34.745699,0.0],[73.841376,34.746075,0.0],[73.841371,34.74645,0.0],[73.841366,34.746826,0.0],[73.84136,34.747202,0.0],[73.841401,34.747578,0.0],[73.841532,34.747955,0.0],[73.841663,34.748332,0.0],[73.841795,34.748709,0.0],[73.842064,34.749012,0.0]]]}},{"type":"Feature","properties":{"rgi_id":"RGI2000-v7.0-G-14-24990","o1region":"14"},"geometry":{"type":"Polygon","coordinates":[[[73.830369,34.741002,0.0],[73.830429,34.741003,0.0],[73.830844,34.741155,0.0],[73.83132,34.741208,0.0],[73.831795,34.741311,0.0],[73.83221,34.741463,0.0],[73.832685,34.741566,0.0],[73.8331,34.741717,0.0],[73.833636,34.741772,0.0],[73.834171,34.741826,0.0],[73.834647,34.741929,0.0],[73.835068,34.741638,0.0],[73.835251,34.741295,0.0],[73.835729,34.741251,0.0],[73.836205,34.741255,0.0],[73.836684,34.741112,0.0],[73.837104,34.740919,0.0],[73.83764,34.740925,0.0],[73.838118,34.74088,0.0],[73.837944,34.740534,0.0],[73.837529,34.740382,0.0],[73.837053,34.740329,0.0],[73.836577,34.740275,0.0],[73.8361,34.74027,0.0],[73.835623,34.740266,0.0],[73.835146,34.74031,0.0],[73.834669,34.740355,0.0],[73.834132,34.74035,0.0],[73.833656,34.740296,0.0],[73.83318,34.740292,0.0],[73.832766,34.740091,0.0],[73.832472,34.739793,0.0],[73.832358,34.739398,0.0],[73.832719,34.739156,0.0],[73.833081,34.738864,0.0],[73.833147,34.738422,0.0],[73.833152,34.738029,0.0],[73.833098,34.737634,0.0],[73.833044,34.73724,0.0],[73.833169,34.736848,0.0],[73.832875,34.73655,0.0],[73.832398,34.736546,0.0],[73.831979,34.736689,0.0],[73.831618,34.736932,0.0],[73.831139,34.737124,0.0],[73.830778,34.737366,0.0],[73.830653,34.737759,0.0],[73.83047,34.738101,0.0],[73.830404,34.738494,0.0],[73.830819,34.738646,0.0],[73.831239,34.738453,0.0],[73.831714,34.738556,0.0],[73.831709,34.738949,0.0],[73.831584,34.739342,0.0],[73.831401,34.739684,0.0],[73.831217,34.740027,0.0],[73.831033,34.740369,0.0],[73.830369,34.741002,0.0]]]}},{"type":"Feature","properties":{"rgi_id":"RGI2000-v7.0-G-14-24991","o1region":"14"},"geometry":{"type":"Polygon","coordinates":[[[73.829385,34.738927,0.0],[73.829386,34.738878,0.0],[73.82957,34.738535,0.0],[73.829694,34.738143,0.0],[73.829879,34.737751,0.0],[73.830122,34.737409,0.0],[73.830366,34.737018,0.0],[73.830609,34.736676,0.0],[73.830675,34.736234,0.0],[73.830561,34.735839,0.0],[73.830507,34.735445,0.0],[73.830393,34.735051,0.0],[73.829856,34.735144,0.0],[73.829554,34.735436,0.0],[73.829077,34.735431,0.0],[73.828479,34.735573,0.0],[73.828236,34.735915,0.0],[73.82829,34.736309,0.0],[73.828106,34.736652,0.0],[73.827745,34.736894,0.0],[73.827385,34.737137,0.0],[73.82726,34.737529,0.0],[73.827674,34.73773,0.0],[73.827908,34.738077,0.0],[73.828021,34.738471,0.0],[73.828195,34.738817,0.0],[73.829385,34.738927,0.0]]]}},{"type":"Feature","properties":{"rgi_id":"RGI2000-v7.0-G-14-24992","o1region":"14"},"geometry":{"type":"Polygon","coordinates":[[[73.819168,34.731736,0.0],[73.818819,34.731889,0.0],[73.818279,34.732179,0.0],[73.817976,34.732471,0.0],[73.817496,34.732762,0.0],[73.817134,34.733053,0.0],[73.816714,34.733246,0.0],[73.816531,34.733589,0.0],[73.816644,34.733983,0.0],[73.816937,34.73433,0.0],[73.817291,34.73458,0.0],[73.817585,34.734878,0.0],[73.817818,34.735224,0.0],[73.818171,34.735523,0.0],[73.818405,34.73587,0.0],[73.818694,34.736073,0.0],[73.818841,34.736388,0.0],[73.819018,34.736728,0.0],[73.819241,34.737106,0.0],[73.819372,34.737483,0.0],[73.819412,34.737859,0.0],[73.819452,34.738235,0.0],[73.819492,34.738612,0.0],[73.819577,34.739026,0.0],[73.819572,34.739402,0.0],[73.819567,34.739777,0.0],[73.819561,34.740153,0.0],[73.819511,34.740528,0.0],[73.819319,34.741203,0.0],[73.819318,34.741278,0.0],[73.818995,34.741576,0.0],[73.818628,34.741797,0.0],[73.81826,34.742019,0.0],[73.817938,34.742279,0.0],[73.817796,34.742654,0.0],[73.817654,34.743028,0.0],[73.817512,34.743403,0.0],[73.817416,34.743777,0.0],[73.81741,34.744153,0.0],[73.817359,34.744529,0.0],[73.817354,34.744889,0.0],[73.817198,34.745302,0.0],[73.817014,34.745645,0.0],[73.81683,34.745988,0.0],[73.816647,34.74633,0.0],[73.816286,34.746573,0.0],[73.815865,34.746814,0.0],[73.815445,34.747007,0.0],[73.815025,34.7472,0.0],[73.814664,34.747491,0.0],[73.814479,34.747883,0.0],[73.814473,34.748326,0.0],[73.814467,34.748719,0.0],[73.814945,34.748675,0.0],[73.815364,34.748531,0.0],[73.815666,34.748239,0.0],[73.816029,34.747849,0.0],[73.816391,34.747557,0.0],[73.816752,34.747315,0.0],[73.817172,34.747122,0.0],[73.817591,34.746979,0.0],[73.818071,34.746737,0.0],[73.818373,34.746445,0.0],[73.818557,34.746103,0.0],[73.818712,34.745854,0.0],[73.819119,34.745635,0.0],[73.819532,34.745414,0.0],[73.8199,34.745192,0.0],[73.820222,34.744932,0.0],[73.820589,34.74471,0.0],[73.820957,34.744488,0.0],[73.821324,34.744266,0.0],[73.821691,34.744044,0.0],[73.822103,34.743898,0.0],[73.822471,34.743676,0.0],[73.822838,34.743417,0.0],[73.823161,34.743157,0.0],[73.823484,34.742859,0.0],[73.823852,34.7426,0.0],[73.824219,34.742378,0.0],[73.824587,34.742118,0.0],[73.824954,34.741896,0.0],[73.825322,34.741637,0.0],[73.825599,34.741339,0.0],[73.825877,34.741041,0.0],[73.826064,34.740667,0.0],[73.82607,34.740291,0.0],[73.826075,34.739915,0.0],[73.826035,34.739539,0.0],[73.825994,34.739163,0.0],[73.825587,34.739009,0.0],[73.825226,34.73878,0.0],[73.825221,34.739156,0.0],[73.825124,34.739568,0.0],[73.824711,34.739789,0.0],[73.824303,34.739635,0.0],[73.824172,34.739258,0.0],[73.824177,34.738882,0.0],[73.824455,34.738584,0.0],[73.824777,34.738324,0.0],[73.825055,34.738027,0.0],[73.825151,34.737652,0.0],[73.825247,34.737277,0.0],[73.825298,34.736901,0.0],[73.825349,34.736526,0.0],[73.8254,34.736151,0.0],[73.825587,34.735814,0.0],[73.825954,34.735555,0.0],[73.826277,34.735295,0.0],[73.82706,34.734664,0.0],[73.827151,34.734665,0.0],[73.827562,34.734518,0.0],[73.82793,34.734296,0.0],[73.828162,34.73396,0.0],[73.828167,34.733584,0.0],[73.827945,34.733244,0.0],[73.827537,34.73309,0.0],[73.827083,34.732973,0.0],[73.826676,34.732781,0.0],[73.82627,34.732589,0.0],[73.825909,34.73236,0.0],[73.825594,34.732094,0.0],[73.825325,34.731791,0.0],[73.825056,34.731488,0.0],[73.824742,34.731184,0.0],[73.824427,34.73088,0.0],[73.824159,34.730577,0.0],[73.823844,34.730311,0.0],[73.82339,34.730231,0.0],[73.822934,34.730227,0.0],[73.822479,34.730223,0.0],[73.822272,34.730236,0.0],[73.822114,34.730332,0.0],[73.821702,34.730478,0.0],[73.821335,34.7307,0.0],[73.820922,34.730922,0.0],[73.82042,34.730992,0.0],[73.819965,34.730987,0.0],[73.819703,34.730985,0.0],[73.819461,34.731208,0.0],[73.819274,34.731544,0.0],[73.819168,34.731736,0.0]]]}},{"type":"Feature","properties":{"rgi_id":"RGI2000-v7.0-G-14-24993","o1region":"14"},"geometry":{"type":"Polygon","coordinates":[[[73.816024,34.73988,0.0],[73.816024,34.739831,0.0],[73.815911,34.739436,0.0],[73.815858,34.738993,0.0],[73.815982,34.738601,0.0],[73.816285,34.738259,0.0],[73.816588,34.737918,0.0],[73.816772,34.737575,0.0],[73.816955,34.737233,0.0],[73.816662,34.736935,0.0],[73.816184,34.736979,0.0],[73.815764,34.737221,0.0],[73.815462,34.737513,0.0],[73.8151,34.737805,0.0],[73.814798,34.738097,0.0],[73.814496,34.738389,0.0],[73.81443,34.738782,0.0],[73.814484,34.739176,0.0],[73.814301,34.739519,0.0],[73.814295,34.739912,0.0],[73.814469,34.740258,0.0],[73.814946,34.740214,0.0],[73.815422,34.740268,0.0],[73.815837,34.740419,0.0],[73.816024,34.73988,0.0]]]}},{"type":"Feature","properties":{"rgi_id":"RGI2000-v7.0-G-14-24994","o1region":"14"},"geometry":{"type":"Polygon","coordinates":[[[73.808128,34.737835,0.0],[73.808069,34.737786,0.0],[73.807775,34.737488,0.0],[73.807421,34.737238,0.0],[73.807067,34.736989,0.0],[73.806653,34.736788,0.0],[73.806118,34.736684,0.0],[73.805703,34.736533,0.0],[73.805401,34.736825,0.0],[73.805515,34.737219,0.0],[73.805509,34.737613,0.0],[73.805147,34.737905,0.0],[73.805022,34.738297,0.0],[73.805437,34.738448,0.0],[73.805974,34.738405,0.0],[73.806511,34.738361,0.0],[73.806989,34.738267,0.0],[73.808128,34.737835,0.0]]]}},{"type":"Feature","properties":{"rgi_id":"RGI2000-v7.0-G-14-24995","o1region":"14"},"geometry":{"type":"Polygon","coordinates":[[[73.83372,34.743333,0.0],[73.833907,34.742997,0.0],[73.833502,34.742692,0.0],[73.833456,34.742692,0.0],[73.833001,34.742688,0.0],[73.832546,34.742683,0.0],[73.832047,34.742528,0.0],[73.83164,34.742374,0.0],[73.831232,34.74222,0.0],[73.830779,34.742065,0.0],[73.830324,34.742023,0.0],[73.82987,34.741944,0.0],[73.829415,34.741939,0.0],[73.828959,34.741972,0.0],[73.828547,34.742156,0.0],[73.828315,34.742492,0.0],[73.828173,34.742867,0.0],[73.828213,34.743243,0.0],[73.828436,34.743583,0.0],[73.828705,34.743887,0.0],[73.829019,34.74419,0.0],[73.829518,34.744308,0.0],[73.829972,34.744387,0.0],[73.830427,34.744429,0.0],[73.830883,34.744358,0.0],[73.831296,34.744137,0.0],[73.831709,34.743953,0.0],[73.832164,34.74392,0.0],[73.83262,34.743924,0.0],[73.833075,34.743891,0.0],[73.833353,34.743555,0.0],[73.83372,34.743333,0.0]]]}},{"type":"Feature","properties":{"rgi_id":"RGI2000-v7.0-G-14-24996","o1region":"14"},"geometry":{"type":"Polygon","coordinates":[[[73.833448,34.774061,0.0],[73.832558,34.773806,0.0],[73.832144,34.773556,0.0],[73.83173,34.773306,0.0],[73.831252,34.7734,0.0],[73.83095,34.773692,0.0],[73.830824,34.774134,0.0],[73.830463,34.774376,0.0],[73.83016,34.774718,0.0],[73.82974,34.77491,0.0],[73.82932,34.775103,0.0],[73.828958,34.775395,0.0],[73.828539,34.775538,0.0],[73.828177,34.77583,0.0],[73.827816,34.776073,0.0],[73.827632,34.776415,0.0],[73.827926,34.776713,0.0],[73.828402,34.776767,0.0],[73.828939,34.776772,0.0],[73.829353,34.777022,0.0],[73.829527,34.777368,0.0],[73.829888,34.777076,0.0],[73.83031,34.776736,0.0],[73.830672,34.776444,0.0],[73.831033,34.776202,0.0],[73.831395,34.775959,0.0],[73.831756,34.775717,0.0],[73.832237,34.775426,0.0],[73.83254,34.775085,0.0],[73.832842,34.774744,0.0],[73.833145,34.774451,0.0],[73.833448,34.77411,0.0],[73.833448,34.774061,0.0]]]}},{"type":"Feature","properties":{"rgi_id":"RGI2000-v7.0-G-14-24997","o1region":"14"},"geometry":{"type":"Polygon","coordinates":[[[73.840215,34.781608,0.0],[73.840555,34.781655,0.0],[73.841034,34.781561,0.0],[73.841453,34.781417,0.0],[73.841815,34.781126,0.0],[73.842177,34.780834,0.0],[73.842538,34.780542,0.0],[73.8429,34.780251,0.0],[73.843202,34.779958,0.0],[73.843376,34.780304,0.0],[73.843371,34.780698,0.0],[73.843665,34.780996,0.0],[73.843898,34.781342,0.0],[73.84407,34.781596,0.0],[73.844307,34.781599,0.0],[73.844706,34.781602,0.0],[73.844932,34.781399,0.0],[73.845278,34.781149,0.0],[73.845623,34.780842,0.0],[73.846036,34.780677,0.0],[73.846482,34.78054,0.0],[73.84686,34.780346,0.0],[73.847239,34.780153,0.0],[73.847651,34.779959,0.0],[73.848064,34.779766,0.0],[73.848409,34.779516,0.0],[73.848584,34.779179,0.0],[73.848692,34.778814,0.0],[73.848732,34.778419,0.0],[73.848737,34.778053,0.0],[73.848742,34.777687,0.0],[73.848781,34.777321,0.0],[73.848786,34.776954,0.0],[73.848792,34.77656,0.0],[73.848797,34.776193,0.0],[73.848734,34.775798,0.0],[73.848636,34.775431,0.0],[73.848471,34.775063,0.0],[73.848201,34.774779,0.0],[73.847863,34.774522,0.0],[73.84749,34.774321,0.0],[73.847048,34.774204,0.0],[73.846605,34.774143,0.0],[73.846127,34.774082,0.0],[73.84572,34.77391,0.0],[73.84412,34.7735,0.0],[73.844086,34.773499,0.0],[73.843609,34.77341,0.0],[73.843166,34.773322,0.0],[73.842759,34.773177,0.0],[73.842316,34.77306,0.0],[73.841872,34.773056,0.0],[73.841428,34.773051,0.0],[73.840984,34.773075,0.0],[73.840672,34.773354,0.0],[73.840429,34.773662,0.0],[73.84039,34.774028,0.0],[73.840728,34.774285,0.0],[73.8411,34.774514,0.0],[73.841439,34.774743,0.0],[73.841812,34.774943,0.0],[73.842254,34.775032,0.0],[73.842662,34.775177,0.0],[73.843035,34.775378,0.0],[73.843373,34.775635,0.0],[73.843163,34.775999,0.0],[73.843124,34.776365,0.0],[73.843359,34.776677,0.0],[73.843732,34.776878,0.0],[73.843966,34.777191,0.0],[73.84403,34.777558,0.0],[73.843684,34.777836,0.0],[73.843441,34.778144,0.0],[73.843163,34.778451,0.0],[73.842717,34.77856,0.0],[73.842272,34.77864,0.0],[73.841928,34.778862,0.0],[73.84165,34.779141,0.0],[73.841373,34.779421,0.0],[73.840995,34.779614,0.0],[73.840616,34.779808,0.0],[73.840441,34.780145,0.0],[73.840436,34.780511,0.0],[73.840294,34.780876,0.0],[73.840152,34.781241,0.0],[73.840215,34.781608,0.0]]]}},{"type":"Feature","properties":{"rgi_id":"RGI2000-v7.0-G-14-24998","o1region":"14"},"geometry":{"type":"Polygon","coordinates":[[[73.840175,34.787515,0.0],[73.840212,34.787542,0.0],[73.840596,34.787745,0.0],[73.841029,34.787908,0.0],[73.841413,34.788111,0.0],[73.841845,34.788315,0.0],[73.842229,34.788518,0.0],[73.842661,34.788721,0.0],[73.843044,34.789004,0.0],[73.843379,34.789247,0.0],[73.843714,34.789489,0.0],[73.844146,34.789733,0.0],[73.844627,34.789897,0.0],[73.84506,34.79002,0.0],[73.845493,34.790184,0.0],[73.845877,34.790387,0.0],[73.846261,34.79059,0.0],[73.846547,34.790872,0.0],[73.846881,34.791154,0.0],[73.847167,34.791436,0.0],[73.847453,34.791718,0.0],[73.84774,34.792,0.0],[73.847865,34.792239,0.0],[73.847991,34.792336,0.0],[73.84833,34.792564,0.0],[73.848703,34.792793,0.0],[73.849041,34.793022,0.0],[73.849279,34.793203,0.0],[73.849377,34.793249,0.0],[73.849792,34.793401,0.0],[73.850206,34.79365,0.0],[73.850619,34.793999,0.0],[73.850973,34.794297,0.0],[73.851327,34.794546,0.0],[73.851501,34.794892,0.0],[73.851794,34.79524,0.0],[73.852028,34.795586,0.0],[73.852321,34.795933,0.0],[73.852615,34.796231,0.0],[73.852819,34.796437,0.0],[73.852968,34.796579,0.0],[73.853262,34.796877,0.0],[73.853616,34.797175,0.0],[73.85397,34.797424,0.0],[73.854385,34.797625,0.0],[73.854739,34.797874,0.0],[73.855214,34.798076,0.0],[73.855692,34.797982,0.0],[73.856111,34.797838,0.0],[73.856474,34.797497,0.0],[73.856479,34.797104,0.0],[73.856425,34.79671,0.0],[73.856371,34.796316,0.0],[73.856376,34.795922,0.0],[73.856501,34.79553,0.0],[73.856574,34.795374,0.0],[73.85646,34.795121,0.0],[73.856294,34.794782,0.0],[73.856162,34.794414,0.0],[73.855997,34.794018,0.0],[73.855797,34.793678,0.0],[73.855562,34.793365,0.0],[73.855293,34.793081,0.0],[73.855058,34.792769,0.0],[73.854754,34.792484,0.0],[73.854519,34.792172,0.0],[73.854319,34.791832,0.0],[73.85405,34.791519,0.0],[73.853781,34.791178,0.0],[73.853513,34.790838,0.0],[73.853278,34.790525,0.0],[73.852974,34.790241,0.0],[73.852637,34.789956,0.0],[73.852299,34.789643,0.0],[73.851962,34.789357,0.0],[73.851623,34.789129,0.0],[73.851285,34.7889,0.0],[73.851085,34.78856,0.0],[73.850987,34.788193,0.0],[73.850753,34.787852,0.0],[73.850311,34.787679,0.0],[73.849868,34.78759,0.0],[73.849424,34.787558,0.0],[73.848946,34.787553,0.0],[73.848366,34.787548,0.0],[73.847887,34.787543,0.0],[73.847444,34.787511,0.0],[73.847,34.787479,0.0],[73.846557,34.787418,0.0],[73.846114,34.787329,0.0],[73.845671,34.78724,0.0],[73.845228,34.787152,0.0],[73.844786,34.787007,0.0],[73.84431,34.786833,0.0],[73.843868,34.78666,0.0],[73.843392,34.786542,0.0],[73.842984,34.786398,0.0],[73.842995,34.786332,0.0],[73.842646,34.786328,0.0],[73.842163,34.786324,0.0],[73.842,34.786292,0.0],[73.841564,34.786288,0.0],[73.841087,34.786284,0.0],[73.840667,34.786476,0.0],[73.840365,34.786769,0.0],[73.84018,34.78716,0.0],[73.840175,34.787515,0.0]]]}},{"type":"Feature","properties":{"rgi_id":"RGI2000-v7.0-G-14-24999","o1region":"14"},"geometry":{"type":"Polygon","coordinates":[[[73.86686,34.775616,0.0],[73.866884,34.775684,0.0],[73.866834,34.775713,0.0],[73.866829,34.776107,0.0],[73.866883,34.776501,0.0],[73.866818,34.776894,0.0],[73.866693,34.777286,0.0],[73.866569,34.777679,0.0],[73.866623,34.778073,0.0],[73.866977,34.778322,0.0],[73.867392,34.778523,0.0],[73.867806,34.778723,0.0],[73.86822,34.778973,0.0],[73.868574,34.779222,0.0],[73.868869,34.77952,0.0],[73.869283,34.779721,0.0],[73.869759,34.779774,0.0],[73.869918,34.779792,0.0],[73.870036,34.779892,0.0],[73.870351,34.780195,0.0],[73.870666,34.780461,0.0],[73.870981,34.780727,0.0],[73.871296,34.780993,0.0],[73.871657,34.781222,0.0],[73.872112,34.781264,0.0],[73.872567,34.781306,0.0],[73.873023,34.78131,0.0],[73.873435,34.781164,0.0],[73.873847,34.780979,0.0],[73.874304,34.780833,0.0],[73.874717,34.780649,0.0],[73.875176,34.78039,0.0],[73.875453,34.780092,0.0],[73.87564,34.779718,0.0],[73.875679,34.779434,0.0],[73.875785,34.779486,0.0],[73.876261,34.779539,0.0],[73.876676,34.779691,0.0],[73.87685,34.780037,0.0],[73.877212,34.779745,0.0],[73.877396,34.779402,0.0],[73.877579,34.77906,0.0],[73.877704,34.778667,0.0],[73.877709,34.778274,0.0],[73.877655,34.77788,0.0],[73.877601,34.777437,0.0],[73.877427,34.777091,0.0],[73.877373,34.776697,0.0],[73.877318,34.776303,0.0],[73.876843,34.7762,0.0],[73.876367,34.776146,0.0],[73.87589,34.776093,0.0],[73.875716,34.775747,0.0],[73.875301,34.775595,0.0],[73.874882,34.775739,0.0],[73.874757,34.776131,0.0],[73.874396,34.776423,0.0],[73.873857,34.776566,0.0],[73.873629,34.77661,0.0],[73.873588,34.77658,0.0],[73.873182,34.776276,0.0],[73.872867,34.77601,0.0],[73.872552,34.775744,0.0],[73.872501,34.775471,0.0],[73.872506,34.775077,0.0],[73.872572,34.774635,0.0],[73.872745,34.774391,0.0],[73.872515,34.774389,0.0],[73.872247,34.774386,0.0],[73.872457,34.77429,0.0],[73.872877,34.774097,0.0],[73.873355,34.774003,0.0],[73.873951,34.774009,0.0],[73.874488,34.774014,0.0],[73.875025,34.773969,0.0],[73.875621,34.773975,0.0],[73.876158,34.77398,0.0],[73.876634,34.773984,0.0],[73.877231,34.773941,0.0],[73.877709,34.773896,0.0],[73.878187,34.773802,0.0],[73.878311,34.773409,0.0],[73.878317,34.773016,0.0],[73.878262,34.772622,0.0],[73.877848,34.772421,0.0],[73.877311,34.772416,0.0],[73.876835,34.772412,0.0],[73.876297,34.772456,0.0],[73.875821,34.772452,0.0],[73.875344,34.772447,0.0],[73.874866,34.772541,0.0],[73.874388,34.772586,0.0],[73.87391,34.77268,0.0],[73.873491,34.772824,0.0],[73.873071,34.772967,0.0],[73.87271,34.773259,0.0],[73.872408,34.773552,0.0],[73.872106,34.773844,0.0],[73.871685,34.774086,0.0],[73.871147,34.774179,0.0],[73.871079,34.7742,0.0],[73.871028,34.774178,0.0],[73.870735,34.773831,0.0],[73.870621,34.773437,0.0],[73.870567,34.773043,0.0],[73.870333,34.772696,0.0],[73.869857,34.772593,0.0],[73.869442,34.772442,0.0],[73.869088,34.772193,0.0],[73.868854,34.771846,0.0],[73.86868,34.7715,0.0],[73.868204,34.771397,0.0],[73.867961,34.771739,0.0],[73.867837,34.772132,0.0],[73.867653,34.772474,0.0],[73.867588,34.772917,0.0],[73.867701,34.773311,0.0],[73.867995,34.773609,0.0],[73.86835,34.773858,0.0],[73.868764,34.774059,0.0],[73.86924,34.774162,0.0],[73.869715,34.774265,0.0],[73.87013,34.774465,0.0],[73.870137,34.774514,0.0],[73.869653,34.774461,0.0],[73.869116,34.774505,0.0],[73.868636,34.774697,0.0],[73.86859,34.774722,0.0],[73.868157,34.774615,0.0],[73.867708,34.774505,0.0],[73.867255,34.774607,0.0],[73.866929,34.774923,0.0],[73.86673,34.775293,0.0],[73.866703,34.775439,0.0],[73.86686,34.775616,0.0]]]}},{"type":"Feature","properties":{"rgi_id":"RGI2000-v7.0-G-14-25000","o1region":"14"},"geometry":{"type":"Polygon","coordinates":[[[73.900287,34.766146,0.0],[73.900288,34.766096,0.0],[73.900233,34.765702,0.0],[73.900239,34.765309,0.0],[73.900304,34.764867,0.0],[73.90043,34.764376,0.0],[73.900554,34.763984,0.0],[73.900619,34.763591,0.0],[73.900744,34.763198,0.0],[73.900689,34.762804,0.0],[73.900575,34.76241,0.0],[73.900401,34.762064,0.0],[73.900167,34.761717,0.0],[73.899873,34.76142,0.0],[73.899579,34.761122,0.0],[73.899225,34.760873,0.0],[73.898686,34.761015,0.0],[73.898267,34.761159,0.0],[73.897906,34.761402,0.0],[73.897486,34.761595,0.0],[73.897185,34.761887,0.0],[73.896823,34.762179,0.0],[73.896521,34.762471,0.0],[73.896219,34.762764,0.0],[73.896095,34.763156,0.0],[73.896149,34.76355,0.0],[73.896323,34.763896,0.0],[73.896497,34.764242,0.0],[73.896791,34.764589,0.0],[73.896965,34.764935,0.0],[73.897139,34.765281,0.0],[73.897494,34.76553,0.0],[73.897788,34.765828,0.0],[73.898082,34.766126,0.0],[73.898497,34.766277,0.0],[73.900287,34.766146,0.0]]]}},{"type":"Feature","properties":{"rgi_id":"RGI2000-v7.0-G-14-25001","o1region":"14"},"geometry":{"type":"Polygon","coordinates":[[[73.905965,34.770164,0.0],[73.905869,34.770539,0.0],[73.90591,34.770915,0.0],[73.906042,34.771292,0.0],[73.906265,34.771632,0.0],[73.90658,34.771936,0.0],[73.906803,34.772276,0.0],[73.907072,34.772579,0.0],[73.907341,34.772882,0.0],[73.907748,34.773111,0.0],[73.90811,34.77334,0.0],[73.908563,34.773457,0.0],[73.909018,34.773498,0.0],[73.909519,34.773503,0.0],[73.909975,34.773507,0.0],[73.910476,34.773511,0.0],[73.910931,34.773478,0.0],[73.911388,34.773369,0.0],[73.911756,34.773147,0.0],[73.912078,34.772887,0.0],[73.91231,34.772551,0.0],[73.912315,34.772175,0.0],[73.91232,34.771799,0.0],[73.912142,34.771459,0.0],[73.911827,34.771194,0.0],[73.911327,34.771076,0.0],[73.910827,34.771034,0.0],[73.910281,34.770992,0.0],[73.909826,34.770988,0.0],[73.909371,34.770909,0.0],[73.909513,34.770534,0.0],[73.909925,34.770387,0.0],[73.910381,34.770279,0.0],[73.910837,34.770283,0.0],[73.911292,34.770287,0.0],[73.911748,34.770253,0.0],[73.912203,34.770257,0.0],[73.912659,34.770224,0.0],[73.913117,34.770078,0.0],[73.913439,34.769817,0.0],[73.913671,34.769481,0.0],[73.91377,34.768881,0.0],[73.91377,34.768843,0.0],[73.913775,34.768468,0.0],[73.91378,34.768092,0.0],[73.913785,34.767716,0.0],[73.913699,34.76734,0.0],[73.91343,34.767036,0.0],[73.913022,34.766845,0.0],[73.912614,34.766691,0.0],[73.912115,34.766611,0.0],[73.911661,34.766495,0.0],[73.91116,34.766452,0.0],[73.910705,34.766448,0.0],[73.91025,34.766407,0.0],[73.909795,34.766403,0.0],[73.909293,34.766473,0.0],[73.908837,34.766507,0.0],[73.908381,34.766578,0.0],[73.907924,34.766687,0.0],[73.907557,34.766909,0.0],[73.90728,34.767207,0.0],[73.907047,34.767543,0.0],[73.906951,34.767918,0.0],[73.906855,34.768293,0.0],[73.906805,34.768668,0.0],[73.906754,34.769044,0.0],[73.906932,34.769383,0.0],[73.906565,34.769606,0.0],[73.906198,34.769828,0.0],[73.905965,34.770164,0.0]]]}},{"type":"Feature","properties":{"rgi_id":"RGI2000-v7.0-G-14-25002","o1region":"14"},"geometry":{"type":"Polygon","coordinates":[[[73.97004,34.792041,0.0],[73.970045,34.791673,0.0],[73.969882,34.791303,0.0],[73.969494,34.791069,0.0],[73.969162,34.79079,0.0],[73.968719,34.790556,0.0],[73.96833,34.790368,0.0],[73.967885,34.790226,0.0],[73.96744,34.79013,0.0],[73.966995,34.789942,0.0],[73.966607,34.789755,0.0],[73.966162,34.789567,0.0],[73.965661,34.78947,0.0],[73.965103,34.789466,0.0],[73.964656,34.789462,0.0],[73.964209,34.789458,0.0],[73.963762,34.7895,0.0],[73.963259,34.789542,0.0],[73.962813,34.789538,0.0],[73.962365,34.789581,0.0],[73.961919,34.789577,0.0],[73.961471,34.789665,0.0],[73.961078,34.789846,0.0],[73.960685,34.790027,0.0],[73.960401,34.790347,0.0],[73.960401,34.790372,0.0],[73.960397,34.790715,0.0],[73.960224,34.791128,0.0],[73.960179,34.79127,0.0],[73.960511,34.791503,0.0],[73.960699,34.791876,0.0],[73.961148,34.792039,0.0],[73.96143,34.792075,0.0],[73.961496,34.792153,0.0],[73.961941,34.792249,0.0],[73.962388,34.792252,0.0],[73.962833,34.792348,0.0],[73.963278,34.792536,0.0],[73.963609,34.792816,0.0],[73.963941,34.793095,0.0],[73.964387,34.793145,0.0],[73.964833,34.793195,0.0],[73.965279,34.793198,0.0],[73.965726,34.793248,0.0],[73.966227,34.793299,0.0],[73.966673,34.793394,0.0],[73.967175,34.793399,0.0],[73.967607,34.793363,0.0],[73.967633,34.793369,0.0],[73.968083,34.793426,0.0],[73.968532,34.793536,0.0],[73.968981,34.793646,0.0],[73.969561,34.793651,0.0],[73.970011,34.793655,0.0],[73.970462,34.793659,0.0],[73.970913,34.793609,0.0],[73.971364,34.793613,0.0],[73.971428,34.793614,0.0],[73.970983,34.793132,0.0],[73.97073,34.792811,0.0],[73.970411,34.792543,0.0],[73.970223,34.79217,0.0],[73.97004,34.792067,0.0],[73.97004,34.792041,0.0]]]}},{"type":"Feature","properties":{"rgi_id":"RGI2000-v7.0-G-14-25003","o1region":"14"},"geometry":{"type":"Polygon","coordinates":[[[73.972426,34.788998,0.0],[73.972136,34.788692,0.0],[73.971993,34.788326,0.0],[73.972218,34.787964,0.0],[73.972444,34.787601,0.0],[73.972742,34.7873,0.0],[73.972894,34.786936,0.0],[73.972384,34.786507,0.0],[73.97231,34.786506,0.0],[73.971939,34.786746,0.0],[73.971423,34.786802,0.0],[73.97083,34.78704,0.0],[73.970459,34.78728,0.0],[73.970017,34.787337,0.0],[73.969573,34.787455,0.0],[73.969055,34.787633,0.0],[73.968611,34.787812,0.0],[73.968459,34.788175,0.0],[73.96875,34.788481,0.0],[73.969191,34.788546,0.0],[73.969633,34.788549,0.0],[73.970074,34.788675,0.0],[73.970588,34.78874,0.0],[73.970954,34.788986,0.0],[73.971319,34.789232,0.0],[73.971684,34.789478,0.0],[73.971975,34.789784,0.0],[73.972266,34.790091,0.0],[73.972556,34.790397,0.0],[73.972922,34.790643,0.0],[73.973364,34.790647,0.0],[73.973515,34.790284,0.0],[73.973373,34.789918,0.0],[73.973082,34.789611,0.0],[73.972717,34.789305,0.0],[73.972426,34.788998,0.0]]]}},{"type":"Feature","properties":{"rgi_id":"RGI2000-v7.0-G-14-25004","o1region":"14"},"geometry":{"type":"Polygon","coordinates":[[[73.971009,34.785969,0.0],[73.97101,34.785923,0.0],[73.97079,34.785598,0.0],[73.970571,34.785274,0.0],[73.970184,34.784994,0.0],[73.969853,34.784669,0.0],[73.969464,34.784482,0.0],[73.969015,34.784662,0.0],[73.968899,34.78503,0.0],[73.969062,34.7854,0.0],[73.969225,34.785769,0.0],[73.9695,34.786094,0.0],[73.969945,34.78619,0.0],[73.97039,34.786332,0.0],[73.971009,34.785969,0.0]]]}},{"type":"Feature","properties":{"rgi_id":"RGI2000-v7.0-G-14-25005","o1region":"14"},"geometry":{"type":"Polygon","coordinates":[[[73.968758,34.795437,0.0],[73.96825,34.795433,0.0],[73.967742,34.795488,0.0],[73.967341,34.795694,0.0],[73.967627,34.795996,0.0],[73.967913,34.796297,0.0],[73.968236,34.796569,0.0],[73.968596,34.796782,0.0],[73.968993,34.796964,0.0],[73.969389,34.797147,0.0],[73.969894,34.797361,0.0],[73.970364,34.797485,0.0],[73.970798,34.797608,0.0],[73.971232,34.797701,0.0],[73.971628,34.797884,0.0],[73.971842,34.798215,0.0],[73.972055,34.798546,0.0],[73.972232,34.798906,0.0],[73.972518,34.799208,0.0],[73.972951,34.799361,0.0],[73.973385,34.799514,0.0],[73.973818,34.799697,0.0],[73.974177,34.799939,0.0],[73.974427,34.800241,0.0],[73.974677,34.800572,0.0],[73.974818,34.800932,0.0],[73.974958,34.801292,0.0],[73.975208,34.801593,0.0],[73.975605,34.801746,0.0],[73.976039,34.801839,0.0],[73.976436,34.801992,0.0],[73.97687,34.802116,0.0],[73.977304,34.802179,0.0],[73.97734,34.802179,0.0],[73.977853,34.801765,0.0],[73.977858,34.801346,0.0],[73.977863,34.800928,0.0],[73.97765,34.800597,0.0],[73.977327,34.800325,0.0],[73.976967,34.800112,0.0],[73.976644,34.799841,0.0],[73.976321,34.799539,0.0],[73.975998,34.799267,0.0],[73.975676,34.798965,0.0],[73.975353,34.798663,0.0],[73.974994,34.798421,0.0],[73.974634,34.798149,0.0],[73.974274,34.797936,0.0],[73.973808,34.797573,0.0],[73.973412,34.797331,0.0],[73.973052,34.797118,0.0],[73.972692,34.796906,0.0],[73.972224,34.796633,0.0],[73.971791,34.79645,0.0],[73.971394,34.796297,0.0],[73.970962,34.796084,0.0],[73.970528,34.795931,0.0],[73.970132,34.795718,0.0],[73.969735,34.795565,0.0],[73.969301,34.795472,0.0],[73.968758,34.795437,0.0]]]}},{"type":"Feature","properties":{"rgi_id":"RGI2000-v7.0-G-14-25006","o1region":"14"},"geometry":{"type":"Polygon","coordinates":[[[73.9767,34.804148,0.0],[73.976602,34.80322,0.0],[73.976206,34.803007,0.0],[73.975736,34.802884,0.0],[73.975303,34.80276,0.0],[73.974795,34.802756,0.0],[73.974359,34.802842,0.0],[73.973958,34.803018,0.0],[73.973557,34.803194,0.0],[73.973119,34.8034,0.0],[73.972717,34.803636,0.0],[73.972315,34.803902,0.0],[73.972238,34.80429,0.0],[73.97256,34.804592,0.0],[73.973031,34.804626,0.0],[73.973539,34.8046,0.0],[73.973975,34.804544,0.0],[73.974411,34.804488,0.0],[73.974847,34.804432,0.0],[73.975318,34.804406,0.0],[73.97579,34.80438,0.0],[73.976226,34.804324,0.0],[73.976627,34.804177,0.0],[73.9767,34.804148,0.0]]]}},{"type":"Feature","properties":{"rgi_id":"RGI2000-v7.0-G-14-25007","o1region":"14"},"geometry":{"type":"Polygon","coordinates":[[[73.974582,34.807155,0.0],[73.974463,34.806601,0.0],[73.974131,34.806357,0.0],[73.973715,34.806146,0.0],[73.973298,34.806039,0.0],[73.972837,34.806,0.0],[73.972377,34.805997,0.0],[73.971874,34.805992,0.0],[73.971494,34.806231,0.0],[73.97128,34.806575,0.0],[73.971109,34.806919,0.0],[73.970937,34.807263,0.0],[73.970682,34.807571,0.0],[73.970635,34.807986,0.0],[73.970672,34.808366,0.0],[73.970751,34.808747,0.0],[73.970956,34.809094,0.0],[73.971203,34.809407,0.0],[73.971664,34.809376,0.0],[73.972126,34.809311,0.0],[73.972547,34.809176,0.0],[73.972967,34.809007,0.0],[73.973306,34.808768,0.0],[73.973644,34.808529,0.0],[73.973941,34.808221,0.0],[73.974196,34.807878,0.0],[73.974368,34.807533,0.0],[73.974582,34.80719,0.0],[73.974582,34.807155,0.0]]]}},{"type":"Feature","properties":{"rgi_id":"RGI2000-v7.0-G-14-25008","o1region":"14"},"geometry":{"type":"Polygon","coordinates":[[[73.980711,34.806762,0.0],[73.980439,34.806712,0.0],[73.979961,34.806651,0.0],[73.979518,34.806535,0.0],[73.97918,34.806278,0.0],[73.97891,34.805994,0.0],[73.978896,34.805966,0.0],[73.978772,34.806077,0.0],[73.978328,34.806102,0.0],[73.977884,34.806014,0.0],[73.977442,34.805897,0.0],[73.976997,34.805893,0.0],[73.976552,34.805974,0.0],[73.976208,34.806197,0.0],[73.976203,34.806591,0.0],[73.976403,34.806959,0.0],[73.976776,34.807188,0.0],[73.977115,34.807416,0.0],[73.977213,34.807784,0.0],[73.977552,34.80804,0.0],[73.977995,34.808128,0.0],[73.978439,34.808132,0.0],[73.978883,34.808136,0.0],[73.979328,34.808111,0.0],[73.979771,34.808228,0.0],[73.980144,34.808428,0.0],[73.980587,34.808545,0.0],[73.981099,34.808605,0.0],[73.981133,34.808606,0.0],[73.981547,34.808299,0.0],[73.981517,34.807933,0.0],[73.981419,34.807537,0.0],[73.981081,34.807281,0.0],[73.980709,34.806996,0.0],[73.980711,34.806762,0.0]]]}},{"type":"Feature","properties":{"rgi_id":"RGI2000-v7.0-G-14-25009","o1region":"14"},"geometry":{"type":"Polygon","coordinates":[[[73.980711,34.806762,0.0],[73.980713,34.806629,0.0],[73.981057,34.806407,0.0],[73.981501,34.806467,0.0],[73.98184,34.806695,0.0],[73.982185,34.806444,0.0],[73.982189,34.806078,0.0],[73.982125,34.805711,0.0],[73.982131,34.805288,0.0],[73.982135,34.804922,0.0],[73.982105,34.804555,0.0],[73.981801,34.804271,0.0],[73.981358,34.804183,0.0],[73.980914,34.804207,0.0],[73.98047,34.804203,0.0],[73.980025,34.804228,0.0],[73.979579,34.804365,0.0],[73.97937,34.804701,0.0],[73.979331,34.805067,0.0],[73.979258,34.805461,0.0],[73.979083,34.805798,0.0],[73.978896,34.805966,0.0],[73.97891,34.805994,0.0],[73.97918,34.806278,0.0],[73.979518,34.806535,0.0],[73.979961,34.806651,0.0],[73.980439,34.806712,0.0],[73.980711,34.806762,0.0]]]}},{"type":"Feature","properties":{"rgi_id":"RGI2000-v7.0-G-14-25010","o1region":"14"},"geometry":{"type":"Polygon","coordinates":[[[73.979104,34.817987,0.0],[73.979217,34.817629,0.0],[73.97933,34.817241,0.0],[73.979516,34.816884,0.0],[73.979666,34.816526,0.0],[73.979851,34.816198,0.0],[73.980036,34.815871,0.0],[73.980074,34.815815,0.0],[73.980505,34.815819,0.0],[73.980983,34.815823,0.0],[73.981461,34.815855,0.0],[73.981905,34.815887,0.0],[73.98235,34.815891,0.0],[73.982828,34.815895,0.0],[73.983273,34.815814,0.0],[73.983719,34.815705,0.0],[73.984063,34.815482,0.0],[73.984442,34.815288,0.0],[73.984888,34.815095,0.0],[73.9853,34.814957,0.0],[73.985745,34.814905,0.0],[73.986157,34.814767,0.0],[73.986501,34.814544,0.0],[73.986778,34.814237,0.0],[73.987157,34.814043,0.0],[73.987601,34.814018,0.0],[73.988046,34.813965,0.0],[73.988526,34.813885,0.0],[73.988971,34.813804,0.0],[73.989416,34.813723,0.0],[73.989862,34.813614,0.0],[73.990206,34.813391,0.0],[73.990313,34.813026,0.0],[73.990352,34.81266,0.0],[73.990356,34.812293,0.0],[73.990361,34.811927,0.0],[73.990365,34.811561,0.0],[73.990233,34.811193,0.0],[73.989963,34.810909,0.0],[73.989624,34.810653,0.0],[73.989217,34.810424,0.0],[73.988878,34.810195,0.0],[73.988505,34.809995,0.0],[73.988166,34.809767,0.0],[73.987827,34.809538,0.0],[73.987523,34.809254,0.0],[73.987238,34.809101,0.0],[73.986842,34.809051,0.0],[73.986399,34.808963,0.0],[73.986025,34.808762,0.0],[73.985824,34.808423,0.0],[73.985708,34.808166,0.0],[73.985281,34.808108,0.0],[73.984837,34.808104,0.0],[73.984393,34.808101,0.0],[73.983949,34.808125,0.0],[73.983683,34.808232,0.0],[73.983568,34.808488,0.0],[73.983291,34.808768,0.0],[73.983048,34.809076,0.0],[73.982703,34.809355,0.0],[73.982291,34.80952,0.0],[73.981879,34.809686,0.0],[73.981501,34.80988,0.0],[73.981089,34.810046,0.0],[73.980744,34.810269,0.0],[73.9804,34.810491,0.0],[73.980113,34.810626,0.0],[73.98009,34.810686,0.0],[73.980119,34.811053,0.0],[73.980217,34.81142,0.0],[73.980591,34.81162,0.0],[73.981035,34.811652,0.0],[73.981408,34.811852,0.0],[73.981438,34.812219,0.0],[73.981365,34.812585,0.0],[73.980987,34.812779,0.0],[73.980608,34.812973,0.0],[73.980297,34.813252,0.0],[73.98002,34.813532,0.0],[73.979777,34.81384,0.0],[73.979636,34.814205,0.0],[73.979529,34.814571,0.0],[73.979458,34.814719,0.0],[73.979178,34.814877,0.0],[73.978813,34.815113,0.0],[73.978555,34.81541,0.0],[73.978414,34.815747,0.0],[73.978369,34.815767,0.0],[73.977968,34.815943,0.0],[73.977567,34.816119,0.0],[73.977273,34.816416,0.0],[73.977268,34.816805,0.0],[73.977264,34.817194,0.0],[73.977259,34.817583,0.0],[73.977254,34.817971,0.0],[73.977243,34.818098,0.0],[73.97685,34.818387,0.0],[73.97652,34.818683,0.0],[73.976262,34.81898,0.0],[73.976005,34.819277,0.0],[73.975819,34.819604,0.0],[73.975634,34.819932,0.0],[73.975629,34.820321,0.0],[73.97566,34.82074,0.0],[73.975728,34.821099,0.0],[73.976125,34.821252,0.0],[73.976597,34.821256,0.0],[73.977067,34.82135,0.0],[73.977502,34.821413,0.0],[73.977935,34.821536,0.0],[73.978405,34.82166,0.0],[73.978802,34.821843,0.0],[73.979199,34.821996,0.0],[73.979634,34.822059,0.0],[73.98007,34.821943,0.0],[73.980039,34.821554,0.0],[73.980044,34.821165,0.0],[73.979975,34.820806,0.0],[73.979907,34.820446,0.0],[73.979876,34.820057,0.0],[73.979735,34.819697,0.0],[73.979522,34.819366,0.0],[73.979235,34.819065,0.0],[73.979022,34.818734,0.0],[73.979027,34.818345,0.0],[73.979104,34.817987,0.0]]]}},{"type":"Feature","properties":{"rgi_id":"RGI2000-v7.0-G-14-25011","o1region":"14"},"geometry":{"type":"Polygon","coordinates":[[[73.995846,34.808752,0.0],[73.99547,34.808514,0.0],[73.995081,34.808327,0.0],[73.994637,34.808139,0.0],[73.994193,34.807905,0.0],[73.993918,34.80758,0.0],[73.993698,34.807256,0.0],[73.993688,34.807233,0.0],[73.993698,34.807302,0.0],[73.993693,34.807671,0.0],[73.993689,34.808039,0.0],[73.993684,34.808454,0.0],[73.99368,34.808786,0.0],[73.993679,34.808822,0.0],[73.99373,34.809191,0.0],[73.993782,34.80956,0.0],[73.993833,34.809929,0.0],[73.993829,34.810297,0.0],[73.993879,34.810712,0.0],[73.994043,34.811082,0.0],[73.99415,34.811452,0.0],[73.994369,34.811776,0.0],[73.994645,34.812101,0.0],[73.995033,34.812288,0.0],[73.995479,34.812384,0.0],[73.995926,34.812388,0.0],[73.996264,34.812114,0.0],[73.99631,34.811833,0.0],[73.996749,34.811888,0.0],[73.997074,34.811625,0.0],[73.997399,34.811362,0.0],[73.997596,34.810992,0.0],[73.997408,34.810619,0.0],[73.997089,34.810351,0.0],[73.996836,34.81003,0.0],[73.996518,34.809656,0.0],[73.996264,34.809335,0.0],[73.996011,34.808961,0.0],[73.995846,34.808752,0.0]]]}},{"type":"Feature","properties":{"rgi_id":"RGI2000-v7.0-G-14-25012","o1region":"14"},"geometry":{"type":"Polygon","coordinates":[[[74.004705,34.81233,0.0],[74.004773,34.812331,0.0],[74.005253,34.812222,0.0],[74.005631,34.812028,0.0],[74.005874,34.81172,0.0],[74.006049,34.811383,0.0],[74.006088,34.811017,0.0],[74.006127,34.810623,0.0],[74.006063,34.810256,0.0],[74.005793,34.809972,0.0],[74.005454,34.809743,0.0],[74.005081,34.809515,0.0],[74.004672,34.809371,0.0],[74.004228,34.809367,0.0],[74.00385,34.809561,0.0],[74.003743,34.809927,0.0],[74.003704,34.810293,0.0],[74.003803,34.81066,0.0],[74.003935,34.811027,0.0],[74.003965,34.811394,0.0],[74.00396,34.81176,0.0],[74.003956,34.812127,0.0],[74.004705,34.81233,0.0]]]}},{"type":"Feature","properties":{"rgi_id":"RGI2000-v7.0-G-14-25013","o1region":"14"},"geometry":{"type":"Polygon","coordinates":[[[74.010323,34.818079,0.0],[74.010324,34.818033,0.0],[74.010161,34.817663,0.0],[74.009998,34.817293,0.0],[74.009778,34.816969,0.0],[74.009446,34.81669,0.0],[74.009058,34.816457,0.0],[74.008612,34.816361,0.0],[74.008166,34.816311,0.0],[74.007773,34.816492,0.0],[74.007546,34.816813,0.0],[74.007485,34.817181,0.0],[74.007537,34.81755,0.0],[74.007198,34.817823,0.0],[74.006805,34.818005,0.0],[74.006801,34.818373,0.0],[74.007189,34.818606,0.0],[74.007636,34.81861,0.0],[74.008083,34.818614,0.0],[74.008587,34.81848,0.0],[74.009035,34.818391,0.0],[74.010323,34.818079,0.0]]]}},{"type":"Feature","properties":{"rgi_id":"RGI2000-v7.0-G-14-25014","o1region":"14"},"geometry":{"type":"Polygon","coordinates":[[[74.011226,34.81735,0.0],[74.011277,34.817718,0.0],[74.011371,34.817857,0.0],[74.011555,34.817859,0.0],[74.012001,34.817909,0.0],[74.012503,34.817959,0.0],[74.012949,34.818008,0.0],[74.013451,34.818059,0.0],[74.013726,34.818061,0.0],[74.013867,34.818029,0.0],[74.013899,34.818012,0.0],[74.0139,34.817878,0.0],[74.013794,34.817463,0.0],[74.013631,34.817093,0.0],[74.013242,34.816859,0.0],[74.012797,34.816717,0.0],[74.012578,34.816393,0.0],[74.012638,34.816025,0.0],[74.013031,34.815844,0.0],[74.013055,34.815833,0.0],[74.013424,34.815663,0.0],[74.013373,34.815294,0.0],[74.013097,34.814969,0.0],[74.012709,34.814782,0.0],[74.012262,34.814778,0.0],[74.011814,34.814821,0.0],[74.011664,34.814866,0.0],[74.011266,34.814768,0.0],[74.010815,34.814765,0.0],[74.010618,34.815135,0.0],[74.010567,34.815276,0.0],[74.010579,34.815364,0.0],[74.010686,34.815733,0.0],[74.010848,34.816241,0.0],[74.010899,34.81661,0.0],[74.011007,34.816979,0.0],[74.011226,34.81735,0.0]]]}},{"type":"Feature","properties":{"rgi_id":"RGI2000-v7.0-G-14-25015","o1region":"14"},"geometry":{"type":"Polygon","coordinates":[[[73.992176,34.824577,0.0],[73.992217,34.824953,0.0],[73.992441,34.825293,0.0],[73.992756,34.825559,0.0],[73.993118,34.825787,0.0],[73.993574,34.825791,0.0],[73.994031,34.825682,0.0],[73.994443,34.825535,0.0],[73.994765,34.825275,0.0],[73.995222,34.825166,0.0],[73.995589,34.824943,0.0],[73.995776,34.824606,0.0],[73.995872,34.824231,0.0],[73.996283,34.824084,0.0],[73.99674,34.823976,0.0],[73.996786,34.823976,0.0],[73.996748,34.823374,0.0],[73.996661,34.822998,0.0],[73.996666,34.822622,0.0],[73.996211,34.822506,0.0],[73.995709,34.822614,0.0],[73.995252,34.822686,0.0],[73.994751,34.822681,0.0],[73.994389,34.822453,0.0],[73.994348,34.822077,0.0],[73.994353,34.821701,0.0],[73.994083,34.821398,0.0],[73.993768,34.821057,0.0],[73.99336,34.820904,0.0],[73.992904,34.8209,0.0],[73.992449,34.820896,0.0],[73.991993,34.820892,0.0],[73.991537,34.820926,0.0],[73.991168,34.821261,0.0],[73.991209,34.821637,0.0],[73.991296,34.822014,0.0],[73.991291,34.82239,0.0],[73.991469,34.822767,0.0],[73.991738,34.823107,0.0],[73.991916,34.823447,0.0],[73.992048,34.823824,0.0],[73.992181,34.824201,0.0],[73.992176,34.824577,0.0]]]}},{"type":"Feature","properties":{"rgi_id":"RGI2000-v7.0-G-14-25016","o1region":"14"},"geometry":{"type":"Polygon","coordinates":[[[73.931798,34.840937,0.0],[73.931754,34.840936,0.0],[73.931306,34.840969,0.0],[73.930858,34.840965,0.0],[73.930411,34.840961,0.0],[73.930191,34.840627,0.0],[73.930151,34.840258,0.0],[73.929797,34.839997,0.0],[73.92935,34.839919,0.0],[73.92886,34.839804,0.0],[73.928413,34.839726,0.0],[73.927967,34.839648,0.0],[73.92752,34.839571,0.0],[73.927337,34.839901,0.0],[73.927556,34.840235,0.0],[73.927911,34.840497,0.0],[73.928221,34.840758,0.0],[73.928576,34.840982,0.0],[73.92902,34.841207,0.0],[73.929421,34.841358,0.0],[73.929911,34.841547,0.0],[73.930312,34.841698,0.0],[73.930712,34.841886,0.0],[73.931157,34.842075,0.0],[73.931603,34.842226,0.0],[73.932048,34.842378,0.0],[73.932312,34.842712,0.0],[73.932622,34.842973,0.0],[73.933068,34.843124,0.0],[73.93356,34.843166,0.0],[73.934009,34.843022,0.0],[73.934281,34.842729,0.0],[73.933971,34.842468,0.0],[73.933707,34.842171,0.0],[73.933442,34.841873,0.0],[73.931798,34.840937,0.0]]]}},{"type":"Feature","properties":{"rgi_id":"RGI2000-v7.0-G-14-25017","o1region":"14"},"geometry":{"type":"Polygon","coordinates":[[[73.876555,34.842956,0.0],[73.876556,34.842858,0.0],[73.876561,34.842465,0.0],[73.876567,34.842071,0.0],[73.876572,34.841678,0.0],[73.876518,34.841284,0.0],[73.876404,34.840889,0.0],[73.87617,34.840543,0.0],[73.875693,34.840489,0.0],[73.875217,34.840386,0.0],[73.87474,34.840431,0.0],[73.874556,34.840774,0.0],[73.874491,34.841167,0.0],[73.874426,34.841559,0.0],[73.87442,34.841953,0.0],[73.874415,34.842346,0.0],[73.874649,34.842693,0.0],[73.875065,34.842844,0.0],[73.876555,34.842956,0.0]]]}},{"type":"Feature","properties":{"rgi_id":"RGI2000-v7.0-G-14-25018","o1region":"14"},"geometry":{"type":"Polygon","coordinates":[[[73.819736,34.800583,0.0],[73.820005,34.800734,0.0],[73.820421,34.801015,0.0],[73.820753,34.80126,0.0],[73.820957,34.801608,0.0],[73.821078,34.80199,0.0],[73.821114,34.802371,0.0],[73.821109,34.802751,0.0],[73.821144,34.803201,0.0],[73.821171,34.803345,0.0],[73.821228,34.803381,0.0],[73.821181,34.803582,0.0],[73.821217,34.803963,0.0],[73.821337,34.804379,0.0],[73.821458,34.804726,0.0],[73.821579,34.805073,0.0],[73.821615,34.805488,0.0],[73.821609,34.805869,0.0],[73.821941,34.806114,0.0],[73.82228,34.805875,0.0],[73.822698,34.805983,0.0],[73.822903,34.806331,0.0],[73.822914,34.806364,0.0],[73.823024,34.806678,0.0],[73.823313,34.806957,0.0],[73.823731,34.807065,0.0],[73.824152,34.806965,0.0],[73.824615,34.806797,0.0],[73.825033,34.806939,0.0],[73.825364,34.807254,0.0],[73.825617,34.807441,0.0],[73.825343,34.807749,0.0],[73.825226,34.808117,0.0],[73.825053,34.808484,0.0],[73.824825,34.808805,0.0],[73.825494,34.808904,0.0],[73.826054,34.808817,0.0],[73.826502,34.808821,0.0],[73.82695,34.808733,0.0],[73.826955,34.808364,0.0],[73.82668,34.808039,0.0],[73.826406,34.807714,0.0],[73.826299,34.807344,0.0],[73.826237,34.807128,0.0],[73.82644,34.806941,0.0],[73.826627,34.806604,0.0],[73.826769,34.80623,0.0],[73.826911,34.805855,0.0],[73.827278,34.805633,0.0],[73.827735,34.805563,0.0],[73.828284,34.805418,0.0],[73.828606,34.805158,0.0],[73.828612,34.804782,0.0],[73.828526,34.804405,0.0],[73.828348,34.804065,0.0],[73.82808,34.803725,0.0],[73.827857,34.803384,0.0],[73.827542,34.803118,0.0],[73.827227,34.802852,0.0],[73.826866,34.802586,0.0],[73.826551,34.802319,0.0],[73.826522,34.802286,0.0],[73.826485,34.802077,0.0],[73.826449,34.801696,0.0],[73.826329,34.801314,0.0],[73.82625,34.800933,0.0],[73.826214,34.800552,0.0],[73.825882,34.800307,0.0],[73.825465,34.80013,0.0],[73.825048,34.799953,0.0],[73.824737,34.799873,0.0],[73.82463,34.799845,0.0],[73.824298,34.7996,0.0],[73.824388,34.799186,0.0],[73.824603,34.798842,0.0],[73.8249,34.798568,0.0],[73.825322,34.798399,0.0],[73.825411,34.79802,0.0],[73.8255,34.79764,0.0],[73.825506,34.797225,0.0],[73.825428,34.796844,0.0],[73.825181,34.796461,0.0],[73.825061,34.796114,0.0],[73.824771,34.795834,0.0],[73.824439,34.795589,0.0],[73.824276,34.795242,0.0],[73.824072,34.794894,0.0],[73.823909,34.794512,0.0],[73.823747,34.794164,0.0],[73.823329,34.794057,0.0],[73.822867,34.794121,0.0],[73.822673,34.794355,0.0],[73.822564,34.794314,0.0],[73.822409,34.794255,0.0],[73.822236,34.794254,0.0],[73.821775,34.794249,0.0],[73.821314,34.794245,0.0],[73.82081,34.794274,0.0],[73.82061,34.794272,0.0],[73.820676,34.794419,0.0],[73.820816,34.794809,0.0],[73.820956,34.79517,0.0],[73.820986,34.795589,0.0],[73.821017,34.795978,0.0],[73.821047,34.796397,0.0],[73.821041,34.796816,0.0],[73.821035,34.797204,0.0],[73.821029,34.797623,0.0],[73.821024,34.798012,0.0],[73.821018,34.798401,0.0],[73.821013,34.798789,0.0],[73.820826,34.799176,0.0],[73.82064,34.799504,0.0],[73.820418,34.79983,0.0],[73.820124,34.800127,0.0],[73.819865,34.800453,0.0],[73.819736,34.800583,0.0]]]}},{"type":"Feature","properties":{"rgi_id":"RGI2000-v7.0-G-14-25019","o1region":"14"},"geometry":{"type":"Polygon","coordinates":[[[73.82061,34.794272,0.0],[73.820184,34.794095,0.0],[73.819767,34.793953,0.0],[73.819436,34.793638,0.0],[73.819062,34.793358,0.0],[73.818773,34.793079,0.0],[73.818442,34.79273,0.0],[73.818153,34.79245,0.0],[73.818099,34.792358,0.0],[73.817992,34.792278,0.0],[73.817585,34.792086,0.0],[73.817177,34.791932,0.0],[73.816722,34.79189,0.0],[73.816267,34.791885,0.0],[73.815811,34.791881,0.0],[73.815355,34.791952,0.0],[73.814943,34.792098,0.0],[73.814486,34.792206,0.0],[73.814074,34.792353,0.0],[73.813796,34.792688,0.0],[73.81379,34.793064,0.0],[73.813648,34.793438,0.0],[73.813506,34.793813,0.0],[73.813455,34.794188,0.0],[73.81345,34.794564,0.0],[73.813673,34.794904,0.0],[73.813942,34.795207,0.0],[73.814257,34.795473,0.0],[73.814665,34.795628,0.0],[73.815118,34.795745,0.0],[73.815526,34.795899,0.0],[73.815981,34.795979,0.0],[73.816003,34.795985,0.0],[73.815947,34.796041,0.0],[73.81634,34.796099,0.0],[73.816672,34.796344,0.0],[73.816708,34.796725,0.0],[73.81666,34.797139,0.0],[73.816654,34.797554,0.0],[73.816523,34.797933,0.0],[73.816143,34.798137,0.0],[73.815813,34.798111,0.0],[73.815765,34.798203,0.0],[73.815345,34.798199,0.0],[73.814841,34.798263,0.0],[73.814527,34.798431,0.0],[73.814461,34.798467,0.0],[73.814122,34.798706,0.0],[73.813991,34.79905,0.0],[73.813986,34.799431,0.0],[73.81389,34.799683,0.0],[73.813855,34.799775,0.0],[73.81385,34.800156,0.0],[73.813886,34.800536,0.0],[73.813797,34.800916,0.0],[73.813792,34.801296,0.0],[73.81387,34.801678,0.0],[73.813991,34.802025,0.0],[73.814408,34.802167,0.0],[73.814829,34.802067,0.0],[73.815127,34.801759,0.0],[73.815383,34.80145,0.0],[73.815722,34.801211,0.0],[73.816019,34.800938,0.0],[73.816358,34.800699,0.0],[73.81678,34.80053,0.0],[73.817243,34.800362,0.0],[73.817582,34.800123,0.0],[73.817602,34.799963,0.0],[73.817701,34.799941,0.0],[73.817978,34.799643,0.0],[73.818029,34.799268,0.0],[73.818055,34.799077,0.0],[73.818145,34.799031,0.0],[73.818653,34.798976,0.0],[73.819124,34.79901,0.0],[73.819595,34.799075,0.0],[73.819628,34.799075,0.0],[73.81958,34.799133,0.0],[73.819529,34.799508,0.0],[73.819524,34.799884,0.0],[73.819337,34.80022,0.0],[73.819286,34.800596,0.0],[73.819324,34.800949,0.0],[73.819571,34.800749,0.0],[73.819736,34.800583,0.0],[73.819865,34.800453,0.0],[73.820124,34.800127,0.0],[73.820418,34.79983,0.0],[73.82064,34.799504,0.0],[73.820826,34.799176,0.0],[73.821013,34.798789,0.0],[73.821018,34.798401,0.0],[73.821024,34.798012,0.0],[73.821029,34.797623,0.0],[73.821035,34.797204,0.0],[73.821041,34.796816,0.0],[73.821047,34.796397,0.0],[73.821017,34.795978,0.0],[73.820986,34.795589,0.0],[73.820956,34.79517,0.0],[73.820816,34.794809,0.0],[73.820676,34.794419,0.0],[73.82061,34.794272,0.0]]]}},{"type":"Feature","properties":{"rgi_id":"RGI2000-v7.0-G-14-25020","o1region":"14"},"geometry":{"type":"Polygon","coordinates":[[[73.80873,34.796472,0.0],[73.808273,34.79658,0.0],[73.807818,34.796576,0.0],[73.807362,34.796609,0.0],[73.807039,34.796869,0.0],[73.8074,34.797098,0.0],[73.807808,34.797252,0.0],[73.808077,34.797555,0.0],[73.80789,34.797892,0.0],[73.807522,34.798113,0.0],[73.807244,34.798449,0.0],[73.807193,34.798824,0.0],[73.807188,34.7992,0.0],[73.807182,34.799576,0.0],[73.807222,34.799952,0.0],[73.807217,34.800328,0.0],[73.807226,34.800412,0.0],[73.807384,34.80075,0.0],[73.807631,34.801063,0.0],[73.807878,34.801412,0.0],[73.807955,34.801656,0.0],[73.807998,34.801793,0.0],[73.808245,34.802107,0.0],[73.808663,34.802215,0.0],[73.809124,34.802219,0.0],[73.809585,34.802224,0.0],[73.810006,34.802124,0.0],[73.810468,34.802094,0.0],[73.810929,34.802099,0.0],[73.81135,34.801999,0.0],[73.8114,34.801867,0.0],[73.811797,34.801838,0.0],[73.811842,34.801838,0.0],[73.811943,34.801704,0.0],[73.811902,34.801486,0.0],[73.811908,34.801071,0.0],[73.811914,34.800656,0.0],[73.811919,34.800275,0.0],[73.811925,34.799895,0.0],[73.812015,34.799481,0.0],[73.812147,34.798998,0.0],[73.812223,34.798798,0.0],[73.812207,34.798648,0.0],[73.812167,34.798272,0.0],[73.812081,34.797895,0.0],[73.811858,34.797555,0.0],[73.811589,34.797251,0.0],[73.81135,34.7971,0.0],[73.811296,34.796983,0.0],[73.811217,34.796602,0.0],[73.811181,34.796221,0.0],[73.81106,34.795874,0.0],[73.810813,34.795561,0.0],[73.810735,34.795179,0.0],[73.810907,34.794835,0.0],[73.810997,34.794456,0.0],[73.811002,34.794075,0.0],[73.810585,34.793898,0.0],[73.810165,34.793998,0.0],[73.809743,34.794167,0.0],[73.809363,34.79437,0.0],[73.809023,34.794644,0.0],[73.808934,34.795058,0.0],[73.80897,34.795439,0.0],[73.80909,34.79582,0.0],[73.809083,34.796305,0.0],[73.809075,34.79639,0.0],[73.80873,34.796472,0.0]]]}},{"type":"Feature","properties":{"rgi_id":"RGI2000-v7.0-G-14-25021","o1region":"14"},"geometry":{"type":"Polygon","coordinates":[[[73.803029,34.800061,0.0],[73.803147,34.800193,0.0],[73.803028,34.80043,0.0],[73.80298,34.800845,0.0],[73.803101,34.801192,0.0],[73.803475,34.801403,0.0],[73.803935,34.801477,0.0],[73.804275,34.801203,0.0],[73.804382,34.800969,0.0],[73.804429,34.800977,0.0],[73.804885,34.800944,0.0],[73.805207,34.800684,0.0],[73.805395,34.80031,0.0],[73.805395,34.800272,0.0],[73.805409,34.799333,0.0],[73.805414,34.798957,0.0],[73.80542,34.798581,0.0],[73.805406,34.798456,0.0],[73.805618,34.798173,0.0],[73.805749,34.797828,0.0],[73.805796,34.797448,0.0],[73.805422,34.797237,0.0],[73.80509,34.796992,0.0],[73.805054,34.796611,0.0],[73.805101,34.796231,0.0],[73.805023,34.79585,0.0],[73.804649,34.795638,0.0],[73.804186,34.795703,0.0],[73.804097,34.796083,0.0],[73.804007,34.796497,0.0],[73.803917,34.796911,0.0],[73.803828,34.797325,0.0],[73.803821,34.797809,0.0],[73.803781,34.798019,0.0],[73.803376,34.798148,0.0],[73.80292,34.798181,0.0],[73.802463,34.798289,0.0],[73.802457,34.798665,0.0],[73.802452,34.799041,0.0],[73.802492,34.799417,0.0],[73.802715,34.799757,0.0],[73.803029,34.800061,0.0]]]}},{"type":"Feature","properties":{"rgi_id":"RGI2000-v7.0-G-14-25022","o1region":"14"},"geometry":{"type":"Polygon","coordinates":[[[73.798119,34.797885,0.0],[73.797979,34.797525,0.0],[73.797888,34.797125,0.0],[73.797229,34.795882,0.0],[73.797182,34.795802,0.0],[73.796897,34.79548,0.0],[73.796513,34.795237,0.0],[73.796079,34.795193,0.0],[73.795737,34.795429,0.0],[73.795491,34.795745,0.0],[73.795389,34.796103,0.0],[73.795335,34.796462,0.0],[73.795378,34.796821,0.0],[73.795948,34.797545,0.0],[73.796185,34.797866,0.0],[73.796228,34.798225,0.0],[73.796175,34.798584,0.0],[73.796024,34.798941,0.0],[73.795971,34.799299,0.0],[73.795917,34.799658,0.0],[73.795864,34.800016,0.0],[73.796004,34.800377,0.0],[73.796387,34.80058,0.0],[73.796624,34.800901,0.0],[73.797058,34.801025,0.0],[73.797493,34.800989,0.0],[73.797884,34.800754,0.0],[73.79813,34.800437,0.0],[73.798376,34.800121,0.0],[73.798478,34.799763,0.0],[73.798484,34.799364,0.0],[73.798441,34.798965,0.0],[73.798302,34.798605,0.0],[73.79821,34.798245,0.0],[73.798119,34.797885,0.0]]]}},{"type":"Feature","properties":{"rgi_id":"RGI2000-v7.0-G-14-25023","o1region":"14"},"geometry":{"type":"Polygon","coordinates":[[[73.79103,34.793348,0.0],[73.791083,34.79299,0.0],[73.791137,34.792632,0.0],[73.7909,34.79231,0.0],[73.79042,34.792106,0.0],[73.789985,34.792062,0.0],[73.789551,34.791978,0.0],[73.78902,34.791933,0.0],[73.788537,34.791928,0.0],[73.788053,34.791963,0.0],[73.787616,34.792118,0.0],[73.787132,34.792113,0.0],[73.786798,34.791831,0.0],[73.786561,34.791509,0.0],[73.786421,34.791149,0.0],[73.785986,34.791184,0.0],[73.785884,34.791542,0.0],[73.786023,34.791903,0.0],[73.786309,34.792225,0.0],[73.786595,34.792507,0.0],[73.786832,34.792828,0.0],[73.787117,34.79315,0.0],[73.787452,34.793392,0.0],[73.787836,34.793596,0.0],[73.788171,34.793838,0.0],[73.788456,34.79416,0.0],[73.788833,34.794802,0.0],[73.788882,34.794802,0.0],[73.789167,34.795124,0.0],[73.789307,34.795485,0.0],[73.789544,34.795806,0.0],[73.789829,34.796128,0.0],[73.790066,34.796449,0.0],[73.7904,34.796732,0.0],[73.790686,34.797054,0.0],[73.790923,34.797375,0.0],[73.791208,34.797737,0.0],[73.791445,34.798058,0.0],[73.791681,34.798419,0.0],[73.791966,34.798741,0.0],[73.79235,34.798945,0.0],[73.792834,34.798909,0.0],[73.793176,34.798674,0.0],[73.793471,34.798357,0.0],[73.793669,34.798001,0.0],[73.793723,34.797642,0.0],[73.793631,34.797282,0.0],[73.793394,34.796961,0.0],[73.793157,34.79664,0.0],[73.79292,34.796318,0.0],[73.792683,34.795997,0.0],[73.792398,34.795675,0.0],[73.792112,34.795393,0.0],[73.791875,34.795072,0.0],[73.791589,34.79479,0.0],[73.791352,34.794468,0.0],[73.791115,34.794107,0.0],[73.791024,34.793747,0.0],[73.79103,34.793348,0.0]]]}},{"type":"Feature","properties":{"rgi_id":"RGI2000-v7.0-G-14-25024","o1region":"14"},"geometry":{"type":"Polygon","coordinates":[[[73.783378,34.793753,0.0],[73.783378,34.793723,0.0],[73.783348,34.793334,0.0],[73.783353,34.792945,0.0],[73.783432,34.792557,0.0],[73.78369,34.792231,0.0],[73.783912,34.791904,0.0],[73.783736,34.791573,0.0],[73.783267,34.791449,0.0],[73.782796,34.791414,0.0],[73.782325,34.79138,0.0],[73.781853,34.791405,0.0],[73.781559,34.791701,0.0],[73.781301,34.791997,0.0],[73.78115,34.792355,0.0],[73.781218,34.792714,0.0],[73.781503,34.793016,0.0],[73.781862,34.793259,0.0],[73.782112,34.793561,0.0],[73.782471,34.793804,0.0],[73.782867,34.793957,0.0],[73.783378,34.793753,0.0]]]}},{"type":"Feature","properties":{"rgi_id":"RGI2000-v7.0-G-14-25025","o1region":"14"},"geometry":{"type":"Polygon","coordinates":[[[73.77138,34.788745,0.0],[73.771379,34.788782,0.0],[73.771195,34.789112,0.0],[73.770967,34.789442,0.0],[73.770961,34.789811,0.0],[73.770866,34.790179,0.0],[73.770816,34.790547,0.0],[73.770811,34.790916,0.0],[73.771257,34.790994,0.0],[73.771749,34.790999,0.0],[73.772286,34.790968,0.0],[73.772735,34.790825,0.0],[73.773052,34.79057,0.0],[73.773057,34.790201,0.0],[73.772884,34.78983,0.0],[73.772889,34.789461,0.0],[73.773118,34.789132,0.0],[73.77339,34.788839,0.0],[73.773663,34.788547,0.0],[73.774068,34.788403,0.0],[73.774473,34.788186,0.0],[73.774879,34.788006,0.0],[73.775195,34.787751,0.0],[73.775556,34.787533,0.0],[73.775829,34.787241,0.0],[73.776102,34.786948,0.0],[73.776285,34.786618,0.0],[73.776111,34.786284,0.0],[73.775664,34.786317,0.0],[73.775214,34.78646,0.0],[73.774809,34.786677,0.0],[73.774446,34.787005,0.0],[73.774174,34.787298,0.0],[73.773812,34.787552,0.0],[73.773363,34.787695,0.0],[73.772916,34.787654,0.0],[73.772652,34.787356,0.0],[73.772208,34.787167,0.0],[73.77176,34.787236,0.0],[73.771487,34.787529,0.0],[73.771303,34.787896,0.0],[73.77138,34.788745,0.0]]]}},{"type":"Feature","properties":{"rgi_id":"RGI2000-v7.0-G-14-25026","o1region":"14"},"geometry":{"type":"Polygon","coordinates":[[[73.769287,34.792778,0.0],[73.769412,34.792779,0.0],[73.769514,34.792596,0.0],[73.769742,34.792275,0.0],[73.770082,34.792002,0.0],[73.770332,34.791902,0.0],[73.770377,34.791859,0.0],[73.770378,34.79182,0.0],[73.770486,34.791023,0.0],[73.770003,34.791018,0.0],[73.769519,34.791013,0.0],[73.769036,34.791008,0.0],[73.768601,34.791044,0.0],[73.768164,34.791119,0.0],[73.767681,34.791114,0.0],[73.767247,34.79107,0.0],[73.766667,34.791064,0.0],[73.766181,34.791219,0.0],[73.765791,34.791414,0.0],[73.765738,34.791773,0.0],[73.765877,34.792133,0.0],[73.766261,34.792336,0.0],[73.766693,34.79254,0.0],[73.767126,34.792664,0.0],[73.76756,34.792748,0.0],[73.768091,34.792793,0.0],[73.768574,34.792798,0.0],[73.768876,34.792774,0.0],[73.769287,34.792778,0.0]]]}},{"type":"Feature","properties":{"rgi_id":"RGI2000-v7.0-G-14-25027","o1region":"14"},"geometry":{"type":"Polygon","coordinates":[[[73.771311,34.799531,0.0],[73.771472,34.7995,0.0],[73.771817,34.799647,0.0],[73.77219,34.799876,0.0],[73.77263,34.800134,0.0],[73.772968,34.800391,0.0],[73.773306,34.80062,0.0],[73.773852,34.80071,0.0],[73.774296,34.800714,0.0],[73.77474,34.800691,0.0],[73.775186,34.800611,0.0],[73.775631,34.800531,0.0],[73.776076,34.800479,0.0],[73.776144,34.800479,0.0],[73.776696,34.800119,0.0],[73.776804,34.799753,0.0],[73.777014,34.799417,0.0],[73.776711,34.799132,0.0],[73.776268,34.799071,0.0],[73.775824,34.799039,0.0],[73.775451,34.798838,0.0],[73.775044,34.798665,0.0],[73.774671,34.798463,0.0],[73.774436,34.798151,0.0],[73.774236,34.797811,0.0],[73.774002,34.797498,0.0],[73.773664,34.797241,0.0],[73.773361,34.796957,0.0],[73.773022,34.796728,0.0],[73.772649,34.796527,0.0],[73.772139,34.796381,0.0],[73.771732,34.796207,0.0],[73.771324,34.796034,0.0],[73.770951,34.795833,0.0],[73.770544,34.795688,0.0],[73.770136,34.795543,0.0],[73.769693,34.795454,0.0],[73.769215,34.795421,0.0],[73.76877,34.795501,0.0],[73.768526,34.795808,0.0],[73.768521,34.796175,0.0],[73.768515,34.796541,0.0],[73.768578,34.796908,0.0],[73.768607,34.797275,0.0],[73.768635,34.797642,0.0],[73.768801,34.79801,0.0],[73.76907,34.798294,0.0],[73.76923,34.798393,0.0],[73.769203,34.798449,0.0],[73.769253,34.798865,0.0],[73.769303,34.799234,0.0],[73.769314,34.799278,0.0],[73.769192,34.799254,0.0],[73.768747,34.799306,0.0],[73.768369,34.799499,0.0],[73.768024,34.799721,0.0],[73.767578,34.799829,0.0],[73.767572,34.800196,0.0],[73.767601,34.800562,0.0],[73.767698,34.80093,0.0],[73.767933,34.801242,0.0],[73.768167,34.801555,0.0],[73.768401,34.801895,0.0],[73.768774,34.802096,0.0],[73.769217,34.802185,0.0],[73.76966,34.802302,0.0],[73.770103,34.802363,0.0],[73.770547,34.802396,0.0],[73.77099,34.802429,0.0],[73.771468,34.802462,0.0],[73.771912,34.802466,0.0],[73.772356,34.802471,0.0],[73.772391,34.802471,0.0],[73.773111,34.802253,0.0],[73.77317,34.802131,0.0],[73.772785,34.801944,0.0],[73.772397,34.801756,0.0],[73.772234,34.801385,0.0],[73.77224,34.801016,0.0],[73.771852,34.800782,0.0],[73.771521,34.800502,0.0],[73.771303,34.800131,0.0],[73.771265,34.800001,0.0],[73.770857,34.799919,0.0],[73.770606,34.799812,0.0],[73.770862,34.799665,0.0],[73.771311,34.799531,0.0]]]}},{"type":"Feature","properties":{"rgi_id":"RGI2000-v7.0-G-14-25028","o1region":"14"},"geometry":{"type":"Polygon","coordinates":[[[73.772791,34.804464,0.0],[73.772868,34.804221,0.0],[73.772692,34.80389,0.0],[73.772257,34.803826,0.0],[73.77175,34.803821,0.0],[73.771205,34.803875,0.0],[73.770733,34.8039,0.0],[73.770297,34.803955,0.0],[73.769789,34.80401,0.0],[73.769353,34.804095,0.0],[73.769058,34.804392,0.0],[73.76898,34.80475,0.0],[73.768974,34.805138,0.0],[73.769042,34.805498,0.0],[73.76929,34.805859,0.0],[73.769686,34.806043,0.0],[73.770046,34.806256,0.0],[73.770196,34.806337,0.0],[73.770412,34.80602,0.0],[73.770598,34.805693,0.0],[73.770928,34.805427,0.0],[73.771294,34.805192,0.0],[73.771625,34.804926,0.0],[73.771955,34.80466,0.0],[73.772393,34.804485,0.0],[73.772791,34.804464,0.0]]]}},{"type":"Feature","properties":{"rgi_id":"RGI2000-v7.0-G-14-25029","o1region":"14"},"geometry":{"type":"Polygon","coordinates":[[[73.772791,34.804464,0.0],[73.772393,34.804485,0.0],[73.771955,34.80466,0.0],[73.771625,34.804926,0.0],[73.771294,34.805192,0.0],[73.770928,34.805427,0.0],[73.770598,34.805693,0.0],[73.770412,34.80602,0.0],[73.770196,34.806337,0.0],[73.770441,34.806469,0.0],[73.770654,34.8068,0.0],[73.770903,34.807102,0.0],[73.771262,34.807345,0.0],[73.771512,34.807647,0.0],[73.771579,34.808006,0.0],[73.771646,34.808396,0.0],[73.771749,34.808786,0.0],[73.772034,34.809087,0.0],[73.772504,34.809212,0.0],[73.772863,34.809425,0.0],[73.773149,34.809727,0.0],[73.773325,34.810088,0.0],[73.773538,34.810419,0.0],[73.773787,34.81075,0.0],[73.774682,34.811507,0.0],[73.774718,34.811507,0.0],[73.775152,34.811631,0.0],[73.77544,34.811734,0.0],[73.775803,34.811757,0.0],[73.776236,34.811881,0.0],[73.776632,34.812095,0.0],[73.776917,34.812397,0.0],[73.777103,34.812713,0.0],[73.777456,34.812761,0.0],[73.777964,34.812766,0.0],[73.778435,34.812741,0.0],[73.77855,34.812353,0.0],[73.778519,34.811964,0.0],[73.778452,34.811605,0.0],[73.778349,34.811245,0.0],[73.778281,34.810885,0.0],[73.77854,34.810559,0.0],[73.778907,34.810293,0.0],[73.779057,34.809936,0.0],[73.779243,34.809609,0.0],[73.779245,34.809459,0.0],[73.779251,34.80907,0.0],[73.778892,34.808828,0.0],[73.778606,34.808526,0.0],[73.778539,34.808166,0.0],[73.778798,34.80784,0.0],[73.779234,34.807784,0.0],[73.779633,34.807788,0.0],[73.780104,34.807763,0.0],[73.78029,34.807436,0.0],[73.780223,34.807076,0.0],[73.779828,34.806863,0.0],[73.779395,34.806709,0.0],[73.778998,34.806555,0.0],[73.778565,34.806431,0.0],[73.778132,34.806278,0.0],[73.777699,34.806124,0.0],[73.777302,34.80597,0.0],[73.776832,34.805876,0.0],[73.776398,34.805811,0.0],[73.775927,34.805807,0.0],[73.77556,34.806102,0.0],[73.775229,34.806428,0.0],[73.77497,34.806754,0.0],[73.774534,34.80684,0.0],[73.774099,34.806775,0.0],[73.77374,34.806532,0.0],[73.773345,34.806289,0.0],[73.772948,34.806136,0.0],[73.772736,34.805805,0.0],[73.772742,34.805386,0.0],[73.772712,34.804997,0.0],[73.772754,34.804578,0.0],[73.772791,34.804464,0.0]]]}},{"type":"Feature","properties":{"rgi_id":"RGI2000-v7.0-G-14-25030","o1region":"14"},"geometry":{"type":"Polygon","coordinates":[[[73.783556,34.812906,0.0],[73.783746,34.812471,0.0],[73.78365,34.812117,0.0],[73.783348,34.811844,0.0],[73.782984,34.811622,0.0],[73.782661,34.811366,0.0],[73.782234,34.811278,0.0],[73.781785,34.811274,0.0],[73.781336,34.811303,0.0],[73.780886,34.811366,0.0],[73.780476,34.81153,0.0],[73.780267,34.811864,0.0],[73.78018,34.812233,0.0],[73.780236,34.812621,0.0],[73.780662,34.812726,0.0],[73.781131,34.812781,0.0],[73.781579,34.812819,0.0],[73.782048,34.812841,0.0],[73.782537,34.812863,0.0],[73.783087,34.812902,0.0],[73.783556,34.812906,0.0]]]}},{"type":"Feature","properties":{"rgi_id":"RGI2000-v7.0-G-14-25031","o1region":"14"},"geometry":{"type":"Polygon","coordinates":[[[73.790118,34.813359,0.0],[73.789878,34.813054,0.0],[73.789556,34.812781,0.0],[73.789233,34.812509,0.0],[73.788993,34.812187,0.0],[73.788794,34.811865,0.0],[73.788554,34.81156,0.0],[73.787529,34.810473,0.0],[73.787103,34.8103,0.0],[73.786634,34.810279,0.0],[73.786204,34.810409,0.0],[73.786056,34.810795,0.0],[73.78605,34.811165,0.0],[73.786024,34.811551,0.0],[73.786121,34.811906,0.0],[73.78632,34.812244,0.0],[73.78656,34.812549,0.0],[73.78676,34.812871,0.0],[73.786917,34.813243,0.0],[73.787014,34.813597,0.0],[73.78705,34.813968,0.0],[73.787085,34.814338,0.0],[73.787222,34.814693,0.0],[73.787463,34.814998,0.0],[73.787806,34.815237,0.0],[73.78817,34.815442,0.0],[73.788555,34.815614,0.0],[73.788919,34.815854,0.0],[73.789304,34.816043,0.0],[73.78973,34.816165,0.0],[73.790178,34.816219,0.0],[73.790509,34.81597,0.0],[73.790555,34.815584,0.0],[73.790561,34.815197,0.0],[73.790566,34.814827,0.0],[73.790511,34.814439,0.0],[73.790414,34.814085,0.0],[73.790256,34.813713,0.0],[73.790118,34.813359,0.0]]]}},{"type":"Feature","properties":{"rgi_id":"RGI2000-v7.0-G-14-25032","o1region":"14"},"geometry":{"type":"Polygon","coordinates":[[[73.784826,34.819543,0.0],[73.784771,34.819496,0.0],[73.784552,34.819171,0.0],[73.784446,34.818801,0.0],[73.784451,34.818432,0.0],[73.784345,34.818062,0.0],[73.7839,34.817874,0.0],[73.783454,34.817777,0.0],[73.783009,34.817634,0.0],[73.782563,34.817583,0.0],[73.782116,34.817533,0.0],[73.781999,34.817901,0.0],[73.782049,34.81827,0.0],[73.782381,34.81855,0.0],[73.782712,34.81883,0.0],[73.782874,34.819201,0.0],[73.783262,34.819435,0.0],[73.783708,34.819532,0.0],[73.784826,34.819543,0.0]]]}},{"type":"Feature","properties":{"rgi_id":"RGI2000-v7.0-G-14-25033","o1region":"14"},"geometry":{"type":"Polygon","coordinates":[[[73.776499,34.82301,0.0],[73.7765,34.822918,0.0],[73.776506,34.822549,0.0],[73.776567,34.822181,0.0],[73.776629,34.821813,0.0],[73.77669,34.821444,0.0],[73.776695,34.821075,0.0],[73.776364,34.820795,0.0],[73.775919,34.820653,0.0],[73.77553,34.820464,0.0],[73.775311,34.820139,0.0],[73.775205,34.819769,0.0],[73.774986,34.819444,0.0],[73.77454,34.819348,0.0],[73.774146,34.819528,0.0],[73.773806,34.819801,0.0],[73.773359,34.819797,0.0],[73.772971,34.819562,0.0],[73.772696,34.819237,0.0],[73.772308,34.819048,0.0],[73.771919,34.81886,0.0],[73.771588,34.81858,0.0],[73.771426,34.818209,0.0],[73.771431,34.81784,0.0],[73.771325,34.81747,0.0],[73.770937,34.81719,0.0],[73.770491,34.817139,0.0],[73.770097,34.81732,0.0],[73.770035,34.817734,0.0],[73.769694,34.818053,0.0],[73.769355,34.818327,0.0],[73.769126,34.818647,0.0],[73.769121,34.819016,0.0],[73.769227,34.819386,0.0],[73.769675,34.819391,0.0],[73.769959,34.819071,0.0],[73.770408,34.818983,0.0],[73.770796,34.819171,0.0],[73.771071,34.819497,0.0],[73.771402,34.819777,0.0],[73.77179,34.820012,0.0],[73.772178,34.820246,0.0],[73.772566,34.820481,0.0],[73.772955,34.820669,0.0],[73.77323,34.820994,0.0],[73.773618,34.821229,0.0],[73.774063,34.821326,0.0],[73.774511,34.82133,0.0],[73.774957,34.821427,0.0],[73.775288,34.821707,0.0],[73.775507,34.822032,0.0],[73.775669,34.822403,0.0],[73.77572,34.822772,0.0],[73.775939,34.823097,0.0],[73.776499,34.82301,0.0]]]}},{"type":"Feature","properties":{"rgi_id":"RGI2000-v7.0-G-14-25034","o1region":"14"},"geometry":{"type":"Polygon","coordinates":[[[73.762235,34.798691,0.0],[73.761874,34.798486,0.0],[73.76145,34.798382,0.0],[73.760966,34.798277,0.0],[73.760543,34.798122,0.0],[73.760181,34.797918,0.0],[73.75982,34.797714,0.0],[73.75946,34.79741,0.0],[73.759099,34.797205,0.0],[73.758676,34.797051,0.0],[73.758248,34.797197,0.0],[73.758061,34.797546,0.0],[73.758055,34.797946,0.0],[73.758061,34.797988,0.0],[73.757862,34.797965,0.0],[73.757415,34.797961,0.0],[73.756911,34.798002,0.0],[73.756515,34.798274,0.0],[73.756287,34.798595,0.0],[73.756114,34.798962,0.0],[73.755774,34.799235,0.0],[73.755379,34.799508,0.0],[73.755373,34.799877,0.0],[73.755762,34.800065,0.0],[73.75615,34.800254,0.0],[73.756594,34.800489,0.0],[73.75704,34.800585,0.0],[73.757485,34.800728,0.0],[73.757931,34.800779,0.0],[73.758435,34.800738,0.0],[73.758995,34.800698,0.0],[73.759442,34.800702,0.0],[73.759888,34.800799,0.0],[73.760332,34.800988,0.0],[73.760663,34.801268,0.0],[73.760995,34.801548,0.0],[73.761383,34.801736,0.0],[73.761833,34.801557,0.0],[73.762117,34.801237,0.0],[73.762131,34.801214,0.0],[73.762259,34.801146,0.0],[73.762745,34.801151,0.0],[73.76323,34.801206,0.0],[73.763653,34.801361,0.0],[73.764014,34.801615,0.0],[73.764375,34.801819,0.0],[73.764614,34.802122,0.0],[73.764913,34.802426,0.0],[73.765151,34.802729,0.0],[73.76539,34.803032,0.0],[73.765689,34.803335,0.0],[73.766113,34.80344,0.0],[73.766723,34.803246,0.0],[73.766784,34.803246,0.0],[73.767092,34.802949,0.0],[73.7674,34.802651,0.0],[73.767527,34.802302,0.0],[73.767472,34.8019,0.0],[73.767111,34.801646,0.0],[73.76675,34.801392,0.0],[73.766391,34.801088,0.0],[73.766029,34.800884,0.0],[73.765668,34.800629,0.0],[73.765317,34.800382,0.0],[73.765319,34.800255,0.0],[73.765212,34.799885,0.0],[73.76505,34.799514,0.0],[73.764944,34.799144,0.0],[73.764669,34.798818,0.0],[73.764223,34.798768,0.0],[73.763994,34.799088,0.0],[73.7636,34.799315,0.0],[73.763508,34.799342,0.0],[73.76315,34.799449,0.0],[73.762703,34.799444,0.0],[73.762486,34.799027,0.0],[73.762355,34.798775,0.0],[73.762235,34.798691,0.0]]]}},{"type":"Feature","properties":{"rgi_id":"RGI2000-v7.0-G-14-25035","o1region":"14"},"geometry":{"type":"Polygon","coordinates":[[[73.747112,34.792922,0.0],[73.747289,34.793252,0.0],[73.747538,34.793554,0.0],[73.747787,34.793856,0.0],[73.747999,34.794217,0.0],[73.748102,34.794607,0.0],[73.748096,34.794995,0.0],[73.747946,34.795353,0.0],[73.747723,34.795709,0.0],[73.747537,34.796037,0.0],[73.747386,34.796394,0.0],[73.747236,34.796751,0.0],[73.747049,34.797108,0.0],[73.746791,34.797405,0.0],[73.74646,34.7977,0.0],[73.746202,34.797997,0.0],[73.746341,34.798357,0.0],[73.746812,34.798392,0.0],[73.747283,34.798427,0.0],[73.747791,34.798402,0.0],[73.748337,34.798288,0.0],[73.748773,34.798173,0.0],[73.74921,34.798088,0.0],[73.749612,34.797882,0.0],[73.749977,34.797677,0.0],[73.750344,34.797411,0.0],[73.750711,34.797146,0.0],[73.751005,34.79685,0.0],[73.751336,34.796554,0.0],[73.75163,34.796258,0.0],[73.751889,34.795932,0.0],[73.752219,34.795666,0.0],[73.75255,34.7954,0.0],[73.752952,34.795165,0.0],[73.753426,34.79502,0.0],[73.753934,34.794966,0.0],[73.75433,34.795149,0.0],[73.754506,34.79548,0.0],[73.754537,34.795869,0.0],[73.754495,34.796258,0.0],[73.754489,34.796646,0.0],[73.754738,34.796978,0.0],[73.755096,34.797251,0.0],[73.755529,34.797405,0.0],[73.756,34.797439,0.0],[73.756437,34.797324,0.0],[73.756838,34.797179,0.0],[73.757168,34.796883,0.0],[73.757427,34.796587,0.0],[73.757757,34.796291,0.0],[73.757836,34.795903,0.0],[73.757842,34.795514,0.0],[73.757811,34.795125,0.0],[73.757781,34.794736,0.0],[73.757642,34.794346,0.0],[73.757392,34.794044,0.0],[73.75696,34.79389,0.0],[73.756526,34.793796,0.0],[73.756093,34.793672,0.0],[73.755843,34.79337,0.0],[73.755595,34.793039,0.0],[73.755382,34.792677,0.0],[73.755389,34.792259,0.0],[73.755395,34.79187,0.0],[73.755437,34.791482,0.0],[73.755515,34.791094,0.0],[73.755594,34.790676,0.0],[73.7556,34.790287,0.0],[73.755423,34.789956,0.0],[73.755174,34.789654,0.0],[73.754889,34.789352,0.0],[73.754639,34.789051,0.0],[73.754609,34.788662,0.0],[73.754615,34.788273,0.0],[73.754046,34.787549,0.0],[73.75401,34.787489,0.0],[73.753615,34.787276,0.0],[73.753218,34.787122,0.0],[73.752785,34.786998,0.0],[73.752352,34.786874,0.0],[73.751919,34.78675,0.0],[73.751487,34.786536,0.0],[73.751128,34.786323,0.0],[73.750657,34.786288,0.0],[73.750221,34.786344,0.0],[73.749747,34.786488,0.0],[73.74931,34.786633,0.0],[73.748945,34.786839,0.0],[73.748543,34.787014,0.0],[73.748142,34.78719,0.0],[73.747776,34.787395,0.0],[73.74741,34.787631,0.0],[73.747044,34.787866,0.0],[73.746749,34.788162,0.0],[73.746491,34.788459,0.0],[73.746376,34.788846,0.0],[73.746298,34.789234,0.0],[73.746256,34.789623,0.0],[73.74625,34.790012,0.0],[73.746208,34.7904,0.0],[73.746202,34.790789,0.0],[73.746196,34.791177,0.0],[73.746263,34.791537,0.0],[73.746439,34.791898,0.0],[73.746688,34.792229,0.0],[73.746936,34.792591,0.0],[73.747112,34.792922,0.0]]]}},{"type":"Feature","properties":{"rgi_id":"RGI2000-v7.0-G-14-25036","o1region":"14"},"geometry":{"type":"Polygon","coordinates":[[[73.756467,34.78462,0.0],[73.756857,34.784384,0.0],[73.7572,34.784109,0.0],[73.757249,34.784069,0.0],[73.757064,34.783469,0.0],[73.756629,34.783505,0.0],[73.756239,34.7837,0.0],[73.755803,34.783735,0.0],[73.755761,34.783376,0.0],[73.755767,34.782977,0.0],[73.755675,34.782618,0.0],[73.755536,34.782257,0.0],[73.755493,34.781898,0.0],[73.75506,34.781774,0.0],[73.754626,34.78169,0.0],[73.754141,34.781764,0.0],[73.753704,34.781919,0.0],[73.753313,34.782195,0.0],[73.753067,34.782511,0.0],[73.753061,34.78291,0.0],[73.753104,34.783269,0.0],[73.753147,34.783629,0.0],[73.753286,34.783989,0.0],[73.753426,34.784349,0.0],[73.753711,34.784671,0.0],[73.753948,34.784993,0.0],[73.75438,34.785157,0.0],[73.754815,34.785201,0.0],[73.755298,34.785206,0.0],[73.755783,34.785091,0.0],[73.756125,34.784855,0.0],[73.756467,34.78462,0.0]]]}},{"type":"Feature","properties":{"rgi_id":"RGI2000-v7.0-G-14-25037","o1region":"14"},"geometry":{"type":"Polygon","coordinates":[[[73.746035,34.777876,0.0],[73.746035,34.77783,0.0],[73.746041,34.777461,0.0],[73.746046,34.777092,0.0],[73.746052,34.776723,0.0],[73.745607,34.77658,0.0],[73.745159,34.776622,0.0],[73.744765,34.776848,0.0],[73.744591,34.777215,0.0],[73.744362,34.777582,0.0],[73.744245,34.77795,0.0],[73.746035,34.777876,0.0]]]}},{"type":"Feature","properties":{"rgi_id":"RGI2000-v7.0-G-14-25038","o1region":"14"},"geometry":{"type":"Polygon","coordinates":[[[73.74379,34.7748,0.0],[73.74379,34.774754,0.0],[73.743572,34.774383,0.0],[73.743411,34.773966,0.0],[73.743361,34.773596,0.0],[73.743366,34.773228,0.0],[73.742864,34.773222,0.0],[73.742414,34.773356,0.0],[73.742074,34.773675,0.0],[73.74168,34.773902,0.0],[73.741284,34.774174,0.0],[73.741166,34.774588,0.0],[73.741049,34.774956,0.0],[73.741155,34.775326,0.0],[73.741486,34.775606,0.0],[73.741874,34.775795,0.0],[73.742319,34.775984,0.0],[73.742765,34.776034,0.0],[73.74316,34.775762,0.0],[73.743389,34.775441,0.0],[73.74379,34.7748,0.0]]]}},{"type":"Feature","properties":{"rgi_id":"RGI2000-v7.0-G-14-25039","o1region":"14"},"geometry":{"type":"Polygon","coordinates":[[[73.737818,34.769041,0.0],[73.737822,34.768787,0.0],[73.737829,34.768362,0.0],[73.73792,34.768008,0.0],[73.738011,34.767655,0.0],[73.738089,34.767353,0.0],[73.737598,34.767311,0.0],[73.737052,34.767305,0.0],[73.736596,34.767301,0.0],[73.736141,34.767296,0.0],[73.735685,34.767329,0.0],[73.735273,34.767475,0.0],[73.735131,34.767849,0.0],[73.735125,34.768225,0.0],[73.735165,34.768601,0.0],[73.735387,34.768941,0.0],[73.735841,34.769021,0.0],[73.736018,34.769361,0.0],[73.735967,34.769737,0.0],[73.735689,34.770034,0.0],[73.735232,34.770142,0.0],[73.734777,34.770138,0.0],[73.73432,34.770246,0.0],[73.734133,34.770582,0.0],[73.734127,34.770958,0.0],[73.734258,34.771335,0.0],[73.734572,34.771601,0.0],[73.735072,34.771681,0.0],[73.735484,34.771535,0.0],[73.735852,34.771314,0.0],[73.736175,34.771054,0.0],[73.736542,34.770832,0.0],[73.73682,34.770535,0.0],[73.737007,34.770198,0.0],[73.73724,34.769863,0.0],[73.737337,34.769488,0.0],[73.73757,34.769152,0.0],[73.737818,34.769041,0.0]]]}},{"type":"Feature","properties":{"rgi_id":"RGI2000-v7.0-G-14-25040","o1region":"14"},"geometry":{"type":"Polygon","coordinates":[[[73.737818,34.769041,0.0],[73.737983,34.768968,0.0],[73.738438,34.768936,0.0],[73.73894,34.768903,0.0],[73.739395,34.768908,0.0],[73.739896,34.768913,0.0],[73.740351,34.768955,0.0],[73.740806,34.768998,0.0],[73.741261,34.769002,0.0],[73.741718,34.768894,0.0],[73.74213,34.768748,0.0],[73.742498,34.768527,0.0],[73.742911,34.768305,0.0],[73.743367,34.768273,0.0],[73.743822,34.768277,0.0],[73.744277,34.768319,0.0],[73.744732,34.768324,0.0],[73.745139,34.768516,0.0],[73.745546,34.768708,0.0],[73.745953,34.7689,0.0],[73.746408,34.768905,0.0],[73.746864,34.76891,0.0],[73.747319,34.768952,0.0],[73.747774,34.768957,0.0],[73.748275,34.768924,0.0],[73.748732,34.768816,0.0],[73.749145,34.768633,0.0],[73.749558,34.768411,0.0],[73.749604,34.768374,0.0],[73.749658,34.767811,0.0],[73.749527,34.767434,0.0],[73.749533,34.767058,0.0],[73.749946,34.766875,0.0],[73.750313,34.766653,0.0],[73.750319,34.766277,0.0],[73.750279,34.765901,0.0],[73.749918,34.765672,0.0],[73.749464,34.76563,0.0],[73.749008,34.765625,0.0],[73.748553,34.76562,0.0],[73.748098,34.765578,0.0],[73.747644,34.765498,0.0],[73.747189,34.765493,0.0],[73.746688,34.765451,0.0],[73.746233,34.765446,0.0],[73.745778,34.765441,0.0],[73.74541,34.765663,0.0],[73.745042,34.765885,0.0],[73.744585,34.765993,0.0],[73.744129,34.766063,0.0],[73.743716,34.766247,0.0],[73.743349,34.766469,0.0],[73.743071,34.766766,0.0],[73.742748,34.767026,0.0],[73.742336,34.767172,0.0],[73.74188,34.767243,0.0],[73.741423,34.767351,0.0],[73.740967,34.767346,0.0],[73.740465,34.767416,0.0],[73.740009,34.767449,0.0],[73.739554,34.767444,0.0],[73.739053,34.767439,0.0],[73.738599,34.767396,0.0],[73.738098,34.767354,0.0],[73.738011,34.767655,0.0],[73.73792,34.768008,0.0],[73.737829,34.768362,0.0],[73.737822,34.768787,0.0],[73.737818,34.769041,0.0]]]}},{"type":"Feature","properties":{"rgi_id":"RGI2000-v7.0-G-14-25041","o1region":"14"},"geometry":{"type":"Polygon","coordinates":[[[73.744258,34.763547,0.0],[73.744309,34.763171,0.0],[73.744224,34.762795,0.0],[73.744001,34.762454,0.0],[73.743687,34.76215,0.0],[73.743419,34.761847,0.0],[73.742696,34.761464,0.0],[73.74265,34.761463,0.0],[73.742283,34.761685,0.0],[73.742096,34.762021,0.0],[73.741999,34.762396,0.0],[73.742039,34.762772,0.0],[73.742169,34.763149,0.0],[73.742164,34.763525,0.0],[73.741886,34.763823,0.0],[73.741518,34.764082,0.0],[73.741105,34.764303,0.0],[73.740648,34.764374,0.0],[73.740325,34.764633,0.0],[73.740229,34.765008,0.0],[73.739996,34.765344,0.0],[73.739718,34.765642,0.0],[73.739895,34.765982,0.0],[73.74035,34.765987,0.0],[73.740898,34.765917,0.0],[73.741353,34.765922,0.0],[73.741721,34.7657,0.0],[73.741863,34.765326,0.0],[73.742006,34.764951,0.0],[73.742283,34.764654,0.0],[73.74274,34.764583,0.0],[73.743196,34.76455,0.0],[73.743652,34.76448,0.0],[73.744065,34.764296,0.0],[73.744207,34.763922,0.0],[73.744258,34.763547,0.0]]]}},{"type":"Feature","properties":{"rgi_id":"RGI2000-v7.0-G-14-25042","o1region":"14"},"geometry":{"type":"Polygon","coordinates":[[[73.74572,34.763261,0.0],[73.74576,34.763637,0.0],[73.745982,34.763978,0.0],[73.746343,34.764207,0.0],[73.74675,34.764362,0.0],[73.747205,34.764441,0.0],[73.747612,34.764596,0.0],[73.748066,34.764676,0.0],[73.74852,34.764793,0.0],[73.748975,34.764835,0.0],[73.74943,34.76484,0.0],[73.749886,34.76477,0.0],[73.750299,34.764586,0.0],[73.750712,34.764402,0.0],[73.751079,34.764181,0.0],[73.751447,34.763959,0.0],[73.751814,34.763737,0.0],[73.752182,34.763515,0.0],[73.752595,34.763294,0.0],[73.752963,34.763072,0.0],[73.75342,34.762927,0.0],[73.753832,34.762781,0.0],[73.754336,34.762636,0.0],[73.754838,34.762528,0.0],[73.754884,34.762528,0.0],[73.755075,34.761892,0.0],[73.754899,34.761514,0.0],[73.75463,34.761211,0.0],[73.754223,34.761056,0.0],[73.753769,34.760976,0.0],[73.753313,34.760972,0.0],[73.752859,34.760929,0.0],[73.752498,34.7607,0.0],[73.752229,34.760397,0.0],[73.751775,34.760279,0.0],[73.75132,34.760275,0.0],[73.750865,34.76027,0.0],[73.75041,34.760265,0.0],[73.749954,34.760261,0.0],[73.749498,34.760294,0.0],[73.749043,34.760327,0.0],[73.74854,34.760434,0.0],[73.748128,34.76058,0.0],[73.747716,34.760726,0.0],[73.747304,34.760872,0.0],[73.746891,34.761056,0.0],[73.746433,34.761277,0.0],[73.746065,34.761498,0.0],[73.745742,34.761758,0.0],[73.745646,34.762133,0.0],[73.74564,34.762509,0.0],[73.74568,34.762885,0.0],[73.74572,34.763261,0.0]]]}},{"type":"Feature","properties":{"rgi_id":"RGI2000-v7.0-G-14-25043","o1region":"14"},"geometry":{"type":"Polygon","coordinates":[[[73.739987,34.759474,0.0],[73.740419,34.759678,0.0],[73.740852,34.759802,0.0],[73.741286,34.759846,0.0],[73.741769,34.759851,0.0],[73.741866,34.759852,0.0],[73.742207,34.759657,0.0],[73.742261,34.759258,0.0],[73.742267,34.75886,0.0],[73.742273,34.758461,0.0],[73.742182,34.758101,0.0],[73.742043,34.757741,0.0],[73.741757,34.757459,0.0],[73.741373,34.757255,0.0],[73.740941,34.757091,0.0],[73.740704,34.75677,0.0],[73.740662,34.75641,0.0],[73.740522,34.75605,0.0],[73.74009,34.755886,0.0],[73.739556,34.756,0.0],[73.739073,34.756035,0.0],[73.73864,34.755871,0.0],[73.738257,34.755668,0.0],[73.737727,34.755582,0.0],[73.73748,34.755899,0.0],[73.737474,34.756298,0.0],[73.737517,34.756657,0.0],[73.737656,34.757017,0.0],[73.737699,34.757377,0.0],[73.737887,34.757738,0.0],[73.738319,34.757941,0.0],[73.738752,34.758026,0.0],[73.739185,34.75819,0.0],[73.739471,34.758472,0.0],[73.73961,34.758832,0.0],[73.739701,34.759192,0.0],[73.739987,34.759474,0.0]]]}},{"type":"Feature","properties":{"rgi_id":"RGI2000-v7.0-G-14-25044","o1region":"14"},"geometry":{"type":"Polygon","coordinates":[[[73.739925,34.74962,0.0],[73.739987,34.749621,0.0],[73.740354,34.749879,0.0],[73.740783,34.750088,0.0],[73.741275,34.750246,0.0],[73.74171,34.750097,0.0],[73.741901,34.749742,0.0],[73.741969,34.749335,0.0],[73.741975,34.748927,0.0],[73.74192,34.748518,0.0],[73.741801,34.74816,0.0],[73.741435,34.747901,0.0],[73.741006,34.747642,0.0],[73.740449,34.747687,0.0],[73.740075,34.747938,0.0],[73.739884,34.748293,0.0],[73.740064,34.748652,0.0],[73.740494,34.74881,0.0],[73.740798,34.749119,0.0],[73.739925,34.74962,0.0]]]}},{"type":"Feature","properties":{"rgi_id":"RGI2000-v7.0-G-14-25045","o1region":"14"},"geometry":{"type":"Polygon","coordinates":[[[73.751457,34.748138,0.0],[73.751002,34.748171,0.0],[73.750546,34.748204,0.0],[73.750045,34.748199,0.0],[73.749589,34.748269,0.0],[73.749266,34.748529,0.0],[73.748988,34.748827,0.0],[73.748892,34.749201,0.0],[73.748749,34.749576,0.0],[73.748427,34.749836,0.0],[73.748059,34.750057,0.0],[73.747692,34.750279,0.0],[73.747368,34.750576,0.0],[73.747363,34.750952,0.0],[73.74777,34.751144,0.0],[73.748224,34.751186,0.0],[73.748725,34.751191,0.0],[73.74918,34.751234,0.0],[73.749634,34.751276,0.0],[73.750133,34.751431,0.0],[73.750494,34.751661,0.0],[73.750901,34.751815,0.0],[73.751356,34.751857,0.0],[73.751811,34.751862,0.0],[73.752266,34.751867,0.0],[73.752722,34.751871,0.0],[73.753177,34.751876,0.0],[73.753631,34.751918,0.0],[73.754039,34.752073,0.0],[73.754492,34.75219,0.0],[73.754946,34.752307,0.0],[73.755399,34.752462,0.0],[73.755851,34.752655,0.0],[73.756305,34.752772,0.0],[73.756758,34.752927,0.0],[73.757211,34.753045,0.0],[73.757618,34.753237,0.0],[73.758072,34.753354,0.0],[73.758572,34.753397,0.0],[73.759027,34.753401,0.0],[73.759483,34.753406,0.0],[73.759939,34.753335,0.0],[73.760351,34.753189,0.0],[73.760763,34.753043,0.0],[73.761176,34.75286,0.0],[73.761588,34.752676,0.0],[73.762,34.75253,0.0],[73.762412,34.752384,0.0],[73.762914,34.752314,0.0],[73.763369,34.752318,0.0],[73.763415,34.752319,0.0],[73.763636,34.75214,0.0],[73.763786,34.751871,0.0],[73.763791,34.751496,0.0],[73.763797,34.75112,0.0],[73.763799,34.75097,0.0],[73.763253,34.750927,0.0],[73.762892,34.750697,0.0],[73.762578,34.750394,0.0],[73.762356,34.750053,0.0],[73.762179,34.749713,0.0],[73.761956,34.749373,0.0],[73.761595,34.749143,0.0],[73.761142,34.749026,0.0],[73.760735,34.748834,0.0],[73.760327,34.74868,0.0],[73.759967,34.74845,0.0],[73.759606,34.748221,0.0],[73.759152,34.748141,0.0],[73.758696,34.748137,0.0],[73.758242,34.748057,0.0],[73.757742,34.748052,0.0],[73.757334,34.747897,0.0],[73.756881,34.74778,0.0],[73.756425,34.747775,0.0],[73.75597,34.747808,0.0],[73.755514,34.747804,0.0],[73.755059,34.747837,0.0],[73.754603,34.74787,0.0],[73.754147,34.747902,0.0],[73.753692,34.747898,0.0],[73.753646,34.747897,0.0],[73.75237,34.747997,0.0],[73.751913,34.748105,0.0],[73.751457,34.748138,0.0]]]}},{"type":"Feature","properties":{"rgi_id":"RGI2000-v7.0-G-14-25046","o1region":"14"},"geometry":{"type":"Polygon","coordinates":[[[73.779965,34.777575,0.0],[73.77991,34.777528,0.0],[73.779465,34.777386,0.0],[73.779076,34.777197,0.0],[73.778629,34.777193,0.0],[73.778183,34.777142,0.0],[73.777908,34.776817,0.0],[73.777633,34.776491,0.0],[73.777302,34.776211,0.0],[73.776854,34.776253,0.0],[73.776515,34.776526,0.0],[73.776454,34.776894,0.0],[73.776673,34.777219,0.0],[73.776947,34.777545,0.0],[73.777278,34.777825,0.0],[73.77761,34.778105,0.0],[73.777998,34.778293,0.0],[73.7785,34.77839,0.0],[73.779003,34.778395,0.0],[73.779506,34.778401,0.0],[73.779845,34.778127,0.0],[73.779965,34.777575,0.0]]]}},{"type":"Feature","properties":{"rgi_id":"RGI2000-v7.0-G-14-25047","o1region":"14"},"geometry":{"type":"Polygon","coordinates":[[[73.775152,34.781769,0.0],[73.775971,34.781817,0.0],[73.776025,34.781752,0.0],[73.775939,34.781454,0.0],[73.776279,34.781135,0.0],[73.776726,34.78114,0.0],[73.777174,34.781098,0.0],[73.777622,34.781056,0.0],[73.778017,34.78083,0.0],[73.777798,34.780505,0.0],[73.777239,34.780499,0.0],[73.776793,34.780449,0.0],[73.77629,34.780443,0.0],[73.775787,34.780438,0.0],[73.775284,34.780387,0.0],[73.774782,34.780336,0.0],[73.774335,34.780332,0.0],[73.773887,34.780373,0.0],[73.773384,34.780368,0.0],[73.772936,34.78041,0.0],[73.772489,34.780405,0.0],[73.772041,34.780493,0.0],[73.771813,34.780813,0.0],[73.772087,34.781139,0.0],[73.77253,34.78142,0.0],[73.772919,34.781609,0.0],[73.773364,34.781705,0.0],[73.77381,34.781802,0.0],[73.774257,34.781806,0.0],[73.774704,34.781811,0.0],[73.775152,34.781769,0.0]]]}},{"type":"Feature","properties":{"rgi_id":"RGI2000-v7.0-G-14-25048","o1region":"14"},"geometry":{"type":"Polygon","coordinates":[[[73.793127,34.786649,0.0],[73.79334,34.786829,0.0],[73.793575,34.78728,0.0],[73.793692,34.787689,0.0],[73.793872,34.788099,0.0],[73.794176,34.788459,0.0],[73.79448,34.788768,0.0],[73.794848,34.789026,0.0],[73.795216,34.789234,0.0],[73.795708,34.789392,0.0],[73.796139,34.789498,0.0],[73.796507,34.789706,0.0],[73.796938,34.789812,0.0],[73.797431,34.789919,0.0],[73.797862,34.790025,0.0],[73.798293,34.790183,0.0],[73.798785,34.79034,0.0],[73.799216,34.790447,0.0],[73.799276,34.7906,0.0],[73.799642,34.790961,0.0],[73.799946,34.79127,0.0],[73.800251,34.791579,0.0],[73.800618,34.791889,0.0],[73.801048,34.792046,0.0],[73.801543,34.792051,0.0],[73.801978,34.791851,0.0],[73.802352,34.791651,0.0],[73.802787,34.791502,0.0],[73.803282,34.791507,0.0],[73.80365,34.791714,0.0],[73.804018,34.791922,0.0],[73.804385,34.792181,0.0],[73.804816,34.792287,0.0],[73.80531,34.792343,0.0],[73.805744,34.792245,0.0],[73.806179,34.792096,0.0],[73.806553,34.791896,0.0],[73.806866,34.791593,0.0],[73.806935,34.791084,0.0],[73.806694,34.790673,0.0],[73.806327,34.790415,0.0],[73.80596,34.790156,0.0],[73.805528,34.79005,0.0],[73.805091,34.790351,0.0],[73.804717,34.790552,0.0],[73.80422,34.790751,0.0],[73.803725,34.790746,0.0],[73.803295,34.790589,0.0],[73.802921,34.790789,0.0],[73.802547,34.79099,0.0],[73.802112,34.791138,0.0],[73.801618,34.791133,0.0],[73.801187,34.790976,0.0],[73.800819,34.790769,0.0],[73.800576,34.79046,0.0],[73.800829,34.790106,0.0],[73.801449,34.789959,0.0],[73.801885,34.789759,0.0],[73.802137,34.789455,0.0],[73.802327,34.7891,0.0],[73.802148,34.78869,0.0],[73.80178,34.788432,0.0],[73.801662,34.788074,0.0],[73.801233,34.787814,0.0],[73.800615,34.787808,0.0],[73.799997,34.787802,0.0],[73.799973,34.787802,0.0],[73.799809,34.787617,0.0],[73.799494,34.787351,0.0],[73.799133,34.787084,0.0],[73.798727,34.786817,0.0],[73.798367,34.786513,0.0],[73.798099,34.786172,0.0],[73.797784,34.785868,0.0],[73.797516,34.785527,0.0],[73.797248,34.785187,0.0],[73.796979,34.784883,0.0],[73.796801,34.784543,0.0],[73.796579,34.784165,0.0],[73.796356,34.783825,0.0],[73.796041,34.783559,0.0],[73.795587,34.783479,0.0],[73.79477,34.783283,0.0],[73.794724,34.783283,0.0],[73.794224,34.783278,0.0],[73.793768,34.783273,0.0],[73.793313,34.783269,0.0],[73.792858,34.783227,0.0],[73.792403,34.783147,0.0],[73.791996,34.782955,0.0],[73.791543,34.782838,0.0],[73.791088,34.782758,0.0],[73.790633,34.782716,0.0],[73.790178,34.782711,0.0],[73.789766,34.782858,0.0],[73.789443,34.783117,0.0],[73.789301,34.783492,0.0],[73.789296,34.783868,0.0],[73.789611,34.784134,0.0],[73.789971,34.7844,0.0],[73.790286,34.784667,0.0],[73.790693,34.784859,0.0],[73.791053,34.785163,0.0],[73.791368,34.785429,0.0],[73.791683,34.785733,0.0],[73.792044,34.785962,0.0],[73.792405,34.786191,0.0],[73.792766,34.78642,0.0],[73.793127,34.786649,0.0]]]}},{"type":"Feature","properties":{"rgi_id":"RGI2000-v7.0-G-14-25049","o1region":"14"},"geometry":{"type":"Polygon","coordinates":[[[73.802297,34.778389,0.0],[73.802297,34.778338,0.0],[73.801931,34.778028,0.0],[73.801437,34.777973,0.0],[73.800943,34.777917,0.0],[73.801061,34.778326,0.0],[73.801366,34.778635,0.0],[73.801609,34.778943,0.0],[73.801418,34.779298,0.0],[73.801044,34.779499,0.0],[73.800731,34.779802,0.0],[73.80054,34.780157,0.0],[73.800472,34.780564,0.0],[73.800466,34.781023,0.0],[73.800522,34.781432,0.0],[73.80089,34.781639,0.0],[73.801445,34.781696,0.0],[73.801876,34.781853,0.0],[73.802307,34.781959,0.0],[73.802801,34.782015,0.0],[73.803174,34.781815,0.0],[73.803427,34.781409,0.0],[73.803123,34.7811,0.0],[73.802692,34.780994,0.0],[73.802324,34.780786,0.0],[73.802205,34.780428,0.0],[73.802297,34.778389,0.0]]]}},{"type":"Feature","properties":{"rgi_id":"RGI2000-v7.0-G-14-25050","o1region":"14"},"geometry":{"type":"Polygon","coordinates":[[[73.800059,34.779234,0.0],[73.80006,34.779183,0.0],[73.800066,34.778724,0.0],[73.799948,34.778366,0.0],[73.799643,34.778057,0.0],[73.799587,34.777648,0.0],[73.799716,34.777293,0.0],[73.800091,34.777041,0.0],[73.800586,34.776995,0.0],[73.801081,34.776949,0.0],[73.801637,34.776954,0.0],[73.802071,34.776857,0.0],[73.802016,34.776448,0.0],[73.801773,34.77614,0.0],[73.801717,34.775731,0.0],[73.801661,34.775323,0.0],[73.801481,34.774964,0.0],[73.801176,34.774655,0.0],[73.800996,34.774296,0.0],[73.800877,34.773938,0.0],[73.800382,34.773984,0.0],[73.800253,34.77434,0.0],[73.800063,34.774695,0.0],[73.799872,34.77505,0.0],[73.799682,34.775405,0.0],[73.799491,34.77576,0.0],[73.799301,34.776115,0.0],[73.799172,34.776471,0.0],[73.799043,34.776827,0.0],[73.798852,34.777182,0.0],[73.798723,34.777589,0.0],[73.798717,34.777997,0.0],[73.798835,34.778355,0.0],[73.798954,34.778713,0.0],[73.799134,34.779072,0.0],[73.799377,34.77938,0.0],[73.800059,34.779234,0.0]]]}},{"type":"Feature","properties":{"rgi_id":"RGI2000-v7.0-G-14-25051","o1region":"14"},"geometry":{"type":"Polygon","coordinates":[[[73.805895,34.779372,0.0],[73.805893,34.779509,0.0],[73.805865,34.779597,0.0],[73.805674,34.779952,0.0],[73.805544,34.780359,0.0],[73.805539,34.780767,0.0],[73.805657,34.781125,0.0],[73.805777,34.781246,0.0],[73.805776,34.781287,0.0],[73.805816,34.781663,0.0],[73.805811,34.782039,0.0],[73.80576,34.782414,0.0],[73.805663,34.782789,0.0],[73.805612,34.783164,0.0],[73.805698,34.783541,0.0],[73.805784,34.783918,0.0],[73.806145,34.784147,0.0],[73.806552,34.784301,0.0],[73.807006,34.784418,0.0],[73.807461,34.78446,0.0],[73.807917,34.784427,0.0],[73.808195,34.784129,0.0],[73.8082,34.783754,0.0],[73.808205,34.783378,0.0],[73.808211,34.783002,0.0],[73.808171,34.782626,0.0],[73.808176,34.78225,0.0],[73.808181,34.781874,0.0],[73.808183,34.781799,0.0],[73.808094,34.781325,0.0],[73.808378,34.78105,0.0],[73.808569,34.780695,0.0],[73.808575,34.780287,0.0],[73.808207,34.780079,0.0],[73.807712,34.780074,0.0],[73.807383,34.780105,0.0],[73.807346,34.779762,0.0],[73.807352,34.779386,0.0],[73.807175,34.779008,0.0],[73.806814,34.778779,0.0],[73.806652,34.778697,0.0],[73.806622,34.778483,0.0],[73.806442,34.778124,0.0],[73.805948,34.778068,0.0],[73.805455,34.778012,0.0],[73.80496,34.778007,0.0],[73.804954,34.778415,0.0],[73.805259,34.778724,0.0],[73.805627,34.778932,0.0],[73.805863,34.779231,0.0],[73.805895,34.779372,0.0]]]}},{"type":"Feature","properties":{"rgi_id":"RGI2000-v7.0-G-14-25052","o1region":"14"},"geometry":{"type":"Polygon","coordinates":[[[73.815073,34.784084,0.0],[73.814618,34.784079,0.0],[73.814162,34.784075,0.0],[73.814077,34.783698,0.0],[73.814127,34.783323,0.0],[73.814405,34.783025,0.0],[73.814359,34.783024,0.0],[73.813903,34.783095,0.0],[73.813491,34.783242,0.0],[73.813303,34.783615,0.0],[73.813116,34.783952,0.0],[73.812794,34.784212,0.0],[73.812382,34.784358,0.0],[73.81197,34.784504,0.0],[73.811557,34.784688,0.0],[73.811461,34.785063,0.0],[73.811364,34.785438,0.0],[73.811359,34.785814,0.0],[73.811628,34.786117,0.0],[73.811989,34.786346,0.0],[73.812396,34.786575,0.0],[73.81285,34.786655,0.0],[73.813305,34.786659,0.0],[73.813806,34.786664,0.0],[73.814263,34.786556,0.0],[73.814677,34.786335,0.0],[73.815044,34.786113,0.0],[73.815412,34.785891,0.0],[73.815734,34.785631,0.0],[73.815921,34.785294,0.0],[73.816018,34.78492,0.0],[73.816069,34.784544,0.0],[73.815983,34.784168,0.0],[73.815529,34.784088,0.0],[73.815073,34.784084,0.0]]]}},{"type":"Feature","properties":{"rgi_id":"RGI2000-v7.0-G-14-25053","o1region":"14"},"geometry":{"type":"Polygon","coordinates":[[[73.810783,34.787875,0.0],[73.810326,34.787946,0.0],[73.810004,34.788206,0.0],[73.809681,34.788465,0.0],[73.809402,34.788839,0.0],[73.809351,34.789214,0.0],[73.809255,34.789589,0.0],[73.809204,34.789964,0.0],[73.809061,34.790376,0.0],[73.808829,34.790712,0.0],[73.808732,34.791087,0.0],[73.80891,34.791427,0.0],[73.809317,34.791619,0.0],[73.809771,34.791698,0.0],[73.810178,34.79189,0.0],[73.810634,34.791895,0.0],[73.811089,34.791937,0.0],[73.811544,34.791941,0.0],[73.811999,34.791983,0.0],[73.812406,34.792175,0.0],[73.812813,34.792404,0.0],[73.813269,34.792371,0.0],[73.813637,34.792149,0.0],[73.814049,34.791965,0.0],[73.814506,34.791895,0.0],[73.814962,34.791824,0.0],[73.815374,34.791678,0.0],[73.815787,34.791494,0.0],[73.816155,34.791272,0.0],[73.816522,34.79105,0.0],[73.816845,34.79079,0.0],[73.817167,34.79053,0.0],[73.817491,34.790233,0.0],[73.817768,34.789935,0.0],[73.817955,34.789598,0.0],[73.818188,34.789262,0.0],[73.81851,34.789002,0.0],[73.818788,34.788705,0.0],[73.819065,34.788407,0.0],[73.819524,34.788186,0.0],[73.819981,34.788077,0.0],[73.820027,34.788078,0.0],[73.820578,34.787707,0.0],[73.820765,34.787371,0.0],[73.820907,34.786996,0.0],[73.820867,34.78662,0.0],[73.820552,34.786354,0.0],[73.820098,34.786275,0.0],[73.819737,34.786046,0.0],[73.819282,34.786004,0.0],[73.818827,34.785924,0.0],[73.818373,34.785844,0.0],[73.817917,34.785878,0.0],[73.817639,34.786213,0.0],[73.817316,34.786473,0.0],[73.81686,34.786544,0.0],[73.816405,34.786539,0.0],[73.815949,34.786535,0.0],[73.815494,34.78653,0.0],[73.815038,34.786564,0.0],[73.814581,34.786634,0.0],[73.814125,34.786705,0.0],[73.813713,34.786851,0.0],[73.813301,34.786998,0.0],[73.812887,34.787219,0.0],[73.81252,34.787441,0.0],[73.812152,34.787663,0.0],[73.81174,34.787809,0.0],[73.811239,34.787842,0.0],[73.810783,34.787875,0.0]]]}},{"type":"Feature","properties":{"rgi_id":"RGI2000-v7.0-G-14-25054","o1region":"14"},"geometry":{"type":"Polygon","coordinates":[[[73.743375,34.7846,0.0],[73.743131,34.784942,0.0],[73.742712,34.785085,0.0],[73.742234,34.785179,0.0],[73.741756,34.785223,0.0],[73.741278,34.785267,0.0],[73.740858,34.785459,0.0],[73.740674,34.785802,0.0],[73.740371,34.786094,0.0],[73.740069,34.786386,0.0],[73.739707,34.786628,0.0],[73.739344,34.786969,0.0],[73.739201,34.787272,0.0],[73.739043,34.787346,0.0],[73.73863,34.787539,0.0],[73.73801,34.787871,0.0],[73.737976,34.787871,0.0],[73.737532,34.787866,0.0],[73.737285,34.787879,0.0],[73.737118,34.788274,0.0],[73.736933,34.788715,0.0],[73.736747,34.789155,0.0],[73.736682,34.789548,0.0],[73.736523,34.789884,0.0],[73.736497,34.78994,0.0],[73.736313,34.790282,0.0],[73.736129,34.790625,0.0],[73.736123,34.791018,0.0],[73.736537,34.791219,0.0],[73.737073,34.791225,0.0],[73.737364,34.790991,0.0],[73.737515,34.791192,0.0],[73.737845,34.791443,0.0],[73.737839,34.791823,0.0],[73.737893,34.792217,0.0],[73.738067,34.792563,0.0],[73.738603,34.792569,0.0],[73.739081,34.792524,0.0],[73.739562,34.792283,0.0],[73.739983,34.792042,0.0],[73.740402,34.791899,0.0],[73.740587,34.791507,0.0],[73.740618,34.791301,0.0],[73.740897,34.791199,0.0],[73.741276,34.790977,0.0],[73.74152,34.79067,0.0],[73.741628,34.790304,0.0],[73.741804,34.789968,0.0],[73.742149,34.789746,0.0],[73.742494,34.789524,0.0],[73.74284,34.789246,0.0],[73.743186,34.788939,0.0],[73.743498,34.788661,0.0],[73.743708,34.788325,0.0],[73.743816,34.787959,0.0],[73.74389,34.787594,0.0],[73.74393,34.787228,0.0],[73.743969,34.786862,0.0],[73.743975,34.786467,0.0],[73.743879,34.786072,0.0],[73.743813,34.785984,0.0],[73.743893,34.785835,0.0],[73.744312,34.785692,0.0],[73.744674,34.78545,0.0],[73.745093,34.785306,0.0],[73.745277,34.784964,0.0],[73.745403,34.784572,0.0],[73.745349,34.784178,0.0],[73.744934,34.784026,0.0],[73.744398,34.783971,0.0],[73.744105,34.783968,0.0],[73.74423,34.783623,0.0],[73.744789,34.783476,0.0],[73.745285,34.783379,0.0],[73.745842,34.783333,0.0],[73.746337,34.783338,0.0],[73.746893,34.783344,0.0],[73.747389,34.783247,0.0],[73.747824,34.783099,0.0],[73.748198,34.782899,0.0],[73.748573,34.782647,0.0],[73.74907,34.782449,0.0],[73.749505,34.7823,0.0],[73.749696,34.781945,0.0],[73.749578,34.781587,0.0],[73.749335,34.781278,0.0],[73.748905,34.781121,0.0],[73.74841,34.781116,0.0],[73.748168,34.780807,0.0],[73.748174,34.780399,0.0],[73.748118,34.779991,0.0],[73.747687,34.779884,0.0],[73.74713,34.779929,0.0],[73.746635,34.779975,0.0],[73.7462,34.780124,0.0],[73.745948,34.780427,0.0],[73.745514,34.780525,0.0],[73.745079,34.780673,0.0],[73.744827,34.780977,0.0],[73.744821,34.781385,0.0],[73.744876,34.781793,0.0],[73.744808,34.782201,0.0],[73.744434,34.782401,0.0],[73.743938,34.782498,0.0],[73.743504,34.782595,0.0],[73.74313,34.782795,0.0],[73.742939,34.78315,0.0],[73.743181,34.78351,0.0],[73.743237,34.783919,0.0],[73.743292,34.784327,0.0],[73.743391,34.784552,0.0],[73.743375,34.7846,0.0]]]}},{"type":"Feature","properties":{"rgi_id":"RGI2000-v7.0-G-14-25055","o1region":"14"},"geometry":{"type":"Polygon","coordinates":[[[73.73369,34.784327,0.0],[73.73399,34.784306,0.0],[73.734081,34.784665,0.0],[73.733931,34.785023,0.0],[73.733637,34.785299,0.0],[73.733486,34.785656,0.0],[73.73348,34.786055,0.0],[73.73362,34.786415,0.0],[73.733856,34.786737,0.0],[73.734093,34.787058,0.0],[73.73433,34.78738,0.0],[73.734763,34.787504,0.0],[73.735199,34.787469,0.0],[73.735635,34.787354,0.0],[73.73593,34.787077,0.0],[73.736225,34.786761,0.0],[73.736663,34.786567,0.0],[73.737053,34.786331,0.0],[73.737059,34.785933,0.0],[73.73692,34.785532,0.0],[73.736781,34.785172,0.0],[73.736495,34.78489,0.0],[73.736062,34.784766,0.0],[73.735629,34.784602,0.0],[73.735441,34.784241,0.0],[73.735351,34.783841,0.0],[73.735308,34.783482,0.0],[73.735314,34.783096,0.0],[73.735119,34.783201,0.0],[73.734729,34.783396,0.0],[73.734339,34.783591,0.0],[73.733998,34.783827,0.0],[73.73375,34.784183,0.0],[73.73369,34.784327,0.0]]]}},{"type":"Feature","properties":{"rgi_id":"RGI2000-v7.0-G-14-25056","o1region":"14"},"geometry":{"type":"Polygon","coordinates":[[[73.73369,34.784327,0.0],[73.73375,34.784183,0.0],[73.733998,34.783827,0.0],[73.734339,34.783591,0.0],[73.734729,34.783396,0.0],[73.735119,34.783201,0.0],[73.735314,34.783096,0.0],[73.735315,34.783003,0.0],[73.735371,34.782525,0.0],[73.735713,34.78229,0.0],[73.736055,34.782054,0.0],[73.736445,34.781819,0.0],[73.736881,34.781743,0.0],[73.7371,34.781766,0.0],[73.737098,34.781874,0.0],[73.737272,34.78222,0.0],[73.737565,34.782518,0.0],[73.738043,34.782474,0.0],[73.738462,34.782331,0.0],[73.7388,34.782265,0.0],[73.738941,34.782237,0.0],[73.739175,34.782157,0.0],[73.73936,34.782094,0.0],[73.739722,34.781852,0.0],[73.739965,34.78151,0.0],[73.740066,34.781324,0.0],[73.740273,34.78118,0.0],[73.740663,34.780985,0.0],[73.741194,34.780991,0.0],[73.741678,34.780996,0.0],[73.742115,34.780841,0.0],[73.742122,34.780402,0.0],[73.742128,34.780003,0.0],[73.742085,34.779644,0.0],[73.741701,34.779441,0.0],[73.741268,34.779356,0.0],[73.741176,34.778996,0.0],[73.741182,34.778598,0.0],[73.741236,34.778239,0.0],[73.741387,34.777882,0.0],[73.741825,34.777687,0.0],[73.742261,34.777572,0.0],[73.742508,34.777256,0.0],[73.742465,34.776896,0.0],[73.742179,34.776614,0.0],[73.741698,34.77645,0.0],[73.741315,34.776246,0.0],[73.740882,34.776082,0.0],[73.740499,34.775839,0.0],[73.740214,34.775557,0.0],[73.739928,34.775275,0.0],[73.739593,34.775032,0.0],[73.739162,34.774788,0.0],[73.73873,34.774584,0.0],[73.738297,34.77446,0.0],[73.737863,34.774376,0.0],[73.737381,34.774331,0.0],[73.736946,34.774287,0.0],[73.736415,34.774281,0.0],[73.735882,34.774355,0.0],[73.735446,34.774431,0.0],[73.73501,34.774466,0.0],[73.734575,34.774501,0.0],[73.734139,34.774537,0.0],[73.733703,34.774612,0.0],[73.733267,34.774727,0.0],[73.732925,34.774963,0.0],[73.732726,34.77532,0.0],[73.732672,34.775678,0.0],[73.732666,34.776077,0.0],[73.73266,34.776475,0.0],[73.732606,34.776834,0.0],[73.732552,34.777192,0.0],[73.732306,34.777509,0.0],[73.732059,34.777825,0.0],[73.731765,34.778101,0.0],[73.731329,34.778176,0.0],[73.730892,34.778291,0.0],[73.730457,34.778327,0.0],[73.73002,34.778402,0.0],[73.729584,34.778477,0.0],[73.729147,34.778632,0.0],[73.728711,34.778707,0.0],[73.728369,34.778943,0.0],[73.727979,34.779138,0.0],[73.727542,34.779253,0.0],[73.727059,34.779288,0.0],[73.726623,34.779324,0.0],[73.72614,34.779319,0.0],[73.725704,34.779354,0.0],[73.725269,34.779389,0.0],[73.724831,34.779544,0.0],[73.724394,34.779699,0.0],[73.723957,34.779854,0.0],[73.723908,34.779853,0.0],[73.723411,34.780765,0.0],[73.722928,34.78076,0.0],[73.722444,34.780795,0.0],[73.722007,34.78091,0.0],[73.721617,34.781145,0.0],[73.721418,34.781502,0.0],[73.721412,34.781901,0.0],[73.721405,34.7823,0.0],[73.721448,34.782659,0.0],[73.721588,34.783019,0.0],[73.721823,34.783421,0.0],[73.722059,34.783782,0.0],[73.722108,34.783783,0.0],[73.722489,34.784146,0.0],[73.722774,34.784468,0.0],[73.723058,34.784829,0.0],[73.723344,34.785112,0.0],[73.723629,34.785434,0.0],[73.723866,34.785755,0.0],[73.724102,34.786077,0.0],[73.72429,34.786438,0.0],[73.724527,34.786759,0.0],[73.724666,34.787119,0.0],[73.724902,34.787481,0.0],[73.72509,34.787882,0.0],[73.725277,34.788242,0.0],[73.725369,34.788602,0.0],[73.72546,34.788962,0.0],[73.725551,34.789322,0.0],[73.72569,34.789722,0.0],[73.725829,34.790083,0.0],[73.72592,34.790443,0.0],[73.72606,34.790803,0.0],[73.726247,34.791204,0.0],[73.726435,34.791565,0.0],[73.726574,34.791925,0.0],[73.726811,34.792246,0.0],[73.727096,34.792568,0.0],[73.727382,34.792851,0.0],[73.727717,34.793093,0.0],[73.728051,34.793336,0.0],[73.728435,34.79354,0.0],[73.728818,34.793783,0.0],[73.72925,34.793987,0.0],[73.729633,34.79419,0.0],[73.730066,34.794354,0.0],[73.730498,34.794558,0.0],[73.73093,34.794722,0.0],[73.731363,34.794886,0.0],[73.731796,34.79505,0.0],[73.732229,34.795174,0.0],[73.732662,34.795298,0.0],[73.733096,34.795383,0.0],[73.733627,34.795388,0.0],[73.734111,34.795393,0.0],[73.734596,34.795279,0.0],[73.73489,34.795003,0.0],[73.734944,34.794644,0.0],[73.73495,34.794246,0.0],[73.734907,34.793886,0.0],[73.734913,34.793487,0.0],[73.734628,34.793205,0.0],[73.734343,34.792883,0.0],[73.734057,34.792601,0.0],[73.733771,34.792319,0.0],[73.733486,34.791997,0.0],[73.733201,34.791675,0.0],[73.732915,34.791393,0.0],[73.732629,34.791111,0.0],[73.732393,34.790789,0.0],[73.732156,34.790468,0.0],[73.732016,34.790107,0.0],[73.731973,34.789748,0.0],[73.731882,34.789388,0.0],[73.731791,34.789028,0.0],[73.731797,34.78863,0.0],[73.731798,34.78859,0.0],[73.732013,34.787156,0.0],[73.732164,34.786799,0.0],[73.732314,34.786442,0.0],[73.732513,34.786085,0.0],[73.73276,34.785728,0.0],[73.733007,34.785412,0.0],[73.733157,34.785055,0.0],[73.733308,34.784697,0.0],[73.733506,34.78434,0.0],[73.73369,34.784327,0.0]]]}},{"type":"Feature","properties":{"rgi_id":"RGI2000-v7.0-G-14-25057","o1region":"14"},"geometry":{"type":"Polygon","coordinates":[[[73.719256,34.788232,0.0],[73.719371,34.788408,0.0],[73.71959,34.788282,0.0],[73.720069,34.78814,0.0],[73.720243,34.788486,0.0],[73.720242,34.788548,0.0],[73.720237,34.788879,0.0],[73.72035,34.789274,0.0],[73.720583,34.789621,0.0],[73.720937,34.789871,0.0],[73.721414,34.789876,0.0],[73.721775,34.789633,0.0],[73.721959,34.789291,0.0],[73.721786,34.788945,0.0],[73.721683,34.788584,0.0],[73.721754,34.788591,0.0],[73.722159,34.788447,0.0],[73.722177,34.788318,0.0],[73.722209,34.788079,0.0],[73.722342,34.787841,0.0],[73.722138,34.787715,0.0],[73.722075,34.787348,0.0],[73.72191,34.787008,0.0],[73.721779,34.786767,0.0],[73.72165,34.786671,0.0],[73.721296,34.786409,0.0],[73.721032,34.786111,0.0],[73.720859,34.785777,0.0],[73.720685,34.785444,0.0],[73.720602,34.785,0.0],[73.720523,34.784612,0.0],[73.720244,34.784256,0.0],[73.719976,34.783944,0.0],[73.719532,34.783883,0.0],[73.719088,34.783906,0.0],[73.718643,34.783986,0.0],[73.718264,34.784179,0.0],[73.718019,34.784515,0.0],[73.71798,34.784881,0.0],[73.717974,34.785247,0.0],[73.717968,34.785614,0.0],[73.717962,34.786008,0.0],[73.718093,34.786376,0.0],[73.718362,34.786661,0.0],[73.718496,34.786859,0.0],[73.718495,34.786887,0.0],[73.718546,34.786905,0.0],[73.718646,34.787193,0.0],[73.718864,34.787527,0.0],[73.719082,34.787899,0.0],[73.719256,34.788232,0.0]]]}},{"type":"Feature","properties":{"rgi_id":"RGI2000-v7.0-G-14-25058","o1region":"14"},"geometry":{"type":"Polygon","coordinates":[[[73.710048,34.782692,0.0],[73.71013,34.782713,0.0],[73.710437,34.783048,0.0],[73.710387,34.783417,0.0],[73.710337,34.783785,0.0],[73.710331,34.784154,0.0],[73.71028,34.784522,0.0],[73.710141,34.78489,0.0],[73.709736,34.785033,0.0],[73.709286,34.785213,0.0],[73.70916,34.785239,0.0],[73.709159,34.785351,0.0],[73.708971,34.785688,0.0],[73.708558,34.785909,0.0],[73.708145,34.786092,0.0],[73.707777,34.786351,0.0],[73.707454,34.786611,0.0],[73.707131,34.786871,0.0],[73.707011,34.786955,0.0],[73.706885,34.787216,0.0],[73.706744,34.78762,0.0],[73.706649,34.787988,0.0],[73.706465,34.788318,0.0],[73.706369,34.788723,0.0],[73.706229,34.789091,0.0],[73.706179,34.789459,0.0],[73.706084,34.789827,0.0],[73.706083,34.789856,0.0],[73.706078,34.790196,0.0],[73.706252,34.79053,0.0],[73.706699,34.790535,0.0],[73.707148,34.790429,0.0],[73.707465,34.790174,0.0],[73.707738,34.789845,0.0],[73.707773,34.789794,0.0],[73.707906,34.789735,0.0],[73.708274,34.789513,0.0],[73.708552,34.789178,0.0],[73.708966,34.788957,0.0],[73.709424,34.788811,0.0],[73.709881,34.788704,0.0],[73.710339,34.788558,0.0],[73.710541,34.788486,0.0],[73.710579,34.788325,0.0],[73.710719,34.787921,0.0],[73.71086,34.787517,0.0],[73.711133,34.787187,0.0],[73.711407,34.786858,0.0],[73.711768,34.786641,0.0],[73.712085,34.786386,0.0],[73.712358,34.786094,0.0],[73.71263,34.785801,0.0],[73.712947,34.785546,0.0],[73.713353,34.785366,0.0],[73.713714,34.785149,0.0],[73.713987,34.784857,0.0],[73.714082,34.784489,0.0],[73.714222,34.784121,0.0],[73.714494,34.783829,0.0],[73.714941,34.783871,0.0],[73.715204,34.784205,0.0],[73.715332,34.784576,0.0],[73.715731,34.784646,0.0],[73.715778,34.784654,0.0],[73.716096,34.784362,0.0],[73.716325,34.783996,0.0],[73.716421,34.783591,0.0],[73.716471,34.783223,0.0],[73.716472,34.783158,0.0],[73.716527,34.783099,0.0],[73.71685,34.782802,0.0],[73.717173,34.782542,0.0],[73.717496,34.782283,0.0],[73.717619,34.782209,0.0],[73.717698,34.781981,0.0],[73.717927,34.781652,0.0],[73.718243,34.781397,0.0],[73.718605,34.781179,0.0],[73.718791,34.78108,0.0],[73.71901,34.780962,0.0],[73.719284,34.780633,0.0],[73.719424,34.780265,0.0],[73.71934,34.779859,0.0],[73.718993,34.779727,0.0],[73.718993,34.779706,0.0],[73.718816,34.779366,0.0],[73.717817,34.779205,0.0],[73.717362,34.7792,0.0],[73.716906,34.779195,0.0],[73.716451,34.77919,0.0],[73.715994,34.779261,0.0],[73.715538,34.779331,0.0],[73.715126,34.779477,0.0],[73.714758,34.779699,0.0],[73.714525,34.780034,0.0],[73.714202,34.780294,0.0],[73.713748,34.780214,0.0],[73.713387,34.779985,0.0],[73.713072,34.779718,0.0],[73.712665,34.779526,0.0],[73.712397,34.779223,0.0],[73.712357,34.778846,0.0],[73.712502,34.778284,0.0],[73.712457,34.778284,0.0],[73.712079,34.778223,0.0],[73.712033,34.778232,0.0],[73.711583,34.778375,0.0],[73.711135,34.778444,0.0],[73.710642,34.778549,0.0],[73.710148,34.778655,0.0],[73.709962,34.778699,0.0],[73.710047,34.778942,0.0],[73.71013,34.779312,0.0],[73.710259,34.779682,0.0],[73.710387,34.780052,0.0],[73.710381,34.780421,0.0],[73.710376,34.78079,0.0],[73.71037,34.781159,0.0],[73.710364,34.781528,0.0],[73.710314,34.781896,0.0],[73.710173,34.782301,0.0],[73.710048,34.782692,0.0]]]}},{"type":"Feature","properties":{"rgi_id":"RGI2000-v7.0-G-14-25059","o1region":"14"},"geometry":{"type":"Polygon","coordinates":[[[73.710048,34.782692,0.0],[73.710173,34.782301,0.0],[73.710314,34.781896,0.0],[73.710364,34.781528,0.0],[73.71037,34.781159,0.0],[73.710376,34.78079,0.0],[73.710381,34.780421,0.0],[73.710387,34.780052,0.0],[73.710259,34.779682,0.0],[73.71013,34.779312,0.0],[73.710047,34.778942,0.0],[73.709962,34.778699,0.0],[73.709699,34.778761,0.0],[73.70925,34.778904,0.0],[73.708889,34.779121,0.0],[73.708616,34.77945,0.0],[73.708386,34.779817,0.0],[73.70798,34.780071,0.0],[73.707662,34.780362,0.0],[73.707508,34.78064,0.0],[73.707908,34.780866,0.0],[73.708361,34.780984,0.0],[73.708815,34.781101,0.0],[73.708962,34.781383,0.0],[73.708448,34.781588,0.0],[73.708087,34.781806,0.0],[73.707682,34.781986,0.0],[73.707321,34.782203,0.0],[73.707004,34.782458,0.0],[73.706598,34.782638,0.0],[73.706149,34.782781,0.0],[73.7057,34.782924,0.0],[73.705295,34.783067,0.0],[73.705155,34.783435,0.0],[73.704971,34.783765,0.0],[73.704742,34.784094,0.0],[73.704558,34.784425,0.0],[73.704687,34.784795,0.0],[73.705134,34.7848,0.0],[73.705539,34.784619,0.0],[73.705812,34.784327,0.0],[73.706129,34.784072,0.0],[73.706402,34.78378,0.0],[73.706807,34.7836,0.0],[73.707124,34.783345,0.0],[73.70753,34.783091,0.0],[73.707891,34.782874,0.0],[73.708297,34.782693,0.0],[73.708701,34.78255,0.0],[73.708777,34.782551,0.0],[73.709238,34.782556,0.0],[73.709684,34.782597,0.0],[73.710048,34.782692,0.0]]]}},{"type":"Feature","properties":{"rgi_id":"RGI2000-v7.0-G-14-25060","o1region":"14"},"geometry":{"type":"Polygon","coordinates":[[[73.712276,34.791331,0.0],[73.712321,34.791332,0.0],[73.712416,34.790964,0.0],[73.712511,34.790596,0.0],[73.712338,34.790262,0.0],[73.711984,34.79,0.0],[73.71163,34.789775,0.0],[73.711321,34.789514,0.0],[73.710874,34.789472,0.0],[73.710469,34.789615,0.0],[73.710108,34.789833,0.0],[73.70988,34.790162,0.0],[73.709696,34.790493,0.0],[73.7096,34.79086,0.0],[73.710045,34.79105,0.0],[73.710536,34.791092,0.0],[73.712276,34.791331,0.0]]]}},{"type":"Feature","properties":{"rgi_id":"RGI2000-v7.0-G-14-25061","o1region":"14"},"geometry":{"type":"Polygon","coordinates":[[[73.714969,34.796915,0.0],[73.714108,34.796651,0.0],[73.713734,34.796851,0.0],[73.713299,34.796948,0.0],[73.712804,34.796994,0.0],[73.712369,34.797142,0.0],[73.712487,34.797501,0.0],[73.712855,34.797709,0.0],[73.713097,34.798017,0.0],[73.713591,34.798073,0.0],[73.714026,34.797925,0.0],[73.714464,34.797624,0.0],[73.714716,34.79732,0.0],[73.714968,34.796966,0.0],[73.714969,34.796915,0.0]]]}},{"type":"Feature","properties":{"rgi_id":"RGI2000-v7.0-G-14-25062","o1region":"14"},"geometry":{"type":"Polygon","coordinates":[[[73.722195,34.800606,0.0],[73.72253,34.800554,0.0],[73.722703,34.800618,0.0],[73.723258,34.800674,0.0],[73.723753,34.80068,0.0],[73.724067,34.800377,0.0],[73.724319,34.800074,0.0],[73.724325,34.799666,0.0],[73.724331,34.799258,0.0],[73.72446,34.798902,0.0],[73.72459,34.798495,0.0],[73.724784,34.798185,0.0],[73.724785,34.798115,0.0],[73.724745,34.797739,0.0],[73.724431,34.797435,0.0],[73.724024,34.797243,0.0],[73.723523,34.797238,0.0],[73.723069,34.797158,0.0],[73.722613,34.797153,0.0],[73.722158,34.797148,0.0],[73.721702,34.797143,0.0],[73.721245,34.797251,0.0],[73.720787,34.797434,0.0],[73.720374,34.797618,0.0],[73.72018,34.797704,0.0],[73.720106,34.79786,0.0],[73.719658,34.797948,0.0],[73.719207,34.798173,0.0],[73.718701,34.798353,0.0],[73.718516,34.79837,0.0],[73.718345,34.798507,0.0],[73.718347,34.798379,0.0],[73.718353,34.797971,0.0],[73.718483,34.797615,0.0],[73.718612,34.797259,0.0],[73.718803,34.796904,0.0],[73.718994,34.796549,0.0],[73.719247,34.796195,0.0],[73.71956,34.795892,0.0],[73.719996,34.795693,0.0],[73.72037,34.795493,0.0],[73.720622,34.795189,0.0],[73.720936,34.794887,0.0],[73.721188,34.794583,0.0],[73.721256,34.794176,0.0],[73.721138,34.793818,0.0],[73.72077,34.79361,0.0],[73.720333,34.793911,0.0],[73.719959,34.794111,0.0],[73.719645,34.794414,0.0],[73.719393,34.794717,0.0],[73.719141,34.795021,0.0],[73.718889,34.795324,0.0],[73.718637,34.795628,0.0],[73.718385,34.795931,0.0],[73.718133,34.796234,0.0],[73.718065,34.796642,0.0],[73.717936,34.796997,0.0],[73.717867,34.797456,0.0],[73.717676,34.797811,0.0],[73.717424,34.798114,0.0],[73.717233,34.798469,0.0],[73.717103,34.798876,0.0],[73.717096,34.799335,0.0],[73.717148,34.799828,0.0],[73.716783,34.800023,0.0],[73.716371,34.800169,0.0],[73.715868,34.800314,0.0],[73.715454,34.800535,0.0],[73.715085,34.800832,0.0],[73.714807,34.801129,0.0],[73.714394,34.801313,0.0],[73.714026,34.801534,0.0],[73.713683,34.801687,0.0],[73.713506,34.801664,0.0],[73.712837,34.801565,0.0],[73.712222,34.801558,0.0],[73.711775,34.801554,0.0],[73.711215,34.801594,0.0],[73.710766,34.801727,0.0],[73.710371,34.801954,0.0],[73.710254,34.802321,0.0],[73.710192,34.80269,0.0],[73.71013,34.803104,0.0],[73.710124,34.803473,0.0],[73.710342,34.803798,0.0],[73.710788,34.803895,0.0],[73.711292,34.803854,0.0],[73.711686,34.803674,0.0],[73.712136,34.803494,0.0],[73.712526,34.803463,0.0],[73.71264,34.803453,0.0],[73.713084,34.803689,0.0],[73.713022,34.804057,0.0],[73.712793,34.804423,0.0],[73.712898,34.80484,0.0],[73.713164,34.80487,0.0],[73.713344,34.80489,0.0],[73.713791,34.804941,0.0],[73.714294,34.804947,0.0],[73.714797,34.804952,0.0],[73.7153,34.804957,0.0],[73.715748,34.804916,0.0],[73.716197,34.804828,0.0],[73.716537,34.804509,0.0],[73.716657,34.804397,0.0],[73.717127,34.804273,0.0],[73.71754,34.804127,0.0],[73.717952,34.803981,0.0],[73.718365,34.803797,0.0],[73.718778,34.803614,0.0],[73.719191,34.803393,0.0],[73.719603,34.803247,0.0],[73.720061,34.803139,0.0],[73.720517,34.803106,0.0],[73.720973,34.803073,0.0],[73.721428,34.803078,0.0],[73.721885,34.803008,0.0],[73.722254,34.802749,0.0],[73.722259,34.802373,0.0],[73.72222,34.801997,0.0],[73.722089,34.801619,0.0],[73.721912,34.801242,0.0],[73.721873,34.800866,0.0],[73.722195,34.800606,0.0]]]}},{"type":"Feature","properties":{"rgi_id":"RGI2000-v7.0-G-14-25063","o1region":"14"},"geometry":{"type":"Polygon","coordinates":[[[73.722682,34.804851,0.0],[73.722683,34.804804,0.0],[73.722967,34.804485,0.0],[73.723362,34.804258,0.0],[73.723757,34.804032,0.0],[73.724151,34.803851,0.0],[73.724546,34.803625,0.0],[73.724607,34.803257,0.0],[73.724219,34.803068,0.0],[73.723771,34.80311,0.0],[73.723376,34.803336,0.0],[73.722926,34.803516,0.0],[73.722586,34.803789,0.0],[73.722192,34.804015,0.0],[73.721963,34.804336,0.0],[73.722682,34.804851,0.0]]]}},{"type":"Feature","properties":{"rgi_id":"RGI2000-v7.0-G-14-25064","o1region":"14"},"geometry":{"type":"Polygon","coordinates":[[[73.728088,34.802325,0.0],[73.727976,34.802324,0.0],[73.727532,34.802134,0.0],[73.727201,34.801854,0.0],[73.726982,34.801529,0.0],[73.726535,34.801524,0.0],[73.726195,34.801798,0.0],[73.725967,34.802118,0.0],[73.725905,34.802486,0.0],[73.725899,34.802855,0.0],[73.726059,34.803364,0.0],[73.726453,34.803184,0.0],[73.726793,34.802911,0.0],[73.728088,34.802325,0.0]]]}},{"type":"Feature","properties":{"rgi_id":"RGI2000-v7.0-G-14-25065","o1region":"14"},"geometry":{"type":"Polygon","coordinates":[[[73.727693,34.806194,0.0],[73.727694,34.806148,0.0],[73.727811,34.80578,0.0],[73.728151,34.805461,0.0],[73.727933,34.805136,0.0],[73.727489,34.804901,0.0],[73.727044,34.804758,0.0],[73.726597,34.804753,0.0],[73.726148,34.804887,0.0],[73.726086,34.805255,0.0],[73.726305,34.80558,0.0],[73.726467,34.805951,0.0],[73.726461,34.80632,0.0],[73.726288,34.806687,0.0],[73.726675,34.806921,0.0],[73.727693,34.806194,0.0]]]}},{"type":"Feature","properties":{"rgi_id":"RGI2000-v7.0-G-14-25066","o1region":"14"},"geometry":{"type":"Polygon","coordinates":[[[73.732493,34.809435,0.0],[73.732457,34.809435,0.0],[73.73206,34.809281,0.0],[73.731701,34.809068,0.0],[73.731268,34.808914,0.0],[73.730835,34.80879,0.0],[73.730364,34.808785,0.0],[73.729893,34.80875,0.0],[73.729421,34.808745,0.0],[73.728985,34.80883,0.0],[73.728619,34.809036,0.0],[73.728469,34.809393,0.0],[73.728426,34.809811,0.0],[73.728383,34.81023,0.0],[73.728523,34.81059,0.0],[73.728882,34.810803,0.0],[73.729354,34.810808,0.0],[73.729825,34.810813,0.0],[73.730296,34.810848,0.0],[73.730729,34.810942,0.0],[73.731237,34.810977,0.0],[73.731744,34.810982,0.0],[73.732145,34.810837,0.0],[73.732404,34.810511,0.0],[73.732591,34.810184,0.0],[73.732493,34.809435,0.0]]]}},{"type":"Feature","properties":{"rgi_id":"RGI2000-v7.0-G-14-25067","o1region":"14"},"geometry":{"type":"Polygon","coordinates":[[[73.732815,34.811283,0.0],[73.732759,34.811283,0.0],[73.732313,34.811186,0.0],[73.73181,34.811181,0.0],[73.731363,34.81113,0.0],[73.730969,34.81131,0.0],[73.730629,34.81163,0.0],[73.730623,34.811998,0.0],[73.731011,34.812233,0.0],[73.73157,34.812239,0.0],[73.731965,34.812012,0.0],[73.732815,34.811283,0.0]]]}},{"type":"Feature","properties":{"rgi_id":"RGI2000-v7.0-G-14-25068","o1region":"14"},"geometry":{"type":"Polygon","coordinates":[[[73.730025,34.817783,0.0],[73.730323,34.817591,0.0],[73.730567,34.817284,0.0],[73.730709,34.816919,0.0],[73.73071,34.816846,0.0],[73.730407,34.816751,0.0],[73.72996,34.81671,0.0],[73.729469,34.816631,0.0],[73.729174,34.816436,0.0],[73.729208,34.816185,0.0],[73.729303,34.815817,0.0],[73.729305,34.815659,0.0],[73.729466,34.815497,0.0],[73.729812,34.815275,0.0],[73.730258,34.815167,0.0],[73.730703,34.815087,0.0],[73.730737,34.815087,0.0],[73.730715,34.814326,0.0],[73.730549,34.813986,0.0],[73.730211,34.813757,0.0],[73.729768,34.813696,0.0],[73.729546,34.813462,0.0],[73.729473,34.813495,0.0],[73.729025,34.813564,0.0],[73.728941,34.813194,0.0],[73.728991,34.812826,0.0],[73.728545,34.812747,0.0],[73.728051,34.812853,0.0],[73.727647,34.812996,0.0],[73.727153,34.813065,0.0],[73.726759,34.813093,0.0],[73.726698,34.813298,0.0],[73.726285,34.813491,0.0],[73.72584,34.813542,0.0],[73.725394,34.813679,0.0],[73.724948,34.813759,0.0],[73.724772,34.814095,0.0],[73.724766,34.814461,0.0],[73.724897,34.814829,0.0],[73.725201,34.815114,0.0],[73.725573,34.815315,0.0],[73.725946,34.815516,0.0],[73.725906,34.815671,0.0],[73.726034,34.816041,0.0],[73.726208,34.816375,0.0],[73.726336,34.816745,0.0],[73.726465,34.817116,0.0],[73.726819,34.817341,0.0],[73.727218,34.817566,0.0],[73.727709,34.817645,0.0],[73.727778,34.81764,0.0],[73.727776,34.817664,0.0],[73.727931,34.817795,0.0],[73.72817,34.817877,0.0],[73.728376,34.817947,0.0],[73.728865,34.8181,0.0],[73.72922,34.818325,0.0],[73.729438,34.818659,0.0],[73.729883,34.818848,0.0],[73.730328,34.818964,0.0],[73.73082,34.818969,0.0],[73.731225,34.818826,0.0],[73.731051,34.818492,0.0],[73.730651,34.81834,0.0],[73.730251,34.818151,0.0],[73.730033,34.817817,0.0],[73.730025,34.817783,0.0]]]}},{"type":"Feature","properties":{"rgi_id":"RGI2000-v7.0-G-14-25069","o1region":"14"},"geometry":{"type":"Polygon","coordinates":[[[73.719488,34.813538,0.0],[73.719521,34.813542,0.0],[73.719496,34.813575,0.0],[73.719446,34.813943,0.0],[73.71944,34.814312,0.0],[73.719479,34.814681,0.0],[73.719653,34.815015,0.0],[73.720052,34.815241,0.0],[73.720543,34.81532,0.0],[73.720988,34.815472,0.0],[73.721435,34.815513,0.0],[73.722018,34.815372,0.0],[73.722467,34.815303,0.0],[73.722917,34.815123,0.0],[73.723323,34.814906,0.0],[73.723596,34.814614,0.0],[73.72378,34.814284,0.0],[73.723921,34.813843,0.0],[73.724061,34.813438,0.0],[73.724064,34.813272,0.0],[73.724135,34.813038,0.0],[73.72437,34.812723,0.0],[73.724529,34.812365,0.0],[73.724612,34.812007,0.0],[73.724643,34.811627,0.0],[73.724624,34.811246,0.0],[73.724491,34.81102,0.0],[73.724502,34.810934,0.0],[73.724598,34.810566,0.0],[73.724514,34.810196,0.0],[73.724159,34.809971,0.0],[73.723714,34.809856,0.0],[73.723223,34.809777,0.0],[73.722775,34.809846,0.0],[73.72228,34.809989,0.0],[73.721876,34.810132,0.0],[73.721427,34.810238,0.0],[73.721243,34.810568,0.0],[73.721552,34.810829,0.0],[73.721998,34.810908,0.0],[73.72218,34.811062,0.0],[73.721934,34.811154,0.0],[73.721547,34.81134,0.0],[73.721108,34.811505,0.0],[73.72072,34.811733,0.0],[73.720383,34.811984,0.0],[73.720021,34.812212,0.0],[73.719559,34.812229,0.0],[73.719146,34.812414,0.0],[73.71914,34.812858,0.0],[73.719139,34.812879,0.0],[73.719185,34.81326,0.0],[73.719488,34.813538,0.0]]]}},{"type":"Feature","properties":{"rgi_id":"RGI2000-v7.0-G-14-25070","o1region":"14"},"geometry":{"type":"Polygon","coordinates":[[[73.717938,34.817088,0.0],[73.717122,34.817289,0.0],[73.716674,34.817331,0.0],[73.716171,34.817325,0.0],[73.715612,34.817319,0.0],[73.715106,34.817452,0.0],[73.715268,34.817823,0.0],[73.715487,34.818148,0.0],[73.715818,34.818428,0.0],[73.716267,34.818341,0.0],[73.716661,34.818161,0.0],[73.717055,34.81798,0.0],[73.71734,34.81766,0.0],[73.717624,34.817341,0.0],[73.717938,34.817088,0.0]]]}},{"type":"Feature","properties":{"rgi_id":"RGI2000-v7.0-G-14-25071","o1region":"14"},"geometry":{"type":"Polygon","coordinates":[[[73.724411,34.820895,0.0],[73.724454,34.820477,0.0],[73.724387,34.820118,0.0],[73.723954,34.819993,0.0],[73.723521,34.819839,0.0],[73.723521,34.819809,0.0],[73.722907,34.819683,0.0],[73.722792,34.820041,0.0],[73.722678,34.820399,0.0],[73.722241,34.820484,0.0],[73.721769,34.820569,0.0],[73.721367,34.820744,0.0],[73.721037,34.82101,0.0],[73.720706,34.821305,0.0],[73.720375,34.821571,0.0],[73.720116,34.821897,0.0],[73.719893,34.822254,0.0],[73.719706,34.822641,0.0],[73.719627,34.823029,0.0],[73.719621,34.823417,0.0],[73.719688,34.823777,0.0],[73.719864,34.824108,0.0],[73.720224,34.824321,0.0],[73.720696,34.824296,0.0],[73.721097,34.824151,0.0],[73.721283,34.823824,0.0],[73.721325,34.823435,0.0],[73.72144,34.823048,0.0],[73.721735,34.822752,0.0],[73.722066,34.822456,0.0],[73.722503,34.822311,0.0],[73.722905,34.822166,0.0],[73.723306,34.82202,0.0],[73.723672,34.821815,0.0],[73.724002,34.821549,0.0],[73.724261,34.821253,0.0],[73.724411,34.820895,0.0]]]}},{"type":"Feature","properties":{"rgi_id":"RGI2000-v7.0-G-14-25072","o1region":"14"},"geometry":{"type":"Polygon","coordinates":[[[73.725189,34.823563,0.0],[73.724582,34.823049,0.0],[73.724408,34.823462,0.0],[73.724289,34.823876,0.0],[73.724061,34.824197,0.0],[73.723887,34.824564,0.0],[73.723714,34.824931,0.0],[73.723541,34.825298,0.0],[73.723366,34.825711,0.0],[73.723417,34.82608,0.0],[73.723467,34.82645,0.0],[73.723741,34.826776,0.0],[73.72419,34.826688,0.0],[73.724586,34.826416,0.0],[73.72487,34.826096,0.0],[73.725099,34.825775,0.0],[73.725272,34.825408,0.0],[73.725446,34.825041,0.0],[73.725619,34.824674,0.0],[73.725682,34.82426,0.0],[73.725631,34.82389,0.0],[73.725244,34.823609,0.0],[73.725189,34.823563,0.0]]]}},{"type":"Feature","properties":{"rgi_id":"RGI2000-v7.0-G-14-25073","o1region":"14"},"geometry":{"type":"Polygon","coordinates":[[[73.71904,34.826789,0.0],[73.719041,34.826763,0.0],[73.719046,34.8264,0.0],[73.71899,34.825932,0.0],[73.718871,34.825542,0.0],[73.718751,34.825177,0.0],[73.718472,34.824863,0.0],[73.718032,34.824884,0.0],[73.717744,34.825167,0.0],[73.717613,34.825529,0.0],[73.717513,34.825891,0.0],[73.717194,34.826173,0.0],[73.716781,34.826428,0.0],[73.716431,34.826683,0.0],[73.716112,34.826939,0.0],[73.715825,34.827222,0.0],[73.716263,34.827382,0.0],[73.716703,34.827387,0.0],[73.717145,34.827262,0.0],[73.717586,34.827266,0.0],[73.718026,34.827245,0.0],[73.718467,34.827224,0.0],[73.71904,34.826789,0.0]]]}},{"type":"Feature","properties":{"rgi_id":"RGI2000-v7.0-G-14-25074","o1region":"14"},"geometry":{"type":"Polygon","coordinates":[[[73.722328,34.830054,0.0],[73.722069,34.830032,0.0],[73.721622,34.830028,0.0],[73.721177,34.829885,0.0],[73.720731,34.829788,0.0],[73.720282,34.829875,0.0],[73.720053,34.830196,0.0],[73.71988,34.830563,0.0],[73.71954,34.830836,0.0],[73.719312,34.831156,0.0],[73.718972,34.831429,0.0],[73.718632,34.831702,0.0],[73.718182,34.831836,0.0],[73.718684,34.83198,0.0],[73.719131,34.831984,0.0],[73.719634,34.83199,0.0],[73.719788,34.831991,0.0],[73.719811,34.83206,0.0],[73.719988,34.832412,0.0],[73.720055,34.832648,0.0],[73.719955,34.832961,0.0],[73.719893,34.83333,0.0],[73.719776,34.833697,0.0],[73.719713,34.834112,0.0],[73.719931,34.834483,0.0],[73.720206,34.834809,0.0],[73.720594,34.834997,0.0],[73.72104,34.835094,0.0],[73.721126,34.835095,0.0],[73.721488,34.835099,0.0],[73.721935,34.835104,0.0],[73.722384,34.835016,0.0],[73.722889,34.834929,0.0],[73.723095,34.83491,0.0],[73.723234,34.834651,0.0],[73.723422,34.834302,0.0],[73.72361,34.833953,0.0],[73.723857,34.833655,0.0],[73.724046,34.833429,0.0],[73.723984,34.833306,0.0],[73.723975,34.833236,0.0],[73.724091,34.833143,0.0],[73.724152,34.832775,0.0],[73.724214,34.832407,0.0],[73.724164,34.832037,0.0],[73.724113,34.831668,0.0],[73.724231,34.8313,0.0],[73.72446,34.83098,0.0],[73.724744,34.83066,0.0],[73.724862,34.830292,0.0],[73.724923,34.829924,0.0],[73.724535,34.829689,0.0],[73.724477,34.829671,0.0],[73.72409,34.829546,0.0],[73.723702,34.829358,0.0],[73.723335,34.829163,0.0],[73.723073,34.829338,0.0],[73.722826,34.829636,0.0],[73.722578,34.829934,0.0],[73.72254,34.830007,0.0],[73.722328,34.830054,0.0]]]}},{"type":"Feature","properties":{"rgi_id":"RGI2000-v7.0-G-14-25075","o1region":"14"},"geometry":{"type":"Polygon","coordinates":[[[73.729633,34.836088,0.0],[73.729525,34.836446,0.0],[73.729519,34.836827,0.0],[73.72959,34.837187,0.0],[73.729894,34.837465,0.0],[73.730223,34.837722,0.0],[73.730684,34.837748,0.0],[73.731171,34.837732,0.0],[73.731609,34.837631,0.0],[73.732045,34.837593,0.0],[73.732507,34.837576,0.0],[73.732995,34.837518,0.0],[73.733432,34.837438,0.0],[73.733819,34.837252,0.0],[73.733979,34.836894,0.0],[73.733979,34.836873,0.0],[73.733599,34.836747,0.0],[73.73321,34.836559,0.0],[73.732822,34.83637,0.0],[73.732434,34.836136,0.0],[73.732282,34.836044,0.0],[73.732046,34.835901,0.0],[73.731657,34.835713,0.0],[73.731271,34.835386,0.0],[73.73094,34.835059,0.0],[73.730552,34.834871,0.0],[73.730104,34.834866,0.0],[73.729987,34.835234,0.0],[73.729869,34.835602,0.0],[73.729864,34.835971,0.0],[73.729862,34.836057,0.0],[73.729633,34.836088,0.0]]]}},{"type":"Feature","properties":{"rgi_id":"RGI2000-v7.0-G-14-25076","o1region":"14"},"geometry":{"type":"Polygon","coordinates":[[[73.726433,34.844004,0.0],[73.726512,34.844049,0.0],[73.726326,34.844142,0.0],[73.726041,34.844462,0.0],[73.72598,34.84483,0.0],[73.726482,34.844928,0.0],[73.726985,34.844933,0.0],[73.727488,34.844938,0.0],[73.727992,34.844943,0.0],[73.728438,34.84504,0.0],[73.728884,34.845091,0.0],[73.72933,34.845234,0.0],[73.729833,34.845239,0.0],[73.730281,34.845244,0.0],[73.730729,34.845203,0.0],[73.731178,34.845069,0.0],[73.731573,34.844889,0.0],[73.731634,34.84452,0.0],[73.731584,34.844151,0.0],[73.731478,34.843781,0.0],[73.731427,34.843411,0.0],[73.731433,34.843043,0.0],[73.731439,34.842674,0.0],[73.731333,34.842304,0.0],[73.73117,34.841933,0.0],[73.730727,34.841652,0.0],[73.730339,34.841463,0.0],[73.730073,34.841378,0.0],[73.730059,34.841336,0.0],[73.729943,34.840984,0.0],[73.729827,34.840632,0.0],[73.729833,34.840232,0.0],[73.729742,34.840258,0.0],[73.729234,34.840575,0.0],[73.729005,34.840896,0.0],[73.728831,34.841263,0.0],[73.728383,34.841351,0.0],[73.727935,34.841346,0.0],[73.727488,34.841341,0.0],[73.727094,34.841521,0.0],[73.726698,34.841794,0.0],[73.72625,34.841789,0.0],[73.726045,34.841787,0.0],[73.725746,34.841876,0.0],[73.725241,34.841963,0.0],[73.724919,34.842048,0.0],[73.724735,34.842096,0.0],[73.724396,34.842369,0.0],[73.72439,34.842738,0.0],[73.724552,34.843109,0.0],[73.724765,34.843264,0.0],[73.724862,34.843386,0.0],[73.725223,34.84359,0.0],[73.725647,34.843695,0.0],[73.726071,34.8438,0.0],[73.726433,34.844004,0.0]]]}},{"type":"Feature","properties":{"rgi_id":"RGI2000-v7.0-G-14-25077","o1region":"14"},"geometry":{"type":"Polygon","coordinates":[[[73.736581,34.856619,0.0],[73.736513,34.856503,0.0],[73.736199,34.856237,0.0],[73.735885,34.855972,0.0],[73.735571,34.855706,0.0],[73.735417,34.855311,0.0],[73.735264,34.854916,0.0],[73.735191,34.854522,0.0],[73.735117,34.854127,0.0],[73.735123,34.853734,0.0],[73.735129,34.85334,0.0],[73.735056,34.852946,0.0],[73.734982,34.852552,0.0],[73.734909,34.852158,0.0],[73.734915,34.851764,0.0],[73.734921,34.851371,0.0],[73.734927,34.850977,0.0],[73.734933,34.850584,0.0],[73.734939,34.85019,0.0],[73.735024,34.849798,0.0],[73.735068,34.849598,0.0],[73.734748,34.849298,0.0],[73.734463,34.848995,0.0],[73.734141,34.848663,0.0],[73.733856,34.848361,0.0],[73.733459,34.848207,0.0],[73.733026,34.848053,0.0],[73.732629,34.8479,0.0],[73.732228,34.848045,0.0],[73.731933,34.848341,0.0],[73.731747,34.848668,0.0],[73.731596,34.849025,0.0],[73.731553,34.849444,0.0],[73.731547,34.849832,0.0],[73.731541,34.850221,0.0],[73.731536,34.85061,0.0],[73.731457,34.850968,0.0],[73.731163,34.851264,0.0],[73.730904,34.85156,0.0],[73.730283,34.851823,0.0],[73.730247,34.851823,0.0],[73.72985,34.851669,0.0],[73.729417,34.851545,0.0],[73.728945,34.85154,0.0],[73.728474,34.851535,0.0],[73.728037,34.85159,0.0],[73.727743,34.851886,0.0],[73.727628,34.852244,0.0],[73.727732,34.852604,0.0],[73.727871,34.852964,0.0],[73.727974,34.853324,0.0],[73.728151,34.853655,0.0],[73.728327,34.853986,0.0],[73.72854,34.854317,0.0],[73.728935,34.854561,0.0],[73.729368,34.854745,0.0],[73.729727,34.854988,0.0],[73.730048,34.85532,0.0],[73.730371,34.855593,0.0],[73.730767,34.855776,0.0],[73.731126,34.855989,0.0],[73.731449,34.856262,0.0],[73.731698,34.856564,0.0],[73.732093,34.856837,0.0],[73.732415,34.857139,0.0],[73.732664,34.857441,0.0],[73.732877,34.857772,0.0],[73.733162,34.858134,0.0],[73.733447,34.858436,0.0],[73.733807,34.858649,0.0],[73.73424,34.858773,0.0],[73.734636,34.859017,0.0],[73.734958,34.859289,0.0],[73.735208,34.859591,0.0],[73.73553,34.859864,0.0],[73.73589,34.860077,0.0],[73.736159,34.860181,0.0],[73.736472,34.860091,0.0],[73.736894,34.859922,0.0],[73.737068,34.859578,0.0],[73.736989,34.859197,0.0],[73.736869,34.85885,0.0],[73.736791,34.858468,0.0],[73.736713,34.858087,0.0],[73.736635,34.857671,0.0],[73.736515,34.857324,0.0],[73.736353,34.856942,0.0],[73.736316,34.856561,0.0],[73.736581,34.856619,0.0]]]}},{"type":"Feature","properties":{"rgi_id":"RGI2000-v7.0-G-14-25078","o1region":"14"},"geometry":{"type":"Polygon","coordinates":[[[73.736581,34.856619,0.0],[73.736818,34.85667,0.0],[73.73715,34.856916,0.0],[73.737439,34.85723,0.0],[73.737727,34.857579,0.0],[73.737974,34.857927,0.0],[73.738178,34.858275,0.0],[73.738425,34.858624,0.0],[73.738671,34.859007,0.0],[73.738917,34.859355,0.0],[73.739164,34.859669,0.0],[73.739453,34.859983,0.0],[73.739784,34.860298,0.0],[73.740115,34.860578,0.0],[73.740532,34.86079,0.0],[73.74095,34.860898,0.0],[73.74133,34.860694,0.0],[73.741792,34.860699,0.0],[73.742253,34.860704,0.0],[73.74251,34.860395,0.0],[73.742389,34.860048,0.0],[73.742185,34.8597,0.0],[73.74198,34.859352,0.0],[73.741734,34.859004,0.0],[73.741571,34.858656,0.0],[73.741493,34.858275,0.0],[73.741466,34.857994,0.0],[73.741456,34.857963,0.0],[73.741251,34.857615,0.0],[73.741216,34.8572,0.0],[73.741264,34.856786,0.0],[73.741268,34.856752,0.0],[73.741057,34.856721,0.0],[73.740697,34.856508,0.0],[73.740558,34.856147,0.0],[73.740454,34.855787,0.0],[73.740387,34.855428,0.0],[73.740393,34.855039,0.0],[73.740435,34.85465,0.0],[73.740521,34.853784,0.0],[73.740522,34.853754,0.0],[73.740565,34.853306,0.0],[73.740607,34.852918,0.0],[73.740721,34.85256,0.0],[73.740872,34.852202,0.0],[73.741022,34.851845,0.0],[73.740992,34.851456,0.0],[73.740743,34.851154,0.0],[73.74042,34.850882,0.0],[73.740098,34.850609,0.0],[73.739776,34.850307,0.0],[73.739379,34.850153,0.0],[73.738982,34.85,0.0],[73.738586,34.849846,0.0],[73.738263,34.849573,0.0],[73.738558,34.849277,0.0],[73.739066,34.849283,0.0],[73.739502,34.849227,0.0],[73.739904,34.849082,0.0],[73.739909,34.848693,0.0],[73.739733,34.848362,0.0],[73.739374,34.848149,0.0],[73.738977,34.847966,0.0],[73.738544,34.847842,0.0],[73.73797,34.847417,0.0],[73.73797,34.847387,0.0],[73.73794,34.846968,0.0],[73.737873,34.846608,0.0],[73.737661,34.846277,0.0],[73.737521,34.845917,0.0],[73.737345,34.845586,0.0],[73.737132,34.845255,0.0],[73.736956,34.844924,0.0],[73.736744,34.844563,0.0],[73.736568,34.844202,0.0],[73.736355,34.843871,0.0],[73.736252,34.843511,0.0],[73.735892,34.843298,0.0],[73.735607,34.842996,0.0],[73.735357,34.842694,0.0],[73.735035,34.842421,0.0],[73.734713,34.842119,0.0],[73.734354,34.841876,0.0],[73.733957,34.841722,0.0],[73.733523,34.841628,0.0],[73.733265,34.841954,0.0],[73.733078,34.842311,0.0],[73.733072,34.8427,0.0],[73.732921,34.843057,0.0],[73.732771,34.843415,0.0],[73.732765,34.843804,0.0],[73.732687,34.844162,0.0],[73.732536,34.844519,0.0],[73.73217,34.844754,0.0],[73.731839,34.84505,0.0],[73.731688,34.845407,0.0],[73.731682,34.845796,0.0],[73.731749,34.846156,0.0],[73.731998,34.846457,0.0],[73.732284,34.84676,0.0],[73.73257,34.847062,0.0],[73.732892,34.847334,0.0],[73.73325,34.847607,0.0],[73.73361,34.84782,0.0],[73.734006,34.848004,0.0],[73.734366,34.848217,0.0],[73.734688,34.848489,0.0],[73.735011,34.848762,0.0],[73.735407,34.848916,0.0],[73.73573,34.849188,0.0],[73.735942,34.849519,0.0],[73.736155,34.849851,0.0],[73.736185,34.85024,0.0],[73.735826,34.850027,0.0],[73.735429,34.849843,0.0],[73.73507,34.8496,0.0],[73.735024,34.849798,0.0],[73.734939,34.85019,0.0],[73.734933,34.850584,0.0],[73.734927,34.850977,0.0],[73.734921,34.851371,0.0],[73.734915,34.851764,0.0],[73.734909,34.852158,0.0],[73.734982,34.852552,0.0],[73.735056,34.852946,0.0],[73.735129,34.85334,0.0],[73.735123,34.853734,0.0],[73.735117,34.854127,0.0],[73.735191,34.854522,0.0],[73.735264,34.854916,0.0],[73.735417,34.855311,0.0],[73.735571,34.855706,0.0],[73.735885,34.855972,0.0],[73.736199,34.856237,0.0],[73.736513,34.856503,0.0],[73.736581,34.856619,0.0]]]}},{"type":"Feature","properties":{"rgi_id":"RGI2000-v7.0-G-14-25079","o1region":"14"},"geometry":{"type":"Polygon","coordinates":[[[73.742135,34.856694,0.0],[73.742103,34.856829,0.0],[73.742055,34.857209,0.0],[73.742133,34.85759,0.0],[73.742169,34.857971,0.0],[73.74229,34.858318,0.0],[73.742536,34.858666,0.0],[73.742954,34.858809,0.0],[73.743293,34.85857,0.0],[73.743674,34.858332,0.0],[73.74389,34.857954,0.0],[73.744105,34.857576,0.0],[73.744321,34.857198,0.0],[73.744653,34.857038,0.0],[73.744792,34.856879,0.0],[73.744978,34.856552,0.0],[73.745092,34.856194,0.0],[73.74517,34.855836,0.0],[73.745103,34.855476,0.0],[73.744891,34.855145,0.0],[73.744568,34.854873,0.0],[73.744173,34.854629,0.0],[73.743739,34.854505,0.0],[73.743305,34.854411,0.0],[73.742834,34.854376,0.0],[73.742612,34.854703,0.0],[73.742497,34.855061,0.0],[73.742419,34.855419,0.0],[73.742377,34.855807,0.0],[73.742371,34.856196,0.0],[73.742329,34.856584,0.0],[73.742135,34.856694,0.0]]]}},{"type":"Feature","properties":{"rgi_id":"RGI2000-v7.0-G-14-25080","o1region":"14"},"geometry":{"type":"Polygon","coordinates":[[[73.747436,34.859305,0.0],[73.747436,34.85927,0.0],[73.747693,34.858962,0.0],[73.747614,34.85858,0.0],[73.747156,34.858403,0.0],[73.746735,34.858502,0.0],[73.746312,34.858705,0.0],[73.745972,34.858979,0.0],[73.745632,34.859252,0.0],[73.745293,34.85949,0.0],[73.744995,34.859799,0.0],[73.745497,34.859838,0.0],[73.745919,34.859704,0.0],[73.747436,34.859305,0.0]]]}},{"type":"Feature","properties":{"rgi_id":"RGI2000-v7.0-G-14-25081","o1region":"14"},"geometry":{"type":"Polygon","coordinates":[[[73.731045,34.862751,0.0],[73.7306,34.862774,0.0],[73.730389,34.86311,0.0],[73.730555,34.86345,0.0],[73.730893,34.863708,0.0],[73.731024,34.864075,0.0],[73.73119,34.864443,0.0],[73.731287,34.864811,0.0],[73.731043,34.865118,0.0],[73.730832,34.865454,0.0],[73.730656,34.865791,0.0],[73.73065,34.866157,0.0],[73.730713,34.866524,0.0],[73.730947,34.866865,0.0],[73.731217,34.867149,0.0],[73.731554,34.867435,0.0],[73.731892,34.867692,0.0],[73.732005,34.867778,0.0],[73.731988,34.867906,0.0],[73.731649,34.868145,0.0],[73.731518,34.868489,0.0],[73.731765,34.868803,0.0],[73.732309,34.868912,0.0],[73.73277,34.868952,0.0],[73.733231,34.868957,0.0],[73.733652,34.868857,0.0],[73.733616,34.868476,0.0],[73.733348,34.868217,0.0],[73.733327,34.868197,0.0],[73.733417,34.867817,0.0],[73.733876,34.86796,0.0],[73.73425,34.868172,0.0],[73.734668,34.868314,0.0],[73.734844,34.868343,0.0],[73.735128,34.868388,0.0],[73.7353,34.868282,0.0],[73.73551,34.86815,0.0],[73.735599,34.867771,0.0],[73.735605,34.86739,0.0],[73.735611,34.86701,0.0],[73.735615,34.866757,0.0],[73.735431,34.866601,0.0],[73.735265,34.866261,0.0],[73.735202,34.865894,0.0],[73.73514,34.865527,0.0],[73.735043,34.865132,0.0],[73.734809,34.864791,0.0],[73.734807,34.864684,0.0],[73.734813,34.864304,0.0],[73.734735,34.863923,0.0],[73.734447,34.863574,0.0],[73.73403,34.863397,0.0],[73.733529,34.863218,0.0],[73.73307,34.863041,0.0],[73.732653,34.862863,0.0],[73.732111,34.86265,0.0],[73.731694,34.862473,0.0],[73.731278,34.862261,0.0],[73.730904,34.862015,0.0],[73.730572,34.86177,0.0],[73.73024,34.861524,0.0],[73.729824,34.861312,0.0],[73.729402,34.861446,0.0],[73.729396,34.861826,0.0],[73.729896,34.862074,0.0],[73.730313,34.862216,0.0],[73.730814,34.862429,0.0],[73.731146,34.862675,0.0],[73.731261,34.862843,0.0],[73.731045,34.862751,0.0]]]}},{"type":"Feature","properties":{"rgi_id":"RGI2000-v7.0-G-14-25082","o1region":"14"},"geometry":{"type":"Polygon","coordinates":[[[73.724663,34.86415,0.0],[73.724692,34.864516,0.0],[73.724926,34.864829,0.0],[73.725229,34.865114,0.0],[73.725567,34.865399,0.0],[73.725802,34.865712,0.0],[73.726036,34.866024,0.0],[73.726236,34.866364,0.0],[73.726402,34.866704,0.0],[73.726636,34.867017,0.0],[73.726802,34.867357,0.0],[73.726899,34.867724,0.0],[73.727099,34.868065,0.0],[73.727319,34.868385,0.0],[73.727571,34.86852,0.0],[73.727766,34.868653,0.0],[73.727909,34.868749,0.0],[73.728215,34.868901,0.0],[73.728316,34.868951,0.0],[73.728726,34.868983,0.0],[73.729171,34.868988,0.0],[73.729649,34.868993,0.0],[73.730094,34.868998,0.0],[73.730538,34.869002,0.0],[73.730983,34.868979,0.0],[73.731023,34.868613,0.0],[73.73065,34.868384,0.0],[73.730277,34.868182,0.0],[73.730234,34.868153,0.0],[73.729929,34.868127,0.0],[73.729512,34.867915,0.0],[73.729392,34.867568,0.0],[73.72944,34.867153,0.0],[73.729404,34.866772,0.0],[73.729327,34.866357,0.0],[73.729249,34.865941,0.0],[73.729249,34.865918,0.0],[73.729044,34.865627,0.0],[73.728924,34.865246,0.0],[73.728762,34.864898,0.0],[73.728641,34.864551,0.0],[73.728523,34.86421,0.0],[73.728359,34.863822,0.0],[73.728238,34.863474,0.0],[73.728117,34.863127,0.0],[73.728081,34.862747,0.0],[73.728129,34.862367,0.0],[73.728219,34.861987,0.0],[73.728141,34.861606,0.0],[73.727678,34.86167,0.0],[73.727255,34.861908,0.0],[73.726915,34.862181,0.0],[73.72663,34.862507,0.0],[73.726616,34.862524,0.0],[73.726443,34.862868,0.0],[73.726186,34.863176,0.0],[73.725763,34.863414,0.0],[73.725256,34.863651,0.0],[73.724833,34.863888,0.0],[73.724698,34.863967,0.0],[73.724663,34.86415,0.0]]]}},{"type":"Feature","properties":{"rgi_id":"RGI2000-v7.0-G-14-25083","o1region":"14"},"geometry":{"type":"Polygon","coordinates":[[[73.72116,34.868035,0.0],[73.721154,34.868381,0.0],[73.72128,34.868382,0.0],[73.721742,34.868387,0.0],[73.722203,34.868392,0.0],[73.72262,34.868604,0.0],[73.72274,34.868951,0.0],[73.722609,34.869295,0.0],[73.722408,34.869616,0.0],[73.722478,34.86964,0.0],[73.722944,34.869773,0.0],[73.722979,34.869783,0.0],[73.7234,34.869684,0.0],[73.723404,34.869419,0.0],[73.723488,34.869351,0.0],[73.723766,34.869072,0.0],[73.723947,34.868454,0.0],[73.723947,34.868426,0.0],[73.723953,34.868032,0.0],[73.723959,34.867665,0.0],[73.723933,34.867512,0.0],[73.723981,34.867442,0.0],[73.723903,34.867026,0.0],[73.723783,34.866679,0.0],[73.723578,34.866331,0.0],[73.723247,34.866016,0.0],[73.722786,34.865977,0.0],[73.722447,34.866215,0.0],[73.72228,34.866481,0.0],[73.721892,34.866432,0.0],[73.721738,34.86643,0.0],[73.721602,34.866552,0.0],[73.721345,34.866895,0.0],[73.721214,34.867274,0.0],[73.721166,34.867654,0.0],[73.72116,34.868035,0.0]]]}},{"type":"Feature","properties":{"rgi_id":"RGI2000-v7.0-G-14-25084","o1region":"14"},"geometry":{"type":"Polygon","coordinates":[[[73.725238,34.877853,0.0],[73.725289,34.877797,0.0],[73.725629,34.877524,0.0],[73.725969,34.877285,0.0],[73.726391,34.877117,0.0],[73.726813,34.876983,0.0],[73.727234,34.876883,0.0],[73.727696,34.876888,0.0],[73.728158,34.876859,0.0],[73.728162,34.876728,0.0],[73.728163,34.876672,0.0],[73.727894,34.876359,0.0],[73.72766,34.876047,0.0],[73.727357,34.875733,0.0],[73.727123,34.875393,0.0],[73.726785,34.875107,0.0],[73.726377,34.874962,0.0],[73.725933,34.874957,0.0],[73.725488,34.874925,0.0],[73.72501,34.87492,0.0],[73.724565,34.874915,0.0],[73.724121,34.87491,0.0],[73.723676,34.874906,0.0],[73.723231,34.874929,0.0],[73.722785,34.875037,0.0],[73.722609,34.875374,0.0],[73.722739,34.875769,0.0],[73.723077,34.876027,0.0],[73.723416,34.876256,0.0],[73.723718,34.876597,0.0],[73.723953,34.87691,0.0],[73.724222,34.877194,0.0],[73.72456,34.877451,0.0],[73.724795,34.877764,0.0],[73.725238,34.877853,0.0]]]}},{"type":"Feature","properties":{"rgi_id":"RGI2000-v7.0-G-14-25085","o1region":"14"},"geometry":{"type":"Polygon","coordinates":[[[73.732485,34.873589,0.0],[73.732073,34.873725,0.0],[73.731758,34.873814,0.0],[73.731646,34.873782,0.0],[73.731185,34.873777,0.0],[73.730722,34.873842,0.0],[73.730383,34.87408,0.0],[73.730168,34.874424,0.0],[73.730078,34.874803,0.0],[73.730072,34.875184,0.0],[73.730066,34.875599,0.0],[73.730102,34.87598,0.0],[73.73018,34.876361,0.0],[73.730512,34.876606,0.0],[73.730972,34.876715,0.0],[73.731434,34.876685,0.0],[73.731628,34.876658,0.0],[73.731897,34.876621,0.0],[73.732399,34.87673,0.0],[73.732731,34.876975,0.0],[73.733062,34.877221,0.0],[73.733437,34.877432,0.0],[73.733811,34.877678,0.0],[73.733954,34.877764,0.0],[73.733989,34.87775,0.0],[73.734009,34.877667,0.0],[73.73398,34.877576,0.0],[73.733776,34.877194,0.0],[73.733824,34.876814,0.0],[73.734039,34.87647,0.0],[73.734391,34.876387,0.0],[73.734463,34.876198,0.0],[73.734838,34.876409,0.0],[73.735084,34.876758,0.0],[73.735459,34.876969,0.0],[73.735921,34.876939,0.0],[73.736075,34.876918,0.0],[73.735967,34.876663,0.0],[73.735804,34.876316,0.0],[73.735768,34.875935,0.0],[73.735858,34.875555,0.0],[73.73599,34.875142,0.0],[73.735997,34.874727,0.0],[73.735981,34.874561,0.0],[73.735582,34.874377,0.0],[73.735166,34.874165,0.0],[73.734792,34.873919,0.0],[73.73446,34.873673,0.0],[73.734233,34.873577,0.0],[73.734043,34.873496,0.0],[73.733582,34.873422,0.0],[73.733357,34.873542,0.0],[73.733202,34.873625,0.0],[73.732851,34.873569,0.0],[73.732485,34.873589,0.0]]]}},{"type":"Feature","properties":{"rgi_id":"RGI2000-v7.0-G-14-25086","o1region":"14"},"geometry":{"type":"Polygon","coordinates":[[[73.7432,34.878468,0.0],[73.7432,34.878433,0.0],[73.743165,34.878018,0.0],[73.743044,34.87767,0.0],[73.742627,34.877528,0.0],[73.74221,34.877316,0.0],[73.741836,34.877105,0.0],[73.741546,34.876825,0.0],[73.741214,34.876579,0.0],[73.740796,34.876471,0.0],[73.74038,34.876259,0.0],[73.739963,34.876048,0.0],[73.739589,34.875836,0.0],[73.739171,34.875694,0.0],[73.738753,34.875585,0.0],[73.738331,34.875719,0.0],[73.737908,34.875957,0.0],[73.737527,34.876161,0.0],[73.737229,34.876434,0.0],[73.73714,34.876814,0.0],[73.7376,34.876888,0.0],[73.738187,34.876963,0.0],[73.738648,34.876968,0.0],[73.739108,34.877076,0.0],[73.739568,34.877185,0.0],[73.740154,34.877295,0.0],[73.740614,34.877403,0.0],[73.74103,34.877615,0.0],[73.741531,34.877828,0.0],[73.7432,34.878468,0.0]]]}},{"type":"Feature","properties":{"rgi_id":"RGI2000-v7.0-G-14-25087","o1region":"14"},"geometry":{"type":"Polygon","coordinates":[[[73.726268,34.857909,0.0],[73.726268,34.857874,0.0],[73.726441,34.85753,0.0],[73.726024,34.857388,0.0],[73.725561,34.857452,0.0],[73.725139,34.857655,0.0],[73.724717,34.857824,0.0],[73.724295,34.857958,0.0],[73.723997,34.858231,0.0],[73.724117,34.858613,0.0],[73.724535,34.858721,0.0],[73.724995,34.858795,0.0],[73.7255,34.858731,0.0],[73.725963,34.858632,0.0],[73.726268,34.857909,0.0]]]}},{"type":"Feature","properties":{"rgi_id":"RGI2000-v7.0-G-14-25088","o1region":"14"},"geometry":{"type":"Polygon","coordinates":[[[73.733646,34.833525,0.0],[73.733203,34.833436,0.0],[73.732759,34.833403,0.0],[73.73249,34.833118,0.0],[73.732393,34.832751,0.0],[73.732331,34.832356,0.0],[73.7322,34.831988,0.0],[73.732034,34.83162,0.0],[73.7318,34.831308,0.0],[73.731427,34.831106,0.0],[73.730983,34.831074,0.0],[73.730576,34.8309,0.0],[73.730238,34.830615,0.0],[73.72997,34.830302,0.0],[73.729735,34.829989,0.0],[73.729535,34.829649,0.0],[73.729092,34.82956,0.0],[73.72895,34.829925,0.0],[73.72891,34.830291,0.0],[73.72887,34.830657,0.0],[73.728899,34.831024,0.0],[73.729099,34.831364,0.0],[73.729367,34.831705,0.0],[73.729498,34.832073,0.0],[73.729561,34.83244,0.0],[73.729726,34.83278,0.0],[73.729995,34.833064,0.0],[73.73023,34.833405,0.0],[73.730464,34.833717,0.0],[73.73063,34.834057,0.0],[73.730864,34.83437,0.0],[73.731202,34.834627,0.0],[73.73161,34.834772,0.0],[73.732018,34.834917,0.0],[73.73239,34.835147,0.0],[73.732729,34.835376,0.0],[73.733101,34.835605,0.0],[73.733474,34.835834,0.0],[73.733846,34.836064,0.0],[73.734219,34.836265,0.0],[73.734662,34.836382,0.0],[73.735105,34.836471,0.0],[73.735783,34.836817,0.0],[73.735817,34.836817,0.0],[73.736225,34.836962,0.0],[73.736632,34.837164,0.0],[73.737074,34.837337,0.0],[73.737482,34.837483,0.0],[73.73789,34.837656,0.0],[73.738298,34.837801,0.0],[73.73874,34.837947,0.0],[73.739183,34.838036,0.0],[73.739625,34.838153,0.0],[73.740069,34.838186,0.0],[73.740512,34.838331,0.0],[73.740919,34.838505,0.0],[73.741257,34.838762,0.0],[73.741595,34.839019,0.0],[73.741932,34.839304,0.0],[73.742271,34.839533,0.0],[73.742643,34.839763,0.0],[73.743016,34.839992,0.0],[73.743354,34.840249,0.0],[73.743657,34.840534,0.0],[73.74396,34.840847,0.0],[73.744229,34.84116,0.0],[73.744566,34.841474,0.0],[73.744835,34.841758,0.0],[73.745173,34.842043,0.0],[73.74551,34.842301,0.0],[73.745883,34.84253,0.0],[73.747062,34.843698,0.0],[73.747061,34.843726,0.0],[73.747226,34.844122,0.0],[73.747495,34.844463,0.0],[73.747729,34.844776,0.0],[73.748067,34.845061,0.0],[73.748439,34.84529,0.0],[73.748847,34.845463,0.0],[73.749325,34.845497,0.0],[73.74977,34.845473,0.0],[73.749824,34.845387,0.0],[73.749856,34.845401,0.0],[73.750303,34.845451,0.0],[73.75042,34.845084,0.0],[73.750201,34.844759,0.0],[73.750039,34.844388,0.0],[73.750026,34.844344,0.0],[73.749933,34.844018,0.0],[73.749826,34.843648,0.0],[73.749832,34.843279,0.0],[73.749833,34.843236,0.0],[73.749838,34.84291,0.0],[73.750067,34.842544,0.0],[73.750128,34.842175,0.0],[73.750022,34.841805,0.0],[73.749747,34.84148,0.0],[73.749641,34.84111,0.0],[73.749479,34.840739,0.0],[73.749317,34.840322,0.0],[73.749211,34.839952,0.0],[73.749161,34.839583,0.0],[73.748658,34.839532,0.0],[73.748502,34.839942,0.0],[73.748074,34.840072,0.0],[73.747667,34.839871,0.0],[73.74757,34.839503,0.0],[73.747575,34.839137,0.0],[73.747581,34.838771,0.0],[73.747552,34.838404,0.0],[73.747489,34.838037,0.0],[73.747495,34.837671,0.0],[73.747603,34.837305,0.0],[73.747765,34.837161,0.0],[73.747966,34.837219,0.0],[73.748411,34.837362,0.0],[73.748473,34.836993,0.0],[73.748478,34.836625,0.0],[73.748484,34.836256,0.0],[73.74849,34.835841,0.0],[73.748496,34.835472,0.0],[73.748501,34.835103,0.0],[73.748563,34.834735,0.0],[73.748624,34.834366,0.0],[73.74829,34.834204,0.0],[73.748236,34.834178,0.0],[73.747733,34.834173,0.0],[73.747231,34.834029,0.0],[73.747094,34.833946,0.0],[73.747005,34.833945,0.0],[73.74656,34.833941,0.0],[73.746082,34.833936,0.0],[73.745637,34.833931,0.0],[73.745159,34.833898,0.0],[73.744751,34.833753,0.0],[73.744344,34.833551,0.0],[73.744006,34.833323,0.0],[73.743598,34.833177,0.0],[73.743155,34.83306,0.0],[73.742712,34.832999,0.0],[73.742268,34.832995,0.0],[73.741823,34.83299,0.0],[73.741345,34.833013,0.0],[73.741045,34.833153,0.0],[73.740981,34.833135,0.0],[73.740593,34.8329,0.0],[73.740262,34.83262,0.0],[73.73993,34.83234,0.0],[73.739599,34.83206,0.0],[73.739381,34.831689,0.0],[73.739106,34.831363,0.0],[73.738605,34.831219,0.0],[73.738158,34.831215,0.0],[73.737733,34.83135,0.0],[73.737645,34.831312,0.0],[73.737202,34.831195,0.0],[73.737148,34.831191,0.0],[73.737042,34.831065,0.0],[73.73671,34.830785,0.0],[73.736379,34.830505,0.0],[73.735991,34.830316,0.0],[73.735603,34.830035,0.0],[73.735158,34.829892,0.0],[73.734708,34.830072,0.0],[73.734479,34.830393,0.0],[73.734195,34.830712,0.0],[73.733854,34.831032,0.0],[73.733777,34.831274,0.0],[73.733737,34.831399,0.0],[73.733731,34.831768,0.0],[73.733726,34.832137,0.0],[73.73372,34.832506,0.0],[73.733715,34.8328,0.0],[73.733714,34.832875,0.0],[73.733709,34.833244,0.0],[73.733704,34.833579,0.0],[73.733646,34.833525,0.0]]]}},{"type":"Feature","properties":{"rgi_id":"RGI2000-v7.0-G-14-25089","o1region":"14"},"geometry":{"type":"Polygon","coordinates":[[[73.731381,34.823082,0.0],[73.731289,34.823438,0.0],[73.730972,34.823693,0.0],[73.730571,34.823541,0.0],[73.730309,34.823208,0.0],[73.730134,34.822872,0.0],[73.729961,34.822502,0.0],[73.729787,34.822168,0.0],[73.729433,34.821943,0.0],[73.728986,34.821864,0.0],[73.728541,34.821749,0.0],[73.728094,34.821707,0.0],[73.727647,34.821703,0.0],[73.727242,34.821846,0.0],[73.72746,34.822217,0.0],[73.727715,34.822355,0.0],[73.727774,34.822727,0.0],[73.727833,34.823099,0.0],[73.728086,34.823421,0.0],[73.728338,34.823743,0.0],[73.728657,34.824012,0.0],[73.729106,34.824176,0.0],[73.72962,34.824288,0.0],[73.730069,34.824452,0.0],[73.730106,34.824473,0.0],[73.730374,34.824756,0.0],[73.730682,34.825055,0.0],[73.731173,34.825134,0.0],[73.731665,34.825139,0.0],[73.732114,34.82507,0.0],[73.732519,34.824889,0.0],[73.732657,34.824807,0.0],[73.732699,34.824818,0.0],[73.733146,34.824859,0.0],[73.733593,34.824864,0.0],[73.734085,34.824906,0.0],[73.734531,34.824947,0.0],[73.735022,34.825026,0.0],[73.735515,34.824994,0.0],[73.735788,34.824702,0.0],[73.73566,34.824295,0.0],[73.735396,34.823997,0.0],[73.735087,34.823736,0.0],[73.735269,34.823637,0.0],[73.735517,34.823339,0.0],[73.735885,34.823092,0.0],[73.736133,34.822794,0.0],[73.736321,34.822445,0.0],[73.736387,34.822045,0.0],[73.736026,34.821841,0.0],[73.73554,34.821836,0.0],[73.735053,34.821881,0.0],[73.734567,34.821876,0.0],[73.73433,34.821473,0.0],[73.73427,34.821472,0.0],[73.734248,34.821408,0.0],[73.734093,34.821438,0.0],[73.733646,34.821433,0.0],[73.733155,34.821318,0.0],[73.732757,34.821055,0.0],[73.732222,34.820902,0.0],[73.732191,34.820894,0.0],[73.73209,34.820948,0.0],[73.731903,34.821297,0.0],[73.731897,34.821698,0.0],[73.73183,34.822098,0.0],[73.731763,34.822498,0.0],[73.731855,34.822615,0.0],[73.73164,34.822873,0.0],[73.731381,34.823082,0.0]]]}},{"type":"Feature","properties":{"rgi_id":"RGI2000-v7.0-G-14-25090","o1region":"14"},"geometry":{"type":"Polygon","coordinates":[[[73.700442,34.805089,0.0],[73.70041,34.805089,0.0],[73.7001,34.804801,0.0],[73.700074,34.804437,0.0],[73.700206,34.804075,0.0],[73.700524,34.803819,0.0],[73.700781,34.803511,0.0],[73.700818,34.803148,0.0],[73.700824,34.802785,0.0],[73.700798,34.802421,0.0],[73.700488,34.802107,0.0],[73.700018,34.802024,0.0],[73.699578,34.801993,0.0],[73.699138,34.801989,0.0],[73.698666,34.802036,0.0],[73.698285,34.802239,0.0],[73.698595,34.802502,0.0],[73.699034,34.802584,0.0],[73.699281,34.802898,0.0],[73.699307,34.803262,0.0],[73.698957,34.803491,0.0],[73.698545,34.803668,0.0],[73.698289,34.804003,0.0],[73.698251,34.804392,0.0],[73.69834,34.804756,0.0],[73.698555,34.805095,0.0],[73.698961,34.805255,0.0],[73.699399,34.805364,0.0],[73.700442,34.805089,0.0]]]}},{"type":"Feature","properties":{"rgi_id":"RGI2000-v7.0-G-14-25091","o1region":"14"},"geometry":{"type":"Polygon","coordinates":[[[73.692888,34.807247,0.0],[73.693534,34.806765,0.0],[73.693535,34.80669,0.0],[73.693769,34.806279,0.0],[73.694002,34.805943,0.0],[73.69428,34.805646,0.0],[73.694468,34.80531,0.0],[73.694474,34.804934,0.0],[73.694343,34.804557,0.0],[73.694075,34.804253,0.0],[73.693668,34.804061,0.0],[73.69326,34.803906,0.0],[73.69276,34.803826,0.0],[73.692305,34.803783,0.0],[73.691893,34.803929,0.0],[73.691436,34.803999,0.0],[73.690981,34.803957,0.0],[73.690525,34.80399,0.0],[73.690428,34.804364,0.0],[73.690422,34.80474,0.0],[73.690416,34.805116,0.0],[73.690823,34.805308,0.0],[73.691279,34.805313,0.0],[73.691547,34.805616,0.0],[73.691541,34.805992,0.0],[73.691581,34.806368,0.0],[73.691758,34.806708,0.0],[73.692026,34.807012,0.0],[73.692433,34.807204,0.0],[73.692888,34.807247,0.0]]]}},{"type":"Feature","properties":{"rgi_id":"RGI2000-v7.0-G-14-25092","o1region":"14"},"geometry":{"type":"Polygon","coordinates":[[[73.685175,34.808162,0.0],[73.685176,34.808058,0.0],[73.685183,34.807643,0.0],[73.685189,34.807263,0.0],[73.684942,34.806949,0.0],[73.684696,34.806635,0.0],[73.684152,34.80656,0.0],[73.683691,34.806555,0.0],[73.683685,34.806935,0.0],[73.683721,34.807316,0.0],[73.683925,34.807664,0.0],[73.684171,34.807978,0.0],[73.685175,34.808162,0.0]]]}},{"type":"Feature","properties":{"rgi_id":"RGI2000-v7.0-G-14-25093","o1region":"14"},"geometry":{"type":"Polygon","coordinates":[[[73.68791,34.81286,0.0],[73.68791,34.812826,0.0],[73.687621,34.812546,0.0],[73.687119,34.812471,0.0],[73.686657,34.812501,0.0],[73.686235,34.812669,0.0],[73.686104,34.813014,0.0],[73.686478,34.81326,0.0],[73.686937,34.813403,0.0],[73.687397,34.813443,0.0],[73.68791,34.81286,0.0]]]}},{"type":"Feature","properties":{"rgi_id":"RGI2000-v7.0-G-14-25094","o1region":"14"},"geometry":{"type":"Polygon","coordinates":[[[73.684438,34.814903,0.0],[73.684375,34.814903,0.0],[73.68416,34.814563,0.0],[73.684009,34.814198,0.0],[73.683826,34.813833,0.0],[73.683674,34.813468,0.0],[73.683522,34.81313,0.0],[73.683212,34.812867,0.0],[73.682806,34.812681,0.0],[73.682366,34.81265,0.0],[73.681954,34.812879,0.0],[73.681948,34.813242,0.0],[73.682385,34.813429,0.0],[73.682822,34.813641,0.0],[73.683006,34.81398,0.0],[73.683094,34.814344,0.0],[73.683151,34.814708,0.0],[73.683525,34.814945,0.0],[73.683964,34.815028,0.0],[73.684438,34.814903,0.0]]]}},{"type":"Feature","properties":{"rgi_id":"RGI2000-v7.0-G-14-25095","o1region":"14"},"geometry":{"type":"Polygon","coordinates":[[[73.68188,34.814939,0.0],[73.681838,34.814939,0.0],[73.681378,34.814865,0.0],[73.680873,34.814963,0.0],[73.680492,34.815167,0.0],[73.680112,34.81537,0.0],[73.680064,34.81575,0.0],[73.680523,34.815859,0.0],[73.680863,34.81562,0.0],[73.681285,34.815452,0.0],[73.681746,34.815422,0.0],[73.682127,34.815219,0.0],[73.68188,34.814939,0.0]]]}},{"type":"Feature","properties":{"rgi_id":"RGI2000-v7.0-G-14-25096","o1region":"14"},"geometry":{"type":"Polygon","coordinates":[[[73.662772,34.831228,0.0],[73.661933,34.831272,0.0],[73.66167,34.831588,0.0],[73.661664,34.83196,0.0],[73.661658,34.832333,0.0],[73.661652,34.832705,0.0],[73.661645,34.83313,0.0],[73.66151,34.833501,0.0],[73.66131,34.833871,0.0],[73.661304,34.834243,0.0],[73.661427,34.834616,0.0],[73.661878,34.834674,0.0],[73.662329,34.834679,0.0],[73.66278,34.834684,0.0],[73.663233,34.834583,0.0],[73.663685,34.834535,0.0],[73.664139,34.834433,0.0],[73.664592,34.834332,0.0],[73.664791,34.833962,0.0],[73.664797,34.83359,0.0],[73.664803,34.833218,0.0],[73.664809,34.832846,0.0],[73.664751,34.832473,0.0],[73.664498,34.832151,0.0],[73.664114,34.831934,0.0],[73.663797,34.831612,0.0],[73.663414,34.831395,0.0],[73.662964,34.831283,0.0],[73.662772,34.831228,0.0]]]}},{"type":"Feature","properties":{"rgi_id":"RGI2000-v7.0-G-14-25097","o1region":"14"},"geometry":{"type":"Polygon","coordinates":[[[73.668498,34.842319,0.0],[73.668499,34.84227,0.0],[73.668386,34.841875,0.0],[73.668273,34.841481,0.0],[73.668281,34.840989,0.0],[73.668287,34.840595,0.0],[73.667814,34.840344,0.0],[73.6674,34.840143,0.0],[73.667106,34.839845,0.0],[73.66663,34.83979,0.0],[73.666503,34.840232,0.0],[73.666318,34.840623,0.0],[73.666371,34.841017,0.0],[73.666724,34.841316,0.0],[73.667139,34.841518,0.0],[73.667493,34.841767,0.0],[73.667847,34.842017,0.0],[73.6679,34.842411,0.0],[73.668073,34.842807,0.0],[73.668498,34.842319,0.0]]]}},{"type":"Feature","properties":{"rgi_id":"RGI2000-v7.0-G-14-25098","o1region":"14"},"geometry":{"type":"Polygon","coordinates":[[[73.667401,34.846926,0.0],[73.667395,34.847303,0.0],[73.667543,34.847523,0.0],[73.667717,34.847869,0.0],[73.66789,34.848215,0.0],[73.668003,34.84861,0.0],[73.668056,34.849004,0.0],[73.66811,34.849398,0.0],[73.668343,34.849745,0.0],[73.668696,34.850044,0.0],[73.668783,34.850106,0.0],[73.668815,34.850046,0.0],[73.669059,34.849704,0.0],[73.669423,34.849364,0.0],[73.669904,34.849123,0.0],[73.670383,34.84903,0.0],[73.670863,34.848838,0.0],[73.671227,34.848498,0.0],[73.67153,34.848206,0.0],[73.671715,34.847815,0.0],[73.672018,34.847523,0.0],[73.67252,34.847425,0.0],[73.672651,34.847343,0.0],[73.673014,34.847093,0.0],[73.67325,34.846778,0.0],[73.673102,34.846417,0.0],[73.67285,34.846119,0.0],[73.672495,34.845861,0.0],[73.67214,34.845646,0.0],[73.671427,34.8453,0.0],[73.671402,34.8453,0.0],[73.670889,34.845294,0.0],[73.670402,34.845289,0.0],[73.669965,34.845347,0.0],[73.669503,34.845364,0.0],[73.669042,34.845359,0.0],[73.66858,34.845375,0.0],[73.668167,34.84556,0.0],[73.667855,34.845853,0.0],[73.667695,34.84621,0.0],[73.667535,34.846568,0.0],[73.667401,34.846926,0.0]]]}},{"type":"Feature","properties":{"rgi_id":"RGI2000-v7.0-G-14-25099","o1region":"14"},"geometry":{"type":"Polygon","coordinates":[[[73.677315,34.844286,0.0],[73.677054,34.844579,0.0],[73.677022,34.844959,0.0],[73.677068,34.845319,0.0],[73.677242,34.845659,0.0],[73.677597,34.845875,0.0],[73.6779,34.846174,0.0],[73.678256,34.846389,0.0],[73.67828,34.846401,0.0],[73.678598,34.846463,0.0],[73.679134,34.846518,0.0],[73.679549,34.846719,0.0],[73.679916,34.846757,0.0],[73.679971,34.846429,0.0],[73.679978,34.845986,0.0],[73.679985,34.845593,0.0],[73.67999,34.845248,0.0],[73.679942,34.84516,0.0],[73.679853,34.844986,0.0],[73.679876,34.844903,0.0],[73.679823,34.844509,0.0],[73.679408,34.844308,0.0],[73.678993,34.844155,0.0],[73.678578,34.844003,0.0],[73.678043,34.843899,0.0],[73.677507,34.843844,0.0],[73.677321,34.844236,0.0],[73.677315,34.844286,0.0]]]}},{"type":"Feature","properties":{"rgi_id":"RGI2000-v7.0-G-14-25100","o1region":"14"},"geometry":{"type":"Polygon","coordinates":[[[73.657211,34.845159,0.0],[73.657136,34.845392,0.0],[73.656952,34.845734,0.0],[73.656886,34.846127,0.0],[73.65676,34.846519,0.0],[73.656694,34.846912,0.0],[73.656807,34.847307,0.0],[73.65692,34.847701,0.0],[73.657213,34.848,0.0],[73.657567,34.848249,0.0],[73.657626,34.848281,0.0],[73.657741,34.848151,0.0],[73.658128,34.847965,0.0],[73.658566,34.847886,0.0],[73.659028,34.847827,0.0],[73.65949,34.847811,0.0],[73.659977,34.847796,0.0],[73.660439,34.847801,0.0],[73.660464,34.847801,0.0],[73.660657,34.846979,0.0],[73.660663,34.846598,0.0],[73.660464,34.846258,0.0],[73.660056,34.846126,0.0],[73.659621,34.846058,0.0],[73.659239,34.845864,0.0],[73.659143,34.845503,0.0],[73.658917,34.845184,0.0],[73.658483,34.845073,0.0],[73.658021,34.845089,0.0],[73.657585,34.845127,0.0],[73.657211,34.845159,0.0]]]}},{"type":"Feature","properties":{"rgi_id":"RGI2000-v7.0-G-14-25101","o1region":"14"},"geometry":{"type":"Polygon","coordinates":[[[73.609969,34.811923,0.0],[73.609525,34.811918,0.0],[73.60908,34.811941,0.0],[73.608635,34.811965,0.0],[73.608223,34.812101,0.0],[73.608217,34.812467,0.0],[73.608211,34.812833,0.0],[73.608205,34.8132,0.0],[73.608301,34.813567,0.0],[73.608673,34.813769,0.0],[73.609118,34.813746,0.0],[73.609563,34.813723,0.0],[73.610006,34.813756,0.0],[73.610449,34.813845,0.0],[73.610857,34.813991,0.0],[73.611264,34.814165,0.0],[73.611636,34.814366,0.0],[73.612008,34.814596,0.0],[73.612242,34.814937,0.0],[73.61251,34.81525,0.0],[73.612848,34.815507,0.0],[73.613254,34.815709,0.0],[73.613592,34.815967,0.0],[73.613929,34.816253,0.0],[73.614266,34.816482,0.0],[73.614639,34.816712,0.0],[73.61501,34.816969,0.0],[73.615279,34.817254,0.0],[73.615513,34.817567,0.0],[73.615712,34.817907,0.0],[73.615876,34.818304,0.0],[73.616042,34.818644,0.0],[73.616207,34.818984,0.0],[73.616406,34.819325,0.0],[73.616847,34.819527,0.0],[73.61726,34.819362,0.0],[73.617708,34.819142,0.0],[73.618053,34.818921,0.0],[73.618467,34.818728,0.0],[73.618535,34.818729,0.0],[73.618614,34.81811,0.0],[73.618448,34.817769,0.0],[73.618215,34.817429,0.0],[73.61805,34.817089,0.0],[73.617884,34.816748,0.0],[73.617685,34.816408,0.0],[73.617416,34.816123,0.0],[73.617182,34.81581,0.0],[73.616914,34.815526,0.0],[73.616543,34.815239,0.0],[73.616101,34.815094,0.0],[73.615658,34.815032,0.0],[73.615251,34.81483,0.0],[73.614983,34.814517,0.0],[73.614784,34.814177,0.0],[73.614585,34.813808,0.0],[73.61442,34.813412,0.0],[73.614186,34.813099,0.0],[73.613849,34.81287,0.0],[73.613441,34.812696,0.0],[73.613034,34.81255,0.0],[73.612627,34.812376,0.0],[73.612219,34.812203,0.0],[73.611847,34.812001,0.0],[73.61137,34.811939,0.0],[73.610925,34.811934,0.0],[73.610413,34.811928,0.0],[73.609969,34.811923,0.0]]]}},{"type":"Feature","properties":{"rgi_id":"RGI2000-v7.0-G-14-25102","o1region":"14"},"geometry":{"type":"Polygon","coordinates":[[[73.60489,34.804483,0.0],[73.605303,34.804319,0.0],[73.605749,34.804183,0.0],[73.606128,34.80399,0.0],[73.606575,34.803854,0.0],[73.606819,34.803547,0.0],[73.607165,34.803269,0.0],[73.607578,34.803105,0.0],[73.608024,34.803025,0.0],[73.60847,34.802918,0.0],[73.608816,34.80264,0.0],[73.609027,34.802304,0.0],[73.609203,34.801968,0.0],[73.609549,34.801718,0.0],[73.609726,34.801382,0.0],[73.609732,34.801016,0.0],[73.609394,34.800786,0.0],[73.608986,34.800641,0.0],[73.608929,34.799992,0.0],[73.608929,34.799964,0.0],[73.608592,34.799706,0.0],[73.608185,34.799504,0.0],[73.607917,34.799191,0.0],[73.607649,34.798906,0.0],[73.607242,34.798732,0.0],[73.606798,34.798727,0.0],[73.606418,34.798948,0.0],[73.60614,34.799255,0.0],[73.605794,34.799505,0.0],[73.605482,34.799783,0.0],[73.605136,34.800005,0.0],[73.604791,34.800226,0.0],[73.604445,34.800448,0.0],[73.604066,34.800641,0.0],[73.603687,34.800862,0.0],[73.603341,34.801083,0.0],[73.603063,34.80139,0.0],[73.602988,34.801756,0.0],[73.602982,34.802122,0.0],[73.602942,34.802488,0.0],[73.602936,34.802854,0.0],[73.602929,34.803249,0.0],[73.602957,34.803615,0.0],[73.603191,34.803928,0.0],[73.603425,34.804241,0.0],[73.603693,34.804554,0.0],[73.604031,34.804783,0.0],[73.604443,34.804647,0.0],[73.60489,34.804483,0.0]]]}},{"type":"Feature","properties":{"rgi_id":"RGI2000-v7.0-G-14-25103","o1region":"14"},"geometry":{"type":"Polygon","coordinates":[[[73.595951,34.795643,0.0],[73.595917,34.795643,0.0],[73.59591,34.796009,0.0],[73.596248,34.796267,0.0],[73.596691,34.796328,0.0],[73.597063,34.79653,0.0],[73.597228,34.79687,0.0],[73.597671,34.796988,0.0],[73.598016,34.796766,0.0],[73.598193,34.796402,0.0],[73.598302,34.796037,0.0],[73.598478,34.795701,0.0],[73.598756,34.795422,0.0],[73.598967,34.795086,0.0],[73.599007,34.79472,0.0],[73.599013,34.794354,0.0],[73.598848,34.794014,0.0],[73.598336,34.794008,0.0],[73.597892,34.794003,0.0],[73.597447,34.794026,0.0],[73.597003,34.794021,0.0],[73.59659,34.794213,0.0],[73.596413,34.794606,0.0],[73.596168,34.794913,0.0],[73.596025,34.795278,0.0],[73.595951,34.795643,0.0]]]}},{"type":"Feature","properties":{"rgi_id":"RGI2000-v7.0-G-14-25104","o1region":"14"},"geometry":{"type":"Polygon","coordinates":[[[73.590728,34.790678,0.0],[73.590802,34.791046,0.0],[73.590796,34.791413,0.0],[73.590789,34.791779,0.0],[73.590783,34.792145,0.0],[73.590777,34.792512,0.0],[73.590941,34.792849,0.0],[73.59118,34.792883,0.0],[73.591624,34.792916,0.0],[73.59172,34.793283,0.0],[73.591714,34.79365,0.0],[73.591708,34.794016,0.0],[73.591702,34.794382,0.0],[73.591695,34.794749,0.0],[73.591723,34.795115,0.0],[73.59182,34.795483,0.0],[73.591847,34.79585,0.0],[73.591943,34.796245,0.0],[73.59204,34.796613,0.0],[73.592135,34.797008,0.0],[73.592297,34.797518,0.0],[73.592462,34.797914,0.0],[73.592627,34.798254,0.0],[73.59307,34.798316,0.0],[73.593515,34.798236,0.0],[73.593961,34.798157,0.0],[73.59444,34.798106,0.0],[73.594886,34.797999,0.0],[73.595062,34.797662,0.0],[73.595205,34.797298,0.0],[73.595109,34.79693,0.0],[73.595013,34.796563,0.0],[73.594917,34.796195,0.0],[73.594684,34.795826,0.0],[73.594519,34.795458,0.0],[73.594354,34.795089,0.0],[73.594189,34.794749,0.0],[73.594093,34.794382,0.0],[73.594065,34.794015,0.0],[73.594194,34.793955,0.0],[73.594171,34.793819,0.0],[73.594177,34.793453,0.0],[73.59432,34.793088,0.0],[73.594531,34.792752,0.0],[73.594609,34.792628,0.0],[73.594675,34.792303,0.0],[73.594818,34.791938,0.0],[73.594994,34.791602,0.0],[73.595205,34.791266,0.0],[73.595376,34.791052,0.0],[73.595523,34.790678,0.0],[73.595821,34.789188,0.0],[73.595822,34.78916,0.0],[73.59576,34.788792,0.0],[73.595766,34.788426,0.0],[73.595772,34.78806,0.0],[73.595744,34.787693,0.0],[73.595716,34.787326,0.0],[73.59562,34.786931,0.0],[73.59549,34.786535,0.0],[73.595153,34.786305,0.0],[73.594745,34.78616,0.0],[73.594268,34.786098,0.0],[73.593825,34.786008,0.0],[73.593382,34.785975,0.0],[73.592974,34.785829,0.0],[73.592878,34.785462,0.0],[73.592471,34.785316,0.0],[73.592027,34.785283,0.0],[73.591583,34.785278,0.0],[73.5915,34.785277,0.0],[73.591523,34.785585,0.0],[73.591517,34.785973,0.0],[73.59151,34.786362,0.0],[73.591395,34.78672,0.0],[73.591317,34.787078,0.0],[73.591274,34.787466,0.0],[73.591159,34.787823,0.0],[73.591116,34.788212,0.0],[73.591073,34.7886,0.0],[73.590995,34.788958,0.0],[73.590988,34.789377,0.0],[73.590981,34.789795,0.0],[73.590902,34.790153,0.0],[73.590823,34.790511,0.0],[73.590728,34.790678,0.0]]]}},{"type":"Feature","properties":{"rgi_id":"RGI2000-v7.0-G-14-25105","o1region":"14"},"geometry":{"type":"Polygon","coordinates":[[[73.590728,34.790678,0.0],[73.590823,34.790511,0.0],[73.590902,34.790153,0.0],[73.590981,34.789795,0.0],[73.590988,34.789377,0.0],[73.590995,34.788958,0.0],[73.591073,34.7886,0.0],[73.591116,34.788212,0.0],[73.591159,34.787823,0.0],[73.591274,34.787466,0.0],[73.591317,34.787078,0.0],[73.591395,34.78672,0.0],[73.59151,34.786362,0.0],[73.591517,34.785973,0.0],[73.591523,34.785585,0.0],[73.5915,34.785277,0.0],[73.591139,34.785272,0.0],[73.590695,34.785267,0.0],[73.590251,34.785262,0.0],[73.589806,34.785342,0.0],[73.589426,34.785563,0.0],[73.589148,34.785869,0.0],[73.589039,34.786235,0.0],[73.588999,34.7866,0.0],[73.588958,34.786966,0.0],[73.588917,34.787361,0.0],[73.588809,34.787726,0.0],[73.588666,34.78809,0.0],[73.588523,34.788455,0.0],[73.58838,34.78882,0.0],[73.588203,34.789184,0.0],[73.587992,34.789548,0.0],[73.587781,34.789912,0.0],[73.587638,34.790277,0.0],[73.587461,34.790613,0.0],[73.587285,34.790949,0.0],[73.587176,34.791314,0.0],[73.586999,34.79165,0.0],[73.586789,34.791986,0.0],[73.586544,34.792293,0.0],[73.586368,34.792629,0.0],[73.586225,34.792994,0.0],[73.58598,34.793301,0.0],[73.585668,34.79358,0.0],[73.585424,34.793887,0.0],[73.585349,34.794252,0.0],[73.585445,34.79462,0.0],[73.58561,34.79496,0.0],[73.585913,34.795245,0.0],[73.586251,34.795475,0.0],[73.586693,34.795564,0.0],[73.587138,34.795513,0.0],[73.587518,34.795292,0.0],[73.587796,34.795014,0.0],[73.587973,34.794677,0.0],[73.588149,34.794341,0.0],[73.588326,34.794005,0.0],[73.588332,34.793639,0.0],[73.588338,34.793272,0.0],[73.588344,34.792906,0.0],[73.588351,34.79254,0.0],[73.588391,34.792174,0.0],[73.588392,34.792146,0.0],[73.588636,34.79181,0.0],[73.589016,34.791589,0.0],[73.589294,34.791311,0.0],[73.589538,34.791003,0.0],[73.589884,34.790782,0.0],[73.590297,34.790618,0.0],[73.590728,34.790678,0.0]]]}},{"type":"Feature","properties":{"rgi_id":"RGI2000-v7.0-G-14-25106","o1region":"14"},"geometry":{"type":"Polygon","coordinates":[[[73.695785,34.729388,0.0],[73.696119,34.729631,0.0],[73.696502,34.729874,0.0],[73.6964,34.730232,0.0],[73.696201,34.730589,0.0],[73.695954,34.730905,0.0],[73.695803,34.731302,0.0],[73.695894,34.731662,0.0],[73.69633,34.731587,0.0],[73.696815,34.731472,0.0],[73.697253,34.731278,0.0],[73.697738,34.731123,0.0],[73.698121,34.731327,0.0],[73.698309,34.731688,0.0],[73.698692,34.731891,0.0],[73.699175,34.731897,0.0],[73.699658,34.731902,0.0],[73.700141,34.731907,0.0],[73.700624,34.731912,0.0],[73.701107,34.731917,0.0],[73.701541,34.731962,0.0],[73.701924,34.732165,0.0],[73.702306,34.732448,0.0],[73.70269,34.732652,0.0],[73.703121,34.732856,0.0],[73.703605,34.732821,0.0],[73.703994,34.732626,0.0],[73.704384,34.732431,0.0],[73.704822,34.732236,0.0],[73.705406,34.731963,0.0],[73.705455,34.731884,0.0],[73.705226,34.731124,0.0],[73.704794,34.73092,0.0],[73.704362,34.730716,0.0],[73.704028,34.730473,0.0],[73.703694,34.73019,0.0],[73.703458,34.729868,0.0],[73.703172,34.729586,0.0],[73.702838,34.729343,0.0],[73.702602,34.729022,0.0],[73.702511,34.728662,0.0],[73.702517,34.728263,0.0],[73.702426,34.727903,0.0],[73.702092,34.727661,0.0],[73.701658,34.727576,0.0],[73.701175,34.727571,0.0],[73.700692,34.727606,0.0],[73.700209,34.727601,0.0],[73.699726,34.727595,0.0],[73.699292,34.727511,0.0],[73.698958,34.727268,0.0],[73.698575,34.727065,0.0],[73.698091,34.727139,0.0],[73.697653,34.727294,0.0],[73.697312,34.72753,0.0],[73.697017,34.727806,0.0],[73.696723,34.728122,0.0],[73.696428,34.728438,0.0],[73.696181,34.728754,0.0],[73.69584,34.72899,0.0],[73.695785,34.729388,0.0]]]}},{"type":"Feature","properties":{"rgi_id":"RGI2000-v7.0-G-14-25107","o1region":"14"},"geometry":{"type":"Polygon","coordinates":[[[73.708901,34.733994,0.0],[73.708902,34.733943,0.0],[73.708908,34.733535,0.0],[73.7091,34.733129,0.0],[73.709291,34.732774,0.0],[73.709173,34.732364,0.0],[73.708679,34.732359,0.0],[73.708244,34.732559,0.0],[73.708176,34.732966,0.0],[73.708046,34.733322,0.0],[73.708102,34.73373,0.0],[73.70822,34.734088,0.0],[73.708901,34.733994,0.0]]]}},{"type":"Feature","properties":{"rgi_id":"RGI2000-v7.0-G-14-25108","o1region":"14"},"geometry":{"type":"Polygon","coordinates":[[[73.709365,34.735937,0.0],[73.709366,34.735886,0.0],[73.709374,34.735376,0.0],[73.70938,34.734968,0.0],[73.709013,34.734709,0.0],[73.708519,34.734704,0.0],[73.708084,34.734903,0.0],[73.707709,34.735154,0.0],[73.707395,34.735457,0.0],[73.707266,34.735812,0.0],[73.70726,34.73622,0.0],[73.707315,34.736629,0.0],[73.707433,34.736987,0.0],[73.707867,34.73689,0.0],[73.708364,34.736742,0.0],[73.709365,34.735937,0.0]]]}},{"type":"Feature","properties":{"rgi_id":"RGI2000-v7.0-G-14-25109","o1region":"14"},"geometry":{"type":"Polygon","coordinates":[[[73.709741,34.744257,0.0],[73.710194,34.744155,0.0],[73.710647,34.744001,0.0],[73.711099,34.743899,0.0],[73.711432,34.743211,0.0],[73.711433,34.743158,0.0],[73.711439,34.742786,0.0],[73.711445,34.742414,0.0],[73.711386,34.742041,0.0],[73.711133,34.741719,0.0],[73.710946,34.741345,0.0],[73.710564,34.741075,0.0],[73.710246,34.740753,0.0],[73.709929,34.740484,0.0],[73.709611,34.740214,0.0],[73.709293,34.739945,0.0],[73.70891,34.739728,0.0],[73.708461,34.739617,0.0],[73.70801,34.739613,0.0],[73.707495,34.739607,0.0],[73.707044,34.739602,0.0],[73.706845,34.739972,0.0],[73.706774,34.740344,0.0],[73.706769,34.740716,0.0],[73.706763,34.741088,0.0],[73.706949,34.741569,0.0],[73.707072,34.741942,0.0],[73.707324,34.742264,0.0],[73.707576,34.742639,0.0],[73.707893,34.742961,0.0],[73.708211,34.74323,0.0],[73.708528,34.743553,0.0],[73.70878,34.743928,0.0],[73.708839,34.744301,0.0],[73.709287,34.744465,0.0],[73.709741,34.744257,0.0]]]}},{"type":"Feature","properties":{"rgi_id":"RGI2000-v7.0-G-14-25110","o1region":"14"},"geometry":{"type":"Polygon","coordinates":[[[73.713346,34.751587,0.0],[73.713773,34.751733,0.0],[73.7142,34.751879,0.0],[73.714627,34.752026,0.0],[73.715056,34.752101,0.0],[73.715571,34.752107,0.0],[73.716003,34.751969,0.0],[73.716433,34.751903,0.0],[73.716866,34.751695,0.0],[73.717297,34.751558,0.0],[73.717899,34.751564,0.0],[73.717984,34.751565,0.0],[73.7174,34.750495,0.0],[73.717061,34.750208,0.0],[73.716633,34.750062,0.0],[73.716118,34.750056,0.0],[73.71569,34.749981,0.0],[73.715263,34.749835,0.0],[73.714835,34.749688,0.0],[73.714408,34.749542,0.0],[73.714069,34.749255,0.0],[73.713817,34.748898,0.0],[73.713651,34.748541,0.0],[73.713484,34.748185,0.0],[73.713058,34.747968,0.0],[73.712543,34.747963,0.0],[73.712195,34.748243,0.0],[73.711932,34.748594,0.0],[73.711841,34.748948,0.0],[73.711834,34.749373,0.0],[73.711914,34.749728,0.0],[73.711908,34.750154,0.0],[73.711988,34.750509,0.0],[73.71224,34.750866,0.0],[73.712492,34.751223,0.0],[73.712918,34.751441,0.0],[73.713346,34.751587,0.0]]]}},{"type":"Feature","properties":{"rgi_id":"RGI2000-v7.0-G-14-25111","o1region":"14"},"geometry":{"type":"Polygon","coordinates":[[[73.719633,34.734623,0.0],[73.720002,34.73465,0.0],[73.720377,34.735012,0.0],[73.720744,34.73522,0.0],[73.721174,34.735378,0.0],[73.721729,34.735435,0.0],[73.722223,34.735491,0.0],[73.722717,34.735496,0.0],[73.723091,34.735296,0.0],[73.72322,34.73494,0.0],[73.723102,34.734582,0.0],[73.722922,34.734223,0.0],[73.722839,34.734057,0.0],[73.723058,34.733898,0.0],[73.723302,34.73359,0.0],[73.723331,34.733446,0.0],[73.723278,34.733211,0.0],[73.722853,34.732923,0.0],[73.7226,34.732566,0.0],[73.722262,34.732208,0.0],[73.721923,34.731921,0.0],[73.721584,34.731633,0.0],[73.721159,34.731345,0.0],[73.721079,34.73099,0.0],[73.721507,34.731065,0.0],[73.721935,34.731141,0.0],[73.722363,34.731287,0.0],[73.722789,34.731504,0.0],[73.723128,34.731791,0.0],[73.723556,34.731867,0.0],[73.723983,34.732013,0.0],[73.724411,34.732088,0.0],[73.724924,34.732236,0.0],[73.725438,34.732312,0.0],[73.725865,34.732458,0.0],[73.726292,34.732675,0.0],[73.726631,34.732962,0.0],[73.727057,34.73318,0.0],[73.727396,34.733467,0.0],[73.727735,34.733754,0.0],[73.728032,34.734005,0.0],[73.728416,34.734115,0.0],[73.728929,34.734263,0.0],[73.729358,34.734338,0.0],[73.729958,34.734415,0.0],[73.730386,34.73449,0.0],[73.730814,34.734566,0.0],[73.731328,34.734642,0.0],[73.731843,34.734647,0.0],[73.732272,34.734723,0.0],[73.732689,34.734727,0.0],[73.732677,34.734631,0.0],[73.732559,34.734273,0.0],[73.732434,34.734023,0.0],[73.732198,34.733942,0.0],[73.731772,34.733725,0.0],[73.731344,34.733579,0.0],[73.730917,34.733433,0.0],[73.730491,34.733215,0.0],[73.730066,34.732927,0.0],[73.72964,34.73271,0.0],[73.729215,34.732422,0.0],[73.728787,34.732347,0.0],[73.728454,34.732065,0.0],[73.728458,34.731782,0.0],[73.728526,34.731375,0.0],[73.728717,34.731019,0.0],[73.728969,34.730716,0.0],[73.729098,34.73036,0.0],[73.728918,34.72995,0.0],[73.728426,34.729843,0.0],[73.727932,34.729838,0.0],[73.727437,34.729884,0.0],[73.72694,34.730083,0.0],[73.72681,34.73049,0.0],[73.726742,34.730897,0.0],[73.72663,34.731205,0.0],[73.726317,34.731045,0.0],[73.72589,34.730828,0.0],[73.725466,34.73054,0.0],[73.725038,34.730393,0.0],[73.724611,34.730247,0.0],[73.724183,34.730172,0.0],[73.723909,34.730078,0.0],[73.723792,34.729846,0.0],[73.723426,34.729587,0.0],[73.72306,34.729277,0.0],[73.722692,34.729069,0.0],[73.722262,34.728912,0.0],[73.721832,34.728805,0.0],[73.721337,34.7288,0.0],[73.720907,34.728694,0.0],[73.720413,34.728637,0.0],[73.719982,34.728531,0.0],[73.71986,34.728486,0.0],[73.71986,34.728428,0.0],[73.719867,34.72802,0.0],[73.719996,34.727664,0.0],[73.720003,34.727205,0.0],[73.720132,34.726849,0.0],[73.7202,34.726442,0.0],[73.720452,34.726139,0.0],[73.720765,34.725836,0.0],[73.721079,34.725533,0.0],[73.721454,34.725231,0.0],[73.721706,34.724928,0.0],[73.72208,34.724677,0.0],[73.722332,34.724373,0.0],[73.722523,34.724018,0.0],[73.722652,34.723662,0.0],[73.722534,34.723304,0.0],[73.722422,34.723162,0.0],[73.722286,34.723353,0.0],[73.721912,34.723604,0.0],[73.721538,34.723804,0.0],[73.720979,34.724002,0.0],[73.72073,34.724135,0.0],[73.72079,34.724255,0.0],[73.720722,34.724662,0.0],[73.720593,34.725018,0.0],[73.720341,34.725321,0.0],[73.720089,34.725625,0.0],[73.71996,34.72598,0.0],[73.719708,34.726284,0.0],[73.719273,34.726483,0.0],[73.718838,34.726632,0.0],[73.718343,34.726677,0.0],[73.717908,34.726826,0.0],[73.717413,34.726872,0.0],[73.717046,34.726664,0.0],[73.716679,34.726405,0.0],[73.716249,34.726247,0.0],[73.715883,34.725988,0.0],[73.715453,34.72578,0.0],[73.715086,34.725572,0.0],[73.714593,34.725465,0.0],[73.714037,34.725459,0.0],[73.713481,34.725504,0.0],[73.713199,34.725567,0.0],[73.713171,34.725552,0.0],[73.712804,34.725344,0.0],[73.712375,34.725135,0.0],[73.711945,34.724978,0.0],[73.71145,34.724973,0.0],[73.711015,34.725172,0.0],[73.71058,34.72532,0.0],[73.710206,34.72552,0.0],[73.709712,34.725566,0.0],[73.709603,34.725639,0.0],[73.709337,34.725817,0.0],[73.709208,34.726173,0.0],[73.709079,34.726529,0.0],[73.70895,34.726884,0.0],[73.70882,34.727291,0.0],[73.70869,34.727698,0.0],[73.708621,34.728156,0.0],[73.708615,34.728564,0.0],[73.708613,34.728701,0.0],[73.708629,34.728729,0.0],[73.708897,34.729013,0.0],[73.709131,34.729354,0.0],[73.709365,34.729667,0.0],[73.709702,34.729924,0.0],[73.71011,34.730069,0.0],[73.710553,34.730102,0.0],[73.711031,34.730107,0.0],[73.711475,34.730112,0.0],[73.711917,34.730201,0.0],[73.712289,34.73043,0.0],[73.712966,34.730804,0.0],[73.712966,34.730832,0.0],[73.7132,34.731145,0.0],[73.713434,34.731457,0.0],[73.713452,34.731481,0.0],[73.713857,34.731552,0.0],[73.71418,34.731555,0.0],[73.714319,34.731225,0.0],[73.714815,34.731129,0.0],[73.715308,34.731185,0.0],[73.715675,34.731444,0.0],[73.71573,34.731852,0.0],[73.715786,34.732261,0.0],[73.715717,34.732668,0.0],[73.715404,34.732971,0.0],[73.71508,34.732891,0.0],[73.714973,34.732864,0.0],[73.71448,34.732757,0.0],[73.714046,34.732855,0.0],[73.714164,34.733213,0.0],[73.714407,34.733521,0.0],[73.714649,34.73383,0.0],[73.714892,34.734139,0.0],[73.715071,34.734498,0.0],[73.715375,34.734807,0.0],[73.715806,34.734913,0.0],[73.7163,34.73497,0.0],[73.716734,34.734872,0.0],[73.717168,34.734775,0.0],[73.717504,34.734595,0.0],[73.717858,34.734576,0.0],[73.718302,34.734581,0.0],[73.718746,34.734585,0.0],[73.719189,34.73459,0.0],[73.719633,34.734623,0.0]]]}},{"type":"Feature","properties":{"rgi_id":"RGI2000-v7.0-G-14-25112","o1region":"14"},"geometry":{"type":"Polygon","coordinates":[[[73.71681,34.718929,0.0],[73.716873,34.719296,0.0],[73.716867,34.719662,0.0],[73.716793,34.720028,0.0],[73.716719,34.720393,0.0],[73.716308,34.72053,0.0],[73.715865,34.720469,0.0],[73.715527,34.720212,0.0],[73.715362,34.719872,0.0],[73.715231,34.719504,0.0],[73.715232,34.719476,0.0],[73.71521,34.718686,0.0],[73.715181,34.71832,0.0],[73.715187,34.717953,0.0],[73.715159,34.717558,0.0],[73.715164,34.717192,0.0],[73.715136,34.716825,0.0],[73.715108,34.716459,0.0],[73.715079,34.716092,0.0],[73.715051,34.715697,0.0],[73.715023,34.715302,0.0],[73.714995,34.714936,0.0],[73.715,34.714569,0.0],[73.715006,34.714175,0.0],[73.715012,34.71378,0.0],[73.71495,34.713413,0.0],[73.714887,34.713046,0.0],[73.714791,34.712679,0.0],[73.71466,34.712311,0.0],[73.714426,34.711998,0.0],[73.714088,34.711741,0.0],[73.713751,34.711512,0.0],[73.713275,34.711394,0.0],[73.712868,34.711193,0.0],[73.712496,34.710991,0.0],[73.712054,34.710874,0.0],[73.711641,34.711067,0.0],[73.711263,34.71126,0.0],[73.710817,34.711425,0.0],[73.710438,34.711618,0.0],[73.710026,34.711811,0.0],[73.709579,34.712003,0.0],[73.709234,34.712225,0.0],[73.709058,34.712562,0.0],[73.708916,34.712926,0.0],[73.70891,34.713293,0.0],[73.708905,34.713659,0.0],[73.708933,34.714026,0.0],[73.708996,34.714393,0.0],[73.709195,34.714733,0.0],[73.709429,34.715074,0.0],[73.709428,34.715102,0.0],[73.709757,34.715895,0.0],[73.709854,34.716262,0.0],[73.710054,34.716603,0.0],[73.710048,34.716969,0.0],[73.709603,34.717049,0.0],[73.709335,34.716736,0.0],[73.708997,34.716507,0.0],[73.708652,34.716757,0.0],[73.708408,34.717092,0.0],[73.70813,34.717371,0.0],[73.707718,34.717508,0.0],[73.707277,34.71739,0.0],[73.706939,34.717161,0.0],[73.706494,34.717213,0.0],[73.706082,34.717378,0.0],[73.705974,34.717743,0.0],[73.705798,34.718108,0.0],[73.705621,34.718472,0.0],[73.705513,34.718837,0.0],[73.705542,34.719204,0.0],[73.705536,34.71957,0.0],[73.70553,34.719937,0.0],[73.705593,34.720304,0.0],[73.705724,34.720672,0.0],[73.705958,34.720984,0.0],[73.706295,34.721213,0.0],[73.706668,34.721414,0.0],[73.707075,34.72156,0.0],[73.707482,34.721705,0.0],[73.707855,34.721906,0.0],[73.708262,34.722051,0.0],[73.708704,34.722169,0.0],[73.709147,34.722202,0.0],[73.70959,34.722263,0.0],[73.710135,34.722325,0.0],[73.710578,34.722386,0.0],[73.711021,34.722419,0.0],[73.711499,34.722452,0.0],[73.711942,34.722513,0.0],[73.712384,34.722631,0.0],[73.712791,34.722776,0.0],[73.713268,34.722809,0.0],[73.713712,34.722842,0.0],[73.714154,34.722931,0.0],[73.714561,34.723076,0.0],[73.715003,34.723194,0.0],[73.715445,34.723339,0.0],[73.715887,34.723429,0.0],[73.716329,34.723546,0.0],[73.716771,34.723691,0.0],[73.717213,34.723809,0.0],[73.717655,34.723898,0.0],[73.718132,34.723959,0.0],[73.718575,34.723992,0.0],[73.719019,34.724025,0.0],[73.719462,34.72403,0.0],[73.719906,34.724006,0.0],[73.720351,34.723955,0.0],[73.720797,34.72379,0.0],[73.721176,34.723597,0.0],[73.721554,34.723404,0.0],[73.721966,34.723239,0.0],[73.722345,34.723045,0.0],[73.722379,34.723046,0.0],[73.722154,34.72217,0.0],[73.721885,34.721885,0.0],[73.721548,34.7216,0.0],[73.721245,34.721315,0.0],[73.720839,34.721085,0.0],[73.720536,34.7208,0.0],[73.720234,34.720487,0.0],[73.719896,34.720229,0.0],[73.719662,34.719917,0.0],[73.719497,34.719549,0.0],[73.719503,34.719182,0.0],[73.719509,34.718816,0.0],[73.719446,34.718449,0.0],[73.719281,34.718109,0.0],[73.718836,34.718133,0.0],[73.718391,34.718241,0.0],[73.717948,34.71818,0.0],[73.71768,34.717867,0.0],[73.717446,34.717554,0.0],[73.717178,34.717241,0.0],[73.716702,34.717096,0.0],[73.716257,34.717175,0.0],[73.716149,34.717541,0.0],[73.716177,34.717907,0.0],[73.716342,34.718276,0.0],[73.716576,34.718616,0.0],[73.71681,34.718929,0.0]]]}},{"type":"Feature","properties":{"rgi_id":"RGI2000-v7.0-G-14-25113","o1region":"14"},"geometry":{"type":"Polygon","coordinates":[[[73.703813,34.718425,0.0],[73.704063,34.717723,0.0],[73.704063,34.717695,0.0],[73.704069,34.717328,0.0],[73.704075,34.716962,0.0],[73.704114,34.716596,0.0],[73.70412,34.71623,0.0],[73.704092,34.715863,0.0],[73.703927,34.715495,0.0],[73.703659,34.715182,0.0],[73.703321,34.714953,0.0],[73.702983,34.714724,0.0],[73.702541,34.714634,0.0],[73.702098,34.714601,0.0],[73.701654,34.714597,0.0],[73.701309,34.714819,0.0],[73.700964,34.715097,0.0],[73.700686,34.715376,0.0],[73.700408,34.715683,0.0],[73.700232,34.716047,0.0],[73.700157,34.716469,0.0],[73.700219,34.716864,0.0],[73.700453,34.717177,0.0],[73.700721,34.71749,0.0],[73.700955,34.717802,0.0],[73.701258,34.718087,0.0],[73.70163,34.718317,0.0],[73.702037,34.718462,0.0],[73.70248,34.718551,0.0],[73.702923,34.718556,0.0],[73.703367,34.718533,0.0],[73.703813,34.718425,0.0]]]}},{"type":"Feature","properties":{"rgi_id":"RGI2000-v7.0-G-14-25114","o1region":"14"},"geometry":{"type":"Polygon","coordinates":[[[73.700649,34.713374,0.0],[73.700932,34.712757,0.0],[73.700732,34.712417,0.0],[73.70029,34.712356,0.0],[73.699883,34.712182,0.0],[73.699476,34.712009,0.0],[73.699034,34.711891,0.0],[73.698662,34.711662,0.0],[73.698428,34.711349,0.0],[73.698056,34.711148,0.0],[73.69761,34.711256,0.0],[73.697199,34.711393,0.0],[73.696787,34.711557,0.0],[73.696374,34.711722,0.0],[73.695996,34.711915,0.0],[73.695922,34.712309,0.0],[73.696224,34.712594,0.0],[73.696493,34.712879,0.0],[73.696831,34.713108,0.0],[73.697168,34.713337,0.0],[73.697574,34.713567,0.0],[73.697981,34.71374,0.0],[73.698458,34.713773,0.0],[73.698902,34.713778,0.0],[73.699346,34.713783,0.0],[73.699757,34.713646,0.0],[73.700203,34.71351,0.0],[73.700615,34.713374,0.0],[73.700649,34.713374,0.0]]]}},{"type":"Feature","properties":{"rgi_id":"RGI2000-v7.0-G-14-25115","o1region":"14"},"geometry":{"type":"Polygon","coordinates":[[[73.697625,34.724213,0.0],[73.697687,34.724163,0.0],[73.698121,34.724066,0.0],[73.698435,34.723763,0.0],[73.69887,34.723615,0.0],[73.699424,34.723723,0.0],[73.699917,34.723779,0.0],[73.700472,34.723836,0.0],[73.701027,34.723893,0.0],[73.701521,34.723949,0.0],[73.701772,34.723646,0.0],[73.701779,34.723238,0.0],[73.701908,34.722882,0.0],[73.702402,34.722887,0.0],[73.702897,34.722842,0.0],[73.702779,34.722483,0.0],[73.702349,34.722326,0.0],[73.701982,34.722118,0.0],[73.701988,34.72171,0.0],[73.702546,34.721614,0.0],[73.70304,34.721568,0.0],[73.703408,34.721776,0.0],[73.703526,34.722134,0.0],[73.703705,34.722493,0.0],[73.703947,34.722853,0.0],[73.704189,34.723161,0.0],[73.704744,34.723218,0.0],[73.705058,34.722916,0.0],[73.704878,34.722557,0.0],[73.704636,34.722248,0.0],[73.70427,34.721938,0.0],[73.703905,34.721577,0.0],[73.703663,34.721269,0.0],[73.703359,34.720959,0.0],[73.703055,34.72065,0.0],[73.702751,34.720341,0.0],[73.702322,34.720132,0.0],[73.701705,34.720075,0.0],[73.701211,34.720018,0.0],[73.700719,34.719911,0.0],[73.700288,34.719805,0.0],[73.699858,34.719647,0.0],[73.699365,34.719591,0.0],[73.698871,34.719585,0.0],[73.698803,34.719993,0.0],[73.698674,34.720348,0.0],[73.699041,34.720556,0.0],[73.699345,34.720866,0.0],[73.699525,34.721225,0.0],[73.699334,34.72158,0.0],[73.698898,34.721779,0.0],[73.698525,34.721979,0.0],[73.698273,34.722282,0.0],[73.698021,34.722586,0.0],[73.697769,34.722889,0.0],[73.697517,34.723192,0.0],[73.697625,34.724213,0.0]]]}},{"type":"Feature","properties":{"rgi_id":"RGI2000-v7.0-G-14-25116","o1region":"14"},"geometry":{"type":"Polygon","coordinates":[[[73.692666,34.702297,0.0],[73.692432,34.701984,0.0],[73.692335,34.701617,0.0],[73.69278,34.701537,0.0],[73.693225,34.701485,0.0],[73.693636,34.701349,0.0],[73.693881,34.701013,0.0],[73.694023,34.700648,0.0],[73.694165,34.700283,0.0],[73.694205,34.699917,0.0],[73.694211,34.699551,0.0],[73.694216,34.699185,0.0],[73.694222,34.698818,0.0],[73.694228,34.698452,0.0],[73.69396,34.698139,0.0],[73.693518,34.698022,0.0],[73.69325,34.697737,0.0],[73.693084,34.697397,0.0],[73.692816,34.697112,0.0],[73.692303,34.697163,0.0],[73.691858,34.697243,0.0],[73.691446,34.697436,0.0],[73.691101,34.697658,0.0],[73.690658,34.697625,0.0],[73.690561,34.697257,0.0],[73.690771,34.696921,0.0],[73.691015,34.696586,0.0],[73.691922,34.695383,0.0],[73.691957,34.695327,0.0],[73.692301,34.695106,0.0],[73.692713,34.694941,0.0],[73.693125,34.694776,0.0],[73.693538,34.694583,0.0],[73.693916,34.69439,0.0],[73.694261,34.694168,0.0],[73.694573,34.69389,0.0],[73.694917,34.693668,0.0],[73.695262,34.693446,0.0],[73.695539,34.693167,0.0],[73.695682,34.692803,0.0],[73.695687,34.692436,0.0],[73.695694,34.692042,0.0],[73.695699,34.691675,0.0],[73.695637,34.691308,0.0],[73.695196,34.691134,0.0],[73.694754,34.691045,0.0],[73.69431,34.69104,0.0],[73.693867,34.691036,0.0],[73.693423,34.691031,0.0],[73.692978,34.691139,0.0],[73.692633,34.691361,0.0],[73.692221,34.691554,0.0],[73.691775,34.691718,0.0],[73.691363,34.691854,0.0],[73.690918,34.691934,0.0],[73.690473,34.692014,0.0],[73.690028,34.692122,0.0],[73.689548,34.692258,0.0],[73.689136,34.692394,0.0],[73.688725,34.692531,0.0],[73.688279,34.692639,0.0],[73.687867,34.692803,0.0],[73.687422,34.692911,0.0],[73.686977,34.693019,0.0],[73.686564,34.693212,0.0],[73.686118,34.693404,0.0],[73.685705,34.693569,0.0],[73.685294,34.693706,0.0],[73.684848,34.693842,0.0],[73.684404,34.693893,0.0],[73.68396,34.693888,0.0],[73.683516,34.69394,0.0],[73.683104,34.694077,0.0],[73.682759,34.694326,0.0],[73.682481,34.694605,0.0],[73.682305,34.69497,0.0],[73.682264,34.695392,0.0],[73.682258,34.695787,0.0],[73.682286,34.696153,0.0],[73.682451,34.696493,0.0],[73.682582,34.696861,0.0],[73.682645,34.697228,0.0],[73.682639,34.697595,0.0],[73.682633,34.697989,0.0],[73.68266,34.698384,0.0],[73.682722,34.698779,0.0],[73.682785,34.699146,0.0],[73.682881,34.699514,0.0],[73.683047,34.699854,0.0],[73.683489,34.699943,0.0],[73.683896,34.700117,0.0],[73.683719,34.700481,0.0],[73.683719,34.700509,0.0],[73.683441,34.700788,0.0],[73.68371,34.701073,0.0],[73.684047,34.701302,0.0],[73.684385,34.701559,0.0],[73.684756,34.701789,0.0],[73.6852,34.701822,0.0],[73.685342,34.701457,0.0],[73.685416,34.701091,0.0],[73.685422,34.700725,0.0],[73.685598,34.700389,0.0],[73.68601,34.700224,0.0],[73.686454,34.700201,0.0],[73.686897,34.700205,0.0],[73.687341,34.70021,0.0],[73.687818,34.700272,0.0],[73.688259,34.700389,0.0],[73.688322,34.700756,0.0],[73.688248,34.701122,0.0],[73.687971,34.701401,0.0],[73.687693,34.70168,0.0],[73.687551,34.702044,0.0],[73.687511,34.70241,0.0],[73.687471,34.702776,0.0],[73.687295,34.703141,0.0],[73.686949,34.703419,0.0],[73.686503,34.703555,0.0],[73.686059,34.703607,0.0],[73.685614,34.703658,0.0],[73.685202,34.703795,0.0],[73.684925,34.704074,0.0],[73.685159,34.704386,0.0],[73.685531,34.704587,0.0],[73.685869,34.704817,0.0],[73.686207,34.705046,0.0],[73.686475,34.70533,0.0],[73.686743,34.705643,0.0],[73.687046,34.705928,0.0],[73.687348,34.706214,0.0],[73.687582,34.706526,0.0],[73.687645,34.706893,0.0],[73.687537,34.707258,0.0],[73.687158,34.707452,0.0],[73.686713,34.707531,0.0],[73.686537,34.707868,0.0],[73.686566,34.708234,0.0],[73.6868,34.708547,0.0],[73.687505,34.709259,0.0],[73.687573,34.709288,0.0],[73.687841,34.709601,0.0],[73.688179,34.70983,0.0],[73.688516,34.710087,0.0],[73.688888,34.710289,0.0],[73.689397,34.710491,0.0],[73.689769,34.710693,0.0],[73.690177,34.710838,0.0],[73.690653,34.710928,0.0],[73.691097,34.710933,0.0],[73.69154,34.710937,0.0],[73.692018,34.710942,0.0],[73.692496,34.710948,0.0],[73.69294,34.710924,0.0],[73.693419,34.710845,0.0],[73.693897,34.710822,0.0],[73.694341,34.710798,0.0],[73.694821,34.710691,0.0],[73.695266,34.710611,0.0],[73.695611,34.710333,0.0],[73.695821,34.709997,0.0],[73.695929,34.709631,0.0],[73.695969,34.709266,0.0],[73.69601,34.708871,0.0],[73.696016,34.708477,0.0],[73.696022,34.70811,0.0],[73.696027,34.707744,0.0],[73.696067,34.707378,0.0],[73.696141,34.707013,0.0],[73.696351,34.706677,0.0],[73.696595,34.706369,0.0],[73.696771,34.706033,0.0],[73.696947,34.705668,0.0],[73.697198,34.705356,0.0],[73.697262,34.705193,0.0],[73.697438,34.704856,0.0],[73.697648,34.70452,0.0],[73.697892,34.704213,0.0],[73.698034,34.703848,0.0],[73.698311,34.703569,0.0],[73.698656,34.703319,0.0],[73.698968,34.703041,0.0],[73.699245,34.702762,0.0],[73.699316,34.702627,0.0],[73.699319,34.702396,0.0],[73.699325,34.70203,0.0],[73.699297,34.701663,0.0],[73.699028,34.701378,0.0],[73.698622,34.701177,0.0],[73.698214,34.701031,0.0],[73.697773,34.700914,0.0],[73.69733,34.700825,0.0],[73.696819,34.700819,0.0],[73.696305,34.700898,0.0],[73.695893,34.701063,0.0],[73.695481,34.701228,0.0],[73.695103,34.701421,0.0],[73.694691,34.701586,0.0],[73.694312,34.701779,0.0],[73.693934,34.701972,0.0],[73.693521,34.702193,0.0],[73.693109,34.70233,0.0],[73.692666,34.702297,0.0]]]}},{"type":"Feature","properties":{"rgi_id":"RGI2000-v7.0-G-14-25117","o1region":"14"},"geometry":{"type":"Polygon","coordinates":[[[73.682792,34.691814,0.0],[73.683095,34.692099,0.0],[73.683807,34.692389,0.0],[73.683806,34.692417,0.0],[73.684144,34.692646,0.0],[73.684551,34.692791,0.0],[73.684994,34.692824,0.0],[73.685272,34.692517,0.0],[73.685448,34.692181,0.0],[73.685725,34.691902,0.0],[73.686037,34.691624,0.0],[73.686382,34.691402,0.0],[73.686558,34.691038,0.0],[73.686564,34.690671,0.0],[73.686536,34.690276,0.0],[73.686542,34.68991,0.0],[73.686513,34.689543,0.0],[73.686417,34.689176,0.0],[73.686148,34.688891,0.0],[73.685705,34.688886,0.0],[73.68536,34.689108,0.0],[73.685083,34.689387,0.0],[73.684839,34.689694,0.0],[73.684396,34.689661,0.0],[73.683989,34.689516,0.0],[73.683544,34.689624,0.0],[73.683198,34.689902,0.0],[73.682853,34.690152,0.0],[73.682575,34.690431,0.0],[73.682433,34.690796,0.0],[73.682393,34.691162,0.0],[73.682524,34.691529,0.0],[73.682792,34.691814,0.0]]]}},{"type":"Feature","properties":{"rgi_id":"RGI2000-v7.0-G-14-25118","o1region":"14"},"geometry":{"type":"Polygon","coordinates":[[[73.665424,34.69661,0.0],[73.665082,34.696886,0.0],[73.664787,34.697202,0.0],[73.664588,34.697558,0.0],[73.664437,34.697916,0.0],[73.664335,34.698273,0.0],[73.664378,34.698633,0.0],[73.664858,34.698758,0.0],[73.665294,34.698723,0.0],[73.665635,34.698487,0.0],[73.666025,34.698252,0.0],[73.666367,34.698016,0.0],[73.66671,34.697741,0.0],[73.667051,34.697506,0.0],[73.66749,34.697271,0.0],[73.667927,34.697116,0.0],[73.668363,34.697001,0.0],[73.668799,34.696926,0.0],[73.669233,34.696971,0.0],[73.669665,34.697095,0.0],[73.670097,34.6973,0.0],[73.670431,34.697542,0.0],[73.670911,34.697707,0.0],[73.671393,34.697792,0.0],[73.671826,34.697877,0.0],[73.672062,34.698198,0.0],[73.672105,34.698558,0.0],[73.672098,34.698956,0.0],[73.672092,34.699355,0.0],[73.672134,34.699715,0.0],[73.672273,34.700115,0.0],[73.672412,34.700475,0.0],[73.672599,34.700836,0.0],[73.672885,34.701118,0.0],[73.673318,34.701163,0.0],[73.673798,34.701368,0.0],[73.674229,34.701572,0.0],[73.674661,34.701776,0.0],[73.675095,34.70182,0.0],[73.675626,34.701826,0.0],[73.676063,34.701632,0.0],[73.67631,34.701315,0.0],[73.676509,34.700958,0.0],[73.676563,34.7006,0.0],[73.676569,34.700201,0.0],[73.676576,34.699763,0.0],[73.676389,34.699402,0.0],[73.676152,34.69908,0.0],[73.675867,34.698798,0.0],[73.675485,34.698555,0.0],[73.675199,34.698272,0.0],[73.674914,34.69799,0.0],[73.674727,34.697629,0.0],[73.674782,34.697191,0.0],[73.674836,34.696833,0.0],[73.674843,34.696394,0.0],[73.674801,34.695995,0.0],[73.67471,34.695635,0.0],[73.674571,34.695275,0.0],[73.674432,34.694914,0.0],[73.674148,34.694592,0.0],[73.673862,34.69431,0.0],[73.673577,34.694027,0.0],[73.673244,34.693745,0.0],[73.672958,34.693462,0.0],[73.672674,34.69314,0.0],[73.672389,34.692858,0.0],[73.672055,34.692615,0.0],[73.671623,34.692411,0.0],[73.67101,34.691527,0.0],[73.671009,34.691567,0.0],[73.670478,34.691561,0.0],[73.670089,34.691756,0.0],[73.669699,34.691951,0.0],[73.669264,34.692026,0.0],[73.668831,34.691942,0.0],[73.668398,34.691817,0.0],[73.667965,34.691693,0.0],[73.667483,34.691688,0.0],[73.666952,34.691682,0.0],[73.666421,34.691676,0.0],[73.665987,34.691632,0.0],[73.665554,34.691547,0.0],[73.665122,34.691383,0.0],[73.664689,34.691298,0.0],[73.664538,34.691656,0.0],[73.664677,34.692016,0.0],[73.66501,34.692299,0.0],[73.665296,34.692581,0.0],[73.66558,34.692903,0.0],[73.665816,34.693225,0.0],[73.666101,34.693547,0.0],[73.666337,34.693869,0.0],[73.666622,34.694191,0.0],[73.666809,34.694552,0.0],[73.666755,34.69491,0.0],[73.666508,34.695266,0.0],[73.666261,34.695583,0.0],[73.666014,34.695939,0.0],[73.665719,34.696295,0.0],[73.665424,34.69661,0.0]]]}},{"type":"Feature","properties":{"rgi_id":"RGI2000-v7.0-G-14-25119","o1region":"14"},"geometry":{"type":"Polygon","coordinates":[[[73.659587,34.681312,0.0],[73.659586,34.681352,0.0],[73.659629,34.681712,0.0],[73.659671,34.682071,0.0],[73.659665,34.68247,0.0],[73.659514,34.682827,0.0],[73.659364,34.683184,0.0],[73.659165,34.683541,0.0],[73.658917,34.683937,0.0],[73.658815,34.684295,0.0],[73.658808,34.684694,0.0],[73.658849,34.685133,0.0],[73.659329,34.685337,0.0],[73.659955,34.685424,0.0],[73.660438,34.685429,0.0],[73.660874,34.685354,0.0],[73.661168,34.685039,0.0],[73.661367,34.684682,0.0],[73.661422,34.684244,0.0],[73.661429,34.683845,0.0],[73.661435,34.683446,0.0],[73.661393,34.683087,0.0],[73.661302,34.682727,0.0],[73.661163,34.682367,0.0],[73.660927,34.682045,0.0],[73.660691,34.681723,0.0],[73.660308,34.68152,0.0],[73.659587,34.681312,0.0]]]}},{"type":"Feature","properties":{"rgi_id":"RGI2000-v7.0-G-14-25120","o1region":"14"},"geometry":{"type":"Polygon","coordinates":[[[73.686547,34.660641,0.0],[73.686831,34.660943,0.0],[73.687302,34.660918,0.0],[73.687703,34.660743,0.0],[73.688174,34.660748,0.0],[73.688606,34.660873,0.0],[73.689039,34.660997,0.0],[73.689509,34.661002,0.0],[73.690052,34.661008,0.0],[73.690418,34.660772,0.0],[73.690496,34.660414,0.0],[73.690502,34.659996,0.0],[73.690508,34.659607,0.0],[73.690478,34.659218,0.0],[73.690412,34.658828,0.0],[73.690346,34.658409,0.0],[73.690316,34.65802,0.0],[73.690214,34.65763,0.0],[73.69022,34.657241,0.0],[73.690081,34.656851,0.0],[73.689447,34.655767,0.0],[73.689374,34.655766,0.0],[73.689016,34.655523,0.0],[73.688583,34.655459,0.0],[73.688148,34.655514,0.0],[73.687677,34.655539,0.0],[73.687241,34.655654,0.0],[73.686875,34.655889,0.0],[73.686581,34.656185,0.0],[73.686214,34.65645,0.0],[73.685814,34.656595,0.0],[73.685382,34.656441,0.0],[73.68517,34.65611,0.0],[73.684739,34.655926,0.0],[73.684267,34.65601,0.0],[73.683794,34.656125,0.0],[73.683359,34.65621,0.0],[73.682958,34.656385,0.0],[73.682736,34.656712,0.0],[73.682765,34.657161,0.0],[73.683086,34.657463,0.0],[73.683334,34.657765,0.0],[73.683619,34.658067,0.0],[73.683977,34.65834,0.0],[73.684334,34.658613,0.0],[73.684729,34.658827,0.0],[73.685051,34.6591,0.0],[73.685372,34.659402,0.0],[73.685693,34.659675,0.0],[73.686014,34.660007,0.0],[73.686226,34.660338,0.0],[73.686547,34.660641,0.0]]]}},{"type":"Feature","properties":{"rgi_id":"RGI2000-v7.0-G-14-25121","o1region":"14"},"geometry":{"type":"Polygon","coordinates":[[[73.688895,34.651342,0.0],[73.689084,34.650893,0.0],[73.689044,34.650517,0.0],[73.688959,34.65014,0.0],[73.688691,34.649837,0.0],[73.688423,34.649533,0.0],[73.688155,34.64923,0.0],[73.687842,34.648926,0.0],[73.687528,34.648659,0.0],[73.687074,34.648579,0.0],[73.686619,34.648612,0.0],[73.686205,34.648871,0.0],[73.686109,34.649245,0.0],[73.686148,34.649622,0.0],[73.686233,34.649998,0.0],[73.686455,34.650339,0.0],[73.68654,34.650716,0.0],[73.68658,34.651092,0.0],[73.686756,34.651469,0.0],[73.686932,34.65181,0.0],[73.687339,34.651964,0.0],[73.687793,34.652007,0.0],[73.68825,34.651899,0.0],[73.688572,34.651639,0.0],[73.688894,34.65138,0.0],[73.688895,34.651342,0.0]]]}},{"type":"Feature","properties":{"rgi_id":"RGI2000-v7.0-G-14-25122","o1region":"14"},"geometry":{"type":"Polygon","coordinates":[[[73.692441,34.645593,0.0],[73.692402,34.645179,0.0],[73.692317,34.644802,0.0],[73.692095,34.644462,0.0],[73.691828,34.644121,0.0],[73.691468,34.643891,0.0],[73.691061,34.643737,0.0],[73.690608,34.643619,0.0],[73.690155,34.643539,0.0],[73.689701,34.643497,0.0],[73.689247,34.643417,0.0],[73.688795,34.643261,0.0],[73.688342,34.643144,0.0],[73.687935,34.642989,0.0],[73.687482,34.642872,0.0],[73.686983,34.642829,0.0],[73.686528,34.642824,0.0],[73.686074,34.642819,0.0],[73.685619,34.642814,0.0],[73.685207,34.64296,0.0],[73.684885,34.643219,0.0],[73.684608,34.643517,0.0],[73.684693,34.643894,0.0],[73.684738,34.643894,0.0],[73.685191,34.643974,0.0],[73.685598,34.644167,0.0],[73.685958,34.644396,0.0],[73.686363,34.644626,0.0],[73.686723,34.644893,0.0],[73.687037,34.645159,0.0],[73.687397,34.645388,0.0],[73.68785,34.645506,0.0],[73.688304,34.645586,0.0],[73.688756,34.645704,0.0],[73.689163,34.645896,0.0],[73.689569,34.646088,0.0],[73.689976,34.646243,0.0],[73.690383,34.646398,0.0],[73.690743,34.646627,0.0],[73.691103,34.646856,0.0],[73.691325,34.647197,0.0],[73.691364,34.647573,0.0],[73.691495,34.64795,0.0],[73.691809,34.648217,0.0],[73.692263,34.648259,0.0],[73.69245,34.647923,0.0],[73.692502,34.647548,0.0],[73.692508,34.647172,0.0],[73.692468,34.646796,0.0],[73.692429,34.646382,0.0],[73.692436,34.645969,0.0],[73.692441,34.645593,0.0]]]}},{"type":"Feature","properties":{"rgi_id":"RGI2000-v7.0-G-14-25123","o1region":"14"},"geometry":{"type":"Polygon","coordinates":[[[73.695091,34.640435,0.0],[73.695536,34.640327,0.0],[73.695948,34.640191,0.0],[73.69636,34.640026,0.0],[73.696739,34.639777,0.0],[73.697016,34.639498,0.0],[73.697361,34.639219,0.0],[73.697706,34.638969,0.0],[73.698051,34.638719,0.0],[73.698352,34.638453,0.0],[73.698363,34.638413,0.0],[73.698368,34.638046,0.0],[73.698374,34.63768,0.0],[73.698378,34.637441,0.0],[73.698175,34.63734,0.0],[73.697732,34.637307,0.0],[73.697326,34.637133,0.0],[73.696989,34.636876,0.0],[73.696545,34.6369,0.0],[73.696102,34.636895,0.0],[73.695658,34.63689,0.0],[73.695214,34.636942,0.0],[73.694971,34.637249,0.0],[73.695136,34.637589,0.0],[73.695404,34.637874,0.0],[73.695229,34.63821,0.0],[73.694917,34.638489,0.0],[73.694505,34.638653,0.0],[73.694061,34.638733,0.0],[73.693615,34.638869,0.0],[73.693237,34.639091,0.0],[73.692993,34.639398,0.0],[73.692851,34.639763,0.0],[73.692845,34.640129,0.0],[73.692942,34.640497,0.0],[73.693314,34.640698,0.0],[73.693758,34.640675,0.0],[73.694202,34.640623,0.0],[73.694646,34.640543,0.0],[73.695091,34.640435,0.0]]]}},{"type":"Feature","properties":{"rgi_id":"RGI2000-v7.0-G-14-25124","o1region":"14"},"geometry":{"type":"Polygon","coordinates":[[[73.689468,34.635894,0.0],[73.689667,34.636234,0.0],[73.689798,34.636602,0.0],[73.689792,34.636968,0.0],[73.689854,34.637335,0.0],[73.69002,34.637675,0.0],[73.691213,34.637688,0.0],[73.691281,34.637689,0.0],[73.691525,34.637353,0.0],[73.691735,34.637017,0.0],[73.691775,34.636651,0.0],[73.691746,34.636284,0.0],[73.691616,34.635917,0.0],[73.691417,34.635576,0.0],[73.691183,34.635264,0.0],[73.690949,34.634951,0.0],[73.690579,34.634637,0.0],[73.690242,34.634352,0.0],[73.689801,34.634234,0.0],[73.689325,34.634145,0.0],[73.688883,34.634083,0.0],[73.688511,34.633882,0.0],[73.688173,34.633653,0.0],[73.687836,34.633424,0.0],[73.687394,34.633306,0.0],[73.686983,34.633471,0.0],[73.686705,34.63375,0.0],[73.68653,34.634086,0.0],[73.686524,34.634453,0.0],[73.686723,34.634793,0.0],[73.6872,34.634826,0.0],[73.687644,34.634803,0.0],[73.688051,34.634948,0.0],[73.688387,34.635206,0.0],[73.688724,34.635463,0.0],[73.689096,34.635664,0.0],[73.689468,34.635894,0.0]]]}},{"type":"Feature","properties":{"rgi_id":"RGI2000-v7.0-G-14-25125","o1region":"14"},"geometry":{"type":"Polygon","coordinates":[[[73.684791,34.631869,0.0],[73.684792,34.631841,0.0],[73.685069,34.631562,0.0],[73.685482,34.631341,0.0],[73.685827,34.631091,0.0],[73.686205,34.630898,0.0],[73.686245,34.630532,0.0],[73.686216,34.630165,0.0],[73.685948,34.629881,0.0],[73.685611,34.629651,0.0],[73.685169,34.629534,0.0],[73.684867,34.629249,0.0],[73.68446,34.629103,0.0],[73.684016,34.629155,0.0],[73.683572,34.629178,0.0],[73.683129,34.629202,0.0],[73.682685,34.629225,0.0],[73.682241,34.629305,0.0],[73.681963,34.629584,0.0],[73.681889,34.629949,0.0],[73.681918,34.630316,0.0],[73.682048,34.630684,0.0],[73.682282,34.630997,0.0],[73.682584,34.63131,0.0],[73.68292,34.631595,0.0],[73.683327,34.631769,0.0],[73.68377,34.631802,0.0],[73.684107,34.632031,0.0],[73.684791,34.631869,0.0]]]}},{"type":"Feature","properties":{"rgi_id":"RGI2000-v7.0-G-14-25126","o1region":"14"},"geometry":{"type":"Polygon","coordinates":[[[73.67355,34.632286,0.0],[73.673544,34.632685,0.0],[73.67349,34.633044,0.0],[73.673484,34.633442,0.0],[73.673526,34.633802,0.0],[73.673908,34.634085,0.0],[73.673957,34.634046,0.0],[73.674391,34.63401,0.0],[73.674874,34.634016,0.0],[73.675357,34.633981,0.0],[73.675839,34.633986,0.0],[73.676855,34.633838,0.0],[73.677244,34.633603,0.0],[73.677491,34.633286,0.0],[73.677593,34.632929,0.0],[73.677357,34.632607,0.0],[73.677072,34.632325,0.0],[73.676933,34.631964,0.0],[73.676939,34.631566,0.0],[73.676946,34.631127,0.0],[73.676903,34.630768,0.0],[73.676764,34.630407,0.0],[73.676431,34.630124,0.0],[73.676097,34.629881,0.0],[73.675715,34.629678,0.0],[73.675282,34.629554,0.0],[73.67485,34.629429,0.0],[73.674368,34.629424,0.0],[73.674026,34.62966,0.0],[73.673876,34.630017,0.0],[73.67387,34.630416,0.0],[73.673815,34.630814,0.0],[73.673761,34.631172,0.0],[73.673707,34.63153,0.0],[73.673557,34.631888,0.0],[73.67355,34.632286,0.0]]]}},{"type":"Feature","properties":{"rgi_id":"RGI2000-v7.0-G-14-25127","o1region":"14"},"geometry":{"type":"Polygon","coordinates":[[[73.670653,34.628699,0.0],[73.670659,34.6283,0.0],[73.670617,34.627941,0.0],[73.670575,34.627542,0.0],[73.670532,34.627182,0.0],[73.670539,34.626744,0.0],[73.670546,34.626345,0.0],[73.670599,34.625987,0.0],[73.670702,34.625629,0.0],[73.670756,34.625271,0.0],[73.670762,34.624872,0.0],[73.670768,34.624473,0.0],[73.670822,34.624115,0.0],[73.670973,34.623758,0.0],[73.671075,34.6234,0.0],[73.671129,34.623041,0.0],[73.671135,34.622643,0.0],[73.671093,34.622283,0.0],[73.670809,34.621921,0.0],[73.670376,34.621877,0.0],[73.669943,34.621752,0.0],[73.669511,34.621628,0.0],[73.669078,34.621583,0.0],[73.668736,34.621859,0.0],[73.668442,34.622135,0.0],[73.668435,34.622533,0.0],[73.668672,34.622855,0.0],[73.668908,34.623177,0.0],[73.669143,34.623538,0.0],[73.669233,34.623938,0.0],[73.669227,34.624337,0.0],[73.66922,34.624735,0.0],[73.668927,34.625011,0.0],[73.668494,34.624927,0.0],[73.66816,34.624684,0.0],[73.667826,34.624441,0.0],[73.66759,34.624119,0.0],[73.667354,34.623798,0.0],[73.666922,34.623634,0.0],[73.666054,34.623624,0.0],[73.666006,34.623624,0.0],[73.665807,34.62398,0.0],[73.665705,34.624338,0.0],[73.665699,34.624737,0.0],[73.665692,34.625136,0.0],[73.665783,34.625495,0.0],[73.66597,34.625856,0.0],[73.666109,34.626217,0.0],[73.666152,34.626576,0.0],[73.666339,34.626937,0.0],[73.666623,34.627259,0.0],[73.666908,34.627542,0.0],[73.667095,34.627903,0.0],[73.667234,34.628263,0.0],[73.667373,34.628663,0.0],[73.667463,34.629023,0.0],[73.667505,34.629422,0.0],[73.667498,34.629861,0.0],[73.667589,34.630221,0.0],[73.667776,34.630622,0.0],[73.66806,34.630904,0.0],[73.668394,34.631147,0.0],[73.668777,34.631351,0.0],[73.669211,34.631395,0.0],[73.669649,34.631161,0.0],[73.669942,34.630885,0.0],[73.670093,34.630527,0.0],[73.670244,34.63013,0.0],[73.670346,34.629773,0.0],[73.670497,34.629415,0.0],[73.670599,34.629057,0.0],[73.670653,34.628699,0.0]]]}},{"type":"Feature","properties":{"rgi_id":"RGI2000-v7.0-G-14-25128","o1region":"14"},"geometry":{"type":"Polygon","coordinates":[[[73.662849,34.624945,0.0],[73.662843,34.625344,0.0],[73.662692,34.625701,0.0],[73.662302,34.625936,0.0],[73.66196,34.626211,0.0],[73.661858,34.626569,0.0],[73.661901,34.626928,0.0],[73.662137,34.62725,0.0],[73.66247,34.627493,0.0],[73.662853,34.627697,0.0],[73.663186,34.627979,0.0],[73.663471,34.628302,0.0],[73.663907,34.628187,0.0],[73.664105,34.62783,0.0],[73.664208,34.627472,0.0],[73.664262,34.627114,0.0],[73.664316,34.626716,0.0],[73.664323,34.626277,0.0],[73.664281,34.625918,0.0],[73.664238,34.625558,0.0],[73.664147,34.625198,0.0],[73.664009,34.624838,0.0],[73.663918,34.624478,0.0],[73.664164,34.624162,0.0],[73.664498,34.624405,0.0],[73.664887,34.624209,0.0],[73.664893,34.623811,0.0],[73.664947,34.623452,0.0],[73.665001,34.623094,0.0],[73.665104,34.622736,0.0],[73.665158,34.622378,0.0],[73.66526,34.62202,0.0],[73.665314,34.621662,0.0],[73.665416,34.621304,0.0],[73.665662,34.620988,0.0],[73.665956,34.620712,0.0],[73.666298,34.620476,0.0],[73.666734,34.620321,0.0],[73.66717,34.620246,0.0],[73.667606,34.620132,0.0],[73.668042,34.619977,0.0],[73.668527,34.619823,0.0],[73.668917,34.619588,0.0],[73.669306,34.619353,0.0],[73.669505,34.618996,0.0],[73.669559,34.618637,0.0],[73.669613,34.618279,0.0],[73.669434,34.6174,0.0],[73.669289,34.617398,0.0],[73.668807,34.617393,0.0],[73.668325,34.617388,0.0],[73.667842,34.617382,0.0],[73.667408,34.617418,0.0],[73.666972,34.617493,0.0],[73.666537,34.617568,0.0],[73.6661,34.617762,0.0],[73.665711,34.617957,0.0],[73.665369,34.618193,0.0],[73.66498,34.618428,0.0],[73.664589,34.618703,0.0],[73.664248,34.618938,0.0],[73.663954,34.619214,0.0],[73.663612,34.61949,0.0],[73.663222,34.619725,0.0],[73.662832,34.61996,0.0],[73.662491,34.620195,0.0],[73.662197,34.620471,0.0],[73.661998,34.620828,0.0],[73.661944,34.621186,0.0],[73.661938,34.621585,0.0],[73.662017,34.622663,0.0],[73.662016,34.622742,0.0],[73.662155,34.623103,0.0],[73.662246,34.623463,0.0],[73.662336,34.623823,0.0],[73.662475,34.624183,0.0],[73.662662,34.624544,0.0],[73.662849,34.624945,0.0]]]}},{"type":"Feature","properties":{"rgi_id":"RGI2000-v7.0-G-14-25129","o1region":"14"},"geometry":{"type":"Polygon","coordinates":[[[73.656099,34.624412,0.0],[73.656535,34.624297,0.0],[73.656972,34.624142,0.0],[73.657409,34.623948,0.0],[73.657703,34.623672,0.0],[73.657704,34.623632,0.0],[73.657378,34.622871,0.0],[73.657239,34.62251,0.0],[73.657342,34.622152,0.0],[73.657588,34.621836,0.0],[73.65769,34.621478,0.0],[73.657744,34.62112,0.0],[73.657654,34.62076,0.0],[73.657515,34.6204,0.0],[73.657279,34.620078,0.0],[73.656846,34.619993,0.0],[73.656411,34.620029,0.0],[73.655975,34.620143,0.0],[73.655634,34.620379,0.0],[73.655196,34.620573,0.0],[73.654759,34.620768,0.0],[73.654369,34.621003,0.0],[73.654267,34.621361,0.0],[73.654213,34.621719,0.0],[73.654111,34.622077,0.0],[73.653912,34.622434,0.0],[73.653761,34.622791,0.0],[73.653611,34.623148,0.0],[73.653605,34.623547,0.0],[73.653695,34.623907,0.0],[73.653931,34.624228,0.0],[73.654265,34.624471,0.0],[73.654747,34.624517,0.0],[73.655229,34.624522,0.0],[73.655664,34.624447,0.0],[73.656099,34.624412,0.0]]]}},{"type":"Feature","properties":{"rgi_id":"RGI2000-v7.0-G-14-25130","o1region":"14"},"geometry":{"type":"Polygon","coordinates":[[[73.64603,34.607344,0.0],[73.645978,34.607719,0.0],[73.646108,34.608096,0.0],[73.646285,34.608436,0.0],[73.646644,34.608704,0.0],[73.646958,34.60897,0.0],[73.647224,34.609349,0.0],[73.647355,34.609726,0.0],[73.647394,34.610102,0.0],[73.647388,34.610478,0.0],[73.647019,34.610812,0.0],[73.646973,34.610812,0.0],[73.646786,34.611185,0.0],[73.646689,34.61156,0.0],[73.646546,34.611934,0.0],[73.646178,34.612231,0.0],[73.64581,34.61249,0.0],[73.645532,34.612787,0.0],[73.645435,34.613162,0.0],[73.645429,34.613538,0.0],[73.645651,34.613879,0.0],[73.645919,34.614182,0.0],[73.646278,34.614449,0.0],[73.646638,34.614679,0.0],[73.646951,34.614983,0.0],[73.647219,34.615286,0.0],[73.647486,34.615628,0.0],[73.647846,34.615857,0.0],[73.648204,34.616199,0.0],[73.648289,34.616576,0.0],[73.648283,34.616952,0.0],[73.648322,34.617328,0.0],[73.648316,34.617704,0.0],[73.648356,34.61808,0.0],[73.648349,34.618493,0.0],[73.648388,34.618907,0.0],[73.648381,34.619283,0.0],[73.648466,34.619659,0.0],[73.648551,34.620036,0.0],[73.648636,34.620413,0.0],[73.648766,34.62079,0.0],[73.648988,34.621131,0.0],[73.649347,34.621398,0.0],[73.649707,34.621627,0.0],[73.650067,34.621857,0.0],[73.650521,34.621899,0.0],[73.650933,34.621716,0.0],[73.651393,34.621421,0.0],[73.651715,34.621161,0.0],[73.652039,34.620826,0.0],[73.652317,34.620491,0.0],[73.652549,34.620156,0.0],[73.652782,34.61982,0.0],[73.652969,34.619484,0.0],[73.653157,34.619148,0.0],[73.653389,34.618812,0.0],[73.653622,34.618476,0.0],[73.6539,34.618179,0.0],[73.654177,34.617881,0.0],[73.654455,34.617584,0.0],[73.654688,34.61721,0.0],[73.655012,34.616876,0.0],[73.655334,34.616616,0.0],[73.655701,34.616395,0.0],[73.656024,34.616135,0.0],[73.656391,34.615914,0.0],[73.656714,34.615617,0.0],[73.657036,34.615357,0.0],[73.657314,34.615022,0.0],[73.657682,34.614763,0.0],[73.658095,34.614542,0.0],[73.658507,34.614359,0.0],[73.658963,34.614251,0.0],[73.659418,34.614256,0.0],[73.659872,34.614261,0.0],[73.660094,34.614602,0.0],[73.660088,34.614977,0.0],[73.65981,34.615275,0.0],[73.659398,34.615458,0.0],[73.658986,34.615679,0.0],[73.658529,34.615825,0.0],[73.658074,34.615857,0.0],[73.657662,34.616003,0.0],[73.65725,34.616186,0.0],[73.657017,34.616522,0.0],[73.65692,34.616897,0.0],[73.656824,34.617272,0.0],[73.656727,34.617646,0.0],[73.656584,34.61802,0.0],[73.657038,34.618063,0.0],[73.657493,34.618068,0.0],[73.657947,34.618073,0.0],[73.658401,34.618116,0.0],[73.658807,34.618308,0.0],[73.659213,34.6185,0.0],[73.65948,34.618842,0.0],[73.659933,34.618959,0.0],[73.660387,34.618964,0.0],[73.660799,34.618818,0.0],[73.661256,34.618673,0.0],[73.661712,34.618565,0.0],[73.662124,34.618382,0.0],[73.662536,34.618236,0.0],[73.662903,34.618015,0.0],[73.663315,34.617794,0.0],[73.663727,34.617648,0.0],[73.664139,34.617465,0.0],[73.664507,34.617206,0.0],[73.664963,34.617098,0.0],[73.665375,34.616914,0.0],[73.665697,34.616655,0.0],[73.666065,34.616433,0.0],[73.666519,34.616438,0.0],[73.667018,34.616519,0.0],[73.667472,34.616524,0.0],[73.66766,34.616188,0.0],[73.667666,34.615812,0.0],[73.667672,34.615436,0.0],[73.667678,34.615061,0.0],[73.667593,34.614684,0.0],[73.667462,34.614307,0.0],[73.667195,34.613966,0.0],[73.666973,34.613625,0.0],[73.666567,34.613433,0.0],[73.666116,34.613202,0.0],[73.665665,34.613009,0.0],[73.665258,34.612855,0.0],[73.664852,34.6127,0.0],[73.664492,34.612433,0.0],[73.664316,34.612093,0.0],[73.664231,34.611716,0.0],[73.663963,34.611412,0.0],[73.663603,34.611183,0.0],[73.663243,34.610953,0.0],[73.662883,34.610724,0.0],[73.66257,34.61042,0.0],[73.662302,34.610116,0.0],[73.662126,34.609776,0.0],[73.661996,34.609399,0.0],[73.661911,34.609022,0.0],[73.661425,34.608115,0.0],[73.66138,34.608115,0.0],[73.661066,34.607848,0.0],[73.660798,34.607544,0.0],[73.660438,34.607315,0.0],[73.659987,34.607122,0.0],[73.659581,34.60693,0.0],[73.659175,34.606737,0.0],[73.65877,34.606507,0.0],[73.658456,34.606203,0.0],[73.658234,34.605863,0.0],[73.657875,34.605633,0.0],[73.657469,34.605441,0.0],[73.657016,34.605323,0.0],[73.656656,34.605094,0.0],[73.656342,34.604827,0.0],[73.656074,34.604524,0.0],[73.655853,34.604183,0.0],[73.655676,34.603843,0.0],[73.655546,34.603466,0.0],[73.65537,34.603125,0.0],[73.655194,34.602748,0.0],[73.655064,34.60237,0.0],[73.655263,34.601283,0.0],[73.655265,34.60117,0.0],[73.65518,34.600793,0.0],[73.655141,34.600417,0.0],[73.654919,34.600077,0.0],[73.654743,34.599736,0.0],[73.654703,34.59936,0.0],[73.654709,34.598984,0.0],[73.654533,34.598644,0.0],[73.654357,34.598304,0.0],[73.653904,34.598224,0.0],[73.653449,34.598256,0.0],[73.653126,34.598516,0.0],[73.65312,34.598892,0.0],[73.653434,34.599158,0.0],[73.65384,34.599351,0.0],[73.653653,34.599687,0.0],[73.653197,34.599757,0.0],[73.652837,34.599527,0.0],[73.652297,34.599221,0.0],[73.652251,34.59922,0.0],[73.65175,34.599328,0.0],[73.651249,34.59936,0.0],[73.650791,34.59958,0.0],[73.650335,34.599725,0.0],[73.649923,34.599909,0.0],[73.649555,34.60013,0.0],[73.649233,34.600389,0.0],[73.648866,34.600611,0.0],[73.648544,34.60087,0.0],[73.648266,34.601168,0.0],[73.647899,34.601389,0.0],[73.647531,34.601648,0.0],[73.647164,34.60187,0.0],[73.646886,34.602167,0.0],[73.646654,34.602503,0.0],[73.646602,34.602916,0.0],[73.646595,34.603291,0.0],[73.646589,34.603667,0.0],[73.646583,34.604043,0.0],[73.646577,34.604456,0.0],[73.646616,34.604832,0.0],[73.646655,34.605209,0.0],[73.646695,34.605585,0.0],[73.646689,34.605961,0.0],[73.646682,34.606336,0.0],[73.64654,34.606711,0.0],[73.646262,34.607008,0.0],[73.64603,34.607344,0.0]],[[73.653868,34.609582,0.0],[73.653893,34.610174,0.0],[73.653818,34.61054,0.0],[73.653541,34.610819,0.0],[73.653399,34.611183,0.0],[73.653359,34.611549,0.0],[73.653421,34.611916,0.0],[73.653552,34.612284,0.0],[73.653207,34.612506,0.0],[73.652801,34.612332,0.0],[73.652533,34.612048,0.0],[73.652539,34.611681,0.0],[73.652545,34.611315,0.0],[73.652788,34.611008,0.0],[73.653134,34.610729,0.0],[73.653309,34.610393,0.0],[73.653384,34.610028,0.0],[73.653389,34.609661,0.0],[73.653834,34.609582,0.0],[73.653868,34.609582,0.0]],[[73.659029,34.610879,0.0],[73.658995,34.61085,0.0],[73.658728,34.610481,0.0],[73.658357,34.610252,0.0],[73.65802,34.609994,0.0],[73.65789,34.609626,0.0],[73.657759,34.609258,0.0],[73.657697,34.608891,0.0],[73.657703,34.608525,0.0],[73.657709,34.608159,0.0],[73.657715,34.607792,0.0],[73.658126,34.607656,0.0],[73.65836,34.607969,0.0],[73.658525,34.608309,0.0],[73.658553,34.608675,0.0],[73.658547,34.609042,0.0],[73.658609,34.609409,0.0],[73.658981,34.60961,0.0],[73.659249,34.609895,0.0],[73.65938,34.610263,0.0],[73.659374,34.610629,0.0],[73.659029,34.610879,0.0]]]}},{"type":"Feature","properties":{"rgi_id":"RGI2000-v7.0-G-14-25131","o1region":"14"},"geometry":{"type":"Polygon","coordinates":[[[73.654995,34.572363,0.0],[73.655079,34.572777,0.0],[73.655209,34.573154,0.0],[73.655385,34.573495,0.0],[73.655653,34.573798,0.0],[73.655875,34.574139,0.0],[73.655959,34.574516,0.0],[73.655863,34.57489,0.0],[73.655675,34.575226,0.0],[73.655579,34.575601,0.0],[73.655527,34.575976,0.0],[73.655521,34.576352,0.0],[73.65547,34.576727,0.0],[73.655463,34.577103,0.0],[73.655457,34.577516,0.0],[73.655587,34.577894,0.0],[73.655993,34.578048,0.0],[73.656405,34.577903,0.0],[73.656682,34.577605,0.0],[73.656869,34.577269,0.0],[73.657012,34.576857,0.0],[73.657199,34.576521,0.0],[73.657342,34.576147,0.0],[73.657709,34.575925,0.0],[73.658164,34.575855,0.0],[73.658758,34.575674,0.0],[73.659304,34.575605,0.0],[73.659396,34.575568,0.0],[73.660079,34.575463,0.0],[73.660085,34.575087,0.0],[73.660091,34.574711,0.0],[73.660278,34.574375,0.0],[73.660329,34.574,0.0],[73.660335,34.573624,0.0],[73.660159,34.573284,0.0],[73.659799,34.573055,0.0],[73.659347,34.572937,0.0],[73.658755,34.573043,0.0],[73.658839,34.57342,0.0],[73.659015,34.573798,0.0],[73.658828,34.574134,0.0],[73.658372,34.574204,0.0],[73.658196,34.573864,0.0],[73.658202,34.573488,0.0],[73.658072,34.573111,0.0],[73.657805,34.572732,0.0],[73.657629,34.572392,0.0],[73.657362,34.572088,0.0],[73.657048,34.571822,0.0],[73.656734,34.571555,0.0],[73.656328,34.5714,0.0],[73.655873,34.571395,0.0],[73.655418,34.571466,0.0],[73.654961,34.571611,0.0],[73.654955,34.571987,0.0],[73.654995,34.572363,0.0]]]}},{"type":"Feature","properties":{"rgi_id":"RGI2000-v7.0-G-14-25132","o1region":"14"},"geometry":{"type":"Polygon","coordinates":[[[73.650872,34.566004,0.0],[73.650833,34.56559,0.0],[73.650703,34.565213,0.0],[73.650528,34.564835,0.0],[73.650352,34.564457,0.0],[73.65013,34.564117,0.0],[73.649909,34.563776,0.0],[73.649641,34.563472,0.0],[73.649373,34.563169,0.0],[73.64906,34.562902,0.0],[73.6487,34.562673,0.0],[73.648386,34.562406,0.0],[73.64821,34.562066,0.0],[73.647943,34.561763,0.0],[73.647536,34.561608,0.0],[73.647038,34.561527,0.0],[73.646584,34.561484,0.0],[73.646131,34.561404,0.0],[73.645678,34.561324,0.0],[73.645272,34.561169,0.0],[73.644958,34.560903,0.0],[73.644691,34.560561,0.0],[73.644378,34.560295,0.0],[73.644018,34.560065,0.0],[73.643565,34.559985,0.0],[73.64311,34.560018,0.0],[73.642743,34.560239,0.0],[73.642692,34.560614,0.0],[73.642686,34.56099,0.0],[73.64268,34.561366,0.0],[73.642764,34.561743,0.0],[73.642986,34.562083,0.0],[73.643344,34.562388,0.0],[73.643749,34.562618,0.0],[73.644155,34.56281,0.0],[73.644515,34.56304,0.0],[73.644829,34.563306,0.0],[73.644959,34.563684,0.0],[73.644953,34.564059,0.0],[73.645037,34.564436,0.0],[73.645031,34.564812,0.0],[73.645025,34.565188,0.0],[73.645019,34.565563,0.0],[73.645013,34.565939,0.0],[73.645189,34.566279,0.0],[73.645228,34.566655,0.0],[73.645222,34.567031,0.0],[73.644744,34.568491,0.0],[73.644744,34.568529,0.0],[73.644738,34.568905,0.0],[73.644732,34.569281,0.0],[73.644862,34.569658,0.0],[73.645129,34.569961,0.0],[73.645535,34.570154,0.0],[73.645988,34.570234,0.0],[73.646441,34.570314,0.0],[73.646893,34.570469,0.0],[73.647345,34.570625,0.0],[73.647796,34.570818,0.0],[73.64825,34.570823,0.0],[73.648704,34.570828,0.0],[73.64916,34.570758,0.0],[73.649614,34.570763,0.0],[73.650069,34.57073,0.0],[73.650391,34.570471,0.0],[73.650578,34.570134,0.0],[73.650765,34.569798,0.0],[73.650817,34.569423,0.0],[73.650824,34.56901,0.0],[73.65083,34.568634,0.0],[73.650836,34.568258,0.0],[73.650842,34.567883,0.0],[73.650848,34.567507,0.0],[73.650854,34.567131,0.0],[73.65086,34.566755,0.0],[73.650866,34.56638,0.0],[73.650872,34.566004,0.0]]]}},{"type":"Feature","properties":{"rgi_id":"RGI2000-v7.0-G-14-25133","o1region":"14"},"geometry":{"type":"Polygon","coordinates":[[[73.642003,34.563876,0.0],[73.64219,34.56354,0.0],[73.642293,34.56279,0.0],[73.642248,34.562789,0.0],[73.64198,34.562486,0.0],[73.641666,34.562219,0.0],[73.641307,34.561952,0.0],[73.640902,34.561759,0.0],[73.640449,34.561679,0.0],[73.639994,34.561674,0.0],[73.639538,34.561819,0.0],[73.639395,34.562194,0.0],[73.639389,34.562569,0.0],[73.639519,34.562947,0.0],[73.639604,34.563323,0.0],[73.639734,34.563701,0.0],[73.63991,34.564041,0.0],[73.63995,34.564417,0.0],[73.640034,34.564794,0.0],[73.640211,34.565134,0.0],[73.640387,34.565474,0.0],[73.6407,34.565741,0.0],[73.640877,34.566081,0.0],[73.641098,34.566422,0.0],[73.641551,34.566502,0.0],[73.641784,34.566166,0.0],[73.641881,34.565754,0.0],[73.641888,34.565378,0.0],[73.641939,34.565003,0.0],[73.641945,34.564627,0.0],[73.641951,34.564251,0.0],[73.642003,34.563876,0.0]]]}},{"type":"Feature","properties":{"rgi_id":"RGI2000-v7.0-G-14-25134","o1region":"14"},"geometry":{"type":"Polygon","coordinates":[[[73.63436,34.564543,0.0],[73.634994,34.564662,0.0],[73.635361,34.564441,0.0],[73.635367,34.564065,0.0],[73.635146,34.563725,0.0],[73.634693,34.563644,0.0],[73.634517,34.563304,0.0],[73.634523,34.562928,0.0],[73.634484,34.562552,0.0],[73.634399,34.562175,0.0],[73.634177,34.561835,0.0],[73.633956,34.561494,0.0],[73.633596,34.561265,0.0],[73.633143,34.561184,0.0],[73.632688,34.561254,0.0],[73.632365,34.561551,0.0],[73.632359,34.561927,0.0],[73.632398,34.562303,0.0],[73.632528,34.562681,0.0],[73.632567,34.563057,0.0],[73.632561,34.563433,0.0],[73.632691,34.56381,0.0],[73.633005,34.564076,0.0],[73.633458,34.564157,0.0],[73.633864,34.564349,0.0],[73.634315,34.564542,0.0],[73.63436,34.564543,0.0]]]}},{"type":"Feature","properties":{"rgi_id":"RGI2000-v7.0-G-14-25135","o1region":"14"},"geometry":{"type":"Polygon","coordinates":[[[73.703205,34.657473,0.0],[73.703404,34.657103,0.0],[73.703667,34.656733,0.0],[73.703737,34.656362,0.0],[73.703419,34.656093,0.0],[73.702907,34.655928,0.0],[73.702458,34.655816,0.0],[73.702011,34.655599,0.0],[73.701629,34.655382,0.0],[73.701246,34.655166,0.0],[73.700799,34.654948,0.0],[73.700351,34.654784,0.0],[73.699968,34.654567,0.0],[73.699456,34.654402,0.0],[73.699007,34.654291,0.0],[73.69856,34.654073,0.0],[73.698111,34.654015,0.0],[73.697662,34.653904,0.0],[73.697213,34.653793,0.0],[73.696766,34.653576,0.0],[73.696319,34.653411,0.0],[73.695869,34.653353,0.0],[73.695419,34.653349,0.0],[73.694968,34.653344,0.0],[73.694519,34.653286,0.0],[73.694068,34.653281,0.0],[73.692908,34.653428,0.0],[73.692907,34.653481,0.0],[73.692773,34.653852,0.0],[73.692638,34.654223,0.0],[73.692376,34.654539,0.0],[73.692306,34.65491,0.0],[73.6923,34.655283,0.0],[73.692487,34.655657,0.0],[73.692804,34.655926,0.0],[73.693122,34.656195,0.0],[73.693505,34.656412,0.0],[73.693952,34.65663,0.0],[73.694399,34.656794,0.0],[73.694848,34.656905,0.0],[73.695361,34.657017,0.0],[73.69581,34.657128,0.0],[73.696323,34.65724,0.0],[73.696772,34.657351,0.0],[73.69722,34.657462,0.0],[73.69767,34.65752,0.0],[73.698119,34.657631,0.0],[73.698568,34.657689,0.0],[73.699017,34.6578,0.0],[73.699466,34.657858,0.0],[73.699917,34.657863,0.0],[73.700496,34.657869,0.0],[73.700946,34.657874,0.0],[73.701397,34.657879,0.0],[73.701911,34.657884,0.0],[73.702427,34.657837,0.0],[73.702878,34.657788,0.0],[73.703205,34.657473,0.0]]]}},{"type":"Feature","properties":{"rgi_id":"RGI2000-v7.0-G-14-25136","o1region":"14"},"geometry":{"type":"Polygon","coordinates":[[[73.726314,34.714265,0.0],[73.725947,34.714462,0.0],[73.72558,34.714658,0.0],[73.725212,34.714905,0.0],[73.724843,34.715202,0.0],[73.724596,34.7155,0.0],[73.724349,34.715798,0.0],[73.724101,34.716146,0.0],[73.723913,34.716495,0.0],[73.723666,34.716793,0.0],[73.723539,34.717142,0.0],[73.723352,34.717491,0.0],[73.723225,34.717841,0.0],[73.723098,34.71819,0.0],[73.723032,34.71859,0.0],[73.723025,34.718991,0.0],[73.723324,34.719295,0.0],[73.723747,34.719449,0.0],[73.724232,34.719454,0.0],[73.724718,34.719409,0.0],[73.725144,34.719314,0.0],[73.725571,34.719168,0.0],[73.725999,34.719022,0.0],[73.726426,34.718876,0.0],[73.726793,34.71868,0.0],[73.72716,34.718483,0.0],[73.727468,34.718186,0.0],[73.727836,34.717939,0.0],[73.728203,34.717692,0.0],[73.728571,34.717496,0.0],[73.728938,34.717299,0.0],[73.729305,34.717102,0.0],[73.729733,34.716906,0.0],[73.7301,34.71671,0.0],[73.730467,34.716513,0.0],[73.730835,34.716267,0.0],[73.731143,34.715969,0.0],[73.731204,34.71592,0.0],[73.733469,34.71464,0.0],[73.733716,34.714342,0.0],[73.733903,34.713994,0.0],[73.73397,34.713593,0.0],[73.734037,34.713193,0.0],[73.733982,34.712792,0.0],[73.733559,34.712687,0.0],[73.733133,34.712783,0.0],[73.732707,34.712879,0.0],[73.732221,34.712924,0.0],[73.731735,34.712919,0.0],[73.73125,34.712914,0.0],[73.730764,34.712959,0.0],[73.730217,34.713003,0.0],[73.729732,34.712998,0.0],[73.729305,34.713094,0.0],[73.728879,34.71319,0.0],[73.728452,34.713336,0.0],[73.727965,34.713481,0.0],[73.727537,34.713677,0.0],[73.72717,34.713873,0.0],[73.726681,34.714069,0.0],[73.726314,34.714265,0.0]]]}},{"type":"Feature","properties":{"rgi_id":"RGI2000-v7.0-G-14-25137","o1region":"14"},"geometry":{"type":"Polygon","coordinates":[[[73.74053,34.721177,0.0],[73.740958,34.720981,0.0],[73.741325,34.720735,0.0],[73.741633,34.720437,0.0],[73.741881,34.720139,0.0],[73.742128,34.719841,0.0],[73.742315,34.719492,0.0],[73.742562,34.719194,0.0],[73.74275,34.718845,0.0],[73.742876,34.718496,0.0],[73.743003,34.718146,0.0],[73.74325,34.717848,0.0],[73.743438,34.7175,0.0],[73.743499,34.71745,0.0],[73.74353,34.717306,0.0],[73.743288,34.717169,0.0],[73.742839,34.717058,0.0],[73.742388,34.717053,0.0],[73.741939,34.716996,0.0],[73.741764,34.716994,0.0],[73.741623,34.71713,0.0],[73.741376,34.717428,0.0],[73.741128,34.717726,0.0],[73.74082,34.718024,0.0],[73.740453,34.71827,0.0],[73.740085,34.718517,0.0],[73.739897,34.718866,0.0],[73.739649,34.719214,0.0],[73.739341,34.719512,0.0],[73.738974,34.719708,0.0],[73.738607,34.719905,0.0],[73.73818,34.720051,0.0],[73.737754,34.720146,0.0],[73.737268,34.720192,0.0],[73.736842,34.720287,0.0],[73.736415,34.720433,0.0],[73.736167,34.720731,0.0],[73.73604,34.721131,0.0],[73.736156,34.721483,0.0],[73.736455,34.721787,0.0],[73.736939,34.721892,0.0],[73.737424,34.721897,0.0],[73.737909,34.721902,0.0],[73.738395,34.721907,0.0],[73.738821,34.721811,0.0],[73.739247,34.721715,0.0],[73.739674,34.721569,0.0],[73.740102,34.721373,0.0],[73.74053,34.721177,0.0]]]}},{"type":"Feature","properties":{"rgi_id":"RGI2000-v7.0-G-14-25138","o1region":"14"},"geometry":{"type":"Polygon","coordinates":[[[73.721239,34.774856,0.0],[73.721233,34.775257,0.0],[73.721227,34.775658,0.0],[73.721281,34.776059,0.0],[73.721336,34.776461,0.0],[73.72133,34.776862,0.0],[73.721507,34.777214,0.0],[73.721868,34.777418,0.0],[73.722353,34.777474,0.0],[73.722837,34.777579,0.0],[73.723321,34.777684,0.0],[73.723807,34.777689,0.0],[73.724293,34.777694,0.0],[73.724778,34.7777,0.0],[73.725265,34.777655,0.0],[73.725751,34.777609,0.0],[73.726239,34.777514,0.0],[73.726666,34.777369,0.0],[73.727093,34.777223,0.0],[73.727521,34.777027,0.0],[73.727673,34.776946,0.0],[73.727866,34.776948,0.0],[73.728345,34.776821,0.0],[73.728823,34.776695,0.0],[73.729225,34.776437,0.0],[73.729706,34.77618,0.0],[73.729871,34.775788,0.0],[73.729718,34.775393,0.0],[73.729724,34.774999,0.0],[73.729967,34.774674,0.0],[73.730132,34.774282,0.0],[73.730138,34.773889,0.0],[73.730144,34.773495,0.0],[73.730071,34.773101,0.0],[73.729758,34.77277,0.0],[73.729444,34.772504,0.0],[73.72905,34.772303,0.0],[73.728575,34.772167,0.0],[73.728097,34.772228,0.0],[73.727696,34.772486,0.0],[73.727295,34.772678,0.0],[73.726737,34.772804,0.0],[73.726337,34.772996,0.0],[73.725935,34.773254,0.0],[73.725535,34.773447,0.0],[73.725213,34.773706,0.0],[73.724969,34.774097,0.0],[73.724896,34.774193,0.0],[73.724772,34.774192,0.0],[73.724356,34.774188,0.0],[73.724331,34.774221,0.0],[73.723853,34.774282,0.0],[73.723539,34.774016,0.0],[73.723544,34.773667,0.0],[73.723545,34.773623,0.0],[73.723466,34.773622,0.0],[73.723068,34.773618,0.0],[73.722745,34.773943,0.0],[73.722502,34.774268,0.0],[73.722101,34.77446,0.0],[73.721543,34.774586,0.0],[73.721456,34.774595,0.0],[73.721239,34.774856,0.0]]]}},{"type":"Feature","properties":{"rgi_id":"RGI2000-v7.0-G-14-25139","o1region":"14"},"geometry":{"type":"Polygon","coordinates":[[[73.812759,34.659867,0.0],[73.812803,34.659868,0.0],[73.813207,34.659724,0.0],[73.813611,34.65958,0.0],[73.814059,34.659511,0.0],[73.814506,34.659441,0.0],[73.814953,34.659409,0.0],[73.815403,34.659192,0.0],[73.815719,34.6589,0.0],[73.816036,34.658608,0.0],[73.816219,34.658277,0.0],[73.816225,34.657909,0.0],[73.816006,34.657574,0.0],[73.815788,34.657203,0.0],[73.81566,34.656833,0.0],[73.815486,34.656499,0.0],[73.815223,34.656165,0.0],[73.814823,34.656013,0.0],[73.814378,34.655898,0.0],[73.813933,34.655783,0.0],[73.813487,34.655779,0.0],[73.813127,34.655997,0.0],[73.813031,34.656402,0.0],[73.812936,34.656807,0.0],[73.812752,34.657211,0.0],[73.812702,34.657579,0.0],[73.812608,34.657947,0.0],[73.812601,34.65839,0.0],[73.812596,34.658759,0.0],[73.812759,34.659867,0.0]]]}},{"type":"Feature","properties":{"rgi_id":"RGI2000-v7.0-G-14-25140","o1region":"14"},"geometry":{"type":"Polygon","coordinates":[[[73.827577,34.663405,0.0],[73.827578,34.663368,0.0],[73.827583,34.662999,0.0],[73.827589,34.662593,0.0],[73.827639,34.662188,0.0],[73.827734,34.661783,0.0],[73.827739,34.661414,0.0],[73.82779,34.661009,0.0],[73.827795,34.660603,0.0],[73.827667,34.660233,0.0],[73.827493,34.659862,0.0],[73.827319,34.659528,0.0],[73.82701,34.659267,0.0],[73.826657,34.659006,0.0],[73.826258,34.658817,0.0],[73.825859,34.658592,0.0],[73.82555,34.658331,0.0],[73.825287,34.658033,0.0],[73.824978,34.657772,0.0],[73.824531,34.657768,0.0],[73.824259,34.65806,0.0],[73.824076,34.65839,0.0],[73.823937,34.658758,0.0],[73.823665,34.659051,0.0],[73.823261,34.659194,0.0],[73.823078,34.659524,0.0],[73.822983,34.659892,0.0],[73.823067,34.660262,0.0],[73.823151,34.660669,0.0],[73.823325,34.661003,0.0],[73.823633,34.661338,0.0],[73.823941,34.661599,0.0],[73.82434,34.661824,0.0],[73.824739,34.662012,0.0],[73.825048,34.662274,0.0],[73.825312,34.662571,0.0],[73.825666,34.662796,0.0],[73.826064,34.663058,0.0],[73.826509,34.663173,0.0],[73.826953,34.663362,0.0],[73.827577,34.663405,0.0]]]}},{"type":"Feature","properties":{"rgi_id":"RGI2000-v7.0-G-14-25141","o1region":"14"},"geometry":{"type":"Polygon","coordinates":[[[73.827499,34.653111,0.0],[73.826421,34.65358,0.0],[73.826193,34.65391,0.0],[73.826054,34.654277,0.0],[73.825959,34.654645,0.0],[73.825954,34.655014,0.0],[73.825949,34.655383,0.0],[73.825944,34.655752,0.0],[73.825805,34.65612,0.0],[73.825487,34.656486,0.0],[73.825347,34.65689,0.0],[73.825387,34.657259,0.0],[73.82565,34.657557,0.0],[73.826097,34.657561,0.0],[73.826544,34.657492,0.0],[73.82686,34.657237,0.0],[73.827044,34.656906,0.0],[73.827138,34.656538,0.0],[73.827278,34.656134,0.0],[73.827373,34.655729,0.0],[73.827379,34.655323,0.0],[73.827339,34.654954,0.0],[73.827166,34.654583,0.0],[73.827082,34.654213,0.0],[73.827087,34.653845,0.0],[73.827181,34.653477,0.0],[73.827453,34.653184,0.0],[73.827499,34.653111,0.0]]]}},{"type":"Feature","properties":{"rgi_id":"RGI2000-v7.0-G-14-25142","o1region":"14"},"geometry":{"type":"Polygon","coordinates":[[[73.83102,34.650194,0.0],[73.830893,34.649554,0.0],[73.83044,34.649437,0.0],[73.830125,34.649171,0.0],[73.829672,34.649091,0.0],[73.82926,34.649275,0.0],[73.828805,34.649271,0.0],[73.828351,34.649229,0.0],[73.828028,34.649526,0.0],[73.828069,34.649902,0.0],[73.828199,34.650317,0.0],[73.828376,34.650657,0.0],[73.828736,34.650924,0.0],[73.829143,34.651115,0.0],[73.829643,34.651158,0.0],[73.830098,34.651124,0.0],[73.830285,34.650788,0.0],[73.830562,34.650452,0.0],[73.830975,34.650193,0.0],[73.83102,34.650194,0.0]]]}},{"type":"Feature","properties":{"rgi_id":"RGI2000-v7.0-G-14-25143","o1region":"14"},"geometry":{"type":"Polygon","coordinates":[[[73.834235,34.647932,0.0],[73.834018,34.647254,0.0],[73.833657,34.646987,0.0],[73.833158,34.646907,0.0],[73.832704,34.646903,0.0],[73.832249,34.646898,0.0],[73.831793,34.646969,0.0],[73.831426,34.647229,0.0],[73.831421,34.647605,0.0],[73.831781,34.647834,0.0],[73.832188,34.648025,0.0],[73.832502,34.648329,0.0],[73.832862,34.648558,0.0],[73.833268,34.648825,0.0],[73.833722,34.648867,0.0],[73.834178,34.648758,0.0],[73.834229,34.648383,0.0],[73.834235,34.64797,0.0],[73.834235,34.647932,0.0]]]}},{"type":"Feature","properties":{"rgi_id":"RGI2000-v7.0-G-14-25144","o1region":"14"},"geometry":{"type":"Polygon","coordinates":[[[73.838294,34.650376,0.0],[73.838308,34.649399,0.0],[73.83813,34.649059,0.0],[73.837999,34.648682,0.0],[73.837822,34.648342,0.0],[73.83737,34.64815,0.0],[73.836963,34.647996,0.0],[73.83651,34.647879,0.0],[73.836053,34.648062,0.0],[73.835821,34.648398,0.0],[73.835588,34.648734,0.0],[73.835311,34.649032,0.0],[73.834899,34.649254,0.0],[73.834622,34.649552,0.0],[73.834891,34.649855,0.0],[73.835159,34.650158,0.0],[73.835428,34.650461,0.0],[73.83565,34.650802,0.0],[73.835965,34.651068,0.0],[73.83628,34.651334,0.0],[73.836594,34.6516,0.0],[73.837096,34.65153,0.0],[73.837417,34.65127,0.0],[73.837695,34.650972,0.0],[73.838016,34.650712,0.0],[73.838293,34.650414,0.0],[73.838294,34.650376,0.0]]]}},{"type":"Feature","properties":{"rgi_id":"RGI2000-v7.0-G-14-25145","o1region":"14"},"geometry":{"type":"Polygon","coordinates":[[[73.842549,34.64523,0.0],[73.842095,34.645226,0.0],[73.84164,34.645184,0.0],[73.841186,34.64518,0.0],[73.84073,34.645288,0.0],[73.840275,34.645284,0.0],[73.839998,34.645582,0.0],[73.839811,34.645918,0.0],[73.839534,34.646216,0.0],[73.839438,34.646629,0.0],[73.839615,34.646969,0.0],[73.839929,34.647235,0.0],[73.840336,34.647427,0.0],[73.840651,34.647693,0.0],[73.840965,34.647959,0.0],[73.841326,34.648188,0.0],[73.841733,34.648342,0.0],[73.842187,34.648421,0.0],[73.84264,34.648538,0.0],[73.842453,34.648875,0.0],[73.841904,34.649095,0.0],[73.841858,34.649132,0.0],[73.841762,34.649507,0.0],[73.841757,34.64992,0.0],[73.841751,34.650296,0.0],[73.841792,34.650672,0.0],[73.842014,34.651013,0.0],[73.842374,34.651279,0.0],[73.842689,34.651545,0.0],[73.843142,34.651662,0.0],[73.843599,34.651516,0.0],[73.843921,34.651256,0.0],[73.844243,34.650959,0.0],[73.84443,34.650622,0.0],[73.844617,34.650211,0.0],[73.844759,34.649836,0.0],[73.844946,34.6495,0.0],[73.845042,34.649125,0.0],[73.845047,34.648749,0.0],[73.844961,34.648372,0.0],[73.844921,34.647996,0.0],[73.844836,34.647582,0.0],[73.844659,34.647205,0.0],[73.844391,34.646864,0.0],[73.844122,34.646561,0.0],[73.843854,34.646257,0.0],[73.843539,34.645991,0.0],[73.843225,34.645725,0.0],[73.84291,34.645459,0.0],[73.842549,34.64523,0.0]]]}},{"type":"Feature","properties":{"rgi_id":"RGI2000-v7.0-G-14-25146","o1region":"14"},"geometry":{"type":"Polygon","coordinates":[[[73.847153,34.651024,0.0],[73.847418,34.650906,0.0],[73.847567,34.65069,0.0],[73.847934,34.65043,0.0],[73.848121,34.650093,0.0],[73.848353,34.649757,0.0],[73.848372,34.649705,0.0],[73.848356,34.649532,0.0],[73.848225,34.649155,0.0],[73.848139,34.648778,0.0],[73.84787,34.648475,0.0],[73.847418,34.648283,0.0],[73.846963,34.648279,0.0],[73.846596,34.648538,0.0],[73.846454,34.648913,0.0],[73.846404,34.649288,0.0],[73.846127,34.649586,0.0],[73.84585,34.649884,0.0],[73.845438,34.650068,0.0],[73.845116,34.650328,0.0],[73.844974,34.650703,0.0],[73.84506,34.651079,0.0],[73.845375,34.651345,0.0],[73.845829,34.651387,0.0],[73.846285,34.651316,0.0],[73.846741,34.651208,0.0],[73.847153,34.651024,0.0]]]}},{"type":"Feature","properties":{"rgi_id":"RGI2000-v7.0-G-14-25147","o1region":"14"},"geometry":{"type":"Polygon","coordinates":[[[73.845067,34.657167,0.0],[73.845152,34.657544,0.0],[73.845513,34.657773,0.0],[73.845965,34.657965,0.0],[73.846011,34.657965,0.0],[73.846654,34.657521,0.0],[73.84684,34.657184,0.0],[73.847072,34.656848,0.0],[73.847304,34.656512,0.0],[73.847536,34.656176,0.0],[73.847541,34.6558,0.0],[73.847364,34.65546,0.0],[73.847369,34.655085,0.0],[73.847375,34.654709,0.0],[73.84738,34.654333,0.0],[73.847385,34.653957,0.0],[73.847162,34.653617,0.0],[73.846756,34.653425,0.0],[73.846395,34.653196,0.0],[73.845942,34.653042,0.0],[73.845488,34.653037,0.0],[73.845076,34.653184,0.0],[73.84489,34.65352,0.0],[73.844839,34.653896,0.0],[73.844698,34.65427,0.0],[73.844511,34.654607,0.0],[73.84446,34.654982,0.0],[73.844455,34.655358,0.0],[73.844632,34.655698,0.0],[73.8449,34.656038,0.0],[73.845078,34.656378,0.0],[73.845072,34.656754,0.0],[73.845067,34.657167,0.0]]]}},{"type":"Feature","properties":{"rgi_id":"RGI2000-v7.0-G-14-25148","o1region":"14"},"geometry":{"type":"Polygon","coordinates":[[[73.85262,34.660208,0.0],[73.852631,34.659381,0.0],[73.852454,34.659041,0.0],[73.852414,34.658665,0.0],[73.852373,34.658289,0.0],[73.852196,34.657949,0.0],[73.851927,34.657646,0.0],[73.851521,34.657454,0.0],[73.851066,34.657487,0.0],[73.850609,34.657596,0.0],[73.850197,34.65778,0.0],[73.849875,34.65804,0.0],[73.849825,34.658415,0.0],[73.84982,34.658791,0.0],[73.849814,34.659166,0.0],[73.849946,34.659543,0.0],[73.85026,34.659809,0.0],[73.850621,34.660038,0.0],[73.851075,34.660118,0.0],[73.851482,34.660272,0.0],[73.851797,34.660538,0.0],[73.852252,34.660467,0.0],[73.852619,34.660245,0.0],[73.85262,34.660208,0.0]]]}},{"type":"Feature","properties":{"rgi_id":"RGI2000-v7.0-G-14-25149","o1region":"14"},"geometry":{"type":"Polygon","coordinates":[[[73.904018,34.920743,0.0],[73.90423,34.920638,0.0],[73.904642,34.920486,0.0],[73.904928,34.920255,0.0],[73.904928,34.92023,0.0],[73.904807,34.919865,0.0],[73.904338,34.919654,0.0],[73.90393,34.91952,0.0],[73.903523,34.919361,0.0],[73.903082,34.919331,0.0],[73.902641,34.919327,0.0],[73.9022,34.919375,0.0],[73.901726,34.919474,0.0],[73.901564,34.919836,0.0],[73.901748,34.920175,0.0],[73.902155,34.920386,0.0],[73.902626,34.92052,0.0],[73.903065,34.920654,0.0],[73.903504,34.920736,0.0],[73.903945,34.920765,0.0],[73.904018,34.920743,0.0]]]}},{"type":"Feature","properties":{"rgi_id":"RGI2000-v7.0-G-14-25150","o1region":"14"},"geometry":{"type":"Polygon","coordinates":[[[73.913353,34.920227,0.0],[73.913018,34.920464,0.0],[73.912642,34.920665,0.0],[73.912185,34.920696,0.0],[73.911727,34.920794,0.0],[73.911351,34.92103,0.0],[73.911097,34.921369,0.0],[73.911092,34.921745,0.0],[73.911087,34.922121,0.0],[73.911124,34.922497,0.0],[73.911202,34.922874,0.0],[73.911238,34.92325,0.0],[73.911358,34.923627,0.0],[73.911561,34.923971,0.0],[73.911848,34.924247,0.0],[73.912134,34.924523,0.0],[73.912234,34.924596,0.0],[73.912462,34.924474,0.0],[73.912906,34.924296,0.0],[73.912926,34.924276,0.0],[73.91293,34.923949,0.0],[73.912935,34.923573,0.0],[73.91294,34.923197,0.0],[73.912945,34.922821,0.0],[73.91295,34.922445,0.0],[73.913121,34.922105,0.0],[73.913415,34.921834,0.0],[73.913835,34.921462,0.0],[73.914251,34.921329,0.0],[73.914538,34.921605,0.0],[73.914409,34.92198,0.0],[73.914197,34.92232,0.0],[73.913903,34.922591,0.0],[73.913815,34.922966,0.0],[73.914144,34.923208,0.0],[73.914601,34.92311,0.0],[73.915019,34.922942,0.0],[73.915354,34.922706,0.0],[73.915689,34.92247,0.0],[73.915983,34.922199,0.0],[73.9164,34.921998,0.0],[73.916857,34.922002,0.0],[73.917313,34.922006,0.0],[73.917811,34.92201,0.0],[73.918267,34.922014,0.0],[73.918724,34.921984,0.0],[73.919224,34.921852,0.0],[73.919307,34.921853,0.0],[73.91952,34.92141,0.0],[73.919608,34.921035,0.0],[73.919613,34.920659,0.0],[73.919494,34.920282,0.0],[73.919249,34.919972,0.0],[73.918794,34.919866,0.0],[73.918339,34.919759,0.0],[73.917926,34.919585,0.0],[73.917555,34.919376,0.0],[73.917143,34.919202,0.0],[73.916686,34.919198,0.0],[73.91623,34.919194,0.0],[73.915971,34.919249,0.0],[73.915776,34.919185,0.0],[73.915272,34.919181,0.0],[73.91483,34.919281,0.0],[73.914419,34.919407,0.0],[73.914037,34.919689,0.0],[73.913688,34.919919,0.0],[73.913516,34.920112,0.0],[73.913353,34.920227,0.0]]]}},{"type":"Feature","properties":{"rgi_id":"RGI2000-v7.0-G-14-25151","o1region":"14"},"geometry":{"type":"Polygon","coordinates":[[[73.918523,34.923464,0.0],[73.918361,34.9238,0.0],[73.918136,34.924135,0.0],[73.91788,34.924444,0.0],[73.917655,34.924779,0.0],[73.917399,34.925088,0.0],[73.917143,34.925397,0.0],[73.917144,34.925422,0.0],[73.917389,34.925732,0.0],[73.917846,34.925702,0.0],[73.918262,34.925569,0.0],[73.918721,34.925368,0.0],[73.919098,34.925166,0.0],[73.919474,34.924965,0.0],[73.919809,34.924728,0.0],[73.920184,34.924561,0.0],[73.920978,34.924192,0.0],[73.92082,34.923541,0.0],[73.920365,34.923434,0.0],[73.920109,34.923374,0.0],[73.919626,34.92337,0.0],[73.919185,34.923366,0.0],[73.918618,34.923413,0.0],[73.918537,34.923412,0.0],[73.918523,34.923464,0.0]]]}},{"type":"Feature","properties":{"rgi_id":"RGI2000-v7.0-G-14-25152","o1region":"14"},"geometry":{"type":"Polygon","coordinates":[[[73.920369,34.926735,0.0],[73.92006,34.926291,0.0],[73.919619,34.926313,0.0],[73.919238,34.926543,0.0],[73.919076,34.926879,0.0],[73.918883,34.927214,0.0],[73.91891,34.927578,0.0],[73.919351,34.927504,0.0],[73.919763,34.927352,0.0],[73.920019,34.927043,0.0],[73.920369,34.926761,0.0],[73.920369,34.926735,0.0]]]}},{"type":"Feature","properties":{"rgi_id":"RGI2000-v7.0-G-14-25153","o1region":"14"},"geometry":{"type":"Polygon","coordinates":[[[73.922117,34.927969,0.0],[73.922149,34.92797,0.0],[73.922248,34.927607,0.0],[73.922284,34.927244,0.0],[73.922194,34.92688,0.0],[73.92201,34.926542,0.0],[73.921603,34.92633,0.0],[73.921378,34.926666,0.0],[73.921468,34.927056,0.0],[73.921589,34.92742,0.0],[73.921647,34.927809,0.0],[73.921673,34.928173,0.0],[73.922117,34.927969,0.0]]]}},{"type":"Feature","properties":{"rgi_id":"RGI2000-v7.0-G-14-25154","o1region":"14"},"geometry":{"type":"Polygon","coordinates":[[[73.915347,34.925419,0.0],[73.915316,34.925418,0.0],[73.914874,34.925492,0.0],[73.914463,34.925618,0.0],[73.914301,34.925954,0.0],[73.914296,34.926317,0.0],[73.914417,34.926707,0.0],[73.914857,34.926763,0.0],[73.915207,34.926533,0.0],[73.915369,34.926197,0.0],[73.915347,34.925419,0.0]]]}},{"type":"Feature","properties":{"rgi_id":"RGI2000-v7.0-G-14-25155","o1region":"14"},"geometry":{"type":"Polygon","coordinates":[[[73.925613,34.917529,0.0],[73.924825,34.9176,0.0],[73.924413,34.917778,0.0],[73.92403,34.918138,0.0],[73.924405,34.918348,0.0],[73.924653,34.918662,0.0],[73.92506,34.918847,0.0],[73.925501,34.918851,0.0],[73.925348,34.918512,0.0],[73.925666,34.918256,0.0],[73.925828,34.91792,0.0],[73.925612,34.917555,0.0],[73.925613,34.917529,0.0]]]}},{"type":"Feature","properties":{"rgi_id":"RGI2000-v7.0-G-14-25156","o1region":"14"},"geometry":{"type":"Polygon","coordinates":[[[73.938939,34.924468,0.0],[73.938908,34.924468,0.0],[73.938467,34.924464,0.0],[73.938026,34.92446,0.0],[73.937864,34.924796,0.0],[73.93786,34.925159,0.0],[73.937917,34.925549,0.0],[73.937976,34.925913,0.0],[73.938388,34.925735,0.0],[73.938549,34.925399,0.0],[73.938711,34.925037,0.0],[73.938939,34.924468,0.0]]]}},{"type":"Feature","properties":{"rgi_id":"RGI2000-v7.0-G-14-25157","o1region":"14"},"geometry":{"type":"Polygon","coordinates":[[[73.940252,34.925284,0.0],[73.939651,34.92546,0.0],[73.939678,34.925824,0.0],[73.939421,34.926159,0.0],[73.93901,34.926285,0.0],[73.938599,34.926437,0.0],[73.938342,34.926798,0.0],[73.938749,34.926983,0.0],[73.939191,34.926961,0.0],[73.939572,34.926731,0.0],[73.939984,34.926527,0.0],[73.940364,34.926323,0.0],[73.940526,34.925987,0.0],[73.940468,34.925623,0.0],[73.940283,34.925284,0.0],[73.940252,34.925284,0.0]]]}},{"type":"Feature","properties":{"rgi_id":"RGI2000-v7.0-G-14-25158","o1region":"14"},"geometry":{"type":"Polygon","coordinates":[[[73.951105,34.926234,0.0],[73.951106,34.926208,0.0],[73.950953,34.92587,0.0],[73.950577,34.925659,0.0],[73.950105,34.925655,0.0],[73.949663,34.925703,0.0],[73.949221,34.925803,0.0],[73.948747,34.925903,0.0],[73.948336,34.926029,0.0],[73.947956,34.926259,0.0],[73.947575,34.926463,0.0],[73.947163,34.926641,0.0],[73.946752,34.926793,0.0],[73.94659,34.927155,0.0],[73.946554,34.927518,0.0],[73.946612,34.927881,0.0],[73.946828,34.928221,0.0],[73.947044,34.92856,0.0],[73.947197,34.928898,0.0],[73.947605,34.929031,0.0],[73.947924,34.928749,0.0],[73.948211,34.928466,0.0],[73.948404,34.928105,0.0],[73.948566,34.927769,0.0],[73.948854,34.92746,0.0],[73.949141,34.927177,0.0],[73.949521,34.926973,0.0],[73.949961,34.92708,0.0],[73.950336,34.927291,0.0],[73.950809,34.927217,0.0],[73.951249,34.927299,0.0],[73.951656,34.92751,0.0],[73.952096,34.927566,0.0],[73.952227,34.927204,0.0],[73.951915,34.926942,0.0],[73.951475,34.92686,0.0],[73.951068,34.926727,0.0],[73.951105,34.926234,0.0]]]}},{"type":"Feature","properties":{"rgi_id":"RGI2000-v7.0-G-14-25159","o1region":"14"},"geometry":{"type":"Polygon","coordinates":[[[73.953763,34.925271,0.0],[73.953764,34.925246,0.0],[73.953579,34.924881,0.0],[73.953489,34.924517,0.0],[73.953336,34.924178,0.0],[73.953246,34.923814,0.0],[73.952903,34.923578,0.0],[73.952429,34.923678,0.0],[73.951986,34.923881,0.0],[73.951761,34.924217,0.0],[73.951946,34.924555,0.0],[73.952257,34.924817,0.0],[73.952601,34.925054,0.0],[73.952912,34.925342,0.0],[73.953224,34.925604,0.0],[73.953763,34.925271,0.0]]]}},{"type":"Feature","properties":{"rgi_id":"RGI2000-v7.0-G-14-25160","o1region":"14"},"geometry":{"type":"Polygon","coordinates":[[[73.958465,34.924586,0.0],[73.958465,34.92456,0.0],[73.958407,34.92417,0.0],[73.958222,34.923831,0.0],[73.957847,34.92362,0.0],[73.95744,34.923435,0.0],[73.956968,34.923405,0.0],[73.956526,34.923479,0.0],[73.956084,34.923553,0.0],[73.955643,34.923602,0.0],[73.955355,34.92391,0.0],[73.955571,34.924249,0.0],[73.955915,34.924486,0.0],[73.956354,34.924671,0.0],[73.956825,34.924779,0.0],[73.957328,34.924835,0.0],[73.958465,34.924586,0.0]]]}},{"type":"Feature","properties":{"rgi_id":"RGI2000-v7.0-G-14-25161","o1region":"14"},"geometry":{"type":"Polygon","coordinates":[[[73.965338,34.930406,0.0],[73.965339,34.930371,0.0],[73.965217,34.930024,0.0],[73.964754,34.93009,0.0],[73.964457,34.930364,0.0],[73.964159,34.930638,0.0],[73.963738,34.930773,0.0],[73.963273,34.930976,0.0],[73.962893,34.93118,0.0],[73.96331,34.931392,0.0],[73.963772,34.931361,0.0],[73.964236,34.931261,0.0],[73.964616,34.931057,0.0],[73.965338,34.930406,0.0]]]}},{"type":"Feature","properties":{"rgi_id":"RGI2000-v7.0-G-14-25162","o1region":"14"},"geometry":{"type":"Polygon","coordinates":[[[73.970848,34.933116,0.0],[73.970848,34.933081,0.0],[73.970853,34.932701,0.0],[73.970774,34.93232,0.0],[73.970356,34.932178,0.0],[73.969975,34.932382,0.0],[73.969471,34.932378,0.0],[73.969181,34.932099,0.0],[73.968848,34.931819,0.0],[73.968426,34.931989,0.0],[73.968379,34.932369,0.0],[73.968669,34.932682,0.0],[73.969002,34.932962,0.0],[73.969208,34.933309,0.0],[73.969712,34.933279,0.0],[73.970848,34.933116,0.0]]]}},{"type":"Feature","properties":{"rgi_id":"RGI2000-v7.0-G-14-25163","o1region":"14"},"geometry":{"type":"Polygon","coordinates":[[[73.972443,34.930074,0.0],[73.972444,34.930048,0.0],[73.972228,34.929683,0.0],[73.972011,34.929344,0.0],[73.971795,34.929005,0.0],[73.971388,34.928846,0.0],[73.970948,34.928713,0.0],[73.970508,34.928657,0.0],[73.970036,34.928601,0.0],[73.969597,34.928494,0.0],[73.969124,34.92849,0.0],[73.968682,34.92859,0.0],[73.968302,34.928794,0.0],[73.968015,34.929077,0.0],[73.968422,34.929236,0.0],[73.968862,34.929317,0.0],[73.969301,34.929451,0.0],[73.969772,34.929559,0.0],[73.970245,34.929563,0.0],[73.970685,34.929592,0.0],[73.971189,34.929648,0.0],[73.971596,34.929782,0.0],[73.972443,34.930074,0.0]]]}},{"type":"Feature","properties":{"rgi_id":"RGI2000-v7.0-G-14-25164","o1region":"14"},"geometry":{"type":"Polygon","coordinates":[[[73.974018,34.928631,0.0],[73.97404,34.929005,0.0],[73.974073,34.929006,0.0],[73.974571,34.928964,0.0],[73.97496,34.92874,0.0],[73.975405,34.928516,0.0],[73.975846,34.928611,0.0],[73.975873,34.92865,0.0],[73.976109,34.928584,0.0],[73.97618,34.928432,0.0],[73.976296,34.928023,0.0],[73.976375,34.927855,0.0],[73.976243,34.92784,0.0],[73.975801,34.927791,0.0],[73.975305,34.927696,0.0],[73.974834,34.927692,0.0],[73.974682,34.927741,0.0],[73.974325,34.927962,0.0],[73.974076,34.928273,0.0],[73.974018,34.928631,0.0]]]}},{"type":"Feature","properties":{"rgi_id":"RGI2000-v7.0-G-14-25165","o1region":"14"},"geometry":{"type":"Polygon","coordinates":[[[73.981148,34.926884,0.0],[73.981148,34.926841,0.0],[73.981153,34.926461,0.0],[73.981158,34.926059,0.0],[73.981163,34.925679,0.0],[73.981168,34.925277,0.0],[73.981172,34.924897,0.0],[73.981023,34.924557,0.0],[73.980666,34.924322,0.0],[73.980205,34.924276,0.0],[73.979769,34.924209,0.0],[73.979282,34.924183,0.0],[73.978819,34.924222,0.0],[73.978382,34.924303,0.0],[73.978198,34.924639,0.0],[73.978194,34.92502,0.0],[73.97824,34.925379,0.0],[73.97839,34.925719,0.0],[73.978591,34.926059,0.0],[73.97887,34.926357,0.0],[73.979123,34.926655,0.0],[73.979453,34.926933,0.0],[73.979783,34.927231,0.0],[73.980218,34.927383,0.0],[73.980705,34.927366,0.0],[73.981118,34.9272,0.0],[73.981148,34.926884,0.0]]]}},{"type":"Feature","properties":{"rgi_id":"RGI2000-v7.0-G-14-25166","o1region":"14"},"geometry":{"type":"Polygon","coordinates":[[[73.990757,34.922485,0.0],[73.990781,34.922485,0.0],[73.990715,34.922115,0.0],[73.990581,34.921491,0.0],[73.990557,34.921491,0.0],[73.990108,34.921487,0.0],[73.98966,34.921483,0.0],[73.98921,34.921557,0.0],[73.98897,34.921886,0.0],[73.989178,34.922238,0.0],[73.989577,34.922416,0.0],[73.990049,34.922479,0.0],[73.990757,34.922485,0.0]]]}},{"type":"Feature","properties":{"rgi_id":"RGI2000-v7.0-G-14-25167","o1region":"14"},"geometry":{"type":"Polygon","coordinates":[[[73.989189,34.919378,0.0],[73.98919,34.919359,0.0],[73.989052,34.918988,0.0],[73.988557,34.918945,0.0],[73.988084,34.91898,0.0],[73.987704,34.919191,0.0],[73.987463,34.919519,0.0],[73.987294,34.919868,0.0],[73.987837,34.919873,0.0],[73.988264,34.91974,0.0],[73.989189,34.919378,0.0]]]}},{"type":"Feature","properties":{"rgi_id":"RGI2000-v7.0-G-14-25168","o1region":"14"},"geometry":{"type":"Polygon","coordinates":[[[73.996714,34.922274,0.0],[73.996746,34.922274,0.0],[73.996656,34.92191,0.0],[73.996629,34.921547,0.0],[73.996633,34.921184,0.0],[73.996951,34.920901,0.0],[73.997393,34.920827,0.0],[73.997586,34.920491,0.0],[73.997433,34.920153,0.0],[73.996991,34.920227,0.0],[73.996611,34.920431,0.0],[73.996137,34.920531,0.0],[73.995757,34.920735,0.0],[73.995658,34.921098,0.0],[73.99559,34.92146,0.0],[73.995554,34.921849,0.0],[73.99555,34.922212,0.0],[73.995893,34.922449,0.0],[73.996334,34.922452,0.0],[73.996714,34.922274,0.0]]]}},{"type":"Feature","properties":{"rgi_id":"RGI2000-v7.0-G-14-25169","o1region":"14"},"geometry":{"type":"Polygon","coordinates":[[[74.015424,34.932653,0.0],[74.015382,34.932653,0.0],[74.015176,34.932306,0.0],[74.014801,34.93206,0.0],[74.014553,34.931747,0.0],[74.014305,34.931434,0.0],[74.013843,34.93143,0.0],[74.013381,34.931426,0.0],[74.012919,34.931423,0.0],[74.012457,34.931419,0.0],[74.011995,34.931415,0.0],[74.011533,34.931446,0.0],[74.011111,34.931581,0.0],[74.010981,34.931926,0.0],[74.011399,34.932067,0.0],[74.011903,34.932072,0.0],[74.012365,34.932075,0.0],[74.012827,34.932079,0.0],[74.013245,34.932221,0.0],[74.013664,34.932328,0.0],[74.014083,34.932435,0.0],[74.014289,34.932783,0.0],[74.014707,34.932959,0.0],[74.015125,34.933066,0.0],[74.015424,34.932653,0.0]]]}},{"type":"Feature","properties":{"rgi_id":"RGI2000-v7.0-G-14-25180","o1region":"14"},"geometry":{"type":"Polygon","coordinates":[[[73.945882,34.918459,0.0],[73.945851,34.918459,0.0],[73.945444,34.918274,0.0],[73.945036,34.918114,0.0],[73.944597,34.918007,0.0],[73.944156,34.917977,0.0],[73.943714,34.918103,0.0],[73.944024,34.918443,0.0],[73.944304,34.918731,0.0],[73.944743,34.918864,0.0],[73.945183,34.91892,0.0],[73.945882,34.918459,0.0]]]}},{"type":"Feature","properties":{"rgi_id":"RGI2000-v7.0-G-14-25181","o1region":"14"},"geometry":{"type":"Polygon","coordinates":[[[73.944607,34.919667,0.0],[73.944607,34.919641,0.0],[73.944486,34.919277,0.0],[73.944078,34.919144,0.0],[73.943606,34.919114,0.0],[73.943134,34.919109,0.0],[73.942693,34.919132,0.0],[73.942751,34.919495,0.0],[73.943094,34.919758,0.0],[73.943406,34.92002,0.0],[73.943909,34.920024,0.0],[73.944607,34.919667,0.0]]]}},{"type":"Feature","properties":{"rgi_id":"RGI2000-v7.0-G-14-26614","o1region":"14"},"geometry":{"type":"Polygon","coordinates":[[[73.951301,34.355532,0.0],[73.951504,34.355801,0.0],[73.951714,34.355461,0.0],[73.951938,34.355099,0.0],[73.951973,34.354933,0.0],[73.951826,34.354595,0.0],[73.951722,34.354236,0.0],[73.951356,34.353292,0.0],[73.951356,34.353247,0.0],[73.951118,34.352864,0.0],[73.950687,34.352749,0.0],[73.950467,34.35306,0.0],[73.950435,34.353441,0.0],[73.95043,34.353822,0.0],[73.95048,34.354181,0.0],[73.950583,34.354585,0.0],[73.950795,34.3549,0.0],[73.951061,34.355216,0.0],[73.951301,34.355532,0.0]]]}},{"type":"Feature","properties":{"rgi_id":"RGI2000-v7.0-G-14-26615","o1region":"14"},"geometry":{"type":"Polygon","coordinates":[[[73.955256,34.352496,0.0],[73.955534,34.35267,0.0],[73.955699,34.352404,0.0],[73.955922,34.352042,0.0],[73.95622,34.35162,0.0],[73.956389,34.351483,0.0],[73.956369,34.351379,0.0],[73.956342,34.351332,0.0],[73.956224,34.351317,0.0],[73.955788,34.351132,0.0],[73.955351,34.350946,0.0],[73.954841,34.350881,0.0],[73.954402,34.350877,0.0],[73.954399,34.35112,0.0],[73.954394,34.351544,0.0],[73.954389,34.351908,0.0],[73.954406,34.35201,0.0],[73.954504,34.352087,0.0],[73.95488,34.352291,0.0],[73.955256,34.352496,0.0]]]}}]}
