{"type":"FeatureCollection","features":[{"type":"Feature","properties":{"rgi_id":"RGI2000-v7.0-G-07-01329","o1region":"07"},"geometry":{"type":"Polygon","coordinates":[[[20.87766,79.541056,0.0],[20.880459,79.537247,0.0],[20.886322,79.531722,0.0],[20.895491,79.525459,0.0],[20.905536,79.519449,0.0],[20.914607,79.513052,0.0],[20.920575,79.50644,0.0],[20.918601,79.498119,0.0],[20.921707,79.488542,0.0],[20.930727,79.48079,0.0],[20.953012,79.472924,0.0],[20.921031,79.468346,0.0],[20.885845,79.46416,0.0],[20.819167,79.45571,0.0],[20.792024,79.452883,0.0],[20.790119,79.453524,0.0],[20.785346,79.454424,0.0],[20.783959,79.455503,0.0],[20.783582,79.456624,0.0],[20.777271,79.458937,0.0],[20.765318,79.461473,0.0],[20.758106,79.46335,0.0],[20.74941,79.464622,0.0],[20.743322,79.465846,0.0],[20.740282,79.467169,0.0],[20.739653,79.468501,0.0],[20.741257,79.470249,0.0],[20.740923,79.472405,0.0],[20.74287,79.473231,0.0],[20.743144,79.473737,0.0],[20.740626,79.476002,0.0],[20.743108,79.47702,0.0],[20.749663,79.478166,0.0],[20.753856,79.478602,0.0],[20.757297,79.479172,0.0],[20.760198,79.480264,0.0],[20.762477,79.481728,0.0],[20.765806,79.48239,0.0],[20.77036,79.48288,0.0],[20.779371,79.484282,0.0],[20.785363,79.484986,0.0],[20.795553,79.486728,0.0],[20.800519,79.486758,0.0],[20.807838,79.487166,0.0],[20.812119,79.488052,0.0],[20.81939,79.488973,0.0],[20.821384,79.489599,0.0],[20.823331,79.491039,0.0],[20.816404,79.493454,0.0],[20.814572,79.494532,0.0],[20.81312,79.496194,0.0],[20.810013,79.496853,0.0],[20.79371,79.497541,0.0],[20.786514,79.497672,0.0],[20.772681,79.49714,0.0],[20.76614,79.497259,0.0],[20.761675,79.49755,0.0],[20.757747,79.498223,0.0],[20.756567,79.498787,0.0],[20.757741,79.499428,0.0],[20.762071,79.500404,0.0],[20.766857,79.502214,0.0],[20.766314,79.503037,0.0],[20.764398,79.503463,0.0],[20.761403,79.503728,0.0],[20.767895,79.504724,0.0],[20.770625,79.505488,0.0],[20.781112,79.506834,0.0],[20.7909,79.506596,0.0],[20.806464,79.506644,0.0],[20.808379,79.50682,0.0],[20.81054,79.508647,0.0],[20.809427,79.509932,0.0],[20.811557,79.513206,0.0],[20.811164,79.513996,0.0],[20.813835,79.514941,0.0],[20.813622,79.515457,0.0],[20.804957,79.516849,0.0],[20.795567,79.519338,0.0],[20.788553,79.519827,0.0],[20.785045,79.520372,0.0],[20.783011,79.521192,0.0],[20.780305,79.521693,0.0],[20.780664,79.522349,0.0],[20.782924,79.523452,0.0],[20.790312,79.526359,0.0],[20.791557,79.52712,0.0],[20.792799,79.53059,0.0],[20.791484,79.532722,0.0],[20.794354,79.534025,0.0],[20.796667,79.534615,0.0],[20.800834,79.536768,0.0],[20.805938,79.538512,0.0],[20.806841,79.539549,0.0],[20.805084,79.540274,0.0],[20.801439,79.540581,0.0],[20.794001,79.540626,0.0],[20.790683,79.540912,0.0],[20.790194,79.541614,0.0],[20.797184,79.544001,0.0],[20.79669,79.544612,0.0],[20.79485,79.544886,0.0],[20.7948,79.5457,0.0],[20.799268,79.54598,0.0],[20.802061,79.546833,0.0],[20.815893,79.54604,0.0],[20.8246,79.546183,0.0],[20.836115,79.546003,0.0],[20.851766,79.544904,0.0],[20.862807,79.542383,0.0],[20.87766,79.541056,0.0]]]}},{"type":"Feature","properties":{"rgi_id":"RGI2000-v7.0-G-07-01330","o1region":"07"},"geometry":{"type":"Polygon","coordinates":[[[21.083051,79.520102,0.0],[21.098637,79.515887,0.0],[21.13549,79.503161,0.0],[21.153225,79.497724,0.0],[21.179473,79.491177,0.0],[21.202656,79.482214,0.0],[21.213275,79.471745,0.0],[21.209468,79.460474,0.0],[21.175158,79.455947,0.0],[21.140668,79.453907,0.0],[21.127866,79.453869,0.0],[21.108662,79.454489,0.0],[21.058876,79.457748,0.0],[21.014275,79.461774,0.0],[20.978129,79.466984,0.0],[20.953012,79.472924,0.0],[20.930727,79.48079,0.0],[20.921707,79.488542,0.0],[20.918601,79.498119,0.0],[20.920575,79.50644,0.0],[20.914607,79.513052,0.0],[20.905536,79.519449,0.0],[20.895491,79.525459,0.0],[20.886322,79.531722,0.0],[20.880459,79.537247,0.0],[20.87766,79.541056,0.0],[20.884232,79.541538,0.0],[20.886826,79.54143,0.0],[20.893535,79.540674,0.0],[20.899412,79.540505,0.0],[20.905286,79.540035,0.0],[20.913869,79.539666,0.0],[20.919085,79.539208,0.0],[20.921712,79.53931,0.0],[20.918883,79.540326,0.0],[20.916041,79.541764,0.0],[20.915541,79.542646,0.0],[20.914016,79.542885,0.0],[20.913419,79.54389,0.0],[20.911374,79.544681,0.0],[20.911366,79.545115,0.0],[20.91476,79.546576,0.0],[20.91899,79.547311,0.0],[20.921424,79.547507,0.0],[20.926386,79.547475,0.0],[20.935825,79.546849,0.0],[20.943971,79.545402,0.0],[20.951206,79.544695,0.0],[20.956258,79.543065,0.0],[20.959209,79.542709,0.0],[20.960072,79.542181,0.0],[20.964129,79.541142,0.0],[20.96705,79.541027,0.0],[20.970902,79.541678,0.0],[20.981957,79.541863,0.0],[20.994252,79.541602,0.0],[20.999165,79.540908,0.0],[21.002793,79.54087,0.0],[21.008583,79.541424,0.0],[21.02728,79.541915,0.0],[21.038459,79.541734,0.0],[21.042392,79.541359,0.0],[21.05612,79.540707,0.0],[21.057211,79.540295,0.0],[21.065568,79.538962,0.0],[21.067926,79.538736,0.0],[21.070422,79.538749,0.0],[21.072513,79.538348,0.0],[21.075493,79.53805,0.0],[21.076531,79.537549,0.0],[21.086017,79.535018,0.0],[21.079544,79.53472,0.0],[21.067667,79.532234,0.0],[21.041774,79.524652,0.0],[21.036907,79.522515,0.0],[21.037758,79.521685,0.0],[21.040117,79.520887,0.0],[21.047468,79.519844,0.0],[21.050584,79.519213,0.0],[21.052528,79.518272,0.0],[21.055963,79.517334,0.0],[21.060016,79.516895,0.0],[21.068712,79.51676,0.0],[21.071615,79.516916,0.0],[21.07823,79.518055,0.0],[21.080527,79.519457,0.0],[21.083051,79.520102,0.0]]]}},{"type":"Feature","properties":{"rgi_id":"RGI2000-v7.0-G-07-01331","o1region":"07"},"geometry":{"type":"Polygon","coordinates":[[[21.31298,79.538052,0.0],[21.316449,79.536447,0.0],[21.32089,79.534912,0.0],[21.32515,79.533495,0.0],[21.331705,79.532341,0.0],[21.343207,79.531381,0.0],[21.351437,79.530339,0.0],[21.358341,79.529104,0.0],[21.36505,79.527916,0.0],[21.373295,79.526537,0.0],[21.385761,79.525191,0.0],[21.396192,79.523811,0.0],[21.404194,79.521748,0.0],[21.42337,79.51624,0.0],[21.433877,79.513686,0.0],[21.445969,79.511034,0.0],[21.448985,79.510383,0.0],[21.463279,79.507256,0.0],[21.461314,79.507181,0.0],[21.45965,79.50642,0.0],[21.460013,79.505385,0.0],[21.462122,79.503953,0.0],[21.46834,79.501108,0.0],[21.493635,79.494792,0.0],[21.497484,79.493505,0.0],[21.500517,79.493172,0.0],[21.501055,79.491487,0.0],[21.505509,79.488771,0.0],[21.513683,79.484093,0.0],[21.523331,79.477343,0.0],[21.511715,79.476853,0.0],[21.464098,79.474838,0.0],[21.385375,79.472413,0.0],[21.325164,79.469373,0.0],[21.259977,79.465272,0.0],[21.209468,79.460474,0.0],[21.213275,79.471745,0.0],[21.202656,79.482214,0.0],[21.179473,79.491177,0.0],[21.153225,79.497724,0.0],[21.13549,79.503161,0.0],[21.098637,79.515887,0.0],[21.083051,79.520102,0.0],[21.08817,79.520938,0.0],[21.089548,79.521605,0.0],[21.086881,79.523011,0.0],[21.087457,79.523723,0.0],[21.088827,79.524089,0.0],[21.097131,79.524985,0.0],[21.103116,79.525021,0.0],[21.10704,79.524645,0.0],[21.112749,79.523059,0.0],[21.125277,79.522668,0.0],[21.14416,79.522667,0.0],[21.14548,79.522943,0.0],[21.146985,79.52439,0.0],[21.151734,79.525715,0.0],[21.15433,79.525906,0.0],[21.161516,79.526008,0.0],[21.164329,79.526285,0.0],[21.164625,79.526792,0.0],[21.162194,79.52717,0.0],[21.150586,79.527725,0.0],[21.133122,79.529899,0.0],[21.128878,79.530583,0.0],[21.126938,79.531524,0.0],[21.126956,79.532127,0.0],[21.132997,79.532252,0.0],[21.134525,79.531957,0.0],[21.139572,79.531583,0.0],[21.147123,79.531739,0.0],[21.15143,79.532018,0.0],[21.155264,79.532336,0.0],[21.15859,79.533206,0.0],[21.15905,79.533709,0.0],[21.160459,79.534134,0.0],[21.16953,79.535465,0.0],[21.171557,79.536661,0.0],[21.171413,79.537267,0.0],[21.169951,79.538169,0.0],[21.167689,79.538273,0.0],[21.166673,79.538637,0.0],[21.16676,79.538954,0.0],[21.16942,79.538962,0.0],[21.168075,79.540917,0.0],[21.171314,79.543009,0.0],[21.174576,79.543232,0.0],[21.179915,79.543279,0.0],[21.190622,79.543705,0.0],[21.197152,79.543518,0.0],[21.212485,79.542497,0.0],[21.21609,79.542699,0.0],[21.221259,79.543864,0.0],[21.224553,79.544101,0.0],[21.229659,79.544032,0.0],[21.233146,79.543753,0.0],[21.236335,79.543811,0.0],[21.239811,79.544075,0.0],[21.250402,79.544018,0.0],[21.260991,79.543118,0.0],[21.264654,79.543137,0.0],[21.267062,79.542999,0.0],[21.272614,79.542287,0.0],[21.30325,79.539666,0.0],[21.308547,79.539026,0.0],[21.31298,79.538052,0.0]]]}},{"type":"Feature","properties":{"rgi_id":"RGI2000-v7.0-G-07-01332","o1region":"07"},"geometry":{"type":"Polygon","coordinates":[[[21.486885,79.627235,0.0],[21.492505,79.619,0.0],[21.503301,79.612206,0.0],[21.528422,79.604348,0.0],[21.564559,79.597036,0.0],[21.620328,79.586992,0.0],[21.679559,79.579187,0.0],[21.728647,79.572356,0.0],[21.77655,79.567089,0.0],[21.81325,79.564375,0.0],[21.800954,79.555509,0.0],[21.799543,79.542367,0.0],[21.78799,79.527193,0.0],[21.776178,79.508812,0.0],[21.771443,79.493173,0.0],[21.756397,79.480644,0.0],[21.73994,79.457545,0.0],[21.72591,79.443709,0.0],[21.719594,79.432136,0.0],[21.709875,79.43282,0.0],[21.698684,79.433863,0.0],[21.687415,79.435614,0.0],[21.682265,79.436899,0.0],[21.672283,79.438367,0.0],[21.665562,79.438764,0.0],[21.655743,79.440651,0.0],[21.648466,79.441476,0.0],[21.639016,79.441759,0.0],[21.63943,79.442422,0.0],[21.641972,79.443134,0.0],[21.643073,79.444286,0.0],[21.642791,79.445001,0.0],[21.633147,79.445578,0.0],[21.632759,79.446427,0.0],[21.634454,79.447392,0.0],[21.634311,79.448147,0.0],[21.631278,79.449357,0.0],[21.622567,79.448833,0.0],[21.619126,79.448281,0.0],[21.616069,79.448344,0.0],[21.613763,79.448619,0.0],[21.602977,79.44771,0.0],[21.605731,79.443171,0.0],[21.605596,79.440962,0.0],[21.602256,79.439106,0.0],[21.597665,79.437157,0.0],[21.592917,79.437483,0.0],[21.582305,79.436917,0.0],[21.56879,79.449776,0.0],[21.559531,79.45484,0.0],[21.523331,79.477343,0.0],[21.513683,79.484093,0.0],[21.505509,79.488771,0.0],[21.501055,79.491487,0.0],[21.500517,79.493172,0.0],[21.503802,79.494622,0.0],[21.506461,79.498313,0.0],[21.508832,79.49982,0.0],[21.50992,79.501161,0.0],[21.506358,79.503052,0.0],[21.50312,79.50398,0.0],[21.491917,79.505835,0.0],[21.486413,79.506498,0.0],[21.469123,79.507264,0.0],[21.463279,79.507256,0.0],[21.448985,79.510383,0.0],[21.445969,79.511034,0.0],[21.433877,79.513686,0.0],[21.42337,79.51624,0.0],[21.404194,79.521748,0.0],[21.396192,79.523811,0.0],[21.385761,79.525191,0.0],[21.373295,79.526537,0.0],[21.36505,79.527916,0.0],[21.358341,79.529104,0.0],[21.351437,79.530339,0.0],[21.343207,79.531381,0.0],[21.331705,79.532341,0.0],[21.32515,79.533495,0.0],[21.32089,79.534912,0.0],[21.316449,79.536447,0.0],[21.31298,79.538052,0.0],[21.31418,79.540473,0.0],[21.31106,79.54183,0.0],[21.311559,79.543542,0.0],[21.301893,79.545885,0.0],[21.295941,79.54629,0.0],[21.288611,79.545932,0.0],[21.286252,79.545954,0.0],[21.280064,79.546626,0.0],[21.274723,79.547616,0.0],[21.26817,79.549227,0.0],[21.267874,79.549615,0.0],[21.264876,79.550559,0.0],[21.266171,79.551849,0.0],[21.265787,79.552311,0.0],[21.25871,79.553824,0.0],[21.259775,79.554174,0.0],[21.264887,79.554433,0.0],[21.265995,79.554725,0.0],[21.262281,79.556612,0.0],[21.263295,79.55743,0.0],[21.264838,79.557806,0.0],[21.270301,79.557675,0.0],[21.275077,79.55794,0.0],[21.281548,79.559057,0.0],[21.282931,79.559604,0.0],[21.286629,79.563143,0.0],[21.286141,79.564755,0.0],[21.283349,79.565383,0.0],[21.277628,79.565974,0.0],[21.255109,79.569619,0.0],[21.237618,79.571969,0.0],[21.204504,79.57584,0.0],[21.2,79.576716,0.0],[21.199512,79.578351,0.0],[21.19683,79.579176,0.0],[21.193909,79.579607,0.0],[21.182136,79.580265,0.0],[21.176605,79.5803,0.0],[21.172736,79.580016,0.0],[21.166636,79.579081,0.0],[21.165443,79.578626,0.0],[21.165916,79.578306,0.0],[21.165308,79.57772,0.0],[21.16287,79.577169,0.0],[21.151122,79.576964,0.0],[21.145125,79.577103,0.0],[21.139548,79.577735,0.0],[21.136799,79.578458,0.0],[21.116878,79.579197,0.0],[21.109229,79.580131,0.0],[21.103532,79.581244,0.0],[21.100624,79.582135,0.0],[21.100144,79.584512,0.0],[21.104561,79.587106,0.0],[21.108203,79.588137,0.0],[21.111639,79.588812,0.0],[21.115881,79.59019,0.0],[21.115889,79.591367,0.0],[21.114846,79.591715,0.0],[21.079128,79.593567,0.0],[21.069066,79.594881,0.0],[21.062454,79.596081,0.0],[21.052411,79.598373,0.0],[21.048741,79.599517,0.0],[21.041337,79.600292,0.0],[21.031484,79.600574,0.0],[21.022663,79.6003,0.0],[21.012901,79.599798,0.0],[21.004635,79.599073,0.0],[20.997673,79.597786,0.0],[20.996123,79.596495,0.0],[20.991923,79.595303,0.0],[20.9873,79.594314,0.0],[20.983599,79.593992,0.0],[20.977978,79.594096,0.0],[20.969604,79.594594,0.0],[20.955485,79.595931,0.0],[20.949978,79.596717,0.0],[20.946888,79.597947,0.0],[20.9487,79.599233,0.0],[20.952148,79.600538,0.0],[20.951784,79.601327,0.0],[20.953405,79.602274,0.0],[20.965903,79.60473,0.0],[20.972377,79.605637,0.0],[20.978325,79.607041,0.0],[20.981825,79.607954,0.0],[20.98033,79.608735,0.0],[20.963978,79.610387,0.0],[20.961793,79.611307,0.0],[20.958693,79.612048,0.0],[20.954299,79.612423,0.0],[20.949685,79.61241,0.0],[20.945396,79.610584,0.0],[20.94134,79.610121,0.0],[20.927924,79.611786,0.0],[20.921044,79.613036,0.0],[20.921055,79.614014,0.0],[20.923371,79.614753,0.0],[20.924641,79.61556,0.0],[20.924301,79.616397,0.0],[20.912055,79.62063,0.0],[20.910399,79.62154,0.0],[20.906114,79.622596,0.0],[20.901714,79.622969,0.0],[20.89715,79.623053,0.0],[20.890715,79.624148,0.0],[20.884971,79.624546,0.0],[20.882449,79.624885,0.0],[20.882776,79.625466,0.0],[20.884748,79.626006,0.0],[20.88759,79.626306,0.0],[20.900098,79.628277,0.0],[20.901422,79.629181,0.0],[20.900329,79.630129,0.0],[20.893567,79.631133,0.0],[20.884408,79.63174,0.0],[20.848295,79.63269,0.0],[20.841901,79.633392,0.0],[20.838435,79.633992,0.0],[20.83833,79.634776,0.0],[20.842418,79.635288,0.0],[20.857017,79.635659,0.0],[20.864894,79.635662,0.0],[20.893535,79.636851,0.0],[20.899722,79.637226,0.0],[20.901368,79.638114,0.0],[20.900838,79.638721,0.0],[20.89561,79.640527,0.0],[20.931833,79.642019,0.0],[20.967821,79.64351,0.0],[21.008085,79.645469,0.0],[21.056784,79.646364,0.0],[21.150971,79.649455,0.0],[21.182181,79.649581,0.0],[21.22169,79.648461,0.0],[21.265483,79.647795,0.0],[21.297035,79.64682,0.0],[21.32241,79.645601,0.0],[21.353421,79.642103,0.0],[21.379343,79.638522,0.0],[21.412078,79.634622,0.0],[21.486885,79.627235,0.0]]]}},{"type":"Feature","properties":{"rgi_id":"RGI2000-v7.0-G-07-01333","o1region":"07"},"geometry":{"type":"Polygon","coordinates":[[[22.78762,79.553498,0.0],[22.805394,79.537535,0.0],[22.830872,79.523173,0.0],[22.871381,79.498281,0.0],[22.904265,79.476556,0.0],[22.93412,79.45968,0.0],[22.957359,79.447147,0.0],[22.9628,79.432672,0.0],[22.965474,79.418863,0.0],[22.94707,79.400349,0.0],[22.938654,79.40073,0.0],[22.92887,79.401735,0.0],[22.920171,79.404818,0.0],[22.915063,79.405958,0.0],[22.910938,79.410273,0.0],[22.906871,79.412818,0.0],[22.886738,79.417198,0.0],[22.882889,79.41881,0.0],[22.884994,79.421032,0.0],[22.885917,79.42311,0.0],[22.885419,79.425317,0.0],[22.870742,79.430906,0.0],[22.869918,79.432275,0.0],[22.854428,79.436788,0.0],[22.850605,79.439073,0.0],[22.85039,79.441268,0.0],[22.847383,79.444038,0.0],[22.844543,79.445793,0.0],[22.839322,79.447439,0.0],[22.823541,79.450356,0.0],[22.817082,79.452201,0.0],[22.809274,79.455341,0.0],[22.799428,79.456342,0.0],[22.781679,79.456611,0.0],[22.775202,79.457191,0.0],[22.768907,79.458019,0.0],[22.767528,79.459906,0.0],[22.764578,79.460905,0.0],[22.748062,79.463499,0.0],[22.732745,79.466483,0.0],[22.721735,79.467173,0.0],[22.709155,79.466974,0.0],[22.702668,79.467553,0.0],[22.698257,79.470355,0.0],[22.691071,79.471876,0.0],[22.682648,79.472333,0.0],[22.673866,79.472293,0.0],[22.665962,79.471558,0.0],[22.656574,79.471954,0.0],[22.648688,79.473154,0.0],[22.644628,79.475189,0.0],[22.630125,79.48,0.0],[22.625487,79.48188,0.0],[22.615956,79.483371,0.0],[22.607856,79.48365,0.0],[22.603286,79.484349,0.0],[22.574518,79.493118,0.0],[22.550681,79.499157,0.0],[22.543986,79.50142,0.0],[22.540036,79.502356,0.0],[22.51969,79.504268,0.0],[22.512555,79.505279,0.0],[22.505057,79.507728,0.0],[22.497649,79.508805,0.0],[22.487363,79.509492,0.0],[22.479489,79.510771,0.0],[22.466816,79.513762,0.0],[22.457072,79.515673,0.0],[22.43503,79.520481,0.0],[22.419368,79.523202,0.0],[22.399483,79.525853,0.0],[22.38305,79.527496,0.0],[22.372351,79.52808,0.0],[22.363696,79.52828,0.0],[22.351571,79.528813,0.0],[22.34674,79.52985,0.0],[22.346753,79.531195,0.0],[22.355001,79.53273,0.0],[22.374495,79.535772,0.0],[22.394219,79.540112,0.0],[22.399206,79.541931,0.0],[22.399226,79.543277,0.0],[22.39119,79.543716,0.0],[22.382233,79.543502,0.0],[22.378791,79.541899,0.0],[22.371585,79.540215,0.0],[22.353078,79.536939,0.0],[22.344288,79.535627,0.0],[22.337889,79.533755,0.0],[22.332853,79.531179,0.0],[22.33016,79.529306,0.0],[22.331112,79.527349,0.0],[22.334001,79.525515,0.0],[22.338999,79.524054,0.0],[22.343591,79.522013,0.0],[22.339284,79.517821,0.0],[22.340061,79.515616,0.0],[22.343509,79.513265,0.0],[22.345591,79.510945,0.0],[22.350292,79.509069,0.0],[22.356809,79.507152,0.0],[22.364688,79.505203,0.0],[22.39394,79.500148,0.0],[22.402445,79.499109,0.0],[22.424072,79.49507,0.0],[22.427332,79.493143,0.0],[22.425715,79.491497,0.0],[22.42966,79.48989,0.0],[22.436163,79.488644,0.0],[22.442049,79.487833,0.0],[22.446777,79.486458,0.0],[22.446269,79.485967,0.0],[22.449043,79.482704,0.0],[22.445352,79.479424,0.0],[22.439318,79.478051,0.0],[22.430473,79.477921,0.0],[22.422372,79.478195,0.0],[22.414618,79.478966,0.0],[22.407096,79.480067,0.0],[22.395056,79.48262,0.0],[22.389805,79.484341,0.0],[22.38123,79.487906,0.0],[22.375571,79.489047,0.0],[22.366956,79.48992,0.0],[22.356805,79.490576,0.0],[22.350573,79.491562,0.0],[22.349678,79.492929,0.0],[22.343673,79.494246,0.0],[22.33477,79.495377,0.0],[22.321208,79.496447,0.0],[22.294573,79.495292,0.0],[22.279188,79.495729,0.0],[22.267725,79.495247,0.0],[22.258164,79.494445,0.0],[22.24637,79.492273,0.0],[22.239504,79.490327,0.0],[22.22391,79.484373,0.0],[22.218242,79.482819,0.0],[22.20171,79.479002,0.0],[22.195068,79.478551,0.0],[22.180952,79.478786,0.0],[22.175164,79.479758,0.0],[22.16994,79.480886,0.0],[22.16262,79.48164,0.0],[22.158424,79.481566,0.0],[22.152818,79.480767,0.0],[22.141703,79.475214,0.0],[22.141269,79.473206,0.0],[22.142077,79.471674,0.0],[22.149522,79.469067,0.0],[22.154071,79.466946,0.0],[22.159401,79.465985,0.0],[22.159088,79.462796,0.0],[22.153223,79.460237,0.0],[22.141044,79.455802,0.0],[22.134672,79.453843,0.0],[22.130677,79.451998,0.0],[22.126206,79.450744,0.0],[22.120702,79.450189,0.0],[22.116619,79.450212,0.0],[22.109261,79.450882,0.0],[22.104275,79.451667,0.0],[22.101939,79.452981,0.0],[22.101865,79.454244,0.0],[22.097671,79.454842,0.0],[22.093598,79.454933,0.0],[22.083705,79.454566,0.0],[22.072974,79.453629,0.0],[22.068128,79.45256,0.0],[22.059951,79.451313,0.0],[22.055725,79.450482,0.0],[22.052692,79.449372,0.0],[22.047165,79.448654,0.0],[22.039652,79.448401,0.0],[22.026128,79.448829,0.0],[22.022169,79.448591,0.0],[22.02135,79.447798,0.0],[22.02279,79.446505,0.0],[22.022366,79.445169,0.0],[22.019119,79.443728,0.0],[22.011406,79.442469,0.0],[22.004833,79.440849,0.0],[21.993064,79.436906,0.0],[21.987891,79.436011,0.0],[21.989372,79.435474,0.0],[21.989856,79.434118,0.0],[21.986328,79.432935,0.0],[21.978539,79.432939,0.0],[21.967767,79.432588,0.0],[21.943734,79.430174,0.0],[21.918726,79.43047,0.0],[21.910917,79.431145,0.0],[21.900493,79.430617,0.0],[21.89079,79.430492,0.0],[21.881754,79.430689,0.0],[21.872189,79.431485,0.0],[21.863687,79.432511,0.0],[21.847157,79.435306,0.0],[21.839128,79.437077,0.0],[21.835725,79.437487,0.0],[21.829634,79.437282,0.0],[21.817454,79.435444,0.0],[21.811922,79.435395,0.0],[21.794344,79.435857,0.0],[21.782882,79.435851,0.0],[21.769484,79.434961,0.0],[21.750462,79.432426,0.0],[21.74034,79.431634,0.0],[21.732046,79.431558,0.0],[21.719594,79.432136,0.0],[21.72591,79.443709,0.0],[21.73994,79.457545,0.0],[21.756397,79.480644,0.0],[21.771443,79.493173,0.0],[21.776178,79.508812,0.0],[21.78799,79.527193,0.0],[21.799543,79.542367,0.0],[21.800954,79.555509,0.0],[21.81325,79.564375,0.0],[21.846845,79.566754,0.0],[21.876632,79.573083,0.0],[21.962656,79.58671,0.0],[22.03897,79.59511,0.0],[22.116481,79.60192,0.0],[22.177458,79.606372,0.0],[22.257256,79.6131,0.0],[22.304027,79.609328,0.0],[22.372354,79.59963,0.0],[22.439258,79.59111,0.0],[22.517138,79.583092,0.0],[22.605704,79.575186,0.0],[22.668334,79.5671,0.0],[22.738016,79.559992,0.0],[22.78762,79.553498,0.0]]]}},{"type":"Feature","properties":{"rgi_id":"RGI2000-v7.0-G-07-01334","o1region":"07"},"geometry":{"type":"Polygon","coordinates":[[[21.831931,79.691047,0.0],[21.855304,79.689419,0.0],[21.897533,79.682953,0.0],[21.94195,79.681222,0.0],[21.961685,79.681331,0.0],[22.000294,79.681542,0.0],[22.030084,79.680503,0.0],[22.02912,79.676815,0.0],[22.04287,79.673356,0.0],[22.052134,79.67233,0.0],[22.058745,79.671911,0.0],[22.076914,79.668216,0.0],[22.076747,79.666846,0.0],[22.067803,79.66608,0.0],[22.061529,79.663607,0.0],[22.063443,79.661916,0.0],[22.087424,79.658918,0.0],[22.099054,79.655777,0.0],[22.109634,79.653345,0.0],[22.1319,79.652926,0.0],[22.152291,79.653089,0.0],[22.18816,79.654078,0.0],[22.209443,79.653878,0.0],[22.217539,79.654522,0.0],[22.221836,79.648729,0.0],[22.230522,79.642754,0.0],[22.243942,79.625541,0.0],[22.257256,79.6131,0.0],[22.177458,79.606372,0.0],[22.116481,79.60192,0.0],[22.03897,79.59511,0.0],[21.962656,79.58671,0.0],[21.876632,79.573083,0.0],[21.846845,79.566754,0.0],[21.81325,79.564375,0.0],[21.77655,79.567089,0.0],[21.728647,79.572356,0.0],[21.679559,79.579187,0.0],[21.620328,79.586992,0.0],[21.564559,79.597036,0.0],[21.528422,79.604348,0.0],[21.503301,79.612206,0.0],[21.492505,79.619,0.0],[21.486885,79.627235,0.0],[21.51801,79.628928,0.0],[21.608167,79.635602,0.0],[21.652071,79.63702,0.0],[21.687007,79.637844,0.0],[21.67745,79.643072,0.0],[21.663951,79.652251,0.0],[21.641381,79.661664,0.0],[21.638819,79.662805,0.0],[21.637898,79.664347,0.0],[21.634973,79.665463,0.0],[21.628106,79.669364,0.0],[21.62142,79.674101,0.0],[21.61763,79.674955,0.0],[21.596462,79.676289,0.0],[21.591775,79.677099,0.0],[21.588686,79.678327,0.0],[21.587438,79.681196,0.0],[21.589465,79.681931,0.0],[21.589496,79.682801,0.0],[21.587289,79.684244,0.0],[21.587433,79.685018,0.0],[21.589933,79.685402,0.0],[21.59156,79.686053,0.0],[21.586584,79.688329,0.0],[21.586938,79.689161,0.0],[21.588547,79.689781,0.0],[21.588765,79.690398,0.0],[21.587242,79.691827,0.0],[21.585196,79.692708,0.0],[21.590039,79.692951,0.0],[21.592524,79.692217,0.0],[21.594503,79.692052,0.0],[21.597495,79.692116,0.0],[21.603908,79.692917,0.0],[21.611166,79.692862,0.0],[21.61359,79.693124,0.0],[21.638754,79.693914,0.0],[21.65333,79.693895,0.0],[21.658715,79.694437,0.0],[21.668096,79.69471,0.0],[21.682119,79.694639,0.0],[21.691171,79.693861,0.0],[21.707618,79.693242,0.0],[21.710841,79.693392,0.0],[21.714601,79.694371,0.0],[21.718287,79.694699,0.0],[21.721333,79.694574,0.0],[21.726914,79.693805,0.0],[21.730332,79.693718,0.0],[21.734917,79.693825,0.0],[21.73756,79.693615,0.0],[21.740493,79.693585,0.0],[21.769844,79.693843,0.0],[21.782886,79.69413,0.0],[21.789247,79.694028,0.0],[21.797774,79.694315,0.0],[21.804134,79.694741,0.0],[21.808258,79.693877,0.0],[21.815646,79.693225,0.0],[21.821583,79.693006,0.0],[21.823397,79.692595,0.0],[21.82385,79.691435,0.0],[21.825724,79.691116,0.0],[21.828233,79.69097,0.0],[21.831931,79.691047,0.0]],[[21.964653,79.649987,0.0],[21.958688,79.650741,0.0],[21.954096,79.650572,0.0],[21.946718,79.649211,0.0],[21.938085,79.64895,0.0],[21.928009,79.647631,0.0],[21.91694,79.647079,0.0],[21.908601,79.647258,0.0],[21.894785,79.648179,0.0],[21.874405,79.647452,0.0],[21.865549,79.648356,0.0],[21.866537,79.649855,0.0],[21.852169,79.652217,0.0],[21.834618,79.654288,0.0],[21.81781,79.657504,0.0],[21.805448,79.657701,0.0],[21.803253,79.657203,0.0],[21.800682,79.65561,0.0],[21.803568,79.654176,0.0],[21.801399,79.652025,0.0],[21.809471,79.650344,0.0],[21.827162,79.650519,0.0],[21.83514,79.648702,0.0],[21.834472,79.646519,0.0],[21.826449,79.644767,0.0],[21.823034,79.643447,0.0],[21.82671,79.642331,0.0],[21.848668,79.64146,0.0],[21.861452,79.64138,0.0],[21.886945,79.640836,0.0],[21.904861,79.641615,0.0],[21.917248,79.643048,0.0],[21.92052,79.64423,0.0],[21.927363,79.644798,0.0],[21.947095,79.644553,0.0],[21.956744,79.645597,0.0],[21.958589,79.647614,0.0],[21.961493,79.648982,0.0],[21.964653,79.649987,0.0]],[[21.920556,79.663008,0.0],[21.927081,79.662331,0.0],[21.946728,79.661909,0.0],[21.958142,79.661842,0.0],[21.967514,79.662445,0.0],[21.975764,79.661373,0.0],[21.980024,79.660297,0.0],[21.999757,79.658528,0.0],[22.006619,79.656143,0.0],[22.008452,79.653689,0.0],[22.011191,79.65184,0.0],[22.016559,79.650203,0.0],[22.015581,79.648351,0.0],[22.016086,79.646546,0.0],[22.023263,79.646122,0.0],[22.058587,79.647586,0.0],[22.06904,79.649057,0.0],[22.07306,79.650579,0.0],[22.072857,79.651746,0.0],[22.067236,79.652138,0.0],[22.057338,79.652354,0.0],[22.047513,79.653285,0.0],[22.033451,79.657527,0.0],[22.023113,79.659183,0.0],[22.017741,79.660821,0.0],[22.008645,79.664327,0.0],[21.99007,79.668576,0.0],[21.984611,79.67084,0.0],[21.983398,79.672744,0.0],[21.973314,79.675556,0.0],[21.962043,79.676603,0.0],[21.953937,79.67642,0.0],[21.934562,79.675048,0.0],[21.910405,79.675476,0.0],[21.898999,79.674825,0.0],[21.890135,79.673494,0.0],[21.884916,79.671638,0.0],[21.885973,79.66947,0.0],[21.890561,79.666191,0.0],[21.898812,79.66553,0.0],[21.920556,79.663008,0.0]]]}},{"type":"Feature","properties":{"rgi_id":"RGI2000-v7.0-G-07-01335","o1region":"07"},"geometry":{"type":"Polygon","coordinates":[[[21.641381,79.661664,0.0],[21.663951,79.652251,0.0],[21.67745,79.643072,0.0],[21.687007,79.637844,0.0],[21.652071,79.63702,0.0],[21.608167,79.635602,0.0],[21.51801,79.628928,0.0],[21.486885,79.627235,0.0],[21.412078,79.634622,0.0],[21.379343,79.638522,0.0],[21.353421,79.642103,0.0],[21.32241,79.645601,0.0],[21.297035,79.64682,0.0],[21.265483,79.647795,0.0],[21.22169,79.648461,0.0],[21.182181,79.649581,0.0],[21.150971,79.649455,0.0],[21.056784,79.646364,0.0],[21.008085,79.645469,0.0],[20.967821,79.64351,0.0],[20.931833,79.642019,0.0],[20.89561,79.640527,0.0],[20.892414,79.641122,0.0],[20.885075,79.641598,0.0],[20.846729,79.64178,0.0],[20.839161,79.64209,0.0],[20.833405,79.642488,0.0],[20.826361,79.643983,0.0],[20.826012,79.64482,0.0],[20.829028,79.64584,0.0],[20.834704,79.64635,0.0],[20.838637,79.646497,0.0],[20.841763,79.647711,0.0],[20.843443,79.65071,0.0],[20.843015,79.651402,0.0],[20.844768,79.652103,0.0],[20.852177,79.653191,0.0],[20.857296,79.653587,0.0],[20.86904,79.654155,0.0],[20.871116,79.65446,0.0],[20.868051,79.655297,0.0],[20.8694,79.655761,0.0],[20.868946,79.656405,0.0],[20.863266,79.656948,0.0],[20.856371,79.657268,0.0],[20.848505,79.657313,0.0],[20.843469,79.657551,0.0],[20.832128,79.657707,0.0],[20.829597,79.658534,0.0],[20.818203,79.660547,0.0],[20.812034,79.662173,0.0],[20.808638,79.663406,0.0],[20.805377,79.665371,0.0],[20.800524,79.666435,0.0],[20.79718,79.667765,0.0],[20.797341,79.668055,0.0],[20.799471,79.668457,0.0],[20.802462,79.668446,0.0],[20.806213,79.667359,0.0],[20.81937,79.666047,0.0],[20.833525,79.666037,0.0],[20.837271,79.665432,0.0],[20.845705,79.664449,0.0],[20.86239,79.664098,0.0],[20.865464,79.664238,0.0],[20.866118,79.665398,0.0],[20.870222,79.666399,0.0],[20.872055,79.667936,0.0],[20.873875,79.668399,0.0],[20.876144,79.668632,0.0],[20.881637,79.667546,0.0],[20.883775,79.666467,0.0],[20.887094,79.665858,0.0],[20.891626,79.665776,0.0],[20.896102,79.666133,0.0],[20.898765,79.666522,0.0],[20.903692,79.666597,0.0],[20.907256,79.666422,0.0],[20.910795,79.666741,0.0],[20.916733,79.668056,0.0],[20.921907,79.668564,0.0],[20.927983,79.668508,0.0],[20.933934,79.668234,0.0],[20.941815,79.667597,0.0],[20.952871,79.667174,0.0],[20.960727,79.66703,0.0],[20.968862,79.667373,0.0],[20.974101,79.667988,0.0],[20.976901,79.669141,0.0],[20.98039,79.669899,0.0],[20.991476,79.671118,0.0],[20.993581,79.67212,0.0],[20.99408,79.672987,0.0],[20.99678,79.67343,0.0],[21.00219,79.673275,0.0],[21.009601,79.671823,0.0],[21.017811,79.669643,0.0],[21.020593,79.669701,0.0],[21.021209,79.670237,0.0],[21.019387,79.671312,0.0],[21.014085,79.673766,0.0],[21.010509,79.674788,0.0],[21.011157,79.675574,0.0],[21.013166,79.67594,0.0],[21.012191,79.677362,0.0],[21.010992,79.677933,0.0],[21.005423,79.677817,0.0],[21.003462,79.678127,0.0],[21.002263,79.678697,0.0],[21.000365,79.679116,0.0],[21.000917,79.679544,0.0],[21.005882,79.679671,0.0],[21.006832,79.681845,0.0],[21.004902,79.682209,0.0],[20.998037,79.682501,0.0],[20.995313,79.68414,0.0],[20.98879,79.685027,0.0],[20.986712,79.685668,0.0],[20.988713,79.687549,0.0],[20.992565,79.687861,0.0],[20.997805,79.687928,0.0],[21.0003,79.68854,0.0],[21.002075,79.689493,0.0],[21.003589,79.691053,0.0],[21.006554,79.690889,0.0],[21.013464,79.688022,0.0],[21.02891,79.682475,0.0],[21.036722,79.67855,0.0],[21.04478,79.675057,0.0],[21.048854,79.672077,0.0],[21.048702,79.670765,0.0],[21.051648,79.670053,0.0],[21.057913,79.670319,0.0],[21.064128,79.671024,0.0],[21.07111,79.670948,0.0],[21.080464,79.670225,0.0],[21.089163,79.669951,0.0],[21.113144,79.670211,0.0],[21.121433,79.670501,0.0],[21.135874,79.671291,0.0],[21.159405,79.673588,0.0],[21.165796,79.673928,0.0],[21.170542,79.674393,0.0],[21.174227,79.67423,0.0],[21.1772,79.673156,0.0],[21.18037,79.670968,0.0],[21.182745,79.670337,0.0],[21.188435,79.669211,0.0],[21.193698,79.668525,0.0],[21.2132,79.668089,0.0],[21.227362,79.668495,0.0],[21.236902,79.668928,0.0],[21.247603,79.669862,0.0],[21.256207,79.671021,0.0],[21.266089,79.672587,0.0],[21.271973,79.674076,0.0],[21.278345,79.674662,0.0],[21.293221,79.674804,0.0],[21.306601,79.675315,0.0],[21.311443,79.676207,0.0],[21.313173,79.67679,0.0],[21.329694,79.678779,0.0],[21.332047,79.679535,0.0],[21.33188,79.680957,0.0],[21.333971,79.681563,0.0],[21.341127,79.682009,0.0],[21.345645,79.683771,0.0],[21.346733,79.684705,0.0],[21.342033,79.686031,0.0],[21.309545,79.688669,0.0],[21.300513,79.689677,0.0],[21.28933,79.690265,0.0],[21.282793,79.691131,0.0],[21.277539,79.692127,0.0],[21.270143,79.694429,0.0],[21.26774,79.695585,0.0],[21.267865,79.696076,0.0],[21.270269,79.696329,0.0],[21.287743,79.696462,0.0],[21.303636,79.695105,0.0],[21.322301,79.694063,0.0],[21.328657,79.694031,0.0],[21.331716,79.694527,0.0],[21.333163,79.695485,0.0],[21.333789,79.697076,0.0],[21.336613,79.69995,0.0],[21.336286,79.700882,0.0],[21.332962,79.701933,0.0],[21.331502,79.702048,0.0],[21.326905,79.701897,0.0],[21.323193,79.702031,0.0],[21.320878,79.702477,0.0],[21.320208,79.703076,0.0],[21.330828,79.703239,0.0],[21.335072,79.703543,0.0],[21.34171,79.704297,0.0],[21.34368,79.703982,0.0],[21.355608,79.700767,0.0],[21.357037,79.700076,0.0],[21.361588,79.698938,0.0],[21.36587,79.697363,0.0],[21.367034,79.695739,0.0],[21.365996,79.694047,0.0],[21.368283,79.691738,0.0],[21.368226,79.690138,0.0],[21.370879,79.688429,0.0],[21.374985,79.687078,0.0],[21.376893,79.685163,0.0],[21.376467,79.682963,0.0],[21.374455,79.680186,0.0],[21.371862,79.67847,0.0],[21.3712,79.676385,0.0],[21.370936,79.675451,0.0],[21.373816,79.674621,0.0],[21.377739,79.674489,0.0],[21.413477,79.6745,0.0],[21.423721,79.674628,0.0],[21.431025,79.674483,0.0],[21.444887,79.672992,0.0],[21.483653,79.67045,0.0],[21.498111,79.668945,0.0],[21.519453,79.668404,0.0],[21.527736,79.667575,0.0],[21.548131,79.666223,0.0],[21.571106,79.663602,0.0],[21.583024,79.662746,0.0],[21.587343,79.662995,0.0],[21.59137,79.663521,0.0],[21.600412,79.665159,0.0],[21.609434,79.665306,0.0],[21.616051,79.66506,0.0],[21.636054,79.661667,0.0],[21.639257,79.66138,0.0],[21.641381,79.661664,0.0]]]}},{"type":"Feature","properties":{"rgi_id":"RGI2000-v7.0-G-07-01336","o1region":"07"},"geometry":{"type":"Polygon","coordinates":[[[21.319253,79.835277,0.0],[21.315719,79.834725,0.0],[21.312888,79.834018,0.0],[21.311186,79.833165,0.0],[21.308826,79.833008,0.0],[21.306191,79.832737,0.0],[21.303433,79.831888,0.0],[21.302295,79.831854,0.0],[21.298844,79.831694,0.0],[21.296766,79.831171,0.0],[21.296112,79.830366,0.0],[21.294912,79.829712,0.0],[21.292012,79.82891,0.0],[21.289642,79.829447,0.0],[21.28746,79.830052,0.0],[21.284471,79.830472,0.0],[21.275344,79.833328,0.0],[21.27572,79.833941,0.0],[21.2752,79.834612,0.0],[21.271643,79.83483,0.0],[21.268527,79.834839,0.0],[21.264964,79.834757,0.0],[21.261626,79.83452,0.0],[21.25752,79.834072,0.0],[21.252551,79.833603,0.0],[21.249646,79.832682,0.0],[21.246264,79.83237,0.0],[21.243542,79.831745,0.0],[21.240564,79.831051,0.0],[21.236988,79.831118,0.0],[21.235621,79.830683,0.0],[21.229497,79.830697,0.0],[21.227708,79.830205,0.0],[21.222464,79.829628,0.0],[21.216904,79.829057,0.0],[21.209438,79.828672,0.0],[21.205051,79.828455,0.0],[21.19956,79.828521,0.0],[21.196083,79.828398,0.0],[21.192914,79.828083,0.0],[21.189391,79.827886,0.0],[21.188744,79.828574,0.0],[21.188764,79.829664,0.0],[21.186983,79.829885,0.0],[21.183236,79.829317,0.0],[21.178701,79.828501,0.0],[21.17461,79.827713,0.0],[21.172668,79.826961,0.0],[21.170802,79.825982,0.0],[21.166091,79.824868,0.0],[21.159623,79.824012,0.0],[21.156536,79.824183,0.0],[21.15213,79.823927,0.0],[21.147161,79.823795,0.0],[21.144826,79.823801,0.0],[21.143134,79.824171,0.0],[21.141712,79.823805,0.0],[21.138041,79.823477,0.0],[21.133037,79.822932,0.0],[21.130513,79.822266,0.0],[21.131463,79.821722,0.0],[21.129818,79.820965,0.0],[21.126792,79.82102,0.0],[21.124302,79.820766,0.0],[21.121991,79.820315,0.0],[21.123238,79.820187,0.0],[21.122387,79.819806,0.0],[21.120926,79.81974,0.0],[21.117928,79.819345,0.0],[21.116611,79.818919,0.0],[21.114398,79.818058,0.0],[21.111577,79.817247,0.0],[21.109641,79.816494,0.0],[21.106766,79.815946,0.0],[21.105229,79.815148,0.0],[21.104126,79.813846,0.0],[21.097611,79.813412,0.0],[21.095655,79.813335,0.0],[21.094479,79.812703,0.0],[21.093063,79.812282,0.0],[21.090943,79.812141,0.0],[21.088372,79.811442,0.0],[21.086028,79.811786,0.0],[21.085939,79.812351,0.0],[21.084467,79.813092,0.0],[21.082333,79.813432,0.0],[21.082763,79.8138,0.0],[21.080562,79.814029,0.0],[21.07885,79.813647,0.0],[21.077623,79.81337,0.0],[21.072975,79.81323,0.0],[21.067193,79.81315,0.0],[21.06023,79.812865,0.0],[21.05205,79.812678,0.0],[21.045949,79.812415,0.0],[21.040798,79.812322,0.0],[21.037105,79.81254,0.0],[21.032042,79.812596,0.0],[21.02939,79.812419,0.0],[21.026116,79.81263,0.0],[21.020668,79.812392,0.0],[21.017351,79.812528,0.0],[21.013425,79.812713,0.0],[21.006666,79.813137,0.0],[21.002319,79.813329,0.0],[20.996611,79.813734,0.0],[20.99101,79.814325,0.0],[20.98856,79.814858,0.0],[20.985313,79.815481,0.0],[20.981914,79.815843,0.0],[20.977146,79.816043,0.0],[20.971805,79.81599,0.0],[20.967559,79.815992,0.0],[20.963662,79.8155,0.0],[20.959493,79.815457,0.0],[20.961225,79.816687,0.0],[20.963345,79.816828,0.0],[20.965775,79.817504,0.0],[20.966293,79.818395,0.0],[20.965629,79.818882,0.0],[20.964902,79.819458,0.0],[20.961631,79.820044,0.0],[20.95976,79.82031,0.0],[20.957706,79.820603,0.0],[20.955655,79.821112,0.0],[20.951146,79.822112,0.0],[20.948407,79.822682,0.0],[20.945382,79.822737,0.0],[20.942563,79.823149,0.0],[20.938529,79.823222,0.0],[20.939768,79.82536,0.0],[20.93876,79.825379,0.0],[20.937931,79.826426,0.0],[20.942,79.83015,0.0],[20.952991,79.833127,0.0],[20.954665,79.83416,0.0],[20.96537,79.836865,0.0],[20.968288,79.840212,0.0],[20.973742,79.841674,0.0],[20.974982,79.842814,0.0],[20.97999,79.844535,0.0],[20.992679,79.846217,0.0],[20.996036,79.847196,0.0],[21.001395,79.847905,0.0],[21.008846,79.850127,0.0],[21.010451,79.851185,0.0],[21.015544,79.852893,0.0],[21.017631,79.853169,0.0],[21.026703,79.855898,0.0],[21.030083,79.857577,0.0],[21.034898,79.857998,0.0],[21.037071,79.859507,0.0],[21.040453,79.859548,0.0],[21.044016,79.860383,0.0],[21.045296,79.861714,0.0],[21.05746,79.864907,0.0],[21.065406,79.86801,0.0],[21.076621,79.870957,0.0],[21.084015,79.871616,0.0],[21.089577,79.872421,0.0],[21.095259,79.873661,0.0],[21.11863,79.876533,0.0],[21.121542,79.877985,0.0],[21.12494,79.878431,0.0],[21.129012,79.881664,0.0],[21.150061,79.884457,0.0],[21.152774,79.884623,0.0],[21.156636,79.885463,0.0],[21.160539,79.886706,0.0],[21.162789,79.888543,0.0],[21.167375,79.88939,0.0],[21.169448,79.891128,0.0],[21.174148,79.891921,0.0],[21.176102,79.892768,0.0],[21.179718,79.892959,0.0],[21.181734,79.893833,0.0],[21.187447,79.894475,0.0],[21.198242,79.897776,0.0],[21.201438,79.90152,0.0],[21.203915,79.902105,0.0],[21.211813,79.90673,0.0],[21.214261,79.907308,0.0],[21.215843,79.908276,0.0],[21.220485,79.909096,0.0],[21.222561,79.910853,0.0],[21.227243,79.911679,0.0],[21.229975,79.914468,0.0],[21.236075,79.915183,0.0],[21.238133,79.915745,0.0],[21.241006,79.919264,0.0],[21.242772,79.919381,0.0],[21.241003,79.915716,0.0],[21.24368,79.914954,0.0],[21.240307,79.907862,0.0],[21.245728,79.906654,0.0],[21.247243,79.905697,0.0],[21.246666,79.902239,0.0],[21.247882,79.901721,0.0],[21.246868,79.894107,0.0],[21.248034,79.89361,0.0],[21.247235,79.890731,0.0],[21.255345,79.888788,0.0],[21.256553,79.885868,0.0],[21.259525,79.884933,0.0],[21.260528,79.883991,0.0],[21.265329,79.882139,0.0],[21.274529,79.879954,0.0],[21.278689,79.877616,0.0],[21.282558,79.87702,0.0],[21.287302,79.875745,0.0],[21.292237,79.873265,0.0],[21.299485,79.870721,0.0],[21.309776,79.868125,0.0],[21.311912,79.866367,0.0],[21.318864,79.864545,0.0],[21.323264,79.864414,0.0],[21.329458,79.863724,0.0],[21.337283,79.860547,0.0],[21.340309,79.858348,0.0],[21.408356,79.842493,0.0],[21.407218,79.842338,0.0],[21.399218,79.843832,0.0],[21.389937,79.844117,0.0],[21.389714,79.843761,0.0],[21.388704,79.84378,0.0],[21.389435,79.842557,0.0],[21.388193,79.8424,0.0],[21.386986,79.842987,0.0],[21.383931,79.843469,0.0],[21.381823,79.843933,0.0],[21.379083,79.844409,0.0],[21.376449,79.844799,0.0],[21.373639,79.845163,0.0],[21.371356,79.845348,0.0],[21.370412,79.844859,0.0],[21.369221,79.844488,0.0],[21.366415,79.844345,0.0],[21.365541,79.843967,0.0],[21.363472,79.843725,0.0],[21.361092,79.842982,0.0],[21.360044,79.842326,0.0],[21.357327,79.842068,0.0],[21.3544,79.84173,0.0],[21.351898,79.841046,0.0],[21.347908,79.840023,0.0],[21.344888,79.839042,0.0],[21.34066,79.838641,0.0],[21.338544,79.838062,0.0],[21.334482,79.837436,0.0],[21.330281,79.83684,0.0],[21.327273,79.836109,0.0],[21.326362,79.835357,0.0],[21.319253,79.835277,0.0]]]}},{"type":"Feature","properties":{"rgi_id":"RGI2000-v7.0-G-07-01337","o1region":"07"},"geometry":{"type":"Polygon","coordinates":[[[20.90843,79.809898,0.0],[20.907815,79.808829,0.0],[20.913921,79.805297,0.0],[20.915792,79.801481,0.0],[20.917605,79.800635,0.0],[20.917405,79.80061,0.0],[20.915545,79.800372,0.0],[20.912205,79.800094,0.0],[20.909473,79.799768,0.0],[20.908565,79.799296,0.0],[20.906861,79.798914,0.0],[20.904926,79.798498,0.0],[20.902465,79.797904,0.0],[20.899734,79.797578,0.0],[20.896519,79.797147,0.0],[20.895677,79.796787,0.0],[20.892423,79.796658,0.0],[20.889632,79.796595,0.0],[20.888285,79.796094,0.0],[20.88478,79.795894,0.0],[20.881399,79.795542,0.0],[20.876717,79.795137,0.0],[20.872163,79.794956,0.0],[20.868826,79.794678,0.0],[20.864001,79.794765,0.0],[20.86031,79.794981,0.0],[20.85752,79.794918,0.0],[20.853848,79.794796,0.0],[20.851078,79.794771,0.0],[20.848623,79.794552,0.0],[20.846441,79.79444,0.0],[20.843481,79.79408,0.0],[20.840816,79.793865,0.0],[20.837752,79.793319,0.0],[20.835128,79.792802,0.0],[20.832296,79.792665,0.0],[20.827913,79.792781,0.0],[20.82548,79.792974,0.0],[20.822271,79.793294,0.0],[20.820845,79.793019,0.0],[20.818768,79.792718,0.0],[20.815957,79.792618,0.0],[20.812832,79.792711,0.0],[20.810755,79.792785,0.0],[20.80721,79.79251,0.0],[20.80484,79.792064,0.0],[20.803162,79.791718,0.0],[20.800813,79.791685,0.0],[20.797772,79.791926,0.0],[20.791333,79.791965,0.0],[20.787411,79.792147,0.0],[20.783257,79.792671,0.0],[20.779669,79.793448,0.0],[20.77648,79.793805,0.0],[20.773982,79.794262,0.0],[20.769618,79.794414,0.0],[20.765967,79.794704,0.0],[20.762023,79.794848,0.0],[20.759,79.795127,0.0],[20.755243,79.795606,0.0],[20.751003,79.79598,0.0],[20.748988,79.796166,0.0],[20.745462,79.796303,0.0],[20.742983,79.796797,0.0],[20.739582,79.797157,0.0],[20.737082,79.797614,0.0],[20.734413,79.798149,0.0],[20.731975,79.798717,0.0],[20.728153,79.799084,0.0],[20.726722,79.79956,0.0],[20.724136,79.800243,0.0],[20.720756,79.800265,0.0],[20.715277,79.800323,0.0],[20.711897,79.800344,0.0],[20.710662,79.800028,0.0],[20.706443,79.800064,0.0],[20.705011,79.800539,0.0],[20.70255,79.80107,0.0],[20.700195,79.801411,0.0],[20.697211,79.801764,0.0],[20.694835,79.802068,0.0],[20.691999,79.802305,0.0],[20.690064,79.802639,0.0],[20.687017,79.802879,0.0],[20.684851,79.80318,0.0],[20.681491,79.803238,0.0],[20.677019,79.803203,0.0],[20.677665,79.803605,0.0],[20.675416,79.803756,0.0],[20.67327,79.804094,0.0],[20.671443,79.804542,0.0],[20.681769,79.808503,0.0],[20.682776,79.808486,0.0],[20.702659,79.814981,0.0],[20.703667,79.814964,0.0],[20.707782,79.816873,0.0],[20.708791,79.816855,0.0],[20.718852,79.820567,0.0],[20.722188,79.821358,0.0],[20.726589,79.823206,0.0],[20.725946,79.823505,0.0],[20.726788,79.823563,0.0],[20.727585,79.824989,0.0],[20.726576,79.825007,0.0],[20.727572,79.82679,0.0],[20.726563,79.826807,0.0],[20.726762,79.827164,0.0],[20.724644,79.827021,0.0],[20.720974,79.826166,0.0],[20.720198,79.826167,0.0],[20.718638,79.826169,0.0],[20.715923,79.826254,0.0],[20.712662,79.826123,0.0],[20.712617,79.826424,0.0],[20.712887,79.826908,0.0],[20.713115,79.827317,0.0],[20.714226,79.827785,0.0],[20.714558,79.82838,0.0],[20.711442,79.82851,0.0],[20.70837,79.828338,0.0],[20.705278,79.828129,0.0],[20.702966,79.827793,0.0],[20.700151,79.827317,0.0],[20.69689,79.827185,0.0],[20.69561,79.826795,0.0],[20.694372,79.826478,0.0],[20.692602,79.826734,0.0],[20.690451,79.827072,0.0],[20.687946,79.827153,0.0],[20.684141,79.826806,0.0],[20.68183,79.82647,0.0],[20.680468,79.825931,0.0],[20.67883,79.825659,0.0],[20.675817,79.825974,0.0],[20.672024,79.826415,0.0],[20.669324,79.826912,0.0],[20.662383,79.826656,0.0],[20.658322,79.826613,0.0],[20.655041,79.826445,0.0],[20.652963,79.826143,0.0],[20.650919,79.82629,0.0],[20.648188,79.825962,0.0],[20.643903,79.82551,0.0],[20.641634,79.825249,0.0],[20.639407,79.825062,0.0],[20.63815,79.824708,0.0],[20.635686,79.824863,0.0],[20.633458,79.824676,0.0],[20.631149,79.82434,0.0],[20.628549,79.823859,0.0],[20.622629,79.823379,0.0],[20.620822,79.822987,0.0],[20.622089,79.822684,0.0],[20.623265,79.822214,0.0],[20.621585,79.821764,0.0],[20.619299,79.821662,0.0],[20.617049,79.821335,0.0],[20.614341,79.821043,0.0],[20.611302,79.820729,0.0],[20.610697,79.820204,0.0],[20.607668,79.8202,0.0],[20.605459,79.820238,0.0],[20.602843,79.820113,0.0],[20.601164,79.819663,0.0],[20.59776,79.819553,0.0],[20.59603,79.819301,0.0],[20.594844,79.819462,0.0],[20.593445,79.819232,0.0],[20.59203,79.818975,0.0],[20.590398,79.818608,0.0],[20.588953,79.818295,0.0],[20.588131,79.817662,0.0],[20.582657,79.816967,0.0],[20.576915,79.81636,0.0],[20.569897,79.815748,0.0],[20.563946,79.815342,0.0],[20.561114,79.815108,0.0],[20.558686,79.814446,0.0],[20.556567,79.814059,0.0],[20.552338,79.813596,0.0],[20.547696,79.813252,0.0],[20.544361,79.812971,0.0],[20.540298,79.812223,0.0],[20.535379,79.811659,0.0],[20.529995,79.810821,0.0],[20.52769,79.810381,0.0],[20.522158,79.809264,0.0],[20.52083,79.808273,0.0],[20.520522,79.807478,0.0],[20.519514,79.807495,0.0],[20.521107,79.811179,0.0],[20.518059,79.813527,0.0],[20.524549,79.826307,0.0],[20.525661,79.827462,0.0],[20.529398,79.828652,0.0],[20.530951,79.829712,0.0],[20.537061,79.831539,0.0],[20.540191,79.835496,0.0],[20.546899,79.838618,0.0],[20.548863,79.840209,0.0],[20.551289,79.84086,0.0],[20.554314,79.844617,0.0],[20.556856,79.845467,0.0],[20.56134,79.85191,0.0],[20.559437,79.852723,0.0],[20.563444,79.857914,0.0],[20.565102,79.858358,0.0],[20.568299,79.860939,0.0],[20.571859,79.861772,0.0],[20.573615,79.863189,0.0],[20.576586,79.863588,0.0],[20.578111,79.868356,0.0],[20.575812,79.869085,0.0],[20.574419,79.871181,0.0],[20.578705,79.871396,0.0],[20.581787,79.872597,0.0],[20.585225,79.873277,0.0],[20.586917,79.87449,0.0],[20.590105,79.874665,0.0],[20.592755,79.876564,0.0],[20.5966,79.877006,0.0],[20.59818,79.878138,0.0],[20.603655,79.879219,0.0],[20.605466,79.880028,0.0],[20.612734,79.880748,0.0],[20.615478,79.881745,0.0],[20.622652,79.883403,0.0],[20.628481,79.88546,0.0],[20.631595,79.88563,0.0],[20.639946,79.887088,0.0],[20.643699,79.887284,0.0],[20.64583,79.888424,0.0],[20.649899,79.888663,0.0],[20.660981,79.891572,0.0],[20.662756,79.893022,0.0],[20.666404,79.893474,0.0],[20.672441,79.895302,0.0],[20.681849,79.896844,0.0],[20.686625,79.899066,0.0],[20.68909,79.899689,0.0],[20.691868,79.902936,0.0],[20.696374,79.903763,0.0],[20.698151,79.904988,0.0],[20.706452,79.907196,0.0],[20.708089,79.908057,0.0],[20.706862,79.910147,0.0],[20.699388,79.912554,0.0],[20.689936,79.918902,0.0],[20.686957,79.921882,0.0],[20.686822,79.925791,0.0],[20.682792,79.927732,0.0],[20.681291,79.930036,0.0],[20.676453,79.933862,0.0],[20.675691,79.935828,0.0],[20.672578,79.937753,0.0],[20.666786,79.939886,0.0],[20.65739,79.94558,0.0],[20.658977,79.947587,0.0],[20.65607,79.954065,0.0],[20.657851,79.955581,0.0],[20.658256,79.959643,0.0],[20.658978,79.960932,0.0],[20.664087,79.962554,0.0],[20.666051,79.964392,0.0],[20.659418,79.965889,0.0],[20.656078,79.969933,0.0],[20.655491,79.972221,0.0],[20.652543,79.974468,0.0],[20.651192,79.976865,0.0],[20.658234,79.977133,0.0],[20.680043,79.976948,0.0],[20.684142,79.977232,0.0],[20.694504,79.977231,0.0],[20.700167,79.977767,0.0],[20.797493,79.976538,0.0],[20.822413,79.97664,0.0],[20.826982,79.97707,0.0],[20.841974,79.976482,0.0],[20.84571,79.976059,0.0],[20.854952,79.97571,0.0],[20.857411,79.975581,0.0],[20.857544,79.97558,0.0],[20.857557,79.975593,0.0],[20.857816,79.975594,0.0],[20.85846,79.975596,0.0],[20.864677,79.975716,0.0],[20.874447,79.975373,0.0],[20.877122,79.974732,0.0],[20.88711,79.97466,0.0],[20.906656,79.974043,0.0],[20.911463,79.973321,0.0],[20.922167,79.973018,0.0],[20.93466,79.972836,0.0],[20.946298,79.973217,0.0],[20.948052,79.973071,0.0],[20.951816,79.972757,0.0],[20.972893,79.972181,0.0],[20.97881,79.971198,0.0],[20.986316,79.970488,0.0],[21.001059,79.970377,0.0],[21.030138,79.969317,0.0],[21.043385,79.968101,0.0],[21.057835,79.966328,0.0],[21.066968,79.964717,0.0],[21.076455,79.963821,0.0],[21.080967,79.963068,0.0],[21.122907,79.96112,0.0],[21.141593,79.960463,0.0],[21.156376,79.959289,0.0],[21.195903,79.95476,0.0],[21.20079,79.954309,0.0],[21.207891,79.954006,0.0],[21.217161,79.952381,0.0],[21.222223,79.952073,0.0],[21.231375,79.950313,0.0],[21.250499,79.949423,0.0],[21.252853,79.949103,0.0],[21.260491,79.947249,0.0],[21.258734,79.942774,0.0],[21.259446,79.942224,0.0],[21.250822,79.924095,0.0],[21.249244,79.923889,0.0],[21.245762,79.92006,0.0],[21.242772,79.919381,0.0],[21.241006,79.919264,0.0],[21.238133,79.915745,0.0],[21.236075,79.915183,0.0],[21.229975,79.914468,0.0],[21.227243,79.911679,0.0],[21.222561,79.910853,0.0],[21.220485,79.909096,0.0],[21.215843,79.908276,0.0],[21.214261,79.907308,0.0],[21.211813,79.90673,0.0],[21.203915,79.902105,0.0],[21.201438,79.90152,0.0],[21.198242,79.897776,0.0],[21.187447,79.894475,0.0],[21.181734,79.893833,0.0],[21.179718,79.892959,0.0],[21.176102,79.892768,0.0],[21.174148,79.891921,0.0],[21.169448,79.891128,0.0],[21.167375,79.88939,0.0],[21.162789,79.888543,0.0],[21.160539,79.886706,0.0],[21.156636,79.885463,0.0],[21.152774,79.884623,0.0],[21.150061,79.884457,0.0],[21.129012,79.881664,0.0],[21.12494,79.878431,0.0],[21.121542,79.877985,0.0],[21.11863,79.876533,0.0],[21.095259,79.873661,0.0],[21.089577,79.872421,0.0],[21.084015,79.871616,0.0],[21.076621,79.870957,0.0],[21.065406,79.86801,0.0],[21.05746,79.864907,0.0],[21.045296,79.861714,0.0],[21.044016,79.860383,0.0],[21.040453,79.859548,0.0],[21.037071,79.859507,0.0],[21.034898,79.857998,0.0],[21.030083,79.857577,0.0],[21.026703,79.855898,0.0],[21.017631,79.853169,0.0],[21.015544,79.852893,0.0],[21.010451,79.851185,0.0],[21.008846,79.850127,0.0],[21.001395,79.847905,0.0],[20.996036,79.847196,0.0],[20.992679,79.846217,0.0],[20.97999,79.844535,0.0],[20.974982,79.842814,0.0],[20.973742,79.841674,0.0],[20.968288,79.840212,0.0],[20.96537,79.836865,0.0],[20.954665,79.83416,0.0],[20.952991,79.833127,0.0],[20.942,79.83015,0.0],[20.937931,79.826426,0.0],[20.93876,79.825379,0.0],[20.939768,79.82536,0.0],[20.938529,79.823222,0.0],[20.935504,79.823276,0.0],[20.93328,79.822956,0.0],[20.931263,79.822993,0.0],[20.929638,79.822436,0.0],[20.934509,79.820987,0.0],[20.934813,79.819787,0.0],[20.925633,79.819309,0.0],[20.925853,79.818035,0.0],[20.9296,79.817406,0.0],[20.931997,79.816562,0.0],[20.931335,79.815785,0.0],[20.929704,79.814801,0.0],[20.922353,79.813469,0.0],[20.917929,79.812389,0.0],[20.90843,79.809898,0.0]]]}},{"type":"Feature","properties":{"rgi_id":"RGI2000-v7.0-G-07-01343","o1region":"07"},"geometry":{"type":"Polygon","coordinates":[[[19.766063,80.125966,0.0],[19.771021,80.126096,0.0],[19.775287,80.125756,0.0],[19.781694,80.125506,0.0],[19.787137,80.125189,0.0],[19.793588,80.125426,0.0],[19.802703,80.126005,0.0],[19.817309,80.12636,0.0],[19.817699,80.126434,0.0],[19.820646,80.126992,0.0],[19.825739,80.127879,0.0],[19.827282,80.129137,0.0],[19.829887,80.130179,0.0],[19.83714,80.130196,0.0],[19.843388,80.130107,0.0],[19.843301,80.129928,0.0],[19.853295,80.129361,0.0],[19.889475,80.128636,0.0],[19.898485,80.127667,0.0],[19.92109,80.127099,0.0],[19.923061,80.126887,0.0],[20.001918,80.125194,0.0],[20.005788,80.124594,0.0],[20.026908,80.123428,0.0],[20.03108,80.12278,0.0],[20.037254,80.122512,0.0],[20.041323,80.121646,0.0],[20.061076,80.121071,0.0],[20.070591,80.119044,0.0],[20.074579,80.118538,0.0],[20.184995,80.117036,0.0],[20.193065,80.117817,0.0],[20.234775,80.117346,0.0],[20.263287,80.117367,0.0],[20.275235,80.117841,0.0],[20.290707,80.117916,0.0],[20.29494,80.11857,0.0],[20.311035,80.118855,0.0],[20.322692,80.119912,0.0],[20.341944,80.119807,0.0],[20.372296,80.121765,0.0],[20.383992,80.122025,0.0],[20.400759,80.121931,0.0],[20.407916,80.122441,0.0],[20.44283,80.122156,0.0],[20.449649,80.122729,0.0],[20.461287,80.123297,0.0],[20.475552,80.124513,0.0],[20.487748,80.125101,0.0],[20.49753,80.126316,0.0],[20.50522,80.12673,0.0],[20.50874,80.127747,0.0],[20.511587,80.127923,0.0],[20.519025,80.129539,0.0],[20.530735,80.129587,0.0],[20.546169,80.130741,0.0],[20.558987,80.131063,0.0],[20.573176,80.132097,0.0],[20.579618,80.13235,0.0],[20.598934,80.132118,0.0],[20.614042,80.131789,0.0],[20.640537,80.130605,0.0],[20.64212,80.1305,0.0],[20.638723,80.126874,0.0],[20.641232,80.12611,0.0],[20.640981,80.123828,0.0],[20.64367,80.123009,0.0],[20.643736,80.121349,0.0],[20.647348,80.120247,0.0],[20.647416,80.118529,0.0],[20.651962,80.11729,0.0],[20.653626,80.114685,0.0],[20.661991,80.112802,0.0],[20.662225,80.112343,0.0],[20.665508,80.111812,0.0],[20.668669,80.109973,0.0],[20.675753,80.107693,0.0],[20.683285,80.10597,0.0],[20.683969,80.105301,0.0],[20.687321,80.1049,0.0],[20.688092,80.103533,0.0],[20.69084,80.102774,0.0],[20.692398,80.101509,0.0],[20.700412,80.099372,0.0],[20.701461,80.09852,0.0],[20.717418,80.096408,0.0],[20.718827,80.095816,0.0],[20.7197,80.094428,0.0],[20.717795,80.092066,0.0],[20.718473,80.090777,0.0],[20.721679,80.089073,0.0],[20.717764,80.087732,0.0],[20.720725,80.085584,0.0],[20.715937,80.084455,0.0],[20.715847,80.082541,0.0],[20.720646,80.080488,0.0],[20.725404,80.077337,0.0],[20.732765,80.073962,0.0],[20.735712,80.073388,0.0],[20.736256,80.072347,0.0],[20.741252,80.07024,0.0],[20.743074,80.06875,0.0],[20.760685,80.062237,0.0],[20.777017,80.056888,0.0],[20.793285,80.053723,0.0],[20.804722,80.053203,0.0],[20.809421,80.052515,0.0],[20.831132,80.050871,0.0],[20.827082,80.043901,0.0],[20.827961,80.042934,0.0],[20.82565,80.040092,0.0],[20.827513,80.035617,0.0],[20.825858,80.030861,0.0],[20.836851,80.026631,0.0],[20.840628,80.024422,0.0],[20.85223,80.02076,0.0],[20.85392,80.019358,0.0],[20.858384,80.018866,0.0],[20.861996,80.017097,0.0],[20.867867,80.01587,0.0],[20.869022,80.013719,0.0],[20.875281,80.013035,0.0],[20.880727,80.01109,0.0],[20.883219,80.010829,0.0],[20.885342,80.010108,0.0],[20.888752,80.009752,0.0],[20.889643,80.008591,0.0],[20.899078,80.006984,0.0],[20.90266,80.006716,0.0],[20.903481,80.005646,0.0],[20.915792,80.003926,0.0],[20.916598,80.003253,0.0],[20.929437,80.00033,0.0],[20.930501,79.999441,0.0],[20.933646,79.999111,0.0],[20.936099,79.997902,0.0],[20.944629,79.996271,0.0],[20.958839,79.994851,0.0],[20.958723,79.993549,0.0],[20.963756,79.989993,0.0],[20.963684,79.988187,0.0],[20.964925,79.987283,0.0],[20.963279,79.982251,0.0],[20.964844,79.981329,0.0],[20.961701,79.975168,0.0],[20.948052,79.973071,0.0],[20.946298,79.973217,0.0],[20.93466,79.972836,0.0],[20.922167,79.973018,0.0],[20.911463,79.973321,0.0],[20.906656,79.974043,0.0],[20.88711,79.97466,0.0],[20.877122,79.974732,0.0],[20.874447,79.975373,0.0],[20.864677,79.975716,0.0],[20.85846,79.975596,0.0],[20.857816,79.975594,0.0],[20.857557,79.975593,0.0],[20.857544,79.97558,0.0],[20.857411,79.975581,0.0],[20.854952,79.97571,0.0],[20.84571,79.976059,0.0],[20.841974,79.976482,0.0],[20.826982,79.97707,0.0],[20.822413,79.97664,0.0],[20.797493,79.976538,0.0],[20.700167,79.977767,0.0],[20.694504,79.977231,0.0],[20.684142,79.977232,0.0],[20.680043,79.976948,0.0],[20.658234,79.977133,0.0],[20.651192,79.976865,0.0],[20.638571,79.977106,0.0],[20.609392,79.976699,0.0],[20.587903,79.975711,0.0],[20.582672,79.975214,0.0],[20.566568,79.974593,0.0],[20.5396,79.974454,0.0],[20.505998,79.97479,0.0],[20.498408,79.974394,0.0],[20.470776,79.973652,0.0],[20.446326,79.972594,0.0],[20.428453,79.972651,0.0],[20.39113,79.973355,0.0],[20.334967,79.973828,0.0],[20.330605,79.973354,0.0],[20.297519,79.973346,0.0],[20.290015,79.972916,0.0],[20.276082,79.972744,0.0],[20.266704,79.971841,0.0],[20.263907,79.971032,0.0],[20.250092,79.970662,0.0],[20.248342,79.970156,0.0],[20.229632,79.968803,0.0],[20.215943,79.969412,0.0],[20.210836,79.969862,0.0],[20.206843,79.970729,0.0],[20.184903,79.973315,0.0],[20.167552,79.976734,0.0],[20.166619,79.976928,0.0],[20.162668,79.978335,0.0],[20.162233,79.979428,0.0],[20.160346,79.979791,0.0],[20.155396,79.982232,0.0],[20.150225,79.983978,0.0],[20.146188,79.984525,0.0],[20.142945,79.986201,0.0],[20.138408,79.987523,0.0],[20.13512,79.989193,0.0],[20.135226,79.991356,0.0],[20.129659,79.992694,0.0],[20.129333,79.994011,0.0],[20.134886,79.994758,0.0],[20.136379,79.996864,0.0],[20.112838,80.018776,0.0],[20.088161,80.027217,0.0],[20.061877,80.034604,0.0],[20.039008,80.043122,0.0],[19.992058,80.048547,0.0],[19.970396,80.048589,0.0],[19.934186,80.04504,0.0],[19.89489,80.044721,0.0],[19.875602,80.04818,0.0],[19.858571,80.049639,0.0],[19.83182,80.05277,0.0],[19.820364,80.051259,0.0],[19.799174,80.051813,0.0],[19.762456,80.050517,0.0],[19.747123,80.046885,0.0],[19.728135,80.044657,0.0],[19.714863,80.044488,0.0],[19.687433,80.045781,0.0],[19.671778,80.05036,0.0],[19.661431,80.052461,0.0],[19.622698,80.054983,0.0],[19.566026,80.059631,0.0],[19.499124,80.062102,0.0],[19.379609,80.072308,0.0],[19.33602,80.074818,0.0],[19.318709,80.075759,0.0],[19.319781,80.076565,0.0],[19.32612,80.077539,0.0],[19.329197,80.07832,0.0],[19.329429,80.078856,0.0],[19.328036,80.080082,0.0],[19.321985,80.080723,0.0],[19.32152,80.081537,0.0],[19.326194,80.081724,0.0],[19.328761,80.082465,0.0],[19.332104,80.083582,0.0],[19.343435,80.084281,0.0],[19.347872,80.084153,0.0],[19.350797,80.083834,0.0],[19.35593,80.084366,0.0],[19.352132,80.085963,0.0],[19.353447,80.087106,0.0],[19.35625,80.087914,0.0],[19.366804,80.087285,0.0],[19.370465,80.087528,0.0],[19.370801,80.08755,0.0],[19.379483,80.088247,0.0],[19.383596,80.087841,0.0],[19.388237,80.087711,0.0],[19.381668,80.089141,0.0],[19.372941,80.09104,0.0],[19.375889,80.091705,0.0],[19.378934,80.092123,0.0],[19.38097,80.091639,0.0],[19.385801,80.091471,0.0],[19.388665,80.091012,0.0],[19.394374,80.090515,0.0],[19.398241,80.090387,0.0],[19.399611,80.090341,0.0],[19.402093,80.090872,0.0],[19.405895,80.090224,0.0],[19.410805,80.089773,0.0],[19.414645,80.090602,0.0],[19.418035,80.090874,0.0],[19.424807,80.090012,0.0],[19.429246,80.089883,0.0],[19.431527,80.089959,0.0],[19.437515,80.089176,0.0],[19.448596,80.088362,0.0],[19.458364,80.087353,0.0],[19.473472,80.086872,0.0],[19.483533,80.086527,0.0],[19.492265,80.085953,0.0],[19.504012,80.085726,0.0],[19.510587,80.085357,0.0],[19.51665,80.085663,0.0],[19.521168,80.086165,0.0],[19.526543,80.086304,0.0],[19.533067,80.087624,0.0],[19.53598,80.08864,0.0],[19.536053,80.090152,0.0],[19.53445,80.091123,0.0],[19.530999,80.091627,0.0],[19.526661,80.092882,0.0],[19.522648,80.093389,0.0],[19.521852,80.093939,0.0],[19.520814,80.093953,0.0],[19.521057,80.094489,0.0],[19.516786,80.095203,0.0],[19.515474,80.096001,0.0],[19.510685,80.096964,0.0],[19.510927,80.0975,0.0],[19.508054,80.098077,0.0],[19.508296,80.098613,0.0],[19.507257,80.098627,0.0],[19.507499,80.099163,0.0],[19.506461,80.099177,0.0],[19.505028,80.100634,0.0],[19.503031,80.10084,0.0],[19.502234,80.10139,0.0],[19.49861,80.101602,0.0],[19.494325,80.102394,0.0],[19.491053,80.104414,0.0],[19.487378,80.105541,0.0],[19.476101,80.1068,0.0],[19.461312,80.108043,0.0],[19.450861,80.109195,0.0],[19.442199,80.110122,0.0],[19.439451,80.11104,0.0],[19.439658,80.112393,0.0],[19.430447,80.113869,0.0],[19.421985,80.116149,0.0],[19.411884,80.119196,0.0],[19.411268,80.121373,0.0],[19.411442,80.122659,0.0],[19.405301,80.123959,0.0],[19.405355,80.124975,0.0],[19.397223,80.125352,0.0],[19.396008,80.126181,0.0],[19.39733,80.127384,0.0],[19.401827,80.128614,0.0],[19.406658,80.129703,0.0],[19.407951,80.130839,0.0],[19.412117,80.132208,0.0],[19.417254,80.13309,0.0],[19.423666,80.133278,0.0],[19.426659,80.133781,0.0],[19.433401,80.134709,0.0],[19.436577,80.134736,0.0],[19.445318,80.135706,0.0],[19.45394,80.136406,0.0],[19.456632,80.137116,0.0],[19.462139,80.137044,0.0],[19.470883,80.136251,0.0],[19.473969,80.135193,0.0],[19.478535,80.133912,0.0],[19.482314,80.132642,0.0],[19.485729,80.131444,0.0],[19.487704,80.130531,0.0],[19.495927,80.129149,0.0],[19.512158,80.127663,0.0],[19.517606,80.125968,0.0],[19.523189,80.12509,0.0],[19.531615,80.124195,0.0],[19.53768,80.124267,0.0],[19.551161,80.121581,0.0],[19.557161,80.120961,0.0],[19.561325,80.120905,0.0],[19.561734,80.121798,0.0],[19.565386,80.122263,0.0],[19.574212,80.12264,0.0],[19.579758,80.122274,0.0],[19.595092,80.123326,0.0],[19.603402,80.12357,0.0],[19.610336,80.124423,0.0],[19.612562,80.125467,0.0],[19.621969,80.126474,0.0],[19.627966,80.12683,0.0],[19.628049,80.127008,0.0],[19.630132,80.12698,0.0],[19.632256,80.12771,0.0],[19.635838,80.12798,0.0],[19.635921,80.128159,0.0],[19.638005,80.12813,0.0],[19.638088,80.128309,0.0],[19.641212,80.128266,0.0],[19.642087,80.127894,0.0],[19.647166,80.12718,0.0],[19.650548,80.126934,0.0],[19.653161,80.127538,0.0],[19.655237,80.127989,0.0],[19.659287,80.128173,0.0],[19.665872,80.128161,0.0],[19.67904,80.128061,0.0],[19.684533,80.12677,0.0],[19.698237,80.12571,0.0],[19.698787,80.125668,0.0],[19.700562,80.125764,0.0],[19.709439,80.126245,0.0],[19.719149,80.126828,0.0],[19.723399,80.126949,0.0],[19.727564,80.126891,0.0],[19.7595,80.125724,0.0],[19.763664,80.125665,0.0],[19.766063,80.125966,0.0]]]}},{"type":"Feature","properties":{"rgi_id":"RGI2000-v7.0-G-07-01364","o1region":"07"},"geometry":{"type":"Polygon","coordinates":[[[20.757648,80.157719,0.0],[20.761254,80.156735,0.0],[20.769527,80.156353,0.0],[20.770053,80.159128,0.0],[20.774224,80.159057,0.0],[20.778055,80.158916,0.0],[20.780848,80.158511,0.0],[20.782985,80.157828,0.0],[20.782798,80.156819,0.0],[20.791595,80.156063,0.0],[20.794455,80.157632,0.0],[20.793412,80.15765,0.0],[20.790213,80.159989,0.0],[20.79475,80.162371,0.0],[20.801444,80.162374,0.0],[20.81172,80.162016,0.0],[20.81752,80.160621,0.0],[20.817725,80.159872,0.0],[20.816564,80.159414,0.0],[20.815521,80.159432,0.0],[20.812703,80.15822,0.0],[20.807801,80.157043,0.0],[20.807487,80.156508,0.0],[20.808926,80.156144,0.0],[20.823573,80.156173,0.0],[20.841187,80.156789,0.0],[20.845437,80.156576,0.0],[20.846795,80.157093,0.0],[20.844742,80.157913,0.0],[20.850714,80.159435,0.0],[20.844043,80.160049,0.0],[20.84358,80.16057,0.0],[20.847076,80.161011,0.0],[20.849709,80.162566,0.0],[20.848602,80.163867,0.0],[20.849839,80.165167,0.0],[20.852774,80.166257,0.0],[20.85505,80.167194,0.0],[20.86114,80.168417,0.0],[20.86993,80.169478,0.0],[20.871185,80.169817,0.0],[20.871886,80.170203,0.0],[20.874432,80.17054,0.0],[20.879128,80.17076,0.0],[20.88014,80.17103,0.0],[20.885709,80.171186,0.0],[20.885815,80.171364,0.0],[20.887903,80.171328,0.0],[20.894804,80.172289,0.0],[20.903475,80.172678,0.0],[20.905328,80.173225,0.0],[20.908184,80.173497,0.0],[20.908397,80.173853,0.0],[20.909441,80.173835,0.0],[20.909859,80.176254,0.0],[20.906562,80.177847,0.0],[20.907307,80.179095,0.0],[20.908352,80.179076,0.0],[20.914344,80.182034,0.0],[20.915389,80.182015,0.0],[20.918693,80.183305,0.0],[20.915745,80.184137,0.0],[20.915219,80.18526,0.0],[20.918675,80.18574,0.0],[20.919209,80.186631,0.0],[20.921514,80.186951,0.0],[20.93052,80.187875,0.0],[20.934191,80.188709,0.0],[20.937544,80.189013,0.0],[20.937973,80.189726,0.0],[20.939018,80.189708,0.0],[20.939233,80.190064,0.0],[20.940279,80.190046,0.0],[20.942799,80.190722,0.0],[20.94355,80.19197,0.0],[20.946072,80.192646,0.0],[20.947278,80.19376,0.0],[20.951223,80.194177,0.0],[20.954391,80.195922,0.0],[20.955437,80.195904,0.0],[20.958068,80.196758,0.0],[20.959115,80.19674,0.0],[20.95933,80.197096,0.0],[20.960377,80.197078,0.0],[20.961578,80.197964,0.0],[20.965209,80.198074,0.0],[20.965748,80.198965,0.0],[20.966795,80.198947,0.0],[20.969643,80.200158,0.0],[20.97069,80.200139,0.0],[20.972928,80.200861,0.0],[20.978774,80.201258,0.0],[20.985886,80.200773,0.0],[20.994478,80.200981,0.0],[21.003465,80.200103,0.0],[21.006714,80.200226,0.0],[21.006823,80.200404,0.0],[21.017399,80.200397,0.0],[21.01971,80.200716,0.0],[21.024835,80.200446,0.0],[21.026652,80.201185,0.0],[21.037549,80.202202,0.0],[21.041166,80.203052,0.0],[21.044486,80.203159,0.0],[21.044596,80.203338,0.0],[21.052143,80.203564,0.0],[21.05666,80.204024,0.0],[21.066084,80.203856,0.0],[21.080192,80.202704,0.0],[21.081577,80.202079,0.0],[21.089679,80.200894,0.0],[21.092136,80.19946,0.0],[21.094849,80.199019,0.0],[21.096832,80.198803,0.0],[21.096942,80.198981,0.0],[21.109389,80.198578,0.0],[21.109279,80.198399,0.0],[21.112123,80.198303,0.0],[21.113538,80.198009,0.0],[21.122771,80.197977,0.0],[21.123764,80.198239,0.0],[21.128334,80.198417,0.0],[21.128445,80.198595,0.0],[21.130538,80.198558,0.0],[21.137592,80.199691,0.0],[21.153955,80.200477,0.0],[21.16756,80.20023,0.0],[21.169541,80.200014,0.0],[21.176589,80.200006,0.0],[21.179782,80.199468,0.0],[21.181875,80.19943,0.0],[21.183409,80.198501,0.0],[21.188305,80.197872,0.0],[21.19447,80.197579,0.0],[21.209227,80.197491,0.0],[21.214233,80.197039,0.0],[21.216437,80.197179,0.0],[21.226898,80.196987,0.0],[21.226785,80.196809,0.0],[21.236086,80.196459,0.0],[21.244115,80.195771,0.0],[21.244228,80.195949,0.0],[21.250114,80.19578,0.0],[21.252482,80.195617,0.0],[21.252369,80.195439,0.0],[21.255506,80.195381,0.0],[21.257372,80.194986,0.0],[21.260509,80.194929,0.0],[21.260396,80.19475,0.0],[21.262487,80.194712,0.0],[21.265285,80.19412,0.0],[21.271809,80.193911,0.0],[21.275558,80.193088,0.0],[21.277474,80.192214,0.0],[21.288849,80.190901,0.0],[21.29322,80.189819,0.0],[21.295819,80.189688,0.0],[21.302989,80.188557,0.0],[21.302875,80.188379,0.0],[21.304965,80.18834,0.0],[21.304851,80.188162,0.0],[21.307114,80.18804,0.0],[21.307758,80.187748,0.0],[21.313685,80.187097,0.0],[21.313572,80.186919,0.0],[21.318681,80.186644,0.0],[21.320315,80.185892,0.0],[21.322404,80.185854,0.0],[21.322176,80.185497,0.0],[21.324438,80.185375,0.0],[21.326614,80.184913,0.0],[21.328575,80.183936,0.0],[21.330664,80.183898,0.0],[21.33241,80.183324,0.0],[21.334498,80.183285,0.0],[21.33892,80.181941,0.0],[21.341008,80.181902,0.0],[21.34078,80.181546,0.0],[21.342753,80.181329,0.0],[21.346129,80.180004,0.0],[21.349032,80.17959,0.0],[21.348803,80.179233,0.0],[21.349847,80.179214,0.0],[21.351362,80.178284,0.0],[21.352406,80.178265,0.0],[21.352177,80.177909,0.0],[21.356008,80.177296,0.0],[21.355779,80.17694,0.0],[21.357866,80.176901,0.0],[21.368084,80.174727,0.0],[21.373397,80.173004,0.0],[21.375495,80.168773,0.0],[21.37256,80.168035,0.0],[21.367186,80.165664,0.0],[21.364024,80.164762,0.0],[21.360634,80.163503,0.0],[21.360617,80.162562,0.0],[21.363043,80.160773,0.0],[21.357501,80.160447,0.0],[21.353972,80.159558,0.0],[21.35241,80.158366,0.0],[21.351616,80.157859,0.0],[21.349566,80.156856,0.0],[21.346697,80.155306,0.0],[21.345679,80.154082,0.0],[21.352067,80.153081,0.0],[21.357684,80.151973,0.0],[21.362038,80.15109,0.0],[21.368107,80.150159,0.0],[21.372885,80.149539,0.0],[21.379152,80.149579,0.0],[21.383597,80.150002,0.0],[21.389974,80.150082,0.0],[21.395558,80.149295,0.0],[21.404175,80.148491,0.0],[21.411943,80.147462,0.0],[21.417974,80.145848,0.0],[21.413244,80.145035,0.0],[21.40249,80.1447,0.0],[21.399763,80.14412,0.0],[21.387427,80.143219,0.0],[21.385352,80.143444,0.0],[21.378346,80.143173,0.0],[21.375772,80.142716,0.0],[21.366213,80.143364,0.0],[21.364242,80.14416,0.0],[21.359509,80.145325,0.0],[21.355163,80.145486,0.0],[21.350209,80.144698,0.0],[21.344478,80.144433,0.0],[21.339005,80.144181,0.0],[21.334313,80.143272,0.0],[21.329726,80.141955,0.0],[21.331371,80.141184,0.0],[21.334658,80.14002,0.0],[21.338334,80.139308,0.0],[21.341155,80.139468,0.0],[21.35411,80.139093,0.0],[21.360968,80.139204,0.0],[21.373302,80.138731,0.0],[21.380164,80.138121,0.0],[21.385405,80.137902,0.0],[21.388367,80.138379,0.0],[21.395005,80.137992,0.0],[21.371644,80.135955,0.0],[21.359048,80.13534,0.0],[21.336299,80.135806,0.0],[21.296029,80.13501,0.0],[21.270454,80.136133,0.0],[21.258,80.138156,0.0],[21.236172,80.13828,0.0],[21.204636,80.135948,0.0],[21.172603,80.131214,0.0],[21.165517,80.129271,0.0],[21.154105,80.128247,0.0],[21.151207,80.126732,0.0],[21.149019,80.124252,0.0],[21.137542,80.122053,0.0],[21.139421,80.120339,0.0],[21.13534,80.119013,0.0],[21.136122,80.116779,0.0],[21.129177,80.108393,0.0],[21.129572,80.10355,0.0],[21.121593,80.097892,0.0],[21.120293,80.092112,0.0],[21.113909,80.087199,0.0],[21.113287,80.085427,0.0],[21.115849,80.082375,0.0],[21.115421,80.080338,0.0],[21.11349,80.079497,0.0],[21.110651,80.079158,0.0],[21.10425,80.074008,0.0],[21.098934,80.068001,0.0],[21.093921,80.066544,0.0],[21.090325,80.063457,0.0],[21.088653,80.063037,0.0],[21.084963,80.05859,0.0],[21.078885,80.057269,0.0],[21.076281,80.056416,0.0],[21.074544,80.055176,0.0],[21.072105,80.05469,0.0],[21.066687,80.050815,0.0],[21.060211,80.050169,0.0],[21.057309,80.049193,0.0],[21.05536,80.047597,0.0],[21.051785,80.046951,0.0],[21.050161,80.04589,0.0],[21.036515,80.044011,0.0],[21.027943,80.041941,0.0],[21.024604,80.041523,0.0],[21.014641,80.038784,0.0],[21.011303,80.038366,0.0],[21.00512,80.036793,0.0],[20.987521,80.03417,0.0],[20.98244,80.029548,0.0],[20.979585,80.028975,0.0],[20.973156,80.023316,0.0],[20.97073,80.02283,0.0],[20.968165,80.020164,0.0],[20.964626,80.019453,0.0],[20.960804,80.011329,0.0],[20.9631,80.010804,0.0],[20.96088,80.004448,0.0],[20.964209,80.003373,0.0],[20.958839,79.994851,0.0],[20.944629,79.996271,0.0],[20.936099,79.997902,0.0],[20.933646,79.999111,0.0],[20.930501,79.999441,0.0],[20.929437,80.00033,0.0],[20.916598,80.003253,0.0],[20.915792,80.003926,0.0],[20.903481,80.005646,0.0],[20.90266,80.006716,0.0],[20.899078,80.006984,0.0],[20.889643,80.008591,0.0],[20.888752,80.009752,0.0],[20.885342,80.010108,0.0],[20.883219,80.010829,0.0],[20.880727,80.01109,0.0],[20.875281,80.013035,0.0],[20.869022,80.013719,0.0],[20.867867,80.01587,0.0],[20.861996,80.017097,0.0],[20.858384,80.018866,0.0],[20.85392,80.019358,0.0],[20.85223,80.02076,0.0],[20.840628,80.024422,0.0],[20.836851,80.026631,0.0],[20.825858,80.030861,0.0],[20.827513,80.035617,0.0],[20.82565,80.040092,0.0],[20.827961,80.042934,0.0],[20.827082,80.043901,0.0],[20.831132,80.050871,0.0],[20.809421,80.052515,0.0],[20.804722,80.053203,0.0],[20.793285,80.053723,0.0],[20.777017,80.056888,0.0],[20.760685,80.062237,0.0],[20.743074,80.06875,0.0],[20.741252,80.07024,0.0],[20.736256,80.072347,0.0],[20.735712,80.073388,0.0],[20.732765,80.073962,0.0],[20.725404,80.077337,0.0],[20.720646,80.080488,0.0],[20.715847,80.082541,0.0],[20.715937,80.084455,0.0],[20.720725,80.085584,0.0],[20.717764,80.087732,0.0],[20.721679,80.089073,0.0],[20.718473,80.090777,0.0],[20.717795,80.092066,0.0],[20.7197,80.094428,0.0],[20.718827,80.095816,0.0],[20.717418,80.096408,0.0],[20.701461,80.09852,0.0],[20.700412,80.099372,0.0],[20.692398,80.101509,0.0],[20.69084,80.102774,0.0],[20.688092,80.103533,0.0],[20.687321,80.1049,0.0],[20.683969,80.105301,0.0],[20.683285,80.10597,0.0],[20.675753,80.107693,0.0],[20.668669,80.109973,0.0],[20.665508,80.111812,0.0],[20.662225,80.112343,0.0],[20.661991,80.112802,0.0],[20.653626,80.114685,0.0],[20.651962,80.11729,0.0],[20.647416,80.118529,0.0],[20.647348,80.120247,0.0],[20.643736,80.121349,0.0],[20.64367,80.123009,0.0],[20.640981,80.123828,0.0],[20.641232,80.12611,0.0],[20.638723,80.126874,0.0],[20.64212,80.1305,0.0],[20.653468,80.13078,0.0],[20.661613,80.130529,0.0],[20.669772,80.131117,0.0],[20.669874,80.131296,0.0],[20.674351,80.13136,0.0],[20.676699,80.132067,0.0],[20.682584,80.132403,0.0],[20.687354,80.133637,0.0],[20.689707,80.13574,0.0],[20.693322,80.136454,0.0],[20.695173,80.138792,0.0],[20.697459,80.139113,0.0],[20.698593,80.140474,0.0],[20.701291,80.140909,0.0],[20.706021,80.14791,0.0],[20.707576,80.148184,0.0],[20.709028,80.149479,0.0],[20.710686,80.149932,0.0],[20.713159,80.153611,0.0],[20.715156,80.154804,0.0],[20.719889,80.155736,0.0],[20.729552,80.158913,0.0],[20.740907,80.160746,0.0],[20.744195,80.161624,0.0],[20.747194,80.163297,0.0],[20.751818,80.162798,0.0],[20.753669,80.161747,0.0],[20.757681,80.160999,0.0],[20.757745,80.159698,0.0],[20.757683,80.158438,0.0],[20.757648,80.157719,0.0]],[[20.860713,80.158002,0.0],[20.880612,80.158061,0.0],[20.884172,80.158245,0.0],[20.889093,80.15864,0.0],[20.889083,80.158646,0.0],[20.887685,80.159426,0.0],[20.884326,80.160464,0.0],[20.881793,80.161253,0.0],[20.877157,80.161993,0.0],[20.864743,80.163723,0.0],[20.863,80.163436,0.0],[20.859504,80.161273,0.0],[20.855572,80.160547,0.0],[20.851019,80.158646,0.0],[20.853048,80.158452,0.0],[20.860713,80.158002,0.0]],[[20.980214,80.139412,0.0],[20.976105,80.141188,0.0],[20.972216,80.141611,0.0],[20.962108,80.141683,0.0],[20.959663,80.141407,0.0],[20.96414,80.140583,0.0],[20.97,80.140338,0.0],[20.977649,80.13928,0.0],[20.980214,80.139412,0.0]],[[20.92626,80.131273,0.0],[20.932418,80.130817,0.0],[20.937484,80.131366,0.0],[20.939175,80.132497,0.0],[20.93634,80.133417,0.0],[20.93646,80.134749,0.0],[20.931511,80.135532,0.0],[20.923264,80.135328,0.0],[20.918128,80.134664,0.0],[20.915639,80.133895,0.0],[20.916432,80.132953,0.0],[20.92626,80.131273,0.0]]]}},{"type":"Feature","properties":{"rgi_id":"RGI2000-v7.0-G-07-01365","o1region":"07"},"geometry":{"type":"Polygon","coordinates":[[[21.424456,80.136352,0.0],[21.426419,80.136134,0.0],[21.433759,80.136143,0.0],[21.441669,80.136072,0.0],[21.449732,80.135879,0.0],[21.454971,80.135658,0.0],[21.46076,80.135026,0.0],[21.46651,80.134515,0.0],[21.477033,80.133432,0.0],[21.485242,80.132031,0.0],[21.494167,80.130657,0.0],[21.504426,80.129537,0.0],[21.510584,80.129299,0.0],[21.514663,80.1291,0.0],[21.520231,80.129032,0.0],[21.526552,80.129568,0.0],[21.535099,80.129948,0.0],[21.540258,80.129968,0.0],[21.54703,80.129596,0.0],[21.552337,80.129133,0.0],[21.559848,80.128465,0.0],[21.56274,80.127888,0.0],[21.557604,80.127547,0.0],[21.55198,80.127175,0.0],[21.54505,80.126948,0.0],[21.536325,80.126836,0.0],[21.535525,80.126331,0.0],[21.537007,80.125741,0.0],[21.535771,80.125283,0.0],[21.533559,80.124765,0.0],[21.533247,80.12429,0.0],[21.534598,80.123502,0.0],[21.534815,80.122054,0.0],[21.533702,80.121073,0.0],[21.529435,80.119912,0.0],[21.525327,80.11935,0.0],[21.525938,80.118857,0.0],[21.527829,80.118179,0.0],[21.527429,80.116503,0.0],[21.524677,80.115513,0.0],[21.524616,80.114352,0.0],[21.526431,80.113916,0.0],[21.531913,80.113729,0.0],[21.53645,80.113882,0.0],[21.541987,80.114136,0.0],[21.547056,80.113676,0.0],[21.547556,80.112934,0.0],[21.543982,80.110916,0.0],[21.543961,80.109191,0.0],[21.54727,80.107984,0.0],[21.5608,80.107048,0.0],[21.562637,80.106652,0.0],[21.564708,80.106612,0.0],[21.565509,80.106235,0.0],[21.575209,80.10544,0.0],[21.594039,80.104957,0.0],[21.595874,80.104561,0.0],[21.605194,80.104378,0.0],[21.609659,80.104429,0.0],[21.620573,80.105322,0.0],[21.625107,80.105695,0.0],[21.629049,80.105657,0.0],[21.630728,80.106426,0.0],[21.628465,80.107233,0.0],[21.628913,80.107906,0.0],[21.630955,80.108868,0.0],[21.631351,80.109462,0.0],[21.637138,80.109388,0.0],[21.64087,80.109034,0.0],[21.646993,80.109114,0.0],[21.651307,80.10963,0.0],[21.657695,80.110106,0.0],[21.664164,80.1107,0.0],[21.667814,80.111269,0.0],[21.676819,80.111813,0.0],[21.684504,80.111781,0.0],[21.690903,80.111574,0.0],[21.696868,80.111415,0.0],[21.701671,80.110919,0.0],[21.703929,80.110112,0.0],[21.704641,80.108725,0.0],[21.702933,80.108286,0.0],[21.70277,80.107006,0.0],[21.703432,80.10591,0.0],[21.705422,80.104707,0.0],[21.706127,80.103329,0.0],[21.704734,80.101953,0.0],[21.702129,80.101203,0.0],[21.700622,80.10035,0.0],[21.698345,80.099393,0.0],[21.695688,80.098563,0.0],[21.694155,80.097671,0.0],[21.690578,80.09686,0.0],[21.687285,80.096123,0.0],[21.684579,80.096053,0.0],[21.683512,80.096025,0.0],[21.677453,80.095717,0.0],[21.675666,80.095832,0.0],[21.673878,80.095948,0.0],[21.670233,80.095378,0.0],[21.665739,80.094529,0.0],[21.663789,80.094748,0.0],[21.657359,80.094809,0.0],[21.655276,80.094556,0.0],[21.644279,80.094698,0.0],[21.642432,80.093713,0.0],[21.640997,80.093576,0.0],[21.638217,80.092549,0.0],[21.635168,80.089543,0.0],[21.631798,80.087626,0.0],[21.630496,80.085668,0.0],[21.630937,80.084758,0.0],[21.633855,80.083378,0.0],[21.633059,80.081651,0.0],[21.630401,80.080802,0.0],[21.631239,80.080531,0.0],[21.633705,80.079474,0.0],[21.635992,80.078496,0.0],[21.641038,80.07805,0.0],[21.652335,80.078526,0.0],[21.661805,80.078419,0.0],[21.664209,80.078216,0.0],[21.665247,80.078129,0.0],[21.667866,80.077737,0.0],[21.668207,80.07713,0.0],[21.663638,80.075936,0.0],[21.662323,80.07536,0.0],[21.659216,80.07454,0.0],[21.65918,80.073741,0.0],[21.661007,80.073344,0.0],[21.66319,80.073481,0.0],[21.667462,80.073094,0.0],[21.670615,80.072071,0.0],[21.673147,80.073137,0.0],[21.679112,80.073585,0.0],[21.682556,80.073956,0.0],[21.688551,80.073876,0.0],[21.691218,80.073342,0.0],[21.691191,80.072727,0.0],[21.691955,80.071765,0.0],[21.695145,80.071222,0.0],[21.697144,80.071085,0.0],[21.700335,80.070866,0.0],[21.702684,80.06999,0.0],[21.705069,80.069338,0.0],[21.703269,80.06877,0.0],[21.70323,80.068763,0.0],[21.699307,80.068073,0.0],[21.696666,80.067939,0.0],[21.689784,80.067902,0.0],[21.683607,80.067578,0.0],[21.678489,80.068184,0.0],[21.675373,80.067426,0.0],[21.677272,80.065518,0.0],[21.67674,80.064752,0.0],[21.682275,80.063967,0.0],[21.682842,80.063025,0.0],[21.675577,80.06231,0.0],[21.672693,80.06268,0.0],[21.66935,80.062546,0.0],[21.666105,80.06221,0.0],[21.662623,80.061517,0.0],[21.661204,80.060783,0.0],[21.658789,80.059821,0.0],[21.657575,80.056745,0.0],[21.658953,80.05528,0.0],[21.662536,80.053257,0.0],[21.666068,80.051702,0.0],[21.667947,80.050341,0.0],[21.667253,80.049342,0.0],[21.671501,80.046636,0.0],[21.670787,80.041609,0.0],[21.673953,80.040094,0.0],[21.678999,80.039263,0.0],[21.681767,80.038416,0.0],[21.690678,80.037312,0.0],[21.703752,80.032637,0.0],[21.711931,80.030849,0.0],[21.714702,80.029913,0.0],[21.717814,80.028747,0.0],[21.718603,80.028371,0.0],[21.720181,80.027618,0.0],[21.7182,80.026215,0.0],[21.716516,80.026175,0.0],[21.692979,80.02305,0.0],[21.690721,80.022285,0.0],[21.687259,80.021966,0.0],[21.679057,80.019835,0.0],[21.670069,80.018778,0.0],[21.667178,80.015959,0.0],[21.664654,80.015491,0.0],[21.661787,80.01245,0.0],[21.655029,80.011842,0.0],[21.653,80.010221,0.0],[21.647619,80.009723,0.0],[21.643825,80.008226,0.0],[21.638462,80.007972,0.0],[21.636144,80.006034,0.0],[21.633106,80.005406,0.0],[21.630837,80.003793,0.0],[21.621819,80.000816,0.0],[21.614462,79.999165,0.0],[21.607858,79.985947,0.0],[21.611262,79.984834,0.0],[21.609589,79.980683,0.0],[21.610968,79.979627,0.0],[21.607734,79.976212,0.0],[21.603151,79.973959,0.0],[21.599581,79.973245,0.0],[21.596821,79.97063,0.0],[21.592022,79.969681,0.0],[21.588969,79.966762,0.0],[21.580366,79.964502,0.0],[21.576844,79.960595,0.0],[21.574404,79.960113,0.0],[21.571907,79.957788,0.0],[21.566386,79.957105,0.0],[21.558852,79.955181,0.0],[21.555509,79.954897,0.0],[21.551444,79.954161,0.0],[21.539602,79.954314,0.0],[21.538164,79.953867,0.0],[21.533925,79.953524,0.0],[21.532357,79.953036,0.0],[21.524535,79.952405,0.0],[21.518766,79.951559,0.0],[21.516069,79.951336,0.0],[21.4955,79.951569,0.0],[21.489993,79.950946,0.0],[21.449366,79.948862,0.0],[21.434827,79.9487,0.0],[21.423369,79.947966,0.0],[21.409838,79.947672,0.0],[21.381827,79.947934,0.0],[21.369486,79.947616,0.0],[21.34265,79.947492,0.0],[21.314397,79.947672,0.0],[21.311149,79.947366,0.0],[21.288449,79.947624,0.0],[21.28678,79.948016,0.0],[21.278247,79.948386,0.0],[21.252853,79.949103,0.0],[21.250499,79.949423,0.0],[21.231375,79.950313,0.0],[21.222223,79.952073,0.0],[21.217161,79.952381,0.0],[21.207891,79.954006,0.0],[21.20079,79.954309,0.0],[21.195903,79.95476,0.0],[21.156376,79.959289,0.0],[21.141593,79.960463,0.0],[21.122907,79.96112,0.0],[21.080967,79.963068,0.0],[21.076455,79.963821,0.0],[21.066968,79.964717,0.0],[21.057835,79.966328,0.0],[21.043385,79.968101,0.0],[21.030138,79.969317,0.0],[21.001059,79.970377,0.0],[20.986316,79.970488,0.0],[20.97881,79.971198,0.0],[20.972893,79.972181,0.0],[20.951816,79.972757,0.0],[20.948052,79.973071,0.0],[20.961701,79.975168,0.0],[20.964844,79.981329,0.0],[20.963279,79.982251,0.0],[20.964925,79.987283,0.0],[20.963684,79.988187,0.0],[20.963756,79.989993,0.0],[20.958723,79.993549,0.0],[20.958839,79.994851,0.0],[20.964209,80.003373,0.0],[20.96088,80.004448,0.0],[20.9631,80.010804,0.0],[20.960804,80.011329,0.0],[20.964626,80.019453,0.0],[20.968165,80.020164,0.0],[20.97073,80.02283,0.0],[20.973156,80.023316,0.0],[20.979585,80.028975,0.0],[20.98244,80.029548,0.0],[20.987521,80.03417,0.0],[21.00512,80.036793,0.0],[21.011303,80.038366,0.0],[21.014641,80.038784,0.0],[21.024604,80.041523,0.0],[21.027943,80.041941,0.0],[21.036515,80.044011,0.0],[21.050161,80.04589,0.0],[21.051785,80.046951,0.0],[21.05536,80.047597,0.0],[21.057309,80.049193,0.0],[21.060211,80.050169,0.0],[21.066687,80.050815,0.0],[21.072105,80.05469,0.0],[21.074544,80.055176,0.0],[21.076281,80.056416,0.0],[21.078885,80.057269,0.0],[21.084963,80.05859,0.0],[21.088653,80.063037,0.0],[21.090325,80.063457,0.0],[21.093921,80.066544,0.0],[21.098934,80.068001,0.0],[21.10425,80.074008,0.0],[21.110651,80.079158,0.0],[21.11349,80.079497,0.0],[21.115421,80.080338,0.0],[21.115849,80.082375,0.0],[21.113287,80.085427,0.0],[21.113909,80.087199,0.0],[21.120293,80.092112,0.0],[21.121593,80.097892,0.0],[21.129572,80.10355,0.0],[21.129177,80.108393,0.0],[21.136122,80.116779,0.0],[21.146222,80.117737,0.0],[21.153191,80.120548,0.0],[21.157762,80.123321,0.0],[21.196195,80.123924,0.0],[21.213717,80.125316,0.0],[21.240893,80.127672,0.0],[21.272905,80.132385,0.0],[21.296029,80.13501,0.0],[21.336299,80.135806,0.0],[21.359048,80.13534,0.0],[21.371644,80.135955,0.0],[21.395005,80.137992,0.0],[21.40001,80.137715,0.0],[21.406374,80.136734,0.0],[21.408287,80.136741,0.0],[21.410646,80.13734,0.0],[21.415937,80.13785,0.0],[21.419541,80.137716,0.0],[21.423752,80.137341,0.0],[21.424456,80.136352,0.0]],[[21.658514,80.061918,0.0],[21.658766,80.062922,0.0],[21.653913,80.063163,0.0],[21.649154,80.063546,0.0],[21.64522,80.063912,0.0],[21.643875,80.063146,0.0],[21.645274,80.062108,0.0],[21.652188,80.061827,0.0],[21.658514,80.061918,0.0]],[[21.6473,80.053848,0.0],[21.651453,80.053189,0.0],[21.656443,80.053162,0.0],[21.655823,80.054112,0.0],[21.653095,80.055031,0.0],[21.651238,80.056005,0.0],[21.645233,80.055764,0.0],[21.643572,80.055148,0.0],[21.6473,80.053848,0.0]],[[21.654734,80.052475,0.0],[21.655402,80.051596,0.0],[21.651458,80.051314,0.0],[21.649048,80.052083,0.0],[21.642505,80.052285,0.0],[21.640197,80.051321,0.0],[21.638875,80.049328,0.0],[21.644801,80.048201,0.0],[21.656424,80.048115,0.0],[21.660997,80.049971,0.0],[21.661295,80.051047,0.0],[21.659866,80.052661,0.0],[21.654734,80.052475,0.0]],[[21.428926,80.110348,0.0],[21.434764,80.110341,0.0],[21.437693,80.111229,0.0],[21.4371,80.111525,0.0],[21.431558,80.111721,0.0],[21.430486,80.111412,0.0],[21.42681,80.111257,0.0],[21.425395,80.11028,0.0],[21.428926,80.110348,0.0]],[[21.649101,80.065349,0.0],[21.656652,80.064767,0.0],[21.663758,80.06477,0.0],[21.667944,80.065408,0.0],[21.672194,80.066766,0.0],[21.669067,80.068342,0.0],[21.673858,80.069257,0.0],[21.675317,80.070814,0.0],[21.66873,80.071594,0.0],[21.659651,80.071774,0.0],[21.654575,80.070433,0.0],[21.64777,80.06963,0.0],[21.641074,80.069618,0.0],[21.635318,80.068506,0.0],[21.638816,80.066851,0.0],[21.649101,80.065349,0.0]],[[21.430851,80.108738,0.0],[21.434984,80.109603,0.0],[21.431778,80.110308,0.0],[21.42862,80.110144,0.0],[21.424764,80.109573,0.0],[21.424095,80.108403,0.0],[21.426535,80.108266,0.0],[21.430851,80.108738,0.0]],[[21.592954,80.06531,0.0],[21.593868,80.065112,0.0],[21.593985,80.06529,0.0],[21.592954,80.06531,0.0]],[[21.615107,80.03939,0.0],[21.621019,80.038705,0.0],[21.62557,80.038757,0.0],[21.642323,80.039562,0.0],[21.650224,80.040328,0.0],[21.660683,80.040618,0.0],[21.65923,80.042139,0.0],[21.650687,80.04412,0.0],[21.639965,80.044368,0.0],[21.635352,80.043607,0.0],[21.622897,80.042788,0.0],[21.617111,80.041802,0.0],[21.612101,80.041368,0.0],[21.611922,80.040164,0.0],[21.615107,80.03939,0.0]]]}},{"type":"Feature","properties":{"rgi_id":"RGI2000-v7.0-G-07-01366","o1region":"07"},"geometry":{"type":"Polygon","coordinates":[[[21.782475,80.028885,0.0],[21.788559,80.030213,0.0],[21.798511,80.033595,0.0],[21.805327,80.036465,0.0],[21.807262,80.039997,0.0],[21.80854,80.042899,0.0],[21.809859,80.044838,0.0],[21.811568,80.046328,0.0],[21.810881,80.048388,0.0],[21.809238,80.050067,0.0],[21.806498,80.051588,0.0],[21.807553,80.053391,0.0],[21.807822,80.054469,0.0],[21.809264,80.056245,0.0],[21.809555,80.058208,0.0],[21.814574,80.059258,0.0],[21.817908,80.059551,0.0],[21.819666,80.060598,0.0],[21.826579,80.06154,0.0],[21.826822,80.061896,0.0],[21.827853,80.061875,0.0],[21.831959,80.062935,0.0],[21.835554,80.062439,0.0],[21.846374,80.062165,0.0],[21.85113,80.061006,0.0],[21.857033,80.059428,0.0],[21.862023,80.056847,0.0],[21.872134,80.053676,0.0],[21.874822,80.051815,0.0],[21.881918,80.050847,0.0],[21.881184,80.049779,0.0],[21.882091,80.04958,0.0],[21.884272,80.049716,0.0],[21.884944,80.050183,0.0],[21.887122,80.05032,0.0],[21.891721,80.051438,0.0],[21.894148,80.050415,0.0],[21.905927,80.048501,0.0],[21.914759,80.047899,0.0],[21.922521,80.047665,0.0],[21.923181,80.04711,0.0],[21.92421,80.047089,0.0],[21.928493,80.045737,0.0],[21.934542,80.045431,0.0],[21.938164,80.044635,0.0],[21.937917,80.044279,0.0],[21.939975,80.044236,0.0],[21.941785,80.043838,0.0],[21.941538,80.043482,0.0],[21.943596,80.043439,0.0],[21.947093,80.042465,0.0],[21.949149,80.042422,0.0],[21.949807,80.041867,0.0],[21.955236,80.040672,0.0],[21.959759,80.039675,0.0],[21.963624,80.039234,0.0],[21.965186,80.03848,0.0],[21.967589,80.038108,0.0],[21.967775,80.037704,0.0],[21.973323,80.036686,0.0],[21.973075,80.036331,0.0],[21.976035,80.036088,0.0],[21.977718,80.035512,0.0],[21.979774,80.035469,0.0],[21.981581,80.03507,0.0],[21.986595,80.034785,0.0],[22.002443,80.034318,0.0],[22.002698,80.03468,0.0],[22.003069,80.035207,0.0],[22.015104,80.033828,0.0],[22.017451,80.032696,0.0],[22.019865,80.032976,0.0],[22.023896,80.035917,0.0],[22.031058,80.03721,0.0],[22.035034,80.038714,0.0],[22.040999,80.038299,0.0],[22.046563,80.037316,0.0],[22.054882,80.037285,0.0],[22.066077,80.037193,0.0],[22.071268,80.036867,0.0],[22.075085,80.035776,0.0],[22.088461,80.036312,0.0],[22.093748,80.036636,0.0],[22.096082,80.03627,0.0],[22.100808,80.035592,0.0],[22.108286,80.03583,0.0],[22.112671,80.035267,0.0],[22.111459,80.033561,0.0],[22.111682,80.032113,0.0],[22.112113,80.030372,0.0],[22.114698,80.028729,0.0],[22.11453,80.027655,0.0],[22.108667,80.026898,0.0],[22.102523,80.024762,0.0],[22.103643,80.023191,0.0],[22.10409,80.022563,0.0],[22.103209,80.021318,0.0],[22.100501,80.020435,0.0],[22.100418,80.020408,0.0],[22.099299,80.019958,0.0],[22.097595,80.019272,0.0],[22.09389,80.018448,0.0],[22.094287,80.017537,0.0],[22.096459,80.017039,0.0],[22.097107,80.016891,0.0],[22.097814,80.016729,0.0],[22.095072,80.016562,0.0],[22.094419,80.016522,0.0],[22.091356,80.016336,0.0],[22.086526,80.016075,0.0],[22.081424,80.016091,0.0],[22.07928,80.014696,0.0],[22.07652,80.014485,0.0],[22.074527,80.013786,0.0],[22.073812,80.013233,0.0],[22.073832,80.011933,0.0],[22.075854,80.010375,0.0],[22.077875,80.008817,0.0],[22.081043,80.007559,0.0],[22.083552,80.006693,0.0],[22.08764,80.005416,0.0],[22.091119,80.003718,0.0],[22.091386,80.002988,0.0],[22.091438,80.002845,0.0],[22.091159,80.002697,0.0],[22.089386,80.001759,0.0],[22.088884,80.001048,0.0],[22.086586,80.000735,0.0],[22.083454,80.000363,0.0],[22.082396,79.999303,0.0],[22.084918,79.998686,0.0],[22.088511,79.9956,0.0],[22.089444,79.994714,0.0],[22.088047,79.993174,0.0],[22.08764,79.992155,0.0],[22.085737,79.991221,0.0],[22.083377,79.99008,0.0],[22.081706,79.989033,0.0],[22.083641,79.987801,0.0],[22.088091,79.98749,0.0],[22.086664,79.988116,0.0],[22.093964,79.988225,0.0],[22.099424,79.988679,0.0],[22.103372,79.99001,0.0],[22.107189,79.990189,0.0],[22.113694,79.990246,0.0],[22.118376,79.989821,0.0],[22.121113,79.988409,0.0],[22.122325,79.987434,0.0],[22.119307,79.985417,0.0],[22.116983,79.98433,0.0],[22.11638,79.983476,0.0],[22.115701,79.982517,0.0],[22.110835,79.982675,0.0],[22.108544,79.982074,0.0],[22.110932,79.981049,0.0],[22.116763,79.980238,0.0],[22.113861,79.979471,0.0],[22.116053,79.978612,0.0],[22.119702,79.977613,0.0],[22.121507,79.977088,0.0],[22.121559,79.975842,0.0],[22.123519,79.975096,0.0],[22.126247,79.974117,0.0],[22.127825,79.973271,0.0],[22.130628,79.972399,0.0],[22.135958,79.971148,0.0],[22.138034,79.970129,0.0],[22.139988,79.969817,0.0],[22.139996,79.96895,0.0],[22.139316,79.96799,0.0],[22.135191,79.967429,0.0],[22.136386,79.966484,0.0],[22.13437,79.96539,0.0],[22.133042,79.96439,0.0],[22.135058,79.963601,0.0],[22.131794,79.963064,0.0],[22.134052,79.962179,0.0],[22.130615,79.961711,0.0],[22.127619,79.961866,0.0],[22.120305,79.962243,0.0],[22.119146,79.961596,0.0],[22.120504,79.960927,0.0],[22.117674,79.960484,0.0],[22.115042,79.960446,0.0],[22.116747,79.959662,0.0],[22.117005,79.959267,0.0],[22.116648,79.959224,0.0],[22.113953,79.958899,0.0],[22.114188,79.958353,0.0],[22.116262,79.957506,0.0],[22.1178,79.956752,0.0],[22.116086,79.956201,0.0],[22.119212,79.955819,0.0],[22.120582,79.9553,0.0],[22.121507,79.95495,0.0],[22.123634,79.954145,0.0],[22.129773,79.951415,0.0],[22.135558,79.949504,0.0],[22.137441,79.948218,0.0],[22.135295,79.945179,0.0],[22.123687,79.942343,0.0],[22.118738,79.941475,0.0],[22.113484,79.940614,0.0],[22.108461,79.939639,0.0],[22.1031,79.938367,0.0],[22.099617,79.938492,0.0],[22.091765,79.938218,0.0],[22.085981,79.938064,0.0],[22.08496,79.93749,0.0],[22.08719,79.936252,0.0],[22.088361,79.935451,0.0],[22.088767,79.935173,0.0],[22.089059,79.934974,0.0],[22.089584,79.934614,0.0],[22.09022,79.934179,0.0],[22.089823,79.932859,0.0],[22.089485,79.931737,0.0],[22.08942,79.930318,0.0],[22.088169,79.927868,0.0],[22.087069,79.924969,0.0],[22.08775,79.92329,0.0],[22.08809,79.921341,0.0],[22.082012,79.919994,0.0],[22.079145,79.91904,0.0],[22.077777,79.918596,0.0],[22.077585,79.918533,0.0],[22.068981,79.921516,0.0],[22.063998,79.922165,0.0],[22.062496,79.922667,0.0],[22.05567,79.923501,0.0],[22.053821,79.924272,0.0],[22.048492,79.92477,0.0],[22.0417,79.925077,0.0],[22.035395,79.926015,0.0],[22.030098,79.927881,0.0],[22.024374,79.928545,0.0],[22.023087,79.929174,0.0],[22.014179,79.930205,0.0],[22.013658,79.930456,0.0],[22.009518,79.930671,0.0],[22.006883,79.931589,0.0],[22.0019,79.932064,0.0],[21.99077,79.932469,0.0],[21.985956,79.932891,0.0],[21.966516,79.933096,0.0],[21.963238,79.932869,0.0],[21.953487,79.932988,0.0],[21.949524,79.933229,0.0],[21.93686,79.933053,0.0],[21.928343,79.932441,0.0],[21.911604,79.932408,0.0],[21.910143,79.932175,0.0],[21.889607,79.932436,0.0],[21.874946,79.932005,0.0],[21.857021,79.932114,0.0],[21.85208,79.931757,0.0],[21.835198,79.932023,0.0],[21.822,79.931304,0.0],[21.808216,79.931049,0.0],[21.797598,79.930538,0.0],[21.789304,79.930535,0.0],[21.776499,79.929895,0.0],[21.77074,79.929294,0.0],[21.756018,79.929412,0.0],[21.754717,79.930088,0.0],[21.747169,79.931176,0.0],[21.730069,79.933024,0.0],[21.720059,79.935003,0.0],[21.702885,79.935534,0.0],[21.695417,79.936378,0.0],[21.695135,79.937047,0.0],[21.688287,79.93793,0.0],[21.687517,79.938782,0.0],[21.679857,79.939519,0.0],[21.676734,79.940964,0.0],[21.672256,79.941476,0.0],[21.664166,79.942456,0.0],[21.647895,79.94295,0.0],[21.643232,79.943753,0.0],[21.636251,79.944085,0.0],[21.619946,79.946474,0.0],[21.618672,79.947178,0.0],[21.603051,79.948891,0.0],[21.594936,79.949243,0.0],[21.575561,79.95152,0.0],[21.544996,79.951836,0.0],[21.537258,79.951323,0.0],[21.518766,79.951559,0.0],[21.524535,79.952405,0.0],[21.532357,79.953036,0.0],[21.533925,79.953524,0.0],[21.538164,79.953867,0.0],[21.539602,79.954314,0.0],[21.551444,79.954161,0.0],[21.555509,79.954897,0.0],[21.558852,79.955181,0.0],[21.566386,79.957105,0.0],[21.571907,79.957788,0.0],[21.574404,79.960113,0.0],[21.576844,79.960595,0.0],[21.580366,79.964502,0.0],[21.588969,79.966762,0.0],[21.592022,79.969681,0.0],[21.596821,79.97063,0.0],[21.599581,79.973245,0.0],[21.603151,79.973959,0.0],[21.607734,79.976212,0.0],[21.610968,79.979627,0.0],[21.609589,79.980683,0.0],[21.611262,79.984834,0.0],[21.607858,79.985947,0.0],[21.614462,79.999165,0.0],[21.621819,80.000816,0.0],[21.630837,80.003793,0.0],[21.633106,80.005406,0.0],[21.636144,80.006034,0.0],[21.638462,80.007972,0.0],[21.643825,80.008226,0.0],[21.647619,80.009723,0.0],[21.653,80.010221,0.0],[21.655029,80.011842,0.0],[21.661787,80.01245,0.0],[21.664654,80.015491,0.0],[21.667178,80.015959,0.0],[21.670069,80.018778,0.0],[21.679057,80.019835,0.0],[21.687259,80.021966,0.0],[21.690721,80.022285,0.0],[21.692979,80.02305,0.0],[21.716516,80.026175,0.0],[21.7182,80.026215,0.0],[21.734528,80.024856,0.0],[21.739318,80.024881,0.0],[21.740799,80.02576,0.0],[21.745136,80.026115,0.0],[21.753796,80.026168,0.0],[21.76332,80.027237,0.0],[21.770813,80.02858,0.0],[21.782475,80.028885,0.0]],[[22.018195,80.031707,0.0],[22.020522,80.030864,0.0],[22.024679,80.030849,0.0],[22.023995,80.031657,0.0],[22.023212,80.032323,0.0],[22.019465,80.03233,0.0],[22.018195,80.031707,0.0]],[[22.092301,80.019473,0.0],[22.096443,80.019927,0.0],[22.096157,80.020505,0.0],[22.093716,80.020737,0.0],[22.091453,80.020484,0.0],[22.088334,80.02025,0.0],[22.087978,80.019745,0.0],[22.089224,80.019297,0.0],[22.092301,80.019473,0.0]],[[22.070303,80.013888,0.0],[22.072806,80.013745,0.0],[22.073887,80.014294,0.0],[22.073583,80.014601,0.0],[22.070772,80.015293,0.0],[22.074628,80.016085,0.0],[22.076286,80.016712,0.0],[22.073265,80.017107,0.0],[22.069064,80.017798,0.0],[22.067854,80.017312,0.0],[22.067995,80.016526,0.0],[22.067493,80.015814,0.0],[22.06607,80.015272,0.0],[22.066274,80.014576,0.0],[22.070303,80.013888,0.0]],[[22.094717,80.034999,0.0],[22.092705,80.035691,0.0],[22.087935,80.035432,0.0],[22.083986,80.035155,0.0],[22.083944,80.034506,0.0],[22.089443,80.034029,0.0],[22.095035,80.034271,0.0],[22.094717,80.034999,0.0]],[[22.074336,80.03507,0.0],[22.071601,80.035922,0.0],[22.068054,80.036213,0.0],[22.064777,80.035705,0.0],[22.068794,80.034899,0.0],[22.074336,80.03507,0.0]]]}},{"type":"Feature","properties":{"rgi_id":"RGI2000-v7.0-G-07-01367","o1region":"07"},"geometry":{"type":"Polygon","coordinates":[[[21.934135,79.852686,0.0],[21.933055,79.853217,0.0],[21.930578,79.85358,0.0],[21.924901,79.853474,0.0],[21.921769,79.853342,0.0],[21.916723,79.853223,0.0],[21.911015,79.852835,0.0],[21.906169,79.852062,0.0],[21.902996,79.851395,0.0],[21.899503,79.850255,0.0],[21.89632,79.849334,0.0],[21.892971,79.848642,0.0],[21.889552,79.847134,0.0],[21.886108,79.845823,0.0],[21.884813,79.845089,0.0],[21.883585,79.844691,0.0],[21.882429,79.843925,0.0],[21.882015,79.843014,0.0],[21.879519,79.842344,0.0],[21.87627,79.84143,0.0],[21.872827,79.841305,0.0],[21.868977,79.841526,0.0],[21.864237,79.841851,0.0],[21.859737,79.842058,0.0],[21.857701,79.841169,0.0],[21.855182,79.840037,0.0],[21.852175,79.839846,0.0],[21.846635,79.839454,0.0],[21.84438,79.83919,0.0],[21.842161,79.838503,0.0],[21.84292,79.837725,0.0],[21.839171,79.83738,0.0],[21.839206,79.836476,0.0],[21.840068,79.836092,0.0],[21.841029,79.835791,0.0],[21.838165,79.835398,0.0],[21.835799,79.834488,0.0],[21.83167,79.833332,0.0],[21.829862,79.832778,0.0],[21.829101,79.832116,0.0],[21.828043,79.831489,0.0],[21.829822,79.830803,0.0],[21.829366,79.830042,0.0],[21.828121,79.829707,0.0],[21.824743,79.829237,0.0],[21.821721,79.829299,0.0],[21.820951,79.829676,0.0],[21.816151,79.830137,0.0],[21.810684,79.830975,0.0],[21.807013,79.831221,0.0],[21.80337,79.831748,0.0],[21.800569,79.832342,0.0],[21.797639,79.832741,0.0],[21.794737,79.832463,0.0],[21.79354,79.832826,0.0],[21.791991,79.83314,0.0],[21.788505,79.833184,0.0],[21.786633,79.832772,0.0],[21.784624,79.83191,0.0],[21.7851,79.830941,0.0],[21.78321,79.830501,0.0],[21.7807,79.829847,0.0],[21.778766,79.829097,0.0],[21.777845,79.828687,0.0],[21.773971,79.82755,0.0],[21.767489,79.826808,0.0],[21.764054,79.826186,0.0],[21.758485,79.82566,0.0],[21.755455,79.824309,0.0],[21.747448,79.82559,0.0],[21.743932,79.826517,0.0],[21.740459,79.826552,0.0],[21.729076,79.82561,0.0],[21.726126,79.825555,0.0],[21.723393,79.825526,0.0],[21.723082,79.825053,0.0],[21.720573,79.824879,0.0],[21.719335,79.824453,0.0],[21.715893,79.824072,0.0],[21.712674,79.823545,0.0],[21.709281,79.822994,0.0],[21.705415,79.822453,0.0],[21.701919,79.821988,0.0],[21.701443,79.821765,0.0],[21.700537,79.82134,0.0],[21.696945,79.821216,0.0],[21.696467,79.821207,0.0],[21.695491,79.821189,0.0],[21.694605,79.820998,0.0],[21.693819,79.820828,0.0],[21.691995,79.820705,0.0],[21.685611,79.819477,0.0],[21.68414,79.818786,0.0],[21.681358,79.818431,0.0],[21.68112,79.818848,0.0],[21.682126,79.818827,0.0],[21.682359,79.819183,0.0],[21.684604,79.819498,0.0],[21.694867,79.822715,0.0],[21.695874,79.822694,0.0],[21.697231,79.823208,0.0],[21.698087,79.824182,0.0],[21.699518,79.825145,0.0],[21.701918,79.825402,0.0],[21.703821,79.82587,0.0],[21.704295,79.826594,0.0],[21.705593,79.827357,0.0],[21.706079,79.827855,0.0],[21.707159,79.828284,0.0],[21.707839,79.828835,0.0],[21.710271,79.829377,0.0],[21.711437,79.830034,0.0],[21.712652,79.830445,0.0],[21.712323,79.830802,0.0],[21.7119,79.831375,0.0],[21.710792,79.831877,0.0],[21.710479,79.832617,0.0],[21.710807,79.833118,0.0],[21.709868,79.833391,0.0],[21.7093,79.834474,0.0],[21.708552,79.835295,0.0],[21.711521,79.836023,0.0],[21.712212,79.837208,0.0],[21.712511,79.837907,0.0],[21.712216,79.838674,0.0],[21.712152,79.83955,0.0],[21.711728,79.840123,0.0],[21.709673,79.841011,0.0],[21.708898,79.841535,0.0],[21.706914,79.842167,0.0],[21.704469,79.842584,0.0],[21.701642,79.84315,0.0],[21.701387,79.843493,0.0],[21.699488,79.844011,0.0],[21.697989,79.844409,0.0],[21.69493,79.844866,0.0],[21.692976,79.845301,0.0],[21.689898,79.84573,0.0],[21.685982,79.846346,0.0],[21.683941,79.846895,0.0],[21.680438,79.847164,0.0],[21.677784,79.847753,0.0],[21.675652,79.848163,0.0],[21.671254,79.848535,0.0],[21.670142,79.849037,0.0],[21.667852,79.84945,0.0],[21.664924,79.849622,0.0],[21.664213,79.850003,0.0],[21.661873,79.850587,0.0],[21.661446,79.851159,0.0],[21.658826,79.851805,0.0],[21.656942,79.85235,0.0],[21.653987,79.852974,0.0],[21.651063,79.8534,0.0],[21.650636,79.853973,0.0],[21.650592,79.854397,0.0],[21.649009,79.855162,0.0],[21.647761,79.855949,0.0],[21.647266,79.856664,0.0],[21.647556,79.857109,0.0],[21.645931,79.857565,0.0],[21.643304,79.857957,0.0],[21.638233,79.858128,0.0],[21.638712,79.858529,0.0],[21.63682,79.858821,0.0],[21.635663,79.859077,0.0],[21.642978,79.859249,0.0],[21.686393,79.865172,0.0],[21.716279,79.873126,0.0],[21.721412,79.873762,0.0],[21.725439,79.874657,0.0],[21.727178,79.87551,0.0],[21.733817,79.87647,0.0],[21.736074,79.878418,0.0],[21.741234,79.879926,0.0],[21.746308,79.882128,0.0],[21.748488,79.882397,0.0],[21.756736,79.884809,0.0],[21.761926,79.891052,0.0],[21.76669,79.892037,0.0],[21.771833,79.892593,0.0],[21.778964,79.896226,0.0],[21.78291,79.896467,0.0],[21.784718,79.897227,0.0],[21.786444,79.899295,0.0],[21.785153,79.899923,0.0],[21.78582,79.902305,0.0],[21.780632,79.90341,0.0],[21.78044,79.904922,0.0],[21.778744,79.905494,0.0],[21.778821,79.907119,0.0],[21.776228,79.90789,0.0],[21.763054,79.914501,0.0],[21.751722,79.917379,0.0],[21.750183,79.918371,0.0],[21.745839,79.919294,0.0],[21.743298,79.920287,0.0],[21.737956,79.923101,0.0],[21.73779,79.924371,0.0],[21.731427,79.926034,0.0],[21.72788,79.926553,0.0],[21.726932,79.927027,0.0],[21.723353,79.92755,0.0],[21.722081,79.928658,0.0],[21.714059,79.930358,0.0],[21.713321,79.931,0.0],[21.705236,79.932752,0.0],[21.70369,79.933744,0.0],[21.686241,79.937437,0.0],[21.684982,79.938065,0.0],[21.674355,79.939984,0.0],[21.672256,79.941476,0.0],[21.676734,79.940964,0.0],[21.679857,79.939519,0.0],[21.687517,79.938782,0.0],[21.688287,79.93793,0.0],[21.695135,79.937047,0.0],[21.695417,79.936378,0.0],[21.702885,79.935534,0.0],[21.720059,79.935003,0.0],[21.730069,79.933024,0.0],[21.747169,79.931176,0.0],[21.754717,79.930088,0.0],[21.756018,79.929412,0.0],[21.77074,79.929294,0.0],[21.776499,79.929895,0.0],[21.789304,79.930535,0.0],[21.797598,79.930538,0.0],[21.808216,79.931049,0.0],[21.822,79.931304,0.0],[21.835198,79.932023,0.0],[21.85208,79.931757,0.0],[21.857021,79.932114,0.0],[21.874946,79.932005,0.0],[21.889607,79.932436,0.0],[21.910143,79.932175,0.0],[21.911604,79.932408,0.0],[21.928343,79.932441,0.0],[21.93686,79.933053,0.0],[21.949524,79.933229,0.0],[21.953487,79.932988,0.0],[21.963238,79.932869,0.0],[21.966516,79.933096,0.0],[21.985956,79.932891,0.0],[21.99077,79.932469,0.0],[22.0019,79.932064,0.0],[22.006883,79.931589,0.0],[22.009518,79.930671,0.0],[22.013658,79.930456,0.0],[22.014179,79.930205,0.0],[22.023087,79.929174,0.0],[22.024374,79.928545,0.0],[22.030098,79.927881,0.0],[22.035395,79.926015,0.0],[22.0417,79.925077,0.0],[22.048492,79.92477,0.0],[22.053821,79.924272,0.0],[22.05567,79.923501,0.0],[22.062496,79.922667,0.0],[22.063998,79.922165,0.0],[22.068981,79.921516,0.0],[22.077585,79.918533,0.0],[22.075644,79.918293,0.0],[22.072536,79.917766,0.0],[22.069482,79.917549,0.0],[22.067727,79.916881,0.0],[22.0646,79.916327,0.0],[22.059766,79.915866,0.0],[22.055312,79.915255,0.0],[22.050904,79.915406,0.0],[22.041128,79.915021,0.0],[22.035237,79.914893,0.0],[22.028773,79.914635,0.0],[22.023325,79.914214,0.0],[22.017305,79.913665,0.0],[22.012773,79.913168,0.0],[22.009078,79.912485,0.0],[22.005739,79.91185,0.0],[22.003672,79.911188,0.0],[22.002619,79.910364,0.0],[21.998991,79.908606,0.0],[21.996218,79.90762,0.0],[21.995547,79.906647,0.0],[21.993344,79.906722,0.0],[21.990731,79.90737,0.0],[21.98826,79.907055,0.0],[21.98536,79.905649,0.0],[21.981353,79.904971,0.0],[21.989169,79.903931,0.0],[21.985435,79.903417,0.0],[21.983173,79.902703,0.0],[21.983266,79.902137,0.0],[21.982764,79.90164,0.0],[21.979558,79.901425,0.0],[21.979119,79.900785,0.0],[21.976306,79.89997,0.0],[21.975886,79.899358,0.0],[21.976321,79.898587,0.0],[21.973072,79.897837,0.0],[21.970464,79.897553,0.0],[21.968522,79.896832,0.0],[21.965254,79.896054,0.0],[21.96401,79.895178,0.0],[21.962499,79.893911,0.0],[21.961572,79.892322,0.0],[21.962103,79.890985,0.0],[21.963863,79.889565,0.0],[21.964716,79.887994,0.0],[21.968097,79.886597,0.0],[21.970255,79.885055,0.0],[21.972412,79.883514,0.0],[21.974303,79.882288,0.0],[21.975554,79.881302,0.0],[21.980681,79.880347,0.0],[21.98427,79.879961,0.0],[21.988505,79.879814,0.0],[21.993071,79.879915,0.0],[21.995664,79.88065,0.0],[21.998435,79.88141,0.0],[22.003177,79.882466,0.0],[22.005868,79.883341,0.0],[22.008654,79.884354,0.0],[22.010884,79.885492,0.0],[22.012011,79.886428,0.0],[22.014103,79.887597,0.0],[22.014962,79.889074,0.0],[22.016483,79.890115,0.0],[22.016757,79.89121,0.0],[22.017304,79.892468,0.0],[22.017015,79.892982,0.0],[22.018101,79.894088,0.0],[22.019421,79.89437,0.0],[22.022769,79.894327,0.0],[22.027687,79.893997,0.0],[22.032239,79.893138,0.0],[22.036291,79.892487,0.0],[22.039818,79.891311,0.0],[22.040243,79.889834,0.0],[22.039275,79.888669,0.0],[22.037929,79.887654,0.0],[22.03668,79.886777,0.0],[22.035846,79.884875,0.0],[22.035719,79.883298,0.0],[22.034081,79.882091,0.0],[22.030971,79.880379,0.0],[22.028883,79.878984,0.0],[22.026537,79.877679,0.0],[22.024518,79.876847,0.0],[22.023415,79.875713,0.0],[22.02247,79.874576,0.0],[22.022134,79.873624,0.0],[22.020619,79.873289,0.0],[22.017725,79.872815,0.0],[22.015568,79.872014,0.0],[22.013886,79.871203,0.0],[22.012229,79.870194,0.0],[22.009776,79.869428,0.0],[22.008106,79.868165,0.0],[22.005765,79.86686,0.0],[22.003079,79.865986,0.0],[22.002171,79.86513,0.0],[22.000309,79.864521,0.0],[21.99578,79.863996,0.0],[21.992433,79.863559,0.0],[21.988259,79.863083,0.0],[21.98368,79.862249,0.0],[21.98328,79.861665,0.0],[21.979392,79.861606,0.0],[21.978591,79.862075,0.0],[21.97457,79.861822,0.0],[21.972332,79.861361,0.0],[21.971477,79.860815,0.0],[21.973113,79.860159,0.0],[21.974299,79.859316,0.0],[21.973962,79.858589,0.0],[21.974113,79.858106,0.0],[21.972734,79.85726,0.0],[21.970344,79.856577,0.0],[21.967443,79.855848,0.0],[21.96417,79.855043,0.0],[21.962495,79.854232,0.0],[21.963423,79.853478,0.0],[21.963939,79.852593,0.0],[21.960743,79.851898,0.0],[21.957977,79.851364,0.0],[21.952774,79.851249,0.0],[21.949358,79.851405,0.0],[21.947015,79.851963,0.0],[21.944919,79.852177,0.0],[21.942178,79.85215,0.0],[21.938073,79.852236,0.0],[21.935185,79.851874,0.0],[21.934135,79.852686,0.0]]]}},{"type":"Feature","properties":{"rgi_id":"RGI2000-v7.0-G-07-01368","o1region":"07"},"geometry":{"type":"Polygon","coordinates":[[[21.625238,79.85775,0.0],[21.618195,79.855646,0.0],[21.621734,79.855491,0.0],[21.621097,79.8508,0.0],[21.616448,79.848095,0.0],[21.612786,79.84681,0.0],[21.611509,79.845323,0.0],[21.612532,79.844739,0.0],[21.611048,79.844611,0.0],[21.606369,79.844684,0.0],[21.603983,79.844753,0.0],[21.602587,79.845213,0.0],[21.599511,79.845744,0.0],[21.596927,79.846284,0.0],[21.594389,79.845573,0.0],[21.592171,79.844754,0.0],[21.589089,79.844298,0.0],[21.587987,79.843333,0.0],[21.589369,79.842702,0.0],[21.586869,79.840408,0.0],[21.585401,79.839716,0.0],[21.584828,79.838826,0.0],[21.585322,79.838451,0.0],[21.586469,79.837751,0.0],[21.582874,79.837378,0.0],[21.581779,79.837265,0.0],[21.578532,79.83338,0.0],[21.578961,79.83229,0.0],[21.579445,79.83046,0.0],[21.577257,79.829391,0.0],[21.574392,79.828659,0.0],[21.56993,79.827692,0.0],[21.567589,79.826765,0.0],[21.563952,79.825822,0.0],[21.559495,79.825094,0.0],[21.559274,79.825063,0.0],[21.557214,79.824773,0.0],[21.556961,79.824377,0.0],[21.55684,79.824188,0.0],[21.553603,79.823585,0.0],[21.550298,79.823191,0.0],[21.547733,79.82283,0.0],[21.546762,79.82246,0.0],[21.544996,79.821887,0.0],[21.544186,79.821367,0.0],[21.540856,79.820855,0.0],[21.537376,79.820003,0.0],[21.540119,79.818446,0.0],[21.538971,79.817946,0.0],[21.537951,79.817346,0.0],[21.537821,79.817143,0.0],[21.537702,79.816957,0.0],[21.537418,79.816511,0.0],[21.535193,79.816273,0.0],[21.533144,79.816061,0.0],[21.531235,79.815817,0.0],[21.530496,79.815408,0.0],[21.528815,79.815273,0.0],[21.5268,79.814862,0.0],[21.523769,79.814358,0.0],[21.522209,79.81391,0.0],[21.518421,79.813844,0.0],[21.516691,79.814132,0.0],[21.513907,79.813765,0.0],[21.511632,79.813697,0.0],[21.50761,79.81389,0.0],[21.506089,79.814005,0.0],[21.503515,79.813717,0.0],[21.500645,79.813464,0.0],[21.49727,79.813672,0.0],[21.495469,79.813849,0.0],[21.493037,79.813784,0.0],[21.490935,79.813234,0.0],[21.48859,79.813055,0.0],[21.487385,79.813417,0.0],[21.484848,79.813439,0.0],[21.482663,79.813764,0.0],[21.481509,79.813956,0.0],[21.479305,79.814,0.0],[21.476488,79.81383,0.0],[21.474055,79.813511,0.0],[21.472917,79.813224,0.0],[21.472234,79.812899,0.0],[21.468578,79.812915,0.0],[21.467249,79.813082,0.0],[21.464118,79.813172,0.0],[21.46319,79.812711,0.0],[21.461354,79.812831,0.0],[21.459919,79.812832,0.0],[21.457697,79.81234,0.0],[21.455616,79.812578,0.0],[21.452537,79.812498,0.0],[21.449651,79.812724,0.0],[21.447972,79.812841,0.0],[21.445611,79.813142,0.0],[21.443652,79.813067,0.0],[21.441623,79.813135,0.0],[21.439418,79.813179,0.0],[21.438054,79.813544,0.0],[21.437214,79.813729,0.0],[21.436304,79.814057,0.0],[21.435709,79.814379,0.0],[21.435202,79.81484,0.0],[21.435236,79.815404,0.0],[21.434379,79.815815,0.0],[21.432542,79.815936,0.0],[21.430599,79.816143,0.0],[21.429112,79.816313,0.0],[21.427309,79.816489,0.0],[21.42507,79.816223,0.0],[21.42283,79.815957,0.0],[21.420241,79.815895,0.0],[21.417284,79.815755,0.0],[21.415359,79.815991,0.0],[21.413521,79.816365,0.0],[21.411298,79.816634,0.0],[21.410422,79.817017,0.0],[21.409091,79.817184,0.0],[21.408355,79.817537,0.0],[21.409054,79.81789,0.0],[21.405991,79.818091,0.0],[21.403977,79.81844,0.0],[21.403275,79.818849,0.0],[21.402171,79.819124,0.0],[21.401259,79.819705,0.0],[21.401748,79.819978,0.0],[21.401397,79.820693,0.0],[21.403195,79.821528,0.0],[21.406239,79.822315,0.0],[21.408353,79.823655,0.0],[21.409557,79.825069,0.0],[21.409816,79.826248,0.0],[21.409955,79.827144,0.0],[21.410401,79.827857,0.0],[21.408937,79.830409,0.0],[21.408119,79.831186,0.0],[21.408151,79.832257,0.0],[21.407584,79.833139,0.0],[21.407095,79.833631,0.0],[21.403995,79.83393,0.0],[21.402681,79.836243,0.0],[21.406817,79.837727,0.0],[21.408512,79.840228,0.0],[21.407772,79.841088,0.0],[21.407218,79.842338,0.0],[21.408356,79.842493,0.0],[21.340309,79.858348,0.0],[21.337283,79.860547,0.0],[21.329458,79.863724,0.0],[21.323264,79.864414,0.0],[21.318864,79.864545,0.0],[21.311912,79.866367,0.0],[21.309776,79.868125,0.0],[21.299485,79.870721,0.0],[21.292237,79.873265,0.0],[21.287302,79.875745,0.0],[21.282558,79.87702,0.0],[21.278689,79.877616,0.0],[21.274529,79.879954,0.0],[21.265329,79.882139,0.0],[21.260528,79.883991,0.0],[21.259525,79.884933,0.0],[21.256553,79.885868,0.0],[21.255345,79.888788,0.0],[21.247235,79.890731,0.0],[21.248034,79.89361,0.0],[21.246868,79.894107,0.0],[21.247882,79.901721,0.0],[21.246666,79.902239,0.0],[21.247243,79.905697,0.0],[21.245728,79.906654,0.0],[21.240307,79.907862,0.0],[21.24368,79.914954,0.0],[21.241003,79.915716,0.0],[21.242772,79.919381,0.0],[21.245762,79.92006,0.0],[21.249244,79.923889,0.0],[21.250822,79.924095,0.0],[21.259446,79.942224,0.0],[21.258734,79.942774,0.0],[21.260491,79.947249,0.0],[21.252853,79.949103,0.0],[21.278247,79.948386,0.0],[21.28678,79.948016,0.0],[21.288449,79.947624,0.0],[21.311149,79.947366,0.0],[21.314397,79.947672,0.0],[21.34265,79.947492,0.0],[21.369486,79.947616,0.0],[21.381827,79.947934,0.0],[21.409838,79.947672,0.0],[21.423369,79.947966,0.0],[21.434827,79.9487,0.0],[21.449366,79.948862,0.0],[21.489993,79.950946,0.0],[21.4955,79.951569,0.0],[21.516069,79.951336,0.0],[21.518766,79.951559,0.0],[21.537258,79.951323,0.0],[21.544996,79.951836,0.0],[21.575561,79.95152,0.0],[21.594936,79.949243,0.0],[21.603051,79.948891,0.0],[21.618672,79.947178,0.0],[21.619946,79.946474,0.0],[21.636251,79.944085,0.0],[21.643232,79.943753,0.0],[21.647895,79.94295,0.0],[21.664166,79.942456,0.0],[21.672256,79.941476,0.0],[21.674355,79.939984,0.0],[21.684982,79.938065,0.0],[21.686241,79.937437,0.0],[21.70369,79.933744,0.0],[21.705236,79.932752,0.0],[21.713321,79.931,0.0],[21.714059,79.930358,0.0],[21.722081,79.928658,0.0],[21.723353,79.92755,0.0],[21.726932,79.927027,0.0],[21.72788,79.926553,0.0],[21.731427,79.926034,0.0],[21.73779,79.924371,0.0],[21.737956,79.923101,0.0],[21.743298,79.920287,0.0],[21.745839,79.919294,0.0],[21.750183,79.918371,0.0],[21.751722,79.917379,0.0],[21.763054,79.914501,0.0],[21.776228,79.90789,0.0],[21.778821,79.907119,0.0],[21.778744,79.905494,0.0],[21.78044,79.904922,0.0],[21.780632,79.90341,0.0],[21.78582,79.902305,0.0],[21.785153,79.899923,0.0],[21.786444,79.899295,0.0],[21.784718,79.897227,0.0],[21.78291,79.896467,0.0],[21.778964,79.896226,0.0],[21.771833,79.892593,0.0],[21.76669,79.892037,0.0],[21.761926,79.891052,0.0],[21.756736,79.884809,0.0],[21.748488,79.882397,0.0],[21.746308,79.882128,0.0],[21.741234,79.879926,0.0],[21.736074,79.878418,0.0],[21.733817,79.87647,0.0],[21.727178,79.87551,0.0],[21.725439,79.874657,0.0],[21.721412,79.873762,0.0],[21.716279,79.873126,0.0],[21.686393,79.865172,0.0],[21.642978,79.859249,0.0],[21.63556,79.8591,0.0],[21.635267,79.859388,0.0],[21.633696,79.859928,0.0],[21.630498,79.859936,0.0],[21.627959,79.859479,0.0],[21.627095,79.858972,0.0],[21.625238,79.85775,0.0]]]}},{"type":"Feature","properties":{"rgi_id":"RGI2000-v7.0-G-07-01386","o1region":"07"},"geometry":{"type":"Polygon","coordinates":[[[23.510948,79.616368,0.0],[23.425468,79.613241,0.0],[23.324712,79.607501,0.0],[23.207374,79.601559,0.0],[23.088738,79.598,0.0],[23.039321,79.589683,0.0],[22.997361,79.582368,0.0],[22.933798,79.572599,0.0],[22.871674,79.564577,0.0],[22.78762,79.553498,0.0],[22.738016,79.559992,0.0],[22.668334,79.5671,0.0],[22.605704,79.575186,0.0],[22.517138,79.583092,0.0],[22.439258,79.59111,0.0],[22.372354,79.59963,0.0],[22.304027,79.609328,0.0],[22.257256,79.6131,0.0],[22.243942,79.625541,0.0],[22.230522,79.642754,0.0],[22.221836,79.648729,0.0],[22.217539,79.654522,0.0],[22.216121,79.65689,0.0],[22.206883,79.65902,0.0],[22.201032,79.661624,0.0],[22.203,79.664466,0.0],[22.200631,79.66768,0.0],[22.19364,79.670859,0.0],[22.167296,79.67488,0.0],[22.147367,79.677108,0.0],[22.131009,79.68008,0.0],[22.11134,79.682711,0.0],[22.085077,79.683562,0.0],[22.063824,79.68389,0.0],[22.042682,79.683252,0.0],[22.030084,79.680503,0.0],[22.000294,79.681542,0.0],[21.961685,79.681331,0.0],[21.94195,79.681222,0.0],[21.897533,79.682953,0.0],[21.855304,79.689419,0.0],[21.831931,79.691047,0.0],[21.832617,79.691561,0.0],[21.831429,79.692395,0.0],[21.825081,79.694363,0.0],[21.812631,79.696303,0.0],[21.810584,79.697155,0.0],[21.814586,79.699278,0.0],[21.81631,79.699521,0.0],[21.819225,79.69946,0.0],[21.827032,79.701285,0.0],[21.829393,79.70223,0.0],[21.829979,79.70312,0.0],[21.83233,79.703257,0.0],[21.835207,79.704191,0.0],[21.835763,79.70477,0.0],[21.839094,79.705601,0.0],[21.839973,79.706142,0.0],[21.840212,79.709401,0.0],[21.842242,79.709576,0.0],[21.844247,79.710109,0.0],[21.846586,79.710884,0.0],[21.847699,79.711513,0.0],[21.847349,79.712826,0.0],[21.849574,79.714085,0.0],[21.850589,79.715618,0.0],[21.854654,79.717025,0.0],[21.858381,79.719495,0.0],[21.860928,79.719659,0.0],[21.863184,79.720171,0.0],[21.866324,79.721752,0.0],[21.870653,79.7225,0.0],[21.874899,79.724431,0.0],[21.878744,79.724972,0.0],[21.885056,79.725553,0.0],[21.88785,79.726085,0.0],[21.893607,79.727921,0.0],[21.897212,79.728622,0.0],[21.90286,79.729248,0.0],[21.903471,79.72964,0.0],[21.905395,79.72991,0.0],[21.910765,79.729858,0.0],[21.912263,79.730012,0.0],[21.912358,79.730415,0.0],[21.91118,79.730999,0.0],[21.911446,79.731398,0.0],[21.913179,79.731641,0.0],[21.912909,79.73202,0.0],[21.911656,79.732233,0.0],[21.907283,79.731953,0.0],[21.896602,79.732149,0.0],[21.886037,79.733305,0.0],[21.879825,79.733406,0.0],[21.875508,79.733995,0.0],[21.872776,79.734083,0.0],[21.871444,79.734702,0.0],[21.868794,79.734914,0.0],[21.865161,79.734959,0.0],[21.862551,79.735232,0.0],[21.861926,79.735867,0.0],[21.858458,79.736686,0.0],[21.855463,79.736905,0.0],[21.850991,79.737528,0.0],[21.847229,79.738695,0.0],[21.848101,79.738957,0.0],[21.846685,79.739453,0.0],[21.840187,79.74018,0.0],[21.836776,79.741091,0.0],[21.836595,79.741872,0.0],[21.834521,79.742693,0.0],[21.829863,79.743568,0.0],[21.820759,79.746433,0.0],[21.80123,79.750976,0.0],[21.794954,79.751791,0.0],[21.791203,79.751931,0.0],[21.786409,79.751814,0.0],[21.782348,79.75146,0.0],[21.778853,79.751506,0.0],[21.772551,79.751977,0.0],[21.768526,79.752113,0.0],[21.762129,79.752664,0.0],[21.755411,79.752725,0.0],[21.747235,79.751457,0.0],[21.744575,79.751434,0.0],[21.739923,79.751059,0.0],[21.733162,79.750153,0.0],[21.73119,79.750508,0.0],[21.731672,79.751021,0.0],[21.736671,79.751702,0.0],[21.761405,79.754248,0.0],[21.769035,79.754456,0.0],[21.781573,79.753855,0.0],[21.785682,79.753848,0.0],[21.789108,79.754587,0.0],[21.794408,79.756385,0.0],[21.798048,79.757224,0.0],[21.800939,79.757817,0.0],[21.804137,79.757986,0.0],[21.805503,79.758261,0.0],[21.805365,79.759072,0.0],[21.806557,79.759856,0.0],[21.808217,79.76033,0.0],[21.810699,79.760518,0.0],[21.813327,79.761181,0.0],[21.819278,79.763303,0.0],[21.82435,79.764521,0.0],[21.829777,79.764909,0.0],[21.834155,79.764398,0.0],[21.83744,79.764779,0.0],[21.839123,79.765282,0.0],[21.839975,79.766312,0.0],[21.850723,79.770309,0.0],[21.863421,79.773426,0.0],[21.87009,79.774573,0.0],[21.875631,79.775295,0.0],[21.887007,79.776163,0.0],[21.892603,79.775955,0.0],[21.900167,79.775915,0.0],[21.90402,79.775624,0.0],[21.905905,79.775165,0.0],[21.911626,79.774894,0.0],[21.924303,79.775434,0.0],[21.952919,79.777341,0.0],[21.9594,79.777443,0.0],[21.965926,79.777363,0.0],[21.98439,79.777717,0.0],[21.999247,79.777729,0.0],[22.006928,79.777114,0.0],[22.014019,79.776872,0.0],[22.021004,79.775734,0.0],[22.023367,79.774994,0.0],[22.034581,79.774123,0.0],[22.041727,79.77298,0.0],[22.046445,79.77174,0.0],[22.049631,79.771222,0.0],[22.056198,79.77096,0.0],[22.056231,79.77027,0.0],[22.058104,79.77005,0.0],[22.05951,79.770379,0.0],[22.064653,79.770747,0.0],[22.072796,79.770571,0.0],[22.086938,79.769065,0.0],[22.089034,79.769169,0.0],[22.090668,79.769583,0.0],[22.101187,79.770163,0.0],[22.104636,79.770028,0.0],[22.108772,79.769668,0.0],[22.124998,79.768745,0.0],[22.138873,79.768082,0.0],[22.140621,79.767684,0.0],[22.148368,79.767185,0.0],[22.162847,79.765698,0.0],[22.166982,79.765098,0.0],[22.169732,79.76348,0.0],[22.169095,79.762565,0.0],[22.170012,79.761945,0.0],[22.168901,79.760591,0.0],[22.169198,79.759566,0.0],[22.1757,79.758015,0.0],[22.180246,79.757285,0.0],[22.184209,79.756928,0.0],[22.188646,79.75701,0.0],[22.196875,79.757937,0.0],[22.198117,79.758509,0.0],[22.197762,79.759206,0.0],[22.198485,79.759999,0.0],[22.200577,79.760822,0.0],[22.203168,79.761394,0.0],[22.208437,79.761697,0.0],[22.214495,79.761682,0.0],[22.225657,79.761255,0.0],[22.242689,79.760307,0.0],[22.257105,79.759717,0.0],[22.265859,79.759702,0.0],[22.272165,79.759801,0.0],[22.278659,79.760405,0.0],[22.285074,79.76137,0.0],[22.289291,79.762565,0.0],[22.455514,79.757661,0.0],[22.602178,79.754849,0.0],[22.723605,79.755479,0.0],[22.858984,79.757181,0.0],[23.083752,79.762149,0.0],[23.273179,79.773692,0.0],[23.448084,79.784929,0.0],[23.601386,79.799277,0.0],[23.77909,79.812042,0.0],[23.74335,79.7921,0.0],[23.719121,79.771372,0.0],[23.696794,79.737958,0.0],[23.682365,79.711782,0.0],[23.664101,79.694564,0.0],[23.598009,79.642535,0.0],[23.555209,79.627336,0.0],[23.510948,79.616368,0.0]]]}},{"type":"Feature","properties":{"rgi_id":"RGI2000-v7.0-G-07-01407","o1region":"07"},"geometry":{"type":"Polygon","coordinates":[[[21.127866,79.453869,0.0],[21.131733,79.448987,0.0],[21.134938,79.43874,0.0],[21.136666,79.42752,0.0],[21.14674,79.383388,0.0],[21.14286,79.383464,0.0],[21.139531,79.383077,0.0],[21.133606,79.381867,0.0],[21.121572,79.380263,0.0],[21.117386,79.380374,0.0],[21.114485,79.380732,0.0],[21.108631,79.38193,0.0],[21.107125,79.381869,0.0],[21.105109,79.380914,0.0],[21.102421,79.380213,0.0],[21.100116,79.379896,0.0],[21.096423,79.379726,0.0],[21.093957,79.379412,0.0],[21.090852,79.379412,0.0],[21.085171,79.378618,0.0],[21.068814,79.378301,0.0],[21.065082,79.377771,0.0],[21.062824,79.376669,0.0],[21.062157,79.375778,0.0],[21.062553,79.374746,0.0],[21.06468,79.372446,0.0],[21.064191,79.371582,0.0],[21.062154,79.370868,0.0],[21.059819,79.370491,0.0],[21.055417,79.370214,0.0],[21.052889,79.369686,0.0],[21.051634,79.368721,0.0],[21.047934,79.367948,0.0],[21.035218,79.367108,0.0],[21.028641,79.367023,0.0],[21.012359,79.367967,0.0],[21.009141,79.368631,0.0],[21.003509,79.370817,0.0],[21.000033,79.371606,0.0],[20.997269,79.371629,0.0],[20.991866,79.37131,0.0],[20.978759,79.371526,0.0],[20.970851,79.37198,0.0],[20.966729,79.371908,0.0],[20.957722,79.370392,0.0],[20.953083,79.370269,0.0],[20.942147,79.370566,0.0],[20.936421,79.371427,0.0],[20.932675,79.371738,0.0],[20.928774,79.372655,0.0],[20.925235,79.374227,0.0],[20.907084,79.379809,0.0],[20.905111,79.379785,0.0],[20.903461,79.377979,0.0],[20.899719,79.377116,0.0],[20.894042,79.376891,0.0],[20.883232,79.378026,0.0],[20.878447,79.378236,0.0],[20.873922,79.378622,0.0],[20.855623,79.380408,0.0],[20.846988,79.38105,0.0],[20.84052,79.381772,0.0],[20.826806,79.384194,0.0],[20.80739,79.38666,0.0],[20.802114,79.386878,0.0],[20.798796,79.386788,0.0],[20.795316,79.387003,0.0],[20.779461,79.390937,0.0],[20.77643,79.391986,0.0],[20.776179,79.393734,0.0],[20.777648,79.39636,0.0],[20.774483,79.403223,0.0],[20.769934,79.406317,0.0],[20.766645,79.406958,0.0],[20.761708,79.407461,0.0],[20.76492,79.408353,0.0],[20.770604,79.409376,0.0],[20.774703,79.410596,0.0],[20.785273,79.412872,0.0],[20.798283,79.414199,0.0],[20.80573,79.414635,0.0],[20.811767,79.415186,0.0],[20.816181,79.415768,0.0],[20.817269,79.416862,0.0],[20.813213,79.419345,0.0],[20.803439,79.421572,0.0],[20.800126,79.423018,0.0],[20.791288,79.425168,0.0],[20.786962,79.428378,0.0],[20.780781,79.4309,0.0],[20.766375,79.432789,0.0],[20.761479,79.433751,0.0],[20.758952,79.435099,0.0],[20.755417,79.436354,0.0],[20.754041,79.437582,0.0],[20.755367,79.440366,0.0],[20.757964,79.441523,0.0],[20.760904,79.442403,0.0],[20.763177,79.443566,0.0],[20.764083,79.444634,0.0],[20.766487,79.445734,0.0],[20.770212,79.446238,0.0],[20.781066,79.446552,0.0],[20.783279,79.446994,0.0],[20.786368,79.448142,0.0],[20.790759,79.450471,0.0],[20.793152,79.45124,0.0],[20.792024,79.452883,0.0],[20.819167,79.45571,0.0],[20.885845,79.46416,0.0],[20.921031,79.468346,0.0],[20.953012,79.472924,0.0],[20.978129,79.466984,0.0],[21.014275,79.461774,0.0],[21.058876,79.457748,0.0],[21.108662,79.454489,0.0],[21.127866,79.453869,0.0]]]}},{"type":"Feature","properties":{"rgi_id":"RGI2000-v7.0-G-07-01408","o1region":"07"},"geometry":{"type":"Polygon","coordinates":[[[21.582305,79.436917,0.0],[21.579925,79.436419,0.0],[21.576499,79.435134,0.0],[21.575842,79.433006,0.0],[21.569066,79.428684,0.0],[21.568689,79.425677,0.0],[21.567043,79.425138,0.0],[21.566177,79.423468,0.0],[21.563482,79.422559,0.0],[21.563529,79.421107,0.0],[21.562101,79.419783,0.0],[21.558093,79.418872,0.0],[21.560351,79.417739,0.0],[21.559587,79.417031,0.0],[21.557438,79.416473,0.0],[21.553023,79.416233,0.0],[21.549254,79.415708,0.0],[21.546209,79.41556,0.0],[21.542705,79.414397,0.0],[21.541607,79.412339,0.0],[21.536266,79.410851,0.0],[21.529641,79.408335,0.0],[21.525874,79.407539,0.0],[21.518656,79.407266,0.0],[21.516403,79.4068,0.0],[21.51658,79.406284,0.0],[21.514741,79.405688,0.0],[21.51058,79.404779,0.0],[21.500796,79.401635,0.0],[21.490263,79.398595,0.0],[21.484486,79.397177,0.0],[21.470098,79.394246,0.0],[21.461865,79.392818,0.0],[21.456886,79.392166,0.0],[21.446231,79.389972,0.0],[21.436891,79.388324,0.0],[21.426044,79.386888,0.0],[21.397162,79.383466,0.0],[21.387237,79.382733,0.0],[21.379361,79.381868,0.0],[21.366171,79.38114,0.0],[21.355562,79.381174,0.0],[21.351275,79.380838,0.0],[21.332304,79.377242,0.0],[21.326901,79.375843,0.0],[21.323424,79.375491,0.0],[21.31973,79.375324,0.0],[21.316759,79.374721,0.0],[21.310327,79.374066,0.0],[21.293589,79.372834,0.0],[21.285305,79.372638,0.0],[21.27009,79.372881,0.0],[21.262853,79.373357,0.0],[21.22997,79.376089,0.0],[21.220368,79.377002,0.0],[21.210226,79.378476,0.0],[21.197432,79.379443,0.0],[21.187174,79.379795,0.0],[21.178557,79.37952,0.0],[21.170775,79.378851,0.0],[21.168884,79.378406,0.0],[21.166484,79.378212,0.0],[21.162554,79.378198,0.0],[21.158685,79.378575,0.0],[21.155524,79.37933,0.0],[21.154446,79.380014,0.0],[21.155117,79.381749,0.0],[21.154702,79.38245,0.0],[21.153504,79.382925,0.0],[21.14674,79.383388,0.0],[21.136666,79.42752,0.0],[21.134938,79.43874,0.0],[21.131733,79.448987,0.0],[21.127866,79.453869,0.0],[21.140668,79.453907,0.0],[21.175158,79.455947,0.0],[21.209468,79.460474,0.0],[21.259977,79.465272,0.0],[21.325164,79.469373,0.0],[21.385375,79.472413,0.0],[21.464098,79.474838,0.0],[21.511715,79.476853,0.0],[21.523331,79.477343,0.0],[21.559531,79.45484,0.0],[21.56879,79.449776,0.0],[21.582305,79.436917,0.0]]]}},{"type":"Feature","properties":{"rgi_id":"RGI2000-v7.0-G-07-01409","o1region":"07"},"geometry":{"type":"Polygon","coordinates":[[[21.478438,79.368507,0.0],[21.468486,79.368348,0.0],[21.454316,79.369039,0.0],[21.44867,79.369482,0.0],[21.436921,79.369941,0.0],[21.430299,79.370404,0.0],[21.426294,79.371613,0.0],[21.428968,79.376069,0.0],[21.4496,79.380193,0.0],[21.467341,79.382776,0.0],[21.469206,79.383574,0.0],[21.473453,79.384069,0.0],[21.484806,79.384235,0.0],[21.501006,79.382956,0.0],[21.510399,79.381525,0.0],[21.516823,79.380082,0.0],[21.521155,79.376828,0.0],[21.519693,79.375075,0.0],[21.514445,79.373583,0.0],[21.504003,79.371653,0.0],[21.486617,79.368993,0.0],[21.478438,79.368507,0.0]]]}}]}
