{"type":"FeatureCollection","features":[{"type":"Feature","properties":{"rgi_id":"RGI2000-v7.0-G-05-17426","o1region":"05"},"geometry":{"type":"Polygon","coordinates":[[[-17.331805,81.021605,0.0],[-17.332032,81.019759,0.0],[-17.337289,81.017757,0.0],[-17.345076,81.015682,0.0],[-17.355109,81.012525,0.0],[-17.366385,81.009516,0.0],[-17.378538,81.007924,0.0],[-17.385901,81.006713,0.0],[-17.39932,81.004186,0.0],[-17.41149,81.001039,0.0],[-17.432185,80.997813,0.0],[-17.450097,80.995912,0.0],[-17.464049,80.994205,0.0],[-17.469412,80.99309,0.0],[-17.476378,80.991658,0.0],[-17.483464,80.990356,0.0],[-17.485364,80.989099,0.0],[-17.484636,80.986569,0.0],[-17.478248,80.983981,0.0],[-17.475359,80.980382,0.0],[-17.475687,80.977305,0.0],[-17.47145,80.974112,0.0],[-17.469188,80.970823,0.0],[-17.471489,80.967648,0.0],[-17.476198,80.964532,0.0],[-17.483182,80.962138,0.0],[-17.499717,80.960129,0.0],[-17.519509,80.958127,0.0],[-17.52821,80.955994,0.0],[-17.544001,80.954699,0.0],[-17.559662,80.95492,0.0],[-17.572522,80.955574,0.0],[-17.585062,80.955207,0.0],[-17.593649,80.954099,0.0],[-17.599145,80.953394,0.0],[-17.599068,80.951956,0.0],[-17.596574,80.950719,0.0],[-17.597975,80.947959,0.0],[-17.603988,80.94512,0.0],[-17.612814,80.943005,0.0],[-17.620232,80.941539,0.0],[-17.632682,80.940746,0.0],[-17.646484,80.939551,0.0],[-17.650898,80.939177,0.0],[-17.652056,80.939214,0.0],[-17.653754,80.939134,0.0],[-17.654716,80.938991,0.0],[-17.656775,80.93851,0.0],[-17.657583,80.938165,0.0],[-17.659479,80.937617,0.0],[-17.662372,80.937046,0.0],[-17.664781,80.936622,0.0],[-17.666074,80.936304,0.0],[-17.667992,80.935996,0.0],[-17.670323,80.935633,0.0],[-17.67286,80.935155,0.0],[-17.6756,80.934721,0.0],[-17.678784,80.934336,0.0],[-17.680435,80.934098,0.0],[-17.681545,80.933812,0.0],[-17.681123,80.933514,0.0],[-17.681891,80.933199,0.0],[-17.682752,80.933042,0.0],[-17.684285,80.933054,0.0],[-17.685018,80.933274,0.0],[-17.68549,80.93358,0.0],[-17.685606,80.933812,0.0],[-17.685742,80.934112,0.0],[-17.685813,80.934353,0.0],[-17.685568,80.934656,0.0],[-17.685599,80.935251,0.0],[-17.685024,80.935571,0.0],[-17.683528,80.935846,0.0],[-17.680757,80.936174,0.0],[-17.678716,80.936385,0.0],[-17.677553,80.936657,0.0],[-17.674883,80.937008,0.0],[-17.673127,80.937375,0.0],[-17.672555,80.937544,0.0],[-17.672695,80.93786,0.0],[-17.673307,80.937991,0.0],[-17.67409,80.938053,0.0],[-17.675371,80.938021,0.0],[-17.676845,80.937829,0.0],[-17.67881,80.937522,0.0],[-17.679789,80.937273,0.0],[-17.680608,80.937132,0.0],[-17.683119,80.936895,0.0],[-17.685176,80.936737,0.0],[-17.687115,80.936505,0.0],[-17.689106,80.936287,0.0],[-17.69008,80.936024,0.0],[-17.690554,80.935847,0.0],[-17.691197,80.935436,0.0],[-17.690514,80.935064,0.0],[-17.690167,80.934698,0.0],[-17.6905,80.934206,0.0],[-17.6913,80.933838,0.0],[-17.691624,80.93364,0.0],[-17.691182,80.933274,0.0],[-17.689704,80.932961,0.0],[-17.688561,80.932812,0.0],[-17.688376,80.93267,0.0],[-17.688949,80.932342,0.0],[-17.6886,80.931968,0.0],[-17.687064,80.931618,0.0],[-17.686232,80.93139,0.0],[-17.686044,80.931076,0.0],[-17.686233,80.930743,0.0],[-17.68626,80.930185,0.0],[-17.685582,80.929663,0.0],[-17.684185,80.929297,0.0],[-17.683082,80.929282,0.0],[-17.682022,80.929414,0.0],[-17.676101,80.928014,0.0],[-17.677522,80.926581,0.0],[-17.67961,80.924943,0.0],[-17.681073,80.922997,0.0],[-17.68104,80.921649,0.0],[-17.695141,80.92094,0.0],[-17.716141,80.92172,0.0],[-17.737962,80.921711,0.0],[-17.769855,80.9233,0.0],[-17.79326,80.923342,0.0],[-17.81201,80.923006,0.0],[-17.827053,80.921822,0.0],[-17.834852,80.917848,0.0],[-17.837929,80.917772,0.0],[-17.839674,80.917555,0.0],[-17.84036,80.91715,0.0],[-17.840116,80.91652,0.0],[-17.840247,80.9164,0.0],[-17.841904,80.916441,0.0],[-17.856242,80.917279,0.0],[-17.872505,80.917872,0.0],[-17.903498,80.919715,0.0],[-17.934181,80.921206,0.0],[-17.958971,80.922456,0.0],[-17.966484,80.923061,0.0],[-17.977062,80.92578,0.0],[-17.983807,80.928532,0.0],[-17.986519,80.930046,0.0],[-17.991989,80.930902,0.0],[-17.997721,80.931693,0.0],[-18.00192,80.93226,0.0],[-18.005508,80.932599,0.0],[-18.011185,80.932774,0.0],[-18.017122,80.932903,0.0],[-18.024356,80.93283,0.0],[-18.029234,80.932653,0.0],[-18.03337,80.932289,0.0],[-18.036208,80.931975,0.0],[-18.037287,80.932104,0.0],[-18.037513,80.932293,0.0],[-18.037011,80.932596,0.0],[-18.035421,80.932983,0.0],[-18.033592,80.933254,0.0],[-18.031352,80.933611,0.0],[-18.028403,80.93404,0.0],[-18.026163,80.934375,0.0],[-18.023135,80.934743,0.0],[-18.020243,80.935112,0.0],[-18.018106,80.935563,0.0],[-18.016483,80.936044,0.0],[-18.014861,80.936504,0.0],[-18.014023,80.937016,0.0],[-18.013399,80.937588,0.0],[-18.012947,80.937981,0.0],[-18.011894,80.938433,0.0],[-18.010244,80.938901,0.0],[-18.007402,80.939317,0.0],[-18.004271,80.940074,0.0],[-18.001034,80.94078,0.0],[-17.998667,80.941469,0.0],[-17.995972,80.942176,0.0],[-17.993819,80.942883,0.0],[-17.992176,80.94318,0.0],[-17.98924,80.943245,0.0],[-17.985668,80.943001,0.0],[-17.983065,80.942921,0.0],[-17.98024,80.942952,0.0],[-17.979467,80.94319,0.0],[-17.980311,80.943687,0.0],[-17.981696,80.944227,0.0],[-17.983147,80.944537,0.0],[-17.986115,80.944925,0.0],[-17.988763,80.945202,0.0],[-17.989295,80.945417,0.0],[-17.989219,80.945861,0.0],[-17.988061,80.946219,0.0],[-17.986359,80.946576,0.0],[-17.98596,80.946952,0.0],[-17.985728,80.947233,0.0],[-17.986253,80.947619,0.0],[-17.988305,80.947869,0.0],[-17.99058,80.948009,0.0],[-17.993237,80.948115,0.0],[-17.996275,80.94823,0.0],[-17.997132,80.94847,0.0],[-17.997929,80.948856,0.0],[-18.000082,80.949286,0.0],[-18.002629,80.949426,0.0],[-18.005279,80.949702,0.0],[-18.006286,80.950234,0.0],[-18.005982,80.950917,0.0],[-18.005792,80.951481,0.0],[-18.005655,80.952071,0.0],[-18.0059,80.952627,0.0],[-18.006575,80.953304,0.0],[-18.007646,80.953647,0.0],[-18.008658,80.954093,0.0],[-18.008799,80.954554,0.0],[-18.008127,80.954973,0.0],[-18.007882,80.955554,0.0],[-18.007903,80.956263,0.0],[-18.008252,80.956914,0.0],[-18.009259,80.957488,0.0],[-18.010058,80.957831,0.0],[-18.010967,80.958182,0.0],[-18.012492,80.958133,0.0],[-18.013001,80.957723,0.0],[-18.012753,80.95721,0.0],[-18.012716,80.956842,0.0],[-18.012345,80.956619,0.0],[-18.011875,80.956217,0.0],[-18.012001,80.955841,0.0],[-18.012618,80.95544,0.0],[-18.014648,80.955066,0.0],[-18.017109,80.954769,0.0],[-18.018872,80.954267,0.0],[-18.019055,80.953831,0.0],[-18.019727,80.953413,0.0],[-18.019752,80.952857,0.0],[-18.018571,80.952548,0.0],[-18.017877,80.952256,0.0],[-18.016806,80.951913,0.0],[-18.014431,80.951551,0.0],[-18.012375,80.951344,0.0],[-18.010757,80.951085,0.0],[-18.010716,80.950803,0.0],[-18.00973,80.949802,0.0],[-18.009268,80.949228,0.0],[-18.008085,80.948962,0.0],[-18.004892,80.948684,0.0],[-18.003875,80.948367,0.0],[-18.003185,80.948033,0.0],[-18.001089,80.947543,0.0],[-17.999251,80.947352,0.0],[-17.997856,80.946983,0.0],[-17.998085,80.946744,0.0],[-17.999295,80.946455,0.0],[-18.000771,80.946251,0.0],[-18.003604,80.946092,0.0],[-18.00437,80.945961,0.0],[-18.002757,80.945617,0.0],[-18.000539,80.945439,0.0],[-17.999678,80.945262,0.0],[-17.999579,80.945061,0.0],[-18.000488,80.944802,0.0],[-18.001743,80.944688,0.0],[-18.00392,80.944584,0.0],[-18.005121,80.944465,0.0],[-18.00606,80.944133,0.0],[-18.005968,80.943782,0.0],[-18.006275,80.943603,0.0],[-18.009002,80.943371,0.0],[-18.010313,80.943197,0.0],[-18.010954,80.942852,0.0],[-18.010447,80.942672,0.0],[-18.009969,80.94244,0.0],[-18.011809,80.941998,0.0],[-18.012579,80.941781,0.0],[-18.013679,80.941483,0.0],[-18.015154,80.941279,0.0],[-18.017597,80.941303,0.0],[-18.019278,80.941331,0.0],[-18.022188,80.941232,0.0],[-18.023609,80.941024,0.0],[-18.024164,80.940747,0.0],[-18.024936,80.940487,0.0],[-18.026549,80.940241,0.0],[-18.027536,80.940019,0.0],[-18.028797,80.939756,0.0],[-18.030403,80.939638,0.0],[-18.033771,80.939607,0.0],[-18.036487,80.939546,0.0],[-18.038286,80.93939,0.0],[-18.039221,80.9391,0.0],[-18.038335,80.93889,0.0],[-18.035741,80.938618,0.0],[-18.032882,80.938238,0.0],[-18.031185,80.937941,0.0],[-18.030059,80.937637,0.0],[-18.030393,80.937449,0.0],[-18.031626,80.937194,0.0],[-18.031942,80.936801,0.0],[-18.031597,80.936612,0.0],[-18.031939,80.936254,0.0],[-18.03323,80.935896,0.0],[-18.034601,80.935577,0.0],[-18.0358,80.935459,0.0],[-18.037532,80.935554,0.0],[-18.040025,80.935626,0.0],[-18.041197,80.935494,0.0],[-18.042626,80.935073,0.0],[-18.044736,80.934588,0.0],[-18.047061,80.934141,0.0],[-18.048158,80.933865,0.0],[-18.048194,80.933664,0.0],[-18.047823,80.933441,0.0],[-18.048184,80.933245,0.0],[-18.050139,80.933208,0.0],[-18.052276,80.933347,0.0],[-18.055928,80.933565,0.0],[-18.058938,80.933602,0.0],[-18.061032,80.933459,0.0],[-18.062997,80.933166,0.0],[-18.065336,80.93301,0.0],[-18.067378,80.93282,0.0],[-18.07023,80.932716,0.0],[-18.0763,80.932837,0.0],[-18.081874,80.933176,0.0],[-18.086632,80.933579,0.0],[-18.088089,80.933802,0.0],[-18.090274,80.934116,0.0],[-18.094036,80.934321,0.0],[-18.098875,80.934783,0.0],[-18.10239,80.935107,0.0],[-18.104416,80.935322,0.0],[-18.106924,80.935748,0.0],[-18.108779,80.936207,0.0],[-18.111208,80.936572,0.0],[-18.113386,80.937143,0.0],[-18.114513,80.93749,0.0],[-18.115579,80.938047,0.0],[-18.115995,80.938552,0.0],[-18.116389,80.938915,0.0],[-18.11711,80.939262,0.0],[-18.118542,80.939452,0.0],[-18.121277,80.939616,0.0],[-18.124126,80.93964,0.0],[-18.125457,80.939628,0.0],[-18.127469,80.939532,0.0],[-18.12926,80.939546,0.0],[-18.131485,80.939552,0.0],[-18.133718,80.939345,0.0],[-18.134923,80.939012,0.0],[-18.136749,80.938783,0.0],[-18.138766,80.938515,0.0],[-18.140217,80.938127,0.0],[-18.140119,80.93782,0.0],[-18.138227,80.937561,0.0],[-18.13627,80.937662,0.0],[-18.135125,80.937828,0.0],[-18.13327,80.93813,0.0],[-18.130765,80.938359,0.0],[-18.126881,80.938467,0.0],[-18.123822,80.938233,0.0],[-18.122553,80.938057,0.0],[-18.122703,80.93763,0.0],[-18.124669,80.937272,0.0],[-18.126797,80.936949,0.0],[-18.127706,80.936561,0.0],[-18.12685,80.936193,0.0],[-18.126231,80.936047,0.0],[-18.123201,80.935783,0.0],[-18.121393,80.935521,0.0],[-18.120889,80.93517,0.0],[-18.119703,80.934968,0.0],[-18.118088,80.934603,0.0],[-18.117559,80.934197,0.0],[-18.117567,80.933983,0.0],[-18.117712,80.933705,0.0],[-18.115122,80.933327,0.0],[-18.11223,80.933042,0.0],[-18.110123,80.932809,0.0],[-18.108965,80.932578,0.0],[-18.108755,80.932389,0.0],[-18.107416,80.931896,0.0],[-18.104985,80.931638,0.0],[-18.103011,80.931491,0.0],[-18.100374,80.931676,0.0],[-18.098632,80.931837,0.0],[-18.09641,80.931788,0.0],[-18.095877,80.931552,0.0],[-18.095781,80.931202,0.0],[-18.097911,80.930815,0.0],[-18.100113,80.930659,0.0],[-18.101964,80.930464,0.0],[-18.103088,80.930135,0.0],[-18.102284,80.929878,0.0],[-18.100388,80.929812,0.0],[-18.098838,80.929956,0.0],[-18.096335,80.930185,0.0],[-18.095168,80.930209,0.0],[-18.094305,80.930076,0.0],[-18.094647,80.929632,0.0],[-18.095172,80.929384,0.0],[-18.096049,80.929112,0.0],[-18.096874,80.928813,0.0],[-18.096457,80.928372,0.0],[-18.093781,80.928169,0.0],[-18.090342,80.928055,0.0],[-18.087849,80.928027,0.0],[-18.084243,80.928049,0.0],[-18.082259,80.928179,0.0],[-18.081192,80.928426,0.0],[-18.080177,80.928742,0.0],[-18.078977,80.928924,0.0],[-18.078002,80.928889,0.0],[-18.07703,80.92879,0.0],[-18.075738,80.928579,0.0],[-18.074283,80.928334,0.0],[-18.072692,80.928131,0.0],[-18.070147,80.928056,0.0],[-18.068408,80.928153,0.0],[-18.067642,80.928327,0.0],[-18.066108,80.928719,0.0],[-18.065635,80.929014,0.0],[-18.06449,80.929179,0.0],[-18.063162,80.929169,0.0],[-18.061429,80.929116,0.0],[-18.061112,80.928898,0.0],[-18.061445,80.928731,0.0],[-18.061974,80.928377,0.0],[-18.063517,80.927772,0.0],[-18.064997,80.927376,0.0],[-18.065499,80.92703,0.0],[-18.064964,80.926858,0.0],[-18.06308,80.926536,0.0],[-18.061667,80.926468,0.0],[-18.060184,80.926432,0.0],[-18.061045,80.925542,0.0],[-18.062732,80.92415,0.0],[-18.065275,80.92276,0.0],[-18.068075,80.921356,0.0],[-18.069746,80.920302,0.0],[-18.071,80.920243,0.0],[-18.071293,80.920146,0.0],[-18.071826,80.91991,0.0],[-18.072073,80.919622,0.0],[-18.072229,80.919335,0.0],[-18.073156,80.919173,0.0],[-18.074175,80.918969,0.0],[-18.074977,80.918776,0.0],[-18.076391,80.918618,0.0],[-18.07804,80.918485,0.0],[-18.079528,80.91829,0.0],[-18.081356,80.918158,0.0],[-18.08258,80.917777,0.0],[-18.083616,80.91761,0.0],[-18.084621,80.917284,0.0],[-18.084874,80.916825,0.0],[-18.084665,80.916622,0.0],[-18.085377,80.916401,0.0],[-18.086775,80.916205,0.0],[-18.08859,80.915922,0.0],[-18.090007,80.915693,0.0],[-18.091226,80.915426,0.0],[-18.092768,80.915214,0.0],[-18.09429,80.91505,0.0],[-18.095413,80.914926,0.0],[-18.096145,80.91467,0.0],[-18.095975,80.914385,0.0],[-18.095333,80.91419,0.0],[-18.095273,80.913871,0.0],[-18.095503,80.913489,0.0],[-18.09652,80.913314,0.0],[-18.097458,80.913331,0.0],[-18.098954,80.913359,0.0],[-18.100206,80.913673,0.0],[-18.10106,80.914149,0.0],[-18.101962,80.914497,0.0],[-18.102711,80.914738,0.0],[-18.104438,80.914877,0.0],[-18.107078,80.914731,0.0],[-18.109027,80.914716,0.0],[-18.111301,80.914712,0.0],[-18.112901,80.914383,0.0],[-18.113108,80.914135,0.0],[-18.113408,80.913826,0.0],[-18.114489,80.913517,0.0],[-18.115348,80.913381,0.0],[-18.116246,80.913148,0.0],[-18.11695,80.912985,0.0],[-18.117636,80.912621,0.0],[-18.116701,80.912208,0.0],[-18.117108,80.911902,0.0],[-18.118189,80.911594,0.0],[-18.120393,80.911518,0.0],[-18.123186,80.911765,0.0],[-18.124715,80.912069,0.0],[-18.125067,80.912325,0.0],[-18.124769,80.912606,0.0],[-18.124339,80.912862,0.0],[-18.123345,80.913088,0.0],[-18.12235,80.913332,0.0],[-18.121994,80.913537,0.0],[-18.122369,80.913834,0.0],[-18.123505,80.914025,0.0],[-18.124947,80.914083,0.0],[-18.126425,80.913772,0.0],[-18.127346,80.913213,0.0],[-18.128002,80.913018,0.0],[-18.129218,80.912977,0.0],[-18.131881,80.913199,0.0],[-18.133695,80.91363,0.0],[-18.135255,80.914093,0.0],[-18.138237,80.914527,0.0],[-18.140412,80.914968,0.0],[-18.143391,80.915458,0.0],[-18.146476,80.916057,0.0],[-18.148812,80.916768,0.0],[-18.148143,80.917188,0.0],[-18.14716,80.917438,0.0],[-18.147004,80.917797,0.0],[-18.148006,80.918106,0.0],[-18.14836,80.918306,0.0],[-18.147126,80.918521,0.0],[-18.145134,80.918719,0.0],[-18.14148,80.918927,0.0],[-18.139805,80.919365,0.0],[-18.139857,80.919997,0.0],[-18.141464,80.920526,0.0],[-18.142414,80.920766,0.0],[-18.144631,80.920893,0.0],[-18.147116,80.921106,0.0],[-18.149984,80.921214,0.0],[-18.15198,80.920888,0.0],[-18.152856,80.9206,0.0],[-18.15332,80.920188,0.0],[-18.15382,80.919806,0.0],[-18.153957,80.919453,0.0],[-18.155231,80.919112,0.0],[-18.15691,80.91911,0.0],[-18.158818,80.919291,0.0],[-18.15792,80.919727,0.0],[-18.157708,80.920174,0.0],[-18.15943,80.920554,0.0],[-18.160557,80.920894,0.0],[-18.163047,80.920979,0.0],[-18.165317,80.921131,0.0],[-18.167497,80.921313,0.0],[-18.169674,80.921579,0.0],[-18.172053,80.921755,0.0],[-18.173454,80.922024,0.0],[-18.173768,80.922377,0.0],[-18.173057,80.922613,0.0],[-18.17285,80.922918,0.0],[-18.174434,80.923102,0.0],[-18.179771,80.923413,0.0],[-18.182328,80.923717,0.0],[-18.184955,80.924084,0.0],[-18.187514,80.924302,0.0],[-18.190544,80.924486,0.0],[-18.194491,80.924478,0.0],[-18.199487,80.925467,0.0],[-18.207158,80.926464,0.0],[-18.223104,80.927695,0.0],[-18.235838,80.92856,0.0],[-18.24152,80.928888,0.0],[-18.271246,80.930806,0.0],[-18.300571,80.931859,0.0],[-18.320742,80.932174,0.0],[-18.340904,80.933514,0.0],[-18.355867,80.93444,0.0],[-18.372131,80.935982,0.0],[-18.383036,80.939048,0.0],[-18.382508,80.94296,0.0],[-18.382493,80.945525,0.0],[-18.386389,80.948398,0.0],[-18.38377,80.950244,0.0],[-18.378921,80.952745,0.0],[-18.368086,80.954653,0.0],[-18.36336995121947,80.95579610569106,0.0],[-18.363369,80.955796,0.0],[-18.360895,80.956396,0.0],[-18.355642,80.960088,0.0],[-18.349744,80.962447,0.0],[-18.341898,80.963368,0.0],[-18.33535,80.964905,0.0],[-18.330755,80.966853,0.0],[-18.332705,80.967777,0.0],[-18.341179,80.969729,0.0],[-18.358811,80.971374,0.0],[-18.375139,80.973429,0.0],[-18.379705,80.975072,0.0],[-18.383612,80.977945,0.0],[-18.389488,80.980203,0.0],[-18.400601,80.982871,0.0],[-18.409103,80.985334,0.0],[-18.4163,80.987182,0.0],[-18.423501,80.989029,0.0],[-18.424809,80.99067,0.0],[-18.424807,80.992722,0.0],[-18.419561,80.994877,0.0],[-18.416279,80.997441,0.0],[-18.411682,81.000417,0.0],[-18.405121,81.001442,0.0],[-18.39331,81.00257,0.0],[-18.3874,81.003903,0.0],[-18.382793,81.006364,0.0],[-18.378187,81.008313,0.0],[-18.374237,81.010057,0.0],[-18.376849,81.012314,0.0],[-18.380774,81.014675,0.0],[-18.384702,81.017035,0.0],[-18.38929,81.01919,0.0],[-18.393227,81.020525,0.0],[-18.394532,81.022679,0.0],[-18.394194,81.023973,0.0],[-18.397623,81.025153,0.0],[-18.402917,81.026266,0.0],[-18.407583,81.026919,0.0],[-18.406267,81.027108,0.0],[-18.405498,81.027476,0.0],[-18.404236,81.027826,0.0],[-18.402673,81.028142,0.0],[-18.40185,81.028399,0.0],[-18.400148,81.028907,0.0],[-18.398501,81.02941,0.0],[-18.396374,81.03004,0.0],[-18.394576,81.030579,0.0],[-18.392956,81.030997,0.0],[-18.391749,81.03116,0.0],[-18.390129,81.031472,0.0],[-18.388098,81.031933,0.0],[-18.387218,81.032356,0.0],[-18.387737,81.032728,0.0],[-18.388255,81.033271,0.0],[-18.388363,81.033665,0.0],[-18.387977,81.033977,0.0],[-18.385782,81.034212,0.0],[-18.383421,81.034498,0.0],[-18.38213,81.034771,0.0],[-18.380565,81.035109,0.0],[-18.379602,81.035557,0.0],[-18.378776,81.036049,0.0],[-18.378031,81.0366,0.0],[-18.376849,81.037075,0.0],[-18.375775,81.037601,0.0],[-18.374479,81.038558,0.0],[-18.373598,81.038917,0.0],[-18.371155,81.038972,0.0],[-18.36855,81.038758,0.0],[-18.367179,81.038608,0.0],[-18.365174,81.03874,0.0],[-18.363883,81.038971,0.0],[-18.362837,81.039274,0.0],[-18.361432,81.039945,0.0],[-18.358902,81.040582,0.0],[-18.357059,81.041026,0.0],[-18.354225,81.041756,0.0],[-18.35172,81.042449,0.0],[-18.349764,81.043141,0.0],[-18.348168,81.043551,0.0],[-18.346102,81.044192,0.0],[-18.343733,81.044862,0.0],[-18.343234,81.045337,0.0],[-18.343449,81.045803,0.0],[-18.343555,81.046175,0.0],[-18.342425,81.046568,0.0],[-18.341844,81.046918,0.0],[-18.341263,81.047354,0.0],[-18.340408,81.047726,0.0],[-18.340267,81.048004,0.0],[-18.34125,81.048594,0.0],[-18.343362,81.048898,0.0],[-18.346382,81.049113,0.0],[-18.349212,81.049152,0.0],[-18.351493,81.049105,0.0],[-18.352921,81.049174,0.0],[-18.355283,81.049252,0.0],[-18.35762,81.049124,0.0],[-18.36023,81.049082,0.0],[-18.36438,81.048967,0.0],[-18.365837,81.048813,0.0],[-18.366306,81.048583,0.0],[-18.368533,81.048425,0.0],[-18.372516,81.048426,0.0],[-18.374191,81.048567,0.0],[-18.375647,81.048584,0.0],[-18.377626,81.048418,0.0],[-18.380238,81.048076,0.0],[-18.383234,81.047914,0.0],[-18.384744,81.048021,0.0],[-18.385375,81.048274,0.0],[-18.386362,81.048607,0.0],[-18.388971,81.048672,0.0],[-18.390895,81.048629,0.0],[-18.393697,81.048741,0.0],[-18.395593,81.048557,0.0],[-18.397352,81.048331,0.0],[-18.398891,81.048301,0.0],[-18.401721,81.048318,0.0],[-18.403534,81.048182,0.0],[-18.406804,81.048126,0.0],[-18.408316,81.047827,0.0],[-18.410871,81.047759,0.0],[-18.41304,81.048131,0.0],[-18.415814,81.048507,0.0],[-18.418423,81.048721,0.0],[-18.423396,81.048991,0.0],[-18.424632,81.049333,0.0],[-18.422873,81.049581,0.0],[-18.420482,81.049662,0.0],[-18.417982,81.04982,0.0],[-18.414492,81.04988,0.0],[-18.410343,81.049931,0.0],[-18.408693,81.050144,0.0],[-18.408363,81.050503,0.0],[-18.408828,81.050999,0.0],[-18.410407,81.051419,0.0],[-18.412467,81.051804,0.0],[-18.415476,81.052151,0.0],[-18.418402,81.052587,0.0],[-18.41968,81.052991,0.0],[-18.418318,81.053574,0.0],[-18.415183,81.054068,0.0],[-18.412791,81.054395,0.0],[-18.410811,81.054722,0.0],[-18.410232,81.055254,0.0],[-18.409983,81.055876,0.0],[-18.410187,81.056646,0.0],[-18.409689,81.057441,0.0],[-18.408368,81.057948,0.0],[-18.406551,81.058384,0.0],[-18.406509,81.058589,0.0],[-18.408118,81.05857,0.0],[-18.410223,81.058301,0.0],[-18.412411,81.058006,0.0],[-18.415257,81.057858,0.0],[-18.417362,81.057621,0.0],[-18.419837,81.057301,0.0],[-18.422272,81.057089,0.0],[-18.425902,81.05689,0.0],[-18.428212,81.056493,0.0],[-18.429862,81.056365,0.0],[-18.433533,81.055961,0.0],[-18.437864,81.0558,0.0],[-18.442524,81.055377,0.0],[-18.448421,81.054985,0.0],[-18.455761,81.05485,0.0],[-18.459101,81.054741,0.0],[-18.463019,81.054773,0.0],[-18.466153,81.054728,0.0],[-18.468956,81.054497,0.0],[-18.470482,81.054375,0.0],[-18.4751,81.054285,0.0],[-18.48079,81.054181,0.0],[-18.484912,81.053924,0.0],[-18.489199,81.053648,0.0],[-18.492579,81.053493,0.0],[-18.496907,81.053236,0.0],[-18.500823,81.053107,0.0],[-18.504449,81.052779,0.0],[-18.506754,81.052349,0.0],[-18.509183,81.051881,0.0],[-18.512106,81.05145,0.0],[-18.516432,81.051129,0.0],[-18.520674,81.050769,0.0],[-18.524625,81.050178,0.0],[-18.527258,81.049677,0.0],[-18.530839,81.049201,0.0],[-18.53483,81.048629,0.0],[-18.538946,81.048211,0.0],[-18.543435,81.047934,0.0],[-18.548706,81.04767,0.0],[-18.554058,81.047315,0.0],[-18.557967,81.046961,0.0],[-18.561998,81.046441,0.0],[-18.564547,81.046093,0.0],[-18.566808,81.04574,0.0],[-18.569978,81.045617,0.0],[-18.575003,81.045557,0.0],[-18.578709,81.045428,0.0],[-18.58225,81.045285,0.0],[-18.585788,81.045046,0.0],[-18.588379,81.044782,0.0],[-18.59229,81.044652,0.0],[-18.597599,81.044374,0.0],[-18.600106,81.044104,0.0],[-18.603232,81.043865,0.0],[-18.609203,81.043766,0.0],[-18.616491,81.043641,0.0],[-18.622788,81.043439,0.0],[-18.630038,81.043486,0.0],[-18.637904,81.043469,0.0],[-18.643425,81.043543,0.0],[-18.648662,81.043803,0.0],[-18.654065,81.044076,0.0],[-18.659625,81.044072,0.0],[-18.663828,81.04414,0.0],[-18.667211,81.044337,0.0],[-18.671866,81.04436,0.0],[-18.675036,81.044268,0.0],[-18.679817,81.04438,0.0],[-18.68382,81.04464,0.0],[-18.688768,81.044829,0.0],[-18.693387,81.044993,0.0],[-18.698547,81.045374,0.0],[-18.704002,81.045954,0.0],[-18.709744,81.046443,0.0],[-18.714249,81.046902,0.0],[-18.719166,81.047328,0.0],[-18.723467,81.047818,0.0],[-18.728969,81.048449,0.0],[-18.736409,81.049116,0.0],[-18.742532,81.049778,0.0],[-18.746802,81.050505,0.0],[-18.74987,81.050997,0.0],[-18.752082,81.051758,0.0],[-18.754743,81.052378,0.0],[-18.756977,81.052613,0.0],[-18.759257,81.052932,0.0],[-18.76026,81.053296,0.0],[-18.764375,81.054204,0.0],[-18.769341,81.05468,0.0],[-18.773105,81.054952,0.0],[-18.77687,81.055289,0.0],[-18.782589,81.055983,0.0],[-18.789427,81.05681,0.0],[-18.79258,81.057243,0.0],[-18.796153,81.057868,0.0],[-18.798986,81.058564,0.0],[-18.803593,81.05922,0.0],[-18.806086,81.059635,0.0],[-18.807106,81.060352,0.0],[-18.807968,81.061217,0.0],[-18.809154,81.061947,0.0],[-18.811338,81.062849,0.0],[-18.812574,81.063758,0.0],[-18.814123,81.064276,0.0],[-18.815589,81.064756,0.0],[-18.816563,81.065325,0.0],[-18.818613,81.065945,0.0],[-18.821285,81.066629,0.0],[-18.824126,81.067389,0.0],[-18.825438,81.068113,0.0],[-18.825312,81.068998,0.0],[-18.825628,81.069613,0.0],[-18.826851,81.07017,0.0],[-18.828486,81.070726,0.0],[-18.8294,81.07177,0.0],[-18.829609,81.072745,0.0],[-18.830027,81.073784,0.0],[-18.829786,81.074868,0.0],[-18.830004,81.076067,0.0],[-18.829679,81.077113,0.0],[-18.829571,81.078415,0.0],[-18.828704,81.079371,0.0],[-18.828395,81.080103,0.0],[-18.827404,81.08083,0.0],[-18.826394,81.081377,0.0],[-18.826006,81.081954,0.0],[-18.825993,81.082608,0.0],[-18.825071,81.083289,0.0],[-18.823734,81.083938,0.0],[-18.822655,81.084799,0.0],[-18.822102,81.085396,0.0],[-18.822006,81.086044,0.0],[-18.82142,81.086846,0.0],[-18.821179,81.087962,0.0],[-18.819711,81.08849,0.0],[-18.818251,81.089178,0.0],[-18.817659,81.089852,0.0],[-18.81835,81.090512,0.0],[-18.819162,81.091101,0.0],[-18.820424,81.091549,0.0],[-18.821184,81.091894,0.0],[-18.823348,81.092123,0.0],[-18.824489,81.092641,0.0],[-18.823731,81.093302,0.0],[-18.822713,81.09372,0.0],[-18.82033,81.094146,0.0],[-18.817733,81.094444,0.0],[-18.815926,81.094818,0.0],[-18.815983,81.095182,0.0],[-18.816043,81.09561,0.0],[-18.814986,81.096089,0.0],[-18.812321,81.096733,0.0],[-18.810316,81.097331,0.0],[-18.808591,81.097712,0.0],[-18.805461,81.098176,0.0],[-18.803367,81.09864,0.0],[-18.801073,81.099297,0.0],[-18.798204,81.100069,0.0],[-18.796614,81.100731,0.0],[-18.795716,81.101079,0.0],[-18.794644,81.101221,0.0],[-18.792291,81.101473,0.0],[-18.79023,81.101764,0.0],[-18.786759,81.102043,0.0],[-18.783368,81.102264,0.0],[-18.779286,81.102865,0.0],[-18.774503,81.103555,0.0],[-18.771207,81.104103,0.0],[-18.766627,81.10473,0.0],[-18.762294,81.105311,0.0],[-18.758829,81.105846,0.0],[-18.755153,81.106253,0.0],[-18.750109,81.106732,0.0],[-18.744075,81.10736,0.0],[-18.737955,81.107948,0.0],[-18.734361,81.108394,0.0],[-18.731141,81.108884,0.0],[-18.726183,81.109529,0.0],[-18.720975,81.110155,0.0],[-18.715353,81.110846,0.0],[-18.710474,81.111401,0.0],[-18.708412,81.111852,0.0],[-18.705727,81.112271,0.0],[-18.703661,81.112561,0.0],[-18.70155,81.112767,0.0],[-18.698856,81.112898,0.0],[-18.691332,81.113955,0.0],[-18.682931,81.114929,0.0],[-18.673832,81.116218,0.0],[-18.668284,81.11685,0.0],[-18.663484,81.117507,0.0],[-18.658932,81.118183,0.0],[-18.654713,81.118885,0.0],[-18.648582,81.119568,0.0],[-18.643479,81.119866,0.0],[-18.639415,81.120164,0.0],[-18.637304,81.120498,0.0],[-18.634614,81.120981,0.0],[-18.632709,81.121251,0.0],[-18.631636,81.121553,0.0],[-18.629648,81.121881,0.0],[-18.626661,81.122101,0.0],[-18.622972,81.122539,0.0],[-18.617918,81.123273,0.0],[-18.612735,81.123885,0.0],[-18.608504,81.124297,0.0],[-18.604644,81.124562,0.0],[-18.600662,81.124993,0.0],[-18.594562,81.125567,0.0],[-18.588542,81.126018,0.0],[-18.582729,81.126438,0.0],[-18.577924,81.126874,0.0],[-18.573401,81.127472,0.0],[-18.567901,81.128068,0.0],[-18.563398,81.128659,0.0],[-18.558417,81.129318,0.0],[-18.553312,81.130016,0.0],[-18.548224,81.130547,0.0],[-18.543593,81.131113,0.0],[-18.541977,81.131597,0.0],[-18.541174,81.132345,0.0],[-18.541494,81.132954,0.0],[-18.542208,81.133554,0.0],[-18.542734,81.13405,0.0],[-18.544299,81.134371,0.0],[-18.546779,81.134713,0.0],[-18.55026,81.135196,0.0],[-18.552824,81.135545,0.0],[-18.55439,81.135977,0.0],[-18.558354,81.136714,0.0],[-18.562774,81.137261,0.0],[-18.568188,81.137451,0.0],[-18.574597,81.137365,0.0],[-18.580379,81.137136,0.0],[-18.582997,81.13684,0.0],[-18.585241,81.136643,0.0],[-18.586631,81.136421,0.0],[-18.587333,81.136074,0.0],[-18.588097,81.135741,0.0],[-18.590299,81.135493,0.0],[-18.592355,81.135306,0.0],[-18.594992,81.134971,0.0],[-18.5989,81.134774,0.0],[-18.601225,81.134504,0.0],[-18.60407,81.134201,0.0],[-18.608843,81.133589,0.0],[-18.61289,81.133122,0.0],[-18.617691,81.132905,0.0],[-18.619956,81.132798,0.0],[-18.621906,81.132547,0.0],[-18.622875,81.132149,0.0],[-18.62422,81.131811,0.0],[-18.626836,81.131595,0.0],[-18.630243,81.131391,0.0],[-18.633812,81.13104,0.0],[-18.636274,81.130484,0.0],[-18.638785,81.130252,0.0],[-18.643442,81.130175,0.0],[-18.64791,81.130044,0.0],[-18.652375,81.129801,0.0],[-18.657105,81.129362,0.0],[-18.6615,81.128866,0.0],[-18.663532,81.128637,0.0],[-18.663919,81.128322,0.0],[-18.663493,81.127938,0.0],[-18.662073,81.127685,0.0],[-18.660884,81.127522,0.0],[-18.661272,81.12724,0.0],[-18.663904,81.126921,0.0],[-18.665434,81.126606,0.0],[-18.666464,81.126268,0.0],[-18.668104,81.126161,0.0],[-18.670887,81.126102,0.0],[-18.672758,81.126085,0.0],[-18.674631,81.12618,0.0],[-18.674971,81.126462,0.0],[-18.675355,81.126827,0.0],[-18.677026,81.127099,0.0],[-18.679044,81.127149,0.0],[-18.680619,81.126997,0.0],[-18.683245,81.126469,0.0],[-18.686674,81.125739,0.0],[-18.690416,81.125024,0.0],[-18.694434,81.124547,0.0],[-18.69922,81.12404,0.0],[-18.70207,81.123474,0.0],[-18.703496,81.123222,0.0],[-18.704921,81.122907,0.0],[-18.704889,81.122545,0.0],[-18.704855,81.122118,0.0],[-18.706035,81.121976,0.0],[-18.708152,81.121914,0.0],[-18.710381,81.122108,0.0],[-18.711469,81.122335,0.0],[-18.713946,81.1225,0.0],[-18.716395,81.122414,0.0],[-18.719629,81.122181,0.0],[-18.722875,81.121685,0.0],[-18.725726,81.121182,0.0],[-18.728351,81.120798,0.0],[-18.731062,81.120485,0.0],[-18.736462,81.120449,0.0],[-18.741839,81.120354,0.0],[-18.748225,81.120009,0.0],[-18.753867,81.119799,0.0],[-18.760588,81.119559,0.0],[-18.76594,81.119375,0.0],[-18.768094,81.119219,0.0],[-18.769598,81.118894,0.0],[-18.770768,81.118511,0.0],[-18.773345,81.118012,0.0],[-18.775102,81.117802,0.0],[-18.777032,81.117781,0.0],[-18.778552,81.117888,0.0],[-18.780625,81.117774,0.0],[-18.780922,81.117421,0.0],[-18.780739,81.116975,0.0],[-18.78101,81.116484,0.0],[-18.782454,81.116243,0.0],[-18.784684,81.115917,0.0],[-18.786811,81.115623,0.0],[-18.789792,81.115418,0.0],[-18.793298,81.115357,0.0],[-18.794697,81.115551,0.0],[-18.795393,81.11582,0.0],[-18.796092,81.116153,0.0],[-18.798217,81.11633,0.0],[-18.800787,81.116206,0.0],[-18.802287,81.115848,0.0],[-18.800924,81.115513,0.0],[-18.799405,81.115421,0.0],[-18.798259,81.115326,0.0],[-18.797979,81.115089,0.0],[-18.799089,81.114806,0.0],[-18.801485,81.114525,0.0],[-18.804486,81.114297,0.0],[-18.810787,81.114073,0.0],[-18.814129,81.113591,0.0],[-18.8162,81.11299,0.0],[-18.817188,81.112338,0.0],[-18.81837,81.111836,0.0],[-18.819953,81.111485,0.0],[-18.822692,81.111469,0.0],[-18.825003,81.111653,0.0],[-18.827326,81.112077,0.0],[-18.829048,81.112543,0.0],[-18.83106,81.112984,0.0],[-18.832955,81.11312,0.0],[-18.83484,81.113031,0.0],[-18.836116,81.112792,0.0],[-18.838006,81.11236,0.0],[-18.839927,81.112163,0.0],[-18.843572,81.111992,0.0],[-18.845084,81.111923,0.0],[-18.846882,81.111764,0.0],[-18.847409,81.1115,0.0],[-18.846215,81.111258,0.0],[-18.845209,81.111038,0.0],[-18.846029,81.110828,0.0],[-18.847141,81.110641,0.0],[-18.848697,81.110639,0.0],[-18.850968,81.110836,0.0],[-18.853629,81.110942,0.0],[-18.85595,81.110878,0.0],[-18.858492,81.110664,0.0],[-18.861533,81.110471,0.0],[-18.862826,81.110178,0.0],[-18.86218,81.109681,0.0],[-18.861392,81.109262,0.0],[-18.860527,81.108965,0.0],[-18.860911,81.108746,0.0],[-18.862335,81.108591,0.0],[-18.86358,81.108605,0.0],[-18.86555,81.108587,0.0],[-18.866312,81.108477,0.0],[-18.867576,81.108437,0.0],[-18.869139,81.10858,0.0],[-18.870621,81.108764,0.0],[-18.872743,81.108893,0.0],[-18.874689,81.108817,0.0],[-18.874845,81.108605,0.0],[-18.874664,81.108304,0.0],[-18.875505,81.108104,0.0],[-18.876686,81.10809,0.0],[-18.879143,81.108276,0.0],[-18.880871,81.108399,0.0],[-18.883133,81.108403,0.0],[-18.885219,81.108233,0.0],[-18.887767,81.108147,0.0],[-18.891125,81.108098,0.0],[-18.894836,81.10766,0.0],[-18.899211,81.106834,0.0],[-18.90142,81.106251,0.0],[-18.901198,81.105962,0.0],[-18.899573,81.105823,0.0],[-18.897726,81.105803,0.0],[-18.895938,81.105715,0.0],[-18.895499,81.105642,0.0],[-18.896046,81.105404,0.0],[-18.897463,81.105136,0.0],[-18.899121,81.104727,0.0],[-18.901098,81.104461,0.0],[-18.903619,81.104301,0.0],[-18.90641,81.104137,0.0],[-18.908094,81.103834,0.0],[-18.908371,81.103583,0.0],[-18.908537,81.103205,0.0],[-18.909577,81.102876,0.0],[-18.911215,81.102489,0.0],[-18.911949,81.101882,0.0],[-18.912052,81.101475,0.0],[-18.913004,81.101076,0.0],[-18.915295,81.100499,0.0],[-18.916851,81.099762,0.0],[-18.916359,81.099102,0.0],[-18.915607,81.098997,0.0],[-18.912785,81.098927,0.0],[-18.911456,81.098875,0.0],[-18.910719,81.098651,0.0],[-18.909738,81.098521,0.0],[-18.908813,81.098275,0.0],[-18.909179,81.097768,0.0],[-18.912525,81.096792,0.0],[-18.917589,81.095435,0.0],[-18.92121,81.0946,0.0],[-18.924047,81.093849,0.0],[-18.923545,81.093372,0.0],[-18.921482,81.093144,0.0],[-18.919272,81.093255,0.0],[-18.917752,81.093476,0.0],[-18.915765,81.093501,0.0],[-18.914641,81.093399,0.0],[-18.914466,81.093226,0.0],[-18.914682,81.093011,0.0],[-18.916611,81.092678,0.0],[-18.918434,81.092314,0.0],[-18.9193,81.09186,0.0],[-18.919171,81.091396,0.0],[-18.918665,81.090854,0.0],[-18.918054,81.090281,0.0],[-18.913958,81.089571,0.0],[-18.911958,81.08934,0.0],[-18.907231,81.089189,0.0],[-18.900351,81.08905,0.0],[-18.896995,81.089003,0.0],[-18.894752,81.088864,0.0],[-18.891966,81.088621,0.0],[-18.889772,81.088223,0.0],[-18.887548,81.087834,0.0],[-18.885379,81.087502,0.0],[-18.882913,81.087231,0.0],[-18.879704,81.087007,0.0],[-18.876965,81.086871,0.0],[-18.875357,81.086581,0.0],[-18.874201,81.086213,0.0],[-18.873513,81.085682,0.0],[-18.875204,81.085147,0.0],[-18.876058,81.084438,0.0],[-18.876237,81.083453,0.0],[-18.876004,81.082924,0.0],[-18.876971,81.082407,0.0],[-18.878846,81.081862,0.0],[-18.880914,81.081013,0.0],[-18.882839,81.079818,0.0],[-18.885417,81.078836,0.0],[-18.88839,81.078387,0.0],[-18.891304,81.077954,0.0],[-18.893981,81.077758,0.0],[-18.898394,81.077535,0.0],[-18.900319,81.077186,0.0],[-18.903853,81.076784,0.0],[-18.906637,81.076652,0.0],[-18.910311,81.076548,0.0],[-18.912742,81.076397,0.0],[-18.915345,81.076192,0.0],[-18.917034,81.075893,0.0],[-18.919494,81.075513,0.0],[-18.921905,81.075385,0.0],[-18.925254,81.0754,0.0],[-18.927233,81.075294,0.0],[-18.928751,81.07509,0.0],[-18.930666,81.074972,0.0],[-18.93384,81.074814,0.0],[-18.936373,81.074647,0.0],[-18.941639,81.074592,0.0],[-18.946985,81.074479,0.0],[-18.954193,81.074395,0.0],[-18.959114,81.074433,0.0],[-18.963526,81.0746,0.0],[-18.968522,81.074859,0.0],[-18.972927,81.075256,0.0],[-18.975732,81.075493,0.0],[-18.979063,81.075889,0.0],[-18.983725,81.076401,0.0],[-18.989906,81.077085,0.0],[-18.995401,81.077676,0.0],[-18.998904,81.077985,0.0],[-19.002614,81.078449,0.0],[-19.005801,81.079145,0.0],[-19.008165,81.079882,0.0],[-19.010077,81.080346,0.0],[-19.013155,81.080774,0.0],[-19.015629,81.081296,0.0],[-19.017848,81.081858,0.0],[-19.020578,81.082332,0.0],[-19.024523,81.083017,0.0],[-19.027123,81.08354,0.0],[-19.030472,81.08412,0.0],[-19.032733,81.084522,0.0],[-19.034176,81.084906,0.0],[-19.035535,81.08526,0.0],[-19.038464,81.085736,0.0],[-19.041247,81.086038,0.0],[-19.042242,81.086368,0.0],[-19.043237,81.086691,0.0],[-19.045511,81.086954,0.0],[-19.047266,81.087198,0.0],[-19.048218,81.087501,0.0],[-19.05012,81.087764,0.0],[-19.053169,81.087858,0.0],[-19.05662,81.087775,0.0],[-19.059774,81.087742,0.0],[-19.063629,81.087674,0.0],[-19.066931,81.08754,0.0],[-19.070476,81.087472,0.0],[-19.074294,81.087469,0.0],[-19.079055,81.087485,0.0],[-19.083191,81.087429,0.0],[-19.086688,81.087421,0.0],[-19.089689,81.08742,0.0],[-19.091621,81.087526,0.0],[-19.094104,81.087784,0.0],[-19.096342,81.088104,0.0],[-19.098224,81.088357,0.0],[-19.09911,81.088584,0.0],[-19.099067,81.088843,0.0],[-19.099027,81.089135,0.0],[-19.099749,81.089381,0.0],[-19.101881,81.089653,0.0],[-19.102574,81.090056,0.0],[-19.103368,81.090705,0.0],[-19.104312,81.091143,0.0],[-19.10666,81.091527,0.0],[-19.109117,81.091695,0.0],[-19.110445,81.092011,0.0],[-19.110627,81.092226,0.0],[-19.110962,81.092548,0.0],[-19.112339,81.09295,0.0],[-19.114112,81.093041,0.0],[-19.11617,81.092943,0.0],[-19.117481,81.092886,0.0],[-19.118419,81.092972,0.0],[-19.118628,81.093267,0.0],[-19.118672,81.093705,0.0],[-19.1181,81.094068,0.0],[-19.117545,81.094533,0.0],[-19.117528,81.094982,0.0],[-19.118007,81.095691,0.0],[-19.117721,81.096144,0.0],[-19.117181,81.09653,0.0],[-19.116453,81.09677,0.0],[-19.115468,81.097027,0.0],[-19.115014,81.097311,0.0],[-19.115052,81.097325,0.0],[-19.115663,81.09754,0.0],[-19.117543,81.097737,0.0],[-19.119969,81.09803,0.0],[-19.121822,81.098298,0.0],[-19.123269,81.098512,0.0],[-19.124718,81.098742,0.0],[-19.12701,81.099029,0.0],[-19.130443,81.09947,0.0],[-19.132864,81.099684,0.0],[-19.136374,81.09978,0.0],[-19.140219,81.099646,0.0],[-19.141368,81.099591,0.0],[-19.143398,81.099494,0.0],[-19.146197,81.099636,0.0],[-19.148752,81.099831,0.0],[-19.148195,81.100124,0.0],[-19.146161,81.100346,0.0],[-19.143951,81.100575,0.0],[-19.141974,81.100737,0.0],[-19.14034,81.101037,0.0],[-19.13946,81.10131,0.0],[-19.138392,81.1017,0.0],[-19.138945,81.102008,0.0],[-19.141675,81.102189,0.0],[-19.145317,81.102359,0.0],[-19.149811,81.102552,0.0],[-19.152498,81.102714,0.0],[-19.156344,81.103097,0.0],[-19.158403,81.103427,0.0],[-19.159801,81.103787,0.0],[-19.163434,81.104091,0.0],[-19.166643,81.104374,0.0],[-19.170161,81.104443,0.0],[-19.173465,81.104276,0.0],[-19.176502,81.103898,0.0],[-19.177889,81.103125,0.0],[-19.176688,81.102653,0.0],[-19.173462,81.102005,0.0],[-19.170814,81.101321,0.0],[-19.170033,81.100649,0.0],[-19.170557,81.099971,0.0],[-19.173211,81.099485,0.0],[-19.174855,81.099568,0.0],[-19.17767,81.099771,0.0],[-19.179992,81.099539,0.0],[-19.182767,81.100248,0.0],[-19.187881,81.10189,0.0],[-19.192341,81.103378,0.0],[-19.197081,81.104728,0.0],[-19.202562,81.106237,0.0],[-19.205197,81.107322,0.0],[-19.199578,81.107587,0.0],[-19.191469,81.107973,0.0],[-19.184966,81.10847,0.0],[-19.17704,81.108961,0.0],[-19.165846,81.109705,0.0],[-19.157542,81.110545,0.0],[-19.150586,81.111327,0.0],[-19.144223,81.111875,0.0],[-19.141657,81.111706,0.0],[-19.14049,81.111388,0.0],[-19.13759,81.111326,0.0],[-19.134877,81.11175,0.0],[-19.131296,81.111976,0.0],[-19.127579,81.11215,0.0],[-19.123104,81.111982,0.0],[-19.120508,81.111692,0.0],[-19.119864,81.11142,0.0],[-19.120089,81.110839,0.0],[-19.119229,81.110456,0.0],[-19.117215,81.11044,0.0],[-19.115021,81.110515,0.0],[-19.113675,81.110813,0.0],[-19.112615,81.11161,0.0],[-19.109447,81.112257,0.0],[-19.109419,81.112972,0.0],[-19.10837,81.113651,0.0],[-19.107725,81.114447,0.0],[-19.108429,81.114963,0.0],[-19.111254,81.115262,0.0],[-19.110734,81.11551,0.0],[-19.109194,81.115737,0.0],[-19.107694,81.115952,0.0],[-19.104035,81.116443,0.0],[-19.099811,81.116867,0.0],[-19.094032,81.117063,0.0],[-19.089431,81.117197,0.0],[-19.085061,81.117355,0.0],[-19.082502,81.117283,0.0],[-19.081425,81.117034,0.0],[-19.078822,81.116943,0.0],[-19.076394,81.117255,0.0],[-19.073293,81.117731,0.0],[-19.069184,81.118348,0.0],[-19.065203,81.118743,0.0],[-19.06276,81.119141,0.0],[-19.062426,81.119411,0.0],[-19.063883,81.119457,0.0],[-19.066406,81.119296,0.0],[-19.071529,81.119194,0.0],[-19.076023,81.11953,0.0],[-19.073889,81.121618,0.0],[-19.070192,81.123665,0.0],[-19.068064,81.125391,0.0],[-19.066391,81.126796,0.0],[-19.065136,81.128244,0.0],[-19.060573,81.128016,0.0],[-19.056255,81.127812,0.0],[-19.050999,81.127577,0.0],[-19.048713,81.127681,0.0],[-19.050857,81.128225,0.0],[-19.057023,81.12883,0.0],[-19.063552,81.129358,0.0],[-19.054805,81.131541,0.0],[-19.048224,81.132621,0.0],[-19.029251,81.13343,0.0],[-19.006452,81.132611,0.0],[-18.979536,81.131522,0.0],[-18.957891,81.131297,0.0],[-18.944853,81.132187,0.0],[-18.929546,81.134223,0.0],[-18.91121,81.137825,0.0],[-18.896223,81.139931,0.0],[-18.880886,81.141861,0.0],[-18.872451,81.142792,0.0],[-18.860546,81.144653,0.0],[-18.848636,81.146513,0.0],[-18.833027,81.149407,0.0],[-18.814992,81.153924,0.0],[-18.801159,81.158249,0.0],[-18.790497,81.160957,0.0],[-18.77966,81.162469,0.0],[-18.767205,81.165879,0.0],[-18.759098,81.167973,0.0],[-18.751493,81.171769,0.0],[-18.751194,81.173209,0.0],[-18.751261,81.175056,0.0],[-18.754682,81.176743,0.0],[-18.758606,81.178374,0.0],[-18.762854,81.180602,0.0],[-18.763575,81.182434,0.0],[-18.75692,81.186081,0.0],[-18.752114,81.187445,0.0],[-18.742224,81.18907,0.0],[-18.735409,81.190145,0.0],[-18.730228,81.190197,0.0],[-18.727643,81.189906,0.0],[-18.722437,81.190112,0.0],[-18.715816,81.190295,0.0],[-18.707371,81.190412,0.0],[-18.696795,81.190371,0.0],[-18.69253,81.19022,0.0],[-18.689958,81.190345,0.0],[-18.6878,81.190634,0.0],[-18.673506,81.190151,0.0],[-18.660916,81.1891,0.0],[-18.647309,81.188244,0.0],[-18.634109,81.187738,0.0],[-18.6265,81.188217,0.0],[-18.611919,81.190295,0.0],[-18.60469,81.190668,0.0],[-18.594509,81.191357,0.0],[-18.581597,81.193114,0.0],[-18.573398,81.194745,0.0],[-18.572412,81.196379,0.0],[-18.56622,81.198811,0.0],[-18.556884,81.200772,0.0],[-18.549363,81.202142,0.0],[-18.537294,81.203462,0.0],[-18.528808,81.204138,0.0],[-18.52032,81.204669,0.0],[-18.513213,81.204969,0.0],[-18.508334,81.205477,0.0],[-18.498677,81.206587,0.0],[-18.492969,81.207369,0.0],[-18.487685,81.208106,0.0],[-18.475703,81.209444,0.0],[-18.458787,81.210924,0.0],[-18.434611,81.212772,0.0],[-18.410425,81.214618,0.0],[-18.398324,81.216464,0.0],[-18.383794,81.219049,0.0],[-18.3704,81.222118,0.0],[-18.362067,81.225367,0.0],[-18.353096,81.22805,0.0],[-18.340973,81.22946,0.0],[-18.335272,81.230123,0.0],[-18.308609,81.230854,0.0],[-18.286783,81.231955,0.0],[-18.267388,81.232316,0.0],[-18.250393,81.233786,0.0],[-18.23095,81.235993,0.0],[-18.211497,81.238198,0.0],[-18.196876,81.240776,0.0],[-18.188222,81.242994,0.0],[-18.167608,81.245929,0.0],[-18.157863,81.24703,0.0],[-18.145726,81.247021,0.0],[-18.122702,81.245188,0.0],[-18.092221,81.242708,0.0],[-18.07551,81.242527,0.0],[-18.053625,81.243614,0.0],[-18.031734,81.244699,0.0],[-18.014472,81.243332,0.0],[-17.990591,81.242436,0.0],[-17.971161,81.242782,0.0],[-17.956563,81.243503,0.0],[-17.937517,81.242601,0.0],[-17.913293,81.2412,0.0],[-17.888829,81.240085,0.0],[-17.869401,81.240426,0.0],[-17.854595,81.240122,0.0],[-17.826721,81.237664,0.0],[-17.809025,81.236635,0.0],[-17.78478,81.236594,0.0],[-17.767695,81.238042,0.0],[-17.750605,81.23949,0.0],[-17.738331,81.241315,0.0],[-17.716408,81.242382,0.0],[-17.691989,81.244182,0.0],[-17.665232,81.244867,0.0],[-17.640796,81.246664,0.0],[-17.61635,81.248459,0.0],[-17.596715,81.250633,0.0],[-17.574569,81.253539,0.0],[-17.562238,81.255358,0.0],[-17.549978,81.255866,0.0],[-17.532827,81.255727,0.0],[-17.507292,81.253992,0.0],[-17.484064,81.253002,0.0],[-17.462956,81.252159,0.0],[-17.438666,81.251772,0.0],[-17.416898,81.251298,0.0],[-17.392615,81.251232,0.0],[-17.365614,81.251567,0.0],[-17.346463,81.251701,0.0],[-17.322052,81.252139,0.0],[-17.285624,81.252029,0.0],[-17.266147,81.252339,0.0],[-17.246668,81.252647,0.0],[-17.226616,81.251961,0.0],[-17.204948,81.250374,0.0],[-17.186483,81.248757,0.0],[-17.167299,81.246498,0.0],[-17.152879,81.246057,0.0],[-17.123537,81.247434,0.0],[-17.101524,81.248466,0.0],[-17.069911,81.248722,0.0],[-17.06406,81.246679,0.0],[-17.047022,81.243976,0.0],[-17.034945,81.242484,0.0],[-17.017771,81.240768,0.0],[-17.008779,81.238092,0.0],[-17.004008,81.235911,0.0],[-16.997676,81.232068,0.0],[-16.990566,81.229207,0.0],[-16.981137,81.226268,0.0],[-16.972057,81.223962,0.0],[-16.95112,81.220097,0.0],[-16.920154,81.215994,0.0],[-16.903938,81.211863,0.0],[-16.877002,81.208578,0.0],[-16.856931,81.204276,0.0],[-16.845862,81.198685,0.0],[-16.834807,81.193094,0.0],[-16.819353,81.185266,0.0],[-16.803927,81.177438,0.0],[-16.788529,81.169609,0.0],[-16.784109,81.164547,0.0],[-16.775707,81.159295,0.0],[-16.769842,81.153138,0.0],[-16.770476,81.146594,0.0],[-16.777142,81.141271,0.0],[-16.800485,81.1345,0.0],[-16.825345,81.127779,0.0],[-16.85009,81.122544,0.0],[-16.877128,81.117881,0.0],[-16.911551,81.112662,0.0],[-16.943641,81.104469,0.0],[-16.960393,81.100614,0.0],[-16.97393,81.096842,0.0],[-16.98897,81.095154,0.0],[-17.002903,81.094344,0.0],[-17.018328,81.092654,0.0],[-17.03224,81.090417,0.0],[-17.047692,81.0885,0.0],[-17.064658,81.087288,0.0],[-17.082515,81.083692,0.0],[-17.092513,81.079996,0.0],[-17.099057,81.074406,0.0],[-17.075824,81.070627,0.0],[-17.038228,81.06753,0.0],[-17.008144,81.062242,0.0],[-16.996859,81.058503,0.0],[-17.000157,81.057888,0.0],[-17.007159,81.05626,0.0],[-17.018481,81.053017,0.0],[-17.030649,81.049323,0.0],[-17.043897,81.04649,0.0],[-17.058445,81.04468,0.0],[-17.072598,81.043019,0.0],[-17.08465,81.04134,0.0],[-17.106016,81.039468,0.0],[-17.116809,81.037762,0.0],[-17.12507,81.035328,0.0],[-17.130308,81.032738,0.0],[-17.138142,81.030373,0.0],[-17.148645,81.028023,0.0],[-17.158776,81.026537,0.0],[-17.175035,81.025534,0.0],[-17.199292,81.024604,0.0],[-17.215439,81.024389,0.0],[-17.236674,81.025001,0.0],[-17.255657,81.024693,0.0],[-17.273217,81.025259,0.0],[-17.291159,81.024806,0.0],[-17.314827,81.024879,0.0],[-17.326609,81.024395,0.0],[-17.330706,81.023176,0.0],[-17.33158,81.021927,0.0],[-17.331805,81.021605,0.0]],[[-17.510616,81.141523,0.0],[-17.510574,81.141286,0.0],[-17.510001,81.141006,0.0],[-17.509991,81.14046,0.0],[-17.511749,81.140289,0.0],[-17.51441,81.14045,0.0],[-17.516752,81.140456,0.0],[-17.518849,81.140234,0.0],[-17.51929,81.139854,0.0],[-17.517395,81.139416,0.0],[-17.513806,81.13918,0.0],[-17.513429,81.138942,0.0],[-17.515081,81.138503,0.0],[-17.51763,81.138447,0.0],[-17.520916,81.138373,0.0],[-17.52398,81.137865,0.0],[-17.524452,81.137176,0.0],[-17.521697,81.136643,0.0],[-17.516851,81.136281,0.0],[-17.513189,81.136117,0.0],[-17.508136,81.135816,0.0],[-17.506012,81.136295,0.0],[-17.50488,81.13688,0.0],[-17.504094,81.137362,0.0],[-17.503694,81.13798,0.0],[-17.503639,81.138495,0.0],[-17.50487,81.13888,0.0],[-17.505963,81.139305,0.0],[-17.505303,81.13985,0.0],[-17.503555,81.140567,0.0],[-17.502029,81.141069,0.0],[-17.501651,81.14148,0.0],[-17.503137,81.141989,0.0],[-17.505681,81.141985,0.0],[-17.508443,81.141817,0.0],[-17.510616,81.141523,0.0]],[[-19.107194,81.110864,0.0],[-19.108039,81.110792,0.0],[-19.108776,81.110656,0.0],[-19.108705,81.110547,0.0],[-19.10855,81.110416,0.0],[-19.107839,81.110347,0.0],[-19.107155,81.110351,0.0],[-19.106473,81.110388,0.0],[-19.105756,81.110517,0.0],[-19.105451,81.110598,0.0],[-19.105674,81.110806,0.0],[-19.107194,81.110864,0.0]],[[-17.564824,80.963437,0.0],[-17.565967,80.963241,0.0],[-17.566728,80.963048,0.0],[-17.566281,80.962825,0.0],[-17.565108,80.962743,0.0],[-17.563692,80.96282,0.0],[-17.562815,80.962939,0.0],[-17.562063,80.963163,0.0],[-17.561698,80.963399,0.0],[-17.561784,80.963534,0.0],[-17.562475,80.963604,0.0],[-17.563429,80.96359,0.0],[-17.564824,80.963437,0.0]],[[-17.694957,80.937328,0.0],[-17.694229,80.936965,0.0],[-17.693402,80.936918,0.0],[-17.691474,80.937022,0.0],[-17.690488,80.937248,0.0],[-17.689426,80.937534,0.0],[-17.688417,80.937843,0.0],[-17.68785,80.938028,0.0],[-17.688534,80.938241,0.0],[-17.690429,80.938182,0.0],[-17.692726,80.93803,0.0],[-17.694397,80.93786,0.0],[-17.695153,80.937666,0.0],[-17.694957,80.937328,0.0]],[[-17.617878,81.005676,0.0],[-17.617651,81.005566,0.0],[-17.616252,81.005239,0.0],[-17.614134,81.004907,0.0],[-17.612694,81.004662,0.0],[-17.611784,81.00422,0.0],[-17.610365,81.003822,0.0],[-17.609742,81.003245,0.0],[-17.609422,81.002584,0.0],[-17.610112,81.002039,0.0],[-17.609969,81.001316,0.0],[-17.607677,81.001281,0.0],[-17.606446,81.001759,0.0],[-17.605701,81.002345,0.0],[-17.605661,81.002886,0.0],[-17.605157,81.0034,0.0],[-17.605249,81.00395,0.0],[-17.605674,81.004293,0.0],[-17.606295,81.004636,0.0],[-17.607501,81.004974,0.0],[-17.60905,81.005147,0.0],[-17.611257,81.005335,0.0],[-17.613017,81.005557,0.0],[-17.614082,81.005856,0.0],[-17.61575,81.005987,0.0],[-17.61783,81.005962,0.0],[-17.617878,81.005676,0.0]],[[-17.650642,81.001058,0.0],[-17.650642,81.000833,0.0],[-17.650455,81.000641,0.0],[-17.649872,81.000431,0.0],[-17.648917,81.000285,0.0],[-17.648168,80.999953,0.0],[-17.646944,80.999554,0.0],[-17.646793,80.999259,0.0],[-17.647398,80.999102,0.0],[-17.648371,80.999085,0.0],[-17.650018,80.999145,0.0],[-17.651295,80.999054,0.0],[-17.651508,80.998889,0.0],[-17.652034,80.998681,0.0],[-17.652983,80.998583,0.0],[-17.65384,80.998617,0.0],[-17.655059,80.998772,0.0],[-17.656824,80.99879,0.0],[-17.658042,80.99872,0.0],[-17.65928,80.998497,0.0],[-17.660284,80.998143,0.0],[-17.660186,80.997807,0.0],[-17.660516,80.997601,0.0],[-17.661338,80.997513,0.0],[-17.661816,80.997367,0.0],[-17.662942,80.997206,0.0],[-17.663415,80.997263,0.0],[-17.664497,80.997399,0.0],[-17.66617,80.997325,0.0],[-17.668853,80.996918,0.0],[-17.670247,80.996562,0.0],[-17.671025,80.996107,0.0],[-17.670723,80.995742,0.0],[-17.66935,80.995507,0.0],[-17.666581,80.995395,0.0],[-17.663664,80.995446,0.0],[-17.662091,80.995417,0.0],[-17.661677,80.995338,0.0],[-17.661688,80.995154,0.0],[-17.662341,80.994936,0.0],[-17.662689,80.994566,0.0],[-17.663814,80.994405,0.0],[-17.665267,80.994251,0.0],[-17.666289,80.993959,0.0],[-17.667301,80.993635,0.0],[-17.668202,80.993598,0.0],[-17.670876,80.993385,0.0],[-17.670978,80.993068,0.0],[-17.669541,80.992834,0.0],[-17.668308,80.992628,0.0],[-17.667563,80.992307,0.0],[-17.667892,80.991876,0.0],[-17.668807,80.991666,0.0],[-17.669571,80.991385,0.0],[-17.669277,80.99105,0.0],[-17.668506,80.990862,0.0],[-17.668608,80.990545,0.0],[-17.670843,80.990397,0.0],[-17.672502,80.990058,0.0],[-17.673047,80.989697,0.0],[-17.673397,80.989338,0.0],[-17.674072,80.988976,0.0],[-17.673707,80.988622,0.0],[-17.672085,80.988419,0.0],[-17.67139,80.988271,0.0],[-17.671407,80.988108,0.0],[-17.672685,80.987803,0.0],[-17.673226,80.987432,0.0],[-17.672416,80.987111,0.0],[-17.671597,80.98676,0.0],[-17.672144,80.986409,0.0],[-17.6726,80.985967,0.0],[-17.67107,80.985632,0.0],[-17.667987,80.985552,0.0],[-17.6667,80.985602,0.0],[-17.665573,80.985753,0.0],[-17.66509,80.986103,0.0],[-17.663611,80.986389,0.0],[-17.66236,80.986561,0.0],[-17.659907,80.98663,0.0],[-17.658702,80.986516,0.0],[-17.65677,80.986367,0.0],[-17.655495,80.986458,0.0],[-17.655404,80.986815,0.0],[-17.655939,80.987087,0.0],[-17.657023,80.987232,0.0],[-17.657987,80.987633,0.0],[-17.658183,80.988081,0.0],[-17.65799,80.988755,0.0],[-17.65733,80.989392,0.0],[-17.656174,80.990339,0.0],[-17.655134,80.991458,0.0],[-17.654492,80.992381,0.0],[-17.654435,80.993299,0.0],[-17.652865,80.994167,0.0],[-17.652141,80.994591,0.0],[-17.651655,80.995155,0.0],[-17.651455,80.995809,0.0],[-17.650989,80.996445,0.0],[-17.650115,80.997022,0.0],[-17.648062,80.997578,0.0],[-17.645665,80.998074,0.0],[-17.644344,80.998461,0.0],[-17.642233,80.999047,0.0],[-17.642793,80.999849,0.0],[-17.644978,81.000415,0.0],[-17.647354,81.000959,0.0],[-17.649282,81.001088,0.0],[-17.650642,81.001058,0.0]],[[-18.12311,80.960794,0.0],[-18.123011,80.960529,0.0],[-18.122095,80.960263,0.0],[-18.11933,80.959979,0.0],[-18.116402,80.959703,0.0],[-18.114619,80.959368,0.0],[-18.112999,80.959024,0.0],[-18.11344,80.958845,0.0],[-18.114912,80.958769,0.0],[-18.116061,80.958582,0.0],[-18.11792,80.958302,0.0],[-18.120915,80.958219,0.0],[-18.123685,80.958332,0.0],[-18.125317,80.958334,0.0],[-18.127939,80.958028,0.0],[-18.128167,80.957703,0.0],[-18.12666,80.95724,0.0],[-18.123623,80.956998,0.0],[-18.121177,80.956954,0.0],[-18.119053,80.95702,0.0],[-18.118231,80.95719,0.0],[-18.116867,80.957317,0.0],[-18.112032,80.957168,0.0],[-18.108933,80.957114,0.0],[-18.104309,80.957152,0.0],[-18.101484,80.957056,0.0],[-18.100187,80.956824,0.0],[-18.100041,80.956362,0.0],[-18.10119,80.956175,0.0],[-18.104076,80.956083,0.0],[-18.106911,80.955881,0.0],[-18.109472,80.955763,0.0],[-18.112964,80.955442,0.0],[-18.117001,80.955077,0.0],[-18.118262,80.954771,0.0],[-18.118118,80.954223,0.0],[-18.115357,80.953896,0.0],[-18.112802,80.953885,0.0],[-18.110511,80.954088,0.0],[-18.108701,80.954523,0.0],[-18.105976,80.954691,0.0],[-18.105437,80.954563,0.0],[-18.105992,80.954264,0.0],[-18.10671,80.953957,0.0],[-18.107322,80.953556,0.0],[-18.108482,80.953069,0.0],[-18.109801,80.95266,0.0],[-18.111446,80.952277,0.0],[-18.111359,80.95167,0.0],[-18.108918,80.951539,0.0],[-18.107128,80.951418,0.0],[-18.10458,80.951236,0.0],[-18.103438,80.951252,0.0],[-18.10174,80.95161,0.0],[-18.101245,80.951763,0.0],[-18.100211,80.951788,0.0],[-18.098584,80.951701,0.0],[-18.096245,80.95175,0.0],[-18.094442,80.95197,0.0],[-18.093367,80.95167,0.0],[-18.093321,80.951431,0.0],[-18.093981,80.951226,0.0],[-18.095788,80.950877,0.0],[-18.09596,80.950655,0.0],[-18.093905,80.950363,0.0],[-18.090809,80.950308,0.0],[-18.088094,80.950263,0.0],[-18.084508,80.950234,0.0],[-18.081454,80.950505,0.0],[-18.080618,80.951017,0.0],[-18.08201,80.951557,0.0],[-18.082961,80.952276,0.0],[-18.083319,80.952841,0.0],[-18.082107,80.953258,0.0],[-18.080091,80.953376,0.0],[-18.077971,80.953357,0.0],[-18.075955,80.953475,0.0],[-18.074804,80.953704,0.0],[-18.073384,80.953848,0.0],[-18.072116,80.954283,0.0],[-18.072703,80.954566,0.0],[-18.074754,80.954944,0.0],[-18.076322,80.955177,0.0],[-18.076689,80.955527,0.0],[-18.074994,80.955757,0.0],[-18.072268,80.955925,0.0],[-18.067649,80.955835,0.0],[-18.065207,80.955704,0.0],[-18.062694,80.955975,0.0],[-18.06262,80.956462,0.0],[-18.063855,80.95684,0.0],[-18.063949,80.957191,0.0],[-18.063068,80.957463,0.0],[-18.060835,80.957521,0.0],[-18.058985,80.957545,0.0],[-18.05556,80.957507,0.0],[-18.053978,80.957616,0.0],[-18.050003,80.957706,0.0],[-18.048643,80.957705,0.0],[-18.045755,80.957838,0.0],[-18.04416,80.958247,0.0],[-18.041476,80.958655,0.0],[-18.039243,80.958712,0.0],[-18.036579,80.958692,0.0],[-18.033535,80.95862,0.0],[-18.031084,80.958703,0.0],[-18.027753,80.958973,0.0],[-18.02649,80.959237,0.0],[-18.023878,80.959242,0.0],[-18.021495,80.959009,0.0],[-18.020307,80.958828,0.0],[-18.017863,80.95874,0.0],[-18.016873,80.958961,0.0],[-18.016311,80.959345,0.0],[-18.015146,80.959831,0.0],[-18.014541,80.959976,0.0],[-18.012727,80.960367,0.0],[-18.010154,80.960697,0.0],[-18.00715,80.96095,0.0],[-18.005339,80.961256,0.0],[-18.003515,80.961861,0.0],[-18.001796,80.962517,0.0],[-18.000126,80.963285,0.0],[-17.998902,80.96383,0.0],[-17.996171,80.964041,0.0],[-17.993834,80.963961,0.0],[-17.989486,80.963828,0.0],[-17.986599,80.963875,0.0],[-17.983386,80.963897,0.0],[-17.981136,80.964253,0.0],[-17.980949,80.964732,0.0],[-17.983366,80.965376,0.0],[-17.985523,80.965806,0.0],[-17.987621,80.966296,0.0],[-17.989512,80.966598,0.0],[-17.992371,80.967149,0.0],[-17.994479,80.967468,0.0],[-17.995719,80.967717,0.0],[-17.997064,80.968061,0.0],[-17.999972,80.968723,0.0],[-18.002626,80.969042,0.0],[-18.005664,80.969285,0.0],[-18.008387,80.969288,0.0],[-18.010125,80.969384,0.0],[-18.012126,80.969694,0.0],[-18.014452,80.970031,0.0],[-18.017888,80.96994,0.0],[-18.018786,80.969369,0.0],[-18.01744,80.969025,0.0],[-18.015828,80.968553,0.0],[-18.016937,80.968127,0.0],[-18.01822,80.967478,0.0],[-18.018183,80.967111,0.0],[-18.015818,80.96645,0.0],[-18.0142,80.966106,0.0],[-18.013737,80.965532,0.0],[-18.014952,80.965157,0.0],[-18.01628,80.964706,0.0],[-18.016359,80.964176,0.0],[-18.016326,80.963723,0.0],[-18.017933,80.9631,0.0],[-18.018282,80.962613,0.0],[-18.019932,80.96223,0.0],[-18.021736,80.962053,0.0],[-18.025049,80.962211,0.0],[-18.028361,80.962368,0.0],[-18.031193,80.962337,0.0],[-18.035881,80.962154,0.0],[-18.040312,80.961629,0.0],[-18.044642,80.960924,0.0],[-18.046673,80.960507,0.0],[-18.04941,80.960125,0.0],[-18.052851,80.959821,0.0],[-18.057322,80.959578,0.0],[-18.064137,80.959243,0.0],[-18.069536,80.958923,0.0],[-18.074559,80.958467,0.0],[-18.07822,80.958051,0.0],[-18.079593,80.957711,0.0],[-18.083254,80.957295,0.0],[-18.085173,80.956912,0.0],[-18.086557,80.956272,0.0],[-18.088742,80.956018,0.0],[-18.091447,80.956405,0.0],[-18.090825,80.95702,0.0],[-18.090043,80.957558,0.0],[-18.089052,80.957865,0.0],[-18.0868,80.958436,0.0],[-18.086399,80.95894,0.0],[-18.088607,80.959523,0.0],[-18.092027,80.959732,0.0],[-18.097126,80.960138,0.0],[-18.104344,80.960649,0.0],[-18.108481,80.960593,0.0],[-18.113651,80.960555,0.0],[-18.116367,80.960686,0.0],[-18.121639,80.96087,0.0],[-18.12311,80.960794,0.0]],[[-17.979894,80.944952,0.0],[-17.979445,80.944712,0.0],[-17.978691,80.944587,0.0],[-17.976367,80.944357,0.0],[-17.975159,80.944078,0.0],[-17.974196,80.943786,0.0],[-17.971842,80.943629,0.0],[-17.968536,80.943492,0.0],[-17.965796,80.943433,0.0],[-17.963375,80.943529,0.0],[-17.961686,80.943629,0.0],[-17.958668,80.943698,0.0],[-17.95519,80.94374,0.0],[-17.951678,80.943898,0.0],[-17.949599,80.944182,0.0],[-17.948395,80.944364,0.0],[-17.947864,80.944633,0.0],[-17.947516,80.945034,0.0],[-17.947904,80.945398,0.0],[-17.949078,80.945793,0.0],[-17.950342,80.946034,0.0],[-17.951711,80.946326,0.0],[-17.952535,80.946661,0.0],[-17.953663,80.946902,0.0],[-17.955556,80.947075,0.0],[-17.957565,80.947086,0.0],[-17.95915,80.946913,0.0],[-17.960464,80.946718,0.0],[-17.963187,80.946594,0.0],[-17.964797,80.946455,0.0],[-17.966793,80.946196,0.0],[-17.968657,80.945874,0.0],[-17.970765,80.94556,0.0],[-17.972537,80.945434,0.0],[-17.974575,80.945415,0.0],[-17.975796,80.945438,0.0],[-17.97759,80.945411,0.0],[-17.978792,80.945271,0.0],[-17.979894,80.944952,0.0]],[[-18.058194,80.976461,0.0],[-18.058202,80.976269,0.0],[-18.058253,80.975705,0.0],[-18.058676,80.975363,0.0],[-18.058606,80.975068,0.0],[-18.056848,80.974767,0.0],[-18.054649,80.974581,0.0],[-18.053839,80.974388,0.0],[-18.05325,80.974147,0.0],[-18.053751,80.973887,0.0],[-18.054688,80.97364,0.0],[-18.054784,80.973315,0.0],[-18.052916,80.973027,0.0],[-18.050061,80.972896,0.0],[-18.048704,80.972787,0.0],[-18.045821,80.972665,0.0],[-18.04413,80.972723,0.0],[-18.042498,80.972657,0.0],[-18.040754,80.972668,0.0],[-18.039139,80.97285,0.0],[-18.037817,80.973173,0.0],[-18.036094,80.973325,0.0],[-18.034517,80.973242,0.0],[-18.034252,80.973071,0.0],[-18.034314,80.972904,0.0],[-18.032224,80.972748,0.0],[-18.029829,80.972686,0.0],[-18.028393,80.972517,0.0],[-18.027776,80.972307,0.0],[-18.027899,80.971995,0.0],[-18.027214,80.97149,0.0],[-18.023414,80.971187,0.0],[-18.020666,80.971128,0.0],[-18.017034,80.97132,0.0],[-18.014834,80.971767,0.0],[-18.012648,80.972504,0.0],[-18.00998,80.973031,0.0],[-18.006301,80.973638,0.0],[-18.004101,80.974063,0.0],[-18.003345,80.974485,0.0],[-18.006249,80.974728,0.0],[-18.010385,80.974844,0.0],[-18.015428,80.974807,0.0],[-18.018211,80.974729,0.0],[-18.024934,80.974891,0.0],[-18.029678,80.97484,0.0],[-18.034555,80.974833,0.0],[-18.038748,80.97491,0.0],[-18.041717,80.974943,0.0],[-18.044327,80.975087,0.0],[-18.045948,80.97541,0.0],[-18.048059,80.975749,0.0],[-18.050902,80.97618,0.0],[-18.054186,80.976496,0.0],[-18.056935,80.976575,0.0],[-18.058194,80.976461,0.0]],[[-17.961726,80.972099,0.0],[-17.96198,80.971937,0.0],[-17.961861,80.971616,0.0],[-17.961001,80.971397,0.0],[-17.959991,80.970909,0.0],[-17.95752,80.970764,0.0],[-17.956668,80.970921,0.0],[-17.956491,80.971165,0.0],[-17.957126,80.971516,0.0],[-17.957793,80.971795,0.0],[-17.958537,80.972134,0.0],[-17.960765,80.972248,0.0],[-17.961726,80.972099,0.0]],[[-17.997442,80.973713,0.0],[-17.99683,80.973417,0.0],[-17.995335,80.973351,0.0],[-17.993129,80.973336,0.0],[-17.991314,80.973116,0.0],[-17.990221,80.973178,0.0],[-17.989527,80.973455,0.0],[-17.990138,80.973773,0.0],[-17.991707,80.973984,0.0],[-17.994677,80.973996,0.0],[-17.996996,80.973935,0.0],[-17.997442,80.973713,0.0]],[[-17.978343,80.957076,0.0],[-17.977224,80.956622,0.0],[-17.975814,80.956551,0.0],[-17.973466,80.956728,0.0],[-17.972085,80.957154,0.0],[-17.970391,80.957297,0.0],[-17.967504,80.957387,0.0],[-17.964242,80.95734,0.0],[-17.959562,80.957394,0.0],[-17.956464,80.957339,0.0],[-17.953102,80.957155,0.0],[-17.950055,80.957168,0.0],[-17.945096,80.957349,0.0],[-17.942372,80.957431,0.0],[-17.940037,80.957351,0.0],[-17.936986,80.95745,0.0],[-17.935229,80.957738,0.0],[-17.933899,80.958189,0.0],[-17.932955,80.958521,0.0],[-17.932722,80.958803,0.0],[-17.931779,80.959135,0.0],[-17.930907,80.959151,0.0],[-17.928413,80.958994,0.0],[-17.924839,80.958707,0.0],[-17.921912,80.958515,0.0],[-17.918863,80.95857,0.0],[-17.91809,80.958766,0.0],[-17.91768,80.95927,0.0],[-17.918149,80.959629,0.0],[-17.919215,80.960016,0.0],[-17.919901,80.960393,0.0],[-17.918309,80.96063,0.0],[-17.916012,80.960832,0.0],[-17.914724,80.96148,0.0],[-17.913172,80.961957,0.0],[-17.914185,80.962317,0.0],[-17.916533,80.962184,0.0],[-17.919813,80.961932,0.0],[-17.921674,80.961738,0.0],[-17.924376,80.961117,0.0],[-17.928813,80.960593,0.0],[-17.932689,80.960368,0.0],[-17.93611,80.960492,0.0],[-17.939377,80.960454,0.0],[-17.94227,80.960278,0.0],[-17.944961,80.959829,0.0],[-17.94977,80.959442,0.0],[-17.95515,80.959552,0.0],[-17.959108,80.959805,0.0],[-17.962215,80.959689,0.0],[-17.966479,80.959301,0.0],[-17.972067,80.958547,0.0],[-17.976794,80.957596,0.0],[-17.978343,80.957076,0.0]],[[-17.980981,80.940355,0.0],[-17.983446,80.93991,0.0],[-17.98614,80.939246,0.0],[-17.988621,80.938458,0.0],[-17.990968,80.937649,0.0],[-17.990551,80.937293,0.0],[-17.989092,80.937176,0.0],[-17.987455,80.937345,0.0],[-17.98582,80.937493,0.0],[-17.982755,80.937451,0.0],[-17.979401,80.937245,0.0],[-17.976749,80.937097,0.0],[-17.97358,80.936982,0.0],[-17.971455,80.937154,0.0],[-17.970114,80.937379,0.0],[-17.970318,80.937632,0.0],[-17.971313,80.937808,0.0],[-17.973069,80.93796,0.0],[-17.975255,80.938189,0.0],[-17.976275,80.938421,0.0],[-17.977516,80.938564,0.0],[-17.978509,80.938783,0.0],[-17.977819,80.939018,0.0],[-17.976724,80.939187,0.0],[-17.975707,80.939438,0.0],[-17.975204,80.93972,0.0],[-17.975894,80.940033,0.0],[-17.977509,80.940313,0.0],[-17.979236,80.940516,0.0],[-17.980981,80.940355,0.0]],[[-18.104342,80.966609,0.0],[-18.104698,80.965823,0.0],[-18.103353,80.965394,0.0],[-18.099446,80.96504,0.0],[-18.096682,80.964712,0.0],[-18.09344,80.964068,0.0],[-18.090533,80.963236,0.0],[-18.087671,80.962643,0.0],[-18.083875,80.962298,0.0],[-18.081958,80.962595,0.0],[-18.080681,80.963244,0.0],[-18.079728,80.963961,0.0],[-18.079108,80.96449,0.0],[-18.077286,80.965138,0.0],[-18.074168,80.965512,0.0],[-18.071763,80.965749,0.0],[-18.070717,80.96603,0.0],[-18.070479,80.966525,0.0],[-18.072316,80.966886,0.0],[-18.077266,80.967002,0.0],[-18.083312,80.966948,0.0],[-18.090063,80.966972,0.0],[-18.094578,80.967096,0.0],[-18.098388,80.967142,0.0],[-18.10117,80.966999,0.0],[-18.104342,80.966609,0.0]],[[-18.896526,81.124765,0.0],[-18.90078,81.12424,0.0],[-18.903907,81.123646,0.0],[-18.905872,81.123092,0.0],[-18.905271,81.122727,0.0],[-18.902487,81.122724,0.0],[-18.90014,81.123138,0.0],[-18.896885,81.123674,0.0],[-18.89544,81.123869,0.0],[-18.894152,81.123883,0.0],[-18.894425,81.123536,0.0],[-18.893707,81.123306,0.0],[-18.891506,81.123347,0.0],[-18.89044,81.123618,0.0],[-18.889793,81.123985,0.0],[-18.889193,81.124434,0.0],[-18.889826,81.124626,0.0],[-18.891378,81.124887,0.0],[-18.89371,81.124968,0.0],[-18.896526,81.124765,0.0]],[[-19.057513,81.12029,0.0],[-19.058728,81.120134,0.0],[-19.059313,81.119883,0.0],[-19.058384,81.11967,0.0],[-19.057049,81.119602,0.0],[-19.056018,81.119699,0.0],[-19.055746,81.119966,0.0],[-19.055779,81.120152,0.0],[-19.057513,81.12029,0.0]],[[-17.939073,81.0091,0.0],[-17.938818,81.008342,0.0],[-17.937411,81.007861,0.0],[-17.933072,81.007631,0.0],[-17.929867,81.007472,0.0],[-17.926356,81.007482,0.0],[-17.922444,81.007577,0.0],[-17.921571,81.007275,0.0],[-17.922578,81.006967,0.0],[-17.925518,81.006561,0.0],[-17.927367,81.006224,0.0],[-17.930254,81.005872,0.0],[-17.933482,81.005606,0.0],[-17.934845,81.005113,0.0],[-17.934975,81.004541,0.0],[-17.930693,81.004218,0.0],[-17.926258,81.00398,0.0],[-17.925186,81.003701,0.0],[-17.926109,81.003114,0.0],[-17.928749,81.002762,0.0],[-17.930507,81.002262,0.0],[-17.929505,81.001619,0.0],[-17.927708,81.001068,0.0],[-17.92289,81.000644,0.0],[-17.919119,81.000051,0.0],[-17.91647,80.999723,0.0],[-17.912438,80.9994,0.0],[-17.911468,80.99909,0.0],[-17.911943,80.998565,0.0],[-17.90857,80.997965,0.0],[-17.904994,80.997465,0.0],[-17.901276,80.996856,0.0],[-17.897955,80.996241,0.0],[-17.893095,80.995754,0.0],[-17.887908,80.995785,0.0],[-17.885201,80.995627,0.0],[-17.883452,80.995972,0.0],[-17.884018,80.996406,0.0],[-17.885811,80.996957,0.0],[-17.887835,80.99778,0.0],[-17.88981,80.998617,0.0],[-17.89213,80.999463,0.0],[-17.894352,81.000302,0.0],[-17.897624,81.000932,0.0],[-17.899021,81.00153,0.0],[-17.900602,81.002375,0.0],[-17.902336,81.003135,0.0],[-17.904418,81.003864,0.0],[-17.906845,81.004602,0.0],[-17.908386,81.005308,0.0],[-17.91037,81.00603,0.0],[-17.913237,81.0069,0.0],[-17.915103,81.007961,0.0],[-17.915949,81.008728,0.0],[-17.916795,81.009494,0.0],[-17.918158,81.009875,0.0],[-17.921416,81.00998,0.0],[-17.924447,81.009737,0.0],[-17.927277,81.009555,0.0],[-17.931725,81.0096,0.0],[-17.936378,81.009545,0.0],[-17.939073,81.0091,0.0]],[[-17.9869,80.986296,0.0],[-17.986521,80.985994,0.0],[-17.984702,80.985868,0.0],[-17.980444,80.986188,0.0],[-17.976131,80.9866,0.0],[-17.971826,80.986857,0.0],[-17.965613,80.986787,0.0],[-17.960927,80.986781,0.0],[-17.957307,80.987132,0.0],[-17.953538,80.98749,0.0],[-17.951689,80.987944,0.0],[-17.95145,80.988701,0.0],[-17.951821,80.989158,0.0],[-17.953332,80.989492,0.0],[-17.955839,80.989673,0.0],[-17.959091,80.989778,0.0],[-17.962736,80.989914,0.0],[-17.965588,80.990103,0.0],[-17.968296,80.990223,0.0],[-17.972144,80.990259,0.0],[-17.973488,80.990036,0.0],[-17.974617,80.989195,0.0],[-17.974791,80.988685,0.0],[-17.974726,80.98802,0.0],[-17.976035,80.987504,0.0],[-17.979761,80.987006,0.0],[-17.985164,80.986487,0.0],[-17.9869,80.986296,0.0]],[[-17.944312,80.982075,0.0],[-17.943849,80.981533,0.0],[-17.941662,80.980951,0.0],[-17.93719,80.980689,0.0],[-17.933886,80.980716,0.0],[-17.929242,80.980887,0.0],[-17.926807,80.981216,0.0],[-17.927466,80.981774,0.0],[-17.929665,80.982125,0.0],[-17.932458,80.982445,0.0],[-17.935453,80.982666,0.0],[-17.939394,80.982749,0.0],[-17.943008,80.982475,0.0],[-17.944312,80.982075,0.0]],[[-18.88527,81.135542,0.0],[-18.89176,81.133892,0.0],[-18.898016,81.132576,0.0],[-18.904234,81.131368,0.0],[-18.910491,81.130148,0.0],[-18.916412,81.128903,0.0],[-18.921888,81.127895,0.0],[-18.927916,81.127137,0.0],[-18.932804,81.126803,0.0],[-18.938201,81.126667,0.0],[-18.942399,81.126649,0.0],[-18.945334,81.126343,0.0],[-18.945981,81.126041,0.0],[-18.944419,81.12562,0.0],[-18.941249,81.125445,0.0],[-18.938981,81.125768,0.0],[-18.937411,81.125937,0.0],[-18.935454,81.125869,0.0],[-18.93486,81.125665,0.0],[-18.934257,81.1253,0.0],[-18.933992,81.125025,0.0],[-18.932814,81.124776,0.0],[-18.931088,81.124374,0.0],[-18.928425,81.124333,0.0],[-18.926608,81.124547,0.0],[-18.924059,81.125057,0.0],[-18.921409,81.12524,0.0],[-18.918412,81.125173,0.0],[-18.913805,81.125288,0.0],[-18.909331,81.125589,0.0],[-18.904839,81.12632,0.0],[-18.902215,81.127016,0.0],[-18.900117,81.127448,0.0],[-18.898854,81.127944,0.0],[-18.89891,81.128219,0.0],[-18.900415,81.128365,0.0],[-18.902078,81.128363,0.0],[-18.903576,81.12838,0.0],[-18.904249,81.128527,0.0],[-18.904437,81.128924,0.0],[-18.903457,81.129266,0.0],[-18.901975,81.129569,0.0],[-18.900537,81.129891,0.0],[-18.898232,81.130356,0.0],[-18.895516,81.130918,0.0],[-18.892387,81.131544,0.0],[-18.889631,81.13215,0.0],[-18.887209,81.132781,0.0],[-18.884327,81.133362,0.0],[-18.882891,81.133781,0.0],[-18.882003,81.134321,0.0],[-18.881405,81.134835,0.0],[-18.882011,81.135296,0.0],[-18.883694,81.135646,0.0],[-18.88527,81.135542,0.0]],[[-17.532177,81.131638,0.0],[-17.535403,81.13148,0.0],[-17.536861,81.130948,0.0],[-17.5365,81.130555,0.0],[-17.535842,81.130451,0.0],[-17.53329,81.130558,0.0],[-17.531529,81.13078,0.0],[-17.529763,81.131054,0.0],[-17.52928,81.131198,0.0],[-17.529233,81.131661,0.0],[-17.532177,81.131638,0.0]],[[-17.528749,81.129207,0.0],[-17.533845,81.128394,0.0],[-17.537923,81.127734,0.0],[-17.5399,81.127347,0.0],[-17.54167,81.127021,0.0],[-17.543568,81.126758,0.0],[-17.548472,81.126502,0.0],[-17.548779,81.126111,0.0],[-17.549111,81.125462,0.0],[-17.548569,81.124873,0.0],[-17.546379,81.124723,0.0],[-17.543745,81.125006,0.0],[-17.541508,81.12532,0.0],[-17.536902,81.125938,0.0],[-17.534548,81.126087,0.0],[-17.531977,81.1264,0.0],[-17.528982,81.126939,0.0],[-17.52544,81.12824,0.0],[-17.523377,81.128802,0.0],[-17.52265,81.129367,0.0],[-17.523286,81.129678,0.0],[-17.524883,81.129754,0.0],[-17.528749,81.129207,0.0]],[[-17.633029,81.114421,0.0],[-17.633962,81.114067,0.0],[-17.635439,81.113601,0.0],[-17.636287,81.113072,0.0],[-17.635335,81.112529,0.0],[-17.633299,81.111808,0.0],[-17.631051,81.11085,0.0],[-17.628941,81.110577,0.0],[-17.625909,81.110555,0.0],[-17.624716,81.110836,0.0],[-17.62432,81.111155,0.0],[-17.62322,81.111508,0.0],[-17.621858,81.111814,0.0],[-17.620262,81.112115,0.0],[-17.619903,81.112397,0.0],[-17.619664,81.11282,0.0],[-17.618461,81.113204,0.0],[-17.615291,81.113573,0.0],[-17.613354,81.11395,0.0],[-17.61427,81.114504,0.0],[-17.617211,81.114453,0.0],[-17.618704,81.114183,0.0],[-17.621001,81.113874,0.0],[-17.623355,81.113673,0.0],[-17.625119,81.113723,0.0],[-17.625662,81.113987,0.0],[-17.625763,81.114333,0.0],[-17.626103,81.114633,0.0],[-17.628083,81.114869,0.0],[-17.63126,81.114798,0.0],[-17.633029,81.114421,0.0]],[[-17.765026,81.046448,0.0],[-17.765682,81.046099,0.0],[-17.764399,81.045983,0.0],[-17.762247,81.045979,0.0],[-17.759202,81.045968,0.0],[-17.756823,81.045907,0.0],[-17.755944,81.046148,0.0],[-17.75687,81.046598,0.0],[-17.759772,81.046753,0.0],[-17.763124,81.046645,0.0],[-17.765026,81.046448,0.0]],[[-17.899016,81.024751,0.0],[-17.905062,81.023894,0.0],[-17.910572,81.022859,0.0],[-17.912364,81.021856,0.0],[-17.91223,81.020758,0.0],[-17.911211,81.019551,0.0],[-17.909969,81.018792,0.0],[-17.907592,81.017961,0.0],[-17.903691,81.017785,0.0],[-17.900011,81.018074,0.0],[-17.898612,81.018273,0.0],[-17.894432,81.018638,0.0],[-17.892743,81.018736,0.0],[-17.88715,81.018696,0.0],[-17.884305,81.019071,0.0],[-17.880751,81.0197,0.0],[-17.877694,81.02029,0.0],[-17.872644,81.020275,0.0],[-17.865911,81.020241,0.0],[-17.861748,81.020297,0.0],[-17.857755,81.020793,0.0],[-17.85608,81.021416,0.0],[-17.856427,81.022182,0.0],[-17.859151,81.022944,0.0],[-17.863961,81.02364,0.0],[-17.871381,81.024602,0.0],[-17.876594,81.025213,0.0],[-17.883116,81.025501,0.0],[-17.889112,81.025494,0.0],[-17.894624,81.025294,0.0],[-17.899016,81.024751,0.0]],[[-17.88518,81.015315,0.0],[-17.884077,81.014742,0.0],[-17.881711,81.014591,0.0],[-17.878547,81.014532,0.0],[-17.875665,81.014729,0.0],[-17.875833,81.015209,0.0],[-17.87928,81.015484,0.0],[-17.883373,81.015715,0.0],[-17.88518,81.015315,0.0]],[[-17.873105,81.012932,0.0],[-17.874736,81.012169,0.0],[-17.872878,81.011826,0.0],[-17.869854,81.011914,0.0],[-17.866665,81.01228,0.0],[-17.861849,81.012535,0.0],[-17.85845,81.013079,0.0],[-17.857385,81.013479,0.0],[-17.857209,81.013912,0.0],[-17.857876,81.014315,0.0],[-17.860287,81.014527,0.0],[-17.863616,81.014308,0.0],[-17.865913,81.013987,0.0],[-17.869958,81.013398,0.0],[-17.873105,81.012932,0.0]],[[-19.010372,81.11444,0.0],[-19.01514,81.114336,0.0],[-19.019691,81.114104,0.0],[-19.024369,81.113898,0.0],[-19.029534,81.113537,0.0],[-19.0318,81.113277,0.0],[-19.036238,81.113212,0.0],[-19.040889,81.113243,0.0],[-19.046653,81.11315,0.0],[-19.050288,81.112881,0.0],[-19.053374,81.112491,0.0],[-19.055032,81.111866,0.0],[-19.056196,81.1113,0.0],[-19.055673,81.110941,0.0],[-19.055362,81.110647,0.0],[-19.056248,81.110267,0.0],[-19.058298,81.109911,0.0],[-19.060754,81.109426,0.0],[-19.064431,81.109208,0.0],[-19.068731,81.108989,0.0],[-19.073365,81.108795,0.0],[-19.078636,81.108824,0.0],[-19.081119,81.108724,0.0],[-19.084163,81.108936,0.0],[-19.089018,81.108934,0.0],[-19.092022,81.108602,0.0],[-19.093861,81.108214,0.0],[-19.094328,81.107802,0.0],[-19.093634,81.107399,0.0],[-19.091322,81.106987,0.0],[-19.090197,81.106918,0.0],[-19.089253,81.107054,0.0],[-19.089269,81.107279,0.0],[-19.089579,81.107541,0.0],[-19.089934,81.107855,0.0],[-19.089119,81.108049,0.0],[-19.087416,81.108033,0.0],[-19.085213,81.107979,0.0],[-19.084296,81.10791,0.0],[-19.083619,81.107731,0.0],[-19.083566,81.107584,0.0],[-19.082227,81.10742,0.0],[-19.080107,81.107372,0.0],[-19.078875,81.107534,0.0],[-19.076814,81.10773,0.0],[-19.074869,81.107792,0.0],[-19.072666,81.107738,0.0],[-19.070707,81.107606,0.0],[-19.068328,81.107412,0.0],[-19.065949,81.107217,0.0],[-19.062689,81.106876,0.0],[-19.061467,81.106609,0.0],[-19.060412,81.106354,0.0],[-19.060879,81.10591,0.0],[-19.062842,81.105516,0.0],[-19.065992,81.104908,0.0],[-19.069136,81.104203,0.0],[-19.072062,81.103371,0.0],[-19.073793,81.102656,0.0],[-19.075729,81.101908,0.0],[-19.076162,81.101016,0.0],[-19.075264,81.100055,0.0],[-19.073371,81.099674,0.0],[-19.07027,81.099775,0.0],[-19.067148,81.100178,0.0],[-19.066189,81.10068,0.0],[-19.064836,81.101472,0.0],[-19.064212,81.102031,0.0],[-19.0628,81.102578,0.0],[-19.060819,81.102716,0.0],[-19.059974,81.102493,0.0],[-19.059418,81.102244,0.0],[-19.058771,81.101892,0.0],[-19.057946,81.101368,0.0],[-19.058527,81.10079,0.0],[-19.059832,81.100473,0.0],[-19.05948,81.100191,0.0],[-19.058527,81.099904,0.0],[-19.057581,81.099419,0.0],[-19.058035,81.098799,0.0],[-19.058053,81.09817,0.0],[-19.056794,81.097063,0.0],[-19.056481,81.095556,0.0],[-19.053451,81.094275,0.0],[-19.049843,81.093325,0.0],[-19.047396,81.093284,0.0],[-19.044683,81.093279,0.0],[-19.042542,81.093469,0.0],[-19.040845,81.093796,0.0],[-19.038979,81.094062,0.0],[-19.035969,81.094265,0.0],[-19.034153,81.094368,0.0],[-19.031601,81.094622,0.0],[-19.027737,81.095375,0.0],[-19.027201,81.095726,0.0],[-19.02772,81.096052,0.0],[-19.028581,81.096532,0.0],[-19.028868,81.096801,0.0],[-19.027616,81.097281,0.0],[-19.025737,81.097697,0.0],[-19.023349,81.097932,0.0],[-19.020977,81.098096,0.0],[-19.01728,81.098599,0.0],[-19.016669,81.099071,0.0],[-19.015933,81.099861,0.0],[-19.015173,81.100594,0.0],[-19.014895,81.101091,0.0],[-19.013357,81.1023,0.0],[-19.012442,81.102901,0.0],[-19.011489,81.103547,0.0],[-19.010747,81.10393,0.0],[-19.010672,81.104379,0.0],[-19.011275,81.104727,0.0],[-19.01184,81.105432,0.0],[-19.011929,81.105846,0.0],[-19.010655,81.106348,0.0],[-19.009796,81.10685,0.0],[-19.009274,81.10744,0.0],[-19.009245,81.107957,0.0],[-19.008996,81.108592,0.0],[-19.007902,81.109004,0.0],[-19.007253,81.109227,0.0],[-19.007055,81.109698,0.0],[-19.007494,81.110067,0.0],[-19.007394,81.110442,0.0],[-19.005859,81.110781,0.0],[-19.004988,81.111106,0.0],[-19.005466,81.111445,0.0],[-19.006992,81.111927,0.0],[-19.008388,81.112336,0.0],[-19.009474,81.112761,0.0],[-19.00962,81.113091,0.0],[-19.008717,81.113573,0.0],[-19.007014,81.113884,0.0],[-19.006493,81.114163,0.0],[-19.007318,81.114409,0.0],[-19.010372,81.11444,0.0]],[[-18.378393,81.063437,0.0],[-18.381286,81.062829,0.0],[-18.384883,81.061841,0.0],[-18.388146,81.061277,0.0],[-18.389512,81.060437,0.0],[-18.386955,81.060302,0.0],[-18.381797,81.060302,0.0],[-18.377421,81.060474,0.0],[-18.374241,81.060852,0.0],[-18.37139,81.061384,0.0],[-18.369819,81.061839,0.0],[-18.368329,81.062333,0.0],[-18.368573,81.062897,0.0],[-18.369022,81.063462,0.0],[-18.372322,81.063847,0.0],[-18.376162,81.063777,0.0],[-18.378393,81.063437,0.0]],[[-18.026213,80.999689,0.0],[-18.02707,80.999285,0.0],[-18.028524,80.998557,0.0],[-18.030419,80.997721,0.0],[-18.030591,80.997134,0.0],[-18.029589,80.99674,0.0],[-18.029061,80.99634,0.0],[-18.030683,80.995897,0.0],[-18.033098,80.99566,0.0],[-18.036137,80.995287,0.0],[-18.039001,80.994743,0.0],[-18.04148,80.99384,0.0],[-18.042283,80.992974,0.0],[-18.042422,80.992284,0.0],[-18.042815,80.991629,0.0],[-18.042397,80.991196,0.0],[-18.042197,80.990779,0.0],[-18.043489,80.990353,0.0],[-18.044989,80.990172,0.0],[-18.048123,80.990079,0.0],[-18.05214,80.989769,0.0],[-18.055074,80.989231,0.0],[-18.058491,80.988459,0.0],[-18.060045,80.98784,0.0],[-18.059526,80.987183,0.0],[-18.058404,80.987051,0.0],[-18.05572,80.986866,0.0],[-18.055909,80.986695,0.0],[-18.055449,80.986387,0.0],[-18.054616,80.986306,0.0],[-18.052324,80.98631,0.0],[-18.050362,80.986239,0.0],[-18.049783,80.986164,0.0],[-18.05012,80.985948,0.0],[-18.04908,80.985594,0.0],[-18.046393,80.985494,0.0],[-18.043551,80.98561,0.0],[-18.04241,80.985906,0.0],[-18.04203,80.986276,0.0],[-18.04085,80.986639,0.0],[-18.037501,80.986687,0.0],[-18.033208,80.986688,0.0],[-18.031093,80.986805,0.0],[-18.029322,80.987351,0.0],[-18.027728,80.98801,0.0],[-18.025619,80.988772,0.0],[-18.024032,80.98926,0.0],[-18.022112,80.989851,0.0],[-18.021037,80.990294,0.0],[-18.020835,80.990722,0.0],[-18.019495,80.991358,0.0],[-18.016885,80.991908,0.0],[-18.014359,80.992208,0.0],[-18.013221,80.992417,0.0],[-18.012478,80.99273,0.0],[-18.012681,80.993061,0.0],[-18.013505,80.993341,0.0],[-18.012906,80.993694,0.0],[-18.012241,80.993898,0.0],[-18.010303,80.994073,0.0],[-18.009922,80.994443,0.0],[-18.009537,80.99487,0.0],[-18.009002,80.995399,0.0],[-18.00712,80.995922,0.0],[-18.004726,80.996489,0.0],[-18.002735,80.996988,0.0],[-18.002233,80.997592,0.0],[-18.003443,80.998175,0.0],[-18.004963,80.998382,0.0],[-18.006476,80.998731,0.0],[-18.007038,80.999176,0.0],[-18.007792,80.999394,0.0],[-18.011026,80.99958,0.0],[-18.015465,80.999705,0.0],[-18.01913,81.000011,0.0],[-18.021969,81.000094,0.0],[-18.024892,80.999898,0.0],[-18.026213,80.999689,0.0]],[[-18.022886,80.978542,0.0],[-18.022421,80.978376,0.0],[-18.020901,80.978255,0.0],[-18.018538,80.978252,0.0],[-18.016099,80.978329,0.0],[-18.013378,80.978241,0.0],[-18.012474,80.978126,0.0],[-18.010008,80.978014,0.0],[-18.008697,80.978081,0.0],[-18.007701,80.978388,0.0],[-18.008486,80.97868,0.0],[-18.009275,80.978914,0.0],[-18.010898,80.979173,0.0],[-18.013588,80.979187,0.0],[-18.018139,80.979021,0.0],[-18.021276,80.978785,0.0],[-18.022886,80.978542,0.0]],[[-18.061678,80.984438,0.0],[-18.059687,80.984208,0.0],[-18.05751,80.984092,0.0],[-18.055808,80.983913,0.0],[-18.053885,80.983803,0.0],[-18.05284,80.983591,0.0],[-18.053682,80.983444,0.0],[-18.055688,80.983303,0.0],[-18.056941,80.982917,0.0],[-18.056778,80.982461,0.0],[-18.054278,80.982247,0.0],[-18.053112,80.982326,0.0],[-18.051068,80.982506,0.0],[-18.049288,80.982464,0.0],[-18.048715,80.982247,0.0],[-18.04757,80.981813,0.0],[-18.045428,80.981742,0.0],[-18.043323,80.98166,0.0],[-18.041985,80.981482,0.0],[-18.039485,80.981297,0.0],[-18.037232,80.98126,0.0],[-18.03622,80.981122,0.0],[-18.036558,80.980877,0.0],[-18.038198,80.980794,0.0],[-18.040639,80.980688,0.0],[-18.041452,80.980381,0.0],[-18.040815,80.979987,0.0],[-18.038789,80.979768,0.0],[-18.036355,80.979731,0.0],[-18.035309,80.979548,0.0],[-18.033539,80.979278,0.0],[-18.031108,80.979184,0.0],[-18.028089,80.979243,0.0],[-18.026481,80.97943,0.0],[-18.024185,80.979547,0.0],[-18.022177,80.979744,0.0],[-18.021146,80.980034,0.0],[-18.019636,80.980442,0.0],[-18.017841,80.980742,0.0],[-18.017174,80.981004,0.0],[-18.018399,80.981245,0.0],[-18.020871,80.98127,0.0],[-18.023093,80.981176,0.0],[-18.026008,80.981037,0.0],[-18.029163,80.981217,0.0],[-18.030318,80.981395,0.0],[-18.029579,80.981651,0.0],[-18.02797,80.981865,0.0],[-18.026106,80.982074,0.0],[-18.025117,80.982238,0.0],[-18.025104,80.982523,0.0],[-18.026396,80.982884,0.0],[-18.028849,80.983337,0.0],[-18.031778,80.983699,0.0],[-18.035467,80.984165,0.0],[-18.042466,80.984623,0.0],[-18.049659,80.984825,0.0],[-18.056895,80.984872,0.0],[-18.061159,80.984683,0.0],[-18.061678,80.984438,0.0]]]}},{"type":"Feature","properties":{"rgi_id":"RGI2000-v7.0-G-05-17429","o1region":"05"},"geometry":{"type":"Polygon","coordinates":[[[-18.799829,81.199387,0.0],[-18.772747,81.197183,0.0],[-18.759656,81.195018,0.0],[-18.759041,81.192548,0.0],[-18.752193,81.19023,0.0],[-18.742224,81.18907,0.0],[-18.752114,81.187445,0.0],[-18.75692,81.186081,0.0],[-18.763575,81.182434,0.0],[-18.762854,81.180602,0.0],[-18.758606,81.178374,0.0],[-18.754682,81.176743,0.0],[-18.751261,81.175056,0.0],[-18.751194,81.173209,0.0],[-18.751493,81.171769,0.0],[-18.759098,81.167973,0.0],[-18.767205,81.165879,0.0],[-18.77966,81.162469,0.0],[-18.790497,81.160957,0.0],[-18.813222,81.16321,0.0],[-18.835434,81.165697,0.0],[-18.851165,81.167501,0.0],[-18.867574,81.168887,0.0],[-18.890206,81.169698,0.0],[-18.890263,81.170341,0.0],[-18.891431,81.170891,0.0],[-18.894542,81.171512,0.0],[-18.894158,81.171806,0.0],[-18.894845,81.172361,0.0],[-18.898527,81.172621,0.0],[-18.903686,81.173277,0.0],[-18.907405,81.173359,0.0],[-18.908868,81.173891,0.0],[-18.911597,81.174357,0.0],[-18.916696,81.174282,0.0],[-18.922779,81.174595,0.0],[-18.927418,81.175123,0.0],[-18.929755,81.175712,0.0],[-18.929185,81.176441,0.0],[-18.926094,81.177521,0.0],[-18.923408,81.178289,0.0],[-18.920108,81.179029,0.0],[-18.916463,81.179474,0.0],[-18.912099,81.179704,0.0],[-18.908478,81.179737,0.0],[-18.905835,81.180262,0.0],[-18.902442,81.180829,0.0],[-18.900538,81.181535,0.0],[-18.89888,81.182219,0.0],[-18.900101,81.182607,0.0],[-18.90301,81.18288,0.0],[-18.906005,81.182768,0.0],[-18.908946,81.182315,0.0],[-18.913116,81.181752,0.0],[-18.917885,81.181167,0.0],[-18.921656,81.181059,0.0],[-18.925493,81.181508,0.0],[-18.92789,81.182079,0.0],[-18.928306,81.182582,0.0],[-18.926149,81.183147,0.0],[-18.924333,81.183496,0.0],[-18.925424,81.184077,0.0],[-18.927076,81.184564,0.0],[-18.928708,81.1847,0.0],[-18.931106,81.184637,0.0],[-18.934377,81.184425,0.0],[-18.937494,81.184894,0.0],[-18.938544,81.18535,0.0],[-18.941772,81.185909,0.0],[-18.943819,81.18648,0.0],[-18.944394,81.18696,0.0],[-18.942545,81.187361,0.0],[-18.939502,81.187584,0.0],[-18.938523,81.188056,0.0],[-18.939026,81.188821,0.0],[-18.939414,81.18943,0.0],[-18.941258,81.189844,0.0],[-18.94264,81.190382,0.0],[-18.94512,81.190948,0.0],[-18.947858,81.191465,0.0],[-18.949525,81.191862,0.0],[-18.952323,81.191905,0.0],[-18.955561,81.191749,0.0],[-18.95737,81.191864,0.0],[-18.959266,81.192531,0.0],[-18.963036,81.193086,0.0],[-18.966509,81.193527,0.0],[-18.969771,81.193973,0.0],[-18.973123,81.194163,0.0],[-18.976334,81.194212,0.0],[-18.980017,81.194174,0.0],[-18.983524,81.194294,0.0],[-18.986768,81.194436,0.0],[-18.989836,81.194736,0.0],[-18.990352,81.19536,0.0],[-18.992367,81.195763,0.0],[-18.99486,81.196187,0.0],[-18.996959,81.196666,0.0],[-18.998166,81.197021,0.0],[-18.999014,81.197584,0.0],[-18.997935,81.198078,0.0],[-18.994586,81.198598,0.0],[-18.98951,81.199077,0.0],[-18.984043,81.199149,0.0],[-18.98073,81.199205,0.0],[-18.979198,81.199362,0.0],[-18.977496,81.199727,0.0],[-18.976417,81.200246,0.0],[-18.976733,81.200794,0.0],[-18.976958,81.201214,0.0],[-18.977273,81.202008,0.0],[-18.977088,81.202139,0.0],[-18.976717,81.202402,0.0],[-18.97791,81.202662,0.0],[-18.980995,81.202924,0.0],[-18.98372,81.202988,0.0],[-18.990349,81.202902,0.0],[-18.996358,81.202713,0.0],[-19.002836,81.202597,0.0],[-19.0096,81.202533,0.0],[-19.015217,81.202441,0.0],[-19.02156,81.202548,0.0],[-19.026118,81.203033,0.0],[-19.026305,81.203053,0.0],[-19.027763,81.203515,0.0],[-19.029126,81.204538,0.0],[-19.03044,81.205317,0.0],[-19.03036,81.206094,0.0],[-19.030244,81.20683,0.0],[-19.030237,81.207713,0.0],[-19.028585,81.209293,0.0],[-19.030317,81.209864,0.0],[-19.030593,81.210135,0.0],[-19.030958,81.210492,0.0],[-19.033024,81.211088,0.0],[-19.034435,81.211257,0.0],[-19.034698,81.211288,0.0],[-19.038227,81.211425,0.0],[-19.040384,81.211396,0.0],[-19.041618,81.211475,0.0],[-19.041338,81.211744,0.0],[-19.040005,81.212163,0.0],[-19.037789,81.21278,0.0],[-19.035881,81.213534,0.0],[-19.036084,81.214067,0.0],[-19.036854,81.214629,0.0],[-19.036089,81.215102,0.0],[-19.034894,81.215606,0.0],[-19.033645,81.216283,0.0],[-19.030962,81.216891,0.0],[-19.027471,81.217364,0.0],[-19.023386,81.217893,0.0],[-19.019637,81.218472,0.0],[-19.014702,81.219241,0.0],[-19.010953,81.219846,0.0],[-19.007648,81.22013,0.0],[-19.004394,81.220191,0.0],[-19.001106,81.220236,0.0],[-18.999951,81.220275,0.0],[-18.998139,81.220336,0.0],[-18.997027,81.220374,0.0],[-18.994853,81.220692,0.0],[-18.993606,81.220953,0.0],[-18.991192,81.221139,0.0],[-18.987771,81.2212,0.0],[-18.986779,81.221277,0.0],[-18.985728,81.221477,0.0],[-18.984451,81.221798,0.0],[-18.982833,81.221968,0.0],[-18.979911,81.222028,0.0],[-18.977618,81.222047,0.0],[-18.974334,81.222168,0.0],[-18.972852,81.222399,0.0],[-18.971065,81.222543,0.0],[-18.968446,81.222664,0.0],[-18.966151,81.222657,0.0],[-18.964149,81.222533,0.0],[-18.961045,81.222339,0.0],[-18.957754,81.222359,0.0],[-18.952342,81.222473,0.0],[-18.94979,81.222624,0.0],[-18.946611,81.222841,0.0],[-18.943889,81.222916,0.0],[-18.938274,81.22299,0.0],[-18.932289,81.222998,0.0],[-18.927069,81.223,0.0],[-18.922313,81.222985,0.0],[-18.915821,81.222842,0.0],[-18.909322,81.222571,0.0],[-18.900617,81.222059,0.0],[-18.894036,81.221453,0.0],[-18.889377,81.220738,0.0],[-18.883281,81.219827,0.0],[-18.881259,81.219297,0.0],[-18.879332,81.218659,0.0],[-18.877795,81.217824,0.0],[-18.876905,81.216993,0.0],[-18.876882,81.216201,0.0],[-18.878452,81.21539,0.0],[-18.879541,81.214926,0.0],[-18.880202,81.214738,0.0],[-18.882695,81.214116,0.0],[-18.886224,81.213411,0.0],[-18.889008,81.21287,0.0],[-18.891557,81.212505,0.0],[-18.893821,81.212194,0.0],[-18.895303,81.211732,0.0],[-18.897358,81.211246,0.0],[-18.898128,81.210748,0.0],[-18.89797,81.210264,0.0],[-18.897851,81.210228,0.0],[-18.896621,81.20986,0.0],[-18.895272,81.209472,0.0],[-18.89527,81.209009,0.0],[-18.895844,81.208555,0.0],[-18.896122,81.208223,0.0],[-18.896447,81.207834,0.0],[-18.896797,81.206916,0.0],[-18.895845,81.206182,0.0],[-18.895829,81.20617,0.0],[-18.894389,81.205708,0.0],[-18.892939,81.20549,0.0],[-18.891351,81.205161,0.0],[-18.89033,81.204654,0.0],[-18.890092,81.204333,0.0],[-18.889787,81.203999,0.0],[-18.888837,81.203591,0.0],[-18.886293,81.203164,0.0],[-18.884466,81.202892,0.0],[-18.881964,81.202848,0.0],[-18.88087,81.203069,0.0],[-18.880221,81.203357,0.0],[-18.879616,81.203649,0.0],[-18.878809,81.203866,0.0],[-18.878158,81.204121,0.0],[-18.878236,81.204354,0.0],[-18.878578,81.204557,0.0],[-18.879896,81.204799,0.0],[-18.880149,81.204995,0.0],[-18.879404,81.205124,0.0],[-18.877739,81.205025,0.0],[-18.876114,81.20481,0.0],[-18.873809,81.204738,0.0],[-18.870718,81.204843,0.0],[-18.868913,81.205028,0.0],[-18.866334,81.205214,0.0],[-18.864521,81.205246,0.0],[-18.86054,81.205251,0.0],[-18.857698,81.205038,0.0],[-18.855111,81.205071,0.0],[-18.853672,81.205039,0.0],[-18.852642,81.204776,0.0],[-18.854582,81.204189,0.0],[-18.856885,81.20378,0.0],[-18.858962,81.203724,0.0],[-18.859779,81.203702,0.0],[-18.860334,81.203579,0.0],[-18.860939,81.203444,0.0],[-18.860791,81.203146,0.0],[-18.859677,81.202962,0.0],[-18.858386,81.202797,0.0],[-18.857066,81.202488,0.0],[-18.856294,81.202076,0.0],[-18.856163,81.201653,0.0],[-18.855799,81.20144,0.0],[-18.854678,81.201103,0.0],[-18.853223,81.200733,0.0],[-18.85151,81.200511,0.0],[-18.848945,81.200504,0.0],[-18.845653,81.200569,0.0],[-18.842791,81.200826,0.0],[-18.841403,81.200932,0.0],[-18.838712,81.201084,0.0],[-18.83719,81.201163,0.0],[-18.836133,81.201252,0.0],[-18.835231,81.201361,0.0],[-18.833484,81.201357,0.0],[-18.832616,81.201232,0.0],[-18.833043,81.200894,0.0],[-18.833031,81.20064,0.0],[-18.831294,81.200358,0.0],[-18.828192,81.200209,0.0],[-18.824858,81.200303,0.0],[-18.821924,81.200462,0.0],[-18.820162,81.200616,0.0],[-18.817687,81.200649,0.0],[-18.815845,81.200502,0.0],[-18.813405,81.200302,0.0],[-18.811277,81.200175,0.0],[-18.809942,81.199974,0.0],[-18.810065,81.199747,0.0],[-18.81067,81.199421,0.0],[-18.810755,81.198829,0.0],[-18.810535,81.198332,0.0],[-18.810824,81.197865,0.0],[-18.811291,81.197428,0.0],[-18.812024,81.196995,0.0],[-18.812747,81.196614,0.0],[-18.812636,81.195805,0.0],[-18.81294,81.195681,0.0],[-18.813346,81.195366,0.0],[-18.81329,81.195092,0.0],[-18.812519,81.194959,0.0],[-18.81191,81.194853,0.0],[-18.811135,81.19482,0.0],[-18.810123,81.194913,0.0],[-18.808634,81.195222,0.0],[-18.806767,81.195494,0.0],[-18.80517,81.195872,0.0],[-18.804054,81.19615,0.0],[-18.802318,81.196382,0.0],[-18.801493,81.196724,0.0],[-18.801133,81.197093,0.0],[-18.800396,81.197459,0.0],[-18.799878,81.197741,0.0],[-18.799367,81.198225,0.0],[-18.79952,81.198572,0.0],[-18.799537,81.198977,0.0],[-18.799829,81.199387,0.0]]]}},{"type":"Feature","properties":{"rgi_id":"RGI2000-v7.0-G-05-17430","o1region":"05"},"geometry":{"type":"Polygon","coordinates":[[[-18.890206,81.169698,0.0],[-18.867574,81.168887,0.0],[-18.851165,81.167501,0.0],[-18.835434,81.165697,0.0],[-18.813222,81.16321,0.0],[-18.790497,81.160957,0.0],[-18.801159,81.158249,0.0],[-18.814992,81.153924,0.0],[-18.833027,81.149407,0.0],[-18.848636,81.146513,0.0],[-18.860546,81.144653,0.0],[-18.872451,81.142792,0.0],[-18.880886,81.141861,0.0],[-18.896223,81.139931,0.0],[-18.91121,81.137825,0.0],[-18.929546,81.134223,0.0],[-18.944853,81.132187,0.0],[-18.957891,81.131297,0.0],[-18.979536,81.131522,0.0],[-19.006452,81.132611,0.0],[-19.029251,81.13343,0.0],[-19.048224,81.132621,0.0],[-19.054805,81.131541,0.0],[-19.063552,81.129358,0.0],[-19.068505,81.129602,0.0],[-19.071569,81.129702,0.0],[-19.071951,81.130384,0.0],[-19.074362,81.131522,0.0],[-19.077916,81.133479,0.0],[-19.08431,81.135552,0.0],[-19.096335,81.137556,0.0],[-19.107693,81.138737,0.0],[-19.111512,81.139134,0.0],[-19.111421,81.139831,0.0],[-19.110921,81.141049,0.0],[-19.111486,81.141904,0.0],[-19.114942,81.142557,0.0],[-19.120753,81.143374,0.0],[-19.126347,81.144186,0.0],[-19.129354,81.144686,0.0],[-19.1322,81.145508,0.0],[-19.133741,81.146029,0.0],[-19.133181,81.146454,0.0],[-19.127137,81.146696,0.0],[-19.124673,81.146763,0.0],[-19.12363,81.147415,0.0],[-19.124532,81.148558,0.0],[-19.123926,81.150402,0.0],[-19.121155,81.151749,0.0],[-19.113792,81.153196,0.0],[-19.106603,81.154489,0.0],[-19.100545,81.155866,0.0],[-19.098782,81.156966,0.0],[-19.096006,81.1575,0.0],[-19.091589,81.157864,0.0],[-19.090472,81.158414,0.0],[-19.092898,81.158632,0.0],[-19.097533,81.158667,0.0],[-19.102833,81.15923,0.0],[-19.106669,81.159863,0.0],[-19.108301,81.16075,0.0],[-19.112544,81.161772,0.0],[-19.116547,81.16213,0.0],[-19.118713,81.162602,0.0],[-19.120337,81.164158,0.0],[-19.121834,81.16568,0.0],[-19.122231,81.166762,0.0],[-19.12343,81.16727,0.0],[-19.126012,81.167438,0.0],[-19.129886,81.167296,0.0],[-19.131244,81.167039,0.0],[-19.133262,81.166819,0.0],[-19.135707,81.167228,0.0],[-19.136114,81.1688,0.0],[-19.135404,81.169716,0.0],[-19.131541,81.170396,0.0],[-19.129357,81.170915,0.0],[-19.129809,81.171487,0.0],[-19.132033,81.171868,0.0],[-19.132523,81.172502,0.0],[-19.131829,81.173239,0.0],[-19.131385,81.173577,0.0],[-19.128,81.173982,0.0],[-19.126958,81.174287,0.0],[-19.128902,81.174683,0.0],[-19.134445,81.174605,0.0],[-19.142676,81.174417,0.0],[-19.148598,81.174367,0.0],[-19.152734,81.17434,0.0],[-19.155272,81.174325,0.0],[-19.158253,81.174738,0.0],[-19.159467,81.17539,0.0],[-19.164032,81.176363,0.0],[-19.165233,81.177229,0.0],[-19.167211,81.178009,0.0],[-19.168433,81.179683,0.0],[-19.170172,81.181354,0.0],[-19.171667,81.182329,0.0],[-19.173596,81.182838,0.0],[-19.17596,81.183392,0.0],[-19.178515,81.183858,0.0],[-19.182111,81.184491,0.0],[-19.185067,81.185131,0.0],[-19.185444,81.18591,0.0],[-19.185541,81.186661,0.0],[-19.185447,81.187498,0.0],[-19.186213,81.188324,0.0],[-19.186156,81.189202,0.0],[-19.183859,81.189851,0.0],[-19.180674,81.190182,0.0],[-19.176364,81.190531,0.0],[-19.175071,81.191305,0.0],[-19.174139,81.191651,0.0],[-19.171219,81.192393,0.0],[-19.168433,81.192754,0.0],[-19.164969,81.192938,0.0],[-19.162046,81.193264,0.0],[-19.159896,81.193709,0.0],[-19.158087,81.194281,0.0],[-19.15636,81.195035,0.0],[-19.155002,81.195855,0.0],[-19.152231,81.196835,0.0],[-19.149939,81.198001,0.0],[-19.146079,81.199064,0.0],[-19.142659,81.199832,0.0],[-19.138863,81.200458,0.0],[-19.136034,81.200753,0.0],[-19.129421,81.201019,0.0],[-19.122545,81.201315,0.0],[-19.115055,81.20139,0.0],[-19.106853,81.201273,0.0],[-19.098222,81.201187,0.0],[-19.09193,81.200883,0.0],[-19.086203,81.200584,0.0],[-19.081726,81.200591,0.0],[-19.077469,81.200426,0.0],[-19.072768,81.200089,0.0],[-19.068022,81.200052,0.0],[-19.062519,81.200071,0.0],[-19.05962,81.199893,0.0],[-19.054611,81.199394,0.0],[-19.051328,81.198922,0.0],[-19.047962,81.198218,0.0],[-19.045842,81.197769,0.0],[-19.043205,81.19751,0.0],[-19.041706,81.197411,0.0],[-19.040634,81.197255,0.0],[-19.039186,81.196933,0.0],[-19.038511,81.19651,0.0],[-19.03843,81.196056,0.0],[-19.039317,81.195466,0.0],[-19.039801,81.194795,0.0],[-19.039866,81.194283,0.0],[-19.03885,81.19398,0.0],[-19.036882,81.193795,0.0],[-19.036615,81.193751,0.0],[-19.034569,81.193408,0.0],[-19.03312,81.193061,0.0],[-19.029971,81.192548,0.0],[-19.027428,81.192182,0.0],[-19.023696,81.191878,0.0],[-19.018998,81.191489,0.0],[-19.014699,81.191105,0.0],[-19.010799,81.190751,0.0],[-19.004979,81.190405,0.0],[-19.000355,81.190097,0.0],[-18.997242,81.1896,0.0],[-18.995427,81.189186,0.0],[-18.994479,81.188436,0.0],[-18.993993,81.187185,0.0],[-18.992728,81.186851,0.0],[-18.991751,81.186589,0.0],[-18.991351,81.186016,0.0],[-18.991489,81.185584,0.0],[-18.991583,81.184985,0.0],[-18.99086,81.18454,0.0],[-18.988824,81.184274,0.0],[-18.986229,81.18408,0.0],[-18.984359,81.183814,0.0],[-18.983314,81.183521,0.0],[-18.982523,81.183045,0.0],[-18.981142,81.182651,0.0],[-18.98009,81.182232,0.0],[-18.979067,81.181751,0.0],[-18.977486,81.181342,0.0],[-18.975734,81.180832,0.0],[-18.973529,81.180491,0.0],[-18.969956,81.179958,0.0],[-18.968312,81.179595,0.0],[-18.965236,81.179061,0.0],[-18.963729,81.178759,0.0],[-18.963802,81.178323,0.0],[-18.964795,81.177778,0.0],[-18.966456,81.177301,0.0],[-18.966677,81.17668,0.0],[-18.965918,81.176318,0.0],[-18.96443,81.176081,0.0],[-18.96194,81.175742,0.0],[-18.961093,81.175346,0.0],[-18.960538,81.174975,0.0],[-18.958506,81.174805,0.0],[-18.956715,81.174473,0.0],[-18.956063,81.174053,0.0],[-18.954675,81.173655,0.0],[-18.952309,81.173394,0.0],[-18.950593,81.173259,0.0],[-18.948758,81.172709,0.0],[-18.946552,81.172378,0.0],[-18.942888,81.172023,0.0],[-18.940345,81.171958,0.0],[-18.938258,81.172043,0.0],[-18.935488,81.172105,0.0],[-18.932991,81.172007,0.0],[-18.929169,81.171774,0.0],[-18.927561,81.171599,0.0],[-18.926343,81.171247,0.0],[-18.925895,81.170801,0.0],[-18.926658,81.170579,0.0],[-18.928143,81.170242,0.0],[-18.929632,81.169824,0.0],[-18.929702,81.169398,0.0],[-18.928493,81.168939,0.0],[-18.925993,81.168769,0.0],[-18.92275,81.168777,0.0],[-18.920967,81.168823,0.0],[-18.918329,81.168714,0.0],[-18.916248,81.168468,0.0],[-18.916346,81.168107,0.0],[-18.917298,81.1679,0.0],[-18.920689,81.167766,0.0],[-18.921447,81.167736,0.0],[-18.924203,81.16744,0.0],[-18.925085,81.167237,0.0],[-18.925402,81.166928,0.0],[-18.925642,81.166695,0.0],[-18.925136,81.166046,0.0],[-18.923009,81.165392,0.0],[-18.92103,81.164857,0.0],[-18.918843,81.164387,0.0],[-18.91831,81.164096,0.0],[-18.919486,81.16369,0.0],[-18.919931,81.163514,0.0],[-18.920382,81.163335,0.0],[-18.920621,81.162985,0.0],[-18.920098,81.162799,0.0],[-18.920163,81.162521,0.0],[-18.923131,81.162298,0.0],[-18.926277,81.162283,0.0],[-18.930401,81.162135,0.0],[-18.935027,81.162142,0.0],[-18.941645,81.162082,0.0],[-18.944691,81.16197,0.0],[-18.945407,81.161763,0.0],[-18.944402,81.161436,0.0],[-18.943778,81.160787,0.0],[-18.941822,81.160263,0.0],[-18.939361,81.159917,0.0],[-18.937876,81.159392,0.0],[-18.934389,81.159166,0.0],[-18.929453,81.159046,0.0],[-18.927026,81.159313,0.0],[-18.925275,81.159899,0.0],[-18.924112,81.160081,0.0],[-18.920598,81.16023,0.0],[-18.917483,81.160346,0.0],[-18.913208,81.160734,0.0],[-18.909662,81.161168,0.0],[-18.90572,81.161213,0.0],[-18.901429,81.161312,0.0],[-18.899239,81.161632,0.0],[-18.896847,81.162126,0.0],[-18.896297,81.16283,0.0],[-18.894757,81.163478,0.0],[-18.892835,81.164435,0.0],[-18.890585,81.165904,0.0],[-18.889451,81.166681,0.0],[-18.889039,81.167818,0.0],[-18.890206,81.169698,0.0]],[[-18.829858,81.161185,0.0],[-18.832025,81.161093,0.0],[-18.832084,81.160554,0.0],[-18.83378,81.159308,0.0],[-18.833845,81.158897,0.0],[-18.835394,81.158087,0.0],[-18.835115,81.157459,0.0],[-18.83293,81.157102,0.0],[-18.831831,81.156795,0.0],[-18.833321,81.156524,0.0],[-18.837163,81.156623,0.0],[-18.838829,81.156557,0.0],[-18.841655,81.156323,0.0],[-18.841801,81.155887,0.0],[-18.842618,81.155501,0.0],[-18.845364,81.155357,0.0],[-18.848275,81.155161,0.0],[-18.84976,81.154826,0.0],[-18.85149,81.154349,0.0],[-18.852817,81.154194,0.0],[-18.855398,81.154101,0.0],[-18.857553,81.153817,0.0],[-18.857866,81.153393,0.0],[-18.85835,81.153046,0.0],[-18.860751,81.152684,0.0],[-18.862751,81.152643,0.0],[-18.865411,81.152461,0.0],[-18.866962,81.151779,0.0],[-18.866441,81.151356,0.0],[-18.866918,81.150881,0.0],[-18.869318,81.150519,0.0],[-18.87246,81.149989,0.0],[-18.87612,81.149818,0.0],[-18.87971,81.149929,0.0],[-18.884036,81.149745,0.0],[-18.88552,81.149409,0.0],[-18.885388,81.148473,0.0],[-18.882616,81.14804,0.0],[-18.879351,81.147762,0.0],[-18.878921,81.147506,0.0],[-18.879735,81.14712,0.0],[-18.881802,81.146797,0.0],[-18.884355,81.146191,0.0],[-18.884582,81.145729,0.0],[-18.88282,81.1455,0.0],[-18.877568,81.145455,0.0],[-18.875176,81.145945,0.0],[-18.872714,81.146718,0.0],[-18.870741,81.147272,0.0],[-18.868519,81.147839,0.0],[-18.864876,81.14833,0.0],[-18.860638,81.148617,0.0],[-18.857161,81.149122,0.0],[-18.85435,81.149612,0.0],[-18.850389,81.150464,0.0],[-18.846843,81.151314,0.0],[-18.842302,81.152281,0.0],[-18.837589,81.153172,0.0],[-18.834124,81.153996,0.0],[-18.828425,81.15526,0.0],[-18.825378,81.156148,0.0],[-18.823408,81.156894,0.0],[-18.822353,81.15755,0.0],[-18.823065,81.158562,0.0],[-18.823612,81.159626,0.0],[-18.826664,81.160688,0.0],[-18.829858,81.161185,0.0]],[[-18.970015,81.146032,0.0],[-18.971355,81.145447,0.0],[-18.970601,81.144704,0.0],[-18.968836,81.143757,0.0],[-18.96399,81.142834,0.0],[-18.958337,81.142329,0.0],[-18.951236,81.141986,0.0],[-18.945694,81.141936,0.0],[-18.944064,81.141829,0.0],[-18.94305,81.141593,0.0],[-18.94358,81.141394,0.0],[-18.944897,81.141109,0.0],[-18.947525,81.140477,0.0],[-18.949908,81.139922,0.0],[-18.952577,81.139277,0.0],[-18.953513,81.138917,0.0],[-18.953147,81.138346,0.0],[-18.949757,81.138043,0.0],[-18.944626,81.137864,0.0],[-18.939599,81.138044,0.0],[-18.931105,81.138011,0.0],[-18.927081,81.138266,0.0],[-18.926104,81.138672,0.0],[-18.92564,81.139307,0.0],[-18.925459,81.139789,0.0],[-18.925035,81.140411,0.0],[-18.923895,81.140868,0.0],[-18.923752,81.141305,0.0],[-18.924768,81.141605,0.0],[-18.927196,81.14182,0.0],[-18.931837,81.142153,0.0],[-18.935637,81.142328,0.0],[-18.938155,81.142645,0.0],[-18.940839,81.142975,0.0],[-18.944483,81.143329,0.0],[-18.943539,81.143562,0.0],[-18.939491,81.143432,0.0],[-18.933435,81.143152,0.0],[-18.927504,81.142865,0.0],[-18.923576,81.142633,0.0],[-18.922035,81.142628,0.0],[-18.918537,81.142652,0.0],[-18.914509,81.142875,0.0],[-18.911278,81.143207,0.0],[-18.909474,81.143741,0.0],[-18.909584,81.144229,0.0],[-18.91147,81.144451,0.0],[-18.913576,81.144865,0.0],[-18.914891,81.145299,0.0],[-18.917561,81.145373,0.0],[-18.919007,81.145147,0.0],[-18.919992,81.144869,0.0],[-18.92153,81.14481,0.0],[-18.923584,81.145044,0.0],[-18.925778,81.145529,0.0],[-18.928885,81.145955,0.0],[-18.930904,81.146298,0.0],[-18.932989,81.146328,0.0],[-18.933724,81.146064,0.0],[-18.933695,81.145551,0.0],[-18.935182,81.145311,0.0],[-18.938299,81.145179,0.0],[-18.943772,81.145447,0.0],[-18.950057,81.146048,0.0],[-18.959008,81.146625,0.0],[-18.96588,81.146552,0.0],[-18.970015,81.146032,0.0]]]}},{"type":"Feature","properties":{"rgi_id":"RGI2000-v7.0-G-05-17431","o1region":"05"},"geometry":{"type":"Polygon","coordinates":[[[-19.144223,81.111875,0.0],[-19.150586,81.111327,0.0],[-19.157542,81.110545,0.0],[-19.165846,81.109705,0.0],[-19.17704,81.108961,0.0],[-19.184966,81.10847,0.0],[-19.191469,81.107973,0.0],[-19.199578,81.107587,0.0],[-19.205197,81.107322,0.0],[-19.206457,81.108158,0.0],[-19.208135,81.109135,0.0],[-19.210965,81.110174,0.0],[-19.214394,81.111418,0.0],[-19.218145,81.112526,0.0],[-19.22266,81.113819,0.0],[-19.226198,81.115136,0.0],[-19.229925,81.116338,0.0],[-19.232009,81.117128,0.0],[-19.235124,81.117814,0.0],[-19.238705,81.118598,0.0],[-19.244143,81.119465,0.0],[-19.25257,81.120399,0.0],[-19.248074,81.120765,0.0],[-19.243728,81.121397,0.0],[-19.240975,81.121964,0.0],[-19.238403,81.122242,0.0],[-19.232408,81.122592,0.0],[-19.228031,81.122903,0.0],[-19.222956,81.12309,0.0],[-19.219,81.123233,0.0],[-19.215828,81.123323,0.0],[-19.213932,81.123023,0.0],[-19.212242,81.122474,0.0],[-19.211351,81.122034,0.0],[-19.214671,81.121748,0.0],[-19.218311,81.121326,0.0],[-19.219676,81.121022,0.0],[-19.220087,81.120495,0.0],[-19.220357,81.120029,0.0],[-19.222549,81.119611,0.0],[-19.225668,81.119255,0.0],[-19.228077,81.119012,0.0],[-19.229052,81.118767,0.0],[-19.228266,81.118573,0.0],[-19.226371,81.118519,0.0],[-19.223142,81.118875,0.0],[-19.218447,81.119338,0.0],[-19.215814,81.119635,0.0],[-19.213448,81.11965,0.0],[-19.209927,81.119538,0.0],[-19.204936,81.119468,0.0],[-19.199636,81.119678,0.0],[-19.197655,81.120064,0.0],[-19.19709,81.120508,0.0],[-19.197855,81.120939,0.0],[-19.198517,81.121395,0.0],[-19.201659,81.122171,0.0],[-19.203248,81.122751,0.0],[-19.203077,81.123663,0.0],[-19.202879,81.124253,0.0],[-19.204366,81.125097,0.0],[-19.207167,81.125752,0.0],[-19.210705,81.12627,0.0],[-19.212316,81.127107,0.0],[-19.213665,81.128259,0.0],[-19.215261,81.128903,0.0],[-19.219097,81.129954,0.0],[-19.220051,81.130853,0.0],[-19.222121,81.132385,0.0],[-19.22373,81.133389,0.0],[-19.223642,81.134736,0.0],[-19.221372,81.13612,0.0],[-19.219457,81.137291,0.0],[-19.217171,81.138499,0.0],[-19.215505,81.139195,0.0],[-19.212456,81.139805,0.0],[-19.208896,81.14028,0.0],[-19.205252,81.140519,0.0],[-19.201369,81.140636,0.0],[-19.197413,81.140644,0.0],[-19.193426,81.140283,0.0],[-19.188858,81.139943,0.0],[-19.184312,81.139612,0.0],[-19.180647,81.139355,0.0],[-19.176968,81.139423,0.0],[-19.172939,81.139422,0.0],[-19.168862,81.139337,0.0],[-19.163935,81.138913,0.0],[-19.155861,81.138191,0.0],[-19.1531,81.13777,0.0],[-19.150154,81.136865,0.0],[-19.14739,81.136149,0.0],[-19.143156,81.135506,0.0],[-19.138361,81.134877,0.0],[-19.131026,81.134743,0.0],[-19.119469,81.134899,0.0],[-19.116516,81.135196,0.0],[-19.115149,81.135548,0.0],[-19.112934,81.135431,0.0],[-19.111553,81.134785,0.0],[-19.108797,81.134117,0.0],[-19.104398,81.133724,0.0],[-19.100565,81.13366,0.0],[-19.09591,81.133726,0.0],[-19.094064,81.133803,0.0],[-19.092724,81.133966,0.0],[-19.094094,81.134204,0.0],[-19.097415,81.134381,0.0],[-19.099123,81.134676,0.0],[-19.100377,81.135033,0.0],[-19.104667,81.135625,0.0],[-19.108453,81.136147,0.0],[-19.110484,81.137128,0.0],[-19.111717,81.138281,0.0],[-19.111512,81.139134,0.0],[-19.107693,81.138737,0.0],[-19.096335,81.137556,0.0],[-19.08431,81.135552,0.0],[-19.077916,81.133479,0.0],[-19.074362,81.131522,0.0],[-19.071951,81.130384,0.0],[-19.071569,81.129702,0.0],[-19.076765,81.129661,0.0],[-19.08012,81.129761,0.0],[-19.08213,81.129943,0.0],[-19.083496,81.130429,0.0],[-19.088377,81.130619,0.0],[-19.09006,81.130872,0.0],[-19.092778,81.13106,0.0],[-19.094424,81.130972,0.0],[-19.096696,81.130612,0.0],[-19.099354,81.130556,0.0],[-19.101609,81.130406,0.0],[-19.102736,81.13004,0.0],[-19.102412,81.129741,0.0],[-19.103681,81.129469,0.0],[-19.107793,81.129123,0.0],[-19.108587,81.128641,0.0],[-19.105817,81.128306,0.0],[-19.102943,81.128234,0.0],[-19.101879,81.127915,0.0],[-19.101042,81.127295,0.0],[-19.098415,81.126775,0.0],[-19.095968,81.126723,0.0],[-19.094173,81.126628,0.0],[-19.093995,81.126185,0.0],[-19.092703,81.125873,0.0],[-19.089692,81.125623,0.0],[-19.083059,81.125604,0.0],[-19.080793,81.125881,0.0],[-19.078818,81.126442,0.0],[-19.079387,81.126836,0.0],[-19.079986,81.127351,0.0],[-19.078658,81.127674,0.0],[-19.077084,81.128042,0.0],[-19.074275,81.12831,0.0],[-19.069877,81.128443,0.0],[-19.065136,81.128244,0.0],[-19.066391,81.126796,0.0],[-19.068064,81.125391,0.0],[-19.070192,81.123665,0.0],[-19.073889,81.121618,0.0],[-19.076023,81.11953,0.0],[-19.078621,81.119738,0.0],[-19.080611,81.120115,0.0],[-19.081977,81.120476,0.0],[-19.084887,81.120774,0.0],[-19.088046,81.120796,0.0],[-19.091333,81.12058,0.0],[-19.097467,81.12051,0.0],[-19.103157,81.120482,0.0],[-19.108279,81.120224,0.0],[-19.112293,81.120015,0.0],[-19.115366,81.119727,0.0],[-19.118762,81.11932,0.0],[-19.121473,81.118917,0.0],[-19.123959,81.118306,0.0],[-19.126298,81.117677,0.0],[-19.130222,81.117134,0.0],[-19.133651,81.116633,0.0],[-19.136866,81.116069,0.0],[-19.139058,81.115436,0.0],[-19.141245,81.11474,0.0],[-19.14342,81.114161,0.0],[-19.146291,81.11346,0.0],[-19.146954,81.112673,0.0],[-19.145851,81.11212,0.0],[-19.144223,81.111875,0.0]]]}},{"type":"Feature","properties":{"rgi_id":"RGI2000-v7.0-G-05-17432","o1region":"05"},"geometry":{"type":"Polygon","coordinates":[[[-19.259074,81.119522,0.0],[-19.25257,81.120399,0.0],[-19.244143,81.119465,0.0],[-19.238705,81.118598,0.0],[-19.235124,81.117814,0.0],[-19.232009,81.117128,0.0],[-19.229925,81.116338,0.0],[-19.226198,81.115136,0.0],[-19.22266,81.113819,0.0],[-19.218145,81.112526,0.0],[-19.214394,81.111418,0.0],[-19.210965,81.110174,0.0],[-19.208135,81.109135,0.0],[-19.206457,81.108158,0.0],[-19.205197,81.107322,0.0],[-19.202562,81.106237,0.0],[-19.197081,81.104728,0.0],[-19.192341,81.103378,0.0],[-19.187881,81.10189,0.0],[-19.182767,81.100248,0.0],[-19.179992,81.099539,0.0],[-19.184794,81.099098,0.0],[-19.190021,81.09829,0.0],[-19.200189,81.097012,0.0],[-19.212457,81.094845,0.0],[-19.223089,81.092641,0.0],[-19.238009,81.089998,0.0],[-19.251285,81.088583,0.0],[-19.253529,81.089685,0.0],[-19.257815,81.091924,0.0],[-19.261897,81.094394,0.0],[-19.261696,81.094797,0.0],[-19.261808,81.095108,0.0],[-19.263206,81.09522,0.0],[-19.264422,81.095589,0.0],[-19.265674,81.096128,0.0],[-19.266517,81.096502,0.0],[-19.265871,81.096907,0.0],[-19.262768,81.096962,0.0],[-19.260535,81.09668,0.0],[-19.256222,81.096645,0.0],[-19.250574,81.096725,0.0],[-19.247405,81.096966,0.0],[-19.244121,81.09731,0.0],[-19.242471,81.097625,0.0],[-19.241547,81.098169,0.0],[-19.242333,81.09861,0.0],[-19.245237,81.098866,0.0],[-19.248381,81.099029,0.0],[-19.248368,81.099331,0.0],[-19.247115,81.099683,0.0],[-19.246385,81.100313,0.0],[-19.24488,81.100631,0.0],[-19.242869,81.100847,0.0],[-19.244409,81.101145,0.0],[-19.247059,81.101335,0.0],[-19.249616,81.101637,0.0],[-19.248877,81.10194,0.0],[-19.247389,81.102219,0.0],[-19.244984,81.102446,0.0],[-19.24279,81.102489,0.0],[-19.239874,81.102566,0.0],[-19.23618,81.10276,0.0],[-19.233959,81.102961,0.0],[-19.230717,81.10334,0.0],[-19.229278,81.103702,0.0],[-19.229279,81.104137,0.0],[-19.230686,81.104372,0.0],[-19.233354,81.104524,0.0],[-19.236409,81.104831,0.0],[-19.241113,81.104792,0.0],[-19.241941,81.105005,0.0],[-19.241299,81.105244,0.0],[-19.2399,81.105363,0.0],[-19.237518,81.105631,0.0],[-19.233868,81.10586,0.0],[-19.229188,81.105941,0.0],[-19.227451,81.105771,0.0],[-19.224528,81.105784,0.0],[-19.223523,81.106139,0.0],[-19.224752,81.106438,0.0],[-19.227071,81.10685,0.0],[-19.227023,81.107244,0.0],[-19.226075,81.107779,0.0],[-19.226229,81.10857,0.0],[-19.224775,81.109019,0.0],[-19.223575,81.109519,0.0],[-19.224841,81.109757,0.0],[-19.22831,81.109801,0.0],[-19.231808,81.109934,0.0],[-19.235812,81.109923,0.0],[-19.238616,81.109734,0.0],[-19.242193,81.109364,0.0],[-19.246382,81.10888,0.0],[-19.250607,81.108351,0.0],[-19.253115,81.108108,0.0],[-19.257586,81.107995,0.0],[-19.261703,81.108095,0.0],[-19.267496,81.107922,0.0],[-19.26926,81.107488,0.0],[-19.271892,81.107024,0.0],[-19.274206,81.106711,0.0],[-19.274999,81.106324,0.0],[-19.276637,81.106096,0.0],[-19.280041,81.106126,0.0],[-19.284379,81.106155,0.0],[-19.287831,81.106468,0.0],[-19.291399,81.106893,0.0],[-19.292962,81.107184,0.0],[-19.291982,81.107565,0.0],[-19.289862,81.107948,0.0],[-19.287009,81.108699,0.0],[-19.286716,81.109322,0.0],[-19.285469,81.110168,0.0],[-19.282807,81.110973,0.0],[-19.280069,81.111636,0.0],[-19.277791,81.111905,0.0],[-19.274963,81.112283,0.0],[-19.273092,81.112916,0.0],[-19.271207,81.113388,0.0],[-19.267072,81.113789,0.0],[-19.260565,81.114586,0.0],[-19.251601,81.115757,0.0],[-19.245086,81.11649,0.0],[-19.242276,81.116878,0.0],[-19.24172,81.117155,0.0],[-19.243292,81.117312,0.0],[-19.245478,81.11714,0.0],[-19.24796,81.116808,0.0],[-19.251594,81.116354,0.0],[-19.256879,81.1158,0.0],[-19.260292,81.115433,0.0],[-19.263496,81.115067,0.0],[-19.267747,81.114564,0.0],[-19.270512,81.114387,0.0],[-19.270787,81.114663,0.0],[-19.271161,81.115104,0.0],[-19.273873,81.115457,0.0],[-19.275704,81.115713,0.0],[-19.27444,81.115969,0.0],[-19.272404,81.116391,0.0],[-19.271638,81.117297,0.0],[-19.272712,81.117894,0.0],[-19.271032,81.118136,0.0],[-19.268956,81.11814,0.0],[-19.264207,81.118885,0.0],[-19.259074,81.119522,0.0]]]}},{"type":"Feature","properties":{"rgi_id":"RGI2000-v7.0-G-05-17433","o1region":"05"},"geometry":{"type":"Polygon","coordinates":[[[-19.251285,81.088583,0.0],[-19.238009,81.089998,0.0],[-19.223089,81.092641,0.0],[-19.212457,81.094845,0.0],[-19.200189,81.097012,0.0],[-19.190021,81.09829,0.0],[-19.184794,81.099098,0.0],[-19.179992,81.099539,0.0],[-19.180111,81.099221,0.0],[-19.17953,81.09897,0.0],[-19.17842,81.098832,0.0],[-19.176763,81.098719,0.0],[-19.176344,81.098541,0.0],[-19.176858,81.098245,0.0],[-19.176761,81.0977,0.0],[-19.176502,81.097206,0.0],[-19.177224,81.096794,0.0],[-19.178459,81.09621,0.0],[-19.180487,81.095561,0.0],[-19.183142,81.09486,0.0],[-19.185527,81.094409,0.0],[-19.186893,81.094153,0.0],[-19.187365,81.093854,0.0],[-19.187957,81.093516,0.0],[-19.187189,81.093251,0.0],[-19.183411,81.09339,0.0],[-19.180981,81.094053,0.0],[-19.179323,81.094287,0.0],[-19.176862,81.09458,0.0],[-19.174061,81.095016,0.0],[-19.173191,81.095261,0.0],[-19.171051,81.095189,0.0],[-19.170384,81.094892,0.0],[-19.169946,81.094357,0.0],[-19.168402,81.093468,0.0],[-19.167666,81.092832,0.0],[-19.167471,81.091973,0.0],[-19.168484,81.091698,0.0],[-19.172214,81.091492,0.0],[-19.179053,81.091311,0.0],[-19.182989,81.091088,0.0],[-19.187332,81.090785,0.0],[-19.189935,81.090231,0.0],[-19.191303,81.089803,0.0],[-19.192823,81.089372,0.0],[-19.195934,81.088721,0.0],[-19.196834,81.08835,0.0],[-19.198193,81.08803,0.0],[-19.201252,81.087972,0.0],[-19.204696,81.088071,0.0],[-19.20833,81.087969,0.0],[-19.209409,81.087524,0.0],[-19.210108,81.087234,0.0],[-19.212964,81.086994,0.0],[-19.214211,81.086577,0.0],[-19.212985,81.086048,0.0],[-19.212348,81.085395,0.0],[-19.211615,81.084822,0.0],[-19.210937,81.084397,0.0],[-19.211274,81.083992,0.0],[-19.21227,81.083788,0.0],[-19.211937,81.083301,0.0],[-19.210679,81.083227,0.0],[-19.208845,81.08342,0.0],[-19.207783,81.083579,0.0],[-19.205135,81.083588,0.0],[-19.202841,81.083368,0.0],[-19.201722,81.083117,0.0],[-19.202233,81.082805,0.0],[-19.203701,81.082318,0.0],[-19.2042,81.081861,0.0],[-19.204479,81.081508,0.0],[-19.206845,81.081359,0.0],[-19.2089,81.08121,0.0],[-19.210652,81.081373,0.0],[-19.212655,81.081571,0.0],[-19.214417,81.081616,0.0],[-19.215863,81.081366,0.0],[-19.216056,81.080974,0.0],[-19.215994,81.080499,0.0],[-19.215323,81.080154,0.0],[-19.21594,81.07989,0.0],[-19.217896,81.07979,0.0],[-19.219883,81.080042,0.0],[-19.220526,81.080297,0.0],[-19.222401,81.080454,0.0],[-19.224426,81.08043,0.0],[-19.226308,81.080436,0.0],[-19.22857,81.080517,0.0],[-19.231035,81.080798,0.0],[-19.234,81.082254,0.0],[-19.236207,81.083734,0.0],[-19.237585,81.084162,0.0],[-19.237119,81.084493,0.0],[-19.23707,81.084872,0.0],[-19.238602,81.085106,0.0],[-19.240402,81.085105,0.0],[-19.242904,81.085093,0.0],[-19.244666,81.085353,0.0],[-19.247266,81.085953,0.0],[-19.24849,81.086435,0.0],[-19.245757,81.086652,0.0],[-19.243368,81.087007,0.0],[-19.244589,81.087226,0.0],[-19.246979,81.087333,0.0],[-19.249628,81.08734,0.0],[-19.250319,81.087877,0.0],[-19.251285,81.088583,0.0]]]}},{"type":"Feature","properties":{"rgi_id":"RGI2000-v7.0-G-05-17434","o1region":"05"},"geometry":{"type":"Polygon","coordinates":[[[-19.265107,81.094725,0.0],[-19.261897,81.094394,0.0],[-19.257815,81.091924,0.0],[-19.253529,81.089685,0.0],[-19.251285,81.088583,0.0],[-19.250319,81.087877,0.0],[-19.249628,81.08734,0.0],[-19.252191,81.087292,0.0],[-19.254926,81.087107,0.0],[-19.257407,81.086854,0.0],[-19.258355,81.086583,0.0],[-19.257834,81.086321,0.0],[-19.253796,81.086298,0.0],[-19.250862,81.086349,0.0],[-19.24849,81.086435,0.0],[-19.247266,81.085953,0.0],[-19.244666,81.085353,0.0],[-19.242904,81.085093,0.0],[-19.24413,81.084914,0.0],[-19.244639,81.084602,0.0],[-19.24485,81.084188,0.0],[-19.243245,81.08406,0.0],[-19.239915,81.084074,0.0],[-19.237585,81.084162,0.0],[-19.236207,81.083734,0.0],[-19.234,81.082254,0.0],[-19.231035,81.080798,0.0],[-19.232105,81.080615,0.0],[-19.23257,81.080387,0.0],[-19.233173,81.079962,0.0],[-19.235084,81.079596,0.0],[-19.237088,81.079232,0.0],[-19.238831,81.078845,0.0],[-19.239726,81.07845,0.0],[-19.240192,81.078119,0.0],[-19.240205,81.077802,0.0],[-19.240473,81.077451,0.0],[-19.241404,81.077119,0.0],[-19.24265,81.076834,0.0],[-19.244744,81.076449,0.0],[-19.249597,81.075945,0.0],[-19.254247,81.075712,0.0],[-19.259498,81.075277,0.0],[-19.263345,81.075079,0.0],[-19.267958,81.074899,0.0],[-19.27406,81.074734,0.0],[-19.280104,81.074605,0.0],[-19.286568,81.074456,0.0],[-19.289854,81.074446,0.0],[-19.292831,81.074318,0.0],[-19.293034,81.074306,0.0],[-19.295558,81.073905,0.0],[-19.298099,81.073896,0.0],[-19.29809,81.07423,0.0],[-19.296278,81.074731,0.0],[-19.295023,81.075218,0.0],[-19.29583,81.075652,0.0],[-19.298228,81.075871,0.0],[-19.301082,81.075968,0.0],[-19.303904,81.075993,0.0],[-19.305577,81.075875,0.0],[-19.3081,81.075888,0.0],[-19.310909,81.076074,0.0],[-19.315248,81.076155,0.0],[-19.31825,81.075997,0.0],[-19.319679,81.075602,0.0],[-19.320472,81.075264,0.0],[-19.319947,81.074878,0.0],[-19.31837,81.074287,0.0],[-19.316748,81.073983,0.0],[-19.316349,81.073393,0.0],[-19.315757,81.072947,0.0],[-19.316253,81.072323,0.0],[-19.317735,81.071845,0.0],[-19.320416,81.071592,0.0],[-19.322747,81.071551,0.0],[-19.324663,81.071296,0.0],[-19.325845,81.070716,0.0],[-19.324341,81.069889,0.0],[-19.322172,81.069105,0.0],[-19.320664,81.068484,0.0],[-19.318401,81.067742,0.0],[-19.316974,81.067094,0.0],[-19.316905,81.066604,0.0],[-19.31729,81.066115,0.0],[-19.319854,81.066147,0.0],[-19.322883,81.066402,0.0],[-19.326999,81.06657,0.0],[-19.331175,81.066412,0.0],[-19.333592,81.066012,0.0],[-19.334319,81.065644,0.0],[-19.334947,81.065325,0.0],[-19.33595,81.065034,0.0],[-19.338908,81.064889,0.0],[-19.341923,81.064692,0.0],[-19.345474,81.064289,0.0],[-19.349061,81.06404,0.0],[-19.353317,81.063872,0.0],[-19.35726,81.063872,0.0],[-19.363322,81.063998,0.0],[-19.369681,81.064209,0.0],[-19.376598,81.064605,0.0],[-19.382275,81.064989,0.0],[-19.385432,81.065359,0.0],[-19.389109,81.066026,0.0],[-19.389863,81.067116,0.0],[-19.391005,81.067941,0.0],[-19.392039,81.068336,0.0],[-19.394648,81.068586,0.0],[-19.396813,81.068747,0.0],[-19.399086,81.068757,0.0],[-19.4014,81.068571,0.0],[-19.403927,81.068632,0.0],[-19.404393,81.068929,0.0],[-19.403209,81.069246,0.0],[-19.399801,81.06982,0.0],[-19.396012,81.070317,0.0],[-19.394594,81.070577,0.0],[-19.394156,81.070918,0.0],[-19.394175,81.071272,0.0],[-19.394177,81.07131,0.0],[-19.395292,81.071496,0.0],[-19.396965,81.071485,0.0],[-19.398765,81.071359,0.0],[-19.399384,81.071315,0.0],[-19.401067,81.07111,0.0],[-19.402341,81.070955,0.0],[-19.406843,81.070375,0.0],[-19.411521,81.069888,0.0],[-19.415288,81.06958,0.0],[-19.418658,81.069417,0.0],[-19.422971,81.06938,0.0],[-19.425899,81.069526,0.0],[-19.429636,81.069875,0.0],[-19.432344,81.070076,0.0],[-19.434858,81.070207,0.0],[-19.438235,81.070291,0.0],[-19.440373,81.070196,0.0],[-19.443288,81.070213,0.0],[-19.447373,81.07035,0.0],[-19.448942,81.070705,0.0],[-19.449778,81.071331,0.0],[-19.451051,81.071799,0.0],[-19.452709,81.072025,0.0],[-19.455783,81.072231,0.0],[-19.45769,81.07222,0.0],[-19.458771,81.071919,0.0],[-19.459731,81.071457,0.0],[-19.459745,81.071421,0.0],[-19.459907,81.071017,0.0],[-19.458671,81.070687,0.0],[-19.458235,81.070313,0.0],[-19.459933,81.070161,0.0],[-19.462395,81.070376,0.0],[-19.464183,81.070406,0.0],[-19.465997,81.070436,0.0],[-19.471463,81.070539,0.0],[-19.477671,81.070801,0.0],[-19.482646,81.070947,0.0],[-19.487454,81.070898,0.0],[-19.490652,81.070857,0.0],[-19.494075,81.070976,0.0],[-19.497358,81.071306,0.0],[-19.500393,81.071634,0.0],[-19.503455,81.071837,0.0],[-19.5068,81.071814,0.0],[-19.509354,81.071749,0.0],[-19.511503,81.071749,0.0],[-19.512617,81.071903,0.0],[-19.51319,81.0722,0.0],[-19.514105,81.072585,0.0],[-19.51668,81.072863,0.0],[-19.518794,81.072908,0.0],[-19.520673,81.07273,0.0],[-19.521984,81.072337,0.0],[-19.525095,81.072473,0.0],[-19.527376,81.073047,0.0],[-19.528473,81.073481,0.0],[-19.530066,81.073996,0.0],[-19.530409,81.074434,0.0],[-19.530301,81.074958,0.0],[-19.530947,81.075777,0.0],[-19.532807,81.076438,0.0],[-19.532814,81.07644,0.0],[-19.535556,81.077185,0.0],[-19.536441,81.077739,0.0],[-19.535809,81.078312,0.0],[-19.535825,81.078774,0.0],[-19.537448,81.079438,0.0],[-19.537118,81.080112,0.0],[-19.53557,81.081058,0.0],[-19.536736,81.081704,0.0],[-19.536604,81.082389,0.0],[-19.53617,81.082897,0.0],[-19.533259,81.083779,0.0],[-19.530228,81.084031,0.0],[-19.525936,81.084127,0.0],[-19.522948,81.084399,0.0],[-19.519865,81.084569,0.0],[-19.51673,81.084655,0.0],[-19.513691,81.084843,0.0],[-19.510762,81.085262,0.0],[-19.508384,81.086135,0.0],[-19.508247,81.086971,0.0],[-19.508029,81.08765,0.0],[-19.506887,81.088821,0.0],[-19.505778,81.089581,0.0],[-19.503629,81.090646,0.0],[-19.501496,81.091505,0.0],[-19.498677,81.09252,0.0],[-19.49418,81.093714,0.0],[-19.489762,81.094881,0.0],[-19.485789,81.09597,0.0],[-19.482294,81.096903,0.0],[-19.476423,81.098075,0.0],[-19.468896,81.099282,0.0],[-19.45924,81.100381,0.0],[-19.450399,81.10138,0.0],[-19.442139,81.10239,0.0],[-19.437262,81.102904,0.0],[-19.431916,81.103303,0.0],[-19.425151,81.103629,0.0],[-19.418823,81.103781,0.0],[-19.413484,81.103878,0.0],[-19.409308,81.103998,0.0],[-19.405833,81.104457,0.0],[-19.403401,81.104976,0.0],[-19.399218,81.105795,0.0],[-19.395555,81.106446,0.0],[-19.39161,81.10679,0.0],[-19.387432,81.10691,0.0],[-19.383238,81.106869,0.0],[-19.381387,81.106637,0.0],[-19.381313,81.106329,0.0],[-19.38272,81.105908,0.0],[-19.385026,81.105364,0.0],[-19.385263,81.105212,0.0],[-19.386074,81.104694,0.0],[-19.383083,81.104265,0.0],[-19.379836,81.104152,0.0],[-19.378048,81.104203,0.0],[-19.375205,81.104285,0.0],[-19.370828,81.10447,0.0],[-19.366428,81.10443,0.0],[-19.362462,81.104183,0.0],[-19.359803,81.103747,0.0],[-19.360271,81.103464,0.0],[-19.361568,81.103228,0.0],[-19.362254,81.10299,0.0],[-19.361642,81.102822,0.0],[-19.359867,81.102765,0.0],[-19.354447,81.102888,0.0],[-19.351431,81.102998,0.0],[-19.347436,81.10286,0.0],[-19.342819,81.102724,0.0],[-19.334902,81.102756,0.0],[-19.327397,81.102755,0.0],[-19.322521,81.102934,0.0],[-19.319423,81.103467,0.0],[-19.317374,81.104126,0.0],[-19.316926,81.104634,0.0],[-19.315743,81.105246,0.0],[-19.31351,81.105733,0.0],[-19.310308,81.106067,0.0],[-19.308859,81.106103,0.0],[-19.304151,81.105896,0.0],[-19.300966,81.105563,0.0],[-19.296893,81.105053,0.0],[-19.293646,81.104509,0.0],[-19.291019,81.103932,0.0],[-19.289126,81.103217,0.0],[-19.288903,81.102628,0.0],[-19.289398,81.102171,0.0],[-19.289308,81.101671,0.0],[-19.28817,81.10083,0.0],[-19.287527,81.099963,0.0],[-19.28481,81.099299,0.0],[-19.281837,81.098552,0.0],[-19.277676,81.097939,0.0],[-19.275584,81.097735,0.0],[-19.27462,81.097616,0.0],[-19.274246,81.097389,0.0],[-19.275798,81.097154,0.0],[-19.276182,81.096833,0.0],[-19.274232,81.096369,0.0],[-19.272329,81.095956,0.0],[-19.269926,81.095522,0.0],[-19.267316,81.095089,0.0],[-19.265107,81.094725,0.0]]]}},{"type":"Feature","properties":{"rgi_id":"RGI2000-v7.0-G-05-17435","o1region":"05"},"geometry":{"type":"Polygon","coordinates":[[[-19.43313,81.111742,0.0],[-19.434704,81.111512,0.0],[-19.440673,81.112485,0.0],[-19.445088,81.11357,0.0],[-19.444882,81.114755,0.0],[-19.440157,81.115447,0.0],[-19.433171,81.115892,0.0],[-19.426331,81.115508,0.0],[-19.420278,81.115008,0.0],[-19.421954,81.114582,0.0],[-19.427173,81.114554,0.0],[-19.428832,81.11385,0.0],[-19.428155,81.113021,0.0],[-19.429193,81.112319,0.0],[-19.43313,81.111742,0.0]]]}},{"type":"Feature","properties":{"rgi_id":"RGI2000-v7.0-G-05-17436","o1region":"05"},"geometry":{"type":"Polygon","coordinates":[[[-19.2723,81.142519,0.0],[-19.272352,81.14225,0.0],[-19.270608,81.142242,0.0],[-19.271024,81.140093,0.0],[-19.26928,81.140085,0.0],[-19.269332,81.139816,0.0],[-19.2641,81.139792,0.0],[-19.264153,81.139524,0.0],[-19.262409,81.139515,0.0],[-19.262513,81.138978,0.0],[-19.264257,81.138986,0.0],[-19.264361,81.138449,0.0],[-19.266105,81.138457,0.0],[-19.266157,81.138188,0.0],[-19.267901,81.138196,0.0],[-19.267953,81.137928,0.0],[-19.273183,81.137952,0.0],[-19.272924,81.139295,0.0],[-19.274667,81.139303,0.0],[-19.274616,81.139572,0.0],[-19.279847,81.139596,0.0],[-19.279899,81.139327,0.0],[-19.283386,81.139343,0.0],[-19.283438,81.139074,0.0],[-19.286925,81.13909,0.0],[-19.286977,81.138822,0.0],[-19.290464,81.138837,0.0],[-19.290413,81.139106,0.0],[-19.292157,81.139114,0.0],[-19.291951,81.140189,0.0],[-19.290207,81.140181,0.0],[-19.290104,81.140718,0.0],[-19.28836,81.14071,0.0],[-19.288309,81.140979,0.0],[-19.286565,81.140971,0.0],[-19.286513,81.141239,0.0],[-19.284769,81.141231,0.0],[-19.284717,81.1415,0.0],[-19.282973,81.141492,0.0],[-19.282921,81.141761,0.0],[-19.281177,81.141753,0.0],[-19.281022,81.142559,0.0],[-19.279278,81.142551,0.0],[-19.279226,81.142819,0.0],[-19.273992,81.142795,0.0],[-19.274044,81.142527,0.0],[-19.2723,81.142519,0.0]]]}},{"type":"Feature","properties":{"rgi_id":"RGI2000-v7.0-G-05-17437","o1region":"05"},"geometry":{"type":"Polygon","coordinates":[[[-19.489117,81.161196,0.0],[-19.489163,81.160927,0.0],[-19.487415,81.16092,0.0],[-19.48746,81.160651,0.0],[-19.485712,81.160644,0.0],[-19.485758,81.160376,0.0],[-19.48401,81.160369,0.0],[-19.484101,81.159831,0.0],[-19.482353,81.159824,0.0],[-19.48249,81.159018,0.0],[-19.480743,81.159011,0.0],[-19.480834,81.158474,0.0],[-19.482582,81.158481,0.0],[-19.482628,81.158212,0.0],[-19.484375,81.158219,0.0],[-19.484421,81.15795,0.0],[-19.486169,81.157958,0.0],[-19.486214,81.157689,0.0],[-19.487962,81.157696,0.0],[-19.488007,81.157427,0.0],[-19.489755,81.157434,0.0],[-19.4898,81.157166,0.0],[-19.491548,81.157173,0.0],[-19.491593,81.156904,0.0],[-19.496836,81.156925,0.0],[-19.49679,81.157193,0.0],[-19.498538,81.1572,0.0],[-19.498402,81.158006,0.0],[-19.50015,81.158013,0.0],[-19.500059,81.158551,0.0],[-19.501807,81.158558,0.0],[-19.501762,81.158826,0.0],[-19.500014,81.158819,0.0],[-19.499923,81.159357,0.0],[-19.498176,81.15935,0.0],[-19.49813,81.159618,0.0],[-19.496382,81.159611,0.0],[-19.496337,81.15988,0.0],[-19.494589,81.159873,0.0],[-19.494498,81.160411,0.0],[-19.496246,81.160417,0.0],[-19.496201,81.160686,0.0],[-19.497949,81.160693,0.0],[-19.497859,81.16123,0.0],[-19.489117,81.161196,0.0]]]}},{"type":"Feature","properties":{"rgi_id":"RGI2000-v7.0-G-05-17438","o1region":"05"},"geometry":{"type":"Polygon","coordinates":[[[-19.548234,81.194361,0.0],[-19.546486,81.19369,0.0],[-19.5435,81.193015,0.0],[-19.538704,81.192048,0.0],[-19.530847,81.19088,0.0],[-19.524292,81.189337,0.0],[-19.519484,81.188464,0.0],[-19.518192,81.188196,0.0],[-19.519618,81.188201,0.0],[-19.519663,81.187933,0.0],[-19.52317,81.187946,0.0],[-19.523215,81.187678,0.0],[-19.524968,81.187684,0.0],[-19.525013,81.187416,0.0],[-19.526766,81.187423,0.0],[-19.526811,81.187154,0.0],[-19.528564,81.187161,0.0],[-19.528609,81.186892,0.0],[-19.530362,81.186899,0.0],[-19.530406,81.18663,0.0],[-19.53216,81.186637,0.0],[-19.532204,81.186368,0.0],[-19.533957,81.186375,0.0],[-19.534223,81.184763,0.0],[-19.535976,81.18477,0.0],[-19.53602,81.184501,0.0],[-19.537773,81.184508,0.0],[-19.537817,81.184239,0.0],[-19.53957,81.184246,0.0],[-19.539659,81.183709,0.0],[-19.541411,81.183716,0.0],[-19.5415,81.183178,0.0],[-19.543252,81.183185,0.0],[-19.54334,81.182648,0.0],[-19.545093,81.182654,0.0],[-19.545401,81.180774,0.0],[-19.543648,81.180767,0.0],[-19.543912,81.179155,0.0],[-19.542161,81.179148,0.0],[-19.542205,81.178879,0.0],[-19.540453,81.178873,0.0],[-19.540497,81.178604,0.0],[-19.538745,81.178597,0.0],[-19.53879,81.178329,0.0],[-19.537038,81.178322,0.0],[-19.537082,81.178053,0.0],[-19.53533,81.178046,0.0],[-19.535375,81.177778,0.0],[-19.533623,81.177771,0.0],[-19.533668,81.177502,0.0],[-19.531916,81.177495,0.0],[-19.53196,81.177227,0.0],[-19.530209,81.17722,0.0],[-19.530253,81.176951,0.0],[-19.526751,81.176938,0.0],[-19.526795,81.176669,0.0],[-19.525044,81.176662,0.0],[-19.525088,81.176393,0.0],[-19.521586,81.17638,0.0],[-19.521631,81.176111,0.0],[-19.514626,81.176084,0.0],[-19.514671,81.175815,0.0],[-19.511168,81.175801,0.0],[-19.511258,81.175264,0.0],[-19.507756,81.17525,0.0],[-19.507801,81.174981,0.0],[-19.504299,81.174967,0.0],[-19.504345,81.174699,0.0],[-19.499092,81.174678,0.0],[-19.499137,81.174409,0.0],[-19.495636,81.174395,0.0],[-19.495726,81.173858,0.0],[-19.492225,81.173844,0.0],[-19.49227,81.173575,0.0],[-19.49052,81.173568,0.0],[-19.490474,81.173837,0.0],[-19.485222,81.173816,0.0],[-19.485268,81.173547,0.0],[-19.483517,81.17354,0.0],[-19.483563,81.173272,0.0],[-19.481812,81.173265,0.0],[-19.482041,81.171921,0.0],[-19.485542,81.171935,0.0],[-19.485679,81.171129,0.0],[-19.48743,81.171136,0.0],[-19.487475,81.170868,0.0],[-19.489225,81.170875,0.0],[-19.489271,81.170606,0.0],[-19.491021,81.170613,0.0],[-19.491067,81.170344,0.0],[-19.492817,81.170351,0.0],[-19.492862,81.170083,0.0],[-19.494612,81.17009,0.0],[-19.494658,81.169821,0.0],[-19.496408,81.169828,0.0],[-19.496453,81.169559,0.0],[-19.498203,81.169566,0.0],[-19.498248,81.169298,0.0],[-19.499998,81.169304,0.0],[-19.500043,81.169036,0.0],[-19.505293,81.169057,0.0],[-19.505338,81.168788,0.0],[-19.508837,81.168802,0.0],[-19.508882,81.168533,0.0],[-19.512382,81.168547,0.0],[-19.512427,81.168278,0.0],[-19.515926,81.168292,0.0],[-19.515971,81.168023,0.0],[-19.51772,81.16803,0.0],[-19.517676,81.168299,0.0],[-19.521175,81.168313,0.0],[-19.52113,81.168581,0.0],[-19.52288,81.168588,0.0],[-19.522925,81.168319,0.0],[-19.524674,81.168326,0.0],[-19.524719,81.168058,0.0],[-19.526468,81.168064,0.0],[-19.526557,81.167527,0.0],[-19.528307,81.167534,0.0],[-19.528396,81.166997,0.0],[-19.533644,81.167017,0.0],[-19.533821,81.165942,0.0],[-19.53557,81.165949,0.0],[-19.535703,81.165143,0.0],[-19.533954,81.165136,0.0],[-19.534617,81.161106,0.0],[-19.536365,81.161113,0.0],[-19.536409,81.160844,0.0],[-19.541654,81.160865,0.0],[-19.54161,81.161133,0.0],[-19.546855,81.161154,0.0],[-19.546898,81.160885,0.0],[-19.548647,81.160892,0.0],[-19.54869,81.160623,0.0],[-19.550439,81.16063,0.0],[-19.550482,81.160361,0.0],[-19.55223,81.160368,0.0],[-19.552318,81.15983,0.0],[-19.554066,81.159837,0.0],[-19.554371,81.157956,0.0],[-19.552623,81.15795,0.0],[-19.552667,81.157681,0.0],[-19.550919,81.157674,0.0],[-19.551312,81.155256,0.0],[-19.552758,81.155262,0.0],[-19.553442,81.154356,0.0],[-19.555042,81.15382,0.0],[-19.556312,81.153393,0.0],[-19.55689,81.153199,0.0],[-19.557032,81.152321,0.0],[-19.558779,81.152327,0.0],[-19.558952,81.151253,0.0],[-19.560699,81.151259,0.0],[-19.560742,81.150991,0.0],[-19.562488,81.150997,0.0],[-19.562618,81.150191,0.0],[-19.564364,81.150198,0.0],[-19.564494,81.149392,0.0],[-19.56624,81.149399,0.0],[-19.566326,81.148861,0.0],[-19.568072,81.148868,0.0],[-19.568159,81.148331,0.0],[-19.569904,81.148337,0.0],[-19.56999,81.1478,0.0],[-19.571736,81.147806,0.0],[-19.571779,81.147538,0.0],[-19.573525,81.147544,0.0],[-19.573568,81.147276,0.0],[-19.575313,81.147282,0.0],[-19.575356,81.147014,0.0],[-19.577102,81.14702,0.0],[-19.577145,81.146752,0.0],[-19.57889,81.146758,0.0],[-19.578933,81.146489,0.0],[-19.582424,81.146503,0.0],[-19.582466,81.146234,0.0],[-19.585957,81.146247,0.0],[-19.586,81.145978,0.0],[-19.587745,81.145985,0.0],[-19.587703,81.146254,0.0],[-19.588138,81.146255,0.0],[-19.588474,81.146206,0.0],[-19.596187,81.146634,0.0],[-19.600168,81.147107,0.0],[-19.601515,81.147267,0.0],[-19.602507,81.147384,0.0],[-19.604989,81.147393,0.0],[-19.604947,81.147662,0.0],[-19.608438,81.147675,0.0],[-19.608396,81.147944,0.0],[-19.611888,81.147957,0.0],[-19.611846,81.148225,0.0],[-19.613592,81.148232,0.0],[-19.61355,81.1485,0.0],[-19.617042,81.148513,0.0],[-19.617,81.148782,0.0],[-19.618746,81.148788,0.0],[-19.618704,81.149057,0.0],[-19.62045,81.149063,0.0],[-19.620409,81.149332,0.0],[-19.622155,81.149338,0.0],[-19.622113,81.149607,0.0],[-19.625605,81.14962,0.0],[-19.625564,81.149889,0.0],[-19.62731,81.149895,0.0],[-19.627269,81.150164,0.0],[-19.629015,81.15017,0.0],[-19.628974,81.150439,0.0],[-19.63072,81.150445,0.0],[-19.630679,81.150714,0.0],[-19.632425,81.15072,0.0],[-19.632384,81.150989,0.0],[-19.63413,81.150995,0.0],[-19.634089,81.151264,0.0],[-19.637582,81.151276,0.0],[-19.637541,81.151545,0.0],[-19.639287,81.151551,0.0],[-19.639246,81.15182,0.0],[-19.640993,81.151826,0.0],[-19.640952,81.152095,0.0],[-19.644445,81.152108,0.0],[-19.644404,81.152376,0.0],[-19.646151,81.152383,0.0],[-19.64611,81.152651,0.0],[-19.647857,81.152658,0.0],[-19.647816,81.152926,0.0],[-19.651026,81.152938,0.0],[-19.651302,81.152988,0.0],[-19.651269,81.153207,0.0],[-19.652538,81.153212,0.0],[-19.6555,81.153749,0.0],[-19.65989,81.155306,0.0],[-19.659156,81.156999,0.0],[-19.655942,81.156988,0.0],[-19.655902,81.157257,0.0],[-19.654154,81.15725,0.0],[-19.654073,81.157788,0.0],[-19.652325,81.157781,0.0],[-19.652285,81.15805,0.0],[-19.650537,81.158044,0.0],[-19.650455,81.158581,0.0],[-19.648708,81.158575,0.0],[-19.648585,81.159381,0.0],[-19.646837,81.159375,0.0],[-19.646633,81.160718,0.0],[-19.648382,81.160724,0.0],[-19.648341,81.160993,0.0],[-19.651837,81.161006,0.0],[-19.651878,81.160737,0.0],[-19.653626,81.160743,0.0],[-19.653667,81.160475,0.0],[-19.655415,81.160481,0.0],[-19.655456,81.160212,0.0],[-19.658952,81.160225,0.0],[-19.658912,81.160493,0.0],[-19.66066,81.160499,0.0],[-19.66062,81.160768,0.0],[-19.662368,81.160774,0.0],[-19.662328,81.161043,0.0],[-19.664076,81.161049,0.0],[-19.664036,81.161318,0.0],[-19.665784,81.161324,0.0],[-19.665744,81.161593,0.0],[-19.667492,81.161599,0.0],[-19.667412,81.162136,0.0],[-19.66916,81.162143,0.0],[-19.66912,81.162411,0.0],[-19.670869,81.162417,0.0],[-19.670789,81.162955,0.0],[-19.672537,81.162961,0.0],[-19.672497,81.16323,0.0],[-19.674246,81.163236,0.0],[-19.674206,81.163504,0.0],[-19.675955,81.163511,0.0],[-19.675795,81.164585,0.0],[-19.677544,81.164591,0.0],[-19.677464,81.165129,0.0],[-19.679214,81.165135,0.0],[-19.679174,81.165404,0.0],[-19.682672,81.165416,0.0],[-19.682632,81.165685,0.0],[-19.686131,81.165697,0.0],[-19.686091,81.165965,0.0],[-19.691339,81.165984,0.0],[-19.6913,81.166252,0.0],[-19.694799,81.166265,0.0],[-19.694838,81.165996,0.0],[-19.698337,81.166008,0.0],[-19.698297,81.166277,0.0],[-19.710543,81.166319,0.0],[-19.710582,81.16605,0.0],[-19.714081,81.166062,0.0],[-19.71412,81.165793,0.0],[-19.715869,81.165799,0.0],[-19.715908,81.16553,0.0],[-19.717657,81.165536,0.0],[-19.717696,81.165268,0.0],[-19.719445,81.165274,0.0],[-19.719484,81.165005,0.0],[-19.721233,81.165011,0.0],[-19.721194,81.16528,0.0],[-19.724693,81.165291,0.0],[-19.724654,81.16556,0.0],[-19.728153,81.165572,0.0],[-19.728114,81.165841,0.0],[-19.729864,81.165846,0.0],[-19.72971,81.166921,0.0],[-19.73146,81.166927,0.0],[-19.731422,81.167196,0.0],[-19.733171,81.167202,0.0],[-19.733056,81.168008,0.0],[-19.736556,81.16802,0.0],[-19.736518,81.168288,0.0],[-19.738268,81.168294,0.0],[-19.73823,81.168563,0.0],[-19.743479,81.16858,0.0],[-19.743441,81.168849,0.0],[-19.745191,81.168855,0.0],[-19.745115,81.169392,0.0],[-19.746865,81.169398,0.0],[-19.746752,81.170204,0.0],[-19.745002,81.170198,0.0],[-19.744699,81.172348,0.0],[-19.742948,81.172342,0.0],[-19.742796,81.173417,0.0],[-19.741045,81.173411,0.0],[-19.740969,81.173948,0.0],[-19.739218,81.173943,0.0],[-19.739142,81.17448,0.0],[-19.737391,81.174474,0.0],[-19.737315,81.175012,0.0],[-19.735564,81.175006,0.0],[-19.735411,81.17608,0.0],[-19.73366,81.176075,0.0],[-19.733621,81.176343,0.0],[-19.73187,81.176337,0.0],[-19.731832,81.176606,0.0],[-19.73008,81.1766,0.0],[-19.730042,81.176869,0.0],[-19.726539,81.176857,0.0],[-19.7265,81.177126,0.0],[-19.724749,81.17712,0.0],[-19.72471,81.177389,0.0],[-19.722959,81.177383,0.0],[-19.722881,81.17792,0.0],[-19.72113,81.177914,0.0],[-19.721014,81.17872,0.0],[-19.719262,81.178714,0.0],[-19.719185,81.179252,0.0],[-19.717433,81.179246,0.0],[-19.717394,81.179514,0.0],[-19.715642,81.179509,0.0],[-19.715603,81.179777,0.0],[-19.713851,81.179771,0.0],[-19.713657,81.181115,0.0],[-19.711904,81.181109,0.0],[-19.711826,81.181646,0.0],[-19.710074,81.18164,0.0],[-19.710035,81.181909,0.0],[-19.708282,81.181903,0.0],[-19.708165,81.182709,0.0],[-19.706413,81.182703,0.0],[-19.7061,81.184853,0.0],[-19.704347,81.184847,0.0],[-19.704151,81.18619,0.0],[-19.702397,81.186184,0.0],[-19.70228,81.18699,0.0],[-19.700526,81.186984,0.0],[-19.700408,81.18779,0.0],[-19.702162,81.187796,0.0],[-19.701808,81.190214,0.0],[-19.703563,81.19022,0.0],[-19.703484,81.190758,0.0],[-19.705238,81.190764,0.0],[-19.704886,81.193182,0.0],[-19.70664,81.193188,0.0],[-19.706444,81.194531,0.0],[-19.708199,81.194537,0.0],[-19.707691,81.198031,0.0],[-19.705935,81.198025,0.0],[-19.705818,81.198831,0.0],[-19.704062,81.198825,0.0],[-19.704023,81.199093,0.0],[-19.702267,81.199087,0.0],[-19.702149,81.199893,0.0],[-19.700393,81.199887,0.0],[-19.700353,81.200156,0.0],[-19.698597,81.20015,0.0],[-19.698558,81.200419,0.0],[-19.696802,81.200413,0.0],[-19.696762,81.200681,0.0],[-19.695006,81.200675,0.0],[-19.694966,81.200944,0.0],[-19.69321,81.200938,0.0],[-19.693171,81.201207,0.0],[-19.691414,81.201201,0.0],[-19.691375,81.201469,0.0],[-19.689618,81.201463,0.0],[-19.689539,81.202001,0.0],[-19.687783,81.201995,0.0],[-19.687743,81.202263,0.0],[-19.685986,81.202257,0.0],[-19.685907,81.202794,0.0],[-19.68415,81.202788,0.0],[-19.68403,81.203594,0.0],[-19.682274,81.203588,0.0],[-19.682154,81.204394,0.0],[-19.680397,81.204388,0.0],[-19.680317,81.204926,0.0],[-19.67856,81.20492,0.0],[-19.67848,81.205457,0.0],[-19.676723,81.205451,0.0],[-19.676522,81.206794,0.0],[-19.673007,81.206782,0.0],[-19.673249,81.20517,0.0],[-19.675006,81.205176,0.0],[-19.675046,81.204907,0.0],[-19.673289,81.204901,0.0],[-19.673329,81.204632,0.0],[-19.675086,81.204639,0.0],[-19.675126,81.20437,0.0],[-19.671613,81.204358,0.0],[-19.671653,81.204089,0.0],[-19.668139,81.204077,0.0],[-19.668179,81.203808,0.0],[-19.666423,81.203802,0.0],[-19.666584,81.202727,0.0],[-19.664828,81.202721,0.0],[-19.665313,81.199497,0.0],[-19.663557,81.19949,0.0],[-19.663638,81.198953,0.0],[-19.661882,81.198947,0.0],[-19.662004,81.198141,0.0],[-19.658493,81.198128,0.0],[-19.658533,81.19786,0.0],[-19.637466,81.197784,0.0],[-19.637508,81.197516,0.0],[-19.635752,81.197509,0.0],[-19.635876,81.196703,0.0],[-19.634121,81.196697,0.0],[-19.634162,81.196428,0.0],[-19.632407,81.196422,0.0],[-19.632448,81.196153,0.0],[-19.630693,81.196147,0.0],[-19.630734,81.195878,0.0],[-19.628979,81.195872,0.0],[-19.629021,81.195603,0.0],[-19.62551,81.195591,0.0],[-19.625552,81.195322,0.0],[-19.623797,81.195315,0.0],[-19.623839,81.195047,0.0],[-19.618574,81.195028,0.0],[-19.618615,81.194759,0.0],[-19.61686,81.194753,0.0],[-19.616902,81.194484,0.0],[-19.615147,81.194477,0.0],[-19.615231,81.19394,0.0],[-19.613476,81.193934,0.0],[-19.61356,81.193396,0.0],[-19.611806,81.19339,0.0],[-19.611848,81.193121,0.0],[-19.610093,81.193115,0.0],[-19.610177,81.192577,0.0],[-19.604914,81.192558,0.0],[-19.604871,81.192827,0.0],[-19.603117,81.19282,0.0],[-19.603075,81.193089,0.0],[-19.60132,81.193082,0.0],[-19.601278,81.193351,0.0],[-19.603032,81.193358,0.0],[-19.60299,81.193626,0.0],[-19.6065,81.193639,0.0],[-19.606457,81.193908,0.0],[-19.608212,81.193914,0.0],[-19.60817,81.194183,0.0],[-19.609925,81.194189,0.0],[-19.609883,81.194458,0.0],[-19.611638,81.194465,0.0],[-19.611596,81.194733,0.0],[-19.613351,81.19474,0.0],[-19.613309,81.195008,0.0],[-19.615064,81.195015,0.0],[-19.615022,81.195283,0.0],[-19.616777,81.19529,0.0],[-19.616735,81.195559,0.0],[-19.61849,81.195565,0.0],[-19.618364,81.196371,0.0],[-19.62012,81.196377,0.0],[-19.620036,81.196915,0.0],[-19.621791,81.196921,0.0],[-19.62175,81.19719,0.0],[-19.623505,81.197196,0.0],[-19.623463,81.197465,0.0],[-19.625219,81.197471,0.0],[-19.624761,81.200427,0.0],[-19.626517,81.200433,0.0],[-19.626392,81.201239,0.0],[-19.628148,81.201246,0.0],[-19.627733,81.203932,0.0],[-19.629489,81.203939,0.0],[-19.629365,81.204745,0.0],[-19.631122,81.204751,0.0],[-19.630873,81.206363,0.0],[-19.629115,81.206357,0.0],[-19.629091,81.206516,0.0],[-19.615842,81.205649,0.0],[-19.615102,81.206022,0.0],[-19.615183,81.2055,0.0],[-19.61694,81.205506,0.0],[-19.617066,81.2047,0.0],[-19.615309,81.204694,0.0],[-19.615351,81.204425,0.0],[-19.613594,81.204419,0.0],[-19.613636,81.20415,0.0],[-19.610123,81.204137,0.0],[-19.609954,81.205212,0.0],[-19.611711,81.205218,0.0],[-19.611543,81.206293,0.0],[-19.614541,81.206304,0.0],[-19.613481,81.206838,0.0],[-19.613193,81.206982,0.0],[-19.61295,81.207105,0.0],[-19.61189,81.207639,0.0],[-19.611634,81.207768,0.0],[-19.608366,81.208822,0.0],[-19.60694,81.209233,0.0],[-19.602291,81.209216,0.0],[-19.602248,81.209485,0.0],[-19.600491,81.209478,0.0],[-19.600448,81.209747,0.0],[-19.59869,81.209741,0.0],[-19.598648,81.210009,0.0],[-19.59689,81.210003,0.0],[-19.596847,81.210272,0.0],[-19.595089,81.210265,0.0],[-19.595004,81.210802,0.0],[-19.593246,81.210796,0.0],[-19.593203,81.211065,0.0],[-19.591445,81.211058,0.0],[-19.591317,81.211864,0.0],[-19.589559,81.211858,0.0],[-19.58943,81.212664,0.0],[-19.591189,81.21267,0.0],[-19.59106,81.213476,0.0],[-19.592819,81.213483,0.0],[-19.592776,81.213751,0.0],[-19.594535,81.213758,0.0],[-19.594407,81.214564,0.0],[-19.596166,81.21457,0.0],[-19.596081,81.215108,0.0],[-19.59784,81.215114,0.0],[-19.597542,81.216995,0.0],[-19.595782,81.216989,0.0],[-19.595697,81.217526,0.0],[-19.594707,81.217522,0.0],[-19.594498,81.218018,0.0],[-19.589711,81.21883,0.0],[-19.584298,81.218692,0.0],[-19.584468,81.217625,0.0],[-19.58462,81.216678,0.0],[-19.581688,81.2156,0.0],[-19.577205,81.214516,0.0],[-19.564529,81.213377,0.0],[-19.561164,81.213364,0.0],[-19.56112,81.213633,0.0],[-19.555844,81.213613,0.0],[-19.555888,81.213344,0.0],[-19.55413,81.213337,0.0],[-19.554173,81.213069,0.0],[-19.552415,81.213062,0.0],[-19.552459,81.212793,0.0],[-19.5507,81.212786,0.0],[-19.550744,81.212518,0.0],[-19.548986,81.212511,0.0],[-19.54903,81.212242,0.0],[-19.547271,81.212236,0.0],[-19.547316,81.211967,0.0],[-19.545557,81.21196,0.0],[-19.545601,81.211692,0.0],[-19.543843,81.211685,0.0],[-19.543887,81.211416,0.0],[-19.542129,81.211409,0.0],[-19.542218,81.210872,0.0],[-19.540459,81.210865,0.0],[-19.540637,81.209791,0.0],[-19.538879,81.209784,0.0],[-19.538923,81.209515,0.0],[-19.537165,81.209508,0.0],[-19.537209,81.20924,0.0],[-19.535452,81.209233,0.0],[-19.535718,81.207621,0.0],[-19.537476,81.207628,0.0],[-19.53752,81.207359,0.0],[-19.539277,81.207366,0.0],[-19.539322,81.207097,0.0],[-19.544594,81.207117,0.0],[-19.54455,81.207386,0.0],[-19.549822,81.207406,0.0],[-19.549778,81.207675,0.0],[-19.55505,81.207695,0.0],[-19.555138,81.207158,0.0],[-19.55338,81.207151,0.0],[-19.553424,81.206882,0.0],[-19.555182,81.206889,0.0],[-19.555225,81.20662,0.0],[-19.556983,81.206627,0.0],[-19.55707,81.20609,0.0],[-19.551799,81.20607,0.0],[-19.552062,81.204457,0.0],[-19.550305,81.204451,0.0],[-19.550437,81.203645,0.0],[-19.552194,81.203651,0.0],[-19.552325,81.202845,0.0],[-19.554082,81.202852,0.0],[-19.554213,81.202046,0.0],[-19.557726,81.202059,0.0],[-19.55777,81.201791,0.0],[-19.561282,81.201804,0.0],[-19.561457,81.200729,0.0],[-19.5597,81.200723,0.0],[-19.559788,81.200185,0.0],[-19.561544,81.200192,0.0],[-19.561805,81.19858,0.0],[-19.563561,81.198587,0.0],[-19.563822,81.196975,0.0],[-19.565577,81.196981,0.0],[-19.565621,81.196713,0.0],[-19.567376,81.196719,0.0],[-19.567419,81.196451,0.0],[-19.577951,81.19649,0.0],[-19.577994,81.196222,0.0],[-19.581504,81.196235,0.0],[-19.581547,81.195966,0.0],[-19.583302,81.195973,0.0],[-19.583517,81.194629,0.0],[-19.581762,81.194623,0.0],[-19.581805,81.194354,0.0],[-19.58005,81.194347,0.0],[-19.580093,81.194079,0.0],[-19.571319,81.194046,0.0],[-19.571362,81.193777,0.0],[-19.567853,81.193764,0.0],[-19.567896,81.193495,0.0],[-19.566142,81.193488,0.0],[-19.566185,81.19322,0.0],[-19.56443,81.193213,0.0],[-19.564517,81.192676,0.0],[-19.562763,81.192669,0.0],[-19.562806,81.1924,0.0],[-19.561052,81.192394,0.0],[-19.561095,81.192125,0.0],[-19.555832,81.192105,0.0],[-19.555657,81.19318,0.0],[-19.553903,81.193173,0.0],[-19.553684,81.194516,0.0],[-19.551929,81.19451,0.0],[-19.551885,81.194778,0.0],[-19.549339,81.194769,0.0],[-19.548234,81.194361,0.0]],[[-19.485496,81.172204,0.0],[-19.487247,81.172211,0.0],[-19.487293,81.171942,0.0],[-19.485542,81.171935,0.0],[-19.485496,81.172204,0.0]],[[-19.5336,81.167286,0.0],[-19.535011,81.167291,0.0],[-19.535122,81.167023,0.0],[-19.533644,81.167017,0.0],[-19.5336,81.167286,0.0]],[[-19.487201,81.17248,0.0],[-19.487155,81.172748,0.0],[-19.488906,81.172755,0.0],[-19.488952,81.172487,0.0],[-19.487201,81.17248,0.0]],[[-19.608703,81.201981,0.0],[-19.612216,81.201994,0.0],[-19.6123,81.201457,0.0],[-19.608788,81.201444,0.0],[-19.608703,81.201981,0.0]],[[-19.634245,81.195891,0.0],[-19.636,81.195897,0.0],[-19.636082,81.19536,0.0],[-19.634327,81.195354,0.0],[-19.634245,81.195891,0.0]]]}},{"type":"Feature","properties":{"rgi_id":"RGI2000-v7.0-G-05-17439","o1region":"05"},"geometry":{"type":"Polygon","coordinates":[[[-19.721387,81.163936,0.0],[-19.721426,81.163667,0.0],[-19.719677,81.163661,0.0],[-19.719793,81.162855,0.0],[-19.718044,81.162849,0.0],[-19.718082,81.162581,0.0],[-19.716334,81.162575,0.0],[-19.716411,81.162037,0.0],[-19.714663,81.162031,0.0],[-19.71474,81.161494,0.0],[-19.712992,81.161488,0.0],[-19.713031,81.161219,0.0],[-19.711282,81.161213,0.0],[-19.711321,81.160945,0.0],[-19.709573,81.160939,0.0],[-19.70965,81.160401,0.0],[-19.707902,81.160395,0.0],[-19.707941,81.160127,0.0],[-19.706193,81.160121,0.0],[-19.706271,81.159583,0.0],[-19.704523,81.159577,0.0],[-19.70464,81.158771,0.0],[-19.702892,81.158765,0.0],[-19.702931,81.158497,0.0],[-19.701183,81.158491,0.0],[-19.701497,81.156341,0.0],[-19.701109,81.15634,0.0],[-19.701376,81.156281,0.0],[-19.71439,81.156918,0.0],[-19.718904,81.156871,0.0],[-19.718855,81.157207,0.0],[-19.720603,81.157213,0.0],[-19.720564,81.157481,0.0],[-19.722312,81.157487,0.0],[-19.722235,81.158025,0.0],[-19.723983,81.158031,0.0],[-19.723829,81.159105,0.0],[-19.725577,81.159111,0.0],[-19.725308,81.160992,0.0],[-19.727056,81.160998,0.0],[-19.726711,81.163416,0.0],[-19.724962,81.163411,0.0],[-19.724885,81.163948,0.0],[-19.721387,81.163936,0.0]]]}},{"type":"Feature","properties":{"rgi_id":"RGI2000-v7.0-G-05-17440","o1region":"05"},"geometry":{"type":"Polygon","coordinates":[[[-20.061794,81.129847,0.0],[-20.056352,81.130426,0.0],[-20.043981,81.131106,0.0],[-20.038551,81.131566,0.0],[-20.032352,81.132024,0.0],[-20.029226,81.132835,0.0],[-20.029252,81.132598,0.0],[-20.024023,81.132584,0.0],[-20.023994,81.132853,0.0],[-20.022251,81.132848,0.0],[-20.022222,81.133117,0.0],[-20.018735,81.133108,0.0],[-20.018706,81.133377,0.0],[-20.016963,81.133372,0.0],[-20.016992,81.133103,0.0],[-20.013506,81.133094,0.0],[-20.013536,81.132826,0.0],[-20.01005,81.132816,0.0],[-20.010109,81.132279,0.0],[-20.008366,81.132274,0.0],[-20.008426,81.131737,0.0],[-20.006683,81.131732,0.0],[-20.006743,81.131195,0.0],[-20.005,81.13119,0.0],[-20.00503,81.130921,0.0],[-20.003287,81.130917,0.0],[-20.003317,81.130648,0.0],[-20.001575,81.130644,0.0],[-20.001605,81.130375,0.0],[-19.998119,81.130366,0.0],[-19.99815,81.130097,0.0],[-19.996407,81.130092,0.0],[-19.996437,81.129823,0.0],[-19.99121,81.129809,0.0],[-19.99124,81.129541,0.0],[-19.989498,81.129536,0.0],[-19.989528,81.129267,0.0],[-19.987786,81.129263,0.0],[-19.987755,81.129531,0.0],[-19.986013,81.129527,0.0],[-19.985983,81.129795,0.0],[-19.98424,81.129791,0.0],[-19.98421,81.130059,0.0],[-19.982467,81.130055,0.0],[-19.982437,81.130323,0.0],[-19.980694,81.130319,0.0],[-19.980541,81.131662,0.0],[-19.978798,81.131658,0.0],[-19.978737,81.132195,0.0],[-19.976994,81.13219,0.0],[-19.976901,81.132996,0.0],[-19.975158,81.132992,0.0],[-19.975097,81.133529,0.0],[-19.973354,81.133524,0.0],[-19.973323,81.133793,0.0],[-19.969836,81.133784,0.0],[-19.969805,81.134052,0.0],[-19.966319,81.134043,0.0],[-19.966288,81.134311,0.0],[-19.964544,81.134307,0.0],[-19.964513,81.134575,0.0],[-19.96277,81.134571,0.0],[-19.962739,81.134839,0.0],[-19.960995,81.134834,0.0],[-19.960964,81.135103,0.0],[-19.959221,81.135098,0.0],[-19.959189,81.135367,0.0],[-19.957446,81.135362,0.0],[-19.957415,81.135631,0.0],[-19.955671,81.135626,0.0],[-19.95564,81.135895,0.0],[-19.952152,81.135885,0.0],[-19.952121,81.136154,0.0],[-19.94689,81.136139,0.0],[-19.946922,81.135871,0.0],[-19.945178,81.135866,0.0],[-19.945114,81.136403,0.0],[-19.943371,81.136398,0.0],[-19.943339,81.136667,0.0],[-19.939851,81.136657,0.0],[-19.93982,81.136926,0.0],[-19.938076,81.136921,0.0],[-19.938044,81.13719,0.0],[-19.9363,81.137185,0.0],[-19.936268,81.137453,0.0],[-19.934524,81.137449,0.0],[-19.934492,81.137717,0.0],[-19.932748,81.137712,0.0],[-19.932652,81.138518,0.0],[-19.930908,81.138513,0.0],[-19.930876,81.138782,0.0],[-19.923899,81.138762,0.0],[-19.923867,81.139031,0.0],[-19.922122,81.139026,0.0],[-19.92209,81.139295,0.0],[-19.920346,81.13929,0.0],[-19.920313,81.139558,0.0],[-19.918569,81.139553,0.0],[-19.918536,81.139822,0.0],[-19.916792,81.139817,0.0],[-19.916694,81.140623,0.0],[-19.918439,81.140628,0.0],[-19.918374,81.141166,0.0],[-19.920118,81.141171,0.0],[-19.920053,81.141708,0.0],[-19.921798,81.141713,0.0],[-19.921766,81.141982,0.0],[-19.92351,81.141987,0.0],[-19.923478,81.142256,0.0],[-19.925223,81.142261,0.0],[-19.925126,81.143067,0.0],[-19.923381,81.143062,0.0],[-19.923316,81.143599,0.0],[-19.921571,81.143594,0.0],[-19.921538,81.143863,0.0],[-19.919793,81.143858,0.0],[-19.919663,81.144933,0.0],[-19.917918,81.144928,0.0],[-19.917853,81.145465,0.0],[-19.914362,81.145455,0.0],[-19.914296,81.145993,0.0],[-19.912551,81.145988,0.0],[-19.912518,81.146256,0.0],[-19.909027,81.146246,0.0],[-19.908994,81.146515,0.0],[-19.905503,81.146505,0.0],[-19.905536,81.146236,0.0],[-19.898553,81.146216,0.0],[-19.898586,81.145947,0.0],[-19.896841,81.145942,0.0],[-19.896874,81.145673,0.0],[-19.895129,81.145668,0.0],[-19.895195,81.145131,0.0],[-19.89345,81.145125,0.0],[-19.893583,81.144051,0.0],[-19.891838,81.144045,0.0],[-19.892271,81.140552,0.0],[-19.897505,81.140568,0.0],[-19.897604,81.139761,0.0],[-19.899349,81.139767,0.0],[-19.899415,81.139229,0.0],[-19.901159,81.139234,0.0],[-19.901192,81.138966,0.0],[-19.902936,81.138971,0.0],[-19.903035,81.138164,0.0],[-19.904779,81.13817,0.0],[-19.904944,81.136826,0.0],[-19.9032,81.136821,0.0],[-19.903233,81.136552,0.0],[-19.901489,81.136547,0.0],[-19.901523,81.136278,0.0],[-19.899779,81.136273,0.0],[-19.899812,81.136005,0.0],[-19.898068,81.135999,0.0],[-19.898135,81.135462,0.0],[-19.901622,81.135472,0.0],[-19.901589,81.135741,0.0],[-19.905076,81.135751,0.0],[-19.905109,81.135482,0.0],[-19.906852,81.135487,0.0],[-19.906918,81.13495,0.0],[-19.908661,81.134955,0.0],[-19.908727,81.134418,0.0],[-19.91047,81.134423,0.0],[-19.910503,81.134154,0.0],[-19.912246,81.134159,0.0],[-19.912279,81.13389,0.0],[-19.914022,81.133895,0.0],[-19.91412,81.133089,0.0],[-19.912377,81.133084,0.0],[-19.912573,81.131472,0.0],[-19.91083,81.131467,0.0],[-19.910994,81.130123,0.0],[-19.909252,81.130118,0.0],[-19.909284,81.12985,0.0],[-19.907542,81.129844,0.0],[-19.907575,81.129576,0.0],[-19.905832,81.129571,0.0],[-19.905931,81.128765,0.0],[-19.904189,81.128759,0.0],[-19.904222,81.128491,0.0],[-19.90248,81.128486,0.0],[-19.902513,81.128217,0.0],[-19.899028,81.128207,0.0],[-19.898995,81.128475,0.0],[-19.897253,81.12847,0.0],[-19.897154,81.129277,0.0],[-19.895412,81.129271,0.0],[-19.895378,81.12954,0.0],[-19.893636,81.129535,0.0],[-19.893603,81.129804,0.0],[-19.89186,81.129799,0.0],[-19.891727,81.130873,0.0],[-19.889985,81.130868,0.0],[-19.889651,81.133555,0.0],[-19.891394,81.133561,0.0],[-19.891327,81.134098,0.0],[-19.893071,81.134103,0.0],[-19.893037,81.134372,0.0],[-19.894781,81.134377,0.0],[-19.894681,81.135183,0.0],[-19.892937,81.135178,0.0],[-19.892971,81.134909,0.0],[-19.889484,81.134899,0.0],[-19.889517,81.13463,0.0],[-19.886031,81.13462,0.0],[-19.886064,81.134351,0.0],[-19.877348,81.134325,0.0],[-19.877357,81.13425,0.0],[-19.872123,81.134268,0.0],[-19.872084,81.134578,0.0],[-19.868598,81.134568,0.0],[-19.868564,81.134837,0.0],[-19.86682,81.134831,0.0],[-19.866786,81.1351,0.0],[-19.865043,81.135095,0.0],[-19.865009,81.135364,0.0],[-19.862285,81.135355,0.0],[-19.861505,81.135485,0.0],[-19.861487,81.135622,0.0],[-19.860701,81.135619,0.0],[-19.859723,81.135782,0.0],[-19.859675,81.136154,0.0],[-19.857932,81.136149,0.0],[-19.857863,81.136686,0.0],[-19.856119,81.136681,0.0],[-19.856016,81.137487,0.0],[-19.854272,81.137482,0.0],[-19.854203,81.138019,0.0],[-19.852459,81.138014,0.0],[-19.852425,81.138282,0.0],[-19.850681,81.138277,0.0],[-19.850612,81.138814,0.0],[-19.848868,81.138809,0.0],[-19.848833,81.139078,0.0],[-19.847089,81.139072,0.0],[-19.846811,81.141222,0.0],[-19.845067,81.141217,0.0],[-19.845032,81.141485,0.0],[-19.843287,81.14148,0.0],[-19.843253,81.141749,0.0],[-19.841508,81.141743,0.0],[-19.841473,81.142012,0.0],[-19.837984,81.142001,0.0],[-19.838018,81.141733,0.0],[-19.836274,81.141727,0.0],[-19.836239,81.141996,0.0],[-19.834494,81.141991,0.0],[-19.834459,81.142259,0.0],[-19.832714,81.142254,0.0],[-19.832679,81.142523,0.0],[-19.830934,81.142517,0.0],[-19.830899,81.142786,0.0],[-19.829154,81.142781,0.0],[-19.829119,81.143049,0.0],[-19.825629,81.143038,0.0],[-19.825594,81.143307,0.0],[-19.823849,81.143302,0.0],[-19.823813,81.14357,0.0],[-19.822068,81.143565,0.0],[-19.821997,81.144102,0.0],[-19.820252,81.144097,0.0],[-19.820181,81.144634,0.0],[-19.818436,81.144629,0.0],[-19.8184,81.144897,0.0],[-19.816655,81.144892,0.0],[-19.81662,81.145161,0.0],[-19.814874,81.145155,0.0],[-19.814839,81.145424,0.0],[-19.813093,81.145418,0.0],[-19.813057,81.145687,0.0],[-19.811312,81.145682,0.0],[-19.811276,81.14595,0.0],[-19.809531,81.145945,0.0],[-19.809495,81.146214,0.0],[-19.807749,81.146208,0.0],[-19.807713,81.146477,0.0],[-19.805968,81.146471,0.0],[-19.805896,81.147009,0.0],[-19.80415,81.147003,0.0],[-19.804114,81.147272,0.0],[-19.798877,81.147255,0.0],[-19.798913,81.146986,0.0],[-19.795422,81.146975,0.0],[-19.795458,81.146707,0.0],[-19.791967,81.146695,0.0],[-19.792003,81.146427,0.0],[-19.790258,81.146421,0.0],[-19.790294,81.146152,0.0],[-19.788549,81.146147,0.0],[-19.788585,81.145878,0.0],[-19.78684,81.145872,0.0],[-19.786876,81.145604,0.0],[-19.785131,81.145598,0.0],[-19.785204,81.145061,0.0],[-19.784542,81.145059,0.0],[-19.781137,81.145282,0.0],[-19.769283,81.146641,0.0],[-19.766429,81.148527,0.0],[-19.761862,81.149699,0.0],[-19.761658,81.151167,0.0],[-19.759911,81.151161,0.0],[-19.759687,81.152773,0.0],[-19.75794,81.152768,0.0],[-19.757903,81.153036,0.0],[-19.756156,81.153031,0.0],[-19.756119,81.153299,0.0],[-19.752625,81.153288,0.0],[-19.752662,81.153019,0.0],[-19.750916,81.153013,0.0],[-19.750953,81.152745,0.0],[-19.749206,81.152739,0.0],[-19.749244,81.15247,0.0],[-19.745751,81.152458,0.0],[-19.745826,81.151921,0.0],[-19.745152,81.151919,0.0],[-19.743887,81.152045,0.0],[-19.736305,81.150623,0.0],[-19.732121,81.148114,0.0],[-19.729289,81.145951,0.0],[-19.729202,81.145951,0.0],[-19.729211,81.145892,0.0],[-19.728228,81.145141,0.0],[-19.727572,81.145139,0.0],[-19.72761,81.14487,0.0],[-19.725865,81.144865,0.0],[-19.726057,81.143521,0.0],[-19.724312,81.143515,0.0],[-19.724427,81.142709,0.0],[-19.722682,81.142703,0.0],[-19.722721,81.142434,0.0],[-19.719231,81.142423,0.0],[-19.71927,81.142154,0.0],[-19.717525,81.142148,0.0],[-19.717564,81.141879,0.0],[-19.715819,81.141873,0.0],[-19.715858,81.141605,0.0],[-19.714113,81.141599,0.0],[-19.71419,81.141061,0.0],[-19.712446,81.141055,0.0],[-19.712485,81.140787,0.0],[-19.714229,81.140793,0.0],[-19.714306,81.140255,0.0],[-19.716051,81.140261,0.0],[-19.716128,81.139724,0.0],[-19.717872,81.13973,0.0],[-19.717949,81.139192,0.0],[-19.719693,81.139198,0.0],[-19.719809,81.138392,0.0],[-19.721553,81.138398,0.0],[-19.72163,81.137861,0.0],[-19.723374,81.137867,0.0],[-19.72345,81.137329,0.0],[-19.725194,81.137335,0.0],[-19.725233,81.137066,0.0],[-19.725586,81.137068,0.0],[-19.725527,81.133573,0.0],[-19.723988,81.133568,0.0],[-19.724026,81.133299,0.0],[-19.722283,81.133293,0.0],[-19.722322,81.133024,0.0],[-19.720579,81.133018,0.0],[-19.720617,81.13275,0.0],[-19.718874,81.132744,0.0],[-19.718913,81.132475,0.0],[-19.71717,81.132469,0.0],[-19.717286,81.131663,0.0],[-19.719028,81.131669,0.0],[-19.719067,81.1314,0.0],[-19.720809,81.131406,0.0],[-19.720886,81.130869,0.0],[-19.722629,81.130875,0.0],[-19.722667,81.130606,0.0],[-19.726152,81.130618,0.0],[-19.72619,81.130349,0.0],[-19.727933,81.130355,0.0],[-19.727894,81.130624,0.0],[-19.728211,81.130625,0.0],[-19.733229,81.129884,0.0],[-19.733236,81.129835,0.0],[-19.733553,81.129836,0.0],[-19.734077,81.129759,0.0],[-19.735001,81.129682,0.0],[-19.735016,81.129572,0.0],[-19.736278,81.129577,0.0],[-19.736764,81.129536,0.0],[-19.736797,81.12931,0.0],[-19.738539,81.129315,0.0],[-19.738652,81.128509,0.0],[-19.740394,81.128515,0.0],[-19.740508,81.127709,0.0],[-19.74225,81.127715,0.0],[-19.742363,81.126909,0.0],[-19.744105,81.126915,0.0],[-19.744218,81.126109,0.0],[-19.74596,81.126114,0.0],[-19.746148,81.124771,0.0],[-19.744407,81.124765,0.0],[-19.744444,81.124496,0.0],[-19.742703,81.12449,0.0],[-19.742779,81.123953,0.0],[-19.741037,81.123947,0.0],[-19.741075,81.123679,0.0],[-19.739334,81.123673,0.0],[-19.739372,81.123404,0.0],[-19.737631,81.123398,0.0],[-19.737669,81.123129,0.0],[-19.735928,81.123124,0.0],[-19.735966,81.122855,0.0],[-19.734225,81.122849,0.0],[-19.734263,81.12258,0.0],[-19.730781,81.122569,0.0],[-19.730857,81.122031,0.0],[-19.729117,81.122025,0.0],[-19.729147,81.12181,0.0],[-19.728097,81.121755,0.0],[-19.727947,81.121753,0.0],[-19.727414,81.121751,0.0],[-19.727415,81.121743,0.0],[-19.710144,81.121423,0.0],[-19.708305,81.121417,0.0],[-19.708266,81.121685,0.0],[-19.706526,81.121679,0.0],[-19.706564,81.121411,0.0],[-19.703083,81.121399,0.0],[-19.703099,81.121292,0.0],[-19.701662,81.121266,0.0],[-19.694054,81.120241,0.0],[-19.685933,81.118317,0.0],[-19.679813,81.116,0.0],[-19.679476,81.113903,0.0],[-19.679805,81.11392,0.0],[-19.679943,81.112984,0.0],[-19.681682,81.11299,0.0],[-19.681722,81.112722,0.0],[-19.683461,81.112728,0.0],[-19.6835,81.112459,0.0],[-19.685239,81.112465,0.0],[-19.685318,81.111928,0.0],[-19.683579,81.111922,0.0],[-19.683697,81.111116,0.0],[-19.685436,81.111122,0.0],[-19.685475,81.110853,0.0],[-19.687214,81.110859,0.0],[-19.687253,81.11059,0.0],[-19.695946,81.110621,0.0],[-19.695907,81.11089,0.0],[-19.697646,81.110896,0.0],[-19.697606,81.111164,0.0],[-19.699345,81.11117,0.0],[-19.699306,81.111439,0.0],[-19.701045,81.111445,0.0],[-19.701006,81.111714,0.0],[-19.702745,81.11172,0.0],[-19.702706,81.111988,0.0],[-19.704444,81.111994,0.0],[-19.704367,81.112532,0.0],[-19.706106,81.112538,0.0],[-19.706028,81.113075,0.0],[-19.707767,81.113081,0.0],[-19.70769,81.113619,0.0],[-19.709429,81.113625,0.0],[-19.70939,81.113893,0.0],[-19.711129,81.113899,0.0],[-19.711091,81.114168,0.0],[-19.71283,81.114174,0.0],[-19.712791,81.114443,0.0],[-19.71627,81.114454,0.0],[-19.716231,81.114723,0.0],[-19.717971,81.114729,0.0],[-19.717932,81.114998,0.0],[-19.719671,81.115004,0.0],[-19.719633,81.115272,0.0],[-19.721373,81.115278,0.0],[-19.721296,81.115816,0.0],[-19.723035,81.115822,0.0],[-19.722997,81.11609,0.0],[-19.724737,81.116096,0.0],[-19.724726,81.116168,0.0],[-19.73598,81.116293,0.0],[-19.738409,81.117399,0.0],[-19.741956,81.117411,0.0],[-19.741982,81.11723,0.0],[-19.743722,81.117236,0.0],[-19.743759,81.116967,0.0],[-19.744055,81.116968,0.0],[-19.745063,81.116024,0.0],[-19.7535,81.115753,0.0],[-19.756092,81.115901,0.0],[-19.756125,81.115664,0.0],[-19.763083,81.115687,0.0],[-19.763046,81.115956,0.0],[-19.766525,81.115967,0.0],[-19.766562,81.115698,0.0],[-19.770041,81.11571,0.0],[-19.770078,81.115441,0.0],[-19.777036,81.115464,0.0],[-19.776999,81.115733,0.0],[-19.780479,81.115744,0.0],[-19.780442,81.116013,0.0],[-19.782182,81.116018,0.0],[-19.782145,81.116287,0.0],[-19.785625,81.116298,0.0],[-19.785588,81.116567,0.0],[-19.789068,81.116578,0.0],[-19.789031,81.116847,0.0],[-19.79599,81.116869,0.0],[-19.796027,81.116601,0.0],[-19.797766,81.116606,0.0],[-19.797875,81.1158,0.0],[-19.796135,81.115794,0.0],[-19.796207,81.115257,0.0],[-19.794468,81.115251,0.0],[-19.79454,81.114714,0.0],[-19.792801,81.114708,0.0],[-19.792873,81.114171,0.0],[-19.794612,81.114177,0.0],[-19.794649,81.113908,0.0],[-19.796388,81.113914,0.0],[-19.796424,81.113645,0.0],[-19.799902,81.113656,0.0],[-19.799866,81.113925,0.0],[-19.801605,81.11393,0.0],[-19.801573,81.114175,0.0],[-19.809933,81.11404,0.0],[-19.810291,81.114042,0.0],[-19.810302,81.113958,0.0],[-19.818998,81.113985,0.0],[-19.819033,81.113717,0.0],[-19.822512,81.113728,0.0],[-19.822547,81.113459,0.0],[-19.826026,81.11347,0.0],[-19.826061,81.113201,0.0],[-19.831278,81.113217,0.0],[-19.831313,81.112949,0.0],[-19.834791,81.112959,0.0],[-19.834826,81.112691,0.0],[-19.838304,81.112702,0.0],[-19.838339,81.112433,0.0],[-19.841817,81.112444,0.0],[-19.841852,81.112175,0.0],[-19.850547,81.112202,0.0],[-19.850581,81.111933,0.0],[-19.854059,81.111944,0.0],[-19.85399,81.112481,0.0],[-19.855729,81.112486,0.0],[-19.85566,81.113024,0.0],[-19.857399,81.113029,0.0],[-19.857365,81.113298,0.0],[-19.859104,81.113303,0.0],[-19.85907,81.113572,0.0],[-19.860809,81.113577,0.0],[-19.860775,81.113846,0.0],[-19.864254,81.113856,0.0],[-19.86422,81.114125,0.0],[-19.865959,81.11413,0.0],[-19.865942,81.114266,0.0],[-19.872637,81.113635,0.0],[-19.872981,81.113636,0.0],[-19.873018,81.113345,0.0],[-19.876496,81.113355,0.0],[-19.87653,81.113087,0.0],[-19.878269,81.113092,0.0],[-19.878303,81.112823,0.0],[-19.880042,81.112828,0.0],[-19.880075,81.11256,0.0],[-19.883553,81.11257,0.0],[-19.883587,81.112301,0.0],[-19.888804,81.112317,0.0],[-19.888837,81.112048,0.0],[-19.890576,81.112053,0.0],[-19.890609,81.111785,0.0],[-19.892348,81.11179,0.0],[-19.892381,81.111521,0.0],[-19.895859,81.111531,0.0],[-19.895892,81.111262,0.0],[-19.89937,81.111273,0.0],[-19.899403,81.111004,0.0],[-19.90288,81.111014,0.0],[-19.902913,81.110745,0.0],[-19.909868,81.110766,0.0],[-19.9099,81.110497,0.0],[-19.913378,81.110507,0.0],[-19.91341,81.110238,0.0],[-19.915412,81.110244,0.0],[-19.916366,81.109872,0.0],[-19.918815,81.108691,0.0],[-19.918853,81.108372,0.0],[-19.917115,81.108367,0.0],[-19.917439,81.10568,0.0],[-19.919177,81.105685,0.0],[-19.919209,81.105417,0.0],[-19.920947,81.105422,0.0],[-19.920979,81.105153,0.0],[-19.922717,81.105158,0.0],[-19.922749,81.104889,0.0],[-19.924487,81.104894,0.0],[-19.924519,81.104625,0.0],[-19.926257,81.10463,0.0],[-19.926289,81.104362,0.0],[-19.933239,81.104382,0.0],[-19.933271,81.104113,0.0],[-19.936745,81.104123,0.0],[-19.936714,81.104391,0.0],[-19.947139,81.104421,0.0],[-19.947107,81.10469,0.0],[-19.950582,81.104699,0.0],[-19.950551,81.104968,0.0],[-19.955763,81.104983,0.0],[-19.955732,81.105251,0.0],[-19.96442,81.105275,0.0],[-19.964389,81.105544,0.0],[-19.966127,81.105549,0.0],[-19.966104,81.105746,0.0],[-19.972383,81.10554,0.0],[-19.974819,81.105546,0.0],[-19.974846,81.105304,0.0],[-19.978322,81.105314,0.0],[-19.978352,81.105045,0.0],[-19.98009,81.10505,0.0],[-19.980121,81.104781,0.0],[-19.983596,81.10479,0.0],[-19.983626,81.104522,0.0],[-19.987101,81.104531,0.0],[-19.987132,81.104262,0.0],[-19.988869,81.104267,0.0],[-19.988899,81.103998,0.0],[-19.992374,81.104008,0.0],[-19.992404,81.103739,0.0],[-19.994142,81.103743,0.0],[-19.994172,81.103475,0.0],[-19.997647,81.103484,0.0],[-19.997677,81.103215,0.0],[-19.999414,81.10322,0.0],[-19.999444,81.102951,0.0],[-20.001181,81.102956,0.0],[-20.001241,81.102418,0.0],[-20.002978,81.102423,0.0],[-20.003008,81.102154,0.0],[-20.004745,81.102159,0.0],[-20.004805,81.101621,0.0],[-20.006542,81.101626,0.0],[-20.006631,81.10082,0.0],[-20.008368,81.100825,0.0],[-20.008397,81.100556,0.0],[-20.006661,81.100551,0.0],[-20.00678,81.099476,0.0],[-20.010253,81.099486,0.0],[-20.010246,81.099544,0.0],[-20.010535,81.098957,0.0],[-20.013801,81.098566,0.0],[-20.013828,81.098565,0.0],[-20.013844,81.09842,0.0],[-20.01558,81.098424,0.0],[-20.01561,81.098156,0.0],[-20.017346,81.09816,0.0],[-20.017376,81.097891,0.0],[-20.019112,81.097896,0.0],[-20.019141,81.097627,0.0],[-20.020877,81.097632,0.0],[-20.020995,81.096557,0.0],[-20.022731,81.096561,0.0],[-20.02276,81.096293,0.0],[-20.024496,81.096297,0.0],[-20.024525,81.096029,0.0],[-20.026261,81.096033,0.0],[-20.02629,81.095764,0.0],[-20.029762,81.095773,0.0],[-20.029791,81.095505,0.0],[-20.033262,81.095514,0.0],[-20.033291,81.095245,0.0],[-20.050649,81.095289,0.0],[-20.050621,81.095558,0.0],[-20.054092,81.095567,0.0],[-20.054064,81.095835,0.0],[-20.061008,81.095853,0.0],[-20.060979,81.096122,0.0],[-20.062715,81.096126,0.0],[-20.062687,81.096395,0.0],[-20.064423,81.096399,0.0],[-20.064367,81.096937,0.0],[-20.066103,81.096941,0.0],[-20.066047,81.097478,0.0],[-20.067784,81.097483,0.0],[-20.067756,81.097751,0.0],[-20.069492,81.097756,0.0],[-20.069449,81.098168,0.0],[-20.071866,81.098216,0.0],[-20.078106,81.100227,0.0],[-20.091628,81.102116,0.0],[-20.091628,81.102111,0.0],[-20.093366,81.102115,0.0],[-20.093341,81.102356,0.0],[-20.093367,81.102359,0.0],[-20.093446,81.102384,0.0],[-20.096813,81.102392,0.0],[-20.096786,81.102661,0.0],[-20.098523,81.102665,0.0],[-20.098496,81.102934,0.0],[-20.100233,81.102938,0.0],[-20.100206,81.103207,0.0],[-20.105418,81.103219,0.0],[-20.105391,81.103488,0.0],[-20.108866,81.103496,0.0],[-20.108839,81.103765,0.0],[-20.114052,81.103777,0.0],[-20.114025,81.104046,0.0],[-20.119238,81.104058,0.0],[-20.119264,81.103789,0.0],[-20.122739,81.103798,0.0],[-20.122765,81.103529,0.0],[-20.12624,81.103537,0.0],[-20.126214,81.103806,0.0],[-20.127951,81.10381,0.0],[-20.127925,81.104079,0.0],[-20.129663,81.104083,0.0],[-20.129637,81.104351,0.0],[-20.131374,81.104355,0.0],[-20.131218,81.105968,0.0],[-20.12948,81.105964,0.0],[-20.129428,81.106501,0.0],[-20.12769,81.106497,0.0],[-20.127664,81.106766,0.0],[-20.125926,81.106762,0.0],[-20.125873,81.107299,0.0],[-20.124135,81.107295,0.0],[-20.124109,81.107564,0.0],[-20.122371,81.10756,0.0],[-20.122318,81.108097,0.0],[-20.12058,81.108093,0.0],[-20.120395,81.109974,0.0],[-20.122134,81.109978,0.0],[-20.122055,81.110785,0.0],[-20.123794,81.110789,0.0],[-20.123768,81.111057,0.0],[-20.125506,81.111061,0.0],[-20.125481,81.111327,0.0],[-20.130496,81.111926,0.0],[-20.12721,81.112518,0.0],[-20.120108,81.112501,0.0],[-20.116663,81.112559,0.0],[-20.116627,81.112922,0.0],[-20.114888,81.112918,0.0],[-20.114834,81.113456,0.0],[-20.113095,81.113452,0.0],[-20.113042,81.113989,0.0],[-20.111302,81.113985,0.0],[-20.111276,81.114254,0.0],[-20.109536,81.114249,0.0],[-20.109483,81.114787,0.0],[-20.107743,81.114783,0.0],[-20.10769,81.11532,0.0],[-20.10595,81.115316,0.0],[-20.105923,81.115585,0.0],[-20.104184,81.115581,0.0],[-20.104157,81.115849,0.0],[-20.102417,81.115845,0.0],[-20.10239,81.116114,0.0],[-20.10065,81.11611,0.0],[-20.100623,81.116379,0.0],[-20.097143,81.11637,0.0],[-20.097116,81.116639,0.0],[-20.095376,81.116635,0.0],[-20.095349,81.116903,0.0],[-20.086649,81.116882,0.0],[-20.086622,81.117151,0.0],[-20.081402,81.117138,0.0],[-20.081374,81.117407,0.0],[-20.078041,81.117399,0.0],[-20.077344,81.118204,0.0],[-20.077811,81.118205,0.0],[-20.077756,81.118742,0.0],[-20.079496,81.118747,0.0],[-20.079441,81.119284,0.0],[-20.0777,81.11928,0.0],[-20.07759,81.120355,0.0],[-20.075849,81.12035,0.0],[-20.075793,81.120888,0.0],[-20.074053,81.120884,0.0],[-20.074025,81.121152,0.0],[-20.072284,81.121148,0.0],[-20.072117,81.12276,0.0],[-20.070376,81.122756,0.0],[-20.070292,81.123562,0.0],[-20.072033,81.123567,0.0],[-20.071755,81.126254,0.0],[-20.070013,81.126249,0.0],[-20.069929,81.127056,0.0],[-20.068187,81.127051,0.0],[-20.067991,81.128932,0.0],[-20.069733,81.128937,0.0],[-20.069679,81.129463,0.0],[-20.061794,81.129847,0.0]],[[-19.987816,81.128994,0.0],[-19.986074,81.128989,0.0],[-19.986043,81.129258,0.0],[-19.987786,81.129263,0.0],[-19.987816,81.128994,0.0]],[[-19.836309,81.141459,0.0],[-19.835132,81.141455,0.0],[-19.834541,81.141628,0.0],[-19.834529,81.141722,0.0],[-19.836274,81.141727,0.0],[-19.836309,81.141459,0.0]],[[-19.986115,81.128625,0.0],[-19.985683,81.128719,0.0],[-19.986104,81.128721,0.0],[-19.986115,81.128625,0.0]],[[-20.11863,81.110239,0.0],[-20.118499,81.110239,0.0],[-20.118626,81.110279,0.0],[-20.11863,81.110239,0.0]],[[-20.116945,81.109697,0.0],[-20.116769,81.109697,0.0],[-20.116939,81.10975,0.0],[-20.116945,81.109697,0.0]],[[-20.115259,81.109156,0.0],[-20.11504,81.109155,0.0],[-20.115253,81.109222,0.0],[-20.115259,81.109156,0.0]]]}},{"type":"Feature","properties":{"rgi_id":"RGI2000-v7.0-G-05-17441","o1region":"05"},"geometry":{"type":"Polygon","coordinates":[[[-19.79428,81.107179,0.0],[-19.794495,81.106913,0.0],[-19.792771,81.106879,0.0],[-19.792986,81.106613,0.0],[-19.791262,81.10658,0.0],[-19.791693,81.106046,0.0],[-19.789968,81.106013,0.0],[-19.791477,81.104146,0.0],[-19.789753,81.104113,0.0],[-19.790399,81.103313,0.0],[-19.783504,81.10318,0.0],[-19.783719,81.102913,0.0],[-19.778548,81.102813,0.0],[-19.778764,81.102546,0.0],[-19.77704,81.102513,0.0],[-19.777472,81.10198,0.0],[-19.775748,81.101946,0.0],[-19.77618,81.101413,0.0],[-19.774457,81.10138,0.0],[-19.774888,81.100847,0.0],[-19.773165,81.100813,0.0],[-19.773381,81.100547,0.0],[-19.771658,81.100513,0.0],[-19.77209,81.09998,0.0],[-19.770367,81.099946,0.0],[-19.770582,81.09968,0.0],[-19.768859,81.099646,0.0],[-19.769075,81.09938,0.0],[-19.767352,81.099346,0.0],[-19.767136,81.099613,0.0],[-19.76369,81.099546,0.0],[-19.763906,81.099279,0.0],[-19.762184,81.099246,0.0],[-19.762616,81.098713,0.0],[-19.764339,81.098746,0.0],[-19.764123,81.099013,0.0],[-19.765846,81.099046,0.0],[-19.766278,81.098513,0.0],[-19.768,81.098546,0.0],[-19.771886,81.093747,0.0],[-19.770164,81.093714,0.0],[-19.771027,81.092647,0.0],[-19.769306,81.092614,0.0],[-19.770384,81.091281,0.0],[-19.772106,81.091314,0.0],[-19.772537,81.090781,0.0],[-19.774259,81.090814,0.0],[-19.774474,81.090548,0.0],[-19.78136,81.090681,0.0],[-19.781144,81.090948,0.0],[-19.782866,81.090981,0.0],[-19.78265,81.091248,0.0],[-19.784372,81.091281,0.0],[-19.784156,81.091548,0.0],[-19.785878,81.091581,0.0],[-19.785663,81.091848,0.0],[-19.787384,81.091881,0.0],[-19.787169,81.092148,0.0],[-19.788891,81.092181,0.0],[-19.78846,81.092714,0.0],[-19.790182,81.092748,0.0],[-19.789967,81.093014,0.0],[-19.791689,81.093048,0.0],[-19.791043,81.093848,0.0],[-19.792765,81.093881,0.0],[-19.792335,81.094414,0.0],[-19.794057,81.094447,0.0],[-19.793627,81.094981,0.0],[-19.795349,81.095014,0.0],[-19.794704,81.095814,0.0],[-19.796426,81.095847,0.0],[-19.795781,81.096647,0.0],[-19.797503,81.096681,0.0],[-19.796858,81.09748,0.0],[-19.798581,81.097514,0.0],[-19.798366,81.09778,0.0],[-19.800089,81.097814,0.0],[-19.799659,81.098347,0.0],[-19.801382,81.09838,0.0],[-19.800952,81.098914,0.0],[-19.802675,81.098947,0.0],[-19.80203,81.099747,0.0],[-19.805476,81.099813,0.0],[-19.805261,81.10008,0.0],[-19.806984,81.100113,0.0],[-19.806769,81.10038,0.0],[-19.810216,81.100446,0.0],[-19.810001,81.100713,0.0],[-19.811725,81.100746,0.0],[-19.81151,81.101013,0.0],[-19.81668,81.101112,0.0],[-19.816466,81.101379,0.0],[-19.82336,81.101512,0.0],[-19.822717,81.102312,0.0],[-19.817546,81.102212,0.0],[-19.817331,81.102479,0.0],[-19.815607,81.102446,0.0],[-19.815393,81.102712,0.0],[-19.813669,81.102679,0.0],[-19.813454,81.102946,0.0],[-19.81173,81.102913,0.0],[-19.811515,81.103179,0.0],[-19.809792,81.103146,0.0],[-19.807642,81.105812,0.0],[-19.805918,81.105779,0.0],[-19.805488,81.106313,0.0],[-19.803763,81.106279,0.0],[-19.803548,81.106546,0.0],[-19.801824,81.106513,0.0],[-19.801393,81.107046,0.0],[-19.799669,81.107013,0.0],[-19.799454,81.107279,0.0],[-19.79428,81.107179,0.0]]]}},{"type":"Feature","properties":{"rgi_id":"RGI2000-v7.0-G-05-17442","o1region":"05"},"geometry":{"type":"Polygon","coordinates":[[[-19.596506,81.068054,0.0],[-19.596548,81.067785,0.0],[-19.591358,81.067766,0.0],[-19.5914,81.067497,0.0],[-19.587939,81.067484,0.0],[-19.587981,81.067215,0.0],[-19.581061,81.067189,0.0],[-19.581104,81.06692,0.0],[-19.579374,81.066914,0.0],[-19.579585,81.06557,0.0],[-19.577856,81.065564,0.0],[-19.57794,81.065027,0.0],[-19.574481,81.065013,0.0],[-19.574566,81.064476,0.0],[-19.576296,81.064483,0.0],[-19.576338,81.064214,0.0],[-19.578068,81.06422,0.0],[-19.57811,81.063952,0.0],[-19.57984,81.063958,0.0],[-19.579882,81.06369,0.0],[-19.58507,81.063709,0.0],[-19.585112,81.063441,0.0],[-19.586842,81.063447,0.0],[-19.586884,81.063179,0.0],[-19.588613,81.063185,0.0],[-19.588655,81.062916,0.0],[-19.590384,81.062923,0.0],[-19.590469,81.062386,0.0],[-19.592198,81.062392,0.0],[-19.59224,81.062123,0.0],[-19.593969,81.06213,0.0],[-19.594053,81.061593,0.0],[-19.595782,81.061599,0.0],[-19.595823,81.06133,0.0],[-19.60101,81.06135,0.0],[-19.601052,81.061081,0.0],[-19.606239,81.061101,0.0],[-19.60628,81.060832,0.0],[-19.608009,81.060838,0.0],[-19.608051,81.06057,0.0],[-19.614966,81.060595,0.0],[-19.615007,81.060327,0.0],[-19.618465,81.06034,0.0],[-19.618424,81.060608,0.0],[-19.620152,81.060615,0.0],[-19.62007,81.061152,0.0],[-19.621799,81.061158,0.0],[-19.621717,81.061696,0.0],[-19.623446,81.061702,0.0],[-19.623364,81.06224,0.0],[-19.625093,81.062246,0.0],[-19.62497,81.063052,0.0],[-19.626699,81.063058,0.0],[-19.626658,81.063327,0.0],[-19.624929,81.063321,0.0],[-19.624888,81.063589,0.0],[-19.626617,81.063596,0.0],[-19.626535,81.064133,0.0],[-19.624806,81.064127,0.0],[-19.624765,81.064395,0.0],[-19.623035,81.064389,0.0],[-19.622994,81.064658,0.0],[-19.621265,81.064651,0.0],[-19.621141,81.065457,0.0],[-19.619412,81.065451,0.0],[-19.619329,81.065988,0.0],[-19.617599,81.065982,0.0],[-19.617558,81.066251,0.0],[-19.614098,81.066238,0.0],[-19.614057,81.066507,0.0],[-19.612327,81.0665,0.0],[-19.612286,81.066769,0.0],[-19.610556,81.066762,0.0],[-19.610473,81.0673,0.0],[-19.608743,81.067293,0.0],[-19.608701,81.067562,0.0],[-19.606971,81.067556,0.0],[-19.606929,81.067824,0.0],[-19.605199,81.067818,0.0],[-19.605158,81.068086,0.0],[-19.596506,81.068054,0.0]]]}},{"type":"Feature","properties":{"rgi_id":"RGI2000-v7.0-G-05-17443","o1region":"05"},"geometry":{"type":"Polygon","coordinates":[[[-19.398148,81.044402,0.0],[-19.398196,81.044134,0.0],[-19.39647,81.044126,0.0],[-19.396709,81.042783,0.0],[-19.394983,81.042775,0.0],[-19.395079,81.042238,0.0],[-19.393354,81.042231,0.0],[-19.393402,81.041962,0.0],[-19.391677,81.041955,0.0],[-19.391724,81.041686,0.0],[-19.389999,81.041679,0.0],[-19.390047,81.04141,0.0],[-19.388322,81.041402,0.0],[-19.38837,81.041134,0.0],[-19.38492,81.041119,0.0],[-19.384968,81.04085,0.0],[-19.381519,81.040835,0.0],[-19.381567,81.040566,0.0],[-19.378117,81.040551,0.0],[-19.378165,81.040283,0.0],[-19.376441,81.040275,0.0],[-19.376489,81.040007,0.0],[-19.374764,81.039999,0.0],[-19.374813,81.03973,0.0],[-19.373088,81.039723,0.0],[-19.373136,81.039454,0.0],[-19.371412,81.039447,0.0],[-19.371509,81.038909,0.0],[-19.369784,81.038902,0.0],[-19.369881,81.038365,0.0],[-19.371605,81.038372,0.0],[-19.371654,81.038103,0.0],[-19.376827,81.038126,0.0],[-19.376779,81.038395,0.0],[-19.381952,81.038417,0.0],[-19.382,81.038149,0.0],[-19.387173,81.038171,0.0],[-19.387221,81.037902,0.0],[-19.39067,81.037917,0.0],[-19.390622,81.038186,0.0],[-19.392346,81.038193,0.0],[-19.392298,81.038462,0.0],[-19.394023,81.03847,0.0],[-19.393975,81.038738,0.0],[-19.395699,81.038746,0.0],[-19.395652,81.039014,0.0],[-19.397376,81.039022,0.0],[-19.397281,81.039559,0.0],[-19.399006,81.039566,0.0],[-19.398958,81.039835,0.0],[-19.400683,81.039843,0.0],[-19.400587,81.04038,0.0],[-19.402312,81.040387,0.0],[-19.402217,81.040925,0.0],[-19.403942,81.040932,0.0],[-19.403847,81.041469,0.0],[-19.402122,81.041462,0.0],[-19.401647,81.044148,0.0],[-19.399921,81.044141,0.0],[-19.399874,81.04441,0.0],[-19.398148,81.044402,0.0]]]}},{"type":"Feature","properties":{"rgi_id":"RGI2000-v7.0-G-05-17444","o1region":"05"},"geometry":{"type":"Polygon","coordinates":[[[-19.317624,81.050231,0.0],[-19.317674,81.049963,0.0],[-19.305588,81.049908,0.0],[-19.305538,81.050177,0.0],[-19.298632,81.050145,0.0],[-19.298682,81.049877,0.0],[-19.291776,81.049845,0.0],[-19.291827,81.049576,0.0],[-19.290101,81.049568,0.0],[-19.290203,81.049031,0.0],[-19.291929,81.049039,0.0],[-19.29198,81.04877,0.0],[-19.293706,81.048778,0.0],[-19.293757,81.04851,0.0],[-19.295483,81.048517,0.0],[-19.295534,81.048249,0.0],[-19.29726,81.048257,0.0],[-19.297311,81.047988,0.0],[-19.299037,81.047996,0.0],[-19.299088,81.047727,0.0],[-19.300814,81.047735,0.0],[-19.300864,81.047467,0.0],[-19.30259,81.047474,0.0],[-19.302641,81.047206,0.0],[-19.307819,81.047229,0.0],[-19.307869,81.046961,0.0],[-19.309595,81.046969,0.0],[-19.309645,81.0467,0.0],[-19.311371,81.046708,0.0],[-19.311522,81.045902,0.0],[-19.313248,81.04591,0.0],[-19.313399,81.045104,0.0],[-19.315124,81.045111,0.0],[-19.315174,81.044843,0.0],[-19.3169,81.044851,0.0],[-19.31695,81.044582,0.0],[-19.320401,81.044598,0.0],[-19.320451,81.044329,0.0],[-19.322176,81.044337,0.0],[-19.322226,81.044068,0.0],[-19.323952,81.044076,0.0],[-19.324002,81.043807,0.0],[-19.325727,81.043815,0.0],[-19.325777,81.043546,0.0],[-19.327502,81.043554,0.0],[-19.327552,81.043285,0.0],[-19.329277,81.043293,0.0],[-19.329327,81.043024,0.0],[-19.331052,81.043032,0.0],[-19.331102,81.042764,0.0],[-19.332827,81.042771,0.0],[-19.332877,81.042503,0.0],[-19.334602,81.04251,0.0],[-19.334701,81.041973,0.0],[-19.332976,81.041965,0.0],[-19.333025,81.041697,0.0],[-19.3313,81.041689,0.0],[-19.33135,81.04142,0.0],[-19.329625,81.041413,0.0],[-19.329675,81.041144,0.0],[-19.32795,81.041136,0.0],[-19.328049,81.040599,0.0],[-19.329774,81.040607,0.0],[-19.329824,81.040338,0.0],[-19.331549,81.040346,0.0],[-19.331648,81.039808,0.0],[-19.329923,81.039801,0.0],[-19.329973,81.039532,0.0],[-19.328248,81.039524,0.0],[-19.328348,81.038987,0.0],[-19.330072,81.038995,0.0],[-19.330221,81.038189,0.0],[-19.328497,81.038181,0.0],[-19.328646,81.037375,0.0],[-19.326922,81.037367,0.0],[-19.327021,81.03683,0.0],[-19.328745,81.036838,0.0],[-19.328795,81.036569,0.0],[-19.330519,81.036577,0.0],[-19.330569,81.036308,0.0],[-19.332293,81.036316,0.0],[-19.332342,81.036047,0.0],[-19.334066,81.036055,0.0],[-19.334165,81.035518,0.0],[-19.335889,81.035525,0.0],[-19.335988,81.034988,0.0],[-19.339435,81.035004,0.0],[-19.339485,81.034735,0.0],[-19.344656,81.034758,0.0],[-19.344606,81.035027,0.0],[-19.34633,81.035034,0.0],[-19.346281,81.035303,0.0],[-19.348005,81.035311,0.0],[-19.347956,81.035579,0.0],[-19.353127,81.035602,0.0],[-19.352882,81.036945,0.0],[-19.354606,81.036953,0.0],[-19.354558,81.037222,0.0],[-19.352833,81.037214,0.0],[-19.352686,81.03802,0.0],[-19.354411,81.038028,0.0],[-19.354362,81.038296,0.0],[-19.356086,81.038304,0.0],[-19.355988,81.038841,0.0],[-19.354264,81.038834,0.0],[-19.354215,81.039102,0.0],[-19.35249,81.039095,0.0],[-19.352392,81.039632,0.0],[-19.350668,81.039624,0.0],[-19.350472,81.040699,0.0],[-19.352196,81.040707,0.0],[-19.351804,81.042856,0.0],[-19.350079,81.042848,0.0],[-19.349932,81.043654,0.0],[-19.351657,81.043662,0.0],[-19.351314,81.045542,0.0],[-19.349588,81.045535,0.0],[-19.349539,81.045803,0.0],[-19.346087,81.045788,0.0],[-19.346038,81.046057,0.0],[-19.344312,81.046049,0.0],[-19.344263,81.046318,0.0],[-19.342537,81.04631,0.0],[-19.342488,81.046579,0.0],[-19.340762,81.046571,0.0],[-19.340564,81.047646,0.0],[-19.338838,81.047638,0.0],[-19.338789,81.047906,0.0],[-19.337063,81.047899,0.0],[-19.337013,81.048167,0.0],[-19.335287,81.04816,0.0],[-19.335237,81.048428,0.0],[-19.333511,81.048421,0.0],[-19.333412,81.048958,0.0],[-19.331685,81.04895,0.0],[-19.331636,81.049219,0.0],[-19.329909,81.049211,0.0],[-19.32986,81.04948,0.0],[-19.328133,81.049472,0.0],[-19.328034,81.050009,0.0],[-19.326307,81.050002,0.0],[-19.326257,81.05027,0.0],[-19.317624,81.050231,0.0]]]}},{"type":"Feature","properties":{"rgi_id":"RGI2000-v7.0-G-05-17445","o1region":"05"},"geometry":{"type":"Polygon","coordinates":[[[-19.300043,81.033481,0.0],[-19.300094,81.033213,0.0],[-19.298371,81.033205,0.0],[-19.298421,81.032936,0.0],[-19.296698,81.032928,0.0],[-19.296799,81.032391,0.0],[-19.298522,81.032399,0.0],[-19.298623,81.031861,0.0],[-19.300346,81.031869,0.0],[-19.300447,81.031332,0.0],[-19.30217,81.03134,0.0],[-19.302271,81.030803,0.0],[-19.303994,81.03081,0.0],[-19.304045,81.030542,0.0],[-19.305767,81.03055,0.0],[-19.305868,81.030012,0.0],[-19.307591,81.03002,0.0],[-19.307641,81.029752,0.0],[-19.309364,81.029759,0.0],[-19.309464,81.029222,0.0],[-19.311187,81.02923,0.0],[-19.311237,81.028961,0.0],[-19.31296,81.028969,0.0],[-19.31301,81.0287,0.0],[-19.314732,81.028708,0.0],[-19.314782,81.02844,0.0],[-19.31306,81.028432,0.0],[-19.31321,81.027626,0.0],[-19.314932,81.027634,0.0],[-19.314982,81.027365,0.0],[-19.318427,81.027381,0.0],[-19.318477,81.027112,0.0],[-19.320199,81.02712,0.0],[-19.320249,81.026851,0.0],[-19.321971,81.026859,0.0],[-19.321921,81.027128,0.0],[-19.323643,81.027135,0.0],[-19.323594,81.027404,0.0],[-19.321871,81.027396,0.0],[-19.321822,81.027665,0.0],[-19.320099,81.027657,0.0],[-19.320049,81.027926,0.0],[-19.318327,81.027918,0.0],[-19.318127,81.028993,0.0],[-19.31985,81.029,0.0],[-19.3198,81.029269,0.0],[-19.323245,81.029285,0.0],[-19.323195,81.029553,0.0],[-19.324918,81.029561,0.0],[-19.324868,81.02983,0.0],[-19.326591,81.029837,0.0],[-19.326541,81.030106,0.0],[-19.333432,81.030137,0.0],[-19.333383,81.030406,0.0],[-19.336828,81.030421,0.0],[-19.336779,81.03069,0.0],[-19.340225,81.030705,0.0],[-19.340175,81.030974,0.0],[-19.343621,81.030989,0.0],[-19.343572,81.031258,0.0],[-19.345295,81.031265,0.0],[-19.345246,81.031534,0.0],[-19.343523,81.031526,0.0],[-19.343474,81.031795,0.0],[-19.338304,81.031772,0.0],[-19.338354,81.031503,0.0],[-19.336631,81.031496,0.0],[-19.33668,81.031227,0.0],[-19.329788,81.031196,0.0],[-19.329739,81.031465,0.0],[-19.328015,81.031457,0.0],[-19.327767,81.0328,0.0],[-19.326044,81.032793,0.0],[-19.325994,81.033061,0.0],[-19.324271,81.033053,0.0],[-19.324221,81.033322,0.0],[-19.315604,81.033283,0.0],[-19.315654,81.033014,0.0],[-19.305314,81.032968,0.0],[-19.305264,81.033236,0.0],[-19.301817,81.03322,0.0],[-19.301767,81.033489,0.0],[-19.300043,81.033481,0.0]]]}},{"type":"Feature","properties":{"rgi_id":"RGI2000-v7.0-G-05-17446","o1region":"05"},"geometry":{"type":"Polygon","coordinates":[[[-19.43238,81.036213,0.0],[-19.432427,81.035945,0.0],[-19.427255,81.035923,0.0],[-19.427302,81.035654,0.0],[-19.425578,81.035647,0.0],[-19.425624,81.035378,0.0],[-19.423901,81.035371,0.0],[-19.423947,81.035102,0.0],[-19.422224,81.035095,0.0],[-19.422271,81.034826,0.0],[-19.420547,81.034819,0.0],[-19.420594,81.03455,0.0],[-19.41887,81.034543,0.0],[-19.418917,81.034274,0.0],[-19.41547,81.03426,0.0],[-19.415517,81.033991,0.0],[-19.413793,81.033984,0.0],[-19.41384,81.033715,0.0],[-19.412117,81.033708,0.0],[-19.412164,81.033439,0.0],[-19.410441,81.033432,0.0],[-19.410535,81.032894,0.0],[-19.408812,81.032887,0.0],[-19.408859,81.032618,0.0],[-19.407136,81.032611,0.0],[-19.40723,81.032074,0.0],[-19.405507,81.032066,0.0],[-19.405602,81.031529,0.0],[-19.403879,81.031521,0.0],[-19.403926,81.031253,0.0],[-19.402203,81.031245,0.0],[-19.402536,81.029365,0.0],[-19.400813,81.029357,0.0],[-19.40086,81.029089,0.0],[-19.399138,81.029081,0.0],[-19.399185,81.028813,0.0],[-19.397463,81.028805,0.0],[-19.397474,81.028743,0.0],[-19.39529,81.028696,0.0],[-19.386194,81.028656,0.0],[-19.376004,81.029085,0.0],[-19.364887,81.029037,0.0],[-19.353656,81.029618,0.0],[-19.341586,81.029249,0.0],[-19.337746,81.028128,0.0],[-19.339998,81.026876,0.0],[-19.349034,81.027231,0.0],[-19.359224,81.026803,0.0],[-19.367449,81.026051,0.0],[-19.375676,81.025329,0.0],[-19.375697,81.025215,0.0],[-19.373975,81.025208,0.0],[-19.37412,81.024402,0.0],[-19.377563,81.024417,0.0],[-19.377515,81.024686,0.0],[-19.379237,81.024693,0.0],[-19.379188,81.024962,0.0],[-19.382632,81.024977,0.0],[-19.382584,81.025246,0.0],[-19.391194,81.025283,0.0],[-19.391146,81.025552,0.0],[-19.399756,81.025589,0.0],[-19.399708,81.025857,0.0],[-19.408318,81.025894,0.0],[-19.408271,81.026163,0.0],[-19.411715,81.026178,0.0],[-19.411762,81.025909,0.0],[-19.413484,81.025916,0.0],[-19.413531,81.025648,0.0],[-19.415253,81.025655,0.0],[-19.415301,81.025386,0.0],[-19.422188,81.025416,0.0],[-19.422141,81.025684,0.0],[-19.423863,81.025692,0.0],[-19.423817,81.02596,0.0],[-19.425539,81.025968,0.0],[-19.425492,81.026236,0.0],[-19.427214,81.026244,0.0],[-19.427261,81.025975,0.0],[-19.430705,81.02599,0.0],[-19.430752,81.025721,0.0],[-19.434196,81.025735,0.0],[-19.434242,81.025467,0.0],[-19.435964,81.025474,0.0],[-19.436011,81.025205,0.0],[-19.437732,81.025213,0.0],[-19.437779,81.024944,0.0],[-19.439501,81.024951,0.0],[-19.439547,81.024682,0.0],[-19.444713,81.024704,0.0],[-19.444759,81.024435,0.0],[-19.446481,81.024443,0.0],[-19.446803,81.022562,0.0],[-19.445082,81.022555,0.0],[-19.44522,81.021749,0.0],[-19.443499,81.021742,0.0],[-19.443545,81.021473,0.0],[-19.440103,81.021458,0.0],[-19.440149,81.02119,0.0],[-19.428101,81.021139,0.0],[-19.428148,81.02087,0.0],[-19.422984,81.020848,0.0],[-19.423031,81.02058,0.0],[-19.42131,81.020573,0.0],[-19.421357,81.020304,0.0],[-19.419636,81.020297,0.0],[-19.419683,81.020028,0.0],[-19.417962,81.020021,0.0],[-19.418009,81.019752,0.0],[-19.416288,81.019745,0.0],[-19.416335,81.019476,0.0],[-19.411173,81.019454,0.0],[-19.41122,81.019185,0.0],[-19.409499,81.019178,0.0],[-19.409593,81.01864,0.0],[-19.407873,81.018633,0.0],[-19.407967,81.018096,0.0],[-19.406247,81.018088,0.0],[-19.406341,81.017551,0.0],[-19.404621,81.017544,0.0],[-19.405047,81.015126,0.0],[-19.406767,81.015133,0.0],[-19.406814,81.014864,0.0],[-19.408534,81.014872,0.0],[-19.408628,81.014335,0.0],[-19.410348,81.014342,0.0],[-19.410395,81.014073,0.0],[-19.412115,81.014081,0.0],[-19.412162,81.013812,0.0],[-19.413882,81.013819,0.0],[-19.413976,81.013282,0.0],[-19.415696,81.013289,0.0],[-19.415742,81.013021,0.0],[-19.417462,81.013028,0.0],[-19.417556,81.012491,0.0],[-19.419275,81.012498,0.0],[-19.419322,81.012229,0.0],[-19.421042,81.012237,0.0],[-19.421089,81.011968,0.0],[-19.424527,81.011983,0.0],[-19.424574,81.011714,0.0],[-19.426293,81.011721,0.0],[-19.42634,81.011453,0.0],[-19.428059,81.01146,0.0],[-19.428106,81.011191,0.0],[-19.431545,81.011206,0.0],[-19.431591,81.010937,0.0],[-19.436749,81.010959,0.0],[-19.436702,81.011228,0.0],[-19.445299,81.011264,0.0],[-19.445253,81.011532,0.0],[-19.446972,81.011539,0.0],[-19.446926,81.011808,0.0],[-19.448645,81.011815,0.0],[-19.448323,81.013696,0.0],[-19.446604,81.013689,0.0],[-19.446557,81.013957,0.0],[-19.444838,81.01395,0.0],[-19.444792,81.014219,0.0],[-19.443072,81.014212,0.0],[-19.442887,81.015286,0.0],[-19.441167,81.015279,0.0],[-19.441074,81.015817,0.0],[-19.442795,81.015824,0.0],[-19.442564,81.017167,0.0],[-19.444284,81.017174,0.0],[-19.444238,81.017443,0.0],[-19.445958,81.01745,0.0],[-19.445682,81.019062,0.0],[-19.447402,81.019069,0.0],[-19.44731,81.019607,0.0],[-19.449031,81.019614,0.0],[-19.448985,81.019883,0.0],[-19.450706,81.01989,0.0],[-19.45066,81.020158,0.0],[-19.452381,81.020166,0.0],[-19.451968,81.022584,0.0],[-19.453689,81.022591,0.0],[-19.453551,81.023397,0.0],[-19.455273,81.023404,0.0],[-19.455227,81.023673,0.0],[-19.456949,81.02368,0.0],[-19.456903,81.023948,0.0],[-19.458625,81.023955,0.0],[-19.458579,81.024224,0.0],[-19.456857,81.024217,0.0],[-19.456811,81.024486,0.0],[-19.455089,81.024479,0.0],[-19.455044,81.024747,0.0],[-19.453322,81.02474,0.0],[-19.453276,81.025009,0.0],[-19.451554,81.025002,0.0],[-19.451508,81.02527,0.0],[-19.449786,81.025263,0.0],[-19.44974,81.025532,0.0],[-19.448018,81.025525,0.0],[-19.447926,81.026062,0.0],[-19.446204,81.026055,0.0],[-19.446111,81.026592,0.0],[-19.444389,81.026585,0.0],[-19.444343,81.026853,0.0],[-19.442621,81.026846,0.0],[-19.442575,81.027115,0.0],[-19.440852,81.027108,0.0],[-19.440667,81.028182,0.0],[-19.438944,81.028175,0.0],[-19.438852,81.028712,0.0],[-19.440574,81.02872,0.0],[-19.440528,81.028988,0.0],[-19.442251,81.028996,0.0],[-19.442066,81.03007,0.0],[-19.443788,81.030077,0.0],[-19.443696,81.030615,0.0],[-19.445419,81.030622,0.0],[-19.445327,81.031159,0.0],[-19.44705,81.031166,0.0],[-19.446957,81.031704,0.0],[-19.445234,81.031697,0.0],[-19.445096,81.032503,0.0],[-19.443372,81.032495,0.0],[-19.44328,81.033033,0.0],[-19.441556,81.033026,0.0],[-19.441417,81.033832,0.0],[-19.439694,81.033824,0.0],[-19.439647,81.034093,0.0],[-19.437924,81.034086,0.0],[-19.437831,81.034623,0.0],[-19.436107,81.034616,0.0],[-19.435875,81.035959,0.0],[-19.437599,81.035966,0.0],[-19.437552,81.036235,0.0],[-19.435828,81.036228,0.0],[-19.435782,81.036496,0.0],[-19.434058,81.036489,0.0],[-19.434104,81.036221,0.0],[-19.43238,81.036213,0.0]],[[-19.402725,81.02829,0.0],[-19.40282,81.027753,0.0],[-19.401098,81.027745,0.0],[-19.401145,81.027477,0.0],[-19.399423,81.027469,0.0],[-19.39928,81.028275,0.0],[-19.402725,81.02829,0.0]]]}},{"type":"Feature","properties":{"rgi_id":"RGI2000-v7.0-G-05-17447","o1region":"05"},"geometry":{"type":"Polygon","coordinates":[[[-19.83298,80.998785,0.0],[-19.823974,80.998284,0.0],[-19.81388,80.998409,0.0],[-19.806849,80.998229,0.0],[-19.799964,80.996945,0.0],[-19.799123,80.995681,0.0],[-19.803297,80.99459,0.0],[-19.812422,80.994146,0.0],[-19.820477,80.994172,0.0],[-19.830465,80.994835,0.0],[-19.834372,80.995793,0.0],[-19.838319,80.996436,0.0],[-19.844383,80.996298,0.0],[-19.849458,80.995998,0.0],[-19.855541,80.995701,0.0],[-19.860557,80.995875,0.0],[-19.85631,80.997596,0.0],[-19.854116,80.999009,0.0],[-19.853937,81.000428,0.0],[-19.846823,81.000879,0.0],[-19.839689,81.001487,0.0],[-19.836828,81.000217,0.0],[-19.83298,80.998785,0.0]]]}},{"type":"Feature","properties":{"rgi_id":"RGI2000-v7.0-G-05-17514","o1region":"05"},"geometry":{"type":"Polygon","coordinates":[[[-19.94168,81.069913,0.0],[-19.942519,81.068846,0.0],[-19.944233,81.068879,0.0],[-19.945701,81.067012,0.0],[-19.947414,81.067044,0.0],[-19.947624,81.066778,0.0],[-19.94591,81.066745,0.0],[-19.94612,81.066478,0.0],[-19.932413,81.066218,0.0],[-19.932623,81.065951,0.0],[-19.93091,81.065918,0.0],[-19.93112,81.065651,0.0],[-19.929407,81.065619,0.0],[-19.929617,81.065352,0.0],[-19.927903,81.065319,0.0],[-19.928114,81.065053,0.0],[-19.9264,81.06502,0.0],[-19.92556,81.066087,0.0],[-19.922133,81.066022,0.0],[-19.922554,81.065488,0.0],[-19.920841,81.065456,0.0],[-19.921261,81.064922,0.0],[-19.919548,81.064889,0.0],[-19.920179,81.064089,0.0],[-19.921892,81.064122,0.0],[-19.921682,81.064389,0.0],[-19.925108,81.064454,0.0],[-19.925318,81.064187,0.0],[-19.927031,81.06422,0.0],[-19.927451,81.063686,0.0],[-19.930877,81.063752,0.0],[-19.931087,81.063485,0.0],[-19.9328,81.063518,0.0],[-19.934269,81.061651,0.0],[-19.935981,81.061683,0.0],[-19.937869,81.059283,0.0],[-19.939581,81.059315,0.0],[-19.94021,81.058515,0.0],[-19.938498,81.058482,0.0],[-19.938707,81.058216,0.0],[-19.93186,81.058085,0.0],[-19.93165,81.058352,0.0],[-19.929939,81.058319,0.0],[-19.929729,81.058586,0.0],[-19.928017,81.058553,0.0],[-19.928437,81.05802,0.0],[-19.926725,81.057987,0.0],[-19.927565,81.05692,0.0],[-19.925853,81.056888,0.0],[-19.926063,81.056621,0.0],[-19.927775,81.056654,0.0],[-19.927985,81.056387,0.0],[-19.929696,81.05642,0.0],[-19.930116,81.055886,0.0],[-19.931827,81.055919,0.0],[-19.932247,81.055385,0.0],[-19.935669,81.055451,0.0],[-19.935879,81.055184,0.0],[-19.941013,81.055282,0.0],[-19.940803,81.055548,0.0],[-19.942515,81.055581,0.0],[-19.942724,81.055314,0.0],[-19.944435,81.055347,0.0],[-19.944645,81.05508,0.0],[-19.946356,81.055113,0.0],[-19.946565,81.054846,0.0],[-19.944854,81.054813,0.0],[-19.945063,81.054547,0.0],[-19.948486,81.054612,0.0],[-19.949114,81.053812,0.0],[-19.947402,81.053779,0.0],[-19.947821,81.053246,0.0],[-19.94611,81.053213,0.0],[-19.946319,81.052946,0.0],[-19.944608,81.052914,0.0],[-19.945027,81.05238,0.0],[-19.943316,81.052348,0.0],[-19.943526,81.052081,0.0],[-19.931551,81.051853,0.0],[-19.931341,81.052119,0.0],[-19.92792,81.052054,0.0],[-19.92813,81.051787,0.0],[-19.924709,81.051722,0.0],[-19.925338,81.050922,0.0],[-19.923628,81.050889,0.0],[-19.924048,81.050356,0.0],[-19.925758,81.050389,0.0],[-19.926178,81.049855,0.0],[-19.936439,81.050051,0.0],[-19.93623,81.050318,0.0],[-19.93965,81.050383,0.0],[-19.939441,81.05065,0.0],[-19.945642,81.050768,0.0],[-19.950212,81.050197,0.0],[-19.950749,81.049511,0.0],[-19.952459,81.049544,0.0],[-19.952877,81.04901,0.0],[-19.954588,81.049043,0.0],[-19.954797,81.048776,0.0],[-19.956507,81.048809,0.0],[-19.956716,81.048542,0.0],[-19.958426,81.048574,0.0],[-19.958635,81.048308,0.0],[-19.960345,81.04834,0.0],[-19.960553,81.048073,0.0],[-19.962263,81.048106,0.0],[-19.962472,81.047839,0.0],[-19.964182,81.047872,0.0],[-19.964391,81.047605,0.0],[-19.966101,81.047637,0.0],[-19.966309,81.047371,0.0],[-19.968019,81.047403,0.0],[-19.968228,81.047136,0.0],[-19.971648,81.047201,0.0],[-19.971856,81.046935,0.0],[-19.976986,81.047032,0.0],[-19.977402,81.046498,0.0],[-19.979112,81.046531,0.0],[-19.978696,81.047064,0.0],[-19.985535,81.047194,0.0],[-19.985327,81.047461,0.0],[-20.000718,81.047752,0.0],[-20.000303,81.048285,0.0],[-19.998593,81.048253,0.0],[-19.99797,81.049053,0.0],[-19.99968,81.049085,0.0],[-19.999265,81.049619,0.0],[-20.002686,81.049684,0.0],[-20.002479,81.04995,0.0],[-20.0059,81.050015,0.0],[-20.005692,81.050282,0.0],[-20.007403,81.050314,0.0],[-20.007196,81.050581,0.0],[-20.008906,81.050613,0.0],[-20.008699,81.05088,0.0],[-20.01041,81.050912,0.0],[-20.010203,81.051179,0.0],[-20.011913,81.051211,0.0],[-20.011499,81.051745,0.0],[-20.01321,81.051777,0.0],[-20.012795,81.05231,0.0],[-20.014506,81.052343,0.0],[-20.014092,81.052876,0.0],[-20.015803,81.052909,0.0],[-20.014974,81.053976,0.0],[-20.013262,81.053943,0.0],[-20.013055,81.05421,0.0],[-20.011344,81.054178,0.0],[-20.011136,81.054445,0.0],[-20.009425,81.054412,0.0],[-20.00901,81.054946,0.0],[-20.007298,81.054914,0.0],[-20.007091,81.05518,0.0],[-20.005379,81.055148,0.0],[-20.004964,81.055682,0.0],[-20.006676,81.055714,0.0],[-20.006053,81.056514,0.0],[-20.004341,81.056482,0.0],[-20.004133,81.056749,0.0],[-20.002421,81.056716,0.0],[-20.002214,81.056983,0.0],[-20.000502,81.056951,0.0],[-19.999463,81.058285,0.0],[-19.997751,81.058252,0.0],[-19.997335,81.058786,0.0],[-19.995622,81.058754,0.0],[-19.994999,81.059554,0.0],[-19.996711,81.059586,0.0],[-19.996503,81.059853,0.0],[-19.994791,81.059821,0.0],[-19.994166,81.060621,0.0],[-19.992454,81.060589,0.0],[-19.991829,81.061389,0.0],[-19.993542,81.061421,0.0],[-19.993334,81.061688,0.0],[-19.995047,81.06172,0.0],[-19.995255,81.061454,0.0],[-19.996968,81.061486,0.0],[-19.99676,81.061753,0.0],[-20.000185,81.061817,0.0],[-19.999977,81.062084,0.0],[-20.00169,81.062116,0.0],[-20.001482,81.062383,0.0],[-20.003195,81.062415,0.0],[-20.00278,81.062949,0.0],[-20.001067,81.062917,0.0],[-20.000859,81.063183,0.0],[-19.999146,81.063151,0.0],[-19.998938,81.063418,0.0],[-19.997225,81.063386,0.0],[-19.9966,81.064186,0.0],[-19.994887,81.064153,0.0],[-19.994679,81.06442,0.0],[-19.992966,81.064388,0.0],[-19.992757,81.064655,0.0],[-19.989331,81.06459,0.0],[-19.989539,81.064323,0.0],[-19.986113,81.064258,0.0],[-19.985904,81.064525,0.0],[-19.987618,81.064558,0.0],[-19.987409,81.064824,0.0],[-19.985696,81.064792,0.0],[-19.985279,81.065325,0.0],[-19.983566,81.065293,0.0],[-19.983357,81.06556,0.0],[-19.97993,81.065495,0.0],[-19.979722,81.065762,0.0],[-19.978008,81.065729,0.0],[-19.977799,81.065996,0.0],[-19.976086,81.065964,0.0],[-19.975877,81.06623,0.0],[-19.974164,81.066198,0.0],[-19.973955,81.066465,0.0],[-19.970528,81.0664,0.0],[-19.970319,81.066667,0.0],[-19.972032,81.066699,0.0],[-19.971406,81.067499,0.0],[-19.967978,81.067434,0.0],[-19.968605,81.066634,0.0],[-19.966892,81.066602,0.0],[-19.967101,81.066335,0.0],[-19.96196,81.066238,0.0],[-19.961751,81.066504,0.0],[-19.958324,81.066439,0.0],[-19.958533,81.066173,0.0],[-19.95682,81.06614,0.0],[-19.95661,81.066407,0.0],[-19.954897,81.066374,0.0],[-19.954688,81.066641,0.0],[-19.956401,81.066673,0.0],[-19.955982,81.067207,0.0],[-19.957696,81.067239,0.0],[-19.957487,81.067506,0.0],[-19.959201,81.067539,0.0],[-19.958991,81.067805,0.0],[-19.960705,81.067838,0.0],[-19.960496,81.068105,0.0],[-19.96221,81.068137,0.0],[-19.961791,81.068671,0.0],[-19.960077,81.068638,0.0],[-19.959868,81.068905,0.0],[-19.958154,81.068872,0.0],[-19.957945,81.069139,0.0],[-19.956231,81.069107,0.0],[-19.956021,81.069373,0.0],[-19.954307,81.069341,0.0],[-19.954098,81.069608,0.0],[-19.952384,81.069575,0.0],[-19.952174,81.069842,0.0],[-19.95046,81.069809,0.0],[-19.950251,81.070076,0.0],[-19.94168,81.069913,0.0]],[[-19.985025,81.063426,0.0],[-19.985233,81.063159,0.0],[-19.98352,81.063127,0.0],[-19.983312,81.063393,0.0],[-19.985025,81.063426,0.0]]]}},{"type":"Feature","properties":{"rgi_id":"RGI2000-v7.0-G-05-17516","o1region":"05"},"geometry":{"type":"Polygon","coordinates":[[[-20.029226,81.132835,0.0],[-20.032352,81.132024,0.0],[-20.038551,81.131566,0.0],[-20.043981,81.131106,0.0],[-20.056352,81.130426,0.0],[-20.061794,81.129847,0.0],[-20.069679,81.129463,0.0],[-20.069678,81.129474,0.0],[-20.07142,81.129479,0.0],[-20.071364,81.130016,0.0],[-20.073107,81.13002,0.0],[-20.073051,81.130558,0.0],[-20.074794,81.130562,0.0],[-20.074766,81.130831,0.0],[-20.078251,81.130839,0.0],[-20.078223,81.131108,0.0],[-20.083452,81.131121,0.0],[-20.083424,81.13139,0.0],[-20.085167,81.131394,0.0],[-20.085139,81.131663,0.0],[-20.088625,81.131671,0.0],[-20.088598,81.13194,0.0],[-20.090341,81.131944,0.0],[-20.090313,81.132213,0.0],[-20.093799,81.132221,0.0],[-20.093772,81.13249,0.0],[-20.095515,81.132494,0.0],[-20.095488,81.132763,0.0],[-20.098974,81.132771,0.0],[-20.098947,81.13304,0.0],[-20.10069,81.133044,0.0],[-20.100663,81.133313,0.0],[-20.104149,81.133321,0.0],[-20.104122,81.13359,0.0],[-20.105866,81.133594,0.0],[-20.105839,81.133863,0.0],[-20.107582,81.133867,0.0],[-20.107555,81.134136,0.0],[-20.111042,81.134144,0.0],[-20.111015,81.134413,0.0],[-20.112759,81.134417,0.0],[-20.112732,81.134685,0.0],[-20.128423,81.134722,0.0],[-20.128371,81.13526,0.0],[-20.130114,81.135264,0.0],[-20.130088,81.135532,0.0],[-20.131832,81.135536,0.0],[-20.131779,81.136074,0.0],[-20.133523,81.136078,0.0],[-20.133497,81.136347,0.0],[-20.135241,81.136351,0.0],[-20.135215,81.136619,0.0],[-20.136959,81.136623,0.0],[-20.136933,81.136892,0.0],[-20.138677,81.136896,0.0],[-20.138625,81.137433,0.0],[-20.140369,81.137437,0.0],[-20.140162,81.139587,0.0],[-20.141906,81.139591,0.0],[-20.141829,81.140397,0.0],[-20.143574,81.140401,0.0],[-20.14347,81.141476,0.0],[-20.145215,81.14148,0.0],[-20.145164,81.142018,0.0],[-20.146909,81.142022,0.0],[-20.146832,81.142828,0.0],[-20.148577,81.142832,0.0],[-20.148526,81.143369,0.0],[-20.150271,81.143373,0.0],[-20.15022,81.143911,0.0],[-20.151965,81.143915,0.0],[-20.151939,81.144183,0.0],[-20.153685,81.144187,0.0],[-20.153532,81.1458,0.0],[-20.155277,81.145804,0.0],[-20.15515,81.147147,0.0],[-20.156896,81.147151,0.0],[-20.156718,81.149032,0.0],[-20.158465,81.149036,0.0],[-20.158008,81.153874,0.0],[-20.159755,81.153877,0.0],[-20.159705,81.154415,0.0],[-20.161452,81.154419,0.0],[-20.161376,81.155225,0.0],[-20.163124,81.155229,0.0],[-20.163099,81.155498,0.0],[-20.164846,81.155502,0.0],[-20.164569,81.158458,0.0],[-20.162821,81.158454,0.0],[-20.162796,81.158722,0.0],[-20.161048,81.158719,0.0],[-20.160946,81.159793,0.0],[-20.155701,81.159782,0.0],[-20.155727,81.159513,0.0],[-20.15223,81.159505,0.0],[-20.152256,81.159236,0.0],[-20.141766,81.159213,0.0],[-20.14174,81.159481,0.0],[-20.134747,81.159466,0.0],[-20.134721,81.159734,0.0],[-20.129476,81.159722,0.0],[-20.129449,81.159991,0.0],[-20.127701,81.159987,0.0],[-20.127675,81.160256,0.0],[-20.125926,81.160252,0.0],[-20.1259,81.16052,0.0],[-20.124151,81.160516,0.0],[-20.124099,81.161054,0.0],[-20.12235,81.16105,0.0],[-20.122112,81.163468,0.0],[-20.120363,81.163464,0.0],[-20.120203,81.165077,0.0],[-20.118454,81.165072,0.0],[-20.118374,81.165879,0.0],[-20.116625,81.165875,0.0],[-20.116598,81.166143,0.0],[-20.114848,81.166139,0.0],[-20.114822,81.166408,0.0],[-20.113072,81.166404,0.0],[-20.113045,81.166673,0.0],[-20.111295,81.166668,0.0],[-20.111269,81.166937,0.0],[-20.109519,81.166933,0.0],[-20.109492,81.167202,0.0],[-20.107742,81.167198,0.0],[-20.107688,81.167735,0.0],[-20.105938,81.167731,0.0],[-20.10583,81.168806,0.0],[-20.10408,81.168802,0.0],[-20.103999,81.169608,0.0],[-20.102249,81.169604,0.0],[-20.102222,81.169872,0.0],[-20.100471,81.169868,0.0],[-20.100444,81.170137,0.0],[-20.098694,81.170133,0.0],[-20.098667,81.170402,0.0],[-20.096916,81.170397,0.0],[-20.096889,81.170666,0.0],[-20.095138,81.170662,0.0],[-20.095111,81.170931,0.0],[-20.09161,81.170922,0.0],[-20.091583,81.171191,0.0],[-20.089832,81.171187,0.0],[-20.089804,81.171456,0.0],[-20.086303,81.171447,0.0],[-20.086276,81.171716,0.0],[-20.084525,81.171712,0.0],[-20.084497,81.17198,0.0],[-20.082747,81.171976,0.0],[-20.082719,81.172245,0.0],[-20.079217,81.172236,0.0],[-20.079189,81.172505,0.0],[-20.077439,81.172501,0.0],[-20.077383,81.173038,0.0],[-20.075632,81.173034,0.0],[-20.07552,81.174109,0.0],[-20.073769,81.174104,0.0],[-20.073741,81.174373,0.0],[-20.07199,81.174369,0.0],[-20.071962,81.174638,0.0],[-20.070211,81.174633,0.0],[-20.070154,81.175171,0.0],[-20.068403,81.175166,0.0],[-20.068375,81.175435,0.0],[-20.066623,81.175431,0.0],[-20.066539,81.176237,0.0],[-20.064787,81.176233,0.0],[-20.064679,81.177264,0.0],[-20.062218,81.177738,0.0],[-20.062093,81.178923,0.0],[-20.065072,81.179998,0.0],[-20.067875,81.180205,0.0],[-20.06784,81.180541,0.0],[-20.066087,81.180537,0.0],[-20.066059,81.180805,0.0],[-20.064307,81.180801,0.0],[-20.064222,81.181607,0.0],[-20.058964,81.181594,0.0],[-20.058992,81.181325,0.0],[-20.05724,81.181321,0.0],[-20.057211,81.18159,0.0],[-20.055459,81.181585,0.0],[-20.055402,81.182123,0.0],[-20.053649,81.182119,0.0],[-20.05362,81.182387,0.0],[-20.050115,81.182378,0.0],[-20.050143,81.18211,0.0],[-20.04138,81.182088,0.0],[-20.041351,81.182356,0.0],[-20.039598,81.182352,0.0],[-20.03954,81.182889,0.0],[-20.037787,81.182885,0.0],[-20.037758,81.183154,0.0],[-20.036005,81.183149,0.0],[-20.035976,81.183418,0.0],[-20.03247,81.183409,0.0],[-20.032441,81.183678,0.0],[-20.023676,81.183655,0.0],[-20.023705,81.183386,0.0],[-20.021952,81.183382,0.0],[-20.021982,81.183113,0.0],[-20.020229,81.183109,0.0],[-20.020259,81.18284,0.0],[-20.018506,81.182835,0.0],[-20.018624,81.18176,0.0],[-20.020377,81.181765,0.0],[-20.020436,81.181228,0.0],[-20.022189,81.181232,0.0],[-20.022218,81.180963,0.0],[-20.023971,81.180968,0.0],[-20.024148,81.179356,0.0],[-20.022396,81.179351,0.0],[-20.022543,81.178007,0.0],[-20.024295,81.178012,0.0],[-20.024413,81.176937,0.0],[-20.026165,81.176942,0.0],[-20.026194,81.176673,0.0],[-20.027946,81.176677,0.0],[-20.028005,81.17614,0.0],[-20.029756,81.176144,0.0],[-20.029815,81.175607,0.0],[-20.031566,81.175611,0.0],[-20.031625,81.175074,0.0],[-20.033376,81.175079,0.0],[-20.033405,81.17481,0.0],[-20.035157,81.174814,0.0],[-20.035215,81.174277,0.0],[-20.036966,81.174281,0.0],[-20.036995,81.174013,0.0],[-20.040497,81.174021,0.0],[-20.040526,81.173753,0.0],[-20.044028,81.173762,0.0],[-20.044057,81.173493,0.0],[-20.052812,81.173515,0.0],[-20.052841,81.173246,0.0],[-20.056343,81.173255,0.0],[-20.056372,81.172986,0.0],[-20.059873,81.172995,0.0],[-20.059902,81.172726,0.0],[-20.061653,81.172731,0.0],[-20.061681,81.172462,0.0],[-20.063432,81.172466,0.0],[-20.06346,81.172198,0.0],[-20.065211,81.172202,0.0],[-20.065239,81.171933,0.0],[-20.06699,81.171937,0.0],[-20.067018,81.171669,0.0],[-20.068769,81.171673,0.0],[-20.068825,81.171136,0.0],[-20.070576,81.17114,0.0],[-20.070688,81.170065,0.0],[-20.068937,81.170061,0.0],[-20.068994,81.169523,0.0],[-20.067243,81.169519,0.0],[-20.067328,81.168713,0.0],[-20.065578,81.168708,0.0],[-20.065691,81.167633,0.0],[-20.063941,81.167629,0.0],[-20.063997,81.167092,0.0],[-20.062247,81.167087,0.0],[-20.062361,81.166012,0.0],[-20.060611,81.166008,0.0],[-20.060724,81.164933,0.0],[-20.058975,81.164929,0.0],[-20.059089,81.163854,0.0],[-20.057339,81.16385,0.0],[-20.057396,81.163312,0.0],[-20.055647,81.163308,0.0],[-20.05579,81.161964,0.0],[-20.054041,81.16196,0.0],[-20.05407,81.161691,0.0],[-20.052321,81.161687,0.0],[-20.052407,81.16088,0.0],[-20.054155,81.160885,0.0],[-20.054184,81.160616,0.0],[-20.055932,81.16062,0.0],[-20.055961,81.160352,0.0],[-20.059457,81.16036,0.0],[-20.059486,81.160092,0.0],[-20.064731,81.160105,0.0],[-20.064759,81.159836,0.0],[-20.068256,81.159845,0.0],[-20.068284,81.159576,0.0],[-20.070032,81.15958,0.0],[-20.07006,81.159312,0.0],[-20.071809,81.159316,0.0],[-20.071837,81.159047,0.0],[-20.073585,81.159051,0.0],[-20.073641,81.158514,0.0],[-20.075389,81.158518,0.0],[-20.075528,81.157175,0.0],[-20.07378,81.15717,0.0],[-20.07392,81.155827,0.0],[-20.072172,81.155822,0.0],[-20.072368,81.153941,0.0],[-20.070621,81.153937,0.0],[-20.070677,81.1534,0.0],[-20.072424,81.153404,0.0],[-20.072452,81.153135,0.0],[-20.074199,81.153139,0.0],[-20.074227,81.152871,0.0],[-20.075974,81.152875,0.0],[-20.076057,81.152069,0.0],[-20.077804,81.152073,0.0],[-20.078026,81.149923,0.0],[-20.07628,81.149919,0.0],[-20.076336,81.149382,0.0],[-20.074589,81.149377,0.0],[-20.074617,81.149109,0.0],[-20.072871,81.149104,0.0],[-20.072983,81.148029,0.0],[-20.071237,81.148025,0.0],[-20.071265,81.147756,0.0],[-20.069519,81.147752,0.0],[-20.069547,81.147483,0.0],[-20.067801,81.147479,0.0],[-20.067773,81.147748,0.0],[-20.066027,81.147743,0.0],[-20.065998,81.148012,0.0],[-20.064252,81.148008,0.0],[-20.064224,81.148276,0.0],[-20.062478,81.148272,0.0],[-20.06245,81.148541,0.0],[-20.058958,81.148532,0.0],[-20.058929,81.148801,0.0],[-20.057183,81.148797,0.0],[-20.057155,81.149065,0.0],[-20.053662,81.149056,0.0],[-20.053691,81.148788,0.0],[-20.051945,81.148783,0.0],[-20.051973,81.148515,0.0],[-20.050227,81.14851,0.0],[-20.050313,81.147704,0.0],[-20.052059,81.147708,0.0],[-20.052087,81.14744,0.0],[-20.052232,81.14744,0.0],[-20.051207,81.147257,0.0],[-20.047436,81.14615,0.0],[-20.04631,81.14455,0.0],[-20.052484,81.143701,0.0],[-20.052544,81.14314,0.0],[-20.050799,81.143136,0.0],[-20.050856,81.142598,0.0],[-20.049111,81.142594,0.0],[-20.04914,81.142325,0.0],[-20.047395,81.142321,0.0],[-20.047423,81.142052,0.0],[-20.045678,81.142048,0.0],[-20.045707,81.141779,0.0],[-20.043962,81.141774,0.0],[-20.04402,81.141237,0.0],[-20.042275,81.141233,0.0],[-20.042333,81.140695,0.0],[-20.040588,81.140691,0.0],[-20.040646,81.140153,0.0],[-20.038901,81.140149,0.0],[-20.03893,81.13988,0.0],[-20.037186,81.139876,0.0],[-20.037215,81.139607,0.0],[-20.035471,81.139602,0.0],[-20.0355,81.139334,0.0],[-20.033755,81.139329,0.0],[-20.033871,81.138254,0.0],[-20.032127,81.13825,0.0],[-20.032186,81.137712,0.0],[-20.030442,81.137708,0.0],[-20.0305,81.13717,0.0],[-20.028756,81.137166,0.0],[-20.028873,81.136091,0.0],[-20.030617,81.136096,0.0],[-20.030704,81.135289,0.0],[-20.032447,81.135294,0.0],[-20.032477,81.135025,0.0],[-20.03422,81.13503,0.0],[-20.034423,81.133149,0.0],[-20.03268,81.133144,0.0],[-20.032709,81.132875,0.0],[-20.029223,81.132866,0.0],[-20.029226,81.132835,0.0]],[[-20.057836,81.142616,0.0],[-20.059581,81.14262,0.0],[-20.059552,81.142889,0.0],[-20.063042,81.142898,0.0],[-20.063071,81.142629,0.0],[-20.064816,81.142633,0.0],[-20.064872,81.142096,0.0],[-20.063127,81.142091,0.0],[-20.063155,81.141823,0.0],[-20.059666,81.141814,0.0],[-20.059637,81.142083,0.0],[-20.057892,81.142078,0.0],[-20.057836,81.142616,0.0]],[[-20.055465,81.148523,0.0],[-20.057212,81.148528,0.0],[-20.057268,81.14799,0.0],[-20.055522,81.147986,0.0],[-20.055465,81.148523,0.0]]]}},{"type":"Feature","properties":{"rgi_id":"RGI2000-v7.0-G-05-17517","o1region":"05"},"geometry":{"type":"Polygon","coordinates":[[[-20.022986,81.221823,0.0],[-20.023046,81.221285,0.0],[-20.021285,81.221281,0.0],[-20.021375,81.220475,0.0],[-20.023135,81.220479,0.0],[-20.023194,81.219942,0.0],[-20.024954,81.219946,0.0],[-20.025014,81.219409,0.0],[-20.023253,81.219404,0.0],[-20.023313,81.218867,0.0],[-20.021553,81.218862,0.0],[-20.021612,81.218325,0.0],[-20.019852,81.21832,0.0],[-20.019882,81.218052,0.0],[-20.018122,81.218047,0.0],[-20.018152,81.217778,0.0],[-20.016392,81.217774,0.0],[-20.016422,81.217505,0.0],[-20.014662,81.217501,0.0],[-20.014692,81.217232,0.0],[-20.012933,81.217227,0.0],[-20.012963,81.216959,0.0],[-20.011203,81.216954,0.0],[-20.011233,81.216685,0.0],[-20.007714,81.216676,0.0],[-20.007744,81.216407,0.0],[-20.005985,81.216403,0.0],[-20.006015,81.216134,0.0],[-20.004255,81.216129,0.0],[-20.004286,81.215861,0.0],[-20.002526,81.215856,0.0],[-20.002556,81.215587,0.0],[-20.000797,81.215583,0.0],[-20.000858,81.215045,0.0],[-19.999099,81.215041,0.0],[-19.999129,81.214772,0.0],[-19.99737,81.214767,0.0],[-19.997431,81.21423,0.0],[-19.995672,81.214225,0.0],[-19.995702,81.213956,0.0],[-19.993943,81.213952,0.0],[-19.994004,81.213414,0.0],[-19.992245,81.21341,0.0],[-19.992306,81.212872,0.0],[-19.990548,81.212868,0.0],[-19.990609,81.21233,0.0],[-19.98885,81.212325,0.0],[-19.988881,81.212057,0.0],[-19.987122,81.212052,0.0],[-19.987337,81.210171,0.0],[-19.985579,81.210166,0.0],[-19.98561,81.209898,0.0],[-19.983852,81.209893,0.0],[-19.983882,81.209624,0.0],[-19.982124,81.209619,0.0],[-19.982309,81.208007,0.0],[-19.980552,81.208002,0.0],[-19.980644,81.207196,0.0],[-19.982402,81.207201,0.0],[-19.982433,81.206932,0.0],[-19.98419,81.206937,0.0],[-19.984221,81.206668,0.0],[-19.985979,81.206673,0.0],[-19.98601,81.206404,0.0],[-19.991282,81.206418,0.0],[-19.991313,81.20615,0.0],[-19.994828,81.206159,0.0],[-19.994797,81.206428,0.0],[-19.998312,81.206437,0.0],[-19.998342,81.206168,0.0],[-20.010645,81.206201,0.0],[-20.010675,81.205932,0.0],[-20.017704,81.20595,0.0],[-20.017734,81.205681,0.0],[-20.019491,81.205686,0.0],[-20.019521,81.205417,0.0],[-20.023036,81.205426,0.0],[-20.023065,81.205158,0.0],[-20.024823,81.205162,0.0],[-20.024852,81.204893,0.0],[-20.028367,81.204902,0.0],[-20.028396,81.204634,0.0],[-20.030153,81.204638,0.0],[-20.030212,81.204101,0.0],[-20.031969,81.204105,0.0],[-20.031998,81.203836,0.0],[-20.033756,81.203841,0.0],[-20.033814,81.203303,0.0],[-20.035571,81.203308,0.0],[-20.035629,81.202771,0.0],[-20.037386,81.202775,0.0],[-20.037415,81.202506,0.0],[-20.039172,81.202511,0.0],[-20.039201,81.202242,0.0],[-20.047985,81.202264,0.0],[-20.047956,81.202533,0.0],[-20.051469,81.202542,0.0],[-20.051441,81.20281,0.0],[-20.053198,81.202815,0.0],[-20.053169,81.203084,0.0],[-20.054926,81.203088,0.0],[-20.054897,81.203357,0.0],[-20.056654,81.203361,0.0],[-20.056625,81.20363,0.0],[-20.058382,81.203634,0.0],[-20.058354,81.203903,0.0],[-20.060111,81.203907,0.0],[-20.060082,81.204176,0.0],[-20.061839,81.20418,0.0],[-20.061811,81.204449,0.0],[-20.065325,81.204458,0.0],[-20.065297,81.204726,0.0],[-20.072326,81.204744,0.0],[-20.072354,81.204475,0.0],[-20.075868,81.204484,0.0],[-20.075896,81.204215,0.0],[-20.077653,81.204219,0.0],[-20.077709,81.203682,0.0],[-20.079466,81.203686,0.0],[-20.079578,81.202611,0.0],[-20.077821,81.202607,0.0],[-20.077989,81.200994,0.0],[-20.079745,81.200999,0.0],[-20.079801,81.200461,0.0],[-20.081557,81.200465,0.0],[-20.081585,81.200197,0.0],[-20.085098,81.200205,0.0],[-20.085126,81.199936,0.0],[-20.086882,81.199941,0.0],[-20.086909,81.199672,0.0],[-20.088666,81.199676,0.0],[-20.088693,81.199407,0.0],[-20.090449,81.199412,0.0],[-20.090477,81.199143,0.0],[-20.092233,81.199147,0.0],[-20.092288,81.19861,0.0],[-20.094044,81.198614,0.0],[-20.094072,81.198345,0.0],[-20.097583,81.198354,0.0],[-20.097611,81.198085,0.0],[-20.099367,81.198089,0.0],[-20.099421,81.197552,0.0],[-20.097665,81.197547,0.0],[-20.09772,81.19701,0.0],[-20.095964,81.197006,0.0],[-20.096019,81.196468,0.0],[-20.097775,81.196472,0.0],[-20.097802,81.196204,0.0],[-20.099558,81.196208,0.0],[-20.099585,81.195939,0.0],[-20.10134,81.195943,0.0],[-20.101368,81.195675,0.0],[-20.103123,81.195679,0.0],[-20.10315,81.19541,0.0],[-20.106661,81.195418,0.0],[-20.106688,81.19515,0.0],[-20.110199,81.195158,0.0],[-20.110226,81.194889,0.0],[-20.119002,81.19491,0.0],[-20.119029,81.194641,0.0],[-20.131315,81.194669,0.0],[-20.131342,81.194401,0.0],[-20.133097,81.194405,0.0],[-20.133123,81.194136,0.0],[-20.134878,81.19414,0.0],[-20.134904,81.193871,0.0],[-20.133149,81.193867,0.0],[-20.133202,81.19333,0.0],[-20.131447,81.193326,0.0],[-20.131499,81.192788,0.0],[-20.129744,81.192784,0.0],[-20.129771,81.192515,0.0],[-20.128016,81.192511,0.0],[-20.128069,81.191974,0.0],[-20.126314,81.19197,0.0],[-20.12634,81.191701,0.0],[-20.124586,81.191697,0.0],[-20.124612,81.191428,0.0],[-20.122858,81.191424,0.0],[-20.122884,81.191156,0.0],[-20.12113,81.191152,0.0],[-20.121156,81.190883,0.0],[-20.119402,81.190879,0.0],[-20.119428,81.19061,0.0],[-20.117674,81.190606,0.0],[-20.117727,81.190068,0.0],[-20.115973,81.190064,0.0],[-20.116053,81.189258,0.0],[-20.114299,81.189254,0.0],[-20.114433,81.18791,0.0],[-20.116187,81.187915,0.0],[-20.116241,81.187377,0.0],[-20.117994,81.187381,0.0],[-20.118021,81.187112,0.0],[-20.121529,81.187121,0.0],[-20.121555,81.186852,0.0],[-20.125062,81.18686,0.0],[-20.125036,81.187129,0.0],[-20.130297,81.187141,0.0],[-20.130324,81.186872,0.0],[-20.135585,81.186884,0.0],[-20.135611,81.186615,0.0],[-20.137365,81.186619,0.0],[-20.137391,81.186351,0.0],[-20.139144,81.186355,0.0],[-20.13917,81.186086,0.0],[-20.140924,81.18609,0.0],[-20.14095,81.185821,0.0],[-20.142703,81.185825,0.0],[-20.142729,81.185556,0.0],[-20.144483,81.18556,0.0],[-20.144509,81.185292,0.0],[-20.149769,81.185304,0.0],[-20.149794,81.185035,0.0],[-20.153301,81.185043,0.0],[-20.153327,81.184774,0.0],[-20.15508,81.184778,0.0],[-20.155106,81.184509,0.0],[-20.156859,81.184513,0.0],[-20.15691,81.183976,0.0],[-20.155157,81.183972,0.0],[-20.155182,81.183703,0.0],[-20.156935,81.183707,0.0],[-20.156961,81.183438,0.0],[-20.158714,81.183442,0.0],[-20.158739,81.183173,0.0],[-20.160492,81.183177,0.0],[-20.160568,81.182371,0.0],[-20.162321,81.182375,0.0],[-20.162372,81.181837,0.0],[-20.164125,81.181841,0.0],[-20.16415,81.181573,0.0],[-20.167655,81.18158,0.0],[-20.16768,81.181312,0.0],[-20.169433,81.181315,0.0],[-20.169458,81.181047,0.0],[-20.171211,81.181051,0.0],[-20.171236,81.180782,0.0],[-20.172988,81.180786,0.0],[-20.173013,81.180517,0.0],[-20.174766,81.180521,0.0],[-20.174802,81.180133,0.0],[-20.168719,81.179173,0.0],[-20.164923,81.178453,0.0],[-20.168852,81.177751,0.0],[-20.168974,81.176447,0.0],[-20.17135,81.175675,0.0],[-20.16996,81.175672,0.0],[-20.170035,81.174866,0.0],[-20.171787,81.17487,0.0],[-20.171837,81.174332,0.0],[-20.173588,81.174336,0.0],[-20.173613,81.174067,0.0],[-20.175364,81.174071,0.0],[-20.175414,81.173534,0.0],[-20.177165,81.173537,0.0],[-20.17719,81.173269,0.0],[-20.180692,81.173276,0.0],[-20.180717,81.173008,0.0],[-20.182468,81.173011,0.0],[-20.182492,81.172743,0.0],[-20.185994,81.17275,0.0],[-20.186019,81.172481,0.0],[-20.18777,81.172485,0.0],[-20.187794,81.172217,0.0],[-20.194798,81.172232,0.0],[-20.194773,81.1725,0.0],[-20.196524,81.172504,0.0],[-20.1965,81.172773,0.0],[-20.198251,81.172776,0.0],[-20.198227,81.173045,0.0],[-20.201729,81.173053,0.0],[-20.201704,81.173321,0.0],[-20.203456,81.173325,0.0],[-20.203432,81.173594,0.0],[-20.205183,81.173597,0.0],[-20.205159,81.173866,0.0],[-20.208661,81.173874,0.0],[-20.208637,81.174142,0.0],[-20.210388,81.174146,0.0],[-20.210341,81.174683,0.0],[-20.212092,81.174687,0.0],[-20.212068,81.174956,0.0],[-20.21382,81.174959,0.0],[-20.213796,81.175228,0.0],[-20.217299,81.175235,0.0],[-20.217275,81.175504,0.0],[-20.220778,81.175511,0.0],[-20.220754,81.17578,0.0],[-20.222506,81.175784,0.0],[-20.222483,81.176053,0.0],[-20.224234,81.176056,0.0],[-20.224211,81.176325,0.0],[-20.225962,81.176328,0.0],[-20.225939,81.176597,0.0],[-20.229442,81.176604,0.0],[-20.229419,81.176873,0.0],[-20.232923,81.17688,0.0],[-20.2329,81.177149,0.0],[-20.236403,81.177156,0.0],[-20.23638,81.177425,0.0],[-20.238132,81.177428,0.0],[-20.238109,81.177697,0.0],[-20.241613,81.177704,0.0],[-20.24159,81.177973,0.0],[-20.25035,81.17799,0.0],[-20.250327,81.178259,0.0],[-20.255583,81.178269,0.0],[-20.255561,81.178538,0.0],[-20.259065,81.178545,0.0],[-20.259043,81.178814,0.0],[-20.262547,81.178821,0.0],[-20.262525,81.179089,0.0],[-20.266029,81.179096,0.0],[-20.266007,81.179365,0.0],[-20.267759,81.179368,0.0],[-20.267737,81.179637,0.0],[-20.26949,81.17964,0.0],[-20.269445,81.180178,0.0],[-20.271198,81.180181,0.0],[-20.271132,81.180988,0.0],[-20.272884,81.180991,0.0],[-20.272731,81.182872,0.0],[-20.270978,81.182869,0.0],[-20.270956,81.183137,0.0],[-20.269202,81.183134,0.0],[-20.269158,81.183672,0.0],[-20.267405,81.183668,0.0],[-20.267383,81.183937,0.0],[-20.26563,81.183934,0.0],[-20.265608,81.184202,0.0],[-20.263854,81.184199,0.0],[-20.263832,81.184468,0.0],[-20.260326,81.184461,0.0],[-20.260303,81.18473,0.0],[-20.25855,81.184726,0.0],[-20.258527,81.184995,0.0],[-20.256774,81.184991,0.0],[-20.256752,81.18526,0.0],[-20.254998,81.185257,0.0],[-20.254976,81.185525,0.0],[-20.253222,81.185522,0.0],[-20.253177,81.186059,0.0],[-20.251423,81.186056,0.0],[-20.251401,81.186325,0.0],[-20.24614,81.186314,0.0],[-20.246117,81.186583,0.0],[-20.24261,81.186576,0.0],[-20.242587,81.186845,0.0],[-20.232064,81.186824,0.0],[-20.232041,81.187092,0.0],[-20.22678,81.187082,0.0],[-20.226756,81.18735,0.0],[-20.223249,81.187343,0.0],[-20.223225,81.187612,0.0],[-20.219717,81.187605,0.0],[-20.219694,81.187873,0.0],[-20.21794,81.18787,0.0],[-20.217916,81.188138,0.0],[-20.214408,81.188131,0.0],[-20.214384,81.1884,0.0],[-20.21263,81.188396,0.0],[-20.212606,81.188665,0.0],[-20.209098,81.188658,0.0],[-20.209074,81.188926,0.0],[-20.203812,81.188915,0.0],[-20.203788,81.189184,0.0],[-20.202034,81.18918,0.0],[-20.202009,81.189449,0.0],[-20.198501,81.189442,0.0],[-20.198525,81.189173,0.0],[-20.195017,81.189166,0.0],[-20.195041,81.188897,0.0],[-20.191533,81.188889,0.0],[-20.191557,81.188621,0.0],[-20.189803,81.188617,0.0],[-20.189828,81.188348,0.0],[-20.181058,81.188329,0.0],[-20.181033,81.188598,0.0],[-20.177525,81.18859,0.0],[-20.1775,81.188859,0.0],[-20.175746,81.188855,0.0],[-20.175671,81.189662,0.0],[-20.173917,81.189658,0.0],[-20.173867,81.190195,0.0],[-20.172112,81.190191,0.0],[-20.172062,81.190729,0.0],[-20.170308,81.190725,0.0],[-20.170283,81.190994,0.0],[-20.168528,81.19099,0.0],[-20.168327,81.19314,0.0],[-20.170082,81.193144,0.0],[-20.170057,81.193412,0.0],[-20.171812,81.193416,0.0],[-20.171762,81.193954,0.0],[-20.173517,81.193957,0.0],[-20.173442,81.194764,0.0],[-20.171686,81.19476,0.0],[-20.171661,81.195029,0.0],[-20.169906,81.195025,0.0],[-20.169856,81.195562,0.0],[-20.1681,81.195558,0.0],[-20.168075,81.195827,0.0],[-20.166319,81.195823,0.0],[-20.166143,81.197704,0.0],[-20.164387,81.1977,0.0],[-20.164336,81.198238,0.0],[-20.16258,81.198234,0.0],[-20.162555,81.198503,0.0],[-20.160799,81.198499,0.0],[-20.160774,81.198768,0.0],[-20.157261,81.19876,0.0],[-20.157236,81.199029,0.0],[-20.15548,81.199025,0.0],[-20.155454,81.199293,0.0],[-20.151942,81.199286,0.0],[-20.151916,81.199554,0.0],[-20.148404,81.199546,0.0],[-20.148378,81.199815,0.0],[-20.146622,81.199811,0.0],[-20.146596,81.20008,0.0],[-20.144839,81.200076,0.0],[-20.144814,81.200345,0.0],[-20.141301,81.200337,0.0],[-20.141275,81.200605,0.0],[-20.139518,81.200601,0.0],[-20.139492,81.20087,0.0],[-20.137736,81.200866,0.0],[-20.13771,81.201135,0.0],[-20.135953,81.201131,0.0],[-20.135901,81.201668,0.0],[-20.134144,81.201664,0.0],[-20.134039,81.202739,0.0],[-20.135796,81.202743,0.0],[-20.135744,81.203281,0.0],[-20.137501,81.203285,0.0],[-20.137474,81.203554,0.0],[-20.139231,81.203558,0.0],[-20.139205,81.203826,0.0],[-20.140962,81.20383,0.0],[-20.140988,81.203562,0.0],[-20.142746,81.203566,0.0],[-20.142771,81.203297,0.0],[-20.149799,81.203313,0.0],[-20.149774,81.203581,0.0],[-20.151531,81.203585,0.0],[-20.151248,81.206541,0.0],[-20.153005,81.206545,0.0],[-20.152928,81.207351,0.0],[-20.15117,81.207348,0.0],[-20.151119,81.207885,0.0],[-20.149361,81.207881,0.0],[-20.149335,81.20815,0.0],[-20.147577,81.208146,0.0],[-20.147526,81.208683,0.0],[-20.145768,81.208679,0.0],[-20.145638,81.210023,0.0],[-20.14388,81.210019,0.0],[-20.143828,81.210557,0.0],[-20.142069,81.210553,0.0],[-20.141991,81.211359,0.0],[-20.140233,81.211355,0.0],[-20.140181,81.211892,0.0],[-20.138422,81.211888,0.0],[-20.13837,81.212426,0.0],[-20.136611,81.212422,0.0],[-20.136559,81.212959,0.0],[-20.1348,81.212955,0.0],[-20.134773,81.213224,0.0],[-20.133015,81.21322,0.0],[-20.132962,81.213757,0.0],[-20.131203,81.213753,0.0],[-20.131177,81.214022,0.0],[-20.129417,81.214018,0.0],[-20.129391,81.214287,0.0],[-20.127632,81.214283,0.0],[-20.127605,81.214551,0.0],[-20.122328,81.214539,0.0],[-20.122301,81.214808,0.0],[-20.118783,81.2148,0.0],[-20.118756,81.215069,0.0],[-20.115237,81.21506,0.0],[-20.115211,81.215329,0.0],[-20.108173,81.215313,0.0],[-20.108146,81.215581,0.0],[-20.106387,81.215577,0.0],[-20.10636,81.215846,0.0],[-20.1046,81.215842,0.0],[-20.104573,81.216111,0.0],[-20.101054,81.216102,0.0],[-20.101027,81.216371,0.0],[-20.099267,81.216367,0.0],[-20.09924,81.216636,0.0],[-20.09748,81.216631,0.0],[-20.097453,81.2169,0.0],[-20.095693,81.216896,0.0],[-20.095666,81.217165,0.0],[-20.093906,81.21716,0.0],[-20.093879,81.217429,0.0],[-20.092119,81.217425,0.0],[-20.092092,81.217694,0.0],[-20.090332,81.217689,0.0],[-20.090304,81.217958,0.0],[-20.088544,81.217954,0.0],[-20.088489,81.218491,0.0],[-20.086729,81.218487,0.0],[-20.086701,81.218756,0.0],[-20.084941,81.218752,0.0],[-20.084913,81.21902,0.0],[-20.083153,81.219016,0.0],[-20.083126,81.219285,0.0],[-20.081365,81.219281,0.0],[-20.081338,81.219549,0.0],[-20.076057,81.219537,0.0],[-20.076029,81.219805,0.0],[-20.074269,81.219801,0.0],[-20.074241,81.22007,0.0],[-20.06896,81.220057,0.0],[-20.068988,81.219788,0.0],[-20.065468,81.219779,0.0],[-20.065496,81.219511,0.0],[-20.061976,81.219502,0.0],[-20.062004,81.219233,0.0],[-20.054964,81.219216,0.0],[-20.054993,81.218947,0.0],[-20.049713,81.218934,0.0],[-20.049684,81.219203,0.0],[-20.047924,81.219198,0.0],[-20.047895,81.219467,0.0],[-20.046135,81.219463,0.0],[-20.046077,81.22,0.0],[-20.044317,81.219996,0.0],[-20.044259,81.220533,0.0],[-20.042498,81.220529,0.0],[-20.042411,81.221335,0.0],[-20.044172,81.221339,0.0],[-20.044143,81.221608,0.0],[-20.043121,81.221605,0.0],[-20.043179,81.221914,0.0],[-20.044561,81.222399,0.0],[-20.046391,81.22271,0.0],[-20.042934,81.222855,0.0],[-20.041178,81.223179,0.0],[-20.03899,81.223523,0.0],[-20.036519,81.223823,0.0],[-20.034648,81.223884,0.0],[-20.032249,81.223528,0.0],[-20.030437,81.223056,0.0],[-20.027746,81.222751,0.0],[-20.024942,81.222174,0.0],[-20.02478,81.222096,0.0],[-20.024721,81.222067,0.0],[-20.024223,81.221826,0.0],[-20.022986,81.221823,0.0]],[[-20.123259,81.205134,0.0],[-20.123286,81.204865,0.0],[-20.125043,81.204869,0.0],[-20.125096,81.204332,0.0],[-20.123339,81.204327,0.0],[-20.123365,81.204059,0.0],[-20.118094,81.204047,0.0],[-20.118014,81.204853,0.0],[-20.119771,81.204857,0.0],[-20.119744,81.205126,0.0],[-20.123259,81.205134,0.0]],[[-20.125229,81.202988,0.0],[-20.125255,81.202719,0.0],[-20.127012,81.202723,0.0],[-20.127038,81.202454,0.0],[-20.125282,81.20245,0.0],[-20.125308,81.202182,0.0],[-20.123551,81.202178,0.0],[-20.123525,81.202446,0.0],[-20.121768,81.202442,0.0],[-20.121741,81.202711,0.0],[-20.123498,81.202715,0.0],[-20.123472,81.202984,0.0],[-20.125229,81.202988,0.0]]]}},{"type":"Feature","properties":{"rgi_id":"RGI2000-v7.0-G-05-17518","o1region":"05"},"geometry":{"type":"Polygon","coordinates":[[[-19.969111,81.232488,0.0],[-19.966636,81.231919,0.0],[-19.966159,81.231955,0.0],[-19.964347,81.23149,0.0],[-19.962151,81.230631,0.0],[-19.962357,81.230106,0.0],[-19.964409,81.229739,0.0],[-19.966233,81.228869,0.0],[-19.967895,81.228151,0.0],[-19.96943,81.228033,0.0],[-19.96945,81.227864,0.0],[-19.971212,81.227869,0.0],[-19.971243,81.2276,0.0],[-19.974767,81.227609,0.0],[-19.974798,81.227341,0.0],[-19.981844,81.22736,0.0],[-19.981813,81.227628,0.0],[-19.983575,81.227633,0.0],[-19.983544,81.227902,0.0],[-19.985306,81.227907,0.0],[-19.985244,81.228444,0.0],[-19.983482,81.228439,0.0],[-19.98339,81.229245,0.0],[-19.985152,81.22925,0.0],[-19.984998,81.230594,0.0],[-19.98676,81.230598,0.0],[-19.986729,81.230867,0.0],[-19.988491,81.230872,0.0],[-19.988461,81.231141,0.0],[-19.990223,81.231145,0.0],[-19.990192,81.231414,0.0],[-19.991955,81.231419,0.0],[-19.991952,81.231445,0.0],[-19.993488,81.231459,0.0],[-19.993309,81.231691,0.0],[-19.993687,81.231692,0.0],[-19.993656,81.231961,0.0],[-19.991894,81.231956,0.0],[-19.991863,81.232225,0.0],[-19.9901,81.23222,0.0],[-19.990039,81.232758,0.0],[-19.989231,81.232755,0.0],[-19.989172,81.232804,0.0],[-19.988417,81.233131,0.0],[-19.985793,81.233474,0.0],[-19.983736,81.233884,0.0],[-19.98319,81.233642,0.0],[-19.982089,81.233223,0.0],[-19.979514,81.23315,0.0],[-19.977658,81.233058,0.0],[-19.97366,81.232872,0.0],[-19.969111,81.232488,0.0]]]}},{"type":"Feature","properties":{"rgi_id":"RGI2000-v7.0-G-05-17520","o1region":"05"},"geometry":{"type":"Polygon","coordinates":[[[-19.454221,81.247705,0.0],[-19.449613,81.247331,0.0],[-19.440209,81.247648,0.0],[-19.435559,81.24751,0.0],[-19.430215,81.246896,0.0],[-19.42725,81.246053,0.0],[-19.429795,81.244878,0.0],[-19.431653,81.244307,0.0],[-19.43074,81.244303,0.0],[-19.430884,81.243497,0.0],[-19.432648,81.243505,0.0],[-19.432744,81.242967,0.0],[-19.434508,81.242974,0.0],[-19.434556,81.242706,0.0],[-19.43632,81.242713,0.0],[-19.436415,81.242176,0.0],[-19.438179,81.242183,0.0],[-19.438274,81.241646,0.0],[-19.440039,81.241653,0.0],[-19.440086,81.241384,0.0],[-19.44185,81.241391,0.0],[-19.441898,81.241123,0.0],[-19.445426,81.241137,0.0],[-19.445473,81.240869,0.0],[-19.447237,81.240876,0.0],[-19.447284,81.240607,0.0],[-19.456104,81.240643,0.0],[-19.456057,81.240912,0.0],[-19.461349,81.240933,0.0],[-19.461302,81.241202,0.0],[-19.475415,81.241259,0.0],[-19.475368,81.241527,0.0],[-19.477132,81.241534,0.0],[-19.47704,81.242072,0.0],[-19.478804,81.242079,0.0],[-19.47848,81.243959,0.0],[-19.480244,81.243966,0.0],[-19.480013,81.24531,0.0],[-19.478248,81.245303,0.0],[-19.478063,81.246377,0.0],[-19.476298,81.24637,0.0],[-19.476251,81.246639,0.0],[-19.474486,81.246632,0.0],[-19.47444,81.246901,0.0],[-19.472674,81.246893,0.0],[-19.472628,81.247162,0.0],[-19.469097,81.247148,0.0],[-19.469144,81.246879,0.0],[-19.468657,81.246877,0.0],[-19.466718,81.247519,0.0],[-19.461882,81.248448,0.0],[-19.455654,81.248422,0.0],[-19.454221,81.247705,0.0]]]}},{"type":"Feature","properties":{"rgi_id":"RGI2000-v7.0-G-05-17521","o1region":"05"},"geometry":{"type":"Polygon","coordinates":[[[-19.292156,81.285113,0.0],[-19.292209,81.284845,0.0],[-19.288663,81.284829,0.0],[-19.288768,81.284292,0.0],[-19.286995,81.284284,0.0],[-19.287048,81.284015,0.0],[-19.285275,81.284007,0.0],[-19.28538,81.28347,0.0],[-19.283608,81.283462,0.0],[-19.283713,81.282925,0.0],[-19.281941,81.282917,0.0],[-19.282046,81.282379,0.0],[-19.280273,81.282371,0.0],[-19.280379,81.281834,0.0],[-19.282151,81.281842,0.0],[-19.282203,81.281573,0.0],[-19.283975,81.281581,0.0],[-19.283923,81.28185,0.0],[-19.287467,81.281866,0.0],[-19.287833,81.279986,0.0],[-19.286062,81.279978,0.0],[-19.286114,81.279709,0.0],[-19.284342,81.279701,0.0],[-19.284395,81.279432,0.0],[-19.282623,81.279424,0.0],[-19.282833,81.27835,0.0],[-19.284605,81.278358,0.0],[-19.285076,81.27594,0.0],[-19.286847,81.275948,0.0],[-19.287004,81.275142,0.0],[-19.288775,81.27515,0.0],[-19.28888,81.274613,0.0],[-19.29065,81.274621,0.0],[-19.290911,81.273277,0.0],[-19.292682,81.273285,0.0],[-19.292786,81.272748,0.0],[-19.294556,81.272756,0.0],[-19.294608,81.272487,0.0],[-19.298149,81.272503,0.0],[-19.298201,81.272234,0.0],[-19.303511,81.272258,0.0],[-19.303459,81.272527,0.0],[-19.30877,81.27255,0.0],[-19.308718,81.272819,0.0],[-19.324651,81.272889,0.0],[-19.324702,81.272621,0.0],[-19.328243,81.272636,0.0],[-19.328294,81.272367,0.0],[-19.330064,81.272375,0.0],[-19.330115,81.272106,0.0],[-19.331885,81.272114,0.0],[-19.331936,81.271846,0.0],[-19.333706,81.271853,0.0],[-19.334062,81.269973,0.0],[-19.332292,81.269965,0.0],[-19.332394,81.269428,0.0],[-19.330625,81.26942,0.0],[-19.330727,81.268883,0.0],[-19.328957,81.268875,0.0],[-19.329059,81.268338,0.0],[-19.32729,81.26833,0.0],[-19.327341,81.268061,0.0],[-19.325572,81.268054,0.0],[-19.325623,81.267785,0.0],[-19.323853,81.267777,0.0],[-19.323905,81.267508,0.0],[-19.322135,81.267501,0.0],[-19.322289,81.266695,0.0],[-19.324058,81.266703,0.0],[-19.32416,81.266165,0.0],[-19.325929,81.266173,0.0],[-19.32598,81.265904,0.0],[-19.327749,81.265912,0.0],[-19.3278,81.265643,0.0],[-19.329569,81.265651,0.0],[-19.32962,81.265383,0.0],[-19.331389,81.26539,0.0],[-19.331491,81.264853,0.0],[-19.33326,81.264861,0.0],[-19.333361,81.264323,0.0],[-19.33513,81.264331,0.0],[-19.335231,81.263794,0.0],[-19.337,81.263802,0.0],[-19.337051,81.263533,0.0],[-19.338819,81.263541,0.0],[-19.33887,81.263272,0.0],[-19.340638,81.26328,0.0],[-19.340689,81.263011,0.0],[-19.345994,81.263034,0.0],[-19.346044,81.262765,0.0],[-19.353117,81.262796,0.0],[-19.353168,81.262527,0.0],[-19.356704,81.262543,0.0],[-19.356654,81.262811,0.0],[-19.365496,81.262849,0.0],[-19.365446,81.263118,0.0],[-19.368982,81.263133,0.0],[-19.368933,81.263402,0.0],[-19.370701,81.263409,0.0],[-19.370651,81.263678,0.0],[-19.37242,81.263685,0.0],[-19.37237,81.263954,0.0],[-19.374139,81.263962,0.0],[-19.374089,81.26423,0.0],[-19.375858,81.264238,0.0],[-19.375808,81.264507,0.0],[-19.379345,81.264522,0.0],[-19.379296,81.26479,0.0],[-19.381065,81.264798,0.0],[-19.381015,81.265066,0.0],[-19.384553,81.265081,0.0],[-19.384504,81.26535,0.0],[-19.38981,81.265372,0.0],[-19.389761,81.265641,0.0],[-19.393299,81.265656,0.0],[-19.39325,81.265925,0.0],[-19.396788,81.26594,0.0],[-19.396837,81.265671,0.0],[-19.400374,81.265686,0.0],[-19.400423,81.265417,0.0],[-19.403961,81.265432,0.0],[-19.403912,81.265701,0.0],[-19.40745,81.265715,0.0],[-19.407401,81.265984,0.0],[-19.40917,81.265991,0.0],[-19.409122,81.26626,0.0],[-19.410891,81.266267,0.0],[-19.410842,81.266536,0.0],[-19.412611,81.266543,0.0],[-19.412418,81.267618,0.0],[-19.410648,81.267611,0.0],[-19.410211,81.270029,0.0],[-19.408442,81.270021,0.0],[-19.408393,81.27029,0.0],[-19.404853,81.270275,0.0],[-19.404902,81.270006,0.0],[-19.401363,81.269992,0.0],[-19.401411,81.269723,0.0],[-19.399642,81.269716,0.0],[-19.39969,81.269447,0.0],[-19.394381,81.269425,0.0],[-19.394431,81.269156,0.0],[-19.382043,81.269104,0.0],[-19.381994,81.269372,0.0],[-19.378455,81.269357,0.0],[-19.378405,81.269626,0.0],[-19.376635,81.269618,0.0],[-19.376586,81.269887,0.0],[-19.374816,81.26988,0.0],[-19.374767,81.270148,0.0],[-19.372997,81.270141,0.0],[-19.372947,81.270409,0.0],[-19.367638,81.270387,0.0],[-19.367588,81.270655,0.0],[-19.365818,81.270648,0.0],[-19.365768,81.270916,0.0],[-19.362228,81.270901,0.0],[-19.362178,81.27117,0.0],[-19.360408,81.271162,0.0],[-19.360158,81.272506,0.0],[-19.358387,81.272498,0.0],[-19.357886,81.275184,0.0],[-19.361427,81.2752,0.0],[-19.361327,81.275737,0.0],[-19.363098,81.275745,0.0],[-19.362948,81.276551,0.0],[-19.361177,81.276543,0.0],[-19.361077,81.27708,0.0],[-19.359306,81.277073,0.0],[-19.359255,81.277341,0.0],[-19.357484,81.277334,0.0],[-19.357384,81.277871,0.0],[-19.355612,81.277863,0.0],[-19.355562,81.278132,0.0],[-19.353791,81.278124,0.0],[-19.353741,81.278393,0.0],[-19.351969,81.278385,0.0],[-19.351919,81.278654,0.0],[-19.350147,81.278646,0.0],[-19.350097,81.278915,0.0],[-19.348325,81.278907,0.0],[-19.348376,81.278639,0.0],[-19.346604,81.278631,0.0],[-19.346655,81.278362,0.0],[-19.348426,81.27837,0.0],[-19.348527,81.277833,0.0],[-19.350299,81.27784,0.0],[-19.3505,81.276766,0.0],[-19.346958,81.276751,0.0],[-19.346907,81.277019,0.0],[-19.345136,81.277012,0.0],[-19.345035,81.277549,0.0],[-19.343264,81.277541,0.0],[-19.343163,81.278078,0.0],[-19.341391,81.278071,0.0],[-19.341188,81.279145,0.0],[-19.34296,81.279153,0.0],[-19.342859,81.27969,0.0],[-19.341087,81.279683,0.0],[-19.341036,81.279951,0.0],[-19.337493,81.279936,0.0],[-19.337442,81.280205,0.0],[-19.33567,81.280197,0.0],[-19.335619,81.280465,0.0],[-19.333848,81.280458,0.0],[-19.333797,81.280726,0.0],[-19.335568,81.280734,0.0],[-19.335518,81.281003,0.0],[-19.337289,81.28101,0.0],[-19.337239,81.281279,0.0],[-19.339011,81.281287,0.0],[-19.338858,81.282093,0.0],[-19.337086,81.282085,0.0],[-19.337035,81.282354,0.0],[-19.335263,81.282346,0.0],[-19.335314,81.282077,0.0],[-19.329997,81.282054,0.0],[-19.330049,81.281786,0.0],[-19.326504,81.28177,0.0],[-19.326453,81.282039,0.0],[-19.324681,81.282031,0.0],[-19.32463,81.2823,0.0],[-19.322858,81.282292,0.0],[-19.322806,81.28256,0.0],[-19.321034,81.282553,0.0],[-19.320983,81.282821,0.0],[-19.31921,81.282813,0.0],[-19.319159,81.283082,0.0],[-19.317387,81.283074,0.0],[-19.317335,81.283343,0.0],[-19.315563,81.283335,0.0],[-19.31546,81.283872,0.0],[-19.313687,81.283865,0.0],[-19.313636,81.284133,0.0],[-19.304773,81.284094,0.0],[-19.304825,81.283825,0.0],[-19.303052,81.283818,0.0],[-19.303104,81.283549,0.0],[-19.296015,81.283517,0.0],[-19.296067,81.283249,0.0],[-19.294294,81.283241,0.0],[-19.294399,81.282704,0.0],[-19.290854,81.282688,0.0],[-19.290593,81.284031,0.0],[-19.292365,81.284039,0.0],[-19.292313,81.284308,0.0],[-19.294086,81.284315,0.0],[-19.294033,81.284584,0.0],[-19.295806,81.284592,0.0],[-19.295702,81.285129,0.0],[-19.292156,81.285113,0.0]]]}},{"type":"Feature","properties":{"rgi_id":"RGI2000-v7.0-G-05-17522","o1region":"05"},"geometry":{"type":"Polygon","coordinates":[[[-19.518192,81.188196,0.0],[-19.519484,81.188464,0.0],[-19.524292,81.189337,0.0],[-19.530847,81.19088,0.0],[-19.538704,81.192048,0.0],[-19.5435,81.193015,0.0],[-19.546486,81.19369,0.0],[-19.548234,81.194361,0.0],[-19.549339,81.194769,0.0],[-19.54662,81.194758,0.0],[-19.546576,81.195027,0.0],[-19.544822,81.19502,0.0],[-19.544689,81.195826,0.0],[-19.542934,81.195819,0.0],[-19.54289,81.196088,0.0],[-19.541135,81.196081,0.0],[-19.541091,81.19635,0.0],[-19.539336,81.196343,0.0],[-19.539291,81.196612,0.0],[-19.537536,81.196605,0.0],[-19.537492,81.196874,0.0],[-19.535737,81.196867,0.0],[-19.535692,81.197136,0.0],[-19.533937,81.197129,0.0],[-19.533892,81.197398,0.0],[-19.528626,81.197377,0.0],[-19.528582,81.197646,0.0],[-19.526826,81.197639,0.0],[-19.526737,81.198176,0.0],[-19.524981,81.19817,0.0],[-19.524847,81.198976,0.0],[-19.523092,81.198969,0.0],[-19.523047,81.199237,0.0],[-19.521291,81.199231,0.0],[-19.521157,81.200037,0.0],[-19.519401,81.20003,0.0],[-19.519311,81.200567,0.0],[-19.517555,81.20056,0.0],[-19.51751,81.200829,0.0],[-19.515754,81.200822,0.0],[-19.515664,81.201359,0.0],[-19.513908,81.201352,0.0],[-19.513863,81.201621,0.0],[-19.512107,81.201614,0.0],[-19.512017,81.202152,0.0],[-19.51026,81.202145,0.0],[-19.510215,81.202413,0.0],[-19.508459,81.202406,0.0],[-19.508414,81.202675,0.0],[-19.506657,81.202668,0.0],[-19.506612,81.202937,0.0],[-19.504855,81.20293,0.0],[-19.504629,81.204273,0.0],[-19.506386,81.20428,0.0],[-19.506295,81.204818,0.0],[-19.504538,81.204811,0.0],[-19.504447,81.205348,0.0],[-19.502691,81.205341,0.0],[-19.5026,81.205878,0.0],[-19.500843,81.205871,0.0],[-19.500797,81.20614,0.0],[-19.492012,81.206105,0.0],[-19.491966,81.206374,0.0],[-19.486695,81.206353,0.0],[-19.486649,81.206622,0.0],[-19.484891,81.206615,0.0],[-19.484846,81.206883,0.0],[-19.481331,81.206869,0.0],[-19.481377,81.206601,0.0],[-19.476106,81.206579,0.0],[-19.476059,81.206848,0.0],[-19.474302,81.206841,0.0],[-19.474256,81.20711,0.0],[-19.472499,81.207103,0.0],[-19.472452,81.207371,0.0],[-19.470695,81.207364,0.0],[-19.470602,81.207901,0.0],[-19.468845,81.207894,0.0],[-19.468752,81.208432,0.0],[-19.466994,81.208425,0.0],[-19.466901,81.208962,0.0],[-19.465144,81.208955,0.0],[-19.465051,81.209492,0.0],[-19.463293,81.209485,0.0],[-19.463153,81.210291,0.0],[-19.461395,81.210284,0.0],[-19.461255,81.21109,0.0],[-19.459497,81.211083,0.0],[-19.459404,81.21162,0.0],[-19.457645,81.211613,0.0],[-19.457505,81.212419,0.0],[-19.455747,81.212412,0.0],[-19.455653,81.212949,0.0],[-19.453895,81.212942,0.0],[-19.453801,81.213479,0.0],[-19.452042,81.213472,0.0],[-19.451995,81.213741,0.0],[-19.450237,81.213734,0.0],[-19.45019,81.214002,0.0],[-19.448431,81.213995,0.0],[-19.448384,81.214264,0.0],[-19.443108,81.214242,0.0],[-19.442872,81.215585,0.0],[-19.441113,81.215578,0.0],[-19.441065,81.215847,0.0],[-19.439306,81.21584,0.0],[-19.439259,81.216108,0.0],[-19.4375,81.216101,0.0],[-19.437405,81.216638,0.0],[-19.435646,81.216631,0.0],[-19.435599,81.2169,0.0],[-19.433839,81.216893,0.0],[-19.433792,81.217161,0.0],[-19.430273,81.217147,0.0],[-19.430226,81.217415,0.0],[-19.428466,81.217408,0.0],[-19.428419,81.217677,0.0],[-19.419622,81.21764,0.0],[-19.41967,81.217372,0.0],[-19.414392,81.21735,0.0],[-19.414344,81.217618,0.0],[-19.412585,81.217611,0.0],[-19.412488,81.218148,0.0],[-19.410729,81.218141,0.0],[-19.410681,81.218409,0.0],[-19.408921,81.218402,0.0],[-19.408873,81.218671,0.0],[-19.407113,81.218663,0.0],[-19.407017,81.219201,0.0],[-19.405257,81.219193,0.0],[-19.405209,81.219462,0.0],[-19.403449,81.219455,0.0],[-19.403401,81.219723,0.0],[-19.401641,81.219716,0.0],[-19.401592,81.219984,0.0],[-19.399832,81.219977,0.0],[-19.399735,81.220514,0.0],[-19.397975,81.220507,0.0],[-19.397927,81.220776,0.0],[-19.396167,81.220768,0.0],[-19.396118,81.221037,0.0],[-19.394358,81.221029,0.0],[-19.394261,81.221567,0.0],[-19.392501,81.221559,0.0],[-19.392452,81.221828,0.0],[-19.390692,81.22182,0.0],[-19.390594,81.222358,0.0],[-19.388834,81.22235,0.0],[-19.388785,81.222619,0.0],[-19.387024,81.222611,0.0],[-19.386975,81.22288,0.0],[-19.385215,81.222873,0.0],[-19.385166,81.223141,0.0],[-19.383406,81.223134,0.0],[-19.383356,81.223402,0.0],[-19.381596,81.223395,0.0],[-19.381547,81.223664,0.0],[-19.379786,81.223656,0.0],[-19.379737,81.223925,0.0],[-19.377977,81.223917,0.0],[-19.377878,81.224455,0.0],[-19.376117,81.224447,0.0],[-19.376019,81.224984,0.0],[-19.374258,81.224977,0.0],[-19.374209,81.225245,0.0],[-19.372448,81.225238,0.0],[-19.372349,81.225775,0.0],[-19.370588,81.225768,0.0],[-19.37039,81.226842,0.0],[-19.368629,81.226835,0.0],[-19.368083,81.22979,0.0],[-19.369845,81.229797,0.0],[-19.369696,81.230603,0.0],[-19.371458,81.230611,0.0],[-19.371409,81.23088,0.0],[-19.373171,81.230887,0.0],[-19.373121,81.231156,0.0],[-19.374883,81.231163,0.0],[-19.37434,81.234119,0.0],[-19.372577,81.234111,0.0],[-19.372478,81.234648,0.0],[-19.370715,81.234641,0.0],[-19.370666,81.234909,0.0],[-19.368903,81.234902,0.0],[-19.368853,81.235171,0.0],[-19.365328,81.235155,0.0],[-19.365278,81.235424,0.0],[-19.358227,81.235394,0.0],[-19.358277,81.235125,0.0],[-19.356514,81.235117,0.0],[-19.356564,81.234849,0.0],[-19.354801,81.234841,0.0],[-19.354851,81.234572,0.0],[-19.353089,81.234565,0.0],[-19.353139,81.234296,0.0],[-19.351376,81.234289,0.0],[-19.351426,81.23402,0.0],[-19.349664,81.234012,0.0],[-19.349714,81.233744,0.0],[-19.347952,81.233736,0.0],[-19.348002,81.233467,0.0],[-19.344477,81.233452,0.0],[-19.344527,81.233183,0.0],[-19.342765,81.233176,0.0],[-19.342815,81.232907,0.0],[-19.341053,81.232899,0.0],[-19.341104,81.232631,0.0],[-19.339341,81.232623,0.0],[-19.339392,81.232354,0.0],[-19.33763,81.232347,0.0],[-19.33768,81.232078,0.0],[-19.334156,81.232063,0.0],[-19.334207,81.231794,0.0],[-19.32892,81.231771,0.0],[-19.328971,81.231502,0.0],[-19.327209,81.231494,0.0],[-19.32726,81.231226,0.0],[-19.325498,81.231218,0.0],[-19.325549,81.230949,0.0],[-19.322025,81.230934,0.0],[-19.321974,81.231202,0.0],[-19.320212,81.231195,0.0],[-19.320161,81.231463,0.0],[-19.318399,81.231455,0.0],[-19.318348,81.231724,0.0],[-19.316586,81.231716,0.0],[-19.316535,81.231985,0.0],[-19.314773,81.231977,0.0],[-19.314721,81.232246,0.0],[-19.312959,81.232238,0.0],[-19.312908,81.232507,0.0],[-19.311146,81.232499,0.0],[-19.311094,81.232767,0.0],[-19.30757,81.232752,0.0],[-19.307467,81.233289,0.0],[-19.305705,81.233281,0.0],[-19.305653,81.23355,0.0],[-19.303891,81.233542,0.0],[-19.303736,81.234348,0.0],[-19.301973,81.23434,0.0],[-19.301767,81.235415,0.0],[-19.30353,81.235422,0.0],[-19.303426,81.23596,0.0],[-19.301664,81.235952,0.0],[-19.301457,81.237026,0.0],[-19.299694,81.237019,0.0],[-19.299642,81.237287,0.0],[-19.297879,81.237279,0.0],[-19.297724,81.238085,0.0],[-19.29596,81.238077,0.0],[-19.295701,81.239421,0.0],[-19.293937,81.239413,0.0],[-19.293886,81.239681,0.0],[-19.292122,81.239673,0.0],[-19.29207,81.239942,0.0],[-19.290306,81.239934,0.0],[-19.290254,81.240203,0.0],[-19.288491,81.240195,0.0],[-19.288386,81.240732,0.0],[-19.286623,81.240724,0.0],[-19.286466,81.24153,0.0],[-19.28823,81.241538,0.0],[-19.288178,81.241807,0.0],[-19.289942,81.241815,0.0],[-19.28989,81.242083,0.0],[-19.291654,81.242091,0.0],[-19.291602,81.24236,0.0],[-19.289838,81.242352,0.0],[-19.289786,81.242621,0.0],[-19.288022,81.242613,0.0],[-19.288074,81.242344,0.0],[-19.28631,81.242336,0.0],[-19.286362,81.242067,0.0],[-19.284598,81.242059,0.0],[-19.28465,81.241791,0.0],[-19.281122,81.241775,0.0],[-19.28107,81.242044,0.0],[-19.277541,81.242028,0.0],[-19.277489,81.242296,0.0],[-19.275725,81.242288,0.0],[-19.275672,81.242557,0.0],[-19.273908,81.242549,0.0],[-19.273856,81.242818,0.0],[-19.272091,81.24281,0.0],[-19.271986,81.243347,0.0],[-19.270222,81.243339,0.0],[-19.270169,81.243607,0.0],[-19.266641,81.243591,0.0],[-19.266588,81.24386,0.0],[-19.263059,81.243844,0.0],[-19.263006,81.244113,0.0],[-19.259477,81.244096,0.0],[-19.259424,81.244365,0.0],[-19.252366,81.244333,0.0],[-19.252419,81.244064,0.0],[-19.250655,81.244056,0.0],[-19.250708,81.243787,0.0],[-19.248944,81.243779,0.0],[-19.248997,81.243511,0.0],[-19.247233,81.243502,0.0],[-19.247286,81.243234,0.0],[-19.241993,81.243209,0.0],[-19.242047,81.242941,0.0],[-19.238518,81.242924,0.0],[-19.238572,81.242656,0.0],[-19.23328,81.242631,0.0],[-19.233333,81.242363,0.0],[-19.231569,81.242354,0.0],[-19.231623,81.242086,0.0],[-19.226331,81.242061,0.0],[-19.226385,81.241793,0.0],[-19.224621,81.241784,0.0],[-19.224675,81.241516,0.0],[-19.222911,81.241508,0.0],[-19.222965,81.241239,0.0],[-19.221201,81.241231,0.0],[-19.221255,81.240962,0.0],[-19.219492,81.240954,0.0],[-19.219546,81.240685,0.0],[-19.216018,81.240669,0.0],[-19.216073,81.2404,0.0],[-19.214309,81.240392,0.0],[-19.214363,81.240123,0.0],[-19.2126,81.240115,0.0],[-19.212654,81.239846,0.0],[-19.214418,81.239854,0.0],[-19.214635,81.23878,0.0],[-19.212872,81.238772,0.0],[-19.213198,81.23716,0.0],[-19.214961,81.237168,0.0],[-19.215178,81.236094,0.0],[-19.213415,81.236085,0.0],[-19.213633,81.235011,0.0],[-19.21187,81.235003,0.0],[-19.211979,81.234465,0.0],[-19.210216,81.234457,0.0],[-19.210271,81.234188,0.0],[-19.208508,81.23418,0.0],[-19.208726,81.233106,0.0],[-19.206964,81.233097,0.0],[-19.207018,81.232829,0.0],[-19.205256,81.23282,0.0],[-19.205311,81.232552,0.0],[-19.203549,81.232543,0.0],[-19.203658,81.232006,0.0],[-19.201896,81.231998,0.0],[-19.201951,81.231729,0.0],[-19.200189,81.231721,0.0],[-19.200243,81.231452,0.0],[-19.198482,81.231444,0.0],[-19.198536,81.231175,0.0],[-19.196775,81.231167,0.0],[-19.196829,81.230898,0.0],[-19.195068,81.23089,0.0],[-19.195122,81.230621,0.0],[-19.191599,81.230604,0.0],[-19.191654,81.230336,0.0],[-19.188131,81.230319,0.0],[-19.188186,81.23005,0.0],[-19.186424,81.230042,0.0],[-19.186479,81.229773,0.0],[-19.184718,81.229765,0.0],[-19.184773,81.229496,0.0],[-19.18125,81.229479,0.0],[-19.181305,81.229211,0.0],[-19.179544,81.229202,0.0],[-19.179599,81.228934,0.0],[-19.177838,81.228925,0.0],[-19.177893,81.228657,0.0],[-19.176132,81.228648,0.0],[-19.176187,81.22838,0.0],[-19.174426,81.228371,0.0],[-19.174482,81.228103,0.0],[-19.17272,81.228094,0.0],[-19.172776,81.227825,0.0],[-19.16397,81.227783,0.0],[-19.164026,81.227514,0.0],[-19.162265,81.227506,0.0],[-19.162377,81.226969,0.0],[-19.160616,81.22696,0.0],[-19.160728,81.226423,0.0],[-19.162488,81.226431,0.0],[-19.162656,81.225626,0.0],[-19.164417,81.225634,0.0],[-19.164807,81.223754,0.0],[-19.166567,81.223762,0.0],[-19.166679,81.223225,0.0],[-19.168439,81.223233,0.0],[-19.16855,81.222696,0.0],[-19.17031,81.222705,0.0],[-19.170421,81.222167,0.0],[-19.172181,81.222176,0.0],[-19.172292,81.221639,0.0],[-19.174052,81.221647,0.0],[-19.174163,81.22111,0.0],[-19.175923,81.221118,0.0],[-19.176034,81.220581,0.0],[-19.177793,81.22059,0.0],[-19.177849,81.220321,0.0],[-19.179608,81.220329,0.0],[-19.179664,81.220061,0.0],[-19.181423,81.220069,0.0],[-19.181478,81.219801,0.0],[-19.183238,81.219809,0.0],[-19.183293,81.21954,0.0],[-19.185053,81.219549,0.0],[-19.185273,81.218474,0.0],[-19.183514,81.218466,0.0],[-19.183569,81.218197,0.0],[-19.18181,81.218189,0.0],[-19.18203,81.217114,0.0],[-19.180271,81.217106,0.0],[-19.180382,81.216569,0.0],[-19.178623,81.21656,0.0],[-19.178954,81.214948,0.0],[-19.180713,81.214957,0.0],[-19.180768,81.214688,0.0],[-19.182527,81.214697,0.0],[-19.182637,81.214159,0.0],[-19.184395,81.214168,0.0],[-19.184451,81.213899,0.0],[-19.186209,81.213908,0.0],[-19.186264,81.213639,0.0],[-19.188022,81.213647,0.0],[-19.188077,81.213379,0.0],[-19.189835,81.213387,0.0],[-19.18989,81.213118,0.0],[-19.191649,81.213127,0.0],[-19.191703,81.212858,0.0],[-19.193462,81.212867,0.0],[-19.193516,81.212598,0.0],[-19.195275,81.212606,0.0],[-19.195329,81.212338,0.0],[-19.197087,81.212346,0.0],[-19.197142,81.212077,0.0],[-19.1989,81.212086,0.0],[-19.198955,81.211817,0.0],[-19.200713,81.211826,0.0],[-19.200767,81.211557,0.0],[-19.204283,81.211574,0.0],[-19.204338,81.211305,0.0],[-19.206095,81.211313,0.0],[-19.20615,81.211045,0.0],[-19.207908,81.211053,0.0],[-19.207962,81.210784,0.0],[-19.20972,81.210793,0.0],[-19.209774,81.210524,0.0],[-19.21329,81.210541,0.0],[-19.213344,81.210272,0.0],[-19.215101,81.21028,0.0],[-19.215156,81.210012,0.0],[-19.216913,81.21002,0.0],[-19.216967,81.209751,0.0],[-19.218725,81.209759,0.0],[-19.218779,81.209491,0.0],[-19.220536,81.209499,0.0],[-19.22059,81.20923,0.0],[-19.22762,81.209263,0.0],[-19.227674,81.208995,0.0],[-19.229432,81.209003,0.0],[-19.229485,81.208734,0.0],[-19.233,81.208751,0.0],[-19.233054,81.208482,0.0],[-19.234811,81.20849,0.0],[-19.234864,81.208222,0.0],[-19.236622,81.20823,0.0],[-19.236675,81.207961,0.0],[-19.238432,81.207969,0.0],[-19.238486,81.207701,0.0],[-19.240243,81.207709,0.0],[-19.240296,81.20744,0.0],[-19.242054,81.207448,0.0],[-19.242107,81.20718,0.0],[-19.243864,81.207188,0.0],[-19.243917,81.206919,0.0],[-19.245674,81.206927,0.0],[-19.245727,81.206659,0.0],[-19.247484,81.206667,0.0],[-19.247538,81.206398,0.0],[-19.249295,81.206406,0.0],[-19.249401,81.205869,0.0],[-19.247644,81.205861,0.0],[-19.247697,81.205592,0.0],[-19.24594,81.205584,0.0],[-19.245993,81.205316,0.0],[-19.244237,81.205307,0.0],[-19.24429,81.205039,0.0],[-19.240776,81.205022,0.0],[-19.24083,81.204754,0.0],[-19.23556,81.204729,0.0],[-19.235774,81.203655,0.0],[-19.23753,81.203663,0.0],[-19.237584,81.203394,0.0],[-19.23934,81.203403,0.0],[-19.239393,81.203134,0.0],[-19.24115,81.203142,0.0],[-19.241203,81.202873,0.0],[-19.242959,81.202882,0.0],[-19.243012,81.202613,0.0],[-19.244769,81.202621,0.0],[-19.244822,81.202352,0.0],[-19.246578,81.202361,0.0],[-19.246631,81.202092,0.0],[-19.248387,81.2021,0.0],[-19.24844,81.201831,0.0],[-19.250196,81.20184,0.0],[-19.250249,81.201571,0.0],[-19.252005,81.201579,0.0],[-19.252111,81.201042,0.0],[-19.253867,81.20105,0.0],[-19.25392,81.200781,0.0],[-19.255676,81.200789,0.0],[-19.255729,81.200521,0.0],[-19.260996,81.200545,0.0],[-19.261049,81.200276,0.0],[-19.262804,81.200284,0.0],[-19.262857,81.200016,0.0],[-19.264613,81.200024,0.0],[-19.264665,81.199755,0.0],[-19.266421,81.199763,0.0],[-19.266473,81.199494,0.0],[-19.268229,81.199502,0.0],[-19.268386,81.198697,0.0],[-19.270142,81.198705,0.0],[-19.270194,81.198436,0.0],[-19.27195,81.198444,0.0],[-19.272002,81.198175,0.0],[-19.273757,81.198183,0.0],[-19.27381,81.197915,0.0],[-19.275565,81.197923,0.0],[-19.275669,81.197385,0.0],[-19.277425,81.197393,0.0],[-19.277477,81.197125,0.0],[-19.279232,81.197133,0.0],[-19.279284,81.196864,0.0],[-19.281039,81.196872,0.0],[-19.281143,81.196335,0.0],[-19.282898,81.196343,0.0],[-19.28295,81.196074,0.0],[-19.284705,81.196082,0.0],[-19.284757,81.195813,0.0],[-19.286512,81.195821,0.0],[-19.286616,81.195284,0.0],[-19.28837,81.195292,0.0],[-19.288422,81.195023,0.0],[-19.290177,81.195031,0.0],[-19.290229,81.194763,0.0],[-19.293738,81.194778,0.0],[-19.29379,81.19451,0.0],[-19.297299,81.194526,0.0],[-19.297351,81.194257,0.0],[-19.313142,81.194328,0.0],[-19.313193,81.194059,0.0],[-19.314948,81.194067,0.0],[-19.31505,81.19353,0.0],[-19.316804,81.193537,0.0],[-19.316855,81.193269,0.0],[-19.322118,81.193292,0.0],[-19.322169,81.193023,0.0],[-19.323923,81.193031,0.0],[-19.323974,81.192763,0.0],[-19.329237,81.192786,0.0],[-19.329187,81.193054,0.0],[-19.332695,81.19307,0.0],[-19.332746,81.192801,0.0],[-19.3345,81.192809,0.0],[-19.334551,81.19254,0.0],[-19.336305,81.192548,0.0],[-19.336355,81.192279,0.0],[-19.338109,81.192287,0.0],[-19.33816,81.192018,0.0],[-19.341668,81.192034,0.0],[-19.341618,81.192303,0.0],[-19.343372,81.19231,0.0],[-19.343272,81.192848,0.0],[-19.345026,81.192855,0.0],[-19.344976,81.193124,0.0],[-19.346731,81.193131,0.0],[-19.34668,81.1934,0.0],[-19.348435,81.193408,0.0],[-19.348385,81.193676,0.0],[-19.350139,81.193684,0.0],[-19.35009,81.193953,0.0],[-19.351844,81.19396,0.0],[-19.351794,81.194229,0.0],[-19.355303,81.194244,0.0],[-19.355254,81.194513,0.0],[-19.357008,81.194521,0.0],[-19.356959,81.194789,0.0],[-19.358713,81.194797,0.0],[-19.358614,81.195334,0.0],[-19.360369,81.195342,0.0],[-19.36027,81.195879,0.0],[-19.362025,81.195887,0.0],[-19.361925,81.196424,0.0],[-19.36368,81.196432,0.0],[-19.363631,81.1967,0.0],[-19.365386,81.196708,0.0],[-19.365287,81.197245,0.0],[-19.367042,81.197253,0.0],[-19.366943,81.19779,0.0],[-19.368699,81.197798,0.0],[-19.368649,81.198066,0.0],[-19.370405,81.198074,0.0],[-19.370355,81.198342,0.0],[-19.382644,81.198395,0.0],[-19.382693,81.198126,0.0],[-19.384448,81.198134,0.0],[-19.384497,81.197865,0.0],[-19.386252,81.197873,0.0],[-19.38635,81.197335,0.0],[-19.388105,81.197343,0.0],[-19.388154,81.197074,0.0],[-19.391665,81.197089,0.0],[-19.391713,81.196821,0.0],[-19.393469,81.196828,0.0],[-19.393566,81.196291,0.0],[-19.395321,81.196298,0.0],[-19.395807,81.193612,0.0],[-19.404579,81.193649,0.0],[-19.404531,81.193917,0.0],[-19.409795,81.193939,0.0],[-19.409747,81.194208,0.0],[-19.413256,81.194223,0.0],[-19.413208,81.194491,0.0],[-19.416718,81.194506,0.0],[-19.41667,81.194775,0.0],[-19.423689,81.194804,0.0],[-19.423737,81.194535,0.0],[-19.430756,81.194565,0.0],[-19.430708,81.194833,0.0],[-19.432463,81.194841,0.0],[-19.432416,81.195109,0.0],[-19.435925,81.195124,0.0],[-19.435878,81.195392,0.0],[-19.437633,81.1954,0.0],[-19.437586,81.195668,0.0],[-19.442851,81.19569,0.0],[-19.442898,81.195421,0.0],[-19.448163,81.195443,0.0],[-19.44821,81.195174,0.0],[-19.449964,81.195181,0.0],[-19.450011,81.194913,0.0],[-19.451766,81.19492,0.0],[-19.45186,81.194383,0.0],[-19.453615,81.19439,0.0],[-19.453896,81.192778,0.0],[-19.452141,81.192771,0.0],[-19.452235,81.192233,0.0],[-19.45048,81.192226,0.0],[-19.450574,81.191689,0.0],[-19.44882,81.191682,0.0],[-19.448867,81.191413,0.0],[-19.447113,81.191406,0.0],[-19.447207,81.190868,0.0],[-19.445453,81.190861,0.0],[-19.445641,81.189787,0.0],[-19.450902,81.189808,0.0],[-19.450856,81.190077,0.0],[-19.454363,81.190091,0.0],[-19.454317,81.19036,0.0],[-19.457825,81.190374,0.0],[-19.457778,81.190643,0.0],[-19.459532,81.19065,0.0],[-19.459485,81.190919,0.0],[-19.461239,81.190926,0.0],[-19.461193,81.191194,0.0],[-19.462947,81.191202,0.0],[-19.4629,81.19147,0.0],[-19.466409,81.191484,0.0],[-19.466362,81.191753,0.0],[-19.468117,81.19176,0.0],[-19.46807,81.192029,0.0],[-19.471579,81.192043,0.0],[-19.471533,81.192312,0.0],[-19.473287,81.192319,0.0],[-19.473241,81.192587,0.0],[-19.483767,81.19263,0.0],[-19.483721,81.192898,0.0],[-19.488985,81.192919,0.0],[-19.488939,81.193188,0.0],[-19.494203,81.193209,0.0],[-19.494248,81.19294,0.0],[-19.496003,81.192947,0.0],[-19.496048,81.192679,0.0],[-19.497803,81.192686,0.0],[-19.497848,81.192417,0.0],[-19.499603,81.192424,0.0],[-19.499693,81.191887,0.0],[-19.501448,81.191894,0.0],[-19.501538,81.191356,0.0],[-19.503293,81.191363,0.0],[-19.503474,81.190289,0.0],[-19.505228,81.190295,0.0],[-19.505409,81.189221,0.0],[-19.507162,81.189228,0.0],[-19.507208,81.188959,0.0],[-19.512469,81.18898,0.0],[-19.512514,81.188711,0.0],[-19.514267,81.188718,0.0],[-19.514312,81.188449,0.0],[-19.51782,81.188463,0.0],[-19.517864,81.188194,0.0],[-19.518192,81.188196,0.0]],[[-19.26435,81.201367,0.0],[-19.26414,81.202441,0.0],[-19.269408,81.202466,0.0],[-19.269461,81.202197,0.0],[-19.271217,81.202205,0.0],[-19.271321,81.201668,0.0],[-19.269565,81.20166,0.0],[-19.269618,81.201391,0.0],[-19.26435,81.201367,0.0]],[[-19.442756,81.196227,0.0],[-19.442615,81.197033,0.0],[-19.44437,81.19704,0.0],[-19.444417,81.196772,0.0],[-19.446172,81.196779,0.0],[-19.446267,81.196242,0.0],[-19.442756,81.196227,0.0]]]}},{"type":"Feature","properties":{"rgi_id":"RGI2000-v7.0-G-05-17523","o1region":"05"},"geometry":{"type":"Polygon","coordinates":[[[-18.769404,81.35208,0.0],[-18.769473,81.351812,0.0],[-18.765902,81.351791,0.0],[-18.765971,81.351522,0.0],[-18.764185,81.351512,0.0],[-18.764254,81.351243,0.0],[-18.762468,81.351233,0.0],[-18.762537,81.350964,0.0],[-18.760752,81.350954,0.0],[-18.761235,81.349074,0.0],[-18.759449,81.349064,0.0],[-18.759519,81.348795,0.0],[-18.754163,81.348764,0.0],[-18.754232,81.348495,0.0],[-18.752447,81.348485,0.0],[-18.752655,81.347679,0.0],[-18.75087,81.347669,0.0],[-18.751078,81.346863,0.0],[-18.749294,81.346853,0.0],[-18.749571,81.345779,0.0],[-18.747786,81.345768,0.0],[-18.748133,81.344425,0.0],[-18.746349,81.344415,0.0],[-18.746627,81.343341,0.0],[-18.744843,81.34333,0.0],[-18.744982,81.342793,0.0],[-18.746765,81.342804,0.0],[-18.747251,81.340924,0.0],[-18.749035,81.340934,0.0],[-18.749104,81.340666,0.0],[-18.74732,81.340655,0.0],[-18.74739,81.340387,0.0],[-18.738473,81.340334,0.0],[-18.738403,81.340603,0.0],[-18.73662,81.340592,0.0],[-18.736481,81.34113,0.0],[-18.734697,81.341119,0.0],[-18.734627,81.341388,0.0],[-18.732844,81.341377,0.0],[-18.732774,81.341646,0.0],[-18.73099,81.341635,0.0],[-18.73092,81.341904,0.0],[-18.729137,81.341893,0.0],[-18.729067,81.342162,0.0],[-18.727283,81.342151,0.0],[-18.727353,81.341883,0.0],[-18.72557,81.341872,0.0],[-18.72578,81.341066,0.0],[-18.727563,81.341077,0.0],[-18.727703,81.34054,0.0],[-18.729486,81.34055,0.0],[-18.729626,81.340013,0.0],[-18.727843,81.340003,0.0],[-18.727983,81.339466,0.0],[-18.7262,81.339455,0.0],[-18.72627,81.339187,0.0],[-18.724487,81.339176,0.0],[-18.724557,81.338908,0.0],[-18.722774,81.338897,0.0],[-18.722844,81.338628,0.0],[-18.721061,81.338618,0.0],[-18.721131,81.338349,0.0],[-18.719348,81.338339,0.0],[-18.719418,81.33807,0.0],[-18.694458,81.337921,0.0],[-18.694387,81.33819,0.0],[-18.692605,81.338179,0.0],[-18.692534,81.338448,0.0],[-18.688968,81.338426,0.0],[-18.688897,81.338695,0.0],[-18.683548,81.338663,0.0],[-18.683477,81.338931,0.0],[-18.676345,81.338888,0.0],[-18.676416,81.33862,0.0],[-18.658587,81.338512,0.0],[-18.658659,81.338243,0.0],[-18.656876,81.338232,0.0],[-18.656948,81.337964,0.0],[-18.655166,81.337953,0.0],[-18.65531,81.337416,0.0],[-18.653527,81.337405,0.0],[-18.6536,81.337136,0.0],[-18.651817,81.337125,0.0],[-18.651889,81.336857,0.0],[-18.650107,81.336846,0.0],[-18.650179,81.336577,0.0],[-18.646614,81.336556,0.0],[-18.646687,81.336287,0.0],[-18.644904,81.336276,0.0],[-18.644977,81.336008,0.0],[-18.641412,81.335986,0.0],[-18.641485,81.335717,0.0],[-18.639702,81.335706,0.0],[-18.639993,81.334632,0.0],[-18.638211,81.334621,0.0],[-18.638429,81.333816,0.0],[-18.64021,81.333827,0.0],[-18.640283,81.333558,0.0],[-18.642065,81.333569,0.0],[-18.64221,81.333032,0.0],[-18.638859,81.333011,0.0],[-18.638955,81.332955,0.0],[-18.641472,81.332378,0.0],[-18.647099,81.331938,0.0],[-18.6559,81.331399,0.0],[-18.657661,81.330698,0.0],[-18.657947,81.329632,0.0],[-18.657467,81.329381,0.0],[-18.656903,81.329087,0.0],[-18.655764,81.32908,0.0],[-18.655908,81.328543,0.0],[-18.657689,81.328554,0.0],[-18.657833,81.328017,0.0],[-18.659614,81.328028,0.0],[-18.659686,81.327759,0.0],[-18.661466,81.32777,0.0],[-18.661538,81.327502,0.0],[-18.665099,81.327523,0.0],[-18.665171,81.327255,0.0],[-18.668732,81.327276,0.0],[-18.668804,81.327008,0.0],[-18.674146,81.32704,0.0],[-18.674217,81.326772,0.0],[-18.681339,81.326815,0.0],[-18.68141,81.326546,0.0],[-18.683191,81.326557,0.0],[-18.683262,81.326288,0.0],[-18.685043,81.326299,0.0],[-18.685185,81.325762,0.0],[-18.686965,81.325773,0.0],[-18.687107,81.325236,0.0],[-18.688888,81.325246,0.0],[-18.688959,81.324978,0.0],[-18.690739,81.324989,0.0],[-18.69081,81.32472,0.0],[-18.69259,81.324731,0.0],[-18.692661,81.324462,0.0],[-18.694441,81.324473,0.0],[-18.694512,81.324204,0.0],[-18.696292,81.324215,0.0],[-18.696362,81.323946,0.0],[-18.698142,81.323957,0.0],[-18.698284,81.32342,0.0],[-18.700064,81.323431,0.0],[-18.700205,81.322894,0.0],[-18.701985,81.322904,0.0],[-18.702126,81.322367,0.0],[-18.703906,81.322378,0.0],[-18.704047,81.321841,0.0],[-18.705826,81.321851,0.0],[-18.705897,81.321583,0.0],[-18.707676,81.321593,0.0],[-18.707887,81.320788,0.0],[-18.706108,81.320777,0.0],[-18.706178,81.320509,0.0],[-18.707958,81.320519,0.0],[-18.708521,81.318371,0.0],[-18.7103,81.318382,0.0],[-18.710511,81.317576,0.0],[-18.708732,81.317565,0.0],[-18.709013,81.316491,0.0],[-18.707235,81.31648,0.0],[-18.707376,81.315943,0.0],[-18.705597,81.315933,0.0],[-18.705738,81.315396,0.0],[-18.70396,81.315385,0.0],[-18.704242,81.314311,0.0],[-18.702464,81.3143,0.0],[-18.702957,81.31242,0.0],[-18.70118,81.31241,0.0],[-18.701532,81.311067,0.0],[-18.70331,81.311078,0.0],[-18.704155,81.307855,0.0],[-18.702378,81.307844,0.0],[-18.702449,81.307576,0.0],[-18.700672,81.307565,0.0],[-18.701095,81.305954,0.0],[-18.699319,81.305943,0.0],[-18.69946,81.305406,0.0],[-18.697684,81.305396,0.0],[-18.697825,81.304859,0.0],[-18.696049,81.304848,0.0],[-18.69619,81.304311,0.0],[-18.694414,81.3043,0.0],[-18.694697,81.303226,0.0],[-18.700024,81.303258,0.0],[-18.700094,81.302989,0.0],[-18.70187,81.303,0.0],[-18.702011,81.302463,0.0],[-18.703787,81.302474,0.0],[-18.703857,81.302205,0.0],[-18.705633,81.302216,0.0],[-18.705773,81.301679,0.0],[-18.707549,81.301689,0.0],[-18.707689,81.301152,0.0],[-18.709465,81.301163,0.0],[-18.709675,81.300357,0.0],[-18.71145,81.300368,0.0],[-18.71152,81.300099,0.0],[-18.713296,81.30011,0.0],[-18.713436,81.299573,0.0],[-18.715211,81.299583,0.0],[-18.715281,81.299315,0.0],[-18.717056,81.299325,0.0],[-18.717196,81.298788,0.0],[-18.71897,81.298799,0.0],[-18.71904,81.29853,0.0],[-18.720815,81.298541,0.0],[-18.720885,81.298272,0.0],[-18.72266,81.298283,0.0],[-18.722869,81.297477,0.0],[-18.724644,81.297488,0.0],[-18.72534,81.294802,0.0],[-18.723566,81.294792,0.0],[-18.723775,81.293986,0.0],[-18.722002,81.293976,0.0],[-18.722211,81.29317,0.0],[-18.720437,81.293159,0.0],[-18.720646,81.292354,0.0],[-18.718873,81.292343,0.0],[-18.718943,81.292075,0.0],[-18.717169,81.292064,0.0],[-18.717379,81.291258,0.0],[-18.715605,81.291248,0.0],[-18.715675,81.290979,0.0],[-18.713902,81.290969,0.0],[-18.713972,81.2907,0.0],[-18.712199,81.290689,0.0],[-18.712339,81.290152,0.0],[-18.708793,81.290131,0.0],[-18.708933,81.289594,0.0],[-18.70716,81.289583,0.0],[-18.70723,81.289315,0.0],[-18.705457,81.289304,0.0],[-18.706159,81.286619,0.0],[-18.707931,81.286629,0.0],[-18.708002,81.286361,0.0],[-18.709774,81.286372,0.0],[-18.709844,81.286103,0.0],[-18.711616,81.286114,0.0],[-18.711756,81.285576,0.0],[-18.713529,81.285587,0.0],[-18.713598,81.285319,0.0],[-18.715371,81.285329,0.0],[-18.71544,81.285061,0.0],[-18.717213,81.285071,0.0],[-18.717282,81.284803,0.0],[-18.719054,81.284813,0.0],[-18.719124,81.284545,0.0],[-18.720896,81.284555,0.0],[-18.720966,81.284287,0.0],[-18.722738,81.284297,0.0],[-18.722808,81.284029,0.0],[-18.724579,81.284039,0.0],[-18.724649,81.283771,0.0],[-18.726421,81.283781,0.0],[-18.72649,81.283513,0.0],[-18.728262,81.283523,0.0],[-18.728332,81.283255,0.0],[-18.731875,81.283276,0.0],[-18.731945,81.283007,0.0],[-18.733716,81.283018,0.0],[-18.733786,81.282749,0.0],[-18.739101,81.282781,0.0],[-18.739031,81.283049,0.0],[-18.742575,81.28307,0.0],[-18.742644,81.282802,0.0],[-18.755046,81.282875,0.0],[-18.755114,81.282606,0.0],[-18.760429,81.282637,0.0],[-18.760498,81.282369,0.0],[-18.764041,81.282389,0.0],[-18.764109,81.282121,0.0],[-18.769424,81.282152,0.0],[-18.769492,81.281883,0.0],[-18.774807,81.281914,0.0],[-18.774875,81.281646,0.0],[-18.781961,81.281687,0.0],[-18.782029,81.281418,0.0],[-18.7838,81.281429,0.0],[-18.783868,81.28116,0.0],[-18.785639,81.28117,0.0],[-18.785707,81.280902,0.0],[-18.791021,81.280933,0.0],[-18.791089,81.280664,0.0],[-18.794631,81.280684,0.0],[-18.794699,81.280416,0.0],[-18.800012,81.280447,0.0],[-18.80008,81.280178,0.0],[-18.808936,81.280229,0.0],[-18.808869,81.280497,0.0],[-18.812411,81.280518,0.0],[-18.812345,81.280786,0.0],[-18.81943,81.280827,0.0],[-18.819363,81.281095,0.0],[-18.828221,81.281146,0.0],[-18.828287,81.280877,0.0],[-18.830058,81.280887,0.0],[-18.830191,81.28035,0.0],[-18.831962,81.28036,0.0],[-18.832095,81.279823,0.0],[-18.830324,81.279813,0.0],[-18.830456,81.279276,0.0],[-18.832227,81.279286,0.0],[-18.832294,81.279017,0.0],[-18.835836,81.279037,0.0],[-18.835902,81.278769,0.0],[-18.839444,81.278789,0.0],[-18.83951,81.27852,0.0],[-18.841281,81.27853,0.0],[-18.841347,81.278262,0.0],[-18.844888,81.278282,0.0],[-18.844954,81.278013,0.0],[-18.846725,81.278023,0.0],[-18.846857,81.277486,0.0],[-18.848628,81.277496,0.0],[-18.848759,81.276959,0.0],[-18.846988,81.276949,0.0],[-18.847252,81.275875,0.0],[-18.849022,81.275885,0.0],[-18.849153,81.275347,0.0],[-18.850924,81.275357,0.0],[-18.850989,81.275089,0.0],[-18.85453,81.275109,0.0],[-18.854595,81.27484,0.0],[-18.865217,81.2749,0.0],[-18.865152,81.275168,0.0],[-18.875773,81.275228,0.0],[-18.875838,81.274959,0.0],[-18.879379,81.274979,0.0],[-18.879443,81.27471,0.0],[-18.881214,81.27472,0.0],[-18.881278,81.274451,0.0],[-18.883049,81.274461,0.0],[-18.883113,81.274193,0.0],[-18.884883,81.274202,0.0],[-18.884948,81.273934,0.0],[-18.886718,81.273944,0.0],[-18.886783,81.273675,0.0],[-18.888553,81.273685,0.0],[-18.888617,81.273416,0.0],[-18.890387,81.273426,0.0],[-18.89058,81.27262,0.0],[-18.89235,81.27263,0.0],[-18.892415,81.272361,0.0],[-18.895954,81.272381,0.0],[-18.896018,81.272112,0.0],[-18.899558,81.272132,0.0],[-18.899622,81.271863,0.0],[-18.901392,81.271873,0.0],[-18.901456,81.271604,0.0],[-18.903225,81.271614,0.0],[-18.903289,81.271346,0.0],[-18.905059,81.271355,0.0],[-18.905123,81.271087,0.0],[-18.906892,81.271096,0.0],[-18.907148,81.270022,0.0],[-18.905379,81.270012,0.0],[-18.905507,81.269475,0.0],[-18.903737,81.269466,0.0],[-18.903993,81.268391,0.0],[-18.902224,81.268381,0.0],[-18.902289,81.268113,0.0],[-18.90052,81.268103,0.0],[-18.900584,81.267835,0.0],[-18.898815,81.267825,0.0],[-18.898879,81.267556,0.0],[-18.89711,81.267547,0.0],[-18.897303,81.266741,0.0],[-18.90084,81.26676,0.0],[-18.900904,81.266492,0.0],[-18.902673,81.266501,0.0],[-18.902609,81.26677,0.0],[-18.907915,81.266799,0.0],[-18.907978,81.266531,0.0],[-18.909747,81.26654,0.0],[-18.909875,81.266003,0.0],[-18.911643,81.266013,0.0],[-18.911834,81.265207,0.0],[-18.910066,81.265197,0.0],[-18.91013,81.264929,0.0],[-18.908362,81.264919,0.0],[-18.908553,81.264113,0.0],[-18.910321,81.264123,0.0],[-18.910512,81.263317,0.0],[-18.91228,81.263327,0.0],[-18.912408,81.26279,0.0],[-18.914176,81.262799,0.0],[-18.914239,81.262531,0.0],[-18.916007,81.26254,0.0],[-18.916071,81.262272,0.0],[-18.917838,81.262282,0.0],[-18.917902,81.262013,0.0],[-18.91967,81.262023,0.0],[-18.919733,81.261754,0.0],[-18.921501,81.261764,0.0],[-18.921691,81.260958,0.0],[-18.923458,81.260968,0.0],[-18.923522,81.260699,0.0],[-18.925289,81.260709,0.0],[-18.925352,81.26044,0.0],[-18.92712,81.26045,0.0],[-18.92731,81.259644,0.0],[-18.929077,81.259653,0.0],[-18.92914,81.259385,0.0],[-18.930907,81.259394,0.0],[-18.93097,81.259126,0.0],[-18.932737,81.259135,0.0],[-18.9328,81.258867,0.0],[-18.934567,81.258876,0.0],[-18.93463,81.258608,0.0],[-18.938165,81.258627,0.0],[-18.938102,81.258896,0.0],[-18.941636,81.258915,0.0],[-18.941761,81.258378,0.0],[-18.943528,81.258387,0.0],[-18.943591,81.258118,0.0],[-18.945358,81.258128,0.0],[-18.945483,81.257591,0.0],[-18.94725,81.2576,0.0],[-18.947438,81.256795,0.0],[-18.949205,81.256804,0.0],[-18.94933,81.256267,0.0],[-18.951096,81.256276,0.0],[-18.951159,81.256008,0.0],[-18.954692,81.256027,0.0],[-18.954754,81.255758,0.0],[-18.956521,81.255768,0.0],[-18.956583,81.255499,0.0],[-18.960116,81.255518,0.0],[-18.960365,81.254444,0.0],[-18.962131,81.254453,0.0],[-18.962255,81.253916,0.0],[-18.964021,81.253925,0.0],[-18.964641,81.251239,0.0],[-18.966407,81.251249,0.0],[-18.966469,81.25098,0.0],[-18.968235,81.25099,0.0],[-18.968296,81.250721,0.0],[-18.970062,81.250731,0.0],[-18.970124,81.250462,0.0],[-18.971889,81.250471,0.0],[-18.971951,81.250203,0.0],[-18.973716,81.250212,0.0],[-18.973655,81.250481,0.0],[-18.97542,81.25049,0.0],[-18.975358,81.250759,0.0],[-18.977124,81.250768,0.0],[-18.976877,81.251842,0.0],[-18.975112,81.251833,0.0],[-18.974865,81.252907,0.0],[-18.976631,81.252917,0.0],[-18.976569,81.253185,0.0],[-18.981867,81.253214,0.0],[-18.981929,81.252945,0.0],[-18.987226,81.252973,0.0],[-18.987288,81.252704,0.0],[-18.99082,81.252723,0.0],[-18.990758,81.252992,0.0],[-18.992524,81.253001,0.0],[-18.99228,81.254075,0.0],[-18.990513,81.254066,0.0],[-18.989962,81.256483,0.0],[-18.988195,81.256474,0.0],[-18.988134,81.256743,0.0],[-18.986367,81.256733,0.0],[-18.986245,81.257271,0.0],[-18.984478,81.257261,0.0],[-18.984293,81.258067,0.0],[-18.982526,81.258058,0.0],[-18.982342,81.258863,0.0],[-18.980575,81.258854,0.0],[-18.980082,81.261003,0.0],[-18.981849,81.261012,0.0],[-18.981726,81.261549,0.0],[-18.983494,81.261559,0.0],[-18.983371,81.262096,0.0],[-18.985139,81.262105,0.0],[-18.985016,81.262642,0.0],[-18.986784,81.262652,0.0],[-18.986599,81.263458,0.0],[-18.988367,81.263467,0.0],[-18.988306,81.263735,0.0],[-18.99361,81.263763,0.0],[-18.993672,81.263495,0.0],[-19.000744,81.263532,0.0],[-19.000805,81.263263,0.0],[-19.004341,81.263282,0.0],[-19.004402,81.263013,0.0],[-19.009706,81.263041,0.0],[-19.009767,81.262772,0.0],[-19.011535,81.262782,0.0],[-19.011656,81.262244,0.0],[-19.01696,81.262272,0.0],[-19.016899,81.262541,0.0],[-19.015131,81.262531,0.0],[-19.015071,81.2628,0.0],[-19.013303,81.262791,0.0],[-19.013121,81.263597,0.0],[-19.020193,81.263633,0.0],[-19.020133,81.263902,0.0],[-19.03251,81.263966,0.0],[-19.03245,81.264235,0.0],[-19.04306,81.264289,0.0],[-19.04312,81.264021,0.0],[-19.044888,81.26403,0.0],[-19.045007,81.263492,0.0],[-19.046775,81.263502,0.0],[-19.046835,81.263233,0.0],[-19.048603,81.263242,0.0],[-19.048663,81.262973,0.0],[-19.052199,81.262991,0.0],[-19.052139,81.26326,0.0],[-19.053907,81.263269,0.0],[-19.053848,81.263538,0.0],[-19.057384,81.263556,0.0],[-19.057325,81.263824,0.0],[-19.059093,81.263833,0.0],[-19.059034,81.264102,0.0],[-19.057266,81.264093,0.0],[-19.057147,81.26463,0.0],[-19.055379,81.264621,0.0],[-19.054904,81.26677,0.0],[-19.051366,81.266752,0.0],[-19.051426,81.266483,0.0],[-19.049657,81.266474,0.0],[-19.049717,81.266206,0.0],[-19.047948,81.266197,0.0],[-19.047888,81.266465,0.0],[-19.037276,81.266411,0.0],[-19.037216,81.266679,0.0],[-19.035447,81.26667,0.0],[-19.035207,81.267745,0.0],[-19.044052,81.26779,0.0],[-19.043993,81.268059,0.0],[-19.045762,81.268068,0.0],[-19.045642,81.268605,0.0],[-19.043873,81.268596,0.0],[-19.043634,81.26967,0.0],[-19.041865,81.269661,0.0],[-19.041745,81.270198,0.0],[-19.039976,81.270189,0.0],[-19.039856,81.270727,0.0],[-19.038086,81.270718,0.0],[-19.038027,81.270986,0.0],[-19.036257,81.270977,0.0],[-19.036137,81.271514,0.0],[-19.037907,81.271523,0.0],[-19.037847,81.271792,0.0],[-19.039617,81.271801,0.0],[-19.039497,81.272338,0.0],[-19.041267,81.272347,0.0],[-19.041207,81.272616,0.0],[-19.042977,81.272625,0.0],[-19.042917,81.272894,0.0],[-19.046457,81.272912,0.0],[-19.046397,81.27318,0.0],[-19.048168,81.273189,0.0],[-19.048108,81.273458,0.0],[-19.056959,81.273503,0.0],[-19.057018,81.273235,0.0],[-19.058788,81.273244,0.0],[-19.058729,81.273512,0.0],[-19.060499,81.273521,0.0],[-19.06044,81.27379,0.0],[-19.06221,81.273799,0.0],[-19.062151,81.274067,0.0],[-19.069232,81.274103,0.0],[-19.069173,81.274372,0.0],[-19.070943,81.274381,0.0],[-19.070884,81.274649,0.0],[-19.072655,81.274658,0.0],[-19.072593,81.274938,0.0],[-19.075798,81.27527,0.0],[-19.077829,81.276703,0.0],[-19.073665,81.277868,0.0],[-19.068146,81.278077,0.0],[-19.057396,81.277193,0.0],[-19.052815,81.276695,0.0],[-19.052711,81.276679,0.0],[-19.052704,81.276708,0.0],[-19.049163,81.27669,0.0],[-19.049222,81.276422,0.0],[-19.038598,81.276367,0.0],[-19.038658,81.276099,0.0],[-19.035117,81.27608,0.0],[-19.035057,81.276349,0.0],[-19.033286,81.27634,0.0],[-19.033166,81.276877,0.0],[-19.031395,81.276868,0.0],[-19.031275,81.277405,0.0],[-19.029504,81.277396,0.0],[-19.029142,81.279008,0.0],[-19.030914,81.279017,0.0],[-19.030853,81.279285,0.0],[-19.032625,81.279295,0.0],[-19.032504,81.279832,0.0],[-19.034276,81.279841,0.0],[-19.033855,81.281721,0.0],[-19.035627,81.28173,0.0],[-19.035266,81.283342,0.0],[-19.037038,81.283351,0.0],[-19.036978,81.28362,0.0],[-19.038751,81.283629,0.0],[-19.038691,81.283897,0.0],[-19.040463,81.283906,0.0],[-19.040403,81.284175,0.0],[-19.042175,81.284184,0.0],[-19.042115,81.284453,0.0],[-19.043888,81.284462,0.0],[-19.043828,81.28473,0.0],[-19.0456,81.284739,0.0],[-19.04554,81.285008,0.0],[-19.047313,81.285017,0.0],[-19.047253,81.285286,0.0],[-19.049026,81.285295,0.0],[-19.048966,81.285563,0.0],[-19.050739,81.285572,0.0],[-19.050679,81.285841,0.0],[-19.052203,81.285849,0.0],[-19.059173,81.287554,0.0],[-19.058948,81.288572,0.0],[-19.057175,81.288563,0.0],[-19.057056,81.2891,0.0],[-19.055283,81.289091,0.0],[-19.055045,81.290166,0.0],[-19.053271,81.290157,0.0],[-19.053093,81.290963,0.0],[-19.051319,81.290954,0.0],[-19.05114,81.291759,0.0],[-19.049366,81.29175,0.0],[-19.049247,81.292287,0.0],[-19.047473,81.292278,0.0],[-19.047293,81.293084,0.0],[-19.045519,81.293075,0.0],[-19.04522,81.294418,0.0],[-19.046994,81.294427,0.0],[-19.046935,81.294696,0.0],[-19.055807,81.294741,0.0],[-19.055747,81.29501,0.0],[-19.057522,81.295019,0.0],[-19.057462,81.295287,0.0],[-19.059237,81.295296,0.0],[-19.059118,81.295833,0.0],[-19.060893,81.295842,0.0],[-19.060774,81.29638,0.0],[-19.062549,81.296389,0.0],[-19.06243,81.296926,0.0],[-19.064205,81.296935,0.0],[-19.064145,81.297203,0.0],[-19.06592,81.297212,0.0],[-19.065861,81.297481,0.0],[-19.067636,81.29749,0.0],[-19.067577,81.297759,0.0],[-19.069352,81.297768,0.0],[-19.06882,81.300185,0.0],[-19.070595,81.300194,0.0],[-19.070299,81.301537,0.0],[-19.072075,81.301546,0.0],[-19.072016,81.301815,0.0],[-19.073792,81.301824,0.0],[-19.073733,81.302092,0.0],[-19.075509,81.302101,0.0],[-19.07545,81.30237,0.0],[-19.077226,81.302379,0.0],[-19.077167,81.302647,0.0],[-19.078943,81.302656,0.0],[-19.078825,81.303193,0.0],[-19.080602,81.303202,0.0],[-19.080543,81.303471,0.0],[-19.082319,81.30348,0.0],[-19.082201,81.304017,0.0],[-19.083978,81.304026,0.0],[-19.083801,81.304832,0.0],[-19.085578,81.304841,0.0],[-19.085108,81.306989,0.0],[-19.083331,81.306981,0.0],[-19.083214,81.307518,0.0],[-19.081437,81.307509,0.0],[-19.08126,81.308315,0.0],[-19.079483,81.308306,0.0],[-19.079365,81.308843,0.0],[-19.077588,81.308834,0.0],[-19.07747,81.309371,0.0],[-19.075692,81.309362,0.0],[-19.075574,81.3099,0.0],[-19.073797,81.309891,0.0],[-19.073383,81.311771,0.0],[-19.071605,81.311762,0.0],[-19.071309,81.313105,0.0],[-19.069531,81.313096,0.0],[-19.069472,81.313365,0.0],[-19.067694,81.313356,0.0],[-19.067634,81.313624,0.0],[-19.065856,81.313615,0.0],[-19.065678,81.314421,0.0],[-19.063899,81.314412,0.0],[-19.063721,81.315218,0.0],[-19.061942,81.315209,0.0],[-19.061824,81.315746,0.0],[-19.060045,81.315737,0.0],[-19.059985,81.316006,0.0],[-19.058206,81.315997,0.0],[-19.058147,81.316266,0.0],[-19.051032,81.316229,0.0],[-19.051091,81.315961,0.0],[-19.049313,81.315952,0.0],[-19.049373,81.315683,0.0],[-19.047594,81.315674,0.0],[-19.047654,81.315406,0.0],[-19.045875,81.315397,0.0],[-19.045935,81.315128,0.0],[-19.042378,81.31511,0.0],[-19.042438,81.314841,0.0],[-19.037103,81.314814,0.0],[-19.037163,81.314545,0.0],[-19.030049,81.314509,0.0],[-19.03011,81.31424,0.0],[-19.026553,81.314222,0.0],[-19.026614,81.313953,0.0],[-19.0195,81.313917,0.0],[-19.019561,81.313648,0.0],[-19.017783,81.313639,0.0],[-19.017905,81.313102,0.0],[-19.016127,81.313093,0.0],[-19.016187,81.312824,0.0],[-19.014409,81.312815,0.0],[-19.01447,81.312546,0.0],[-19.012692,81.312537,0.0],[-19.012753,81.312268,0.0],[-19.010975,81.312259,0.0],[-19.011219,81.311185,0.0],[-19.009442,81.311175,0.0],[-19.009686,81.310101,0.0],[-19.007908,81.310092,0.0],[-19.008031,81.309555,0.0],[-19.006253,81.309545,0.0],[-19.006314,81.309277,0.0],[-19.004537,81.309268,0.0],[-19.00466,81.30873,0.0],[-19.002882,81.308721,0.0],[-19.002944,81.308453,0.0],[-19.001166,81.308443,0.0],[-19.001228,81.308175,0.0],[-18.997674,81.308156,0.0],[-18.997735,81.307888,0.0],[-18.987073,81.307832,0.0],[-18.987011,81.3081,0.0],[-18.985234,81.308091,0.0],[-18.985172,81.30836,0.0],[-18.983395,81.30835,0.0],[-18.983333,81.308619,0.0],[-18.981556,81.308609,0.0],[-18.981432,81.309147,0.0],[-18.979655,81.309137,0.0],[-18.979469,81.309943,0.0],[-18.981246,81.309952,0.0],[-18.981184,81.310221,0.0],[-18.984739,81.31024,0.0],[-18.984678,81.310508,0.0],[-18.986455,81.310518,0.0],[-18.985404,81.315084,0.0],[-18.987183,81.315093,0.0],[-18.987059,81.31563,0.0],[-18.988838,81.31564,0.0],[-18.988776,81.315908,0.0],[-18.990555,81.315918,0.0],[-18.990431,81.316455,0.0],[-18.99221,81.316464,0.0],[-18.992087,81.317001,0.0],[-18.990308,81.316992,0.0],[-18.990185,81.317529,0.0],[-18.991964,81.317538,0.0],[-18.991779,81.318344,0.0],[-18.993558,81.318353,0.0],[-18.993435,81.318891,0.0],[-18.995214,81.3189,0.0],[-18.994536,81.321855,0.0],[-18.996316,81.321864,0.0],[-18.996255,81.322132,0.0],[-18.998035,81.322142,0.0],[-18.997973,81.32241,0.0],[-18.999753,81.32242,0.0],[-18.999692,81.322688,0.0],[-19.001472,81.322697,0.0],[-19.00141,81.322966,0.0],[-19.00319,81.322975,0.0],[-19.003006,81.323781,0.0],[-19.001226,81.323772,0.0],[-19.001165,81.32404,0.0],[-18.999384,81.324031,0.0],[-18.999323,81.3243,0.0],[-18.993982,81.324272,0.0],[-18.99392,81.32454,0.0],[-18.990359,81.324522,0.0],[-18.990297,81.32479,0.0],[-18.988517,81.324781,0.0],[-18.988455,81.32505,0.0],[-18.984894,81.325031,0.0],[-18.98477,81.325568,0.0],[-18.98299,81.325559,0.0],[-18.982928,81.325828,0.0],[-18.981147,81.325818,0.0],[-18.981085,81.326087,0.0],[-18.979304,81.326077,0.0],[-18.97918,81.326615,0.0],[-18.977399,81.326605,0.0],[-18.977275,81.327142,0.0],[-18.975494,81.327133,0.0],[-18.974311,81.332236,0.0],[-18.976093,81.332246,0.0],[-18.975158,81.336275,0.0],[-18.973376,81.336265,0.0],[-18.973313,81.336534,0.0],[-18.97153,81.336524,0.0],[-18.971468,81.336793,0.0],[-18.969685,81.336784,0.0],[-18.969623,81.337052,0.0],[-18.966057,81.337033,0.0],[-18.965994,81.337302,0.0],[-18.958862,81.337264,0.0],[-18.958925,81.336995,0.0],[-18.957142,81.336986,0.0],[-18.957079,81.337255,0.0],[-18.933901,81.337131,0.0],[-18.933837,81.337399,0.0],[-18.930271,81.33738,0.0],[-18.930208,81.337649,0.0],[-18.924859,81.33762,0.0],[-18.924795,81.337889,0.0],[-18.919446,81.33786,0.0],[-18.919381,81.338128,0.0],[-18.915815,81.338109,0.0],[-18.915751,81.338377,0.0],[-18.912185,81.338358,0.0],[-18.912121,81.338627,0.0],[-18.910337,81.338617,0.0],[-18.910273,81.338886,0.0],[-18.90849,81.338876,0.0],[-18.908425,81.339145,0.0],[-18.906642,81.339135,0.0],[-18.906578,81.339403,0.0],[-18.904794,81.339394,0.0],[-18.90473,81.339662,0.0],[-18.902946,81.339653,0.0],[-18.902882,81.339921,0.0],[-18.901098,81.339911,0.0],[-18.901034,81.34018,0.0],[-18.897467,81.34016,0.0],[-18.897402,81.340429,0.0],[-18.895618,81.340419,0.0],[-18.895489,81.340956,0.0],[-18.891922,81.340937,0.0],[-18.891857,81.341206,0.0],[-18.890073,81.341196,0.0],[-18.890008,81.341464,0.0],[-18.88644,81.341445,0.0],[-18.886375,81.341713,0.0],[-18.884592,81.341704,0.0],[-18.884526,81.341972,0.0],[-18.882743,81.341962,0.0],[-18.882677,81.342231,0.0],[-18.87911,81.342211,0.0],[-18.879044,81.34248,0.0],[-18.875476,81.34246,0.0],[-18.875411,81.342729,0.0],[-18.873627,81.342719,0.0],[-18.873561,81.342987,0.0],[-18.871777,81.342978,0.0],[-18.871712,81.343246,0.0],[-18.868144,81.343226,0.0],[-18.868078,81.343495,0.0],[-18.866294,81.343485,0.0],[-18.866228,81.343754,0.0],[-18.86266,81.343734,0.0],[-18.862594,81.344002,0.0],[-18.86081,81.343992,0.0],[-18.860744,81.344261,0.0],[-18.858959,81.344251,0.0],[-18.858894,81.34452,0.0],[-18.855325,81.3445,0.0],[-18.855259,81.344768,0.0],[-18.853474,81.344758,0.0],[-18.853408,81.345027,0.0],[-18.849839,81.345007,0.0],[-18.849773,81.345276,0.0],[-18.847989,81.345266,0.0],[-18.847922,81.345534,0.0],[-18.846138,81.345524,0.0],[-18.846071,81.345793,0.0],[-18.840718,81.345763,0.0],[-18.840651,81.346031,0.0],[-18.838867,81.346021,0.0],[-18.838667,81.346827,0.0],[-18.836882,81.346817,0.0],[-18.836749,81.347354,0.0],[-18.834964,81.347344,0.0],[-18.83483,81.347881,0.0],[-18.833045,81.347871,0.0],[-18.832979,81.34814,0.0],[-18.831193,81.34813,0.0],[-18.83106,81.348667,0.0],[-18.829275,81.348657,0.0],[-18.829141,81.349194,0.0],[-18.827356,81.349184,0.0],[-18.827289,81.349453,0.0],[-18.825503,81.349442,0.0],[-18.825302,81.350248,0.0],[-18.825255,81.350248,0.0],[-18.825216,81.352157,0.0],[-18.822445,81.353697,0.0],[-18.803225,81.354186,0.0],[-18.786356,81.354807,0.0],[-18.775843,81.355465,0.0],[-18.772908,81.35449,0.0],[-18.770066,81.353158,0.0],[-18.771072,81.35209,0.0],[-18.769404,81.35208,0.0]],[[-18.909173,81.268957,0.0],[-18.91448,81.268986,0.0],[-18.914607,81.268449,0.0],[-18.912838,81.26844,0.0],[-18.912902,81.268171,0.0],[-18.911133,81.268161,0.0],[-18.911197,81.267893,0.0],[-18.90589,81.267864,0.0],[-18.905762,81.268401,0.0],[-18.907531,81.268411,0.0],[-18.907467,81.268679,0.0],[-18.909237,81.268689,0.0],[-18.909173,81.268957,0.0]],[[-18.979547,81.255622,0.0],[-18.97967,81.255084,0.0],[-18.977904,81.255075,0.0],[-18.977965,81.254806,0.0],[-18.976199,81.254797,0.0],[-18.976261,81.254528,0.0],[-18.974494,81.254519,0.0],[-18.974433,81.254788,0.0],[-18.972666,81.254778,0.0],[-18.972481,81.255584,0.0],[-18.979547,81.255622,0.0]]]}},{"type":"Feature","properties":{"rgi_id":"RGI2000-v7.0-G-05-17555","o1region":"05"},"geometry":{"type":"Polygon","coordinates":[[[-19.581558,81.404585,0.0],[-19.581602,81.404317,0.0],[-19.578007,81.404304,0.0],[-19.578051,81.404035,0.0],[-19.570862,81.404008,0.0],[-19.570951,81.403471,0.0],[-19.576342,81.403491,0.0],[-19.576298,81.40376,0.0],[-19.579893,81.403773,0.0],[-19.579937,81.403504,0.0],[-19.581734,81.403511,0.0],[-19.581866,81.402705,0.0],[-19.583663,81.402711,0.0],[-19.583751,81.402174,0.0],[-19.581954,81.402167,0.0],[-19.581998,81.401899,0.0],[-19.580201,81.401892,0.0],[-19.580245,81.401623,0.0],[-19.576651,81.40161,0.0],[-19.576607,81.401879,0.0],[-19.57481,81.401872,0.0],[-19.574766,81.402141,0.0],[-19.572969,81.402134,0.0],[-19.572925,81.402403,0.0],[-19.571128,81.402396,0.0],[-19.571084,81.402665,0.0],[-19.569287,81.402658,0.0],[-19.569242,81.402927,0.0],[-19.565648,81.402914,0.0],[-19.565826,81.401839,0.0],[-19.567623,81.401846,0.0],[-19.567667,81.401577,0.0],[-19.571261,81.40159,0.0],[-19.571305,81.401322,0.0],[-19.574899,81.401335,0.0],[-19.574943,81.401066,0.0],[-19.578536,81.401079,0.0],[-19.578581,81.400811,0.0],[-19.580377,81.400817,0.0],[-19.580421,81.400549,0.0],[-19.584014,81.400562,0.0],[-19.584058,81.400293,0.0],[-19.587651,81.400306,0.0],[-19.587608,81.400575,0.0],[-19.594794,81.400601,0.0],[-19.594663,81.401407,0.0],[-19.592866,81.401401,0.0],[-19.592736,81.402207,0.0],[-19.590939,81.4022,0.0],[-19.590633,81.404081,0.0],[-19.588835,81.404074,0.0],[-19.588791,81.404343,0.0],[-19.586994,81.404336,0.0],[-19.58695,81.404605,0.0],[-19.581558,81.404585,0.0]]]}},{"type":"Feature","properties":{"rgi_id":"RGI2000-v7.0-G-05-17556","o1region":"05"},"geometry":{"type":"Polygon","coordinates":[[[-19.607812,81.420273,0.0],[-19.607898,81.419736,0.0],[-19.606098,81.419729,0.0],[-19.606184,81.419192,0.0],[-19.604384,81.419185,0.0],[-19.604471,81.418648,0.0],[-19.60267,81.418642,0.0],[-19.602714,81.418373,0.0],[-19.600913,81.418366,0.0],[-19.601,81.417829,0.0],[-19.5992,81.417822,0.0],[-19.599287,81.417285,0.0],[-19.597487,81.417279,0.0],[-19.597531,81.41701,0.0],[-19.595731,81.417003,0.0],[-19.595818,81.416466,0.0],[-19.594018,81.41646,0.0],[-19.594105,81.415922,0.0],[-19.592306,81.415916,0.0],[-19.592437,81.41511,0.0],[-19.594236,81.415116,0.0],[-19.594324,81.414579,0.0],[-19.596123,81.414585,0.0],[-19.596167,81.414317,0.0],[-19.597966,81.414323,0.0],[-19.59801,81.414054,0.0],[-19.599809,81.414061,0.0],[-19.599853,81.413792,0.0],[-19.601652,81.413799,0.0],[-19.601696,81.41353,0.0],[-19.603495,81.413537,0.0],[-19.603538,81.413268,0.0],[-19.607137,81.413281,0.0],[-19.60718,81.413012,0.0],[-19.610778,81.413025,0.0],[-19.610822,81.412756,0.0],[-19.61442,81.412769,0.0],[-19.614463,81.412501,0.0],[-19.623458,81.412533,0.0],[-19.623416,81.412801,0.0],[-19.625215,81.412808,0.0],[-19.625172,81.413076,0.0],[-19.626971,81.413083,0.0],[-19.626929,81.413351,0.0],[-19.628728,81.413358,0.0],[-19.628685,81.413626,0.0],[-19.630485,81.413633,0.0],[-19.6304,81.41417,0.0],[-19.632199,81.414177,0.0],[-19.632029,81.415251,0.0],[-19.633829,81.415258,0.0],[-19.633786,81.415526,0.0],[-19.635586,81.415533,0.0],[-19.635544,81.415801,0.0],[-19.637344,81.415808,0.0],[-19.637301,81.416076,0.0],[-19.639101,81.416083,0.0],[-19.639059,81.416351,0.0],[-19.640859,81.416358,0.0],[-19.640815,81.416633,0.0],[-19.647883,81.417372,0.0],[-19.654031,81.418698,0.0],[-19.64941,81.419261,0.0],[-19.648746,81.419342,0.0],[-19.648362,81.419389,0.0],[-19.638703,81.420185,0.0],[-19.629912,81.42051,0.0],[-19.625823,81.420315,0.0],[-19.625819,81.420337,0.0],[-19.624018,81.420331,0.0],[-19.623976,81.420599,0.0],[-19.609569,81.420548,0.0],[-19.609613,81.420279,0.0],[-19.607812,81.420273,0.0]]]}},{"type":"Feature","properties":{"rgi_id":"RGI2000-v7.0-G-05-17557","o1region":"05"},"geometry":{"type":"Polygon","coordinates":[[[-19.670656,81.433397,0.0],[-19.67078,81.432591,0.0],[-19.672583,81.432597,0.0],[-19.672624,81.432328,0.0],[-19.674428,81.432335,0.0],[-19.674469,81.432066,0.0],[-19.678075,81.432078,0.0],[-19.678117,81.431809,0.0],[-19.67992,81.431816,0.0],[-19.680166,81.430203,0.0],[-19.681969,81.43021,0.0],[-19.682174,81.428866,0.0],[-19.683977,81.428872,0.0],[-19.684181,81.427529,0.0],[-19.682379,81.427523,0.0],[-19.682543,81.426448,0.0],[-19.683633,81.426452,0.0],[-19.690766,81.4238,0.0],[-19.704448,81.42266,0.0],[-19.707097,81.420891,0.0],[-19.707398,81.418877,0.0],[-19.697291,81.41742,0.0],[-19.687819,81.417033,0.0],[-19.680747,81.416535,0.0],[-19.678025,81.413562,0.0],[-19.675269,81.410826,0.0],[-19.663773,81.408178,0.0],[-19.652856,81.406955,0.0],[-19.642679,81.40609,0.0],[-19.633446,81.404279,0.0],[-19.621877,81.402223,0.0],[-19.609446,81.400637,0.0],[-19.598488,81.399768,0.0],[-19.598738,81.398228,0.0],[-19.600704,81.395864,0.0],[-19.593751,81.394772,0.0],[-19.578786,81.394243,0.0],[-19.571661,81.394217,0.0],[-19.569579,81.392431,0.0],[-19.579271,81.391281,0.0],[-19.593651,81.390503,0.0],[-19.606369,81.390194,0.0],[-19.619746,81.390716,0.0],[-19.625079,81.392039,0.0],[-19.635313,81.392431,0.0],[-19.642845,81.392223,0.0],[-19.644574,81.392176,0.0],[-19.644649,81.392174,0.0],[-19.64469,81.391907,0.0],[-19.646485,81.391914,0.0],[-19.646527,81.391645,0.0],[-19.648322,81.391651,0.0],[-19.648448,81.390845,0.0],[-19.646653,81.390839,0.0],[-19.646821,81.389764,0.0],[-19.648615,81.38977,0.0],[-19.648699,81.389233,0.0],[-19.650493,81.389239,0.0],[-19.650535,81.388971,0.0],[-19.652329,81.388977,0.0],[-19.652412,81.38844,0.0],[-19.654207,81.388446,0.0],[-19.654332,81.38764,0.0],[-19.656126,81.387646,0.0],[-19.656167,81.387377,0.0],[-19.672313,81.387433,0.0],[-19.672354,81.387164,0.0],[-19.674148,81.387171,0.0],[-19.674189,81.386902,0.0],[-19.675982,81.386908,0.0],[-19.675993,81.386837,0.0],[-19.675776,81.386763,0.0],[-19.676006,81.386754,0.0],[-19.676023,81.386639,0.0],[-19.678779,81.386649,0.0],[-19.685277,81.386402,0.0],[-19.685033,81.386401,0.0],[-19.685074,81.386132,0.0],[-19.686867,81.386139,0.0],[-19.686908,81.38587,0.0],[-19.688702,81.385876,0.0],[-19.688661,81.386145,0.0],[-19.691857,81.386155,0.0],[-19.69586,81.386011,0.0],[-19.695876,81.3859,0.0],[-19.698673,81.38591,0.0],[-19.699468,81.385881,0.0],[-19.699504,81.385644,0.0],[-19.701297,81.38565,0.0],[-19.701338,81.385381,0.0],[-19.706718,81.385399,0.0],[-19.706758,81.38513,0.0],[-19.710345,81.385142,0.0],[-19.710385,81.384874,0.0],[-19.712179,81.38488,0.0],[-19.712219,81.384611,0.0],[-19.715805,81.384623,0.0],[-19.715845,81.384354,0.0],[-19.717638,81.38436,0.0],[-19.717678,81.384091,0.0],[-19.719471,81.384097,0.0],[-19.719551,81.38356,0.0],[-19.721344,81.383566,0.0],[-19.721542,81.382222,0.0],[-19.723335,81.382228,0.0],[-19.723374,81.38196,0.0],[-19.725167,81.381966,0.0],[-19.725206,81.381697,0.0],[-19.732378,81.38172,0.0],[-19.732345,81.381942,0.0],[-19.737732,81.3819,0.0],[-19.737756,81.381738,0.0],[-19.739549,81.381744,0.0],[-19.739588,81.381475,0.0],[-19.741381,81.381481,0.0],[-19.741419,81.381212,0.0],[-19.750383,81.381241,0.0],[-19.750344,81.38151,0.0],[-19.755723,81.381527,0.0],[-19.755684,81.381796,0.0],[-19.762856,81.381819,0.0],[-19.762894,81.38155,0.0],[-19.771858,81.381579,0.0],[-19.771896,81.38131,0.0],[-19.788667,81.381363,0.0],[-19.788142,81.381204,0.0],[-19.802387,81.381302,0.0],[-19.80241,81.381137,0.0],[-19.805995,81.381148,0.0],[-19.806032,81.38088,0.0],[-19.809618,81.380891,0.0],[-19.809654,81.380622,0.0],[-19.815032,81.380639,0.0],[-19.815069,81.38037,0.0],[-19.816862,81.380375,0.0],[-19.816898,81.380107,0.0],[-19.818691,81.380112,0.0],[-19.818727,81.379843,0.0],[-19.82769,81.379871,0.0],[-19.827726,81.379602,0.0],[-19.833103,81.379618,0.0],[-19.833139,81.37935,0.0],[-19.838516,81.379366,0.0],[-19.838481,81.379634,0.0],[-19.840273,81.37964,0.0],[-19.840237,81.379909,0.0],[-19.858162,81.379962,0.0],[-19.858161,81.379972,0.0],[-19.863546,81.379932,0.0],[-19.863575,81.379709,0.0],[-19.865367,81.379714,0.0],[-19.865403,81.379446,0.0],[-19.883327,81.379498,0.0],[-19.883361,81.379229,0.0],[-19.885154,81.379234,0.0],[-19.885188,81.378966,0.0],[-19.886981,81.378971,0.0],[-19.88705,81.378433,0.0],[-19.885257,81.378428,0.0],[-19.885361,81.377622,0.0],[-19.883569,81.377617,0.0],[-19.883603,81.377348,0.0],[-19.881811,81.377343,0.0],[-19.881846,81.377074,0.0],[-19.880054,81.377069,0.0],[-19.880365,81.374651,0.0],[-19.878574,81.374645,0.0],[-19.878643,81.374108,0.0],[-19.876852,81.374103,0.0],[-19.876887,81.373834,0.0],[-19.875095,81.373829,0.0],[-19.875165,81.373292,0.0],[-19.875541,81.373293,0.0],[-19.870014,81.371969,0.0],[-19.864779,81.369701,0.0],[-19.862659,81.367798,0.0],[-19.855835,81.365645,0.0],[-19.845902,81.365141,0.0],[-19.843997,81.365135,0.0],[-19.844009,81.365045,0.0],[-19.840936,81.364889,0.0],[-19.840917,81.364857,0.0],[-19.838664,81.36485,0.0],[-19.8387,81.364582,0.0],[-19.836911,81.364576,0.0],[-19.836982,81.364039,0.0],[-19.838772,81.364044,0.0],[-19.838807,81.363776,0.0],[-19.840722,81.363781,0.0],[-19.84668,81.363247,0.0],[-19.860834,81.363644,0.0],[-19.871014,81.364267,0.0],[-19.874481,81.364735,0.0],[-19.874522,81.364419,0.0],[-19.876311,81.364424,0.0],[-19.876346,81.364155,0.0],[-19.878135,81.364161,0.0],[-19.87817,81.363892,0.0],[-19.879959,81.363897,0.0],[-19.880028,81.36336,0.0],[-19.881817,81.363365,0.0],[-19.88199,81.362021,0.0],[-19.883779,81.362027,0.0],[-19.883848,81.361489,0.0],[-19.885636,81.361494,0.0],[-19.885705,81.360957,0.0],[-19.887494,81.360962,0.0],[-19.887528,81.360693,0.0],[-19.889317,81.360699,0.0],[-19.889385,81.360161,0.0],[-19.887597,81.360156,0.0],[-19.8877,81.35935,0.0],[-19.889488,81.359355,0.0],[-19.889557,81.358818,0.0],[-19.900286,81.358848,0.0],[-19.90032,81.35858,0.0],[-19.903896,81.35859,0.0],[-19.903862,81.358858,0.0],[-19.91638,81.358894,0.0],[-19.916368,81.358987,0.0],[-19.919965,81.358836,0.0],[-19.91999,81.358635,0.0],[-19.921778,81.35864,0.0],[-19.921811,81.358371,0.0],[-19.925387,81.358381,0.0],[-19.92542,81.358113,0.0],[-19.928997,81.358123,0.0],[-19.92903,81.357854,0.0],[-19.930818,81.357859,0.0],[-19.930851,81.35759,0.0],[-19.932639,81.357595,0.0],[-19.932672,81.357326,0.0],[-19.934459,81.357331,0.0],[-19.934591,81.356257,0.0],[-19.936181,81.356261,0.0],[-19.936514,81.356513,0.0],[-19.936283,81.358409,0.0],[-19.932896,81.360297,0.0],[-19.937542,81.361021,0.0],[-19.947064,81.360573,0.0],[-19.957459,81.359415,0.0],[-19.962375,81.357888,0.0],[-19.964979,81.35588,0.0],[-19.962469,81.355039,0.0],[-19.962491,81.355041,0.0],[-19.963536,81.355194,0.0],[-19.962798,81.354333,0.0],[-19.972116,81.355543,0.0],[-19.977513,81.356231,0.0],[-19.977559,81.355835,0.0],[-19.979347,81.35584,0.0],[-19.979378,81.355571,0.0],[-19.984741,81.355585,0.0],[-19.98471,81.355854,0.0],[-19.986497,81.355859,0.0],[-19.986466,81.356128,0.0],[-19.993617,81.356146,0.0],[-19.993648,81.355878,0.0],[-19.997223,81.355887,0.0],[-19.997254,81.355618,0.0],[-19.999042,81.355623,0.0],[-19.999073,81.355354,0.0],[-20.00086,81.355359,0.0],[-20.000891,81.35509,0.0],[-19.999104,81.355085,0.0],[-19.999134,81.354817,0.0],[-19.997347,81.354812,0.0],[-19.997378,81.354543,0.0],[-19.984866,81.354511,0.0],[-19.984835,81.354779,0.0],[-19.98126,81.35477,0.0],[-19.981292,81.354501,0.0],[-19.97593,81.354487,0.0],[-19.975898,81.354756,0.0],[-19.974111,81.354751,0.0],[-19.974142,81.354482,0.0],[-19.972355,81.354477,0.0],[-19.972387,81.354209,0.0],[-19.970599,81.354204,0.0],[-19.970631,81.353935,0.0],[-19.968844,81.35393,0.0],[-19.968907,81.353393,0.0],[-19.96712,81.353388,0.0],[-19.967184,81.352851,0.0],[-19.968971,81.352856,0.0],[-19.969035,81.352318,0.0],[-19.970821,81.352323,0.0],[-19.970885,81.351786,0.0],[-19.972672,81.35179,0.0],[-19.972703,81.351522,0.0],[-19.97449,81.351526,0.0],[-19.974522,81.351258,0.0],[-19.978095,81.351267,0.0],[-19.978127,81.350998,0.0],[-19.979913,81.351003,0.0],[-19.979945,81.350734,0.0],[-19.981731,81.350739,0.0],[-19.981763,81.35047,0.0],[-19.983549,81.350475,0.0],[-19.983581,81.350206,0.0],[-19.985629,81.350212,0.0],[-19.985417,81.348887,0.0],[-19.983873,81.34761,0.0],[-19.97952,81.34624,0.0],[-19.975287,81.345346,0.0],[-19.973431,81.345341,0.0],[-19.973463,81.345072,0.0],[-19.971678,81.345068,0.0],[-19.971709,81.344799,0.0],[-19.968139,81.344789,0.0],[-19.96817,81.344521,0.0],[-19.966385,81.344516,0.0],[-19.966417,81.344247,0.0],[-19.964632,81.344242,0.0],[-19.964664,81.343974,0.0],[-19.959308,81.343959,0.0],[-19.959276,81.344228,0.0],[-19.957491,81.344223,0.0],[-19.957459,81.344492,0.0],[-19.955673,81.344487,0.0],[-19.955641,81.344756,0.0],[-19.953856,81.344751,0.0],[-19.953824,81.34502,0.0],[-19.950253,81.34501,0.0],[-19.950188,81.345547,0.0],[-19.948403,81.345542,0.0],[-19.94837,81.345811,0.0],[-19.946585,81.345806,0.0],[-19.946552,81.346075,0.0],[-19.93941,81.346055,0.0],[-19.939442,81.345787,0.0],[-19.937657,81.345782,0.0],[-19.937722,81.345244,0.0],[-19.935937,81.345239,0.0],[-19.93597,81.344971,0.0],[-19.934184,81.344966,0.0],[-19.934217,81.344697,0.0],[-19.932432,81.344692,0.0],[-19.932465,81.344423,0.0],[-19.930679,81.344418,0.0],[-19.930745,81.343881,0.0],[-19.93253,81.343886,0.0],[-19.932563,81.343617,0.0],[-19.943274,81.343647,0.0],[-19.943241,81.343915,0.0],[-19.948597,81.34393,0.0],[-19.948694,81.343124,0.0],[-19.946909,81.343119,0.0],[-19.947006,81.342313,0.0],[-19.948791,81.342318,0.0],[-19.948824,81.342049,0.0],[-19.950608,81.342054,0.0],[-19.950641,81.341785,0.0],[-19.952425,81.34179,0.0],[-19.952587,81.340447,0.0],[-19.950802,81.340442,0.0],[-19.950835,81.340173,0.0],[-19.94905,81.340168,0.0],[-19.949083,81.339899,0.0],[-19.947298,81.339894,0.0],[-19.947331,81.339626,0.0],[-19.949115,81.339631,0.0],[-19.949164,81.339223,0.0],[-19.947985,81.33909,0.0],[-19.947395,81.339088,0.0],[-19.947403,81.339024,0.0],[-19.936435,81.337785,0.0],[-19.936444,81.337714,0.0],[-19.93507,81.33771,0.0],[-19.935037,81.337979,0.0],[-19.931469,81.337969,0.0],[-19.931502,81.3377,0.0],[-19.929718,81.337696,0.0],[-19.929751,81.337427,0.0],[-19.926184,81.337417,0.0],[-19.92625,81.336879,0.0],[-19.942303,81.336924,0.0],[-19.942269,81.337208,0.0],[-19.94752,81.337222,0.0],[-19.953855,81.336884,0.0],[-19.96387,81.335623,0.0],[-19.963963,81.334832,0.0],[-19.965747,81.334837,0.0],[-19.96581,81.3343,0.0],[-19.967594,81.334305,0.0],[-19.967625,81.334036,0.0],[-19.969409,81.334041,0.0],[-19.96944,81.333772,0.0],[-19.971223,81.333777,0.0],[-19.971255,81.333508,0.0],[-19.973038,81.333513,0.0],[-19.97307,81.333244,0.0],[-19.974853,81.333249,0.0],[-19.974884,81.33298,0.0],[-19.976667,81.332985,0.0],[-19.976699,81.332716,0.0],[-19.978482,81.332721,0.0],[-19.978513,81.332452,0.0],[-19.980296,81.332457,0.0],[-19.980327,81.332188,0.0],[-19.98211,81.332193,0.0],[-19.982141,81.331924,0.0],[-19.983924,81.331929,0.0],[-19.983955,81.33166,0.0],[-19.987521,81.33167,0.0],[-19.987552,81.331401,0.0],[-19.991117,81.33141,0.0],[-19.991148,81.331142,0.0],[-19.992931,81.331146,0.0],[-19.992962,81.330877,0.0],[-19.994744,81.330882,0.0],[-19.994713,81.331151,0.0],[-19.996496,81.331156,0.0],[-19.996465,81.331424,0.0],[-19.998248,81.331429,0.0],[-19.998186,81.331966,0.0],[-19.999969,81.331971,0.0],[-19.999938,81.33224,0.0],[-20.003504,81.332249,0.0],[-20.003534,81.33198,0.0],[-20.005317,81.331985,0.0],[-20.005348,81.331716,0.0],[-20.00713,81.331721,0.0],[-20.007192,81.331183,0.0],[-20.008974,81.331188,0.0],[-20.009005,81.330919,0.0],[-20.010787,81.330924,0.0],[-20.010818,81.330655,0.0],[-20.017948,81.330673,0.0],[-20.017978,81.330405,0.0],[-20.01976,81.330409,0.0],[-20.019851,81.329603,0.0],[-20.025198,81.329617,0.0],[-20.025228,81.329348,0.0],[-20.02701,81.329352,0.0],[-20.02704,81.329084,0.0],[-20.028822,81.329088,0.0],[-20.028911,81.328282,0.0],[-20.030693,81.328287,0.0],[-20.030723,81.328018,0.0],[-20.034287,81.328027,0.0],[-20.034317,81.327758,0.0],[-20.037881,81.327767,0.0],[-20.03791,81.327498,0.0],[-20.039692,81.327503,0.0],[-20.039781,81.326697,0.0],[-20.037999,81.326692,0.0],[-20.038029,81.326423,0.0],[-20.036247,81.326419,0.0],[-20.036277,81.32615,0.0],[-20.034495,81.326146,0.0],[-20.034525,81.325877,0.0],[-20.032743,81.325872,0.0],[-20.032892,81.324529,0.0],[-20.031111,81.324524,0.0],[-20.03117,81.323987,0.0],[-20.032951,81.323991,0.0],[-20.032981,81.323723,0.0],[-20.041886,81.323745,0.0],[-20.041916,81.323476,0.0],[-20.040135,81.323472,0.0],[-20.040164,81.323203,0.0],[-20.041945,81.323208,0.0],[-20.041975,81.322939,0.0],[-20.040194,81.322934,0.0],[-20.040253,81.322397,0.0],[-20.042034,81.322401,0.0],[-20.042063,81.322133,0.0],[-20.043844,81.322137,0.0],[-20.043873,81.321868,0.0],[-20.042093,81.321864,0.0],[-20.042151,81.321327,0.0],[-20.040371,81.321322,0.0],[-20.0404,81.321053,0.0],[-20.03862,81.321049,0.0],[-20.038708,81.320243,0.0],[-20.036928,81.320238,0.0],[-20.036987,81.319701,0.0],[-20.044108,81.319719,0.0],[-20.044167,81.319181,0.0],[-20.051288,81.319199,0.0],[-20.051259,81.319468,0.0],[-20.053039,81.319472,0.0],[-20.05301,81.319741,0.0],[-20.05479,81.319745,0.0],[-20.054761,81.320014,0.0],[-20.060102,81.320027,0.0],[-20.060073,81.320296,0.0],[-20.063634,81.320304,0.0],[-20.063605,81.320573,0.0],[-20.067166,81.320582,0.0],[-20.067137,81.32085,0.0],[-20.068918,81.320855,0.0],[-20.068689,81.323005,0.0],[-20.066908,81.323,0.0],[-20.066736,81.324613,0.0],[-20.064955,81.324608,0.0],[-20.064926,81.324877,0.0],[-20.063145,81.324873,0.0],[-20.063116,81.325141,0.0],[-20.061335,81.325137,0.0],[-20.061277,81.325674,0.0],[-20.059495,81.32567,0.0],[-20.059437,81.326208,0.0],[-20.057656,81.326203,0.0],[-20.057598,81.326741,0.0],[-20.055816,81.326736,0.0],[-20.0557,81.327811,0.0],[-20.053918,81.327807,0.0],[-20.05386,81.328344,0.0],[-20.052078,81.32834,0.0],[-20.052049,81.328609,0.0],[-20.050267,81.328604,0.0],[-20.050237,81.328873,0.0],[-20.048455,81.328868,0.0],[-20.048426,81.329137,0.0],[-20.039515,81.329115,0.0],[-20.039456,81.329652,0.0],[-20.037674,81.329648,0.0],[-20.037585,81.330454,0.0],[-20.035802,81.33045,0.0],[-20.035743,81.330987,0.0],[-20.037526,81.330992,0.0],[-20.037466,81.331529,0.0],[-20.049945,81.33156,0.0],[-20.049974,81.331291,0.0],[-20.057105,81.331309,0.0],[-20.057098,81.331377,0.0],[-20.067886,81.330065,0.0],[-20.069717,81.33009,0.0],[-20.069727,81.329996,0.0],[-20.067944,81.329991,0.0],[-20.06803,81.329185,0.0],[-20.066248,81.329181,0.0],[-20.066334,81.328375,0.0],[-20.068116,81.328379,0.0],[-20.068174,81.327842,0.0],[-20.069956,81.327846,0.0],[-20.069984,81.327577,0.0],[-20.071766,81.327582,0.0],[-20.071795,81.327313,0.0],[-20.073577,81.327317,0.0],[-20.073605,81.327048,0.0],[-20.075387,81.327053,0.0],[-20.075415,81.326784,0.0],[-20.077197,81.326788,0.0],[-20.077254,81.326251,0.0],[-20.079035,81.326255,0.0],[-20.079064,81.325986,0.0],[-20.080845,81.325991,0.0],[-20.080873,81.325722,0.0],[-20.082655,81.325726,0.0],[-20.082683,81.325457,0.0],[-20.084465,81.325462,0.0],[-20.084493,81.325193,0.0],[-20.086274,81.325197,0.0],[-20.086302,81.324928,0.0],[-20.088084,81.324933,0.0],[-20.08814,81.324395,0.0],[-20.095265,81.324412,0.0],[-20.095237,81.324681,0.0],[-20.107706,81.32471,0.0],[-20.107679,81.324979,0.0],[-20.113023,81.324991,0.0],[-20.11305,81.324722,0.0],[-20.121957,81.324743,0.0],[-20.121984,81.324474,0.0],[-20.123765,81.324478,0.0],[-20.123738,81.324747,0.0],[-20.127301,81.324755,0.0],[-20.127247,81.325292,0.0],[-20.136155,81.325313,0.0],[-20.136128,81.325581,0.0],[-20.148599,81.325609,0.0],[-20.148625,81.32534,0.0],[-20.150407,81.325344,0.0],[-20.150537,81.324001,0.0],[-20.152318,81.324005,0.0],[-20.152344,81.323736,0.0],[-20.154126,81.32374,0.0],[-20.154152,81.323471,0.0],[-20.155933,81.323475,0.0],[-20.155959,81.323206,0.0],[-20.15774,81.32321,0.0],[-20.157765,81.322941,0.0],[-20.15908,81.322944,0.0],[-20.150495,81.321367,0.0],[-20.144271,81.320761,0.0],[-20.144468,81.318746,0.0],[-20.145381,81.317444,0.0],[-20.150124,81.317099,0.0],[-20.158007,81.316761,0.0],[-20.161911,81.316857,0.0],[-20.16192,81.316768,0.0],[-20.1637,81.316772,0.0],[-20.163802,81.315697,0.0],[-20.165582,81.315701,0.0],[-20.165607,81.315433,0.0],[-20.167387,81.315436,0.0],[-20.167412,81.315168,0.0],[-20.169192,81.315171,0.0],[-20.169217,81.314903,0.0],[-20.170997,81.314907,0.0],[-20.171149,81.313294,0.0],[-20.174708,81.313302,0.0],[-20.174682,81.313571,0.0],[-20.18002,81.313582,0.0],[-20.179994,81.313851,0.0],[-20.194228,81.313881,0.0],[-20.194252,81.313612,0.0],[-20.19959,81.313623,0.0],[-20.199565,81.313892,0.0],[-20.203124,81.3139,0.0],[-20.203148,81.313631,0.0],[-20.206706,81.313638,0.0],[-20.206731,81.313369,0.0],[-20.210289,81.313377,0.0],[-20.210313,81.313108,0.0],[-20.21565,81.313119,0.0],[-20.215698,81.312582,0.0],[-20.217477,81.312585,0.0],[-20.217501,81.312316,0.0],[-20.21928,81.31232,0.0],[-20.219304,81.312051,0.0],[-20.235313,81.312084,0.0],[-20.23529,81.312352,0.0],[-20.242405,81.312366,0.0],[-20.242382,81.312635,0.0],[-20.244161,81.312639,0.0],[-20.244138,81.312907,0.0],[-20.245917,81.312911,0.0],[-20.245732,81.315061,0.0],[-20.243952,81.315057,0.0],[-20.243883,81.315863,0.0],[-20.242103,81.31586,0.0],[-20.242056,81.316397,0.0],[-20.243836,81.316401,0.0],[-20.24379,81.316938,0.0],[-20.245569,81.316942,0.0],[-20.245523,81.317479,0.0],[-20.247303,81.317483,0.0],[-20.247257,81.31802,0.0],[-20.249037,81.318024,0.0],[-20.249014,81.318293,0.0],[-20.250794,81.318296,0.0],[-20.250771,81.318565,0.0],[-20.252551,81.318568,0.0],[-20.252528,81.318837,0.0],[-20.256088,81.318844,0.0],[-20.256066,81.319113,0.0],[-20.261406,81.319123,0.0],[-20.261429,81.318854,0.0],[-20.263209,81.318858,0.0],[-20.263232,81.318589,0.0],[-20.265012,81.318592,0.0],[-20.265057,81.318055,0.0],[-20.266837,81.318058,0.0],[-20.266882,81.317521,0.0],[-20.269687,81.317526,0.0],[-20.270457,81.317347,0.0],[-20.270465,81.317259,0.0],[-20.270833,81.31726,0.0],[-20.275007,81.316289,0.0],[-20.285306,81.315123,0.0],[-20.295622,81.31372,0.0],[-20.295517,81.315023,0.0],[-20.296178,81.316565,0.0],[-20.290626,81.317266,0.0],[-20.283465,81.318438,0.0],[-20.28282,81.318548,0.0],[-20.282814,81.318626,0.0],[-20.282365,81.318625,0.0],[-20.281014,81.318855,0.0],[-20.280967,81.319429,0.0],[-20.279187,81.319426,0.0],[-20.279054,81.321038,0.0],[-20.277273,81.321035,0.0],[-20.277162,81.322378,0.0],[-20.275381,81.322375,0.0],[-20.275359,81.322644,0.0],[-20.273578,81.32264,0.0],[-20.273534,81.323178,0.0],[-20.271752,81.323174,0.0],[-20.271663,81.324249,0.0],[-20.269882,81.324246,0.0],[-20.269837,81.324784,0.0],[-20.268055,81.32478,0.0],[-20.267988,81.325586,0.0],[-20.266206,81.325583,0.0],[-20.266184,81.325852,0.0],[-20.263596,81.325847,0.0],[-20.262366,81.326576,0.0],[-20.256647,81.32879,0.0],[-20.257024,81.328791,0.0],[-20.257001,81.329059,0.0],[-20.258784,81.329063,0.0],[-20.258738,81.3296,0.0],[-20.256956,81.329597,0.0],[-20.256933,81.329866,0.0],[-20.25515,81.329862,0.0],[-20.255127,81.330131,0.0],[-20.253345,81.330127,0.0],[-20.253322,81.330396,0.0],[-20.251539,81.330393,0.0],[-20.251493,81.33093,0.0],[-20.249711,81.330927,0.0],[-20.249641,81.331733,0.0],[-20.247859,81.331729,0.0],[-20.247789,81.332536,0.0],[-20.240657,81.332522,0.0],[-20.240634,81.33279,0.0],[-20.235285,81.33278,0.0],[-20.235308,81.332511,0.0],[-20.22461,81.33249,0.0],[-20.224634,81.332221,0.0],[-20.22386,81.332219,0.0],[-20.223319,81.332663,0.0],[-20.211536,81.33252,0.0],[-20.204993,81.332507,0.0],[-20.204851,81.334062,0.0],[-20.203068,81.334058,0.0],[-20.203043,81.334327,0.0],[-20.20126,81.334323,0.0],[-20.201186,81.33513,0.0],[-20.20297,81.335133,0.0],[-20.202847,81.336477,0.0],[-20.204631,81.336481,0.0],[-20.204606,81.336749,0.0],[-20.20639,81.336753,0.0],[-20.206366,81.337022,0.0],[-20.20815,81.337025,0.0],[-20.208125,81.337294,0.0],[-20.209909,81.337298,0.0],[-20.209885,81.337567,0.0],[-20.211669,81.33757,0.0],[-20.211645,81.337839,0.0],[-20.213429,81.337843,0.0],[-20.21338,81.33838,0.0],[-20.215164,81.338384,0.0],[-20.21514,81.338652,0.0],[-20.216924,81.338656,0.0],[-20.2169,81.338925,0.0],[-20.218685,81.338928,0.0],[-20.218661,81.339197,0.0],[-20.220445,81.339201,0.0],[-20.220469,81.338932,0.0],[-20.225822,81.338943,0.0],[-20.225798,81.339212,0.0],[-20.227582,81.339215,0.0],[-20.227559,81.339484,0.0],[-20.234696,81.339498,0.0],[-20.234673,81.339767,0.0],[-20.236457,81.33977,0.0],[-20.236434,81.340039,0.0],[-20.238218,81.340043,0.0],[-20.238171,81.34058,0.0],[-20.229248,81.340562,0.0],[-20.229272,81.340294,0.0],[-20.222133,81.340279,0.0],[-20.222157,81.340011,0.0],[-20.218588,81.340003,0.0],[-20.218564,81.340272,0.0],[-20.21678,81.340268,0.0],[-20.216635,81.341881,0.0],[-20.21842,81.341885,0.0],[-20.218396,81.342153,0.0],[-20.220181,81.342157,0.0],[-20.219868,81.34565,0.0],[-20.221654,81.345654,0.0],[-20.221414,81.348341,0.0],[-20.2232,81.348345,0.0],[-20.223129,81.349151,0.0],[-20.224915,81.349155,0.0],[-20.224867,81.349692,0.0],[-20.226654,81.349696,0.0],[-20.22663,81.349965,0.0],[-20.231989,81.349975,0.0],[-20.231966,81.350244,0.0],[-20.235539,81.350251,0.0],[-20.235515,81.35052,0.0],[-20.237302,81.350523,0.0],[-20.237272,81.350872,0.0],[-20.247004,81.351185,0.0],[-20.250302,81.35221,0.0],[-20.247727,81.353967,0.0],[-20.246836,81.354574,0.0],[-20.246704,81.354664,0.0],[-20.245856,81.354924,0.0],[-20.245257,81.355108,0.0],[-20.241483,81.356267,0.0],[-20.240339,81.356681,0.0],[-20.240266,81.357518,0.0],[-20.238478,81.357514,0.0],[-20.238455,81.357783,0.0],[-20.236667,81.357779,0.0],[-20.236643,81.358048,0.0],[-20.234855,81.358045,0.0],[-20.234666,81.360194,0.0],[-20.232877,81.360191,0.0],[-20.232806,81.360997,0.0],[-20.231018,81.360994,0.0],[-20.230946,81.3618,0.0],[-20.229157,81.361796,0.0],[-20.229086,81.362602,0.0],[-20.227297,81.362599,0.0],[-20.227273,81.362868,0.0],[-20.225484,81.362864,0.0],[-20.225436,81.363401,0.0],[-20.223647,81.363398,0.0],[-20.223599,81.363935,0.0],[-20.221809,81.363932,0.0],[-20.221785,81.3642,0.0],[-20.219996,81.364197,0.0],[-20.219972,81.364466,0.0],[-20.218182,81.364462,0.0],[-20.218158,81.364731,0.0],[-20.216368,81.364727,0.0],[-20.216353,81.364895,0.0],[-20.215053,81.365262,0.0],[-20.209005,81.366967,0.0],[-20.208917,81.367937,0.0],[-20.207127,81.367934,0.0],[-20.207029,81.369008,0.0],[-20.205238,81.369005,0.0],[-20.205066,81.370886,0.0],[-20.203276,81.370882,0.0],[-20.203202,81.371688,0.0],[-20.201411,81.371685,0.0],[-20.201337,81.372491,0.0],[-20.199545,81.372487,0.0],[-20.199446,81.373562,0.0],[-20.197655,81.373558,0.0],[-20.197581,81.374365,0.0],[-20.195789,81.374361,0.0],[-20.195715,81.375167,0.0],[-20.193923,81.375163,0.0],[-20.193798,81.376507,0.0],[-20.192006,81.376503,0.0],[-20.191981,81.376772,0.0],[-20.190653,81.376769,0.0],[-20.189774,81.377975,0.0],[-20.183461,81.378895,0.0],[-20.175594,81.379464,0.0],[-20.175572,81.379694,0.0],[-20.17378,81.37969,0.0],[-20.173754,81.379959,0.0],[-20.170169,81.379951,0.0],[-20.170143,81.38022,0.0],[-20.16835,81.380216,0.0],[-20.168299,81.380754,0.0],[-20.166506,81.38075,0.0],[-20.166429,81.381556,0.0],[-20.164636,81.381552,0.0],[-20.16461,81.381821,0.0],[-20.155645,81.381801,0.0],[-20.155671,81.381533,0.0],[-20.148499,81.381517,0.0],[-20.148472,81.381786,0.0],[-20.146679,81.381782,0.0],[-20.1466,81.382588,0.0],[-20.143014,81.38258,0.0],[-20.143032,81.382391,0.0],[-20.13835,81.382786,0.0],[-20.128636,81.382865,0.0],[-20.128614,81.383085,0.0],[-20.126821,81.383081,0.0],[-20.12655,81.385769,0.0],[-20.124756,81.385764,0.0],[-20.124702,81.386302,0.0],[-20.122908,81.386298,0.0],[-20.122827,81.387104,0.0],[-20.121033,81.3871,0.0],[-20.120897,81.388444,0.0],[-20.122691,81.388448,0.0],[-20.122555,81.389791,0.0],[-20.12435,81.389795,0.0],[-20.124323,81.390064,0.0],[-20.126117,81.390068,0.0],[-20.12609,81.390337,0.0],[-20.127885,81.390341,0.0],[-20.127831,81.390878,0.0],[-20.126036,81.390874,0.0],[-20.126009,81.391143,0.0],[-20.124214,81.391139,0.0],[-20.124187,81.391408,0.0],[-20.122392,81.391404,0.0],[-20.122338,81.391941,0.0],[-20.120542,81.391937,0.0],[-20.120515,81.392206,0.0],[-20.11872,81.392202,0.0],[-20.118693,81.39247,0.0],[-20.117884,81.392469,0.0],[-20.115431,81.394063,0.0],[-20.11051,81.395711,0.0],[-20.100402,81.395688,0.0],[-20.100378,81.395923,0.0],[-20.098582,81.395918,0.0],[-20.098554,81.396187,0.0],[-20.096758,81.396183,0.0],[-20.096674,81.396989,0.0],[-20.094878,81.396985,0.0],[-20.09485,81.397254,0.0],[-20.091257,81.397245,0.0],[-20.091229,81.397514,0.0],[-20.089433,81.39751,0.0],[-20.089348,81.398316,0.0],[-20.091145,81.39832,0.0],[-20.091116,81.398589,0.0],[-20.092913,81.398593,0.0],[-20.092941,81.398324,0.0],[-20.094738,81.398329,0.0],[-20.094709,81.398597,0.0],[-20.096506,81.398601,0.0],[-20.096394,81.399676,0.0],[-20.0928,81.399668,0.0],[-20.092829,81.399399,0.0],[-20.091032,81.399395,0.0],[-20.091088,81.398858,0.0],[-20.087495,81.398849,0.0],[-20.087467,81.399118,0.0],[-20.08567,81.399114,0.0],[-20.085642,81.399382,0.0],[-20.083845,81.399378,0.0],[-20.083817,81.399647,0.0],[-20.078427,81.399634,0.0],[-20.078398,81.399903,0.0],[-20.074805,81.399894,0.0],[-20.074833,81.399625,0.0],[-20.074079,81.399624,0.0],[-20.059273,81.400687,0.0],[-20.053538,81.400112,0.0],[-20.046027,81.400093,0.0],[-20.045997,81.400362,0.0],[-20.042404,81.400353,0.0],[-20.042374,81.400622,0.0],[-20.040577,81.400617,0.0],[-20.040547,81.400886,0.0],[-20.03875,81.400882,0.0],[-20.03872,81.40115,0.0],[-20.040517,81.401155,0.0],[-20.040279,81.403305,0.0],[-20.038482,81.4033,0.0],[-20.038452,81.403569,0.0],[-20.034857,81.40356,0.0],[-20.034827,81.403829,0.0],[-20.031232,81.40382,0.0],[-20.031202,81.404088,0.0],[-20.027869,81.40408,0.0],[-20.025117,81.404869,0.0],[-20.022498,81.406996,0.0],[-20.02035,81.407555,0.0],[-20.021819,81.407559,0.0],[-20.021759,81.408097,0.0],[-20.01996,81.408092,0.0],[-20.019778,81.409704,0.0],[-20.021576,81.409709,0.0],[-20.021485,81.410515,0.0],[-20.023284,81.41052,0.0],[-20.023133,81.411863,0.0],[-20.024932,81.411868,0.0],[-20.024871,81.412405,0.0],[-20.026671,81.41241,0.0],[-20.02661,81.412947,0.0],[-20.02841,81.412952,0.0],[-20.028349,81.413489,0.0],[-20.030149,81.413494,0.0],[-20.030119,81.413762,0.0],[-20.031918,81.413767,0.0],[-20.031828,81.414573,0.0],[-20.033628,81.414577,0.0],[-20.033598,81.414846,0.0],[-20.035398,81.414851,0.0],[-20.035368,81.415119,0.0],[-20.037168,81.415124,0.0],[-20.037048,81.416199,0.0],[-20.035248,81.416194,0.0],[-20.035188,81.416732,0.0],[-20.033388,81.416727,0.0],[-20.033298,81.417533,0.0],[-20.031497,81.417529,0.0],[-20.031437,81.418066,0.0],[-20.029636,81.418062,0.0],[-20.029576,81.418599,0.0],[-20.027775,81.418595,0.0],[-20.027745,81.418864,0.0],[-20.025945,81.418859,0.0],[-20.025914,81.419128,0.0],[-20.024114,81.419123,0.0],[-20.024053,81.419661,0.0],[-20.022252,81.419656,0.0],[-20.022222,81.419925,0.0],[-20.020421,81.41992,0.0],[-20.02036,81.420458,0.0],[-20.018089,81.420452,0.0],[-20.016124,81.421204,0.0],[-20.009661,81.422136,0.0],[-20.000291,81.422633,0.0],[-20.000269,81.422826,0.0],[-19.994865,81.422812,0.0],[-19.994833,81.42308,0.0],[-19.99123,81.423071,0.0],[-19.991199,81.42334,0.0],[-19.985794,81.423326,0.0],[-19.985763,81.423594,0.0],[-19.980358,81.42358,0.0],[-19.980326,81.423849,0.0],[-19.976723,81.42384,0.0],[-19.976691,81.424108,0.0],[-19.969484,81.424089,0.0],[-19.969452,81.424358,0.0],[-19.96765,81.424353,0.0],[-19.967618,81.424622,0.0],[-19.964014,81.424612,0.0],[-19.964033,81.424453,0.0],[-19.952818,81.425661,0.0],[-19.947544,81.426652,0.0],[-19.94747,81.427256,0.0],[-19.945668,81.427251,0.0],[-19.945616,81.427676,0.0],[-19.937168,81.428703,0.0],[-19.920341,81.429724,0.0],[-19.911521,81.430292,0.0],[-19.907389,81.430665,0.0],[-19.901313,81.430616,0.0],[-19.891164,81.430475,0.0],[-19.891149,81.430594,0.0],[-19.887543,81.430583,0.0],[-19.887563,81.430425,0.0],[-19.879876,81.430318,0.0],[-19.850427,81.430469,0.0],[-19.835988,81.431374,0.0],[-19.827161,81.431941,0.0],[-19.80665,81.430693,0.0],[-19.787022,81.428854,0.0],[-19.773795,81.426797,0.0],[-19.767837,81.425115,0.0],[-19.767472,81.425114,0.0],[-19.767486,81.425016,0.0],[-19.766153,81.424639,0.0],[-19.765317,81.423225,0.0],[-19.764138,81.423221,0.0],[-19.764176,81.422953,0.0],[-19.762375,81.422947,0.0],[-19.762413,81.422678,0.0],[-19.760612,81.422673,0.0],[-19.76065,81.422404,0.0],[-19.757048,81.422392,0.0],[-19.757068,81.422248,0.0],[-19.747982,81.42387,0.0],[-19.740003,81.424081,0.0],[-19.734268,81.425248,0.0],[-19.717336,81.426852,0.0],[-19.708453,81.427771,0.0],[-19.699496,81.429164,0.0],[-19.693065,81.429616,0.0],[-19.689222,81.429956,0.0],[-19.689221,81.429965,0.0],[-19.691024,81.429971,0.0],[-19.690779,81.431583,0.0],[-19.688976,81.431577,0.0],[-19.688936,81.431846,0.0],[-19.687132,81.43184,0.0],[-19.687091,81.432109,0.0],[-19.685288,81.432103,0.0],[-19.685247,81.432371,0.0],[-19.683444,81.432365,0.0],[-19.683403,81.432634,0.0],[-19.679796,81.432622,0.0],[-19.679755,81.43289,0.0],[-19.676149,81.432878,0.0],[-19.676107,81.433147,0.0],[-19.674304,81.433141,0.0],[-19.674263,81.433409,0.0],[-19.670656,81.433397,0.0]],[[-20.029017,81.33317,0.0],[-20.032228,81.332585,0.0],[-20.023066,81.332734,0.0],[-20.023085,81.332568,0.0],[-20.021302,81.332563,0.0],[-20.021332,81.332295,0.0],[-20.017766,81.332286,0.0],[-20.017736,81.332554,0.0],[-20.01417,81.332545,0.0],[-20.01411,81.333083,0.0],[-20.012327,81.333078,0.0],[-20.012296,81.333347,0.0],[-20.00873,81.333338,0.0],[-20.0087,81.333606,0.0],[-20.006917,81.333602,0.0],[-20.006865,81.334058,0.0],[-20.007609,81.334141,0.0],[-20.008626,81.334255,0.0],[-20.012331,81.334668,0.0],[-20.021781,81.334574,0.0],[-20.026133,81.334476,0.0],[-20.02826,81.334141,0.0],[-20.028284,81.333925,0.0],[-20.026501,81.333921,0.0],[-20.026505,81.333885,0.0],[-20.028178,81.333642,0.0],[-20.029017,81.33317,0.0]],[[-20.220101,81.323073,0.0],[-20.220125,81.322804,0.0],[-20.221906,81.322808,0.0],[-20.22193,81.322539,0.0],[-20.223711,81.322543,0.0],[-20.22383,81.321199,0.0],[-20.22205,81.321196,0.0],[-20.222074,81.320927,0.0],[-20.216732,81.320916,0.0],[-20.216756,81.320647,0.0],[-20.213195,81.32064,0.0],[-20.213219,81.320371,0.0],[-20.211438,81.320368,0.0],[-20.211463,81.320099,0.0],[-20.206121,81.320088,0.0],[-20.206097,81.320357,0.0],[-20.202536,81.320349,0.0],[-20.202511,81.320618,0.0],[-20.200731,81.320614,0.0],[-20.200657,81.32142,0.0],[-20.202438,81.321424,0.0],[-20.202413,81.321693,0.0],[-20.204194,81.321697,0.0],[-20.204145,81.322234,0.0],[-20.205926,81.322238,0.0],[-20.205902,81.322506,0.0],[-20.207683,81.32251,0.0],[-20.207658,81.322779,0.0],[-20.209439,81.322782,0.0],[-20.209415,81.323051,0.0],[-20.220101,81.323073,0.0]],[[-19.876242,81.364962,0.0],[-19.876163,81.364961,0.0],[-19.876241,81.364972,0.0],[-19.876242,81.364962,0.0]],[[-20.209698,81.359338,0.0],[-20.209771,81.358532,0.0],[-20.207983,81.358528,0.0],[-20.208008,81.358259,0.0],[-20.204431,81.358252,0.0],[-20.204456,81.357983,0.0],[-20.200879,81.357976,0.0],[-20.200855,81.358244,0.0],[-20.199066,81.358241,0.0],[-20.198992,81.359047,0.0],[-20.200781,81.359051,0.0],[-20.200756,81.359319,0.0],[-20.202544,81.359323,0.0],[-20.20252,81.359592,0.0],[-20.207885,81.359603,0.0],[-20.20791,81.359334,0.0],[-20.209698,81.359338,0.0]],[[-20.222193,81.319583,0.0],[-20.222145,81.320121,0.0],[-20.223926,81.320124,0.0],[-20.223902,81.320393,0.0],[-20.225682,81.320397,0.0],[-20.225611,81.321203,0.0],[-20.227392,81.321206,0.0],[-20.227344,81.321744,0.0],[-20.230906,81.321751,0.0],[-20.230929,81.321482,0.0],[-20.23271,81.321486,0.0],[-20.232734,81.321217,0.0],[-20.234514,81.321221,0.0],[-20.234609,81.320146,0.0],[-20.232828,81.320142,0.0],[-20.232875,81.319605,0.0],[-20.229314,81.319597,0.0],[-20.229362,81.31906,0.0],[-20.225801,81.319053,0.0],[-20.225849,81.318515,0.0],[-20.220509,81.318505,0.0],[-20.220413,81.31958,0.0],[-20.222193,81.319583,0.0]]]}}]}
