{"type":"FeatureCollection","features":[{"type":"Feature","properties":{"rgi_id":"RGI2000-v7.0-G-03-03233","o1region":"03"},"geometry":{"type":"Polygon","coordinates":[[[-81.040345,79.824965,0.0],[-81.042231,79.823587,0.0],[-81.043635,79.82324,0.0],[-81.047814,79.822969,0.0],[-81.056375,79.822937,0.0],[-81.058858,79.822851,0.0],[-81.061667,79.822891,0.0],[-81.064769,79.823093,0.0],[-81.065815,79.823393,0.0],[-81.064692,79.823671,0.0],[-81.061715,79.82382,0.0],[-81.06012,79.823892,0.0],[-81.055132,79.824333,0.0],[-81.054369,79.824698,0.0],[-81.055393,79.825268,0.0],[-81.057236,79.825165,0.0],[-81.060033,79.824972,0.0],[-81.062404,79.824767,0.0],[-81.065043,79.824261,0.0],[-81.067007,79.823774,0.0],[-81.070152,79.823436,0.0],[-81.07523,79.823384,0.0],[-81.078659,79.823711,0.0],[-81.080216,79.824914,0.0],[-81.079646,79.825555,0.0],[-81.075458,79.826328,0.0],[-81.071257,79.826869,0.0],[-81.066796,79.827209,0.0],[-81.06365,79.827547,0.0],[-81.062145,79.828008,0.0],[-81.060338,79.828808,0.0],[-81.059059,79.829507,0.0],[-81.055935,79.83031,0.0],[-81.052373,79.830868,0.0],[-81.04999,79.831575,0.0],[-81.047406,79.832508,0.0],[-81.044978,79.833021,0.0],[-81.042593,79.832993,0.0],[-81.040805,79.832789,0.0],[-81.038611,79.832302,0.0],[-81.03743,79.831419,0.0],[-81.037238,79.830408,0.0],[-81.037653,79.829453,0.0],[-81.039607,79.827999,0.0],[-81.041325,79.82681,0.0],[-81.040133,79.826429,0.0],[-81.040345,79.824965,0.0]]]}},{"type":"Feature","properties":{"rgi_id":"RGI2000-v7.0-G-03-03234","o1region":"03"},"geometry":{"type":"Polygon","coordinates":[[[-81.018758,79.824634,0.0],[-81.017702,79.824102,0.0],[-81.016781,79.824153,0.0],[-81.010892,79.824375,0.0],[-81.008859,79.824203,0.0],[-81.009332,79.823674,0.0],[-81.013152,79.823317,0.0],[-81.015804,79.823043,0.0],[-81.021344,79.822231,0.0],[-81.025444,79.822539,0.0],[-81.027557,79.822869,0.0],[-81.028321,79.823238,0.0],[-81.029501,79.824122,0.0],[-81.030771,79.82466,0.0],[-81.033176,79.825152,0.0],[-81.034828,79.825508,0.0],[-81.034536,79.826079,0.0],[-81.032592,79.826296,0.0],[-81.02722,79.826919,0.0],[-81.026197,79.827084,0.0],[-81.023903,79.82965,0.0],[-81.017628,79.830789,0.0],[-81.014784,79.830787,0.0],[-81.013243,79.830551,0.0],[-81.012412,79.830257,0.0],[-81.011974,79.830013,0.0],[-81.012088,79.828662,0.0],[-81.011954,79.828079,0.0],[-81.010573,79.827421,0.0],[-81.008213,79.827123,0.0],[-81.007653,79.825793,0.0],[-81.009543,79.82515,0.0],[-81.018758,79.824634,0.0]]]}},{"type":"Feature","properties":{"rgi_id":"RGI2000-v7.0-G-03-03235","o1region":"03"},"geometry":{"type":"Polygon","coordinates":[[[-80.840729,79.786386,0.0],[-80.8563,79.790196,0.0],[-80.869889,79.792913,0.0],[-80.884794,79.795653,0.0],[-80.906769,79.798759,0.0],[-80.929099,79.801284,0.0],[-80.946093,79.802771,0.0],[-80.999433,79.80551,0.0],[-81.050919,79.806918,0.0],[-81.093578,79.807572,0.0],[-81.12681,79.807349,0.0],[-81.144119,79.80741,0.0],[-81.144517,79.807546,0.0],[-81.150538,79.808059,0.0],[-81.162768,79.809866,0.0],[-81.170328,79.810737,0.0],[-81.178711,79.811927,0.0],[-81.182803,79.812676,0.0],[-81.190609,79.814767,0.0],[-81.201749,79.816217,0.0],[-81.230596,79.815545,0.0],[-81.242127,79.816362,0.0],[-81.255365,79.816305,0.0],[-81.260133,79.816871,0.0],[-81.266943,79.816841,0.0],[-81.272502,79.816856,0.0],[-81.28174,79.817406,0.0],[-81.290435,79.818991,0.0],[-81.292164,79.818983,0.0],[-81.291971,79.817646,0.0],[-81.294385,79.817374,0.0],[-81.301752,79.819112,0.0],[-81.297151,79.820325,0.0],[-81.301661,79.821488,0.0],[-81.317909,79.822172,0.0],[-81.321223,79.822469,0.0],[-81.32108,79.824161,0.0],[-81.316373,79.824874,0.0],[-81.309077,79.823547,0.0],[-81.305884,79.823276,0.0],[-81.299807,79.82247,0.0],[-81.295206,79.822211,0.0],[-81.291146,79.821846,0.0],[-81.289094,79.822227,0.0],[-81.273749,79.822185,0.0],[-81.254559,79.821623,0.0],[-81.252644,79.821978,0.0],[-81.238216,79.822266,0.0],[-81.234218,79.822255,0.0],[-81.225557,79.820674,0.0],[-81.221953,79.820388,0.0],[-81.212992,79.820937,0.0],[-81.206981,79.820919,0.0],[-81.196482,79.820963,0.0],[-81.189922,79.82009,0.0],[-81.178274,79.819099,0.0],[-81.173499,79.81853,0.0],[-81.168886,79.818138,0.0],[-81.164242,79.817718,0.0],[-81.164349,79.816638,0.0],[-81.153585,79.815721,0.0],[-81.146846,79.816339,0.0],[-81.141413,79.815847,0.0],[-81.137715,79.814507,0.0],[-81.133141,79.814526,0.0],[-81.129342,79.814514,0.0],[-81.124115,79.814535,0.0],[-81.114159,79.815876,0.0],[-81.10644,79.814845,0.0],[-81.097412,79.814536,0.0],[-81.090049,79.814092,0.0],[-81.080731,79.815347,0.0],[-81.063983,79.815614,0.0],[-81.053047,79.816176,0.0],[-81.046798,79.817328,0.0],[-81.044267,79.818393,0.0],[-81.054984,79.820736,0.0],[-81.054888,79.821607,0.0],[-81.05019,79.822336,0.0],[-81.044782,79.821343,0.0],[-81.036017,79.819924,0.0],[-81.019947,79.821001,0.0],[-81.006231,79.821534,0.0],[-81.00251,79.821873,0.0],[-80.994034,79.824514,0.0],[-80.994155,79.825564,0.0],[-80.993271,79.825662,0.0],[-80.982095,79.822269,0.0],[-80.979177,79.820758,0.0],[-80.970808,79.81881,0.0],[-80.966637,79.817276,0.0],[-80.96448,79.815555,0.0],[-80.964354,79.815469,0.0],[-80.975594,79.814949,0.0],[-80.985874,79.815697,0.0],[-81.000022,79.815598,0.0],[-81.008969,79.816686,0.0],[-81.031604,79.813071,0.0],[-81.024048,79.812152,0.0],[-81.01989,79.812123,0.0],[-81.015384,79.812403,0.0],[-81.002091,79.812684,0.0],[-80.999727,79.814006,0.0],[-80.989886,79.813284,0.0],[-80.986353,79.81261,0.0],[-80.975879,79.812123,0.0],[-80.97509,79.811994,0.0],[-80.971711,79.813413,0.0],[-80.96214,79.813735,0.0],[-80.956668,79.814246,0.0],[-80.945961,79.81432,0.0],[-80.937414,79.813697,0.0],[-80.923661,79.814118,0.0],[-80.917287,79.81307,0.0],[-80.912793,79.81221,0.0],[-80.910536,79.813465,0.0],[-80.907082,79.812923,0.0],[-80.898239,79.810741,0.0],[-80.889102,79.807991,0.0],[-80.880893,79.80582,0.0],[-80.871863,79.803969,0.0],[-80.859078,79.802047,0.0],[-80.842343,79.800387,0.0],[-80.826757,79.799982,0.0],[-80.816381,79.799337,0.0],[-80.806542,79.797805,0.0],[-80.790916,79.795379,0.0],[-80.78967926323118,79.79342941495617,0.0],[-80.801898,79.794049,0.0],[-80.81268,79.792939,0.0],[-80.818412,79.791255,0.0],[-80.821379,79.788562,0.0],[-80.829067,79.785292,0.0],[-80.840729,79.786386,0.0]]]}},{"type":"Feature","properties":{"rgi_id":"RGI2000-v7.0-G-03-03236","o1region":"03"},"geometry":{"type":"Polygon","coordinates":[[[-80.972394,79.793091,0.0],[-80.96628,79.794173,0.0],[-80.961208,79.794192,0.0],[-80.953894,79.79372,0.0],[-80.948822,79.793739,0.0],[-80.930535,79.791494,0.0],[-80.921312,79.789977,0.0],[-80.912388,79.789026,0.0],[-80.908569,79.789067,0.0],[-80.889641,79.787929,0.0],[-80.885165,79.786949,0.0],[-80.88158,79.785536,0.0],[-80.879575,79.783592,0.0],[-80.878557,79.782115,0.0],[-80.87629,79.780615,0.0],[-80.877839,79.779074,0.0],[-80.878498,79.777965,0.0],[-80.878928,79.776179,0.0],[-80.878257,79.775238,0.0],[-80.88322,79.774954,0.0],[-80.885086,79.77394,0.0],[-80.889685,79.77274,0.0],[-80.894193,79.771524,0.0],[-80.8988,79.77099,0.0],[-80.898661,79.769675,0.0],[-80.902212,79.768455,0.0],[-80.909394,79.767233,0.0],[-80.910881,79.766691,0.0],[-80.917137,79.765626,0.0],[-80.922984,79.76671,0.0],[-80.935812,79.766666,0.0],[-80.93873,79.767737,0.0],[-80.936505,79.768888,0.0],[-80.921793,79.772118,0.0],[-80.91842,79.773955,0.0],[-80.915517,79.774952,0.0],[-80.914132,79.775561,0.0],[-80.928197,79.774925,0.0],[-80.932755,79.774085,0.0],[-80.93659,79.773432,0.0],[-80.936501,79.772615,0.0],[-80.940387,79.772281,0.0],[-80.953105,79.769634,0.0],[-80.972266,79.766738,0.0],[-80.981955,79.76618,0.0],[-81.009239,79.765901,0.0],[-81.015484,79.765616,0.0],[-81.020689,79.765635,0.0],[-81.015107,79.767562,0.0],[-80.997108,79.769659,0.0],[-80.992088,79.770263,0.0],[-80.987462,79.771118,0.0],[-80.984654,79.773162,0.0],[-80.980544,79.773147,0.0],[-80.974918,79.773489,0.0],[-80.972447,79.775731,0.0],[-80.976958,79.776913,0.0],[-80.979089,79.77808,0.0],[-80.985165,79.777712,0.0],[-80.992423,79.777738,0.0],[-80.999063,79.777335,0.0],[-81.007709,79.778265,0.0],[-81.013797,79.778528,0.0],[-81.015282,79.778802,0.0],[-81.021243,79.779495,0.0],[-81.030462,79.78014,0.0],[-81.034087,79.780471,0.0],[-81.042555,79.781487,0.0],[-81.045616,79.781751,0.0],[-81.048618,79.782024,0.0],[-81.050952,79.782015,0.0],[-81.053171,79.783662,0.0],[-81.049414,79.784959,0.0],[-81.03954,79.785246,0.0],[-81.036541,79.78552,0.0],[-81.030449,79.785784,0.0],[-81.027449,79.786085,0.0],[-81.031017,79.787311,0.0],[-81.028939,79.787666,0.0],[-81.027456,79.788478,0.0],[-81.022023,79.788945,0.0],[-81.016833,79.788472,0.0],[-81.012296,79.788747,0.0],[-81.008321,79.788733,0.0],[-81.00164,79.787931,0.0],[-80.998592,79.787942,0.0],[-80.99869,79.788791,0.0],[-81.00618,79.790066,0.0],[-81.007839,79.790672,0.0],[-81.007704,79.791853,0.0],[-81.004826,79.792079,0.0],[-81.002229,79.792077,0.0],[-81.002228,79.79154,0.0],[-80.996338,79.791308,0.0],[-80.983247,79.791385,0.0],[-80.976701,79.791578,0.0],[-80.971028,79.791578,0.0],[-80.969719,79.791771,0.0],[-80.970154,79.792197,0.0],[-80.972394,79.793091,0.0]],[[-80.924811,79.786234,0.0],[-80.930274,79.784533,0.0],[-80.927657,79.784649,0.0],[-80.924167,79.784803,0.0],[-80.923074,79.785189,0.0],[-80.922853,79.785653,0.0],[-80.924811,79.786234,0.0]]]}},{"type":"Feature","properties":{"rgi_id":"RGI2000-v7.0-G-03-03238","o1region":"03"},"geometry":{"type":"Polygon","coordinates":[[[-81.144119,79.80741,0.0],[-81.12681,79.807349,0.0],[-81.093578,79.807572,0.0],[-81.050919,79.806918,0.0],[-80.999433,79.80551,0.0],[-80.946093,79.802771,0.0],[-80.929099,79.801284,0.0],[-80.906769,79.798759,0.0],[-80.884794,79.795653,0.0],[-80.869889,79.792913,0.0],[-80.8563,79.790196,0.0],[-80.840729,79.786386,0.0],[-80.829067,79.785292,0.0],[-80.831331,79.784329,0.0],[-80.834221,79.781755,0.0],[-80.836302,79.779404,0.0],[-80.843183,79.776905,0.0],[-80.855532,79.775905,0.0],[-80.859486,79.777156,0.0],[-80.865372,79.776621,0.0],[-80.872409,79.776218,0.0],[-80.877501,79.775281,0.0],[-80.878257,79.775238,0.0],[-80.878928,79.776179,0.0],[-80.878498,79.777965,0.0],[-80.877839,79.779074,0.0],[-80.87629,79.780615,0.0],[-80.878557,79.782115,0.0],[-80.879575,79.783592,0.0],[-80.88158,79.785536,0.0],[-80.885165,79.786949,0.0],[-80.889641,79.787929,0.0],[-80.908569,79.789067,0.0],[-80.912388,79.789026,0.0],[-80.921312,79.789977,0.0],[-80.930535,79.791494,0.0],[-80.948822,79.793739,0.0],[-80.953894,79.79372,0.0],[-80.961208,79.794192,0.0],[-80.96628,79.794173,0.0],[-80.972394,79.793091,0.0],[-80.97277,79.793241,0.0],[-80.974077,79.79413,0.0],[-80.975386,79.794401,0.0],[-80.976479,79.793783,0.0],[-80.978226,79.792971,0.0],[-80.980191,79.792507,0.0],[-80.984118,79.792429,0.0],[-80.992192,79.792546,0.0],[-80.998519,79.792584,0.0],[-81.002229,79.79212,0.0],[-81.002229,79.792077,0.0],[-81.004826,79.792079,0.0],[-81.007704,79.791853,0.0],[-81.007659,79.792253,0.0],[-81.012271,79.791699,0.0],[-81.018367,79.791435,0.0],[-81.021368,79.791161,0.0],[-81.026206,79.790882,0.0],[-81.037806,79.788739,0.0],[-81.042537,79.788755,0.0],[-81.049304,79.787843,0.0],[-81.054674,79.786851,0.0],[-81.059494,79.786027,0.0],[-81.066839,79.786053,0.0],[-81.068916,79.786045,0.0],[-81.071361,79.784702,0.0],[-81.076292,79.784417,0.0],[-81.085309,79.784448,0.0],[-81.101201,79.782818,0.0],[-81.109612,79.781681,0.0],[-81.125886,79.782003,0.0],[-81.13034,79.781985,0.0],[-81.13346,79.782269,0.0],[-81.140828,79.782689,0.0],[-81.142594,79.785363,0.0],[-81.138053,79.785756,0.0],[-81.135063,79.786569,0.0],[-81.128973,79.786835,0.0],[-81.125976,79.787136,0.0],[-81.12903,79.788182,0.0],[-81.124387,79.789271,0.0],[-81.117437,79.789249,0.0],[-81.115424,79.792221,0.0],[-81.11085,79.792755,0.0],[-81.105658,79.793716,0.0],[-81.100252,79.79464,0.0],[-81.098777,79.795784,0.0],[-81.102856,79.796789,0.0],[-81.104926,79.795652,0.0],[-81.113457,79.794194,0.0],[-81.115424,79.794909,0.0],[-81.116977,79.79544,0.0],[-81.119004,79.796176,0.0],[-81.11395,79.79704,0.0],[-81.112163,79.79835,0.0],[-81.114154,79.800731,0.0],[-81.131171,79.801079,0.0],[-81.145413,79.799033,0.0],[-81.150874,79.797721,0.0],[-81.158224,79.797295,0.0],[-81.165468,79.795951,0.0],[-81.174246,79.795191,0.0],[-81.184721,79.794057,0.0],[-81.197284,79.792176,0.0],[-81.19883,79.79218,0.0],[-81.200311,79.791905,0.0],[-81.209002,79.790414,0.0],[-81.218695,79.789279,0.0],[-81.224539,79.788938,0.0],[-81.233316,79.788399,0.0],[-81.241794,79.788099,0.0],[-81.245687,79.787036,0.0],[-81.249189,79.786111,0.0],[-81.254781,79.78515,0.0],[-81.253213,79.784885,0.0],[-81.250293,79.783829,0.0],[-81.242353,79.782166,0.0],[-81.233427,79.781137,0.0],[-81.219777,79.778991,0.0],[-81.214472,79.778379,0.0],[-81.201338,79.777664,0.0],[-81.190383,79.778337,0.0],[-81.181923,79.779557,0.0],[-81.174333,79.780362,0.0],[-81.16517,79.781735,0.0],[-81.157927,79.782363,0.0],[-81.150676,79.781927,0.0],[-81.147045,79.780608,0.0],[-81.147173,79.779332,0.0],[-81.14553,79.778769,0.0],[-81.144033,79.777853,0.0],[-81.153258,79.775684,0.0],[-81.152957,79.773366,0.0],[-81.167813,79.772077,0.0],[-81.174205,79.772842,0.0],[-81.177267,79.773104,0.0],[-81.180269,79.773376,0.0],[-81.187965,79.773635,0.0],[-81.187773,79.772193,0.0],[-81.18024,79.771763,0.0],[-81.178753,79.771543,0.0],[-81.184197,79.770955,0.0],[-81.196238,79.772394,0.0],[-81.20398,79.773815,0.0],[-81.210545,79.773472,0.0],[-81.205889,79.772262,0.0],[-81.199915,79.771752,0.0],[-81.195395,79.771212,0.0],[-81.188532,79.770821,0.0],[-81.181668,79.770408,0.0],[-81.181746,79.769607,0.0],[-81.177621,79.767816,0.0],[-81.180445,79.766835,0.0],[-81.190764,79.766382,0.0],[-81.198277,79.765297,0.0],[-81.201327,79.765031,0.0],[-81.20428,79.764481,0.0],[-81.211904,79.763818,0.0],[-81.218711,79.763189,0.0],[-81.227863,79.764019,0.0],[-81.233243,79.763365,0.0],[-81.244379,79.763397,0.0],[-81.248174,79.763381,0.0],[-81.249664,79.76368,0.0],[-81.240788,79.765209,0.0],[-81.236996,79.766612,0.0],[-81.223382,79.768546,0.0],[-81.227112,79.76982,0.0],[-81.230198,79.772291,0.0],[-81.223834,79.773972,0.0],[-81.219503,79.774716,0.0],[-81.2198,79.776894,0.0],[-81.226225,79.777982,0.0],[-81.247077,79.780584,0.0],[-81.248569,79.780857,0.0],[-81.252385,79.78084,0.0],[-81.254648,79.781659,0.0],[-81.25925,79.782725,0.0],[-81.260756,79.783535,0.0],[-81.262731,79.783869,0.0],[-81.273391,79.783212,0.0],[-81.287976,79.781625,0.0],[-81.298788,79.780525,0.0],[-81.304669,79.780541,0.0],[-81.304621,79.781106,0.0],[-81.297355,79.78364,0.0],[-81.289969,79.785385,0.0],[-81.287939,79.786895,0.0],[-81.28206,79.787407,0.0],[-81.277354,79.788693,0.0],[-81.277746,79.791448,0.0],[-81.273099,79.791852,0.0],[-81.265693,79.792751,0.0],[-81.260739,79.794103,0.0],[-81.252055,79.795595,0.0],[-81.235759,79.797662,0.0],[-81.219228,79.799902,0.0],[-81.213236,79.800603,0.0],[-81.190607,79.802108,0.0],[-81.173198,79.802672,0.0],[-81.168696,79.803086,0.0],[-81.158299,79.803985,0.0],[-81.141403,79.806482,0.0],[-81.144119,79.80741,0.0]],[[-81.078234,79.80081,0.0],[-81.067038,79.797473,0.0],[-81.066832,79.797026,0.0],[-81.050979,79.796401,0.0],[-81.050281,79.797083,0.0],[-81.048634,79.798153,0.0],[-81.052135,79.799026,0.0],[-81.043208,79.800391,0.0],[-81.049301,79.801095,0.0],[-81.054462,79.800032,0.0],[-81.059917,79.799769,0.0],[-81.065864,79.800989,0.0],[-81.078234,79.80081,0.0]]]}},{"type":"Feature","properties":{"rgi_id":"RGI2000-v7.0-G-03-03239","o1region":"03"},"geometry":{"type":"Polygon","coordinates":[[[-80.705082,79.750667,0.0],[-80.70779,79.750202,0.0],[-80.716197,79.749932,0.0],[-80.717167,79.749892,0.0],[-80.725851,79.750401,0.0],[-80.734921,79.751638,0.0],[-80.760216,79.750736,0.0],[-80.759997,79.748354,0.0],[-80.761586,79.747539,0.0],[-80.763084,79.746728,0.0],[-80.76463,79.746466,0.0],[-80.769153,79.745388,0.0],[-80.77828,79.743518,0.0],[-80.779771,79.742977,0.0],[-80.782827,79.741929,0.0],[-80.784365,79.739754,0.0],[-80.787181,79.738306,0.0],[-80.783484,79.737016,0.0],[-80.785986,79.735729,0.0],[-80.787486,79.734649,0.0],[-80.796601,79.732779,0.0],[-80.798099,79.731699,0.0],[-80.799749,79.730568,0.0],[-80.802693,79.729557,0.0],[-80.805712,79.727672,0.0],[-80.807484,79.727063,0.0],[-80.816837,79.724879,0.0],[-80.822413,79.723929,0.0],[-80.828031,79.722892,0.0],[-80.854079,79.719639,0.0],[-80.861922,79.718514,0.0],[-80.876581,79.716807,0.0],[-80.899287,79.713199,0.0],[-80.905344,79.7124,0.0],[-80.915861,79.710785,0.0],[-80.928264,79.708902,0.0],[-80.947253,79.706217,0.0],[-80.959848,79.705127,0.0],[-80.967502,79.705156,0.0],[-80.965495,79.707602,0.0],[-80.9595,79.70918,0.0],[-80.956518,79.709991,0.0],[-80.952588,79.711025,0.0],[-80.944437,79.712941,0.0],[-80.939947,79.714021,0.0],[-80.91284,79.719575,0.0],[-80.879747,79.725229,0.0],[-80.877995,79.72587,0.0],[-80.871,79.727064,0.0],[-80.86048,79.729321,0.0],[-80.852405,79.731733,0.0],[-80.849348,79.732533,0.0],[-80.845204,79.734045,0.0],[-80.843299,79.735761,0.0],[-80.841752,79.736292,0.0],[-80.839644,79.737439,0.0],[-80.841803,79.738191,0.0],[-80.853508,79.738874,0.0],[-80.855283,79.739529,0.0],[-80.856815,79.740062,0.0],[-80.858286,79.740632,0.0],[-80.853707,79.742206,0.0],[-80.849824,79.743622,0.0],[-80.855239,79.7449,0.0],[-80.858359,79.746318,0.0],[-80.86326,79.748021,0.0],[-80.873484,79.749777,0.0],[-80.879331,79.750285,0.0],[-80.884335,79.750891,0.0],[-80.889014,79.751761,0.0],[-80.891357,79.752862,0.0],[-80.88673,79.754072,0.0],[-80.877864,79.754037,0.0],[-80.874067,79.754383,0.0],[-80.871714,79.755663,0.0],[-80.870166,79.756195,0.0],[-80.86859,79.756769,0.0],[-80.868707,79.757911,0.0],[-80.876216,79.758347,0.0],[-80.878433,79.758759,0.0],[-80.881835,79.759343,0.0],[-80.883728,79.759716,0.0],[-80.876865,79.759688,0.0],[-80.874679,79.760539,0.0],[-80.880903,79.761607,0.0],[-80.886757,79.762114,0.0],[-80.889748,79.762389,0.0],[-80.894459,79.762654,0.0],[-80.902426,79.761185,0.0],[-80.9082,79.759625,0.0],[-80.916756,79.760148,0.0],[-80.924547,79.759437,0.0],[-80.930595,79.759217,0.0],[-80.924504,79.761313,0.0],[-80.920046,79.762941,0.0],[-80.915729,79.764425,0.0],[-80.90786,79.766152,0.0],[-80.906373,79.766695,0.0],[-80.900833,79.76717,0.0],[-80.894111,79.76997,0.0],[-80.884026,79.771685,0.0],[-80.877452,79.772061,0.0],[-80.874535,79.772598,0.0],[-80.866226,79.772954,0.0],[-80.863919,79.774206,0.0],[-80.861598,79.7746,0.0],[-80.859367,79.775011,0.0],[-80.854123,79.77546,0.0],[-80.855532,79.775905,0.0],[-80.843183,79.776905,0.0],[-80.836302,79.779404,0.0],[-80.834221,79.781755,0.0],[-80.831331,79.784329,0.0],[-80.821379,79.788562,0.0],[-80.818412,79.791255,0.0],[-80.81268,79.792939,0.0],[-80.801898,79.794049,0.0],[-80.78967926323116,79.79342941495617,0.0],[-80.789679,79.793429,0.0],[-80.786851,79.793286,0.0],[-80.775877,79.79248,0.0],[-80.756208,79.792818,0.0],[-80.732088,79.793291,0.0],[-80.722572,79.793918,0.0],[-80.679685,79.795911,0.0],[-80.662314,79.798509,0.0],[-80.64347,79.802195,0.0],[-80.633782,79.803823,0.0],[-80.622867,79.803611,0.0],[-80.614977,79.802339,0.0],[-80.610637,79.800438,0.0],[-80.606127,79.798813,0.0],[-80.596255,79.798201,0.0],[-80.588807,79.797496,0.0],[-80.574263,79.796792,0.0],[-80.566472,79.796639,0.0],[-80.550459,79.795765,0.0],[-80.546306,79.794844,0.0],[-80.538869,79.791623,0.0],[-80.539132,79.789952,0.0],[-80.540002,79.787314,0.0],[-80.531788,79.786592,0.0],[-80.515619,79.785992,0.0],[-80.501787,79.785438,0.0],[-80.492799,79.7847,0.0],[-80.486068,79.782889,0.0],[-80.484006,79.781171,0.0],[-80.481429,79.779023,0.0],[-80.475481,79.777227,0.0],[-80.470477,79.776429,0.0],[-80.46878,79.772901,0.0],[-80.473978,79.770908,0.0],[-80.47360294953488,79.77033003278407,0.0],[-80.473602,79.77033,0.0],[-80.479916,79.770548,0.0],[-80.490602,79.769713,0.0],[-80.499738,79.769255,0.0],[-80.505924,79.768796,0.0],[-80.515097,79.767756,0.0],[-80.524123,79.766946,0.0],[-80.529409,79.766353,0.0],[-80.540123,79.765459,0.0],[-80.544724,79.76491,0.0],[-80.548462,79.764169,0.0],[-80.555183,79.763371,0.0],[-80.558561,79.762681,0.0],[-80.55831,79.762036,0.0],[-80.556751,79.761608,0.0],[-80.560148,79.761303,0.0],[-80.566237,79.761048,0.0],[-80.568476,79.76064,0.0],[-80.570806,79.760247,0.0],[-80.574201,79.758165,0.0],[-80.579974,79.75784,0.0],[-80.581477,79.757299,0.0],[-80.592086,79.755512,0.0],[-80.596771,79.753823,0.0],[-80.599104,79.754213,0.0],[-80.600809,79.754591,0.0],[-80.605606,79.755462,0.0],[-80.608645,79.75604,0.0],[-80.61179,79.756447,0.0],[-80.616852,79.756891,0.0],[-80.622021,79.757165,0.0],[-80.627775,79.757277,0.0],[-80.630124,79.757323,0.0],[-80.628334,79.758438,0.0],[-80.625204,79.759236,0.0],[-80.628276,79.760041,0.0],[-80.633082,79.761382,0.0],[-80.637271,79.760588,0.0],[-80.640114,79.760126,0.0],[-80.645787,79.758768,0.0],[-80.649495,79.758461,0.0],[-80.653319,79.758107,0.0],[-80.67175,79.758256,0.0],[-80.67515,79.75794,0.0],[-80.685796,79.757692,0.0],[-80.698137,79.757321,0.0],[-80.703906,79.756623,0.0],[-80.706993,79.756367,0.0],[-80.717893,79.754745,0.0],[-80.721293,79.754772,0.0],[-80.717545,79.753126,0.0],[-80.717676,79.752603,0.0],[-80.711581,79.752339,0.0],[-80.703433,79.751823,0.0],[-80.699744,79.751783,0.0],[-80.701154,79.751541,0.0],[-80.705082,79.750667,0.0]],[[-80.637314,79.778449,0.0],[-80.648818,79.778626,0.0],[-80.657927,79.778194,0.0],[-80.663005,79.778703,0.0],[-80.668428,79.778356,0.0],[-80.67612,79.778115,0.0],[-80.678796,79.77757,0.0],[-80.685538,79.777318,0.0],[-80.69034,79.778318,0.0],[-80.6946,79.77745,0.0],[-80.707541,79.777646,0.0],[-80.710862,79.777321,0.0],[-80.71401,79.777075,0.0],[-80.716934,79.776789,0.0],[-80.726257,79.776299,0.0],[-80.730484,79.775436,0.0],[-80.73375,79.774941,0.0],[-80.735716,79.774168,0.0],[-80.746788,79.773586,0.0],[-80.748982,79.772722,0.0],[-80.753613,79.77202,0.0],[-80.756644,79.7714,0.0],[-80.756202,79.77037,0.0],[-80.761038,79.769636,0.0],[-80.762731,79.768652,0.0],[-80.762144,79.767286,0.0],[-80.76839,79.765315,0.0],[-80.77024,79.762761,0.0],[-80.767238,79.761796,0.0],[-80.76585,79.761237,0.0],[-80.762017,79.76111,0.0],[-80.759672,79.762039,0.0],[-80.758253,79.762864,0.0],[-80.756501,79.763417,0.0],[-80.756844,79.764216,0.0],[-80.753446,79.76584,0.0],[-80.740155,79.767857,0.0],[-80.736934,79.768761,0.0],[-80.730502,79.769016,0.0],[-80.727835,79.76956,0.0],[-80.718795,79.769917,0.0],[-80.70659,79.771693,0.0],[-80.702415,79.772019,0.0],[-80.697199,79.771355,0.0],[-80.692639,79.771416,0.0],[-80.689613,79.772603,0.0],[-80.690128,79.773823,0.0],[-80.676134,79.774063,0.0],[-80.671696,79.774348,0.0],[-80.660978,79.774586,0.0],[-80.658054,79.774871,0.0],[-80.648849,79.775111,0.0],[-80.640423,79.77551,0.0],[-80.630746,79.776455,0.0],[-80.62375,79.77682,0.0],[-80.620247,79.778838,0.0],[-80.635204,79.778879,0.0],[-80.637314,79.778449,0.0]]]}},{"type":"Feature","properties":{"rgi_id":"RGI2000-v7.0-G-03-03240","o1region":"03"},"geometry":{"type":"Polygon","coordinates":[[[-80.685674,79.751793,0.0],[-80.684223,79.751472,0.0],[-80.679639,79.751038,0.0],[-80.673087,79.750652,0.0],[-80.669515,79.750151,0.0],[-80.668084,79.749237,0.0],[-80.670909,79.749068,0.0],[-80.675478,79.748809,0.0],[-80.689468,79.746741,0.0],[-80.720853,79.746163,0.0],[-80.726134,79.745532,0.0],[-80.73137,79.74699,0.0],[-80.722283,79.74804,0.0],[-80.720789,79.748582,0.0],[-80.716984,79.749881,0.0],[-80.717167,79.749892,0.0],[-80.716197,79.749932,0.0],[-80.70779,79.750202,0.0],[-80.705082,79.750667,0.0],[-80.701154,79.751541,0.0],[-80.699744,79.751783,0.0],[-80.686704,79.75164,0.0],[-80.685974,79.751778,0.0],[-80.685674,79.751793,0.0]]]}},{"type":"Feature","properties":{"rgi_id":"RGI2000-v7.0-G-03-03241","o1region":"03"},"geometry":{"type":"Polygon","coordinates":[[[-80.668084,79.749237,0.0],[-80.669515,79.750151,0.0],[-80.673087,79.750652,0.0],[-80.679639,79.751038,0.0],[-80.684223,79.751472,0.0],[-80.685674,79.751793,0.0],[-80.675326,79.752296,0.0],[-80.661753,79.753367,0.0],[-80.64334,79.754695,0.0],[-80.639214,79.755477,0.0],[-80.635928,79.755749,0.0],[-80.63208,79.756105,0.0],[-80.630124,79.757323,0.0],[-80.627775,79.757277,0.0],[-80.622021,79.757165,0.0],[-80.616852,79.756891,0.0],[-80.61179,79.756447,0.0],[-80.608645,79.75604,0.0],[-80.605606,79.755462,0.0],[-80.600809,79.754591,0.0],[-80.599104,79.754213,0.0],[-80.596771,79.753823,0.0],[-80.599256,79.752928,0.0],[-80.601794,79.749846,0.0],[-80.604513,79.748463,0.0],[-80.606103,79.74761,0.0],[-80.609114,79.746587,0.0],[-80.611214,79.745829,0.0],[-80.62151,79.744489,0.0],[-80.643602,79.741945,0.0],[-80.648652,79.741515,0.0],[-80.652994,79.740719,0.0],[-80.662157,79.740463,0.0],[-80.66676,79.739914,0.0],[-80.672252,79.73994,0.0],[-80.669253,79.741473,0.0],[-80.66204,79.743146,0.0],[-80.660534,79.743956,0.0],[-80.65746,79.745003,0.0],[-80.654848,79.749907,0.0],[-80.662775,79.749554,0.0],[-80.668084,79.749237,0.0]]]}},{"type":"Feature","properties":{"rgi_id":"RGI2000-v7.0-G-03-03242","o1region":"03"},"geometry":{"type":"Polygon","coordinates":[[[-80.55831,79.762036,0.0],[-80.558561,79.762681,0.0],[-80.555183,79.763371,0.0],[-80.548462,79.764169,0.0],[-80.544724,79.76491,0.0],[-80.540123,79.765459,0.0],[-80.529409,79.766353,0.0],[-80.524123,79.766946,0.0],[-80.515097,79.767756,0.0],[-80.505924,79.768796,0.0],[-80.499738,79.769255,0.0],[-80.490602,79.769713,0.0],[-80.479916,79.770548,0.0],[-80.47360294953488,79.77033003278407,0.0],[-80.472784,79.769068,0.0],[-80.463047,79.767056,0.0],[-80.460817,79.765614,0.0],[-80.460871,79.765527,0.0],[-80.461652,79.765458,0.0],[-80.466233,79.765202,0.0],[-80.470765,79.764378,0.0],[-80.466253,79.763594,0.0],[-80.466456,79.762377,0.0],[-80.466363,79.760912,0.0],[-80.469519,79.7601,0.0],[-80.471782,79.759289,0.0],[-80.476194,79.757799,0.0],[-80.4818,79.756356,0.0],[-80.483321,79.755547,0.0],[-80.486413,79.754751,0.0],[-80.488441,79.753672,0.0],[-80.492562,79.75261,0.0],[-80.499901,79.749718,0.0],[-80.501814,79.748049,0.0],[-80.506429,79.747793,0.0],[-80.510233,79.751423,0.0],[-80.507055,79.755077,0.0],[-80.509043,79.756139,0.0],[-80.508871,79.757201,0.0],[-80.508951,79.758385,0.0],[-80.524703,79.75932,0.0],[-80.530079,79.758837,0.0],[-80.539489,79.759716,0.0],[-80.545021,79.760756,0.0],[-80.552263,79.762012,0.0],[-80.556751,79.761608,0.0],[-80.55831,79.762036,0.0]]]}},{"type":"Feature","properties":{"rgi_id":"RGI2000-v7.0-G-03-03243","o1region":"03"},"geometry":{"type":"Polygon","coordinates":[[[-80.472871,79.771332,0.0],[-80.471149,79.771617,0.0],[-80.467411,79.772147,0.0],[-80.461163,79.772799,0.0],[-80.457478,79.773243,0.0],[-80.452832,79.773668,0.0],[-80.447651,79.774168,0.0],[-80.44594,79.774566,0.0],[-80.439898,79.775653,0.0],[-80.435304,79.775992,0.0],[-80.429914,79.776057,0.0],[-80.423191,79.775921,0.0],[-80.417801,79.775985,0.0],[-80.414439,79.775918,0.0],[-80.406866,79.775592,0.0],[-80.402229,79.775239,0.0],[-80.397003,79.775047,0.0],[-80.391831,79.77477,0.0],[-80.387136,79.774675,0.0],[-80.387056,79.773241,0.0],[-80.386908,79.773228,0.0],[-80.387603,79.77294,0.0],[-80.387575,79.772473,0.0],[-80.3864,79.771751,0.0],[-80.384938,79.770965,0.0],[-80.382368,79.769865,0.0],[-80.380229,79.769417,0.0],[-80.382331,79.768668,0.0],[-80.373979,79.766427,0.0],[-80.37905,79.763433,0.0],[-80.389448,79.761278,0.0],[-80.401425,79.760272,0.0],[-80.404501,79.759714,0.0],[-80.40757,79.759456,0.0],[-80.414653,79.758521,0.0],[-80.421848,79.75683,0.0],[-80.428895,79.756537,0.0],[-80.433519,79.755992,0.0],[-80.43346,79.755016,0.0],[-80.441123,79.754588,0.0],[-80.449469,79.752624,0.0],[-80.457119,79.75175,0.0],[-80.468636,79.750126,0.0],[-80.476282,79.750166,0.0],[-80.475917,79.752377,0.0],[-80.471274,79.754721,0.0],[-80.469723,79.755546,0.0],[-80.466672,79.756058,0.0],[-80.462659,79.758191,0.0],[-80.457331,79.759561,0.0],[-80.457431,79.761153,0.0],[-80.457063,79.763359,0.0],[-80.452648,79.764099,0.0],[-80.451087,79.765592,0.0],[-80.455752,79.765986,0.0],[-80.460871,79.765527,0.0],[-80.460817,79.765614,0.0],[-80.463047,79.767056,0.0],[-80.472784,79.769068,0.0],[-80.473978,79.770908,0.0],[-80.472871,79.771332,0.0]]]}},{"type":"Feature","properties":{"rgi_id":"RGI2000-v7.0-G-03-03244","o1region":"03"},"geometry":{"type":"Polygon","coordinates":[[[-80.365374,79.766569,0.0],[-80.362544,79.767103,0.0],[-80.360134,79.767195,0.0],[-80.356184,79.767199,0.0],[-80.350991,79.76729,0.0],[-80.346206,79.767682,0.0],[-80.343916,79.767406,0.0],[-80.34238,79.767071,0.0],[-80.341415,79.766382,0.0],[-80.340638,79.76574,0.0],[-80.340196,79.765231,0.0],[-80.342197,79.764838,0.0],[-80.344045,79.764605,0.0],[-80.34879,79.764254,0.0],[-80.352365,79.764156,0.0],[-80.356726,79.764205,0.0],[-80.360335,79.764314,0.0],[-80.364284,79.764309,0.0],[-80.36951,79.764426,0.0],[-80.371123,79.764681,0.0],[-80.371191,79.765095,0.0],[-80.365374,79.766569,0.0]]]}},{"type":"Feature","properties":{"rgi_id":"RGI2000-v7.0-G-03-03245","o1region":"03"},"geometry":{"type":"Polygon","coordinates":[[[-80.380229,79.769417,0.0],[-80.382368,79.769865,0.0],[-80.384938,79.770965,0.0],[-80.3864,79.771751,0.0],[-80.387575,79.772473,0.0],[-80.387603,79.77294,0.0],[-80.386908,79.773228,0.0],[-80.378092,79.772447,0.0],[-80.370466,79.773016,0.0],[-80.37902,79.774035,0.0],[-80.376138,79.774446,0.0],[-80.364336,79.773885,0.0],[-80.359111,79.774499,0.0],[-80.355259,79.774137,0.0],[-80.346388,79.773606,0.0],[-80.343139,79.773301,0.0],[-80.343348,79.772131,0.0],[-80.351136,79.771699,0.0],[-80.356835,79.771731,0.0],[-80.363978,79.771312,0.0],[-80.368998,79.770404,0.0],[-80.373635,79.770172,0.0],[-80.370496,79.771226,0.0],[-80.375176,79.771218,0.0],[-80.380229,79.769417,0.0]]]}},{"type":"Feature","properties":{"rgi_id":"RGI2000-v7.0-G-03-03246","o1region":"03"},"geometry":{"type":"Polygon","coordinates":[[[-79.600841,79.832601,0.0],[-79.615145,79.831631,0.0],[-79.620883,79.830929,0.0],[-79.626423,79.830499,0.0],[-79.632085,79.830626,0.0],[-79.638768,79.831515,0.0],[-79.643964,79.833017,0.0],[-79.649161,79.83452,0.0],[-79.659583,79.835307,0.0],[-79.666858,79.835378,0.0],[-79.676708,79.835505,0.0],[-79.681793,79.835711,0.0],[-79.694089,79.836078,0.0],[-79.69937,79.83601,0.0],[-79.708649,79.834739,0.0],[-79.712132,79.833524,0.0],[-79.711883,79.831671,0.0],[-79.710735,79.829614,0.0],[-79.710102,79.827568,0.0],[-79.706763,79.826385,0.0],[-79.703558,79.824282,0.0],[-79.701319,79.822293,0.0],[-79.699599,79.819576,0.0],[-79.697301,79.816939,0.0],[-79.69738,79.814632,0.0],[-79.700603,79.813041,0.0],[-79.704365,79.811984,0.0],[-79.716063,79.811654,0.0],[-79.72535,79.811004,0.0],[-79.739164,79.810808,0.0],[-79.749717,79.81056,0.0],[-79.760492,79.810352,0.0],[-79.76683,79.809967,0.0],[-79.774274,79.808501,0.0],[-79.778488,79.808187,0.0],[-79.783544,79.807191,0.0],[-79.790101,79.806868,0.0],[-79.789822,79.806037,0.0],[-79.79496,79.805806,0.0],[-79.805677,79.804657,0.0],[-79.811769,79.803406,0.0],[-79.814712,79.801439,0.0],[-79.814382,79.799677,0.0],[-79.812257,79.798246,0.0],[-79.81065,79.797564,0.0],[-79.809748,79.796621,0.0],[-79.809161,79.794484,0.0],[-79.809055,79.79384,0.0],[-79.817021,79.794409,0.0],[-79.819908,79.794708,0.0],[-79.826059,79.794979,0.0],[-79.828946,79.795278,0.0],[-79.833079,79.795623,0.0],[-79.838047,79.796687,0.0],[-79.857541,79.796403,0.0],[-79.857988,79.795612,0.0],[-79.853447,79.794269,0.0],[-79.845921,79.792648,0.0],[-79.846078,79.792372,0.0],[-79.845628,79.791052,0.0],[-79.85097,79.790268,0.0],[-79.857748,79.788927,0.0],[-79.863107,79.789195,0.0],[-79.8678,79.789519,0.0],[-79.884848,79.789334,0.0],[-79.887187,79.789835,0.0],[-79.889923,79.790269,0.0],[-79.891822,79.794331,0.0],[-79.900845,79.794953,0.0],[-79.909057,79.795098,0.0],[-79.911072,79.794485,0.0],[-79.913415,79.793194,0.0],[-79.93132,79.792275,0.0],[-79.947893,79.792972,0.0],[-79.954588,79.792402,0.0],[-79.959802,79.790983,0.0],[-79.970443,79.79059,0.0],[-79.975206,79.789137,0.0],[-79.973345,79.788613,0.0],[-79.968589,79.788122,0.0],[-79.941685,79.788523,0.0],[-79.934894,79.789166,0.0],[-79.928227,79.788896,0.0],[-79.923822,79.788592,0.0],[-79.917673,79.788323,0.0],[-79.911997,79.78711,0.0],[-79.900691,79.786466,0.0],[-79.895197,79.785829,0.0],[-79.893074,79.784941,0.0],[-79.887712,79.784999,0.0],[-79.884878,79.784162,0.0],[-79.882563,79.784029,0.0],[-79.879445,79.784647,0.0],[-79.875244,79.784962,0.0],[-79.869805,79.786039,0.0],[-79.864923,79.785953,0.0],[-79.862747,79.786774,0.0],[-79.85461,79.786509,0.0],[-79.849808,79.785497,0.0],[-79.848972,79.785202,0.0],[-79.847935,79.783702,0.0],[-79.851573,79.782212,0.0],[-79.855541,79.781745,0.0],[-79.859493,79.7798,0.0],[-79.861985,79.779209,0.0],[-79.861206,79.778084,0.0],[-79.858055,79.77663,0.0],[-79.857599,79.775789,0.0],[-79.859294,79.773492,0.0],[-79.859423,79.772413,0.0],[-79.857777,79.771885,0.0],[-79.867653,79.770868,0.0],[-79.867788,79.770813,0.0],[-79.869716,79.770906,0.0],[-79.87495,79.77102,0.0],[-79.889994,79.771034,0.0],[-79.902635,79.77068,0.0],[-79.908972,79.770144,0.0],[-79.908979,79.77086,0.0],[-79.913495,79.77163,0.0],[-79.913484,79.770561,0.0],[-79.918573,79.769415,0.0],[-79.931399,79.769847,0.0],[-79.939343,79.770841,0.0],[-79.943819,79.770241,0.0],[-79.934863,79.769017,0.0],[-79.934927,79.768724,0.0],[-79.94408,79.767971,0.0],[-79.948855,79.767553,0.0],[-79.95527,79.768356,0.0],[-79.961127,79.767843,0.0],[-79.968179,79.76983,0.0],[-79.967849,79.771366,0.0],[-79.971774,79.771817,0.0],[-79.978597,79.771027,0.0],[-79.984479,79.771066,0.0],[-79.986126,79.770959,0.0],[-79.975983,79.769733,0.0],[-79.968171,79.768571,0.0],[-79.968286,79.768037,0.0],[-79.973562,79.768073,0.0],[-79.978131,79.76807,0.0],[-79.975893,79.767264,0.0],[-79.976305,79.766729,0.0],[-79.986243,79.768632,0.0],[-79.989383,79.768915,0.0],[-79.998336,79.770297,0.0],[-80.002128,79.770295,0.0],[-79.999887,79.769489,0.0],[-80.000094,79.769222,0.0],[-80.010671,79.77023,0.0],[-80.018108,79.769803,0.0],[-80.021107,79.769823,0.0],[-80.020955,79.770551,0.0],[-80.012795,79.771467,0.0],[-80.007224,79.771926,0.0],[-80.00269,79.772324,0.0],[-79.995142,79.772946,0.0],[-79.975439,79.77578,0.0],[-79.972071,79.77858,0.0],[-79.978282,79.779139,0.0],[-79.98682,79.77966,0.0],[-79.991306,79.779948,0.0],[-80.001192,79.780241,0.0],[-80.003505,79.779431,0.0],[-80.010849,79.77948,0.0],[-80.017356,79.779204,0.0],[-80.0217,79.779233,0.0],[-80.026328,79.778967,0.0],[-80.039302,79.778996,0.0],[-80.067424,79.777158,0.0],[-80.078322,79.775586,0.0],[-80.088349,79.773262,0.0],[-80.090547,79.77212,0.0],[-80.090516,79.77096,0.0],[-80.091033,79.768411,0.0],[-80.080416,79.766541,0.0],[-80.078977,79.765415,0.0],[-80.076016,79.764056,0.0],[-80.088201,79.76204,0.0],[-80.094429,79.7617,0.0],[-80.099071,79.761159,0.0],[-80.106064,79.761203,0.0],[-80.116108,79.758568,0.0],[-80.120533,79.756658,0.0],[-80.126926,79.753971,0.0],[-80.126884,79.752627,0.0],[-80.132922,79.751625,0.0],[-80.138342,79.750364,0.0],[-80.141629,79.748109,0.0],[-80.144071,79.74651,0.0],[-80.145655,79.745243,0.0],[-80.139734,79.743811,0.0],[-80.138327,79.742945,0.0],[-80.14931,79.741374,0.0],[-80.152326,79.740831,0.0],[-80.157339,79.739056,0.0],[-80.15992,79.736869,0.0],[-80.161566,79.735534,0.0],[-80.16321,79.73414,0.0],[-80.169229,79.731145,0.0],[-80.180264,79.728329,0.0],[-80.183303,79.727251,0.0],[-80.189515,79.725664,0.0],[-80.199354,79.723065,0.0],[-80.205073,79.721033,0.0],[-80.208824,79.71844,0.0],[-80.215947,79.714433,0.0],[-80.217874,79.7131,0.0],[-80.216087,79.711427,0.0],[-80.216307,79.710265,0.0],[-80.216264,79.709164,0.0],[-80.197777,79.705227,0.0],[-80.195489,79.701449,0.0],[-80.192981,79.699593,0.0],[-80.191592,79.698509,0.0],[-80.190118,79.697702,0.0],[-80.191994,79.695887,0.0],[-80.182921,79.692825,0.0],[-80.180182,79.690685,0.0],[-80.165999,79.687503,0.0],[-80.164083,79.685412,0.0],[-80.181368,79.68285,0.0],[-80.193877,79.682157,0.0],[-80.22094,79.681907,0.0],[-80.243954,79.680772,0.0],[-80.257324,79.682542,0.0],[-80.269541,79.683819,0.0],[-80.266096,79.684981,0.0],[-80.266138,79.685938,0.0],[-80.276072,79.688199,0.0],[-80.279351,79.690742,0.0],[-80.279121,79.691996,0.0],[-80.279249,79.694819,0.0],[-80.2787,79.697813,0.0],[-80.274193,79.698971,0.0],[-80.272589,79.700855,0.0],[-80.270987,79.701394,0.0],[-80.271032,79.702398,0.0],[-80.269153,79.704511,0.0],[-80.270748,79.705684,0.0],[-80.271978,79.709186,0.0],[-80.274393,79.712419,0.0],[-80.269264,79.717071,0.0],[-80.273375,79.718184,0.0],[-80.268499,79.724376,0.0],[-80.2662,79.725897,0.0],[-80.263205,79.726903,0.0],[-80.261671,79.727711,0.0],[-80.257659,79.729412,0.0],[-80.250376,79.731856,0.0],[-80.230907,79.735699,0.0],[-80.226069,79.73683,0.0],[-80.222477,79.738106,0.0],[-80.220109,79.738899,0.0],[-80.218545,79.740034,0.0],[-80.224425,79.742135,0.0],[-80.228607,79.743724,0.0],[-80.225079,79.746596,0.0],[-80.218209,79.747375,0.0],[-80.211721,79.750443,0.0],[-80.208609,79.751237,0.0],[-80.204742,79.752914,0.0],[-80.199734,79.75419,0.0],[-80.196182,79.75605,0.0],[-80.186629,79.759584,0.0],[-80.186723,79.762152,0.0],[-80.196653,79.764546,0.0],[-80.203314,79.764948,0.0],[-80.212994,79.766788,0.0],[-80.217998,79.767388,0.0],[-80.2276,79.768577,0.0],[-80.229801,79.771197,0.0],[-80.232808,79.771724,0.0],[-80.238488,79.773307,0.0],[-80.21866,79.773604,0.0],[-80.212849,79.77465,0.0],[-80.212871,79.775225,0.0],[-80.221558,79.776747,0.0],[-80.240135,79.777149,0.0],[-80.25621,79.777127,0.0],[-80.261129,79.777439,0.0],[-80.265683,79.777712,0.0],[-80.27026,79.778278,0.0],[-80.303583,79.778063,0.0],[-80.306598,79.776992,0.0],[-80.30966,79.777281,0.0],[-80.315088,79.777272,0.0],[-80.322388,79.776416,0.0],[-80.333955,79.77679,0.0],[-80.333763,79.777862,0.0],[-80.345584,79.778228,0.0],[-80.348954,79.777619,0.0],[-80.353793,79.776812,0.0],[-80.366986,79.776885,0.0],[-80.37634,79.775521,0.0],[-80.379597,79.775248,0.0],[-80.383954,79.775272,0.0],[-80.387153,79.774987,0.0],[-80.387136,79.774675,0.0],[-80.391831,79.77477,0.0],[-80.397003,79.775047,0.0],[-80.402229,79.775239,0.0],[-80.406866,79.775592,0.0],[-80.414439,79.775918,0.0],[-80.417801,79.775985,0.0],[-80.423191,79.775921,0.0],[-80.429914,79.776057,0.0],[-80.435304,79.775992,0.0],[-80.439898,79.775653,0.0],[-80.44594,79.774566,0.0],[-80.447651,79.774168,0.0],[-80.452832,79.773668,0.0],[-80.457478,79.773243,0.0],[-80.461163,79.772799,0.0],[-80.467411,79.772147,0.0],[-80.471149,79.771617,0.0],[-80.472871,79.771332,0.0],[-80.46878,79.772901,0.0],[-80.470477,79.776429,0.0],[-80.475481,79.777227,0.0],[-80.481429,79.779023,0.0],[-80.484006,79.781171,0.0],[-80.486068,79.782889,0.0],[-80.492799,79.7847,0.0],[-80.501787,79.785438,0.0],[-80.515619,79.785992,0.0],[-80.531788,79.786592,0.0],[-80.540002,79.787314,0.0],[-80.539132,79.789952,0.0],[-80.538869,79.791623,0.0],[-80.546306,79.794844,0.0],[-80.550459,79.795765,0.0],[-80.566472,79.796639,0.0],[-80.574263,79.796792,0.0],[-80.588807,79.797496,0.0],[-80.589219,79.797535,0.0],[-80.596255,79.798201,0.0],[-80.606127,79.798813,0.0],[-80.610637,79.800438,0.0],[-80.614977,79.802339,0.0],[-80.618759,79.802949,0.0],[-80.617871,79.803253,0.0],[-80.612863,79.804166,0.0],[-80.61043,79.805017,0.0],[-80.608555,79.805991,0.0],[-80.606892,79.807643,0.0],[-80.605716,79.80953,0.0],[-80.603632,79.810836,0.0],[-80.598896,79.811305,0.0],[-80.596461,79.812156,0.0],[-80.600505,79.812797,0.0],[-80.6065,79.813363,0.0],[-80.609152,79.814201,0.0],[-80.612921,79.815285,0.0],[-80.614043,79.816542,0.0],[-80.616144,79.818268,0.0],[-80.618591,79.819438,0.0],[-80.623411,79.820879,0.0],[-80.631371,79.822382,0.0],[-80.638285,79.823526,0.0],[-80.642404,79.824056,0.0],[-80.646877,79.825041,0.0],[-80.649957,79.826223,0.0],[-80.651782,79.827381,0.0],[-80.651722,79.828503,0.0],[-80.650406,79.8296,0.0],[-80.645457,79.830403,0.0],[-80.63722,79.830356,0.0],[-80.631497,79.830357,0.0],[-80.618384,79.832011,0.0],[-80.611274,79.834231,0.0],[-80.602969,79.835305,0.0],[-80.59417,79.835134,0.0],[-80.590607,79.834727,0.0],[-80.594871,79.836046,0.0],[-80.601023,79.837401,0.0],[-80.603542,79.838461,0.0],[-80.611513,79.839963,0.0],[-80.615638,79.840493,0.0],[-80.619625,79.841244,0.0],[-80.615856,79.842181,0.0],[-80.608734,79.843391,0.0],[-80.605455,79.844562,0.0],[-80.604062,79.84577,0.0],[-80.604626,79.846904,0.0],[-80.605959,79.847829,0.0],[-80.60475818789232,79.84802003105786,0.0],[-80.604758,79.84802,0.0],[-80.594638,79.84963,0.0],[-80.586525,79.849359,0.0],[-80.575195,79.848127,0.0],[-80.564148,79.848473,0.0],[-80.555826,79.849545,0.0],[-80.544776,79.850901,0.0],[-80.535821,79.85196,0.0],[-80.529101,79.853513,0.0],[-80.524691,79.854437,0.0],[-80.51988280821256,79.85554696782003,0.0],[-80.519883,79.855547,0.0],[-80.515431,79.8548,0.0],[-80.507351,79.853661,0.0],[-80.499319,79.853176,0.0],[-80.490728,79.852843,0.0],[-80.485798,79.852582,0.0],[-80.47762,79.851603,0.0],[-80.470609,79.850974,0.0],[-80.463969,79.850678,0.0],[-80.461892,79.849792,0.0],[-80.455916,79.848527,0.0],[-80.441577,79.846747,0.0],[-80.434098,79.846152,0.0],[-80.42631,79.8456,0.0],[-80.423065,79.8441,0.0],[-80.423334,79.842372,0.0],[-80.429876,79.841365,0.0],[-80.431607,79.840855,0.0],[-80.433343,79.839899,0.0],[-80.433448,79.838862,0.0],[-80.432226,79.838144,0.0],[-80.429436,79.837247,0.0],[-80.427571,79.836219,0.0],[-80.426658,79.835458,0.0],[-80.430697,79.834846,0.0],[-80.420615,79.833951,0.0],[-80.41884,79.833222,0.0],[-80.414606,79.832395,0.0],[-80.410064,79.831611,0.0],[-80.404422,79.830358,0.0],[-80.401542,79.829607,0.0],[-80.400123,79.827896,0.0],[-80.401219,79.82663,0.0],[-80.401383,79.825941,0.0],[-80.398046,79.825032,0.0],[-80.3941,79.823764,0.0],[-80.390764,79.822855,0.0],[-80.387769,79.821854,0.0],[-80.387689,79.82111,0.0],[-80.389394,79.820203,0.0],[-80.389069,79.819405,0.0],[-80.38478,79.818674,0.0],[-80.380626,79.819036,0.0],[-80.377814,79.81992,0.0],[-80.376692,79.820789,0.0],[-80.377135,79.821837,0.0],[-80.375886,79.822901,0.0],[-80.37249,79.824378,0.0],[-80.371127,79.824301,0.0],[-80.366922,79.825115,0.0],[-80.359006,79.825983,0.0],[-80.343466,79.826274,0.0],[-80.341004,79.827194,0.0],[-80.341533,79.829132,0.0],[-80.345141,79.830019,0.0],[-80.344003,79.830574,0.0],[-80.341526,79.831366,0.0],[-80.336534,79.83171,0.0],[-80.333054,79.831887,0.0],[-80.32721,79.831818,0.0],[-80.324144,79.831359,0.0],[-80.318311,79.830844,0.0],[-80.313373,79.830249,0.0],[-80.306562,79.829516,0.0],[-80.300964,79.8295,0.0],[-80.297441,79.829994,0.0],[-80.297157,79.82994,0.0],[-80.284415,79.831783,0.0],[-80.28011,79.831241,0.0],[-80.278639,79.829512,0.0],[-80.266823,79.827784,0.0],[-80.257584,79.827364,0.0],[-80.262908,79.826634,0.0],[-80.268269,79.826909,0.0],[-80.27701,79.827459,0.0],[-80.281865,79.827487,0.0],[-80.285015,79.827209,0.0],[-80.29101,79.827244,0.0],[-80.29389,79.825814,0.0],[-80.288218,79.824827,0.0],[-80.282411,79.822645,0.0],[-80.277419,79.82291,0.0],[-80.263096,79.824174,0.0],[-80.24713,79.824196,0.0],[-80.24726,79.823505,0.0],[-80.247231,79.82283,0.0],[-80.256495,79.82093,0.0],[-80.25202,79.820153,0.0],[-80.245926,79.819875,0.0],[-80.241416,79.819591,0.0],[-80.233725,79.819307,0.0],[-80.239962,79.818275,0.0],[-80.23821,79.817583,0.0],[-80.22061,79.816527,0.0],[-80.226134,79.815613,0.0],[-80.217436,79.814965,0.0],[-80.212867,79.814691,0.0],[-80.209878,79.81441,0.0],[-80.20684,79.814413,0.0],[-80.206829,79.814136,0.0],[-80.207079,79.812834,0.0],[-80.201288,79.811738,0.0],[-80.195702,79.811071,0.0],[-80.201093,79.809704,0.0],[-80.199741,79.807934,0.0],[-80.19594,79.807793,0.0],[-80.195185,79.807928,0.0],[-80.188243,79.80871,0.0],[-80.185151,79.810825,0.0],[-80.167979,79.809205,0.0],[-80.149429,79.810205,0.0],[-80.150849,79.811043,0.0],[-80.152968,79.811797,0.0],[-80.149648,79.813435,0.0],[-80.160168,79.814694,0.0],[-80.168209,79.817735,0.0],[-80.175763,79.819165,0.0],[-80.182163,79.818917,0.0],[-80.188278,79.818121,0.0],[-80.192916,79.817737,0.0],[-80.192901,79.817326,0.0],[-80.195982,79.816816,0.0],[-80.192995,79.816519,0.0],[-80.183926,79.815861,0.0],[-80.187032,79.815517,0.0],[-80.194526,79.815991,0.0],[-80.200848,79.81628,0.0],[-80.209359,79.817889,0.0],[-80.215429,79.818428,0.0],[-80.217037,79.821271,0.0],[-80.216829,79.822359,0.0],[-80.216856,79.823031,0.0],[-80.216548,79.82464,0.0],[-80.22174,79.824671,0.0],[-80.226213,79.823499,0.0],[-80.242575,79.824103,0.0],[-80.24106,79.824434,0.0],[-80.233313,79.824749,0.0],[-80.233355,79.825758,0.0],[-80.233255,79.826286,0.0],[-80.240832,79.827121,0.0],[-80.246879,79.827657,0.0],[-80.245368,79.827938,0.0],[-80.242225,79.828458,0.0],[-80.237749,79.82926,0.0],[-80.236128,79.828992,0.0],[-80.234465,79.827376,0.0],[-80.231643,79.827901,0.0],[-80.230033,79.82874,0.0],[-80.222382,79.830004,0.0],[-80.220758,79.831376,0.0],[-80.21927,79.832111,0.0],[-80.218189,79.83212,0.0],[-80.213338,79.831559,0.0],[-80.209866,79.830888,0.0],[-80.20588,79.830206,0.0],[-80.201258,79.829695,0.0],[-80.19444,79.828954,0.0],[-80.187923,79.828759,0.0],[-80.183592,79.828516,0.0],[-80.173297,79.82815,0.0],[-80.164376,79.828056,0.0],[-80.162141,79.828039,0.0],[-80.144619,79.828409,0.0],[-80.140747,79.828508,0.0],[-80.135947,79.828194,0.0],[-80.13234,79.827905,0.0],[-80.131173,79.827881,0.0],[-80.131595,79.8271,0.0],[-80.124276,79.8265,0.0],[-80.113439,79.826625,0.0],[-80.104696,79.827685,0.0],[-80.099648,79.827169,0.0],[-80.090855,79.828916,0.0],[-80.082242,79.829836,0.0],[-80.07201,79.830217,0.0],[-80.062978,79.830774,0.0],[-80.060688,79.834193,0.0],[-80.058556,79.834507,0.0],[-80.051479,79.834143,0.0],[-80.048483,79.834427,0.0],[-80.045174,79.834676,0.0],[-80.045457,79.835457,0.0],[-80.041049,79.836799,0.0],[-80.044651,79.83789,0.0],[-80.051169,79.837103,0.0],[-80.05892,79.836876,0.0],[-80.063028,79.836487,0.0],[-80.063214,79.837348,0.0],[-80.069423,79.838394,0.0],[-80.07476,79.839453,0.0],[-80.07651,79.840955,0.0],[-80.072194,79.841963,0.0],[-80.072142,79.841971,0.0],[-80.072306,79.841789,0.0],[-80.068184,79.842114,0.0],[-80.064594,79.842586,0.0],[-80.060717,79.8432,0.0],[-80.058222,79.843626,0.0],[-80.051065,79.84428,0.0],[-80.048833,79.844803,0.0],[-80.050444,79.845096,0.0],[-80.052281,79.845235,0.0],[-80.052312,79.845653,0.0],[-80.053477,79.846654,0.0],[-80.054191,79.847776,0.0],[-80.052313,79.848908,0.0],[-80.050755,79.850112,0.0],[-80.048862,79.850722,0.0],[-80.041144,79.85121,0.0],[-80.034766,79.850815,0.0],[-80.029161,79.85037,0.0],[-80.019174,79.849312,0.0],[-80.01717,79.849009,0.0],[-80.018694,79.848854,0.0],[-80.018171,79.848612,0.0],[-80.017362,79.848513,0.0],[-80.013804,79.848599,0.0],[-80.011911,79.848401,0.0],[-80.012494,79.848018,0.0],[-80.015288,79.847352,0.0],[-80.015048,79.847014,0.0],[-80.011731,79.847438,0.0],[-80.008959,79.847863,0.0],[-80.004828,79.848235,0.0],[-80.000696,79.848608,0.0],[-80.003675,79.848858,0.0],[-80.007219,79.848916,0.0],[-80.012649,79.849052,0.0],[-80.011368,79.849927,0.0],[-80.014638,79.851624,0.0],[-80.016007,79.851783,0.0],[-80.022179,79.853021,0.0],[-80.026908,79.854749,0.0],[-80.027387,79.85567,0.0],[-80.0179,79.856575,0.0],[-80.009303,79.856718,0.0],[-80.001202,79.856676,0.0],[-79.990651,79.856972,0.0],[-79.982031,79.85822,0.0],[-79.975915,79.859587,0.0],[-79.971786,79.860215,0.0],[-79.962467,79.860862,0.0],[-79.956622,79.862364,0.0],[-79.95546,79.863511,0.0],[-79.9558,79.864625,0.0],[-79.955588,79.865467,0.0],[-79.953563,79.866791,0.0],[-79.950136,79.867753,0.0],[-79.947987,79.867361,0.0],[-79.946859,79.867695,0.0],[-79.946257,79.868222,0.0],[-79.944,79.868889,0.0],[-79.940658,79.869456,0.0],[-79.937067,79.869781,0.0],[-79.935137,79.86992,0.0],[-79.935351,79.870498,0.0],[-79.935515,79.871557,0.0],[-79.936368,79.87142,0.0],[-79.936242,79.871497,0.0],[-79.935433,79.872131,0.0],[-79.933137,79.87384,0.0],[-79.932671,79.873963,0.0],[-79.932549,79.873762,0.0],[-79.93114,79.874142,0.0],[-79.928642,79.874471,0.0],[-79.925064,79.874652,0.0],[-79.923671,79.874888,0.0],[-79.925014,79.875133,0.0],[-79.926357,79.875379,0.0],[-79.920275,79.875936,0.0],[-79.916638,79.876552,0.0],[-79.908474,79.877029,0.0],[-79.90008,79.877419,0.0],[-79.89438,79.877439,0.0],[-79.871778,79.877236,0.0],[-79.866396,79.879606,0.0],[-79.861134,79.883108,0.0],[-79.85828,79.88584,0.0],[-79.85012,79.888129,0.0],[-79.850267,79.891913,0.0],[-79.844526,79.894747,0.0],[-79.834633,79.898149,0.0],[-79.820691,79.900641,0.0],[-79.813198,79.901957,0.0],[-79.796012,79.90372,0.0],[-79.784012,79.904773,0.0],[-79.770163,79.9071,0.0],[-79.749264,79.910095,0.0],[-79.748332,79.915335,0.0],[-79.749598,79.918816,0.0],[-79.755257,79.922721,0.0],[-79.751439,79.925433,0.0],[-79.730965,79.926463,0.0],[-79.712804,79.926886,0.0],[-79.700543,79.926944,0.0],[-79.685283,79.92595,0.0],[-79.672461,79.924186,0.0],[-79.659175,79.923069,0.0],[-79.64068,79.922658,0.0],[-79.627835,79.923523,0.0],[-79.614378,79.926512,0.0],[-79.605226,79.927459,0.0],[-79.588435,79.928563,0.0],[-79.577428,79.929468,0.0],[-79.567583,79.930069,0.0],[-79.561318,79.930915,0.0],[-79.546962,79.93125,0.0],[-79.537262,79.930373,0.0],[-79.526758,79.929314,0.0],[-79.519118,79.92947,0.0],[-79.524934,79.933056,0.0],[-79.504183,79.934396,0.0],[-79.486996,79.932197,0.0],[-79.467485,79.930602,0.0],[-79.450594,79.930546,0.0],[-79.430763,79.931902,0.0],[-79.412611,79.934777,0.0],[-79.4019,79.936506,0.0],[-79.397225,79.937715,0.0],[-79.366703,79.939481,0.0],[-79.355352,79.939548,0.0],[-79.344367,79.939129,0.0],[-79.315554,79.938626,0.0],[-79.311114,79.939511,0.0],[-79.295752,79.941128,0.0],[-79.273662,79.940449,0.0],[-79.257375,79.939575,0.0],[-79.232763,79.938504,0.0],[-79.218208,79.937833,0.0],[-79.200881,79.937096,0.0],[-79.18608,79.936747,0.0],[-79.170481,79.936213,0.0],[-79.165112,79.936086,0.0],[-79.165205,79.935829,0.0],[-79.160428,79.93447,0.0],[-79.160197,79.932334,0.0],[-79.159404,79.931602,0.0],[-79.148831,79.929448,0.0],[-79.142606,79.928705,0.0],[-79.130463,79.927702,0.0],[-79.122966,79.925977,0.0],[-79.120203,79.923413,0.0],[-79.12005,79.921863,0.0],[-79.122808,79.919192,0.0],[-79.129235,79.917918,0.0],[-79.130506,79.916283,0.0],[-79.137475,79.914307,0.0],[-79.138349,79.912306,0.0],[-79.141009,79.909752,0.0],[-79.147699,79.908127,0.0],[-79.163829,79.904822,0.0],[-79.164323,79.900671,0.0],[-79.163103,79.898738,0.0],[-79.165719,79.895351,0.0],[-79.170364,79.892844,0.0],[-79.178424,79.890299,0.0],[-79.202371,79.886466,0.0],[-79.221237,79.883939,0.0],[-79.244164,79.883171,0.0],[-79.263141,79.883142,0.0],[-79.308764,79.882784,0.0],[-79.330617,79.881629,0.0],[-79.347634,79.880598,0.0],[-79.366329,79.879129,0.0],[-79.38878,79.877152,0.0],[-79.406286,79.873633,0.0],[-79.42072,79.869686,0.0],[-79.437221,79.865667,0.0],[-79.463286,79.859009,0.0],[-79.470139,79.855782,0.0],[-79.47968,79.852537,0.0],[-79.485686,79.849842,0.0],[-79.493615,79.846954,0.0],[-79.504157,79.844755,0.0],[-79.514142,79.842701,0.0],[-79.527562,79.841433,0.0],[-79.54047,79.840861,0.0],[-79.558416,79.840718,0.0],[-79.570049,79.840667,0.0],[-79.582818,79.838438,0.0],[-79.587553,79.837443,0.0],[-79.591409,79.836429,0.0],[-79.602853,79.834169,0.0],[-79.601995,79.832891,0.0],[-79.599128,79.832657,0.0],[-79.600841,79.832601,0.0]],[[-79.784476,79.826034,0.0],[-79.78896,79.825761,0.0],[-79.802465,79.825448,0.0],[-79.810411,79.824495,0.0],[-79.815186,79.824139,0.0],[-79.824974,79.82284,0.0],[-79.829169,79.823274,0.0],[-79.838292,79.821476,0.0],[-79.842854,79.821136,0.0],[-79.844503,79.820811,0.0],[-79.848956,79.820889,0.0],[-79.856576,79.819819,0.0],[-79.862421,79.81953,0.0],[-79.870276,79.81798,0.0],[-79.87834,79.818123,0.0],[-79.888005,79.81696,0.0],[-79.895539,79.81616,0.0],[-79.90918,79.814495,0.0],[-79.916077,79.813484,0.0],[-79.919668,79.812773,0.0],[-79.923533,79.812206,0.0],[-79.932142,79.809723,0.0],[-79.9302,79.80874,0.0],[-79.925783,79.808788,0.0],[-79.926691,79.807164,0.0],[-79.924124,79.807018,0.0],[-79.923378,79.807429,0.0],[-79.921693,79.807941,0.0],[-79.917969,79.809347,0.0],[-79.907938,79.809798,0.0],[-79.901461,79.810035,0.0],[-79.898739,79.810574,0.0],[-79.88048,79.810808,0.0],[-79.881831,79.811323,0.0],[-79.887515,79.811795,0.0],[-79.870057,79.814343,0.0],[-79.866603,79.815024,0.0],[-79.860122,79.815261,0.0],[-79.853755,79.816108,0.0],[-79.840551,79.816761,0.0],[-79.835677,79.817347,0.0],[-79.831461,79.817661,0.0],[-79.825104,79.818914,0.0],[-79.817112,79.819142,0.0],[-79.812671,79.81956,0.0],[-79.806517,79.820019,0.0],[-79.797838,79.821727,0.0],[-79.792929,79.822093,0.0],[-79.78394,79.823861,0.0],[-79.78286,79.823141,0.0],[-79.784872,79.821714,0.0],[-79.787404,79.82095,0.0],[-79.782807,79.820867,0.0],[-79.774101,79.822749,0.0],[-79.771153,79.823854,0.0],[-79.767826,79.824339,0.0],[-79.766292,79.824913,0.0],[-79.760466,79.824808,0.0],[-79.75711,79.82582,0.0],[-79.759599,79.826525,0.0],[-79.763037,79.826203,0.0],[-79.784476,79.826034,0.0]],[[-79.9853,79.844133,0.0],[-79.983973,79.843744,0.0],[-79.981034,79.843109,0.0],[-79.979181,79.842526,0.0],[-79.978894,79.842669,0.0],[-79.978004,79.843388,0.0],[-79.981729,79.844363,0.0],[-79.9853,79.844133,0.0]],[[-79.997306,79.846961,0.0],[-79.998968,79.846726,0.0],[-79.997668,79.846048,0.0],[-79.995796,79.845657,0.0],[-79.994431,79.845653,0.0],[-79.993057,79.845745,0.0],[-79.99517,79.846473,0.0],[-79.997306,79.846961,0.0]],[[-80.247619,79.80649,0.0],[-80.229622,79.803849,0.0],[-80.227336,79.801619,0.0],[-80.222271,79.800257,0.0],[-80.216878,79.800733,0.0],[-80.209106,79.800687,0.0],[-80.202083,79.799356,0.0],[-80.197142,79.798765,0.0],[-80.188321,79.798234,0.0],[-80.178256,79.796694,0.0],[-80.180957,79.795797,0.0],[-80.189994,79.792166,0.0],[-80.177665,79.78938,0.0],[-80.174899,79.786073,0.0],[-80.171191,79.784751,0.0],[-80.168426,79.783163,0.0],[-80.166819,79.78259,0.0],[-80.165325,79.782023,0.0],[-80.163123,79.781637,0.0],[-80.16219,79.782687,0.0],[-80.132477,79.787214,0.0],[-80.113735,79.78984,0.0],[-80.100909,79.791282,0.0],[-80.088939,79.793055,0.0],[-80.085477,79.794642,0.0],[-80.096118,79.797351,0.0],[-80.100378,79.797732,0.0],[-80.104218,79.79919,0.0],[-80.112331,79.799915,0.0],[-80.127168,79.802297,0.0],[-80.128803,79.803237,0.0],[-80.128598,79.804262,0.0],[-80.128622,79.805028,0.0],[-80.149825,79.80539,0.0],[-80.155425,79.806083,0.0],[-80.158907,79.805376,0.0],[-80.154824,79.80316,0.0],[-80.163808,79.801675,0.0],[-80.162354,79.800319,0.0],[-80.162409,79.80004,0.0],[-80.165885,79.800087,0.0],[-80.171438,79.800611,0.0],[-80.176,79.800886,0.0],[-80.178983,79.801168,0.0],[-80.182028,79.801439,0.0],[-80.189522,79.802269,0.0],[-80.192568,79.80254,0.0],[-80.200037,79.803463,0.0],[-80.209165,79.804012,0.0],[-80.215187,79.804756,0.0],[-80.219137,79.804751,0.0],[-80.230865,79.807442,0.0],[-80.239085,79.807817,0.0],[-80.249949,79.809157,0.0],[-80.254714,79.810953,0.0],[-80.260245,79.80996,0.0],[-80.269251,79.809593,0.0],[-80.265014,79.808091,0.0],[-80.261837,79.806611,0.0],[-80.257367,79.805923,0.0],[-80.247619,79.80649,0.0]],[[-80.240667,79.787328,0.0],[-80.249181,79.786998,0.0],[-80.256935,79.785498,0.0],[-80.265323,79.785776,0.0],[-80.264815,79.787023,0.0],[-80.267702,79.788176,0.0],[-80.274802,79.788267,0.0],[-80.281154,79.787767,0.0],[-80.28623,79.787154,0.0],[-80.290366,79.787995,0.0],[-80.295125,79.787955,0.0],[-80.297,79.788918,0.0],[-80.293797,79.79094,0.0],[-80.299405,79.790451,0.0],[-80.300233,79.7884,0.0],[-80.298239,79.787731,0.0],[-80.309048,79.785163,0.0],[-80.301872,79.783561,0.0],[-80.294834,79.783096,0.0],[-80.286284,79.78362,0.0],[-80.279641,79.783676,0.0],[-80.276613,79.783637,0.0],[-80.268974,79.783701,0.0],[-80.243181,79.783284,0.0],[-80.237269,79.782892,0.0],[-80.231887,79.78453,0.0],[-80.240667,79.787328,0.0]]]}},{"type":"Feature","properties":{"rgi_id":"RGI2000-v7.0-G-03-03247","o1region":"03"},"geometry":{"type":"Polygon","coordinates":[[[-80.781281,79.866205,0.0],[-80.777511,79.868582,0.0],[-80.773304,79.870408,0.0],[-80.769423,79.871695,0.0],[-80.762812,79.872386,0.0],[-80.748611,79.871573,0.0],[-80.721829,79.869839,0.0],[-80.70363,79.867995,0.0],[-80.668516,79.863512,0.0],[-80.653823,79.862276,0.0],[-80.644134,79.860456,0.0],[-80.638527,79.859531,0.0],[-80.634951,79.857829,0.0],[-80.631889,79.856545,0.0],[-80.626369,79.855486,0.0],[-80.624072,79.854216,0.0],[-80.623637,79.852438,0.0],[-80.619471,79.850452,0.0],[-80.60475818789233,79.84802003105786,0.0],[-80.605959,79.847829,0.0],[-80.604626,79.846904,0.0],[-80.604062,79.84577,0.0],[-80.604185,79.845664,0.0],[-80.605455,79.844562,0.0],[-80.608734,79.843391,0.0],[-80.615856,79.842181,0.0],[-80.619625,79.841244,0.0],[-80.615638,79.840493,0.0],[-80.611513,79.839963,0.0],[-80.603542,79.838461,0.0],[-80.601023,79.837401,0.0],[-80.594871,79.836046,0.0],[-80.590607,79.834727,0.0],[-80.59417,79.835134,0.0],[-80.602969,79.835305,0.0],[-80.611274,79.834231,0.0],[-80.618384,79.832011,0.0],[-80.631497,79.830357,0.0],[-80.63722,79.830356,0.0],[-80.645457,79.830403,0.0],[-80.650406,79.8296,0.0],[-80.651722,79.828503,0.0],[-80.651782,79.827381,0.0],[-80.649957,79.826223,0.0],[-80.646877,79.825041,0.0],[-80.642404,79.824056,0.0],[-80.638285,79.823526,0.0],[-80.631371,79.822382,0.0],[-80.623411,79.820879,0.0],[-80.618591,79.819438,0.0],[-80.616144,79.818268,0.0],[-80.614043,79.816542,0.0],[-80.612921,79.815285,0.0],[-80.609152,79.814201,0.0],[-80.6065,79.813363,0.0],[-80.600505,79.812797,0.0],[-80.596461,79.812156,0.0],[-80.598896,79.811305,0.0],[-80.603632,79.810836,0.0],[-80.605716,79.80953,0.0],[-80.606892,79.807643,0.0],[-80.608555,79.805991,0.0],[-80.61043,79.805017,0.0],[-80.612863,79.804166,0.0],[-80.617871,79.803253,0.0],[-80.618759,79.802949,0.0],[-80.622867,79.803611,0.0],[-80.633782,79.803823,0.0],[-80.64347,79.802195,0.0],[-80.662314,79.798509,0.0],[-80.679685,79.795911,0.0],[-80.722572,79.793918,0.0],[-80.732088,79.793291,0.0],[-80.756208,79.792818,0.0],[-80.775877,79.79248,0.0],[-80.786851,79.793286,0.0],[-80.789679,79.793429,0.0],[-80.790916,79.795379,0.0],[-80.806542,79.797805,0.0],[-80.816381,79.799337,0.0],[-80.826757,79.799982,0.0],[-80.842343,79.800387,0.0],[-80.859078,79.802047,0.0],[-80.871863,79.803969,0.0],[-80.880893,79.80582,0.0],[-80.889102,79.807991,0.0],[-80.898239,79.810741,0.0],[-80.907082,79.812923,0.0],[-80.910536,79.813465,0.0],[-80.910532,79.813467,0.0],[-80.907568,79.814955,0.0],[-80.907296,79.816121,0.0],[-80.915067,79.816177,0.0],[-80.920769,79.815092,0.0],[-80.933037,79.814771,0.0],[-80.937985,79.815375,0.0],[-80.943165,79.81534,0.0],[-80.963949,79.815488,0.0],[-80.964354,79.815469,0.0],[-80.96448,79.815555,0.0],[-80.966637,79.817276,0.0],[-80.970808,79.81881,0.0],[-80.979177,79.820758,0.0],[-80.982095,79.822269,0.0],[-80.993271,79.825662,0.0],[-80.991698,79.825835,0.0],[-80.984966,79.825028,0.0],[-80.976728,79.824743,0.0],[-80.970492,79.823061,0.0],[-80.965017,79.822613,0.0],[-80.952139,79.823783,0.0],[-80.942424,79.825567,0.0],[-80.940662,79.82556,0.0],[-80.936285,79.824754,0.0],[-80.930022,79.824489,0.0],[-80.92545,79.825328,0.0],[-80.925687,79.827508,0.0],[-80.939228,79.828455,0.0],[-80.946914,79.828787,0.0],[-80.949926,79.829062,0.0],[-80.958282,79.829351,0.0],[-80.967842,79.829318,0.0],[-80.981216,79.829664,0.0],[-80.986684,79.830161,0.0],[-80.994838,79.830132,0.0],[-81.000332,79.830152,0.0],[-81.003194,79.830678,0.0],[-81.010836,79.83121,0.0],[-81.027706,79.832417,0.0],[-81.038084,79.833138,0.0],[-81.044337,79.833668,0.0],[-81.0514,79.834864,0.0],[-81.07158,79.836015,0.0],[-81.079886,79.836768,0.0],[-81.086263,79.836834,0.0],[-81.094106,79.837074,0.0],[-81.103823,79.837902,0.0],[-81.1159,79.838994,0.0],[-81.132107,79.840115,0.0],[-81.15144,79.840037,0.0],[-81.166193,79.839362,0.0],[-81.179943,79.83896,0.0],[-81.191315,79.838542,0.0],[-81.202778,79.83814,0.0],[-81.208835,79.837862,0.0],[-81.215867,79.837555,0.0],[-81.236473,79.837042,0.0],[-81.245447,79.837577,0.0],[-81.245376,79.838348,0.0],[-81.232849,79.841448,0.0],[-81.212319,79.844038,0.0],[-81.204395,79.844316,0.0],[-81.199858,79.844593,0.0],[-81.185605,79.845311,0.0],[-81.181587,79.845678,0.0],[-81.176988,79.845944,0.0],[-81.16475,79.847064,0.0],[-81.151316,79.847022,0.0],[-81.144685,79.847325,0.0],[-81.13209,79.847285,0.0],[-81.118701,79.847693,0.0],[-81.114532,79.847316,0.0],[-81.110511,79.846974,0.0],[-81.095594,79.845942,0.0],[-81.081819,79.845996,0.0],[-81.071843,79.847334,0.0],[-81.065148,79.847719,0.0],[-81.05372,79.846356,0.0],[-81.05,79.844698,0.0],[-81.034935,79.843838,0.0],[-81.026092,79.843035,0.0],[-81.021488,79.842772,0.0],[-81.013898,79.84223,0.0],[-81.007772,79.841967,0.0],[-80.996164,79.841374,0.0],[-80.966299,79.840572,0.0],[-80.946526,79.840893,0.0],[-80.937616,79.841701,0.0],[-80.937816,79.843523,0.0],[-80.943877,79.844935,0.0],[-80.943668,79.846663,0.0],[-80.943788,79.847747,0.0],[-80.952996,79.848144,0.0],[-80.955934,79.848684,0.0],[-80.963161,79.849909,0.0],[-80.966692,79.850859,0.0],[-80.966583,79.851773,0.0],[-80.966688,79.852704,0.0],[-80.965396,79.85298,0.0],[-80.955531,79.851575,0.0],[-80.943614,79.850554,0.0],[-80.94065,79.850009,0.0],[-80.935829,79.850026,0.0],[-80.928409,79.851384,0.0],[-80.928609,79.85322,0.0],[-80.920713,79.855049,0.0],[-80.92086,79.856404,0.0],[-80.930156,79.855165,0.0],[-80.933015,79.856206,0.0],[-80.934568,79.856739,0.0],[-80.93606,79.857308,0.0],[-80.933001,79.858351,0.0],[-80.931502,79.85892,0.0],[-80.938049,79.86003,0.0],[-80.933472,79.862153,0.0],[-80.925525,79.86015,0.0],[-80.911297,79.85952,0.0],[-80.893541,79.859559,0.0],[-80.882462,79.860639,0.0],[-80.875727,79.861432,0.0],[-80.861439,79.862636,0.0],[-80.85062,79.865006,0.0],[-80.850744,79.865075,0.0],[-80.826236,79.864737,0.0],[-80.80612,79.864768,0.0],[-80.786659,79.864202,0.0],[-80.781281,79.866205,0.0]],[[-80.851519,79.828766,0.0],[-80.849381,79.828656,0.0],[-80.84602,79.828659,0.0],[-80.841929,79.828542,0.0],[-80.838075,79.828779,0.0],[-80.837001,79.829341,0.0],[-80.837784,79.829709,0.0],[-80.840195,79.829828,0.0],[-80.844287,79.829944,0.0],[-80.846567,79.830207,0.0],[-80.847131,79.830816,0.0],[-80.846057,79.831378,0.0],[-80.845486,79.832005,0.0],[-80.844368,79.832616,0.0],[-80.843744,79.832993,0.0],[-80.844123,79.833498,0.0],[-80.845364,79.833979,0.0],[-80.846747,79.834611,0.0],[-80.851167,79.834984,0.0],[-80.854266,79.83527,0.0],[-80.859911,79.835529,0.0],[-80.865107,79.835973,0.0],[-80.868709,79.836322,0.0],[-80.871264,79.836593,0.0],[-80.87395,79.836718,0.0],[-80.876909,79.836851,0.0],[-80.880765,79.836615,0.0],[-80.88248,79.836268,0.0],[-80.883508,79.835753,0.0],[-80.880233,79.835661,0.0],[-80.878814,79.835373,0.0],[-80.879033,79.835132,0.0],[-80.881045,79.834151,0.0],[-80.881941,79.833781,0.0],[-80.883939,79.833739,0.0],[-80.880361,79.832748,0.0],[-80.874971,79.831903,0.0],[-80.871316,79.831305,0.0],[-80.866449,79.831118,0.0],[-80.863676,79.831088,0.0],[-80.862049,79.831339,0.0],[-80.858423,79.831631,0.0],[-80.857332,79.8316,0.0],[-80.854691,79.831426,0.0],[-80.851452,79.830988,0.0],[-80.850035,79.830701,0.0],[-80.848345,79.830406,0.0],[-80.847878,79.829997,0.0],[-80.850738,79.82993,0.0],[-80.854178,79.829533,0.0],[-80.851519,79.828766,0.0]],[[-80.769619,79.852382,0.0],[-80.767795,79.852231,0.0],[-80.765837,79.852224,0.0],[-80.761928,79.852508,0.0],[-80.760797,79.852821,0.0],[-80.757402,79.853762,0.0],[-80.757084,79.853803,0.0],[-80.760225,79.853744,0.0],[-80.768635,79.853145,0.0],[-80.769619,79.852382,0.0]]]}},{"type":"Feature","properties":{"rgi_id":"RGI2000-v7.0-G-03-03248","o1region":"03"},"geometry":{"type":"Polygon","coordinates":[[[-80.729411,79.887523,0.0],[-80.720492,79.885783,0.0],[-80.713127,79.884047,0.0],[-80.6997,79.881625,0.0],[-80.693484,79.880138,0.0],[-80.690698,79.879401,0.0],[-80.680976,79.87625,0.0],[-80.672972,79.873475,0.0],[-80.667615,79.871662,0.0],[-80.658978,79.868873,0.0],[-80.654337,79.86696,0.0],[-80.651828,79.864745,0.0],[-80.649492,79.861463,0.0],[-80.653823,79.862276,0.0],[-80.668516,79.863512,0.0],[-80.70363,79.867995,0.0],[-80.721829,79.869839,0.0],[-80.748611,79.871573,0.0],[-80.762812,79.872386,0.0],[-80.766471,79.872004,0.0],[-80.773119,79.874014,0.0],[-80.783899,79.875471,0.0],[-80.79381,79.876228,0.0],[-80.811006,79.877805,0.0],[-80.823077,79.879285,0.0],[-80.833023,79.881066,0.0],[-80.842467,79.88261,0.0],[-80.843359,79.883278,0.0],[-80.841236,79.883949,0.0],[-80.836744,79.884817,0.0],[-80.830212,79.88494,0.0],[-80.822177,79.884908,0.0],[-80.818077,79.885999,0.0],[-80.814219,79.886935,0.0],[-80.821075,79.886259,0.0],[-80.824629,79.886007,0.0],[-80.833154,79.886826,0.0],[-80.837464,79.88752,0.0],[-80.831049,79.888334,0.0],[-80.819429,79.888662,0.0],[-80.815718,79.888699,0.0],[-80.811892,79.888656,0.0],[-80.808793,79.888687,0.0],[-80.801983,79.887754,0.0],[-80.796631,79.888435,0.0],[-80.805806,79.888938,0.0],[-80.808777,79.889224,0.0],[-80.814016,79.889649,0.0],[-80.816533,79.89062,0.0],[-80.819638,79.891111,0.0],[-80.8194,79.891776,0.0],[-80.819554,79.892252,0.0],[-80.809925,79.892146,0.0],[-80.795656,79.893035,0.0],[-80.788368,79.892954,0.0],[-80.775044,79.890317,0.0],[-80.758239,79.889998,0.0],[-80.751393,79.88967,0.0],[-80.747635,79.888883,0.0],[-80.753497,79.888949,0.0],[-80.755207,79.888753,0.0],[-80.74818,79.88818,0.0],[-80.754995,79.88712,0.0],[-80.762029,79.886744,0.0],[-80.767549,79.886222,0.0],[-80.770593,79.885231,0.0],[-80.750907,79.885831,0.0],[-80.729411,79.887523,0.0]]]}},{"type":"Feature","properties":{"rgi_id":"RGI2000-v7.0-G-03-03249","o1region":"03"},"geometry":{"type":"Polygon","coordinates":[[[-80.747564,79.890552,0.0],[-80.747318,79.891337,0.0],[-80.745213,79.892042,0.0],[-80.743284,79.892383,0.0],[-80.740601,79.893014,0.0],[-80.737841,79.893728,0.0],[-80.73408,79.894129,0.0],[-80.729866,79.89415,0.0],[-80.726483,79.893799,0.0],[-80.725194,79.89345,0.0],[-80.723627,79.892188,0.0],[-80.723281,79.891867,0.0],[-80.722348,79.890962,0.0],[-80.721162,79.890503,0.0],[-80.720765,79.890237,0.0],[-80.722826,79.889928,0.0],[-80.724445,79.889748,0.0],[-80.726532,79.889412,0.0],[-80.728881,79.889139,0.0],[-80.731785,79.889137,0.0],[-80.734298,79.889209,0.0],[-80.738849,79.88917,0.0],[-80.73883,79.889537,0.0],[-80.738052,79.889855,0.0],[-80.737065,79.890223,0.0],[-80.73618,79.890481,0.0],[-80.737437,79.890517,0.0],[-80.738508,79.890406,0.0],[-80.740488,79.89001,0.0],[-80.742001,79.88977,0.0],[-80.743302,79.889411,0.0],[-80.746732,79.889537,0.0],[-80.747677,79.889734,0.0],[-80.747564,79.890552,0.0]]]}},{"type":"Feature","properties":{"rgi_id":"RGI2000-v7.0-G-03-03250","o1region":"03"},"geometry":{"type":"Polygon","coordinates":[[[-80.843359,79.883278,0.0],[-80.842467,79.88261,0.0],[-80.833023,79.881066,0.0],[-80.823077,79.879285,0.0],[-80.811006,79.877805,0.0],[-80.79381,79.876228,0.0],[-80.783899,79.875471,0.0],[-80.773119,79.874014,0.0],[-80.766471,79.872004,0.0],[-80.769423,79.871695,0.0],[-80.773304,79.870408,0.0],[-80.777511,79.868582,0.0],[-80.781281,79.866205,0.0],[-80.786659,79.864202,0.0],[-80.80612,79.864768,0.0],[-80.826236,79.864737,0.0],[-80.850744,79.865075,0.0],[-80.856095,79.868047,0.0],[-80.868535,79.869932,0.0],[-80.881107,79.870055,0.0],[-80.877967,79.871253,0.0],[-80.886929,79.871224,0.0],[-80.894956,79.871231,0.0],[-80.902189,79.871392,0.0],[-80.908165,79.872122,0.0],[-80.909403,79.873195,0.0],[-80.909974,79.87394,0.0],[-80.920908,79.87476,0.0],[-80.929531,79.874731,0.0],[-80.940424,79.875224,0.0],[-80.942064,79.875925,0.0],[-80.93151,79.876525,0.0],[-80.920778,79.87555,0.0],[-80.918977,79.875556,0.0],[-80.911529,79.876228,0.0],[-80.902176,79.877023,0.0],[-80.876195,79.87742,0.0],[-80.872233,79.878335,0.0],[-80.862762,79.879538,0.0],[-80.855302,79.881231,0.0],[-80.852168,79.881965,0.0],[-80.853267,79.882765,0.0],[-80.855299,79.883506,0.0],[-80.852188,79.884129,0.0],[-80.844097,79.883044,0.0],[-80.843359,79.883278,0.0]],[[-80.858421,79.873103,0.0],[-80.858455,79.872758,0.0],[-80.856396,79.872551,0.0],[-80.853568,79.87257,0.0],[-80.851332,79.872556,0.0],[-80.848725,79.872334,0.0],[-80.845702,79.871952,0.0],[-80.842176,79.871506,0.0],[-80.840347,79.871355,0.0],[-80.836106,79.871383,0.0],[-80.832642,79.871482,0.0],[-80.830875,79.871877,0.0],[-80.829478,79.87248,0.0],[-80.829124,79.872866,0.0],[-80.831599,79.873232,0.0],[-80.833428,79.873383,0.0],[-80.837078,79.873388,0.0],[-80.840772,79.873344,0.0],[-80.844519,79.873549,0.0],[-80.848364,79.873955,0.0],[-80.850556,79.874017,0.0],[-80.853092,79.873397,0.0],[-80.858421,79.873103,0.0]]]}},{"type":"Feature","properties":{"rgi_id":"RGI2000-v7.0-G-03-03251","o1region":"03"},"geometry":{"type":"Polygon","coordinates":[[[-80.881107,79.870055,0.0],[-80.868535,79.869932,0.0],[-80.856095,79.868047,0.0],[-80.85062,79.865006,0.0],[-80.861439,79.862636,0.0],[-80.875727,79.861432,0.0],[-80.882462,79.860639,0.0],[-80.893541,79.859559,0.0],[-80.911297,79.85952,0.0],[-80.925525,79.86015,0.0],[-80.933472,79.862153,0.0],[-80.932096,79.86279,0.0],[-80.925328,79.864263,0.0],[-80.921263,79.865351,0.0],[-80.925406,79.866429,0.0],[-80.931438,79.866409,0.0],[-80.936784,79.866429,0.0],[-80.942086,79.866411,0.0],[-80.945169,79.866691,0.0],[-80.952836,79.866955,0.0],[-80.954385,79.867518,0.0],[-80.959056,79.868309,0.0],[-80.963577,79.869951,0.0],[-80.963235,79.872816,0.0],[-80.971146,79.874752,0.0],[-80.972643,79.875233,0.0],[-80.961024,79.874708,0.0],[-80.958171,79.873673,0.0],[-80.953555,79.873689,0.0],[-80.949566,79.873674,0.0],[-80.945168,79.872867,0.0],[-80.93003,79.872345,0.0],[-80.922249,79.871788,0.0],[-80.916108,79.871523,0.0],[-80.911565,79.870173,0.0],[-80.903038,79.86808,0.0],[-80.89367,79.867485,0.0],[-80.88472,79.868675,0.0],[-80.881107,79.870055,0.0]]]}},{"type":"Feature","properties":{"rgi_id":"RGI2000-v7.0-G-03-03252","o1region":"03"},"geometry":{"type":"Polygon","coordinates":[[[-81.012875,79.864495,0.0],[-81.012361,79.864887,0.0],[-81.008759,79.864948,0.0],[-81.003443,79.864736,0.0],[-80.998641,79.864344,0.0],[-80.992124,79.86365,0.0],[-80.986637,79.863649,0.0],[-80.979091,79.8638,0.0],[-80.974633,79.863618,0.0],[-80.974463,79.863196,0.0],[-80.977035,79.862894,0.0],[-80.983209,79.862683,0.0],[-80.990582,79.862382,0.0],[-80.998813,79.86211,0.0],[-81.005842,79.861778,0.0],[-81.010128,79.861295,0.0],[-81.0151,79.860872,0.0],[-81.019557,79.860842,0.0],[-81.022644,79.861204,0.0],[-81.022645,79.861898,0.0],[-81.021789,79.862381,0.0],[-81.019046,79.862472,0.0],[-81.015273,79.862533,0.0],[-81.010129,79.862563,0.0],[-81.009787,79.863076,0.0],[-81.011502,79.86377,0.0],[-81.012875,79.864495,0.0]]]}},{"type":"Feature","properties":{"rgi_id":"RGI2000-v7.0-G-03-03253","o1region":"03"},"geometry":{"type":"Polygon","coordinates":[[[-81.070283,79.857426,0.0],[-81.070756,79.857535,0.0],[-81.072692,79.858833,0.0],[-81.07357,79.859638,0.0],[-81.077953,79.860586,0.0],[-81.082074,79.861213,0.0],[-81.085852,79.861701,0.0],[-81.078652,79.862634,0.0],[-81.078193,79.864742,0.0],[-81.080138,79.864755,0.0],[-81.088488,79.863555,0.0],[-81.091388,79.864027,0.0],[-81.089246,79.864742,0.0],[-81.086407,79.866328,0.0],[-81.078246,79.867432,0.0],[-81.071028,79.866441,0.0],[-81.068472,79.864562,0.0],[-81.05898,79.863415,0.0],[-81.053218,79.863862,0.0],[-81.050188,79.865552,0.0],[-81.046551,79.865578,0.0],[-81.046425,79.865029,0.0],[-81.048131,79.864751,0.0],[-81.047977,79.864083,0.0],[-81.04812,79.863435,0.0],[-81.046475,79.86261,0.0],[-81.044132,79.861311,0.0],[-81.038893,79.860988,0.0],[-81.029732,79.860605,0.0],[-81.031783,79.860015,0.0],[-81.062822,79.858048,0.0],[-81.070283,79.857426,0.0]]]}},{"type":"Feature","properties":{"rgi_id":"RGI2000-v7.0-G-03-03255","o1region":"03"},"geometry":{"type":"Polygon","coordinates":[[[-80.887573,79.883616,0.0],[-80.878063,79.882004,0.0],[-80.866242,79.882042,0.0],[-80.858532,79.881692,0.0],[-80.85852,79.881687,0.0],[-80.862376,79.88038,0.0],[-80.87373,79.879078,0.0],[-80.874482,79.878941,0.0],[-80.896189,79.879099,0.0],[-80.898414,79.881527,0.0],[-80.906574,79.8815,0.0],[-80.910356,79.881515,0.0],[-80.913445,79.881225,0.0],[-80.907331,79.880702,0.0],[-80.905835,79.880395,0.0],[-80.916698,79.880437,0.0],[-80.922625,79.880975,0.0],[-80.931043,79.881338,0.0],[-80.933322,79.882616,0.0],[-80.928322,79.884316,0.0],[-80.91727,79.886176,0.0],[-80.91329,79.888319,0.0],[-80.905596,79.889297,0.0],[-80.905769,79.887923,0.0],[-80.892816,79.885729,0.0],[-80.887364,79.885263,0.0],[-80.887573,79.883616,0.0]]]}},{"type":"Feature","properties":{"rgi_id":"RGI2000-v7.0-G-03-03256","o1region":"03"},"geometry":{"type":"Polygon","coordinates":[[[-80.649492,79.861463,0.0],[-80.651828,79.864745,0.0],[-80.654337,79.86696,0.0],[-80.658978,79.868873,0.0],[-80.667615,79.871662,0.0],[-80.672972,79.873475,0.0],[-80.680976,79.87625,0.0],[-80.690698,79.879401,0.0],[-80.693484,79.880138,0.0],[-80.6997,79.881625,0.0],[-80.713127,79.884047,0.0],[-80.720492,79.885783,0.0],[-80.729411,79.887523,0.0],[-80.729255,79.887535,0.0],[-80.725391,79.889024,0.0],[-80.724638,79.88916,0.0],[-80.716509,79.890086,0.0],[-80.705843,79.889733,0.0],[-80.706635,79.892282,0.0],[-80.710947,79.892901,0.0],[-80.714136,79.891698,0.0],[-80.722716,79.893454,0.0],[-80.726039,79.895064,0.0],[-80.728153,79.895882,0.0],[-80.731032,79.897546,0.0],[-80.728631,79.898703,0.0],[-80.73086,79.899809,0.0],[-80.726642,79.901155,0.0],[-80.729005,79.901529,0.0],[-80.722269,79.901888,0.0],[-80.711257,79.901763,0.0],[-80.707435,79.9018,0.0],[-80.705947,79.901346,0.0],[-80.711113,79.900935,0.0],[-80.713551,79.900382,0.0],[-80.706696,79.900447,0.0],[-80.703267,79.900409,0.0],[-80.690224,79.899574,0.0],[-80.684615,79.899628,0.0],[-80.681438,79.899321,0.0],[-80.67548,79.900042,0.0],[-80.666121,79.900584,0.0],[-80.669306,79.89957,0.0],[-80.668996,79.898562,0.0],[-80.671204,79.897858,0.0],[-80.663093,79.897196,0.0],[-80.652163,79.898807,0.0],[-80.642611,79.897884,0.0],[-80.634374,79.897961,0.0],[-80.630969,79.897859,0.0],[-80.63464,79.896691,0.0],[-80.63129,79.894441,0.0],[-80.616283,79.894071,0.0],[-80.609621,79.894965,0.0],[-80.605757,79.89492,0.0],[-80.60116,79.894962,0.0],[-80.595035,79.894891,0.0],[-80.586876,79.894966,0.0],[-80.58135,79.89443,0.0],[-80.57484,79.895981,0.0],[-80.571697,79.896079,0.0],[-80.567958,79.895043,0.0],[-80.563252,79.893379,0.0],[-80.561426,79.89222,0.0],[-80.561285,79.89042,0.0],[-80.563321,79.889225,0.0],[-80.567602,79.887511,0.0],[-80.57111,79.886007,0.0],[-80.574757,79.884281,0.0],[-80.571738,79.882987,0.0],[-80.565213,79.881175,0.0],[-80.55925,79.879487,0.0],[-80.554272,79.878266,0.0],[-80.555605,79.877169,0.0],[-80.557568,79.876084,0.0],[-80.561424,79.875037,0.0],[-80.567452,79.873582,0.0],[-80.569343,79.871597,0.0],[-80.569692,79.870032,0.0],[-80.563805,79.868232,0.0],[-80.560723,79.867049,0.0],[-80.55659,79.866519,0.0],[-80.551546,79.867431,0.0],[-80.547202,79.868244,0.0],[-80.542927,79.868947,0.0],[-80.533677,79.869439,0.0],[-80.528351,79.869784,0.0],[-80.515533,79.868858,0.0],[-80.50657,79.867895,0.0],[-80.500548,79.867327,0.0],[-80.493409,79.866512,0.0],[-80.494258,79.865181,0.0],[-80.498116,79.864134,0.0],[-80.50891,79.862213,0.0],[-80.517313,79.862042,0.0],[-80.522847,79.861364,0.0],[-80.522991,79.860132,0.0],[-80.521735,79.859096,0.0],[-80.519712,79.857259,0.0],[-80.517968,79.855989,0.0],[-80.524691,79.854437,0.0],[-80.529101,79.853513,0.0],[-80.535821,79.85196,0.0],[-80.544776,79.850901,0.0],[-80.555826,79.849545,0.0],[-80.564148,79.848473,0.0],[-80.575195,79.848127,0.0],[-80.586525,79.849359,0.0],[-80.594638,79.84963,0.0],[-80.604758,79.84802,0.0],[-80.619471,79.850452,0.0],[-80.623637,79.852438,0.0],[-80.624072,79.854216,0.0],[-80.626369,79.855486,0.0],[-80.631889,79.856545,0.0],[-80.634951,79.857829,0.0],[-80.638527,79.859531,0.0],[-80.644134,79.860456,0.0],[-80.649492,79.861463,0.0]]]}},{"type":"Feature","properties":{"rgi_id":"RGI2000-v7.0-G-03-03257","o1region":"03"},"geometry":{"type":"Polygon","coordinates":[[[-80.443765,79.953757,0.0],[-80.442064,79.952505,0.0],[-80.442621,79.952077,0.0],[-80.444982,79.95188,0.0],[-80.447219,79.951876,0.0],[-80.450746,79.951604,0.0],[-80.451822,79.951235,0.0],[-80.451395,79.951032,0.0],[-80.448363,79.950972,0.0],[-80.447021,79.950459,0.0],[-80.447546,79.950079,0.0],[-80.448716,79.949566,0.0],[-80.44884,79.949374,0.0],[-80.4543,79.948702,0.0],[-80.456167,79.948836,0.0],[-80.461342,79.949035,0.0],[-80.464587,79.949197,0.0],[-80.467984,79.949556,0.0],[-80.470065,79.949792,0.0],[-80.472608,79.949744,0.0],[-80.476836,79.949681,0.0],[-80.482901,79.949801,0.0],[-80.487463,79.950085,0.0],[-80.491599,79.950166,0.0],[-80.495062,79.94999,0.0],[-80.499751,79.949644,0.0],[-80.503948,79.949628,0.0],[-80.506244,79.949966,0.0],[-80.506978,79.950126,0.0],[-80.50664,79.950217,0.0],[-80.498544,79.95152,0.0],[-80.495233,79.951894,0.0],[-80.491122,79.952642,0.0],[-80.488513,79.953224,0.0],[-80.486517,79.953721,0.0],[-80.484429,79.954362,0.0],[-80.481943,79.954752,0.0],[-80.478478,79.954927,0.0],[-80.474893,79.954857,0.0],[-80.474314,79.954456,0.0],[-80.473121,79.95414,0.0],[-80.470946,79.954048,0.0],[-80.468068,79.953748,0.0],[-80.466111,79.95332,0.0],[-80.462557,79.953201,0.0],[-80.459857,79.953489,0.0],[-80.458354,79.953654,0.0],[-80.45658,79.953376,0.0],[-80.451678,79.953182,0.0],[-80.448796,79.95332,0.0],[-80.443765,79.953757,0.0]]]}},{"type":"Feature","properties":{"rgi_id":"RGI2000-v7.0-G-03-03258","o1region":"03"},"geometry":{"type":"Polygon","coordinates":[[[-80.467239,79.9705,0.0],[-80.458145,79.970029,0.0],[-80.45128,79.968861,0.0],[-80.439954,79.968048,0.0],[-80.439866,79.968041,0.0],[-80.442639,79.967731,0.0],[-80.451059,79.968121,0.0],[-80.457626,79.968109,0.0],[-80.461809,79.96687,0.0],[-80.455594,79.966507,0.0],[-80.455782,79.965403,0.0],[-80.452508,79.964893,0.0],[-80.446492,79.965421,0.0],[-80.443362,79.965679,0.0],[-80.435503,79.966698,0.0],[-80.435725,79.965412,0.0],[-80.434612,79.964863,0.0],[-80.428447,79.966468,0.0],[-80.426351,79.966457,0.0],[-80.419698,79.967226,0.0],[-80.413849,79.966688,0.0],[-80.403227,79.966707,0.0],[-80.392981,79.96481,0.0],[-80.38787,79.964511,0.0],[-80.387967,79.963964,0.0],[-80.39262,79.963989,0.0],[-80.398279,79.962984,0.0],[-80.395756,79.962108,0.0],[-80.394309,79.961025,0.0],[-80.389718,79.959946,0.0],[-80.38433,79.958325,0.0],[-80.389145,79.956736,0.0],[-80.402941,79.958229,0.0],[-80.409927,79.958633,0.0],[-80.413036,79.957544,0.0],[-80.418503,79.956646,0.0],[-80.424606,79.955559,0.0],[-80.429528,79.954751,0.0],[-80.436456,79.954383,0.0],[-80.443756,79.955735,0.0],[-80.452734,79.956056,0.0],[-80.455017,79.957323,0.0],[-80.462326,79.957646,0.0],[-80.468419,79.958468,0.0],[-80.472982,79.958459,0.0],[-80.477651,79.959021,0.0],[-80.480761,79.958748,0.0],[-80.482532,79.959729,0.0],[-80.486863,79.960104,0.0],[-80.494486,79.961196,0.0],[-80.497738,79.961464,0.0],[-80.506816,79.960666,0.0],[-80.509916,79.96095,0.0],[-80.523416,79.961901,0.0],[-80.531593,79.962884,0.0],[-80.539153,79.962867,0.0],[-80.544674,79.963531,0.0],[-80.55581,79.96402,0.0],[-80.560636,79.964604,0.0],[-80.544275,79.967301,0.0],[-80.540341,79.968004,0.0],[-80.540417,79.969054,0.0],[-80.540369,79.969347,0.0],[-80.521927,79.969256,0.0],[-80.525026,79.968229,0.0],[-80.524991,79.967736,0.0],[-80.511141,79.968209,0.0],[-80.500297,79.968457,0.0],[-80.497229,79.968726,0.0],[-80.486441,79.969449,0.0],[-80.475521,79.969894,0.0],[-80.470917,79.970298,0.0],[-80.467239,79.9705,0.0]]]}},{"type":"Feature","properties":{"rgi_id":"RGI2000-v7.0-G-03-03259","o1region":"03"},"geometry":{"type":"Polygon","coordinates":[[[-80.508531,79.975103,0.0],[-80.51173,79.974045,0.0],[-80.510782,79.973344,0.0],[-80.508114,79.972707,0.0],[-80.502867,79.972166,0.0],[-80.500076,79.971722,0.0],[-80.500569,79.971391,0.0],[-80.504315,79.97122,0.0],[-80.508612,79.971499,0.0],[-80.513092,79.971927,0.0],[-80.516345,79.972088,0.0],[-80.518554,79.97257,0.0],[-80.52027,79.973383,0.0],[-80.522661,79.974453,0.0],[-80.522783,79.974699,0.0],[-80.519741,79.975078,0.0],[-80.516329,79.975596,0.0],[-80.513409,79.976221,0.0],[-80.511624,79.97682,0.0],[-80.508119,79.977482,0.0],[-80.505445,79.977723,0.0],[-80.504094,79.977647,0.0],[-80.502469,79.977129,0.0],[-80.503854,79.976717,0.0],[-80.508531,79.975103,0.0]]]}},{"type":"Feature","properties":{"rgi_id":"RGI2000-v7.0-G-03-03260","o1region":"03"},"geometry":{"type":"Polygon","coordinates":[[[-80.579485,79.981887,0.0],[-80.575643,79.981764,0.0],[-80.574475,79.981401,0.0],[-80.573461,79.981235,0.0],[-80.573553,79.981091,0.0],[-80.573737,79.980363,0.0],[-80.575579,79.979668,0.0],[-80.577391,79.979021,0.0],[-80.576254,79.978609,0.0],[-80.572659,79.978102,0.0],[-80.569463,79.977407,0.0],[-80.568142,79.976845,0.0],[-80.564763,79.976,0.0],[-80.560893,79.975487,0.0],[-80.556839,79.975262,0.0],[-80.553431,79.974904,0.0],[-80.555089,79.974498,0.0],[-80.558437,79.974514,0.0],[-80.561723,79.974626,0.0],[-80.565101,79.974594,0.0],[-80.570106,79.974204,0.0],[-80.573822,79.97408,0.0],[-80.579074,79.97462,0.0],[-80.582114,79.974679,0.0],[-80.585062,79.974443,0.0],[-80.586627,79.974181,0.0],[-80.593291,79.974261,0.0],[-80.598268,79.974795,0.0],[-80.601342,79.975683,0.0],[-80.601529,79.976271,0.0],[-80.600425,79.976688,0.0],[-80.598952,79.977244,0.0],[-80.597973,79.978346,0.0],[-80.596042,79.979624,0.0],[-80.593985,79.980218,0.0],[-80.58643,79.981534,0.0],[-80.579485,79.981887,0.0]]]}},{"type":"Feature","properties":{"rgi_id":"RGI2000-v7.0-G-03-03261","o1region":"03"},"geometry":{"type":"Polygon","coordinates":[[[-80.651884,79.988292,0.0],[-80.652737,79.987383,0.0],[-80.647865,79.98578,0.0],[-80.647278,79.985379,0.0],[-80.646596,79.984684,0.0],[-80.642377,79.983824,0.0],[-80.63847,79.98336,0.0],[-80.635424,79.982863,0.0],[-80.632405,79.98188,0.0],[-80.630341,79.981159,0.0],[-80.628737,79.980154,0.0],[-80.626734,79.979336,0.0],[-80.625595,79.978925,0.0],[-80.626297,79.978256,0.0],[-80.632162,79.977832,0.0],[-80.63548,79.977896,0.0],[-80.638121,79.977703,0.0],[-80.641068,79.977467,0.0],[-80.644969,79.977493,0.0],[-80.648477,79.978144,0.0],[-80.649556,79.978652,0.0],[-80.654451,79.979768,0.0],[-80.657066,79.980061,0.0],[-80.660597,79.979788,0.0],[-80.662684,79.979584,0.0],[-80.667049,79.979764,0.0],[-80.669543,79.98025,0.0],[-80.670563,79.980854,0.0],[-80.674536,79.98166,0.0],[-80.677338,79.982103,0.0],[-80.677715,79.982841,0.0],[-80.675848,79.983585,0.0],[-80.671919,79.984046,0.0],[-80.667622,79.984646,0.0],[-80.666887,79.984924,0.0],[-80.664159,79.985701,0.0],[-80.663026,79.986166,0.0],[-80.662048,79.98683,0.0],[-80.660517,79.987482,0.0],[-80.65877,79.988034,0.0],[-80.656071,79.988762,0.0],[-80.654198,79.989067,0.0],[-80.652324,79.989372,0.0],[-80.651156,79.989447,0.0],[-80.651884,79.988292,0.0]]]}},{"type":"Feature","properties":{"rgi_id":"RGI2000-v7.0-G-03-03262","o1region":"03"},"geometry":{"type":"Polygon","coordinates":[[[-80.560274,79.998811,0.0],[-80.56169,79.99879,0.0],[-80.563691,79.998293,0.0],[-80.564091,79.997667,0.0],[-80.562921,79.997303,0.0],[-80.560982,79.996827,0.0],[-80.559074,79.996303,0.0],[-80.562521,79.995737,0.0],[-80.565752,79.995507,0.0],[-80.569014,79.995667,0.0],[-80.570522,79.99594,0.0],[-80.572708,79.996907,0.0],[-80.571693,79.997619,0.0],[-80.568708,79.998341,0.0],[-80.5668,79.999132,0.0],[-80.56563,79.999645,0.0],[-80.563906,80.000148,0.0],[-80.562798,80.000565,0.0],[-80.561043,80.000239,0.0],[-80.560335,80.00003,0.0],[-80.558611,79.999656,0.0],[-80.558242,79.999357,0.0],[-80.560274,79.998811,0.0]]]}},{"type":"Feature","properties":{"rgi_id":"RGI2000-v7.0-G-03-03263","o1region":"03"},"geometry":{"type":"Polygon","coordinates":[[[-80.483162,79.990979,0.0],[-80.47818,79.990881,0.0],[-80.472832,79.990484,0.0],[-80.472005,79.99003,0.0],[-80.472625,79.989506,0.0],[-80.474504,79.989201,0.0],[-80.476905,79.988956,0.0],[-80.486653,79.989049,0.0],[-80.491727,79.989002,0.0],[-80.496,79.989329,0.0],[-80.499103,79.989731,0.0],[-80.501654,79.990122,0.0],[-80.506235,79.990406,0.0],[-80.507585,79.99092,0.0],[-80.502445,79.991502,0.0],[-80.496996,79.992126,0.0],[-80.491429,79.992066,0.0],[-80.488878,79.991675,0.0],[-80.483162,79.990979,0.0]]]}},{"type":"Feature","properties":{"rgi_id":"RGI2000-v7.0-G-03-03264","o1region":"03"},"geometry":{"type":"Polygon","coordinates":[[[-80.323497,79.989192,0.0],[-80.318826,79.989836,0.0],[-80.312962,79.989719,0.0],[-80.305424,79.989567,0.0],[-80.288576,79.989376,0.0],[-80.284994,79.988308,0.0],[-80.28499387068942,79.98830802288798,0.0],[-80.28008,79.986843,0.0],[-80.273323,79.985526,0.0],[-80.266372,79.9845,0.0],[-80.261291,79.983217,0.0],[-80.251037,79.980795,0.0],[-80.244677,79.978895,0.0],[-80.245653,79.977439,0.0],[-80.244314,79.975641,0.0],[-80.247157,79.973928,0.0],[-80.252313,79.972556,0.0],[-80.256533,79.971314,0.0],[-80.257298,79.970631,0.0],[-80.262143,79.970801,0.0],[-80.266801,79.969117,0.0],[-80.271141,79.968575,0.0],[-80.276031,79.968757,0.0],[-80.289308,79.969173,0.0],[-80.298951,79.969958,0.0],[-80.307021,79.970563,0.0],[-80.317215,79.971801,0.0],[-80.328632,79.972473,0.0],[-80.338859,79.972383,0.0],[-80.349374,79.971855,0.0],[-80.357763,79.970695,0.0],[-80.359462,79.969401,0.0],[-80.360753,79.968617,0.0],[-80.364549,79.968225,0.0],[-80.367663,79.968512,0.0],[-80.371476,79.968506,0.0],[-80.376803,79.968535,0.0],[-80.381523,79.967964,0.0],[-80.377795,79.966669,0.0],[-80.384825,79.966388,0.0],[-80.39075,79.967486,0.0],[-80.397012,79.967475,0.0],[-80.396918,79.968013,0.0],[-80.399049,79.968752,0.0],[-80.404599,79.967766,0.0],[-80.411045,79.967511,0.0],[-80.420703,79.968399,0.0],[-80.418485,79.969131,0.0],[-80.416941,79.969671,0.0],[-80.411589,79.969964,0.0],[-80.407233,79.971096,0.0],[-80.409435,79.972255,0.0],[-80.420294,79.972643,0.0],[-80.424541,79.972636,0.0],[-80.429864,79.969871,0.0],[-80.433971,79.970249,0.0],[-80.439545,79.970238,0.0],[-80.435456,79.969165,0.0],[-80.43397,79.9687,0.0],[-80.439866,79.968041,0.0],[-80.439954,79.968048,0.0],[-80.45128,79.968861,0.0],[-80.458145,79.970029,0.0],[-80.467239,79.9705,0.0],[-80.464874,79.970629,0.0],[-80.474436,79.972259,0.0],[-80.483112,79.973269,0.0],[-80.484611,79.973545,0.0],[-80.490768,79.974593,0.0],[-80.490667,79.975199,0.0],[-80.486827,79.975831,0.0],[-80.486118,79.974886,0.0],[-80.484429,79.974599,0.0],[-80.475322,79.974068,0.0],[-80.473298,79.973695,0.0],[-80.467627,79.974205,0.0],[-80.473826,79.975829,0.0],[-80.479883,79.976352,0.0],[-80.492092,79.977994,0.0],[-80.496751,79.978397,0.0],[-80.507453,79.980031,0.0],[-80.511391,79.980022,0.0],[-80.515111,79.981385,0.0],[-80.51918,79.982788,0.0],[-80.512272,79.983359,0.0],[-80.476368,79.983741,0.0],[-80.467114,79.984001,0.0],[-80.451617,79.984239,0.0],[-80.438805,79.984543,0.0],[-80.433826,79.985427,0.0],[-80.429688,79.986105,0.0],[-80.419001,79.986049,0.0],[-80.419162,79.985128,0.0],[-80.419128,79.984566,0.0],[-80.399049,79.98504,0.0],[-80.392835,79.985756,0.0],[-80.389127,79.986061,0.0],[-80.372424,79.98902,0.0],[-80.372452,79.989518,0.0],[-80.368491,79.989483,0.0],[-80.365012,79.989256,0.0],[-80.361543,79.988556,0.0],[-80.358074,79.987856,0.0],[-80.3544,79.987467,0.0],[-80.352013,79.987419,0.0],[-80.35197,79.987419,0.0],[-80.34759,79.985181,0.0],[-80.348345,79.986342,0.0],[-80.347763,79.987087,0.0],[-80.340593,79.987596,0.0],[-80.335666,79.98748,0.0],[-80.329366,79.988336,0.0],[-80.324408,79.988687,0.0],[-80.324669,79.98909,0.0],[-80.323497,79.989192,0.0]],[[-80.307424,79.985449,0.0],[-80.308404,79.984799,0.0],[-80.308922,79.984067,0.0],[-80.307552,79.983576,0.0],[-80.30476,79.983326,0.0],[-80.300509,79.983887,0.0],[-80.299556,79.984129,0.0],[-80.302754,79.985276,0.0],[-80.307424,79.985449,0.0]]]}},{"type":"Feature","properties":{"rgi_id":"RGI2000-v7.0-G-03-03265","o1region":"03"},"geometry":{"type":"Polygon","coordinates":[[[-80.360753,79.968617,0.0],[-80.359462,79.969401,0.0],[-80.357763,79.970695,0.0],[-80.349374,79.971855,0.0],[-80.338859,79.972383,0.0],[-80.328632,79.972473,0.0],[-80.317215,79.971801,0.0],[-80.307021,79.970563,0.0],[-80.298951,79.969958,0.0],[-80.289308,79.969173,0.0],[-80.276031,79.968757,0.0],[-80.271141,79.968575,0.0],[-80.271512,79.968528,0.0],[-80.283644,79.967406,0.0],[-80.285642,79.966762,0.0],[-80.286099,79.966076,0.0],[-80.299926,79.96541,0.0],[-80.306144,79.96516,0.0],[-80.309211,79.96497,0.0],[-80.301898,79.963248,0.0],[-80.310111,79.963295,0.0],[-80.313967,79.963289,0.0],[-80.315586,79.963298,0.0],[-80.318505,79.964379,0.0],[-80.324238,79.964654,0.0],[-80.332438,79.963595,0.0],[-80.337112,79.963341,0.0],[-80.357881,79.960141,0.0],[-80.362672,79.960167,0.0],[-80.365603,79.964142,0.0],[-80.359185,79.965754,0.0],[-80.353327,79.968411,0.0],[-80.354291,79.969283,0.0],[-80.360753,79.968617,0.0]]]}},{"type":"Feature","properties":{"rgi_id":"RGI2000-v7.0-G-03-03266","o1region":"03"},"geometry":{"type":"Polygon","coordinates":[[[-80.225319,80.039964,0.0],[-80.224252,80.039454,0.0],[-80.21331,80.037889,0.0],[-80.192663,80.035026,0.0],[-80.187544,80.033212,0.0],[-80.183819,80.031426,0.0],[-80.182592,80.029079,0.0],[-80.183575,80.027634,0.0],[-80.194132,80.026627,0.0],[-80.198017,80.024019,0.0],[-80.202392,80.022764,0.0],[-80.214577,80.021424,0.0],[-80.219275,80.019687,0.0],[-80.21322,80.01822,0.0],[-80.198664,80.016824,0.0],[-80.180187,80.017058,0.0],[-80.171888,80.017866,0.0],[-80.16281,80.01878,0.0],[-80.147886,80.018963,0.0],[-80.124952,80.018491,0.0],[-80.114247,80.01766,0.0],[-80.099623,80.016381,0.0],[-80.102304,80.013504,0.0],[-80.10624,80.011874,0.0],[-80.111117,80.009898,0.0],[-80.108273,80.007884,0.0],[-80.094078,80.006003,0.0],[-80.080499,80.004255,0.0],[-80.065538,80.002478,0.0],[-80.051358,80.000594,0.0],[-80.044285,79.998614,0.0],[-80.045924,79.995226,0.0],[-80.043974,79.993466,0.0],[-80.058998,79.994023,0.0],[-80.06818,79.993695,0.0],[-80.079675,79.992896,0.0],[-80.089513,79.990161,0.0],[-80.089235,79.989117,0.0],[-80.091898,79.988135,0.0],[-80.108567,79.988481,0.0],[-80.114218,79.988943,0.0],[-80.126151,79.9904,0.0],[-80.134797,79.992308,0.0],[-80.145524,79.994085,0.0],[-80.156951,79.994838,0.0],[-80.164685,79.99517,0.0],[-80.178309,79.995622,0.0],[-80.187835,79.994779,0.0],[-80.206245,79.992562,0.0],[-80.220964,79.992862,0.0],[-80.229451,79.993553,0.0],[-80.238054,79.994073,0.0],[-80.248031,79.992547,0.0],[-80.25328,79.992135,0.0],[-80.264302,79.992012,0.0],[-80.270418,79.99179,0.0],[-80.276235,79.990524,0.0],[-80.278994,79.98937,0.0],[-80.284994,79.988308,0.0],[-80.288576,79.989376,0.0],[-80.305424,79.989567,0.0],[-80.312962,79.989719,0.0],[-80.318826,79.989836,0.0],[-80.323497,79.989192,0.0],[-80.324669,79.98909,0.0],[-80.324739,79.989198,0.0],[-80.330317,79.989089,0.0],[-80.336829,79.988441,0.0],[-80.35251,79.987694,0.0],[-80.35197,79.987419,0.0],[-80.352013,79.987419,0.0],[-80.3544,79.987467,0.0],[-80.358074,79.987856,0.0],[-80.361543,79.988556,0.0],[-80.365012,79.989256,0.0],[-80.368491,79.989483,0.0],[-80.372452,79.989518,0.0],[-80.372492,79.990236,0.0],[-80.383454,79.989486,0.0],[-80.388127,79.989511,0.0],[-80.392531,79.990325,0.0],[-80.40451,79.990856,0.0],[-80.409491,79.991162,0.0],[-80.421115,79.991465,0.0],[-80.430978,79.991446,0.0],[-80.436091,79.991915,0.0],[-80.438941,79.990918,0.0],[-80.442167,79.99039,0.0],[-80.448662,79.990424,0.0],[-80.451215,79.991685,0.0],[-80.442568,79.991155,0.0],[-80.440387,79.992301,0.0],[-80.445146,79.992292,0.0],[-80.449622,79.993117,0.0],[-80.453141,79.99311,0.0],[-80.455879,79.991235,0.0],[-80.457485,79.990705,0.0],[-80.45906,79.990154,0.0],[-80.466716,79.991542,0.0],[-80.472821,79.99258,0.0],[-80.474959,79.994579,0.0],[-80.489616,79.995842,0.0],[-80.492304,79.996337,0.0],[-80.494874,79.998239,0.0],[-80.501358,79.997671,0.0],[-80.503577,79.996147,0.0],[-80.505695,79.995447,0.0],[-80.511328,79.995816,0.0],[-80.505009,79.997238,0.0],[-80.505173,79.999628,0.0],[-80.497583,80.000873,0.0],[-80.500499,80.001877,0.0],[-80.514908,80.002509,0.0],[-80.517259,80.001247,0.0],[-80.511091,80.000201,0.0],[-80.51484,79.998633,0.0],[-80.520758,79.996677,0.0],[-80.531756,79.995769,0.0],[-80.537663,79.996477,0.0],[-80.537614,79.995795,0.0],[-80.537706,79.99523,0.0],[-80.546926,79.995481,0.0],[-80.539989,80.000034,0.0],[-80.528688,80.002334,0.0],[-80.531311,80.003236,0.0],[-80.549246,80.003769,0.0],[-80.559752,80.00316,0.0],[-80.565244,80.002677,0.0],[-80.56515,80.001412,0.0],[-80.571397,80.002159,0.0],[-80.57422,80.002426,0.0],[-80.596516,80.000725,0.0],[-80.601028,80.001136,0.0],[-80.608251,80.001119,0.0],[-80.622044,79.999688,0.0],[-80.638101,79.996821,0.0],[-80.630429,79.995524,0.0],[-80.630593,79.994459,0.0],[-80.628201,79.993219,0.0],[-80.631123,79.991765,0.0],[-80.638672,79.990917,0.0],[-80.647732,79.990958,0.0],[-80.64761,79.991764,0.0],[-80.651596,79.992799,0.0],[-80.660872,79.993593,0.0],[-80.670287,79.992762,0.0],[-80.683191,79.992337,0.0],[-80.69401,79.991535,0.0],[-80.707973,79.991015,0.0],[-80.716195,79.990444,0.0],[-80.725011,79.989955,0.0],[-80.729626,79.989684,0.0],[-80.738732,79.989178,0.0],[-80.742015,79.988888,0.0],[-80.745144,79.988627,0.0],[-80.753299,79.987904,0.0],[-80.773256,79.987295,0.0],[-80.785842,79.986555,0.0],[-80.793062,79.987394,0.0],[-80.786533,79.990673,0.0],[-80.762165,79.99471,0.0],[-80.760439,79.995663,0.0],[-80.74054,79.996687,0.0],[-80.714376,79.999276,0.0],[-80.702931,80.000973,0.0],[-80.699902,80.002566,0.0],[-80.698307,80.003097,0.0],[-80.696718,80.004204,0.0],[-80.690521,80.005226,0.0],[-80.688725,80.006476,0.0],[-80.684029,80.006866,0.0],[-80.679617,80.007654,0.0],[-80.674754,80.007923,0.0],[-80.668896,80.008969,0.0],[-80.663787,80.009543,0.0],[-80.654723,80.010044,0.0],[-80.648936,80.010381,0.0],[-80.639205,80.011645,0.0],[-80.634819,80.012009,0.0],[-80.632958,80.012983,0.0],[-80.629242,80.014828,0.0],[-80.620948,80.017288,0.0],[-80.618504,80.019386,0.0],[-80.615504,80.018838,0.0],[-80.61233,80.017684,0.0],[-80.612893,80.014071,0.0],[-80.611165,80.01348,0.0],[-80.606455,80.013491,0.0],[-80.601882,80.015098,0.0],[-80.598594,80.015926,0.0],[-80.598718,80.01751,0.0],[-80.598626,80.018095,0.0],[-80.593918,80.019652,0.0],[-80.590792,80.021035,0.0],[-80.593831,80.022609,0.0],[-80.595308,80.023691,0.0],[-80.600471,80.024133,0.0],[-80.59081,80.026099,0.0],[-80.588947,80.027997,0.0],[-80.584313,80.028757,0.0],[-80.581127,80.029736,0.0],[-80.585735,80.030931,0.0],[-80.588574,80.031963,0.0],[-80.592852,80.032113,0.0],[-80.588535,80.032711,0.0],[-80.57685,80.033341,0.0],[-80.567408,80.03377,0.0],[-80.554017,80.033757,0.0],[-80.54109,80.034118,0.0],[-80.529322,80.034867,0.0],[-80.519487,80.035898,0.0],[-80.508334,80.036781,0.0],[-80.498189,80.037194,0.0],[-80.489749,80.037152,0.0],[-80.477365,80.036667,0.0],[-80.468005,80.035874,0.0],[-80.457421,80.033714,0.0],[-80.452243,80.033002,0.0],[-80.428171,80.03314,0.0],[-80.414545,80.033483,0.0],[-80.395108,80.034077,0.0],[-80.378454,80.034724,0.0],[-80.353304,80.034348,0.0],[-80.336512,80.034136,0.0],[-80.326068,80.033928,0.0],[-80.3246,80.033822,0.0],[-80.326294,80.032895,0.0],[-80.31703,80.032115,0.0],[-80.312802,80.031717,0.0],[-80.309642,80.030521,0.0],[-80.303262,80.02913,0.0],[-80.301807,80.028579,0.0],[-80.299452,80.027786,0.0],[-80.280892,80.0276,0.0],[-80.280136,80.027738,0.0],[-80.276751,80.028006,0.0],[-80.273871,80.028531,0.0],[-80.27166,80.028877,0.0],[-80.260832,80.029733,0.0],[-80.26236,80.030108,0.0],[-80.266615,80.029816,0.0],[-80.265239,80.030999,0.0],[-80.262179,80.032403,0.0],[-80.257435,80.033162,0.0],[-80.253711,80.033453,0.0],[-80.248676,80.033596,0.0],[-80.243234,80.034341,0.0],[-80.240333,80.035504,0.0],[-80.239195,80.037191,0.0],[-80.23736,80.038864,0.0],[-80.235071,80.040162,0.0],[-80.233451,80.040421,0.0],[-80.231493,80.039916,0.0],[-80.228761,80.039581,0.0],[-80.226423,80.040175,0.0],[-80.225319,80.039964,0.0]],[[-80.425742,80.023215,0.0],[-80.422718,80.022228,0.0],[-80.426088,80.021178,0.0],[-80.421619,80.020472,0.0],[-80.422039,80.019425,0.0],[-80.418833,80.018918,0.0],[-80.410965,80.018586,0.0],[-80.409534,80.018031,0.0],[-80.394541,80.015043,0.0],[-80.392294,80.015063,0.0],[-80.392621,80.016216,0.0],[-80.396158,80.017373,0.0],[-80.389309,80.017726,0.0],[-80.38778,80.018814,0.0],[-80.382977,80.019865,0.0],[-80.37958,80.021702,0.0],[-80.381507,80.022281,0.0],[-80.384478,80.020674,0.0],[-80.387154,80.020157,0.0],[-80.394435,80.021058,0.0],[-80.390616,80.022246,0.0],[-80.388806,80.025249,0.0],[-80.390228,80.025792,0.0],[-80.399763,80.024465,0.0],[-80.411685,80.024101,0.0],[-80.413,80.024361,0.0],[-80.425742,80.023215,0.0]],[[-80.409469,80.024463,0.0],[-80.412117,80.024709,0.0],[-80.413,80.024361,0.0],[-80.409469,80.024463,0.0]],[[-80.507852,80.014305,0.0],[-80.515101,80.012548,0.0],[-80.519558,80.011939,0.0],[-80.522206,80.010873,0.0],[-80.527917,80.009343,0.0],[-80.519556,80.009079,0.0],[-80.51464,80.007995,0.0],[-80.497475,80.007536,0.0],[-80.492312,80.006869,0.0],[-80.489056,80.006625,0.0],[-80.48461,80.006051,0.0],[-80.478257,80.005802,0.0],[-80.475346,80.005499,0.0],[-80.469847,80.005371,0.0],[-80.469151,80.005519,0.0],[-80.459327,80.005752,0.0],[-80.456064,80.006445,0.0],[-80.457245,80.008228,0.0],[-80.446522,80.009334,0.0],[-80.440715,80.009199,0.0],[-80.441217,80.008551,0.0],[-80.440897,80.008066,0.0],[-80.43597,80.008165,0.0],[-80.433327,80.009224,0.0],[-80.430187,80.009996,0.0],[-80.422349,80.008886,0.0],[-80.420804,80.010607,0.0],[-80.417559,80.011049,0.0],[-80.41616,80.011412,0.0],[-80.420903,80.011318,0.0],[-80.423711,80.011856,0.0],[-80.415917,80.012659,0.0],[-80.412952,80.013299,0.0],[-80.41688,80.013855,0.0],[-80.420283,80.014608,0.0],[-80.425567,80.015356,0.0],[-80.428945,80.014003,0.0],[-80.431883,80.014072,0.0],[-80.43128,80.01485,0.0],[-80.431564,80.01528,0.0],[-80.437042,80.014734,0.0],[-80.439159,80.016066,0.0],[-80.450441,80.01648,0.0],[-80.455023,80.014391,0.0],[-80.460952,80.014108,0.0],[-80.463896,80.013814,0.0],[-80.467647,80.013547,0.0],[-80.47153,80.012721,0.0],[-80.476443,80.012051,0.0],[-80.487141,80.012299,0.0],[-80.497285,80.011037,0.0],[-80.502763,80.011346,0.0],[-80.493646,80.01259,0.0],[-80.491066,80.014575,0.0],[-80.496194,80.015477,0.0],[-80.502599,80.01468,0.0],[-80.507852,80.014305,0.0]]]}},{"type":"Feature","properties":{"rgi_id":"RGI2000-v7.0-G-03-03267","o1region":"03"},"geometry":{"type":"Polygon","coordinates":[[[-80.087557,80.157214,0.0],[-80.075199,80.155686,0.0],[-80.042493,80.155525,0.0],[-80.013311,80.15671,0.0],[-79.994774,80.157602,0.0],[-79.959737,80.160702,0.0],[-79.948722,80.161494,0.0],[-79.920983,80.162701,0.0],[-79.905009,80.164153,0.0],[-79.876917,80.167902,0.0],[-79.847877,80.170863,0.0],[-79.804089,80.171467,0.0],[-79.767288,80.170683,0.0],[-79.742272,80.168106,0.0],[-79.719851,80.164051,0.0],[-79.704614,80.160404,0.0],[-79.688476,80.155971,0.0],[-79.669043,80.151976,0.0],[-79.651279,80.14776,0.0],[-79.638494,80.142886,0.0],[-79.62513,80.140807,0.0],[-79.616921,80.137819,0.0],[-79.617701,80.134772,0.0],[-79.625278,80.130597,0.0],[-79.637029,80.128811,0.0],[-79.638521,80.126801,0.0],[-79.633436,80.123626,0.0],[-79.635328,80.119072,0.0],[-79.63171,80.115929,0.0],[-79.620563,80.114919,0.0],[-79.596322,80.109535,0.0],[-79.580877,80.104343,0.0],[-79.581703,80.099254,0.0],[-79.580093,80.097431,0.0],[-79.585635,80.093979,0.0],[-79.602138,80.089746,0.0],[-79.621391,80.086296,0.0],[-79.634888,80.083572,0.0],[-79.660634,80.080816,0.0],[-79.676529,80.077334,0.0],[-79.686584,80.073724,0.0],[-79.692076,80.070269,0.0],[-79.702853,80.065653,0.0],[-79.708702,80.061696,0.0],[-79.703076,80.059276,0.0],[-79.685244,80.059398,0.0],[-79.6636,80.058669,0.0],[-79.649072,80.056308,0.0],[-79.639127,80.051749,0.0],[-79.631356,80.048259,0.0],[-79.631624,80.041882,0.0],[-79.614378,80.041246,0.0],[-79.602387,80.041492,0.0],[-79.595717,80.038535,0.0],[-79.597575,80.036023,0.0],[-79.589459,80.033034,0.0],[-79.574055,80.031926,0.0],[-79.544521,80.029991,0.0],[-79.523138,80.029003,0.0],[-79.497972,80.027161,0.0],[-79.484791,80.025077,0.0],[-79.473064,80.023025,0.0],[-79.446728,80.018854,0.0],[-79.429792,80.015916,0.0],[-79.419345,80.014146,0.0],[-79.39972,80.010889,0.0],[-79.390617,80.00736,0.0],[-79.378246,80.004268,0.0],[-79.359035,80.000506,0.0],[-79.349382,79.99773,0.0],[-79.34137,79.994735,0.0],[-79.333171,79.991992,0.0],[-79.315737,79.989801,0.0],[-79.304953,79.98853,0.0],[-79.2886304936974,79.98454036509756,0.0],[-79.290583,79.984295,0.0],[-79.321978,79.980773,0.0],[-79.331183,79.980395,0.0],[-79.350678,79.979884,0.0],[-79.375814,79.979205,0.0],[-79.391658,79.97846,0.0],[-79.400277,79.978288,0.0],[-79.410653,79.978599,0.0],[-79.423842,79.979122,0.0],[-79.440534,79.979502,0.0],[-79.451765,79.97924,0.0],[-79.461708,79.978431,0.0],[-79.47114,79.977168,0.0],[-79.480753,79.976795,0.0],[-79.502211,79.976467,0.0],[-79.518808,79.976398,0.0],[-79.539241,79.975159,0.0],[-79.560461,79.973419,0.0],[-79.571395,79.971817,0.0],[-79.586604,79.970163,0.0],[-79.604931,79.968874,0.0],[-79.617291,79.968779,0.0],[-79.636354,79.970532,0.0],[-79.653597,79.972464,0.0],[-79.677877,79.975805,0.0],[-79.690228,79.978071,0.0],[-79.699762,79.980716,0.0],[-79.712962,79.982408,0.0],[-79.728782,79.982829,0.0],[-79.747062,79.981604,0.0],[-79.762622,79.979433,0.0],[-79.792931,79.977248,0.0],[-79.805213,79.976536,0.0],[-79.821081,79.975668,0.0],[-79.835892,79.974777,0.0],[-79.850148,79.974665,0.0],[-79.857095,79.974674,0.0],[-79.871347,79.974189,0.0],[-79.881719,79.974271,0.0],[-79.889064,79.974429,0.0],[-79.904146,79.974704,0.0],[-79.915519,79.975645,0.0],[-79.920807,79.976875,0.0],[-79.931212,79.97882,0.0],[-79.945106,79.978463,0.0],[-79.958066,79.977527,0.0],[-79.96102743836168,79.97716509143595,0.0],[-79.975577,79.97809,0.0],[-80.004313,79.982501,0.0],[-80.003905,79.985952,0.0],[-80.003463,79.988018,0.0],[-80.014433,79.990843,0.0],[-80.037653,79.993231,0.0],[-80.043974,79.993466,0.0],[-80.045924,79.995226,0.0],[-80.044285,79.998614,0.0],[-80.051358,80.000594,0.0],[-80.065538,80.002478,0.0],[-80.080499,80.004255,0.0],[-80.094078,80.006003,0.0],[-80.108273,80.007884,0.0],[-80.111117,80.009898,0.0],[-80.10624,80.011874,0.0],[-80.102304,80.013504,0.0],[-80.099623,80.016381,0.0],[-80.114247,80.01766,0.0],[-80.124952,80.018491,0.0],[-80.147886,80.018963,0.0],[-80.16281,80.01878,0.0],[-80.171888,80.017866,0.0],[-80.180187,80.017058,0.0],[-80.198664,80.016824,0.0],[-80.21322,80.01822,0.0],[-80.219275,80.019687,0.0],[-80.214577,80.021424,0.0],[-80.202392,80.022764,0.0],[-80.198017,80.024019,0.0],[-80.194132,80.026627,0.0],[-80.183575,80.027634,0.0],[-80.182592,80.029079,0.0],[-80.183819,80.031426,0.0],[-80.187544,80.033212,0.0],[-80.192663,80.035026,0.0],[-80.21331,80.037889,0.0],[-80.224252,80.039454,0.0],[-80.225319,80.039964,0.0],[-80.226423,80.040175,0.0],[-80.223974,80.040798,0.0],[-80.2264,80.041835,0.0],[-80.227596,80.043897,0.0],[-80.234746,80.043637,0.0],[-80.23708,80.0426,0.0],[-80.241176,80.042769,0.0],[-80.246348,80.041468,0.0],[-80.235557,80.040963,0.0],[-80.233451,80.040421,0.0],[-80.235071,80.040162,0.0],[-80.23736,80.038864,0.0],[-80.239195,80.037191,0.0],[-80.240333,80.035504,0.0],[-80.243234,80.034341,0.0],[-80.248676,80.033596,0.0],[-80.253711,80.033453,0.0],[-80.257435,80.033162,0.0],[-80.262179,80.032403,0.0],[-80.265239,80.030999,0.0],[-80.266615,80.029816,0.0],[-80.274763,80.029257,0.0],[-80.281707,80.029913,0.0],[-80.284784,80.031078,0.0],[-80.292198,80.032297,0.0],[-80.293649,80.033411,0.0],[-80.298516,80.034211,0.0],[-80.304052,80.033201,0.0],[-80.306218,80.0353,0.0],[-80.309173,80.034761,0.0],[-80.32394,80.034183,0.0],[-80.3246,80.033822,0.0],[-80.326068,80.033928,0.0],[-80.336512,80.034136,0.0],[-80.353304,80.034348,0.0],[-80.378454,80.034724,0.0],[-80.395108,80.034077,0.0],[-80.414545,80.033483,0.0],[-80.428171,80.03314,0.0],[-80.452243,80.033002,0.0],[-80.457421,80.033714,0.0],[-80.468005,80.035874,0.0],[-80.477365,80.036667,0.0],[-80.489749,80.037152,0.0],[-80.498189,80.037194,0.0],[-80.508334,80.036781,0.0],[-80.519487,80.035898,0.0],[-80.529322,80.034867,0.0],[-80.54109,80.034118,0.0],[-80.554017,80.033757,0.0],[-80.567408,80.03377,0.0],[-80.57685,80.033341,0.0],[-80.588535,80.032711,0.0],[-80.592852,80.032113,0.0],[-80.607617,80.03263,0.0],[-80.610493,80.033674,0.0],[-80.614991,80.034432,0.0],[-80.618903,80.035479,0.0],[-80.625612,80.036052,0.0],[-80.642417,80.033987,0.0],[-80.647737,80.033695,0.0],[-80.660192,80.031821,0.0],[-80.664889,80.031562,0.0],[-80.671095,80.030756,0.0],[-80.6758,80.030229,0.0],[-80.683905,80.02975,0.0],[-80.692854,80.029717,0.0],[-80.69207,80.031968,0.0],[-80.688107,80.03277,0.0],[-80.681403,80.032919,0.0],[-80.677369,80.034046,0.0],[-80.675574,80.036185,0.0],[-80.670868,80.037745,0.0],[-80.66931,80.038823,0.0],[-80.664028,80.040155,0.0],[-80.666124,80.041234,0.0],[-80.668409,80.042476,0.0],[-80.674934,80.043124,0.0],[-80.68419,80.041923,0.0],[-80.686942,80.040015,0.0],[-80.695698,80.039654,0.0],[-80.706589,80.038046,0.0],[-80.709964,80.037766,0.0],[-80.71604,80.036683,0.0],[-80.715923,80.035387,0.0],[-80.717585,80.034835,0.0],[-80.717561,80.034564,0.0],[-80.717602,80.034279,0.0],[-80.730357,80.032658,0.0],[-80.74271,80.032711,0.0],[-80.748653,80.033247,0.0],[-80.756442,80.033516,0.0],[-80.761057,80.034062,0.0],[-80.76884,80.0346,0.0],[-80.772865,80.035686,0.0],[-80.780979,80.033824,0.0],[-80.784642,80.03352,0.0],[-80.792126,80.033551,0.0],[-80.798696,80.032375,0.0],[-80.810826,80.033292,0.0],[-80.810752,80.033836,0.0],[-80.806097,80.033817,0.0],[-80.801457,80.034383,0.0],[-80.80704,80.035318,0.0],[-80.809131,80.037587,0.0],[-80.810736,80.03813,0.0],[-80.810591,80.039198,0.0],[-80.810676,80.040059,0.0],[-80.814228,80.042488,0.0],[-80.823232,80.043249,0.0],[-80.829802,80.043229,0.0],[-80.846597,80.041567,0.0],[-80.886138,80.041722,0.0],[-80.894537,80.040833,0.0],[-80.88752,80.040242,0.0],[-80.891788,80.039157,0.0],[-80.897658,80.039506,0.0],[-80.9025,80.039771,0.0],[-80.908537,80.039235,0.0],[-80.911678,80.038973,0.0],[-80.918797,80.03834,0.0],[-80.930222,80.037004,0.0],[-80.931721,80.034677,0.0],[-80.925688,80.035213,0.0],[-80.922548,80.035476,0.0],[-80.91941,80.035755,0.0],[-80.91103,80.034241,0.0],[-80.897482,80.033855,0.0],[-80.885001,80.033112,0.0],[-80.879102,80.034662,0.0],[-80.875785,80.035505,0.0],[-80.863371,80.035457,0.0],[-80.857178,80.034901,0.0],[-80.847941,80.03493,0.0],[-80.848086,80.033841,0.0],[-80.848019,80.033197,0.0],[-80.831183,80.032242,0.0],[-80.827683,80.031928,0.0],[-80.81408,80.031156,0.0],[-80.810841,80.030837,0.0],[-80.814045,80.029768,0.0],[-80.82611,80.03053,0.0],[-80.817029,80.028458,0.0],[-80.81711,80.027861,0.0],[-80.822554,80.0259,0.0],[-80.824653,80.025041,0.0],[-80.820245,80.024867,0.0],[-80.815149,80.025181,0.0],[-80.817543,80.023721,0.0],[-80.814932,80.022246,0.0],[-80.835028,80.022143,0.0],[-80.83692,80.022052,0.0],[-80.828742,80.023215,0.0],[-80.831685,80.023708,0.0],[-80.829537,80.024425,0.0],[-80.831453,80.024961,0.0],[-80.841766,80.023111,0.0],[-80.850099,80.022047,0.0],[-80.863043,80.021687,0.0],[-80.868372,80.021214,0.0],[-80.871842,80.020952,0.0],[-80.887042,80.021497,0.0],[-80.886939,80.022298,0.0],[-80.887,80.022869,0.0],[-80.882232,80.024465,0.0],[-80.882331,80.025399,0.0],[-80.886964,80.02579,0.0],[-80.888483,80.025945,0.0],[-80.883815,80.027133,0.0],[-80.882284,80.02797,0.0],[-80.885622,80.029097,0.0],[-80.892309,80.028704,0.0],[-80.896543,80.030222,0.0],[-80.910724,80.032048,0.0],[-80.922217,80.033017,0.0],[-80.930342,80.033872,0.0],[-80.936583,80.033054,0.0],[-80.941991,80.033074,0.0],[-80.948202,80.033053,0.0],[-80.955029,80.033078,0.0],[-80.959833,80.032794,0.0],[-80.966076,80.032531,0.0],[-80.974192,80.031962,0.0],[-80.984129,80.030797,0.0],[-80.975798,80.02941,0.0],[-80.9786,80.028469,0.0],[-80.990792,80.027445,0.0],[-81.000938,80.02597,0.0],[-81.011093,80.025275,0.0],[-81.018818,80.024195,0.0],[-81.026725,80.023124,0.0],[-81.036567,80.024279,0.0],[-81.040536,80.023924,0.0],[-81.048322,80.023659,0.0],[-81.06069,80.02177,0.0],[-81.065535,80.021219,0.0],[-81.06853,80.020677,0.0],[-81.068428,80.019861,0.0],[-81.062158,80.018819,0.0],[-81.062259,80.01791,0.0],[-81.069996,80.017473,0.0],[-81.075728,80.017132,0.0],[-81.090447,80.018442,0.0],[-81.098691,80.01795,0.0],[-81.120124,80.014067,0.0],[-81.124221,80.012594,0.0],[-81.128448,80.011887,0.0],[-81.136579,80.011539,0.0],[-81.144427,80.010983,0.0],[-81.151336,80.009144,0.0],[-81.156891,80.008842,0.0],[-81.164571,80.010221,0.0],[-81.167541,80.011794,0.0],[-81.170242,80.013131,0.0],[-81.183649,80.011355,0.0],[-81.196986,80.010434,0.0],[-81.200262,80.010138,0.0],[-81.209727,80.009599,0.0],[-81.219284,80.009627,0.0],[-81.226404,80.01101,0.0],[-81.221778,80.013385,0.0],[-81.2219,80.014256,0.0],[-81.225005,80.016324,0.0],[-81.226803,80.018494,0.0],[-81.233987,80.018463,0.0],[-81.246696,80.017115,0.0],[-81.251864,80.016819,0.0],[-81.262152,80.01589,0.0],[-81.267157,80.015465,0.0],[-81.279223,80.014944,0.0],[-81.282284,80.014667,0.0],[-81.286957,80.0144,0.0],[-81.290914,80.014042,0.0],[-81.29759,80.014818,0.0],[-81.306428,80.014018,0.0],[-81.330852,80.013167,0.0],[-81.338257,80.012719,0.0],[-81.353738,80.010525,0.0],[-81.359557,80.008411,0.0],[-81.365735,80.007065,0.0],[-81.371085,80.005796,0.0],[-81.387312,80.003054,0.0],[-81.398044,80.001652,0.0],[-81.410048,80.000048,0.0],[-81.42578,79.998472,0.0],[-81.431947,79.998116,0.0],[-81.442566,79.997352,0.0],[-81.45975,79.997004,0.0],[-81.464348,79.996723,0.0],[-81.472314,79.996448,0.0],[-81.481923,79.997005,0.0],[-81.490671,79.997771,0.0],[-81.496948,79.998289,0.0],[-81.501586,79.998825,0.0],[-81.506473,79.999371,0.0],[-81.516773,79.999319,0.0],[-81.523449,79.999605,0.0],[-81.528019,80.001203,0.0],[-81.538999,80.003331,0.0],[-81.54056,80.00414,0.0],[-81.546659,80.00567,0.0],[-81.548415,80.00622,0.0],[-81.540762,80.007897,0.0],[-81.536204,80.008985,0.0],[-81.52969,80.010503,0.0],[-81.506072,80.014281,0.0],[-81.501027,80.015207,0.0],[-81.493145,80.016035,0.0],[-81.488552,80.016584,0.0],[-81.48526,80.016867,0.0],[-81.470063,80.01903,0.0],[-81.465185,80.019449,0.0],[-81.450015,80.021477,0.0],[-81.445355,80.022015,0.0],[-81.419283,80.026233,0.0],[-81.408339,80.027169,0.0],[-81.400643,80.02799,0.0],[-81.397519,80.028258,0.0],[-81.394457,80.028535,0.0],[-81.383414,80.029305,0.0],[-81.369643,80.029902,0.0],[-81.360803,80.030437,0.0],[-81.351034,80.030861,0.0],[-81.343373,80.031554,0.0],[-81.337119,80.032087,0.0],[-81.330966,80.032905,0.0],[-81.324527,80.033454,0.0],[-81.320798,80.033444,0.0],[-81.325375,80.031885,0.0],[-81.321263,80.031544,0.0],[-81.303739,80.031623,0.0],[-81.290541,80.031588,0.0],[-81.287121,80.031603,0.0],[-81.274762,80.032162,0.0],[-81.258108,80.033929,0.0],[-81.246317,80.035325,0.0],[-81.214586,80.037833,0.0],[-81.211516,80.038109,0.0],[-81.19454,80.039368,0.0],[-81.183105,80.040879,0.0],[-81.174266,80.041888,0.0],[-81.166681,80.04289,0.0],[-81.144846,80.046077,0.0],[-81.124604,80.048985,0.0],[-81.08654,80.055855,0.0],[-81.077496,80.058495,0.0],[-81.067735,80.059498,0.0],[-81.062158,80.061124,0.0],[-81.055359,80.06286,0.0],[-81.046942,80.064778,0.0],[-81.042928,80.065836,0.0],[-81.039042,80.067539,0.0],[-81.036053,80.068542,0.0],[-81.034528,80.069085,0.0],[-81.03122,80.069928,0.0],[-81.0283,80.070967,0.0],[-81.026712,80.071499,0.0],[-81.023742,80.07308,0.0],[-81.016446,80.075524,0.0],[-81.011132,80.076876,0.0],[-81.009605,80.077419,0.0],[-81.004895,80.078489,0.0],[-81.003368,80.080203,0.0],[-81.012291,80.080701,0.0],[-81.015821,80.08236,0.0],[-80.998678,80.085785,0.0],[-80.990235,80.087181,0.0],[-80.975237,80.088433,0.0],[-80.971898,80.088729,0.0],[-80.965893,80.090856,0.0],[-80.958766,80.092471,0.0],[-80.95572,80.09246,0.0],[-80.952249,80.092472,0.0],[-80.946063,80.094092,0.0],[-80.938119,80.094063,0.0],[-80.923362,80.094431,0.0],[-80.920568,80.095418,0.0],[-80.916697,80.096707,0.0],[-80.91901,80.098663,0.0],[-80.918927,80.099321,0.0],[-80.909562,80.099711,0.0],[-80.901502,80.100183,0.0],[-80.897741,80.098844,0.0],[-80.878232,80.098906,0.0],[-80.87509,80.100014,0.0],[-80.867664,80.101235,0.0],[-80.865781,80.103196,0.0],[-80.863133,80.104956,0.0],[-80.843877,80.106821,0.0],[-80.831139,80.108578,0.0],[-80.828145,80.10963,0.0],[-80.823401,80.110698,0.0],[-80.820288,80.111508,0.0],[-80.816753,80.112397,0.0],[-80.806116,80.114141,0.0],[-80.795142,80.115251,0.0],[-80.790465,80.115791,0.0],[-80.785732,80.116052,0.0],[-80.781962,80.116382,0.0],[-80.784594,80.117267,0.0],[-80.782468,80.117931,0.0],[-80.776909,80.11693,0.0],[-80.770831,80.117463,0.0],[-80.763286,80.1214,0.0],[-80.758867,80.122508,0.0],[-80.752423,80.123039,0.0],[-80.744845,80.124387,0.0],[-80.747953,80.125433,0.0],[-80.749471,80.126126,0.0],[-80.744575,80.127354,0.0],[-80.740002,80.128952,0.0],[-80.733753,80.129972,0.0],[-80.732146,80.130533,0.0],[-80.726592,80.131776,0.0],[-80.71583,80.132216,0.0],[-80.71798,80.13294,0.0],[-80.712183,80.133416,0.0],[-80.70066,80.133727,0.0],[-80.690434,80.134167,0.0],[-80.684529,80.134845,0.0],[-80.662368,80.13697,0.0],[-80.65122,80.138934,0.0],[-80.639727,80.140542,0.0],[-80.632496,80.140776,0.0],[-80.59719,80.137652,0.0],[-80.567418,80.136098,0.0],[-80.526671,80.136638,0.0],[-80.482523,80.139416,0.0],[-80.451441,80.142771,0.0],[-80.42561,80.146885,0.0],[-80.389214,80.149472,0.0],[-80.351115,80.151693,0.0],[-80.299541,80.151005,0.0],[-80.279284,80.149614,0.0],[-80.252443,80.14941,0.0],[-80.22103,80.153069,0.0],[-80.17214,80.154065,0.0],[-80.148868,80.154254,0.0],[-80.113823,80.157501,0.0],[-80.105392,80.158974,0.0],[-80.087557,80.157214,0.0]],[[-80.76492,80.035541,0.0],[-80.762519,80.036019,0.0],[-80.747954,80.037131,0.0],[-80.740839,80.038087,0.0],[-80.73605,80.038601,0.0],[-80.728368,80.03969,0.0],[-80.724987,80.039947,0.0],[-80.708473,80.041978,0.0],[-80.702096,80.043931,0.0],[-80.700997,80.046154,0.0],[-80.70651,80.047693,0.0],[-80.714135,80.048528,0.0],[-80.719413,80.049181,0.0],[-80.734573,80.050157,0.0],[-80.74193,80.049856,0.0],[-80.749528,80.048933,0.0],[-80.75821,80.05069,0.0],[-80.782474,80.047234,0.0],[-80.785705,80.046988,0.0],[-80.788705,80.046701,0.0],[-80.791935,80.046454,0.0],[-80.794935,80.046167,0.0],[-80.803735,80.045715,0.0],[-80.807392,80.045174,0.0],[-80.804796,80.043564,0.0],[-80.796381,80.042525,0.0],[-80.786602,80.041806,0.0],[-80.777769,80.041923,0.0],[-80.778186,80.041067,0.0],[-80.769077,80.039838,0.0],[-80.768075,80.037569,0.0],[-80.771916,80.03782,0.0],[-80.78315,80.03944,0.0],[-80.788862,80.039111,0.0],[-80.782321,80.037645,0.0],[-80.775091,80.036559,0.0],[-80.772865,80.035686,0.0],[-80.76492,80.035541,0.0]],[[-80.666206,80.063498,0.0],[-80.669031,80.06259,0.0],[-80.665268,80.061634,0.0],[-80.636381,80.060023,0.0],[-80.627348,80.059877,0.0],[-80.624956,80.060542,0.0],[-80.625032,80.060933,0.0],[-80.64112,80.063538,0.0],[-80.645422,80.064703,0.0],[-80.651249,80.065646,0.0],[-80.652784,80.066387,0.0],[-80.648052,80.067559,0.0],[-80.65063,80.068363,0.0],[-80.670909,80.066538,0.0],[-80.684023,80.065718,0.0],[-80.687187,80.065433,0.0],[-80.691809,80.063876,0.0],[-80.666206,80.063498,0.0]],[[-80.757021,80.071233,0.0],[-80.75007,80.071009,0.0],[-80.749345,80.071153,0.0],[-80.743139,80.07147,0.0],[-80.729588,80.07276,0.0],[-80.719657,80.073818,0.0],[-80.708367,80.074927,0.0],[-80.698522,80.075429,0.0],[-80.691003,80.076143,0.0],[-80.684468,80.077436,0.0],[-80.682074,80.079078,0.0],[-80.687216,80.080342,0.0],[-80.693871,80.07971,0.0],[-80.700782,80.079446,0.0],[-80.708312,80.078731,0.0],[-80.72426,80.07752,0.0],[-80.734045,80.075194,0.0],[-80.742003,80.074889,0.0],[-80.747806,80.074337,0.0],[-80.757021,80.071233,0.0]],[[-80.848952,80.024568,0.0],[-80.842563,80.026011,0.0],[-80.837708,80.026383,0.0],[-80.835364,80.027286,0.0],[-80.835852,80.028378,0.0],[-80.847309,80.028746,0.0],[-80.858428,80.031132,0.0],[-80.862104,80.031418,0.0],[-80.86509,80.031708,0.0],[-80.869,80.032012,0.0],[-80.877042,80.031903,0.0],[-80.875855,80.029277,0.0],[-80.865699,80.027141,0.0],[-80.857033,80.026686,0.0],[-80.851086,80.024888,0.0],[-80.848952,80.024568,0.0]],[[-80.117668,80.087608,0.0],[-80.120858,80.087276,0.0],[-80.122451,80.087144,0.0],[-80.122893,80.086601,0.0],[-80.120971,80.085984,0.0],[-80.119008,80.085843,0.0],[-80.117351,80.086723,0.0],[-80.112945,80.087392,0.0],[-80.10736,80.087989,0.0],[-80.10415,80.088525,0.0],[-80.11246,80.088411,0.0],[-80.117668,80.087608,0.0]],[[-80.627564,80.073581,0.0],[-80.621346,80.072645,0.0],[-80.609735,80.07249,0.0],[-80.608772,80.07268,0.0],[-80.602637,80.073144,0.0],[-80.599609,80.07343,0.0],[-80.596449,80.073383,0.0],[-80.592757,80.073429,0.0],[-80.583989,80.074485,0.0],[-80.578232,80.075097,0.0],[-80.571279,80.076468,0.0],[-80.563635,80.077279,0.0],[-80.558177,80.078355,0.0],[-80.55448,80.079754,0.0],[-80.557803,80.080799,0.0],[-80.580685,80.080511,0.0],[-80.587522,80.079163,0.0],[-80.592243,80.078472,0.0],[-80.599012,80.078574,0.0],[-80.602435,80.07825,0.0],[-80.60724,80.078007,0.0],[-80.620731,80.077171,0.0],[-80.623994,80.075932,0.0],[-80.627564,80.073581,0.0]],[[-80.456928,80.082578,0.0],[-80.451011,80.08265,0.0],[-80.453136,80.082202,0.0],[-80.463431,80.081686,0.0],[-80.461725,80.081202,0.0],[-80.458799,80.08076,0.0],[-80.457012,80.079702,0.0],[-80.451702,80.077599,0.0],[-80.44268,80.076287,0.0],[-80.434125,80.075612,0.0],[-80.421696,80.073741,0.0],[-80.40935,80.0743,0.0],[-80.40737,80.072724,0.0],[-80.392338,80.072294,0.0],[-80.386832,80.07216,0.0],[-80.384631,80.073161,0.0],[-80.381985,80.075075,0.0],[-80.376606,80.076353,0.0],[-80.37565,80.078162,0.0],[-80.378255,80.079198,0.0],[-80.384837,80.079301,0.0],[-80.390046,80.079238,0.0],[-80.393552,80.080348,0.0],[-80.393021,80.081354,0.0],[-80.39589,80.082745,0.0],[-80.380205,80.083069,0.0],[-80.375035,80.084297,0.0],[-80.38057,80.084659,0.0],[-80.387944,80.08457,0.0],[-80.391542,80.085464,0.0],[-80.392937,80.086293,0.0],[-80.394806,80.086884,0.0],[-80.393993,80.088425,0.0],[-80.3986,80.087879,0.0],[-80.401845,80.086661,0.0],[-80.408662,80.08632,0.0],[-80.413773,80.085841,0.0],[-80.426536,80.086673,0.0],[-80.431961,80.08634,0.0],[-80.441456,80.086107,0.0],[-80.446066,80.085556,0.0],[-80.452827,80.08566,0.0],[-80.458555,80.085309,0.0],[-80.472618,80.085014,0.0],[-80.469783,80.084031,0.0],[-80.465014,80.083437,0.0],[-80.46179,80.083183,0.0],[-80.456928,80.082578,0.0]],[[-80.155636,80.087229,0.0],[-80.157251,80.086825,0.0],[-80.162827,80.086294,0.0],[-80.167195,80.086033,0.0],[-80.172353,80.085773,0.0],[-80.174756,80.085371,0.0],[-80.174372,80.085234,0.0],[-80.17084,80.084953,0.0],[-80.167296,80.084808,0.0],[-80.162952,80.084798,0.0],[-80.160954,80.085065,0.0],[-80.159729,80.085538,0.0],[-80.156123,80.086141,0.0],[-80.153306,80.086747,0.0],[-80.150489,80.087352,0.0],[-80.148891,80.087552,0.0],[-80.152384,80.088309,0.0],[-80.155636,80.087229,0.0]],[[-80.598536,80.059712,0.0],[-80.597023,80.059399,0.0],[-80.600836,80.057518,0.0],[-80.593853,80.055906,0.0],[-80.580339,80.055937,0.0],[-80.578362,80.058881,0.0],[-80.575184,80.059678,0.0],[-80.573383,80.060915,0.0],[-80.568856,80.061283,0.0],[-80.56895,80.060702,0.0],[-80.573681,80.059144,0.0],[-80.576656,80.058073,0.0],[-80.567311,80.058889,0.0],[-80.564298,80.059941,0.0],[-80.559613,80.059384,0.0],[-80.551664,80.059402,0.0],[-80.545673,80.058808,0.0],[-80.549639,80.057503,0.0],[-80.55224,80.05572,0.0],[-80.552055,80.053218,0.0],[-80.553728,80.052668,0.0],[-80.555289,80.051858,0.0],[-80.557744,80.05105,0.0],[-80.553765,80.04969,0.0],[-80.547517,80.049156,0.0],[-80.539015,80.047602,0.0],[-80.533521,80.046996,0.0],[-80.519597,80.047798,0.0],[-80.516571,80.048854,0.0],[-80.514959,80.049384,0.0],[-80.512327,80.050302,0.0],[-80.515152,80.052274,0.0],[-80.506947,80.05421,0.0],[-80.5038,80.055555,0.0],[-80.496866,80.057013,0.0],[-80.484816,80.058224,0.0],[-80.475693,80.059834,0.0],[-80.466056,80.060599,0.0],[-80.4665,80.058003,0.0],[-80.464515,80.056971,0.0],[-80.466488,80.056004,0.0],[-80.471168,80.055242,0.0],[-80.471105,80.054293,0.0],[-80.47122,80.053621,0.0],[-80.471165,80.05278,0.0],[-80.474623,80.052285,0.0],[-80.474213,80.054698,0.0],[-80.477062,80.055241,0.0],[-80.478968,80.053631,0.0],[-80.480596,80.052832,0.0],[-80.482217,80.050948,0.0],[-80.484247,80.050282,0.0],[-80.480333,80.04894,0.0],[-80.482386,80.048265,0.0],[-80.487117,80.04637,0.0],[-80.480863,80.045844,0.0],[-80.477784,80.046917,0.0],[-80.474695,80.046636,0.0],[-80.471568,80.046367,0.0],[-80.469575,80.04564,0.0],[-80.465157,80.045261,0.0],[-80.458055,80.045275,0.0],[-80.449791,80.046338,0.0],[-80.443841,80.046307,0.0],[-80.441953,80.048238,0.0],[-80.445065,80.049859,0.0],[-80.4448,80.051391,0.0],[-80.446584,80.052643,0.0],[-80.446133,80.055246,0.0],[-80.44134,80.056816,0.0],[-80.430431,80.057408,0.0],[-80.422718,80.056937,0.0],[-80.405779,80.055123,0.0],[-80.396244,80.054574,0.0],[-80.379381,80.056504,0.0],[-80.377571,80.058303,0.0],[-80.371651,80.058271,0.0],[-80.362613,80.05706,0.0],[-80.360564,80.055537,0.0],[-80.353272,80.0543,0.0],[-80.341763,80.053666,0.0],[-80.329397,80.054187,0.0],[-80.329512,80.056412,0.0],[-80.335915,80.05862,0.0],[-80.341607,80.062067,0.0],[-80.341371,80.063352,0.0],[-80.335238,80.063319,0.0],[-80.33201,80.063598,0.0],[-80.332215,80.062491,0.0],[-80.322433,80.060831,0.0],[-80.315124,80.060201,0.0],[-80.3152,80.059793,0.0],[-80.315177,80.05933,0.0],[-80.307094,80.058703,0.0],[-80.301225,80.05925,0.0],[-80.308393,80.061124,0.0],[-80.305204,80.062672,0.0],[-80.308734,80.063271,0.0],[-80.31011,80.065456,0.0],[-80.305384,80.066221,0.0],[-80.302218,80.067838,0.0],[-80.298199,80.068488,0.0],[-80.292956,80.069407,0.0],[-80.28956,80.069683,0.0],[-80.283758,80.070343,0.0],[-80.280143,80.071039,0.0],[-80.291897,80.071023,0.0],[-80.29451,80.070122,0.0],[-80.302309,80.06915,0.0],[-80.307536,80.068233,0.0],[-80.311685,80.067562,0.0],[-80.32621,80.066781,0.0],[-80.333492,80.066821,0.0],[-80.339514,80.068445,0.0],[-80.344809,80.069343,0.0],[-80.349963,80.068897,0.0],[-80.357725,80.070625,0.0],[-80.359817,80.072178,0.0],[-80.365932,80.072522,0.0],[-80.372017,80.071996,0.0],[-80.375182,80.071738,0.0],[-80.382758,80.071083,0.0],[-80.384601,80.070137,0.0],[-80.388943,80.069344,0.0],[-80.40418,80.070975,0.0],[-80.412817,80.069987,0.0],[-80.422056,80.0713,0.0],[-80.429676,80.071286,0.0],[-80.434395,80.071573,0.0],[-80.439717,80.071881,0.0],[-80.445292,80.071823,0.0],[-80.439126,80.069128,0.0],[-80.433675,80.068207,0.0],[-80.42222,80.065891,0.0],[-80.422316,80.065344,0.0],[-80.431596,80.065392,0.0],[-80.434757,80.065118,0.0],[-80.439476,80.064862,0.0],[-80.44431,80.064586,0.0],[-80.450424,80.064617,0.0],[-80.450333,80.065146,0.0],[-80.450351,80.065434,0.0],[-80.459535,80.066985,0.0],[-80.461119,80.068153,0.0],[-80.46428,80.069235,0.0],[-80.475136,80.069214,0.0],[-80.478226,80.069779,0.0],[-80.477955,80.071372,0.0],[-80.478027,80.072459,0.0],[-80.488917,80.073087,0.0],[-80.495074,80.07382,0.0],[-80.497515,80.074087,0.0],[-80.504545,80.07328,0.0],[-80.518553,80.072713,0.0],[-80.527162,80.071605,0.0],[-80.528778,80.070237,0.0],[-80.536632,80.069195,0.0],[-80.545312,80.070423,0.0],[-80.554803,80.070403,0.0],[-80.566962,80.069882,0.0],[-80.577795,80.069531,0.0],[-80.595121,80.067229,0.0],[-80.600013,80.066684,0.0],[-80.605945,80.065633,0.0],[-80.616128,80.065359,0.0],[-80.620152,80.064523,0.0],[-80.616726,80.062151,0.0],[-80.609046,80.060168,0.0],[-80.598536,80.059712,0.0]],[[-80.313378,80.086088,0.0],[-80.314605,80.085479,0.0],[-80.315083,80.084255,0.0],[-80.315557,80.083099,0.0],[-80.315631,80.082011,0.0],[-80.317298,80.080722,0.0],[-80.314943,80.080513,0.0],[-80.307437,80.080566,0.0],[-80.303865,80.080831,0.0],[-80.304231,80.08124,0.0],[-80.308486,80.082541,0.0],[-80.310037,80.082952,0.0],[-80.309972,80.083904,0.0],[-80.313378,80.086088,0.0]],[[-80.32624,80.069088,0.0],[-80.32693,80.069769,0.0],[-80.328488,80.071101,0.0],[-80.329872,80.074677,0.0],[-80.340059,80.074592,0.0],[-80.342598,80.072803,0.0],[-80.339991,80.071953,0.0],[-80.337839,80.071119,0.0],[-80.336227,80.070594,0.0],[-80.334457,80.069564,0.0],[-80.328525,80.069235,0.0],[-80.32624,80.069088,0.0]],[[-79.985226,80.086651,0.0],[-79.991609,80.086102,0.0],[-79.993065,80.085301,0.0],[-79.99316,80.084353,0.0],[-79.982494,80.083753,0.0],[-79.972908,80.083345,0.0],[-79.965224,80.08318,0.0],[-79.958095,80.082968,0.0],[-79.953736,80.082576,0.0],[-79.950241,80.081807,0.0],[-79.944847,80.080795,0.0],[-79.946276,80.080279,0.0],[-79.942787,80.079463,0.0],[-79.934572,80.079153,0.0],[-79.924973,80.078933,0.0],[-79.919828,80.078206,0.0],[-79.917212,80.076966,0.0],[-79.912816,80.076952,0.0],[-79.909752,80.077321,0.0],[-79.912143,80.078086,0.0],[-79.919996,80.079201,0.0],[-79.930568,80.080608,0.0],[-79.935415,80.081571,0.0],[-79.939969,80.082722,0.0],[-79.945928,80.083594,0.0],[-79.948368,80.083933,0.0],[-79.945853,80.084304,0.0],[-79.943339,80.084675,0.0],[-79.943024,80.085053,0.0],[-79.947694,80.085115,0.0],[-79.952359,80.085224,0.0],[-79.96087,80.085393,0.0],[-79.967687,80.085982,0.0],[-79.969804,80.086794,0.0],[-79.974987,80.087236,0.0],[-79.985226,80.086651,0.0]],[[-79.992105,80.078429,0.0],[-79.993882,80.077155,0.0],[-79.995559,80.076876,0.0],[-79.999382,80.077124,0.0],[-79.99942,80.076745,0.0],[-79.997629,80.075413,0.0],[-79.995824,80.074224,0.0],[-79.994261,80.073366,0.0],[-79.991287,80.072884,0.0],[-79.988512,80.07316,0.0],[-79.982681,80.073758,0.0],[-79.975818,80.07369,0.0],[-79.966817,80.073047,0.0],[-79.963579,80.072468,0.0],[-79.962539,80.071897,0.0],[-79.959587,80.071225,0.0],[-79.957905,80.071551,0.0],[-79.95454,80.072204,0.0],[-79.948768,80.072233,0.0],[-79.944693,80.071794,0.0],[-79.941737,80.071169,0.0],[-79.932765,80.070288,0.0],[-79.930822,80.070472,0.0],[-79.930457,80.071323,0.0],[-79.932828,80.072278,0.0],[-79.938765,80.073292,0.0],[-79.943081,80.074063,0.0],[-79.945718,80.075113,0.0],[-79.949475,80.075978,0.0],[-79.954146,80.075992,0.0],[-79.959043,80.076481,0.0],[-79.963684,80.07678,0.0],[-79.971133,80.076518,0.0],[-79.976247,80.077576,0.0],[-79.978908,80.078437,0.0],[-79.981372,80.078539,0.0],[-79.990427,80.078708,0.0],[-79.992105,80.078429,0.0]],[[-80.034226,80.077794,0.0],[-80.039691,80.078141,0.0],[-80.040056,80.077194,0.0],[-80.038782,80.076149,0.0],[-80.035845,80.07524,0.0],[-80.028785,80.074367,0.0],[-80.02552,80.074026,0.0],[-80.021441,80.073588,0.0],[-80.020379,80.073206,0.0],[-80.018251,80.07249,0.0],[-80.013051,80.072285,0.0],[-80.007563,80.072221,0.0],[-80.006445,80.072408,0.0],[-80.00692,80.073167,0.0],[-80.010127,80.074076,0.0],[-80.017717,80.075141,0.0],[-80.021765,80.07591,0.0],[-80.029884,80.077213,0.0],[-80.034226,80.077794,0.0]],[[-80.029247,80.072427,0.0],[-80.031412,80.072764,0.0],[-80.03464,80.073484,0.0],[-80.038166,80.073968,0.0],[-80.044412,80.074744,0.0],[-80.049321,80.075136,0.0],[-80.059455,80.075496,0.0],[-80.067148,80.075518,0.0],[-80.069373,80.075239,0.0],[-80.072439,80.074774,0.0],[-80.077959,80.074505,0.0],[-80.081003,80.074276,0.0],[-80.081042,80.07385,0.0],[-80.0756,80.073267,0.0],[-80.07206,80.072926,0.0],[-80.064696,80.072337,0.0],[-80.060603,80.072041,0.0],[-80.056293,80.071129,0.0],[-80.054127,80.070792,0.0],[-80.051358,80.071021,0.0],[-80.04443,80.071664,0.0],[-80.03864,80.071885,0.0],[-80.029617,80.071433,0.0],[-80.025535,80.071042,0.0],[-80.020954,80.070129,0.0],[-80.020372,80.070459,0.0],[-80.020522,80.071738,0.0],[-80.029247,80.072427,0.0]],[[-80.092108,80.089664,0.0],[-80.098221,80.089183,0.0],[-80.098564,80.088587,0.0],[-80.092595,80.087477,0.0],[-80.090071,80.086624,0.0],[-80.093077,80.085339,0.0],[-80.093158,80.084443,0.0],[-80.090062,80.083539,0.0],[-80.08485,80.083675,0.0],[-80.079335,80.083958,0.0],[-80.077254,80.084599,0.0],[-80.069107,80.085224,0.0],[-80.055522,80.085286,0.0],[-80.048287,80.085415,0.0],[-80.042501,80.085498,0.0],[-80.03527,80.085577,0.0],[-80.032935,80.085819,0.0],[-80.037443,80.087026,0.0],[-80.040563,80.087632,0.0],[-80.047587,80.086706,0.0],[-80.053113,80.086324,0.0],[-80.066704,80.086212,0.0],[-80.073898,80.08653,0.0],[-80.079896,80.087293,0.0],[-80.081864,80.087895,0.0],[-80.082365,80.088743,0.0],[-80.082585,80.089489,0.0],[-80.081985,80.089737,0.0],[-80.086319,80.089748,0.0],[-80.092108,80.089664,0.0]],[[-80.067706,80.069503,0.0],[-80.067985,80.069456,0.0],[-80.077247,80.070287,0.0],[-80.079479,80.069914,0.0],[-80.078145,80.069484,0.0],[-80.079008,80.06906,0.0],[-80.082316,80.068927,0.0],[-80.083336,80.069783,0.0],[-80.09426,80.070475,0.0],[-80.096808,80.069629,0.0],[-80.095457,80.069389,0.0],[-80.092058,80.067485,0.0],[-80.091011,80.066914,0.0],[-80.081587,80.067883,0.0],[-80.075782,80.068294,0.0],[-80.067528,80.06846,0.0],[-80.063906,80.069019,0.0],[-80.063278,80.06987,0.0],[-80.067706,80.069503,0.0]],[[-80.075927,80.096333,0.0],[-80.076799,80.097473,0.0],[-80.087737,80.097068,0.0],[-80.099053,80.098361,0.0],[-80.106182,80.097823,0.0],[-80.10026,80.097387,0.0],[-80.0987,80.096363,0.0],[-80.093594,80.095241,0.0],[-80.096123,80.093488,0.0],[-80.075927,80.096333,0.0]]]}},{"type":"Feature","properties":{"rgi_id":"RGI2000-v7.0-G-03-03650","o1region":"03"},"geometry":{"type":"Polygon","coordinates":[[[-79.334065,79.488751,0.0],[-79.345936,79.489413,0.0],[-79.371305,79.491338,0.0],[-79.382515,79.492921,0.0],[-79.400283,79.495412,0.0],[-79.40961,79.496762,0.0],[-79.417709,79.496955,0.0],[-79.426867,79.495672,0.0],[-79.442141,79.493031,0.0],[-79.461586,79.490302,0.0],[-79.474426,79.488166,0.0],[-79.485276,79.484481,0.0],[-79.48632380007503,79.48395210091633,0.0],[-79.521962,79.482163,0.0],[-79.554184,79.480458,0.0],[-79.578097,79.479048,0.0],[-79.592999,79.480874,0.0],[-79.603925,79.482606,0.0],[-79.623011,79.482312,0.0],[-79.647742,79.481655,0.0],[-79.667145,79.482842,0.0],[-79.702817,79.48391,0.0],[-79.721403,79.484337,0.0],[-79.737667,79.484217,0.0],[-79.753434,79.484823,0.0],[-79.784764,79.4835,0.0],[-79.78579,79.486541,0.0],[-79.783924,79.49052,0.0],[-79.802304,79.493412,0.0],[-79.814005,79.494914,0.0],[-79.827801,79.497082,0.0],[-79.839932,79.499211,0.0],[-79.850808,79.500693,0.0],[-79.871089,79.502077,0.0],[-79.881048,79.504929,0.0],[-79.888108,79.509572,0.0],[-79.895552,79.51113,0.0],[-79.916449,79.516433,0.0],[-79.940731,79.522868,0.0],[-79.970655,79.528038,0.0],[-80.003307,79.532973,0.0],[-80.001124,79.533264,0.0],[-79.998111,79.533243,0.0],[-79.993738,79.534042,0.0],[-79.986432,79.534448,0.0],[-79.983003,79.536169,0.0],[-79.983024,79.537484,0.0],[-79.976782,79.539902,0.0],[-79.975253,79.540709,0.0],[-79.972186,79.541501,0.0],[-79.961244,79.545011,0.0],[-79.953923,79.546961,0.0],[-79.944792,79.548939,0.0],[-79.943287,79.549477,0.0],[-79.921997,79.554234,0.0],[-79.918927,79.55533,0.0],[-79.912086,79.556478,0.0],[-79.904359,79.557882,0.0],[-79.89714,79.558734,0.0],[-79.892118,79.558698,0.0],[-79.878278,79.559856,0.0],[-79.863571,79.561531,0.0],[-79.861882,79.562098,0.0],[-79.859922,79.563123,0.0],[-79.848788,79.563573,0.0],[-79.827384,79.565743,0.0],[-79.8191,79.566434,0.0],[-79.808762,79.567518,0.0],[-79.795528,79.56805,0.0],[-79.774703,79.569324,0.0],[-79.763396,79.570324,0.0],[-79.758561,79.570324,0.0],[-79.751669,79.570272,0.0],[-79.74316,79.570553,0.0],[-79.73347,79.570479,0.0],[-79.721699,79.571626,0.0],[-79.717663,79.573052,0.0],[-79.711201,79.573424,0.0],[-79.701435,79.572297,0.0],[-79.691553,79.571796,0.0],[-79.685502,79.572329,0.0],[-79.645521,79.571728,0.0],[-79.633816,79.571721,0.0],[-79.629292,79.571138,0.0],[-79.617428,79.57056,0.0],[-79.605688,79.569961,0.0],[-79.599757,79.569671,0.0],[-79.584384,79.568386,0.0],[-79.575145,79.567798,0.0],[-79.573374,79.567136,0.0],[-79.571407,79.566353,0.0],[-79.561624,79.565875,0.0],[-79.561923,79.564676,0.0],[-79.55558,79.563855,0.0],[-79.543382,79.563438,0.0],[-79.534302,79.562538,0.0],[-79.527891,79.562903,0.0],[-79.523537,79.562867,0.0],[-79.515963,79.563918,0.0],[-79.508405,79.564685,0.0],[-79.502386,79.565469,0.0],[-79.497727,79.565719,0.0],[-79.488712,79.566765,0.0],[-79.477366,79.56667,0.0],[-79.470937,79.567198,0.0],[-79.465169,79.567701,0.0],[-79.453188,79.567688,0.0],[-79.450529,79.566689,0.0],[-79.459807,79.564543,0.0],[-79.48056,79.561388,0.0],[-79.486851,79.559744,0.0],[-79.48996,79.558958,0.0],[-79.491529,79.558153,0.0],[-79.495434,79.557165,0.0],[-79.498077,79.555097,0.0],[-79.496617,79.553875,0.0],[-79.495153,79.553325,0.0],[-79.495482,79.552036,0.0],[-79.493999,79.551443,0.0],[-79.484552,79.548768,0.0],[-79.482689,79.547625,0.0],[-79.481255,79.547086,0.0],[-79.479742,79.544659,0.0],[-79.468394,79.545803,0.0],[-79.464867,79.546245,0.0],[-79.459621,79.542462,0.0],[-79.463099,79.5424,0.0],[-79.46646,79.541052,0.0],[-79.465198,79.538707,0.0],[-79.454693,79.538377,0.0],[-79.456301,79.536135,0.0],[-79.460943,79.531115,0.0],[-79.455086,79.529077,0.0],[-79.436456,79.524455,0.0],[-79.41283,79.523893,0.0],[-79.381341,79.524091,0.0],[-79.363554,79.525566,0.0],[-79.3526,79.526769,0.0],[-79.338206,79.523057,0.0],[-79.321282,79.519038,0.0],[-79.304916,79.514271,0.0],[-79.300735,79.509989,0.0],[-79.297855,79.505358,0.0],[-79.297986,79.50232,0.0],[-79.301326,79.49917,0.0],[-79.311961,79.493155,0.0],[-79.316726,79.48947,0.0],[-79.31465384758876,79.48806499987025,0.0],[-79.314653,79.488065,0.0],[-79.321185,79.488064,0.0],[-79.334065,79.488751,0.0]]]}},{"type":"Feature","properties":{"rgi_id":"RGI2000-v7.0-G-03-03651","o1region":"03"},"geometry":{"type":"Polygon","coordinates":[[[-80.003307,79.532973,0.0],[-79.970655,79.528038,0.0],[-79.940731,79.522868,0.0],[-79.916449,79.516433,0.0],[-79.895552,79.51113,0.0],[-79.888108,79.509572,0.0],[-79.881048,79.504929,0.0],[-79.871089,79.502077,0.0],[-79.850808,79.500693,0.0],[-79.839932,79.499211,0.0],[-79.827801,79.497082,0.0],[-79.814005,79.494914,0.0],[-79.802304,79.493412,0.0],[-79.783924,79.49052,0.0],[-79.78579,79.486541,0.0],[-79.784764,79.4835,0.0],[-79.795086,79.483063,0.0],[-79.805699,79.481335,0.0],[-79.848458,79.475902,0.0],[-79.870506,79.475168,0.0],[-79.899862,79.47558,0.0],[-79.932037,79.475806,0.0],[-79.964697,79.475301,0.0],[-80.003669,79.475425,0.0],[-80.015414,79.475787,0.0],[-80.007747,79.478396,0.0],[-80.013485,79.478128,0.0],[-80.021571,79.477162,0.0],[-80.023726,79.480375,0.0],[-80.025316,79.481272,0.0],[-80.024466,79.485448,0.0],[-80.028394,79.486161,0.0],[-80.031862,79.486842,0.0],[-80.03769,79.48738,0.0],[-80.045991,79.489246,0.0],[-80.042403,79.490467,0.0],[-80.056598,79.491495,0.0],[-80.061665,79.491812,0.0],[-80.06808,79.49366,0.0],[-80.073772,79.494216,0.0],[-80.081327,79.494266,0.0],[-80.087208,79.493735,0.0],[-80.090306,79.494007,0.0],[-80.094651,79.494562,0.0],[-80.104798,79.494893,0.0],[-80.114004,79.497231,0.0],[-80.119956,79.497621,0.0],[-80.132595,79.497609,0.0],[-80.137135,79.498169,0.0],[-80.1456,79.499249,0.0],[-80.154466,79.499829,0.0],[-80.163228,79.499358,0.0],[-80.169952,79.498476,0.0],[-80.178285,79.496939,0.0],[-80.19474,79.497271,0.0],[-80.200412,79.498292,0.0],[-80.202261,79.499323,0.0],[-80.195599,79.500552,0.0],[-80.169932,79.504805,0.0],[-80.164619,79.505784,0.0],[-80.15989,79.505324,0.0],[-80.146604,79.508785,0.0],[-80.150444,79.508664,0.0],[-80.157006,79.507905,0.0],[-80.166251,79.506585,0.0],[-80.165772,79.507368,0.0],[-80.155614,79.509508,0.0],[-80.153075,79.51211,0.0],[-80.149147,79.512465,0.0],[-80.136639,79.512385,0.0],[-80.125535,79.513872,0.0],[-80.116791,79.514614,0.0],[-80.115018,79.515856,0.0],[-80.108903,79.517193,0.0],[-80.105213,79.519159,0.0],[-80.102886,79.519586,0.0],[-80.096655,79.520114,0.0],[-80.090001,79.521336,0.0],[-80.087425,79.519273,0.0],[-80.083654,79.519526,0.0],[-80.079205,79.520056,0.0],[-80.073354,79.52073,0.0],[-80.070895,79.522446,0.0],[-80.056826,79.522142,0.0],[-80.051622,79.521634,0.0],[-80.049415,79.522383,0.0],[-80.046421,79.523461,0.0],[-80.041912,79.524223,0.0],[-80.04036,79.524781,0.0],[-80.034297,79.526102,0.0],[-80.032499,79.526748,0.0],[-80.02252,79.528046,0.0],[-80.0221,79.5301,0.0],[-80.022111,79.530637,0.0],[-80.017248,79.531195,0.0],[-80.011664,79.532216,0.0],[-80.007088,79.53247,0.0],[-80.003307,79.532973,0.0]],[[-80.07998,79.502448,0.0],[-80.057427,79.50641,0.0],[-80.049812,79.508142,0.0],[-80.046161,79.509904,0.0],[-80.048201,79.511344,0.0],[-80.060122,79.510604,0.0],[-80.068643,79.51034,0.0],[-80.075842,79.508919,0.0],[-80.0869,79.507718,0.0],[-80.086183,79.507984,0.0],[-80.080147,79.509507,0.0],[-80.081542,79.509861,0.0],[-80.093603,79.508051,0.0],[-80.111469,79.50772,0.0],[-80.123079,79.506997,0.0],[-80.141801,79.506112,0.0],[-80.146097,79.505026,0.0],[-80.136284,79.503598,0.0],[-80.1271,79.503473,0.0],[-80.11529,79.503569,0.0],[-80.098805,79.503343,0.0],[-80.091437,79.503736,0.0],[-80.088073,79.505018,0.0],[-80.086319,79.504464,0.0],[-80.086732,79.503465,0.0],[-80.083999,79.50289,0.0],[-80.07998,79.502448,0.0]]]}},{"type":"Feature","properties":{"rgi_id":"RGI2000-v7.0-G-03-03652","o1region":"03"},"geometry":{"type":"Polygon","coordinates":[[[-80.003669,79.475425,0.0],[-79.964697,79.475301,0.0],[-79.932037,79.475806,0.0],[-79.899862,79.47558,0.0],[-79.870506,79.475168,0.0],[-79.848458,79.475902,0.0],[-79.805699,79.481335,0.0],[-79.795086,79.483063,0.0],[-79.753434,79.484823,0.0],[-79.737667,79.484217,0.0],[-79.721403,79.484337,0.0],[-79.702817,79.48391,0.0],[-79.667145,79.482842,0.0],[-79.647742,79.481655,0.0],[-79.623011,79.482312,0.0],[-79.603925,79.482606,0.0],[-79.592999,79.480874,0.0],[-79.578097,79.479048,0.0],[-79.554184,79.480458,0.0],[-79.521962,79.482163,0.0],[-79.478597,79.48434,0.0],[-79.483145,79.481739,0.0],[-79.485359,79.472925,0.0],[-79.488231,79.470776,0.0],[-79.500081,79.467362,0.0],[-79.504273,79.465245,0.0],[-79.508806,79.462643,0.0],[-79.536959,79.462815,0.0],[-79.548009,79.456672,0.0],[-79.544077,79.454609,0.0],[-79.545609,79.452429,0.0],[-79.555381,79.45192,0.0],[-79.588491,79.450727,0.0],[-79.595445,79.450398,0.0],[-79.607548,79.448464,0.0],[-79.614356,79.446407,0.0],[-79.62347,79.444896,0.0],[-79.630923,79.443839,0.0],[-79.639529,79.443055,0.0],[-79.654093,79.441424,0.0],[-79.66303,79.440154,0.0],[-79.668835,79.43758,0.0],[-79.66885,79.435611,0.0],[-79.670035,79.431945,0.0],[-79.672206,79.428795,0.0],[-79.672737,79.42413,0.0],[-79.673433,79.419222,0.0],[-79.67131,79.416465,0.0],[-79.668369,79.412949,0.0],[-79.6685269400556,79.41103472654122,0.0],[-79.671424,79.411527,0.0],[-79.68121,79.409819,0.0],[-79.694752,79.410541,0.0],[-79.706064,79.41039,0.0],[-79.732411,79.409556,0.0],[-79.771994,79.409024,0.0],[-79.810197,79.408867,0.0],[-79.839992,79.409545,0.0],[-79.87713,79.412651,0.0],[-79.904914,79.416366,0.0],[-79.921642,79.418183,0.0],[-79.944737,79.420554,0.0],[-79.97099,79.421551,0.0],[-79.997783,79.421734,0.0],[-80.023736,79.421485,0.0],[-80.036336,79.422792,0.0],[-80.049383,79.425139,0.0],[-80.073363,79.42793,0.0],[-80.080221,79.427793,0.0],[-80.079819,79.427868,0.0],[-80.082704,79.428393,0.0],[-80.084069,79.429209,0.0],[-80.103118,79.429527,0.0],[-80.111765,79.4309,0.0],[-80.119995,79.431661,0.0],[-80.136611,79.432039,0.0],[-80.14505,79.432865,0.0],[-80.15368,79.43316,0.0],[-80.161488,79.432105,0.0],[-80.166023,79.431854,0.0],[-80.165815,79.432956,0.0],[-80.162454,79.434112,0.0],[-80.154149,79.434581,0.0],[-80.149185,79.435927,0.0],[-80.142674,79.437041,0.0],[-80.127295,79.43739,0.0],[-80.124538,79.436307,0.0],[-80.121895,79.435827,0.0],[-80.101248,79.436321,0.0],[-80.099204,79.435517,0.0],[-80.094983,79.435127,0.0],[-80.077547,79.434566,0.0],[-80.067849,79.435144,0.0],[-80.065818,79.43722,0.0],[-80.06423,79.438286,0.0],[-80.062653,79.439649,0.0],[-80.056639,79.44122,0.0],[-80.055154,79.441759,0.0],[-80.053191,79.44243,0.0],[-80.056543,79.443672,0.0],[-80.065315,79.443665,0.0],[-80.065293,79.442762,0.0],[-80.060213,79.442443,0.0],[-80.060967,79.44204,0.0],[-80.064,79.441247,0.0],[-80.069857,79.439665,0.0],[-80.072932,79.439386,0.0],[-80.077382,79.439136,0.0],[-80.08768,79.438201,0.0],[-80.087691,79.438627,0.0],[-80.085241,79.441032,0.0],[-80.082877,79.443453,0.0],[-80.078563,79.445317,0.0],[-80.0831,79.444889,0.0],[-80.092597,79.443611,0.0],[-80.095708,79.446117,0.0],[-80.097444,79.446799,0.0],[-80.105888,79.448332,0.0],[-80.107331,79.448899,0.0],[-80.109546,79.449717,0.0],[-80.102827,79.452018,0.0],[-80.098018,79.455245,0.0],[-80.099545,79.455334,0.0],[-80.108291,79.455326,0.0],[-80.114722,79.456589,0.0],[-80.11915,79.457392,0.0],[-80.125365,79.458611,0.0],[-80.130261,79.458917,0.0],[-80.135831,79.459461,0.0],[-80.140245,79.459737,0.0],[-80.143132,79.460019,0.0],[-80.146078,79.46029,0.0],[-80.148964,79.460572,0.0],[-80.1825,79.461013,0.0],[-80.193323,79.462227,0.0],[-80.206016,79.463945,0.0],[-80.210415,79.464488,0.0],[-80.218009,79.465457,0.0],[-80.232526,79.46687,0.0],[-80.249193,79.468262,0.0],[-80.257104,79.469439,0.0],[-80.264352,79.470537,0.0],[-80.281419,79.47291,0.0],[-80.296403,79.476014,0.0],[-80.303571,79.477997,0.0],[-80.302084,79.478686,0.0],[-80.299094,79.478943,0.0],[-80.296168,79.480011,0.0],[-80.28947,79.480021,0.0],[-80.276228,79.479942,0.0],[-80.257435,79.479969,0.0],[-80.23726,79.479607,0.0],[-80.20193,79.479257,0.0],[-80.188757,79.478681,0.0],[-80.178868,79.478302,0.0],[-80.159784,79.476346,0.0],[-80.145088,79.472856,0.0],[-80.11928,79.468355,0.0],[-80.096646,79.467441,0.0],[-80.085928,79.468726,0.0],[-80.084795,79.467967,0.0],[-80.08963,79.467144,0.0],[-80.086745,79.466846,0.0],[-80.082328,79.46657,0.0],[-80.077334,79.466081,0.0],[-80.069082,79.467069,0.0],[-80.060211,79.467307,0.0],[-80.052795,79.468365,0.0],[-80.043832,79.468657,0.0],[-80.043855,79.469693,0.0],[-80.036261,79.470983,0.0],[-80.036295,79.472574,0.0],[-80.029582,79.474379,0.0],[-80.026524,79.473778,0.0],[-80.022094,79.474593,0.0],[-80.015771,79.475666,0.0],[-80.015414,79.475787,0.0],[-80.003669,79.475425,0.0]],[[-80.027614,79.455694,0.0],[-80.027322,79.454449,0.0],[-80.020062,79.454014,0.0],[-80.020602,79.45272,0.0],[-80.018773,79.452079,0.0],[-80.013121,79.451583,0.0],[-80.00909,79.451165,0.0],[-80.002234,79.449711,0.0],[-79.991309,79.449364,0.0],[-79.988483,79.449071,0.0],[-79.980384,79.448918,0.0],[-79.978972,79.449197,0.0],[-79.969519,79.449699,0.0],[-79.959741,79.451633,0.0],[-79.953898,79.451942,0.0],[-79.95134,79.451906,0.0],[-79.951678,79.45111,0.0],[-79.951522,79.450423,0.0],[-79.946873,79.450866,0.0],[-79.947199,79.452305,0.0],[-79.946455,79.454056,0.0],[-79.953338,79.455224,0.0],[-79.950794,79.456845,0.0],[-79.951029,79.457883,0.0],[-79.959634,79.458924,0.0],[-79.965347,79.459765,0.0],[-79.971146,79.460466,0.0],[-79.972458,79.462207,0.0],[-79.973186,79.462732,0.0],[-79.982795,79.461687,0.0],[-79.998707,79.461398,0.0],[-80.003438,79.460946,0.0],[-80.021411,79.459504,0.0],[-80.0212,79.458602,0.0],[-80.025873,79.457536,0.0],[-80.027614,79.455694,0.0]],[[-79.873158,79.468777,0.0],[-79.873362,79.468608,0.0],[-79.873408,79.468168,0.0],[-79.87271,79.467758,0.0],[-79.87143,79.467584,0.0],[-79.868482,79.467404,0.0],[-79.86774,79.467402,0.0],[-79.868068,79.46781,0.0],[-79.868235,79.46798,0.0],[-79.870206,79.468631,0.0],[-79.873158,79.468777,0.0]],[[-79.948317,79.440595,0.0],[-79.953387,79.439751,0.0],[-79.954607,79.439272,0.0],[-79.952314,79.438726,0.0],[-79.948545,79.438284,0.0],[-79.946466,79.438546,0.0],[-79.943156,79.439395,0.0],[-79.941003,79.440409,0.0],[-79.940966,79.440786,0.0],[-79.941819,79.441057,0.0],[-79.944468,79.440959,0.0],[-79.948317,79.440595,0.0]]]}},{"type":"Feature","properties":{"rgi_id":"RGI2000-v7.0-G-03-03653","o1region":"03"},"geometry":{"type":"Polygon","coordinates":[[[-79.902626,79.41606,0.0],[-79.911399,79.413705,0.0],[-79.917948,79.409706,0.0],[-79.928396,79.404507,0.0],[-79.951292,79.400445,0.0],[-80.010022,79.399751,0.0],[-80.042953,79.40048,0.0],[-80.07111,79.401386,0.0],[-80.113426,79.402027,0.0],[-80.121523,79.402038,0.0],[-80.121491,79.402047,0.0],[-80.137509,79.40274,0.0],[-80.144427,79.403735,0.0],[-80.150718,79.40413,0.0],[-80.157583,79.405482,0.0],[-80.16504,79.405771,0.0],[-80.16643,79.406317,0.0],[-80.172331,79.407146,0.0],[-80.171954,79.409152,0.0],[-80.171996,79.410402,0.0],[-80.17791,79.411476,0.0],[-80.19172,79.41146,0.0],[-80.200072,79.411797,0.0],[-80.209797,79.412748,0.0],[-80.214199,79.413154,0.0],[-80.221639,79.414221,0.0],[-80.237595,79.415422,0.0],[-80.240308,79.415865,0.0],[-80.230654,79.416152,0.0],[-80.219893,79.415319,0.0],[-80.212426,79.415037,0.0],[-80.206594,79.415571,0.0],[-80.196874,79.41551,0.0],[-80.189679,79.415829,0.0],[-80.179071,79.416466,0.0],[-80.155748,79.416785,0.0],[-80.139731,79.416682,0.0],[-80.134221,79.417185,0.0],[-80.122995,79.417489,0.0],[-80.116585,79.418073,0.0],[-80.114216,79.419348,0.0],[-80.109699,79.420407,0.0],[-80.11124,79.420978,0.0],[-80.111037,79.422025,0.0],[-80.111051,79.422512,0.0],[-80.121305,79.421782,0.0],[-80.129445,79.421321,0.0],[-80.140058,79.422362,0.0],[-80.144828,79.422661,0.0],[-80.153357,79.423756,0.0],[-80.156294,79.424027,0.0],[-80.159258,79.424318,0.0],[-80.159105,79.425126,0.0],[-80.152535,79.425084,0.0],[-80.14638,79.425091,0.0],[-80.126723,79.424627,0.0],[-80.116964,79.425516,0.0],[-80.094618,79.425739,0.0],[-80.087235,79.426798,0.0],[-80.082767,79.427318,0.0],[-80.080221,79.427793,0.0],[-80.073363,79.42793,0.0],[-80.049383,79.425139,0.0],[-80.036336,79.422792,0.0],[-80.023736,79.421485,0.0],[-79.997783,79.421734,0.0],[-79.97099,79.421551,0.0],[-79.944737,79.420554,0.0],[-79.921642,79.418183,0.0],[-79.904914,79.416366,0.0],[-79.902626,79.41606,0.0]],[[-80.038636,79.418896,0.0],[-80.043655,79.418327,0.0],[-80.047691,79.417646,0.0],[-80.051523,79.417,0.0],[-80.056525,79.416614,0.0],[-80.057352,79.416251,0.0],[-80.059764,79.41593,0.0],[-80.065083,79.416457,0.0],[-80.066476,79.416424,0.0],[-80.068286,79.416174,0.0],[-80.070119,79.415668,0.0],[-80.068545,79.415481,0.0],[-80.063199,79.415283,0.0],[-80.060232,79.415128,0.0],[-80.054719,79.414564,0.0],[-80.048582,79.414327,0.0],[-80.045346,79.414974,0.0],[-80.041676,79.416022,0.0],[-80.037422,79.416922,0.0],[-80.035969,79.417611,0.0],[-80.035689,79.418522,0.0],[-80.035672,79.418705,0.0],[-80.038636,79.418896,0.0]],[[-80.100374,79.424971,0.0],[-80.101107,79.424538,0.0],[-80.103637,79.424239,0.0],[-80.10907,79.424203,0.0],[-80.10965,79.423923,0.0],[-80.107731,79.42356,0.0],[-80.107202,79.423227,0.0],[-80.106952,79.422894,0.0],[-80.104973,79.423246,0.0],[-80.099629,79.423895,0.0],[-80.098227,79.424019,0.0],[-80.09792,79.42435,0.0],[-80.098008,79.424964,0.0],[-80.097999,79.425066,0.0],[-80.100374,79.424971,0.0]]]}},{"type":"Feature","properties":{"rgi_id":"RGI2000-v7.0-G-03-03654","o1region":"03"},"geometry":{"type":"Polygon","coordinates":[[[-80.121523,79.402038,0.0],[-80.113426,79.402027,0.0],[-80.07111,79.401386,0.0],[-80.042953,79.40048,0.0],[-80.010022,79.399751,0.0],[-79.951292,79.400445,0.0],[-79.928396,79.404507,0.0],[-79.917948,79.409706,0.0],[-79.911399,79.413705,0.0],[-79.902626,79.41606,0.0],[-79.87713,79.412651,0.0],[-79.839992,79.409545,0.0],[-79.810197,79.408867,0.0],[-79.771994,79.409024,0.0],[-79.732411,79.409556,0.0],[-79.706064,79.41039,0.0],[-79.694752,79.410541,0.0],[-79.68121,79.409819,0.0],[-79.682995,79.409507,0.0],[-79.687771,79.402547,0.0],[-79.69184,79.39661,0.0],[-79.696867,79.392567,0.0],[-79.706336,79.388627,0.0],[-79.721629,79.386069,0.0],[-79.753721,79.385354,0.0],[-79.763862,79.385379,0.0],[-79.784277,79.383561,0.0],[-79.809259,79.379974,0.0],[-79.825202,79.376387,0.0],[-79.84737,79.371902,0.0],[-79.86074,79.368686,0.0],[-79.912489,79.369859,0.0],[-79.946799,79.368143,0.0],[-79.967726,79.367847,0.0],[-80.009417,79.365908,0.0],[-80.063028,79.366331,0.0],[-80.094092,79.367971,0.0],[-80.134552,79.367901,0.0],[-80.139939,79.367117,0.0],[-80.139456,79.367261,0.0],[-80.149147,79.366212,0.0],[-80.156478,79.365968,0.0],[-80.160903,79.365432,0.0],[-80.165184,79.365459,0.0],[-80.177607,79.364567,0.0],[-80.189728,79.365174,0.0],[-80.194238,79.366065,0.0],[-80.210315,79.36664,0.0],[-80.210241,79.367046,0.0],[-80.210258,79.367511,0.0],[-80.241366,79.368149,0.0],[-80.252269,79.368693,0.0],[-80.258155,79.369449,0.0],[-80.262536,79.369723,0.0],[-80.269832,79.370838,0.0],[-80.26962,79.372027,0.0],[-80.269648,79.372699,0.0],[-80.266549,79.372968,0.0],[-80.263577,79.373524,0.0],[-80.254907,79.374275,0.0],[-80.252003,79.374542,0.0],[-80.23882,79.375043,0.0],[-80.228559,79.375663,0.0],[-80.219787,79.376615,0.0],[-80.216823,79.376871,0.0],[-80.209505,79.377665,0.0],[-80.205083,79.377917,0.0],[-80.200723,79.378317,0.0],[-80.1937,79.378924,0.0],[-80.186019,79.379755,0.0],[-80.183054,79.380011,0.0],[-80.178664,79.380581,0.0],[-80.181685,79.381083,0.0],[-80.18924,79.38039,0.0],[-80.196453,79.379782,0.0],[-80.205622,79.380682,0.0],[-80.209447,79.380331,0.0],[-80.215853,79.380371,0.0],[-80.220394,79.380366,0.0],[-80.226833,79.379584,0.0],[-80.232713,79.379335,0.0],[-80.23759,79.37904,0.0],[-80.243171,79.378527,0.0],[-80.250978,79.378575,0.0],[-80.254014,79.37857,0.0],[-80.260496,79.377783,0.0],[-80.267889,79.377536,0.0],[-80.270645,79.378618,0.0],[-80.2742,79.379611,0.0],[-80.277756,79.38128,0.0],[-80.267528,79.381562,0.0],[-80.26369,79.38228,0.0],[-80.260074,79.384335,0.0],[-80.269299,79.385061,0.0],[-80.271886,79.383652,0.0],[-80.27868,79.382669,0.0],[-80.280582,79.385002,0.0],[-80.28032,79.386478,0.0],[-80.267003,79.388013,0.0],[-80.257692,79.386181,0.0],[-80.251441,79.384375,0.0],[-80.244714,79.383396,0.0],[-80.237072,79.384324,0.0],[-80.234731,79.383404,0.0],[-80.227982,79.383086,0.0],[-80.224542,79.38435,0.0],[-80.219476,79.383352,0.0],[-80.217297,79.38306,0.0],[-80.214844,79.384409,0.0],[-80.223001,79.385163,0.0],[-80.224886,79.386352,0.0],[-80.21451,79.38814,0.0],[-80.214539,79.388935,0.0],[-80.240758,79.389295,0.0],[-80.245069,79.389848,0.0],[-80.260622,79.390516,0.0],[-80.262563,79.390153,0.0],[-80.264326,79.389893,0.0],[-80.271685,79.39134,0.0],[-80.280004,79.393461,0.0],[-80.284244,79.394229,0.0],[-80.287033,79.395322,0.0],[-80.288625,79.39561,0.0],[-80.297239,79.395597,0.0],[-80.29866,79.39618,0.0],[-80.292804,79.397191,0.0],[-80.291283,79.39775,0.0],[-80.287792,79.398674,0.0],[-80.280858,79.399071,0.0],[-80.277591,79.399681,0.0],[-80.280786,79.403792,0.0],[-80.296688,79.404543,0.0],[-80.303892,79.405574,0.0],[-80.309914,79.406415,0.0],[-80.313887,79.407194,0.0],[-80.321593,79.408057,0.0],[-80.334443,79.408854,0.0],[-80.340417,79.409436,0.0],[-80.349051,79.411917,0.0],[-80.348665,79.414168,0.0],[-80.33787,79.414532,0.0],[-80.331749,79.414496,0.0],[-80.317653,79.412355,0.0],[-80.309323,79.412037,0.0],[-80.299059,79.411194,0.0],[-80.296314,79.410122,0.0],[-80.294646,79.409508,0.0],[-80.285857,79.407324,0.0],[-80.276051,79.406587,0.0],[-80.262702,79.405555,0.0],[-80.251217,79.403805,0.0],[-80.245191,79.402066,0.0],[-80.236152,79.400426,0.0],[-80.229314,79.399999,0.0],[-80.218223,79.400014,0.0],[-80.214464,79.399646,0.0],[-80.19205,79.399674,0.0],[-80.18453,79.39937,0.0],[-80.176063,79.399084,0.0],[-80.16745,79.40116,0.0],[-80.163589,79.401492,0.0],[-80.155191,79.401438,0.0],[-80.147782,79.401968,0.0],[-80.140092,79.400978,0.0],[-80.133234,79.40139,0.0],[-80.128542,79.401655,0.0],[-80.122976,79.401619,0.0],[-80.121523,79.402038,0.0]]]}},{"type":"Feature","properties":{"rgi_id":"RGI2000-v7.0-G-03-03655","o1region":"03"},"geometry":{"type":"Polygon","coordinates":[[[-80.134552,79.367901,0.0],[-80.094092,79.367971,0.0],[-80.063028,79.366331,0.0],[-80.009417,79.365908,0.0],[-79.967726,79.367847,0.0],[-79.946799,79.368143,0.0],[-79.912489,79.369859,0.0],[-79.86074086887471,79.36868601969488,0.0],[-79.860795,79.368673,0.0],[-79.871566,79.364344,0.0],[-79.88079,79.358939,0.0],[-79.897312,79.350998,0.0],[-79.903348,79.346977,0.0],[-79.910438,79.339653,0.0],[-79.910524,79.336121,0.0],[-79.911016,79.331974,0.0],[-79.914715,79.329771,0.0],[-79.924454,79.32521,0.0],[-79.933214,79.320419,0.0],[-79.9341,79.315657,0.0],[-79.928739,79.314916,0.0],[-79.949818,79.314887,0.0],[-79.971491,79.315817,0.0],[-80.032704,79.318367,0.0],[-80.082923,79.319481,0.0],[-80.133936,79.320604,0.0],[-80.150983,79.320854,0.0],[-80.152952,79.32237,0.0],[-80.157732,79.321474,0.0],[-80.160762,79.32095,0.0],[-80.157113,79.320281,0.0],[-80.157184,79.3199,0.0],[-80.169281,79.319208,0.0],[-80.175766,79.319249,0.0],[-80.177785,79.323214,0.0],[-80.188943,79.323575,0.0],[-80.194584,79.322517,0.0],[-80.201954,79.32227,0.0],[-80.20557,79.321936,0.0],[-80.226136,79.322065,0.0],[-80.241143,79.32291,0.0],[-80.245071,79.324461,0.0],[-80.24965,79.325901,0.0],[-80.252383,79.327532,0.0],[-80.252243,79.328312,0.0],[-80.255227,79.328857,0.0],[-80.262382,79.328847,0.0],[-80.265386,79.330032,0.0],[-80.265112,79.331572,0.0],[-80.255731,79.332111,0.0],[-80.251022,79.333405,0.0],[-80.229982,79.333626,0.0],[-80.221206,79.334158,0.0],[-80.221469,79.335216,0.0],[-80.227202,79.334687,0.0],[-80.231826,79.334716,0.0],[-80.240355,79.335556,0.0],[-80.248859,79.336089,0.0],[-80.253147,79.336669,0.0],[-80.250082,79.337736,0.0],[-80.250135,79.339052,0.0],[-80.249845,79.340664,0.0],[-80.249914,79.342336,0.0],[-80.254031,79.344658,0.0],[-80.245305,79.344952,0.0],[-80.241107,79.345339,0.0],[-80.232274,79.344651,0.0],[-80.225559,79.344371,0.0],[-80.208974,79.345215,0.0],[-80.199249,79.346398,0.0],[-80.196404,79.347946,0.0],[-80.198539,79.349153,0.0],[-80.205039,79.349145,0.0],[-80.209399,79.349173,0.0],[-80.215943,79.349164,0.0],[-80.226017,79.349227,0.0],[-80.231977,79.348414,0.0],[-80.234932,79.348158,0.0],[-80.239529,79.347598,0.0],[-80.245301,79.347097,0.0],[-80.24815,79.347115,0.0],[-80.247958,79.348178,0.0],[-80.249479,79.348742,0.0],[-80.258118,79.349283,0.0],[-80.263676,79.350894,0.0],[-80.274844,79.349205,0.0],[-80.277083,79.347981,0.0],[-80.291857,79.349128,0.0],[-80.294418,79.349649,0.0],[-80.285659,79.350153,0.0],[-80.281314,79.350554,0.0],[-80.274181,79.351174,0.0],[-80.269069,79.351797,0.0],[-80.266548,79.353609,0.0],[-80.26296,79.355469,0.0],[-80.265076,79.35666,0.0],[-80.262402,79.358926,0.0],[-80.267782,79.359789,0.0],[-80.278095,79.359164,0.0],[-80.282124,79.359559,0.0],[-80.293467,79.360097,0.0],[-80.308273,79.362598,0.0],[-80.308042,79.363917,0.0],[-80.316405,79.364238,0.0],[-80.323021,79.365087,0.0],[-80.330922,79.36664,0.0],[-80.336629,79.366995,0.0],[-80.338371,79.367979,0.0],[-80.323787,79.367167,0.0],[-80.302055,79.367201,0.0],[-80.294346,79.366818,0.0],[-80.280532,79.366839,0.0],[-80.272828,79.366242,0.0],[-80.267198,79.36625,0.0],[-80.262794,79.36596,0.0],[-80.252473,79.36567,0.0],[-80.246833,79.365116,0.0],[-80.24391,79.364846,0.0],[-80.237734,79.364239,0.0],[-80.232682,79.363243,0.0],[-80.219521,79.361178,0.0],[-80.206475,79.360674,0.0],[-80.197072,79.359318,0.0],[-80.184244,79.359333,0.0],[-80.174351,79.361182,0.0],[-80.164768,79.362834,0.0],[-80.158709,79.363357,0.0],[-80.14221,79.366436,0.0],[-80.139939,79.367117,0.0],[-80.134552,79.367901,0.0]]]}},{"type":"Feature","properties":{"rgi_id":"RGI2000-v7.0-G-03-03656","o1region":"03"},"geometry":{"type":"Polygon","coordinates":[[[-80.150983,79.320854,0.0],[-80.133936,79.320604,0.0],[-80.082923,79.319481,0.0],[-80.032704,79.318367,0.0],[-79.971491,79.315817,0.0],[-79.949818,79.314887,0.0],[-79.928739,79.314916,0.0],[-79.912524,79.312675,0.0],[-79.902427,79.31099,0.0],[-79.891457,79.305544,0.0],[-79.890654,79.304949,0.0],[-79.907291,79.30283,0.0],[-79.914858,79.301028,0.0],[-79.916394,79.298693,0.0],[-79.912052,79.297212,0.0],[-79.917009,79.29614,0.0],[-79.935961,79.294792,0.0],[-79.951131,79.294345,0.0],[-79.968775,79.293361,0.0],[-79.980006,79.292429,0.0],[-79.995009,79.290594,0.0],[-80.008544,79.287739,0.0],[-80.01684,79.284766,0.0],[-80.022621,79.28075,0.0],[-80.022893,79.277699,0.0],[-80.023247,79.277667,0.0],[-80.028975,79.277706,0.0],[-80.031082,79.276564,0.0],[-80.038865,79.277086,0.0],[-80.046572,79.276377,0.0],[-80.050959,79.273994,0.0],[-80.053945,79.273202,0.0],[-80.056926,79.271581,0.0],[-80.063877,79.271629,0.0],[-80.075263,79.271302,0.0],[-80.080164,79.27085,0.0],[-80.084382,79.270878,0.0],[-80.08879,79.270612,0.0],[-80.094613,79.270365,0.0],[-80.097603,79.270089,0.0],[-80.113529,79.269557,0.0],[-80.1135,79.268534,0.0],[-80.113749,79.267236,0.0],[-80.122318,79.266949,0.0],[-80.131752,79.265518,0.0],[-80.141115,79.266739,0.0],[-80.148956,79.266013,0.0],[-80.162336,79.266561,0.0],[-80.165692,79.26625,0.0],[-80.168951,79.266271,0.0],[-80.176815,79.268307,0.0],[-80.197055,79.269282,0.0],[-80.200298,79.269604,0.0],[-80.209419,79.269592,0.0],[-80.213813,79.26962,0.0],[-80.220288,79.268795,0.0],[-80.213579,79.266897,0.0],[-80.222008,79.26695,0.0],[-80.226106,79.267766,0.0],[-80.229012,79.2683,0.0],[-80.230708,79.269319,0.0],[-80.236201,79.271057,0.0],[-80.253387,79.273494,0.0],[-80.258561,79.274522,0.0],[-80.263341,79.275122,0.0],[-80.268473,79.276141,0.0],[-80.276723,79.277309,0.0],[-80.2858,79.277296,0.0],[-80.293413,79.276247,0.0],[-80.297809,79.275725,0.0],[-80.306129,79.274505,0.0],[-80.313821,79.274059,0.0],[-80.313787,79.273331,0.0],[-80.317392,79.272701,0.0],[-80.3308,79.272303,0.0],[-80.332513,79.274562,0.0],[-80.327615,79.27956,0.0],[-80.321771,79.282153,0.0],[-80.315488,79.283835,0.0],[-80.313096,79.285194,0.0],[-80.316641,79.286511,0.0],[-80.319454,79.287622,0.0],[-80.31439,79.289398,0.0],[-80.310311,79.291256,0.0],[-80.308322,79.291603,0.0],[-80.300784,79.293256,0.0],[-80.297877,79.293763,0.0],[-80.288639,79.29457,0.0],[-80.283182,79.294209,0.0],[-80.274561,79.294221,0.0],[-80.26757,79.297397,0.0],[-80.275174,79.299192,0.0],[-80.278912,79.301018,0.0],[-80.283624,79.302769,0.0],[-80.288799,79.30325,0.0],[-80.288679,79.303934,0.0],[-80.29301,79.306379,0.0],[-80.292755,79.307834,0.0],[-80.292794,79.308724,0.0],[-80.27674,79.309268,0.0],[-80.270313,79.309864,0.0],[-80.267733,79.314783,0.0],[-80.272488,79.31612,0.0],[-80.28359,79.316548,0.0],[-80.28349,79.317117,0.0],[-80.256453,79.316952,0.0],[-80.250129,79.317818,0.0],[-80.230108,79.318173,0.0],[-80.218899,79.317298,0.0],[-80.212537,79.316377,0.0],[-80.205926,79.316097,0.0],[-80.19818,79.317042,0.0],[-80.187619,79.318486,0.0],[-80.177443,79.318421,0.0],[-80.177742,79.316812,0.0],[-80.183548,79.316308,0.0],[-80.186497,79.316036,0.0],[-80.186473,79.315364,0.0],[-80.177823,79.314949,0.0],[-80.173409,79.314656,0.0],[-80.173662,79.313304,0.0],[-80.182558,79.312255,0.0],[-80.186417,79.31153,0.0],[-80.188421,79.311213,0.0],[-80.195265,79.312572,0.0],[-80.205519,79.312839,0.0],[-80.20214,79.31158,0.0],[-80.204976,79.311256,0.0],[-80.207025,79.312067,0.0],[-80.212843,79.312796,0.0],[-80.219205,79.312019,0.0],[-80.221456,79.31291,0.0],[-80.222685,79.313177,0.0],[-80.22447,79.311288,0.0],[-80.218713,79.310753,0.0],[-80.214308,79.310182,0.0],[-80.208895,79.308039,0.0],[-80.20274,79.307755,0.0],[-80.187514,79.310616,0.0],[-80.182452,79.311056,0.0],[-80.178118,79.311455,0.0],[-80.175171,79.311711,0.0],[-80.167659,79.312529,0.0],[-80.167737,79.314907,0.0],[-80.166168,79.31572,0.0],[-80.164685,79.316528,0.0],[-80.158644,79.317875,0.0],[-80.154336,79.319462,0.0],[-80.150779,79.320698,0.0],[-80.150983,79.320854,0.0]],[[-80.256547,79.277416,0.0],[-80.251452,79.276967,0.0],[-80.248942,79.27643,0.0],[-80.245732,79.276147,0.0],[-80.2414,79.275568,0.0],[-80.234813,79.275625,0.0],[-80.230613,79.274908,0.0],[-80.226155,79.273954,0.0],[-80.221426,79.273889,0.0],[-80.214993,79.27452,0.0],[-80.209224,79.274118,0.0],[-80.20331,79.274168,0.0],[-80.199427,79.274115,0.0],[-80.190175,79.276261,0.0],[-80.190919,79.275188,0.0],[-80.195361,79.273716,0.0],[-80.192564,79.273579,0.0],[-80.184592,79.273432,0.0],[-80.182682,79.273819,0.0],[-80.178062,79.273858,0.0],[-80.169804,79.273745,0.0],[-80.165086,79.274507,0.0],[-80.164428,79.276161,0.0],[-80.169156,79.27649,0.0],[-80.177291,79.276795,0.0],[-80.180426,79.278115,0.0],[-80.182108,79.278138,0.0],[-80.184726,79.277608,0.0],[-80.186304,79.278955,0.0],[-80.190925,79.280097,0.0],[-80.19454,79.281617,0.0],[-80.205409,79.282752,0.0],[-80.21078,79.281699,0.0],[-80.205548,79.280407,0.0],[-80.213151,79.280342,0.0],[-80.240448,79.2809,0.0],[-80.242643,79.280171,0.0],[-80.246052,79.278835,0.0],[-80.247053,79.279091,0.0],[-80.249369,79.280063,0.0],[-80.257047,79.27943,0.0],[-80.257179,79.279089,0.0],[-80.254208,79.278583,0.0],[-80.256547,79.277416,0.0]]]}},{"type":"Feature","properties":{"rgi_id":"RGI2000-v7.0-G-03-03657","o1region":"03"},"geometry":{"type":"Polygon","coordinates":[[[-80.380635,79.290052,0.0],[-80.351716,79.289993,0.0],[-80.35177,79.289098,0.0],[-80.34695,79.289088,0.0],[-80.347112,79.2864,0.0],[-80.361567,79.28643,0.0],[-80.361619,79.285534,0.0],[-80.366437,79.285543,0.0],[-80.366647,79.28196,0.0],[-80.371463,79.281969,0.0],[-80.371515,79.281074,0.0],[-80.381147,79.281093,0.0],[-80.380891,79.285572,0.0],[-80.385709,79.285582,0.0],[-80.385557,79.28827,0.0],[-80.380737,79.28826,0.0],[-80.380635,79.290052,0.0]]]}},{"type":"Feature","properties":{"rgi_id":"RGI2000-v7.0-G-03-03658","o1region":"03"},"geometry":{"type":"Polygon","coordinates":[[[-80.447974,79.292934,0.0],[-80.481648,79.294558,0.0],[-80.481597,79.295611,0.0],[-80.476775,79.295603,0.0],[-80.476688,79.297395,0.0],[-80.471865,79.297387,0.0],[-80.471821,79.298283,0.0],[-80.466998,79.298275,0.0],[-80.466954,79.299171,0.0],[-80.46213,79.299162,0.0],[-80.462085,79.300058,0.0],[-80.457261,79.30005,0.0],[-80.457216,79.300946,0.0],[-80.452391,79.300938,0.0],[-80.45221,79.304521,0.0],[-80.447383,79.304513,0.0],[-80.447292,79.306305,0.0],[-80.442465,79.306296,0.0],[-80.442418,79.307192,0.0],[-80.437591,79.307183,0.0],[-80.437544,79.308079,0.0],[-80.432716,79.308071,0.0],[-80.432669,79.308967,0.0],[-80.427841,79.308958,0.0],[-80.427794,79.309854,0.0],[-80.422965,79.309845,0.0],[-80.422774,79.313429,0.0],[-80.427604,79.313438,0.0],[-80.427598,79.313554,0.0],[-80.422402,79.31522,0.0],[-80.413016,79.315203,0.0],[-80.413064,79.314307,0.0],[-80.393742,79.31427,0.0],[-80.393691,79.315166,0.0],[-80.38886,79.315157,0.0],[-80.388911,79.314261,0.0],[-80.374419,79.314232,0.0],[-80.374471,79.313336,0.0],[-80.36481,79.313317,0.0],[-80.364863,79.312421,0.0],[-80.369693,79.312431,0.0],[-80.369797,79.310639,0.0],[-80.364968,79.310629,0.0],[-80.365178,79.307045,0.0],[-80.370006,79.307055,0.0],[-80.370058,79.306159,0.0],[-80.374885,79.306169,0.0],[-80.375144,79.301689,0.0],[-80.370319,79.30168,0.0],[-80.370475,79.298992,0.0],[-80.375299,79.299002,0.0],[-80.37535,79.298106,0.0],[-80.380174,79.298115,0.0],[-80.380225,79.297219,0.0],[-80.389871,79.297238,0.0],[-80.389922,79.296342,0.0],[-80.423681,79.296406,0.0],[-80.423729,79.29551,0.0],[-80.438196,79.295536,0.0],[-80.438242,79.29464,0.0],[-80.443064,79.294649,0.0],[-80.44311,79.293753,0.0],[-80.447932,79.293762,0.0],[-80.447974,79.292934,0.0]]]}},{"type":"Feature","properties":{"rgi_id":"RGI2000-v7.0-G-03-03659","o1region":"03"},"geometry":{"type":"Polygon","coordinates":[[[-80.422402,79.31522,0.0],[-80.427598,79.313554,0.0],[-80.427557,79.314333,0.0],[-80.432387,79.314342,0.0],[-80.432434,79.313446,0.0],[-80.442095,79.313464,0.0],[-80.442141,79.312568,0.0],[-80.446971,79.312576,0.0],[-80.447063,79.310784,0.0],[-80.451892,79.310793,0.0],[-80.452028,79.308105,0.0],[-80.456856,79.308113,0.0],[-80.456901,79.307217,0.0],[-80.461729,79.307226,0.0],[-80.461773,79.30633,0.0],[-80.505218,79.306401,0.0],[-80.505178,79.307297,0.0],[-80.510005,79.307305,0.0],[-80.509965,79.308201,0.0],[-80.514793,79.308208,0.0],[-80.514632,79.311792,0.0],[-80.519462,79.311799,0.0],[-80.519382,79.313591,0.0],[-80.509721,79.313576,0.0],[-80.50968,79.314472,0.0],[-80.495188,79.314449,0.0],[-80.495146,79.315345,0.0],[-80.480652,79.315322,0.0],[-80.480609,79.316218,0.0],[-80.466114,79.316193,0.0],[-80.46607,79.317089,0.0],[-80.432246,79.31703,0.0],[-80.432293,79.316134,0.0],[-80.427462,79.316125,0.0],[-80.427509,79.315229,0.0],[-80.422402,79.31522,0.0]]]}},{"type":"Feature","properties":{"rgi_id":"RGI2000-v7.0-G-03-03660","o1region":"03"},"geometry":{"type":"Polygon","coordinates":[[[-80.45821,79.32979,0.0],[-80.450007,79.327984,0.0],[-80.450751,79.327985,0.0],[-80.450841,79.326193,0.0],[-80.446005,79.326185,0.0],[-80.446187,79.322601,0.0],[-80.470361,79.322642,0.0],[-80.470317,79.323538,0.0],[-80.475153,79.323546,0.0],[-80.47511,79.324442,0.0],[-80.479945,79.32445,0.0],[-80.479902,79.325346,0.0],[-80.484739,79.325354,0.0],[-80.484696,79.32625,0.0],[-80.489533,79.326258,0.0],[-80.489491,79.327154,0.0],[-80.494328,79.327162,0.0],[-80.494286,79.328057,0.0],[-80.489449,79.32805,0.0],[-80.489407,79.328946,0.0],[-80.470056,79.328914,0.0],[-80.470013,79.32981,0.0],[-80.45821,79.32979,0.0]]]}},{"type":"Feature","properties":{"rgi_id":"RGI2000-v7.0-G-03-03661","o1region":"03"},"geometry":{"type":"Polygon","coordinates":[[[-80.450007,79.327984,0.0],[-80.45821,79.32979,0.0],[-80.455499,79.329785,0.0],[-80.455454,79.330681,0.0],[-80.450615,79.330673,0.0],[-80.45057,79.331569,0.0],[-80.440893,79.331552,0.0],[-80.440847,79.332448,0.0],[-80.426329,79.332422,0.0],[-80.426376,79.331526,0.0],[-80.421538,79.331517,0.0],[-80.421633,79.329726,0.0],[-80.411957,79.329708,0.0],[-80.412005,79.328812,0.0],[-80.441031,79.328864,0.0],[-80.441077,79.327968,0.0],[-80.450007,79.327984,0.0]]]}},{"type":"Feature","properties":{"rgi_id":"RGI2000-v7.0-G-03-03662","o1region":"03"},"geometry":{"type":"Polygon","coordinates":[[[-80.469892,79.337704,0.0],[-80.46998,79.335912,0.0],[-80.489341,79.335944,0.0],[-80.489299,79.33684,0.0],[-80.498981,79.336856,0.0],[-80.498856,79.339543,0.0],[-80.474646,79.339504,0.0],[-80.474733,79.337712,0.0],[-80.469892,79.337704,0.0]]]}},{"type":"Feature","properties":{"rgi_id":"RGI2000-v7.0-G-03-03663","o1region":"03"},"geometry":{"type":"Polygon","coordinates":[[[-80.87679,79.31931,0.0],[-80.867124,79.319306,0.0],[-80.867135,79.31841,0.0],[-80.82364,79.318389,0.0],[-80.823655,79.317493,0.0],[-80.81399,79.317488,0.0],[-80.814021,79.315696,0.0],[-80.833347,79.315706,0.0],[-80.833388,79.313019,0.0],[-80.818897,79.313011,0.0],[-80.818882,79.313906,0.0],[-80.809221,79.313901,0.0],[-80.809205,79.314797,0.0],[-80.799543,79.314791,0.0],[-80.799526,79.315687,0.0],[-80.794694,79.315684,0.0],[-80.794677,79.31658,0.0],[-80.789846,79.316576,0.0],[-80.789776,79.32016,0.0],[-80.794609,79.320163,0.0],[-80.794592,79.321059,0.0],[-80.799426,79.321062,0.0],[-80.79941,79.321958,0.0],[-80.804244,79.321962,0.0],[-80.804212,79.323753,0.0],[-80.794541,79.323747,0.0],[-80.794558,79.322851,0.0],[-80.784889,79.322845,0.0],[-80.784907,79.321949,0.0],[-80.770404,79.321939,0.0],[-80.770423,79.321043,0.0],[-80.765589,79.321039,0.0],[-80.765627,79.319247,0.0],[-80.751128,79.319236,0.0],[-80.751107,79.320132,0.0],[-80.74144,79.320124,0.0],[-80.741419,79.32102,0.0],[-80.736585,79.321016,0.0],[-80.736563,79.321912,0.0],[-80.741398,79.321916,0.0],[-80.741355,79.323708,0.0],[-80.751025,79.323716,0.0],[-80.751004,79.324612,0.0],[-80.75584,79.324616,0.0],[-80.75582,79.325512,0.0],[-80.770327,79.325522,0.0],[-80.770308,79.326418,0.0],[-80.779981,79.326425,0.0],[-80.779963,79.327321,0.0],[-80.789636,79.327328,0.0],[-80.789619,79.328224,0.0],[-80.784782,79.328221,0.0],[-80.784746,79.330013,0.0],[-80.779908,79.330009,0.0],[-80.779871,79.331801,0.0],[-80.775033,79.331798,0.0],[-80.774995,79.33359,0.0],[-80.770156,79.333586,0.0],[-80.770137,79.334482,0.0],[-80.765297,79.334479,0.0],[-80.765277,79.335375,0.0],[-80.760437,79.335371,0.0],[-80.760417,79.336267,0.0],[-80.71201,79.336226,0.0],[-80.712033,79.33533,0.0],[-80.697512,79.335317,0.0],[-80.697487,79.336213,0.0],[-80.687806,79.336203,0.0],[-80.68778,79.337099,0.0],[-80.678098,79.337089,0.0],[-80.678071,79.337985,0.0],[-80.668388,79.337975,0.0],[-80.668361,79.338871,0.0],[-80.663519,79.338866,0.0],[-80.663491,79.339762,0.0],[-80.658648,79.339757,0.0],[-80.65862,79.340653,0.0],[-80.653777,79.340648,0.0],[-80.653749,79.341544,0.0],[-80.648906,79.341538,0.0],[-80.648876,79.342434,0.0],[-80.639189,79.342423,0.0],[-80.639219,79.341527,0.0],[-80.634376,79.341522,0.0],[-80.634437,79.33973,0.0],[-80.629595,79.339724,0.0],[-80.629871,79.331661,0.0],[-80.63471,79.331666,0.0],[-80.63474,79.33077,0.0],[-80.639579,79.330776,0.0],[-80.639609,79.32988,0.0],[-80.678312,79.329922,0.0],[-80.678392,79.327234,0.0],[-80.673555,79.327229,0.0],[-80.673582,79.326333,0.0],[-80.668746,79.326328,0.0],[-80.668773,79.325432,0.0],[-80.663937,79.325427,0.0],[-80.663965,79.324531,0.0],[-80.634952,79.324499,0.0],[-80.634983,79.323603,0.0],[-80.605973,79.323568,0.0],[-80.606005,79.322672,0.0],[-80.61084,79.322678,0.0],[-80.610904,79.320886,0.0],[-80.620572,79.320898,0.0],[-80.620604,79.320002,0.0],[-80.625437,79.320007,0.0],[-80.625468,79.319111,0.0],[-80.635134,79.319123,0.0],[-80.635164,79.318227,0.0],[-80.649662,79.318243,0.0],[-80.649691,79.317347,0.0],[-80.66902,79.317368,0.0],[-80.669075,79.315576,0.0],[-80.664244,79.315571,0.0],[-80.664271,79.314675,0.0],[-80.654609,79.314665,0.0],[-80.654638,79.313769,0.0],[-80.649807,79.313764,0.0],[-80.649865,79.311972,0.0],[-80.645036,79.311966,0.0],[-80.645065,79.31107,0.0],[-80.669212,79.311097,0.0],[-80.66924,79.310201,0.0],[-80.678898,79.310211,0.0],[-80.678924,79.309315,0.0],[-80.688582,79.309324,0.0],[-80.688607,79.308429,0.0],[-80.707921,79.308447,0.0],[-80.707896,79.309343,0.0],[-80.712725,79.309347,0.0],[-80.712701,79.310243,0.0],[-80.71753,79.310248,0.0],[-80.717554,79.309352,0.0],[-80.722382,79.309356,0.0],[-80.722405,79.30846,0.0],[-80.746547,79.308481,0.0],[-80.746526,79.309377,0.0],[-80.751355,79.30938,0.0],[-80.751334,79.310276,0.0],[-80.746505,79.310273,0.0],[-80.746484,79.311168,0.0],[-80.727166,79.311152,0.0],[-80.727143,79.312048,0.0],[-80.707824,79.312031,0.0],[-80.7078,79.312927,0.0],[-80.698139,79.312918,0.0],[-80.698114,79.313814,0.0],[-80.688453,79.313804,0.0],[-80.688427,79.3147,0.0],[-80.717413,79.314728,0.0],[-80.717437,79.313832,0.0],[-80.751252,79.31386,0.0],[-80.751272,79.312964,0.0],[-80.765763,79.312975,0.0],[-80.765783,79.312079,0.0],[-80.760953,79.312076,0.0],[-80.761012,79.309388,0.0],[-80.756184,79.309384,0.0],[-80.756305,79.304008,0.0],[-80.761131,79.304012,0.0],[-80.761111,79.304908,0.0],[-80.765938,79.304912,0.0],[-80.765919,79.305808,0.0],[-80.770746,79.305811,0.0],[-80.770727,79.306707,0.0],[-80.775554,79.306711,0.0],[-80.775536,79.307607,0.0],[-80.780364,79.30761,0.0],[-80.780345,79.308506,0.0],[-80.785174,79.308509,0.0],[-80.785156,79.309405,0.0],[-80.799642,79.309415,0.0],[-80.799659,79.308519,0.0],[-80.804487,79.308522,0.0],[-80.804536,79.305834,0.0],[-80.81419,79.30584,0.0],[-80.814205,79.304944,0.0],[-80.833513,79.304955,0.0],[-80.833526,79.304059,0.0],[-80.843179,79.304064,0.0],[-80.843192,79.303168,0.0],[-80.848018,79.30317,0.0],[-80.848043,79.301378,0.0],[-80.857694,79.301383,0.0],[-80.857705,79.300487,0.0],[-80.87218,79.300493,0.0],[-80.872169,79.301389,0.0],[-80.896295,79.301398,0.0],[-80.896287,79.302294,0.0],[-80.891461,79.302292,0.0],[-80.891452,79.303188,0.0],[-80.876974,79.303183,0.0],[-80.876964,79.304079,0.0],[-80.867311,79.304075,0.0],[-80.8673,79.304971,0.0],[-80.862473,79.304969,0.0],[-80.862428,79.308553,0.0],[-80.867256,79.308555,0.0],[-80.867245,79.309451,0.0],[-80.872074,79.309453,0.0],[-80.872053,79.311245,0.0],[-80.876882,79.311247,0.0],[-80.876842,79.314831,0.0],[-80.881673,79.314832,0.0],[-80.881634,79.318416,0.0],[-80.876801,79.318414,0.0],[-80.87679,79.31931,0.0]]]}},{"type":"Feature","properties":{"rgi_id":"RGI2000-v7.0-G-03-03664","o1region":"03"},"geometry":{"type":"Polygon","coordinates":[[[-80.722566,79.302188,0.0],[-80.712915,79.30218,0.0],[-80.712892,79.303076,0.0],[-80.70324,79.303067,0.0],[-80.703215,79.303963,0.0],[-80.693563,79.303953,0.0],[-80.693537,79.304849,0.0],[-80.683884,79.30484,0.0],[-80.683858,79.305736,0.0],[-80.674204,79.305726,0.0],[-80.674177,79.306622,0.0],[-80.659694,79.306607,0.0],[-80.659666,79.307503,0.0],[-80.640355,79.307481,0.0],[-80.640474,79.303897,0.0],[-80.6453,79.303903,0.0],[-80.645359,79.302111,0.0],[-80.65501,79.302122,0.0],[-80.655038,79.301226,0.0],[-80.722589,79.301292,0.0],[-80.722566,79.302188,0.0]]]}},{"type":"Feature","properties":{"rgi_id":"RGI2000-v7.0-G-03-03665","o1region":"03"},"geometry":{"type":"Polygon","coordinates":[[[-80.828757,79.300472,0.0],[-80.809458,79.300461,0.0],[-80.809442,79.301357,0.0],[-80.799791,79.301351,0.0],[-80.799808,79.300455,0.0],[-80.794983,79.300452,0.0],[-80.795017,79.29866,0.0],[-80.790193,79.298657,0.0],[-80.790228,79.296865,0.0],[-80.795051,79.296868,0.0],[-80.795068,79.295972,0.0],[-80.804714,79.295978,0.0],[-80.804697,79.296874,0.0],[-80.809521,79.296877,0.0],[-80.809536,79.295981,0.0],[-80.819182,79.295987,0.0],[-80.819197,79.295091,0.0],[-80.824019,79.295094,0.0],[-80.824034,79.294198,0.0],[-80.843322,79.294208,0.0],[-80.84327,79.297792,0.0],[-80.838446,79.29779,0.0],[-80.838433,79.298686,0.0],[-80.833609,79.298683,0.0],[-80.833595,79.299579,0.0],[-80.828771,79.299576,0.0],[-80.828757,79.300472,0.0]]]}},{"type":"Feature","properties":{"rgi_id":"RGI2000-v7.0-G-03-03666","o1region":"03"},"geometry":{"type":"Polygon","coordinates":[[[-81.021738,79.295142,0.0],[-81.007271,79.295143,0.0],[-81.007272,79.296039,0.0],[-80.983158,79.296039,0.0],[-80.98316,79.294247,0.0],[-80.978338,79.294246,0.0],[-80.978342,79.292455,0.0],[-80.973521,79.292454,0.0],[-80.973523,79.291558,0.0],[-80.963881,79.291557,0.0],[-80.963878,79.292453,0.0],[-80.949414,79.292451,0.0],[-80.94941,79.293347,0.0],[-80.944589,79.293346,0.0],[-80.944584,79.294242,0.0],[-80.93494,79.29424,0.0],[-80.934935,79.295136,0.0],[-80.92529,79.295134,0.0],[-80.925302,79.293342,0.0],[-80.930124,79.293343,0.0],[-80.93013,79.292448,0.0],[-80.934951,79.292449,0.0],[-80.934962,79.290657,0.0],[-80.930141,79.290656,0.0],[-80.930147,79.28976,0.0],[-80.915687,79.289756,0.0],[-80.91568,79.290652,0.0],[-80.896398,79.290646,0.0],[-80.896407,79.28975,0.0],[-80.891587,79.289749,0.0],[-80.891631,79.285269,0.0],[-80.896449,79.28527,0.0],[-80.896467,79.283478,0.0],[-80.901284,79.28348,0.0],[-80.901292,79.282584,0.0],[-80.906109,79.282586,0.0],[-80.906101,79.283481,0.0],[-80.915736,79.283484,0.0],[-80.915729,79.28438,0.0],[-80.920546,79.284381,0.0],[-80.92054,79.285277,0.0],[-80.925358,79.285279,0.0],[-80.925352,79.286175,0.0],[-80.934988,79.286177,0.0],[-80.934994,79.285281,0.0],[-80.939812,79.285282,0.0],[-80.939827,79.282594,0.0],[-80.944644,79.282595,0.0],[-80.944653,79.280803,0.0],[-80.949469,79.280804,0.0],[-80.949473,79.279908,0.0],[-80.954289,79.279908,0.0],[-80.954292,79.279012,0.0],[-80.959108,79.279013,0.0],[-80.959111,79.278117,0.0],[-80.963926,79.278118,0.0],[-80.963929,79.277222,0.0],[-80.973558,79.277223,0.0],[-80.97356,79.276327,0.0],[-80.978374,79.276327,0.0],[-80.978372,79.277223,0.0],[-81.002445,79.277224,0.0],[-81.002445,79.27812,0.0],[-80.99763,79.27812,0.0],[-80.997628,79.285287,0.0],[-81.002446,79.285287,0.0],[-81.002447,79.286183,0.0],[-81.007265,79.286183,0.0],[-81.007266,79.287079,0.0],[-81.012084,79.287079,0.0],[-81.012085,79.287975,0.0],[-81.016905,79.287975,0.0],[-81.016906,79.288871,0.0],[-81.021726,79.288871,0.0],[-81.021728,79.289767,0.0],[-81.026548,79.289766,0.0],[-81.026554,79.292454,0.0],[-81.021733,79.292455,0.0],[-81.021738,79.295142,0.0]]]}},{"type":"Feature","properties":{"rgi_id":"RGI2000-v7.0-G-03-03667","o1region":"03"},"geometry":{"type":"Polygon","coordinates":[[[-81.050618,79.283491,0.0],[-81.040984,79.283493,0.0],[-81.040981,79.282597,0.0],[-81.031347,79.282598,0.0],[-81.031355,79.285286,0.0],[-81.016901,79.285287,0.0],[-81.016899,79.284391,0.0],[-81.012081,79.284391,0.0],[-81.01208,79.283495,0.0],[-81.007263,79.283495,0.0],[-81.007263,79.282599,0.0],[-81.016896,79.282599,0.0],[-81.016895,79.281703,0.0],[-81.026528,79.281702,0.0],[-81.026523,79.279911,0.0],[-81.031339,79.27991,0.0],[-81.031337,79.279014,0.0],[-81.050598,79.279012,0.0],[-81.050606,79.280804,0.0],[-81.055422,79.280803,0.0],[-81.055431,79.282595,0.0],[-81.050614,79.282595,0.0],[-81.050618,79.283491,0.0]]]}},{"type":"Feature","properties":{"rgi_id":"RGI2000-v7.0-G-03-03669","o1region":"03"},"geometry":{"type":"Polygon","coordinates":[[[-80.823215,79.344372,0.0],[-80.823244,79.34258,0.0],[-80.813557,79.342575,0.0],[-80.813542,79.343471,0.0],[-80.808698,79.343468,0.0],[-80.808682,79.344364,0.0],[-80.803837,79.344361,0.0],[-80.803821,79.345257,0.0],[-80.798976,79.345254,0.0],[-80.79896,79.34615,0.0],[-80.774734,79.346133,0.0],[-80.774808,79.342549,0.0],[-80.779652,79.342553,0.0],[-80.779689,79.340761,0.0],[-80.784531,79.340764,0.0],[-80.784567,79.338972,0.0],[-80.789409,79.338975,0.0],[-80.789444,79.337184,0.0],[-80.794285,79.337187,0.0],[-80.794302,79.336291,0.0],[-80.799143,79.336294,0.0],[-80.79916,79.335398,0.0],[-80.804,79.335401,0.0],[-80.804017,79.334505,0.0],[-80.808857,79.334508,0.0],[-80.808872,79.333612,0.0],[-80.813712,79.333615,0.0],[-80.813727,79.332719,0.0],[-80.823406,79.332725,0.0],[-80.82342,79.331829,0.0],[-80.837937,79.331836,0.0],[-80.83795,79.33094,0.0],[-80.876658,79.330958,0.0],[-80.876637,79.33275,0.0],[-80.871798,79.332748,0.0],[-80.871777,79.33454,0.0],[-80.866937,79.334538,0.0],[-80.866914,79.33633,0.0],[-80.862074,79.336328,0.0],[-80.862062,79.337224,0.0],[-80.857221,79.337222,0.0],[-80.857209,79.338118,0.0],[-80.852368,79.338115,0.0],[-80.852355,79.339011,0.0],[-80.847513,79.339009,0.0],[-80.847501,79.339905,0.0],[-80.842658,79.339903,0.0],[-80.842645,79.340799,0.0],[-80.837802,79.340796,0.0],[-80.837775,79.342588,0.0],[-80.847463,79.342593,0.0],[-80.847437,79.344385,0.0],[-80.852282,79.344387,0.0],[-80.852245,79.347075,0.0],[-80.837708,79.347068,0.0],[-80.837721,79.346172,0.0],[-80.832876,79.346169,0.0],[-80.83289,79.345273,0.0],[-80.828045,79.345271,0.0],[-80.828059,79.344375,0.0],[-80.823215,79.344372,0.0]]]}},{"type":"Feature","properties":{"rgi_id":"RGI2000-v7.0-G-03-03670","o1region":"03"},"geometry":{"type":"Polygon","coordinates":[[[-80.80374,79.349736,0.0],[-80.803772,79.347945,0.0],[-80.823156,79.347956,0.0],[-80.823142,79.348852,0.0],[-80.827988,79.348855,0.0],[-80.827959,79.350647,0.0],[-80.832807,79.350649,0.0],[-80.832779,79.352441,0.0],[-80.827931,79.352439,0.0],[-80.827945,79.351543,0.0],[-80.813402,79.351534,0.0],[-80.813418,79.350638,0.0],[-80.80857,79.350635,0.0],[-80.808586,79.349739,0.0],[-80.80374,79.349736,0.0]]]}},{"type":"Feature","properties":{"rgi_id":"RGI2000-v7.0-G-03-03671","o1region":"03"},"geometry":{"type":"Polygon","coordinates":[[[-80.481648,79.294558,0.0],[-80.447974,79.292934,0.0],[-80.447977,79.292866,0.0],[-80.452799,79.292874,0.0],[-80.452889,79.291082,0.0],[-80.457709,79.291091,0.0],[-80.457799,79.289299,0.0],[-80.462619,79.289307,0.0],[-80.462707,79.287515,0.0],[-80.467526,79.287523,0.0],[-80.46757,79.286627,0.0],[-80.486844,79.28666,0.0],[-80.486802,79.287556,0.0],[-80.496439,79.287571,0.0],[-80.496481,79.286675,0.0],[-80.5013,79.286683,0.0],[-80.501423,79.283995,0.0],[-80.50624,79.284003,0.0],[-80.506363,79.281315,0.0],[-80.520811,79.281337,0.0],[-80.520772,79.282233,0.0],[-80.530405,79.282248,0.0],[-80.530366,79.283144,0.0],[-80.535183,79.283151,0.0],[-80.535144,79.284047,0.0],[-80.530327,79.28404,0.0],[-80.530288,79.284936,0.0],[-80.52547,79.284928,0.0],[-80.525431,79.285824,0.0],[-80.520613,79.285817,0.0],[-80.520574,79.286713,0.0],[-80.515755,79.286706,0.0],[-80.515715,79.287602,0.0],[-80.510896,79.287594,0.0],[-80.510815,79.289386,0.0],[-80.505996,79.289378,0.0],[-80.505914,79.29117,0.0],[-80.501093,79.291163,0.0],[-80.501052,79.292059,0.0],[-80.496231,79.292051,0.0],[-80.49619,79.292947,0.0],[-80.486547,79.292931,0.0],[-80.486505,79.293827,0.0],[-80.481683,79.293819,0.0],[-80.481648,79.294558,0.0]]]}},{"type":"Feature","properties":{"rgi_id":"RGI2000-v7.0-G-03-03672","o1region":"03"},"geometry":{"type":"Polygon","coordinates":[[[-80.733716,79.241271,0.0],[-80.714522,79.241254,0.0],[-80.714545,79.240358,0.0],[-80.704949,79.240349,0.0],[-80.704973,79.239453,0.0],[-80.695378,79.239444,0.0],[-80.695403,79.238548,0.0],[-80.690606,79.238543,0.0],[-80.69058,79.239439,0.0],[-80.685782,79.239435,0.0],[-80.685731,79.241227,0.0],[-80.680932,79.241222,0.0],[-80.680827,79.244806,0.0],[-80.676027,79.244801,0.0],[-80.675974,79.246593,0.0],[-80.671173,79.246588,0.0],[-80.671146,79.247483,0.0],[-80.661543,79.247473,0.0],[-80.661571,79.246577,0.0],[-80.618364,79.246527,0.0],[-80.618333,79.247423,0.0],[-80.613531,79.247418,0.0],[-80.6135,79.248314,0.0],[-80.599095,79.248295,0.0],[-80.599161,79.246503,0.0],[-80.59436,79.246497,0.0],[-80.594394,79.245601,0.0],[-80.589593,79.245595,0.0],[-80.589728,79.242011,0.0],[-80.594527,79.242017,0.0],[-80.59456,79.241122,0.0],[-80.608956,79.24114,0.0],[-80.608988,79.240244,0.0],[-80.623382,79.240262,0.0],[-80.62332,79.242054,0.0],[-80.632918,79.242065,0.0],[-80.632948,79.241169,0.0],[-80.637746,79.241175,0.0],[-80.637776,79.240279,0.0],[-80.642574,79.240284,0.0],[-80.642633,79.238492,0.0],[-80.64743,79.238498,0.0],[-80.647459,79.237602,0.0],[-80.652256,79.237607,0.0],[-80.652313,79.235815,0.0],[-80.657109,79.235821,0.0],[-80.657137,79.234925,0.0],[-80.661933,79.23493,0.0],[-80.661989,79.233138,0.0],[-80.652399,79.233127,0.0],[-80.65237,79.234023,0.0],[-80.628394,79.233996,0.0],[-80.628424,79.2331,0.0],[-80.638014,79.233111,0.0],[-80.638044,79.232215,0.0],[-80.657222,79.232237,0.0],[-80.65725,79.231341,0.0],[-80.662044,79.231346,0.0],[-80.662072,79.23045,0.0],[-80.671659,79.23046,0.0],[-80.671686,79.229564,0.0],[-80.681273,79.229574,0.0],[-80.681247,79.23047,0.0],[-80.690834,79.23048,0.0],[-80.69086,79.229584,0.0],[-80.710033,79.229602,0.0],[-80.709986,79.231394,0.0],[-80.700397,79.231385,0.0],[-80.700373,79.232281,0.0],[-80.705167,79.232286,0.0],[-80.705143,79.233182,0.0],[-80.714733,79.233191,0.0],[-80.714756,79.232295,0.0],[-80.72914,79.232307,0.0],[-80.729029,79.236787,0.0],[-80.733825,79.236791,0.0],[-80.733847,79.235895,0.0],[-80.743439,79.235903,0.0],[-80.743418,79.236799,0.0],[-80.748215,79.236803,0.0],[-80.748194,79.237699,0.0],[-80.743397,79.237695,0.0],[-80.743271,79.243071,0.0],[-80.738471,79.243067,0.0],[-80.738493,79.242171,0.0],[-80.733694,79.242167,0.0],[-80.733716,79.241271,0.0]]]}},{"type":"Feature","properties":{"rgi_id":"RGI2000-v7.0-G-03-03673","o1region":"03"},"geometry":{"type":"Polygon","coordinates":[[[-80.738987,79.221564,0.0],[-80.729407,79.221556,0.0],[-80.729385,79.222452,0.0],[-80.719804,79.222443,0.0],[-80.719827,79.221547,0.0],[-80.710248,79.221539,0.0],[-80.710271,79.220643,0.0],[-80.705482,79.220638,0.0],[-80.70553,79.218846,0.0],[-80.710319,79.218851,0.0],[-80.710343,79.217955,0.0],[-80.715131,79.217959,0.0],[-80.715154,79.217063,0.0],[-80.719942,79.217067,0.0],[-80.719988,79.215276,0.0],[-80.724775,79.21528,0.0],[-80.724821,79.213488,0.0],[-80.729607,79.213492,0.0],[-80.729718,79.209012,0.0],[-80.734502,79.209016,0.0],[-80.734546,79.207224,0.0],[-80.739329,79.207228,0.0],[-80.739351,79.206332,0.0],[-80.744134,79.206336,0.0],[-80.744155,79.20544,0.0],[-80.75372,79.205448,0.0],[-80.753741,79.204552,0.0],[-80.77287,79.204567,0.0],[-80.772889,79.203671,0.0],[-80.787235,79.203681,0.0],[-80.787217,79.204577,0.0],[-80.792,79.20458,0.0],[-80.791983,79.205476,0.0],[-80.801548,79.205482,0.0],[-80.801532,79.206378,0.0],[-80.806315,79.206381,0.0],[-80.806284,79.208173,0.0],[-80.791932,79.208164,0.0],[-80.791915,79.20906,0.0],[-80.767993,79.209043,0.0],[-80.767974,79.209939,0.0],[-80.763189,79.209935,0.0],[-80.763072,79.215311,0.0],[-80.758285,79.215308,0.0],[-80.758226,79.217995,0.0],[-80.753437,79.217992,0.0],[-80.753417,79.218888,0.0],[-80.748628,79.218884,0.0],[-80.748608,79.21978,0.0],[-80.743819,79.219776,0.0],[-80.743798,79.220672,0.0],[-80.739008,79.220668,0.0],[-80.738987,79.221564,0.0]]]}},{"type":"Feature","properties":{"rgi_id":"RGI2000-v7.0-G-03-03674","o1region":"03"},"geometry":{"type":"Polygon","coordinates":[[[-80.634481,79.195475,0.0],[-80.624925,79.195464,0.0],[-80.624894,79.19636,0.0],[-80.615336,79.196348,0.0],[-80.615305,79.197244,0.0],[-80.605747,79.197232,0.0],[-80.605714,79.198128,0.0],[-80.600935,79.198122,0.0],[-80.600902,79.199018,0.0],[-80.591342,79.199005,0.0],[-80.591309,79.199901,0.0],[-80.581748,79.199889,0.0],[-80.581783,79.198993,0.0],[-80.586562,79.198999,0.0],[-80.586664,79.196311,0.0],[-80.591443,79.196317,0.0],[-80.591476,79.195422,0.0],[-80.601033,79.195434,0.0],[-80.601066,79.194538,0.0],[-80.615399,79.194556,0.0],[-80.615431,79.19366,0.0],[-80.634541,79.193683,0.0],[-80.634481,79.195475,0.0]]]}},{"type":"Feature","properties":{"rgi_id":"RGI2000-v7.0-G-03-03675","o1region":"03"},"geometry":{"type":"Polygon","coordinates":[[[-80.548508,79.194466,0.0],[-80.529397,79.194438,0.0],[-80.529358,79.195334,0.0],[-80.510245,79.195304,0.0],[-80.510286,79.194408,0.0],[-80.515063,79.194416,0.0],[-80.515103,79.19352,0.0],[-80.529435,79.193542,0.0],[-80.529513,79.19175,0.0],[-80.505629,79.191713,0.0],[-80.50571,79.189921,0.0],[-80.539141,79.189972,0.0],[-80.539104,79.190868,0.0],[-80.54388,79.190875,0.0],[-80.543805,79.192667,0.0],[-80.548582,79.192674,0.0],[-80.548508,79.194466,0.0]]]}},{"type":"Feature","properties":{"rgi_id":"RGI2000-v7.0-G-03-03676","o1region":"03"},"geometry":{"type":"Polygon","coordinates":[[[-80.53341,79.212364,0.0],[-80.504696,79.21232,0.0],[-80.504737,79.211424,0.0],[-80.480811,79.211385,0.0],[-80.480768,79.212281,0.0],[-80.461626,79.212248,0.0],[-80.46167,79.211352,0.0],[-80.466455,79.21136,0.0],[-80.466499,79.210465,0.0],[-80.471284,79.210473,0.0],[-80.471327,79.209577,0.0],[-80.476111,79.209585,0.0],[-80.47624,79.206897,0.0],[-80.471457,79.206889,0.0],[-80.47163,79.203305,0.0],[-80.466849,79.203297,0.0],[-80.466892,79.202401,0.0],[-80.462111,79.202393,0.0],[-80.462199,79.200601,0.0],[-80.457419,79.200593,0.0],[-80.457463,79.199697,0.0],[-80.447903,79.19968,0.0],[-80.447948,79.198784,0.0],[-80.438389,79.198767,0.0],[-80.438435,79.197871,0.0],[-80.419318,79.197836,0.0],[-80.41927,79.198732,0.0],[-80.409711,79.198714,0.0],[-80.409662,79.19961,0.0],[-80.390542,79.199573,0.0],[-80.390642,79.197781,0.0],[-80.400201,79.1978,0.0],[-80.40025,79.196904,0.0],[-80.405029,79.196913,0.0],[-80.405077,79.196017,0.0],[-80.414634,79.196035,0.0],[-80.414682,79.195139,0.0],[-80.424239,79.195157,0.0],[-80.424286,79.194261,0.0],[-80.443397,79.194296,0.0],[-80.443442,79.1934,0.0],[-80.448219,79.193408,0.0],[-80.448265,79.192512,0.0],[-80.453042,79.192521,0.0],[-80.453086,79.191625,0.0],[-80.467416,79.19165,0.0],[-80.467373,79.192546,0.0],[-80.491258,79.192586,0.0],[-80.491216,79.193482,0.0],[-80.500771,79.193497,0.0],[-80.500689,79.195289,0.0],[-80.505467,79.195297,0.0],[-80.505386,79.197089,0.0],[-80.510165,79.197096,0.0],[-80.510125,79.197992,0.0],[-80.514904,79.198,0.0],[-80.514865,79.198896,0.0],[-80.519645,79.198903,0.0],[-80.519605,79.199799,0.0],[-80.514825,79.199791,0.0],[-80.514706,79.202479,0.0],[-80.509924,79.202472,0.0],[-80.509844,79.204264,0.0],[-80.505062,79.204256,0.0],[-80.505021,79.205152,0.0],[-80.500239,79.205144,0.0],[-80.500157,79.206936,0.0],[-80.495373,79.206929,0.0],[-80.495249,79.209616,0.0],[-80.504818,79.209632,0.0],[-80.504859,79.208736,0.0],[-80.509643,79.208743,0.0],[-80.509683,79.207847,0.0],[-80.514467,79.207855,0.0],[-80.514507,79.206959,0.0],[-80.51929,79.206966,0.0],[-80.519408,79.204279,0.0],[-80.52419,79.204286,0.0],[-80.524229,79.20339,0.0],[-80.533793,79.203404,0.0],[-80.533831,79.202509,0.0],[-80.543394,79.202523,0.0],[-80.543431,79.201627,0.0],[-80.557774,79.201647,0.0],[-80.557738,79.202543,0.0],[-80.56252,79.20255,0.0],[-80.562484,79.203446,0.0],[-80.567266,79.203453,0.0],[-80.567195,79.205245,0.0],[-80.562412,79.205238,0.0],[-80.562376,79.206134,0.0],[-80.557593,79.206127,0.0],[-80.557557,79.207023,0.0],[-80.552773,79.207016,0.0],[-80.552737,79.207912,0.0],[-80.547953,79.207905,0.0],[-80.547916,79.208801,0.0],[-80.543132,79.208794,0.0],[-80.543094,79.20969,0.0],[-80.53831,79.209683,0.0],[-80.538272,79.210579,0.0],[-80.533487,79.210572,0.0],[-80.53341,79.212364,0.0]]]}},{"type":"Feature","properties":{"rgi_id":"RGI2000-v7.0-G-03-03677","o1region":"03"},"geometry":{"type":"Polygon","coordinates":[[[-80.48217,79.182715,0.0],[-80.472625,79.182699,0.0],[-80.472582,79.183594,0.0],[-80.467808,79.183586,0.0],[-80.467765,79.184482,0.0],[-80.458218,79.184466,0.0],[-80.458174,79.185362,0.0],[-80.443852,79.185336,0.0],[-80.443807,79.186232,0.0],[-80.434258,79.186215,0.0],[-80.434212,79.187111,0.0],[-80.415114,79.187076,0.0],[-80.415161,79.18618,0.0],[-80.419936,79.186189,0.0],[-80.420031,79.184397,0.0],[-80.424804,79.184406,0.0],[-80.424898,79.182614,0.0],[-80.429671,79.182623,0.0],[-80.429764,79.180831,0.0],[-80.42022,79.180813,0.0],[-80.420268,79.179917,0.0],[-80.415496,79.179908,0.0],[-80.41564,79.17722,0.0],[-80.42041,79.177229,0.0],[-80.420457,79.176333,0.0],[-80.434767,79.17636,0.0],[-80.434813,79.175464,0.0],[-80.444352,79.175481,0.0],[-80.444398,79.174585,0.0],[-80.463474,79.174619,0.0],[-80.463431,79.175515,0.0],[-80.4682,79.175523,0.0],[-80.468157,79.176419,0.0],[-80.472927,79.176427,0.0],[-80.47284,79.178219,0.0],[-80.482382,79.178235,0.0],[-80.482339,79.179131,0.0],[-80.487111,79.179139,0.0],[-80.486985,79.181827,0.0],[-80.482212,79.181819,0.0],[-80.48217,79.182715,0.0]]]}},{"type":"Feature","properties":{"rgi_id":"RGI2000-v7.0-G-03-03678","o1region":"03"},"geometry":{"type":"Polygon","coordinates":[[[-80.484623,79.231999,0.0],[-80.484666,79.231103,0.0],[-80.479872,79.231095,0.0],[-80.479915,79.2302,0.0],[-80.470328,79.230183,0.0],[-80.470371,79.229287,0.0],[-80.460785,79.229271,0.0],[-80.460829,79.228375,0.0],[-80.456037,79.228367,0.0],[-80.456081,79.227471,0.0],[-80.470458,79.227496,0.0],[-80.470502,79.2266,0.0],[-80.484877,79.226624,0.0],[-80.48492,79.225728,0.0],[-80.494503,79.225743,0.0],[-80.494544,79.224847,0.0],[-80.508918,79.22487,0.0],[-80.508877,79.225766,0.0],[-80.513669,79.225774,0.0],[-80.513589,79.227566,0.0],[-80.508797,79.227558,0.0],[-80.508756,79.228454,0.0],[-80.503964,79.228447,0.0],[-80.503923,79.229343,0.0],[-80.49913,79.229335,0.0],[-80.499089,79.230231,0.0],[-80.494295,79.230223,0.0],[-80.494253,79.231119,0.0],[-80.48946,79.231111,0.0],[-80.489418,79.232007,0.0],[-80.484623,79.231999,0.0]]]}},{"type":"Feature","properties":{"rgi_id":"RGI2000-v7.0-G-03-03679","o1region":"03"},"geometry":{"type":"Polygon","coordinates":[[[-80.265302,79.213639,0.0],[-80.265182,79.215431,0.0],[-80.255608,79.215408,0.0],[-80.255547,79.216304,0.0],[-80.245972,79.216281,0.0],[-80.245911,79.217177,0.0],[-80.20761,79.217082,0.0],[-80.207675,79.216186,0.0],[-80.21725,79.21621,0.0],[-80.217314,79.215314,0.0],[-80.222101,79.215326,0.0],[-80.222164,79.21443,0.0],[-80.255669,79.214512,0.0],[-80.25573,79.213616,0.0],[-80.265302,79.213639,0.0]]]}},{"type":"Feature","properties":{"rgi_id":"RGI2000-v7.0-G-03-03680","o1region":"03"},"geometry":{"type":"Polygon","coordinates":[[[-80.137306,79.219133,0.0],[-80.134492,79.218229,0.0],[-80.135224,79.215715,0.0],[-80.133648,79.214832,0.0],[-80.132353,79.213742,0.0],[-80.130926,79.212942,0.0],[-80.129114,79.211417,0.0],[-80.121028,79.211033,0.0],[-80.110115,79.210464,0.0],[-80.106863,79.21131,0.0],[-80.105999,79.214252,0.0],[-80.10915,79.215838,0.0],[-80.111685,79.216769,0.0],[-80.113087,79.220419,0.0],[-80.115128,79.222828,0.0],[-80.112894,79.222838,0.0],[-80.110094,79.222551,0.0],[-80.101468,79.222217,0.0],[-80.098654,79.221184,0.0],[-80.096404,79.220256,0.0],[-80.090454,79.219016,0.0],[-80.084917,79.218507,0.0],[-80.082363,79.21805,0.0],[-80.076851,79.216901,0.0],[-80.070431,79.216241,0.0],[-80.066879,79.216256,0.0],[-80.061928,79.214435,0.0],[-80.069445,79.211159,0.0],[-80.069244,79.209566,0.0],[-80.072362,79.209268,0.0],[-80.075739,79.208982,0.0],[-80.083956,79.207959,0.0],[-80.097309,79.207522,0.0],[-80.102731,79.207217,0.0],[-80.107004,79.20695,0.0],[-80.111384,79.206704,0.0],[-80.118548,79.206177,0.0],[-80.126421,79.205628,0.0],[-80.133387,79.204962,0.0],[-80.145927,79.205446,0.0],[-80.14872,79.205733,0.0],[-80.154208,79.206237,0.0],[-80.160297,79.20768,0.0],[-80.163755,79.209105,0.0],[-80.171818,79.210782,0.0],[-80.177088,79.208765,0.0],[-80.182449,79.208309,0.0],[-80.190209,79.207446,0.0],[-80.197391,79.207041,0.0],[-80.197498,79.206664,0.0],[-80.19739,79.205882,0.0],[-80.200972,79.204935,0.0],[-80.199046,79.201836,0.0],[-80.202052,79.201822,0.0],[-80.206151,79.202242,0.0],[-80.211499,79.201189,0.0],[-80.216091,79.201475,0.0],[-80.220466,79.203075,0.0],[-80.222207,79.204156,0.0],[-80.230365,79.20561,0.0],[-80.219275,79.209038,0.0],[-80.209344,79.210991,0.0],[-80.185674,79.211257,0.0],[-80.187073,79.21177,0.0],[-80.193745,79.212381,0.0],[-80.195532,79.213116,0.0],[-80.198329,79.214139,0.0],[-80.195448,79.214997,0.0],[-80.189551,79.216316,0.0],[-80.186672,79.217125,0.0],[-80.177975,79.219068,0.0],[-80.17567,79.224228,0.0],[-80.178814,79.225379,0.0],[-80.171074,79.225075,0.0],[-80.163965,79.223599,0.0],[-80.160345,79.223228,0.0],[-80.157216,79.222941,0.0],[-80.153271,79.221069,0.0],[-80.151916,79.21757,0.0],[-80.145992,79.217924,0.0],[-80.137306,79.219133,0.0]]]}},{"type":"Feature","properties":{"rgi_id":"RGI2000-v7.0-G-03-03681","o1region":"03"},"geometry":{"type":"Polygon","coordinates":[[[-80.064299,79.2131,0.0],[-80.049942,79.213057,0.0],[-80.049864,79.213953,0.0],[-80.03072,79.213894,0.0],[-80.030641,79.21479,0.0],[-80.011496,79.214729,0.0],[-80.011577,79.213834,0.0],[-80.002006,79.213803,0.0],[-80.002087,79.212907,0.0],[-79.997302,79.212892,0.0],[-79.997384,79.211996,0.0],[-79.992599,79.211981,0.0],[-79.992682,79.211085,0.0],[-79.987898,79.211069,0.0],[-79.987981,79.210173,0.0],[-79.983196,79.210158,0.0],[-79.983363,79.208366,0.0],[-79.988147,79.208382,0.0],[-79.98823,79.207486,0.0],[-79.993013,79.207501,0.0],[-79.993095,79.206606,0.0],[-79.997878,79.206621,0.0],[-79.997713,79.208413,0.0],[-80.002497,79.208428,0.0],[-80.002415,79.209324,0.0],[-80.02155,79.209385,0.0],[-80.021791,79.206697,0.0],[-80.026574,79.206712,0.0],[-80.026733,79.20492,0.0],[-80.041079,79.204965,0.0],[-80.041,79.205861,0.0],[-80.050565,79.20589,0.0],[-80.050487,79.206786,0.0],[-80.05527,79.2068,0.0],[-80.055193,79.207696,0.0],[-80.059976,79.207711,0.0],[-80.059899,79.208607,0.0],[-80.064682,79.208621,0.0],[-80.064299,79.2131,0.0]]]}},{"type":"Feature","properties":{"rgi_id":"RGI2000-v7.0-G-03-03682","o1region":"03"},"geometry":{"type":"Polygon","coordinates":[[[-80.014163,79.24784,0.0],[-80.002489,79.246852,0.0],[-80.004283,79.246656,0.0],[-79.998628,79.245606,0.0],[-80.004542,79.244581,0.0],[-80.008514,79.242114,0.0],[-80.011495,79.241015,0.0],[-80.016593,79.241526,0.0],[-80.01935,79.240567,0.0],[-80.020115,79.239895,0.0],[-80.022741,79.240063,0.0],[-80.025141,79.241447,0.0],[-80.024796,79.243182,0.0],[-80.034717,79.243817,0.0],[-80.040329,79.245936,0.0],[-80.044668,79.248092,0.0],[-80.054431,79.250714,0.0],[-80.052029,79.251004,0.0],[-80.039662,79.249234,0.0],[-80.022151,79.245415,0.0],[-80.014568,79.245813,0.0],[-80.014163,79.24784,0.0]]]}},{"type":"Feature","properties":{"rgi_id":"RGI2000-v7.0-G-03-03683","o1region":"03"},"geometry":{"type":"Polygon","coordinates":[[[-80.002489,79.246852,0.0],[-80.014163,79.24784,0.0],[-80.014134,79.247986,0.0],[-80.016254,79.248838,0.0],[-80.025517,79.249431,0.0],[-80.036931,79.251546,0.0],[-80.038432,79.252718,0.0],[-80.039782,79.253831,0.0],[-80.04542,79.254875,0.0],[-80.039953,79.254898,0.0],[-80.034023,79.254339,0.0],[-80.032461,79.253749,0.0],[-80.032773,79.252174,0.0],[-80.025995,79.251718,0.0],[-80.024018,79.252405,0.0],[-80.019962,79.254232,0.0],[-80.013883,79.254792,0.0],[-80.010904,79.253982,0.0],[-80.008609,79.251038,0.0],[-80.004023,79.250729,0.0],[-79.990991,79.250422,0.0],[-79.98691,79.249602,0.0],[-79.978246,79.249178,0.0],[-79.978216,79.247195,0.0],[-79.984055,79.2461,0.0],[-79.988577,79.246378,0.0],[-79.999153,79.247218,0.0],[-80.002489,79.246852,0.0]]]}},{"type":"Feature","properties":{"rgi_id":"RGI2000-v7.0-G-03-03684","o1region":"03"},"geometry":{"type":"Polygon","coordinates":[[[-80.022893,79.277699,0.0],[-80.022621,79.28075,0.0],[-80.01684,79.284766,0.0],[-80.008544,79.287739,0.0],[-79.995009,79.290594,0.0],[-79.980006,79.292429,0.0],[-79.968775,79.293361,0.0],[-79.951131,79.294345,0.0],[-79.935961,79.294792,0.0],[-79.917009,79.29614,0.0],[-79.912052,79.297212,0.0],[-79.916394,79.298693,0.0],[-79.914858,79.301028,0.0],[-79.907291,79.30283,0.0],[-79.88755,79.305344,0.0],[-79.881005,79.30559,0.0],[-79.853095,79.30436,0.0],[-79.843392,79.302953,0.0],[-79.827805,79.302398,0.0],[-79.811043,79.302013,0.0],[-79.799513,79.300167,0.0],[-79.79306,79.298001,0.0],[-79.794648,79.297982,0.0],[-79.794724,79.297296,0.0],[-79.796954,79.296619,0.0],[-79.795761,79.296271,0.0],[-79.795191,79.295869,0.0],[-79.79494,79.295353,0.0],[-79.796228,79.294844,0.0],[-79.792851,79.294774,0.0],[-79.789141,79.294931,0.0],[-79.788533,79.294999,0.0],[-79.787969,79.293581,0.0],[-79.790702,79.289496,0.0],[-79.792788,79.287964,0.0],[-79.789904,79.285922,0.0],[-79.784143,79.283419,0.0],[-79.779431,79.28094,0.0],[-79.777202,79.277926,0.0],[-79.779024,79.275203,0.0],[-79.779539,79.272844,0.0],[-79.777316,79.27141,0.0],[-79.768827,79.269831,0.0],[-79.762869,79.268405,0.0],[-79.764944,79.268155,0.0],[-79.771571,79.267382,0.0],[-79.778284,79.266572,0.0],[-79.78756,79.266644,0.0],[-79.787561,79.266098,0.0],[-79.787684,79.265544,0.0],[-79.794657,79.264947,0.0],[-79.796458,79.263957,0.0],[-79.788188,79.261579,0.0],[-79.785996,79.26069,0.0],[-79.789781,79.259388,0.0],[-79.791523,79.256432,0.0],[-79.793818,79.254895,0.0],[-79.799424,79.25342,0.0],[-79.811722,79.251304,0.0],[-79.822516,79.250377,0.0],[-79.830743,79.249625,0.0],[-79.850776,79.249334,0.0],[-79.854399,79.2497,0.0],[-79.861411,79.249699,0.0],[-79.869253,79.250489,0.0],[-79.874485,79.25001,0.0],[-79.884956,79.250087,0.0],[-79.893349,79.250932,0.0],[-79.897426,79.251754,0.0],[-79.900749,79.253095,0.0],[-79.908706,79.253093,0.0],[-79.908696,79.252012,0.0],[-79.913024,79.252581,0.0],[-79.915908,79.252855,0.0],[-79.920146,79.253281,0.0],[-79.924473,79.253691,0.0],[-79.927413,79.254562,0.0],[-79.943834,79.254555,0.0],[-79.947598,79.254582,0.0],[-79.955034,79.255329,0.0],[-79.964925,79.254618,0.0],[-79.975451,79.254693,0.0],[-79.97762,79.255366,0.0],[-79.966564,79.25783,0.0],[-79.961499,79.258118,0.0],[-79.953635,79.259258,0.0],[-79.948647,79.258758,0.0],[-79.938969,79.259452,0.0],[-79.933866,79.25992,0.0],[-79.933877,79.260901,0.0],[-79.941165,79.260464,0.0],[-79.95269,79.260546,0.0],[-79.965619,79.260282,0.0],[-79.993068,79.260108,0.0],[-79.998832,79.259852,0.0],[-80.007562,79.259485,0.0],[-80.011882,79.259087,0.0],[-80.013563,79.259099,0.0],[-80.021925,79.259662,0.0],[-80.034022,79.260339,0.0],[-80.037628,79.261481,0.0],[-80.033125,79.263455,0.0],[-80.030231,79.265027,0.0],[-80.027435,79.265998,0.0],[-80.012897,79.268974,0.0],[-80.003737,79.269277,0.0],[-80.000854,79.269542,0.0],[-79.988271,79.27049,0.0],[-79.978981,79.271891,0.0],[-79.967985,79.272187,0.0],[-79.954148,79.273971,0.0],[-79.954159,79.274782,0.0],[-79.958135,79.275519,0.0],[-79.965656,79.275068,0.0],[-79.971943,79.275112,0.0],[-79.984133,79.275934,0.0],[-79.993016,79.276232,0.0],[-79.999826,79.276691,0.0],[-80.005232,79.274429,0.0],[-80.013037,79.275209,0.0],[-80.014598,79.276844,0.0],[-80.017535,79.278192,0.0],[-80.022893,79.277699,0.0]],[[-79.914068,79.282696,0.0],[-79.918415,79.282254,0.0],[-79.91854,79.280996,0.0],[-79.917403,79.280078,0.0],[-79.911328,79.279371,0.0],[-79.908285,79.279074,0.0],[-79.904895,79.279177,0.0],[-79.902078,79.279681,0.0],[-79.901041,79.280821,0.0],[-79.901627,79.281109,0.0],[-79.908043,79.281474,0.0],[-79.912014,79.281717,0.0],[-79.912589,79.282119,0.0],[-79.911348,79.282229,0.0],[-79.914068,79.282696,0.0]]]}},{"type":"Feature","properties":{"rgi_id":"RGI2000-v7.0-G-03-03716","o1region":"03"},"geometry":{"type":"Polygon","coordinates":[[[-80.114105,79.561458,0.0],[-80.11483,79.562591,0.0],[-80.111317,79.563472,0.0],[-80.107534,79.563869,0.0],[-80.101538,79.564059,0.0],[-80.09597,79.564046,0.0],[-80.093399,79.563937,0.0],[-80.087122,79.563216,0.0],[-80.083587,79.562342,0.0],[-80.080598,79.561533,0.0],[-80.079194,79.560545,0.0],[-80.079099,79.559799,0.0],[-80.079894,79.558592,0.0],[-80.080852,79.558028,0.0],[-80.08668,79.557197,0.0],[-80.092603,79.557112,0.0],[-80.096005,79.557292,0.0],[-80.102094,79.557849,0.0],[-80.109905,79.558017,0.0],[-80.116696,79.557951,0.0],[-80.121139,79.557887,0.0],[-80.121443,79.558319,0.0],[-80.119413,79.559179,0.0],[-80.116906,79.55987,0.0],[-80.114105,79.561458,0.0]]]}},{"type":"Feature","properties":{"rgi_id":"RGI2000-v7.0-G-03-03717","o1region":"03"},"geometry":{"type":"Polygon","coordinates":[[[-79.909715,79.769923,0.0],[-79.906107,79.769498,0.0],[-79.900215,79.769055,0.0],[-79.895731,79.767856,0.0],[-79.892226,79.766522,0.0],[-79.885878,79.764181,0.0],[-79.884764,79.763749,0.0],[-79.898367,79.760015,0.0],[-79.904351,79.760057,0.0],[-79.902809,79.75635,0.0],[-79.903099,79.755034,0.0],[-79.916856,79.753366,0.0],[-79.928899,79.751884,0.0],[-79.940027,79.751281,0.0],[-79.943494,79.751305,0.0],[-79.945899,79.751304,0.0],[-79.956845,79.750034,0.0],[-79.965568,79.749759,0.0],[-79.974375,79.749254,0.0],[-79.982258,79.749005,0.0],[-79.992952,79.74849,0.0],[-79.997295,79.748519,0.0],[-80.003559,79.748254,0.0],[-80.007988,79.748283,0.0],[-80.014785,79.748279,0.0],[-80.020822,79.748319,0.0],[-80.028639,79.748314,0.0],[-80.047154,79.749112,0.0],[-80.065282,79.749516,0.0],[-80.069759,79.749803,0.0],[-80.071295,79.749802,0.0],[-80.090376,79.750482,0.0],[-80.098296,79.751648,0.0],[-80.073151,79.752664,0.0],[-80.05771,79.753067,0.0],[-80.026071,79.752859,0.0],[-80.022588,79.753165,0.0],[-80.016665,79.753126,0.0],[-80.012022,79.753666,0.0],[-80.007262,79.753925,0.0],[-79.995604,79.756011,0.0],[-79.990583,79.756284,0.0],[-79.987412,79.756562,0.0],[-79.980644,79.75833,0.0],[-79.982798,79.759516,0.0],[-79.98254,79.760728,0.0],[-79.977939,79.76189,0.0],[-79.97631,79.762993,0.0],[-79.970196,79.764001,0.0],[-79.968574,79.764838,0.0],[-79.961318,79.766034,0.0],[-79.95456,79.7664,0.0],[-79.946184,79.767133,0.0],[-79.934974,79.767936,0.0],[-79.927357,79.768723,0.0],[-79.923912,79.768991,0.0],[-79.917259,79.768945,0.0],[-79.909715,79.769923,0.0]]]}},{"type":"Feature","properties":{"rgi_id":"RGI2000-v7.0-G-03-03726","o1region":"03"},"geometry":{"type":"Polygon","coordinates":[[[-80.25328,79.992135,0.0],[-80.248031,79.992547,0.0],[-80.238054,79.994073,0.0],[-80.229451,79.993553,0.0],[-80.220964,79.992862,0.0],[-80.206245,79.992562,0.0],[-80.187835,79.994779,0.0],[-80.178309,79.995622,0.0],[-80.164685,79.99517,0.0],[-80.156951,79.994838,0.0],[-80.145524,79.994085,0.0],[-80.134797,79.992308,0.0],[-80.126151,79.9904,0.0],[-80.114218,79.988943,0.0],[-80.108567,79.988481,0.0],[-80.091898,79.988135,0.0],[-80.089235,79.989117,0.0],[-80.089513,79.990161,0.0],[-80.079675,79.992896,0.0],[-80.06818,79.993695,0.0],[-80.058998,79.994023,0.0],[-80.037653,79.993231,0.0],[-80.014433,79.990843,0.0],[-80.003463,79.988018,0.0],[-80.003905,79.985952,0.0],[-80.004313,79.982501,0.0],[-79.975577,79.97809,0.0],[-79.96102743836173,79.97716509143595,0.0],[-79.958066,79.977527,0.0],[-79.945106,79.978463,0.0],[-79.931212,79.97882,0.0],[-79.920807,79.976875,0.0],[-79.915519,79.975645,0.0],[-79.904146,79.974704,0.0],[-79.889064,79.974429,0.0],[-79.881719,79.974271,0.0],[-79.871347,79.974189,0.0],[-79.857095,79.974674,0.0],[-79.850148,79.974665,0.0],[-79.835892,79.974777,0.0],[-79.821081,79.975668,0.0],[-79.805213,79.976536,0.0],[-79.792931,79.977248,0.0],[-79.762622,79.979433,0.0],[-79.747062,79.981604,0.0],[-79.728782,79.982829,0.0],[-79.712962,79.982408,0.0],[-79.699762,79.980716,0.0],[-79.690228,79.978071,0.0],[-79.677877,79.975805,0.0],[-79.653597,79.972464,0.0],[-79.636354,79.970532,0.0],[-79.617291,79.968779,0.0],[-79.604931,79.968874,0.0],[-79.586604,79.970163,0.0],[-79.571395,79.971817,0.0],[-79.560461,79.973419,0.0],[-79.539241,79.975159,0.0],[-79.518808,79.976398,0.0],[-79.502211,79.976467,0.0],[-79.480753,79.976795,0.0],[-79.47114,79.977168,0.0],[-79.461708,79.978431,0.0],[-79.451765,79.97924,0.0],[-79.440534,79.979502,0.0],[-79.423842,79.979122,0.0],[-79.410653,79.978599,0.0],[-79.400277,79.978288,0.0],[-79.391658,79.97846,0.0],[-79.375814,79.979205,0.0],[-79.350678,79.979884,0.0],[-79.331183,79.980395,0.0],[-79.321978,79.980773,0.0],[-79.290583,79.984295,0.0],[-79.28863049369738,79.98454036509756,0.0],[-79.288629,79.98454,0.0],[-79.281209,79.985473,0.0],[-79.263218,79.986838,0.0],[-79.244847,79.986953,0.0],[-79.232674,79.985971,0.0],[-79.216359,79.984581,0.0],[-79.201766,79.983851,0.0],[-79.180608,79.982967,0.0],[-79.175331,79.982299,0.0],[-79.170589,79.980947,0.0],[-79.164809,79.978639,0.0],[-79.150179,79.975113,0.0],[-79.142241,79.973297,0.0],[-79.137088,79.97077,0.0],[-79.133545,79.967894,0.0],[-79.126053,79.966087,0.0],[-79.117412,79.963477,0.0],[-79.107146,79.96238,0.0],[-79.096882,79.961282,0.0],[-79.08117,79.957494,0.0],[-79.067764,79.955311,0.0],[-79.053824,79.953813,0.0],[-79.040008,79.952163,0.0],[-79.0313158034738,79.95070830182361,0.0],[-79.035921,79.949395,0.0],[-79.045843,79.946688,0.0],[-79.04878,79.944606,0.0],[-79.054637,79.942934,0.0],[-79.058869,79.941676,0.0],[-79.061103,79.940484,0.0],[-79.071635,79.940283,0.0],[-79.089167,79.94025,0.0],[-79.104762,79.939376,0.0],[-79.114916,79.938825,0.0],[-79.127731,79.939017,0.0],[-79.139508,79.940543,0.0],[-79.147988,79.941311,0.0],[-79.1599,79.939328,0.0],[-79.164635,79.937401,0.0],[-79.165112,79.936086,0.0],[-79.170481,79.936213,0.0],[-79.18608,79.936747,0.0],[-79.200881,79.937096,0.0],[-79.218208,79.937833,0.0],[-79.232763,79.938504,0.0],[-79.257375,79.939575,0.0],[-79.273662,79.940449,0.0],[-79.295752,79.941128,0.0],[-79.311114,79.939511,0.0],[-79.315554,79.938626,0.0],[-79.344367,79.939129,0.0],[-79.355352,79.939548,0.0],[-79.366703,79.939481,0.0],[-79.397225,79.937715,0.0],[-79.4019,79.936506,0.0],[-79.412611,79.934777,0.0],[-79.430763,79.931902,0.0],[-79.450594,79.930546,0.0],[-79.467485,79.930602,0.0],[-79.486996,79.932197,0.0],[-79.504183,79.934396,0.0],[-79.524934,79.933056,0.0],[-79.519118,79.92947,0.0],[-79.526758,79.929314,0.0],[-79.537262,79.930373,0.0],[-79.546962,79.93125,0.0],[-79.561318,79.930915,0.0],[-79.567583,79.930069,0.0],[-79.577428,79.929468,0.0],[-79.588435,79.928563,0.0],[-79.605226,79.927459,0.0],[-79.614378,79.926512,0.0],[-79.627835,79.923523,0.0],[-79.64068,79.922658,0.0],[-79.659175,79.923069,0.0],[-79.672461,79.924186,0.0],[-79.685283,79.92595,0.0],[-79.700543,79.926944,0.0],[-79.712804,79.926886,0.0],[-79.730965,79.926463,0.0],[-79.751439,79.925433,0.0],[-79.755257,79.922721,0.0],[-79.749598,79.918816,0.0],[-79.748332,79.915335,0.0],[-79.749264,79.910095,0.0],[-79.770163,79.9071,0.0],[-79.784012,79.904773,0.0],[-79.796012,79.90372,0.0],[-79.813198,79.901957,0.0],[-79.820691,79.900641,0.0],[-79.834633,79.898149,0.0],[-79.844526,79.894747,0.0],[-79.850267,79.891913,0.0],[-79.85012,79.888129,0.0],[-79.85828,79.88584,0.0],[-79.861134,79.883108,0.0],[-79.866396,79.879606,0.0],[-79.871778,79.877236,0.0],[-79.89438,79.877439,0.0],[-79.90008,79.877419,0.0],[-79.908474,79.877029,0.0],[-79.916638,79.876552,0.0],[-79.915257,79.876786,0.0],[-79.920473,79.876659,0.0],[-79.925729,79.876147,0.0],[-79.928238,79.875722,0.0],[-79.932383,79.87535,0.0],[-79.933016,79.874534,0.0],[-79.932671,79.873963,0.0],[-79.933137,79.87384,0.0],[-79.935433,79.872131,0.0],[-79.936242,79.871497,0.0],[-79.936368,79.87142,0.0],[-79.941081,79.870661,0.0],[-79.943573,79.87038,0.0],[-79.945015,79.869662,0.0],[-79.947814,79.869045,0.0],[-79.95244,79.869301,0.0],[-79.955966,79.869601,0.0],[-79.957818,79.870232,0.0],[-79.959151,79.870573,0.0],[-79.962732,79.870344,0.0],[-79.960065,79.869662,0.0],[-79.951947,79.86877,0.0],[-79.953334,79.868582,0.0],[-79.951483,79.86795,0.0],[-79.950136,79.867753,0.0],[-79.953563,79.866791,0.0],[-79.955588,79.865467,0.0],[-79.9558,79.864625,0.0],[-79.95546,79.863511,0.0],[-79.956622,79.862364,0.0],[-79.962467,79.860862,0.0],[-79.971786,79.860215,0.0],[-79.975915,79.859587,0.0],[-79.982031,79.85822,0.0],[-79.990651,79.856972,0.0],[-80.001202,79.856676,0.0],[-80.009303,79.856718,0.0],[-80.0179,79.856575,0.0],[-80.027387,79.85567,0.0],[-80.026908,79.854749,0.0],[-80.022179,79.853021,0.0],[-80.016007,79.851783,0.0],[-80.014638,79.851624,0.0],[-80.011368,79.849927,0.0],[-80.012649,79.849052,0.0],[-80.015937,79.849135,0.0],[-80.01717,79.849009,0.0],[-80.019174,79.849312,0.0],[-80.029161,79.85037,0.0],[-80.034766,79.850815,0.0],[-80.041144,79.85121,0.0],[-80.048862,79.850722,0.0],[-80.050755,79.850112,0.0],[-80.052313,79.848908,0.0],[-80.054191,79.847776,0.0],[-80.053477,79.846654,0.0],[-80.052312,79.845653,0.0],[-80.052281,79.845235,0.0],[-80.056408,79.845547,0.0],[-80.056439,79.84521,0.0],[-80.05617,79.845161,0.0],[-80.054282,79.844915,0.0],[-80.054599,79.844434,0.0],[-80.057082,79.844153,0.0],[-80.061764,79.843685,0.0],[-80.064251,79.843355,0.0],[-80.067569,79.842883,0.0],[-80.072003,79.842125,0.0],[-80.072142,79.841971,0.0],[-80.072194,79.841963,0.0],[-80.07651,79.840955,0.0],[-80.07476,79.839453,0.0],[-80.069423,79.838394,0.0],[-80.063214,79.837348,0.0],[-80.063028,79.836487,0.0],[-80.063358,79.836455,0.0],[-80.069368,79.836002,0.0],[-80.070419,79.83542,0.0],[-80.074293,79.835306,0.0],[-80.082762,79.834109,0.0],[-80.092527,79.833372,0.0],[-80.09426,79.832116,0.0],[-80.096097,79.831273,0.0],[-80.105034,79.831424,0.0],[-80.111308,79.831353,0.0],[-80.111058,79.830674,0.0],[-80.116188,79.830287,0.0],[-80.118822,79.829763,0.0],[-80.123589,79.829402,0.0],[-80.128839,79.828903,0.0],[-80.131329,79.828408,0.0],[-80.13115,79.827924,0.0],[-80.131173,79.827881,0.0],[-80.13234,79.827905,0.0],[-80.135947,79.828194,0.0],[-80.140747,79.828508,0.0],[-80.144619,79.828409,0.0],[-80.162141,79.828039,0.0],[-80.164376,79.828056,0.0],[-80.173297,79.82815,0.0],[-80.183592,79.828516,0.0],[-80.187923,79.828759,0.0],[-80.19444,79.828954,0.0],[-80.201258,79.829695,0.0],[-80.20588,79.830206,0.0],[-80.209866,79.830888,0.0],[-80.213338,79.831559,0.0],[-80.218189,79.83212,0.0],[-80.21927,79.832111,0.0],[-80.218754,79.832366,0.0],[-80.223482,79.833258,0.0],[-80.231344,79.832742,0.0],[-80.231311,79.831928,0.0],[-80.235842,79.831179,0.0],[-80.241907,79.829773,0.0],[-80.246727,79.830366,0.0],[-80.251308,79.83036,0.0],[-80.256461,79.831332,0.0],[-80.261603,79.832226,0.0],[-80.273604,79.834968,0.0],[-80.276957,79.835283,0.0],[-80.285936,79.83527,0.0],[-80.293438,79.835313,0.0],[-80.305854,79.833257,0.0],[-80.303205,79.831079,0.0],[-80.297441,79.829994,0.0],[-80.300964,79.8295,0.0],[-80.306562,79.829516,0.0],[-80.313373,79.830249,0.0],[-80.318311,79.830844,0.0],[-80.324144,79.831359,0.0],[-80.32721,79.831818,0.0],[-80.333054,79.831887,0.0],[-80.336534,79.83171,0.0],[-80.341526,79.831366,0.0],[-80.344003,79.830574,0.0],[-80.345141,79.830019,0.0],[-80.347358,79.830564,0.0],[-80.35022,79.829495,0.0],[-80.35186,79.828975,0.0],[-80.354103,79.827742,0.0],[-80.367201,79.828262,0.0],[-80.377718,79.827821,0.0],[-80.372839,79.826194,0.0],[-80.373538,79.824438,0.0],[-80.37249,79.824378,0.0],[-80.375886,79.822901,0.0],[-80.377135,79.821837,0.0],[-80.376692,79.820789,0.0],[-80.377814,79.81992,0.0],[-80.380626,79.819036,0.0],[-80.38478,79.818674,0.0],[-80.389069,79.819405,0.0],[-80.389394,79.820203,0.0],[-80.387689,79.82111,0.0],[-80.387769,79.821854,0.0],[-80.390764,79.822855,0.0],[-80.3941,79.823764,0.0],[-80.398046,79.825032,0.0],[-80.401383,79.825941,0.0],[-80.401219,79.82663,0.0],[-80.400123,79.827896,0.0],[-80.401542,79.829607,0.0],[-80.404422,79.830358,0.0],[-80.410064,79.831611,0.0],[-80.414606,79.832395,0.0],[-80.41884,79.833222,0.0],[-80.420615,79.833951,0.0],[-80.430697,79.834846,0.0],[-80.426658,79.835458,0.0],[-80.427571,79.836219,0.0],[-80.429436,79.837247,0.0],[-80.432226,79.838144,0.0],[-80.433448,79.838862,0.0],[-80.433343,79.839899,0.0],[-80.431607,79.840855,0.0],[-80.429876,79.841365,0.0],[-80.423334,79.842372,0.0],[-80.423065,79.8441,0.0],[-80.42631,79.8456,0.0],[-80.434098,79.846152,0.0],[-80.441577,79.846747,0.0],[-80.455916,79.848527,0.0],[-80.461892,79.849792,0.0],[-80.463969,79.850678,0.0],[-80.470609,79.850974,0.0],[-80.47762,79.851603,0.0],[-80.485798,79.852582,0.0],[-80.490728,79.852843,0.0],[-80.499319,79.853176,0.0],[-80.507351,79.853661,0.0],[-80.515431,79.8548,0.0],[-80.51988280821256,79.85554696782003,0.0],[-80.517968,79.855989,0.0],[-80.519712,79.857259,0.0],[-80.521735,79.859096,0.0],[-80.522991,79.860132,0.0],[-80.522847,79.861364,0.0],[-80.517313,79.862042,0.0],[-80.50891,79.862213,0.0],[-80.498116,79.864134,0.0],[-80.494258,79.865181,0.0],[-80.493488,79.866388,0.0],[-80.493409,79.866512,0.0],[-80.500548,79.867327,0.0],[-80.50657,79.867895,0.0],[-80.515533,79.868858,0.0],[-80.528351,79.869784,0.0],[-80.533677,79.869439,0.0],[-80.542927,79.868947,0.0],[-80.547202,79.868244,0.0],[-80.551546,79.867431,0.0],[-80.55659,79.866519,0.0],[-80.560723,79.867049,0.0],[-80.563805,79.868232,0.0],[-80.569692,79.870032,0.0],[-80.569343,79.871597,0.0],[-80.567452,79.873582,0.0],[-80.561424,79.875037,0.0],[-80.557568,79.876084,0.0],[-80.555605,79.877169,0.0],[-80.554272,79.878266,0.0],[-80.55925,79.879487,0.0],[-80.565213,79.881175,0.0],[-80.571738,79.882987,0.0],[-80.574757,79.884281,0.0],[-80.57111,79.886007,0.0],[-80.567602,79.887511,0.0],[-80.563321,79.889225,0.0],[-80.561285,79.89042,0.0],[-80.561426,79.89222,0.0],[-80.563252,79.893379,0.0],[-80.567958,79.895043,0.0],[-80.571697,79.896079,0.0],[-80.564985,79.89629,0.0],[-80.565131,79.896783,0.0],[-80.565014,79.897091,0.0],[-80.55665,79.896992,0.0],[-80.554358,79.897851,0.0],[-80.552546,79.898103,0.0],[-80.55309,79.896684,0.0],[-80.556139,79.896213,0.0],[-80.555885,79.895355,0.0],[-80.546065,79.895445,0.0],[-80.542437,79.895784,0.0],[-80.540653,79.895951,0.0],[-80.53596,79.896198,0.0],[-80.528079,79.897315,0.0],[-80.528382,79.898346,0.0],[-80.527644,79.900257,0.0],[-80.521246,79.901698,0.0],[-80.522222,79.902043,0.0],[-80.515788,79.902867,0.0],[-80.531759,79.904485,0.0],[-80.555549,79.9051,0.0],[-80.560108,79.90538,0.0],[-80.569528,79.905359,0.0],[-80.579154,79.907519,0.0],[-80.584716,79.909565,0.0],[-80.58779,79.911845,0.0],[-80.577405,79.912547,0.0],[-80.56679,79.914085,0.0],[-80.561255,79.915084,0.0],[-80.571696,79.918699,0.0],[-80.58712,79.92073,0.0],[-80.588613,79.921006,0.0],[-80.59036,79.921304,0.0],[-80.600373,79.922169,0.0],[-80.602548,79.924192,0.0],[-80.610523,79.92512,0.0],[-80.617661,79.925736,0.0],[-80.626857,79.927792,0.0],[-80.645652,79.927746,0.0],[-80.65441,79.928069,0.0],[-80.671336,79.92835,0.0],[-80.675907,79.928628,0.0],[-80.68515,79.9289,0.0],[-80.692913,79.930008,0.0],[-80.699709,79.930592,0.0],[-80.704342,79.931842,0.0],[-80.709649,79.932148,0.0],[-80.716645,79.932573,0.0],[-80.739075,79.930839,0.0],[-80.744952,79.931918,0.0],[-80.750612,79.932877,0.0],[-80.752611,79.934338,0.0],[-80.763597,79.935162,0.0],[-80.772392,79.935137,0.0],[-80.782332,79.935849,0.0],[-80.796024,79.935368,0.0],[-80.821559,79.939242,0.0],[-80.829366,79.941555,0.0],[-80.835539,79.942984,0.0],[-80.838568,79.944082,0.0],[-80.835483,79.944597,0.0],[-80.833151,79.945018,0.0],[-80.835651,79.945403,0.0],[-80.8401,79.944599,0.0],[-80.84172,79.944336,0.0],[-80.845003,79.946715,0.0],[-80.854825,79.947055,0.0],[-80.858111,79.948244,0.0],[-80.863974,79.948641,0.0],[-80.866239,79.947831,0.0],[-80.870828,79.949187,0.0],[-80.872395,79.949451,0.0],[-80.877886,79.950452,0.0],[-80.880029,79.952473,0.0],[-80.876893,79.955117,0.0],[-80.867659,79.956169,0.0],[-80.861515,79.956978,0.0],[-80.844786,79.957234,0.0],[-80.830992,79.955203,0.0],[-80.819348,79.953076,0.0],[-80.815383,79.951306,0.0],[-80.81237,79.950277,0.0],[-80.809801,79.94888,0.0],[-80.804518,79.94751,0.0],[-80.795241,79.946441,0.0],[-80.78787,79.946462,0.0],[-80.772651,79.945908,0.0],[-80.74636,79.945568,0.0],[-80.730352,79.944838,0.0],[-80.715432,79.944253,0.0],[-80.704836,79.943492,0.0],[-80.66502,79.943077,0.0],[-80.653988,79.941503,0.0],[-80.64837,79.941019,0.0],[-80.630924,79.940139,0.0],[-80.622781,79.939552,0.0],[-80.614041,79.939045,0.0],[-80.601797,79.938219,0.0],[-80.591967,79.937788,0.0],[-80.586458,79.937126,0.0],[-80.581301,79.936526,0.0],[-80.575705,79.936042,0.0],[-80.563998,79.934969,0.0],[-80.551929,79.934267,0.0],[-80.544814,79.93383,0.0],[-80.537208,79.933847,0.0],[-80.524471,79.931492,0.0],[-80.519044,79.930859,0.0],[-80.511441,79.929767,0.0],[-80.505301,79.928957,0.0],[-80.498527,79.928042,0.0],[-80.491648,79.925975,0.0],[-80.487075,79.924629,0.0],[-80.485597,79.924084,0.0],[-80.474626,79.921363,0.0],[-80.463011,79.921386,0.0],[-80.451904,79.922154,0.0],[-80.440781,79.922515,0.0],[-80.428639,79.924012,0.0],[-80.428773,79.926214,0.0],[-80.420824,79.92801,0.0],[-80.418487,79.928831,0.0],[-80.413002,79.928802,0.0],[-80.40555,79.927418,0.0],[-80.387401,79.92745,0.0],[-80.38297,79.92704,0.0],[-80.380598,79.928667,0.0],[-80.380731,79.931032,0.0],[-80.380658,79.931443,0.0],[-80.377593,79.931426,0.0],[-80.37454,79.931452,0.0],[-80.380609,79.932494,0.0],[-80.382062,79.933659,0.0],[-80.374323,79.933297,0.0],[-80.371365,79.932201,0.0],[-80.366907,79.931436,0.0],[-80.35278,79.932473,0.0],[-80.348147,79.934096,0.0],[-80.34819,79.934897,0.0],[-80.354257,79.935939,0.0],[-80.355692,79.937304,0.0],[-80.358156,79.938162,0.0],[-80.355371,79.941661,0.0],[-80.35029,79.943338,0.0],[-80.352221,79.944012,0.0],[-80.353695,79.944557,0.0],[-80.36146,79.946209,0.0],[-80.379038,79.947242,0.0],[-80.390598,79.946229,0.0],[-80.397596,79.946266,0.0],[-80.401288,79.946692,0.0],[-80.391295,79.94736,0.0],[-80.387052,79.948464,0.0],[-80.387229,79.951591,0.0],[-80.373264,79.949401,0.0],[-80.363952,79.949416,0.0],[-80.357114,79.950631,0.0],[-80.354502,79.952837,0.0],[-80.35784,79.953999,0.0],[-80.357652,79.955047,0.0],[-80.359132,79.956961,0.0],[-80.358968,79.95787,0.0],[-80.359012,79.958677,0.0],[-80.358914,79.95922,0.0],[-80.349647,79.958786,0.0],[-80.349982,79.956935,0.0],[-80.346816,79.955833,0.0],[-80.345358,79.955019,0.0],[-80.338207,79.953336,0.0],[-80.333102,79.953925,0.0],[-80.328415,79.954448,0.0],[-80.31834,79.955749,0.0],[-80.309862,79.955832,0.0],[-80.317463,79.954127,0.0],[-80.320134,79.95146,0.0],[-80.311617,79.951473,0.0],[-80.314346,79.950575,0.0],[-80.312743,79.949852,0.0],[-80.294504,79.953086,0.0],[-80.288338,79.955112,0.0],[-80.296018,79.955456,0.0],[-80.297776,79.956783,0.0],[-80.292737,79.957197,0.0],[-80.292782,79.958135,0.0],[-80.288507,79.959206,0.0],[-80.293009,79.960395,0.0],[-80.285711,79.96324,0.0],[-80.280507,79.964543,0.0],[-80.27835,79.965588,0.0],[-80.283882,79.966183,0.0],[-80.286099,79.966076,0.0],[-80.285642,79.966762,0.0],[-80.283644,79.967406,0.0],[-80.271512,79.968528,0.0],[-80.266801,79.969117,0.0],[-80.262143,79.970801,0.0],[-80.257298,79.970631,0.0],[-80.256533,79.971314,0.0],[-80.252313,79.972556,0.0],[-80.247157,79.973928,0.0],[-80.244314,79.975641,0.0],[-80.245653,79.977439,0.0],[-80.244677,79.978895,0.0],[-80.251037,79.980795,0.0],[-80.261291,79.983217,0.0],[-80.266372,79.9845,0.0],[-80.273323,79.985526,0.0],[-80.28008,79.986843,0.0],[-80.28499387068942,79.98830802288798,0.0],[-80.278994,79.98937,0.0],[-80.276235,79.990524,0.0],[-80.270418,79.99179,0.0],[-80.264302,79.992012,0.0],[-80.25328,79.992135,0.0]],[[-79.966838,79.976455,0.0],[-79.961026,79.977165,0.0],[-79.96102743836173,79.97716509143595,0.0],[-79.966838,79.976455,0.0]],[[-80.411991,79.865102,0.0],[-80.401199,79.866056,0.0],[-80.379907,79.866383,0.0],[-80.369383,79.86761,0.0],[-80.364704,79.867133,0.0],[-80.37037,79.866196,0.0],[-80.36397,79.865551,0.0],[-80.360511,79.866771,0.0],[-80.363142,79.867694,0.0],[-80.365153,79.868444,0.0],[-80.369987,79.868782,0.0],[-80.372993,79.867721,0.0],[-80.376711,79.87016,0.0],[-80.370506,79.870665,0.0],[-80.370691,79.869621,0.0],[-80.370441,79.869326,0.0],[-80.363625,79.870547,0.0],[-80.370533,79.87174,0.0],[-80.372012,79.872043,0.0],[-80.368167,79.872679,0.0],[-80.371073,79.873223,0.0],[-80.37806,79.873636,0.0],[-80.381302,79.873937,0.0],[-80.392271,79.873918,0.0],[-80.40406,79.872877,0.0],[-80.409464,79.872428,0.0],[-80.400672,79.870346,0.0],[-80.402846,79.869622,0.0],[-80.413066,79.869677,0.0],[-80.415018,79.868327,0.0],[-80.418243,79.867508,0.0],[-80.42429,79.867005,0.0],[-80.427957,79.86668,0.0],[-80.428876,79.866481,0.0],[-80.429918,79.866254,0.0],[-80.430417,79.866146,0.0],[-80.424246,79.864585,0.0],[-80.418227,79.865118,0.0],[-80.414454,79.865098,0.0],[-80.411991,79.865102,0.0]],[[-79.875185,79.918034,0.0],[-79.876613,79.917329,0.0],[-79.878658,79.917159,0.0],[-79.882009,79.917407,0.0],[-79.885352,79.917713,0.0],[-79.88843,79.917369,0.0],[-79.887468,79.916893,0.0],[-79.884144,79.916408,0.0],[-79.87736,79.916681,0.0],[-79.873886,79.917557,0.0],[-79.871776,79.918318,0.0],[-79.871042,79.918848,0.0],[-79.86658,79.919483,0.0],[-79.860443,79.919994,0.0],[-79.860059,79.920407,0.0],[-79.865436,79.920662,0.0],[-79.873859,79.920868,0.0],[-79.881367,79.920184,0.0],[-79.881431,79.919592,0.0],[-79.876451,79.918807,0.0],[-79.875185,79.918034,0.0]],[[-79.919795,79.900135,0.0],[-79.92107,79.900712,0.0],[-79.922974,79.901289,0.0],[-79.929207,79.901148,0.0],[-79.937814,79.901841,0.0],[-79.943319,79.902093,0.0],[-79.947077,79.899881,0.0],[-79.940623,79.899394,0.0],[-79.9362,79.89835,0.0],[-79.93293,79.898179,0.0],[-79.929099,79.899329,0.0],[-79.919769,79.899056,0.0],[-79.916825,79.899234,0.0],[-79.919795,79.900135,0.0]],[[-79.946421,79.883106,0.0],[-79.944464,79.883748,0.0],[-79.950621,79.884227,0.0],[-79.960463,79.885661,0.0],[-79.970993,79.886053,0.0],[-79.977222,79.885435,0.0],[-79.979438,79.884281,0.0],[-79.972572,79.88328,0.0],[-79.964281,79.882836,0.0],[-79.961421,79.882528,0.0],[-79.951406,79.882377,0.0],[-79.950711,79.882524,0.0],[-79.946421,79.883106,0.0]],[[-79.949065,79.876932,0.0],[-79.945066,79.87763,0.0],[-79.963216,79.878106,0.0],[-79.970817,79.879089,0.0],[-79.976199,79.87903,0.0],[-79.981483,79.879389,0.0],[-79.98956,79.879844,0.0],[-79.997738,79.878758,0.0],[-80.000011,79.877623,0.0],[-79.987812,79.877258,0.0],[-79.983394,79.876687,0.0],[-79.970355,79.876522,0.0],[-79.969633,79.876664,0.0],[-79.949065,79.876932,0.0]],[[-79.965142,79.962989,0.0],[-79.962273,79.963632,0.0],[-79.965501,79.964049,0.0],[-79.970213,79.963656,0.0],[-79.975441,79.962776,0.0],[-79.974097,79.962202,0.0],[-79.968493,79.962185,0.0],[-79.965142,79.962989,0.0]],[[-80.024046,79.950729,0.0],[-80.019642,79.950716,0.0],[-80.015515,79.951355,0.0],[-80.014435,79.952002,0.0],[-80.011697,79.95229,0.0],[-80.010301,79.952699,0.0],[-80.006401,79.954462,0.0],[-80.01501,79.953068,0.0],[-80.01946,79.952608,0.0],[-80.023232,79.952146,0.0],[-80.02465,79.9515,0.0],[-80.024046,79.950729,0.0]],[[-80.051194,79.943002,0.0],[-80.050539,79.942764,0.0],[-80.048198,79.942462,0.0],[-80.047931,79.941692,0.0],[-80.051736,79.940816,0.0],[-80.055508,79.940295,0.0],[-80.053865,79.939758,0.0],[-80.051186,79.939455,0.0],[-80.045722,79.939971,0.0],[-80.045662,79.940621,0.0],[-80.043526,79.941739,0.0],[-80.042422,79.942682,0.0],[-80.040291,79.94374,0.0],[-80.040557,79.944509,0.0],[-80.0412,79.944866,0.0],[-80.043881,79.945169,0.0],[-80.046195,79.945767,0.0],[-80.050131,79.947138,0.0],[-80.050569,79.946075,0.0],[-80.047294,79.944883,0.0],[-80.046689,79.944113,0.0],[-80.048115,79.943348,0.0],[-80.051194,79.943002,0.0]],[[-80.291371,79.911911,0.0],[-80.287593,79.912205,0.0],[-80.266681,79.912649,0.0],[-80.262125,79.913192,0.0],[-80.255277,79.913724,0.0],[-80.23952,79.915679,0.0],[-80.237355,79.916093,0.0],[-80.234587,79.916514,0.0],[-80.226978,79.918177,0.0],[-80.222563,79.918519,0.0],[-80.224971,79.91932,0.0],[-80.232469,79.91926,0.0],[-80.245154,79.919421,0.0],[-80.253956,79.918803,0.0],[-80.262935,79.91857,0.0],[-80.264624,79.919917,0.0],[-80.270608,79.920414,0.0],[-80.263032,79.920705,0.0],[-80.252309,79.921503,0.0],[-80.243456,79.921959,0.0],[-80.23747,79.922511,0.0],[-80.229236,79.921973,0.0],[-80.216884,79.92169,0.0],[-80.213762,79.921384,0.0],[-80.208019,79.92143,0.0],[-80.196944,79.922449,0.0],[-80.190286,79.922791,0.0],[-80.187623,79.923771,0.0],[-80.183334,79.924814,0.0],[-80.175403,79.925221,0.0],[-80.165881,79.925583,0.0],[-80.153717,79.926121,0.0],[-80.135066,79.92658,0.0],[-80.128934,79.926851,0.0],[-80.124386,79.926552,0.0],[-80.117859,79.926603,0.0],[-80.115086,79.927618,0.0],[-80.1118,79.928639,0.0],[-80.102591,79.928914,0.0],[-80.099047,79.929238,0.0],[-80.099473,79.930924,0.0],[-80.103235,79.93285,0.0],[-80.097614,79.933701,0.0],[-80.090049,79.932643,0.0],[-80.078,79.932281,0.0],[-80.07153,79.933386,0.0],[-80.075901,79.936968,0.0],[-80.08212,79.93692,0.0],[-80.085548,79.935083,0.0],[-80.091893,79.936364,0.0],[-80.108353,79.93556,0.0],[-80.114589,79.93597,0.0],[-80.121257,79.934704,0.0],[-80.129878,79.934377,0.0],[-80.132895,79.93405,0.0],[-80.123734,79.933286,0.0],[-80.118529,79.931807,0.0],[-80.124586,79.930482,0.0],[-80.14254,79.930109,0.0],[-80.14732,79.929823,0.0],[-80.150971,79.92987,0.0],[-80.156354,79.929828,0.0],[-80.164362,79.929932,0.0],[-80.168609,79.92982,0.0],[-80.16514,79.928665,0.0],[-80.162716,79.927753,0.0],[-80.179132,79.927494,0.0],[-80.185938,79.926687,0.0],[-80.185756,79.925988,0.0],[-80.194439,79.925542,0.0],[-80.202558,79.925054,0.0],[-80.216348,79.923417,0.0],[-80.229001,79.92394,0.0],[-80.225854,79.924922,0.0],[-80.224281,79.926546,0.0],[-80.220877,79.927375,0.0],[-80.215461,79.927305,0.0],[-80.199124,79.927604,0.0],[-80.194381,79.929347,0.0],[-80.190141,79.929675,0.0],[-80.187131,79.929952,0.0],[-80.182413,79.930194,0.0],[-80.180945,79.930415,0.0],[-80.189837,79.9308,0.0],[-80.196364,79.930748,0.0],[-80.20151,79.931783,0.0],[-80.214647,79.930809,0.0],[-80.238565,79.929716,0.0],[-80.249349,79.929853,0.0],[-80.255624,79.929802,0.0],[-80.268665,79.93032,0.0],[-80.279712,79.930687,0.0],[-80.284365,79.929799,0.0],[-80.296152,79.929947,0.0],[-80.302386,79.929122,0.0],[-80.307328,79.928738,0.0],[-80.326131,79.925011,0.0],[-80.330411,79.923647,0.0],[-80.323963,79.920385,0.0],[-80.318398,79.919494,0.0],[-80.316973,79.919136,0.0],[-80.321815,79.918396,0.0],[-80.324696,79.918432,0.0],[-80.326218,79.917344,0.0],[-80.329391,79.917097,0.0],[-80.332393,79.916819,0.0],[-80.339557,79.916311,0.0],[-80.349276,79.918712,0.0],[-80.360295,79.919024,0.0],[-80.363029,79.917883,0.0],[-80.356159,79.916785,0.0],[-80.341723,79.914971,0.0],[-80.335172,79.914061,0.0],[-80.327946,79.91202,0.0],[-80.316741,79.910478,0.0],[-80.31313,79.91117,0.0],[-80.304233,79.911058,0.0],[-80.300613,79.911393,0.0],[-80.294372,79.911633,0.0],[-80.291371,79.911911,0.0]],[[-80.097845,79.843063,0.0],[-80.102265,79.842449,0.0],[-80.104229,79.841829,0.0],[-80.102601,79.841728,0.0],[-80.099856,79.841913,0.0],[-80.096267,79.842385,0.0],[-80.094025,79.843053,0.0],[-80.09423,79.843823,0.0],[-80.096354,79.844503,0.0],[-80.104268,79.844524,0.0],[-80.104306,79.844091,0.0],[-80.103764,79.844042,0.0],[-80.098315,79.843931,0.0],[-80.096984,79.843542,0.0],[-80.097845,79.843063,0.0]],[[-80.325795,79.855322,0.0],[-80.326052,79.854743,0.0],[-80.324588,79.853658,0.0],[-80.324845,79.853079,0.0],[-80.325982,79.852463,0.0],[-80.330863,79.851584,0.0],[-80.334166,79.851359,0.0],[-80.336615,79.850784,0.0],[-80.335559,79.850164,0.0],[-80.324592,79.850258,0.0],[-80.320356,79.851331,0.0],[-80.318311,79.852409,0.0],[-80.31582,79.853601,0.0],[-80.312658,79.854986,0.0],[-80.310379,79.856256,0.0],[-80.311602,79.857649,0.0],[-80.313504,79.858735,0.0],[-80.32008,79.858826,0.0],[-80.3227,79.859024,0.0],[-80.324279,79.858371,0.0],[-80.322633,79.856706,0.0],[-80.324222,79.855898,0.0],[-80.325795,79.855322,0.0]],[[-80.153133,79.968294,0.0],[-80.165458,79.967984,0.0],[-80.165681,79.967265,0.0],[-80.155962,79.966885,0.0],[-80.141014,79.966951,0.0],[-80.139445,79.966647,0.0],[-80.133363,79.966294,0.0],[-80.136501,79.965297,0.0],[-80.134142,79.96516,0.0],[-80.129459,79.966502,0.0],[-80.119356,79.96703,0.0],[-80.120734,79.968512,0.0],[-80.121461,79.968508,0.0],[-80.126648,79.968486,0.0],[-80.144618,79.969079,0.0],[-80.149679,79.968905,0.0],[-80.151604,79.968838,0.0],[-80.153133,79.968294,0.0]],[[-80.254089,79.856158,0.0],[-80.251697,79.855238,0.0],[-80.249305,79.854319,0.0],[-80.238667,79.854102,0.0],[-80.233728,79.854379,0.0],[-80.233646,79.855486,0.0],[-80.234376,79.856691,0.0],[-80.239485,79.85781,0.0],[-80.242516,79.85748,0.0],[-80.246873,79.857682,0.0],[-80.249826,79.858411,0.0],[-80.254672,79.859432,0.0],[-80.257097,79.859919,0.0],[-80.260954,79.859495,0.0],[-80.265071,79.859263,0.0],[-80.270868,79.858458,0.0],[-80.267923,79.857585,0.0],[-80.263614,79.856709,0.0],[-80.260636,79.856317,0.0],[-80.256814,79.856261,0.0],[-80.254089,79.856158,0.0]],[[-80.266841,79.841172,0.0],[-80.262759,79.841987,0.0],[-80.256522,79.841885,0.0],[-80.250906,79.841952,0.0],[-80.248823,79.843758,0.0],[-80.263763,79.845455,0.0],[-80.267494,79.845716,0.0],[-80.273243,79.845167,0.0],[-80.292648,79.845546,0.0],[-80.294444,79.843634,0.0],[-80.281275,79.840968,0.0],[-80.271079,79.840761,0.0],[-80.270364,79.840904,0.0],[-80.266841,79.841172,0.0]],[[-80.273316,79.960826,0.0],[-80.275315,79.960373,0.0],[-80.27667,79.959748,0.0],[-80.275704,79.959517,0.0],[-80.271411,79.959965,0.0],[-80.265456,79.960752,0.0],[-80.262772,79.961603,0.0],[-80.259768,79.962339,0.0],[-80.254466,79.963127,0.0],[-80.257366,79.963819,0.0],[-80.264963,79.963036,0.0],[-80.267282,79.962698,0.0],[-80.270289,79.961905,0.0],[-80.271977,79.961223,0.0],[-80.273316,79.960826,0.0]],[[-80.269601,79.853209,0.0],[-80.268529,79.852918,0.0],[-80.264411,79.853197,0.0],[-80.261127,79.853286,0.0],[-80.258683,79.853088,0.0],[-80.255948,79.85313,0.0],[-80.255913,79.853611,0.0],[-80.255605,79.854092,0.0],[-80.255581,79.854429,0.0],[-80.26102,79.854778,0.0],[-80.264571,79.854786,0.0],[-80.265141,79.85445,0.0],[-80.266005,79.853826,0.0],[-80.269577,79.853546,0.0],[-80.269601,79.853209,0.0]],[[-80.300761,79.862224,0.0],[-80.298162,79.861716,0.0],[-80.296703,79.860593,0.0],[-80.293861,79.860432,0.0],[-80.288357,79.860691,0.0],[-80.285245,79.861264,0.0],[-80.283683,79.861647,0.0],[-80.283179,79.862573,0.0],[-80.281378,79.863226,0.0],[-80.279793,79.863918,0.0],[-80.291859,79.864021,0.0],[-80.296267,79.86376,0.0],[-80.299561,79.863728,0.0],[-80.301772,79.863501,0.0],[-80.302705,79.862692,0.0],[-80.300761,79.862224,0.0]],[[-80.301117,79.855731,0.0],[-80.304938,79.855787,0.0],[-80.30555,79.854826,0.0],[-80.300103,79.854574,0.0],[-80.295804,79.853506,0.0],[-80.294761,79.852782,0.0],[-80.290385,79.852869,0.0],[-80.287361,79.853151,0.0],[-80.286471,79.85416,0.0],[-80.286414,79.854978,0.0],[-80.281939,79.85646,0.0],[-80.282489,79.856413,0.0],[-80.290179,79.855852,0.0],[-80.295659,79.855623,0.0],[-80.301117,79.855731,0.0]],[[-80.064358,79.971179,0.0],[-80.074181,79.971125,0.0],[-80.078371,79.970513,0.0],[-80.081287,79.970086,0.0],[-80.08599,79.969773,0.0],[-80.088874,79.968886,0.0],[-80.086093,79.968634,0.0],[-80.079996,79.968861,0.0],[-80.075716,79.969664,0.0],[-80.072393,79.970225,0.0],[-80.068164,79.970457,0.0],[-80.059737,79.970596,0.0],[-80.053186,79.970659,0.0],[-80.044804,79.97031,0.0],[-80.038222,79.970698,0.0],[-80.039703,79.971099,0.0],[-80.040046,79.971192,0.0],[-80.045187,79.971207,0.0],[-80.047968,79.971459,0.0],[-80.053555,79.971719,0.0],[-80.064358,79.971179,0.0]],[[-80.295001,79.874175,0.0],[-80.292404,79.873741,0.0],[-80.289614,79.872123,0.0],[-80.287196,79.872101,0.0],[-80.280759,79.872132,0.0],[-80.271272,79.871524,0.0],[-80.267202,79.871892,0.0],[-80.264262,79.8714,0.0],[-80.260174,79.870604,0.0],[-80.249816,79.870961,0.0],[-80.24381,79.870129,0.0],[-80.239971,79.869991,0.0],[-80.237592,79.870431,0.0],[-80.219468,79.871884,0.0],[-80.217594,79.872488,0.0],[-80.214569,79.874092,0.0],[-80.209855,79.874114,0.0],[-80.202323,79.874044,0.0],[-80.197394,79.875957,0.0],[-80.197615,79.87746,0.0],[-80.190695,79.877827,0.0],[-80.174435,79.879862,0.0],[-80.172625,79.880443,0.0],[-80.168774,79.881826,0.0],[-80.161074,79.881753,0.0],[-80.145057,79.881823,0.0],[-80.144963,79.881157,0.0],[-80.151896,79.881223,0.0],[-80.163412,79.880867,0.0],[-80.159693,79.878889,0.0],[-80.149797,79.878448,0.0],[-80.149944,79.877972,0.0],[-80.149868,79.87744,0.0],[-80.151487,79.877433,0.0],[-80.154638,79.877463,0.0],[-80.154545,79.87681,0.0],[-80.163826,79.87579,0.0],[-80.16226,79.874642,0.0],[-80.15783,79.87504,0.0],[-80.14716,79.87537,0.0],[-80.136452,79.876547,0.0],[-80.134662,79.877121,0.0],[-80.131766,79.878649,0.0],[-80.120646,79.880696,0.0],[-80.110969,79.879487,0.0],[-80.106185,79.879963,0.0],[-80.103813,79.880812,0.0],[-80.100665,79.88182,0.0],[-80.103302,79.882426,0.0],[-80.105309,79.882418,0.0],[-80.10961,79.883259,0.0],[-80.1143,79.883239,0.0],[-80.115986,79.884928,0.0],[-80.125619,79.884887,0.0],[-80.131911,79.884947,0.0],[-80.140404,79.884392,0.0],[-80.143442,79.883832,0.0],[-80.153511,79.883928,0.0],[-80.157124,79.88364,0.0],[-80.1617,79.883104,0.0],[-80.167898,79.882861,0.0],[-80.185153,79.881983,0.0],[-80.205409,79.882173,0.0],[-80.212296,79.882141,0.0],[-80.217737,79.882192,0.0],[-80.233569,79.881568,0.0],[-80.238351,79.881138,0.0],[-80.244494,79.880811,0.0],[-80.239023,79.879024,0.0],[-80.232424,79.878963,0.0],[-80.227863,79.878984,0.0],[-80.233619,79.877629,0.0],[-80.238497,79.877674,0.0],[-80.244038,79.877023,0.0],[-80.251343,79.877931,0.0],[-80.255546,79.876886,0.0],[-80.257719,79.875731,0.0],[-80.260191,79.875273,0.0],[-80.265415,79.874854,0.0],[-80.268642,79.87369,0.0],[-80.271048,79.874227,0.0],[-80.265537,79.875598,0.0],[-80.275441,79.876651,0.0],[-80.283245,79.87773,0.0],[-80.287651,79.87614,0.0],[-80.289275,79.875616,0.0],[-80.290783,79.875071,0.0],[-80.296933,79.874577,0.0],[-80.295001,79.874175,0.0]],[[-80.123729,79.909484,0.0],[-80.13326,79.911274,0.0],[-80.140824,79.910405,0.0],[-80.133654,79.909161,0.0],[-80.141563,79.908059,0.0],[-80.157582,79.908823,0.0],[-80.16261,79.909606,0.0],[-80.157786,79.910815,0.0],[-80.157831,79.912144,0.0],[-80.169051,79.912132,0.0],[-80.176265,79.911487,0.0],[-80.171696,79.910269,0.0],[-80.179404,79.910316,0.0],[-80.180986,79.910009,0.0],[-80.175644,79.909084,0.0],[-80.178151,79.908673,0.0],[-80.18537,79.908717,0.0],[-80.187119,79.910055,0.0],[-80.189289,79.910819,0.0],[-80.197818,79.910571,0.0],[-80.191809,79.908457,0.0],[-80.194531,79.907923,0.0],[-80.20207,79.91,0.0],[-80.209164,79.909381,0.0],[-80.219466,79.909869,0.0],[-80.222607,79.909865,0.0],[-80.231656,79.909075,0.0],[-80.240619,79.909127,0.0],[-80.250798,79.908431,0.0],[-80.25632,79.907792,0.0],[-80.259437,79.907536,0.0],[-80.262493,79.907269,0.0],[-80.273879,79.906451,0.0],[-80.29136,79.906551,0.0],[-80.266176,79.901631,0.0],[-80.258084,79.900232,0.0],[-80.252308,79.899725,0.0],[-80.249295,79.899444,0.0],[-80.245458,79.899303,0.0],[-80.243501,79.899651,0.0],[-80.223174,79.899922,0.0],[-80.213635,79.900326,0.0],[-80.20651,79.900949,0.0],[-80.201617,79.901215,0.0],[-80.192284,79.90255,0.0],[-80.192325,79.903627,0.0],[-80.186099,79.904647,0.0],[-80.180028,79.906384,0.0],[-80.173672,79.905985,0.0],[-80.16286,79.905693,0.0],[-80.158539,79.904881,0.0],[-80.155353,79.9046,0.0],[-80.150562,79.904013,0.0],[-80.139238,79.904024,0.0],[-80.131365,79.90583,0.0],[-80.127373,79.906156,0.0],[-80.114636,79.906077,0.0],[-80.112193,79.906927,0.0],[-80.105959,79.907945,0.0],[-80.105996,79.909223,0.0],[-80.103283,79.911773,0.0],[-80.108052,79.913048,0.0],[-80.117809,79.913219,0.0],[-80.11313,79.91197,0.0],[-80.113524,79.910034,0.0],[-80.123729,79.909484,0.0]],[[-80.404253,79.837706,0.0],[-80.389281,79.838171,0.0],[-80.381973,79.838501,0.0],[-80.37053,79.840713,0.0],[-80.370948,79.842221,0.0],[-80.376905,79.842717,0.0],[-80.378333,79.842887,0.0],[-80.373739,79.843249,0.0],[-80.369849,79.843612,0.0],[-80.363946,79.842868,0.0],[-80.355705,79.840526,0.0],[-80.34931,79.838872,0.0],[-80.344914,79.83891,0.0],[-80.341607,79.840726,0.0],[-80.32744,79.841384,0.0],[-80.331443,79.84242,0.0],[-80.344121,79.842313,0.0],[-80.352629,79.842419,0.0],[-80.352402,79.842986,0.0],[-80.347892,79.84293,0.0],[-80.346234,79.842944,0.0],[-80.346389,79.84351,0.0],[-80.354522,79.844188,0.0],[-80.351313,79.844818,0.0],[-80.344453,79.843953,0.0],[-80.341448,79.842763,0.0],[-80.335697,79.843633,0.0],[-80.340529,79.844883,0.0],[-80.339905,79.846432,0.0],[-80.34441,79.848727,0.0],[-80.35229,79.849383,0.0],[-80.351948,79.850237,0.0],[-80.356451,79.850962,0.0],[-80.358789,79.851886,0.0],[-80.364081,79.851563,0.0],[-80.371583,79.85127,0.0],[-80.373654,79.849425,0.0],[-80.387299,79.847321,0.0],[-80.396647,79.845515,0.0],[-80.40267,79.845199,0.0],[-80.407623,79.844602,0.0],[-80.407187,79.843049,0.0],[-80.407878,79.841304,0.0],[-80.413691,79.839036,0.0],[-80.417129,79.836542,0.0],[-80.416789,79.835332,0.0],[-80.40854,79.835122,0.0],[-80.407814,79.835263,0.0],[-80.404553,79.835766,0.0],[-80.404747,79.836459,0.0],[-80.404253,79.837706,0.0]],[[-80.152446,79.846143,0.0],[-80.151426,79.845274,0.0],[-80.151746,79.844698,0.0],[-80.152889,79.844075,0.0],[-80.158133,79.843366,0.0],[-80.159536,79.842888,0.0],[-80.157978,79.841922,0.0],[-80.155847,79.841291,0.0],[-80.152036,79.841185,0.0],[-80.149525,79.841852,0.0],[-80.147014,79.842519,0.0],[-80.146685,79.843192,0.0],[-80.147997,79.843822,0.0],[-80.149009,79.844787,0.0],[-80.14976,79.845607,0.0],[-80.151615,79.846286,0.0],[-80.15158,79.846719,0.0],[-80.149016,79.848012,0.0],[-80.153743,79.846965,0.0],[-80.158415,79.846592,0.0],[-80.158431,79.846399,0.0],[-80.154068,79.84634,0.0],[-80.152446,79.846143,0.0]],[[-80.168693,79.935256,0.0],[-80.176495,79.935357,0.0],[-80.183245,79.933717,0.0],[-80.16928,79.933537,0.0],[-80.161815,79.934421,0.0],[-80.162477,79.932859,0.0],[-80.152275,79.93268,0.0],[-80.147326,79.933833,0.0],[-80.152964,79.934153,0.0],[-80.168693,79.935256,0.0]],[[-80.152166,79.862341,0.0],[-80.151053,79.862532,0.0],[-80.152999,79.862884,0.0],[-80.155833,79.863123,0.0],[-80.156908,79.863397,0.0],[-80.158623,79.863903,0.0],[-80.162388,79.863488,0.0],[-80.161962,79.863332,0.0],[-80.158046,79.862897,0.0],[-80.154561,79.862579,0.0],[-80.152166,79.862341,0.0]],[[-80.371338,79.831452,0.0],[-80.356467,79.833665,0.0],[-80.358147,79.834346,0.0],[-80.36568,79.833623,0.0],[-80.372528,79.83225,0.0],[-80.378478,79.831795,0.0],[-80.384797,79.831021,0.0],[-80.386737,79.829478,0.0],[-80.378474,79.828616,0.0],[-80.377761,79.828759,0.0],[-80.372999,79.829468,0.0],[-80.373302,79.830237,0.0],[-80.371338,79.831452,0.0]],[[-80.453412,79.894194,0.0],[-80.463131,79.894567,0.0],[-80.470368,79.892757,0.0],[-80.470179,79.891673,0.0],[-80.470504,79.890503,0.0],[-80.468933,79.889122,0.0],[-80.467346,79.887265,0.0],[-80.452187,79.886816,0.0],[-80.438597,79.88476,0.0],[-80.43141,79.885078,0.0],[-80.427366,79.884693,0.0],[-80.417924,79.884742,0.0],[-80.41428,79.88471,0.0],[-80.40236,79.885236,0.0],[-80.39803,79.884918,0.0],[-80.389942,79.884147,0.0],[-80.385832,79.884002,0.0],[-80.386657,79.886293,0.0],[-80.392201,79.887366,0.0],[-80.398777,79.887654,0.0],[-80.398546,79.888465,0.0],[-80.401622,79.889267,0.0],[-80.40402,79.890645,0.0],[-80.431806,79.896015,0.0],[-80.447491,79.897948,0.0],[-80.450283,79.897682,0.0],[-80.450096,79.896599,0.0],[-80.454723,79.895861,0.0],[-80.447289,79.894126,0.0],[-80.453412,79.894194,0.0]],[[-80.302032,79.937462,0.0],[-80.301934,79.935446,0.0],[-80.302191,79.934057,0.0],[-80.295951,79.933689,0.0],[-80.290956,79.933378,0.0],[-80.275997,79.933399,0.0],[-80.261396,79.933315,0.0],[-80.249016,79.933332,0.0],[-80.241417,79.933163,0.0],[-80.240654,79.933299,0.0],[-80.231288,79.934342,0.0],[-80.225105,79.935437,0.0],[-80.211112,79.937531,0.0],[-80.205018,79.93803,0.0],[-80.194032,79.939597,0.0],[-80.16727,79.939912,0.0],[-80.158435,79.941698,0.0],[-80.156882,79.942237,0.0],[-80.154462,79.943029,0.0],[-80.157569,79.943048,0.0],[-80.165412,79.94304,0.0],[-80.173624,79.944161,0.0],[-80.185779,79.944792,0.0],[-80.181211,79.946288,0.0],[-80.194272,79.946692,0.0],[-80.188737,79.948075,0.0],[-80.191224,79.949266,0.0],[-80.214776,79.949406,0.0],[-80.214863,79.948962,0.0],[-80.214835,79.948282,0.0],[-80.222665,79.947003,0.0],[-80.220473,79.94571,0.0],[-80.211985,79.945327,0.0],[-80.212192,79.944262,0.0],[-80.207561,79.943832,0.0],[-80.20185,79.943331,0.0],[-80.207627,79.942388,0.0],[-80.202395,79.941719,0.0],[-80.192243,79.941239,0.0],[-80.186202,79.941246,0.0],[-80.188103,79.940896,0.0],[-80.198566,79.940184,0.0],[-80.203233,79.939932,0.0],[-80.209883,79.939167,0.0],[-80.220207,79.939154,0.0],[-80.222996,79.940727,0.0],[-80.235143,79.941171,0.0],[-80.244604,79.942049,0.0],[-80.251458,79.941452,0.0],[-80.257052,79.941942,0.0],[-80.26429,79.943291,0.0],[-80.270554,79.943327,0.0],[-80.275316,79.942779,0.0],[-80.281693,79.942522,0.0],[-80.287683,79.941999,0.0],[-80.293872,79.94149,0.0],[-80.293974,79.94094,0.0],[-80.293911,79.939598,0.0],[-80.301715,79.939174,0.0],[-80.302032,79.937462,0.0]],[[-80.177692,79.85603,0.0],[-80.175471,79.856373,0.0],[-80.172589,79.856752,0.0],[-80.171041,79.856903,0.0],[-80.170593,79.857017,0.0],[-80.174056,79.857606,0.0],[-80.175826,79.857417,0.0],[-80.178041,79.857152,0.0],[-80.179607,79.856769,0.0],[-80.18007,79.856461,0.0],[-80.177692,79.85603,0.0]],[[-80.394628,79.859288,0.0],[-80.39364,79.860387,0.0],[-80.395826,79.861827,0.0],[-80.401843,79.861351,0.0],[-80.411916,79.86001,0.0],[-80.417017,79.858554,0.0],[-80.414421,79.857096,0.0],[-80.409979,79.856613,0.0],[-80.400967,79.856832,0.0],[-80.397494,79.856454,0.0],[-80.395113,79.856333,0.0],[-80.393758,79.856922,0.0],[-80.401016,79.857292,0.0],[-80.393819,79.85825,0.0],[-80.394628,79.859288,0.0]],[[-80.217974,79.860359,0.0],[-80.216637,79.85997,0.0],[-80.212538,79.859961,0.0],[-80.208139,79.860287,0.0],[-80.207312,79.860381,0.0],[-80.20675,79.860573,0.0],[-80.205594,79.861388,0.0],[-80.203916,79.861865,0.0],[-80.202213,79.86268,0.0],[-80.202962,79.863596,0.0],[-80.206745,79.864182,0.0],[-80.214401,79.864201,0.0],[-80.219883,79.864021,0.0],[-80.224014,79.863646,0.0],[-80.225392,79.863505,0.0],[-80.221885,79.862871,0.0],[-80.218101,79.862284,0.0],[-80.216494,79.861847,0.0],[-80.215682,79.861749,0.0],[-80.216834,79.860982,0.0],[-80.217974,79.860359,0.0]],[[-80.443363,79.877778,0.0],[-80.439309,79.878146,0.0],[-80.432892,79.878566,0.0],[-80.429214,79.878782,0.0],[-80.427561,79.879058,0.0],[-80.426769,79.879401,0.0],[-80.428491,79.879777,0.0],[-80.430285,79.880319,0.0],[-80.432422,79.880504,0.0],[-80.435797,79.880604,0.0],[-80.439925,79.880401,0.0],[-80.442407,79.879742,0.0],[-80.442409,79.879498,0.0],[-80.442904,79.87874,0.0],[-80.443695,79.878398,0.0],[-80.450003,79.877608,0.0],[-80.453797,79.876785,0.0],[-80.45016,79.876718,0.0],[-80.447606,79.877212,0.0],[-80.445504,79.877475,0.0],[-80.443363,79.877778,0.0]],[[-80.242835,79.839412,0.0],[-80.237727,79.840064,0.0],[-80.232461,79.839892,0.0],[-80.227719,79.841355,0.0],[-80.225032,79.841698,0.0],[-80.233086,79.843405,0.0],[-80.23957,79.843224,0.0],[-80.242694,79.841888,0.0],[-80.246022,79.841128,0.0],[-80.24775,79.840058,0.0],[-80.259044,79.84097,0.0],[-80.261064,79.840743,0.0],[-80.253513,79.839801,0.0],[-80.247705,79.838942,0.0],[-80.243794,79.838819,0.0],[-80.242835,79.839412,0.0]],[[-80.514867,79.892813,0.0],[-80.513114,79.891759,0.0],[-80.506383,79.890922,0.0],[-80.502429,79.891714,0.0],[-80.484638,79.892395,0.0],[-80.481484,79.893607,0.0],[-80.473347,79.895583,0.0],[-80.462863,79.895983,0.0],[-80.460981,79.896415,0.0],[-80.468246,79.896324,0.0],[-80.472798,79.89678,0.0],[-80.483186,79.898933,0.0],[-80.490383,79.89951,0.0],[-80.495986,79.898826,0.0],[-80.500305,79.898584,0.0],[-80.512787,79.900216,0.0],[-80.514545,79.900194,0.0],[-80.513998,79.898863,0.0],[-80.515187,79.896511,0.0],[-80.520127,79.8945,0.0],[-80.514867,79.892813,0.0]],[[-80.478597,79.880852,0.0],[-80.47672,79.881122,0.0],[-80.477581,79.881432,0.0],[-80.478706,79.881465,0.0],[-80.48002,79.8813,0.0],[-80.483888,79.880642,0.0],[-80.492856,79.879971,0.0],[-80.49237,79.879753,0.0],[-80.487906,79.879825,0.0],[-80.485166,79.880029,0.0],[-80.482089,79.880345,0.0],[-80.478597,79.880852,0.0]]]}},{"type":"Feature","properties":{"rgi_id":"RGI2000-v7.0-G-03-04069","o1region":"03"},"geometry":{"type":"Polygon","coordinates":[[[-80.9881,79.18673,0.0],[-80.978551,79.186729,0.0],[-80.978563,79.180457,0.0],[-80.973791,79.180457,0.0],[-80.973794,79.179561,0.0],[-80.969022,79.179561,0.0],[-80.969027,79.177769,0.0],[-80.964256,79.177768,0.0],[-80.964271,79.173288,0.0],[-80.96904,79.173289,0.0],[-80.969042,79.172393,0.0],[-80.973811,79.172393,0.0],[-80.973813,79.171497,0.0],[-80.983349,79.171498,0.0],[-80.983348,79.172394,0.0],[-80.997653,79.172394,0.0],[-80.997653,79.171498,0.0],[-81.031029,79.171497,0.0],[-81.031042,79.175977,0.0],[-81.026272,79.175977,0.0],[-81.026278,79.178665,0.0],[-81.021507,79.178665,0.0],[-81.021509,79.179561,0.0],[-81.016737,79.179562,0.0],[-81.01674,79.181354,0.0],[-81.011968,79.181354,0.0],[-81.011969,79.18225,0.0],[-81.007196,79.18225,0.0],[-81.007197,79.183146,0.0],[-81.002424,79.183146,0.0],[-81.002424,79.184042,0.0],[-80.99765,79.184042,0.0],[-80.99765,79.184938,0.0],[-80.992876,79.184938,0.0],[-80.992876,79.185834,0.0],[-80.988101,79.185834,0.0],[-80.9881,79.18673,0.0]]]}},{"type":"Feature","properties":{"rgi_id":"RGI2000-v7.0-G-03-04218","o1region":"03"},"geometry":{"type":"Polygon","coordinates":[[[-80.959314,79.030155,0.0],[-80.944955,79.0305,0.0],[-80.928882,79.029236,0.0],[-80.916603,79.026893,0.0],[-80.898168,79.026257,0.0],[-80.892958,79.027155,0.0],[-80.885863,79.027333,0.0],[-80.873106,79.026428,0.0],[-80.859389,79.026872,0.0],[-80.828211,79.025891,0.0],[-80.811643,79.026216,0.0],[-80.801225,79.02711,0.0],[-80.753916,79.028156,0.0],[-80.724641,79.02633,0.0],[-80.698225,79.024055,0.0],[-80.676669,79.025314,0.0],[-80.640353,79.019647,0.0],[-80.624945,79.012919,0.0],[-80.600427,79.005637,0.0],[-80.593138,78.997924,0.0],[-80.599668,78.991675,0.0],[-80.594811,78.986613,0.0],[-80.595012,78.981078,0.0],[-80.610801,78.98064,0.0],[-80.624935,78.978736,0.0],[-80.637088,78.975805,0.0],[-80.685951,78.976628,0.0],[-80.726222,78.97308,0.0],[-80.803233,78.972115,0.0],[-80.817921,78.974557,0.0],[-80.821912,78.976225,0.0],[-80.847378,78.974958,0.0],[-80.87687,78.972409,0.0],[-80.896952,78.972673,0.0],[-80.906976,78.974854,0.0],[-80.919701,78.974473,0.0],[-80.932427,78.973836,0.0],[-80.949843,78.972174,0.0],[-80.968587,78.972433,0.0],[-80.992688,78.973075,0.0],[-81.012773,78.973331,0.0],[-81.021894,78.972063,0.0],[-81.031932,78.971771,0.0],[-81.038318,78.970839,0.0],[-81.043486,78.969849,0.0],[-81.051695,78.969149,0.0],[-81.054428,78.968334,0.0],[-81.061117,78.967983,0.0],[-81.070851,78.968214,0.0],[-81.074199,78.96862,0.0],[-81.081499,78.968735,0.0],[-81.083633,78.969317,0.0],[-81.083945,78.970364,0.0],[-81.083344,78.971354,0.0],[-81.085482,78.972576,0.0],[-81.093392,78.972515,0.0],[-81.100701,78.97327,0.0],[-81.107095,78.973675,0.0],[-81.110144,78.974372,0.0],[-81.115117,78.974756,0.0],[-81.120112,78.975361,0.0],[-81.123796,78.976146,0.0],[-81.123535,78.977011,0.0],[-81.115335,78.976117,0.0],[-81.107722,78.975596,0.0],[-81.096157,78.975541,0.0],[-81.088546,78.975253,0.0],[-81.081853,78.975487,0.0],[-81.083997,78.97735,0.0],[-81.084312,78.978746,0.0],[-81.092842,78.979501,0.0],[-81.095601,78.981712,0.0],[-81.102612,78.982525,0.0],[-81.105989,78.985376,0.0],[-81.117894,78.987816,0.0],[-81.119426,78.988631,0.0],[-81.123692,78.988687,0.0],[-81.127036,78.987987,0.0],[-81.136472,78.987285,0.0],[-81.147131,78.986989,0.0],[-81.155969,78.987275,0.0],[-81.167249,78.987793,0.0],[-81.170129,78.988445,0.0],[-81.156305,78.993146,0.0],[-81.151494,78.994263,0.0],[-81.149686,78.995835,0.0],[-81.152446,78.99694,0.0],[-81.151856,78.998396,0.0],[-81.147782,79.0008,0.0],[-81.146474,79.002428,0.0],[-81.141652,79.004533,0.0],[-81.129842,79.006555,0.0],[-81.120709,79.007575,0.0],[-81.116881,79.007532,0.0],[-81.110174,79.008251,0.0],[-81.097361,79.008896,0.0],[-81.09217,79.008781,0.0],[-81.085455,79.008725,0.0],[-81.078138,79.009949,0.0],[-81.072572,79.011117,0.0],[-81.053125,79.013913,0.0],[-81.047938,79.015136,0.0],[-81.037558,79.016302,0.0],[-81.034507,79.017466,0.0],[-81.029011,79.018456,0.0],[-81.021987,79.019446,0.0],[-81.009461,79.020611,0.0],[-81.001314,79.021267,0.0],[-80.99558,79.021649,0.0],[-80.988987,79.021834,0.0],[-80.984402,79.022998,0.0],[-80.98073,79.025209,0.0],[-80.977367,79.025675,0.0],[-80.970942,79.027537,0.0],[-80.964823,79.028759,0.0],[-80.959314,79.030155,0.0]],[[-81.03031,79.001846,0.0],[-81.026759,79.00134,0.0],[-81.019389,79.001265,0.0],[-81.018117,79.000199,0.0],[-81.014054,79.000199,0.0],[-80.997588,79.003246,0.0],[-80.996786,79.004658,0.0],[-81.006693,79.004804,0.0],[-81.015837,79.00398,0.0],[-81.0199,79.003107,0.0],[-81.023964,79.003301,0.0],[-81.03031,79.001846,0.0]],[[-81.08835,78.98686,0.0],[-81.078003,78.986721,0.0],[-81.077328,78.986861,0.0],[-81.071358,78.986961,0.0],[-81.068066,78.987883,0.0],[-81.067059,78.989094,0.0],[-81.063769,78.990549,0.0],[-81.063291,78.992144,0.0],[-81.075956,78.991806,0.0],[-81.079251,78.991224,0.0],[-81.091174,78.991075,0.0],[-81.094468,78.990493,0.0],[-81.105373,78.990053,0.0],[-81.11019,78.989663,0.0],[-81.111707,78.989227,0.0],[-81.107138,78.988889,0.0],[-81.08835,78.98686,0.0]]]}},{"type":"Feature","properties":{"rgi_id":"RGI2000-v7.0-G-03-04219","o1region":"03"},"geometry":{"type":"Polygon","coordinates":[[[-80.801324,79.06272,0.0],[-80.794598,79.056406,0.0],[-80.74586,79.039821,0.0],[-80.720816,79.035376,0.0],[-80.691757,79.033904,0.0],[-80.677947,79.03028,0.0],[-80.676669,79.025314,0.0],[-80.698225,79.024055,0.0],[-80.724641,79.02633,0.0],[-80.753916,79.028156,0.0],[-80.801225,79.02711,0.0],[-80.811643,79.026216,0.0],[-80.828211,79.025891,0.0],[-80.859389,79.026872,0.0],[-80.873106,79.026428,0.0],[-80.885863,79.027333,0.0],[-80.892958,79.027155,0.0],[-80.898168,79.026257,0.0],[-80.916603,79.026893,0.0],[-80.928882,79.029236,0.0],[-80.944955,79.0305,0.0],[-80.959314,79.030155,0.0],[-80.962052,79.03423,0.0],[-80.961122,79.037781,0.0],[-80.962955,79.038771,0.0],[-80.967239,79.039062,0.0],[-80.974891,79.038947,0.0],[-80.980551,79.038847,0.0],[-80.984379,79.039122,0.0],[-80.987807,79.039834,0.0],[-80.991422,79.040899,0.0],[-80.993254,79.041451,0.0],[-80.995702,79.042731,0.0],[-80.995089,79.043837,0.0],[-80.99662,79.045351,0.0],[-80.998764,79.045875,0.0],[-80.997232,79.046515,0.0],[-80.994782,79.046923,0.0],[-80.98833,79.047877,0.0],[-80.981611,79.046864,0.0],[-80.980695,79.045467,0.0],[-80.980391,79.044011,0.0],[-80.975493,79.043545,0.0],[-80.969063,79.04337,0.0],[-80.965694,79.043835,0.0],[-80.963854,79.044592,0.0],[-80.970284,79.045,0.0],[-80.971201,79.045524,0.0],[-80.970279,79.046805,0.0],[-80.963538,79.047677,0.0],[-80.955571,79.048375,0.0],[-80.953115,79.049655,0.0],[-80.952497,79.050935,0.0],[-80.951876,79.05274,0.0],[-80.954627,79.054545,0.0],[-80.956771,79.054953,0.0],[-80.961061,79.055128,0.0],[-80.966576,79.056118,0.0],[-80.965729,79.056794,0.0],[-80.963644,79.057592,0.0],[-80.961356,79.058446,0.0],[-80.957367,79.059435,0.0],[-80.957361,79.060774,0.0],[-80.960119,79.061414,0.0],[-80.965329,79.062696,0.0],[-80.97146,79.064151,0.0],[-80.977589,79.066888,0.0],[-80.978813,79.068984,0.0],[-80.981265,79.07073,0.0],[-80.983411,79.072069,0.0],[-80.98832,79.075213,0.0],[-80.982791,79.076027,0.0],[-80.973178,79.076639,0.0],[-80.970191,79.07665,0.0],[-80.964627,79.076106,0.0],[-80.955663,79.075774,0.0],[-80.939123,79.073714,0.0],[-80.933369,79.072273,0.0],[-80.93313,79.069917,0.0],[-80.935546,79.067871,0.0],[-80.935558,79.065892,0.0],[-80.933111,79.064728,0.0],[-80.93005,79.063563,0.0],[-80.927296,79.062573,0.0],[-80.926996,79.061525,0.0],[-80.924855,79.060709,0.0],[-80.923331,79.059254,0.0],[-80.920272,79.058321,0.0],[-80.919975,79.056924,0.0],[-80.92121,79.055702,0.0],[-80.919689,79.05413,0.0],[-80.917248,79.052732,0.0],[-80.914202,79.050345,0.0],[-80.910542,79.04819,0.0],[-80.905346,79.04685,0.0],[-80.89892,79.046266,0.0],[-80.89065,79.046321,0.0],[-80.883294,79.046784,0.0],[-80.878384,79.047713,0.0],[-80.871624,79.049515,0.0],[-80.86792,79.051842,0.0],[-80.867279,79.054228,0.0],[-80.864807,79.055857,0.0],[-80.85835,79.057426,0.0],[-80.8462,79.059347,0.0],[-80.832848,79.060473,0.0],[-80.825487,79.061135,0.0],[-80.816292,79.060838,0.0],[-80.809159,79.061407,0.0],[-80.801324,79.06272,0.0]]]}},{"type":"Feature","properties":{"rgi_id":"RGI2000-v7.0-G-03-04220","o1region":"03"},"geometry":{"type":"Polygon","coordinates":[[[-80.346536,79.0595,0.0],[-80.348114,79.057899,0.0],[-80.348193,79.056567,0.0],[-80.34679,79.053899,0.0],[-80.339173,79.050921,0.0],[-80.33147,79.049424,0.0],[-80.324457,79.049409,0.0],[-80.325259,79.047632,0.0],[-80.329401,79.044978,0.0],[-80.329719,79.043351,0.0],[-80.326636,79.039197,0.0],[-80.316653,79.036954,0.0],[-80.297825,79.036575,0.0],[-80.292338,79.036288,0.0],[-80.286453,79.035734,0.0],[-80.290429,79.033193,0.0],[-80.285885,79.031258,0.0],[-80.276705,79.028867,0.0],[-80.280383,79.025483,0.0],[-80.282589,79.02207,0.0],[-80.286646,79.019415,0.0],[-80.279797,79.017178,0.0],[-80.264651,79.011219,0.0],[-80.136346,79.002523,0.0],[-80.113575,78.995787,0.0],[-80.201647,78.988487,0.0],[-80.294325,78.977401,0.0],[-80.454772,78.965213,0.0],[-80.557191,78.970404,0.0],[-80.583807,78.97345,0.0],[-80.593937,78.976021,0.0],[-80.595012,78.981078,0.0],[-80.594811,78.986613,0.0],[-80.599668,78.991675,0.0],[-80.593138,78.997924,0.0],[-80.600427,79.005637,0.0],[-80.624945,79.012919,0.0],[-80.640353,79.019647,0.0],[-80.676669,79.025314,0.0],[-80.677947,79.03028,0.0],[-80.691757,79.033904,0.0],[-80.720816,79.035376,0.0],[-80.74586,79.039821,0.0],[-80.794598,79.056406,0.0],[-80.801324,79.06272,0.0],[-80.800906,79.063739,0.0],[-80.795379,79.064027,0.0],[-80.787391,79.065017,0.0],[-80.780838,79.067072,0.0],[-80.778636,79.068635,0.0],[-80.772855,79.070956,0.0],[-80.769531,79.071607,0.0],[-80.757532,79.072519,0.0],[-80.748555,79.072665,0.0],[-80.741162,79.073707,0.0],[-80.737759,79.07481,0.0],[-80.737113,79.076148,0.0],[-80.733403,79.077193,0.0],[-80.731223,79.078413,0.0],[-80.72812,79.079691,0.0],[-80.726873,79.080447,0.0],[-80.725016,79.080969,0.0],[-80.722847,79.081724,0.0],[-80.720405,79.081081,0.0],[-80.717603,79.081067,0.0],[-80.718274,79.080323,0.0],[-80.716151,79.079215,0.0],[-80.715865,79.0784,0.0],[-80.713456,79.076535,0.0],[-80.715005,79.076012,0.0],[-80.715967,79.074441,0.0],[-80.722139,79.073225,0.0],[-80.725847,79.072238,0.0],[-80.727105,79.071017,0.0],[-80.730205,79.069797,0.0],[-80.734767,79.069013,0.0],[-80.737404,79.067697,0.0],[-80.740922,79.065805,0.0],[-80.740149,79.064567,0.0],[-80.738047,79.062644,0.0],[-80.731921,79.06229,0.0],[-80.728867,79.061763,0.0],[-80.721133,79.062005,0.0],[-80.712583,79.062854,0.0],[-80.705183,79.064303,0.0],[-80.702707,79.065115,0.0],[-80.701446,79.066395,0.0],[-80.699274,79.067266,0.0],[-80.694663,79.067552,0.0],[-80.690655,79.068247,0.0],[-80.683276,79.068705,0.0],[-80.679874,79.069633,0.0],[-80.679526,79.071029,0.0],[-80.673049,79.07207,0.0],[-80.672103,79.072942,0.0],[-80.67607,79.073762,0.0],[-80.67759,79.074287,0.0],[-80.681877,79.074699,0.0],[-80.68216,79.075514,0.0],[-80.687973,79.076277,0.0],[-80.692557,79.077097,0.0],[-80.690397,79.077444,0.0],[-80.68241,79.077494,0.0],[-80.675031,79.077777,0.0],[-80.666733,79.077943,0.0],[-80.659351,79.078284,0.0],[-80.651357,79.078508,0.0],[-80.64643,79.07891,0.0],[-80.639736,79.079108,0.0],[-80.635702,79.078199,0.0],[-80.629277,79.077434,0.0],[-80.622245,79.076494,0.0],[-80.616115,79.076138,0.0],[-80.608424,79.076535,0.0],[-80.598891,79.076872,0.0],[-80.588451,79.0768,0.0],[-80.579221,79.077254,0.0],[-80.575764,79.079286,0.0],[-80.573452,79.083474,0.0],[-80.571529,79.085509,0.0],[-80.569287,79.087834,0.0],[-80.572913,79.089469,0.0],[-80.578127,79.089826,0.0],[-80.583022,79.090473,0.0],[-80.590092,79.090541,0.0],[-80.597149,79.090957,0.0],[-80.612478,79.092316,0.0],[-80.617671,79.093312,0.0],[-80.604758,79.093179,0.0],[-80.597351,79.093868,0.0],[-80.596702,79.094799,0.0],[-80.598503,79.096023,0.0],[-80.601209,79.097773,0.0],[-80.601769,79.099288,0.0],[-80.602012,79.101092,0.0],[-80.602898,79.102141,0.0],[-80.608393,79.103429,0.0],[-80.615139,79.104194,0.0],[-80.617888,79.104838,0.0],[-80.621777,79.10574,0.0],[-80.621656,79.106594,0.0],[-80.607653,79.106921,0.0],[-80.607636,79.107386,0.0],[-80.609751,79.108553,0.0],[-80.608482,79.1096,0.0],[-80.604473,79.109711,0.0],[-80.599526,79.110228,0.0],[-80.597336,79.111157,0.0],[-80.594477,79.112222,0.0],[-80.588551,79.112944,0.0],[-80.582181,79.112708,0.0],[-80.576307,79.113224,0.0],[-80.568134,79.114774,0.0],[-80.544767,79.114176,0.0],[-80.530874,79.112151,0.0],[-80.524671,79.11018,0.0],[-80.517334,79.108888,0.0],[-80.51069,79.108509,0.0],[-80.501981,79.107816,0.0],[-80.492435,79.107801,0.0],[-80.493018,79.108875,0.0],[-80.487703,79.109299,0.0],[-80.482073,79.109268,0.0],[-80.472425,79.107592,0.0],[-80.47063,79.106483,0.0],[-80.465447,79.105427,0.0],[-80.456589,79.103956,0.0],[-80.450234,79.101732,0.0],[-80.444788,79.09986,0.0],[-80.444594,79.097589,0.0],[-80.440665,79.096185,0.0],[-80.437415,79.09356,0.0],[-80.436584,79.091753,0.0],[-80.437882,79.090417,0.0],[-80.441379,79.088153,0.0],[-80.446444,79.085251,0.0],[-80.448995,79.083393,0.0],[-80.448445,79.082112,0.0],[-80.45063,79.081417,0.0],[-80.452218,79.080372,0.0],[-80.450737,79.079263,0.0],[-80.448642,79.078153,0.0],[-80.44653,79.077393,0.0],[-80.442555,79.077036,0.0],[-80.441368,79.076219,0.0],[-80.437748,79.074932,0.0],[-80.431649,79.074106,0.0],[-80.427137,79.072293,0.0],[-80.420475,79.070534,0.0],[-80.413518,79.0686,0.0],[-80.405345,79.066489,0.0],[-80.399306,79.064672,0.0],[-80.392679,79.062447,0.0],[-80.387236,79.061039,0.0],[-80.380528,79.060327,0.0],[-80.373149,79.060661,0.0],[-80.367353,79.060126,0.0],[-80.36184,79.059998,0.0],[-80.352982,79.059397,0.0],[-80.346536,79.0595,0.0]]]}},{"type":"Feature","properties":{"rgi_id":"RGI2000-v7.0-G-03-04221","o1region":"03"},"geometry":{"type":"Polygon","coordinates":[[[-80.156664,79.056127,0.0],[-80.147999,79.055611,0.0],[-80.141448,79.054472,0.0],[-80.138651,79.052503,0.0],[-80.134544,79.048429,0.0],[-80.125942,79.045323,0.0],[-80.089125,79.044936,0.0],[-80.061544,79.048635,0.0],[-80.028243,79.050072,0.0],[-80.008092,79.051243,0.0],[-80.003286,79.049008,0.0],[-79.988662,79.044679,0.0],[-79.986604,79.039608,0.0],[-80.032384,79.029509,0.0],[-80.101241,79.011654,0.0],[-80.136346,79.002523,0.0],[-80.264651,79.011219,0.0],[-80.279797,79.017178,0.0],[-80.286646,79.019415,0.0],[-80.282589,79.02207,0.0],[-80.280383,79.025483,0.0],[-80.276705,79.028867,0.0],[-80.285885,79.031258,0.0],[-80.290429,79.033193,0.0],[-80.286453,79.035734,0.0],[-80.280338,79.035642,0.0],[-80.277419,79.036605,0.0],[-80.276356,79.037263,0.0],[-80.279366,79.038046,0.0],[-80.28649,79.038334,0.0],[-80.289759,79.038264,0.0],[-80.292872,79.037456,0.0],[-80.297825,79.036575,0.0],[-80.316653,79.036954,0.0],[-80.326636,79.039197,0.0],[-80.329719,79.043351,0.0],[-80.329401,79.044978,0.0],[-80.325259,79.047632,0.0],[-80.324457,79.049409,0.0],[-80.33147,79.049424,0.0],[-80.339173,79.050921,0.0],[-80.34679,79.053899,0.0],[-80.348193,79.056567,0.0],[-80.348114,79.057899,0.0],[-80.346536,79.0595,0.0],[-80.346767,79.060781,0.0],[-80.344221,79.062347,0.0],[-80.34338,79.066188,0.0],[-80.342314,79.068631,0.0],[-80.339992,79.071536,0.0],[-80.339219,79.074212,0.0],[-80.340946,79.076137,0.0],[-80.34449,79.078531,0.0],[-80.346444,79.081854,0.0],[-80.34855,79.082615,0.0],[-80.344504,79.08348,0.0],[-80.342908,79.084466,0.0],[-80.34161,79.085627,0.0],[-80.338163,79.086726,0.0],[-80.337503,79.087481,0.0],[-80.33314,79.088462,0.0],[-80.330277,79.090027,0.0],[-80.327839,79.089673,0.0],[-80.32762,79.088217,0.0],[-80.324256,79.087918,0.0],[-80.308711,79.085548,0.0],[-80.30455,79.084458,0.0],[-80.297857,79.082445,0.0],[-80.294607,79.080401,0.0],[-80.290681,79.079344,0.0],[-80.287083,79.078435,0.0],[-80.284965,79.077468,0.0],[-80.281621,79.076936,0.0],[-80.279513,79.076291,0.0],[-80.276158,79.075933,0.0],[-80.273724,79.075578,0.0],[-80.271429,79.073128,0.0],[-80.267519,79.071896,0.0],[-80.263886,79.071131,0.0],[-80.262763,79.069556,0.0],[-80.26009,79.068211,0.0],[-80.25708,79.06733,0.0],[-80.257135,79.066516,0.0],[-80.258731,79.065588,0.0],[-80.258786,79.064773,0.0],[-80.257342,79.063431,0.0],[-80.25313,79.062198,0.0],[-80.244662,79.060431,0.0],[-80.238311,79.059134,0.0],[-80.23134,79.057953,0.0],[-80.22404,79.057119,0.0],[-80.216459,79.055936,0.0],[-80.212764,79.055391,0.0],[-80.206461,79.05428,0.0],[-80.203115,79.053922,0.0],[-80.19953,79.052632,0.0],[-80.192537,79.051857,0.0],[-80.184001,79.051252,0.0],[-80.176665,79.051,0.0],[-80.170831,79.051159,0.0],[-80.166494,79.051787,0.0],[-80.161285,79.051773,0.0],[-80.158874,79.051243,0.0],[-80.155784,79.051584,0.0],[-80.155091,79.05263,0.0],[-80.156188,79.054321,0.0],[-80.156664,79.056127,0.0]],[[-80.198832,79.045531,0.0],[-80.208431,79.045517,0.0],[-80.207549,79.043574,0.0],[-80.198321,79.041299,0.0],[-80.19185,79.040467,0.0],[-80.188222,79.039837,0.0],[-80.177004,79.039729,0.0],[-80.174696,79.040577,0.0],[-80.171376,79.041305,0.0],[-80.168096,79.041491,0.0],[-80.168195,79.042888,0.0],[-80.176967,79.042989,0.0],[-80.182815,79.043975,0.0],[-80.189945,79.044188,0.0],[-80.192347,79.044855,0.0],[-80.198832,79.045531,0.0]]]}},{"type":"Feature","properties":{"rgi_id":"RGI2000-v7.0-G-03-04222","o1region":"03"},"geometry":{"type":"Polygon","coordinates":[[[-79.887351,79.103243,0.0],[-79.87775,79.101815,0.0],[-79.877785,79.101847,0.0],[-79.871308,79.099604,0.0],[-79.877447,79.096931,0.0],[-79.87793,79.092176,0.0],[-79.879943,79.088854,0.0],[-79.900491,79.08433,0.0],[-79.921812,79.080283,0.0],[-79.937524,79.07352,0.0],[-79.95111,79.071347,0.0],[-79.962391,79.066946,0.0],[-79.967773,79.063001,0.0],[-79.989835,79.059269,0.0],[-80.006576,79.058848,0.0],[-80.011868,79.055694,0.0],[-80.008092,79.051243,0.0],[-80.028243,79.050072,0.0],[-80.061544,79.048635,0.0],[-80.089125,79.044936,0.0],[-80.125942,79.045323,0.0],[-80.134544,79.048429,0.0],[-80.138651,79.052503,0.0],[-80.141448,79.054472,0.0],[-80.147999,79.055611,0.0],[-80.156664,79.056127,0.0],[-80.16398,79.056671,0.0],[-80.169722,79.057792,0.0],[-80.172407,79.058789,0.0],[-80.176034,79.059498,0.0],[-80.180253,79.060499,0.0],[-80.183894,79.061032,0.0],[-80.187182,79.062205,0.0],[-80.18742,79.063137,0.0],[-80.185516,79.064006,0.0],[-80.182401,79.064638,0.0],[-80.176901,79.064332,0.0],[-80.175411,79.063746,0.0],[-80.172072,79.063271,0.0],[-80.166647,79.061976,0.0],[-80.161478,79.061379,0.0],[-80.15694,79.060552,0.0],[-80.151132,79.060303,0.0],[-80.145897,79.06058,0.0],[-80.142777,79.06127,0.0],[-80.138132,79.061839,0.0],[-80.137405,79.063292,0.0],[-80.133583,79.065086,0.0],[-80.128263,79.06641,0.0],[-80.129728,79.067288,0.0],[-80.131826,79.067934,0.0],[-80.135792,79.068236,0.0],[-80.139758,79.068538,0.0],[-80.142479,79.06907,0.0],[-80.145196,79.06966,0.0],[-80.148861,79.069903,0.0],[-80.150342,79.070605,0.0],[-80.149358,79.071418,0.0],[-80.145783,79.071659,0.0],[-80.143464,79.072216,0.0],[-80.140417,79.071917,0.0],[-80.138297,79.071268,0.0],[-80.135619,79.070448,0.0],[-80.129861,79.0695,0.0],[-80.122863,79.068723,0.0],[-80.117038,79.068649,0.0],[-80.115434,79.069517,0.0],[-80.114443,79.070388,0.0],[-80.110992,79.071309,0.0],[-80.108797,79.071885,0.0],[-80.109038,79.072701,0.0],[-80.113247,79.073819,0.0],[-80.114717,79.074638,0.0],[-80.119034,79.074418,0.0],[-80.120941,79.073608,0.0],[-80.124968,79.073154,0.0],[-80.129532,79.073691,0.0],[-80.133468,79.0744,0.0],[-80.1346,79.075626,0.0],[-80.129633,79.076311,0.0],[-80.125256,79.077288,0.0],[-80.128624,79.077414,0.0],[-80.132012,79.077307,0.0],[-80.131333,79.07812,0.0],[-80.12856,79.079261,0.0],[-80.134593,79.079937,0.0],[-80.136702,79.080766,0.0],[-80.140167,79.080941,0.0],[-80.144992,79.080254,0.0],[-80.14959,79.080384,0.0],[-80.157485,79.081895,0.0],[-80.163409,79.084053,0.0],[-80.167751,79.084147,0.0],[-80.170304,79.084895,0.0],[-80.171976,79.085806,0.0],[-80.176319,79.0859,0.0],[-80.178737,79.086572,0.0],[-80.174903,79.087031,0.0],[-80.171853,79.087453,0.0],[-80.165763,79.087437,0.0],[-80.164415,79.08801,0.0],[-80.163004,79.089406,0.0],[-80.165987,79.090238,0.0],[-80.170974,79.090222,0.0],[-80.174577,79.091396,0.0],[-80.179752,79.092108,0.0],[-80.18495,79.09253,0.0],[-80.190109,79.093475,0.0],[-80.195906,79.09413,0.0],[-80.200751,79.095191,0.0],[-80.205888,79.096485,0.0],[-80.208569,79.097714,0.0],[-80.209417,79.098764,0.0],[-80.208428,79.099693,0.0],[-80.206349,79.100443,0.0],[-80.20023,79.099827,0.0],[-80.180759,79.099272,0.0],[-80.170651,79.098552,0.0],[-80.160667,79.097231,0.0],[-80.155437,79.096351,0.0],[-80.145928,79.095975,0.0],[-80.139883,79.095768,0.0],[-80.125096,79.095562,0.0],[-80.113325,79.095775,0.0],[-80.104559,79.096491,0.0],[-80.09785,79.096945,0.0],[-80.095299,79.098043,0.0],[-80.090834,79.099252,0.0],[-80.087188,79.101218,0.0],[-80.083465,79.103422,0.0],[-80.080452,79.106324,0.0],[-80.082884,79.107492,0.0],[-80.082432,79.108431,0.0],[-80.077628,79.109669,0.0],[-80.06816,79.108545,0.0],[-80.064472,79.105927,0.0],[-80.060322,79.10468,0.0],[-80.055117,79.103686,0.0],[-80.050951,79.103207,0.0],[-80.039009,79.104801,0.0],[-80.033131,79.1066,0.0],[-80.030839,79.109009,0.0],[-80.027851,79.110573,0.0],[-80.019829,79.111531,0.0],[-80.014972,79.111039,0.0],[-80.014141,79.109479,0.0],[-80.008233,79.108022,0.0],[-80.000098,79.107732,0.0],[-79.995406,79.106816,0.0],[-79.99126,79.104998,0.0],[-79.986983,79.104634,0.0],[-79.983359,79.104271,0.0],[-79.963398,79.100015,0.0],[-79.957623,79.099239,0.0],[-79.945679,79.098616,0.0],[-79.93839,79.097601,0.0],[-79.926996,79.097678,0.0],[-79.919544,79.098351,0.0],[-79.912154,79.098383,0.0],[-79.90902,79.098954,0.0],[-79.910415,79.100415,0.0],[-79.908436,79.101747,0.0],[-79.902299,79.10155,0.0],[-79.896759,79.10153,0.0],[-79.891777,79.102095,0.0],[-79.887351,79.103243,0.0]],[[-79.981265,79.09546,0.0],[-79.987046,79.095577,0.0],[-79.99028,79.095031,0.0],[-79.989566,79.094552,0.0],[-79.99174,79.093986,0.0],[-79.996235,79.094574,0.0],[-79.999743,79.095016,0.0],[-80.004166,79.094927,0.0],[-80.004054,79.0952,0.0],[-80.005467,79.09627,0.0],[-80.005275,79.096745,0.0],[-80.00779,79.09783,0.0],[-80.013177,79.09942,0.0],[-80.01608,79.099521,0.0],[-80.018478,79.09985,0.0],[-80.025287,79.099688,0.0],[-80.026327,79.098911,0.0],[-80.024572,79.096794,0.0],[-80.023053,79.094769,0.0],[-80.021877,79.094352,0.0],[-80.022015,79.092792,0.0],[-80.021826,79.092195,0.0],[-80.02042,79.091639,0.0],[-80.01703,79.091583,0.0],[-80.013722,79.090608,0.0],[-80.013799,79.089736,0.0],[-80.012977,79.088081,0.0],[-80.009675,79.087061,0.0],[-80.008184,79.084761,0.0],[-80.002723,79.083504,0.0],[-79.994821,79.082468,0.0],[-79.993417,79.081913,0.0],[-79.986481,79.080926,0.0],[-79.978267,79.080669,0.0],[-79.96498,79.080257,0.0],[-79.958969,79.079778,0.0],[-79.950739,79.079704,0.0],[-79.950211,79.080162,0.0],[-79.953835,79.080266,0.0],[-79.955215,79.081051,0.0],[-79.956854,79.081653,0.0],[-79.960223,79.081894,0.0],[-79.961067,79.083228,0.0],[-79.96031,79.083547,0.0],[-79.959077,79.083772,0.0],[-79.957342,79.08418,0.0],[-79.959475,79.084692,0.0],[-79.963343,79.084797,0.0],[-79.966424,79.085541,0.0],[-79.966849,79.086186,0.0],[-79.964627,79.086739,0.0],[-79.963447,79.087337,0.0],[-79.963609,79.088072,0.0],[-79.963496,79.088346,0.0],[-79.967709,79.089953,0.0],[-79.970694,79.091753,0.0],[-79.970786,79.09336,0.0],[-79.976474,79.094802,0.0],[-79.981265,79.09546,0.0]]]}},{"type":"Feature","properties":{"rgi_id":"RGI2000-v7.0-G-03-04223","o1region":"03"},"geometry":{"type":"Polygon","coordinates":[[[-79.773816,79.105258,0.0],[-79.762616,79.104578,0.0],[-79.765503,79.10126,0.0],[-79.772772,79.096215,0.0],[-79.784778,79.093726,0.0],[-79.795087,79.091388,0.0],[-79.794595,79.088215,0.0],[-79.808713,79.08552,0.0],[-79.819648,79.081019,0.0],[-79.818792,79.077981,0.0],[-79.825358,79.07454,0.0],[-79.842931,79.074448,0.0],[-79.85136,79.065759,0.0],[-79.863754,79.058987,0.0],[-79.853209,79.055932,0.0],[-79.894147,79.051243,0.0],[-79.924571,79.046512,0.0],[-79.986604,79.039608,0.0],[-79.988662,79.044679,0.0],[-80.003286,79.049008,0.0],[-80.008092,79.051243,0.0],[-80.011868,79.055694,0.0],[-80.006576,79.058848,0.0],[-79.989835,79.059269,0.0],[-79.967773,79.063001,0.0],[-79.962391,79.066946,0.0],[-79.95111,79.071347,0.0],[-79.937524,79.07352,0.0],[-79.921812,79.080283,0.0],[-79.900491,79.08433,0.0],[-79.879943,79.088854,0.0],[-79.87793,79.092176,0.0],[-79.877447,79.096931,0.0],[-79.871308,79.099604,0.0],[-79.877785,79.101847,0.0],[-79.887351,79.103243,0.0],[-79.881947,79.104912,0.0],[-79.88058,79.106246,0.0],[-79.878644,79.107113,0.0],[-79.878786,79.108743,0.0],[-79.877134,79.109843,0.0],[-79.877459,79.111205,0.0],[-79.878093,79.112525,0.0],[-79.883807,79.115667,0.0],[-79.881819,79.116281,0.0],[-79.874649,79.115325,0.0],[-79.870656,79.114124,0.0],[-79.86971,79.113135,0.0],[-79.866453,79.111842,0.0],[-79.865625,79.110908,0.0],[-79.865987,79.110385,0.0],[-79.866781,79.109632,0.0],[-79.864887,79.1091,0.0],[-79.865296,79.108112,0.0],[-79.862035,79.106877,0.0],[-79.855974,79.105923,0.0],[-79.848899,79.105839,0.0],[-79.846208,79.105072,0.0],[-79.839811,79.104407,0.0],[-79.832127,79.104262,0.0],[-79.826254,79.104472,0.0],[-79.820029,79.105089,0.0],[-79.817787,79.105896,0.0],[-79.816123,79.107054,0.0],[-79.810505,79.107731,0.0],[-79.807275,79.109116,0.0],[-79.803485,79.109974,0.0],[-79.801429,79.111888,0.0],[-79.802836,79.113116,0.0],[-79.80811,79.11564,0.0],[-79.810406,79.117221,0.0],[-79.809804,79.118173,0.0],[-79.806874,79.118151,0.0],[-79.804852,79.117257,0.0],[-79.80196,79.115499,0.0],[-79.794963,79.112573,0.0],[-79.788116,79.111246,0.0],[-79.784718,79.109726,0.0],[-79.785559,79.107692,0.0],[-79.783217,79.106576,0.0],[-79.77996,79.105399,0.0],[-79.773816,79.105258,0.0]]]}},{"type":"Feature","properties":{"rgi_id":"RGI2000-v7.0-G-03-04225","o1region":"03"},"geometry":{"type":"Polygon","coordinates":[[[-79.315921,79.108631,0.0],[-79.317788,79.105792,0.0],[-79.3293,79.102722,0.0],[-79.321893,79.100593,0.0],[-79.33239,79.096891,0.0],[-79.34263,79.094858,0.0],[-79.353084,79.091364,0.0],[-79.351658,79.086136,0.0],[-79.34539,79.083805,0.0],[-79.35228,79.081962,0.0],[-79.371189,79.08081,0.0],[-79.393667,79.078785,0.0],[-79.415308,79.072896,0.0],[-79.423637,79.068553,0.0],[-79.445478,79.061982,0.0],[-79.448186,79.05051,0.0],[-79.456171,79.040527,0.0],[-79.49523,79.035918,0.0],[-79.548403,79.032207,0.0],[-79.602846,79.026822,0.0],[-79.632184,79.029043,0.0],[-79.745557,79.027046,0.0],[-79.847555,79.022919,0.0],[-79.914134,79.015451,0.0],[-79.970832,79.0029,0.0],[-80.045549,79.001364,0.0],[-80.113575,78.995787,0.0],[-80.136346,79.002523,0.0],[-80.101241,79.011654,0.0],[-80.032384,79.029509,0.0],[-79.986604,79.039608,0.0],[-79.924571,79.046512,0.0],[-79.894147,79.051243,0.0],[-79.853209,79.055932,0.0],[-79.793307,79.055418,0.0],[-79.771307,79.051061,0.0],[-79.747442,79.050111,0.0],[-79.703477,79.054697,0.0],[-79.677165,79.057437,0.0],[-79.624738,79.060972,0.0],[-79.595322,79.06824,0.0],[-79.561549,79.074062,0.0],[-79.55927,79.08003,0.0],[-79.544708,79.087932,0.0],[-79.522331,79.096189,0.0],[-79.52969,79.098939,0.0],[-79.531235,79.102103,0.0],[-79.526978,79.104004,0.0],[-79.524434,79.106903,0.0],[-79.525359,79.111508,0.0],[-79.530046,79.113335,0.0],[-79.529267,79.114554,0.0],[-79.523312,79.115283,0.0],[-79.520219,79.117655,0.0],[-79.528673,79.121306,0.0],[-79.53291,79.124237,0.0],[-79.538752,79.126711,0.0],[-79.539769,79.128346,0.0],[-79.539854,79.130035,0.0],[-79.542677,79.133136,0.0],[-79.543503,79.135118,0.0],[-79.544103,79.137597,0.0],[-79.541791,79.138774,0.0],[-79.533973,79.139688,0.0],[-79.522835,79.140144,0.0],[-79.503456,79.140761,0.0],[-79.499086,79.141019,0.0],[-79.493454,79.14097,0.0],[-79.462733,79.140937,0.0],[-79.453477,79.140441,0.0],[-79.450735,79.140364,0.0],[-79.433664,79.139883,0.0],[-79.43074,79.13958,0.0],[-79.426075,79.137745,0.0],[-79.411431,79.13508,0.0],[-79.402356,79.133023,0.0],[-79.388757,79.132661,0.0],[-79.380071,79.131277,0.0],[-79.376094,79.129831,0.0],[-79.365551,79.127183,0.0],[-79.357185,79.125333,0.0],[-79.352399,79.124318,0.0],[-79.34735,79.12301,0.0],[-79.343262,79.121474,0.0],[-79.337,79.120042,0.0],[-79.333836,79.119098,0.0],[-79.329974,79.117559,0.0],[-79.32472,79.115609,0.0],[-79.320839,79.115173,0.0],[-79.323674,79.11438,0.0],[-79.32862,79.11429,0.0],[-79.329377,79.113363,0.0],[-79.324389,79.111705,0.0],[-79.323695,79.110187,0.0],[-79.315921,79.108631,0.0]]]}},{"type":"Feature","properties":{"rgi_id":"RGI2000-v7.0-G-03-04314","o1region":"03"},"geometry":{"type":"Polygon","coordinates":[[[-80.113575,78.995787,0.0],[-80.045549,79.001364,0.0],[-79.970832,79.0029,0.0],[-79.914134,79.015451,0.0],[-79.847555,79.022919,0.0],[-79.745557,79.027046,0.0],[-79.632184,79.029043,0.0],[-79.674024,79.021619,0.0],[-79.671306,79.009023,0.0],[-79.649557,79.000689,0.0],[-79.654398,79.000074,0.0],[-79.657942,78.998361,0.0],[-79.654318,78.996798,0.0],[-79.660848,78.994006,0.0],[-79.659573,78.992727,0.0],[-79.654024,78.991338,0.0],[-79.650934,78.989323,0.0],[-79.645399,78.987843,0.0],[-79.645543,78.986661,0.0],[-79.653178,78.986513,0.0],[-79.664987,78.987292,0.0],[-79.670601,78.988136,0.0],[-79.67708,78.98971,0.0],[-79.68078,78.990636,0.0],[-79.686503,78.99057,0.0],[-79.695676,78.989517,0.0],[-79.701398,78.989451,0.0],[-79.706095,78.990016,0.0],[-79.709469,78.989667,0.0],[-79.713214,78.990229,0.0],[-79.716452,78.991061,0.0],[-79.720239,78.991259,0.0],[-79.725383,78.992099,0.0],[-79.732524,78.992129,0.0],[-79.735101,78.990411,0.0],[-79.726368,78.987645,0.0],[-79.732192,78.986669,0.0],[-79.734302,78.984858,0.0],[-79.733495,78.983581,0.0],[-79.73941,78.981786,0.0],[-79.744929,78.979262,0.0],[-79.751441,78.977873,0.0],[-79.757071,78.977037,0.0],[-79.761745,78.977784,0.0],[-79.765539,78.97789,0.0],[-79.768727,78.979177,0.0],[-79.772967,78.979558,0.0],[-79.777127,78.980666,0.0],[-79.77891,78.981765,0.0],[-79.783618,78.982238,0.0],[-79.787988,78.981437,0.0],[-79.794132,78.981825,0.0],[-79.800723,78.982488,0.0],[-79.802053,78.983403,0.0],[-79.804888,78.983596,0.0],[-79.809276,78.982612,0.0],[-79.813625,78.981993,0.0],[-79.818858,78.982013,0.0],[-79.823216,78.981302,0.0],[-79.826459,78.982133,0.0],[-79.830702,78.982513,0.0],[-79.830598,78.983514,0.0],[-79.846269,78.983846,0.0],[-79.84667,78.984575,0.0],[-79.849002,78.985039,0.0],[-79.856727,78.983976,0.0],[-79.8564,78.98252,0.0],[-79.85169,78.982047,0.0],[-79.852325,78.980503,0.0],[-79.849117,78.979308,0.0],[-79.844988,78.977837,0.0],[-79.840802,78.976912,0.0],[-79.833252,78.976337,0.0],[-79.832453,78.974878,0.0],[-79.827738,78.974496,0.0],[-79.826455,78.973127,0.0],[-79.827568,78.971585,0.0],[-79.835248,78.970886,0.0],[-79.838822,78.973083,0.0],[-79.844376,78.97456,0.0],[-79.850802,78.975632,0.0],[-79.85599,78.977242,0.0],[-79.86206,78.978356,0.0],[-79.86826,78.978197,0.0],[-79.870071,78.979114,0.0],[-79.877268,78.978503,0.0],[-79.878402,78.976688,0.0],[-79.88495,78.977804,0.0],[-79.887391,78.977176,0.0],[-79.886576,78.975808,0.0],[-79.891312,78.976008,0.0],[-79.891222,78.976917,0.0],[-79.893554,78.97738,0.0],[-79.9017,78.976773,0.0],[-79.908322,78.977161,0.0],[-79.914908,78.977912,0.0],[-79.919689,78.977656,0.0],[-79.917382,78.97692,0.0],[-79.913218,78.975723,0.0],[-79.916626,78.974916,0.0],[-79.91542,78.972637,0.0],[-79.907132,78.969879,0.0],[-79.897244,78.96921,0.0],[-79.893029,78.968281,0.0],[-79.878813,78.967866,0.0],[-79.872691,78.967297,0.0],[-79.867595,78.966005,0.0],[-79.862015,78.964801,0.0],[-79.858811,78.963607,0.0],[-79.861697,78.963254,0.0],[-79.858969,78.962061,0.0],[-79.853382,78.960948,0.0],[-79.851623,78.959577,0.0],[-79.845499,78.959099,0.0],[-79.836992,78.958703,0.0],[-79.834523,78.959603,0.0],[-79.835312,78.961153,0.0],[-79.831884,78.96214,0.0],[-79.820962,78.962098,0.0],[-79.814343,78.9618,0.0],[-79.799458,78.963288,0.0],[-79.793137,78.964627,0.0],[-79.788803,78.965156,0.0],[-79.785568,78.964324,0.0],[-79.773694,78.964277,0.0],[-79.762236,78.964776,0.0],[-79.745975,78.965711,0.0],[-79.732077,78.966745,0.0],[-79.718218,78.967415,0.0],[-79.707282,78.96746,0.0],[-79.698593,78.968605,0.0],[-79.688984,78.969474,0.0],[-79.683619,78.970633,0.0],[-79.673024,78.97177,0.0],[-79.668639,78.972661,0.0],[-79.658615,78.972981,0.0],[-79.648027,78.974026,0.0],[-79.644578,78.975011,0.0],[-79.636341,78.976248,0.0],[-79.6333,78.977781,0.0],[-79.628522,78.977942,0.0],[-79.623064,78.975916,0.0],[-79.609809,78.975401,0.0],[-79.581532,78.97709,0.0],[-79.562304,78.978638,0.0],[-79.535925,78.980241,0.0],[-79.530694,78.980216,0.0],[-79.521598,78.980627,0.0],[-79.517637,78.981791,0.0],[-79.512856,78.981949,0.0],[-79.508031,78.981521,0.0],[-79.504295,78.981907,0.0],[-79.503197,78.982994,0.0],[-79.495501,78.983593,0.0],[-79.496293,78.98478,0.0],[-79.492889,78.985309,0.0],[-79.482397,78.985439,0.0],[-79.477114,78.985776,0.0],[-79.473121,78.987121,0.0],[-79.464594,78.986805,0.0],[-79.451507,78.988468,0.0],[-79.435675,78.989297,0.0],[-79.428331,78.990715,0.0],[-79.422979,78.991507,0.0],[-79.415852,78.991379,0.0],[-79.407695,78.991791,0.0],[-79.399974,78.992479,0.0],[-79.393502,78.993432,0.0],[-79.381817,78.994753,0.0],[-79.377706,78.994909,0.0],[-79.37096,78.995419,0.0],[-79.360733,78.996911,0.0],[-79.351114,78.997496,0.0],[-79.347196,78.998203,0.0],[-79.338433,78.99943,0.0],[-79.32975,79.00011,0.0],[-79.316192,79.001492,0.0],[-79.30172,79.002594,0.0],[-79.289248,79.003071,0.0],[-79.286656,79.004421,0.0],[-79.278036,79.004646,0.0],[-79.261245,79.006798,0.0],[-79.253112,79.007553,0.0],[-79.249554,79.008333,0.0],[-79.246503,79.008316,0.0],[-79.241499,79.008578,0.0],[-79.235629,79.009491,0.0],[-79.227469,79.01039,0.0],[-79.221944,79.011523,0.0],[-79.214614,79.011989,0.0],[-79.209919,79.01269,0.0],[-79.203029,79.012795,0.0],[-79.200177,79.011541,0.0],[-79.195348,79.010712,0.0],[-79.189305,79.010312,0.0],[-79.188707,79.009289,0.0],[-79.184667,79.008319,0.0],[-79.18214,79.00743,0.0],[-79.176599,79.006306,0.0],[-79.177826,79.005803,0.0],[-79.181805,79.004808,0.0],[-79.185033,79.003735,0.0],[-79.18982,79.002453,0.0],[-79.195749,79.001178,0.0],[-79.201225,79.000336,0.0],[-79.206343,78.999347,0.0],[-79.207293,78.998188,0.0],[-79.206026,78.996579,0.0],[-79.205417,78.995629,0.0],[-79.210069,78.995147,0.0],[-79.213404,78.995749,0.0],[-79.22145,78.995505,0.0],[-79.23694,78.993993,0.0],[-79.256506,78.990757,0.0],[-79.25737,78.990106,0.0],[-79.261234,78.989764,0.0],[-79.268121,78.989585,0.0],[-79.273944,78.98889,0.0],[-79.280898,78.988274,0.0],[-79.282947,78.98734,0.0],[-79.286137,78.986411,0.0],[-79.291078,78.985874,0.0],[-79.293155,78.985359,0.0],[-79.301572,78.985114,0.0],[-79.310513,78.983926,0.0],[-79.317886,78.983021,0.0],[-79.327507,78.982346,0.0],[-79.336073,78.981082,0.0],[-79.342649,78.98039,0.0],[-79.347723,78.979544,0.0],[-79.360056,78.978519,0.0],[-79.379729,78.976731,0.0],[-79.38631,78.975966,0.0],[-79.395552,78.975214,0.0],[-79.402849,78.974742,0.0],[-79.408636,78.97419,0.0],[-79.413734,78.973125,0.0],[-79.41769,78.972054,0.0],[-79.422416,78.970914,0.0],[-79.428621,78.970072,0.0],[-79.432565,78.969073,0.0],[-79.433641,78.966823,0.0],[-79.436155,78.965161,0.0],[-79.43486,78.963553,0.0],[-79.425804,78.96307,0.0],[-79.418711,78.96216,0.0],[-79.417346,78.961061,0.0],[-79.42058,78.959695,0.0],[-79.426419,78.958706,0.0],[-79.426942,78.957689,0.0],[-79.423269,78.956676,0.0],[-79.420499,78.95489,0.0],[-79.419596,78.953211,0.0],[-79.423566,78.951994,0.0],[-79.424232,78.94996,0.0],[-79.421679,78.949219,0.0],[-79.414532,78.948745,0.0],[-79.408946,78.947988,0.0],[-79.40989,78.946683,0.0],[-79.409032,78.944713,0.0],[-79.403348,78.94199,0.0],[-79.400544,78.940374,0.0],[-79.39533,78.939691,0.0],[-79.391738,78.938289,0.0],[-79.372376,78.931431,0.0],[-79.365536,78.922428,0.0],[-79.370823,78.916621,0.0],[-79.339752,78.901509,0.0],[-79.307,78.893216,0.0],[-79.246612,78.887322,0.0],[-79.208991,78.87785,0.0],[-79.185039,78.87543,0.0],[-79.158652,78.860895,0.0],[-79.177231,78.855314,0.0],[-79.168846,78.848005,0.0],[-79.190543,78.841161,0.0],[-79.235662,78.839436,0.0],[-79.284785,78.838757,0.0],[-79.359263,78.828606,0.0],[-79.377222,78.82116,0.0],[-79.400046,78.815447,0.0],[-79.449545,78.81286,0.0],[-79.469252,78.808123,0.0],[-79.506047,78.807027,0.0],[-79.537874,78.798929,0.0],[-79.564003,78.789236,0.0],[-79.579092,78.785608,0.0],[-79.594049,78.782974,0.0],[-79.630631,78.782859,0.0],[-79.650299,78.783517,0.0],[-79.666181,78.785296,0.0],[-79.667429,78.78089,0.0],[-79.670234,78.778274,0.0],[-79.684798,78.776129,0.0],[-79.685857,78.773287,0.0],[-79.688228,78.771732,0.0],[-79.696017,78.770718,0.0],[-79.706921,78.767971,0.0],[-79.712986,78.766005,0.0],[-79.731424,78.764376,0.0],[-79.737183,78.765112,0.0],[-79.750289,78.765452,0.0],[-79.770894,78.763972,0.0],[-79.776278,78.761432,0.0],[-79.799211,78.758537,0.0],[-79.824086,78.757924,0.0],[-79.829541,78.761645,0.0],[-79.836619,78.763807,0.0],[-79.84529,78.764694,0.0],[-79.85701,78.764312,0.0],[-79.865711,78.764915,0.0],[-79.874301,78.766654,0.0],[-79.886627,78.767554,0.0],[-79.9024,78.770601,0.0],[-79.919182,78.770804,0.0],[-79.935912,78.767662,0.0],[-79.937863,78.766317,0.0],[-79.952971,78.763989,0.0],[-79.962198,78.763699,0.0],[-79.966745,78.761865,0.0],[-79.998547,78.757135,0.0],[-80.016782,78.757196,0.0],[-80.021061,78.758348,0.0],[-80.023103,78.760062,0.0],[-80.034679,78.761238,0.0],[-80.038913,78.762959,0.0],[-80.044332,78.763932,0.0],[-80.048694,78.76599,0.0],[-80.056851,78.766778,0.0],[-80.059212,78.768434,0.0],[-80.064378,78.769147,0.0],[-80.065092,78.770488,0.0],[-80.08235,78.774719,0.0],[-80.087292,78.774842,0.0],[-80.086863,78.77334,0.0],[-80.085333,78.771836,0.0],[-80.092508,78.771536,0.0],[-80.094705,78.770982,0.0],[-80.098152,78.770695,0.0],[-80.111745,78.774424,0.0],[-80.113504,78.779978,0.0],[-80.278425,78.823974,0.0],[-80.28168,78.831903,0.0],[-80.279011,78.836905,0.0],[-80.294712,78.841495,0.0],[-80.34873,78.850995,0.0],[-80.38806,78.854993,0.0],[-80.49054,78.872202,0.0],[-80.488366,78.873024,0.0],[-80.485957,78.873123,0.0],[-80.480169,78.874527,0.0],[-80.473722,78.876889,0.0],[-80.469422,78.8782,0.0],[-80.464855,78.878707,0.0],[-80.462888,78.880715,0.0],[-80.460972,78.88164,0.0],[-80.464882,78.882485,0.0],[-80.452891,78.882749,0.0],[-80.44842,78.883535,0.0],[-80.448754,78.884326,0.0],[-80.446506,78.884538,0.0],[-80.44237,78.885178,0.0],[-80.444321,78.886388,0.0],[-80.443818,78.887949,0.0],[-80.449914,78.889097,0.0],[-80.449038,78.890591,0.0],[-80.448445,78.891776,0.0],[-80.439806,78.893307,0.0],[-80.432349,78.893446,0.0],[-80.428629,78.892861,0.0],[-80.424101,78.89343,0.0],[-80.425839,78.896107,0.0],[-80.426667,78.899058,0.0],[-80.417813,78.899402,0.0],[-80.408709,78.899385,0.0],[-80.407149,78.900247,0.0],[-80.40169,78.900454,0.0],[-80.402704,78.901539,0.0],[-80.409645,78.901965,0.0],[-80.410326,78.904287,0.0],[-80.412177,78.904755,0.0],[-80.412402,78.90558,0.0],[-80.401949,78.905663,0.0],[-80.400021,78.906639,0.0],[-80.393585,78.906729,0.0],[-80.393742,78.908792,0.0],[-80.394513,78.909413,0.0],[-80.394656,78.910806,0.0],[-80.389518,78.912548,0.0],[-80.388105,78.913886,0.0],[-80.390095,78.916726,0.0],[-80.404664,78.920159,0.0],[-80.40045,78.921345,0.0],[-80.40074,78.923297,0.0],[-80.407975,78.937636,0.0],[-80.401556,78.947776,0.0],[-80.429391,78.954033,0.0],[-80.454772,78.965213,0.0],[-80.294325,78.977401,0.0],[-80.201647,78.988487,0.0],[-80.113575,78.995787,0.0]],[[-79.843249,78.910453,0.0],[-79.839425,78.909403,0.0],[-79.832819,78.909218,0.0],[-79.829335,78.910863,0.0],[-79.83264,78.911996,0.0],[-79.82893,78.91228,0.0],[-79.82765,78.912628,0.0],[-79.834166,78.913186,0.0],[-79.836253,78.914195,0.0],[-79.845324,78.914493,0.0],[-79.849406,78.912728,0.0],[-79.844432,78.911025,0.0],[-79.843249,78.910453,0.0]],[[-80.006104,78.972094,0.0],[-79.998453,78.970676,0.0],[-79.996299,78.969517,0.0],[-79.990614,78.968278,0.0],[-79.987492,78.969082,0.0],[-79.984693,78.968966,0.0],[-79.982083,78.969638,0.0],[-79.97488,78.970142,0.0],[-79.974298,78.971412,0.0],[-79.978778,78.971811,0.0],[-79.980205,78.97268,0.0],[-79.985226,78.972649,0.0],[-79.989522,78.972327,0.0],[-79.991375,78.97178,0.0],[-79.992846,78.971729,0.0],[-79.995642,78.972082,0.0],[-79.998261,78.972048,0.0],[-80.005768,78.973053,0.0],[-80.006104,78.972094,0.0]],[[-79.511939,78.921689,0.0],[-79.513259,78.921113,0.0],[-79.514903,78.920617,0.0],[-79.516197,78.920051,0.0],[-79.51858,78.919334,0.0],[-79.52809,78.918996,0.0],[-79.527602,78.918228,0.0],[-79.530544,78.917814,0.0],[-79.532531,78.916565,0.0],[-79.536639,78.916702,0.0],[-79.536116,78.915879,0.0],[-79.527974,78.915572,0.0],[-79.525988,78.915411,0.0],[-79.52536,78.91556,0.0],[-79.522354,78.915779,0.0],[-79.5197,78.91607,0.0],[-79.516694,78.916289,0.0],[-79.514667,78.917929,0.0],[-79.515339,78.918989,0.0],[-79.514516,78.919899,0.0],[-79.500708,78.92089,0.0],[-79.496215,78.921951,0.0],[-79.496554,78.922486,0.0],[-79.502549,78.922346,0.0],[-79.511939,78.921689,0.0]],[[-79.92433,78.960367,0.0],[-79.925226,78.959616,0.0],[-79.925083,78.958326,0.0],[-79.930635,78.959087,0.0],[-79.926618,78.957566,0.0],[-79.926865,78.956752,0.0],[-79.924506,78.955497,0.0],[-79.920138,78.953971,0.0],[-79.922063,78.953248,0.0],[-79.929839,78.954362,0.0],[-79.932628,78.95364,0.0],[-79.929812,78.95212,0.0],[-79.920379,78.949747,0.0],[-79.91916,78.94918,0.0],[-79.914047,78.948918,0.0],[-79.916964,78.949938,0.0],[-79.90713,78.950212,0.0],[-79.902236,78.949651,0.0],[-79.897788,78.949953,0.0],[-79.898013,78.950472,0.0],[-79.892239,78.950696,0.0],[-79.89091,78.951254,0.0],[-79.887975,78.952194,0.0],[-79.886464,78.953657,0.0],[-79.879299,78.953875,0.0],[-79.871981,78.954999,0.0],[-79.867813,78.954902,0.0],[-79.868216,78.95584,0.0],[-79.875313,78.957015,0.0],[-79.883286,78.957384,0.0],[-79.886162,78.957714,0.0],[-79.889261,78.957665,0.0],[-79.893697,78.956681,0.0],[-79.895806,78.957186,0.0],[-79.898068,78.95756,0.0],[-79.899934,78.958008,0.0],[-79.903664,78.958624,0.0],[-79.909937,78.958524,0.0],[-79.914653,78.959654,0.0],[-79.92233,78.959945,0.0],[-79.923576,78.960243,0.0],[-79.92433,78.960367,0.0]],[[-79.540669,78.944981,0.0],[-79.538486,78.942065,0.0],[-79.533957,78.94106,0.0],[-79.532934,78.939982,0.0],[-79.534819,78.939812,0.0],[-79.534459,78.939006,0.0],[-79.53216,78.938771,0.0],[-79.525389,78.937908,0.0],[-79.52102,78.936706,0.0],[-79.516168,78.936414,0.0],[-79.510285,78.93862,0.0],[-79.516339,78.940393,0.0],[-79.516377,78.941869,0.0],[-79.511721,78.943589,0.0],[-79.504156,78.946145,0.0],[-79.494329,78.948152,0.0],[-79.487201,78.949145,0.0],[-79.48896,78.951657,0.0],[-79.495198,78.95209,0.0],[-79.508984,78.95189,0.0],[-79.50954,78.951222,0.0],[-79.515378,78.951161,0.0],[-79.520848,78.950524,0.0],[-79.52646,78.950232,0.0],[-79.531954,78.94923,0.0],[-79.536434,78.94885,0.0],[-79.541303,78.947264,0.0],[-79.540669,78.944981,0.0]],[[-79.640714,78.932929,0.0],[-79.625883,78.93237,0.0],[-79.619563,78.932655,0.0],[-79.620642,78.93327,0.0],[-79.622694,78.933697,0.0],[-79.623044,78.934637,0.0],[-79.628604,78.936763,0.0],[-79.626091,78.938271,0.0],[-79.6104,78.93896,0.0],[-79.602453,78.937314,0.0],[-79.599766,78.936453,0.0],[-79.594458,78.936071,0.0],[-79.591493,78.939275,0.0],[-79.584761,78.940943,0.0],[-79.582285,78.942093,0.0],[-79.577952,78.943191,0.0],[-79.570119,78.944316,0.0],[-79.564624,78.945363,0.0],[-79.563288,78.946698,0.0],[-79.566127,78.948186,0.0],[-79.572344,78.946964,0.0],[-79.582935,78.946164,0.0],[-79.593962,78.945589,0.0],[-79.61192,78.943616,0.0],[-79.619554,78.942175,0.0],[-79.629005,78.941101,0.0],[-79.628846,78.942396,0.0],[-79.649592,78.940388,0.0],[-79.657572,78.939144,0.0],[-79.663272,78.938974,0.0],[-79.673563,78.93665,0.0],[-79.668925,78.934528,0.0],[-79.663061,78.932938,0.0],[-79.640714,78.932929,0.0]],[[-79.58588,78.928333,0.0],[-79.585181,78.928743,0.0],[-79.582879,78.929106,0.0],[-79.573569,78.931082,0.0],[-79.573692,78.931503,0.0],[-79.573235,78.932338,0.0],[-79.570507,78.933225,0.0],[-79.569106,78.934045,0.0],[-79.565888,78.935092,0.0],[-79.571141,78.935389,0.0],[-79.577656,78.934198,0.0],[-79.580106,78.932234,0.0],[-79.585235,78.93165,0.0],[-79.58851,78.930955,0.0],[-79.590888,78.930652,0.0],[-79.596068,78.933034,0.0],[-79.605088,78.933601,0.0],[-79.609795,78.932601,0.0],[-79.61176,78.932291,0.0],[-79.604899,78.931422,0.0],[-79.601737,78.930682,0.0],[-79.597085,78.930092,0.0],[-79.593616,78.92928,0.0],[-79.589464,78.928559,0.0],[-79.58588,78.928333,0.0]],[[-79.69291,78.926871,0.0],[-79.682434,78.927354,0.0],[-79.677386,78.926948,0.0],[-79.673568,78.927039,0.0],[-79.671987,78.928913,0.0],[-79.676035,78.928816,0.0],[-79.678558,78.929474,0.0],[-79.681686,78.92996,0.0],[-79.681426,78.930252,0.0],[-79.684164,78.93117,0.0],[-79.685633,78.932673,0.0],[-79.690142,78.933897,0.0],[-79.695154,78.934316,0.0],[-79.69876,78.934755,0.0],[-79.697021,78.935551,0.0],[-79.700587,78.935442,0.0],[-79.706046,78.934888,0.0],[-79.71191,78.934415,0.0],[-79.722295,78.932742,0.0],[-79.724712,78.93176,0.0],[-79.729938,78.931162,0.0],[-79.733413,78.929108,0.0],[-79.741646,78.927804,0.0],[-79.743598,78.925655,0.0],[-79.74664,78.924659,0.0],[-79.746499,78.924199,0.0],[-79.747278,78.922733,0.0],[-79.745194,78.919727,0.0],[-79.733153,78.916802,0.0],[-79.734079,78.915058,0.0],[-79.731954,78.913866,0.0],[-79.726037,78.912184,0.0],[-79.714396,78.911841,0.0],[-79.713766,78.911694,0.0],[-79.710219,78.911806,0.0],[-79.706075,78.912072,0.0],[-79.700378,78.912302,0.0],[-79.696084,78.912852,0.0],[-79.693337,78.912808,0.0],[-79.689154,78.913344,0.0],[-79.68012,78.914304,0.0],[-79.662339,78.914825,0.0],[-79.65324,78.915251,0.0],[-79.644253,78.914745,0.0],[-79.632659,78.914439,0.0],[-79.627451,78.914953,0.0],[-79.623269,78.9153,0.0],[-79.616088,78.916398,0.0],[-79.620235,78.916787,0.0],[-79.623898,78.917192,0.0],[-79.625775,78.916807,0.0],[-79.634459,78.917894,0.0],[-79.638061,78.917154,0.0],[-79.641694,78.916899,0.0],[-79.645211,78.917738,0.0],[-79.641076,78.917672,0.0],[-79.639653,78.918098,0.0],[-79.655655,78.918433,0.0],[-79.655052,78.918281,0.0],[-79.648131,78.917684,0.0],[-79.649495,78.917157,0.0],[-79.650797,78.917485,0.0],[-79.657349,78.91805,0.0],[-79.659463,78.919081,0.0],[-79.671697,78.919429,0.0],[-79.673042,78.919768,0.0],[-79.685728,78.91952,0.0],[-79.692367,78.920756,0.0],[-79.691014,78.921694,0.0],[-79.688167,78.922112,0.0],[-79.689367,78.922494,0.0],[-79.691303,78.922805,0.0],[-79.687997,78.923563,0.0],[-79.683078,78.92381,0.0],[-79.68655,78.92567,0.0],[-79.685875,78.92655,0.0],[-79.69291,78.926871,0.0]],[[-79.894346,78.914787,0.0],[-79.900127,78.913631,0.0],[-79.907942,78.912494,0.0],[-79.910067,78.912025,0.0],[-79.907322,78.911517,0.0],[-79.903138,78.910375,0.0],[-79.903448,78.909354,0.0],[-79.891044,78.906589,0.0],[-79.885503,78.906061,0.0],[-79.879898,78.9052,0.0],[-79.870768,78.904606,0.0],[-79.868924,78.90477,0.0],[-79.874664,78.906655,0.0],[-79.877207,78.907746,0.0],[-79.876827,78.908985,0.0],[-79.878226,78.909519,0.0],[-79.879515,78.910071,0.0],[-79.8833,78.911174,0.0],[-79.886545,78.911161,0.0],[-79.889288,78.911753,0.0],[-79.889013,78.912655,0.0],[-79.889056,78.913058,0.0],[-79.888933,78.913461,0.0],[-79.888976,78.913869,0.0],[-79.885973,78.915202,0.0],[-79.889501,78.915345,0.0],[-79.889527,78.915077,0.0],[-79.890925,78.915082,0.0],[-79.893088,78.914143,0.0],[-79.894701,78.913622,0.0],[-79.894346,78.914787,0.0]],[[-79.706845,78.905603,0.0],[-79.712214,78.906382,0.0],[-79.710823,78.903529,0.0],[-79.706568,78.902497,0.0],[-79.704323,78.902122,0.0],[-79.69839,78.900682,0.0],[-79.695239,78.899889,0.0],[-79.690067,78.899329,0.0],[-79.685606,78.898671,0.0],[-79.676201,78.898496,0.0],[-79.674005,78.89936,0.0],[-79.666744,78.900236,0.0],[-79.661064,78.901018,0.0],[-79.660088,78.901887,0.0],[-79.655685,78.902204,0.0],[-79.652634,78.902896,0.0],[-79.650934,78.903965,0.0],[-79.63538,78.904063,0.0],[-79.6294,78.904406,0.0],[-79.626716,78.904932,0.0],[-79.620059,78.905103,0.0],[-79.617038,78.905526,0.0],[-79.613002,78.905676,0.0],[-79.610758,78.905464,0.0],[-79.603231,78.905598,0.0],[-79.594976,78.905963,0.0],[-79.592124,78.90642,0.0],[-79.585768,78.906962,0.0],[-79.584257,78.907863,0.0],[-79.588981,78.909196,0.0],[-79.594049,78.909186,0.0],[-79.598664,78.908602,0.0],[-79.609843,78.90862,0.0],[-79.612325,78.908329,0.0],[-79.61395,78.907899,0.0],[-79.631954,78.907813,0.0],[-79.635503,78.907358,0.0],[-79.635593,78.906619,0.0],[-79.641009,78.90661,0.0],[-79.643888,78.905917,0.0],[-79.645207,78.905116,0.0],[-79.655227,78.904482,0.0],[-79.658491,78.903561,0.0],[-79.66552,78.903189,0.0],[-79.670915,78.903347,0.0],[-79.67558,78.903771,0.0],[-79.684799,78.90408,0.0],[-79.688905,78.904803,0.0],[-79.695852,78.904875,0.0],[-79.699763,78.905329,0.0],[-79.706845,78.905603,0.0]],[[-79.562287,78.904801,0.0],[-79.56129,78.904019,0.0],[-79.562106,78.903489,0.0],[-79.561884,78.902817,0.0],[-79.563331,78.902007,0.0],[-79.564813,78.901755,0.0],[-79.56688,78.901346,0.0],[-79.57029,78.900767,0.0],[-79.577259,78.899661,0.0],[-79.587654,78.898903,0.0],[-79.598043,78.898178,0.0],[-79.603211,78.897328,0.0],[-79.598864,78.895795,0.0],[-79.593972,78.896289,0.0],[-79.586256,78.89614,0.0],[-79.579692,78.896983,0.0],[-79.576507,78.898053,0.0],[-79.56437,78.899982,0.0],[-79.557144,78.900432,0.0],[-79.548195,78.900321,0.0],[-79.544707,78.900444,0.0],[-79.543985,78.901125,0.0],[-79.541946,78.902096,0.0],[-79.537433,78.902782,0.0],[-79.525275,78.903405,0.0],[-79.520846,78.90438,0.0],[-79.511624,78.903197,0.0],[-79.515903,78.902865,0.0],[-79.510742,78.901541,0.0],[-79.505249,78.902112,0.0],[-79.502386,78.902742,0.0],[-79.498903,78.904096,0.0],[-79.509178,78.904442,0.0],[-79.50607,78.905918,0.0],[-79.510493,78.907122,0.0],[-79.519384,78.906528,0.0],[-79.524597,78.905864,0.0],[-79.530912,78.905659,0.0],[-79.538257,78.905594,0.0],[-79.546635,78.905634,0.0],[-79.551396,78.905287,0.0],[-79.55748,78.905518,0.0],[-79.558393,78.906564,0.0],[-79.56406,78.907331,0.0],[-79.565831,78.907138,0.0],[-79.566145,78.906499,0.0],[-79.573956,78.906436,0.0],[-79.573339,78.905795,0.0],[-79.566539,78.905695,0.0],[-79.562287,78.904801,0.0]],[[-79.945586,78.904043,0.0],[-79.940475,78.903131,0.0],[-79.937089,78.90164,0.0],[-79.931041,78.8994,0.0],[-79.92034,78.897489,0.0],[-79.914818,78.896254,0.0],[-79.913173,78.895055,0.0],[-79.91614,78.894048,0.0],[-79.915973,78.893259,0.0],[-79.920346,78.893016,0.0],[-79.921018,78.892876,0.0],[-79.91469,78.89298,0.0],[-79.905259,78.893268,0.0],[-79.899237,78.892609,0.0],[-79.893135,78.892657,0.0],[-79.875981,78.892397,0.0],[-79.869852,78.891629,0.0],[-79.868551,78.892289,0.0],[-79.868858,78.893761,0.0],[-79.868473,78.894701,0.0],[-79.868533,78.894993,0.0],[-79.871566,78.89497,0.0],[-79.874313,78.894329,0.0],[-79.884287,78.895498,0.0],[-79.887977,78.895841,0.0],[-79.890661,78.896135,0.0],[-79.898113,78.896718,0.0],[-79.902979,78.897808,0.0],[-79.910912,78.899225,0.0],[-79.912952,78.900125,0.0],[-79.918902,78.901188,0.0],[-79.920838,78.90162,0.0],[-79.923673,78.902127,0.0],[-79.923446,78.902686,0.0],[-79.929062,78.904054,0.0],[-79.930549,78.904709,0.0],[-79.934519,78.905418,0.0],[-79.935784,78.905975,0.0],[-79.939927,78.907318,0.0],[-79.942287,78.908357,0.0],[-79.945264,78.906615,0.0],[-79.948298,78.905585,0.0],[-79.945586,78.904043,0.0]],[[-80.042455,78.892209,0.0],[-80.037763,78.892066,0.0],[-80.039086,78.890485,0.0],[-80.043226,78.890776,0.0],[-80.043918,78.891407,0.0],[-80.047948,78.891278,0.0],[-80.046142,78.890463,0.0],[-80.042018,78.889755,0.0],[-80.047195,78.889292,0.0],[-80.050763,78.890118,0.0],[-80.05357,78.888956,0.0],[-80.060158,78.888414,0.0],[-80.056129,78.887806,0.0],[-80.053258,78.887548,0.0],[-80.045914,78.884997,0.0],[-80.03919,78.884393,0.0],[-80.03986,78.88306,0.0],[-80.039723,78.882647,0.0],[-80.043942,78.8823,0.0],[-80.032896,78.881301,0.0],[-80.030045,78.881829,0.0],[-80.029412,78.881683,0.0],[-80.024481,78.881799,0.0],[-80.017825,78.881142,0.0],[-80.014826,78.8829,0.0],[-80.013123,78.884821,0.0],[-80.020054,78.885279,0.0],[-80.021326,78.886364,0.0],[-80.024336,78.887867,0.0],[-80.030899,78.88854,0.0],[-80.029506,78.888836,0.0],[-80.033145,78.890255,0.0],[-80.030133,78.890794,0.0],[-80.01974,78.891247,0.0],[-80.018218,78.892532,0.0],[-80.026429,78.89202,0.0],[-80.029184,78.892246,0.0],[-80.020733,78.894196,0.0],[-80.025491,78.895107,0.0],[-80.028904,78.895814,0.0],[-80.034626,78.89581,0.0],[-80.038769,78.895006,0.0],[-80.038758,78.89448,0.0],[-80.040204,78.894221,0.0],[-80.04229,78.893816,0.0],[-80.045554,78.893231,0.0],[-80.042455,78.892209,0.0]],[[-79.873345,78.88853,0.0],[-79.874671,78.888692,0.0],[-79.870337,78.889067,0.0],[-79.872527,78.889473,0.0],[-79.873211,78.889336,0.0],[-79.874836,78.889084,0.0],[-79.877366,78.889631,0.0],[-79.878825,78.889902,0.0],[-79.875844,78.89016,0.0],[-79.881523,78.890443,0.0],[-79.888399,78.890936,0.0],[-79.895731,78.888836,0.0],[-79.895635,78.887935,0.0],[-79.886937,78.888341,0.0],[-79.883104,78.888297,0.0],[-79.881684,78.888303,0.0],[-79.878954,78.887713,0.0],[-79.872003,78.88774,0.0],[-79.868027,78.887695,0.0],[-79.865011,78.888191,0.0],[-79.873345,78.88853,0.0]],[[-79.818292,78.887922,0.0],[-79.819951,78.889021,0.0],[-79.824697,78.889123,0.0],[-79.825548,78.887659,0.0],[-79.827385,78.887278,0.0],[-79.828913,78.887025,0.0],[-79.825966,78.885927,0.0],[-79.826298,78.885123,0.0],[-79.806449,78.883985,0.0],[-79.801116,78.884517,0.0],[-79.790783,78.884357,0.0],[-79.78092,78.884431,0.0],[-79.771927,78.88503,0.0],[-79.779751,78.886035,0.0],[-79.782238,78.886016,0.0],[-79.789011,78.886121,0.0],[-79.790556,78.886469,0.0],[-79.792649,78.88633,0.0],[-79.804859,78.886894,0.0],[-79.807971,78.887807,0.0],[-79.814878,78.887918,0.0],[-79.818292,78.887922,0.0]],[[-80.126964,78.935745,0.0],[-80.127645,78.935334,0.0],[-80.129168,78.93509,0.0],[-80.130486,78.934805,0.0],[-80.133872,78.934261,0.0],[-80.131959,78.933404,0.0],[-80.129201,78.932934,0.0],[-80.12098,78.931034,0.0],[-80.117734,78.930004,0.0],[-80.11032,78.9283,0.0],[-80.093346,78.927822,0.0],[-80.098252,78.925757,0.0],[-80.104283,78.924956,0.0],[-80.111945,78.92506,0.0],[-80.117438,78.925649,0.0],[-80.126362,78.925502,0.0],[-80.134099,78.925405,0.0],[-80.138206,78.925708,0.0],[-80.144782,78.925625,0.0],[-80.15365,78.926023,0.0],[-80.155593,78.925218,0.0],[-80.156499,78.925469,0.0],[-80.158272,78.926263,0.0],[-80.164812,78.926567,0.0],[-80.168368,78.927384,0.0],[-80.166936,78.92639,0.0],[-80.160686,78.925614,0.0],[-80.165527,78.925389,0.0],[-80.171929,78.926288,0.0],[-80.171527,78.925117,0.0],[-80.172111,78.923931,0.0],[-80.175221,78.923601,0.0],[-80.17796,78.923028,0.0],[-80.177611,78.921549,0.0],[-80.179758,78.92009,0.0],[-80.173708,78.918544,0.0],[-80.170193,78.917448,0.0],[-80.162742,78.916131,0.0],[-80.151096,78.916696,0.0],[-80.144052,78.917538,0.0],[-80.138023,78.918422,0.0],[-80.13625,78.919317,0.0],[-80.126361,78.920517,0.0],[-80.113953,78.921218,0.0],[-80.103563,78.922951,0.0],[-80.089529,78.925876,0.0],[-80.078214,78.92586,0.0],[-80.054692,78.926853,0.0],[-80.056753,78.927678,0.0],[-80.065249,78.928032,0.0],[-80.06787,78.929735,0.0],[-80.069679,78.930525,0.0],[-80.075645,78.931073,0.0],[-80.1006,78.931524,0.0],[-80.113804,78.93343,0.0],[-80.118725,78.934051,0.0],[-80.124046,78.93523,0.0],[-80.126964,78.935745,0.0]],[[-79.869125,78.881551,0.0],[-79.871113,78.882198,0.0],[-79.866259,78.88246,0.0],[-79.867569,78.882765,0.0],[-79.873886,78.882344,0.0],[-79.878334,78.882104,0.0],[-79.872155,78.881544,0.0],[-79.862226,78.879232,0.0],[-79.853871,78.878794,0.0],[-79.841944,78.879375,0.0],[-79.842292,78.880486,0.0],[-79.849046,78.880906,0.0],[-79.853359,78.881231,0.0],[-79.859401,78.88116,0.0],[-79.86423,78.881523,0.0],[-79.866356,78.881498,0.0],[-79.869125,78.881551,0.0]],[[-80.254698,78.921957,0.0],[-80.2492,78.921641,0.0],[-80.247814,78.920328,0.0],[-80.244845,78.919858,0.0],[-80.24508,78.919529,0.0],[-80.244832,78.9191,0.0],[-80.239811,78.91965,0.0],[-80.237974,78.919197,0.0],[-80.236105,78.921113,0.0],[-80.241779,78.923024,0.0],[-80.245913,78.92328,0.0],[-80.25171,78.922488,0.0],[-80.25531,78.922108,0.0],[-80.254698,78.921957,0.0]],[[-80.31113,78.908138,0.0],[-80.314205,78.907791,0.0],[-80.309907,78.905339,0.0],[-80.310313,78.90382,0.0],[-80.308723,78.903225,0.0],[-80.305233,78.901011,0.0],[-80.310596,78.900076,0.0],[-80.308454,78.899274,0.0],[-80.297314,78.89909,0.0],[-80.298053,78.899512,0.0],[-80.28527,78.899973,0.0],[-80.268983,78.901981,0.0],[-80.253683,78.901862,0.0],[-80.230198,78.903277,0.0],[-80.209643,78.905271,0.0],[-80.224092,78.905472,0.0],[-80.231266,78.906309,0.0],[-80.237557,78.907635,0.0],[-80.238711,78.910736,0.0],[-80.241746,78.911182,0.0],[-80.249754,78.910665,0.0],[-80.259964,78.910144,0.0],[-80.263645,78.910181,0.0],[-80.281154,78.909199,0.0],[-80.285553,78.908898,0.0],[-80.290146,78.908861,0.0],[-80.292026,78.90742,0.0],[-80.306921,78.907392,0.0],[-80.31113,78.908138,0.0]],[[-80.072502,78.943261,0.0],[-80.073795,78.942697,0.0],[-80.075898,78.942385,0.0],[-80.078643,78.940645,0.0],[-80.075524,78.94028,0.0],[-80.071685,78.94036,0.0],[-80.067169,78.938208,0.0],[-80.062989,78.937855,0.0],[-80.060369,78.937548,0.0],[-80.057433,78.9373,0.0],[-80.055296,78.936771,0.0],[-80.050538,78.936642,0.0],[-80.048893,78.938588,0.0],[-80.046124,78.938339,0.0],[-80.039229,78.937243,0.0],[-80.037862,78.936591,0.0],[-80.035121,78.936155,0.0],[-80.033901,78.935852,0.0],[-80.030967,78.935604,0.0],[-80.025287,78.934779,0.0],[-80.015968,78.935157,0.0],[-80.008392,78.935741,0.0],[-80.00254,78.937095,0.0],[-79.998645,78.936843,0.0],[-79.998036,78.936692,0.0],[-79.987741,78.936792,0.0],[-79.979151,78.937687,0.0],[-79.973908,78.938464,0.0],[-79.971999,78.938905,0.0],[-79.970421,78.939139,0.0],[-79.969001,78.939755,0.0],[-79.962309,78.941787,0.0],[-79.958337,78.941868,0.0],[-79.953045,78.941723,0.0],[-79.946528,78.942224,0.0],[-79.946083,78.942822,0.0],[-79.947807,78.943097,0.0],[-79.94741,78.943631,0.0],[-79.952519,78.943261,0.0],[-79.958664,78.942432,0.0],[-79.962251,78.943323,0.0],[-79.964552,78.943689,0.0],[-79.968152,78.944584,0.0],[-79.972746,78.94449,0.0],[-79.974864,78.945016,0.0],[-79.976947,78.944534,0.0],[-79.980207,78.944623,0.0],[-79.985612,78.944208,0.0],[-79.988368,78.943799,0.0],[-79.990956,78.943201,0.0],[-79.995341,78.94332,0.0],[-79.998212,78.943261,0.0],[-79.999445,78.943567,0.0],[-80.004834,78.944219,0.0],[-80.007732,78.944938,0.0],[-80.012137,78.945311,0.0],[-80.016069,78.945772,0.0],[-80.022911,78.946171,0.0],[-80.024985,78.947161,0.0],[-80.027997,78.947907,0.0],[-80.037293,78.948274,0.0],[-80.043901,78.947293,0.0],[-80.048433,78.946144,0.0],[-80.04975,78.945312,0.0],[-80.051327,78.945077,0.0],[-80.052621,78.944514,0.0],[-80.055599,78.944284,0.0],[-80.057506,78.943842,0.0],[-80.065389,78.942671,0.0],[-80.06421,78.941862,0.0],[-80.061485,78.940938,0.0],[-80.063422,78.940295,0.0],[-80.067238,78.941588,0.0],[-80.065869,78.943456,0.0],[-80.068918,78.943538,0.0],[-80.072502,78.943261,0.0]]]}}]}
