{"type":"FeatureCollection","features":[{"type":"Feature","properties":{"rgi_id":"RGI2000-v7.0-G-05-15289","o1region":"05"},"geometry":{"type":"Polygon","coordinates":[[[-21.649405,76.034136,0.0],[-21.649398,76.033996,0.0],[-21.651625,76.03399,0.0],[-21.651613,76.033721,0.0],[-21.652726,76.033718,0.0],[-21.652714,76.03345,0.0],[-21.653827,76.033447,0.0],[-21.653815,76.033178,0.0],[-21.656042,76.033172,0.0],[-21.65603,76.032903,0.0],[-21.658256,76.032897,0.0],[-21.658231,76.032359,0.0],[-21.659345,76.032356,0.0],[-21.659332,76.032088,0.0],[-21.660446,76.032085,0.0],[-21.660458,76.032353,0.0],[-21.662685,76.032347,0.0],[-21.662697,76.032616,0.0],[-21.664924,76.03261,0.0],[-21.664937,76.032879,0.0],[-21.66605,76.032876,0.0],[-21.666063,76.033145,0.0],[-21.668289,76.033139,0.0],[-21.668302,76.033408,0.0],[-21.669415,76.033404,0.0],[-21.669428,76.033673,0.0],[-21.670542,76.03367,0.0],[-21.670554,76.033939,0.0],[-21.675008,76.033927,0.0],[-21.674995,76.033658,0.0],[-21.676109,76.033655,0.0],[-21.676083,76.033117,0.0],[-21.67831,76.033111,0.0],[-21.678297,76.032842,0.0],[-21.679411,76.032839,0.0],[-21.679398,76.03257,0.0],[-21.682738,76.032561,0.0],[-21.682725,76.032292,0.0],[-21.684952,76.032286,0.0],[-21.684965,76.032555,0.0],[-21.687191,76.032549,0.0],[-21.687204,76.032817,0.0],[-21.688318,76.032814,0.0],[-21.688331,76.033083,0.0],[-21.689444,76.03308,0.0],[-21.689457,76.033349,0.0],[-21.693911,76.033336,0.0],[-21.693898,76.033067,0.0],[-21.695011,76.033064,0.0],[-21.694998,76.032795,0.0],[-21.697225,76.032789,0.0],[-21.697212,76.03252,0.0],[-21.698325,76.032517,0.0],[-21.698285,76.031711,0.0],[-21.699399,76.031707,0.0],[-21.699386,76.031438,0.0],[-21.700499,76.031435,0.0],[-21.700486,76.031166,0.0],[-21.703825,76.031157,0.0],[-21.703812,76.030888,0.0],[-21.704925,76.030885,0.0],[-21.704912,76.030616,0.0],[-21.706025,76.030613,0.0],[-21.705972,76.029537,0.0],[-21.708198,76.029531,0.0],[-21.708185,76.029262,0.0],[-21.709298,76.029259,0.0],[-21.709311,76.029528,0.0],[-21.710424,76.029525,0.0],[-21.710438,76.029793,0.0],[-21.712664,76.029787,0.0],[-21.712677,76.030056,0.0],[-21.713791,76.030052,0.0],[-21.713818,76.03059,0.0],[-21.714931,76.030587,0.0],[-21.714971,76.031393,0.0],[-21.710518,76.031406,0.0],[-21.710532,76.031675,0.0],[-21.709418,76.031678,0.0],[-21.709432,76.031947,0.0],[-21.703865,76.031963,0.0],[-21.703878,76.032232,0.0],[-21.702765,76.032235,0.0],[-21.702792,76.032773,0.0],[-21.703905,76.03277,0.0],[-21.703918,76.033039,0.0],[-21.702805,76.033042,0.0],[-21.702818,76.033311,0.0],[-21.699478,76.03332,0.0],[-21.699544,76.034665,0.0],[-21.69843,76.034668,0.0],[-21.698443,76.034937,0.0],[-21.69733,76.03494,0.0],[-21.697343,76.035209,0.0],[-21.696229,76.035212,0.0],[-21.696243,76.035481,0.0],[-21.691788,76.035493,0.0],[-21.691775,76.035224,0.0],[-21.690662,76.035228,0.0],[-21.690649,76.034959,0.0],[-21.689535,76.034962,0.0],[-21.689548,76.035231,0.0],[-21.685094,76.035243,0.0],[-21.685081,76.034974,0.0],[-21.682854,76.034981,0.0],[-21.682867,76.035249,0.0],[-21.681753,76.035253,0.0],[-21.681766,76.035521,0.0],[-21.68288,76.035518,0.0],[-21.682905,76.036056,0.0],[-21.677337,76.036071,0.0],[-21.677324,76.035803,0.0],[-21.676211,76.035806,0.0],[-21.676198,76.035537,0.0],[-21.672857,76.035546,0.0],[-21.67287,76.035815,0.0],[-21.670643,76.035821,0.0],[-21.670655,76.03609,0.0],[-21.668428,76.036096,0.0],[-21.668415,76.035827,0.0],[-21.663961,76.035839,0.0],[-21.663948,76.03557,0.0],[-21.662835,76.035573,0.0],[-21.662822,76.035305,0.0],[-21.658368,76.035317,0.0],[-21.65838,76.035585,0.0],[-21.656153,76.035591,0.0],[-21.656166,76.03586,0.0],[-21.653938,76.035866,0.0],[-21.653951,76.036135,0.0],[-21.652837,76.036138,0.0],[-21.652849,76.036407,0.0],[-21.652019,76.036409,0.0],[-21.652345,76.036227,0.0],[-21.64923,76.035902,0.0],[-21.651919,76.034398,0.0],[-21.649405,76.034136,0.0]]]}},{"type":"Feature","properties":{"rgi_id":"RGI2000-v7.0-G-05-15290","o1region":"05"},"geometry":{"type":"Polygon","coordinates":[[[-21.54171,76.044305,0.0],[-21.543062,76.043554,0.0],[-21.539948,76.043228,0.0],[-21.54265,76.041725,0.0],[-21.545764,76.042051,0.0],[-21.547115,76.0413,0.0],[-21.550228,76.041626,0.0],[-21.551579,76.040874,0.0],[-21.554693,76.0412,0.0],[-21.556043,76.040449,0.0],[-21.559157,76.040775,0.0],[-21.560507,76.040023,0.0],[-21.563621,76.040349,0.0],[-21.56497,76.039597,0.0],[-21.571198,76.040249,0.0],[-21.572547,76.039497,0.0],[-21.578775,76.040149,0.0],[-21.580124,76.039397,0.0],[-21.589467,76.040373,0.0],[-21.592163,76.03887,0.0],[-21.595277,76.039196,0.0],[-21.596625,76.038444,0.0],[-21.599739,76.038769,0.0],[-21.602435,76.037266,0.0],[-21.605549,76.037591,0.0],[-21.608243,76.036088,0.0],[-21.611357,76.036413,0.0],[-21.615397,76.034158,0.0],[-21.61851,76.034483,0.0],[-21.619856,76.033731,0.0],[-21.62297,76.034056,0.0],[-21.624316,76.033304,0.0],[-21.62743,76.033629,0.0],[-21.628775,76.032877,0.0],[-21.641613,76.034216,0.0],[-21.641616,76.034286,0.0],[-21.642262,76.034284,0.0],[-21.642732,76.034333,0.0],[-21.642741,76.034552,0.0],[-21.644778,76.034546,0.0],[-21.64746,76.034826,0.0],[-21.648458,76.034268,0.0],[-21.64941,76.034265,0.0],[-21.649405,76.034136,0.0],[-21.651919,76.034398,0.0],[-21.64923,76.035902,0.0],[-21.652345,76.036227,0.0],[-21.652019,76.036409,0.0],[-21.650622,76.036413,0.0],[-21.650634,76.036682,0.0],[-21.647293,76.036691,0.0],[-21.647305,76.036959,0.0],[-21.646192,76.036962,0.0],[-21.646204,76.037231,0.0],[-21.64509,76.037234,0.0],[-21.645102,76.037503,0.0],[-21.643989,76.037506,0.0],[-21.644001,76.037775,0.0],[-21.642887,76.037778,0.0],[-21.642972,76.03966,0.0],[-21.644086,76.039657,0.0],[-21.644098,76.039925,0.0],[-21.645212,76.039922,0.0],[-21.645224,76.040191,0.0],[-21.646338,76.040188,0.0],[-21.64635,76.040457,0.0],[-21.647464,76.040454,0.0],[-21.647476,76.040723,0.0],[-21.649704,76.040717,0.0],[-21.649717,76.040986,0.0],[-21.650831,76.040983,0.0],[-21.650843,76.041252,0.0],[-21.653071,76.041246,0.0],[-21.653083,76.041515,0.0],[-21.654198,76.041512,0.0],[-21.654235,76.042318,0.0],[-21.650892,76.042327,0.0],[-21.65088,76.042058,0.0],[-21.648652,76.042064,0.0],[-21.648639,76.041796,0.0],[-21.647525,76.041798,0.0],[-21.647513,76.04153,0.0],[-21.645285,76.041536,0.0],[-21.645273,76.041267,0.0],[-21.644159,76.04127,0.0],[-21.644305,76.044496,0.0],[-21.64319,76.044499,0.0],[-21.643275,76.046381,0.0],[-21.642161,76.046383,0.0],[-21.64227,76.048803,0.0],[-21.641155,76.048806,0.0],[-21.641192,76.049612,0.0],[-21.640077,76.049615,0.0],[-21.640137,76.05096,0.0],[-21.641252,76.050957,0.0],[-21.641264,76.051225,0.0],[-21.64015,76.051228,0.0],[-21.640198,76.052304,0.0],[-21.641313,76.052301,0.0],[-21.641325,76.05257,0.0],[-21.64467,76.052561,0.0],[-21.644633,76.051754,0.0],[-21.653552,76.051731,0.0],[-21.65354,76.051462,0.0],[-21.662459,76.051438,0.0],[-21.662446,76.051169,0.0],[-21.666905,76.051157,0.0],[-21.666893,76.050888,0.0],[-21.679155,76.050854,0.0],[-21.679143,76.050586,0.0],[-21.69252,76.050548,0.0],[-21.692533,76.050817,0.0],[-21.698107,76.050801,0.0],[-21.69812,76.05107,0.0],[-21.702579,76.051057,0.0],[-21.702592,76.051326,0.0],[-21.707052,76.051313,0.0],[-21.707065,76.051582,0.0],[-21.71041,76.051572,0.0],[-21.710423,76.051841,0.0],[-21.715997,76.051825,0.0],[-21.716011,76.052094,0.0],[-21.726045,76.052064,0.0],[-21.726058,76.052333,0.0],[-21.729403,76.052323,0.0],[-21.729417,76.052592,0.0],[-21.733877,76.052579,0.0],[-21.73389,76.052847,0.0],[-21.735005,76.052844,0.0],[-21.735019,76.053113,0.0],[-21.736134,76.05311,0.0],[-21.736162,76.053647,0.0],[-21.735047,76.053651,0.0],[-21.735061,76.053919,0.0],[-21.733946,76.053923,0.0],[-21.73396,76.054192,0.0],[-21.732845,76.054195,0.0],[-21.732859,76.054464,0.0],[-21.731744,76.054467,0.0],[-21.731757,76.054736,0.0],[-21.730955,76.054738,0.0],[-21.730958,76.054807,0.0],[-21.728437,76.055234,0.0],[-21.72844,76.055284,0.0],[-21.728136,76.055284,0.0],[-21.727331,76.055421,0.0],[-21.727352,76.055825,0.0],[-21.726237,76.055828,0.0],[-21.72625,76.056097,0.0],[-21.725135,76.0561,0.0],[-21.725149,76.056369,0.0],[-21.722919,76.056375,0.0],[-21.722932,76.056644,0.0],[-21.721817,76.056648,0.0],[-21.721831,76.056916,0.0],[-21.720715,76.05692,0.0],[-21.720729,76.057189,0.0],[-21.719614,76.057192,0.0],[-21.719627,76.057461,0.0],[-21.717397,76.057467,0.0],[-21.71741,76.057736,0.0],[-21.716295,76.057739,0.0],[-21.716308,76.058008,0.0],[-21.714078,76.058015,0.0],[-21.714091,76.058283,0.0],[-21.711861,76.05829,0.0],[-21.711874,76.058559,0.0],[-21.710759,76.058562,0.0],[-21.710772,76.058831,0.0],[-21.707426,76.058841,0.0],[-21.707439,76.059109,0.0],[-21.705208,76.059116,0.0],[-21.705222,76.059385,0.0],[-21.701875,76.059394,0.0],[-21.701889,76.059663,0.0],[-21.698542,76.059673,0.0],[-21.698555,76.059942,0.0],[-21.694093,76.059954,0.0],[-21.694106,76.060223,0.0],[-21.692991,76.060226,0.0],[-21.693004,76.060495,0.0],[-21.691888,76.060498,0.0],[-21.691902,76.060767,0.0],[-21.68967,76.060773,0.0],[-21.689683,76.061042,0.0],[-21.688568,76.061045,0.0],[-21.688581,76.061314,0.0],[-21.687465,76.061317,0.0],[-21.687478,76.061586,0.0],[-21.686363,76.061589,0.0],[-21.686376,76.061858,0.0],[-21.684144,76.061864,0.0],[-21.684157,76.062133,0.0],[-21.681926,76.062139,0.0],[-21.681939,76.062408,0.0],[-21.680823,76.062411,0.0],[-21.680836,76.06268,0.0],[-21.678604,76.062686,0.0],[-21.678617,76.062955,0.0],[-21.677502,76.062958,0.0],[-21.677514,76.063227,0.0],[-21.676399,76.06323,0.0],[-21.676411,76.063499,0.0],[-21.675296,76.063502,0.0],[-21.675308,76.063771,0.0],[-21.674193,76.063774,0.0],[-21.674205,76.064043,0.0],[-21.67309,76.064046,0.0],[-21.673102,76.064315,0.0],[-21.671986,76.064318,0.0],[-21.671999,76.064587,0.0],[-21.670883,76.06459,0.0],[-21.670909,76.065127,0.0],[-21.674256,76.065118,0.0],[-21.674244,76.064849,0.0],[-21.675359,76.064846,0.0],[-21.675334,76.064309,0.0],[-21.677566,76.064302,0.0],[-21.677553,76.064034,0.0],[-21.679784,76.064027,0.0],[-21.679797,76.064296,0.0],[-21.680913,76.064293,0.0],[-21.680926,76.064562,0.0],[-21.682042,76.064559,0.0],[-21.682068,76.065097,0.0],[-21.683184,76.065093,0.0],[-21.683196,76.065362,0.0],[-21.684312,76.065359,0.0],[-21.684338,76.065897,0.0],[-21.688802,76.065884,0.0],[-21.688815,76.066153,0.0],[-21.692163,76.066144,0.0],[-21.692202,76.06695,0.0],[-21.691086,76.066953,0.0],[-21.691099,76.067222,0.0],[-21.688867,76.067229,0.0],[-21.68888,76.067497,0.0],[-21.686648,76.067504,0.0],[-21.686635,76.067235,0.0],[-21.681055,76.06725,0.0],[-21.681068,76.067519,0.0],[-21.679952,76.067522,0.0],[-21.67999,76.068329,0.0],[-21.678874,76.068332,0.0],[-21.678887,76.068601,0.0],[-21.677771,76.068604,0.0],[-21.677758,76.068335,0.0],[-21.675525,76.068341,0.0],[-21.675513,76.068072,0.0],[-21.67328,76.068078,0.0],[-21.673268,76.06781,0.0],[-21.672152,76.067813,0.0],[-21.672139,76.067544,0.0],[-21.669907,76.06755,0.0],[-21.669894,76.067281,0.0],[-21.666546,76.06729,0.0],[-21.666533,76.067021,0.0],[-21.665417,76.067024,0.0],[-21.665404,76.066756,0.0],[-21.662056,76.066765,0.0],[-21.662081,76.067302,0.0],[-21.663197,76.067299,0.0],[-21.663223,76.067837,0.0],[-21.662106,76.06784,0.0],[-21.662131,76.068378,0.0],[-21.663248,76.068375,0.0],[-21.663285,76.069181,0.0],[-21.662169,76.069184,0.0],[-21.662182,76.069453,0.0],[-21.657717,76.069465,0.0],[-21.657704,76.069196,0.0],[-21.656588,76.069199,0.0],[-21.656551,76.068393,0.0],[-21.655434,76.068396,0.0],[-21.655447,76.068665,0.0],[-21.654331,76.068668,0.0],[-21.654366,76.069445,0.0],[-21.652435,76.069244,0.0],[-21.651087,76.069996,0.0],[-21.644842,76.069347,0.0],[-21.64619,76.068595,0.0],[-21.639946,76.067945,0.0],[-21.638598,76.068697,0.0],[-21.635476,76.068372,0.0],[-21.626032,76.073636,0.0],[-21.622909,76.073311,0.0],[-21.620209,76.074814,0.0],[-21.617086,76.074489,0.0],[-21.615736,76.075241,0.0],[-21.612613,76.074916,0.0],[-21.608561,76.077171,0.0],[-21.611684,76.077496,0.0],[-21.610333,76.078248,0.0],[-21.597841,76.076947,0.0],[-21.596489,76.077699,0.0],[-21.593366,76.077374,0.0],[-21.592014,76.078125,0.0],[-21.582646,76.077149,0.0],[-21.581294,76.077901,0.0],[-21.575048,76.077249,0.0],[-21.573696,76.078001,0.0],[-21.564329,76.077024,0.0],[-21.565682,76.076272,0.0],[-21.56256,76.075947,0.0],[-21.563913,76.075195,0.0],[-21.560792,76.074869,0.0],[-21.562145,76.074118,0.0],[-21.555902,76.073466,0.0],[-21.558609,76.071963,0.0],[-21.549247,76.070985,0.0],[-21.550601,76.070234,0.0],[-21.538121,76.06893,0.0],[-21.540829,76.067427,0.0],[-21.537709,76.067101,0.0],[-21.539063,76.06635,0.0],[-21.535944,76.066024,0.0],[-21.541358,76.063018,0.0],[-21.53824,76.062692,0.0],[-21.539593,76.061941,0.0],[-21.536475,76.061615,0.0],[-21.537829,76.060863,0.0],[-21.531593,76.060211,0.0],[-21.532947,76.05946,0.0],[-21.529829,76.059133,0.0],[-21.540653,76.053123,0.0],[-21.537536,76.052797,0.0],[-21.540241,76.051294,0.0],[-21.537125,76.050968,0.0],[-21.541182,76.048714,0.0],[-21.538067,76.048388,0.0],[-21.544825,76.044631,0.0],[-21.54171,76.044305,0.0]]]}},{"type":"Feature","properties":{"rgi_id":"RGI2000-v7.0-G-05-15291","o1region":"05"},"geometry":{"type":"Polygon","coordinates":[[[-21.484182,76.045418,0.0],[-21.503132,76.034903,0.0],[-21.506244,76.03523,0.0],[-21.511652,76.032225,0.0],[-21.514763,76.032552,0.0],[-21.520169,76.029547,0.0],[-21.513948,76.028894,0.0],[-21.515299,76.028143,0.0],[-21.51219,76.027817,0.0],[-21.510838,76.028568,0.0],[-21.501509,76.027588,0.0],[-21.506916,76.024584,0.0],[-21.503807,76.024257,0.0],[-21.505158,76.023506,0.0],[-21.495833,76.022527,0.0],[-21.50259,76.018771,0.0],[-21.505698,76.019098,0.0],[-21.508399,76.017596,0.0],[-21.505292,76.017269,0.0],[-21.507993,76.015767,0.0],[-21.504886,76.01544,0.0],[-21.508937,76.013187,0.0],[-21.505831,76.012861,0.0],[-21.511552,76.009677,0.0],[-21.511559,76.009857,0.0],[-21.516005,76.009847,0.0],[-21.516015,76.010116,0.0],[-21.517127,76.010114,0.0],[-21.517136,76.010383,0.0],[-21.518248,76.01038,0.0],[-21.518287,76.011456,0.0],[-21.516064,76.01146,0.0],[-21.516093,76.012267,0.0],[-21.52054,76.012257,0.0],[-21.52056,76.012795,0.0],[-21.521671,76.012793,0.0],[-21.521711,76.013868,0.0],[-21.522823,76.013866,0.0],[-21.522842,76.014403,0.0],[-21.523954,76.014401,0.0],[-21.523974,76.014939,0.0],[-21.525086,76.014936,0.0],[-21.525106,76.015474,0.0],[-21.526218,76.015472,0.0],[-21.526238,76.016009,0.0],[-21.52735,76.016007,0.0],[-21.52737,76.016545,0.0],[-21.528482,76.016542,0.0],[-21.528492,76.016811,0.0],[-21.529604,76.016809,0.0],[-21.529624,76.017346,0.0],[-21.530736,76.017344,0.0],[-21.530746,76.017613,0.0],[-21.531858,76.01761,0.0],[-21.531868,76.017879,0.0],[-21.532981,76.017877,0.0],[-21.532991,76.018146,0.0],[-21.534103,76.018143,0.0],[-21.534063,76.017068,0.0],[-21.535175,76.017065,0.0],[-21.535155,76.016528,0.0],[-21.536267,76.016525,0.0],[-21.536257,76.016256,0.0],[-21.537369,76.016254,0.0],[-21.537359,76.015985,0.0],[-21.538471,76.015983,0.0],[-21.538461,76.015714,0.0],[-21.539573,76.015711,0.0],[-21.539563,76.015443,0.0],[-21.541787,76.015438,0.0],[-21.541766,76.0149,0.0],[-21.542878,76.014897,0.0],[-21.542858,76.01436,0.0],[-21.54397,76.014357,0.0],[-21.54396,76.014088,0.0],[-21.546184,76.014083,0.0],[-21.546173,76.013815,0.0],[-21.547285,76.013812,0.0],[-21.547254,76.013006,0.0],[-21.549478,76.013001,0.0],[-21.549488,76.013269,0.0],[-21.551712,76.013264,0.0],[-21.551722,76.013533,0.0],[-21.553946,76.013528,0.0],[-21.553957,76.013797,0.0],[-21.556181,76.013792,0.0],[-21.556191,76.014061,0.0],[-21.557303,76.014058,0.0],[-21.557313,76.014327,0.0],[-21.559537,76.014322,0.0],[-21.559548,76.014591,0.0],[-21.56066,76.014588,0.0],[-21.56067,76.014857,0.0],[-21.561782,76.014855,0.0],[-21.561793,76.015124,0.0],[-21.564017,76.015118,0.0],[-21.564028,76.015387,0.0],[-21.567364,76.01538,0.0],[-21.567375,76.015648,0.0],[-21.568487,76.015646,0.0],[-21.568497,76.015915,0.0],[-21.569609,76.015912,0.0],[-21.56962,76.016181,0.0],[-21.570732,76.016178,0.0],[-21.570743,76.016447,0.0],[-21.571855,76.016445,0.0],[-21.571866,76.016713,0.0],[-21.572978,76.016711,0.0],[-21.572989,76.01698,0.0],[-21.574101,76.016977,0.0],[-21.574112,76.017246,0.0],[-21.575224,76.017243,0.0],[-21.575235,76.017512,0.0],[-21.576347,76.017509,0.0],[-21.57638,76.018316,0.0],[-21.567481,76.018337,0.0],[-21.567471,76.018068,0.0],[-21.564134,76.018076,0.0],[-21.564177,76.019151,0.0],[-21.565289,76.019148,0.0],[-21.565299,76.019417,0.0],[-21.567524,76.019412,0.0],[-21.567535,76.019681,0.0],[-21.56976,76.019676,0.0],[-21.56977,76.019945,0.0],[-21.570883,76.019942,0.0],[-21.570872,76.019673,0.0],[-21.589782,76.019628,0.0],[-21.589794,76.019897,0.0],[-21.590906,76.019894,0.0],[-21.590917,76.020163,0.0],[-21.592029,76.020161,0.0],[-21.592041,76.020429,0.0],[-21.594265,76.020424,0.0],[-21.594277,76.020693,0.0],[-21.595389,76.02069,0.0],[-21.5954,76.020959,0.0],[-21.596513,76.020956,0.0],[-21.596524,76.021225,0.0],[-21.597637,76.021222,0.0],[-21.597648,76.021491,0.0],[-21.599873,76.021486,0.0],[-21.599884,76.021755,0.0],[-21.600997,76.021752,0.0],[-21.601008,76.022021,0.0],[-21.602121,76.022018,0.0],[-21.602132,76.022287,0.0],[-21.603244,76.022284,0.0],[-21.603256,76.022553,0.0],[-21.605481,76.022547,0.0],[-21.605492,76.022816,0.0],[-21.607718,76.022811,0.0],[-21.607729,76.02308,0.0],[-21.609954,76.023074,0.0],[-21.609966,76.023343,0.0],[-21.611079,76.02334,0.0],[-21.61109,76.023609,0.0],[-21.612203,76.023606,0.0],[-21.612214,76.023875,0.0],[-21.61444,76.023869,0.0],[-21.614451,76.024138,0.0],[-21.615564,76.024136,0.0],[-21.615576,76.024404,0.0],[-21.616688,76.024402,0.0],[-21.6167,76.02467,0.0],[-21.617813,76.024668,0.0],[-21.617824,76.024936,0.0],[-21.62005,76.024931,0.0],[-21.620062,76.0252,0.0],[-21.621174,76.025197,0.0],[-21.621186,76.025466,0.0],[-21.622299,76.025463,0.0],[-21.622322,76.026001,0.0],[-21.62121,76.026003,0.0],[-21.621198,76.025734,0.0],[-21.618972,76.02574,0.0],[-21.61896,76.025471,0.0],[-21.616735,76.025477,0.0],[-21.616723,76.025208,0.0],[-21.614498,76.025214,0.0],[-21.614486,76.024945,0.0],[-21.61226,76.02495,0.0],[-21.612249,76.024682,0.0],[-21.611136,76.024684,0.0],[-21.611125,76.024416,0.0],[-21.610012,76.024418,0.0],[-21.61,76.024149,0.0],[-21.608888,76.024152,0.0],[-21.608876,76.023883,0.0],[-21.605538,76.023892,0.0],[-21.605561,76.024429,0.0],[-21.606674,76.024427,0.0],[-21.606697,76.024964,0.0],[-21.607809,76.024962,0.0],[-21.607832,76.025499,0.0],[-21.608945,76.025496,0.0],[-21.608957,76.025765,0.0],[-21.610069,76.025763,0.0],[-21.610081,76.026031,0.0],[-21.611194,76.026029,0.0],[-21.611205,76.026297,0.0],[-21.612318,76.026295,0.0],[-21.61233,76.026563,0.0],[-21.613443,76.026561,0.0],[-21.613454,76.02683,0.0],[-21.614567,76.026827,0.0],[-21.614579,76.027096,0.0],[-21.615692,76.027093,0.0],[-21.615703,76.027362,0.0],[-21.616816,76.027359,0.0],[-21.616828,76.027628,0.0],[-21.617941,76.027625,0.0],[-21.617952,76.027894,0.0],[-21.619065,76.027891,0.0],[-21.619077,76.02816,0.0],[-21.62019,76.028157,0.0],[-21.620202,76.028426,0.0],[-21.621315,76.028423,0.0],[-21.621327,76.028692,0.0],[-21.62244,76.028689,0.0],[-21.622451,76.028958,0.0],[-21.623565,76.028955,0.0],[-21.623576,76.029224,0.0],[-21.624689,76.029221,0.0],[-21.624701,76.02949,0.0],[-21.625814,76.029487,0.0],[-21.625826,76.029756,0.0],[-21.628052,76.02975,0.0],[-21.628064,76.030019,0.0],[-21.629177,76.030016,0.0],[-21.629189,76.030285,0.0],[-21.630302,76.030282,0.0],[-21.630314,76.030551,0.0],[-21.631428,76.030548,0.0],[-21.631439,76.030817,0.0],[-21.632553,76.030814,0.0],[-21.632565,76.031083,0.0],[-21.633678,76.03108,0.0],[-21.63369,76.031349,0.0],[-21.634803,76.031346,0.0],[-21.634815,76.031615,0.0],[-21.637042,76.031609,0.0],[-21.637054,76.031878,0.0],[-21.63928,76.031872,0.0],[-21.639232,76.030797,0.0],[-21.640345,76.030794,0.0],[-21.640321,76.030256,0.0],[-21.641434,76.030253,0.0],[-21.641386,76.029178,0.0],[-21.643612,76.029172,0.0],[-21.6436,76.028903,0.0],[-21.645826,76.028897,0.0],[-21.645814,76.028628,0.0],[-21.646927,76.028625,0.0],[-21.646915,76.028356,0.0],[-21.649141,76.028351,0.0],[-21.649239,76.030501,0.0],[-21.648126,76.030504,0.0],[-21.648138,76.030773,0.0],[-21.645912,76.030779,0.0],[-21.645924,76.031048,0.0],[-21.64481,76.031051,0.0],[-21.644835,76.031588,0.0],[-21.643721,76.031591,0.0],[-21.643746,76.032129,0.0],[-21.642632,76.032132,0.0],[-21.642645,76.032401,0.0],[-21.641531,76.032404,0.0],[-21.641555,76.032941,0.0],[-21.640442,76.032944,0.0],[-21.640466,76.033482,0.0],[-21.64158,76.033479,0.0],[-21.641613,76.034216,0.0],[-21.628775,76.032877,0.0],[-21.62743,76.033629,0.0],[-21.624316,76.033304,0.0],[-21.62297,76.034056,0.0],[-21.619856,76.033731,0.0],[-21.61851,76.034483,0.0],[-21.615397,76.034158,0.0],[-21.611357,76.036413,0.0],[-21.608243,76.036088,0.0],[-21.605549,76.037591,0.0],[-21.602435,76.037266,0.0],[-21.599739,76.038769,0.0],[-21.596625,76.038444,0.0],[-21.595277,76.039196,0.0],[-21.592163,76.03887,0.0],[-21.589467,76.040373,0.0],[-21.580124,76.039397,0.0],[-21.578775,76.040149,0.0],[-21.572547,76.039497,0.0],[-21.571198,76.040249,0.0],[-21.56497,76.039597,0.0],[-21.563621,76.040349,0.0],[-21.560507,76.040023,0.0],[-21.559157,76.040775,0.0],[-21.556043,76.040449,0.0],[-21.554693,76.0412,0.0],[-21.551579,76.040874,0.0],[-21.550228,76.041626,0.0],[-21.547115,76.0413,0.0],[-21.545764,76.042051,0.0],[-21.54265,76.041725,0.0],[-21.539948,76.043228,0.0],[-21.538596,76.043979,0.0],[-21.516802,76.041696,0.0],[-21.515449,76.042447,0.0],[-21.512336,76.04212,0.0],[-21.510983,76.042871,0.0],[-21.50787,76.042545,0.0],[-21.506517,76.043296,0.0],[-21.503404,76.04297,0.0],[-21.499343,76.045223,0.0],[-21.49623,76.044896,0.0],[-21.494876,76.045647,0.0],[-21.491763,76.045321,0.0],[-21.490409,76.046072,0.0],[-21.484182,76.045418,0.0]],[[-21.575636,76.027459,0.0],[-21.575625,76.02719,0.0],[-21.577851,76.027185,0.0],[-21.57784,76.026916,0.0],[-21.580066,76.026911,0.0],[-21.580055,76.026642,0.0],[-21.583394,76.026634,0.0],[-21.583383,76.026365,0.0],[-21.585609,76.02636,0.0],[-21.585598,76.026091,0.0],[-21.586711,76.026089,0.0],[-21.586677,76.025282,0.0],[-21.582226,76.025293,0.0],[-21.582237,76.025562,0.0],[-21.580011,76.025567,0.0],[-21.580022,76.025836,0.0],[-21.575571,76.025846,0.0],[-21.575582,76.026115,0.0],[-21.573356,76.02612,0.0],[-21.573345,76.025851,0.0],[-21.57112,76.025857,0.0],[-21.571109,76.025588,0.0],[-21.569996,76.02559,0.0],[-21.569985,76.025322,0.0],[-21.56776,76.025327,0.0],[-21.567749,76.025058,0.0],[-21.566636,76.02506,0.0],[-21.566721,76.027211,0.0],[-21.567834,76.027209,0.0],[-21.567845,76.027477,0.0],[-21.575636,76.027459,0.0]],[[-21.54539,76.02242,0.0],[-21.545349,76.021345,0.0],[-21.544236,76.021347,0.0],[-21.544216,76.02081,0.0],[-21.543103,76.020812,0.0],[-21.543093,76.020543,0.0],[-21.541981,76.020546,0.0],[-21.54197,76.020277,0.0],[-21.540858,76.020279,0.0],[-21.540848,76.02001,0.0],[-21.536398,76.02002,0.0],[-21.536408,76.020289,0.0],[-21.535296,76.020292,0.0],[-21.535306,76.02056,0.0],[-21.533081,76.020565,0.0],[-21.533091,76.020834,0.0],[-21.530866,76.020839,0.0],[-21.530886,76.021377,0.0],[-21.531999,76.021374,0.0],[-21.532009,76.021643,0.0],[-21.533121,76.021641,0.0],[-21.533131,76.021909,0.0],[-21.534244,76.021907,0.0],[-21.534254,76.022176,0.0],[-21.537592,76.022169,0.0],[-21.537602,76.022437,0.0],[-21.54539,76.02242,0.0]]]}},{"type":"Feature","properties":{"rgi_id":"RGI2000-v7.0-G-05-15292","o1region":"05"},"geometry":{"type":"Polygon","coordinates":[[[-21.369488,76.035128,0.0],[-21.373567,76.032877,0.0],[-21.370459,76.032549,0.0],[-21.371819,76.031798,0.0],[-21.368711,76.03147,0.0],[-21.37143,76.029969,0.0],[-21.368323,76.029641,0.0],[-21.372401,76.02739,0.0],[-21.375507,76.027718,0.0],[-21.382299,76.023966,0.0],[-21.385405,76.024294,0.0],[-21.388121,76.022794,0.0],[-21.391226,76.023122,0.0],[-21.392584,76.022371,0.0],[-21.39569,76.022699,0.0],[-21.401036,76.019742,0.0],[-21.414015,76.019721,0.0],[-21.414007,76.019452,0.0],[-21.41512,76.01945,0.0],[-21.415128,76.019719,0.0],[-21.417352,76.019715,0.0],[-21.417345,76.019446,0.0],[-21.424019,76.019435,0.0],[-21.424027,76.019703,0.0],[-21.426252,76.0197,0.0],[-21.42626,76.019968,0.0],[-21.427372,76.019966,0.0],[-21.42738,76.020235,0.0],[-21.429605,76.020231,0.0],[-21.429613,76.0205,0.0],[-21.430726,76.020498,0.0],[-21.430693,76.019423,0.0],[-21.431806,76.019421,0.0],[-21.431765,76.018077,0.0],[-21.430653,76.018079,0.0],[-21.430636,76.017541,0.0],[-21.429524,76.017543,0.0],[-21.4295,76.016736,0.0],[-21.428388,76.016738,0.0],[-21.428363,76.015932,0.0],[-21.427251,76.015934,0.0],[-21.427235,76.015396,0.0],[-21.426123,76.015398,0.0],[-21.426067,76.013516,0.0],[-21.424955,76.013518,0.0],[-21.424859,76.010292,0.0],[-21.425971,76.01029,0.0],[-21.425923,76.008677,0.0],[-21.427034,76.008675,0.0],[-21.42701,76.007868,0.0],[-21.428122,76.007866,0.0],[-21.428065,76.005984,0.0],[-21.426954,76.005986,0.0],[-21.426881,76.003567,0.0],[-21.427993,76.003565,0.0],[-21.427977,76.003027,0.0],[-21.426865,76.003029,0.0],[-21.426841,76.002222,0.0],[-21.427952,76.00222,0.0],[-21.427912,76.000876,0.0],[-21.429023,76.000874,0.0],[-21.428991,75.999799,0.0],[-21.430102,75.999797,0.0],[-21.430077,75.99899,0.0],[-21.431188,75.998988,0.0],[-21.431172,75.998451,0.0],[-21.432283,75.998449,0.0],[-21.432266,75.997911,0.0],[-21.433377,75.997909,0.0],[-21.433353,75.997102,0.0],[-21.434463,75.9971,0.0],[-21.434439,75.996294,0.0],[-21.435549,75.996292,0.0],[-21.435533,75.995754,0.0],[-21.436644,75.995752,0.0],[-21.436627,75.995215,0.0],[-21.437738,75.995213,0.0],[-21.437729,75.994944,0.0],[-21.43884,75.994942,0.0],[-21.438832,75.994673,0.0],[-21.439942,75.994671,0.0],[-21.439917,75.993864,0.0],[-21.441028,75.993862,0.0],[-21.441019,75.993593,0.0],[-21.44213,75.993591,0.0],[-21.442105,75.992785,0.0],[-21.443215,75.992783,0.0],[-21.443198,75.992245,0.0],[-21.444309,75.992243,0.0],[-21.4443,75.991974,0.0],[-21.445411,75.991972,0.0],[-21.445394,75.991435,0.0],[-21.446504,75.991433,0.0],[-21.446496,75.991164,0.0],[-21.447606,75.991162,0.0],[-21.447597,75.990893,0.0],[-21.449818,75.990889,0.0],[-21.449809,75.99062,0.0],[-21.45314,75.990614,0.0],[-21.453148,75.990883,0.0],[-21.454258,75.990881,0.0],[-21.454267,75.991149,0.0],[-21.455377,75.991147,0.0],[-21.455411,75.992223,0.0],[-21.454301,75.992225,0.0],[-21.454335,75.9933,0.0],[-21.453225,75.993302,0.0],[-21.45325,75.994109,0.0],[-21.45214,75.994111,0.0],[-21.452157,75.994649,0.0],[-21.451047,75.994651,0.0],[-21.451072,75.995457,0.0],[-21.449962,75.995459,0.0],[-21.44997,75.995728,0.0],[-21.448859,75.99573,0.0],[-21.448885,75.996537,0.0],[-21.447774,75.996539,0.0],[-21.447791,75.997076,0.0],[-21.44668,75.997078,0.0],[-21.446697,75.997616,0.0],[-21.445587,75.997618,0.0],[-21.445612,75.998425,0.0],[-21.444501,75.998427,0.0],[-21.444518,75.998964,0.0],[-21.443407,75.998966,0.0],[-21.443415,75.999235,0.0],[-21.442304,75.999237,0.0],[-21.442354,76.00085,0.0],[-21.441243,76.000852,0.0],[-21.44136,76.004616,0.0],[-21.440248,76.004618,0.0],[-21.440273,76.005425,0.0],[-21.441385,76.005423,0.0],[-21.441409,76.006229,0.0],[-21.442521,76.006227,0.0],[-21.442587,76.008378,0.0],[-21.445922,76.008372,0.0],[-21.445947,76.009179,0.0],[-21.444836,76.009181,0.0],[-21.444869,76.010256,0.0],[-21.443757,76.010258,0.0],[-21.443783,76.011065,0.0],[-21.442671,76.011067,0.0],[-21.442679,76.011336,0.0],[-21.441567,76.011338,0.0],[-21.441626,76.013219,0.0],[-21.442737,76.013217,0.0],[-21.442746,76.013486,0.0],[-21.443858,76.013484,0.0],[-21.443866,76.013753,0.0],[-21.444978,76.013751,0.0],[-21.444995,76.014289,0.0],[-21.446107,76.014287,0.0],[-21.446115,76.014556,0.0],[-21.447227,76.014554,0.0],[-21.447244,76.015091,0.0],[-21.448356,76.015089,0.0],[-21.448365,76.015358,0.0],[-21.449477,76.015356,0.0],[-21.449544,76.017507,0.0],[-21.450657,76.017505,0.0],[-21.450648,76.017236,0.0],[-21.45176,76.017234,0.0],[-21.451743,76.016696,0.0],[-21.452855,76.016694,0.0],[-21.452847,76.016425,0.0],[-21.453959,76.016423,0.0],[-21.45395,76.016154,0.0],[-21.456175,76.01615,0.0],[-21.456149,76.015344,0.0],[-21.457261,76.015342,0.0],[-21.457252,76.015073,0.0],[-21.463925,76.01506,0.0],[-21.463933,76.015329,0.0],[-21.465045,76.015327,0.0],[-21.465054,76.015596,0.0],[-21.466166,76.015594,0.0],[-21.46621,76.016938,0.0],[-21.467322,76.016936,0.0],[-21.467331,76.017205,0.0],[-21.468443,76.017202,0.0],[-21.468426,76.016665,0.0],[-21.469538,76.016663,0.0],[-21.469529,76.016394,0.0],[-21.470641,76.016392,0.0],[-21.470632,76.016123,0.0],[-21.471744,76.016121,0.0],[-21.471736,76.015852,0.0],[-21.472848,76.01585,0.0],[-21.472839,76.015581,0.0],[-21.473951,76.015579,0.0],[-21.473942,76.01531,0.0],[-21.475054,76.015308,0.0],[-21.475045,76.015039,0.0],[-21.479493,76.01503,0.0],[-21.479502,76.015299,0.0],[-21.480614,76.015297,0.0],[-21.480659,76.016641,0.0],[-21.481772,76.016639,0.0],[-21.481799,76.017445,0.0],[-21.482911,76.017443,0.0],[-21.48292,76.017712,0.0],[-21.488481,76.017701,0.0],[-21.488472,76.017432,0.0],[-21.490697,76.017428,0.0],[-21.490641,76.015815,0.0],[-21.489529,76.015817,0.0],[-21.489511,76.015279,0.0],[-21.487286,76.015284,0.0],[-21.487277,76.015015,0.0],[-21.486165,76.015017,0.0],[-21.486156,76.014748,0.0],[-21.485044,76.01475,0.0],[-21.485035,76.014481,0.0],[-21.483923,76.014484,0.0],[-21.483887,76.013408,0.0],[-21.482775,76.01341,0.0],[-21.482766,76.013142,0.0],[-21.481654,76.013144,0.0],[-21.481636,76.012606,0.0],[-21.484971,76.0126,0.0],[-21.48498,76.012868,0.0],[-21.487204,76.012864,0.0],[-21.487213,76.013133,0.0],[-21.488325,76.013131,0.0],[-21.488334,76.013399,0.0],[-21.490558,76.013395,0.0],[-21.490567,76.013664,0.0],[-21.491679,76.013662,0.0],[-21.491688,76.01393,0.0],[-21.493912,76.013926,0.0],[-21.493922,76.014195,0.0],[-21.495034,76.014193,0.0],[-21.495043,76.014461,0.0],[-21.498379,76.014455,0.0],[-21.498369,76.014186,0.0],[-21.500593,76.014181,0.0],[-21.500584,76.013912,0.0],[-21.501696,76.01391,0.0],[-21.501686,76.013641,0.0],[-21.502798,76.013639,0.0],[-21.502789,76.01337,0.0],[-21.503901,76.013368,0.0],[-21.503882,76.01283,0.0],[-21.504994,76.012828,0.0],[-21.504975,76.01229,0.0],[-21.506086,76.012288,0.0],[-21.506058,76.011481,0.0],[-21.50717,76.011479,0.0],[-21.507151,76.010941,0.0],[-21.508262,76.010939,0.0],[-21.508234,76.010132,0.0],[-21.507122,76.010135,0.0],[-21.507103,76.009597,0.0],[-21.505991,76.009599,0.0],[-21.505934,76.007986,0.0],[-21.507046,76.007984,0.0],[-21.507036,76.007715,0.0],[-21.509259,76.00771,0.0],[-21.509268,76.007979,0.0],[-21.51038,76.007977,0.0],[-21.51039,76.008246,0.0],[-21.509278,76.008248,0.0],[-21.509297,76.008786,0.0],[-21.510409,76.008784,0.0],[-21.510438,76.00959,0.0],[-21.511549,76.009588,0.0],[-21.511552,76.009677,0.0],[-21.505831,76.012861,0.0],[-21.508937,76.013187,0.0],[-21.504886,76.01544,0.0],[-21.507993,76.015767,0.0],[-21.505292,76.017269,0.0],[-21.508399,76.017596,0.0],[-21.505698,76.019098,0.0],[-21.50259,76.018771,0.0],[-21.495833,76.022527,0.0],[-21.505158,76.023506,0.0],[-21.503807,76.024257,0.0],[-21.506916,76.024584,0.0],[-21.501509,76.027588,0.0],[-21.510838,76.028568,0.0],[-21.51219,76.027817,0.0],[-21.515299,76.028143,0.0],[-21.513948,76.028894,0.0],[-21.520169,76.029547,0.0],[-21.514763,76.032552,0.0],[-21.511652,76.032225,0.0],[-21.506244,76.03523,0.0],[-21.503132,76.034903,0.0],[-21.484182,76.045418,0.0],[-21.482827,76.046169,0.0],[-21.473488,76.045189,0.0],[-21.474844,76.044438,0.0],[-21.468619,76.043784,0.0],[-21.469974,76.043033,0.0],[-21.466862,76.042706,0.0],[-21.465506,76.043457,0.0],[-21.45617,76.042475,0.0],[-21.452102,76.044728,0.0],[-21.44899,76.044401,0.0],[-21.447634,76.045152,0.0],[-21.438298,76.04417,0.0],[-21.436941,76.04492,0.0],[-21.433829,76.044593,0.0],[-21.435186,76.043842,0.0],[-21.425852,76.04286,0.0],[-21.42721,76.042109,0.0],[-21.420988,76.041454,0.0],[-21.422346,76.040703,0.0],[-21.413015,76.03972,0.0],[-21.411657,76.040471,0.0],[-21.402327,76.039487,0.0],[-21.403685,76.038737,0.0],[-21.397466,76.038081,0.0],[-21.398825,76.03733,0.0],[-21.395716,76.037003,0.0],[-21.394357,76.037753,0.0],[-21.375704,76.035784,0.0],[-21.377064,76.035034,0.0],[-21.373956,76.034706,0.0],[-21.372596,76.035456,0.0],[-21.369488,76.035128,0.0]],[[-21.466298,76.019626,0.0],[-21.46628,76.019089,0.0],[-21.467393,76.019087,0.0],[-21.467384,76.018818,0.0],[-21.468496,76.018816,0.0],[-21.46847,76.018009,0.0],[-21.467358,76.018011,0.0],[-21.46734,76.017473,0.0],[-21.465115,76.017478,0.0],[-21.465124,76.017747,0.0],[-21.464012,76.017749,0.0],[-21.464021,76.018018,0.0],[-21.461796,76.018022,0.0],[-21.461805,76.018291,0.0],[-21.460693,76.018293,0.0],[-21.460719,76.019099,0.0],[-21.461831,76.019097,0.0],[-21.461848,76.019635,0.0],[-21.462961,76.019633,0.0],[-21.46297,76.019902,0.0],[-21.465194,76.019897,0.0],[-21.465186,76.019628,0.0],[-21.466298,76.019626,0.0]]]}},{"type":"Feature","properties":{"rgi_id":"RGI2000-v7.0-G-05-15293","o1region":"05"},"geometry":{"type":"Polygon","coordinates":[[[-21.455994,76.010504,0.0],[-21.455977,76.009967,0.0],[-21.457089,76.009965,0.0],[-21.45708,76.009696,0.0],[-21.458192,76.009694,0.0],[-21.458166,76.008887,0.0],[-21.457054,76.008889,0.0],[-21.457046,76.00862,0.0],[-21.455934,76.008622,0.0],[-21.455917,76.008085,0.0],[-21.462586,76.008072,0.0],[-21.462577,76.007803,0.0],[-21.467023,76.007795,0.0],[-21.467014,76.007526,0.0],[-21.470349,76.00752,0.0],[-21.47034,76.007251,0.0],[-21.484788,76.007223,0.0],[-21.484798,76.007491,0.0],[-21.492578,76.007476,0.0],[-21.492568,76.007207,0.0],[-21.49368,76.007205,0.0],[-21.493671,76.006936,0.0],[-21.499228,76.006925,0.0],[-21.499237,76.007193,0.0],[-21.500348,76.007191,0.0],[-21.500386,76.008267,0.0],[-21.501498,76.008264,0.0],[-21.501507,76.008533,0.0],[-21.502619,76.008531,0.0],[-21.502628,76.0088,0.0],[-21.501516,76.008802,0.0],[-21.501526,76.009071,0.0],[-21.493745,76.009087,0.0],[-21.493754,76.009356,0.0],[-21.490419,76.009362,0.0],[-21.490429,76.009631,0.0],[-21.489317,76.009633,0.0],[-21.489326,76.009902,0.0],[-21.488215,76.009904,0.0],[-21.488224,76.010173,0.0],[-21.482666,76.010184,0.0],[-21.482656,76.009915,0.0],[-21.480433,76.00992,0.0],[-21.480424,76.009651,0.0],[-21.479313,76.009653,0.0],[-21.479304,76.009384,0.0],[-21.478192,76.009386,0.0],[-21.478174,76.008849,0.0],[-21.479285,76.008847,0.0],[-21.479276,76.008578,0.0],[-21.4815,76.008573,0.0],[-21.48149,76.008305,0.0],[-21.47371,76.00832,0.0],[-21.473701,76.008051,0.0],[-21.469255,76.00806,0.0],[-21.469264,76.008328,0.0],[-21.468152,76.00833,0.0],[-21.468161,76.008599,0.0],[-21.46705,76.008601,0.0],[-21.467058,76.00887,0.0],[-21.465947,76.008872,0.0],[-21.465956,76.009141,0.0],[-21.467067,76.009139,0.0],[-21.467094,76.009946,0.0],[-21.465982,76.009948,0.0],[-21.465991,76.010217,0.0],[-21.463767,76.010221,0.0],[-21.463776,76.01049,0.0],[-21.461553,76.010494,0.0],[-21.461561,76.010763,0.0],[-21.457115,76.010771,0.0],[-21.457106,76.010502,0.0],[-21.455994,76.010504,0.0]]]}},{"type":"Feature","properties":{"rgi_id":"RGI2000-v7.0-G-05-15294","o1region":"05"},"geometry":{"type":"Polygon","coordinates":[[[-21.533791,76.009809,0.0],[-21.533761,76.009002,0.0],[-21.534873,76.009,0.0],[-21.534853,76.008462,0.0],[-21.535964,76.00846,0.0],[-21.535924,76.007385,0.0],[-21.537035,76.007382,0.0],[-21.537015,76.006844,0.0],[-21.538126,76.006842,0.0],[-21.538116,76.006573,0.0],[-21.539228,76.006571,0.0],[-21.539217,76.006302,0.0],[-21.540329,76.006299,0.0],[-21.540278,76.004955,0.0],[-21.5425,76.00495,0.0],[-21.542511,76.005219,0.0],[-21.544733,76.005214,0.0],[-21.544743,76.005483,0.0],[-21.545855,76.00548,0.0],[-21.545875,76.006018,0.0],[-21.546986,76.006016,0.0],[-21.546997,76.006284,0.0],[-21.549219,76.006279,0.0],[-21.54925,76.007086,0.0],[-21.548139,76.007089,0.0],[-21.548201,76.008702,0.0],[-21.547089,76.008704,0.0],[-21.5471,76.008973,0.0],[-21.545988,76.008975,0.0],[-21.545998,76.009244,0.0],[-21.543775,76.009249,0.0],[-21.543786,76.009518,0.0],[-21.541562,76.009523,0.0],[-21.541573,76.009792,0.0],[-21.533791,76.009809,0.0]]]}},{"type":"Feature","properties":{"rgi_id":"RGI2000-v7.0-G-05-15295","o1region":"05"},"geometry":{"type":"Polygon","coordinates":[[[-21.401501,76.009256,0.0],[-21.402595,76.009254,0.0],[-21.402603,76.009523,0.0],[-21.403714,76.009521,0.0],[-21.403722,76.00979,0.0],[-21.405945,76.009786,0.0],[-21.405953,76.010055,0.0],[-21.407065,76.010053,0.0],[-21.407072,76.010322,0.0],[-21.408184,76.01032,0.0],[-21.408192,76.010589,0.0],[-21.409303,76.010587,0.0],[-21.409311,76.010856,0.0],[-21.410423,76.010854,0.0],[-21.41043,76.011123,0.0],[-21.411542,76.011121,0.0],[-21.411565,76.011928,0.0],[-21.412677,76.011926,0.0],[-21.412708,76.013001,0.0],[-21.411596,76.013003,0.0],[-21.411643,76.014616,0.0],[-21.410531,76.014618,0.0],[-21.410539,76.014887,0.0],[-21.409427,76.014889,0.0],[-21.409442,76.015426,0.0],[-21.40833,76.015428,0.0],[-21.408338,76.015697,0.0],[-21.407226,76.015699,0.0],[-21.407233,76.015968,0.0],[-21.406121,76.01597,0.0],[-21.406129,76.016239,0.0],[-21.403905,76.016242,0.0],[-21.403912,76.016511,0.0],[-21.4028,76.016513,0.0],[-21.402815,76.017051,0.0],[-21.401703,76.017052,0.0],[-21.401726,76.017859,0.0],[-21.400613,76.017861,0.0],[-21.400638,76.018753,0.0],[-21.396264,76.018291,0.0],[-21.39762,76.01754,0.0],[-21.391411,76.016884,0.0],[-21.392768,76.016134,0.0],[-21.389664,76.015806,0.0],[-21.401501,76.009256,0.0]]]}},{"type":"Feature","properties":{"rgi_id":"RGI2000-v7.0-G-05-15296","o1region":"05"},"geometry":{"type":"Polygon","coordinates":[[[-21.249356,76.018818,0.0],[-21.249348,76.018331,0.0],[-21.248235,76.018332,0.0],[-21.248235,76.01831,0.0],[-21.249008,76.017886,0.0],[-21.245998,76.017566,0.0],[-21.245997,76.017528,0.0],[-21.245958,76.017528,0.0],[-21.247271,76.016806,0.0],[-21.246466,76.016721,0.0],[-21.247095,76.01672,0.0],[-21.24709,76.016451,0.0],[-21.248203,76.01645,0.0],[-21.248193,76.015912,0.0],[-21.247081,76.015914,0.0],[-21.247058,76.014569,0.0],[-21.245946,76.01457,0.0],[-21.245932,76.013764,0.0],[-21.24482,76.013765,0.0],[-21.244811,76.013227,0.0],[-21.243699,76.013228,0.0],[-21.243685,76.012422,0.0],[-21.240443,76.012425,0.0],[-21.241693,76.011739,0.0],[-21.240561,76.011618,0.0],[-21.244783,76.011614,0.0],[-21.244779,76.011345,0.0],[-21.24589,76.011344,0.0],[-21.245886,76.011075,0.0],[-21.246997,76.011074,0.0],[-21.246993,76.010805,0.0],[-21.248105,76.010804,0.0],[-21.248091,76.009998,0.0],[-21.249202,76.009996,0.0],[-21.249179,76.008652,0.0],[-21.25029,76.008651,0.0],[-21.250276,76.007845,0.0],[-21.251388,76.007843,0.0],[-21.251378,76.007306,0.0],[-21.25249,76.007305,0.0],[-21.252485,76.007036,0.0],[-21.253596,76.007034,0.0],[-21.253572,76.00569,0.0],[-21.254684,76.005689,0.0],[-21.254655,76.004076,0.0],[-21.255766,76.004075,0.0],[-21.255752,76.003268,0.0],[-21.256863,76.003267,0.0],[-21.256848,76.00246,0.0],[-21.25796,76.002459,0.0],[-21.257945,76.001653,0.0],[-21.261278,76.001649,0.0],[-21.261288,76.002187,0.0],[-21.262399,76.002186,0.0],[-21.262409,76.002723,0.0],[-21.26352,76.002722,0.0],[-21.263535,76.003529,0.0],[-21.264646,76.003528,0.0],[-21.264676,76.005141,0.0],[-21.265787,76.00514,0.0],[-21.265802,76.005946,0.0],[-21.266913,76.005945,0.0],[-21.266929,76.006751,0.0],[-21.26804,76.00675,0.0],[-21.26807,76.008363,0.0],[-21.271405,76.00836,0.0],[-21.27141,76.008628,0.0],[-21.273633,76.008626,0.0],[-21.273638,76.008895,0.0],[-21.27475,76.008894,0.0],[-21.274745,76.008625,0.0],[-21.275856,76.008624,0.0],[-21.275851,76.008355,0.0],[-21.276963,76.008353,0.0],[-21.276957,76.008085,0.0],[-21.27918,76.008082,0.0],[-21.279175,76.007813,0.0],[-21.28251,76.007809,0.0],[-21.282515,76.008078,0.0],[-21.283626,76.008077,0.0],[-21.283621,76.007808,0.0],[-21.284733,76.007807,0.0],[-21.284727,76.007538,0.0],[-21.285839,76.007537,0.0],[-21.285833,76.007268,0.0],[-21.288056,76.007265,0.0],[-21.288045,76.006727,0.0],[-21.286934,76.006729,0.0],[-21.286929,76.00646,0.0],[-21.284706,76.006462,0.0],[-21.2847,76.006194,0.0],[-21.286923,76.006191,0.0],[-21.286918,76.005922,0.0],[-21.290252,76.005918,0.0],[-21.290246,76.005649,0.0],[-21.296914,76.005641,0.0],[-21.296909,76.005372,0.0],[-21.300243,76.005368,0.0],[-21.300237,76.0051,0.0],[-21.308016,76.00509,0.0],[-21.308004,76.004552,0.0],[-21.309116,76.004551,0.0],[-21.30911,76.004282,0.0],[-21.310221,76.00428,0.0],[-21.310227,76.004549,0.0],[-21.32245,76.004534,0.0],[-21.322444,76.004265,0.0],[-21.328,76.004257,0.0],[-21.327994,76.003988,0.0],[-21.343551,76.003967,0.0],[-21.343557,76.004236,0.0],[-21.34578,76.004233,0.0],[-21.345786,76.004502,0.0],[-21.353565,76.00449,0.0],[-21.353572,76.004759,0.0],[-21.356905,76.004754,0.0],[-21.356912,76.005023,0.0],[-21.360246,76.005018,0.0],[-21.360239,76.00475,0.0],[-21.36135,76.004748,0.0],[-21.361357,76.005017,0.0],[-21.36358,76.005013,0.0],[-21.363587,76.005282,0.0],[-21.364698,76.005281,0.0],[-21.364705,76.005549,0.0],[-21.366927,76.005546,0.0],[-21.366934,76.005815,0.0],[-21.37138,76.005808,0.0],[-21.371394,76.006346,0.0],[-21.372505,76.006344,0.0],[-21.372512,76.006613,0.0],[-21.373623,76.006611,0.0],[-21.373637,76.007149,0.0],[-21.372526,76.007151,0.0],[-21.372533,76.00742,0.0],[-21.369199,76.007425,0.0],[-21.369206,76.007694,0.0],[-21.368094,76.007695,0.0],[-21.368087,76.007426,0.0],[-21.363641,76.007433,0.0],[-21.363635,76.007164,0.0],[-21.362523,76.007166,0.0],[-21.362509,76.006628,0.0],[-21.361398,76.00663,0.0],[-21.361391,76.006361,0.0],[-21.36028,76.006363,0.0],[-21.360273,76.006094,0.0],[-21.359162,76.006095,0.0],[-21.359155,76.005827,0.0],[-21.356932,76.00583,0.0],[-21.356926,76.005561,0.0],[-21.355814,76.005563,0.0],[-21.355808,76.005294,0.0],[-21.353585,76.005297,0.0],[-21.353592,76.005566,0.0],[-21.350258,76.005571,0.0],[-21.350264,76.005839,0.0],[-21.343596,76.005849,0.0],[-21.343609,76.006387,0.0],[-21.342498,76.006388,0.0],[-21.342504,76.006657,0.0],[-21.341393,76.006659,0.0],[-21.341399,76.006927,0.0],[-21.338065,76.006932,0.0],[-21.338071,76.007201,0.0],[-21.33696,76.007203,0.0],[-21.336966,76.007471,0.0],[-21.335855,76.007473,0.0],[-21.335861,76.007742,0.0],[-21.33475,76.007743,0.0],[-21.334756,76.008012,0.0],[-21.333644,76.008014,0.0],[-21.333663,76.00882,0.0],[-21.33144,76.008823,0.0],[-21.331434,76.008554,0.0],[-21.330322,76.008556,0.0],[-21.330329,76.008825,0.0],[-21.326994,76.008829,0.0],[-21.327,76.009098,0.0],[-21.324777,76.009101,0.0],[-21.324783,76.00937,0.0],[-21.325895,76.009368,0.0],[-21.325907,76.009906,0.0],[-21.327019,76.009905,0.0],[-21.327025,76.010174,0.0],[-21.328136,76.010172,0.0],[-21.328149,76.01071,0.0],[-21.32926,76.010708,0.0],[-21.329267,76.010977,0.0],[-21.33149,76.010974,0.0],[-21.331496,76.011243,0.0],[-21.334832,76.011238,0.0],[-21.334825,76.01097,0.0],[-21.338161,76.010965,0.0],[-21.338154,76.010696,0.0],[-21.340378,76.010693,0.0],[-21.340371,76.010424,0.0],[-21.344818,76.010418,0.0],[-21.344824,76.010687,0.0],[-21.347048,76.010684,0.0],[-21.347054,76.010952,0.0],[-21.348166,76.010951,0.0],[-21.348173,76.01122,0.0],[-21.349284,76.011218,0.0],[-21.349291,76.011487,0.0],[-21.350403,76.011485,0.0],[-21.350409,76.011754,0.0],[-21.351521,76.011753,0.0],[-21.351534,76.01229,0.0],[-21.352646,76.012289,0.0],[-21.35266,76.012826,0.0],[-21.353771,76.012825,0.0],[-21.353778,76.013094,0.0],[-21.356002,76.01309,0.0],[-21.355988,76.012553,0.0],[-21.359324,76.012548,0.0],[-21.359317,76.012279,0.0],[-21.360429,76.012277,0.0],[-21.360416,76.01174,0.0],[-21.362639,76.011736,0.0],[-21.362632,76.011468,0.0],[-21.363744,76.011466,0.0],[-21.363737,76.011197,0.0],[-21.365961,76.011194,0.0],[-21.365954,76.010925,0.0],[-21.367066,76.010923,0.0],[-21.367059,76.010654,0.0],[-21.36817,76.010653,0.0],[-21.368156,76.010115,0.0],[-21.372603,76.010108,0.0],[-21.372596,76.009839,0.0],[-21.374819,76.009836,0.0],[-21.374805,76.009298,0.0],[-21.373694,76.0093,0.0],[-21.373687,76.009031,0.0],[-21.371464,76.009034,0.0],[-21.371457,76.008766,0.0],[-21.370345,76.008767,0.0],[-21.370331,76.00823,0.0],[-21.371443,76.008228,0.0],[-21.371436,76.007959,0.0],[-21.373659,76.007956,0.0],[-21.373651,76.007687,0.0],[-21.375874,76.007683,0.0],[-21.37586,76.007146,0.0],[-21.374749,76.007147,0.0],[-21.374735,76.00661,0.0],[-21.375846,76.006608,0.0],[-21.375839,76.006339,0.0],[-21.380285,76.006332,0.0],[-21.380292,76.006601,0.0],[-21.381403,76.006599,0.0],[-21.38141,76.006868,0.0],[-21.382522,76.006867,0.0],[-21.382529,76.007135,0.0],[-21.38364,76.007134,0.0],[-21.383648,76.007402,0.0],[-21.391428,76.00739,0.0],[-21.391435,76.007659,0.0],[-21.392547,76.007657,0.0],[-21.392554,76.007926,0.0],[-21.394777,76.007922,0.0],[-21.394784,76.008191,0.0],[-21.395896,76.008189,0.0],[-21.395903,76.008458,0.0],[-21.398126,76.008455,0.0],[-21.398134,76.008724,0.0],[-21.399245,76.008722,0.0],[-21.399253,76.008991,0.0],[-21.400365,76.008989,0.0],[-21.400372,76.009258,0.0],[-21.401501,76.009256,0.0],[-21.389664,76.015806,0.0],[-21.392768,76.016134,0.0],[-21.391411,76.016884,0.0],[-21.39762,76.01754,0.0],[-21.396264,76.018291,0.0],[-21.400638,76.018753,0.0],[-21.400666,76.019743,0.0],[-21.401036,76.019742,0.0],[-21.39569,76.022699,0.0],[-21.392584,76.022371,0.0],[-21.391226,76.023122,0.0],[-21.388121,76.022794,0.0],[-21.385405,76.024294,0.0],[-21.382299,76.023966,0.0],[-21.375507,76.027718,0.0],[-21.372401,76.02739,0.0],[-21.368323,76.029641,0.0],[-21.37143,76.029969,0.0],[-21.368711,76.03147,0.0],[-21.371819,76.031798,0.0],[-21.370459,76.032549,0.0],[-21.373567,76.032877,0.0],[-21.369488,76.035128,0.0],[-21.36638,76.0348,0.0],[-21.360164,76.034143,0.0],[-21.358804,76.034893,0.0],[-21.355696,76.034565,0.0],[-21.354336,76.035315,0.0],[-21.351228,76.034986,0.0],[-21.349867,76.035737,0.0],[-21.34676,76.035408,0.0],[-21.345399,76.036158,0.0],[-21.326755,76.034186,0.0],[-21.328117,76.033436,0.0],[-21.318798,76.032449,0.0],[-21.32016,76.031699,0.0],[-21.307737,76.030383,0.0],[-21.310462,76.028883,0.0],[-21.307357,76.028554,0.0],[-21.308719,76.027804,0.0],[-21.296301,76.026487,0.0],[-21.297663,76.025737,0.0],[-21.294559,76.025408,0.0],[-21.295922,76.024658,0.0],[-21.274198,76.022353,0.0],[-21.275562,76.021603,0.0],[-21.249356,76.018818,0.0]]]}},{"type":"Feature","properties":{"rgi_id":"RGI2000-v7.0-G-05-15297","o1region":"05"},"geometry":{"type":"Polygon","coordinates":[[[-21.175859,76.039635,0.0],[-21.176197,76.039634,0.0],[-21.176193,76.039366,0.0],[-21.178421,76.039364,0.0],[-21.178414,76.038826,0.0],[-21.179528,76.038825,0.0],[-21.179522,76.038288,0.0],[-21.180635,76.038287,0.0],[-21.180632,76.038018,0.0],[-21.181746,76.038017,0.0],[-21.181743,76.037748,0.0],[-21.18397,76.037747,0.0],[-21.183963,76.037209,0.0],[-21.188418,76.037206,0.0],[-21.188415,76.036937,0.0],[-21.189529,76.036936,0.0],[-21.189525,76.036667,0.0],[-21.195094,76.036663,0.0],[-21.19509,76.036394,0.0],[-21.197318,76.036392,0.0],[-21.197314,76.036123,0.0],[-21.198428,76.036122,0.0],[-21.198424,76.035853,0.0],[-21.200651,76.035852,0.0],[-21.200647,76.035583,0.0],[-21.203988,76.03558,0.0],[-21.203985,76.035311,0.0],[-21.208439,76.035307,0.0],[-21.208443,76.035576,0.0],[-21.21067,76.035574,0.0],[-21.210674,76.035843,0.0],[-21.215129,76.035839,0.0],[-21.215141,76.036646,0.0],[-21.218483,76.036643,0.0],[-21.218479,76.036374,0.0],[-21.219592,76.036373,0.0],[-21.219588,76.036104,0.0],[-21.218474,76.036105,0.0],[-21.21847,76.035836,0.0],[-21.217357,76.035837,0.0],[-21.217352,76.035568,0.0],[-21.216239,76.035569,0.0],[-21.216222,76.034494,0.0],[-21.217336,76.034493,0.0],[-21.217332,76.034224,0.0],[-21.216218,76.034225,0.0],[-21.216206,76.033419,0.0],[-21.21732,76.033418,0.0],[-21.217316,76.033149,0.0],[-21.218429,76.033148,0.0],[-21.218417,76.032341,0.0],[-21.21953,76.03234,0.0],[-21.219514,76.031265,0.0],[-21.220627,76.031264,0.0],[-21.220544,76.025887,0.0],[-21.221657,76.025886,0.0],[-21.221602,76.022391,0.0],[-21.222715,76.02239,0.0],[-21.222711,76.022121,0.0],[-21.221598,76.022122,0.0],[-21.221573,76.020509,0.0],[-21.220461,76.02051,0.0],[-21.220452,76.019972,0.0],[-21.21934,76.019973,0.0],[-21.219327,76.019166,0.0],[-21.218215,76.019167,0.0],[-21.218207,76.01863,0.0],[-21.217095,76.018631,0.0],[-21.217086,76.018093,0.0],[-21.215974,76.018094,0.0],[-21.21597,76.017825,0.0],[-21.214858,76.017826,0.0],[-21.21485,76.017288,0.0],[-21.213737,76.017289,0.0],[-21.213729,76.016752,0.0],[-21.212617,76.016753,0.0],[-21.212609,76.016215,0.0],[-21.211497,76.016216,0.0],[-21.211358,76.006806,0.0],[-21.210246,76.006807,0.0],[-21.210234,76.006,0.0],[-21.209123,76.006001,0.0],[-21.209103,76.004657,0.0],[-21.207992,76.004658,0.0],[-21.207965,76.002776,0.0],[-21.206853,76.002777,0.0],[-21.20685,76.002508,0.0],[-21.207961,76.002507,0.0],[-21.207902,75.998474,0.0],[-21.206791,75.998475,0.0],[-21.206752,75.995787,0.0],[-21.207863,75.995786,0.0],[-21.207859,75.995517,0.0],[-21.214522,75.995511,0.0],[-21.214526,75.99578,0.0],[-21.215637,75.995779,0.0],[-21.215653,75.996854,0.0],[-21.216764,75.996853,0.0],[-21.216784,75.998198,0.0],[-21.217895,75.998197,0.0],[-21.217956,76.002229,0.0],[-21.219067,76.002228,0.0],[-21.219088,76.003573,0.0],[-21.220199,76.003572,0.0],[-21.220208,76.004109,0.0],[-21.221319,76.004108,0.0],[-21.221323,76.004377,0.0],[-21.222434,76.004376,0.0],[-21.222447,76.005183,0.0],[-21.223558,76.005182,0.0],[-21.223575,76.006257,0.0],[-21.224686,76.006256,0.0],[-21.224695,76.006794,0.0],[-21.225806,76.006793,0.0],[-21.22581,76.007062,0.0],[-21.226922,76.007061,0.0],[-21.226926,76.00733,0.0],[-21.225815,76.007331,0.0],[-21.225827,76.008137,0.0],[-21.226939,76.008136,0.0],[-21.226956,76.009212,0.0],[-21.228068,76.009211,0.0],[-21.228072,76.009479,0.0],[-21.229183,76.009478,0.0],[-21.229201,76.010554,0.0],[-21.230312,76.010553,0.0],[-21.23036,76.01351,0.0],[-21.229248,76.013511,0.0],[-21.229261,76.014318,0.0],[-21.231485,76.014316,0.0],[-21.231498,76.015122,0.0],[-21.23261,76.015121,0.0],[-21.232623,76.015928,0.0],[-21.233736,76.015927,0.0],[-21.233766,76.017809,0.0],[-21.234879,76.017808,0.0],[-21.234883,76.018076,0.0],[-21.235995,76.018075,0.0],[-21.236004,76.018613,0.0],[-21.237117,76.018612,0.0],[-21.237121,76.018881,0.0],[-21.238233,76.01888,0.0],[-21.238242,76.019417,0.0],[-21.242692,76.019413,0.0],[-21.24271,76.020489,0.0],[-21.241598,76.02049,0.0],[-21.241602,76.020758,0.0],[-21.24049,76.02076,0.0],[-21.240494,76.021028,0.0],[-21.241607,76.021027,0.0],[-21.241621,76.021834,0.0],[-21.243846,76.021832,0.0],[-21.24385,76.022101,0.0],[-21.244963,76.022099,0.0],[-21.244968,76.022368,0.0],[-21.24608,76.022367,0.0],[-21.246085,76.022636,0.0],[-21.247198,76.022635,0.0],[-21.247202,76.022904,0.0],[-21.251653,76.022899,0.0],[-21.251648,76.02263,0.0],[-21.253874,76.022628,0.0],[-21.253864,76.02209,0.0],[-21.254977,76.022089,0.0],[-21.254967,76.021551,0.0],[-21.253854,76.021553,0.0],[-21.253845,76.021015,0.0],[-21.252732,76.021016,0.0],[-21.252723,76.020478,0.0],[-21.25161,76.02048,0.0],[-21.251601,76.019942,0.0],[-21.250488,76.019943,0.0],[-21.250479,76.019405,0.0],[-21.249367,76.019406,0.0],[-21.249356,76.018818,0.0],[-21.275562,76.021603,0.0],[-21.274198,76.022353,0.0],[-21.295922,76.024658,0.0],[-21.294559,76.025408,0.0],[-21.297663,76.025737,0.0],[-21.296301,76.026487,0.0],[-21.308719,76.027804,0.0],[-21.307357,76.028554,0.0],[-21.310462,76.028883,0.0],[-21.307737,76.030383,0.0],[-21.32016,76.031699,0.0],[-21.318798,76.032449,0.0],[-21.328117,76.033436,0.0],[-21.326755,76.034186,0.0],[-21.345399,76.036158,0.0],[-21.34676,76.035408,0.0],[-21.349867,76.035737,0.0],[-21.351228,76.034986,0.0],[-21.354336,76.035315,0.0],[-21.355696,76.034565,0.0],[-21.358804,76.034893,0.0],[-21.360164,76.034143,0.0],[-21.36638,76.0348,0.0],[-21.354134,76.041552,0.0],[-21.351025,76.041224,0.0],[-21.344216,76.044975,0.0],[-21.341107,76.044646,0.0],[-21.338382,76.046147,0.0],[-21.335272,76.045818,0.0],[-21.333909,76.046568,0.0],[-21.330799,76.046239,0.0],[-21.329436,76.04699,0.0],[-21.326327,76.046661,0.0],[-21.3236,76.048161,0.0],[-21.31738,76.047503,0.0],[-21.314652,76.049003,0.0],[-21.311542,76.048674,0.0],[-21.310178,76.049424,0.0],[-21.307068,76.049095,0.0],[-21.305704,76.049845,0.0],[-21.302594,76.049516,0.0],[-21.298498,76.051766,0.0],[-21.295388,76.051437,0.0],[-21.292657,76.052936,0.0],[-21.277108,76.051289,0.0],[-21.275742,76.052039,0.0],[-21.266413,76.05105,0.0],[-21.265046,76.0518,0.0],[-21.261937,76.05147,0.0],[-21.259202,76.05297,0.0],[-21.256093,76.05264,0.0],[-21.251989,76.054889,0.0],[-21.248879,76.054559,0.0],[-21.246143,76.056059,0.0],[-21.243033,76.055729,0.0],[-21.237557,76.058727,0.0],[-21.234447,76.058397,0.0],[-21.235816,76.057648,0.0],[-21.232706,76.057318,0.0],[-21.234076,76.056568,0.0],[-21.230966,76.056238,0.0],[-21.232335,76.055488,0.0],[-21.226117,76.054828,0.0],[-21.227486,76.054079,0.0],[-21.221269,76.053418,0.0],[-21.222638,76.052669,0.0],[-21.210206,76.051347,0.0],[-21.211576,76.050598,0.0],[-21.205361,76.049937,0.0],[-21.206731,76.049188,0.0],[-21.200516,76.048527,0.0],[-21.201887,76.047777,0.0],[-21.19878,76.047447,0.0],[-21.20289,76.045199,0.0],[-21.193572,76.044207,0.0],[-21.194942,76.043458,0.0],[-21.188731,76.042796,0.0],[-21.190101,76.042047,0.0],[-21.180786,76.041055,0.0],[-21.182156,76.040306,0.0],[-21.175859,76.039635,0.0]],[[-21.276278,76.030401,0.0],[-21.276272,76.030132,0.0],[-21.278499,76.030129,0.0],[-21.278494,76.02986,0.0],[-21.279607,76.029859,0.0],[-21.279601,76.02959,0.0],[-21.280715,76.029589,0.0],[-21.280709,76.02932,0.0],[-21.281823,76.029319,0.0],[-21.281807,76.028512,0.0],[-21.277354,76.028517,0.0],[-21.277349,76.028249,0.0],[-21.275123,76.028251,0.0],[-21.275118,76.027982,0.0],[-21.271778,76.027986,0.0],[-21.271804,76.02933,0.0],[-21.272917,76.029329,0.0],[-21.272933,76.030136,0.0],[-21.274046,76.030134,0.0],[-21.274051,76.030403,0.0],[-21.276278,76.030401,0.0]]]}},{"type":"Feature","properties":{"rgi_id":"RGI2000-v7.0-G-05-15298","o1region":"05"},"geometry":{"type":"Polygon","coordinates":[[[-21.181561,76.023499,0.0],[-21.18154,76.021886,0.0],[-21.182653,76.021885,0.0],[-21.182629,76.020003,0.0],[-21.183741,76.020002,0.0],[-21.183731,76.019196,0.0],[-21.184843,76.019195,0.0],[-21.18484,76.018926,0.0],[-21.185952,76.018925,0.0],[-21.185945,76.018387,0.0],[-21.187058,76.018387,0.0],[-21.187054,76.018118,0.0],[-21.189279,76.018116,0.0],[-21.189275,76.017847,0.0],[-21.1915,76.017845,0.0],[-21.191496,76.017577,0.0],[-21.194833,76.017574,0.0],[-21.194829,76.017305,0.0],[-21.197054,76.017303,0.0],[-21.197057,76.017572,0.0],[-21.199282,76.01757,0.0],[-21.199286,76.017839,0.0],[-21.200398,76.017838,0.0],[-21.200428,76.019989,0.0],[-21.199316,76.01999,0.0],[-21.199323,76.020528,0.0],[-21.198211,76.020529,0.0],[-21.198218,76.021066,0.0],[-21.197106,76.021067,0.0],[-21.197109,76.021336,0.0],[-21.195997,76.021337,0.0],[-21.196001,76.021606,0.0],[-21.194888,76.021607,0.0],[-21.194892,76.021876,0.0],[-21.193779,76.021877,0.0],[-21.193786,76.022414,0.0],[-21.191561,76.022416,0.0],[-21.191565,76.022685,0.0],[-21.190452,76.022686,0.0],[-21.190456,76.022955,0.0],[-21.18823,76.022956,0.0],[-21.188234,76.023225,0.0],[-21.186008,76.023227,0.0],[-21.186012,76.023496,0.0],[-21.181561,76.023499,0.0]]]}},{"type":"Feature","properties":{"rgi_id":"RGI2000-v7.0-G-05-15299","o1region":"05"},"geometry":{"type":"Polygon","coordinates":[[[-21.076028,76.041511,0.0],[-21.069823,76.040846,0.0],[-21.071199,76.040098,0.0],[-21.068098,76.039766,0.0],[-21.069474,76.039017,0.0],[-21.063271,76.038353,0.0],[-21.064648,76.037604,0.0],[-21.058445,76.036939,0.0],[-21.059822,76.036191,0.0],[-21.056721,76.035858,0.0],[-21.058098,76.03511,0.0],[-21.054998,76.034777,0.0],[-21.056374,76.034029,0.0],[-21.053274,76.033696,0.0],[-21.054651,76.032948,0.0],[-21.042252,76.031618,0.0],[-21.043629,76.03087,0.0],[-21.04053,76.030537,0.0],[-21.041907,76.029788,0.0],[-21.038034,76.029373,0.0],[-21.038034,76.02921,0.0],[-21.04026,76.029209,0.0],[-21.040259,76.02894,0.0],[-21.041372,76.02894,0.0],[-21.041372,76.028671,0.0],[-21.043598,76.028671,0.0],[-21.043599,76.02894,0.0],[-21.052504,76.028938,0.0],[-21.052503,76.028669,0.0],[-21.054729,76.028669,0.0],[-21.054728,76.0284,0.0],[-21.059181,76.028399,0.0],[-21.059179,76.02813,0.0],[-21.062519,76.028129,0.0],[-21.062518,76.02786,0.0],[-21.064744,76.02786,0.0],[-21.06474,76.027053,0.0],[-21.066966,76.027052,0.0],[-21.066967,76.027321,0.0],[-21.06808,76.027321,0.0],[-21.068079,76.027052,0.0],[-21.069192,76.027052,0.0],[-21.069191,76.026783,0.0],[-21.071417,76.026782,0.0],[-21.071415,76.026514,0.0],[-21.078093,76.026511,0.0],[-21.078092,76.026243,0.0],[-21.079205,76.026242,0.0],[-21.079203,76.025973,0.0],[-21.081429,76.025973,0.0],[-21.081427,76.025704,0.0],[-21.08254,76.025703,0.0],[-21.082537,76.025166,0.0],[-21.076973,76.025168,0.0],[-21.076972,76.024899,0.0],[-21.075859,76.024899,0.0],[-21.075853,76.023824,0.0],[-21.076966,76.023823,0.0],[-21.076964,76.023554,0.0],[-21.07919,76.023554,0.0],[-21.079188,76.023285,0.0],[-21.080301,76.023284,0.0],[-21.080299,76.023016,0.0],[-21.081412,76.023015,0.0],[-21.081411,76.022746,0.0],[-21.082523,76.022746,0.0],[-21.082522,76.022477,0.0],[-21.084747,76.022476,0.0],[-21.084745,76.022208,0.0],[-21.089196,76.022206,0.0],[-21.089194,76.021937,0.0],[-21.090307,76.021937,0.0],[-21.090305,76.021668,0.0],[-21.091418,76.021667,0.0],[-21.091416,76.021399,0.0],[-21.090303,76.021399,0.0],[-21.090302,76.02113,0.0],[-21.089189,76.021131,0.0],[-21.089188,76.020862,0.0],[-21.088075,76.020862,0.0],[-21.088073,76.020593,0.0],[-21.086961,76.020594,0.0],[-21.086959,76.020325,0.0],[-21.084734,76.020326,0.0],[-21.084729,76.019519,0.0],[-21.086954,76.019518,0.0],[-21.086953,76.019249,0.0],[-21.089177,76.019249,0.0],[-21.089171,76.018173,0.0],[-21.088058,76.018174,0.0],[-21.088053,76.017367,0.0],[-21.089166,76.017367,0.0],[-21.089164,76.017098,0.0],[-21.092501,76.017096,0.0],[-21.092499,76.016828,0.0],[-21.096948,76.016826,0.0],[-21.096946,76.016557,0.0],[-21.098058,76.016557,0.0],[-21.09806,76.016825,0.0],[-21.099172,76.016825,0.0],[-21.099174,76.017094,0.0],[-21.108072,76.01709,0.0],[-21.108076,76.017628,0.0],[-21.116974,76.017624,0.0],[-21.116972,76.017355,0.0],[-21.119196,76.017354,0.0],[-21.119194,76.017085,0.0],[-21.122531,76.017083,0.0],[-21.122529,76.016814,0.0],[-21.124753,76.016813,0.0],[-21.124751,76.016544,0.0],[-21.123638,76.016545,0.0],[-21.123636,76.016276,0.0],[-21.122524,76.016277,0.0],[-21.122522,76.016008,0.0],[-21.12141,76.016008,0.0],[-21.121407,76.015739,0.0],[-21.120295,76.01574,0.0],[-21.120291,76.015202,0.0],[-21.122515,76.015201,0.0],[-21.122512,76.014932,0.0],[-21.129185,76.014929,0.0],[-21.129187,76.015198,0.0],[-21.134748,76.015195,0.0],[-21.134745,76.014926,0.0],[-21.140305,76.014923,0.0],[-21.140303,76.014654,0.0],[-21.145863,76.014651,0.0],[-21.14586,76.014382,0.0],[-21.150308,76.014379,0.0],[-21.150311,76.014648,0.0],[-21.153647,76.014646,0.0],[-21.15365,76.014915,0.0],[-21.155874,76.014913,0.0],[-21.15588,76.015451,0.0],[-21.156992,76.01545,0.0],[-21.156995,76.015719,0.0],[-21.158107,76.015718,0.0],[-21.15811,76.015987,0.0],[-21.156998,76.015988,0.0],[-21.157001,76.016257,0.0],[-21.152552,76.01626,0.0],[-21.15255,76.015991,0.0],[-21.144765,76.015996,0.0],[-21.144762,76.015727,0.0],[-21.136977,76.015731,0.0],[-21.13698,76.016,0.0],[-21.135867,76.016001,0.0],[-21.13587,76.01627,0.0],[-21.134758,76.01627,0.0],[-21.13476,76.016539,0.0],[-21.133648,76.01654,0.0],[-21.133656,76.017346,0.0],[-21.13588,76.017345,0.0],[-21.135883,76.017614,0.0],[-21.136995,76.017613,0.0],[-21.136998,76.017882,0.0],[-21.139222,76.017881,0.0],[-21.139225,76.01815,0.0],[-21.142562,76.018148,0.0],[-21.142559,76.017879,0.0],[-21.143671,76.017878,0.0],[-21.143674,76.018147,0.0],[-21.145899,76.018146,0.0],[-21.145907,76.018952,0.0],[-21.144795,76.018953,0.0],[-21.144797,76.019222,0.0],[-21.143685,76.019223,0.0],[-21.143688,76.019491,0.0],[-21.142575,76.019492,0.0],[-21.142578,76.019761,0.0],[-21.139241,76.019763,0.0],[-21.139238,76.019494,0.0],[-21.137013,76.019495,0.0],[-21.137011,76.019226,0.0],[-21.135898,76.019227,0.0],[-21.13589,76.01842,0.0],[-21.134778,76.018421,0.0],[-21.134776,76.018152,0.0],[-21.133663,76.018153,0.0],[-21.133661,76.017884,0.0],[-21.131436,76.017885,0.0],[-21.131431,76.017347,0.0],[-21.129207,76.017349,0.0],[-21.129214,76.018155,0.0],[-21.126989,76.018156,0.0],[-21.126992,76.018425,0.0],[-21.124767,76.018426,0.0],[-21.124769,76.018695,0.0],[-21.12032,76.018697,0.0],[-21.120322,76.018966,0.0],[-21.11921,76.018967,0.0],[-21.119217,76.019773,0.0],[-21.116992,76.019775,0.0],[-21.116994,76.020043,0.0],[-21.115882,76.020044,0.0],[-21.115886,76.020582,0.0],[-21.113661,76.020583,0.0],[-21.113663,76.020852,0.0],[-21.111438,76.020853,0.0],[-21.11144,76.021121,0.0],[-21.108102,76.021123,0.0],[-21.108105,76.021392,0.0],[-21.106992,76.021392,0.0],[-21.106994,76.021661,0.0],[-21.104769,76.021662,0.0],[-21.104767,76.021393,0.0],[-21.101429,76.021395,0.0],[-21.101431,76.021663,0.0],[-21.099206,76.021664,0.0],[-21.099208,76.021933,0.0],[-21.098095,76.021934,0.0],[-21.098099,76.022471,0.0],[-21.095874,76.022472,0.0],[-21.095872,76.022203,0.0],[-21.093646,76.022204,0.0],[-21.093655,76.023549,0.0],[-21.094768,76.023548,0.0],[-21.09477,76.023817,0.0],[-21.095883,76.023817,0.0],[-21.095884,76.024085,0.0],[-21.09811,76.024085,0.0],[-21.098112,76.024353,0.0],[-21.099225,76.024353,0.0],[-21.09923,76.02516,0.0],[-21.098117,76.02516,0.0],[-21.098119,76.025429,0.0],[-21.097006,76.025429,0.0],[-21.097008,76.025698,0.0],[-21.094782,76.025699,0.0],[-21.094784,76.025968,0.0],[-21.089219,76.02597,0.0],[-21.089221,76.026239,0.0],[-21.085882,76.02624,0.0],[-21.085884,76.026509,0.0],[-21.086997,76.026508,0.0],[-21.086999,76.026777,0.0],[-21.090338,76.026776,0.0],[-21.090339,76.027045,0.0],[-21.097017,76.027042,0.0],[-21.097015,76.026774,0.0],[-21.100354,76.026772,0.0],[-21.100352,76.026503,0.0],[-21.104804,76.026501,0.0],[-21.104802,76.026233,0.0],[-21.107028,76.026232,0.0],[-21.107026,76.025963,0.0],[-21.110365,76.025961,0.0],[-21.110363,76.025692,0.0],[-21.115927,76.02569,0.0],[-21.115925,76.025421,0.0],[-21.120377,76.025419,0.0],[-21.120374,76.02515,0.0],[-21.13039,76.025145,0.0],[-21.130388,76.024876,0.0],[-21.132613,76.024875,0.0],[-21.132611,76.024606,0.0],[-21.135949,76.024604,0.0],[-21.135952,76.024873,0.0],[-21.138178,76.024872,0.0],[-21.13818,76.025141,0.0],[-21.140406,76.025139,0.0],[-21.140409,76.025408,0.0],[-21.141521,76.025408,0.0],[-21.141524,76.025676,0.0],[-21.142637,76.025676,0.0],[-21.14264,76.025945,0.0],[-21.144866,76.025943,0.0],[-21.144868,76.026212,0.0],[-21.145981,76.026211,0.0],[-21.145984,76.02648,0.0],[-21.14821,76.026479,0.0],[-21.148213,76.026748,0.0],[-21.150439,76.026746,0.0],[-21.150441,76.027015,0.0],[-21.152667,76.027014,0.0],[-21.15267,76.027283,0.0],[-21.153783,76.027282,0.0],[-21.153786,76.027551,0.0],[-21.157125,76.027549,0.0],[-21.157128,76.027818,0.0],[-21.159354,76.027816,0.0],[-21.159357,76.028085,0.0],[-21.164923,76.028081,0.0],[-21.16492,76.027813,0.0],[-21.166033,76.027812,0.0],[-21.16603,76.027543,0.0],[-21.168256,76.027541,0.0],[-21.168253,76.027273,0.0],[-21.170479,76.027271,0.0],[-21.170475,76.027002,0.0],[-21.171588,76.027001,0.0],[-21.171585,76.026733,0.0],[-21.176037,76.026729,0.0],[-21.17604,76.026998,0.0],[-21.177153,76.026997,0.0],[-21.17716,76.027535,0.0],[-21.179386,76.027534,0.0],[-21.17939,76.027802,0.0],[-21.180503,76.027802,0.0],[-21.180506,76.02807,0.0],[-21.182732,76.028069,0.0],[-21.182729,76.0278,0.0],[-21.187181,76.027797,0.0],[-21.187185,76.028065,0.0],[-21.188298,76.028065,0.0],[-21.188269,76.025914,0.0],[-21.189382,76.025913,0.0],[-21.189379,76.025644,0.0],[-21.190492,76.025643,0.0],[-21.190488,76.025374,0.0],[-21.191601,76.025373,0.0],[-21.191597,76.025105,0.0],[-21.19271,76.025104,0.0],[-21.192706,76.024835,0.0],[-21.194932,76.024833,0.0],[-21.194936,76.025102,0.0],[-21.197161,76.0251,0.0],[-21.197165,76.025369,0.0],[-21.198278,76.025368,0.0],[-21.198282,76.025637,0.0],[-21.199395,76.025636,0.0],[-21.19941,76.026711,0.0],[-21.200523,76.026711,0.0],[-21.20056,76.029399,0.0],[-21.199447,76.0294,0.0],[-21.199455,76.029938,0.0],[-21.198342,76.029939,0.0],[-21.198349,76.030476,0.0],[-21.197236,76.030477,0.0],[-21.197247,76.031284,0.0],[-21.19836,76.031283,0.0],[-21.198383,76.032896,0.0],[-21.197269,76.032897,0.0],[-21.197277,76.033435,0.0],[-21.196163,76.033436,0.0],[-21.196167,76.033704,0.0],[-21.19394,76.033706,0.0],[-21.193965,76.035588,0.0],[-21.192852,76.035589,0.0],[-21.192855,76.035858,0.0],[-21.190628,76.03586,0.0],[-21.190624,76.035591,0.0],[-21.187283,76.035593,0.0],[-21.187287,76.035862,0.0],[-21.18506,76.035864,0.0],[-21.185063,76.036133,0.0],[-21.182836,76.036134,0.0],[-21.182839,76.036403,0.0],[-21.181725,76.036404,0.0],[-21.181736,76.037211,0.0],[-21.178394,76.037213,0.0],[-21.178398,76.037482,0.0],[-21.177284,76.037483,0.0],[-21.177287,76.037752,0.0],[-21.176173,76.037752,0.0],[-21.176177,76.038021,0.0],[-21.173949,76.038023,0.0],[-21.173952,76.038292,0.0],[-21.169497,76.038295,0.0],[-21.1695,76.038564,0.0],[-21.167272,76.038565,0.0],[-21.167269,76.038296,0.0],[-21.1617,76.0383,0.0],[-21.161703,76.038569,0.0],[-21.159475,76.038571,0.0],[-21.159478,76.038839,0.0],[-21.15887,76.03884,0.0],[-21.159055,76.038739,0.0],[-21.143538,76.037083,0.0],[-21.14491,76.036334,0.0],[-21.141807,76.036003,0.0],[-21.14318,76.035253,0.0],[-21.133872,76.03426,0.0],[-21.1325,76.035009,0.0],[-21.126295,76.034346,0.0],[-21.127668,76.033597,0.0],[-21.121465,76.032934,0.0],[-21.120091,76.033683,0.0],[-21.11699,76.033351,0.0],[-21.115616,76.0341,0.0],[-21.112515,76.033768,0.0],[-21.10427,76.038261,0.0],[-21.107373,76.038593,0.0],[-21.105998,76.039342,0.0],[-21.109101,76.039674,0.0],[-21.106352,76.041171,0.0],[-21.109455,76.041503,0.0],[-21.10808,76.042252,0.0],[-21.111184,76.042584,0.0],[-21.111099,76.04263,0.0],[-21.110494,76.04263,0.0],[-21.110496,76.042899,0.0],[-21.108268,76.0429,0.0],[-21.10827,76.043168,0.0],[-21.106706,76.043001,0.0],[-21.105407,76.043708,0.0],[-21.104944,76.043708,0.0],[-21.102227,76.043418,0.0],[-21.098232,76.045593,0.0],[-21.097144,76.045593,0.0],[-21.097145,76.045862,0.0],[-21.094916,76.045863,0.0],[-21.094918,76.046132,0.0],[-21.0941,76.046132,0.0],[-21.093621,76.046081,0.0],[-21.094997,76.045332,0.0],[-21.08879,76.044669,0.0],[-21.090166,76.04392,0.0],[-21.08396,76.043256,0.0],[-21.085336,76.042507,0.0],[-21.076028,76.041511,0.0]]]}},{"type":"Feature","properties":{"rgi_id":"RGI2000-v7.0-G-05-15300","o1region":"05"},"geometry":{"type":"Polygon","coordinates":[[[-21.135806,76.009548,0.0],[-21.135803,76.009279,0.0],[-21.129134,76.009283,0.0],[-21.129131,76.009014,0.0],[-21.124685,76.009016,0.0],[-21.124687,76.009285,0.0],[-21.120241,76.009287,0.0],[-21.120243,76.009556,0.0],[-21.114685,76.009559,0.0],[-21.114683,76.00929,0.0],[-21.112459,76.009291,0.0],[-21.112462,76.00956,0.0],[-21.109127,76.009562,0.0],[-21.109125,76.009293,0.0],[-21.108013,76.009293,0.0],[-21.108011,76.009024,0.0],[-21.106899,76.009025,0.0],[-21.106895,76.008487,0.0],[-21.108007,76.008487,0.0],[-21.108005,76.008218,0.0],[-21.109116,76.008217,0.0],[-21.109114,76.007948,0.0],[-21.112449,76.007947,0.0],[-21.112451,76.008216,0.0],[-21.113562,76.008215,0.0],[-21.113565,76.008484,0.0],[-21.116899,76.008483,0.0],[-21.116897,76.008214,0.0],[-21.122455,76.008211,0.0],[-21.122457,76.00848,0.0],[-21.126903,76.008478,0.0],[-21.126901,76.008209,0.0],[-21.130236,76.008207,0.0],[-21.130238,76.008476,0.0],[-21.132461,76.008475,0.0],[-21.132464,76.008743,0.0],[-21.134687,76.008742,0.0],[-21.134684,76.008473,0.0],[-21.135796,76.008473,0.0],[-21.135786,76.007397,0.0],[-21.136897,76.007397,0.0],[-21.136892,76.006859,0.0],[-21.139115,76.006858,0.0],[-21.139112,76.006589,0.0],[-21.141335,76.006588,0.0],[-21.141348,76.007932,0.0],[-21.140237,76.007933,0.0],[-21.140247,76.009008,0.0],[-21.139136,76.009009,0.0],[-21.139146,76.010084,0.0],[-21.136923,76.010085,0.0],[-21.136918,76.009548,0.0],[-21.135806,76.009548,0.0]]]}},{"type":"Feature","properties":{"rgi_id":"RGI2000-v7.0-G-05-15301","o1region":"05"},"geometry":{"type":"Polygon","coordinates":[[[-21.030207,76.01281,0.0],[-21.030205,76.012004,0.0],[-21.029093,76.012004,0.0],[-21.029092,76.011466,0.0],[-21.030204,76.011466,0.0],[-21.030203,76.011197,0.0],[-21.031315,76.011197,0.0],[-21.031314,76.010928,0.0],[-21.033538,76.010928,0.0],[-21.033537,76.010659,0.0],[-21.035761,76.010659,0.0],[-21.035761,76.010928,0.0],[-21.036873,76.010927,0.0],[-21.036874,76.011196,0.0],[-21.039097,76.011196,0.0],[-21.039094,76.009852,0.0],[-21.037982,76.009852,0.0],[-21.037978,76.008508,0.0],[-21.036867,76.008508,0.0],[-21.036865,76.007701,0.0],[-21.041311,76.0077,0.0],[-21.04131,76.007432,0.0],[-21.044644,76.007431,0.0],[-21.044644,76.007162,0.0],[-21.052424,76.007161,0.0],[-21.052427,76.007967,0.0],[-21.051315,76.007967,0.0],[-21.051316,76.008236,0.0],[-21.049093,76.008237,0.0],[-21.049094,76.008506,0.0],[-21.046871,76.008506,0.0],[-21.046872,76.008775,0.0],[-21.04576,76.008775,0.0],[-21.045762,76.009313,0.0],[-21.046874,76.009313,0.0],[-21.046875,76.00985,0.0],[-21.045764,76.009851,0.0],[-21.045765,76.010388,0.0],[-21.046877,76.010388,0.0],[-21.046878,76.010657,0.0],[-21.052437,76.010656,0.0],[-21.052438,76.010925,0.0],[-21.053549,76.010924,0.0],[-21.05355,76.011193,0.0],[-21.052439,76.011193,0.0],[-21.05244,76.011462,0.0],[-21.051328,76.011463,0.0],[-21.051329,76.011731,0.0],[-21.049105,76.011732,0.0],[-21.049104,76.011463,0.0],[-21.046881,76.011463,0.0],[-21.04688,76.011195,0.0],[-21.042433,76.011195,0.0],[-21.042433,76.011464,0.0],[-21.039098,76.011465,0.0],[-21.0391,76.012003,0.0],[-21.037988,76.012003,0.0],[-21.037988,76.012272,0.0],[-21.036877,76.012272,0.0],[-21.036877,76.012541,0.0],[-21.034654,76.012541,0.0],[-21.034654,76.01281,0.0],[-21.030207,76.01281,0.0]]]}},{"type":"Feature","properties":{"rgi_id":"RGI2000-v7.0-G-05-15302","o1region":"05"},"geometry":{"type":"Polygon","coordinates":[[[-21.015765,76.02491,0.0],[-21.015765,76.024373,0.0],[-21.013539,76.024373,0.0],[-21.013539,76.023835,0.0],[-21.015764,76.023835,0.0],[-21.015764,76.024104,0.0],[-21.019103,76.024103,0.0],[-21.019102,76.023835,0.0],[-21.020215,76.023835,0.0],[-21.020215,76.023566,0.0],[-21.02244,76.023565,0.0],[-21.02244,76.023297,0.0],[-21.023552,76.023297,0.0],[-21.023553,76.023565,0.0],[-21.025778,76.023565,0.0],[-21.025777,76.023027,0.0],[-21.024665,76.023028,0.0],[-21.024664,76.02249,0.0],[-21.025776,76.02249,0.0],[-21.025775,76.021952,0.0],[-21.024663,76.021952,0.0],[-21.024662,76.021683,0.0],[-21.022437,76.021683,0.0],[-21.022437,76.021415,0.0],[-21.021324,76.021415,0.0],[-21.021325,76.021684,0.0],[-21.016874,76.021684,0.0],[-21.016873,76.02034,0.0],[-21.02021,76.020339,0.0],[-21.020209,76.019802,0.0],[-21.019097,76.019802,0.0],[-21.019097,76.019533,0.0],[-21.017984,76.019533,0.0],[-21.017983,76.018995,0.0],[-21.019096,76.018995,0.0],[-21.019096,76.019264,0.0],[-21.022433,76.019264,0.0],[-21.022434,76.019533,0.0],[-21.026884,76.019532,0.0],[-21.026883,76.019263,0.0],[-21.029108,76.019263,0.0],[-21.029107,76.018994,0.0],[-21.03022,76.018994,0.0],[-21.030219,76.018456,0.0],[-21.031331,76.018456,0.0],[-21.03133,76.018187,0.0],[-21.032443,76.018187,0.0],[-21.032442,76.017918,0.0],[-21.034667,76.017918,0.0],[-21.034664,76.016843,0.0],[-21.031327,76.016843,0.0],[-21.031328,76.017112,0.0],[-21.029103,76.017112,0.0],[-21.029104,76.017381,0.0],[-21.026879,76.017381,0.0],[-21.02688,76.01765,0.0],[-21.023543,76.017651,0.0],[-21.023544,76.017919,0.0],[-21.020207,76.01792,0.0],[-21.020207,76.018189,0.0],[-21.01687,76.018189,0.0],[-21.01687,76.018458,0.0],[-21.015758,76.018458,0.0],[-21.015758,76.018727,0.0],[-21.012421,76.018727,0.0],[-21.012421,76.018458,0.0],[-21.010196,76.018458,0.0],[-21.010196,76.018189,0.0],[-21.007972,76.018189,0.0],[-21.007971,76.01792,0.0],[-21.006859,76.01792,0.0],[-21.006859,76.017652,0.0],[-21.005747,76.017652,0.0],[-21.005747,76.017383,0.0],[-21.004634,76.017383,0.0],[-21.004634,76.016845,0.0],[-21.001298,76.016845,0.0],[-21.001298,76.016576,0.0],[-20.993512,76.016576,0.0],[-20.993512,76.017114,0.0],[-20.9924,76.017114,0.0],[-20.9924,76.017383,0.0],[-20.990175,76.017383,0.0],[-20.990175,76.017651,0.0],[-20.98795,76.017651,0.0],[-20.98795,76.018189,0.0],[-20.986838,76.018189,0.0],[-20.986837,76.018458,0.0],[-20.985725,76.018458,0.0],[-20.985724,76.018996,0.0],[-20.9835,76.018995,0.0],[-20.983499,76.019264,0.0],[-20.980162,76.019264,0.0],[-20.980161,76.019802,0.0],[-20.977937,76.019802,0.0],[-20.977938,76.018995,0.0],[-20.97905,76.018995,0.0],[-20.979051,76.018726,0.0],[-20.980163,76.018726,0.0],[-20.980163,76.018457,0.0],[-20.981276,76.018458,0.0],[-20.981276,76.018189,0.0],[-20.982388,76.018189,0.0],[-20.982389,76.01792,0.0],[-20.983501,76.01792,0.0],[-20.983503,76.016038,0.0],[-20.984615,76.016038,0.0],[-20.984616,76.015769,0.0],[-20.989064,76.015769,0.0],[-20.989064,76.015232,0.0],[-20.98684,76.015232,0.0],[-20.986841,76.014963,0.0],[-20.979056,76.014962,0.0],[-20.979056,76.015231,0.0],[-20.975719,76.015231,0.0],[-20.975719,76.0155,0.0],[-20.974607,76.015499,0.0],[-20.974606,76.015768,0.0],[-20.973494,76.015768,0.0],[-20.973493,76.016575,0.0],[-20.972381,76.016575,0.0],[-20.97238,76.017112,0.0],[-20.971267,76.017112,0.0],[-20.971267,76.017381,0.0],[-20.970154,76.017381,0.0],[-20.970154,76.01765,0.0],[-20.969042,76.01765,0.0],[-20.969041,76.017919,0.0],[-20.965704,76.017918,0.0],[-20.965711,76.01523,0.0],[-20.971271,76.01523,0.0],[-20.971272,76.014961,0.0],[-20.969047,76.014961,0.0],[-20.969048,76.014692,0.0],[-20.966824,76.014692,0.0],[-20.966825,76.014423,0.0],[-20.965713,76.014423,0.0],[-20.965715,76.013616,0.0],[-20.964603,76.013616,0.0],[-20.964604,76.013079,0.0],[-20.963492,76.013078,0.0],[-20.963493,76.012809,0.0],[-20.964605,76.01281,0.0],[-20.964606,76.012272,0.0],[-20.96683,76.012272,0.0],[-20.96683,76.012003,0.0],[-20.969054,76.012004,0.0],[-20.969054,76.011735,0.0],[-20.970166,76.011735,0.0],[-20.970167,76.011466,0.0],[-20.97239,76.011466,0.0],[-20.972391,76.011198,0.0],[-20.973503,76.011198,0.0],[-20.973503,76.010929,0.0],[-20.981286,76.01093,0.0],[-20.981285,76.011198,0.0],[-20.98462,76.011199,0.0],[-20.98462,76.011467,0.0],[-20.986844,76.011468,0.0],[-20.986844,76.011736,0.0],[-20.990179,76.011737,0.0],[-20.990179,76.011468,0.0],[-20.992403,76.011468,0.0],[-20.992403,76.011737,0.0],[-20.993514,76.011737,0.0],[-20.993514,76.012274,0.0],[-20.994626,76.012274,0.0],[-20.994626,76.012543,0.0],[-20.995738,76.012543,0.0],[-20.995738,76.012812,0.0],[-20.997962,76.012812,0.0],[-20.997961,76.01335,0.0],[-20.999073,76.01335,0.0],[-20.999073,76.013619,0.0],[-20.997961,76.013619,0.0],[-20.997961,76.013888,0.0],[-21.001297,76.013888,0.0],[-21.001297,76.013619,0.0],[-21.007969,76.013619,0.0],[-21.007969,76.013888,0.0],[-21.010193,76.013887,0.0],[-21.010193,76.014156,0.0],[-21.011305,76.014156,0.0],[-21.011306,76.014425,0.0],[-21.012418,76.014425,0.0],[-21.012418,76.014694,0.0],[-21.015754,76.014694,0.0],[-21.015754,76.014425,0.0],[-21.016866,76.014425,0.0],[-21.016865,76.014156,0.0],[-21.019089,76.014156,0.0],[-21.019089,76.013887,0.0],[-21.022425,76.013887,0.0],[-21.022425,76.013618,0.0],[-21.023537,76.013618,0.0],[-21.023536,76.013349,0.0],[-21.027984,76.013348,0.0],[-21.027984,76.013617,0.0],[-21.029096,76.013617,0.0],[-21.029097,76.013886,0.0],[-21.031321,76.013886,0.0],[-21.03132,76.013617,0.0],[-21.034656,76.013616,0.0],[-21.034655,76.013347,0.0],[-21.037991,76.013347,0.0],[-21.037991,76.013078,0.0],[-21.042438,76.013077,0.0],[-21.042437,76.012809,0.0],[-21.044661,76.012808,0.0],[-21.04466,76.012539,0.0],[-21.047996,76.012539,0.0],[-21.047995,76.01227,0.0],[-21.051331,76.012269,0.0],[-21.05133,76.012,0.0],[-21.054665,76.012,0.0],[-21.05466,76.010655,0.0],[-21.055772,76.010655,0.0],[-21.055767,76.009311,0.0],[-21.056878,76.00931,0.0],[-21.056876,76.008773,0.0],[-21.055764,76.008773,0.0],[-21.055763,76.008504,0.0],[-21.054652,76.008504,0.0],[-21.054651,76.008236,0.0],[-21.053539,76.008236,0.0],[-21.053536,76.007429,0.0],[-21.055759,76.007429,0.0],[-21.055758,76.00716,0.0],[-21.057981,76.007159,0.0],[-21.057977,76.006084,0.0],[-21.056865,76.006084,0.0],[-21.056863,76.005546,0.0],[-21.060197,76.005546,0.0],[-21.060204,76.007159,0.0],[-21.061315,76.007159,0.0],[-21.061317,76.007427,0.0],[-21.06354,76.007427,0.0],[-21.063538,76.007158,0.0],[-21.06465,76.007158,0.0],[-21.064646,76.006351,0.0],[-21.065758,76.006351,0.0],[-21.065756,76.006082,0.0],[-21.066868,76.006082,0.0],[-21.066866,76.005813,0.0],[-21.071312,76.005812,0.0],[-21.071313,76.00608,0.0],[-21.072425,76.00608,0.0],[-21.072426,76.006349,0.0],[-21.073537,76.006349,0.0],[-21.073539,76.006617,0.0],[-21.075762,76.006617,0.0],[-21.075764,76.007154,0.0],[-21.074653,76.007155,0.0],[-21.074654,76.007424,0.0],[-21.072431,76.007424,0.0],[-21.072434,76.007962,0.0],[-21.071323,76.007962,0.0],[-21.071324,76.008231,0.0],[-21.070212,76.008232,0.0],[-21.070216,76.009038,0.0],[-21.069105,76.009038,0.0],[-21.069109,76.009845,0.0],[-21.067997,76.009845,0.0],[-21.068,76.010383,0.0],[-21.066888,76.010383,0.0],[-21.06689,76.010921,0.0],[-21.069114,76.01092,0.0],[-21.069115,76.011189,0.0],[-21.071339,76.011189,0.0],[-21.071337,76.01092,0.0],[-21.072449,76.010919,0.0],[-21.072448,76.010651,0.0],[-21.07356,76.01065,0.0],[-21.073558,76.010381,0.0],[-21.076893,76.01038,0.0],[-21.076892,76.010112,0.0],[-21.084674,76.010109,0.0],[-21.084677,76.010647,0.0],[-21.085789,76.010646,0.0],[-21.085798,76.012259,0.0],[-21.075792,76.012263,0.0],[-21.075793,76.012532,0.0],[-21.074681,76.012532,0.0],[-21.074687,76.013607,0.0],[-21.073575,76.013608,0.0],[-21.073576,76.013877,0.0],[-21.072464,76.013877,0.0],[-21.072466,76.014146,0.0],[-21.070242,76.014146,0.0],[-21.070243,76.014415,0.0],[-21.069131,76.014416,0.0],[-21.069132,76.014684,0.0],[-21.06802,76.014685,0.0],[-21.068021,76.014954,0.0],[-21.066909,76.014954,0.0],[-21.066911,76.015223,0.0],[-21.065798,76.015223,0.0],[-21.0658,76.015492,0.0],[-21.063575,76.015493,0.0],[-21.063577,76.015761,0.0],[-21.062465,76.015762,0.0],[-21.062466,76.016031,0.0],[-21.060241,76.016031,0.0],[-21.06024,76.015762,0.0],[-21.058016,76.015763,0.0],[-21.058018,76.0163,0.0],[-21.056906,76.016301,0.0],[-21.056907,76.01657,0.0],[-21.054683,76.01657,0.0],[-21.054684,76.016839,0.0],[-21.052459,76.016839,0.0],[-21.052461,76.017377,0.0],[-21.053574,76.017377,0.0],[-21.053577,76.018183,0.0],[-21.051352,76.018184,0.0],[-21.051353,76.018453,0.0],[-21.049128,76.018453,0.0],[-21.049129,76.018722,0.0],[-21.051354,76.018722,0.0],[-21.051355,76.018991,0.0],[-21.052467,76.01899,0.0],[-21.052469,76.019528,0.0],[-21.051357,76.019528,0.0],[-21.051358,76.019797,0.0],[-21.045796,76.019798,0.0],[-21.045796,76.020067,0.0],[-21.044684,76.020067,0.0],[-21.044685,76.020336,0.0],[-21.041347,76.020337,0.0],[-21.041348,76.020606,0.0],[-21.040236,76.020606,0.0],[-21.040239,76.021681,0.0],[-21.041351,76.021681,0.0],[-21.041352,76.02195,0.0],[-21.042465,76.02195,0.0],[-21.042464,76.021681,0.0],[-21.045802,76.02168,0.0],[-21.045804,76.022487,0.0],[-21.044692,76.022487,0.0],[-21.044695,76.023562,0.0],[-21.045808,76.023562,0.0],[-21.045809,76.0241,0.0],[-21.041358,76.024101,0.0],[-21.041359,76.02437,0.0],[-21.040246,76.02437,0.0],[-21.040247,76.024639,0.0],[-21.035796,76.024639,0.0],[-21.035795,76.02437,0.0],[-21.029118,76.024371,0.0],[-21.029119,76.024909,0.0],[-21.023555,76.02491,0.0],[-21.023556,76.025716,0.0],[-21.021331,76.025716,0.0],[-21.02133,76.025448,0.0],[-21.017992,76.025448,0.0],[-21.017991,76.025179,0.0],[-21.016878,76.025179,0.0],[-21.016878,76.02491,0.0],[-21.015765,76.02491,0.0]],[[-21.060221,76.011192,0.0],[-21.06022,76.010923,0.0],[-21.057996,76.010923,0.0],[-21.057997,76.011192,0.0],[-21.060221,76.011192,0.0]],[[-21.060214,76.009579,0.0],[-21.060213,76.00931,0.0],[-21.061325,76.009309,0.0],[-21.061324,76.009041,0.0],[-21.062435,76.00904,0.0],[-21.062434,76.008771,0.0],[-21.059099,76.008772,0.0],[-21.0591,76.009041,0.0],[-21.057989,76.009041,0.0],[-21.05799,76.00931,0.0],[-21.059101,76.00931,0.0],[-21.059103,76.009579,0.0],[-21.060214,76.009579,0.0]]]}},{"type":"Feature","properties":{"rgi_id":"RGI2000-v7.0-G-05-15303","o1region":"05"},"geometry":{"type":"Polygon","coordinates":[[[-20.957803,76.055718,0.0],[-20.947746,76.054637,0.0],[-20.946361,76.055384,0.0],[-20.943259,76.055051,0.0],[-20.944643,76.054303,0.0],[-20.935338,76.053301,0.0],[-20.936723,76.052553,0.0],[-20.918116,76.050549,0.0],[-20.919502,76.049801,0.0],[-20.907101,76.048464,0.0],[-20.905714,76.049211,0.0],[-20.899514,76.048543,0.0],[-20.898128,76.04929,0.0],[-20.895028,76.048956,0.0],[-20.892254,76.050451,0.0],[-20.882954,76.049447,0.0],[-20.884342,76.0487,0.0],[-20.878143,76.04803,0.0],[-20.876756,76.048778,0.0],[-20.873656,76.048443,0.0],[-20.875044,76.047695,0.0],[-20.865748,76.046691,0.0],[-20.867136,76.045944,0.0],[-20.864038,76.045609,0.0],[-20.861261,76.047104,0.0],[-20.858163,76.046769,0.0],[-20.856774,76.047516,0.0],[-20.853675,76.047181,0.0],[-20.849508,76.049423,0.0],[-20.846409,76.049088,0.0],[-20.845019,76.049835,0.0],[-20.829528,76.048159,0.0],[-20.828137,76.048906,0.0],[-20.825039,76.048571,0.0],[-20.823648,76.049318,0.0],[-20.82055,76.048983,0.0],[-20.819159,76.04973,0.0],[-20.803762,76.048062,0.0],[-20.805126,76.046233,0.0],[-20.807458,76.044871,0.0],[-20.809236,76.045063,0.0],[-20.810628,76.044316,0.0],[-20.813724,76.044652,0.0],[-20.817896,76.04241,0.0],[-20.820993,76.042746,0.0],[-20.822383,76.041999,0.0],[-20.82548,76.042334,0.0],[-20.828259,76.04084,0.0],[-20.831356,76.041175,0.0],[-20.835205,76.039105,0.0],[-20.836435,76.039106,0.0],[-20.836438,76.038837,0.0],[-20.837552,76.038837,0.0],[-20.837555,76.038569,0.0],[-20.838669,76.038569,0.0],[-20.838672,76.0383,0.0],[-20.839786,76.038301,0.0],[-20.839792,76.037763,0.0],[-20.840906,76.037764,0.0],[-20.840909,76.037495,0.0],[-20.842022,76.037496,0.0],[-20.842025,76.037227,0.0],[-20.843139,76.037228,0.0],[-20.843142,76.036959,0.0],[-20.844256,76.03696,0.0],[-20.844259,76.036691,0.0],[-20.848714,76.036694,0.0],[-20.848711,76.036963,0.0],[-20.849825,76.036963,0.0],[-20.849819,76.037501,0.0],[-20.850933,76.037502,0.0],[-20.85093,76.03777,0.0],[-20.856499,76.037774,0.0],[-20.856502,76.037505,0.0],[-20.857616,76.037506,0.0],[-20.857619,76.037237,0.0],[-20.858732,76.037237,0.0],[-20.858738,76.0367,0.0],[-20.859851,76.0367,0.0],[-20.859857,76.036163,0.0],[-20.86097,76.036163,0.0],[-20.860984,76.034819,0.0],[-20.862097,76.03482,0.0],[-20.862102,76.034282,0.0],[-20.860989,76.034281,0.0],[-20.860999,76.033206,0.0],[-20.859886,76.033205,0.0],[-20.859888,76.032936,0.0],[-20.858775,76.032936,0.0],[-20.858778,76.032667,0.0],[-20.857664,76.032666,0.0],[-20.85767,76.032129,0.0],[-20.858783,76.032129,0.0],[-20.858799,76.030516,0.0],[-20.858802,76.030247,0.0],[-20.857688,76.030247,0.0],[-20.857691,76.029978,0.0],[-20.857694,76.029709,0.0],[-20.856581,76.029708,0.0],[-20.856583,76.029439,0.0],[-20.85547,76.029439,0.0],[-20.855473,76.02917,0.0],[-20.85436,76.029169,0.0],[-20.854362,76.0289,0.0],[-20.851023,76.028898,0.0],[-20.85102,76.029167,0.0],[-20.84995,76.029166,0.0],[-20.854637,76.026641,0.0],[-20.851543,76.026306,0.0],[-20.855703,76.024064,0.0],[-20.858797,76.024399,0.0],[-20.864399,76.021378,0.0],[-20.864452,76.021378,0.0],[-20.864445,76.022185,0.0],[-20.865557,76.022185,0.0],[-20.865555,76.022454,0.0],[-20.86555,76.022992,0.0],[-20.866662,76.022992,0.0],[-20.86666,76.023261,0.0],[-20.866655,76.023799,0.0],[-20.867767,76.0238,0.0],[-20.867763,76.024337,0.0],[-20.868875,76.024338,0.0],[-20.868873,76.024607,0.0],[-20.86887,76.024876,0.0],[-20.869983,76.024876,0.0],[-20.869981,76.025145,0.0],[-20.871094,76.025146,0.0],[-20.871091,76.025415,0.0],[-20.873317,76.025416,0.0],[-20.873315,76.025685,0.0],[-20.876653,76.025686,0.0],[-20.876656,76.025417,0.0],[-20.88222,76.02542,0.0],[-20.882222,76.025151,0.0],[-20.892238,76.025156,0.0],[-20.894464,76.025157,0.0],[-20.894466,76.024888,0.0],[-20.895578,76.024888,0.0],[-20.89558,76.02462,0.0],[-20.897806,76.024621,0.0],[-20.897808,76.024352,0.0],[-20.898921,76.024352,0.0],[-20.898925,76.023814,0.0],[-20.900037,76.023815,0.0],[-20.900041,76.023277,0.0],[-20.901154,76.023278,0.0],[-20.901158,76.02274,0.0],[-20.90227,76.02274,0.0],[-20.902274,76.022203,0.0],[-20.904499,76.022204,0.0],[-20.904501,76.021935,0.0],[-20.905614,76.021935,0.0],[-20.905617,76.021397,0.0],[-20.90673,76.021398,0.0],[-20.906731,76.021129,0.0],[-20.907844,76.021129,0.0],[-20.907847,76.020592,0.0],[-20.90896,76.020592,0.0],[-20.908962,76.020323,0.0],[-20.910074,76.020324,0.0],[-20.910078,76.019786,0.0],[-20.91119,76.019786,0.0],[-20.911192,76.019518,0.0],[-20.912304,76.019518,0.0],[-20.912306,76.019249,0.0],[-20.913418,76.019249,0.0],[-20.913421,76.018712,0.0],[-20.914534,76.018712,0.0],[-20.914535,76.018443,0.0],[-20.915648,76.018444,0.0],[-20.915649,76.018175,0.0],[-20.916762,76.018175,0.0],[-20.916765,76.017637,0.0],[-20.918989,76.017638,0.0],[-20.918991,76.017369,0.0],[-20.920103,76.01737,0.0],[-20.920105,76.017101,0.0],[-20.921217,76.017101,0.0],[-20.921218,76.016832,0.0],[-20.922331,76.016833,0.0],[-20.922332,76.016564,0.0],[-20.923444,76.016564,0.0],[-20.923447,76.016027,0.0],[-20.924559,76.016027,0.0],[-20.924561,76.015758,0.0],[-20.925673,76.015758,0.0],[-20.925674,76.015489,0.0],[-20.926786,76.01549,0.0],[-20.926788,76.015221,0.0],[-20.9279,76.015221,0.0],[-20.927901,76.014952,0.0],[-20.929013,76.014953,0.0],[-20.929016,76.014415,0.0],[-20.930128,76.014415,0.0],[-20.930129,76.014147,0.0],[-20.932353,76.014147,0.0],[-20.932354,76.013878,0.0],[-20.934578,76.013879,0.0],[-20.93458,76.01361,0.0],[-20.936804,76.013611,0.0],[-20.936805,76.013342,0.0],[-20.937917,76.013342,0.0],[-20.937918,76.013073,0.0],[-20.93903,76.013073,0.0],[-20.939031,76.012805,0.0],[-20.941255,76.012805,0.0],[-20.941256,76.012536,0.0],[-20.942368,76.012537,0.0],[-20.942369,76.012268,0.0],[-20.944592,76.012268,0.0],[-20.944591,76.012537,0.0],[-20.945703,76.012537,0.0],[-20.9457,76.013344,0.0],[-20.944588,76.013344,0.0],[-20.944584,76.014419,0.0],[-20.943472,76.014419,0.0],[-20.943463,76.016839,0.0],[-20.946799,76.016839,0.0],[-20.946798,76.017108,0.0],[-20.94791,76.017108,0.0],[-20.947909,76.017377,0.0],[-20.950134,76.017378,0.0],[-20.950132,76.017915,0.0],[-20.951244,76.017916,0.0],[-20.951243,76.018185,0.0],[-20.949019,76.018184,0.0],[-20.94902,76.017915,0.0],[-20.946795,76.017915,0.0],[-20.946796,76.017646,0.0],[-20.945684,76.017646,0.0],[-20.945685,76.017377,0.0],[-20.94346,76.017376,0.0],[-20.943461,76.017107,0.0],[-20.942349,76.017107,0.0],[-20.942348,76.017376,0.0],[-20.941236,76.017376,0.0],[-20.941231,76.018451,0.0],[-20.943456,76.018452,0.0],[-20.943455,76.018721,0.0],[-20.944567,76.018721,0.0],[-20.944565,76.019259,0.0],[-20.945678,76.019259,0.0],[-20.945677,76.019528,0.0],[-20.946789,76.019528,0.0],[-20.946788,76.019797,0.0],[-20.947901,76.019797,0.0],[-20.947899,76.020335,0.0],[-20.950124,76.020335,0.0],[-20.950123,76.020604,0.0],[-20.952348,76.020604,0.0],[-20.952347,76.020873,0.0],[-20.953459,76.020874,0.0],[-20.953458,76.021142,0.0],[-20.955684,76.021143,0.0],[-20.955682,76.02168,0.0],[-20.954569,76.02168,0.0],[-20.954568,76.022218,0.0],[-20.953455,76.022218,0.0],[-20.953454,76.022487,0.0],[-20.954567,76.022487,0.0],[-20.954566,76.022756,0.0],[-20.961242,76.022757,0.0],[-20.961241,76.023026,0.0],[-20.963467,76.023026,0.0],[-20.963466,76.023295,0.0],[-20.964579,76.023295,0.0],[-20.964578,76.023564,0.0],[-20.965691,76.023564,0.0],[-20.96569,76.023833,0.0],[-20.966803,76.023833,0.0],[-20.966802,76.024102,0.0],[-20.967915,76.024102,0.0],[-20.967914,76.024371,0.0],[-20.97014,76.024371,0.0],[-20.970139,76.02464,0.0],[-20.973478,76.024641,0.0],[-20.973477,76.024909,0.0],[-20.97459,76.024909,0.0],[-20.974589,76.025447,0.0],[-20.975702,76.025447,0.0],[-20.975702,76.025716,0.0],[-20.981266,76.025717,0.0],[-20.981266,76.025986,0.0],[-20.983492,76.025986,0.0],[-20.983491,76.026255,0.0],[-20.984604,76.026255,0.0],[-20.984604,76.026523,0.0],[-20.98683,76.026524,0.0],[-20.98683,76.026792,0.0],[-20.987943,76.026792,0.0],[-20.987942,76.027061,0.0],[-20.989055,76.027061,0.0],[-20.989055,76.02733,0.0],[-20.990168,76.02733,0.0],[-20.990168,76.027599,0.0],[-20.991281,76.027599,0.0],[-20.991281,76.027868,0.0],[-20.992394,76.027868,0.0],[-20.992394,76.028406,0.0],[-20.993507,76.028406,0.0],[-20.993506,76.029212,0.0],[-20.99462,76.029212,0.0],[-20.994619,76.02975,0.0],[-20.995733,76.02975,0.0],[-20.995732,76.030288,0.0],[-20.996846,76.030288,0.0],[-20.996846,76.030826,0.0],[-20.999072,76.030826,0.0],[-20.999072,76.031095,0.0],[-21.010205,76.031094,0.0],[-21.010205,76.030825,0.0],[-21.015772,76.030825,0.0],[-21.015772,76.031094,0.0],[-21.016885,76.031094,0.0],[-21.016885,76.030825,0.0],[-21.019112,76.030825,0.0],[-21.019111,76.030556,0.0],[-21.017998,76.030556,0.0],[-21.017997,76.030018,0.0],[-21.021337,76.030018,0.0],[-21.021338,76.030287,0.0],[-21.023564,76.030287,0.0],[-21.023564,76.030556,0.0],[-21.030244,76.030555,0.0],[-21.030244,76.030286,0.0],[-21.03247,76.030286,0.0],[-21.03247,76.030017,0.0],[-21.033583,76.030017,0.0],[-21.033582,76.029748,0.0],[-21.035809,76.029748,0.0],[-21.035808,76.029479,0.0],[-21.038034,76.029478,0.0],[-21.038034,76.029373,0.0],[-21.041907,76.029788,0.0],[-21.04053,76.030537,0.0],[-21.043629,76.03087,0.0],[-21.042252,76.031618,0.0],[-21.054651,76.032948,0.0],[-21.053274,76.033696,0.0],[-21.056374,76.034029,0.0],[-21.054998,76.034777,0.0],[-21.058098,76.03511,0.0],[-21.056721,76.035858,0.0],[-21.059822,76.036191,0.0],[-21.058445,76.036939,0.0],[-21.064648,76.037604,0.0],[-21.063271,76.038353,0.0],[-21.069474,76.039017,0.0],[-21.068098,76.039766,0.0],[-21.071199,76.040098,0.0],[-21.069823,76.040846,0.0],[-21.076028,76.041511,0.0],[-21.074651,76.04226,0.0],[-21.068446,76.041595,0.0],[-21.067069,76.042344,0.0],[-21.063967,76.042011,0.0],[-21.06259,76.04276,0.0],[-21.059487,76.042428,0.0],[-21.053977,76.045422,0.0],[-21.060183,76.046087,0.0],[-21.057427,76.047584,0.0],[-21.060531,76.047916,0.0],[-21.057775,76.049413,0.0],[-21.054671,76.049081,0.0],[-21.051914,76.050578,0.0],[-21.045706,76.049913,0.0],[-21.042948,76.05141,0.0],[-21.039845,76.051077,0.0],[-21.038465,76.051826,0.0],[-21.035361,76.051493,0.0],[-21.036741,76.050745,0.0],[-21.030534,76.050079,0.0],[-21.031914,76.049331,0.0],[-21.028811,76.048998,0.0],[-21.026051,76.050495,0.0],[-21.019845,76.049829,0.0],[-21.021225,76.049081,0.0],[-21.018122,76.048748,0.0],[-21.016742,76.049497,0.0],[-21.015484,76.049362,0.0],[-21.013639,76.049164,0.0],[-21.012258,76.049912,0.0],[-21.009156,76.049579,0.0],[-21.00225,76.05332,0.0],[-20.996043,76.052654,0.0],[-20.997425,76.051906,0.0],[-20.988117,76.050906,0.0],[-20.985353,76.052402,0.0],[-20.988456,76.052736,0.0],[-20.987073,76.053484,0.0],[-20.98397,76.053151,0.0],[-20.982588,76.053899,0.0],[-20.979485,76.053565,0.0],[-20.975336,76.05581,0.0],[-20.972233,76.055476,0.0],[-20.970849,76.056224,0.0],[-20.967746,76.055891,0.0],[-20.966362,76.056639,0.0],[-20.957803,76.055718,0.0]],[[-20.945562,76.04964,0.0],[-20.945563,76.049371,0.0],[-20.948907,76.049371,0.0],[-20.948908,76.049103,0.0],[-20.950023,76.049103,0.0],[-20.950024,76.048834,0.0],[-20.951138,76.048834,0.0],[-20.951139,76.048565,0.0],[-20.953369,76.048566,0.0],[-20.95337,76.048297,0.0],[-20.954484,76.048297,0.0],[-20.954485,76.048028,0.0],[-20.9556,76.048028,0.0],[-20.955602,76.047222,0.0],[-20.956717,76.047222,0.0],[-20.956721,76.045878,0.0],[-20.957836,76.045878,0.0],[-20.957844,76.042921,0.0],[-20.958959,76.042921,0.0],[-20.95896,76.042383,0.0],[-20.960074,76.042383,0.0],[-20.960075,76.042114,0.0],[-20.961189,76.042115,0.0],[-20.961191,76.041577,0.0],[-20.962305,76.041577,0.0],[-20.962306,76.041039,0.0],[-20.96342,76.041039,0.0],[-20.963421,76.040771,0.0],[-20.964535,76.040771,0.0],[-20.964536,76.040233,0.0],[-20.96565,76.040233,0.0],[-20.965651,76.039964,0.0],[-20.966765,76.039965,0.0],[-20.966766,76.039696,0.0],[-20.96788,76.039696,0.0],[-20.96788,76.039427,0.0],[-20.968994,76.039427,0.0],[-20.968995,76.039158,0.0],[-20.970109,76.039158,0.0],[-20.970109,76.03889,0.0],[-20.972337,76.03889,0.0],[-20.972337,76.039159,0.0],[-20.973451,76.039159,0.0],[-20.97345,76.039428,0.0],[-20.974564,76.039428,0.0],[-20.974565,76.039159,0.0],[-20.975679,76.039159,0.0],[-20.975679,76.03889,0.0],[-20.977907,76.03889,0.0],[-20.977907,76.038621,0.0],[-20.980135,76.038622,0.0],[-20.980136,76.038353,0.0],[-20.981249,76.038353,0.0],[-20.98125,76.038084,0.0],[-20.983478,76.038084,0.0],[-20.983478,76.037547,0.0],[-20.984592,76.037547,0.0],[-20.984592,76.037278,0.0],[-20.985706,76.037278,0.0],[-20.985706,76.037009,0.0],[-20.98682,76.037009,0.0],[-20.986821,76.035934,0.0],[-20.985707,76.035934,0.0],[-20.985708,76.035396,0.0],[-20.984594,76.035396,0.0],[-20.984595,76.034589,0.0],[-20.983482,76.034589,0.0],[-20.983483,76.033783,0.0],[-20.982369,76.033782,0.0],[-20.982369,76.033514,0.0],[-20.980142,76.033513,0.0],[-20.980143,76.032707,0.0],[-20.981257,76.032707,0.0],[-20.981258,76.0319,0.0],[-20.980145,76.0319,0.0],[-20.980146,76.031094,0.0],[-20.979032,76.031094,0.0],[-20.979033,76.030825,0.0],[-20.976806,76.030825,0.0],[-20.976807,76.030556,0.0],[-20.975693,76.030556,0.0],[-20.975692,76.031362,0.0],[-20.973465,76.031362,0.0],[-20.973466,76.030824,0.0],[-20.972353,76.030824,0.0],[-20.972353,76.030555,0.0],[-20.9679,76.030555,0.0],[-20.967901,76.030286,0.0],[-20.963448,76.030285,0.0],[-20.963449,76.030016,0.0],[-20.962335,76.030016,0.0],[-20.962336,76.029747,0.0],[-20.961223,76.029747,0.0],[-20.961224,76.029478,0.0],[-20.96011,76.029478,0.0],[-20.960111,76.029209,0.0],[-20.958998,76.029209,0.0],[-20.958999,76.02894,0.0],[-20.955659,76.02894,0.0],[-20.955658,76.029208,0.0],[-20.954545,76.029208,0.0],[-20.954546,76.028939,0.0],[-20.953433,76.028939,0.0],[-20.953434,76.02867,0.0],[-20.947868,76.028669,0.0],[-20.947871,76.027863,0.0],[-20.945645,76.027862,0.0],[-20.945646,76.027593,0.0],[-20.936742,76.027591,0.0],[-20.93674,76.02786,0.0],[-20.934514,76.027859,0.0],[-20.934513,76.028128,0.0],[-20.9334,76.028128,0.0],[-20.93339,76.030279,0.0],[-20.932277,76.030279,0.0],[-20.932266,76.032429,0.0],[-20.931153,76.032429,0.0],[-20.93115,76.032967,0.0],[-20.930037,76.032966,0.0],[-20.930034,76.033504,0.0],[-20.928921,76.033504,0.0],[-20.928919,76.033773,0.0],[-20.927806,76.033772,0.0],[-20.927803,76.03431,0.0],[-20.92669,76.03431,0.0],[-20.926687,76.034848,0.0],[-20.925573,76.034847,0.0],[-20.925569,76.035654,0.0],[-20.926683,76.035654,0.0],[-20.926681,76.035923,0.0],[-20.92668,76.036192,0.0],[-20.927794,76.036192,0.0],[-20.931135,76.036193,0.0],[-20.931136,76.035924,0.0],[-20.933364,76.035925,0.0],[-20.933365,76.035656,0.0],[-20.935592,76.035657,0.0],[-20.935593,76.035388,0.0],[-20.936707,76.035388,0.0],[-20.936708,76.035119,0.0],[-20.937822,76.035119,0.0],[-20.937823,76.034851,0.0],[-20.938937,76.034851,0.0],[-20.938939,76.034313,0.0],[-20.940052,76.034313,0.0],[-20.940054,76.034045,0.0],[-20.941167,76.034045,0.0],[-20.941168,76.033776,0.0],[-20.943395,76.033777,0.0],[-20.944509,76.033777,0.0],[-20.94451,76.033508,0.0],[-20.946737,76.033508,0.0],[-20.946738,76.03324,0.0],[-20.947851,76.03324,0.0],[-20.947852,76.032971,0.0],[-20.951193,76.032972,0.0],[-20.951192,76.03324,0.0],[-20.952305,76.033241,0.0],[-20.952305,76.03351,0.0],[-20.953418,76.03351,0.0],[-20.953417,76.033779,0.0],[-20.955644,76.033779,0.0],[-20.955643,76.034048,0.0],[-20.956757,76.034048,0.0],[-20.956756,76.034317,0.0],[-20.95787,76.034317,0.0],[-20.957869,76.034586,0.0],[-20.960096,76.034586,0.0],[-20.960097,76.034318,0.0],[-20.965665,76.034318,0.0],[-20.965662,76.035394,0.0],[-20.963435,76.035393,0.0],[-20.963431,76.036738,0.0],[-20.964545,76.036738,0.0],[-20.964544,76.037276,0.0],[-20.961202,76.037275,0.0],[-20.961199,76.038351,0.0],[-20.960086,76.03835,0.0],[-20.960085,76.038619,0.0],[-20.958971,76.038619,0.0],[-20.95897,76.038888,0.0],[-20.957856,76.038888,0.0],[-20.957855,76.039157,0.0],[-20.956741,76.039156,0.0],[-20.956741,76.039425,0.0],[-20.956738,76.040232,0.0],[-20.955624,76.040232,0.0],[-20.955622,76.040769,0.0],[-20.956737,76.04077,0.0],[-20.956735,76.041307,0.0],[-20.954507,76.041307,0.0],[-20.954505,76.041845,0.0],[-20.953391,76.041844,0.0],[-20.953389,76.042382,0.0],[-20.952275,76.042382,0.0],[-20.952274,76.042651,0.0],[-20.95116,76.04265,0.0],[-20.951159,76.042919,0.0],[-20.950045,76.042919,0.0],[-20.950044,76.043188,0.0],[-20.947815,76.043187,0.0],[-20.947814,76.043456,0.0],[-20.9467,76.043456,0.0],[-20.946699,76.043725,0.0],[-20.945584,76.043725,0.0],[-20.945583,76.043994,0.0],[-20.944469,76.043993,0.0],[-20.944467,76.044531,0.0],[-20.940009,76.04453,0.0],[-20.938895,76.04453,0.0],[-20.938896,76.044261,0.0],[-20.937782,76.044261,0.0],[-20.937784,76.043723,0.0],[-20.93667,76.043723,0.0],[-20.936671,76.043454,0.0],[-20.935557,76.043453,0.0],[-20.934443,76.043453,0.0],[-20.934444,76.043184,0.0],[-20.93333,76.043184,0.0],[-20.933331,76.042915,0.0],[-20.929988,76.042914,0.0],[-20.929987,76.043183,0.0],[-20.928872,76.043183,0.0],[-20.92887,76.04372,0.0],[-20.928868,76.043989,0.0],[-20.929983,76.04399,0.0],[-20.929981,76.044258,0.0],[-20.931096,76.044259,0.0],[-20.931095,76.044528,0.0],[-20.933323,76.044528,0.0],[-20.933322,76.044797,0.0],[-20.934436,76.044797,0.0],[-20.934435,76.045066,0.0],[-20.93555,76.045067,0.0],[-20.935548,76.045335,0.0],[-20.935547,76.045604,0.0],[-20.940005,76.045605,0.0],[-20.940004,76.045874,0.0],[-20.941118,76.045875,0.0],[-20.941117,76.046143,0.0],[-20.942232,76.046144,0.0],[-20.942231,76.046413,0.0],[-20.946689,76.046414,0.0],[-20.94669,76.046145,0.0],[-20.948919,76.046145,0.0],[-20.948916,76.046952,0.0],[-20.947801,76.046951,0.0],[-20.947799,76.047489,0.0],[-20.946685,76.047489,0.0],[-20.946684,76.047758,0.0],[-20.944454,76.047757,0.0],[-20.944453,76.048026,0.0],[-20.943339,76.048026,0.0],[-20.943338,76.048295,0.0],[-20.942223,76.048295,0.0],[-20.942222,76.048563,0.0],[-20.941107,76.048563,0.0],[-20.941106,76.048832,0.0],[-20.941105,76.049101,0.0],[-20.94222,76.049101,0.0],[-20.942218,76.049639,0.0],[-20.941103,76.049639,0.0],[-20.941102,76.049907,0.0],[-20.941101,76.050176,0.0],[-20.94333,76.050177,0.0],[-20.943331,76.049908,0.0],[-20.944446,76.049908,0.0],[-20.944447,76.049639,0.0],[-20.945562,76.04964,0.0]]]}},{"type":"Feature","properties":{"rgi_id":"RGI2000-v7.0-G-05-15669","o1region":"05"},"geometry":{"type":"Polygon","coordinates":[[[-20.839966,76.086775,0.0],[-20.836409,76.084184,0.0],[-20.837941,76.082547,0.0],[-20.856859,76.082558,0.0],[-20.867455,76.082382,0.0],[-20.875781,76.082022,0.0],[-20.885626,76.081117,0.0],[-20.893203,76.079664,0.0],[-20.903053,76.077483,0.0],[-20.905339,76.074935,0.0],[-20.90838,76.072569,0.0],[-20.912173,76.070567,0.0],[-20.915963,76.06893,0.0],[-20.922019,76.067475,0.0],[-20.93261,76.065658,0.0],[-20.944708,76.064568,0.0],[-20.946988,76.061109,0.0],[-20.955307,76.058744,0.0],[-20.956825,76.056377,0.0],[-20.957803,76.055718,0.0],[-20.966362,76.056639,0.0],[-20.967746,76.055891,0.0],[-20.970849,76.056224,0.0],[-20.972233,76.055476,0.0],[-20.975336,76.05581,0.0],[-20.979485,76.053565,0.0],[-20.982588,76.053899,0.0],[-20.98397,76.053151,0.0],[-20.987073,76.053484,0.0],[-20.988456,76.052736,0.0],[-20.985353,76.052402,0.0],[-20.988117,76.050906,0.0],[-20.997425,76.051906,0.0],[-20.996043,76.052654,0.0],[-21.00225,76.05332,0.0],[-21.009156,76.049579,0.0],[-21.012258,76.049912,0.0],[-21.013639,76.049164,0.0],[-21.015484,76.049362,0.0],[-21.025976,76.052039,0.0],[-21.047241,76.059434,0.0],[-21.051974,76.062468,0.0],[-21.056712,76.066071,0.0],[-21.056727,76.069865,0.0],[-21.052801,76.07309,0.0],[-21.046506,76.075368,0.0],[-21.040211,76.078404,0.0],[-21.031545,76.080302,0.0],[-21.021302,76.08239,0.0],[-21.019418,76.082714,0.0],[-21.019182,76.082714,0.0],[-21.019181,76.082445,0.0],[-21.016946,76.082445,0.0],[-21.016947,76.082714,0.0],[-21.014712,76.082714,0.0],[-21.012477,76.082715,0.0],[-21.01136,76.082715,0.0],[-21.01136,76.082446,0.0],[-21.010242,76.082446,0.0],[-21.010243,76.082715,0.0],[-21.010243,76.082984,0.0],[-21.012478,76.082983,0.0],[-21.012478,76.08379,0.0],[-21.010243,76.08379,0.0],[-21.010243,76.083521,0.0],[-21.009126,76.083521,0.0],[-21.009126,76.083252,0.0],[-21.004656,76.083253,0.0],[-21.003538,76.083253,0.0],[-21.003539,76.083521,0.0],[-21.002421,76.083521,0.0],[-21.001304,76.083521,0.0],[-21.001304,76.08379,0.0],[-20.999069,76.08379,0.0],[-20.999069,76.084059,0.0],[-20.994599,76.084059,0.0],[-20.994599,76.08379,0.0],[-20.993482,76.08379,0.0],[-20.993482,76.083521,0.0],[-20.992364,76.083521,0.0],[-20.992364,76.08379,0.0],[-20.992364,76.084328,0.0],[-20.991246,76.084328,0.0],[-20.991246,76.084597,0.0],[-20.990129,76.084597,0.0],[-20.990128,76.084866,0.0],[-20.989011,76.084865,0.0],[-20.989011,76.085134,0.0],[-20.987893,76.085134,0.0],[-20.987893,76.085672,0.0],[-20.987892,76.085941,0.0],[-20.986775,76.085941,0.0],[-20.986774,76.086479,0.0],[-20.985657,76.086478,0.0],[-20.985656,76.086747,0.0],[-20.984539,76.086747,0.0],[-20.984538,76.087016,0.0],[-20.982303,76.087016,0.0],[-20.982303,76.087285,0.0],[-20.981185,76.087285,0.0],[-20.981184,76.087822,0.0],[-20.981183,76.08836,0.0],[-20.978948,76.08836,0.0],[-20.978947,76.088629,0.0],[-20.97783,76.088629,0.0],[-20.976712,76.088629,0.0],[-20.976711,76.088897,0.0],[-20.975593,76.088897,0.0],[-20.975593,76.089166,0.0],[-20.974475,76.089166,0.0],[-20.974475,76.089435,0.0],[-20.973357,76.089435,0.0],[-20.973356,76.089704,0.0],[-20.972238,76.089704,0.0],[-20.972238,76.089972,0.0],[-20.97112,76.089972,0.0],[-20.971119,76.090241,0.0],[-20.970001,76.090241,0.0],[-20.968883,76.090241,0.0],[-20.968883,76.09051,0.0],[-20.967765,76.09051,0.0],[-20.967764,76.090778,0.0],[-20.967764,76.091047,0.0],[-20.966646,76.091047,0.0],[-20.966645,76.091316,0.0],[-20.965527,76.091316,0.0],[-20.964409,76.091316,0.0],[-20.964408,76.091585,0.0],[-20.964407,76.091853,0.0],[-20.963289,76.091853,0.0],[-20.963289,76.092122,0.0],[-20.962171,76.092122,0.0],[-20.96217,76.092391,0.0],[-20.962168,76.093197,0.0],[-20.96105,76.093197,0.0],[-20.961046,76.094541,0.0],[-20.956573,76.094541,0.0],[-20.956572,76.09481,0.0],[-20.955453,76.094809,0.0],[-20.954335,76.094809,0.0],[-20.954334,76.095078,0.0],[-20.953216,76.095078,0.0],[-20.953215,76.095347,0.0],[-20.952097,76.095346,0.0],[-20.952095,76.095884,0.0],[-20.950976,76.095884,0.0],[-20.950976,76.096153,0.0],[-20.949857,76.096153,0.0],[-20.949853,76.097228,0.0],[-20.948735,76.097228,0.0],[-20.948734,76.097497,0.0],[-20.948733,76.097765,0.0],[-20.947614,76.097765,0.0],[-20.945377,76.097765,0.0],[-20.945378,76.097496,0.0],[-20.943141,76.097495,0.0],[-20.943142,76.097227,0.0],[-20.93755,76.097225,0.0],[-20.937548,76.097494,0.0],[-20.93643,76.097494,0.0],[-20.936429,76.097763,0.0],[-20.934192,76.097762,0.0],[-20.93419,76.098031,0.0],[-20.933072,76.098031,0.0],[-20.933071,76.098299,0.0],[-20.931952,76.098299,0.0],[-20.931951,76.098568,0.0],[-20.930832,76.098568,0.0],[-20.930831,76.098836,0.0],[-20.928593,76.098836,0.0],[-20.928592,76.099105,0.0],[-20.926355,76.099104,0.0],[-20.926356,76.098835,0.0],[-20.923,76.098834,0.0],[-20.923002,76.098565,0.0],[-20.919646,76.098564,0.0],[-20.919644,76.098833,0.0],[-20.917407,76.098832,0.0],[-20.917406,76.099101,0.0],[-20.916287,76.099101,0.0],[-20.916285,76.09937,0.0],[-20.915167,76.099369,0.0],[-20.915165,76.099638,0.0],[-20.914046,76.099638,0.0],[-20.914045,76.099907,0.0],[-20.90957,76.099905,0.0],[-20.909568,76.100174,0.0],[-20.907331,76.100173,0.0],[-20.907332,76.099904,0.0],[-20.906214,76.099904,0.0],[-20.906215,76.099635,0.0],[-20.907334,76.099635,0.0],[-20.907336,76.099366,0.0],[-20.909573,76.099367,0.0],[-20.909575,76.099098,0.0],[-20.91405,76.0991,0.0],[-20.914051,76.098831,0.0],[-20.91517,76.098832,0.0],[-20.915173,76.098294,0.0],[-20.916292,76.098294,0.0],[-20.916293,76.098025,0.0],[-20.917412,76.098026,0.0],[-20.917413,76.097757,0.0],[-20.918532,76.097757,0.0],[-20.918533,76.097488,0.0],[-20.92077,76.097489,0.0],[-20.920772,76.09722,0.0],[-20.921891,76.097221,0.0],[-20.921892,76.096952,0.0],[-20.925247,76.096953,0.0],[-20.925249,76.096684,0.0],[-20.927486,76.096685,0.0],[-20.928604,76.096685,0.0],[-20.928606,76.096416,0.0],[-20.930843,76.096417,0.0],[-20.930844,76.096148,0.0],[-20.931962,76.096148,0.0],[-20.931964,76.095879,0.0],[-20.933082,76.09588,0.0],[-20.9342,76.09588,0.0],[-20.934202,76.095611,0.0],[-20.93532,76.095611,0.0],[-20.935321,76.095343,0.0],[-20.93644,76.095343,0.0],[-20.936441,76.095074,0.0],[-20.937559,76.095074,0.0],[-20.93756,76.094805,0.0],[-20.938679,76.094806,0.0],[-20.93868,76.094537,0.0],[-20.939798,76.094537,0.0],[-20.939799,76.094268,0.0],[-20.940918,76.094269,0.0],[-20.940919,76.094,0.0],[-20.942037,76.094,0.0],[-20.942038,76.093731,0.0],[-20.943156,76.093731,0.0],[-20.943157,76.093463,0.0],[-20.943158,76.093194,0.0],[-20.944277,76.093194,0.0],[-20.944279,76.092656,0.0],[-20.942042,76.092656,0.0],[-20.942041,76.092925,0.0],[-20.940923,76.092924,0.0],[-20.940922,76.093193,0.0],[-20.933095,76.093191,0.0],[-20.933096,76.092922,0.0],[-20.931978,76.092922,0.0],[-20.931979,76.092653,0.0],[-20.930861,76.092653,0.0],[-20.930862,76.092384,0.0],[-20.929744,76.092384,0.0],[-20.929747,76.091846,0.0],[-20.928629,76.091846,0.0],[-20.928633,76.091039,0.0],[-20.927515,76.091039,0.0],[-20.927516,76.09077,0.0],[-20.926398,76.09077,0.0],[-20.926401,76.090232,0.0],[-20.925283,76.090231,0.0],[-20.925286,76.089694,0.0],[-20.924168,76.089693,0.0],[-20.924169,76.089425,0.0],[-20.923051,76.089424,0.0],[-20.923054,76.088887,0.0],[-20.924172,76.088887,0.0],[-20.924174,76.088618,0.0],[-20.923056,76.088618,0.0],[-20.923059,76.08808,0.0],[-20.921941,76.08808,0.0],[-20.921942,76.087811,0.0],[-20.920825,76.08781,0.0],[-20.920826,76.087542,0.0],[-20.919708,76.087541,0.0],[-20.91971,76.087272,0.0],[-20.916357,76.087271,0.0],[-20.916355,76.08754,0.0],[-20.910766,76.087538,0.0],[-20.91077,76.087,0.0],[-20.911887,76.087001,0.0],[-20.911889,76.086732,0.0],[-20.913007,76.086732,0.0],[-20.913008,76.086463,0.0],[-20.911891,76.086463,0.0],[-20.911892,76.086194,0.0],[-20.910775,76.086194,0.0],[-20.909657,76.086193,0.0],[-20.909655,76.086462,0.0],[-20.908538,76.086462,0.0],[-20.908536,76.086731,0.0],[-20.908533,76.087268,0.0],[-20.906297,76.087268,0.0],[-20.905179,76.087267,0.0],[-20.905181,76.086998,0.0],[-20.904063,76.086998,0.0],[-20.902946,76.086997,0.0],[-20.902948,76.086729,0.0],[-20.90183,76.086728,0.0],[-20.901828,76.086997,0.0],[-20.90071,76.086997,0.0],[-20.900708,76.087265,0.0],[-20.897355,76.087264,0.0],[-20.897353,76.087533,0.0],[-20.896236,76.087532,0.0],[-20.896234,76.087801,0.0],[-20.895116,76.087801,0.0],[-20.895106,76.089145,0.0],[-20.893988,76.089145,0.0],[-20.893986,76.089413,0.0],[-20.892868,76.089413,0.0],[-20.892866,76.089682,0.0],[-20.892862,76.090219,0.0],[-20.891744,76.090219,0.0],[-20.891742,76.090488,0.0],[-20.890624,76.090487,0.0],[-20.890622,76.090756,0.0],[-20.889504,76.090756,0.0],[-20.888386,76.090755,0.0],[-20.888384,76.091024,0.0],[-20.883912,76.091022,0.0],[-20.883914,76.090753,0.0],[-20.882796,76.090753,0.0],[-20.882798,76.090484,0.0],[-20.88168,76.090483,0.0],[-20.881682,76.090214,0.0],[-20.880564,76.090214,0.0],[-20.880569,76.089676,0.0],[-20.880571,76.089407,0.0],[-20.878335,76.089406,0.0],[-20.878333,76.089675,0.0],[-20.876097,76.089674,0.0],[-20.876102,76.089136,0.0],[-20.874984,76.089136,0.0],[-20.874989,76.088598,0.0],[-20.876107,76.088598,0.0],[-20.876109,76.08833,0.0],[-20.874991,76.088329,0.0],[-20.874994,76.08806,0.0],[-20.873876,76.08806,0.0],[-20.873878,76.087791,0.0],[-20.870525,76.087789,0.0],[-20.870522,76.088058,0.0],[-20.866051,76.088055,0.0],[-20.866049,76.088324,0.0],[-20.863813,76.088323,0.0],[-20.863818,76.087785,0.0],[-20.862701,76.087785,0.0],[-20.862703,76.087516,0.0],[-20.862706,76.087247,0.0],[-20.861588,76.087246,0.0],[-20.861591,76.086978,0.0],[-20.860473,76.086977,0.0],[-20.860476,76.086708,0.0],[-20.85824,76.086707,0.0],[-20.858238,76.086976,0.0],[-20.858235,76.087244,0.0],[-20.858229,76.087782,0.0],[-20.858227,76.088051,0.0],[-20.857109,76.08805,0.0],[-20.857106,76.088319,0.0],[-20.855989,76.088319,0.0],[-20.855986,76.088587,0.0],[-20.856015,76.088587,0.0],[-20.852731,76.089123,0.0],[-20.852627,76.089123,0.0],[-20.849273,76.089121,0.0],[-20.849276,76.088852,0.0],[-20.848158,76.088852,0.0],[-20.848161,76.088583,0.0],[-20.847043,76.088582,0.0],[-20.847046,76.088313,0.0],[-20.846268,76.088313,0.0],[-20.845929,76.088214,0.0],[-20.843483,76.087504,0.0],[-20.841445,76.086913,0.0],[-20.839966,76.086775,0.0]],[[-21.041476,76.064698,0.0],[-21.041476,76.064429,0.0],[-21.042591,76.064429,0.0],[-21.04259,76.063891,0.0],[-21.041474,76.063891,0.0],[-21.041468,76.062009,0.0],[-21.041468,76.061741,0.0],[-21.040352,76.061741,0.0],[-21.039236,76.061741,0.0],[-21.039238,76.062279,0.0],[-21.038122,76.062279,0.0],[-21.038124,76.063085,0.0],[-21.037008,76.063086,0.0],[-21.03701,76.063623,0.0],[-21.035894,76.063624,0.0],[-21.035895,76.063892,0.0],[-21.034779,76.063893,0.0],[-21.034779,76.064161,0.0],[-21.033663,76.064162,0.0],[-21.033664,76.06443,0.0],[-21.032548,76.064431,0.0],[-21.032549,76.064699,0.0],[-21.032549,76.064968,0.0],[-21.039245,76.064967,0.0],[-21.039244,76.064698,0.0],[-21.041476,76.064698,0.0]]]}},{"type":"Feature","properties":{"rgi_id":"RGI2000-v7.0-G-05-15670","o1region":"05"},"geometry":{"type":"Polygon","coordinates":[[[-21.006043,76.085135,0.0],[-21.010244,76.084292,0.0],[-21.010244,76.084597,0.0],[-21.011361,76.084597,0.0],[-21.011362,76.084865,0.0],[-21.013597,76.084865,0.0],[-21.013596,76.084328,0.0],[-21.013596,76.08379,0.0],[-21.015831,76.08379,0.0],[-21.016948,76.08379,0.0],[-21.016948,76.084059,0.0],[-21.018066,76.084059,0.0],[-21.018066,76.084327,0.0],[-21.020301,76.084327,0.0],[-21.020302,76.084596,0.0],[-21.021419,76.084596,0.0],[-21.02142,76.084865,0.0],[-21.022537,76.084865,0.0],[-21.022538,76.085671,0.0],[-21.021421,76.085671,0.0],[-21.021421,76.08594,0.0],[-21.020304,76.08594,0.0],[-21.020304,76.086209,0.0],[-21.018069,76.086209,0.0],[-21.018069,76.086478,0.0],[-21.016951,76.086478,0.0],[-21.015834,76.086478,0.0],[-21.015834,76.086747,0.0],[-21.014716,76.086747,0.0],[-21.013599,76.086747,0.0],[-21.011363,76.086747,0.0],[-21.011364,76.087554,0.0],[-21.010246,76.087554,0.0],[-21.010246,76.087823,0.0],[-21.008011,76.087823,0.0],[-21.008011,76.087554,0.0],[-21.006893,76.087554,0.0],[-21.006893,76.087285,0.0],[-21.005775,76.087285,0.0],[-21.005775,76.087017,0.0],[-21.006893,76.087016,0.0],[-21.006892,76.086748,0.0],[-21.00801,76.086748,0.0],[-21.00801,76.086479,0.0],[-21.010245,76.086479,0.0],[-21.010245,76.085941,0.0],[-21.009127,76.085941,0.0],[-21.009127,76.085672,0.0],[-21.006892,76.085672,0.0],[-21.006892,76.085135,0.0],[-21.006043,76.085135,0.0]]]}},{"type":"Feature","properties":{"rgi_id":"RGI2000-v7.0-G-05-15671","o1region":"05"},"geometry":{"type":"Polygon","coordinates":[[[-21.059678,76.147292,0.0],[-21.059678,76.147233,0.0],[-21.058556,76.147233,0.0],[-21.058554,76.146964,0.0],[-21.058553,76.146695,0.0],[-21.057431,76.146696,0.0],[-21.057429,76.146158,0.0],[-21.056306,76.146158,0.0],[-21.056305,76.145889,0.0],[-21.057428,76.145889,0.0],[-21.057426,76.14562,0.0],[-21.057425,76.145351,0.0],[-21.056303,76.145352,0.0],[-21.056301,76.144814,0.0],[-21.055179,76.144814,0.0],[-21.055178,76.144545,0.0],[-21.054055,76.144546,0.0],[-21.054054,76.144277,0.0],[-21.052932,76.144277,0.0],[-21.052931,76.144008,0.0],[-21.046198,76.14401,0.0],[-21.046197,76.143741,0.0],[-21.045075,76.143741,0.0],[-21.045072,76.142934,0.0],[-21.047316,76.142934,0.0],[-21.047317,76.143203,0.0],[-21.048439,76.143203,0.0],[-21.048439,76.142934,0.0],[-21.049561,76.142933,0.0],[-21.049559,76.142396,0.0],[-21.048437,76.142396,0.0],[-21.048434,76.141589,0.0],[-21.049556,76.141589,0.0],[-21.049553,76.140783,0.0],[-21.050675,76.140782,0.0],[-21.05067,76.139438,0.0],[-21.049548,76.139438,0.0],[-21.048427,76.139439,0.0],[-21.048428,76.139707,0.0],[-21.04394,76.139708,0.0],[-21.043938,76.139171,0.0],[-21.043938,76.138902,0.0],[-21.045059,76.138901,0.0],[-21.045058,76.138364,0.0],[-21.043936,76.138364,0.0],[-21.043935,76.138095,0.0],[-21.041692,76.138096,0.0],[-21.031596,76.138097,0.0],[-21.029352,76.138097,0.0],[-21.029353,76.138366,0.0],[-21.028231,76.138366,0.0],[-21.028232,76.138635,0.0],[-21.02711,76.138635,0.0],[-21.02711,76.138904,0.0],[-21.025989,76.138904,0.0],[-21.025989,76.139173,0.0],[-21.018136,76.139174,0.0],[-21.018137,76.139443,0.0],[-21.017015,76.139443,0.0],[-21.017015,76.139712,0.0],[-21.015893,76.139712,0.0],[-21.015894,76.139981,0.0],[-21.014772,76.139981,0.0],[-21.014772,76.140249,0.0],[-21.01365,76.140249,0.0],[-21.01365,76.140518,0.0],[-21.012528,76.140518,0.0],[-21.012529,76.141325,0.0],[-21.011407,76.141325,0.0],[-21.011407,76.141863,0.0],[-21.010285,76.141863,0.0],[-21.010286,76.1424,0.0],[-21.009164,76.142401,0.0],[-21.009164,76.142938,0.0],[-21.008042,76.142938,0.0],[-21.008042,76.143476,0.0],[-21.00692,76.143476,0.0],[-21.00692,76.143745,0.0],[-21.005798,76.143745,0.0],[-21.005798,76.144014,0.0],[-21.00692,76.144014,0.0],[-21.00692,76.144283,0.0],[-21.008043,76.144283,0.0],[-21.008043,76.144014,0.0],[-21.009165,76.144014,0.0],[-21.009165,76.144283,0.0],[-21.010287,76.144282,0.0],[-21.010288,76.145089,0.0],[-21.009165,76.145089,0.0],[-21.009166,76.146164,0.0],[-21.006921,76.146165,0.0],[-21.006921,76.145089,0.0],[-21.005799,76.145089,0.0],[-21.005798,76.14482,0.0],[-21.004676,76.14482,0.0],[-21.004676,76.144552,0.0],[-21.001309,76.144552,0.0],[-21.001309,76.14482,0.0],[-20.999065,76.14482,0.0],[-20.999065,76.145089,0.0],[-20.997942,76.145089,0.0],[-20.997942,76.145358,0.0],[-20.99682,76.145358,0.0],[-20.99682,76.145627,0.0],[-20.995698,76.145627,0.0],[-20.995698,76.145896,0.0],[-20.993453,76.145896,0.0],[-20.993453,76.146165,0.0],[-20.991208,76.146165,0.0],[-20.991208,76.146433,0.0],[-20.990085,76.146433,0.0],[-20.990085,76.146702,0.0],[-20.982228,76.146702,0.0],[-20.982228,76.146971,0.0],[-20.976616,76.14697,0.0],[-20.976616,76.146458,0.0],[-20.971146,76.145556,0.0],[-20.970075,76.144012,0.0],[-20.969887,76.144012,0.0],[-20.969888,76.143741,0.0],[-20.969666,76.143422,0.0],[-20.971155,76.141525,0.0],[-20.964723,76.141287,0.0],[-20.963161,76.141412,0.0],[-20.96316,76.14186,0.0],[-20.962038,76.14186,0.0],[-20.962036,76.142398,0.0],[-20.960914,76.142398,0.0],[-20.960913,76.142666,0.0],[-20.959791,76.142666,0.0],[-20.959787,76.144279,0.0],[-20.958664,76.144279,0.0],[-20.958658,76.14643,0.0],[-20.957536,76.14643,0.0],[-20.957536,76.146462,0.0],[-20.951923,76.146553,0.0],[-20.951925,76.14616,0.0],[-20.950802,76.14616,0.0],[-20.950803,76.145891,0.0],[-20.949681,76.145891,0.0],[-20.949682,76.145622,0.0],[-20.948559,76.145622,0.0],[-20.948561,76.145084,0.0],[-20.947439,76.145084,0.0],[-20.94744,76.144815,0.0],[-20.946318,76.144815,0.0],[-20.946321,76.144008,0.0],[-20.945199,76.144008,0.0],[-20.9452,76.143739,0.0],[-20.944077,76.143739,0.0],[-20.944078,76.14347,0.0],[-20.942956,76.14347,0.0],[-20.942957,76.143201,0.0],[-20.941835,76.1432,0.0],[-20.941837,76.142663,0.0],[-20.940715,76.142662,0.0],[-20.940718,76.142125,0.0],[-20.939596,76.142124,0.0],[-20.9396,76.141049,0.0],[-20.938478,76.141049,0.0],[-20.938485,76.139436,0.0],[-20.939607,76.139436,0.0],[-20.939616,76.137285,0.0],[-20.938495,76.137285,0.0],[-20.938498,76.136478,0.0],[-20.937376,76.136478,0.0],[-20.937381,76.135403,0.0],[-20.93626,76.135402,0.0],[-20.936266,76.134058,0.0],[-20.937387,76.134058,0.0],[-20.937403,76.130563,0.0],[-20.936281,76.130563,0.0],[-20.936285,76.129756,0.0],[-20.935164,76.129756,0.0],[-20.935166,76.129218,0.0],[-20.934045,76.129218,0.0],[-20.93405,76.128143,0.0],[-20.932929,76.128142,0.0],[-20.932931,76.127873,0.0],[-20.93181,76.127873,0.0],[-20.931812,76.127335,0.0],[-20.930691,76.127335,0.0],[-20.930694,76.126797,0.0],[-20.929573,76.126797,0.0],[-20.929576,76.126259,0.0],[-20.928455,76.126259,0.0],[-20.928458,76.125721,0.0],[-20.927337,76.125721,0.0],[-20.927338,76.125452,0.0],[-20.926218,76.125452,0.0],[-20.926222,76.124645,0.0],[-20.926223,76.124376,0.0],[-20.925103,76.124376,0.0],[-20.925106,76.123838,0.0],[-20.925107,76.123569,0.0],[-20.923986,76.123569,0.0],[-20.923988,76.1233,0.0],[-20.923992,76.122494,0.0],[-20.922872,76.122493,0.0],[-20.922875,76.121956,0.0],[-20.922877,76.121418,0.0],[-20.922879,76.121149,0.0],[-20.923999,76.121149,0.0],[-20.924002,76.120612,0.0],[-20.922882,76.120611,0.0],[-20.922883,76.120343,0.0],[-20.922886,76.119805,0.0],[-20.921766,76.119804,0.0],[-20.921767,76.119536,0.0],[-20.92177,76.118998,0.0],[-20.92065,76.118998,0.0],[-20.920652,76.118729,0.0],[-20.920653,76.11846,0.0],[-20.919533,76.118459,0.0],[-20.919535,76.118191,0.0],[-20.918414,76.11819,0.0],[-20.918416,76.117921,0.0],[-20.918419,76.117384,0.0],[-20.917299,76.117383,0.0],[-20.917302,76.116846,0.0],[-20.916182,76.116845,0.0],[-20.916185,76.116308,0.0],[-20.915065,76.116307,0.0],[-20.915067,76.116038,0.0],[-20.915068,76.115769,0.0],[-20.913948,76.115769,0.0],[-20.91395,76.1155,0.0],[-20.913953,76.114962,0.0],[-20.912833,76.114962,0.0],[-20.912837,76.114424,0.0],[-20.911717,76.114424,0.0],[-20.91172,76.113886,0.0],[-20.9106,76.113886,0.0],[-20.910604,76.113348,0.0],[-20.909484,76.113348,0.0],[-20.909487,76.11281,0.0],[-20.908368,76.11281,0.0],[-20.908371,76.112272,0.0],[-20.907251,76.112271,0.0],[-20.907253,76.112003,0.0],[-20.906134,76.112002,0.0],[-20.906135,76.111733,0.0],[-20.903896,76.111732,0.0],[-20.901657,76.111732,0.0],[-20.901659,76.111463,0.0],[-20.900539,76.111462,0.0],[-20.900541,76.111193,0.0],[-20.898302,76.111193,0.0],[-20.898303,76.110924,0.0],[-20.896064,76.110923,0.0],[-20.896066,76.110654,0.0],[-20.894947,76.110653,0.0],[-20.894949,76.110385,0.0],[-20.890471,76.110383,0.0],[-20.890473,76.110114,0.0],[-20.885994,76.110112,0.0],[-20.885997,76.109843,0.0],[-20.883758,76.109842,0.0],[-20.88376,76.109573,0.0],[-20.88264,76.109572,0.0],[-20.882643,76.109304,0.0],[-20.880404,76.109302,0.0],[-20.880406,76.109034,0.0],[-20.879286,76.109033,0.0],[-20.879289,76.108764,0.0],[-20.878169,76.108764,0.0],[-20.878174,76.108226,0.0],[-20.877055,76.108225,0.0],[-20.877057,76.107957,0.0],[-20.875938,76.107956,0.0],[-20.875942,76.107418,0.0],[-20.874823,76.107418,0.0],[-20.874828,76.10688,0.0],[-20.873708,76.106879,0.0],[-20.873711,76.106611,0.0],[-20.872592,76.10661,0.0],[-20.872594,76.106341,0.0],[-20.871475,76.106341,0.0],[-20.87148,76.105803,0.0],[-20.87036,76.105802,0.0],[-20.870363,76.105533,0.0],[-20.869244,76.105533,0.0],[-20.869246,76.105264,0.0],[-20.868127,76.105263,0.0],[-20.868137,76.104188,0.0],[-20.873732,76.104191,0.0],[-20.873735,76.103922,0.0],[-20.874854,76.103923,0.0],[-20.875973,76.103923,0.0],[-20.875975,76.103654,0.0],[-20.878213,76.103655,0.0],[-20.88157,76.103657,0.0],[-20.881573,76.103388,0.0],[-20.88493,76.10339,0.0],[-20.884927,76.103659,0.0],[-20.887165,76.10366,0.0],[-20.889403,76.103661,0.0],[-20.889401,76.10393,0.0],[-20.892758,76.103931,0.0],[-20.892756,76.1042,0.0],[-20.893875,76.1042,0.0],[-20.894995,76.104201,0.0],[-20.894993,76.10447,0.0],[-20.896112,76.10447,0.0],[-20.89835,76.104471,0.0],[-20.898348,76.10474,0.0],[-20.899467,76.10474,0.0],[-20.899465,76.105009,0.0],[-20.900584,76.10501,0.0],[-20.900582,76.105279,0.0],[-20.901701,76.105279,0.0],[-20.9017,76.105548,0.0],[-20.902819,76.105548,0.0],[-20.905057,76.105549,0.0],[-20.905055,76.105818,0.0],[-20.907294,76.105819,0.0],[-20.907295,76.10555,0.0],[-20.908415,76.105551,0.0],[-20.912891,76.105552,0.0],[-20.91513,76.105553,0.0],[-20.917368,76.105554,0.0],[-20.917366,76.105823,0.0],[-20.919605,76.105823,0.0],[-20.919606,76.105554,0.0],[-20.920725,76.105555,0.0],[-20.92073,76.104748,0.0],[-20.921849,76.104749,0.0],[-20.921852,76.104211,0.0],[-20.921856,76.103404,0.0],[-20.921858,76.103135,0.0],[-20.920739,76.103135,0.0],[-20.92074,76.102866,0.0],[-20.919622,76.102866,0.0],[-20.919623,76.102597,0.0],[-20.919626,76.102059,0.0],[-20.919628,76.10179,0.0],[-20.924103,76.101792,0.0],[-20.924102,76.102061,0.0],[-20.928577,76.102062,0.0],[-20.928576,76.102331,0.0],[-20.929695,76.102331,0.0],[-20.930814,76.102332,0.0],[-20.930812,76.1026,0.0],[-20.931931,76.102601,0.0],[-20.93305,76.102601,0.0],[-20.933049,76.10287,0.0],[-20.935287,76.102871,0.0],[-20.935286,76.103139,0.0],[-20.936405,76.10314,0.0],[-20.936403,76.103409,0.0],[-20.938641,76.103409,0.0],[-20.93864,76.103678,0.0],[-20.939759,76.103678,0.0],[-20.939757,76.104216,0.0],[-20.938638,76.104216,0.0],[-20.938637,76.104485,0.0],[-20.939756,76.104485,0.0],[-20.940875,76.104485,0.0],[-20.940874,76.104754,0.0],[-20.941993,76.104754,0.0],[-20.944231,76.104755,0.0],[-20.94423,76.105024,0.0],[-20.946468,76.105024,0.0],[-20.946467,76.105293,0.0],[-20.949825,76.105294,0.0],[-20.949824,76.105562,0.0],[-20.952062,76.105563,0.0],[-20.952061,76.105832,0.0],[-20.95318,76.105832,0.0],[-20.95318,76.106101,0.0],[-20.954299,76.106101,0.0],[-20.955418,76.106101,0.0],[-20.955417,76.10637,0.0],[-20.956536,76.10637,0.0],[-20.957656,76.106371,0.0],[-20.957655,76.106639,0.0],[-20.963251,76.10664,0.0],[-20.96437,76.10664,0.0],[-20.964371,76.106372,0.0],[-20.96549,76.106372,0.0],[-20.965491,76.106103,0.0],[-20.965492,76.105565,0.0],[-20.966611,76.105565,0.0],[-20.966612,76.105296,0.0],[-20.967731,76.105297,0.0],[-20.967732,76.105028,0.0],[-20.968851,76.105028,0.0],[-20.96997,76.105028,0.0],[-20.969971,76.104759,0.0],[-20.972209,76.104759,0.0],[-20.972209,76.104491,0.0],[-20.973328,76.104491,0.0],[-20.973329,76.104222,0.0],[-20.974448,76.104222,0.0],[-20.974449,76.103953,0.0],[-20.975568,76.103953,0.0],[-20.975568,76.103684,0.0],[-20.976687,76.103685,0.0],[-20.976689,76.102609,0.0],[-20.976689,76.10234,0.0],[-20.977808,76.10234,0.0],[-20.977808,76.102609,0.0],[-20.978927,76.102609,0.0],[-20.978926,76.102878,0.0],[-20.980045,76.102878,0.0],[-20.980044,76.103685,0.0],[-20.978925,76.103685,0.0],[-20.978924,76.104222,0.0],[-20.978923,76.105029,0.0],[-20.978923,76.105298,0.0],[-20.980042,76.105298,0.0],[-20.980041,76.105567,0.0],[-20.981161,76.105567,0.0],[-20.98116,76.105836,0.0],[-20.982279,76.105836,0.0],[-20.983399,76.105836,0.0],[-20.983398,76.106105,0.0],[-20.987875,76.106105,0.0],[-20.987875,76.105836,0.0],[-20.988995,76.105836,0.0],[-20.988995,76.105299,0.0],[-20.990114,76.105299,0.0],[-20.990115,76.104223,0.0],[-20.991234,76.104223,0.0],[-20.991234,76.103954,0.0],[-20.992353,76.103954,0.0],[-20.992353,76.103686,0.0],[-20.993472,76.103686,0.0],[-20.993472,76.103417,0.0],[-20.994591,76.103417,0.0],[-20.994592,76.102879,0.0],[-20.99683,76.102879,0.0],[-20.99683,76.103148,0.0],[-20.997949,76.103148,0.0],[-20.997948,76.103417,0.0],[-20.999067,76.103417,0.0],[-21.000186,76.103417,0.0],[-21.000186,76.103148,0.0],[-21.001305,76.103148,0.0],[-21.001305,76.102879,0.0],[-21.002424,76.102879,0.0],[-21.002424,76.102341,0.0],[-21.003543,76.102341,0.0],[-21.003543,76.102072,0.0],[-21.004662,76.102072,0.0],[-21.004662,76.101804,0.0],[-21.005781,76.101804,0.0],[-21.005781,76.101535,0.0],[-21.0069,76.101535,0.0],[-21.006899,76.100728,0.0],[-21.008018,76.100728,0.0],[-21.008018,76.100459,0.0],[-21.009137,76.100459,0.0],[-21.009136,76.099921,0.0],[-21.010255,76.099921,0.0],[-21.010255,76.099653,0.0],[-21.011373,76.099653,0.0],[-21.011373,76.099384,0.0],[-21.012492,76.099384,0.0],[-21.012491,76.098846,0.0],[-21.01249,76.097502,0.0],[-21.013609,76.097502,0.0],[-21.013609,76.097233,0.0],[-21.016964,76.097233,0.0],[-21.016964,76.096964,0.0],[-21.018082,76.096964,0.0],[-21.018082,76.096695,0.0],[-21.0192,76.096695,0.0],[-21.0192,76.096426,0.0],[-21.020319,76.096426,0.0],[-21.020317,76.095081,0.0],[-21.022553,76.095081,0.0],[-21.022552,76.094544,0.0],[-21.023671,76.094543,0.0],[-21.023669,76.093737,0.0],[-21.024788,76.093737,0.0],[-21.024785,76.092124,0.0],[-21.023667,76.092124,0.0],[-21.023666,76.091855,0.0],[-21.018076,76.091855,0.0],[-21.018075,76.091586,0.0],[-21.014721,76.091587,0.0],[-21.014722,76.091856,0.0],[-21.012485,76.091856,0.0],[-21.008013,76.091856,0.0],[-21.006895,76.091856,0.0],[-21.006895,76.091587,0.0],[-21.005777,76.091587,0.0],[-21.005776,76.091049,0.0],[-21.004658,76.091049,0.0],[-21.004658,76.089705,0.0],[-21.00354,76.089705,0.0],[-21.00354,76.089436,0.0],[-21.004658,76.089436,0.0],[-21.004658,76.089167,0.0],[-21.005776,76.089167,0.0],[-21.005776,76.088899,0.0],[-21.006893,76.088898,0.0],[-21.006893,76.08863,0.0],[-21.008011,76.08863,0.0],[-21.008011,76.088361,0.0],[-21.011364,76.088361,0.0],[-21.011364,76.088092,0.0],[-21.015835,76.088092,0.0],[-21.015836,76.08836,0.0],[-21.016954,76.08836,0.0],[-21.016954,76.088629,0.0],[-21.01919,76.088629,0.0],[-21.019188,76.087554,0.0],[-21.021424,76.087553,0.0],[-21.021423,76.087016,0.0],[-21.02254,76.087016,0.0],[-21.02254,76.086478,0.0],[-21.023657,76.086478,0.0],[-21.023657,76.086209,0.0],[-21.024774,76.086209,0.0],[-21.024774,76.08594,0.0],[-21.025892,76.08594,0.0],[-21.025891,76.085402,0.0],[-21.024773,76.085402,0.0],[-21.024773,76.085133,0.0],[-21.023655,76.085133,0.0],[-21.023652,76.08352,0.0],[-21.022535,76.08352,0.0],[-21.022534,76.083252,0.0],[-21.021417,76.083252,0.0],[-21.021417,76.082983,0.0],[-21.020299,76.082983,0.0],[-21.020299,76.082714,0.0],[-21.019418,76.082714,0.0],[-21.021302,76.08239,0.0],[-21.031545,76.080302,0.0],[-21.040211,76.078404,0.0],[-21.046506,76.075368,0.0],[-21.052801,76.07309,0.0],[-21.056727,76.069865,0.0],[-21.056712,76.066071,0.0],[-21.051974,76.062468,0.0],[-21.047241,76.059434,0.0],[-21.025976,76.052039,0.0],[-21.015484,76.049362,0.0],[-21.016742,76.049497,0.0],[-21.018122,76.048748,0.0],[-21.021225,76.049081,0.0],[-21.019845,76.049829,0.0],[-21.026051,76.050495,0.0],[-21.028811,76.048998,0.0],[-21.031914,76.049331,0.0],[-21.030534,76.050079,0.0],[-21.036741,76.050745,0.0],[-21.035361,76.051493,0.0],[-21.038465,76.051826,0.0],[-21.039845,76.051077,0.0],[-21.042948,76.05141,0.0],[-21.045706,76.049913,0.0],[-21.051914,76.050578,0.0],[-21.054671,76.049081,0.0],[-21.057775,76.049413,0.0],[-21.060531,76.047916,0.0],[-21.057427,76.047584,0.0],[-21.060183,76.046087,0.0],[-21.053977,76.045422,0.0],[-21.059487,76.042428,0.0],[-21.06259,76.04276,0.0],[-21.063967,76.042011,0.0],[-21.067069,76.042344,0.0],[-21.068446,76.041595,0.0],[-21.074651,76.04226,0.0],[-21.076028,76.041511,0.0],[-21.085336,76.042507,0.0],[-21.08396,76.043256,0.0],[-21.090166,76.04392,0.0],[-21.08879,76.044669,0.0],[-21.094997,76.045332,0.0],[-21.093621,76.046081,0.0],[-21.0941,76.046132,0.0],[-21.092689,76.046133,0.0],[-21.092691,76.046402,0.0],[-21.090462,76.046403,0.0],[-21.090464,76.046671,0.0],[-21.089349,76.046672,0.0],[-21.089351,76.046941,0.0],[-21.088236,76.046941,0.0],[-21.088238,76.04721,0.0],[-21.087123,76.04721,0.0],[-21.087127,76.047748,0.0],[-21.086012,76.047749,0.0],[-21.086017,76.048555,0.0],[-21.084902,76.048555,0.0],[-21.084905,76.049093,0.0],[-21.083791,76.049094,0.0],[-21.083795,76.0499,0.0],[-21.082681,76.049901,0.0],[-21.082684,76.050438,0.0],[-21.081569,76.050439,0.0],[-21.081572,76.050976,0.0],[-21.080457,76.050977,0.0],[-21.080459,76.051246,0.0],[-21.081574,76.051245,0.0],[-21.081575,76.051514,0.0],[-21.08492,76.051513,0.0],[-21.084918,76.051244,0.0],[-21.087148,76.051243,0.0],[-21.087141,76.050168,0.0],[-21.089371,76.050167,0.0],[-21.089369,76.049898,0.0],[-21.091599,76.049897,0.0],[-21.091597,76.049628,0.0],[-21.092712,76.049628,0.0],[-21.09271,76.049359,0.0],[-21.093825,76.049359,0.0],[-21.093823,76.04909,0.0],[-21.096053,76.049089,0.0],[-21.096051,76.04882,0.0],[-21.097166,76.04882,0.0],[-21.097164,76.048551,0.0],[-21.099393,76.04855,0.0],[-21.099391,76.048281,0.0],[-21.100506,76.048281,0.0],[-21.100504,76.048012,0.0],[-21.101619,76.048011,0.0],[-21.101617,76.047743,0.0],[-21.102731,76.047742,0.0],[-21.102729,76.047473,0.0],[-21.103844,76.047473,0.0],[-21.103842,76.047204,0.0],[-21.104957,76.047203,0.0],[-21.104955,76.046935,0.0],[-21.106069,76.046934,0.0],[-21.106067,76.046665,0.0],[-21.107182,76.046665,0.0],[-21.10718,76.046396,0.0],[-21.108294,76.046395,0.0],[-21.108288,76.045589,0.0],[-21.109403,76.045588,0.0],[-21.109398,76.045051,0.0],[-21.110513,76.04505,0.0],[-21.110509,76.044512,0.0],[-21.111623,76.044512,0.0],[-21.111619,76.043974,0.0],[-21.112733,76.043974,0.0],[-21.112731,76.043705,0.0],[-21.113845,76.043704,0.0],[-21.113843,76.043435,0.0],[-21.114958,76.043435,0.0],[-21.114953,76.042897,0.0],[-21.116067,76.042897,0.0],[-21.116061,76.04209,0.0],[-21.114947,76.042091,0.0],[-21.114949,76.042359,0.0],[-21.11272,76.042361,0.0],[-21.112723,76.042629,0.0],[-21.111099,76.04263,0.0],[-21.111184,76.042584,0.0],[-21.10808,76.042252,0.0],[-21.109455,76.041503,0.0],[-21.106352,76.041171,0.0],[-21.109101,76.039674,0.0],[-21.105998,76.039342,0.0],[-21.107373,76.038593,0.0],[-21.10427,76.038261,0.0],[-21.112515,76.033768,0.0],[-21.115616,76.0341,0.0],[-21.11699,76.033351,0.0],[-21.120091,76.033683,0.0],[-21.121465,76.032934,0.0],[-21.127668,76.033597,0.0],[-21.126295,76.034346,0.0],[-21.1325,76.035009,0.0],[-21.133872,76.03426,0.0],[-21.14318,76.035253,0.0],[-21.141807,76.036003,0.0],[-21.14491,76.036334,0.0],[-21.143538,76.037083,0.0],[-21.159055,76.038739,0.0],[-21.15887,76.03884,0.0],[-21.156136,76.038842,0.0],[-21.156139,76.03911,0.0],[-21.153911,76.039112,0.0],[-21.153914,76.039381,0.0],[-21.1528,76.039381,0.0],[-21.152803,76.03965,0.0],[-21.150575,76.039652,0.0],[-21.150578,76.03992,0.0],[-21.149464,76.039921,0.0],[-21.149467,76.04019,0.0],[-21.148352,76.040191,0.0],[-21.148355,76.04046,0.0],[-21.147241,76.04046,0.0],[-21.147244,76.040729,0.0],[-21.148358,76.040728,0.0],[-21.148366,76.041535,0.0],[-21.149481,76.041534,0.0],[-21.149483,76.041803,0.0],[-21.151712,76.041802,0.0],[-21.151717,76.042339,0.0],[-21.152832,76.042339,0.0],[-21.152835,76.042608,0.0],[-21.153949,76.042607,0.0],[-21.153952,76.042876,0.0],[-21.157294,76.042874,0.0],[-21.157297,76.043142,0.0],[-21.158412,76.043142,0.0],[-21.158409,76.042873,0.0],[-21.16398,76.042869,0.0],[-21.163977,76.0426,0.0],[-21.170662,76.042596,0.0],[-21.170659,76.042327,0.0],[-21.171773,76.042326,0.0],[-21.17177,76.042057,0.0],[-21.172884,76.042057,0.0],[-21.172881,76.041788,0.0],[-21.173995,76.041787,0.0],[-21.173985,76.04098,0.0],[-21.172871,76.040981,0.0],[-21.172858,76.039906,0.0],[-21.175086,76.039904,0.0],[-21.175083,76.039635,0.0],[-21.175859,76.039635,0.0],[-21.182156,76.040306,0.0],[-21.180786,76.041055,0.0],[-21.190101,76.042047,0.0],[-21.188731,76.042796,0.0],[-21.194942,76.043458,0.0],[-21.193572,76.044207,0.0],[-21.20289,76.045199,0.0],[-21.19878,76.047447,0.0],[-21.201887,76.047777,0.0],[-21.200516,76.048527,0.0],[-21.206731,76.049188,0.0],[-21.205361,76.049937,0.0],[-21.211576,76.050598,0.0],[-21.210206,76.051347,0.0],[-21.222638,76.052669,0.0],[-21.221269,76.053418,0.0],[-21.227486,76.054079,0.0],[-21.226117,76.054828,0.0],[-21.232335,76.055488,0.0],[-21.230966,76.056238,0.0],[-21.234076,76.056568,0.0],[-21.232706,76.057318,0.0],[-21.235816,76.057648,0.0],[-21.234447,76.058397,0.0],[-21.237557,76.058727,0.0],[-21.234818,76.060227,0.0],[-21.237928,76.060557,0.0],[-21.236559,76.061306,0.0],[-21.23967,76.061636,0.0],[-21.2383,76.062386,0.0],[-21.247634,76.063376,0.0],[-21.244895,76.064875,0.0],[-21.248007,76.065205,0.0],[-21.246637,76.065955,0.0],[-21.252862,76.066615,0.0],[-21.248753,76.068864,0.0],[-21.251866,76.069194,0.0],[-21.250496,76.069943,0.0],[-21.25361,76.070273,0.0],[-21.25224,76.071023,0.0],[-21.255353,76.071353,0.0],[-21.251244,76.073602,0.0],[-21.24813,76.073272,0.0],[-21.24676,76.074022,0.0],[-21.240532,76.073362,0.0],[-21.239162,76.074112,0.0],[-21.242275,76.074442,0.0],[-21.239534,76.075941,0.0],[-21.23642,76.075611,0.0],[-21.222702,76.083107,0.0],[-21.225817,76.083437,0.0],[-21.210711,76.091682,0.0],[-21.213828,76.092013,0.0],[-21.212454,76.092762,0.0],[-21.218689,76.093423,0.0],[-21.217315,76.094173,0.0],[-21.220433,76.094503,0.0],[-21.216311,76.096752,0.0],[-21.219429,76.097082,0.0],[-21.213932,76.10008,0.0],[-21.217051,76.10041,0.0],[-21.215676,76.10116,0.0],[-21.218795,76.10149,0.0],[-21.217421,76.10224,0.0],[-21.22054,76.10257,0.0],[-21.219166,76.10332,0.0],[-21.244129,76.105961,0.0],[-21.242755,76.106711,0.0],[-21.248998,76.107371,0.0],[-21.247624,76.10812,0.0],[-21.250746,76.10845,0.0],[-21.249372,76.1092,0.0],[-21.252494,76.10953,0.0],[-21.251121,76.11028,0.0],[-21.254243,76.11061,0.0],[-21.255617,76.10986,0.0],[-21.261861,76.110519,0.0],[-21.260488,76.111269,0.0],[-21.266734,76.111929,0.0],[-21.26536,76.112679,0.0],[-21.277854,76.113997,0.0],[-21.276481,76.114747,0.0],[-21.279605,76.115077,0.0],[-21.278232,76.115827,0.0],[-21.284481,76.116486,0.0],[-21.283108,76.117236,0.0],[-21.292483,76.118224,0.0],[-21.286992,76.121224,0.0],[-21.282873,76.123474,0.0],[-21.289125,76.124133,0.0],[-21.287752,76.124883,0.0],[-21.284626,76.124553,0.0],[-21.281879,76.126053,0.0],[-21.278752,76.125724,0.0],[-21.277379,76.126474,0.0],[-21.274252,76.126144,0.0],[-21.272878,76.126894,0.0],[-21.269752,76.126565,0.0],[-21.267003,76.128064,0.0],[-21.263876,76.127735,0.0],[-21.262501,76.128484,0.0],[-21.259375,76.128155,0.0],[-21.251122,76.132654,0.0],[-21.254249,76.132984,0.0],[-21.251497,76.134483,0.0],[-21.24837,76.134153,0.0],[-21.24424,76.136403,0.0],[-21.250496,76.137063,0.0],[-21.247743,76.138562,0.0],[-21.244615,76.138232,0.0],[-21.243238,76.138982,0.0],[-21.236981,76.138322,0.0],[-21.235604,76.139072,0.0],[-21.232475,76.138742,0.0],[-21.231098,76.139491,0.0],[-21.224841,76.138831,0.0],[-21.223463,76.139581,0.0],[-21.220335,76.13925,0.0],[-21.221713,76.138501,0.0],[-21.218586,76.13817,0.0],[-21.215829,76.13967,0.0],[-21.206445,76.138678,0.0],[-21.205066,76.139428,0.0],[-21.211322,76.140089,0.0],[-21.207185,76.142337,0.0],[-21.1978,76.141346,0.0],[-21.19642,76.142095,0.0],[-21.193292,76.141765,0.0],[-21.194672,76.141015,0.0],[-21.188417,76.140354,0.0],[-21.189797,76.139604,0.0],[-21.180416,76.138612,0.0],[-21.176274,76.14086,0.0],[-21.179401,76.141191,0.0],[-21.173877,76.144189,0.0],[-21.164494,76.143196,0.0],[-21.165875,76.142446,0.0],[-21.143987,76.140128,0.0],[-21.142604,76.140877,0.0],[-21.139478,76.140546,0.0],[-21.138095,76.141295,0.0],[-21.134968,76.140964,0.0],[-21.130818,76.143211,0.0],[-21.133945,76.143543,0.0],[-21.132562,76.144292,0.0],[-21.129435,76.14396,0.0],[-21.126667,76.145459,0.0],[-21.120413,76.144795,0.0],[-21.119028,76.145545,0.0],[-21.112775,76.144881,0.0],[-21.11139,76.14563,0.0],[-21.105137,76.144967,0.0],[-21.102366,76.146465,0.0],[-21.099239,76.146133,0.0],[-21.093696,76.149128,0.0],[-21.090568,76.148796,0.0],[-21.087795,76.150294,0.0],[-21.084668,76.149962,0.0],[-21.086055,76.149213,0.0],[-21.067295,76.14722,0.0],[-21.068683,76.146471,0.0],[-21.065557,76.146139,0.0],[-21.064169,76.146888,0.0],[-21.061043,76.146555,0.0],[-21.059678,76.147292,0.0]],[[-21.040554,76.132719,0.0],[-21.040554,76.13245,0.0],[-21.042796,76.132449,0.0],[-21.042795,76.132181,0.0],[-21.043917,76.13218,0.0],[-21.043916,76.131911,0.0],[-21.045037,76.131911,0.0],[-21.045038,76.13218,0.0],[-21.052887,76.132179,0.0],[-21.052888,76.132447,0.0],[-21.056252,76.132447,0.0],[-21.056251,76.132178,0.0],[-21.057372,76.132178,0.0],[-21.057368,76.131102,0.0],[-21.056246,76.131102,0.0],[-21.056241,76.129758,0.0],[-21.05512,76.129758,0.0],[-21.055117,76.128952,0.0],[-21.053996,76.128952,0.0],[-21.053993,76.128145,0.0],[-21.052872,76.128146,0.0],[-21.052868,76.12707,0.0],[-21.051747,76.127071,0.0],[-21.051744,76.126264,0.0],[-21.050623,76.126264,0.0],[-21.05062,76.125458,0.0],[-21.0495,76.125458,0.0],[-21.049497,76.124651,0.0],[-21.048376,76.124652,0.0],[-21.048374,76.124114,0.0],[-21.047254,76.124114,0.0],[-21.047252,76.123576,0.0],[-21.046131,76.123577,0.0],[-21.046129,76.123039,0.0],[-21.045009,76.123039,0.0],[-21.045008,76.12277,0.0],[-21.045007,76.122501,0.0],[-21.043887,76.122502,0.0],[-21.043886,76.122233,0.0],[-21.040524,76.122233,0.0],[-21.040525,76.122502,0.0],[-21.039405,76.122502,0.0],[-21.039405,76.122771,0.0],[-21.038285,76.122771,0.0],[-21.038286,76.12304,0.0],[-21.037165,76.12304,0.0],[-21.037164,76.122772,0.0],[-21.036044,76.122772,0.0],[-21.036042,76.122234,0.0],[-21.037163,76.122234,0.0],[-21.037161,76.121696,0.0],[-21.038282,76.121696,0.0],[-21.038281,76.121427,0.0],[-21.03828,76.121158,0.0],[-21.038279,76.120621,0.0],[-21.039399,76.12062,0.0],[-21.039399,76.120351,0.0],[-21.040519,76.120351,0.0],[-21.040518,76.120082,0.0],[-21.041638,76.120082,0.0],[-21.041638,76.119813,0.0],[-21.042758,76.119813,0.0],[-21.042755,76.118738,0.0],[-21.041635,76.118738,0.0],[-21.040514,76.118738,0.0],[-21.040515,76.119007,0.0],[-21.039395,76.119007,0.0],[-21.037154,76.119008,0.0],[-21.037155,76.119276,0.0],[-21.034915,76.119277,0.0],[-21.034915,76.119546,0.0],[-21.033795,76.119546,0.0],[-21.033794,76.119277,0.0],[-21.032674,76.119277,0.0],[-21.032673,76.119008,0.0],[-21.033794,76.119008,0.0],[-21.033792,76.11847,0.0],[-21.034913,76.11847,0.0],[-21.034912,76.118201,0.0],[-21.036032,76.118201,0.0],[-21.036031,76.117663,0.0],[-21.03267,76.117664,0.0],[-21.03267,76.117395,0.0],[-21.03155,76.117395,0.0],[-21.031548,76.116857,0.0],[-21.030428,76.116858,0.0],[-21.030428,76.116589,0.0],[-21.029308,76.116589,0.0],[-21.029307,76.116051,0.0],[-21.028187,76.116051,0.0],[-21.028186,76.115782,0.0],[-21.025946,76.115783,0.0],[-21.025948,76.116589,0.0],[-21.021467,76.11659,0.0],[-21.021469,76.117396,0.0],[-21.018108,76.117397,0.0],[-21.018108,76.116859,0.0],[-21.019228,76.116859,0.0],[-21.019227,76.11659,0.0],[-21.020347,76.11659,0.0],[-21.020347,76.116321,0.0],[-21.021467,76.116321,0.0],[-21.021466,76.115783,0.0],[-21.022586,76.115783,0.0],[-21.022585,76.114708,0.0],[-21.023704,76.114708,0.0],[-21.023705,76.114976,0.0],[-21.024825,76.114976,0.0],[-21.024824,76.114439,0.0],[-21.023704,76.114439,0.0],[-21.023704,76.11417,0.0],[-21.022584,76.11417,0.0],[-21.022583,76.113901,0.0],[-21.021463,76.113901,0.0],[-21.021463,76.113632,0.0],[-21.020343,76.113632,0.0],[-21.020342,76.113095,0.0],[-21.019223,76.113095,0.0],[-21.019222,76.112288,0.0],[-21.020341,76.112288,0.0],[-21.020339,76.110675,0.0],[-21.019219,76.110675,0.0],[-21.019219,76.110406,0.0],[-21.018099,76.110406,0.0],[-21.0181,76.110675,0.0],[-21.01698,76.110675,0.0],[-21.016981,76.111213,0.0],[-21.015861,76.111213,0.0],[-21.015862,76.111751,0.0],[-21.014742,76.111751,0.0],[-21.014742,76.11202,0.0],[-21.014743,76.112289,0.0],[-21.013623,76.112289,0.0],[-21.013623,76.112557,0.0],[-21.012504,76.112558,0.0],[-21.012504,76.113364,0.0],[-21.015864,76.113364,0.0],[-21.015865,76.11417,0.0],[-21.016984,76.11417,0.0],[-21.016985,76.114708,0.0],[-21.015865,76.114708,0.0],[-21.015867,76.116052,0.0],[-21.016987,76.116052,0.0],[-21.016987,76.116321,0.0],[-21.015867,76.116321,0.0],[-21.015867,76.11659,0.0],[-21.013627,76.11659,0.0],[-21.013627,76.116321,0.0],[-21.012507,76.116321,0.0],[-21.012507,76.116053,0.0],[-21.013627,76.116053,0.0],[-21.013626,76.114977,0.0],[-21.014746,76.114977,0.0],[-21.014745,76.114439,0.0],[-21.013625,76.114439,0.0],[-21.013625,76.113902,0.0],[-21.009145,76.113902,0.0],[-21.009145,76.113095,0.0],[-21.006905,76.113095,0.0],[-21.004666,76.113096,0.0],[-21.004666,76.113364,0.0],[-21.000187,76.113364,0.0],[-21.000187,76.113902,0.0],[-20.999067,76.113902,0.0],[-20.999067,76.114171,0.0],[-20.995707,76.114171,0.0],[-20.995707,76.11444,0.0],[-20.994587,76.11444,0.0],[-20.994587,76.114709,0.0],[-20.993467,76.114709,0.0],[-20.993467,76.114977,0.0],[-20.992347,76.114977,0.0],[-20.992347,76.115246,0.0],[-20.992347,76.116322,0.0],[-20.991227,76.116322,0.0],[-20.991226,76.117128,0.0],[-20.991226,76.117397,0.0],[-20.990106,76.117397,0.0],[-20.990105,76.11901,0.0],[-20.990104,76.120354,0.0],[-20.988983,76.120354,0.0],[-20.988982,76.121968,0.0],[-20.990103,76.121968,0.0],[-20.990102,76.123043,0.0],[-20.991222,76.123043,0.0],[-20.991222,76.124118,0.0],[-20.992342,76.124118,0.0],[-20.992342,76.125194,0.0],[-20.993462,76.125194,0.0],[-20.993461,76.127882,0.0],[-20.99234,76.127882,0.0],[-20.992339,76.129764,0.0],[-20.991218,76.129764,0.0],[-20.991218,76.130302,0.0],[-20.990097,76.130302,0.0],[-20.990096,76.13065,0.0],[-20.991275,76.131378,0.0],[-20.992338,76.131378,0.0],[-20.992339,76.131109,0.0],[-20.994581,76.131109,0.0],[-20.994581,76.13084,0.0],[-20.997945,76.13084,0.0],[-20.997945,76.130571,0.0],[-21.000187,76.130571,0.0],[-21.000187,76.13084,0.0],[-21.004672,76.13084,0.0],[-21.004672,76.131109,0.0],[-21.008035,76.131109,0.0],[-21.008035,76.131378,0.0],[-21.009157,76.131378,0.0],[-21.009157,76.131646,0.0],[-21.010278,76.131646,0.0],[-21.011399,76.131646,0.0],[-21.011399,76.131915,0.0],[-21.014763,76.131915,0.0],[-21.017006,76.131915,0.0],[-21.017006,76.132184,0.0],[-21.02037,76.132183,0.0],[-21.020369,76.131915,0.0],[-21.021491,76.131914,0.0],[-21.021489,76.131108,0.0],[-21.027095,76.131107,0.0],[-21.027096,76.131376,0.0],[-21.028217,76.131376,0.0],[-21.028218,76.131645,0.0],[-21.029339,76.131645,0.0],[-21.02934,76.132182,0.0],[-21.028219,76.132183,0.0],[-21.028219,76.132451,0.0],[-21.029341,76.132451,0.0],[-21.029341,76.13272,0.0],[-21.031584,76.13272,0.0],[-21.031583,76.132451,0.0],[-21.034947,76.132451,0.0],[-21.034948,76.132719,0.0],[-21.040554,76.132719,0.0]]]}},{"type":"Feature","properties":{"rgi_id":"RGI2000-v7.0-G-05-15672","o1region":"05"},"geometry":{"type":"Polygon","coordinates":[[[-21.059678,76.147292,0.0],[-21.061043,76.146555,0.0],[-21.064169,76.146888,0.0],[-21.065557,76.146139,0.0],[-21.068683,76.146471,0.0],[-21.067295,76.14722,0.0],[-21.086055,76.149213,0.0],[-21.084668,76.149962,0.0],[-21.087795,76.150294,0.0],[-21.090568,76.148796,0.0],[-21.093696,76.149128,0.0],[-21.099239,76.146133,0.0],[-21.102366,76.146465,0.0],[-21.105137,76.144967,0.0],[-21.11139,76.14563,0.0],[-21.112775,76.144881,0.0],[-21.119028,76.145545,0.0],[-21.120413,76.144795,0.0],[-21.126667,76.145459,0.0],[-21.129435,76.14396,0.0],[-21.132562,76.144292,0.0],[-21.133945,76.143543,0.0],[-21.130818,76.143211,0.0],[-21.134968,76.140964,0.0],[-21.138095,76.141295,0.0],[-21.139478,76.140546,0.0],[-21.142604,76.140877,0.0],[-21.143987,76.140128,0.0],[-21.165875,76.142446,0.0],[-21.164494,76.143196,0.0],[-21.173877,76.144189,0.0],[-21.179401,76.141191,0.0],[-21.176274,76.14086,0.0],[-21.180416,76.138612,0.0],[-21.189797,76.139604,0.0],[-21.188417,76.140354,0.0],[-21.194672,76.141015,0.0],[-21.193292,76.141765,0.0],[-21.19642,76.142095,0.0],[-21.1978,76.141346,0.0],[-21.207185,76.142337,0.0],[-21.211322,76.140089,0.0],[-21.205066,76.139428,0.0],[-21.206445,76.138678,0.0],[-21.215829,76.13967,0.0],[-21.218586,76.13817,0.0],[-21.221713,76.138501,0.0],[-21.220335,76.13925,0.0],[-21.217578,76.14075,0.0],[-21.220707,76.14108,0.0],[-21.219328,76.141829,0.0],[-21.222457,76.14216,0.0],[-21.221078,76.142909,0.0],[-21.227336,76.14357,0.0],[-21.225958,76.14432,0.0],[-21.222829,76.143989,0.0],[-21.217313,76.146988,0.0],[-21.229833,76.148309,0.0],[-21.227075,76.149809,0.0],[-21.230206,76.150139,0.0],[-21.228827,76.150889,0.0],[-21.235089,76.151549,0.0],[-21.232331,76.153048,0.0],[-21.226069,76.152388,0.0],[-21.22055,76.155387,0.0],[-21.223682,76.155717,0.0],[-21.219542,76.157966,0.0],[-21.222674,76.158296,0.0],[-21.221294,76.159046,0.0],[-21.224427,76.159376,0.0],[-21.220286,76.161625,0.0],[-21.222665,76.161876,0.0],[-21.224998,76.163074,0.0],[-21.224616,76.164022,0.0],[-21.223048,76.165162,0.0],[-21.22238,76.166228,0.0],[-21.219364,76.166231,0.0],[-21.21824,76.166232,0.0],[-21.215992,76.166234,0.0],[-21.215988,76.165965,0.0],[-21.214864,76.165966,0.0],[-21.214868,76.166235,0.0],[-21.213744,76.166236,0.0],[-21.21262,76.166237,0.0],[-21.212624,76.166506,0.0],[-21.212632,76.167044,0.0],[-21.213756,76.167043,0.0],[-21.21376,76.167312,0.0],[-21.216009,76.16731,0.0],[-21.216013,76.167578,0.0],[-21.217137,76.167577,0.0],[-21.217141,76.167846,0.0],[-21.218265,76.167845,0.0],[-21.218273,76.168383,0.0],[-21.219397,76.168382,0.0],[-21.219406,76.16892,0.0],[-21.22053,76.168919,0.0],[-21.220534,76.169188,0.0],[-21.221658,76.169187,0.0],[-21.221667,76.169724,0.0],[-21.223915,76.169722,0.0],[-21.22392,76.169991,0.0],[-21.226168,76.169989,0.0],[-21.226172,76.170258,0.0],[-21.227297,76.170257,0.0],[-21.227301,76.170526,0.0],[-21.226177,76.170527,0.0],[-21.226185,76.171064,0.0],[-21.225061,76.171065,0.0],[-21.22507,76.171603,0.0],[-21.226194,76.171602,0.0],[-21.226198,76.171871,0.0],[-21.227323,76.17187,0.0],[-21.227336,76.172677,0.0],[-21.22846,76.172675,0.0],[-21.228469,76.173213,0.0],[-21.22622,76.173215,0.0],[-21.226211,76.172678,0.0],[-21.225087,76.172679,0.0],[-21.225082,76.17241,0.0],[-21.223958,76.172411,0.0],[-21.223954,76.172142,0.0],[-21.22058,76.172145,0.0],[-21.220576,76.171876,0.0],[-21.218327,76.171878,0.0],[-21.218323,76.171609,0.0],[-21.217199,76.17161,0.0],[-21.217195,76.171341,0.0],[-21.21607,76.171342,0.0],[-21.216066,76.171073,0.0],[-21.214942,76.171074,0.0],[-21.214913,76.169193,0.0],[-21.213789,76.169193,0.0],[-21.213765,76.16758,0.0],[-21.208144,76.167585,0.0],[-21.208148,76.167854,0.0],[-21.2059,76.167856,0.0],[-21.205896,76.167587,0.0],[-21.202524,76.16759,0.0],[-21.202528,76.167859,0.0],[-21.201403,76.16786,0.0],[-21.201411,76.168397,0.0],[-21.199163,76.168399,0.0],[-21.199159,76.16813,0.0],[-21.198035,76.168131,0.0],[-21.198031,76.167862,0.0],[-21.196907,76.167863,0.0],[-21.196903,76.167594,0.0],[-21.195779,76.167595,0.0],[-21.195775,76.167326,0.0],[-21.194651,76.167327,0.0],[-21.194648,76.167058,0.0],[-21.193524,76.167059,0.0],[-21.19352,76.166791,0.0],[-21.192396,76.166791,0.0],[-21.192392,76.166523,0.0],[-21.190144,76.166524,0.0],[-21.190141,76.166255,0.0],[-21.187893,76.166257,0.0],[-21.187889,76.165988,0.0],[-21.186765,76.165989,0.0],[-21.186762,76.16572,0.0],[-21.185638,76.165721,0.0],[-21.185634,76.165452,0.0],[-21.183386,76.165454,0.0],[-21.183383,76.165185,0.0],[-21.180011,76.165188,0.0],[-21.180015,76.165456,0.0],[-21.178891,76.165457,0.0],[-21.178894,76.165726,0.0],[-21.17777,76.165727,0.0],[-21.177774,76.165996,0.0],[-21.177784,76.166802,0.0],[-21.17666,76.166803,0.0],[-21.176663,76.167072,0.0],[-21.175539,76.167073,0.0],[-21.175542,76.167342,0.0],[-21.174418,76.167342,0.0],[-21.174425,76.16788,0.0],[-21.173301,76.167881,0.0],[-21.173304,76.16815,0.0],[-21.173307,76.168419,0.0],[-21.171059,76.16842,0.0],[-21.171056,76.168151,0.0],[-21.168808,76.168153,0.0],[-21.168811,76.168422,0.0],[-21.167687,76.168423,0.0],[-21.16769,76.168691,0.0],[-21.166566,76.168692,0.0],[-21.166569,76.168961,0.0],[-21.165445,76.168962,0.0],[-21.165448,76.169231,0.0],[-21.164324,76.169231,0.0],[-21.164327,76.1695,0.0],[-21.163203,76.169501,0.0],[-21.160954,76.169502,0.0],[-21.158706,76.169504,0.0],[-21.158703,76.169235,0.0],[-21.154206,76.169238,0.0],[-21.154209,76.169507,0.0],[-21.149712,76.16951,0.0],[-21.149715,76.169778,0.0],[-21.147466,76.16978,0.0],[-21.146342,76.16978,0.0],[-21.146345,76.170049,0.0],[-21.14522,76.17005,0.0],[-21.145223,76.170319,0.0],[-21.144099,76.170319,0.0],[-21.142974,76.17032,0.0],[-21.14185,76.170321,0.0],[-21.141847,76.170052,0.0],[-21.140723,76.170053,0.0],[-21.14072,76.169784,0.0],[-21.139596,76.169784,0.0],[-21.139594,76.169515,0.0],[-21.137345,76.169517,0.0],[-21.137348,76.169786,0.0],[-21.135099,76.169787,0.0],[-21.133975,76.169787,0.0],[-21.131726,76.169789,0.0],[-21.131721,76.169251,0.0],[-21.132846,76.16925,0.0],[-21.132843,76.168981,0.0],[-21.133967,76.168981,0.0],[-21.133965,76.168712,0.0],[-21.135089,76.168711,0.0],[-21.135086,76.168443,0.0],[-21.13621,76.168442,0.0],[-21.136208,76.168173,0.0],[-21.138456,76.168172,0.0],[-21.13958,76.168171,0.0],[-21.139578,76.167902,0.0],[-21.140702,76.167902,0.0],[-21.140699,76.167633,0.0],[-21.140696,76.167364,0.0],[-21.137324,76.167366,0.0],[-21.137327,76.167635,0.0],[-21.136203,76.167635,0.0],[-21.1362,76.167367,0.0],[-21.135076,76.167367,0.0],[-21.135071,76.166829,0.0],[-21.140691,76.166826,0.0],[-21.140688,76.166557,0.0],[-21.141812,76.166557,0.0],[-21.141804,76.16575,0.0],[-21.14068,76.165751,0.0],[-21.140678,76.165482,0.0],[-21.13281,76.165486,0.0],[-21.132808,76.165218,0.0],[-21.131684,76.165218,0.0],[-21.131686,76.165487,0.0],[-21.130562,76.165488,0.0],[-21.130565,76.165756,0.0],[-21.127193,76.165758,0.0],[-21.127191,76.165489,0.0],[-21.124943,76.165491,0.0],[-21.12494,76.165222,0.0],[-21.123816,76.165222,0.0],[-21.123814,76.164953,0.0],[-21.12269,76.164954,0.0],[-21.122688,76.164685,0.0],[-21.121564,76.164686,0.0],[-21.12044,76.164686,0.0],[-21.119316,76.164687,0.0],[-21.119319,76.164956,0.0],[-21.118195,76.164956,0.0],[-21.118192,76.164687,0.0],[-21.117069,76.164688,0.0],[-21.117062,76.163881,0.0],[-21.115938,76.163882,0.0],[-21.115936,76.163613,0.0],[-21.114812,76.163613,0.0],[-21.11481,76.163345,0.0],[-21.113686,76.163345,0.0],[-21.113684,76.163076,0.0],[-21.11256,76.163077,0.0],[-21.112558,76.162808,0.0],[-21.108063,76.16281,0.0],[-21.108065,76.163079,0.0],[-21.106942,76.163079,0.0],[-21.106944,76.163348,0.0],[-21.104696,76.163349,0.0],[-21.104692,76.162811,0.0],[-21.10694,76.16281,0.0],[-21.106938,76.162542,0.0],[-21.108061,76.162541,0.0],[-21.108059,76.162272,0.0],[-21.102441,76.162275,0.0],[-21.100194,76.162276,0.0],[-21.100195,76.162544,0.0],[-21.099072,76.162545,0.0],[-21.099074,76.162814,0.0],[-21.100197,76.162813,0.0],[-21.100201,76.163351,0.0],[-21.100203,76.16362,0.0],[-21.102451,76.163619,0.0],[-21.102453,76.163888,0.0],[-21.103576,76.163887,0.0],[-21.103582,76.164694,0.0],[-21.102458,76.164694,0.0],[-21.102462,76.165232,0.0],[-21.101338,76.165232,0.0],[-21.10134,76.165501,0.0],[-21.100216,76.165502,0.0],[-21.100218,76.165771,0.0],[-21.099094,76.165771,0.0],[-21.099096,76.16604,0.0],[-21.097972,76.16604,0.0],[-21.097974,76.166309,0.0],[-21.09685,76.16631,0.0],[-21.096852,76.166579,0.0],[-21.088984,76.166582,0.0],[-21.088982,76.166313,0.0],[-21.087858,76.166313,0.0],[-21.087857,76.166044,0.0],[-21.086733,76.166045,0.0],[-21.086731,76.165776,0.0],[-21.086729,76.165507,0.0],[-21.086728,76.165238,0.0],[-21.087852,76.165238,0.0],[-21.08785,76.164969,0.0],[-21.087848,76.1647,0.0],[-21.088972,76.1647,0.0],[-21.08897,76.164431,0.0],[-21.088969,76.164162,0.0],[-21.090093,76.164161,0.0],[-21.090091,76.163893,0.0],[-21.091215,76.163892,0.0],[-21.091213,76.163623,0.0],[-21.092337,76.163623,0.0],[-21.092335,76.163354,0.0],[-21.091211,76.163354,0.0],[-21.091209,76.163086,0.0],[-21.092333,76.163085,0.0],[-21.09233,76.162547,0.0],[-21.093453,76.162547,0.0],[-21.093452,76.162278,0.0],[-21.095699,76.162277,0.0],[-21.095701,76.162546,0.0],[-21.097948,76.162545,0.0],[-21.097946,76.162276,0.0],[-21.09907,76.162276,0.0],[-21.099068,76.162007,0.0],[-21.097944,76.162008,0.0],[-21.097939,76.161201,0.0],[-21.096815,76.161201,0.0],[-21.096812,76.160664,0.0],[-21.095688,76.160664,0.0],[-21.095686,76.160395,0.0],[-21.094563,76.160396,0.0],[-21.092316,76.160397,0.0],[-21.092314,76.160128,0.0],[-21.09119,76.160128,0.0],[-21.091182,76.158784,0.0],[-21.090058,76.158784,0.0],[-21.090057,76.158516,0.0],[-21.088933,76.158516,0.0],[-21.088932,76.158247,0.0],[-21.087808,76.158247,0.0],[-21.087807,76.157979,0.0],[-21.086683,76.157979,0.0],[-21.086677,76.156904,0.0],[-21.085553,76.156904,0.0],[-21.085552,76.156635,0.0],[-21.084429,76.156636,0.0],[-21.084425,76.156098,0.0],[-21.083302,76.156098,0.0],[-21.083297,76.155292,0.0],[-21.082174,76.155292,0.0],[-21.082173,76.155023,0.0],[-21.079927,76.155024,0.0],[-21.079925,76.154755,0.0],[-21.078802,76.154755,0.0],[-21.0788,76.154487,0.0],[-21.077677,76.154487,0.0],[-21.077674,76.153949,0.0],[-21.076551,76.15395,0.0],[-21.07655,76.153681,0.0],[-21.074304,76.153681,0.0],[-21.074305,76.15395,0.0],[-21.073182,76.153951,0.0],[-21.073184,76.154219,0.0],[-21.072061,76.15422,0.0],[-21.072062,76.154489,0.0],[-21.069816,76.154489,0.0],[-21.069812,76.153683,0.0],[-21.070935,76.153682,0.0],[-21.070934,76.153414,0.0],[-21.072057,76.153413,0.0],[-21.072054,76.152875,0.0],[-21.070931,76.152876,0.0],[-21.07093,76.152607,0.0],[-21.069807,76.152607,0.0],[-21.069805,76.152338,0.0],[-21.068683,76.152339,0.0],[-21.068681,76.15207,0.0],[-21.067558,76.15207,0.0],[-21.067556,76.151532,0.0],[-21.066433,76.151533,0.0],[-21.066432,76.151264,0.0],[-21.065309,76.151264,0.0],[-21.065306,76.150727,0.0],[-21.064184,76.150727,0.0],[-21.064181,76.150189,0.0],[-21.063059,76.150189,0.0],[-21.063056,76.149652,0.0],[-21.061934,76.149652,0.0],[-21.061931,76.149114,0.0],[-21.060809,76.149115,0.0],[-21.060804,76.148039,0.0],[-21.059681,76.148039,0.0],[-21.059678,76.147292,0.0]]]}},{"type":"Feature","properties":{"rgi_id":"RGI2000-v7.0-G-05-15673","o1region":"05"},"geometry":{"type":"Polygon","coordinates":[[[-21.223048,76.165162,0.0],[-21.224616,76.164022,0.0],[-21.224998,76.163074,0.0],[-21.222665,76.161876,0.0],[-21.220286,76.161625,0.0],[-21.224427,76.159376,0.0],[-21.221294,76.159046,0.0],[-21.222674,76.158296,0.0],[-21.219542,76.157966,0.0],[-21.223682,76.155717,0.0],[-21.22055,76.155387,0.0],[-21.226069,76.152388,0.0],[-21.232331,76.153048,0.0],[-21.235089,76.151549,0.0],[-21.228827,76.150889,0.0],[-21.230206,76.150139,0.0],[-21.227075,76.149809,0.0],[-21.229833,76.148309,0.0],[-21.217313,76.146988,0.0],[-21.222829,76.143989,0.0],[-21.225958,76.14432,0.0],[-21.227336,76.14357,0.0],[-21.221078,76.142909,0.0],[-21.222457,76.14216,0.0],[-21.219328,76.141829,0.0],[-21.220707,76.14108,0.0],[-21.217578,76.14075,0.0],[-21.220335,76.13925,0.0],[-21.223463,76.139581,0.0],[-21.224841,76.138831,0.0],[-21.231098,76.139491,0.0],[-21.232475,76.138742,0.0],[-21.235604,76.139072,0.0],[-21.236981,76.138322,0.0],[-21.243238,76.138982,0.0],[-21.244615,76.138232,0.0],[-21.247743,76.138562,0.0],[-21.250496,76.137063,0.0],[-21.24424,76.136403,0.0],[-21.24837,76.134153,0.0],[-21.251497,76.134483,0.0],[-21.254249,76.132984,0.0],[-21.251122,76.132654,0.0],[-21.259375,76.128155,0.0],[-21.262501,76.128484,0.0],[-21.263876,76.127735,0.0],[-21.267003,76.128064,0.0],[-21.269752,76.126565,0.0],[-21.272878,76.126894,0.0],[-21.274252,76.126144,0.0],[-21.277379,76.126474,0.0],[-21.278752,76.125724,0.0],[-21.281879,76.126053,0.0],[-21.284626,76.124553,0.0],[-21.287752,76.124883,0.0],[-21.289125,76.124133,0.0],[-21.282873,76.123474,0.0],[-21.286992,76.121224,0.0],[-21.29637,76.122212,0.0],[-21.297742,76.121462,0.0],[-21.303994,76.12212,0.0],[-21.302622,76.122871,0.0],[-21.318255,76.124516,0.0],[-21.320998,76.123016,0.0],[-21.330379,76.124003,0.0],[-21.329008,76.124753,0.0],[-21.341518,76.126068,0.0],[-21.340148,76.126818,0.0],[-21.346404,76.127476,0.0],[-21.345034,76.128226,0.0],[-21.35442,76.129212,0.0],[-21.35305,76.129962,0.0],[-21.362438,76.130948,0.0],[-21.361068,76.131698,0.0],[-21.370458,76.132684,0.0],[-21.369088,76.133434,0.0],[-21.372219,76.133762,0.0],[-21.370849,76.134513,0.0],[-21.392767,76.13681,0.0],[-21.394135,76.13606,0.0],[-21.397267,76.136388,0.0],[-21.398635,76.135637,0.0],[-21.417427,76.137604,0.0],[-21.418794,76.136853,0.0],[-21.425059,76.137509,0.0],[-21.423692,76.13826,0.0],[-21.426825,76.138587,0.0],[-21.425457,76.139338,0.0],[-21.431724,76.139993,0.0],[-21.42899,76.141495,0.0],[-21.425856,76.141167,0.0],[-21.423121,76.142669,0.0],[-21.426255,76.142997,0.0],[-21.424888,76.143747,0.0],[-21.428022,76.144075,0.0],[-21.426654,76.144826,0.0],[-21.429789,76.145154,0.0],[-21.428421,76.145904,0.0],[-21.437825,76.146887,0.0],[-21.436458,76.147638,0.0],[-21.439593,76.147965,0.0],[-21.435491,76.150218,0.0],[-21.438627,76.150546,0.0],[-21.437259,76.151297,0.0],[-21.440395,76.151624,0.0],[-21.439028,76.152375,0.0],[-21.442164,76.152702,0.0],[-21.440796,76.153453,0.0],[-21.44707,76.154108,0.0],[-21.448437,76.153357,0.0],[-21.451574,76.153684,0.0],[-21.454308,76.152182,0.0],[-21.45946,76.15272,0.0],[-21.45946,76.152727,0.0],[-21.458337,76.152729,0.0],[-21.457214,76.152731,0.0],[-21.457223,76.153,0.0],[-21.4561,76.153002,0.0],[-21.456109,76.153271,0.0],[-21.456118,76.153539,0.0],[-21.454995,76.153541,0.0],[-21.455003,76.15381,0.0],[-21.45388,76.153812,0.0],[-21.453889,76.154081,0.0],[-21.452766,76.154083,0.0],[-21.452775,76.154352,0.0],[-21.451652,76.154354,0.0],[-21.451669,76.154892,0.0],[-21.449423,76.154896,0.0],[-21.4483,76.154898,0.0],[-21.448325,76.155705,0.0],[-21.447202,76.155707,0.0],[-21.447236,76.156782,0.0],[-21.447296,76.158664,0.0],[-21.446172,76.158666,0.0],[-21.446181,76.158935,0.0],[-21.442811,76.158941,0.0],[-21.441688,76.158943,0.0],[-21.441679,76.158674,0.0],[-21.440556,76.158676,0.0],[-21.440547,76.158407,0.0],[-21.439424,76.158409,0.0],[-21.439416,76.15814,0.0],[-21.438292,76.158142,0.0],[-21.434922,76.158148,0.0],[-21.434931,76.158417,0.0],[-21.433807,76.158419,0.0],[-21.433816,76.158688,0.0],[-21.434939,76.158686,0.0],[-21.434947,76.158955,0.0],[-21.436071,76.158953,0.0],[-21.436087,76.159491,0.0],[-21.434964,76.159493,0.0],[-21.434956,76.159224,0.0],[-21.432709,76.159228,0.0],[-21.432701,76.158959,0.0],[-21.430454,76.158963,0.0],[-21.430462,76.159232,0.0],[-21.429339,76.159234,0.0],[-21.429371,76.160309,0.0],[-21.428248,76.160311,0.0],[-21.42828,76.161386,0.0],[-21.427157,76.161388,0.0],[-21.427165,76.161657,0.0],[-21.423794,76.161663,0.0],[-21.423786,76.161394,0.0],[-21.422663,76.161396,0.0],[-21.422655,76.161127,0.0],[-21.41816,76.161135,0.0],[-21.418168,76.161404,0.0],[-21.414798,76.161409,0.0],[-21.414806,76.161678,0.0],[-21.412558,76.161682,0.0],[-21.412566,76.161951,0.0],[-21.410319,76.161955,0.0],[-21.410327,76.162223,0.0],[-21.40808,76.162227,0.0],[-21.408087,76.162496,0.0],[-21.406964,76.162498,0.0],[-21.406971,76.162767,0.0],[-21.4036,76.162772,0.0],[-21.403593,76.162503,0.0],[-21.401345,76.162507,0.0],[-21.397974,76.162513,0.0],[-21.397952,76.161706,0.0],[-21.396828,76.161708,0.0],[-21.396821,76.161439,0.0],[-21.395697,76.161441,0.0],[-21.395689,76.161172,0.0],[-21.394566,76.161174,0.0],[-21.394558,76.160905,0.0],[-21.391188,76.16091,0.0],[-21.388941,76.160914,0.0],[-21.388948,76.161183,0.0],[-21.381083,76.161195,0.0],[-21.381076,76.160926,0.0],[-21.365347,76.16095,0.0],[-21.36534,76.160681,0.0],[-21.358598,76.160691,0.0],[-21.357475,76.160693,0.0],[-21.357482,76.160961,0.0],[-21.356358,76.160963,0.0],[-21.356365,76.161232,0.0],[-21.356372,76.161501,0.0],[-21.355248,76.161502,0.0],[-21.355255,76.161771,0.0],[-21.355289,76.163115,0.0],[-21.355302,76.163653,0.0],[-21.355316,76.164191,0.0],[-21.355329,76.164729,0.0],[-21.356453,76.164727,0.0],[-21.356467,76.165265,0.0],[-21.355343,76.165266,0.0],[-21.355356,76.165804,0.0],[-21.35648,76.165802,0.0],[-21.356487,76.166071,0.0],[-21.356514,76.167147,0.0],[-21.356521,76.167415,0.0],[-21.355397,76.167417,0.0],[-21.355404,76.167686,0.0],[-21.35428,76.167687,0.0],[-21.354293,76.168225,0.0],[-21.3543,76.168494,0.0],[-21.353176,76.168496,0.0],[-21.353196,76.169302,0.0],[-21.35432,76.169301,0.0],[-21.354334,76.169838,0.0],[-21.355458,76.169837,0.0],[-21.355472,76.170374,0.0],[-21.356596,76.170373,0.0],[-21.35772,76.170371,0.0],[-21.357727,76.17064,0.0],[-21.358851,76.170638,0.0],[-21.358865,76.171176,0.0],[-21.359989,76.171174,0.0],[-21.359996,76.171443,0.0],[-21.360017,76.17225,0.0],[-21.361141,76.172248,0.0],[-21.361155,76.172786,0.0],[-21.361162,76.173055,0.0],[-21.362286,76.173053,0.0],[-21.3623,76.173591,0.0],[-21.363425,76.173589,0.0],[-21.363439,76.174127,0.0],[-21.364563,76.174125,0.0],[-21.364598,76.175469,0.0],[-21.364605,76.175738,0.0],[-21.36464,76.177082,0.0],[-21.365764,76.177081,0.0],[-21.365771,76.17735,0.0],[-21.365778,76.177618,0.0],[-21.366903,76.177617,0.0],[-21.366917,76.178154,0.0],[-21.366924,76.178423,0.0],[-21.366945,76.17923,0.0],[-21.36582,76.179232,0.0],[-21.365827,76.1795,0.0],[-21.365834,76.179769,0.0],[-21.364709,76.179771,0.0],[-21.364737,76.180846,0.0],[-21.363612,76.180848,0.0],[-21.36364,76.181923,0.0],[-21.362514,76.181925,0.0],[-21.362521,76.182194,0.0],[-21.361396,76.182196,0.0],[-21.361389,76.181927,0.0],[-21.360264,76.181928,0.0],[-21.360257,76.181659,0.0],[-21.358007,76.181663,0.0],[-21.358013,76.181932,0.0],[-21.353513,76.181938,0.0],[-21.353506,76.181669,0.0],[-21.352381,76.181671,0.0],[-21.352374,76.181402,0.0],[-21.351249,76.181404,0.0],[-21.351235,76.180866,0.0],[-21.35011,76.180867,0.0],[-21.350104,76.180599,0.0],[-21.347853,76.180602,0.0],[-21.347847,76.180333,0.0],[-21.346722,76.180335,0.0],[-21.346715,76.180066,0.0],[-21.34559,76.180067,0.0],[-21.345583,76.179798,0.0],[-21.344458,76.1798,0.0],[-21.344452,76.179531,0.0],[-21.343327,76.179533,0.0],[-21.34332,76.179264,0.0],[-21.342195,76.179265,0.0],[-21.342189,76.178997,0.0],[-21.341064,76.178998,0.0],[-21.341057,76.178729,0.0],[-21.338807,76.178732,0.0],[-21.338801,76.178464,0.0],[-21.334301,76.17847,0.0],[-21.334295,76.178201,0.0],[-21.33317,76.178202,0.0],[-21.333163,76.177933,0.0],[-21.332039,76.177935,0.0],[-21.33202,76.177128,0.0],[-21.330895,76.17713,0.0],[-21.330876,76.176323,0.0],[-21.329751,76.176325,0.0],[-21.329739,76.175787,0.0],[-21.328614,76.175789,0.0],[-21.328608,76.17552,0.0],[-21.327483,76.175521,0.0],[-21.32747,76.174984,0.0],[-21.326346,76.174985,0.0],[-21.326339,76.174716,0.0],[-21.325215,76.174718,0.0],[-21.325209,76.174449,0.0],[-21.324084,76.17445,0.0],[-21.324078,76.174182,0.0],[-21.321829,76.174185,0.0],[-21.321822,76.173916,0.0],[-21.320698,76.173917,0.0],[-21.320692,76.173648,0.0],[-21.319567,76.17365,0.0],[-21.319555,76.173112,0.0],[-21.318431,76.173113,0.0],[-21.318424,76.172845,0.0],[-21.3173,76.172846,0.0],[-21.316176,76.172848,0.0],[-21.316169,76.172579,0.0],[-21.315045,76.17258,0.0],[-21.315039,76.172311,0.0],[-21.313915,76.172313,0.0],[-21.313909,76.172044,0.0],[-21.312784,76.172045,0.0],[-21.312772,76.171508,0.0],[-21.311648,76.171509,0.0],[-21.311636,76.170971,0.0],[-21.310512,76.170973,0.0],[-21.310506,76.170704,0.0],[-21.309381,76.170705,0.0],[-21.309376,76.170436,0.0],[-21.308251,76.170438,0.0],[-21.308245,76.170169,0.0],[-21.305997,76.170172,0.0],[-21.305991,76.169903,0.0],[-21.303742,76.169906,0.0],[-21.303737,76.169637,0.0],[-21.301488,76.16964,0.0],[-21.301482,76.169371,0.0],[-21.300358,76.169372,0.0],[-21.300352,76.169103,0.0],[-21.299228,76.169105,0.0],[-21.299223,76.168836,0.0],[-21.298098,76.168837,0.0],[-21.298093,76.168568,0.0],[-21.296969,76.16857,0.0],[-21.296963,76.168301,0.0],[-21.295839,76.168302,0.0],[-21.295833,76.168033,0.0],[-21.294709,76.168035,0.0],[-21.294703,76.167766,0.0],[-21.293579,76.167767,0.0],[-21.293574,76.167498,0.0],[-21.29245,76.1675,0.0],[-21.292444,76.167231,0.0],[-21.29132,76.167232,0.0],[-21.291315,76.166963,0.0],[-21.290191,76.166965,0.0],[-21.290185,76.166696,0.0],[-21.287937,76.166698,0.0],[-21.287931,76.16643,0.0],[-21.286808,76.166431,0.0],[-21.286802,76.166162,0.0],[-21.285678,76.166163,0.0],[-21.285673,76.165894,0.0],[-21.284549,76.165896,0.0],[-21.284543,76.165627,0.0],[-21.282295,76.165629,0.0],[-21.28229,76.165361,0.0],[-21.277794,76.165366,0.0],[-21.2778,76.165635,0.0],[-21.273304,76.16564,0.0],[-21.273299,76.165371,0.0],[-21.264308,76.165381,0.0],[-21.26206,76.165383,0.0],[-21.262055,76.165114,0.0],[-21.258683,76.165118,0.0],[-21.256435,76.16512,0.0],[-21.25644,76.165389,0.0],[-21.255316,76.16539,0.0],[-21.255321,76.165659,0.0],[-21.255326,76.165928,0.0],[-21.254202,76.165929,0.0],[-21.254207,76.166198,0.0],[-21.253083,76.166199,0.0],[-21.253088,76.166468,0.0],[-21.251964,76.166469,0.0],[-21.251969,76.166738,0.0],[-21.251978,76.167275,0.0],[-21.253102,76.167274,0.0],[-21.253107,76.167543,0.0],[-21.251983,76.167544,0.0],[-21.251988,76.167813,0.0],[-21.251993,76.168082,0.0],[-21.253117,76.168081,0.0],[-21.253122,76.16835,0.0],[-21.254246,76.168349,0.0],[-21.254251,76.168617,0.0],[-21.256499,76.168615,0.0],[-21.256504,76.168884,0.0],[-21.257628,76.168883,0.0],[-21.257638,76.16942,0.0],[-21.258762,76.169419,0.0],[-21.258767,76.169688,0.0],[-21.257643,76.169689,0.0],[-21.257648,76.169958,0.0],[-21.254275,76.169962,0.0],[-21.25427,76.169693,0.0],[-21.252022,76.169695,0.0],[-21.252017,76.169426,0.0],[-21.250893,76.169427,0.0],[-21.250888,76.169159,0.0],[-21.249764,76.16916,0.0],[-21.249759,76.168891,0.0],[-21.24751,76.168893,0.0],[-21.247506,76.168624,0.0],[-21.246382,76.168625,0.0],[-21.246386,76.168894,0.0],[-21.246391,76.169163,0.0],[-21.245267,76.169164,0.0],[-21.245271,76.169433,0.0],[-21.246396,76.169432,0.0],[-21.2464,76.169701,0.0],[-21.247525,76.1697,0.0],[-21.247529,76.169969,0.0],[-21.248654,76.169967,0.0],[-21.248658,76.170236,0.0],[-21.252031,76.170233,0.0],[-21.252041,76.170771,0.0],[-21.250916,76.170772,0.0],[-21.250921,76.171041,0.0],[-21.249797,76.171042,0.0],[-21.249802,76.171311,0.0],[-21.241931,76.171318,0.0],[-21.241926,76.17105,0.0],[-21.240802,76.171051,0.0],[-21.240797,76.170782,0.0],[-21.238549,76.170784,0.0],[-21.238544,76.170515,0.0],[-21.23742,76.170516,0.0],[-21.237393,76.168903,0.0],[-21.238517,76.168902,0.0],[-21.238508,76.168364,0.0],[-21.237384,76.168365,0.0],[-21.237366,76.16729,0.0],[-21.236242,76.167291,0.0],[-21.236237,76.167022,0.0],[-21.235113,76.167023,0.0],[-21.235109,76.166754,0.0],[-21.233985,76.166755,0.0],[-21.23398,76.166487,0.0],[-21.232856,76.166488,0.0],[-21.232852,76.166219,0.0],[-21.231728,76.16622,0.0],[-21.227232,76.166224,0.0],[-21.227227,76.165955,0.0],[-21.223856,76.165958,0.0],[-21.22386,76.166227,0.0],[-21.22238,76.166228,0.0],[-21.223048,76.165162,0.0]],[[-21.291827,76.137388,0.0],[-21.290705,76.13739,0.0],[-21.290722,76.138196,0.0],[-21.291844,76.138195,0.0],[-21.291827,76.137388,0.0]],[[-21.290689,76.136583,0.0],[-21.289567,76.136584,0.0],[-21.289573,76.136853,0.0],[-21.290694,76.136852,0.0],[-21.290689,76.136583,0.0]],[[-21.288413,76.134973,0.0],[-21.287291,76.134974,0.0],[-21.287297,76.135243,0.0],[-21.288418,76.135242,0.0],[-21.288413,76.134973,0.0]],[[-21.288435,76.136048,0.0],[-21.289556,76.136047,0.0],[-21.28954,76.13524,0.0],[-21.288418,76.135242,0.0],[-21.288435,76.136048,0.0]]]}},{"type":"Feature","properties":{"rgi_id":"RGI2000-v7.0-G-05-15674","o1region":"05"},"geometry":{"type":"Polygon","coordinates":[[[-21.454308,76.152182,0.0],[-21.451574,76.153684,0.0],[-21.448437,76.153357,0.0],[-21.44707,76.154108,0.0],[-21.440796,76.153453,0.0],[-21.442164,76.152702,0.0],[-21.439028,76.152375,0.0],[-21.440395,76.151624,0.0],[-21.437259,76.151297,0.0],[-21.438627,76.150546,0.0],[-21.435491,76.150218,0.0],[-21.439593,76.147965,0.0],[-21.436458,76.147638,0.0],[-21.437825,76.146887,0.0],[-21.428421,76.145904,0.0],[-21.429789,76.145154,0.0],[-21.426654,76.144826,0.0],[-21.428022,76.144075,0.0],[-21.424888,76.143747,0.0],[-21.426255,76.142997,0.0],[-21.423121,76.142669,0.0],[-21.425856,76.141167,0.0],[-21.42899,76.141495,0.0],[-21.431724,76.139993,0.0],[-21.425457,76.139338,0.0],[-21.426825,76.138587,0.0],[-21.423692,76.13826,0.0],[-21.425059,76.137509,0.0],[-21.418794,76.136853,0.0],[-21.417427,76.137604,0.0],[-21.398635,76.135637,0.0],[-21.397267,76.136388,0.0],[-21.394135,76.13606,0.0],[-21.392767,76.13681,0.0],[-21.370849,76.134513,0.0],[-21.372219,76.133762,0.0],[-21.369088,76.133434,0.0],[-21.370458,76.132684,0.0],[-21.361068,76.131698,0.0],[-21.362438,76.130948,0.0],[-21.35305,76.129962,0.0],[-21.35442,76.129212,0.0],[-21.345034,76.128226,0.0],[-21.346404,76.127476,0.0],[-21.340148,76.126818,0.0],[-21.341518,76.126068,0.0],[-21.329008,76.124753,0.0],[-21.330379,76.124003,0.0],[-21.320998,76.123016,0.0],[-21.318255,76.124516,0.0],[-21.302622,76.122871,0.0],[-21.303994,76.12212,0.0],[-21.297742,76.121462,0.0],[-21.29637,76.122212,0.0],[-21.286992,76.121224,0.0],[-21.292483,76.118224,0.0],[-21.283108,76.117236,0.0],[-21.284481,76.116486,0.0],[-21.278232,76.115827,0.0],[-21.279605,76.115077,0.0],[-21.276481,76.114747,0.0],[-21.277854,76.113997,0.0],[-21.26536,76.112679,0.0],[-21.266734,76.111929,0.0],[-21.260488,76.111269,0.0],[-21.261861,76.110519,0.0],[-21.255617,76.10986,0.0],[-21.254243,76.11061,0.0],[-21.251121,76.11028,0.0],[-21.252494,76.10953,0.0],[-21.249372,76.1092,0.0],[-21.250746,76.10845,0.0],[-21.247624,76.10812,0.0],[-21.248998,76.107371,0.0],[-21.242755,76.106711,0.0],[-21.244129,76.105961,0.0],[-21.219166,76.10332,0.0],[-21.22054,76.10257,0.0],[-21.217421,76.10224,0.0],[-21.218795,76.10149,0.0],[-21.215676,76.10116,0.0],[-21.217051,76.10041,0.0],[-21.213932,76.10008,0.0],[-21.219429,76.097082,0.0],[-21.216311,76.096752,0.0],[-21.220433,76.094503,0.0],[-21.217315,76.094173,0.0],[-21.218689,76.093423,0.0],[-21.212454,76.092762,0.0],[-21.213828,76.092013,0.0],[-21.210711,76.091682,0.0],[-21.225817,76.083437,0.0],[-21.222702,76.083107,0.0],[-21.23642,76.075611,0.0],[-21.239534,76.075941,0.0],[-21.242275,76.074442,0.0],[-21.239162,76.074112,0.0],[-21.240532,76.073362,0.0],[-21.24676,76.074022,0.0],[-21.24813,76.073272,0.0],[-21.251244,76.073602,0.0],[-21.255353,76.071353,0.0],[-21.25224,76.071023,0.0],[-21.25361,76.070273,0.0],[-21.250496,76.069943,0.0],[-21.251866,76.069194,0.0],[-21.248753,76.068864,0.0],[-21.252862,76.066615,0.0],[-21.246637,76.065955,0.0],[-21.248007,76.065205,0.0],[-21.244895,76.064875,0.0],[-21.247634,76.063376,0.0],[-21.2383,76.062386,0.0],[-21.23967,76.061636,0.0],[-21.236559,76.061306,0.0],[-21.237928,76.060557,0.0],[-21.234818,76.060227,0.0],[-21.237557,76.058727,0.0],[-21.243033,76.055729,0.0],[-21.246143,76.056059,0.0],[-21.248879,76.054559,0.0],[-21.251989,76.054889,0.0],[-21.256093,76.05264,0.0],[-21.259202,76.05297,0.0],[-21.261937,76.05147,0.0],[-21.265046,76.0518,0.0],[-21.266413,76.05105,0.0],[-21.275742,76.052039,0.0],[-21.277108,76.051289,0.0],[-21.292657,76.052936,0.0],[-21.295388,76.051437,0.0],[-21.298498,76.051766,0.0],[-21.302594,76.049516,0.0],[-21.305704,76.049845,0.0],[-21.307068,76.049095,0.0],[-21.310178,76.049424,0.0],[-21.311542,76.048674,0.0],[-21.314652,76.049003,0.0],[-21.31738,76.047503,0.0],[-21.3236,76.048161,0.0],[-21.326327,76.046661,0.0],[-21.329436,76.04699,0.0],[-21.330799,76.046239,0.0],[-21.333909,76.046568,0.0],[-21.335272,76.045818,0.0],[-21.338382,76.046147,0.0],[-21.341107,76.044646,0.0],[-21.344216,76.044975,0.0],[-21.351025,76.041224,0.0],[-21.354134,76.041552,0.0],[-21.36638,76.0348,0.0],[-21.369488,76.035128,0.0],[-21.372596,76.035456,0.0],[-21.373956,76.034706,0.0],[-21.377064,76.035034,0.0],[-21.375704,76.035784,0.0],[-21.394357,76.037753,0.0],[-21.395716,76.037003,0.0],[-21.398825,76.03733,0.0],[-21.397466,76.038081,0.0],[-21.403685,76.038737,0.0],[-21.402327,76.039487,0.0],[-21.411657,76.040471,0.0],[-21.413015,76.03972,0.0],[-21.422346,76.040703,0.0],[-21.420988,76.041454,0.0],[-21.42721,76.042109,0.0],[-21.425852,76.04286,0.0],[-21.435186,76.043842,0.0],[-21.433829,76.044593,0.0],[-21.436941,76.04492,0.0],[-21.438298,76.04417,0.0],[-21.447634,76.045152,0.0],[-21.44899,76.044401,0.0],[-21.452102,76.044728,0.0],[-21.45617,76.042475,0.0],[-21.465506,76.043457,0.0],[-21.466862,76.042706,0.0],[-21.469974,76.043033,0.0],[-21.468619,76.043784,0.0],[-21.474844,76.044438,0.0],[-21.473488,76.045189,0.0],[-21.482827,76.046169,0.0],[-21.484182,76.045418,0.0],[-21.490409,76.046072,0.0],[-21.491763,76.045321,0.0],[-21.494876,76.045647,0.0],[-21.49623,76.044896,0.0],[-21.499343,76.045223,0.0],[-21.503404,76.04297,0.0],[-21.506517,76.043296,0.0],[-21.50787,76.042545,0.0],[-21.510983,76.042871,0.0],[-21.512336,76.04212,0.0],[-21.515449,76.042447,0.0],[-21.516802,76.041696,0.0],[-21.538596,76.043979,0.0],[-21.54171,76.044305,0.0],[-21.544825,76.044631,0.0],[-21.538067,76.048388,0.0],[-21.541182,76.048714,0.0],[-21.537125,76.050968,0.0],[-21.540241,76.051294,0.0],[-21.537536,76.052797,0.0],[-21.540653,76.053123,0.0],[-21.529829,76.059133,0.0],[-21.532947,76.05946,0.0],[-21.531593,76.060211,0.0],[-21.537829,76.060863,0.0],[-21.536475,76.061615,0.0],[-21.539593,76.061941,0.0],[-21.53824,76.062692,0.0],[-21.541358,76.063018,0.0],[-21.535944,76.066024,0.0],[-21.539063,76.06635,0.0],[-21.537709,76.067101,0.0],[-21.540829,76.067427,0.0],[-21.538121,76.06893,0.0],[-21.550601,76.070234,0.0],[-21.549247,76.070985,0.0],[-21.558609,76.071963,0.0],[-21.555902,76.073466,0.0],[-21.562145,76.074118,0.0],[-21.560792,76.074869,0.0],[-21.563913,76.075195,0.0],[-21.56256,76.075947,0.0],[-21.565682,76.076272,0.0],[-21.564329,76.077024,0.0],[-21.573696,76.078001,0.0],[-21.575048,76.077249,0.0],[-21.581294,76.077901,0.0],[-21.582646,76.077149,0.0],[-21.592014,76.078125,0.0],[-21.593366,76.077374,0.0],[-21.596489,76.077699,0.0],[-21.597841,76.076947,0.0],[-21.610333,76.078248,0.0],[-21.608982,76.079,0.0],[-21.612106,76.079325,0.0],[-21.610755,76.080077,0.0],[-21.613879,76.080402,0.0],[-21.612528,76.081154,0.0],[-21.618776,76.081804,0.0],[-21.617426,76.082556,0.0],[-21.62055,76.082881,0.0],[-21.619199,76.083633,0.0],[-21.616074,76.083308,0.0],[-21.613372,76.084811,0.0],[-21.610247,76.084486,0.0],[-21.608895,76.085238,0.0],[-21.60577,76.084913,0.0],[-21.604418,76.085665,0.0],[-21.607543,76.08599,0.0],[-21.606191,76.086742,0.0],[-21.609317,76.087067,0.0],[-21.606613,76.08857,0.0],[-21.609739,76.088896,0.0],[-21.608386,76.089647,0.0],[-21.614639,76.090298,0.0],[-21.613287,76.09105,0.0],[-21.61954,76.0917,0.0],[-21.618188,76.092452,0.0],[-21.621315,76.092777,0.0],[-21.619963,76.093529,0.0],[-21.626218,76.094179,0.0],[-21.624866,76.09493,0.0],[-21.640506,76.096555,0.0],[-21.636452,76.098811,0.0],[-21.63958,76.099136,0.0],[-21.638229,76.099888,0.0],[-21.644487,76.100537,0.0],[-21.643136,76.101289,0.0],[-21.655655,76.102588,0.0],[-21.654304,76.10334,0.0],[-21.657434,76.103665,0.0],[-21.656083,76.104417,0.0],[-21.654732,76.105169,0.0],[-21.657863,76.105493,0.0],[-21.653809,76.10775,0.0],[-21.65694,76.108074,0.0],[-21.654237,76.109578,0.0],[-21.657369,76.109903,0.0],[-21.656017,76.110655,0.0],[-21.659149,76.11098,0.0],[-21.658866,76.111137,0.0],[-21.657411,76.111141,0.0],[-21.657424,76.11141,0.0],[-21.656304,76.111413,0.0],[-21.656391,76.113295,0.0],[-21.655271,76.113298,0.0],[-21.655334,76.114642,0.0],[-21.654214,76.114645,0.0],[-21.654201,76.114376,0.0],[-21.651962,76.114382,0.0],[-21.651949,76.114113,0.0],[-21.644111,76.114134,0.0],[-21.644123,76.114403,0.0],[-21.639644,76.114414,0.0],[-21.639656,76.114683,0.0],[-21.640776,76.11468,0.0],[-21.640783,76.114835,0.0],[-21.636298,76.114731,0.0],[-21.636285,76.114423,0.0],[-21.634045,76.114429,0.0],[-21.634033,76.11416,0.0],[-21.631793,76.114166,0.0],[-21.631781,76.113897,0.0],[-21.630662,76.1139,0.0],[-21.63065,76.113631,0.0],[-21.62841,76.113637,0.0],[-21.628375,76.11283,0.0],[-21.629494,76.112827,0.0],[-21.629482,76.112558,0.0],[-21.628363,76.112561,0.0],[-21.628339,76.112024,0.0],[-21.6261,76.112029,0.0],[-21.626088,76.11176,0.0],[-21.623848,76.111766,0.0],[-21.623837,76.111497,0.0],[-21.621597,76.111503,0.0],[-21.621621,76.112041,0.0],[-21.620501,76.112044,0.0],[-21.620513,76.112312,0.0],[-21.614915,76.112326,0.0],[-21.614903,76.112058,0.0],[-21.613784,76.11206,0.0],[-21.613772,76.111792,0.0],[-21.612652,76.111794,0.0],[-21.612641,76.111525,0.0],[-21.611521,76.111528,0.0],[-21.61151,76.111259,0.0],[-21.61039,76.111262,0.0],[-21.610379,76.110993,0.0],[-21.608139,76.110999,0.0],[-21.608128,76.11073,0.0],[-21.607008,76.110733,0.0],[-21.606997,76.110464,0.0],[-21.605877,76.110467,0.0],[-21.605866,76.110198,0.0],[-21.603627,76.110203,0.0],[-21.603616,76.109935,0.0],[-21.602496,76.109937,0.0],[-21.602485,76.109669,0.0],[-21.600246,76.109674,0.0],[-21.600234,76.109405,0.0],[-21.597996,76.109411,0.0],[-21.597984,76.109142,0.0],[-21.596865,76.109144,0.0],[-21.596854,76.108876,0.0],[-21.591257,76.108889,0.0],[-21.591245,76.10862,0.0],[-21.589007,76.108626,0.0],[-21.588996,76.108357,0.0],[-21.58228,76.108373,0.0],[-21.582269,76.108104,0.0],[-21.578911,76.108112,0.0],[-21.578922,76.108381,0.0],[-21.577802,76.108383,0.0],[-21.577813,76.108652,0.0],[-21.575574,76.108658,0.0],[-21.575585,76.108926,0.0],[-21.574466,76.108929,0.0],[-21.574455,76.10866,0.0],[-21.573336,76.108663,0.0],[-21.573325,76.108394,0.0],[-21.572206,76.108397,0.0],[-21.572184,76.107859,0.0],[-21.571065,76.107861,0.0],[-21.571054,76.107593,0.0],[-21.569934,76.107595,0.0],[-21.569924,76.107326,0.0],[-21.567685,76.107332,0.0],[-21.567674,76.107063,0.0],[-21.562078,76.107076,0.0],[-21.562089,76.107344,0.0],[-21.55985,76.10735,0.0],[-21.559872,76.107887,0.0],[-21.558752,76.10789,0.0],[-21.558763,76.108159,0.0],[-21.557644,76.108161,0.0],[-21.557654,76.10843,0.0],[-21.556535,76.108433,0.0],[-21.556545,76.108701,0.0],[-21.555426,76.108704,0.0],[-21.555436,76.108973,0.0],[-21.554317,76.108975,0.0],[-21.55437,76.110319,0.0],[-21.55325,76.110322,0.0],[-21.553271,76.11086,0.0],[-21.554391,76.110857,0.0],[-21.554412,76.111395,0.0],[-21.555531,76.111392,0.0],[-21.555542,76.111661,0.0],[-21.557781,76.111656,0.0],[-21.55777,76.111387,0.0],[-21.55889,76.111385,0.0],[-21.558879,76.111116,0.0],[-21.562238,76.111108,0.0],[-21.562249,76.111377,0.0],[-21.561129,76.11138,0.0],[-21.56114,76.111648,0.0],[-21.56002,76.111651,0.0],[-21.560041,76.112189,0.0],[-21.562281,76.112184,0.0],[-21.562291,76.112452,0.0],[-21.562862,76.112451,0.0],[-21.563427,76.112845,0.0],[-21.56363,76.112987,0.0],[-21.565166,76.114059,0.0],[-21.564595,76.11406,0.0],[-21.564584,76.113792,0.0],[-21.562345,76.113797,0.0],[-21.562366,76.114334,0.0],[-21.563486,76.114332,0.0],[-21.563507,76.114869,0.0],[-21.564627,76.114867,0.0],[-21.564649,76.115405,0.0],[-21.565768,76.115402,0.0],[-21.56579,76.11594,0.0],[-21.56691,76.115937,0.0],[-21.566931,76.116475,0.0],[-21.568051,76.116472,0.0],[-21.568084,76.117279,0.0],[-21.569204,76.117276,0.0],[-21.569301,76.119696,0.0],[-21.570421,76.119693,0.0],[-21.570454,76.1205,0.0],[-21.569333,76.120502,0.0],[-21.569366,76.121309,0.0],[-21.570486,76.121306,0.0],[-21.570508,76.121844,0.0],[-21.571628,76.121841,0.0],[-21.571693,76.123454,0.0],[-21.572814,76.123452,0.0],[-21.572847,76.124258,0.0],[-21.573967,76.124256,0.0],[-21.574033,76.125869,0.0],[-21.575153,76.125866,0.0],[-21.575208,76.12721,0.0],[-21.574087,76.127213,0.0],[-21.574174,76.129364,0.0],[-21.575295,76.129361,0.0],[-21.575317,76.129899,0.0],[-21.576438,76.129896,0.0],[-21.576471,76.130703,0.0],[-21.577592,76.1307,0.0],[-21.577658,76.132313,0.0],[-21.578779,76.13231,0.0],[-21.578823,76.133386,0.0],[-21.579944,76.133383,0.0],[-21.579976,76.134152,0.0],[-21.581333,76.134661,0.0],[-21.581823,76.13553,0.0],[-21.582276,76.135528,0.0],[-21.582309,76.136335,0.0],[-21.58343,76.136332,0.0],[-21.583464,76.137139,0.0],[-21.584585,76.137136,0.0],[-21.584619,76.137943,0.0],[-21.583497,76.137945,0.0],[-21.583508,76.138214,0.0],[-21.583335,76.138215,0.0],[-21.583487,76.138483,0.0],[-21.583519,76.138483,0.0],[-21.583522,76.138545,0.0],[-21.583638,76.138752,0.0],[-21.584652,76.138749,0.0],[-21.584674,76.139287,0.0],[-21.585796,76.139284,0.0],[-21.585818,76.139822,0.0],[-21.58694,76.139819,0.0],[-21.586951,76.140088,0.0],[-21.585829,76.140091,0.0],[-21.586008,76.144392,0.0],[-21.584885,76.144395,0.0],[-21.585063,76.148696,0.0],[-21.584231,76.148698,0.0],[-21.584079,76.150043,0.0],[-21.585119,76.150041,0.0],[-21.585141,76.150578,0.0],[-21.586264,76.150576,0.0],[-21.586297,76.151382,0.0],[-21.58742,76.151379,0.0],[-21.587431,76.151648,0.0],[-21.588554,76.151646,0.0],[-21.588599,76.152721,0.0],[-21.589722,76.152718,0.0],[-21.589789,76.154331,0.0],[-21.590912,76.154329,0.0],[-21.590935,76.154866,0.0],[-21.592058,76.154864,0.0],[-21.59208,76.155401,0.0],[-21.593203,76.155399,0.0],[-21.593226,76.155936,0.0],[-21.594349,76.155934,0.0],[-21.594383,76.15674,0.0],[-21.595506,76.156737,0.0],[-21.595529,76.157275,0.0],[-21.596652,76.157272,0.0],[-21.596663,76.157541,0.0],[-21.597786,76.157538,0.0],[-21.597809,76.158076,0.0],[-21.600056,76.158071,0.0],[-21.600067,76.158339,0.0],[-21.602314,76.158334,0.0],[-21.602337,76.158872,0.0],[-21.60346,76.158869,0.0],[-21.603472,76.159138,0.0],[-21.603157,76.159139,0.0],[-21.614558,76.159479,0.0],[-21.623449,76.158863,0.0],[-21.631417,76.159792,0.0],[-21.634917,76.160494,0.0],[-21.628598,76.163237,0.0],[-21.622561,76.16393,0.0],[-21.622782,76.163929,0.0],[-21.622806,76.164467,0.0],[-21.621682,76.16447,0.0],[-21.621694,76.164739,0.0],[-21.62057,76.164742,0.0],[-21.619446,76.164744,0.0],[-21.619458,76.165013,0.0],[-21.61721,76.165019,0.0],[-21.617222,76.165288,0.0],[-21.614974,76.165293,0.0],[-21.614986,76.165562,0.0],[-21.613862,76.165565,0.0],[-21.613874,76.165834,0.0],[-21.61275,76.165837,0.0],[-21.612762,76.166105,0.0],[-21.610514,76.166111,0.0],[-21.608266,76.166117,0.0],[-21.608278,76.166385,0.0],[-21.60603,76.166391,0.0],[-21.606041,76.16666,0.0],[-21.601545,76.166671,0.0],[-21.601534,76.166402,0.0],[-21.599286,76.166407,0.0],[-21.599309,76.166945,0.0],[-21.598185,76.166948,0.0],[-21.598219,76.167754,0.0],[-21.597095,76.167757,0.0],[-21.597107,76.168026,0.0],[-21.594858,76.168031,0.0],[-21.59487,76.1683,0.0],[-21.593746,76.168303,0.0],[-21.593723,76.167765,0.0],[-21.594847,76.167762,0.0],[-21.594813,76.166956,0.0],[-21.592565,76.166961,0.0],[-21.592576,76.16723,0.0],[-21.591452,76.167233,0.0],[-21.591464,76.167502,0.0],[-21.59034,76.167504,0.0],[-21.590351,76.167773,0.0],[-21.589227,76.167776,0.0],[-21.589238,76.168045,0.0],[-21.588114,76.168047,0.0],[-21.588237,76.171005,0.0],[-21.589362,76.171002,0.0],[-21.589395,76.171809,0.0],[-21.59052,76.171806,0.0],[-21.590553,76.172612,0.0],[-21.591678,76.17261,0.0],[-21.591745,76.174223,0.0],[-21.59287,76.17422,0.0],[-21.592893,76.174758,0.0],[-21.594017,76.174755,0.0],[-21.59404,76.175293,0.0],[-21.595165,76.17529,0.0],[-21.595187,76.175828,0.0],[-21.596312,76.175825,0.0],[-21.59638,76.177438,0.0],[-21.597505,76.177435,0.0],[-21.59755,76.178511,0.0],[-21.598675,76.178508,0.0],[-21.598744,76.180121,0.0],[-21.597619,76.180124,0.0],[-21.59763,76.180392,0.0],[-21.594255,76.180401,0.0],[-21.594266,76.180669,0.0],[-21.593141,76.180672,0.0],[-21.593164,76.18121,0.0],[-21.592039,76.181213,0.0],[-21.592061,76.18175,0.0],[-21.590936,76.181753,0.0],[-21.590959,76.182291,0.0],[-21.589834,76.182293,0.0],[-21.589867,76.1831,0.0],[-21.588742,76.183102,0.0],[-21.588765,76.18364,0.0],[-21.587639,76.183643,0.0],[-21.587683,76.184689,0.0],[-21.587557,76.184718,0.0],[-21.586559,76.184721,0.0],[-21.586568,76.18495,0.0],[-21.578521,76.186835,0.0],[-21.560615,76.185928,0.0],[-21.55393,76.18499,0.0],[-21.553922,76.184796,0.0],[-21.552797,76.184799,0.0],[-21.552776,76.184261,0.0],[-21.553901,76.184259,0.0],[-21.553859,76.183183,0.0],[-21.552733,76.183186,0.0],[-21.552712,76.182648,0.0],[-21.551587,76.182651,0.0],[-21.551577,76.182382,0.0],[-21.550451,76.182384,0.0],[-21.550409,76.181309,0.0],[-21.551534,76.181306,0.0],[-21.551335,76.176198,0.0],[-21.55021,76.176201,0.0],[-21.550179,76.175394,0.0],[-21.549054,76.175397,0.0],[-21.548981,76.173515,0.0],[-21.550105,76.173512,0.0],[-21.550074,76.172706,0.0],[-21.548949,76.172708,0.0],[-21.548918,76.171902,0.0],[-21.547793,76.171904,0.0],[-21.547762,76.171098,0.0],[-21.546638,76.1711,0.0],[-21.546617,76.170563,0.0],[-21.545493,76.170565,0.0],[-21.545472,76.170027,0.0],[-21.544348,76.17003,0.0],[-21.544317,76.169223,0.0],[-21.543192,76.169226,0.0],[-21.543172,76.168688,0.0],[-21.542048,76.168691,0.0],[-21.542027,76.168153,0.0],[-21.540903,76.168155,0.0],[-21.540893,76.167887,0.0],[-21.540882,76.167618,0.0],[-21.539758,76.16762,0.0],[-21.539748,76.167351,0.0],[-21.539738,76.167083,0.0],[-21.538614,76.167085,0.0],[-21.538583,76.166279,0.0],[-21.537459,76.166281,0.0],[-21.537428,76.165474,0.0],[-21.536304,76.165477,0.0],[-21.536284,76.164939,0.0],[-21.53516,76.164942,0.0],[-21.53514,76.164404,0.0],[-21.534016,76.164406,0.0],[-21.533996,76.163869,0.0],[-21.532872,76.163871,0.0],[-21.532852,76.163333,0.0],[-21.531728,76.163336,0.0],[-21.531708,76.162798,0.0],[-21.530584,76.162801,0.0],[-21.530564,76.162263,0.0],[-21.52944,76.162265,0.0],[-21.52942,76.161728,0.0],[-21.528296,76.16173,0.0],[-21.528266,76.160924,0.0],[-21.527143,76.160926,0.0],[-21.527113,76.160119,0.0],[-21.525989,76.160122,0.0],[-21.525969,76.159584,0.0],[-21.524846,76.159587,0.0],[-21.524836,76.159318,0.0],[-21.523712,76.15932,0.0],[-21.523692,76.158782,0.0],[-21.522569,76.158785,0.0],[-21.522549,76.158247,0.0],[-21.521426,76.158249,0.0],[-21.521416,76.157981,0.0],[-21.520293,76.157983,0.0],[-21.520273,76.157445,0.0],[-21.51915,76.157448,0.0],[-21.51912,76.156641,0.0],[-21.517997,76.156643,0.0],[-21.517957,76.155568,0.0],[-21.516834,76.15557,0.0],[-21.516805,76.154764,0.0],[-21.515682,76.154766,0.0],[-21.515642,76.153691,0.0],[-21.51452,76.153693,0.0],[-21.5145,76.153156,0.0],[-21.513377,76.153158,0.0],[-21.513358,76.15262,0.0],[-21.512235,76.152623,0.0],[-21.512215,76.152085,0.0],[-21.511092,76.152087,0.0],[-21.511063,76.151281,0.0],[-21.50994,76.151283,0.0],[-21.509911,76.150476,0.0],[-21.508789,76.150479,0.0],[-21.508769,76.149941,0.0],[-21.507647,76.149943,0.0],[-21.507627,76.149406,0.0],[-21.506505,76.149408,0.0],[-21.506457,76.148064,0.0],[-21.505334,76.148066,0.0],[-21.505315,76.147528,0.0],[-21.504192,76.147531,0.0],[-21.504068,76.144036,0.0],[-21.502946,76.144038,0.0],[-21.50286,76.141618,0.0],[-21.503982,76.141616,0.0],[-21.503847,76.137852,0.0],[-21.502726,76.137855,0.0],[-21.502687,76.136779,0.0],[-21.501566,76.136782,0.0],[-21.501537,76.135975,0.0],[-21.500416,76.135977,0.0],[-21.500406,76.135708,0.0],[-21.499285,76.135711,0.0],[-21.499275,76.135442,0.0],[-21.498154,76.135444,0.0],[-21.498144,76.135175,0.0],[-21.497023,76.135178,0.0],[-21.497004,76.13464,0.0],[-21.495883,76.134642,0.0],[-21.495873,76.134373,0.0],[-21.494752,76.134376,0.0],[-21.494742,76.134107,0.0],[-21.493621,76.134109,0.0],[-21.493602,76.133571,0.0],[-21.492481,76.133574,0.0],[-21.492443,76.132498,0.0],[-21.491322,76.1325,0.0],[-21.491285,76.131425,0.0],[-21.490164,76.131427,0.0],[-21.490136,76.130621,0.0],[-21.489015,76.130623,0.0],[-21.489005,76.130354,0.0],[-21.487884,76.130356,0.0],[-21.487866,76.129819,0.0],[-21.486745,76.129821,0.0],[-21.486735,76.129552,0.0],[-21.485614,76.129554,0.0],[-21.485605,76.129285,0.0],[-21.483363,76.12929,0.0],[-21.483354,76.129021,0.0],[-21.482233,76.129023,0.0],[-21.482224,76.128754,0.0],[-21.479982,76.128759,0.0],[-21.479973,76.12849,0.0],[-21.47661,76.128496,0.0],[-21.476601,76.128228,0.0],[-21.470996,76.128238,0.0],[-21.470978,76.127701,0.0],[-21.468737,76.127705,0.0],[-21.468728,76.127436,0.0],[-21.467607,76.127438,0.0],[-21.467616,76.127707,0.0],[-21.465374,76.127711,0.0],[-21.465383,76.12798,0.0],[-21.464262,76.127982,0.0],[-21.464288,76.128789,0.0],[-21.463167,76.128791,0.0],[-21.463176,76.12906,0.0],[-21.45645,76.129072,0.0],[-21.456459,76.129341,0.0],[-21.455338,76.129343,0.0],[-21.455346,76.129612,0.0],[-21.450862,76.12962,0.0],[-21.450871,76.129889,0.0],[-21.444144,76.129901,0.0],[-21.444136,76.129633,0.0],[-21.443015,76.129635,0.0],[-21.443023,76.129903,0.0],[-21.443032,76.130172,0.0],[-21.445274,76.130168,0.0],[-21.445299,76.130975,0.0],[-21.444178,76.130977,0.0],[-21.444187,76.131246,0.0],[-21.441944,76.13125,0.0],[-21.441936,76.130981,0.0],[-21.439694,76.130985,0.0],[-21.439702,76.131254,0.0],[-21.43746,76.131258,0.0],[-21.435217,76.131262,0.0],[-21.435226,76.131531,0.0],[-21.434104,76.131533,0.0],[-21.434129,76.132339,0.0],[-21.433008,76.132341,0.0],[-21.433016,76.13261,0.0],[-21.431895,76.132612,0.0],[-21.431903,76.132881,0.0],[-21.42966,76.132885,0.0],[-21.429669,76.133154,0.0],[-21.429677,76.133422,0.0],[-21.430798,76.13342,0.0],[-21.430806,76.133689,0.0],[-21.431928,76.133687,0.0],[-21.431936,76.133956,0.0],[-21.434179,76.133952,0.0],[-21.434187,76.134221,0.0],[-21.43643,76.134217,0.0],[-21.436438,76.134486,0.0],[-21.437559,76.134484,0.0],[-21.438681,76.134482,0.0],[-21.438673,76.134213,0.0],[-21.439794,76.134211,0.0],[-21.439777,76.133673,0.0],[-21.440899,76.133671,0.0],[-21.44089,76.133403,0.0],[-21.44874,76.133388,0.0],[-21.448731,76.133119,0.0],[-21.449852,76.133117,0.0],[-21.449818,76.132042,0.0],[-21.448697,76.132044,0.0],[-21.44868,76.131506,0.0],[-21.449801,76.131504,0.0],[-21.449793,76.131236,0.0],[-21.450914,76.131233,0.0],[-21.450922,76.131502,0.0],[-21.452043,76.1315,0.0],[-21.452052,76.131769,0.0],[-21.453173,76.131767,0.0],[-21.453182,76.132036,0.0],[-21.454303,76.132034,0.0],[-21.455424,76.132032,0.0],[-21.455433,76.132301,0.0],[-21.456554,76.132299,0.0],[-21.458797,76.132294,0.0],[-21.458788,76.132026,0.0],[-21.459909,76.132023,0.0],[-21.4599,76.131755,0.0],[-21.463264,76.131748,0.0],[-21.463255,76.131479,0.0],[-21.466619,76.131473,0.0],[-21.46661,76.131204,0.0],[-21.467731,76.131202,0.0],[-21.467722,76.130933,0.0],[-21.468843,76.130931,0.0],[-21.468837,76.130745,0.0],[-21.472223,76.131194,0.0],[-21.472216,76.131194,0.0],[-21.472225,76.131462,0.0],[-21.471104,76.131465,0.0],[-21.47113,76.132271,0.0],[-21.470009,76.132273,0.0],[-21.470027,76.132811,0.0],[-21.468906,76.132813,0.0],[-21.468932,76.13362,0.0],[-21.470054,76.133617,0.0],[-21.470072,76.134155,0.0],[-21.471193,76.134153,0.0],[-21.471229,76.135228,0.0],[-21.471283,76.136841,0.0],[-21.472404,76.136839,0.0],[-21.472413,76.137108,0.0],[-21.473212,76.137107,0.0],[-21.473222,76.137397,0.0],[-21.47672,76.138457,0.0],[-21.469847,76.140012,0.0],[-21.46192,76.139671,0.0],[-21.45593,76.138022,0.0],[-21.453354,76.137414,0.0],[-21.453337,76.136875,0.0],[-21.452215,76.136877,0.0],[-21.452189,76.136071,0.0],[-21.451068,76.136073,0.0],[-21.451059,76.135804,0.0],[-21.447695,76.13581,0.0],[-21.446573,76.135812,0.0],[-21.446582,76.136081,0.0],[-21.447703,76.136079,0.0],[-21.447729,76.136885,0.0],[-21.446607,76.136887,0.0],[-21.446616,76.137156,0.0],[-21.443251,76.137162,0.0],[-21.443259,76.137431,0.0],[-21.443276,76.137969,0.0],[-21.444398,76.137967,0.0],[-21.444406,76.138236,0.0],[-21.444415,76.138505,0.0],[-21.445536,76.138503,0.0],[-21.445545,76.138771,0.0],[-21.445562,76.139309,0.0],[-21.446684,76.139307,0.0],[-21.446701,76.139845,0.0],[-21.447822,76.139843,0.0],[-21.447831,76.140112,0.0],[-21.446709,76.140114,0.0],[-21.446743,76.141189,0.0],[-21.446752,76.141458,0.0],[-21.448238,76.141455,0.0],[-21.448132,76.141712,0.0],[-21.450218,76.143334,0.0],[-21.450177,76.143334,0.0],[-21.450186,76.143602,0.0],[-21.450203,76.14414,0.0],[-21.450229,76.144947,0.0],[-21.451351,76.144945,0.0],[-21.451377,76.145751,0.0],[-21.450254,76.145753,0.0],[-21.450263,76.146022,0.0],[-21.451385,76.14602,0.0],[-21.451394,76.146289,0.0],[-21.453639,76.146285,0.0],[-21.45363,76.146016,0.0],[-21.454752,76.146014,0.0],[-21.454726,76.145207,0.0],[-21.458093,76.145201,0.0],[-21.458111,76.145739,0.0],[-21.459233,76.145737,0.0],[-21.45925,76.146274,0.0],[-21.460373,76.146272,0.0],[-21.46039,76.14681,0.0],[-21.461513,76.146808,0.0],[-21.461521,76.147077,0.0],[-21.462644,76.147075,0.0],[-21.462662,76.147612,0.0],[-21.462688,76.148419,0.0],[-21.46381,76.148417,0.0],[-21.463819,76.148686,0.0],[-21.463846,76.149492,0.0],[-21.463872,76.150299,0.0],[-21.46275,76.150301,0.0],[-21.462758,76.15057,0.0],[-21.461636,76.150572,0.0],[-21.461644,76.150841,0.0],[-21.460522,76.150843,0.0],[-21.46053,76.151111,0.0],[-21.459408,76.151114,0.0],[-21.459416,76.151382,0.0],[-21.459451,76.152458,0.0],[-21.45946,76.15272,0.0],[-21.454308,76.152182,0.0]],[[-21.639632,76.114145,0.0],[-21.638512,76.114148,0.0],[-21.638524,76.114417,0.0],[-21.639644,76.114414,0.0],[-21.639632,76.114145,0.0]],[[-21.429628,76.131809,0.0],[-21.427385,76.131813,0.0],[-21.427393,76.132082,0.0],[-21.429636,76.132078,0.0],[-21.429628,76.131809,0.0]],[[-21.425216,76.134237,0.0],[-21.426337,76.134235,0.0],[-21.426329,76.133966,0.0],[-21.425208,76.133968,0.0],[-21.425199,76.133699,0.0],[-21.422957,76.133703,0.0],[-21.422965,76.133972,0.0],[-21.421843,76.133974,0.0],[-21.421851,76.134242,0.0],[-21.422973,76.134241,0.0],[-21.422981,76.134509,0.0],[-21.425224,76.134506,0.0],[-21.425216,76.134237,0.0]]]}},{"type":"Feature","properties":{"rgi_id":"RGI2000-v7.0-G-05-15675","o1region":"05"},"geometry":{"type":"Polygon","coordinates":[[[-21.667606,76.11364,0.0],[-21.667588,76.113264,0.0],[-21.666469,76.113268,0.0],[-21.666443,76.11273,0.0],[-21.665324,76.112733,0.0],[-21.665298,76.112195,0.0],[-21.664179,76.112198,0.0],[-21.664166,76.111929,0.0],[-21.663047,76.111932,0.0],[-21.663021,76.111395,0.0],[-21.661902,76.111398,0.0],[-21.661889,76.111129,0.0],[-21.658866,76.111137,0.0],[-21.659149,76.11098,0.0],[-21.656017,76.110655,0.0],[-21.657369,76.109903,0.0],[-21.654237,76.109578,0.0],[-21.65694,76.108074,0.0],[-21.653809,76.10775,0.0],[-21.657863,76.105493,0.0],[-21.654732,76.105169,0.0],[-21.656083,76.104417,0.0],[-21.657434,76.103665,0.0],[-21.654304,76.10334,0.0],[-21.655655,76.102588,0.0],[-21.643136,76.101289,0.0],[-21.644487,76.100537,0.0],[-21.638229,76.099888,0.0],[-21.63958,76.099136,0.0],[-21.636452,76.098811,0.0],[-21.640506,76.096555,0.0],[-21.624866,76.09493,0.0],[-21.626218,76.094179,0.0],[-21.619963,76.093529,0.0],[-21.621315,76.092777,0.0],[-21.618188,76.092452,0.0],[-21.61954,76.0917,0.0],[-21.613287,76.09105,0.0],[-21.614639,76.090298,0.0],[-21.608386,76.089647,0.0],[-21.609739,76.088896,0.0],[-21.606613,76.08857,0.0],[-21.609317,76.087067,0.0],[-21.606191,76.086742,0.0],[-21.607543,76.08599,0.0],[-21.604418,76.085665,0.0],[-21.60577,76.084913,0.0],[-21.608895,76.085238,0.0],[-21.610247,76.084486,0.0],[-21.613372,76.084811,0.0],[-21.616074,76.083308,0.0],[-21.619199,76.083633,0.0],[-21.62055,76.082881,0.0],[-21.617426,76.082556,0.0],[-21.618776,76.081804,0.0],[-21.612528,76.081154,0.0],[-21.613879,76.080402,0.0],[-21.610755,76.080077,0.0],[-21.612106,76.079325,0.0],[-21.608982,76.079,0.0],[-21.610333,76.078248,0.0],[-21.611684,76.077496,0.0],[-21.608561,76.077171,0.0],[-21.612613,76.074916,0.0],[-21.615736,76.075241,0.0],[-21.617086,76.074489,0.0],[-21.620209,76.074814,0.0],[-21.622909,76.073311,0.0],[-21.626032,76.073636,0.0],[-21.635476,76.068372,0.0],[-21.638598,76.068697,0.0],[-21.639946,76.067945,0.0],[-21.64619,76.068595,0.0],[-21.644842,76.069347,0.0],[-21.651087,76.069996,0.0],[-21.652435,76.069244,0.0],[-21.654366,76.069445,0.0],[-21.654454,76.071356,0.0],[-21.655571,76.071353,0.0],[-21.655633,76.072697,0.0],[-21.656749,76.072694,0.0],[-21.656836,76.074576,0.0],[-21.657953,76.074573,0.0],[-21.657965,76.074842,0.0],[-21.660132,76.074836,0.0],[-21.660202,76.074909,0.0],[-21.66039,76.075104,0.0],[-21.661936,76.076713,0.0],[-21.660286,76.076718,0.0],[-21.660274,76.076449,0.0],[-21.659157,76.076452,0.0],[-21.659232,76.078065,0.0],[-21.660349,76.078062,0.0],[-21.660399,76.079137,0.0],[-21.661516,76.079134,0.0],[-21.661541,76.079672,0.0],[-21.662658,76.079669,0.0],[-21.66267,76.079938,0.0],[-21.663787,76.079935,0.0],[-21.6638,76.080204,0.0],[-21.666034,76.080198,0.0],[-21.666047,76.080466,0.0],[-21.667164,76.080463,0.0],[-21.667176,76.080732,0.0],[-21.669411,76.080726,0.0],[-21.669423,76.080995,0.0],[-21.671658,76.080989,0.0],[-21.67167,76.081258,0.0],[-21.675022,76.081248,0.0],[-21.675035,76.081517,0.0],[-21.676152,76.081514,0.0],[-21.676165,76.081783,0.0],[-21.677282,76.08178,0.0],[-21.677295,76.082049,0.0],[-21.678412,76.082046,0.0],[-21.678425,76.082315,0.0],[-21.680659,76.082308,0.0],[-21.680672,76.082577,0.0],[-21.68179,76.082574,0.0],[-21.681802,76.082843,0.0],[-21.68292,76.08284,0.0],[-21.682933,76.083109,0.0],[-21.68405,76.083106,0.0],[-21.684063,76.083374,0.0],[-21.686298,76.083368,0.0],[-21.686311,76.083637,0.0],[-21.687428,76.083634,0.0],[-21.687441,76.083903,0.0],[-21.688558,76.0839,0.0],[-21.688584,76.084437,0.0],[-21.689702,76.084434,0.0],[-21.689715,76.084703,0.0],[-21.69195,76.084697,0.0],[-21.691963,76.084965,0.0],[-21.69308,76.084962,0.0],[-21.693094,76.085231,0.0],[-21.694211,76.085228,0.0],[-21.694369,76.088454,0.0],[-21.695486,76.088451,0.0],[-21.695473,76.088182,0.0],[-21.699944,76.088169,0.0],[-21.699957,76.088438,0.0],[-21.701075,76.088435,0.0],[-21.701102,76.088973,0.0],[-21.695513,76.088989,0.0],[-21.6955,76.08872,0.0],[-21.693264,76.088726,0.0],[-21.693277,76.088995,0.0],[-21.692159,76.088998,0.0],[-21.692199,76.089804,0.0],[-21.693317,76.089801,0.0],[-21.693356,76.090608,0.0],[-21.692238,76.090611,0.0],[-21.692251,76.09088,0.0],[-21.691133,76.090883,0.0],[-21.691146,76.091152,0.0],[-21.692264,76.091149,0.0],[-21.692277,76.091418,0.0],[-21.693395,76.091414,0.0],[-21.693409,76.091683,0.0],[-21.694527,76.09168,0.0],[-21.69454,76.091949,0.0],[-21.696776,76.091943,0.0],[-21.696802,76.09248,0.0],[-21.69792,76.092477,0.0],[-21.697933,76.092746,0.0],[-21.696815,76.092749,0.0],[-21.696829,76.093018,0.0],[-21.69012,76.093037,0.0],[-21.690133,76.093306,0.0],[-21.689015,76.093309,0.0],[-21.689028,76.093578,0.0],[-21.68791,76.093581,0.0],[-21.687923,76.09385,0.0],[-21.686805,76.093853,0.0],[-21.686818,76.094122,0.0],[-21.6857,76.094125,0.0],[-21.685713,76.094394,0.0],[-21.684594,76.094397,0.0],[-21.684607,76.094665,0.0],[-21.683489,76.094669,0.0],[-21.683515,76.095206,0.0],[-21.682397,76.095209,0.0],[-21.682435,76.096016,0.0],[-21.681317,76.096019,0.0],[-21.681407,76.097901,0.0],[-21.682526,76.097898,0.0],[-21.682591,76.099242,0.0],[-21.683709,76.099239,0.0],[-21.683735,76.099776,0.0],[-21.684854,76.099773,0.0],[-21.684893,76.10058,0.0],[-21.686011,76.100577,0.0],[-21.686024,76.100846,0.0],[-21.687143,76.100842,0.0],[-21.687156,76.101111,0.0],[-21.688275,76.101108,0.0],[-21.688288,76.101377,0.0],[-21.690525,76.101371,0.0],[-21.690539,76.10164,0.0],[-21.693895,76.10163,0.0],[-21.693908,76.101899,0.0],[-21.697264,76.101889,0.0],[-21.697278,76.102158,0.0],[-21.698396,76.102155,0.0],[-21.69841,76.102424,0.0],[-21.699529,76.102421,0.0],[-21.699568,76.103227,0.0],[-21.700687,76.103224,0.0],[-21.700701,76.103493,0.0],[-21.701036,76.103492,0.0],[-21.698539,76.104478,0.0],[-21.697889,76.104576,0.0],[-21.696278,76.104581,0.0],[-21.696264,76.104312,0.0],[-21.694026,76.104318,0.0],[-21.69404,76.104587,0.0],[-21.692921,76.10459,0.0],[-21.692934,76.104859,0.0],[-21.690696,76.104866,0.0],[-21.690709,76.105134,0.0],[-21.68959,76.105138,0.0],[-21.689603,76.105406,0.0],[-21.688484,76.10541,0.0],[-21.688497,76.105678,0.0],[-21.687378,76.105682,0.0],[-21.687391,76.10595,0.0],[-21.686272,76.105953,0.0],[-21.686285,76.106222,0.0],[-21.685165,76.106225,0.0],[-21.685178,76.106494,0.0],[-21.684059,76.106497,0.0],[-21.684072,76.106766,0.0],[-21.682953,76.106769,0.0],[-21.682966,76.107038,0.0],[-21.681847,76.107041,0.0],[-21.681886,76.107848,0.0],[-21.680766,76.107851,0.0],[-21.680921,76.111077,0.0],[-21.682041,76.111074,0.0],[-21.682054,76.111343,0.0],[-21.684293,76.111336,0.0],[-21.684306,76.111605,0.0],[-21.685425,76.111602,0.0],[-21.685438,76.111871,0.0],[-21.686558,76.111868,0.0],[-21.686571,76.112137,0.0],[-21.68881,76.11213,0.0],[-21.688823,76.112399,0.0],[-21.689943,76.112396,0.0],[-21.689956,76.112665,0.0],[-21.692195,76.112659,0.0],[-21.692208,76.112928,0.0],[-21.693328,76.112924,0.0],[-21.693341,76.113193,0.0],[-21.694461,76.11319,0.0],[-21.694474,76.113459,0.0],[-21.696714,76.113453,0.0],[-21.696727,76.113721,0.0],[-21.697847,76.113718,0.0],[-21.69786,76.113987,0.0],[-21.702339,76.113974,0.0],[-21.702325,76.113705,0.0],[-21.703445,76.113702,0.0],[-21.703432,76.113433,0.0],[-21.70903,76.113417,0.0],[-21.709017,76.113148,0.0],[-21.710137,76.113145,0.0],[-21.71015,76.113414,0.0],[-21.71127,76.113411,0.0],[-21.711297,76.113949,0.0],[-21.710177,76.113952,0.0],[-21.71019,76.114221,0.0],[-21.709071,76.114224,0.0],[-21.709084,76.114493,0.0],[-21.707964,76.114496,0.0],[-21.707978,76.114765,0.0],[-21.706858,76.114768,0.0],[-21.706871,76.115037,0.0],[-21.705752,76.11504,0.0],[-21.705763,76.115273,0.0],[-21.701016,76.11586,0.0],[-21.697952,76.115869,0.0],[-21.697966,76.116138,0.0],[-21.695726,76.116144,0.0],[-21.695739,76.116413,0.0],[-21.692379,76.116422,0.0],[-21.692406,76.11696,0.0],[-21.691286,76.116963,0.0],[-21.691286,76.116983,0.0],[-21.68956,76.116804,0.0],[-21.69091,76.116052,0.0],[-21.667606,76.11364,0.0]],[[-21.690048,76.114547,0.0],[-21.690074,76.115084,0.0],[-21.693433,76.115075,0.0],[-21.69342,76.114806,0.0],[-21.6923,76.114809,0.0],[-21.692287,76.114541,0.0],[-21.691167,76.114544,0.0],[-21.691154,76.114275,0.0],[-21.690035,76.114278,0.0],[-21.690021,76.114009,0.0],[-21.688902,76.114012,0.0],[-21.688928,76.11455,0.0],[-21.690048,76.114547,0.0]]]}},{"type":"Feature","properties":{"rgi_id":"RGI2000-v7.0-G-05-15676","o1region":"05"},"geometry":{"type":"Polygon","coordinates":[[[-21.667606,76.11364,0.0],[-21.69091,76.116052,0.0],[-21.68956,76.116804,0.0],[-21.691286,76.116983,0.0],[-21.69139,76.119114,0.0],[-21.69027,76.119117,0.0],[-21.690297,76.119655,0.0],[-21.689176,76.119658,0.0],[-21.689202,76.120196,0.0],[-21.686962,76.120202,0.0],[-21.686975,76.120471,0.0],[-21.683614,76.12048,0.0],[-21.683601,76.120211,0.0],[-21.682481,76.120214,0.0],[-21.682442,76.119408,0.0],[-21.681322,76.119411,0.0],[-21.681309,76.119142,0.0],[-21.680189,76.119145,0.0],[-21.680202,76.119414,0.0],[-21.679082,76.119417,0.0],[-21.679107,76.119955,0.0],[-21.677987,76.119958,0.0],[-21.678,76.120227,0.0],[-21.67688,76.12023,0.0],[-21.676893,76.120499,0.0],[-21.673532,76.120508,0.0],[-21.673545,76.120777,0.0],[-21.672424,76.12078,0.0],[-21.672437,76.121049,0.0],[-21.671317,76.121052,0.0],[-21.671329,76.12132,0.0],[-21.667968,76.12133,0.0],[-21.667956,76.121061,0.0],[-21.665715,76.121067,0.0],[-21.665702,76.120798,0.0],[-21.664582,76.120801,0.0],[-21.66457,76.120532,0.0],[-21.663449,76.120535,0.0],[-21.663424,76.119998,0.0],[-21.661184,76.120004,0.0],[-21.661171,76.119735,0.0],[-21.660051,76.119738,0.0],[-21.660013,76.118931,0.0],[-21.661133,76.118928,0.0],[-21.661121,76.118659,0.0],[-21.663361,76.118653,0.0],[-21.663349,76.118385,0.0],[-21.664469,76.118381,0.0],[-21.664355,76.115962,0.0],[-21.665475,76.115959,0.0],[-21.665462,76.11569,0.0],[-21.666582,76.115687,0.0],[-21.66657,76.115418,0.0],[-21.66769,76.115415,0.0],[-21.667677,76.115146,0.0],[-21.668797,76.115143,0.0],[-21.668771,76.114606,0.0],[-21.669891,76.114603,0.0],[-21.669878,76.114334,0.0],[-21.668759,76.114337,0.0],[-21.668733,76.113799,0.0],[-21.667614,76.113802,0.0],[-21.667606,76.11364,0.0]],[[-21.678901,76.115653,0.0],[-21.678914,76.115922,0.0],[-21.677794,76.115925,0.0],[-21.67782,76.116463,0.0],[-21.67894,76.11646,0.0],[-21.678953,76.116729,0.0],[-21.682313,76.116719,0.0],[-21.6823,76.116451,0.0],[-21.68342,76.116447,0.0],[-21.683394,76.11591,0.0],[-21.682274,76.115913,0.0],[-21.682261,76.115644,0.0],[-21.678901,76.115653,0.0]]]}},{"type":"Feature","properties":{"rgi_id":"RGI2000-v7.0-G-05-16110","o1region":"05"},"geometry":{"type":"Polygon","coordinates":[[[-21.259459,77.000694,0.0],[-21.259454,77.000425,0.0],[-21.260648,77.000424,0.0],[-21.260622,76.99908,0.0],[-21.261816,76.999079,0.0],[-21.26179,76.997735,0.0],[-21.262984,76.997733,0.0],[-21.262974,76.997196,0.0],[-21.264168,76.997195,0.0],[-21.264152,76.996388,0.0],[-21.265346,76.996387,0.0],[-21.26533,76.99558,0.0],[-21.266524,76.995579,0.0],[-21.266497,76.994235,0.0],[-21.267691,76.994234,0.0],[-21.267675,76.993427,0.0],[-21.266481,76.993428,0.0],[-21.26647,76.992891,0.0],[-21.265276,76.992892,0.0],[-21.265271,76.992623,0.0],[-21.264077,76.992624,0.0],[-21.264071,76.992356,0.0],[-21.262877,76.992357,0.0],[-21.262872,76.992088,0.0],[-21.261678,76.992089,0.0],[-21.261673,76.99182,0.0],[-21.259285,76.991823,0.0],[-21.25929,76.992091,0.0],[-21.258096,76.992093,0.0],[-21.258102,76.992362,0.0],[-21.256908,76.992363,0.0],[-21.256913,76.992632,0.0],[-21.252137,76.992636,0.0],[-21.252132,76.992367,0.0],[-21.250938,76.992368,0.0],[-21.250933,76.9921,0.0],[-21.249739,76.992101,0.0],[-21.249729,76.991563,0.0],[-21.248535,76.991564,0.0],[-21.24853,76.991295,0.0],[-21.247336,76.991297,0.0],[-21.247331,76.991028,0.0],[-21.244943,76.99103,0.0],[-21.244958,76.991836,0.0],[-21.246152,76.991835,0.0],[-21.246187,76.993717,0.0],[-21.244993,76.993718,0.0],[-21.245003,76.994256,0.0],[-21.242614,76.994258,0.0],[-21.242609,76.993989,0.0],[-21.241415,76.993991,0.0],[-21.241405,76.993453,0.0],[-21.240211,76.993454,0.0],[-21.240207,76.993185,0.0],[-21.239012,76.993186,0.0],[-21.239008,76.992917,0.0],[-21.237814,76.992918,0.0],[-21.237799,76.992112,0.0],[-21.236605,76.992113,0.0],[-21.2366,76.991844,0.0],[-21.235406,76.991845,0.0],[-21.235392,76.991039,0.0],[-21.234198,76.99104,0.0],[-21.234184,76.990233,0.0],[-21.23299,76.990234,0.0],[-21.232981,76.989697,0.0],[-21.231787,76.989698,0.0],[-21.231778,76.98916,0.0],[-21.230584,76.989161,0.0],[-21.230579,76.988892,0.0],[-21.229386,76.988893,0.0],[-21.229381,76.988625,0.0],[-21.226994,76.988627,0.0],[-21.226989,76.988358,0.0],[-21.225795,76.988359,0.0],[-21.225791,76.98809,0.0],[-21.221016,76.988094,0.0],[-21.221021,76.988363,0.0],[-21.219827,76.988364,0.0],[-21.219832,76.988633,0.0],[-21.218638,76.988634,0.0],[-21.218642,76.988903,0.0],[-21.217449,76.988904,0.0],[-21.217466,76.989979,0.0],[-21.21866,76.989978,0.0],[-21.218669,76.990516,0.0],[-21.217475,76.990517,0.0],[-21.21748,76.990785,0.0],[-21.213898,76.990788,0.0],[-21.213903,76.991057,0.0],[-21.212709,76.991058,0.0],[-21.212713,76.991327,0.0],[-21.210325,76.991329,0.0],[-21.21033,76.991598,0.0],[-21.209136,76.991599,0.0],[-21.209144,76.992136,0.0],[-21.210338,76.992136,0.0],[-21.210351,76.992942,0.0],[-21.211545,76.992941,0.0],[-21.211553,76.993479,0.0],[-21.210359,76.99348,0.0],[-21.210364,76.993749,0.0],[-21.20917,76.993749,0.0],[-21.209174,76.994018,0.0],[-21.200815,76.994025,0.0],[-21.200811,76.993756,0.0],[-21.196034,76.99376,0.0],[-21.196038,76.994028,0.0],[-21.19365,76.99403,0.0],[-21.193654,76.994299,0.0],[-21.19246,76.9943,0.0],[-21.192464,76.994569,0.0],[-21.188881,76.994571,0.0],[-21.188877,76.994303,0.0],[-21.190072,76.994302,0.0],[-21.190068,76.994033,0.0],[-21.191262,76.994032,0.0],[-21.191258,76.993763,0.0],[-21.190064,76.993764,0.0],[-21.19006,76.993495,0.0],[-21.185284,76.993499,0.0],[-21.18528,76.99323,0.0],[-21.184086,76.993231,0.0],[-21.184071,76.992155,0.0],[-21.185265,76.992155,0.0],[-21.185254,76.991348,0.0],[-21.186447,76.991347,0.0],[-21.18641,76.988659,0.0],[-21.185216,76.98866,0.0],[-21.185208,76.988122,0.0],[-21.186402,76.988121,0.0],[-21.186372,76.98597,0.0],[-21.187565,76.98597,0.0],[-21.187561,76.985701,0.0],[-21.188755,76.9857,0.0],[-21.188751,76.985431,0.0],[-21.189944,76.98543,0.0],[-21.18994,76.985161,0.0],[-21.191134,76.98516,0.0],[-21.19113,76.984892,0.0],[-21.192323,76.984891,0.0],[-21.192315,76.984353,0.0],[-21.193509,76.984352,0.0],[-21.193505,76.984083,0.0],[-21.197084,76.984081,0.0],[-21.19708,76.983812,0.0],[-21.199467,76.98381,0.0],[-21.199463,76.983541,0.0],[-21.200656,76.98354,0.0],[-21.200652,76.983271,0.0],[-21.201845,76.983271,0.0],[-21.201841,76.983002,0.0],[-21.203034,76.983001,0.0],[-21.203026,76.982463,0.0],[-21.201833,76.982464,0.0],[-21.201825,76.981926,0.0],[-21.203018,76.981925,0.0],[-21.203009,76.981388,0.0],[-21.201816,76.981389,0.0],[-21.201812,76.98112,0.0],[-21.199426,76.981122,0.0],[-21.199422,76.980853,0.0],[-21.197036,76.980855,0.0],[-21.197032,76.980586,0.0],[-21.19584,76.980587,0.0],[-21.195836,76.980318,0.0],[-21.19345,76.98032,0.0],[-21.193446,76.980051,0.0],[-21.19106,76.980053,0.0],[-21.191056,76.979784,0.0],[-21.18867,76.979786,0.0],[-21.188667,76.979517,0.0],[-21.185088,76.979519,0.0],[-21.185084,76.97925,0.0],[-21.180313,76.979254,0.0],[-21.18031,76.978985,0.0],[-21.174346,76.978989,0.0],[-21.174342,76.97872,0.0],[-21.171957,76.978722,0.0],[-21.171953,76.978453,0.0],[-21.167182,76.978456,0.0],[-21.167179,76.978187,0.0],[-21.165986,76.978188,0.0],[-21.165976,76.977381,0.0],[-21.164783,76.977382,0.0],[-21.16478,76.977113,0.0],[-21.163587,76.977114,0.0],[-21.163584,76.976845,0.0],[-21.161199,76.976847,0.0],[-21.161196,76.976578,0.0],[-21.160003,76.976579,0.0],[-21.16,76.97631,0.0],[-21.158807,76.976311,0.0],[-21.158804,76.976042,0.0],[-21.157612,76.976042,0.0],[-21.157608,76.975774,0.0],[-21.158801,76.975773,0.0],[-21.158798,76.975504,0.0],[-21.15999,76.975503,0.0],[-21.159987,76.975234,0.0],[-21.161179,76.975234,0.0],[-21.161173,76.974696,0.0],[-21.15998,76.974697,0.0],[-21.159977,76.974428,0.0],[-21.158785,76.974429,0.0],[-21.158782,76.97416,0.0],[-21.156397,76.974161,0.0],[-21.156394,76.973892,0.0],[-21.154009,76.973894,0.0],[-21.154006,76.973625,0.0],[-21.152814,76.973626,0.0],[-21.152811,76.973357,0.0],[-21.151618,76.973358,0.0],[-21.151609,76.972551,0.0],[-21.150417,76.972552,0.0],[-21.150414,76.972283,0.0],[-21.149222,76.972284,0.0],[-21.149219,76.972015,0.0],[-21.148026,76.972015,0.0],[-21.148023,76.971747,0.0],[-21.145639,76.971748,0.0],[-21.145636,76.971479,0.0],[-21.144444,76.97148,0.0],[-21.144435,76.970673,0.0],[-21.145627,76.970673,0.0],[-21.145621,76.970135,0.0],[-21.144429,76.970136,0.0],[-21.144424,76.969598,0.0],[-21.14204,76.969599,0.0],[-21.142037,76.96933,0.0],[-21.140845,76.969331,0.0],[-21.140842,76.969062,0.0],[-21.143226,76.969061,0.0],[-21.143229,76.96933,0.0],[-21.145613,76.969328,0.0],[-21.145616,76.969597,0.0],[-21.146807,76.969597,0.0],[-21.14681,76.969865,0.0],[-21.148002,76.969865,0.0],[-21.148005,76.970134,0.0],[-21.149197,76.970133,0.0],[-21.1492,76.970402,0.0],[-21.150392,76.970401,0.0],[-21.150395,76.97067,0.0],[-21.15278,76.970669,0.0],[-21.152783,76.970937,0.0],[-21.153975,76.970937,0.0],[-21.153978,76.971206,0.0],[-21.15517,76.971205,0.0],[-21.155173,76.971474,0.0],[-21.156365,76.971473,0.0],[-21.156368,76.971742,0.0],[-21.158753,76.97174,0.0],[-21.158756,76.972009,0.0],[-21.159948,76.972008,0.0],[-21.159951,76.972277,0.0],[-21.161143,76.972277,0.0],[-21.161147,76.972545,0.0],[-21.162339,76.972545,0.0],[-21.162342,76.972813,0.0],[-21.164727,76.972812,0.0],[-21.16473,76.973081,0.0],[-21.165922,76.97308,0.0],[-21.165926,76.973349,0.0],[-21.16831,76.973347,0.0],[-21.168307,76.973079,0.0],[-21.169499,76.973078,0.0],[-21.169489,76.972271,0.0],[-21.168296,76.972272,0.0],[-21.16829,76.971734,0.0],[-21.167097,76.971735,0.0],[-21.167094,76.971466,0.0],[-21.165902,76.971467,0.0],[-21.165899,76.971198,0.0],[-21.163514,76.9712,0.0],[-21.163511,76.970931,0.0],[-21.162319,76.970932,0.0],[-21.162316,76.970663,0.0],[-21.161124,76.970664,0.0],[-21.161121,76.970395,0.0],[-21.158737,76.970396,0.0],[-21.158733,76.970127,0.0],[-21.156349,76.970129,0.0],[-21.156346,76.96986,0.0],[-21.153962,76.969861,0.0],[-21.153959,76.969593,0.0],[-21.151575,76.969594,0.0],[-21.151572,76.969325,0.0],[-21.15038,76.969326,0.0],[-21.150377,76.969057,0.0],[-21.147993,76.969058,0.0],[-21.147996,76.969327,0.0],[-21.146805,76.969328,0.0],[-21.146802,76.969059,0.0],[-21.14561,76.96906,0.0],[-21.145607,76.968791,0.0],[-21.144415,76.968791,0.0],[-21.144409,76.968254,0.0],[-21.143217,76.968254,0.0],[-21.143214,76.967986,0.0],[-21.142022,76.967986,0.0],[-21.14202,76.967717,0.0],[-21.140828,76.967718,0.0],[-21.140822,76.96718,0.0],[-21.13963,76.967181,0.0],[-21.139625,76.966643,0.0],[-21.138433,76.966644,0.0],[-21.13843,76.966375,0.0],[-21.137239,76.966376,0.0],[-21.137236,76.966107,0.0],[-21.136044,76.966108,0.0],[-21.136041,76.965839,0.0],[-21.13485,76.965839,0.0],[-21.134847,76.965571,0.0],[-21.133656,76.965571,0.0],[-21.133653,76.965302,0.0],[-21.132461,76.965303,0.0],[-21.132459,76.965034,0.0],[-21.131267,76.965035,0.0],[-21.131264,76.964766,0.0],[-21.130073,76.964766,0.0],[-21.130065,76.96396,0.0],[-21.131256,76.963959,0.0],[-21.131254,76.963691,0.0],[-21.132445,76.96369,0.0],[-21.132448,76.963959,0.0],[-21.133639,76.963958,0.0],[-21.133642,76.964227,0.0],[-21.134833,76.964226,0.0],[-21.134836,76.964495,0.0],[-21.136028,76.964495,0.0],[-21.13603,76.964763,0.0],[-21.137222,76.964763,0.0],[-21.137227,76.9653,0.0],[-21.138419,76.9653,0.0],[-21.138422,76.965569,0.0],[-21.140805,76.965567,0.0],[-21.140808,76.965836,0.0],[-21.146766,76.965833,0.0],[-21.146769,76.966102,0.0],[-21.149152,76.9661,0.0],[-21.149155,76.966369,0.0],[-21.151538,76.966368,0.0],[-21.151541,76.966637,0.0],[-21.153925,76.966635,0.0],[-21.153928,76.966904,0.0],[-21.157503,76.966902,0.0],[-21.157506,76.967171,0.0],[-21.158698,76.96717,0.0],[-21.158701,76.967439,0.0],[-21.161085,76.967437,0.0],[-21.161088,76.967706,0.0],[-21.164663,76.967704,0.0],[-21.164666,76.967973,0.0],[-21.165858,76.967972,0.0],[-21.165862,76.968241,0.0],[-21.167053,76.96824,0.0],[-21.167057,76.968509,0.0],[-21.173016,76.968505,0.0],[-21.173013,76.968236,0.0],[-21.174204,76.968236,0.0],[-21.174197,76.967698,0.0],[-21.175389,76.967697,0.0],[-21.175382,76.967159,0.0],[-21.176574,76.967159,0.0],[-21.176566,76.966621,0.0],[-21.177758,76.96662,0.0],[-21.177751,76.966082,0.0],[-21.178943,76.966082,0.0],[-21.178939,76.965813,0.0],[-21.180131,76.965812,0.0],[-21.18012,76.965006,0.0],[-21.178928,76.965006,0.0],[-21.178924,76.964737,0.0],[-21.177733,76.964738,0.0],[-21.177729,76.964469,0.0],[-21.176538,76.96447,0.0],[-21.176534,76.964201,0.0],[-21.175343,76.964202,0.0],[-21.175339,76.963933,0.0],[-21.172956,76.963935,0.0],[-21.172953,76.963666,0.0],[-21.171762,76.963667,0.0],[-21.171758,76.963398,0.0],[-21.170567,76.963399,0.0],[-21.170563,76.96313,0.0],[-21.172946,76.963128,0.0],[-21.172949,76.963397,0.0],[-21.175332,76.963396,0.0],[-21.175336,76.963665,0.0],[-21.176527,76.963664,0.0],[-21.176531,76.963933,0.0],[-21.177722,76.963932,0.0],[-21.177726,76.964201,0.0],[-21.178917,76.9642,0.0],[-21.178921,76.964469,0.0],[-21.183687,76.964465,0.0],[-21.183683,76.964197,0.0],[-21.18964,76.964192,0.0],[-21.189636,76.963923,0.0],[-21.201551,76.963914,0.0],[-21.201555,76.964183,0.0],[-21.206321,76.96418,0.0],[-21.206325,76.964448,0.0],[-21.207516,76.964447,0.0],[-21.207525,76.964985,0.0],[-21.208716,76.964984,0.0],[-21.20872,76.965253,0.0],[-21.209912,76.965252,0.0],[-21.209916,76.965521,0.0],[-21.211108,76.96552,0.0],[-21.211112,76.965789,0.0],[-21.212304,76.965788,0.0],[-21.212308,76.966057,0.0],[-21.213499,76.966056,0.0],[-21.213504,76.966324,0.0],[-21.214695,76.966324,0.0],[-21.214704,76.966861,0.0],[-21.215896,76.96686,0.0],[-21.2159,76.967129,0.0],[-21.217092,76.967128,0.0],[-21.217096,76.967397,0.0],[-21.218288,76.967396,0.0],[-21.218306,76.968471,0.0],[-21.219498,76.96847,0.0],[-21.219515,76.969546,0.0],[-21.220707,76.969545,0.0],[-21.220716,76.970082,0.0],[-21.221908,76.970081,0.0],[-21.221917,76.970619,0.0],[-21.223109,76.970618,0.0],[-21.223123,76.971424,0.0],[-21.224315,76.971423,0.0],[-21.224319,76.971692,0.0],[-21.225512,76.971691,0.0],[-21.225525,76.972498,0.0],[-21.226717,76.972497,0.0],[-21.226727,76.973034,0.0],[-21.227919,76.973033,0.0],[-21.227924,76.973302,0.0],[-21.229116,76.973301,0.0],[-21.229125,76.973839,0.0],[-21.230317,76.973838,0.0],[-21.230327,76.974375,0.0],[-21.231519,76.974374,0.0],[-21.231528,76.974912,0.0],[-21.232721,76.974911,0.0],[-21.232726,76.97518,0.0],[-21.233918,76.975179,0.0],[-21.233923,76.975447,0.0],[-21.235115,76.975446,0.0],[-21.235091,76.974102,0.0],[-21.236284,76.974101,0.0],[-21.236269,76.973295,0.0],[-21.235077,76.973296,0.0],[-21.235058,76.97222,0.0],[-21.233866,76.972221,0.0],[-21.233852,76.971415,0.0],[-21.23266,76.971416,0.0],[-21.23265,76.970878,0.0],[-21.231458,76.970879,0.0],[-21.231444,76.970073,0.0],[-21.230252,76.970074,0.0],[-21.230196,76.966848,0.0],[-21.229004,76.966849,0.0],[-21.228958,76.964161,0.0],[-21.230149,76.96416,0.0],[-21.230145,76.963891,0.0],[-21.231336,76.96389,0.0],[-21.231327,76.963352,0.0],[-21.232518,76.963351,0.0],[-21.232513,76.963082,0.0],[-21.231322,76.963083,0.0],[-21.231317,76.962814,0.0],[-21.234891,76.962811,0.0],[-21.234887,76.962542,0.0],[-21.236078,76.962541,0.0],[-21.236073,76.962272,0.0],[-21.237264,76.962271,0.0],[-21.23726,76.962003,0.0],[-21.239642,76.962,0.0],[-21.239637,76.961732,0.0],[-21.240828,76.96173,0.0],[-21.240824,76.961462,0.0],[-21.244397,76.961458,0.0],[-21.244402,76.961727,0.0],[-21.247976,76.961724,0.0],[-21.247981,76.961993,0.0],[-21.249172,76.961991,0.0],[-21.249177,76.96226,0.0],[-21.250368,76.962259,0.0],[-21.250373,76.962528,0.0],[-21.251565,76.962527,0.0],[-21.25157,76.962796,0.0],[-21.252761,76.962794,0.0],[-21.252766,76.963063,0.0],[-21.253958,76.963062,0.0],[-21.253994,76.964944,0.0],[-21.255185,76.964943,0.0],[-21.255196,76.96548,0.0],[-21.256387,76.965479,0.0],[-21.256397,76.966017,0.0],[-21.257589,76.966016,0.0],[-21.257594,76.966285,0.0],[-21.258786,76.966283,0.0],[-21.258796,76.966821,0.0],[-21.259988,76.96682,0.0],[-21.259993,76.967089,0.0],[-21.261185,76.967088,0.0],[-21.261196,76.967625,0.0],[-21.262387,76.967624,0.0],[-21.262398,76.968162,0.0],[-21.26359,76.968161,0.0],[-21.263595,76.968429,0.0],[-21.265979,76.968427,0.0],[-21.265995,76.969233,0.0],[-21.264803,76.969235,0.0],[-21.264808,76.969503,0.0],[-21.263617,76.969505,0.0],[-21.263638,76.97058,0.0],[-21.26483,76.970579,0.0],[-21.264835,76.970848,0.0],[-21.266027,76.970846,0.0],[-21.266033,76.971115,0.0],[-21.267225,76.971114,0.0],[-21.26723,76.971383,0.0],[-21.268422,76.971382,0.0],[-21.268428,76.971651,0.0],[-21.27558,76.971643,0.0],[-21.275575,76.971374,0.0],[-21.276767,76.971373,0.0],[-21.276761,76.971104,0.0],[-21.277953,76.971103,0.0],[-21.277948,76.970834,0.0],[-21.27914,76.970833,0.0],[-21.279134,76.970564,0.0],[-21.280326,76.970563,0.0],[-21.28032,76.970294,0.0],[-21.281512,76.970293,0.0],[-21.281495,76.969486,0.0],[-21.282687,76.969485,0.0],[-21.282676,76.968947,0.0],[-21.283868,76.968946,0.0],[-21.283856,76.968408,0.0],[-21.285048,76.968407,0.0],[-21.285042,76.968138,0.0],[-21.286234,76.968137,0.0],[-21.286222,76.967599,0.0],[-21.287414,76.967598,0.0],[-21.287408,76.967329,0.0],[-21.289792,76.967326,0.0],[-21.289798,76.967595,0.0],[-21.290989,76.967594,0.0],[-21.291001,76.968131,0.0],[-21.292193,76.96813,0.0],[-21.292199,76.968399,0.0],[-21.293391,76.968398,0.0],[-21.293397,76.968666,0.0],[-21.294588,76.968665,0.0],[-21.294606,76.969472,0.0],[-21.295798,76.96947,0.0],[-21.295822,76.970546,0.0],[-21.29463,76.970547,0.0],[-21.294648,76.971353,0.0],[-21.293456,76.971355,0.0],[-21.293474,76.972161,0.0],[-21.294666,76.97216,0.0],[-21.29469,76.973235,0.0],[-21.293498,76.973237,0.0],[-21.293504,76.973505,0.0],[-21.292311,76.973507,0.0],[-21.292323,76.974044,0.0],[-21.293516,76.974043,0.0],[-21.293522,76.974312,0.0],[-21.294714,76.974311,0.0],[-21.294744,76.975655,0.0],[-21.295936,76.975653,0.0],[-21.295942,76.975922,0.0],[-21.297135,76.975921,0.0],[-21.297141,76.97619,0.0],[-21.298333,76.976188,0.0],[-21.298345,76.976726,0.0],[-21.299538,76.976725,0.0],[-21.29955,76.977262,0.0],[-21.298357,76.977264,0.0],[-21.298364,76.977532,0.0],[-21.297171,76.977534,0.0],[-21.297177,76.977803,0.0],[-21.295984,76.977804,0.0],[-21.295996,76.978342,0.0],[-21.294804,76.978343,0.0],[-21.29481,76.978612,0.0],[-21.293617,76.978613,0.0],[-21.293629,76.979151,0.0],[-21.292436,76.979152,0.0],[-21.292442,76.979421,0.0],[-21.291249,76.979422,0.0],[-21.291255,76.979691,0.0],[-21.290062,76.979693,0.0],[-21.290068,76.979961,0.0],[-21.288875,76.979963,0.0],[-21.288881,76.980232,0.0],[-21.287688,76.980233,0.0],[-21.2877,76.98077,0.0],[-21.286507,76.980772,0.0],[-21.28653,76.981847,0.0],[-21.287723,76.981846,0.0],[-21.287729,76.982115,0.0],[-21.288922,76.982113,0.0],[-21.288928,76.982382,0.0],[-21.290121,76.982381,0.0],[-21.290127,76.98265,0.0],[-21.29132,76.982648,0.0],[-21.291355,76.984261,0.0],[-21.292549,76.98426,0.0],[-21.292555,76.984529,0.0],[-21.296134,76.984525,0.0],[-21.296128,76.984256,0.0],[-21.312834,76.984236,0.0],[-21.31284,76.984505,0.0],[-21.31642,76.984501,0.0],[-21.316426,76.98477,0.0],[-21.323586,76.984761,0.0],[-21.323593,76.98503,0.0],[-21.324786,76.985028,0.0],[-21.324793,76.985297,0.0],[-21.328373,76.985293,0.0],[-21.328379,76.985562,0.0],[-21.329573,76.98556,0.0],[-21.329579,76.985829,0.0],[-21.330773,76.985827,0.0],[-21.330779,76.986096,0.0],[-21.333166,76.986093,0.0],[-21.333173,76.986362,0.0],[-21.334366,76.986361,0.0],[-21.334373,76.986629,0.0],[-21.335567,76.986628,0.0],[-21.335573,76.986897,0.0],[-21.341541,76.986889,0.0],[-21.341534,76.98662,0.0],[-21.342727,76.986619,0.0],[-21.34272,76.98635,0.0],[-21.343914,76.986348,0.0],[-21.343907,76.986079,0.0],[-21.346294,76.986076,0.0],[-21.346287,76.985807,0.0],[-21.34748,76.985806,0.0],[-21.347473,76.985537,0.0],[-21.348666,76.985535,0.0],[-21.348659,76.985266,0.0],[-21.349852,76.985265,0.0],[-21.349845,76.984996,0.0],[-21.351039,76.984994,0.0],[-21.351024,76.984457,0.0],[-21.349831,76.984458,0.0],[-21.349817,76.983921,0.0],[-21.352203,76.983917,0.0],[-21.352211,76.984186,0.0],[-21.356983,76.98418,0.0],[-21.356976,76.983911,0.0],[-21.359363,76.983908,0.0],[-21.359355,76.983639,0.0],[-21.365321,76.983631,0.0],[-21.365314,76.983362,0.0],[-21.372473,76.983352,0.0],[-21.37248,76.983621,0.0],[-21.374867,76.983617,0.0],[-21.374874,76.983886,0.0],[-21.379647,76.983879,0.0],[-21.379655,76.984148,0.0],[-21.382041,76.984144,0.0],[-21.382049,76.984413,0.0],[-21.385629,76.984408,0.0],[-21.385637,76.984677,0.0],[-21.39041,76.98467,0.0],[-21.390418,76.984939,0.0],[-21.393997,76.984933,0.0],[-21.394005,76.985202,0.0],[-21.395199,76.9852,0.0],[-21.395215,76.985738,0.0],[-21.396408,76.985736,0.0],[-21.396416,76.986005,0.0],[-21.399996,76.985999,0.0],[-21.400004,76.986268,0.0],[-21.401198,76.986266,0.0],[-21.401206,76.986535,0.0],[-21.402399,76.986533,0.0],[-21.402424,76.98734,0.0],[-21.40123,76.987342,0.0],[-21.401255,76.988148,0.0],[-21.402448,76.988146,0.0],[-21.402457,76.988415,0.0],[-21.40365,76.988413,0.0],[-21.403658,76.988682,0.0],[-21.404852,76.98868,0.0],[-21.40486,76.988949,0.0],[-21.407248,76.988945,0.0],[-21.407256,76.989214,0.0],[-21.408449,76.989212,0.0],[-21.408458,76.989481,0.0],[-21.409651,76.989479,0.0],[-21.40966,76.989748,0.0],[-21.410854,76.989746,0.0],[-21.410862,76.990015,0.0],[-21.413249,76.990011,0.0],[-21.413258,76.99028,0.0],[-21.418033,76.990273,0.0],[-21.418041,76.990541,0.0],[-21.419235,76.99054,0.0],[-21.419252,76.991077,0.0],[-21.420446,76.991075,0.0],[-21.420454,76.991344,0.0],[-21.422842,76.99134,0.0],[-21.422851,76.991609,0.0],[-21.425239,76.991605,0.0],[-21.425273,76.99268,0.0],[-21.426467,76.992679,0.0],[-21.426476,76.992947,0.0],[-21.42767,76.992945,0.0],[-21.427661,76.992677,0.0],[-21.428855,76.992675,0.0],[-21.428846,76.992406,0.0],[-21.43004,76.992404,0.0],[-21.430032,76.992135,0.0],[-21.431226,76.992133,0.0],[-21.431234,76.992402,0.0],[-21.432428,76.9924,0.0],[-21.432437,76.992669,0.0],[-21.433631,76.992667,0.0],[-21.43364,76.992936,0.0],[-21.434834,76.992934,0.0],[-21.434843,76.993202,0.0],[-21.436037,76.9932,0.0],[-21.436046,76.993469,0.0],[-21.43724,76.993467,0.0],[-21.437257,76.994005,0.0],[-21.438451,76.994003,0.0],[-21.43846,76.994272,0.0],[-21.442043,76.994266,0.0],[-21.442052,76.994535,0.0],[-21.44444,76.99453,0.0],[-21.444449,76.994799,0.0],[-21.448032,76.994793,0.0],[-21.448022,76.994524,0.0],[-21.450411,76.99452,0.0],[-21.45042,76.994789,0.0],[-21.452808,76.994785,0.0],[-21.452817,76.995054,0.0],[-21.454012,76.995052,0.0],[-21.454021,76.995321,0.0],[-21.456409,76.995316,0.0],[-21.456419,76.995585,0.0],[-21.458807,76.995581,0.0],[-21.458816,76.99585,0.0],[-21.460011,76.995848,0.0],[-21.46002,76.996117,0.0],[-21.461214,76.996114,0.0],[-21.461224,76.996383,0.0],[-21.462418,76.996381,0.0],[-21.462427,76.99665,0.0],[-21.463622,76.996648,0.0],[-21.463631,76.996917,0.0],[-21.464825,76.996915,0.0],[-21.464835,76.997183,0.0],[-21.466029,76.997181,0.0],[-21.466039,76.99745,0.0],[-21.467233,76.997448,0.0],[-21.467243,76.997717,0.0],[-21.468437,76.997715,0.0],[-21.468447,76.997983,0.0],[-21.47203,76.997977,0.0],[-21.47204,76.998246,0.0],[-21.476817,76.998237,0.0],[-21.476827,76.998506,0.0],[-21.478022,76.998504,0.0],[-21.478031,76.998773,0.0],[-21.479226,76.99877,0.0],[-21.479236,76.999039,0.0],[-21.482819,76.999033,0.0],[-21.482809,76.998764,0.0],[-21.484004,76.998762,0.0],[-21.483984,76.998224,0.0],[-21.485179,76.998222,0.0],[-21.485149,76.997415,0.0],[-21.483955,76.997418,0.0],[-21.483945,76.997149,0.0],[-21.483349,76.99715,0.0],[-21.485118,76.996564,0.0],[-21.48512,76.996609,0.0],[-21.486314,76.996607,0.0],[-21.486324,76.996875,0.0],[-21.488713,76.996871,0.0],[-21.488703,76.996602,0.0],[-21.489897,76.9966,0.0],[-21.489887,76.996331,0.0],[-21.491081,76.996329,0.0],[-21.491071,76.99606,0.0],[-21.49346,76.996056,0.0],[-21.49345,76.995787,0.0],[-21.499421,76.995775,0.0],[-21.499411,76.995507,0.0],[-21.500605,76.995504,0.0],[-21.500595,76.995235,0.0],[-21.501789,76.995233,0.0],[-21.50181,76.995771,0.0],[-21.500615,76.995773,0.0],[-21.500656,76.996848,0.0],[-21.50185,76.996846,0.0],[-21.501861,76.997115,0.0],[-21.504249,76.99711,0.0],[-21.50426,76.997379,0.0],[-21.505454,76.997377,0.0],[-21.505505,76.998721,0.0],[-21.5067,76.998719,0.0],[-21.50671,76.998987,0.0],[-21.505516,76.99899,0.0],[-21.505525,76.999234,0.0],[-21.495971,76.999332,0.0],[-21.495969,76.999277,0.0],[-21.491191,76.999286,0.0],[-21.491201,76.999555,0.0],[-21.490006,76.999557,0.0],[-21.490016,76.999826,0.0],[-21.488822,76.999828,0.0],[-21.488832,77.000097,0.0],[-21.487637,77.000099,0.0],[-21.487647,77.000368,0.0],[-21.486452,77.00037,0.0],[-21.486492,77.001446,0.0],[-21.487687,77.001443,0.0],[-21.487697,77.001712,0.0],[-21.488891,77.00171,0.0],[-21.488901,77.001979,0.0],[-21.487706,77.001981,0.0],[-21.487716,77.00225,0.0],[-21.476963,77.00227,0.0],[-21.476953,77.002001,0.0],[-21.474563,77.002005,0.0],[-21.474573,77.002274,0.0],[-21.473378,77.002276,0.0],[-21.473436,77.003889,0.0],[-21.474631,77.003887,0.0],[-21.47467,77.004962,0.0],[-21.475865,77.00496,0.0],[-21.475913,77.006304,0.0],[-21.477108,77.006302,0.0],[-21.477118,77.006571,0.0],[-21.479508,77.006566,0.0],[-21.479518,77.006835,0.0],[-21.480713,77.006833,0.0],[-21.480723,77.007102,0.0],[-21.481918,77.0071,0.0],[-21.481928,77.007369,0.0],[-21.483124,77.007366,0.0],[-21.483133,77.007635,0.0],[-21.485524,77.007631,0.0],[-21.485534,77.0079,0.0],[-21.486729,77.007897,0.0],[-21.486739,77.008166,0.0],[-21.48913,77.008162,0.0],[-21.48914,77.008431,0.0],[-21.490335,77.008428,0.0],[-21.490345,77.008697,0.0],[-21.491541,77.008695,0.0],[-21.491551,77.008964,0.0],[-21.493942,77.008959,0.0],[-21.493952,77.009228,0.0],[-21.496342,77.009223,0.0],[-21.496353,77.009492,0.0],[-21.497548,77.00949,0.0],[-21.497558,77.009759,0.0],[-21.498392,77.009757,0.0],[-21.497026,77.010835,0.0],[-21.496403,77.010836,0.0],[-21.496393,77.010568,0.0],[-21.495197,77.01057,0.0],[-21.495187,77.010301,0.0],[-21.492796,77.010306,0.0],[-21.492806,77.010574,0.0],[-21.489219,77.010581,0.0],[-21.489229,77.01085,0.0],[-21.488034,77.010852,0.0],[-21.488044,77.011121,0.0],[-21.486848,77.011123,0.0],[-21.486927,77.013274,0.0],[-21.485731,77.013276,0.0],[-21.485741,77.013545,0.0],[-21.484545,77.013547,0.0],[-21.484555,77.013816,0.0],[-21.483359,77.013818,0.0],[-21.483389,77.014625,0.0],[-21.482193,77.014627,0.0],[-21.482222,77.015433,0.0],[-21.481026,77.015436,0.0],[-21.481056,77.016242,0.0],[-21.47986,77.016244,0.0],[-21.479869,77.016513,0.0],[-21.478673,77.016515,0.0],[-21.478683,77.016784,0.0],[-21.476291,77.016788,0.0],[-21.476304,77.017152,0.0],[-21.475906,77.017181,0.0],[-21.47033,77.01737,0.0],[-21.470329,77.017337,0.0],[-21.464348,77.017348,0.0],[-21.464338,77.017079,0.0],[-21.455965,77.017093,0.0],[-21.455974,77.017362,0.0],[-21.454778,77.017364,0.0],[-21.454788,77.017633,0.0],[-21.453591,77.017635,0.0],[-21.453601,77.017904,0.0],[-21.452404,77.017906,0.0],[-21.452413,77.018175,0.0],[-21.450021,77.018179,0.0],[-21.450012,77.01791,0.0],[-21.448815,77.017912,0.0],[-21.448806,77.017644,0.0],[-21.44761,77.017646,0.0],[-21.447565,77.016301,0.0],[-21.446368,77.016303,0.0],[-21.446359,77.016035,0.0],[-21.445163,77.016037,0.0],[-21.445154,77.015768,0.0],[-21.441566,77.015774,0.0],[-21.441575,77.016043,0.0],[-21.439183,77.016047,0.0],[-21.439192,77.016316,0.0],[-21.437996,77.016318,0.0],[-21.438005,77.016586,0.0],[-21.436808,77.016588,0.0],[-21.436817,77.016857,0.0],[-21.435621,77.016859,0.0],[-21.435639,77.017397,0.0],[-21.434443,77.017399,0.0],[-21.434451,77.017668,0.0],[-21.432059,77.017672,0.0],[-21.432068,77.017941,0.0],[-21.430871,77.017943,0.0],[-21.43088,77.018211,0.0],[-21.429684,77.018213,0.0],[-21.429693,77.018482,0.0],[-21.428496,77.018484,0.0],[-21.428505,77.018753,0.0],[-21.427309,77.018755,0.0],[-21.427317,77.019024,0.0],[-21.426121,77.019026,0.0],[-21.42613,77.019294,0.0],[-21.424933,77.019296,0.0],[-21.424942,77.019565,0.0],[-21.426138,77.019563,0.0],[-21.426141,77.019642,0.0],[-21.423763,77.020117,0.0],[-21.423763,77.020105,0.0],[-21.420173,77.020111,0.0],[-21.420182,77.020379,0.0],[-21.417789,77.020383,0.0],[-21.417798,77.020652,0.0],[-21.415404,77.020656,0.0],[-21.415413,77.020925,0.0],[-21.414216,77.020927,0.0],[-21.414225,77.021196,0.0],[-21.411832,77.021199,0.0],[-21.411823,77.02093,0.0],[-21.40943,77.020934,0.0],[-21.409439,77.021203,0.0],[-21.403456,77.021212,0.0],[-21.403464,77.021481,0.0],[-21.402267,77.021483,0.0],[-21.402276,77.021752,0.0],[-21.401079,77.021754,0.0],[-21.401087,77.022022,0.0],[-21.398694,77.022026,0.0],[-21.398702,77.022295,0.0],[-21.391522,77.022306,0.0],[-21.391514,77.022037,0.0],[-21.390317,77.022039,0.0],[-21.390309,77.02177,0.0],[-21.387916,77.021774,0.0],[-21.387924,77.022042,0.0],[-21.385531,77.022046,0.0],[-21.385539,77.022315,0.0],[-21.384342,77.022316,0.0],[-21.384349,77.022546,0.0],[-21.381215,77.022507,0.0],[-21.375583,77.021884,0.0],[-21.366008,77.020763,0.0],[-21.362752,77.020534,0.0],[-21.361801,77.020467,0.0],[-21.360354,77.020365,0.0],[-21.36035,77.0202,0.0],[-21.359153,77.020202,0.0],[-21.359146,77.019933,0.0],[-21.35795,77.019934,0.0],[-21.357942,77.019665,0.0],[-21.356746,77.019667,0.0],[-21.356739,77.019398,0.0],[-21.353149,77.019403,0.0],[-21.353142,77.019134,0.0],[-21.351946,77.019136,0.0],[-21.351939,77.018867,0.0],[-21.350742,77.018869,0.0],[-21.350735,77.0186,0.0],[-21.349539,77.018601,0.0],[-21.349532,77.018333,0.0],[-21.347139,77.018336,0.0],[-21.347132,77.018067,0.0],[-21.345936,77.018069,0.0],[-21.345929,77.0178,0.0],[-21.344732,77.017801,0.0],[-21.344725,77.017533,0.0],[-21.343529,77.017534,0.0],[-21.343522,77.017265,0.0],[-21.342326,77.017267,0.0],[-21.342319,77.016998,0.0],[-21.339927,77.017001,0.0],[-21.33992,77.016732,0.0],[-21.338723,77.016734,0.0],[-21.338717,77.016465,0.0],[-21.33752,77.016467,0.0],[-21.337514,77.016198,0.0],[-21.332729,77.016204,0.0],[-21.332736,77.016473,0.0],[-21.33154,77.016474,0.0],[-21.33156,77.017281,0.0],[-21.330364,77.017282,0.0],[-21.33037,77.017551,0.0],[-21.329174,77.017553,0.0],[-21.329188,77.01809,0.0],[-21.327991,77.018092,0.0],[-21.327998,77.018361,0.0],[-21.326802,77.018362,0.0],[-21.326815,77.0189,0.0],[-21.325619,77.018901,0.0],[-21.325625,77.01917,0.0],[-21.324429,77.019172,0.0],[-21.324435,77.01944,0.0],[-21.323239,77.019442,0.0],[-21.323246,77.019711,0.0],[-21.322049,77.019712,0.0],[-21.322056,77.019981,0.0],[-21.320859,77.019982,0.0],[-21.320872,77.02052,0.0],[-21.322069,77.020519,0.0],[-21.322082,77.021056,0.0],[-21.323278,77.021055,0.0],[-21.323285,77.021324,0.0],[-21.310123,77.02134,0.0],[-21.310135,77.021877,0.0],[-21.311147,77.021876,0.0],[-21.309686,77.022415,0.0],[-21.306558,77.022419,0.0],[-21.306564,77.022688,0.0],[-21.305367,77.022689,0.0],[-21.305373,77.022958,0.0],[-21.30657,77.022957,0.0],[-21.306583,77.023494,0.0],[-21.305386,77.023496,0.0],[-21.305417,77.02484,0.0],[-21.30422,77.024841,0.0],[-21.304245,77.025917,0.0],[-21.301851,77.02592,0.0],[-21.301845,77.025651,0.0],[-21.300648,77.025652,0.0],[-21.300635,77.025114,0.0],[-21.299438,77.025116,0.0],[-21.299402,77.023503,0.0],[-21.298205,77.023504,0.0],[-21.298199,77.023235,0.0],[-21.297002,77.023237,0.0],[-21.296996,77.022968,0.0],[-21.294603,77.022971,0.0],[-21.294597,77.022702,0.0],[-21.2934,77.022703,0.0],[-21.293394,77.022434,0.0],[-21.292197,77.022436,0.0],[-21.292191,77.022167,0.0],[-21.290995,77.022168,0.0],[-21.290989,77.021899,0.0],[-21.292185,77.021898,0.0],[-21.292174,77.02136,0.0],[-21.29337,77.021359,0.0],[-21.293328,77.019477,0.0],[-21.292132,77.019478,0.0],[-21.292126,77.01921,0.0],[-21.29093,77.019211,0.0],[-21.290924,77.018942,0.0],[-21.289727,77.018943,0.0],[-21.289721,77.018675,0.0],[-21.28374,77.018681,0.0],[-21.283745,77.01895,0.0],[-21.282549,77.018951,0.0],[-21.282561,77.019489,0.0],[-21.281364,77.01949,0.0],[-21.28137,77.019759,0.0],[-21.280173,77.01976,0.0],[-21.280179,77.020029,0.0],[-21.278983,77.02003,0.0],[-21.278988,77.020299,0.0],[-21.277792,77.020301,0.0],[-21.277797,77.020569,0.0],[-21.276601,77.020571,0.0],[-21.276618,77.021377,0.0],[-21.275421,77.021378,0.0],[-21.275427,77.021647,0.0],[-21.27423,77.021648,0.0],[-21.274236,77.021917,0.0],[-21.271843,77.02192,0.0],[-21.271837,77.021651,0.0],[-21.273034,77.02165,0.0],[-21.273022,77.021112,0.0],[-21.274219,77.021111,0.0],[-21.274202,77.020304,0.0],[-21.275399,77.020303,0.0],[-21.275382,77.019497,0.0],[-21.276578,77.019495,0.0],[-21.276573,77.019226,0.0],[-21.277769,77.019225,0.0],[-21.277764,77.018956,0.0],[-21.27896,77.018955,0.0],[-21.278954,77.018686,0.0],[-21.280151,77.018685,0.0],[-21.280145,77.018416,0.0],[-21.282538,77.018414,0.0],[-21.282532,77.018145,0.0],[-21.283728,77.018143,0.0],[-21.283722,77.017875,0.0],[-21.282526,77.017876,0.0],[-21.28252,77.017607,0.0],[-21.281324,77.017608,0.0],[-21.281323,77.017559,0.0],[-21.283666,77.016799,0.0],[-21.283699,77.016799,0.0],[-21.283705,77.017068,0.0],[-21.286097,77.017066,0.0],[-21.28608,77.016259,0.0],[-21.284884,77.01626,0.0],[-21.284872,77.015723,0.0],[-21.283676,77.015724,0.0],[-21.28367,77.015455,0.0],[-21.282474,77.015456,0.0],[-21.282469,77.015188,0.0],[-21.281273,77.015189,0.0],[-21.281261,77.014651,0.0],[-21.280065,77.014653,0.0],[-21.280059,77.014384,0.0],[-21.278863,77.014385,0.0],[-21.278852,77.013847,0.0],[-21.277656,77.013849,0.0],[-21.277645,77.013311,0.0],[-21.276449,77.013312,0.0],[-21.276443,77.013043,0.0],[-21.275248,77.013045,0.0],[-21.275236,77.012507,0.0],[-21.274041,77.012508,0.0],[-21.274018,77.011433,0.0],[-21.275214,77.011432,0.0],[-21.275197,77.010625,0.0],[-21.27998,77.01062,0.0],[-21.279985,77.010889,0.0],[-21.282377,77.010886,0.0],[-21.282371,77.010617,0.0],[-21.283567,77.010616,0.0],[-21.283561,77.010347,0.0],[-21.284756,77.010346,0.0],[-21.284745,77.009808,0.0],[-21.28594,77.009807,0.0],[-21.285888,77.007388,0.0],[-21.284693,77.007389,0.0],[-21.284687,77.00712,0.0],[-21.27871,77.007126,0.0],[-21.278716,77.007395,0.0],[-21.277521,77.007397,0.0],[-21.277543,77.008472,0.0],[-21.278739,77.008471,0.0],[-21.27875,77.009008,0.0],[-21.277555,77.00901,0.0],[-21.27756,77.009278,0.0],[-21.276365,77.00928,0.0],[-21.27637,77.009549,0.0],[-21.275175,77.00955,0.0],[-21.275169,77.009281,0.0],[-21.273974,77.009282,0.0],[-21.273968,77.009013,0.0],[-21.270382,77.009017,0.0],[-21.270387,77.009286,0.0],[-21.269192,77.009287,0.0],[-21.269186,77.009018,0.0],[-21.267991,77.00902,0.0],[-21.267964,77.007675,0.0],[-21.266768,77.007677,0.0],[-21.266763,77.007408,0.0],[-21.265567,77.007409,0.0],[-21.265562,77.00714,0.0],[-21.264367,77.007141,0.0],[-21.264356,77.006604,0.0],[-21.263161,77.006605,0.0],[-21.263145,77.005798,0.0],[-21.261949,77.0058,0.0],[-21.261944,77.005531,0.0],[-21.260749,77.005532,0.0],[-21.260744,77.005263,0.0],[-21.259549,77.005264,0.0],[-21.259543,77.004995,0.0],[-21.257153,77.004998,0.0],[-21.257158,77.005267,0.0],[-21.255963,77.005268,0.0],[-21.255979,77.006074,0.0],[-21.250003,77.00608,0.0],[-21.249998,77.005811,0.0],[-21.246412,77.005815,0.0],[-21.246407,77.005546,0.0],[-21.244017,77.005548,0.0],[-21.244012,77.005279,0.0],[-21.242817,77.00528,0.0],[-21.242797,77.004205,0.0],[-21.241602,77.004206,0.0],[-21.241592,77.003669,0.0],[-21.242787,77.003667,0.0],[-21.242777,77.00313,0.0],[-21.243972,77.003129,0.0],[-21.243967,77.00286,0.0],[-21.245162,77.002859,0.0],[-21.245157,77.00259,0.0],[-21.246352,77.002589,0.0],[-21.246332,77.001513,0.0],[-21.245137,77.001515,0.0],[-21.245132,77.001246,0.0],[-21.243937,77.001247,0.0],[-21.243932,77.000978,0.0],[-21.241543,77.00098,0.0],[-21.241538,77.000711,0.0],[-21.240343,77.000712,0.0],[-21.240338,77.000444,0.0],[-21.237949,77.000446,0.0],[-21.237954,77.000715,0.0],[-21.236759,77.000716,0.0],[-21.236764,77.000985,0.0],[-21.235569,77.000986,0.0],[-21.235583,77.001792,0.0],[-21.234389,77.001793,0.0],[-21.234393,77.002062,0.0],[-21.233198,77.002063,0.0],[-21.233203,77.002332,0.0],[-21.232008,77.002333,0.0],[-21.232013,77.002602,0.0],[-21.229623,77.002604,0.0],[-21.229628,77.002873,0.0],[-21.228433,77.002874,0.0],[-21.228461,77.004487,0.0],[-21.227266,77.004488,0.0],[-21.227289,77.005832,0.0],[-21.224898,77.005834,0.0],[-21.22488,77.004759,0.0],[-21.223685,77.00476,0.0],[-21.223658,77.003147,0.0],[-21.222463,77.003148,0.0],[-21.222458,77.002879,0.0],[-21.221263,77.00288,0.0],[-21.221254,77.002342,0.0],[-21.222449,77.002341,0.0],[-21.222445,77.002072,0.0],[-21.22364,77.002071,0.0],[-21.223631,77.001534,0.0],[-21.224825,77.001533,0.0],[-21.224821,77.001264,0.0],[-21.223626,77.001265,0.0],[-21.223621,77.000996,0.0],[-21.222427,77.000997,0.0],[-21.222431,77.001266,0.0],[-21.221236,77.001267,0.0],[-21.221241,77.001536,0.0],[-21.216462,77.00154,0.0],[-21.216435,76.999927,0.0],[-21.21763,76.999926,0.0],[-21.217626,76.999657,0.0],[-21.21882,76.999656,0.0],[-21.218798,76.998312,0.0],[-21.216409,76.998314,0.0],[-21.216405,76.998045,0.0],[-21.210432,76.99805,0.0],[-21.210419,76.997243,0.0],[-21.211614,76.997242,0.0],[-21.211605,76.996705,0.0],[-21.212799,76.996704,0.0],[-21.212791,76.996166,0.0],[-21.213985,76.996165,0.0],[-21.213981,76.995896,0.0],[-21.215175,76.995895,0.0],[-21.215171,76.995626,0.0],[-21.216365,76.995625,0.0],[-21.216356,76.995088,0.0],[-21.215162,76.995089,0.0],[-21.215158,76.99482,0.0],[-21.212769,76.994822,0.0],[-21.212761,76.994284,0.0],[-21.213955,76.994283,0.0],[-21.213946,76.993746,0.0],[-21.212752,76.993747,0.0],[-21.212748,76.993478,0.0],[-21.21633,76.993475,0.0],[-21.216334,76.993744,0.0],[-21.219917,76.993741,0.0],[-21.219912,76.993472,0.0],[-21.221106,76.993471,0.0],[-21.221111,76.99374,0.0],[-21.222305,76.993739,0.0],[-21.222309,76.994007,0.0],[-21.221115,76.994008,0.0],[-21.221124,76.994546,0.0],[-21.222318,76.994545,0.0],[-21.222323,76.994814,0.0],[-21.223517,76.994813,0.0],[-21.223522,76.995082,0.0],[-21.224716,76.995081,0.0],[-21.22472,76.99535,0.0],[-21.227109,76.995348,0.0],[-21.227113,76.995616,0.0],[-21.230696,76.995613,0.0],[-21.230701,76.995882,0.0],[-21.23309,76.99588,0.0],[-21.233094,76.996149,0.0],[-21.234289,76.996148,0.0],[-21.234293,76.996417,0.0],[-21.235488,76.996415,0.0],[-21.235492,76.996684,0.0],[-21.236687,76.996683,0.0],[-21.236692,76.996952,0.0],[-21.237886,76.996951,0.0],[-21.237891,76.99722,0.0],[-21.239085,76.997219,0.0],[-21.23909,76.997488,0.0],[-21.240285,76.997486,0.0],[-21.240289,76.997755,0.0],[-21.241484,76.997754,0.0],[-21.241489,76.998023,0.0],[-21.242683,76.998022,0.0],[-21.242688,76.998291,0.0],[-21.243883,76.99829,0.0],[-21.243888,76.998558,0.0],[-21.245082,76.998557,0.0],[-21.245087,76.998826,0.0],[-21.247476,76.998824,0.0],[-21.247471,76.998555,0.0],[-21.248666,76.998554,0.0],[-21.248661,76.998285,0.0],[-21.249855,76.998284,0.0],[-21.24985,76.998015,0.0],[-21.251045,76.998014,0.0],[-21.25105,76.998283,0.0],[-21.252244,76.998282,0.0],[-21.252249,76.998551,0.0],[-21.253444,76.998549,0.0],[-21.253475,77.000162,0.0],[-21.25228,77.000164,0.0],[-21.252285,77.000432,0.0],[-21.25348,77.000431,0.0],[-21.253485,77.0007,0.0],[-21.259459,77.000694,0.0]],[[-21.25229,77.000701,0.0],[-21.252301,77.001239,0.0],[-21.253496,77.001238,0.0],[-21.253485,77.0007,0.0],[-21.25229,77.000701,0.0]],[[-21.292096,77.017865,0.0],[-21.2909,77.017867,0.0],[-21.290912,77.018404,0.0],[-21.292108,77.018403,0.0],[-21.292114,77.018672,0.0],[-21.293311,77.018671,0.0],[-21.293316,77.018939,0.0],[-21.294513,77.018938,0.0],[-21.294507,77.018669,0.0],[-21.295703,77.018668,0.0],[-21.295697,77.018399,0.0],[-21.296894,77.018398,0.0],[-21.296887,77.018129,0.0],[-21.298084,77.018127,0.0],[-21.298072,77.01759,0.0],[-21.296875,77.017591,0.0],[-21.296869,77.017322,0.0],[-21.294477,77.017325,0.0],[-21.294483,77.017594,0.0],[-21.29209,77.017597,0.0],[-21.292096,77.017865,0.0]],[[-21.458882,76.997732,0.0],[-21.460076,76.99773,0.0],[-21.460057,76.997192,0.0],[-21.458863,76.997194,0.0],[-21.458854,76.996925,0.0],[-21.457659,76.996927,0.0],[-21.45765,76.996658,0.0],[-21.455261,76.996663,0.0],[-21.455271,76.996931,0.0],[-21.454076,76.996933,0.0],[-21.454104,76.99774,0.0],[-21.455298,76.997738,0.0],[-21.455308,76.998007,0.0],[-21.458891,76.998,0.0],[-21.458882,76.997732,0.0]],[[-21.216233,76.98756,0.0],[-21.21504,76.987561,0.0],[-21.215035,76.987293,0.0],[-21.212648,76.987295,0.0],[-21.212644,76.987026,0.0],[-21.21145,76.987027,0.0],[-21.211446,76.986758,0.0],[-21.210253,76.986759,0.0],[-21.210248,76.98649,0.0],[-21.209055,76.986491,0.0],[-21.209063,76.987029,0.0],[-21.210257,76.987028,0.0],[-21.210261,76.987296,0.0],[-21.211455,76.987296,0.0],[-21.211463,76.987833,0.0],[-21.212657,76.987832,0.0],[-21.212661,76.988101,0.0],[-21.213855,76.9881,0.0],[-21.213859,76.988369,0.0],[-21.216246,76.988367,0.0],[-21.216233,76.98756,0.0]],[[-21.280645,76.985617,0.0],[-21.281838,76.985616,0.0],[-21.281832,76.985347,0.0],[-21.283026,76.985346,0.0],[-21.28302,76.985077,0.0],[-21.285407,76.985074,0.0],[-21.285401,76.984806,0.0],[-21.286594,76.984804,0.0],[-21.286582,76.984267,0.0],[-21.285389,76.984268,0.0],[-21.285383,76.983999,0.0],[-21.28419,76.984,0.0],[-21.284184,76.983732,0.0],[-21.282991,76.983733,0.0],[-21.282985,76.983464,0.0],[-21.281792,76.983465,0.0],[-21.281787,76.983197,0.0],[-21.280593,76.983198,0.0],[-21.280588,76.982929,0.0],[-21.278201,76.982932,0.0],[-21.278196,76.982663,0.0],[-21.274617,76.982666,0.0],[-21.274622,76.982935,0.0],[-21.273429,76.982937,0.0],[-21.273435,76.983205,0.0],[-21.272241,76.983207,0.0],[-21.272247,76.983475,0.0],[-21.271054,76.983477,0.0],[-21.271059,76.983746,0.0],[-21.269866,76.983747,0.0],[-21.269871,76.984016,0.0],[-21.268678,76.984017,0.0],[-21.268684,76.984286,0.0],[-21.26749,76.984287,0.0],[-21.267507,76.985093,0.0],[-21.2687,76.985092,0.0],[-21.268706,76.985361,0.0],[-21.269899,76.98536,0.0],[-21.269904,76.985629,0.0],[-21.272291,76.985626,0.0],[-21.272297,76.985895,0.0],[-21.27349,76.985894,0.0],[-21.273496,76.986163,0.0],[-21.278269,76.986158,0.0],[-21.278264,76.985889,0.0],[-21.28065,76.985886,0.0],[-21.280645,76.985617,0.0]],[[-21.260347,76.985101,0.0],[-21.26154,76.985099,0.0],[-21.261535,76.984831,0.0],[-21.263921,76.984828,0.0],[-21.263916,76.984559,0.0],[-21.265109,76.984558,0.0],[-21.265104,76.984289,0.0],[-21.266297,76.984288,0.0],[-21.266292,76.984019,0.0],[-21.265099,76.984021,0.0],[-21.265093,76.983752,0.0],[-21.2639,76.983753,0.0],[-21.263895,76.983484,0.0],[-21.262701,76.983485,0.0],[-21.262696,76.983216,0.0],[-21.257924,76.983221,0.0],[-21.257918,76.982952,0.0],[-21.256725,76.982954,0.0],[-21.25672,76.982685,0.0],[-21.254334,76.982687,0.0],[-21.254375,76.984838,0.0],[-21.255568,76.984837,0.0],[-21.255574,76.985105,0.0],[-21.25796,76.985103,0.0],[-21.257965,76.985372,0.0],[-21.260352,76.985369,0.0],[-21.260347,76.985101,0.0]],[[-21.162345,76.973082,0.0],[-21.161153,76.973083,0.0],[-21.16115,76.972814,0.0],[-21.159958,76.972815,0.0],[-21.159954,76.972546,0.0],[-21.158762,76.972547,0.0],[-21.158759,76.972278,0.0],[-21.156375,76.972279,0.0],[-21.156372,76.972011,0.0],[-21.155179,76.972011,0.0],[-21.155176,76.971742,0.0],[-21.152792,76.971744,0.0],[-21.152804,76.972819,0.0],[-21.153997,76.972819,0.0],[-21.154,76.973087,0.0],[-21.155192,76.973087,0.0],[-21.155195,76.973355,0.0],[-21.162349,76.973351,0.0],[-21.162345,76.973082,0.0]],[[-21.151554,76.967712,0.0],[-21.150362,76.967713,0.0],[-21.150359,76.967444,0.0],[-21.149167,76.967445,0.0],[-21.149164,76.967176,0.0],[-21.146781,76.967177,0.0],[-21.146778,76.966908,0.0],[-21.145586,76.966909,0.0],[-21.145583,76.96664,0.0],[-21.144391,76.966641,0.0],[-21.144394,76.96691,0.0],[-21.143203,76.96691,0.0],[-21.143208,76.967448,0.0],[-21.1444,76.967447,0.0],[-21.144403,76.967716,0.0],[-21.145595,76.967715,0.0],[-21.145598,76.967984,0.0],[-21.147981,76.967983,0.0],[-21.147984,76.968252,0.0],[-21.15156,76.96825,0.0],[-21.151554,76.967712,0.0]]]}},{"type":"Feature","properties":{"rgi_id":"RGI2000-v7.0-G-05-16180","o1region":"05"},"geometry":{"type":"Polygon","coordinates":[[[-21.109821,76.244272,0.0],[-21.109819,76.244003,0.0],[-21.108689,76.244003,0.0],[-21.108686,76.243735,0.0],[-21.105296,76.243736,0.0],[-21.105294,76.243467,0.0],[-21.104164,76.243468,0.0],[-21.104162,76.243199,0.0],[-21.101901,76.2432,0.0],[-21.101899,76.242931,0.0],[-21.100769,76.242931,0.0],[-21.100767,76.242662,0.0],[-21.099637,76.242663,0.0],[-21.099635,76.242394,0.0],[-21.098505,76.242395,0.0],[-21.098503,76.242126,0.0],[-21.093983,76.242127,0.0],[-21.093985,76.242396,0.0],[-21.092855,76.242397,0.0],[-21.092857,76.242666,0.0],[-21.090597,76.242666,0.0],[-21.090595,76.242398,0.0],[-21.086074,76.242399,0.0],[-21.086076,76.242668,0.0],[-21.084946,76.242668,0.0],[-21.084948,76.242937,0.0],[-21.082687,76.242938,0.0],[-21.082686,76.242669,0.0],[-21.081556,76.24267,0.0],[-21.081554,76.242401,0.0],[-21.082684,76.2424,0.0],[-21.082683,76.242131,0.0],[-21.083813,76.242131,0.0],[-21.083809,76.241593,0.0],[-21.084939,76.241593,0.0],[-21.084938,76.241324,0.0],[-21.086068,76.241324,0.0],[-21.086066,76.241055,0.0],[-21.087196,76.241055,0.0],[-21.087193,76.240517,0.0],[-21.088323,76.240516,0.0],[-21.088321,76.240248,0.0],[-21.089451,76.240247,0.0],[-21.089449,76.239978,0.0],[-21.090579,76.239978,0.0],[-21.090574,76.239171,0.0],[-21.092834,76.239171,0.0],[-21.092832,76.238902,0.0],[-21.093962,76.238901,0.0],[-21.093963,76.23917,0.0],[-21.097353,76.239169,0.0],[-21.097355,76.239438,0.0],[-21.098485,76.239437,0.0],[-21.098486,76.239706,0.0],[-21.100746,76.239705,0.0],[-21.100748,76.239974,0.0],[-21.101878,76.239974,0.0],[-21.10188,76.240242,0.0],[-21.10301,76.240242,0.0],[-21.103012,76.240511,0.0],[-21.104142,76.24051,0.0],[-21.104144,76.240779,0.0],[-21.106404,76.240778,0.0],[-21.106406,76.241047,0.0],[-21.107536,76.241047,0.0],[-21.107538,76.241315,0.0],[-21.108668,76.241315,0.0],[-21.10867,76.241584,0.0],[-21.1098,76.241583,0.0],[-21.109802,76.241852,0.0],[-21.112062,76.241851,0.0],[-21.112064,76.24212,0.0],[-21.114324,76.242119,0.0],[-21.114326,76.242388,0.0],[-21.115456,76.242387,0.0],[-21.115459,76.242656,0.0],[-21.116589,76.242656,0.0],[-21.116595,76.243462,0.0],[-21.115465,76.243463,0.0],[-21.115468,76.243731,0.0],[-21.114337,76.243732,0.0],[-21.11434,76.244001,0.0],[-21.113209,76.244001,0.0],[-21.113212,76.24427,0.0],[-21.109821,76.244272,0.0]]]}},{"type":"Feature","properties":{"rgi_id":"RGI2000-v7.0-G-05-16181","o1region":"05"},"geometry":{"type":"Polygon","coordinates":[[[-21.121114,76.243191,0.0],[-21.121112,76.242922,0.0],[-21.118851,76.242923,0.0],[-21.118849,76.242654,0.0],[-21.117719,76.242655,0.0],[-21.117717,76.242386,0.0],[-21.116587,76.242387,0.0],[-21.11658,76.24158,0.0],[-21.11771,76.24158,0.0],[-21.117708,76.241311,0.0],[-21.118838,76.24131,0.0],[-21.118835,76.241041,0.0],[-21.122225,76.24104,0.0],[-21.122228,76.241309,0.0],[-21.123358,76.241308,0.0],[-21.12336,76.241577,0.0],[-21.12788,76.241575,0.0],[-21.127878,76.241306,0.0],[-21.129008,76.241305,0.0],[-21.129003,76.240767,0.0],[-21.129,76.240499,0.0],[-21.13013,76.240498,0.0],[-21.130128,76.240229,0.0],[-21.131257,76.240229,0.0],[-21.131255,76.23996,0.0],[-21.131252,76.239691,0.0],[-21.132382,76.23969,0.0],[-21.13238,76.239421,0.0],[-21.13351,76.239421,0.0],[-21.133507,76.239152,0.0],[-21.135767,76.239151,0.0],[-21.135769,76.23942,0.0],[-21.136899,76.239419,0.0],[-21.136902,76.239688,0.0],[-21.138032,76.239687,0.0],[-21.138034,76.239956,0.0],[-21.139164,76.239955,0.0],[-21.139167,76.240224,0.0],[-21.140297,76.240224,0.0],[-21.140299,76.240492,0.0],[-21.141429,76.240492,0.0],[-21.141437,76.241298,0.0],[-21.140307,76.241299,0.0],[-21.140313,76.241837,0.0],[-21.141443,76.241836,0.0],[-21.141451,76.242643,0.0],[-21.13467,76.242646,0.0],[-21.134673,76.242915,0.0],[-21.124502,76.242921,0.0],[-21.124504,76.243189,0.0],[-21.121114,76.243191,0.0]]]}},{"type":"Feature","properties":{"rgi_id":"RGI2000-v7.0-G-05-16208","o1region":"05"},"geometry":{"type":"Polygon","coordinates":[[[-21.667081,76.38778,0.0],[-21.667055,76.387243,0.0],[-21.673906,76.387224,0.0],[-21.673867,76.386418,0.0],[-21.672725,76.386421,0.0],[-21.672608,76.384001,0.0],[-21.671466,76.384004,0.0],[-21.671453,76.383736,0.0],[-21.670312,76.383739,0.0],[-21.67026,76.382663,0.0],[-21.671401,76.38266,0.0],[-21.671375,76.382123,0.0],[-21.672517,76.38212,0.0],[-21.672491,76.381582,0.0],[-21.673632,76.381579,0.0],[-21.673606,76.381041,0.0],[-21.674747,76.381038,0.0],[-21.674721,76.3805,0.0],[-21.675862,76.380497,0.0],[-21.675849,76.380228,0.0],[-21.676991,76.380225,0.0],[-21.676977,76.379957,0.0],[-21.678119,76.379953,0.0],[-21.678053,76.378609,0.0],[-21.679194,76.378606,0.0],[-21.679168,76.378069,0.0],[-21.680309,76.378065,0.0],[-21.680296,76.377797,0.0],[-21.68486,76.377784,0.0],[-21.684873,76.378053,0.0],[-21.686014,76.37805,0.0],[-21.686041,76.378588,0.0],[-21.687182,76.378584,0.0],[-21.687208,76.379122,0.0],[-21.688349,76.379119,0.0],[-21.688429,76.380732,0.0],[-21.689571,76.380729,0.0],[-21.689597,76.381266,0.0],[-21.688456,76.38127,0.0],[-21.688483,76.381807,0.0],[-21.689624,76.381804,0.0],[-21.689691,76.383148,0.0],[-21.687408,76.383155,0.0],[-21.687434,76.383692,0.0],[-21.686293,76.383695,0.0],[-21.686373,76.385308,0.0],[-21.685231,76.385311,0.0],[-21.685244,76.38558,0.0],[-21.684103,76.385583,0.0],[-21.684129,76.386121,0.0],[-21.682987,76.386124,0.0],[-21.683014,76.386662,0.0],[-21.681872,76.386665,0.0],[-21.681885,76.386934,0.0],[-21.680744,76.386937,0.0],[-21.680757,76.387206,0.0],[-21.679615,76.387209,0.0],[-21.679628,76.387478,0.0],[-21.678486,76.387481,0.0],[-21.6785,76.38775,0.0],[-21.667081,76.38778,0.0]]]}},{"type":"Feature","properties":{"rgi_id":"RGI2000-v7.0-G-05-16209","o1region":"05"},"geometry":{"type":"Polygon","coordinates":[[[-21.706065,76.376112,0.0],[-21.702221,76.376775,0.0],[-21.698263,76.378114,0.0],[-21.698312,76.379091,0.0],[-21.697478,76.379094,0.0],[-21.697451,76.378556,0.0],[-21.69631,76.378559,0.0],[-21.696297,76.37829,0.0],[-21.695156,76.378294,0.0],[-21.695129,76.377756,0.0],[-21.693988,76.377759,0.0],[-21.693934,76.376684,0.0],[-21.692793,76.376687,0.0],[-21.69278,76.376418,0.0],[-21.691639,76.376421,0.0],[-21.691625,76.376152,0.0],[-21.690485,76.376156,0.0],[-21.690471,76.375887,0.0],[-21.688189,76.375893,0.0],[-21.688176,76.375624,0.0],[-21.687035,76.375627,0.0],[-21.687022,76.375358,0.0],[-21.685881,76.375362,0.0],[-21.685868,76.375093,0.0],[-21.684727,76.375096,0.0],[-21.684714,76.374827,0.0],[-21.683573,76.37483,0.0],[-21.683586,76.375099,0.0],[-21.681305,76.375105,0.0],[-21.681292,76.374836,0.0],[-21.680151,76.374839,0.0],[-21.680098,76.373764,0.0],[-21.681239,76.373761,0.0],[-21.681226,76.373492,0.0],[-21.685788,76.37348,0.0],[-21.685802,76.373749,0.0],[-21.686942,76.373745,0.0],[-21.686956,76.374014,0.0],[-21.688096,76.374011,0.0],[-21.68811,76.37428,0.0],[-21.68925,76.374277,0.0],[-21.689264,76.374546,0.0],[-21.690404,76.374543,0.0],[-21.690418,76.374811,0.0],[-21.691558,76.374808,0.0],[-21.691545,76.374539,0.0],[-21.692686,76.374536,0.0],[-21.692659,76.373999,0.0],[-21.6938,76.373995,0.0],[-21.693786,76.373727,0.0],[-21.694927,76.373723,0.0],[-21.694914,76.373455,0.0],[-21.696054,76.373451,0.0],[-21.696041,76.373183,0.0],[-21.698322,76.373176,0.0],[-21.698308,76.372907,0.0],[-21.70059,76.372901,0.0],[-21.700576,76.372632,0.0],[-21.706279,76.372616,0.0],[-21.70632,76.373423,0.0],[-21.707461,76.373419,0.0],[-21.707474,76.373688,0.0],[-21.708615,76.373685,0.0],[-21.708642,76.374223,0.0],[-21.709783,76.374219,0.0],[-21.709811,76.374757,0.0],[-21.707529,76.374764,0.0],[-21.707543,76.375032,0.0],[-21.706402,76.375036,0.0],[-21.706416,76.375304,0.0],[-21.705275,76.375308,0.0],[-21.705289,76.375576,0.0],[-21.704148,76.37558,0.0],[-21.704175,76.376117,0.0],[-21.706065,76.376112,0.0]]]}},{"type":"Feature","properties":{"rgi_id":"RGI2000-v7.0-G-05-16210","o1region":"05"},"geometry":{"type":"Polygon","coordinates":[[[-21.735967,76.356667,0.0],[-21.742302,76.358448,0.0],[-21.752856,76.360314,0.0],[-21.760165,76.361619,0.0],[-21.767394,76.362312,0.0],[-21.766681,76.363117,0.0],[-21.766807,76.365393,0.0],[-21.760517,76.368068,0.0],[-21.757392,76.369785,0.0],[-21.746179,76.370767,0.0],[-21.739843,76.372683,0.0],[-21.735965,76.373119,0.0],[-21.735962,76.373068,0.0],[-21.733681,76.373075,0.0],[-21.733695,76.373344,0.0],[-21.731414,76.373351,0.0],[-21.731428,76.373619,0.0],[-21.729147,76.373626,0.0],[-21.72916,76.373884,0.0],[-21.729061,76.373895,0.0],[-21.72688,76.373901,0.0],[-21.726892,76.374141,0.0],[-21.726631,76.374171,0.0],[-21.715487,76.374203,0.0],[-21.715473,76.373934,0.0],[-21.714332,76.373938,0.0],[-21.714318,76.373669,0.0],[-21.713178,76.373672,0.0],[-21.713164,76.373403,0.0],[-21.712023,76.373406,0.0],[-21.712009,76.373138,0.0],[-21.710869,76.373141,0.0],[-21.710855,76.372872,0.0],[-21.709715,76.372875,0.0],[-21.709701,76.372606,0.0],[-21.70742,76.372613,0.0],[-21.707379,76.371806,0.0],[-21.708519,76.371803,0.0],[-21.708505,76.371534,0.0],[-21.709646,76.371531,0.0],[-21.709632,76.371262,0.0],[-21.710773,76.371259,0.0],[-21.710759,76.37099,0.0],[-21.711899,76.370987,0.0],[-21.711872,76.370449,0.0],[-21.710731,76.370453,0.0],[-21.710704,76.369915,0.0],[-21.709563,76.369918,0.0],[-21.70955,76.369649,0.0],[-21.707269,76.369656,0.0],[-21.707228,76.368849,0.0],[-21.706088,76.368853,0.0],[-21.70606,76.368315,0.0],[-21.70492,76.368318,0.0],[-21.704907,76.368049,0.0],[-21.703766,76.368052,0.0],[-21.703753,76.367784,0.0],[-21.702613,76.367787,0.0],[-21.702599,76.367518,0.0],[-21.701459,76.367521,0.0],[-21.701445,76.367252,0.0],[-21.700305,76.367256,0.0],[-21.700292,76.366987,0.0],[-21.699151,76.36699,0.0],[-21.699138,76.366721,0.0],[-21.697998,76.366724,0.0],[-21.697984,76.366455,0.0],[-21.696844,76.366459,0.0],[-21.696831,76.36619,0.0],[-21.695691,76.366193,0.0],[-21.695677,76.365924,0.0],[-21.694537,76.365927,0.0],[-21.694524,76.365659,0.0],[-21.693384,76.365662,0.0],[-21.693357,76.365124,0.0],[-21.692217,76.365127,0.0],[-21.69219,76.36459,0.0],[-21.69105,76.364593,0.0],[-21.691037,76.364324,0.0],[-21.689897,76.364327,0.0],[-21.68987,76.363789,0.0],[-21.688731,76.363792,0.0],[-21.688717,76.363524,0.0],[-21.687577,76.363527,0.0],[-21.687551,76.362989,0.0],[-21.686411,76.362992,0.0],[-21.686398,76.362723,0.0],[-21.685258,76.362727,0.0],[-21.685231,76.362189,0.0],[-21.684092,76.362192,0.0],[-21.684079,76.361923,0.0],[-21.682939,76.361926,0.0],[-21.682912,76.361389,0.0],[-21.681773,76.361392,0.0],[-21.681746,76.360854,0.0],[-21.680607,76.360857,0.0],[-21.680567,76.360051,0.0],[-21.679428,76.360054,0.0],[-21.679401,76.359516,0.0],[-21.678262,76.359519,0.0],[-21.678249,76.35925,0.0],[-21.677109,76.359254,0.0],[-21.677096,76.358985,0.0],[-21.675957,76.358988,0.0],[-21.675918,76.358181,0.0],[-21.674778,76.358184,0.0],[-21.674713,76.35684,0.0],[-21.673574,76.356843,0.0],[-21.673561,76.356574,0.0],[-21.672421,76.356578,0.0],[-21.672434,76.356846,0.0],[-21.671295,76.356849,0.0],[-21.671321,76.357387,0.0],[-21.670182,76.35739,0.0],[-21.670195,76.357659,0.0],[-21.666777,76.357668,0.0],[-21.666789,76.357937,0.0],[-21.66565,76.35794,0.0],[-21.665637,76.357671,0.0],[-21.664498,76.357674,0.0],[-21.664485,76.357405,0.0],[-21.663346,76.357408,0.0],[-21.66332,76.356871,0.0],[-21.662181,76.356874,0.0],[-21.662168,76.356605,0.0],[-21.661029,76.356608,0.0],[-21.661016,76.356339,0.0],[-21.659877,76.356342,0.0],[-21.659851,76.355804,0.0],[-21.658712,76.355807,0.0],[-21.658699,76.355539,0.0],[-21.65756,76.355542,0.0],[-21.657547,76.355273,0.0],[-21.656408,76.355276,0.0],[-21.656395,76.355007,0.0],[-21.655256,76.35501,0.0],[-21.655244,76.354741,0.0],[-21.654104,76.354744,0.0],[-21.654092,76.354475,0.0],[-21.652953,76.354478,0.0],[-21.65294,76.354209,0.0],[-21.651801,76.354212,0.0],[-21.651788,76.353944,0.0],[-21.650649,76.353946,0.0],[-21.650637,76.353678,0.0],[-21.649498,76.353681,0.0],[-21.649485,76.353412,0.0],[-21.648346,76.353415,0.0],[-21.648309,76.352608,0.0],[-21.649448,76.352605,0.0],[-21.649435,76.352336,0.0],[-21.648296,76.352339,0.0],[-21.648284,76.352071,0.0],[-21.647145,76.352074,0.0],[-21.647132,76.351805,0.0],[-21.644854,76.351811,0.0],[-21.644842,76.351542,0.0],[-21.643703,76.351545,0.0],[-21.643691,76.351276,0.0],[-21.642552,76.351279,0.0],[-21.642539,76.35101,0.0],[-21.641401,76.351013,0.0],[-21.641388,76.350744,0.0],[-21.640249,76.350747,0.0],[-21.640237,76.350478,0.0],[-21.639098,76.350481,0.0],[-21.639074,76.349943,0.0],[-21.64249,76.349935,0.0],[-21.642502,76.350203,0.0],[-21.64478,76.350198,0.0],[-21.644792,76.350466,0.0],[-21.648208,76.350458,0.0],[-21.648221,76.350726,0.0],[-21.651637,76.350718,0.0],[-21.65165,76.350986,0.0],[-21.652789,76.350983,0.0],[-21.652801,76.351252,0.0],[-21.65394,76.351249,0.0],[-21.653953,76.351518,0.0],[-21.655092,76.351515,0.0],[-21.655104,76.351784,0.0],[-21.657382,76.351778,0.0],[-21.657395,76.352047,0.0],[-21.659673,76.352041,0.0],[-21.659685,76.35231,0.0],[-21.660824,76.352307,0.0],[-21.660837,76.352575,0.0],[-21.661976,76.352572,0.0],[-21.661989,76.352841,0.0],[-21.663128,76.352838,0.0],[-21.663141,76.353107,0.0],[-21.665419,76.353101,0.0],[-21.665431,76.35337,0.0],[-21.66657,76.353367,0.0],[-21.666583,76.353636,0.0],[-21.667722,76.353633,0.0],[-21.667735,76.353901,0.0],[-21.668874,76.353898,0.0],[-21.668887,76.354167,0.0],[-21.670026,76.354164,0.0],[-21.670039,76.354433,0.0],[-21.671178,76.35443,0.0],[-21.671191,76.354699,0.0],[-21.67233,76.354696,0.0],[-21.672343,76.354965,0.0],[-21.673483,76.354961,0.0],[-21.673496,76.35523,0.0],[-21.674635,76.355227,0.0],[-21.674648,76.355496,0.0],[-21.675787,76.355493,0.0],[-21.6758,76.355762,0.0],[-21.678078,76.355756,0.0],[-21.678092,76.356024,0.0],[-21.679231,76.356021,0.0],[-21.679244,76.35629,0.0],[-21.680383,76.356287,0.0],[-21.680396,76.356556,0.0],[-21.681536,76.356553,0.0],[-21.681549,76.356822,0.0],[-21.682688,76.356819,0.0],[-21.682701,76.357087,0.0],[-21.683841,76.357084,0.0],[-21.683854,76.357353,0.0],[-21.684993,76.35735,0.0],[-21.685006,76.357619,0.0],[-21.687285,76.357613,0.0],[-21.687298,76.357881,0.0],[-21.688438,76.357878,0.0],[-21.688451,76.358147,0.0],[-21.69073,76.358141,0.0],[-21.690743,76.35841,0.0],[-21.691883,76.358406,0.0],[-21.691896,76.358675,0.0],[-21.693035,76.358672,0.0],[-21.693049,76.358941,0.0],[-21.695328,76.358935,0.0],[-21.695341,76.359203,0.0],[-21.69876,76.359194,0.0],[-21.698773,76.359463,0.0],[-21.704471,76.359447,0.0],[-21.704484,76.359716,0.0],[-21.709042,76.359703,0.0],[-21.709056,76.359972,0.0],[-21.711335,76.359965,0.0],[-21.711349,76.360234,0.0],[-21.714768,76.360224,0.0],[-21.714781,76.360493,0.0],[-21.715921,76.36049,0.0],[-21.715935,76.360758,0.0],[-21.718214,76.360752,0.0],[-21.718228,76.361021,0.0],[-21.725066,76.361001,0.0],[-21.72508,76.36127,0.0],[-21.726219,76.361267,0.0],[-21.726233,76.361535,0.0],[-21.727373,76.361532,0.0],[-21.727387,76.361801,0.0],[-21.730806,76.361791,0.0],[-21.73082,76.36206,0.0],[-21.735379,76.362046,0.0],[-21.735365,76.361778,0.0],[-21.736505,76.361774,0.0],[-21.736476,76.361237,0.0],[-21.739895,76.361226,0.0],[-21.739909,76.361495,0.0],[-21.742189,76.361489,0.0],[-21.742203,76.361757,0.0],[-21.743343,76.361754,0.0],[-21.743357,76.362023,0.0],[-21.744497,76.362019,0.0],[-21.744511,76.362288,0.0],[-21.74793,76.362278,0.0],[-21.747916,76.362009,0.0],[-21.749056,76.362006,0.0],[-21.749041,76.361737,0.0],[-21.750181,76.361734,0.0],[-21.750166,76.361465,0.0],[-21.751306,76.361461,0.0],[-21.751248,76.360386,0.0],[-21.750108,76.360389,0.0],[-21.750094,76.360121,0.0],[-21.748954,76.360124,0.0],[-21.74894,76.359855,0.0],[-21.746661,76.359862,0.0],[-21.746646,76.359593,0.0],[-21.740949,76.35961,0.0],[-21.740934,76.359341,0.0],[-21.738655,76.359348,0.0],[-21.738641,76.359079,0.0],[-21.737502,76.359083,0.0],[-21.737487,76.358814,0.0],[-21.736348,76.358817,0.0],[-21.736334,76.358548,0.0],[-21.735194,76.358552,0.0],[-21.73518,76.358283,0.0],[-21.734041,76.358286,0.0],[-21.734027,76.358017,0.0],[-21.732887,76.358021,0.0],[-21.732873,76.357752,0.0],[-21.731734,76.357755,0.0],[-21.731705,76.357218,0.0],[-21.732845,76.357214,0.0],[-21.73283,76.356945,0.0],[-21.73397,76.356942,0.0],[-21.733956,76.356673,0.0],[-21.735967,76.356667,0.0]],[[-21.746921,76.364701,0.0],[-21.746935,76.36497,0.0],[-21.748075,76.364966,0.0],[-21.748089,76.365235,0.0],[-21.749229,76.365232,0.0],[-21.749244,76.365501,0.0],[-21.750384,76.365497,0.0],[-21.750398,76.365766,0.0],[-21.751538,76.365763,0.0],[-21.751553,76.366031,0.0],[-21.754973,76.366021,0.0],[-21.754944,76.365483,0.0],[-21.753804,76.365487,0.0],[-21.753789,76.365218,0.0],[-21.752649,76.365221,0.0],[-21.752635,76.364953,0.0],[-21.751495,76.364956,0.0],[-21.75148,76.364687,0.0],[-21.7492,76.364694,0.0],[-21.749186,76.364425,0.0],[-21.748046,76.364429,0.0],[-21.748032,76.36416,0.0],[-21.745752,76.364167,0.0],[-21.745781,76.364704,0.0],[-21.746921,76.364701,0.0]],[[-21.751422,76.363612,0.0],[-21.752562,76.363608,0.0],[-21.752533,76.363071,0.0],[-21.751393,76.363074,0.0],[-21.751422,76.363612,0.0]]]}},{"type":"Feature","properties":{"rgi_id":"RGI2000-v7.0-G-05-16211","o1region":"05"},"geometry":{"type":"Polygon","coordinates":[[[-21.735967,76.356667,0.0],[-21.74307,76.356646,0.0],[-21.743084,76.356915,0.0],[-21.745363,76.356908,0.0],[-21.745377,76.357177,0.0],[-21.746516,76.357174,0.0],[-21.746531,76.357443,0.0],[-21.74767,76.357439,0.0],[-21.747685,76.357708,0.0],[-21.748824,76.357705,0.0],[-21.748838,76.357973,0.0],[-21.749978,76.35797,0.0],[-21.749992,76.358239,0.0],[-21.752271,76.358232,0.0],[-21.752286,76.358501,0.0],[-21.755704,76.35849,0.0],[-21.755689,76.358222,0.0],[-21.756829,76.358218,0.0],[-21.756814,76.357949,0.0],[-21.755675,76.357953,0.0],[-21.75566,76.357684,0.0],[-21.753381,76.357691,0.0],[-21.753367,76.357422,0.0],[-21.752227,76.357425,0.0],[-21.752213,76.357157,0.0],[-21.751074,76.35716,0.0],[-21.751059,76.356891,0.0],[-21.74992,76.356895,0.0],[-21.749905,76.356626,0.0],[-21.748766,76.356629,0.0],[-21.748752,76.35636,0.0],[-21.747612,76.356364,0.0],[-21.747598,76.356095,0.0],[-21.746459,76.356098,0.0],[-21.746372,76.354485,0.0],[-21.745233,76.354489,0.0],[-21.745204,76.353951,0.0],[-21.744065,76.353955,0.0],[-21.744036,76.353417,0.0],[-21.742897,76.35342,0.0],[-21.742883,76.353151,0.0],[-21.741744,76.353155,0.0],[-21.74173,76.352886,0.0],[-21.740591,76.352889,0.0],[-21.740577,76.352621,0.0],[-21.739438,76.352624,0.0],[-21.739423,76.352355,0.0],[-21.738284,76.352359,0.0],[-21.738299,76.352627,0.0],[-21.73716,76.352631,0.0],[-21.737174,76.3529,0.0],[-21.736035,76.352903,0.0],[-21.736049,76.353172,0.0],[-21.732632,76.353182,0.0],[-21.732646,76.353451,0.0],[-21.726951,76.353467,0.0],[-21.726965,76.353736,0.0],[-21.725826,76.353739,0.0],[-21.72584,76.354008,0.0],[-21.723562,76.354015,0.0],[-21.723548,76.353746,0.0],[-21.722409,76.353749,0.0],[-21.722381,76.353212,0.0],[-21.721242,76.353215,0.0],[-21.721229,76.352946,0.0],[-21.72009,76.352949,0.0],[-21.720076,76.352681,0.0],[-21.718937,76.352684,0.0],[-21.718923,76.352415,0.0],[-21.717784,76.352418,0.0],[-21.71777,76.352149,0.0],[-21.716631,76.352153,0.0],[-21.71659,76.351346,0.0],[-21.717728,76.351343,0.0],[-21.717701,76.350805,0.0],[-21.718839,76.350802,0.0],[-21.718826,76.350533,0.0],[-21.719964,76.35053,0.0],[-21.71995,76.350261,0.0],[-21.721089,76.350258,0.0],[-21.721075,76.349989,0.0],[-21.722214,76.349986,0.0],[-21.722186,76.349448,0.0],[-21.723325,76.349445,0.0],[-21.723269,76.348369,0.0],[-21.72213,76.348373,0.0],[-21.722061,76.347029,0.0],[-21.724338,76.347022,0.0],[-21.724352,76.347291,0.0],[-21.726629,76.347284,0.0],[-21.726572,76.346209,0.0],[-21.727711,76.346206,0.0],[-21.727683,76.345668,0.0],[-21.731098,76.345658,0.0],[-21.731084,76.345389,0.0],[-21.734499,76.345379,0.0],[-21.734485,76.34511,0.0],[-21.735623,76.345107,0.0],[-21.735609,76.344838,0.0],[-21.7413,76.344821,0.0],[-21.741286,76.344552,0.0],[-21.746977,76.344535,0.0],[-21.746963,76.344267,0.0],[-21.750378,76.344256,0.0],[-21.750363,76.343988,0.0],[-21.757192,76.343967,0.0],[-21.757149,76.34316,0.0],[-21.758287,76.343157,0.0],[-21.758272,76.342888,0.0],[-21.760548,76.342881,0.0],[-21.760563,76.34315,0.0],[-21.762839,76.343143,0.0],[-21.762854,76.343412,0.0],[-21.76513,76.343405,0.0],[-21.765145,76.343674,0.0],[-21.767422,76.343667,0.0],[-21.767436,76.343936,0.0],[-21.768575,76.343932,0.0],[-21.768589,76.344201,0.0],[-21.774281,76.344183,0.0],[-21.774266,76.343915,0.0],[-21.775404,76.343911,0.0],[-21.775389,76.343642,0.0],[-21.776527,76.343639,0.0],[-21.776512,76.34337,0.0],[-21.77765,76.343366,0.0],[-21.777635,76.343097,0.0],[-21.778773,76.343094,0.0],[-21.778728,76.342287,0.0],[-21.779866,76.342284,0.0],[-21.779836,76.341746,0.0],[-21.780974,76.341743,0.0],[-21.780929,76.340936,0.0],[-21.782067,76.340933,0.0],[-21.782037,76.340395,0.0],[-21.783175,76.340391,0.0],[-21.78316,76.340123,0.0],[-21.786573,76.340112,0.0],[-21.786589,76.340381,0.0],[-21.787726,76.340377,0.0],[-21.787757,76.340915,0.0],[-21.786619,76.340918,0.0],[-21.786634,76.341187,0.0],[-21.785496,76.341191,0.0],[-21.785572,76.342535,0.0],[-21.784434,76.342538,0.0],[-21.784464,76.343076,0.0],[-21.783326,76.34308,0.0],[-21.783356,76.343617,0.0],[-21.782218,76.343621,0.0],[-21.782278,76.344696,0.0],[-21.783417,76.344693,0.0],[-21.783447,76.34523,0.0],[-21.782309,76.345234,0.0],[-21.782324,76.345503,0.0],[-21.783462,76.345499,0.0],[-21.783477,76.345768,0.0],[-21.790307,76.345746,0.0],[-21.790292,76.345478,0.0],[-21.79143,76.345474,0.0],[-21.791415,76.345205,0.0],[-21.792553,76.345202,0.0],[-21.792538,76.344933,0.0],[-21.793676,76.344929,0.0],[-21.793661,76.34466,0.0],[-21.794799,76.344657,0.0],[-21.794784,76.344388,0.0],[-21.795922,76.344384,0.0],[-21.795907,76.344115,0.0],[-21.797045,76.344112,0.0],[-21.797014,76.343574,0.0],[-21.798153,76.34357,0.0],[-21.798137,76.343302,0.0],[-21.80269,76.343287,0.0],[-21.802705,76.343556,0.0],[-21.80612,76.343545,0.0],[-21.806151,76.344082,0.0],[-21.801598,76.344097,0.0],[-21.801629,76.344635,0.0],[-21.803906,76.344627,0.0],[-21.803921,76.344896,0.0],[-21.809612,76.344878,0.0],[-21.809597,76.344609,0.0],[-21.810735,76.344605,0.0],[-21.810719,76.344337,0.0],[-21.811858,76.344333,0.0],[-21.811842,76.344064,0.0],[-21.814118,76.344057,0.0],[-21.814103,76.343788,0.0],[-21.816379,76.34378,0.0],[-21.816363,76.343512,0.0],[-21.817501,76.343508,0.0],[-21.817486,76.343239,0.0],[-21.818624,76.343235,0.0],[-21.818608,76.342966,0.0],[-21.819746,76.342963,0.0],[-21.81973,76.342694,0.0],[-21.824283,76.342679,0.0],[-21.824267,76.34241,0.0],[-21.827681,76.342399,0.0],[-21.827665,76.34213,0.0],[-21.828803,76.342126,0.0],[-21.828787,76.341857,0.0],[-21.831063,76.34185,0.0],[-21.830935,76.339699,0.0],[-21.832073,76.339695,0.0],[-21.832041,76.339158,0.0],[-21.833178,76.339154,0.0],[-21.833162,76.338885,0.0],[-21.835438,76.338878,0.0],[-21.835422,76.338609,0.0],[-21.839973,76.338593,0.0],[-21.839957,76.338325,0.0],[-21.845645,76.338305,0.0],[-21.845662,76.338574,0.0],[-21.855901,76.338539,0.0],[-21.855885,76.338271,0.0],[-21.85816,76.338263,0.0],[-21.858144,76.337994,0.0],[-21.859281,76.33799,0.0],[-21.859265,76.337721,0.0],[-21.860403,76.337717,0.0],[-21.860386,76.337448,0.0],[-21.862661,76.337441,0.0],[-21.862678,76.337709,0.0],[-21.867229,76.337694,0.0],[-21.867245,76.337962,0.0],[-21.868383,76.337958,0.0],[-21.8684,76.338227,0.0],[-21.869538,76.338223,0.0],[-21.869554,76.338492,0.0],[-21.870692,76.338488,0.0],[-21.870726,76.339026,0.0],[-21.871863,76.339022,0.0],[-21.871897,76.339559,0.0],[-21.873035,76.339556,0.0],[-21.873136,76.341168,0.0],[-21.874274,76.341164,0.0],[-21.874291,76.341433,0.0],[-21.875429,76.341429,0.0],[-21.875446,76.341698,0.0],[-21.876584,76.341694,0.0],[-21.876601,76.341963,0.0],[-21.889119,76.341919,0.0],[-21.889136,76.342187,0.0],[-21.892333,76.342176,0.0],[-21.89246,76.34278,0.0],[-21.893494,76.346381,0.0],[-21.898497,76.349209,0.0],[-21.89873,76.352812,0.0],[-21.898003,76.354961,0.0],[-21.883631,76.355522,0.0],[-21.867603,76.356337,0.0],[-21.862728,76.356889,0.0],[-21.862672,76.355993,0.0],[-21.861533,76.355997,0.0],[-21.8615,76.355459,0.0],[-21.860361,76.355463,0.0],[-21.860344,76.355194,0.0],[-21.859205,76.355198,0.0],[-21.859188,76.35493,0.0],[-21.855771,76.354941,0.0],[-21.855754,76.354672,0.0],[-21.846642,76.354703,0.0],[-21.846658,76.354972,0.0],[-21.84509,76.354978,0.0],[-21.8369,76.353786,0.0],[-21.82491,76.353261,0.0],[-21.824904,76.353163,0.0],[-21.827182,76.353155,0.0],[-21.827166,76.352887,0.0],[-21.828305,76.352883,0.0],[-21.828289,76.352614,0.0],[-21.829428,76.35261,0.0],[-21.829395,76.352073,0.0],[-21.830534,76.352069,0.0],[-21.830518,76.3518,0.0],[-21.831657,76.351796,0.0],[-21.831641,76.351527,0.0],[-21.843029,76.351489,0.0],[-21.843046,76.351758,0.0],[-21.851017,76.351731,0.0],[-21.851001,76.351462,0.0],[-21.85214,76.351458,0.0],[-21.852041,76.349845,0.0],[-21.850902,76.349849,0.0],[-21.850869,76.349312,0.0],[-21.849731,76.349315,0.0],[-21.849714,76.349047,0.0],[-21.848576,76.349051,0.0],[-21.848559,76.348782,0.0],[-21.847421,76.348786,0.0],[-21.847372,76.347979,0.0],[-21.84851,76.347975,0.0],[-21.848494,76.347706,0.0],[-21.851909,76.347695,0.0],[-21.851893,76.347426,0.0],[-21.853031,76.347422,0.0],[-21.853015,76.347153,0.0],[-21.85643,76.347142,0.0],[-21.856414,76.346873,0.0],[-21.858691,76.346865,0.0],[-21.858674,76.346596,0.0],[-21.859812,76.346592,0.0],[-21.859796,76.346323,0.0],[-21.860934,76.346319,0.0],[-21.860884,76.345513,0.0],[-21.862023,76.345509,0.0],[-21.862006,76.34524,0.0],[-21.864283,76.345232,0.0],[-21.864266,76.344964,0.0],[-21.865404,76.34496,0.0],[-21.865387,76.344691,0.0],[-21.867664,76.344683,0.0],[-21.867647,76.344414,0.0],[-21.869924,76.344406,0.0],[-21.869907,76.344137,0.0],[-21.872183,76.344129,0.0],[-21.872166,76.343861,0.0],[-21.874443,76.343853,0.0],[-21.874392,76.343046,0.0],[-21.872116,76.343054,0.0],[-21.872099,76.342785,0.0],[-21.869823,76.342793,0.0],[-21.869806,76.342524,0.0],[-21.86753,76.342532,0.0],[-21.867547,76.342801,0.0],[-21.865271,76.342809,0.0],[-21.865287,76.343078,0.0],[-21.859597,76.343098,0.0],[-21.859613,76.343366,0.0],[-21.855061,76.343382,0.0],[-21.855077,76.343651,0.0],[-21.852801,76.343659,0.0],[-21.852817,76.343927,0.0],[-21.848265,76.343943,0.0],[-21.848281,76.344212,0.0],[-21.846004,76.344219,0.0],[-21.846021,76.344488,0.0],[-21.838053,76.344515,0.0],[-21.838069,76.344784,0.0],[-21.835793,76.344792,0.0],[-21.835809,76.34506,0.0],[-21.834671,76.345064,0.0],[-21.834687,76.345333,0.0],[-21.833548,76.345337,0.0],[-21.833564,76.345606,0.0],[-21.832426,76.34561,0.0],[-21.832458,76.346147,0.0],[-21.83132,76.346151,0.0],[-21.831336,76.34642,0.0],[-21.830198,76.346424,0.0],[-21.830214,76.346692,0.0],[-21.829075,76.346696,0.0],[-21.829091,76.346965,0.0],[-21.827953,76.346969,0.0],[-21.827969,76.347238,0.0],[-21.825692,76.347245,0.0],[-21.825708,76.347514,0.0],[-21.824569,76.347518,0.0],[-21.824585,76.347787,0.0],[-21.823447,76.34779,0.0],[-21.823463,76.348059,0.0],[-21.822324,76.348063,0.0],[-21.82234,76.348332,0.0],[-21.818924,76.348343,0.0],[-21.81894,76.348612,0.0],[-21.817801,76.348615,0.0],[-21.817817,76.348884,0.0],[-21.816679,76.348888,0.0],[-21.816742,76.349963,0.0],[-21.815603,76.349967,0.0],[-21.815619,76.350236,0.0],[-21.813341,76.350243,0.0],[-21.813357,76.350512,0.0],[-21.812218,76.350516,0.0],[-21.81225,76.351053,0.0],[-21.811111,76.351057,0.0],[-21.811127,76.351326,0.0],[-21.809988,76.35133,0.0],[-21.810019,76.351867,0.0],[-21.811158,76.351864,0.0],[-21.811174,76.352132,0.0],[-21.812312,76.352129,0.0],[-21.812328,76.352398,0.0],[-21.813467,76.352394,0.0],[-21.813483,76.352663,0.0],[-21.814622,76.352659,0.0],[-21.814637,76.352928,0.0],[-21.816915,76.35292,0.0],[-21.816931,76.353189,0.0],[-21.81807,76.353185,0.0],[-21.81808,76.353359,0.0],[-21.810113,76.353479,0.0],[-21.810097,76.353211,0.0],[-21.808958,76.353215,0.0],[-21.808943,76.352946,0.0],[-21.807804,76.35295,0.0],[-21.807788,76.352681,0.0],[-21.80551,76.352689,0.0],[-21.805495,76.35242,0.0],[-21.802078,76.352431,0.0],[-21.802094,76.3527,0.0],[-21.800955,76.352703,0.0],[-21.800986,76.353241,0.0],[-21.799847,76.353244,0.0],[-21.799862,76.353513,0.0],[-21.798723,76.353517,0.0],[-21.798739,76.353786,0.0],[-21.797599,76.353789,0.0],[-21.797615,76.354058,0.0],[-21.795337,76.354065,0.0],[-21.795352,76.354334,0.0],[-21.794213,76.354338,0.0],[-21.794228,76.354607,0.0],[-21.795368,76.354603,0.0],[-21.795383,76.354872,0.0],[-21.801078,76.354854,0.0],[-21.801063,76.354585,0.0],[-21.803034,76.354579,0.0],[-21.801595,76.35485,0.0],[-21.799314,76.357134,0.0],[-21.796153,76.358093,0.0],[-21.792949,76.358293,0.0],[-21.777791,76.360427,0.0],[-21.768195,76.361405,0.0],[-21.767394,76.362312,0.0],[-21.760165,76.361619,0.0],[-21.752856,76.360314,0.0],[-21.742302,76.358448,0.0],[-21.735967,76.356667,0.0]]]}},{"type":"Feature","properties":{"rgi_id":"RGI2000-v7.0-G-05-16212","o1region":"05"},"geometry":{"type":"Polygon","coordinates":[[[-21.813836,76.339218,0.0],[-21.813804,76.33868,0.0],[-21.812666,76.338684,0.0],[-21.812635,76.338146,0.0],[-21.811497,76.33815,0.0],[-21.811466,76.337612,0.0],[-21.810328,76.337616,0.0],[-21.810297,76.337078,0.0],[-21.811435,76.337075,0.0],[-21.811419,76.336806,0.0],[-21.812557,76.336802,0.0],[-21.8124,76.334114,0.0],[-21.822637,76.33408,0.0],[-21.822652,76.334349,0.0],[-21.828339,76.33433,0.0],[-21.828355,76.334599,0.0],[-21.829493,76.334595,0.0],[-21.829509,76.334864,0.0],[-21.830646,76.33486,0.0],[-21.830662,76.335129,0.0],[-21.829525,76.335133,0.0],[-21.829541,76.335402,0.0],[-21.828403,76.335406,0.0],[-21.828419,76.335674,0.0],[-21.827282,76.335678,0.0],[-21.827298,76.335947,0.0],[-21.82616,76.335951,0.0],[-21.826176,76.33622,0.0],[-21.825039,76.336223,0.0],[-21.825055,76.336492,0.0],[-21.823917,76.336496,0.0],[-21.823933,76.336765,0.0],[-21.822795,76.336769,0.0],[-21.822811,76.337037,0.0],[-21.821673,76.337041,0.0],[-21.821689,76.33731,0.0],[-21.819414,76.337317,0.0],[-21.819446,76.337855,0.0],[-21.818308,76.337859,0.0],[-21.818355,76.338665,0.0],[-21.817218,76.338669,0.0],[-21.817233,76.338938,0.0],[-21.814958,76.338945,0.0],[-21.814973,76.339214,0.0],[-21.813836,76.339218,0.0]]]}},{"type":"Feature","properties":{"rgi_id":"RGI2000-v7.0-G-05-16213","o1region":"05"},"geometry":{"type":"Polygon","coordinates":[[[-21.896704,76.335976,0.0],[-21.896687,76.335707,0.0],[-21.895549,76.335711,0.0],[-21.895532,76.335443,0.0],[-21.894395,76.335447,0.0],[-21.89436,76.334909,0.0],[-21.895498,76.334905,0.0],[-21.89548,76.334636,0.0],[-21.897755,76.334628,0.0],[-21.897738,76.334359,0.0],[-21.898875,76.334355,0.0],[-21.898823,76.333549,0.0],[-21.899961,76.333545,0.0],[-21.899943,76.333276,0.0],[-21.90108,76.333272,0.0],[-21.901063,76.333003,0.0],[-21.907887,76.332978,0.0],[-21.907904,76.333247,0.0],[-21.909042,76.333243,0.0],[-21.909182,76.335393,0.0],[-21.908044,76.335397,0.0],[-21.908062,76.335666,0.0],[-21.906924,76.33567,0.0],[-21.906942,76.335939,0.0],[-21.905804,76.335943,0.0],[-21.905822,76.336212,0.0],[-21.902409,76.336224,0.0],[-21.902427,76.336493,0.0],[-21.901289,76.336497,0.0],[-21.901324,76.337035,0.0],[-21.900186,76.337039,0.0],[-21.900134,76.336233,0.0],[-21.897859,76.336241,0.0],[-21.897842,76.335972,0.0],[-21.896704,76.335976,0.0]]]}},{"type":"Feature","properties":{"rgi_id":"RGI2000-v7.0-G-05-16214","o1region":"05"},"geometry":{"type":"Polygon","coordinates":[[[-21.883182,76.302146,0.0],[-21.883165,76.301877,0.0],[-21.88203,76.301881,0.0],[-21.882013,76.301612,0.0],[-21.880879,76.301616,0.0],[-21.880794,76.300272,0.0],[-21.879659,76.300276,0.0],[-21.879642,76.300007,0.0],[-21.878508,76.300011,0.0],[-21.878491,76.299742,0.0],[-21.877356,76.299746,0.0],[-21.877339,76.299478,0.0],[-21.876205,76.299482,0.0],[-21.876137,76.298406,0.0],[-21.877272,76.298402,0.0],[-21.877255,76.298133,0.0],[-21.878389,76.298129,0.0],[-21.878373,76.297861,0.0],[-21.880641,76.297853,0.0],[-21.880624,76.297584,0.0],[-21.882893,76.297576,0.0],[-21.882876,76.297307,0.0],[-21.884011,76.297303,0.0],[-21.883977,76.296765,0.0],[-21.882842,76.296769,0.0],[-21.882774,76.295694,0.0],[-21.883909,76.29569,0.0],[-21.883875,76.295152,0.0],[-21.88274,76.295156,0.0],[-21.882723,76.294888,0.0],[-21.881589,76.294892,0.0],[-21.881538,76.294085,0.0],[-21.880404,76.294089,0.0],[-21.880387,76.29382,0.0],[-21.873583,76.293844,0.0],[-21.8736,76.294113,0.0],[-21.872465,76.294117,0.0],[-21.872482,76.294386,0.0],[-21.871348,76.29439,0.0],[-21.871365,76.294659,0.0],[-21.867962,76.294671,0.0],[-21.867979,76.294939,0.0],[-21.866845,76.294943,0.0],[-21.866895,76.29575,0.0],[-21.86576,76.295754,0.0],[-21.865777,76.296023,0.0],[-21.862374,76.296034,0.0],[-21.862341,76.295497,0.0],[-21.861207,76.295501,0.0],[-21.861174,76.294963,0.0],[-21.86004,76.294967,0.0],[-21.860023,76.294698,0.0],[-21.858889,76.294702,0.0],[-21.858856,76.294164,0.0],[-21.857722,76.294168,0.0],[-21.857672,76.293362,0.0],[-21.858806,76.293358,0.0],[-21.85879,76.293089,0.0],[-21.859924,76.293085,0.0],[-21.85994,76.293354,0.0],[-21.862208,76.293346,0.0],[-21.862192,76.293077,0.0],[-21.863326,76.293073,0.0],[-21.863309,76.292805,0.0],[-21.864443,76.292801,0.0],[-21.864427,76.292532,0.0],[-21.868963,76.292516,0.0],[-21.868979,76.292785,0.0],[-21.870113,76.292781,0.0],[-21.87013,76.29305,0.0],[-21.874666,76.293034,0.0],[-21.874683,76.293303,0.0],[-21.879219,76.293287,0.0],[-21.879236,76.293555,0.0],[-21.891711,76.293511,0.0],[-21.891728,76.29378,0.0],[-21.892862,76.293776,0.0],[-21.89288,76.294045,0.0],[-21.895148,76.294036,0.0],[-21.895165,76.294305,0.0],[-21.896299,76.294301,0.0],[-21.896334,76.294839,0.0],[-21.897468,76.294835,0.0],[-21.897485,76.295104,0.0],[-21.898619,76.2951,0.0],[-21.898654,76.295637,0.0],[-21.899788,76.295633,0.0],[-21.899892,76.297246,0.0],[-21.898758,76.29725,0.0],[-21.898775,76.297519,0.0],[-21.89764,76.297523,0.0],[-21.89771,76.298598,0.0],[-21.896575,76.298602,0.0],[-21.896592,76.298871,0.0],[-21.894323,76.298879,0.0],[-21.894341,76.299148,0.0],[-21.892071,76.299156,0.0],[-21.892089,76.299425,0.0],[-21.890954,76.299429,0.0],[-21.890971,76.299698,0.0],[-21.889837,76.299702,0.0],[-21.889854,76.299971,0.0],[-21.887585,76.299979,0.0],[-21.887602,76.300248,0.0],[-21.885332,76.300256,0.0],[-21.885349,76.300525,0.0],[-21.884215,76.300529,0.0],[-21.884232,76.300798,0.0],[-21.885366,76.300793,0.0],[-21.885435,76.301869,0.0],[-21.8843,76.301873,0.0],[-21.884317,76.302142,0.0],[-21.883182,76.302146,0.0]],[[-21.862258,76.294153,0.0],[-21.862225,76.293615,0.0],[-21.861091,76.293619,0.0],[-21.861124,76.294157,0.0],[-21.862258,76.294153,0.0]]]}},{"type":"Feature","properties":{"rgi_id":"RGI2000-v7.0-G-05-16215","o1region":"05"},"geometry":{"type":"Polygon","coordinates":[[[-21.893962,76.293234,0.0],[-21.893945,76.292965,0.0],[-21.890543,76.292978,0.0],[-21.890526,76.292709,0.0],[-21.889392,76.292713,0.0],[-21.889375,76.292444,0.0],[-21.888241,76.292448,0.0],[-21.888224,76.292179,0.0],[-21.88709,76.292183,0.0],[-21.887073,76.291914,0.0],[-21.885939,76.291918,0.0],[-21.885905,76.291381,0.0],[-21.884771,76.291385,0.0],[-21.884754,76.291116,0.0],[-21.879084,76.291136,0.0],[-21.87905,76.290598,0.0],[-21.880184,76.290594,0.0],[-21.880167,76.290326,0.0],[-21.882435,76.290318,0.0],[-21.882418,76.290049,0.0],[-21.883552,76.290045,0.0],[-21.883484,76.288969,0.0],[-21.884618,76.288965,0.0],[-21.884601,76.288697,0.0],[-21.885734,76.288693,0.0],[-21.885717,76.288424,0.0],[-21.886851,76.28842,0.0],[-21.886834,76.288151,0.0],[-21.891368,76.288135,0.0],[-21.891385,76.288404,0.0],[-21.892519,76.288399,0.0],[-21.892536,76.288668,0.0],[-21.89367,76.288664,0.0],[-21.893653,76.288395,0.0],[-21.894786,76.288391,0.0],[-21.894804,76.28866,0.0],[-21.895937,76.288656,0.0],[-21.896058,76.290538,0.0],[-21.894924,76.290542,0.0],[-21.894976,76.291348,0.0],[-21.89611,76.291344,0.0],[-21.896127,76.291613,0.0],[-21.898395,76.291605,0.0],[-21.898412,76.291874,0.0],[-21.899546,76.29187,0.0],[-21.89958,76.292407,0.0],[-21.898447,76.292411,0.0],[-21.898481,76.292949,0.0],[-21.897347,76.292953,0.0],[-21.897364,76.293222,0.0],[-21.893962,76.293234,0.0]]]}},{"type":"Feature","properties":{"rgi_id":"RGI2000-v7.0-G-05-16216","o1region":"05"},"geometry":{"type":"Polygon","coordinates":[[[-21.933611,76.291744,0.0],[-21.928906,76.289928,0.0],[-21.928093,76.289614,0.0],[-21.927742,76.289478,0.0],[-21.927698,76.288808,0.0],[-21.926564,76.288813,0.0],[-21.926511,76.288006,0.0],[-21.925377,76.28801,0.0],[-21.925359,76.287742,0.0],[-21.924226,76.287746,0.0],[-21.92419,76.287208,0.0],[-21.923057,76.287212,0.0],[-21.923039,76.286944,0.0],[-21.921905,76.286948,0.0],[-21.92187,76.28641,0.0],[-21.920737,76.286414,0.0],[-21.920719,76.286146,0.0],[-21.919585,76.28615,0.0],[-21.919568,76.285881,0.0],[-21.920701,76.285877,0.0],[-21.920683,76.285608,0.0],[-21.929751,76.285574,0.0],[-21.929733,76.285305,0.0],[-21.931808,76.285298,0.0],[-21.935485,76.286562,0.0],[-21.935544,76.287435,0.0],[-21.93441,76.287439,0.0],[-21.934482,76.288514,0.0],[-21.935616,76.28851,0.0],[-21.935688,76.289585,0.0],[-21.934554,76.289589,0.0],[-21.934608,76.290396,0.0],[-21.935742,76.290392,0.0],[-21.93576,76.29066,0.0],[-21.936893,76.290656,0.0],[-21.936929,76.291194,0.0],[-21.938063,76.29119,0.0],[-21.938081,76.291458,0.0],[-21.936947,76.291463,0.0],[-21.936965,76.291731,0.0],[-21.933611,76.291744,0.0]],[[-21.929876,76.287456,0.0],[-21.929858,76.287187,0.0],[-21.930992,76.287183,0.0],[-21.930974,76.286914,0.0],[-21.932107,76.28691,0.0],[-21.932053,76.286103,0.0],[-21.929787,76.286112,0.0],[-21.929804,76.286381,0.0],[-21.928671,76.286385,0.0],[-21.928707,76.286923,0.0],[-21.927573,76.286927,0.0],[-21.927591,76.287196,0.0],[-21.928724,76.287191,0.0],[-21.928742,76.28746,0.0],[-21.929876,76.287456,0.0]]]}},{"type":"Feature","properties":{"rgi_id":"RGI2000-v7.0-G-05-16217","o1region":"05"},"geometry":{"type":"Polygon","coordinates":[[[-22.010711,76.287678,0.0],[-22.010762,76.287683,0.0],[-22.010772,76.287678,0.0],[-22.01153,76.287675,0.0],[-22.011511,76.287406,0.0],[-22.013778,76.287397,0.0],[-22.013797,76.287666,0.0],[-22.014931,76.287661,0.0],[-22.015048,76.289274,0.0],[-22.016181,76.289269,0.0],[-22.016201,76.289538,0.0],[-22.017335,76.289534,0.0],[-22.017374,76.290071,0.0],[-22.018508,76.290066,0.0],[-22.018527,76.290335,0.0],[-22.019661,76.290331,0.0],[-22.019681,76.290599,0.0],[-22.021948,76.29059,0.0],[-22.021968,76.290859,0.0],[-22.024235,76.29085,0.0],[-22.024275,76.291387,0.0],[-22.022007,76.291397,0.0],[-22.022027,76.291665,0.0],[-22.015223,76.291693,0.0],[-22.015243,76.291962,0.0],[-22.008439,76.29199,0.0],[-22.008459,76.292259,0.0],[-22.007325,76.292263,0.0],[-22.007344,76.292532,0.0],[-22.003942,76.292546,0.0],[-22.003962,76.292815,0.0],[-22.002828,76.292819,0.0],[-22.002847,76.293088,0.0],[-22.001713,76.293092,0.0],[-22.001732,76.293361,0.0],[-21.994928,76.293389,0.0],[-21.994947,76.293657,0.0],[-21.996081,76.293653,0.0],[-21.996139,76.294459,0.0],[-21.995005,76.294464,0.0],[-21.995024,76.294733,0.0],[-21.99389,76.294737,0.0],[-21.993909,76.295006,0.0],[-21.992775,76.295011,0.0],[-21.992813,76.295548,0.0],[-21.993947,76.295544,0.0],[-21.993966,76.295812,0.0],[-21.9951,76.295808,0.0],[-21.995139,76.296345,0.0],[-21.994004,76.29635,0.0],[-21.994023,76.296619,0.0],[-21.991755,76.296628,0.0],[-21.991774,76.296897,0.0],[-21.987237,76.296915,0.0],[-21.987218,76.296646,0.0],[-21.986083,76.29665,0.0],[-21.986008,76.295575,0.0],[-21.987142,76.295571,0.0],[-21.987123,76.295302,0.0],[-21.988257,76.295297,0.0],[-21.988219,76.29476,0.0],[-21.989353,76.294755,0.0],[-21.989296,76.293949,0.0],[-21.99043,76.293944,0.0],[-21.990411,76.293675,0.0],[-21.991545,76.293671,0.0],[-21.991507,76.293133,0.0],[-21.990373,76.293138,0.0],[-21.990354,76.292869,0.0],[-21.98355,76.292896,0.0],[-21.983531,76.292627,0.0],[-21.982397,76.292632,0.0],[-21.98234,76.291825,0.0],[-21.981206,76.29183,0.0],[-21.981018,76.289142,0.0],[-21.979884,76.289146,0.0],[-21.979809,76.288071,0.0],[-21.980942,76.288066,0.0],[-21.980924,76.287798,0.0],[-21.989992,76.287762,0.0],[-21.990011,76.28803,0.0],[-21.991145,76.288026,0.0],[-21.991164,76.288295,0.0],[-21.992298,76.28829,0.0],[-21.992317,76.288559,0.0],[-21.994584,76.28855,0.0],[-21.994603,76.288819,0.0],[-21.995737,76.288814,0.0],[-21.995756,76.289083,0.0],[-21.999157,76.289069,0.0],[-21.999176,76.289338,0.0],[-22.007112,76.289306,0.0],[-22.007093,76.289037,0.0],[-22.008226,76.289033,0.0],[-22.008207,76.288764,0.0],[-22.00934,76.288759,0.0],[-22.009282,76.287953,0.0],[-22.010416,76.287948,0.0],[-22.010396,76.28768,0.0],[-22.010711,76.287678,0.0]],[[-21.986838,76.29127,0.0],[-21.986857,76.291539,0.0],[-21.985723,76.291543,0.0],[-21.98578,76.292349,0.0],[-21.989182,76.292336,0.0],[-21.989163,76.292067,0.0],[-21.990297,76.292063,0.0],[-21.990278,76.291794,0.0],[-21.989144,76.291798,0.0],[-21.989125,76.29153,0.0],[-21.987991,76.291534,0.0],[-21.987972,76.291265,0.0],[-21.986838,76.29127,0.0]]]}},{"type":"Feature","properties":{"rgi_id":"RGI2000-v7.0-G-05-16218","o1region":"05"},"geometry":{"type":"Polygon","coordinates":[[[-22.044122,76.283776,0.0],[-22.044102,76.283507,0.0],[-22.042969,76.283512,0.0],[-22.042949,76.283243,0.0],[-22.041815,76.283248,0.0],[-22.041795,76.282979,0.0],[-22.03613,76.283003,0.0],[-22.03611,76.282734,0.0],[-22.034977,76.282738,0.0],[-22.034957,76.28247,0.0],[-22.033824,76.282474,0.0],[-22.033744,76.281399,0.0],[-22.037143,76.281385,0.0],[-22.037083,76.280579,0.0],[-22.03595,76.280583,0.0],[-22.035891,76.279777,0.0],[-22.034758,76.279782,0.0],[-22.034698,76.278975,0.0],[-22.033565,76.27898,0.0],[-22.033545,76.278711,0.0],[-22.032413,76.278716,0.0],[-22.032294,76.277103,0.0],[-22.033426,76.277098,0.0],[-22.033387,76.276561,0.0],[-22.034519,76.276556,0.0],[-22.034499,76.276287,0.0],[-22.035632,76.276282,0.0],[-22.035612,76.276014,0.0],[-22.036745,76.276009,0.0],[-22.036725,76.27574,0.0],[-22.037857,76.275735,0.0],[-22.037818,76.275198,0.0],[-22.036685,76.275202,0.0],[-22.036665,76.274934,0.0],[-22.035533,76.274938,0.0],[-22.035513,76.27467,0.0],[-22.033248,76.274679,0.0],[-22.033228,76.27441,0.0],[-22.032095,76.274415,0.0],[-22.032076,76.274146,0.0],[-22.030943,76.274151,0.0],[-22.030785,76.272,0.0],[-22.029653,76.272005,0.0],[-22.029633,76.271736,0.0],[-22.0285,76.271741,0.0],[-22.028441,76.270934,0.0],[-22.029573,76.27093,0.0],[-22.029534,76.270392,0.0],[-22.030666,76.270387,0.0],[-22.030627,76.26985,0.0],[-22.032891,76.26984,0.0],[-22.032851,76.269303,0.0],[-22.031719,76.269308,0.0],[-22.03164,76.268232,0.0],[-22.032772,76.268228,0.0],[-22.032752,76.267959,0.0],[-22.03728,76.26794,0.0],[-22.037379,76.269284,0.0],[-22.038511,76.269279,0.0],[-22.038631,76.270892,0.0],[-22.039763,76.270887,0.0],[-22.039783,76.271156,0.0],[-22.045444,76.271132,0.0],[-22.045424,76.270864,0.0],[-22.048821,76.270849,0.0],[-22.04878,76.270312,0.0],[-22.047648,76.270316,0.0],[-22.047588,76.26951,0.0],[-22.046456,76.269515,0.0],[-22.046416,76.268977,0.0],[-22.045284,76.268982,0.0],[-22.045264,76.268713,0.0],[-22.044132,76.268718,0.0],[-22.044112,76.268449,0.0],[-22.04298,76.268454,0.0],[-22.04292,76.267647,0.0],[-22.041788,76.267652,0.0],[-22.041768,76.267383,0.0],[-22.040636,76.267388,0.0],[-22.040616,76.267119,0.0],[-22.03722,76.267133,0.0],[-22.03724,76.267402,0.0],[-22.034976,76.267412,0.0],[-22.034936,76.266874,0.0],[-22.036068,76.266869,0.0],[-22.036048,76.266601,0.0],[-22.040576,76.266582,0.0],[-22.040556,76.266313,0.0],[-22.042819,76.266303,0.0],[-22.042799,76.266035,0.0],[-22.046195,76.26602,0.0],[-22.046175,76.265751,0.0],[-22.047307,76.265747,0.0],[-22.047286,76.265478,0.0],[-22.048418,76.265473,0.0],[-22.048398,76.265204,0.0],[-22.04953,76.2652,0.0],[-22.04951,76.264931,0.0],[-22.050641,76.264926,0.0],[-22.050621,76.264657,0.0],[-22.054016,76.264643,0.0],[-22.054036,76.264912,0.0],[-22.0563,76.264902,0.0],[-22.05628,76.264633,0.0],[-22.059675,76.264619,0.0],[-22.059695,76.264887,0.0],[-22.060827,76.264883,0.0],[-22.060908,76.265958,0.0],[-22.06204,76.265953,0.0],[-22.062081,76.266491,0.0],[-22.060949,76.266495,0.0],[-22.060969,76.266764,0.0],[-22.059837,76.266769,0.0],[-22.059919,76.267844,0.0],[-22.057655,76.267854,0.0],[-22.057635,76.267585,0.0],[-22.056503,76.26759,0.0],[-22.056482,76.267321,0.0],[-22.05535,76.267326,0.0],[-22.055371,76.267595,0.0],[-22.054239,76.2676,0.0],[-22.054259,76.267868,0.0],[-22.053127,76.267873,0.0],[-22.053168,76.268411,0.0],[-22.052036,76.268416,0.0],[-22.052258,76.271372,0.0],[-22.05339,76.271368,0.0],[-22.05341,76.271636,0.0],[-22.054542,76.271632,0.0],[-22.054563,76.2719,0.0],[-22.05343,76.271905,0.0],[-22.053471,76.272443,0.0],[-22.052339,76.272448,0.0],[-22.052359,76.272717,0.0],[-22.051226,76.272721,0.0],[-22.051247,76.27299,0.0],[-22.050114,76.272995,0.0],[-22.050134,76.273264,0.0],[-22.049002,76.273268,0.0],[-22.049062,76.274075,0.0],[-22.04793,76.27408,0.0],[-22.04795,76.274348,0.0],[-22.046818,76.274353,0.0],[-22.046798,76.274084,0.0],[-22.045665,76.274089,0.0],[-22.045625,76.273552,0.0],[-22.044493,76.273556,0.0],[-22.044452,76.273019,0.0],[-22.04332,76.273024,0.0],[-22.0433,76.272755,0.0],[-22.042168,76.272759,0.0],[-22.042188,76.273028,0.0],[-22.041055,76.273033,0.0],[-22.041155,76.274377,0.0],[-22.042288,76.274372,0.0],[-22.042328,76.27491,0.0],[-22.04346,76.274905,0.0],[-22.0435,76.275443,0.0],[-22.042368,76.275448,0.0],[-22.042488,76.27706,0.0],[-22.043621,76.277056,0.0],[-22.043641,76.277324,0.0],[-22.047039,76.27731,0.0],[-22.047059,76.277579,0.0],[-22.049324,76.277569,0.0],[-22.049345,76.277838,0.0],[-22.050477,76.277833,0.0],[-22.050497,76.278102,0.0],[-22.055029,76.278083,0.0],[-22.055049,76.278352,0.0],[-22.056182,76.278347,0.0],[-22.056263,76.279422,0.0],[-22.05513,76.279427,0.0],[-22.05515,76.279696,0.0],[-22.051751,76.27971,0.0],[-22.051772,76.279979,0.0],[-22.050639,76.279984,0.0],[-22.050659,76.280253,0.0],[-22.049526,76.280257,0.0],[-22.049546,76.280526,0.0],[-22.048413,76.280531,0.0],[-22.048433,76.2808,0.0],[-22.046167,76.280809,0.0],[-22.046208,76.281347,0.0],[-22.047341,76.281342,0.0],[-22.047361,76.281611,0.0],[-22.048494,76.281606,0.0],[-22.048534,76.282144,0.0],[-22.047401,76.282149,0.0],[-22.047441,76.282686,0.0],[-22.046308,76.282691,0.0],[-22.046388,76.283766,0.0],[-22.044122,76.283776,0.0]],[[-22.05529,76.26652,0.0],[-22.055269,76.266251,0.0],[-22.054138,76.266256,0.0],[-22.054158,76.266524,0.0],[-22.05529,76.26652,0.0]]]}},{"type":"Feature","properties":{"rgi_id":"RGI2000-v7.0-G-05-16219","o1region":"05"},"geometry":{"type":"Polygon","coordinates":[[[-21.992011,76.284258,0.0],[-21.991954,76.283452,0.0],[-21.990821,76.283456,0.0],[-21.990783,76.282919,0.0],[-21.98965,76.282923,0.0],[-21.989612,76.282385,0.0],[-21.988479,76.28239,0.0],[-21.98846,76.282121,0.0],[-21.98506,76.282135,0.0],[-21.985079,76.282403,0.0],[-21.983946,76.282408,0.0],[-21.983927,76.282139,0.0],[-21.982794,76.282144,0.0],[-21.982756,76.281606,0.0],[-21.98049,76.281615,0.0],[-21.980509,76.281884,0.0],[-21.978243,76.281893,0.0],[-21.97828,76.28243,0.0],[-21.979413,76.282426,0.0],[-21.979432,76.282695,0.0],[-21.978299,76.282699,0.0],[-21.978318,76.282968,0.0],[-21.977185,76.282972,0.0],[-21.977166,76.282704,0.0],[-21.976033,76.282708,0.0],[-21.976014,76.282439,0.0],[-21.974881,76.282444,0.0],[-21.974825,76.281637,0.0],[-21.973692,76.281642,0.0],[-21.973673,76.281373,0.0],[-21.970274,76.281386,0.0],[-21.970292,76.281655,0.0],[-21.966893,76.281668,0.0],[-21.966874,76.281399,0.0],[-21.964608,76.281408,0.0],[-21.96459,76.281139,0.0],[-21.962324,76.281148,0.0],[-21.962305,76.280879,0.0],[-21.957773,76.280897,0.0],[-21.957792,76.281166,0.0],[-21.956658,76.28117,0.0],[-21.956695,76.281708,0.0],[-21.953296,76.281721,0.0],[-21.953278,76.281452,0.0],[-21.952145,76.281456,0.0],[-21.952126,76.281187,0.0],[-21.94986,76.281196,0.0],[-21.949842,76.280927,0.0],[-21.932846,76.280992,0.0],[-21.932864,76.28126,0.0],[-21.929465,76.281273,0.0],[-21.929483,76.281542,0.0],[-21.926084,76.281555,0.0],[-21.926066,76.281286,0.0],[-21.924933,76.28129,0.0],[-21.924915,76.281021,0.0],[-21.923782,76.281025,0.0],[-21.923764,76.280757,0.0],[-21.922631,76.280761,0.0],[-21.92256,76.279686,0.0],[-21.923693,76.279681,0.0],[-21.923675,76.279413,0.0],[-21.924808,76.279408,0.0],[-21.924791,76.27914,0.0],[-21.930455,76.279118,0.0],[-21.930437,76.27885,0.0],[-21.93157,76.278845,0.0],[-21.931516,76.278039,0.0],[-21.932649,76.278035,0.0],[-21.932667,76.278303,0.0],[-21.9338,76.278299,0.0],[-21.933836,76.278837,0.0],[-21.934969,76.278833,0.0],[-21.934987,76.279101,0.0],[-21.937252,76.279093,0.0],[-21.93727,76.279362,0.0],[-21.939536,76.279353,0.0],[-21.939518,76.279084,0.0],[-21.946315,76.279059,0.0],[-21.946334,76.279327,0.0],[-21.950865,76.27931,0.0],[-21.950847,76.279041,0.0],[-21.95198,76.279037,0.0],[-21.951925,76.27823,0.0],[-21.950792,76.278235,0.0],[-21.950774,76.277966,0.0],[-21.949641,76.27797,0.0],[-21.949623,76.277701,0.0],[-21.94849,76.277706,0.0],[-21.948508,76.277975,0.0],[-21.946243,76.277983,0.0],[-21.946261,76.278252,0.0],[-21.945128,76.278256,0.0],[-21.945146,76.278525,0.0],[-21.942881,76.278534,0.0],[-21.942844,76.277996,0.0],[-21.943977,76.277992,0.0],[-21.943959,76.277723,0.0],[-21.945092,76.277719,0.0],[-21.945074,76.27745,0.0],[-21.943941,76.277454,0.0],[-21.943923,76.277185,0.0],[-21.94279,76.27719,0.0],[-21.942754,76.276652,0.0],[-21.943887,76.276648,0.0],[-21.943778,76.275035,0.0],[-21.94491,76.275031,0.0],[-21.944874,76.274493,0.0],[-21.946007,76.274489,0.0],[-21.945988,76.27422,0.0],[-21.947121,76.274216,0.0],[-21.947103,76.273947,0.0],[-21.948235,76.273942,0.0],[-21.948217,76.273674,0.0],[-21.949349,76.273669,0.0],[-21.949331,76.2734,0.0],[-21.950464,76.273396,0.0],[-21.950445,76.273127,0.0],[-21.953843,76.273114,0.0],[-21.953824,76.272845,0.0],[-21.954957,76.272841,0.0],[-21.95492,76.272304,0.0],[-21.956052,76.272299,0.0],[-21.955997,76.271493,0.0],[-21.957129,76.271488,0.0],[-21.957111,76.27122,0.0],[-21.958243,76.271215,0.0],[-21.958207,76.270678,0.0],[-21.960471,76.270669,0.0],[-21.960434,76.270131,0.0],[-21.961566,76.270127,0.0],[-21.961548,76.269858,0.0],[-21.96268,76.269854,0.0],[-21.962661,76.269585,0.0],[-21.963794,76.26958,0.0],[-21.963775,76.269312,0.0],[-21.969436,76.26929,0.0],[-21.969417,76.269021,0.0],[-21.970549,76.269016,0.0],[-21.970512,76.268479,0.0],[-21.96938,76.268483,0.0],[-21.969268,76.26687,0.0],[-21.968136,76.266875,0.0],[-21.968062,76.265799,0.0],[-21.96693,76.265804,0.0],[-21.966856,76.264729,0.0],[-21.965724,76.264733,0.0],[-21.965687,76.264195,0.0],[-21.964555,76.2642,0.0],[-21.964537,76.263931,0.0],[-21.963405,76.263935,0.0],[-21.963368,76.263398,0.0],[-21.962484,76.263401,0.0],[-21.962216,76.263108,0.0],[-21.961995,76.262865,0.0],[-21.961983,76.262852,0.0],[-21.961386,76.261432,0.0],[-21.962295,76.260982,0.0],[-21.963202,76.260978,0.0],[-21.963257,76.261785,0.0],[-21.964389,76.26178,0.0],[-21.964407,76.262049,0.0],[-21.965539,76.262045,0.0],[-21.965576,76.262582,0.0],[-21.966707,76.262578,0.0],[-21.966726,76.262847,0.0],[-21.968989,76.262838,0.0],[-21.969008,76.263107,0.0],[-21.974666,76.263085,0.0],[-21.974647,76.262816,0.0],[-21.979173,76.262798,0.0],[-21.979192,76.263067,0.0],[-21.980324,76.263062,0.0],[-21.980342,76.263331,0.0],[-21.981474,76.263327,0.0],[-21.981493,76.263596,0.0],[-21.982624,76.263591,0.0],[-21.982662,76.264129,0.0],[-21.983794,76.264124,0.0],[-21.983813,76.264393,0.0],[-21.984944,76.264389,0.0],[-21.984963,76.264657,0.0],[-21.986095,76.264653,0.0],[-21.986114,76.264922,0.0],[-21.989509,76.264908,0.0],[-21.989528,76.265177,0.0],[-21.991792,76.265168,0.0],[-21.991773,76.264899,0.0],[-21.992904,76.264895,0.0],[-21.992828,76.263819,0.0],[-21.99396,76.263815,0.0],[-21.993941,76.263546,0.0],[-21.995072,76.263542,0.0],[-21.995053,76.263273,0.0],[-21.996185,76.263268,0.0],[-21.996147,76.262731,0.0],[-21.997278,76.262726,0.0],[-21.99724,76.262188,0.0],[-21.998371,76.262184,0.0],[-21.998237,76.260302,0.0],[-21.997106,76.260307,0.0],[-21.99701,76.258963,0.0],[-21.999273,76.258954,0.0],[-21.999311,76.259491,0.0],[-22.001574,76.259482,0.0],[-22.001497,76.258407,0.0],[-22.002628,76.258402,0.0],[-22.002609,76.258133,0.0],[-22.00374,76.258129,0.0],[-22.003721,76.25786,0.0],[-22.005983,76.257851,0.0],[-22.005964,76.257582,0.0],[-22.007095,76.257577,0.0],[-22.007076,76.257309,0.0],[-22.008207,76.257304,0.0],[-22.008168,76.256766,0.0],[-22.009299,76.256762,0.0],[-22.00928,76.256493,0.0],[-22.010411,76.256488,0.0],[-22.0104,76.256344,0.0],[-22.012408,76.25613,0.0],[-22.01605,76.256245,0.0],[-22.016066,76.256465,0.0],[-22.017197,76.256461,0.0],[-22.017275,76.257536,0.0],[-22.018406,76.257531,0.0],[-22.018426,76.2578,0.0],[-22.019557,76.257795,0.0],[-22.019615,76.258602,0.0],[-22.019655,76.25914,0.0],[-22.018523,76.259144,0.0],[-22.018543,76.259413,0.0],[-22.017412,76.259418,0.0],[-22.017431,76.259686,0.0],[-22.017451,76.259955,0.0],[-22.016319,76.25996,0.0],[-22.016339,76.260229,0.0],[-22.015207,76.260233,0.0],[-22.014076,76.260238,0.0],[-22.014096,76.260507,0.0],[-22.010701,76.260521,0.0],[-22.010721,76.260789,0.0],[-22.009589,76.260794,0.0],[-22.009609,76.261063,0.0],[-22.008477,76.261067,0.0],[-22.008497,76.261336,0.0],[-22.007365,76.261341,0.0],[-22.007385,76.26161,0.0],[-22.007423,76.262147,0.0],[-22.006292,76.262152,0.0],[-22.006311,76.262421,0.0],[-22.00518,76.262425,0.0],[-22.00516,76.262156,0.0],[-22.001766,76.26217,0.0],[-22.001843,76.263245,0.0],[-22.002974,76.263241,0.0],[-22.002994,76.26351,0.0],[-22.001862,76.263514,0.0],[-22.001881,76.263783,0.0],[-21.999618,76.263792,0.0],[-21.999637,76.264061,0.0],[-21.998505,76.264066,0.0],[-21.998563,76.264872,0.0],[-21.997431,76.264876,0.0],[-21.997469,76.265414,0.0],[-21.998601,76.26541,0.0],[-21.99862,76.265678,0.0],[-21.999752,76.265674,0.0],[-21.999771,76.265943,0.0],[-22.000903,76.265938,0.0],[-22.000922,76.266207,0.0],[-22.002054,76.266202,0.0],[-22.002073,76.266471,0.0],[-22.003205,76.266467,0.0],[-22.003225,76.266735,0.0],[-22.00662,76.266722,0.0],[-22.006639,76.26699,0.0],[-22.007771,76.266986,0.0],[-22.007791,76.267255,0.0],[-22.008923,76.26725,0.0],[-22.008942,76.267519,0.0],[-22.010074,76.267514,0.0],[-22.010093,76.267783,0.0],[-22.010214,76.267783,0.0],[-22.010261,76.267878,0.0],[-22.008769,76.268326,0.0],[-22.006736,76.268334,0.0],[-22.006717,76.268066,0.0],[-22.001057,76.268089,0.0],[-22.001076,76.268357,0.0],[-21.999944,76.268362,0.0],[-22.00004,76.269706,0.0],[-22.002304,76.269697,0.0],[-22.002323,76.269966,0.0],[-22.003456,76.269961,0.0],[-22.003475,76.27023,0.0],[-22.004607,76.270225,0.0],[-22.004626,76.270494,0.0],[-22.005758,76.27049,0.0],[-22.005797,76.271027,0.0],[-22.006929,76.271023,0.0],[-22.006949,76.271291,0.0],[-22.011478,76.271273,0.0],[-22.011536,76.272079,0.0],[-22.010404,76.272084,0.0],[-22.010423,76.272353,0.0],[-22.009291,76.272357,0.0],[-22.00931,76.272626,0.0],[-22.008178,76.272631,0.0],[-22.008216,76.273168,0.0],[-22.007084,76.273173,0.0],[-22.007103,76.273442,0.0],[-22.004839,76.273451,0.0],[-22.004858,76.27372,0.0],[-22.003725,76.273724,0.0],[-22.003745,76.273993,0.0],[-22.002612,76.273998,0.0],[-22.002651,76.274535,0.0],[-22.001518,76.27454,0.0],[-22.001595,76.275615,0.0],[-21.99933,76.275624,0.0],[-21.999349,76.275893,0.0],[-21.995951,76.275907,0.0],[-21.995932,76.275638,0.0],[-21.9948,76.275643,0.0],[-21.99478,76.275374,0.0],[-21.993648,76.275378,0.0],[-21.99361,76.274841,0.0],[-21.992477,76.274845,0.0],[-21.992458,76.274576,0.0],[-21.984531,76.274608,0.0],[-21.984549,76.274877,0.0],[-21.983417,76.274881,0.0],[-21.983436,76.27515,0.0],[-21.981171,76.275159,0.0],[-21.981246,76.276234,0.0],[-21.982379,76.27623,0.0],[-21.982398,76.276499,0.0],[-21.98353,76.276494,0.0],[-21.983549,76.276763,0.0],[-21.984682,76.276758,0.0],[-21.98472,76.277296,0.0],[-21.983587,76.277301,0.0],[-21.983606,76.277569,0.0],[-21.982473,76.277574,0.0],[-21.982492,76.277843,0.0],[-21.981359,76.277847,0.0],[-21.981397,76.278385,0.0],[-21.984795,76.278371,0.0],[-21.984814,76.27864,0.0],[-21.985947,76.278636,0.0],[-21.985966,76.278904,0.0],[-21.984833,76.278909,0.0],[-21.984871,76.279447,0.0],[-21.986004,76.279442,0.0],[-21.986023,76.279711,0.0],[-21.998485,76.279661,0.0],[-21.998504,76.27993,0.0],[-22.003036,76.279912,0.0],[-22.003017,76.279643,0.0],[-22.00415,76.279638,0.0],[-22.004053,76.278294,0.0],[-22.005186,76.27829,0.0],[-22.005167,76.278021,0.0],[-22.006299,76.278016,0.0],[-22.006241,76.27721,0.0],[-22.005109,76.277214,0.0],[-22.00507,76.276677,0.0],[-22.006203,76.276672,0.0],[-22.006183,76.276403,0.0],[-22.009581,76.27639,0.0],[-22.009601,76.276658,0.0],[-22.016397,76.276631,0.0],[-22.016436,76.277168,0.0],[-22.015303,76.277173,0.0],[-22.015323,76.277442,0.0],[-22.01419,76.277446,0.0],[-22.014268,76.278522,0.0],[-22.010869,76.278535,0.0],[-22.010928,76.279342,0.0],[-22.01206,76.279337,0.0],[-22.01208,76.279606,0.0],[-22.013213,76.279601,0.0],[-22.013232,76.27987,0.0],[-22.014365,76.279866,0.0],[-22.014404,76.280403,0.0],[-22.013271,76.280408,0.0],[-22.013291,76.280677,0.0],[-22.012158,76.280681,0.0],[-22.012216,76.281488,0.0],[-22.011083,76.281492,0.0],[-22.011102,76.281761,0.0],[-22.009969,76.281766,0.0],[-22.009989,76.282035,0.0],[-22.008856,76.282039,0.0],[-22.008875,76.282308,0.0],[-22.006609,76.282317,0.0],[-22.006628,76.282586,0.0],[-22.004362,76.282595,0.0],[-22.004381,76.282864,0.0],[-22.003248,76.282869,0.0],[-22.003229,76.2826,0.0],[-22.000962,76.282609,0.0],[-22.000943,76.28234,0.0],[-21.997544,76.282354,0.0],[-21.997563,76.282623,0.0],[-21.99643,76.282627,0.0],[-21.996449,76.282896,0.0],[-21.995316,76.2829,0.0],[-21.995354,76.283438,0.0],[-21.994221,76.283443,0.0],[-21.994278,76.284249,0.0],[-21.992011,76.284258,0.0]]]}},{"type":"Feature","properties":{"rgi_id":"RGI2000-v7.0-G-05-16220","o1region":"05"},"geometry":{"type":"Polygon","coordinates":[[[-21.907431,76.273557,0.0],[-21.907396,76.273019,0.0],[-21.906264,76.273024,0.0],[-21.906246,76.272755,0.0],[-21.905114,76.272759,0.0],[-21.905062,76.271952,0.0],[-21.906194,76.271948,0.0],[-21.906177,76.271679,0.0],[-21.907309,76.271675,0.0],[-21.907292,76.271406,0.0],[-21.908424,76.271402,0.0],[-21.908389,76.270865,0.0],[-21.909521,76.270861,0.0],[-21.909486,76.270323,0.0],[-21.910618,76.270319,0.0],[-21.910583,76.269781,0.0],[-21.911716,76.269777,0.0],[-21.911646,76.268702,0.0],[-21.912778,76.268698,0.0],[-21.912708,76.267622,0.0],[-21.911576,76.267626,0.0],[-21.911558,76.267358,0.0],[-21.909294,76.267366,0.0],[-21.909259,76.266828,0.0],[-21.911523,76.26682,0.0],[-21.911506,76.266551,0.0],[-21.912638,76.266547,0.0],[-21.91262,76.266278,0.0],[-21.913752,76.266274,0.0],[-21.913734,76.266005,0.0],[-21.915998,76.265997,0.0],[-21.916016,76.266266,0.0],[-21.918279,76.266257,0.0],[-21.918297,76.266526,0.0],[-21.919429,76.266522,0.0],[-21.919446,76.266791,0.0],[-21.923974,76.266774,0.0],[-21.923992,76.267043,0.0],[-21.926256,76.267034,0.0],[-21.926273,76.267303,0.0],[-21.933065,76.267278,0.0],[-21.933047,76.267009,0.0],[-21.936443,76.266996,0.0],[-21.936425,76.266727,0.0],[-21.937557,76.266723,0.0],[-21.937539,76.266454,0.0],[-21.938671,76.26645,0.0],[-21.938653,76.266181,0.0],[-21.939785,76.266177,0.0],[-21.939766,76.265908,0.0],[-21.94203,76.2659,0.0],[-21.942012,76.265631,0.0],[-21.943144,76.265626,0.0],[-21.943126,76.265358,0.0],[-21.945389,76.265349,0.0],[-21.945371,76.26508,0.0],[-21.946503,76.265076,0.0],[-21.946485,76.264807,0.0],[-21.947616,76.264803,0.0],[-21.947598,76.264534,0.0],[-21.949862,76.264525,0.0],[-21.949844,76.264256,0.0],[-21.952107,76.264248,0.0],[-21.952089,76.263979,0.0],[-21.954352,76.26397,0.0],[-21.954334,76.263701,0.0],[-21.955465,76.263697,0.0],[-21.955433,76.263223,0.0],[-21.956526,76.263348,0.0],[-21.957722,76.263595,0.0],[-21.957802,76.264764,0.0],[-21.95667,76.264768,0.0],[-21.956689,76.265037,0.0],[-21.954425,76.265046,0.0],[-21.954444,76.265314,0.0],[-21.953312,76.265319,0.0],[-21.953348,76.265856,0.0],[-21.952217,76.265861,0.0],[-21.952253,76.266398,0.0],[-21.949989,76.266407,0.0],[-21.950008,76.266676,0.0],[-21.948876,76.26668,0.0],[-21.948912,76.267218,0.0],[-21.950044,76.267213,0.0],[-21.950026,76.266945,0.0],[-21.95229,76.266936,0.0],[-21.952326,76.267474,0.0],[-21.951194,76.267478,0.0],[-21.951249,76.268284,0.0],[-21.950117,76.268289,0.0],[-21.950135,76.268557,0.0],[-21.946739,76.26857,0.0],[-21.946757,76.268839,0.0],[-21.944493,76.268848,0.0],[-21.944511,76.269117,0.0],[-21.943379,76.269121,0.0],[-21.943397,76.26939,0.0],[-21.932076,76.269433,0.0],[-21.932094,76.269701,0.0],[-21.927566,76.269718,0.0],[-21.927583,76.269987,0.0],[-21.921923,76.270008,0.0],[-21.92194,76.270277,0.0],[-21.920808,76.270281,0.0],[-21.920826,76.27055,0.0],[-21.918561,76.270558,0.0],[-21.918579,76.270827,0.0],[-21.917447,76.270831,0.0],[-21.917464,76.2711,0.0],[-21.9152,76.271109,0.0],[-21.915217,76.271377,0.0],[-21.914085,76.271382,0.0],[-21.91412,76.271919,0.0],[-21.912988,76.271923,0.0],[-21.913006,76.272192,0.0],[-21.911873,76.272196,0.0],[-21.911891,76.272465,0.0],[-21.909626,76.272473,0.0],[-21.909661,76.273011,0.0],[-21.910793,76.273007,0.0],[-21.910828,76.273545,0.0],[-21.907431,76.273557,0.0]]]}},{"type":"Feature","properties":{"rgi_id":"RGI2000-v7.0-G-05-16221","o1region":"05"},"geometry":{"type":"Polygon","coordinates":[[[-21.877835,76.271243,0.0],[-21.877818,76.270975,0.0],[-21.876686,76.270979,0.0],[-21.876652,76.270441,0.0],[-21.87552,76.270445,0.0],[-21.875436,76.269101,0.0],[-21.874304,76.269105,0.0],[-21.874271,76.268567,0.0],[-21.873138,76.268571,0.0],[-21.873088,76.267765,0.0],[-21.87422,76.267761,0.0],[-21.874052,76.265073,0.0],[-21.875184,76.265069,0.0],[-21.875151,76.264531,0.0],[-21.876282,76.264527,0.0],[-21.876249,76.263989,0.0],[-21.875117,76.263993,0.0],[-21.8751,76.263724,0.0],[-21.873969,76.263728,0.0],[-21.873901,76.262653,0.0],[-21.875033,76.262649,0.0],[-21.875016,76.26238,0.0],[-21.877279,76.262372,0.0],[-21.877263,76.262104,0.0],[-21.88292,76.262084,0.0],[-21.882903,76.261815,0.0],[-21.884035,76.261811,0.0],[-21.884018,76.261542,0.0],[-21.886281,76.261534,0.0],[-21.886264,76.261265,0.0],[-21.887395,76.261261,0.0],[-21.887361,76.260723,0.0],[-21.88623,76.260727,0.0],[-21.886162,76.259652,0.0],[-21.887293,76.259648,0.0],[-21.887276,76.259379,0.0],[-21.889539,76.259371,0.0],[-21.889522,76.259102,0.0],[-21.890653,76.259098,0.0],[-21.890619,76.258561,0.0],[-21.89175,76.258557,0.0],[-21.891716,76.258019,0.0],[-21.892847,76.258015,0.0],[-21.892813,76.257477,0.0],[-21.891682,76.257481,0.0],[-21.891647,76.256944,0.0],[-21.890516,76.256948,0.0],[-21.890482,76.25641,0.0],[-21.891613,76.256406,0.0],[-21.891596,76.256137,0.0],[-21.892727,76.256133,0.0],[-21.892693,76.255595,0.0],[-21.893824,76.255591,0.0],[-21.89379,76.255054,0.0],[-21.894921,76.25505,0.0],[-21.894904,76.254781,0.0],[-21.896034,76.254777,0.0],[-21.896017,76.254508,0.0],[-21.89941,76.254496,0.0],[-21.899427,76.254764,0.0],[-21.900558,76.25476,0.0],[-21.900541,76.254492,0.0],[-21.901672,76.254487,0.0],[-21.901637,76.25395,0.0],[-21.900506,76.253954,0.0],[-21.900489,76.253685,0.0],[-21.899358,76.253689,0.0],[-21.899341,76.25342,0.0],[-21.89821,76.253424,0.0],[-21.898193,76.253156,0.0],[-21.89367,76.253172,0.0],[-21.893687,76.253441,0.0],[-21.891425,76.253449,0.0],[-21.891408,76.25318,0.0],[-21.889146,76.253188,0.0],[-21.889164,76.253457,0.0],[-21.888033,76.253461,0.0],[-21.88805,76.25373,0.0],[-21.886919,76.253734,0.0],[-21.886936,76.254003,0.0],[-21.885805,76.254007,0.0],[-21.885822,76.254276,0.0],[-21.884691,76.25428,0.0],[-21.884725,76.254817,0.0],[-21.883594,76.254821,0.0],[-21.883662,76.255897,0.0],[-21.882531,76.255901,0.0],[-21.882565,76.256438,0.0],[-21.883696,76.256434,0.0],[-21.883764,76.25751,0.0],[-21.882632,76.257514,0.0],[-21.8827,76.258589,0.0],[-21.879306,76.258601,0.0],[-21.879289,76.258332,0.0],[-21.878158,76.258336,0.0],[-21.878175,76.258605,0.0],[-21.877044,76.258609,0.0],[-21.877061,76.258878,0.0],[-21.875929,76.258882,0.0],[-21.875946,76.259151,0.0],[-21.874815,76.259155,0.0],[-21.874848,76.259692,0.0],[-21.873717,76.259696,0.0],[-21.873734,76.259965,0.0],[-21.872602,76.259969,0.0],[-21.872636,76.260507,0.0],[-21.871505,76.260511,0.0],[-21.871521,76.260779,0.0],[-21.87039,76.260783,0.0],[-21.870407,76.261052,0.0],[-21.868144,76.26106,0.0],[-21.86816,76.261329,0.0],[-21.867029,76.261333,0.0],[-21.867045,76.261602,0.0],[-21.865914,76.261606,0.0],[-21.865947,76.262143,0.0],[-21.864816,76.262147,0.0],[-21.864832,76.262416,0.0],[-21.862569,76.262424,0.0],[-21.862586,76.262693,0.0],[-21.860322,76.262701,0.0],[-21.860339,76.262969,0.0],[-21.855813,76.262985,0.0],[-21.855829,76.263254,0.0],[-21.854697,76.263258,0.0],[-21.854714,76.263527,0.0],[-21.853582,76.263531,0.0],[-21.853648,76.264606,0.0],[-21.855911,76.264598,0.0],[-21.855927,76.264867,0.0],[-21.858191,76.264859,0.0],[-21.858207,76.265128,0.0],[-21.859339,76.265124,0.0],[-21.859389,76.26593,0.0],[-21.860521,76.265926,0.0],[-21.860587,76.267002,0.0],[-21.858323,76.26701,0.0],[-21.858306,76.266741,0.0],[-21.857174,76.266745,0.0],[-21.857141,76.266207,0.0],[-21.85601,76.266211,0.0],[-21.855977,76.265673,0.0],[-21.854845,76.265677,0.0],[-21.854829,76.265408,0.0],[-21.852565,76.265416,0.0],[-21.852549,76.265147,0.0],[-21.851417,76.265151,0.0],[-21.851384,76.264614,0.0],[-21.850252,76.264617,0.0],[-21.850236,76.264349,0.0],[-21.849104,76.264352,0.0],[-21.849088,76.264084,0.0],[-21.847956,76.264088,0.0],[-21.84794,76.263819,0.0],[-21.846808,76.263823,0.0],[-21.846792,76.263554,0.0],[-21.84566,76.263558,0.0],[-21.845628,76.26302,0.0],[-21.844496,76.263024,0.0],[-21.84448,76.262755,0.0],[-21.842217,76.262763,0.0],[-21.842201,76.262494,0.0],[-21.841069,76.262498,0.0],[-21.841053,76.262229,0.0],[-21.83879,76.262237,0.0],[-21.838774,76.261968,0.0],[-21.837642,76.261972,0.0],[-21.837626,76.261703,0.0],[-21.836495,76.261707,0.0],[-21.836479,76.261438,0.0],[-21.83761,76.261434,0.0],[-21.837594,76.261165,0.0],[-21.840989,76.261154,0.0],[-21.840972,76.260885,0.0],[-21.843235,76.260877,0.0],[-21.843219,76.260608,0.0],[-21.846613,76.260597,0.0],[-21.846597,76.260328,0.0],[-21.847729,76.260324,0.0],[-21.847712,76.260055,0.0],[-21.848844,76.260051,0.0],[-21.848811,76.259514,0.0],[-21.849942,76.25951,0.0],[-21.849894,76.258703,0.0],[-21.851025,76.258699,0.0],[-21.851008,76.258431,0.0],[-21.85214,76.258427,0.0],[-21.852123,76.258158,0.0],[-21.854386,76.25815,0.0],[-21.854369,76.257881,0.0],[-21.855501,76.257877,0.0],[-21.855484,76.257609,0.0],[-21.857747,76.257601,0.0],[-21.85773,76.257332,0.0],[-21.859992,76.257324,0.0],[-21.859976,76.257055,0.0],[-21.861107,76.257051,0.0],[-21.861091,76.256783,0.0],[-21.862222,76.256779,0.0],[-21.862189,76.256241,0.0],[-21.861058,76.256245,0.0],[-21.861041,76.255976,0.0],[-21.85991,76.25598,0.0],[-21.859877,76.255442,0.0],[-21.861008,76.255439,0.0],[-21.860992,76.25517,0.0],[-21.862122,76.255166,0.0],[-21.862106,76.254897,0.0],[-21.863237,76.254893,0.0],[-21.86322,76.254624,0.0],[-21.864351,76.25462,0.0],[-21.864335,76.254351,0.0],[-21.865466,76.254347,0.0],[-21.865449,76.254079,0.0],[-21.868842,76.254067,0.0],[-21.868825,76.253798,0.0],[-21.871087,76.25379,0.0],[-21.87107,76.253521,0.0],[-21.874463,76.253509,0.0],[-21.874429,76.252972,0.0],[-21.873298,76.252976,0.0],[-21.873282,76.252707,0.0],[-21.87102,76.252715,0.0],[-21.871003,76.252446,0.0],[-21.869873,76.25245,0.0],[-21.869856,76.252181,0.0],[-21.868725,76.252185,0.0],[-21.868708,76.251916,0.0],[-21.866447,76.251924,0.0],[-21.86643,76.251655,0.0],[-21.8653,76.251659,0.0],[-21.8652,76.250046,0.0],[-21.86407,76.25005,0.0],[-21.864037,76.249513,0.0],[-21.865167,76.249509,0.0],[-21.865134,76.248971,0.0],[-21.864003,76.248975,0.0],[-21.86397,76.248437,0.0],[-21.86284,76.248441,0.0],[-21.862691,76.246022,0.0],[-21.861561,76.246026,0.0],[-21.861544,76.245757,0.0],[-21.860414,76.245761,0.0],[-21.860398,76.245492,0.0],[-21.859267,76.245496,0.0],[-21.859251,76.245227,0.0],[-21.850209,76.245258,0.0],[-21.850258,76.246065,0.0],[-21.851389,76.246061,0.0],[-21.851454,76.247136,0.0],[-21.852584,76.247132,0.0],[-21.852617,76.24767,0.0],[-21.851486,76.247674,0.0],[-21.851519,76.248212,0.0],[-21.850389,76.248215,0.0],[-21.850405,76.248484,0.0],[-21.849275,76.248488,0.0],[-21.849258,76.248219,0.0],[-21.848128,76.248223,0.0],[-21.848112,76.247954,0.0],[-21.845851,76.247962,0.0],[-21.845835,76.247693,0.0],[-21.844704,76.247697,0.0],[-21.844688,76.247428,0.0],[-21.843558,76.247432,0.0],[-21.843525,76.246894,0.0],[-21.844656,76.246891,0.0],[-21.844623,76.246353,0.0],[-21.845754,76.246349,0.0],[-21.845737,76.24608,0.0],[-21.846868,76.246076,0.0],[-21.846835,76.245539,0.0],[-21.847965,76.245535,0.0],[-21.847884,76.244191,0.0],[-21.846754,76.244195,0.0],[-21.846722,76.243657,0.0],[-21.847852,76.243653,0.0],[-21.847835,76.243384,0.0],[-21.850095,76.243377,0.0],[-21.850079,76.243108,0.0],[-21.853469,76.243096,0.0],[-21.853453,76.242827,0.0],[-21.854583,76.242823,0.0],[-21.854566,76.242555,0.0],[-21.856826,76.242547,0.0],[-21.85681,76.242278,0.0],[-21.85794,76.242274,0.0],[-21.857923,76.242005,0.0],[-21.859053,76.242001,0.0],[-21.85902,76.241464,0.0],[-21.86015,76.24146,0.0],[-21.860139,76.241278,0.0],[-21.861277,76.241394,0.0],[-21.862138,76.240915,0.0],[-21.864637,76.240906,0.0],[-21.864633,76.240844,0.0],[-21.865797,76.240963,0.0],[-21.869048,76.239152,0.0],[-21.869073,76.239547,0.0],[-21.872462,76.239535,0.0],[-21.872479,76.239803,0.0],[-21.873608,76.239799,0.0],[-21.873625,76.240068,0.0],[-21.875885,76.24006,0.0],[-21.875901,76.240329,0.0],[-21.877031,76.240325,0.0],[-21.877048,76.240594,0.0],[-21.878178,76.24059,0.0],[-21.878195,76.240859,0.0],[-21.879324,76.240855,0.0],[-21.879341,76.241124,0.0],[-21.88612,76.241099,0.0],[-21.886103,76.240831,0.0],[-21.888363,76.240823,0.0],[-21.88838,76.241091,0.0],[-21.89064,76.241083,0.0],[-21.890657,76.241352,0.0],[-21.891787,76.241348,0.0],[-21.891821,76.241886,0.0],[-21.892951,76.241882,0.0],[-21.892968,76.24215,0.0],[-21.894098,76.242146,0.0],[-21.894115,76.242415,0.0],[-21.895245,76.242411,0.0],[-21.895262,76.24268,0.0],[-21.897522,76.242672,0.0],[-21.897591,76.243747,0.0],[-21.896461,76.243751,0.0],[-21.896581,76.245633,0.0],[-21.89432,76.245641,0.0],[-21.894303,76.245372,0.0],[-21.893173,76.245376,0.0],[-21.893156,76.245107,0.0],[-21.890896,76.245116,0.0],[-21.890879,76.244847,0.0],[-21.888618,76.244855,0.0],[-21.888669,76.245661,0.0],[-21.8898,76.245657,0.0],[-21.889868,76.246733,0.0],[-21.888738,76.246737,0.0],[-21.888755,76.247005,0.0],[-21.887624,76.247009,0.0],[-21.887709,76.248354,0.0],[-21.88884,76.248349,0.0],[-21.888857,76.248618,0.0],[-21.891118,76.24861,0.0],[-21.891101,76.248341,0.0],[-21.896753,76.248321,0.0],[-21.896736,76.248052,0.0],[-21.898996,76.248044,0.0],[-21.898979,76.247775,0.0],[-21.90124,76.247767,0.0],[-21.901223,76.247498,0.0],[-21.902353,76.247494,0.0],[-21.902318,76.246956,0.0],[-21.903449,76.246952,0.0],[-21.903431,76.246683,0.0],[-21.904562,76.246679,0.0],[-21.904544,76.246411,0.0],[-21.905675,76.246406,0.0],[-21.905657,76.246138,0.0],[-21.907918,76.246129,0.0],[-21.9079,76.245861,0.0],[-21.912421,76.245844,0.0],[-21.912404,76.245575,0.0],[-21.914664,76.245567,0.0],[-21.914646,76.245298,0.0],[-21.915777,76.245294,0.0],[-21.915759,76.245025,0.0],[-21.92141,76.245004,0.0],[-21.921427,76.245273,0.0],[-21.923688,76.245264,0.0],[-21.923706,76.245533,0.0],[-21.924836,76.245529,0.0],[-21.924853,76.245798,0.0],[-21.927114,76.245789,0.0],[-21.927132,76.246058,0.0],[-21.928262,76.246054,0.0],[-21.92828,76.246323,0.0],[-21.92941,76.246319,0.0],[-21.929445,76.246856,0.0],[-21.930576,76.246852,0.0],[-21.930594,76.247121,0.0],[-21.931724,76.247117,0.0],[-21.931742,76.247385,0.0],[-21.932872,76.247381,0.0],[-21.93289,76.24765,0.0],[-21.93402,76.247646,0.0],[-21.934038,76.247915,0.0],[-21.937429,76.247902,0.0],[-21.937447,76.248171,0.0],[-21.938578,76.248166,0.0],[-21.938596,76.248435,0.0],[-21.941987,76.248422,0.0],[-21.941951,76.247885,0.0],[-21.943081,76.24788,0.0],[-21.943063,76.247611,0.0],[-21.944193,76.247607,0.0],[-21.944175,76.247338,0.0],[-21.945306,76.247334,0.0],[-21.945288,76.247065,0.0],[-21.946418,76.247061,0.0],[-21.946379,76.246489,0.0],[-21.947878,76.246188,0.0],[-21.953353,76.246048,0.0],[-21.955401,76.246156,0.0],[-21.955424,76.246489,0.0],[-21.956554,76.246484,0.0],[-21.956572,76.246753,0.0],[-21.955442,76.246757,0.0],[-21.955479,76.247295,0.0],[-21.954348,76.247299,0.0],[-21.954367,76.247568,0.0],[-21.953236,76.247573,0.0],[-21.953255,76.247841,0.0],[-21.952124,76.247846,0.0],[-21.952142,76.248115,0.0],[-21.951012,76.248119,0.0],[-21.95103,76.248388,0.0],[-21.9499,76.248392,0.0],[-21.949954,76.249198,0.0],[-21.951085,76.249194,0.0],[-21.95114,76.250001,0.0],[-21.950009,76.250005,0.0],[-21.950027,76.250274,0.0],[-21.946636,76.250287,0.0],[-21.946654,76.250556,0.0],[-21.944393,76.250564,0.0],[-21.944411,76.250833,0.0],[-21.941019,76.250846,0.0],[-21.941037,76.251115,0.0],[-21.937645,76.251127,0.0],[-21.937663,76.251396,0.0],[-21.934271,76.251409,0.0],[-21.934289,76.251678,0.0],[-21.933158,76.251682,0.0],[-21.933176,76.251951,0.0],[-21.932045,76.251955,0.0],[-21.932063,76.252224,0.0],[-21.930933,76.252228,0.0],[-21.93095,76.252497,0.0],[-21.928689,76.252506,0.0],[-21.928707,76.252774,0.0],[-21.926445,76.252783,0.0],[-21.926463,76.253052,0.0],[-21.925332,76.253056,0.0],[-21.92535,76.253325,0.0],[-21.923088,76.253333,0.0],[-21.923106,76.253602,0.0],[-21.921975,76.253606,0.0],[-21.922028,76.254413,0.0],[-21.920897,76.254417,0.0],[-21.920915,76.254686,0.0],[-21.919784,76.25469,0.0],[-21.919819,76.255227,0.0],[-21.918688,76.255232,0.0],[-21.918724,76.255769,0.0],[-21.917593,76.255773,0.0],[-21.917645,76.25658,0.0],[-21.918776,76.256576,0.0],[-21.918794,76.256845,0.0],[-21.919925,76.25684,0.0],[-21.919943,76.257109,0.0],[-21.930123,76.257071,0.0],[-21.930105,76.256802,0.0],[-21.934629,76.256785,0.0],[-21.934647,76.257054,0.0],[-21.938041,76.257041,0.0],[-21.938059,76.25731,0.0],[-21.940321,76.257302,0.0],[-21.940339,76.257571,0.0],[-21.94147,76.257566,0.0],[-21.941542,76.258641,0.0],[-21.93928,76.25865,0.0],[-21.939262,76.258381,0.0],[-21.936999,76.25839,0.0],[-21.937053,76.259196,0.0],[-21.938185,76.259192,0.0],[-21.938203,76.259461,0.0],[-21.939334,76.259457,0.0],[-21.939406,76.260532,0.0],[-21.938275,76.260536,0.0],[-21.938293,76.260805,0.0],[-21.937161,76.260809,0.0],[-21.937197,76.261347,0.0],[-21.936066,76.261351,0.0],[-21.936084,76.26162,0.0],[-21.934952,76.261624,0.0],[-21.93497,76.261893,0.0],[-21.933839,76.261897,0.0],[-21.933856,76.262166,0.0],[-21.928199,76.262187,0.0],[-21.928217,76.262456,0.0],[-21.924822,76.262469,0.0],[-21.924804,76.2622,0.0],[-21.922541,76.262208,0.0],[-21.922523,76.26194,0.0],[-21.921392,76.261944,0.0],[-21.921374,76.261675,0.0],[-21.920243,76.261679,0.0],[-21.920225,76.26141,0.0],[-21.916831,76.261423,0.0],[-21.916884,76.262229,0.0],[-21.915752,76.262233,0.0],[-21.915805,76.26304,0.0],[-21.914673,76.263044,0.0],[-21.914691,76.263313,0.0],[-21.913559,76.263317,0.0],[-21.913594,76.263855,0.0],[-21.912462,76.263859,0.0],[-21.91248,76.264128,0.0],[-21.911348,76.264132,0.0],[-21.911366,76.264401,0.0],[-21.909102,76.264409,0.0],[-21.90912,76.264678,0.0],[-21.906856,76.264686,0.0],[-21.906874,76.264955,0.0],[-21.902347,76.264971,0.0],[-21.902364,76.26524,0.0],[-21.901232,76.265244,0.0],[-21.901249,76.265513,0.0],[-21.898986,76.265521,0.0],[-21.899003,76.26579,0.0],[-21.896739,76.265798,0.0],[-21.896757,76.266067,0.0],[-21.893361,76.266079,0.0],[-21.893378,76.266348,0.0],[-21.892246,76.266352,0.0],[-21.892263,76.266621,0.0],[-21.891132,76.266625,0.0],[-21.891149,76.266894,0.0],[-21.890017,76.266898,0.0],[-21.890034,76.267167,0.0],[-21.888902,76.267171,0.0],[-21.888919,76.26744,0.0],[-21.885523,76.267452,0.0],[-21.88554,76.267721,0.0],[-21.884408,76.267725,0.0],[-21.884425,76.267994,0.0],[-21.882161,76.268002,0.0],[-21.882178,76.26827,0.0],[-21.881046,76.268274,0.0],[-21.881063,76.268543,0.0],[-21.879931,76.268547,0.0],[-21.880083,76.270967,0.0],[-21.878951,76.270971,0.0],[-21.878967,76.271239,0.0],[-21.877835,76.271243,0.0]],[[-21.897986,76.24993,0.0],[-21.897952,76.249392,0.0],[-21.896821,76.249396,0.0],[-21.896804,76.249127,0.0],[-21.893413,76.24914,0.0],[-21.893447,76.249677,0.0],[-21.894578,76.249673,0.0],[-21.894595,76.249942,0.0],[-21.897986,76.24993,0.0]],[[-21.885302,76.263957,0.0],[-21.885285,76.263688,0.0],[-21.887549,76.26368,0.0],[-21.887514,76.263143,0.0],[-21.88412,76.263155,0.0],[-21.884137,76.263424,0.0],[-21.883005,76.263428,0.0],[-21.883022,76.263696,0.0],[-21.884154,76.263692,0.0],[-21.884171,76.263961,0.0],[-21.885302,76.263957,0.0]]]}},{"type":"Feature","properties":{"rgi_id":"RGI2000-v7.0-G-05-16222","o1region":"05"},"geometry":{"type":"Polygon","coordinates":[[[-21.809972,76.25319,0.0],[-21.809957,76.252922,0.0],[-21.808826,76.252925,0.0],[-21.808795,76.252388,0.0],[-21.807664,76.252391,0.0],[-21.807633,76.251854,0.0],[-21.806503,76.251857,0.0],[-21.806487,76.251589,0.0],[-21.803095,76.2516,0.0],[-21.80308,76.251331,0.0],[-21.801949,76.251334,0.0],[-21.801934,76.251066,0.0],[-21.800803,76.251069,0.0],[-21.800788,76.2508,0.0],[-21.799657,76.250804,0.0],[-21.799626,76.250266,0.0],[-21.798496,76.25027,0.0],[-21.798434,76.249195,0.0],[-21.797304,76.249198,0.0],[-21.797289,76.24893,0.0],[-21.796158,76.248933,0.0],[-21.796143,76.248664,0.0],[-21.795012,76.248668,0.0],[-21.794982,76.24813,0.0],[-21.793851,76.248134,0.0],[-21.793821,76.247596,0.0],[-21.792691,76.2476,0.0],[-21.79266,76.247062,0.0],[-21.79153,76.247066,0.0],[-21.791469,76.245991,0.0],[-21.790339,76.245994,0.0],[-21.790324,76.245725,0.0],[-21.792584,76.245718,0.0],[-21.7926,76.245987,0.0],[-21.79373,76.245983,0.0],[-21.793745,76.246252,0.0],[-21.796006,76.246245,0.0],[-21.796021,76.246514,0.0],[-21.797151,76.24651,0.0],[-21.797166,76.246779,0.0],[-21.798297,76.246775,0.0],[-21.798312,76.247044,0.0],[-21.799442,76.24704,0.0],[-21.799458,76.247309,0.0],[-21.800588,76.247306,0.0],[-21.800619,76.247843,0.0],[-21.801749,76.24784,0.0],[-21.801764,76.248108,0.0],[-21.802895,76.248105,0.0],[-21.80291,76.248374,0.0],[-21.804041,76.24837,0.0],[-21.804056,76.248639,0.0],[-21.805187,76.248635,0.0],[-21.805202,76.248904,0.0],[-21.806333,76.2489,0.0],[-21.806348,76.249169,0.0],[-21.807479,76.249165,0.0],[-21.807509,76.249703,0.0],[-21.80864,76.249699,0.0],[-21.808687,76.250506,0.0],[-21.809817,76.250502,0.0],[-21.809833,76.250771,0.0],[-21.810963,76.250767,0.0],[-21.810979,76.251036,0.0],[-21.81211,76.251032,0.0],[-21.812141,76.25157,0.0],[-21.813271,76.251566,0.0],[-21.813287,76.251835,0.0],[-21.815548,76.251828,0.0],[-21.815564,76.252097,0.0],[-21.816695,76.252093,0.0],[-21.816742,76.252899,0.0],[-21.815611,76.252903,0.0],[-21.815627,76.253172,0.0],[-21.809972,76.25319,0.0]]]}},{"type":"Feature","properties":{"rgi_id":"RGI2000-v7.0-G-05-16223","o1region":"05"},"geometry":{"type":"Polygon","coordinates":[[[-22.014868,76.255646,0.0],[-22.011457,76.255315,0.0],[-22.011445,76.25514,0.0],[-22.011425,76.254871,0.0],[-22.010294,76.254876,0.0],[-22.010256,76.254338,0.0],[-22.009125,76.254343,0.0],[-22.009105,76.254074,0.0],[-22.009009,76.25273,0.0],[-22.007878,76.252734,0.0],[-22.007859,76.252465,0.0],[-22.007762,76.251121,0.0],[-22.006631,76.251126,0.0],[-22.006612,76.250857,0.0],[-22.005482,76.250862,0.0],[-22.005462,76.250593,0.0],[-22.003201,76.250602,0.0],[-22.003182,76.250333,0.0],[-22.000921,76.250342,0.0],[-22.000902,76.250074,0.0],[-21.99751,76.250087,0.0],[-21.997491,76.249819,0.0],[-21.994099,76.249832,0.0],[-21.994195,76.251176,0.0],[-21.995325,76.251172,0.0],[-21.995364,76.251709,0.0],[-21.994233,76.251714,0.0],[-21.994214,76.251445,0.0],[-21.993083,76.25145,0.0],[-21.993064,76.251181,0.0],[-21.991934,76.251185,0.0],[-21.991895,76.250648,0.0],[-21.990765,76.250652,0.0],[-21.990689,76.249577,0.0],[-21.989558,76.249581,0.0],[-21.989539,76.249313,0.0],[-21.988409,76.249317,0.0],[-21.98839,76.249048,0.0],[-21.98726,76.249053,0.0],[-21.987241,76.248784,0.0],[-21.98498,76.248793,0.0],[-21.984961,76.248524,0.0],[-21.983831,76.248529,0.0],[-21.983812,76.24826,0.0],[-21.982681,76.248264,0.0],[-21.982662,76.247995,0.0],[-21.980402,76.248004,0.0],[-21.980383,76.247736,0.0],[-21.979253,76.24774,0.0],[-21.979178,76.246665,0.0],[-21.980308,76.24666,0.0],[-21.980289,76.246392,0.0],[-21.981419,76.246387,0.0],[-21.981438,76.246656,0.0],[-21.982568,76.246651,0.0],[-21.982587,76.24692,0.0],[-21.983717,76.246916,0.0],[-21.983736,76.247185,0.0],[-21.984867,76.24718,0.0],[-21.984885,76.247449,0.0],[-21.986016,76.247444,0.0],[-21.986035,76.247713,0.0],[-21.987165,76.247709,0.0],[-21.987184,76.247978,0.0],[-21.989445,76.247969,0.0],[-21.989464,76.248237,0.0],[-21.992855,76.248224,0.0],[-21.992874,76.248493,0.0],[-21.995135,76.248484,0.0],[-21.995154,76.248752,0.0],[-22.000806,76.24873,0.0],[-22.000825,76.248998,0.0],[-22.015521,76.248939,0.0],[-22.01556,76.249476,0.0],[-22.008777,76.249504,0.0],[-22.008796,76.249773,0.0],[-22.007666,76.249777,0.0],[-22.007685,76.250046,0.0],[-22.008815,76.250042,0.0],[-22.008835,76.25031,0.0],[-22.015004,76.250285,0.0],[-22.01498,76.25031,0.0],[-22.021478,76.25052,0.0],[-22.025965,76.250502,0.0],[-22.029232,76.250873,0.0],[-22.029244,76.251033,0.0],[-22.028113,76.251038,0.0],[-22.028133,76.251307,0.0],[-22.024741,76.251321,0.0],[-22.024721,76.251052,0.0],[-22.021329,76.251066,0.0],[-22.021349,76.251335,0.0],[-22.020218,76.251339,0.0],[-22.020257,76.251877,0.0],[-22.021388,76.251872,0.0],[-22.021427,76.25241,0.0],[-22.022558,76.252405,0.0],[-22.022597,76.252943,0.0],[-22.021466,76.252948,0.0],[-22.021486,76.253216,0.0],[-22.018094,76.25323,0.0],[-22.018074,76.252962,0.0],[-22.015813,76.252971,0.0],[-22.015832,76.25324,0.0],[-22.016963,76.253235,0.0],[-22.017021,76.254041,0.0],[-22.015891,76.254046,0.0],[-22.015988,76.25539,0.0],[-22.014857,76.255395,0.0],[-22.014875,76.255645,0.0],[-22.014868,76.255646,0.0]]]}},{"type":"Feature","properties":{"rgi_id":"RGI2000-v7.0-G-05-16229","o1region":"05"},"geometry":{"type":"Polygon","coordinates":[[[-22.040041,76.320362,0.0],[-22.040021,76.320093,0.0],[-22.041157,76.320088,0.0],[-22.041117,76.319551,0.0],[-22.042253,76.319546,0.0],[-22.042233,76.319277,0.0],[-22.043369,76.319272,0.0],[-22.043349,76.319004,0.0],[-22.044485,76.318999,0.0],[-22.044445,76.318461,0.0],[-22.045581,76.318457,0.0],[-22.045561,76.318188,0.0],[-22.046697,76.318183,0.0],[-22.046616,76.317108,0.0],[-22.04548,76.317113,0.0],[-22.04544,76.316575,0.0],[-22.046576,76.31657,0.0],[-22.046556,76.316301,0.0],[-22.052235,76.316277,0.0],[-22.052215,76.316009,0.0],[-22.053351,76.316004,0.0],[-22.053269,76.314929,0.0],[-22.052134,76.314933,0.0],[-22.052113,76.314665,0.0],[-22.053249,76.31466,0.0],[-22.053229,76.314391,0.0],[-22.054365,76.314386,0.0],[-22.054344,76.314117,0.0],[-22.056616,76.314108,0.0],[-22.056595,76.313839,0.0],[-22.057731,76.313834,0.0],[-22.05769,76.313297,0.0],[-22.058826,76.313292,0.0],[-22.058805,76.313023,0.0],[-22.059941,76.313018,0.0],[-22.059921,76.312749,0.0],[-22.062192,76.31274,0.0],[-22.062171,76.312471,0.0],[-22.065578,76.312456,0.0],[-22.06564,76.313263,0.0],[-22.070182,76.313243,0.0],[-22.070244,76.31405,0.0],[-22.066837,76.314064,0.0],[-22.066857,76.314333,0.0],[-22.065722,76.314338,0.0],[-22.065742,76.314607,0.0],[-22.066878,76.314602,0.0],[-22.066898,76.314871,0.0],[-22.068034,76.314866,0.0],[-22.068075,76.315403,0.0],[-22.065804,76.315413,0.0],[-22.065824,76.315682,0.0],[-22.064688,76.315687,0.0],[-22.064771,76.316762,0.0],[-22.065906,76.316757,0.0],[-22.065948,76.317295,0.0],[-22.067083,76.31729,0.0],[-22.067104,76.317559,0.0],[-22.06824,76.317554,0.0],[-22.068281,76.318091,0.0],[-22.063737,76.318111,0.0],[-22.063758,76.31838,0.0],[-22.062622,76.318384,0.0],[-22.062642,76.318653,0.0],[-22.061506,76.318658,0.0],[-22.061526,76.318927,0.0],[-22.06039,76.318932,0.0],[-22.060431,76.319469,0.0],[-22.059295,76.319474,0.0],[-22.059315,76.319743,0.0],[-22.058179,76.319748,0.0],[-22.0582,76.320017,0.0],[-22.057064,76.320021,0.0],[-22.057084,76.32029,0.0],[-22.055948,76.320295,0.0],[-22.055927,76.320026,0.0],[-22.050246,76.32005,0.0],[-22.050267,76.320319,0.0],[-22.049131,76.320324,0.0],[-22.049151,76.320593,0.0],[-22.045742,76.320607,0.0],[-22.045762,76.320876,0.0],[-22.042353,76.32089,0.0],[-22.042374,76.321159,0.0],[-22.036692,76.321183,0.0],[-22.036652,76.320645,0.0],[-22.038925,76.320636,0.0],[-22.038905,76.320367,0.0],[-22.040041,76.320362,0.0]]]}},{"type":"Feature","properties":{"rgi_id":"RGI2000-v7.0-G-05-16230","o1region":"05"},"geometry":{"type":"Polygon","coordinates":[[[-21.898003,76.354961,0.0],[-21.89873,76.352812,0.0],[-21.898497,76.349209,0.0],[-21.893494,76.346381,0.0],[-21.89246,76.34278,0.0],[-21.892333,76.342176,0.0],[-21.893688,76.342171,0.0],[-21.893671,76.341902,0.0],[-21.895947,76.341894,0.0],[-21.89593,76.341625,0.0],[-21.897068,76.341621,0.0],[-21.89705,76.341352,0.0],[-21.898188,76.341348,0.0],[-21.898171,76.34108,0.0],[-21.899309,76.341075,0.0],[-21.899292,76.340807,0.0],[-21.901567,76.340798,0.0],[-21.90155,76.34053,0.0],[-21.903826,76.340521,0.0],[-21.903808,76.340253,0.0],[-21.904946,76.340248,0.0],[-21.904929,76.33998,0.0],[-21.906067,76.339976,0.0],[-21.906049,76.339707,0.0],[-21.907187,76.339703,0.0],[-21.907169,76.339434,0.0],[-21.909445,76.339425,0.0],[-21.909428,76.339157,0.0],[-21.911703,76.339148,0.0],[-21.911668,76.338611,0.0],[-21.913943,76.338602,0.0],[-21.913926,76.338334,0.0],[-21.916201,76.338325,0.0],[-21.916184,76.338056,0.0],[-21.920734,76.33804,0.0],[-21.920717,76.337771,0.0],[-21.921854,76.337767,0.0],[-21.921836,76.337498,0.0],[-21.924112,76.337489,0.0],[-21.924094,76.337221,0.0],[-21.928644,76.337204,0.0],[-21.928662,76.337473,0.0],[-21.930938,76.337464,0.0],[-21.930955,76.337733,0.0],[-21.933231,76.337724,0.0],[-21.933249,76.337993,0.0],[-21.934387,76.337989,0.0],[-21.934441,76.338795,0.0],[-21.935578,76.338791,0.0],[-21.935596,76.33906,0.0],[-21.936734,76.339056,0.0],[-21.936788,76.339862,0.0],[-21.935651,76.339866,0.0],[-21.935705,76.340673,0.0],[-21.934567,76.340677,0.0],[-21.934621,76.341484,0.0],[-21.932345,76.341492,0.0],[-21.932363,76.341761,0.0],[-21.930087,76.341769,0.0],[-21.930105,76.342038,0.0],[-21.928967,76.342042,0.0],[-21.928985,76.342311,0.0],[-21.927847,76.342315,0.0],[-21.927865,76.342584,0.0],[-21.926727,76.342588,0.0],[-21.926745,76.342857,0.0],[-21.925607,76.342862,0.0],[-21.925642,76.343399,0.0],[-21.924504,76.343403,0.0],[-21.924522,76.343672,0.0],[-21.923384,76.343676,0.0],[-21.923455,76.344752,0.0],[-21.921179,76.34476,0.0],[-21.921196,76.345029,0.0],[-21.920058,76.345033,0.0],[-21.920111,76.34584,0.0],[-21.92125,76.345835,0.0],[-21.921303,76.346642,0.0],[-21.922442,76.346638,0.0],[-21.922459,76.346906,0.0],[-21.923598,76.346902,0.0],[-21.923616,76.347171,0.0],[-21.924754,76.347167,0.0],[-21.924772,76.347436,0.0],[-21.927049,76.347427,0.0],[-21.927031,76.347158,0.0],[-21.929308,76.34715,0.0],[-21.92929,76.346881,0.0],[-21.932705,76.346868,0.0],[-21.932687,76.346599,0.0],[-21.941794,76.346565,0.0],[-21.941776,76.346296,0.0],[-21.944053,76.346288,0.0],[-21.944034,76.346019,0.0],[-21.945173,76.346015,0.0],[-21.945155,76.345746,0.0],[-21.946293,76.345742,0.0],[-21.946201,76.344398,0.0],[-21.94734,76.344393,0.0],[-21.947303,76.343856,0.0],[-21.948441,76.343851,0.0],[-21.948423,76.343582,0.0],[-21.949561,76.343578,0.0],[-21.949506,76.342772,0.0],[-21.948368,76.342776,0.0],[-21.948331,76.342238,0.0],[-21.949469,76.342234,0.0],[-21.949433,76.341696,0.0],[-21.950571,76.341692,0.0],[-21.950534,76.341155,0.0],[-21.955086,76.341137,0.0],[-21.955104,76.341406,0.0],[-21.956242,76.341402,0.0],[-21.956224,76.341133,0.0],[-21.9585,76.341124,0.0],[-21.958481,76.340855,0.0],[-21.965309,76.340829,0.0],[-21.96529,76.34056,0.0],[-21.968704,76.340547,0.0],[-21.968685,76.340278,0.0],[-21.969823,76.340274,0.0],[-21.969729,76.33893,0.0],[-21.970867,76.338925,0.0],[-21.970848,76.338656,0.0],[-21.971986,76.338652,0.0],[-21.971967,76.338383,0.0],[-21.973105,76.338379,0.0],[-21.973086,76.33811,0.0],[-21.974224,76.338105,0.0],[-21.974197,76.337718,0.0],[-21.977607,76.337664,0.0],[-21.977637,76.338092,0.0],[-21.978774,76.338088,0.0],[-21.978793,76.338356,0.0],[-21.979931,76.338352,0.0],[-21.97995,76.338621,0.0],[-21.981088,76.338616,0.0],[-21.981107,76.338885,0.0],[-21.982244,76.338881,0.0],[-21.982263,76.339149,0.0],[-21.983401,76.339145,0.0],[-21.98342,76.339414,0.0],[-21.985696,76.339405,0.0],[-21.985791,76.340749,0.0],[-21.984653,76.340753,0.0],[-21.984672,76.341022,0.0],[-21.983534,76.341027,0.0],[-21.983629,76.342371,0.0],[-21.984767,76.342366,0.0],[-21.984786,76.342635,0.0],[-21.985924,76.342631,0.0],[-21.986,76.343706,0.0],[-21.987138,76.343701,0.0],[-21.987157,76.34397,0.0],[-21.990572,76.343957,0.0],[-21.990552,76.343688,0.0],[-21.993967,76.343674,0.0],[-21.993986,76.343943,0.0],[-21.996262,76.343934,0.0],[-21.996282,76.344203,0.0],[-21.998558,76.344194,0.0],[-21.998577,76.344462,0.0],[-22.000854,76.344453,0.0],[-22.000873,76.344722,0.0],[-22.002011,76.344718,0.0],[-22.00203,76.344986,0.0],[-22.003169,76.344982,0.0],[-22.003188,76.345251,0.0],[-22.004326,76.345246,0.0],[-22.004384,76.346052,0.0],[-22.005523,76.346048,0.0],[-22.005562,76.346586,0.0],[-22.007838,76.346576,0.0],[-22.007819,76.346308,0.0],[-22.008957,76.346303,0.0],[-22.008938,76.346034,0.0],[-22.012353,76.34602,0.0],[-22.012333,76.345751,0.0],[-22.01461,76.345742,0.0],[-22.01459,76.345473,0.0],[-22.015728,76.345469,0.0],[-22.015748,76.345738,0.0],[-22.018025,76.345728,0.0],[-22.018005,76.34546,0.0],[-22.019143,76.345455,0.0],[-22.018907,76.342229,0.0],[-22.017769,76.342234,0.0],[-22.017592,76.339815,0.0],[-22.016455,76.339819,0.0],[-22.016435,76.33955,0.0],[-22.017573,76.339546,0.0],[-22.017553,76.339277,0.0],[-22.018691,76.339272,0.0],[-22.018651,76.338735,0.0],[-22.017514,76.338739,0.0],[-22.017494,76.338471,0.0],[-22.012943,76.338489,0.0],[-22.012924,76.33822,0.0],[-22.014061,76.338216,0.0],[-22.014042,76.337947,0.0],[-22.01518,76.337942,0.0],[-22.01516,76.337673,0.0],[-22.016298,76.337669,0.0],[-22.016278,76.3374,0.0],[-22.017416,76.337395,0.0],[-22.017396,76.337126,0.0],[-22.018534,76.337122,0.0],[-22.018514,76.336853,0.0],[-22.020789,76.336844,0.0],[-22.020828,76.337381,0.0],[-22.024241,76.337367,0.0],[-22.024221,76.337099,0.0],[-22.025359,76.337094,0.0],[-22.025339,76.336825,0.0],[-22.026477,76.33682,0.0],[-22.026457,76.336552,0.0],[-22.031007,76.336533,0.0],[-22.031027,76.336802,0.0],[-22.032165,76.336797,0.0],[-22.032184,76.337066,0.0],[-22.035597,76.337052,0.0],[-22.035617,76.33732,0.0],[-22.036755,76.337316,0.0],[-22.036875,76.338929,0.0],[-22.035737,76.338933,0.0],[-22.035817,76.340008,0.0],[-22.036955,76.340004,0.0],[-22.036995,76.340541,0.0],[-22.035857,76.340546,0.0],[-22.035877,76.340815,0.0],[-22.034739,76.34082,0.0],[-22.034819,76.341895,0.0],[-22.033681,76.3419,0.0],[-22.033701,76.342168,0.0],[-22.032563,76.342173,0.0],[-22.032583,76.342442,0.0],[-22.030307,76.342451,0.0],[-22.030327,76.34272,0.0],[-22.029189,76.342725,0.0],[-22.029229,76.343262,0.0],[-22.030367,76.343258,0.0],[-22.030406,76.343795,0.0],[-22.031544,76.343791,0.0],[-22.031644,76.345135,0.0],[-22.030506,76.345139,0.0],[-22.030546,76.345677,0.0],[-22.029407,76.345682,0.0],[-22.029447,76.346219,0.0],[-22.028309,76.346224,0.0],[-22.028348,76.346762,0.0],[-22.029487,76.346757,0.0],[-22.029546,76.347563,0.0],[-22.030685,76.347559,0.0],[-22.030705,76.347827,0.0],[-22.031843,76.347823,0.0],[-22.031883,76.34836,0.0],[-22.030745,76.348365,0.0],[-22.030765,76.348634,0.0],[-22.028488,76.348643,0.0],[-22.028507,76.348912,0.0],[-22.027369,76.348917,0.0],[-22.027389,76.349186,0.0],[-22.02625,76.34919,0.0],[-22.026329,76.350265,0.0],[-22.024052,76.350275,0.0],[-22.024032,76.350006,0.0],[-22.022894,76.350011,0.0],[-22.022913,76.350279,0.0],[-22.020636,76.350289,0.0],[-22.020735,76.351633,0.0],[-22.019596,76.351637,0.0],[-22.019635,76.352175,0.0],[-22.020774,76.35217,0.0],[-22.020892,76.353783,0.0],[-22.019754,76.353788,0.0],[-22.019832,76.354863,0.0],[-22.018693,76.354868,0.0],[-22.018752,76.355674,0.0],[-22.017613,76.355679,0.0],[-22.017653,76.356216,0.0],[-22.016513,76.356221,0.0],[-22.016592,76.357296,0.0],[-22.01887,76.357287,0.0],[-22.01889,76.357556,0.0],[-22.023447,76.357537,0.0],[-22.023467,76.357806,0.0],[-22.025745,76.357797,0.0],[-22.025726,76.357528,0.0],[-22.03484,76.35749,0.0],[-22.03482,76.357221,0.0],[-22.037098,76.357212,0.0],[-22.037078,76.356943,0.0],[-22.046192,76.356905,0.0],[-22.046171,76.356636,0.0],[-22.04845,76.356627,0.0],[-22.048429,76.356358,0.0],[-22.049569,76.356353,0.0],[-22.049528,76.355816,0.0],[-22.050667,76.355811,0.0],[-22.050647,76.355542,0.0],[-22.052925,76.355533,0.0],[-22.052905,76.355264,0.0],[-22.056322,76.355249,0.0],[-22.056301,76.35498,0.0],[-22.058579,76.354971,0.0],[-22.058559,76.354702,0.0],[-22.060837,76.354692,0.0],[-22.060816,76.354424,0.0],[-22.063094,76.354414,0.0],[-22.063074,76.354145,0.0],[-22.06763,76.354126,0.0],[-22.067609,76.353857,0.0],[-22.071026,76.353842,0.0],[-22.071047,76.354111,0.0],[-22.073324,76.354101,0.0],[-22.073345,76.35437,0.0],[-22.075623,76.35436,0.0],[-22.075685,76.355167,0.0],[-22.076824,76.355162,0.0],[-22.076845,76.355431,0.0],[-22.077984,76.355426,0.0],[-22.078005,76.355694,0.0],[-22.080283,76.355685,0.0],[-22.080304,76.355953,0.0],[-22.081443,76.355948,0.0],[-22.081464,76.356217,0.0],[-22.082603,76.356212,0.0],[-22.082624,76.356481,0.0],[-22.083763,76.356476,0.0],[-22.083847,76.357551,0.0],[-22.084986,76.357546,0.0],[-22.085007,76.357815,0.0],[-22.086147,76.35781,0.0],[-22.086168,76.358079,0.0],[-22.087307,76.358074,0.0],[-22.087328,76.358343,0.0],[-22.088467,76.358338,0.0],[-22.088488,76.358607,0.0],[-22.089628,76.358602,0.0],[-22.089649,76.358871,0.0],[-22.091927,76.358861,0.0],[-22.091948,76.359129,0.0],[-22.093088,76.359125,0.0],[-22.093109,76.359393,0.0],[-22.095388,76.359383,0.0],[-22.09543,76.359921,0.0],[-22.09429,76.359926,0.0],[-22.094312,76.360195,0.0],[-22.092033,76.360205,0.0],[-22.092054,76.360473,0.0],[-22.090914,76.360478,0.0],[-22.091041,76.362091,0.0],[-22.089901,76.362096,0.0],[-22.089943,76.362634,0.0],[-22.091083,76.362629,0.0],[-22.091104,76.362898,0.0],[-22.092244,76.362893,0.0],[-22.092328,76.363968,0.0],[-22.093468,76.363963,0.0],[-22.09351,76.364501,0.0],[-22.092371,76.364506,0.0],[-22.092434,76.365312,0.0],[-22.093574,76.365307,0.0],[-22.093595,76.365576,0.0],[-22.094735,76.365571,0.0],[-22.09482,76.366646,0.0],[-22.095959,76.366641,0.0],[-22.096087,76.368254,0.0],[-22.094947,76.368259,0.0],[-22.094968,76.368528,0.0],[-22.093828,76.368533,0.0],[-22.093849,76.368801,0.0],[-22.092709,76.368806,0.0],[-22.09273,76.369075,0.0],[-22.09159,76.36908,0.0],[-22.091611,76.369349,0.0],[-22.090471,76.369354,0.0],[-22.090492,76.369623,0.0],[-22.089351,76.369628,0.0],[-22.089372,76.369896,0.0],[-22.088232,76.369901,0.0],[-22.088274,76.370439,0.0],[-22.087134,76.370444,0.0],[-22.087155,76.370713,0.0],[-22.086015,76.370718,0.0],[-22.08612,76.372062,0.0],[-22.084979,76.372067,0.0],[-22.085,76.372335,0.0],[-22.08386,76.37234,0.0],[-22.083902,76.372878,0.0],[-22.087323,76.372863,0.0],[-22.087302,76.372594,0.0],[-22.089583,76.372584,0.0],[-22.089604,76.372853,0.0],[-22.090745,76.372848,0.0],[-22.090787,76.373386,0.0],[-22.089646,76.373391,0.0],[-22.089668,76.37366,0.0],[-22.087386,76.37367,0.0],[-22.087365,76.373401,0.0],[-22.081663,76.373426,0.0],[-22.081684,76.373694,0.0],[-22.080543,76.373699,0.0],[-22.080564,76.373968,0.0],[-22.077142,76.373983,0.0],[-22.077226,76.375058,0.0],[-22.076085,76.375063,0.0],[-22.07621,76.376676,0.0],[-22.077351,76.376671,0.0],[-22.077372,76.37694,0.0],[-22.078512,76.376935,0.0],[-22.078575,76.377741,0.0],[-22.079716,76.377736,0.0],[-22.07982,76.37908,0.0],[-22.080504,76.379077,0.0],[-22.080825,76.379918,0.0],[-22.081169,76.381225,0.0],[-22.079988,76.381231,0.0],[-22.079967,76.380962,0.0],[-22.078826,76.380967,0.0],[-22.078805,76.380698,0.0],[-22.077664,76.380703,0.0],[-22.077684,76.380972,0.0],[-22.076543,76.380977,0.0],[-22.07671,76.383127,0.0],[-22.075569,76.383132,0.0],[-22.07559,76.383401,0.0],[-22.068741,76.38343,0.0],[-22.068762,76.383699,0.0],[-22.066479,76.383709,0.0],[-22.0665,76.383977,0.0],[-22.065359,76.383982,0.0],[-22.065379,76.384251,0.0],[-22.064238,76.384256,0.0],[-22.06432,76.385331,0.0],[-22.059754,76.38535,0.0],[-22.059775,76.385619,0.0],[-22.058633,76.385624,0.0],[-22.058654,76.385893,0.0],[-22.057512,76.385898,0.0],[-22.057553,76.386435,0.0],[-22.058695,76.38643,0.0],[-22.058715,76.386699,0.0],[-22.063282,76.38668,0.0],[-22.063261,76.386411,0.0],[-22.065544,76.386401,0.0],[-22.065524,76.386133,0.0],[-22.067807,76.386123,0.0],[-22.067786,76.385854,0.0],[-22.070069,76.385844,0.0],[-22.070111,76.386382,0.0],[-22.071252,76.386377,0.0],[-22.071335,76.387452,0.0],[-22.070194,76.387457,0.0],[-22.070235,76.387995,0.0],[-22.069093,76.388,0.0],[-22.069135,76.388537,0.0],[-22.070277,76.388532,0.0],[-22.070297,76.388801,0.0],[-22.072581,76.388791,0.0],[-22.07256,76.388523,0.0],[-22.075985,76.388508,0.0],[-22.076006,76.388777,0.0],[-22.077148,76.388772,0.0],[-22.07719,76.389309,0.0],[-22.076048,76.389314,0.0],[-22.07609,76.389852,0.0],[-22.077232,76.389847,0.0],[-22.077252,76.390116,0.0],[-22.078394,76.390111,0.0],[-22.078457,76.390917,0.0],[-22.075031,76.390932,0.0],[-22.07501,76.390663,0.0],[-22.072726,76.390673,0.0],[-22.072809,76.391748,0.0],[-22.073952,76.391743,0.0],[-22.074014,76.39255,0.0],[-22.075156,76.392545,0.0],[-22.075219,76.393351,0.0],[-22.074076,76.393356,0.0],[-22.074097,76.393625,0.0],[-22.072955,76.39363,0.0],[-22.072976,76.393899,0.0],[-22.071834,76.393904,0.0],[-22.071854,76.394172,0.0],[-22.06957,76.394182,0.0],[-22.069591,76.394451,0.0],[-22.061595,76.394485,0.0],[-22.061615,76.394754,0.0],[-22.060473,76.394759,0.0],[-22.060489,76.394973,0.0],[-22.05698,76.393931,0.0],[-22.039136,76.392488,0.0],[-22.030923,76.390435,0.0],[-22.025892,76.387799,0.0],[-22.026445,76.384382,0.0],[-22.029456,76.381524,0.0],[-22.021209,76.378902,0.0],[-22.013103,76.378176,0.0],[-22.009511,76.373068,0.0],[-22.001299,76.370825,0.0],[-21.987419,76.368034,0.0],[-21.973465,76.364105,0.0],[-21.957146,76.360753,0.0],[-21.9458,76.359468,0.0],[-21.933703,76.358945,0.0],[-21.920702,76.356906,0.0],[-21.912552,76.355229,0.0],[-21.899668,76.354896,0.0],[-21.898003,76.354961,0.0]],[[-21.976819,76.342666,0.0],[-21.976801,76.342398,0.0],[-21.977939,76.342393,0.0],[-21.977882,76.341587,0.0],[-21.974468,76.3416,0.0],[-21.974487,76.341869,0.0],[-21.973349,76.341873,0.0],[-21.973368,76.342142,0.0],[-21.974506,76.342138,0.0],[-21.974543,76.342675,0.0],[-21.976819,76.342666,0.0]],[[-22.018339,76.350029,0.0],[-22.0183,76.349492,0.0],[-22.017161,76.349496,0.0],[-22.017142,76.349227,0.0],[-22.014864,76.349237,0.0],[-22.014904,76.349774,0.0],[-22.016042,76.34977,0.0],[-22.016062,76.350039,0.0],[-22.018339,76.350029,0.0]],[[-22.079666,76.36241,0.0],[-22.079812,76.364291,0.0],[-22.080952,76.364286,0.0],[-22.081035,76.365361,0.0],[-22.082175,76.365357,0.0],[-22.082217,76.365894,0.0],[-22.085637,76.365879,0.0],[-22.085553,76.364804,0.0],[-22.084413,76.364809,0.0],[-22.084308,76.363465,0.0],[-22.085448,76.36346,0.0],[-22.085427,76.363191,0.0],[-22.086567,76.363186,0.0],[-22.086483,76.362111,0.0],[-22.085343,76.362116,0.0],[-22.085322,76.361847,0.0],[-22.083043,76.361857,0.0],[-22.083064,76.362126,0.0],[-22.080785,76.362136,0.0],[-22.080805,76.362405,0.0],[-22.079666,76.36241,0.0]]]}},{"type":"Feature","properties":{"rgi_id":"RGI2000-v7.0-G-05-16231","o1region":"05"},"geometry":{"type":"Polygon","coordinates":[[[-21.944395,76.401684,0.0],[-21.945317,76.399689,0.0],[-21.939455,76.396486,0.0],[-21.935271,76.394225,0.0],[-21.92546,76.392175,0.0],[-21.911836,76.393363,0.0],[-21.898843,76.391892,0.0],[-21.895461,76.389438,0.0],[-21.89928,76.386199,0.0],[-21.911201,76.38369,0.0],[-21.915052,76.38102,0.0],[-21.914865,76.378175,0.0],[-21.916212,76.374186,0.0],[-21.91439,76.370968,0.0],[-21.911802,76.368321,0.0],[-21.907631,76.36606,0.0],[-21.900282,76.364379,0.0],[-21.888913,76.362712,0.0],[-21.876732,76.360858,0.0],[-21.862946,76.359009,0.0],[-21.854836,76.357899,0.0],[-21.854464,76.357783,0.0],[-21.856026,76.357629,0.0],[-21.860494,76.357614,0.0],[-21.860477,76.357345,0.0],[-21.861616,76.357341,0.0],[-21.8616,76.357072,0.0],[-21.862739,76.357068,0.0],[-21.862728,76.356889,0.0],[-21.867603,76.356337,0.0],[-21.883631,76.355522,0.0],[-21.898003,76.354961,0.0],[-21.899668,76.354896,0.0],[-21.912552,76.355229,0.0],[-21.920702,76.356906,0.0],[-21.933703,76.358945,0.0],[-21.9458,76.359468,0.0],[-21.957146,76.360753,0.0],[-21.973465,76.364105,0.0],[-21.987419,76.368034,0.0],[-22.001299,76.370825,0.0],[-22.009511,76.373068,0.0],[-22.013103,76.378176,0.0],[-22.021209,76.378902,0.0],[-22.029456,76.381524,0.0],[-22.026445,76.384382,0.0],[-22.025892,76.387799,0.0],[-22.030923,76.390435,0.0],[-22.039136,76.392488,0.0],[-22.05698,76.393931,0.0],[-22.060489,76.394973,0.0],[-22.060494,76.395027,0.0],[-22.058209,76.395037,0.0],[-22.058229,76.395306,0.0],[-22.057087,76.395311,0.0],[-22.057108,76.395579,0.0],[-22.055965,76.395584,0.0],[-22.055945,76.395315,0.0],[-22.054802,76.39532,0.0],[-22.054782,76.395051,0.0],[-22.050213,76.395071,0.0],[-22.050233,76.395339,0.0],[-22.049091,76.395344,0.0],[-22.049111,76.395613,0.0],[-22.047969,76.395618,0.0],[-22.048009,76.396155,0.0],[-22.044582,76.39617,0.0],[-22.044602,76.396439,0.0],[-22.04346,76.396443,0.0],[-22.04348,76.396712,0.0],[-22.042338,76.396717,0.0],[-22.042378,76.397255,0.0],[-22.040093,76.397264,0.0],[-22.040113,76.397533,0.0],[-22.035543,76.397552,0.0],[-22.035563,76.397821,0.0],[-22.032135,76.397835,0.0],[-22.032155,76.398103,0.0],[-22.028728,76.398118,0.0],[-22.028708,76.397849,0.0],[-22.026423,76.397858,0.0],[-22.026443,76.398127,0.0],[-22.0253,76.398132,0.0],[-22.02532,76.3984,0.0],[-22.018464,76.398428,0.0],[-22.018484,76.398697,0.0],[-22.017341,76.398702,0.0],[-22.017361,76.398971,0.0],[-22.016218,76.398975,0.0],[-22.016238,76.399244,0.0],[-22.015095,76.399249,0.0],[-22.015135,76.399786,0.0],[-22.013992,76.399791,0.0],[-22.014031,76.400329,0.0],[-22.012889,76.400333,0.0],[-22.012908,76.400602,0.0],[-22.010623,76.400611,0.0],[-22.010642,76.40088,0.0],[-22.009499,76.400885,0.0],[-22.009617,76.402497,0.0],[-22.01076,76.402493,0.0],[-22.010838,76.403568,0.0],[-22.011981,76.403564,0.0],[-22.012119,76.405445,0.0],[-22.010976,76.40545,0.0],[-22.011015,76.405987,0.0],[-22.009871,76.405992,0.0],[-22.009911,76.40653,0.0],[-22.008767,76.406534,0.0],[-22.008807,76.407072,0.0],[-22.007663,76.407076,0.0],[-22.007702,76.407614,0.0],[-22.006559,76.407619,0.0],[-22.006578,76.407887,0.0],[-22.005435,76.407892,0.0],[-22.005474,76.40843,0.0],[-22.004331,76.408434,0.0],[-22.00437,76.408972,0.0],[-22.003226,76.408976,0.0],[-22.003265,76.409514,0.0],[-21.999834,76.409528,0.0],[-21.999815,76.409259,0.0],[-21.998672,76.409263,0.0],[-21.998652,76.408995,0.0],[-21.995222,76.409008,0.0],[-21.995202,76.40874,0.0],[-21.994059,76.408744,0.0],[-21.99404,76.408475,0.0],[-21.992896,76.40848,0.0],[-21.992877,76.408211,0.0],[-21.991733,76.408215,0.0],[-21.991714,76.407947,0.0],[-21.990571,76.407951,0.0],[-21.990552,76.407682,0.0],[-21.989408,76.407687,0.0],[-21.989389,76.407418,0.0],[-21.987102,76.407427,0.0],[-21.987121,76.407696,0.0],[-21.985978,76.4077,0.0],[-21.986016,76.408238,0.0],[-21.986501,76.408236,0.0],[-21.982797,76.40873,0.0],[-21.977364,76.409036,0.0],[-21.969469,76.408782,0.0],[-21.966458,76.40816,0.0],[-21.966876,76.40637,0.0],[-21.958239,76.404124,0.0],[-21.944419,76.402032,0.0],[-21.944395,76.401684,0.0]],[[-21.965097,76.40348,0.0],[-21.965135,76.404017,0.0],[-21.966278,76.404013,0.0],[-21.966297,76.404282,0.0],[-21.96744,76.404277,0.0],[-21.967402,76.40374,0.0],[-21.966259,76.403744,0.0],[-21.966241,76.403475,0.0],[-21.965097,76.40348,0.0]]]}},{"type":"Feature","properties":{"rgi_id":"RGI2000-v7.0-G-05-16232","o1region":"05"},"geometry":{"type":"Polygon","coordinates":[[[-21.689897,76.387295,0.0],[-21.690665,76.387241,0.0],[-21.690904,76.387178,0.0],[-21.691033,76.387178,0.0],[-21.691031,76.387144,0.0],[-21.691928,76.386906,0.0],[-21.692161,76.386906,0.0],[-21.692158,76.386845,0.0],[-21.692953,76.386634,0.0],[-21.695573,76.386627,0.0],[-21.695586,76.386896,0.0],[-21.699012,76.386887,0.0],[-21.698998,76.386618,0.0],[-21.70014,76.386614,0.0],[-21.700126,76.386346,0.0],[-21.70241,76.386339,0.0],[-21.702396,76.38607,0.0],[-21.703538,76.386067,0.0],[-21.703524,76.385798,0.0],[-21.704666,76.385795,0.0],[-21.704652,76.385526,0.0],[-21.705794,76.385523,0.0],[-21.70578,76.385254,0.0],[-21.706922,76.385251,0.0],[-21.706894,76.384713,0.0],[-21.708036,76.38471,0.0],[-21.708022,76.384441,0.0],[-21.710305,76.384435,0.0],[-21.710292,76.384166,0.0],[-21.712575,76.38416,0.0],[-21.71252,76.383084,0.0],[-21.713661,76.383081,0.0],[-21.71362,76.382275,0.0],[-21.712478,76.382278,0.0],[-21.712464,76.382009,0.0],[-21.711323,76.382012,0.0],[-21.711309,76.381743,0.0],[-21.710168,76.381747,0.0],[-21.710154,76.381478,0.0],[-21.707872,76.381484,0.0],[-21.707858,76.381215,0.0],[-21.706717,76.381219,0.0],[-21.706703,76.38095,0.0],[-21.70442,76.380956,0.0],[-21.704407,76.380687,0.0],[-21.703265,76.380691,0.0],[-21.703252,76.380422,0.0],[-21.702111,76.380425,0.0],[-21.702097,76.380156,0.0],[-21.700956,76.380159,0.0],[-21.700929,76.379622,0.0],[-21.699788,76.379625,0.0],[-21.699774,76.379356,0.0],[-21.698633,76.379359,0.0],[-21.698619,76.37909,0.0],[-21.698312,76.379091,0.0],[-21.698263,76.378114,0.0],[-21.702221,76.376775,0.0],[-21.706065,76.376112,0.0],[-21.709879,76.376101,0.0],[-21.709893,76.37637,0.0],[-21.712175,76.376364,0.0],[-21.712189,76.376632,0.0],[-21.71447,76.376626,0.0],[-21.714484,76.376895,0.0],[-21.716766,76.376888,0.0],[-21.71678,76.377157,0.0],[-21.719062,76.37715,0.0],[-21.719048,76.376882,0.0],[-21.724753,76.376865,0.0],[-21.724767,76.377134,0.0],[-21.730471,76.377117,0.0],[-21.730457,76.376849,0.0],[-21.73388,76.376839,0.0],[-21.733866,76.37657,0.0],[-21.735007,76.376566,0.0],[-21.734978,76.376029,0.0],[-21.736119,76.376025,0.0],[-21.736105,76.375757,0.0],[-21.737246,76.375753,0.0],[-21.737231,76.375484,0.0],[-21.738372,76.375481,0.0],[-21.738344,76.374943,0.0],[-21.739484,76.37494,0.0],[-21.739441,76.374134,0.0],[-21.740582,76.37413,0.0],[-21.740554,76.373592,0.0],[-21.739413,76.373596,0.0],[-21.739399,76.373327,0.0],[-21.735977,76.373337,0.0],[-21.735965,76.373119,0.0],[-21.739843,76.372683,0.0],[-21.746179,76.370767,0.0],[-21.757392,76.369785,0.0],[-21.760517,76.368068,0.0],[-21.766807,76.365393,0.0],[-21.766681,76.363117,0.0],[-21.767394,76.362312,0.0],[-21.768195,76.361405,0.0],[-21.777791,76.360427,0.0],[-21.792949,76.358293,0.0],[-21.796153,76.358093,0.0],[-21.799314,76.357134,0.0],[-21.801595,76.35485,0.0],[-21.803034,76.354579,0.0],[-21.805619,76.35457,0.0],[-21.805604,76.354301,0.0],[-21.809021,76.35429,0.0],[-21.809005,76.354022,0.0],[-21.811283,76.354014,0.0],[-21.811252,76.353477,0.0],[-21.810113,76.35348,0.0],[-21.810113,76.353479,0.0],[-21.81808,76.353359,0.0],[-21.818086,76.353454,0.0],[-21.82492,76.353432,0.0],[-21.82491,76.353261,0.0],[-21.8369,76.353786,0.0],[-21.84509,76.354978,0.0],[-21.843241,76.354984,0.0],[-21.843257,76.355253,0.0],[-21.840979,76.35526,0.0],[-21.840995,76.355529,0.0],[-21.839856,76.355533,0.0],[-21.839872,76.355802,0.0],[-21.838733,76.355806,0.0],[-21.838749,76.356074,0.0],[-21.83761,76.356078,0.0],[-21.837675,76.357154,0.0],[-21.838814,76.35715,0.0],[-21.83883,76.357419,0.0],[-21.841109,76.357411,0.0],[-21.841125,76.35768,0.0],[-21.842265,76.357676,0.0],[-21.842281,76.357945,0.0],[-21.84342,76.357941,0.0],[-21.843437,76.35821,0.0],[-21.845715,76.358202,0.0],[-21.845699,76.357933,0.0],[-21.849117,76.357922,0.0],[-21.849101,76.357653,0.0],[-21.853994,76.357636,0.0],[-21.854464,76.357783,0.0],[-21.854836,76.357899,0.0],[-21.862946,76.359009,0.0],[-21.876732,76.360858,0.0],[-21.888913,76.362712,0.0],[-21.900282,76.364379,0.0],[-21.907631,76.36606,0.0],[-21.911802,76.368321,0.0],[-21.91439,76.370968,0.0],[-21.916212,76.374186,0.0],[-21.914865,76.378175,0.0],[-21.915052,76.38102,0.0],[-21.911201,76.38369,0.0],[-21.89928,76.386199,0.0],[-21.895461,76.389438,0.0],[-21.898843,76.391892,0.0],[-21.911836,76.393363,0.0],[-21.92546,76.392175,0.0],[-21.935271,76.394225,0.0],[-21.939455,76.396486,0.0],[-21.945317,76.399689,0.0],[-21.944395,76.401684,0.0],[-21.944394,76.401676,0.0],[-21.943251,76.401681,0.0],[-21.943215,76.401143,0.0],[-21.942072,76.401147,0.0],[-21.942054,76.400878,0.0],[-21.939768,76.400887,0.0],[-21.93975,76.400618,0.0],[-21.937464,76.400627,0.0],[-21.937446,76.400358,0.0],[-21.931732,76.400379,0.0],[-21.931714,76.40011,0.0],[-21.927143,76.400127,0.0],[-21.927125,76.399859,0.0],[-21.921411,76.39988,0.0],[-21.921393,76.399611,0.0],[-21.914537,76.399636,0.0],[-21.914519,76.399367,0.0],[-21.909948,76.399384,0.0],[-21.909931,76.399115,0.0],[-21.907645,76.399123,0.0],[-21.907628,76.398854,0.0],[-21.905342,76.398863,0.0],[-21.905325,76.398594,0.0],[-21.899611,76.398614,0.0],[-21.899594,76.398346,0.0],[-21.896166,76.398358,0.0],[-21.896149,76.398089,0.0],[-21.892721,76.398101,0.0],[-21.892703,76.397833,0.0],[-21.890418,76.397841,0.0],[-21.890401,76.397572,0.0],[-21.889258,76.397576,0.0],[-21.889241,76.397307,0.0],[-21.885813,76.397319,0.0],[-21.885796,76.39705,0.0],[-21.883511,76.397058,0.0],[-21.883494,76.39679,0.0],[-21.881209,76.396798,0.0],[-21.881192,76.396529,0.0],[-21.880049,76.396533,0.0],[-21.880032,76.396264,0.0],[-21.87889,76.396268,0.0],[-21.878873,76.395999,0.0],[-21.87773,76.396003,0.0],[-21.877713,76.395734,0.0],[-21.876571,76.395738,0.0],[-21.876554,76.39547,0.0],[-21.875412,76.395474,0.0],[-21.875395,76.395205,0.0],[-21.870825,76.395221,0.0],[-21.870842,76.39549,0.0],[-21.868557,76.395498,0.0],[-21.868574,76.395766,0.0],[-21.867431,76.39577,0.0],[-21.867465,76.396308,0.0],[-21.868608,76.396304,0.0],[-21.868641,76.396842,0.0],[-21.869784,76.396838,0.0],[-21.869817,76.397375,0.0],[-21.87096,76.397371,0.0],[-21.870994,76.397909,0.0],[-21.868709,76.397917,0.0],[-21.868692,76.397648,0.0],[-21.867549,76.397652,0.0],[-21.867532,76.397383,0.0],[-21.865247,76.397391,0.0],[-21.865264,76.39766,0.0],[-21.864121,76.397664,0.0],[-21.864205,76.399008,0.0],[-21.86192,76.399016,0.0],[-21.861936,76.399285,0.0],[-21.860794,76.399289,0.0],[-21.86076,76.398751,0.0],[-21.858475,76.398759,0.0],[-21.858458,76.39849,0.0],[-21.856173,76.398498,0.0],[-21.856156,76.398229,0.0],[-21.852728,76.398241,0.0],[-21.852745,76.398509,0.0],[-21.851602,76.398513,0.0],[-21.851619,76.398782,0.0],[-21.850476,76.398786,0.0],[-21.850493,76.399055,0.0],[-21.84935,76.399059,0.0],[-21.849366,76.399328,0.0],[-21.847081,76.399335,0.0],[-21.847097,76.399604,0.0],[-21.839098,76.399631,0.0],[-21.839082,76.399362,0.0],[-21.837939,76.399366,0.0],[-21.837955,76.399635,0.0],[-21.836812,76.399639,0.0],[-21.836829,76.399908,0.0],[-21.835686,76.399911,0.0],[-21.835718,76.400449,0.0],[-21.836861,76.400445,0.0],[-21.836877,76.400714,0.0],[-21.83802,76.40071,0.0],[-21.838053,76.401248,0.0],[-21.834624,76.401259,0.0],[-21.83464,76.401528,0.0],[-21.833497,76.401532,0.0],[-21.833526,76.402017,0.0],[-21.833393,76.40207,0.0],[-21.83241,76.402458,0.0],[-21.831293,76.402898,0.0],[-21.831292,76.402884,0.0],[-21.829006,76.402891,0.0],[-21.829038,76.403429,0.0],[-21.827895,76.403433,0.0],[-21.827959,76.404508,0.0],[-21.829102,76.404504,0.0],[-21.829118,76.404773,0.0],[-21.830262,76.404769,0.0],[-21.830342,76.406113,0.0],[-21.831485,76.406109,0.0],[-21.831502,76.406378,0.0],[-21.832645,76.406374,0.0],[-21.832661,76.406643,0.0],[-21.833804,76.406639,0.0],[-21.833821,76.406908,0.0],[-21.834964,76.406904,0.0],[-21.83498,76.407173,0.0],[-21.836124,76.407169,0.0],[-21.83614,76.407438,0.0],[-21.838427,76.407431,0.0],[-21.838443,76.407699,0.0],[-21.839586,76.407696,0.0],[-21.839603,76.407964,0.0],[-21.840746,76.407961,0.0],[-21.840762,76.408229,0.0],[-21.841906,76.408226,0.0],[-21.841922,76.408494,0.0],[-21.844209,76.408487,0.0],[-21.844225,76.408756,0.0],[-21.845369,76.408752,0.0],[-21.845385,76.409021,0.0],[-21.846529,76.409017,0.0],[-21.846545,76.409285,0.0],[-21.847689,76.409282,0.0],[-21.847705,76.40955,0.0],[-21.848849,76.409547,0.0],[-21.848882,76.410084,0.0],[-21.850026,76.41008,0.0],[-21.850042,76.410349,0.0],[-21.851186,76.410345,0.0],[-21.851268,76.411689,0.0],[-21.850124,76.411693,0.0],[-21.850174,76.4125,0.0],[-21.84903,76.412504,0.0],[-21.84908,76.41331,0.0],[-21.850223,76.413306,0.0],[-21.850322,76.414919,0.0],[-21.849178,76.414923,0.0],[-21.849195,76.415192,0.0],[-21.848051,76.415196,0.0],[-21.848067,76.415464,0.0],[-21.846923,76.415468,0.0],[-21.846956,76.416006,0.0],[-21.845812,76.41601,0.0],[-21.845828,76.416279,0.0],[-21.844684,76.416282,0.0],[-21.844701,76.416551,0.0],[-21.843557,76.416555,0.0],[-21.843573,76.416824,0.0],[-21.84014,76.416835,0.0],[-21.840124,76.416567,0.0],[-21.837836,76.416574,0.0],[-21.837819,76.416306,0.0],[-21.835531,76.416313,0.0],[-21.835515,76.416044,0.0],[-21.834371,76.416048,0.0],[-21.834355,76.415779,0.0],[-21.830922,76.415791,0.0],[-21.830906,76.415522,0.0],[-21.829762,76.415526,0.0],[-21.829746,76.415257,0.0],[-21.827458,76.415264,0.0],[-21.827442,76.414996,0.0],[-21.812569,76.415044,0.0],[-21.812585,76.415313,0.0],[-21.809153,76.415324,0.0],[-21.809169,76.415593,0.0],[-21.808024,76.415597,0.0],[-21.80804,76.415865,0.0],[-21.806896,76.415869,0.0],[-21.806927,76.416407,0.0],[-21.805783,76.41641,0.0],[-21.805815,76.416948,0.0],[-21.80467,76.416952,0.0],[-21.804702,76.417489,0.0],[-21.803557,76.417493,0.0],[-21.80362,76.418568,0.0],[-21.802475,76.418572,0.0],[-21.802569,76.420185,0.0],[-21.801424,76.420189,0.0],[-21.801533,76.42207,0.0],[-21.802678,76.422067,0.0],[-21.802709,76.422604,0.0],[-21.803854,76.422601,0.0],[-21.803885,76.423138,0.0],[-21.80503,76.423135,0.0],[-21.805077,76.423941,0.0],[-21.806221,76.423937,0.0],[-21.806284,76.425013,0.0],[-21.803994,76.42502,0.0],[-21.80401,76.425289,0.0],[-21.79943,76.425304,0.0],[-21.799446,76.425572,0.0],[-21.798301,76.425576,0.0],[-21.798302,76.425595,0.0],[-21.792859,76.425215,0.0],[-21.788022,76.425515,0.0],[-21.783418,76.42565,0.0],[-21.782571,76.425674,0.0],[-21.782298,76.425626,0.0],[-21.782272,76.425622,0.0],[-21.777787,76.424834,0.0],[-21.775333,76.424402,0.0],[-21.774781,76.424305,0.0],[-21.774605,76.424275,0.0],[-21.774167,76.424026,0.0],[-21.773715,76.423771,0.0],[-21.771823,76.422701,0.0],[-21.775237,76.422691,0.0],[-21.775222,76.422422,0.0],[-21.776366,76.422418,0.0],[-21.776351,76.42215,0.0],[-21.777496,76.422146,0.0],[-21.77739,76.420264,0.0],[-21.778535,76.420261,0.0],[-21.778505,76.419723,0.0],[-21.779649,76.419719,0.0],[-21.779558,76.418107,0.0],[-21.780702,76.418103,0.0],[-21.780627,76.416759,0.0],[-21.781771,76.416755,0.0],[-21.78171,76.41568,0.0],[-21.782854,76.415676,0.0],[-21.782809,76.41487,0.0],[-21.783953,76.414866,0.0],[-21.783831,76.412716,0.0],[-21.784975,76.412712,0.0],[-21.784853,76.410562,0.0],[-21.785997,76.410558,0.0],[-21.785951,76.409752,0.0],[-21.784807,76.409755,0.0],[-21.784792,76.409486,0.0],[-21.783649,76.40949,0.0],[-21.783573,76.408146,0.0],[-21.782429,76.408149,0.0],[-21.782384,76.407343,0.0],[-21.78124,76.407346,0.0],[-21.781195,76.40654,0.0],[-21.780051,76.406544,0.0],[-21.779976,76.405199,0.0],[-21.778832,76.405203,0.0],[-21.778802,76.404665,0.0],[-21.777659,76.404669,0.0],[-21.777614,76.403862,0.0],[-21.776471,76.403866,0.0],[-21.77644,76.403328,0.0],[-21.775297,76.403332,0.0],[-21.775237,76.402257,0.0],[-21.774094,76.40226,0.0],[-21.774064,76.401722,0.0],[-21.772921,76.401726,0.0],[-21.772876,76.40092,0.0],[-21.771733,76.400923,0.0],[-21.771674,76.399848,0.0],[-21.770531,76.399851,0.0],[-21.770501,76.399314,0.0],[-21.769358,76.399317,0.0],[-21.769343,76.399048,0.0],[-21.764772,76.399062,0.0],[-21.764787,76.399331,0.0],[-21.760216,76.399345,0.0],[-21.760231,76.399614,0.0],[-21.756802,76.399624,0.0],[-21.756817,76.399893,0.0],[-21.755674,76.399897,0.0],[-21.755689,76.400165,0.0],[-21.754546,76.400169,0.0],[-21.754575,76.400706,0.0],[-21.753432,76.40071,0.0],[-21.753447,76.400979,0.0],[-21.748875,76.400992,0.0],[-21.748861,76.400724,0.0],[-21.750004,76.40072,0.0],[-21.749989,76.400451,0.0],[-21.751132,76.400448,0.0],[-21.751118,76.400179,0.0],[-21.75226,76.400176,0.0],[-21.752231,76.399638,0.0],[-21.751088,76.399641,0.0],[-21.751074,76.399373,0.0],[-21.747646,76.399383,0.0],[-21.74766,76.399652,0.0],[-21.739661,76.399675,0.0],[-21.739646,76.399407,0.0],[-21.735075,76.39942,0.0],[-21.735104,76.399958,0.0],[-21.733961,76.399961,0.0],[-21.733975,76.40023,0.0],[-21.732832,76.400233,0.0],[-21.732818,76.399964,0.0],[-21.731675,76.399968,0.0],[-21.731661,76.399699,0.0],[-21.730518,76.399702,0.0],[-21.730532,76.399971,0.0],[-21.729389,76.399974,0.0],[-21.729517,76.402394,0.0],[-21.728374,76.402397,0.0],[-21.728388,76.402666,0.0],[-21.727245,76.402669,0.0],[-21.727259,76.402938,0.0],[-21.7204,76.402958,0.0],[-21.720386,76.402689,0.0],[-21.719243,76.402692,0.0],[-21.719229,76.402424,0.0],[-21.718086,76.402427,0.0],[-21.718045,76.40162,0.0],[-21.719188,76.401617,0.0],[-21.719146,76.400811,0.0],[-21.720289,76.400807,0.0],[-21.720261,76.40027,0.0],[-21.721404,76.400266,0.0],[-21.721376,76.399729,0.0],[-21.722518,76.399725,0.0],[-21.722504,76.399457,0.0],[-21.72479,76.39945,0.0],[-21.724776,76.399181,0.0],[-21.728204,76.399171,0.0],[-21.72819,76.398902,0.0],[-21.729333,76.398899,0.0],[-21.729305,76.398361,0.0],[-21.723591,76.398378,0.0],[-21.723605,76.398647,0.0],[-21.719034,76.39866,0.0],[-21.719048,76.398929,0.0],[-21.717905,76.398932,0.0],[-21.717933,76.39947,0.0],[-21.716791,76.399473,0.0],[-21.716804,76.399742,0.0],[-21.715662,76.399745,0.0],[-21.715676,76.400014,0.0],[-21.709961,76.40003,0.0],[-21.709975,76.400299,0.0],[-21.708832,76.400302,0.0],[-21.708846,76.400571,0.0],[-21.707703,76.400574,0.0],[-21.707717,76.400843,0.0],[-21.702002,76.400859,0.0],[-21.701989,76.40059,0.0],[-21.700846,76.400594,0.0],[-21.700832,76.400325,0.0],[-21.699689,76.400328,0.0],[-21.699676,76.400059,0.0],[-21.69739,76.400065,0.0],[-21.697377,76.399797,0.0],[-21.696234,76.3998,0.0],[-21.69622,76.399531,0.0],[-21.695077,76.399534,0.0],[-21.694983,76.397652,0.0],[-21.693841,76.397656,0.0],[-21.693827,76.397387,0.0],[-21.692684,76.39739,0.0],[-21.692658,76.396852,0.0],[-21.691515,76.396855,0.0],[-21.691502,76.396587,0.0],[-21.690359,76.39659,0.0],[-21.690319,76.395783,0.0],[-21.689176,76.395786,0.0],[-21.68911,76.394442,0.0],[-21.687967,76.394445,0.0],[-21.687807,76.391219,0.0],[-21.688949,76.391216,0.0],[-21.688909,76.39041,0.0],[-21.687767,76.390413,0.0],[-21.687741,76.389875,0.0],[-21.686599,76.389878,0.0],[-21.686532,76.388534,0.0],[-21.687674,76.388531,0.0],[-21.687661,76.388262,0.0],[-21.688803,76.388259,0.0],[-21.688789,76.38799,0.0],[-21.689931,76.387987,0.0],[-21.689897,76.387295,0.0]],[[-21.733818,76.397273,0.0],[-21.733833,76.397542,0.0],[-21.73269,76.397545,0.0],[-21.732718,76.398083,0.0],[-21.733861,76.398079,0.0],[-21.733847,76.39781,0.0],[-21.73499,76.397807,0.0],[-21.734961,76.397269,0.0],[-21.733818,76.397273,0.0]],[[-21.743756,76.390791,0.0],[-21.74377,76.391059,0.0],[-21.742628,76.391063,0.0],[-21.742671,76.391869,0.0],[-21.741529,76.391873,0.0],[-21.741544,76.392142,0.0],[-21.740401,76.392145,0.0],[-21.740416,76.392414,0.0],[-21.739274,76.392417,0.0],[-21.739317,76.393224,0.0],[-21.738174,76.393227,0.0],[-21.738217,76.394033,0.0],[-21.737075,76.394037,0.0],[-21.737132,76.395112,0.0],[-21.739417,76.395105,0.0],[-21.739431,76.395374,0.0],[-21.742858,76.395364,0.0],[-21.742844,76.395095,0.0],[-21.751983,76.395068,0.0],[-21.751969,76.394799,0.0],[-21.754254,76.394792,0.0],[-21.754268,76.395061,0.0],[-21.758838,76.395047,0.0],[-21.758823,76.394778,0.0],[-21.764535,76.394761,0.0],[-21.76452,76.394492,0.0],[-21.767947,76.394482,0.0],[-21.767933,76.394213,0.0],[-21.769075,76.394209,0.0],[-21.76906,76.393941,0.0],[-21.770202,76.393937,0.0],[-21.770172,76.393399,0.0],[-21.771315,76.393396,0.0],[-21.771285,76.392858,0.0],[-21.772427,76.392855,0.0],[-21.772397,76.392317,0.0],[-21.773539,76.392314,0.0],[-21.773524,76.392045,0.0],[-21.774666,76.392041,0.0],[-21.774591,76.390697,0.0],[-21.773449,76.390701,0.0],[-21.773434,76.390432,0.0],[-21.766582,76.390453,0.0],[-21.766567,76.390184,0.0],[-21.763141,76.390195,0.0],[-21.763156,76.390463,0.0],[-21.75973,76.390474,0.0],[-21.759715,76.390205,0.0],[-21.757431,76.390212,0.0],[-21.757417,76.389943,0.0],[-21.755133,76.38995,0.0],[-21.755147,76.390219,0.0],[-21.754005,76.390222,0.0],[-21.75402,76.390491,0.0],[-21.74831,76.390508,0.0],[-21.748324,76.390777,0.0],[-21.743756,76.390791,0.0]],[[-21.840148,76.360372,0.0],[-21.840132,76.360103,0.0],[-21.841272,76.360099,0.0],[-21.841255,76.35983,0.0],[-21.842395,76.359826,0.0],[-21.842346,76.35902,0.0],[-21.840067,76.359028,0.0],[-21.840051,76.358759,0.0],[-21.838912,76.358763,0.0],[-21.838895,76.358494,0.0],[-21.837756,76.358498,0.0],[-21.83774,76.358229,0.0],[-21.8366,76.358233,0.0],[-21.836584,76.357964,0.0],[-21.834306,76.357971,0.0],[-21.834322,76.35824,0.0],[-21.833182,76.358244,0.0],[-21.833198,76.358513,0.0],[-21.832059,76.358517,0.0],[-21.832075,76.358786,0.0],[-21.830936,76.358789,0.0],[-21.830968,76.359327,0.0],[-21.832107,76.359323,0.0],[-21.832123,76.359592,0.0],[-21.833263,76.359588,0.0],[-21.833279,76.359857,0.0],[-21.834418,76.359853,0.0],[-21.834435,76.360122,0.0],[-21.836714,76.360114,0.0],[-21.83673,76.360383,0.0],[-21.840148,76.360372,0.0]]]}},{"type":"Feature","properties":{"rgi_id":"RGI2000-v7.0-G-05-16233","o1region":"05"},"geometry":{"type":"Polygon","coordinates":[[[-21.738266,76.30907,0.0],[-21.738252,76.308802,0.0],[-21.737117,76.308805,0.0],[-21.737103,76.308536,0.0],[-21.738238,76.308533,0.0],[-21.738195,76.307726,0.0],[-21.739331,76.307723,0.0],[-21.739316,76.307454,0.0],[-21.740452,76.307451,0.0],[-21.74038,76.306107,0.0],[-21.741515,76.306103,0.0],[-21.741487,76.305566,0.0],[-21.742622,76.305562,0.0],[-21.742608,76.305293,0.0],[-21.741473,76.305297,0.0],[-21.74143,76.30449,0.0],[-21.742565,76.304487,0.0],[-21.742551,76.304218,0.0],[-21.748225,76.304201,0.0],[-21.748254,76.304739,0.0],[-21.750524,76.304732,0.0],[-21.750539,76.305001,0.0],[-21.751674,76.304997,0.0],[-21.751732,76.306073,0.0],[-21.752867,76.306069,0.0],[-21.752881,76.306338,0.0],[-21.751746,76.306341,0.0],[-21.751833,76.307954,0.0],[-21.749562,76.307961,0.0],[-21.749577,76.30823,0.0],[-21.746171,76.30824,0.0],[-21.746142,76.307703,0.0],[-21.745007,76.307706,0.0],[-21.744978,76.307168,0.0],[-21.742708,76.307175,0.0],[-21.742751,76.307982,0.0],[-21.741615,76.307985,0.0],[-21.741644,76.308523,0.0],[-21.740509,76.308526,0.0],[-21.740523,76.308795,0.0],[-21.739387,76.308798,0.0],[-21.739402,76.309067,0.0],[-21.738266,76.30907,0.0]]]}},{"type":"Feature","properties":{"rgi_id":"RGI2000-v7.0-G-05-16234","o1region":"05"},"geometry":{"type":"Polygon","coordinates":[[[-21.793701,76.305405,0.0],[-21.793685,76.305136,0.0],[-21.79255,76.305139,0.0],[-21.792505,76.304333,0.0],[-21.79137,76.304337,0.0],[-21.791354,76.304068,0.0],[-21.791339,76.303799,0.0],[-21.790204,76.303803,0.0],[-21.789069,76.303806,0.0],[-21.789054,76.303537,0.0],[-21.787919,76.303541,0.0],[-21.787904,76.303272,0.0],[-21.786769,76.303276,0.0],[-21.786754,76.303007,0.0],[-21.785619,76.30301,0.0],[-21.785604,76.302742,0.0],[-21.784469,76.302745,0.0],[-21.784454,76.302476,0.0],[-21.783319,76.30248,0.0],[-21.783304,76.302211,0.0],[-21.782169,76.302215,0.0],[-21.782154,76.301946,0.0],[-21.781019,76.301949,0.0],[-21.780989,76.301412,0.0],[-21.779855,76.301415,0.0],[-21.77984,76.301146,0.0],[-21.778705,76.30115,0.0],[-21.77869,76.300881,0.0],[-21.777555,76.300885,0.0],[-21.777525,76.300347,0.0],[-21.77866,76.300344,0.0],[-21.778645,76.300075,0.0],[-21.780914,76.300068,0.0],[-21.780944,76.300605,0.0],[-21.782079,76.300602,0.0],[-21.782094,76.300871,0.0],[-21.783229,76.300867,0.0],[-21.783214,76.300598,0.0],[-21.784348,76.300595,0.0],[-21.784333,76.300326,0.0],[-21.785468,76.300322,0.0],[-21.785453,76.300053,0.0],[-21.786587,76.30005,0.0],[-21.786572,76.299781,0.0],[-21.788842,76.299774,0.0],[-21.788826,76.299505,0.0],[-21.789961,76.299501,0.0],[-21.789946,76.299232,0.0],[-21.79108,76.299229,0.0],[-21.791065,76.29896,0.0],[-21.7922,76.298956,0.0],[-21.792215,76.299225,0.0],[-21.793349,76.299222,0.0],[-21.79338,76.299759,0.0],[-21.793487,76.301641,0.0],[-21.793517,76.302179,0.0],[-21.792383,76.302182,0.0],[-21.792413,76.30272,0.0],[-21.793548,76.302716,0.0],[-21.793578,76.303254,0.0],[-21.794713,76.30325,0.0],[-21.794759,76.304057,0.0],[-21.79479,76.304595,0.0],[-21.795925,76.304591,0.0],[-21.795955,76.305129,0.0],[-21.797091,76.305125,0.0],[-21.797121,76.305663,0.0],[-21.794851,76.30567,0.0],[-21.794836,76.305401,0.0],[-21.793701,76.305405,0.0]]]}}]}
