{"type":"FeatureCollection","features":[{"type":"Feature","properties":{"rgi_id":"RGI2000-v7.0-G-16-02603","o1region":"16"},"geometry":{"type":"Polygon","coordinates":[[[-72.168964,-15.418077,0.0],[-72.17036,-15.418094,0.0],[-72.170371,-15.417282,0.0],[-72.169813,-15.417275,0.0],[-72.169816,-15.417004,0.0],[-72.168979,-15.416993,0.0],[-72.168964,-15.418077,0.0]]]}},{"type":"Feature","properties":{"rgi_id":"RGI2000-v7.0-G-16-02604","o1region":"16"},"geometry":{"type":"Polygon","coordinates":[[[-72.170937,-15.416747,0.0],[-72.170926,-15.41756,0.0],[-72.171205,-15.417563,0.0],[-72.171198,-15.418105,0.0],[-72.171477,-15.418109,0.0],[-72.171474,-15.41838,0.0],[-72.171753,-15.418383,0.0],[-72.171749,-15.418654,0.0],[-72.172028,-15.418658,0.0],[-72.172043,-15.417574,0.0],[-72.171764,-15.41757,0.0],[-72.171771,-15.417029,0.0],[-72.171492,-15.417025,0.0],[-72.171496,-15.416754,0.0],[-72.170937,-15.416747,0.0]]]}},{"type":"Feature","properties":{"rgi_id":"RGI2000-v7.0-G-16-02605","o1region":"16"},"geometry":{"type":"Polygon","coordinates":[[[-72.170397,-15.415385,0.0],[-72.170676,-15.415389,0.0],[-72.170691,-15.414305,0.0],[-72.170132,-15.414298,0.0],[-72.170136,-15.414027,0.0],[-72.169578,-15.41402,0.0],[-72.16957,-15.414562,0.0],[-72.169849,-15.414566,0.0],[-72.169842,-15.415107,0.0],[-72.170401,-15.415115,0.0],[-72.170397,-15.415385,0.0]]]}},{"type":"Feature","properties":{"rgi_id":"RGI2000-v7.0-G-16-02606","o1region":"16"},"geometry":{"type":"Polygon","coordinates":[[[-72.164852,-15.412334,0.0],[-72.165411,-15.412342,0.0],[-72.165426,-15.411258,0.0],[-72.165146,-15.411254,0.0],[-72.16515,-15.410983,0.0],[-72.164591,-15.410976,0.0],[-72.164577,-15.41206,0.0],[-72.164856,-15.412064,0.0],[-72.164852,-15.412334,0.0]]]}},{"type":"Feature","properties":{"rgi_id":"RGI2000-v7.0-G-16-02607","o1region":"16"},"geometry":{"type":"Polygon","coordinates":[[[-72.166877,-15.407212,0.0],[-72.166873,-15.407483,0.0],[-72.166594,-15.40748,0.0],[-72.166583,-15.408292,0.0],[-72.166862,-15.408296,0.0],[-72.166858,-15.408567,0.0],[-72.167138,-15.40857,0.0],[-72.167134,-15.408841,0.0],[-72.167693,-15.408848,0.0],[-72.167689,-15.409119,0.0],[-72.168247,-15.409126,0.0],[-72.168244,-15.409397,0.0],[-72.169919,-15.409419,0.0],[-72.169916,-15.40969,0.0],[-72.170753,-15.4097,0.0],[-72.17075,-15.409971,0.0],[-72.172425,-15.409992,0.0],[-72.172421,-15.410263,0.0],[-72.172701,-15.410267,0.0],[-72.172712,-15.409454,0.0],[-72.172432,-15.409451,0.0],[-72.172436,-15.40918,0.0],[-72.171319,-15.409166,0.0],[-72.171323,-15.408895,0.0],[-72.171043,-15.408891,0.0],[-72.171047,-15.40862,0.0],[-72.170489,-15.408613,0.0],[-72.170492,-15.408342,0.0],[-72.170213,-15.408339,0.0],[-72.170217,-15.408068,0.0],[-72.169938,-15.408064,0.0],[-72.169941,-15.407793,0.0],[-72.169383,-15.407786,0.0],[-72.169386,-15.407515,0.0],[-72.169107,-15.407512,0.0],[-72.169114,-15.40697,0.0],[-72.168835,-15.406966,0.0],[-72.168839,-15.406696,0.0],[-72.16828,-15.406688,0.0],[-72.168284,-15.406417,0.0],[-72.167726,-15.40641,0.0],[-72.167729,-15.406139,0.0],[-72.166612,-15.406125,0.0],[-72.166598,-15.407209,0.0],[-72.166877,-15.407212,0.0]]]}},{"type":"Feature","properties":{"rgi_id":"RGI2000-v7.0-G-16-02608","o1region":"16"},"geometry":{"type":"Polygon","coordinates":[[[-72.171389,-15.404019,0.0],[-72.171385,-15.404289,0.0],[-72.171106,-15.404286,0.0],[-72.171102,-15.404557,0.0],[-72.170264,-15.404546,0.0],[-72.170257,-15.405088,0.0],[-72.170536,-15.405091,0.0],[-72.170533,-15.405362,0.0],[-72.17137,-15.405373,0.0],[-72.171367,-15.405644,0.0],[-72.171925,-15.405651,0.0],[-72.171933,-15.405109,0.0],[-72.171653,-15.405106,0.0],[-72.171668,-15.404022,0.0],[-72.171389,-15.404019,0.0]]]}},{"type":"Feature","properties":{"rgi_id":"RGI2000-v7.0-G-16-02609","o1region":"16"},"geometry":{"type":"Polygon","coordinates":[[[-72.176519,-15.417089,0.0],[-72.176515,-15.41736,0.0],[-72.176236,-15.417356,0.0],[-72.176221,-15.41844,0.0],[-72.175942,-15.418436,0.0],[-72.175931,-15.419249,0.0],[-72.17621,-15.419253,0.0],[-72.176206,-15.419524,0.0],[-72.178161,-15.419548,0.0],[-72.178172,-15.418736,0.0],[-72.178451,-15.418739,0.0],[-72.178462,-15.417927,0.0],[-72.178183,-15.417923,0.0],[-72.178191,-15.417381,0.0],[-72.177353,-15.417371,0.0],[-72.177356,-15.4171,0.0],[-72.176519,-15.417089,0.0]]]}},{"type":"Feature","properties":{"rgi_id":"RGI2000-v7.0-G-16-02610","o1region":"16"},"geometry":{"type":"Polygon","coordinates":[[[-72.584795,-15.548498,0.0],[-72.584792,-15.548743,0.0],[-72.584513,-15.548739,0.0],[-72.584506,-15.549281,0.0],[-72.584227,-15.549278,0.0],[-72.584224,-15.549549,0.0],[-72.583944,-15.549546,0.0],[-72.583941,-15.549817,0.0],[-72.583102,-15.549808,0.0],[-72.583087,-15.551163,0.0],[-72.582807,-15.55116,0.0],[-72.582788,-15.552786,0.0],[-72.582509,-15.552783,0.0],[-72.582505,-15.553054,0.0],[-72.582226,-15.553051,0.0],[-72.58222,-15.553593,0.0],[-72.58194,-15.55359,0.0],[-72.581934,-15.554131,0.0],[-72.581654,-15.554128,0.0],[-72.581651,-15.554399,0.0],[-72.581371,-15.554396,0.0],[-72.581365,-15.554938,0.0],[-72.581645,-15.554941,0.0],[-72.581642,-15.555212,0.0],[-72.581921,-15.555215,0.0],[-72.581912,-15.556028,0.0],[-72.582191,-15.556031,0.0],[-72.582194,-15.55576,0.0],[-72.582753,-15.555767,0.0],[-72.582756,-15.555496,0.0],[-72.583036,-15.555499,0.0],[-72.583039,-15.555228,0.0],[-72.583319,-15.555231,0.0],[-72.583322,-15.55496,0.0],[-72.583881,-15.554966,0.0],[-72.583884,-15.554695,0.0],[-72.584164,-15.554698,0.0],[-72.584167,-15.554427,0.0],[-72.584726,-15.554433,0.0],[-72.584729,-15.554162,0.0],[-72.585009,-15.554165,0.0],[-72.585012,-15.553894,0.0],[-72.585291,-15.553897,0.0],[-72.585304,-15.552813,0.0],[-72.585583,-15.552816,0.0],[-72.585587,-15.552545,0.0],[-72.585307,-15.552542,0.0],[-72.58531,-15.552271,0.0],[-72.585031,-15.552268,0.0],[-72.585034,-15.551997,0.0],[-72.586711,-15.552016,0.0],[-72.586714,-15.551745,0.0],[-72.586994,-15.551748,0.0],[-72.586997,-15.551477,0.0],[-72.587556,-15.551483,0.0],[-72.587559,-15.551212,0.0],[-72.586721,-15.551203,0.0],[-72.586727,-15.550661,0.0],[-72.586447,-15.550658,0.0],[-72.58645,-15.550387,0.0],[-72.58673,-15.55039,0.0],[-72.586733,-15.550119,0.0],[-72.587013,-15.550122,0.0],[-72.587016,-15.549851,0.0],[-72.587295,-15.549854,0.0],[-72.587298,-15.549628,0.0],[-72.587265,-15.549583,0.0],[-72.587019,-15.54958,0.0],[-72.587022,-15.549349,0.0],[-72.585528,-15.548513,0.0],[-72.58491,-15.548427,0.0],[-72.584795,-15.548498,0.0]],[[-72.585047,-15.550913,0.0],[-72.585043,-15.551184,0.0],[-72.585602,-15.551191,0.0],[-72.585599,-15.551462,0.0],[-72.58532,-15.551458,0.0],[-72.585317,-15.551729,0.0],[-72.584758,-15.551723,0.0],[-72.584761,-15.551452,0.0],[-72.584481,-15.551449,0.0],[-72.584487,-15.550907,0.0],[-72.585047,-15.550913,0.0]]]}},{"type":"Feature","properties":{"rgi_id":"RGI2000-v7.0-G-16-02611","o1region":"16"},"geometry":{"type":"Polygon","coordinates":[[[-72.590079,-15.550847,0.0],[-72.590072,-15.55151,0.0],[-72.589792,-15.551507,0.0],[-72.589789,-15.551778,0.0],[-72.58951,-15.551775,0.0],[-72.589503,-15.552317,0.0],[-72.589224,-15.552314,0.0],[-72.589221,-15.552585,0.0],[-72.588941,-15.552582,0.0],[-72.588935,-15.553124,0.0],[-72.588655,-15.553121,0.0],[-72.588649,-15.553663,0.0],[-72.588369,-15.55366,0.0],[-72.588363,-15.554202,0.0],[-72.588083,-15.554199,0.0],[-72.58808,-15.55447,0.0],[-72.587801,-15.554467,0.0],[-72.587794,-15.555009,0.0],[-72.587515,-15.555006,0.0],[-72.587512,-15.555277,0.0],[-72.587232,-15.555274,0.0],[-72.587229,-15.555545,0.0],[-72.58695,-15.555542,0.0],[-72.586946,-15.555813,0.0],[-72.586667,-15.555809,0.0],[-72.586664,-15.55608,0.0],[-72.586384,-15.556077,0.0],[-72.586381,-15.556348,0.0],[-72.586101,-15.556345,0.0],[-72.586098,-15.556616,0.0],[-72.585819,-15.556613,0.0],[-72.585816,-15.556884,0.0],[-72.585536,-15.556881,0.0],[-72.58553,-15.557423,0.0],[-72.584971,-15.557417,0.0],[-72.584967,-15.557688,0.0],[-72.584688,-15.557685,0.0],[-72.584685,-15.557956,0.0],[-72.583846,-15.557947,0.0],[-72.583843,-15.558218,0.0],[-72.583284,-15.558212,0.0],[-72.583274,-15.559024,0.0],[-72.582995,-15.559021,0.0],[-72.582992,-15.559292,0.0],[-72.583271,-15.559295,0.0],[-72.583268,-15.559566,0.0],[-72.582989,-15.559563,0.0],[-72.582982,-15.560105,0.0],[-72.582703,-15.560102,0.0],[-72.582696,-15.560644,0.0],[-72.582417,-15.560641,0.0],[-72.58241,-15.561183,0.0],[-72.582131,-15.56118,0.0],[-72.582128,-15.561451,0.0],[-72.581848,-15.561448,0.0],[-72.581845,-15.561719,0.0],[-72.581566,-15.561716,0.0],[-72.581575,-15.560903,0.0],[-72.581855,-15.560906,0.0],[-72.581858,-15.560635,0.0],[-72.581019,-15.560626,0.0],[-72.581022,-15.560355,0.0],[-72.580743,-15.560352,0.0],[-72.580736,-15.560894,0.0],[-72.580457,-15.560891,0.0],[-72.580451,-15.561433,0.0],[-72.58073,-15.561436,0.0],[-72.580727,-15.561707,0.0],[-72.581006,-15.56171,0.0],[-72.581003,-15.561981,0.0],[-72.580724,-15.561978,0.0],[-72.580721,-15.562249,0.0],[-72.580441,-15.562246,0.0],[-72.580435,-15.562787,0.0],[-72.580994,-15.562794,0.0],[-72.580991,-15.563065,0.0],[-72.58155,-15.563071,0.0],[-72.581553,-15.5628,0.0],[-72.581832,-15.562803,0.0],[-72.581829,-15.563074,0.0],[-72.582109,-15.563077,0.0],[-72.582102,-15.563619,0.0],[-72.581823,-15.563616,0.0],[-72.581817,-15.564158,0.0],[-72.582655,-15.564167,0.0],[-72.582649,-15.564709,0.0],[-72.582928,-15.564712,0.0],[-72.582922,-15.565254,0.0],[-72.583202,-15.565257,0.0],[-72.583189,-15.566341,0.0],[-72.583469,-15.566344,0.0],[-72.583459,-15.567157,0.0],[-72.583541,-15.567565,0.0],[-72.583695,-15.567597,0.0],[-72.583849,-15.567539,0.0],[-72.584018,-15.567163,0.0],[-72.584031,-15.566079,0.0],[-72.58431,-15.566082,0.0],[-72.584323,-15.564998,0.0],[-72.584603,-15.565001,0.0],[-72.584612,-15.564188,0.0],[-72.584892,-15.564192,0.0],[-72.584898,-15.56365,0.0],[-72.585177,-15.563653,0.0],[-72.585181,-15.563382,0.0],[-72.58546,-15.563385,0.0],[-72.585466,-15.562843,0.0],[-72.585746,-15.562846,0.0],[-72.585752,-15.562304,0.0],[-72.586032,-15.562307,0.0],[-72.586038,-15.561765,0.0],[-72.586318,-15.561768,0.0],[-72.586324,-15.561226,0.0],[-72.586604,-15.561229,0.0],[-72.58661,-15.560687,0.0],[-72.586889,-15.56069,0.0],[-72.586893,-15.560419,0.0],[-72.587731,-15.560428,0.0],[-72.587734,-15.560157,0.0],[-72.588014,-15.56016,0.0],[-72.588017,-15.55989,0.0],[-72.588297,-15.559893,0.0],[-72.5883,-15.559622,0.0],[-72.588579,-15.559625,0.0],[-72.588583,-15.559354,0.0],[-72.589142,-15.55936,0.0],[-72.589145,-15.559089,0.0],[-72.589704,-15.559095,0.0],[-72.589707,-15.558824,0.0],[-72.589987,-15.558827,0.0],[-72.589982,-15.559179,0.0],[-72.590895,-15.558856,0.0],[-72.591712,-15.558231,0.0],[-72.59237,-15.557571,0.0],[-72.592796,-15.557105,0.0],[-72.593104,-15.556718,0.0],[-72.594195,-15.555975,0.0],[-72.595017,-15.555655,0.0],[-72.595088,-15.555196,0.0],[-72.594804,-15.554704,0.0],[-72.59487,-15.553977,0.0],[-72.595013,-15.553172,0.0],[-72.595429,-15.552134,0.0],[-72.595748,-15.551235,0.0],[-72.594668,-15.551148,0.0],[-72.593655,-15.550706,0.0],[-72.59188,-15.55062,0.0],[-72.590757,-15.550684,0.0],[-72.590079,-15.550847,0.0]]]}},{"type":"Feature","properties":{"rgi_id":"RGI2000-v7.0-G-16-02612","o1region":"16"},"geometry":{"type":"Polygon","coordinates":[[[-72.595942,-15.551242,0.0],[-72.595852,-15.551243,0.0],[-72.595748,-15.551235,0.0],[-72.595429,-15.552134,0.0],[-72.595013,-15.553172,0.0],[-72.59487,-15.553977,0.0],[-72.594804,-15.554704,0.0],[-72.595088,-15.555196,0.0],[-72.595017,-15.555655,0.0],[-72.594195,-15.555975,0.0],[-72.593104,-15.556718,0.0],[-72.592796,-15.557105,0.0],[-72.59237,-15.557571,0.0],[-72.591712,-15.558231,0.0],[-72.590895,-15.558856,0.0],[-72.589982,-15.559179,0.0],[-72.58998,-15.559369,0.0],[-72.589701,-15.559366,0.0],[-72.589688,-15.56045,0.0],[-72.589409,-15.560447,0.0],[-72.589399,-15.56126,0.0],[-72.58912,-15.561257,0.0],[-72.58911,-15.56207,0.0],[-72.58939,-15.562073,0.0],[-72.589383,-15.562615,0.0],[-72.589663,-15.562618,0.0],[-72.589647,-15.563973,0.0],[-72.589368,-15.56397,0.0],[-72.589361,-15.564512,0.0],[-72.588523,-15.564502,0.0],[-72.588519,-15.564773,0.0],[-72.58824,-15.56477,0.0],[-72.588234,-15.565312,0.0],[-72.587954,-15.565309,0.0],[-72.587948,-15.565851,0.0],[-72.587668,-15.565848,0.0],[-72.587659,-15.566661,0.0],[-72.587379,-15.566658,0.0],[-72.587376,-15.566929,0.0],[-72.587935,-15.566935,0.0],[-72.587932,-15.567206,0.0],[-72.588211,-15.567209,0.0],[-72.588215,-15.566938,0.0],[-72.588494,-15.566941,0.0],[-72.588497,-15.56667,0.0],[-72.588777,-15.566673,0.0],[-72.588783,-15.566131,0.0],[-72.589901,-15.566144,0.0],[-72.589898,-15.566415,0.0],[-72.590178,-15.566418,0.0],[-72.590168,-15.567231,0.0],[-72.589889,-15.567227,0.0],[-72.589879,-15.56804,0.0],[-72.5896,-15.568037,0.0],[-72.589584,-15.569392,0.0],[-72.589863,-15.569395,0.0],[-72.58986,-15.569666,0.0],[-72.589581,-15.569663,0.0],[-72.589571,-15.570476,0.0],[-72.59013,-15.570482,0.0],[-72.590149,-15.568856,0.0],[-72.590988,-15.568866,0.0],[-72.590982,-15.569408,0.0],[-72.591541,-15.569414,0.0],[-72.591544,-15.569143,0.0],[-72.591823,-15.569146,0.0],[-72.591811,-15.57023,0.0],[-72.591531,-15.570227,0.0],[-72.591522,-15.57104,0.0],[-72.591979,-15.571045,0.0],[-72.591753,-15.571597,0.0],[-72.591679,-15.571865,0.0],[-72.591805,-15.571984,0.0],[-72.591762,-15.572131,0.0],[-72.592002,-15.572318,0.0],[-72.592279,-15.57239,0.0],[-72.592422,-15.572502,0.0],[-72.592423,-15.572502,0.0],[-72.592519,-15.572577,0.0],[-72.592834,-15.572534,0.0],[-72.593012,-15.572224,0.0],[-72.593189,-15.571917,0.0],[-72.593216,-15.571871,0.0],[-72.593469,-15.571874,0.0],[-72.593472,-15.571603,0.0],[-72.593752,-15.571606,0.0],[-72.593755,-15.571335,0.0],[-72.594314,-15.571341,0.0],[-72.594317,-15.57107,0.0],[-72.594877,-15.571076,0.0],[-72.59488,-15.570805,0.0],[-72.595159,-15.570808,0.0],[-72.595162,-15.570537,0.0],[-72.595442,-15.57054,0.0],[-72.595448,-15.569998,0.0],[-72.595728,-15.570001,0.0],[-72.595731,-15.569731,0.0],[-72.59629,-15.569737,0.0],[-72.596293,-15.569466,0.0],[-72.596573,-15.569469,0.0],[-72.596579,-15.568927,0.0],[-72.596859,-15.56893,0.0],[-72.596862,-15.568659,0.0],[-72.597141,-15.568662,0.0],[-72.597145,-15.568391,0.0],[-72.597424,-15.568394,0.0],[-72.597411,-15.569478,0.0],[-72.597691,-15.569481,0.0],[-72.597685,-15.570023,0.0],[-72.597964,-15.570026,0.0],[-72.597958,-15.570568,0.0],[-72.598238,-15.570571,0.0],[-72.598231,-15.571113,0.0],[-72.598511,-15.571116,0.0],[-72.598489,-15.573013,0.0],[-72.598209,-15.57301,0.0],[-72.5982,-15.573823,0.0],[-72.59792,-15.57382,0.0],[-72.597911,-15.574633,0.0],[-72.598181,-15.575449,0.0],[-72.59829,-15.57577,0.0],[-72.59855,-15.575665,0.0],[-72.598813,-15.575345,0.0],[-72.599038,-15.575061,0.0],[-72.599309,-15.574648,0.0],[-72.599321,-15.573564,0.0],[-72.599601,-15.573567,0.0],[-72.59961,-15.572754,0.0],[-72.59989,-15.572757,0.0],[-72.599896,-15.572215,0.0],[-72.600176,-15.572218,0.0],[-72.600188,-15.571134,0.0],[-72.599909,-15.571131,0.0],[-72.599921,-15.570047,0.0],[-72.599815,-15.570046,0.0],[-72.599704,-15.568696,0.0],[-72.599613,-15.567876,0.0],[-72.599667,-15.567876,0.0],[-72.599673,-15.567334,0.0],[-72.599953,-15.567337,0.0],[-72.599959,-15.566795,0.0],[-72.600238,-15.566798,0.0],[-72.600242,-15.566528,0.0],[-72.600521,-15.566531,0.0],[-72.600502,-15.568156,0.0],[-72.601621,-15.568169,0.0],[-72.601617,-15.56844,0.0],[-72.602177,-15.568446,0.0],[-72.602183,-15.567904,0.0],[-72.602742,-15.56791,0.0],[-72.602745,-15.567639,0.0],[-72.602815,-15.56764,0.0],[-72.602817,-15.566723,0.0],[-72.603113,-15.565648,0.0],[-72.60349,-15.56461,0.0],[-72.604059,-15.56334,0.0],[-72.6049,-15.561836,0.0],[-72.605552,-15.560832,0.0],[-72.606209,-15.560095,0.0],[-72.606431,-15.559251,0.0],[-72.606066,-15.558646,0.0],[-72.605968,-15.557578,0.0],[-72.605866,-15.556204,0.0],[-72.605562,-15.554642,0.0],[-72.605303,-15.553348,0.0],[-72.605524,-15.552112,0.0],[-72.604969,-15.551954,0.0],[-72.603132,-15.551697,0.0],[-72.601409,-15.55121,0.0],[-72.60028,-15.550884,0.0],[-72.598685,-15.550968,0.0],[-72.596857,-15.551227,0.0],[-72.595942,-15.551242,0.0]],[[-72.598084,-15.559729,0.0],[-72.598078,-15.56027,0.0],[-72.598357,-15.560274,0.0],[-72.598354,-15.560545,0.0],[-72.598074,-15.560541,0.0],[-72.598068,-15.561083,0.0],[-72.598348,-15.561086,0.0],[-72.598341,-15.561628,0.0],[-72.598621,-15.561632,0.0],[-72.598615,-15.562173,0.0],[-72.598894,-15.562177,0.0],[-72.598891,-15.562448,0.0],[-72.598611,-15.562444,0.0],[-72.598608,-15.562715,0.0],[-72.598329,-15.562712,0.0],[-72.598326,-15.562983,0.0],[-72.598046,-15.56298,0.0],[-72.59804,-15.563522,0.0],[-72.59776,-15.563519,0.0],[-72.597757,-15.56379,0.0],[-72.597478,-15.563787,0.0],[-72.597474,-15.564058,0.0],[-72.597339,-15.564057,0.0],[-72.596853,-15.563375,0.0],[-72.596651,-15.56274,0.0],[-72.596674,-15.560797,0.0],[-72.596953,-15.5608,0.0],[-72.596956,-15.560529,0.0],[-72.597515,-15.560535,0.0],[-72.597522,-15.559993,0.0],[-72.597801,-15.559996,0.0],[-72.597804,-15.559725,0.0],[-72.598084,-15.559729,0.0]],[[-72.593529,-15.566725,0.0],[-72.593523,-15.567267,0.0],[-72.593802,-15.56727,0.0],[-72.593796,-15.567812,0.0],[-72.593517,-15.567809,0.0],[-72.593513,-15.56808,0.0],[-72.593234,-15.568077,0.0],[-72.593231,-15.568348,0.0],[-72.592951,-15.568345,0.0],[-72.592948,-15.568616,0.0],[-72.592668,-15.568613,0.0],[-72.592665,-15.568884,0.0],[-72.592106,-15.568878,0.0],[-72.592113,-15.568336,0.0],[-72.592672,-15.568342,0.0],[-72.592678,-15.5678,0.0],[-72.592957,-15.567803,0.0],[-72.592964,-15.567261,0.0],[-72.593243,-15.567264,0.0],[-72.59325,-15.566722,0.0],[-72.593529,-15.566725,0.0]]]}},{"type":"Feature","properties":{"rgi_id":"RGI2000-v7.0-G-16-02613","o1region":"16"},"geometry":{"type":"Polygon","coordinates":[[[-72.58491,-15.548427,0.0],[-72.585528,-15.548513,0.0],[-72.587022,-15.549349,0.0],[-72.587022,-15.549309,0.0],[-72.587302,-15.549312,0.0],[-72.587299,-15.549583,0.0],[-72.588417,-15.549595,0.0],[-72.588414,-15.549866,0.0],[-72.589252,-15.549875,0.0],[-72.589249,-15.550146,0.0],[-72.589808,-15.550153,0.0],[-72.589805,-15.550424,0.0],[-72.590084,-15.550427,0.0],[-72.590079,-15.550847,0.0],[-72.590757,-15.550684,0.0],[-72.59188,-15.55062,0.0],[-72.593655,-15.550706,0.0],[-72.594668,-15.551148,0.0],[-72.595748,-15.551235,0.0],[-72.595852,-15.551243,0.0],[-72.595942,-15.551242,0.0],[-72.595479,-15.55019,0.0],[-72.595162,-15.548992,0.0],[-72.595294,-15.548016,0.0],[-72.595362,-15.546868,0.0],[-72.59501,-15.546006,0.0],[-72.594159,-15.545684,0.0],[-72.593702,-15.545317,0.0],[-72.59294,-15.545308,0.0],[-72.592943,-15.545037,0.0],[-72.592663,-15.545034,0.0],[-72.592666,-15.544763,0.0],[-72.592387,-15.54476,0.0],[-72.59239,-15.544489,0.0],[-72.591831,-15.544483,0.0],[-72.591834,-15.544212,0.0],[-72.591555,-15.544209,0.0],[-72.591558,-15.543938,0.0],[-72.591278,-15.543935,0.0],[-72.591281,-15.543664,0.0],[-72.590722,-15.543658,0.0],[-72.590725,-15.543387,0.0],[-72.590446,-15.543384,0.0],[-72.590449,-15.543113,0.0],[-72.59017,-15.54311,0.0],[-72.590173,-15.542839,0.0],[-72.589893,-15.542836,0.0],[-72.589896,-15.542565,0.0],[-72.589617,-15.542562,0.0],[-72.589623,-15.54202,0.0],[-72.589344,-15.542017,0.0],[-72.58935,-15.541475,0.0],[-72.58907,-15.541472,0.0],[-72.589077,-15.54093,0.0],[-72.588797,-15.540927,0.0],[-72.588803,-15.540385,0.0],[-72.588524,-15.540382,0.0],[-72.588527,-15.540111,0.0],[-72.588248,-15.540108,0.0],[-72.588232,-15.541463,0.0],[-72.588511,-15.541466,0.0],[-72.588502,-15.542279,0.0],[-72.588781,-15.542282,0.0],[-72.588775,-15.542824,0.0],[-72.588496,-15.542821,0.0],[-72.588499,-15.54255,0.0],[-72.588219,-15.542547,0.0],[-72.588225,-15.542005,0.0],[-72.587946,-15.542002,0.0],[-72.587949,-15.541731,0.0],[-72.58767,-15.541728,0.0],[-72.587676,-15.541186,0.0],[-72.587396,-15.541183,0.0],[-72.5874,-15.540912,0.0],[-72.58712,-15.540909,0.0],[-72.587126,-15.540367,0.0],[-72.586847,-15.540364,0.0],[-72.58685,-15.540093,0.0],[-72.58657,-15.540089,0.0],[-72.586574,-15.539819,0.0],[-72.586294,-15.539815,0.0],[-72.586297,-15.539544,0.0],[-72.585738,-15.539538,0.0],[-72.585735,-15.539809,0.0],[-72.585456,-15.539806,0.0],[-72.585449,-15.540348,0.0],[-72.585729,-15.540351,0.0],[-72.585719,-15.541164,0.0],[-72.585999,-15.541167,0.0],[-72.585992,-15.541709,0.0],[-72.586272,-15.541712,0.0],[-72.586263,-15.542525,0.0],[-72.586542,-15.542528,0.0],[-72.586536,-15.54307,0.0],[-72.586815,-15.543073,0.0],[-72.586806,-15.543886,0.0],[-72.587085,-15.543889,0.0],[-72.587082,-15.54416,0.0],[-72.587362,-15.544163,0.0],[-72.587355,-15.544705,0.0],[-72.587635,-15.544708,0.0],[-72.587632,-15.544979,0.0],[-72.587911,-15.544982,0.0],[-72.587905,-15.545524,0.0],[-72.588184,-15.545527,0.0],[-72.588181,-15.545798,0.0],[-72.587622,-15.545792,0.0],[-72.587625,-15.545521,0.0],[-72.587346,-15.545518,0.0],[-72.587349,-15.545247,0.0],[-72.58707,-15.545244,0.0],[-72.587073,-15.544973,0.0],[-72.586793,-15.54497,0.0],[-72.586796,-15.544699,0.0],[-72.586517,-15.544696,0.0],[-72.58652,-15.544425,0.0],[-72.58624,-15.544422,0.0],[-72.586244,-15.544151,0.0],[-72.585405,-15.544142,0.0],[-72.585399,-15.544684,0.0],[-72.58484,-15.544678,0.0],[-72.584843,-15.544407,0.0],[-72.584004,-15.544398,0.0],[-72.584007,-15.544127,0.0],[-72.583448,-15.544121,0.0],[-72.583452,-15.54385,0.0],[-72.583172,-15.543846,0.0],[-72.583166,-15.544388,0.0],[-72.583445,-15.544392,0.0],[-72.583433,-15.545475,0.0],[-72.583712,-15.545478,0.0],[-72.583703,-15.546291,0.0],[-72.583982,-15.546295,0.0],[-72.583976,-15.546836,0.0],[-72.584255,-15.54684,0.0],[-72.584252,-15.547111,0.0],[-72.584532,-15.547114,0.0],[-72.584516,-15.548468,0.0],[-72.584795,-15.548472,0.0],[-72.584795,-15.548498,0.0],[-72.58491,-15.548427,0.0]],[[-72.589055,-15.542827,0.0],[-72.589051,-15.543098,0.0],[-72.588772,-15.543095,0.0],[-72.588775,-15.542824,0.0],[-72.589055,-15.542827,0.0]]]}},{"type":"Feature","properties":{"rgi_id":"RGI2000-v7.0-G-16-02614","o1region":"16"},"geometry":{"type":"Polygon","coordinates":[[[-72.593702,-15.545317,0.0],[-72.594159,-15.545684,0.0],[-72.59501,-15.546006,0.0],[-72.595362,-15.546868,0.0],[-72.595294,-15.548016,0.0],[-72.595162,-15.548992,0.0],[-72.595479,-15.55019,0.0],[-72.595942,-15.551242,0.0],[-72.596857,-15.551227,0.0],[-72.598685,-15.550968,0.0],[-72.60028,-15.550884,0.0],[-72.601409,-15.55121,0.0],[-72.603132,-15.551697,0.0],[-72.604969,-15.551954,0.0],[-72.605524,-15.552112,0.0],[-72.605708,-15.552165,0.0],[-72.605986,-15.551703,0.0],[-72.606313,-15.551044,0.0],[-72.606182,-15.550359,0.0],[-72.605702,-15.549908,0.0],[-72.605568,-15.549051,0.0],[-72.605667,-15.547903,0.0],[-72.606183,-15.546977,0.0],[-72.606261,-15.5467,0.0],[-72.605169,-15.546478,0.0],[-72.604455,-15.546203,0.0],[-72.603734,-15.545585,0.0],[-72.603109,-15.54481,0.0],[-72.602746,-15.544476,0.0],[-72.602153,-15.543032,0.0],[-72.60195,-15.541545,0.0],[-72.601338,-15.540351,0.0],[-72.59994,-15.538139,0.0],[-72.599449,-15.537115,0.0],[-72.59883,-15.535521,0.0],[-72.598921,-15.534804,0.0],[-72.598652,-15.534801,0.0],[-72.598656,-15.53453,0.0],[-72.598376,-15.534527,0.0],[-72.598382,-15.533985,0.0],[-72.598103,-15.533982,0.0],[-72.598106,-15.533711,0.0],[-72.597827,-15.533708,0.0],[-72.59783,-15.533437,0.0],[-72.59755,-15.533434,0.0],[-72.597556,-15.532892,0.0],[-72.597277,-15.532889,0.0],[-72.59728,-15.532618,0.0],[-72.597001,-15.532615,0.0],[-72.597004,-15.532344,0.0],[-72.596724,-15.532341,0.0],[-72.59673,-15.531799,0.0],[-72.596451,-15.531796,0.0],[-72.596457,-15.531254,0.0],[-72.596178,-15.531251,0.0],[-72.596181,-15.53098,0.0],[-72.595901,-15.530977,0.0],[-72.595905,-15.530706,0.0],[-72.595625,-15.530703,0.0],[-72.595622,-15.530974,0.0],[-72.594504,-15.530962,0.0],[-72.594501,-15.531233,0.0],[-72.593662,-15.531223,0.0],[-72.593656,-15.531765,0.0],[-72.593935,-15.531768,0.0],[-72.593929,-15.53231,0.0],[-72.594209,-15.532313,0.0],[-72.594196,-15.533397,0.0],[-72.593917,-15.533394,0.0],[-72.59392,-15.533123,0.0],[-72.592802,-15.533111,0.0],[-72.592795,-15.533653,0.0],[-72.592516,-15.53365,0.0],[-72.592513,-15.533921,0.0],[-72.592792,-15.533924,0.0],[-72.592786,-15.534466,0.0],[-72.593065,-15.534469,0.0],[-72.593059,-15.535011,0.0],[-72.593339,-15.535014,0.0],[-72.593332,-15.535556,0.0],[-72.593612,-15.535559,0.0],[-72.593609,-15.53583,0.0],[-72.593888,-15.535833,0.0],[-72.593882,-15.536375,0.0],[-72.594161,-15.536378,0.0],[-72.594152,-15.537191,0.0],[-72.594432,-15.537194,0.0],[-72.594419,-15.538278,0.0],[-72.594698,-15.538281,0.0],[-72.594695,-15.538552,0.0],[-72.594416,-15.538549,0.0],[-72.594384,-15.541259,0.0],[-72.594664,-15.541262,0.0],[-72.594658,-15.541804,0.0],[-72.594937,-15.541807,0.0],[-72.594928,-15.54262,0.0],[-72.594089,-15.542611,0.0],[-72.594092,-15.54234,0.0],[-72.593813,-15.542337,0.0],[-72.593819,-15.541795,0.0],[-72.593539,-15.541792,0.0],[-72.593543,-15.541521,0.0],[-72.593263,-15.541518,0.0],[-72.593269,-15.540976,0.0],[-72.59299,-15.540973,0.0],[-72.592996,-15.540431,0.0],[-72.592717,-15.540428,0.0],[-72.59272,-15.540157,0.0],[-72.59244,-15.540154,0.0],[-72.592447,-15.539612,0.0],[-72.592167,-15.539609,0.0],[-72.59217,-15.539338,0.0],[-72.591611,-15.539332,0.0],[-72.591608,-15.539603,0.0],[-72.591329,-15.539599,0.0],[-72.591325,-15.53987,0.0],[-72.591046,-15.539867,0.0],[-72.591043,-15.540138,0.0],[-72.591322,-15.540141,0.0],[-72.591306,-15.541496,0.0],[-72.591586,-15.541499,0.0],[-72.591583,-15.54177,0.0],[-72.591862,-15.541773,0.0],[-72.591859,-15.542044,0.0],[-72.592139,-15.542047,0.0],[-72.592136,-15.542318,0.0],[-72.592415,-15.542322,0.0],[-72.592409,-15.542863,0.0],[-72.592688,-15.542867,0.0],[-72.592685,-15.543138,0.0],[-72.592965,-15.543141,0.0],[-72.592955,-15.543954,0.0],[-72.593235,-15.543957,0.0],[-72.593232,-15.544228,0.0],[-72.593511,-15.544231,0.0],[-72.593508,-15.544502,0.0],[-72.593788,-15.544505,0.0],[-72.593778,-15.545318,0.0],[-72.593702,-15.545317,0.0]]]}},{"type":"Feature","properties":{"rgi_id":"RGI2000-v7.0-G-16-02615","o1region":"16"},"geometry":{"type":"Polygon","coordinates":[[[-72.59883,-15.535521,0.0],[-72.599449,-15.537115,0.0],[-72.59994,-15.538139,0.0],[-72.601338,-15.540351,0.0],[-72.60195,-15.541545,0.0],[-72.602153,-15.543032,0.0],[-72.602746,-15.544476,0.0],[-72.603109,-15.54481,0.0],[-72.603734,-15.545585,0.0],[-72.604455,-15.546203,0.0],[-72.605169,-15.546478,0.0],[-72.606261,-15.5467,0.0],[-72.606461,-15.545999,0.0],[-72.606182,-15.544952,0.0],[-72.606488,-15.544164,0.0],[-72.607185,-15.543465,0.0],[-72.607943,-15.542822,0.0],[-72.608398,-15.541783,0.0],[-72.608208,-15.541099,0.0],[-72.607787,-15.540647,0.0],[-72.607841,-15.54005,0.0],[-72.607817,-15.54005,0.0],[-72.607823,-15.539508,0.0],[-72.607544,-15.539505,0.0],[-72.607547,-15.539234,0.0],[-72.607826,-15.539237,0.0],[-72.607836,-15.538424,0.0],[-72.608115,-15.538427,0.0],[-72.608118,-15.538156,0.0],[-72.608398,-15.538159,0.0],[-72.608404,-15.537617,0.0],[-72.608684,-15.53762,0.0],[-72.60869,-15.537078,0.0],[-72.608969,-15.537081,0.0],[-72.608976,-15.536539,0.0],[-72.609255,-15.536542,0.0],[-72.609258,-15.536271,0.0],[-72.609538,-15.536274,0.0],[-72.609544,-15.535732,0.0],[-72.609824,-15.535735,0.0],[-72.60983,-15.535193,0.0],[-72.610109,-15.535197,0.0],[-72.610119,-15.534384,0.0],[-72.609839,-15.534381,0.0],[-72.609845,-15.533839,0.0],[-72.610125,-15.533842,0.0],[-72.610134,-15.533029,0.0],[-72.609855,-15.533026,0.0],[-72.609861,-15.532484,0.0],[-72.609582,-15.532481,0.0],[-72.609585,-15.53221,0.0],[-72.608467,-15.532197,0.0],[-72.608464,-15.532468,0.0],[-72.607905,-15.532462,0.0],[-72.607901,-15.532733,0.0],[-72.607622,-15.53273,0.0],[-72.607619,-15.533001,0.0],[-72.607339,-15.532998,0.0],[-72.607336,-15.533269,0.0],[-72.606777,-15.533263,0.0],[-72.606774,-15.533534,0.0],[-72.606215,-15.533528,0.0],[-72.606218,-15.533257,0.0],[-72.60538,-15.533248,0.0],[-72.605376,-15.533519,0.0],[-72.605097,-15.533516,0.0],[-72.605094,-15.533787,0.0],[-72.604814,-15.533784,0.0],[-72.604811,-15.534055,0.0],[-72.604532,-15.534052,0.0],[-72.604525,-15.534594,0.0],[-72.604246,-15.534591,0.0],[-72.604243,-15.534862,0.0],[-72.603963,-15.534859,0.0],[-72.603973,-15.534046,0.0],[-72.604252,-15.534049,0.0],[-72.604268,-15.532694,0.0],[-72.603988,-15.532691,0.0],[-72.603995,-15.532149,0.0],[-72.603715,-15.532146,0.0],[-72.603718,-15.531875,0.0],[-72.603439,-15.531872,0.0],[-72.603436,-15.532143,0.0],[-72.603156,-15.53214,0.0],[-72.603153,-15.532411,0.0],[-72.602873,-15.532408,0.0],[-72.60287,-15.532679,0.0],[-72.602591,-15.532676,0.0],[-72.602588,-15.532947,0.0],[-72.602308,-15.532944,0.0],[-72.602302,-15.533486,0.0],[-72.601743,-15.53348,0.0],[-72.601746,-15.533209,0.0],[-72.601187,-15.533203,0.0],[-72.601184,-15.533474,0.0],[-72.600904,-15.53347,0.0],[-72.600898,-15.534012,0.0],[-72.600339,-15.534006,0.0],[-72.600342,-15.533735,0.0],[-72.599504,-15.533726,0.0],[-72.599494,-15.534539,0.0],[-72.599215,-15.534536,0.0],[-72.599212,-15.534807,0.0],[-72.598921,-15.534804,0.0],[-72.59883,-15.535521,0.0]],[[-72.601674,-15.539441,0.0],[-72.601953,-15.539444,0.0],[-72.601947,-15.539986,0.0],[-72.601668,-15.539983,0.0],[-72.601671,-15.539712,0.0],[-72.601391,-15.539709,0.0],[-72.601401,-15.538896,0.0],[-72.60168,-15.538899,0.0],[-72.601674,-15.539441,0.0]],[[-72.60249,-15.541347,0.0],[-72.602484,-15.541889,0.0],[-72.602205,-15.541886,0.0],[-72.602211,-15.541344,0.0],[-72.60249,-15.541347,0.0]],[[-72.601931,-15.541341,0.0],[-72.601944,-15.540257,0.0],[-72.602223,-15.54026,0.0],[-72.602211,-15.541344,0.0],[-72.601931,-15.541341,0.0]]]}},{"type":"Feature","properties":{"rgi_id":"RGI2000-v7.0-G-16-02616","o1region":"16"},"geometry":{"type":"Polygon","coordinates":[[[-72.618159,-15.540162,0.0],[-72.618439,-15.540165,0.0],[-72.618445,-15.539623,0.0],[-72.618724,-15.539626,0.0],[-72.618728,-15.539355,0.0],[-72.618448,-15.539352,0.0],[-72.618454,-15.53881,0.0],[-72.61853,-15.538811,0.0],[-72.618294,-15.53859,0.0],[-72.61815,-15.538265,0.0],[-72.617622,-15.538259,0.0],[-72.617631,-15.537446,0.0],[-72.617911,-15.537449,0.0],[-72.61792,-15.536636,0.0],[-72.616802,-15.536624,0.0],[-72.616805,-15.536353,0.0],[-72.616526,-15.53635,0.0],[-72.616529,-15.536079,0.0],[-72.61597,-15.536073,0.0],[-72.615967,-15.536344,0.0],[-72.615687,-15.536341,0.0],[-72.615684,-15.536612,0.0],[-72.615405,-15.536609,0.0],[-72.615401,-15.53688,0.0],[-72.614004,-15.536865,0.0],[-72.614001,-15.537136,0.0],[-72.613442,-15.53713,0.0],[-72.613439,-15.537401,0.0],[-72.613159,-15.537398,0.0],[-72.613156,-15.537669,0.0],[-72.612876,-15.537666,0.0],[-72.61287,-15.538208,0.0],[-72.612591,-15.538205,0.0],[-72.612584,-15.538747,0.0],[-72.612305,-15.538744,0.0],[-72.612302,-15.539015,0.0],[-72.612022,-15.539012,0.0],[-72.612019,-15.539283,0.0],[-72.61146,-15.539276,0.0],[-72.611469,-15.538464,0.0],[-72.61119,-15.53846,0.0],[-72.611187,-15.538731,0.0],[-72.610907,-15.538728,0.0],[-72.610904,-15.538999,0.0],[-72.610625,-15.538996,0.0],[-72.610622,-15.539267,0.0],[-72.610062,-15.539261,0.0],[-72.610056,-15.539803,0.0],[-72.609777,-15.5398,0.0],[-72.609774,-15.540071,0.0],[-72.609494,-15.540068,0.0],[-72.609491,-15.540339,0.0],[-72.608932,-15.540333,0.0],[-72.608935,-15.540062,0.0],[-72.608376,-15.540056,0.0],[-72.608379,-15.539785,0.0],[-72.6081,-15.539782,0.0],[-72.608096,-15.540053,0.0],[-72.607841,-15.54005,0.0],[-72.607787,-15.540647,0.0],[-72.608208,-15.541099,0.0],[-72.608398,-15.541783,0.0],[-72.607943,-15.542822,0.0],[-72.607185,-15.543465,0.0],[-72.606488,-15.544164,0.0],[-72.606182,-15.544952,0.0],[-72.606461,-15.545999,0.0],[-72.606261,-15.5467,0.0],[-72.606183,-15.546977,0.0],[-72.605667,-15.547903,0.0],[-72.605568,-15.549051,0.0],[-72.605702,-15.549908,0.0],[-72.606182,-15.550359,0.0],[-72.606313,-15.551044,0.0],[-72.605986,-15.551703,0.0],[-72.605708,-15.552165,0.0],[-72.605919,-15.552225,0.0],[-72.606829,-15.553528,0.0],[-72.60779,-15.554429,0.0],[-72.610048,-15.55508,0.0],[-72.611413,-15.555344,0.0],[-72.612654,-15.555324,0.0],[-72.613358,-15.555026,0.0],[-72.61388,-15.554444,0.0],[-72.614586,-15.554196,0.0],[-72.615532,-15.554276,0.0],[-72.617444,-15.555388,0.0],[-72.619759,-15.555923,0.0],[-72.621185,-15.556358,0.0],[-72.623321,-15.556782,0.0],[-72.624167,-15.557799,0.0],[-72.625371,-15.55904,0.0],[-72.626463,-15.559765,0.0],[-72.627999,-15.559782,0.0],[-72.627995,-15.56007,0.0],[-72.629108,-15.559781,0.0],[-72.630048,-15.559422,0.0],[-72.631284,-15.559115,0.0],[-72.63311,-15.558741,0.0],[-72.634206,-15.557175,0.0],[-72.634826,-15.555446,0.0],[-72.634983,-15.554297,0.0],[-72.635966,-15.55302,0.0],[-72.636016,-15.552956,0.0],[-72.633338,-15.551517,0.0],[-72.632196,-15.550447,0.0],[-72.631344,-15.549086,0.0],[-72.630376,-15.547783,0.0],[-72.630177,-15.546583,0.0],[-72.629529,-15.545976,0.0],[-72.628995,-15.54597,0.0],[-72.628999,-15.545699,0.0],[-72.628719,-15.545696,0.0],[-72.628722,-15.545425,0.0],[-72.628443,-15.545422,0.0],[-72.628446,-15.545151,0.0],[-72.628166,-15.545148,0.0],[-72.628169,-15.544877,0.0],[-72.62789,-15.544874,0.0],[-72.627893,-15.544603,0.0],[-72.627613,-15.5446,0.0],[-72.62762,-15.544058,0.0],[-72.62734,-15.544055,0.0],[-72.627343,-15.543784,0.0],[-72.627064,-15.543781,0.0],[-72.627067,-15.54351,0.0],[-72.626787,-15.543507,0.0],[-72.62679,-15.543236,0.0],[-72.626511,-15.543233,0.0],[-72.626514,-15.542962,0.0],[-72.626234,-15.542959,0.0],[-72.626241,-15.542417,0.0],[-72.625961,-15.542414,0.0],[-72.625964,-15.542143,0.0],[-72.625685,-15.54214,0.0],[-72.625688,-15.541869,0.0],[-72.625408,-15.541866,0.0],[-72.625414,-15.541324,0.0],[-72.625135,-15.541321,0.0],[-72.625181,-15.537257,0.0],[-72.624902,-15.537253,0.0],[-72.624914,-15.53617,0.0],[-72.624635,-15.536167,0.0],[-72.624647,-15.535083,0.0],[-72.624547,-15.535081,0.0],[-72.624571,-15.534704,0.0],[-72.623918,-15.533378,0.0],[-72.622873,-15.532211,0.0],[-72.622234,-15.531724,0.0],[-72.621402,-15.531509,0.0],[-72.620852,-15.531594,0.0],[-72.620415,-15.531372,0.0],[-72.620217,-15.531344,0.0],[-72.620219,-15.531241,0.0],[-72.61966,-15.531234,0.0],[-72.619656,-15.531505,0.0],[-72.619377,-15.531502,0.0],[-72.619374,-15.531773,0.0],[-72.619094,-15.53177,0.0],[-72.619088,-15.532312,0.0],[-72.618809,-15.532309,0.0],[-72.618805,-15.53258,0.0],[-72.619085,-15.532583,0.0],[-72.619072,-15.533667,0.0],[-72.618793,-15.533664,0.0],[-72.61879,-15.533935,0.0],[-72.619069,-15.533938,0.0],[-72.619057,-15.535022,0.0],[-72.619336,-15.535025,0.0],[-72.619305,-15.537735,0.0],[-72.619585,-15.537738,0.0],[-72.619579,-15.53828,0.0],[-72.619299,-15.538277,0.0],[-72.619293,-15.538819,0.0],[-72.619572,-15.538822,0.0],[-72.619554,-15.540448,0.0],[-72.618715,-15.540439,0.0],[-72.618712,-15.54071,0.0],[-72.618153,-15.540704,0.0],[-72.618159,-15.540162,0.0]],[[-72.61815,-15.540975,0.0],[-72.61787,-15.540972,0.0],[-72.617873,-15.540701,0.0],[-72.618153,-15.540704,0.0],[-72.61815,-15.540975,0.0]]]}},{"type":"Feature","properties":{"rgi_id":"RGI2000-v7.0-G-16-02617","o1region":"16"},"geometry":{"type":"Polygon","coordinates":[[[-72.602815,-15.56764,0.0],[-72.603025,-15.567642,0.0],[-72.603021,-15.567913,0.0],[-72.603301,-15.567916,0.0],[-72.603295,-15.568458,0.0],[-72.603854,-15.568464,0.0],[-72.603851,-15.568735,0.0],[-72.60413,-15.568738,0.0],[-72.604099,-15.571448,0.0],[-72.603819,-15.571445,0.0],[-72.60381,-15.572258,0.0],[-72.60353,-15.572255,0.0],[-72.603524,-15.572797,0.0],[-72.604083,-15.572803,0.0],[-72.60408,-15.573074,0.0],[-72.604919,-15.573083,0.0],[-72.604912,-15.573625,0.0],[-72.605192,-15.573628,0.0],[-72.605176,-15.574983,0.0],[-72.605456,-15.574986,0.0],[-72.60545,-15.575528,0.0],[-72.606009,-15.575534,0.0],[-72.606012,-15.575263,0.0],[-72.606291,-15.575266,0.0],[-72.606288,-15.575537,0.0],[-72.606746,-15.575542,0.0],[-72.607123,-15.575873,0.0],[-72.607228,-15.576089,0.0],[-72.607396,-15.57644,0.0],[-72.60749,-15.576634,0.0],[-72.607674,-15.576636,0.0],[-72.60767,-15.576907,0.0],[-72.60795,-15.57691,0.0],[-72.607944,-15.577452,0.0],[-72.608223,-15.577455,0.0],[-72.608214,-15.578268,0.0],[-72.608494,-15.578271,0.0],[-72.60849,-15.578542,0.0],[-72.60877,-15.578545,0.0],[-72.608767,-15.578816,0.0],[-72.609326,-15.578822,0.0],[-72.609329,-15.578551,0.0],[-72.609888,-15.578557,0.0],[-72.609885,-15.578828,0.0],[-72.610165,-15.578831,0.0],[-72.610158,-15.579373,0.0],[-72.610718,-15.579379,0.0],[-72.610725,-15.578758,0.0],[-72.611059,-15.577871,0.0],[-72.611425,-15.57626,0.0],[-72.611515,-15.574654,0.0],[-72.611457,-15.573967,0.0],[-72.611619,-15.573969,0.0],[-72.611628,-15.573156,0.0],[-72.611908,-15.573159,0.0],[-72.611917,-15.572346,0.0],[-72.612197,-15.572349,0.0],[-72.6122,-15.572078,0.0],[-72.612479,-15.572081,0.0],[-72.612483,-15.57181,0.0],[-72.612762,-15.571813,0.0],[-72.61279,-15.569374,0.0],[-72.61307,-15.569377,0.0],[-72.613067,-15.569648,0.0],[-72.613346,-15.569651,0.0],[-72.613324,-15.571548,0.0],[-72.613045,-15.571545,0.0],[-72.613026,-15.573171,0.0],[-72.612747,-15.573168,0.0],[-72.612734,-15.574252,0.0],[-72.613573,-15.574261,0.0],[-72.613557,-15.575616,0.0],[-72.613837,-15.575619,0.0],[-72.613827,-15.576432,0.0],[-72.614107,-15.576435,0.0],[-72.614091,-15.57779,0.0],[-72.614371,-15.577793,0.0],[-72.614361,-15.578606,0.0],[-72.614641,-15.578609,0.0],[-72.614616,-15.580777,0.0],[-72.615175,-15.580783,0.0],[-72.615178,-15.580512,0.0],[-72.615458,-15.580515,0.0],[-72.615461,-15.580244,0.0],[-72.61574,-15.580247,0.0],[-72.615744,-15.579976,0.0],[-72.616303,-15.579982,0.0],[-72.6163,-15.580253,0.0],[-72.616579,-15.580256,0.0],[-72.616589,-15.579443,0.0],[-72.616868,-15.579446,0.0],[-72.616874,-15.578904,0.0],[-72.617154,-15.578907,0.0],[-72.61716,-15.578365,0.0],[-72.61744,-15.578368,0.0],[-72.617443,-15.578097,0.0],[-72.617723,-15.5781,0.0],[-72.617735,-15.577016,0.0],[-72.618015,-15.577019,0.0],[-72.61803,-15.575664,0.0],[-72.617751,-15.575661,0.0],[-72.61776,-15.574848,0.0],[-72.61748,-15.574845,0.0],[-72.617505,-15.572678,0.0],[-72.617226,-15.572674,0.0],[-72.617232,-15.572133,0.0],[-72.617512,-15.572136,0.0],[-72.617524,-15.571052,0.0],[-72.617804,-15.571055,0.0],[-72.617807,-15.570784,0.0],[-72.618086,-15.570787,0.0],[-72.618093,-15.570245,0.0],[-72.618372,-15.570248,0.0],[-72.618375,-15.569977,0.0],[-72.618655,-15.56998,0.0],[-72.618661,-15.569438,0.0],[-72.618941,-15.569441,0.0],[-72.618944,-15.56917,0.0],[-72.619223,-15.569173,0.0],[-72.619236,-15.568089,0.0],[-72.619515,-15.568092,0.0],[-72.619525,-15.567279,0.0],[-72.619804,-15.567282,0.0],[-72.619814,-15.566469,0.0],[-72.620093,-15.566472,0.0],[-72.620096,-15.566201,0.0],[-72.620655,-15.566207,0.0],[-72.620652,-15.566478,0.0],[-72.620932,-15.566481,0.0],[-72.620929,-15.566752,0.0],[-72.621208,-15.566755,0.0],[-72.621215,-15.566213,0.0],[-72.621494,-15.566216,0.0],[-72.621507,-15.565132,0.0],[-72.621786,-15.565135,0.0],[-72.621789,-15.564864,0.0],[-72.622069,-15.564867,0.0],[-72.622072,-15.564596,0.0],[-72.622351,-15.564599,0.0],[-72.622358,-15.564057,0.0],[-72.622917,-15.564063,0.0],[-72.622904,-15.565147,0.0],[-72.622625,-15.565144,0.0],[-72.622619,-15.565686,0.0],[-72.622339,-15.565683,0.0],[-72.622299,-15.569206,0.0],[-72.622578,-15.569209,0.0],[-72.622534,-15.573003,0.0],[-72.622814,-15.573006,0.0],[-72.622798,-15.574361,0.0],[-72.623078,-15.574364,0.0],[-72.623075,-15.574635,0.0],[-72.623634,-15.574641,0.0],[-72.623653,-15.573015,0.0],[-72.623932,-15.573018,0.0],[-72.623939,-15.572476,0.0],[-72.623659,-15.572473,0.0],[-72.623678,-15.570847,0.0],[-72.623957,-15.57085,0.0],[-72.623963,-15.570308,0.0],[-72.624243,-15.570311,0.0],[-72.624265,-15.568414,0.0],[-72.624544,-15.568417,0.0],[-72.624551,-15.567875,0.0],[-72.62483,-15.567878,0.0],[-72.624833,-15.567607,0.0],[-72.625113,-15.56761,0.0],[-72.625119,-15.567068,0.0],[-72.625399,-15.567071,0.0],[-72.625408,-15.566258,0.0],[-72.625688,-15.566261,0.0],[-72.625694,-15.565719,0.0],[-72.625973,-15.565722,0.0],[-72.62598,-15.56518,0.0],[-72.626259,-15.565183,0.0],[-72.626253,-15.565725,0.0],[-72.626532,-15.565728,0.0],[-72.626542,-15.564915,0.0],[-72.626821,-15.564919,0.0],[-72.626849,-15.56248,0.0],[-72.62657,-15.562477,0.0],[-72.626576,-15.561935,0.0],[-72.626855,-15.561938,0.0],[-72.626859,-15.561667,0.0],[-72.626579,-15.561664,0.0],[-72.626582,-15.561393,0.0],[-72.626303,-15.56139,0.0],[-72.626312,-15.560577,0.0],[-72.626032,-15.560574,0.0],[-72.626039,-15.560032,0.0],[-72.626318,-15.560035,0.0],[-72.626321,-15.559764,0.0],[-72.626463,-15.559765,0.0],[-72.625371,-15.55904,0.0],[-72.624167,-15.557799,0.0],[-72.623321,-15.556782,0.0],[-72.621185,-15.556358,0.0],[-72.619759,-15.555923,0.0],[-72.617444,-15.555388,0.0],[-72.615532,-15.554276,0.0],[-72.614586,-15.554196,0.0],[-72.61388,-15.554444,0.0],[-72.613358,-15.555026,0.0],[-72.612654,-15.555324,0.0],[-72.611413,-15.555344,0.0],[-72.610048,-15.55508,0.0],[-72.60779,-15.554429,0.0],[-72.606829,-15.553528,0.0],[-72.605919,-15.552225,0.0],[-72.605708,-15.552165,0.0],[-72.605524,-15.552112,0.0],[-72.605303,-15.553348,0.0],[-72.605562,-15.554642,0.0],[-72.605866,-15.556204,0.0],[-72.605968,-15.557578,0.0],[-72.606066,-15.558646,0.0],[-72.606431,-15.559251,0.0],[-72.606209,-15.560095,0.0],[-72.605552,-15.560832,0.0],[-72.6049,-15.561836,0.0],[-72.604059,-15.56334,0.0],[-72.60349,-15.56461,0.0],[-72.603113,-15.565648,0.0],[-72.602817,-15.566723,0.0],[-72.602815,-15.56764,0.0]],[[-72.608622,-15.567161,0.0],[-72.608625,-15.56689,0.0],[-72.608905,-15.566893,0.0],[-72.608908,-15.566622,0.0],[-72.609467,-15.566628,0.0],[-72.60947,-15.566357,0.0],[-72.610029,-15.566363,0.0],[-72.610023,-15.566905,0.0],[-72.610302,-15.566908,0.0],[-72.610293,-15.567721,0.0],[-72.610014,-15.567718,0.0],[-72.609998,-15.569073,0.0],[-72.610062,-15.569074,0.0],[-72.609995,-15.569344,0.0],[-72.609648,-15.569298,0.0],[-72.609158,-15.569207,0.0],[-72.609162,-15.568793,0.0],[-72.608883,-15.56879,0.0],[-72.608886,-15.568519,0.0],[-72.608606,-15.568516,0.0],[-72.608613,-15.567974,0.0],[-72.608333,-15.567971,0.0],[-72.608342,-15.567158,0.0],[-72.608622,-15.567161,0.0]],[[-72.612605,-15.561242,0.0],[-72.613443,-15.561251,0.0],[-72.613434,-15.562064,0.0],[-72.613154,-15.562061,0.0],[-72.613157,-15.56179,0.0],[-72.612598,-15.561784,0.0],[-72.612605,-15.561242,0.0]],[[-72.62456,-15.567062,0.0],[-72.624557,-15.567333,0.0],[-72.623998,-15.567327,0.0],[-72.624001,-15.567056,0.0],[-72.62456,-15.567062,0.0]]]}},{"type":"Feature","properties":{"rgi_id":"RGI2000-v7.0-G-16-02618","o1region":"16"},"geometry":{"type":"Polygon","coordinates":[[[-72.636016,-15.552956,0.0],[-72.635966,-15.55302,0.0],[-72.634983,-15.554297,0.0],[-72.634826,-15.555446,0.0],[-72.634206,-15.557175,0.0],[-72.63311,-15.558741,0.0],[-72.631284,-15.559115,0.0],[-72.630048,-15.559422,0.0],[-72.629108,-15.559781,0.0],[-72.627995,-15.56007,0.0],[-72.627992,-15.560324,0.0],[-72.628272,-15.560327,0.0],[-72.628269,-15.560598,0.0],[-72.628548,-15.560601,0.0],[-72.628545,-15.560872,0.0],[-72.628825,-15.560875,0.0],[-72.6288,-15.563043,0.0],[-72.62852,-15.56304,0.0],[-72.628492,-15.565479,0.0],[-72.628213,-15.565476,0.0],[-72.628191,-15.567372,0.0],[-72.628471,-15.567375,0.0],[-72.628443,-15.569814,0.0],[-72.628722,-15.569817,0.0],[-72.628719,-15.570088,0.0],[-72.628999,-15.570091,0.0],[-72.628993,-15.570633,0.0],[-72.629272,-15.570636,0.0],[-72.629266,-15.571178,0.0],[-72.628986,-15.571175,0.0],[-72.628974,-15.572259,0.0],[-72.629253,-15.572262,0.0],[-72.62925,-15.572533,0.0],[-72.62953,-15.572536,0.0],[-72.629527,-15.572807,0.0],[-72.630086,-15.572813,0.0],[-72.630083,-15.573084,0.0],[-72.630362,-15.573087,0.0],[-72.630359,-15.573358,0.0],[-72.630639,-15.573361,0.0],[-72.630642,-15.57309,0.0],[-72.630922,-15.573093,0.0],[-72.630925,-15.572822,0.0],[-72.631204,-15.572825,0.0],[-72.631214,-15.572012,0.0],[-72.631493,-15.572015,0.0],[-72.631499,-15.571473,0.0],[-72.63122,-15.57147,0.0],[-72.631229,-15.570657,0.0],[-72.630949,-15.570654,0.0],[-72.630953,-15.570383,0.0],[-72.630673,-15.57038,0.0],[-72.630685,-15.569297,0.0],[-72.631524,-15.569306,0.0],[-72.631527,-15.569035,0.0],[-72.631807,-15.569038,0.0],[-72.631804,-15.569309,0.0],[-72.632083,-15.569312,0.0],[-72.63208,-15.569583,0.0],[-72.63236,-15.569586,0.0],[-72.632347,-15.57067,0.0],[-72.632627,-15.570673,0.0],[-72.632621,-15.571214,0.0],[-72.6329,-15.571218,0.0],[-72.632872,-15.573656,0.0],[-72.633152,-15.573659,0.0],[-72.633124,-15.576098,0.0],[-72.633404,-15.576101,0.0],[-72.633405,-15.575975,0.0],[-72.633612,-15.575971,0.0],[-72.6338,-15.575471,0.0],[-72.634269,-15.575273,0.0],[-72.634458,-15.574811,0.0],[-72.634647,-15.574311,0.0],[-72.634795,-15.573812,0.0],[-72.63511,-15.573601,0.0],[-72.635106,-15.573951,0.0],[-72.636224,-15.573963,0.0],[-72.636218,-15.574505,0.0],[-72.636497,-15.574508,0.0],[-72.636485,-15.575592,0.0],[-72.636765,-15.575595,0.0],[-72.636758,-15.576137,0.0],[-72.637038,-15.57614,0.0],[-72.637029,-15.576953,0.0],[-72.637308,-15.576956,0.0],[-72.637299,-15.577769,0.0],[-72.637579,-15.577772,0.0],[-72.637572,-15.578314,0.0],[-72.637852,-15.578317,0.0],[-72.63784,-15.579401,0.0],[-72.638119,-15.579404,0.0],[-72.638113,-15.579946,0.0],[-72.638393,-15.579949,0.0],[-72.638389,-15.58022,0.0],[-72.638949,-15.580226,0.0],[-72.638942,-15.580768,0.0],[-72.639222,-15.580771,0.0],[-72.639216,-15.581313,0.0],[-72.639495,-15.581316,0.0],[-72.639489,-15.581858,0.0],[-72.639769,-15.581861,0.0],[-72.639756,-15.582945,0.0],[-72.640036,-15.582948,0.0],[-72.640024,-15.584032,0.0],[-72.640303,-15.584035,0.0],[-72.640294,-15.584848,0.0],[-72.640573,-15.584851,0.0],[-72.640567,-15.585393,0.0],[-72.640847,-15.585396,0.0],[-72.640853,-15.584854,0.0],[-72.641133,-15.584857,0.0],[-72.641145,-15.583773,0.0],[-72.641425,-15.583776,0.0],[-72.641434,-15.582963,0.0],[-72.641713,-15.582966,0.0],[-72.641751,-15.579714,0.0],[-72.641471,-15.579711,0.0],[-72.641486,-15.578356,0.0],[-72.641766,-15.578359,0.0],[-72.641772,-15.577817,0.0],[-72.641493,-15.577814,0.0],[-72.641511,-15.576188,0.0],[-72.641232,-15.576185,0.0],[-72.641238,-15.575643,0.0],[-72.640958,-15.57564,0.0],[-72.641017,-15.570492,0.0],[-72.641297,-15.570495,0.0],[-72.6413,-15.570224,0.0],[-72.641579,-15.570227,0.0],[-72.641585,-15.569685,0.0],[-72.641865,-15.569688,0.0],[-72.641914,-15.565352,0.0],[-72.642151,-15.565354,0.0],[-72.64223,-15.56437,0.0],[-72.642188,-15.561963,0.0],[-72.642439,-15.560584,0.0],[-72.642618,-15.559549,0.0],[-72.64305,-15.557212,0.0],[-72.64384,-15.555097,0.0],[-72.644122,-15.55322,0.0],[-72.644439,-15.551037,0.0],[-72.644342,-15.549346,0.0],[-72.643999,-15.549277,0.0],[-72.643277,-15.548601,0.0],[-72.642509,-15.548666,0.0],[-72.64082,-15.549747,0.0],[-72.638931,-15.55022,0.0],[-72.637854,-15.550912,0.0],[-72.636602,-15.552207,0.0],[-72.636016,-15.552956,0.0]]]}},{"type":"Feature","properties":{"rgi_id":"RGI2000-v7.0-G-16-02619","o1region":"16"},"geometry":{"type":"Polygon","coordinates":[[[-72.644439,-15.551037,0.0],[-72.644122,-15.55322,0.0],[-72.64384,-15.555097,0.0],[-72.64305,-15.557212,0.0],[-72.642618,-15.559549,0.0],[-72.642439,-15.560584,0.0],[-72.642188,-15.561963,0.0],[-72.64223,-15.56437,0.0],[-72.642151,-15.565354,0.0],[-72.642194,-15.565355,0.0],[-72.642191,-15.565626,0.0],[-72.64247,-15.565629,0.0],[-72.642467,-15.5659,0.0],[-72.642747,-15.565903,0.0],[-72.642741,-15.566445,0.0],[-72.64302,-15.566448,0.0],[-72.642992,-15.568887,0.0],[-72.643272,-15.56889,0.0],[-72.643266,-15.569432,0.0],[-72.643545,-15.569435,0.0],[-72.643542,-15.569706,0.0],[-72.643263,-15.569703,0.0],[-72.64325,-15.570787,0.0],[-72.642971,-15.570784,0.0],[-72.642968,-15.571055,0.0],[-72.643247,-15.571058,0.0],[-72.643229,-15.572683,0.0],[-72.643508,-15.572686,0.0],[-72.643505,-15.572957,0.0],[-72.643785,-15.57296,0.0],[-72.643788,-15.572689,0.0],[-72.644347,-15.572695,0.0],[-72.644341,-15.573237,0.0],[-72.64462,-15.57324,0.0],[-72.644617,-15.573511,0.0],[-72.644338,-15.573508,0.0],[-72.644335,-15.573779,0.0],[-72.644614,-15.573782,0.0],[-72.644602,-15.574866,0.0],[-72.644882,-15.574869,0.0],[-72.644878,-15.57514,0.0],[-72.645438,-15.575146,0.0],[-72.645435,-15.575417,0.0],[-72.645714,-15.57542,0.0],[-72.645708,-15.575962,0.0],[-72.645987,-15.575965,0.0],[-72.645981,-15.576507,0.0],[-72.646261,-15.57651,0.0],[-72.646252,-15.577323,0.0],[-72.646531,-15.577326,0.0],[-72.64651,-15.579223,0.0],[-72.646789,-15.579226,0.0],[-72.646792,-15.578955,0.0],[-72.647072,-15.578958,0.0],[-72.647075,-15.578687,0.0],[-72.647355,-15.57869,0.0],[-72.647348,-15.579232,0.0],[-72.647069,-15.579229,0.0],[-72.647056,-15.580313,0.0],[-72.647336,-15.580316,0.0],[-72.647333,-15.580587,0.0],[-72.647613,-15.58059,0.0],[-72.647606,-15.581132,0.0],[-72.647886,-15.581135,0.0],[-72.647883,-15.581406,0.0],[-72.648162,-15.581409,0.0],[-72.648166,-15.581138,0.0],[-72.648445,-15.581141,0.0],[-72.648457,-15.580057,0.0],[-72.648737,-15.58006,0.0],[-72.64874,-15.579789,0.0],[-72.64902,-15.579792,0.0],[-72.649023,-15.579521,0.0],[-72.649302,-15.579524,0.0],[-72.649312,-15.578711,0.0],[-72.649591,-15.578714,0.0],[-72.6496,-15.577901,0.0],[-72.64988,-15.577904,0.0],[-72.649886,-15.577362,0.0],[-72.650445,-15.577368,0.0],[-72.650448,-15.577097,0.0],[-72.650728,-15.5771,0.0],[-72.650737,-15.576287,0.0],[-72.650458,-15.576284,0.0],[-72.650476,-15.574658,0.0],[-72.650756,-15.574661,0.0],[-72.650765,-15.573848,0.0],[-72.651044,-15.573851,0.0],[-72.651048,-15.57358,0.0],[-72.652166,-15.573592,0.0],[-72.65215,-15.574947,0.0],[-72.65271,-15.574953,0.0],[-72.652722,-15.573869,0.0],[-72.653002,-15.573872,0.0],[-72.653005,-15.573601,0.0],[-72.652725,-15.573598,0.0],[-72.652728,-15.573327,0.0],[-72.652449,-15.573324,0.0],[-72.652461,-15.57224,0.0],[-72.65274,-15.572243,0.0],[-72.652743,-15.571972,0.0],[-72.653023,-15.571975,0.0],[-72.65302,-15.572246,0.0],[-72.6533,-15.572249,0.0],[-72.653306,-15.571707,0.0],[-72.653585,-15.57171,0.0],[-72.653588,-15.571439,0.0],[-72.653868,-15.571442,0.0],[-72.653865,-15.571713,0.0],[-72.654144,-15.571716,0.0],[-72.654141,-15.571987,0.0],[-72.65498,-15.571996,0.0],[-72.654965,-15.573351,0.0],[-72.655244,-15.573354,0.0],[-72.655247,-15.573083,0.0],[-72.655806,-15.573089,0.0],[-72.6558,-15.573631,0.0],[-72.65608,-15.573634,0.0],[-72.656071,-15.574447,0.0],[-72.65663,-15.574453,0.0],[-72.656627,-15.574724,0.0],[-72.656906,-15.574727,0.0],[-72.656909,-15.574456,0.0],[-72.657469,-15.574462,0.0],[-72.657466,-15.574733,0.0],[-72.657745,-15.574736,0.0],[-72.657742,-15.575007,0.0],[-72.658022,-15.57501,0.0],[-72.658019,-15.575281,0.0],[-72.658298,-15.575284,0.0],[-72.658295,-15.575555,0.0],[-72.658575,-15.575558,0.0],[-72.658568,-15.5761,0.0],[-72.658848,-15.576103,0.0],[-72.658842,-15.576645,0.0],[-72.659121,-15.576648,0.0],[-72.659118,-15.576919,0.0],[-72.659678,-15.576924,0.0],[-72.659675,-15.577195,0.0],[-72.659954,-15.577198,0.0],[-72.659948,-15.57774,0.0],[-72.660507,-15.577746,0.0],[-72.660504,-15.578017,0.0],[-72.660784,-15.57802,0.0],[-72.660781,-15.578291,0.0],[-72.66106,-15.578294,0.0],[-72.661057,-15.578565,0.0],[-72.661337,-15.578568,0.0],[-72.661331,-15.57911,0.0],[-72.66161,-15.579113,0.0],[-72.661604,-15.579655,0.0],[-72.661884,-15.579658,0.0],[-72.66188,-15.579929,0.0],[-72.66216,-15.579932,0.0],[-72.662157,-15.580203,0.0],[-72.662437,-15.580206,0.0],[-72.662443,-15.579664,0.0],[-72.662722,-15.579667,0.0],[-72.662741,-15.578041,0.0],[-72.662461,-15.578038,0.0],[-72.662467,-15.577496,0.0],[-72.662188,-15.577493,0.0],[-72.662194,-15.576951,0.0],[-72.661914,-15.576948,0.0],[-72.66192,-15.576406,0.0],[-72.661641,-15.576403,0.0],[-72.661647,-15.575861,0.0],[-72.661367,-15.575858,0.0],[-72.66137,-15.575587,0.0],[-72.661091,-15.575584,0.0],[-72.661097,-15.575042,0.0],[-72.660817,-15.575039,0.0],[-72.66082,-15.574768,0.0],[-72.660541,-15.574765,0.0],[-72.66055,-15.573952,0.0],[-72.66027,-15.573949,0.0],[-72.660277,-15.573407,0.0],[-72.659997,-15.573404,0.0],[-72.66,-15.573133,0.0],[-72.659721,-15.573131,0.0],[-72.659727,-15.572589,0.0],[-72.659447,-15.572586,0.0],[-72.659453,-15.572044,0.0],[-72.659174,-15.572041,0.0],[-72.65918,-15.571499,0.0],[-72.6589,-15.571496,0.0],[-72.658903,-15.571225,0.0],[-72.658624,-15.571222,0.0],[-72.65863,-15.57068,0.0],[-72.658909,-15.570683,0.0],[-72.658928,-15.569057,0.0],[-72.659487,-15.569063,0.0],[-72.65949,-15.568792,0.0],[-72.65977,-15.568795,0.0],[-72.659782,-15.567711,0.0],[-72.660061,-15.567714,0.0],[-72.660058,-15.567985,0.0],[-72.660338,-15.567988,0.0],[-72.660329,-15.568801,0.0],[-72.660608,-15.568804,0.0],[-72.660587,-15.5707,0.0],[-72.660866,-15.570703,0.0],[-72.660854,-15.571787,0.0],[-72.661134,-15.57179,0.0],[-72.661121,-15.572874,0.0],[-72.661401,-15.572877,0.0],[-72.661392,-15.57369,0.0],[-72.661671,-15.573693,0.0],[-72.661668,-15.573964,0.0],[-72.661948,-15.573967,0.0],[-72.661939,-15.57478,0.0],[-72.662218,-15.574783,0.0],[-72.662215,-15.575054,0.0],[-72.662774,-15.57506,0.0],[-72.662768,-15.575602,0.0],[-72.662489,-15.575599,0.0],[-72.662486,-15.57587,0.0],[-72.663324,-15.575879,0.0],[-72.663327,-15.575608,0.0],[-72.663607,-15.575611,0.0],[-72.66361,-15.57534,0.0],[-72.66333,-15.575337,0.0],[-72.663352,-15.57344,0.0],[-72.663632,-15.573443,0.0],[-72.663638,-15.572901,0.0],[-72.663917,-15.572904,0.0],[-72.663923,-15.572362,0.0],[-72.664203,-15.572365,0.0],[-72.664209,-15.571823,0.0],[-72.664489,-15.571826,0.0],[-72.664498,-15.571013,0.0],[-72.664777,-15.571016,0.0],[-72.664793,-15.569661,0.0],[-72.664513,-15.569658,0.0],[-72.664525,-15.568574,0.0],[-72.664246,-15.568571,0.0],[-72.664252,-15.568029,0.0],[-72.663972,-15.568026,0.0],[-72.663975,-15.567755,0.0],[-72.664255,-15.567758,0.0],[-72.664264,-15.566945,0.0],[-72.663985,-15.566942,0.0],[-72.663988,-15.566671,0.0],[-72.663708,-15.566668,0.0],[-72.663717,-15.565855,0.0],[-72.663438,-15.565852,0.0],[-72.663453,-15.564497,0.0],[-72.663173,-15.564494,0.0],[-72.663189,-15.563139,0.0],[-72.662909,-15.563136,0.0],[-72.662921,-15.562052,0.0],[-72.663201,-15.562055,0.0],[-72.66321,-15.561242,0.0],[-72.66349,-15.561245,0.0],[-72.663493,-15.560974,0.0],[-72.663772,-15.560977,0.0],[-72.663769,-15.561248,0.0],[-72.664049,-15.561251,0.0],[-72.664046,-15.561522,0.0],[-72.664325,-15.561525,0.0],[-72.664319,-15.562067,0.0],[-72.664599,-15.56207,0.0],[-72.66458,-15.563696,0.0],[-72.66486,-15.563699,0.0],[-72.664842,-15.565325,0.0],[-72.665121,-15.565328,0.0],[-72.665118,-15.565599,0.0],[-72.665398,-15.565602,0.0],[-72.665392,-15.566144,0.0],[-72.665671,-15.566147,0.0],[-72.665659,-15.567231,0.0],[-72.665938,-15.567234,0.0],[-72.665932,-15.567776,0.0],[-72.666212,-15.567779,0.0],[-72.666206,-15.568321,0.0],[-72.667324,-15.568333,0.0],[-72.667327,-15.568062,0.0],[-72.667607,-15.568065,0.0],[-72.667604,-15.568336,0.0],[-72.668163,-15.568342,0.0],[-72.66816,-15.568613,0.0],[-72.668439,-15.568616,0.0],[-72.668448,-15.567803,0.0],[-72.668169,-15.5678,0.0],[-72.668175,-15.567258,0.0],[-72.667895,-15.567255,0.0],[-72.667908,-15.566171,0.0],[-72.668187,-15.566174,0.0],[-72.668184,-15.566445,0.0],[-72.668743,-15.566451,0.0],[-72.668746,-15.56618,0.0],[-72.669026,-15.566183,0.0],[-72.669041,-15.564828,0.0],[-72.668762,-15.564825,0.0],[-72.668765,-15.564554,0.0],[-72.669044,-15.564557,0.0],[-72.669047,-15.564286,0.0],[-72.669606,-15.564291,0.0],[-72.669603,-15.564562,0.0],[-72.669883,-15.564565,0.0],[-72.66988,-15.564836,0.0],[-72.670159,-15.564839,0.0],[-72.670156,-15.56511,0.0],[-72.670995,-15.565119,0.0],[-72.670992,-15.56539,0.0],[-72.671551,-15.565396,0.0],[-72.671548,-15.565667,0.0],[-72.671828,-15.56567,0.0],[-72.671825,-15.565941,0.0],[-72.672104,-15.565944,0.0],[-72.672101,-15.566215,0.0],[-72.67266,-15.566221,0.0],[-72.672657,-15.566492,0.0],[-72.672937,-15.566495,0.0],[-72.672931,-15.567037,0.0],[-72.67321,-15.56704,0.0],[-72.673207,-15.567311,0.0],[-72.673487,-15.567314,0.0],[-72.673484,-15.567585,0.0],[-72.673763,-15.567588,0.0],[-72.67376,-15.567859,0.0],[-72.67404,-15.567862,0.0],[-72.674037,-15.568133,0.0],[-72.674316,-15.568136,0.0],[-72.674313,-15.568407,0.0],[-72.674872,-15.568413,0.0],[-72.674869,-15.568684,0.0],[-72.675149,-15.568687,0.0],[-72.675146,-15.568958,0.0],[-72.675705,-15.568963,0.0],[-72.675733,-15.566524,0.0],[-72.675453,-15.566522,0.0],[-72.675468,-15.565167,0.0],[-72.675189,-15.565164,0.0],[-72.675204,-15.563809,0.0],[-72.674924,-15.563806,0.0],[-72.674943,-15.56218,0.0],[-72.674663,-15.562177,0.0],[-72.674675,-15.561093,0.0],[-72.674396,-15.56109,0.0],[-72.674402,-15.560548,0.0],[-72.674122,-15.560545,0.0],[-72.674125,-15.560274,0.0],[-72.673846,-15.560271,0.0],[-72.673849,-15.56,0.0],[-72.67329,-15.559994,0.0],[-72.673293,-15.559723,0.0],[-72.673013,-15.55972,0.0],[-72.673016,-15.559449,0.0],[-72.672737,-15.559446,0.0],[-72.67274,-15.559175,0.0],[-72.67246,-15.559172,0.0],[-72.672463,-15.558901,0.0],[-72.672184,-15.558898,0.0],[-72.672187,-15.558627,0.0],[-72.671627,-15.558621,0.0],[-72.67163,-15.55835,0.0],[-72.670792,-15.558341,0.0],[-72.670798,-15.557799,0.0],[-72.671077,-15.557802,0.0],[-72.671081,-15.557531,0.0],[-72.67164,-15.557537,0.0],[-72.671649,-15.556724,0.0],[-72.671928,-15.556727,0.0],[-72.671922,-15.557269,0.0],[-72.672202,-15.557272,0.0],[-72.672199,-15.557543,0.0],[-72.673597,-15.557558,0.0],[-72.673593,-15.557829,0.0],[-72.673873,-15.557832,0.0],[-72.67387,-15.558103,0.0],[-72.67415,-15.558106,0.0],[-72.674147,-15.558377,0.0],[-72.674426,-15.55838,0.0],[-72.674423,-15.558651,0.0],[-72.674703,-15.558654,0.0],[-72.674696,-15.559196,0.0],[-72.674976,-15.559199,0.0],[-72.674973,-15.55947,0.0],[-72.675253,-15.559473,0.0],[-72.67525,-15.559744,0.0],[-72.675529,-15.559747,0.0],[-72.675526,-15.560018,0.0],[-72.675806,-15.56002,0.0],[-72.6758,-15.560562,0.0],[-72.676079,-15.560565,0.0],[-72.676076,-15.560836,0.0],[-72.676356,-15.560839,0.0],[-72.676353,-15.56111,0.0],[-72.676632,-15.561113,0.0],[-72.676629,-15.561384,0.0],[-72.676909,-15.561387,0.0],[-72.6769,-15.5622,0.0],[-72.677179,-15.562203,0.0],[-72.677182,-15.561932,0.0],[-72.677741,-15.561938,0.0],[-72.677744,-15.561667,0.0],[-72.678024,-15.56167,0.0],[-72.67803,-15.561128,0.0],[-72.678309,-15.561131,0.0],[-72.678306,-15.561402,0.0],[-72.678866,-15.561408,0.0],[-72.678863,-15.561679,0.0],[-72.679422,-15.561685,0.0],[-72.679425,-15.561414,0.0],[-72.679704,-15.561417,0.0],[-72.679716,-15.560333,0.0],[-72.679437,-15.56033,0.0],[-72.67944,-15.560059,0.0],[-72.678881,-15.560053,0.0],[-72.678887,-15.559511,0.0],[-72.678607,-15.559508,0.0],[-72.67861,-15.559237,0.0],[-72.678331,-15.559234,0.0],[-72.678334,-15.558963,0.0],[-72.678054,-15.55896,0.0],[-72.67806,-15.558418,0.0],[-72.677781,-15.558415,0.0],[-72.677787,-15.557873,0.0],[-72.677507,-15.55787,0.0],[-72.67751,-15.557599,0.0],[-72.677231,-15.557596,0.0],[-72.677234,-15.557325,0.0],[-72.676954,-15.557322,0.0],[-72.676957,-15.557051,0.0],[-72.676678,-15.557048,0.0],[-72.676681,-15.556777,0.0],[-72.676401,-15.556774,0.0],[-72.676404,-15.556503,0.0],[-72.676125,-15.5565,0.0],[-72.676131,-15.555958,0.0],[-72.67669,-15.555964,0.0],[-72.676699,-15.555151,0.0],[-72.676419,-15.555148,0.0],[-72.676426,-15.554606,0.0],[-72.676146,-15.554603,0.0],[-72.676158,-15.553519,0.0],[-72.675879,-15.553517,0.0],[-72.675885,-15.552975,0.0],[-72.675605,-15.552972,0.0],[-72.675611,-15.55243,0.0],[-72.674773,-15.552421,0.0],[-72.674776,-15.55215,0.0],[-72.674496,-15.552147,0.0],[-72.674499,-15.551876,0.0],[-72.67366,-15.551867,0.0],[-72.673664,-15.551596,0.0],[-72.672825,-15.551587,0.0],[-72.672828,-15.551316,0.0],[-72.672548,-15.551313,0.0],[-72.672551,-15.551042,0.0],[-72.672272,-15.551039,0.0],[-72.672275,-15.550768,0.0],[-72.671716,-15.550762,0.0],[-72.671719,-15.550491,0.0],[-72.670042,-15.550474,0.0],[-72.670043,-15.55038,0.0],[-72.66965,-15.550441,0.0],[-72.667445,-15.550483,0.0],[-72.66535,-15.550136,0.0],[-72.66428,-15.54981,0.0],[-72.663479,-15.549098,0.0],[-72.663074,-15.548455,0.0],[-72.662543,-15.547394,0.0],[-72.662017,-15.546639,0.0],[-72.661137,-15.545927,0.0],[-72.660227,-15.545869,0.0],[-72.660255,-15.545912,0.0],[-72.659322,-15.546616,0.0],[-72.658108,-15.548183,0.0],[-72.656993,-15.54866,0.0],[-72.655398,-15.548687,0.0],[-72.653803,-15.54877,0.0],[-72.650967,-15.548875,0.0],[-72.648665,-15.549028,0.0],[-72.646952,-15.549113,0.0],[-72.645304,-15.549542,0.0],[-72.644342,-15.549346,0.0],[-72.644439,-15.551037,0.0]],[[-72.671369,-15.556721,0.0],[-72.671372,-15.55645,0.0],[-72.671652,-15.556453,0.0],[-72.671649,-15.556724,0.0],[-72.671369,-15.556721,0.0]],[[-72.663213,-15.560971,0.0],[-72.662934,-15.560968,0.0],[-72.662931,-15.561239,0.0],[-72.662651,-15.561236,0.0],[-72.662657,-15.560694,0.0],[-72.662937,-15.560697,0.0],[-72.66294,-15.560426,0.0],[-72.663219,-15.560429,0.0],[-72.663213,-15.560971,0.0]]]}},{"type":"Feature","properties":{"rgi_id":"RGI2000-v7.0-G-16-02620","o1region":"16"},"geometry":{"type":"Polygon","coordinates":[[[-72.66715,-15.534155,0.0],[-72.66715,-15.534181,0.0],[-72.66687,-15.534178,0.0],[-72.666864,-15.53472,0.0],[-72.666585,-15.534717,0.0],[-72.666569,-15.536072,0.0],[-72.66629,-15.536069,0.0],[-72.666284,-15.536611,0.0],[-72.666018,-15.536608,0.0],[-72.666021,-15.53683,0.0],[-72.665632,-15.537142,0.0],[-72.664965,-15.537306,0.0],[-72.663745,-15.537402,0.0],[-72.663119,-15.537642,0.0],[-72.662221,-15.538115,0.0],[-72.660693,-15.538637,0.0],[-72.659873,-15.539033,0.0],[-72.659371,-15.539615,0.0],[-72.659076,-15.540711,0.0],[-72.659954,-15.54225,0.0],[-72.65998,-15.543739,0.0],[-72.659757,-15.544488,0.0],[-72.659769,-15.545175,0.0],[-72.660227,-15.545869,0.0],[-72.661137,-15.545927,0.0],[-72.662017,-15.546639,0.0],[-72.662543,-15.547394,0.0],[-72.663074,-15.548455,0.0],[-72.663479,-15.549098,0.0],[-72.66428,-15.54981,0.0],[-72.66535,-15.550136,0.0],[-72.667445,-15.550483,0.0],[-72.66965,-15.550441,0.0],[-72.670043,-15.55038,0.0],[-72.670045,-15.550203,0.0],[-72.670604,-15.550208,0.0],[-72.670607,-15.549937,0.0],[-72.671445,-15.549946,0.0],[-72.671448,-15.549675,0.0],[-72.674244,-15.549705,0.0],[-72.674247,-15.549434,0.0],[-72.675086,-15.549443,0.0],[-72.675089,-15.549172,0.0],[-72.675927,-15.549181,0.0],[-72.675924,-15.549452,0.0],[-72.676204,-15.549454,0.0],[-72.676201,-15.549725,0.0],[-72.677039,-15.549734,0.0],[-72.677036,-15.550005,0.0],[-72.677316,-15.550008,0.0],[-72.677313,-15.550279,0.0],[-72.677592,-15.550282,0.0],[-72.677595,-15.550011,0.0],[-72.677875,-15.550014,0.0],[-72.677878,-15.549743,0.0],[-72.677598,-15.54974,0.0],[-72.677602,-15.549469,0.0],[-72.677042,-15.549463,0.0],[-72.677049,-15.548921,0.0],[-72.67621,-15.548912,0.0],[-72.676213,-15.548641,0.0],[-72.675654,-15.548636,0.0],[-72.675657,-15.548365,0.0],[-72.674539,-15.548353,0.0],[-72.674542,-15.548082,0.0],[-72.672864,-15.548064,0.0],[-72.672868,-15.547793,0.0],[-72.672588,-15.54779,0.0],[-72.672585,-15.548061,0.0],[-72.671467,-15.548049,0.0],[-72.671464,-15.54832,0.0],[-72.670625,-15.548311,0.0],[-72.670622,-15.548582,0.0],[-72.669783,-15.548574,0.0],[-72.669786,-15.548303,0.0],[-72.668668,-15.548291,0.0],[-72.668665,-15.548562,0.0],[-72.667827,-15.548553,0.0],[-72.667839,-15.547469,0.0],[-72.668118,-15.547472,0.0],[-72.668121,-15.547201,0.0],[-72.668401,-15.547204,0.0],[-72.668404,-15.546933,0.0],[-72.668684,-15.546936,0.0],[-72.668687,-15.546665,0.0],[-72.668966,-15.546668,0.0],[-72.668969,-15.546397,0.0],[-72.669528,-15.546403,0.0],[-72.669531,-15.546132,0.0],[-72.67037,-15.546141,0.0],[-72.670367,-15.546412,0.0],[-72.670646,-15.546414,0.0],[-72.670649,-15.546143,0.0],[-72.670929,-15.546146,0.0],[-72.670926,-15.546417,0.0],[-72.676796,-15.546479,0.0],[-72.676793,-15.54675,0.0],[-72.677911,-15.546762,0.0],[-72.677908,-15.547033,0.0],[-72.678747,-15.547042,0.0],[-72.678744,-15.547313,0.0],[-72.679583,-15.547322,0.0],[-72.67958,-15.547593,0.0],[-72.680418,-15.547602,0.0],[-72.680415,-15.547873,0.0],[-72.685727,-15.547928,0.0],[-72.68573,-15.547657,0.0],[-72.686848,-15.547669,0.0],[-72.686851,-15.547398,0.0],[-72.68741,-15.547404,0.0],[-72.687413,-15.547133,0.0],[-72.686939,-15.547128,0.0],[-72.686856,-15.546947,0.0],[-72.686832,-15.546856,0.0],[-72.686783,-15.546662,0.0],[-72.686607,-15.546498,0.0],[-72.68638,-15.546191,0.0],[-72.685858,-15.545937,0.0],[-72.685473,-15.54561,0.0],[-72.685474,-15.545487,0.0],[-72.684915,-15.545481,0.0],[-72.684918,-15.54521,0.0],[-72.684639,-15.545207,0.0],[-72.684645,-15.544665,0.0],[-72.684365,-15.544662,0.0],[-72.684368,-15.544391,0.0],[-72.684089,-15.544388,0.0],[-72.684092,-15.544117,0.0],[-72.683812,-15.544114,0.0],[-72.683815,-15.543843,0.0],[-72.683693,-15.543842,0.0],[-72.683671,-15.543419,0.0],[-72.683539,-15.542967,0.0],[-72.683365,-15.542827,0.0],[-72.683268,-15.542802,0.0],[-72.683067,-15.542751,0.0],[-72.682989,-15.54275,0.0],[-72.682992,-15.542479,0.0],[-72.683271,-15.542482,0.0],[-72.683274,-15.542211,0.0],[-72.683554,-15.542214,0.0],[-72.683557,-15.541943,0.0],[-72.682159,-15.541928,0.0],[-72.682162,-15.541657,0.0],[-72.681324,-15.541648,0.0],[-72.681327,-15.541377,0.0],[-72.680768,-15.541372,0.0],[-72.680771,-15.541101,0.0],[-72.680212,-15.541095,0.0],[-72.680215,-15.540824,0.0],[-72.679935,-15.540821,0.0],[-72.679941,-15.540279,0.0],[-72.6805,-15.540285,0.0],[-72.680503,-15.540014,0.0],[-72.680783,-15.540017,0.0],[-72.680789,-15.539475,0.0],[-72.681068,-15.539478,0.0],[-72.681071,-15.539207,0.0],[-72.68191,-15.539215,0.0],[-72.681913,-15.538944,0.0],[-72.681633,-15.538941,0.0],[-72.68164,-15.538399,0.0],[-72.68136,-15.538396,0.0],[-72.68137,-15.53751,0.0],[-72.680562,-15.536816,0.0],[-72.679957,-15.536024,0.0],[-72.679595,-15.535648,0.0],[-72.678866,-15.53673,0.0],[-72.67745,-15.536868,0.0],[-72.675627,-15.536326,0.0],[-72.674432,-15.535582,0.0],[-72.673354,-15.534835,0.0],[-72.672205,-15.534473,0.0],[-72.670824,-15.534381,0.0],[-72.669799,-15.53436,0.0],[-72.669598,-15.534096,0.0],[-72.668701,-15.534646,0.0],[-72.667798,-15.534813,0.0],[-72.66715,-15.534155,0.0]],[[-72.675469,-15.540232,0.0],[-72.676307,-15.54024,0.0],[-72.676301,-15.540782,0.0],[-72.675462,-15.540774,0.0],[-72.675469,-15.540232,0.0]],[[-72.672655,-15.541828,0.0],[-72.672652,-15.542099,0.0],[-72.672372,-15.542096,0.0],[-72.672375,-15.541825,0.0],[-72.672655,-15.541828,0.0]],[[-72.672928,-15.542373,0.0],[-72.672925,-15.542644,0.0],[-72.673205,-15.542647,0.0],[-72.673202,-15.542918,0.0],[-72.673761,-15.542924,0.0],[-72.673758,-15.543195,0.0],[-72.674279,-15.5432,0.0],[-72.67421,-15.543471,0.0],[-72.673196,-15.54346,0.0],[-72.673199,-15.543189,0.0],[-72.67264,-15.543183,0.0],[-72.672637,-15.543454,0.0],[-72.671239,-15.543439,0.0],[-72.671236,-15.54371,0.0],[-72.670677,-15.543704,0.0],[-72.670683,-15.543162,0.0],[-72.671522,-15.543171,0.0],[-72.671525,-15.5429,0.0],[-72.672084,-15.542906,0.0],[-72.67209,-15.542364,0.0],[-72.672928,-15.542373,0.0]],[[-72.678777,-15.544332,0.0],[-72.678774,-15.544603,0.0],[-72.678215,-15.544597,0.0],[-72.678218,-15.544326,0.0],[-72.678777,-15.544332,0.0]]]}},{"type":"Feature","properties":{"rgi_id":"RGI2000-v7.0-G-16-02621","o1region":"16"},"geometry":{"type":"Polygon","coordinates":[[[-72.66715,-15.534155,0.0],[-72.667798,-15.534813,0.0],[-72.668701,-15.534646,0.0],[-72.669598,-15.534096,0.0],[-72.669799,-15.53436,0.0],[-72.670824,-15.534381,0.0],[-72.672205,-15.534473,0.0],[-72.673354,-15.534835,0.0],[-72.674432,-15.535582,0.0],[-72.675627,-15.536326,0.0],[-72.67745,-15.536868,0.0],[-72.678866,-15.53673,0.0],[-72.679595,-15.535648,0.0],[-72.679957,-15.536024,0.0],[-72.680562,-15.536816,0.0],[-72.68137,-15.53751,0.0],[-72.681378,-15.53677,0.0],[-72.681099,-15.536768,0.0],[-72.681102,-15.536497,0.0],[-72.680822,-15.536494,0.0],[-72.680825,-15.536223,0.0],[-72.680546,-15.53622,0.0],[-72.680567,-15.534323,0.0],[-72.680287,-15.53432,0.0],[-72.6803,-15.533236,0.0],[-72.68002,-15.533233,0.0],[-72.680023,-15.532962,0.0],[-72.679743,-15.532959,0.0],[-72.67974,-15.53323,0.0],[-72.679461,-15.533227,0.0],[-72.679458,-15.533498,0.0],[-72.678619,-15.533489,0.0],[-72.678616,-15.53376,0.0],[-72.678057,-15.533754,0.0],[-72.678054,-15.534025,0.0],[-72.677495,-15.534019,0.0],[-72.677498,-15.533748,0.0],[-72.677219,-15.533745,0.0],[-72.67724,-15.531848,0.0],[-72.677519,-15.531851,0.0],[-72.677526,-15.531309,0.0],[-72.677246,-15.531306,0.0],[-72.677261,-15.529951,0.0],[-72.677541,-15.529954,0.0],[-72.677544,-15.529683,0.0],[-72.677264,-15.52968,0.0],[-72.677267,-15.529409,0.0],[-72.677547,-15.529412,0.0],[-72.677553,-15.52887,0.0],[-72.677273,-15.528867,0.0],[-72.677288,-15.527512,0.0],[-72.67645,-15.527504,0.0],[-72.676447,-15.527775,0.0],[-72.676167,-15.527772,0.0],[-72.676161,-15.528314,0.0],[-72.675882,-15.528311,0.0],[-72.675876,-15.528853,0.0],[-72.675596,-15.52885,0.0],[-72.675587,-15.529663,0.0],[-72.675308,-15.52966,0.0],[-72.675295,-15.530744,0.0],[-72.675016,-15.530741,0.0],[-72.675004,-15.531825,0.0],[-72.674445,-15.531819,0.0],[-72.674451,-15.531277,0.0],[-72.674171,-15.531274,0.0],[-72.67418,-15.530461,0.0],[-72.673901,-15.530458,0.0],[-72.67391,-15.529645,0.0],[-72.67363,-15.529642,0.0],[-72.673637,-15.5291,0.0],[-72.673077,-15.529094,0.0],[-72.673074,-15.529365,0.0],[-72.672795,-15.529362,0.0],[-72.672783,-15.530446,0.0],[-72.672503,-15.530443,0.0],[-72.672497,-15.530985,0.0],[-72.671659,-15.530976,0.0],[-72.671656,-15.531247,0.0],[-72.671097,-15.531241,0.0],[-72.671093,-15.531512,0.0],[-72.670814,-15.53151,0.0],[-72.670811,-15.531781,0.0],[-72.670531,-15.531778,0.0],[-72.670528,-15.532049,0.0],[-72.670249,-15.532046,0.0],[-72.670246,-15.532317,0.0],[-72.669687,-15.532311,0.0],[-72.669684,-15.532582,0.0],[-72.668845,-15.532573,0.0],[-72.668842,-15.532844,0.0],[-72.668004,-15.532835,0.0],[-72.668,-15.533106,0.0],[-72.667721,-15.533103,0.0],[-72.667718,-15.533374,0.0],[-72.667438,-15.533371,0.0],[-72.667432,-15.533913,0.0],[-72.667153,-15.53391,0.0],[-72.66715,-15.534155,0.0]]]}},{"type":"Feature","properties":{"rgi_id":"RGI2000-v7.0-G-16-02622","o1region":"16"},"geometry":{"type":"Polygon","coordinates":[[[-72.652008,-15.520254,0.0],[-72.6513,-15.520788,0.0],[-72.650844,-15.52177,0.0],[-72.651,-15.52248,0.0],[-72.651358,-15.524111,0.0],[-72.652203,-15.525071,0.0],[-72.652919,-15.526092,0.0],[-72.652893,-15.52867,0.0],[-72.653141,-15.53136,0.0],[-72.653768,-15.533412,0.0],[-72.654868,-15.5354,0.0],[-72.655577,-15.536422,0.0],[-72.65716,-15.537998,0.0],[-72.658065,-15.539072,0.0],[-72.658917,-15.540433,0.0],[-72.659076,-15.540711,0.0],[-72.659371,-15.539615,0.0],[-72.659873,-15.539033,0.0],[-72.660693,-15.538637,0.0],[-72.662221,-15.538115,0.0],[-72.663119,-15.537642,0.0],[-72.663745,-15.537402,0.0],[-72.664965,-15.537306,0.0],[-72.665632,-15.537142,0.0],[-72.666021,-15.53683,0.0],[-72.666018,-15.536608,0.0],[-72.665725,-15.536605,0.0],[-72.665728,-15.536334,0.0],[-72.665169,-15.536328,0.0],[-72.665175,-15.535786,0.0],[-72.664895,-15.535783,0.0],[-72.664901,-15.535241,0.0],[-72.664622,-15.535238,0.0],[-72.664646,-15.533071,0.0],[-72.664926,-15.533073,0.0],[-72.664932,-15.532531,0.0],[-72.665211,-15.532534,0.0],[-72.665217,-15.531992,0.0],[-72.665497,-15.531995,0.0],[-72.665503,-15.531453,0.0],[-72.665783,-15.531456,0.0],[-72.665792,-15.530643,0.0],[-72.666071,-15.530646,0.0],[-72.666074,-15.530375,0.0],[-72.666354,-15.530378,0.0],[-72.66636,-15.529836,0.0],[-72.666639,-15.529839,0.0],[-72.666642,-15.529568,0.0],[-72.667202,-15.529574,0.0],[-72.667205,-15.529303,0.0],[-72.667764,-15.529309,0.0],[-72.667767,-15.529038,0.0],[-72.668046,-15.529041,0.0],[-72.668049,-15.52877,0.0],[-72.668608,-15.528776,0.0],[-72.668611,-15.528505,0.0],[-72.66945,-15.528514,0.0],[-72.669453,-15.528243,0.0],[-72.670012,-15.528249,0.0],[-72.670015,-15.527978,0.0],[-72.670294,-15.527981,0.0],[-72.670298,-15.52771,0.0],[-72.671416,-15.527721,0.0],[-72.671419,-15.52745,0.0],[-72.671698,-15.527453,0.0],[-72.671701,-15.527182,0.0],[-72.67254,-15.527191,0.0],[-72.672543,-15.52692,0.0],[-72.673102,-15.526926,0.0],[-72.673105,-15.526655,0.0],[-72.673664,-15.526661,0.0],[-72.673667,-15.52639,0.0],[-72.673946,-15.526393,0.0],[-72.673949,-15.526122,0.0],[-72.674229,-15.526125,0.0],[-72.674232,-15.525854,0.0],[-72.674512,-15.525857,0.0],[-72.674515,-15.525586,0.0],[-72.674794,-15.525589,0.0],[-72.674797,-15.525318,0.0],[-72.675356,-15.525324,0.0],[-72.675358,-15.525156,0.0],[-72.675493,-15.525054,0.0],[-72.67564,-15.524944,0.0],[-72.675848,-15.524787,0.0],[-72.675922,-15.524731,0.0],[-72.676203,-15.52452,0.0],[-72.676204,-15.524519,0.0],[-72.677534,-15.523516,0.0],[-72.678526,-15.522521,0.0],[-72.67872,-15.522326,0.0],[-72.678954,-15.521654,0.0],[-72.67894,-15.520842,0.0],[-72.678698,-15.520209,0.0],[-72.678768,-15.52021,0.0],[-72.678774,-15.519668,0.0],[-72.67882,-15.519669,0.0],[-72.679057,-15.519327,0.0],[-72.679253,-15.519046,0.0],[-72.679144,-15.518475,0.0],[-72.679067,-15.518435,0.0],[-72.678836,-15.518314,0.0],[-72.678746,-15.518267,0.0],[-72.678204,-15.518228,0.0],[-72.678015,-15.518305,0.0],[-72.67795,-15.518331,0.0],[-72.677837,-15.518377,0.0],[-72.677348,-15.518577,0.0],[-72.676543,-15.51902,0.0],[-72.676011,-15.519578,0.0],[-72.67513,-15.519879,0.0],[-72.674168,-15.5198,0.0],[-72.673452,-15.519692,0.0],[-72.673024,-15.519607,0.0],[-72.673184,-15.519609,0.0],[-72.673187,-15.519338,0.0],[-72.673746,-15.519344,0.0],[-72.673752,-15.518802,0.0],[-72.674032,-15.518805,0.0],[-72.674041,-15.517992,0.0],[-72.673482,-15.517986,0.0],[-72.673485,-15.517715,0.0],[-72.671249,-15.517692,0.0],[-72.671252,-15.517421,0.0],[-72.670972,-15.517418,0.0],[-72.670969,-15.517689,0.0],[-72.669013,-15.517668,0.0],[-72.669016,-15.517397,0.0],[-72.668736,-15.517394,0.0],[-72.668733,-15.517665,0.0],[-72.668454,-15.517662,0.0],[-72.668457,-15.517391,0.0],[-72.665382,-15.517359,0.0],[-72.665385,-15.517088,0.0],[-72.664826,-15.517082,0.0],[-72.664829,-15.51687,0.0],[-72.663303,-15.517666,0.0],[-72.661414,-15.517812,0.0],[-72.660249,-15.518806,0.0],[-72.659381,-15.519852,0.0],[-72.657438,-15.520285,0.0],[-72.655607,-15.520373,0.0],[-72.653887,-15.52,0.0],[-72.652233,-15.520085,0.0],[-72.652008,-15.520254,0.0]],[[-72.66979,-15.523097,0.0],[-72.669787,-15.523368,0.0],[-72.669508,-15.523365,0.0],[-72.669505,-15.523636,0.0],[-72.668946,-15.52363,0.0],[-72.668949,-15.523359,0.0],[-72.669228,-15.523362,0.0],[-72.669231,-15.523091,0.0],[-72.669511,-15.523094,0.0],[-72.669514,-15.522823,0.0],[-72.670073,-15.522829,0.0],[-72.67007,-15.5231,0.0],[-72.66979,-15.523097,0.0]]]}},{"type":"Feature","properties":{"rgi_id":"RGI2000-v7.0-G-16-02623","o1region":"16"},"geometry":{"type":"Polygon","coordinates":[[[-72.642738,-15.516833,0.0],[-72.644222,-15.517152,0.0],[-72.646367,-15.518148,0.0],[-72.647443,-15.518756,0.0],[-72.649883,-15.519752,0.0],[-72.652008,-15.520254,0.0],[-72.652233,-15.520085,0.0],[-72.653887,-15.52,0.0],[-72.655607,-15.520373,0.0],[-72.657438,-15.520285,0.0],[-72.659381,-15.519852,0.0],[-72.660249,-15.518806,0.0],[-72.661414,-15.517812,0.0],[-72.663303,-15.517666,0.0],[-72.664829,-15.51687,0.0],[-72.664829,-15.516811,0.0],[-72.66427,-15.516805,0.0],[-72.664273,-15.516534,0.0],[-72.664553,-15.516537,0.0],[-72.664556,-15.516266,0.0],[-72.665674,-15.516278,0.0],[-72.665677,-15.516007,0.0],[-72.665956,-15.516009,0.0],[-72.665959,-15.515738,0.0],[-72.666239,-15.515741,0.0],[-72.666242,-15.51547,0.0],[-72.666801,-15.515476,0.0],[-72.666804,-15.515205,0.0],[-72.667084,-15.515208,0.0],[-72.667087,-15.514937,0.0],[-72.669323,-15.514961,0.0],[-72.669326,-15.51469,0.0],[-72.668487,-15.514681,0.0],[-72.66849,-15.51441,0.0],[-72.66877,-15.514413,0.0],[-72.668773,-15.514142,0.0],[-72.669052,-15.514145,0.0],[-72.669058,-15.513603,0.0],[-72.668779,-15.5136,0.0],[-72.668782,-15.513329,0.0],[-72.668223,-15.513323,0.0],[-72.668229,-15.512781,0.0],[-72.666831,-15.512766,0.0],[-72.666828,-15.513037,0.0],[-72.666269,-15.513031,0.0],[-72.666266,-15.513302,0.0],[-72.665987,-15.5133,0.0],[-72.665981,-15.513841,0.0],[-72.665701,-15.513839,0.0],[-72.665692,-15.514652,0.0],[-72.665413,-15.514649,0.0],[-72.665407,-15.515191,0.0],[-72.665127,-15.515188,0.0],[-72.665124,-15.515459,0.0],[-72.664565,-15.515453,0.0],[-72.664562,-15.515724,0.0],[-72.664282,-15.515721,0.0],[-72.664292,-15.514908,0.0],[-72.664571,-15.514911,0.0],[-72.664574,-15.51464,0.0],[-72.664854,-15.514643,0.0],[-72.664857,-15.514372,0.0],[-72.665136,-15.514375,0.0],[-72.665145,-15.513562,0.0],[-72.665425,-15.513565,0.0],[-72.665428,-15.513294,0.0],[-72.665707,-15.513297,0.0],[-72.665726,-15.511671,0.0],[-72.666005,-15.511674,0.0],[-72.666014,-15.510861,0.0],[-72.665176,-15.510852,0.0],[-72.665173,-15.511123,0.0],[-72.664893,-15.51112,0.0],[-72.66489,-15.511391,0.0],[-72.664611,-15.511388,0.0],[-72.664617,-15.510846,0.0],[-72.664337,-15.510843,0.0],[-72.664343,-15.510301,0.0],[-72.664064,-15.510298,0.0],[-72.664067,-15.510027,0.0],[-72.66239,-15.510009,0.0],[-72.662393,-15.509738,0.0],[-72.661555,-15.509729,0.0],[-72.661549,-15.510271,0.0],[-72.661269,-15.510268,0.0],[-72.661263,-15.51081,0.0],[-72.660983,-15.510807,0.0],[-72.660986,-15.510536,0.0],[-72.660707,-15.510533,0.0],[-72.660713,-15.509991,0.0],[-72.660154,-15.509985,0.0],[-72.660151,-15.510256,0.0],[-72.659872,-15.510253,0.0],[-72.659869,-15.510524,0.0],[-72.65931,-15.510519,0.0],[-72.659306,-15.51079,0.0],[-72.659027,-15.510787,0.0],[-72.659021,-15.511329,0.0],[-72.658741,-15.511326,0.0],[-72.658735,-15.511868,0.0],[-72.658456,-15.511865,0.0],[-72.658474,-15.510239,0.0],[-72.658754,-15.510242,0.0],[-72.658781,-15.507803,0.0],[-72.657663,-15.507791,0.0],[-72.65766,-15.508062,0.0],[-72.657381,-15.508059,0.0],[-72.657378,-15.50833,0.0],[-72.657098,-15.508327,0.0],[-72.657101,-15.508056,0.0],[-72.656822,-15.508053,0.0],[-72.656834,-15.506969,0.0],[-72.656554,-15.506966,0.0],[-72.656557,-15.506695,0.0],[-72.656278,-15.506692,0.0],[-72.656281,-15.506421,0.0],[-72.656002,-15.506418,0.0],[-72.656008,-15.505876,0.0],[-72.655728,-15.505873,0.0],[-72.655719,-15.506686,0.0],[-72.65544,-15.506683,0.0],[-72.655433,-15.507225,0.0],[-72.655154,-15.507222,0.0],[-72.655123,-15.509932,0.0],[-72.654844,-15.509929,0.0],[-72.654835,-15.510742,0.0],[-72.654555,-15.510739,0.0],[-72.654552,-15.51101,0.0],[-72.653993,-15.511004,0.0],[-72.653987,-15.511546,0.0],[-72.653428,-15.51154,0.0],[-72.653416,-15.512624,0.0],[-72.653136,-15.512621,0.0],[-72.653142,-15.512079,0.0],[-72.652863,-15.512076,0.0],[-72.652872,-15.511263,0.0],[-72.653152,-15.511266,0.0],[-72.653155,-15.510995,0.0],[-72.652875,-15.510992,0.0],[-72.652878,-15.510721,0.0],[-72.652319,-15.510715,0.0],[-72.652316,-15.510986,0.0],[-72.652037,-15.510983,0.0],[-72.652034,-15.511254,0.0],[-72.651754,-15.511251,0.0],[-72.651739,-15.512606,0.0],[-72.65118,-15.5126,0.0],[-72.651183,-15.512329,0.0],[-72.650903,-15.512326,0.0],[-72.650897,-15.512868,0.0],[-72.650618,-15.512865,0.0],[-72.650615,-15.513136,0.0],[-72.650335,-15.513134,0.0],[-72.650332,-15.513405,0.0],[-72.649494,-15.513396,0.0],[-72.6495,-15.512854,0.0],[-72.64922,-15.512851,0.0],[-72.649223,-15.51258,0.0],[-72.648944,-15.512577,0.0],[-72.648947,-15.512306,0.0],[-72.648667,-15.512303,0.0],[-72.648674,-15.511761,0.0],[-72.648394,-15.511758,0.0],[-72.6484,-15.511216,0.0],[-72.648121,-15.511213,0.0],[-72.648155,-15.508232,0.0],[-72.647875,-15.508229,0.0],[-72.647872,-15.5085,0.0],[-72.647592,-15.508497,0.0],[-72.647586,-15.509039,0.0],[-72.647307,-15.509036,0.0],[-72.647301,-15.509578,0.0],[-72.647021,-15.509575,0.0],[-72.647012,-15.510388,0.0],[-72.646453,-15.510382,0.0],[-72.646456,-15.510111,0.0],[-72.646177,-15.510108,0.0],[-72.64618,-15.509837,0.0],[-72.6459,-15.509834,0.0],[-72.645903,-15.509563,0.0],[-72.645344,-15.509557,0.0],[-72.645341,-15.509828,0.0],[-72.645062,-15.509825,0.0],[-72.645083,-15.507928,0.0],[-72.644804,-15.507925,0.0],[-72.644801,-15.508196,0.0],[-72.644242,-15.50819,0.0],[-72.644245,-15.507919,0.0],[-72.643965,-15.507916,0.0],[-72.643968,-15.507645,0.0],[-72.643689,-15.507642,0.0],[-72.643692,-15.507371,0.0],[-72.643413,-15.507368,0.0],[-72.643409,-15.507639,0.0],[-72.64313,-15.507636,0.0],[-72.643127,-15.507907,0.0],[-72.642288,-15.507898,0.0],[-72.642285,-15.508169,0.0],[-72.642006,-15.508166,0.0],[-72.641987,-15.509792,0.0],[-72.642267,-15.509795,0.0],[-72.642264,-15.510066,0.0],[-72.642543,-15.510069,0.0],[-72.642525,-15.511695,0.0],[-72.642245,-15.511692,0.0],[-72.642242,-15.511963,0.0],[-72.641963,-15.51196,0.0],[-72.641966,-15.511689,0.0],[-72.641407,-15.511683,0.0],[-72.641404,-15.511954,0.0],[-72.641124,-15.511951,0.0],[-72.641115,-15.512764,0.0],[-72.640836,-15.512761,0.0],[-72.640833,-15.513032,0.0],[-72.640553,-15.513029,0.0],[-72.640547,-15.513571,0.0],[-72.640267,-15.513568,0.0],[-72.640264,-15.513839,0.0],[-72.640544,-15.513842,0.0],[-72.640541,-15.514113,0.0],[-72.640261,-15.51411,0.0],[-72.640258,-15.514381,0.0],[-72.640538,-15.514384,0.0],[-72.640528,-15.515197,0.0],[-72.639969,-15.515191,0.0],[-72.639966,-15.515462,0.0],[-72.639687,-15.515459,0.0],[-72.639684,-15.51573,0.0],[-72.639963,-15.515733,0.0],[-72.63996,-15.516004,0.0],[-72.64024,-15.516007,0.0],[-72.640237,-15.516278,0.0],[-72.640516,-15.516281,0.0],[-72.640513,-15.516552,0.0],[-72.640792,-15.516555,0.0],[-72.640789,-15.516826,0.0],[-72.641907,-15.516838,0.0],[-72.641906,-15.516982,0.0],[-72.642738,-15.516833,0.0]],[[-72.643363,-15.511704,0.0],[-72.643643,-15.511707,0.0],[-72.64364,-15.511978,0.0],[-72.643919,-15.511981,0.0],[-72.643907,-15.513065,0.0],[-72.643348,-15.513059,0.0],[-72.643363,-15.511704,0.0]],[[-72.646164,-15.511192,0.0],[-72.646167,-15.510921,0.0],[-72.646447,-15.510924,0.0],[-72.646444,-15.511195,0.0],[-72.646164,-15.511192,0.0]],[[-72.646723,-15.511198,0.0],[-72.646717,-15.51174,0.0],[-72.646438,-15.511737,0.0],[-72.646444,-15.511195,0.0],[-72.646723,-15.511198,0.0]]]}},{"type":"Feature","properties":{"rgi_id":"RGI2000-v7.0-G-16-02624","o1region":"16"},"geometry":{"type":"Polygon","coordinates":[[[-72.641827,-15.523935,0.0],[-72.642736,-15.523423,0.0],[-72.643437,-15.522953,0.0],[-72.644849,-15.522586,0.0],[-72.646381,-15.522274,0.0],[-72.648326,-15.521956,0.0],[-72.649689,-15.522162,0.0],[-72.651,-15.52248,0.0],[-72.650844,-15.52177,0.0],[-72.6513,-15.520788,0.0],[-72.652008,-15.520254,0.0],[-72.649883,-15.519752,0.0],[-72.647443,-15.518756,0.0],[-72.646367,-15.518148,0.0],[-72.644222,-15.517152,0.0],[-72.642738,-15.516833,0.0],[-72.641906,-15.516982,0.0],[-72.641904,-15.517109,0.0],[-72.639109,-15.517079,0.0],[-72.639112,-15.516808,0.0],[-72.638274,-15.516799,0.0],[-72.638277,-15.516528,0.0],[-72.6366,-15.51651,0.0],[-72.636603,-15.516239,0.0],[-72.636044,-15.516233,0.0],[-72.636041,-15.516504,0.0],[-72.635762,-15.516501,0.0],[-72.635758,-15.516772,0.0],[-72.6352,-15.516766,0.0],[-72.635196,-15.517037,0.0],[-72.634637,-15.517031,0.0],[-72.634625,-15.518115,0.0],[-72.634346,-15.518112,0.0],[-72.634342,-15.518383,0.0],[-72.634063,-15.51838,0.0],[-72.63406,-15.518651,0.0],[-72.63378,-15.518648,0.0],[-72.633777,-15.518919,0.0],[-72.633498,-15.518916,0.0],[-72.633495,-15.519187,0.0],[-72.633215,-15.519184,0.0],[-72.633206,-15.519997,0.0],[-72.632926,-15.519994,0.0],[-72.632917,-15.520807,0.0],[-72.633476,-15.520813,0.0],[-72.633473,-15.521084,0.0],[-72.633753,-15.521087,0.0],[-72.63375,-15.521358,0.0],[-72.634029,-15.521361,0.0],[-72.634026,-15.521632,0.0],[-72.634305,-15.521635,0.0],[-72.634309,-15.521364,0.0],[-72.634868,-15.52137,0.0],[-72.634871,-15.521099,0.0],[-72.63515,-15.521102,0.0],[-72.635153,-15.520831,0.0],[-72.636271,-15.520843,0.0],[-72.636274,-15.520572,0.0],[-72.636554,-15.520575,0.0],[-72.636548,-15.521117,0.0],[-72.636827,-15.52112,0.0],[-72.63683,-15.520849,0.0],[-72.637669,-15.520858,0.0],[-72.637653,-15.522213,0.0],[-72.637933,-15.522216,0.0],[-72.63793,-15.522487,0.0],[-72.638209,-15.52249,0.0],[-72.638212,-15.522219,0.0],[-72.638771,-15.522225,0.0],[-72.638774,-15.521954,0.0],[-72.639333,-15.52196,0.0],[-72.63933,-15.522231,0.0],[-72.63961,-15.522234,0.0],[-72.639607,-15.522505,0.0],[-72.639886,-15.522508,0.0],[-72.639883,-15.522779,0.0],[-72.640163,-15.522782,0.0],[-72.64016,-15.523053,0.0],[-72.640719,-15.523059,0.0],[-72.640715,-15.52333,0.0],[-72.641274,-15.523336,0.0],[-72.641271,-15.523607,0.0],[-72.641551,-15.52361,0.0],[-72.641548,-15.523881,0.0],[-72.641827,-15.523884,0.0],[-72.641827,-15.523935,0.0]]]}},{"type":"Feature","properties":{"rgi_id":"RGI2000-v7.0-G-16-02625","o1region":"16"},"geometry":{"type":"Polygon","coordinates":[[[-72.629529,-15.545976,0.0],[-72.630177,-15.546583,0.0],[-72.630376,-15.547783,0.0],[-72.631344,-15.549086,0.0],[-72.632196,-15.550447,0.0],[-72.633338,-15.551517,0.0],[-72.636016,-15.552956,0.0],[-72.636602,-15.552207,0.0],[-72.637854,-15.550912,0.0],[-72.638931,-15.55022,0.0],[-72.64082,-15.549747,0.0],[-72.642509,-15.548666,0.0],[-72.643277,-15.548601,0.0],[-72.643999,-15.549277,0.0],[-72.644342,-15.549346,0.0],[-72.645304,-15.549542,0.0],[-72.646952,-15.549113,0.0],[-72.648665,-15.549028,0.0],[-72.650967,-15.548875,0.0],[-72.653803,-15.54877,0.0],[-72.655398,-15.548687,0.0],[-72.656993,-15.54866,0.0],[-72.658108,-15.548183,0.0],[-72.659322,-15.546616,0.0],[-72.660255,-15.545912,0.0],[-72.660227,-15.545869,0.0],[-72.659769,-15.545175,0.0],[-72.659757,-15.544488,0.0],[-72.65998,-15.543739,0.0],[-72.659954,-15.54225,0.0],[-72.659076,-15.540711,0.0],[-72.658917,-15.540433,0.0],[-72.658065,-15.539072,0.0],[-72.65716,-15.537998,0.0],[-72.655577,-15.536422,0.0],[-72.654868,-15.5354,0.0],[-72.653768,-15.533412,0.0],[-72.653141,-15.53136,0.0],[-72.652893,-15.52867,0.0],[-72.652919,-15.526092,0.0],[-72.652203,-15.525071,0.0],[-72.651358,-15.524111,0.0],[-72.651,-15.52248,0.0],[-72.649689,-15.522162,0.0],[-72.648326,-15.521956,0.0],[-72.646381,-15.522274,0.0],[-72.644849,-15.522586,0.0],[-72.643437,-15.522953,0.0],[-72.642736,-15.523423,0.0],[-72.641827,-15.523935,0.0],[-72.641824,-15.524155,0.0],[-72.640986,-15.524146,0.0],[-72.640989,-15.523875,0.0],[-72.639312,-15.523857,0.0],[-72.639309,-15.524128,0.0],[-72.637352,-15.524107,0.0],[-72.637355,-15.523836,0.0],[-72.637076,-15.523833,0.0],[-72.637073,-15.524104,0.0],[-72.636234,-15.524095,0.0],[-72.636231,-15.524366,0.0],[-72.635952,-15.524363,0.0],[-72.635939,-15.525447,0.0],[-72.63566,-15.525444,0.0],[-72.635657,-15.525715,0.0],[-72.635377,-15.525712,0.0],[-72.635374,-15.525983,0.0],[-72.636213,-15.525992,0.0],[-72.636209,-15.526263,0.0],[-72.636489,-15.526266,0.0],[-72.636486,-15.526537,0.0],[-72.636206,-15.526534,0.0],[-72.636197,-15.527347,0.0],[-72.636477,-15.52735,0.0],[-72.636473,-15.527621,0.0],[-72.63843,-15.527642,0.0],[-72.638424,-15.528184,0.0],[-72.637585,-15.528175,0.0],[-72.637588,-15.527904,0.0],[-72.637029,-15.527898,0.0],[-72.637026,-15.528169,0.0],[-72.636467,-15.528163,0.0],[-72.636455,-15.529247,0.0],[-72.636175,-15.529244,0.0],[-72.636172,-15.529515,0.0],[-72.635893,-15.529512,0.0],[-72.635887,-15.530054,0.0],[-72.635607,-15.530051,0.0],[-72.63561,-15.52978,0.0],[-72.635331,-15.529777,0.0],[-72.635334,-15.529506,0.0],[-72.635054,-15.529503,0.0],[-72.635057,-15.529232,0.0],[-72.634778,-15.529229,0.0],[-72.634781,-15.528958,0.0],[-72.634501,-15.528955,0.0],[-72.634505,-15.528684,0.0],[-72.634225,-15.528681,0.0],[-72.634231,-15.528139,0.0],[-72.633952,-15.528136,0.0],[-72.633955,-15.527865,0.0],[-72.633675,-15.527862,0.0],[-72.633688,-15.526778,0.0],[-72.633408,-15.526775,0.0],[-72.633427,-15.525149,0.0],[-72.633147,-15.525146,0.0],[-72.633153,-15.524604,0.0],[-72.632874,-15.524601,0.0],[-72.632886,-15.523517,0.0],[-72.632607,-15.523514,0.0],[-72.632613,-15.522972,0.0],[-72.632333,-15.522969,0.0],[-72.632337,-15.522698,0.0],[-72.632057,-15.522695,0.0],[-72.632063,-15.522153,0.0],[-72.631784,-15.52215,0.0],[-72.631787,-15.521879,0.0],[-72.631714,-15.521878,0.0],[-72.631462,-15.520875,0.0],[-72.630817,-15.520045,0.0],[-72.630414,-15.51973,0.0],[-72.63037,-15.519696,0.0],[-72.630137,-15.519514,0.0],[-72.630018,-15.519421,0.0],[-72.629458,-15.518921,0.0],[-72.628823,-15.518664,0.0],[-72.628303,-15.518252,0.0],[-72.627748,-15.518032,0.0],[-72.627357,-15.51823,0.0],[-72.627411,-15.51858,0.0],[-72.627352,-15.518579,0.0],[-72.627343,-15.519392,0.0],[-72.627622,-15.519395,0.0],[-72.627616,-15.519937,0.0],[-72.627896,-15.51994,0.0],[-72.627883,-15.521024,0.0],[-72.627604,-15.521021,0.0],[-72.627601,-15.521292,0.0],[-72.62788,-15.521295,0.0],[-72.627877,-15.521566,0.0],[-72.628156,-15.521569,0.0],[-72.62815,-15.522111,0.0],[-72.62843,-15.522114,0.0],[-72.62842,-15.522927,0.0],[-72.6287,-15.52293,0.0],[-72.628691,-15.523743,0.0],[-72.62897,-15.523746,0.0],[-72.628958,-15.52483,0.0],[-72.629237,-15.524833,0.0],[-72.629219,-15.526459,0.0],[-72.629498,-15.526462,0.0],[-72.629495,-15.526733,0.0],[-72.629216,-15.52673,0.0],[-72.629191,-15.528898,0.0],[-72.628911,-15.528895,0.0],[-72.628902,-15.529708,0.0],[-72.628819,-15.529707,0.0],[-72.628621,-15.529852,0.0],[-72.628235,-15.530136,0.0],[-72.627928,-15.530599,0.0],[-72.627542,-15.531319,0.0],[-72.627206,-15.531316,0.0],[-72.6272,-15.531883,0.0],[-72.62701,-15.532181,0.0],[-72.626779,-15.532395,0.0],[-72.626633,-15.532531,0.0],[-72.626632,-15.532665,0.0],[-72.626646,-15.533478,0.0],[-72.626902,-15.533481,0.0],[-72.626899,-15.533752,0.0],[-72.628017,-15.533764,0.0],[-72.628014,-15.534035,0.0],[-72.628573,-15.534041,0.0],[-72.62857,-15.534312,0.0],[-72.629129,-15.534318,0.0],[-72.629126,-15.534589,0.0],[-72.629405,-15.534592,0.0],[-72.629402,-15.534863,0.0],[-72.629682,-15.534866,0.0],[-72.629679,-15.535137,0.0],[-72.629958,-15.53514,0.0],[-72.629955,-15.535411,0.0],[-72.630234,-15.535414,0.0],[-72.630231,-15.535685,0.0],[-72.630511,-15.535688,0.0],[-72.630505,-15.53623,0.0],[-72.630784,-15.536233,0.0],[-72.630769,-15.537588,0.0],[-72.631048,-15.537591,0.0],[-72.631042,-15.538133,0.0],[-72.631322,-15.538136,0.0],[-72.631318,-15.538407,0.0],[-72.631598,-15.53841,0.0],[-72.631592,-15.538952,0.0],[-72.631871,-15.538955,0.0],[-72.631862,-15.539768,0.0],[-72.631583,-15.539765,0.0],[-72.631579,-15.540036,0.0],[-72.63102,-15.54003,0.0],[-72.631017,-15.540301,0.0],[-72.630738,-15.540298,0.0],[-72.630735,-15.540569,0.0],[-72.630455,-15.540566,0.0],[-72.63044,-15.54192,0.0],[-72.629881,-15.541914,0.0],[-72.629877,-15.542185,0.0],[-72.629039,-15.542176,0.0],[-72.629036,-15.542447,0.0],[-72.628756,-15.542444,0.0],[-72.628738,-15.54407,0.0],[-72.629017,-15.544073,0.0],[-72.629014,-15.544344,0.0],[-72.629294,-15.544347,0.0],[-72.629284,-15.54516,0.0],[-72.629564,-15.545163,0.0],[-72.629555,-15.545976,0.0],[-72.629529,-15.545976,0.0]],[[-72.642447,-15.543133,0.0],[-72.642167,-15.54313,0.0],[-72.642171,-15.542859,0.0],[-72.64245,-15.542862,0.0],[-72.642447,-15.543133,0.0]],[[-72.637695,-15.543082,0.0],[-72.637415,-15.543079,0.0],[-72.637419,-15.542808,0.0],[-72.63686,-15.542802,0.0],[-72.636863,-15.542531,0.0],[-72.636583,-15.542528,0.0],[-72.636589,-15.541986,0.0],[-72.63631,-15.541984,0.0],[-72.636316,-15.541442,0.0],[-72.636595,-15.541445,0.0],[-72.636599,-15.541174,0.0],[-72.637437,-15.541183,0.0],[-72.637434,-15.541454,0.0],[-72.637714,-15.541457,0.0],[-72.637707,-15.541998,0.0],[-72.637987,-15.542001,0.0],[-72.637984,-15.542272,0.0],[-72.637704,-15.542269,0.0],[-72.637695,-15.543082,0.0]],[[-72.64218,-15.542046,0.0],[-72.642186,-15.541504,0.0],[-72.641906,-15.541501,0.0],[-72.64191,-15.54123,0.0],[-72.640232,-15.541212,0.0],[-72.640235,-15.540941,0.0],[-72.639956,-15.540938,0.0],[-72.639965,-15.540125,0.0],[-72.639686,-15.540122,0.0],[-72.639689,-15.539852,0.0],[-72.639409,-15.539849,0.0],[-72.639415,-15.539307,0.0],[-72.639136,-15.539304,0.0],[-72.639137,-15.539163,0.0],[-72.63934,-15.538764,0.0],[-72.639701,-15.538768,0.0],[-72.639704,-15.538497,0.0],[-72.640543,-15.538506,0.0],[-72.64054,-15.538777,0.0],[-72.642217,-15.538794,0.0],[-72.642208,-15.539607,0.0],[-72.641928,-15.539604,0.0],[-72.641925,-15.539875,0.0],[-72.642204,-15.539878,0.0],[-72.642195,-15.540691,0.0],[-72.642475,-15.540694,0.0],[-72.642466,-15.541507,0.0],[-72.642745,-15.54151,0.0],[-72.642742,-15.541781,0.0],[-72.642462,-15.541778,0.0],[-72.642459,-15.542049,0.0],[-72.64218,-15.542046,0.0]]]}},{"type":"Feature","properties":{"rgi_id":"RGI2000-v7.0-G-16-02626","o1region":"16"},"geometry":{"type":"Polygon","coordinates":[[[-72.881502,-15.404878,0.0],[-72.881493,-15.405691,0.0],[-72.880655,-15.405683,0.0],[-72.88065,-15.406225,0.0],[-72.88037,-15.406222,0.0],[-72.880357,-15.407577,0.0],[-72.880636,-15.40758,0.0],[-72.88063,-15.408122,0.0],[-72.88091,-15.408125,0.0],[-72.880907,-15.408396,0.0],[-72.881466,-15.408401,0.0],[-72.881469,-15.40813,0.0],[-72.881748,-15.408133,0.0],[-72.881751,-15.407862,0.0],[-72.88203,-15.407864,0.0],[-72.882036,-15.407322,0.0],[-72.882315,-15.407325,0.0],[-72.882321,-15.406783,0.0],[-72.8826,-15.406786,0.0],[-72.882608,-15.405972,0.0],[-72.882329,-15.40597,0.0],[-72.882334,-15.405428,0.0],[-72.882055,-15.405425,0.0],[-72.88206,-15.404883,0.0],[-72.881502,-15.404878,0.0]]]}},{"type":"Feature","properties":{"rgi_id":"RGI2000-v7.0-G-16-02627","o1region":"16"},"geometry":{"type":"Polygon","coordinates":[[[-72.886561,-15.401944,0.0],[-72.886558,-15.402215,0.0],[-72.885999,-15.40221,0.0],[-72.885991,-15.403023,0.0],[-72.88627,-15.403026,0.0],[-72.886268,-15.403297,0.0],[-72.886547,-15.403299,0.0],[-72.886544,-15.40357,0.0],[-72.887103,-15.403576,0.0],[-72.8871,-15.403847,0.0],[-72.888218,-15.403857,0.0],[-72.888221,-15.403586,0.0],[-72.8885,-15.403589,0.0],[-72.888503,-15.403318,0.0],[-72.888223,-15.403315,0.0],[-72.888226,-15.403044,0.0],[-72.887947,-15.403041,0.0],[-72.887949,-15.40277,0.0],[-72.88767,-15.402768,0.0],[-72.887673,-15.402497,0.0],[-72.887393,-15.402494,0.0],[-72.887399,-15.401952,0.0],[-72.886561,-15.401944,0.0]]]}},{"type":"Feature","properties":{"rgi_id":"RGI2000-v7.0-G-16-02628","o1region":"16"},"geometry":{"type":"Polygon","coordinates":[[[-72.889059,-15.403594,0.0],[-72.889056,-15.403865,0.0],[-72.888777,-15.403863,0.0],[-72.888774,-15.404134,0.0],[-72.888495,-15.404131,0.0],[-72.888489,-15.404673,0.0],[-72.889327,-15.404681,0.0],[-72.88933,-15.40441,0.0],[-72.889889,-15.404415,0.0],[-72.889894,-15.403873,0.0],[-72.889335,-15.403868,0.0],[-72.889338,-15.403597,0.0],[-72.889059,-15.403594,0.0]]]}},{"type":"Feature","properties":{"rgi_id":"RGI2000-v7.0-G-16-02629","o1region":"16"},"geometry":{"type":"Polygon","coordinates":[[[-72.899174,-15.397998,0.0],[-72.899169,-15.39854,0.0],[-72.898889,-15.398537,0.0],[-72.898878,-15.399621,0.0],[-72.898599,-15.399619,0.0],[-72.898596,-15.39989,0.0],[-72.898317,-15.399887,0.0],[-72.89832,-15.399616,0.0],[-72.897761,-15.399611,0.0],[-72.897764,-15.39934,0.0],[-72.897484,-15.399337,0.0],[-72.897487,-15.399066,0.0],[-72.896649,-15.399058,0.0],[-72.896643,-15.3996,0.0],[-72.895526,-15.399589,0.0],[-72.895528,-15.399318,0.0],[-72.89469,-15.39931,0.0],[-72.894688,-15.399582,0.0],[-72.893849,-15.399574,0.0],[-72.893847,-15.399845,0.0],[-72.893567,-15.399842,0.0],[-72.893562,-15.400384,0.0],[-72.893282,-15.400381,0.0],[-72.89328,-15.400652,0.0],[-72.893,-15.40065,0.0],[-72.892998,-15.400921,0.0],[-72.892439,-15.400916,0.0],[-72.892436,-15.401187,0.0],[-72.892157,-15.401184,0.0],[-72.892151,-15.401726,0.0],[-72.891872,-15.401723,0.0],[-72.891869,-15.401994,0.0],[-72.892149,-15.401997,0.0],[-72.892143,-15.402539,0.0],[-72.892422,-15.402542,0.0],[-72.89242,-15.402813,0.0],[-72.892699,-15.402815,0.0],[-72.892696,-15.403087,0.0],[-72.892138,-15.403081,0.0],[-72.89214,-15.40281,0.0],[-72.891861,-15.402808,0.0],[-72.891858,-15.403079,0.0],[-72.891579,-15.403076,0.0],[-72.891576,-15.403347,0.0],[-72.891297,-15.403344,0.0],[-72.891294,-15.403615,0.0],[-72.891015,-15.403613,0.0],[-72.891012,-15.403884,0.0],[-72.891291,-15.403886,0.0],[-72.891289,-15.404157,0.0],[-72.891568,-15.40416,0.0],[-72.89156,-15.404973,0.0],[-72.89128,-15.404971,0.0],[-72.891275,-15.405513,0.0],[-72.891554,-15.405515,0.0],[-72.891549,-15.406057,0.0],[-72.891828,-15.40606,0.0],[-72.891825,-15.406331,0.0],[-72.892105,-15.406334,0.0],[-72.892108,-15.406063,0.0],[-72.892946,-15.406071,0.0],[-72.892943,-15.406342,0.0],[-72.893222,-15.406344,0.0],[-72.89322,-15.406615,0.0],[-72.893499,-15.406618,0.0],[-72.893496,-15.406889,0.0],[-72.893776,-15.406892,0.0],[-72.893765,-15.407976,0.0],[-72.894044,-15.407979,0.0],[-72.894039,-15.408521,0.0],[-72.895156,-15.408531,0.0],[-72.895154,-15.408802,0.0],[-72.895712,-15.408808,0.0],[-72.89571,-15.409079,0.0],[-72.895989,-15.409081,0.0],[-72.895986,-15.409352,0.0],[-72.897383,-15.409366,0.0],[-72.897386,-15.409094,0.0],[-72.897945,-15.4091,0.0],[-72.89795,-15.408558,0.0],[-72.89823,-15.40856,0.0],[-72.898232,-15.408289,0.0],[-72.898512,-15.408292,0.0],[-72.898515,-15.408021,0.0],[-72.898794,-15.408024,0.0],[-72.898799,-15.407481,0.0],[-72.899358,-15.407487,0.0],[-72.899361,-15.407216,0.0],[-72.89964,-15.407218,0.0],[-72.899643,-15.406947,0.0],[-72.899084,-15.406942,0.0],[-72.899087,-15.406671,0.0],[-72.898249,-15.406663,0.0],[-72.898252,-15.406392,0.0],[-72.897693,-15.406387,0.0],[-72.897695,-15.406116,0.0],[-72.897975,-15.406118,0.0],[-72.897978,-15.405847,0.0],[-72.898536,-15.405853,0.0],[-72.898539,-15.405581,0.0],[-72.899098,-15.405587,0.0],[-72.899101,-15.405316,0.0],[-72.899659,-15.405321,0.0],[-72.899662,-15.40505,0.0],[-72.899942,-15.405053,0.0],[-72.899944,-15.404782,0.0],[-72.900782,-15.404789,0.0],[-72.900785,-15.404518,0.0],[-72.901065,-15.404521,0.0],[-72.901067,-15.40425,0.0],[-72.901347,-15.404253,0.0],[-72.901349,-15.403982,0.0],[-72.901629,-15.403984,0.0],[-72.901631,-15.403713,0.0],[-72.901911,-15.403716,0.0],[-72.901914,-15.403445,0.0],[-72.902193,-15.403447,0.0],[-72.902198,-15.402905,0.0],[-72.902478,-15.402908,0.0],[-72.902502,-15.400469,0.0],[-72.902223,-15.400466,0.0],[-72.902226,-15.400195,0.0],[-72.901667,-15.40019,0.0],[-72.901672,-15.399648,0.0],[-72.901393,-15.399645,0.0],[-72.901396,-15.399374,0.0],[-72.901116,-15.399371,0.0],[-72.901119,-15.3991,0.0],[-72.90084,-15.399098,0.0],[-72.900842,-15.398827,0.0],[-72.900563,-15.398824,0.0],[-72.90056,-15.399095,0.0],[-72.900281,-15.399092,0.0],[-72.900286,-15.39855,0.0],[-72.899448,-15.398542,0.0],[-72.899453,-15.398,0.0],[-72.899174,-15.397998,0.0]]]}},{"type":"Feature","properties":{"rgi_id":"RGI2000-v7.0-G-16-02630","o1region":"16"},"geometry":{"type":"Polygon","coordinates":[[[-72.895976,-15.410637,0.0],[-72.896024,-15.411133,0.0],[-72.896245,-15.411381,0.0],[-72.896373,-15.411525,0.0],[-72.896522,-15.411691,0.0],[-72.896512,-15.41261,0.0],[-72.896894,-15.412614,0.0],[-72.897203,-15.413136,0.0],[-72.897484,-15.413399,0.0],[-72.898195,-15.413501,0.0],[-72.898703,-15.413301,0.0],[-72.898694,-15.412805,0.0],[-72.898684,-15.412308,0.0],[-72.898636,-15.411813,0.0],[-72.898478,-15.411665,0.0],[-72.898482,-15.411273,0.0],[-72.898202,-15.411271,0.0],[-72.898205,-15.411,0.0],[-72.897797,-15.410996,0.0],[-72.897672,-15.410836,0.0],[-72.897039,-15.410657,0.0],[-72.896482,-15.410323,0.0],[-72.896125,-15.410214,0.0],[-72.895976,-15.410637,0.0]]]}},{"type":"Feature","properties":{"rgi_id":"RGI2000-v7.0-G-16-02631","o1region":"16"},"geometry":{"type":"Polygon","coordinates":[[[-72.892623,-15.410405,0.0],[-72.892343,-15.410402,0.0],[-72.892335,-15.411215,0.0],[-72.891497,-15.411207,0.0],[-72.891494,-15.411478,0.0],[-72.890935,-15.411473,0.0],[-72.890933,-15.411744,0.0],[-72.890094,-15.411736,0.0],[-72.890092,-15.412007,0.0],[-72.889812,-15.412004,0.0],[-72.889809,-15.412275,0.0],[-72.88953,-15.412273,0.0],[-72.889527,-15.412544,0.0],[-72.889248,-15.412541,0.0],[-72.889237,-15.413625,0.0],[-72.888678,-15.41362,0.0],[-72.888675,-15.413891,0.0],[-72.888396,-15.413888,0.0],[-72.888377,-15.415786,0.0],[-72.887818,-15.41578,0.0],[-72.887813,-15.416322,0.0],[-72.888651,-15.41633,0.0],[-72.888648,-15.416602,0.0],[-72.888927,-15.416604,0.0],[-72.88893,-15.416333,0.0],[-72.88921,-15.416336,0.0],[-72.889215,-15.415794,0.0],[-72.889495,-15.415796,0.0],[-72.889497,-15.415525,0.0],[-72.890335,-15.415533,0.0],[-72.89033,-15.416075,0.0],[-72.889771,-15.41607,0.0],[-72.889763,-15.416883,0.0],[-72.890322,-15.416888,0.0],[-72.890325,-15.416617,0.0],[-72.890604,-15.41662,0.0],[-72.890607,-15.416349,0.0],[-72.890886,-15.416352,0.0],[-72.890889,-15.416081,0.0],[-72.891168,-15.416083,0.0],[-72.891171,-15.415812,0.0],[-72.89173,-15.415818,0.0],[-72.891732,-15.415547,0.0],[-72.892291,-15.415552,0.0],[-72.892297,-15.41501,0.0],[-72.893694,-15.415023,0.0],[-72.893697,-15.414752,0.0],[-72.893417,-15.414749,0.0],[-72.89342,-15.414478,0.0],[-72.89314,-15.414476,0.0],[-72.893143,-15.414205,0.0],[-72.892864,-15.414202,0.0],[-72.892875,-15.413118,0.0],[-72.892316,-15.413112,0.0],[-72.892319,-15.412841,0.0],[-72.892039,-15.412839,0.0],[-72.892045,-15.412297,0.0],[-72.893162,-15.412307,0.0],[-72.893165,-15.412036,0.0],[-72.894283,-15.412047,0.0],[-72.894294,-15.410963,0.0],[-72.894014,-15.41096,0.0],[-72.894017,-15.410689,0.0],[-72.894296,-15.410692,0.0],[-72.894302,-15.41015,0.0],[-72.894581,-15.410152,0.0],[-72.894587,-15.40961,0.0],[-72.894307,-15.409607,0.0],[-72.89431,-15.409336,0.0],[-72.893751,-15.409331,0.0],[-72.893754,-15.40906,0.0],[-72.893474,-15.409057,0.0],[-72.89348,-15.408515,0.0],[-72.892642,-15.408507,0.0],[-72.892644,-15.408236,0.0],[-72.892086,-15.408231,0.0],[-72.89208,-15.408773,0.0],[-72.89236,-15.408776,0.0],[-72.892346,-15.410131,0.0],[-72.892625,-15.410134,0.0],[-72.892623,-15.410405,0.0]],[[-72.891478,-15.413105,0.0],[-72.890919,-15.413099,0.0],[-72.890922,-15.412828,0.0],[-72.89148,-15.412833,0.0],[-72.891478,-15.413105,0.0]],[[-72.891483,-15.412562,0.0],[-72.891763,-15.412565,0.0],[-72.89176,-15.412836,0.0],[-72.89148,-15.412833,0.0],[-72.891483,-15.412562,0.0]]]}},{"type":"Feature","properties":{"rgi_id":"RGI2000-v7.0-G-16-02632","o1region":"16"},"geometry":{"type":"Polygon","coordinates":[[[-72.915403,-15.395711,0.0],[-72.915392,-15.396795,0.0],[-72.915113,-15.396792,0.0],[-72.91511,-15.397063,0.0],[-72.914831,-15.397061,0.0],[-72.914814,-15.398687,0.0],[-72.914535,-15.398684,0.0],[-72.914516,-15.400582,0.0],[-72.914795,-15.400584,0.0],[-72.914785,-15.401668,0.0],[-72.915343,-15.401674,0.0],[-72.915349,-15.401132,0.0],[-72.915628,-15.401134,0.0],[-72.915636,-15.400321,0.0],[-72.916195,-15.400326,0.0],[-72.916198,-15.400055,0.0],[-72.916477,-15.400058,0.0],[-72.916483,-15.399516,0.0],[-72.916203,-15.399513,0.0],[-72.916206,-15.399242,0.0],[-72.915927,-15.399239,0.0],[-72.915935,-15.398426,0.0],[-72.916214,-15.398429,0.0],[-72.916217,-15.398158,0.0],[-72.916775,-15.398163,0.0],[-72.916778,-15.397892,0.0],[-72.917058,-15.397895,0.0],[-72.91706,-15.397624,0.0],[-72.916781,-15.397621,0.0],[-72.916784,-15.39735,0.0],[-72.916225,-15.397345,0.0],[-72.916233,-15.396532,0.0],[-72.915954,-15.396529,0.0],[-72.915964,-15.395445,0.0],[-72.915685,-15.395442,0.0],[-72.91569,-15.3949,0.0],[-72.915411,-15.394898,0.0],[-72.915414,-15.394626,0.0],[-72.915134,-15.394624,0.0],[-72.915137,-15.394353,0.0],[-72.914858,-15.39435,0.0],[-72.91486,-15.394079,0.0],[-72.914581,-15.394077,0.0],[-72.914575,-15.394619,0.0],[-72.914855,-15.394621,0.0],[-72.914849,-15.395163,0.0],[-72.915129,-15.395166,0.0],[-72.915123,-15.395708,0.0],[-72.915403,-15.395711,0.0]]]}},{"type":"Feature","properties":{"rgi_id":"RGI2000-v7.0-G-16-02633","o1region":"16"},"geometry":{"type":"Polygon","coordinates":[[[-72.646983,-15.239358,0.0],[-72.64698,-15.239629,0.0],[-72.646142,-15.23962,0.0],[-72.646136,-15.240162,0.0],[-72.646415,-15.240165,0.0],[-72.646409,-15.240707,0.0],[-72.647247,-15.240715,0.0],[-72.647241,-15.241257,0.0],[-72.646682,-15.241252,0.0],[-72.646676,-15.241794,0.0],[-72.646955,-15.241797,0.0],[-72.646952,-15.242068,0.0],[-72.648627,-15.242085,0.0],[-72.64863,-15.241814,0.0],[-72.648909,-15.241817,0.0],[-72.648912,-15.241546,0.0],[-72.649192,-15.241549,0.0],[-72.649198,-15.241007,0.0],[-72.649477,-15.24101,0.0],[-72.649483,-15.240468,0.0],[-72.648924,-15.240462,0.0],[-72.648927,-15.240191,0.0],[-72.648648,-15.240188,0.0],[-72.648651,-15.239917,0.0],[-72.648372,-15.239914,0.0],[-72.648375,-15.239643,0.0],[-72.647538,-15.239634,0.0],[-72.647541,-15.239363,0.0],[-72.646983,-15.239358,0.0]]]}},{"type":"Feature","properties":{"rgi_id":"RGI2000-v7.0-G-16-02634","o1region":"16"},"geometry":{"type":"Polygon","coordinates":[[[-72.641154,-15.236315,0.0],[-72.641151,-15.236586,0.0],[-72.640593,-15.23658,0.0],[-72.64059,-15.236851,0.0],[-72.640032,-15.236845,0.0],[-72.640029,-15.237116,0.0],[-72.639191,-15.237107,0.0],[-72.639188,-15.237378,0.0],[-72.63863,-15.237373,0.0],[-72.638618,-15.238457,0.0],[-72.638897,-15.23846,0.0],[-72.638891,-15.239002,0.0],[-72.63917,-15.239004,0.0],[-72.639167,-15.239275,0.0],[-72.639725,-15.239281,0.0],[-72.639704,-15.241178,0.0],[-72.639983,-15.241181,0.0],[-72.639977,-15.241723,0.0],[-72.640256,-15.241726,0.0],[-72.64025,-15.242268,0.0],[-72.640529,-15.242271,0.0],[-72.640526,-15.242542,0.0],[-72.640806,-15.242545,0.0],[-72.640796,-15.243358,0.0],[-72.641076,-15.243361,0.0],[-72.641073,-15.243632,0.0],[-72.641352,-15.243635,0.0],[-72.641349,-15.243906,0.0],[-72.642465,-15.243918,0.0],[-72.642474,-15.243105,0.0],[-72.641916,-15.243099,0.0],[-72.641931,-15.241744,0.0],[-72.64221,-15.241747,0.0],[-72.642216,-15.241205,0.0],[-72.642495,-15.241208,0.0],[-72.642498,-15.240937,0.0],[-72.643057,-15.240943,0.0],[-72.643066,-15.24013,0.0],[-72.643624,-15.240135,0.0],[-72.643633,-15.239322,0.0],[-72.643354,-15.239319,0.0],[-72.643357,-15.239048,0.0],[-72.643636,-15.239051,0.0],[-72.643639,-15.23878,0.0],[-72.64336,-15.238777,0.0],[-72.643363,-15.238506,0.0],[-72.643084,-15.238504,0.0],[-72.64309,-15.237962,0.0],[-72.643369,-15.237964,0.0],[-72.643375,-15.237422,0.0],[-72.642538,-15.237414,0.0],[-72.642544,-15.236872,0.0],[-72.642265,-15.236869,0.0],[-72.642271,-15.236327,0.0],[-72.641154,-15.236315,0.0]]]}}]}
