{"type":"FeatureCollection","features":[{"type":"Feature","properties":{"rgi_id":"RGI2000-v7.0-G-02-04119","o1region":"02"},"geometry":{"type":"Polygon","coordinates":[[[-127.002608,51.991177,0.0],[-127.002013,51.990422,0.0],[-127.002449,51.989679,0.0],[-127.002034,51.989469,0.0],[-127.001702,51.989839,0.0],[-127.001265,51.989843,0.0],[-127.001246,51.989035,0.0],[-127.00124,51.988766,0.0],[-127.001234,51.988497,0.0],[-127.001671,51.988493,0.0],[-127.001628,51.98661,0.0],[-127.00119,51.986614,0.0],[-127.001753,51.986215,0.0],[-127.007261,51.987071,0.0],[-127.008411,51.986673,0.0],[-127.009278,51.986953,0.0],[-127.008848,51.987619,0.0],[-127.008107,51.988282,0.0],[-127.006698,51.9903,0.0],[-127.005522,51.991201,0.0],[-127.005233,51.991154,0.0],[-127.005685,51.990537,0.0],[-127.004152,51.990907,0.0],[-127.003921,51.991165,0.0],[-127.003664,51.991488,0.0],[-127.002608,51.991177,0.0]]]}},{"type":"Feature","properties":{"rgi_id":"RGI2000-v7.0-G-02-04120","o1region":"02"},"geometry":{"type":"Polygon","coordinates":[[[-127.000335,51.997994,0.0],[-126.999848,51.996709,0.0],[-127.000654,51.995989,0.0],[-127.001343,51.995002,0.0],[-127.002787,51.994215,0.0],[-127.00313,51.993221,0.0],[-127.003863,51.992821,0.0],[-127.004486,51.992134,0.0],[-127.004603,51.992311,0.0],[-127.004814,51.991965,0.0],[-127.005371,51.991825,0.0],[-127.004871,51.99171,0.0],[-127.004903,51.991674,0.0],[-127.005327,51.99135,0.0],[-127.00539,51.991481,0.0],[-127.005769,51.991241,0.0],[-127.005522,51.991201,0.0],[-127.006698,51.9903,0.0],[-127.008107,51.988282,0.0],[-127.008848,51.987619,0.0],[-127.009278,51.986953,0.0],[-127.009281,51.986954,0.0],[-127.009952,51.987075,0.0],[-127.009663,51.986732,0.0],[-127.010846,51.986379,0.0],[-127.010847,51.986379,0.0],[-127.0105,51.986725,0.0],[-127.011092,51.986674,0.0],[-127.011099,51.986719,0.0],[-127.011082,51.986737,0.0],[-127.011008,51.986781,0.0],[-127.010991,51.986817,0.0],[-127.011002,51.986915,0.0],[-127.011179,51.986855,0.0],[-127.011239,51.986821,0.0],[-127.011302,51.986714,0.0],[-127.011334,51.986687,0.0],[-127.011617,51.986678,0.0],[-127.011697,51.986709,0.0],[-127.013206,51.986879,0.0],[-127.013838,51.986569,0.0],[-127.014017,51.986562,0.0],[-127.014104,51.986563,0.0],[-127.014107,51.986528,0.0],[-127.013994,51.986492,0.0],[-127.01416,51.986411,0.0],[-127.014943,51.986343,0.0],[-127.014486,51.986251,0.0],[-127.014602,51.986194,0.0],[-127.015177,51.985995,0.0],[-127.015183,51.986222,0.0],[-127.01541,51.986565,0.0],[-127.01562,51.986218,0.0],[-127.015748,51.985797,0.0],[-127.016477,51.985546,0.0],[-127.016522,51.985389,0.0],[-127.017345,51.985126,0.0],[-127.017902,51.984987,0.0],[-127.017339,51.984857,0.0],[-127.018015,51.984301,0.0],[-127.018184,51.984261,0.0],[-127.018749,51.983741,0.0],[-127.021856,51.983431,0.0],[-127.022132,51.984007,0.0],[-127.023613,51.983839,0.0],[-127.024623,51.982255,0.0],[-127.026776,51.981955,0.0],[-127.026574,51.981191,0.0],[-127.026823,51.980887,0.0],[-127.027511,51.98142,0.0],[-127.028103,51.981692,0.0],[-127.028668,51.982872,0.0],[-127.02823,51.982876,0.0],[-127.028237,51.983145,0.0],[-127.027799,51.983149,0.0],[-127.027805,51.983418,0.0],[-127.027812,51.983687,0.0],[-127.027818,51.983956,0.0],[-127.028256,51.983953,0.0],[-127.028262,51.984222,0.0],[-127.028699,51.984218,0.0],[-127.028706,51.984487,0.0],[-127.028149,51.984626,0.0],[-127.028712,51.984756,0.0],[-127.029297,51.984932,0.0],[-127.0296,51.985286,0.0],[-127.02766,51.9855,0.0],[-127.026733,51.985424,0.0],[-127.02655,51.985852,0.0],[-127.026828,51.98648,0.0],[-127.027888,51.986916,0.0],[-127.028115,51.987259,0.0],[-127.028325,51.986913,0.0],[-127.029203,51.987176,0.0],[-127.029657,51.987708,0.0],[-127.028782,51.987716,0.0],[-127.028795,51.988254,0.0],[-127.028801,51.988523,0.0],[-127.028364,51.988527,0.0],[-127.02837,51.988796,0.0],[-127.027495,51.988804,0.0],[-127.027058,51.988808,0.0],[-127.027051,51.988539,0.0],[-127.026614,51.988543,0.0],[-127.026607,51.988274,0.0],[-127.02643,51.98784,0.0],[-127.02549,51.987495,0.0],[-127.025002,51.988419,0.0],[-127.025308,51.988824,0.0],[-127.024433,51.988831,0.0],[-127.024426,51.988562,0.0],[-127.02442,51.988293,0.0],[-127.023982,51.988297,0.0],[-127.023545,51.988301,0.0],[-127.023381,51.988116,0.0],[-127.021883,51.987685,0.0],[-127.021358,51.98832,0.0],[-127.02092,51.988324,0.0],[-127.020146,51.987703,0.0],[-127.018541,51.988129,0.0],[-127.019614,51.988605,0.0],[-127.019277,51.989038,0.0],[-127.019627,51.989143,0.0],[-127.019639,51.989681,0.0],[-127.019202,51.989685,0.0],[-127.019579,51.990575,0.0],[-127.018994,51.990661,0.0],[-127.018346,51.9905,0.0],[-127.018339,51.990231,0.0],[-127.01774,51.989784,0.0],[-127.016806,51.990134,0.0],[-127.015314,51.989612,0.0],[-127.014833,51.989993,0.0],[-127.014253,51.990177,0.0],[-127.013527,51.990274,0.0],[-127.011071,51.990398,0.0],[-127.010745,51.990734,0.0],[-127.010209,51.990944,0.0],[-127.009765,51.991783,0.0],[-127.010138,51.99229,0.0],[-127.010665,51.991747,0.0],[-127.010933,51.991642,0.0],[-127.010946,51.99218,0.0],[-127.010952,51.992449,0.0],[-127.009639,51.992461,0.0],[-127.009646,51.99273,0.0],[-127.009208,51.992734,0.0],[-127.009214,51.993003,0.0],[-127.00782,51.993123,0.0],[-127.007477,51.993556,0.0],[-127.007483,51.993826,0.0],[-127.007045,51.993829,0.0],[-127.005541,51.99402,0.0],[-127.006183,51.994375,0.0],[-127.005488,51.995042,0.0],[-127.005604,51.99534,0.0],[-127.005332,51.995459,0.0],[-127.004457,51.995467,0.0],[-127.004464,51.995736,0.0],[-127.004026,51.99574,0.0],[-127.00402,51.995471,0.0],[-127.003793,51.995128,0.0],[-127.003582,51.995475,0.0],[-127.0033,51.995837,0.0],[-127.003188,51.997362,0.0],[-127.002751,51.997366,0.0],[-127.002757,51.997635,0.0],[-127.002319,51.997639,0.0],[-127.002332,51.998177,0.0],[-127.002344,51.998715,0.0],[-127.002088,51.998827,0.0],[-127.001702,51.99949,0.0],[-127.000772,51.999358,0.0],[-127.000335,51.997994,0.0]],[[-127.010198,51.987415,0.0],[-127.010961,51.987175,0.0],[-127.009952,51.987075,0.0],[-127.010198,51.987415,0.0]],[[-127.021694,51.984011,0.0],[-127.021467,51.983668,0.0],[-127.021257,51.984015,0.0],[-127.021703,51.984386,0.0],[-127.022132,51.984007,0.0],[-127.021694,51.984011,0.0]],[[-127.002282,51.996024,0.0],[-127.002471,51.996634,0.0],[-127.002854,51.996169,0.0],[-127.002282,51.996024,0.0]],[[-127.011696,51.986791,0.0],[-127.011941,51.98713,0.0],[-127.012704,51.986891,0.0],[-127.011696,51.986791,0.0]]]}},{"type":"Feature","properties":{"rgi_id":"RGI2000-v7.0-G-02-04121","o1region":"02"},"geometry":{"type":"Polygon","coordinates":[[[-127.015177,51.985995,0.0],[-127.014602,51.986194,0.0],[-127.014486,51.986251,0.0],[-127.01366,51.986083,0.0],[-127.013211,51.986121,0.0],[-127.011239,51.985987,0.0],[-127.010847,51.986379,0.0],[-127.010846,51.986379,0.0],[-127.009663,51.986732,0.0],[-127.008753,51.98565,0.0],[-127.008696,51.985398,0.0],[-127.008641,51.984921,0.0],[-127.009147,51.984795,0.0],[-127.008612,51.984672,0.0],[-127.00858,51.984395,0.0],[-127.009057,51.98429,0.0],[-127.008531,51.983965,0.0],[-127.008429,51.983076,0.0],[-127.011614,51.983293,0.0],[-127.01206,51.983664,0.0],[-127.012489,51.983285,0.0],[-127.012927,51.983281,0.0],[-127.012939,51.983819,0.0],[-127.012375,51.98398,0.0],[-127.013383,51.984084,0.0],[-127.013389,51.984354,0.0],[-127.014264,51.984346,0.0],[-127.014726,51.985418,0.0],[-127.014733,51.985687,0.0],[-127.014739,51.985957,0.0],[-127.015176,51.985953,0.0],[-127.015177,51.985995,0.0]]]}},{"type":"Feature","properties":{"rgi_id":"RGI2000-v7.0-G-02-04122","o1region":"02"},"geometry":{"type":"Polygon","coordinates":[[[-126.998482,51.995603,0.0],[-126.999421,51.99531,0.0],[-126.999862,51.995438,0.0],[-127.000513,51.995232,0.0],[-127.000951,51.995228,0.0],[-127.000945,51.994959,0.0],[-127.001513,51.994237,0.0],[-127.002515,51.993509,0.0],[-127.003509,51.992248,0.0],[-127.004377,51.991969,0.0],[-127.004486,51.992134,0.0],[-127.003863,51.992821,0.0],[-127.00313,51.993221,0.0],[-127.002787,51.994215,0.0],[-127.001343,51.995002,0.0],[-127.000654,51.995989,0.0],[-126.999848,51.996709,0.0],[-127.000335,51.997994,0.0],[-127.000772,51.999358,0.0],[-127.000168,51.999272,0.0],[-126.99942,51.998381,0.0],[-126.99906,51.996808,0.0],[-126.998356,51.996597,0.0],[-126.998482,51.995603,0.0]]]}},{"type":"Feature","properties":{"rgi_id":"RGI2000-v7.0-G-02-04123","o1region":"02"},"geometry":{"type":"Polygon","coordinates":[[[-126.991637,52.009035,0.0],[-126.991349,52.008629,0.0],[-126.992044,52.006862,0.0],[-126.993901,52.006589,0.0],[-126.994214,52.00686,0.0],[-126.993657,52.006999,0.0],[-126.99422,52.007129,0.0],[-126.994983,52.007054,0.0],[-126.995634,52.006647,0.0],[-126.996396,52.006572,0.0],[-126.996954,52.006432,0.0],[-126.99639,52.006303,0.0],[-126.996384,52.006034,0.0],[-126.996822,52.00603,0.0],[-126.997697,52.006022,0.0],[-126.997703,52.006291,0.0],[-126.998141,52.006288,0.0],[-126.998147,52.006557,0.0],[-126.998637,52.006922,0.0],[-126.999645,52.006125,0.0],[-127.000126,52.005881,0.0],[-127.000311,52.005461,0.0],[-127.000748,52.005457,0.0],[-127.000736,52.004919,0.0],[-127.001174,52.004916,0.0],[-127.001167,52.004646,0.0],[-127.00168,52.004438,0.0],[-127.001005,52.005464,0.0],[-126.999415,52.006749,0.0],[-126.999093,52.007441,0.0],[-126.998351,52.008104,0.0],[-126.998036,52.008782,0.0],[-126.997152,52.009147,0.0],[-126.996458,52.009263,0.0],[-126.996446,52.008725,0.0],[-126.996008,52.008728,0.0],[-126.995752,52.008098,0.0],[-126.995133,52.008736,0.0],[-126.994695,52.00874,0.0],[-126.994257,52.008743,0.0],[-126.994263,52.009013,0.0],[-126.99295,52.009024,0.0],[-126.992957,52.009293,0.0],[-126.992368,52.009119,0.0],[-126.991637,52.009035,0.0]]]}},{"type":"Feature","properties":{"rgi_id":"RGI2000-v7.0-G-02-04124","o1region":"02"},"geometry":{"type":"Polygon","coordinates":[[[-126.997933,52.009705,0.0],[-126.998282,52.008681,0.0],[-126.998036,52.008782,0.0],[-126.998351,52.008104,0.0],[-126.999093,52.007441,0.0],[-126.999415,52.006749,0.0],[-127.001005,52.005464,0.0],[-127.00168,52.004438,0.0],[-127.002821,52.003973,0.0],[-127.005137,52.003687,0.0],[-127.00722,52.004435,0.0],[-127.011385,52.004019,0.0],[-127.012731,52.004308,0.0],[-127.011677,52.004824,0.0],[-127.010802,52.004831,0.0],[-127.010808,52.0051,0.0],[-127.010546,52.005767,0.0],[-127.009076,52.005923,0.0],[-127.008819,52.005293,0.0],[-127.008201,52.005931,0.0],[-127.007763,52.005935,0.0],[-127.007769,52.006204,0.0],[-127.007332,52.006208,0.0],[-127.007131,52.005753,0.0],[-127.005787,52.006308,0.0],[-127.005587,52.006492,0.0],[-127.0056,52.00703,0.0],[-127.005162,52.007034,0.0],[-127.004891,52.006702,0.0],[-127.003632,52.007126,0.0],[-127.002689,52.00683,0.0],[-127.002408,52.007692,0.0],[-127.002992,52.00786,0.0],[-127.002843,52.008049,0.0],[-127.001908,52.008339,0.0],[-127.001248,52.008145,0.0],[-127.001097,52.007967,0.0],[-126.99969,52.007545,0.0],[-126.999358,52.008517,0.0],[-126.999947,52.008694,0.0],[-126.999978,52.01004,0.0],[-126.999103,52.010047,0.0],[-126.999109,52.010316,0.0],[-126.998671,52.01032,0.0],[-126.998677,52.010589,0.0],[-126.997206,52.010855,0.0],[-126.997814,52.011135,0.0],[-126.997389,52.011677,0.0],[-126.996951,52.011681,0.0],[-126.996957,52.01195,0.0],[-126.996964,52.012219,0.0],[-126.996526,52.012223,0.0],[-126.996532,52.012492,0.0],[-126.996159,52.012495,0.0],[-126.995521,52.011958,0.0],[-126.994975,52.011394,0.0],[-126.995045,52.011136,0.0],[-126.99562,52.010885,0.0],[-126.996057,52.010881,0.0],[-126.996051,52.010612,0.0],[-126.996489,52.010608,0.0],[-126.996484,52.010413,0.0],[-126.996652,52.010366,0.0],[-126.996796,52.010202,0.0],[-126.997933,52.009705,0.0]]]}},{"type":"Feature","properties":{"rgi_id":"RGI2000-v7.0-G-02-04125","o1region":"02"},"geometry":{"type":"Polygon","coordinates":[[[-127.002873,52.010974,0.0],[-127.003048,52.010282,0.0],[-127.003486,52.010278,0.0],[-127.00348,52.010009,0.0],[-127.004206,52.009912,0.0],[-127.007105,52.008991,0.0],[-127.009871,52.008786,0.0],[-127.011032,52.008419,0.0],[-127.013947,52.008303,0.0],[-127.01526,52.008291,0.0],[-127.01599,52.008375,0.0],[-127.016579,52.008549,0.0],[-127.016582,52.008688,0.0],[-127.016608,52.008689,0.0],[-127.018333,52.008674,0.0],[-127.01833,52.008533,0.0],[-127.020811,52.008601,0.0],[-127.021192,52.008714,0.0],[-127.022634,52.008778,0.0],[-127.024718,52.008759,0.0],[-127.027395,52.009305,0.0],[-127.027979,52.009514,0.0],[-127.028572,52.010078,0.0],[-127.027998,52.010297,0.0],[-127.026719,52.010095,0.0],[-127.024862,52.009969,0.0],[-127.024438,52.010137,0.0],[-127.024297,52.010244,0.0],[-127.024183,52.010238,0.0],[-127.023944,52.010333,0.0],[-127.023655,52.01059,0.0],[-127.023444,52.011057,0.0],[-127.022971,52.011305,0.0],[-127.021542,52.012395,0.0],[-127.019181,52.012135,0.0],[-127.017288,52.01165,0.0],[-127.017013,52.011276,0.0],[-127.016664,52.011223,0.0],[-127.016136,52.011625,0.0],[-127.014171,52.011766,0.0],[-127.012404,52.011375,0.0],[-127.010114,52.011539,0.0],[-127.0083,52.010921,0.0],[-127.00863,52.0117,0.0],[-127.011182,52.012637,0.0],[-127.01069,52.013165,0.0],[-127.006005,52.0135,0.0],[-127.00375,52.013114,0.0],[-127.00247,52.012831,0.0],[-127.001791,52.012715,0.0],[-127.001772,52.011908,0.0],[-127.002873,52.010974,0.0]]]}},{"type":"Feature","properties":{"rgi_id":"RGI2000-v7.0-G-02-04129","o1region":"02"},"geometry":{"type":"Polygon","coordinates":[[[-127.041469,52.005904,0.0],[-127.04059,52.005645,0.0],[-127.039789,52.005894,0.0],[-127.038531,52.005032,0.0],[-127.038373,52.004586,0.0],[-127.037722,52.004792,0.0],[-127.037244,52.004654,0.0],[-127.036922,52.004955,0.0],[-127.037511,52.005132,0.0],[-127.036968,52.005763,0.0],[-127.036324,52.005064,0.0],[-127.035754,52.004879,0.0],[-127.035527,52.004536,0.0],[-127.035316,52.004883,0.0],[-127.034699,52.004619,0.0],[-127.035556,52.00423,0.0],[-127.035903,52.002132,0.0],[-127.03699,52.001638,0.0],[-127.037217,52.001981,0.0],[-127.037427,52.001634,0.0],[-127.040905,52.001757,0.0],[-127.042477,52.002807,0.0],[-127.044541,52.0037,0.0],[-127.045339,52.004572,0.0],[-127.044944,52.004796,0.0],[-127.044218,52.004893,0.0],[-127.043651,52.005615,0.0],[-127.043213,52.005619,0.0],[-127.04295,52.005225,0.0],[-127.043014,52.004933,0.0],[-127.042222,52.004703,0.0],[-127.041469,52.005904,0.0]]]}},{"type":"Feature","properties":{"rgi_id":"RGI2000-v7.0-G-02-04130","o1region":"02"},"geometry":{"type":"Polygon","coordinates":[[[-127.047217,52.008274,0.0],[-127.047204,52.007736,0.0],[-127.049854,52.007244,0.0],[-127.050698,52.007435,0.0],[-127.050705,52.007704,0.0],[-127.051143,52.0077,0.0],[-127.052893,52.007684,0.0],[-127.052913,52.008491,0.0],[-127.0516,52.008503,0.0],[-127.051606,52.008772,0.0],[-127.051169,52.008776,0.0],[-127.051175,52.009045,0.0],[-127.051188,52.009583,0.0],[-127.050313,52.009591,0.0],[-127.050319,52.009861,0.0],[-127.050326,52.01013,0.0],[-127.049888,52.010134,0.0],[-127.049595,52.010046,0.0],[-127.049286,52.009422,0.0],[-127.048115,52.009071,0.0],[-127.047509,52.008362,0.0],[-127.047217,52.008274,0.0]]]}},{"type":"Feature","properties":{"rgi_id":"RGI2000-v7.0-G-02-04134","o1region":"02"},"geometry":{"type":"Polygon","coordinates":[[[-127.091241,51.981644,0.0],[-127.091836,51.98237,0.0],[-127.092589,51.983031,0.0],[-127.092969,51.983929,0.0],[-127.093357,51.984594,0.0],[-127.093763,51.985553,0.0],[-127.093932,51.985842,0.0],[-127.093937,51.986038,0.0],[-127.092438,51.986205,0.0],[-127.090882,51.986337,0.0],[-127.090007,51.986345,0.0],[-127.09002,51.986883,0.0],[-127.088864,51.987254,0.0],[-127.088721,51.987434,0.0],[-127.087846,51.987442,0.0],[-127.087853,51.987711,0.0],[-127.085666,51.987732,0.0],[-127.085237,51.987318,0.0],[-127.083659,51.987032,0.0],[-127.082865,51.987386,0.0],[-127.081722,51.9875,0.0],[-127.081709,51.986961,0.0],[-127.080396,51.986974,0.0],[-127.080403,51.987243,0.0],[-127.079965,51.987247,0.0],[-127.079972,51.987516,0.0],[-127.079834,51.988668,0.0],[-127.079555,51.988327,0.0],[-127.079548,51.988058,0.0],[-127.079111,51.988062,0.0],[-127.079104,51.987793,0.0],[-127.078455,51.987167,0.0],[-127.078229,51.987802,0.0],[-127.076917,51.987814,0.0],[-127.076068,51.987082,0.0],[-127.074585,51.987301,0.0],[-127.074089,51.986874,0.0],[-127.07339,51.98677,0.0],[-127.073384,51.986501,0.0],[-127.072946,51.986505,0.0],[-127.072495,51.985971,0.0],[-127.073659,51.98587,0.0],[-127.07393,51.984971,0.0],[-127.075237,51.984726,0.0],[-127.0748,51.984288,0.0],[-127.073775,51.984613,0.0],[-127.073755,51.983806,0.0],[-127.074192,51.983802,0.0],[-127.074853,51.983996,0.0],[-127.075791,51.983703,0.0],[-127.075922,51.982978,0.0],[-127.078358,51.982577,0.0],[-127.078412,51.982562,0.0],[-127.078947,51.982608,0.0],[-127.080206,51.982317,0.0],[-127.080954,51.98252,0.0],[-127.081374,51.9828,0.0],[-127.082395,51.983045,0.0],[-127.083992,51.982491,0.0],[-127.084885,51.982229,0.0],[-127.086249,51.981756,0.0],[-127.091111,51.981494,0.0],[-127.091147,51.981529,0.0],[-127.0912,51.981594,0.0],[-127.091202,51.981674,0.0],[-127.091241,51.981644,0.0]]]}},{"type":"Feature","properties":{"rgi_id":"RGI2000-v7.0-G-02-04135","o1region":"02"},"geometry":{"type":"Polygon","coordinates":[[[-127.09568,51.985753,0.0],[-127.09393,51.985769,0.0],[-127.093932,51.985842,0.0],[-127.093763,51.985553,0.0],[-127.093357,51.984594,0.0],[-127.092969,51.983929,0.0],[-127.092589,51.983031,0.0],[-127.091836,51.98237,0.0],[-127.091241,51.981644,0.0],[-127.091448,51.981486,0.0],[-127.091198,51.981489,0.0],[-127.09139,51.981073,0.0],[-127.091854,51.98082,0.0],[-127.092521,51.980328,0.0],[-127.095296,51.978871,0.0],[-127.095911,51.979684,0.0],[-127.096194,51.979433,0.0],[-127.096571,51.978332,0.0],[-127.099221,51.978058,0.0],[-127.0994,51.977104,0.0],[-127.099837,51.9771,0.0],[-127.099825,51.976644,0.0],[-127.09994,51.976613,0.0],[-127.1007,51.976643,0.0],[-127.100712,51.977092,0.0],[-127.101159,51.977463,0.0],[-127.101586,51.977083,0.0],[-127.10223,51.977222,0.0],[-127.103987,51.977529,0.0],[-127.103356,51.977874,0.0],[-127.102354,51.977996,0.0],[-127.102926,51.978147,0.0],[-127.103186,51.978398,0.0],[-127.104941,51.978043,0.0],[-127.105085,51.97705,0.0],[-127.105078,51.976781,0.0],[-127.107509,51.97664,0.0],[-127.108309,51.975382,0.0],[-127.108743,51.974362,0.0],[-127.110359,51.973569,0.0],[-127.111105,51.972954,0.0],[-127.111543,51.97295,0.0],[-127.111536,51.972681,0.0],[-127.113652,51.972823,0.0],[-127.115465,51.972374,0.0],[-127.115699,51.972997,0.0],[-127.115902,51.97237,0.0],[-127.116487,51.972545,0.0],[-127.11679,51.972899,0.0],[-127.116187,51.973174,0.0],[-127.116804,51.973438,0.0],[-127.117269,51.97451,0.0],[-127.116405,51.974382,0.0],[-127.115749,51.973817,0.0],[-127.114631,51.973997,0.0],[-127.114624,51.973728,0.0],[-127.113312,51.973741,0.0],[-127.113319,51.97401,0.0],[-127.112882,51.974014,0.0],[-127.112445,51.974018,0.0],[-127.112452,51.974287,0.0],[-127.112903,51.974821,0.0],[-127.112465,51.974825,0.0],[-127.112472,51.975095,0.0],[-127.111887,51.974919,0.0],[-127.11137,51.974314,0.0],[-127.111002,51.974654,0.0],[-127.111604,51.975372,0.0],[-127.11073,51.975381,0.0],[-127.110283,51.975009,0.0],[-127.109855,51.975389,0.0],[-127.109869,51.975927,0.0],[-127.111341,51.976555,0.0],[-127.110327,51.97673,0.0],[-127.109889,51.976734,0.0],[-127.109896,51.977003,0.0],[-127.109686,51.977349,0.0],[-127.109331,51.976816,0.0],[-127.108577,51.976747,0.0],[-127.10835,51.976405,0.0],[-127.10814,51.976751,0.0],[-127.10746,51.977406,0.0],[-127.107299,51.978105,0.0],[-127.107306,51.978374,0.0],[-127.107744,51.97837,0.0],[-127.108646,51.979438,0.0],[-127.107778,51.979715,0.0],[-127.107771,51.979446,0.0],[-127.107764,51.979177,0.0],[-127.107327,51.979181,0.0],[-127.107135,51.978608,0.0],[-127.10626,51.978299,0.0],[-127.106001,51.978656,0.0],[-127.105291,51.978785,0.0],[-127.105864,51.979349,0.0],[-127.104543,51.980437,0.0],[-127.103862,51.980561,0.0],[-127.10371,51.980383,0.0],[-127.102364,51.97998,0.0],[-127.101682,51.980851,0.0],[-127.100807,51.980859,0.0],[-127.1008,51.98059,0.0],[-127.101404,51.980315,0.0],[-127.100787,51.980052,0.0],[-127.10065,51.980053,0.0],[-127.100577,51.980162,0.0],[-127.100355,51.980272,0.0],[-127.100363,51.980594,0.0],[-127.099925,51.980598,0.0],[-127.099932,51.980867,0.0],[-127.099495,51.980872,0.0],[-127.099522,51.981948,0.0],[-127.098647,51.981956,0.0],[-127.098654,51.982225,0.0],[-127.098217,51.982229,0.0],[-127.09777,51.981858,0.0],[-127.097342,51.982238,0.0],[-127.096904,51.982242,0.0],[-127.096467,51.982246,0.0],[-127.096474,51.982515,0.0],[-127.095769,51.982308,0.0],[-127.095246,51.982969,0.0],[-127.096487,51.983053,0.0],[-127.096501,51.983592,0.0],[-127.095944,51.983731,0.0],[-127.096508,51.983861,0.0],[-127.096084,51.984403,0.0],[-127.095646,51.984407,0.0],[-127.09568,51.985753,0.0]],[[-127.095421,51.983809,0.0],[-127.094608,51.98407,0.0],[-127.095646,51.984407,0.0],[-127.095421,51.983809,0.0]],[[-127.094056,51.985575,0.0],[-127.095437,51.985273,0.0],[-127.094341,51.984689,0.0],[-127.094056,51.985575,0.0]]]}},{"type":"Feature","properties":{"rgi_id":"RGI2000-v7.0-G-02-04136","o1region":"02"},"geometry":{"type":"Polygon","coordinates":[[[-127.099817,51.976293,0.0],[-127.099379,51.976297,0.0],[-127.099366,51.975759,0.0],[-127.099654,51.975666,0.0],[-127.100499,51.974589,0.0],[-127.100637,51.974132,0.0],[-127.10063,51.973863,0.0],[-127.101212,51.973651,0.0],[-127.100453,51.972469,0.0],[-127.100166,51.97279,0.0],[-127.099141,51.972457,0.0],[-127.099715,51.972256,0.0],[-127.100152,51.972252,0.0],[-127.100145,51.971983,0.0],[-127.101185,51.971371,0.0],[-127.100125,51.971176,0.0],[-127.100406,51.970814,0.0],[-127.100542,51.970364,0.0],[-127.100979,51.97036,0.0],[-127.101416,51.970356,0.0],[-127.101644,51.970699,0.0],[-127.101854,51.970352,0.0],[-127.102257,51.970154,0.0],[-127.10268,51.96846,0.0],[-127.103284,51.968185,0.0],[-127.102667,51.967922,0.0],[-127.102308,51.967032,0.0],[-127.102612,51.965769,0.0],[-127.102876,51.965661,0.0],[-127.103542,51.964999,0.0],[-127.105803,51.964485,0.0],[-127.104475,51.963493,0.0],[-127.104286,51.962792,0.0],[-127.104724,51.962788,0.0],[-127.104925,51.963207,0.0],[-127.106069,51.964121,0.0],[-127.106076,51.96439,0.0],[-127.106513,51.964386,0.0],[-127.106813,51.964742,0.0],[-127.106978,51.965458,0.0],[-127.106301,51.965584,0.0],[-127.105923,51.966018,0.0],[-127.106872,51.966977,0.0],[-127.106725,51.967808,0.0],[-127.107784,51.968261,0.0],[-127.107449,51.966799,0.0],[-127.109005,51.967491,0.0],[-127.109446,51.967128,0.0],[-127.10967,51.968124,0.0],[-127.109096,51.968324,0.0],[-127.110121,51.968657,0.0],[-127.111228,51.968535,0.0],[-127.112604,51.969667,0.0],[-127.11277,51.969644,0.0],[-127.112779,51.969978,0.0],[-127.111574,51.970484,0.0],[-127.110775,51.970156,0.0],[-127.110592,51.969999,0.0],[-127.109627,51.970128,0.0],[-127.109152,51.97073,0.0],[-127.108864,51.970823,0.0],[-127.10867,51.970673,0.0],[-127.108133,51.970426,0.0],[-127.109189,51.969908,0.0],[-127.108587,51.969632,0.0],[-127.108198,51.969332,0.0],[-127.106889,51.96911,0.0],[-127.106369,51.97119,0.0],[-127.104804,51.971601,0.0],[-127.103521,51.971497,0.0],[-127.103033,51.972649,0.0],[-127.105246,51.973666,0.0],[-127.105448,51.974086,0.0],[-127.10501,51.97409,0.0],[-127.105024,51.974628,0.0],[-127.10442,51.974903,0.0],[-127.105037,51.975166,0.0],[-127.105051,51.975704,0.0],[-127.103947,51.975549,0.0],[-127.102688,51.97583,0.0],[-127.103746,51.975986,0.0],[-127.103397,51.976308,0.0],[-127.10201,51.976541,0.0],[-127.101563,51.97617,0.0],[-127.101135,51.976549,0.0],[-127.100698,51.976554,0.0],[-127.1007,51.976643,0.0],[-127.09994,51.976613,0.0],[-127.099825,51.976644,0.0],[-127.099817,51.976293,0.0]],[[-127.111584,51.969881,0.0],[-127.110827,51.969647,0.0],[-127.110592,51.969999,0.0],[-127.111584,51.969881,0.0]]]}},{"type":"Feature","properties":{"rgi_id":"RGI2000-v7.0-G-02-04137","o1region":"02"},"geometry":{"type":"Polygon","coordinates":[[[-127.120938,51.971359,0.0],[-127.120247,51.971251,0.0],[-127.12024,51.970982,0.0],[-127.121094,51.970166,0.0],[-127.121087,51.969897,0.0],[-127.12065,51.969901,0.0],[-127.120643,51.969632,0.0],[-127.121165,51.969261,0.0],[-127.12355,51.968708,0.0],[-127.127612,51.968487,0.0],[-127.127619,51.968756,0.0],[-127.128056,51.968752,0.0],[-127.128934,51.969015,0.0],[-127.129389,51.969547,0.0],[-127.129586,51.97067,0.0],[-127.130298,51.970883,0.0],[-127.130305,51.971152,0.0],[-127.12981,51.971387,0.0],[-127.129231,51.971882,0.0],[-127.128556,51.971342,0.0],[-127.126162,51.97162,0.0],[-127.125723,51.971578,0.0],[-127.125274,51.97163,0.0],[-127.123863,51.971297,0.0],[-127.122933,51.972092,0.0],[-127.120938,51.971359,0.0]]]}},{"type":"Feature","properties":{"rgi_id":"RGI2000-v7.0-G-02-04138","o1region":"02"},"geometry":{"type":"Polygon","coordinates":[[[-127.13841,51.977178,0.0],[-127.137559,51.976665,0.0],[-127.137435,51.976196,0.0],[-127.137578,51.976016,0.0],[-127.139028,51.975821,0.0],[-127.139608,51.975636,0.0],[-127.140045,51.975632,0.0],[-127.141154,51.975788,0.0],[-127.141795,51.975615,0.0],[-127.142232,51.97561,0.0],[-127.142225,51.975341,0.0],[-127.142662,51.975337,0.0],[-127.1431,51.975333,0.0],[-127.143551,51.975866,0.0],[-127.143565,51.976405,0.0],[-127.144003,51.9764,0.0],[-127.144017,51.976938,0.0],[-127.146203,51.976917,0.0],[-127.14621,51.977186,0.0],[-127.146648,51.977181,0.0],[-127.147085,51.977177,0.0],[-127.147099,51.977715,0.0],[-127.147974,51.977706,0.0],[-127.147988,51.978245,0.0],[-127.14834,51.978891,0.0],[-127.1493,51.978232,0.0],[-127.149431,51.97823,0.0],[-127.148662,51.979112,0.0],[-127.148648,51.979108,0.0],[-127.147069,51.979982,0.0],[-127.14631,51.980953,0.0],[-127.145584,51.981051,0.0],[-127.145005,51.981235,0.0],[-127.144997,51.980966,0.0],[-127.14456,51.98097,0.0],[-127.14296,51.981077,0.0],[-127.14238,51.981261,0.0],[-127.141804,51.981203,0.0],[-127.141349,51.980203,0.0],[-127.138846,51.980456,0.0],[-127.137545,51.980156,0.0],[-127.137634,51.980139,0.0],[-127.137244,51.979907,0.0],[-127.137169,51.980084,0.0],[-127.136806,51.980025,0.0],[-127.136455,51.979007,0.0],[-127.135742,51.978366,0.0],[-127.13587,51.977648,0.0],[-127.136575,51.976743,0.0],[-127.13716,51.976918,0.0],[-127.137463,51.977273,0.0],[-127.13841,51.977178,0.0]],[[-127.136912,51.977424,0.0],[-127.137302,51.977893,0.0],[-127.137463,51.977273,0.0],[-127.136912,51.977424,0.0]]]}},{"type":"Feature","properties":{"rgi_id":"RGI2000-v7.0-G-02-04139","o1region":"02"},"geometry":{"type":"Polygon","coordinates":[[[-127.153809,51.9833,0.0],[-127.153473,51.983734,0.0],[-127.153824,51.983839,0.0],[-127.153831,51.984108,0.0],[-127.153838,51.984377,0.0],[-127.153401,51.984381,0.0],[-127.152963,51.984385,0.0],[-127.152977,51.984924,0.0],[-127.15254,51.984928,0.0],[-127.152547,51.985197,0.0],[-127.15079,51.984946,0.0],[-127.150783,51.984676,0.0],[-127.147721,51.984707,0.0],[-127.147714,51.984438,0.0],[-127.149269,51.982997,0.0],[-127.153809,51.9833,0.0]]]}},{"type":"Feature","properties":{"rgi_id":"RGI2000-v7.0-G-02-04140","o1region":"02"},"geometry":{"type":"Polygon","coordinates":[[[-127.153809,51.9833,0.0],[-127.15409,51.982938,0.0],[-127.154218,51.98222,0.0],[-127.154463,51.982095,0.0],[-127.154183,51.980874,0.0],[-127.154546,51.980018,0.0],[-127.157667,51.980301,0.0],[-127.157675,51.98057,0.0],[-127.158112,51.980566,0.0],[-127.159177,51.980983,0.0],[-127.161464,51.981718,0.0],[-127.161647,51.981876,0.0],[-127.161654,51.982145,0.0],[-127.162092,51.98214,0.0],[-127.162099,51.982409,0.0],[-127.16191,51.983093,0.0],[-127.15563,51.982926,0.0],[-127.155122,51.983287,0.0],[-127.153809,51.9833,0.0]]]}},{"type":"Feature","properties":{"rgi_id":"RGI2000-v7.0-G-02-04141","o1region":"02"},"geometry":{"type":"Polygon","coordinates":[[[-127.168621,51.970959,0.0],[-127.171619,51.970593,0.0],[-127.172134,51.970614,0.0],[-127.172708,51.97019,0.0],[-127.173145,51.970185,0.0],[-127.173138,51.969916,0.0],[-127.173511,51.969544,0.0],[-127.175499,51.970056,0.0],[-127.178662,51.970234,0.0],[-127.179274,51.970392,0.0],[-127.179024,51.971037,0.0],[-127.178006,51.97202,0.0],[-127.177131,51.972029,0.0],[-127.177146,51.972567,0.0],[-127.177153,51.972836,0.0],[-127.175323,51.973736,0.0],[-127.17501,51.974473,0.0],[-127.173617,51.974595,0.0],[-127.173275,51.975029,0.0],[-127.172236,51.975204,0.0],[-127.170695,51.97667,0.0],[-127.170021,51.976888,0.0],[-127.169842,51.977486,0.0],[-127.169149,51.977707,0.0],[-127.168815,51.977318,0.0],[-127.168523,51.97723,0.0],[-127.168515,51.976961,0.0],[-127.169072,51.976821,0.0],[-127.168508,51.976692,0.0],[-127.168501,51.976423,0.0],[-127.169057,51.976283,0.0],[-127.168494,51.976154,0.0],[-127.168465,51.975078,0.0],[-127.168458,51.974809,0.0],[-127.168895,51.974804,0.0],[-127.168888,51.974535,0.0],[-127.168873,51.973997,0.0],[-127.16943,51.973857,0.0],[-127.168866,51.973728,0.0],[-127.168859,51.973459,0.0],[-127.168422,51.973463,0.0],[-127.168407,51.972925,0.0],[-127.168621,51.970959,0.0]]]}},{"type":"Feature","properties":{"rgi_id":"RGI2000-v7.0-G-02-04142","o1region":"02"},"geometry":{"type":"Polygon","coordinates":[[[-127.192196,51.97391,0.0],[-127.189199,51.973628,0.0],[-127.18827,51.973986,0.0],[-127.186536,51.973847,0.0],[-127.185772,51.975053,0.0],[-127.183972,51.975306,0.0],[-127.183786,51.975459,0.0],[-127.183154,51.97518,0.0],[-127.183632,51.97347,0.0],[-127.185351,51.973165,0.0],[-127.185622,51.972087,0.0],[-127.186683,51.971682,0.0],[-127.186745,51.971535,0.0],[-127.187135,51.971476,0.0],[-127.188931,51.971638,0.0],[-127.192048,51.972099,0.0],[-127.192781,51.972663,0.0],[-127.192917,51.972853,0.0],[-127.193734,51.973517,0.0],[-127.193995,51.973891,0.0],[-127.194734,51.974617,0.0],[-127.196206,51.975292,0.0],[-127.196483,51.975866,0.0],[-127.195863,51.975714,0.0],[-127.193573,51.975516,0.0],[-127.193726,51.97506,0.0],[-127.19251,51.974562,0.0],[-127.192196,51.97391,0.0]]]}},{"type":"Feature","properties":{"rgi_id":"RGI2000-v7.0-G-02-04144","o1region":"02"},"geometry":{"type":"Polygon","coordinates":[[[-127.331168,51.988384,0.0],[-127.331423,51.986493,0.0],[-127.332852,51.986211,0.0],[-127.333289,51.986206,0.0],[-127.333442,51.986383,0.0],[-127.336444,51.986544,0.0],[-127.336814,51.986972,0.0],[-127.336822,51.987241,0.0],[-127.337259,51.987236,0.0],[-127.337292,51.988313,0.0],[-127.33502,51.98811,0.0],[-127.333203,51.988972,0.0],[-127.331363,51.988533,0.0],[-127.331168,51.988384,0.0]]]}},{"type":"Feature","properties":{"rgi_id":"RGI2000-v7.0-G-02-04145","o1region":"02"},"geometry":{"type":"Polygon","coordinates":[[[-127.34005,51.987829,0.0],[-127.339718,51.98726,0.0],[-127.339017,51.987485,0.0],[-127.339001,51.986947,0.0],[-127.338984,51.986409,0.0],[-127.338547,51.986414,0.0],[-127.337813,51.985785,0.0],[-127.336764,51.985358,0.0],[-127.33642,51.984699,0.0],[-127.335881,51.985099,0.0],[-127.334547,51.985411,0.0],[-127.335241,51.983404,0.0],[-127.339322,51.983175,0.0],[-127.339552,51.983517,0.0],[-127.33976,51.98317,0.0],[-127.339751,51.982901,0.0],[-127.340538,51.982891,0.0],[-127.340703,51.983319,0.0],[-127.340999,51.985146,0.0],[-127.340514,51.98924,0.0],[-127.339773,51.988374,0.0],[-127.33948,51.988287,0.0],[-127.339471,51.988018,0.0],[-127.34005,51.987829,0.0]],[[-127.33861,51.984461,0.0],[-127.337824,51.984174,0.0],[-127.337622,51.98481,0.0],[-127.33861,51.984461,0.0]]]}},{"type":"Feature","properties":{"rgi_id":"RGI2000-v7.0-G-02-04146","o1region":"02"},"geometry":{"type":"Polygon","coordinates":[[[-127.343118,51.985139,0.0],[-127.341747,51.983238,0.0],[-127.342587,51.982991,0.0],[-127.343561,51.983027,0.0],[-127.345669,51.982707,0.0],[-127.346502,51.982408,0.0],[-127.348429,51.982115,0.0],[-127.350195,51.981481,0.0],[-127.351996,51.981573,0.0],[-127.352132,51.98163,0.0],[-127.353609,51.981885,0.0],[-127.353899,51.98167,0.0],[-127.355703,51.981762,0.0],[-127.356117,51.982046,0.0],[-127.356594,51.982289,0.0],[-127.357008,51.982574,0.0],[-127.358455,51.983169,0.0],[-127.358583,51.983452,0.0],[-127.358601,51.984025,0.0],[-127.358239,51.984186,0.0],[-127.358635,51.985102,0.0],[-127.35776,51.985112,0.0],[-127.35753,51.98477,0.0],[-127.357322,51.985117,0.0],[-127.356885,51.985122,0.0],[-127.356893,51.985391,0.0],[-127.356456,51.985397,0.0],[-127.356473,51.985935,0.0],[-127.356481,51.986204,0.0],[-127.356044,51.986209,0.0],[-127.355606,51.986214,0.0],[-127.355615,51.986483,0.0],[-127.355177,51.986488,0.0],[-127.353865,51.986504,0.0],[-127.353428,51.986509,0.0],[-127.353419,51.98624,0.0],[-127.352982,51.986245,0.0],[-127.352973,51.985976,0.0],[-127.352536,51.985981,0.0],[-127.352528,51.985712,0.0],[-127.350778,51.985733,0.0],[-127.350175,51.98553,0.0],[-127.350776,51.984528,0.0],[-127.351174,51.984382,0.0],[-127.352082,51.984647,0.0],[-127.353067,51.984273,0.0],[-127.351423,51.983785,0.0],[-127.351165,51.984113,0.0],[-127.350485,51.984238,0.0],[-127.349003,51.984946,0.0],[-127.348774,51.984604,0.0],[-127.348566,51.984951,0.0],[-127.347254,51.984966,0.0],[-127.346805,51.984596,0.0],[-127.346379,51.984977,0.0],[-127.345974,51.9852,0.0],[-127.347061,51.986347,0.0],[-127.346217,51.986744,0.0],[-127.345347,51.986459,0.0],[-127.343656,51.986167,0.0],[-127.343118,51.985139,0.0]]]}},{"type":"Feature","properties":{"rgi_id":"RGI2000-v7.0-G-02-04147","o1region":"02"},"geometry":{"type":"Polygon","coordinates":[[[-127.146713,51.896928,0.0],[-127.145635,51.896561,0.0],[-127.144792,51.896623,0.0],[-127.146257,51.895324,0.0],[-127.146852,51.894332,0.0],[-127.145175,51.893501,0.0],[-127.14525,51.892789,0.0],[-127.145637,51.892357,0.0],[-127.145954,51.891884,0.0],[-127.145997,51.891862,0.0],[-127.146589,51.891856,0.0],[-127.146596,51.892125,0.0],[-127.147184,51.892298,0.0],[-127.148641,51.892464,0.0],[-127.149817,51.89281,0.0],[-127.151711,51.892972,0.0],[-127.151862,51.893149,0.0],[-127.15333,51.893582,0.0],[-127.154059,51.893665,0.0],[-127.154066,51.893934,0.0],[-127.154503,51.89393,0.0],[-127.155119,51.894193,0.0],[-127.154517,51.894468,0.0],[-127.153207,51.894481,0.0],[-127.153229,51.895289,0.0],[-127.154102,51.89528,0.0],[-127.154109,51.895549,0.0],[-127.152944,51.89547,0.0],[-127.151978,51.895013,0.0],[-127.15018,51.895588,0.0],[-127.149966,51.894966,0.0],[-127.148864,51.89534,0.0],[-127.148134,51.895111,0.0],[-127.148012,51.896149,0.0],[-127.147776,51.896273,0.0],[-127.147388,51.896571,0.0],[-127.146713,51.896928,0.0]]]}},{"type":"Feature","properties":{"rgi_id":"RGI2000-v7.0-G-02-04148","o1region":"02"},"geometry":{"type":"Polygon","coordinates":[[[-127.111498,51.873985,0.0],[-127.111196,51.873631,0.0],[-127.111751,51.873491,0.0],[-127.111189,51.873362,0.0],[-127.110296,51.872563,0.0],[-127.110289,51.872294,0.0],[-127.110725,51.872289,0.0],[-127.110719,51.87202,0.0],[-127.111832,51.872177,0.0],[-127.112638,51.871842,0.0],[-127.113585,51.871613,0.0],[-127.113759,51.871452,0.0],[-127.114722,51.871323,0.0],[-127.115054,51.870901,0.0],[-127.115335,51.870539,0.0],[-127.115449,51.869283,0.0],[-127.116125,51.869156,0.0],[-127.11704,51.869068,0.0],[-127.117305,51.869113,0.0],[-127.117567,51.869017,0.0],[-127.119594,51.86882,0.0],[-127.120241,51.868967,0.0],[-127.120687,51.869338,0.0],[-127.121114,51.868958,0.0],[-127.121986,51.86895,0.0],[-127.122213,51.869292,0.0],[-127.122423,51.868945,0.0],[-127.122723,51.868869,0.0],[-127.123003,51.868884,0.0],[-127.12446,51.868778,0.0],[-127.124697,51.868797,0.0],[-127.124821,51.868887,0.0],[-127.124992,51.869234,0.0],[-127.125407,51.869654,0.0],[-127.125879,51.870616,0.0],[-127.125861,51.870619,0.0],[-127.125889,51.870636,0.0],[-127.12607,51.871003,0.0],[-127.127066,51.87125,0.0],[-127.127097,51.871295,0.0],[-127.128232,51.871818,0.0],[-127.12879,51.872233,0.0],[-127.129078,51.873187,0.0],[-127.13025,51.873535,0.0],[-127.130401,51.873712,0.0],[-127.129248,51.874083,0.0],[-127.129106,51.874263,0.0],[-127.128551,51.874403,0.0],[-127.129113,51.874533,0.0],[-127.129503,51.875449,0.0],[-127.128885,51.875721,0.0],[-127.128711,51.875882,0.0],[-127.128275,51.875887,0.0],[-127.128282,51.876156,0.0],[-127.127846,51.87616,0.0],[-127.127853,51.876429,0.0],[-127.126831,51.876879,0.0],[-127.125561,51.878053,0.0],[-127.125076,51.877633,0.0],[-127.12386,51.877814,0.0],[-127.123544,51.878625,0.0],[-127.123551,51.878894,0.0],[-127.123115,51.878898,0.0],[-127.121806,51.878911,0.0],[-127.121527,51.878282,0.0],[-127.119483,51.877747,0.0],[-127.12049,51.878655,0.0],[-127.120054,51.878659,0.0],[-127.119498,51.878799,0.0],[-127.12006,51.878928,0.0],[-127.120074,51.879466,0.0],[-127.117879,51.878949,0.0],[-127.11783,51.877066,0.0],[-127.118267,51.877061,0.0],[-127.118246,51.876254,0.0],[-127.11781,51.876258,0.0],[-127.117522,51.876351,0.0],[-127.117096,51.876892,0.0],[-127.115946,51.877265,0.0],[-127.115662,51.877625,0.0],[-127.115226,51.877629,0.0],[-127.115233,51.877898,0.0],[-127.11524,51.878167,0.0],[-127.114803,51.878172,0.0],[-127.113494,51.878184,0.0],[-127.113823,51.877298,0.0],[-127.112594,51.877116,0.0],[-127.112397,51.876261,0.0],[-127.111974,51.876798,0.0],[-127.111271,51.876591,0.0],[-127.111258,51.876053,0.0],[-127.112723,51.875786,0.0],[-127.111867,51.875391,0.0],[-127.111673,51.875241,0.0],[-127.111802,51.874523,0.0],[-127.112082,51.87416,0.0],[-127.111498,51.873985,0.0]],[[-127.113071,51.874043,0.0],[-127.112316,51.873808,0.0],[-127.112082,51.87416,0.0],[-127.113071,51.874043,0.0]],[[-127.119124,51.876379,0.0],[-127.119466,51.876529,0.0],[-127.11968,51.876658,0.0],[-127.119908,51.876761,0.0],[-127.120157,51.876693,0.0],[-127.120408,51.876589,0.0],[-127.120719,51.876451,0.0],[-127.121041,51.876419,0.0],[-127.121112,51.876438,0.0],[-127.121239,51.87653,0.0],[-127.121283,51.876549,0.0],[-127.121481,51.87666,0.0],[-127.12165,51.876798,0.0],[-127.121691,51.876817,0.0],[-127.121901,51.876711,0.0],[-127.122053,51.876516,0.0],[-127.122115,51.876455,0.0],[-127.12245,51.876432,0.0],[-127.122663,51.876422,0.0],[-127.123699,51.876765,0.0],[-127.122939,51.875968,0.0],[-127.122395,51.875688,0.0],[-127.122352,51.87564,0.0],[-127.122168,51.875475,0.0],[-127.121898,51.875371,0.0],[-127.121687,51.875324,0.0],[-127.119544,51.874221,0.0],[-127.119564,51.87421,0.0],[-127.119586,51.874022,0.0],[-127.119521,51.873823,0.0],[-127.119456,51.873633,0.0],[-127.119378,51.873416,0.0],[-127.119329,51.873226,0.0],[-127.119273,51.873189,0.0],[-127.119129,51.873169,0.0],[-127.119158,51.873142,0.0],[-127.119139,51.872927,0.0],[-127.119131,51.872738,0.0],[-127.119125,51.87254,0.0],[-127.119133,51.872342,0.0],[-127.11911,51.872225,0.0],[-127.119069,51.872205,0.0],[-127.119191,51.872116,0.0],[-127.118129,51.871679,0.0],[-127.118534,51.872592,0.0],[-127.11868,51.872487,0.0],[-127.118688,51.87256,0.0],[-127.118685,51.872605,0.0],[-127.118707,51.872793,0.0],[-127.11873,51.872878,0.0],[-127.117734,51.872937,0.0],[-127.116411,51.872773,0.0],[-127.116604,51.872974,0.0],[-127.11653,51.873128,0.0],[-127.116609,51.873282,0.0],[-127.116778,51.873437,0.0],[-127.116946,51.873584,0.0],[-127.117128,51.87374,0.0],[-127.117468,51.873934,0.0],[-127.117585,51.874,0.0],[-127.117945,51.874377,0.0],[-127.118007,51.874776,0.0],[-127.11796,51.875226,0.0],[-127.118525,51.875974,0.0],[-127.118691,51.876029,0.0],[-127.11873,51.876059,0.0],[-127.118927,51.876241,0.0],[-127.119124,51.876379,0.0]],[[-127.114565,51.876632,0.0],[-127.115325,51.876392,0.0],[-127.114319,51.876292,0.0],[-127.114565,51.876632,0.0]],[[-127.122952,51.877929,0.0],[-127.123709,51.877466,0.0],[-127.122637,51.877288,0.0],[-127.122952,51.877929,0.0]]]}},{"type":"Feature","properties":{"rgi_id":"RGI2000-v7.0-G-02-04149","o1region":"02"},"geometry":{"type":"Polygon","coordinates":[[[-127.127098,51.869797,0.0],[-127.125927,51.869449,0.0],[-127.126085,51.869896,0.0],[-127.126384,51.870252,0.0],[-127.126391,51.870522,0.0],[-127.125879,51.870616,0.0],[-127.125407,51.869654,0.0],[-127.124992,51.869234,0.0],[-127.124821,51.868887,0.0],[-127.125118,51.868831,0.0],[-127.125725,51.868881,0.0],[-127.128141,51.86684,0.0],[-127.128173,51.866788,0.0],[-127.129269,51.865915,0.0],[-127.12959,51.86518,0.0],[-127.130184,51.864887,0.0],[-127.131634,51.865005,0.0],[-127.132996,51.865494,0.0],[-127.133931,51.865719,0.0],[-127.134125,51.865869,0.0],[-127.133477,51.86608,0.0],[-127.133132,51.866865,0.0],[-127.131691,51.86733,0.0],[-127.131549,51.86751,0.0],[-127.130973,51.867697,0.0],[-127.130269,51.868599,0.0],[-127.129603,51.868403,0.0],[-127.128815,51.868701,0.0],[-127.129403,51.868877,0.0],[-127.12941,51.869146,0.0],[-127.128095,51.869582,0.0],[-127.128723,51.870562,0.0],[-127.128143,51.870774,0.0],[-127.127559,51.870598,0.0],[-127.127256,51.870244,0.0],[-127.127098,51.869797,0.0]]]}},{"type":"Feature","properties":{"rgi_id":"RGI2000-v7.0-G-02-04150","o1region":"02"},"geometry":{"type":"Polygon","coordinates":[[[-127.134949,51.863977,0.0],[-127.13555,51.863702,0.0],[-127.134935,51.863439,0.0],[-127.134498,51.863443,0.0],[-127.134491,51.863174,0.0],[-127.133619,51.863182,0.0],[-127.133317,51.862828,0.0],[-127.132733,51.862653,0.0],[-127.13186,51.862661,0.0],[-127.131853,51.862392,0.0],[-127.131846,51.862123,0.0],[-127.131504,51.862127,0.0],[-127.131752,51.861361,0.0],[-127.131528,51.860379,0.0],[-127.131783,51.859701,0.0],[-127.13222,51.859697,0.0],[-127.132213,51.859428,0.0],[-127.133264,51.858996,0.0],[-127.13729,51.858533,0.0],[-127.139702,51.858729,0.0],[-127.1405,51.859346,0.0],[-127.138469,51.860321,0.0],[-127.138651,51.861007,0.0],[-127.140377,51.86162,0.0],[-127.140313,51.861919,0.0],[-127.14057,51.862037,0.0],[-127.140577,51.862306,0.0],[-127.140141,51.86231,0.0],[-127.140148,51.862579,0.0],[-127.140155,51.862849,0.0],[-127.139719,51.862853,0.0],[-127.139726,51.863122,0.0],[-127.13929,51.863126,0.0],[-127.139297,51.863395,0.0],[-127.138861,51.8634,0.0],[-127.138875,51.863938,0.0],[-127.137566,51.863951,0.0],[-127.137573,51.86422,0.0],[-127.136264,51.864233,0.0],[-127.135392,51.864242,0.0],[-127.134956,51.864246,0.0],[-127.134949,51.863977,0.0]],[[-127.13724,51.86027,0.0],[-127.136588,51.859923,0.0],[-127.136386,51.860067,0.0],[-127.135597,51.860516,0.0],[-127.13724,51.86027,0.0]]]}},{"type":"Feature","properties":{"rgi_id":"RGI2000-v7.0-G-02-04151","o1region":"02"},"geometry":{"type":"Polygon","coordinates":[[[-127.141365,51.859068,0.0],[-127.141589,51.858437,0.0],[-127.14292,51.858142,0.0],[-127.144538,51.857255,0.0],[-127.14567,51.856871,0.0],[-127.146116,51.857243,0.0],[-127.146543,51.856863,0.0],[-127.146733,51.856711,0.0],[-127.148955,51.85645,0.0],[-127.149604,51.856206,0.0],[-127.15001,51.856217,0.0],[-127.150295,51.856068,0.0],[-127.153078,51.856528,0.0],[-127.153085,51.856797,0.0],[-127.153521,51.856793,0.0],[-127.153679,51.857239,0.0],[-127.153979,51.857596,0.0],[-127.153683,51.857684,0.0],[-127.153403,51.858372,0.0],[-127.15251,51.858068,0.0],[-127.152255,51.858421,0.0],[-127.151376,51.85816,0.0],[-127.151103,51.857813,0.0],[-127.150284,51.858114,0.0],[-127.149779,51.857942,0.0],[-127.149638,51.858447,0.0],[-127.149202,51.858451,0.0],[-127.148615,51.858278,0.0],[-127.147887,51.858195,0.0],[-127.14745,51.8582,0.0],[-127.147457,51.858469,0.0],[-127.146734,51.858256,0.0],[-127.146599,51.859016,0.0],[-127.145014,51.858806,0.0],[-127.142904,51.859208,0.0],[-127.141365,51.859068,0.0]]]}},{"type":"Feature","properties":{"rgi_id":"RGI2000-v7.0-G-02-04152","o1region":"02"},"geometry":{"type":"Polygon","coordinates":[[[-127.146694,51.853724,0.0],[-127.146444,51.853095,0.0],[-127.14688,51.853091,0.0],[-127.146873,51.852822,0.0],[-127.148788,51.852436,0.0],[-127.147295,51.852279,0.0],[-127.147288,51.85201,0.0],[-127.146416,51.852019,0.0],[-127.146409,51.85175,0.0],[-127.145972,51.851754,0.0],[-127.145536,51.851758,0.0],[-127.144812,51.851105,0.0],[-127.144912,51.850804,0.0],[-127.144636,51.850691,0.0],[-127.144629,51.850421,0.0],[-127.144615,51.849883,0.0],[-127.145051,51.849879,0.0],[-127.145335,51.849518,0.0],[-127.146196,51.849239,0.0],[-127.146331,51.848789,0.0],[-127.149778,51.84777,0.0],[-127.15217,51.847804,0.0],[-127.152544,51.847677,0.0],[-127.152687,51.848425,0.0],[-127.152768,51.848634,0.0],[-127.152436,51.848728,0.0],[-127.151573,51.849004,0.0],[-127.150531,51.848702,0.0],[-127.150119,51.849147,0.0],[-127.151434,51.849367,0.0],[-127.151585,51.849544,0.0],[-127.151082,51.850195,0.0],[-127.151898,51.850439,0.0],[-127.1525,51.85115,0.0],[-127.152507,51.851419,0.0],[-127.152514,51.851688,0.0],[-127.152078,51.851693,0.0],[-127.152085,51.851962,0.0],[-127.15151,51.852149,0.0],[-127.151227,51.852509,0.0],[-127.150791,51.852513,0.0],[-127.150798,51.852782,0.0],[-127.149655,51.852894,0.0],[-127.148441,51.85353,0.0],[-127.14798,51.853437,0.0],[-127.146694,51.853724,0.0]]]}},{"type":"Feature","properties":{"rgi_id":"RGI2000-v7.0-G-02-04153","o1region":"02"},"geometry":{"type":"Polygon","coordinates":[[[-127.152768,51.848634,0.0],[-127.152687,51.848425,0.0],[-127.152544,51.847677,0.0],[-127.153236,51.847442,0.0],[-127.155482,51.845896,0.0],[-127.156819,51.845593,0.0],[-127.157391,51.846733,0.0],[-127.156775,51.847877,0.0],[-127.155903,51.847886,0.0],[-127.155917,51.848424,0.0],[-127.155481,51.848428,0.0],[-127.154609,51.848437,0.0],[-127.154616,51.848706,0.0],[-127.154404,51.848919,0.0],[-127.153788,51.848346,0.0],[-127.152768,51.848634,0.0]]]}},{"type":"Feature","properties":{"rgi_id":"RGI2000-v7.0-G-02-04154","o1region":"02"},"geometry":{"type":"Polygon","coordinates":[[[-127.143256,51.821439,0.0],[-127.143585,51.820392,0.0],[-127.144968,51.819782,0.0],[-127.145714,51.818487,0.0],[-127.145969,51.818374,0.0],[-127.146485,51.817875,0.0],[-127.147346,51.817459,0.0],[-127.148316,51.816657,0.0],[-127.148537,51.816135,0.0],[-127.148766,51.816073,0.0],[-127.149064,51.815616,0.0],[-127.149363,51.815469,0.0],[-127.151221,51.815201,0.0],[-127.153889,51.813838,0.0],[-127.154999,51.813707,0.0],[-127.155435,51.813703,0.0],[-127.155428,51.813434,0.0],[-127.155975,51.813457,0.0],[-127.15843,51.813717,0.0],[-127.158831,51.813745,0.0],[-127.159134,51.813808,0.0],[-127.159507,51.813791,0.0],[-127.160975,51.813891,0.0],[-127.160985,51.813889,0.0],[-127.161811,51.814063,0.0],[-127.168744,51.812446,0.0],[-127.170444,51.813154,0.0],[-127.171051,51.813319,0.0],[-127.172006,51.814056,0.0],[-127.172007,51.814073,0.0],[-127.172028,51.814073,0.0],[-127.172434,51.814386,0.0],[-127.172943,51.814604,0.0],[-127.173089,51.815298,0.0],[-127.173364,51.815944,0.0],[-127.173606,51.816841,0.0],[-127.1738,51.815939,0.0],[-127.174881,51.816099,0.0],[-127.175333,51.817698,0.0],[-127.176668,51.818726,0.0],[-127.176248,51.819793,0.0],[-127.175384,51.819582,0.0],[-127.175201,51.819424,0.0],[-127.176239,51.818966,0.0],[-127.175582,51.81852,0.0],[-127.175013,51.819047,0.0],[-127.174758,51.81916,0.0],[-127.173887,51.819169,0.0],[-127.17388,51.818899,0.0],[-127.173872,51.81863,0.0],[-127.173437,51.818635,0.0],[-127.173608,51.817943,0.0],[-127.174342,51.817162,0.0],[-127.173158,51.817409,0.0],[-127.17278,51.817722,0.0],[-127.171229,51.817581,0.0],[-127.171716,51.816675,0.0],[-127.170786,51.817316,0.0],[-127.169915,51.817325,0.0],[-127.169043,51.817334,0.0],[-127.169036,51.817065,0.0],[-127.168164,51.817073,0.0],[-127.168179,51.817612,0.0],[-127.167743,51.817616,0.0],[-127.167221,51.817165,0.0],[-127.165993,51.817365,0.0],[-127.165986,51.817096,0.0],[-127.164784,51.816756,0.0],[-127.16425,51.817382,0.0],[-127.163814,51.817387,0.0],[-127.163821,51.817656,0.0],[-127.163385,51.81766,0.0],[-127.163393,51.81793,0.0],[-127.162957,51.817934,0.0],[-127.162971,51.818472,0.0],[-127.162978,51.818741,0.0],[-127.162256,51.818839,0.0],[-127.161972,51.8192,0.0],[-127.160963,51.819391,0.0],[-127.160026,51.819866,0.0],[-127.159297,51.819655,0.0],[-127.157083,51.820364,0.0],[-127.156755,51.819702,0.0],[-127.156463,51.819615,0.0],[-127.156215,51.820187,0.0],[-127.15431,51.81952,0.0],[-127.154734,51.820171,0.0],[-127.153805,51.819995,0.0],[-127.152993,51.819003,0.0],[-127.151632,51.820331,0.0],[-127.150988,51.818456,0.0],[-127.15051,51.818197,0.0],[-127.150574,51.81927,0.0],[-127.150572,51.81954,0.0],[-127.15062,51.820344,0.0],[-127.149428,51.820716,0.0],[-127.148856,51.82036,0.0],[-127.147994,51.820645,0.0],[-127.147114,51.820643,0.0],[-127.14713,51.820923,0.0],[-127.145952,51.82129,0.0],[-127.14649,51.821599,0.0],[-127.146124,51.821938,0.0],[-127.145392,51.822047,0.0],[-127.144571,51.821729,0.0],[-127.143256,51.821439,0.0]]]}},{"type":"Feature","properties":{"rgi_id":"RGI2000-v7.0-G-02-04155","o1region":"02"},"geometry":{"type":"Polygon","coordinates":[[[-127.115778,51.822042,0.0],[-127.116357,51.820428,0.0],[-127.117043,51.820404,0.0],[-127.118956,51.82119,0.0],[-127.120603,51.820056,0.0],[-127.121309,51.820525,0.0],[-127.121179,51.820504,0.0],[-127.121494,51.821145,0.0],[-127.121882,51.820907,0.0],[-127.122468,51.821296,0.0],[-127.122367,51.822225,0.0],[-127.12226,51.822247,0.0],[-127.121464,51.822794,0.0],[-127.121018,51.823058,0.0],[-127.119371,51.824689,0.0],[-127.116926,51.824362,0.0],[-127.115819,51.823647,0.0],[-127.114934,51.823156,0.0],[-127.115339,51.822575,0.0],[-127.115778,51.822042,0.0]]]}},{"type":"Feature","properties":{"rgi_id":"RGI2000-v7.0-G-02-04156","o1region":"02"},"geometry":{"type":"Polygon","coordinates":[[[-127.113759,51.871452,0.0],[-127.112853,51.871243,0.0],[-127.110705,51.871482,0.0],[-127.111093,51.869867,0.0],[-127.109153,51.8694,0.0],[-127.108213,51.868966,0.0],[-127.108019,51.868816,0.0],[-127.108891,51.868808,0.0],[-127.108878,51.868269,0.0],[-127.113065,51.868339,0.0],[-127.113953,51.869106,0.0],[-127.114168,51.870372,0.0],[-127.113436,51.870694,0.0],[-127.113759,51.871452,0.0]]]}},{"type":"Feature","properties":{"rgi_id":"RGI2000-v7.0-G-02-04157","o1region":"02"},"geometry":{"type":"Polygon","coordinates":[[[-127.086161,51.892282,0.0],[-127.084856,51.890515,0.0],[-127.0857,51.889676,0.0],[-127.086231,51.889429,0.0],[-127.086601,51.88941,0.0],[-127.087145,51.889065,0.0],[-127.088646,51.88884,0.0],[-127.089106,51.888178,0.0],[-127.08928,51.888082,0.0],[-127.089623,51.888035,0.0],[-127.089728,51.887837,0.0],[-127.089734,51.887834,0.0],[-127.090166,51.88783,0.0],[-127.090159,51.88756,0.0],[-127.090595,51.887556,0.0],[-127.093502,51.888715,0.0],[-127.093684,51.888873,0.0],[-127.093691,51.889142,0.0],[-127.091509,51.889163,0.0],[-127.091529,51.88997,0.0],[-127.091092,51.889974,0.0],[-127.091079,51.889436,0.0],[-127.08977,51.889448,0.0],[-127.08979,51.890256,0.0],[-127.089353,51.89026,0.0],[-127.088917,51.890264,0.0],[-127.088923,51.890533,0.0],[-127.08796,51.890663,0.0],[-127.087627,51.891084,0.0],[-127.086754,51.891092,0.0],[-127.086528,51.890749,0.0],[-127.086318,51.891096,0.0],[-127.086364,51.892955,0.0],[-127.086161,51.892282,0.0]]]}},{"type":"Feature","properties":{"rgi_id":"RGI2000-v7.0-G-02-04158","o1region":"02"},"geometry":{"type":"Polygon","coordinates":[[[-127.08028,51.894114,0.0],[-127.080433,51.89341,0.0],[-127.082038,51.893154,0.0],[-127.082579,51.891894,0.0],[-127.081787,51.891627,0.0],[-127.08113,51.892839,0.0],[-127.079972,51.892397,0.0],[-127.079797,51.892234,0.0],[-127.080234,51.89223,0.0],[-127.080227,51.891961,0.0],[-127.080738,51.891736,0.0],[-127.081073,51.890876,0.0],[-127.080207,51.891154,0.0],[-127.080617,51.890073,0.0],[-127.080603,51.889535,0.0],[-127.080167,51.889539,0.0],[-127.079731,51.889543,0.0],[-127.079504,51.889201,0.0],[-127.079294,51.889547,0.0],[-127.077787,51.8894,0.0],[-127.079589,51.888168,0.0],[-127.079912,51.888226,0.0],[-127.080583,51.888728,0.0],[-127.08059,51.888997,0.0],[-127.081027,51.888993,0.0],[-127.083515,51.8899,0.0],[-127.084095,51.889502,0.0],[-127.084543,51.889498,0.0],[-127.0857,51.889676,0.0],[-127.084856,51.890515,0.0],[-127.086161,51.892282,0.0],[-127.086364,51.892955,0.0],[-127.086365,51.89298,0.0],[-127.085255,51.893377,0.0],[-127.084614,51.893906,0.0],[-127.081686,51.893667,0.0],[-127.081153,51.894106,0.0],[-127.08028,51.894114,0.0]],[[-127.082543,51.890409,0.0],[-127.081792,51.889942,0.0],[-127.081503,51.890603,0.0],[-127.082543,51.890409,0.0]]]}},{"type":"Feature","properties":{"rgi_id":"RGI2000-v7.0-G-02-04159","o1region":"02"},"geometry":{"type":"Polygon","coordinates":[[[-127.085196,51.898644,0.0],[-127.084802,51.898277,0.0],[-127.083063,51.898596,0.0],[-127.082563,51.89813,0.0],[-127.083165,51.897855,0.0],[-127.08255,51.897592,0.0],[-127.083497,51.896661,0.0],[-127.082282,51.896902,0.0],[-127.080913,51.897442,0.0],[-127.081235,51.896173,0.0],[-127.080543,51.896107,0.0],[-127.07946,51.896275,0.0],[-127.079454,51.896006,0.0],[-127.079447,51.895737,0.0],[-127.080022,51.895551,0.0],[-127.080307,51.89519,0.0],[-127.080886,51.895006,0.0],[-127.082483,51.894901,0.0],[-127.08406,51.894783,0.0],[-127.085754,51.894422,0.0],[-127.086405,51.894595,0.0],[-127.086587,51.894752,0.0],[-127.087333,51.895059,0.0],[-127.087457,51.895394,0.0],[-127.087697,51.895559,0.0],[-127.088119,51.896512,0.0],[-127.089541,51.897795,0.0],[-127.089568,51.898871,0.0],[-127.089575,51.89914,0.0],[-127.089138,51.899145,0.0],[-127.089145,51.899414,0.0],[-127.088592,51.899807,0.0],[-127.085229,51.899989,0.0],[-127.085529,51.899559,0.0],[-127.083733,51.899201,0.0],[-127.084492,51.898753,0.0],[-127.085196,51.898644,0.0]],[[-127.085739,51.897671,0.0],[-127.084732,51.897571,0.0],[-127.084978,51.897911,0.0],[-127.085739,51.897671,0.0]],[[-127.082263,51.896591,0.0],[-127.082644,51.896126,0.0],[-127.082073,51.895981,0.0],[-127.082263,51.896591,0.0]],[[-127.083383,51.895969,0.0],[-127.083573,51.896579,0.0],[-127.083954,51.896113,0.0],[-127.083383,51.895969,0.0]]]}},{"type":"Feature","properties":{"rgi_id":"RGI2000-v7.0-G-02-04160","o1region":"02"},"geometry":{"type":"Polygon","coordinates":[[[-127.096566,51.900038,0.0],[-127.098553,51.900697,0.0],[-127.098804,51.901475,0.0],[-127.102084,51.900087,0.0],[-127.103466,51.900264,0.0],[-127.105549,51.902108,0.0],[-127.106944,51.902314,0.0],[-127.107746,51.902625,0.0],[-127.108704,51.902836,0.0],[-127.108887,51.902993,0.0],[-127.109323,51.902989,0.0],[-127.10933,51.903258,0.0],[-127.108779,51.904,0.0],[-127.109794,51.90433,0.0],[-127.109801,51.904599,0.0],[-127.107352,51.90505,0.0],[-127.106537,51.904485,0.0],[-127.106073,51.904512,0.0],[-127.105314,51.903987,0.0],[-127.103735,51.903571,0.0],[-127.10214,51.904291,0.0],[-127.101581,51.903208,0.0],[-127.101041,51.903607,0.0],[-127.100749,51.903519,0.0],[-127.100327,51.903024,0.0],[-127.099288,51.903355,0.0],[-127.098415,51.903363,0.0],[-127.098428,51.903901,0.0],[-127.096675,51.903649,0.0],[-127.096448,51.903306,0.0],[-127.096239,51.903653,0.0],[-127.095802,51.903657,0.0],[-127.095282,51.903208,0.0],[-127.094701,51.903294,0.0],[-127.093738,51.903171,0.0],[-127.093935,51.903675,0.0],[-127.093798,51.904081,0.0],[-127.094082,51.90475,0.0],[-127.094089,51.905019,0.0],[-127.093587,51.90539,0.0],[-127.092233,51.903594,0.0],[-127.091407,51.904783,0.0],[-127.091906,51.90504,0.0],[-127.091913,51.905309,0.0],[-127.090889,51.905171,0.0],[-127.090373,51.904283,0.0],[-127.089984,51.904687,0.0],[-127.089181,51.905002,0.0],[-127.088856,51.905338,0.0],[-127.08842,51.905342,0.0],[-127.088189,51.904594,0.0],[-127.087219,51.90413,0.0],[-127.087313,51.903594,0.0],[-127.086433,51.902702,0.0],[-127.087275,51.902273,0.0],[-127.087459,51.901852,0.0],[-127.087633,51.901691,0.0],[-127.089063,51.901063,0.0],[-127.090235,51.899751,0.0],[-127.092515,51.899413,0.0],[-127.093342,51.899753,0.0],[-127.093524,51.89991,0.0],[-127.096566,51.900038,0.0]],[[-127.097815,51.901592,0.0],[-127.09857,51.901827,0.0],[-127.098804,51.901475,0.0],[-127.097815,51.901592,0.0]],[[-127.092651,51.899919,0.0],[-127.092658,51.900188,0.0],[-127.093531,51.90018,0.0],[-127.093524,51.89991,0.0],[-127.092651,51.899919,0.0]],[[-127.087916,51.902655,0.0],[-127.08753,51.903289,0.0],[-127.08855,51.902948,0.0],[-127.087916,51.902655,0.0]],[[-127.094856,51.902968,0.0],[-127.095514,51.902492,0.0],[-127.094452,51.902055,0.0],[-127.094856,51.902968,0.0]]]}},{"type":"Feature","properties":{"rgi_id":"RGI2000-v7.0-G-02-04161","o1region":"02"},"geometry":{"type":"Polygon","coordinates":[[[-127.037427,51.897264,0.0],[-127.039304,51.896915,0.0],[-127.040177,51.896907,0.0],[-127.040171,51.896638,0.0],[-127.041399,51.896531,0.0],[-127.041031,51.896092,0.0],[-127.041025,51.895822,0.0],[-127.041461,51.895818,0.0],[-127.041455,51.895549,0.0],[-127.042247,51.895641,0.0],[-127.041876,51.896127,0.0],[-127.042855,51.896863,0.0],[-127.043663,51.896606,0.0],[-127.0441,51.896602,0.0],[-127.044106,51.896871,0.0],[-127.043944,51.897039,0.0],[-127.043112,51.897366,0.0],[-127.042096,51.898557,0.0],[-127.040761,51.899081,0.0],[-127.04128,51.900056,0.0],[-127.041994,51.899851,0.0],[-127.042444,51.900385,0.0],[-127.04245,51.900655,0.0],[-127.04135,51.900508,0.0],[-127.039833,51.900817,0.0],[-127.039035,51.900153,0.0],[-127.037394,51.89954,0.0],[-127.037343,51.899208,0.0],[-127.03739,51.898759,0.0],[-127.037302,51.898187,0.0],[-127.037427,51.897264,0.0]]]}},{"type":"Feature","properties":{"rgi_id":"RGI2000-v7.0-G-02-04162","o1region":"02"},"geometry":{"type":"Polygon","coordinates":[[[-127.039496,51.904988,0.0],[-127.039477,51.904181,0.0],[-127.040599,51.90434,0.0],[-127.040963,51.904077,0.0],[-127.039901,51.903639,0.0],[-127.039692,51.903044,0.0],[-127.039008,51.902839,0.0],[-127.039002,51.90257,0.0],[-127.038565,51.902574,0.0],[-127.038129,51.902578,0.0],[-127.038116,51.90204,0.0],[-127.037679,51.902044,0.0],[-127.034851,51.901713,0.0],[-127.036608,51.902724,0.0],[-127.036825,51.902859,0.0],[-127.037244,51.903075,0.0],[-127.03599,51.904481,0.0],[-127.034595,51.904274,0.0],[-127.034231,51.903959,0.0],[-127.034225,51.90369,0.0],[-127.034218,51.903421,0.0],[-127.033782,51.903425,0.0],[-127.03375,51.902079,0.0],[-127.033288,51.901007,0.0],[-127.033094,51.900568,0.0],[-127.031972,51.900749,0.0],[-127.032399,51.900209,0.0],[-127.033262,51.89993,0.0],[-127.033256,51.899661,0.0],[-127.035002,51.899645,0.0],[-127.035439,51.899641,0.0],[-127.036992,51.899784,0.0],[-127.037372,51.899485,0.0],[-127.03542,51.898834,0.0],[-127.035401,51.898027,0.0],[-127.035837,51.898023,0.0],[-127.036274,51.898019,0.0],[-127.036267,51.89775,0.0],[-127.036712,51.897397,0.0],[-127.037427,51.897264,0.0],[-127.037302,51.898187,0.0],[-127.03739,51.898759,0.0],[-127.037343,51.899208,0.0],[-127.037394,51.89954,0.0],[-127.039035,51.900153,0.0],[-127.039833,51.900817,0.0],[-127.039644,51.900855,0.0],[-127.040693,51.90183,0.0],[-127.041062,51.902547,0.0],[-127.041469,51.9032,0.0],[-127.041672,51.904664,0.0],[-127.041607,51.9047,0.0],[-127.040363,51.904711,0.0],[-127.04037,51.90498,0.0],[-127.039933,51.904984,0.0],[-127.039496,51.904988,0.0]]]}},{"type":"Feature","properties":{"rgi_id":"RGI2000-v7.0-G-02-04163","o1region":"02"},"geometry":{"type":"Polygon","coordinates":[[[-127.030522,51.904922,0.0],[-127.031556,51.904377,0.0],[-127.030967,51.903572,0.0],[-127.030289,51.903456,0.0],[-127.030276,51.902918,0.0],[-127.030713,51.902914,0.0],[-127.030706,51.902645,0.0],[-127.0307,51.902376,0.0],[-127.030988,51.902283,0.0],[-127.031336,51.901497,0.0],[-127.031984,51.901287,0.0],[-127.031738,51.90196,0.0],[-127.032209,51.903324,0.0],[-127.032472,51.903436,0.0],[-127.032478,51.903706,0.0],[-127.033352,51.903698,0.0],[-127.033358,51.903967,0.0],[-127.034014,51.904998,0.0],[-127.031777,51.904877,0.0],[-127.031986,51.905985,0.0],[-127.030143,51.90569,0.0],[-127.030522,51.904922,0.0]]]}},{"type":"Feature","properties":{"rgi_id":"RGI2000-v7.0-G-02-04164","o1region":"02"},"geometry":{"type":"Polygon","coordinates":[[[-127.033905,51.909304,0.0],[-127.034569,51.908838,0.0],[-127.034601,51.908881,0.0],[-127.034624,51.908799,0.0],[-127.035399,51.908255,0.0],[-127.035643,51.908253,0.0],[-127.035639,51.908087,0.0],[-127.035788,51.907982,0.0],[-127.03651,51.907976,0.0],[-127.036504,51.907707,0.0],[-127.037172,51.907576,0.0],[-127.041186,51.905468,0.0],[-127.043651,51.906001,0.0],[-127.044183,51.906708,0.0],[-127.044459,51.90685,0.0],[-127.04455,51.906971,0.0],[-127.045025,51.907216,0.0],[-127.045231,51.907359,0.0],[-127.045237,51.907628,0.0],[-127.045674,51.907624,0.0],[-127.046749,51.908581,0.0],[-127.047446,51.908684,0.0],[-127.048093,51.90931,0.0],[-127.048185,51.909054,0.0],[-127.048365,51.909616,0.0],[-127.047742,51.909678,0.0],[-127.046143,51.908965,0.0],[-127.045891,51.908439,0.0],[-127.044203,51.908866,0.0],[-127.042431,51.909187,0.0],[-127.04168,51.908101,0.0],[-127.038861,51.908384,0.0],[-127.035902,51.909213,0.0],[-127.035694,51.910406,0.0],[-127.034529,51.910776,0.0],[-127.034527,51.910238,0.0],[-127.035394,51.909957,0.0],[-127.034826,51.909458,0.0],[-127.033905,51.909304,0.0]]]}},{"type":"Feature","properties":{"rgi_id":"RGI2000-v7.0-G-02-04165","o1region":"02"},"geometry":{"type":"Polygon","coordinates":[[[-127.004042,51.890175,0.0],[-127.003339,51.889967,0.0],[-127.002693,51.889341,0.0],[-127.002466,51.889975,0.0],[-127.001587,51.889713,0.0],[-127.002119,51.888953,0.0],[-127.001294,51.887527,0.0],[-127.000975,51.889347,0.0],[-127.000708,51.889452,0.0],[-127.000701,51.889183,0.0],[-127.000265,51.889186,0.0],[-127.000271,51.889455,0.0],[-126.999398,51.889463,0.0],[-126.998962,51.889467,0.0],[-126.998956,51.889198,0.0],[-126.998943,51.88866,0.0],[-126.998507,51.888663,0.0],[-126.998501,51.888394,0.0],[-126.998064,51.888398,0.0],[-126.99673,51.887333,0.0],[-126.996724,51.887064,0.0],[-126.996287,51.887068,0.0],[-126.996562,51.886648,0.0],[-126.995776,51.886323,0.0],[-126.99595,51.886313,0.0],[-126.997814,51.885335,0.0],[-127.000225,51.88555,0.0],[-127.00064,51.886491,0.0],[-127.000203,51.886495,0.0],[-127.000209,51.886764,0.0],[-127.000646,51.886761,0.0],[-127.001731,51.887173,0.0],[-127.002195,51.887133,0.0],[-127.003504,51.88743,0.0],[-127.004708,51.88698,0.0],[-127.004997,51.887196,0.0],[-127.00675,51.888036,0.0],[-127.008376,51.888238,0.0],[-127.010585,51.888606,0.0],[-127.013113,51.888389,0.0],[-127.013156,51.888393,0.0],[-127.014862,51.888664,0.0],[-127.017539,51.888856,0.0],[-127.019318,51.889708,0.0],[-127.02283,51.889407,0.0],[-127.024243,51.889144,0.0],[-127.026218,51.889924,0.0],[-127.026916,51.890028,0.0],[-127.0275,51.890203,0.0],[-127.027952,51.890736,0.0],[-127.028244,51.890823,0.0],[-127.029412,51.89176,0.0],[-127.029143,51.891892,0.0],[-127.028706,51.891896,0.0],[-127.028712,51.892165,0.0],[-127.028719,51.892434,0.0],[-127.028282,51.892438,0.0],[-127.025517,51.891811,0.0],[-127.023263,51.892368,0.0],[-127.021531,51.89208,0.0],[-127.019976,51.891974,0.0],[-127.019526,51.891612,0.0],[-127.016913,51.891913,0.0],[-127.015829,51.891041,0.0],[-127.014719,51.891213,0.0],[-127.015145,51.890561,0.0],[-127.013584,51.891064,0.0],[-127.013224,51.891395,0.0],[-127.012349,51.891282,0.0],[-127.011887,51.891707,0.0],[-127.010536,51.891409,0.0],[-127.010131,51.891058,0.0],[-127.009743,51.891416,0.0],[-127.007311,51.891816,0.0],[-127.006874,51.89182,0.0],[-127.006512,51.891393,0.0],[-127.005116,51.891297,0.0],[-127.005374,51.890607,0.0],[-127.004897,51.889525,0.0],[-127.004636,51.889417,0.0],[-127.004042,51.890175,0.0]],[[-126.999603,51.887061,0.0],[-127.000642,51.887416,0.0],[-127.000209,51.886764,0.0],[-126.999603,51.887061,0.0]],[[-127.004447,51.888807,0.0],[-127.004065,51.889273,0.0],[-127.004636,51.889417,0.0],[-127.004447,51.888807,0.0]]]}},{"type":"Feature","properties":{"rgi_id":"RGI2000-v7.0-G-02-04166","o1region":"02"},"geometry":{"type":"Polygon","coordinates":[[[-126.996242,51.893922,0.0],[-126.993949,51.893684,0.0],[-126.992432,51.892629,0.0],[-126.99182,51.892883,0.0],[-126.991314,51.893609,0.0],[-126.986837,51.893878,0.0],[-126.986831,51.893609,0.0],[-126.986825,51.89334,0.0],[-126.986389,51.893344,0.0],[-126.986376,51.892806,0.0],[-126.985503,51.892813,0.0],[-126.985479,51.891737,0.0],[-126.985043,51.89174,0.0],[-126.98575,51.890839,0.0],[-126.986328,51.890653,0.0],[-126.987201,51.890645,0.0],[-126.987195,51.890376,0.0],[-126.989142,51.888889,0.0],[-126.989335,51.888474,0.0],[-126.989328,51.888204,0.0],[-126.988892,51.888208,0.0],[-126.988886,51.887939,0.0],[-126.988449,51.887943,0.0],[-126.988708,51.887675,0.0],[-126.991047,51.888144,0.0],[-126.992566,51.888881,0.0],[-126.99442,51.889071,0.0],[-126.994591,51.889236,0.0],[-126.994603,51.889774,0.0],[-126.995039,51.88977,0.0],[-126.99519,51.889948,0.0],[-126.996066,51.890211,0.0],[-126.996367,51.890566,0.0],[-126.996164,51.892057,0.0],[-126.997539,51.892421,0.0],[-126.99749,51.892876,0.0],[-126.996017,51.892816,0.0],[-126.997721,51.893695,0.0],[-126.999054,51.893504,0.0],[-126.999408,51.89361,0.0],[-126.998924,51.894222,0.0],[-126.998636,51.894315,0.0],[-126.996242,51.893922,0.0]]]}},{"type":"Feature","properties":{"rgi_id":"RGI2000-v7.0-G-02-04170","o1region":"02"},"geometry":{"type":"Polygon","coordinates":[[[-126.953234,51.905888,0.0],[-126.952841,51.905319,0.0],[-126.952592,51.905203,0.0],[-126.952749,51.904766,0.0],[-126.954034,51.904264,0.0],[-126.953005,51.904123,0.0],[-126.952854,51.903946,0.0],[-126.951446,51.903521,0.0],[-126.951258,51.904138,0.0],[-126.950822,51.904141,0.0],[-126.949931,51.903341,0.0],[-126.949058,51.903348,0.0],[-126.948832,51.903006,0.0],[-126.948621,51.903352,0.0],[-126.946863,51.902828,0.0],[-126.946637,51.902485,0.0],[-126.946426,51.902832,0.0],[-126.945561,51.903106,0.0],[-126.944856,51.902901,0.0],[-126.944543,51.903295,0.0],[-126.944255,51.903388,0.0],[-126.943818,51.903392,0.0],[-126.943812,51.903123,0.0],[-126.942939,51.90313,0.0],[-126.942933,51.902861,0.0],[-126.94206,51.902868,0.0],[-126.940313,51.902882,0.0],[-126.939564,51.902255,0.0],[-126.936709,51.902627,0.0],[-126.936384,51.902914,0.0],[-126.934121,51.902832,0.0],[-126.933753,51.902397,0.0],[-126.934223,51.901681,0.0],[-126.931689,51.900693,0.0],[-126.930656,51.900538,0.0],[-126.928473,51.900556,0.0],[-126.928036,51.900559,0.0],[-126.928042,51.900829,0.0],[-126.928048,51.901098,0.0],[-126.927611,51.901101,0.0],[-126.927175,51.901105,0.0],[-126.92718,51.901374,0.0],[-126.926744,51.901377,0.0],[-126.926749,51.901647,0.0],[-126.925152,51.90175,0.0],[-126.925088,51.90177,0.0],[-126.923637,51.900691,0.0],[-126.92311,51.899732,0.0],[-126.922729,51.899291,0.0],[-126.922249,51.898142,0.0],[-126.92056,51.897086,0.0],[-126.914615,51.893744,0.0],[-126.914252,51.893703,0.0],[-126.91493,51.893486,0.0],[-126.915217,51.893126,0.0],[-126.915211,51.892857,0.0],[-126.914775,51.89286,0.0],[-126.9134,51.892747,0.0],[-126.913578,51.892499,0.0],[-126.91342,51.891158,0.0],[-126.913924,51.889608,0.0],[-126.915663,51.888625,0.0],[-126.920774,51.888772,0.0],[-126.921236,51.888445,0.0],[-126.920944,51.888799,0.0],[-126.918816,51.889708,0.0],[-126.91717,51.890695,0.0],[-126.918355,51.891186,0.0],[-126.919756,51.89098,0.0],[-126.920669,51.891099,0.0],[-126.920998,51.88969,0.0],[-126.921249,51.889309,0.0],[-126.921685,51.889306,0.0],[-126.921679,51.889037,0.0],[-126.921817,51.888588,0.0],[-126.922818,51.88786,0.0],[-126.923317,51.887226,0.0],[-126.923859,51.886932,0.0],[-126.924042,51.887209,0.0],[-126.924253,51.886863,0.0],[-126.924643,51.886932,0.0],[-126.924648,51.886941,0.0],[-126.924973,51.887001,0.0],[-126.927271,51.887978,0.0],[-126.930395,51.888114,0.0],[-126.931228,51.888458,0.0],[-126.931974,51.888476,0.0],[-126.93614,51.889398,0.0],[-126.937161,51.889036,0.0],[-126.938086,51.888772,0.0],[-126.940668,51.890116,0.0],[-126.941634,51.893024,0.0],[-126.942369,51.893854,0.0],[-126.943622,51.894087,0.0],[-126.943523,51.89415,0.0],[-126.944057,51.894238,0.0],[-126.944251,51.895096,0.0],[-126.944953,51.895307,0.0],[-126.945662,51.89595,0.0],[-126.94585,51.896377,0.0],[-126.945276,51.896577,0.0],[-126.946298,51.896911,0.0],[-126.946315,51.897719,0.0],[-126.945759,51.897858,0.0],[-126.946321,51.897988,0.0],[-126.946327,51.898257,0.0],[-126.946564,51.89838,0.0],[-126.947272,51.899323,0.0],[-126.95004,51.899697,0.0],[-126.952632,51.897791,0.0],[-126.954093,51.89721,0.0],[-126.955118,51.896456,0.0],[-126.955442,51.895759,0.0],[-126.955655,51.895757,0.0],[-126.955644,51.895217,0.0],[-126.955867,51.894931,0.0],[-126.956121,51.894255,0.0],[-126.955327,51.893927,0.0],[-126.956699,51.893326,0.0],[-126.957255,51.893187,0.0],[-126.956725,51.893064,0.0],[-126.957575,51.892693,0.0],[-126.957968,51.892162,0.0],[-126.958415,51.891966,0.0],[-126.95886,51.892338,0.0],[-126.959288,51.891959,0.0],[-126.963083,51.89178,0.0],[-126.963844,51.89124,0.0],[-126.9643,51.890982,0.0],[-126.964387,51.890535,0.0],[-126.965107,51.890412,0.0],[-126.965562,51.89042,0.0],[-126.96517,51.890652,0.0],[-126.968437,51.891074,0.0],[-126.968983,51.891547,0.0],[-126.971946,51.89199,0.0],[-126.971964,51.892006,0.0],[-126.972065,51.892834,0.0],[-126.973725,51.894037,0.0],[-126.974942,51.894493,0.0],[-126.976593,51.89573,0.0],[-126.978797,51.896787,0.0],[-126.979243,51.896899,0.0],[-126.980115,51.897505,0.0],[-126.980652,51.897315,0.0],[-126.981002,51.897577,0.0],[-126.982009,51.897917,0.0],[-126.982079,51.898011,0.0],[-126.982128,51.898019,0.0],[-126.982132,51.898225,0.0],[-126.982569,51.898222,0.0],[-126.983153,51.898398,0.0],[-126.983454,51.898752,0.0],[-126.98368,51.899095,0.0],[-126.983891,51.898749,0.0],[-126.984962,51.899302,0.0],[-126.985436,51.900226,0.0],[-126.987245,51.901536,0.0],[-126.988602,51.905044,0.0],[-126.988688,51.905139,0.0],[-126.98872,51.905316,0.0],[-126.987983,51.905977,0.0],[-126.987793,51.905508,0.0],[-126.986569,51.906054,0.0],[-126.986045,51.905545,0.0],[-126.985259,51.905703,0.0],[-126.985063,51.905333,0.0],[-126.98536,51.904715,0.0],[-126.983309,51.904304,0.0],[-126.982628,51.903643,0.0],[-126.981811,51.903342,0.0],[-126.98148,51.901254,0.0],[-126.979297,51.900781,0.0],[-126.978165,51.901614,0.0],[-126.977602,51.90137,0.0],[-126.976912,51.90089,0.0],[-126.974646,51.900797,0.0],[-126.972907,51.901415,0.0],[-126.971919,51.901374,0.0],[-126.972012,51.901981,0.0],[-126.970711,51.901927,0.0],[-126.969356,51.902247,0.0],[-126.968688,51.902377,0.0],[-126.968026,51.902035,0.0],[-126.967331,51.900235,0.0],[-126.967325,51.899966,0.0],[-126.966888,51.89997,0.0],[-126.96687,51.899162,0.0],[-126.967529,51.899357,0.0],[-126.968466,51.899065,0.0],[-126.968729,51.897622,0.0],[-126.969011,51.89726,0.0],[-126.968156,51.897392,0.0],[-126.967563,51.898516,0.0],[-126.967295,51.898621,0.0],[-126.966858,51.898624,0.0],[-126.966864,51.898893,0.0],[-126.966428,51.898897,0.0],[-126.966433,51.899166,0.0],[-126.965761,51.899294,0.0],[-126.964707,51.900098,0.0],[-126.963384,51.899142,0.0],[-126.964088,51.898772,0.0],[-126.963978,51.898182,0.0],[-126.961886,51.897644,0.0],[-126.961053,51.898279,0.0],[-126.960752,51.898945,0.0],[-126.959879,51.898952,0.0],[-126.959891,51.89949,0.0],[-126.959664,51.900417,0.0],[-126.959495,51.901378,0.0],[-126.959507,51.901916,0.0],[-126.959944,51.901912,0.0],[-126.95995,51.902181,0.0],[-126.960386,51.902178,0.0],[-126.960832,51.902712,0.0],[-126.96041,51.903254,0.0],[-126.959973,51.903258,0.0],[-126.959979,51.903527,0.0],[-126.959991,51.904065,0.0],[-126.958,51.903929,0.0],[-126.957826,51.904891,0.0],[-126.957019,51.905036,0.0],[-126.956335,51.905598,0.0],[-126.955507,51.90553,0.0],[-126.955974,51.907312,0.0],[-126.95537,51.908258,0.0],[-126.954878,51.907926,0.0],[-126.95399,51.906638,0.0],[-126.953234,51.905888,0.0]],[[-126.936833,51.891417,0.0],[-126.936997,51.890797,0.0],[-126.936446,51.890948,0.0],[-126.936833,51.891417,0.0]],[[-126.939225,51.902156,0.0],[-126.939987,51.901917,0.0],[-126.93898,51.901816,0.0],[-126.939225,51.902156,0.0]],[[-126.958969,51.895786,0.0],[-126.958649,51.895771,0.0],[-126.958316,51.895774,0.0],[-126.957833,51.89582,0.0],[-126.957569,51.895843,0.0],[-126.957265,51.895847,0.0],[-126.957148,51.895863,0.0],[-126.956827,51.895902,0.0],[-126.956767,51.895937,0.0],[-126.956776,51.896036,0.0],[-126.956804,51.896063,0.0],[-126.95708,51.896078,0.0],[-126.957396,51.896154,0.0],[-126.957653,51.896258,0.0],[-126.95788,51.896361,0.0],[-126.958148,51.896267,0.0],[-126.958191,51.89624,0.0],[-126.958428,51.896154,0.0],[-126.95869,51.89614,0.0],[-126.958911,51.896073,0.0],[-126.959062,51.895949,0.0],[-126.959153,51.895897,0.0],[-126.959139,51.89587,0.0],[-126.959054,51.895841,0.0],[-126.959011,51.895796,0.0],[-126.958969,51.895786,0.0]],[[-126.93111,51.893158,0.0],[-126.930053,51.892737,0.0],[-126.929882,51.8929,0.0],[-126.929216,51.893181,0.0],[-126.93111,51.893158,0.0]],[[-126.939372,51.891422,0.0],[-126.937434,51.890793,0.0],[-126.937817,51.891665,0.0],[-126.939372,51.891422,0.0]]]}},{"type":"Feature","properties":{"rgi_id":"RGI2000-v7.0-G-02-04204","o1region":"02"},"geometry":{"type":"Polygon","coordinates":[[[-126.967379,51.796066,0.0],[-126.966234,51.793507,0.0],[-126.96584,51.791483,0.0],[-126.965794,51.791356,0.0],[-126.965791,51.791231,0.0],[-126.966837,51.791063,0.0],[-126.969525,51.79082,0.0],[-126.970309,51.790495,0.0],[-126.973329,51.79025,0.0],[-126.974931,51.790884,0.0],[-126.975467,51.791493,0.0],[-126.975956,51.791066,0.0],[-126.975366,51.790881,0.0],[-126.975098,51.789981,0.0],[-126.972843,51.788935,0.0],[-126.972264,51.788484,0.0],[-126.972258,51.788215,0.0],[-126.971823,51.788219,0.0],[-126.971817,51.78795,0.0],[-126.971381,51.787953,0.0],[-126.97113,51.787049,0.0],[-126.970051,51.786888,0.0],[-126.970207,51.786451,0.0],[-126.971061,51.785677,0.0],[-126.969286,51.785474,0.0],[-126.968083,51.786012,0.0],[-126.967414,51.785833,0.0],[-126.967396,51.785026,0.0],[-126.967832,51.785022,0.0],[-126.968267,51.785019,0.0],[-126.968261,51.784749,0.0],[-126.968249,51.784211,0.0],[-126.968243,51.783942,0.0],[-126.967955,51.783945,0.0],[-126.968185,51.783828,0.0],[-126.969454,51.783485,0.0],[-126.970102,51.782497,0.0],[-126.971819,51.782252,0.0],[-126.972573,51.781653,0.0],[-126.974593,51.780871,0.0],[-126.97484,51.780307,0.0],[-126.975092,51.779663,0.0],[-126.975233,51.779605,0.0],[-126.976635,51.779267,0.0],[-126.9769,51.779023,0.0],[-126.977279,51.77902,0.0],[-126.977273,51.778751,0.0],[-126.978736,51.778584,0.0],[-126.980023,51.778259,0.0],[-126.981539,51.778139,0.0],[-126.981613,51.778071,0.0],[-126.981615,51.778175,0.0],[-126.982673,51.778595,0.0],[-126.984767,51.779058,0.0],[-126.986426,51.7805,0.0],[-126.986036,51.781098,0.0],[-126.985165,51.781106,0.0],[-126.985171,51.781375,0.0],[-126.984736,51.781379,0.0],[-126.984742,51.781648,0.0],[-126.98476,51.782455,0.0],[-126.984324,51.782459,0.0],[-126.98433,51.782728,0.0],[-126.984342,51.783266,0.0],[-126.983907,51.78327,0.0],[-126.983913,51.783539,0.0],[-126.983919,51.783808,0.0],[-126.983931,51.784347,0.0],[-126.983761,51.78451,0.0],[-126.982482,51.785051,0.0],[-126.983204,51.786724,0.0],[-126.983992,51.787038,0.0],[-126.984549,51.787427,0.0],[-126.984857,51.786762,0.0],[-126.984838,51.785954,0.0],[-126.985274,51.78595,0.0],[-126.985268,51.785681,0.0],[-126.986601,51.785421,0.0],[-126.987196,51.784982,0.0],[-126.98807,51.784503,0.0],[-126.990244,51.784975,0.0],[-126.9931,51.785344,0.0],[-126.993106,51.785614,0.0],[-126.993541,51.78561,0.0],[-126.995129,51.786239,0.0],[-126.995663,51.786318,0.0],[-126.995706,51.788203,0.0],[-126.995731,51.789324,0.0],[-126.995368,51.789328,0.0],[-126.995369,51.789363,0.0],[-126.995188,51.787839,0.0],[-126.994684,51.787394,0.0],[-126.994256,51.788361,0.0],[-126.993322,51.788663,0.0],[-126.992967,51.789111,0.0],[-126.992117,51.788101,0.0],[-126.99114,51.788406,0.0],[-126.990864,51.78922,0.0],[-126.99145,51.789397,0.0],[-126.991338,51.790922,0.0],[-126.991057,51.791284,0.0],[-126.990621,51.791288,0.0],[-126.990627,51.791557,0.0],[-126.989327,51.791203,0.0],[-126.989611,51.791691,0.0],[-126.990633,51.791826,0.0],[-126.990646,51.792365,0.0],[-126.989339,51.792376,0.0],[-126.989345,51.792645,0.0],[-126.988474,51.792653,0.0],[-126.98848,51.792922,0.0],[-126.987609,51.792929,0.0],[-126.987324,51.792681,0.0],[-126.985595,51.792298,0.0],[-126.984553,51.791892,0.0],[-126.983683,51.792694,0.0],[-126.983248,51.792698,0.0],[-126.983254,51.792967,0.0],[-126.982383,51.792974,0.0],[-126.981983,51.792705,0.0],[-126.979898,51.793733,0.0],[-126.977747,51.793396,0.0],[-126.976937,51.793433,0.0],[-126.975377,51.792383,0.0],[-126.973684,51.793587,0.0],[-126.973102,51.793411,0.0],[-126.972801,51.793056,0.0],[-126.972342,51.791983,0.0],[-126.970606,51.792267,0.0],[-126.971139,51.792908,0.0],[-126.970624,51.793074,0.0],[-126.970636,51.793613,0.0],[-126.971507,51.793605,0.0],[-126.971525,51.794413,0.0],[-126.970166,51.794096,0.0],[-126.969614,51.795388,0.0],[-126.969127,51.795903,0.0],[-126.969214,51.796238,0.0],[-126.970397,51.796119,0.0],[-126.969593,51.796969,0.0],[-126.969233,51.797859,0.0],[-126.971161,51.797646,0.0],[-126.971173,51.798184,0.0],[-126.970737,51.798188,0.0],[-126.970743,51.798457,0.0],[-126.970308,51.798461,0.0],[-126.96924,51.798669,0.0],[-126.969884,51.799003,0.0],[-126.970761,51.799265,0.0],[-126.971329,51.800069,0.0],[-126.969976,51.799894,0.0],[-126.969919,51.799854,0.0],[-126.969707,51.799726,0.0],[-126.96954,51.799587,0.0],[-126.969413,51.799459,0.0],[-126.969407,51.799457,0.0],[-126.968809,51.798829,0.0],[-126.967239,51.79948,0.0],[-126.966853,51.799836,0.0],[-126.96654,51.799839,0.0],[-126.966772,51.7992,0.0],[-126.966691,51.798272,0.0],[-126.966729,51.798171,0.0],[-126.966988,51.797859,0.0],[-126.967374,51.797655,0.0],[-126.967229,51.796884,0.0],[-126.967379,51.796066,0.0]],[[-126.973311,51.791846,0.0],[-126.97289,51.791345,0.0],[-126.972342,51.791983,0.0],[-126.973311,51.791846,0.0]],[[-126.98274,51.789472,0.0],[-126.983026,51.790334,0.0],[-126.98426,51.789637,0.0],[-126.98274,51.789472,0.0]]]}},{"type":"Feature","properties":{"rgi_id":"RGI2000-v7.0-G-02-04227","o1region":"02"},"geometry":{"type":"Polygon","coordinates":[[[-126.992561,51.838379,0.0],[-126.99224,51.837305,0.0],[-126.990363,51.837591,0.0],[-126.989764,51.836879,0.0],[-126.989037,51.836794,0.0],[-126.98884,51.836496,0.0],[-126.98878,51.836502,0.0],[-126.988601,51.836798,0.0],[-126.988022,51.836982,0.0],[-126.987299,51.837079,0.0],[-126.987305,51.837348,0.0],[-126.986433,51.837355,0.0],[-126.985824,51.836811,0.0],[-126.985805,51.836811,0.0],[-126.984909,51.836612,0.0],[-126.985139,51.837207,0.0],[-126.983642,51.836934,0.0],[-126.982414,51.835868,0.0],[-126.981755,51.83564,0.0],[-126.981427,51.835942,0.0],[-126.981171,51.836054,0.0],[-126.980735,51.836058,0.0],[-126.980284,51.835526,0.0],[-126.979421,51.8358,0.0],[-126.979409,51.835262,0.0],[-126.978973,51.835266,0.0],[-126.97886,51.835132,0.0],[-126.977655,51.834798,0.0],[-126.977665,51.835277,0.0],[-126.977374,51.835189,0.0],[-126.976898,51.834627,0.0],[-126.976461,51.83456,0.0],[-126.975032,51.834492,0.0],[-126.974981,51.834346,0.0],[-126.97456,51.834415,0.0],[-126.973642,51.834636,0.0],[-126.973622,51.83464,0.0],[-126.974178,51.835307,0.0],[-126.974184,51.835576,0.0],[-126.973748,51.835579,0.0],[-126.972667,51.835151,0.0],[-126.971562,51.835329,0.0],[-126.971257,51.835032,0.0],[-126.970787,51.835065,0.0],[-126.97069,51.835336,0.0],[-126.970254,51.83534,0.0],[-126.970026,51.835118,0.0],[-126.96945,51.835159,0.0],[-126.969382,51.835347,0.0],[-126.967751,51.835232,0.0],[-126.967321,51.834921,0.0],[-126.967188,51.834904,0.0],[-126.966498,51.834668,0.0],[-126.966767,51.835369,0.0],[-126.966616,51.836607,0.0],[-126.966372,51.837257,0.0],[-126.966378,51.837526,0.0],[-126.965942,51.83753,0.0],[-126.965736,51.836836,0.0],[-126.964861,51.836923,0.0],[-126.963286,51.835698,0.0],[-126.960851,51.835302,0.0],[-126.959835,51.834512,0.0],[-126.958211,51.834247,0.0],[-126.95643,51.833454,0.0],[-126.955518,51.833715,0.0],[-126.956899,51.83405,0.0],[-126.956094,51.834534,0.0],[-126.955414,51.834657,0.0],[-126.955403,51.834119,0.0],[-126.954967,51.834122,0.0],[-126.954522,51.83375,0.0],[-126.954095,51.83413,0.0],[-126.954101,51.834399,0.0],[-126.953665,51.834402,0.0],[-126.953397,51.83417,0.0],[-126.951473,51.833882,0.0],[-126.951213,51.833774,0.0],[-126.950142,51.832816,0.0],[-126.949691,51.832284,0.0],[-126.948828,51.832558,0.0],[-126.94846,51.831163,0.0],[-126.950778,51.831595,0.0],[-126.953255,51.832378,0.0],[-126.954072,51.832391,0.0],[-126.95656,51.831303,0.0],[-126.956634,51.831292,0.0],[-126.958624,51.831529,0.0],[-126.958692,51.831543,0.0],[-126.959345,51.83183,0.0],[-126.959861,51.831786,0.0],[-126.960106,51.831836,0.0],[-126.963437,51.832297,0.0],[-126.964955,51.832776,0.0],[-126.969526,51.832245,0.0],[-126.970366,51.832258,0.0],[-126.973347,51.831585,0.0],[-126.983644,51.831878,0.0],[-126.988572,51.833533,0.0],[-126.990071,51.833954,0.0],[-126.990496,51.83423,0.0],[-126.99172,51.83491,0.0],[-126.991869,51.835079,0.0],[-126.992056,51.835343,0.0],[-126.992225,51.83548,0.0],[-126.992287,51.83555,0.0],[-126.992524,51.836764,0.0],[-126.991517,51.836916,0.0],[-126.992966,51.83703,0.0],[-126.99357,51.837212,0.0],[-126.994403,51.838229,0.0],[-126.99399,51.83877,0.0],[-126.994238,51.839074,0.0],[-126.993451,51.839179,0.0],[-126.992853,51.838467,0.0],[-126.992561,51.838379,0.0]]]}},{"type":"Feature","properties":{"rgi_id":"RGI2000-v7.0-G-02-04228","o1region":"02"},"geometry":{"type":"Polygon","coordinates":[[[-127.057003,51.861456,0.0],[-127.056865,51.8627,0.0],[-127.056485,51.863135,0.0],[-127.055266,51.865209,0.0],[-127.05585,51.865833,0.0],[-127.055924,51.86613,0.0],[-127.055763,51.866162,0.0],[-127.055601,51.866619,0.0],[-127.055426,51.866779,0.0],[-127.054551,51.867164,0.0],[-127.054144,51.867868,0.0],[-127.052612,51.869338,0.0],[-127.049994,51.869362,0.0],[-127.050001,51.869631,0.0],[-127.049725,51.869731,0.0],[-127.049387,51.87108,0.0],[-127.048575,51.870774,0.0],[-127.049202,51.8697,0.0],[-127.048046,51.86919,0.0],[-127.047586,51.869301,0.0],[-127.046934,51.869121,0.0],[-127.046914,51.868313,0.0],[-127.046478,51.868317,0.0],[-127.04622,51.867734,0.0],[-127.04537,51.867624,0.0],[-127.044595,51.867739,0.0],[-127.044264,51.866991,0.0],[-127.045137,51.866983,0.0],[-127.045131,51.866714,0.0],[-127.045567,51.86671,0.0],[-127.04556,51.866441,0.0],[-127.045997,51.866437,0.0],[-127.04599,51.866168,0.0],[-127.046426,51.866164,0.0],[-127.04642,51.865895,0.0],[-127.046856,51.865891,0.0],[-127.04685,51.865622,0.0],[-127.047452,51.865347,0.0],[-127.046837,51.865084,0.0],[-127.046648,51.864657,0.0],[-127.045177,51.86405,0.0],[-127.04533,51.863599,0.0],[-127.044777,51.863371,0.0],[-127.044874,51.863083,0.0],[-127.044562,51.862278,0.0],[-127.044927,51.861198,0.0],[-127.043846,51.86096,0.0],[-127.043965,51.860607,0.0],[-127.043479,51.859841,0.0],[-127.041649,51.859637,0.0],[-127.041031,51.859484,0.0],[-127.040595,51.859488,0.0],[-127.040588,51.859219,0.0],[-127.040582,51.85895,0.0],[-127.040586,51.858948,0.0],[-127.040629,51.858943,0.0],[-127.040665,51.858913,0.0],[-127.040837,51.858837,0.0],[-127.043304,51.85844,0.0],[-127.044742,51.858999,0.0],[-127.04495,51.859179,0.0],[-127.044957,51.859448,0.0],[-127.045393,51.859444,0.0],[-127.045845,51.859976,0.0],[-127.046721,51.86024,0.0],[-127.046727,51.860509,0.0],[-127.047163,51.860505,0.0],[-127.047424,51.860612,0.0],[-127.048344,51.861409,0.0],[-127.048436,51.861422,0.0],[-127.048445,51.861431,0.0],[-127.049828,51.862488,0.0],[-127.050577,51.862565,0.0],[-127.050598,51.862611,0.0],[-127.050715,51.86258,0.0],[-127.052576,51.862771,0.0],[-127.053893,51.862694,0.0],[-127.057003,51.861456,0.0]],[[-127.050718,51.863164,0.0],[-127.052173,51.864292,0.0],[-127.053109,51.863979,0.0],[-127.051683,51.86332,0.0],[-127.050718,51.863164,0.0]],[[-127.051307,51.864075,0.0],[-127.050301,51.863975,0.0],[-127.050546,51.864315,0.0],[-127.051307,51.864075,0.0]],[[-127.048139,51.864803,0.0],[-127.048352,51.865408,0.0],[-127.050004,51.864891,0.0],[-127.048139,51.864803,0.0]]]}},{"type":"Feature","properties":{"rgi_id":"RGI2000-v7.0-G-02-04229","o1region":"02"},"geometry":{"type":"Polygon","coordinates":[[[-127.055924,51.86613,0.0],[-127.05585,51.865833,0.0],[-127.055266,51.865209,0.0],[-127.056485,51.863135,0.0],[-127.056865,51.8627,0.0],[-127.057003,51.861456,0.0],[-127.057105,51.861194,0.0],[-127.057748,51.861024,0.0],[-127.057872,51.860922,0.0],[-127.058234,51.860835,0.0],[-127.058914,51.860206,0.0],[-127.06005,51.86,0.0],[-127.060672,51.859842,0.0],[-127.061108,51.859838,0.0],[-127.061102,51.859569,0.0],[-127.062297,51.859204,0.0],[-127.063548,51.859769,0.0],[-127.063752,51.86089,0.0],[-127.063316,51.860895,0.0],[-127.063329,51.861433,0.0],[-127.063355,51.862509,0.0],[-127.062799,51.862649,0.0],[-127.063361,51.862778,0.0],[-127.063199,51.862946,0.0],[-127.060716,51.863488,0.0],[-127.060087,51.864139,0.0],[-127.059027,51.863946,0.0],[-127.057995,51.864155,0.0],[-127.058894,51.865345,0.0],[-127.059071,51.865779,0.0],[-127.058784,51.865872,0.0],[-127.058218,51.866594,0.0],[-127.057339,51.866333,0.0],[-127.057155,51.865881,0.0],[-127.055924,51.86613,0.0]],[[-127.057749,51.865253,0.0],[-127.05773,51.864445,0.0],[-127.056857,51.864454,0.0],[-127.056877,51.865261,0.0],[-127.057749,51.865253,0.0]]]}},{"type":"Feature","properties":{"rgi_id":"RGI2000-v7.0-G-02-04230","o1region":"02"},"geometry":{"type":"Polygon","coordinates":[[[-126.988009,51.907057,0.0],[-126.987997,51.906519,0.0],[-126.987985,51.905981,0.0],[-126.987983,51.905977,0.0],[-126.98872,51.905316,0.0],[-126.988688,51.905139,0.0],[-126.988824,51.905291,0.0],[-126.989977,51.90412,0.0],[-126.992144,51.904209,0.0],[-126.99206,51.904995,0.0],[-126.99257,51.905259,0.0],[-126.992776,51.905401,0.0],[-126.991834,51.905494,0.0],[-126.992443,51.905873,0.0],[-126.993224,51.905936,0.0],[-126.993243,51.906743,0.0],[-126.992806,51.906747,0.0],[-126.992812,51.907016,0.0],[-126.992376,51.90702,0.0],[-126.99217,51.907544,0.0],[-126.989326,51.907962,0.0],[-126.988531,51.907273,0.0],[-126.988009,51.907057,0.0]]]}},{"type":"Feature","properties":{"rgi_id":"RGI2000-v7.0-G-02-08563","o1region":"02"},"geometry":{"type":"Polygon","coordinates":[[[-127.015992,51.376873,0.0],[-127.016712,51.376957,0.0],[-127.016719,51.377227,0.0],[-127.018013,51.377215,0.0],[-127.018019,51.377484,0.0],[-127.018025,51.377753,0.0],[-127.017594,51.377757,0.0],[-127.016731,51.377765,0.0],[-127.016737,51.378034,0.0],[-127.016743,51.378304,0.0],[-127.015667,51.378158,0.0],[-127.0148,51.378246,0.0],[-127.014336,51.377566,0.0],[-127.013076,51.377107,0.0],[-127.011529,51.376734,0.0],[-127.011514,51.37608,0.0],[-127.011655,51.375925,0.0],[-127.011942,51.375923,0.0],[-127.012166,51.376266,0.0],[-127.012373,51.375919,0.0],[-127.012356,51.375156,0.0],[-127.012392,51.375117,0.0],[-127.012441,51.374841,0.0],[-127.01278,51.374838,0.0],[-127.012774,51.374569,0.0],[-127.013637,51.374561,0.0],[-127.013643,51.37483,0.0],[-127.014074,51.374827,0.0],[-127.015908,51.375269,0.0],[-127.016688,51.37588,0.0],[-127.016115,51.376064,0.0],[-127.0154,51.376161,0.0],[-127.015992,51.376873,0.0]],[[-127.015782,51.375527,0.0],[-127.014773,51.375868,0.0],[-127.0154,51.376161,0.0],[-127.015782,51.375527,0.0]]]}},{"type":"Feature","properties":{"rgi_id":"RGI2000-v7.0-G-02-08564","o1region":"02"},"geometry":{"type":"Polygon","coordinates":[[[-127.014328,51.385866,0.0],[-127.014322,51.385596,0.0],[-127.014603,51.385236,0.0],[-127.015172,51.38505,0.0],[-127.015722,51.384911,0.0],[-127.015166,51.384781,0.0],[-127.01516,51.384512,0.0],[-127.016186,51.383964,0.0],[-127.01471,51.383708,0.0],[-127.014278,51.383712,0.0],[-127.014055,51.383369,0.0],[-127.013847,51.383715,0.0],[-127.012552,51.383727,0.0],[-127.012975,51.383187,0.0],[-127.013828,51.382908,0.0],[-127.015252,51.38279,0.0],[-127.014685,51.382631,0.0],[-127.01467,51.38196,0.0],[-127.015127,51.381611,0.0],[-127.015262,51.381548,0.0],[-127.015161,51.381504,0.0],[-127.015285,51.380571,0.0],[-127.015502,51.380623,0.0],[-127.015505,51.380738,0.0],[-127.015511,51.381008,0.0],[-127.015735,51.38135,0.0],[-127.015942,51.381004,0.0],[-127.016429,51.380846,0.0],[-127.016574,51.380881,0.0],[-127.016715,51.380956,0.0],[-127.016449,51.381675,0.0],[-127.017707,51.381906,0.0],[-127.017502,51.381373,0.0],[-127.018116,51.381698,0.0],[-127.018118,51.381792,0.0],[-127.018137,51.3826,0.0],[-127.018568,51.382596,0.0],[-127.018575,51.382865,0.0],[-127.019006,51.382861,0.0],[-127.019599,51.383573,0.0],[-127.020319,51.383657,0.0],[-127.020325,51.383927,0.0],[-127.020332,51.384196,0.0],[-127.020763,51.384192,0.0],[-127.021367,51.384985,0.0],[-127.020046,51.384715,0.0],[-127.018199,51.385292,0.0],[-127.01781,51.384925,0.0],[-127.015736,51.385309,0.0],[-127.015191,51.385858,0.0],[-127.014759,51.385862,0.0],[-127.014766,51.386131,0.0],[-127.014334,51.386135,0.0],[-127.014328,51.385866,0.0]],[[-127.017991,51.384828,0.0],[-127.018744,51.384589,0.0],[-127.017749,51.384488,0.0],[-127.017991,51.384828,0.0]]]}},{"type":"Feature","properties":{"rgi_id":"RGI2000-v7.0-G-02-08565","o1region":"02"},"geometry":{"type":"Polygon","coordinates":[[[-126.992636,51.457688,0.0],[-126.994365,51.457673,0.0],[-126.994377,51.458212,0.0],[-126.994383,51.458481,0.0],[-126.994827,51.459015,0.0],[-126.994395,51.459019,0.0],[-126.994401,51.459288,0.0],[-126.994413,51.459827,0.0],[-126.993981,51.459831,0.0],[-126.993993,51.460369,0.0],[-126.993561,51.460373,0.0],[-126.993567,51.460642,0.0],[-126.992894,51.461297,0.0],[-126.992727,51.461727,0.0],[-126.991862,51.461734,0.0],[-126.991868,51.462003,0.0],[-126.990572,51.462015,0.0],[-126.990565,51.461745,0.0],[-126.990133,51.461749,0.0],[-126.989613,51.460556,0.0],[-126.988368,51.460149,0.0],[-126.987924,51.459614,0.0],[-126.987491,51.459618,0.0],[-126.987473,51.45881,0.0],[-126.987461,51.458272,0.0],[-126.987804,51.457348,0.0],[-126.987437,51.457195,0.0],[-126.987005,51.457199,0.0],[-126.98673,51.456858,0.0],[-126.986591,51.45801,0.0],[-126.986159,51.458014,0.0],[-126.986165,51.458283,0.0],[-126.985953,51.459203,0.0],[-126.983842,51.458957,0.0],[-126.984195,51.457149,0.0],[-126.985771,51.456451,0.0],[-126.986116,51.456129,0.0],[-126.986549,51.456126,0.0],[-126.986543,51.455856,0.0],[-126.98822,51.455465,0.0],[-126.994968,51.455656,0.0],[-126.99664,51.455579,0.0],[-126.996915,51.455766,0.0],[-126.996365,51.455905,0.0],[-126.996921,51.456035,0.0],[-126.997095,51.456506,0.0],[-126.998183,51.456216,0.0],[-126.998827,51.457076,0.0],[-126.998385,51.457772,0.0],[-126.998888,51.458503,0.0],[-126.999996,51.458162,0.0],[-127.000374,51.458159,0.0],[-127.000883,51.459161,0.0],[-127.000891,51.459501,0.0],[-127.001215,51.459498,0.0],[-127.001816,51.46001,0.0],[-127.002147,51.460329,0.0],[-127.001587,51.460639,0.0],[-127.003513,51.462282,0.0],[-127.004002,51.463243,0.0],[-127.00357,51.463247,0.0],[-127.003576,51.463516,0.0],[-127.002488,51.463394,0.0],[-127.002491,51.463119,0.0],[-127.002043,51.462859,0.0],[-127.001489,51.461525,0.0],[-126.999649,51.461935,0.0],[-126.999217,51.461939,0.0],[-126.999204,51.461401,0.0],[-127.000631,51.461283,0.0],[-127.000063,51.461124,0.0],[-126.999942,51.460655,0.0],[-126.999308,51.460257,0.0],[-126.999198,51.461131,0.0],[-126.998766,51.461135,0.0],[-126.998772,51.461404,0.0],[-126.997902,51.461143,0.0],[-126.997895,51.460873,0.0],[-126.997463,51.460877,0.0],[-126.997804,51.460434,0.0],[-126.997019,51.460343,0.0],[-126.997007,51.459804,0.0],[-126.997439,51.4598,0.0],[-126.997433,51.459531,0.0],[-126.998276,51.459738,0.0],[-126.999772,51.459413,0.0],[-126.998037,51.459144,0.0],[-126.997412,51.458617,0.0],[-126.996988,51.458996,0.0],[-126.99641,51.458821,0.0],[-126.996112,51.458466,0.0],[-126.996106,51.458196,0.0],[-126.995673,51.4582,0.0],[-126.995505,51.457208,0.0],[-126.994347,51.456869,0.0],[-126.993703,51.457071,0.0],[-126.993267,51.456944,0.0],[-126.992624,51.45715,0.0],[-126.992636,51.457688,0.0]],[[-126.992176,51.456617,0.0],[-126.991309,51.456353,0.0],[-126.991303,51.456084,0.0],[-126.990871,51.456088,0.0],[-126.99032,51.456227,0.0],[-126.990877,51.456357,0.0],[-126.991607,51.456997,0.0],[-126.992624,51.45715,0.0],[-126.992176,51.456617,0.0]]]}},{"type":"Feature","properties":{"rgi_id":"RGI2000-v7.0-G-02-08567","o1region":"02"},"geometry":{"type":"Polygon","coordinates":[[[-126.969031,51.562901,0.0],[-126.968361,51.560827,0.0],[-126.966547,51.559491,0.0],[-126.966352,51.557838,0.0],[-126.966601,51.555127,0.0],[-126.967104,51.554767,0.0],[-126.968135,51.554179,0.0],[-126.969755,51.552751,0.0],[-126.9725,51.552969,0.0],[-126.97267,51.553053,0.0],[-126.970256,51.55383,0.0],[-126.970114,51.55401,0.0],[-126.969681,51.554014,0.0],[-126.969687,51.554283,0.0],[-126.969693,51.554552,0.0],[-126.96926,51.554556,0.0],[-126.968758,51.555206,0.0],[-126.969278,51.555364,0.0],[-126.970863,51.55526,0.0],[-126.971437,51.555076,0.0],[-126.971662,51.555419,0.0],[-126.971871,51.555072,0.0],[-126.972976,51.555185,0.0],[-126.973881,51.555497,0.0],[-126.978045,51.555197,0.0],[-126.979428,51.55486,0.0],[-126.981197,51.554521,0.0],[-126.982858,51.554612,0.0],[-126.98602,51.55532,0.0],[-126.986617,51.555753,0.0],[-126.986841,51.556096,0.0],[-126.98705,51.555749,0.0],[-126.987922,51.556011,0.0],[-126.987928,51.55628,0.0],[-126.987062,51.556288,0.0],[-126.987068,51.556557,0.0],[-126.986635,51.556561,0.0],[-126.983445,51.556837,0.0],[-126.983001,51.557681,0.0],[-126.984072,51.558199,0.0],[-126.984078,51.558468,0.0],[-126.981768,51.558156,0.0],[-126.979572,51.559197,0.0],[-126.976945,51.559892,0.0],[-126.976779,51.561492,0.0],[-126.976346,51.561496,0.0],[-126.976352,51.561765,0.0],[-126.975918,51.561769,0.0],[-126.975924,51.562038,0.0],[-126.974637,51.562588,0.0],[-126.974203,51.562591,0.0],[-126.974209,51.562861,0.0],[-126.973657,51.563,0.0],[-126.974215,51.56313,0.0],[-126.974221,51.563399,0.0],[-126.974227,51.563668,0.0],[-126.974233,51.563937,0.0],[-126.9738,51.563941,0.0],[-126.973367,51.563945,0.0],[-126.973373,51.564214,0.0],[-126.973379,51.564483,0.0],[-126.972512,51.564491,0.0],[-126.972518,51.56476,0.0],[-126.972524,51.565029,0.0],[-126.971499,51.564875,0.0],[-126.97001,51.56429,0.0],[-126.970163,51.563837,0.0],[-126.970008,51.563435,0.0],[-126.970153,51.563007,0.0],[-126.969031,51.562901,0.0]],[[-126.973451,51.558331,0.0],[-126.972472,51.556133,0.0],[-126.971016,51.555618,0.0],[-126.971234,51.556025,0.0],[-126.971926,51.556812,0.0],[-126.972788,51.558933,0.0],[-126.973451,51.558331,0.0]],[[-126.98359,51.556049,0.0],[-126.983837,51.556678,0.0],[-126.985054,51.556165,0.0],[-126.98359,51.556049,0.0]]]}},{"type":"Feature","properties":{"rgi_id":"RGI2000-v7.0-G-02-08570","o1region":"02"},"geometry":{"type":"Polygon","coordinates":[[[-126.997662,51.558479,0.0],[-126.997315,51.558259,0.0],[-126.996674,51.558293,0.0],[-126.996429,51.557583,0.0],[-126.995719,51.556592,0.0],[-126.995585,51.556511,0.0],[-126.994842,51.556175,0.0],[-126.99402,51.555928,0.0],[-126.991036,51.552971,0.0],[-126.988015,51.551583,0.0],[-126.987623,51.551287,0.0],[-126.986752,51.550865,0.0],[-126.986051,51.549835,0.0],[-126.986174,51.548847,0.0],[-126.986454,51.548485,0.0],[-126.986887,51.548481,0.0],[-126.986881,51.548212,0.0],[-126.98944,51.54845,0.0],[-126.990702,51.547962,0.0],[-126.991657,51.548709,0.0],[-126.991663,51.548978,0.0],[-126.992096,51.548974,0.0],[-126.993705,51.548884,0.0],[-126.994031,51.548345,0.0],[-126.994256,51.548686,0.0],[-126.994298,51.550571,0.0],[-126.994731,51.550567,0.0],[-126.994743,51.551105,0.0],[-126.994762,51.551913,0.0],[-126.995628,51.551905,0.0],[-126.996351,51.551989,0.0],[-126.996933,51.552163,0.0],[-126.997205,51.552512,0.0],[-126.997354,51.551621,0.0],[-126.997348,51.551352,0.0],[-126.997781,51.551348,0.0],[-126.997775,51.551079,0.0],[-126.998208,51.551075,0.0],[-126.99876,51.550935,0.0],[-126.998202,51.550806,0.0],[-126.998081,51.550337,0.0],[-126.997426,51.549936,0.0],[-126.997306,51.549467,0.0],[-126.997739,51.549464,0.0],[-126.99983,51.549569,0.0],[-127.003082,51.549883,0.0],[-127.003144,51.550119,0.0],[-127.002588,51.550563,0.0],[-127.002372,51.551229,0.0],[-127.001574,51.551309,0.0],[-127.00124,51.551048,0.0],[-127.000807,51.551052,0.0],[-127.000608,51.550464,0.0],[-126.999684,51.550166,0.0],[-126.999502,51.550794,0.0],[-126.999069,51.550798,0.0],[-126.999075,51.551067,0.0],[-126.99913,51.55349,0.0],[-126.99888,51.553605,0.0],[-126.998538,51.55446,0.0],[-126.997691,51.555316,0.0],[-126.99807,51.55608,0.0],[-126.998732,51.556708,0.0],[-126.998478,51.55756,0.0],[-126.998495,51.557708,0.0],[-126.998277,51.558208,0.0],[-126.997553,51.558247,0.0],[-126.997662,51.558479,0.0]]]}},{"type":"Feature","properties":{"rgi_id":"RGI2000-v7.0-G-02-08574","o1region":"02"},"geometry":{"type":"Polygon","coordinates":[[[-127.10761,51.604335,0.0],[-127.107411,51.603916,0.0],[-127.107844,51.603912,0.0],[-127.108396,51.603772,0.0],[-127.107837,51.603643,0.0],[-127.108536,51.602738,0.0],[-127.108604,51.602511,0.0],[-127.108612,51.602504,0.0],[-127.108706,51.602288,0.0],[-127.109538,51.60228,0.0],[-127.109524,51.601742,0.0],[-127.109518,51.601472,0.0],[-127.109951,51.601468,0.0],[-127.109944,51.601199,0.0],[-127.110145,51.601055,0.0],[-127.110597,51.600796,0.0],[-127.110945,51.600547,0.0],[-127.11115,51.600463,0.0],[-127.111518,51.600354,0.0],[-127.113092,51.600142,0.0],[-127.11459,51.599708,0.0],[-127.116467,51.59962,0.0],[-127.120317,51.599751,0.0],[-127.120542,51.600094,0.0],[-127.12075,51.599747,0.0],[-127.121903,51.599645,0.0],[-127.123052,51.599277,0.0],[-127.123182,51.599339,0.0],[-127.123352,51.599713,0.0],[-127.123352,51.599722,0.0],[-127.123356,51.599722,0.0],[-127.123953,51.601032,0.0],[-127.124448,51.601212,0.0],[-127.124537,51.601456,0.0],[-127.127376,51.603741,0.0],[-127.126895,51.604247,0.0],[-127.126559,51.604708,0.0],[-127.126517,51.604747,0.0],[-127.126511,51.604537,0.0],[-127.124777,51.604554,0.0],[-127.124596,51.604396,0.0],[-127.122689,51.604113,0.0],[-127.123096,51.602894,0.0],[-127.121816,51.601781,0.0],[-127.121283,51.602454,0.0],[-127.122069,51.603177,0.0],[-127.121541,51.603668,0.0],[-127.12042,51.603789,0.0],[-127.119502,51.602991,0.0],[-127.118072,51.603702,0.0],[-127.117384,51.603819,0.0],[-127.117106,51.603425,0.0],[-127.117226,51.603068,0.0],[-127.118164,51.603189,0.0],[-127.119091,51.602326,0.0],[-127.117101,51.60203,0.0],[-127.116726,51.602379,0.0],[-127.115609,51.602235,0.0],[-127.113741,51.602514,0.0],[-127.113454,51.60278,0.0],[-127.111319,51.60302,0.0],[-127.109656,51.602632,0.0],[-127.109882,51.603488,0.0],[-127.108889,51.603752,0.0],[-127.108999,51.60417,0.0],[-127.108913,51.604575,0.0],[-127.10905,51.605095,0.0],[-127.108491,51.604865,0.0],[-127.108105,51.604565,0.0],[-127.10761,51.604335,0.0]]]}},{"type":"Feature","properties":{"rgi_id":"RGI2000-v7.0-G-02-08575","o1region":"02"},"geometry":{"type":"Polygon","coordinates":[[[-127.163272,51.607494,0.0],[-127.163271,51.608314,0.0],[-127.159828,51.608107,0.0],[-127.161071,51.607793,0.0],[-127.161912,51.607901,0.0],[-127.161548,51.607526,0.0],[-127.16088,51.60725,0.0],[-127.16009,51.606002,0.0],[-127.15779,51.606378,0.0],[-127.158238,51.606911,0.0],[-127.158919,51.608665,0.0],[-127.159839,51.609443,0.0],[-127.160051,51.609855,0.0],[-127.160058,51.610124,0.0],[-127.160492,51.61012,0.0],[-127.160761,51.611042,0.0],[-127.160983,51.612269,0.0],[-127.160729,51.612381,0.0],[-127.16039,51.612972,0.0],[-127.159717,51.613628,0.0],[-127.159283,51.613632,0.0],[-127.158416,51.613641,0.0],[-127.158423,51.61391,0.0],[-127.157555,51.613919,0.0],[-127.157562,51.614188,0.0],[-127.157129,51.614192,0.0],[-127.156261,51.614201,0.0],[-127.156268,51.61447,0.0],[-127.154967,51.614484,0.0],[-127.154516,51.614275,0.0],[-127.154215,51.613137,0.0],[-127.15447,51.612065,0.0],[-127.154903,51.612061,0.0],[-127.154896,51.611792,0.0],[-127.15557,51.611137,0.0],[-127.155735,51.610706,0.0],[-127.156305,51.610505,0.0],[-127.155288,51.610172,0.0],[-127.15464,51.609219,0.0],[-127.154392,51.609104,0.0],[-127.154385,51.608835,0.0],[-127.153951,51.60884,0.0],[-127.153937,51.608301,0.0],[-127.15307,51.60831,0.0],[-127.153631,51.607497,0.0],[-127.153027,51.606695,0.0],[-127.153461,51.606691,0.0],[-127.153454,51.606421,0.0],[-127.154025,51.606235,0.0],[-127.154307,51.605874,0.0],[-127.154418,51.605166,0.0],[-127.155294,51.604965,0.0],[-127.156015,51.604584,0.0],[-127.157271,51.604396,0.0],[-127.157943,51.605458,0.0],[-127.158203,51.605566,0.0],[-127.15821,51.605835,0.0],[-127.159511,51.605822,0.0],[-127.159497,51.605283,0.0],[-127.16001,51.604887,0.0],[-127.161926,51.606188,0.0],[-127.163272,51.607494,0.0]]]}},{"type":"Feature","properties":{"rgi_id":"RGI2000-v7.0-G-02-08576","o1region":"02"},"geometry":{"type":"Polygon","coordinates":[[[-127.174233,51.604863,0.0],[-127.173955,51.605226,0.0],[-127.173821,51.605675,0.0],[-127.172954,51.605684,0.0],[-127.172968,51.606222,0.0],[-127.172835,51.606672,0.0],[-127.172556,51.607034,0.0],[-127.171913,51.606871,0.0],[-127.17147,51.606945,0.0],[-127.169759,51.606696,0.0],[-127.169094,51.607339,0.0],[-127.169562,51.60769,0.0],[-127.171094,51.608246,0.0],[-127.171986,51.608674,0.0],[-127.169351,51.609088,0.0],[-127.168702,51.609205,0.0],[-127.167737,51.608819,0.0],[-127.167235,51.609469,0.0],[-127.166838,51.609541,0.0],[-127.164554,51.609992,0.0],[-127.164128,51.610368,0.0],[-127.163702,51.609977,0.0],[-127.163304,51.608316,0.0],[-127.163271,51.608314,0.0],[-127.163272,51.607494,0.0],[-127.163291,51.607512,0.0],[-127.167138,51.606429,0.0],[-127.167331,51.60628,0.0],[-127.167664,51.605847,0.0],[-127.167348,51.605752,0.0],[-127.167967,51.605745,0.0],[-127.168085,51.605465,0.0],[-127.168177,51.605464,0.0],[-127.169044,51.605455,0.0],[-127.169037,51.605186,0.0],[-127.169471,51.605181,0.0],[-127.169466,51.605001,0.0],[-127.170301,51.604277,0.0],[-127.170383,51.604147,0.0],[-127.1705,51.60405,0.0],[-127.172463,51.603535,0.0],[-127.17391,51.60375,0.0],[-127.173359,51.604603,0.0],[-127.174233,51.604863,0.0]],[[-127.172812,51.604755,0.0],[-127.1732,51.605224,0.0],[-127.173359,51.604603,0.0],[-127.172812,51.604755,0.0]],[[-127.169183,51.606606,0.0],[-127.169649,51.606124,0.0],[-127.168625,51.605998,0.0],[-127.169183,51.606606,0.0]]]}},{"type":"Feature","properties":{"rgi_id":"RGI2000-v7.0-G-02-08577","o1region":"02"},"geometry":{"type":"Polygon","coordinates":[[[-127.177574,51.600022,0.0],[-127.177721,51.599981,0.0],[-127.178006,51.599978,0.0],[-127.17844,51.599973,0.0],[-127.178435,51.599778,0.0],[-127.179553,51.59946,0.0],[-127.179626,51.599435,0.0],[-127.179726,51.599421,0.0],[-127.180593,51.599412,0.0],[-127.180474,51.6004,0.0],[-127.180196,51.600763,0.0],[-127.179942,51.600875,0.0],[-127.179465,51.60132,0.0],[-127.177877,51.601754,0.0],[-127.176015,51.602071,0.0],[-127.174555,51.603432,0.0],[-127.173323,51.603257,0.0],[-127.173601,51.602894,0.0],[-127.173696,51.602355,0.0],[-127.173814,51.602297,0.0],[-127.17389,51.602174,0.0],[-127.174162,51.602171,0.0],[-127.174154,51.601902,0.0],[-127.174506,51.601575,0.0],[-127.176795,51.600583,0.0],[-127.177146,51.600256,0.0],[-127.17758,51.600251,0.0],[-127.177574,51.600022,0.0]]]}},{"type":"Feature","properties":{"rgi_id":"RGI2000-v7.0-G-02-08578","o1region":"02"},"geometry":{"type":"Polygon","coordinates":[[[-127.160662,51.534456,0.0],[-127.160648,51.533918,0.0],[-127.161081,51.533913,0.0],[-127.161514,51.533909,0.0],[-127.161507,51.53364,0.0],[-127.16194,51.533635,0.0],[-127.161933,51.533366,0.0],[-127.162365,51.533362,0.0],[-127.162798,51.533357,0.0],[-127.162791,51.533088,0.0],[-127.163224,51.533084,0.0],[-127.163213,51.532645,0.0],[-127.163338,51.532544,0.0],[-127.163643,51.532541,0.0],[-127.164705,51.532069,0.0],[-127.164906,51.531182,0.0],[-127.164906,51.531169,0.0],[-127.16506,51.530931,0.0],[-127.165078,51.530911,0.0],[-127.165332,51.530908,0.0],[-127.165325,51.53064,0.0],[-127.165764,51.530157,0.0],[-127.166043,51.529285,0.0],[-127.166155,51.529284,0.0],[-127.166149,51.529052,0.0],[-127.166845,51.528693,0.0],[-127.166942,51.528468,0.0],[-127.166999,51.528468,0.0],[-127.166996,51.528343,0.0],[-127.167147,51.527992,0.0],[-127.167222,51.527927,0.0],[-127.168284,51.527916,0.0],[-127.168291,51.528185,0.0],[-127.168724,51.528181,0.0],[-127.169157,51.528176,0.0],[-127.169164,51.528445,0.0],[-127.168996,51.52866,0.0],[-127.168461,51.528505,0.0],[-127.168173,51.529214,0.0],[-127.169482,51.52961,0.0],[-127.169632,51.529787,0.0],[-127.169379,51.529899,0.0],[-127.169048,51.53076,0.0],[-127.167666,51.531269,0.0],[-127.167958,51.531958,0.0],[-127.166853,51.531801,0.0],[-127.165557,51.532346,0.0],[-127.165209,51.532954,0.0],[-127.164703,51.533179,0.0],[-127.164272,51.534298,0.0],[-127.164833,51.53453,0.0],[-127.16468,51.534991,0.0],[-127.162325,51.534071,0.0],[-127.161975,51.534981,0.0],[-127.161278,51.535206,0.0],[-127.160952,51.534544,0.0],[-127.160662,51.534456,0.0]]]}},{"type":"Feature","properties":{"rgi_id":"RGI2000-v7.0-G-02-08579","o1region":"02"},"geometry":{"type":"Polygon","coordinates":[[[-127.170152,51.525346,0.0],[-127.169003,51.524573,0.0],[-127.168445,51.525364,0.0],[-127.167756,51.525428,0.0],[-127.167341,51.525005,0.0],[-127.167321,51.524254,0.0],[-127.167394,51.524167,0.0],[-127.167685,51.523883,0.0],[-127.167744,51.523882,0.0],[-127.168177,51.523878,0.0],[-127.168169,51.523609,0.0],[-127.168227,51.523354,0.0],[-127.168513,51.523075,0.0],[-127.168795,51.522582,0.0],[-127.169211,51.52217,0.0],[-127.169246,51.521583,0.0],[-127.169569,51.520742,0.0],[-127.169822,51.52063,0.0],[-127.170255,51.520625,0.0],[-127.170248,51.520356,0.0],[-127.171581,51.519804,0.0],[-127.175228,51.51938,0.0],[-127.17723,51.518424,0.0],[-127.179326,51.518595,0.0],[-127.179734,51.518912,0.0],[-127.179993,51.519019,0.0],[-127.180746,51.520726,0.0],[-127.181523,51.521047,0.0],[-127.181211,51.521455,0.0],[-127.181544,51.521855,0.0],[-127.181111,51.521859,0.0],[-127.181126,51.522398,0.0],[-127.18026,51.522407,0.0],[-127.180246,51.521868,0.0],[-127.18002,51.521526,0.0],[-127.179813,51.521873,0.0],[-127.177319,51.522291,0.0],[-127.177922,51.522541,0.0],[-127.178103,51.522698,0.0],[-127.176902,51.522904,0.0],[-127.177096,51.523404,0.0],[-127.175707,51.523641,0.0],[-127.175535,51.523802,0.0],[-127.174885,51.524011,0.0],[-127.173947,51.523728,0.0],[-127.173796,51.523551,0.0],[-127.173597,51.522857,0.0],[-127.173246,51.522636,0.0],[-127.172692,51.524516,0.0],[-127.173407,51.52517,0.0],[-127.173248,51.52587,0.0],[-127.172577,51.526525,0.0],[-127.171485,51.526877,0.0],[-127.171271,51.52627,0.0],[-127.171791,51.525971,0.0],[-127.170152,51.525346,0.0]],[[-127.169609,51.524013,0.0],[-127.169042,51.523869,0.0],[-127.169232,51.524479,0.0],[-127.169609,51.524013,0.0]]]}},{"type":"Feature","properties":{"rgi_id":"RGI2000-v7.0-G-02-08580","o1region":"02"},"geometry":{"type":"Polygon","coordinates":[[[-127.190384,51.523464,0.0],[-127.190126,51.524103,0.0],[-127.189273,51.524362,0.0],[-127.190706,51.524452,0.0],[-127.191139,51.524448,0.0],[-127.191146,51.524717,0.0],[-127.190714,51.524721,0.0],[-127.190735,51.525529,0.0],[-127.190303,51.525534,0.0],[-127.189565,51.524893,0.0],[-127.188417,51.52521,0.0],[-127.187847,51.526208,0.0],[-127.187171,51.52583,0.0],[-127.188029,51.524497,0.0],[-127.186385,51.524767,0.0],[-127.186363,51.523959,0.0],[-127.186796,51.523955,0.0],[-127.188173,51.523832,0.0],[-127.186782,51.523416,0.0],[-127.186767,51.522878,0.0],[-127.18676,51.522609,0.0],[-127.186358,51.522613,0.0],[-127.18662,51.522325,0.0],[-127.186987,51.521471,0.0],[-127.187734,51.521425,0.0],[-127.190265,51.521497,0.0],[-127.192251,51.521917,0.0],[-127.192684,51.521954,0.0],[-127.193779,51.522319,0.0],[-127.197384,51.522622,0.0],[-127.197588,51.522764,0.0],[-127.196656,51.523019,0.0],[-127.195414,51.52286,0.0],[-127.194133,51.52307,0.0],[-127.193807,51.522686,0.0],[-127.192747,51.522456,0.0],[-127.193267,51.523079,0.0],[-127.193274,51.523348,0.0],[-127.192841,51.523353,0.0],[-127.192849,51.523622,0.0],[-127.192163,51.523739,0.0],[-127.191132,51.524179,0.0],[-127.190835,51.523822,0.0],[-127.190677,51.523375,0.0],[-127.190384,51.523464,0.0]],[[-127.19164,51.523236,0.0],[-127.191219,51.522736,0.0],[-127.190677,51.523375,0.0],[-127.19164,51.523236,0.0]]]}},{"type":"Feature","properties":{"rgi_id":"RGI2000-v7.0-G-02-08581","o1region":"02"},"geometry":{"type":"Polygon","coordinates":[[[-127.119211,51.735141,0.0],[-127.118338,51.735029,0.0],[-127.117745,51.735118,0.0],[-127.11689,51.733911,0.0],[-127.117087,51.733322,0.0],[-127.116924,51.732902,0.0],[-127.117463,51.732663,0.0],[-127.117352,51.732377,0.0],[-127.117538,51.731823,0.0],[-127.117145,51.730898,0.0],[-127.11758,51.730894,0.0],[-127.117587,51.731163,0.0],[-127.118022,51.731159,0.0],[-127.118186,51.731202,0.0],[-127.11975,51.732005,0.0],[-127.120761,51.731945,0.0],[-127.121055,51.731957,0.0],[-127.12117,51.731987,0.0],[-127.124205,51.732243,0.0],[-127.126226,51.732564,0.0],[-127.126855,51.732279,0.0],[-127.12726,51.732254,0.0],[-127.13072,51.731429,0.0],[-127.131542,51.732644,0.0],[-127.131333,51.732838,0.0],[-127.130714,51.732302,0.0],[-127.129869,51.732009,0.0],[-127.130257,51.733004,0.0],[-127.129183,51.733478,0.0],[-127.128712,51.732414,0.0],[-127.128315,51.733438,0.0],[-127.127431,51.733325,0.0],[-127.125694,51.733584,0.0],[-127.125485,51.733778,0.0],[-127.124795,51.733895,0.0],[-127.123993,51.734229,0.0],[-127.123079,51.734112,0.0],[-127.120473,51.734535,0.0],[-127.119864,51.734008,0.0],[-127.119211,51.735141,0.0]]]}},{"type":"Feature","properties":{"rgi_id":"RGI2000-v7.0-G-02-08582","o1region":"02"},"geometry":{"type":"Polygon","coordinates":[[[-127.10212,51.738851,0.0],[-127.102114,51.738582,0.0],[-127.10279,51.737927,0.0],[-127.102956,51.737497,0.0],[-127.102752,51.73652,0.0],[-127.101631,51.736702,0.0],[-127.101802,51.736275,0.0],[-127.102368,51.736015,0.0],[-127.10134,51.735782,0.0],[-127.101755,51.734391,0.0],[-127.102249,51.733892,0.0],[-127.10242,51.733464,0.0],[-127.102855,51.73346,0.0],[-127.103153,51.733817,0.0],[-127.10331,51.734263,0.0],[-127.103503,51.735151,0.0],[-127.103892,51.734612,0.0],[-127.104187,51.734524,0.0],[-127.111877,51.734302,0.0],[-127.113957,51.734308,0.0],[-127.114183,51.734158,0.0],[-127.114618,51.734154,0.0],[-127.114605,51.733615,0.0],[-127.114742,51.733157,0.0],[-127.115582,51.732081,0.0],[-127.115868,51.731988,0.0],[-127.115613,51.733173,0.0],[-127.116517,51.733675,0.0],[-127.116712,51.735847,0.0],[-127.114462,51.734921,0.0],[-127.115754,51.736377,0.0],[-127.115356,51.737251,0.0],[-127.113911,51.736953,0.0],[-127.112081,51.737016,0.0],[-127.11142,51.737006,0.0],[-127.110984,51.737306,0.0],[-127.109682,51.736463,0.0],[-127.109262,51.737037,0.0],[-127.107034,51.737599,0.0],[-127.106228,51.738154,0.0],[-127.105358,51.738141,0.0],[-127.104945,51.738426,0.0],[-127.104075,51.738413,0.0],[-127.103647,51.738707,0.0],[-127.103199,51.738701,0.0],[-127.10212,51.738851,0.0]],[[-127.113354,51.735781,0.0],[-127.113625,51.736679,0.0],[-127.114427,51.736277,0.0],[-127.113354,51.735781,0.0]]]}},{"type":"Feature","properties":{"rgi_id":"RGI2000-v7.0-G-02-08583","o1region":"02"},"geometry":{"type":"Polygon","coordinates":[[[-127.063822,51.962898,0.0],[-127.063418,51.962862,0.0],[-127.063669,51.962668,0.0],[-127.063269,51.962455,0.0],[-127.062782,51.961248,0.0],[-127.058802,51.959396,0.0],[-127.057907,51.958797,0.0],[-127.058815,51.957923,0.0],[-127.058945,51.956544,0.0],[-127.059109,51.95616,0.0],[-127.061492,51.955804,0.0],[-127.061886,51.955836,0.0],[-127.061987,51.95573,0.0],[-127.062111,51.955711,0.0],[-127.062786,51.955213,0.0],[-127.063342,51.957253,0.0],[-127.065299,51.957901,0.0],[-127.06501,51.956558,0.0],[-127.063664,51.955123,0.0],[-127.065105,51.954303,0.0],[-127.067578,51.954403,0.0],[-127.070453,51.952893,0.0],[-127.073964,51.953034,0.0],[-127.075231,51.952341,0.0],[-127.076224,51.951609,0.0],[-127.076771,51.951527,0.0],[-127.07706,51.951329,0.0],[-127.078089,51.951214,0.0],[-127.078732,51.950289,0.0],[-127.082105,51.950083,0.0],[-127.08182,51.950444,0.0],[-127.080956,51.950723,0.0],[-127.080493,51.951309,0.0],[-127.079377,51.951519,0.0],[-127.079379,51.951521,0.0],[-127.079204,51.951624,0.0],[-127.079092,51.951996,0.0],[-127.078714,51.951913,0.0],[-127.077934,51.952373,0.0],[-127.078409,51.952494,0.0],[-127.077183,51.953141,0.0],[-127.076703,51.953851,0.0],[-127.075849,51.954302,0.0],[-127.07546,51.954599,0.0],[-127.074988,51.954848,0.0],[-127.07421,51.955443,0.0],[-127.073228,51.955961,0.0],[-127.07513,51.956202,0.0],[-127.072849,51.956752,0.0],[-127.07246,51.95705,0.0],[-127.071979,51.957303,0.0],[-127.072701,51.958785,0.0],[-127.071534,51.958883,0.0],[-127.070819,51.959203,0.0],[-127.072409,51.95946,0.0],[-127.071757,51.960246,0.0],[-127.072303,51.960403,0.0],[-127.072512,51.960817,0.0],[-127.073378,51.961247,0.0],[-127.072094,51.961604,0.0],[-127.071899,51.961753,0.0],[-127.068187,51.96193,0.0],[-127.067304,51.961906,0.0],[-127.06711,51.962605,0.0],[-127.067123,51.963143,0.0],[-127.067015,51.963178,0.0],[-127.063822,51.962898,0.0]]]}},{"type":"Feature","properties":{"rgi_id":"RGI2000-v7.0-G-02-08584","o1region":"02"},"geometry":{"type":"Polygon","coordinates":[[[-127.052153,51.958974,0.0],[-127.051273,51.958713,0.0],[-127.05126,51.958175,0.0],[-127.050385,51.958183,0.0],[-127.050379,51.957914,0.0],[-127.050945,51.957185,0.0],[-127.050632,51.956387,0.0],[-127.05034,51.956299,0.0],[-127.050041,51.955943,0.0],[-127.049883,51.955496,0.0],[-127.049877,51.955227,0.0],[-127.050314,51.955223,0.0],[-127.050301,51.954685,0.0],[-127.052284,51.954819,0.0],[-127.052924,51.954661,0.0],[-127.054523,51.954556,0.0],[-127.055016,51.953933,0.0],[-127.054216,51.953842,0.0],[-127.054209,51.953572,0.0],[-127.055073,51.953293,0.0],[-127.054627,51.952761,0.0],[-127.055501,51.952753,0.0],[-127.055507,51.953022,0.0],[-127.055514,51.953291,0.0],[-127.055951,51.953287,0.0],[-127.056614,51.954233,0.0],[-127.05751,51.955188,0.0],[-127.058228,51.957035,0.0],[-127.058462,51.957658,0.0],[-127.058665,51.957031,0.0],[-127.058893,51.956192,0.0],[-127.059109,51.95616,0.0],[-127.058945,51.956544,0.0],[-127.058815,51.957923,0.0],[-127.057907,51.958797,0.0],[-127.057895,51.958803,0.0],[-127.057997,51.95867,0.0],[-127.056205,51.959032,0.0],[-127.056538,51.959473,0.0],[-127.052166,51.959513,0.0],[-127.052153,51.958974,0.0]]]}},{"type":"Feature","properties":{"rgi_id":"RGI2000-v7.0-G-02-08585","o1region":"02"},"geometry":{"type":"Polygon","coordinates":[[[-127.053563,51.962999,0.0],[-127.053336,51.962656,0.0],[-127.053125,51.963003,0.0],[-127.052688,51.963007,0.0],[-127.052251,51.963011,0.0],[-127.052257,51.96328,0.0],[-127.051383,51.963288,0.0],[-127.051396,51.963826,0.0],[-127.050084,51.963838,0.0],[-127.050065,51.963031,0.0],[-127.05091,51.962904,0.0],[-127.049694,51.962475,0.0],[-127.050155,51.961608,0.0],[-127.048928,51.962168,0.0],[-127.048727,51.961966,0.0],[-127.049089,51.960526,0.0],[-127.051203,51.960314,0.0],[-127.053059,51.96098,0.0],[-127.054391,51.961107,0.0],[-127.054618,51.96145,0.0],[-127.054829,51.961103,0.0],[-127.054971,51.960923,0.0],[-127.055495,51.960754,0.0],[-127.055256,51.961633,0.0],[-127.0548,51.962154,0.0],[-127.054206,51.963437,0.0],[-127.053456,51.963652,0.0],[-127.053086,51.96531,0.0],[-127.051983,51.965807,0.0],[-127.052047,51.965276,0.0],[-127.05229,51.964625,0.0],[-127.052727,51.964621,0.0],[-127.052708,51.963814,0.0],[-127.053563,51.962999,0.0]]]}},{"type":"Feature","properties":{"rgi_id":"RGI2000-v7.0-G-02-08586","o1region":"02"},"geometry":{"type":"Polygon","coordinates":[[[-127.034252,51.978516,0.0],[-127.034239,51.977978,0.0],[-127.035551,51.977966,0.0],[-127.036313,51.97789,0.0],[-127.03652,51.977218,0.0],[-127.037162,51.976806,0.0],[-127.037369,51.976134,0.0],[-127.038018,51.975991,0.0],[-127.038118,51.97552,0.0],[-127.038462,51.975077,0.0],[-127.037667,51.974986,0.0],[-127.037661,51.974717,0.0],[-127.037468,51.97428,0.0],[-127.036651,51.9744,0.0],[-127.035455,51.973929,0.0],[-127.035449,51.97366,0.0],[-127.035011,51.973664,0.0],[-127.034992,51.972857,0.0],[-127.03543,51.972853,0.0],[-127.035423,51.972584,0.0],[-127.038773,51.972463,0.0],[-127.039242,51.972314,0.0],[-127.039776,51.972282,0.0],[-127.040103,51.972041,0.0],[-127.040508,51.971913,0.0],[-127.040574,51.971695,0.0],[-127.040896,51.971458,0.0],[-127.041083,51.971456,0.0],[-127.041079,51.971323,0.0],[-127.04154,51.970984,0.0],[-127.041665,51.971241,0.0],[-127.042042,51.971001,0.0],[-127.041612,51.970931,0.0],[-127.041819,51.970779,0.0],[-127.042596,51.968348,0.0],[-127.04399,51.968019,0.0],[-127.045471,51.968078,0.0],[-127.045988,51.966961,0.0],[-127.047804,51.966521,0.0],[-127.048942,51.966439,0.0],[-127.049058,51.966615,0.0],[-127.049175,51.966422,0.0],[-127.04954,51.966396,0.0],[-127.049691,51.966328,0.0],[-127.050325,51.966418,0.0],[-127.051898,51.966513,0.0],[-127.051983,51.965807,0.0],[-127.053086,51.96531,0.0],[-127.053456,51.963652,0.0],[-127.054206,51.963437,0.0],[-127.0548,51.962154,0.0],[-127.055256,51.961633,0.0],[-127.055495,51.960754,0.0],[-127.055547,51.960737,0.0],[-127.055919,51.960268,0.0],[-127.056577,51.959908,0.0],[-127.056648,51.959846,0.0],[-127.056982,51.959738,0.0],[-127.05726,51.959629,0.0],[-127.057895,51.958803,0.0],[-127.057907,51.958797,0.0],[-127.058802,51.959396,0.0],[-127.062782,51.961248,0.0],[-127.063269,51.962455,0.0],[-127.063669,51.962668,0.0],[-127.063418,51.962862,0.0],[-127.063822,51.962898,0.0],[-127.065826,51.963693,0.0],[-127.065824,51.963693,0.0],[-127.065838,51.964232,0.0],[-127.066239,51.964619,0.0],[-127.067436,51.964858,0.0],[-127.067924,51.965697,0.0],[-127.069375,51.965814,0.0],[-127.069388,51.966352,0.0],[-127.069826,51.966348,0.0],[-127.070422,51.966732,0.0],[-127.070687,51.965801,0.0],[-127.07068,51.965532,0.0],[-127.070243,51.965536,0.0],[-127.071648,51.964381,0.0],[-127.072779,51.964267,0.0],[-127.074024,51.964569,0.0],[-127.074172,51.965231,0.0],[-127.073706,51.965413,0.0],[-127.074177,51.965741,0.0],[-127.074186,51.96577,0.0],[-127.075718,51.966993,0.0],[-127.074932,51.968336,0.0],[-127.074688,51.968456,0.0],[-127.074473,51.967568,0.0],[-127.074094,51.968366,0.0],[-127.073814,51.968464,0.0],[-127.072373,51.968107,0.0],[-127.071896,51.968867,0.0],[-127.074379,51.969142,0.0],[-127.075815,51.969698,0.0],[-127.07606,51.970865,0.0],[-127.076073,51.971403,0.0],[-127.076511,51.971399,0.0],[-127.076537,51.972476,0.0],[-127.076025,51.9727,0.0],[-127.075013,51.973632,0.0],[-127.074828,51.974107,0.0],[-127.074417,51.975187,0.0],[-127.07416,51.975077,0.0],[-127.073729,51.974719,0.0],[-127.073297,51.976159,0.0],[-127.074006,51.976268,0.0],[-127.07344,51.97699,0.0],[-127.071551,51.977188,0.0],[-127.070971,51.977372,0.0],[-127.070249,51.977284,0.0],[-127.068447,51.976775,0.0],[-127.06791,51.977401,0.0],[-127.067028,51.97714,0.0],[-127.067022,51.976871,0.0],[-127.066585,51.976875,0.0],[-127.066062,51.975696,0.0],[-127.065677,51.975537,0.0],[-127.065631,51.973654,0.0],[-127.065071,51.973266,0.0],[-127.064763,51.973931,0.0],[-127.064325,51.973935,0.0],[-127.063888,51.973939,0.0],[-127.06356,51.973554,0.0],[-127.06249,51.973323,0.0],[-127.063013,51.973947,0.0],[-127.06302,51.974216,0.0],[-127.062145,51.974224,0.0],[-127.062152,51.974493,0.0],[-127.062158,51.974763,0.0],[-127.061284,51.974771,0.0],[-127.060724,51.974383,0.0],[-127.060416,51.975048,0.0],[-127.059978,51.975052,0.0],[-127.059577,51.974664,0.0],[-127.0578,51.97431,0.0],[-127.056658,51.97454,0.0],[-127.056486,51.975353,0.0],[-127.056049,51.975357,0.0],[-127.056055,51.975626,0.0],[-127.055378,51.975427,0.0],[-127.054601,51.975818,0.0],[-127.053587,51.976008,0.0],[-127.053306,51.976547,0.0],[-127.054776,51.976984,0.0],[-127.054491,51.977344,0.0],[-127.053914,51.97753,0.0],[-127.05356,51.977115,0.0],[-127.052589,51.977004,0.0],[-127.052576,51.976466,0.0],[-127.05318,51.976191,0.0],[-127.052563,51.975927,0.0],[-127.052845,51.975565,0.0],[-127.052981,51.975116,0.0],[-127.051299,51.975551,0.0],[-127.052126,51.975931,0.0],[-127.052132,51.9762,0.0],[-127.050639,51.976451,0.0],[-127.05023,51.977302,0.0],[-127.050853,51.977558,0.0],[-127.050859,51.977827,0.0],[-127.048241,51.97812,0.0],[-127.048408,51.976738,0.0],[-127.049664,51.975512,0.0],[-127.049913,51.974875,0.0],[-127.050878,51.974746,0.0],[-127.051212,51.974325,0.0],[-127.052697,51.974076,0.0],[-127.05226,51.972934,0.0],[-127.051455,51.973674,0.0],[-127.051199,51.973787,0.0],[-127.050968,51.973279,0.0],[-127.050108,51.972338,0.0],[-127.049628,51.973934,0.0],[-127.049725,51.974216,0.0],[-127.049038,51.974883,0.0],[-127.04875,51.974976,0.0],[-127.048183,51.975698,0.0],[-127.047308,51.975706,0.0],[-127.047315,51.975975,0.0],[-127.046877,51.975979,0.0],[-127.046884,51.976248,0.0],[-127.046748,51.976697,0.0],[-127.046184,51.977422,0.0],[-127.046061,51.978409,0.0],[-127.045504,51.978549,0.0],[-127.046067,51.978678,0.0],[-127.046074,51.978947,0.0],[-127.045636,51.978951,0.0],[-127.045656,51.979758,0.0],[-127.046093,51.979755,0.0],[-127.046106,51.980293,0.0],[-127.045085,51.980464,0.0],[-127.044376,51.981116,0.0],[-127.043939,51.98112,0.0],[-127.043945,51.981389,0.0],[-127.043508,51.981393,0.0],[-127.043514,51.981662,0.0],[-127.043077,51.981666,0.0],[-127.042202,51.981674,0.0],[-127.042208,51.981943,0.0],[-127.041771,51.981947,0.0],[-127.041777,51.982216,0.0],[-127.040204,51.98212,0.0],[-127.039146,51.981971,0.0],[-127.03914,51.981702,0.0],[-127.038703,51.981706,0.0],[-127.038696,51.981436,0.0],[-127.038259,51.98144,0.0],[-127.038252,51.981171,0.0],[-127.037378,51.981179,0.0],[-127.036922,51.980827,0.0],[-127.035178,51.980661,0.0],[-127.034995,51.980503,0.0],[-127.033795,51.980025,0.0],[-127.033435,51.980945,0.0],[-127.03256,51.980953,0.0],[-127.032122,51.980957,0.0],[-127.030591,51.979743,0.0],[-127.029889,51.979514,0.0],[-127.030366,51.980704,0.0],[-127.029636,51.98062,0.0],[-127.029048,51.980447,0.0],[-127.029041,51.980177,0.0],[-127.028604,51.980181,0.0],[-127.028598,51.979912,0.0],[-127.02816,51.979916,0.0],[-127.028442,51.979554,0.0],[-127.028709,51.978387,0.0],[-127.029272,51.977663,0.0],[-127.029377,51.977319,0.0],[-127.029573,51.977212,0.0],[-127.029846,51.97721,0.0],[-127.029843,51.977065,0.0],[-127.030088,51.976931,0.0],[-127.030339,51.976389,0.0],[-127.030597,51.976105,0.0],[-127.030753,51.976019,0.0],[-127.031796,51.975722,0.0],[-127.034128,51.974893,0.0],[-127.035822,51.975468,0.0],[-127.035532,51.977159,0.0],[-127.035207,51.97723,0.0],[-127.034943,51.97773,0.0],[-127.034444,51.977441,0.0],[-127.033479,51.978046,0.0],[-127.033377,51.978524,0.0],[-127.034252,51.978516,0.0]],[[-127.033089,51.978617,0.0],[-127.032813,51.979377,0.0],[-127.033827,51.979061,0.0],[-127.033377,51.978524,0.0],[-127.033089,51.978617,0.0]],[[-127.038947,51.973629,0.0],[-127.038667,51.974029,0.0],[-127.039127,51.974893,0.0],[-127.039797,51.974758,0.0],[-127.039256,51.973742,0.0],[-127.038947,51.973629,0.0]],[[-127.058976,51.972456,0.0],[-127.05921,51.972415,0.0],[-127.059519,51.972367,0.0],[-127.059792,51.972415,0.0],[-127.060007,51.972501,0.0],[-127.060177,51.97262,0.0],[-127.060263,51.972649,0.0],[-127.060463,51.972741,0.0],[-127.060595,51.972707,0.0],[-127.060633,51.972529,0.0],[-127.060639,51.972375,0.0],[-127.060662,51.972179,0.0],[-127.060887,51.972048,0.0],[-127.060938,51.97185,0.0],[-127.060858,51.971696,0.0],[-127.060813,51.97157,0.0],[-127.060933,51.971167,0.0],[-127.05988,51.971015,0.0],[-127.059711,51.971461,0.0],[-127.058104,51.971227,0.0],[-127.058266,51.971599,0.0],[-127.058198,51.971598,0.0],[-127.058294,51.971753,0.0],[-127.058375,51.971898,0.0],[-127.058455,51.972052,0.0],[-127.058489,51.972233,0.0],[-127.058672,51.972397,0.0],[-127.058976,51.972456,0.0]],[[-127.05957,51.970858,0.0],[-127.058562,51.970758,0.0],[-127.058808,51.971098,0.0],[-127.05957,51.970858,0.0]],[[-127.065905,51.971122,0.0],[-127.065927,51.971303,0.0],[-127.065962,51.971511,0.0],[-127.066013,51.971646,0.0],[-127.066233,51.971605,0.0],[-127.066343,51.971444,0.0],[-127.066467,51.971249,0.0],[-127.066461,51.971051,0.0],[-127.066441,51.970834,0.0],[-127.066439,51.970592,0.0],[-127.06662,51.970406,0.0],[-127.06689,51.97023,0.0],[-127.067016,51.969998,0.0],[-127.067257,51.969823,0.0],[-127.067523,51.969755,0.0],[-127.067788,51.969661,0.0],[-127.06804,51.969548,0.0],[-127.068292,51.969436,0.0],[-127.068517,51.969305,0.0],[-127.068838,51.969282,0.0],[-127.069034,51.969142,0.0],[-127.069213,51.96901,0.0],[-127.069519,51.968997,0.0],[-127.069845,51.968903,0.0],[-127.070014,51.968681,0.0],[-127.070268,51.96856,0.0],[-127.070419,51.968417,0.0],[-127.070513,51.968266,0.0],[-127.070666,51.96808,0.0],[-127.070678,51.968041,0.0],[-127.071866,51.967825,0.0],[-127.071792,51.967546,0.0],[-127.069793,51.967447,0.0],[-127.069791,51.967446,0.0],[-127.06965,51.967335,0.0],[-127.069435,51.967429,0.0],[-127.069415,51.967428,0.0],[-127.069228,51.967582,0.0],[-127.066926,51.968599,0.0],[-127.067115,51.969314,0.0],[-127.067215,51.969289,0.0],[-127.067059,51.96937,0.0],[-127.066859,51.96961,0.0],[-127.066831,51.969879,0.0],[-127.066663,51.970074,0.0],[-127.06641,51.97024,0.0],[-127.06617,51.97038,0.0],[-127.065976,51.970521,0.0],[-127.065836,51.970699,0.0],[-127.065828,51.970914,0.0],[-127.065905,51.971122,0.0]]]}},{"type":"Feature","properties":{"rgi_id":"RGI2000-v7.0-G-02-08587","o1region":"02"},"geometry":{"type":"Polygon","coordinates":[[[-127.034232,51.962049,0.0],[-127.032774,51.960875,0.0],[-127.032499,51.95996,0.0],[-127.032487,51.959422,0.0],[-127.034339,51.959684,0.0],[-127.03466,51.958864,0.0],[-127.035097,51.95886,0.0],[-127.035078,51.958053,0.0],[-127.036043,51.957924,0.0],[-127.036696,51.9571,0.0],[-127.036357,51.956695,0.0],[-127.036338,51.955888,0.0],[-127.038699,51.954892,0.0],[-127.039584,51.955006,0.0],[-127.039982,51.954502,0.0],[-127.03936,51.954246,0.0],[-127.039353,51.953977,0.0],[-127.040228,51.953969,0.0],[-127.040997,51.955202,0.0],[-127.040913,51.95599,0.0],[-127.042282,51.956501,0.0],[-127.041819,51.957313,0.0],[-127.041873,51.957662,0.0],[-127.044035,51.957535,0.0],[-127.044472,51.958425,0.0],[-127.042416,51.958342,0.0],[-127.041706,51.960954,0.0],[-127.041269,51.960958,0.0],[-127.040149,51.960848,0.0],[-127.039747,51.960284,0.0],[-127.036364,51.960012,0.0],[-127.035372,51.960215,0.0],[-127.036268,51.961122,0.0],[-127.036473,51.961539,0.0],[-127.036035,51.961543,0.0],[-127.035585,51.961913,0.0],[-127.034232,51.962049,0.0]]]}}]}
