rgi_id,o1region,o2region,glims_id,src_date,cenlon,cenlat,area_km2,conn_lvl,zmed_m,aspect_sec,dem_source,rgi_grid_spacing_m
RGI2000-v7.0-G-03-00001,03,03-01,G268352E81556N,1999-07-24T00:00:00,-91.64816808850877,81.5555075,0.36714680232613,0,340.77002,2,COPDEM30,18.48296960
RGI2000-v7.0-G-03-00002,03,03-01,G268475E81612N,1999-07-24T00:00:00,-91.51714869508451,81.61063949999999,0.220902482632682,0,250.67471,7,COPDEM30,16.58003698
RGI2000-v7.0-G-03-00003,03,03-01,G268510E81612N,1999-07-24T00:00:00,-91.48967434160659,81.6120875,0.247411753590179,0,380.20093,6,COPDEM30,16.96367028
RGI2000-v7.0-G-03-00004,03,03-01,G268657E81609N,1999-07-24T00:00:00,-91.44693684428472,81.612229,2.612253555549961,0,400.38107,4,COPDEM30,32.62745449
RGI2000-v7.0-G-03-00005,03,03-01,G268658E81610N,1999-07-24T00:00:00,-91.33092529998325,81.60753650000001,7.951200708633289,0,266.0603,5,COPDEM30,49.47702292
RGI2000-v7.0-G-03-00006,03,03-01,G268891E81606N,1999-07-24T00:00:00,-91.19072048294848,81.599658,7.242569701586166,0,243.73396,2,COPDEM30,47.67683189
RGI2000-v7.0-G-03-00007,03,03-01,G268756E81586N,1999-07-24T00:00:00,-91.24761459606907,81.58643000000001,0.527845761463284,0,275.02094,5,COPDEM30,20.17141923
RGI2000-v7.0-G-03-00008,03,03-01,G268786E81566N,1999-07-24T00:00:00,-91.21854186877822,81.56551300000001,0.566743041913964,0,110.28208,8,COPDEM30,20.53952732
RGI2000-v7.0-G-03-00009,03,03-01,G268871E81574N,1999-07-24T00:00:00,-91.11851548950182,81.56890200000001,0.47483926123107,0,150.33862,3,COPDEM30,19.64720142
RGI2000-v7.0-G-03-00010,03,03-01,G268733E81618N,1999-07-24T00:00:00,-91.17931865901946,81.622287,6.062276456283638,0,396.91742,4,COPDEM30,44.47036677
RGI2000-v7.0-G-03-00011,03,03-01,G268780E81638N,1999-07-24T00:00:00,-91.20348455961094,81.637495,3.14208447444115,0,419.05435,3,COPDEM30,34.81629620
RGI2000-v7.0-G-03-00012,03,03-01,G268757E81661N,1999-07-24T00:00:00,-91.24295086685827,81.660641,0.293691985832276,0,578.12946,2,COPDEM30,17.58706987
RGI2000-v7.0-G-03-00013,03,03-01,G268893E81686N,1999-07-24T00:00:00,-91.30070680022172,81.673676,13.261102271314552,0,341.78046,2,COPDEM90,60.98211495
RGI2000-v7.0-G-03-00014,03,03-01,G268544E81663N,1999-07-24T00:00:00,-91.42529369519951,81.66011800000001,16.402422745318876,0,376.00424,8,COPDEM90,66.69986647
RGI2000-v7.0-G-03-00015,03,03-01,G268554E81645N,1999-07-24T00:00:00,-91.45394617870735,81.64644200000001,1.799164204856494,0,454.89255,8,COPDEM30,28.77860975
RGI2000-v7.0-G-03-00016,03,03-01,G268493E81636N,1999-07-24T00:00:00,-91.52928516967111,81.639429,2.733352575626982,0,504.57,8,COPDEM30,33.14599544
RGI2000-v7.0-G-03-00017,03,03-01,G268450E81629N,1999-07-24T00:00:00,-91.5437129579382,81.6286835,0.49832063385202,0,679.27277,8,COPDEM30,19.88285608
RGI2000-v7.0-G-03-00018,03,03-01,G268953E81654N,1999-07-24T00:00:00,-91.04580497596154,81.6527955,0.350743187189908,0,167.14815,6,COPDEM30,18.29130054
RGI2000-v7.0-G-03-00019,03,03-01,G269070E81659N,1999-07-24T00:00:00,-90.97319588398787,81.653175,3.498221671826502,0,262.7766,4,COPDEM30,36.18494697
RGI2000-v7.0-G-03-00020,03,03-01,G268896E81673N,1999-07-24T00:00:00,-91.10403479738176,81.6725265,0.298555548052522,0,397.35513,1,COPDEM30,17.64963316
RGI2000-v7.0-G-03-00021,03,03-01,G268834E81696N,1999-07-24T00:00:00,-91.08650660602324,81.70917800000001,4.409139363843209,0,192.17068,3,COPDEM30,39.39713107
RGI2000-v7.0-G-03-00022,03,03-01,G269129E81703N,1999-07-24T00:00:00,-90.83452669166724,81.70418599999999,6.975515127220551,0,263.84448,1,COPDEM30,46.97568072
RGI2000-v7.0-G-03-00023,03,03-01,G269169E81674N,1999-07-24T00:00:00,-90.77066559069135,81.6822215,6.864501399514841,0,170.70847,3,COPDEM30,46.68027091
RGI2000-v7.0-G-03-00024,03,03-01,G269353E81690N,1999-07-24T00:00:00,-90.65744582182182,81.6886635,0.79329133402613,0,220.5619,6,COPDEM30,22.46936652
RGI2000-v7.0-G-03-00025,03,03-01,G269451E81689N,1999-07-24T00:00:00,-90.56306982826098,81.691452,3.852551752755302,0,203.84277,3,COPDEM30,37.47908557
RGI2000-v7.0-G-03-00026,03,03-01,G269600E81697N,1999-07-24T00:00:00,-90.41864986636364,81.697183,1.790906855447064,0,320.4863,2,COPDEM30,28.73546753
RGI2000-v7.0-G-03-00027,03,03-01,G269227E81739N,1999-07-24T00:00:00,-90.67702635194576,81.7239785,10.27863669152651,0,388.46887,7,COPDEM30,54.88443819
RGI2000-v7.0-G-03-00028,03,03-01,G269451E81732N,1999-07-24T00:00:00,-90.53304007487972,81.7606515,37.14174362378681,0,341.38666,2,COPDEM90,95.32163706
RGI2000-v7.0-G-03-00029,03,03-01,G269588E81787N,1999-07-24T00:00:00,-90.42256021819148,81.789239,0.706698896769471,0,251.26776,8,COPDEM30,21.76915391
RGI2000-v7.0-G-03-00030,03,03-01,G269561E81808N,1999-07-24T00:00:00,-90.4385828512,81.8081835,0.544123957786539,0,128.67154,1,COPDEM30,20.32706617
RGI2000-v7.0-G-03-00031,03,03-01,G269794E81798N,1999-07-24T00:00:00,-90.20625031478659,81.7976385,1.085069049832568,0,184.69748,8,COPDEM30,24.58333068
RGI2000-v7.0-G-03-00032,03,03-01,G269836E81777N,1999-07-24T00:00:00,-89.97547158364361,81.78731450000001,33.783044635488615,0,427.52164,1,COPDEM90,91.37245694
RGI2000-v7.0-G-03-00033,03,03-01,G270443E81776N,1999-07-24T00:00:00,-89.5610592703837,81.7751655,0.91464309982629,0,140.88867,1,COPDEM30,23.38917651
RGI2000-v7.0-G-03-00034,03,03-01,G270419E81703N,1999-07-24T00:00:00,-89.74223899142517,81.719177,82.68613994908314,0,219.2092,4,COPDEM90,100.00000000
RGI2000-v7.0-G-03-00035,03,03-01,G269945E81673N,1999-07-24T00:00:00,-90.0494221524162,81.6730635,0.184513063842658,0,66.06371,6,COPDEM30,16.01369774
RGI2000-v7.0-G-03-00036,03,03-01,G270778E81694N,1999-07-24T00:00:00,-89.22484198320282,81.693511,1.540646753183341,0,304.10803,8,COPDEM30,27.37719090
RGI2000-v7.0-G-03-00037,03,03-01,G271026E81689N,1999-07-24T00:00:00,-88.96910851471009,81.68873500000001,0.902371109053471,0,263.80658,1,COPDEM30,23.29905024
RGI2000-v7.0-G-03-00038,03,03-01,G271071E81671N,1999-07-24T00:00:00,-88.92863078134113,81.67130800000001,0.241693555524837,0,309.32758,1,COPDEM30,16.88272743
RGI2000-v7.0-G-03-00039,03,03-01,G271005E81658N,1999-07-24T00:00:00,-88.99506538180782,81.6576745,1.728946991797435,0,291.63937,1,COPDEM30,28.40852005
RGI2000-v7.0-G-03-00040,03,03-01,G270861E81659N,1999-07-24T00:00:00,-89.18087535546339,81.6561175,18.106987030131933,0,277.87415,1,COPDEM90,69.57322769
RGI2000-v7.0-G-03-00041,03,03-01,G271305E81676N,1999-07-24T00:00:00,-88.6944922252947,81.6775295,0.681794573662932,0,463.45334,1,COPDEM30,21.55991940
RGI2000-v7.0-G-03-00042,03,03-01,G271402E81717N,1999-07-24T00:00:00,-88.59826317765038,81.7169145,0.033411726229783,0,391.7505,1,COPDEM30,12.55904247
RGI2000-v7.0-G-03-00043,03,03-01,G271417E81717N,1999-07-24T00:00:00,-88.5831664995265,81.71733549999999,0.058841269194812,0,367.46158,1,COPDEM30,13.39601071
RGI2000-v7.0-G-03-00044,03,03-01,G271427E81720N,1999-07-24T00:00:00,-88.57315286669035,81.719885,0.022936966727897,0,354.52,8,COPDEM30,12.12029372
RGI2000-v7.0-G-03-00045,03,03-01,G271469E81719N,1999-07-24T00:00:00,-88.53136346996975,81.7186935,0.188793647040092,0,484.9651,1,COPDEM30,16.08305473
RGI2000-v7.0-G-03-00046,03,03-01,G271455E81725N,1999-07-24T00:00:00,-88.54493769091306,81.724565,0.077957167702135,0,282.18488,8,COPDEM30,13.90891352
RGI2000-v7.0-G-03-00047,03,03-01,G271491E81710N,1999-07-24T00:00:00,-88.50852743999901,81.70985250000001,0.21568027579527,0,585.55304,7,COPDEM30,16.50179468
RGI2000-v7.0-G-03-00048,03,03-01,G271514E81709N,1999-07-24T00:00:00,-88.48605538522165,81.70948849999999,0.848575988406229,0,549.2015,2,COPDEM30,22.89654581
RGI2000-v7.0-G-03-00049,03,03-01,G271617E81721N,1999-07-24T00:00:00,-88.39032697674415,81.72146649999999,0.672814788492259,0,501.17676,2,COPDEM30,21.48354033
RGI2000-v7.0-G-03-00050,03,03-01,G271572E81727N,1999-07-24T00:00:00,-88.42840485476718,81.726742,0.133617026843425,0,352.15903,8,COPDEM30,15.11751280
RGI2000-v7.0-G-03-00051,03,03-01,G271659E81732N,1999-07-24T00:00:00,-88.35457831767805,81.73194799999999,0.387863204154359,0,396.8059,1,COPDEM30,18.71901302
RGI2000-v7.0-G-03-00052,03,03-01,G271729E81736N,1999-07-24T00:00:00,-88.27672191140442,81.736848,0.445170707465967,0,463.0705,1,COPDEM30,19.34095598
RGI2000-v7.0-G-03-00053,03,03-01,G271826E81739N,1999-07-24T00:00:00,-88.16275461224114,81.7346995,5.959464836012475,0,572.70703,8,COPDEM30,44.17682121
RGI2000-v7.0-G-03-00054,03,03-01,G272003E81739N,1999-07-24T00:00:00,-88.02721828960843,81.7371245,8.442486347966042,0,540.4459,2,COPDEM30,50.67833974
RGI2000-v7.0-G-03-00055,03,03-01,G272286E81757N,1999-07-24T00:00:00,-87.76819475996658,81.7606965,2.063487129718387,0,631.2069,6,COPDEM30,30.11078013
RGI2000-v7.0-G-03-00056,03,03-01,G272285E81756N,1999-07-24T00:00:00,-87.66389046730185,81.7431225,1.077279843931061,0,533.5512,3,COPDEM30,24.53089293
RGI2000-v7.0-G-03-00057,03,03-01,G272359E81765N,1999-07-24T00:00:00,-87.60782511554879,81.7628825,4.879433141148601,0,638.0592,5,COPDEM30,40.92521456
RGI2000-v7.0-G-03-00058,03,03-01,G272515E81751N,1999-07-24T00:00:00,-87.48812116248274,81.75034,1.211149174159423,0,560.40533,4,COPDEM30,25.40731119
RGI2000-v7.0-G-03-00059,03,03-01,G272538E81814N,1999-07-24T00:00:00,-87.3236761474187,81.77396949999999,0.538422183625412,0,680.4168,4,COPDEM30,20.27281597
RGI2000-v7.0-G-03-00060,03,03-01,G272825E81789N,1999-07-24T00:00:00,-87.22940051280933,81.78955300000001,13.338123998035542,0,742.0111,5,COPDEM90,61.12995505
RGI2000-v7.0-G-03-00061,03,03-01,G272945E81771N,1999-07-24T00:00:00,-87.05479094345903,81.7714765,7.726333837385422,0,640.30786,5,COPDEM30,48.91479708
RGI2000-v7.0-G-03-00062,03,03-01,G273012E81791N,1999-07-24T00:00:00,-86.9702404796425,81.7926755,24.88899222296224,0,745.9671,4,COPDEM90,79.84441621
RGI2000-v7.0-G-03-00063,03,03-01,G273165E81802N,1999-07-24T00:00:00,-86.83525632518061,81.80232849999999,1.672589438873735,0,763.6569,3,COPDEM30,28.10600812
RGI2000-v7.0-G-03-00064,03,03-01,G273448E81795N,1999-07-24T00:00:00,-86.55577500414678,81.796199,1.710740647845312,0,583.8415,3,COPDEM30,28.31133985
RGI2000-v7.0-G-03-00065,03,03-01,G273534E81801N,1999-07-24T00:00:00,-86.46622616929918,81.801366,0.889748850048976,0,641.0938,4,COPDEM30,23.20570992
RGI2000-v7.0-G-03-00066,03,03-01,G273615E81816N,1999-07-24T00:00:00,-86.41514669541874,81.81429750000001,8.489365911568052,0,776.9155,4,COPDEM30,50.79112304
RGI2000-v7.0-G-03-00067,03,03-01,G273450E81819N,1999-07-24T00:00:00,-86.55021049723247,81.8193295,2.472310560345883,0,867.9854,6,COPDEM30,32.01301592
RGI2000-v7.0-G-03-00068,03,03-01,G273418E81832N,1999-07-24T00:00:00,-86.63003112443567,81.841782,3.058987355553411,0,663.0011,8,COPDEM30,34.48594539
RGI2000-v7.0-G-03-00069,03,03-01,G273498E81844N,1999-07-24T00:00:00,-86.53107893782186,81.849366,6.806943304351685,0,721.1808,1,COPDEM30,46.52616716
RGI2000-v7.0-G-03-00070,03,03-01,G273615E81852N,1999-07-24T00:00:00,-86.40881494458131,81.855678,4.877790243120353,0,741.77264,1,COPDEM30,40.92000789
RGI2000-v7.0-G-03-00071,03,03-01,G273721E81849N,1999-07-24T00:00:00,-86.29489913498865,81.8533545,2.705595525812763,0,770.8946,1,COPDEM30,33.02817238
RGI2000-v7.0-G-03-00072,03,03-01,G273803E81842N,1999-07-24T00:00:00,-86.20335086846634,81.8433195,0.989534019723082,0,731.73267,2,COPDEM30,23.92654544
RGI2000-v7.0-G-03-00073,03,03-01,G273774E81822N,1999-07-24T00:00:00,-86.25619364328008,81.82211000000001,5.836383465923161,0,785.5282,4,COPDEM30,43.82205138
RGI2000-v7.0-G-03-00074,03,03-01,G273578E81765N,1999-07-24T00:00:00,-86.42903507583479,81.765717,0.16777058207797,0,471.45053,1,COPDEM30,15.73437303
RGI2000-v7.0-G-03-00075,03,03-01,G273543E81757N,1999-07-24T00:00:00,-86.46363289872787,81.758208,0.324036370530061,0,556.6461,1,COPDEM30,17.96938697
RGI2000-v7.0-G-03-00076,03,03-01,G273618E81722N,1999-07-24T00:00:00,-86.37981485962301,81.722675,0.517823446157412,0,751.7859,8,COPDEM30,20.07439306
RGI2000-v7.0-G-03-00077,03,03-01,G273675E81721N,1999-07-24T00:00:00,-86.3249638339461,81.7218555,0.435462114337545,0,727.28516,2,COPDEM30,19.23853746
RGI2000-v7.0-G-03-00078,03,03-01,G273653E81709N,1999-07-24T00:00:00,-86.3253541927501,81.7088775,1.002629598958162,0,663.3419,2,COPDEM30,24.01839511
RGI2000-v7.0-G-03-00079,03,03-01,G273631E81710N,1999-07-24T00:00:00,-86.36903100423731,81.710147,0.269859343970855,0,688.1301,8,COPDEM30,17.27271830
RGI2000-v7.0-G-03-00080,03,03-01,G273562E81714N,1999-07-24T00:00:00,-86.43831379867257,81.7140235,0.384852776248043,0,733.92316,8,COPDEM30,18.68511049
RGI2000-v7.0-G-03-00081,03,03-01,G273641E81699N,1999-07-24T00:00:00,-86.3597608892346,81.6991835,1.176381902901761,0,731.2545,8,COPDEM30,25.18455969
RGI2000-v7.0-G-03-00082,03,03-01,G273688E81701N,1999-07-24T00:00:00,-86.30598761932174,81.69966500000001,0.483561132779799,0,713.4432,3,COPDEM30,19.73539840
RGI2000-v7.0-G-03-00083,03,03-01,G273770E81690N,1999-07-24T00:00:00,-86.28216249059608,81.689876,1.116969854381044,0,660.4872,1,COPDEM30,24.79615124
RGI2000-v7.0-G-03-00084,03,03-01,G273769E81689N,1999-07-24T00:00:00,-86.21374419191255,81.68935450000001,1.436650260487262,0,658.05383,2,COPDEM30,26.78044848
RGI2000-v7.0-G-03-00085,03,03-01,G273901E81686N,1999-07-24T00:00:00,-86.16795390943238,81.68350749999999,2.85512506562168,0,728.45557,1,COPDEM30,33.65596147
RGI2000-v7.0-G-03-00086,03,03-01,G273839E81681N,1999-07-24T00:00:00,-86.12045681483747,81.6707885,0.425478716954483,0,855.09424,7,COPDEM30,19.13202215
RGI2000-v7.0-G-03-00087,03,03-01,G273924E81675N,1999-07-24T00:00:00,-86.06610071268832,81.6762925,1.944266431140618,0,733.0762,2,COPDEM30,29.52117365
RGI2000-v7.0-G-03-00088,03,03-01,G273936E81665N,1999-07-24T00:00:00,-86.06584276146526,81.6645415,0.350809747823493,0,841.9402,3,COPDEM30,18.29208723
RGI2000-v7.0-G-03-00089,03,03-01,G273960E81654N,1999-07-24T00:00:00,-86.04468725749754,81.65587099999999,1.43162081381323,0,782.5662,3,COPDEM30,26.75105010
RGI2000-v7.0-G-03-00090,03,03-01,G273961E81655N,1999-07-24T00:00:00,-86.0368701240241,81.6476605,0.537005111381845,0,800.2737,2,COPDEM30,20.25928856
RGI2000-v7.0-G-03-00091,03,03-01,G273993E81640N,1999-07-24T00:00:00,-86.0040278437757,81.6396615,0.253654542851943,0,694.3059,2,COPDEM30,17.05097797
RGI2000-v7.0-G-03-00092,03,03-01,G273978E81630N,1999-07-24T00:00:00,-86.01654469349694,81.6311455,1.322863707608644,0,750.95197,3,COPDEM30,26.10221372
RGI2000-v7.0-G-03-00093,03,03-01,G273857E81619N,1999-07-24T00:00:00,-86.12655508023735,81.622973,5.886114323617542,0,775.892,2,COPDEM30,43.96584177
RGI2000-v7.0-G-03-00094,03,03-01,G273755E81626N,1999-07-24T00:00:00,-86.23200638117285,81.628924,3.565506279419722,0,781.7188,8,COPDEM30,36.43556753
RGI2000-v7.0-G-03-00095,03,03-01,G273753E81647N,1999-07-24T00:00:00,-86.25579241911765,81.6421555,0.26136855563562,0,754.2986,8,COPDEM30,17.15739037
RGI2000-v7.0-G-03-00096,03,03-01,G273754E81648N,1999-07-24T00:00:00,-86.2380168017473,81.64784449999999,1.207279184383131,0,747.00134,7,COPDEM30,25.38267597
RGI2000-v7.0-G-03-00097,03,03-01,G273754E81647N,1999-07-24T00:00:00,-86.19410703535726,81.65026900000001,0.334721686772441,0,780.91986,2,COPDEM30,18.09971917
RGI2000-v7.0-G-03-00098,03,03-01,G273796E81654N,1999-07-24T00:00:00,-86.20023377202071,81.6544325,0.21637353951249,0,690.36566,2,COPDEM30,16.51223569
RGI2000-v7.0-G-03-00099,03,03-01,G273774E81657N,1999-07-24T00:00:00,-86.22628432767934,81.6568235,0.289955661333937,0,687.9412,1,COPDEM30,17.53865436
RGI2000-v7.0-G-03-00100,03,03-01,G273828E81644N,1999-07-24T00:00:00,-86.17211366347989,81.64389750000001,0.244522580043601,0,785.329,2,COPDEM30,16.92289143
RGI2000-v7.0-G-03-00101,03,03-01,G273856E81619N,1999-07-24T00:00:00,-86.15146773168686,81.6396675,0.429450327185375,0,752.3631,2,COPDEM30,19.17454436
RGI2000-v7.0-G-03-00102,03,03-01,G273703E81640N,1999-07-24T00:00:00,-86.30769979375,81.6393015,0.383069924600742,0,625.6439,2,COPDEM30,18.66497001
RGI2000-v7.0-G-03-00103,03,03-01,G273652E81635N,1999-07-24T00:00:00,-86.34889304890993,81.6363895,0.366112391098488,0,721.10486,6,COPDEM30,18.47101108
RGI2000-v7.0-G-03-00104,03,03-01,G273664E81648N,1999-07-24T00:00:00,-86.33930726059697,81.64809349999999,0.621175861656577,0,723.9961,2,COPDEM30,21.03405949
RGI2000-v7.0-G-03-00105,03,03-01,G273598E81652N,1999-07-24T00:00:00,-86.34933860582565,81.653323,0.339247526388352,0,746.0127,2,COPDEM30,18.15429428
RGI2000-v7.0-G-03-00106,03,03-01,G273631E81655N,1999-07-24T00:00:00,-86.36853591404255,81.654854,0.108466416261858,0,756.9364,2,COPDEM30,14.61079360
RGI2000-v7.0-G-03-00107,03,03-01,G273599E81653N,1999-07-24T00:00:00,-86.4227993344887,81.65660299999999,2.423125556059144,0,721.90735,8,COPDEM30,31.79294861
RGI2000-v7.0-G-03-00108,03,03-01,G273539E81651N,1999-07-24T00:00:00,-86.46175541344228,81.6511065,1.659148603272528,0,647.21423,8,COPDEM30,28.03311194
RGI2000-v7.0-G-03-00109,03,03-01,G273368E81656N,1999-07-24T00:00:00,-86.63153921874998,81.65618599999999,0.278022633078945,0,674.2747,1,COPDEM30,17.38189922
RGI2000-v7.0-G-03-00110,03,03-01,G273429E81683N,1999-07-24T00:00:00,-86.57766504551932,81.680196,0.694399380934285,0,634.2361,2,COPDEM30,21.66628813
RGI2000-v7.0-G-03-00111,03,03-01,G273313E81681N,1999-07-24T00:00:00,-86.65019777539402,81.684541,3.356784238956307,0,704.1004,2,COPDEM30,35.65014056
RGI2000-v7.0-G-03-00112,03,03-01,G273380E81691N,1999-07-24T00:00:00,-86.62008737621362,81.69110599999999,0.066029390599942,0,595.09796,2,COPDEM30,13.59746585
RGI2000-v7.0-G-03-00113,03,03-01,G273383E81700N,1999-07-24T00:00:00,-86.61434163325593,81.701269,0.602368754650229,0,680.7224,2,COPDEM30,20.86573863
RGI2000-v7.0-G-03-00114,03,03-01,G273359E81708N,1999-07-24T00:00:00,-86.67907516121372,81.700488,2.195903856336452,0,706.77167,1,COPDEM30,30.74601542
RGI2000-v7.0-G-03-00115,03,03-01,G273261E81700N,1999-07-24T00:00:00,-86.71952387053827,81.69903149999999,1.163375669319104,0,654.597,1,COPDEM30,25.10038513
RGI2000-v7.0-G-03-00116,03,03-01,G273167E81681N,1999-07-24T00:00:00,-86.77430492549192,81.689652,1.155662544958214,0,623.0953,8,COPDEM30,25.05024448
RGI2000-v7.0-G-03-00117,03,03-01,G273281E81677N,1999-07-24T00:00:00,-86.74463762627019,81.67657700000001,2.894999664485457,0,723.48944,6,COPDEM30,33.82057796
RGI2000-v7.0-G-03-00118,03,03-01,G273166E81680N,1999-07-24T00:00:00,-86.8654635139319,81.678911,5.508391616903739,0,672.6985,2,COPDEM30,42.85794815
RGI2000-v7.0-G-03-00119,03,03-01,G273072E81699N,1999-07-24T00:00:00,-86.92835356232824,81.6988905,0.076157858364794,0,563.44476,2,COPDEM30,13.86353986
RGI2000-v7.0-G-03-00120,03,03-01,G273233E81722N,1999-07-24T00:00:00,-86.76704881434745,81.722167,0.851250851187253,0,697.61774,1,COPDEM30,22.91685592
RGI2000-v7.0-G-03-00121,03,03-01,G273289E81709N,1999-07-24T00:00:00,-86.69954168384749,81.715582,2.614991287610469,0,577.0187,2,COPDEM30,32.63930857
RGI2000-v7.0-G-03-00122,03,03-01,G273791E81710N,1999-07-24T00:00:00,-86.20907375471697,81.7103765,0.048084595765412,0,689.1742,1,COPDEM30,13.06994801
RGI2000-v7.0-G-03-00123,03,03-01,G273849E81709N,1999-07-24T00:00:00,-86.15091948151465,81.709023,0.308843560428724,0,677.5305,8,COPDEM30,17.78031734
RGI2000-v7.0-G-03-00124,03,03-01,G274024E81759N,1999-07-24T00:00:00,-85.97599597042148,81.7587355,0.055320463970128,0,667.9344,1,COPDEM30,13.29284238
RGI2000-v7.0-G-03-00125,03,03-01,G274051E81759N,1999-07-24T00:00:00,-85.94944589300935,81.7593185,0.02175601990837,0,721.3285,1,COPDEM30,12.06498908
RGI2000-v7.0-G-03-00126,03,03-01,G274082E81759N,1999-07-24T00:00:00,-85.9182684693508,81.7592075,0.082986983147174,0,753.3938,1,COPDEM30,14.03304459
RGI2000-v7.0-G-03-00127,03,03-01,G274114E81761N,1999-07-24T00:00:00,-85.88646031793486,81.7612365,0.155144758725395,0,696.23,2,COPDEM30,15.51437872
RGI2000-v7.0-G-03-00128,03,03-01,G274106E81766N,1999-07-24T00:00:00,-85.89497049547339,81.7659825,0.057226080554108,0,635.85657,2,COPDEM30,13.34907626
RGI2000-v7.0-G-03-00129,03,03-01,G274123E81756N,1999-07-24T00:00:00,-85.87676297480621,81.7561635,0.092879452505718,0,720.41943,2,COPDEM30,14.26665826
RGI2000-v7.0-G-03-00130,03,03-01,G274133E81753N,1999-07-24T00:00:00,-85.86657646995826,81.7526545,0.026911507916695,0,718.10956,2,COPDEM30,12.29666183
RGI2000-v7.0-G-03-00131,03,03-01,G274119E81784N,1999-07-24T00:00:00,-85.88068834205049,81.784385,0.191750243020064,0,626.87555,1,COPDEM30,16.13050142
RGI2000-v7.0-G-03-00132,03,03-01,G274430E81752N,1999-07-24T00:00:00,-85.57270459443077,81.752354,0.533191463500459,0,891.3314,1,COPDEM30,20.22279447
RGI2000-v7.0-G-03-00133,03,03-01,G274497E81744N,1999-07-24T00:00:00,-85.50261868842675,81.7440785,0.055508534425506,0,731.5613,3,COPDEM30,13.29843489
RGI2000-v7.0-G-03-00134,03,03-01,G274520E81747N,1999-07-24T00:00:00,-85.47994336225408,81.7468595,0.061717289904936,0,697.287,1,COPDEM30,13.47801507
RGI2000-v7.0-G-03-00135,03,03-01,G274570E81745N,1999-07-24T00:00:00,-85.43316687053577,81.74519749999999,1.400951764249119,0,847.406,8,COPDEM30,26.57065315
RGI2000-v7.0-G-03-00136,03,03-01,G274548E81760N,1999-07-24T00:00:00,-85.45239767627018,81.75992500000001,0.047907798013114,0,917.1626,2,COPDEM30,13.06429901
RGI2000-v7.0-G-03-00137,03,03-01,G274509E81758N,1999-07-24T00:00:00,-85.49121790840033,81.7582495,0.029931587410603,0,999.43896,3,COPDEM30,12.42210469
RGI2000-v7.0-G-03-00138,03,03-01,G274736E81752N,1999-07-24T00:00:00,-85.2784624973603,81.75572600000001,1.184005937429425,0,869.3788,8,COPDEM30,25.23368517
RGI2000-v7.0-G-03-00139,03,03-01,G274808E81753N,1999-07-24T00:00:00,-85.19246012964149,81.7532075,3.282827428893877,0,820.42395,2,COPDEM30,35.36600434
RGI2000-v7.0-G-03-00140,03,03-01,G274764E81743N,1999-07-24T00:00:00,-85.23571849306762,81.7427065,0.741357205858484,0,898.45746,7,COPDEM30,22.05429435
RGI2000-v7.0-G-03-00141,03,03-01,G274894E81744N,1999-07-24T00:00:00,-85.10831262793218,81.74268599999999,0.664524168861533,0,838.1466,8,COPDEM30,21.41256926
RGI2000-v7.0-G-03-00142,03,03-01,G274980E81736N,1999-07-24T00:00:00,-85.0416429172399,81.7324905,1.346800850499066,0,1016.9926,6,COPDEM30,26.24724490
RGI2000-v7.0-G-03-00143,03,03-01,G274970E81756N,1999-07-24T00:00:00,-85.01732568607785,81.75870900000001,9.6328232806146,0,824.919,8,COPDEM30,53.45150588
RGI2000-v7.0-G-03-00144,03,03-01,G275163E81750N,1999-07-24T00:00:00,-84.85051416954354,81.74967050000001,10.603077862670114,0,1068.0598,8,COPDEM30,55.58731469
RGI2000-v7.0-G-03-00145,03,03-01,G275164E81751N,1999-07-24T00:00:00,-84.83190763199369,81.76499799999999,0.827221579844317,0,883.5247,8,COPDEM30,22.73324113
RGI2000-v7.0-G-03-00146,03,03-01,G275238E81750N,1999-07-24T00:00:00,-84.78675464723841,81.768213,1.136064759720843,0,825.01874,1,COPDEM30,24.92208742
RGI2000-v7.0-G-03-00147,03,03-01,G275330E81746N,1999-07-24T00:00:00,-84.68400064411766,81.7665875,6.630365018460874,0,912.0044,1,COPDEM30,46.04929325
RGI2000-v7.0-G-03-00148,03,03-01,G275430E81763N,1999-07-24T00:00:00,-84.56938945274067,81.763304,2.470036408846872,0,825.88135,1,COPDEM30,32.00288927
RGI2000-v7.0-G-03-00149,03,03-01,G275471E81758N,1999-07-24T00:00:00,-84.51256870879769,81.75463,2.361486815755664,0,931.53674,2,COPDEM30,31.51398187
RGI2000-v7.0-G-03-00150,03,03-01,G275624E81723N,1999-07-24T00:00:00,-84.45809314351038,81.73920100000001,1.520245019507956,0,1029.7599,3,COPDEM30,27.26175031
RGI2000-v7.0-G-03-00151,03,03-01,G275625E81724N,1999-07-24T00:00:00,-84.29313091666677,81.721362,26.913837722854865,0,980.3357,2,COPDEM90,82.62996760
RGI2000-v7.0-G-03-00152,03,03-01,G276086E81707N,1999-07-24T00:00:00,-83.93249404686979,81.7096375,3.869329084238673,0,1056.9097,8,COPDEM30,37.53885438
RGI2000-v7.0-G-03-00153,03,03-01,G276204E81698N,1999-07-24T00:00:00,-83.80228905610369,81.69341,1.475748812756013,0,1137.5248,4,COPDEM30,27.00725631
RGI2000-v7.0-G-03-00154,03,03-01,G276267E81700N,1999-07-24T00:00:00,-83.76397744017851,81.70021249999999,2.425006740441856,0,1129.7625,3,COPDEM30,31.80140640
RGI2000-v7.0-G-03-00155,03,03-01,G276219E81669N,1999-07-24T00:00:00,-83.7814195,81.6692205,0.212278440753155,0,967.048,1,COPDEM30,16.45031584
RGI2000-v7.0-G-03-00156,03,03-01,G276165E81664N,1999-07-24T00:00:00,-83.83450790538137,81.66439299999999,0.029880165791128,0,901.91284,8,COPDEM30,12.42002324
RGI2000-v7.0-G-03-00157,03,03-01,G276143E81661N,1999-07-24T00:00:00,-83.85684955244122,81.6608805,0.023713353454356,0,922.29517,2,COPDEM30,12.15587970
RGI2000-v7.0-G-03-00158,03,03-01,G275995E81648N,1999-07-24T00:00:00,-84.0047312095971,81.647988,0.060011383247107,0,908.23474,8,COPDEM30,13.42961093
RGI2000-v7.0-G-03-00159,03,03-01,G275998E81645N,1999-07-24T00:00:00,-84.00166550919118,81.64494450000001,0.078737718883526,0,972.72266,2,COPDEM30,13.92843390
RGI2000-v7.0-G-03-00160,03,03-01,G276097E81692N,1999-07-24T00:00:00,-83.94127480467854,81.63220749999999,57.53295799802171,0,1104.0757,8,COPDEM90,100.00000000
RGI2000-v7.0-G-03-00161,03,03-01,G276190E81592N,1999-07-24T00:00:00,-83.71430514312408,81.632654,18.56040008873174,0,1027.0198,8,COPDEM90,70.31449591
RGI2000-v7.0-G-03-00162,03,03-01,G276383E81643N,1999-07-24T00:00:00,-83.64331304301524,81.64543499999999,3.705839128588333,0,1003.86755,1,COPDEM30,36.95077864
RGI2000-v7.0-G-03-00163,03,03-01,G276598E81636N,1999-07-24T00:00:00,-83.40182425941116,81.6364715,20.30829748678717,0,962.38306,1,COPDEM90,73.09061981
RGI2000-v7.0-G-03-00164,03,03-01,G276822E81650N,1999-07-24T00:00:00,-83.1780940442961,81.6501205,0.050196994344502,0,1126.37,1,COPDEM30,13.13665600
RGI2000-v7.0-G-03-00165,03,03-01,G276736E81664N,1999-07-24T00:00:00,-83.23477908831103,81.6669885,122.84167532862685,0,1073.0212,7,COPDEM90,100.00000000
RGI2000-v7.0-G-03-00166,03,03-01,G276649E81709N,1999-07-24T00:00:00,-83.35131657480818,81.709441,0.064319392501541,0,927.5361,1,COPDEM30,13.55057755
RGI2000-v7.0-G-03-00167,03,03-01,G276485E81730N,1999-07-24T00:00:00,-83.5146562340157,81.73040850000001,2.253967756193762,0,1271.5612,8,COPDEM30,31.01850804
RGI2000-v7.0-G-03-00168,03,03-01,G276399E81741N,1999-07-24T00:00:00,-83.59918776771906,81.7399365,2.240607327029127,0,1065.3784,7,COPDEM30,30.95612169
RGI2000-v7.0-G-03-00169,03,03-01,G276391E81772N,1999-07-24T00:00:00,-83.60947291311214,81.7721005,0.25963426860456,0,1116.5724,8,COPDEM30,17.13360474
RGI2000-v7.0-G-03-00170,03,03-01,G276331E81812N,1999-07-24T00:00:00,-83.6686221576513,81.8121115,0.112997383105141,0,1115.6001,5,COPDEM30,14.70611167
RGI2000-v7.0-G-03-00171,03,03-01,G276359E81815N,1999-07-24T00:00:00,-83.63662458767121,81.813993,0.737595064583393,0,1066.7301,4,COPDEM30,22.02366968
RGI2000-v7.0-G-03-00172,03,03-01,G276326E81819N,1999-07-24T00:00:00,-83.67357698590837,81.8187325,0.127639299189835,0,1000.00684,8,COPDEM30,15.00172996
RGI2000-v7.0-G-03-00173,03,03-01,G276357E81822N,1999-07-24T00:00:00,-83.64336624756388,81.82211649999999,0.361108447321999,0,978.97833,8,COPDEM30,18.41292195
RGI2000-v7.0-G-03-00174,03,03-01,G276391E81822N,1999-07-24T00:00:00,-83.58419277253283,81.8282175,1.512366573134121,0,914.51404,1,COPDEM30,27.21696397
RGI2000-v7.0-G-03-00175,03,03-01,G276481E81831N,1999-07-24T00:00:00,-83.51853135358812,81.83137500000001,0.281330488022306,0,1015.2433,8,COPDEM30,17.42568351
RGI2000-v7.0-G-03-00176,03,03-01,G276530E81836N,1999-07-24T00:00:00,-83.46213999606297,81.8389365,1.108217139969252,0,856.32874,1,COPDEM30,24.73806498
RGI2000-v7.0-G-03-00177,03,03-01,G276590E81832N,1999-07-24T00:00:00,-83.40975451842509,81.831789,0.274758856206881,0,832.9618,2,COPDEM30,17.33844233
RGI2000-v7.0-G-03-00178,03,03-01,G276648E81830N,1999-07-24T00:00:00,-83.36370666666667,81.831995,0.570689843308306,0,898.1957,1,COPDEM30,20.57616231
RGI2000-v7.0-G-03-00179,03,03-01,G276830E81819N,1999-07-24T00:00:00,-83.23794438403084,81.825286,14.725955304288773,0,894.7148,1,COPDEM90,63.72417742
RGI2000-v7.0-G-03-00180,03,03-01,G276641E81813N,1999-07-24T00:00:00,-83.34130642591182,81.81071549999999,3.247781050529872,0,867.4284,8,COPDEM30,35.23024150
RGI2000-v7.0-G-03-00181,03,03-01,G276590E81803N,1999-07-24T00:00:00,-83.4205765898034,81.8035655,2.243117280474606,0,1093.1637,8,COPDEM30,30.96785604
RGI2000-v7.0-G-03-00182,03,03-01,G276440E81814N,1999-07-24T00:00:00,-83.56040092538454,81.814398,0.129016637945443,0,874.0555,2,COPDEM30,15.02864406
RGI2000-v7.0-G-03-00183,03,03-01,G276481E81761N,1999-07-24T00:00:00,-83.26674223357614,81.773472,63.76160062326196,0,1084.051,8,COPDEM90,100.00000000
RGI2000-v7.0-G-03-00184,03,03-01,G277001E81824N,1999-07-24T00:00:00,-82.97739238888889,81.82536999999999,2.830522167706692,0,1068.1489,1,COPDEM30,33.55381805
RGI2000-v7.0-G-03-00185,03,03-01,G277124E81802N,1999-07-24T00:00:00,-82.73471797039487,81.8105255,37.69128832592202,0,1108.2551,1,COPDEM90,95.95052363
RGI2000-v7.0-G-03-00186,03,03-01,G277348E81823N,1999-07-24T00:00:00,-82.65186682013294,81.82272900000001,0.663867826040266,0,1143.9937,2,COPDEM30,21.40693184
RGI2000-v7.0-G-03-00187,03,03-01,G277392E81818N,1999-07-24T00:00:00,-82.60314158661846,81.8207725,1.25669356536574,0,990.7092,2,COPDEM30,25.69432824
RGI2000-v7.0-G-03-00188,03,03-01,G277454E81814N,1999-07-24T00:00:00,-82.54603348746646,81.8153835,1.466024485481976,0,1101.3801,2,COPDEM30,26.95112973
RGI2000-v7.0-G-03-00189,03,03-01,G277408E81795N,1999-07-24T00:00:00,-82.5931980610244,81.7978965,1.693621898237643,0,1097.9491,3,COPDEM30,28.21949209
RGI2000-v7.0-G-03-00190,03,03-01,G277423E81782N,1999-07-24T00:00:00,-82.6357202742396,81.78082950000001,3.149569451405014,0,1065.2998,3,COPDEM30,34.84583692
RGI2000-v7.0-G-03-00191,03,03-01,G277369E81753N,1999-07-24T00:00:00,-82.75207002524039,81.75062199999999,57.88336741980418,0,1087.7855,3,COPDEM90,100.00000000
RGI2000-v7.0-G-03-00192,03,03-01,G277368E81752N,1999-07-24T00:00:00,-82.60039191454732,81.736024,0.645964259323444,0,899.09906,1,COPDEM30,21.25206625
RGI2000-v7.0-G-03-00193,03,03-01,G277423E81730N,1999-07-24T00:00:00,-82.57602508118838,81.7296575,0.211698025425057,0,993.3131,3,COPDEM30,16.44149152
RGI2000-v7.0-G-03-00194,03,03-01,G277369E81752N,1999-07-24T00:00:00,-82.61427936015326,81.727024,0.434379419240461,0,1074.2145,7,COPDEM30,19.22704537
RGI2000-v7.0-G-03-00195,03,03-01,G277314E81669N,1999-07-24T00:00:00,-82.68636304550932,81.668835,0.253511728781191,0,1026.2666,1,COPDEM30,17.04899275
RGI2000-v7.0-G-03-00196,03,03-01,G277114E81654N,1999-07-24T00:00:00,-82.87673609044083,81.663423,38.0041610666322,0,1064.9917,2,COPDEM90,96.30652101
RGI2000-v7.0-G-03-00197,03,03-01,G277743E81615N,1999-07-24T00:00:00,-82.30080827621934,81.62447850000001,247.84200018855014,0,1200.9785,1,COPDEM90,100.00000000
RGI2000-v7.0-G-03-00198,03,03-01,G277843E81652N,1999-07-24T00:00:00,-82.15398637404579,81.65097399999999,0.983177276885854,0,1177.5695,8,COPDEM30,23.88174147
RGI2000-v7.0-G-03-00199,03,03-01,G278617E81604N,1999-07-24T00:00:00,-81.62463769769884,81.63135249999999,71.82455094577405,0,1488.6941,8,COPDEM90,100.00000000
RGI2000-v7.0-G-03-00200,03,03-01,G278483E81687N,1999-07-24T00:00:00,-81.5173312450879,81.686787,94.95325557939485,0,1068.1711,8,COPDEM90,100.00000000
RGI2000-v7.0-G-03-00201,03,03-01,G278574E81700N,1999-07-24T00:00:00,-81.42580143335582,81.699555,0.117776151275865,0,1004.4092,1,COPDEM30,14.80459422
RGI2000-v7.0-G-03-00202,03,03-01,G278755E81696N,1999-07-24T00:00:00,-81.2446197069453,81.6964965,0.303557965985378,0,1144.0101,1,COPDEM30,17.71345327
RGI2000-v7.0-G-03-00203,03,03-01,G278315E81744N,1999-07-24T00:00:00,-81.64304255279174,81.7468825,2.93533578871302,0,1089.5745,7,COPDEM30,33.98595036
RGI2000-v7.0-G-03-00204,03,03-01,G278304E81763N,1999-07-24T00:00:00,-81.69605870229007,81.763096,0.13104103784302,0,1195.0662,8,COPDEM30,15.06794272
RGI2000-v7.0-G-03-00205,03,03-01,G278308E81773N,1999-07-24T00:00:00,-81.69221970134787,81.7730505,10.800467146449595,0,1131.8575,8,COPDEM30,56.00968986
RGI2000-v7.0-G-03-00206,03,03-01,G278370E81776N,1999-07-24T00:00:00,-81.6298847335413,81.7758675,0.046343229833659,0,1065.8627,1,COPDEM30,13.01384689
RGI2000-v7.0-G-03-00207,03,03-01,G278545E81770N,1999-07-24T00:00:00,-81.45597386911177,81.770219,10.145139134507657,0,1020.63574,8,COPDEM30,54.59200904
RGI2000-v7.0-G-03-00208,03,03-01,G278586E81778N,1999-07-24T00:00:00,-81.41398672900763,81.777733,0.100858184703423,0,1166.5508,2,COPDEM30,14.44614487
RGI2000-v7.0-G-03-00209,03,03-01,G278248E81756N,1999-07-24T00:00:00,-81.76102811408654,81.755871,0.338985027541381,0,884.97894,8,COPDEM30,18.15113890
RGI2000-v7.0-G-03-00210,03,03-01,G278040E81772N,1999-07-24T00:00:00,-81.99957030056856,81.770772,1.326738929033991,0,1101.9414,3,COPDEM30,26.12578153
RGI2000-v7.0-G-03-00211,03,03-01,G277976E81774N,1999-07-24T00:00:00,-82.04342991810344,81.7743205,0.294472040385123,0,1167.9257,1,COPDEM30,17.59713893
RGI2000-v7.0-G-03-00212,03,03-01,G277932E81775N,1999-07-24T00:00:00,-82.06814242366193,81.7752675,0.300796281526087,0,1137.65,1,COPDEM30,17.67828569
RGI2000-v7.0-G-03-00213,03,03-01,G277912E81772N,1999-07-24T00:00:00,-82.09673730051479,81.773597,0.153375146626588,0,1158.1401,1,COPDEM30,15.48283948
RGI2000-v7.0-G-03-00214,03,03-01,G277868E81765N,1999-07-24T00:00:00,-82.1318438158508,81.76490749999999,0.024127534511843,0,1280.9698,6,COPDEM30,12.17462566
RGI2000-v7.0-G-03-00215,03,03-01,G277844E81768N,1999-07-24T00:00:00,-82.15636160751296,81.7677225,0.037562080995098,0,1104.5294,1,COPDEM30,12.71333151
RGI2000-v7.0-G-03-00216,03,03-01,G277931E81762N,1999-07-24T00:00:00,-82.04691754261563,81.7590715,2.789215841608869,0,1219.7252,6,COPDEM30,33.38132385
RGI2000-v7.0-G-03-00217,03,03-01,G277973E81778N,1999-07-24T00:00:00,-82.02361660941474,81.778059,0.420650458920661,0,812.0673,1,COPDEM30,19.08006002
RGI2000-v7.0-G-03-00218,03,03-01,G277960E81781N,1999-07-24T00:00:00,-82.04028075536482,81.7807375,0.061702213132738,0,776.1398,1,COPDEM30,13.47759023
RGI2000-v7.0-G-03-00219,03,03-01,G278029E81778N,1999-07-24T00:00:00,-81.97413010590867,81.777728,0.069265195859705,0,1046.8961,1,COPDEM30,13.68455946
RGI2000-v7.0-G-03-00220,03,03-01,G278062E81831N,1999-07-24T00:00:00,-81.99120941742943,81.8129855,19.455273160423516,0,1051.7175,1,COPDEM90,71.75138492
RGI2000-v7.0-G-03-00221,03,03-01,G277884E81834N,1999-07-24T00:00:00,-82.10327875970103,81.8341525,0.462253119452647,0,1005.37775,2,COPDEM30,19.51848787
RGI2000-v7.0-G-03-00222,03,03-01,G277871E81834N,1999-07-24T00:00:00,-82.13765833088235,81.8377605,0.637489073616505,0,1034.6377,1,COPDEM30,21.17800780
RGI2000-v7.0-G-03-00223,03,03-01,G277838E81837N,1999-07-24T00:00:00,-82.16412976318875,81.83699,0.260878596859896,0,1066.8767,1,COPDEM30,17.15067864
RGI2000-v7.0-G-03-00224,03,03-01,G277796E81834N,1999-07-24T00:00:00,-82.20334959179846,81.83432450000001,0.226903475071062,0,1130.5721,8,COPDEM30,16.66881407
RGI2000-v7.0-G-03-00225,03,03-01,G277802E81818N,1999-07-24T00:00:00,-82.2380411152017,81.81983199999999,3.594578382618114,0,964.1089,8,COPDEM30,36.54312271
RGI2000-v7.0-G-03-00226,03,03-01,G278139E81847N,1999-07-24T00:00:00,-81.86205243314353,81.8492875,1.292198273322426,0,1001.6474,7,COPDEM30,25.91448590
RGI2000-v7.0-G-03-00227,03,03-01,G278124E81857N,1999-07-24T00:00:00,-81.88222360880657,81.855715,0.366817307803203,0,915.07294,1,COPDEM30,18.47916224
RGI2000-v7.0-G-03-00228,03,03-01,G278121E81862N,1999-07-24T00:00:00,-81.8809277448751,81.8616885,0.137357946001631,0,827.0439,2,COPDEM30,15.18865661
RGI2000-v7.0-G-03-00229,03,03-01,G278200E81863N,1999-07-24T00:00:00,-81.80942755652836,81.86535950000001,0.768196610213534,0,1183.8342,8,COPDEM30,22.27055564
RGI2000-v7.0-G-03-00230,03,03-01,G278278E81870N,1999-07-24T00:00:00,-81.73474988063433,81.87329199999999,2.700678288458431,0,1071.3297,1,COPDEM30,33.00723679
RGI2000-v7.0-G-03-00231,03,03-01,G278388E81872N,1999-07-24T00:00:00,-81.6552143068982,81.8721145,0.692600586567247,0,1025.9949,1,COPDEM30,21.65116797
RGI2000-v7.0-G-03-00232,03,03-01,G278387E81871N,1999-07-24T00:00:00,-81.59656479233003,81.8736765,2.157355525517279,0,932.3126,1,COPDEM30,30.56311462
RGI2000-v7.0-G-03-00233,03,03-01,G278391E81850N,1999-07-24T00:00:00,-81.60926075190955,81.8497415,3.758582294885659,0,1041.8418,2,COPDEM30,37.14188884
RGI2000-v7.0-G-03-00234,03,03-01,G278340E81837N,1999-07-24T00:00:00,-81.65963890802269,81.83747,0.799790781193887,0,1170.2075,7,COPDEM30,22.52034317
RGI2000-v7.0-G-03-00235,03,03-01,G278262E81842N,1999-07-24T00:00:00,-81.77175083153543,81.844848,8.876157809343882,0,1033.3171,7,COPDEM30,51.71003393
RGI2000-v7.0-G-03-00236,03,03-01,G278292E81815N,1999-07-24T00:00:00,-81.71740235875536,81.81249299999999,0.550603991799049,0,1122.1129,6,COPDEM30,20.38837727
RGI2000-v7.0-G-03-00237,03,03-01,G278764E81837N,1999-07-24T00:00:00,-81.23561826486355,81.8372145,0.663446768169157,0,1099.5334,8,COPDEM30,21.40331384
RGI2000-v7.0-G-03-00238,03,03-01,G278807E81831N,1999-07-24T00:00:00,-81.19314659833334,81.8314005,1.504788050309454,0,1100.8306,6,COPDEM30,27.17377238
RGI2000-v7.0-G-03-00239,03,03-01,G278829E81836N,1999-07-24T00:00:00,-81.17137123963317,81.8359725,0.065277975744422,0,1308.6223,6,COPDEM30,13.57693769
RGI2000-v7.0-G-03-00240,03,03-01,G278890E81838N,1999-07-24T00:00:00,-81.10979091796864,81.8380215,0.340216824939667,0,1367.0276,4,COPDEM30,18.16593520
RGI2000-v7.0-G-03-00241,03,03-01,G278923E81841N,1999-07-24T00:00:00,-81.07651838291137,81.8410615,0.405535265528767,0,1415.2767,5,COPDEM30,18.91543112
RGI2000-v7.0-G-03-00242,03,03-01,G278962E81832N,1999-07-24T00:00:00,-81.03812080187392,81.831694,0.834790512902182,0,1140.5095,6,COPDEM30,22.79136195
RGI2000-v7.0-G-03-00243,03,03-01,G279022E81829N,1999-07-24T00:00:00,-80.97780474999999,81.828979,0.115512329694854,0,1260.5338,6,COPDEM30,14.75819468
RGI2000-v7.0-G-03-00244,03,03-01,G278834E81853N,1999-07-24T00:00:00,-81.16636718145995,81.8525035,0.245111344307883,0,1246.5913,8,COPDEM30,16.93122092
RGI2000-v7.0-G-03-00245,03,03-01,G278835E81884N,1999-07-24T00:00:00,-81.19178984451581,81.88536350000001,1.226389586419054,0,1122.1135,8,COPDEM30,25.50394656
RGI2000-v7.0-G-03-00246,03,03-01,G278882E81893N,1999-07-24T00:00:00,-81.12708550366648,81.89595299999999,0.626520019362994,0,1107.6934,1,COPDEM30,21.08142246
RGI2000-v7.0-G-03-00247,03,03-01,G279076E81899N,1999-07-24T00:00:00,-80.98824232270033,81.8977135,19.342901910344427,0,1087.8278,8,COPDEM90,71.57279249
RGI2000-v7.0-G-03-00248,03,03-01,G279176E81926N,1999-07-24T00:00:00,-80.82431550217393,81.92629,0.193294147549828,0,1022.8411,8,COPDEM30,16.15513224
RGI2000-v7.0-G-03-00249,03,03-01,G279183E81935N,1999-07-24T00:00:00,-80.81685071491229,81.934737,0.262175591938771,0,1111.4114,7,COPDEM30,17.16843191
RGI2000-v7.0-G-03-00250,03,03-01,G279211E81938N,1999-07-24T00:00:00,-80.78600387443947,81.939525,0.622190165575221,0,1079.3091,3,COPDEM30,21.04306445
RGI2000-v7.0-G-03-00251,03,03-01,G279201E81945N,1999-07-24T00:00:00,-80.78091273702253,81.94756050000001,1.219922062894389,0,1018.8159,1,COPDEM30,25.46301149
RGI2000-v7.0-G-03-00252,03,03-01,G279202E81946N,1999-07-24T00:00:00,-80.83817854851128,81.94518249999999,0.759966622521289,0,1093.5518,1,COPDEM30,22.20464903
RGI2000-v7.0-G-03-00253,03,03-01,G279083E81939N,1999-07-24T00:00:00,-80.89547722118192,81.94203350000001,0.442567541014187,0,1060.5581,1,COPDEM30,19.31360500
RGI2000-v7.0-G-03-00254,03,03-01,G279084E81940N,1999-07-24T00:00:00,-80.93448478670359,81.9402895,0.698502085521151,0,1083.0393,1,COPDEM30,21.70070121
RGI2000-v7.0-G-03-00255,03,03-01,G279240E81928N,1999-07-24T00:00:00,-80.76121620948436,81.928285,0.675761152744746,0,925.4076,1,COPDEM30,21.50865700
RGI2000-v7.0-G-03-00256,03,03-01,G279523E81902N,1999-07-24T00:00:00,-80.58500267925432,81.9292325,75.82675647802893,0,1137.313,1,COPDEM90,100.00000000
RGI2000-v7.0-G-03-00257,03,03-01,G279524E81902N,1999-07-24T00:00:00,-80.39401890677038,81.9412255,2.60304955971414,0,1147.8967,8,COPDEM30,32.58755661
RGI2000-v7.0-G-03-00258,03,03-01,G279617E81961N,1999-07-24T00:00:00,-80.38276864077302,81.9612005,0.088816303854878,0,917.32043,1,COPDEM30,14.17228901
RGI2000-v7.0-G-03-00259,03,03-01,G279758E81956N,1999-07-24T00:00:00,-80.20206512695685,81.9600155,5.306440909458062,0,1182.5947,1,COPDEM30,42.24999873
RGI2000-v7.0-G-03-00260,03,03-01,G279827E81927N,1999-07-24T00:00:00,-80.1993477005697,81.9286645,1.655656827981714,0,989.37463,1,COPDEM30,28.01412608
RGI2000-v7.0-G-03-00261,03,03-01,G279781E81914N,1999-07-24T00:00:00,-80.21925767331027,81.913518,0.123922596226326,0,1244.0103,3,COPDEM30,14.92836980
RGI2000-v7.0-G-03-00262,03,03-01,G279799E81908N,1999-07-24T00:00:00,-80.20141512845618,81.90768800000001,0.31630663156141,0,1065.2625,2,COPDEM30,17.87376021
RGI2000-v7.0-G-03-00263,03,03-01,G279912E81899N,1999-07-24T00:00:00,-80.11377727373296,81.9078465,9.038967682203685,0,1142.326,1,COPDEM30,52.09082638
RGI2000-v7.0-G-03-00264,03,03-01,G280015E81906N,1999-07-24T00:00:00,-79.98462579268875,81.906177,1.006428329947066,0,1087.4015,1,COPDEM30,24.04492623
RGI2000-v7.0-G-03-00265,03,03-01,G279913E81858N,1999-07-24T00:00:00,-80.01039963777157,81.865194,10.921586366298236,0,1097.5581,3,COPDEM30,56.26695287
RGI2000-v7.0-G-03-00266,03,03-01,G280042E81853N,1999-07-24T00:00:00,-79.95755339846215,81.8529765,0.145717832928064,0,1384.9601,3,COPDEM30,15.34422073
RGI2000-v7.0-G-03-00267,03,03-01,G280111E81851N,1999-07-24T00:00:00,-79.88940833055202,81.85054149999999,1.829595746020367,0,1124.0076,2,COPDEM30,28.93675701
RGI2000-v7.0-G-03-00268,03,03-01,G279879E81835N,1999-07-24T00:00:00,-80.12065264468842,81.8345595,17.742498639035592,0,1112.4403,3,COPDEM90,68.97058363
RGI2000-v7.0-G-03-00269,03,03-01,G279707E81803N,1999-07-24T00:00:00,-80.2932841881497,81.8025655,0.848035332525629,0,1289.0715,4,COPDEM30,22.89243674
RGI2000-v7.0-G-03-00270,03,03-01,G279438E81818N,1999-07-24T00:00:00,-80.49467351772631,81.8234885,174.53957692175516,0,923.8049,8,COPDEM90,100.00000000
RGI2000-v7.0-G-03-00271,03,03-01,G279074E81773N,1999-07-24T00:00:00,-80.92595419363053,81.7730985,1.439743449318651,0,1069.813,2,COPDEM30,26.79850339
RGI2000-v7.0-G-03-00272,03,03-01,G278983E81777N,1999-07-24T00:00:00,-81.01671969051918,81.777479,0.090451823645753,0,1260.9727,1,COPDEM30,14.21052935
RGI2000-v7.0-G-03-00273,03,03-01,G279683E81662N,1999-07-24T00:00:00,-80.55447740138266,81.717512,714.4547966968805,0,1433.0908,1,COPDEM90,100.00000000
RGI2000-v7.0-G-03-00274,03,03-01,G279587E81745N,1999-07-24T00:00:00,-80.41298532281519,81.744731,0.837087908582211,0,1107.688,1,COPDEM30,22.80895117
RGI2000-v7.0-G-03-00275,03,03-01,G279704E81748N,1999-07-24T00:00:00,-80.29621000662878,81.7483285,0.16043089145306,0,1125.9684,1,COPDEM30,15.60753553
RGI2000-v7.0-G-03-00276,03,03-01,G279748E81747N,1999-07-24T00:00:00,-80.2516861872941,81.74668199999999,1.009953013917631,0,1078.0369,1,COPDEM30,24.06949860
RGI2000-v7.0-G-03-00277,03,03-01,G280373E81737N,1999-07-24T00:00:00,-79.62654319338156,81.7374145,0.433753573680436,0,1585.9347,5,COPDEM30,19.22039589
RGI2000-v7.0-G-03-00278,03,03-01,G280364E81777N,1999-07-24T00:00:00,-79.63703878459575,81.778965,0.527203592922807,0,1125.5566,1,COPDEM30,20.16523016
RGI2000-v7.0-G-03-00279,03,03-01,G280434E81776N,1999-07-24T00:00:00,-79.5864939659116,81.7829985,1.282153730521753,0,1099.4187,1,COPDEM30,25.85251183
RGI2000-v7.0-G-03-00280,03,03-01,G280516E81783N,1999-07-24T00:00:00,-79.49473735772146,81.7860925,0.968765291788544,0,1201.3262,1,COPDEM30,23.77962253
RGI2000-v7.0-G-03-00281,03,03-01,G280562E81788N,1999-07-24T00:00:00,-79.43913447832446,81.7879085,0.462798527556959,0,1083.9044,8,COPDEM30,19.52410161
RGI2000-v7.0-G-03-00282,03,03-01,G280603E81772N,1999-07-24T00:00:00,-79.2582730960261,81.792892,6.284106855267441,0,1156.0703,1,COPDEM30,45.09536926
RGI2000-v7.0-G-03-00283,03,03-01,G280834E81772N,1999-07-24T00:00:00,-79.16585688851103,81.7720745,5.760222733057136,0,1275.8031,2,COPDEM30,43.60064963
RGI2000-v7.0-G-03-00284,03,03-01,G281241E81799N,1999-07-24T00:00:00,-78.76529344477052,81.79822300000001,0.231265505296862,0,1201.3921,7,COPDEM30,16.73261012
RGI2000-v7.0-G-03-00285,03,03-01,G281268E81798N,1999-07-24T00:00:00,-78.73160194742488,81.7984415,0.110721133981189,0,1246.2092,3,COPDEM30,14.65846995
RGI2000-v7.0-G-03-00286,03,03-01,G281278E81807N,1999-07-24T00:00:00,-78.72218461494845,81.8072215,1.885098653058382,0,1277.7358,4,COPDEM30,29.22184528
RGI2000-v7.0-G-03-00287,03,03-01,G281200E81811N,1999-07-24T00:00:00,-78.79971087568947,81.81138250000001,0.300002234063373,0,1300.8562,6,COPDEM30,17.66814436
RGI2000-v7.0-G-03-00288,03,03-01,G281195E81839N,1999-07-24T00:00:00,-78.80499677009084,81.8390955,4.026550418337385,0,1245.8054,1,COPDEM30,38.09277277
RGI2000-v7.0-G-03-00289,03,03-01,G281272E81839N,1999-07-24T00:00:00,-78.7275293766208,81.838741,0.662659800547856,0,1284.4602,1,COPDEM30,21.39654864
RGI2000-v7.0-G-03-00290,03,03-01,G281158E81850N,1999-07-24T00:00:00,-78.842798718046,81.85074900000001,0.334892510876425,0,1012.8037,2,COPDEM30,18.10178574
RGI2000-v7.0-G-03-00291,03,03-01,G281097E81858N,1999-07-24T00:00:00,-78.90711845004908,81.85598150000001,0.176462067839992,0,1268.8049,6,COPDEM30,15.88103437
RGI2000-v7.0-G-03-00292,03,03-01,G281104E81860N,1999-07-24T00:00:00,-78.89555979460354,81.8596245,0.158491582164093,0,1157.4075,2,COPDEM30,15.57354018
RGI2000-v7.0-G-03-00293,03,03-01,G280991E81859N,1999-07-24T00:00:00,-79.01734776105974,81.8587345,0.698593647244664,0,1153.5848,6,COPDEM30,21.70146806
RGI2000-v7.0-G-03-00294,03,03-01,G280804E81850N,1999-07-24T00:00:00,-79.1956368078807,81.850337,0.103268178621001,0,1153.1814,3,COPDEM30,14.49895132
RGI2000-v7.0-G-03-00295,03,03-01,G280987E81898N,1999-07-24T00:00:00,-79.01328181911765,81.8988315,0.357897608808983,0,1261.7548,8,COPDEM30,18.37543619
RGI2000-v7.0-G-03-00296,03,03-01,G280725E81920N,1999-07-24T00:00:00,-79.27487306013616,81.919668,0.040730503057686,0,1010.1105,1,COPDEM30,12.82545193
RGI2000-v7.0-G-03-00297,03,03-01,G280747E81924N,1999-07-24T00:00:00,-79.25524288795543,81.92732000000001,8.456071912695574,0,1053.4902,1,COPDEM30,50.71105618
RGI2000-v7.0-G-03-00298,03,03-01,G280651E81928N,1999-07-24T00:00:00,-79.34935125856562,81.92841999999999,0.079376995637659,0,896.4232,8,COPDEM30,13.94434927
RGI2000-v7.0-G-03-00299,03,03-01,G280793E81941N,1999-07-24T00:00:00,-79.20871073272863,81.93992750000001,0.693443338571954,0,1303.3876,4,COPDEM30,21.65825434
RGI2000-v7.0-G-03-00300,03,03-01,G280732E81951N,1999-07-24T00:00:00,-79.26929909479672,81.9516945,0.544916996472679,0,1208.5952,1,COPDEM30,20.33458907
RGI2000-v7.0-G-03-00301,03,03-01,G280670E81952N,1999-07-24T00:00:00,-79.34523818933053,81.953877,2.195415399845944,0,1152.7366,1,COPDEM30,30.74370792
RGI2000-v7.0-G-03-00302,03,03-01,G280395E81977N,1999-07-24T00:00:00,-79.60591061535547,81.975649,1.307795549878737,0,1104.98,1,COPDEM30,26.01024446
RGI2000-v7.0-G-03-00303,03,03-01,G280571E82049N,1999-07-24T00:00:00,-79.42901138582677,82.049144,0.086396494129838,0,1129.263,7,COPDEM30,14.11505928
RGI2000-v7.0-G-03-00304,03,03-01,G280681E82057N,1999-07-24T00:00:00,-79.29178459642645,82.0576375,7.611948751498288,0,993.6989,8,COPDEM30,48.62566446
RGI2000-v7.0-G-03-00305,03,03-01,G280725E82043N,1999-07-24T00:00:00,-79.27452944742824,82.0432145,0.339629724341799,0,1205.2106,6,COPDEM30,18.15888632
RGI2000-v7.0-G-03-00306,03,03-01,G280862E82042N,1999-07-24T00:00:00,-79.20495477191318,82.0372975,4.049286729240006,0,1044.2811,6,COPDEM30,38.17197542
RGI2000-v7.0-G-03-00307,03,03-01,G280912E82035N,1999-07-24T00:00:00,-79.08776618861386,82.0347625,0.259688018032586,0,1237.0552,3,COPDEM30,17.13434310
RGI2000-v7.0-G-03-00308,03,03-01,G281065E82002N,1999-07-24T00:00:00,-78.93502332461748,82.002065,0.732575107575801,0,1039.4207,8,COPDEM30,21.98268422
RGI2000-v7.0-G-03-00309,03,03-01,G281128E81991N,1999-07-24T00:00:00,-78.87223077150293,81.991131,0.265832960910561,0,1404.1466,7,COPDEM30,17.21825882
RGI2000-v7.0-G-03-00310,03,03-01,G281134E81985N,1999-07-24T00:00:00,-78.86601496327023,81.9845785,0.145464093635752,0,1233.8079,8,COPDEM30,15.33956575
RGI2000-v7.0-G-03-00311,03,03-01,G281155E81981N,1999-07-24T00:00:00,-78.84548196692131,81.9808275,0.028317570560024,0,1296.4905,7,COPDEM30,12.35589555
RGI2000-v7.0-G-03-00312,03,03-01,G281137E81976N,1999-07-24T00:00:00,-78.86273525306373,81.9763915,0.146191109288257,0,1229.0867,8,COPDEM30,15.35289243
RGI2000-v7.0-G-03-00313,03,03-01,G281305E81937N,1999-07-24T00:00:00,-78.69455611802977,81.9370935,0.573285534846669,0,1316.558,5,COPDEM30,20.60018702
RGI2000-v7.0-G-03-00314,03,03-01,G281350E81933N,1999-07-24T00:00:00,-78.64985903448783,81.9332765,1.315106755817801,0,1265.4949,5,COPDEM30,26.05493457
RGI2000-v7.0-G-03-00315,03,03-01,G281389E81933N,1999-07-24T00:00:00,-78.61094925418814,81.93262849999999,0.206286839708042,0,1263.1239,4,COPDEM30,16.35863355
RGI2000-v7.0-G-03-00316,03,03-01,G281372E81924N,1999-07-24T00:00:00,-78.62772099243902,81.92404350000001,0.079551483541782,0,1335.6646,8,COPDEM30,13.94868216
RGI2000-v7.0-G-03-00317,03,03-01,G281605E81909N,1999-07-24T00:00:00,-78.39460208271373,81.909302,0.17705739402388,0,931.24023,1,COPDEM30,15.89094638
RGI2000-v7.0-G-03-00318,03,03-01,G281665E81912N,1999-07-24T00:00:00,-78.33514783678453,81.9117775,0.354619653872013,0,1368.9161,7,COPDEM30,18.33699299
RGI2000-v7.0-G-03-00319,03,03-01,G281761E81903N,1999-07-24T00:00:00,-78.23851722676838,81.90335,2.113005962514093,0,1254.7773,6,COPDEM30,30.35065524
RGI2000-v7.0-G-03-00320,03,03-01,G281911E81915N,1999-07-24T00:00:00,-78.08943025879917,81.9149245,0.148590986223278,0,1766.003,5,COPDEM30,15.39665019
RGI2000-v7.0-G-03-00321,03,03-01,G281950E81910N,1999-07-24T00:00:00,-78.05027137094523,81.9103565,0.771259539788167,0,1368.2987,5,COPDEM30,22.29499369
RGI2000-v7.0-G-03-00322,03,03-01,G282176E81860N,1999-07-24T00:00:00,-77.82357138050354,81.8601305,0.084802236769472,0,1167.2527,1,COPDEM30,14.07691531
RGI2000-v7.0-G-03-00323,03,03-01,G282168E81858N,1999-07-24T00:00:00,-77.83172082162211,81.8584315,0.042806476235876,0,1159.1444,7,COPDEM30,12.89656164
RGI2000-v7.0-G-03-00324,03,03-01,G282214E81861N,1999-07-24T00:00:00,-77.78632701315789,81.8605915,0.130484556912051,0,1170.0894,1,COPDEM30,15.05717047
RGI2000-v7.0-G-03-00325,03,03-01,G282246E81859N,1999-07-24T00:00:00,-77.75376198626768,81.85887,1.570711995711733,0,1145.733,1,COPDEM30,27.54592691
RGI2000-v7.0-G-03-00326,03,03-01,G282284E81853N,1999-07-24T00:00:00,-77.71559532701357,81.852683,0.057462751418141,0,1343.6982,8,COPDEM30,13.35599453
RGI2000-v7.0-G-03-00327,03,03-01,G282378E81859N,1999-07-24T00:00:00,-77.62155569392479,81.85947300000001,0.695108717322296,0,1155.865,2,COPDEM30,21.67224523
RGI2000-v7.0-G-03-00328,03,03-01,G282086E81845N,1999-07-24T00:00:00,-77.91364808479906,81.8446795,0.015081211749348,0,797.4012,2,COPDEM30,11.71927819
RGI2000-v7.0-G-03-00329,03,03-01,G282004E81839N,1999-07-24T00:00:00,-77.99562818925398,81.838763,0.427479919186574,0,1277.4001,1,COPDEM30,19.15347279
RGI2000-v7.0-G-03-00330,03,03-01,G282079E81756N,1999-07-24T00:00:00,-77.92147339404335,81.756428,0.166122786520878,0,1733.8173,4,COPDEM30,15.70614284
RGI2000-v7.0-G-03-00331,03,03-01,G282045E81750N,1999-07-24T00:00:00,-77.95454079245283,81.750046,0.355986846683784,0,1632.1836,5,COPDEM30,18.35304866
RGI2000-v7.0-G-03-00332,03,03-01,G282009E81749N,1999-07-24T00:00:00,-77.99144952061631,81.74900550000001,0.242981295843618,0,1689.6448,4,COPDEM30,16.90103862
RGI2000-v7.0-G-03-00333,03,03-01,G281995E81741N,1999-07-24T00:00:00,-78.00466661805558,81.7413595,0.74237521996597,0,1470.131,4,COPDEM30,22.06256785
RGI2000-v7.0-G-03-00334,03,03-01,G281869E81727N,1999-07-24T00:00:00,-78.13114365000003,81.7272165,0.062737449080696,0,1727.3097,4,COPDEM30,13.50664227
RGI2000-v7.0-G-03-00335,03,03-01,G281878E81720N,1999-07-24T00:00:00,-78.1223723110048,81.720253,1.123113150054003,0,1440.2036,3,COPDEM30,24.83678460
RGI2000-v7.0-G-03-00336,03,03-01,G281820E81714N,1999-07-24T00:00:00,-78.18023219300517,81.713905,0.530682538003038,0,1608.2914,5,COPDEM30,20.19871450
RGI2000-v7.0-G-03-00337,03,03-01,G281813E81703N,1999-07-24T00:00:00,-78.18672822650795,81.7029475,0.081107598197849,0,1265.1202,8,COPDEM30,13.98711540
RGI2000-v7.0-G-03-00338,03,03-01,G281756E81730N,1999-07-24T00:00:00,-78.24419279291433,81.73023850000001,7.568896261611477,0,1513.5369,7,COPDEM30,48.51627795
RGI2000-v7.0-G-03-00339,03,03-01,G281667E81737N,1999-07-24T00:00:00,-78.33326418274672,81.73655600000001,0.942656869773414,0,1445.7913,7,COPDEM30,23.59267253
RGI2000-v7.0-G-03-00340,03,03-01,G281328E81689N,1999-07-24T00:00:00,-78.67191444874804,81.6894815,3.121564728878037,0,1306.9143,2,COPDEM30,34.73513062
RGI2000-v7.0-G-03-00341,03,03-01,G281236E81704N,1999-07-24T00:00:00,-78.76418923979386,81.704083,6.107567317354412,0,1383.4154,2,COPDEM30,44.59889007
RGI2000-v7.0-G-03-00342,03,03-01,G281397E81667N,1999-07-24T00:00:00,-78.60062950880504,81.666686,0.509958826465855,0,1455.7008,7,COPDEM30,19.99759621
RGI2000-v7.0-G-03-00343,03,03-01,G280986E81639N,1999-07-24T00:00:00,-79.0143512801383,81.63908,0.015302325017622,0,1559.1061,4,COPDEM30,11.73183593
RGI2000-v7.0-G-03-00344,03,03-01,G281059E81519N,1999-07-24T00:00:00,-79.08475548874955,81.640204,856.1711538335342,0,1404.026,2,COPDEM90,100.00000000
RGI2000-v7.0-G-03-00345,03,03-01,G281477E81558N,1999-07-24T00:00:00,-78.52323616865934,81.557578,0.062883679067121,0,1241.9352,7,COPDEM30,13.51072658
RGI2000-v7.0-G-03-00346,03,03-01,G281528E81555N,1999-07-24T00:00:00,-78.47245141572907,81.55542650000001,0.021735101454828,0,1263.7145,6,COPDEM30,12.06399610
RGI2000-v7.0-G-03-00347,03,03-01,G281592E81563N,1999-07-24T00:00:00,-78.40755736055021,81.56283300000001,1.813795209014574,0,1183.4572,1,COPDEM30,28.85481002
RGI2000-v7.0-G-03-00348,03,03-01,G281742E81548N,1999-07-24T00:00:00,-78.2584222841457,81.547668,0.093676629910998,0,1362.8303,1,COPDEM30,14.28492934
RGI2000-v7.0-G-03-00349,03,03-01,G281795E81545N,1999-07-24T00:00:00,-78.20521096249999,81.545395,0.130716750766009,0,1226.9857,1,COPDEM30,15.06166802
RGI2000-v7.0-G-03-00350,03,03-01,G281814E81543N,1999-07-24T00:00:00,-78.18556318671763,81.5431545,0.085259888973644,0,1331.3533,4,COPDEM30,14.08790145
RGI2000-v7.0-G-03-00351,03,03-01,G281784E81518N,1999-07-24T00:00:00,-78.22425218361165,81.509624,42.400863537659085,0,1314.4098,1,COPDEM90,100.00000000
RGI2000-v7.0-G-03-00352,03,03-01,G282004E81505N,1999-07-24T00:00:00,-77.99591501165114,81.5049375,0.297672065322756,0,1148.5398,2,COPDEM30,17.63830641
RGI2000-v7.0-G-03-00353,03,03-01,G282046E81500N,1999-07-24T00:00:00,-77.95401632674418,81.5001285,0.189030431777095,0,1181.3029,2,COPDEM30,16.08686821
RGI2000-v7.0-G-03-00354,03,03-01,G281984E81511N,1999-07-24T00:00:00,-77.99069213344976,81.514184,2.725808852296942,0,1260.4307,3,COPDEM30,33.11403329
RGI2000-v7.0-G-03-00355,03,03-01,G282269E81492N,1999-07-24T00:00:00,-77.73005163311156,81.492576,1.63044665887243,0,1383.8247,1,COPDEM30,27.87645225
RGI2000-v7.0-G-03-00356,03,03-01,G282059E81458N,1999-07-24T00:00:00,-77.91624970949974,81.4687495,73.41039266837213,0,1246.6233,2,COPDEM90,100.00000000
RGI2000-v7.0-G-03-00357,03,03-01,G282415E81458N,1999-07-24T00:00:00,-77.58485399652906,81.4622545,7.754067208341718,0,1179.5869,1,COPDEM30,48.98457609
RGI2000-v7.0-G-03-00358,03,03-01,G282507E81472N,1999-07-24T00:00:00,-77.49162218757749,81.4714225,1.293791106076786,0,1203.751,2,COPDEM30,25.92429141
RGI2000-v7.0-G-03-00359,03,03-01,G282566E81465N,1999-07-24T00:00:00,-77.43216270562768,81.4655375,0.628847265014693,0,1119.7593,2,COPDEM30,21.10198468
RGI2000-v7.0-G-03-00360,03,03-01,G282608E81453N,1999-07-24T00:00:00,-77.29151581565662,81.461764,18.398504670316047,0,1182.6509,1,COPDEM90,70.05086940
RGI2000-v7.0-G-03-00361,03,03-01,G282819E81465N,1999-07-24T00:00:00,-77.22491631951482,81.46214549999999,0.462202891764174,0,1132.1313,8,COPDEM30,19.51797073
RGI2000-v7.0-G-03-00362,03,03-01,G282820E81466N,1999-07-24T00:00:00,-77.17422234809182,81.46884349999999,1.768017368124984,0,1089.2659,1,COPDEM30,28.61535399
RGI2000-v7.0-G-03-00363,03,03-01,G282833E81457N,1999-07-24T00:00:00,-77.16172890565032,81.4562555,1.438411976261557,0,1101.1758,4,COPDEM30,26.79073397
RGI2000-v7.0-G-03-00364,03,03-01,G282911E81469N,1999-07-24T00:00:00,-77.07720699687218,81.470827,1.948955625011608,0,1152.9282,1,COPDEM30,29.54470011
RGI2000-v7.0-G-03-00365,03,03-01,G282696E81430N,1999-07-24T00:00:00,-77.28757630687358,81.4303285,0.510720431499111,0,1085.6235,2,COPDEM30,20.00505895
RGI2000-v7.0-G-03-00366,03,03-01,G282609E81429N,1999-07-24T00:00:00,-77.40497218715541,81.42584500000001,2.265365866513013,0,1156.3027,4,COPDEM30,31.07158537
RGI2000-v7.0-G-03-00367,03,03-01,G282489E81410N,1999-07-24T00:00:00,-77.58041612888343,81.4174405,7.313715136540546,0,1298.8201,3,COPDEM30,47.86143377
RGI2000-v7.0-G-03-00368,03,03-01,G282417E81416N,1999-07-24T00:00:00,-77.56778798268189,81.4001545,1.697307344567333,0,1188.1953,4,COPDEM30,28.23930480
RGI2000-v7.0-G-03-00369,03,03-01,G282329E81414N,1999-07-24T00:00:00,-77.72477414003583,81.39595249999999,6.02812795204935,0,1261.6445,4,COPDEM30,44.37314473
RGI2000-v7.0-G-03-00370,03,03-01,G282203E81397N,1999-07-24T00:00:00,-77.79724268918919,81.388408,5.57768245217074,0,1212.9288,5,COPDEM30,43.06396468
RGI2000-v7.0-G-03-00371,03,03-01,G282065E81355N,1999-07-24T00:00:00,-77.93150350774843,81.39083049999999,40.0314388198823,0,1249.4058,4,COPDEM90,98.57856405
RGI2000-v7.0-G-03-00372,03,03-01,G281923E81363N,1999-07-24T00:00:00,-78.07679112508384,81.3630225,0.745889695260973,0,1101.9978,2,COPDEM30,22.09108681
RGI2000-v7.0-G-03-00373,03,03-01,G281922E81358N,1999-07-24T00:00:00,-78.08293865321548,81.35619249999999,0.533656297862541,0,1127.4905,4,COPDEM30,20.22724960
RGI2000-v7.0-G-03-00374,03,03-01,G281784E81368N,1999-07-24T00:00:00,-78.17000480549254,81.3588565,3.866936562349787,0,1132.3893,6,COPDEM30,37.53033901
RGI2000-v7.0-G-03-00375,03,03-01,G281734E81376N,1999-07-24T00:00:00,-78.22906778235057,81.379335,1.013652332179205,0,1289.1444,6,COPDEM30,24.09524236
RGI2000-v7.0-G-03-00376,03,03-01,G281761E81393N,1999-07-24T00:00:00,-78.28020956250833,81.388904,2.038338551286139,0,1154.864,8,COPDEM30,29.98785521
RGI2000-v7.0-G-03-00377,03,03-01,G281677E81396N,1999-07-24T00:00:00,-78.32308709210528,81.396388,0.458345972732381,0,1108.1963,6,COPDEM30,19.47817549
RGI2000-v7.0-G-03-00378,03,03-01,G281661E81409N,1999-07-24T00:00:00,-78.33859092856208,81.4091715,6.224143555197706,0,1130.4812,7,COPDEM30,44.92752692
RGI2000-v7.0-G-03-00379,03,03-01,G281340E81406N,1999-07-24T00:00:00,-78.65991242542071,81.406453,0.062776871159368,0,1223.8866,2,COPDEM30,13.50774383
RGI2000-v7.0-G-03-00380,03,03-01,G281310E81413N,1999-07-24T00:00:00,-79.05100984453264,81.4001935,168.02630755270118,0,1281.5522,3,COPDEM90,100.00000000
RGI2000-v7.0-G-03-00381,03,03-01,G280515E81357N,1999-07-24T00:00:00,-79.48460191437643,81.35744349999999,5.004379106262599,0,1131.959,6,COPDEM30,41.31865746
RGI2000-v7.0-G-03-00382,03,03-01,G280469E81342N,1999-07-24T00:00:00,-79.53050356875002,81.341767,0.381960444641294,0,1111.1655,7,COPDEM30,18.65241279
RGI2000-v7.0-G-03-00383,03,03-01,G280457E81332N,1999-07-24T00:00:00,-79.54310619366993,81.331925,1.72555377924467,0,1093.1892,8,COPDEM30,28.39044700
RGI2000-v7.0-G-03-00384,03,03-01,G280362E81320N,1999-07-24T00:00:00,-79.638403001934,81.31957349999999,1.847914390273676,0,1088.1342,8,COPDEM30,29.03132209
RGI2000-v7.0-G-03-00385,03,03-01,G280335E81307N,1999-07-24T00:00:00,-79.66511665183117,81.3065545,1.904210768224747,0,1100.5685,8,COPDEM30,29.31904010
RGI2000-v7.0-G-03-00386,03,03-01,G280254E81300N,1999-07-24T00:00:00,-79.74558716737619,81.300095,0.639703872937789,0,1073.4504,8,COPDEM30,21.19740859
RGI2000-v7.0-G-03-00387,03,03-01,G280395E81293N,1999-07-24T00:00:00,-79.60464051966292,81.2934525,1.134034891486674,0,1111.154,4,COPDEM30,24.90875041
RGI2000-v7.0-G-03-00388,03,03-01,G280458E81312N,1999-07-24T00:00:00,-79.54217927898614,81.3123965,6.852026178648006,0,1111.1067,4,COPDEM30,46.64692526
RGI2000-v7.0-G-03-00389,03,03-01,G280685E81327N,1999-07-24T00:00:00,-79.31460792541793,81.327095,54.75476455333427,0,1246.5703,6,COPDEM90,100.00000000
RGI2000-v7.0-G-03-00390,03,03-01,G280690E81297N,1999-07-24T00:00:00,-79.31017961840588,81.2969155,1.236141150440505,0,1127.4607,8,COPDEM30,25.56546387
RGI2000-v7.0-G-03-00391,03,03-01,G280759E81297N,1999-07-24T00:00:00,-79.24710634617486,81.2959275,1.517474541428512,0,1197.827,5,COPDEM30,27.24601433
RGI2000-v7.0-G-03-00392,03,03-01,G280818E81297N,1999-07-24T00:00:00,-79.18355496449709,81.297077,0.210253727891763,0,1247.5591,4,COPDEM30,16.41948056
RGI2000-v7.0-G-03-00393,03,03-01,G280912E81309N,1999-07-24T00:00:00,-79.15640788082305,81.304332,17.53447167421169,0,1231.7943,5,COPDEM90,68.62385562
RGI2000-v7.0-G-03-00394,03,03-01,G281087E81338N,1999-07-24T00:00:00,-78.89667745537832,81.320678,28.735162927326012,0,1276.559,4,COPDEM90,85.04726467
RGI2000-v7.0-G-03-00395,03,03-01,G281230E81322N,1999-07-24T00:00:00,-78.77013463682923,81.321986,0.069787292487186,0,1279.4233,4,COPDEM30,13.69841984
RGI2000-v7.0-G-03-00396,03,03-01,G281250E81332N,1999-07-24T00:00:00,-78.74986316246799,81.332157,0.058956127242703,0,1370.3994,3,COPDEM30,13.39932360
RGI2000-v7.0-G-03-00397,03,03-01,G281304E81331N,1999-07-24T00:00:00,-78.7057377263815,81.3265225,13.308970673990606,0,1251.9294,5,COPDEM90,61.07404676
RGI2000-v7.0-G-03-00398,03,03-01,G281452E81331N,1999-07-24T00:00:00,-78.5914380402917,81.3313915,7.081943016031893,0,1222.8044,4,COPDEM30,47.25668841
RGI2000-v7.0-G-03-00399,03,03-01,G281536E81345N,1999-07-24T00:00:00,-78.4636972100912,81.34504749999999,1.451347801927836,0,1056.8231,2,COPDEM30,26.86606561
RGI2000-v7.0-G-03-00400,03,03-01,G281567E81337N,1999-07-24T00:00:00,-78.43453304032256,81.337615,0.279424725629855,0,1058.0249,2,COPDEM30,17.40048959
RGI2000-v7.0-G-03-00401,03,03-01,G280768E81237N,1999-07-24T00:00:00,-79.22701159180247,81.23766850000001,5.54456502099212,0,1080.4998,1,COPDEM30,42.96566007
RGI2000-v7.0-G-03-00402,03,03-01,G280839E81194N,1999-07-24T00:00:00,-79.16449955771984,81.1936005,0.35742085208375,0,1033.5615,1,COPDEM30,18.36985585
RGI2000-v7.0-G-03-00403,03,03-01,G280916E81188N,1999-07-24T00:00:00,-79.09183270437957,81.18872250000001,4.082934572078559,0,1079.2032,1,COPDEM30,38.28878181
RGI2000-v7.0-G-03-00404,03,03-01,G280992E81190N,1999-07-24T00:00:00,-79.00787182503421,81.18956,0.398982136134304,0,1067.8578,2,COPDEM30,18.84310458
RGI2000-v7.0-G-03-00405,03,03-01,G281042E81184N,1999-07-24T00:00:00,-78.95823162274078,81.18473,0.609179008138086,0,1003.7192,1,COPDEM30,20.92698886
RGI2000-v7.0-G-03-00406,03,03-01,G281056E81175N,1999-07-24T00:00:00,-78.94502272712558,81.1743415,0.089690779430678,0,1141.1934,1,COPDEM30,14.19277865
RGI2000-v7.0-G-03-00407,03,03-01,G280486E81147N,1999-07-24T00:00:00,-79.51994367789115,81.145569,3.221839387333705,0,1034.8595,2,COPDEM30,35.12927615
RGI2000-v7.0-G-03-00408,03,03-01,G280415E81159N,1999-07-24T00:00:00,-79.58265005677848,81.15986,1.96012080347409,0,1148.5725,2,COPDEM30,29.60060401
RGI2000-v7.0-G-03-00409,03,03-01,G280367E81168N,1999-07-24T00:00:00,-79.63700979586096,81.1676315,0.757664423646705,0,1127.4009,2,COPDEM30,22.18614898
RGI2000-v7.0-G-03-00410,03,03-01,G280333E81174N,1999-07-24T00:00:00,-79.67127728401562,81.16989699999999,1.101391902218634,0,1110.2739,1,COPDEM30,24.69261082
RGI2000-v7.0-G-03-00411,03,03-01,G280217E81157N,1999-07-24T00:00:00,-79.77062428471993,81.1626775,16.834640262112718,0,1059.6836,2,COPDEM90,67.44205334
RGI2000-v7.0-G-03-00412,03,03-01,G280108E81184N,1999-07-24T00:00:00,-79.86402593915656,81.18606750000001,1.860812439673557,0,1018.2597,3,COPDEM30,29.09762389
RGI2000-v7.0-G-03-00413,03,03-01,G280041E81188N,1999-07-24T00:00:00,-79.95874745716267,81.188394,3.227191864162964,0,1143.5399,1,COPDEM30,35.15014126
RGI2000-v7.0-G-03-00414,03,03-01,G279931E81175N,1999-07-24T00:00:00,-80.11032164563227,81.16994,27.23660761788271,0,1205.2273,1,COPDEM90,83.06418475
RGI2000-v7.0-G-03-00415,03,03-01,G279702E81197N,1999-07-24T00:00:00,-80.18250167625283,81.2038655,1.821657644095376,0,1021.8916,6,COPDEM30,28.89563172
RGI2000-v7.0-G-03-00416,03,03-01,G279700E81198N,1999-07-24T00:00:00,-80.21103903263403,81.214518,2.15703603862998,0,951.91174,8,COPDEM30,30.56159195
RGI2000-v7.0-G-03-00417,03,03-01,G279862E81213N,1999-07-24T00:00:00,-80.14759766249065,81.2165885,0.241777172548258,0,982.9137,2,COPDEM30,16.88391791
RGI2000-v7.0-G-03-00418,03,03-01,G279863E81214N,1999-07-24T00:00:00,-80.13384194390026,81.2148095,0.496336851979351,0,1020.8181,2,COPDEM30,19.86316496
RGI2000-v7.0-G-03-00419,03,03-01,G279884E81210N,1999-07-24T00:00:00,-80.11579339216956,81.209874,0.324951720097689,0,1090.5657,2,COPDEM30,17.98063513
RGI2000-v7.0-G-03-00420,03,03-01,G279940E81236N,1999-07-24T00:00:00,-80.06360831237438,81.2344975,0.682618695582668,0,1060.0898,3,COPDEM30,21.56690384
RGI2000-v7.0-G-03-00421,03,03-01,G279902E81238N,1999-07-24T00:00:00,-80.09860536599638,81.2377395,1.441067337417442,0,1077.9156,1,COPDEM30,26.80622498
RGI2000-v7.0-G-03-00422,03,03-01,G279701E81197N,1999-07-24T00:00:00,-80.2231752338478,81.230151,6.039252773124612,0,881.3968,7,COPDEM30,44.40484767
RGI2000-v7.0-G-03-00423,03,03-01,G279700E81197N,1999-07-24T00:00:00,-80.38251992650977,81.2242775,3.548330794128053,0,927.5639,3,COPDEM30,36.37181897
RGI2000-v7.0-G-03-00424,03,03-01,G279701E81198N,1999-07-24T00:00:00,-80.4873648190497,81.22394249999999,2.264507547859697,0,1002.4813,8,COPDEM30,31.06759311
RGI2000-v7.0-G-03-00425,03,03-01,G279528E81233N,1999-07-24T00:00:00,-80.47025983912499,81.23407700000001,0.423361669565084,0,920.94977,1,COPDEM30,19.10927479
RGI2000-v7.0-G-03-00426,03,03-01,G279417E81212N,1999-07-24T00:00:00,-80.41948441773287,81.2000515,19.699921633853123,0,999.3329,1,COPDEM90,72.13843127
RGI2000-v7.0-G-03-00427,03,03-01,G279426E81180N,1999-07-24T00:00:00,-80.57448651772057,81.1802845,5.725798834093953,0,1006.8858,3,COPDEM30,43.50009808
RGI2000-v7.0-G-03-00428,03,03-01,G279351E81199N,1999-07-24T00:00:00,-80.64677961452284,81.199318,3.111674958146543,0,1009.5083,2,COPDEM30,34.69591650
RGI2000-v7.0-G-03-00429,03,03-01,G279277E81200N,1999-07-24T00:00:00,-80.74426290224596,81.20003,1.133422588888268,0,1011.8725,8,COPDEM30,24.90472500
RGI2000-v7.0-G-03-00430,03,03-01,G279222E81195N,1999-07-24T00:00:00,-80.785088838327,81.197023,1.336869288557675,0,1014.9886,1,COPDEM30,26.18722893
RGI2000-v7.0-G-03-00431,03,03-01,G279145E81193N,1999-07-24T00:00:00,-80.86989130394343,81.19463300000001,1.217324654416155,0,1045.674,8,COPDEM30,25.44654111
RGI2000-v7.0-G-03-00432,03,03-01,G279140E81185N,1999-07-24T00:00:00,-80.85999997880266,81.18539799999999,0.469176816652545,0,1156.55,5,COPDEM30,19.58950760
RGI2000-v7.0-G-03-00433,03,03-01,G279071E81189N,1999-07-24T00:00:00,-80.93772481822944,81.188009,2.787742755334794,0,997.84644,8,COPDEM30,33.37514877
RGI2000-v7.0-G-03-00434,03,03-01,G279213E81179N,1999-07-24T00:00:00,-80.78552176357564,81.1800505,0.126652498609243,0,951.7748,8,COPDEM30,14.98235785
RGI2000-v7.0-G-03-00435,03,03-01,G279039E81132N,1999-07-24T00:00:00,-80.7954448103562,81.165819,7.574607710278793,0,1021.1696,8,COPDEM30,48.53080730
RGI2000-v7.0-G-03-00436,03,03-01,G279038E81132N,1999-07-24T00:00:00,-80.9230443001006,81.142782,27.51648113877716,0,1032.7928,1,COPDEM90,83.43861589
RGI2000-v7.0-G-03-00437,03,03-01,G279645E81130N,1999-07-24T00:00:00,-80.73118925856598,81.1089415,139.52364177743883,0,1065.0663,5,COPDEM90,100.00000000
RGI2000-v7.0-G-03-00438,03,03-01,G279376E81026N,1999-07-24T00:00:00,-80.77216147385928,81.0570895,43.730191853811526,0,984.2258,3,COPDEM90,100.00000000
RGI2000-v7.0-G-03-00439,03,03-01,G278539E81053N,1999-07-24T00:00:00,-81.05790077484781,81.063883,50.72229930305677,0,1043.023,8,COPDEM90,100.00000000
RGI2000-v7.0-G-03-00440,03,03-01,G278709E81089N,1999-07-24T00:00:00,-81.29240471679097,81.089328,22.604779302095945,0,996.6526,7,COPDEM90,76.56227718
RGI2000-v7.0-G-03-00441,03,03-01,G278596E81125N,1999-07-24T00:00:00,-81.32929127984163,81.12020749999999,14.541515899191133,0,1094.3896,8,COPDEM90,63.38667546
RGI2000-v7.0-G-03-00442,03,03-01,G279039E81133N,1999-07-24T00:00:00,-81.23950431504322,81.1344385,18.29012799160998,0,891.9904,8,COPDEM90,69.87374288
RGI2000-v7.0-G-03-00443,03,03-01,G278638E81169N,1999-07-24T00:00:00,-81.37400904812802,81.16887249999999,1.016433712427734,0,1006.2136,8,COPDEM30,24.11456721
RGI2000-v7.0-G-03-00444,03,03-01,G278691E81176N,1999-07-24T00:00:00,-81.32550713364033,81.17425449999999,1.319731875532842,0,950.0928,1,COPDEM30,26.08314172
RGI2000-v7.0-G-03-00445,03,03-01,G278779E81175N,1999-07-24T00:00:00,-81.22060320817491,81.1753325,0.381052273763831,0,893.5261,8,COPDEM30,18.64212044
RGI2000-v7.0-G-03-00446,03,03-01,G278894E81184N,1999-07-24T00:00:00,-81.1048447900815,81.1827315,3.646282182018187,0,950.5493,2,COPDEM30,36.73333701
RGI2000-v7.0-G-03-00447,03,03-01,G278691E81325N,1999-07-24T00:00:00,-80.89037093435476,81.243298,1.722209243735334,0,1003.9397,6,COPDEM30,28.37261581
RGI2000-v7.0-G-03-00448,03,03-01,G279063E81248N,1999-07-24T00:00:00,-80.93695120749132,81.247983,0.866890344659201,0,922.9306,8,COPDEM30,23.03497248
RGI2000-v7.0-G-03-00449,03,03-01,G279088E81252N,1999-07-24T00:00:00,-80.9119896051968,81.2522145,0.095068627369003,0,1045.2229,8,COPDEM30,14.31664812
RGI2000-v7.0-G-03-00450,03,03-01,G279193E81248N,1999-07-24T00:00:00,-80.80959240813249,81.24703249999999,0.821277293137631,0,1012.8323,4,COPDEM30,22.68740909
RGI2000-v7.0-G-03-00451,03,03-01,G279282E81262N,1999-07-24T00:00:00,-80.71826934826453,81.26147449999999,2.608464994503936,0,972.4256,3,COPDEM30,32.61104020
RGI2000-v7.0-G-03-00452,03,03-01,G279304E81274N,1999-07-24T00:00:00,-80.70027473640887,81.271308,0.636134227323919,0,1044.1698,4,COPDEM30,21.16612326
RGI2000-v7.0-G-03-00453,03,03-01,G279328E81276N,1999-07-24T00:00:00,-80.67166640643714,81.2761835,0.154462264849177,0,1027.7977,4,COPDEM30,15.50223626
RGI2000-v7.0-G-03-00454,03,03-01,G279392E81305N,1999-07-24T00:00:00,-80.63218960742444,81.28648799999999,11.797808269271638,0,1022.40826,4,COPDEM30,58.08711283
RGI2000-v7.0-G-03-00455,03,03-01,G279581E81319N,1999-07-24T00:00:00,-80.30620765488523,81.30642399999999,34.64136002349942,0,1168.1154,4,COPDEM90,92.39967576
RGI2000-v7.0-G-03-00456,03,03-01,G279782E81309N,1999-07-24T00:00:00,-80.23503693279787,81.30892449999999,0.628389439965955,0,1171.1624,3,COPDEM30,21.09794261
RGI2000-v7.0-G-03-00457,03,03-01,G279726E81318N,1999-07-24T00:00:00,-80.27421503137931,81.3184315,2.290629239481035,0,1001.51733,2,COPDEM30,31.18875482
RGI2000-v7.0-G-03-00458,03,03-01,G279679E81329N,1999-07-24T00:00:00,-80.32106571085166,81.3291,0.076835789119434,0,1450.9067,5,COPDEM30,13.88069770
RGI2000-v7.0-G-03-00459,03,03-01,G279634E81354N,1999-07-24T00:00:00,-80.36575829230182,81.35379599999999,0.240475043870209,0,1421.4547,2,COPDEM30,16.86535568
RGI2000-v7.0-G-03-00460,03,03-01,G279624E81357N,1999-07-24T00:00:00,-80.37647513335942,81.356684,0.198649720245331,0,1514.2708,1,COPDEM30,16.23981932
RGI2000-v7.0-G-03-00461,03,03-01,G280019E81347N,1999-07-24T00:00:00,-79.98081411454545,81.346964,7.32987027204948,0,1099.2656,5,COPDEM30,47.90322642
RGI2000-v7.0-G-03-00462,03,03-01,G280187E81438N,1999-07-24T00:00:00,-79.74891255669606,81.3699,517.2588316927049,0,1429.7778,4,COPDEM90,100.00000000
RGI2000-v7.0-G-03-00463,03,03-01,G279753E81291N,1999-07-24T00:00:00,-80.24670188207632,81.29109299999999,0.317956445810489,0,848.08026,2,COPDEM30,17.89426775
RGI2000-v7.0-G-03-00464,03,03-01,G279723E81286N,1999-07-24T00:00:00,-80.27701372569115,81.28625199999999,0.444065324522662,0,950.7988,8,COPDEM30,19.32935172
RGI2000-v7.0-G-03-00465,03,03-01,G278691E81248N,1999-07-24T00:00:00,-81.3087512149681,81.2476035,1.815218871108974,0,1155.5933,4,COPDEM30,28.86220821
RGI2000-v7.0-G-03-00466,03,03-01,G278608E81242N,1999-07-24T00:00:00,-81.39156453553088,81.2420775,3.119037008419848,0,1203.4917,4,COPDEM30,34.72511382
RGI2000-v7.0-G-03-00467,03,03-01,G278465E81233N,1999-07-24T00:00:00,-81.53456141253466,81.2326425,0.657645998919851,0,1159.5729,6,COPDEM30,21.35335262
RGI2000-v7.0-G-03-00468,03,03-01,G278318E81248N,1999-07-24T00:00:00,-81.6815771430579,81.2476905,0.121215074657467,0,1020.2359,8,COPDEM30,14.87423375
RGI2000-v7.0-G-03-00469,03,03-01,G278330E81263N,1999-07-24T00:00:00,-81.67002298513839,81.263027,0.036756948072977,0,1014.4101,7,COPDEM30,12.68409423
RGI2000-v7.0-G-03-00470,03,03-01,G278329E81268N,1999-07-24T00:00:00,-81.67056021743048,81.268054,0.125690902489389,0,1028.0764,7,COPDEM30,14.96340779
RGI2000-v7.0-G-03-00471,03,03-01,G278358E81277N,1999-07-24T00:00:00,-81.6419868441626,81.27707649999999,0.175828060425102,0,1125.9927,7,COPDEM30,15.87045993
RGI2000-v7.0-G-03-00472,03,03-01,G278138E81233N,1999-07-24T00:00:00,-81.86241835114505,81.2333715,0.041233280340802,0,1013.5609,1,COPDEM30,12.84283713
RGI2000-v7.0-G-03-00473,03,03-01,G278124E81232N,1999-07-24T00:00:00,-81.87618005248092,81.23199149999999,0.195379832434479,0,994.9881,8,COPDEM30,16.18825073
RGI2000-v7.0-G-03-00474,03,03-01,G278026E81223N,1999-07-24T00:00:00,-81.9744016018883,81.2227895,0.067763899405867,0,1052.0629,2,COPDEM30,13.64441000
RGI2000-v7.0-G-03-00475,03,03-01,G278057E81214N,1999-07-24T00:00:00,-81.94334402812504,81.2137525,0.062852550753685,0,1086.9346,1,COPDEM30,13.50985754
RGI2000-v7.0-G-03-00476,03,03-01,G278090E81215N,1999-07-24T00:00:00,-81.90972622906978,81.21497600000001,0.087878070765623,0,915.2924,1,COPDEM30,14.15019299
RGI2000-v7.0-G-03-00477,03,03-01,G277873E81223N,1999-07-24T00:00:00,-82.13118335424447,81.222069,0.627019746756214,0,966.4951,7,COPDEM30,21.08584099
RGI2000-v7.0-G-03-00478,03,03-01,G277851E81235N,1999-07-24T00:00:00,-82.14939041631213,81.234755,0.220750292332615,0,1056.8513,8,COPDEM30,16.57776993
RGI2000-v7.0-G-03-00479,03,03-01,G277821E81272N,1999-07-24T00:00:00,-82.22626410004563,81.2548555,50.1268611109163,0,1243.136,5,COPDEM90,100.00000000
RGI2000-v7.0-G-03-00480,03,03-01,G277691E81250N,1999-07-24T00:00:00,-82.3090777564935,81.25002699999999,0.064857066394732,0,1095.3209,8,COPDEM30,13.56538708
RGI2000-v7.0-G-03-00481,03,03-01,G277683E81246N,1999-07-24T00:00:00,-82.31706029245981,81.245787,0.085541738608917,0,1077.8218,8,COPDEM30,14.09465270
RGI2000-v7.0-G-03-00482,03,03-01,G277684E81254N,1999-07-24T00:00:00,-82.3160032742832,81.254423,0.218770270342494,0,1039.8018,7,COPDEM30,16.54820380
RGI2000-v7.0-G-03-00483,03,03-01,G277676E81235N,1999-07-24T00:00:00,-82.32383790654373,81.234809,0.260618580380444,0,982.9076,3,COPDEM30,17.14711423
RGI2000-v7.0-G-03-00484,03,03-01,G277669E81236N,1999-07-24T00:00:00,-82.34553307023256,81.2346585,0.31728072253555,0,977.50793,8,COPDEM30,17.88587482
RGI2000-v7.0-G-03-00485,03,03-01,G277472E81217N,1999-07-24T00:00:00,-82.52787656434774,81.2173,0.067695435345386,0,1059.1344,1,COPDEM30,13.64256851
RGI2000-v7.0-G-03-00486,03,03-01,G277324E81193N,1999-07-24T00:00:00,-82.68300838273296,81.194615,0.390352063793274,0,976.26855,2,COPDEM30,18.74694258
RGI2000-v7.0-G-03-00487,03,03-01,G277277E81197N,1999-07-24T00:00:00,-82.74475770901645,81.2004475,1.266315868663432,0,970.3252,2,COPDEM30,25.75429815
RGI2000-v7.0-G-03-00488,03,03-01,G277204E81201N,1999-07-24T00:00:00,-82.79668418004171,81.196446,0.799593425019094,0,952.0228,7,COPDEM30,22.51879832
RGI2000-v7.0-G-03-00489,03,03-01,G277158E81197N,1999-07-24T00:00:00,-82.84173437195116,81.196503,0.080136187639854,0,933.9655,3,COPDEM30,13.96316701
RGI2000-v7.0-G-03-00490,03,03-01,G277107E81211N,1999-07-24T00:00:00,-82.85325798533833,81.2059265,3.24067684255415,0,905.4259,6,COPDEM30,35.20263203
RGI2000-v7.0-G-03-00491,03,03-01,G276929E81183N,1999-07-24T00:00:00,-83.06930350260416,81.184101,0.73548974519011,0,882.0676,2,COPDEM30,22.00649783
RGI2000-v7.0-G-03-00492,03,03-01,G276928E81179N,1999-07-24T00:00:00,-83.07219516370233,81.17924199999999,0.362988544794493,0,959.9482,7,COPDEM30,18.43479429
RGI2000-v7.0-G-03-00493,03,03-01,G276895E81186N,1999-07-24T00:00:00,-83.1054515861683,81.18632249999999,0.153940753405036,0,921.5646,6,COPDEM30,15.49293980
RGI2000-v7.0-G-03-00494,03,03-01,G276846E81182N,1999-07-24T00:00:00,-83.15676399991214,81.18163150000001,0.304945755705634,0,839.9952,8,COPDEM30,17.73106513
RGI2000-v7.0-G-03-00495,03,03-01,G276809E81175N,1999-07-24T00:00:00,-83.19565840513627,81.17496249999999,0.538564628870352,0,893.63257,1,COPDEM30,20.27417477
RGI2000-v7.0-G-03-00496,03,03-01,G276820E81190N,1999-07-24T00:00:00,-83.19649810227271,81.190879,0.29032915763562,0,942.7563,1,COPDEM30,17.54350813
RGI2000-v7.0-G-03-00497,03,03-01,G276772E81236N,1999-07-24T00:00:00,-83.19687616471731,81.212264,105.20590289927772,0,1093.6722,5,COPDEM90,100.00000000
RGI2000-v7.0-G-03-00498,03,03-01,G276681E81215N,1999-07-24T00:00:00,-83.31939585843749,81.21487450000001,1.092844710026158,0,989.7697,5,COPDEM30,24.63548985
RGI2000-v7.0-G-03-00499,03,03-01,G276907E81241N,1999-07-24T00:00:00,-83.09286950492557,81.2413435,0.653536172697658,0,961.5551,4,COPDEM30,21.31782178
RGI2000-v7.0-G-03-00500,03,03-01,G277450E81275N,1999-07-24T00:00:00,-82.71966698980052,81.2536365,87.57639431175124,0,1223.773,4,COPDEM90,100.00000000
RGI2000-v7.0-G-03-00501,03,03-01,G278690E81324N,1999-07-24T00:00:00,-82.02997685941656,81.2911395,417.66641180063266,0,1203.9806,5,COPDEM90,100.00000000
RGI2000-v7.0-G-03-00502,03,03-01,G277055E81416N,1999-07-24T00:00:00,-81.88186736212093,81.419259,1206.7471108218595,0,1249.883,7,COPDEM90,100.00000000
RGI2000-v7.0-G-03-00503,03,03-01,G276123E81463N,1999-07-24T00:00:00,-83.42858247501854,81.47858049999999,142.40828688112595,0,1121.7468,6,COPDEM90,100.00000000
RGI2000-v7.0-G-03-00504,03,03-01,G276281E81427N,1999-07-24T00:00:00,-83.71918418106225,81.4270015,3.17598430356075,0,983.63635,8,COPDEM30,34.94980809
RGI2000-v7.0-G-03-00505,03,03-01,G275889E81435N,1999-07-24T00:00:00,-84.11205851466076,81.43390600000001,0.630427107446466,0,896.9752,2,COPDEM30,21.11592160
RGI2000-v7.0-G-03-00506,03,03-01,G275837E81454N,1999-07-24T00:00:00,-84.15123483164504,81.446016,10.564946317569065,0,943.8979,7,COPDEM30,55.50526869
RGI2000-v7.0-G-03-00507,03,03-01,G275809E81457N,1999-07-24T00:00:00,-84.19092502934029,81.4566635,1.042795800580481,0,958.38727,4,COPDEM30,24.29643231
RGI2000-v7.0-G-03-00508,03,03-01,G275708E81467N,1999-07-24T00:00:00,-84.22679313249157,81.4685365,9.021517719263931,0,942.3742,7,COPDEM30,52.05017804
RGI2000-v7.0-G-03-00509,03,03-01,G275691E81482N,1999-07-24T00:00:00,-84.30945525913623,81.4824345,0.085913752413281,0,881.7528,8,COPDEM30,14.10354669
RGI2000-v7.0-G-03-00510,03,03-01,G275694E81489N,1999-07-24T00:00:00,-84.17611365859666,81.4920545,22.997044442918355,0,957.331,8,COPDEM90,77.13732725
RGI2000-v7.0-G-03-00511,03,03-01,G275809E81565N,1999-07-24T00:00:00,-84.18709229491833,81.535342,1.735886405034949,0,944.30963,6,COPDEM30,28.44542587
RGI2000-v7.0-G-03-00512,03,03-01,G276157E81537N,1999-07-24T00:00:00,-83.84465268000223,81.5370125,69.5798681063667,0,1130.599,7,COPDEM90,100.00000000
RGI2000-v7.0-G-03-00513,03,03-01,G275808E81564N,1999-07-24T00:00:00,-84.00740166696595,81.593678,99.959668777421,0,953.6715,1,COPDEM90,100.00000000
RGI2000-v7.0-G-03-00514,03,03-01,G275449E81539N,1999-07-24T00:00:00,-84.50666127590623,81.56242499999999,12.661818390954503,0,968.141,5,COPDEM30,59.81682853
RGI2000-v7.0-G-03-00515,03,03-01,G275415E81572N,1999-07-24T00:00:00,-84.58881308893089,81.55416299999999,2.926054648259034,0,941.44885,5,COPDEM30,33.94800015
RGI2000-v7.0-G-03-00516,03,03-01,G275256E81559N,1999-07-24T00:00:00,-84.69651787988818,81.556174,15.872225969714655,0,942.8976,5,COPDEM90,65.77594724
RGI2000-v7.0-G-03-00517,03,03-01,G275088E81599N,1999-07-24T00:00:00,-84.8237743657882,81.5976785,69.73379029717935,0,996.7813,6,COPDEM90,100.00000000
RGI2000-v7.0-G-03-00518,03,03-01,G275089E81600N,1999-07-24T00:00:00,-85.12572423699321,81.59949,0.399018343762355,0,884.7708,6,COPDEM30,18.84350583
RGI2000-v7.0-G-03-00519,03,03-01,G274871E81606N,1999-07-24T00:00:00,-85.13088411221008,81.605894,0.997651333772593,0,976.8421,5,COPDEM30,23.98354967
RGI2000-v7.0-G-03-00520,03,03-01,G274724E81603N,1999-07-24T00:00:00,-85.27634903531188,81.602879,0.47616092531158,0,1101.0205,4,COPDEM30,19.66061806
RGI2000-v7.0-G-03-00521,03,03-01,G274750E81593N,1999-07-24T00:00:00,-85.25021895074804,81.5933445,0.043031175669467,0,768.4884,2,COPDEM30,12.90415400
RGI2000-v7.0-G-03-00522,03,03-01,G274742E81593N,1999-07-24T00:00:00,-85.25829154161735,81.592801,0.046371171946223,0,763.0109,7,COPDEM30,13.01475533
RGI2000-v7.0-G-03-00523,03,03-01,G274611E81604N,1999-07-24T00:00:00,-85.3568583764269,81.604076,6.790144548048932,0,1020.4348,7,COPDEM30,46.48106812
RGI2000-v7.0-G-03-00524,03,03-01,G274506E81621N,1999-07-24T00:00:00,-85.4970634717275,81.62445199999999,2.200399319913371,0,957.26855,7,COPDEM30,30.76724023
RGI2000-v7.0-G-03-00525,03,03-01,G274355E81632N,1999-07-24T00:00:00,-85.6217960467688,81.6332465,4.241201413949311,0,819.672,8,COPDEM30,38.83184831
RGI2000-v7.0-G-03-00526,03,03-01,G274119E81601N,1999-07-24T00:00:00,-85.7880663427527,81.59917150000001,1.44084860839626,0,930.9752,2,COPDEM30,26.80494949
RGI2000-v7.0-G-03-00527,03,03-01,G274307E81593N,1999-07-24T00:00:00,-85.72787908730157,81.5934895,4.159379863799137,0,912.1997,1,COPDEM30,38.55238087
RGI2000-v7.0-G-03-00528,03,03-01,G274103E81580N,1999-07-24T00:00:00,-85.67938413103101,81.57823400000001,0.193618879331145,0,1094.2498,6,COPDEM30,16.16030035
RGI2000-v7.0-G-03-00529,03,03-01,G274374E81579N,1999-07-24T00:00:00,-85.62994093522944,81.57980549999999,0.806411542835937,0,994.81213,3,COPDEM30,22.57205880
RGI2000-v7.0-G-03-00530,03,03-01,G274432E81560N,1999-07-24T00:00:00,-85.5682350142663,81.5601115,0.202707213981481,0,804.16406,1,COPDEM30,16.30322250
RGI2000-v7.0-G-03-00531,03,03-01,G274468E81561N,1999-07-24T00:00:00,-85.5340149198594,81.5595275,1.034306697346792,0,810.7577,1,COPDEM30,24.23812181
RGI2000-v7.0-G-03-00532,03,03-01,G274503E81559N,1999-07-24T00:00:00,-85.49880849137529,81.559164,0.730475263346315,0,802.8437,1,COPDEM30,21.96549839
RGI2000-v7.0-G-03-00533,03,03-01,G274533E81553N,1999-07-24T00:00:00,-85.47034738298007,81.552577,0.615460540320355,0,884.98956,2,COPDEM30,20.98318105
RGI2000-v7.0-G-03-00534,03,03-01,G274492E81548N,1999-07-24T00:00:00,-85.51243133083273,81.5456085,0.417925267214078,0,1016.6599,5,COPDEM30,19.05059956
RGI2000-v7.0-G-03-00535,03,03-01,G274374E81556N,1999-07-24T00:00:00,-85.59879210584148,81.55467,2.239880425337707,0,806.5469,8,COPDEM30,30.95272210
RGI2000-v7.0-G-03-00536,03,03-01,G274360E81553N,1999-07-24T00:00:00,-85.64185022130607,81.553102,0.249201683395941,0,762.94403,8,COPDEM30,16.98881463
RGI2000-v7.0-G-03-00537,03,03-01,G274349E81544N,1999-07-24T00:00:00,-85.64504893479801,81.54424,0.885184294301212,0,794.4013,8,COPDEM30,23.17179265
RGI2000-v7.0-G-03-00538,03,03-01,G274151E81530N,1999-07-24T00:00:00,-85.85172123236674,81.5310905,0.777780574192406,0,841.32764,2,COPDEM30,22.34686165
RGI2000-v7.0-G-03-00539,03,03-01,G274139E81527N,1999-07-24T00:00:00,-85.86077584901646,81.5266395,0.119986196295302,0,909.5143,7,COPDEM30,14.84946332
RGI2000-v7.0-G-03-00540,03,03-01,G274115E81532N,1999-07-24T00:00:00,-85.88514329924725,81.53163699999999,0.084656161451704,0,924.33105,6,COPDEM30,14.07340247
RGI2000-v7.0-G-03-00541,03,03-01,G274103E81534N,1999-07-24T00:00:00,-85.89651615648856,81.53448800000001,0.011188202978533,0,877.0225,8,COPDEM30,11.48084023
RGI2000-v7.0-G-03-00542,03,03-01,G274071E81538N,1999-07-24T00:00:00,-85.92902770213311,81.538453,0.037984169322605,0,785.17224,8,COPDEM30,12.72853389
RGI2000-v7.0-G-03-00543,03,03-01,G273977E81528N,1999-07-24T00:00:00,-86.02250339761672,81.52830449999999,0.083839132728775,0,702.01953,1,COPDEM30,14.05369831
RGI2000-v7.0-G-03-00544,03,03-01,G274016E81520N,1999-07-24T00:00:00,-85.98403327644681,81.5202425,0.117352694108053,0,751.64154,1,COPDEM30,14.79594913
RGI2000-v7.0-G-03-00545,03,03-01,G273834E81539N,1999-07-24T00:00:00,-86.15081105589184,81.53821500000001,0.350641489123697,0,784.3904,3,COPDEM30,18.29009842
RGI2000-v7.0-G-03-00546,03,03-01,G273814E81540N,1999-07-24T00:00:00,-86.18637382892805,81.53960000000001,0.205037688357119,0,835.6492,7,COPDEM30,16.33935225
RGI2000-v7.0-G-03-00547,03,03-01,G273787E81544N,1999-07-24T00:00:00,-86.23896757782421,81.54641749999999,1.297771611524194,0,795.85956,7,COPDEM30,25.94876910
RGI2000-v7.0-G-03-00548,03,03-01,G273799E81553N,1999-07-24T00:00:00,-86.2188811619256,81.5558375,0.356118180031215,0,753.6835,8,COPDEM30,18.35458935
RGI2000-v7.0-G-03-00549,03,03-01,G273859E81549N,1999-07-24T00:00:00,-86.15318341358619,81.549297,1.125857588092789,0,738.1726,2,COPDEM30,24.85490112
RGI2000-v7.0-G-03-00550,03,03-01,G273671E81542N,1999-07-24T00:00:00,-86.32997523076924,81.543155,0.494904270283863,0,724.6039,2,COPDEM30,19.84892060
RGI2000-v7.0-G-03-00551,03,03-01,G273654E81532N,1999-07-24T00:00:00,-86.33525292225062,81.531463,3.085648956860458,0,634.0023,1,COPDEM30,34.59242151
RGI2000-v7.0-G-03-00552,03,03-01,G273592E81526N,1999-07-24T00:00:00,-86.41250898786595,81.5252165,0.510954223694302,0,806.2374,7,COPDEM30,20.00734869
RGI2000-v7.0-G-03-00553,03,03-01,G273750E81524N,1999-07-24T00:00:00,-86.25230685123233,81.526857,0.955150526824763,0,750.04956,2,COPDEM30,23.68245238
RGI2000-v7.0-G-03-00554,03,03-01,G273737E81516N,1999-07-24T00:00:00,-86.26320891406252,81.51559,0.207652231468695,0,743.5132,2,COPDEM30,16.37964242
RGI2000-v7.0-G-03-00555,03,03-01,G273605E81551N,1999-07-24T00:00:00,-86.39489554942102,81.5508025,0.098294871794022,0,551.5601,3,COPDEM30,14.38928182
RGI2000-v7.0-G-03-00556,03,03-01,G273563E81549N,1999-07-24T00:00:00,-86.43665381410256,81.548868,0.220000624026289,0,733.44214,2,COPDEM30,16.56659138
RGI2000-v7.0-G-03-00557,03,03-01,G273528E81551N,1999-07-24T00:00:00,-86.47381946250582,81.55217,1.518108945888458,0,697.15424,8,COPDEM30,27.24961893
RGI2000-v7.0-G-03-00558,03,03-01,G273473E81552N,1999-07-24T00:00:00,-86.52701660479741,81.55164500000001,0.414862242772756,0,718.07825,1,COPDEM30,19.01737210
RGI2000-v7.0-G-03-00559,03,03-01,G273442E81549N,1999-07-24T00:00:00,-86.55774875016235,81.54849999999999,0.346152166844721,0,762.8509,1,COPDEM30,18.23685770
RGI2000-v7.0-G-03-00560,03,03-01,G273157E81566N,1999-07-24T00:00:00,-86.85021886145512,81.567672,1.663339403591684,0,704.1243,1,COPDEM30,28.05587226
RGI2000-v7.0-G-03-00561,03,03-01,G273035E81574N,1999-07-24T00:00:00,-86.9652353809524,81.57416599999999,0.266960688592835,0,729.77094,7,COPDEM30,17.23355341
RGI2000-v7.0-G-03-00562,03,03-01,G273009E81582N,1999-07-24T00:00:00,-86.98305326600362,81.580584,0.99183614557044,0,658.4983,1,COPDEM30,23.94273591
RGI2000-v7.0-G-03-00563,03,03-01,G272995E81565N,1999-07-24T00:00:00,-87.0044375132626,81.565755,0.090332540119878,0,706.614,8,COPDEM30,14.20775212
RGI2000-v7.0-G-03-00564,03,03-01,G272823E81608N,1999-07-24T00:00:00,-87.17687685896794,81.6078685,0.059432565276131,0,674.88477,7,COPDEM30,13.41303132
RGI2000-v7.0-G-03-00565,03,03-01,G272823E81618N,1999-07-24T00:00:00,-87.17964824385297,81.618316,0.40788167933111,0,597.0629,8,COPDEM30,18.94118612
RGI2000-v7.0-G-03-00566,03,03-01,G272861E81619N,1999-07-24T00:00:00,-87.13853745682067,81.6186815,0.051005782181447,0,781.813,7,COPDEM30,13.16182436
RGI2000-v7.0-G-03-00567,03,03-01,G272917E81626N,1999-07-24T00:00:00,-87.08699750027124,81.62589650000001,1.083084566888518,0,638.02026,1,COPDEM30,24.56998885
RGI2000-v7.0-G-03-00568,03,03-01,G272814E81633N,1999-07-24T00:00:00,-87.19939343519471,81.632105,0.387631912010374,0,521.0523,8,COPDEM30,18.71641295
RGI2000-v7.0-G-03-00569,03,03-01,G272609E81619N,1999-07-24T00:00:00,-87.40172622884745,81.619448,0.608513912150777,0,600.4878,2,COPDEM30,20.92102224
RGI2000-v7.0-G-03-00570,03,03-01,G272573E81627N,1999-07-24T00:00:00,-87.42674526718346,81.627065,0.06268566989087,0,579.4354,2,COPDEM30,13.50519490
RGI2000-v7.0-G-03-00571,03,03-01,G272528E81631N,1999-07-24T00:00:00,-87.47966077399735,81.631359,0.389452348513913,0,598.59485,2,COPDEM30,18.73685643
RGI2000-v7.0-G-03-00572,03,03-01,G272487E81630N,1999-07-24T00:00:00,-87.51828544043983,81.6301775,0.177168107856694,0,665.30176,1,COPDEM30,15.89278789
RGI2000-v7.0-G-03-00573,03,03-01,G272325E81615N,1999-07-24T00:00:00,-87.68592467953431,81.6155305,1.264853788644843,0,610.8281,2,COPDEM30,25.74520062
RGI2000-v7.0-G-03-00574,03,03-01,G272585E81591N,1999-07-24T00:00:00,-87.41980899766591,81.5910695,1.321235987082247,0,544.9671,1,COPDEM30,26.09230417
RGI2000-v7.0-G-03-00575,03,03-01,G272547E81581N,1999-07-24T00:00:00,-87.45269001785695,81.580592,0.151672224443594,0,873.6524,8,COPDEM30,15.45231657
RGI2000-v7.0-G-03-00576,03,03-01,G272511E81576N,1999-07-24T00:00:00,-87.4892945259163,81.57585399999999,0.277732275597907,0,659.0735,8,COPDEM30,17.37804351
RGI2000-v7.0-G-03-00577,03,03-01,G272570E81571N,1999-07-24T00:00:00,-87.42983463207548,81.571197,0.046874550667417,0,730.49457,3,COPDEM30,13.03107439
RGI2000-v7.0-G-03-00578,03,03-01,G272726E81596N,1999-07-24T00:00:00,-87.27407267014515,81.5963035,0.0475424914506,0,574.2825,1,COPDEM30,13.05259370
RGI2000-v7.0-G-03-00579,03,03-01,G273283E81594N,1999-07-24T00:00:00,-86.71970992087715,81.5954225,0.448237561554885,0,649.9436,2,COPDEM30,19.37307645
RGI2000-v7.0-G-03-00580,03,03-01,G273606E81599N,1999-07-24T00:00:00,-86.39747007954901,81.59946550000001,0.474065589001854,0,679.30554,1,COPDEM30,19.63933895
RGI2000-v7.0-G-03-00581,03,03-01,G273640E81601N,1999-07-24T00:00:00,-86.35990740742793,81.60099,0.40481481687446,0,720.9588,1,COPDEM30,18.90750830
RGI2000-v7.0-G-03-00582,03,03-01,G273669E81605N,1999-07-24T00:00:00,-86.33088063412717,81.604502,0.364143692101256,0,647.1323,1,COPDEM30,18.44820476
RGI2000-v7.0-G-03-00583,03,03-01,G273717E81612N,1999-07-24T00:00:00,-86.28111257333333,81.6124815,2.042013202772178,0,793.16077,7,COPDEM30,30.00586383
RGI2000-v7.0-G-03-00584,03,03-01,G273857E81620N,1999-07-24T00:00:00,-86.18547761941409,81.607319,2.145080364416672,0,862.7012,4,COPDEM30,30.50453002
RGI2000-v7.0-G-03-00585,03,03-01,G273914E81593N,1999-07-24T00:00:00,-85.99449416547355,81.594476,18.773742423877042,0,797.22,6,COPDEM90,70.66014767
RGI2000-v7.0-G-03-00586,03,03-01,G274103E81579N,1999-07-24T00:00:00,-85.94069514711666,81.577889,1.142637311503831,0,880.7667,6,COPDEM30,24.96519004
RGI2000-v7.0-G-03-00587,03,03-01,G274102E81579N,1999-07-24T00:00:00,-85.8407404101796,81.5743965,2.302421608988462,0,989.41486,5,COPDEM30,31.24322563
RGI2000-v7.0-G-03-00588,03,03-01,G274120E81602N,1999-07-24T00:00:00,-85.94034284967674,81.6130155,5.699995959922132,0,778.92194,2,COPDEM30,43.42453004
RGI2000-v7.0-G-03-00589,03,03-01,G274505E81678N,1999-07-24T00:00:00,-85.49523293402777,81.6786585,1.372651269754616,0,932.88336,7,COPDEM30,26.40242814
RGI2000-v7.0-G-03-00590,03,03-01,G274518E81689N,1999-07-24T00:00:00,-85.49504175970014,81.689709,1.613551025455248,0,859.76483,7,COPDEM30,27.78358797
RGI2000-v7.0-G-03-00591,03,03-01,G274629E81648N,1999-07-24T00:00:00,-85.29969004012811,81.64095,54.24274859811838,0,985.4346,8,COPDEM90,100.00000000
RGI2000-v7.0-G-03-00592,03,03-01,G275000E81689N,1999-07-24T00:00:00,-85.07044973737243,81.6867885,100.9233351216344,0,961.46716,1,COPDEM90,100.00000000
RGI2000-v7.0-G-03-00593,03,03-01,G275533E81673N,1999-07-24T00:00:00,-84.4670164772087,81.673475,35.67581598741133,0,961.895,2,COPDEM90,93.62093000
RGI2000-v7.0-G-03-00594,03,03-01,G276420E81683N,1999-07-24T00:00:00,-83.57988838461539,81.683491,0.109290792781908,0,913.95776,8,COPDEM30,14.62828212
RGI2000-v7.0-G-03-00595,03,03-01,G275786E81837N,1999-07-24T00:00:00,-84.21369167090518,81.8374805,0.172297534325674,0,958.0577,2,COPDEM30,15.81122334
RGI2000-v7.0-G-03-00596,03,03-01,G275735E81837N,1999-07-24T00:00:00,-84.26972488232965,81.8378985,1.462397762780255,0,931.4802,1,COPDEM30,26.93014948
RGI2000-v7.0-G-03-00597,03,03-01,G276073E81872N,1999-07-24T00:00:00,-83.92743625257735,81.87247149999999,0.054743372296679,0,1007.915,7,COPDEM30,13.27562223
RGI2000-v7.0-G-03-00598,03,03-01,G276111E81878N,1999-07-24T00:00:00,-83.88817095424108,81.8802195,0.525453798230136,0,943.6416,1,COPDEM30,20.14834688
RGI2000-v7.0-G-03-00599,03,03-01,G276160E81874N,1999-07-24T00:00:00,-83.82759152504246,81.877811,0.999521337340634,0,927.3523,1,COPDEM30,23.99664896
RGI2000-v7.0-G-03-00600,03,03-01,G276248E81873N,1999-07-24T00:00:00,-83.76602399460735,81.8746055,0.492246526777172,0,1039.4669,1,COPDEM30,19.82243958
RGI2000-v7.0-G-03-00601,03,03-01,G276184E81868N,1999-07-24T00:00:00,-83.85647896313799,81.86488600000001,0.441646137009119,0,897.01355,7,COPDEM30,19.30390471
RGI2000-v7.0-G-03-00602,03,03-01,G276008E81889N,1999-07-24T00:00:00,-83.99219137364571,81.889403,0.053598976985463,0,935.7704,1,COPDEM30,13.24120340
RGI2000-v7.0-G-03-00603,03,03-01,G276127E81930N,1999-07-24T00:00:00,-83.87337145530148,81.93028,0.065699469289822,0,920.0895,8,COPDEM30,13.58846708
RGI2000-v7.0-G-03-00604,03,03-01,G276055E81942N,1999-07-24T00:00:00,-83.94537583637268,81.9424865,0.48034947731302,0,945.6849,6,COPDEM30,19.70301487
RGI2000-v7.0-G-03-00605,03,03-01,G275985E81938N,1999-07-24T00:00:00,-84.01542153885617,81.938339,0.070173710277864,0,813.5583,7,COPDEM30,13.70864493
RGI2000-v7.0-G-03-00606,03,03-01,G275959E81946N,1999-07-24T00:00:00,-84.04050632777982,81.9464635,0.177109196082213,0,680.3921,1,COPDEM30,15.89180808
RGI2000-v7.0-G-03-00607,03,03-01,G275896E81950N,1999-07-24T00:00:00,-84.10429080364176,81.9496815,0.106451319526228,0,681.49176,1,COPDEM30,14.56776298
RGI2000-v7.0-G-03-00608,03,03-01,G276016E81952N,1999-07-24T00:00:00,-83.93899032676825,81.956198,1.912827287448449,0,756.57495,1,COPDEM30,29.36269992
RGI2000-v7.0-G-03-00609,03,03-01,G276090E81942N,1999-07-24T00:00:00,-83.88311506699844,81.9514235,1.8528990941593,0,855.0861,2,COPDEM30,29.05697307
RGI2000-v7.0-G-03-00610,03,03-01,G276315E81947N,1999-07-24T00:00:00,-83.69981741401429,81.950575,3.366771712982571,0,950.2983,8,COPDEM30,35.68827078
RGI2000-v7.0-G-03-00611,03,03-01,G276400E81966N,1999-07-24T00:00:00,-83.60043648322343,81.9660975,9.05062232363558,0,826.30475,8,COPDEM30,52.11795312
RGI2000-v7.0-G-03-00612,03,03-01,G276429E81981N,1999-07-24T00:00:00,-83.57134413731016,81.9812575,1.163144002122938,0,722.1063,1,COPDEM30,25.09888156
RGI2000-v7.0-G-03-00613,03,03-01,G276514E81975N,1999-07-24T00:00:00,-83.42173407372462,81.9834835,19.72413968568476,0,790.4905,1,COPDEM90,72.17661440
RGI2000-v7.0-G-03-00614,03,03-01,G276861E81954N,1999-07-24T00:00:00,-83.26238272797991,81.9809735,12.966387650147437,0,887.9219,1,COPDEM30,60.41241890
RGI2000-v7.0-G-03-00615,03,03-01,G276867E81975N,1999-07-24T00:00:00,-83.13580917007891,81.975329,0.426972172976284,0,967.21985,2,COPDEM30,19.14803508
RGI2000-v7.0-G-03-00616,03,03-01,G276945E81964N,1999-07-24T00:00:00,-83.09225275044156,81.9650485,1.482930084202386,0,916.5679,2,COPDEM30,27.04858635
RGI2000-v7.0-G-03-00617,03,03-01,G276938E81955N,1999-07-24T00:00:00,-83.06155527283028,81.95491100000001,0.475502934221665,0,1043.7092,2,COPDEM30,19.65394091
RGI2000-v7.0-G-03-00618,03,03-01,G276982E81951N,1999-07-24T00:00:00,-83.04012430406851,81.9503215,1.051529623805114,0,1052.7853,2,COPDEM30,24.35617659
RGI2000-v7.0-G-03-00619,03,03-01,G276939E81940N,1999-07-24T00:00:00,-83.06093053770398,81.939675,0.0105699251357,0,1324.0012,5,COPDEM30,11.43934198
RGI2000-v7.0-G-03-00620,03,03-01,G277002E81934N,1999-07-24T00:00:00,-83.0070283841282,81.9324805,3.87295469826681,0,973.3145,3,COPDEM30,37.55175350
RGI2000-v7.0-G-03-00621,03,03-01,G276835E81932N,1999-07-24T00:00:00,-83.15172085856076,81.930264,0.380389580764394,0,1166.4807,4,COPDEM30,18.63460236
RGI2000-v7.0-G-03-00622,03,03-01,G276629E81934N,1999-07-24T00:00:00,-83.50505571892512,81.9233055,19.400347943281105,0,926.19763,7,COPDEM90,71.66415650
RGI2000-v7.0-G-03-00623,03,03-01,G276628E81933N,1999-07-24T00:00:00,-83.54375247880435,81.9195905,0.935583735320934,0,999.91486,7,COPDEM30,23.54158086
RGI2000-v7.0-G-03-00624,03,03-01,G276324E81914N,1999-07-24T00:00:00,-83.67589018966069,81.913575,0.071616534488711,0,958.19354,8,COPDEM30,13.74657721
RGI2000-v7.0-G-03-00625,03,03-01,G275711E81938N,1999-07-24T00:00:00,-84.28847132315073,81.9378065,0.419057671183456,0,917.5735,1,COPDEM30,19.06285295
RGI2000-v7.0-G-03-00626,03,03-01,G275635E81939N,1999-07-24T00:00:00,-84.34661330143268,81.9401195,3.46792525066229,0,771.7643,1,COPDEM30,36.07131276
RGI2000-v7.0-G-03-00627,03,03-01,G275529E81940N,1999-07-24T00:00:00,-84.47817610590721,81.939865,2.60006860573908,0,799.42944,1,COPDEM30,32.57461953
RGI2000-v7.0-G-03-00628,03,03-01,G275520E81924N,1999-07-24T00:00:00,-84.47996040771397,81.9242755,0.127238214596923,0,965.3835,6,COPDEM30,14.99386524
RGI2000-v7.0-G-03-00629,03,03-01,G274953E81896N,1999-07-24T00:00:00,-85.04678597205992,81.8964385,0.19153894296921,0,737.19727,3,COPDEM30,16.12712272
RGI2000-v7.0-G-03-00630,03,03-01,G274843E81895N,1999-07-24T00:00:00,-85.16462022302157,81.895171,0.663494365129271,0,716.97894,2,COPDEM30,21.40372288
RGI2000-v7.0-G-03-00631,03,03-01,G274840E81910N,1999-07-24T00:00:00,-85.20736627684562,81.907805,0.93533786764137,0,951.19006,5,COPDEM30,23.53980140
RGI2000-v7.0-G-03-00632,03,03-01,G274839E81909N,1999-07-24T00:00:00,-85.14621015,81.9105235,0.985499705976534,0,913.5079,4,COPDEM30,23.89812730
RGI2000-v7.0-G-03-00633,03,03-01,G274847E81928N,1999-07-24T00:00:00,-85.1670866559829,81.927378,5.830801721032603,0,805.3511,1,COPDEM30,43.80587430
RGI2000-v7.0-G-03-00634,03,03-01,G274824E81940N,1999-07-24T00:00:00,-85.17624785379647,81.9396705,0.375419183405379,0,687.5969,3,COPDEM30,18.57800443
RGI2000-v7.0-G-03-00635,03,03-01,G274703E81931N,1999-07-24T00:00:00,-85.29050072816594,81.9351825,7.122078991706219,0,706.0511,1,COPDEM30,47.36211293
RGI2000-v7.0-G-03-00636,03,03-01,G274649E81918N,1999-07-24T00:00:00,-85.34558673765275,81.916627,1.011484570259368,0,934.8047,4,COPDEM30,24.08016249
RGI2000-v7.0-G-03-00637,03,03-01,G274620E81919N,1999-07-24T00:00:00,-85.3803884799942,81.9185405,0.682641675270105,0,915.8407,7,COPDEM30,21.56709853
RGI2000-v7.0-G-03-00638,03,03-01,G274716E81915N,1999-07-24T00:00:00,-85.27332237888683,81.91366500000001,1.092673345579301,0,936.4214,7,COPDEM30,24.63434234
RGI2000-v7.0-G-03-00639,03,03-01,G274482E81873N,1999-07-24T00:00:00,-85.51844825675545,81.8734255,0.878591079925264,0,947.34564,2,COPDEM30,23.12264652
RGI2000-v7.0-G-03-00640,03,03-01,G274395E81873N,1999-07-24T00:00:00,-85.54789828192796,81.8723805,0.863691166270834,0,1058.0564,5,COPDEM30,23.01089807
RGI2000-v7.0-G-03-00641,03,03-01,G274355E81889N,1999-07-24T00:00:00,-85.6410742652683,81.889098,4.096846424882949,0,808.47644,1,COPDEM30,38.33693525
RGI2000-v7.0-G-03-00642,03,03-01,G274356E81890N,1999-07-24T00:00:00,-85.70438799051539,81.893744,1.112346544549434,0,701.24603,1,COPDEM30,24.76549771
RGI2000-v7.0-G-03-00643,03,03-01,G274183E81885N,1999-07-24T00:00:00,-85.83730000766212,81.8849115,12.387526806356847,0,726.4631,8,COPDEM30,59.27428593
RGI2000-v7.0-G-03-00644,03,03-01,G274261E81866N,1999-07-24T00:00:00,-85.77408104550656,81.8646295,0.80753325600567,0,905.99414,4,COPDEM30,22.58079958
RGI2000-v7.0-G-03-00645,03,03-01,G274289E81868N,1999-07-24T00:00:00,-85.71141090750322,81.8683025,1.241351821853389,0,866.0544,4,COPDEM30,25.59823570
RGI2000-v7.0-G-03-00646,03,03-01,G274159E81858N,1999-07-24T00:00:00,-85.84180664989472,81.8627295,2.594111630474096,0,925.4969,6,COPDEM30,32.54874452
RGI2000-v7.0-G-03-00647,03,03-01,G274187E81921N,1999-07-24T00:00:00,-85.82992705776974,81.9270805,1.456139062767142,0,729.1411,4,COPDEM30,26.89388222
RGI2000-v7.0-G-03-00648,03,03-01,G274207E81943N,1999-07-24T00:00:00,-85.79386165116341,81.94299749999999,0.796868256605252,0,734.3369,2,COPDEM30,22.49744687
RGI2000-v7.0-G-03-00649,03,03-01,G274092E81953N,1999-07-24T00:00:00,-85.88812534479443,81.9506325,5.335223158316621,0,745.62964,2,COPDEM30,42.33734279
RGI2000-v7.0-G-03-00650,03,03-01,G274039E81935N,1999-07-24T00:00:00,-85.95312397893903,81.9393935,2.438090706403313,0,792.98096,4,COPDEM30,31.86014132
RGI2000-v7.0-G-03-00651,03,03-01,G273824E81952N,1999-07-24T00:00:00,-86.01532781919838,81.952744,4.992465119121599,0,746.8092,7,COPDEM30,41.28135488
RGI2000-v7.0-G-03-00652,03,03-01,G273991E81967N,1999-07-24T00:00:00,-86.00982294481432,81.9681385,1.699193405764083,0,842.8219,8,COPDEM30,28.24943581
RGI2000-v7.0-G-03-00653,03,03-01,G274049E81976N,1999-07-24T00:00:00,-85.95480493511619,81.9764525,1.12396432580818,0,746.27515,1,COPDEM30,24.84240573
RGI2000-v7.0-G-03-00654,03,03-01,G274092E81971N,1999-07-24T00:00:00,-85.907881732038,81.9705515,0.056018434013055,0,884.16956,2,COPDEM30,13.31354992
RGI2000-v7.0-G-03-00655,03,03-01,G274113E81968N,1999-07-24T00:00:00,-85.88658833992841,81.96769499999999,0.010824107139803,0,802.91846,3,COPDEM30,11.45654557
RGI2000-v7.0-G-03-00656,03,03-01,G273923E81963N,1999-07-24T00:00:00,-86.09360103256904,81.96448749999999,1.132072675058325,0,652.6582,1,COPDEM30,24.89584655
RGI2000-v7.0-G-03-00657,03,03-01,G273860E81966N,1999-07-24T00:00:00,-86.14176325923063,81.968121,0.58049320032555,0,670.45013,1,COPDEM30,20.66661461
RGI2000-v7.0-G-03-00658,03,03-01,G273885E81975N,1999-07-24T00:00:00,-86.11477014950444,81.9750035,0.034804943641973,0,417.34033,1,COPDEM30,12.61185163
RGI2000-v7.0-G-03-00659,03,03-01,G273925E81943N,1999-07-24T00:00:00,-86.12364152430554,81.9368655,2.223623882515041,0,696.8713,6,COPDEM30,30.87654859
RGI2000-v7.0-G-03-00660,03,03-01,G273959E81928N,1999-07-24T00:00:00,-86.040784180695,81.9272435,2.188395512923617,0,788.283,6,COPDEM30,30.71051715
RGI2000-v7.0-G-03-00661,03,03-01,G273663E81906N,1999-07-24T00:00:00,-86.33667764815445,81.9059355,0.130320609764794,0,587.1662,1,COPDEM30,15.05399243
RGI2000-v7.0-G-03-00662,03,03-01,G273609E81911N,1999-07-24T00:00:00,-86.3911502033107,81.911051,0.270425651608379,0,812.1703,1,COPDEM30,17.28034530
RGI2000-v7.0-G-03-00663,03,03-01,G273571E81924N,1999-07-24T00:00:00,-86.46274531908139,81.925277,6.868586823950599,0,799.82025,2,COPDEM30,46.69118447
RGI2000-v7.0-G-03-00664,03,03-01,G273448E81905N,1999-07-24T00:00:00,-86.56203783767576,81.902465,2.325781877700208,0,756.7757,3,COPDEM30,31.35072008
RGI2000-v7.0-G-03-00665,03,03-01,G273393E81910N,1999-07-24T00:00:00,-86.62228835892893,81.908814,0.881615471488781,0,720.75354,8,COPDEM30,23.14521329
RGI2000-v7.0-G-03-00666,03,03-01,G273422E81949N,1999-07-24T00:00:00,-86.61089939848728,81.95429150000001,12.895304136749004,0,663.78094,2,COPDEM30,60.27404510
RGI2000-v7.0-G-03-00667,03,03-01,G273006E81909N,1999-07-24T00:00:00,-86.99602193607467,81.910957,0.607896963112342,0,723.5923,1,COPDEM30,20.91548463
RGI2000-v7.0-G-03-00668,03,03-01,G272948E81869N,1999-07-24T00:00:00,-87.02814277668966,81.868202,11.26593977448283,0,619.2578,2,COPDEM30,56.99068201
RGI2000-v7.0-G-03-00669,03,03-01,G272940E81840N,1999-07-24T00:00:00,-87.21789458892081,81.843277,46.95904320791083,0,762.9318,3,COPDEM90,100.00000000
RGI2000-v7.0-G-03-00670,03,03-01,G272539E81815N,1999-07-24T00:00:00,-87.44170970510393,81.814664,53.596040499368485,0,759.3313,5,COPDEM90,100.00000000
RGI2000-v7.0-G-03-00671,03,03-01,G272254E81788N,1999-07-24T00:00:00,-87.78389816476673,81.7845725,13.17831772328465,0,612.3648,7,COPDEM90,60.82273383
RGI2000-v7.0-G-03-00672,03,03-01,G271896E81790N,1999-07-24T00:00:00,-88.11204563970588,81.7921245,0.922266157552525,0,613.21545,1,COPDEM30,23.44485652
RGI2000-v7.0-G-03-00673,03,03-01,G271778E81774N,1999-07-24T00:00:00,-88.22179593629807,81.7740445,7.054408935397305,0,381.70526,1,COPDEM30,47.18419222
RGI2000-v7.0-G-03-00674,03,03-01,G271600E81764N,1999-07-24T00:00:00,-88.39978960663291,81.764115,1.138922319318545,0,431.6151,1,COPDEM30,24.94084250
RGI2000-v7.0-G-03-00675,03,03-01,G271388E81757N,1999-07-24T00:00:00,-88.60810281612028,81.7552085,1.259702743253112,0,403.9508,2,COPDEM30,25.71310719
RGI2000-v7.0-G-03-00676,03,03-01,G271318E81811N,1999-07-24T00:00:00,-88.68177901694166,81.81091649999999,0.643310225669607,0,538.1718,5,COPDEM30,21.22892712
RGI2000-v7.0-G-03-00677,03,03-01,G271384E81835N,1999-07-24T00:00:00,-88.69591696804648,81.836088,16.117225427425044,0,562.27423,7,COPDEM90,66.20477012
RGI2000-v7.0-G-03-00678,03,03-01,G271319E81847N,1999-07-24T00:00:00,-88.6807702297294,81.84658999999999,0.1353144865219,0,321.36874,8,COPDEM30,15.14991644
RGI2000-v7.0-G-03-00679,03,03-01,G271281E81854N,1999-07-24T00:00:00,-88.71860607561308,81.85373899999999,0.179195785607522,0,377.01724,5,COPDEM30,15.92641325
RGI2000-v7.0-G-03-00680,03,03-01,G271337E81868N,1999-07-24T00:00:00,-88.66318158136191,81.867591,0.099004012248191,0,844.9953,8,COPDEM30,14.40508642
RGI2000-v7.0-G-03-00681,03,03-01,G271474E81884N,1999-07-24T00:00:00,-88.52589985987126,81.8840615,30.169881202797185,0,542.3463,1,COPDEM90,86.89796301
RGI2000-v7.0-G-03-00682,03,03-01,G271836E81858N,1999-07-24T00:00:00,-88.29394520366475,81.8653475,20.72699118742894,0,520.5187,2,COPDEM90,73.73766761
RGI2000-v7.0-G-03-00683,03,03-01,G271863E81892N,1999-07-24T00:00:00,-88.13684480794811,81.891621,0.057946219039456,0,575.2945,1,COPDEM30,13.37008293
RGI2000-v7.0-G-03-00684,03,03-01,G271883E81892N,1999-07-24T00:00:00,-88.11689704154924,81.892075,0.039258367554879,0,602.03796,8,COPDEM30,12.77392142
RGI2000-v7.0-G-03-00685,03,03-01,G271938E81885N,1999-07-24T00:00:00,-88.06210273806695,81.885357,0.041620107314561,0,378.12784,1,COPDEM30,12.85614093
RGI2000-v7.0-G-03-00686,03,03-01,G272029E81877N,1999-07-24T00:00:00,-87.98614842114914,81.879447,5.210994490561885,0,557.10376,8,COPDEM30,41.95864390
RGI2000-v7.0-G-03-00687,03,03-01,G272038E81900N,1999-07-24T00:00:00,-87.96200931236767,81.899854,0.219014956783681,0,464.9007,1,COPDEM30,16.55186474
RGI2000-v7.0-G-03-00688,03,03-01,G272064E81905N,1999-07-24T00:00:00,-87.9359697996215,81.90524500000001,0.205034898574024,0,466.36807,7,COPDEM30,16.33930912
RGI2000-v7.0-G-03-00689,03,03-01,G272206E81895N,1999-07-24T00:00:00,-87.79861755238096,81.8973565,21.691696010487007,0,676.83966,8,COPDEM90,75.20408283
RGI2000-v7.0-G-03-00690,03,03-01,G271899E81905N,1999-07-24T00:00:00,-88.10098353753037,81.90455850000001,0.039364402583594,0,394.7633,1,COPDEM30,12.77766501
RGI2000-v7.0-G-03-00691,03,03-01,G271835E81858N,1999-07-24T00:00:00,-87.92816029216935,81.852243,4.180902799261088,0,700.71265,6,COPDEM30,38.62615847
RGI2000-v7.0-G-03-00692,03,03-01,G271836E81859N,1999-07-24T00:00:00,-88.06157198019457,81.837322,41.34564098125577,0,634.01025,7,COPDEM90,100.00000000
RGI2000-v7.0-G-03-00693,03,03-01,G271837E81858N,1999-07-24T00:00:00,-88.19124964778315,81.83060449999999,2.745596670077884,0,619.1438,3,COPDEM30,33.19777893
RGI2000-v7.0-G-03-00694,03,03-01,G271653E81800N,1999-07-24T00:00:00,-88.39740313837969,81.81383600000001,40.20295008155883,0,528.86017,5,COPDEM90,98.76811486
RGI2000-v7.0-G-03-00695,03,03-01,G271008E81855N,1999-07-24T00:00:00,-88.99247944993891,81.855135,0.033340098055883,0,100.35989,1,COPDEM30,12.55629795
RGI2000-v7.0-G-03-00696,03,03-01,G270819E81851N,1999-07-24T00:00:00,-89.1807727711442,81.8506975,0.124586491536142,0,172.32681,8,COPDEM30,14.94155364
RGI2000-v7.0-G-03-00697,03,03-01,G270855E81837N,1999-07-24T00:00:00,-89.14528302758026,81.83659,0.421644540328438,0,145.71968,1,COPDEM30,19.09078269
RGI2000-v7.0-G-03-00698,03,03-01,G269978E81847N,1999-07-24T00:00:00,-89.99941940458334,81.8504695,9.53027475398017,0,153.83047,2,COPDEM30,53.21960032
RGI2000-v7.0-G-03-00699,03,03-01,G269087E81796N,1999-07-24T00:00:00,-90.675685382414,81.794961,23.823214897120813,0,182.72556,2,COPDEM90,78.33264315
RGI2000-v7.0-G-03-00700,03,03-01,G269128E81782N,1999-07-24T00:00:00,-90.87163264737909,81.782002,0.247722864261366,0,233.60628,8,COPDEM30,16.96804717
RGI2000-v7.0-G-03-00701,03,03-01,G269071E81779N,1999-07-24T00:00:00,-90.92919150349051,81.7790975,0.617955712474657,0,172.03842,7,COPDEM30,21.00542228
RGI2000-v7.0-G-03-00702,03,03-01,G269018E81774N,1999-07-24T00:00:00,-90.9824892392494,81.774259,0.794906841895367,0,87.635605,8,COPDEM30,22.48205676
RGI2000-v7.0-G-03-00703,03,03-01,G269015E81786N,1999-07-24T00:00:00,-90.98529813903829,81.785522,0.534327695885751,0,154.4271,7,COPDEM30,20.23368108
RGI2000-v7.0-G-03-00704,03,03-01,G269094E81796N,1999-07-24T00:00:00,-90.906010951367,81.796269,1.419738571717462,0,239.36142,1,COPDEM30,26.68138963
RGI2000-v7.0-G-03-00705,03,03-01,G268651E81749N,1999-07-24T00:00:00,-91.34268191269568,81.7515395,0.478265041603581,0,187.4465,1,COPDEM30,19.68193928
RGI2000-v7.0-G-03-00706,03,03-01,G268726E81734N,1999-07-24T00:00:00,-91.273667981491,81.734287,7.685682154352617,0,160.33351,2,COPDEM30,48.81228803
RGI2000-v7.0-G-03-00707,03,03-01,G268755E81737N,1999-07-24T00:00:00,-91.36466999569767,81.7091345,16.113155792424983,0,182.63591,8,COPDEM90,66.19767375
RGI2000-v7.0-G-03-00708,03,03-01,G268444E81714N,1999-07-24T00:00:00,-91.55552123796818,81.7139315,2.442934908006967,0,176.60033,1,COPDEM30,31.88184732
RGI2000-v7.0-G-03-00709,03,03-01,G270402E81533N,1999-07-24T00:00:00,-89.66386864861778,81.53338,2.919075243833928,0,468.63696,1,COPDEM30,33.91942198
RGI2000-v7.0-G-03-00710,03,03-01,G270504E81528N,1999-07-24T00:00:00,-89.4956455232089,81.5278075,2.426994155366421,0,382.7709,1,COPDEM30,31.81033825
RGI2000-v7.0-G-03-00711,03,03-01,G270582E81552N,1999-07-24T00:00:00,-89.43010868687017,81.55179150000001,3.952272699070248,0,437.31354,1,COPDEM30,37.83245316
RGI2000-v7.0-G-03-00712,03,03-01,G270926E81563N,1999-07-24T00:00:00,-89.08399810876472,81.5646895,1.081148851669772,0,432.8393,1,COPDEM30,24.55696311
RGI2000-v7.0-G-03-00713,03,03-01,G271091E81579N,1999-07-24T00:00:00,-88.92427210311426,81.5817385,0.807392218517516,0,402.88474,1,COPDEM30,22.57970090
RGI2000-v7.0-G-03-00714,03,03-01,G271656E81697N,1999-07-24T00:00:00,-88.35920650277778,81.697115,3.211265733959562,0,514.48254,2,COPDEM30,35.08800677
RGI2000-v7.0-G-03-00715,03,03-01,G272147E81468N,1999-07-24T00:00:00,-87.85324818113745,81.467715,0.149436343911389,0,623.09344,2,COPDEM30,15.41197962
RGI2000-v7.0-G-03-00716,03,03-01,G272228E81459N,1999-07-24T00:00:00,-87.76808971076746,81.45942550000001,2.090915510095104,0,616.16595,1,COPDEM30,30.24399763
RGI2000-v7.0-G-03-00717,03,03-01,G272313E81463N,1999-07-24T00:00:00,-87.68677587817565,81.4625275,0.055367391571489,0,697.60266,3,COPDEM30,13.29423872
RGI2000-v7.0-G-03-00718,03,03-01,G272318E81448N,1999-07-24T00:00:00,-87.70478746257825,81.4489645,0.607506494966217,0,721.7582,2,COPDEM30,20.91197842
RGI2000-v7.0-G-03-00719,03,03-01,G272246E81442N,1999-07-24T00:00:00,-87.75081109852428,81.443261,0.60028151666027,0,663.7011,7,COPDEM30,20.84689713
RGI2000-v7.0-G-03-00720,03,03-01,G272328E81441N,1999-07-24T00:00:00,-87.6723452071713,81.4409015,0.092792397449206,0,678.1505,3,COPDEM30,14.26465824
RGI2000-v7.0-G-03-00721,03,03-01,G272266E81424N,1999-07-24T00:00:00,-87.7431848610652,81.4244855,1.70932971796627,0,675.1058,2,COPDEM30,28.30378717
RGI2000-v7.0-G-03-00722,03,03-01,G272155E81431N,1999-07-24T00:00:00,-87.84976144708969,81.428556,1.294355355529216,0,673.63745,1,COPDEM30,25.92776349
RGI2000-v7.0-G-03-00723,03,03-01,G271984E81446N,1999-07-24T00:00:00,-88.01600247010872,81.445712,0.086800384045212,0,535.29675,1,COPDEM30,14.12466669
RGI2000-v7.0-G-03-00724,03,03-01,G271916E81440N,1999-07-24T00:00:00,-88.08365594993523,81.43988949999999,0.05173096736047,0,617.62115,4,COPDEM30,13.18422198
RGI2000-v7.0-G-03-00725,03,03-01,G271871E81441N,1999-07-24T00:00:00,-88.08487231023587,81.434996,3.387659789905459,0,641.37067,1,COPDEM30,35.76783497
RGI2000-v7.0-G-03-00726,03,03-01,G271910E81448N,1999-07-24T00:00:00,-88.10285911126934,81.449151,0.68585430717981,0,587.1315,1,COPDEM30,21.59428498
RGI2000-v7.0-G-03-00727,03,03-01,G271786E81438N,1999-07-24T00:00:00,-88.21417345608111,81.4382295,0.105029584671008,0,445.85046,1,COPDEM30,14.53715755
RGI2000-v7.0-G-03-00728,03,03-01,G271434E81390N,1999-07-24T00:00:00,-88.56615402651539,81.389823,0.312435545301958,0,642.1231,8,COPDEM30,17.82543078
RGI2000-v7.0-G-03-00729,03,03-01,G271382E81385N,1999-07-24T00:00:00,-88.5633092722567,81.38225,1.54806523827759,0,609.7858,8,COPDEM30,27.41897777
RGI2000-v7.0-G-03-00730,03,03-01,G271377E81378N,1999-07-24T00:00:00,-88.62293201404492,81.3777585,0.050107633672491,0,650.93713,8,COPDEM30,13.13386282
RGI2000-v7.0-G-03-00731,03,03-01,G271360E81394N,1999-07-24T00:00:00,-88.63967327901786,81.39377999999999,0.03871657999845,0,526.83484,1,COPDEM30,12.75471408
RGI2000-v7.0-G-03-00732,03,03-01,G271392E81397N,1999-07-24T00:00:00,-88.60787550963597,81.3969175,0.0344759968312,0,326.80475,8,COPDEM30,12.59947983
RGI2000-v7.0-G-03-00733,03,03-01,G271276E81401N,1999-07-24T00:00:00,-88.72380644387344,81.4008715,0.133287626172059,0,496.12375,8,COPDEM30,15.11120091
RGI2000-v7.0-G-03-00734,03,03-01,G271256E81411N,1999-07-24T00:00:00,-88.74840511623475,81.4108275,0.256001744875658,0,576.93616,1,COPDEM30,17.08352610
RGI2000-v7.0-G-03-00735,03,03-01,G271218E81416N,1999-07-24T00:00:00,-88.78217143349758,81.41556800000001,0.094140826753919,0,601.74426,2,COPDEM30,14.29553280
RGI2000-v7.0-G-03-00736,03,03-01,G271109E81416N,1999-07-24T00:00:00,-88.89069589114479,81.415832,0.166840978099022,0,570.76624,8,COPDEM30,15.71846410
RGI2000-v7.0-G-03-00737,03,03-01,G271122E81407N,1999-07-24T00:00:00,-88.88066851542175,81.4072315,1.309118251276932,0,534.408,1,COPDEM30,26.01833878
RGI2000-v7.0-G-03-00738,03,03-01,G271133E81398N,1999-07-24T00:00:00,-88.86711335772492,81.3976595,0.072905924150243,0,624.84644,7,COPDEM30,13.78015359
RGI2000-v7.0-G-03-00739,03,03-01,G271057E81398N,1999-07-24T00:00:00,-88.94346685864977,81.398416,0.053775465641297,0,657.3351,8,COPDEM30,13.24653527
RGI2000-v7.0-G-03-00740,03,03-01,G270947E81392N,1999-07-24T00:00:00,-89.05330881899351,81.3916595,0.201339774291973,0,432.90717,8,COPDEM30,16.28192612
RGI2000-v7.0-G-03-00741,03,03-01,G271071E81380N,1999-07-24T00:00:00,-88.92853387301594,81.379617,0.101474043251299,0,487.50607,8,COPDEM30,14.45969870
RGI2000-v7.0-G-03-00742,03,03-01,G271247E81369N,1999-07-24T00:00:00,-88.7529973611709,81.36927,0.040613997967213,0,537.829,8,COPDEM30,12.82140809
RGI2000-v7.0-G-03-00743,03,03-01,G270731E81385N,1999-07-24T00:00:00,-89.26903388887011,81.3851365,0.090731624133883,0,438.09808,8,COPDEM30,14.21703668
RGI2000-v7.0-G-03-00744,03,03-01,G270724E81324N,1999-07-24T00:00:00,-89.27554245215923,81.3235005,0.251034435586008,0,487.94678,1,COPDEM30,17.01446715
RGI2000-v7.0-G-03-00745,03,03-01,G272003E81329N,1999-07-24T00:00:00,-87.996568819264,81.3289445,0.070483082943261,0,546.6442,8,COPDEM30,13.71681103
RGI2000-v7.0-G-03-00746,03,03-01,G272074E81328N,1999-07-24T00:00:00,-87.92625429465826,81.32779049999999,0.305481613512577,0,685.018,8,COPDEM30,17.73785476
RGI2000-v7.0-G-03-00747,03,03-01,G272144E81332N,1999-07-24T00:00:00,-87.85575848341375,81.332499,0.171849205148051,0,849.12634,1,COPDEM30,15.80365783
RGI2000-v7.0-G-03-00748,03,03-01,G272229E81326N,1999-07-24T00:00:00,-87.77095034017658,81.325718,0.198359699351409,0,538.8126,1,COPDEM30,16.23526271
RGI2000-v7.0-G-03-00749,03,03-01,G272193E81315N,1999-07-24T00:00:00,-87.80679216863517,81.3152065,0.082673367255833,0,653.303,8,COPDEM30,14.02541675
RGI2000-v7.0-G-03-00750,03,03-01,G272187E81310N,1999-07-24T00:00:00,-87.81273197918685,81.309523,0.172974692428842,0,577.81024,8,COPDEM30,15.82263168
RGI2000-v7.0-G-03-00751,03,03-01,G272318E81315N,1999-07-24T00:00:00,-87.68160592885117,81.315444,0.108447677586456,0,723.18463,7,COPDEM30,14.61039530
RGI2000-v7.0-G-03-00752,03,03-01,G272384E81316N,1999-07-24T00:00:00,-87.61562958933493,81.3156185,0.191141108138335,0,744.80786,3,COPDEM30,16.12075626
RGI2000-v7.0-G-03-00753,03,03-01,G272374E81342N,1999-07-24T00:00:00,-87.62617105514659,81.34180699999999,0.055437724604988,0,834.72107,1,COPDEM30,13.29633039
RGI2000-v7.0-G-03-00754,03,03-01,G272405E81347N,1999-07-24T00:00:00,-87.60539655016089,81.3480795,1.321601863996887,0,679.22424,7,COPDEM30,26.09453216
RGI2000-v7.0-G-03-00755,03,03-01,G272427E81353N,1999-07-24T00:00:00,-87.57307120192564,81.3527575,0.046187059666215,0,836.9972,1,COPDEM30,13.00876448
RGI2000-v7.0-G-03-00756,03,03-01,G272404E81346N,1999-07-24T00:00:00,-87.5334347899861,81.3455945,0.949989598943877,0,743.08826,3,COPDEM30,23.64543738
RGI2000-v7.0-G-03-00757,03,03-01,G272472E81363N,1999-07-24T00:00:00,-87.52767925840288,81.36073300000001,2.071300965519618,0,771.4848,8,COPDEM30,30.14882104
RGI2000-v7.0-G-03-00758,03,03-01,G272543E81356N,1999-07-24T00:00:00,-87.45678161406931,81.356134,0.170940932969555,0,933.5079,5,COPDEM30,15.78830052
RGI2000-v7.0-G-03-00759,03,03-01,G272583E81366N,1999-07-24T00:00:00,-87.41719484212601,81.3663735,1.749612080458171,0,793.7945,3,COPDEM30,28.51820639
RGI2000-v7.0-G-03-00760,03,03-01,G272529E81370N,1999-07-24T00:00:00,-87.46701981775323,81.36956,2.907762751503304,0,736.0121,8,COPDEM30,33.87302870
RGI2000-v7.0-G-03-00761,03,03-01,G272650E81369N,1999-07-24T00:00:00,-87.35590596656189,81.367926,0.594387925224893,0,883.42365,6,COPDEM30,20.79351812
RGI2000-v7.0-G-03-00762,03,03-01,G272762E81367N,1999-07-24T00:00:00,-87.2414594602599,81.36718400000001,0.361306527081546,0,806.4338,3,COPDEM30,18.41522901
RGI2000-v7.0-G-03-00763,03,03-01,G272771E81374N,1999-07-24T00:00:00,-87.2214109626124,81.3743195,0.343509000627709,0,780.3832,2,COPDEM30,18.20534973
RGI2000-v7.0-G-03-00764,03,03-01,G272726E81386N,1999-07-24T00:00:00,-87.29215431269778,81.385595,5.860980577213931,0,824.30176,2,COPDEM30,43.89324701
RGI2000-v7.0-G-03-00765,03,03-01,G272642E81393N,1999-07-24T00:00:00,-87.36230035603268,81.39495249999999,0.446945352805855,0,783.69434,1,COPDEM30,19.35955603
RGI2000-v7.0-G-03-00766,03,03-01,G272601E81392N,1999-07-24T00:00:00,-87.40423585417571,81.3934275,0.479249151706238,0,675.8063,8,COPDEM30,19.69189526
RGI2000-v7.0-G-03-00767,03,03-01,G272580E81380N,1999-07-24T00:00:00,-87.404207772457,81.3846265,2.893779876184973,0,802.6299,8,COPDEM30,33.81555911
RGI2000-v7.0-G-03-00768,03,03-01,G272341E81374N,1999-07-24T00:00:00,-87.65916224372017,81.373962,0.048995585539004,0,695.23535,2,COPDEM30,13.09889251
RGI2000-v7.0-G-03-00769,03,03-01,G272914E81404N,1999-07-24T00:00:00,-87.09673982974138,81.403389,1.418893015085297,0,741.59656,6,COPDEM30,26.67642141
RGI2000-v7.0-G-03-00770,03,03-01,G272932E81415N,1999-07-24T00:00:00,-87.08956561843254,81.417955,2.675585613244378,0,724.6936,1,COPDEM30,32.90010437
RGI2000-v7.0-G-03-00771,03,03-01,G273002E81414N,1999-07-24T00:00:00,-87.00287980882354,81.4149405,1.330452865123463,0,737.84143,1,COPDEM30,26.14833619
RGI2000-v7.0-G-03-00772,03,03-01,G273035E81410N,1999-07-24T00:00:00,-86.95579973407644,81.411405,0.446431730145507,0,708.188,2,COPDEM30,19.35417656
RGI2000-v7.0-G-03-00773,03,03-01,G273045E81407N,1999-07-24T00:00:00,-86.956462646,81.404494,0.749811561447834,0,799.99634,3,COPDEM30,22.12283243
RGI2000-v7.0-G-03-00774,03,03-01,G273241E81375N,1999-07-24T00:00:00,-86.77473121382693,81.3781745,0.441394935093003,0,736.46405,8,COPDEM30,19.30125837
RGI2000-v7.0-G-03-00775,03,03-01,G273281E81383N,1999-07-24T00:00:00,-86.72650426041665,81.3854605,0.984278948357164,0,697.71466,8,COPDEM30,23.88951669
RGI2000-v7.0-G-03-00776,03,03-01,G273364E81382N,1999-07-24T00:00:00,-86.63646221416667,81.381598,0.215790815787222,0,927.3257,2,COPDEM30,16.50346061
RGI2000-v7.0-G-03-00777,03,03-01,G273308E81370N,1999-07-24T00:00:00,-86.70758797647062,81.369171,4.569198703209692,0,822.01056,3,COPDEM30,39.92595773
RGI2000-v7.0-G-03-00778,03,03-01,G273451E81353N,1999-07-24T00:00:00,-86.54921458717317,81.35263749999999,0.044673548419055,0,694.60803,1,COPDEM30,12.95905652
RGI2000-v7.0-G-03-00779,03,03-01,G273474E81347N,1999-07-24T00:00:00,-86.52648945562976,81.3470385,0.03386418358119,0,711.6405,7,COPDEM30,12.57631131
RGI2000-v7.0-G-03-00780,03,03-01,G273491E81349N,1999-07-24T00:00:00,-86.50947125460831,81.34930700000001,0.116850008354666,0,679.40845,1,COPDEM30,14.78566627
RGI2000-v7.0-G-03-00781,03,03-01,G273332E81330N,1999-07-24T00:00:00,-86.6681693235537,81.330406,0.344135319750707,0,681.21826,1,COPDEM30,18.21282672
RGI2000-v7.0-G-03-00782,03,03-01,G273355E81322N,1999-07-24T00:00:00,-86.6449570538679,81.3223545,0.223770250227789,0,712.48,7,COPDEM30,16.62261044
RGI2000-v7.0-G-03-00783,03,03-01,G273336E81317N,1999-07-24T00:00:00,-86.64663660543489,81.31537850000001,1.954459746061376,0,680.4715,1,COPDEM30,29.57227913
RGI2000-v7.0-G-03-00784,03,03-01,G273338E81302N,1999-07-24T00:00:00,-86.66223346743004,81.3020105,0.139106732674189,0,587.4127,1,COPDEM30,15.22158210
RGI2000-v7.0-G-03-00785,03,03-01,G273326E81288N,1999-07-24T00:00:00,-86.67198049941311,81.2879685,0.388441606855794,0,684.1568,1,COPDEM30,18.72551173
RGI2000-v7.0-G-03-00786,03,03-01,G273402E81285N,1999-07-24T00:00:00,-86.59782097389115,81.2845125,0.13740171101348,0,755.1645,1,COPDEM30,15.18948315
RGI2000-v7.0-G-03-00787,03,03-01,G273418E81279N,1999-07-24T00:00:00,-86.58190739490968,81.2793375,0.108289703418395,0,666.5497,2,COPDEM30,14.60703613
RGI2000-v7.0-G-03-00788,03,03-01,G273463E81277N,1999-07-24T00:00:00,-86.53743229956896,81.2772175,0.031000886730448,0,683.14655,1,COPDEM30,12.46498961
RGI2000-v7.0-G-03-00789,03,03-01,G273528E81276N,1999-07-24T00:00:00,-86.47856327791804,81.27631650000001,0.356817558649762,0,648.8551,8,COPDEM30,18.36278910
RGI2000-v7.0-G-03-00790,03,03-01,G273605E81277N,1999-07-24T00:00:00,-86.40203393919572,81.2775565,1.381919764253296,0,560.9968,2,COPDEM30,26.45771168
RGI2000-v7.0-G-03-00791,03,03-01,G273726E81302N,1999-07-24T00:00:00,-86.2923489383166,81.30178000000001,1.09048582331327,0,723.5309,1,COPDEM30,24.61968609
RGI2000-v7.0-G-03-00792,03,03-01,G273768E81317N,1999-07-24T00:00:00,-86.2675378628124,81.316691,2.193504756176238,0,779.8995,2,COPDEM30,30.73467946
RGI2000-v7.0-G-03-00793,03,03-01,G273734E81326N,1999-07-24T00:00:00,-86.2661074517742,81.3257275,0.21828545096907,0,826.2167,1,COPDEM30,16.54094400
RGI2000-v7.0-G-03-00794,03,03-01,G273779E81327N,1999-07-24T00:00:00,-86.22084168692766,81.3273015,0.310659362043495,0,834.9181,1,COPDEM30,17.80315545
RGI2000-v7.0-G-03-00795,03,03-01,G273667E81324N,1999-07-24T00:00:00,-86.33303273804353,81.323789,0.476268974133959,0,730.4419,8,COPDEM30,19.66171408
RGI2000-v7.0-G-03-00796,03,03-01,G273632E81324N,1999-07-24T00:00:00,-86.36751327573083,81.324195,0.057501211262038,0,681.644,1,COPDEM30,13.35711743
RGI2000-v7.0-G-03-00797,03,03-01,G273669E81381N,1999-07-24T00:00:00,-86.33846879787946,81.3806085,0.329278809860746,0,682.41986,1,COPDEM30,18.03359488
RGI2000-v7.0-G-03-00798,03,03-01,G273761E81386N,1999-07-24T00:00:00,-86.26376097705966,81.383364,1.294958016538994,0,741.87494,7,COPDEM30,25.93147109
RGI2000-v7.0-G-03-00799,03,03-01,G273796E81385N,1999-07-24T00:00:00,-86.20431847592589,81.38476399999999,0.022387644538798,0,1009.9469,7,COPDEM30,12.09475018
RGI2000-v7.0-G-03-00800,03,03-01,G273682E81396N,1999-07-24T00:00:00,-86.31759348845105,81.39559700000001,0.056275540655229,0,641.4646,2,COPDEM30,13.32114528
RGI2000-v7.0-G-03-00801,03,03-01,G273635E81405N,1999-07-24T00:00:00,-86.36533936231703,81.4052305,0.207766768329796,0,635.18097,8,COPDEM30,16.38140162
RGI2000-v7.0-G-03-00802,03,03-01,G273762E81412N,1999-07-24T00:00:00,-86.13447150525369,81.4140305,29.328625499190053,0,822.37463,7,COPDEM90,85.81827351
RGI2000-v7.0-G-03-00803,03,03-01,G273961E81425N,1999-07-24T00:00:00,-86.10639580444408,81.44116500000001,4.099127239229822,0,885.0768,7,COPDEM30,38.34482208
RGI2000-v7.0-G-03-00804,03,03-01,G274232E81460N,1999-07-24T00:00:00,-85.77549332152088,81.4618595,1.815556775911774,0,853.1561,8,COPDEM30,28.86396374
RGI2000-v7.0-G-03-00805,03,03-01,G274285E81467N,1999-07-24T00:00:00,-85.72687187486804,81.46755250000001,0.841885144680615,0,870.23346,1,COPDEM30,22.84560191
RGI2000-v7.0-G-03-00806,03,03-01,G274360E81459N,1999-07-24T00:00:00,-85.65971292390856,81.4604305,6.710522683523516,0,1027.5214,1,COPDEM30,46.26654720
RGI2000-v7.0-G-03-00807,03,03-01,G274112E81451N,1999-07-24T00:00:00,-85.59888395576675,81.4398705,29.74665184940398,0,892.46155,8,COPDEM90,86.35668774
RGI2000-v7.0-G-03-00808,03,03-01,G274522E81451N,1999-07-24T00:00:00,-85.48137615575956,81.46766149999999,1.798812869645557,0,799.5196,8,COPDEM30,28.77677615
RGI2000-v7.0-G-03-00809,03,03-01,G274796E81471N,1999-07-24T00:00:00,-85.2044436431126,81.47134750000001,0.025563822916373,0,1012.45984,2,COPDEM30,12.23841669
RGI2000-v7.0-G-03-00810,03,03-01,G274810E81469N,1999-07-24T00:00:00,-85.18984070484811,81.4689395,0.039881427319222,0,907.677,3,COPDEM30,12.79584688
RGI2000-v7.0-G-03-00811,03,03-01,G274813E81442N,1999-07-24T00:00:00,-85.21480128076203,81.4500645,41.286718578882656,0,840.074,2,COPDEM90,99.95663867
RGI2000-v7.0-G-03-00812,03,03-01,G274988E81450N,1999-07-24T00:00:00,-85.04359646859133,81.453562,13.385365565265168,0,792.6635,8,COPDEM90,61.22042220
RGI2000-v7.0-G-03-00813,03,03-01,G274952E81475N,1999-07-24T00:00:00,-85.04816966443667,81.4754765,0.077783358747205,0,950.3605,7,COPDEM30,13.90455354
RGI2000-v7.0-G-03-00814,03,03-01,G275020E81473N,1999-07-24T00:00:00,-84.9831794591222,81.4736965,0.609094294763117,0,830.4099,1,COPDEM30,20.92622907
RGI2000-v7.0-G-03-00815,03,03-01,G275232E81493N,1999-07-24T00:00:00,-84.76768988688943,81.492651,0.140331327210525,0,933.36804,6,COPDEM30,15.24451524
RGI2000-v7.0-G-03-00816,03,03-01,G275197E81506N,1999-07-24T00:00:00,-84.78708978495442,81.508703,4.192161256768888,0,849.3669,1,COPDEM30,38.66467523
RGI2000-v7.0-G-03-00817,03,03-01,G275332E81506N,1999-07-24T00:00:00,-84.67845875301539,81.50780950000001,1.595970175578574,0,1010.98694,1,COPDEM30,27.68643985
RGI2000-v7.0-G-03-00818,03,03-01,G275359E81496N,1999-07-24T00:00:00,-84.64372823840398,81.495567,0.527756951676795,0,865.41327,2,COPDEM30,20.17056353
RGI2000-v7.0-G-03-00819,03,03-01,G275500E81470N,1999-07-24T00:00:00,-84.51333366381579,81.4702905,0.311670241018955,0,879.9187,1,COPDEM30,17.81584079
RGI2000-v7.0-G-03-00820,03,03-01,G275352E81468N,1999-07-24T00:00:00,-84.56828574739367,81.463551,20.596197778943623,0,896.6722,1,COPDEM90,73.53624764
RGI2000-v7.0-G-03-00821,03,03-01,G275441E81452N,1999-07-24T00:00:00,-84.56456432279907,81.45175449999999,0.898254699475944,0,883.35333,3,COPDEM30,23.26868197
RGI2000-v7.0-G-03-00822,03,03-01,G275351E81445N,1999-07-24T00:00:00,-84.60342663343144,81.4435895,0.550132192789327,0,920.9818,5,COPDEM30,20.38392555
RGI2000-v7.0-G-03-00823,03,03-01,G275351E81444N,1999-07-24T00:00:00,-84.63506566002279,81.44611900000001,0.289567946982171,0,1002.4896,5,COPDEM30,17.53361252
RGI2000-v7.0-G-03-00824,03,03-01,G275350E81444N,1999-07-24T00:00:00,-84.67617522977658,81.443786,0.979841336806039,0,937.5373,4,COPDEM30,23.85817095
RGI2000-v7.0-G-03-00825,03,03-01,G275315E81438N,1999-07-24T00:00:00,-84.67821495593077,81.43687299999999,0.41077450192957,0,931.4137,4,COPDEM30,18.97283692
RGI2000-v7.0-G-03-00826,03,03-01,G275390E81408N,1999-07-24T00:00:00,-84.72638312458926,81.4238805,7.587697981013506,0,853.6823,3,COPDEM30,48.56408698
RGI2000-v7.0-G-03-00827,03,03-01,G275226E81405N,1999-07-24T00:00:00,-84.80055770189192,81.41088400000001,10.089974986930281,0,877.7599,3,COPDEM30,54.47060937
RGI2000-v7.0-G-03-00828,03,03-01,G275113E81412N,1999-07-24T00:00:00,-84.88894549996324,81.4073795,2.613075540186465,0,934.7619,5,COPDEM30,32.63101425
RGI2000-v7.0-G-03-00829,03,03-01,G275225E81398N,1999-07-24T00:00:00,-84.77459699151927,81.397747,0.068893584071724,0,838.3452,8,COPDEM30,13.67466223
RGI2000-v7.0-G-03-00830,03,03-01,G275212E81394N,1999-07-24T00:00:00,-84.7880854267372,81.39432550000001,0.091428226254359,0,832.7277,8,COPDEM30,14.23319411
RGI2000-v7.0-G-03-00831,03,03-01,G275137E81367N,1999-07-24T00:00:00,-84.87055524315099,81.369125,0.608027878285908,0,790.8224,1,COPDEM30,20.91665994
RGI2000-v7.0-G-03-00832,03,03-01,G275136E81366N,1999-07-24T00:00:00,-84.84534974117268,81.3674165,0.238282113431313,0,882.9109,1,COPDEM30,16.83398085
RGI2000-v7.0-G-03-00833,03,03-01,G275098E81370N,1999-07-24T00:00:00,-84.90788739024387,81.36980199999999,0.64031248609534,0,786.09717,1,COPDEM30,21.20273392
RGI2000-v7.0-G-03-00834,03,03-01,G275064E81370N,1999-07-24T00:00:00,-84.93950709922395,81.3693815,0.491808348352721,0,781.05853,1,COPDEM30,19.81806683
RGI2000-v7.0-G-03-00835,03,03-01,G275034E81364N,1999-07-24T00:00:00,-84.9676698681564,81.3641365,0.236659948836869,0,771.5583,8,COPDEM30,16.81067911
RGI2000-v7.0-G-03-00836,03,03-01,G275012E81361N,1999-07-24T00:00:00,-84.98388386791908,81.3597845,0.359386695832546,0,721.57904,8,COPDEM30,18.39284173
RGI2000-v7.0-G-03-00837,03,03-01,G274985E81356N,1999-07-24T00:00:00,-85.01518656676495,81.355751,0.148056091224121,0,882.286,1,COPDEM30,15.38692806
RGI2000-v7.0-G-03-00838,03,03-01,G274946E81355N,1999-07-24T00:00:00,-85.05887919020864,81.35608049999999,0.604243243418154,0,800.6506,1,COPDEM30,20.88263184
RGI2000-v7.0-G-03-00839,03,03-01,G274898E81349N,1999-07-24T00:00:00,-85.101823727537,81.3508215,0.382138355207021,0,908.6486,1,COPDEM30,18.65442763
RGI2000-v7.0-G-03-00840,03,03-01,G274899E81350N,1999-07-24T00:00:00,-85.07835682985481,81.3458165,0.593682380458956,0,857.43756,4,COPDEM30,20.78711020
RGI2000-v7.0-G-03-00841,03,03-01,G274861E81338N,1999-07-24T00:00:00,-85.12627142944163,81.33542800000001,1.444366061696151,0,888.81006,4,COPDEM30,26.82544942
RGI2000-v7.0-G-03-00842,03,03-01,G274815E81338N,1999-07-24T00:00:00,-85.18481088650717,81.3378755,0.036573890658363,0,1138.4697,5,COPDEM30,12.67740221
RGI2000-v7.0-G-03-00843,03,03-01,G274790E81343N,1999-07-24T00:00:00,-85.208214521978,81.34329199999999,0.395998279049635,0,923.1818,8,COPDEM30,18.80997518
RGI2000-v7.0-G-03-00844,03,03-01,G274826E81345N,1999-07-24T00:00:00,-85.17430521232686,81.3452825,0.120737850175065,0,963.9983,1,COPDEM30,14.86462934
RGI2000-v7.0-G-03-00845,03,03-01,G275038E81350N,1999-07-24T00:00:00,-84.96993486312815,81.35095000000001,1.003554534739116,0,847.0553,3,COPDEM30,24.02485967
RGI2000-v7.0-G-03-00846,03,03-01,G275070E81360N,1999-07-24T00:00:00,-84.9379765068741,81.359887,0.350745101156814,0,867.7999,3,COPDEM30,18.29132317
RGI2000-v7.0-G-03-00847,03,03-01,G275108E81336N,1999-07-24T00:00:00,-84.90600099505701,81.33407650000001,1.43790543304803,0,803.8524,8,COPDEM30,26.78777725
RGI2000-v7.0-G-03-00848,03,03-01,G275154E81334N,1999-07-24T00:00:00,-84.85253467573301,81.329909,0.293959452079815,0,915.9437,4,COPDEM30,17.59052387
RGI2000-v7.0-G-03-00849,03,03-01,G275200E81341N,1999-07-24T00:00:00,-84.80826563461535,81.3401015,1.527259857545954,0,860.0514,1,COPDEM30,27.30152976
RGI2000-v7.0-G-03-00850,03,03-01,G275248E81341N,1999-07-24T00:00:00,-84.74354876733437,81.342355,0.831801551942803,0,945.40674,8,COPDEM30,22.76844173
RGI2000-v7.0-G-03-00851,03,03-01,G275300E81345N,1999-07-24T00:00:00,-84.70014870175564,81.3452485,0.480778759899475,0,855.9247,1,COPDEM30,19.70734964
RGI2000-v7.0-G-03-00852,03,03-01,G275590E81360N,1999-07-24T00:00:00,-84.40972207452225,81.3596805,0.150618029407511,0,917.1638,7,COPDEM30,15.43333542
RGI2000-v7.0-G-03-00853,03,03-01,G275628E81365N,1999-07-24T00:00:00,-84.36302838028169,81.36305899999999,1.859904643971304,0,837.29114,8,COPDEM30,29.09296494
RGI2000-v7.0-G-03-00854,03,03-01,G275694E81370N,1999-07-24T00:00:00,-84.30296917909081,81.3678535,1.950145828005914,0,874.67883,1,COPDEM30,29.55066705
RGI2000-v7.0-G-03-00855,03,03-01,G275727E81385N,1999-07-24T00:00:00,-84.27348542983628,81.38493550000001,0.184826907093257,0,856.83203,8,COPDEM30,16.01881000
RGI2000-v7.0-G-03-00856,03,03-01,G275790E81384N,1999-07-24T00:00:00,-84.18032377585197,81.387299,1.368011710990647,0,847.52594,8,COPDEM30,26.37468459
RGI2000-v7.0-G-03-00857,03,03-01,G275857E81376N,1999-07-24T00:00:00,-84.17791761749973,81.3749525,1.469290041836201,0,893.86816,7,COPDEM30,26.96999847
RGI2000-v7.0-G-03-00858,03,03-01,G275926E81376N,1999-07-24T00:00:00,-84.07369674041368,81.37591699999999,0.041067567508367,0,778.93274,2,COPDEM30,12.83711883
RGI2000-v7.0-G-03-00859,03,03-01,G275893E81393N,1999-07-24T00:00:00,-84.066535017434,81.39146199999999,2.335560918856508,0,826.3626,8,COPDEM30,31.39555889
RGI2000-v7.0-G-03-00860,03,03-01,G275774E81418N,1999-07-24T00:00:00,-84.2402840490576,81.418498,0.712520351061311,0,999.1027,3,COPDEM30,21.81752888
RGI2000-v7.0-G-03-00861,03,03-01,G275730E81424N,1999-07-24T00:00:00,-84.30869014041998,81.42041449999999,0.691985839728009,0,841.9013,7,COPDEM30,21.64599608
RGI2000-v7.0-G-03-00862,03,03-01,G275634E81426N,1999-07-24T00:00:00,-84.31788320886278,81.4263875,1.520075975018959,0,854.4488,7,COPDEM30,27.26079057
RGI2000-v7.0-G-03-00863,03,03-01,G275662E81451N,1999-07-24T00:00:00,-84.31034584576278,81.45160999999999,1.812460557648101,0,876.8785,7,COPDEM30,28.84787174
RGI2000-v7.0-G-03-00864,03,03-01,G275432E81440N,1999-07-24T00:00:00,-84.57265377285376,81.439516,0.317462513444541,0,963.1593,4,COPDEM30,17.88813366
RGI2000-v7.0-G-03-00865,03,03-01,G275389E81407N,1999-07-24T00:00:00,-84.5814758226397,81.4065755,0.158983482497236,0,992.5823,1,COPDEM30,15.58218260
RGI2000-v7.0-G-03-00866,03,03-01,G275404E81403N,1999-07-24T00:00:00,-84.59641566574278,81.402891,0.051124773915823,0,1125.0011,7,COPDEM30,13.16551034
RGI2000-v7.0-G-03-00867,03,03-01,G274964E81402N,1999-07-24T00:00:00,-85.03646201235037,81.401571,0.185995583791085,0,996.7868,2,COPDEM30,16.03780874
RGI2000-v7.0-G-03-00868,03,03-01,G274881E81395N,1999-07-24T00:00:00,-85.11926351837673,81.395195,0.674446909304676,0,841.5252,3,COPDEM30,21.49746034
RGI2000-v7.0-G-03-00869,03,03-01,G274902E81403N,1999-07-24T00:00:00,-85.11988046760897,81.4093245,2.294181044881305,0,775.12885,1,COPDEM30,31.20517590
RGI2000-v7.0-G-03-00870,03,03-01,G274893E81396N,1999-07-24T00:00:00,-85.2051141678435,81.4018385,15.703504496148753,0,789.8961,2,COPDEM90,65.47870656
RGI2000-v7.0-G-03-00871,03,03-01,G274676E81377N,1999-07-24T00:00:00,-85.32430288194936,81.376972,0.029568947344044,0,976.83386,3,COPDEM30,12.40738731
RGI2000-v7.0-G-03-00872,03,03-01,G274583E81369N,1999-07-24T00:00:00,-85.42095703105588,81.36907099999999,0.587684326522516,0,787.42505,4,COPDEM30,20.73248005
RGI2000-v7.0-G-03-00873,03,03-01,G274500E81363N,1999-07-24T00:00:00,-85.5017186751223,81.3630225,0.494954241389928,0,923.5543,3,COPDEM30,19.84941782
RGI2000-v7.0-G-03-00874,03,03-01,G274459E81351N,1999-07-24T00:00:00,-85.5330506777523,81.36071050000001,0.433573543466701,0,1065.4127,4,COPDEM30,19.21848222
RGI2000-v7.0-G-03-00875,03,03-01,G274460E81352N,1999-07-24T00:00:00,-85.56103304361665,81.3521005,2.127033783021113,0,750.62524,3,COPDEM30,30.41809544
RGI2000-v7.0-G-03-00876,03,03-01,G274443E81345N,1999-07-24T00:00:00,-85.5706574516696,81.3455845,0.537665863539374,0,993.9081,4,COPDEM30,20.26559834
RGI2000-v7.0-G-03-00877,03,03-01,G274442E81344N,1999-07-24T00:00:00,-85.58451572827157,81.3404345,0.491778171700746,0,988.68823,4,COPDEM30,19.81776561
RGI2000-v7.0-G-03-00878,03,03-01,G274309E81344N,1999-07-24T00:00:00,-85.72325025494327,81.337834,3.007773525316905,0,750.7541,7,COPDEM30,34.28010731
RGI2000-v7.0-G-03-00879,03,03-01,G274286E81328N,1999-07-24T00:00:00,-85.71646685080646,81.328039,0.199468394511878,0,1023.1626,6,COPDEM30,16.25266386
RGI2000-v7.0-G-03-00880,03,03-01,G274246E81311N,1999-07-24T00:00:00,-85.7605112783546,81.3114845,0.661018313473073,0,602.4112,2,COPDEM30,21.38242459
RGI2000-v7.0-G-03-00881,03,03-01,G274210E81303N,1999-07-24T00:00:00,-85.80242068675298,81.3009785,0.562867691575221,0,843.701,4,COPDEM30,20.50343123
RGI2000-v7.0-G-03-00882,03,03-01,G274146E81308N,1999-07-24T00:00:00,-85.87442033611626,81.3010145,0.651920743335007,0,621.14233,8,COPDEM30,21.30382527
RGI2000-v7.0-G-03-00883,03,03-01,G274145E81307N,1999-07-24T00:00:00,-85.86938131531626,81.308776,1.571798756257278,0,686.78455,7,COPDEM30,27.55199579
RGI2000-v7.0-G-03-00884,03,03-01,G274073E81340N,1999-07-24T00:00:00,-85.92663441346158,81.3404265,0.068939192846799,0,780.94714,8,COPDEM30,13.67587837
RGI2000-v7.0-G-03-00885,03,03-01,G274227E81387N,1999-07-24T00:00:00,-85.7590856034866,81.362994,78.75080369207078,0,831.8978,6,COPDEM90,100.00000000
RGI2000-v7.0-G-03-00886,03,03-01,G274951E81422N,1999-07-24T00:00:00,-85.0313670324159,81.424589,4.06133813905131,0,843.68384,6,COPDEM30,38.21386672
RGI2000-v7.0-G-03-00887,03,03-01,G277056E81417N,1999-07-24T00:00:00,-84.250698833072,81.2533315,46.33621031764216,0,983.3486,8,COPDEM90,100.00000000
RGI2000-v7.0-G-03-00888,03,03-01,G275710E81231N,1999-07-24T00:00:00,-84.29800013391039,81.2301085,3.912091472642187,0,867.9948,7,COPDEM30,37.69061084
RGI2000-v7.0-G-03-00889,03,03-01,G275741E81221N,1999-07-24T00:00:00,-84.25980613719355,81.2172015,0.560870143315326,0,973.5353,7,COPDEM30,20.48477697
RGI2000-v7.0-G-03-00890,03,03-01,G275811E81211N,1999-07-24T00:00:00,-84.20275314796532,81.21882,3.586808415865611,0,951.7246,6,COPDEM30,36.51441965
RGI2000-v7.0-G-03-00891,03,03-01,G275894E81220N,1999-07-24T00:00:00,-84.10808632921218,81.2192055,0.336279897567733,0,1028.7642,6,COPDEM30,18.11855036
RGI2000-v7.0-G-03-00892,03,03-01,G275929E81209N,1999-07-24T00:00:00,-84.06921135430464,81.2089915,2.021881774696654,0,930.90155,6,COPDEM30,29.90700449
RGI2000-v7.0-G-03-00893,03,03-01,G276083E81212N,1999-07-24T00:00:00,-83.93899354533565,81.210673,0.738610719261446,0,853.7236,6,COPDEM30,22.03194502
RGI2000-v7.0-G-03-00894,03,03-01,G275952E81187N,1999-07-24T00:00:00,-84.04766550744681,81.186843,0.810869144487558,0,868.71564,1,COPDEM30,22.60675820
RGI2000-v7.0-G-03-00895,03,03-01,G275890E81185N,1999-07-24T00:00:00,-84.10669646317724,81.1874665,2.443422075932568,0,856.7812,2,COPDEM30,31.88402904
RGI2000-v7.0-G-03-00896,03,03-01,G275849E81192N,1999-07-24T00:00:00,-84.15112744571425,81.19178600000001,0.035864874295921,0,1024.61,1,COPDEM30,12.65132332
RGI2000-v7.0-G-03-00897,03,03-01,G275810E81210N,1999-07-24T00:00:00,-84.20036474132951,81.192107,4.034679599595135,0,840.68256,1,COPDEM30,38.12111665
RGI2000-v7.0-G-03-00898,03,03-01,G275766E81196N,1999-07-24T00:00:00,-84.23355791612143,81.1960425,0.188371047143503,0,905.2573,1,COPDEM30,16.07624269
RGI2000-v7.0-G-03-00899,03,03-01,G275711E81199N,1999-07-24T00:00:00,-84.3011688190717,81.19856999999999,2.485252460646088,0,809.4447,1,COPDEM30,32.07055691
RGI2000-v7.0-G-03-00900,03,03-01,G275610E81181N,1999-07-24T00:00:00,-84.40157193295575,81.191018,9.427887124208883,0,833.0418,8,COPDEM30,52.98681049
RGI2000-v7.0-G-03-00901,03,03-01,G275611E81182N,1999-07-24T00:00:00,-84.41237584967075,81.1695585,5.719180600978907,0,867.5438,6,COPDEM30,43.48073174
RGI2000-v7.0-G-03-00902,03,03-01,G275449E81171N,1999-07-24T00:00:00,-84.51441519803689,81.17176,3.501924313829888,0,850.4815,1,COPDEM30,36.19880084
RGI2000-v7.0-G-03-00903,03,03-01,G275370E81191N,1999-07-24T00:00:00,-84.62857305666844,81.191904,0.838702149417094,0,907.2014,2,COPDEM30,22.82129562
RGI2000-v7.0-G-03-00904,03,03-01,G275262E81208N,1999-07-24T00:00:00,-84.74466341354167,81.2074355,3.05342472323583,0,943.03955,8,COPDEM30,34.46367196
RGI2000-v7.0-G-03-00905,03,03-01,G275181E81177N,1999-07-24T00:00:00,-84.81857590803583,81.177408,1.324496936191996,0,861.7152,2,COPDEM30,26.11215068
RGI2000-v7.0-G-03-00906,03,03-01,G275147E81177N,1999-07-24T00:00:00,-84.8696218270083,81.17764,1.388149985964504,0,888.94653,7,COPDEM30,26.49476878
RGI2000-v7.0-G-03-00907,03,03-01,G275257E81163N,1999-07-24T00:00:00,-84.74553534635079,81.16322550000001,0.413809190206879,0,823.29486,7,COPDEM30,19.00592035
RGI2000-v7.0-G-03-00908,03,03-01,G275655E81155N,1999-07-24T00:00:00,-84.34461610582142,81.1554755,0.162234216955807,0,763.66766,8,COPDEM30,15.63896325
RGI2000-v7.0-G-03-00909,03,03-01,G275780E81169N,1999-07-24T00:00:00,-84.22680918415159,81.163148,2.33805372623519,0,1045.5063,5,COPDEM30,31.40697387
RGI2000-v7.0-G-03-00910,03,03-01,G276161E81145N,1999-07-24T00:00:00,-83.84274405272225,81.1436105,2.012761850129856,0,907.7557,8,COPDEM30,29.86205736
RGI2000-v7.0-G-03-00911,03,03-01,G276222E81157N,1999-07-24T00:00:00,-83.78959221598558,81.15800250000001,4.684076756848124,0,864.38226,1,COPDEM30,40.29981921
RGI2000-v7.0-G-03-00912,03,03-01,G276344E81155N,1999-07-24T00:00:00,-83.67887540880398,81.15348399999999,3.050706882707129,0,876.7425,2,COPDEM30,34.45278203
RGI2000-v7.0-G-03-00913,03,03-01,G276495E81174N,1999-07-24T00:00:00,-83.49270357873522,81.16905399999999,2.219636682975748,0,946.4965,5,COPDEM30,30.85782323
RGI2000-v7.0-G-03-00914,03,03-01,G276274E81204N,1999-07-24T00:00:00,-83.64284499750754,81.205993,31.276248607174438,0,934.14966,6,COPDEM90,88.29524077
RGI2000-v7.0-G-03-00915,03,03-01,G275855E81231N,1999-07-24T00:00:00,-84.14537229015997,81.2305,0.023548489912643,0,1210.1014,6,COPDEM30,12.14837241
RGI2000-v7.0-G-03-00916,03,03-01,G276369E81337N,1999-07-24T00:00:00,-83.6307245758982,81.33686349999999,0.129016136688232,0,828.8806,1,COPDEM30,15.02863429
RGI2000-v7.0-G-03-00917,03,03-01,G276791E81065N,1999-07-24T00:00:00,-83.20788259677418,81.065682,0.747413873509011,0,904.23975,1,COPDEM30,22.10343419
RGI2000-v7.0-G-03-00918,03,03-01,G276694E81023N,1999-07-24T00:00:00,-83.30149827644068,81.0301215,43.82147887180135,0,1075.8942,1,COPDEM90,100.00000000
RGI2000-v7.0-G-03-00919,03,03-01,G276539E81018N,1999-07-24T00:00:00,-83.48573067767734,81.0386695,19.511479486654018,0,994.6029,1,COPDEM90,71.84052053
RGI2000-v7.0-G-03-00920,03,03-01,G276372E81037N,1999-07-24T00:00:00,-83.6555729809478,81.04205049999999,3.544559442032338,0,974.325,1,COPDEM30,36.35780057
RGI2000-v7.0-G-03-00921,03,03-01,G276311E81037N,1999-07-24T00:00:00,-83.70061876475825,81.03646549999999,0.838081366124104,0,928.1988,7,COPDEM30,22.81654976
RGI2000-v7.0-G-03-00922,03,03-01,G276200E81022N,1999-07-24T00:00:00,-83.695520750595,81.02757,1.938405390042638,0,984.17,7,COPDEM30,29.49172790
RGI2000-v7.0-G-03-00923,03,03-01,G276226E81026N,1999-07-24T00:00:00,-83.77605116846954,81.026557,19.494117067613768,0,995.29065,8,COPDEM90,71.81299981
RGI2000-v7.0-G-03-00924,03,03-01,G276034E81033N,1999-07-24T00:00:00,-83.90560139758759,81.0279075,8.378025254308968,0,968.26904,1,COPDEM30,50.52274608
RGI2000-v7.0-G-03-00925,03,03-01,G275879E81008N,1999-07-24T00:00:00,-83.9632665919809,81.00954200000001,24.606360784303817,0,889.0818,1,COPDEM90,79.44671852
RGI2000-v7.0-G-03-00926,03,03-01,G275646E81008N,1999-07-24T00:00:00,-84.3177374666065,81.01341099999999,2.726719107895259,0,1220.0397,1,COPDEM30,33.11789232
RGI2000-v7.0-G-03-00927,03,03-01,G275645E81008N,1999-07-24T00:00:00,-84.38729639873421,81.0165005,1.230557539419502,0,963.4008,8,COPDEM30,25.53026972
RGI2000-v7.0-G-03-00928,03,03-01,G275646E81009N,1999-07-24T00:00:00,-84.43922482970964,81.0100245,0.814975215363306,0,1231.4736,1,COPDEM30,22.63863688
RGI2000-v7.0-G-03-00929,03,03-01,G275329E81001N,1999-07-24T00:00:00,-84.66389932354323,80.9982275,1.646926980107085,0,1059.9707,8,COPDEM30,27.96657141
RGI2000-v7.0-G-03-00930,03,03-01,G275315E80979N,1999-07-24T00:00:00,-84.7122836595413,80.988777,6.254410594131368,0,924.9211,8,COPDEM30,45.01234749
RGI2000-v7.0-G-03-00931,03,03-01,G275110E80954N,1999-07-24T00:00:00,-84.82449680755113,80.957683,53.788021935210836,0,916.4446,8,COPDEM90,100.00000000
RGI2000-v7.0-G-03-00932,03,03-01,G274931E80955N,1999-07-24T00:00:00,-85.06260327625431,80.9543815,0.762438101602745,0,970.5023,8,COPDEM30,22.22447823
RGI2000-v7.0-G-03-00933,03,03-01,G274868E80969N,1999-07-24T00:00:00,-85.13943992435622,80.9675345,1.104355078446703,0,829.95447,8,COPDEM30,24.71236199
RGI2000-v7.0-G-03-00934,03,03-01,G274874E80927N,1999-07-24T00:00:00,-85.14049602298263,80.9248315,30.033671687454795,0,898.2571,7,COPDEM90,86.72417905
RGI2000-v7.0-G-03-00935,03,03-01,G274769E80883N,1999-07-24T00:00:00,-85.04571306271478,80.8919135,6.757286002380539,0,956.67346,6,COPDEM30,46.39269235
RGI2000-v7.0-G-03-00936,03,03-01,G275123E80887N,1999-07-24T00:00:00,-84.86653186750591,80.8820675,4.500913917622653,0,873.33636,5,COPDEM30,39.70150043
RGI2000-v7.0-G-03-00937,03,03-01,G275327E80899N,1999-07-24T00:00:00,-84.77951380099972,80.891842,19.432879679500804,0,677.3945,4,COPDEM90,71.71583603
RGI2000-v7.0-G-03-00938,03,03-01,G275349E80911N,1999-07-24T00:00:00,-84.64780616542362,80.907299,0.988167191532791,0,856.96045,5,COPDEM30,23.91692385
RGI2000-v7.0-G-03-00939,03,03-01,G275409E80915N,1999-07-24T00:00:00,-84.59227479996542,80.9068695,3.04877869671459,0,810.0163,5,COPDEM30,34.44505317
RGI2000-v7.0-G-03-00940,03,03-01,G275546E80921N,1999-07-24T00:00:00,-84.37933546248753,80.9101995,19.45963037257015,0,786.9048,4,COPDEM90,71.75829947
RGI2000-v7.0-G-03-00941,03,03-01,G275741E80920N,1999-07-24T00:00:00,-84.27032461752137,80.915369,0.584420107766277,0,598.6919,8,COPDEM30,20.70263244
RGI2000-v7.0-G-03-00942,03,03-01,G276106E80954N,1999-07-24T00:00:00,-84.0791189987911,80.935707,131.00254304446014,0,843.47437,6,COPDEM90,100.00000000
RGI2000-v7.0-G-03-00943,03,03-01,G276171E80892N,1999-07-24T00:00:00,-83.8304527729601,80.8918435,3.207973148294431,0,768.2869,8,COPDEM30,35.07514182
RGI2000-v7.0-G-03-00944,03,03-01,G276167E80876N,1999-07-24T00:00:00,-83.77589890649429,80.877533,2.536775997501905,0,786.5877,8,COPDEM30,32.29816350
RGI2000-v7.0-G-03-00945,03,03-01,G276295E80872N,1999-07-24T00:00:00,-83.70452777753235,80.872184,0.093880547902546,0,909.9867,7,COPDEM30,14.28959059
RGI2000-v7.0-G-03-00946,03,03-01,G276295E80859N,1999-07-24T00:00:00,-83.7051048987063,80.8591565,0.148638456100367,0,729.99677,8,COPDEM30,15.39751215
RGI2000-v7.0-G-03-00947,03,03-01,G276139E80870N,1999-07-24T00:00:00,-83.86115410549134,80.8698545,0.069240754524783,0,905.567,1,COPDEM30,13.68390932
RGI2000-v7.0-G-03-00948,03,03-01,G276421E80896N,1999-07-24T00:00:00,-83.54765056972761,80.8877765,39.58231297133332,0,798.7217,5,COPDEM90,98.08026648
RGI2000-v7.0-G-03-00949,03,03-01,G276537E80883N,1999-07-24T00:00:00,-83.46331975915157,80.882849,0.096974402794939,0,997.7156,3,COPDEM30,14.35969987
RGI2000-v7.0-G-03-00950,03,03-01,G276518E80877N,1999-07-24T00:00:00,-83.4823495,80.8772045,0.179188698442431,0,899.5332,7,COPDEM30,15.92629605
RGI2000-v7.0-G-03-00951,03,03-01,G276497E80868N,1999-07-24T00:00:00,-83.50322280096154,80.8684605,0.16546295041791,0,711.3688,8,COPDEM30,15.69479923
RGI2000-v7.0-G-03-00952,03,03-01,G276605E80889N,1999-07-24T00:00:00,-83.4106845486931,80.8817745,5.817154932563915,0,810.5038,6,COPDEM30,43.76629039
RGI2000-v7.0-G-03-00953,03,03-01,G276705E80885N,1999-07-24T00:00:00,-83.30064168813685,80.8822955,1.607370046916332,0,679.93713,4,COPDEM30,27.74949377
RGI2000-v7.0-G-03-00954,03,03-01,G276718E80897N,1999-07-24T00:00:00,-83.28182004001444,80.896706,0.096424667759188,0,992.3286,1,COPDEM30,14.34732503
RGI2000-v7.0-G-03-00955,03,03-01,G276652E80902N,1999-07-24T00:00:00,-83.3481985230375,80.90235799999999,0.043644012919456,0,1131.6963,3,COPDEM30,12.92476094
RGI2000-v7.0-G-03-00956,03,03-01,G276646E80906N,1999-07-24T00:00:00,-83.35431036343223,80.90625650000001,0.044711227051031,0,1129.7251,3,COPDEM30,12.96030412
RGI2000-v7.0-G-03-00957,03,03-01,G276422E80897N,1999-07-24T00:00:00,-83.61725242620933,80.916616,2.697993917162039,0,904.7449,5,COPDEM30,32.99579979
RGI2000-v7.0-G-03-00958,03,03-01,G276306E80923N,1999-07-24T00:00:00,-83.70442987191026,80.91996900000001,1.531551460376056,0,903.25476,6,COPDEM30,27.32582137
RGI2000-v7.0-G-03-00959,03,03-01,G276820E80948N,1999-07-24T00:00:00,-83.17991466788438,80.947986,0.068911819650447,0,1001.0402,6,COPDEM30,13.67514852
RGI2000-v7.0-G-03-00960,03,03-01,G276816E80952N,1999-07-24T00:00:00,-83.18404065830434,80.951505,0.056127401655986,0,1027.926,7,COPDEM30,13.31677113
RGI2000-v7.0-G-03-00961,03,03-01,G276971E80940N,1999-07-24T00:00:00,-82.9880799408555,80.9255265,85.04457841145532,0,728.42,4,COPDEM90,100.00000000
RGI2000-v7.0-G-03-00962,03,03-01,G276931E80896N,1999-07-24T00:00:00,-83.0688148790787,80.8958535,0.262179488793444,0,760.60126,8,COPDEM30,17.16848518
RGI2000-v7.0-G-03-00963,03,03-01,G277015E80892N,1999-07-24T00:00:00,-82.9783050929608,80.8895775,3.331800701942541,0,723.8125,4,COPDEM30,35.55450914
RGI2000-v7.0-G-03-00964,03,03-01,G277076E80892N,1999-07-24T00:00:00,-82.92408636425061,80.892004,0.040162556316137,0,993.94165,7,COPDEM30,12.80568370
RGI2000-v7.0-G-03-00965,03,03-01,G277087E80892N,1999-07-24T00:00:00,-82.91309053961916,80.8918985,0.027922072931952,0,981.5355,2,COPDEM30,12.33938588
RGI2000-v7.0-G-03-00966,03,03-01,G277086E80888N,1999-07-24T00:00:00,-82.91420918971633,80.88761600000001,0.026548364811658,0,942.7905,4,COPDEM30,12.28111365
RGI2000-v7.0-G-03-00967,03,03-01,G277141E80900N,1999-07-24T00:00:00,-82.85631920837729,80.893794,5.075483159671606,0,725.9314,5,COPDEM30,41.54036619
RGI2000-v7.0-G-03-00968,03,03-01,G277197E80905N,1999-07-24T00:00:00,-82.8023764224138,80.906405,0.070155756007866,0,1010.6932,7,COPDEM30,13.70817046
RGI2000-v7.0-G-03-00969,03,03-01,G277290E80904N,1999-07-24T00:00:00,-82.72730975189354,80.8981435,3.961652670559507,0,762.36774,5,COPDEM30,37.86546112
RGI2000-v7.0-G-03-00970,03,03-01,G277326E80897N,1999-07-24T00:00:00,-82.67362694777779,80.897041,0.028926906055555,0,900.36884,4,COPDEM30,12.38110764
RGI2000-v7.0-G-03-00971,03,03-01,G277381E80909N,1999-07-24T00:00:00,-82.63176812162162,80.902817,2.167386095031848,0,768.3539,5,COPDEM30,30.61086302
RGI2000-v7.0-G-03-00972,03,03-01,G277407E80909N,1999-07-24T00:00:00,-82.59309565903342,80.909386,0.047929567352503,0,1077.2439,6,COPDEM30,13.06499514
RGI2000-v7.0-G-03-00973,03,03-01,G277426E80902N,1999-07-24T00:00:00,-82.57410405205519,80.901625,0.082306401544045,0,912.52997,3,COPDEM30,14.01647292
RGI2000-v7.0-G-03-00974,03,03-01,G277474E80912N,1999-07-24T00:00:00,-82.53368609212541,80.9076235,3.142871442170765,0,832.7655,4,COPDEM30,34.81940375
RGI2000-v7.0-G-03-00975,03,03-01,G277538E80912N,1999-07-24T00:00:00,-82.46224938590237,80.912487,0.111854657288741,0,984.83514,3,COPDEM30,14.68225510
RGI2000-v7.0-G-03-00976,03,03-01,G277596E80914N,1999-07-24T00:00:00,-82.41447358441236,80.9123645,1.755446742682888,0,803.8015,4,COPDEM30,28.54905824
RGI2000-v7.0-G-03-00977,03,03-01,G277811E80914N,1999-07-24T00:00:00,-82.57611831531523,80.9514945,105.88479514818317,0,823.96655,4,COPDEM90,100.00000000
RGI2000-v7.0-G-03-00978,03,03-01,G277171E80957N,1999-07-24T00:00:00,-82.82939396750274,80.956721,0.361619015069545,0,988.70044,6,COPDEM30,18.41886732
RGI2000-v7.0-G-03-00979,03,03-01,G277125E80959N,1999-07-24T00:00:00,-82.87541128129422,80.95931,0.271870813569161,0,1022.1646,5,COPDEM30,17.29977256
RGI2000-v7.0-G-03-00980,03,03-01,G276955E81026N,1999-07-24T00:00:00,-82.85901296494677,81.04577499999999,61.8676997375049,0,942.1658,1,COPDEM90,100.00000000
RGI2000-v7.0-G-03-00981,03,03-01,G277224E81055N,1999-07-24T00:00:00,-82.77552577960896,81.054726,2.860997714255158,0,938.47235,8,COPDEM30,33.68027770
RGI2000-v7.0-G-03-00982,03,03-01,G277322E81055N,1999-07-24T00:00:00,-82.61776484210804,81.06293149999999,38.98064348254513,0,971.7908,1,COPDEM90,97.40827262
RGI2000-v7.0-G-03-00983,03,03-01,G277946E81095N,1999-07-24T00:00:00,-82.09007741984236,81.07522349999999,88.11442897411507,0,1003.36426,8,COPDEM90,100.00000000
RGI2000-v7.0-G-03-00984,03,03-01,G278162E81098N,1999-07-24T00:00:00,-81.9021634854545,81.09137,23.698245396494084,0,939.55853,3,COPDEM90,78.15318113
RGI2000-v7.0-G-03-00985,03,03-01,G278246E81077N,1999-07-24T00:00:00,-81.76014969021207,81.0738785,1.176602571473557,0,851.73175,2,COPDEM30,25.18598380
RGI2000-v7.0-G-03-00986,03,03-01,G278179E81065N,1999-07-24T00:00:00,-81.82139524897678,81.06547950000001,1.273096224340973,0,973.96246,4,COPDEM30,25.79641921
RGI2000-v7.0-G-03-00987,03,03-01,G278039E81043N,1999-07-24T00:00:00,-81.96146971106555,81.0427225,15.162872567116773,0,865.1952,2,COPDEM90,64.51534668
RGI2000-v7.0-G-03-00988,03,03-01,G278189E81028N,1999-07-24T00:00:00,-81.81132890634682,81.027625,0.087037113840939,0,1012.0142,1,COPDEM30,14.13028744
RGI2000-v7.0-G-03-00989,03,03-01,G278215E81026N,1999-07-24T00:00:00,-81.77729772445596,81.025609,0.164707945343848,0,1028.5659,1,COPDEM30,15.68179173
RGI2000-v7.0-G-03-00990,03,03-01,G278141E81023N,1999-07-24T00:00:00,-81.80896110791087,81.015938,1.271642780172736,0,928.70337,4,COPDEM30,25.78739956
RGI2000-v7.0-G-03-00991,03,03-01,G278173E80995N,1999-07-24T00:00:00,-81.82786658784673,80.9926395,1.388075563857648,0,813.2334,3,COPDEM30,26.49432662
RGI2000-v7.0-G-03-00992,03,03-01,G278067E80980N,1999-07-24T00:00:00,-82.10268376362384,80.9976525,26.262941979296713,0,915.55707,3,COPDEM90,81.74633529
RGI2000-v7.0-G-03-00993,03,03-01,G277920E80969N,1999-07-24T00:00:00,-82.07985185151688,80.9687825,11.060130460463132,0,878.83655,5,COPDEM30,56.55948421
RGI2000-v7.0-G-03-00994,03,03-01,G278018E80948N,1999-07-24T00:00:00,-81.98151287826335,80.9483475,0.279321459590928,0,803.87415,1,COPDEM30,17.39912198
RGI2000-v7.0-G-03-00995,03,03-01,G278066E80979N,1999-07-24T00:00:00,-81.91132908619451,80.9449695,2.992812617882628,0,790.43646,1,COPDEM30,34.21964643
RGI2000-v7.0-G-03-00996,03,03-01,G278109E80930N,1999-07-24T00:00:00,-81.89065492882997,80.9303995,0.086432833454774,0,1113.189,4,COPDEM30,14.11592461
RGI2000-v7.0-G-03-00997,03,03-01,G278066E80927N,1999-07-24T00:00:00,-81.93419537638087,80.927262,0.390374265710882,0,1124.1112,4,COPDEM30,18.74719133
RGI2000-v7.0-G-03-00998,03,03-01,G278024E80924N,1999-07-24T00:00:00,-81.97616562885004,80.92420100000001,0.67954437386591,0,1110.6165,5,COPDEM30,21.54082741
RGI2000-v7.0-G-03-00999,03,03-01,G278023E80915N,1999-07-24T00:00:00,-81.97697964084398,80.915328,0.17831115362234,0,784.8827,8,COPDEM30,15.91176675
RGI2000-v7.0-G-03-01000,03,03-01,G277962E80926N,1999-07-24T00:00:00,-82.03764151922694,80.925918,0.301783956706537,0,1026.6279,8,COPDEM30,17.69088132
RGI2000-v7.0-G-03-01001,03,03-01,G278009E80937N,1999-07-24T00:00:00,-82.01830159527807,80.9369655,3.297963151653023,0,793.63257,8,COPDEM30,35.42441303
RGI2000-v7.0-G-03-01002,03,03-01,G278538E80958N,1999-07-24T00:00:00,-81.47926144615619,80.956159,0.885718217959941,0,869.7174,6,COPDEM30,23.17576452
RGI2000-v7.0-G-03-01003,03,03-01,G278612E80954N,1999-07-24T00:00:00,-81.3810634515094,80.953771,2.203526323691775,0,826.72217,6,COPDEM30,30.78199123
RGI2000-v7.0-G-03-01004,03,03-01,G278644E80978N,1999-07-24T00:00:00,-81.30242018598926,80.973939,8.60456586966396,0,860.7594,8,COPDEM30,51.06695643
RGI2000-v7.0-G-03-01005,03,03-01,G278587E80988N,1999-07-24T00:00:00,-81.41301247208696,80.9879195,2.126510425489783,0,993.4758,5,COPDEM30,30.41558335
RGI2000-v7.0-G-03-01006,03,03-01,G278607E81020N,1999-07-24T00:00:00,-81.38012911853933,81.019729,0.24918452712788,0,967.88586,3,COPDEM30,16.98857405
RGI2000-v7.0-G-03-01007,03,03-01,G278578E81023N,1999-07-24T00:00:00,-81.44626240955633,81.0221015,1.198741555544391,0,935.94086,7,COPDEM30,25.32818792
RGI2000-v7.0-G-03-01008,03,03-01,G278709E81026N,1999-07-24T00:00:00,-81.29118509673312,81.0260025,0.507140532827133,0,1068.4913,5,COPDEM30,19.96993202
RGI2000-v7.0-G-03-01009,03,03-01,G278775E81012N,1999-07-24T00:00:00,-81.21578513015024,81.010831,34.6136235839546,0,973.55005,8,COPDEM90,92.36668151
RGI2000-v7.0-G-03-01010,03,03-01,G279162E81017N,1999-07-24T00:00:00,-80.8148291012461,81.006562,31.566361731538176,0,943.5712,3,COPDEM90,88.65752920
RGI2000-v7.0-G-03-01011,03,03-01,G279229E80958N,1999-07-24T00:00:00,-80.77094029929592,80.958283,0.109544374139719,0,996.92725,2,COPDEM30,14.63364838
RGI2000-v7.0-G-03-01012,03,03-01,G279032E80941N,1999-07-24T00:00:00,-80.96831481018654,80.9405645,1.921088674608426,0,931.3397,5,COPDEM30,29.40446805
RGI2000-v7.0-G-03-01013,03,03-01,G279002E80973N,1999-07-24T00:00:00,-81.02461250861826,80.93934999999999,1.265002185963113,0,881.338,6,COPDEM30,25.74612424
RGI2000-v7.0-G-03-01014,03,03-01,G278676E80932N,1999-07-24T00:00:00,-81.18533851818184,80.942465,59.95356378659859,0,917.7407,5,COPDEM90,100.00000000
RGI2000-v7.0-G-03-01015,03,03-01,G278532E80929N,1999-07-24T00:00:00,-81.4675860191218,80.9294045,0.062078602008112,0,859.54846,7,COPDEM30,13.48818090
RGI2000-v7.0-G-03-01016,03,03-01,G278466E80867N,1999-07-24T00:00:00,-81.53440107671551,80.86653,1.92572402270982,0,834.6156,1,COPDEM30,29.42786423
RGI2000-v7.0-G-03-01017,03,03-01,G278424E80866N,1999-07-24T00:00:00,-81.57644430142203,80.8657265,0.251376184258164,0,921.5797,1,COPDEM30,17.01924014
RGI2000-v7.0-G-03-01018,03,03-01,G278388E80861N,1999-07-24T00:00:00,-81.60043194701285,80.8648965,0.18252565454071,0,931.4602,1,COPDEM30,15.98122298
RGI2000-v7.0-G-03-01019,03,03-01,G278389E80862N,1999-07-24T00:00:00,-81.60669286411738,80.86158599999999,0.840436033280343,0,1034.4232,8,COPDEM30,22.83454177
RGI2000-v7.0-G-03-01020,03,03-01,G278381E80856N,1999-07-24T00:00:00,-81.60696935915456,80.854443,1.111989202784617,0,1103.3862,7,COPDEM30,24.76312581
RGI2000-v7.0-G-03-01021,03,03-01,G278546E80866N,1999-07-24T00:00:00,-81.47398267545643,80.8640955,2.527520121687976,0,852.19183,2,COPDEM30,32.25744693
RGI2000-v7.0-G-03-01022,03,03-01,G279097E80845N,1999-07-24T00:00:00,-80.9098107764235,80.839653,2.644076759649058,0,966.9017,8,COPDEM30,32.76486426
RGI2000-v7.0-G-03-01023,03,03-01,G279158E80844N,1999-07-24T00:00:00,-80.84840099219082,80.84432849999999,0.405000066775491,0,908.6019,2,COPDEM30,18.90954618
RGI2000-v7.0-G-03-01024,03,03-01,G279241E80847N,1999-07-24T00:00:00,-80.75903074466211,80.847322,0.128463950261218,0,1021.97205,8,COPDEM30,15.01786152
RGI2000-v7.0-G-03-01025,03,03-01,G279458E80862N,1999-07-24T00:00:00,-80.53625806998207,80.864289,0.799174825403527,0,1013.4313,1,COPDEM30,22.51552100
RGI2000-v7.0-G-03-01026,03,03-01,G279777E80885N,1999-07-24T00:00:00,-80.20624630215252,80.8847715,4.492713454569027,0,1011.4454,7,COPDEM30,39.67443070
RGI2000-v7.0-G-03-01027,03,03-01,G279911E80899N,1999-07-24T00:00:00,-80.10177003281818,80.89877150000001,9.375841062820951,0,941.60004,1,COPDEM30,52.86799329
RGI2000-v7.0-G-03-01028,03,03-01,G279885E80954N,1999-07-24T00:00:00,-80.11589720637194,80.953022,0.333601798868697,0,991.8036,1,COPDEM30,18.08615809
RGI2000-v7.0-G-03-01029,03,03-01,G279800E80955N,1999-07-24T00:00:00,-80.18669376386877,80.9556465,2.421348161678182,0,939.24524,1,COPDEM30,31.78495443
RGI2000-v7.0-G-03-01030,03,03-01,G279741E80953N,1999-07-24T00:00:00,-80.26241498019802,80.9538185,1.119679961269773,0,1014.4855,1,COPDEM30,24.81409033
RGI2000-v7.0-G-03-01031,03,03-01,G279670E80946N,1999-07-24T00:00:00,-80.33001964883724,80.94601399999999,0.621313193453179,0,967.5614,1,COPDEM30,21.03527915
RGI2000-v7.0-G-03-01032,03,03-01,G279615E80942N,1999-07-24T00:00:00,-80.39522230250634,80.9415735,0.688166957134971,0,978.55707,8,COPDEM30,21.61381607
RGI2000-v7.0-G-03-01033,03,03-01,G279564E80938N,1999-07-24T00:00:00,-80.43567523330228,80.9380445,0.080141377143956,0,989.2514,8,COPDEM30,13.96329534
RGI2000-v7.0-G-03-01034,03,03-01,G279555E80938N,1999-07-24T00:00:00,-80.45189965697675,80.936151,0.12886617347845,0,996.1001,8,COPDEM30,15.02571090
RGI2000-v7.0-G-03-01035,03,03-01,G279554E80937N,1999-07-24T00:00:00,-80.46639577039528,80.9347935,0.03685398017838,0,1031.1938,1,COPDEM30,12.68763467
RGI2000-v7.0-G-03-01036,03,03-01,G279519E80933N,1999-07-24T00:00:00,-80.48113023888527,80.9331095,0.100189455505195,0,1086.9009,5,COPDEM30,14.43138052
RGI2000-v7.0-G-03-01037,03,03-01,G279500E80936N,1999-07-24T00:00:00,-80.5014176114276,80.934236,0.113422683317377,0,1062.6688,1,COPDEM30,14.71495980
RGI2000-v7.0-G-03-01038,03,03-01,G279658E80988N,1999-07-24T00:00:00,-80.34771670927606,80.985343,1.497068381236844,0,972.25476,7,COPDEM30,27.12966441
RGI2000-v7.0-G-03-01039,03,03-01,G279665E80994N,1999-07-24T00:00:00,-80.33511618760025,80.9935495,0.254907013029754,0,999.08826,7,COPDEM30,17.06836435
RGI2000-v7.0-G-03-01040,03,03-01,G279714E81002N,1999-07-24T00:00:00,-80.30849109996161,81.0029885,1.865900790605215,0,885.7751,1,COPDEM30,29.12371708
RGI2000-v7.0-G-03-01041,03,03-01,G279794E81002N,1999-07-24T00:00:00,-80.23173980555555,81.001672,4.121919512877486,0,858.54486,1,COPDEM30,38.42351534
RGI2000-v7.0-G-03-01042,03,03-01,G279852E80999N,1999-07-24T00:00:00,-80.14919716831838,80.9970865,0.200221333903489,0,985.64136,8,COPDEM30,16.26445380
RGI2000-v7.0-G-03-01043,03,03-01,G279889E81001N,1999-07-24T00:00:00,-80.11973800719613,81.000119,0.062141664805445,0,1025.5149,2,COPDEM30,13.48995219
RGI2000-v7.0-G-03-01044,03,03-01,G279736E80986N,1999-07-24T00:00:00,-80.27829273423161,80.9876525,0.385537179947901,0,1080.9977,4,COPDEM30,18.69282965
RGI2000-v7.0-G-03-01045,03,03-01,G279723E81042N,1999-07-24T00:00:00,-80.27927445082321,81.0411575,0.185799802015706,0,915.20593,2,COPDEM30,16.03463016
RGI2000-v7.0-G-03-01046,03,03-01,G279705E81045N,1999-07-24T00:00:00,-80.3089326724138,81.0447695,0.731336169512735,0,951.68427,1,COPDEM30,21.97254732
RGI2000-v7.0-G-03-01047,03,03-01,G279987E81052N,1999-07-24T00:00:00,-80.0133645936426,81.051591,0.124844864610167,0,1017.25134,7,COPDEM30,14.94667499
RGI2000-v7.0-G-03-01048,03,03-01,G280041E81058N,1999-07-24T00:00:00,-79.95921343449203,81.057774,0.219896465402607,0,1076.1183,6,COPDEM30,16.56503673
RGI2000-v7.0-G-03-01049,03,03-01,G280032E81062N,1999-07-24T00:00:00,-79.97866473292754,81.0612365,0.481239693975558,0,975.809,8,COPDEM30,19.71200185
RGI2000-v7.0-G-03-01050,03,03-01,G280078E81065N,1999-07-24T00:00:00,-79.93502310030395,81.062893,0.645448116470588,0,1068.4556,2,COPDEM30,21.24757000
RGI2000-v7.0-G-03-01051,03,03-01,G279956E81083N,1999-07-24T00:00:00,-80.05128866513519,81.0843615,1.216709926802479,0,1033.136,5,COPDEM30,25.44264050
RGI2000-v7.0-G-03-01052,03,03-01,G280121E81115N,1999-07-24T00:00:00,-80.01104386864193,81.1090715,8.063114036915396,0,1159.6241,3,COPDEM30,49.75387215
RGI2000-v7.0-G-03-01053,03,03-01,G280122E81116N,1999-07-24T00:00:00,-79.85128100964192,81.1030105,39.8467528540213,0,1098.5292,5,COPDEM90,98.37399821
RGI2000-v7.0-G-03-01054,03,03-01,G280347E81098N,1999-07-24T00:00:00,-79.6532294671474,81.0983745,0.223022532265001,0,907.3108,2,COPDEM30,16.61153661
RGI2000-v7.0-G-03-01055,03,03-01,G280375E81114N,1999-07-24T00:00:00,-79.62947549004119,81.11061799999999,2.147007499440157,0,1066.665,4,COPDEM30,30.51373856
RGI2000-v7.0-G-03-01056,03,03-01,G280403E81130N,1999-07-24T00:00:00,-79.57264730173898,81.1297705,3.042767854006237,0,1064.6012,3,COPDEM30,34.42094387
RGI2000-v7.0-G-03-01057,03,03-01,G280447E81079N,1999-07-24T00:00:00,-79.55335888261419,81.0789215,0.173069624973619,0,1045.9409,1,COPDEM30,15.82422926
RGI2000-v7.0-G-03-01058,03,03-01,G280422E81076N,1999-07-24T00:00:00,-79.57833729999999,81.07575,0.070869913532962,0,1137.3744,7,COPDEM30,13.72699652
RGI2000-v7.0-G-03-01059,03,03-01,G280491E81077N,1999-07-24T00:00:00,-79.51812027616681,81.077297,0.879834863624415,0,1034.1459,1,COPDEM30,23.13193182
RGI2000-v7.0-G-03-01060,03,03-01,G280497E81069N,1999-07-24T00:00:00,-79.49867684176226,81.0681795,0.636039648917805,0,1161.5093,7,COPDEM30,21.16529315
RGI2000-v7.0-G-03-01061,03,03-01,G280553E81074N,1999-07-24T00:00:00,-79.45777511810549,81.07347100000001,1.138862798174258,0,1100.9272,2,COPDEM30,24.94045208
RGI2000-v7.0-G-03-01062,03,03-01,G280596E81072N,1999-07-24T00:00:00,-79.40908123553112,81.0714485,0.468706587662618,0,964.9428,2,COPDEM30,19.58470089
RGI2000-v7.0-G-03-01063,03,03-01,G280066E80963N,1999-07-24T00:00:00,-79.93449013732392,80.9633455,0.195637089547862,0,1018.8265,1,COPDEM30,16.19232344
RGI2000-v7.0-G-03-01064,03,03-01,G280029E80962N,1999-07-24T00:00:00,-79.9711906415608,80.9617895,0.218295503360251,0,963.8151,8,COPDEM30,16.54109461
RGI2000-v7.0-G-03-01065,03,03-01,G279123E80783N,1999-07-21T00:00:00,-80.87701953271028,80.783164,0.150640930810273,0,828.01587,7,COPDEM30,15.43374847
RGI2000-v7.0-G-03-01066,03,03-01,G279134E80774N,1999-07-21T00:00:00,-80.8724893854041,80.773116,1.264751459186916,0,1086.6995,8,COPDEM30,25.74456370
RGI2000-v7.0-G-03-01067,03,03-01,G279100E80756N,1999-07-21T00:00:00,-80.89989130694305,80.75616600000001,0.131971284793475,0,1069.966,8,COPDEM30,15.08589931
RGI2000-v7.0-G-03-01068,03,03-01,G278865E80734N,1999-07-21T00:00:00,-81.03392595821083,80.7371575,9.075045928060764,0,948.8602,8,COPDEM30,52.17474365
RGI2000-v7.0-G-03-01069,03,03-01,G278963E80713N,1999-07-21T00:00:00,-81.03718139204935,80.7127535,0.123105087680494,0,743.44135,8,COPDEM30,14.91208685
RGI2000-v7.0-G-03-01070,03,03-01,G278453E80711N,1999-07-21T00:00:00,-81.55461198601215,80.7096135,0.452412078946956,0,797.0346,1,COPDEM30,19.41662187
RGI2000-v7.0-G-03-01071,03,03-01,G278401E80710N,1999-07-21T00:00:00,-81.60461358564717,80.7089235,0.180786379955162,0,761.4684,1,COPDEM30,15.95265743
RGI2000-v7.0-G-03-01072,03,03-01,G278308E80703N,1999-07-21T00:00:00,-81.69858821887483,80.70119700000001,2.013061130045141,0,783.6578,8,COPDEM30,29.86353396
RGI2000-v7.0-G-03-01073,03,03-01,G278320E80688N,1999-07-21T00:00:00,-81.67997857768691,80.68695650000001,0.868605106685769,0,763.5082,2,COPDEM30,23.04785810
RGI2000-v7.0-G-03-01074,03,03-01,G277697E80809N,1999-07-24T00:00:00,-82.30346949210083,80.8087215,0.308670602917882,0,749.76807,8,COPDEM30,17.77813848
RGI2000-v7.0-G-03-01075,03,03-01,G277675E80826N,1999-07-24T00:00:00,-82.32601507813283,80.8238125,0.637440465975304,0,816.37573,7,COPDEM30,21.17758164
RGI2000-v7.0-G-03-01076,03,03-01,G277705E80826N,1999-07-24T00:00:00,-82.294616520374,80.8260695,0.510775512806248,0,780.15466,1,COPDEM30,20.00559846
RGI2000-v7.0-G-03-01077,03,03-01,G277811E80838N,1999-07-24T00:00:00,-82.18879567976725,80.83783600000001,0.224115553683812,0,758.3666,8,COPDEM30,16.62771820
RGI2000-v7.0-G-03-01078,03,03-01,G277851E80838N,1999-07-24T00:00:00,-82.14910815623381,80.838439,0.210525768343229,0,815.9032,1,COPDEM30,16.42363220
RGI2000-v7.0-G-03-01079,03,03-01,G277879E80839N,1999-07-24T00:00:00,-82.12053526775074,80.83938,0.131299098491566,0,822.77136,8,COPDEM30,15.07293045
RGI2000-v7.0-G-03-01080,03,03-01,G277902E80840N,1999-07-24T00:00:00,-82.09833171997332,80.8399095,0.217473230441951,0,791.9735,1,COPDEM30,16.52876353
RGI2000-v7.0-G-03-01081,03,03-01,G277841E80834N,1999-07-24T00:00:00,-82.1610913841106,80.832637,0.34674801793314,0,840.8559,7,COPDEM30,18.24394393
RGI2000-v7.0-G-03-01082,03,03-01,G277543E80799N,1999-07-24T00:00:00,-82.43131309424732,80.7993625,3.359197332852408,0,720.68835,8,COPDEM30,35.65935847
RGI2000-v7.0-G-03-01083,03,03-01,G277442E80797N,1999-07-24T00:00:00,-82.55761624141968,80.7971585,0.347614441602727,0,652.32776,1,COPDEM30,18.25423713
RGI2000-v7.0-G-03-01084,03,03-01,G277272E80798N,1999-07-24T00:00:00,-82.72833016875504,80.7975955,5.31454085901711,0,727.51917,1,COPDEM30,42.27460315
RGI2000-v7.0-G-03-01085,03,03-01,G276534E80842N,1999-07-24T00:00:00,-83.45754281337584,80.839054,0.475551841578778,0,656.93097,2,COPDEM30,19.65443737
RGI2000-v7.0-G-03-01086,03,03-01,G276408E80813N,1999-07-24T00:00:00,-83.57889022646597,80.8130735,3.436853198691882,0,710.87964,1,COPDEM30,35.95425258
RGI2000-v7.0-G-03-01087,03,03-01,G275637E80863N,1999-07-24T00:00:00,-84.36339800471971,80.86301399999999,0.154913951530178,0,699.00287,1,COPDEM30,15.51027536
RGI2000-v7.0-G-03-01088,03,03-01,G275409E80853N,1999-07-24T00:00:00,-84.5871243892694,80.8535745,0.524199145903925,0,668.57434,2,COPDEM30,20.13622378
RGI2000-v7.0-G-03-01089,03,03-01,G275355E80857N,1999-07-24T00:00:00,-84.63776987644133,80.855052,5.563007905922555,0,638.73157,2,COPDEM30,43.02044139
RGI2000-v7.0-G-03-01090,03,03-01,G275372E80841N,1999-07-24T00:00:00,-84.62511835991376,80.84013999999999,0.584908244091577,0,747.3967,4,COPDEM30,20.70710119
RGI2000-v7.0-G-03-01091,03,03-01,G275275E80836N,1999-07-24T00:00:00,-84.72748474136456,80.834978,2.647229297022872,0,789.74207,4,COPDEM30,32.77843151
RGI2000-v7.0-G-03-01092,03,03-01,G275139E80832N,1999-07-24T00:00:00,-84.85804382990315,80.829448,2.111196215353478,0,834.23535,6,COPDEM30,30.34193841
RGI2000-v7.0-G-03-01093,03,03-01,G275120E80845N,1999-07-24T00:00:00,-84.87953380118093,80.84536800000001,1.056359766914205,0,727.0501,8,COPDEM30,24.38911096
RGI2000-v7.0-G-03-01094,03,03-01,G275191E80856N,1999-07-24T00:00:00,-84.82768106100065,80.853845,7.147071191706275,0,640.5965,8,COPDEM30,47.42760951
RGI2000-v7.0-G-03-01095,03,03-01,G275053E80839N,1999-07-24T00:00:00,-84.94668846277494,80.83855199999999,0.142796717319745,0,824.5466,1,COPDEM30,15.29038341
RGI2000-v7.0-G-03-01096,03,03-01,G275029E80836N,1999-07-24T00:00:00,-84.97133327699228,80.836481,0.061961585887497,0,990.17017,1,COPDEM30,13.48489180
RGI2000-v7.0-G-03-01097,03,03-01,G275032E80826N,1999-07-24T00:00:00,-84.96818126811594,80.8264855,0.260294822185676,0,694.4868,1,COPDEM30,17.14267353
RGI2000-v7.0-G-03-01098,03,03-01,G274936E80819N,1999-07-24T00:00:00,-85.06412118277218,80.81851449999999,0.084199260097863,0,704.562,7,COPDEM30,14.06239523
RGI2000-v7.0-G-03-01099,03,03-01,G274890E80824N,1999-07-24T00:00:00,-85.10951352888691,80.823906,0.127611315922704,0,862.4115,8,COPDEM30,15.00118165
RGI2000-v7.0-G-03-01100,03,03-01,G274815E80795N,1999-07-24T00:00:00,-85.18522496227888,80.795406,0.037988995065992,0,816.06854,5,COPDEM30,12.72870721
RGI2000-v7.0-G-03-01101,03,03-01,G274731E80790N,1999-07-24T00:00:00,-85.26862288135558,80.789725,0.044859617451254,0,781.9775,8,COPDEM30,12.96521247
RGI2000-v7.0-G-03-01102,03,03-01,G274644E80762N,1999-07-24T00:00:00,-85.33755503626767,80.765199,3.191496503383848,0,717.1912,1,COPDEM30,35.01066402
RGI2000-v7.0-G-03-01103,03,03-01,G274562E80762N,1999-07-24T00:00:00,-85.4187873269494,80.75987,2.39468415623868,0,723.00024,8,COPDEM30,31.66467389
RGI2000-v7.0-G-03-01104,03,03-01,G274610E80746N,1999-07-24T00:00:00,-85.38999725785459,80.745945,0.935809034601608,0,935.4529,7,COPDEM30,23.54321124
RGI2000-v7.0-G-03-01105,03,03-01,G274554E80740N,1999-07-24T00:00:00,-85.44352337589159,80.7396075,0.435669525348814,0,806.99915,6,COPDEM30,19.24073736
RGI2000-v7.0-G-03-01106,03,03-01,G274548E80748N,1999-07-24T00:00:00,-85.46374815528578,80.74613149999999,1.345635791307984,0,763.6123,1,COPDEM30,26.24021598
RGI2000-v7.0-G-03-01107,03,03-01,G274465E80740N,1999-07-24T00:00:00,-85.52384404795029,80.7420995,1.548624276567496,0,757.9137,8,COPDEM30,27.42212267
RGI2000-v7.0-G-03-01108,03,03-01,G274403E80737N,1999-07-24T00:00:00,-85.57010582336953,80.7335955,3.111387761036919,0,773.6041,8,COPDEM30,34.69477680
RGI2000-v7.0-G-03-01109,03,03-01,G274498E80729N,1999-07-24T00:00:00,-85.49558929881078,80.728745,1.536160652506781,0,764.246,3,COPDEM30,27.35187275
RGI2000-v7.0-G-03-01110,03,03-01,G274399E80710N,1999-07-24T00:00:00,-85.59495444768427,80.712681,3.351025550343769,0,791.6483,3,COPDEM30,35.62812923
RGI2000-v7.0-G-03-01111,03,03-01,G274376E80698N,1999-07-24T00:00:00,-85.62352474034356,80.698426,0.427270602842504,0,859.9154,3,COPDEM30,19.15123151
RGI2000-v7.0-G-03-01112,03,03-01,G274353E80698N,1999-07-24T00:00:00,-85.6626359026975,80.697052,0.463451167262403,0,884.7017,5,COPDEM30,19.53081470
RGI2000-v7.0-G-03-01113,03,03-01,G274307E80704N,1999-07-24T00:00:00,-85.69173195881731,80.702659,0.617273947991923,0,872.5362,7,COPDEM30,20.99934970
RGI2000-v7.0-G-03-01114,03,03-01,G274268E80712N,1999-07-24T00:00:00,-85.73286395685383,80.7111865,0.583563074595897,0,772.3862,6,COPDEM30,20.69478203
RGI2000-v7.0-G-03-01115,03,03-01,G274310E80716N,1999-07-24T00:00:00,-85.6984997287736,80.7170325,1.744588687090863,0,788.72894,8,COPDEM30,28.49160303
RGI2000-v7.0-G-03-01116,03,03-01,G274651E80741N,1999-07-24T00:00:00,-85.32698921866844,80.74005,2.184826642207534,0,853.27155,5,COPDEM30,30.69362273
RGI2000-v7.0-G-03-01117,03,03-01,G274728E80748N,1999-07-24T00:00:00,-85.26589193043887,80.747163,1.443514465954623,0,786.9406,3,COPDEM30,26.82048856
RGI2000-v7.0-G-03-01118,03,03-01,G274756E80760N,1999-07-24T00:00:00,-85.2665394014831,80.7566445,2.973135910636068,0,798.02216,3,COPDEM30,34.13989723
RGI2000-v7.0-G-03-01119,03,03-01,G274833E80768N,1999-07-24T00:00:00,-85.16380879381407,80.7663895,0.640494167924407,0,801.88306,1,COPDEM30,21.20432313
RGI2000-v7.0-G-03-01120,03,03-01,G274912E80779N,1999-07-24T00:00:00,-85.08809980472441,80.779055,0.065691491319758,0,776.82733,1,COPDEM30,13.58824920
RGI2000-v7.0-G-03-01121,03,03-01,G274944E80777N,1999-07-24T00:00:00,-85.05625693082172,80.776952,0.038693948569955,0,898.589,5,COPDEM30,12.75390884
RGI2000-v7.0-G-03-01122,03,03-01,G275267E80813N,1999-07-24T00:00:00,-84.73303211122857,80.812623,0.071882952677845,0,761.86743,8,COPDEM30,13.75353949
RGI2000-v7.0-G-03-01123,03,03-01,G274691E80855N,1999-07-24T00:00:00,-85.30964267715098,80.85401949999999,1.797162229339235,0,903.683,5,COPDEM30,28.76815913
RGI2000-v7.0-G-03-01124,03,03-01,G274594E80859N,1999-07-24T00:00:00,-85.4057930081168,80.85863800000001,0.334767432164551,0,867.5454,6,COPDEM30,18.10027263
RGI2000-v7.0-G-03-01125,03,03-01,G274550E80850N,1999-07-24T00:00:00,-85.4500097229213,80.850283,0.186443491551847,0,716.2915,8,COPDEM30,16.04507439
RGI2000-v7.0-G-03-01126,03,03-01,G274483E80841N,1999-07-24T00:00:00,-85.5166768130708,80.8411745,0.059869456986972,0,680.44434,7,COPDEM30,13.42555303
RGI2000-v7.0-G-03-01127,03,03-01,G274489E80830N,1999-07-24T00:00:00,-85.5112533231053,80.8295865,0.085063494168059,0,654.875,7,COPDEM30,14.08319052
RGI2000-v7.0-G-03-01128,03,03-01,G274591E80834N,1999-07-24T00:00:00,-85.40894360135135,80.834444,0.187201557316036,0,891.84143,7,COPDEM30,16.05735134
RGI2000-v7.0-G-03-01129,03,03-01,G274768E80882N,1999-07-24T00:00:00,-85.28463842527714,80.8789675,14.43385803257599,0,806.9481,2,COPDEM90,63.18868465
RGI2000-v7.0-G-03-01130,03,03-01,G274542E80885N,1999-07-24T00:00:00,-85.44719115647536,80.8847485,9.11062516417132,0,954.5292,8,COPDEM30,52.25733702
RGI2000-v7.0-G-03-01131,03,03-01,G274437E80880N,1999-07-24T00:00:00,-85.56326715170593,80.87986699999999,0.331374764561216,0,673.2804,7,COPDEM30,18.05912240
RGI2000-v7.0-G-03-01132,03,03-01,G275536E80974N,1999-07-24T00:00:00,-84.4595969540477,80.97055399999999,36.31648931629483,0,857.2224,1,COPDEM90,94.36842956
RGI2000-v7.0-G-03-01133,03,03-01,G275362E80674N,1999-07-21T00:00:00,-84.64424304268768,80.675991,0.170383558423956,0,755.6681,8,COPDEM30,15.77885607
RGI2000-v7.0-G-03-01134,03,03-01,G275363E80675N,1999-07-21T00:00:00,-84.61481018228554,80.672751,2.503434674549762,0,817.67596,1,COPDEM30,32.15114435
RGI2000-v7.0-G-03-01135,03,03-01,G275446E80670N,1999-07-21T00:00:00,-84.54914208488802,80.6718505,11.522216061314785,0,808.02313,1,COPDEM30,57.52214587
RGI2000-v7.0-G-03-01136,03,03-01,G275555E80663N,1999-07-21T00:00:00,-84.44637024497663,80.666381,6.131738211380029,0,778.7318,1,COPDEM30,44.66728558
RGI2000-v7.0-G-03-01137,03,03-01,G275677E80659N,1999-07-21T00:00:00,-84.30005666437876,80.66040899999999,15.196494200897767,0,824.3983,8,COPDEM90,64.57575344
RGI2000-v7.0-G-03-01138,03,03-01,G275789E80666N,1999-07-21T00:00:00,-84.20308653902615,80.6700345,5.281594991765601,0,783.26904,1,COPDEM30,42.17440937
RGI2000-v7.0-G-03-01139,03,03-01,G275872E80661N,1999-07-21T00:00:00,-84.12600497841171,80.660408,1.095854368852447,0,851.7127,3,COPDEM30,24.65562883
RGI2000-v7.0-G-03-01140,03,03-01,G275952E80657N,1999-07-21T00:00:00,-84.04811739091352,80.657429,0.477105490578626,0,1002.75714,5,COPDEM30,19.67019525
RGI2000-v7.0-G-03-01141,03,03-01,G275996E80665N,1999-07-21T00:00:00,-84.0036585699871,80.66461749999999,0.732613854861671,0,836.7601,2,COPDEM30,21.98300111
RGI2000-v7.0-G-03-01142,03,03-01,G275909E80675N,1999-07-21T00:00:00,-84.07846111912863,80.678301,6.334449673878701,0,679.8007,1,COPDEM30,45.23566568
RGI2000-v7.0-G-03-01143,03,03-01,G275836E80642N,1999-07-21T00:00:00,-84.17400659517213,80.639887,0.845918466938874,0,762.9734,2,COPDEM30,22.87633564
RGI2000-v7.0-G-03-01144,03,03-01,G275692E80629N,1999-07-21T00:00:00,-84.29909395217554,80.626919,0.416689679777193,0,797.8522,4,COPDEM30,19.03721070
RGI2000-v7.0-G-03-01145,03,03-01,G275657E80617N,1999-07-21T00:00:00,-84.33758582916829,80.616757,0.654443867032315,0,750.9628,3,COPDEM30,21.32567870
RGI2000-v7.0-G-03-01146,03,03-01,G275504E80625N,1999-07-21T00:00:00,-84.42585363557208,80.61961,27.616880926700862,0,824.32465,5,COPDEM90,83.57247217
RGI2000-v7.0-G-03-01147,03,03-01,G275585E80595N,1999-07-21T00:00:00,-84.41516027919707,80.59491600000001,0.072649297376981,0,775.63336,7,COPDEM30,13.77349470
RGI2000-v7.0-G-03-01148,03,03-01,G275283E80613N,1999-07-21T00:00:00,-84.72417906845683,80.604788,1.154392488201571,0,871.3346,4,COPDEM30,25.04197220
RGI2000-v7.0-G-03-01149,03,03-01,G275230E80610N,1999-07-21T00:00:00,-84.77667053860623,80.5976175,2.531619823357651,0,862.44885,5,COPDEM30,32.27549069
RGI2000-v7.0-G-03-01150,03,03-01,G275094E80612N,1999-07-21T00:00:00,-84.901341304662,80.618121,20.02901779139914,0,819.16797,7,COPDEM90,72.65530693
RGI2000-v7.0-G-03-01151,03,03-01,G275173E80643N,1999-07-21T00:00:00,-84.82357900912149,80.6448235,2.363475768312528,0,833.08075,8,COPDEM30,31.52303999
RGI2000-v7.0-G-03-01152,03,03-01,G275252E80651N,1999-07-21T00:00:00,-84.72614052108297,80.65456900000001,9.514616302787326,0,824.68274,8,COPDEM30,53.18408035
RGI2000-v7.0-G-03-01153,03,03-01,G275245E80665N,1999-07-21T00:00:00,-84.7547848130971,80.6646705,0.114877023587827,0,705.81604,8,COPDEM30,14.74509185
RGI2000-v7.0-G-03-01154,03,03-01,G275299E80668N,1999-07-21T00:00:00,-84.69959889042545,80.6681465,0.806406524083752,0,800.18964,8,COPDEM30,22.57201968
RGI2000-v7.0-G-03-01155,03,03-01,G274716E80597N,1999-07-21T00:00:00,-85.28406927482271,80.597142,0.125494880954396,0,660.50323,7,COPDEM30,14.95953593
RGI2000-v7.0-G-03-01156,03,03-01,G274700E80587N,1999-07-21T00:00:00,-85.30005559701257,80.587358,0.204297517885156,0,642.99133,8,COPDEM30,16.32789961
RGI2000-v7.0-G-03-01157,03,03-01,G274659E80575N,1999-07-21T00:00:00,-85.34112784835526,80.5752995,0.10111908825356,0,601.0312,7,COPDEM30,14.45189188
RGI2000-v7.0-G-03-01158,03,03-01,G272536E81110N,1999-07-24T00:00:00,-87.46387814220651,81.11024599999999,0.032649728239801,0,783.6748,8,COPDEM30,12.52969301
RGI2000-v7.0-G-03-01159,03,03-01,G272277E81103N,1999-07-24T00:00:00,-87.72296294072393,81.1029115,0.040171077926149,0,683.628,1,COPDEM30,12.80598134
RGI2000-v7.0-G-03-01160,03,03-01,G271989E81094N,1999-07-24T00:00:00,-88.01107029645135,81.09384299999999,0.061013907804882,0,640.75415,3,COPDEM30,13.45813908
RGI2000-v7.0-G-03-01161,03,03-01,G271972E81100N,1999-07-24T00:00:00,-88.03318191121497,81.099356,0.118394943597112,0,754.1737,2,COPDEM30,14.81719928
RGI2000-v7.0-G-03-01162,03,03-01,G271946E81109N,1999-07-24T00:00:00,-88.06778067500662,81.108541,1.821258480870837,0,678.2361,1,COPDEM30,28.89356140
RGI2000-v7.0-G-03-01163,03,03-01,G271886E81130N,1999-07-24T00:00:00,-88.12344421488764,81.129182,1.175818689438903,0,630.27673,1,COPDEM30,25.18092432
RGI2000-v7.0-G-03-01164,03,03-01,G273145E81255N,1999-07-24T00:00:00,-86.85472553065297,81.25456500000001,0.111724152417638,0,680.6205,8,COPDEM30,14.67952283
RGI2000-v7.0-G-03-01165,03,03-01,G273174E81257N,1999-07-24T00:00:00,-86.82561993239115,81.257025,0.024983365889755,0,890.1623,7,COPDEM30,12.21285782
RGI2000-v7.0-G-03-01166,03,03-01,G273153E81264N,1999-07-24T00:00:00,-86.83880551951191,81.263857,1.294684118047786,0,776.2293,7,COPDEM30,25.92978616
RGI2000-v7.0-G-03-01167,03,03-01,G273225E81264N,1999-07-24T00:00:00,-86.78294287187398,81.2643695,0.542960915690787,0,801.99695,2,COPDEM30,20.31602343
RGI2000-v7.0-G-03-01168,03,03-01,G273178E81271N,1999-07-24T00:00:00,-86.83587780319147,81.27490700000001,1.071252682067436,0,722.89594,8,COPDEM30,24.49018722
RGI2000-v7.0-G-03-01169,03,03-01,G273244E81296N,1999-07-24T00:00:00,-86.75421394939778,81.2939975,0.928584536836038,0,725.8476,1,COPDEM30,23.49083278
RGI2000-v7.0-G-03-01170,03,03-01,G273258E81314N,1999-07-24T00:00:00,-86.74154269119072,81.313851,0.395410900607137,0,837.51624,8,COPDEM30,18.80343890
RGI2000-v7.0-G-03-01171,03,03-01,G273396E81258N,1999-07-24T00:00:00,-86.60425785740406,81.2583985,0.180884831618411,0,661.2042,1,COPDEM30,15.95427804
RGI2000-v7.0-G-03-01172,03,03-01,G273428E81251N,1999-07-24T00:00:00,-86.57224179225261,81.250828,0.387286479291531,0,603.01086,8,COPDEM30,18.71252833
RGI2000-v7.0-G-03-01173,03,03-01,G273546E81250N,1999-07-24T00:00:00,-86.47022881849513,81.248694,1.772518848835399,0,734.8987,2,COPDEM30,28.63903684
RGI2000-v7.0-G-03-01174,03,03-01,G273571E81246N,1999-07-24T00:00:00,-86.42902147172353,81.245788,0.213517735929642,0,873.1472,1,COPDEM30,16.46911711
RGI2000-v7.0-G-03-01175,03,03-01,G274561E81806N,1999-07-24T00:00:00,-85.43942378668956,81.8056155,0.096803473318025,0,790.2114,1,COPDEM30,14.35585592
RGI2000-v7.0-G-03-01176,03,03-01,G274957E81823N,1999-07-24T00:00:00,-85.04331254063358,81.8227915,0.144157696313743,0,741.2041,1,COPDEM30,15.31553464
RGI2000-v7.0-G-03-01177,03,03-01,G275013E81825N,1999-07-24T00:00:00,-84.98806063340695,81.82484099999999,0.680347244411145,0,798.63574,2,COPDEM30,21.54764305
RGI2000-v7.0-G-03-01178,03,03-01,G275055E81824N,1999-07-24T00:00:00,-84.94469125,81.824219,0.050618740289964,0,834.5707,2,COPDEM30,13.14980525
RGI2000-v7.0-G-03-01179,03,03-01,G275090E81820N,1999-07-24T00:00:00,-84.9096321158945,81.819695,0.226277647207906,0,769.3817,1,COPDEM30,16.65961101
RGI2000-v7.0-G-03-01180,03,03-01,G275117E81816N,1999-07-24T00:00:00,-84.88263291132597,81.8158155,0.101850721675967,0,771.5376,1,COPDEM30,14.46796838
RGI2000-v7.0-G-03-01181,03,03-01,G275167E81818N,1999-07-24T00:00:00,-84.83281750000006,81.8180825,0.013122058234933,0,816.8947,1,COPDEM30,11.60372174
RGI2000-v7.0-G-03-01182,03,03-01,G275162E81822N,1999-07-24T00:00:00,-84.83772178907688,81.82195999999999,0.033444046877304,0,713.0863,1,COPDEM30,12.56027990
RGI2000-v7.0-G-03-01183,03,03-01,G275210E81820N,1999-07-24T00:00:00,-84.79003477132702,81.819725,0.025676630138131,0,803.9454,2,COPDEM30,12.24335006
RGI2000-v7.0-G-03-01184,03,03-01,G275291E81822N,1999-07-24T00:00:00,-84.70855489237735,81.82195999999999,0.325588489739738,0,865.0084,1,COPDEM30,17.98845066
RGI2000-v7.0-G-03-01185,03,03-01,G275293E81832N,1999-07-24T00:00:00,-84.72543388903708,81.8304355,0.871035308610673,0,845.8128,2,COPDEM30,23.06609814
RGI2000-v7.0-G-03-01186,03,03-01,G275233E81842N,1999-07-24T00:00:00,-84.76679145075137,81.841782,0.02654337690197,0,828.5145,2,COPDEM30,12.28089936
RGI2000-v7.0-G-03-01187,03,03-01,G275230E81845N,1999-07-24T00:00:00,-84.7696548329925,81.844527,0.019391328440898,0,895.29724,4,COPDEM30,11.94953850
RGI2000-v7.0-G-03-01188,03,03-01,G275205E81853N,1999-07-24T00:00:00,-84.80011852314814,81.852134,0.84844238061362,0,746.7685,2,COPDEM30,22.89553049
RGI2000-v7.0-G-03-01189,03,03-01,G275135E81855N,1999-07-24T00:00:00,-84.86481319761361,81.855267,0.040979444253592,0,839.9221,8,COPDEM30,12.83407323
RGI2000-v7.0-G-03-01190,03,03-01,G274991E81845N,1999-07-24T00:00:00,-85.00853039958068,81.84518650000001,0.321068976836095,0,685.0868,1,COPDEM30,17.93281283
RGI2000-v7.0-G-03-01191,03,03-01,G274987E81834N,1999-07-24T00:00:00,-85.01322635069442,81.83434700000001,0.046416762544458,0,553.5083,1,COPDEM30,13.01623697
RGI2000-v7.0-G-03-01192,03,03-01,G274945E81857N,1999-07-24T00:00:00,-85.06456442234042,81.857364,0.642333576674042,0,704.0768,1,COPDEM30,21.22040022
RGI2000-v7.0-G-03-01193,03,03-01,G275315E82049N,1999-07-24T00:00:00,-84.6847748845085,82.0485725,0.328219940833671,0,787.7115,6,COPDEM30,18.02066758
RGI2000-v7.0-G-03-01194,03,03-01,G275219E82077N,1999-07-24T00:00:00,-84.7583958413813,82.06594100000001,37.87412348548662,0,766.5345,4,COPDEM90,96.15873840
RGI2000-v7.0-G-03-01195,03,03-01,G275461E82067N,1999-07-24T00:00:00,-84.53860034322032,82.06721250000001,0.697542819984784,0,1030.9666,6,COPDEM30,21.69266406
RGI2000-v7.0-G-03-01196,03,03-01,G275397E82029N,1999-07-24T00:00:00,-84.42879694230959,82.045702,8.691084916843579,0,759.9098,6,COPDEM30,51.27290447
RGI2000-v7.0-G-03-01197,03,03-01,G275645E82034N,1999-07-24T00:00:00,-84.36070622008059,82.03454049999999,0.099762791793187,0,624.531,8,COPDEM30,14.42193478
RGI2000-v7.0-G-03-01198,03,03-01,G275944E82055N,1999-07-24T00:00:00,-83.99656003103553,82.055136,50.08870182225193,0,763.6831,4,COPDEM90,100.00000000
RGI2000-v7.0-G-03-01199,03,03-01,G276402E82042N,1999-07-24T00:00:00,-83.74464474369269,82.0546445,27.68124834835421,0,660.32886,4,COPDEM90,83.65816096
RGI2000-v7.0-G-03-01200,03,03-01,G276338E82019N,1999-07-24T00:00:00,-83.66187879822266,82.019183,0.438086209570905,0,897.0781,1,COPDEM30,19.26633137
RGI2000-v7.0-G-03-01201,03,03-01,G276307E82009N,1999-07-24T00:00:00,-83.69976885364176,82.00841249999999,0.716587201867506,0,814.16516,7,COPDEM30,21.85120633
RGI2000-v7.0-G-03-01202,03,03-01,G276500E82090N,1999-07-24T00:00:00,-83.58478761840772,82.0893995,30.645074000994207,0,828.95325,4,COPDEM90,87.50119034
RGI2000-v7.0-G-03-01203,03,03-01,G276737E82107N,1999-07-24T00:00:00,-83.35943709537199,82.1058635,4.342671558397793,0,826.2835,3,COPDEM30,39.17470866
RGI2000-v7.0-G-03-01204,03,03-01,G276590E82118N,1999-07-24T00:00:00,-83.40981729219064,82.1182585,0.011357323148744,0,1138.9124,4,COPDEM30,11.49199039
RGI2000-v7.0-G-03-01205,03,03-01,G276465E82131N,1999-07-24T00:00:00,-83.5348115778846,82.13125249999999,0.914275440185594,0,1362.4878,4,COPDEM30,23.38648521
RGI2000-v7.0-G-03-01206,03,03-01,G276463E82133N,1999-07-24T00:00:00,-83.53651863715197,82.13346200000001,0.04216569401396,0,1543.5216,4,COPDEM30,12.87480017
RGI2000-v7.0-G-03-01207,03,03-01,G276617E82111N,1999-07-24T00:00:00,-83.19536005126788,82.1400075,18.868679276208134,0,905.4243,3,COPDEM90,70.81333027
RGI2000-v7.0-G-03-01208,03,03-01,G276854E82147N,1999-07-24T00:00:00,-83.14523617217118,82.1464365,0.39970788958541,0,732.6182,5,COPDEM30,18.85114379
RGI2000-v7.0-G-03-01209,03,03-01,G276841E82152N,1999-07-24T00:00:00,-83.07786187177882,82.1506895,0.440678508680074,0,606.0824,4,COPDEM30,19.29370689
RGI2000-v7.0-G-03-01210,03,03-01,G276887E82165N,1999-07-24T00:00:00,-83.04342681188601,82.16915449999999,1.186132610461691,0,827.4393,2,COPDEM30,25.24736015
RGI2000-v7.0-G-03-01211,03,03-01,G276881E82177N,1999-07-24T00:00:00,-83.11926537162765,82.177292,0.354790596143472,0,815.2982,1,COPDEM30,18.33900215
RGI2000-v7.0-G-03-01212,03,03-01,G276842E82153N,1999-07-24T00:00:00,-83.20974420751429,82.1572565,1.740107440117636,0,1081.8088,4,COPDEM30,28.46783848
RGI2000-v7.0-G-03-01213,03,03-01,G276684E82174N,1999-07-24T00:00:00,-83.36248576793253,82.1791385,12.113546425757349,0,1040.3727,1,COPDEM30,58.72632861
RGI2000-v7.0-G-03-01214,03,03-01,G276580E82199N,1999-07-24T00:00:00,-83.33264348908524,82.20195050000001,0.313398635931247,0,997.55994,1,COPDEM30,17.83748254
RGI2000-v7.0-G-03-01215,03,03-01,G276581E82200N,1999-07-24T00:00:00,-83.44118937510896,82.2003085,5.45148846619744,0,1047.5769,2,COPDEM30,42.68779190
RGI2000-v7.0-G-03-01216,03,03-01,G276576E82221N,1999-07-24T00:00:00,-83.4439052509801,82.221477,2.756653351805508,0,863.20154,2,COPDEM30,33.24444142
RGI2000-v7.0-G-03-01217,03,03-01,G276530E82234N,1999-07-24T00:00:00,-83.49016639537822,82.23479850000001,2.595152944461068,0,868.98175,1,COPDEM30,32.55326977
RGI2000-v7.0-G-03-01218,03,03-01,G276430E82220N,1999-07-24T00:00:00,-83.59794459210528,82.225424,5.151663416228427,0,857.4199,8,COPDEM30,41.77618652
RGI2000-v7.0-G-03-01219,03,03-01,G276361E82214N,1999-07-24T00:00:00,-83.64133008841465,82.216182,3.339616292924844,0,880.8453,8,COPDEM30,35.58446391
RGI2000-v7.0-G-03-01220,03,03-01,G276352E82200N,1999-07-24T00:00:00,-83.66343182098294,82.201787,0.707666504931499,0,989.30396,8,COPDEM30,21.77720828
RGI2000-v7.0-G-03-01221,03,03-01,G276191E82175N,1999-07-24T00:00:00,-83.76254129212056,82.19248350000001,114.40096373803479,0,992.8508,1,COPDEM90,100.00000000
RGI2000-v7.0-G-03-01222,03,03-01,G275752E82209N,1999-07-24T00:00:00,-84.19062488426735,82.2092995,22.880902836972624,0,710.0807,1,COPDEM90,76.96758138
RGI2000-v7.0-G-03-01223,03,03-01,G275576E82211N,1999-07-24T00:00:00,-84.42360966327519,82.2105315,0.385150538638885,0,968.2931,1,COPDEM30,18.68846969
RGI2000-v7.0-G-03-01224,03,03-01,G275367E82225N,1999-07-24T00:00:00,-84.63311019922878,82.225489,59.95245960403422,0,568.32,1,COPDEM90,100.00000000
RGI2000-v7.0-G-03-01225,03,03-01,G275058E82363N,1999-07-24T00:00:00,-84.70091363345878,82.2792475,15.947885873193655,0,340.52167,2,COPDEM90,65.90872589
RGI2000-v7.0-G-03-01226,03,03-01,G275058E82361N,1999-07-24T00:00:00,-84.7092832285959,82.3120725,12.634009011428176,0,272.87817,3,COPDEM30,59.76209166
RGI2000-v7.0-G-03-01227,03,03-01,G275057E82361N,1999-07-24T00:00:00,-84.70449324102287,82.34035850000001,8.306381632134347,0,211.50981,2,COPDEM30,50.34911151
RGI2000-v7.0-G-03-01228,03,03-01,G275247E82372N,1999-07-24T00:00:00,-84.75308816408547,82.3723085,19.56366396403238,0,141.45908,2,COPDEM90,71.92316317
RGI2000-v7.0-G-03-01229,03,03-01,G275059E82361N,1999-07-24T00:00:00,-84.94852791746521,82.39484,22.388240788435915,0,120.26918,1,COPDEM90,76.24269918
RGI2000-v7.0-G-03-01230,03,03-01,G274997E82357N,1999-07-24T00:00:00,-85.00257834970456,82.3568085,11.139223440433222,0,211.31866,7,COPDEM30,56.72566526
RGI2000-v7.0-G-03-01231,03,03-01,G274786E82368N,1999-07-24T00:00:00,-85.21438043484855,82.367771,5.359734091359345,0,135.07462,7,COPDEM30,42.41153933
RGI2000-v7.0-G-03-01232,03,03-01,G275057E82362N,1999-07-24T00:00:00,-85.26793566387825,82.385953,3.319622937496743,0,91.81197,8,COPDEM30,35.50776540
RGI2000-v7.0-G-03-01233,03,03-01,G275059E82362N,1999-07-24T00:00:00,-85.30618634607008,82.3973955,1.437128355503563,0,72.01659,8,COPDEM30,26.78324038
RGI2000-v7.0-G-03-01234,03,03-01,G275057E82363N,1999-07-24T00:00:00,-85.3056415514694,82.40978799999999,1.969177897841732,0,53.32496,8,COPDEM30,29.64583589
RGI2000-v7.0-G-03-01235,03,03-01,G274790E82420N,1999-07-24T00:00:00,-85.21032560039376,82.42045049999999,0.060922577265403,0,48.601807,8,COPDEM30,13.45554990
RGI2000-v7.0-G-03-01236,03,03-01,G275059E82363N,1999-07-24T00:00:00,-85.3584346786611,82.4315865,99.12594075624897,0,13.146771,1,COPDEM90,100.00000000
RGI2000-v7.0-G-03-01237,03,03-01,G275058E82362N,1999-07-24T00:00:00,-84.94250547965717,82.32633000000001,13.97789661043351,0,236.83543,7,COPDEM90,62.34183542
RGI2000-v7.0-G-03-01238,03,03-01,G275070E82293N,1999-07-24T00:00:00,-84.93007971673873,82.2933905,12.535603361829946,0,326.08847,7,COPDEM30,59.56791562
RGI2000-v7.0-G-03-01239,03,03-01,G275169E82157N,1999-07-24T00:00:00,-84.96790474574401,82.1882475,304.1480461247232,0,727.3011,8,COPDEM90,100.00000000
RGI2000-v7.0-G-03-01240,03,03-01,G274720E82189N,1999-07-24T00:00:00,-85.28012884574468,82.189382,0.023113914252785,0,639.8345,2,COPDEM30,12.12845653
RGI2000-v7.0-G-03-01241,03,03-01,G274705E82190N,1999-07-24T00:00:00,-85.29461746649486,82.1899,0.018373904581236,0,681.1022,1,COPDEM30,11.89770527
RGI2000-v7.0-G-03-01242,03,03-01,G274691E82190N,1999-07-24T00:00:00,-85.3088108614853,82.18988300000001,0.01948250775376,0,756.0833,2,COPDEM30,11.95411656
RGI2000-v7.0-G-03-01243,03,03-01,G274685E82194N,1999-07-24T00:00:00,-85.34188653173041,82.19404650000001,0.687219795966908,0,709.53687,3,COPDEM30,21.60582095
RGI2000-v7.0-G-03-01244,03,03-01,G274649E82198N,1999-07-24T00:00:00,-85.3588188358334,82.19966,0.27519928383489,0,923.8838,2,COPDEM30,17.34432159
RGI2000-v7.0-G-03-01245,03,03-01,G274556E82183N,1999-07-24T00:00:00,-85.46449826814508,82.18358950000001,1.421301635403624,0,598.0587,8,COPDEM30,26.69056981
RGI2000-v7.0-G-03-01246,03,03-01,G274565E82172N,1999-07-24T00:00:00,-85.4419170025837,82.1724185,0.345514768626424,0,709.956,7,COPDEM30,18.22927060
RGI2000-v7.0-G-03-01247,03,03-01,G274719E82175N,1999-07-24T00:00:00,-85.28931975,82.175861,7.001225341290605,0,679.238,2,COPDEM30,47.04376016
RGI2000-v7.0-G-03-01248,03,03-01,G274297E82155N,1999-07-24T00:00:00,-85.57784857799999,82.155746,26.359519839794807,0,600.21576,1,COPDEM90,81.87813220
RGI2000-v7.0-G-03-01249,03,03-01,G274225E82175N,1999-07-24T00:00:00,-85.7746741163975,82.175311,9.066640254456628,0,532.2328,3,COPDEM30,52.15520715
RGI2000-v7.0-G-03-01250,03,03-01,G274158E82198N,1999-07-24T00:00:00,-85.84208861825485,82.198194,0.239705619896585,0,734.99097,2,COPDEM30,16.85436368
RGI2000-v7.0-G-03-01251,03,03-01,G274129E82206N,1999-07-24T00:00:00,-85.8714139190703,82.20623649999999,0.242145803192263,0,607.729,3,COPDEM30,16.88916377
RGI2000-v7.0-G-03-01252,03,03-01,G273983E82186N,1999-07-24T00:00:00,-86.00740623780483,82.1915515,27.207509376671837,0,618.361,1,COPDEM90,83.02514524
RGI2000-v7.0-G-03-01253,03,03-01,G273682E82182N,1999-07-24T00:00:00,-86.26999855497488,82.1898925,12.203694259131886,0,455.50674,1,COPDEM30,58.90730083
RGI2000-v7.0-G-03-01254,03,03-01,G273560E82175N,1999-07-24T00:00:00,-86.44005548607242,82.1746245,9.638771467907853,0,567.28186,1,COPDEM30,53.46491928
RGI2000-v7.0-G-03-01255,03,03-01,G273476E82171N,1999-07-24T00:00:00,-86.52396229857965,82.1714885,2.588517616382079,0,508.70905,8,COPDEM30,32.52441903
RGI2000-v7.0-G-03-01256,03,03-01,G273424E82166N,1999-07-24T00:00:00,-86.59636707227652,82.163889,6.536796586855099,0,544.9046,1,COPDEM30,45.79402368
RGI2000-v7.0-G-03-01257,03,03-01,G273304E82157N,1999-07-24T00:00:00,-86.69598018748724,82.15689850000001,0.366523077089033,0,600.87006,8,COPDEM30,18.47576092
RGI2000-v7.0-G-03-01258,03,03-01,G273423E82165N,1999-07-24T00:00:00,-86.6620731673292,82.1479895,0.745370762557981,0,677.46204,6,COPDEM30,22.08688005
RGI2000-v7.0-G-03-01259,03,03-01,G273363E82141N,1999-07-24T00:00:00,-86.63659794014892,82.14134150000001,0.070828201379738,0,672.9018,7,COPDEM30,13.72589955
RGI2000-v7.0-G-03-01260,03,03-01,G273404E82137N,1999-07-24T00:00:00,-86.59577479889808,82.137285,0.356760793158032,0,562.3788,6,COPDEM30,18.36212386
RGI2000-v7.0-G-03-01261,03,03-01,G273447E82135N,1999-07-24T00:00:00,-86.5527248119335,82.13462849999999,0.23048147612192,0,794.77594,7,COPDEM30,16.72118809
RGI2000-v7.0-G-03-01262,03,03-01,G273621E82132N,1999-07-24T00:00:00,-86.37933915160164,82.1321775,0.12907726708744,0,773.8291,7,COPDEM30,15.02982548
RGI2000-v7.0-G-03-01263,03,03-01,G273706E82136N,1999-07-24T00:00:00,-86.29190003063732,82.1326905,19.541569296003743,0,481.0939,6,COPDEM90,71.88818613
RGI2000-v7.0-G-03-01264,03,03-01,G273911E82124N,1999-07-24T00:00:00,-86.089349257863,82.123796,1.178060164507992,0,468.59827,7,COPDEM30,25.19538720
RGI2000-v7.0-G-03-01265,03,03-01,G273950E82135N,1999-07-24T00:00:00,-86.0299391247191,82.13420199999999,0.757555574550913,0,654.65985,3,COPDEM30,22.18527360
RGI2000-v7.0-G-03-01266,03,03-01,G274080E82139N,1999-07-24T00:00:00,-85.91539906266227,82.1369105,5.920091850480092,0,601.0173,6,COPDEM30,44.06373442
RGI2000-v7.0-G-03-01267,03,03-01,G274181E82122N,1999-07-24T00:00:00,-85.81782321701738,82.1222285,0.988212469039738,0,611.3172,7,COPDEM30,23.91724268
RGI2000-v7.0-G-03-01268,03,03-01,G274329E82109N,1999-07-24T00:00:00,-85.72216588546635,82.114926,12.928858791282234,0,544.40375,8,COPDEM30,60.33941123
RGI2000-v7.0-G-03-01269,03,03-01,G274176E82087N,1999-07-24T00:00:00,-85.8241356336996,82.08722700000001,0.187625435970993,0,294.64572,7,COPDEM30,16.06420526
RGI2000-v7.0-G-03-01270,03,03-01,G274399E82081N,1999-07-24T00:00:00,-85.67499749389398,82.0814625,5.772068375810937,0,576.3871,7,COPDEM30,43.63518101
RGI2000-v7.0-G-03-01271,03,03-01,G274400E82082N,1999-07-24T00:00:00,-85.58381106639071,82.076967,1.347345566420327,0,703.5072,6,COPDEM30,26.25053018
RGI2000-v7.0-G-03-01272,03,03-01,G274465E82072N,1999-07-24T00:00:00,-85.53504480633809,82.07247100000001,0.028857943995456,0,700.30786,8,COPDEM30,12.37826765
RGI2000-v7.0-G-03-01273,03,03-01,G274515E82076N,1999-07-24T00:00:00,-85.48503905426358,82.07592550000001,0.0184076741,0,1020.69696,6,COPDEM30,11.89944837
RGI2000-v7.0-G-03-01274,03,03-01,G274647E82080N,1999-07-24T00:00:00,-85.37806030094725,82.0828695,9.202198034287978,0,621.92175,6,COPDEM30,52.46917488
RGI2000-v7.0-G-03-01275,03,03-01,G274801E82064N,1999-07-24T00:00:00,-85.19713421631988,82.0633945,6.448484633343798,0,615.5936,5,COPDEM30,45.55141331
RGI2000-v7.0-G-03-01276,03,03-01,G274927E82057N,1999-07-24T00:00:00,-85.08942852018095,82.0576935,0.696601439271397,0,875.65735,4,COPDEM30,21.68477138
RGI2000-v7.0-G-03-01277,03,03-01,G275209E82106N,1999-07-24T00:00:00,-84.79142526989092,82.10632100000001,0.01686230206385,0,1008.13696,5,COPDEM30,11.81796898
RGI2000-v7.0-G-03-01278,03,03-01,G275238E82109N,1999-07-24T00:00:00,-84.76196217987818,82.1085025,0.028858239335732,0,1269.3181,8,COPDEM30,12.37827982
RGI2000-v7.0-G-03-01279,03,03-01,G274307E82202N,1999-07-24T00:00:00,-85.69330480443227,82.20173750000001,0.065649961774339,0,388.79935,1,COPDEM30,13.58711479
RGI2000-v7.0-G-03-01280,03,03-01,G273540E82209N,1999-07-24T00:00:00,-86.46002343733545,82.2089535,0.477607596606732,0,105.73759,1,COPDEM30,19.67528237
RGI2000-v7.0-G-03-01281,03,03-01,G273524E82202N,1999-07-24T00:00:00,-86.47630406230678,82.2017385,0.217997668800546,0,170.07648,1,COPDEM30,16.53663087
RGI2000-v7.0-G-03-01282,03,03-01,G273478E82213N,1999-07-24T00:00:00,-86.52209347645456,82.213021,0.451087084127545,0,44.807274,1,COPDEM30,19.40282237
RGI2000-v7.0-G-03-01283,03,03-01,G273429E82189N,1999-07-24T00:00:00,-86.5707258734257,82.188779,0.171882469110747,0,228.568,1,COPDEM30,15.80421949
RGI2000-v7.0-G-03-01284,03,03-01,G272639E82045N,1999-07-24T00:00:00,-87.34653936450167,82.0453045,0.937183284094509,0,383.26575,1,COPDEM30,23.55315180
RGI2000-v7.0-G-03-01285,03,03-01,G272492E82024N,1999-07-24T00:00:00,-87.48098239718504,82.022666,2.637041941948617,0,305.70203,8,COPDEM30,32.73456005
RGI2000-v7.0-G-03-01286,03,03-01,G272565E82009N,1999-07-24T00:00:00,-87.43481995962608,82.0090325,0.676846182956768,0,434.59286,1,COPDEM30,21.51789268
RGI2000-v7.0-G-03-01287,03,03-01,G272622E82008N,1999-07-24T00:00:00,-87.3776888751741,82.0083815,0.252967979324015,0,390.79965,1,COPDEM30,17.04142911
RGI2000-v7.0-G-03-01288,03,03-01,G272718E81914N,1999-07-24T00:00:00,-87.30902916477484,81.9068715,64.06889709362878,0,659.7329,1,COPDEM90,100.00000000
RGI2000-v7.0-G-03-01289,03,03-01,G271653E82000N,1999-07-24T00:00:00,-88.2860321213214,82.0039605,23.658819497553853,0,184.67816,1,COPDEM90,78.09646556
RGI2000-v7.0-G-03-01290,03,03-01,G271460E82008N,1999-07-24T00:00:00,-88.54062275584133,82.00861950000001,1.808147405089767,0,106.225945,1,COPDEM30,28.82543204
RGI2000-v7.0-G-03-01291,03,03-01,G276009E82326N,1999-07-24T00:00:00,-83.99058404005514,82.32629850000001,0.230858878703204,0,406.44556,2,COPDEM30,16.72668865
RGI2000-v7.0-G-03-01292,03,03-01,G276173E82312N,1999-07-24T00:00:00,-83.82722450000001,82.3120595,0.326818487538654,0,395.78445,1,COPDEM30,18.00352570
RGI2000-v7.0-G-03-01293,03,03-01,G277136E82233N,1999-07-24T00:00:00,-82.86498961831832,82.234091,0.577237202130533,0,1033.261,8,COPDEM30,20.63665792
RGI2000-v7.0-G-03-01294,03,03-01,G277195E82231N,1999-07-24T00:00:00,-82.80530984913793,82.2314615,0.187327083983586,0,910.545,4,COPDEM30,16.05938185
RGI2000-v7.0-G-03-01295,03,03-01,G277264E82235N,1999-07-24T00:00:00,-82.73040459674448,82.233941,2.042979418688816,0,916.22437,4,COPDEM30,30.01059634
RGI2000-v7.0-G-03-01296,03,03-01,G277309E82245N,1999-07-24T00:00:00,-82.66138569937314,82.24192149999999,0.8253774205039,0,909.9703,4,COPDEM30,22.71903984
RGI2000-v7.0-G-03-01297,03,03-01,G277372E82248N,1999-07-24T00:00:00,-82.65290896577945,82.249581,1.783281467370192,0,875.3016,3,COPDEM30,28.69553871
RGI2000-v7.0-G-03-01298,03,03-01,G277373E82249N,1999-07-24T00:00:00,-82.67688296482758,82.259004,0.583748131564247,0,1094.1736,3,COPDEM30,20.69647763
RGI2000-v7.0-G-03-01299,03,03-01,G277297E82263N,1999-07-24T00:00:00,-82.70346486583128,82.26302799999999,0.255703538473499,0,1124.1499,2,COPDEM30,17.07939924
RGI2000-v7.0-G-03-01300,03,03-01,G277177E82252N,1999-07-24T00:00:00,-82.79266785264014,82.25055499999999,6.726802173132638,0,951.4204,8,COPDEM30,46.31051123
RGI2000-v7.0-G-03-01301,03,03-01,G277179E82221N,1999-07-24T00:00:00,-82.82085314987751,82.2208615,0.303458108037856,0,798.2483,2,COPDEM30,17.71218446
RGI2000-v7.0-G-03-01302,03,03-01,G277395E82191N,1999-07-24T00:00:00,-82.60543976556883,82.191147,0.172736293941005,0,816.856,8,COPDEM30,15.81861784
RGI2000-v7.0-G-03-01303,03,03-01,G277494E82201N,1999-07-24T00:00:00,-82.50555682666624,82.2013905,0.234948680241695,0,796.1735,1,COPDEM30,16.78601071
RGI2000-v7.0-G-03-01304,03,03-01,G277545E82202N,1999-07-24T00:00:00,-82.4552979027535,82.202232,0.059654764073115,0,771.72107,3,COPDEM30,13.41940547
RGI2000-v7.0-G-03-01305,03,03-01,G277621E82201N,1999-07-24T00:00:00,-82.37935635204083,82.2009565,0.671734865869255,0,809.51434,8,COPDEM30,21.47432062
RGI2000-v7.0-G-03-01306,03,03-01,G277715E82118N,1999-07-24T00:00:00,-82.28465002313408,82.1181775,0.451919806208103,0,1092.0872,1,COPDEM30,19.41149733
RGI2000-v7.0-G-03-01307,03,03-01,G277654E82117N,1999-07-24T00:00:00,-82.34930754578554,82.117075,0.11776417911671,0,902.4146,8,COPDEM30,14.80435002
RGI2000-v7.0-G-03-01308,03,03-01,G277630E82114N,1999-07-24T00:00:00,-82.38000586428572,82.1163565,0.341982686444461,0,895.94507,1,COPDEM30,18.18710001
RGI2000-v7.0-G-03-01309,03,03-01,G277808E82116N,1999-07-24T00:00:00,-82.18849048044397,82.118235,1.156284552103154,0,893.8158,1,COPDEM30,25.05429415
RGI2000-v7.0-G-03-01310,03,03-01,G278001E82120N,1999-07-24T00:00:00,-82.00905659279343,82.1203825,0.359451270940343,0,955.633,1,COPDEM30,18.39359572
RGI2000-v7.0-G-03-01311,03,03-01,G278024E82119N,1999-07-24T00:00:00,-81.97694297307244,82.1191075,0.14775469155056,0,975.6204,2,COPDEM30,15.38144214
RGI2000-v7.0-G-03-01312,03,03-01,G278089E82118N,1999-07-24T00:00:00,-81.91102309541985,82.118225,0.128231710799971,0,913.6006,2,COPDEM30,15.01332378
RGI2000-v7.0-G-03-01313,03,03-01,G278294E82075N,1999-07-24T00:00:00,-81.7056852918904,82.075058,0.031724481170457,0,807.92035,1,COPDEM30,12.49359145
RGI2000-v7.0-G-03-01314,03,03-01,G278295E82070N,1999-07-24T00:00:00,-81.70471229016357,82.0698345,0.086160548109039,0,939.7696,1,COPDEM30,14.10943639
RGI2000-v7.0-G-03-01315,03,03-01,G278295E82065N,1999-07-24T00:00:00,-81.704716566794,82.0647525,0.042747362051009,0,1095.5958,8,COPDEM30,12.89456093
RGI2000-v7.0-G-03-01316,03,03-01,G278362E82062N,1999-07-24T00:00:00,-81.65168860686018,82.065205,0.664299659283417,0,977.18335,1,COPDEM30,21.41064123
RGI2000-v7.0-G-03-01317,03,03-01,G278414E82062N,1999-07-24T00:00:00,-81.59411486077991,82.06496849999999,1.000221968594921,0,978.728,1,COPDEM30,24.00155369
RGI2000-v7.0-G-03-01318,03,03-01,G278474E82068N,1999-07-24T00:00:00,-81.53691061158673,82.0674865,0.525845702192003,0,1030.3995,1,COPDEM30,20.15213069
RGI2000-v7.0-G-03-01319,03,03-01,G278545E82074N,1999-07-24T00:00:00,-81.47251008634308,82.07388399999999,0.384773001729148,0,1032.925,8,COPDEM30,18.68421029
RGI2000-v7.0-G-03-01320,03,03-01,G278544E82073N,1999-07-24T00:00:00,-81.44754217728175,82.07577549999999,0.276511544075735,0,972.42554,1,COPDEM30,17.36181110
RGI2000-v7.0-G-03-01321,03,03-01,G278858E82018N,1999-07-24T00:00:00,-81.15570899395867,82.027735,11.2357596858567,0,986.26917,1,COPDEM30,56.92769863
RGI2000-v7.0-G-03-01322,03,03-01,G279031E82018N,1999-07-24T00:00:00,-80.96916121228182,82.01846950000001,0.173793575510451,0,1216.2119,2,COPDEM30,15.83639793
RGI2000-v7.0-G-03-01323,03,03-01,G279049E82009N,1999-07-24T00:00:00,-80.9732214373543,82.00983550000001,3.17733748363109,0,1227.8895,2,COPDEM30,34.95512266
RGI2000-v7.0-G-03-01324,03,03-01,G279136E82004N,1999-07-24T00:00:00,-80.86753858279872,82.00300849999999,2.204214517890255,0,1223.4669,3,COPDEM30,30.78523624
RGI2000-v7.0-G-03-01325,03,03-01,G279026E81997N,1999-07-24T00:00:00,-81.00870307055625,81.99288050000001,0.979152267390051,0,1305.5098,4,COPDEM30,23.85329724
RGI2000-v7.0-G-03-01326,03,03-01,G278836E81994N,1999-07-24T00:00:00,-81.07788847905408,81.9892995,0.669523952264725,0,1338.5709,4,COPDEM30,21.45542206
RGI2000-v7.0-G-03-01327,03,03-01,G278837E81995N,1999-07-24T00:00:00,-81.13226585105699,81.9966165,5.722899406870201,0,1139.3701,7,COPDEM30,43.49161513
RGI2000-v7.0-G-03-01328,03,03-01,G278805E81980N,1999-07-24T00:00:00,-81.19508348288012,81.9802685,0.603443307374033,0,1160.4375,4,COPDEM30,20.87542589
RGI2000-v7.0-G-03-01329,03,03-01,G278957E81973N,1999-07-24T00:00:00,-81.04481542354911,81.9734725,0.648252743316406,0,968.84094,1,COPDEM30,21.27198020
RGI2000-v7.0-G-03-01330,03,03-01,G278341E81966N,1999-07-24T00:00:00,-81.65863550152673,81.9660915,0.264783592668082,0,1113.2778,8,COPDEM30,17.20399779
RGI2000-v7.0-G-03-01331,03,03-01,G278293E81979N,1999-07-24T00:00:00,-81.7062011382346,81.979635,0.461954965374428,0,1166.7023,5,COPDEM30,19.51541766
RGI2000-v7.0-G-03-01332,03,03-01,G278280E81986N,1999-07-24T00:00:00,-81.72018684478371,81.986423,0.122157193969485,0,1233.7894,1,COPDEM30,14.89313908
RGI2000-v7.0-G-03-01333,03,03-01,G278411E81921N,1999-07-24T00:00:00,-81.59002387257323,81.92198400000001,1.788756978898013,0,1041.3795,1,COPDEM30,28.72421875
RGI2000-v7.0-G-03-01334,03,03-01,G278031E81906N,1999-07-24T00:00:00,-81.98361173213584,81.9042825,3.526626759639233,0,1005.8408,2,COPDEM30,36.29104115
RGI2000-v7.0-G-03-01335,03,03-01,G277692E81913N,1999-07-24T00:00:00,-82.30793097637957,81.9126675,0.232588310586843,0,912.375,1,COPDEM30,16.75183744
RGI2000-v7.0-G-03-01336,03,03-01,G277703E81935N,1999-07-24T00:00:00,-82.3689599132712,81.9286215,0.759277409887228,0,924.70575,8,COPDEM30,22.19911359
RGI2000-v7.0-G-03-01337,03,03-01,G277702E81934N,1999-07-24T00:00:00,-82.29756892285384,81.9348675,2.713396285921988,0,992.0144,8,COPDEM30,33.06134584
RGI2000-v7.0-G-03-01338,03,03-01,G277703E81934N,1999-07-24T00:00:00,-82.23685113330666,81.9421395,0.734033667794109,0,966.6896,1,COPDEM30,21.99460708
RGI2000-v7.0-G-03-01339,03,03-01,G277593E81971N,1999-07-24T00:00:00,-82.22842670588557,81.986513,10.549797328121572,0,1027.7799,3,COPDEM30,55.47263217
RGI2000-v7.0-G-03-01340,03,03-01,G277703E82007N,1999-07-24T00:00:00,-82.29669705397941,82.0068685,3.47920772811197,0,1066.6381,4,COPDEM30,36.11368826
RGI2000-v7.0-G-03-01341,03,03-01,G277831E82029N,1999-07-24T00:00:00,-82.18535748945536,82.0284895,1.802151513395384,0,936.3824,1,COPDEM30,28.79419316
RGI2000-v7.0-G-03-01342,03,03-01,G277810E82040N,1999-07-24T00:00:00,-82.19006242748091,82.039942,0.09043169038119,0,1163.9404,1,COPDEM30,14.21006073
RGI2000-v7.0-G-03-01343,03,03-01,G277851E82046N,1999-07-24T00:00:00,-82.14905758587787,82.04608350000001,0.05399202494075,0,1163.9836,8,COPDEM30,13.25306577
RGI2000-v7.0-G-03-01344,03,03-01,G277719E82036N,1999-07-24T00:00:00,-82.398312060472,82.0440215,7.915082229626276,0,948.39417,1,COPDEM30,49.38725831
RGI2000-v7.0-G-03-01345,03,03-01,G277457E82051N,1999-07-24T00:00:00,-82.54294306491228,82.0506755,0.131630532906988,0,885.3411,1,COPDEM30,15.07932913
RGI2000-v7.0-G-03-01346,03,03-01,G277452E82026N,1999-07-24T00:00:00,-82.63114702092273,82.04736249999999,6.174095173171096,0,898.1566,8,COPDEM30,44.78681724
RGI2000-v7.0-G-03-01347,03,03-01,G277252E82036N,1999-07-24T00:00:00,-82.74650833983851,82.035954,0.61578555410921,0,771.3896,8,COPDEM30,20.98608068
RGI2000-v7.0-G-03-01348,03,03-01,G277314E82003N,1999-07-24T00:00:00,-82.52698134848302,82.01513,27.62214005365159,0,993.83655,8,COPDEM90,83.57947710
RGI2000-v7.0-G-03-01349,03,03-01,G277503E81992N,1999-07-24T00:00:00,-82.49727385173594,81.99214900000001,0.085953629697727,0,1418.2069,6,COPDEM30,14.10449892
RGI2000-v7.0-G-03-01350,03,03-01,G277345E81982N,1999-07-24T00:00:00,-82.61372785027228,81.98082,10.53916575649051,0,941.2811,8,COPDEM30,55.44971384
RGI2000-v7.0-G-03-01351,03,03-01,G277403E81961N,1999-07-24T00:00:00,-82.65778010634224,81.96045649999999,6.952804190006063,0,1005.9684,4,COPDEM30,46.91543879
RGI2000-v7.0-G-03-01352,03,03-01,G277269E81958N,1999-07-24T00:00:00,-82.73462734024181,81.9559075,0.824488560296396,0,1173.0464,6,COPDEM30,22.71218934
RGI2000-v7.0-G-03-01353,03,03-01,G277602E81884N,1999-07-24T00:00:00,-82.40558105989015,81.8842965,0.447841775779883,0,955.775,2,COPDEM30,19.36893740
RGI2000-v7.0-G-03-01354,03,03-01,G277291E81828N,1999-07-24T00:00:00,-82.7125945940449,81.828589,0.685119524460548,0,1116.3724,1,COPDEM30,21.58807261
RGI2000-v7.0-G-03-01355,03,03-01,G276899E82095N,1999-07-24T00:00:00,-83.10696949805798,82.09613350000001,0.54267879278071,0,729.6709,1,COPDEM30,20.31334298
RGI2000-v7.0-G-03-01356,03,03-01,G276872E82111N,1999-07-24T00:00:00,-83.12775946592538,82.112915,0.762336934188327,0,760.5891,1,COPDEM30,22.22366717
RGI2000-v7.0-G-03-01357,03,03-01,G277760E82333N,1999-07-24T00:00:00,-82.2401976952902,82.333371,0.285205609867523,0,1045.7952,3,COPDEM30,17.47665029
RGI2000-v7.0-G-03-01358,03,03-01,G278514E82356N,1999-07-24T00:00:00,-82.11533107546522,82.37321349999999,170.53809125949016,0,756.102,1,COPDEM90,100.00000000
RGI2000-v7.0-G-03-01359,03,03-01,G277882E82390N,1999-07-24T00:00:00,-82.11818534732825,82.38995800000001,0.158834633078661,0,637.8796,8,COPDEM30,15.57956881
RGI2000-v7.0-G-03-01360,03,03-01,G277881E82397N,1999-07-24T00:00:00,-82.1193251812977,82.39747349999999,0.496979212648183,0,833.15857,6,COPDEM30,19.86954536
RGI2000-v7.0-G-03-01361,03,03-01,G277788E82398N,1999-07-24T00:00:00,-82.2121768838271,82.397627,0.409133192783029,0,969.20764,6,COPDEM30,18.95489284
RGI2000-v7.0-G-03-01362,03,03-01,G277738E82407N,1999-07-24T00:00:00,-82.2616339267062,82.4070465,1.020647262010745,0,600.47675,8,COPDEM30,24.14379240
RGI2000-v7.0-G-03-01363,03,03-01,G277742E82414N,1999-07-24T00:00:00,-82.25771062426952,82.4142085,0.184883184177109,0,703.68567,6,COPDEM30,16.01972625
RGI2000-v7.0-G-03-01364,03,03-01,G278513E82356N,1999-07-24T00:00:00,-82.41133228785137,82.44518400000001,52.94371411574454,0,442.30365,8,COPDEM90,100.00000000
RGI2000-v7.0-G-03-01365,03,03-01,G277613E82471N,1999-07-24T00:00:00,-82.3866701710256,82.47092,2.16888580372916,0,354.9401,8,COPDEM30,30.61799257
RGI2000-v7.0-G-03-01366,03,03-01,G277635E82480N,1999-07-24T00:00:00,-82.36527025946457,82.4803995,0.629345748448814,0,339.57834,8,COPDEM30,21.10638405
RGI2000-v7.0-G-03-01367,03,03-01,G277609E82493N,1999-07-24T00:00:00,-82.39087205373056,82.493358,0.80568887917973,0,259.3462,1,COPDEM30,22.56642433
RGI2000-v7.0-G-03-01368,03,03-01,G277697E82493N,1999-07-24T00:00:00,-82.30274543109044,82.49291199999999,0.711370640263158,0,251.65623,2,COPDEM30,21.80799075
RGI2000-v7.0-G-03-01369,03,03-01,G277780E82490N,1999-07-24T00:00:00,-82.22016080018888,82.490182,0.617953422015332,0,151.86855,7,COPDEM30,21.00540189
RGI2000-v7.0-G-03-01370,03,03-01,G277808E82491N,1999-07-24T00:00:00,-82.19158913377692,82.490551,0.548345853229336,0,147.06969,2,COPDEM30,20.36705297
RGI2000-v7.0-G-03-01371,03,03-01,G277884E82474N,1999-07-24T00:00:00,-82.11571638114643,82.474442,7.231184781316898,0,325.05328,1,COPDEM30,47.64720730
RGI2000-v7.0-G-03-01372,03,03-01,G278514E82357N,1999-07-24T00:00:00,-81.9693407632009,82.47258099999999,9.923102054206375,0,497.62073,1,COPDEM30,54.10133788
RGI2000-v7.0-G-03-01373,03,03-01,G278136E82458N,1999-07-24T00:00:00,-81.86422394451542,82.4581475,0.120215777706661,0,939.8424,8,COPDEM30,14.85410058
RGI2000-v7.0-G-03-01374,03,03-01,G278254E82448N,1999-07-24T00:00:00,-81.77323789537212,82.453211,7.274157942051906,0,654.7126,2,COPDEM30,47.75890566
RGI2000-v7.0-G-03-01375,03,03-01,G278178E82439N,1999-07-24T00:00:00,-81.82173011722702,82.4385895,0.021575159421517,0,1025.8901,2,COPDEM30,12.05638791
RGI2000-v7.0-G-03-01376,03,03-01,G277948E82453N,1999-07-24T00:00:00,-82.05166553733733,82.45330999999999,0.186881010779299,0,872.0745,4,COPDEM30,16.05216309
RGI2000-v7.0-G-03-01377,03,03-01,G278198E82472N,1999-07-24T00:00:00,-81.80206127989825,82.472411,0.184943877274278,0,708.78156,8,COPDEM30,16.02071424
RGI2000-v7.0-G-03-01378,03,03-01,G278374E82528N,2010-01-01T00:00:00,-81.62607718585558,82.527815,0.061937370914494,0,789.60565,3,COPDEM30,13.48421077
RGI2000-v7.0-G-03-01379,03,03-01,G278486E82538N,2010-01-01T00:00:00,-81.53086941876735,82.535044,12.135377247211146,0,485.51367,4,COPDEM30,58.77021571
RGI2000-v7.0-G-03-01380,03,03-01,G278695E82538N,2010-01-01T00:00:00,-81.3314684067809,82.54133949999999,2.657097802911036,0,536.4205,3,COPDEM30,32.82084944
RGI2000-v7.0-G-03-01381,03,03-01,G278788E82558N,2010-01-01T00:00:00,-81.1618551623057,82.56299050000001,4.744847161126665,0,390.69495,2,COPDEM30,40.49573812
RGI2000-v7.0-G-03-01382,03,03-01,G278764E82570N,2010-01-01T00:00:00,-81.22513993280779,82.5729345,1.825655315275108,0,475.93958,2,COPDEM30,28.91635382
RGI2000-v7.0-G-03-01383,03,03-01,G278683E82581N,2010-01-01T00:00:00,-81.29170244521228,82.585507,3.386404563212856,0,298.60004,2,COPDEM30,35.76306066
RGI2000-v7.0-G-03-01384,03,03-01,G278622E82612N,2010-01-01T00:00:00,-81.37837750725416,82.6116995,0.634361754837653,0,447.84018,1,COPDEM30,21.15055622
RGI2000-v7.0-G-03-01385,03,03-01,G278344E82630N,2010-01-01T00:00:00,-81.65569872515528,82.630285,4.013910075741306,0,245.71219,2,COPDEM30,38.04864301
RGI2000-v7.0-G-03-01386,03,03-01,G278301E82595N,2010-01-01T00:00:00,-81.73544638737505,82.593311,39.36902213316402,0,394.36597,1,COPDEM90,97.84263394
RGI2000-v7.0-G-03-01387,03,03-01,G277964E82612N,2010-01-01T00:00:00,-81.9493601325497,82.569121,12.240348758410178,0,354.10886,7,COPDEM30,58.98069371
RGI2000-v7.0-G-03-01388,03,03-01,G278279E82559N,2010-01-01T00:00:00,-81.79212027780193,82.5387045,6.274002697261849,0,393.95062,7,COPDEM30,45.06714315
RGI2000-v7.0-G-03-01389,03,03-01,G277965E82613N,2010-01-01T00:00:00,-82.04809255870569,82.616975,65.89658018350596,0,262.914,8,COPDEM90,100.00000000
RGI2000-v7.0-G-03-01390,03,03-01,G277521E82482N,1999-07-24T00:00:00,-82.4785078331261,82.48151250000001,0.536860699858311,0,170.98645,1,COPDEM30,20.25790901
RGI2000-v7.0-G-03-01391,03,03-01,G277970E82402N,1999-07-24T00:00:00,-81.99892124490842,82.3991345,1.583737917958363,0,859.16473,4,COPDEM30,27.61853092
RGI2000-v7.0-G-03-01392,03,03-01,G278062E82405N,1999-07-24T00:00:00,-81.93750431552175,82.404834,0.186736089137229,0,1108.2634,6,COPDEM30,16.04981599
RGI2000-v7.0-G-03-01393,03,03-01,G278568E82402N,1999-07-24T00:00:00,-81.43177028162481,82.40184550000001,0.170548774638603,0,879.0367,8,COPDEM30,15.78165719
RGI2000-v7.0-G-03-01394,03,03-01,G278515E82356N,1999-07-24T00:00:00,-81.42534226968465,82.40763050000001,2.563021323080265,0,824.02765,7,COPDEM30,32.41321439
RGI2000-v7.0-G-03-01395,03,03-01,G278630E82420N,1999-07-24T00:00:00,-81.36966558279013,82.419951,0.153761483607402,0,768.80493,2,COPDEM30,15.48974050
RGI2000-v7.0-G-03-01396,03,03-01,G278622E82426N,1999-07-24T00:00:00,-81.37753362477454,82.427312,1.296300790893205,0,701.83563,2,COPDEM30,25.93972883
RGI2000-v7.0-G-03-01397,03,03-01,G278561E82427N,1999-07-24T00:00:00,-81.44275326072186,82.4281105,1.057894042188287,0,702.10895,2,COPDEM30,24.39955667
RGI2000-v7.0-G-03-01398,03,03-01,G278927E82422N,1999-07-24T00:00:00,-81.07333565363606,82.422402,0.089554583853268,0,926.47205,1,COPDEM30,14.18959407
RGI2000-v7.0-G-03-01399,03,03-01,G279064E82415N,1999-07-24T00:00:00,-80.95851057251139,82.41882050000001,29.2096101425355,0,813.044,1,COPDEM90,85.66428211
RGI2000-v7.0-G-03-01400,03,03-01,G278941E82406N,1999-07-24T00:00:00,-81.05873159751687,82.406255,0.295965461193739,0,1069.5886,8,COPDEM30,17.61637909
RGI2000-v7.0-G-03-01401,03,03-01,G278995E82390N,1999-07-24T00:00:00,-81.00516355262715,82.3901535,0.024970952457759,0,1414.1976,4,COPDEM30,12.21230800
RGI2000-v7.0-G-03-01402,03,03-01,G278991E82390N,1999-07-24T00:00:00,-81.00915875016841,82.389913,0.024610941624003,0,1431.0752,4,COPDEM30,12.19630247
RGI2000-v7.0-G-03-01403,03,03-01,G279056E82437N,1999-07-24T00:00:00,-80.94416506126723,82.437473,5.215384741179911,0,795.7853,1,COPDEM30,41.97210361
RGI2000-v7.0-G-03-01404,03,03-01,G279126E82442N,1999-07-24T00:00:00,-80.87352071124172,82.44233349999999,1.132988421278702,0,704.96466,1,COPDEM30,24.90187004
RGI2000-v7.0-G-03-01405,03,03-01,G279579E82401N,1999-07-24T00:00:00,-80.42289202083333,82.4030975,0.582246493960856,0,845.6527,1,COPDEM30,20.68271093
RGI2000-v7.0-G-03-01406,03,03-01,G279646E82396N,1999-07-24T00:00:00,-80.36208116431658,82.39711750000001,0.433941901551952,0,975.6654,1,COPDEM30,19.22239734
RGI2000-v7.0-G-03-01407,03,03-01,G280043E82361N,1999-07-24T00:00:00,-79.95688702272727,82.360963,0.095186796518301,0,943.5175,1,COPDEM30,14.31933005
RGI2000-v7.0-G-03-01408,03,03-01,G280013E82354N,1999-07-24T00:00:00,-79.98700068883774,82.353511,0.199227630899565,0,776.273,1,COPDEM30,16.24888915
RGI2000-v7.0-G-03-01409,03,03-01,G280000E82348N,1999-07-24T00:00:00,-80.00033540508973,82.347813,0.279720245598848,0,1041.6681,2,COPDEM30,17.40440194
RGI2000-v7.0-G-03-01410,03,03-01,G279905E82329N,1999-07-24T00:00:00,-80.09502892893025,82.329239,0.44839990491838,0,1134.8447,8,COPDEM30,19.37477367
RGI2000-v7.0-G-03-01411,03,03-01,G279909E82323N,1999-07-24T00:00:00,-80.09076608460123,82.323165,0.321239213949868,0,1312.6333,7,COPDEM30,17.93491562
RGI2000-v7.0-G-03-01412,03,03-01,G279873E82322N,1999-07-24T00:00:00,-80.12650912684032,82.321652,0.251515139663784,0,1172.5427,8,COPDEM30,17.02117991
RGI2000-v7.0-G-03-01413,03,03-01,G279906E82313N,1999-07-24T00:00:00,-80.09405683350951,82.312985,0.094512684407569,0,1341.2212,7,COPDEM30,14.30400815
RGI2000-v7.0-G-03-01414,03,03-01,G280123E82312N,1999-07-24T00:00:00,-79.87732313399621,82.3120695,0.012826919012445,0,1637.0203,5,COPDEM30,11.58558384
RGI2000-v7.0-G-03-01415,03,03-01,G280216E82300N,1999-07-24T00:00:00,-79.78441998942594,82.2999085,0.614990330467005,0,1271.499,4,COPDEM30,20.97898469
RGI2000-v7.0-G-03-01416,03,03-01,G280263E82301N,1999-07-24T00:00:00,-79.73651759563963,82.301211,0.269700107761106,0,1013.01764,3,COPDEM30,17.27057227
RGI2000-v7.0-G-03-01417,03,03-01,G280197E82350N,1999-07-24T00:00:00,-79.8030934949495,82.349924,0.136600393328759,0,816.36383,1,COPDEM30,15.17432866
RGI2000-v7.0-G-03-01418,03,03-01,G279943E82272N,1999-07-24T00:00:00,-80.05682672270058,82.27179949999999,0.02517585240105,0,1515.5098,6,COPDEM30,12.22136604
RGI2000-v7.0-G-03-01419,03,03-01,G280021E82206N,1999-07-24T00:00:00,-79.97927234463017,82.20627400000001,0.180486682542721,0,1279.7871,3,COPDEM30,15.94772139
RGI2000-v7.0-G-03-01420,03,03-01,G280153E82198N,1999-07-24T00:00:00,-79.84689395666669,82.197744,0.197124873446155,0,1136.5833,8,COPDEM30,16.21582458
RGI2000-v7.0-G-03-01421,03,03-01,G280119E82191N,1999-07-24T00:00:00,-79.88084710227272,82.190699,0.111849077502704,0,1052.9698,8,COPDEM30,14.68213831
RGI2000-v7.0-G-03-01422,03,03-01,G280202E82203N,1999-07-24T00:00:00,-79.79797298776762,82.2034855,0.307068861908576,0,1109.8721,4,COPDEM30,17.75793123
RGI2000-v7.0-G-03-01423,03,03-01,G280246E82206N,1999-07-24T00:00:00,-79.75407910473146,82.2057865,0.747696511763858,0,1157.965,5,COPDEM30,22.10572246
RGI2000-v7.0-G-03-01424,03,03-01,G280498E82199N,1999-07-24T00:00:00,-79.50241889552962,82.199445,1.385034860273637,0,1059.4556,4,COPDEM30,26.47625056
RGI2000-v7.0-G-03-01425,03,03-01,G280754E82212N,1999-07-24T00:00:00,-79.24593616971279,82.212308,0.304867112434102,0,1050.965,6,COPDEM30,17.73006818
RGI2000-v7.0-G-03-01426,03,03-01,G280863E82220N,1999-07-24T00:00:00,-79.13728569633642,82.2198525,0.255601361148432,0,1283.8639,5,COPDEM30,17.07798466
RGI2000-v7.0-G-03-01427,03,03-01,G281017E82169N,1999-07-24T00:00:00,-78.98291417983368,82.169275,1.150534271243954,0,1044.6575,6,COPDEM30,25.01681448
RGI2000-v7.0-G-03-01428,03,03-01,G281021E82112N,1999-07-24T00:00:00,-78.97894535844802,82.112266,0.853614589769641,0,977.4386,8,COPDEM30,22.93477714
RGI2000-v7.0-G-03-01429,03,03-01,G280965E82106N,1999-07-24T00:00:00,-79.04447458574059,82.10771299999999,0.45637400416291,0,963.4491,1,COPDEM30,19.45776426
RGI2000-v7.0-G-03-01430,03,03-01,G280903E82102N,1999-07-24T00:00:00,-79.09745710127707,82.102224,0.193838692911405,0,1028.4655,1,COPDEM30,16.16379622
RGI2000-v7.0-G-03-01431,03,03-01,G280773E82073N,1999-07-24T00:00:00,-79.10499900113554,82.0839695,28.165514992935876,0,1056.5928,1,COPDEM90,84.29966984
RGI2000-v7.0-G-03-01432,03,03-01,G280704E82074N,1999-07-24T00:00:00,-79.2961590034492,82.073757,0.01775112962219,0,1152.3123,5,COPDEM30,11.86526711
RGI2000-v7.0-G-03-01433,03,03-01,G280669E82076N,1999-07-24T00:00:00,-79.33098196463789,82.076342,0.084651269544916,0,1126.9528,8,COPDEM30,14.07328477
RGI2000-v7.0-G-03-01434,03,03-01,G280685E82079N,1999-07-24T00:00:00,-79.32213749001815,82.0812315,0.385776631748523,0,970.9666,1,COPDEM30,18.69552873
RGI2000-v7.0-G-03-01435,03,03-01,G280557E82111N,1999-07-24T00:00:00,-79.45745307704871,82.109485,1.553049440253214,0,1152.3834,4,COPDEM30,27.44699660
RGI2000-v7.0-G-03-01436,03,03-01,G280586E82119N,1999-07-24T00:00:00,-79.41413332614212,82.119235,0.249748342142996,0,1134.6736,2,COPDEM30,16.99647590
RGI2000-v7.0-G-03-01437,03,03-01,G280571E82126N,1999-07-24T00:00:00,-79.42939479819401,82.12579600000001,1.118257393309736,0,1114.5665,2,COPDEM30,24.80467660
RGI2000-v7.0-G-03-01438,03,03-01,G280505E82128N,1999-07-24T00:00:00,-79.49547960666203,82.127858,0.5540359992192,0,1173.5319,2,COPDEM30,20.42070323
RGI2000-v7.0-G-03-01439,03,03-01,G280460E82126N,1999-07-24T00:00:00,-79.53992194846032,82.125883,0.081908275985941,0,1297.3396,7,COPDEM30,14.00674707
RGI2000-v7.0-G-03-01440,03,03-01,G281287E82135N,1999-07-24T00:00:00,-79.46869157836058,82.1420165,637.8684093544928,0,1131.854,8,COPDEM90,100.00000000
RGI2000-v7.0-G-03-01441,03,03-01,G280198E82122N,1999-07-24T00:00:00,-79.80190668568619,82.1224535,0.458408883993934,0,1096.6079,8,COPDEM30,19.47882594
RGI2000-v7.0-G-03-01442,03,03-01,G280161E82095N,1999-07-24T00:00:00,-79.83866806799429,82.09516049999999,0.020469262664046,0,1405.9567,5,COPDEM30,12.00299163
RGI2000-v7.0-G-03-01443,03,03-01,G280136E82093N,1999-07-24T00:00:00,-79.86381145756097,82.093433,0.07305107409961,0,1417.091,5,COPDEM30,13.78391471
RGI2000-v7.0-G-03-01444,03,03-01,G280277E82095N,1999-07-24T00:00:00,-79.7746714741995,82.0868655,4.254172715839888,0,1140.857,5,COPDEM30,38.87590435
RGI2000-v7.0-G-03-01445,03,03-01,G280260E82084N,1999-07-24T00:00:00,-79.74006136687831,82.083607,0.100126252973537,0,1115.2839,7,COPDEM30,14.42998257
RGI2000-v7.0-G-03-01446,03,03-01,G279979E82070N,1999-07-24T00:00:00,-80.00657025461328,82.0718565,0.691452034588702,0,1143.9851,3,COPDEM30,21.64150329
RGI2000-v7.0-G-03-01447,03,03-01,G279951E82070N,1999-07-24T00:00:00,-80.04921911784217,82.070393,0.035740914332086,0,1402.0115,6,COPDEM30,12.64673747
RGI2000-v7.0-G-03-01448,03,03-01,G279935E82065N,1999-07-24T00:00:00,-80.06512200000013,82.06451849999999,0.031273151289606,0,1223.2177,7,COPDEM30,12.47579031
RGI2000-v7.0-G-03-01449,03,03-01,G279951E82063N,1999-07-24T00:00:00,-80.04935131992485,82.063477,0.021580087977722,0,1251.6736,5,COPDEM30,12.05662278
RGI2000-v7.0-G-03-01450,03,03-01,G279799E82073N,1999-07-24T00:00:00,-80.20121047832234,82.072547,0.079342821277832,0,1369.5177,4,COPDEM30,13.94350009
RGI2000-v7.0-G-03-01451,03,03-01,G279806E82077N,1999-07-24T00:00:00,-80.19390320738941,82.0766005,0.049698642161626,0,1414.8616,4,COPDEM30,13.12104692
RGI2000-v7.0-G-03-01452,03,03-01,G279780E82067N,1999-07-24T00:00:00,-80.219985261374,82.06681900000001,0.409478014996635,0,1210.717,3,COPDEM30,18.95866569
RGI2000-v7.0-G-03-01453,03,03-01,G279724E82065N,1999-07-24T00:00:00,-80.27601153600003,82.06484,0.085190670445596,0,1412.9851,4,COPDEM30,14.08624172
RGI2000-v7.0-G-03-01454,03,03-01,G279787E82091N,1999-07-24T00:00:00,-80.21309923784082,82.090773,0.027413481841171,0,1439.4209,6,COPDEM30,12.31798241
RGI2000-v7.0-G-03-01455,03,03-01,G279736E82097N,1999-07-24T00:00:00,-80.26414289663873,82.0969345,0.686599530025286,0,1057.3835,8,COPDEM30,21.60058222
RGI2000-v7.0-G-03-01456,03,03-01,G279772E82101N,1999-07-24T00:00:00,-80.22846883125328,82.1011035,0.091949407207062,0,1226.2391,7,COPDEM30,14.24524249
RGI2000-v7.0-G-03-01457,03,03-01,G279772E82106N,1999-07-24T00:00:00,-80.22803862408708,82.1062415,0.019710319324313,0,1107.7383,2,COPDEM30,11.96550823
RGI2000-v7.0-G-03-01458,03,03-01,G279764E82106N,1999-07-24T00:00:00,-80.23614618559785,82.10629449999999,0.059864385616642,0,1137.7831,8,COPDEM30,13.42540794
RGI2000-v7.0-G-03-01459,03,03-01,G279765E82108N,1999-07-24T00:00:00,-80.23539548040202,82.10766899999999,0.015400039066309,0,1084.0017,2,COPDEM30,11.73735651
RGI2000-v7.0-G-03-01460,03,03-01,G279757E82111N,1999-07-24T00:00:00,-80.24250728058254,82.11136450000001,0.04287975478839,0,1090.2991,5,COPDEM30,12.89903983
RGI2000-v7.0-G-03-01461,03,03-01,G279747E82114N,1999-07-24T00:00:00,-80.2533557966792,82.1142785,0.013635140017409,0,1112.0105,8,COPDEM30,11.63477443
RGI2000-v7.0-G-03-01462,03,03-01,G279648E82086N,1999-07-24T00:00:00,-80.40115843134686,82.0964085,13.116691732660364,0,1066.4617,1,COPDEM90,60.70376297
RGI2000-v7.0-G-03-01463,03,03-01,G279482E82094N,1999-07-24T00:00:00,-80.51806503752258,82.093965,0.031213452526227,0,1120.1655,2,COPDEM30,12.47342610
RGI2000-v7.0-G-03-01464,03,03-01,G279472E82094N,1999-07-24T00:00:00,-80.5278549936709,82.0938375,0.032723343766835,0,1144.1066,8,COPDEM30,12.53254326
RGI2000-v7.0-G-03-01465,03,03-01,G279475E82101N,1999-07-24T00:00:00,-80.52528382268466,82.1013525,0.168302759278981,0,1256.8364,3,COPDEM30,15.74346070
RGI2000-v7.0-G-03-01466,03,03-01,G279445E82104N,1999-07-24T00:00:00,-80.5554238253537,82.1037965,0.02393379712832,0,1232.5636,8,COPDEM30,12.16587724
RGI2000-v7.0-G-03-01467,03,03-01,G279420E82109N,1999-07-24T00:00:00,-80.58022381898735,82.10914700000001,0.254708672643595,0,977.9155,1,COPDEM30,17.06561390
RGI2000-v7.0-G-03-01468,03,03-01,G279420E82097N,1999-07-24T00:00:00,-80.58283318652784,82.09787850000001,0.867281206061552,0,1049.0985,8,COPDEM30,23.03791074
RGI2000-v7.0-G-03-01469,03,03-01,G279978E82113N,1999-07-24T00:00:00,-80.02181545062912,82.113285,1.381536282829402,0,1033.9718,8,COPDEM30,26.45542802
RGI2000-v7.0-G-03-01470,03,03-01,G279622E82196N,1999-07-24T00:00:00,-80.37804139917517,82.19559849999999,4.61917789319627,0,977.1861,4,COPDEM30,40.08918189
RGI2000-v7.0-G-03-01471,03,03-01,G279567E82201N,1999-07-24T00:00:00,-80.43346908919062,82.2012925,0.150576747986557,0,1287.0526,5,COPDEM30,15.43259078
RGI2000-v7.0-G-03-01472,03,03-01,G279462E82202N,1999-07-24T00:00:00,-80.5773805961355,82.1981485,3.759786459458302,0,1029.7313,5,COPDEM30,37.14623631
RGI2000-v7.0-G-03-01473,03,03-01,G279330E82203N,1999-07-24T00:00:00,-80.73704765158448,82.19913650000001,4.571526967407694,0,1037.567,6,COPDEM30,39.93358124
RGI2000-v7.0-G-03-01474,03,03-01,G278894E82220N,1999-07-24T00:00:00,-81.10501756940272,82.220798,0.178850836583852,0,807.8645,1,COPDEM30,15.92070637
RGI2000-v7.0-G-03-01475,03,03-01,G278882E82222N,1999-07-24T00:00:00,-81.11792729067943,82.22199499999999,0.984491196718424,0,948.71094,1,COPDEM30,23.89101417
RGI2000-v7.0-G-03-01476,03,03-01,G278814E82217N,1999-07-24T00:00:00,-81.21170739395069,82.2196615,0.64270449713133,0,797.3136,1,COPDEM30,21.22363940
RGI2000-v7.0-G-03-01477,03,03-01,G278739E82215N,1999-07-24T00:00:00,-81.26777753439569,82.2170825,0.839016251507936,0,860.6302,1,COPDEM30,22.82369624
RGI2000-v7.0-G-03-01478,03,03-01,G278816E82269N,1999-07-24T00:00:00,-81.18398597333328,82.269285,1.823548438091761,0,961.49524,4,COPDEM30,28.90543556
RGI2000-v7.0-G-03-01479,03,03-01,G279020E82271N,1999-07-24T00:00:00,-80.98001837237382,82.2709615,0.367669964677816,0,919.61115,8,COPDEM30,18.48901131
RGI2000-v7.0-G-03-01480,03,03-01,G279058E82283N,1999-07-24T00:00:00,-80.94168336590131,82.2829535,0.157470910654889,0,1137.1064,3,COPDEM30,15.55556464
RGI2000-v7.0-G-03-01481,03,03-01,G279030E82222N,1999-07-24T00:00:00,-80.8379519056895,82.27640199999999,196.33437796566514,0,998.56555,7,COPDEM90,100.00000000
RGI2000-v7.0-G-03-01482,03,03-01,G279345E82305N,1999-07-24T00:00:00,-80.65494038213211,82.304963,0.051853529831797,0,1349.455,1,COPDEM30,13.18799182
RGI2000-v7.0-G-03-01483,03,03-01,G278656E82286N,1999-07-24T00:00:00,-81.3442575,82.286458,1.399204190617834,0,949.1897,6,COPDEM30,26.56031465
RGI2000-v7.0-G-03-01484,03,03-01,G278619E82295N,1999-07-24T00:00:00,-81.38140444379249,82.2945545,0.840495246602621,0,988.0135,7,COPDEM30,22.83499390
RGI2000-v7.0-G-03-01485,03,03-01,G278266E82299N,1999-07-24T00:00:00,-81.75447135918117,82.2972215,2.240458586578383,0,834.98737,3,COPDEM30,30.95542610
RGI2000-v7.0-G-03-01486,03,03-01,G278211E82287N,1999-07-24T00:00:00,-81.7894070302958,82.2870935,0.11361650762602,0,935.9181,4,COPDEM30,14.71898670
RGI2000-v7.0-G-03-01487,03,03-01,G278140E82299N,1999-07-24T00:00:00,-81.81841085854339,82.30695800000001,13.343469137326444,0,840.03815,7,COPDEM90,61.14019897
RGI2000-v7.0-G-03-01488,03,03-01,G278974E82536N,1999-07-24T00:00:00,-81.02584437464803,82.535969,0.176782501556849,0,566.6377,8,COPDEM30,15.88637157
RGI2000-v7.0-G-03-01489,03,03-01,G279523E82561N,1999-07-24T00:00:00,-80.47732038585664,82.561208,0.099012315283173,0,618.4591,1,COPDEM30,14.40527114
RGI2000-v7.0-G-03-01490,03,03-01,G279552E82562N,1999-07-24T00:00:00,-80.44786515063291,82.5623435,0.263518936171968,0,689.63763,8,COPDEM30,17.18677337
RGI2000-v7.0-G-03-01491,03,03-01,G279525E82573N,1999-07-24T00:00:00,-80.47334674217262,82.5747525,0.421379956274466,0,653.7684,1,COPDEM30,19.08792999
RGI2000-v7.0-G-03-01492,03,03-01,G279720E82572N,1999-07-24T00:00:00,-80.35503758124878,82.57087999999999,8.447907330379982,0,641.07666,8,COPDEM30,50.69139758
RGI2000-v7.0-G-03-01493,03,03-01,G279835E82586N,1999-07-24T00:00:00,-80.16529643558594,82.588887,7.361818560276141,0,626.4811,8,COPDEM30,47.98573993
RGI2000-v7.0-G-03-01494,03,03-01,G279949E82597N,1999-07-24T00:00:00,-80.03133005091296,82.588339,4.022272948171576,0,802.2096,2,COPDEM30,38.07784710
RGI2000-v7.0-G-03-01495,03,03-01,G279943E82549N,1999-07-24T00:00:00,-80.06109338819462,82.55024900000001,7.828783391989608,0,742.2532,6,COPDEM30,49.17194844
RGI2000-v7.0-G-03-01496,03,03-01,G279858E82520N,1999-07-24T00:00:00,-80.14221168723324,82.5202815,0.077979215894644,0,788.8959,8,COPDEM30,13.90946624
RGI2000-v7.0-G-03-01497,03,03-01,G279867E82519N,1999-07-24T00:00:00,-80.13310366382507,82.51926599999999,0.067409343227862,0,811.1438,3,COPDEM30,13.63486331
RGI2000-v7.0-G-03-01498,03,03-01,G279906E82505N,1999-07-24T00:00:00,-80.14728768283243,82.503489,8.610361691125972,0,663.08923,8,COPDEM30,51.08078494
RGI2000-v7.0-G-03-01499,03,03-01,G279763E82496N,1999-07-24T00:00:00,-80.23714724242426,82.49619200000001,0.101723388472693,0,670.5268,8,COPDEM30,14.46517459
RGI2000-v7.0-G-03-01500,03,03-01,G279844E82475N,1999-07-24T00:00:00,-80.15628495228512,82.47473550000001,0.191960800904351,0,715.36414,2,COPDEM30,16.13386640
RGI2000-v7.0-G-03-01501,03,03-01,G279866E82467N,1999-07-24T00:00:00,-80.13351546341462,82.467026,0.096606568588215,0,746.5454,2,COPDEM30,14.35142361
RGI2000-v7.0-G-03-01502,03,03-01,G280058E82487N,1999-07-24T00:00:00,-79.94225046438746,82.4865925,0.06713179275756,0,769.7719,8,COPDEM30,13.62737252
RGI2000-v7.0-G-03-01503,03,03-01,G280211E82487N,1999-07-24T00:00:00,-79.80192839770473,82.4829915,0.612407747445895,0,779.57074,5,COPDEM30,20.95590793
RGI2000-v7.0-G-03-01504,03,03-01,G280250E82460N,1999-07-24T00:00:00,-79.75041669169028,82.4601775,0.119509659293262,0,760.1676,1,COPDEM30,14.83982368
RGI2000-v7.0-G-03-01505,03,03-01,G280299E82450N,1999-07-24T00:00:00,-79.70067680227272,82.4497015,0.103293063901577,0,687.34314,8,COPDEM30,14.49949336
RGI2000-v7.0-G-03-01506,03,03-01,G280104E82451N,1999-07-24T00:00:00,-79.8963689608586,82.4512095,0.128050376462202,0,781.66296,8,COPDEM30,15.00977782
RGI2000-v7.0-G-03-01507,03,03-01,G280460E82478N,1999-07-24T00:00:00,-79.53989446969697,82.47811200000001,0.101987862959678,0,1067.0725,7,COPDEM30,14.47097541
RGI2000-v7.0-G-03-01508,03,03-01,G280486E82476N,1999-07-24T00:00:00,-79.51368703652967,82.475577,0.165812056376986,0,899.8408,3,COPDEM30,15.70080372
RGI2000-v7.0-G-03-01509,03,03-01,G280501E82466N,1999-07-24T00:00:00,-79.49863100000002,82.46617950000001,0.119732632996851,0,861.063,2,COPDEM30,14.84433649
RGI2000-v7.0-G-03-01510,03,03-01,G280370E82492N,1999-07-24T00:00:00,-79.61611109475821,82.49148600000001,4.597752960467599,0,935.0148,6,COPDEM30,40.01932012
RGI2000-v7.0-G-03-01511,03,03-01,G280480E82512N,1999-07-24T00:00:00,-79.51467725722327,82.525059,31.600579792249007,0,891.70795,1,COPDEM90,88.70015019
RGI2000-v7.0-G-03-01512,03,03-01,G280479E82534N,1999-07-24T00:00:00,-79.52662617449516,82.5364545,0.464780936892715,0,797.479,1,COPDEM30,19.54447817
RGI2000-v7.0-G-03-01513,03,03-01,G280390E82530N,1999-07-24T00:00:00,-79.62143663460839,82.534167,2.433956901114771,0,825.96643,1,COPDEM30,31.84160142
RGI2000-v7.0-G-03-01514,03,03-01,G280274E82553N,1999-07-24T00:00:00,-79.72602703030304,82.552592,0.155059756633881,0,906.64105,8,COPDEM30,15.51286788
RGI2000-v7.0-G-03-01515,03,03-01,G280186E82519N,1999-07-24T00:00:00,-79.82322800477321,82.5269325,22.25387929186224,0,795.0879,1,COPDEM90,76.04362453
RGI2000-v7.0-G-03-01516,03,03-01,G280802E82519N,1999-07-24T00:00:00,-79.22352502881742,82.5207335,0.261229578353983,0,1091.5911,8,COPDEM30,17.15548722
RGI2000-v7.0-G-03-01517,03,03-01,G280815E82535N,1999-07-24T00:00:00,-79.18531808286315,82.534633,0.126238496511284,0,951.61597,1,COPDEM30,14.97420801
RGI2000-v7.0-G-03-01518,03,03-01,G280845E82526N,1999-07-24T00:00:00,-79.10010397390175,82.5230495,4.240418867584943,0,879.6805,2,COPDEM30,38.82918830
RGI2000-v7.0-G-03-01519,03,03-01,G281024E82516N,1999-07-24T00:00:00,-78.99189458729865,82.5172805,18.205586455996013,0,901.9032,1,COPDEM90,69.73520692
RGI2000-v7.0-G-03-01520,03,03-01,G281177E82489N,1999-07-24T00:00:00,-78.84891457131661,82.499168,13.804104854538782,0,971.4221,2,COPDEM90,62.01542609
RGI2000-v7.0-G-03-01521,03,03-01,G281273E82502N,1999-07-24T00:00:00,-78.74022883366789,82.5052845,1.557123860412183,0,979.5783,1,COPDEM30,27.46986768
RGI2000-v7.0-G-03-01522,03,03-01,G281326E82503N,1999-07-24T00:00:00,-78.68792124762774,82.50473,1.448472927977898,0,963.6061,1,COPDEM30,26.84935292
RGI2000-v7.0-G-03-01523,03,03-01,G281413E82492N,1999-07-24T00:00:00,-78.59370412979845,82.4929765,0.603579882198699,0,994.94934,2,COPDEM30,20.87665651
RGI2000-v7.0-G-03-01524,03,03-01,G281500E82513N,1999-07-24T00:00:00,-78.50130601930321,82.5117835,0.146757111741643,0,1036.7863,1,COPDEM30,15.36324472
RGI2000-v7.0-G-03-01525,03,03-01,G281432E82520N,1999-07-24T00:00:00,-78.5743502693523,82.520327,0.62861836702577,0,935.71136,1,COPDEM30,21.09996396
RGI2000-v7.0-G-03-01526,03,03-01,G281366E82566N,1999-07-24T00:00:00,-78.56754233044094,82.56654599999999,0.400937646386658,0,846.4336,1,COPDEM30,18.86474922
RGI2000-v7.0-G-03-01527,03,03-01,G281367E82567N,1999-07-24T00:00:00,-78.65807581398312,82.5684615,1.194485021043954,0,888.4321,2,COPDEM30,25.30094978
RGI2000-v7.0-G-03-01528,03,03-01,G281296E82574N,1999-07-24T00:00:00,-78.69948135602408,82.5768305,1.195559411270909,0,945.7167,2,COPDEM30,25.30782952
RGI2000-v7.0-G-03-01529,03,03-01,G281164E82575N,1999-07-24T00:00:00,-78.84673642383649,82.576111,0.391850871072972,0,687.7663,2,COPDEM30,18.76371900
RGI2000-v7.0-G-03-01530,03,03-01,G281348E82612N,1999-07-24T00:00:00,-78.62917724438006,82.61379299999999,1.366407587241267,0,802.4323,8,COPDEM30,26.36508133
RGI2000-v7.0-G-03-01531,03,03-01,G281435E82617N,1999-07-24T00:00:00,-78.56453692519412,82.619281,0.699151032664908,0,877.135,8,COPDEM30,21.70613525
RGI2000-v7.0-G-03-01532,03,03-01,G281489E82614N,1999-07-24T00:00:00,-78.49706514298634,82.6166595,1.740386956890009,0,844.6764,2,COPDEM30,28.46932169
RGI2000-v7.0-G-03-01533,03,03-01,G281504E82631N,1999-07-24T00:00:00,-78.47838105162523,82.6345445,0.88296402176457,0,735.506,1,COPDEM30,23.15526314
RGI2000-v7.0-G-03-01534,03,03-01,G281513E82643N,1999-07-24T00:00:00,-78.4869741489551,82.64321000000001,0.285125644817126,0,657.28937,1,COPDEM30,17.47560208
RGI2000-v7.0-G-03-01535,03,03-01,G281886E82642N,1999-07-24T00:00:00,-78.11403972808665,82.6418265,0.15034069391293,0,638.65234,8,COPDEM30,15.42833087
RGI2000-v7.0-G-03-01536,03,03-01,G281978E82638N,1999-07-24T00:00:00,-78.02204810797011,82.63816399999999,0.42926699978376,0,729.0592,1,COPDEM30,19.17258589
RGI2000-v7.0-G-03-01537,03,03-01,G281973E82632N,1999-07-24T00:00:00,-78.00900400226757,82.634374,0.220741673433598,0,744.3246,4,COPDEM30,16.57764152
RGI2000-v7.0-G-03-01538,03,03-01,G282176E82642N,2010-01-01T00:00:00,-77.82527197732861,82.64122549999999,0.320057018272642,0,858.14606,8,COPDEM30,17.92030148
RGI2000-v7.0-G-03-01539,03,03-01,G282216E82633N,2010-01-01T00:00:00,-77.74546853351944,82.63402350000001,3.460760594378151,0,961.2893,6,COPDEM30,36.04436746
RGI2000-v7.0-G-03-01540,03,03-01,G282428E82628N,2010-01-01T00:00:00,-77.55320697215981,82.62848,2.899888245763656,0,988.6471,6,COPDEM30,33.84068154
RGI2000-v7.0-G-03-01541,03,03-01,G282605E82638N,2010-01-01T00:00:00,-77.3736419172171,82.634297,4.375386075877605,0,1057.2183,4,COPDEM30,39.28439296
RGI2000-v7.0-G-03-01542,03,03-01,G282684E82627N,2010-01-01T00:00:00,-77.30665477944169,82.6305535,0.377040888625452,0,862.9574,2,COPDEM30,18.59651174
RGI2000-v7.0-G-03-01543,03,03-01,G282738E82640N,2010-01-01T00:00:00,-77.26436408275433,82.6412905,0.710907944714833,0,1038.0441,6,COPDEM30,21.80415000
RGI2000-v7.0-G-03-01544,03,03-01,G282658E82663N,2010-01-01T00:00:00,-77.36058290415275,82.6666085,4.988342453587937,0,827.3804,1,COPDEM30,41.26843650
RGI2000-v7.0-G-03-01545,03,03-01,G282754E82670N,2010-01-01T00:00:00,-77.25116825022133,82.6700615,0.292922893598431,0,768.72766,1,COPDEM30,17.57712922
RGI2000-v7.0-G-03-01546,03,03-01,G282854E82667N,2010-01-01T00:00:00,-77.11709452760482,82.67051000000001,0.921326695371585,0,785.6851,2,COPDEM30,23.43800701
RGI2000-v7.0-G-03-01547,03,03-01,G282942E82666N,2010-01-01T00:00:00,-77.01691969513456,82.671933,15.92535379354887,0,925.0889,2,COPDEM90,65.86921642
RGI2000-v7.0-G-03-01548,03,03-01,G282646E82692N,2010-01-01T00:00:00,-77.36883246403539,82.6908765,0.252159899149334,0,757.36554,2,COPDEM30,17.03017356
RGI2000-v7.0-G-03-01549,03,03-01,G282595E82708N,2010-01-01T00:00:00,-77.40529812452476,82.707833,0.180778140942055,0,540.05164,8,COPDEM30,15.95252179
RGI2000-v7.0-G-03-01550,03,03-01,G282627E82709N,2010-01-01T00:00:00,-77.44830233725284,82.7108825,0.286460741808338,0,464.66574,7,COPDEM30,17.49308384
RGI2000-v7.0-G-03-01551,03,03-01,G282628E82726N,2010-01-01T00:00:00,-77.35374997412009,82.725882,0.825278502744525,0,590.26056,2,COPDEM30,22.71827766
RGI2000-v7.0-G-03-01552,03,03-01,G282648E82733N,2010-01-01T00:00:00,-77.34664778427027,82.7327105,0.186352465929362,0,552.78625,2,COPDEM30,16.04359854
RGI2000-v7.0-G-03-01553,03,03-01,G282715E82713N,2010-01-01T00:00:00,-77.28350450296202,82.71713650000001,0.850845524753281,0,611.8318,1,COPDEM30,22.91378035
RGI2000-v7.0-G-03-01554,03,03-01,G282474E82649N,2010-01-01T00:00:00,-77.53964019032854,82.661452,15.308835630110018,0,907.4419,8,COPDEM90,64.77711003
RGI2000-v7.0-G-03-01555,03,03-01,G282222E82659N,2010-01-01T00:00:00,-77.78081043151404,82.6591215,2.579835709532773,0,812.5759,1,COPDEM30,32.48661378
RGI2000-v7.0-G-03-01556,03,03-01,G282140E82655N,2010-01-01T00:00:00,-77.85927394228926,82.65474,0.818885697165189,0,809.61206,1,COPDEM30,22.66892247
RGI2000-v7.0-G-03-01557,03,03-01,G282538E82565N,1999-07-24T00:00:00,-77.47118349906015,82.5671255,0.231361721878182,0,1030.4064,1,COPDEM30,16.73401051
RGI2000-v7.0-G-03-01558,03,03-01,G282273E82479N,1999-07-24T00:00:00,-77.18783288822448,82.5659545,100.1526586902853,0,1058.4333,8,COPDEM90,100.00000000
RGI2000-v7.0-G-03-01559,03,03-01,G283103E82591N,1999-07-24T00:00:00,-76.8671708652399,82.5883715,1.84171196365599,0,1257.7654,8,COPDEM30,28.99935643
RGI2000-v7.0-G-03-01560,03,03-01,G283173E82588N,1999-07-24T00:00:00,-76.84764274496338,82.5973705,0.650469376625101,0,1105.6232,8,COPDEM30,21.29123544
RGI2000-v7.0-G-03-01561,03,03-01,G283213E82603N,1999-07-24T00:00:00,-76.80195858817052,82.60156950000001,0.20617033480113,0,1044.0349,1,COPDEM30,16.35683771
RGI2000-v7.0-G-03-01562,03,03-01,G283270E82604N,1999-07-24T00:00:00,-76.7277912455814,82.604134,0.384803026439907,0,1060.1497,1,COPDEM30,18.68454911
RGI2000-v7.0-G-03-01563,03,03-01,G283325E82605N,1999-07-24T00:00:00,-76.6877249624657,82.606122,1.08740479139961,0,1187.9315,1,COPDEM30,24.59901843
RGI2000-v7.0-G-03-01564,03,03-01,G283324E82604N,1999-07-24T00:00:00,-76.68865155791153,82.5957895,0.407916352635521,0,1452.2107,5,COPDEM30,18.94156614
RGI2000-v7.0-G-03-01565,03,03-01,G283428E82605N,1999-07-24T00:00:00,-76.58297407272195,82.6095795,3.942113012443448,0,1060.7671,1,COPDEM30,37.79665718
RGI2000-v7.0-G-03-01566,03,03-01,G283685E82601N,1999-07-24T00:00:00,-76.4267430165653,82.611896,1.651321612419146,0,964.18915,1,COPDEM30,27.99052629
RGI2000-v7.0-G-03-01567,03,03-01,G283675E82614N,1999-07-24T00:00:00,-76.32547372036132,82.61394050000001,1.012071897184859,0,1041.4036,1,COPDEM30,24.08424978
RGI2000-v7.0-G-03-01568,03,03-01,G283742E82607N,1999-07-24T00:00:00,-76.2582076694751,82.60668899999999,0.753827174686683,0,1084.6531,2,COPDEM30,22.15525097
RGI2000-v7.0-G-03-01569,03,03-01,G283686E82602N,1999-07-24T00:00:00,-76.31563462456937,82.6005435,1.638393464121467,0,1102.4979,4,COPDEM30,27.91996426
RGI2000-v7.0-G-03-01570,03,03-01,G283631E82600N,1999-07-24T00:00:00,-76.36882051118569,82.599875,0.443880621729089,0,1173.8893,4,COPDEM30,19.32741132
RGI2000-v7.0-G-03-01571,03,03-01,G283881E82570N,1999-07-24T00:00:00,-76.13198309722273,82.569428,0.184870422632195,0,949.20685,2,COPDEM30,16.01951849
RGI2000-v7.0-G-03-01572,03,03-01,G283784E82555N,1999-07-24T00:00:00,-76.28113795808815,82.5564835,4.626127777378988,0,1110.1893,2,COPDEM30,40.11180905
RGI2000-v7.0-G-03-01573,03,03-01,G283740E82540N,1999-07-24T00:00:00,-76.2665111758448,82.541946,0.524542186457587,0,1136.3225,2,COPDEM30,20.13953986
RGI2000-v7.0-G-03-01574,03,03-01,G283311E82562N,1999-07-24T00:00:00,-76.67804122238192,82.570624,50.118545252439155,0,1168.1886,2,COPDEM90,100.00000000
RGI2000-v7.0-G-03-01575,03,03-01,G283164E82478N,1999-07-24T00:00:00,-76.83570791014014,82.477795,99.64726585482062,0,1428.2349,3,COPDEM90,100.00000000
RGI2000-v7.0-G-03-01576,03,03-01,G283439E82437N,1999-07-24T00:00:00,-76.56114336090246,82.43667249999999,4.167541664937097,0,1382.0042,3,COPDEM30,38.58038079
RGI2000-v7.0-G-03-01577,03,03-01,G283652E82400N,1999-07-24T00:00:00,-76.34802400506898,82.400161,1.650470572884355,0,1332.4159,2,COPDEM30,27.98588981
RGI2000-v7.0-G-03-01578,03,03-01,G283651E82383N,1999-07-24T00:00:00,-76.34868831942629,82.38308,2.09463779271106,0,1376.3003,4,COPDEM30,30.26200897
RGI2000-v7.0-G-03-01579,03,03-01,G283741E82383N,1999-07-24T00:00:00,-76.2590631937162,82.3829225,0.086311278619902,0,874.18475,1,COPDEM30,14.11302937
RGI2000-v7.0-G-03-01580,03,03-01,G283534E82371N,1999-07-24T00:00:00,-76.46639451536876,82.37134800000001,8.820727966899758,0,1330.8921,4,COPDEM30,51.57959453
RGI2000-v7.0-G-03-01581,03,03-01,G283356E82325N,1999-07-24T00:00:00,-76.64407443662674,82.324646,0.028981675496924,0,1314.1172,3,COPDEM30,12.38336074
RGI2000-v7.0-G-03-01582,03,03-01,G283632E82298N,1999-07-24T00:00:00,-76.36783260909093,82.298477,0.154536867023004,0,1543.5245,8,COPDEM30,15.50356484
RGI2000-v7.0-G-03-01583,03,03-01,G283624E82296N,1999-07-24T00:00:00,-76.37629801068903,82.2959005,0.065359254845864,0,1574.9299,6,COPDEM30,13.57916386
RGI2000-v7.0-G-03-01584,03,03-01,G283665E82295N,1999-07-24T00:00:00,-76.33465690590745,82.29475550000001,0.136994599045325,0,1509.3174,4,COPDEM30,15.18178940
RGI2000-v7.0-G-03-01585,03,03-01,G283677E82299N,1999-07-24T00:00:00,-76.32322019892919,82.2990325,0.055590028857041,0,1506.901,4,COPDEM30,13.30085529
RGI2000-v7.0-G-03-01586,03,03-01,G283655E82301N,1999-07-24T00:00:00,-76.34461010491506,82.3012595,0.252326842202272,0,1443.68,1,COPDEM30,17.03250034
RGI2000-v7.0-G-03-01587,03,03-01,G283601E82286N,1999-07-24T00:00:00,-76.39921283513914,82.2856045,0.806617676247843,0,1274.3362,4,COPDEM30,22.57366552
RGI2000-v7.0-G-03-01588,03,03-01,G283586E82274N,1999-07-24T00:00:00,-76.4143211496746,82.274355,0.352420891492669,0,1169.0171,4,COPDEM30,18.31110671
RGI2000-v7.0-G-03-01589,03,03-01,G283924E82245N,1999-07-24T00:00:00,-76.08335754999999,82.2452775,0.818064342172104,0,1271.9457,5,COPDEM30,22.66256732
RGI2000-v7.0-G-03-01590,03,03-01,G284040E82206N,1999-07-24T00:00:00,-75.97139643099548,82.207159,0.235301708660076,0,1224.7653,2,COPDEM30,16.79110705
RGI2000-v7.0-G-03-01591,03,03-01,G284003E82201N,1999-07-24T00:00:00,-75.997127,82.2013505,0.0193597810646,0,1065.772,8,COPDEM30,11.94795202
RGI2000-v7.0-G-03-01592,03,03-01,G284029E82195N,1999-07-24T00:00:00,-75.97060092874979,82.19537500000001,0.078353658326956,0,1129.5127,8,COPDEM30,13.91884129
RGI2000-v7.0-G-03-01593,03,03-01,G284063E82201N,1999-07-24T00:00:00,-75.9404293917485,82.20131599999999,0.125814348313215,0,1174.3601,2,COPDEM30,14.96584457
RGI2000-v7.0-G-03-01594,03,03-01,G283856E82200N,1999-07-24T00:00:00,-76.14895713295901,82.20076599999999,0.180196646758328,0,1149.3802,2,COPDEM30,15.94294058
RGI2000-v7.0-G-03-01595,03,03-01,G283818E82198N,1999-07-24T00:00:00,-76.19311935481963,82.199703,0.119683680893292,0,1183.3457,1,COPDEM30,14.84334610
RGI2000-v7.0-G-03-01596,03,03-01,G284432E82157N,1999-07-24T00:00:00,-75.47507935934861,82.187268,1473.6440308323592,0,1447.7358,1,COPDEM90,100.00000000
RGI2000-v7.0-G-03-01597,03,03-01,G284856E82221N,1999-07-24T00:00:00,-75.12483842369822,82.2211935,0.643353655871257,0,1145.8723,8,COPDEM30,21.22930615
RGI2000-v7.0-G-03-01598,03,03-01,G284911E82228N,1999-07-24T00:00:00,-75.08941731691921,82.228239,0.715549214575886,0,1175.6569,1,COPDEM30,21.84261990
RGI2000-v7.0-G-03-01599,03,03-01,G284963E82248N,1999-07-24T00:00:00,-75.03690211138334,82.247715,0.074116408688292,0,1151.763,3,COPDEM30,13.81140605
RGI2000-v7.0-G-03-01600,03,03-01,G284949E82249N,1999-07-24T00:00:00,-75.05073321669477,82.249399,0.080189594757839,0,1146.4357,8,COPDEM30,13.96448743
RGI2000-v7.0-G-03-01601,03,03-01,G284820E82251N,1999-07-24T00:00:00,-75.17995024531835,82.251057,0.021114602349719,0,1196.9272,1,COPDEM30,12.03432103
RGI2000-v7.0-G-03-01602,03,03-01,G284803E82251N,1999-07-24T00:00:00,-75.19661914339153,82.2512255,0.069745408542855,0,1186.5828,1,COPDEM30,13.69730984
RGI2000-v7.0-G-03-01603,03,03-01,G284754E82254N,1999-07-24T00:00:00,-75.24645047909817,82.25378549999999,0.566134126850773,0,1109.0002,2,COPDEM30,20.53386391
RGI2000-v7.0-G-03-01604,03,03-01,G284715E82260N,1999-07-24T00:00:00,-75.28481671195652,82.259733,0.713535197005218,0,1140.8002,2,COPDEM30,21.82594176
RGI2000-v7.0-G-03-01605,03,03-01,G284696E82248N,1999-07-24T00:00:00,-75.30404783919039,82.24837,1.189222528405494,0,1220.1339,7,COPDEM30,25.26720720
RGI2000-v7.0-G-03-01606,03,03-01,G285241E82285N,1999-07-24T00:00:00,-74.75947592493797,82.2848205,0.242314155626798,0,1078.7505,8,COPDEM30,16.89155821
RGI2000-v7.0-G-03-01607,03,03-01,G285271E82290N,1999-07-24T00:00:00,-74.72943700469054,82.2904645,0.182923743939394,0,1019.8094,3,COPDEM30,15.98774196
RGI2000-v7.0-G-03-01608,03,03-01,G285363E82287N,1999-07-24T00:00:00,-74.63737069617527,82.28745,1.113151775911352,0,1067.2981,1,COPDEM30,24.77084114
RGI2000-v7.0-G-03-01609,03,03-01,G285455E82292N,1999-07-24T00:00:00,-74.54545964740592,82.292417,0.099284549890821,0,1031.304,2,COPDEM30,14.41132313
RGI2000-v7.0-G-03-01610,03,03-01,G285501E82295N,1999-07-24T00:00:00,-74.49901943890274,82.295035,0.079247555573199,0,1052.7941,1,COPDEM30,13.94113193
RGI2000-v7.0-G-03-01611,03,03-01,G285569E82297N,1999-07-24T00:00:00,-74.43571602238805,82.296978,0.235662210743877,0,1082.9824,1,COPDEM30,16.79630733
RGI2000-v7.0-G-03-01612,03,03-01,G285645E82329N,1999-07-24T00:00:00,-74.35535896285603,82.32852700000001,2.726825857231145,0,956.00464,7,COPDEM30,33.11834484
RGI2000-v7.0-G-03-01613,03,03-01,G285230E82357N,1999-07-24T00:00:00,-74.75020885140364,82.35364200000001,9.969035605342869,0,1331.1733,6,COPDEM30,54.20329149
RGI2000-v7.0-G-03-01614,03,03-01,G285091E82357N,1999-07-24T00:00:00,-74.90948335091065,82.35734099999999,0.179738762812354,0,1316.5916,6,COPDEM30,15.93538520
RGI2000-v7.0-G-03-01615,03,03-01,G285036E82358N,1999-07-24T00:00:00,-74.96414171718752,82.35818950000001,0.202391612921023,0,1355.2,4,COPDEM30,16.29831375
RGI2000-v7.0-G-03-01616,03,03-01,G285005E82357N,1999-07-24T00:00:00,-74.9808887718341,82.3569935,0.326056134522012,0,1385.8198,5,COPDEM30,17.99418553
RGI2000-v7.0-G-03-01617,03,03-01,G285004E82356N,1999-07-24T00:00:00,-75.0144897953929,82.356356,0.789622177266141,0,1369.8275,6,COPDEM30,22.44049624
RGI2000-v7.0-G-03-01618,03,03-01,G285038E82349N,1999-07-24T00:00:00,-74.96206602085455,82.3494615,0.047688484782851,0,1212.2656,8,COPDEM30,13.05727706
RGI2000-v7.0-G-03-01619,03,03-01,G284842E82379N,1999-07-24T00:00:00,-75.17533687285622,82.3817565,25.18102293883633,0,1154.0198,8,COPDEM90,80.25297500
RGI2000-v7.0-G-03-01620,03,03-01,G284730E82408N,1999-07-24T00:00:00,-75.24574919825335,82.4084115,1.226102880816444,0,1248.279,8,COPDEM30,25.50213420
RGI2000-v7.0-G-03-01621,03,03-01,G284791E82413N,1999-07-24T00:00:00,-75.21486612308371,82.413521,0.568713340573744,0,1271.9413,8,COPDEM30,20.55783192
RGI2000-v7.0-G-03-01622,03,03-01,G284851E82419N,1999-07-24T00:00:00,-75.17874716350323,82.420234,1.328400352051755,0,1206.9529,8,COPDEM30,26.13587522
RGI2000-v7.0-G-03-01623,03,03-01,G284970E82424N,1999-07-24T00:00:00,-75.06571046703297,82.427591,5.58818293618455,0,1216.5714,1,COPDEM30,43.09507298
RGI2000-v7.0-G-03-01624,03,03-01,G285041E82438N,1999-07-24T00:00:00,-74.95497027324402,82.43964349999999,1.81083559782157,0,1318.6016,8,COPDEM30,28.83942083
RGI2000-v7.0-G-03-01625,03,03-01,G285459E82420N,1999-07-24T00:00:00,-74.89819142461263,82.446836,1.063462598344284,0,1038.5964,1,COPDEM30,24.43740521
RGI2000-v7.0-G-03-01626,03,03-01,G285204E82419N,1999-07-24T00:00:00,-74.79579798034997,82.41876049999999,0.67366335786985,0,1494.7955,4,COPDEM30,21.49077970
RGI2000-v7.0-G-03-01627,03,03-01,G285304E82422N,1999-07-24T00:00:00,-74.69226071885329,82.421172,1.236912931071485,0,1052.024,1,COPDEM30,25.57032223
RGI2000-v7.0-G-03-01628,03,03-01,G285380E82426N,1999-07-24T00:00:00,-74.6195165,82.42612299999999,0.095234000330241,0,1120.2922,8,COPDEM30,14.32040091
RGI2000-v7.0-G-03-01629,03,03-01,G285460E82421N,1999-07-24T00:00:00,-74.34914804879458,82.4238715,98.69528112630181,0,1143.7078,8,COPDEM90,100.00000000
RGI2000-v7.0-G-03-01630,03,03-01,G285294E82491N,1999-07-24T00:00:00,-74.63198412946639,82.4808285,4.428130728974946,0,1182.4928,7,COPDEM30,39.46037377
RGI2000-v7.0-G-03-01631,03,03-01,G285339E82504N,1999-07-24T00:00:00,-74.67266937210212,82.50481450000001,3.45178545194808,0,990.679,8,COPDEM30,36.01057378
RGI2000-v7.0-G-03-01632,03,03-01,G284860E82502N,1999-07-24T00:00:00,-75.13999384291311,82.50199699999999,0.190734644143619,0,1061.3855,1,COPDEM30,16.11424486
RGI2000-v7.0-G-03-01633,03,03-01,G284826E82502N,1999-07-24T00:00:00,-75.1821922088364,82.50245799999999,1.075053158057183,0,1017.08417,2,COPDEM30,24.51586783
RGI2000-v7.0-G-03-01634,03,03-01,G284821E82515N,1999-07-24T00:00:00,-75.14186550963076,82.51583049999999,1.450078126072908,0,911.3313,1,COPDEM30,26.85868657
RGI2000-v7.0-G-03-01635,03,03-01,G284892E82538N,1999-07-24T00:00:00,-75.10537614751212,82.5374515,0.833785519273898,0,960.8498,1,COPDEM30,22.78365995
RGI2000-v7.0-G-03-01636,03,03-01,G284869E82546N,1999-07-24T00:00:00,-75.13112765590202,82.5457215,0.101647212963044,0,942.0125,1,COPDEM30,14.46350241
RGI2000-v7.0-G-03-01637,03,03-01,G284867E82554N,1999-07-24T00:00:00,-75.13273249776798,82.55390700000001,0.392685272240561,0,951.27075,1,COPDEM30,18.77304470
RGI2000-v7.0-G-03-01638,03,03-01,G284824E82565N,1999-07-24T00:00:00,-75.17558473074337,82.564952,0.041428233474418,0,954.0177,2,COPDEM30,12.84954975
RGI2000-v7.0-G-03-01639,03,03-01,G284588E82561N,1999-07-24T00:00:00,-75.41709789985592,82.5596545,1.172274484353902,0,1050.1449,2,COPDEM30,25.15802754
RGI2000-v7.0-G-03-01640,03,03-01,G284575E82569N,1999-07-24T00:00:00,-75.44550613383092,82.5682715,0.718305250899021,0,1023.41254,2,COPDEM30,21.86540472
RGI2000-v7.0-G-03-01641,03,03-01,G284574E82577N,1999-07-24T00:00:00,-75.42587254925186,82.57723849999999,0.27533455589008,0,1071.315,3,COPDEM30,17.34612639
RGI2000-v7.0-G-03-01642,03,03-01,G284463E82560N,1999-07-24T00:00:00,-75.5595294163421,82.567701,4.826834494926651,0,966.02594,1,COPDEM30,40.75808123
RGI2000-v7.0-G-03-01643,03,03-01,G284591E82551N,1999-07-24T00:00:00,-75.42687201167648,82.550119,0.912647175263071,0,1011.88116,2,COPDEM30,23.37455967
RGI2000-v7.0-G-03-01644,03,03-01,G284443E82530N,1999-07-24T00:00:00,-75.56574952446184,82.5302665,0.556233318765132,0,1069.9711,8,COPDEM30,20.44134716
RGI2000-v7.0-G-03-01645,03,03-01,G284409E82509N,1999-07-24T00:00:00,-75.6054451962579,82.521428,0.868106212239847,0,1097.1946,1,COPDEM30,23.04411046
RGI2000-v7.0-G-03-01646,03,03-01,G284320E82523N,1999-07-24T00:00:00,-75.67996255349061,82.5225005,0.040084366187741,0,1039.1157,1,COPDEM30,12.80295126
RGI2000-v7.0-G-03-01647,03,03-01,G284500E82521N,1999-07-24T00:00:00,-75.5003376733947,82.52074999999999,1.266687692390605,0,1135.7653,4,COPDEM30,25.75661092
RGI2000-v7.0-G-03-01648,03,03-01,G284604E82502N,1999-07-24T00:00:00,-75.43372804209793,82.508805,41.90958271750481,0,1100.166,2,COPDEM90,100.00000000
RGI2000-v7.0-G-03-01649,03,03-01,G284738E82484N,1999-07-24T00:00:00,-75.27794975953242,82.4830725,1.001715822340838,0,1001.112,2,COPDEM30,24.01200561
RGI2000-v7.0-G-03-01650,03,03-01,G284800E82473N,1999-07-24T00:00:00,-75.22924798719797,82.4739725,2.794003810300146,0,1039.4236,2,COPDEM30,33.40138344
RGI2000-v7.0-G-03-01651,03,03-01,G284669E82451N,1999-07-24T00:00:00,-75.34504169367939,82.4505485,1.746766824896417,0,1238.0989,3,COPDEM30,28.50314291
RGI2000-v7.0-G-03-01652,03,03-01,G284430E82469N,1999-07-24T00:00:00,-75.56990348073529,82.46947750000001,0.121652523003127,0,1200.8965,7,COPDEM30,14.88302104
RGI2000-v7.0-G-03-01653,03,03-01,G284311E82449N,1999-07-24T00:00:00,-75.70819367631431,82.457588,25.111192200095076,0,1055.1912,1,COPDEM90,80.15549637
RGI2000-v7.0-G-03-01654,03,03-01,G284137E82455N,1999-07-24T00:00:00,-75.87345490735369,82.455868,0.888316794719411,0,1191.6555,2,COPDEM30,23.19507832
RGI2000-v7.0-G-03-01655,03,03-01,G284049E82461N,1999-07-24T00:00:00,-75.95144322721904,82.4610495,0.401563002893042,0,1029.3708,1,COPDEM30,18.87165985
RGI2000-v7.0-G-03-01656,03,03-01,G284078E82477N,1999-07-24T00:00:00,-75.92169338483146,82.4767585,0.087571444011123,0,1180.1716,1,COPDEM30,14.14294618
RGI2000-v7.0-G-03-01657,03,03-01,G284093E82435N,1999-07-24T00:00:00,-75.84209826128483,82.436284,5.54306402221793,0,1169.3514,8,COPDEM30,42.96119762
RGI2000-v7.0-G-03-01658,03,03-01,G284186E82412N,1999-07-24T00:00:00,-75.83033290288415,82.4097715,1.821790691927855,0,1238.5808,5,COPDEM30,28.89632175
RGI2000-v7.0-G-03-01659,03,03-01,G284115E82409N,1999-07-24T00:00:00,-75.88461712903229,82.40888050000001,0.179380209254014,0,1186.3425,3,COPDEM30,15.92946212
RGI2000-v7.0-G-03-01660,03,03-01,G284401E82423N,1999-07-24T00:00:00,-75.59941008864783,82.4234065,0.240518635907825,0,1254.9939,3,COPDEM30,16.86597791
RGI2000-v7.0-G-03-01661,03,03-01,G284388E82428N,1999-07-24T00:00:00,-75.61190858031752,82.4275385,0.050548757203148,0,1389.1675,4,COPDEM30,13.14762711
RGI2000-v7.0-G-03-01662,03,03-01,G284562E82391N,1999-07-24T00:00:00,-75.4375296653888,82.390579,0.0527170509541,0,1292.8433,1,COPDEM30,13.21442716
RGI2000-v7.0-G-03-01663,03,03-01,G284588E82391N,1999-07-24T00:00:00,-75.41178531832799,82.3913025,0.082018892807384,0,1297.1008,1,COPDEM30,14.00945171
RGI2000-v7.0-G-03-01664,03,03-01,G284637E82398N,1999-07-24T00:00:00,-75.37078337363836,82.39606699999999,0.246626996928902,0,1294.8276,1,COPDEM30,16.95261759
RGI2000-v7.0-G-03-01665,03,03-01,G284689E82402N,1999-07-24T00:00:00,-75.3296055627413,82.403321,0.288099774420632,0,1290.4075,8,COPDEM30,17.51448972
RGI2000-v7.0-G-03-01666,03,03-01,G284538E82386N,1999-07-24T00:00:00,-75.4617575,82.386143,0.13913261981743,0,1332.9404,8,COPDEM30,15.22206793
RGI2000-v7.0-G-03-01667,03,03-01,G284470E82382N,1999-07-24T00:00:00,-75.5300516599147,82.382485,0.030390393229637,0,1345.2462,8,COPDEM30,12.44059769
RGI2000-v7.0-G-03-01668,03,03-01,G284578E82357N,1999-07-24T00:00:00,-75.42202981647941,82.357133,0.097221322788183,0,1368.7688,1,COPDEM30,14.36524676
RGI2000-v7.0-G-03-01669,03,03-01,G284646E82359N,1999-07-24T00:00:00,-75.35984181589204,82.3584305,0.531176026882473,0,1096.3901,8,COPDEM30,20.20345536
RGI2000-v7.0-G-03-01670,03,03-01,G285012E82397N,1999-07-24T00:00:00,-74.98771769406832,82.397006,0.331078399543422,0,1210.1235,4,COPDEM30,18.05551776
RGI2000-v7.0-G-03-01671,03,03-01,G285093E82409N,1999-07-24T00:00:00,-74.90670481080372,82.4093905,2.609484643807436,0,1379.0245,4,COPDEM30,32.61545910
RGI2000-v7.0-G-03-01672,03,03-01,G285385E82260N,1999-07-24T00:00:00,-74.61541520296524,82.259996,1.805817095539127,0,1133.0032,1,COPDEM30,28.81329718
RGI2000-v7.0-G-03-01673,03,03-01,G284152E82316N,1999-07-24T00:00:00,-75.85382035599571,82.316419,0.455343627076318,0,1344.5198,1,COPDEM30,19.44708161
RGI2000-v7.0-G-03-01674,03,03-01,G284095E82313N,1999-07-24T00:00:00,-75.904932004375,82.3130475,0.071738882018382,0,1427.6052,8,COPDEM30,13.74977611
RGI2000-v7.0-G-03-01675,03,03-01,G284067E82315N,1999-07-24T00:00:00,-75.93866690964896,82.3169525,0.250333410721366,0,1211.5248,1,COPDEM30,17.00466619
RGI2000-v7.0-G-03-01676,03,03-01,G284047E82301N,1999-07-24T00:00:00,-75.95619763943523,82.301493,0.679189599941391,0,1334.6787,8,COPDEM30,21.53781442
RGI2000-v7.0-G-03-01677,03,03-01,G284241E82100N,1999-07-24T00:00:00,-75.76373086745406,82.1002325,0.485136431743247,0,1244.7596,2,COPDEM30,19.75124303
RGI2000-v7.0-G-03-01678,03,03-01,G282159E81936N,1999-07-24T00:00:00,-76.2661072394506,81.9343455,889.8301494614977,0,1356.0383,7,COPDEM90,100.00000000
RGI2000-v7.0-G-03-01679,03,03-01,G283703E81758N,1999-07-24T00:00:00,-76.30089081727614,81.7583095,0.708172462208731,0,998.1889,1,COPDEM30,21.78141768
RGI2000-v7.0-G-03-01680,03,03-01,G283366E81758N,1999-07-24T00:00:00,-76.63411049364834,81.7584315,218.7912705652566,0,1192.2216,4,COPDEM90,100.00000000
RGI2000-v7.0-G-03-01681,03,03-01,G283700E81800N,1999-07-24T00:00:00,-76.81693181215502,81.733633,49.834665045875965,0,1268.5653,3,COPDEM90,100.00000000
RGI2000-v7.0-G-03-01682,03,03-01,G283701E81801N,1999-07-24T00:00:00,-77.12264973391682,81.69310200000001,99.8175420980651,0,1216.276,3,COPDEM90,100.00000000
RGI2000-v7.0-G-03-01683,03,03-01,G282948E81624N,1999-07-24T00:00:00,-77.12898330405804,81.6254565,15.413331292422319,0,1228.594,3,COPDEM90,64.96374199
RGI2000-v7.0-G-03-01684,03,03-01,G282850E81602N,1999-07-24T00:00:00,-77.17259178754239,81.599804,8.873559557146514,0,1251.9551,3,COPDEM30,51.70392875
RGI2000-v7.0-G-03-01685,03,03-01,G282698E81599N,1999-07-24T00:00:00,-77.31431588457409,81.5942515,6.651860218924956,0,1190.3303,6,COPDEM30,46.10768066
RGI2000-v7.0-G-03-01686,03,03-01,G282747E81587N,1999-07-24T00:00:00,-77.27135034084213,81.5838555,0.738642341488411,0,1261.2173,7,COPDEM30,22.03220258
RGI2000-v7.0-G-03-01687,03,03-01,G282731E81580N,1999-07-24T00:00:00,-77.26870815737871,81.57981000000001,0.118878044750882,0,1366.448,8,COPDEM30,14.82701738
RGI2000-v7.0-G-03-01688,03,03-01,G282770E81572N,1999-07-24T00:00:00,-77.23186190548783,81.5730775,2.002468281476537,0,1284.2894,7,COPDEM30,29.81120348
RGI2000-v7.0-G-03-01689,03,03-01,G282855E81578N,1999-07-24T00:00:00,-77.1327732463925,81.576446,1.638202958071879,0,1249.7179,4,COPDEM30,27.91892239
RGI2000-v7.0-G-03-01690,03,03-01,G282468E81655N,1999-07-24T00:00:00,-77.40260867534538,81.6332295,25.15778749625595,0,1280.9362,7,COPDEM90,80.22055503
RGI2000-v7.0-G-03-01691,03,03-01,G282246E81670N,1999-07-24T00:00:00,-77.6546805647788,81.674318,48.522382552545125,0,1250.487,5,COPDEM90,100.00000000
RGI2000-v7.0-G-03-01692,03,03-01,G282090E81680N,1999-07-24T00:00:00,-77.90951551687759,81.68039999999999,0.154203558901153,0,1624.624,6,COPDEM30,15.49762654
RGI2000-v7.0-G-03-01693,03,03-01,G282055E81682N,1999-07-24T00:00:00,-77.9454758883174,81.682489,0.393481402222633,0,1412.6345,7,COPDEM30,18.78193343
RGI2000-v7.0-G-03-01694,03,03-01,G282031E81673N,1999-07-24T00:00:00,-77.96857448648647,81.67259,2.12125332279748,0,1289.7491,6,COPDEM30,30.39033230
RGI2000-v7.0-G-03-01695,03,03-01,G282168E81708N,1999-07-24T00:00:00,-77.8319880871303,81.707644,0.552914431645648,0,1473.2925,7,COPDEM30,20.41015027
RGI2000-v7.0-G-03-01696,03,03-01,G282174E81713N,1999-07-24T00:00:00,-77.82589075367883,81.71277,0.285953783715642,0,1442.4509,8,COPDEM30,17.48645053
RGI2000-v7.0-G-03-01697,03,03-01,G281900E81604N,1999-07-24T00:00:00,-78.12173467103247,81.6051545,7.888855165635103,0,1160.0242,1,COPDEM30,49.32194823
RGI2000-v7.0-G-03-01698,03,03-01,G282034E81598N,1999-07-24T00:00:00,-77.98329825701933,81.598174,2.969482656453102,0,1263.6445,2,COPDEM30,34.12506167
RGI2000-v7.0-G-03-01699,03,03-01,G282111E81582N,1999-07-24T00:00:00,-77.91136974551631,81.5860855,0.763600461472775,0,1237.2434,2,COPDEM30,22.23379297
RGI2000-v7.0-G-03-01700,03,03-01,G282112E81583N,1999-07-24T00:00:00,-77.87385647768306,81.583729,0.722582807029959,0,1206.7145,2,COPDEM30,21.90068192
RGI2000-v7.0-G-03-01701,03,03-01,G282105E81577N,1999-07-24T00:00:00,-77.89538726396417,81.57685,0.419918235714687,0,1347.325,5,COPDEM30,19.07215378
RGI2000-v7.0-G-03-01702,03,03-01,G282165E81558N,1999-07-24T00:00:00,-77.83513395345,81.558341,1.105974883105925,0,1228.6677,8,COPDEM30,24.72314766
RGI2000-v7.0-G-03-01703,03,03-01,G282237E81566N,1999-07-24T00:00:00,-77.75925278013453,81.56976,5.4430146158318,0,1243.3833,1,COPDEM30,42.66237690
RGI2000-v7.0-G-03-01704,03,03-01,G282429E81552N,1999-07-24T00:00:00,-77.5954569271689,81.553578,0.97774121878077,0,1280.8599,2,COPDEM30,23.84331170
RGI2000-v7.0-G-03-01705,03,03-01,G283455E81538N,1999-07-24T00:00:00,-76.54499254691311,81.53824850000001,0.293409012441905,0,1251.2017,7,COPDEM30,17.58341390
RGI2000-v7.0-G-03-01706,03,03-01,G283519E81534N,1999-07-24T00:00:00,-76.48147196251111,81.53425,0.131405207956621,0,1433.6733,6,COPDEM30,15.07497988
RGI2000-v7.0-G-03-01707,03,03-01,G283504E81530N,1999-07-24T00:00:00,-76.49553916875001,81.529683,0.022510251553634,0,1216.4417,7,COPDEM30,12.10047835
RGI2000-v7.0-G-03-01708,03,03-01,G283488E81524N,1999-07-24T00:00:00,-76.51247213342697,81.523771,0.074112980493181,0,1173.3491,7,COPDEM30,13.81131791
RGI2000-v7.0-G-03-01709,03,03-01,G283574E81529N,1999-07-24T00:00:00,-76.4561645787293,81.52331749999999,4.942907129969026,0,1158.0543,6,COPDEM30,41.12570959
RGI2000-v7.0-G-03-01710,03,03-01,G283479E81547N,1999-07-24T00:00:00,-76.50653901497506,81.54722100000001,6.985317308471511,0,1219.0503,8,COPDEM30,47.00165121
RGI2000-v7.0-G-03-01711,03,03-01,G283491E81566N,1999-07-24T00:00:00,-76.50884141662108,81.565719,0.163460263286749,0,1425.3962,7,COPDEM30,15.66023070
RGI2000-v7.0-G-03-01712,03,03-01,G283600E81571N,1999-07-24T00:00:00,-76.45341224550144,81.58025649999999,21.74327310660354,0,1337.3481,8,COPDEM90,75.28155581
RGI2000-v7.0-G-03-01713,03,03-01,G283450E81577N,1999-07-24T00:00:00,-76.55458988323956,81.5824305,1.781069094061748,0,1326.4872,8,COPDEM30,28.68393809
RGI2000-v7.0-G-03-01714,03,03-01,G283672E81610N,1999-07-24T00:00:00,-76.27869312971674,81.61087900000001,35.620997164977126,0,1249.7175,8,COPDEM90,93.55666008
RGI2000-v7.0-G-03-01715,03,03-01,G283874E81575N,1999-07-24T00:00:00,-76.12617064376403,81.5749395,6.017304540164053,0,1399.2638,3,COPDEM30,44.34227264
RGI2000-v7.0-G-03-01716,03,03-01,G283870E81564N,1999-07-24T00:00:00,-76.12962666059886,81.563913,1.591496439305545,0,1232.2328,3,COPDEM30,27.66163362
RGI2000-v7.0-G-03-01717,03,03-01,G284103E81538N,1999-07-24T00:00:00,-76.1875802684099,81.551788,1.808347310480513,0,1212.844,3,COPDEM30,28.82647266
RGI2000-v7.0-G-03-01718,03,03-01,G283783E81543N,1999-07-24T00:00:00,-76.21655045929204,81.542625,0.41411581071697,0,1282.7983,4,COPDEM30,19.00925629
RGI2000-v7.0-G-03-01719,03,03-01,G283700E81541N,1999-07-24T00:00:00,-76.27608019708236,81.5370195,1.733656186310327,0,1201.13,4,COPDEM30,28.43357297
RGI2000-v7.0-G-03-01720,03,03-01,G284102E81537N,1999-07-24T00:00:00,-76.02308497171157,81.52059700000001,1.127953629713398,0,1067.0215,1,COPDEM30,24.86872259
RGI2000-v7.0-G-03-01721,03,03-01,G283948E81500N,1999-07-24T00:00:00,-76.0136867619272,81.5046965,10.12886503974862,0,1125.3015,8,COPDEM30,54.55622906
RGI2000-v7.0-G-03-01722,03,03-01,G284017E81488N,1999-07-24T00:00:00,-75.98307215048631,81.487529,0.013487933872574,0,1431.3743,6,COPDEM30,11.62592590
RGI2000-v7.0-G-03-01723,03,03-01,G283822E81491N,1999-07-24T00:00:00,-76.1330180152856,81.4936685,3.914302726167515,0,1064.9406,8,COPDEM30,37.69843559
RGI2000-v7.0-G-03-01724,03,03-01,G283776E81476N,1999-07-24T00:00:00,-76.21112650894689,81.473786,4.100396183749631,0,1051.1193,6,COPDEM30,38.34920902
RGI2000-v7.0-G-03-01725,03,03-01,G283919E81467N,1999-07-24T00:00:00,-76.08418589382327,81.463765,13.196705957313036,0,1137.1641,6,COPDEM90,60.85817896
RGI2000-v7.0-G-03-01726,03,03-01,G283918E81466N,1999-07-24T00:00:00,-76.02268031326513,81.458478,0.974019152207765,0,1127.4917,4,COPDEM30,23.81693721
RGI2000-v7.0-G-03-01727,03,03-01,G284193E81476N,1999-07-24T00:00:00,-75.7787996378589,81.470461,28.841533133878524,0,1261.6554,6,COPDEM90,85.18603922
RGI2000-v7.0-G-03-01728,03,03-01,G284531E81495N,1999-07-24T00:00:00,-75.51736994959745,81.480873,26.729210068029097,0,1319.2175,4,COPDEM90,82.38041982
RGI2000-v7.0-G-03-01729,03,03-01,G284655E81483N,1999-07-24T00:00:00,-75.34474099293783,81.482766,0.387874416355208,0,1238.9738,7,COPDEM30,18.71913904
RGI2000-v7.0-G-03-01730,03,03-01,G284850E81488N,1999-07-24T00:00:00,-75.20496766475935,81.48701700000001,4.314481498942553,0,1260.532,4,COPDEM30,39.07986200
RGI2000-v7.0-G-03-01731,03,03-01,G284683E81504N,1999-07-24T00:00:00,-75.31716397231014,81.503821,0.011867062727958,0,1505.1262,6,COPDEM30,11.52510468
RGI2000-v7.0-G-03-01732,03,03-01,G284844E81521N,1999-07-24T00:00:00,-75.26590828137537,81.52270150000001,36.267984653008874,0,1190.4465,2,COPDEM90,94.31206908
RGI2000-v7.0-G-03-01733,03,03-01,G284781E81551N,1999-07-24T00:00:00,-75.14441286381896,81.557918,3.213728871821072,0,1112.7977,3,COPDEM30,35.09762656
RGI2000-v7.0-G-03-01734,03,03-01,G284732E81566N,1999-07-24T00:00:00,-75.27729256348724,81.5669225,1.854297051803039,0,1253.4243,2,COPDEM30,29.06416067
RGI2000-v7.0-G-03-01735,03,03-01,G284577E81569N,1999-07-24T00:00:00,-75.43933147188082,81.57097,36.83722791193009,0,1231.9183,1,COPDEM90,94.97115199
RGI2000-v7.0-G-03-01736,03,03-01,G284483E81587N,1999-07-24T00:00:00,-75.5132482420224,81.587315,1.376183246730787,0,1198.4119,1,COPDEM30,26.42351717
RGI2000-v7.0-G-03-01737,03,03-01,G284385E81557N,1999-07-24T00:00:00,-75.64080090629011,81.58017699999999,5.997377925231471,0,1219.9414,1,COPDEM30,44.28536238
RGI2000-v7.0-G-03-01738,03,03-01,G284255E81571N,1999-07-24T00:00:00,-75.74809545885113,81.5711015,1.795324602517552,0,1290.0427,8,COPDEM30,28.75856130
RGI2000-v7.0-G-03-01739,03,03-01,G284153E81561N,1999-07-24T00:00:00,-75.8470178624893,81.5613845,1.216211946164701,0,1096.8152,7,COPDEM30,25.43947996
RGI2000-v7.0-G-03-01740,03,03-01,G284087E81550N,1999-07-24T00:00:00,-75.91251923895028,81.5496435,0.066911573174294,0,973.9674,1,COPDEM30,13.62141800
RGI2000-v7.0-G-03-01741,03,03-01,G284103E81537N,1999-07-24T00:00:00,-75.76998440667415,81.5317515,29.58662309224879,0,1137.174,8,COPDEM90,86.15102183
RGI2000-v7.0-G-03-01742,03,03-01,G283956E81590N,1999-07-24T00:00:00,-76.02385797015475,81.590417,2.627812821541998,0,1254.9331,3,COPDEM30,32.69474197
RGI2000-v7.0-G-03-01743,03,03-01,G284067E81598N,1999-07-24T00:00:00,-75.93307412315474,81.598468,1.479785039746095,0,1214.4169,3,COPDEM30,27.03049817
RGI2000-v7.0-G-03-01744,03,03-01,G284085E81607N,1999-07-24T00:00:00,-75.89806767815045,81.6074045,3.426504155838667,0,1152.9342,4,COPDEM30,35.91514643
RGI2000-v7.0-G-03-01745,03,03-01,G284185E81622N,1999-07-24T00:00:00,-75.81504773808456,81.621521,5.987941558324072,0,1071.7256,3,COPDEM30,44.25837920
RGI2000-v7.0-G-03-01746,03,03-01,G283965E81636N,1999-07-24T00:00:00,-76.03526447368421,81.6359585,16.404544512914132,0,1319.4343,1,COPDEM90,66.70353362
RGI2000-v7.0-G-03-01747,03,03-01,G284187E81709N,1999-07-24T00:00:00,-75.81475214473684,81.709054,0.367088199893395,0,1137.163,6,COPDEM30,18.48229257
RGI2000-v7.0-G-03-01748,03,03-01,G284023E81745N,1999-07-24T00:00:00,-75.97674919698241,81.745105,0.870016291058682,0,1211.9858,5,COPDEM30,23.05845293
RGI2000-v7.0-G-03-01749,03,03-01,G283702E81800N,1999-07-24T00:00:00,-75.54644660722141,81.786472,260.95768936875453,0,1376.0145,5,COPDEM90,100.00000000
RGI2000-v7.0-G-03-01750,03,03-01,G283701E81800N,1999-07-24T00:00:00,-75.44926950126211,81.7310225,14.097905886206108,0,1227.3859,6,COPDEM90,62.56604944
RGI2000-v7.0-G-03-01751,03,03-01,G284500E81713N,1999-07-24T00:00:00,-75.49997629622219,81.71342849999999,0.176889810726311,0,1132.4711,7,COPDEM30,15.88815785
RGI2000-v7.0-G-03-01752,03,03-01,G284653E81719N,1999-07-24T00:00:00,-75.34577455883495,81.718751,2.121921350561634,0,1399.9865,4,COPDEM30,30.39354272
RGI2000-v7.0-G-03-01753,03,03-01,G285166E81754N,1999-07-24T00:00:00,-74.945950237029,81.73992100000001,245.05796612076665,0,1304.883,5,COPDEM90,100.00000000
RGI2000-v7.0-G-03-01754,03,03-01,G285167E81755N,1999-07-24T00:00:00,-74.50685087956447,81.6724275,54.23215789284007,0,1048.1493,4,COPDEM90,100.00000000
RGI2000-v7.0-G-03-01755,03,03-01,G285245E81643N,1999-07-24T00:00:00,-74.7551556887014,81.64255,9.609612296876179,0,1149.4297,5,COPDEM30,53.39912453
RGI2000-v7.0-G-03-01756,03,03-01,G285354E81597N,1999-07-24T00:00:00,-74.61852939918813,81.597339,2.097242776663137,0,1118.796,1,COPDEM30,30.27460442
RGI2000-v7.0-G-03-01757,03,03-01,G285329E81594N,1999-07-24T00:00:00,-74.6707486436296,81.5935785,0.230908540713838,0,1144.6987,7,COPDEM30,16.72741213
RGI2000-v7.0-G-03-01758,03,03-01,G285339E81574N,1999-07-24T00:00:00,-74.63316182100354,81.573338,1.406969457966222,0,1175.5353,8,COPDEM30,26.60620407
RGI2000-v7.0-G-03-01759,03,03-01,G285314E81570N,1999-07-24T00:00:00,-74.68616842726374,81.5692935,0.508351550990649,0,1125.8335,8,COPDEM30,19.98182869
RGI2000-v7.0-G-03-01760,03,03-01,G285409E81578N,1999-07-24T00:00:00,-74.57722795024739,81.577088,1.611154056994696,0,1221.6918,8,COPDEM30,27.77037409
RGI2000-v7.0-G-03-01761,03,03-01,G285601E81572N,1999-07-24T00:00:00,-74.46046207316708,81.5676965,5.358294524573367,0,1145.6917,2,COPDEM30,42.40718635
RGI2000-v7.0-G-03-01762,03,03-01,G285624E81585N,1999-07-24T00:00:00,-74.42937625805584,81.582464,3.306582186790962,0,1221.96,2,COPDEM30,35.45761396
RGI2000-v7.0-G-03-01763,03,03-01,G285712E81572N,1999-07-24T00:00:00,-74.27508161950146,81.570657,0.830889761057121,0,1025.6472,2,COPDEM30,22.76144166
RGI2000-v7.0-G-03-01764,03,03-01,G285821E81585N,1999-07-24T00:00:00,-74.1765513787529,81.58428599999999,1.067186973853996,0,1109.8125,3,COPDEM30,24.46266389
RGI2000-v7.0-G-03-01765,03,03-01,G285823E81592N,1999-07-24T00:00:00,-74.18377782178821,81.59021849999999,0.46819882377907,0,1174.0311,4,COPDEM30,19.57950779
RGI2000-v7.0-G-03-01766,03,03-01,G285858E81656N,1999-07-24T00:00:00,-74.14215882686557,81.6555475,0.216802148855738,0,1269.9613,8,COPDEM30,16.51868247
RGI2000-v7.0-G-03-01767,03,03-01,G286133E81750N,1999-07-24T00:00:00,-73.85703080102041,81.748868,0.596729034885796,0,1295.1937,2,COPDEM30,20.81475339
RGI2000-v7.0-G-03-01768,03,03-01,G286179E81759N,1999-07-24T00:00:00,-73.8212561055721,81.7587205,0.235147090363351,0,1311.2784,3,COPDEM30,16.78887544
RGI2000-v7.0-G-03-01769,03,03-01,G286240E81767N,1999-07-24T00:00:00,-73.71005371842242,81.767005,2.402066786137742,0,1296.8,4,COPDEM30,31.69804346
RGI2000-v7.0-G-03-01770,03,03-01,G286488E81780N,1999-07-24T00:00:00,-73.51375743781855,81.78014,0.077609722046845,0,1483.478,1,COPDEM30,13.90019301
RGI2000-v7.0-G-03-01771,03,03-01,G286507E81782N,1999-07-24T00:00:00,-73.49259456389801,81.78198,0.106038464994241,0,1461.9614,8,COPDEM30,14.55889670
RGI2000-v7.0-G-03-01772,03,03-01,G286536E81786N,1999-07-24T00:00:00,-73.46302957991905,81.7858045,0.329104962208191,0,1341.1561,1,COPDEM30,18.03147387
RGI2000-v7.0-G-03-01773,03,03-01,G286573E81790N,1999-07-24T00:00:00,-73.4295004415303,81.79024100000001,0.633163774332533,0,1263.4618,1,COPDEM30,21.14002243
RGI2000-v7.0-G-03-01774,03,03-01,G286373E81803N,1999-07-24T00:00:00,-73.62672349591082,81.802626,52.62889071237347,0,1240.108,3,COPDEM90,100.00000000
RGI2000-v7.0-G-03-01775,03,03-01,G286463E81836N,1999-07-24T00:00:00,-73.53737290683887,81.835757,10.677462915040351,0,1270.3489,3,COPDEM30,55.74694232
RGI2000-v7.0-G-03-01776,03,03-01,G286460E81855N,1999-07-24T00:00:00,-73.54014689797742,81.8554905,0.094918351100647,0,1708.2716,4,COPDEM30,14.31323508
RGI2000-v7.0-G-03-01777,03,03-01,G286580E81847N,1999-07-24T00:00:00,-73.42040844164865,81.8470685,0.145857147720381,0,1340.658,6,COPDEM30,15.34677482
RGI2000-v7.0-G-03-01778,03,03-01,G286616E81854N,1999-07-24T00:00:00,-73.38406394541138,81.8539715,5.915878600147447,0,1210.6974,2,COPDEM30,44.05161091
RGI2000-v7.0-G-03-01779,03,03-01,G286639E81841N,1999-07-24T00:00:00,-73.36128754657169,81.840935,0.277176579400455,0,1539.2706,5,COPDEM30,17.37065869
RGI2000-v7.0-G-03-01780,03,03-01,G286699E81847N,1999-07-24T00:00:00,-73.30069350053148,81.8465715,0.483066935019911,0,1285.0676,2,COPDEM30,19.73042236
RGI2000-v7.0-G-03-01781,03,03-01,G287216E81878N,1999-07-24T00:00:00,-72.78438650278177,81.87751399999999,1.340486267119757,0,1362.5201,7,COPDEM30,26.20911189
RGI2000-v7.0-G-03-01782,03,03-01,G287269E81877N,1999-07-24T00:00:00,-72.6997583262463,81.8752695,3.385436697982675,0,1243.9448,5,COPDEM30,35.75937873
RGI2000-v7.0-G-03-01783,03,03-01,G287371E81881N,1999-07-24T00:00:00,-72.62888337320001,81.88106450000001,1.500098365606385,0,1381.4923,5,COPDEM30,27.14699040
RGI2000-v7.0-G-03-01784,03,03-01,G287449E81886N,1999-07-24T00:00:00,-72.52458950204186,81.882982,7.570797836075788,0,1294.2145,5,COPDEM30,48.52111597
RGI2000-v7.0-G-03-01785,03,03-01,G287587E81896N,1999-07-24T00:00:00,-72.43088312482038,81.895555,4.384856121999171,0,1276.2,4,COPDEM30,39.31606727
RGI2000-v7.0-G-03-01786,03,03-01,G287675E81905N,1999-07-24T00:00:00,-72.3376417176442,81.902768,3.794273167419722,0,1262.0974,4,COPDEM30,37.27045179
RGI2000-v7.0-G-03-01787,03,03-01,G287760E81920N,1999-07-24T00:00:00,-72.23366060315573,81.9215055,7.541580957353539,0,1229.0243,3,COPDEM30,48.44671465
RGI2000-v7.0-G-03-01788,03,03-01,G287823E81951N,1999-07-24T00:00:00,-72.17473344211723,81.950235,0.644811166270053,0,1197.3513,7,COPDEM30,21.24201888
RGI2000-v7.0-G-03-01789,03,03-01,G287882E81946N,1999-07-24T00:00:00,-72.0673312450131,81.946566,2.08202707962247,0,1293.1245,2,COPDEM30,30.20092343
RGI2000-v7.0-G-03-01790,03,03-01,G288027E81972N,1999-07-24T00:00:00,-71.97219748508994,81.9713855,32.233164702701586,0,1275.1497,5,COPDEM90,89.48396242
RGI2000-v7.0-G-03-01791,03,03-01,G288181E81960N,1999-07-24T00:00:00,-71.81918259251404,81.96009000000001,0.672941337494509,0,1302.2947,5,COPDEM30,21.48462024
RGI2000-v7.0-G-03-01792,03,03-01,G288229E81959N,1999-07-24T00:00:00,-71.751901384919,81.958846,3.055604592170493,0,1202.0419,6,COPDEM30,34.47240283
RGI2000-v7.0-G-03-01793,03,03-01,G288330E81977N,1999-07-24T00:00:00,-71.6952982279244,81.97705500000001,6.576949122032338,0,1244.8396,4,COPDEM30,45.90378849
RGI2000-v7.0-G-03-01794,03,03-01,G288418E81996N,1999-07-24T00:00:00,-71.59378077986258,81.9950475,2.168604048628663,0,1290.2565,2,COPDEM30,30.61665331
RGI2000-v7.0-G-03-01795,03,03-01,G288230E81993N,1999-07-24T00:00:00,-71.7661702076494,81.99846600000001,9.193494625710484,0,1220.0337,1,COPDEM30,52.44908652
RGI2000-v7.0-G-03-01796,03,03-01,G288655E82034N,1999-07-24T00:00:00,-71.35327479597724,82.0327585,5.611186074059655,0,1254.7766,7,COPDEM30,43.16311913
RGI2000-v7.0-G-03-01797,03,03-01,G288733E82012N,1999-07-24T00:00:00,-71.26995160894501,82.01129549999999,0.61931088843575,0,1093.8588,8,COPDEM30,21.01748311
RGI2000-v7.0-G-03-01798,03,03-01,G288917E82040N,1999-07-24T00:00:00,-71.07824392458295,82.023554,0.332569469680474,0,1126.3962,8,COPDEM30,18.07363710
RGI2000-v7.0-G-03-01799,03,03-01,G288918E82041N,1999-07-24T00:00:00,-71.13870106432361,82.0422695,16.340808968482463,0,1204.9576,4,COPDEM90,66.59327308
RGI2000-v7.0-G-03-01800,03,03-01,G289007E82066N,1999-07-24T00:00:00,-71.01395315457015,82.063338,2.00245356437414,0,1233.9114,4,COPDEM30,29.81113067
RGI2000-v7.0-G-03-01801,03,03-01,G288738E82175N,1999-07-24T00:00:00,-71.00184586821237,82.0808115,3.677769844986399,0,1335.5475,8,COPDEM30,36.84851746
RGI2000-v7.0-G-03-01802,03,03-01,G289097E82077N,1999-07-24T00:00:00,-70.89761524067167,82.0778035,0.845381443956533,0,1221.6343,3,COPDEM30,22.87224778
RGI2000-v7.0-G-03-01803,03,03-01,G288764E82069N,1999-07-24T00:00:00,-71.23566050110279,82.0689975,16.88946262405233,0,1211.608,1,COPDEM90,67.53550794
RGI2000-v7.0-G-03-01804,03,03-01,G288604E82061N,1999-07-24T00:00:00,-71.38414607215677,82.05676299999999,3.051458442404271,0,1251.1168,7,COPDEM30,34.45579389
RGI2000-v7.0-G-03-01805,03,03-01,G288566E82082N,1999-07-24T00:00:00,-71.42481333630951,82.07423,2.67590145418833,0,1304.0259,7,COPDEM30,32.90145596
RGI2000-v7.0-G-03-01806,03,03-01,G288688E82075N,1999-07-24T00:00:00,-71.38164952630892,82.09165150000001,1.371397242977023,0,1264.9667,1,COPDEM30,26.39493396
RGI2000-v7.0-G-03-01807,03,03-01,G288633E82112N,1999-07-24T00:00:00,-71.36335944212304,82.11223050000001,1.347060147002493,0,1307.118,5,COPDEM30,26.24880884
RGI2000-v7.0-G-03-01808,03,03-01,G288368E82093N,1999-07-24T00:00:00,-71.65401071390727,82.09231,3.421530139995131,0,1338.964,4,COPDEM30,35.89633000
RGI2000-v7.0-G-03-01809,03,03-01,G288235E82080N,1999-07-24T00:00:00,-71.75024398910236,82.0823595,1.542335111510531,0,1332.5344,7,COPDEM30,27.38670992
RGI2000-v7.0-G-03-01810,03,03-01,G287894E82067N,1999-07-24T00:00:00,-71.77813159531622,82.09790799999999,10.590751792132526,0,1324.5011,6,COPDEM30,55.56080938
RGI2000-v7.0-G-03-01811,03,03-01,G287893E82066N,1999-07-24T00:00:00,-72.0161679165769,82.065302,153.30491642423874,0,1406.8864,3,COPDEM90,100.00000000
RGI2000-v7.0-G-03-01812,03,03-01,G288737E82174N,1999-07-24T00:00:00,-72.17049210923005,82.1509795,544.7995812749921,0,1373.7422,3,COPDEM90,100.00000000
RGI2000-v7.0-G-03-01813,03,03-01,G288463E82239N,1999-07-24T00:00:00,-71.5371592249241,82.239315,0.059225063550972,0,1580.338,5,COPDEM30,13.40706801
RGI2000-v7.0-G-03-01814,03,03-01,G289494E82269N,1999-07-24T00:00:00,-71.6578680488401,82.27741750000001,313.37054216863874,0,1427.1582,2,COPDEM90,100.00000000
RGI2000-v7.0-G-03-01815,03,03-01,G289076E82412N,1999-07-24T00:00:00,-71.40317652097403,82.3985655,390.55072648935135,0,1276.2144,2,COPDEM90,100.00000000
RGI2000-v7.0-G-03-01816,03,03-01,G287533E82397N,1999-07-24T00:00:00,-72.26619308369504,82.4379415,1310.5029400441329,0,1167.1436,8,COPDEM90,100.00000000
RGI2000-v7.0-G-03-01817,03,03-01,G287383E82452N,1999-07-24T00:00:00,-72.61699562141749,82.4517315,0.253488480562702,0,1163.4453,1,COPDEM30,17.04866953
RGI2000-v7.0-G-03-01818,03,03-01,G287360E82435N,1999-07-24T00:00:00,-72.63983638027463,82.4353285,1.222238418792472,0,1209.8618,8,COPDEM30,25.47768491
RGI2000-v7.0-G-03-01819,03,03-01,G286880E82437N,1999-07-24T00:00:00,-73.11969803609954,82.43743699999999,0.629326953873517,0,1142.2942,1,COPDEM30,21.10621821
RGI2000-v7.0-G-03-01820,03,03-01,G286752E82420N,1999-07-24T00:00:00,-73.24762082119742,82.42030550000001,1.005414654661055,0,1283.2273,3,COPDEM30,24.03785141
RGI2000-v7.0-G-03-01821,03,03-01,G286664E82412N,1999-07-24T00:00:00,-73.33639498924731,82.4115215,1.563462879742209,0,1283.6587,5,COPDEM30,27.50539130
RGI2000-v7.0-G-03-01822,03,03-01,G286381E82398N,1999-07-24T00:00:00,-73.61932609228299,82.3983205,0.383422665764834,0,1380.8767,4,COPDEM30,18.66895856
RGI2000-v7.0-G-03-01823,03,03-01,G286742E82357N,1999-07-24T00:00:00,-73.25789672492242,82.3574665,0.053533058799198,0,1346.0165,1,COPDEM30,13.23920971
RGI2000-v7.0-G-03-01824,03,03-01,G286875E82365N,1999-07-24T00:00:00,-73.12883926918977,82.364532,1.209321491971869,0,1211.3542,2,COPDEM30,25.39568162
RGI2000-v7.0-G-03-01825,03,03-01,G286914E82373N,1999-07-24T00:00:00,-73.08906264603445,82.3726375,0.433000263485824,0,1203.5566,1,COPDEM30,19.21238577
RGI2000-v7.0-G-03-01826,03,03-01,G286996E82382N,1999-07-24T00:00:00,-73.00436853686008,82.38233149999999,0.334817796241484,0,1400.968,1,COPDEM30,18.10088193
RGI2000-v7.0-G-03-01827,03,03-01,G286819E82467N,1999-07-24T00:00:00,-73.18066059328359,82.467019,0.081510806083766,0,1213.4279,1,COPDEM30,13.99701363
RGI2000-v7.0-G-03-01828,03,03-01,G286784E82467N,1999-07-24T00:00:00,-73.24241703432835,82.467204,0.296075405485227,0,1184.5139,1,COPDEM30,17.61779361
RGI2000-v7.0-G-03-01829,03,03-01,G286634E82462N,1999-07-24T00:00:00,-73.36572042211478,82.46209400000001,2.504665357749373,0,1020.3533,1,COPDEM30,32.15658841
RGI2000-v7.0-G-03-01830,03,03-01,G286367E82475N,1999-07-24T00:00:00,-73.70659517241188,82.476827,82.96354611386856,0,1274.9858,2,COPDEM90,100.00000000
RGI2000-v7.0-G-03-01831,03,03-01,G286561E82524N,1999-07-24T00:00:00,-73.43496325193051,82.523914,1.481587823468874,0,1062.6869,3,COPDEM30,27.04086892
RGI2000-v7.0-G-03-01832,03,03-01,G286567E82539N,1999-07-24T00:00:00,-73.42540739712834,82.54209850000001,2.858787930635748,0,1050.0103,2,COPDEM30,33.67113082
RGI2000-v7.0-G-03-01833,03,03-01,G286401E82560N,1999-07-24T00:00:00,-73.45286206458695,82.564033,17.592108480067733,0,1017.60254,2,COPDEM90,68.72012655
RGI2000-v7.0-G-03-01834,03,03-01,G286595E82588N,1999-07-24T00:00:00,-73.39188378358209,82.5891915,0.927504248743193,0,1090.5776,3,COPDEM30,23.48298308
RGI2000-v7.0-G-03-01835,03,03-01,G286553E82594N,1999-07-24T00:00:00,-73.45743224219811,82.59397799999999,0.172382040205402,0,1287.9443,1,COPDEM30,15.81264827
RGI2000-v7.0-G-03-01836,03,03-01,G286330E82606N,1999-07-24T00:00:00,-73.72587339064097,82.606727,12.834843752745709,0,1024.0231,2,COPDEM30,60.15605024
RGI2000-v7.0-G-03-01837,03,03-01,G286329E82605N,1999-07-24T00:00:00,-73.76096750543257,82.631598,0.96120208390962,0,886.68787,1,COPDEM30,23.72572798
RGI2000-v7.0-G-03-01838,03,03-01,G286202E82639N,1999-07-24T00:00:00,-73.79756786838561,82.6386815,0.171503041660225,0,924.93555,2,COPDEM30,15.79780960
RGI2000-v7.0-G-03-01839,03,03-01,G286176E82640N,1999-07-24T00:00:00,-73.84240424527725,82.641504,0.271206487242417,0,944.0393,1,COPDEM30,17.29084848
RGI2000-v7.0-G-03-01840,03,03-01,G286049E82631N,1999-07-24T00:00:00,-74.03804028119688,82.6400935,45.538440921668744,0,963.96014,1,COPDEM90,100.00000000
RGI2000-v7.0-G-03-01841,03,03-01,G285799E82628N,1999-07-24T00:00:00,-74.20124830307826,82.627611,7.733703760817112,0,1003.1221,1,COPDEM30,48.93335250
RGI2000-v7.0-G-03-01842,03,03-01,G285676E82625N,1999-07-24T00:00:00,-74.37566206200188,82.633442,18.743488362819836,0,955.0879,1,COPDEM90,70.61125076
RGI2000-v7.0-G-03-01843,03,03-01,G285446E82628N,1999-07-24T00:00:00,-74.51563208196956,82.6277815,11.237824379437406,0,788.46814,8,COPDEM30,56.93201017
RGI2000-v7.0-G-03-01844,03,03-01,G285336E82613N,1999-07-24T00:00:00,-74.68296463369091,82.61526,0.860298373231995,0,910.16406,1,COPDEM30,22.98531791
RGI2000-v7.0-G-03-01845,03,03-01,G285258E82606N,1999-07-24T00:00:00,-74.79730177317259,82.60995750000001,3.841262591678112,0,871.8731,8,COPDEM30,37.43879494
RGI2000-v7.0-G-03-01846,03,03-01,G285141E82605N,1999-07-24T00:00:00,-74.86159328148393,82.606341,1.214291476149895,0,890.5154,1,COPDEM30,25.42728522
RGI2000-v7.0-G-03-01847,03,03-01,G285447E82595N,1999-07-24T00:00:00,-74.5531492336377,82.59535650000001,2.51617221068962,0,978.2131,6,COPDEM30,32.20742563
RGI2000-v7.0-G-03-01848,03,03-01,G285482E82584N,1999-07-24T00:00:00,-74.51827538755813,82.584431,0.044741191838933,0,789.015,7,COPDEM30,12.96129593
RGI2000-v7.0-G-03-01849,03,03-01,G285514E82575N,1999-07-24T00:00:00,-74.4861111656788,82.57510099999999,0.041821658926075,0,939.98035,6,COPDEM30,12.86304823
RGI2000-v7.0-G-03-01850,03,03-01,G285618E82574N,1999-07-24T00:00:00,-74.38165637082068,82.574258,0.044565451762834,0,968.9181,7,COPDEM30,12.95547434
RGI2000-v7.0-G-03-01851,03,03-01,G285615E82571N,1999-07-24T00:00:00,-74.38516587352319,82.5713545,0.016799142260064,0,947.31085,7,COPDEM30,11.81456107
RGI2000-v7.0-G-03-01852,03,03-01,G285602E82593N,1999-07-24T00:00:00,-74.39787875386409,82.5925585,1.204778354259182,0,1087.4817,5,COPDEM30,25.36673542
RGI2000-v7.0-G-03-01853,03,03-01,G285635E82536N,1999-07-24T00:00:00,-74.20081924006382,82.554576,207.9846382981655,0,1030.2526,8,COPDEM90,100.00000000
RGI2000-v7.0-G-03-01854,03,03-01,G285797E82655N,1999-07-24T00:00:00,-74.19862850979,82.65581700000001,0.902823856398635,0,857.36237,1,COPDEM30,23.30238610
RGI2000-v7.0-G-03-01855,03,03-01,G285759E82677N,1999-07-24T00:00:00,-74.24072561775198,82.6771295,0.455386312571115,0,457.76413,1,COPDEM30,19.44752440
RGI2000-v7.0-G-03-01856,03,03-01,G285728E82688N,2010-01-01T00:00:00,-74.25692024468086,82.689993,0.564148358438228,0,806.6605,1,COPDEM30,20.51537342
RGI2000-v7.0-G-03-01857,03,03-01,G285742E82708N,2010-01-01T00:00:00,-74.25794550115121,82.7076225,0.040702994685132,0,1091.7234,2,COPDEM30,12.82449765
RGI2000-v7.0-G-03-01858,03,03-01,G285792E82705N,2010-01-01T00:00:00,-74.18803708059482,82.70818449999999,0.275014057941199,0,986.02045,2,COPDEM30,17.34184959
RGI2000-v7.0-G-03-01859,03,03-01,G285735E82713N,2010-01-01T00:00:00,-74.25160158778195,82.716486,0.735799629030053,0,708.3772,2,COPDEM30,22.00902691
RGI2000-v7.0-G-03-01860,03,03-01,G285732E82724N,2010-01-01T00:00:00,-74.26827121029638,82.724137,0.108467881705228,0,582.57715,2,COPDEM30,14.61082474
RGI2000-v7.0-G-03-01861,03,03-01,G285710E82739N,2010-01-01T00:00:00,-74.30212635431153,82.74283750000001,0.656745319220258,0,808.89636,3,COPDEM30,21.34557546
RGI2000-v7.0-G-03-01862,03,03-01,G285608E82738N,2010-01-01T00:00:00,-74.38563797457626,82.7376605,0.406715619880286,0,765.4704,8,COPDEM30,18.92839636
RGI2000-v7.0-G-03-01863,03,03-01,G285850E82694N,2010-01-01T00:00:00,-74.12304214362894,82.696843,1.103643005907466,0,718.5477,2,COPDEM30,24.70761807
RGI2000-v7.0-G-03-01864,03,03-01,G286261E82699N,2010-01-01T00:00:00,-73.73825558737863,82.6989825,0.2501846720909,0,718.63513,8,COPDEM30,17.00258493
RGI2000-v7.0-G-03-01865,03,03-01,G286320E82710N,2010-01-01T00:00:00,-73.67721570448549,82.70800299999999,0.026615264067949,0,1132.9054,8,COPDEM30,12.28398594
RGI2000-v7.0-G-03-01866,03,03-01,G286338E82712N,2010-01-01T00:00:00,-73.66616488785152,82.71254350000001,0.212287831811741,0,883.68713,8,COPDEM30,16.45045851
RGI2000-v7.0-G-03-01867,03,03-01,G286400E82712N,2010-01-01T00:00:00,-73.58381110389547,82.7155445,2.396523323675071,0,799.7062,1,COPDEM30,31.67299175
RGI2000-v7.0-G-03-01868,03,03-01,G286482E82709N,2010-01-01T00:00:00,-73.50202600712831,82.711151,0.527436761867668,0,838.4102,1,COPDEM30,20.16747783
RGI2000-v7.0-G-03-01869,03,03-01,G286578E82712N,2010-01-01T00:00:00,-73.4060417315765,82.71262250000001,0.410480295304837,0,880.1748,2,COPDEM30,18.96962306
RGI2000-v7.0-G-03-01870,03,03-01,G286616E82719N,2010-01-01T00:00:00,-73.3841149283837,82.7188845,0.063815892593404,0,682.07166,1,COPDEM30,13.53665307
RGI2000-v7.0-G-03-01871,03,03-01,G286638E82726N,2010-01-01T00:00:00,-73.35967110294123,82.7249165,0.056069509913664,0,939.9269,1,COPDEM30,13.31506017
RGI2000-v7.0-G-03-01872,03,03-01,G286511E82694N,2010-01-01T00:00:00,-73.46895679837766,82.695356,1.417757980290042,0,782.0619,2,COPDEM30,26.66974997
RGI2000-v7.0-G-03-01873,03,03-01,G286420E82695N,2010-01-01T00:00:00,-73.58029090873808,82.69520349999999,0.185137377124486,0,811.1659,7,COPDEM30,16.02386304
RGI2000-v7.0-G-03-01874,03,03-01,G286497E82679N,2010-01-01T00:00:00,-73.51198055882341,82.68078550000001,0.737463938388028,0,671.75073,1,COPDEM30,22.02260088
RGI2000-v7.0-G-03-01875,03,03-01,G286548E82675N,2010-01-01T00:00:00,-73.452665722843,82.6743305,0.168909661504993,0,736.2391,2,COPDEM30,15.75380688
RGI2000-v7.0-G-03-01876,03,03-01,G286572E82668N,1999-07-24T00:00:00,-73.43044350100675,82.66882849999999,0.567905193770076,0,867.90283,1,COPDEM30,20.55032786
RGI2000-v7.0-G-03-01877,03,03-01,G286531E82667N,1999-07-24T00:00:00,-73.46898739358292,82.66728900000001,0.091401811695614,0,919.0327,8,COPDEM30,14.23258256
RGI2000-v7.0-G-03-01878,03,03-01,G286511E82665N,1999-07-24T00:00:00,-73.49264539738806,82.6643415,0.323372346439514,0,888.31177,8,COPDEM30,17.96121724
RGI2000-v7.0-G-03-01879,03,03-01,G286495E82660N,1999-07-24T00:00:00,-73.51248756172137,82.659945,0.285571670595035,0,945.42505,1,COPDEM30,17.48144688
RGI2000-v7.0-G-03-01880,03,03-01,G286631E82652N,1999-07-24T00:00:00,-73.34389365526673,82.6512525,0.478775757932129,0,1059.1884,7,COPDEM30,19.68710734
RGI2000-v7.0-G-03-01881,03,03-01,G286703E82644N,1999-07-24T00:00:00,-73.29725248255812,82.64445599999999,0.035379256585105,0,896.4925,8,COPDEM30,12.63331242
RGI2000-v7.0-G-03-01882,03,03-01,G286825E82647N,1999-07-24T00:00:00,-73.18645298973917,82.646853,1.077850658341098,0,925.1543,2,COPDEM30,24.53474214
RGI2000-v7.0-G-03-01883,03,03-01,G286786E82657N,1999-07-24T00:00:00,-73.21695174150861,82.6557895,0.496732906362633,0,894.6663,2,COPDEM30,19.86709935
RGI2000-v7.0-G-03-01884,03,03-01,G286739E82659N,1999-07-24T00:00:00,-73.25638938508064,82.662724,2.633108110336637,0,937.6841,2,COPDEM30,32.71759648
RGI2000-v7.0-G-03-01885,03,03-01,G286692E82665N,1999-07-24T00:00:00,-73.32786768213467,82.66811050000001,0.28734945579559,0,814.491,1,COPDEM30,17.50469808
RGI2000-v7.0-G-03-01886,03,03-01,G286899E82647N,1999-07-24T00:00:00,-73.10983715770412,82.64676349999999,0.695577319274031,0,972.94885,8,COPDEM30,21.67617894
RGI2000-v7.0-G-03-01887,03,03-01,G286963E82652N,1999-07-24T00:00:00,-73.04998325,82.657552,2.678383048528523,0,940.27875,1,COPDEM30,32.91207275
RGI2000-v7.0-G-03-01888,03,03-01,G287035E82657N,1999-07-24T00:00:00,-72.93045098753706,82.65641,1.343827014992911,0,956.59296,1,COPDEM30,26.22929743
RGI2000-v7.0-G-03-01889,03,03-01,G287136E82665N,2010-01-01T00:00:00,-72.89716580184977,82.6644495,0.722229805504645,0,963.5371,8,COPDEM30,21.89777466
RGI2000-v7.0-G-03-01890,03,03-01,G287119E82674N,2010-01-01T00:00:00,-72.8829398539072,82.6727485,2.990579279250231,0,910.26965,2,COPDEM30,34.21060798
RGI2000-v7.0-G-03-01891,03,03-01,G287054E82685N,2010-01-01T00:00:00,-72.9281694127359,82.6873785,0.73858560623711,0,890.8538,1,COPDEM30,22.03174047
RGI2000-v7.0-G-03-01892,03,03-01,G287054E82643N,1999-07-24T00:00:00,-72.9276121040757,82.643153,1.935160385730908,0,979.67755,2,COPDEM30,29.47540592
RGI2000-v7.0-G-03-01893,03,03-01,G287093E82629N,1999-07-24T00:00:00,-72.91490953507463,82.629412,0.594433343497978,0,916.9178,2,COPDEM30,20.79393049
RGI2000-v7.0-G-03-01894,03,03-01,G287143E82625N,1999-07-24T00:00:00,-72.85728782338309,82.624587,0.063608595389543,0,880.7602,3,COPDEM30,13.53090423
RGI2000-v7.0-G-03-01895,03,03-01,G287148E82626N,1999-07-24T00:00:00,-72.85163519832403,82.62582,0.025788135512315,0,878.399,1,COPDEM30,12.24821586
RGI2000-v7.0-G-03-01896,03,03-01,G287564E82622N,1999-07-24T00:00:00,-72.434195701635,82.6215495,0.10015842804766,0,795.14386,1,COPDEM30,14.43069429
RGI2000-v7.0-G-03-01897,03,03-01,G287654E82629N,1999-07-24T00:00:00,-72.3442810158366,82.6287245,1.981243099769269,0,891.1792,8,COPDEM30,29.70592925
RGI2000-v7.0-G-03-01898,03,03-01,G287733E82619N,1999-07-24T00:00:00,-72.29431251327912,82.61930050000001,1.113384826505744,0,935.86865,2,COPDEM30,24.77238728
RGI2000-v7.0-G-03-01899,03,03-01,G287704E82606N,1999-07-24T00:00:00,-72.31246641350651,82.6047325,1.748797053540728,0,984.4479,3,COPDEM30,28.51389269
RGI2000-v7.0-G-03-01900,03,03-01,G287877E82583N,1999-07-24T00:00:00,-72.12292638419126,82.583001,0.252890916435659,0,970.45514,2,COPDEM30,17.04035650
RGI2000-v7.0-G-03-01901,03,03-01,G287909E82576N,1999-07-24T00:00:00,-72.0910161150026,82.5764145,0.979006943175995,0,916.95605,2,COPDEM30,23.85226916
RGI2000-v7.0-G-03-01902,03,03-01,G287778E82571N,1999-07-24T00:00:00,-72.22120066332684,82.57129950000001,0.214262503713859,0,907.7876,8,COPDEM30,16.48038970
RGI2000-v7.0-G-03-01903,03,03-01,G287775E82565N,1999-07-24T00:00:00,-72.22524666895714,82.565182,0.09690116935151,0,977.5257,7,COPDEM30,14.35805337
RGI2000-v7.0-G-03-01904,03,03-01,G287734E82560N,1999-07-24T00:00:00,-72.26577367863388,82.560239,0.847578699920909,0,962.57776,1,COPDEM30,22.88896525
RGI2000-v7.0-G-03-01905,03,03-01,G287744E82542N,1999-07-24T00:00:00,-72.24894934203442,82.54202599999999,0.295550171910443,0,843.45447,1,COPDEM30,17.61103368
RGI2000-v7.0-G-03-01906,03,03-01,G287851E82517N,1999-07-24T00:00:00,-72.14949650563767,82.5170115,0.906701455291437,0,979.8584,1,COPDEM30,23.33092215
RGI2000-v7.0-G-03-01907,03,03-01,G287932E82522N,1999-07-24T00:00:00,-72.06842327770448,82.521948,4.155747351946487,0,959.63116,8,COPDEM30,38.53991032
RGI2000-v7.0-G-03-01908,03,03-01,G287316E82546N,1999-07-24T00:00:00,-72.68372971552247,82.54554999999999,0.04255533634278,0,1091.6863,2,COPDEM30,12.88805227
RGI2000-v7.0-G-03-01909,03,03-01,G287257E82529N,1999-07-24T00:00:00,-72.75376158768657,82.5289635,0.725906255212336,0,1026.1782,2,COPDEM30,21.92801853
RGI2000-v7.0-G-03-01910,03,03-01,G287174E82534N,1999-07-24T00:00:00,-72.8267537472015,82.536047,1.682619183592655,0,1123.0243,7,COPDEM30,28.16021365
RGI2000-v7.0-G-03-01911,03,03-01,G287113E82542N,1999-07-24T00:00:00,-72.89174842132968,82.5414435,0.202420473803191,0,1087.6792,8,COPDEM30,16.29876280
RGI2000-v7.0-G-03-01912,03,03-01,G287109E82548N,1999-07-24T00:00:00,-72.89446772014927,82.54767100000001,0.24434755678248,0,1125.2877,8,COPDEM30,16.92041336
RGI2000-v7.0-G-03-01913,03,03-01,G287122E82560N,1999-07-24T00:00:00,-72.8783987332973,82.559798,0.676003600266373,0,1074.7626,8,COPDEM30,21.51072134
RGI2000-v7.0-G-03-01914,03,03-01,G287183E82561N,1999-07-24T00:00:00,-72.80346453157709,82.56416150000001,5.583505255528503,0,958.656,1,COPDEM30,43.08121869
RGI2000-v7.0-G-03-01915,03,03-01,G287082E82520N,1999-07-24T00:00:00,-72.89359497991637,82.5230415,3.566989689459243,0,1022.37537,1,COPDEM30,36.44106615
RGI2000-v7.0-G-03-01916,03,03-01,G287020E82520N,1999-07-24T00:00:00,-72.97956784525255,82.5197545,0.97645555871089,0,1069.3379,1,COPDEM30,23.83420722
RGI2000-v7.0-G-03-01917,03,03-01,G286981E82514N,1999-07-24T00:00:00,-73.01899469518537,82.513844,0.232819668581611,0,1335.048,1,COPDEM30,16.75519467
RGI2000-v7.0-G-03-01918,03,03-01,G287081E82519N,1999-07-24T00:00:00,-73.0638554527027,82.5160095,0.35526557365936,0,1204.4269,1,COPDEM30,18.34458222
RGI2000-v7.0-G-03-01919,03,03-01,G287111E82504N,1999-07-24T00:00:00,-72.89357570942164,82.504046,0.730835276053955,0,1156.6711,7,COPDEM30,21.96844660
RGI2000-v7.0-G-03-01920,03,03-01,G287152E82506N,1999-07-24T00:00:00,-72.84783158875737,82.50642450000001,0.093140308061236,0,1274.4342,2,COPDEM30,14.27264559
RGI2000-v7.0-G-03-01921,03,03-01,G287233E82517N,1999-07-24T00:00:00,-72.76700786646332,82.5169445,0.818659197225431,0,989.32324,3,COPDEM30,22.66717027
RGI2000-v7.0-G-03-01922,03,03-01,G287291E82511N,1999-07-24T00:00:00,-72.7092719804822,82.51122799999999,0.09727189473323,0,962.1361,1,COPDEM30,14.36638195
RGI2000-v7.0-G-03-01923,03,03-01,G288069E82622N,1999-07-24T00:00:00,-71.93056049074576,82.622141,0.174957681198453,0,914.25696,7,COPDEM30,15.85591201
RGI2000-v7.0-G-03-01924,03,03-01,G288283E82633N,1999-07-24T00:00:00,-71.71573793581437,82.633129,0.169939886601169,0,770.03735,8,COPDEM30,15.77132721
RGI2000-v7.0-G-03-01925,03,03-01,G288267E82681N,2019-07-18T00:00:00,-71.73924099162011,82.681369,0.107988548120653,0,710.1743,1,COPDEM30,14.60062555
RGI2000-v7.0-G-03-01926,03,03-01,G288266E82686N,2019-07-18T00:00:00,-71.73373398989759,82.68583749999999,0.030925316231553,0,659.53546,8,COPDEM30,12.46198334
RGI2000-v7.0-G-03-01927,03,03-01,G288305E82682N,2019-07-18T00:00:00,-71.67864317039106,82.6845545,0.323735305335303,0,949.93774,8,COPDEM30,17.96568389
RGI2000-v7.0-G-03-01928,03,03-01,G288329E82691N,2019-07-18T00:00:00,-71.67796945870786,82.6907195,0.220959719005784,0,939.55774,8,COPDEM30,16.58088937
RGI2000-v7.0-G-03-01929,03,03-01,G287979E82698N,2019-07-18T00:00:00,-71.98621010055865,82.69643500000001,3.105937207533005,0,800.49884,8,COPDEM30,34.67313707
RGI2000-v7.0-G-03-01930,03,03-01,G287894E82692N,2019-07-18T00:00:00,-72.1063521292121,82.69226599999999,0.026614875140274,0,591.20825,8,COPDEM30,12.28396925
RGI2000-v7.0-G-03-01931,03,03-01,G287854E82686N,2019-07-18T00:00:00,-72.14640408077628,82.6863295,0.021716671789797,0,549.14545,8,COPDEM30,12.06312086
RGI2000-v7.0-G-03-01932,03,03-01,G287785E82709N,2019-07-18T00:00:00,-72.21602194255283,82.70835,0.405360563500632,0,780.0635,8,COPDEM30,18.91351056
RGI2000-v7.0-G-03-01933,03,03-01,G287882E82735N,2019-07-18T00:00:00,-72.05463671394364,82.72234800000001,12.927629941549124,0,805.0513,8,COPDEM30,60.33701887
RGI2000-v7.0-G-03-01934,03,03-01,G287856E82744N,2019-07-18T00:00:00,-72.14102755963447,82.7438215,0.274795387216529,0,927.0845,4,COPDEM30,17.33893016
RGI2000-v7.0-G-03-01935,03,03-01,G287775E82740N,2019-07-18T00:00:00,-72.21451057798612,82.7390165,0.410405791640855,0,755.102,7,COPDEM30,18.96880902
RGI2000-v7.0-G-03-01936,03,03-01,G287745E82744N,2019-07-18T00:00:00,-72.29333850927182,82.74641550000001,1.009667640673167,0,817.14966,8,COPDEM30,24.06751071
RGI2000-v7.0-G-03-01937,03,03-01,G287748E82756N,2019-07-18T00:00:00,-72.25188184235074,82.7555765,0.030125068879737,0,1017.3429,8,COPDEM30,12.42992047
RGI2000-v7.0-G-03-01938,03,03-01,G287815E82760N,2019-07-18T00:00:00,-72.16208568428725,82.76610500000001,4.135810937527751,0,784.146,8,COPDEM30,38.47137060
RGI2000-v7.0-G-03-01939,03,03-01,G287894E82771N,2019-07-18T00:00:00,-72.10578794298331,82.7712985,0.024623334399362,0,674.6905,7,COPDEM30,12.19685538
RGI2000-v7.0-G-03-01940,03,03-01,G287755E82782N,2019-07-18T00:00:00,-72.24475634776536,82.7819125,0.096269416870229,0,580.045,1,COPDEM30,14.34382386
RGI2000-v7.0-G-03-01941,03,03-01,G287698E82791N,2019-07-18T00:00:00,-72.30866258537947,82.7866295,0.015410114783319,0,700.8108,8,COPDEM30,11.73792477
RGI2000-v7.0-G-03-01942,03,03-01,G287725E82800N,2010-01-01T00:00:00,-72.27360262250441,82.8002255,1.191486329328436,0,726.4301,1,COPDEM30,25.28173160
RGI2000-v7.0-G-03-01943,03,03-01,G287428E82795N,2010-01-01T00:00:00,-72.56490897479839,82.800281,1.023884994776918,0,726.7379,2,COPDEM30,24.16620835
RGI2000-v7.0-G-03-01944,03,03-01,G287445E82790N,2010-01-01T00:00:00,-72.55598455706658,82.7906585,0.436188851993502,0,708.8301,1,COPDEM30,19.24624329
RGI2000-v7.0-G-03-01945,03,03-01,G287349E82797N,2010-01-01T00:00:00,-72.64754554154047,82.797428,0.412103222469458,0,666.3608,1,COPDEM30,18.98733729
RGI2000-v7.0-G-03-01946,03,03-01,G287191E82811N,2010-01-01T00:00:00,-72.8086072061281,82.8099545,0.277287382829948,0,684.3139,1,COPDEM30,17.37213178
RGI2000-v7.0-G-03-01947,03,03-01,G286937E82869N,2010-01-01T00:00:00,-73.0558171766366,82.870609,0.210124770901302,0,588.02637,2,COPDEM30,16.41751160
RGI2000-v7.0-G-03-01948,03,03-01,G286899E82872N,2010-01-01T00:00:00,-73.09951761851748,82.8738975,0.150077560609411,0,638.7471,3,COPDEM30,15.42357833
RGI2000-v7.0-G-03-01949,03,03-01,G287012E82880N,2010-01-01T00:00:00,-72.97477626071026,82.88110499999999,0.400181058492886,0,452.70377,7,COPDEM30,18.85638117
RGI2000-v7.0-G-03-01950,03,03-01,G287107E82888N,2010-01-01T00:00:00,-72.95834338256338,82.8894105,0.440296410011587,0,459.07227,8,COPDEM30,19.28967687
RGI2000-v7.0-G-03-01951,03,03-01,G287095E82903N,2010-01-01T00:00:00,-72.90507948331793,82.90386050000001,0.588533702673753,0,608.98956,2,COPDEM30,20.74023304
RGI2000-v7.0-G-03-01952,03,03-01,G287067E82914N,2010-01-01T00:00:00,-72.93345771476888,82.914305,0.010006252376966,0,660.50073,8,COPDEM30,11.40043760
RGI2000-v7.0-G-03-01953,03,03-01,G287032E82918N,2010-01-01T00:00:00,-72.96261727198421,82.919291,0.340183070355233,0,463.64304,1,COPDEM30,18.16553010
RGI2000-v7.0-G-03-01954,03,03-01,G287097E82918N,2010-01-01T00:00:00,-72.90169841722008,82.91963050000001,0.46008223348643,0,522.791,8,COPDEM30,19.49611067
RGI2000-v7.0-G-03-01955,03,03-01,G287134E82917N,2010-01-01T00:00:00,-72.86599645381426,82.917288,0.140179383527067,0,597.2155,3,COPDEM30,15.24167523
RGI2000-v7.0-G-03-01956,03,03-01,G287179E82912N,2010-01-01T00:00:00,-72.80606874182637,82.913497,0.30015226914496,0,580.98285,6,COPDEM30,17.67006159
RGI2000-v7.0-G-03-01957,03,03-01,G287102E82926N,2010-01-01T00:00:00,-72.88258723908646,82.9261965,1.896180030656044,0,569.87994,7,COPDEM30,29.27825941
RGI2000-v7.0-G-03-01958,03,03-01,G287019E82929N,2010-01-01T00:00:00,-72.98097840932957,82.928736,0.052120659255053,0,321.86908,1,COPDEM30,13.19619293
RGI2000-v7.0-G-03-01959,03,03-01,G287014E82938N,2010-01-01T00:00:00,-72.9808745034313,82.9384475,0.164930041935608,0,341.5803,1,COPDEM30,15.68562118
RGI2000-v7.0-G-03-01960,03,03-01,G287046E82943N,2010-01-01T00:00:00,-72.95427172822991,82.9425755,0.060564555536881,0,302.93347,2,COPDEM30,13.44538138
RGI2000-v7.0-G-03-01961,03,03-01,G287064E82940N,2010-01-01T00:00:00,-72.9359710231403,82.939843,0.03949562826752,0,350.55515,1,COPDEM30,12.78229099
RGI2000-v7.0-G-03-01962,03,03-01,G287089E82941N,2010-01-01T00:00:00,-72.91086857349173,82.9407045,0.042833168206733,0,397.64737,1,COPDEM30,12.89746458
RGI2000-v7.0-G-03-01963,03,03-01,G287080E82946N,2010-01-01T00:00:00,-72.92018557704958,82.946342,0.040871893427404,0,297.6033,8,COPDEM30,12.83035176
RGI2000-v7.0-G-03-01964,03,03-01,G287139E82940N,2010-01-01T00:00:00,-72.86060507390508,82.9398725,0.043101890680692,0,440.51923,1,COPDEM30,12.90653928
RGI2000-v7.0-G-03-01965,03,03-01,G287203E82944N,2010-01-01T00:00:00,-72.79685020000001,82.944043,0.02771041586805,0,355.7831,1,COPDEM30,12.33050242
RGI2000-v7.0-G-03-01966,03,03-01,G287190E82949N,2010-01-01T00:00:00,-72.80993935261633,82.9491265,0.035245339963341,0,379.42416,2,COPDEM30,12.62832392
RGI2000-v7.0-G-03-01967,03,03-01,G287215E82932N,2010-01-01T00:00:00,-72.79889348322783,82.93427,1.368970101568547,0,528.5903,1,COPDEM30,26.38041941
RGI2000-v7.0-G-03-01968,03,03-01,G287292E82916N,2010-01-01T00:00:00,-72.68228101015801,82.922093,1.489038145110866,0,591.8834,3,COPDEM30,27.08366110
RGI2000-v7.0-G-03-01969,03,03-01,G287292E82903N,2010-01-01T00:00:00,-72.69092094238954,82.905381,0.260136080543716,0,603.6537,2,COPDEM30,17.14049521
RGI2000-v7.0-G-03-01970,03,03-01,G287549E82898N,2010-01-01T00:00:00,-72.4497718817882,82.897801,0.520242239582526,0,612.9509,2,COPDEM30,20.09789478
RGI2000-v7.0-G-03-01971,03,03-01,G287563E82941N,2010-01-01T00:00:00,-72.43421157517483,82.94042,0.063239475216549,0,471.71628,8,COPDEM30,13.52064442
RGI2000-v7.0-G-03-01972,03,03-01,G287547E82951N,2010-01-01T00:00:00,-72.44756069469526,82.952133,0.270124004089998,0,350.65765,8,COPDEM30,17.27628372
RGI2000-v7.0-G-03-01973,03,03-01,G287403E82940N,2010-01-01T00:00:00,-72.60012820903214,82.9417635,4.45023495113536,0,454.76776,1,COPDEM30,39.53381199
RGI2000-v7.0-G-03-01974,03,03-01,G287447E82977N,2010-01-01T00:00:00,-72.44983042698534,82.974899,0.632713104635462,0,592.30554,6,COPDEM30,21.13605713
RGI2000-v7.0-G-03-01975,03,03-01,G287446E82976N,2010-01-01T00:00:00,-72.55271597517213,82.9807905,2.198658024408487,0,593.4795,5,COPDEM30,30.75902148
RGI2000-v7.0-G-03-01976,03,03-01,G287316E82990N,2010-01-01T00:00:00,-72.69391622169357,82.9827635,2.820152169195435,0,475.86523,5,COPDEM30,33.51063217
RGI2000-v7.0-G-03-01977,03,03-01,G287081E83006N,2010-01-01T00:00:00,-72.78858243427266,82.99990249999999,20.271568485994223,0,412.04755,7,COPDEM90,73.03354205
RGI2000-v7.0-G-03-01978,03,03-01,G287046E82988N,2010-01-01T00:00:00,-72.94154582032132,82.98960149999999,0.210080321060152,0,385.528,7,COPDEM30,16.41683278
RGI2000-v7.0-G-03-01979,03,03-01,G286896E82995N,2010-01-01T00:00:00,-73.09514750964274,82.99463349999999,0.710692492587816,0,364.9863,8,COPDEM30,21.80236114
RGI2000-v7.0-G-03-01980,03,03-01,G286817E82998N,2010-01-01T00:00:00,-73.18311955214403,82.998017,0.029148286178612,0,263.19086,2,COPDEM30,12.39020168
RGI2000-v7.0-G-03-01981,03,03-01,G286855E82991N,2010-01-01T00:00:00,-73.17997618418494,82.98909499999999,2.009166897125456,0,412.29233,1,COPDEM30,29.84431183
RGI2000-v7.0-G-03-01982,03,03-01,G286806E82977N,2010-01-01T00:00:00,-73.190721782975,82.976517,0.084100625647657,0,395.04538,2,COPDEM30,14.06001510
RGI2000-v7.0-G-03-01983,03,03-01,G286741E82943N,2010-01-01T00:00:00,-73.24848858955463,82.944514,0.500270976106927,0,128.09126,1,COPDEM30,19.90217710
RGI2000-v7.0-G-03-01984,03,03-01,G286842E82940N,2010-01-01T00:00:00,-73.15294154955461,82.94111050000001,0.650346591044028,0,175.43964,1,COPDEM30,21.29016970
RGI2000-v7.0-G-03-01985,03,03-01,G286843E82934N,2010-01-01T00:00:00,-73.15682594222096,82.9343125,0.42303701206337,0,333.9513,2,COPDEM30,19.10578137
RGI2000-v7.0-G-03-01986,03,03-01,G286842E82929N,2010-01-01T00:00:00,-73.15264577263105,82.9281585,0.457401825254183,0,355.46164,1,COPDEM30,19.46840841
RGI2000-v7.0-G-03-01987,03,03-01,G286754E82922N,2010-01-01T00:00:00,-73.24153125000001,82.9216605,0.049580372413348,0,263.62982,2,COPDEM30,13.11733107
RGI2000-v7.0-G-03-01988,03,03-01,G286678E82913N,2010-01-01T00:00:00,-73.32190701251845,82.91280549999999,0.025456488312221,0,503.9557,2,COPDEM30,12.23371254
RGI2000-v7.0-G-03-01989,03,03-01,G286600E82917N,2010-01-01T00:00:00,-73.39885205980067,82.916922,0.060891132037875,0,163.77306,8,COPDEM30,13.45465800
RGI2000-v7.0-G-03-01990,03,03-01,G286570E82928N,2010-01-01T00:00:00,-73.43004662014019,82.9276295,0.019796371962577,0,144.46262,1,COPDEM30,11.96979413
RGI2000-v7.0-G-03-01991,03,03-01,G286690E82927N,2010-01-01T00:00:00,-73.33143824963693,82.93250950000001,1.510821314647528,0,141.48279,1,COPDEM30,27.20816602
RGI2000-v7.0-G-03-01992,03,03-01,G286973E82939N,2010-01-01T00:00:00,-73.0272535843423,82.9385755,0.06898180062007,0,353.6134,1,COPDEM30,13.67701413
RGI2000-v7.0-G-03-01993,03,03-01,G286963E82916N,2010-01-01T00:00:00,-72.99268500918829,82.91055399999999,1.062318300482686,0,414.97726,7,COPDEM30,24.42963572
RGI2000-v7.0-G-03-01994,03,03-01,G286856E82891N,2010-01-01T00:00:00,-73.1355440935072,82.90064849999999,1.089599578466049,0,331.40176,8,COPDEM30,24.61374413
RGI2000-v7.0-G-03-01995,03,03-01,G286894E82892N,2010-01-01T00:00:00,-73.10638476267606,82.8923415,0.601214192795569,0,418.94516,8,COPDEM30,20.85532044
RGI2000-v7.0-G-03-01996,03,03-01,G286777E82894N,2010-01-01T00:00:00,-73.2149458943662,82.894941,0.36015959971116,0,325.73355,1,COPDEM30,18.40186179
RGI2000-v7.0-G-03-01997,03,03-01,G285923E82906N,2010-01-01T00:00:00,-74.07419207840476,82.906176,0.069949359551066,0,478.97635,1,COPDEM30,13.70271177
RGI2000-v7.0-G-03-01998,03,03-01,G285948E82896N,2010-01-01T00:00:00,-74.07980460233753,82.89398399999999,0.490275064427895,0,653.702,2,COPDEM30,19.80275026
RGI2000-v7.0-G-03-01999,03,03-01,G285679E82908N,2010-01-01T00:00:00,-74.32052956399042,82.9083075,0.073116289176014,0,353.72168,1,COPDEM30,13.78560334
RGI2000-v7.0-G-03-02000,03,03-01,G285586E82898N,2010-01-01T00:00:00,-74.41198443608411,82.89807400000001,0.687108458030643,0,609.17633,2,COPDEM30,21.60488077
RGI2000-v7.0-G-03-02001,03,03-01,G285482E82894N,2010-01-01T00:00:00,-74.51987443765115,82.8944955,0.23050125212789,0,594.87427,1,COPDEM30,16.72147643
RGI2000-v7.0-G-03-02002,03,03-01,G285655E82882N,2010-01-01T00:00:00,-74.35023404625298,82.882397,0.181860295708728,0,648.132,2,COPDEM30,15.97031138
RGI2000-v7.0-G-03-02003,03,03-01,G285285E82884N,2010-01-01T00:00:00,-74.71235750615764,82.8841235,1.039647496115593,0,651.381,2,COPDEM30,24.27483482
RGI2000-v7.0-G-03-02004,03,03-01,G285267E82900N,2010-01-01T00:00:00,-74.73490242040732,82.89973499999999,0.23534288103892,0,622.4304,1,COPDEM30,16.79170116
RGI2000-v7.0-G-03-02005,03,03-01,G285256E82906N,2010-01-01T00:00:00,-74.74442025072801,82.90617499999999,0.077341396515753,0,480.30728,2,COPDEM30,13.89344497
RGI2000-v7.0-G-03-02006,03,03-01,G285099E82879N,2010-01-01T00:00:00,-74.85129482400222,82.88771249999999,3.140918702083337,0,766.7896,1,COPDEM30,34.81169211
RGI2000-v7.0-G-03-02007,03,03-01,G285109E82868N,2010-01-01T00:00:00,-74.86166479850345,82.870162,0.716908294724119,0,846.75275,4,COPDEM30,21.85386122
RGI2000-v7.0-G-03-02008,03,03-01,G284965E82868N,2010-01-01T00:00:00,-75.01075628315255,82.8708555,1.714837806368285,0,832.9891,8,COPDEM30,28.33325421
RGI2000-v7.0-G-03-02009,03,03-01,G285014E82881N,2010-01-01T00:00:00,-74.99143966267638,82.881052,0.509830175417123,0,766.3106,8,COPDEM30,19.99633505
RGI2000-v7.0-G-03-02010,03,03-01,G284854E82873N,2010-01-01T00:00:00,-75.14561577546094,82.872855,0.201412728912326,0,568.9027,1,COPDEM30,16.28306413
RGI2000-v7.0-G-03-02011,03,03-01,G284834E82866N,2010-01-01T00:00:00,-75.16840008208986,82.8611535,0.25645092424846,0,763.4718,8,COPDEM30,17.08973774
RGI2000-v7.0-G-03-02012,03,03-01,G284790E82850N,2010-01-01T00:00:00,-75.21651016807691,82.8543565,0.675240812700733,0,769.40515,8,COPDEM30,21.50422528
RGI2000-v7.0-G-03-02013,03,03-01,G284870E82840N,2010-01-01T00:00:00,-75.15824108264155,82.8378805,0.049807175978281,0,663.6118,8,COPDEM30,13.12445299
RGI2000-v7.0-G-03-02014,03,03-01,G284915E82835N,2010-01-01T00:00:00,-75.06675727285514,82.8307315,0.60321936091937,0,678.7271,3,COPDEM30,20.87340769
RGI2000-v7.0-G-03-02015,03,03-01,G284933E82858N,2010-01-01T00:00:00,-75.0605250512385,82.8471515,3.867657618201982,0,868.0992,4,COPDEM30,37.53290564
RGI2000-v7.0-G-03-02016,03,03-01,G284782E82884N,2010-01-01T00:00:00,-75.24390217740698,82.884117,0.595913890858337,0,763.35657,1,COPDEM30,20.80736428
RGI2000-v7.0-G-03-02017,03,03-01,G284690E82879N,2010-01-01T00:00:00,-75.30973814469439,82.87856199999999,0.074635643875249,0,645.3089,8,COPDEM30,13.82473348
RGI2000-v7.0-G-03-02018,03,03-01,G284642E82879N,2010-01-01T00:00:00,-75.36927777387737,82.8806925,0.661457630395179,0,643.8165,2,COPDEM30,21.38620637
RGI2000-v7.0-G-03-02019,03,03-01,G284866E82900N,2010-01-01T00:00:00,-75.13370878791612,82.899659,0.064084673683758,0,548.7934,2,COPDEM30,13.54409312
RGI2000-v7.0-G-03-02020,03,03-01,G284811E82919N,2010-01-01T00:00:00,-75.18297763754765,82.918003,0.273393436830866,0,657.662,8,COPDEM30,17.32018535
RGI2000-v7.0-G-03-02021,03,03-01,G284735E82921N,2010-01-01T00:00:00,-75.26432027687342,82.91969850000001,0.252019085720378,0,607.6951,1,COPDEM30,17.02821036
RGI2000-v7.0-G-03-02022,03,03-01,G284921E82921N,2010-01-01T00:00:00,-75.06319977455485,82.9207205,0.472286443984313,0,687.3611,2,COPDEM30,19.62123397
RGI2000-v7.0-G-03-02023,03,03-01,G284938E82940N,2010-01-01T00:00:00,-75.06198402831714,82.9399095,0.104876903123454,0,568.41016,8,COPDEM30,14.53385851
RGI2000-v7.0-G-03-02024,03,03-01,G284953E82953N,2010-01-01T00:00:00,-75.0403507937009,82.9532995,0.970637161721716,0,581.89575,1,COPDEM30,23.79292876
RGI2000-v7.0-G-03-02025,03,03-01,G285206E82945N,2010-01-01T00:00:00,-74.78721302819989,82.94488799999999,0.51026970599059,0,436.5575,3,COPDEM30,20.00064310
RGI2000-v7.0-G-03-02026,03,03-01,G285532E82970N,2010-01-01T00:00:00,-74.45777839634832,82.9704005,0.440257610225945,0,248.59468,8,COPDEM30,19.28926755
RGI2000-v7.0-G-03-02027,03,03-01,G285599E82976N,2010-01-01T00:00:00,-74.40104174129213,82.9759185,0.040019985765245,0,238.66415,4,COPDEM30,12.80069941
RGI2000-v7.0-G-03-02028,03,03-01,G285671E82992N,2010-01-01T00:00:00,-74.32988259016855,82.9926335,0.59036141617082,0,248.08473,2,COPDEM30,20.75689721
RGI2000-v7.0-G-03-02029,03,03-01,G285587E83006N,2010-01-01T00:00:00,-74.40806509063898,83.004708,0.470310211091897,0,233.73912,2,COPDEM30,19.60108334
RGI2000-v7.0-G-03-02030,03,03-01,G285410E83013N,2010-01-01T00:00:00,-74.5836847252809,83.01387700000001,0.280142484636962,0,329.40063,2,COPDEM30,17.40998833
RGI2000-v7.0-G-03-02031,03,03-01,G285417E83026N,2010-01-01T00:00:00,-74.57977644610938,83.02636000000001,0.270130511210056,0,260.85614,2,COPDEM30,17.27637136
RGI2000-v7.0-G-03-02032,03,03-01,G284159E82903N,2010-01-01T00:00:00,-75.8623341126735,82.90200150000001,0.259337148660975,0,607.5351,2,COPDEM30,17.12952180
RGI2000-v7.0-G-03-02033,03,03-01,G284042E82892N,2010-01-01T00:00:00,-75.95771675396288,82.8917615,2.298005472615869,0,638.4032,1,COPDEM30,31.22284318
RGI2000-v7.0-G-03-02034,03,03-01,G284106E82887N,2010-01-01T00:00:00,-75.95617377826423,82.8815965,2.475293367526492,0,668.2889,2,COPDEM30,32.02629111
RGI2000-v7.0-G-03-02035,03,03-01,G284108E82871N,2010-01-01T00:00:00,-75.92725470731408,82.8679925,2.41598148111784,0,699.6097,3,COPDEM30,31.76079894
RGI2000-v7.0-G-03-02036,03,03-01,G284065E82855N,2010-01-01T00:00:00,-75.91908160431326,82.851106,2.159041486037971,0,698.4745,3,COPDEM30,30.57114803
RGI2000-v7.0-G-03-02037,03,03-01,G283916E82857N,2010-01-01T00:00:00,-76.08401809155933,82.8569305,2.247433113591923,0,719.27576,8,COPDEM30,30.98801778
RGI2000-v7.0-G-03-02038,03,03-01,G283876E82845N,2010-01-01T00:00:00,-76.12481706053677,82.8451465,0.644164272245855,0,859.2821,8,COPDEM30,21.23637830
RGI2000-v7.0-G-03-02039,03,03-01,G283846E82836N,2010-01-01T00:00:00,-76.13069525620347,82.83292900000001,0.158962086360696,0,686.0364,8,COPDEM30,15.58180696
RGI2000-v7.0-G-03-02040,03,03-01,G283912E82825N,2010-01-01T00:00:00,-76.11207326262613,82.82521700000001,0.082122765473299,0,590.2556,8,COPDEM30,14.01198978
RGI2000-v7.0-G-03-02041,03,03-01,G283954E82835N,2010-01-01T00:00:00,-76.04715235574147,82.83562699999999,0.818044821569244,0,731.84625,4,COPDEM30,22.66241624
RGI2000-v7.0-G-03-02042,03,03-01,G283789E82890N,2010-01-01T00:00:00,-76.21749647944213,82.853606,0.702435971832144,0,482.50787,2,COPDEM30,21.73360347
RGI2000-v7.0-G-03-02043,03,03-01,G283684E82843N,2010-01-01T00:00:00,-76.31602815527714,82.84294650000001,0.21040957711958,0,731.5597,7,COPDEM30,16.42185932
RGI2000-v7.0-G-03-02044,03,03-01,G283556E82878N,2010-01-01T00:00:00,-76.44315611279303,82.87606099999999,0.096031684939711,0,665.92035,3,COPDEM30,14.33845713
RGI2000-v7.0-G-03-02045,03,03-01,G283532E82901N,2010-01-01T00:00:00,-76.4429509292144,82.8927455,4.032412177698215,0,699.1479,7,COPDEM30,38.11321374
RGI2000-v7.0-G-03-02046,03,03-01,G283684E82923N,2010-01-01T00:00:00,-76.3085911975,82.9094695,6.081733394687822,0,873.3291,2,COPDEM30,44.52563896
RGI2000-v7.0-G-03-02047,03,03-01,G283870E82909N,2010-01-01T00:00:00,-76.11794409780615,82.90249449999999,0.839675920954333,0,559.76245,1,COPDEM30,22.82873651
RGI2000-v7.0-G-03-02048,03,03-01,G284003E82897N,2010-01-01T00:00:00,-76.0268604707118,82.90009950000001,2.354579053696765,0,607.85944,2,COPDEM30,31.48249274
RGI2000-v7.0-G-03-02049,03,03-01,G283685E82924N,2010-01-01T00:00:00,-76.04271038613065,82.9275355,17.792167716109972,0,604.4522,3,COPDEM90,69.05306827
RGI2000-v7.0-G-03-02050,03,03-01,G283665E82950N,2010-01-01T00:00:00,-76.2534842845074,82.9601595,12.082379372725695,0,577.79266,2,COPDEM30,58.66360403
RGI2000-v7.0-G-03-02051,03,03-01,G283632E82980N,2010-01-01T00:00:00,-76.37199623883026,82.9797035,0.885702192957803,0,563.1601,3,COPDEM30,23.17564533
RGI2000-v7.0-G-03-02052,03,03-01,G283454E82993N,2010-01-01T00:00:00,-76.47645082544298,82.9916175,0.362979861069551,0,568.7614,7,COPDEM30,18.43469340
RGI2000-v7.0-G-03-02053,03,03-01,G283509E83011N,2010-01-01T00:00:00,-76.49137273040313,83.0111505,0.010006775195314,0,176.11899,5,COPDEM30,11.40047418
RGI2000-v7.0-G-03-02054,03,03-01,G283426E82974N,2010-01-01T00:00:00,-76.5384127263864,82.9707835,5.644116558055222,0,644.6918,1,COPDEM30,43.26028932
RGI2000-v7.0-G-03-02055,03,03-01,G283222E82973N,2010-01-01T00:00:00,-76.77808811057692,82.97314850000001,3.071310058432149,0,543.62195,1,COPDEM30,34.53521493
RGI2000-v7.0-G-03-02056,03,03-01,G283222E82989N,2010-01-01T00:00:00,-76.77767824847768,82.989186,0.408933901523171,0,485.22968,7,COPDEM30,18.95271158
RGI2000-v7.0-G-03-02057,03,03-01,G282967E82968N,2010-01-01T00:00:00,-76.97766944377739,82.9748345,27.781242915123627,0,559.36194,1,COPDEM90,83.79108084
RGI2000-v7.0-G-03-02058,03,03-01,G282840E82956N,2010-01-01T00:00:00,-77.1608923994975,82.955264,0.079008812001758,0,650.803,8,COPDEM30,13.93519087
RGI2000-v7.0-G-03-02059,03,03-01,G283496E82937N,2010-01-01T00:00:00,-76.55431311590762,82.936025,3.015376012347245,0,575.9365,7,COPDEM30,34.31077330
RGI2000-v7.0-G-03-02060,03,03-01,G283492E82912N,2010-01-01T00:00:00,-76.5011678012651,82.91712150000001,6.634013288676986,0,725.60895,8,COPDEM30,46.05920971
RGI2000-v7.0-G-03-02061,03,03-01,G283788E82889N,2010-01-01T00:00:00,-76.09844991537813,82.8737485,8.350727111378903,0,686.9231,7,COPDEM30,50.45667453
RGI2000-v7.0-G-03-02062,03,03-01,G282820E82854N,2010-01-01T00:00:00,-77.17985104343632,82.85449249999999,0.202329597634382,0,411.20837,3,COPDEM30,16.29734874
RGI2000-v7.0-G-03-02063,03,03-01,G282558E82853N,2010-01-01T00:00:00,-77.39594123063381,82.852602,6.318590964988132,0,633.361,2,COPDEM30,45.19153064
RGI2000-v7.0-G-03-02064,03,03-01,G282604E82866N,2010-01-01T00:00:00,-77.38757518281867,82.866252,0.60331654068541,0,575.04254,2,COPDEM30,20.87428352
RGI2000-v7.0-G-03-02065,03,03-01,G282507E82872N,2010-01-01T00:00:00,-77.54799634782609,82.872777,2.996002761544802,0,558.86237,1,COPDEM30,34.23255127
RGI2000-v7.0-G-03-02066,03,03-01,G282426E82881N,2010-01-01T00:00:00,-77.57399972058826,82.881152,0.084609151921389,0,823.2882,3,COPDEM30,14.07227133
RGI2000-v7.0-G-03-02067,03,03-01,G282464E82888N,2010-01-01T00:00:00,-77.53755825133689,82.887923,0.188966188750623,0,414.37933,2,COPDEM30,16.08583380
RGI2000-v7.0-G-03-02068,03,03-01,G282387E82894N,2010-01-01T00:00:00,-77.61761456828808,82.8922925,0.71604320960806,0,626.57874,2,COPDEM30,21.84670710
RGI2000-v7.0-G-03-02069,03,03-01,G282332E82879N,2010-01-01T00:00:00,-77.68869154296397,82.882667,1.546239363970455,0,622.43524,8,COPDEM30,27.40870229
RGI2000-v7.0-G-03-02070,03,03-01,G282373E82865N,2010-01-01T00:00:00,-77.62676799284458,82.865284,0.139542112614559,0,544.7037,7,COPDEM30,15.22974704
RGI2000-v7.0-G-03-02071,03,03-01,G282452E82857N,2010-01-01T00:00:00,-77.57453814110218,82.85325,3.828070517886584,0,705.00024,8,COPDEM30,37.39163780
RGI2000-v7.0-G-03-02072,03,03-01,G282399E82838N,2010-01-01T00:00:00,-77.52972335380701,82.83752100000001,0.643763191339461,0,662.01447,7,COPDEM30,21.23287966
RGI2000-v7.0-G-03-02073,03,03-01,G282443E82830N,2010-01-01T00:00:00,-77.55689392445328,82.8304715,0.428034273062607,0,585.57513,8,COPDEM30,19.15940596
RGI2000-v7.0-G-03-02074,03,03-01,G282582E82821N,2010-01-01T00:00:00,-77.48569170265185,82.825996,0.241197388123133,0,668.6875,6,COPDEM30,16.87565910
RGI2000-v7.0-G-03-02075,03,03-01,G282479E82815N,2010-01-01T00:00:00,-77.4995911012217,82.815203,0.119248903548466,0,485.55573,8,COPDEM30,14.83454084
RGI2000-v7.0-G-03-02076,03,03-01,G282583E82822N,2010-01-01T00:00:00,-77.39411065624999,82.819011,0.200388424523444,0,628.6749,2,COPDEM30,16.26706719
RGI2000-v7.0-G-03-02077,03,03-01,G282647E82826N,2010-01-01T00:00:00,-77.351527146739,82.8254585,2.524029019647911,0,764.7417,4,COPDEM30,32.24207022
RGI2000-v7.0-G-03-02078,03,03-01,G282785E82824N,2010-01-01T00:00:00,-77.20984271826762,82.82486449999999,0.347878694334036,0,536.1224,2,COPDEM30,18.25737392
RGI2000-v7.0-G-03-02079,03,03-01,G282849E82814N,2010-01-01T00:00:00,-77.15110978325416,82.8138295,0.381174178800385,0,624.1029,1,COPDEM30,18.64350271
RGI2000-v7.0-G-03-02080,03,03-01,G282898E82815N,2010-01-01T00:00:00,-77.0930924276827,82.815257,0.225385102746954,0,569.7122,8,COPDEM30,16.64646373
RGI2000-v7.0-G-03-02081,03,03-01,G282871E82797N,2010-01-01T00:00:00,-77.13125115845068,82.798132,0.521042165444451,0,760.75916,3,COPDEM30,20.10565507
RGI2000-v7.0-G-03-02082,03,03-01,G282817E82804N,2010-01-01T00:00:00,-77.2080780251105,82.7966635,0.746004714357982,0,706.9711,7,COPDEM30,22.09201902
RGI2000-v7.0-G-03-02083,03,03-01,G282738E82789N,2010-01-01T00:00:00,-77.2624877967128,82.78920500000001,0.036652709676234,0,637.5281,8,COPDEM30,12.68028564
RGI2000-v7.0-G-03-02084,03,03-01,G282873E82787N,2010-01-01T00:00:00,-77.11443945588235,82.7864445,0.133914616287704,0,679.7754,2,COPDEM30,15.12320845
RGI2000-v7.0-G-03-02085,03,03-01,G282762E82809N,2010-01-01T00:00:00,-77.23921741264833,82.809046,0.520695524037393,0,722.4121,8,COPDEM30,20.10229294
RGI2000-v7.0-G-03-02086,03,03-01,G282396E82799N,2010-01-01T00:00:00,-77.60307655800365,82.798323,0.786598052622176,0,649.87177,1,COPDEM30,22.41665085
RGI2000-v7.0-G-03-02087,03,03-01,G282294E82795N,2010-01-01T00:00:00,-77.70644649239966,82.794979,0.093568275177631,0,475.72717,8,COPDEM30,14.28245046
RGI2000-v7.0-G-03-02088,03,03-01,G282325E82787N,2010-01-01T00:00:00,-77.67632790207118,82.78731400000001,0.32655612293852,0,667.36096,6,COPDEM30,18.00031250
RGI2000-v7.0-G-03-02089,03,03-01,G282289E82778N,2010-01-01T00:00:00,-77.71985912229421,82.7804255,0.202061931635335,0,535.3013,8,COPDEM30,16.29318191
RGI2000-v7.0-G-03-02090,03,03-01,G281801E82791N,2010-01-01T00:00:00,-78.19907268024257,82.7913255,0.210462494303767,0,597.23303,1,COPDEM30,16.42266680
RGI2000-v7.0-G-03-02091,03,03-01,G281788E82798N,2010-01-01T00:00:00,-78.21816242974397,82.8011755,0.466197608187443,0,564.89624,8,COPDEM30,19.55901309
RGI2000-v7.0-G-03-02092,03,03-01,G281825E82808N,2010-01-01T00:00:00,-78.17739686804278,82.8088125,0.941780315794545,0,578.51117,1,COPDEM30,23.58635131
RGI2000-v7.0-G-03-02093,03,03-01,G281751E82824N,2010-01-01T00:00:00,-78.24762782445987,82.82356,0.090109849988884,0,498.5141,1,COPDEM30,14.20256238
RGI2000-v7.0-G-03-02094,03,03-01,G281419E82849N,2010-01-01T00:00:00,-78.58070874522564,82.84917,0.174904457157432,0,270.86023,3,COPDEM30,15.85502123
RGI2000-v7.0-G-03-02095,03,03-01,G281438E82866N,2010-01-01T00:00:00,-78.55014583146065,82.8650695,0.231274708258109,0,159.60822,3,COPDEM30,16.73274408
RGI2000-v7.0-G-03-02096,03,03-01,G281443E82885N,2010-01-01T00:00:00,-78.55102054188475,82.8836395,0.268691117578705,0,307.1485,1,COPDEM30,17.25695935
RGI2000-v7.0-G-03-02097,03,03-01,G281385E82884N,2010-01-01T00:00:00,-78.6205395192168,82.88372799999999,0.443308521336741,0,303.2407,1,COPDEM30,19.32139851
RGI2000-v7.0-G-03-02098,03,03-01,G281207E82888N,2010-01-01T00:00:00,-78.74575132197363,82.88352900000001,1.076246866940332,0,216.40564,1,COPDEM30,24.52392460
RGI2000-v7.0-G-03-02099,03,03-01,G281178E82863N,2010-01-01T00:00:00,-78.82171177506262,82.862853,0.056790613360686,0,127.77266,1,COPDEM30,13.33630937
RGI2000-v7.0-G-03-02100,03,03-01,G280818E82850N,2010-01-01T00:00:00,-78.96555160334646,82.8604875,9.313964748584652,0,82.17361,2,COPDEM30,52.72630444
RGI2000-v7.0-G-03-02101,03,03-01,G280953E82845N,2010-01-01T00:00:00,-79.04729739298274,82.84463199999999,0.017580851628,0,424.28766,1,COPDEM30,11.85629925
RGI2000-v7.0-G-03-02102,03,03-01,G281012E82842N,2010-01-01T00:00:00,-78.98794356498196,82.841759,0.177745070437143,0,132.32777,1,COPDEM30,15.90237527
RGI2000-v7.0-G-03-02103,03,03-01,G280990E82852N,2010-01-01T00:00:00,-79.09739995214755,82.83697799999999,0.666235162911124,0,346.93286,3,COPDEM30,21.42725216
RGI2000-v7.0-G-03-02104,03,03-01,G280883E82825N,2010-01-01T00:00:00,-79.05329557933405,82.823522,4.990402172303918,0,309.94528,2,COPDEM30,41.27489130
RGI2000-v7.0-G-03-02105,03,03-01,G281090E82815N,2010-01-01T00:00:00,-78.9101424099702,82.81490550000001,0.033659664312875,0,254.92163,1,COPDEM30,12.56851985
RGI2000-v7.0-G-03-02106,03,03-01,G281125E82821N,2010-01-01T00:00:00,-78.87457166019419,82.82065850000001,0.023620626659738,0,322.0301,1,COPDEM30,12.15166048
RGI2000-v7.0-G-03-02107,03,03-01,G281155E82821N,2010-01-01T00:00:00,-78.84476470225309,82.820902,0.02731398416857,0,317.52777,1,COPDEM30,12.31377201
RGI2000-v7.0-G-03-02108,03,03-01,G281204E82817N,2010-01-01T00:00:00,-78.81894207521931,82.8142965,0.663111960531969,0,419.1114,2,COPDEM30,21.40043614
RGI2000-v7.0-G-03-02109,03,03-01,G281053E82791N,2010-01-01T00:00:00,-78.93916247718872,82.7924805,0.207413358302012,0,307.08197,7,COPDEM30,16.37597194
RGI2000-v7.0-G-03-02110,03,03-01,G281020E82781N,2010-01-01T00:00:00,-79.03747179557253,82.781188,3.879803992023787,0,451.67535,2,COPDEM30,37.57610528
RGI2000-v7.0-G-03-02111,03,03-01,G280762E82779N,2010-01-01T00:00:00,-79.23560938583925,82.778694,0.251321536646474,0,596.5724,8,COPDEM30,17.01847713
RGI2000-v7.0-G-03-02112,03,03-01,G280603E82778N,2010-01-01T00:00:00,-79.40940063429098,82.77565849999999,1.076038929293308,0,433.69177,2,COPDEM30,24.52252148
RGI2000-v7.0-G-03-02113,03,03-01,G280461E82769N,2010-01-01T00:00:00,-79.44502941550438,82.768778,1.653033453336239,0,488.1051,1,COPDEM30,27.99984880
RGI2000-v7.0-G-03-02114,03,03-01,G280524E82793N,2010-01-01T00:00:00,-79.46018018810516,82.7871475,0.967748238667197,0,411.0243,2,COPDEM30,23.77238740
RGI2000-v7.0-G-03-02115,03,03-01,G280522E82797N,2010-01-01T00:00:00,-79.4574551882393,82.79478649999999,0.499337948643177,0,338.1797,3,COPDEM30,19.89293879
RGI2000-v7.0-G-03-02116,03,03-01,G280602E82790N,2010-01-01T00:00:00,-79.3981639922018,82.79049,0.040668868423459,0,407.7919,2,COPDEM30,12.82331334
RGI2000-v7.0-G-03-02117,03,03-01,G280555E82806N,2010-01-01T00:00:00,-79.44496554846478,82.8056325,0.200159808001308,0,208.89548,1,COPDEM30,16.26349123
RGI2000-v7.0-G-03-02118,03,03-01,G280412E82803N,2010-01-01T00:00:00,-79.56522518121258,82.807872,3.440168086835163,0,371.3722,1,COPDEM30,35.96676616
RGI2000-v7.0-G-03-02119,03,03-01,G280315E82806N,2010-01-01T00:00:00,-79.68087145026176,82.8066635,1.433343119443334,0,369.29785,1,COPDEM30,26.76112321
RGI2000-v7.0-G-03-02120,03,03-01,G280187E82851N,2010-01-01T00:00:00,-79.73758452659573,82.80725699999999,0.285660056487676,0,389.70816,1,COPDEM30,17.48260456
RGI2000-v7.0-G-03-02121,03,03-01,G280232E82792N,2010-01-01T00:00:00,-79.76824238369804,82.792148,0.448901040049916,0,98.30208,1,COPDEM30,19.38001087
RGI2000-v7.0-G-03-02122,03,03-01,G280239E82776N,2010-01-01T00:00:00,-79.77083492496094,82.7817245,2.069128146831963,0,371.80893,2,COPDEM30,30.13825009
RGI2000-v7.0-G-03-02123,03,03-01,G280335E82790N,2010-01-01T00:00:00,-79.66466191859135,82.7901835,0.059885941257221,0,301.47308,8,COPDEM30,13.42602459
RGI2000-v7.0-G-03-02124,03,03-01,G280357E82760N,2010-01-01T00:00:00,-79.64256031522892,82.76025999999999,0.173406149445092,0,361.72195,1,COPDEM30,15.82988896
RGI2000-v7.0-G-03-02125,03,03-01,G280904E82725N,2010-01-01T00:00:00,-79.08426156603142,82.73412250000001,2.509696499692746,0,527.5453,2,COPDEM30,32.17883031
RGI2000-v7.0-G-03-02126,03,03-01,G281008E82742N,2010-01-01T00:00:00,-78.99168270460532,82.7417605,0.096507914706807,0,476.75494,2,COPDEM30,14.34920122
RGI2000-v7.0-G-03-02127,03,03-01,G281085E82722N,2010-01-01T00:00:00,-78.9150938717645,82.721918,0.021746986874746,0,473.84448,8,COPDEM30,12.06456035
RGI2000-v7.0-G-03-02128,03,03-01,G281162E82725N,2010-01-01T00:00:00,-78.82851446062547,82.725093,0.094683477291581,0,476.1832,8,COPDEM30,14.30789526
RGI2000-v7.0-G-03-02129,03,03-01,G281223E82731N,2010-01-01T00:00:00,-78.77678764068338,82.73057850000001,0.02090577561771,0,488.23138,2,COPDEM30,12.02423616
RGI2000-v7.0-G-03-02130,03,03-01,G281270E82719N,2010-01-01T00:00:00,-78.72962640816323,82.7188875,0.071785016942963,0,685.9042,1,COPDEM30,13.75098165
RGI2000-v7.0-G-03-02131,03,03-01,G281286E82749N,2010-01-01T00:00:00,-78.71442778633974,82.7493175,0.079385454039986,0,464.02017,1,COPDEM30,13.94455942
RGI2000-v7.0-G-03-02132,03,03-01,G281384E82747N,2010-01-01T00:00:00,-78.6201690109375,82.74726,0.261700845211675,0,580.7339,2,COPDEM30,17.16193868
RGI2000-v7.0-G-03-02133,03,03-01,G281563E82734N,2010-01-01T00:00:00,-78.43943845273705,82.733937,0.152603330661684,0,631.9437,1,COPDEM30,15.46902668
RGI2000-v7.0-G-03-02134,03,03-01,G281639E82746N,2010-01-01T00:00:00,-78.36148562462796,82.7456075,0.047192273286423,0,739.4686,2,COPDEM30,13.04132957
RGI2000-v7.0-G-03-02135,03,03-01,G281667E82742N,2010-01-01T00:00:00,-78.33334052337298,82.74238700000001,0.196582157738812,0,647.0051,2,COPDEM30,16.20726211
RGI2000-v7.0-G-03-02136,03,03-01,G281647E82744N,2010-01-01T00:00:00,-78.32063187689394,82.7541165,0.832121904825487,0,651.475,8,COPDEM30,22.77090026
RGI2000-v7.0-G-03-02137,03,03-01,G281720E82762N,2010-01-01T00:00:00,-78.27963620982162,82.762405,0.296180414370002,0,493.4475,1,COPDEM30,17.61914439
RGI2000-v7.0-G-03-02138,03,03-01,G281794E82756N,2010-01-01T00:00:00,-78.20565036669178,82.75618399999999,0.081796660624336,0,560.03613,2,COPDEM30,14.00401617
RGI2000-v7.0-G-03-02139,03,03-01,G281625E82769N,2010-01-01T00:00:00,-78.37422115384615,82.769244,0.266429668110649,0,547.31256,8,COPDEM30,17.22635558
RGI2000-v7.0-G-03-02140,03,03-01,G282153E82874N,2010-01-01T00:00:00,-77.84208976750377,82.87482800000001,0.172627811293524,0,485.8261,2,COPDEM30,15.81679044
RGI2000-v7.0-G-03-02141,03,03-01,G282180E82894N,2010-01-01T00:00:00,-77.82863846488763,82.8937545,0.2562817255525,0,417.53693,3,COPDEM30,17.08739855
RGI2000-v7.0-G-03-02142,03,03-01,G280819E82851N,2010-01-01T00:00:00,-79.2192726976744,82.87517349999999,9.880946121819662,0,321.43872,2,COPDEM30,54.00756117
RGI2000-v7.0-G-03-02143,03,03-01,G280481E82856N,2010-01-01T00:00:00,-79.36030252016161,82.85587100000001,2.982247787940629,0,310.72668,7,COPDEM30,34.17686014
RGI2000-v7.0-G-03-02144,03,03-01,G280749E82848N,2010-01-01T00:00:00,-79.31063599681511,82.8429185,2.085927746476877,0,429.92728,7,COPDEM30,30.21983774
RGI2000-v7.0-G-03-02145,03,03-01,G280709E82831N,2010-01-01T00:00:00,-79.26221638418795,82.82917950000001,1.733666692044747,0,407.72467,7,COPDEM30,28.43362882
RGI2000-v7.0-G-03-02146,03,03-01,G280448E82877N,2010-01-01T00:00:00,-79.54872969183631,82.8719045,3.421128175587841,0,380.30286,3,COPDEM30,35.89480879
RGI2000-v7.0-G-03-02147,03,03-01,G280427E82885N,2010-01-01T00:00:00,-79.57334814544245,82.88523649999999,0.080942326116909,0,750.7484,4,COPDEM30,13.98305108
RGI2000-v7.0-G-03-02148,03,03-01,G280496E82891N,2010-01-01T00:00:00,-79.513142910779,82.88996850000001,0.260428175747669,0,724.91406,3,COPDEM30,17.14450295
RGI2000-v7.0-G-03-02149,03,03-01,G280440E82897N,2010-01-01T00:00:00,-79.56008031137013,82.896997,0.286880882476683,0,654.30725,2,COPDEM30,17.49857673
RGI2000-v7.0-G-03-02150,03,03-01,G280358E82900N,2010-01-01T00:00:00,-79.64214613001826,82.90010699999999,0.483428378518912,0,606.26,1,COPDEM30,19.73406196
RGI2000-v7.0-G-03-02151,03,03-01,G280327E82920N,2010-01-01T00:00:00,-79.70443292587339,82.9303385,38.50271078189584,0,181.27359,1,COPDEM90,96.87077364
RGI2000-v7.0-G-03-02152,03,03-01,G279961E82922N,2010-01-01T00:00:00,-80.03424862025312,82.9214945,0.197911790754275,0,310.2421,1,COPDEM30,16.22821893
RGI2000-v7.0-G-03-02153,03,03-01,G279917E82872N,2010-01-01T00:00:00,-80.12938863713362,82.87952250000001,19.842826123970568,0,259.53418,8,COPDEM90,72.36340209
RGI2000-v7.0-G-03-02154,03,03-01,G279801E82871N,2010-01-01T00:00:00,-80.19925628444165,82.87112350000001,0.176414077514343,0,324.92432,4,COPDEM30,15.88023462
RGI2000-v7.0-G-03-02155,03,03-01,G279749E82874N,2010-01-01T00:00:00,-80.25095315412369,82.8739765,0.603561186369108,0,298.18658,1,COPDEM30,20.87648806
RGI2000-v7.0-G-03-02156,03,03-01,G279857E82858N,2010-01-01T00:00:00,-80.15423510477947,82.85907900000001,0.543790740864926,0,330.044,8,COPDEM30,20.32390358
RGI2000-v7.0-G-03-02157,03,03-01,G279929E82850N,2010-01-01T00:00:00,-80.0825184848478,82.8499275,2.101280573353939,0,399.25787,4,COPDEM30,30.29411226
RGI2000-v7.0-G-03-02158,03,03-01,G280284E82826N,2010-01-01T00:00:00,-79.7973955621631,82.854293,21.67779882160477,0,316.6458,5,COPDEM90,75.18319238
RGI2000-v7.0-G-03-02159,03,03-01,G280735E82931N,2010-01-01T00:00:00,-79.23444985632686,82.9307185,1.494967599687359,0,274.0404,3,COPDEM30,27.11764147
RGI2000-v7.0-G-03-02160,03,03-01,G279357E82803N,2010-01-01T00:00:00,-80.64448016004066,82.802154,0.903872788714325,0,97.34965,2,COPDEM30,23.31011144
RGI2000-v7.0-G-03-02161,03,03-01,G279392E82780N,2010-01-01T00:00:00,-80.60843474841175,82.78019599999999,2.458152957728297,0,276.8778,1,COPDEM30,31.94989703
RGI2000-v7.0-G-03-02162,03,03-01,G279428E82768N,2010-01-01T00:00:00,-80.4948795852284,82.775856,4.30436493631514,0,245.88684,2,COPDEM30,39.04574887
RGI2000-v7.0-G-03-02163,03,03-01,G279489E82771N,2010-01-01T00:00:00,-80.50688144806348,82.7662125,0.325423233561929,0,593.39026,1,COPDEM30,17.98642309
RGI2000-v7.0-G-03-02164,03,03-01,G279571E82771N,2010-01-01T00:00:00,-80.42853320278266,82.770569,0.312121620742181,0,300.7667,2,COPDEM30,17.82149843
RGI2000-v7.0-G-03-02165,03,03-01,G279498E82735N,2010-01-01T00:00:00,-80.47018567446754,82.73781199999999,24.335836393942596,0,259.93243,2,COPDEM90,79.06391195
RGI2000-v7.0-G-03-02166,03,03-01,G279538E82688N,2010-01-01T00:00:00,-80.55235523077758,82.69227649999999,17.07510763446834,0,373.00455,3,COPDEM90,67.85085217
RGI2000-v7.0-G-03-02167,03,03-01,G279455E82677N,2010-01-01T00:00:00,-80.53190891025503,82.6774475,1.292877324925607,0,385.87436,4,COPDEM30,25.91866689
RGI2000-v7.0-G-03-02168,03,03-01,G279247E82666N,2010-01-01T00:00:00,-80.75338778125,82.666628,0.359368890739983,0,402.7558,4,COPDEM30,18.39263383
RGI2000-v7.0-G-03-02169,03,03-01,G279090E82674N,2010-01-01T00:00:00,-80.8937235003214,82.669916,1.838186111310621,0,349.17554,7,COPDEM30,28.98116113
RGI2000-v7.0-G-03-02170,03,03-01,G278990E82691N,2010-01-01T00:00:00,-80.88713967117354,82.68097449999999,0.259933979804429,0,338.67624,8,COPDEM30,17.13772093
RGI2000-v7.0-G-03-02171,03,03-01,G278991E82692N,2010-01-01T00:00:00,-80.99598102122984,82.7071155,19.324837165352317,0,250.13431,7,COPDEM90,71.54403370
RGI2000-v7.0-G-03-02172,03,03-01,G278903E82721N,2010-01-01T00:00:00,-81.09746155421684,82.72127549999999,0.159025265294135,0,222.53767,1,COPDEM30,15.58291608
RGI2000-v7.0-G-03-02173,03,03-01,G279026E82732N,2010-01-01T00:00:00,-80.97386539273647,82.73211549999999,1.518717974457581,0,276.94534,8,COPDEM30,27.25307865
RGI2000-v7.0-G-03-02174,03,03-01,G278831E82770N,2010-01-01T00:00:00,-81.23653870298435,82.774648,78.99573772253356,0,122.33038,8,COPDEM90,100.00000000
RGI2000-v7.0-G-03-02175,03,03-01,G279619E82650N,1999-07-24T00:00:00,-80.36766384845328,82.65550400000001,1.28731407910301,0,402.23505,1,COPDEM30,25.88438099
RGI2000-v7.0-G-03-02176,03,03-01,G279711E82652N,1999-07-24T00:00:00,-80.28880960136298,82.65171649999999,0.481530648317124,0,404.22272,2,COPDEM30,19.71493732
RGI2000-v7.0-G-03-02177,03,03-01,G279726E82645N,1999-07-24T00:00:00,-80.27377838882265,82.644766,0.811074902517099,0,490.6181,2,COPDEM30,22.60835758
RGI2000-v7.0-G-03-02178,03,03-01,G279611E82635N,1999-07-24T00:00:00,-80.40316459959251,82.637324,2.192563991829705,0,561.6902,8,COPDEM30,30.73023257
RGI2000-v7.0-G-03-02179,03,03-01,G279582E82643N,1999-07-24T00:00:00,-80.41773003886925,82.6426565,1.277912428603758,0,488.48395,8,COPDEM30,25.82627044
RGI2000-v7.0-G-03-02180,03,03-01,G279471E82628N,1999-07-24T00:00:00,-80.51693165389472,82.63050100000001,0.986785528744287,0,473.34686,2,COPDEM30,23.90719108
RGI2000-v7.0-G-03-02181,03,03-01,G279409E82630N,1999-07-24T00:00:00,-80.56669596856773,82.6356995,0.707908295326368,0,542.80237,1,COPDEM30,21.77922009
RGI2000-v7.0-G-03-02182,03,03-01,G279590E82617N,1999-07-24T00:00:00,-80.41745136923078,82.6221345,2.486241589402601,0,620.6355,7,COPDEM30,32.07494851
RGI2000-v7.0-G-03-02183,03,03-01,G279806E82624N,1999-07-24T00:00:00,-80.24627292973376,82.62208050000001,12.304270603020045,0,639.7299,2,COPDEM30,59.10842126
RGI2000-v7.0-G-03-02184,03,03-01,G280732E82431N,1999-07-24T00:00:00,-79.27978948717681,82.43235200000001,0.664329213400347,0,917.8113,8,COPDEM30,21.41089505
RGI2000-v7.0-G-03-02185,03,03-01,G280817E82418N,1999-07-24T00:00:00,-79.18328110008821,82.41833299999999,1.873138558542617,0,972.447,7,COPDEM30,29.16077132
RGI2000-v7.0-G-03-02186,03,03-01,G281621E82440N,1999-07-24T00:00:00,-78.3794300232475,82.4401605,61.451742405614006,0,1072.4407,1,COPDEM90,100.00000000
RGI2000-v7.0-G-03-02187,03,03-01,G281808E82466N,1999-07-24T00:00:00,-78.19774781688741,82.4663935,0.326589102200184,0,996.9446,1,COPDEM30,18.00071647
RGI2000-v7.0-G-03-02188,03,03-01,G281748E82483N,1999-07-24T00:00:00,-78.25743056783733,82.484083,0.401179175588019,0,1020.039,2,COPDEM30,18.86741893
RGI2000-v7.0-G-03-02189,03,03-01,G282203E82509N,1999-07-24T00:00:00,-77.79688718534788,82.5091595,0.752178372995444,0,1131.9994,7,COPDEM30,22.14195047
RGI2000-v7.0-G-03-02190,03,03-01,G282274E82480N,1999-07-24T00:00:00,-77.37350496539906,82.509503,431.6805738041999,0,1172.3726,8,COPDEM90,100.00000000
RGI2000-v7.0-G-03-02191,03,03-01,G281085E82267N,1999-07-24T00:00:00,-77.44321664299346,82.3489855,1100.5810349624442,0,1091.4618,1,COPDEM90,100.00000000
RGI2000-v7.0-G-03-02192,03,03-01,G282164E82257N,1999-07-24T00:00:00,-77.83638731845943,82.257363,0.063995460401577,0,1235.8593,1,COPDEM30,13.54162537
RGI2000-v7.0-G-03-02193,03,03-01,G281677E82275N,1999-07-24T00:00:00,-78.32270237541874,82.27507449999999,0.108926687394254,0,1166.6837,8,COPDEM30,14.62056606
RGI2000-v7.0-G-03-02194,03,03-01,G280833E82293N,1999-07-24T00:00:00,-79.16690344339622,82.2925915,0.020478926093522,0,1595.7794,8,COPDEM30,12.00346438
RGI2000-v7.0-G-03-02195,03,03-01,G279524E81903N,1999-07-24T00:00:00,-80.36322472461535,81.9140975,0.20980923789387,0,1237.1447,8,COPDEM30,16.41269137
RGI2000-v7.0-G-03-02196,03,03-01,G280321E81829N,1999-07-24T00:00:00,-79.6790454966622,81.82915750000001,0.257276630694205,0,1114.2946,2,COPDEM30,17.10114213
RGI2000-v7.0-G-03-02197,03,03-01,G281400E81829N,1999-07-24T00:00:00,-78.59982646715095,81.8285545,8.944238152083084,0,1189.2538,3,COPDEM30,51.86968686
RGI2000-v7.0-G-03-02198,03,03-01,G283490E81355N,1999-07-24T00:00:00,-76.5095710021858,81.3551135,0.072416801814908,0,1107.7998,8,COPDEM30,13.76745181
RGI2000-v7.0-G-03-02199,03,03-01,G283544E81356N,1999-07-24T00:00:00,-76.45669714768923,81.356998,0.678020130729119,0,1161.0605,1,COPDEM30,21.52787689
RGI2000-v7.0-G-03-02200,03,03-01,G283604E81359N,1999-07-24T00:00:00,-76.38380253821722,81.35989000000001,0.847615957642783,0,1123.0217,1,COPDEM30,22.88924853
RGI2000-v7.0-G-03-02201,03,03-01,G283690E81362N,1999-07-24T00:00:00,-76.3103516486774,81.36186699999999,0.229173137679438,0,1061.4512,1,COPDEM30,16.70208438
RGI2000-v7.0-G-03-02202,03,03-01,G283717E81362N,1999-07-24T00:00:00,-76.28295568181818,81.362416,0.024016286238183,0,1170.2324,1,COPDEM30,12.16960644
RGI2000-v7.0-G-03-02203,03,03-01,G283752E81305N,1999-07-24T00:00:00,-76.23940362955649,81.3090765,10.990661227933474,0,1118.5979,1,COPDEM30,56.41303266
RGI2000-v7.0-G-03-02204,03,03-01,G283896E81304N,1999-07-24T00:00:00,-76.10031445718813,81.3080805,7.893090630570775,0,1085.9868,1,COPDEM30,49.33250264
RGI2000-v7.0-G-03-02205,03,03-01,G284016E81305N,1999-07-24T00:00:00,-75.97369446995799,81.307866,5.695000395544649,0,1140.2834,1,COPDEM30,43.40987994
RGI2000-v7.0-G-03-02206,03,03-01,G283921E81287N,1999-07-24T00:00:00,-76.01641584739944,81.28869399999999,7.758622733993239,0,1207.3885,4,COPDEM30,48.99602615
RGI2000-v7.0-G-03-02207,03,03-01,G283617E81274N,1999-07-24T00:00:00,-76.38217236221887,81.27198949999999,2.910024049070849,0,1178.6862,5,COPDEM30,33.88230964
RGI2000-v7.0-G-03-02208,03,03-01,G283514E81271N,1999-07-24T00:00:00,-76.50131236415729,81.26654049999999,6.526368872342699,0,1118.5803,5,COPDEM30,45.76546238
RGI2000-v7.0-G-03-02209,03,03-01,G283390E81272N,1999-07-24T00:00:00,-76.61430691872849,81.265428,3.535409973216546,0,1176.9011,5,COPDEM30,36.32376027
RGI2000-v7.0-G-03-02210,03,03-01,G283310E81270N,1999-07-24T00:00:00,-76.71698650697178,81.2665605,2.213701868742296,0,1208.745,5,COPDEM30,30.82991998
RGI2000-v7.0-G-03-02211,03,03-01,G283168E81276N,1999-07-24T00:00:00,-76.79279200188202,81.271409,3.976476455487586,0,1196.3452,6,COPDEM30,37.91754619
RGI2000-v7.0-G-03-02212,03,03-01,G283027E81285N,1999-07-24T00:00:00,-76.93059495013783,81.27830499999999,6.148223887312662,0,1142.0532,6,COPDEM30,44.71385720
RGI2000-v7.0-G-03-02213,03,03-01,G283146E81298N,1999-07-24T00:00:00,-76.90563340894963,81.299656,7.071533940639104,0,1087.6312,1,COPDEM30,47.22929831
RGI2000-v7.0-G-03-02214,03,03-01,G283329E81305N,1999-07-24T00:00:00,-76.67357394540605,81.30830950000001,23.49295056485049,0,1074.1793,1,COPDEM90,77.85733793
RGI2000-v7.0-G-03-02215,03,03-01,G283599E81311N,1999-07-24T00:00:00,-76.42616452933814,81.30884499999999,26.471329021405182,0,1157.3164,1,COPDEM90,82.03041363
RGI2000-v7.0-G-03-02216,03,03-01,G283402E81207N,1999-07-24T00:00:00,-76.59656708544728,81.206738,5.824212373486536,0,967.88324,2,COPDEM30,43.78676701
RGI2000-v7.0-G-03-02217,03,03-01,G282567E81190N,1999-07-24T00:00:00,-77.43682440102023,81.184234,21.36836650897889,0,1078.024,1,COPDEM90,74.71630270
RGI2000-v7.0-G-03-02218,03,03-01,G282472E81160N,1999-07-24T00:00:00,-77.52811555310645,81.159786,1.13130331153344,0,923.87146,1,COPDEM30,24.89078403
RGI2000-v7.0-G-03-02219,03,03-01,G282344E81138N,1999-07-24T00:00:00,-77.55762276910569,81.136803,16.65656027118599,0,1038.0004,2,COPDEM90,67.13742918
RGI2000-v7.0-G-03-02220,03,03-01,G284506E81343N,1999-07-24T00:00:00,-75.48949253763442,81.343017,2.754420118433329,0,1181.7351,2,COPDEM30,33.23502406
RGI2000-v7.0-G-03-02221,03,03-01,G284538E81378N,1999-07-24T00:00:00,-75.36040551356075,81.3762035,2.937645553195804,0,1205.8264,5,COPDEM30,33.99538557
RGI2000-v7.0-G-03-02222,03,03-01,G284629E81396N,1999-07-24T00:00:00,-75.39386814324976,81.39702,8.560114390152016,0,1094.9036,1,COPDEM30,50.96074243
RGI2000-v7.0-G-03-02223,03,03-01,G284504E81391N,1999-07-24T00:00:00,-75.51386718426951,81.39256950000001,3.395807778853158,0,1107.1094,1,COPDEM30,35.79880471
RGI2000-v7.0-G-03-02224,03,03-01,G284362E81387N,1999-07-24T00:00:00,-75.61308067958072,81.389172,3.073752341666729,0,1049.5297,1,COPDEM30,34.54496810
RGI2000-v7.0-G-03-02225,03,03-01,G284297E81388N,1999-07-24T00:00:00,-75.70303477670994,81.3876925,1.171492603472228,0,1131.7817,1,COPDEM30,25.15297167
RGI2000-v7.0-G-03-02226,03,03-01,G284737E81393N,1999-07-24T00:00:00,-75.25943315639083,81.3960775,4.861226045374716,0,1051.3794,1,COPDEM30,40.86746353
RGI2000-v7.0-G-03-02227,03,03-01,G284845E81392N,1999-07-24T00:00:00,-75.13858267761691,81.39519200000001,8.094198128379068,0,1059.0142,1,COPDEM30,49.83042597
RGI2000-v7.0-G-03-02228,03,03-01,G284986E81390N,1999-07-24T00:00:00,-75.00231492034038,81.39350250000001,4.480462844368094,0,1045.6172,1,COPDEM30,39.63394536
RGI2000-v7.0-G-03-02229,03,03-01,G284891E81378N,1999-07-24T00:00:00,-75.03457188662787,81.378016,1.457773697902294,0,1180.2952,4,COPDEM30,26.90336194
RGI2000-v7.0-G-03-02230,03,03-01,G284840E81337N,1999-07-24T00:00:00,-75.15691191799999,81.335734,1.000107893914742,0,1061.4932,2,COPDEM30,24.00075524
RGI2000-v7.0-G-03-02231,03,03-01,G285273E81350N,1999-07-24T00:00:00,-74.73563283523156,81.34682950000001,5.901636923594878,0,1147.7926,1,COPDEM30,44.01059889
RGI2000-v7.0-G-03-02232,03,03-01,G285346E81397N,1999-07-24T00:00:00,-74.66061693787762,81.38741,14.069781642891591,0,1048.6235,2,COPDEM90,62.51359064
RGI2000-v7.0-G-03-02233,03,03-01,G285502E81377N,1999-07-24T00:00:00,-74.49573314390256,81.3750085,0.682846143162303,0,1082.2086,3,COPDEM30,21.56883071
RGI2000-v7.0-G-03-02234,03,03-01,G285560E81361N,1999-07-24T00:00:00,-74.44046305860553,81.358588,0.506728127447219,0,1106.6184,2,COPDEM30,19.96587743
RGI2000-v7.0-G-03-02235,03,03-01,G285521E81407N,1999-07-24T00:00:00,-74.47772626522843,81.405265,0.910409963425458,0,1036.6047,2,COPDEM30,23.35815679
RGI2000-v7.0-G-03-02236,03,03-01,G284949E81497N,1999-07-24T00:00:00,-75.0512559795539,81.497412,0.342349348221503,0,1289.8081,3,COPDEM30,18.19148779
RGI2000-v7.0-G-03-02237,03,03-01,G284975E81501N,1999-07-24T00:00:00,-75.02490675265696,81.501369,0.116811157811253,0,1344.8835,4,COPDEM30,14.78487063
RGI2000-v7.0-G-03-02238,03,03-01,G284843E81520N,1999-07-24T00:00:00,-74.99533607744422,81.511702,1.569975512800524,0,1143.9094,1,COPDEM30,27.54181292
RGI2000-v7.0-G-03-02239,03,03-01,G285870E81762N,1999-07-24T00:00:00,-74.24649443713976,81.7853345,256.0910380863459,0,1522.8467,5,COPDEM90,100.00000000
RGI2000-v7.0-G-03-02240,03,03-01,G286986E81940N,1999-07-24T00:00:00,-73.01394361542805,81.9400905,1.098527649329257,0,1291.5808,7,COPDEM30,24.67349376
RGI2000-v7.0-G-03-02241,03,03-01,G287052E81940N,1999-07-24T00:00:00,-72.94806771865883,81.9404145,1.805071143337881,0,1321.5093,5,COPDEM30,28.80941105
RGI2000-v7.0-G-03-02242,03,03-01,G286504E81978N,1999-07-24T00:00:00,-72.93224970303089,81.9799615,1053.8167163760236,0,1518.2029,3,COPDEM90,100.00000000
RGI2000-v7.0-G-03-02243,03,03-01,G287694E81942N,1999-07-24T00:00:00,-72.35381710597397,81.9466495,6.871953974300815,0,1200.9697,1,COPDEM30,46.70017682
RGI2000-v7.0-G-03-02244,03,03-01,G287829E81870N,1999-07-24T00:00:00,-72.13767449019608,81.873377,4.026880141342032,0,1197.9314,8,COPDEM30,38.09392297
RGI2000-v7.0-G-03-02245,03,03-01,G287894E81863N,1999-07-24T00:00:00,-72.11201515828678,81.862684,1.882375488906317,0,1220.8583,5,COPDEM30,29.20795658
RGI2000-v7.0-G-03-02246,03,03-01,G287875E81851N,1999-07-24T00:00:00,-72.13745322818595,81.849198,1.528742371038517,0,1143.0615,2,COPDEM30,27.30992504
RGI2000-v7.0-G-03-02247,03,03-01,G287759E81853N,1999-07-24T00:00:00,-72.24222965786802,81.8520765,4.059709627313302,0,1229.8041,1,COPDEM30,38.20820957
RGI2000-v7.0-G-03-02248,03,03-01,G287649E81846N,1999-07-24T00:00:00,-72.33364144952125,81.8454425,1.886606903413463,0,1231.39,8,COPDEM30,29.22953336
RGI2000-v7.0-G-03-02249,03,03-01,G287695E81836N,1999-07-24T00:00:00,-72.281551788109,81.8369705,1.33571866095938,0,1281.2522,6,COPDEM30,26.18026136
RGI2000-v7.0-G-03-02250,03,03-01,G287566E81829N,1999-07-24T00:00:00,-72.41726200722275,81.832719,1.138085186978335,0,1191.9283,8,COPDEM30,24.93535057
RGI2000-v7.0-G-03-02251,03,03-01,G287940E81877N,1999-07-24T00:00:00,-72.00543139823009,81.8772315,1.497482969593257,0,1232.5022,1,COPDEM30,27.13203613
RGI2000-v7.0-G-03-02252,03,03-01,G288056E81878N,1999-07-24T00:00:00,-71.94816309701493,81.8794285,1.143854899092617,0,1255.7322,1,COPDEM30,24.97316133
RGI2000-v7.0-G-03-02253,03,03-01,G288117E81880N,1999-07-24T00:00:00,-71.88163617175839,81.8794695,0.501156578945884,0,1188.5862,2,COPDEM30,19.91093787
RGI2000-v7.0-G-03-02254,03,03-01,G288140E81873N,1999-07-24T00:00:00,-71.8595661201378,81.8726425,0.100498466573211,0,1104.7642,1,COPDEM30,14.43820904
RGI2000-v7.0-G-03-02255,03,03-01,G288073E81868N,1999-07-24T00:00:00,-71.91930133853833,81.86802349999999,0.359881832150094,0,1192.974,1,COPDEM30,18.39862126
RGI2000-v7.0-G-03-02256,03,03-01,G288404E81927N,1999-07-24T00:00:00,-71.65097301848061,81.9169225,0.644631240474616,0,1288.0499,8,COPDEM30,21.24045031
RGI2000-v7.0-G-03-02257,03,03-01,G288519E81928N,1999-07-24T00:00:00,-71.50013286221647,81.925895,0.706354430331948,0,1259.7826,3,COPDEM30,21.76628524
RGI2000-v7.0-G-03-02258,03,03-01,G288403E81926N,1999-07-24T00:00:00,-71.52549328333335,81.9342305,5.448190038722701,0,1200.7742,1,COPDEM30,42.67790152
RGI2000-v7.0-G-03-02259,03,03-01,G289082E81969N,1999-07-24T00:00:00,-70.91905983840914,81.9679065,1.086985822186593,0,1166.207,6,COPDEM30,24.59620571
RGI2000-v7.0-G-03-02260,03,03-01,G289112E81973N,1999-07-24T00:00:00,-70.88840159293679,81.97316599999999,0.943560071246027,0,1200.0975,3,COPDEM30,23.59918284
RGI2000-v7.0-G-03-02261,03,03-01,G289092E81981N,1999-07-24T00:00:00,-70.89700724233447,81.983488,2.411768917465337,0,1192.3165,1,COPDEM30,31.74181933
RGI2000-v7.0-G-03-02262,03,03-01,G289123E82002N,1999-07-24T00:00:00,-70.89518849552972,81.9983185,2.446863463089834,0,1211.2308,7,COPDEM30,31.89943467
RGI2000-v7.0-G-03-02263,03,03-01,G289196E82010N,1999-07-24T00:00:00,-70.80397476860469,82.00979699999999,0.383709471275212,0,1095.5625,2,COPDEM30,18.67220020
RGI2000-v7.0-G-03-02264,03,03-01,G289395E82014N,1999-07-24T00:00:00,-70.61990076614333,82.01506850000001,2.011198951139505,0,1201.1447,2,COPDEM30,29.85434447
RGI2000-v7.0-G-03-02265,03,03-01,G289415E82023N,1999-07-24T00:00:00,-70.57509708369655,82.0231215,0.536514720647126,0,1182.354,2,COPDEM30,20.25460312
RGI2000-v7.0-G-03-02266,03,03-01,G289439E82020N,1999-07-24T00:00:00,-70.55001806979692,82.01987500000001,0.321370422092745,0,1221.7252,2,COPDEM30,17.93653594
RGI2000-v7.0-G-03-02267,03,03-01,G289320E81977N,1999-07-24T00:00:00,-70.68019881360215,81.97748100000001,0.13843373272232,0,1055.3673,8,COPDEM30,15.20893575
RGI2000-v7.0-G-03-02268,03,03-01,G289848E82080N,1999-07-24T00:00:00,-70.14922452526255,82.079917,0.805715840492791,0,1082.683,8,COPDEM30,22.56663458
RGI2000-v7.0-G-03-02269,03,03-01,G290013E82116N,1999-07-24T00:00:00,-70.04127300370195,82.1135085,19.097316155251985,0,1158.9805,7,COPDEM90,71.18066661
RGI2000-v7.0-G-03-02270,03,03-01,G290134E82115N,1999-07-24T00:00:00,-69.86417160736525,82.110341,2.708724358724199,0,1186.622,5,COPDEM30,33.04148377
RGI2000-v7.0-G-03-02271,03,03-01,G290259E82116N,1999-07-24T00:00:00,-69.71177923037678,82.1151005,7.091348053904705,0,1116.7806,4,COPDEM30,47.28141921
RGI2000-v7.0-G-03-02272,03,03-01,G290358E82130N,1999-07-24T00:00:00,-69.63010026221278,82.133764,0.927776118063118,0,1301.5142,4,COPDEM30,23.48495900
RGI2000-v7.0-G-03-02273,03,03-01,G290435E82146N,1999-07-24T00:00:00,-69.56480240016117,82.14556400000001,5.34142633776446,0,1205.3473,1,COPDEM30,42.35613639
RGI2000-v7.0-G-03-02274,03,03-01,G290488E82154N,1999-07-24T00:00:00,-69.50651511858706,82.1551845,0.276035251974461,0,1158.4243,3,COPDEM30,17.35546799
RGI2000-v7.0-G-03-02275,03,03-01,G290620E82134N,1999-07-24T00:00:00,-69.38343634250954,82.1325085,1.266133899215011,0,1109.03,8,COPDEM30,25.75316617
RGI2000-v7.0-G-03-02276,03,03-01,G290932E82177N,1999-07-24T00:00:00,-69.06801647538514,82.177105,0.310329106676224,0,1271.372,8,COPDEM30,17.79900666
RGI2000-v7.0-G-03-02277,03,03-01,G290950E82184N,1999-07-24T00:00:00,-69.05002964263201,82.183996,0.650925666842909,0,1156.3478,7,COPDEM30,21.29519503
RGI2000-v7.0-G-03-02278,03,03-01,G291052E82188N,1999-07-24T00:00:00,-68.94841337684917,82.1876445,1.323693557534382,0,1171.1709,2,COPDEM30,26.10726349
RGI2000-v7.0-G-03-02279,03,03-01,G291170E82206N,1999-07-24T00:00:00,-68.82011608780435,82.2044495,0.771880493730288,0,1047.4541,5,COPDEM30,22.29994215
RGI2000-v7.0-G-03-02280,03,03-01,G291240E82247N,1999-07-24T00:00:00,-68.8041128513143,82.2485355,6.570942840047365,0,1218.0587,3,COPDEM30,45.88739050
RGI2000-v7.0-G-03-02281,03,03-01,G291309E82270N,1999-07-24T00:00:00,-68.70118933789095,82.2684125,3.301280785727561,0,1122.6262,2,COPDEM30,35.43719784
RGI2000-v7.0-G-03-02282,03,03-01,G291215E82278N,1999-07-24T00:00:00,-68.96018398163847,82.324945,92.17049703685146,0,1265.8062,3,COPDEM90,100.00000000
RGI2000-v7.0-G-03-02283,03,03-01,G290614E82338N,1999-07-24T00:00:00,-69.09369658900738,82.3491085,66.74593750446111,0,1231.4286,1,COPDEM90,100.00000000
RGI2000-v7.0-G-03-02284,03,03-01,G290833E82402N,1999-07-24T00:00:00,-69.29379105495104,82.40853849999999,1.181709009659182,0,1171.7083,4,COPDEM30,25.21890160
RGI2000-v7.0-G-03-02285,03,03-01,G290631E82411N,1999-07-24T00:00:00,-69.36712157918478,82.41113899999999,0.673814195134317,0,1162.376,7,COPDEM30,21.49206606
RGI2000-v7.0-G-03-02286,03,03-01,G290635E82425N,1999-07-24T00:00:00,-69.38265300799324,82.42524,3.224620453109799,0,1143.4677,8,COPDEM30,35.14011951
RGI2000-v7.0-G-03-02287,03,03-01,G290677E82443N,1999-07-24T00:00:00,-69.32273744379432,82.44286149999999,0.238037675077637,0,1269.9955,8,COPDEM30,16.83047468
RGI2000-v7.0-G-03-02288,03,03-01,G290689E82449N,1999-07-24T00:00:00,-69.30392144830317,82.4497185,0.449547084479891,0,1158.0632,1,COPDEM30,19.38675815
RGI2000-v7.0-G-03-02289,03,03-01,G290737E82455N,1999-07-24T00:00:00,-69.2645273951613,82.45544100000001,0.273248453688521,0,1087.9698,1,COPDEM30,17.31824411
RGI2000-v7.0-G-03-02290,03,03-01,G290770E82447N,1999-07-24T00:00:00,-69.20928910790613,82.4497745,4.005361963448975,0,1090.6719,2,COPDEM30,38.01876059
RGI2000-v7.0-G-03-02291,03,03-01,G290854E82433N,1999-07-24T00:00:00,-69.14611750021982,82.43340599999999,0.096680249523121,0,1181.212,2,COPDEM30,14.35308269
RGI2000-v7.0-G-03-02292,03,03-01,G291148E82396N,1999-07-24T00:00:00,-69.12321696638462,82.42053050000001,47.21889232204591,0,1090.7208,8,COPDEM90,100.00000000
RGI2000-v7.0-G-03-02293,03,03-01,G291127E82467N,1999-07-24T00:00:00,-68.87147926048698,82.4670665,0.580557301053376,0,1287.6301,7,COPDEM30,20.66720352
RGI2000-v7.0-G-03-02294,03,03-01,G291057E82477N,1999-07-24T00:00:00,-68.93409835042195,82.47648,0.990857168040817,0,1099.1992,7,COPDEM30,23.93585322
RGI2000-v7.0-G-03-02295,03,03-01,G291110E82487N,1999-07-24T00:00:00,-68.90628631928458,82.487413,4.193535273747403,0,1091.75,8,COPDEM30,38.66937240
RGI2000-v7.0-G-03-02296,03,03-01,G291208E82487N,1999-07-24T00:00:00,-68.77785348258769,82.493705,4.127666385763008,0,1018.861,1,COPDEM30,38.44332279
RGI2000-v7.0-G-03-02297,03,03-01,G291305E82498N,1999-07-24T00:00:00,-68.68933556474059,82.4976075,0.891127631082703,0,997.66956,1,COPDEM30,23.21593794
RGI2000-v7.0-G-03-02298,03,03-01,G291388E82499N,1999-07-24T00:00:00,-68.61423684342525,82.498959,0.257142944192098,0,983.34705,1,COPDEM30,17.09929694
RGI2000-v7.0-G-03-02299,03,03-01,G291400E82495N,1999-07-24T00:00:00,-68.59987999584092,82.49484050000001,0.106748701953993,0,1091.9989,2,COPDEM30,14.57413878
RGI2000-v7.0-G-03-02300,03,03-01,G291349E82487N,1999-07-24T00:00:00,-68.64202756754325,82.4868155,0.655043129797732,0,1074.9657,3,COPDEM30,21.33086287
RGI2000-v7.0-G-03-02301,03,03-01,G291377E82440N,1999-07-24T00:00:00,-68.64754179773763,82.44452749999999,42.381806448985635,0,1105.6377,2,COPDEM90,100.00000000
RGI2000-v7.0-G-03-02302,03,03-01,G291453E82378N,1999-07-24T00:00:00,-68.60926894613011,82.37597600000001,14.864964883413899,0,1278.0514,4,COPDEM90,63.97715366
RGI2000-v7.0-G-03-02303,03,03-01,G292120E82375N,1999-07-24T00:00:00,-68.04303062851523,82.372255,0.80489312887097,0,1192.6285,8,COPDEM30,22.56021709
RGI2000-v7.0-G-03-02304,03,03-01,G292119E82375N,1999-07-24T00:00:00,-67.99669970141603,82.37671399999999,0.945972990542266,0,1202.9619,8,COPDEM30,23.61656000
RGI2000-v7.0-G-03-02305,03,03-01,G291947E82346N,1999-07-24T00:00:00,-67.98020908712208,82.3562915,8.555594197354967,0,1237.3497,7,COPDEM30,50.94992628
RGI2000-v7.0-G-03-02306,03,03-01,G291946E82345N,1999-07-24T00:00:00,-68.13100435785887,82.33126949999999,4.211618408136602,0,1114.1511,8,COPDEM30,38.73111916
RGI2000-v7.0-G-03-02307,03,03-01,G292074E82310N,1999-07-24T00:00:00,-68.08359854310339,82.30630400000001,20.369069685838877,0,1156.6833,6,COPDEM90,73.18494804
RGI2000-v7.0-G-03-02308,03,03-01,G292074E82309N,1999-07-24T00:00:00,-67.790827788923,82.3040925,15.281368173258397,0,1197.1582,6,COPDEM90,64.72794681
RGI2000-v7.0-G-03-02309,03,03-01,G292073E82309N,1999-07-24T00:00:00,-67.78950507164463,82.291017,1.297699479510376,0,1066.4044,7,COPDEM30,25.94832587
RGI2000-v7.0-G-03-02310,03,03-01,G292540E82306N,1999-07-24T00:00:00,-67.4158048172755,82.300457,97.5640157882009,0,1100.3198,5,COPDEM90,100.00000000
RGI2000-v7.0-G-03-02311,03,03-01,G292120E82376N,1999-07-24T00:00:00,-67.6767701924359,82.37786600000001,45.01592153893392,0,1349.6381,7,COPDEM90,100.00000000
RGI2000-v7.0-G-03-02312,03,03-01,G292265E82431N,1999-07-24T00:00:00,-67.83324073414403,82.42836600000001,32.849992759683374,0,1287.845,8,COPDEM90,90.24087849
RGI2000-v7.0-G-03-02313,03,03-01,G292264E82430N,1999-07-24T00:00:00,-67.97151277698077,82.44512850000001,0.513390186504396,0,1177.4749,7,COPDEM30,20.03117523
RGI2000-v7.0-G-03-02314,03,03-01,G292064E82467N,1999-07-24T00:00:00,-68.00938825388842,82.45874,1.042320464661883,0,1087.8931,8,COPDEM30,24.29317358
RGI2000-v7.0-G-03-02315,03,03-01,G292065E82468N,1999-07-24T00:00:00,-67.8047389603086,82.4757695,16.58036035714654,0,1090.5382,8,COPDEM90,67.00658409
RGI2000-v7.0-G-03-02316,03,03-01,G292105E82516N,1999-07-24T00:00:00,-67.89642058552633,82.518912,5.284948099585882,0,1020.1654,1,COPDEM30,42.18462098
RGI2000-v7.0-G-03-02317,03,03-01,G292417E82497N,1999-07-24T00:00:00,-67.69321888999127,82.52338850000001,33.36497953203581,0,1023.93304,8,COPDEM90,90.86739756
RGI2000-v7.0-G-03-02318,03,03-01,G292416E82496N,1999-07-24T00:00:00,-67.57750847573456,82.546717,0.728511492491799,0,1031.2225,7,COPDEM30,21.94940386
RGI2000-v7.0-G-03-02319,03,03-01,G292432E82561N,1999-07-24T00:00:00,-67.56780046089608,82.562551,3.195795008722476,0,902.42114,1,COPDEM30,35.02750131
RGI2000-v7.0-G-03-02320,03,03-01,G292328E82562N,1999-07-24T00:00:00,-67.65374693450701,82.563529,0.637393941533386,0,976.9758,1,COPDEM30,21.17717373
RGI2000-v7.0-G-03-02321,03,03-01,G292267E82558N,1999-07-24T00:00:00,-67.7329806929944,82.5583465,0.225853658639285,0,1169.8721,8,COPDEM30,16.65336885
RGI2000-v7.0-G-03-02322,03,03-01,G292593E82556N,1999-07-24T00:00:00,-67.40583603839991,82.559088,7.676262080031809,0,904.6871,1,COPDEM30,48.78849530
RGI2000-v7.0-G-03-02323,03,03-01,G292509E82587N,1999-07-24T00:00:00,-67.46826989951902,82.58732699999999,0.500609831057068,0,959.8059,1,COPDEM30,19.90553012
RGI2000-v7.0-G-03-02324,03,03-01,G292922E82594N,1999-07-24T00:00:00,-67.11249679241072,82.5909645,0.279659208825074,0,953.0629,7,COPDEM30,17.40359405
RGI2000-v7.0-G-03-02325,03,03-01,G292912E82592N,1999-07-24T00:00:00,-67.0875385518367,82.5916965,0.087715979650749,0,994.89374,3,COPDEM30,14.14636371
RGI2000-v7.0-G-03-02326,03,03-01,G292908E82596N,1999-07-24T00:00:00,-67.09226909210524,82.5961055,0.10640234496893,0,921.554,2,COPDEM30,14.56671212
RGI2000-v7.0-G-03-02327,03,03-01,G292905E82599N,1999-07-24T00:00:00,-67.09497755392202,82.59947,0.055409627238738,0,871.5519,2,COPDEM30,13.29549495
RGI2000-v7.0-G-03-02328,03,03-01,G292987E82591N,1999-07-24T00:00:00,-67.01564639468447,82.59060500000001,1.519457472159086,0,909.71765,8,COPDEM30,27.25727860
RGI2000-v7.0-G-03-02329,03,03-01,G293028E82597N,1999-07-24T00:00:00,-66.97186578010434,82.596823,0.057396379824424,0,945.498,8,COPDEM30,13.35405582
RGI2000-v7.0-G-03-02330,03,03-01,G293039E82605N,1999-07-24T00:00:00,-66.96058455107527,82.6047095,0.059412777100105,0,827.71216,1,COPDEM30,13.41246309
RGI2000-v7.0-G-03-02331,03,03-01,G292985E82574N,1999-07-24T00:00:00,-67.00950767119582,82.57805,0.472045128276675,0,1005.4238,7,COPDEM30,19.61877566
RGI2000-v7.0-G-03-02332,03,03-01,G292986E82575N,1999-07-24T00:00:00,-67.00945004566972,82.5728335,1.322027131817364,0,1046.5841,8,COPDEM30,26.09712141
RGI2000-v7.0-G-03-02333,03,03-01,G292942E82564N,1999-07-24T00:00:00,-67.04110167692717,82.566902,1.48667388573311,0,946.2843,8,COPDEM30,27.07009319
RGI2000-v7.0-G-03-02334,03,03-01,G292748E82445N,1999-07-24T00:00:00,-67.08770684772449,82.53871050000001,1.346160882312448,0,1258.321,7,COPDEM30,26.24338428
RGI2000-v7.0-G-03-02335,03,03-01,G292764E82516N,1999-07-24T00:00:00,-67.24279415097979,82.515653,51.36134098059993,0,1183.253,2,COPDEM90,100.00000000
RGI2000-v7.0-G-03-02336,03,03-01,G293326E82466N,1999-07-24T00:00:00,-67.04845385162218,82.461589,208.08742091609352,0,1156.0774,1,COPDEM90,100.00000000
RGI2000-v7.0-G-03-02337,03,03-01,G293363E82540N,1999-07-24T00:00:00,-66.7944210547535,82.5495025,23.39570532238487,0,965.5356,4,COPDEM90,77.71675009
RGI2000-v7.0-G-03-02338,03,03-01,G293120E82571N,1999-07-24T00:00:00,-66.70931863782397,82.58163400000001,24.37107588723841,0,927.45245,1,COPDEM90,79.11389783
RGI2000-v7.0-G-03-02339,03,03-01,G293312E82593N,1999-07-24T00:00:00,-66.70434027962966,82.59899300000001,0.97768814320517,0,902.0248,8,COPDEM30,23.84293596
RGI2000-v7.0-G-03-02340,03,03-01,G293355E82609N,1999-07-24T00:00:00,-66.67671051537278,82.61959999999999,4.968737852787511,0,813.0137,1,COPDEM30,41.20693223
RGI2000-v7.0-G-03-02341,03,03-01,G293448E82620N,1999-07-24T00:00:00,-66.54156109892384,82.62152449999999,2.114675654008426,0,885.865,1,COPDEM30,30.35869417
RGI2000-v7.0-G-03-02342,03,03-01,G293710E82596N,1999-07-24T00:00:00,-66.3860886686715,82.61738650000001,20.768533746049155,0,949.0137,2,COPDEM90,73.80150950
RGI2000-v7.0-G-03-02343,03,03-01,G293756E82618N,1999-07-24T00:00:00,-66.2443875271101,82.617735,0.23530675742987,0,1031.0665,3,COPDEM30,16.79117990
RGI2000-v7.0-G-03-02344,03,03-01,G293827E82618N,1999-07-24T00:00:00,-66.17301384514926,82.6182245,0.10021093782277,0,705.37256,2,COPDEM30,14.43185557
RGI2000-v7.0-G-03-02345,03,03-01,G293889E82613N,1999-07-24T00:00:00,-66.11119082929105,82.6129765,0.22201371158607,0,648.8227,2,COPDEM30,16.59656634
RGI2000-v7.0-G-03-02346,03,03-01,G293999E82619N,1999-07-24T00:00:00,-66.00537751310969,82.616596,0.297230819689854,0,968.6419,1,COPDEM30,17.63264310
RGI2000-v7.0-G-03-02347,03,03-01,G293821E82592N,1999-07-24T00:00:00,-66.17219278434919,82.5974105,2.93850517445955,0,959.0586,3,COPDEM30,33.99889610
RGI2000-v7.0-G-03-02348,03,03-01,G293811E82572N,1999-07-24T00:00:00,-66.17453823037059,82.576278,5.576160003390643,0,997.42163,3,COPDEM30,43.05945191
RGI2000-v7.0-G-03-02349,03,03-01,G293968E82578N,1999-07-24T00:00:00,-66.02841473365257,82.576563,2.007725864533712,0,1007.55566,3,COPDEM30,29.83719409
RGI2000-v7.0-G-03-02350,03,03-01,G293976E82562N,1999-07-24T00:00:00,-66.0092750321101,82.5630195,0.943360607231596,0,981.7217,3,COPDEM30,23.59774537
RGI2000-v7.0-G-03-02351,03,03-01,G294184E82594N,1999-07-24T00:00:00,-65.80167080422865,82.5936715,0.404082488421462,0,930.0824,2,COPDEM30,18.89944761
RGI2000-v7.0-G-03-02352,03,03-01,G294308E82590N,1999-07-24T00:00:00,-65.67323169087248,82.59051500000001,5.395933837173406,0,867.1976,8,COPDEM30,42.52080922
RGI2000-v7.0-G-03-02353,03,03-01,G294359E82570N,1999-07-24T00:00:00,-65.62778010999187,82.569805,0.689877476384163,0,819.9429,4,COPDEM30,21.62824085
RGI2000-v7.0-G-03-02354,03,03-01,G294321E82562N,1999-07-24T00:00:00,-65.64965780663184,82.5613845,0.384896268838594,0,917.6229,2,COPDEM30,18.68560123
RGI2000-v7.0-G-03-02355,03,03-01,G294467E82579N,1999-07-24T00:00:00,-65.49805671693645,82.5773705,1.038575445271483,0,869.67426,4,COPDEM30,24.26747305
RGI2000-v7.0-G-03-02356,03,03-01,G294568E82605N,1999-07-24T00:00:00,-65.41443083325774,82.60058649999999,9.031946676997535,0,857.96497,3,COPDEM30,52.07447621
RGI2000-v7.0-G-03-02357,03,03-01,G294465E82600N,1999-07-24T00:00:00,-65.53537465928937,82.60698550000001,1.617592620222815,0,921.58563,1,COPDEM30,27.80584605
RGI2000-v7.0-G-03-02358,03,03-01,G294403E82624N,1999-07-24T00:00:00,-65.59664064070003,82.623987,0.19366238622849,0,777.9846,7,COPDEM30,16.16099243
RGI2000-v7.0-G-03-02359,03,03-01,G294494E82627N,1999-07-24T00:00:00,-65.50608939179105,82.626701,0.264180312303141,0,997.185,5,COPDEM30,17.19578635
RGI2000-v7.0-G-03-02360,03,03-01,G294471E82639N,1999-07-24T00:00:00,-65.53043485219989,82.6384695,3.393352273681912,0,847.95886,2,COPDEM30,35.78947548
RGI2000-v7.0-G-03-02361,03,03-01,G294442E82651N,1999-07-24T00:00:00,-65.55809808618645,82.651284,0.259248924745806,0,685.1552,2,COPDEM30,17.12830900
RGI2000-v7.0-G-03-02362,03,03-01,G294606E82633N,1999-07-24T00:00:00,-65.40611239540641,82.63492149999999,0.349570930771953,0,605.43787,2,COPDEM30,18.27743332
RGI2000-v7.0-G-03-02363,03,03-01,G294649E82618N,1999-07-24T00:00:00,-65.35052053074534,82.617793,0.399669503738577,0,849.40436,8,COPDEM30,18.85071877
RGI2000-v7.0-G-03-02364,03,03-01,G295237E82621N,1999-07-24T00:00:00,-64.76049802933335,82.6199215,0.485612311608823,0,542.1567,5,COPDEM30,19.75602445
RGI2000-v7.0-G-03-02365,03,03-01,G295351E82624N,1999-07-24T00:00:00,-64.64295812530932,82.62327450000001,0.672324226942956,0,577.3259,4,COPDEM30,21.47935314
RGI2000-v7.0-G-03-02366,03,03-01,G295477E82645N,1999-07-24T00:00:00,-64.48076096493136,82.64382499999999,0.574352496221902,0,447.2503,2,COPDEM30,20.61004662
RGI2000-v7.0-G-03-02367,03,03-01,G295314E82534N,1999-07-24T00:00:00,-64.68580594776083,82.533932,0.100423842975441,0,480.87643,2,COPDEM30,14.43656097
RGI2000-v7.0-G-03-02368,03,03-01,G295133E82527N,1999-07-24T00:00:00,-64.8673202966418,82.526721,0.160537912060769,0,632.317,2,COPDEM30,15.60940556
RGI2000-v7.0-G-03-02369,03,03-01,G295093E82523N,1999-07-24T00:00:00,-64.90739687562188,82.523493,0.151309974134241,0,630.7485,2,COPDEM30,15.44580159
RGI2000-v7.0-G-03-02370,03,03-01,G295005E82507N,1999-07-24T00:00:00,-64.99504722574626,82.50664850000001,0.507745599206615,0,641.88806,1,COPDEM30,19.97587778
RGI2000-v7.0-G-03-02371,03,03-01,G294794E82494N,1999-07-24T00:00:00,-65.21449464729696,82.49374449999999,1.216462103492689,0,867.31964,1,COPDEM30,25.44106772
RGI2000-v7.0-G-03-02372,03,03-01,G294656E82486N,1999-07-24T00:00:00,-65.32617492075441,82.48548,0.39732418537367,0,1084.0114,1,COPDEM30,18.82471191
RGI2000-v7.0-G-03-02373,03,03-01,G294515E82491N,1999-07-24T00:00:00,-65.53685350312983,82.487259,5.092516162625516,0,972.61584,2,COPDEM30,41.59324561
RGI2000-v7.0-G-03-02374,03,03-01,G294261E82490N,1999-07-24T00:00:00,-65.61445054971591,82.4927605,16.67891368749941,0,970.68463,1,COPDEM90,67.17575608
RGI2000-v7.0-G-03-02375,03,03-01,G294397E82507N,1999-07-24T00:00:00,-65.60212865022712,82.50668999999999,0.685890708583918,0,847.7595,1,COPDEM30,21.59459266
RGI2000-v7.0-G-03-02376,03,03-01,G294474E82505N,1999-07-24T00:00:00,-65.53039345261243,82.5058225,1.392552865020009,0,852.06396,2,COPDEM30,26.52090680
RGI2000-v7.0-G-03-02377,03,03-01,G294602E82512N,1999-07-24T00:00:00,-65.39789224751243,82.51165,0.078814124354011,0,692.20844,1,COPDEM30,13.93033947
RGI2000-v7.0-G-03-02378,03,03-01,G293988E82482N,1999-07-24T00:00:00,-65.8562972422774,82.4911535,3.656337961919776,0,853.3297,1,COPDEM30,36.77017446
RGI2000-v7.0-G-03-02379,03,03-01,G293987E82481N,1999-07-24T00:00:00,-65.99906283446097,82.4859195,33.010945951021,0,1012.22406,1,COPDEM90,90.43721406
RGI2000-v7.0-G-03-02380,03,03-01,G293809E82481N,1999-07-24T00:00:00,-66.19265582669888,82.4812595,4.705233657468439,0,886.5351,1,COPDEM30,40.36817079
RGI2000-v7.0-G-03-02381,03,03-01,G294251E82438N,1999-07-24T00:00:00,-65.82332353508521,82.43501499999999,8.74031952599166,0,1137.4834,1,COPDEM30,51.38964396
RGI2000-v7.0-G-03-02382,03,03-01,G294413E82436N,1999-07-24T00:00:00,-65.61783352443992,82.4361925,2.530770420136057,0,1098.6633,2,COPDEM30,32.27175346
RGI2000-v7.0-G-03-02383,03,03-01,G294050E82415N,1999-07-24T00:00:00,-65.98761399468057,82.4101915,31.191915145305785,0,1155.2556,4,COPDEM90,88.18961164
RGI2000-v7.0-G-03-02384,03,03-01,G293806E82405N,1999-07-24T00:00:00,-66.1846889538175,82.40534600000001,8.350590776784225,0,1252.9474,4,COPDEM30,50.45634428
RGI2000-v7.0-G-03-02385,03,03-01,G293214E82322N,1999-07-24T00:00:00,-66.67031508100126,82.3304235,252.7060388492901,0,1110.5334,4,COPDEM90,100.00000000
RGI2000-v7.0-G-03-02386,03,03-01,G293513E82582N,1999-07-24T00:00:00,-66.47142611249915,82.57347999999999,8.227499978971307,0,967.92773,2,COPDEM30,50.15706657
RGI2000-v7.0-G-03-02387,03,03-01,G293738E82633N,1999-07-24T00:00:00,-66.25986689081765,82.62673699999999,0.216623785470862,0,1162.5648,3,COPDEM30,16.51600046
RGI2000-v7.0-G-03-02388,03,03-01,G292669E82887N,2010-01-01T00:00:00,-67.33227630853202,82.8876175,0.649947531961949,0,513.02026,1,COPDEM30,21.28670529
RGI2000-v7.0-G-03-02389,03,03-01,G292308E82898N,2010-01-01T00:00:00,-67.70726212967426,82.89566049999999,0.789989765751107,0,522.2326,2,COPDEM30,22.44339158
RGI2000-v7.0-G-03-02390,03,03-01,G292143E82901N,2010-01-01T00:00:00,-67.85740924900027,82.9020365,0.549996775843329,0,478.0923,2,COPDEM30,20.38264745
RGI2000-v7.0-G-03-02391,03,03-01,G292079E82888N,2010-01-01T00:00:00,-67.90763728698394,82.8880855,0.77000478403133,0,519.2671,1,COPDEM30,22.28498831
RGI2000-v7.0-G-03-02392,03,03-01,G292001E82877N,2010-01-01T00:00:00,-67.99252667315955,82.877306,0.400013854662564,0,790.12964,5,COPDEM30,18.85453079
RGI2000-v7.0-G-03-02393,03,03-01,G291814E82883N,2010-01-01T00:00:00,-68.19641287861968,82.8867735,0.503294315580866,0,364.86966,2,COPDEM30,19.93205346
RGI2000-v7.0-G-03-02394,03,03-01,G291527E82928N,2010-01-01T00:00:00,-68.46908075407222,82.92639,0.730185365871932,0,578.7365,2,COPDEM30,21.96312383
RGI2000-v7.0-G-03-02395,03,03-01,G291670E82962N,2010-01-01T00:00:00,-68.3396445882199,82.9632165,0.64015806043442,0,250.09491,3,COPDEM30,21.20138294
RGI2000-v7.0-G-03-02396,03,03-01,G291770E82993N,2010-01-01T00:00:00,-68.236615527762,82.99357850000001,0.6000558446287,0,14.386733,2,COPDEM30,20.84485802
RGI2000-v7.0-G-03-02397,03,03-01,G290842E82936N,2010-01-01T00:00:00,-69.14433284177767,82.936462,2.830472885943423,0,699.5654,3,COPDEM30,33.55361301
RGI2000-v7.0-G-03-02398,03,03-01,G290800E82851N,2010-01-01T00:00:00,-69.21879807532781,82.8528555,2.83040463367413,0,751.7226,2,COPDEM30,33.55332903
RGI2000-v7.0-G-03-02399,03,03-01,G290800E82836N,2010-01-01T00:00:00,-69.20039168388836,82.8363825,0.427788754345365,0,882.6677,7,COPDEM30,19.15677868
RGI2000-v7.0-G-03-02400,03,03-01,G290871E82832N,2010-01-01T00:00:00,-69.1292109487944,82.829544,0.626843299377085,0,769.6635,3,COPDEM30,21.08428106
RGI2000-v7.0-G-03-02401,03,03-01,G291218E82849N,2010-01-01T00:00:00,-68.7819767674687,82.8486345,0.165775199778493,0,613.39435,2,COPDEM30,15.70017010
RGI2000-v7.0-G-03-02402,03,03-01,G291229E82843N,2010-01-01T00:00:00,-68.76092893735324,82.8416585,0.464315844823151,0,711.02136,7,COPDEM30,19.53970155
RGI2000-v7.0-G-03-02403,03,03-01,G290605E82788N,2019-07-18T00:00:00,-69.3952609647541,82.7876055,0.04947131078493,0,588.8996,3,COPDEM30,13.11390059
RGI2000-v7.0-G-03-02404,03,03-01,G290636E82780N,2019-07-18T00:00:00,-69.36431677414738,82.7801315,0.138539295715256,0,740.9979,2,COPDEM30,15.21092141
RGI2000-v7.0-G-03-02405,03,03-01,G290555E82781N,2019-07-18T00:00:00,-69.44529325725807,82.7813275,0.939248515570671,0,649.7456,1,COPDEM30,23.56807684
RGI2000-v7.0-G-03-02406,03,03-01,G290589E82770N,2019-07-18T00:00:00,-69.41096487553432,82.7695445,0.215266972805991,0,653.5034,2,COPDEM30,16.49556207
RGI2000-v7.0-G-03-02407,03,03-01,G290692E82764N,2019-07-18T00:00:00,-69.30822493460596,82.7643425,0.202323884871219,0,594.51855,3,COPDEM30,16.29725984
RGI2000-v7.0-G-03-02408,03,03-01,G290855E82754N,2019-07-18T00:00:00,-69.14524415230892,82.75401049999999,0.026716231039668,0,766.4957,2,COPDEM30,12.28831407
RGI2000-v7.0-G-03-02409,03,03-01,G290765E82728N,2019-07-18T00:00:00,-69.23461471488764,82.7277455,0.020611588867382,0,749.50836,1,COPDEM30,12.00994314
RGI2000-v7.0-G-03-02410,03,03-01,G290765E82714N,2019-07-18T00:00:00,-69.26643700501634,82.716993,28.11983951949932,0,996.81537,2,COPDEM90,84.23940023
RGI2000-v7.0-G-03-02411,03,03-01,G290672E82730N,2019-07-18T00:00:00,-69.32788902808988,82.729863,1.100896805625226,0,853.4969,2,COPDEM30,24.68930815
RGI2000-v7.0-G-03-02412,03,03-01,G290812E82693N,2019-07-18T00:00:00,-69.18765123033708,82.693456,0.084252712068528,0,1346.3884,1,COPDEM30,14.06368448
RGI2000-v7.0-G-03-02413,03,03-01,G290767E82689N,2019-07-18T00:00:00,-69.23333502068724,82.6886975,0.123473446505068,0,1386.7146,4,COPDEM30,14.91943041
RGI2000-v7.0-G-03-02414,03,03-01,G290698E82684N,2019-07-18T00:00:00,-69.30244759704638,82.6841795,0.017511004623238,0,1043.4384,4,COPDEM30,11.85260814
RGI2000-v7.0-G-03-02415,03,03-01,G290622E82685N,2019-07-18T00:00:00,-69.37828578932584,82.68527950000001,0.164946763268156,0,1458.2594,5,COPDEM30,15.68590939
RGI2000-v7.0-G-03-02416,03,03-01,G290627E82679N,2019-07-18T00:00:00,-69.37260635124173,82.67875749999999,0.296613518238942,0,906.5648,3,COPDEM30,17.62471308
RGI2000-v7.0-G-03-02417,03,03-01,G290546E82680N,2019-07-18T00:00:00,-69.45355918620476,82.67966899999999,0.014410932527743,0,1347.9487,6,COPDEM30,11.68063761
RGI2000-v7.0-G-03-02418,03,03-01,G290529E82683N,2019-07-18T00:00:00,-69.47076601127524,82.6830745,0.046913166741269,0,1514.8918,5,COPDEM30,13.03232265
RGI2000-v7.0-G-03-02419,03,03-01,G290486E82669N,2019-07-18T00:00:00,-69.47206911740653,82.6682205,4.738246940222907,0,1040.3335,4,COPDEM30,40.47452051
RGI2000-v7.0-G-03-02420,03,03-01,G290463E82667N,2019-07-18T00:00:00,-69.53664400000001,82.66718499999999,0.016416067803683,0,997.8034,4,COPDEM30,11.79375285
RGI2000-v7.0-G-03-02421,03,03-01,G290331E82659N,2019-07-18T00:00:00,-69.72457936516852,82.65769,17.105764829471873,0,1085.6309,4,COPDEM90,67.90276251
RGI2000-v7.0-G-03-02422,03,03-01,G290186E82647N,2019-07-18T00:00:00,-69.81432298314607,82.6466805,0.027516446319144,0,1315.9116,5,COPDEM30,12.32233147
RGI2000-v7.0-G-03-02423,03,03-01,G290151E82660N,2019-07-18T00:00:00,-69.8489185,82.6600195,0.011706970335181,0,1276.9834,5,COPDEM30,11.51478255
RGI2000-v7.0-G-03-02424,03,03-01,G290058E82655N,2019-07-18T00:00:00,-69.94156657690714,82.6552685,0.074049706589499,0,1083.4187,3,COPDEM30,13.80969060
RGI2000-v7.0-G-03-02425,03,03-01,G290026E82657N,2019-07-18T00:00:00,-69.97351866697238,82.65688449999999,0.053934984097843,0,1294.2019,3,COPDEM30,13.25134693
RGI2000-v7.0-G-03-02426,03,03-01,G290283E82638N,2019-07-18T00:00:00,-69.71730128888919,82.638416,0.019910828513844,0,1016.708,2,COPDEM30,11.97548029
RGI2000-v7.0-G-03-02427,03,03-01,G289970E82608N,2019-07-18T00:00:00,-70.03037441456584,82.607539,0.01791059280343,0,1174.1205,4,COPDEM30,11.87362648
RGI2000-v7.0-G-03-02428,03,03-01,G289942E82612N,2019-07-18T00:00:00,-70.05835360674158,82.61168599999999,0.015618603184835,0,1025.8019,1,COPDEM30,11.74964174
RGI2000-v7.0-G-03-02429,03,03-01,G289918E82611N,2019-07-18T00:00:00,-70.08221032942251,82.611024,0.026723916196251,0,1071.5105,2,COPDEM30,12.28864317
RGI2000-v7.0-G-03-02430,03,03-01,G289847E82614N,2019-07-18T00:00:00,-70.15287424719102,82.613588,0.011100509905338,0,1128.4056,3,COPDEM30,11.47502540
RGI2000-v7.0-G-03-02431,03,03-01,G289829E82611N,2019-07-18T00:00:00,-70.17093432883863,82.611014,0.045131678997582,0,1208.4078,2,COPDEM30,12.97419049
RGI2000-v7.0-G-03-02432,03,03-01,G289872E82590N,2019-07-18T00:00:00,-70.12764060911361,82.58975799999999,0.012306906271467,0,997.6415,4,COPDEM30,11.55311095
RGI2000-v7.0-G-03-02433,03,03-01,G290060E82561N,1999-07-24T00:00:00,-69.94043473036646,82.56076350000001,0.220225845620732,0,1091.6578,1,COPDEM30,16.56995173
RGI2000-v7.0-G-03-02434,03,03-01,G290123E82558N,1999-07-24T00:00:00,-69.87733196930233,82.55808350000001,0.252875225871624,0,1003.6284,2,COPDEM30,17.04013809
RGI2000-v7.0-G-03-02435,03,03-01,G290036E82547N,1999-07-24T00:00:00,-69.96356127418153,82.5469265,0.573966281994336,0,1029.6333,2,COPDEM30,20.60647874
RGI2000-v7.0-G-03-02436,03,03-01,G289996E82550N,2019-07-18T00:00:00,-70.00357833333334,82.54991,0.080706705567381,0,1216.9935,3,COPDEM30,13.97724959
RGI2000-v7.0-G-03-02437,03,03-01,G289928E82537N,2019-07-18T00:00:00,-70.05627859831492,82.53616600000001,3.379876523128846,0,1086.6794,3,COPDEM30,35.73821669
RGI2000-v7.0-G-03-02438,03,03-01,G289901E82527N,1999-07-24T00:00:00,-70.09933181592493,82.52696900000001,0.053300363550087,0,997.1991,8,COPDEM30,13.23216201
RGI2000-v7.0-G-03-02439,03,03-01,G289786E82531N,1999-07-24T00:00:00,-70.21221427887446,82.5318175,0.41070321116585,0,1252.8555,5,COPDEM30,18.97205826
RGI2000-v7.0-G-03-02440,03,03-01,G289783E82535N,1999-07-24T00:00:00,-70.21699288837604,82.5347885,0.022884883967396,0,1397.3373,5,COPDEM30,12.11788509
RGI2000-v7.0-G-03-02441,03,03-01,G289729E82519N,1999-07-24T00:00:00,-70.24293238498595,82.5210445,0.760423206589441,0,1111.4109,4,COPDEM30,22.20831473
RGI2000-v7.0-G-03-02442,03,03-01,G289583E82513N,1999-07-24T00:00:00,-70.42634021415392,82.5104115,3.642086872412844,0,1078.4495,4,COPDEM30,36.71795327
RGI2000-v7.0-G-03-02443,03,03-01,G289331E82500N,1999-07-24T00:00:00,-70.66930512096772,82.50044199999999,0.025471052971372,0,1605.0737,6,COPDEM30,12.23435145
RGI2000-v7.0-G-03-02444,03,03-01,G289299E82499N,1999-07-24T00:00:00,-70.70109920391056,82.49937750000001,0.519509923873695,0,1381.0476,6,COPDEM30,20.09078516
RGI2000-v7.0-G-03-02445,03,03-01,G289558E82566N,2019-07-18T00:00:00,-70.44241,82.56617,0.022210916599555,0,1249.9941,4,COPDEM30,12.08646583
RGI2000-v7.0-G-03-02446,03,03-01,G289820E82586N,2019-07-18T00:00:00,-69.83266891033206,82.587355,138.31886229477342,0,1161.6359,3,COPDEM90,100.00000000
RGI2000-v7.0-G-03-02447,03,03-01,G290900E82693N,2019-07-18T00:00:00,-69.10022939991973,82.6931825,0.250369340208517,0,1018.32806,3,COPDEM30,17.00516885
RGI2000-v7.0-G-03-02448,03,03-01,G290999E82706N,2019-07-18T00:00:00,-69.00148770417145,82.705525,0.010306533359106,0,795.8578,2,COPDEM30,11.42129537
RGI2000-v7.0-G-03-02449,03,03-01,G290396E82788N,2019-07-18T00:00:00,-69.60426167120842,82.7882385,0.015308672598474,0,678.219,3,COPDEM30,11.73219509
RGI2000-v7.0-G-03-02450,03,03-01,G290415E82794N,2019-07-18T00:00:00,-69.58526933707861,82.793788,0.058725725749074,0,567.1997,2,COPDEM30,13.39267479
RGI2000-v7.0-G-03-02451,03,03-01,G290239E82835N,2010-01-01T00:00:00,-69.73230802503531,82.814095,0.312020040745298,0,662.8737,2,COPDEM30,17.82022557
RGI2000-v7.0-G-03-02452,03,03-01,G290273E82823N,2010-01-01T00:00:00,-69.72690630069738,82.8225705,0.922636167764741,0,605.1356,3,COPDEM30,23.44755327
RGI2000-v7.0-G-03-02453,03,03-01,G290267E82842N,2010-01-01T00:00:00,-69.76104106784389,82.834442,3.105946077489105,0,625.6243,2,COPDEM30,34.67317230
RGI2000-v7.0-G-03-02454,03,03-01,G290044E82840N,2010-01-01T00:00:00,-69.95341349229052,82.8400505,1.003314887837252,0,638.12317,7,COPDEM30,24.02318502
RGI2000-v7.0-G-03-02455,03,03-01,G289874E82841N,2010-01-01T00:00:00,-70.11176769582124,82.840359,0.491137249073077,0,476.75235,1,COPDEM30,19.81136590
RGI2000-v7.0-G-03-02456,03,03-01,G289986E82856N,2010-01-01T00:00:00,-70.11928753909821,82.8625965,5.555861060492603,0,734.38916,1,COPDEM30,42.99922375
RGI2000-v7.0-G-03-02457,03,03-01,G289945E82879N,2010-01-01T00:00:00,-70.08428563099906,82.884927,2.132778400475154,0,657.90814,2,COPDEM30,30.44564908
RGI2000-v7.0-G-03-02458,03,03-01,G289869E82901N,2010-01-01T00:00:00,-70.18893428470572,82.894172,3.87156251786134,0,618.01434,2,COPDEM30,37.54680115
RGI2000-v7.0-G-03-02459,03,03-01,G289710E82892N,2010-01-01T00:00:00,-70.29516487787559,82.89213000000001,0.430119189434998,0,634.2407,7,COPDEM30,19.18168618
RGI2000-v7.0-G-03-02460,03,03-01,G289462E82917N,2010-01-01T00:00:00,-70.33109862338677,82.9170705,17.727353917407513,0,693.4104,1,COPDEM90,68.94541007
RGI2000-v7.0-G-03-02461,03,03-01,G289860E82920N,2010-01-01T00:00:00,-70.13164239772726,82.920613,1.040270691314962,0,568.8912,2,COPDEM30,24.27911256
RGI2000-v7.0-G-03-02462,03,03-01,G289836E82944N,2010-01-01T00:00:00,-70.16686973295455,82.94455049999999,3.590919414511551,0,665.39417,2,COPDEM30,36.52960997
RGI2000-v7.0-G-03-02463,03,03-01,G289691E82944N,2010-01-01T00:00:00,-70.30352181250001,82.94494399999999,0.620179568238764,0,606.6581,1,COPDEM30,21.02520727
RGI2000-v7.0-G-03-02464,03,03-01,G289558E82975N,2010-01-01T00:00:00,-70.43584318480318,82.9752445,0.730220680739177,0,375.51126,3,COPDEM30,21.96341312
RGI2000-v7.0-G-03-02465,03,03-01,G289431E82969N,2010-01-01T00:00:00,-70.56046362202042,82.969075,4.991094729761344,0,480.4403,4,COPDEM30,41.27706136
RGI2000-v7.0-G-03-02466,03,03-01,G289408E82946N,2010-01-01T00:00:00,-70.59553271017305,82.945488,2.290709749305972,0,586.7689,2,COPDEM30,31.18912719
RGI2000-v7.0-G-03-02467,03,03-01,G289091E82963N,2010-01-01T00:00:00,-70.89452197876456,82.964234,2.08049081810924,0,460.1078,1,COPDEM30,30.19346925
RGI2000-v7.0-G-03-02468,03,03-01,G289456E83013N,2010-01-01T00:00:00,-70.73905079603806,82.991751,19.285064537531447,0,489.18118,8,COPDEM90,71.48066891
RGI2000-v7.0-G-03-02469,03,03-01,G289455E83013N,2010-01-01T00:00:00,-70.8299991291351,83.0290625,2.936840672174459,0,291.07336,1,COPDEM30,33.99209811
RGI2000-v7.0-G-03-02470,03,03-01,G289455E83014N,2010-01-01T00:00:00,-70.88379706885586,83.051256,5.053569775317499,0,121.9609,1,COPDEM30,41.47220482
RGI2000-v7.0-G-03-02471,03,03-01,G289454E83013N,2010-01-01T00:00:00,-71.10944108194201,83.0484235,1.156060687717666,0,155.18295,2,COPDEM30,25.05283677
RGI2000-v7.0-G-03-02472,03,03-01,G288870E83032N,2010-01-01T00:00:00,-71.10494800538243,83.03063750000001,0.510183098782753,0,314.53772,2,COPDEM30,19.99979437
RGI2000-v7.0-G-03-02473,03,03-01,G288820E83021N,2010-01-01T00:00:00,-71.16696430634201,83.021231,0.900340529416719,0,381.8568,1,COPDEM30,23.28407858
RGI2000-v7.0-G-03-02474,03,03-01,G289128E83080N,2010-01-01T00:00:00,-70.8724871167802,83.079801,1.41086209580179,0,11.122279,2,COPDEM30,26.62916025
RGI2000-v7.0-G-03-02475,03,03-01,G289218E83090N,2010-01-01T00:00:00,-70.78154920707206,83.089902,3.730924087082345,0,37.11487,8,COPDEM30,37.04184019
RGI2000-v7.0-G-03-02476,03,03-01,G289345E83074N,2010-01-01T00:00:00,-70.66395539159114,83.0763375,2.747683001668668,0,264.6402,7,COPDEM30,33.20659105
RGI2000-v7.0-G-03-02477,03,03-01,G290026E83065N,2010-01-01T00:00:00,-70.23441142799382,83.0837485,31.74845823767775,0,361.92206,1,COPDEM90,88.88407833
RGI2000-v7.0-G-03-02478,03,03-01,G290019E83067N,2010-01-01T00:00:00,-69.98123804595446,83.067294,0.814380479849742,0,249.63547,4,COPDEM30,22.63402446
RGI2000-v7.0-G-03-02479,03,03-01,G290187E83100N,2010-01-01T00:00:00,-69.81281597906542,83.0996465,2.168001993247375,0,7.899295,2,COPDEM30,30.61379127
RGI2000-v7.0-G-03-02480,03,03-01,G290284E83108N,2010-01-01T00:00:00,-69.71575569535958,83.1077095,2.758319917492829,0,5.0901537,1,COPDEM30,33.25146670
RGI2000-v7.0-G-03-02481,03,03-01,G289243E83062N,2010-01-01T00:00:00,-70.40449797533961,83.0277055,52.718039649264824,0,338.4411,2,COPDEM90,100.00000000
RGI2000-v7.0-G-03-02482,03,03-01,G289626E83001N,2010-01-01T00:00:00,-70.39857923068085,83.0046795,3.87991954990782,0,541.26965,2,COPDEM30,37.57651595
RGI2000-v7.0-G-03-02483,03,03-01,G288715E82912N,2010-01-01T00:00:00,-71.28161464842138,82.911434,0.534388359015247,0,81.65823,1,COPDEM30,20.23426198
RGI2000-v7.0-G-03-02484,03,03-01,G288642E82900N,2010-01-01T00:00:00,-71.32388079075034,82.90293700000001,0.184704903198967,0,83.755844,3,COPDEM30,16.01682317
RGI2000-v7.0-G-03-02485,03,03-01,G288567E82902N,2010-01-01T00:00:00,-71.421698853845,82.9027245,0.630708974719641,0,497.37543,2,COPDEM30,21.11840632
RGI2000-v7.0-G-03-02486,03,03-01,G288499E82912N,2010-01-01T00:00:00,-71.53019746234216,82.9138485,0.507020059370339,0,798.2703,4,COPDEM30,19.96874775
RGI2000-v7.0-G-03-02487,03,03-01,G288525E82918N,2010-01-01T00:00:00,-71.47726668452353,82.922244,1.230567314598614,0,644.69855,2,COPDEM30,25.53033141
RGI2000-v7.0-G-03-02488,03,03-01,G288326E82917N,2010-01-01T00:00:00,-71.63792593602454,82.925393,3.44961098703002,0,700.59656,1,COPDEM30,36.00237977
RGI2000-v7.0-G-03-02489,03,03-01,G288088E82928N,2010-01-01T00:00:00,-71.76311160348504,82.93007549999999,8.718563362107854,0,470.78503,1,COPDEM30,51.33809888
RGI2000-v7.0-G-03-02490,03,03-01,G288142E82919N,2010-01-01T00:00:00,-71.8606355483391,82.9187365,0.168932155159889,0,990.9237,2,COPDEM30,15.75418999
RGI2000-v7.0-G-03-02491,03,03-01,G288061E82918N,2010-01-01T00:00:00,-71.91661993063585,82.918925,0.230405957060252,0,810.16473,7,COPDEM30,16.72008687
RGI2000-v7.0-G-03-02492,03,03-01,G288060E82917N,2010-01-01T00:00:00,-71.95214794665014,82.9167545,0.100204591787584,0,610.20544,7,COPDEM30,14.43171524
RGI2000-v7.0-G-03-02493,03,03-01,G287987E82924N,2010-01-01T00:00:00,-72.0245500691548,82.921251,0.146948901484722,0,697.29944,7,COPDEM30,15.36674806
RGI2000-v7.0-G-03-02494,03,03-01,G287878E82936N,2010-01-01T00:00:00,-72.10191597826086,82.93652900000001,0.289474216724973,0,610.9748,8,COPDEM30,17.53239314
RGI2000-v7.0-G-03-02495,03,03-01,G287982E82957N,2010-01-01T00:00:00,-72.01766962901021,82.9567495,0.049738466514143,0,420.90106,8,COPDEM30,13.12229714
RGI2000-v7.0-G-03-02496,03,03-01,G288125E82957N,2010-01-01T00:00:00,-71.89737651483051,82.9595755,1.404044597050419,0,494.26373,3,COPDEM30,26.58893429
RGI2000-v7.0-G-03-02497,03,03-01,G288156E82953N,2010-01-01T00:00:00,-71.84361505873622,82.95331350000001,0.460663648962371,0,451.64478,2,COPDEM30,19.50210899
RGI2000-v7.0-G-03-02498,03,03-01,G288209E82959N,2010-01-01T00:00:00,-71.78887946716021,82.959288,0.44019137876328,0,380.99866,2,COPDEM30,19.28856879
RGI2000-v7.0-G-03-02499,03,03-01,G288076E82975N,2010-01-01T00:00:00,-71.93592714255396,82.976287,0.960467972873093,0,332.25296,1,COPDEM30,23.72048551
RGI2000-v7.0-G-03-02500,03,03-01,G287987E82981N,2010-01-01T00:00:00,-71.96643758757062,82.984245,0.900412372209591,0,317.73816,2,COPDEM30,23.28460857
RGI2000-v7.0-G-03-02501,03,03-01,G287861E83044N,2010-01-01T00:00:00,-72.01626173672315,83.0136785,3.046761418761561,0,224.34119,5,COPDEM30,34.43696458
RGI2000-v7.0-G-03-02502,03,03-01,G288062E83028N,2010-01-01T00:00:00,-71.9328230179917,83.03019950000001,0.620278142460924,0,293.3404,1,COPDEM30,21.02608344
RGI2000-v7.0-G-03-02503,03,03-01,G288133E83025N,2010-01-01T00:00:00,-71.86668753723404,83.025424,0.112091471948461,0,267.5041,2,COPDEM30,14.68720903
RGI2000-v7.0-G-03-02504,03,03-01,G287984E83082N,2010-01-01T00:00:00,-71.95978051911314,83.064178,46.73247451356795,0,221.90309,2,COPDEM90,100.00000000
RGI2000-v7.0-G-03-02505,03,03-01,G287374E83050N,2010-01-01T00:00:00,-72.57822332754726,83.051183,66.91707558796031,0,195.87698,1,COPDEM90,100.00000000
RGI2000-v7.0-G-03-02506,03,03-01,G287601E83000N,2010-01-01T00:00:00,-72.39949858510073,82.999734,6.061142436654673,0,642.8551,1,COPDEM30,44.46714258
RGI2000-v7.0-G-03-02507,03,03-01,G287704E82988N,2010-01-01T00:00:00,-72.27945198362507,82.9882905,0.61988681693632,0,434.715,2,COPDEM30,21.02260478
RGI2000-v7.0-G-03-02508,03,03-01,G287705E82970N,2010-01-01T00:00:00,-72.3220031885482,82.97193899999999,0.780334636645247,0,444.7775,2,COPDEM30,22.36711724
RGI2000-v7.0-G-03-02509,03,03-01,G288054E82903N,2010-01-01T00:00:00,-71.94579538818567,82.903119,0.06276183725473,0,594.0028,3,COPDEM30,13.50732378
RGI2000-v7.0-G-03-02510,03,03-01,G288028E82897N,2010-01-01T00:00:00,-71.97022033333333,82.896681,0.159874498775737,0,688.00256,3,COPDEM30,15.59780330
RGI2000-v7.0-G-03-02511,03,03-01,G288087E82927N,2010-01-01T00:00:00,-71.78674523521452,82.908578,0.488053003057486,0,573.1703,5,COPDEM30,19.78051065
RGI2000-v7.0-G-03-02512,03,03-01,G288356E82905N,2010-01-01T00:00:00,-71.5990574340317,82.907191,0.319340521822715,0,695.271,4,COPDEM30,17.91143111
RGI2000-v7.0-G-03-02513,03,03-01,G288377E82897N,2010-01-01T00:00:00,-71.61749082485025,82.89667449999999,0.149710107113293,0,589.6217,2,COPDEM30,15.41693465
RGI2000-v7.0-G-03-02514,03,03-01,G288669E82877N,2010-01-01T00:00:00,-71.32871025876918,82.875303,0.671327338080065,0,162.71448,1,COPDEM30,21.47083948
RGI2000-v7.0-G-03-02515,03,03-01,G288872E82886N,2010-01-01T00:00:00,-71.1276835434872,82.88598300000001,0.216835944774049,0,420.02222,1,COPDEM30,16.51919053
RGI2000-v7.0-G-03-02516,03,03-01,G288487E82794N,2019-07-18T00:00:00,-71.51328111918065,82.793942,0.216230352996557,0,816.05054,3,COPDEM30,16.51008058
RGI2000-v7.0-G-03-02517,03,03-01,G288470E82791N,2019-07-18T00:00:00,-71.52987685282872,82.7906605,0.022417739467478,0,934.453,3,COPDEM30,12.09615766
RGI2000-v7.0-G-03-02518,03,03-01,G288448E82776N,2019-07-18T00:00:00,-71.55151161303468,82.776014,0.013409396994699,0,881.8133,2,COPDEM30,11.62118531
RGI2000-v7.0-G-03-02519,03,03-01,G288555E82754N,2019-07-18T00:00:00,-71.43713304761883,82.778773,22.216534639398418,0,882.0675,1,COPDEM90,75.98818674
RGI2000-v7.0-G-03-02520,03,03-01,G288666E82760N,2019-07-18T00:00:00,-71.33385902611943,82.75976299999999,0.014511198708082,0,1154.8506,8,COPDEM30,11.68647412
RGI2000-v7.0-G-03-02521,03,03-01,G288804E82767N,2019-07-18T00:00:00,-71.17272258075394,82.775391,9.914945614979496,0,830.2732,1,COPDEM30,54.08320928
RGI2000-v7.0-G-03-02522,03,03-01,G288913E82764N,2019-07-18T00:00:00,-71.08681670134227,82.76355000000001,0.012508692417933,0,897.8879,2,COPDEM30,11.56579172
RGI2000-v7.0-G-03-02523,03,03-01,G288954E82759N,2019-07-18T00:00:00,-71.04626389594972,82.7594875,0.978927469576508,0,803.1012,3,COPDEM30,23.85170690
RGI2000-v7.0-G-03-02524,03,03-01,G288922E82711N,2019-07-18T00:00:00,-71.07822004452598,82.71148199999999,0.011807751282627,0,834.00183,1,COPDEM30,11.52128868
RGI2000-v7.0-G-03-02525,03,03-01,G289336E82715N,2019-07-18T00:00:00,-70.66364148934052,82.7147305,0.016010313797849,0,1192.3201,3,COPDEM30,11.77144616
RGI2000-v7.0-G-03-02526,03,03-01,G289487E82706N,2019-07-18T00:00:00,-70.35856966812008,82.729897,428.1545338028549,0,990.4253,1,COPDEM90,100.00000000
RGI2000-v7.0-G-03-02527,03,03-01,G290162E82857N,2010-01-01T00:00:00,-69.80811808217754,82.862859,0.636025787263832,0,704.49786,2,COPDEM30,21.16517149
RGI2000-v7.0-G-03-02528,03,03-01,G288222E82783N,2019-07-18T00:00:00,-71.94587174843574,82.7853765,94.87599386767639,0,859.3602,1,COPDEM90,100.00000000
RGI2000-v7.0-G-03-02529,03,03-01,G287608E82752N,2019-07-18T00:00:00,-72.39195594415922,82.7515995,0.03226542686729,0,482.92993,2,COPDEM30,12.51476115
RGI2000-v7.0-G-03-02530,03,03-01,G287601E82746N,2019-07-18T00:00:00,-72.39867073057184,82.7463165,0.081610367752634,0,566.08813,1,COPDEM30,13.99945397
RGI2000-v7.0-G-03-02531,03,03-01,G286319E82728N,2010-01-01T00:00:00,-73.65716591892703,82.73193549999999,0.496727972910659,0,831.43195,1,COPDEM30,19.86705035
RGI2000-v7.0-G-03-02532,03,03-01,G286277E82737N,2010-01-01T00:00:00,-73.72204027752292,82.73715250000001,0.589937105803295,0,923.728,2,COPDEM30,20.75303086
RGI2000-v7.0-G-03-02533,03,03-01,G284946E82763N,2010-01-01T00:00:00,-75.05377738265125,82.76301050000001,0.054005197482933,0,684.5161,8,COPDEM30,13.25346257
RGI2000-v7.0-G-03-02534,03,03-01,G284851E82766N,2010-01-01T00:00:00,-75.14933346905332,82.7660115,0.033624845587055,0,690.28625,2,COPDEM30,12.56719102
RGI2000-v7.0-G-03-02535,03,03-01,G284815E82752N,2010-01-01T00:00:00,-75.19196507730229,82.75173000000001,1.659203409388009,0,808.7661,2,COPDEM30,28.03340978
RGI2000-v7.0-G-03-02536,03,03-01,G284709E82751N,2010-01-01T00:00:00,-75.29133141781413,82.75118950000001,0.306090183284793,0,811.7036,1,COPDEM30,17.74555846
RGI2000-v7.0-G-03-02537,03,03-01,G284652E82752N,2010-01-01T00:00:00,-75.34705996859907,82.75256250000001,0.444809084262898,0,779.2147,2,COPDEM30,19.33716127
RGI2000-v7.0-G-03-02538,03,03-01,G284629E82759N,2010-01-01T00:00:00,-75.37041693807342,82.760123,0.060642027737701,0,666.66583,2,COPDEM30,13.44758429
RGI2000-v7.0-G-03-02539,03,03-01,G284563E82755N,2010-01-01T00:00:00,-75.44328855150647,82.75485950000001,0.322482128520144,0,779.44196,8,COPDEM30,17.95025139
RGI2000-v7.0-G-03-02540,03,03-01,G283262E83050N,2010-01-01T00:00:00,-76.81083386985081,83.04882549999999,110.00228982829074,0,71.89482,1,COPDEM90,100.00000000
RGI2000-v7.0-G-03-02541,03,03-01,G289633E82426N,1999-07-24T00:00:00,-70.36500646539511,82.425119,1.409517761131808,0,1043.3914,8,COPDEM30,26.62123585
RGI2000-v7.0-G-03-02542,03,03-01,G289674E82421N,1999-07-24T00:00:00,-70.32568011394271,82.42095,0.208592722660842,0,1266.2722,4,COPDEM30,16.39407332
RGI2000-v7.0-G-03-02543,03,03-01,G289765E82430N,1999-07-24T00:00:00,-70.2175224955516,82.431049,1.30740970786813,0,1114.2493,1,COPDEM30,26.00788252
RGI2000-v7.0-G-03-02544,03,03-01,G290069E82405N,1999-07-24T00:00:00,-69.93359131424069,82.4047215,0.545609581157696,0,1104.9337,1,COPDEM30,20.34115457
RGI2000-v7.0-G-03-02545,03,03-01,G290113E82402N,1999-07-24T00:00:00,-69.8871124890776,82.4020185,0.180578920933104,0,1089.0148,1,COPDEM30,15.94924100
RGI2000-v7.0-G-03-02546,03,03-01,G290147E82402N,1999-07-24T00:00:00,-69.85261311173817,82.4020275,0.069382449096593,0,1190.595,2,COPDEM30,13.68767678
RGI2000-v7.0-G-03-02547,03,03-01,G289959E82389N,1999-07-24T00:00:00,-70.04438613621689,82.387768,0.968309377316851,0,1235.1514,1,COPDEM30,23.77637971
RGI2000-v7.0-G-03-02548,03,03-01,G289886E82381N,1999-07-24T00:00:00,-70.116446979047,82.38154850000001,1.781702359163025,0,1188.9484,8,COPDEM30,28.68725936
RGI2000-v7.0-G-03-02549,03,03-01,G289674E82387N,1999-07-24T00:00:00,-70.32630232983188,82.3868965,0.476918831010097,0,1147.4001,1,COPDEM30,19.66830341
RGI2000-v7.0-G-03-02550,03,03-01,G289618E82383N,1999-07-24T00:00:00,-70.38234836310556,82.3831635,0.93851240937555,0,1150.4652,8,COPDEM30,23.56275902
RGI2000-v7.0-G-03-02551,03,03-01,G289689E82369N,1999-07-24T00:00:00,-70.31133795180861,82.369387,9.919608933542856,0,1154.676,2,COPDEM30,54.09357494
RGI2000-v7.0-G-03-02552,03,03-01,G289540E82340N,1999-07-24T00:00:00,-70.45976861777542,82.3401465,0.055878278175609,0,1792.1366,4,COPDEM30,13.30940214
RGI2000-v7.0-G-03-02553,03,03-01,G289077E82413N,1999-07-24T00:00:00,-70.46341675455689,82.333855,0.860712459448938,0,1422.2566,3,COPDEM30,22.98844263
RGI2000-v7.0-G-03-02554,03,03-01,G289815E82302N,1999-07-24T00:00:00,-70.18482127047146,82.301601,0.532649813981514,0,1460.8495,7,COPDEM30,20.21760067
RGI2000-v7.0-G-03-02555,03,03-01,G289804E82297N,1999-07-24T00:00:00,-70.19610236893206,82.296793,0.979489544193284,0,1423.2728,8,COPDEM30,23.85568297
RGI2000-v7.0-G-03-02556,03,03-01,G289887E82309N,1999-07-24T00:00:00,-70.11307849678309,82.308813,0.536262502498366,0,1715.2925,8,COPDEM30,20.25219247
RGI2000-v7.0-G-03-02557,03,03-01,G289966E82321N,1999-07-24T00:00:00,-70.03359174522996,82.32087150000001,0.646501063920914,0,1596.3741,1,COPDEM30,21.25674058
RGI2000-v7.0-G-03-02558,03,03-01,G290008E82325N,1999-07-24T00:00:00,-69.99167342418039,82.324565,0.483848616859467,0,1428.5225,1,COPDEM30,19.73829189
RGI2000-v7.0-G-03-02559,03,03-01,G290178E82326N,1999-07-24T00:00:00,-69.83683202782768,82.341937,1.868757017228784,0,1161.3082,1,COPDEM30,29.13834829
RGI2000-v7.0-G-03-02560,03,03-01,G290310E82346N,1999-07-24T00:00:00,-69.68981885231523,82.3455325,9.890364397303447,0,1315.6152,1,COPDEM30,54.02852964
RGI2000-v7.0-G-03-02561,03,03-01,G290421E82218N,1999-07-24T00:00:00,-69.78773006228815,82.2187375,252.0140831047403,0,1240.6497,4,COPDEM90,100.00000000
RGI2000-v7.0-G-03-02562,03,03-01,G289337E82199N,1999-07-24T00:00:00,-70.66301532010523,82.199183,27.98986516280523,0,1279.7404,7,COPDEM90,84.06762837
RGI2000-v7.0-G-03-02563,03,03-01,G295607E81938N,1999-07-23T00:00:00,-64.39170363933775,81.9376975,2.163184746462642,0,759.779,3,COPDEM30,30.59087687
RGI2000-v7.0-G-03-02564,03,03-01,G295826E81956N,1999-07-23T00:00:00,-64.17747541262698,81.9588995,5.440447091351641,0,818.4752,2,COPDEM30,42.65467241
RGI2000-v7.0-G-03-02565,03,03-01,G278332E81156N,1999-07-24T00:00:00,-81.67075862175466,81.155498,1.057825609432012,0,904.21313,1,COPDEM30,24.39909092
RGI2000-v7.0-G-03-02566,03,03-01,G278293E81156N,1999-07-24T00:00:00,-81.70733221900898,81.155842,0.279351434189366,0,902.2471,1,COPDEM30,17.39951898
RGI2000-v7.0-G-03-02567,03,03-01,G278208E81148N,1999-07-24T00:00:00,-81.75133313745968,81.148978,3.357998616239243,0,1041.9248,1,COPDEM30,35.65477984
RGI2000-v7.0-G-03-02568,03,03-01,G278123E81142N,1999-07-24T00:00:00,-81.88280745830278,81.1441605,0.704193644288559,0,1114.7833,1,COPDEM30,21.74827452
RGI2000-v7.0-G-03-02569,03,03-01,G277945E81094N,1999-07-24T00:00:00,-81.9151834423688,81.1380945,0.353742830767755,0,1190.2656,8,COPDEM30,18.32667970
RGI2000-v7.0-G-03-02570,03,03-01,G277995E81136N,1999-07-24T00:00:00,-82.00513627750611,81.135774,0.095702386536943,0,1153.5575,8,COPDEM30,14.33101233
RGI2000-v7.0-G-03-02571,03,03-01,G277941E81136N,1999-07-24T00:00:00,-82.05868962983101,81.13585599999999,0.143533710214953,0,1076.6211,1,COPDEM30,15.30401802
RGI2000-v7.0-G-03-02572,03,03-01,G278163E81099N,1999-07-24T00:00:00,-81.81129757438018,81.129845,3.624213179496511,0,1107.936,3,COPDEM30,36.65231290
RGI2000-v7.0-G-03-02573,03,03-01,G278255E81124N,1999-07-24T00:00:00,-81.76782173272281,81.1214855,1.207798608565118,0,875.2877,3,COPDEM30,25.38598477
RGI2000-v7.0-G-03-02574,03,03-02,G260810E79982N,1999-07-24T00:00:00,-99.19777296837708,79.986681,76.13016913725176,0,145.46164,1,COPDEM90,100.00000000
RGI2000-v7.0-G-03-02575,03,03-02,G264321E79867N,1999-07-25T00:00:00,-95.68877265676687,79.86408700000001,4.853953612939344,0,469.46335,1,COPDEM30,40.84436591
RGI2000-v7.0-G-03-02576,03,03-02,G264360E79839N,1999-07-25T00:00:00,-95.63550819650206,79.836883,1.628203423998818,0,445.41168,6,COPDEM30,27.86415044
RGI2000-v7.0-G-03-02577,03,03-02,G264578E79827N,1999-07-25T00:00:00,-95.4623023435916,79.826899,1.062781692358063,0,440.98282,8,COPDEM30,24.43278253
RGI2000-v7.0-G-03-02578,03,03-02,G264591E79810N,1999-07-25T00:00:00,-95.42739652176923,79.80728149999999,0.418377738360272,0,406.65002,8,COPDEM30,19.05549760
RGI2000-v7.0-G-03-02579,03,03-02,G264781E79768N,1999-07-25T00:00:00,-95.25354696464515,79.78914,43.47388527632765,0,561.19977,7,COPDEM90,100.00000000
RGI2000-v7.0-G-03-02580,03,03-02,G264800E79817N,1999-07-25T00:00:00,-95.13512312364836,79.81908899999999,10.313801928498428,0,537.795,1,COPDEM30,54.96115188
RGI2000-v7.0-G-03-02581,03,03-02,G265005E79806N,1999-07-25T00:00:00,-94.98722970273917,79.8138835,12.73074290728042,0,570.8325,2,COPDEM30,59.95223328
RGI2000-v7.0-G-03-02582,03,03-02,G265168E79838N,1999-07-25T00:00:00,-94.8550900167784,79.84165899999999,3.193026044862571,0,627.481,1,COPDEM30,35.01665655
RGI2000-v7.0-G-03-02583,03,03-02,G265204E79835N,1999-07-25T00:00:00,-94.79623636340476,79.83505650000001,1.348346833079807,0,622.8985,2,COPDEM30,26.25656727
RGI2000-v7.0-G-03-02584,03,03-02,G265282E79841N,1999-07-25T00:00:00,-94.71223023087434,79.838981,0.461164158939256,0,418.12988,1,COPDEM30,19.50726960
RGI2000-v7.0-G-03-02585,03,03-02,G265371E79833N,1999-07-25T00:00:00,-94.6276356530703,79.83272099999999,0.564745752941278,0,523.0803,7,COPDEM30,20.52093948
RGI2000-v7.0-G-03-02586,03,03-02,G265420E79895N,1999-07-25T00:00:00,-94.57592808264494,79.89564050000001,1.094854247587182,0,646.9845,8,COPDEM30,24.64893964
RGI2000-v7.0-G-03-02587,03,03-02,G265379E79905N,1999-07-25T00:00:00,-94.62278403543283,79.9069025,0.552387006479496,0,572.82764,1,COPDEM30,20.40518396
RGI2000-v7.0-G-03-02588,03,03-02,G265389E79965N,1999-07-25T00:00:00,-94.60103327804578,79.9616645,0.698157226377084,0,629.1773,8,COPDEM30,21.69781246
RGI2000-v7.0-G-03-02589,03,03-02,G265810E79933N,1999-07-25T00:00:00,-94.21065790194659,79.9328535,4.219611367865449,0,882.66345,7,COPDEM30,38.75836971
RGI2000-v7.0-G-03-02590,03,03-02,G265863E79949N,1999-07-25T00:00:00,-94.13399561540518,79.9543575,15.334422682634155,0,906.23035,8,COPDEM90,64.82286791
RGI2000-v7.0-G-03-02591,03,03-02,G265961E79957N,1999-07-25T00:00:00,-94.01329997100535,79.9619725,2.500228270510922,0,947.8719,2,COPDEM30,32.13695419
RGI2000-v7.0-G-03-02592,03,03-02,G266197E79930N,1999-07-25T00:00:00,-93.85615137164885,79.94170249999999,44.96590316105431,0,847.9756,1,COPDEM90,100.00000000
RGI2000-v7.0-G-03-02593,03,03-02,G266363E79961N,1999-07-25T00:00:00,-93.68210172443648,79.95712950000001,4.534100740894736,0,951.4086,8,COPDEM30,39.81079914
RGI2000-v7.0-G-03-02594,03,03-02,G266354E79973N,1999-07-25T00:00:00,-93.64449125893512,79.97416000000001,0.397361512745309,0,977.3369,1,COPDEM30,18.82512643
RGI2000-v7.0-G-03-02595,03,03-02,G266120E80045N,1999-07-25T00:00:00,-93.79867742869902,80.034915,44.15780474432425,0,966.0735,8,COPDEM90,100.00000000
RGI2000-v7.0-G-03-02596,03,03-02,G265883E80030N,1999-07-25T00:00:00,-94.1125241671109,80.034752,4.431418299656958,0,931.45056,8,COPDEM30,39.47130786
RGI2000-v7.0-G-03-02597,03,03-02,G266141E80088N,1999-07-25T00:00:00,-93.84046499408831,80.095346,9.455991154376012,0,921.77344,1,COPDEM30,53.05083351
RGI2000-v7.0-G-03-02598,03,03-02,G265931E80112N,1999-07-25T00:00:00,-94.06759251760005,80.111884,0.612870504800614,0,745.20404,8,COPDEM30,20.96004648
RGI2000-v7.0-G-03-02599,03,03-02,G265985E80132N,1999-07-25T00:00:00,-94.05436609079571,80.13281649999999,9.922610838651844,0,805.7844,8,COPDEM30,54.10024631
RGI2000-v7.0-G-03-02600,03,03-02,G265789E80102N,1999-07-25T00:00:00,-94.23211941716605,80.110556,10.817223534977002,0,753.7415,1,COPDEM30,56.04536690
RGI2000-v7.0-G-03-02601,03,03-02,G265524E80126N,1999-07-25T00:00:00,-94.46879555853783,80.1240355,1.737149153202952,0,727.6338,1,COPDEM30,28.45213359
RGI2000-v7.0-G-03-02602,03,03-02,G265511E80136N,1999-07-25T00:00:00,-94.48937247737022,80.1359325,0.114094353076903,0,620.9176,8,COPDEM30,14.72889979
RGI2000-v7.0-G-03-02603,03,03-02,G265459E80106N,1999-07-25T00:00:00,-94.53104747629352,80.10333700000001,1.698113707460231,0,693.79443,8,COPDEM30,28.24363688
RGI2000-v7.0-G-03-02604,03,03-02,G265474E80088N,1999-07-25T00:00:00,-94.52642748309694,80.0884425,0.139996819030728,0,812.71936,8,COPDEM30,15.23826083
RGI2000-v7.0-G-03-02605,03,03-02,G265107E80203N,1999-07-25T00:00:00,-94.88788058973002,80.2033925,0.736491472485317,0,426.61728,1,COPDEM30,22.01467139
RGI2000-v7.0-G-03-02606,03,03-02,G265358E80286N,1999-07-25T00:00:00,-94.64217213840956,80.2862935,6.28098513528021,0,774.41644,5,COPDEM30,45.08665112
RGI2000-v7.0-G-03-02607,03,03-02,G265426E80290N,1999-07-25T00:00:00,-94.54174052623003,80.277446,10.780813509971418,0,655.55255,6,COPDEM30,55.96780882
RGI2000-v7.0-G-03-02608,03,03-02,G265564E80277N,1999-07-25T00:00:00,-94.43643151450894,80.27704349999999,0.602281895029623,0,728.5209,6,COPDEM30,20.86495520
RGI2000-v7.0-G-03-02609,03,03-02,G265588E80284N,1999-07-25T00:00:00,-94.38290000777778,80.28134,1.547604847869278,0,769.0591,4,COPDEM30,27.41638740
RGI2000-v7.0-G-03-02610,03,03-02,G265525E80306N,1999-07-25T00:00:00,-94.41414131524112,80.303221,16.322395539885775,0,790.2507,3,COPDEM90,66.56137839
RGI2000-v7.0-G-03-02611,03,03-02,G265355E80306N,1999-07-25T00:00:00,-94.56757714643348,80.3300145,35.6459605458245,0,731.0249,7,COPDEM90,93.58593343
RGI2000-v7.0-G-03-02612,03,03-02,G265474E80363N,1999-07-25T00:00:00,-94.52754344529279,80.3659165,18.356544105138987,0,706.39246,1,COPDEM90,69.98235278
RGI2000-v7.0-G-03-02613,03,03-02,G265341E80379N,1999-07-25T00:00:00,-94.65943573432185,80.37856099999999,0.207241339776126,0,673.0291,8,COPDEM30,16.37332744
RGI2000-v7.0-G-03-02614,03,03-02,G265345E80383N,1999-07-25T00:00:00,-94.65475007980336,80.3827095,0.222975457976568,0,604.19464,8,COPDEM30,16.61083881
RGI2000-v7.0-G-03-02615,03,03-02,G265311E80370N,1999-07-25T00:00:00,-94.68934356566521,80.3696265,3.665225777645023,0,604.79584,8,COPDEM30,36.80269114
RGI2000-v7.0-G-03-02616,03,03-02,G265213E80360N,1999-07-25T00:00:00,-94.78676793571077,80.35984400000001,0.910354915122818,0,657.8596,2,COPDEM30,23.35775293
RGI2000-v7.0-G-03-02617,03,03-02,G265302E80368N,1999-07-25T00:00:00,-94.83008239845455,80.370472,2.128145211747935,0,546.0266,1,COPDEM30,30.42342923
RGI2000-v7.0-G-03-02618,03,03-02,G265014E80331N,1999-07-25T00:00:00,-94.99081865684184,80.3300225,3.430061088087348,0,585.24475,8,COPDEM30,35.92859374
RGI2000-v7.0-G-03-02619,03,03-02,G265228E80418N,1999-07-25T00:00:00,-94.76821633042718,80.41914750000001,0.762564274580728,0,758.4081,7,COPDEM30,22.22548968
RGI2000-v7.0-G-03-02620,03,03-02,G265186E80436N,1999-07-25T00:00:00,-94.87331627682794,80.4367385,3.597776943988351,0,648.9912,8,COPDEM30,36.55492951
RGI2000-v7.0-G-03-02621,03,03-02,G265161E80452N,1999-07-25T00:00:00,-94.82618840656417,80.4461925,6.886225644354339,0,543.2417,2,COPDEM30,46.73826651
RGI2000-v7.0-G-03-02622,03,03-02,G265054E80469N,1999-07-25T00:00:00,-94.9879666371467,80.476434,7.919825267775822,0,608.693,3,COPDEM30,49.39905776
RGI2000-v7.0-G-03-02623,03,03-02,G264990E80488N,1999-07-25T00:00:00,-95.06878777920181,80.484695,2.131679715793215,0,665.51666,8,COPDEM30,30.44038220
RGI2000-v7.0-G-03-02624,03,03-02,G264824E80494N,1999-07-25T00:00:00,-95.17636118504069,80.4943735,0.428899179769325,0,466.69083,1,COPDEM30,19.16865526
RGI2000-v7.0-G-03-02625,03,03-02,G264824E80500N,1999-07-25T00:00:00,-95.17265040887443,80.49928650000001,0.162797005287942,0,390.6413,1,COPDEM30,15.64873553
RGI2000-v7.0-G-03-02626,03,03-02,G264749E80513N,1999-07-25T00:00:00,-95.2507796736781,80.51258150000001,0.315513513414327,0,517.52997,1,COPDEM30,17.86388254
RGI2000-v7.0-G-03-02627,03,03-02,G264771E80517N,1999-07-25T00:00:00,-95.22917321398508,80.517244,0.252908280749752,0,469.08554,1,COPDEM30,17.04059820
RGI2000-v7.0-G-03-02628,03,03-02,G264829E80523N,1999-07-25T00:00:00,-95.17115181147139,80.52282249999999,0.528761243473617,0,373.67194,2,COPDEM30,20.18023594
RGI2000-v7.0-G-03-02629,03,03-02,G264897E80519N,1999-07-25T00:00:00,-95.10298637900107,80.51934299999999,0.392350054764148,0,351.80695,1,COPDEM30,18.76929933
RGI2000-v7.0-G-03-02630,03,03-02,G264994E80514N,1999-07-25T00:00:00,-94.99839861561571,80.5125215,0.884060679937459,0,434.2497,1,COPDEM30,23.16343015
RGI2000-v7.0-G-03-02631,03,03-02,G265055E80498N,1999-07-25T00:00:00,-94.91316866894344,80.49923849999999,1.385729746888533,0,604.6676,1,COPDEM30,26.48038320
RGI2000-v7.0-G-03-02632,03,03-02,G264839E80469N,1999-07-25T00:00:00,-95.18645576686217,80.476067,10.785476510871153,0,525.98535,1,COPDEM30,55.97774892
RGI2000-v7.0-G-03-02633,03,03-02,G264754E80463N,1999-07-25T00:00:00,-95.24602899532712,80.463131,2.593749997191485,0,528.7734,7,COPDEM30,32.54717276
RGI2000-v7.0-G-03-02634,03,03-02,G264808E80450N,1999-07-25T00:00:00,-95.16468062246526,80.4405495,3.907196394910478,0,600.9416,6,COPDEM30,37.67328122
RGI2000-v7.0-G-03-02635,03,03-02,G264917E80451N,1999-07-25T00:00:00,-95.07639897799962,80.45141449995212,6.235415275440857,0,625.88464,4,COPDEM30,44.95913892
RGI2000-v7.0-G-03-02636,03,03-02,G264709E80532N,1999-07-25T00:00:00,-95.2907442479195,80.531669,0.212316936988007,0,333.01755,2,COPDEM30,16.45090069
RGI2000-v7.0-G-03-02637,03,03-02,G265522E80438N,1999-07-25T00:00:00,-94.47690992672798,80.4365335,0.628715059259507,0,519.44385,8,COPDEM30,21.10081761
RGI2000-v7.0-G-03-02638,03,03-02,G265682E80456N,1999-07-25T00:00:00,-94.29407076851022,80.453562,0.262324005542976,0,485.88922,1,COPDEM30,17.17046059
RGI2000-v7.0-G-03-02639,03,03-02,G265763E80462N,1999-07-25T00:00:00,-94.23943487947494,80.463712,0.573438522629784,0,724.0324,8,COPDEM30,20.60160131
RGI2000-v7.0-G-03-02640,03,03-02,G265790E80474N,1999-07-25T00:00:00,-94.21137401593114,80.47128950000001,0.765631983083405,0,703.63293,1,COPDEM30,22.25005586
RGI2000-v7.0-G-03-02641,03,03-02,G265828E80470N,1999-07-25T00:00:00,-94.17615921005324,80.4695925,0.171506795217016,0,775.9758,2,COPDEM30,15.79787305
RGI2000-v7.0-G-03-02642,03,03-02,G265893E80452N,1999-07-25T00:00:00,-94.1075542689894,80.449456,1.52353906920744,0,686.85156,2,COPDEM30,27.28044147
RGI2000-v7.0-G-03-02643,03,03-02,G265876E80437N,1999-07-25T00:00:00,-94.12434939388922,80.43736050000001,0.34585550870721,0,844.50964,8,COPDEM30,18.23332738
RGI2000-v7.0-G-03-02644,03,03-02,G265871E80430N,1999-07-25T00:00:00,-94.12866603782533,80.42966050000001,0.171070805908257,0,933.5129,8,COPDEM30,15.79049894
RGI2000-v7.0-G-03-02645,03,03-02,G265909E80430N,1999-07-25T00:00:00,-94.08947871957895,80.4253245,3.235738750503839,0,806.694,2,COPDEM30,35.18342302
RGI2000-v7.0-G-03-02646,03,03-02,G265962E80409N,1999-07-25T00:00:00,-94.02581327187328,80.41138699999999,1.430293619623526,0,770.09204,2,COPDEM30,26.74328371
RGI2000-v7.0-G-03-02647,03,03-02,G266250E80332N,1999-07-25T00:00:00,-93.80730425439228,80.3480785,2.373497027809185,0,749.30347,7,COPDEM30,31.56862113
RGI2000-v7.0-G-03-02648,03,03-02,G266273E80341N,1999-07-25T00:00:00,-93.6890080238764,80.34815950000001,1.202225444554359,0,738.79504,1,COPDEM30,25.35044583
RGI2000-v7.0-G-03-02649,03,03-02,G266327E80338N,1999-07-25T00:00:00,-93.66994231977117,80.34006199999999,0.652148086676166,0,861.23157,2,COPDEM30,21.30579608
RGI2000-v7.0-G-03-02650,03,03-02,G266361E80333N,1999-07-25T00:00:00,-93.62950389379917,80.33616549999999,0.452984284838937,0,786.46625,2,COPDEM30,19.42257501
RGI2000-v7.0-G-03-02651,03,03-02,G266425E80302N,1999-07-25T00:00:00,-93.6138096069975,80.31537349999999,28.512903374371675,0,861.66656,1,COPDEM90,84.75646501
RGI2000-v7.0-G-03-02652,03,03-02,G266552E80318N,1999-07-25T00:00:00,-93.44992720135566,80.3200775,1.103447157353664,0,894.2842,8,COPDEM30,24.70631303
RGI2000-v7.0-G-03-02653,03,03-02,G266707E80314N,1999-07-25T00:00:00,-93.2932950029527,80.314329,0.102020413250403,0,778.86444,1,COPDEM30,14.47168883
RGI2000-v7.0-G-03-02654,03,03-02,G267148E80383N,1999-07-25T00:00:00,-93.04213984954868,80.298844,168.6606663794062,0,1073.9174,1,COPDEM90,100.00000000
RGI2000-v7.0-G-03-02655,03,03-02,G267181E80278N,1999-07-25T00:00:00,-92.81902451329613,80.27951,5.766936708425134,0,1003.72864,1,COPDEM30,43.62022598
RGI2000-v7.0-G-03-02656,03,03-02,G267362E80268N,1999-07-25T00:00:00,-92.62863709508572,80.267492,0.506193186644372,0,1049.3538,2,COPDEM30,19.96061567
RGI2000-v7.0-G-03-02657,03,03-02,G267401E80221N,1999-07-25T00:00:00,-92.56547531481442,80.229465,17.26813999050272,0,1016.9851,2,COPDEM90,68.17693218
RGI2000-v7.0-G-03-02658,03,03-02,G267800E80228N,1999-07-25T00:00:00,-92.19470928410163,80.22744750000001,0.97812355507602,0,985.93787,2,COPDEM30,23.84601808
RGI2000-v7.0-G-03-02659,03,03-02,G267699E80247N,1999-07-25T00:00:00,-92.23001170487295,80.261899,18.70228371151532,0,1079.052,6,COPDEM90,70.54459189
RGI2000-v7.0-G-03-02660,03,03-02,G267906E80290N,1999-07-25T00:00:00,-92.16221860918377,80.2912025,24.58833811026981,0,1166.2992,4,COPDEM90,79.42128110
RGI2000-v7.0-G-03-02661,03,03-02,G267958E80305N,1999-07-25T00:00:00,-91.97101196254006,80.3107555,19.097381999535347,0,1005.6989,3,COPDEM90,71.18077208
RGI2000-v7.0-G-03-02662,03,03-02,G268273E80297N,1999-07-25T00:00:00,-91.72718267515724,80.2973405,0.300962244086248,0,982.88135,1,COPDEM30,17.68040362
RGI2000-v7.0-G-03-02663,03,03-02,G268283E80286N,1999-07-25T00:00:00,-91.72992237207335,80.2871165,3.323686158036333,0,1057.454,3,COPDEM30,35.52337139
RGI2000-v7.0-G-03-02664,03,03-02,G268292E80274N,1999-07-25T00:00:00,-91.70911162993121,80.274681,0.4870822092859,0,1061.2517,2,COPDEM30,19.77077853
RGI2000-v7.0-G-03-02665,03,03-02,G268149E80232N,1999-07-25T00:00:00,-91.85393896501527,80.235572,6.150410844302747,0,1098.4697,1,COPDEM30,44.72003061
RGI2000-v7.0-G-03-02666,03,03-02,G268049E80226N,1999-07-25T00:00:00,-91.94871158660183,80.228718,1.78181236130351,0,1137.3745,8,COPDEM30,28.68783623
RGI2000-v7.0-G-03-02667,03,03-02,G268021E80217N,1999-07-25T00:00:00,-91.97909184560325,80.2172435,0.67669864224617,0,1081.9191,7,COPDEM30,21.51663726
RGI2000-v7.0-G-03-02668,03,03-02,G268074E80198N,1999-07-25T00:00:00,-91.9825019216266,80.2083535,1.84588178870653,0,1116.2427,7,COPDEM30,29.02085252
RGI2000-v7.0-G-03-02669,03,03-02,G267977E80185N,1999-07-25T00:00:00,-92.02323650918217,80.185182,8.274343475637004,0,1103.8636,7,COPDEM30,50.27122200
RGI2000-v7.0-G-03-02670,03,03-02,G268105E80181N,1999-07-25T00:00:00,-91.8947037718994,80.181071,0.942549138775881,0,1247.8956,6,COPDEM30,23.59189579
RGI2000-v7.0-G-03-02671,03,03-02,G267926E80157N,1999-07-25T00:00:00,-92.07384341576125,80.15673749999999,58.50452656156826,0,1128.2358,8,COPDEM90,100.00000000
RGI2000-v7.0-G-03-02672,03,03-02,G267860E80140N,1999-07-25T00:00:00,-92.45970872487634,80.1524835,74.31351379646102,0,1142.9197,2,COPDEM90,100.00000000
RGI2000-v7.0-G-03-02673,03,03-02,G267378E80047N,1999-07-25T00:00:00,-92.5939455122682,80.090955,211.02483179411598,0,1213.4448,1,COPDEM90,100.00000000
RGI2000-v7.0-G-03-02674,03,03-02,G266821E80155N,1999-07-25T00:00:00,-93.17919255019184,80.155099,0.214376349722682,0,1092.2931,7,COPDEM30,16.48211112
RGI2000-v7.0-G-03-02675,03,03-02,G266692E80209N,1999-07-25T00:00:00,-93.66169898525096,80.1406255,132.3511637223824,0,1083.8112,7,COPDEM90,100.00000000
RGI2000-v7.0-G-03-02676,03,03-02,G266072E80202N,1999-07-25T00:00:00,-93.92726763318399,80.204001,1.283505872895429,0,838.0552,1,COPDEM30,25.86086855
RGI2000-v7.0-G-03-02677,03,03-02,G266293E80238N,1999-07-25T00:00:00,-93.70706619824644,80.23775649999999,11.760804075457116,0,610.5873,6,COPDEM30,58.01164024
RGI2000-v7.0-G-03-02678,03,03-02,G266269E80255N,1999-07-25T00:00:00,-93.74530125080236,80.255708,72.68873233415981,0,965.8106,7,COPDEM90,100.00000000
RGI2000-v7.0-G-03-02679,03,03-02,G266171E80313N,1999-07-25T00:00:00,-93.88193169913635,80.325894,24.187967437981936,0,768.2024,2,COPDEM90,78.85376982
RGI2000-v7.0-G-03-02680,03,03-02,G266064E80287N,1999-07-25T00:00:00,-94.12935430323964,80.30918299999999,28.29481649588447,0,763.15594,7,COPDEM90,84.47002104
RGI2000-v7.0-G-03-02681,03,03-02,G265548E80331N,1999-07-25T00:00:00,-94.34708222833049,80.344143,8.725866562170367,0,690.7699,2,COPDEM30,51.35540891
RGI2000-v7.0-G-03-02682,03,03-02,G266675E80411N,1999-07-25T00:00:00,-93.32061240259785,80.4136405,25.781341901597127,0,1027.5496,7,COPDEM90,81.08546274
RGI2000-v7.0-G-03-02683,03,03-02,G266665E80440N,1999-07-25T00:00:00,-93.29126530584796,80.445265,23.925975787981205,0,987.8999,7,COPDEM90,78.47986021
RGI2000-v7.0-G-03-02684,03,03-02,G266674E80474N,1999-07-25T00:00:00,-93.326459521222,80.4735355,8.4122514101755,0,1009.81055,8,COPDEM30,50.60543407
RGI2000-v7.0-G-03-02685,03,03-02,G266811E80482N,1999-07-25T00:00:00,-93.23598354602981,80.4908385,23.066541491185728,0,1011.7291,7,COPDEM90,77.23869520
RGI2000-v7.0-G-03-02686,03,03-02,G266535E80465N,1999-07-25T00:00:00,-93.46528655125832,80.4659345,0.982155064057989,0,760.94385,1,COPDEM30,23.87452315
RGI2000-v7.0-G-03-02687,03,03-02,G266525E80534N,1999-07-25T00:00:00,-93.49773798976167,80.5309925,5.170537920217357,0,779.7255,7,COPDEM30,41.83434360
RGI2000-v7.0-G-03-02688,03,03-02,G266509E80555N,1999-07-25T00:00:00,-93.49066502568428,80.5549485,1.278682922347004,0,855.69403,7,COPDEM30,25.83104080
RGI2000-v7.0-G-03-02689,03,03-02,G266508E80567N,1999-07-25T00:00:00,-93.50260017349974,80.56666,2.632512520622332,0,856.0206,8,COPDEM30,32.71502705
RGI2000-v7.0-G-03-02690,03,03-02,G266552E80583N,1999-07-25T00:00:00,-93.45084316622837,80.58138,0.694983408815061,0,782.09033,2,COPDEM30,21.67119309
RGI2000-v7.0-G-03-02691,03,03-02,G266495E80584N,1999-07-25T00:00:00,-93.50198658474187,80.58401,0.549458992064669,0,832.0416,8,COPDEM30,20.37757016
RGI2000-v7.0-G-03-02692,03,03-02,G266550E80591N,1999-07-25T00:00:00,-93.45154693569401,80.5907605,0.372689340440301,0,738.6014,2,COPDEM30,18.54676025
RGI2000-v7.0-G-03-02693,03,03-02,G266529E80602N,1999-07-25T00:00:00,-93.47076688850098,80.601268,0.899583269243474,0,713.82874,2,COPDEM30,23.27849091
RGI2000-v7.0-G-03-02694,03,03-02,G266446E80606N,1999-07-25T00:00:00,-93.55444466868646,80.6059415,0.075514963576177,0,814.6376,2,COPDEM30,13.84719805
RGI2000-v7.0-G-03-02695,03,03-02,G266446E80609N,1999-07-25T00:00:00,-93.5537838645977,80.60912300000001,0.072074748862804,0,720.665,2,COPDEM30,13.75854370
RGI2000-v7.0-G-03-02696,03,03-02,G266355E80617N,1999-07-25T00:00:00,-93.64461112131784,80.6174365,0.297395204964552,0,757.0178,1,COPDEM30,17.63475345
RGI2000-v7.0-G-03-02697,03,03-02,G266301E80610N,1999-07-25T00:00:00,-93.69933698337289,80.60986199999999,0.457878824744867,0,652.64374,1,COPDEM30,19.47334416
RGI2000-v7.0-G-03-02698,03,03-02,G266651E80646N,1999-07-25T00:00:00,-93.33535097236889,80.6439475,0.86039560747393,0,647.8556,1,COPDEM30,22.98605171
RGI2000-v7.0-G-03-02699,03,03-02,G266898E80580N,1999-07-25T00:00:00,-93.09526019448946,80.5787335,0.610355091858394,0,728.2889,1,COPDEM30,20.93753162
RGI2000-v7.0-G-03-02700,03,03-02,G266947E80570N,1999-07-25T00:00:00,-93.05613247630329,80.57135099999999,1.004073106611714,0,789.1315,2,COPDEM30,24.02848277
RGI2000-v7.0-G-03-02701,03,03-02,G266961E80560N,1999-07-25T00:00:00,-93.02743220754718,80.5631145,1.850088192589417,0,826.8429,2,COPDEM30,29.04251259
RGI2000-v7.0-G-03-02702,03,03-02,G266992E80548N,1999-07-25T00:00:00,-93.00810680555556,80.5481465,2.959527254872588,0,828.5044,3,COPDEM30,34.08458723
RGI2000-v7.0-G-03-02703,03,03-02,G267023E80523N,1999-07-25T00:00:00,-93.00583976389908,80.524897,16.9942444339885,0,1003.19977,2,COPDEM90,67.71370642
RGI2000-v7.0-G-03-02704,03,03-02,G267188E80523N,1999-07-25T00:00:00,-92.88993403286065,80.511062,18.31543538397418,0,925.2577,3,COPDEM90,69.91515113
RGI2000-v7.0-G-03-02705,03,03-02,G267191E80542N,1999-07-25T00:00:00,-92.81187259578117,80.5439265,1.268499656353338,0,863.512,1,COPDEM30,25.76787661
RGI2000-v7.0-G-03-02706,03,03-02,G267308E80535N,1999-07-25T00:00:00,-92.68960328170762,80.535533,0.202157778035154,0,1046.7765,2,COPDEM30,16.29467430
RGI2000-v7.0-G-03-02707,03,03-02,G267347E80528N,1999-07-25T00:00:00,-92.65408115909834,80.5273195,0.358360989415116,0,912.8308,2,COPDEM30,18.38085640
RGI2000-v7.0-G-03-02708,03,03-02,G267160E80576N,1999-07-25T00:00:00,-92.83953950222875,80.5763715,0.167709691626142,0,1070.3501,2,COPDEM30,15.73333233
RGI2000-v7.0-G-03-02709,03,03-02,G267213E80595N,1999-07-25T00:00:00,-92.7706010528903,80.59950599999999,1.99178173560679,0,966.89484,1,COPDEM30,29.75826967
RGI2000-v7.0-G-03-02710,03,03-02,G267311E80600N,1999-07-25T00:00:00,-92.6891165667939,80.60023000000001,0.506454371513206,0,865.8915,3,COPDEM30,19.96318507
RGI2000-v7.0-G-03-02711,03,03-02,G267139E80706N,1999-07-25T00:00:00,-92.79854380202968,80.708196,0.993004547055376,0,639.6108,1,COPDEM30,23.95094589
RGI2000-v7.0-G-03-02712,03,03-02,G267239E80717N,1999-07-25T00:00:00,-92.76064376805387,80.71849449999999,0.789812529363213,0,636.2174,1,COPDEM30,22.44199565
RGI2000-v7.0-G-03-02713,03,03-02,G267365E80728N,1999-07-25T00:00:00,-92.61928598446629,80.7300205,3.832262651581731,0,713.92566,1,COPDEM30,37.40663204
RGI2000-v7.0-G-03-02714,03,03-02,G267319E80743N,1999-07-25T00:00:00,-92.68929546152833,80.74214900000001,1.40752592432038,0,639.2188,1,COPDEM30,26.60948769
RGI2000-v7.0-G-03-02715,03,03-02,G267270E80748N,1999-07-25T00:00:00,-92.7330035064204,80.749556,0.266676750077657,0,680.96387,1,COPDEM30,17.22970560
RGI2000-v7.0-G-03-02716,03,03-02,G267060E80763N,1999-07-25T00:00:00,-92.94013516855746,80.76258,0.459642272053447,0,636.3829,2,COPDEM30,19.49156917
RGI2000-v7.0-G-03-02717,03,03-02,G267033E80788N,1999-07-25T00:00:00,-92.9781794516687,80.7884075,5.633451096389624,0,615.5697,1,COPDEM30,43.22884914
RGI2000-v7.0-G-03-02718,03,03-02,G267121E80796N,1999-07-25T00:00:00,-92.87882698433566,80.79647800000001,0.470711399331566,0,623.89514,2,COPDEM30,19.60517747
RGI2000-v7.0-G-03-02719,03,03-02,G267174E80813N,1999-07-25T00:00:00,-92.82565283187114,80.8129485,0.353620767392954,0,642.6913,7,COPDEM30,18.32524296
RGI2000-v7.0-G-03-02720,03,03-02,G267338E80840N,1999-07-25T00:00:00,-92.70804150541797,80.83301900000001,16.65054464024293,0,673.8341,1,COPDEM90,67.12711046
RGI2000-v7.0-G-03-02721,03,03-02,G267154E80846N,1999-07-25T00:00:00,-92.84619045666025,80.8463915,0.131101048299454,0,557.843,8,COPDEM30,15.06910302
RGI2000-v7.0-G-03-02722,03,03-02,G267344E80867N,1999-07-25T00:00:00,-92.64923590023164,80.865448,0.277757849630997,0,617.4371,7,COPDEM30,17.37838319
RGI2000-v7.0-G-03-02723,03,03-02,G267386E80871N,1999-07-25T00:00:00,-92.60954773129001,80.869202,0.783490774268988,0,561.0868,8,COPDEM30,22.39210199
RGI2000-v7.0-G-03-02724,03,03-02,G267477E80860N,1999-07-25T00:00:00,-92.55061644939997,80.8658125,5.741603281299421,0,738.3761,3,COPDEM30,43.54629999
RGI2000-v7.0-G-03-02725,03,03-02,G267506E80843N,1999-07-25T00:00:00,-92.49824377914982,80.842924,0.271706790643403,0,631.0497,4,COPDEM30,17.29757021
RGI2000-v7.0-G-03-02726,03,03-02,G267586E80829N,1999-07-25T00:00:00,-92.43601706525024,80.831428,2.304934309531735,0,723.04724,2,COPDEM30,31.25481415
RGI2000-v7.0-G-03-02727,03,03-02,G267660E80836N,1999-07-25T00:00:00,-92.34811036536941,80.8354205,0.243578490578633,0,709.9842,3,COPDEM30,16.90951403
RGI2000-v7.0-G-03-02728,03,03-02,G267642E80842N,1999-07-25T00:00:00,-92.36983670202582,80.8421185,0.359388049598048,0,680.62305,2,COPDEM30,18.39285754
RGI2000-v7.0-G-03-02729,03,03-02,G267655E80820N,1999-07-25T00:00:00,-92.34530522561893,80.8200095,0.153995959442373,0,581.39026,2,COPDEM30,15.49392465
RGI2000-v7.0-G-03-02730,03,03-02,G267656E80814N,1999-07-25T00:00:00,-92.34361072991383,80.813632,0.030712318466372,0,594.84863,3,COPDEM30,12.45349025
RGI2000-v7.0-G-03-02731,03,03-02,G267643E80810N,1999-07-25T00:00:00,-92.35660866874738,80.80986949999999,0.059057031609169,0,582.0081,4,COPDEM30,13.40223136
RGI2000-v7.0-G-03-02732,03,03-02,G267546E80815N,1999-07-25T00:00:00,-92.45366070020455,80.8152705,0.209570933590797,0,671.7162,4,COPDEM30,16.40904852
RGI2000-v7.0-G-03-02733,03,03-02,G267482E80824N,1999-07-25T00:00:00,-92.51770644613471,80.82377650000001,0.281307202008677,0,669.01526,1,COPDEM30,17.42537619
RGI2000-v7.0-G-03-02734,03,03-02,G267363E80795N,1999-07-25T00:00:00,-92.63716360534296,80.7954195,0.165603802081503,0,584.51715,2,COPDEM30,15.69722259
RGI2000-v7.0-G-03-02735,03,03-02,G266987E80809N,1999-07-25T00:00:00,-93.01317037848962,80.8092215,0.162702820285636,0,478.76508,2,COPDEM30,15.64710127
RGI2000-v7.0-G-03-02736,03,03-02,G266882E80807N,1999-07-25T00:00:00,-93.10797738015017,80.8069915,0.619632531917169,0,637.15063,3,COPDEM30,21.02034374
RGI2000-v7.0-G-03-02737,03,03-02,G266865E80816N,1999-07-25T00:00:00,-93.13611187411345,80.81550250000001,0.387830451870396,0,664.62683,1,COPDEM30,18.71864488
RGI2000-v7.0-G-03-02738,03,03-02,G266783E80811N,1999-07-25T00:00:00,-93.2173287841623,80.81142700000001,0.455251510004703,0,526.4074,7,COPDEM30,19.44612598
RGI2000-v7.0-G-03-02739,03,03-02,G266800E80803N,1999-07-25T00:00:00,-93.19967225877532,80.8026375,0.186359171792035,0,519.2154,7,COPDEM30,16.04370728
RGI2000-v7.0-G-03-02740,03,03-02,G266885E80790N,1999-07-25T00:00:00,-93.11546132697416,80.790054,0.215862284899447,0,461.49283,8,COPDEM30,16.50453748
RGI2000-v7.0-G-03-02741,03,03-02,G266939E80823N,1999-07-25T00:00:00,-93.06075691367417,80.8230685,0.125560503293907,0,437.49976,2,COPDEM30,14.96083245
RGI2000-v7.0-G-03-02742,03,03-02,G266768E80833N,1999-07-25T00:00:00,-93.2315458932039,80.83259749999999,0.310957213489298,0,597.34326,2,COPDEM30,17.80689528
RGI2000-v7.0-G-03-02743,03,03-02,G266726E80825N,1999-07-25T00:00:00,-93.27416236590875,80.8252715,0.341735148779412,0,525.5449,8,COPDEM30,18.18413643
RGI2000-v7.0-G-03-02744,03,03-02,G266317E80850N,1999-07-24T00:00:00,-93.6783684114053,80.8519255,1.010014792078274,0,419.85477,1,COPDEM30,24.06992890
RGI2000-v7.0-G-03-02745,03,03-02,G266191E80860N,1999-07-24T00:00:00,-93.80899093993365,80.8602065,2.292773345158782,0,549.38275,3,COPDEM30,31.19866920
RGI2000-v7.0-G-03-02746,03,03-02,G266142E80858N,1999-07-24T00:00:00,-93.90555282948796,80.861903,3.975562403876836,0,531.0358,8,COPDEM30,37.91433738
RGI2000-v7.0-G-03-02747,03,03-02,G266155E80879N,1999-07-24T00:00:00,-93.84531602391417,80.879082,0.479854112942235,0,538.7352,8,COPDEM30,19.69801042
RGI2000-v7.0-G-03-02748,03,03-02,G266236E80884N,1999-07-24T00:00:00,-93.75951013034415,80.88347049999999,4.80661541272287,0,449.61774,2,COPDEM30,40.69359251
RGI2000-v7.0-G-03-02749,03,03-02,G266191E80914N,1999-07-24T00:00:00,-93.82255321965835,80.9117425,1.665753792601629,0,478.2968,2,COPDEM30,28.06897184
RGI2000-v7.0-G-03-02750,03,03-02,G266117E80924N,1999-07-24T00:00:00,-93.87666212087548,80.924309,1.637747238923328,0,472.02246,1,COPDEM30,27.91642986
RGI2000-v7.0-G-03-02751,03,03-02,G266083E80902N,1999-07-24T00:00:00,-93.92396144624644,80.900398,1.269132806327216,0,368.80548,8,COPDEM30,25.77181125
RGI2000-v7.0-G-03-02752,03,03-02,G265783E80894N,1999-07-24T00:00:00,-94.21664580671901,80.8936525,0.446848963754642,0,293.31415,2,COPDEM30,19.35854673
RGI2000-v7.0-G-03-02753,03,03-02,G265770E80908N,1999-07-24T00:00:00,-94.23048955331183,80.907862,0.35174261350628,0,327.65045,2,COPDEM30,18.30310498
RGI2000-v7.0-G-03-02754,03,03-02,G265660E80877N,1999-07-24T00:00:00,-94.34225208460452,80.8778255,0.879940047566192,0,247.07997,1,COPDEM30,23.13271675
RGI2000-v7.0-G-03-02755,03,03-02,G265750E80872N,1999-07-24T00:00:00,-94.24991366408084,80.8723455,0.465616310892041,0,251.42462,1,COPDEM30,19.55305171
RGI2000-v7.0-G-03-02756,03,03-02,G265667E80853N,1999-07-24T00:00:00,-94.32768738961857,80.85020650000001,2.289275384258243,0,271.33398,8,COPDEM30,31.18249219
RGI2000-v7.0-G-03-02757,03,03-02,G265603E80830N,1999-07-24T00:00:00,-94.36027197566727,80.82464,2.539369040569078,0,332.9293,2,COPDEM30,32.30955696
RGI2000-v7.0-G-03-02758,03,03-02,G265496E80866N,1999-07-24T00:00:00,-94.52448165581407,80.858561,7.452219502624335,0,239.96835,2,COPDEM30,48.21825510
RGI2000-v7.0-G-03-02759,03,03-02,G265386E80884N,1999-07-24T00:00:00,-94.61253212305263,80.88501,13.813533572488655,0,250.28432,2,COPDEM90,62.03318730
RGI2000-v7.0-G-03-02760,03,03-02,G265286E80878N,1999-07-24T00:00:00,-94.71334661405682,80.8783345,0.040892901900206,0,310.87952,8,COPDEM30,12.83107908
RGI2000-v7.0-G-03-02761,03,03-02,G265216E80884N,1999-07-24T00:00:00,-94.77991582407407,80.884545,1.061605202030312,0,221.44318,1,COPDEM30,24.42479184
RGI2000-v7.0-G-03-02762,03,03-02,G265224E80924N,1999-07-24T00:00:00,-94.78169704635371,80.9255805,3.059628013201242,0,218.9844,1,COPDEM30,34.48850936
RGI2000-v7.0-G-03-02763,03,03-02,G265079E80925N,1999-07-24T00:00:00,-94.92572306007642,80.92467350000001,0.602885055144701,0,285.6567,2,COPDEM30,20.87039423
RGI2000-v7.0-G-03-02764,03,03-02,G265276E80960N,1999-07-24T00:00:00,-94.7216435119283,80.95891800000001,1.012912787467133,0,259.82346,3,COPDEM30,24.09009959
RGI2000-v7.0-G-03-02765,03,03-02,G265359E80939N,1999-07-24T00:00:00,-94.64019146356783,80.9394195,1.021222987113803,0,195.03268,3,COPDEM30,24.14778094
RGI2000-v7.0-G-03-02766,03,03-02,G265472E81001N,1999-07-24T00:00:00,-94.53052922391873,81.00147,0.531859060421994,0,108.69318,2,COPDEM30,20.21001351
RGI2000-v7.0-G-03-02767,03,03-02,G266150E80843N,1999-07-24T00:00:00,-93.8496985541125,80.84268900000001,1.49486530598805,0,559.12006,4,COPDEM30,27.11705582
RGI2000-v7.0-G-03-02768,03,03-02,G266151E80828N,1999-07-24T00:00:00,-93.84955574292464,80.82803200000001,0.743488732024182,0,431.9203,2,COPDEM30,22.07161097
RGI2000-v7.0-G-03-02769,03,03-02,G267306E80888N,1999-07-25T00:00:00,-92.70413371555148,80.8862185,2.133948177564629,0,724.2405,2,COPDEM30,30.45125529
RGI2000-v7.0-G-03-02770,03,03-02,G267474E80913N,1999-07-25T00:00:00,-92.52592862829285,80.913216,0.264118143776193,0,535.03284,2,COPDEM30,17.19493962
RGI2000-v7.0-G-03-02771,03,03-02,G267025E80978N,1999-07-24T00:00:00,-92.97950645112354,80.978151,1.128624178749605,0,541.07947,1,COPDEM30,24.87314153
RGI2000-v7.0-G-03-02772,03,03-02,G267076E80986N,1999-07-24T00:00:00,-92.9356116831074,80.99183550000001,1.92124378626121,0,527.1704,1,COPDEM30,29.40525141
RGI2000-v7.0-G-03-02773,03,03-02,G267029E80995N,1999-07-24T00:00:00,-92.98603622735953,80.9977365,0.582018950935122,0,407.2706,1,COPDEM30,20.68062331
RGI2000-v7.0-G-03-02774,03,03-02,G266824E81003N,1999-07-24T00:00:00,-93.08275733932568,80.9965005,3.460555010347381,0,453.59982,1,COPDEM30,36.04359388
RGI2000-v7.0-G-03-02775,03,03-02,G267647E81210N,1999-07-24T00:00:00,-92.35878760588245,81.21313850000001,1.433718583070508,0,420.96082,1,COPDEM30,26.76331836
RGI2000-v7.0-G-03-02776,03,03-02,G267632E81249N,1999-07-24T00:00:00,-92.36759772891043,81.2489955,0.632917849011729,0,336.4082,2,COPDEM30,21.13785879
RGI2000-v7.0-G-03-02777,03,03-02,G267486E81241N,1999-07-24T00:00:00,-92.51384413224451,81.2408595,9.139998756440386,0,407.10483,4,COPDEM30,52.32540320
RGI2000-v7.0-G-03-02778,03,03-02,G267542E81273N,1999-07-24T00:00:00,-92.45848054747823,81.272518,0.307760115475863,0,209.29428,2,COPDEM30,17.76665840
RGI2000-v7.0-G-03-02779,03,03-02,G267376E81257N,1999-07-24T00:00:00,-92.64041563430447,81.26845,14.000570175439076,0,445.5608,2,COPDEM90,62.38427010
RGI2000-v7.0-G-03-02780,03,03-02,G267248E81259N,1999-07-24T00:00:00,-92.75157486359774,81.258917,5.627700840942948,0,509.89832,6,COPDEM30,43.21188590
RGI2000-v7.0-G-03-02781,03,03-02,G267154E81291N,1999-07-24T00:00:00,-92.86475834993163,81.2942885,6.961709692160004,0,431.2733,8,COPDEM30,46.93907280
RGI2000-v7.0-G-03-02782,03,03-02,G267096E81309N,1999-07-24T00:00:00,-92.904480651489,81.30910750000001,0.873421638037535,0,248.67053,2,COPDEM30,23.08398414
RGI2000-v7.0-G-03-02783,03,03-02,G266973E81332N,1999-07-24T00:00:00,-93.02452890625001,81.332732,0.370879420031198,0,507.72665,2,COPDEM30,18.52598184
RGI2000-v7.0-G-03-02784,03,03-02,G266895E81267N,1999-07-24T00:00:00,-93.13184759164204,81.27869000000001,17.878223973421942,0,197.99731,7,COPDEM90,69.19570845
RGI2000-v7.0-G-03-02785,03,03-02,G266626E81274N,1999-07-24T00:00:00,-93.37391432797799,81.2744485,0.12951832836162,0,68.83602,8,COPDEM30,15.03841169
RGI2000-v7.0-G-03-02786,03,03-02,G266464E81289N,1999-07-24T00:00:00,-93.539715790995,81.287603,0.240549662322203,0,89.92793,2,COPDEM30,16.86642074
RGI2000-v7.0-G-03-02787,03,03-02,G266208E81292N,1999-07-24T00:00:00,-93.59998507339233,81.2840425,21.59738940797093,0,228.99902,2,COPDEM90,75.06218813
RGI2000-v7.0-G-03-02788,03,03-02,G266283E81305N,1999-07-24T00:00:00,-93.72504914039138,81.3046805,0.498847899426004,0,174.31923,2,COPDEM30,19.88808315
RGI2000-v7.0-G-03-02789,03,03-02,G266221E81330N,1999-07-24T00:00:00,-93.77381260232563,81.328156,1.21285393169602,0,43.839775,2,COPDEM30,25.41815069
RGI2000-v7.0-G-03-02790,03,03-02,G266114E81290N,1999-07-24T00:00:00,-93.88643073842593,81.29004499999999,0.639751421299381,0,398.31366,7,COPDEM30,21.19782473
RGI2000-v7.0-G-03-02791,03,03-02,G266187E81284N,1999-07-24T00:00:00,-93.8131963389797,81.2839175,1.567929417768848,0,334.26407,5,COPDEM30,27.53037837
RGI2000-v7.0-G-03-02792,03,03-02,G265918E81278N,1999-07-24T00:00:00,-94.07246868031092,81.2728805,1.765071011805356,0,155.26521,2,COPDEM30,28.59983651
RGI2000-v7.0-G-03-02793,03,03-02,G265801E81286N,1999-07-24T00:00:00,-94.19766931895325,81.28572,0.63788694732965,0,133.6,8,COPDEM30,21.18149550
RGI2000-v7.0-G-03-02794,03,03-02,G265770E81258N,1999-07-24T00:00:00,-94.21155445291589,81.2564275,1.118224081954916,0,98.12232,8,COPDEM30,24.80445609
RGI2000-v7.0-G-03-02795,03,03-02,G266317E81244N,1999-07-24T00:00:00,-93.68541435722042,81.241728,0.353197792335915,0,255.66006,3,COPDEM30,18.32026245
RGI2000-v7.0-G-03-02796,03,03-02,G266583E80555N,1999-07-25T00:00:00,-93.38129249178354,80.561616,3.833014737547171,0,804.05164,2,COPDEM30,37.40932120
RGI2000-v7.0-G-03-02797,03,03-02,G266712E80544N,1999-07-25T00:00:00,-93.27347147186768,80.54167100000001,20.707440404376992,0,917.39014,1,COPDEM90,73.70760017
RGI2000-v7.0-G-03-02798,03,03-02,G267164E80463N,1999-07-25T00:00:00,-92.90543800471994,80.462412,131.08211590884088,0,1121.7632,1,COPDEM90,100.00000000
RGI2000-v7.0-G-03-02799,03,03-02,G267621E80435N,1999-07-25T00:00:00,-92.34536457545272,80.4412485,17.914249712056673,0,1086.168,2,COPDEM90,69.25531996
RGI2000-v7.0-G-03-02800,03,03-02,G267508E80453N,1999-07-25T00:00:00,-92.32321659474673,80.468801,9.16638659120249,0,928.3954,3,COPDEM30,52.38645741
RGI2000-v7.0-G-03-02801,03,03-02,G267829E80433N,1999-07-25T00:00:00,-92.17050466325995,80.43321399999999,3.214413636930344,0,928.66003,2,COPDEM30,35.10030025
RGI2000-v7.0-G-03-02802,03,03-02,G267680E80389N,1999-07-25T00:00:00,-92.22633485939474,80.397493,141.4086612611542,0,1108.5931,2,COPDEM90,100.00000000
RGI2000-v7.0-G-03-02803,03,03-02,G267485E80317N,1999-07-25T00:00:00,-92.47234462500015,80.3166115,50.34366878492702,0,1210.5779,6,COPDEM90,100.00000000
RGI2000-v7.0-G-03-02804,03,03-02,G267324E80343N,1999-07-25T00:00:00,-92.6670309995055,80.3336205,9.84183982585275,0,1096.4268,6,COPDEM30,53.92038941
RGI2000-v7.0-G-03-02805,03,03-02,G267192E80350N,1999-07-25T00:00:00,-92.81303994855301,80.34092150000001,6.578546708813536,0,1216.5674,6,COPDEM30,45.90814887
RGI2000-v7.0-G-03-02806,03,03-02,G266829E80383N,1999-07-25T00:00:00,-93.17294362037384,80.36602500000001,3.716658847511427,0,984.32764,6,COPDEM30,36.99009326
RGI2000-v7.0-G-03-02807,03,03-02,G266709E80384N,1999-07-25T00:00:00,-93.25557551993415,80.381787,12.67538822327824,0,981.4097,6,COPDEM30,59.84351605
RGI2000-v7.0-G-03-02808,03,03-02,G268263E80213N,1999-07-25T00:00:00,-91.72694076118553,80.215298,28.678533803005756,0,1084.547,2,COPDEM90,84.97327941
RGI2000-v7.0-G-03-02809,03,03-02,G268468E80209N,1999-07-25T00:00:00,-91.53364433400391,80.20871199999999,0.42880989864402,0,976.6854,1,COPDEM30,19.16770092
RGI2000-v7.0-G-03-02810,03,03-02,G268233E80180N,1999-07-25T00:00:00,-91.5776991969945,80.168284,32.89020406654041,0,1142.8644,2,COPDEM90,90.28997445
RGI2000-v7.0-G-03-02811,03,03-02,G268829E80121N,1999-07-25T00:00:00,-91.17543045962343,80.12108599999999,0.240636333774379,0,1071.5397,1,COPDEM30,16.86765764
RGI2000-v7.0-G-03-02812,03,03-02,G268913E80088N,1999-07-25T00:00:00,-91.05572042504228,80.0888885,6.734777782684868,0,1133.7231,3,COPDEM30,46.33203057
RGI2000-v7.0-G-03-02813,03,03-02,G268787E80008N,1999-07-25T00:00:00,-91.10002529510848,80.044195,50.24911147475437,0,1194.7206,2,COPDEM90,100.00000000
RGI2000-v7.0-G-03-02814,03,03-02,G269029E80011N,1999-07-25T00:00:00,-90.90487209525453,80.01925800000001,8.098499999566153,0,1163.9065,2,COPDEM30,49.84100902
RGI2000-v7.0-G-03-02815,03,03-02,G269187E80010N,1999-07-25T00:00:00,-90.813444569148,80.00950499999999,5.16653764763335,0,1206.5535,1,COPDEM30,41.82202663
RGI2000-v7.0-G-03-02816,03,03-02,G269154E80054N,1999-07-25T00:00:00,-90.84793856540409,80.052723,0.648295842982052,0,1091.0636,8,COPDEM30,21.27235491
RGI2000-v7.0-G-03-02817,03,03-02,G269179E80057N,1999-07-25T00:00:00,-90.82061361319094,80.05746149999999,0.224385081481426,0,1094.1328,8,COPDEM30,16.63170234
RGI2000-v7.0-G-03-02818,03,03-02,G269063E79985N,1999-07-25T00:00:00,-91.00190292672852,79.9566355,364.9584276421762,0,1356.9836,2,COPDEM90,100.00000000
RGI2000-v7.0-G-03-02819,03,03-02,G269538E79839N,1999-07-25T00:00:00,-90.83839686057811,79.844711,513.2395251441536,0,1363.9398,2,COPDEM90,100.00000000
RGI2000-v7.0-G-03-02820,03,03-02,G269910E79855N,1999-07-25T00:00:00,-90.09021318748596,79.8545355,3.06019940597309,0,947.1693,3,COPDEM30,34.49079590
RGI2000-v7.0-G-03-02821,03,03-02,G269923E79820N,1999-07-25T00:00:00,-90.07171935342802,79.8230965,8.586002956979844,0,1161.7223,2,COPDEM30,51.02263497
RGI2000-v7.0-G-03-02822,03,03-02,G269900E79733N,1999-07-25T00:00:00,-89.98890977108076,79.729356,272.7106089959568,0,1200.7035,2,COPDEM90,100.00000000
RGI2000-v7.0-G-03-02823,03,03-02,G270171E79612N,1999-07-25T00:00:00,-89.706682410485,79.6341995,28.291044368090954,0,1043.5422,4,COPDEM90,84.46505688
RGI2000-v7.0-G-03-02824,03,03-02,G270195E79595N,1999-07-25T00:00:00,-89.78935043103169,79.59591499999999,1.156205027649138,0,1069.7524,2,COPDEM30,25.05377645
RGI2000-v7.0-G-03-02825,03,03-02,G269984E79617N,1999-07-25T00:00:00,-90.04175407297052,79.59907,87.03127909362092,0,1154.9426,3,COPDEM90,100.00000000
RGI2000-v7.0-G-03-02826,03,03-02,G269745E79581N,1999-07-25T00:00:00,-90.20200964657998,79.5697215,11.526987030810837,0,1184.4877,5,COPDEM30,57.53198353
RGI2000-v7.0-G-03-02827,03,03-02,G269677E79559N,1999-07-25T00:00:00,-90.31926055644173,79.550661,5.308518402863871,0,1048.7795,6,COPDEM30,42.25631112
RGI2000-v7.0-G-03-02828,03,03-02,G269625E79570N,1999-07-25T00:00:00,-90.38102356408776,79.5693825,0.780403842233323,0,1111.8405,7,COPDEM30,22.36766563
RGI2000-v7.0-G-03-02829,03,03-02,G269330E79673N,1999-07-25T00:00:00,-90.65968758138646,79.58742000000001,369.27913428812644,0,1203.0168,4,COPDEM90,100.00000000
RGI2000-v7.0-G-03-02830,03,03-02,G269329E79672N,1999-07-25T00:00:00,-90.82109580941562,79.48568499999999,40.00067621658897,0,1167.246,4,COPDEM90,98.54452292
RGI2000-v7.0-G-03-02831,03,03-02,G269093E79466N,1999-07-25T00:00:00,-90.9073037146011,79.465783,0.087239401943611,0,1058.0154,4,COPDEM30,14.13508437
RGI2000-v7.0-G-03-02832,03,03-02,G269064E79464N,1999-07-25T00:00:00,-90.93571531486205,79.46351250000001,0.272984753915821,0,1190.3801,4,COPDEM30,17.31471201
RGI2000-v7.0-G-03-02833,03,03-02,G269047E79461N,1999-07-25T00:00:00,-90.95349865372748,79.461291,0.152134189797119,0,1077.8641,5,COPDEM30,15.46061363
RGI2000-v7.0-G-03-02834,03,03-02,G269026E79463N,1999-07-25T00:00:00,-90.97390255142344,79.462771,1.246958697286965,0,1052.2726,6,COPDEM30,25.63342268
RGI2000-v7.0-G-03-02835,03,03-02,G269033E79464N,1999-07-25T00:00:00,-90.98723115361328,79.4506285,1.639799414987489,0,916.34717,1,COPDEM30,27.92765142
RGI2000-v7.0-G-03-02836,03,03-02,G269034E79442N,1999-07-25T00:00:00,-90.96204908020033,79.4398435,0.743029452391405,0,1024.4875,5,COPDEM30,22.06788186
RGI2000-v7.0-G-03-02837,03,03-02,G268968E79443N,1999-07-25T00:00:00,-91.03740683052425,79.4409545,0.67734085075888,0,1012.5745,6,COPDEM30,21.52210080
RGI2000-v7.0-G-03-02838,03,03-02,G268938E79498N,1999-07-25T00:00:00,-91.1470191947684,79.4629955,45.636031669204556,0,1006.7933,5,COPDEM90,100.00000000
RGI2000-v7.0-G-03-02839,03,03-02,G268709E79472N,1999-07-25T00:00:00,-91.2823643030888,79.463378,6.117415602504455,0,898.37427,6,COPDEM30,44.62677372
RGI2000-v7.0-G-03-02840,03,03-02,G268607E79472N,1999-07-25T00:00:00,-91.39332179820363,79.47224200532162,0.542869199560346,0,895.2429,4,COPDEM30,20.31515211
RGI2000-v7.0-G-03-02841,03,03-02,G268639E79478N,1999-07-25T00:00:00,-91.42666762471279,79.46726,0.670327018674084,0,987.1592,7,COPDEM30,21.46229016
RGI2000-v7.0-G-03-02842,03,03-02,G268638E79485N,1999-07-25T00:00:00,-91.37491221603901,79.4826415,3.838281081599043,0,917.9759,7,COPDEM30,37.42814416
RGI2000-v7.0-G-03-02843,03,03-02,G268629E79496N,1999-07-25T00:00:00,-91.37096963196532,79.495814,1.76833888604511,0,988.21423,2,COPDEM30,28.61704653
RGI2000-v7.0-G-03-02844,03,03-02,G268489E79489N,1999-07-25T00:00:00,-91.50286548176402,79.489063,0.461168967095853,0,904.90015,1,COPDEM30,19.50731916
RGI2000-v7.0-G-03-02845,03,03-02,G268528E79535N,1999-07-25T00:00:00,-91.47224803207394,79.534936,0.593662330052761,0,1015.5536,8,COPDEM30,20.78692805
RGI2000-v7.0-G-03-02846,03,03-02,G268539E79543N,1999-07-25T00:00:00,-91.46109187478942,79.5431885,0.229318856167466,0,634.5682,1,COPDEM30,16.70421478
RGI2000-v7.0-G-03-02847,03,03-02,G268455E79577N,1999-07-25T00:00:00,-91.54542163342884,79.57699149999999,0.141175204148748,0,811.5561,7,COPDEM30,15.26026045
RGI2000-v7.0-G-03-02848,03,03-02,G268585E79516N,1999-07-25T00:00:00,-91.28764749779543,79.5225925,63.86719286280844,0,854.73914,7,COPDEM90,100.00000000
RGI2000-v7.0-G-03-02849,03,03-02,G267715E79629N,1999-07-25T00:00:00,-91.87623705503971,79.668336,1019.8340136090242,0,1020.9865,6,COPDEM90,100.00000000
RGI2000-v7.0-G-03-02850,03,03-02,G267484E79598N,1999-07-25T00:00:00,-92.51644774389324,79.598233,0.040823923673328,0,884.98645,2,COPDEM30,12.82869034
RGI2000-v7.0-G-03-02851,03,03-02,G267456E79603N,1999-07-25T00:00:00,-92.54418577897351,79.6031445,0.201208160897751,0,992.291,2,COPDEM30,16.27987257
RGI2000-v7.0-G-03-02852,03,03-02,G267412E79607N,1999-07-25T00:00:00,-92.57798662917202,79.607662,2.088315895627094,0,735.80597,2,COPDEM30,30.23140913
RGI2000-v7.0-G-03-02853,03,03-02,G267456E79588N,1999-07-25T00:00:00,-92.54577405566872,79.585452,7.379974719139338,0,754.5384,2,COPDEM30,48.03255244
RGI2000-v7.0-G-03-02854,03,03-02,G267495E79568N,1999-07-25T00:00:00,-92.4553131188006,79.5691175,2.593114224371314,0,685.9238,2,COPDEM30,32.54440924
RGI2000-v7.0-G-03-02855,03,03-02,G267527E79558N,1999-07-25T00:00:00,-92.47266984333163,79.558216,0.067192277505171,0,1188.7607,4,COPDEM30,13.62900625
RGI2000-v7.0-G-03-02856,03,03-02,G267409E79553N,1999-07-25T00:00:00,-92.47248793568333,79.5473345,1.579031021628883,0,800.31146,2,COPDEM30,27.59233015
RGI2000-v7.0-G-03-02857,03,03-02,G267540E79541N,1999-07-25T00:00:00,-92.46035826240467,79.540562,0.527513719072483,0,849.2028,2,COPDEM30,20.16821956
RGI2000-v7.0-G-03-02858,03,03-02,G267566E79527N,1999-07-25T00:00:00,-92.46648087709953,79.53084000000001,5.593330600668089,0,715.45886,2,COPDEM30,43.11031256
RGI2000-v7.0-G-03-02859,03,03-02,G267558E79518N,1999-07-25T00:00:00,-92.44205785598172,79.51778200000001,0.913606357444929,0,849.73865,8,COPDEM30,23.38158608
RGI2000-v7.0-G-03-02860,03,03-02,G267613E79522N,1999-07-25T00:00:00,-92.3871954950996,79.5217855,0.598350019002839,0,737.91833,2,COPDEM30,20.82943229
RGI2000-v7.0-G-03-02861,03,03-02,G267590E79558N,1999-07-25T00:00:00,-92.41011974275322,79.55848449999999,0.100053623186251,0,641.29224,1,COPDEM30,14.42837556
RGI2000-v7.0-G-03-02862,03,03-02,G267393E79531N,1999-07-25T00:00:00,-92.60739529118393,79.5308515,1.551300042959193,0,708.28625,3,COPDEM30,27.43716744
RGI2000-v7.0-G-03-02863,03,03-02,G267355E79537N,1999-07-25T00:00:00,-92.65080137032628,79.5419785,15.906870786332215,0,788.3183,7,COPDEM90,65.83678603
RGI2000-v7.0-G-03-02864,03,03-02,G267269E79543N,1999-07-25T00:00:00,-92.7310008361867,79.5429525,0.167840163727843,0,843.22266,6,COPDEM30,15.73556206
RGI2000-v7.0-G-03-02865,03,03-02,G267244E79549N,1999-07-25T00:00:00,-92.75648099691085,79.549064,0.085378793022681,0,995.4966,8,COPDEM30,14.09075096
RGI2000-v7.0-G-03-02866,03,03-02,G267234E79549N,1999-07-25T00:00:00,-92.7660045982143,79.54873900000001,0.059493413019451,0,940.1198,1,COPDEM30,13.41477802
RGI2000-v7.0-G-03-02867,03,03-02,G267216E79567N,1999-07-25T00:00:00,-92.78428640829142,79.56706199999999,0.046138953198252,0,891.6557,8,COPDEM30,13.00719717
RGI2000-v7.0-G-03-02868,03,03-02,G267230E79569N,1999-07-25T00:00:00,-92.76980416454589,79.56887499999999,0.119553691327567,0,997.63306,7,COPDEM30,14.84071518
RGI2000-v7.0-G-03-02869,03,03-02,G266951E79571N,1999-07-25T00:00:00,-93.04645250731198,79.5693205,0.679156955709459,0,683.5558,3,COPDEM30,21.53753714
RGI2000-v7.0-G-03-02870,03,03-02,G266924E79577N,1999-07-25T00:00:00,-93.09490285388881,79.5675655,4.235078608289191,0,644.6002,8,COPDEM30,38.81102926
RGI2000-v7.0-G-03-02871,03,03-02,G266882E79585N,1999-07-25T00:00:00,-93.11816042421844,79.5846415,2.767704144761418,0,705.4933,7,COPDEM30,33.29098565
RGI2000-v7.0-G-03-02872,03,03-02,G266911E79598N,1999-07-25T00:00:00,-93.09833029455157,79.59860599999999,1.198140630840153,0,902.5458,7,COPDEM30,25.32434546
RGI2000-v7.0-G-03-02873,03,03-02,G266886E79605N,1999-07-25T00:00:00,-93.12093148929017,79.605883,1.333807545842659,0,918.98254,7,COPDEM30,26.16868204
RGI2000-v7.0-G-03-02874,03,03-02,G266861E79612N,1999-07-25T00:00:00,-93.1640564714989,79.6110405,1.298822048995148,0,884.23486,7,COPDEM30,25.95522239
RGI2000-v7.0-G-03-02875,03,03-02,G266730E79635N,1999-07-25T00:00:00,-93.20336225765098,79.6267355,9.726946801572048,0,820.9478,6,COPDEM30,53.66327488
RGI2000-v7.0-G-03-02876,03,03-02,G266725E79660N,1999-07-25T00:00:00,-93.27121222512517,79.655847,6.082135470297183,0,946.76117,7,COPDEM30,44.52678022
RGI2000-v7.0-G-03-02877,03,03-02,G266658E79671N,1999-07-25T00:00:00,-93.33558217095914,79.671213,0.412719646179321,0,1006.57245,8,COPDEM30,18.99405641
RGI2000-v7.0-G-03-02878,03,03-02,G266370E79644N,1999-07-25T00:00:00,-93.63233426511334,79.645026,0.185992314329196,0,615.26636,1,COPDEM30,16.03775568
RGI2000-v7.0-G-03-02879,03,03-02,G266263E79665N,1999-07-25T00:00:00,-93.73567042641196,79.667271,0.661160094087869,0,735.2456,1,COPDEM30,21.38364522
RGI2000-v7.0-G-03-02880,03,03-02,G266253E79643N,1999-07-25T00:00:00,-93.82975320780508,79.6340575,14.130939202455824,0,972.23047,2,COPDEM90,62.62759812
RGI2000-v7.0-G-03-02881,03,03-02,G266293E79608N,1999-07-25T00:00:00,-93.66398961570299,79.6010665,49.7991399369681,0,720.1932,2,COPDEM90,100.00000000
RGI2000-v7.0-G-03-02882,03,03-02,G266497E79565N,1999-07-25T00:00:00,-93.49087576408402,79.57042,14.295462774067495,0,689.3523,3,COPDEM90,62.93307760
RGI2000-v7.0-G-03-02883,03,03-02,G266394E79559N,1999-07-25T00:00:00,-93.57914301665417,79.5129555,30.400671497947013,0,674.03503,3,COPDEM90,87.19152553
RGI2000-v7.0-G-03-02884,03,03-02,G266493E79479N,1999-07-25T00:00:00,-93.50824052263657,79.4809095,0.62412888646419,0,464.6181,2,COPDEM30,21.06025595
RGI2000-v7.0-G-03-02885,03,03-02,G266304E79505N,1999-07-25T00:00:00,-93.79396344950213,79.492695,15.174951916275653,0,662.9385,6,COPDEM90,64.53705690
RGI2000-v7.0-G-03-02886,03,03-02,G266215E79519N,1999-07-25T00:00:00,-93.87067468657004,79.5148545,36.155824846943766,0,605.3384,6,COPDEM90,94.18159936
RGI2000-v7.0-G-03-02887,03,03-02,G266112E79561N,1999-07-25T00:00:00,-94.05153733345335,79.544201,98.5729477794941,0,611.64844,6,COPDEM90,100.00000000
RGI2000-v7.0-G-03-02888,03,03-02,G265769E79584N,1999-07-25T00:00:00,-94.29648643049944,79.58629,17.352311687356792,0,617.2681,7,COPDEM90,68.31854843
RGI2000-v7.0-G-03-02889,03,03-02,G265581E79608N,1999-07-25T00:00:00,-94.41945556429835,79.6078465,0.145695492961087,0,579.9663,7,COPDEM30,15.34381106
RGI2000-v7.0-G-03-02890,03,03-02,G265555E79605N,1999-07-25T00:00:00,-94.44524427053076,79.6047375,0.234114526878462,0,567.7549,8,COPDEM30,16.77395359
RGI2000-v7.0-G-03-02891,03,03-02,G265528E79602N,1999-07-25T00:00:00,-94.47204513390034,79.602071,0.14844511354546,0,559.3621,8,COPDEM30,15.39400058
RGI2000-v7.0-G-03-02892,03,03-02,G265490E79604N,1999-07-25T00:00:00,-94.50357842064017,79.60535250000001,1.835648497882547,0,495.06436,1,COPDEM30,28.96805487
RGI2000-v7.0-G-03-02893,03,03-02,G265615E79615N,1999-07-25T00:00:00,-94.38540447927225,79.614775,0.099885592449154,0,457.66214,2,COPDEM30,14.42465548
RGI2000-v7.0-G-03-02894,03,03-02,G265824E79606N,1999-07-25T00:00:00,-94.22073452148959,79.61498900000001,20.074239387999757,0,667.0603,8,COPDEM90,72.72599876
RGI2000-v7.0-G-03-02895,03,03-02,G265887E79623N,1999-07-25T00:00:00,-94.17333572819723,79.6276995,2.359470954577166,0,772.6473,7,COPDEM30,31.50479730
RGI2000-v7.0-G-03-02896,03,03-02,G265902E79636N,1999-07-25T00:00:00,-94.09219878650228,79.634995,1.904991046602839,0,983.9396,7,COPDEM30,29.32299783
RGI2000-v7.0-G-03-02897,03,03-02,G266179E79656N,1999-07-25T00:00:00,-94.15517743245985,79.66068,28.57357266979119,0,732.1934,1,COPDEM90,84.83595555
RGI2000-v7.0-G-03-02898,03,03-02,G265954E79666N,1999-07-25T00:00:00,-94.08485185936941,79.6721055,2.595032630607451,0,818.41895,8,COPDEM30,32.55274696
RGI2000-v7.0-G-03-02899,03,03-02,G265978E79677N,1999-07-25T00:00:00,-94.03997410690317,79.679789,0.83530756768116,0,750.4556,8,COPDEM30,22.79532271
RGI2000-v7.0-G-03-02900,03,03-02,G265100E79683N,1999-07-25T00:00:00,-94.00500903715624,79.684508,0.168294984662641,0,806.12476,1,COPDEM30,15.74332804
RGI2000-v7.0-G-03-02901,03,03-02,G266018E79686N,1999-07-25T00:00:00,-93.98662962661913,79.6872685,0.222086272551428,0,694.1308,8,COPDEM30,16.59764423
RGI2000-v7.0-G-03-02902,03,03-02,G266402E79758N,1999-07-25T00:00:00,-93.62667579244113,79.75497,0.240215526091349,0,937.6273,6,COPDEM30,16.86165017
RGI2000-v7.0-G-03-02903,03,03-02,G266361E79758N,1999-07-25T00:00:00,-93.63941086117545,79.7576665,0.189388650142808,0,981.9956,6,COPDEM30,16.09263288
RGI2000-v7.0-G-03-02904,03,03-02,G266425E79747N,1999-07-25T00:00:00,-93.5750300965747,79.74680699999999,1.226190171159864,0,788.5497,4,COPDEM30,25.50268601
RGI2000-v7.0-G-03-02905,03,03-02,G266578E79772N,1999-07-25T00:00:00,-93.46266804998778,79.7650595,24.453443960304654,0,819.692,5,COPDEM90,79.23059307
RGI2000-v7.0-G-03-02906,03,03-02,G266752E79784N,1999-07-25T00:00:00,-93.24810919930962,79.7843255,4.328799059958909,0,838.541,1,COPDEM30,39.12807264
RGI2000-v7.0-G-03-02907,03,03-02,G266813E79765N,1999-07-25T00:00:00,-93.14579186601264,79.7647915,20.91678165505285,0,902.83875,6,COPDEM90,74.02881542
RGI2000-v7.0-G-03-02908,03,03-02,G267053E79674N,1999-07-25T00:00:00,-92.96237018020759,79.69561949999999,76.81935968584344,0,879.2419,7,COPDEM90,100.00000000
RGI2000-v7.0-G-03-02909,03,03-02,G266918E79631N,1999-07-25T00:00:00,-92.94425650710608,79.609988,75.41696152278334,0,787.7759,7,COPDEM90,100.00000000
RGI2000-v7.0-G-03-02910,03,03-02,G266868E79551N,1999-07-25T00:00:00,-93.10653291167665,79.5436735,2.311447831449531,0,682.3976,4,COPDEM30,31.28482499
RGI2000-v7.0-G-03-02911,03,03-02,G267326E79516N,1999-07-25T00:00:00,-92.67250561905811,79.516216,0.637712388813794,0,743.245,7,COPDEM30,21.17996548
RGI2000-v7.0-G-03-02912,03,03-02,G267389E79510N,1999-07-25T00:00:00,-92.60558535837922,79.507894,1.304323542910764,0,753.86145,7,COPDEM30,25.98897790
RGI2000-v7.0-G-03-02913,03,03-02,G266363E79407N,1999-07-25T00:00:00,-93.63772512034112,79.408107,5.388633132474792,0,554.0714,8,COPDEM30,42.49880142
RGI2000-v7.0-G-03-02914,03,03-02,G265935E79455N,1999-07-25T00:00:00,-94.06255819468353,79.4538455,0.322493903623035,0,400.71198,2,COPDEM30,17.95039654
RGI2000-v7.0-G-03-02915,03,03-02,G265134E79438N,1999-07-25T00:00:00,-94.86729350071889,79.440752,2.855577905715822,0,311.91693,1,COPDEM30,33.65783738
RGI2000-v7.0-G-03-02916,03,03-02,G265038E79699N,1999-07-25T00:00:00,-94.95959109937155,79.7009245,1.196614093088792,0,528.99365,8,COPDEM30,25.31458005
RGI2000-v7.0-G-03-02917,03,03-02,G264915E79712N,1999-07-25T00:00:00,-95.08543077678914,79.71182400000001,0.074285469991804,0,436.39536,2,COPDEM30,13.81575053
RGI2000-v7.0-G-03-02918,03,03-02,G264871E79734N,1999-07-25T00:00:00,-95.13974505139578,79.7283585,17.395461728406634,0,564.21985,5,COPDEM90,68.39101385
RGI2000-v7.0-G-03-02919,03,03-02,G264974E79762N,1999-07-25T00:00:00,-95.01145556569502,79.76086000000001,21.8896244696894,0,664.56415,4,COPDEM90,75.50088851
RGI2000-v7.0-G-03-02920,03,03-02,G264740E79836N,1999-07-25T00:00:00,-95.26022120931889,79.8355695,10.268365665255137,0,505.64987,1,COPDEM30,54.86200698
RGI2000-v7.0-G-03-02921,03,03-02,G264593E79853N,1999-07-25T00:00:00,-95.40171998199523,79.85392949999999,1.319419939328532,0,481.44513,1,COPDEM30,26.08124088
RGI2000-v7.0-G-03-02922,03,03-02,G264683E79721N,1999-07-25T00:00:00,-95.40922735497332,79.706232,16.476848642538215,0,358.96594,8,COPDEM90,66.82835854
RGI2000-v7.0-G-03-02923,03,03-02,G264562E79699N,1999-07-25T00:00:00,-95.46326465148867,79.6941635,6.953034919773305,0,355.88593,7,COPDEM30,46.91605131
RGI2000-v7.0-G-03-02924,03,03-02,G264479E79673N,1999-07-25T00:00:00,-95.52568605034486,79.682106,4.028016439009132,0,368.604,2,COPDEM30,38.09788643
RGI2000-v7.0-G-03-02925,03,03-02,G264443E79677N,1999-07-25T00:00:00,-95.55734534315383,79.6767385,4.080368675530623,0,407.84244,7,COPDEM30,38.27989145
RGI2000-v7.0-G-03-02926,03,03-02,G264383E79686N,1999-07-25T00:00:00,-95.65838673272927,79.684617,1.253386937798608,0,325.32373,8,COPDEM30,25.67366708
RGI2000-v7.0-G-03-02927,03,03-02,G265901E79896N,1999-07-25T00:00:00,-94.14514111140124,79.89260250000001,33.215750456357064,0,747.9337,7,COPDEM90,90.68635008
RGI2000-v7.0-G-03-02928,03,03-02,G266036E79866N,1999-07-25T00:00:00,-93.9592256126744,79.8607225,30.7205602224424,0,786.4725,7,COPDEM90,87.59658371
RGI2000-v7.0-G-03-02929,03,03-02,G266121E79853N,1999-07-25T00:00:00,-93.87774061282627,79.842027,4.318381761500593,0,924.0752,5,COPDEM30,39.09300303
RGI2000-v7.0-G-03-02930,03,03-02,G266878E79842N,1999-07-25T00:00:00,-92.95780801798013,79.8870055,574.2969140403236,0,968.0057,7,COPDEM90,100.00000000
RGI2000-v7.0-G-03-02931,03,03-02,G266819E80010N,1999-07-25T00:00:00,-93.22566580355169,79.99460350000001,73.34840786775209,0,1026.2681,8,COPDEM90,100.00000000
RGI2000-v7.0-G-03-02932,03,03-02,G266616E80033N,1999-07-25T00:00:00,-93.32189554614976,80.03712250000001,11.16651283085732,0,1075.7128,6,COPDEM30,56.78286561
RGI2000-v7.0-G-03-02933,03,03-02,G266542E80059N,1999-07-25T00:00:00,-93.47410047025107,80.0568515,1.803144896931776,0,1186.76,7,COPDEM30,28.79937232
RGI2000-v7.0-G-03-02934,03,03-02,G266478E80065N,1999-07-25T00:00:00,-93.53107186872595,80.0645065,1.933726165692548,0,1050.9362,7,COPDEM30,29.46818760
RGI2000-v7.0-G-03-02935,03,03-02,G268283E80056N,1999-07-25T00:00:00,-91.79437560443833,80.06082950000001,511.0630136468675,0,1404.0139,2,COPDEM90,100.00000000
RGI2000-v7.0-G-03-02936,03,03-02,G269934E79535N,1999-07-25T00:00:00,-90.06177727497521,79.53827150000001,2.267963825882997,0,1157.4885,8,COPDEM30,31.08366453
RGI2000-v7.0-G-03-02937,03,03-02,G269953E79519N,1999-07-25T00:00:00,-90.09530713252107,79.5180295,4.798335284447883,0,967.97095,8,COPDEM30,40.66714391
RGI2000-v7.0-G-03-02938,03,03-02,G270018E79507N,1999-07-25T00:00:00,-89.9830473609282,79.50313249999999,29.01443364185544,0,1112.3667,8,COPDEM90,85.41106679
RGI2000-v7.0-G-03-02939,03,03-02,G270084E79528N,1999-07-25T00:00:00,-89.91836706610553,79.532857,8.219143749315208,0,1109.7377,1,COPDEM30,50.13666871
RGI2000-v7.0-G-03-02940,03,03-02,G270389E79540N,1999-07-25T00:00:00,-89.64638466793903,79.53974249999999,53.644435415263125,0,1092.5322,1,COPDEM90,100.00000000
RGI2000-v7.0-G-03-02941,03,03-02,G270726E79508N,1999-07-25T00:00:00,-89.25532144889934,79.52255600000001,90.30064444124773,0,1070.47,2,COPDEM90,100.00000000
RGI2000-v7.0-G-03-02942,03,03-02,G270945E79511N,1999-07-25T00:00:00,-89.03637550696192,79.5069445,5.213790322787975,0,1081.7476,3,COPDEM30,41.96721607
RGI2000-v7.0-G-03-02943,03,03-02,G270971E79479N,1999-07-25T00:00:00,-89.06639566279685,79.478016,11.894669293857818,0,1146.1625,3,COPDEM30,58.28410900
RGI2000-v7.0-G-03-02944,03,03-02,G271045E79433N,1999-07-25T00:00:00,-88.8976923376205,79.432617,105.63936794699443,0,1160.5051,2,COPDEM90,100.00000000
RGI2000-v7.0-G-03-02945,03,03-02,G271211E79376N,2000-07-26T00:00:00,-88.78018504715061,79.38401,60.70735382865791,0,1123.9789,3,COPDEM90,100.00000000
RGI2000-v7.0-G-03-02946,03,03-02,G271212E79377N,2000-07-26T00:00:00,-88.71929902273287,79.35941650000001,4.191321107833092,0,1024.7015,3,COPDEM30,38.66180275
RGI2000-v7.0-G-03-02947,03,03-02,G271147E79343N,2000-07-26T00:00:00,-88.83723370928242,79.342491,1.656688380087881,0,1284.9578,3,COPDEM30,28.01973703
RGI2000-v7.0-G-03-02948,03,03-02,G271176E79325N,2000-07-26T00:00:00,-88.87680118631273,79.3252645,4.013535603971923,0,1137.169,1,COPDEM30,38.04733460
RGI2000-v7.0-G-03-02949,03,03-02,G271294E79337N,2000-07-26T00:00:00,-88.69142090793825,79.3309885,9.878306209628008,0,1113.0928,1,COPDEM30,54.00168198
RGI2000-v7.0-G-03-02950,03,03-02,G271365E79323N,2000-07-26T00:00:00,-88.59869383660738,79.3225705,6.803038190662638,0,1094.3022,2,COPDEM30,46.51568821
RGI2000-v7.0-G-03-02951,03,03-02,G271348E79304N,2000-07-26T00:00:00,-88.60067565833137,79.3046715,3.91458656415669,0,1052.508,2,COPDEM30,37.69943982
RGI2000-v7.0-G-03-02952,03,03-02,G271317E79294N,2000-07-26T00:00:00,-88.68166863145144,79.295817,1.846329854364913,0,1111.753,4,COPDEM30,29.02316092
RGI2000-v7.0-G-03-02953,03,03-02,G271337E79273N,2000-07-26T00:00:00,-88.66321173398106,79.2733335,11.406645397970495,0,1000.802,1,COPDEM30,57.28321582
RGI2000-v7.0-G-03-02954,03,03-02,G271475E79247N,2000-07-26T00:00:00,-88.50902237496885,79.243113,38.03294451788214,0,1037.8961,2,COPDEM90,96.33919808
RGI2000-v7.0-G-03-02955,03,03-02,G271567E79232N,2000-07-26T00:00:00,-88.41286413351921,79.22349,22.597455127984002,0,1067.3347,3,COPDEM90,76.55149288
RGI2000-v7.0-G-03-02956,03,03-02,G271524E79208N,2000-07-26T00:00:00,-88.46002919630558,79.20412,5.286458947430682,0,1040.8627,3,COPDEM30,42.18922108
RGI2000-v7.0-G-03-02957,03,03-02,G271340E79199N,2000-07-26T00:00:00,-88.57180611584937,79.1706035,38.054036259123805,0,1076.8301,3,COPDEM90,96.36313511
RGI2000-v7.0-G-03-02958,03,03-02,G271606E79131N,2000-07-26T00:00:00,-88.3939236410521,79.13278550000001,1.856585437704413,0,1115.7966,2,COPDEM30,29.07592058
RGI2000-v7.0-G-03-02959,03,03-02,G271630E79119N,2000-07-26T00:00:00,-88.36855209547628,79.1175005,1.120490046348286,0,965.3218,4,COPDEM30,24.81944834
RGI2000-v7.0-G-03-02960,03,03-02,G271654E79100N,2000-07-26T00:00:00,-88.33523949707902,79.0982875,0.23220365208751,0,960.19934,5,COPDEM30,16.74625198
RGI2000-v7.0-G-03-02961,03,03-02,G271627E79098N,2000-07-26T00:00:00,-88.36298775180592,79.095996,0.651665592576532,0,881.04175,5,COPDEM30,21.30161299
RGI2000-v7.0-G-03-02962,03,03-02,G271395E79106N,2000-07-26T00:00:00,-88.59873386739133,79.105265,0.626444947837861,0,1062.8052,4,COPDEM30,21.08075854
RGI2000-v7.0-G-03-02963,03,03-02,G271165E79101N,2000-07-26T00:00:00,-88.71900936328188,79.0800405,49.16691929197676,0,870.25616,2,COPDEM90,100.00000000
RGI2000-v7.0-G-03-02964,03,03-02,G271235E79029N,2000-07-26T00:00:00,-88.7040462388347,79.02801600000001,30.167526102812648,0,1145.2731,3,COPDEM90,86.89496158
RGI2000-v7.0-G-03-02965,03,03-02,G271158E78982N,2000-07-26T00:00:00,-88.86218076775285,78.98366899999999,67.77952764016875,0,1119.7379,3,COPDEM90,100.00000000
RGI2000-v7.0-G-03-02966,03,03-02,G271342E78952N,2000-07-26T00:00:00,-88.65844501830539,78.952062,0.728840821954181,0,1032.1335,4,COPDEM30,21.95210446
RGI2000-v7.0-G-03-02967,03,03-02,G271174E78928N,2000-07-26T00:00:00,-88.85865144934635,78.9245105,63.905267971580535,0,1096.8689,3,COPDEM90,100.00000000
RGI2000-v7.0-G-03-02968,03,03-02,G270840E78909N,2000-07-26T00:00:00,-89.1209984240821,78.909555,12.513705277942845,0,1180.4569,7,COPDEM30,59.52460232
RGI2000-v7.0-G-03-02969,03,03-02,G270868E78893N,2000-07-26T00:00:00,-89.13583396888473,78.8884845,4.361960023973309,0,1094.541,7,COPDEM30,39.23942826
RGI2000-v7.0-G-03-02970,03,03-02,G270906E78874N,2000-07-26T00:00:00,-89.09872220469805,78.87008850000001,6.494154986545768,0,1020.28156,6,COPDEM30,45.67708477
RGI2000-v7.0-G-03-02971,03,03-02,G271116E78875N,2000-07-26T00:00:00,-88.95500569022909,78.8661985,38.14272788850482,0,1025.5452,5,COPDEM90,96.46371879
RGI2000-v7.0-G-03-02972,03,03-02,G271092E78825N,2000-07-26T00:00:00,-88.77349033013098,78.850785,13.74993403151277,0,947.39374,4,COPDEM90,61.91326488
RGI2000-v7.0-G-03-02973,03,03-02,G271233E78863N,2000-07-26T00:00:00,-88.72125955753646,78.857934,5.553180293453751,0,837.9534,4,COPDEM30,42.99126153
RGI2000-v7.0-G-03-02974,03,03-02,G271308E78869N,2000-07-26T00:00:00,-88.68476561567567,78.8673155,0.565939069024733,0,1012.95544,4,COPDEM30,20.53204907
RGI2000-v7.0-G-03-02975,03,03-02,G271317E78881N,2000-07-26T00:00:00,-88.66701507820197,78.8736365,4.130803164567692,0,1084.4092,4,COPDEM30,38.45412835
RGI2000-v7.0-G-03-02976,03,03-02,G271378E78882N,2000-07-26T00:00:00,-88.60424385620377,78.880341,0.568151249681713,0,1135.3838,4,COPDEM30,20.55261318
RGI2000-v7.0-G-03-02977,03,03-02,G271452E78884N,2000-07-26T00:00:00,-88.54826813307523,78.8844665,1.400277460111554,0,917.33545,3,COPDEM30,26.56666479
RGI2000-v7.0-G-03-02978,03,03-02,G271414E78891N,2000-07-26T00:00:00,-88.56081266312361,78.88942399999999,1.064758067898125,0,977.4286,3,COPDEM30,24.44619608
RGI2000-v7.0-G-03-02979,03,03-02,G271462E78878N,2000-07-26T00:00:00,-88.53840821709167,78.878079,1.336205506567756,0,944.77466,4,COPDEM30,26.18320980
RGI2000-v7.0-G-03-02980,03,03-02,G271456E78847N,2000-07-26T00:00:00,-88.5438764388029,78.8472415,0.786522100052709,0,850.524,1,COPDEM30,22.41605137
RGI2000-v7.0-G-03-02981,03,03-02,G271397E78845N,2000-07-26T00:00:00,-88.60294891933026,78.844743,1.055177979162717,0,928.4039,1,COPDEM30,24.38105990
RGI2000-v7.0-G-03-02982,03,03-02,G271441E78840N,2000-07-26T00:00:00,-88.52683321428572,78.833756,2.924748866346913,0,940.3282,2,COPDEM30,33.94265603
RGI2000-v7.0-G-03-02983,03,03-02,G271280E78840N,2000-07-26T00:00:00,-88.71289917680053,78.8393955,0.262489763779282,0,928.47064,6,COPDEM30,17.17272568
RGI2000-v7.0-G-03-02984,03,03-02,G271303E78803N,2000-07-26T00:00:00,-88.69915182386359,78.80143100000001,2.102016670906996,0,937.61804,2,COPDEM30,30.29766655
RGI2000-v7.0-G-03-02985,03,03-02,G271240E78802N,2000-07-26T00:00:00,-88.7514782434047,78.8009635,3.35699088979738,0,896.1096,8,COPDEM30,35.65093009
RGI2000-v7.0-G-03-02986,03,03-02,G271266E78790N,2000-07-26T00:00:00,-88.7287136590927,78.7808245,1.515585619135575,0,915.15497,5,COPDEM30,27.23527723
RGI2000-v7.0-G-03-02987,03,03-02,G271376E78771N,2000-07-26T00:00:00,-88.65901105851611,78.771072,4.269600774130502,0,886.9153,7,COPDEM30,38.92821722
RGI2000-v7.0-G-03-02988,03,03-02,G271385E78760N,2000-07-26T00:00:00,-88.61790173998565,78.756673,0.63827259975892,0,982.7378,6,COPDEM30,21.18487504
RGI2000-v7.0-G-03-02989,03,03-02,G271416E78755N,2000-07-26T00:00:00,-88.56789901966084,78.7485575,2.81638506108412,0,924.3896,7,COPDEM30,33.49492439
RGI2000-v7.0-G-03-02990,03,03-02,G271419E78734N,2000-07-26T00:00:00,-88.5962273549882,78.73377149999999,1.355798070700261,0,849.3683,7,COPDEM30,26.30142392
RGI2000-v7.0-G-03-02991,03,03-02,G271485E78710N,2000-07-26T00:00:00,-88.51535439625965,78.7100245,0.885389538559538,0,724.43225,8,COPDEM30,23.17331961
RGI2000-v7.0-G-03-02992,03,03-02,G271531E78713N,2000-07-26T00:00:00,-88.4689050010829,78.71340950000001,1.329956693317445,0,952.85455,1,COPDEM30,26.14532477
RGI2000-v7.0-G-03-02993,03,03-02,G271494E78707N,2000-07-26T00:00:00,-88.49590703986769,78.697553,1.776328374860015,0,800.8324,5,COPDEM30,28.65905575
RGI2000-v7.0-G-03-02994,03,03-02,G271510E78753N,2000-07-26T00:00:00,-88.44540091087978,78.74575949999999,4.72628078318988,0,979.07916,3,COPDEM30,40.43601540
RGI2000-v7.0-G-03-02995,03,03-02,G271574E78762N,2000-07-26T00:00:00,-88.42336939577504,78.76231,2.071892113097992,0,880.69275,3,COPDEM30,30.15169606
RGI2000-v7.0-G-03-02996,03,03-02,G271555E78781N,2000-07-26T00:00:00,-88.44547498607929,78.780801,0.447505388112328,0,817.10406,1,COPDEM30,19.36541809
RGI2000-v7.0-G-03-02997,03,03-02,G271483E78779N,2000-07-26T00:00:00,-88.55030493548952,78.781477,10.236762282140944,0,901.91797,1,COPDEM30,54.79291693
RGI2000-v7.0-G-03-02998,03,03-02,G271377E78796N,2000-07-26T00:00:00,-88.64162997608796,78.79741999999999,6.993066666382887,0,809.4334,2,COPDEM30,47.02216993
RGI2000-v7.0-G-03-02999,03,03-02,G271484E78913N,2000-07-26T00:00:00,-88.5153051909323,78.91348099999999,0.631728992047654,0,901.49994,8,COPDEM30,21.12739334
RGI2000-v7.0-G-03-03000,03,03-02,G270772E78941N,2000-07-26T00:00:00,-89.22533902523054,78.9408745,33.66166244897183,0,1273.1965,7,COPDEM90,91.22614013
RGI2000-v7.0-G-03-03001,03,03-02,G270723E78953N,1999-07-22T00:00:00,-89.27686131939876,78.953086,0.167875263184333,0,1211.9374,5,COPDEM30,15.73616175
RGI2000-v7.0-G-03-03002,03,03-02,G270680E78954N,1999-07-22T00:00:00,-89.32289830003475,78.9494995,2.101113867041099,0,1203.2932,6,COPDEM30,30.29330722
RGI2000-v7.0-G-03-03003,03,03-02,G270556E78973N,1999-07-22T00:00:00,-89.39930839369441,78.96687349999999,59.520284810093116,0,1286.2676,6,COPDEM90,100.00000000
RGI2000-v7.0-G-03-03004,03,03-02,G270791E78960N,1999-07-22T00:00:00,-89.20932618683352,78.960313,0.581480254783113,0,1333.6267,6,COPDEM30,20.67567937
RGI2000-v7.0-G-03-03005,03,03-02,G270519E79011N,1999-07-22T00:00:00,-89.54992496308012,79.0120765,30.114548611671637,0,1146.3625,7,COPDEM90,86.82741391
RGI2000-v7.0-G-03-03006,03,03-02,G270488E79058N,1999-07-22T00:00:00,-89.50974173539865,79.052608,19.808102047088735,0,1321.9363,7,COPDEM90,72.30881159
RGI2000-v7.0-G-03-03007,03,03-02,G270354E79074N,2000-07-26T00:00:00,-89.67470250598413,79.073049,10.832353286062457,0,1205.8223,7,COPDEM30,56.07755684
RGI2000-v7.0-G-03-03008,03,03-02,G270277E79106N,2000-07-26T00:00:00,-89.70232769350417,79.104678,3.022776972796104,0,1042.331,8,COPDEM30,34.34058928
RGI2000-v7.0-G-03-03009,03,03-02,G270421E79094N,2000-07-26T00:00:00,-89.61987474862919,79.1091715,13.769324203901538,0,1264.4009,1,COPDEM90,61.94985605
RGI2000-v7.0-G-03-03010,03,03-02,G270647E79194N,2000-07-26T00:00:00,-89.35437427903075,79.1936565,2.912316041544844,0,1128.2932,6,COPDEM30,33.89171288
RGI2000-v7.0-G-03-03011,03,03-02,G270809E79185N,2000-07-26T00:00:00,-89.19079338643033,79.1852715,2.333651354341666,0,1201.9915,5,COPDEM30,31.38681055
RGI2000-v7.0-G-03-03012,03,03-02,G270938E79194N,2000-07-26T00:00:00,-89.06914836122182,79.1911275,0.461262362559024,0,1362.5398,5,COPDEM30,19.50828181
RGI2000-v7.0-G-03-03013,03,03-02,G270764E79215N,2000-07-26T00:00:00,-89.20836192378654,79.2193425,32.86207474932248,0,1064.0756,8,COPDEM90,90.25563314
RGI2000-v7.0-G-03-03014,03,03-02,G270876E79271N,2000-07-26T00:00:00,-89.07947418309217,79.27701300000001,111.22144660191155,0,1167.9933,1,COPDEM90,100.00000000
RGI2000-v7.0-G-03-03015,03,03-02,G270742E79295N,2000-07-26T00:00:00,-89.2764332771994,79.284854,3.839014798392813,0,1252.9384,6,COPDEM30,37.43076558
RGI2000-v7.0-G-03-03016,03,03-02,G270738E79349N,2000-07-26T00:00:00,-89.31279452334378,79.320474,97.1679331808956,0,1218.5406,6,COPDEM90,100.00000000
RGI2000-v7.0-G-03-03017,03,03-02,G270410E79438N,1999-07-25T00:00:00,-89.58903758886129,79.401831,218.0450235787736,0,1166.5737,7,COPDEM90,100.00000000
RGI2000-v7.0-G-03-03018,03,03-02,G269862E79406N,1999-07-25T00:00:00,-90.12042188073713,79.403127,68.13361727016665,0,1013.26843,6,COPDEM90,100.00000000
RGI2000-v7.0-G-03-03019,03,03-02,G269708E79436N,1999-07-25T00:00:00,-90.28232089274704,79.43723399999999,3.437890059533572,0,926.1551,7,COPDEM30,35.95816734
RGI2000-v7.0-G-03-03020,03,03-02,G269220E79106N,1999-07-22T00:00:00,-90.74740678945157,79.1199475,6.64726763171323,0,1098.7098,8,COPDEM30,46.09521375
RGI2000-v7.0-G-03-03021,03,03-02,G269084E79117N,1999-07-22T00:00:00,-90.90985179650771,79.114994,0.415080404226554,0,1009.0963,2,COPDEM30,19.01974275
RGI2000-v7.0-G-03-03022,03,03-02,G269245E79022N,1999-07-22T00:00:00,-90.72797358288301,79.0126925,43.85526589738436,0,1192.8762,1,COPDEM90,100.00000000
RGI2000-v7.0-G-03-03023,03,03-02,G269397E79014N,1999-07-22T00:00:00,-90.57432334838433,79.012712,7.526390218997434,0,1104.7754,2,COPDEM30,48.40797421
RGI2000-v7.0-G-03-03024,03,03-02,G269415E78994N,1999-07-22T00:00:00,-90.58525423130213,78.9939235,0.013707943021585,0,1424.9683,2,COPDEM30,11.63913295
RGI2000-v7.0-G-03-03025,03,03-02,G269421E78992N,1999-07-22T00:00:00,-90.56130372320001,78.99273199999999,0.696950061967794,0,1273.1013,2,COPDEM30,21.68769490
RGI2000-v7.0-G-03-03026,03,03-02,G269504E78959N,1999-07-22T00:00:00,-90.48904568064899,78.95641950000001,39.43043498605975,0,1184.8304,2,COPDEM90,97.91112135
RGI2000-v7.0-G-03-03027,03,03-02,G269606E78952N,1999-07-22T00:00:00,-90.39388007387772,78.948158,7.649933451306338,0,888.405,2,COPDEM30,48.72191830
RGI2000-v7.0-G-03-03028,03,03-02,G269672E78947N,1999-07-22T00:00:00,-90.32767620173033,78.946642,7.897584498389366,0,898.8849,1,COPDEM30,49.34369786
RGI2000-v7.0-G-03-03029,03,03-02,G269827E78955N,1999-07-22T00:00:00,-90.15353381300496,78.940529,20.913807348640763,0,975.94415,1,COPDEM90,74.02426290
RGI2000-v7.0-G-03-03030,03,03-02,G269936E78951N,1999-07-22T00:00:00,-90.04043921850621,78.9498605,18.496681977748985,0,874.06177,1,COPDEM90,70.21087666
RGI2000-v7.0-G-03-03031,03,03-02,G270049E78941N,1999-07-22T00:00:00,-89.93431782512026,78.9448045,6.472517806398405,0,946.5505,2,COPDEM30,45.61760085
RGI2000-v7.0-G-03-03032,03,03-02,G270103E78937N,1999-07-22T00:00:00,-89.88715526582283,78.9372885,0.965785587501877,0,910.73035,2,COPDEM30,23.75841470
RGI2000-v7.0-G-03-03033,03,03-02,G270067E78915N,1999-07-22T00:00:00,-89.94218703556743,78.90979949999999,19.63309280146381,0,1173.6685,2,COPDEM90,72.03294439
RGI2000-v7.0-G-03-03034,03,03-02,G270074E78898N,1999-07-22T00:00:00,-89.84270159168034,78.898657,4.301877183963895,0,968.29694,3,COPDEM30,39.03735401
RGI2000-v7.0-G-03-03035,03,03-02,G270081E78879N,1999-07-22T00:00:00,-89.80790012959568,78.87885399999999,8.730092030061469,0,1012.1073,3,COPDEM30,51.36542080
RGI2000-v7.0-G-03-03036,03,03-02,G270236E78864N,1999-07-22T00:00:00,-89.75492659422429,78.8597745,22.635970588992677,0,1035.2512,2,COPDEM90,76.60818445
RGI2000-v7.0-G-03-03037,03,03-02,G270473E78834N,2000-07-26T00:00:00,-89.6288022852616,78.8217325,33.09317977697624,0,993.4314,2,COPDEM90,90.53734063
RGI2000-v7.0-G-03-03038,03,03-02,G270517E78795N,2000-07-26T00:00:00,-89.47279743189746,78.7944455,22.46320466171602,0,922.21655,2,COPDEM90,76.35350868
RGI2000-v7.0-G-03-03039,03,03-02,G270605E78773N,2000-07-26T00:00:00,-89.33401080173367,78.77133549999999,14.984652314434388,0,905.6958,2,COPDEM90,64.19402046
RGI2000-v7.0-G-03-03040,03,03-02,G270527E78750N,2000-07-26T00:00:00,-89.46105938974318,78.7495655,8.634518678744659,0,964.5948,3,COPDEM30,51.13837212
RGI2000-v7.0-G-03-03041,03,03-02,G270613E78661N,2000-07-26T00:00:00,-89.41924476190869,78.685294,82.69446409243122,0,949.588,3,COPDEM90,100.00000000
RGI2000-v7.0-G-03-03042,03,03-02,G270755E78691N,2000-07-26T00:00:00,-89.23387264978842,78.687191,1.924820698882306,0,925.6601,3,COPDEM30,29.42330706
RGI2000-v7.0-G-03-03043,03,03-02,G270764E78697N,2000-07-26T00:00:00,-89.23599956985589,78.6973515,1.885316331438633,0,924.4169,2,COPDEM30,29.22295505
RGI2000-v7.0-G-03-03044,03,03-02,G270792E78638N,2000-07-26T00:00:00,-89.20774760030395,78.63782900000001,2.023121205214311,0,866.43256,3,COPDEM30,29.91310514
RGI2000-v7.0-G-03-03045,03,03-02,G270597E78602N,2000-07-26T00:00:00,-89.41832670457299,78.5921305,63.35373410064885,0,830.6322,3,COPDEM90,100.00000000
RGI2000-v7.0-G-03-03046,03,03-02,G270396E78597N,1999-07-22T00:00:00,-89.60313396769476,78.598108,6.596459847304488,0,802.7539,7,COPDEM30,45.95700391
RGI2000-v7.0-G-03-03047,03,03-02,G270412E78632N,1999-07-22T00:00:00,-89.67939827550232,78.623705,14.756209546204225,0,845.77045,7,COPDEM90,63.77933684
RGI2000-v7.0-G-03-03048,03,03-02,G270289E78641N,1999-07-22T00:00:00,-89.73559435319338,78.64390549999999,0.190699654688431,0,712.76404,1,COPDEM30,16.11368402
RGI2000-v7.0-G-03-03049,03,03-02,G270159E78680N,1999-07-22T00:00:00,-89.82895279121325,78.678719,0.892236215330996,0,703.6487,7,COPDEM30,23.22415586
RGI2000-v7.0-G-03-03050,03,03-02,G270105E78763N,1999-07-22T00:00:00,-89.87817756283205,78.7618375,0.343179214647906,0,1131.1189,3,COPDEM30,18.20141001
RGI2000-v7.0-G-03-03051,03,03-02,G269812E78742N,1999-07-22T00:00:00,-89.77713956520418,78.7742325,459.038051754507,0,876.8868,2,COPDEM90,100.00000000
RGI2000-v7.0-G-03-03052,03,03-02,G269579E78611N,1999-07-22T00:00:00,-90.3233860685192,78.61311549999999,11.347591448298445,0,773.20886,2,COPDEM30,57.16066077
RGI2000-v7.0-G-03-03053,03,03-02,G269619E78602N,1999-07-22T00:00:00,-90.38147666482169,78.60227950000001,2.261802946236786,0,877.80206,2,COPDEM30,31.05500837
RGI2000-v7.0-G-03-03054,03,03-02,G269561E78587N,1999-07-22T00:00:00,-90.39352545925374,78.5842515,12.126265882922066,0,778.5443,2,COPDEM30,58.75190369
RGI2000-v7.0-G-03-03055,03,03-02,G269475E78567N,1999-07-22T00:00:00,-90.31469910429936,78.5579905,25.36854427890517,0,733.03723,2,COPDEM90,80.51407433
RGI2000-v7.0-G-03-03056,03,03-02,G269688E78538N,1999-07-22T00:00:00,-90.3061290208477,78.539401,0.152861289953419,0,595.3681,1,COPDEM30,15.47364712
RGI2000-v7.0-G-03-03057,03,03-02,G269697E78529N,1999-07-22T00:00:00,-90.30319277997094,78.5288985,0.159068667624846,0,611.89966,1,COPDEM30,15.58367790
RGI2000-v7.0-G-03-03058,03,03-02,G269577E78522N,1999-07-22T00:00:00,-90.42912724010685,78.52470550000001,6.697189835665363,0,632.3488,2,COPDEM30,46.23050107
RGI2000-v7.0-G-03-03059,03,03-02,G269593E78502N,1999-07-22T00:00:00,-90.38454113601432,78.501496,10.653590199649885,0,687.56506,2,COPDEM30,55.69577310
RGI2000-v7.0-G-03-03060,03,03-02,G269702E78481N,1999-07-22T00:00:00,-90.29981244019363,78.4803505,0.302758905038718,0,622.64734,2,COPDEM30,17.70329445
RGI2000-v7.0-G-03-03061,03,03-02,G269737E78476N,1999-07-22T00:00:00,-90.2598120560472,78.47573,0.144985957081034,0,511.5511,2,COPDEM30,15.33078302
RGI2000-v7.0-G-03-03062,03,03-02,G269768E78471N,1999-07-22T00:00:00,-90.22474964033205,78.469855,0.24852202447686,0,597.5253,2,COPDEM30,16.97927767
RGI2000-v7.0-G-03-03063,03,03-02,G269600E78469N,1999-07-22T00:00:00,-90.38226046104745,78.4638895,27.077110743386548,0,611.922,3,COPDEM90,82.84993964
RGI2000-v7.0-G-03-03064,03,03-02,G269556E78439N,1999-07-22T00:00:00,-90.39071466079423,78.436147,10.462251747591136,0,630.76294,4,COPDEM30,55.28356592
RGI2000-v7.0-G-03-03065,03,03-02,G269720E78432N,1999-07-22T00:00:00,-90.28043822296371,78.4315655,0.564822798506901,0,655.5959,5,COPDEM30,20.52165712
RGI2000-v7.0-G-03-03066,03,03-02,G269742E78435N,1999-07-22T00:00:00,-90.241592067795,78.4344245,0.641343418470593,0,631.4741,3,COPDEM30,21.21174875
RGI2000-v7.0-G-03-03067,03,03-02,G269350E78439N,1999-07-22T00:00:00,-90.55034401670716,78.455457,11.876424172471678,0,695.3039,6,COPDEM30,58.24706351
RGI2000-v7.0-G-03-03068,03,03-02,G269428E78428N,1999-07-22T00:00:00,-90.56971853297702,78.42422199999999,17.02110193348859,0,579.682,5,COPDEM90,67.75929344
RGI2000-v7.0-G-03-03069,03,03-02,G269464E78383N,1999-07-22T00:00:00,-90.53895653175775,78.383216,0.623849602911486,0,559.81006,1,COPDEM30,21.05778107
RGI2000-v7.0-G-03-03070,03,03-02,G268950E78393N,1999-07-22T00:00:00,-91.04097178984692,78.392725,2.145887495838091,0,574.78564,3,COPDEM30,30.50838729
RGI2000-v7.0-G-03-03071,03,03-02,G268907E78405N,1999-07-22T00:00:00,-91.08256315188748,78.4046395,2.836999021485147,0,530.7379,2,COPDEM30,33.58075080
RGI2000-v7.0-G-03-03072,03,03-02,G268847E78379N,1999-07-22T00:00:00,-91.11053964478853,78.377644,16.388982958286647,0,500.29742,3,COPDEM90,66.67663240
RGI2000-v7.0-G-03-03073,03,03-02,G268826E78362N,1999-07-22T00:00:00,-91.17368807879002,78.36167499999999,0.361067366701491,0,793.3134,6,COPDEM30,18.41244339
RGI2000-v7.0-G-03-03074,03,03-02,G268796E78340N,1999-07-22T00:00:00,-91.19774942905407,78.3444015,7.517589335069167,0,588.12854,5,COPDEM30,48.38551172
RGI2000-v7.0-G-03-03075,03,03-02,G268848E78351N,1999-07-22T00:00:00,-91.10118119719502,78.347857,7.761907099637404,0,493.7777,3,COPDEM30,49.00427914
RGI2000-v7.0-G-03-03076,03,03-02,G269042E78317N,1999-07-22T00:00:00,-90.96279561979546,78.318047,3.483278011196358,0,497.1421,8,COPDEM30,36.12895884
RGI2000-v7.0-G-03-03077,03,03-02,G269047E78301N,1999-07-22T00:00:00,-90.95310277116303,78.300528,1.084604496509807,0,571.4785,3,COPDEM30,24.58020855
RGI2000-v7.0-G-03-03078,03,03-02,G269013E78292N,1999-07-22T00:00:00,-90.99844730001755,78.294418,3.158941722309754,0,518.8757,7,COPDEM30,34.88277673
RGI2000-v7.0-G-03-03079,03,03-02,G268677E78369N,1999-07-22T00:00:00,-91.40834180332416,78.348558,12.472008337585347,0,512.58325,6,COPDEM30,59.44202296
RGI2000-v7.0-G-03-03080,03,03-02,G268573E78384N,1999-07-22T00:00:00,-91.38396400566873,78.3753925,25.155169940562963,0,639.3055,6,COPDEM90,80.21690187
RGI2000-v7.0-G-03-03081,03,03-02,G268534E78395N,1999-07-22T00:00:00,-91.46610015493332,78.3949825,2.442373628190124,0,629.7677,6,COPDEM30,31.87933343
RGI2000-v7.0-G-03-03082,03,03-02,G268479E78414N,1999-07-22T00:00:00,-91.52071227148994,78.4139185,23.35614505518314,0,628.8273,6,COPDEM90,77.65947407
RGI2000-v7.0-G-03-03083,03,03-02,G268545E78441N,1999-07-22T00:00:00,-91.5277641104772,78.444804,29.584925304719548,0,704.5817,7,COPDEM90,86.14883689
RGI2000-v7.0-G-03-03084,03,03-02,G268473E78466N,1999-07-22T00:00:00,-91.53732483543057,78.4644175,1.166830200726067,0,794.0923,7,COPDEM30,25.12278808
RGI2000-v7.0-G-03-03085,03,03-02,G268475E78474N,1999-07-22T00:00:00,-91.52559962843539,78.47332499999999,2.343337009318823,0,837.36456,7,COPDEM30,31.43114682
RGI2000-v7.0-G-03-03086,03,03-02,G268555E78484N,1999-07-22T00:00:00,-91.58288816570307,78.49425049999999,15.954368313736069,0,793.65295,8,COPDEM90,65.92008753
RGI2000-v7.0-G-03-03087,03,03-02,G268752E78464N,1999-07-22T00:00:00,-91.2115328743467,78.4654915,120.75394636131821,0,647.8938,3,COPDEM90,100.00000000
RGI2000-v7.0-G-03-03088,03,03-02,G269347E78481N,1999-07-22T00:00:00,-90.68504016750539,78.4806835,28.571389996595602,0,718.0644,6,COPDEM90,84.83309722
RGI2000-v7.0-G-03-03089,03,03-02,G269323E78509N,1999-07-22T00:00:00,-90.69446446004412,78.506475,0.630941501272102,0,1051.8031,6,COPDEM30,21.12045567
RGI2000-v7.0-G-03-03090,03,03-02,G269338E78524N,1999-07-22T00:00:00,-90.61036527055447,78.53481,36.20768826778867,0,817.7966,7,COPDEM90,94.24195451
RGI2000-v7.0-G-03-03091,03,03-02,G270436E78565N,1999-07-22T00:00:00,-89.70153327699408,78.5677915,12.289176581781575,0,870.2471,8,COPDEM30,59.07829062
RGI2000-v7.0-G-03-03092,03,03-02,G270455E78528N,1999-07-22T00:00:00,-89.56622272997834,78.52815849999999,14.194221022533767,0,780.8074,7,COPDEM90,62.74530615
RGI2000-v7.0-G-03-03093,03,03-02,G270422E78495N,1999-07-22T00:00:00,-89.57758216245006,78.4950005,0.22672712317182,0,678.9569,7,COPDEM30,16.66622203
RGI2000-v7.0-G-03-03094,03,03-02,G270424E78486N,1999-07-22T00:00:00,-89.56850709169439,78.4862645,0.57092066054201,0,935.3504,6,COPDEM30,20.57830088
RGI2000-v7.0-G-03-03095,03,03-02,G270661E78511N,1999-07-22T00:00:00,-89.40911968913186,78.505273,59.90245928901896,0,790.75574,5,COPDEM90,100.00000000
RGI2000-v7.0-G-03-03096,03,03-02,G270768E78542N,2000-07-26T00:00:00,-89.19641921997975,78.53786149999999,21.182532925423597,0,791.54944,3,COPDEM90,74.43428011
RGI2000-v7.0-G-03-03097,03,03-02,G270907E78457N,2000-07-26T00:00:00,-89.09094368757836,78.457461,0.977801171946958,0,725.262,8,COPDEM30,23.84373612
RGI2000-v7.0-G-03-03098,03,03-02,G270863E78438N,2000-07-26T00:00:00,-89.13077508926828,78.4378325,0.120662074402698,0,751.97504,1,COPDEM30,14.86310257
RGI2000-v7.0-G-03-03099,03,03-02,G270815E78415N,2000-07-26T00:00:00,-89.19165916472257,78.417226,4.041902755709259,0,648.9802,1,COPDEM30,38.14627755
RGI2000-v7.0-G-03-03100,03,03-02,G270838E78403N,2000-07-26T00:00:00,-89.1623206157648,78.40327149999999,0.482208810801575,0,799.1984,3,COPDEM30,19.72177591
RGI2000-v7.0-G-03-03101,03,03-02,G270790E78396N,2000-07-26T00:00:00,-89.189343422847,78.3997485,2.60588654883209,0,728.9264,7,COPDEM30,32.59986203
RGI2000-v7.0-G-03-03102,03,03-02,G270817E78390N,2000-07-26T00:00:00,-89.15663424492914,78.3902815,0.90076469024727,0,752.5097,3,COPDEM30,23.28720735
RGI2000-v7.0-G-03-03103,03,03-02,G270793E78386N,2000-07-26T00:00:00,-89.21212102791878,78.3822345,1.590856479156476,0,667.5637,7,COPDEM30,27.65808228
RGI2000-v7.0-G-03-03104,03,03-02,G270821E78376N,2000-07-26T00:00:00,-89.17901946576185,78.3725095,0.474200177260057,0,558.28406,6,COPDEM30,19.64070717
RGI2000-v7.0-G-03-03105,03,03-02,G270688E78434N,2000-07-26T00:00:00,-89.30769344882395,78.4336115,0.060664841820436,0,547.7904,7,COPDEM30,13.44823274
RGI2000-v7.0-G-03-03106,03,03-02,G270737E78442N,2000-07-26T00:00:00,-89.25665365521988,78.442982,1.353827272773999,0,728.8385,1,COPDEM30,26.28957168
RGI2000-v7.0-G-03-03107,03,03-02,G270140E78339N,1999-07-22T00:00:00,-89.85597858929054,78.3481845,5.523585435843393,0,621.0969,2,COPDEM30,42.90323305
RGI2000-v7.0-G-03-03108,03,03-02,G270110E78348N,1999-07-22T00:00:00,-89.91749963725562,78.3518165,1.868692811551294,0,612.28485,8,COPDEM30,29.13801952
RGI2000-v7.0-G-03-03109,03,03-02,G270121E78328N,1999-07-22T00:00:00,-89.88931872445752,78.3308735,3.264831858852855,0,696.41125,6,COPDEM30,35.29638402
RGI2000-v7.0-G-03-03110,03,03-02,G270203E78311N,1999-07-22T00:00:00,-89.79127627936097,78.32092748415974,3.976407178589331,0,662.8249,3,COPDEM30,37.91730300
RGI2000-v7.0-G-03-03111,03,03-02,G270160E78316N,1999-07-22T00:00:00,-89.82918891935026,78.31106249999999,2.258879621028507,0,683.6131,7,COPDEM30,31.04139743
RGI2000-v7.0-G-03-03112,03,03-02,G271799E78504N,2000-07-26T00:00:00,-88.19981622547893,78.504771,1.207975322876087,0,874.9894,8,COPDEM30,25.38711030
RGI2000-v7.0-G-03-03113,03,03-02,G271897E78510N,2000-07-26T00:00:00,-88.08083934228813,78.5053685,1.055527083089481,0,754.90454,1,COPDEM30,24.38343868
RGI2000-v7.0-G-03-03114,03,03-02,G271839E78556N,2000-07-26T00:00:00,-88.177283545053,78.533225,12.473369652249321,0,841.93665,3,COPDEM30,59.44472117
RGI2000-v7.0-G-03-03115,03,03-02,G271736E78549N,2000-07-26T00:00:00,-88.2240842045694,78.5490345,2.475214863852858,0,914.71106,5,COPDEM30,32.02594183
RGI2000-v7.0-G-03-03116,03,03-02,G271735E78559N,2000-07-26T00:00:00,-88.25823307209191,78.5665095,3.67656988746245,0,931.6547,7,COPDEM30,36.84413712
RGI2000-v7.0-G-03-03117,03,03-02,G271834E78585N,2000-07-26T00:00:00,-88.15277183356457,78.5868475,8.714050295468615,0,686.77686,2,COPDEM30,51.32739839
RGI2000-v7.0-G-03-03118,03,03-02,G271902E78564N,2000-07-26T00:00:00,-88.09147103200723,78.564334,2.607508566833299,0,799.8102,2,COPDEM30,32.60689450
RGI2000-v7.0-G-03-03119,03,03-02,G271916E78549N,2000-07-26T00:00:00,-88.07356028089318,78.548812,4.368277859988836,0,846.4167,3,COPDEM30,39.26059570
RGI2000-v7.0-G-03-03120,03,03-02,G272327E78723N,2000-07-26T00:00:00,-87.67307475687285,78.72273949999999,2.056712058612054,0,810.4696,2,COPDEM30,30.07773801
RGI2000-v7.0-G-03-03121,03,03-02,G272384E78732N,2000-07-26T00:00:00,-87.61552651421053,78.7321025,0.232791301061788,0,657.4517,2,COPDEM30,16.75478312
RGI2000-v7.0-G-03-03122,03,03-02,G272413E78746N,2000-07-26T00:00:00,-87.58724597535212,78.74632,0.09486596703797,0,677.8435,1,COPDEM30,14.31204471
RGI2000-v7.0-G-03-03123,03,03-02,G272249E78733N,2000-07-26T00:00:00,-87.7510775737324,78.73285200000001,0.423222175892336,0,740.6843,1,COPDEM30,19.10777396
RGI2000-v7.0-G-03-03124,03,03-02,G270781E79131N,2000-07-26T00:00:00,-89.08216400200469,79.0949895,227.78285635484758,0,1193.2002,1,COPDEM90,100.00000000
RGI2000-v7.0-G-03-03125,03,03-02,G270165E78979N,1999-07-22T00:00:00,-89.8256088701882,78.976691,0.593719842222454,0,835.42725,8,COPDEM30,20.78745054
RGI2000-v7.0-G-03-03126,03,03-02,G268915E78931N,1999-07-22T00:00:00,-91.11995789243068,78.9827815,156.05752921783707,0,1129.4331,8,COPDEM90,100.00000000
RGI2000-v7.0-G-03-03127,03,03-02,G268643E78963N,1999-07-22T00:00:00,-91.36520831606491,78.968669,11.465176888708505,0,1072.6492,8,COPDEM30,57.40437396
RGI2000-v7.0-G-03-03128,03,03-02,G268426E78943N,1999-07-22T00:00:00,-91.55833286320349,78.937908,62.94019442978004,0,1119.3909,7,COPDEM90,100.00000000
RGI2000-v7.0-G-03-03129,03,03-02,G268328E78911N,1999-07-22T00:00:00,-91.70941878371187,78.9081135,25.48666104846408,0,1112.0157,7,COPDEM90,80.67804161
RGI2000-v7.0-G-03-03130,03,03-02,G268264E78884N,1999-07-22T00:00:00,-91.71798701908989,78.885422,9.53331578498192,0,975.6594,7,COPDEM30,53.22649528
RGI2000-v7.0-G-03-03131,03,03-02,G268226E78855N,1999-07-22T00:00:00,-91.77991918678276,78.8554925,23.073723235137162,0,852.56067,7,COPDEM90,77.24916174
RGI2000-v7.0-G-03-03132,03,03-02,G268168E78832N,1999-07-22T00:00:00,-91.83233778588777,78.83166800000001,0.054680148262402,0,469.0,3,COPDEM30,13.27373014
RGI2000-v7.0-G-03-03133,03,03-02,G268219E78798N,1999-07-22T00:00:00,-91.78085679624566,78.79803,0.521187426633467,0,561.89966,6,COPDEM30,20.10706365
RGI2000-v7.0-G-03-03134,03,03-02,G268266E78797N,1999-07-22T00:00:00,-91.73426681321695,78.797128,1.572582557026867,0,653.5726,6,COPDEM30,27.55637153
RGI2000-v7.0-G-03-03135,03,03-02,G268389E78808N,1999-07-22T00:00:00,-91.68933457669539,78.803582,18.746957409334552,0,937.68054,7,COPDEM90,70.61685947
RGI2000-v7.0-G-03-03136,03,03-02,G268367E78787N,1999-07-22T00:00:00,-91.68332709079488,78.786745,2.055145433561336,0,834.66113,7,COPDEM30,30.07008981
RGI2000-v7.0-G-03-03137,03,03-02,G268311E78779N,1999-07-22T00:00:00,-91.68987461544117,78.7789325,0.198266976805854,0,711.9789,7,COPDEM30,16.23380521
RGI2000-v7.0-G-03-03138,03,03-02,G268393E78766N,1999-07-22T00:00:00,-91.62182420523685,78.766505,25.341589767299137,0,943.1495,7,COPDEM90,80.47660317
RGI2000-v7.0-G-03-03139,03,03-02,G268108E78754N,1999-07-22T00:00:00,-91.8787401592998,78.756981,2.058243134978532,0,848.0461,2,COPDEM30,30.08520984
RGI2000-v7.0-G-03-03140,03,03-02,G268062E78761N,1999-07-22T00:00:00,-91.89796087430094,78.76952800000001,1.919137604379958,0,811.94666,2,COPDEM30,29.39461189
RGI2000-v7.0-G-03-03141,03,03-02,G268032E78770N,1999-07-22T00:00:00,-91.9371698379505,78.77866449999999,1.275880563978363,0,784.0915,2,COPDEM30,25.81368365
RGI2000-v7.0-G-03-03142,03,03-02,G268027E78781N,1999-07-22T00:00:00,-91.97334488322954,78.781451,1.0857725859581,0,774.5419,1,COPDEM30,24.58805768
RGI2000-v7.0-G-03-03143,03,03-02,G267963E78777N,1999-07-22T00:00:00,-92.04114237837615,78.7816825,4.401810126292513,0,846.9541,1,COPDEM30,39.37268773
RGI2000-v7.0-G-03-03144,03,03-02,G267865E78782N,1999-07-22T00:00:00,-92.10755974695395,78.781172,2.938425135916592,0,814.8665,1,COPDEM30,33.99856926
RGI2000-v7.0-G-03-03145,03,03-02,G267839E78784N,1999-07-22T00:00:00,-92.1611300616547,78.78353999999999,1.543386794631919,0,779.7043,8,COPDEM30,27.39263671
RGI2000-v7.0-G-03-03146,03,03-02,G267814E78775N,1999-07-22T00:00:00,-92.18881358060673,78.779832,0.734186300059164,0,783.7122,8,COPDEM30,21.99585407
RGI2000-v7.0-G-03-03147,03,03-02,G267773E78769N,1999-07-22T00:00:00,-92.22441495937264,78.774201,2.078336806252322,0,784.25055,8,COPDEM30,30.18301301
RGI2000-v7.0-G-03-03148,03,03-02,G267820E78765N,1999-07-22T00:00:00,-92.1340314996645,78.7597605,4.394776948746402,0,899.38403,6,COPDEM30,39.34921263
RGI2000-v7.0-G-03-03149,03,03-02,G267978E78758N,1999-07-22T00:00:00,-91.97059831995725,78.747742,15.573235094987329,0,914.6011,6,COPDEM90,65.24811380
RGI2000-v7.0-G-03-03150,03,03-02,G268092E78734N,1999-07-22T00:00:00,-91.91800568659968,78.73039299999999,2.561008704737545,0,999.22705,6,COPDEM30,32.40441265
RGI2000-v7.0-G-03-03151,03,03-02,G268144E78741N,1999-07-22T00:00:00,-91.84727668655286,78.737245,3.015706217814946,0,959.26404,3,COPDEM30,34.31210437
RGI2000-v7.0-G-03-03152,03,03-02,G268444E78718N,1999-07-22T00:00:00,-91.63717294258869,78.70571100000001,44.91955357474005,0,855.4001,8,COPDEM90,100.00000000
RGI2000-v7.0-G-03-03153,03,03-02,G268183E78683N,1999-07-22T00:00:00,-91.7586686726834,78.67953650000001,22.752739401077438,0,742.5475,8,COPDEM90,76.77976432
RGI2000-v7.0-G-03-03154,03,03-02,G268059E78680N,1999-07-22T00:00:00,-91.91574300742583,78.68180050000001,4.437036309092949,0,742.0981,1,COPDEM30,39.48998333
RGI2000-v7.0-G-03-03155,03,03-02,G267974E78669N,1999-07-22T00:00:00,-92.02036805288016,78.6708305,8.182916295208981,0,725.0952,7,COPDEM30,50.04811598
RGI2000-v7.0-G-03-03156,03,03-02,G267995E78650N,1999-07-22T00:00:00,-92.00470835595328,78.6497775,1.403579889562249,0,757.1921,7,COPDEM30,26.58618878
RGI2000-v7.0-G-03-03157,03,03-02,G268098E78644N,1999-07-22T00:00:00,-91.88691960294304,78.632552,16.377808293393155,0,824.1332,5,COPDEM90,66.65730690
RGI2000-v7.0-G-03-03158,03,03-02,G268188E78644N,1999-07-22T00:00:00,-91.80867172769032,78.636112,0.808012556365248,0,832.11707,5,COPDEM30,22.58453261
RGI2000-v7.0-G-03-03159,03,03-02,G268269E78647N,1999-07-22T00:00:00,-91.752511473335,78.63485650000001,4.899856435158636,0,903.1777,5,COPDEM30,40.98986707
RGI2000-v7.0-G-03-03160,03,03-02,G268339E78650N,1999-07-22T00:00:00,-91.64645269489282,78.64294749999999,3.657448968744055,0,930.96124,4,COPDEM30,36.77424131
RGI2000-v7.0-G-03-03161,03,03-02,G267874E78696N,1999-07-22T00:00:00,-92.12886676862662,78.69570250000001,0.575491002672103,0,681.9861,8,COPDEM30,20.62055726
RGI2000-v7.0-G-03-03162,03,03-02,G267598E78752N,1999-07-22T00:00:00,-92.40025901891283,78.75392550000001,1.063314812781846,0,665.4185,1,COPDEM30,24.43640202
RGI2000-v7.0-G-03-03163,03,03-02,G267784E78843N,1999-07-22T00:00:00,-92.21543513889914,78.84360699999999,0.220668593162443,0,720.0295,1,COPDEM30,16.57655261
RGI2000-v7.0-G-03-03164,03,03-02,G268363E78831N,1999-07-22T00:00:00,-91.60357448079824,78.847733,37.61298624766885,0,1141.2184,7,COPDEM90,95.86119790
RGI2000-v7.0-G-03-03165,03,03-02,G268357E78975N,1999-07-22T00:00:00,-91.63442059254537,78.979501,9.55078617360914,0,973.61554,8,COPDEM30,53.26608476
RGI2000-v7.0-G-03-03166,03,03-02,G268379E79006N,1999-07-22T00:00:00,-91.62120490439793,79.005676,0.761428129066199,0,924.37823,2,COPDEM30,22.21637889
RGI2000-v7.0-G-03-03167,03,03-02,G268574E79041N,1999-07-22T00:00:00,-91.45689935311503,79.036716,3.688160760306977,0,1035.2086,7,COPDEM30,36.88641867
RGI2000-v7.0-G-03-03168,03,03-02,G268547E79048N,1999-07-22T00:00:00,-91.45299287694061,79.04815099999999,1.594541156441531,0,1088.1997,7,COPDEM30,27.67851992
RGI2000-v7.0-G-03-03169,03,03-02,G268571E79051N,1999-07-22T00:00:00,-91.4124173911097,79.05241849999999,2.770967483375821,0,1021.47595,1,COPDEM30,33.30471254
RGI2000-v7.0-G-03-03170,03,03-02,G268526E79056N,1999-07-22T00:00:00,-91.47399858938707,79.056307,0.552858802879103,0,973.0273,1,COPDEM30,20.40962657
RGI2000-v7.0-G-03-03171,03,03-02,G268630E79038N,1999-07-22T00:00:00,-91.36586092859817,79.02854500000001,2.379401543043093,0,1142.4469,3,COPDEM30,31.59543244
RGI2000-v7.0-G-03-03172,03,03-02,G268620E79020N,1999-07-22T00:00:00,-91.40430832778529,79.0220975,2.074620529415881,0,1105.033,7,COPDEM30,30.16496030
RGI2000-v7.0-G-03-03173,03,03-02,G268288E79078N,1999-07-22T00:00:00,-91.71219964010106,79.0800015,0.436157865392362,0,929.51324,2,COPDEM30,19.24591486
RGI2000-v7.0-G-03-03174,03,03-02,G267503E78978N,1999-07-22T00:00:00,-92.49574764126015,78.97874300000001,0.311352967529004,0,680.032,2,COPDEM30,17.81186160
RGI2000-v7.0-G-03-03175,03,03-02,G267183E78881N,1999-07-22T00:00:00,-92.81680689359851,78.880623,1.60080825258877,0,786.2494,1,COPDEM30,27.71322719
RGI2000-v7.0-G-03-03176,03,03-02,G267108E78877N,1999-07-22T00:00:00,-92.89977489349441,78.8771215,1.220218477456115,0,638.2163,1,COPDEM30,25.46488996
RGI2000-v7.0-G-03-03177,03,03-02,G267055E78842N,1999-07-22T00:00:00,-92.95969873682115,78.83541550000001,11.6144462829732,0,691.94446,8,COPDEM30,57.71196361
RGI2000-v7.0-G-03-03178,03,03-02,G267079E78480N,1999-07-22T00:00:00,-92.92096173279928,78.480421,0.082591209495776,0,142.12714,1,COPDEM30,14.02341609
RGI2000-v7.0-G-03-03179,03,03-02,G267121E78473N,1999-07-22T00:00:00,-92.87913719188563,78.47288449999999,0.206503640873349,0,396.96487,1,COPDEM30,16.36197403
RGI2000-v7.0-G-03-03180,03,03-02,G267112E78459N,1999-07-22T00:00:00,-92.88849939627968,78.458573,0.126775886232569,0,545.81647,8,COPDEM30,14.98478422
RGI2000-v7.0-G-03-03181,03,03-02,G267157E78451N,1999-07-22T00:00:00,-92.81732663359983,78.456617,2.025374520756248,0,573.8316,2,COPDEM30,29.92419148
RGI2000-v7.0-G-03-03182,03,03-02,G267227E78445N,1999-07-22T00:00:00,-92.77295670699147,78.4448375,1.627929245401992,0,474.42218,2,COPDEM30,27.86264628
RGI2000-v7.0-G-03-03183,03,03-02,G267221E78434N,1999-07-22T00:00:00,-92.77888098858195,78.434148,2.221435991393981,0,528.4518,3,COPDEM30,30.86627553
RGI2000-v7.0-G-03-03184,03,03-02,G267163E78432N,1999-07-22T00:00:00,-92.83477228821222,78.43041,0.661116799753285,0,713.6843,8,COPDEM30,21.38327250
RGI2000-v7.0-G-03-03185,03,03-02,G267246E78427N,1999-07-22T00:00:00,-92.72071832750296,78.429521,2.457939998410944,0,460.6557,1,COPDEM30,31.94894621
RGI2000-v7.0-G-03-03186,03,03-02,G268921E78794N,1999-07-22T00:00:00,-91.19514020666168,78.7186715,761.5096557013425,0,895.97,6,COPDEM90,100.00000000
RGI2000-v7.0-G-03-03187,03,03-02,G272861E79264N,2000-07-26T00:00:00,-87.14117204845331,79.2638025,0.116455491672568,0,904.2166,7,COPDEM30,14.77758060
RGI2000-v7.0-G-03-03188,03,03-02,G272889E79274N,2000-07-26T00:00:00,-87.1113036438484,79.275677,0.283980963927192,0,919.6785,3,COPDEM30,17.46058100
RGI2000-v7.0-G-03-03189,03,03-02,G272672E79381N,2000-07-26T00:00:00,-87.32823896863283,79.3809095,0.563634405974548,0,1152.5121,5,COPDEM30,20.51058246
RGI2000-v7.0-G-03-03190,03,03-02,G272648E79383N,2000-07-26T00:00:00,-87.351920064438,79.3830485,0.262483521303592,0,1139.0056,6,COPDEM30,17.17264039
RGI2000-v7.0-G-03-03191,03,03-02,G272663E79390N,2000-07-26T00:00:00,-87.35409401591983,79.392065,1.113495262060477,0,1128.0754,8,COPDEM30,24.77311989
RGI2000-v7.0-G-03-03192,03,03-02,G272693E79391N,2000-07-26T00:00:00,-87.30656462295714,79.3909475,0.865720678512428,0,1163.0199,2,COPDEM30,23.02617569
RGI2000-v7.0-G-03-03193,03,03-02,G271940E79577N,2000-07-26T00:00:00,-88.06975547686866,79.57888,0.562144472604269,0,1126.0854,8,COPDEM30,20.49668122
RGI2000-v7.0-G-03-03194,03,03-02,G264317E80284N,1999-07-25T00:00:00,-95.68507129963682,80.281974,2.385998202586432,0,384.41202,8,COPDEM30,31.62534734
RGI2000-v7.0-G-03-03195,03,03-02,G264185E80308N,1999-07-25T00:00:00,-95.77645760164202,80.3068075,8.373470300997198,0,311.06683,1,COPDEM30,50.51172891
RGI2000-v7.0-G-03-03196,03,03-02,G264254E80328N,1999-07-25T00:00:00,-95.75092128629339,80.327214,0.647250004447263,0,389.0141,1,COPDEM30,21.26325889
RGI2000-v7.0-G-03-03197,03,03-02,G264304E80334N,1999-07-25T00:00:00,-95.6993567386013,80.33770799999999,1.058425523449048,0,271.2762,2,COPDEM30,24.40317335
RGI2000-v7.0-G-03-03198,03,03-03,G276365E79425N,1999-07-08T00:00:00,-83.63486785829218,79.4251755,0.29183884115034,0,776.2065,1,COPDEM30,17.56309546
RGI2000-v7.0-G-03-03199,03,03-03,G276477E79445N,1999-07-08T00:00:00,-83.52082329102167,79.444884,0.45364446293168,0,925.2961,1,COPDEM30,19.42943873
RGI2000-v7.0-G-03-03200,03,03-03,G276602E79480N,1999-07-08T00:00:00,-83.3892674185393,79.4779735,0.644651109410399,0,866.7377,8,COPDEM30,21.24062353
RGI2000-v7.0-G-03-03201,03,03-03,G276718E79516N,1999-07-08T00:00:00,-83.28393054086781,79.513919,0.259502111145564,0,818.1784,1,COPDEM30,17.13178896
RGI2000-v7.0-G-03-03202,03,03-03,G276741E79534N,1999-07-08T00:00:00,-83.239238176492,79.531834,1.376168931990118,0,828.15967,1,COPDEM30,26.42343176
RGI2000-v7.0-G-03-03203,03,03-03,G276781E79556N,1999-07-08T00:00:00,-83.20065105020677,79.5540685,3.194531054194543,0,902.27893,8,COPDEM30,35.02255156
RGI2000-v7.0-G-03-03204,03,03-03,G276808E79566N,1999-07-08T00:00:00,-83.1924768315358,79.5657465,0.271368450344251,0,886.3053,8,COPDEM30,17.29302518
RGI2000-v7.0-G-03-03205,03,03-03,G276902E79588N,1999-07-08T00:00:00,-83.09926998809527,79.5874485,0.328686962369545,0,855.0823,1,COPDEM30,18.02637182
RGI2000-v7.0-G-03-03206,03,03-03,G276932E79628N,1999-07-08T00:00:00,-83.06641177693973,79.6275765,0.479747165076597,0,853.8336,1,COPDEM30,19.69692964
RGI2000-v7.0-G-03-03207,03,03-03,G276979E79636N,1999-07-08T00:00:00,-83.01479767093552,79.6344185,1.506157053584174,0,955.39746,8,COPDEM30,27.18158265
RGI2000-v7.0-G-03-03208,03,03-03,G276979E79644N,1999-07-08T00:00:00,-83.02054217504329,79.6435,0.363823384570013,0,950.6889,7,COPDEM30,18.44448834
RGI2000-v7.0-G-03-03209,03,03-03,G277009E79660N,1999-07-08T00:00:00,-82.98214666404778,79.6591565,2.271285340244435,0,906.03345,8,COPDEM30,31.09909777
RGI2000-v7.0-G-03-03210,03,03-03,G276943E79676N,1999-07-08T00:00:00,-83.05651555139548,79.67551,0.425119560078473,0,788.4083,1,COPDEM30,19.12816705
RGI2000-v7.0-G-03-03211,03,03-03,G276877E79685N,1999-07-08T00:00:00,-83.12820412220232,79.68324100000001,2.247229339651724,0,907.90796,1,COPDEM30,30.98706627
RGI2000-v7.0-G-03-03212,03,03-03,G276831E79674N,1999-07-08T00:00:00,-83.16112465215429,79.67393799999999,1.084188719935829,0,978.1643,8,COPDEM30,24.57741366
RGI2000-v7.0-G-03-03213,03,03-03,G276790E79669N,1999-07-08T00:00:00,-83.20964780441284,79.669003,0.255008203476246,0,933.50525,8,COPDEM30,17.06976717
RGI2000-v7.0-G-03-03214,03,03-03,G276872E79700N,1999-07-08T00:00:00,-83.1281617261225,79.6998065,1.352175131491886,0,941.68896,8,COPDEM30,26.27962917
RGI2000-v7.0-G-03-03215,03,03-03,G276944E79701N,1999-07-08T00:00:00,-83.05753459253376,79.6993635,0.335970147227075,0,910.9012,2,COPDEM30,18.11481046
RGI2000-v7.0-G-03-03216,03,03-03,G276903E79713N,1999-07-08T00:00:00,-83.097283870648,79.712921,2.08834811145903,0,880.01196,1,COPDEM30,30.23156519
RGI2000-v7.0-G-03-03217,03,03-03,G276961E79719N,1999-07-08T00:00:00,-83.03924708870969,79.71883,0.33959277527629,0,971.9603,8,COPDEM30,18.15844250
RGI2000-v7.0-G-03-03218,03,03-03,G276942E79755N,1999-07-08T00:00:00,-83.05809583478263,79.754525,8.708028043998494,0,972.64075,8,COPDEM30,51.31311531
RGI2000-v7.0-G-03-03219,03,03-03,G277051E79766N,1999-07-08T00:00:00,-82.9485147260807,79.766344,0.466295221265034,0,1051.9338,2,COPDEM30,19.56001377
RGI2000-v7.0-G-03-03220,03,03-03,G277087E79758N,1999-07-08T00:00:00,-82.91285178228964,79.758465,0.961123302276032,0,920.0139,3,COPDEM30,23.72516547
RGI2000-v7.0-G-03-03221,03,03-03,G277012E79775N,1999-07-08T00:00:00,-82.98818160485783,79.7751885,4.808832556148451,0,979.15955,8,COPDEM30,40.70067069
RGI2000-v7.0-G-03-03222,03,03-03,G277069E79789N,1999-07-08T00:00:00,-82.93090759542575,79.789343,5.182190828502024,0,983.4101,8,COPDEM30,41.87019615
RGI2000-v7.0-G-03-03223,03,03-03,G277118E79804N,1999-07-08T00:00:00,-82.88162628311167,79.8037325,0.260601601186701,0,989.1904,2,COPDEM30,17.14688141
RGI2000-v7.0-G-03-03224,03,03-03,G277083E79809N,1999-07-08T00:00:00,-82.91684284173351,79.8090505,0.863295675156494,0,913.02844,1,COPDEM30,23.00791883
RGI2000-v7.0-G-03-03225,03,03-03,G277036E79806N,1999-07-08T00:00:00,-82.96431588813027,79.8061825,0.973998382874086,0,998.26514,8,COPDEM30,23.81678990
RGI2000-v7.0-G-03-03226,03,03-03,G277110E79829N,1999-07-08T00:00:00,-82.87370052195784,79.82755499999999,2.537812290874481,0,942.90283,1,COPDEM30,32.30271753
RGI2000-v7.0-G-03-03227,03,03-03,G277208E79876N,1999-07-08T00:00:00,-82.79155023818687,79.87634750000001,9.3967954488666,0,966.4168,8,COPDEM30,52.91587012
RGI2000-v7.0-G-03-03228,03,03-03,G277299E79882N,1999-07-08T00:00:00,-82.70053565746618,79.88212150000001,6.383856538505603,0,916.98566,1,COPDEM30,45.37281275
RGI2000-v7.0-G-03-03229,03,03-03,G277371E79863N,1999-07-08T00:00:00,-82.62901894937502,79.8630015,0.91974363128924,0,1031.9915,2,COPDEM30,23.42645715
RGI2000-v7.0-G-03-03230,03,03-03,G278666E79808N,1999-07-08T00:00:00,-81.3290853987754,79.8078945,0.440319424312899,0,757.4633,7,COPDEM30,19.28991965
RGI2000-v7.0-G-03-03231,03,03-03,G278864E79830N,1999-07-08T00:00:00,-81.13630498847604,79.82953950000001,0.453516617068738,0,841.7215,1,COPDEM30,19.42810993
RGI2000-v7.0-G-03-03232,03,03-03,G278897E79829N,1999-07-08T00:00:00,-81.10280739229025,79.8291815,0.642549845456932,0,796.667,1,COPDEM30,21.22228897
RGI2000-v7.0-G-03-03233,03,03-03,G278949E79828N,1999-07-08T00:00:00,-81.0514228704657,79.82777300000001,0.518106903893833,0,826.9843,1,COPDEM30,20.07715005
RGI2000-v7.0-G-03-03234,03,03-03,G278981E79827N,1999-07-08T00:00:00,-81.01895097368424,79.8266075,0.290007897593466,0,823.1284,1,COPDEM30,17.53933339
RGI2000-v7.0-G-03-03235,03,03-03,G279084E79809N,1999-07-08T00:00:00,-80.93002496165681,79.8047395,10.459709191940497,0,949.8261,7,COPDEM30,55.27806314
RGI2000-v7.0-G-03-03236,03,03-03,G279089E79789N,1999-07-08T00:00:00,-80.9514720700844,79.77981750000001,6.446670574443086,0,910.12537,6,COPDEM30,45.54641237
RGI2000-v7.0-G-03-03237,03,03-03,G278909E79776N,1999-07-08T00:00:00,-81.09415168584975,79.77552650000001,1.201540857837161,0,836.44214,6,COPDEM30,25.34607468
RGI2000-v7.0-G-03-03238,03,03-03,G278888E79797N,1999-07-08T00:00:00,-81.10630224397165,79.785374,14.616547999957497,0,944.10144,8,COPDEM90,63.52423197
RGI2000-v7.0-G-03-03239,03,03-03,G279254E79777N,1999-07-08T00:00:00,-80.79725993185374,79.75448700000001,36.38126102108614,0,920.2616,6,COPDEM90,94.44363303
RGI2000-v7.0-G-03-03240,03,03-03,G279302E79749N,1999-07-08T00:00:00,-80.69835118244673,79.7486955,0.466743261721746,0,900.47034,7,COPDEM30,19.56460555
RGI2000-v7.0-G-03-03241,03,03-03,G279370E79749N,1999-07-08T00:00:00,-80.62958156898878,79.74885,1.702109580228333,0,907.7048,6,COPDEM30,28.26508904
RGI2000-v7.0-G-03-03242,03,03-03,G279504E79759N,1999-07-08T00:00:00,-80.49641225428341,79.759063,2.126443819876818,0,883.6708,5,COPDEM30,30.41526362
RGI2000-v7.0-G-03-03243,03,03-03,G279579E79762N,1999-07-08T00:00:00,-80.42083205051782,79.76231849999999,3.377556394514786,0,952.78784,5,COPDEM30,35.72938113
RGI2000-v7.0-G-03-03244,03,03-03,G279644E79767N,1999-07-08T00:00:00,-80.35420263670287,79.766061,0.17371945603555,0,735.34296,2,COPDEM30,15.83515324
RGI2000-v7.0-G-03-03245,03,03-03,G279633E79772N,1999-07-08T00:00:00,-80.36674124415207,79.771941,0.247057248836988,0,821.5783,2,COPDEM30,16.95867953
RGI2000-v7.0-G-03-03246,03,03-03,G280049E79819N,1999-07-08T00:00:00,-80.42904055333557,79.81089449999999,239.84320249554224,0,1125.2844,5,COPDEM90,100.00000000
RGI2000-v7.0-G-03-03247,03,03-03,G279200E79850N,1999-07-08T00:00:00,-80.73065754880679,79.8325165,51.50507674479502,0,1034.1005,7,COPDEM90,100.00000000
RGI2000-v7.0-G-03-03248,03,03-03,G279257E79877N,1999-07-08T00:00:00,-80.74295141084733,79.8770275,5.404371757517968,0,1041.5386,8,COPDEM30,42.54622658
RGI2000-v7.0-G-03-03249,03,03-03,G279265E79892N,1999-07-08T00:00:00,-80.7347672799851,79.891602,0.207412125565356,0,1019.2092,1,COPDEM30,16.37595300
RGI2000-v7.0-G-03-03250,03,03-03,G279154E79874N,1999-07-08T00:00:00,-80.84577178738124,79.87437399999999,3.334682910543395,0,989.3075,6,COPDEM30,35.56555985
RGI2000-v7.0-G-03-03251,03,03-03,G279096E79867N,1999-07-08T00:00:00,-80.90408558833977,79.86722,1.919500915788759,0,883.89105,8,COPDEM30,29.39644760
RGI2000-v7.0-G-03-03252,03,03-03,G279007E79863N,1999-07-08T00:00:00,-80.99305383002203,79.86298500000001,0.185661345163425,0,1011.93384,1,COPDEM30,16.03238126
RGI2000-v7.0-G-03-03253,03,03-03,G278936E79862N,1999-07-08T00:00:00,-81.06399991252793,79.8621555,0.567242156850977,0,837.01715,1,COPDEM30,20.54416724
RGI2000-v7.0-G-03-03254,03,03-03,G278906E79858N,1999-07-08T00:00:00,-81.0943814515272,79.85777949999999,0.57544962831444,0,865.6233,8,COPDEM30,20.62017548
RGI2000-v7.0-G-03-03255,03,03-03,G279101E79884N,1999-07-08T00:00:00,-80.90843999883924,79.883966,0.733463860863895,0,822.4133,1,COPDEM30,21.98995066
RGI2000-v7.0-G-03-03256,03,03-03,G279375E79879N,1999-07-08T00:00:00,-80.61990848432433,79.87430950000001,13.71142475822813,0,1102.8215,8,COPDEM90,61.84051748
RGI2000-v7.0-G-03-03257,03,03-03,G279517E79952N,1999-07-08T00:00:00,-80.47278942647057,79.95174,0.473397746458775,0,868.18567,7,COPDEM30,19.63254682
RGI2000-v7.0-G-03-03258,03,03-03,G279537E79962N,1999-07-08T00:00:00,-80.4625718806117,79.96248750000001,3.075020232844432,0,945.46796,7,COPDEM30,34.55002985
RGI2000-v7.0-G-03-03259,03,03-03,G279484E79975N,1999-07-08T00:00:00,-80.51642322637052,79.974576,0.13415424413003,0,896.45526,1,COPDEM30,15.12779015
RGI2000-v7.0-G-03-03260,03,03-03,G279409E79978N,1999-07-08T00:00:00,-80.58477973979129,79.9777545,0.433446499695055,0,931.21094,1,COPDEM30,19.21713155
RGI2000-v7.0-G-03-03261,03,03-03,G279339E79983N,1999-07-08T00:00:00,-80.65777379378129,79.9834725,0.620788402675581,0,891.4659,1,COPDEM30,21.03061770
RGI2000-v7.0-G-03-03262,03,03-03,G279433E79998N,1999-07-08T00:00:00,-80.56704574999998,79.99798000000001,0.080434522470516,0,977.5695,1,COPDEM30,13.97053729
RGI2000-v7.0-G-03-03263,03,03-03,G279509E79991N,1999-07-08T00:00:00,-80.4912336079766,79.99068249999999,0.151676817781384,0,949.9986,7,COPDEM30,15.45239913
RGI2000-v7.0-G-03-03264,03,03-03,G279630E79978N,1999-07-08T00:00:00,-80.3697836978022,79.9781955,8.571682500311368,0,1000.07153,7,COPDEM30,50.98841019
RGI2000-v7.0-G-03-03265,03,03-03,G279678E79966N,1999-07-08T00:00:00,-80.32179467322167,79.966419,1.268317970278619,0,1008.52,6,COPDEM30,25.76674736
RGI2000-v7.0-G-03-03266,03,03-03,G279602E80004N,1999-07-08T00:00:00,-80.25830912396609,80.0134855,44.447114526185345,0,1037.0266,7,COPDEM90,100.00000000
RGI2000-v7.0-G-03-03267,03,03-03,G279610E80095N,1999-07-08T00:00:00,-80.79597209493357,80.07012549999999,419.66348254059506,0,1112.3198,7,COPDEM90,100.00000000
RGI2000-v7.0-G-03-03268,03,03-03,G279023E80118N,1999-07-08T00:00:00,-80.98278235548875,80.1189695,4.308298051344829,0,869.2169,8,COPDEM30,39.05901612
RGI2000-v7.0-G-03-03269,03,03-03,G278861E80102N,1999-07-08T00:00:00,-81.13792638515861,80.10149200000001,3.03047655812141,0,862.9063,8,COPDEM30,34.37156961
RGI2000-v7.0-G-03-03270,03,03-03,G278765E80093N,1999-07-08T00:00:00,-81.23541494930933,80.092833,0.182471189324622,0,753.2599,1,COPDEM30,15.98033052
RGI2000-v7.0-G-03-03271,03,03-03,G279323E80141N,1999-07-08T00:00:00,-80.6770223901787,80.14142100000001,0.125537998579147,0,842.7054,1,COPDEM30,14.96038786
RGI2000-v7.0-G-03-03272,03,03-03,G279477E80154N,1999-07-08T00:00:00,-80.54105702384963,80.155865,20.78340945408323,0,880.6949,8,COPDEM90,73.82435470
RGI2000-v7.0-G-03-03273,03,03-03,G279624E80167N,1999-07-08T00:00:00,-80.37619319354837,80.1674705,2.502707633735443,0,925.40967,8,COPDEM30,32.14792758
RGI2000-v7.0-G-03-03274,03,03-03,G279806E80180N,1999-07-08T00:00:00,-80.19392109065186,80.1796875,35.694954196990096,0,947.38983,8,COPDEM90,93.64335612
RGI2000-v7.0-G-03-03275,03,03-03,G279958E80195N,1999-07-08T00:00:00,-80.042252228125,80.1945645,5.487805294498511,0,1034.1752,8,COPDEM30,42.79649124
RGI2000-v7.0-G-03-03276,03,03-03,G279972E80219N,1999-07-08T00:00:00,-80.02773316535914,80.21904699999999,0.124755417540296,0,898.91833,8,COPDEM30,14.94490261
RGI2000-v7.0-G-03-03277,03,03-03,G280063E80227N,1999-07-08T00:00:00,-79.93081535343902,80.228669,0.380512768898187,0,965.0355,2,COPDEM30,18.63600039
RGI2000-v7.0-G-03-03278,03,03-03,G280634E80222N,1999-07-08T00:00:00,-79.36577480575426,80.221739,0.165418624973038,0,1034.2141,8,COPDEM30,15.69403640
RGI2000-v7.0-G-03-03279,03,03-03,G281109E80194N,1999-07-08T00:00:00,-78.94587636790888,80.217567,457.3549752707073,0,1334.6443,8,COPDEM90,100.00000000
RGI2000-v7.0-G-03-03280,03,03-03,G280841E80287N,1999-07-08T00:00:00,-79.15897794778482,80.2871205,16.521009443769195,0,1151.53,8,COPDEM90,66.90446249
RGI2000-v7.0-G-03-03281,03,03-03,G280846E80303N,1999-07-08T00:00:00,-79.15410739888061,80.302526,0.370551063202504,0,929.72003,1,COPDEM30,18.52220678
RGI2000-v7.0-G-03-03282,03,03-03,G280873E80306N,1999-07-08T00:00:00,-79.12663405589124,80.306227,0.909046783202865,0,885.5082,1,COPDEM30,23.34815229
RGI2000-v7.0-G-03-03283,03,03-03,G280906E80308N,1999-07-08T00:00:00,-79.09447372813491,80.30752050000001,0.512504317969004,0,938.1717,1,COPDEM30,20.02251697
RGI2000-v7.0-G-03-03284,03,03-03,G280798E80303N,1999-07-08T00:00:00,-79.2023106452435,80.3032005,0.363050094783146,0,878.0089,8,COPDEM30,18.43550938
RGI2000-v7.0-G-03-03285,03,03-03,G281017E80301N,1999-07-08T00:00:00,-78.983448604252,80.30122850000001,18.299175163293373,0,1144.6761,1,COPDEM90,69.88854926
RGI2000-v7.0-G-03-03286,03,03-03,G281110E80394N,1999-07-31T00:00:00,-78.89856906412845,80.39578399999999,1.653400758536101,0,1057.8412,1,COPDEM30,28.00184848
RGI2000-v7.0-G-03-03287,03,03-03,G281211E80420N,1999-07-31T00:00:00,-78.7885653932777,80.41981050000001,1.394090895843355,0,997.7461,1,COPDEM30,26.53002769
RGI2000-v7.0-G-03-03288,03,03-03,G281277E80415N,1999-07-31T00:00:00,-78.72315088945096,80.415216,1.694232777612284,0,1035.2876,1,COPDEM30,28.22277763
RGI2000-v7.0-G-03-03289,03,03-03,G281413E80418N,1999-07-31T00:00:00,-78.58695014872184,80.417609,7.11795935750297,0,957.26624,1,COPDEM30,47.35130565
RGI2000-v7.0-G-03-03290,03,03-03,G281541E80419N,1999-07-31T00:00:00,-78.45895182207495,80.4194145,6.549703735361907,0,1041.7938,1,COPDEM30,45.82934457
RGI2000-v7.0-G-03-03291,03,03-03,G281925E80388N,1999-07-31T00:00:00,-78.34187694203322,80.400416,42.021849034105315,0,1141.7783,1,COPDEM90,100.00000000
RGI2000-v7.0-G-03-03292,03,03-03,G281978E80362N,1999-07-08T00:00:00,-78.02160947091937,80.362075,0.629296577410692,0,1401.9722,4,COPDEM30,21.10595017
RGI2000-v7.0-G-03-03293,03,03-03,G282258E80363N,1999-07-31T00:00:00,-77.75184385257475,80.3639915,0.343331127936805,0,1106.2485,1,COPDEM30,18.20322504
RGI2000-v7.0-G-03-03294,03,03-03,G282109E80321N,1999-07-31T00:00:00,-77.89095579052051,80.3213975,40.320720135570745,0,1214.72,1,COPDEM90,98.89803792
RGI2000-v7.0-G-03-03295,03,03-03,G281557E80260N,1999-07-08T00:00:00,-78.0099035113993,80.27080000000001,578.6152220216844,0,1446.7393,8,COPDEM90,100.00000000
RGI2000-v7.0-G-03-03296,03,03-03,G280180E80190N,1999-07-08T00:00:00,-78.24066014164183,80.12193099999999,362.1355245081355,0,1572.903,8,COPDEM90,100.00000000
RGI2000-v7.0-G-03-03297,03,03-03,G281517E79944N,1999-07-08T00:00:00,-78.86086406236419,79.909584,1048.0239758941796,0,1388.2869,5,COPDEM90,100.00000000
RGI2000-v7.0-G-03-03298,03,03-03,G281355E79786N,2001-07-21T00:00:00,-78.64523041790707,79.7861585,4.201870572511627,0,1003.1115,5,COPDEM30,38.69785065
RGI2000-v7.0-G-03-03299,03,03-03,G281333E79773N,2001-07-21T00:00:00,-78.66680734755687,79.7727065,5.706141434005827,0,888.24475,7,COPDEM30,43.44254358
RGI2000-v7.0-G-03-03300,03,03-03,G281381E79761N,2001-07-21T00:00:00,-78.6194718358349,79.760697,1.441396929925394,0,846.8796,7,COPDEM30,26.80814678
RGI2000-v7.0-G-03-03301,03,03-03,G281729E79760N,2001-07-21T00:00:00,-78.27137061192022,79.76018450000001,18.461515656605407,0,837.8019,4,COPDEM90,70.15361227
RGI2000-v7.0-G-03-03302,03,03-03,G281452E79778N,2001-07-21T00:00:00,-78.28777488382633,79.82321,172.35942230974806,0,1203.3881,5,COPDEM90,100.00000000
RGI2000-v7.0-G-03-03303,03,03-03,G282304E79800N,2001-07-21T00:00:00,-78.00377801242306,79.804761,243.635305249881,0,997.0858,5,COPDEM90,100.00000000
RGI2000-v7.0-G-03-03304,03,03-03,G282284E79685N,2001-07-21T00:00:00,-77.7163697340306,79.684788,3.488399120006844,0,658.5374,1,COPDEM30,36.14815916
RGI2000-v7.0-G-03-03305,03,03-03,G282444E79692N,2001-07-21T00:00:00,-77.54657366373533,79.69175200000001,0.776719386507328,0,879.26166,3,COPDEM30,22.33843587
RGI2000-v7.0-G-03-03306,03,03-03,G282331E79662N,2001-07-21T00:00:00,-77.6168832241984,79.6592045,23.008063292694192,0,869.49066,1,COPDEM90,77.15340948
RGI2000-v7.0-G-03-03307,03,03-03,G282486E79630N,2001-07-21T00:00:00,-77.49895568279115,79.63393500000001,6.662516824894597,0,1035.54,2,COPDEM30,46.13659223
RGI2000-v7.0-G-03-03308,03,03-03,G282520E79617N,2001-07-21T00:00:00,-77.48043216565958,79.617316,1.60361744220273,0,1017.0749,3,COPDEM30,27.72876247
RGI2000-v7.0-G-03-03309,03,03-03,G282516E79603N,2001-07-21T00:00:00,-77.48435555375222,79.603268,1.375487780859774,0,1083.9071,3,COPDEM30,26.41936677
RGI2000-v7.0-G-03-03310,03,03-03,G282556E79594N,2001-07-21T00:00:00,-77.45867199340191,79.5939845,2.367461013265721,0,875.66156,2,COPDEM30,31.54117821
RGI2000-v7.0-G-03-03311,03,03-03,G282575E79571N,1999-07-31T00:00:00,-77.43085895961221,79.5700885,2.748769384619684,0,866.2293,2,COPDEM30,33.21117833
RGI2000-v7.0-G-03-03312,03,03-03,G282654E79549N,1999-07-31T00:00:00,-77.34999390176819,79.5490315,3.912249020258746,0,770.74164,2,COPDEM30,37.69116841
RGI2000-v7.0-G-03-03313,03,03-03,G282692E79533N,1999-07-31T00:00:00,-77.30318954349084,79.53458,3.766570846081335,0,821.14685,1,COPDEM30,37.17071743
RGI2000-v7.0-G-03-03314,03,03-03,G282747E79485N,1999-07-31T00:00:00,-77.25267367373644,79.4842685,3.806740808268001,0,801.7045,8,COPDEM30,37.31521917
RGI2000-v7.0-G-03-03315,03,03-03,G282745E79461N,1999-07-31T00:00:00,-77.25970437656403,79.4619165,0.390017768991448,0,805.28235,8,COPDEM30,18.74319637
RGI2000-v7.0-G-03-03316,03,03-03,G282573E79424N,1999-07-31T00:00:00,-77.42713396078847,79.42381449999999,1.273033308954585,0,776.24475,2,COPDEM30,25.79602889
RGI2000-v7.0-G-03-03317,03,03-03,G282590E79414N,1999-07-31T00:00:00,-77.4102905791364,79.4143795,2.009284141331774,0,838.12714,3,COPDEM30,29.84489082
RGI2000-v7.0-G-03-03318,03,03-03,G282542E79401N,1999-07-31T00:00:00,-77.45974605137808,79.400715,2.367312813948872,0,890.56226,4,COPDEM30,31.54050398
RGI2000-v7.0-G-03-03319,03,03-03,G282457E79404N,1999-07-31T00:00:00,-77.54269217209401,79.403569,1.525121517242255,0,860.89307,8,COPDEM30,27.28941345
RGI2000-v7.0-G-03-03320,03,03-03,G282477E79420N,1999-07-31T00:00:00,-77.52278447948815,79.4202275,4.65507528614846,0,772.6975,8,COPDEM30,40.20587287
RGI2000-v7.0-G-03-03321,03,03-03,G282436E79437N,1999-07-31T00:00:00,-77.5643683181348,79.43660700000001,1.248510058483944,0,880.75616,4,COPDEM30,25.64314455
RGI2000-v7.0-G-03-03322,03,03-03,G282343E79446N,1999-07-31T00:00:00,-77.65653225468502,79.4461075,5.595992530438501,0,884.7014,6,COPDEM30,43.11819041
RGI2000-v7.0-G-03-03323,03,03-03,G282221E79433N,1999-07-31T00:00:00,-77.77879628734011,79.433459,26.412776824713223,0,967.36346,3,COPDEM90,81.95070714
RGI2000-v7.0-G-03-03324,03,03-03,G282133E79414N,2001-07-21T00:00:00,-77.86716576019722,79.414371,1.000149188209049,0,985.984,6,COPDEM30,24.00104428
RGI2000-v7.0-G-03-03325,03,03-03,G282151E79405N,2001-07-21T00:00:00,-77.84851022603989,79.4048995,0.729223452394599,0,881.5063,7,COPDEM30,21.95524139
RGI2000-v7.0-G-03-03326,03,03-03,G282198E79406N,2001-07-21T00:00:00,-77.80177826369805,79.4055875,0.864947742834894,0,941.75037,5,COPDEM30,23.02035935
RGI2000-v7.0-G-03-03327,03,03-03,G282280E79407N,1999-07-31T00:00:00,-77.71990549617044,79.407408,3.055623007328625,0,850.7389,3,COPDEM30,34.47247657
RGI2000-v7.0-G-03-03328,03,03-03,G282222E79384N,2001-07-21T00:00:00,-77.77694939997077,79.3834555,7.157859058636983,0,866.79346,2,COPDEM30,47.45584568
RGI2000-v7.0-G-03-03329,03,03-03,G282125E79395N,2001-07-21T00:00:00,-77.87538253436557,79.3949275,2.168084651258638,0,904.9692,8,COPDEM30,30.61418423
RGI2000-v7.0-G-03-03330,03,03-03,G282338E79374N,1999-07-31T00:00:00,-77.661937401512,79.372675,3.121993453440432,0,872.4512,2,COPDEM30,34.73682916
RGI2000-v7.0-G-03-03331,03,03-03,G282662E79366N,1999-07-31T00:00:00,-77.33651681168541,79.3660455,0.347317176115182,0,815.3592,1,COPDEM30,18.25070703
RGI2000-v7.0-G-03-03332,03,03-03,G282710E79350N,1999-07-31T00:00:00,-77.27790777959402,79.3532435,1.892863300504496,0,759.8049,1,COPDEM30,29.26139161
RGI2000-v7.0-G-03-03333,03,03-03,G283068E79381N,1999-07-31T00:00:00,-76.93325895879124,79.38100850000001,0.287376005908198,0,787.67487,1,COPDEM30,17.50504478
RGI2000-v7.0-G-03-03334,03,03-03,G283403E79416N,1999-07-31T00:00:00,-76.5934364170823,79.415954,0.316222604813393,0,738.0954,1,COPDEM30,17.87271431
RGI2000-v7.0-G-03-03335,03,03-03,G283447E79424N,1999-07-31T00:00:00,-76.55795435669971,79.4239375,0.433492577265219,0,804.02295,8,COPDEM30,19.21762145
RGI2000-v7.0-G-03-03336,03,03-03,G283357E79437N,1999-07-31T00:00:00,-76.64080231088579,79.436486,1.692502794471023,0,799.337,1,COPDEM30,28.21347160
RGI2000-v7.0-G-03-03337,03,03-03,G283494E79530N,1999-07-31T00:00:00,-76.50615433259422,79.530362,1.125305707713364,0,854.8116,8,COPDEM30,24.85125984
RGI2000-v7.0-G-03-03338,03,03-03,G283563E79530N,1999-07-31T00:00:00,-76.43700509455124,79.52989600000001,0.633263390584175,0,911.64185,3,COPDEM30,21.14089873
RGI2000-v7.0-G-03-03339,03,03-03,G283584E79540N,1999-07-31T00:00:00,-76.41625428565587,79.53993600000001,0.532807308965686,0,859.3789,2,COPDEM30,20.21911114
RGI2000-v7.0-G-03-03340,03,03-03,G283517E79553N,1999-07-31T00:00:00,-76.48267564413186,79.55320950000001,1.019430266729877,0,881.6335,2,COPDEM30,24.13535752
RGI2000-v7.0-G-03-03341,03,03-03,G283516E79566N,1999-07-31T00:00:00,-76.48420124885402,79.5658975,1.76173592520883,0,880.01794,3,COPDEM30,28.58225609
RGI2000-v7.0-G-03-03342,03,03-03,G283451E79566N,1999-07-31T00:00:00,-76.54877415333212,79.56579400000001,1.093974672349894,0,874.1846,7,COPDEM30,24.64305418
RGI2000-v7.0-G-03-03343,03,03-03,G283419E79583N,1999-07-31T00:00:00,-76.56841002702046,79.583625,4.190297783349445,0,908.59106,7,COPDEM30,38.65830361
RGI2000-v7.0-G-03-03344,03,03-03,G283497E79593N,1999-07-21T00:00:00,-76.50077415811984,79.594291,1.159623037909722,0,1004.91736,2,COPDEM30,25.07601126
RGI2000-v7.0-G-03-03345,03,03-03,G283564E79577N,1999-07-21T00:00:00,-76.3653205163495,79.5734925,8.53399472895218,0,898.3625,4,COPDEM30,50.89820249
RGI2000-v7.0-G-03-03346,03,03-03,G283752E79568N,1999-07-21T00:00:00,-76.24807844276108,79.56772050000001,1.136729978629585,0,802.92554,1,COPDEM30,24.92645557
RGI2000-v7.0-G-03-03347,03,03-03,G283824E79552N,1999-07-21T00:00:00,-76.18086939244525,79.5521075,0.479372741932436,0,867.63666,1,COPDEM30,19.69314487
RGI2000-v7.0-G-03-03348,03,03-03,G283809E79543N,1999-07-21T00:00:00,-76.18848029772994,79.543237,1.129056164398559,0,825.8079,8,COPDEM30,24.87598764
RGI2000-v7.0-G-03-03349,03,03-03,G283818E79532N,1999-07-21T00:00:00,-76.17915817480556,79.5315245,0.43573079716891,0,881.5951,8,COPDEM30,19.24138714
RGI2000-v7.0-G-03-03350,03,03-03,G284061E79565N,1999-07-21T00:00:00,-75.93694285768032,79.565354,0.511182306403772,0,882.46924,1,COPDEM30,20.00958201
RGI2000-v7.0-G-03-03351,03,03-03,G284097E79556N,1999-07-21T00:00:00,-75.89710537673353,79.5563965,0.803353492495628,0,783.4884,2,COPDEM30,22.54819846
RGI2000-v7.0-G-03-03352,03,03-03,G284039E79581N,1999-07-21T00:00:00,-75.96065370035461,79.581492,0.832408070182781,0,801.9218,2,COPDEM30,22.77309601
RGI2000-v7.0-G-03-03353,03,03-03,G284121E79617N,1999-07-21T00:00:00,-75.98120155943877,79.615128,24.2293581570879,0,852.65784,4,COPDEM90,78.91265630
RGI2000-v7.0-G-03-03354,03,03-03,G283823E79595N,1999-07-21T00:00:00,-76.11362012051664,79.6379935,27.635496783692194,0,1149.9521,5,COPDEM90,83.59726469
RGI2000-v7.0-G-03-03355,03,03-03,G283774E79622N,1999-07-21T00:00:00,-76.23324190141486,79.61866900000001,6.493139628913272,0,978.9296,5,COPDEM30,45.67429561
RGI2000-v7.0-G-03-03356,03,03-03,G283654E79632N,1999-07-21T00:00:00,-76.34567512838491,79.6209135,16.604900791904686,0,1022.73737,5,COPDEM90,67.04875595
RGI2000-v7.0-G-03-03357,03,03-03,G283392E79624N,1999-07-21T00:00:00,-76.62787968466301,79.62423849999999,25.514467763340377,0,786.21747,2,COPDEM90,80.71658703
RGI2000-v7.0-G-03-03358,03,03-03,G283269E79601N,1999-07-31T00:00:00,-76.73147079494382,79.600661,7.321668894601806,0,987.1493,6,COPDEM30,47.88201557
RGI2000-v7.0-G-03-03359,03,03-03,G283190E79605N,1999-07-31T00:00:00,-76.81034107509726,79.605071,0.30653775597297,0,1007.2271,5,COPDEM30,17.75121927
RGI2000-v7.0-G-03-03360,03,03-03,G283125E79597N,1999-07-31T00:00:00,-76.87502184839343,79.5968215,4.870962442777932,0,799.5172,5,COPDEM30,40.89835981
RGI2000-v7.0-G-03-03361,03,03-03,G283001E79599N,1999-07-31T00:00:00,-76.99881676717305,79.5989415,0.730255644925034,0,1045.6335,6,COPDEM30,21.96369953
RGI2000-v7.0-G-03-03362,03,03-03,G283130E79561N,1999-07-31T00:00:00,-76.8659737701558,79.56142299999999,0.520320277960455,0,935.093,1,COPDEM30,20.09865211
RGI2000-v7.0-G-03-03363,03,03-03,G283099E79549N,1999-07-31T00:00:00,-76.86750277155726,79.5413405,10.251562545699878,0,963.70825,8,COPDEM30,54.82528593
RGI2000-v7.0-G-03-03364,03,03-03,G283446E79546N,1999-07-31T00:00:00,-76.55415257782055,79.54600149999999,3.602015044735223,0,880.0287,7,COPDEM30,36.57056546
RGI2000-v7.0-G-03-03365,03,03-03,G284252E79608N,1999-07-21T00:00:00,-75.7475006038961,79.608469,0.073519041409547,0,804.24646,8,COPDEM30,13.79601529
RGI2000-v7.0-G-03-03366,03,03-03,G284288E79589N,1999-07-21T00:00:00,-75.70995616686923,79.5893015,0.48888661405482,0,812.2733,8,COPDEM30,19.78885981
RGI2000-v7.0-G-03-03367,03,03-03,G284233E79639N,1999-07-21T00:00:00,-75.66453388896895,79.6334305,77.80892477197952,0,886.40063,3,COPDEM90,100.00000000
RGI2000-v7.0-G-03-03368,03,03-03,G284356E79679N,1999-07-21T00:00:00,-75.66643271372436,79.672504,37.5037574890176,0,903.78735,3,COPDEM90,95.73643606
RGI2000-v7.0-G-03-03369,03,03-03,G284452E79677N,1999-07-21T00:00:00,-75.55020456201117,79.678075,0.370631042797974,0,969.4525,3,COPDEM30,18.52312644
RGI2000-v7.0-G-03-03370,03,03-03,G284497E79689N,1999-07-21T00:00:00,-75.5043222361281,79.6897005,2.575985885846854,0,1060.6201,2,COPDEM30,32.46982941
RGI2000-v7.0-G-03-03371,03,03-03,G284470E79708N,1999-07-21T00:00:00,-75.55076588965066,79.7095195,4.937028307717679,0,822.6806,2,COPDEM30,41.10719448
RGI2000-v7.0-G-03-03372,03,03-03,G284445E79726N,1999-07-21T00:00:00,-75.55695846428571,79.7260465,1.452424097295603,0,929.76154,2,COPDEM30,26.87231825
RGI2000-v7.0-G-03-03373,03,03-03,G284634E79719N,1999-07-21T00:00:00,-75.36383648058425,79.7188825,0.256234045192193,0,866.9768,8,COPDEM30,17.08673923
RGI2000-v7.0-G-03-03374,03,03-03,G284682E79733N,1999-07-21T00:00:00,-75.32476002585122,79.73442399999999,6.67222755752812,0,941.1737,1,COPDEM30,46.16291749
RGI2000-v7.0-G-03-03375,03,03-03,G284718E79709N,1999-07-21T00:00:00,-75.27157956162324,79.7103690348201,3.129744927761732,0,1149.1855,7,COPDEM30,34.76751917
RGI2000-v7.0-G-03-03376,03,03-03,G284707E79691N,1999-07-21T00:00:00,-75.32791839201681,79.6931515,10.129027995881305,0,957.23645,7,COPDEM30,54.55658747
RGI2000-v7.0-G-03-03377,03,03-03,G284749E79666N,1999-07-21T00:00:00,-75.25102777559628,79.6655155,4.404471863164927,0,891.3601,6,COPDEM30,39.38156710
RGI2000-v7.0-G-03-03378,03,03-03,G284785E79654N,1999-07-21T00:00:00,-75.16004091903835,79.6620695,3.185046425190631,0,994.36804,6,COPDEM30,34.98537771
RGI2000-v7.0-G-03-03379,03,03-03,G284864E79639N,1999-07-21T00:00:00,-75.11422520212766,79.6450225,14.543600379599546,0,893.2085,6,COPDEM90,63.39050172
RGI2000-v7.0-G-03-03380,03,03-03,G284932E79634N,1999-07-21T00:00:00,-75.07030176685586,79.6337375,0.244805662151735,0,883.3085,8,COPDEM30,16.92689756
RGI2000-v7.0-G-03-03381,03,03-03,G284981E79642N,1999-07-21T00:00:00,-75.01937809555585,79.642306,3.441189899788702,0,804.54504,4,COPDEM30,35.97062226
RGI2000-v7.0-G-03-03382,03,03-03,G285066E79629N,1999-07-21T00:00:00,-74.93359294562124,79.6291335,2.210091241116415,0,771.7617,1,COPDEM30,30.81292587
RGI2000-v7.0-G-03-03383,03,03-03,G285116E79622N,1999-07-21T00:00:00,-74.8836747869596,79.621898,1.070716845214818,0,719.8829,2,COPDEM30,24.48656280
RGI2000-v7.0-G-03-03384,03,03-03,G285063E79614N,1999-07-21T00:00:00,-74.92289792380704,79.61300800000001,1.806229721143129,0,830.8108,8,COPDEM30,28.81544646
RGI2000-v7.0-G-03-03385,03,03-03,G285121E79592N,1999-07-21T00:00:00,-74.8865487617386,79.59421449999999,0.634901186817181,0,985.2865,2,COPDEM30,21.15529617
RGI2000-v7.0-G-03-03386,03,03-03,G285098E79581N,1999-07-21T00:00:00,-74.89740725719425,79.583089,1.472961722003804,0,984.74786,7,COPDEM30,26.99118882
RGI2000-v7.0-G-03-03387,03,03-03,G285146E79573N,1999-07-21T00:00:00,-74.84828953901038,79.57132,0.610618174028891,0,799.5482,2,COPDEM30,20.93988858
RGI2000-v7.0-G-03-03388,03,03-03,G285092E79568N,1999-07-21T00:00:00,-74.89224162089332,79.5683085,1.844331265698678,0,825.3895,8,COPDEM30,29.01286217
RGI2000-v7.0-G-03-03389,03,03-03,G285158E79559N,1999-07-21T00:00:00,-74.84280088894508,79.55916049999999,0.906389564549518,0,700.3183,2,COPDEM30,23.32862914
RGI2000-v7.0-G-03-03390,03,03-03,G285212E79557N,1999-07-21T00:00:00,-74.7879042019415,79.5574325,0.092554477650652,0,706.61993,1,COPDEM30,14.25918744
RGI2000-v7.0-G-03-03391,03,03-03,G285083E79552N,1999-07-21T00:00:00,-74.90684861364643,79.5528095,1.311610669815113,0,792.96436,8,COPDEM30,26.03358011
RGI2000-v7.0-G-03-03392,03,03-03,G285025E79553N,1999-07-21T00:00:00,-74.97151757263859,79.553087,0.142960848230319,0,754.7118,1,COPDEM30,15.29342292
RGI2000-v7.0-G-03-03393,03,03-03,G284960E79591N,1999-07-21T00:00:00,-75.03472043257513,79.590116,0.510898562653228,0,839.91736,8,COPDEM30,20.00680360
RGI2000-v7.0-G-03-03394,03,03-03,G284935E79610N,1999-07-21T00:00:00,-75.06697702088528,79.6107845,0.804860474449058,0,875.7074,8,COPDEM30,22.55996230
RGI2000-v7.0-G-03-03395,03,03-03,G285020E79664N,1999-07-21T00:00:00,-74.96140993823931,79.663122,6.149367845804005,0,857.9997,3,COPDEM30,44.71708654
RGI2000-v7.0-G-03-03396,03,03-03,G285019E79685N,1999-07-21T00:00:00,-74.99283592679441,79.6842605,1.628149011899997,0,977.582,3,COPDEM30,27.86385195
RGI2000-v7.0-G-03-03397,03,03-03,G285037E79698N,1999-07-21T00:00:00,-74.99766222166878,79.696597,3.302816351169286,0,870.9556,2,COPDEM30,35.44311311
RGI2000-v7.0-G-03-03398,03,03-03,G285035E79713N,1999-07-21T00:00:00,-74.96453180654535,79.71282149999999,1.887769270600958,0,887.368,3,COPDEM30,29.23545625
RGI2000-v7.0-G-03-03399,03,03-03,G285013E79724N,1999-07-21T00:00:00,-75.03482319412106,79.720837,7.009423932770603,0,974.13696,2,COPDEM30,47.06544335
RGI2000-v7.0-G-03-03400,03,03-03,G284845E79722N,1999-07-21T00:00:00,-75.10446464340185,79.7267155,30.125710946356797,0,994.7534,1,COPDEM90,86.84165111
RGI2000-v7.0-G-03-03401,03,03-03,G285017E79746N,1999-07-21T00:00:00,-74.98524304908238,79.7493295,1.771684431582549,0,927.10095,1,COPDEM30,28.63464914
RGI2000-v7.0-G-03-03402,03,03-03,G285190E79761N,1999-07-21T00:00:00,-74.81009349009238,79.76073,2.832362000510281,0,895.90674,1,COPDEM30,33.56147177
RGI2000-v7.0-G-03-03403,03,03-03,G285259E79757N,1999-07-21T00:00:00,-74.74076840737992,79.757077,11.322503714089017,0,938.74304,8,COPDEM30,57.10849953
RGI2000-v7.0-G-03-03404,03,03-03,G285308E79767N,1999-07-21T00:00:00,-74.69414644318182,79.7672835,1.529647276744459,0,870.67645,1,COPDEM30,27.31504739
RGI2000-v7.0-G-03-03405,03,03-03,G285352E79758N,1999-07-21T00:00:00,-74.64425327619239,79.76441650000001,4.542922055510491,0,978.81177,1,COPDEM30,39.83978423
RGI2000-v7.0-G-03-03406,03,03-03,G285402E79762N,1999-07-21T00:00:00,-74.5947373069821,79.763417,3.476213956848447,0,959.8147,1,COPDEM30,36.10245076
RGI2000-v7.0-G-03-03407,03,03-03,G285466E79748N,1999-07-21T00:00:00,-74.53690390190435,79.7587315,11.249269571192794,0,1067.75,1,COPDEM30,56.95590310
RGI2000-v7.0-G-03-03408,03,03-03,G285532E79761N,1999-07-21T00:00:00,-74.48248738048943,79.7654225,3.380373915487595,0,955.01263,1,COPDEM30,35.74011048
RGI2000-v7.0-G-03-03409,03,03-03,G285577E79766N,1999-07-21T00:00:00,-74.41902364278607,79.7686755,2.403616840205151,0,907.64795,1,COPDEM30,31.70504321
RGI2000-v7.0-G-03-03410,03,03-03,G285619E79771N,1999-07-21T00:00:00,-74.3759926567524,79.77091899999999,1.062536884447693,0,824.74646,1,COPDEM30,24.43112017
RGI2000-v7.0-G-03-03411,03,03-03,G285683E79754N,1999-07-21T00:00:00,-74.32916236065435,79.7608065,18.865457820939323,0,912.6564,1,COPDEM90,70.80813871
RGI2000-v7.0-G-03-03412,03,03-03,G285836E79766N,1999-07-21T00:00:00,-74.15939644176807,79.76706150000001,7.852089736904292,0,851.388,2,COPDEM30,49.23021270
RGI2000-v7.0-G-03-03413,03,03-03,G285895E79740N,1999-07-21T00:00:00,-74.0785530381932,79.75338450000001,23.71445627409635,0,901.37555,1,COPDEM90,78.17648737
RGI2000-v7.0-G-03-03414,03,03-03,G286052E79767N,1999-07-21T00:00:00,-73.92565122000002,79.768633,1.789299425214455,0,828.9509,1,COPDEM30,28.72705763
RGI2000-v7.0-G-03-03415,03,03-03,G286124E79748N,1999-07-21T00:00:00,-73.88577494114685,79.74817300000001,10.435414690095172,0,874.1068,1,COPDEM30,55.22544946
RGI2000-v7.0-G-03-03416,03,03-03,G286126E79722N,1999-07-21T00:00:00,-73.87127071028635,79.7226725,0.265743096057596,0,868.81714,3,COPDEM30,17.21703865
RGI2000-v7.0-G-03-03417,03,03-03,G286086E79721N,1999-07-21T00:00:00,-73.91433113374151,79.720666,0.633472797014384,0,896.84644,3,COPDEM30,21.14274061
RGI2000-v7.0-G-03-03418,03,03-03,G286044E79720N,1999-07-21T00:00:00,-73.94856084478167,79.71994649999999,1.018697698489516,0,984.66864,4,COPDEM30,24.13027774
RGI2000-v7.0-G-03-03419,03,03-03,G286059E79708N,1999-07-21T00:00:00,-73.94218354241792,79.7085805,0.18090052400705,0,695.423,3,COPDEM30,15.95453631
RGI2000-v7.0-G-03-03420,03,03-03,G285974E79705N,1999-07-21T00:00:00,-74.02569663295881,79.70507649999999,0.147292226612489,0,864.0746,2,COPDEM30,15.37301372
RGI2000-v7.0-G-03-03421,03,03-03,G285962E79718N,1999-07-21T00:00:00,-74.0405425249609,79.71675450000001,1.641103355996475,0,906.8807,3,COPDEM30,27.93477788
RGI2000-v7.0-G-03-03422,03,03-03,G286137E79697N,1999-07-21T00:00:00,-73.87250456482056,79.6983885,2.224026646783034,0,721.62585,8,COPDEM30,30.87843918
RGI2000-v7.0-G-03-03423,03,03-03,G286136E79685N,1999-07-21T00:00:00,-73.85618810790913,79.685722,0.154791829177206,0,886.8499,8,COPDEM30,15.50810299
RGI2000-v7.0-G-03-03424,03,03-03,G286042E79673N,1999-07-21T00:00:00,-73.85397714318559,79.67548199999999,5.121707292015718,0,818.8336,8,COPDEM30,41.68366502
RGI2000-v7.0-G-03-03425,03,03-03,G286301E79695N,1999-07-21T00:00:00,-73.69855306530899,79.695053,15.720496740165999,0,879.08685,1,COPDEM90,65.50871428
RGI2000-v7.0-G-03-03426,03,03-03,G286362E79673N,1999-07-21T00:00:00,-73.6317483469025,79.676846,15.522234611178705,0,915.34015,2,COPDEM90,65.15757413
RGI2000-v7.0-G-03-03427,03,03-03,G286398E79652N,1999-07-21T00:00:00,-73.60247648518518,79.6516055,0.968658492160771,0,868.906,6,COPDEM30,23.77886296
RGI2000-v7.0-G-03-03428,03,03-03,G286474E79649N,1999-07-21T00:00:00,-73.52522179978997,79.650541,2.601603732428308,0,741.3108,2,COPDEM30,32.58128277
RGI2000-v7.0-G-03-03429,03,03-03,G286517E79637N,1999-07-21T00:00:00,-73.48787070343,79.6369345,0.869439995856918,0,749.0961,2,COPDEM30,23.05412729
RGI2000-v7.0-G-03-03430,03,03-03,G286550E79626N,1999-07-21T00:00:00,-73.449597356383,79.6256545,0.2822116082606,0,711.64886,2,COPDEM30,17.43730295
RGI2000-v7.0-G-03-03431,03,03-03,G286368E79637N,1999-07-21T00:00:00,-73.6130210808185,79.62990450000001,8.679573389735305,0,827.27185,3,COPDEM30,51.24556200
RGI2000-v7.0-G-03-03432,03,03-03,G286356E79612N,1999-07-21T00:00:00,-73.65510788373011,79.615186,1.232052482937495,0,757.5419,7,COPDEM30,25.53970034
RGI2000-v7.0-G-03-03433,03,03-03,G286305E79619N,1999-07-21T00:00:00,-73.69272454286268,79.6201275,0.163032684128333,0,875.0495,7,COPDEM30,15.65282284
RGI2000-v7.0-G-03-03434,03,03-03,G286267E79617N,1999-07-21T00:00:00,-73.72875759383945,79.6179855,0.254281802352738,0,635.306,3,COPDEM30,17.05969073
RGI2000-v7.0-G-03-03435,03,03-03,G286271E79627N,1999-07-21T00:00:00,-73.72495629675839,79.6283265,0.142148356936866,0,772.02563,6,COPDEM30,15.27835940
RGI2000-v7.0-G-03-03436,03,03-03,G286217E79643N,1999-07-21T00:00:00,-73.75639820706795,79.63895149999999,10.101082578081376,0,875.22943,7,COPDEM30,54.49508046
RGI2000-v7.0-G-03-03437,03,03-03,G286154E79634N,1999-07-21T00:00:00,-73.84149522658481,79.634894,0.130238618211616,0,719.007,8,COPDEM30,15.05240232
RGI2000-v7.0-G-03-03438,03,03-03,G286180E79607N,1999-07-21T00:00:00,-73.81390080580354,79.60686849999999,3.451392897796161,0,786.8635,8,COPDEM30,36.00909472
RGI2000-v7.0-G-03-03439,03,03-03,G286261E79605N,1999-07-21T00:00:00,-73.72931520309169,79.605665,0.799337968954002,0,699.3186,2,COPDEM30,22.51679839
RGI2000-v7.0-G-03-03440,03,03-03,G286274E79591N,1999-07-21T00:00:00,-73.72407942281475,79.5917395,0.339958972721954,0,713.10535,2,COPDEM30,18.16284011
RGI2000-v7.0-G-03-03441,03,03-03,G286174E79581N,1999-07-21T00:00:00,-73.82636030315655,79.58096599999999,0.096066500670303,0,618.47217,2,COPDEM30,14.33924350
RGI2000-v7.0-G-03-03442,03,03-03,G286171E79574N,1999-07-21T00:00:00,-73.82930599192258,79.573775,0.04568164986368,0,605.9817,2,COPDEM30,12.99225724
RGI2000-v7.0-G-03-03443,03,03-03,G286148E79566N,1999-07-21T00:00:00,-73.8504711055692,79.5673545,0.124048744857421,0,687.44147,8,COPDEM30,14.93087761
RGI2000-v7.0-G-03-03444,03,03-03,G285851E79589N,1999-07-21T00:00:00,-74.14929567695229,79.5886035,0.149313206562163,0,727.25714,2,COPDEM30,15.40974939
RGI2000-v7.0-G-03-03445,03,03-03,G285814E79587N,1999-07-21T00:00:00,-74.18504792544222,79.589923,0.646076412561557,0,686.1638,1,COPDEM30,21.25304300
RGI2000-v7.0-G-03-03446,03,03-03,G285777E79593N,1999-07-21T00:00:00,-74.22234562574926,79.593624,0.670512505983121,0,719.6762,1,COPDEM30,21.46387592
RGI2000-v7.0-G-03-03447,03,03-03,G285635E79604N,1999-07-21T00:00:00,-74.36191357902746,79.6045015,0.165316651250911,0,749.9315,3,COPDEM30,15.69228106
RGI2000-v7.0-G-03-03448,03,03-03,G285587E79608N,1999-07-21T00:00:00,-74.4149647283476,79.608441,0.437163825707353,0,714.596,8,COPDEM30,19.25657117
RGI2000-v7.0-G-03-03449,03,03-03,G285616E79615N,1999-07-21T00:00:00,-74.3798290420133,79.61629500000001,0.174364815768899,0,704.1615,8,COPDEM30,15.84598186
RGI2000-v7.0-G-03-03450,03,03-03,G285550E79624N,1999-07-21T00:00:00,-74.44537490476341,79.623833,0.654357682348407,0,799.24536,6,COPDEM30,21.32493292
RGI2000-v7.0-G-03-03451,03,03-03,G285493E79635N,1999-07-21T00:00:00,-74.50738884325654,79.634761,0.875129713411081,0,804.0175,5,COPDEM30,23.09677150
RGI2000-v7.0-G-03-03452,03,03-03,G285382E79625N,1999-07-21T00:00:00,-74.62577891477866,79.63032849999999,7.133439722512501,0,788.8243,7,COPDEM30,47.39190000
RGI2000-v7.0-G-03-03453,03,03-03,G285458E79614N,1999-07-21T00:00:00,-74.54243208601598,79.6135375,3.805279000751528,0,844.42096,3,COPDEM30,37.30997408
RGI2000-v7.0-G-03-03454,03,03-03,G285433E79606N,1999-07-21T00:00:00,-74.56687868952594,79.60560000000001,1.353218603511219,0,954.93494,6,COPDEM30,26.28590944
RGI2000-v7.0-G-03-03455,03,03-03,G285598E79593N,1999-07-21T00:00:00,-74.39502368927157,79.5941925,0.285784696479421,0,872.92236,1,COPDEM30,17.48423680
RGI2000-v7.0-G-03-03456,03,03-03,G285626E79585N,1999-07-21T00:00:00,-74.37420539226116,79.585294,0.161647092254202,0,845.31995,2,COPDEM30,15.62875031
RGI2000-v7.0-G-03-03457,03,03-03,G285579E79579N,1999-07-21T00:00:00,-74.42076126306961,79.578758,0.246127739895676,0,652.2186,1,COPDEM30,16.94557680
RGI2000-v7.0-G-03-03458,03,03-03,G285700E79530N,1999-07-21T00:00:00,-74.28535065869721,79.5304865,0.923792641165142,0,702.3904,1,COPDEM30,23.45597851
RGI2000-v7.0-G-03-03459,03,03-03,G285782E79530N,1999-07-21T00:00:00,-74.21798422422967,79.5302275,0.10583053501675,0,683.7821,1,COPDEM30,14.55442476
RGI2000-v7.0-G-03-03460,03,03-03,G285828E79525N,1999-07-21T00:00:00,-74.17226975,79.5250645,0.058270898902519,0,653.1944,1,COPDEM30,13.37951123
RGI2000-v7.0-G-03-03461,03,03-03,G285872E79517N,1999-07-21T00:00:00,-74.1281382412433,79.51698999999999,0.051374650085702,0,625.0253,2,COPDEM30,13.17323674
RGI2000-v7.0-G-03-03462,03,03-03,G285910E79522N,1999-07-21T00:00:00,-74.08609574281525,79.521832,0.146304858577416,0,630.9852,2,COPDEM30,15.35497454
RGI2000-v7.0-G-03-03463,03,03-03,G286530E79561N,1999-07-21T00:00:00,-73.46996834749035,79.56117549999999,0.138813262399945,0,653.65515,2,COPDEM30,15.21607126
RGI2000-v7.0-G-03-03464,03,03-03,G286551E79580N,1999-07-21T00:00:00,-73.45955527489704,79.58116050000001,0.332233165937085,0,647.0203,2,COPDEM30,18.06955392
RGI2000-v7.0-G-03-03465,03,03-03,G286467E79597N,1999-07-21T00:00:00,-73.54475540745676,79.5970145,0.804873342858719,0,630.51416,2,COPDEM30,22.56006271
RGI2000-v7.0-G-03-03466,03,03-03,G286433E79604N,1999-07-21T00:00:00,-73.56819388240132,79.6036415,0.506066893603088,0,803.3524,3,COPDEM30,19.95937303
RGI2000-v7.0-G-03-03467,03,03-03,G286736E79595N,1999-07-21T00:00:00,-73.26404428398992,79.59544650000001,0.037384520031961,0,454.101,1,COPDEM30,12.70691077
RGI2000-v7.0-G-03-03468,03,03-03,G286748E79588N,1999-07-21T00:00:00,-73.25167075566301,79.587508,0.142046944899715,0,543.786,2,COPDEM30,15.27647621
RGI2000-v7.0-G-03-03469,03,03-03,G286581E79540N,1999-07-21T00:00:00,-73.4190627364865,79.538682,0.710225227077606,0,606.6602,1,COPDEM30,21.79848060
RGI2000-v7.0-G-03-03470,03,03-03,G286409E79708N,1999-07-21T00:00:00,-73.58466507925021,79.709656,0.870808038099715,0,748.8495,1,COPDEM30,23.06439342
RGI2000-v7.0-G-03-03471,03,03-03,G286350E79747N,1999-07-21T00:00:00,-73.64521816068702,79.748029,0.16135979681974,0,1025.127,1,COPDEM30,15.62374610
RGI2000-v7.0-G-03-03472,03,03-03,G286287E79749N,1999-07-21T00:00:00,-73.71414395640438,79.75033400000001,0.836830927209493,0,1088.1599,1,COPDEM30,22.80698488
RGI2000-v7.0-G-03-03473,03,03-03,G285769E79701N,1999-07-21T00:00:00,-74.23097609943981,79.70148900000001,5.302435118504675,0,989.41394,5,COPDEM30,42.23782380
RGI2000-v7.0-G-03-03474,03,03-03,G285876E79670N,1999-07-21T00:00:00,-74.12384845949721,79.6697395,0.212879969166674,0,743.9292,2,COPDEM30,16.45944843
RGI2000-v7.0-G-03-03475,03,03-03,G285646E79663N,1999-07-21T00:00:00,-74.47095700941405,79.66484299999999,104.24869775759005,0,826.2628,3,COPDEM90,100.00000000
RGI2000-v7.0-G-03-03476,03,03-03,G285336E79666N,1999-07-21T00:00:00,-74.63839549120041,79.67123050000001,4.576294466511635,0,945.48804,7,COPDEM30,39.94918556
RGI2000-v7.0-G-03-03477,03,03-03,G285295E79679N,1999-07-21T00:00:00,-74.70532252344435,79.6790885,1.416103581969691,0,873.6463,7,COPDEM30,26.66002107
RGI2000-v7.0-G-03-03478,03,03-03,G285384E79692N,1999-07-21T00:00:00,-74.61608589263206,79.69235699999999,7.581706226463904,0,837.89154,8,COPDEM30,48.54885758
RGI2000-v7.0-G-03-03479,03,03-03,G285333E79735N,1999-07-21T00:00:00,-74.62785437271302,79.715106,9.5909902639624,0,1117.8052,7,COPDEM30,53.35705354
RGI2000-v7.0-G-03-03480,03,03-03,G285214E79739N,1999-07-21T00:00:00,-74.78635108440571,79.738519,0.610364350705875,0,992.6089,7,COPDEM30,20.93761458
RGI2000-v7.0-G-03-03481,03,03-03,G284656E79658N,1999-07-21T00:00:00,-75.34535493023256,79.65734900000001,0.357219709652816,0,839.90625,1,COPDEM30,18.36750041
RGI2000-v7.0-G-03-03482,03,03-03,G284602E79625N,1999-07-21T00:00:00,-75.43538786699713,79.631797,2.522193928350903,0,889.56573,3,COPDEM30,32.23398322
RGI2000-v7.0-G-03-03483,03,03-03,G284561E79621N,1999-07-21T00:00:00,-75.43013867822899,79.6215935,0.710691946252353,0,844.2531,8,COPDEM30,21.80235661
RGI2000-v7.0-G-03-03484,03,03-03,G284553E79608N,1999-07-21T00:00:00,-75.44651928813028,79.608146,1.890827194578657,0,767.3973,1,COPDEM30,29.25102933
RGI2000-v7.0-G-03-03485,03,03-03,G284551E79566N,1999-07-21T00:00:00,-75.44895290366301,79.566127,2.129287544106431,0,725.0202,8,COPDEM30,30.42890987
RGI2000-v7.0-G-03-03486,03,03-03,G284607E79560N,1999-07-21T00:00:00,-75.39268804462952,79.560007,2.181116449736048,0,752.8845,2,COPDEM30,30.67604469
RGI2000-v7.0-G-03-03487,03,03-03,G284630E79549N,1999-07-21T00:00:00,-75.36203670641439,79.5516135,2.092969297529192,0,775.82263,2,COPDEM30,30.25393745
RGI2000-v7.0-G-03-03488,03,03-03,G284688E79542N,1999-07-21T00:00:00,-75.31497372344913,79.542618,0.748409877463513,0,731.19226,2,COPDEM30,22.11149603
RGI2000-v7.0-G-03-03489,03,03-03,G284572E79533N,1999-07-21T00:00:00,-75.42824861583122,79.533229,1.270416204140894,0,824.10486,3,COPDEM30,25.77978378
RGI2000-v7.0-G-03-03490,03,03-03,G284526E79539N,1999-07-21T00:00:00,-75.4741421831914,79.53939650000001,1.226167457111585,0,756.42334,8,COPDEM30,25.50254242
RGI2000-v7.0-G-03-03491,03,03-03,G284485E79532N,1999-07-21T00:00:00,-75.5148965788081,79.532116,2.177861638396371,0,798.9026,8,COPDEM30,30.66061183
RGI2000-v7.0-G-03-03492,03,03-03,G284527E79554N,1999-07-21T00:00:00,-75.47315210595372,79.5538425,1.570578903577993,0,819.00964,8,COPDEM30,27.54518353
RGI2000-v7.0-G-03-03493,03,03-03,G284205E79788N,1999-07-21T00:00:00,-75.79489924349815,79.7875305,1.28221854587195,0,1211.6748,4,COPDEM30,25.85291251
RGI2000-v7.0-G-03-03494,03,03-03,G284205E79801N,1999-07-21T00:00:00,-75.7945886315348,79.801455,11.82626199380389,0,1142.5383,4,COPDEM30,58.14506570
RGI2000-v7.0-G-03-03495,03,03-03,G284365E79808N,1999-07-21T00:00:00,-75.63512147928215,79.80794549999999,3.980333191956006,0,1176.8954,6,COPDEM30,37.93108135
RGI2000-v7.0-G-03-03496,03,03-03,G284508E79826N,1999-07-21T00:00:00,-75.53076001732016,79.822352,11.704073922762118,0,1005.74194,4,COPDEM30,57.89570428
RGI2000-v7.0-G-03-03497,03,03-03,G284615E79824N,1999-07-21T00:00:00,-75.37893905743731,79.8245835,0.541031896370345,0,888.9914,3,COPDEM30,20.29768186
RGI2000-v7.0-G-03-03498,03,03-03,G284671E79833N,1999-07-21T00:00:00,-75.34596479279898,79.8357555,2.952136062416433,0,886.8435,3,COPDEM30,34.05449372
RGI2000-v7.0-G-03-03499,03,03-03,G285020E79865N,1999-07-21T00:00:00,-74.97286597306397,79.864739,0.550207481224666,0,849.1622,2,COPDEM30,20.38463607
RGI2000-v7.0-G-03-03500,03,03-03,G285100E79870N,1999-07-21T00:00:00,-74.90258951222353,79.8704805,0.57239223207234,0,922.4457,7,COPDEM30,20.59192511
RGI2000-v7.0-G-03-03501,03,03-03,G285323E79897N,1999-07-21T00:00:00,-74.67208121412526,79.8958385,0.310127116959706,0,1018.423,7,COPDEM30,17.79646811
RGI2000-v7.0-G-03-03502,03,03-03,G285722E79958N,1999-07-21T00:00:00,-74.27762574943273,79.95779300000001,0.193294068817804,0,996.1448,1,COPDEM30,16.15513099
RGI2000-v7.0-G-03-03503,03,03-03,G285731E79965N,1999-07-21T00:00:00,-74.26911620367207,79.965045,0.114386655881423,0,906.2821,7,COPDEM30,14.73495349
RGI2000-v7.0-G-03-03504,03,03-03,G285707E79971N,1999-07-21T00:00:00,-74.29285299967994,79.971123,0.133034015081231,0,1153.6974,1,COPDEM30,15.10633596
RGI2000-v7.0-G-03-03505,03,03-03,G285726E79978N,1999-07-21T00:00:00,-74.26905306619494,79.9795325,0.702220205263659,0,902.20245,1,COPDEM30,21.73180124
RGI2000-v7.0-G-03-03506,03,03-03,G285891E79957N,1999-07-21T00:00:00,-74.10935323555842,79.957278,0.042243963937099,0,1073.2865,8,COPDEM30,12.87746710
RGI2000-v7.0-G-03-03507,03,03-03,G285922E79961N,1999-07-21T00:00:00,-74.07770935834252,79.961289,0.195205448357436,0,1050.6366,1,COPDEM30,16.18548849
RGI2000-v7.0-G-03-03508,03,03-03,G285945E79963N,1999-07-21T00:00:00,-74.05488021567919,79.9629125,0.165032884062427,0,1051.0945,1,COPDEM30,15.68739354
RGI2000-v7.0-G-03-03509,03,03-03,G285967E79963N,1999-07-21T00:00:00,-74.03324921941785,79.9633345,0.113434767040285,0,1075.2651,1,COPDEM30,14.71521095
RGI2000-v7.0-G-03-03510,03,03-03,G286035E79944N,1999-07-21T00:00:00,-73.98663848863636,79.94671600000001,12.614226796456066,0,953.7321,8,COPDEM30,59.72311788
RGI2000-v7.0-G-03-03511,03,03-03,G285976E79926N,1999-07-21T00:00:00,-74.02413609298847,79.92597649999999,3.580756801942804,0,1079.0565,6,COPDEM30,36.49204283
RGI2000-v7.0-G-03-03512,03,03-03,G285946E79915N,1999-07-21T00:00:00,-74.05386170014779,79.914684,4.313426329055969,0,951.8282,6,COPDEM30,39.07630583
RGI2000-v7.0-G-03-03513,03,03-03,G285904E79904N,1999-07-21T00:00:00,-74.09620782175925,79.903835,1.411179791711903,0,824.0996,1,COPDEM30,26.63103241
RGI2000-v7.0-G-03-03514,03,03-03,G286059E79905N,1999-07-21T00:00:00,-73.94970254139304,79.9109445,3.212872999346861,0,996.26666,5,COPDEM30,35.09428437
RGI2000-v7.0-G-03-03515,03,03-03,G286122E79893N,1999-07-21T00:00:00,-73.87756981486325,79.8933595,0.26571100960354,0,629.2677,1,COPDEM30,17.21660293
RGI2000-v7.0-G-03-03516,03,03-03,G286196E79926N,1999-07-21T00:00:00,-73.80679458313816,79.91494449999999,9.877410763720572,0,998.09064,4,COPDEM30,53.99968761
RGI2000-v7.0-G-03-03517,03,03-03,G286285E79903N,1999-07-21T00:00:00,-73.70727325733333,79.90357850000001,1.251275045144332,0,868.2427,7,COPDEM30,25.66045685
RGI2000-v7.0-G-03-03518,03,03-03,G286435E79894N,1999-07-21T00:00:00,-73.56476498789308,79.8943615,0.123807393973803,0,808.709,7,COPDEM30,14.92607848
RGI2000-v7.0-G-03-03519,03,03-03,G286614E79909N,1999-07-21T00:00:00,-73.3864272049816,79.9087015,0.607542038830367,0,832.67114,8,COPDEM30,20.91229763
RGI2000-v7.0-G-03-03520,03,03-03,G286650E79909N,1999-07-21T00:00:00,-73.35002318132476,79.90910099999999,0.781049013536287,0,840.32947,4,COPDEM30,22.37277684
RGI2000-v7.0-G-03-03521,03,03-03,G286698E79921N,1999-07-21T00:00:00,-73.33687057322089,79.919445,2.902961677770696,0,831.34985,2,COPDEM30,33.85331191
RGI2000-v7.0-G-03-03522,03,03-03,G286603E79920N,1999-07-21T00:00:00,-73.39714337388371,79.919744,0.600822734740772,0,846.42725,8,COPDEM30,20.85178584
RGI2000-v7.0-G-03-03523,03,03-03,G286866E79938N,1999-07-21T00:00:00,-73.13377153229351,79.9376365,0.478057415863239,0,1042.8013,6,COPDEM30,19.67983747
RGI2000-v7.0-G-03-03524,03,03-03,G286908E79927N,1999-07-21T00:00:00,-73.09609578835824,79.9272205,1.109946336129191,0,809.6876,1,COPDEM30,24.74955870
RGI2000-v7.0-G-03-03525,03,03-03,G287031E79936N,1999-07-21T00:00:00,-72.95712280919068,79.93548849999999,1.78789757777576,0,863.8218,1,COPDEM30,28.71972022
RGI2000-v7.0-G-03-03526,03,03-03,G287205E79959N,1999-07-21T00:00:00,-72.79479007337181,79.959311,0.224978350619919,0,839.33325,1,COPDEM30,16.64046359
RGI2000-v7.0-G-03-03527,03,03-03,G287426E79982N,1999-07-21T00:00:00,-72.57215830897937,79.981718,1.824458322279811,0,918.502,2,COPDEM30,28.91015154
RGI2000-v7.0-G-03-03528,03,03-03,G287404E79991N,1999-07-21T00:00:00,-72.59603708211573,79.99104249999999,1.136812335572788,0,857.4575,2,COPDEM30,24.92699627
RGI2000-v7.0-G-03-03529,03,03-03,G287403E80004N,1999-07-21T00:00:00,-72.59670260013645,80.0044595,0.917748666053783,0,849.5091,2,COPDEM30,23.41188796
RGI2000-v7.0-G-03-03530,03,03-03,G287343E80006N,1999-07-21T00:00:00,-72.6570429452141,80.0064515,0.199173642649142,0,864.9123,1,COPDEM30,16.24804241
RGI2000-v7.0-G-03-03531,03,03-03,G287276E80008N,1999-07-21T00:00:00,-72.73692489260122,80.007645,3.434981562585413,0,842.89996,3,COPDEM30,35.94718455
RGI2000-v7.0-G-03-03532,03,03-03,G287271E80058N,1999-07-21T00:00:00,-72.72875354647286,80.05753250000001,0.163251780254596,0,909.2878,1,COPDEM30,15.65661992
RGI2000-v7.0-G-03-03533,03,03-03,G287079E80051N,1999-07-21T00:00:00,-72.92399417179611,80.0510055,0.618272145722082,0,920.8734,2,COPDEM30,21.00823967
RGI2000-v7.0-G-03-03534,03,03-03,G287108E79997N,1999-07-21T00:00:00,-73.11383381545313,80.03615099999999,171.18992675906952,0,1305.8478,4,COPDEM90,100.00000000
RGI2000-v7.0-G-03-03535,03,03-03,G286874E80005N,1999-07-21T00:00:00,-73.53693046688775,80.000475,102.36950240707318,0,1005.94055,3,COPDEM90,100.00000000
RGI2000-v7.0-G-03-03536,03,03-03,G286321E79916N,1999-07-21T00:00:00,-73.68665197197961,79.950401,88.22876748485409,0,968.05725,4,COPDEM90,100.00000000
RGI2000-v7.0-G-03-03537,03,03-03,G286821E79954N,1999-07-21T00:00:00,-73.17898086956956,79.95401,0.205911165720288,0,977.31415,1,COPDEM30,16.35284098
RGI2000-v7.0-G-03-03538,03,03-03,G287113E79883N,1999-07-21T00:00:00,-72.88597792264088,79.8839355,0.506701403069091,0,999.9512,1,COPDEM30,19.96561463
RGI2000-v7.0-G-03-03539,03,03-03,G287160E79887N,1999-07-21T00:00:00,-72.84030028053526,79.8893665,1.674805222070911,0,822.24664,2,COPDEM30,28.11799723
RGI2000-v7.0-G-03-03540,03,03-03,G287047E79874N,1999-07-21T00:00:00,-72.94878861145021,79.87334999999999,0.338878637568898,0,731.5005,1,COPDEM30,18.14985969
RGI2000-v7.0-G-03-03541,03,03-03,G287005E79869N,1999-07-21T00:00:00,-73.00123567084063,79.871916,1.249818959066951,0,861.0111,1,COPDEM30,25.65134231
RGI2000-v7.0-G-03-03542,03,03-03,G286942E79866N,1999-07-21T00:00:00,-73.053453742811,79.86848499999999,1.933550966547174,0,901.0474,8,COPDEM30,29.46730565
RGI2000-v7.0-G-03-03543,03,03-03,G286888E79862N,1999-07-21T00:00:00,-73.10566720455623,79.863345,0.781503970069829,0,928.47546,1,COPDEM30,22.37637985
RGI2000-v7.0-G-03-03544,03,03-03,G286852E79859N,1999-07-21T00:00:00,-73.13606503411997,79.860846,0.731113660128678,0,938.4311,8,COPDEM30,21.97072585
RGI2000-v7.0-G-03-03545,03,03-03,G286897E79848N,1999-07-21T00:00:00,-73.10335427302013,79.8482285,0.088976350813195,0,760.44214,8,COPDEM30,14.17604655
RGI2000-v7.0-G-03-03546,03,03-03,G286969E79854N,1999-07-21T00:00:00,-73.0312629150163,79.853645,0.200729958571804,0,781.5585,5,COPDEM30,16.27240559
RGI2000-v7.0-G-03-03547,03,03-03,G286998E79845N,1999-07-21T00:00:00,-73.00421321528464,79.8448065,0.104116837526535,0,600.59326,1,COPDEM30,14.51739971
RGI2000-v7.0-G-03-03548,03,03-03,G287000E79836N,1999-07-21T00:00:00,-72.99332187233762,79.836406,0.320188233173807,0,810.89514,8,COPDEM30,17.92192487
RGI2000-v7.0-G-03-03549,03,03-03,G287038E79839N,1999-07-21T00:00:00,-72.96224248786083,79.8392335,0.090890064855199,0,1017.41626,7,COPDEM30,14.22071709
RGI2000-v7.0-G-03-03550,03,03-03,G287097E79856N,1999-07-21T00:00:00,-72.90303176194236,79.855895,0.059331318817742,0,673.8701,8,COPDEM30,13.41012294
RGI2000-v7.0-G-03-03551,03,03-03,G287074E79862N,1999-07-21T00:00:00,-72.9261439511888,79.8621645,0.347622939260681,0,775.51904,1,COPDEM30,18.25433802
RGI2000-v7.0-G-03-03552,03,03-03,G287218E79865N,1999-07-21T00:00:00,-72.78226677534438,79.8654105,0.182616518758791,0,712.5703,8,COPDEM30,15.98271157
RGI2000-v7.0-G-03-03553,03,03-03,G287225E79860N,1999-07-21T00:00:00,-72.77454469557583,79.8598525,0.107803576959656,0,876.77075,2,COPDEM30,14.59668371
RGI2000-v7.0-G-03-03554,03,03-03,G287260E79856N,1999-07-21T00:00:00,-72.7343107779248,79.85782449999999,0.421348548919063,0,790.8107,1,COPDEM30,19.08759130
RGI2000-v7.0-G-03-03555,03,03-03,G287217E79851N,1999-07-21T00:00:00,-72.78330670344717,79.85098099999999,0.066346207307873,0,859.45667,8,COPDEM30,13.60608605
RGI2000-v7.0-G-03-03556,03,03-03,G287440E79900N,1999-07-21T00:00:00,-72.5604374827821,79.899933,0.1421014410947,0,688.66534,1,COPDEM30,15.27748827
RGI2000-v7.0-G-03-03557,03,03-03,G287451E79906N,1999-07-21T00:00:00,-72.54933719068228,79.9062665,0.173132957866102,0,760.5178,1,COPDEM30,15.82529482
RGI2000-v7.0-G-03-03558,03,03-03,G287414E79915N,1999-07-21T00:00:00,-72.58308678741341,79.9154365,0.309664896968529,0,731.5477,1,COPDEM30,17.79065593
RGI2000-v7.0-G-03-03559,03,03-03,G287480E79919N,1999-07-21T00:00:00,-72.5049623822527,79.919926,0.883712984544095,0,837.84155,1,COPDEM30,23.16084135
RGI2000-v7.0-G-03-03560,03,03-03,G287547E79924N,1999-07-21T00:00:00,-72.45080589962859,79.92389800000001,1.036447249641375,0,838.61395,1,COPDEM30,24.25284747
RGI2000-v7.0-G-03-03561,03,03-03,G287606E79925N,1999-07-21T00:00:00,-72.39375572528974,79.92457300000001,0.034400106821246,0,1020.98285,2,COPDEM30,12.59661721
RGI2000-v7.0-G-03-03562,03,03-03,G287628E79923N,1999-07-21T00:00:00,-72.37214881894676,79.923237,0.080395880636007,0,976.5366,1,COPDEM30,13.96958343
RGI2000-v7.0-G-03-03563,03,03-03,G287591E79931N,1999-07-21T00:00:00,-72.40901450187235,79.9310255,0.04710290245563,0,889.5731,2,COPDEM30,13.03844843
RGI2000-v7.0-G-03-03564,03,03-03,G287587E79914N,1999-07-21T00:00:00,-72.41275520202296,79.913533,0.316509170285791,0,748.5668,1,COPDEM30,17.87628068
RGI2000-v7.0-G-03-03565,03,03-03,G287547E79893N,1999-07-21T00:00:00,-72.45335906952664,79.893293,0.261575652498026,0,823.38617,2,COPDEM30,17.16022541
RGI2000-v7.0-G-03-03566,03,03-03,G287512E79892N,1999-07-21T00:00:00,-72.48761021402312,79.8918175,0.102842073114419,0,968.4334,1,COPDEM30,14.48965993
RGI2000-v7.0-G-03-03567,03,03-03,G287500E79890N,1999-07-21T00:00:00,-72.50000029709749,79.8904985,0.065605483307316,0,966.72253,8,COPDEM30,13.58589943
RGI2000-v7.0-G-03-03568,03,03-03,G287542E79883N,1999-07-21T00:00:00,-72.46370395937035,79.88277,1.267654345795002,0,841.8399,2,COPDEM30,25.76262198
RGI2000-v7.0-G-03-03569,03,03-03,G287583E79879N,1999-07-21T00:00:00,-72.41462858449961,79.878912,0.1844106688225,0,708.6062,1,COPDEM30,16.01202887
RGI2000-v7.0-G-03-03570,03,03-03,G287874E79891N,1999-07-21T00:00:00,-72.12850593042705,79.8907715,1.259717790557263,0,952.59875,7,COPDEM30,25.71320104
RGI2000-v7.0-G-03-03571,03,03-03,G287865E79901N,1999-07-21T00:00:00,-72.13290296204227,79.90261699999999,1.460659417409294,0,921.14075,8,COPDEM30,26.92008410
RGI2000-v7.0-G-03-03572,03,03-03,G287911E79909N,1999-07-21T00:00:00,-72.09030473496264,79.908965,3.696389950683272,0,918.4029,8,COPDEM30,36.91639705
RGI2000-v7.0-G-03-03573,03,03-03,G287957E79917N,1999-07-21T00:00:00,-72.04290728668327,79.91694100000001,0.745807065248107,0,911.2307,8,COPDEM30,22.09041706
RGI2000-v7.0-G-03-03574,03,03-03,G287981E79923N,1999-07-21T00:00:00,-72.01895942129244,79.9227675,0.407262461327845,0,984.8133,8,COPDEM30,18.93439659
RGI2000-v7.0-G-03-03575,03,03-03,G288115E79927N,1999-07-21T00:00:00,-71.9332582511383,79.9301645,4.188737961718674,0,918.3401,1,COPDEM30,38.65296914
RGI2000-v7.0-G-03-03576,03,03-03,G288078E79903N,1999-07-21T00:00:00,-71.93528096145056,79.905948,6.235704591878002,0,981.7142,4,COPDEM30,44.95994994
RGI2000-v7.0-G-03-03577,03,03-03,G288197E79914N,1999-07-21T00:00:00,-71.80353295261054,79.91318000000001,1.533720566808509,0,799.506,2,COPDEM30,27.33808614
RGI2000-v7.0-G-03-03578,03,03-03,G287905E79936N,1999-07-21T00:00:00,-72.09160432430099,79.93610699999999,0.393606351618198,0,861.9603,1,COPDEM30,18.78332767
RGI2000-v7.0-G-03-03579,03,03-03,G288109E79974N,1999-07-21T00:00:00,-71.88687951430936,79.97442649999999,0.543080186533902,0,935.1817,1,COPDEM30,20.31715642
RGI2000-v7.0-G-03-03580,03,03-03,G288168E79969N,1999-07-21T00:00:00,-71.83954000302829,79.969045,1.504251650105306,0,953.6306,2,COPDEM30,27.17071121
RGI2000-v7.0-G-03-03581,03,03-03,G288166E79985N,1999-07-21T00:00:00,-71.83188358235404,79.9847245,0.682042606946877,0,873.0907,2,COPDEM30,21.56202192
RGI2000-v7.0-G-03-03582,03,03-03,G288235E79997N,1999-07-21T00:00:00,-71.76505317443366,79.99785750000001,1.376085646697094,0,959.91974,1,COPDEM30,26.42293478
RGI2000-v7.0-G-03-03583,03,03-03,G288417E80021N,1999-07-21T00:00:00,-71.58267005882354,80.02069,0.251961874307857,0,1072.4839,8,COPDEM30,17.02741257
RGI2000-v7.0-G-03-03584,03,03-03,G288544E80016N,1999-07-21T00:00:00,-71.50277205422323,80.01377,4.786662149569487,0,1039.7904,3,COPDEM30,40.62981850
RGI2000-v7.0-G-03-03585,03,03-03,G288466E80008N,1999-07-21T00:00:00,-71.53604878664243,80.0069575,0.792489653793438,0,1075.6515,8,COPDEM30,22.46306432
RGI2000-v7.0-G-03-03586,03,03-03,G288543E80035N,1999-07-21T00:00:00,-71.45595382540876,80.0365345,3.701154851203229,0,943.01935,1,COPDEM30,36.93374001
RGI2000-v7.0-G-03-03587,03,03-03,G288662E80030N,1999-07-21T00:00:00,-71.34502488924961,80.035708,4.955955586984126,0,927.2295,2,COPDEM30,41.16676587
RGI2000-v7.0-G-03-03588,03,03-03,G288733E80040N,1999-07-21T00:00:00,-71.26743517919877,80.040915,0.749735084562167,0,847.9712,1,COPDEM30,22.12221418
RGI2000-v7.0-G-03-03589,03,03-03,G288802E80047N,1999-07-21T00:00:00,-71.20441641981058,80.04858999999999,1.214139639267541,0,896.72156,1,COPDEM30,25.42632067
RGI2000-v7.0-G-03-03590,03,03-03,G288823E80034N,1999-07-21T00:00:00,-71.17681557490555,80.03351,0.326436055096519,0,853.1559,6,COPDEM30,17.99884159
RGI2000-v7.0-G-03-03591,03,03-03,G288747E80027N,1999-07-21T00:00:00,-71.25123778082191,80.0272405,0.54241402658546,0,942.46124,2,COPDEM30,20.31082680
RGI2000-v7.0-G-03-03592,03,03-03,G288693E80010N,1999-07-21T00:00:00,-71.31771368516483,80.00922349999999,0.524615757627803,0,1013.3002,2,COPDEM30,20.14025091
RGI2000-v7.0-G-03-03593,03,03-03,G288848E80011N,1999-07-21T00:00:00,-71.15221061152099,80.0111725,0.055033426344086,0,902.58875,1,COPDEM30,13.28428859
RGI2000-v7.0-G-03-03594,03,03-03,G288896E80013N,1999-07-21T00:00:00,-71.10392610604544,80.0139915,0.349162422156976,0,974.0104,2,COPDEM30,18.27259541
RGI2000-v7.0-G-03-03595,03,03-03,G288891E80023N,1999-07-21T00:00:00,-71.10867033790672,80.023132,0.291962385272981,0,887.0285,2,COPDEM30,17.56469613
RGI2000-v7.0-G-03-03596,03,03-03,G288907E80046N,1999-07-21T00:00:00,-71.08957069469272,80.048167,4.796750341523223,0,831.1244,2,COPDEM30,40.66207865
RGI2000-v7.0-G-03-03597,03,03-03,G289074E80045N,1999-07-21T00:00:00,-70.93110032224169,80.04597799999999,0.68457319378206,0,844.0378,1,COPDEM30,21.58345138
RGI2000-v7.0-G-03-03598,03,03-03,G289007E80075N,1999-07-21T00:00:00,-70.99392433170561,80.0754965,1.17405819466529,0,957.5355,3,COPDEM30,25.16955524
RGI2000-v7.0-G-03-03599,03,03-03,G288116E80212N,1999-07-21T00:00:00,-71.88390696207864,80.211705,0.115540657876765,0,1090.94,2,COPDEM30,14.75877809
RGI2000-v7.0-G-03-03600,03,03-03,G288046E80241N,1999-07-21T00:00:00,-71.95390520988803,80.2408015,0.047640818768668,0,855.5603,1,COPDEM30,13.05574876
RGI2000-v7.0-G-03-03601,03,03-03,G287938E80239N,1999-07-21T00:00:00,-72.0619294448882,80.239498,1.0241756295091,0,995.18396,2,COPDEM30,24.16821878
RGI2000-v7.0-G-03-03602,03,03-03,G287874E80251N,1999-07-21T00:00:00,-72.1259483060108,80.25129799999999,7.472624738390182,0,1108.5364,3,COPDEM30,48.27054283
RGI2000-v7.0-G-03-03603,03,03-03,G287996E80265N,1999-07-21T00:00:00,-72.00824509287926,80.264201,1.192875638379631,0,840.6099,2,COPDEM30,25.29063848
RGI2000-v7.0-G-03-03604,03,03-03,G287810E80276N,1999-07-21T00:00:00,-72.1932046024019,80.2760545,0.462180477092904,0,903.11896,8,COPDEM30,19.51773994
RGI2000-v7.0-G-03-03605,03,03-03,G287797E80283N,1999-07-21T00:00:00,-72.20948104009102,80.2826225,0.406584753307167,0,989.19336,3,COPDEM30,18.92695982
RGI2000-v7.0-G-03-03606,03,03-03,G287780E80289N,1999-07-21T00:00:00,-72.2196849433451,80.289478,0.216465329522925,0,1096.194,1,COPDEM30,16.51361686
RGI2000-v7.0-G-03-03607,03,03-03,G287651E80287N,1999-07-21T00:00:00,-72.36094455127018,80.2838265,8.807225799816889,0,1153.0051,6,COPDEM30,51.54775875
RGI2000-v7.0-G-03-03608,03,03-03,G287574E80309N,1999-07-21T00:00:00,-72.45596846086013,80.3232705,23.416389648591217,0,1148.7529,7,COPDEM90,77.74667793
RGI2000-v7.0-G-03-03609,03,03-03,G287351E80331N,1999-07-21T00:00:00,-72.63785384420099,80.329632,6.234619967694549,0,1193.5222,5,COPDEM30,44.95690938
RGI2000-v7.0-G-03-03610,03,03-03,G286851E80327N,1999-07-21T00:00:00,-73.1465389807629,80.326807,0.706391473871337,0,1239.835,5,COPDEM30,21.76659377
RGI2000-v7.0-G-03-03611,03,03-03,G286664E80282N,1999-07-21T00:00:00,-73.33551399461882,80.282301,1.689697675574964,0,1161.7893,1,COPDEM30,28.19837203
RGI2000-v7.0-G-03-03612,03,03-03,G286572E80285N,1999-07-21T00:00:00,-73.42835146898102,80.28460050000001,2.276674412961574,0,1204.1666,3,COPDEM30,31.12411383
RGI2000-v7.0-G-03-03613,03,03-03,G286540E80269N,1999-07-21T00:00:00,-73.45986449504318,80.2691935,1.42389239645847,0,1191.3892,3,COPDEM30,26.70577474
RGI2000-v7.0-G-03-03614,03,03-03,G286806E80254N,1999-07-21T00:00:00,-73.19402291354089,80.25402706214923,5.680828486775564,0,1079.2056,8,COPDEM30,43.36828409
RGI2000-v7.0-G-03-03615,03,03-03,G286848E80260N,1999-07-21T00:00:00,-73.1520135461542,80.260182,0.819022000002515,0,1003.00433,1,COPDEM30,22.66997680
RGI2000-v7.0-G-03-03616,03,03-03,G286928E80258N,1999-07-21T00:00:00,-73.07206418732463,80.25843699999999,6.796363289745801,0,1106.0503,1,COPDEM30,46.49776986
RGI2000-v7.0-G-03-03617,03,03-03,G287022E80259N,1999-07-21T00:00:00,-72.98592924294594,80.26215049999999,1.745122222028666,0,1104.7448,1,COPDEM30,28.49443039
RGI2000-v7.0-G-03-03618,03,03-03,G286979E80221N,1999-07-21T00:00:00,-73.01619188484148,80.21308049999999,5.829401628931595,0,1175.2135,4,COPDEM30,43.80181533
RGI2000-v7.0-G-03-03619,03,03-03,G286926E80209N,1999-07-21T00:00:00,-73.07974279440509,80.2071765,1.002167863258748,0,1361.7511,7,COPDEM30,24.01516683
RGI2000-v7.0-G-03-03620,03,03-03,G286954E80198N,1999-07-21T00:00:00,-73.04646039695892,80.197844,1.611166897203762,0,1193.3921,4,COPDEM30,27.77044490
RGI2000-v7.0-G-03-03621,03,03-03,G286907E80193N,1999-07-21T00:00:00,-73.09323345660991,80.1933175,2.05082145151478,0,1181.6105,5,COPDEM30,30.04896517
RGI2000-v7.0-G-03-03622,03,03-03,G286934E80173N,1999-07-21T00:00:00,-73.06559118755007,80.17261500000001,1.324507295358354,0,1079.0806,8,COPDEM30,26.11221369
RGI2000-v7.0-G-03-03623,03,03-03,G286996E80175N,1999-07-21T00:00:00,-73.00448792759794,80.17458400000001,1.749870460589886,0,1053.6643,1,COPDEM30,28.51957371
RGI2000-v7.0-G-03-03624,03,03-03,G287039E80165N,1999-07-21T00:00:00,-72.96695561392428,80.16491500000001,5.16077194151605,0,1152.7609,2,COPDEM30,41.80426545
RGI2000-v7.0-G-03-03625,03,03-03,G287145E80152N,1999-07-21T00:00:00,-72.8591477007956,80.15180699999999,0.55155963040527,0,1060.3477,1,COPDEM30,20.39738850
RGI2000-v7.0-G-03-03626,03,03-03,G287226E80149N,1999-07-21T00:00:00,-72.77366770588236,80.149213,0.105978156036226,0,1015.32465,3,COPDEM30,14.55760009
RGI2000-v7.0-G-03-03627,03,03-03,G287236E80158N,1999-07-21T00:00:00,-72.76354291618807,80.1579965,0.077906406096642,0,1101.3763,1,COPDEM30,13.90764067
RGI2000-v7.0-G-03-03628,03,03-03,G287147E80187N,1999-07-21T00:00:00,-72.85455753161,80.186733,0.817096051618189,0,1033.9363,1,COPDEM30,22.65507116
RGI2000-v7.0-G-03-03629,03,03-03,G287252E80193N,1999-07-21T00:00:00,-72.75079653027863,80.1926405,0.670242007937721,0,970.8693,2,COPDEM30,21.46156331
RGI2000-v7.0-G-03-03630,03,03-03,G286616E80150N,1999-07-21T00:00:00,-73.38427833974359,80.14998800000001,0.940776957670205,0,1091.3849,1,COPDEM30,23.57911204
RGI2000-v7.0-G-03-03631,03,03-03,G286085E80203N,1999-07-21T00:00:00,-74.21415373213722,80.19065,804.1625976771547,0,1291.7142,2,COPDEM90,100.00000000
RGI2000-v7.0-G-03-03632,03,03-03,G285108E80047N,1999-07-21T00:00:00,-74.89206381090659,80.04699099999999,0.123109778834885,0,1184.6437,3,COPDEM30,14.91218044
RGI2000-v7.0-G-03-03633,03,03-03,G285202E80091N,1999-07-21T00:00:00,-75.2911258351191,80.0533455,666.2446695356092,0,1197.3638,3,COPDEM90,100.00000000
RGI2000-v7.0-G-03-03634,03,03-03,G284410E79922N,1999-07-21T00:00:00,-75.59004812821482,79.921583,0.125837237508206,0,619.80414,7,COPDEM30,14.96629626
RGI2000-v7.0-G-03-03635,03,03-03,G284116E79986N,1999-07-21T00:00:00,-76.2057320846825,79.9183245,1080.904571093373,0,1171.8994,3,COPDEM90,100.00000000
RGI2000-v7.0-G-03-03636,03,03-03,G283467E79781N,1999-07-31T00:00:00,-76.62409792327668,79.7979235,791.7935187815236,0,1122.0603,6,COPDEM90,100.00000000
RGI2000-v7.0-G-03-03637,03,03-03,G282749E79673N,2001-07-21T00:00:00,-77.25144967775165,79.6726845,0.295096530293339,0,896.11096,1,COPDEM30,17.60519033
RGI2000-v7.0-G-03-03638,03,03-03,G282709E79666N,2001-07-21T00:00:00,-77.29099234093923,79.666382,6.846285525827132,0,845.72845,8,COPDEM30,46.63157058
RGI2000-v7.0-G-03-03639,03,03-03,G282759E79659N,2001-07-21T00:00:00,-77.24098597989182,79.65868599999999,1.705959471843375,0,1015.7368,1,COPDEM30,28.28573369
RGI2000-v7.0-G-03-03640,03,03-03,G282649E79655N,2001-07-21T00:00:00,-77.35088850308263,79.6553305,1.506260351326708,0,902.3377,8,COPDEM30,27.18217183
RGI2000-v7.0-G-03-03641,03,03-03,G282719E79639N,2001-07-21T00:00:00,-77.28055266990646,79.63887650000001,1.098128287589088,0,1034.3153,7,COPDEM30,24.67082630
RGI2000-v7.0-G-03-03642,03,03-03,G282204E79652N,2001-07-21T00:00:00,-77.82165538220644,79.6547085,39.93389409096436,0,789.71234,1,COPDEM90,98.47057840
RGI2000-v7.0-G-03-03643,03,03-03,G281893E79658N,2001-07-21T00:00:00,-78.10685380635299,79.658435,2.439914389159725,0,747.9249,8,COPDEM30,31.86831544
RGI2000-v7.0-G-03-03644,03,03-03,G281848E79641N,2001-07-21T00:00:00,-78.15225109199437,79.6407155,11.833780586902467,0,984.0521,1,COPDEM30,58.16036747
RGI2000-v7.0-G-03-03645,03,03-03,G281558E79629N,2001-07-21T00:00:00,-78.44152825129159,79.629058,55.99920674732014,0,1102.4288,1,COPDEM90,100.00000000
RGI2000-v7.0-G-03-03646,03,03-03,G281255E79601N,2001-07-21T00:00:00,-78.68050574831857,79.58718350000001,100.22443492790097,0,1120.769,8,COPDEM90,100.00000000
RGI2000-v7.0-G-03-03647,03,03-03,G280982E79573N,2001-07-21T00:00:00,-79.04280990691208,79.5825475,14.059705649233909,0,1125.2358,1,COPDEM90,62.49478362
RGI2000-v7.0-G-03-03648,03,03-03,G280805E79564N,2001-07-21T00:00:00,-79.18332917066095,79.56708549999999,57.96838851654251,0,1180.641,1,COPDEM90,100.00000000
RGI2000-v7.0-G-03-03649,03,03-03,G280709E79551N,2001-07-21T00:00:00,-79.29141450492497,79.5509215,15.12429255626235,0,1122.67,8,COPDEM90,64.44594880
RGI2000-v7.0-G-03-03650,03,03-03,G280298E79526N,2001-07-21T00:00:00,-79.70159357201672,79.5261675,95.32047795071699,0,997.50256,8,COPDEM90,100.00000000
RGI2000-v7.0-G-03-03651,03,03-03,G280026E79504N,2001-07-21T00:00:00,-79.97436473055113,79.5041,26.70925157904985,0,812.1236,7,COPDEM90,82.35339183
RGI2000-v7.0-G-03-03652,03,03-03,G279970E79466N,2001-07-21T00:00:00,-79.85609387117161,79.4475655,76.28760605336996,0,1149.7207,8,COPDEM90,100.00000000
RGI2000-v7.0-G-03-03653,03,03-03,G280010E79412N,2001-07-21T00:00:00,-80.06513894685617,79.413963,12.195318422226578,0,1024.4165,7,COPDEM30,58.89051453
RGI2000-v7.0-G-03-03654,03,03-03,G279910E79384N,2001-07-21T00:00:00,-79.97931425678581,79.3903345,44.121382062614536,0,1115.169,7,COPDEM90,100.00000000
RGI2000-v7.0-G-03-03655,03,03-03,G279964E79356N,2001-07-21T00:00:00,-80.07928689937816,79.3433535,38.462019270151465,0,1108.477,7,COPDEM90,96.82485691
RGI2000-v7.0-G-03-03656,03,03-03,G279852E79292N,2001-07-21T00:00:00,-80.13884639379025,79.2928425,34.996457085289066,0,1002.82886,7,COPDEM90,92.82092482
RGI2000-v7.0-G-03-03657,03,03-03,G279631E79287N,2001-07-21T00:00:00,-80.37125473245857,79.28555750000001,0.480349117898037,0,809.12646,6,COPDEM30,19.70301124
RGI2000-v7.0-G-03-03658,03,03-03,G279586E79303N,2001-07-21T00:00:00,-80.41367205096725,79.303101,3.336327555359383,0,843.9317,2,COPDEM30,35.57186346
RGI2000-v7.0-G-03-03659,03,03-03,G279519E79311N,2001-07-21T00:00:00,-80.4808456662249,79.31129250000001,1.531111780293118,0,855.97107,8,COPDEM30,27.32333423
RGI2000-v7.0-G-03-03660,03,03-03,G279532E79326N,2001-07-21T00:00:00,-80.46776846819196,79.3262215,0.536430191861312,0,724.06934,1,COPDEM30,20.25379528
RGI2000-v7.0-G-03-03661,03,03-03,G279561E79330N,2001-07-21T00:00:00,-80.438541381051,79.3302315,0.274321834394089,0,715.0098,5,COPDEM30,17.33260387
RGI2000-v7.0-G-03-03662,03,03-03,G279515E79338N,2001-07-21T00:00:00,-80.48679449823223,79.338608,0.200143517975238,0,933.3946,2,COPDEM30,16.26323635
RGI2000-v7.0-G-03-03663,03,03-03,G279261E79321N,2001-07-21T00:00:00,-80.67372798549107,79.32148699999999,10.948691435732243,0,833.21326,1,COPDEM30,56.32432969
RGI2000-v7.0-G-03-03664,03,03-03,G279328E79304N,2001-07-21T00:00:00,-80.66700361725725,79.3044015,0.710759488191752,0,777.8788,1,COPDEM30,21.80291742
RGI2000-v7.0-G-03-03665,03,03-03,G279182E79298N,2001-07-21T00:00:00,-80.81674775097656,79.29733350000001,0.560454043944435,0,800.0204,3,COPDEM30,20.48088701
RGI2000-v7.0-G-03-03666,03,03-03,G279035E79287N,2001-07-21T00:00:00,-80.94944156160714,79.286631,3.282568670146182,0,832.2521,2,COPDEM30,35.36500462
RGI2000-v7.0-G-03-03667,03,03-03,G278967E79282N,2001-07-21T00:00:00,-81.03616212890626,79.282149,0.370291908950866,0,903.5151,8,COPDEM30,18.51922615
RGI2000-v7.0-G-03-03668,03,03-03,G278918E79274N,2001-07-21T00:00:00,-81.08185287518602,79.27318500000001,0.4403719211674,0,827.9309,8,COPDEM30,19.29047343
RGI2000-v7.0-G-03-03669,03,03-03,G279175E79339N,2001-07-21T00:00:00,-80.81846093694196,79.338992,2.091750980180294,0,930.609,4,COPDEM30,30.24804169
RGI2000-v7.0-G-03-03670,03,03-03,G279182E79350N,2001-07-21T00:00:00,-80.81827222209822,79.350187,0.180128783508364,0,787.7036,1,COPDEM30,15.94182140
RGI2000-v7.0-G-03-03671,03,03-03,G279513E79288N,2001-07-21T00:00:00,-80.48675917285156,79.28845050000001,1.037344977738203,0,749.403,8,COPDEM30,24.25901875
RGI2000-v7.0-G-03-03672,03,03-03,G279330E79239N,2001-07-21T00:00:00,-80.66660476994977,79.2389915,3.24244144025575,0,813.83453,1,COPDEM30,35.20949270
RGI2000-v7.0-G-03-03673,03,03-03,G279250E79212N,2001-07-21T00:00:00,-80.74640067965959,79.2117135,1.751415692924074,0,723.015,8,COPDEM30,28.52774881
RGI2000-v7.0-G-03-03674,03,03-03,G279393E79196N,2001-07-21T00:00:00,-80.60098304799106,79.196796,0.330278414788214,0,680.9946,6,COPDEM30,18.04577960
RGI2000-v7.0-G-03-03675,03,03-03,G279462E79192N,2001-07-21T00:00:00,-80.53665861621094,79.19220849999999,0.330291507282886,0,718.88025,6,COPDEM30,18.04593906
RGI2000-v7.0-G-03-03676,03,03-03,G279512E79202N,2001-07-21T00:00:00,-80.4884278186384,79.20202,3.332648344871897,0,805.5294,2,COPDEM30,35.55775960
RGI2000-v7.0-G-03-03677,03,03-03,G279551E79181N,2001-07-21T00:00:00,-80.4583734469866,79.181325,1.361077480950024,0,811.2984,2,COPDEM30,26.33313155
RGI2000-v7.0-G-03-03678,03,03-03,G279512E79228N,2001-07-21T00:00:00,-80.48479259988841,79.228411,0.480374075398192,0,768.7897,1,COPDEM30,19.70326331
RGI2000-v7.0-G-03-03679,03,03-03,G279762E79216N,2001-07-21T00:00:00,-80.24124825,79.215367,0.270246317723523,0,867.1763,1,COPDEM30,17.27793091
RGI2000-v7.0-G-03-03680,03,03-03,G279856E79213N,2001-07-21T00:00:00,-80.16409123217679,79.21342899999999,3.758250457031804,0,832.3359,8,COPDEM30,37.14069066
RGI2000-v7.0-G-03-03681,03,03-03,G279972E79210N,2001-07-21T00:00:00,-80.02390781962842,79.2097715,1.150901536988047,0,832.73315,2,COPDEM30,25.01921107
RGI2000-v7.0-G-03-03682,03,03-03,G279990E79246N,2001-07-21T00:00:00,-80.0097552363813,79.2455105,0.442649311209733,0,932.2109,8,COPDEM30,19.31446536
RGI2000-v7.0-G-03-03683,03,03-03,G279985E79251N,2001-07-21T00:00:00,-80.01460025602819,79.2505755,0.529471764671168,0,796.5485,7,COPDEM30,20.18707347
RGI2000-v7.0-G-03-03684,03,03-03,G280120E79282N,2001-07-21T00:00:00,-79.89658468281439,79.2772715,23.454841177936377,0,968.37695,5,COPDEM90,77.80227777
RGI2000-v7.0-G-03-03685,03,03-03,G280385E79338N,2001-07-21T00:00:00,-79.6818387569752,79.3163325,142.5021724661555,0,1046.8964,5,COPDEM90,100.00000000
RGI2000-v7.0-G-03-03686,03,03-03,G280674E79333N,2001-07-21T00:00:00,-79.2739104178392,79.3404985,56.24862615774781,0,948.1484,4,COPDEM90,100.00000000
RGI2000-v7.0-G-03-03687,03,03-03,G280784E79288N,2001-07-21T00:00:00,-79.2160784068358,79.2881155,5.415063144734135,0,906.9326,2,COPDEM30,42.57840353
RGI2000-v7.0-G-03-03688,03,03-03,G280877E79280N,2001-07-21T00:00:00,-79.12298344250384,79.2797695,9.36036500119796,0,886.27936,1,COPDEM30,52.83259904
RGI2000-v7.0-G-03-03689,03,03-03,G280925E79257N,2001-07-21T00:00:00,-79.07543984322983,79.25736,4.007086810400436,0,832.3473,3,COPDEM30,38.02479286
RGI2000-v7.0-G-03-03690,03,03-03,G281055E79246N,2001-07-21T00:00:00,-78.94283301703824,79.2454625,0.114478051527682,0,891.64685,1,COPDEM30,14.73684474
RGI2000-v7.0-G-03-03691,03,03-03,G280841E79226N,2001-07-21T00:00:00,-79.16189359996636,79.2266695,0.38411367423964,0,624.5792,2,COPDEM30,18.67676669
RGI2000-v7.0-G-03-03692,03,03-03,G280745E79228N,2001-07-21T00:00:00,-79.26306727118725,79.2261055,2.853059879341177,0,823.0917,2,COPDEM30,33.64740443
RGI2000-v7.0-G-03-03693,03,03-03,G280666E79226N,2001-07-21T00:00:00,-79.33425465489208,79.226375,0.974717464065835,0,826.2428,7,COPDEM30,23.82188927
RGI2000-v7.0-G-03-03694,03,03-03,G280677E79216N,2001-07-21T00:00:00,-79.32336212540964,79.2160685,3.298224680149906,0,893.9392,8,COPDEM30,35.42542108
RGI2000-v7.0-G-03-03695,03,03-03,G280661E79239N,2001-07-21T00:00:00,-79.33888505818581,79.238924,2.474476496164446,0,914.3443,4,COPDEM30,32.02265636
RGI2000-v7.0-G-03-03696,03,03-03,G280676E79253N,2001-07-21T00:00:00,-79.32383104645592,79.2529485,17.835382518331404,0,895.0005,7,COPDEM90,69.12474079
RGI2000-v7.0-G-03-03697,03,03-03,G280314E79223N,2001-07-21T00:00:00,-79.70420938954899,79.222915,4.586654801289036,0,810.3514,2,COPDEM30,39.98306757
RGI2000-v7.0-G-03-03698,03,03-03,G281277E79342N,2001-07-21T00:00:00,-78.72036775495185,79.34247049999999,0.683491145176707,0,998.2082,8,COPDEM30,21.57429326
RGI2000-v7.0-G-03-03699,03,03-03,G281437E79345N,2001-07-21T00:00:00,-78.57070242134833,79.3450115,0.459296487702615,0,684.5356,1,COPDEM30,19.48799829
RGI2000-v7.0-G-03-03700,03,03-03,G281516E79346N,2001-07-21T00:00:00,-78.48335638542082,79.346648,0.119371283805504,0,603.95056,2,COPDEM30,14.83702095
RGI2000-v7.0-G-03-03701,03,03-03,G281673E79344N,2001-07-21T00:00:00,-78.32843281828704,79.34474449999999,0.510865617308198,0,987.71594,1,COPDEM30,20.00648095
RGI2000-v7.0-G-03-03702,03,03-03,G281878E79333N,2001-07-21T00:00:00,-78.13111558082005,79.333823,5.520933850513944,0,791.88635,1,COPDEM30,42.89533454
RGI2000-v7.0-G-03-03703,03,03-03,G281779E79289N,2001-07-21T00:00:00,-78.21323256473909,79.287987,2.946459071911434,0,855.6218,1,COPDEM30,34.03135406
RGI2000-v7.0-G-03-03704,03,03-03,G281861E79273N,2001-07-21T00:00:00,-78.1394654143773,79.2733295,0.453549368366236,0,739.84827,2,COPDEM30,19.42845036
RGI2000-v7.0-G-03-03705,03,03-03,G281902E79272N,2001-07-21T00:00:00,-78.0903917161796,79.27227149999999,0.136722187695086,0,663.8065,2,COPDEM30,15.17663489
RGI2000-v7.0-G-03-03706,03,03-03,G282066E79261N,2001-07-21T00:00:00,-77.93380557635679,79.261681,0.53286786190215,0,712.17224,2,COPDEM30,20.21969182
RGI2000-v7.0-G-03-03707,03,03-03,G282364E79263N,2001-07-21T00:00:00,-77.63601677203067,79.26262299999999,0.759996583693508,0,669.0063,1,COPDEM30,22.20488961
RGI2000-v7.0-G-03-03708,03,03-03,G281621E79306N,2001-07-21T00:00:00,-78.37697148957002,79.306224,0.436054250089787,0,914.2584,8,COPDEM30,19.24481655
RGI2000-v7.0-G-03-03709,03,03-03,G281543E79270N,2001-07-21T00:00:00,-78.46254003486563,79.268416,5.912823508990872,0,856.6046,8,COPDEM30,44.04281727
RGI2000-v7.0-G-03-03710,03,03-03,G281785E79404N,2001-07-21T00:00:00,-78.21473705047131,79.40440000000001,0.411817444006676,0,821.295,1,COPDEM30,18.98422056
RGI2000-v7.0-G-03-03711,03,03-03,G281771E79411N,2001-07-21T00:00:00,-78.22871494703757,79.4106075,0.923254282634133,0,862.6396,3,COPDEM30,23.45205707
RGI2000-v7.0-G-03-03712,03,03-03,G281828E79402N,2001-07-21T00:00:00,-78.17244806197203,79.4024585,0.398198045253743,0,764.84534,2,COPDEM30,18.83441095
RGI2000-v7.0-G-03-03713,03,03-03,G281858E79416N,2001-07-21T00:00:00,-78.14101784214418,79.4156935,0.156717856215584,0,872.31525,1,COPDEM30,15.54226486
RGI2000-v7.0-G-03-03714,03,03-03,G282175E79539N,1999-07-31T00:00:00,-77.8246518079875,79.539091,227.58904423297236,0,891.0597,3,COPDEM90,100.00000000
RGI2000-v7.0-G-03-03715,03,03-03,G280891E79410N,2001-07-21T00:00:00,-79.11785951052227,79.433435,584.6561124141488,0,987.7425,4,COPDEM90,100.00000000
RGI2000-v7.0-G-03-03716,03,03-03,G279905E79562N,2001-07-21T00:00:00,-80.09737645491681,79.5610015,0.484280767139669,0,786.89514,8,COPDEM30,19.74263980
RGI2000-v7.0-G-03-03717,03,03-03,G280036E79758N,1999-07-08T00:00:00,-79.94280014513083,79.75892300000001,4.062730796707837,0,949.69226,7,COPDEM30,38.21870366
RGI2000-v7.0-G-03-03718,03,03-03,G280191E79760N,1999-07-08T00:00:00,-79.80881331299324,79.76028,2.148878371027873,0,826.8126,1,COPDEM30,30.52267431
RGI2000-v7.0-G-03-03719,03,03-03,G280240E79760N,1999-07-08T00:00:00,-79.74594289425397,79.75991400000001,0.494189659750652,0,843.51306,8,COPDEM30,19.84180742
RGI2000-v7.0-G-03-03720,03,03-03,G280287E79752N,1999-07-08T00:00:00,-79.71348834574837,79.75233700000001,0.18590459689458,0,750.41974,8,COPDEM30,16.03633175
RGI2000-v7.0-G-03-03721,03,03-03,G280345E79808N,1999-07-08T00:00:00,-79.68238230487927,79.8000095,20.092862876664107,0,912.10187,5,COPDEM90,72.75508843
RGI2000-v7.0-G-03-03722,03,03-03,G280627E79781N,1999-07-08T00:00:00,-79.37315930703079,79.78079600000001,0.585353927006005,0,853.97595,8,COPDEM30,20.71117966
RGI2000-v7.0-G-03-03723,03,03-03,G280695E79775N,1999-07-08T00:00:00,-79.30470135854398,79.77497249999999,0.231487670388893,0,992.3087,7,COPDEM30,16.73584318
RGI2000-v7.0-G-03-03724,03,03-03,G280718E79771N,1999-07-08T00:00:00,-79.28202552729635,79.770701,0.4215130204047,0,1006.15247,6,COPDEM30,19.08936477
RGI2000-v7.0-G-03-03725,03,03-03,G280802E79779N,1999-07-08T00:00:00,-79.19804596699666,79.778794,3.713874142961355,0,932.8116,3,COPDEM30,36.97998021
RGI2000-v7.0-G-03-03726,03,03-03,G280183E79932N,1999-07-08T00:00:00,-79.9400947453936,79.9071845,256.4474091484388,0,1110.7305,7,COPDEM90,100.00000000
RGI2000-v7.0-G-03-03727,03,03-03,G281132E80427N,1999-07-31T00:00:00,-78.86797521371213,80.4269435,2.382517250957465,0,967.51575,1,COPDEM30,31.60956689
RGI2000-v7.0-G-03-03728,03,03-03,G281292E80518N,1999-07-31T00:00:00,-78.72707838846817,80.519551,1.972107783327808,0,868.5987,1,COPDEM30,29.66044571
RGI2000-v7.0-G-03-03729,03,03-03,G281861E80519N,1999-07-31T00:00:00,-78.13674347883583,80.513683,32.24871378571723,0,998.8339,1,COPDEM90,89.50313140
RGI2000-v7.0-G-03-03730,03,03-03,G281744E80470N,1999-07-31T00:00:00,-78.20300193060336,80.4715185,19.34226235564325,0,1014.68695,1,COPDEM90,71.57177455
RGI2000-v7.0-G-03-03731,03,03-03,G282416E80554N,1999-07-31T00:00:00,-77.58570155579139,80.5559055,5.007888516065105,0,1021.713,1,COPDEM30,41.32963691
RGI2000-v7.0-G-03-03732,03,03-03,G282536E80523N,1999-07-31T00:00:00,-77.4513385147352,80.5234625,1.879102304402296,0,1069.6875,1,COPDEM30,29.19124935
RGI2000-v7.0-G-03-03733,03,03-03,G282670E80516N,1999-07-31T00:00:00,-77.33202041479336,80.51332550000001,0.65661575929153,0,967.795,1,COPDEM30,21.34445630
RGI2000-v7.0-G-03-03734,03,03-03,G282873E80568N,1999-07-31T00:00:00,-77.12706426776316,80.5681015,68.41381867532618,0,1106.2766,7,COPDEM90,100.00000000
RGI2000-v7.0-G-03-03735,03,03-03,G282611E80618N,1999-07-31T00:00:00,-77.12237817615292,80.61227099999999,148.95600434944038,0,1183.647,8,COPDEM90,100.00000000
RGI2000-v7.0-G-03-03736,03,03-03,G282897E80685N,1999-07-31T00:00:00,-77.10335420395312,80.684751,19.965929220243634,0,1056.8293,1,COPDEM90,72.55655143
RGI2000-v7.0-G-03-03737,03,03-03,G282651E80686N,1999-07-31T00:00:00,-77.34935730789579,80.68581900000001,14.38754760812076,0,942.7129,8,COPDEM90,63.10328927
RGI2000-v7.0-G-03-03738,03,03-03,G283151E80691N,1999-07-31T00:00:00,-76.84914991365574,80.6905505,16.047996823954453,0,1061.671,1,COPDEM90,66.08393154
RGI2000-v7.0-G-03-03739,03,03-03,G283373E80717N,1999-07-31T00:00:00,-76.61357779797981,80.7146185,1.049772993308384,0,1010.90393,2,COPDEM30,24.34418024
RGI2000-v7.0-G-03-03740,03,03-03,G283511E80703N,1999-07-31T00:00:00,-76.50297700631023,80.701032,2.109779167902397,0,1052.5245,1,COPDEM30,30.33511045
RGI2000-v7.0-G-03-03741,03,03-03,G283418E80612N,1999-07-31T00:00:00,-76.62828557122845,80.649538,41.538435936584825,0,1193.6174,2,COPDEM90,100.00000000
RGI2000-v7.0-G-03-03742,03,03-03,G283227E80742N,1999-07-31T00:00:00,-76.77266276489534,80.741971,4.850813285837178,0,1017.2399,1,COPDEM30,40.83438671
RGI2000-v7.0-G-03-03743,03,03-03,G283196E80762N,1999-07-31T00:00:00,-76.80364273167294,80.7617795,3.448985198213474,0,949.11115,8,COPDEM30,36.00002113
RGI2000-v7.0-G-03-03744,03,03-03,G283474E80766N,1999-07-31T00:00:00,-76.53620534024427,80.7649785,0.894811885282047,0,982.4138,2,COPDEM30,23.24322957
RGI2000-v7.0-G-03-03745,03,03-03,G283941E80762N,1999-07-31T00:00:00,-76.06097703445406,80.7598045,0.336707589263246,0,1044.2524,1,COPDEM30,18.12371144
RGI2000-v7.0-G-03-03746,03,03-03,G283976E80653N,1999-07-31T00:00:00,-76.02737094963854,80.653615,0.860525413841409,0,1002.9891,1,COPDEM30,22.98703127
RGI2000-v7.0-G-03-03747,03,03-03,G284641E80537N,1999-07-31T00:00:00,-74.79110758531536,80.603912,1146.6245928915407,0,1472.4886,8,COPDEM90,100.00000000
RGI2000-v7.0-G-03-03748,03,03-03,G285207E80719N,1999-07-31T00:00:00,-74.88864882802265,80.765433,710.6889803629545,0,1423.9727,8,COPDEM90,100.00000000
RGI2000-v7.0-G-03-03749,03,03-03,G284889E80847N,1999-07-31T00:00:00,-75.1105941312183,80.846858,12.225356424861298,0,1041.0664,8,COPDEM30,58.95068804
RGI2000-v7.0-G-03-03750,03,03-03,G284757E80839N,1999-07-31T00:00:00,-75.24315103559277,80.8389615,5.138363110404496,0,1033.651,8,COPDEM30,41.73514093
RGI2000-v7.0-G-03-03751,03,03-03,G284675E80832N,1999-07-31T00:00:00,-75.3248294223929,80.832051,4.644361644123311,0,1074.2192,8,COPDEM30,40.17109349
RGI2000-v7.0-G-03-03752,03,03-03,G284688E80884N,1999-07-31T00:00:00,-75.32674494670468,80.88338250000001,1.383231164912709,0,969.69604,8,COPDEM30,26.46551877
RGI2000-v7.0-G-03-03753,03,03-03,G284728E80921N,1999-07-31T00:00:00,-75.25271598414207,80.91830949999999,6.173420038538753,0,937.55273,7,COPDEM30,44.78491523
RGI2000-v7.0-G-03-03754,03,03-03,G285049E80875N,1999-07-31T00:00:00,-74.96604525987293,80.8610145,22.034255348447168,0,1063.9701,8,COPDEM90,75.71692361
RGI2000-v7.0-G-03-03755,03,03-03,G285252E80872N,1999-07-31T00:00:00,-74.74779859997065,80.8715495,48.26425339760859,0,1093.9436,8,COPDEM90,100.00000000
RGI2000-v7.0-G-03-03756,03,03-03,G285328E80911N,1999-07-31T00:00:00,-74.6724611206686,80.9112875,10.526274445803306,0,1002.1889,7,COPDEM30,55.42190872
RGI2000-v7.0-G-03-03757,03,03-03,G285360E80937N,1999-07-31T00:00:00,-74.63952637676054,80.9366895,6.625375873644987,0,976.89545,7,COPDEM30,46.03572771
RGI2000-v7.0-G-03-03758,03,03-03,G285885E80997N,1999-07-31T00:00:00,-74.11506763536343,80.9971875,17.328504176203523,0,972.923,1,COPDEM90,68.27852794
RGI2000-v7.0-G-03-03759,03,03-03,G285662E80877N,1999-07-31T00:00:00,-74.01628439255198,80.89511300000001,386.74322602606975,0,1300.1625,8,COPDEM90,100.00000000
RGI2000-v7.0-G-03-03760,03,03-03,G286327E80926N,1999-07-31T00:00:00,-73.40043828694898,80.8969415,328.47018883354866,0,1376.827,8,COPDEM90,100.00000000
RGI2000-v7.0-G-03-03761,03,03-03,G286937E80908N,1999-07-31T00:00:00,-73.06332105599301,80.9084,382.14822219917335,0,1427.4445,1,COPDEM90,100.00000000
RGI2000-v7.0-G-03-03762,03,03-03,G287328E80917N,1999-07-31T00:00:00,-72.72579721417017,80.930049,59.871565829283206,0,1298.7114,2,COPDEM90,100.00000000
RGI2000-v7.0-G-03-03763,03,03-03,G287662E80921N,1999-07-31T00:00:00,-72.36071797536059,80.9180645,69.44369404543524,0,1335.192,1,COPDEM90,100.00000000
RGI2000-v7.0-G-03-03764,03,03-03,G288040E80935N,1999-07-31T00:00:00,-71.96025003904614,80.9352685,22.50898570940289,0,1262.0194,1,COPDEM90,76.42109002
RGI2000-v7.0-G-03-03765,03,03-03,G288253E80957N,1999-07-31T00:00:00,-71.74719802971393,80.9568255,2.687438555889182,0,1252.7461,8,COPDEM30,32.95077247
RGI2000-v7.0-G-03-03766,03,03-03,G288743E80950N,1999-07-31T00:00:00,-71.71662159262755,80.89088100000001,272.61433917103636,0,1310.1129,3,COPDEM90,100.00000000
RGI2000-v7.0-G-03-03767,03,03-03,G288624E80881N,1999-07-31T00:00:00,-71.37595864858054,80.880922,0.668586796767964,0,1343.0515,4,COPDEM30,21.44740198
RGI2000-v7.0-G-03-03768,03,03-03,G288735E80898N,1999-07-31T00:00:00,-71.26471064281114,80.89758850000001,1.790299121886602,0,1274.7734,3,COPDEM30,28.73228838
RGI2000-v7.0-G-03-03769,03,03-03,G288858E80930N,1999-07-31T00:00:00,-71.14221408700209,80.9303635,9.26493826046253,0,1132.1389,3,COPDEM30,52.61370553
RGI2000-v7.0-G-03-03770,03,03-03,G288872E80993N,1999-07-31T00:00:00,-71.11983469521532,80.99401,6.972721384486583,0,1100.7673,1,COPDEM30,46.96827547
RGI2000-v7.0-G-03-03771,03,03-03,G288915E81021N,1999-07-31T00:00:00,-71.08529094371241,81.0213895,10.890701008912497,0,1215.7802,8,COPDEM30,56.20148696
RGI2000-v7.0-G-03-03772,03,03-03,G289075E81021N,1999-07-31T00:00:00,-70.92531084957031,81.020918,10.710581482597863,0,1270.658,4,COPDEM30,55.81783463
RGI2000-v7.0-G-03-03773,03,03-03,G289193E81049N,1999-07-31T00:00:00,-70.8071199242006,81.0489505,14.670769010849016,0,1072.5383,8,COPDEM90,63.62341584
RGI2000-v7.0-G-03-03774,03,03-03,G289331E81040N,1999-07-31T00:00:00,-70.66863621103023,81.0402845,4.399597402599292,0,1184.2798,3,COPDEM30,39.36530420
RGI2000-v7.0-G-03-03775,03,03-03,G289484E81066N,1999-07-31T00:00:00,-70.51565008441227,81.066168,1.105047861272751,0,1215.4365,5,COPDEM30,24.71697594
RGI2000-v7.0-G-03-03776,03,03-03,G289432E81075N,1999-07-31T00:00:00,-70.56783787376216,81.0745655,5.077129577947479,0,1146.6316,8,COPDEM30,41.54548141
RGI2000-v7.0-G-03-03777,03,03-03,G289477E81089N,1999-07-31T00:00:00,-70.52282456818183,81.089147,5.768814263004953,0,1089.8894,8,COPDEM30,43.62569844
RGI2000-v7.0-G-03-03778,03,03-03,G289579E81082N,1999-07-31T00:00:00,-70.42120295977651,81.081533,3.922917901820245,0,1136.5328,3,COPDEM30,37.72890024
RGI2000-v7.0-G-03-03779,03,03-03,G289657E81110N,1999-07-31T00:00:00,-70.34311010063556,81.1098635,4.153093050298125,0,1128.761,8,COPDEM30,38.53079455
RGI2000-v7.0-G-03-03780,03,03-03,G289755E81108N,1999-07-31T00:00:00,-70.24450581007119,81.1078875,5.328671819326545,0,1181.2415,2,COPDEM30,42.31748252
RGI2000-v7.0-G-03-03781,03,03-03,G289900E81145N,1999-07-31T00:00:00,-70.08583574027557,81.14301950000001,1.754575864138031,0,1072.7064,2,COPDEM30,28.54445657
RGI2000-v7.0-G-03-03782,03,03-03,G289893E81214N,1999-07-31T00:00:00,-70.10386900968948,81.21014550000001,7.976941857899279,0,1083.4183,5,COPDEM30,49.54087258
RGI2000-v7.0-G-03-03783,03,03-03,G289818E81231N,1999-07-31T00:00:00,-70.18195071137788,81.2309885,3.569545233608518,0,1053.7699,7,COPDEM30,36.45053621
RGI2000-v7.0-G-03-03784,03,03-03,G289853E81240N,1999-07-31T00:00:00,-70.14725474836675,81.24049249999999,3.86309082367207,0,1135.7395,8,COPDEM30,37.51664590
RGI2000-v7.0-G-03-03785,03,03-03,G289862E81254N,1999-07-31T00:00:00,-70.13772667943988,81.253923,6.169955479256952,0,1071.4767,7,COPDEM30,44.77515311
RGI2000-v7.0-G-03-03786,03,03-03,G289797E81268N,1999-07-31T00:00:00,-70.26968587534581,81.268315,13.46739366664107,0,1078.4498,1,COPDEM90,61.37712680
RGI2000-v7.0-G-03-03787,03,03-03,G290072E81246N,1999-07-31T00:00:00,-69.9283280141338,81.2456075,8.301624801947671,0,1142.614,4,COPDEM30,50.33755646
RGI2000-v7.0-G-03-03788,03,03-03,G290177E81259N,1999-07-31T00:00:00,-69.87879457054152,81.25981250000001,8.635347893954757,0,1091.5085,2,COPDEM30,51.14034744
RGI2000-v7.0-G-03-03789,03,03-03,G290022E81226N,1999-07-31T00:00:00,-69.97803562887108,81.2260115,11.086086820212373,0,1109.4315,4,COPDEM30,56.61408603
RGI2000-v7.0-G-03-03790,03,03-03,G290403E81250N,1999-07-31T00:00:00,-69.59915627795155,81.25026600000001,0.439972670566842,0,936.8693,2,COPDEM30,19.28626100
RGI2000-v7.0-G-03-03791,03,03-03,G290768E81355N,1999-07-31T00:00:00,-69.22987618161437,81.35503,3.348892861296654,0,1054.2462,3,COPDEM30,35.61997269
RGI2000-v7.0-G-03-03792,03,03-03,G291146E81314N,1999-07-31T00:00:00,-68.83505770922035,81.31001950000001,4.295687979625005,0,1013.8481,1,COPDEM30,39.01645816
RGI2000-v7.0-G-03-03793,03,03-03,G291710E81177N,1999-07-31T00:00:00,-68.28632116216463,81.1769385,0.483673098909992,0,1015.04016,8,COPDEM30,19.73652543
RGI2000-v7.0-G-03-03794,03,03-03,G291665E81169N,1999-07-31T00:00:00,-68.30956024219044,81.1687165,3.008065333235308,0,987.57764,8,COPDEM30,34.28128508
RGI2000-v7.0-G-03-03795,03,03-03,G291971E81128N,1999-07-31T00:00:00,-68.01253548251859,81.132601,19.44650740597781,0,1161.8785,4,COPDEM90,71.73747202
RGI2000-v7.0-G-03-03796,03,03-03,G291771E81109N,1999-07-31T00:00:00,-68.22876124102324,81.10862900000001,1.801126127917065,0,1104.9274,2,COPDEM30,28.78884566
RGI2000-v7.0-G-03-03797,03,03-03,G291773E81087N,1999-07-31T00:00:00,-68.18179175040387,81.0865515,7.54748958687023,0,1117.1637,3,COPDEM30,48.46177270
RGI2000-v7.0-G-03-03798,03,03-03,G291773E81069N,1999-07-31T00:00:00,-68.19974524842348,81.0692095,1.919650854312387,0,1042.9866,8,COPDEM30,29.39720515
RGI2000-v7.0-G-03-03799,03,03-03,G291912E81047N,1999-07-31T00:00:00,-68.0662433829992,81.048253,2.858727789048754,0,1039.5413,1,COPDEM30,33.67088183
RGI2000-v7.0-G-03-03800,03,03-03,G292013E81049N,1999-07-31T00:00:00,-67.9885196153465,81.0461925,1.991075346308845,0,930.89606,2,COPDEM30,29.75476570
RGI2000-v7.0-G-03-03801,03,03-03,G292061E81041N,1999-07-31T00:00:00,-67.93923560812624,81.04133300000001,0.108107028280334,0,1083.5077,2,COPDEM30,14.60314866
RGI2000-v7.0-G-03-03802,03,03-03,G292120E81048N,1999-07-31T00:00:00,-67.8801614643237,81.047845,0.087567031922917,0,888.35754,1,COPDEM30,14.14284181
RGI2000-v7.0-G-03-03803,03,03-03,G292068E81072N,1999-07-31T00:00:00,-67.93427663965085,81.07248849999999,0.436621464915045,0,868.1755,4,COPDEM30,19.25082738
RGI2000-v7.0-G-03-03804,03,03-03,G292138E81093N,1999-07-31T00:00:00,-67.85180774945175,81.09146,0.237967880491827,0,998.38196,1,COPDEM30,16.82947323
RGI2000-v7.0-G-03-03805,03,03-03,G292181E81097N,1999-07-31T00:00:00,-67.82120843527107,81.0955455,0.300252073604184,0,934.2042,2,COPDEM30,17.67133668
RGI2000-v7.0-G-03-03806,03,03-03,G292338E81032N,1999-07-31T00:00:00,-67.65399762476189,81.0325265,1.900678625691605,0,978.12006,8,COPDEM30,29.30111423
RGI2000-v7.0-G-03-03807,03,03-03,G292495E81017N,1999-07-31T00:00:00,-67.57486949971326,81.0234805,3.414087195236885,0,887.7518,2,COPDEM30,35.86814818
RGI2000-v7.0-G-03-03808,03,03-03,G292283E81017N,1999-07-31T00:00:00,-67.70985795259594,81.0169465,0.39192218494143,0,959.42395,8,COPDEM30,18.76451643
RGI2000-v7.0-G-03-03809,03,03-03,G292416E80996N,1999-07-31T00:00:00,-67.58397203293434,80.9961485,6.247352152774319,0,843.79895,4,COPDEM30,44.99258524
RGI2000-v7.0-G-03-03810,03,03-03,G292303E80989N,1999-07-31T00:00:00,-67.62492324657643,80.984306,0.242554028773032,0,656.0244,2,COPDEM30,16.89496843
RGI2000-v7.0-G-03-03811,03,03-03,G292604E80980N,1999-07-31T00:00:00,-67.38761724860336,80.98116250000001,0.373646429458277,0,606.26965,1,COPDEM30,18.55772751
RGI2000-v7.0-G-03-03812,03,03-03,G292758E81018N,1999-07-31T00:00:00,-67.24195444507791,81.0180475,0.101071768784748,0,756.98584,2,COPDEM30,14.45085011
RGI2000-v7.0-G-03-03813,03,03-03,G292686E81031N,1999-07-31T00:00:00,-67.3142689966765,81.0312965,0.189105673128013,0,761.9345,1,COPDEM30,16.08807949
RGI2000-v7.0-G-03-03814,03,03-03,G292639E81110N,1999-07-31T00:00:00,-67.29388221804652,81.110877,2.178124301228633,0,1003.70166,1,COPDEM30,30.66185769
RGI2000-v7.0-G-03-03815,03,03-03,G293017E81167N,1999-07-31T00:00:00,-66.97333076017674,81.1675775,0.736385408053092,0,915.3333,1,COPDEM30,22.01380622
RGI2000-v7.0-G-03-03816,03,03-03,G293414E81210N,1999-07-31T00:00:00,-66.57327323741856,81.210016,0.759770723444964,0,780.2231,2,COPDEM30,22.20307592
RGI2000-v7.0-G-03-03817,03,03-03,G293370E81230N,1999-07-31T00:00:00,-66.62237001423,81.2292315,0.769561743141895,0,806.5541,1,COPDEM30,22.28145356
RGI2000-v7.0-G-03-03818,03,03-03,G292617E81249N,1999-07-31T00:00:00,-67.38254436808873,81.249093,0.135716309511384,0,1029.5005,2,COPDEM30,15.15755724
RGI2000-v7.0-G-03-03819,03,03-03,G292601E81254N,1999-07-31T00:00:00,-67.39902658190442,81.254221,0.141206371011989,0,1102.4905,3,COPDEM30,15.26084107
RGI2000-v7.0-G-03-03820,03,03-03,G292528E81250N,1999-07-31T00:00:00,-67.48013471806304,81.2504295,2.928813574743968,0,1040.618,2,COPDEM30,33.95928757
RGI2000-v7.0-G-03-03821,03,03-03,G292540E81232N,1999-07-31T00:00:00,-67.45979209338543,81.2335405,0.88713785401468,0,1082.0125,3,COPDEM30,23.18631940
RGI2000-v7.0-G-03-03822,03,03-03,G292419E81239N,1999-07-31T00:00:00,-67.55442656098552,81.23703,10.007896657880615,0,1103.5691,1,COPDEM30,54.28936379
RGI2000-v7.0-G-03-03823,03,03-03,G292415E81197N,1999-07-31T00:00:00,-67.52911714667655,81.2074155,3.444120597467792,0,1319.6482,3,COPDEM30,35.98167887
RGI2000-v7.0-G-03-03824,03,03-03,G291889E81183N,1999-07-31T00:00:00,-67.69115488476888,81.2081325,80.22774848865888,0,1096.78,1,COPDEM90,100.00000000
RGI2000-v7.0-G-03-03825,03,03-03,G292382E81183N,1999-07-31T00:00:00,-67.63112574756701,81.184226,3.012068466605941,0,1158.7072,4,COPDEM30,34.29743648
RGI2000-v7.0-G-03-03826,03,03-03,G292319E81169N,1999-07-31T00:00:00,-67.74232326456979,81.162761,11.088912821060926,0,1171.8923,4,COPDEM30,56.62002695
RGI2000-v7.0-G-03-03827,03,03-03,G292034E81220N,1999-07-31T00:00:00,-67.95939382243981,81.219368,0.452905773251494,0,1008.2106,1,COPDEM30,19.42175841
RGI2000-v7.0-G-03-03828,03,03-03,G292438E81268N,1999-07-31T00:00:00,-67.55426599428388,81.268197,0.108562365470982,0,894.19714,1,COPDEM30,14.61283250
RGI2000-v7.0-G-03-03829,03,03-03,G291303E81139N,1999-07-31T00:00:00,-68.69517392355002,81.1399255,0.780891039963253,0,1020.4577,1,COPDEM30,22.37152553
RGI2000-v7.0-G-03-03830,03,03-03,G291207E81129N,1999-07-31T00:00:00,-68.78445622999283,81.1301085,8.6190135035897,0,1091.1272,1,COPDEM30,51.10141904
RGI2000-v7.0-G-03-03831,03,03-03,G291116E81140N,1999-07-31T00:00:00,-68.87979373220779,81.1412445,0.568847139185033,0,1013.8196,1,COPDEM30,20.55907379
RGI2000-v7.0-G-03-03832,03,03-03,G291610E81109N,1999-07-31T00:00:00,-68.5802132483607,81.1160005,57.650988582236195,0,1152.9127,8,COPDEM90,100.00000000
RGI2000-v7.0-G-03-03833,03,03-03,G291367E81077N,1999-07-31T00:00:00,-68.55903090492139,81.082763,3.546900406519832,0,1103.3851,7,COPDEM30,36.36650299
RGI2000-v7.0-G-03-03834,03,03-03,G291444E81067N,1999-07-31T00:00:00,-68.56041738636364,81.0645615,2.760594044338372,0,1079.8391,7,COPDEM30,33.26104969
RGI2000-v7.0-G-03-03835,03,03-03,G291579E81050N,1999-07-31T00:00:00,-68.41687656474218,81.050543,0.655946380069771,0,988.89044,7,COPDEM30,21.33867234
RGI2000-v7.0-G-03-03836,03,03-03,G291753E81027N,1999-07-31T00:00:00,-68.25209710523413,81.029744,2.269580280966597,0,1152.2751,7,COPDEM30,31.09117671
RGI2000-v7.0-G-03-03837,03,03-03,G291729E81017N,1999-07-31T00:00:00,-68.2714470237697,81.0168315,0.561013982450258,0,1044.2585,6,COPDEM30,20.48612133
RGI2000-v7.0-G-03-03838,03,03-03,G291871E81006N,1999-07-31T00:00:00,-68.18534765460402,81.02009799999999,7.961818385650938,0,1182.7614,4,COPDEM30,49.50337205
RGI2000-v7.0-G-03-03839,03,03-03,G291796E80999N,1999-07-31T00:00:00,-68.204394444787,80.99852849999999,0.302974131895031,0,1042.1948,8,COPDEM30,17.70603204
RGI2000-v7.0-G-03-03840,03,03-03,G291970E81024N,1999-07-31T00:00:00,-68.04479912507503,81.02076199999999,6.51506222344847,0,970.52234,4,COPDEM30,45.73446790
RGI2000-v7.0-G-03-03841,03,03-03,G291411E80995N,1999-07-31T00:00:00,-68.59250903745632,80.9950785,0.232442646058994,0,1008.0647,1,COPDEM30,16.74972286
RGI2000-v7.0-G-03-03842,03,03-03,G291041E81000N,1999-07-31T00:00:00,-68.95924864829823,80.999691,0.237200574461051,0,1009.18335,2,COPDEM30,16.81845383
RGI2000-v7.0-G-03-03843,03,03-03,G290924E81004N,1999-07-31T00:00:00,-69.08380590954744,81.0037505,2.141666631441736,0,1075.7429,1,COPDEM30,30.48820782
RGI2000-v7.0-G-03-03844,03,03-03,G290829E80997N,1999-07-31T00:00:00,-69.17227726976311,80.998621,0.907094819223994,0,1193.2933,5,COPDEM30,23.33381358
RGI2000-v7.0-G-03-03845,03,03-03,G290698E81006N,1999-07-31T00:00:00,-69.28377782326969,81.006654,7.358126858161105,0,1117.2881,8,COPDEM30,47.97621445
RGI2000-v7.0-G-03-03846,03,03-03,G290715E80984N,1999-07-31T00:00:00,-69.2978428567026,80.986446,3.512338857640572,0,1101.7986,4,COPDEM30,36.23772887
RGI2000-v7.0-G-03-03847,03,03-03,G290634E80966N,1999-07-31T00:00:00,-69.37808595941556,80.96812750000001,1.437302944279087,0,1246.7539,5,COPDEM30,26.78425980
RGI2000-v7.0-G-03-03848,03,03-03,G290461E80983N,1999-07-31T00:00:00,-69.5356150831777,80.96852899999999,6.36385532708172,0,1240.4797,3,COPDEM30,45.31735613
RGI2000-v7.0-G-03-03849,03,03-03,G290468E80953N,1999-07-31T00:00:00,-69.56731578926997,80.95330200000001,4.987905902124492,0,1303.2507,4,COPDEM30,41.26706825
RGI2000-v7.0-G-03-03850,03,03-03,G290460E80982N,1999-07-31T00:00:00,-69.5208471161215,80.9924145,22.04206770881689,0,1098.4297,1,COPDEM90,75.72857271
RGI2000-v7.0-G-03-03851,03,03-03,G290344E81011N,1999-07-31T00:00:00,-69.65516048369324,81.010017,1.599939032777774,0,1094.4285,3,COPDEM30,27.70841750
RGI2000-v7.0-G-03-03852,03,03-03,G290232E81020N,1999-07-31T00:00:00,-69.7684265486316,81.02049650000001,2.933775544523293,0,1159.8735,2,COPDEM30,33.97957478
RGI2000-v7.0-G-03-03853,03,03-03,G290264E81026N,1999-07-31T00:00:00,-69.73600369914033,81.02630049999999,2.899658188181024,0,978.07733,1,COPDEM30,33.83973584
RGI2000-v7.0-G-03-03854,03,03-03,G290339E81038N,1999-07-31T00:00:00,-69.65798539039967,81.039942,8.106434695359725,0,1197.2728,7,COPDEM30,49.86052183
RGI2000-v7.0-G-03-03855,03,03-03,G290440E81041N,1999-07-31T00:00:00,-69.55622885414091,81.039179,2.913852421066911,0,1326.1305,3,COPDEM30,33.89801403
RGI2000-v7.0-G-03-03856,03,03-03,G290436E81059N,1999-07-31T00:00:00,-69.55271233936517,81.0654925,2.099439867001103,0,1218.7668,3,COPDEM30,30.28522156
RGI2000-v7.0-G-03-03857,03,03-03,G290421E81078N,1999-07-31T00:00:00,-69.62487731990734,81.0663375,3.220176864630268,0,1150.5508,8,COPDEM30,35.12279175
RGI2000-v7.0-G-03-03858,03,03-03,G290675E81054N,1999-07-31T00:00:00,-69.31778394563011,81.0594425,4.559087089899777,0,1258.1118,2,COPDEM30,39.89282639
RGI2000-v7.0-G-03-03859,03,03-03,G290788E81036N,1999-07-31T00:00:00,-69.20468567843514,81.0445495,17.809048262590824,0,1125.952,8,COPDEM90,69.08107531
RGI2000-v7.0-G-03-03860,03,03-03,G290923E81031N,1999-07-31T00:00:00,-69.09188802041362,81.03368900000001,6.362416630680105,0,1111.6205,2,COPDEM30,45.31336375
RGI2000-v7.0-G-03-03861,03,03-03,G290855E81072N,1999-07-31T00:00:00,-69.15624611778466,81.0735765,2.550523056347182,0,1095.6245,2,COPDEM30,32.35849993
RGI2000-v7.0-G-03-03862,03,03-03,G291254E81092N,1999-07-31T00:00:00,-68.74233190421933,81.087053,11.502765150733202,0,1073.8987,7,COPDEM30,57.48201733
RGI2000-v7.0-G-03-03863,03,03-03,G291327E80921N,1999-07-31T00:00:00,-68.66298521094917,80.9196005,0.519914000832412,0,861.66797,1,COPDEM30,20.09470872
RGI2000-v7.0-G-03-03864,03,03-03,G291298E80905N,1999-07-31T00:00:00,-68.69883196998283,80.905029,0.868000976448887,0,995.4274,3,COPDEM30,23.04331980
RGI2000-v7.0-G-03-03865,03,03-03,G291220E80904N,1999-07-31T00:00:00,-68.77951739242496,80.90378749999999,2.04300877740603,0,939.09534,7,COPDEM30,30.01074013
RGI2000-v7.0-G-03-03866,03,03-03,G291040E80908N,1999-07-31T00:00:00,-68.83047648527395,80.915515,5.360705147503695,0,1106.9352,1,COPDEM30,42.41447530
RGI2000-v7.0-G-03-03867,03,03-03,G291053E80920N,1999-07-31T00:00:00,-68.95315955407139,80.9199715,0.949740814785553,0,1072.2539,1,COPDEM30,23.64365053
RGI2000-v7.0-G-03-03868,03,03-03,G291045E80894N,1999-07-31T00:00:00,-68.94651181484667,80.8933405,1.057929521736378,0,1300.3729,3,COPDEM30,24.39979813
RGI2000-v7.0-G-03-03869,03,03-03,G291014E80882N,1999-07-31T00:00:00,-69.03765440682449,80.8816175,5.627239892449004,0,1228.1641,2,COPDEM30,43.21052572
RGI2000-v7.0-G-03-03870,03,03-03,G290799E80877N,1999-07-31T00:00:00,-69.22404037321165,80.878705,4.230820971620972,0,1081.1812,8,COPDEM30,38.79654338
RGI2000-v7.0-G-03-03871,03,03-03,G290784E80892N,1999-07-31T00:00:00,-69.21593972801497,80.891868,0.465539062789352,0,1146.0226,8,COPDEM30,19.55225923
RGI2000-v7.0-G-03-03872,03,03-03,G290741E80910N,1999-07-31T00:00:00,-69.25913879552513,80.9095725,0.411039397353401,0,1078.729,1,COPDEM30,18.97572960
RGI2000-v7.0-G-03-03873,03,03-03,G290830E80924N,1999-07-31T00:00:00,-69.16955297549023,80.923656,0.22075531067286,0,1142.0723,1,COPDEM30,16.57784470
RGI2000-v7.0-G-03-03874,03,03-03,G290907E80894N,1999-07-31T00:00:00,-69.1207893969318,80.9128905,13.504557118156233,0,1077.6697,1,COPDEM90,61.44796590
RGI2000-v7.0-G-03-03875,03,03-03,G290585E80889N,1999-07-31T00:00:00,-69.41401749593966,80.889486,0.475611405722673,0,1086.4409,1,COPDEM30,19.65504197
RGI2000-v7.0-G-03-03876,03,03-03,G290676E80864N,1999-07-31T00:00:00,-69.33317919030242,80.868096,5.82169224490328,0,1203.1108,2,COPDEM30,43.77945648
RGI2000-v7.0-G-03-03877,03,03-03,G290742E80869N,1999-07-31T00:00:00,-69.22654367788087,80.8602445,2.434063322330394,0,1126.0574,3,COPDEM30,31.84207891
RGI2000-v7.0-G-03-03878,03,03-03,G290495E80861N,1999-07-31T00:00:00,-69.51085030658732,80.8614555,5.08719705698295,0,1079.0288,2,COPDEM30,41.57674181
RGI2000-v7.0-G-03-03879,03,03-03,G290390E80868N,1999-07-31T00:00:00,-69.60972248804109,80.868089,0.491624474295928,0,1197.0356,1,COPDEM30,19.81623130
RGI2000-v7.0-G-03-03880,03,03-03,G289973E80855N,1999-07-31T00:00:00,-69.9233067421219,80.880589,90.52341863137335,0,1213.0673,1,COPDEM90,100.00000000
RGI2000-v7.0-G-03-03881,03,03-03,G290169E80905N,1999-07-31T00:00:00,-69.7923211363834,80.9186485,13.817807577669251,0,1209.3237,4,COPDEM90,62.04123639
RGI2000-v7.0-G-03-03882,03,03-03,G290217E80979N,1999-07-31T00:00:00,-69.83711258621048,80.983112,27.41793154270168,0,1154.9371,1,COPDEM90,83.30698863
RGI2000-v7.0-G-03-03883,03,03-03,G290062E80989N,1999-07-31T00:00:00,-69.93763925850647,80.9885085,1.623229027771332,0,1104.0247,1,COPDEM30,27.83684079
RGI2000-v7.0-G-03-03884,03,03-03,G289990E80995N,1999-07-31T00:00:00,-70.01012756332902,80.995135,0.384644775272909,0,1162.0977,2,COPDEM30,18.68276315
RGI2000-v7.0-G-03-03885,03,03-03,G290099E81007N,1999-07-31T00:00:00,-69.90114568841747,81.0073895,1.137354009250381,0,1216.9192,2,COPDEM30,24.93055209
RGI2000-v7.0-G-03-03886,03,03-03,G289841E81020N,1999-07-31T00:00:00,-70.15895141312362,81.020077,4.526341988664541,0,1198.3431,8,COPDEM30,39.78528210
RGI2000-v7.0-G-03-03887,03,03-03,G289734E80989N,1999-07-31T00:00:00,-70.26607682231369,80.9889885,3.346697323457394,0,1256.8743,7,COPDEM30,35.61157308
RGI2000-v7.0-G-03-03888,03,03-03,G289672E80990N,1999-07-31T00:00:00,-70.32806278766233,80.98952299999999,3.854230808059944,0,1093.0085,8,COPDEM30,37.48507301
RGI2000-v7.0-G-03-03889,03,03-03,G289520E80958N,1999-07-31T00:00:00,-70.48017916836724,80.95767699999999,1.850998215818485,0,1217.2991,3,COPDEM30,29.04719534
RGI2000-v7.0-G-03-03890,03,03-03,G289495E80959N,1999-07-31T00:00:00,-70.50526529548632,80.95914250000001,2.888621729495401,0,1175.4823,1,COPDEM30,33.79432409
RGI2000-v7.0-G-03-03891,03,03-03,G289504E80943N,1999-07-31T00:00:00,-70.49601544304775,80.94309999999999,0.166395246354916,0,1064.0735,2,COPDEM30,15.71082028
RGI2000-v7.0-G-03-03892,03,03-03,G289358E80942N,1999-07-31T00:00:00,-70.64152656017568,80.941576,0.918027867986543,0,1289.8258,5,COPDEM30,23.41392792
RGI2000-v7.0-G-03-03893,03,03-03,G289354E80949N,1999-07-31T00:00:00,-70.64598915400734,80.9489585,1.420103564995895,0,1256.8215,8,COPDEM30,26.68353376
RGI2000-v7.0-G-03-03894,03,03-03,G289398E80901N,1999-07-31T00:00:00,-70.59928836843955,80.898771,1.198102484533776,0,1164.2218,1,COPDEM30,25.32410151
RGI2000-v7.0-G-03-03895,03,03-03,G289254E80883N,1999-07-31T00:00:00,-70.75004398138529,80.882318,0.585741187766265,0,1224.9724,2,COPDEM30,20.71472225
RGI2000-v7.0-G-03-03896,03,03-03,G289359E80862N,1999-07-31T00:00:00,-70.64085948995427,80.8624035,16.24903186152312,0,1117.0305,1,COPDEM90,66.43412305
RGI2000-v7.0-G-03-03897,03,03-03,G289133E80842N,1999-07-31T00:00:00,-70.86740432533114,80.84202450000001,2.701014363466217,0,1104.5732,8,COPDEM30,33.00866826
RGI2000-v7.0-G-03-03898,03,03-03,G289100E80835N,1999-07-31T00:00:00,-70.89972616359563,80.8348185,0.424135891908943,0,1202.4215,8,COPDEM30,19.11760028
RGI2000-v7.0-G-03-03899,03,03-03,G289320E80775N,1999-07-21T00:00:00,-70.66753942714229,80.765406,210.74659190503078,0,1259.6221,8,COPDEM90,100.00000000
RGI2000-v7.0-G-03-03900,03,03-03,G288938E80758N,1999-07-21T00:00:00,-71.04247931411689,80.7580995,10.908038120176121,0,1183.0103,8,COPDEM30,56.23824685
RGI2000-v7.0-G-03-03901,03,03-03,G288578E80712N,1999-07-21T00:00:00,-71.42256840527844,80.714351,7.059320633181562,0,1173.2633,8,COPDEM30,47.19713489
RGI2000-v7.0-G-03-03902,03,03-03,G288502E80644N,1999-07-21T00:00:00,-71.50503821698435,80.64310449999999,1.24561891076206,0,1186.9363,7,COPDEM30,25.62502181
RGI2000-v7.0-G-03-03903,03,03-03,G288634E80643N,1999-07-21T00:00:00,-71.37912979586329,80.64011049999999,16.356146852836787,0,1202.4573,6,COPDEM90,66.61982677
RGI2000-v7.0-G-03-03904,03,03-03,G288981E80653N,1999-07-21T00:00:00,-71.05674924115453,80.6590965,91.36117580178667,0,1221.3235,6,COPDEM90,100.00000000
RGI2000-v7.0-G-03-03905,03,03-03,G289186E80587N,1999-07-21T00:00:00,-70.82233184333957,80.58704,0.349556983583617,0,1334.7463,2,COPDEM30,18.27726820
RGI2000-v7.0-G-03-03906,03,03-03,G289256E80583N,1999-07-21T00:00:00,-70.75470348904435,80.584356,1.039815429355026,0,1110.4407,1,COPDEM30,24.27598768
RGI2000-v7.0-G-03-03907,03,03-03,G289207E80574N,1999-07-21T00:00:00,-70.79257378987711,80.57397399999999,0.155055254430462,0,1110.1605,8,COPDEM30,15.51278785
RGI2000-v7.0-G-03-03908,03,03-03,G289262E80572N,1999-07-21T00:00:00,-70.73761039646425,80.57180500000001,0.083456740775484,0,1048.9559,3,COPDEM30,14.04444325
RGI2000-v7.0-G-03-03909,03,03-03,G289618E80563N,1999-07-31T00:00:00,-70.38220008639095,80.56312700000001,0.355042123351509,0,1295.4526,7,COPDEM30,18.34195757
RGI2000-v7.0-G-03-03910,03,03-03,G289662E80579N,1999-07-31T00:00:00,-70.33833339162484,80.579129,10.021437399440023,0,1149.6675,8,COPDEM30,54.31931554
RGI2000-v7.0-G-03-03911,03,03-03,G289681E80545N,1999-07-31T00:00:00,-70.31848505360986,80.54361499999999,14.181235359243367,0,1186.0195,8,COPDEM90,62.72117345
RGI2000-v7.0-G-03-03912,03,03-03,G289862E80528N,1999-07-31T00:00:00,-70.1511167745098,80.5258545,2.839605770925984,0,1096.1453,6,COPDEM30,33.59158178
RGI2000-v7.0-G-03-03913,03,03-03,G290100E80521N,1999-07-31T00:00:00,-69.90012964075714,80.520804,0.785113955977556,0,960.27405,5,COPDEM30,22.40493190
RGI2000-v7.0-G-03-03914,03,03-03,G290226E80524N,1999-07-31T00:00:00,-69.77567635684447,80.5243445,0.578876449382518,0,857.9159,1,COPDEM30,20.65175028
RGI2000-v7.0-G-03-03915,03,03-03,G290348E80534N,1999-07-31T00:00:00,-69.66561951562502,80.53501349999999,0.779925288476046,0,979.9314,2,COPDEM30,22.36387304
RGI2000-v7.0-G-03-03916,03,03-03,G290348E80516N,1999-07-31T00:00:00,-69.65171303644067,80.516361,2.758688645928333,0,977.5651,1,COPDEM30,33.25302076
RGI2000-v7.0-G-03-03917,03,03-03,G290406E80514N,1999-07-31T00:00:00,-69.59371240350876,80.513571,0.164106722394611,0,1102.4152,3,COPDEM30,15.67141231
RGI2000-v7.0-G-03-03918,03,03-03,G290420E80504N,1999-07-31T00:00:00,-69.57994162879454,80.5042535,1.836624774971636,0,882.9728,2,COPDEM30,28.97309822
RGI2000-v7.0-G-03-03919,03,03-03,G290487E80489N,1999-07-31T00:00:00,-69.50419507356617,80.4892095,0.913378213888421,0,957.24164,1,COPDEM30,23.37991517
RGI2000-v7.0-G-03-03920,03,03-03,G290554E80482N,1999-07-31T00:00:00,-69.46112566084605,80.48097899999999,1.129067794987519,0,1018.9785,2,COPDEM30,24.87606426
RGI2000-v7.0-G-03-03921,03,03-03,G290595E80502N,1999-07-31T00:00:00,-69.40501161024847,80.502498,0.237785595130347,0,1084.8324,8,COPDEM30,16.82685701
RGI2000-v7.0-G-03-03922,03,03-03,G290630E80509N,1999-07-31T00:00:00,-69.3630512933651,80.5080085,0.469841092439196,0,1033.7683,1,COPDEM30,19.59629377
RGI2000-v7.0-G-03-03923,03,03-03,G290684E80499N,1999-07-31T00:00:00,-69.31630189555257,80.49885649999999,0.105151306066795,0,895.22406,1,COPDEM30,14.53978590
RGI2000-v7.0-G-03-03924,03,03-03,G290547E80516N,1999-07-31T00:00:00,-69.45254898203234,80.5155965,0.187868207446263,0,555.5681,1,COPDEM30,16.06812728
RGI2000-v7.0-G-03-03925,03,03-03,G290466E80525N,1999-07-31T00:00:00,-69.5337783349112,80.524553,0.231785216232634,0,1005.044,2,COPDEM30,16.74017080
RGI2000-v7.0-G-03-03926,03,03-03,G290474E80537N,1999-07-31T00:00:00,-69.52611031335339,80.53728000000001,0.182420307344683,0,619.723,1,COPDEM30,15.97949665
RGI2000-v7.0-G-03-03927,03,03-03,G290236E80581N,1999-07-31T00:00:00,-69.76203101632738,80.5813855,1.355522956649631,0,1147.6743,3,COPDEM30,26.29976992
RGI2000-v7.0-G-03-03928,03,03-03,G290451E80598N,1999-07-31T00:00:00,-69.54933050272624,80.598742,0.67026502622815,0,1008.0105,1,COPDEM30,21.46176012
RGI2000-v7.0-G-03-03929,03,03-03,G290696E80660N,1999-07-31T00:00:00,-69.29691127571547,80.66116600000001,1.466561073531791,0,1165.9716,8,COPDEM30,26.95423164
RGI2000-v7.0-G-03-03930,03,03-03,G290763E80656N,1999-07-31T00:00:00,-69.2373561254275,80.65567899999999,0.419895809212403,0,1157.3308,1,COPDEM30,19.07191152
RGI2000-v7.0-G-03-03931,03,03-03,G290764E80676N,1999-07-31T00:00:00,-69.24479622697655,80.67609,4.615737881018793,0,1170.217,8,COPDEM30,40.07797574
RGI2000-v7.0-G-03-03932,03,03-03,G290815E80701N,1999-07-31T00:00:00,-69.18858151098668,80.70372449999999,4.618763389442255,0,1127.0688,8,COPDEM30,40.08783183
RGI2000-v7.0-G-03-03933,03,03-03,G290847E80712N,1999-07-31T00:00:00,-69.15306834563798,80.71179699999999,1.345609262842527,0,1120.2327,8,COPDEM30,26.24005590
RGI2000-v7.0-G-03-03934,03,03-03,G290895E80724N,1999-07-31T00:00:00,-69.09964497831484,80.7238655,1.498307746720786,0,1060.6643,1,COPDEM30,27.13675344
RGI2000-v7.0-G-03-03935,03,03-03,G290940E80700N,1999-07-31T00:00:00,-69.05574549997941,80.71551600000001,4.54768461726795,0,1171.6077,2,COPDEM30,39.85542137
RGI2000-v7.0-G-03-03936,03,03-03,G290988E80728N,1999-07-31T00:00:00,-69.01165745512299,80.7283525,0.315250206027071,0,1040.3315,1,COPDEM30,17.86060051
RGI2000-v7.0-G-03-03937,03,03-03,G290794E80736N,1999-07-31T00:00:00,-69.19419153200369,80.734647,0.926143208986805,0,1058.4124,1,COPDEM30,23.47308684
RGI2000-v7.0-G-03-03938,03,03-03,G290900E80694N,1999-07-31T00:00:00,-69.10012040586216,80.6935995,2.756449804025086,0,1315.3604,3,COPDEM30,33.24358323
RGI2000-v7.0-G-03-03939,03,03-03,G291083E80701N,1999-07-31T00:00:00,-68.91689160318455,80.701277,4.353365902392432,0,879.97876,3,COPDEM30,39.21060966
RGI2000-v7.0-G-03-03940,03,03-03,G291254E80713N,1999-07-31T00:00:00,-68.74458446235403,80.7132115,0.359844115217633,0,914.41327,8,COPDEM30,18.39818115
RGI2000-v7.0-G-03-03941,03,03-03,G291098E80668N,1999-07-31T00:00:00,-68.90487823202055,80.668802,0.26989722834983,0,663.0388,1,COPDEM30,17.27322877
RGI2000-v7.0-G-03-03942,03,03-03,G290454E80703N,1999-07-31T00:00:00,-69.54604685711594,80.7026625,1.730607704248644,0,1083.4761,2,COPDEM30,28.41735893
RGI2000-v7.0-G-03-03943,03,03-03,G290364E80699N,1999-07-31T00:00:00,-69.6356031799223,80.70229699999999,7.054146502316964,0,1236.1595,1,COPDEM30,47.18350057
RGI2000-v7.0-G-03-03944,03,03-03,G290275E80692N,1999-07-31T00:00:00,-69.73072150968704,80.69078049999999,3.759544487531343,0,1263.0906,5,COPDEM30,37.14536276
RGI2000-v7.0-G-03-03945,03,03-03,G290303E80723N,1999-07-31T00:00:00,-69.71945602654873,80.7229385,27.809763169311573,0,1335.1007,3,COPDEM90,83.82894812
RGI2000-v7.0-G-03-03946,03,03-03,G290334E80751N,1999-07-31T00:00:00,-69.68869761096636,80.756933,36.29503547980662,0,1250.956,3,COPDEM90,94.34350570
RGI2000-v7.0-G-03-03947,03,03-03,G290413E80785N,1999-07-31T00:00:00,-69.57726548447536,80.78422,7.183801938142024,0,1208.7452,3,COPDEM30,47.52366160
RGI2000-v7.0-G-03-03948,03,03-03,G290170E80794N,1999-07-31T00:00:00,-69.89675997164049,80.800371,119.31111541260859,0,1350.46,2,COPDEM90,100.00000000
RGI2000-v7.0-G-03-03949,03,03-03,G289622E80879N,1999-07-31T00:00:00,-70.30724559134613,80.88311250000001,21.524871461168676,0,1160.1956,8,COPDEM90,74.95286604
RGI2000-v7.0-G-03-03950,03,03-03,G289614E80909N,1999-07-31T00:00:00,-70.39826392298373,80.9121215,3.543343315760661,0,1180.0916,7,COPDEM30,36.35327854
RGI2000-v7.0-G-03-03951,03,03-03,G289644E80921N,1999-07-31T00:00:00,-70.35013997192237,80.921667,2.13201774782245,0,1213.8586,8,COPDEM30,30.44200280
RGI2000-v7.0-G-03-03952,03,03-03,G289640E80945N,1999-07-31T00:00:00,-70.25677572093218,80.9268685,26.614417712251225,0,1230.9545,8,COPDEM90,82.22482864
RGI2000-v7.0-G-03-03953,03,03-03,G289934E80936N,1999-07-31T00:00:00,-70.07767109156441,80.9744775,46.70498516583231,0,1193.6151,2,COPDEM90,100.00000000
RGI2000-v7.0-G-03-03954,03,03-03,G289071E81071N,1999-07-31T00:00:00,-70.92940777362796,81.0705605,4.014825146082734,0,1160.0653,4,COPDEM30,38.05184002
RGI2000-v7.0-G-03-03955,03,03-03,G289101E81084N,1999-07-31T00:00:00,-70.89932809200869,81.0840925,8.569680238199147,0,1099.1016,2,COPDEM30,50.98362266
RGI2000-v7.0-G-03-03956,03,03-03,G289111E81110N,1999-07-31T00:00:00,-70.88883323339991,81.10997649999999,11.844956964004764,0,1111.134,2,COPDEM30,58.18310456
RGI2000-v7.0-G-03-03957,03,03-03,G289049E81135N,1999-07-31T00:00:00,-70.95052385311232,81.13479000000001,5.833283573120984,0,1077.6973,3,COPDEM30,43.81306819
RGI2000-v7.0-G-03-03958,03,03-03,G288957E81155N,1999-07-31T00:00:00,-71.04294905614572,81.154539,8.794466110621633,0,1106.7515,8,COPDEM30,51.51765116
RGI2000-v7.0-G-03-03959,03,03-03,G289102E81159N,1999-07-31T00:00:00,-70.89837006682987,81.158698,4.596663878471923,0,1087.9275,4,COPDEM30,40.01576453
RGI2000-v7.0-G-03-03960,03,03-03,G289137E81175N,1999-07-31T00:00:00,-70.86278532618019,81.17486550000001,2.044196280885969,0,1031.6682,3,COPDEM30,30.01655492
RGI2000-v7.0-G-03-03961,03,03-03,G289457E81172N,1999-07-31T00:00:00,-70.53827845360101,81.17287400000001,1.112738725583142,0,1051.0154,2,COPDEM30,24.76810043
RGI2000-v7.0-G-03-03962,03,03-03,G289383E81142N,1999-07-31T00:00:00,-70.61494650615764,81.141661,0.506354252453347,0,965.3882,2,COPDEM30,19.96220023
RGI2000-v7.0-G-03-03963,03,03-03,G288895E81112N,1999-07-31T00:00:00,-71.10531937254771,81.1119075,7.094185375285356,0,1101.208,8,COPDEM30,47.28887681
RGI2000-v7.0-G-03-03964,03,03-03,G288893E81075N,1999-07-31T00:00:00,-71.12911160329341,81.07374300000001,9.38130721093449,0,1117.3988,8,COPDEM30,52.88048756
RGI2000-v7.0-G-03-03965,03,03-03,G288960E81061N,1999-07-31T00:00:00,-71.04025066532697,81.061218,5.497291006578972,0,1192.7278,4,COPDEM30,42.82482349
RGI2000-v7.0-G-03-03966,03,03-03,G288154E81123N,1999-07-31T00:00:00,-71.82584498089136,81.123743,7.243034161469319,0,1077.165,8,COPDEM30,47.67803997
RGI2000-v7.0-G-03-03967,03,03-03,G287270E81090N,1999-07-31T00:00:00,-72.73002836577461,81.08993050000001,107.79295005662057,0,967.4675,2,COPDEM90,100.00000000
RGI2000-v7.0-G-03-03968,03,03-03,G286812E81088N,1999-07-31T00:00:00,-73.10239125471016,81.08784750000001,38.76119924220291,0,999.3036,1,COPDEM90,97.16188990
RGI2000-v7.0-G-03-03969,03,03-03,G287294E81020N,1999-07-31T00:00:00,-72.71283348634817,81.01716099999999,21.61932404193492,0,1080.3546,2,COPDEM90,75.09521881
RGI2000-v7.0-G-03-03970,03,03-03,G288649E80838N,1999-07-31T00:00:00,-72.03243450361694,80.818602,268.2193738617658,0,1426.7893,2,COPDEM90,100.00000000
RGI2000-v7.0-G-03-03971,03,03-03,G288033E80756N,1999-07-31T00:00:00,-71.66700386895154,80.7776345,51.21682444665761,0,1239.4453,4,COPDEM90,100.00000000
RGI2000-v7.0-G-03-03972,03,03-03,G287847E80679N,1999-07-21T00:00:00,-72.1626499651895,80.6788645,15.876556821235594,0,1159.0555,2,COPDEM90,65.78355615
RGI2000-v7.0-G-03-03973,03,03-03,G287628E80586N,1999-07-21T00:00:00,-72.6419572267897,80.562589,393.76805421866817,0,1329.6627,1,COPDEM90,100.00000000
RGI2000-v7.0-G-03-03974,03,03-03,G287781E80651N,1999-07-31T00:00:00,-73.07002332881163,80.61603,492.99151753941027,0,1465.386,4,COPDEM90,100.00000000
RGI2000-v7.0-G-03-03975,03,03-03,G286736E80445N,1999-07-21T00:00:00,-73.2644803006058,80.44528,0.669548396173743,0,1190.5911,2,COPDEM30,21.45563118
RGI2000-v7.0-G-03-03976,03,03-03,G285708E80396N,1999-07-21T00:00:00,-74.2919840315741,80.39564899999999,802.0692823423936,0,1477.6621,2,COPDEM90,100.00000000
RGI2000-v7.0-G-03-03977,03,03-03,G283470E80355N,1999-07-31T00:00:00,-76.02161645327186,80.340338,1551.307850559795,0,1410.8772,8,COPDEM90,100.00000000
RGI2000-v7.0-G-03-03978,03,03-03,G282200E80598N,1999-07-31T00:00:00,-77.73249541321118,80.607855,3.332164737544647,0,903.6594,1,COPDEM30,35.55590516
RGI2000-v7.0-G-03-03979,03,03-03,G284220E80905N,1999-07-31T00:00:00,-75.77961126695362,80.90332599999999,0.795383858472024,0,847.44727,8,COPDEM30,22.48580139
RGI2000-v7.0-G-03-03980,03,03-03,G287709E80374N,1999-07-21T00:00:00,-72.18699647810597,80.384125,268.61294606870865,0,1220.779,5,COPDEM90,100.00000000
RGI2000-v7.0-G-03-03981,03,03-03,G288270E80312N,1999-07-21T00:00:00,-71.72995151216618,80.311726,0.288244691087899,0,1041.1357,7,COPDEM30,17.51637941
RGI2000-v7.0-G-03-03982,03,03-03,G288360E80320N,1999-07-21T00:00:00,-71.6398207766949,80.3199855,0.085916295264052,0,1026.5815,1,COPDEM30,14.10360742
RGI2000-v7.0-G-03-03983,03,03-03,G288449E80324N,1999-07-21T00:00:00,-71.55101751432744,80.323525,0.105819926663406,0,988.44794,3,COPDEM30,14.55419649
RGI2000-v7.0-G-03-03984,03,03-03,G288882E80343N,1999-07-21T00:00:00,-71.11813093210324,80.34301049999999,0.087582060363157,0,1029.9258,1,COPDEM30,14.14319730
RGI2000-v7.0-G-03-03985,03,03-03,G288838E80366N,1999-07-21T00:00:00,-71.15897753042857,80.3659155,1.101011416373837,0,994.7504,2,COPDEM30,24.69007276
RGI2000-v7.0-G-03-03986,03,03-03,G288875E80391N,1999-07-21T00:00:00,-71.08046548365763,80.3884515,13.137075541790315,0,1122.1646,6,COPDEM90,60.74314541
RGI2000-v7.0-G-03-03987,03,03-03,G288956E80406N,1999-07-21T00:00:00,-71.04014086153468,80.4065205,0.566156211892304,0,1233.5537,5,COPDEM30,20.53406937
RGI2000-v7.0-G-03-03988,03,03-03,G289004E80416N,1999-07-21T00:00:00,-71.04745495608,80.412162,7.861187708667353,0,1056.2493,3,COPDEM30,49.25293353
RGI2000-v7.0-G-03-03989,03,03-03,G288874E80415N,1999-07-21T00:00:00,-71.1259659939759,80.414639,0.220128042015117,0,1429.5483,5,COPDEM30,16.56849269
RGI2000-v7.0-G-03-03990,03,03-03,G288724E80427N,1999-07-21T00:00:00,-71.27590546951174,80.42727199999999,0.176254575026451,0,1245.3999,7,COPDEM30,15.87757575
RGI2000-v7.0-G-03-03991,03,03-03,G288709E80436N,1999-07-21T00:00:00,-71.29149120383664,80.4359255,0.185665041447053,0,1188.9528,7,COPDEM30,16.03244131
RGI2000-v7.0-G-03-03992,03,03-03,G288727E80480N,1999-07-21T00:00:00,-71.1243972254851,80.46775450000001,73.6934620358532,0,1182.6038,2,COPDEM90,100.00000000
RGI2000-v7.0-G-03-03993,03,03-03,G288995E80497N,1999-07-21T00:00:00,-71.00502656411244,80.497208,0.17989667212089,0,1254.6118,8,COPDEM30,15.93799189
RGI2000-v7.0-G-03-03994,03,03-03,G289048E80510N,1999-07-21T00:00:00,-70.96742844935733,80.509455,4.381002310683993,0,1085.9263,2,COPDEM30,39.30318162
RGI2000-v7.0-G-03-03995,03,03-03,G288944E80520N,1999-07-21T00:00:00,-71.05599759126036,80.520334,0.151724171952611,0,1502.3567,8,COPDEM30,15.45325020
RGI2000-v7.0-G-03-03996,03,03-03,G288946E80529N,1999-07-21T00:00:00,-71.05798845539029,80.529889,1.235705812055071,0,1140.2032,1,COPDEM30,25.56272274
RGI2000-v7.0-G-03-03997,03,03-03,G288798E80539N,1999-07-21T00:00:00,-71.17280446566195,80.5411265,4.900740657910765,0,1107.477,1,COPDEM30,40.99266315
RGI2000-v7.0-G-03-03998,03,03-03,G288797E80515N,1999-07-21T00:00:00,-71.20331869771466,80.515444,0.182939733803228,0,1330.4412,2,COPDEM30,15.98800366
RGI2000-v7.0-G-03-03999,03,03-03,G288277E80465N,1999-07-21T00:00:00,-71.7293177556214,80.47169600000001,185.19539625824433,0,1251.3843,2,COPDEM90,100.00000000
RGI2000-v7.0-G-03-04000,03,03-03,G289173E80425N,1999-07-21T00:00:00,-70.8266034885512,80.4251975,0.077854376616654,0,1077.947,2,COPDEM30,13.90633560
RGI2000-v7.0-G-03-04001,03,03-03,G289201E80413N,1999-07-21T00:00:00,-70.79949157419856,80.413049,0.16786211604297,0,984.12885,2,COPDEM30,15.73593713
RGI2000-v7.0-G-03-04002,03,03-03,G289345E80464N,1999-07-21T00:00:00,-70.63904961062046,80.465527,2.229329223303238,0,1143.8859,1,COPDEM30,30.90331380
RGI2000-v7.0-G-03-04003,03,03-03,G290193E80430N,1999-07-31T00:00:00,-69.81347200408145,80.430361,0.419331616943434,0,986.8905,1,COPDEM30,19.06581474
RGI2000-v7.0-G-03-04004,03,03-03,G290309E80432N,1999-07-31T00:00:00,-69.68460873903973,80.4300695,4.688000407342582,0,1099.4949,2,COPDEM30,40.31250699
RGI2000-v7.0-G-03-04005,03,03-03,G290235E80411N,1999-07-31T00:00:00,-69.7257887181548,80.4106145,2.779093714541838,0,1064.6277,1,COPDEM30,33.33885961
RGI2000-v7.0-G-03-04006,03,03-03,G290171E80396N,1999-07-31T00:00:00,-69.82261667571609,80.397188,0.756327531716249,0,1105.8792,8,COPDEM30,22.17539306
RGI2000-v7.0-G-03-04007,03,03-03,G290142E80386N,1999-07-31T00:00:00,-69.85425502052632,80.38641849999999,0.501823451516911,0,1020.6677,8,COPDEM30,19.91752976
RGI2000-v7.0-G-03-04008,03,03-03,G290127E80374N,1999-07-31T00:00:00,-69.86822519737173,80.3746395,0.426793105881549,0,945.4286,8,COPDEM30,19.14611659
RGI2000-v7.0-G-03-04009,03,03-03,G290215E80380N,1999-07-31T00:00:00,-69.78500241331176,80.38046299999999,0.206433385745288,0,895.1094,2,COPDEM30,16.36089173
RGI2000-v7.0-G-03-04010,03,03-03,G290239E80450N,1999-07-31T00:00:00,-69.753306697856,80.450243,1.52601159367876,0,1001.7848,8,COPDEM30,27.29445785
RGI2000-v7.0-G-03-04011,03,03-03,G290331E80449N,1999-07-31T00:00:00,-69.67854559749686,80.4525525,5.669991152690409,0,937.3131,1,COPDEM30,43.33644051
RGI2000-v7.0-G-03-04012,03,03-03,G290285E80463N,1999-07-31T00:00:00,-69.71173205723278,80.46290450000001,1.206011077749279,0,934.83105,1,COPDEM30,25.37459499
RGI2000-v7.0-G-03-04013,03,03-03,G290499E80445N,1999-07-31T00:00:00,-69.51995503007147,80.443161,0.226829627277116,0,902.7219,2,COPDEM30,16.66772877
RGI2000-v7.0-G-03-04014,03,03-03,G290528E80435N,1999-07-31T00:00:00,-69.47959821535827,80.4353405,0.46091685399229,0,751.3513,2,COPDEM30,19.50472006
RGI2000-v7.0-G-03-04015,03,03-03,G290104E80549N,1999-07-31T00:00:00,-69.89569861917124,80.54882900000001,11.595812520403205,0,1096.498,3,COPDEM30,57.67367464
RGI2000-v7.0-G-03-04016,03,03-03,G289885E80670N,1999-07-31T00:00:00,-70.01940211019152,80.63121849999999,181.54467227755455,0,1259.7732,2,COPDEM90,100.00000000
RGI2000-v7.0-G-03-04017,03,03-03,G289963E80655N,1999-07-31T00:00:00,-70.03914377073949,80.65504250000001,0.259973923051028,0,1186.7812,1,COPDEM30,17.13826932
RGI2000-v7.0-G-03-04018,03,03-03,G289487E80643N,1999-07-31T00:00:00,-70.50917569655192,80.6430475,71.59637801428558,0,1399.9502,6,COPDEM90,100.00000000
RGI2000-v7.0-G-03-04019,03,03-03,G288936E80298N,1999-07-21T00:00:00,-71.06434895172413,80.298099,0.092718091144273,0,1221.8438,1,COPDEM30,14.26295037
RGI2000-v7.0-G-03-04020,03,03-03,G287564E80026N,1999-07-21T00:00:00,-72.43614439277522,80.0259595,0.098052643965331,0,1000.0449,1,COPDEM30,14.38387023
RGI2000-v7.0-G-03-04021,03,03-03,G287585E79990N,1999-07-21T00:00:00,-72.40252707765401,79.9899,0.832579237880097,0,883.42523,1,COPDEM30,22.77440921
RGI2000-v7.0-G-03-04022,03,03-03,G287625E79990N,1999-07-21T00:00:00,-72.37464522280885,79.9900755,0.095448707292825,0,886.17004,8,COPDEM30,14.32526839
RGI2000-v7.0-G-03-04023,03,03-03,G287705E79813N,1999-07-21T00:00:00,-72.29509361042369,79.813276,0.608723807434769,0,614.51373,1,COPDEM30,20.92290558
RGI2000-v7.0-G-03-04024,03,03-03,G287753E79810N,1999-07-21T00:00:00,-72.25921751431063,79.810549,1.021065449477109,0,657.4048,8,COPDEM30,24.14668965
RGI2000-v7.0-G-03-04025,03,03-03,G287674E79807N,1999-07-21T00:00:00,-72.32596810679348,79.8073715,0.162058421656722,0,1029.9475,7,COPDEM30,15.63590726
RGI2000-v7.0-G-03-04026,03,03-03,G287789E79788N,1999-07-21T00:00:00,-72.23530587721277,79.78860900000001,4.376764402710515,0,761.84283,8,COPDEM30,39.28900515
RGI2000-v7.0-G-03-04027,03,03-03,G287828E79805N,1999-07-21T00:00:00,-72.17172475011387,79.804753,0.374477383435624,0,585.2035,2,COPDEM30,18.56723801
RGI2000-v7.0-G-03-04028,03,03-03,G287898E79810N,1999-07-21T00:00:00,-72.10305352023255,79.810499,0.554357297293793,0,633.43335,1,COPDEM30,20.42372440
RGI2000-v7.0-G-03-04029,03,03-03,G287949E79797N,1999-07-21T00:00:00,-72.05148011535529,79.80106,8.8666694180168,0,714.23663,3,COPDEM30,51.68773448
RGI2000-v7.0-G-03-04030,03,03-03,G287976E79812N,1999-07-21T00:00:00,-72.02581406568177,79.812221,0.450470034624065,0,594.6208,2,COPDEM30,19.39638903
RGI2000-v7.0-G-03-04031,03,03-03,G288064E79797N,1999-07-21T00:00:00,-71.93608138988921,79.797237,2.74352677186493,0,613.72534,1,COPDEM30,33.18903291
RGI2000-v7.0-G-03-04032,03,03-03,G288165E79805N,1999-07-21T00:00:00,-71.83536105033556,79.8046285,3.869038814872738,0,572.3612,1,COPDEM30,37.53782140
RGI2000-v7.0-G-03-04033,03,03-03,G288146E79784N,1999-07-21T00:00:00,-71.85431054094147,79.7836815,4.113021314714475,0,785.80475,1,COPDEM30,38.39281912
RGI2000-v7.0-G-03-04034,03,03-03,G288172E79771N,1999-07-21T00:00:00,-71.82570235085512,79.7714715,1.52653597205245,0,778.44696,6,COPDEM30,27.29742901
RGI2000-v7.0-G-03-04035,03,03-03,G288245E79780N,1999-07-21T00:00:00,-71.77023989404842,79.778284,0.945913870130806,0,756.2997,2,COPDEM30,23.61613449
RGI2000-v7.0-G-03-04036,03,03-03,G288370E79778N,1999-07-21T00:00:00,-71.63547785263157,79.778163,0.321149549465066,0,676.64233,8,COPDEM30,17.93380815
RGI2000-v7.0-G-03-04037,03,03-03,G288400E79811N,1999-07-21T00:00:00,-71.5999023417033,79.811474,1.349675073767822,0,796.3185,8,COPDEM30,26.26457237
RGI2000-v7.0-G-03-04038,03,03-03,G288439E79826N,1999-07-21T00:00:00,-71.56791583619211,79.827346,0.456867866897732,0,581.44324,1,COPDEM30,19.46288021
RGI2000-v7.0-G-03-04039,03,03-03,G288478E79829N,1999-07-21T00:00:00,-71.52773288597058,79.8302415,0.236035128111146,0,586.61487,1,COPDEM30,16.80168252
RGI2000-v7.0-G-03-04040,03,03-03,G288510E79831N,1999-07-21T00:00:00,-71.49378088484669,79.83126100000001,0.096942469418322,0,584.12854,1,COPDEM30,14.35898199
RGI2000-v7.0-G-03-04041,03,03-03,G288523E79816N,1999-07-21T00:00:00,-71.50315567866065,79.81693849999999,8.607993237334185,0,772.2905,2,COPDEM30,51.07513450
RGI2000-v7.0-G-03-04042,03,03-03,G288572E79804N,1999-07-21T00:00:00,-71.44807711576952,79.8018725,1.338414882873837,0,672.526,2,COPDEM30,26.19658350
RGI2000-v7.0-G-03-04043,03,03-03,G288557E79794N,1999-07-21T00:00:00,-71.45311975249791,79.794645,0.528832976922547,0,754.32227,3,COPDEM30,20.18092645
RGI2000-v7.0-G-03-04044,03,03-03,G288603E79789N,1999-07-21T00:00:00,-71.39432766822033,79.791381,1.895632397842323,0,700.98047,2,COPDEM30,29.27547535
RGI2000-v7.0-G-03-04045,03,03-03,G288799E79870N,1999-07-21T00:00:00,-71.2046248279267,79.8700285,0.649389006456539,0,671.27704,1,COPDEM30,21.28185469
RGI2000-v7.0-G-03-04046,03,03-03,G288010E79778N,1999-07-21T00:00:00,-72.00339801880999,79.776819,6.86304551718333,0,759.24286,6,COPDEM30,46.67638097
RGI2000-v7.0-G-03-04047,03,03-03,G287852E79772N,1999-07-21T00:00:00,-72.14149606955922,79.77305100000001,3.987537221277382,0,781.3157,6,COPDEM30,37.95634625
RGI2000-v7.0-G-03-04048,03,03-03,G287880E79754N,1999-07-21T00:00:00,-72.12041871354995,79.75385299999999,0.202372343839834,0,652.40295,1,COPDEM30,16.29801392
RGI2000-v7.0-G-03-04049,03,03-03,G287894E79751N,1999-07-21T00:00:00,-72.10635366825736,79.7511455,0.121298766123545,0,699.9941,2,COPDEM30,14.87591614
RGI2000-v7.0-G-03-04050,03,03-03,G287913E79750N,1999-07-21T00:00:00,-72.08713081651676,79.7503825,0.100497819506346,0,721.89264,1,COPDEM30,14.43819475
RGI2000-v7.0-G-03-04051,03,03-03,G287884E79733N,1999-07-21T00:00:00,-72.11231079571301,79.733296,10.498919777799172,0,698.72894,3,COPDEM30,55.36285128
RGI2000-v7.0-G-03-04052,03,03-03,G287901E79714N,1999-07-21T00:00:00,-72.11381957528684,79.7144555,7.152387997357035,0,688.0475,1,COPDEM30,47.44152838
RGI2000-v7.0-G-03-04053,03,03-03,G287743E79689N,1999-07-21T00:00:00,-72.23775419733663,79.6888645,2.671293422509414,0,633.4901,8,COPDEM30,32.88172875
RGI2000-v7.0-G-03-04054,03,03-03,G287580E79742N,1999-07-21T00:00:00,-72.34908135347936,79.7352285,6.36219630638408,0,807.5055,1,COPDEM30,45.31275231
RGI2000-v7.0-G-03-04055,03,03-03,G287650E79755N,1999-07-21T00:00:00,-72.35239417991599,79.75322349999999,6.690506434913,0,677.4997,2,COPDEM30,46.21241861
RGI2000-v7.0-G-03-04056,03,03-03,G287653E79775N,1999-07-21T00:00:00,-72.37066050212927,79.776055,9.71945869062826,0,674.96497,1,COPDEM30,53.64646496
RGI2000-v7.0-G-03-04057,03,03-03,G287490E79775N,1999-07-21T00:00:00,-72.51786290112621,79.777298,3.017935511100293,0,703.01416,1,COPDEM30,34.32108880
RGI2000-v7.0-G-03-04058,03,03-03,G287488E79758N,1999-07-21T00:00:00,-72.51702443567514,79.75804,5.811535826299159,0,757.84,8,COPDEM30,43.74997810
RGI2000-v7.0-G-03-04059,03,03-03,G287493E79742N,1999-07-21T00:00:00,-72.51437204946996,79.742764,1.270953189266647,0,803.16815,8,COPDEM30,25.78311836
RGI2000-v7.0-G-03-04060,03,03-03,G287295E79713N,1999-07-21T00:00:00,-72.70492698986487,79.713841,2.950018722818655,0,662.19806,1,COPDEM30,34.04586596
RGI2000-v7.0-G-03-04061,03,03-03,G287243E79726N,1999-07-21T00:00:00,-72.75362562963701,79.726129,2.445382112063629,0,682.0938,1,COPDEM30,31.89280462
RGI2000-v7.0-G-03-04062,03,03-03,G287183E79741N,1999-07-21T00:00:00,-72.82719403959217,79.7411425,5.9030826971775,0,723.55786,1,COPDEM30,44.01476457
RGI2000-v7.0-G-03-04063,03,03-03,G287136E79759N,1999-07-21T00:00:00,-72.86603248375386,79.75816850000001,2.541405652943707,0,811.66956,2,COPDEM30,32.31850147
RGI2000-v7.0-G-03-04064,03,03-03,G287113E79776N,1999-07-21T00:00:00,-72.88837538204851,79.7752705,0.51459093735039,0,737.69507,1,COPDEM30,20.04289917
RGI2000-v7.0-G-03-04065,03,03-03,G287375E79780N,1999-07-21T00:00:00,-72.63317122365038,79.7834345,4.379388407711112,0,787.3295,1,COPDEM30,39.29778367
RGI2000-v7.0-G-03-04066,03,03-03,G287385E79792N,1999-07-21T00:00:00,-72.61226497588771,79.79199600000001,0.54377755889741,0,753.4927,1,COPDEM30,20.32377845
RGI2000-v7.0-G-03-04067,03,03-03,G287396E79698N,1999-07-21T00:00:00,-72.60357514906542,79.698263,0.147367451737827,0,497.297,1,COPDEM30,15.37438560
RGI2000-v7.0-G-03-04068,03,03-03,G287434E79697N,1999-07-21T00:00:00,-72.56744929140253,79.6970035,0.28688512049128,0,615.96893,8,COPDEM30,17.49863212
RGI2000-v7.0-G-03-04069,03,03-03,G279004E79177N,2001-07-21T00:00:00,-80.995265625,79.179113,1.571294708557988,0,784.86804,1,COPDEM30,27.54918126
RGI2000-v7.0-G-03-04070,03,03-03,G278062E79129N,1999-07-08T00:00:00,-81.94305711701625,79.1282485,1.350479546106758,0,746.4734,8,COPDEM30,26.26941889
RGI2000-v7.0-G-03-04071,03,03-03,G278011E79151N,1999-07-08T00:00:00,-81.97965644864779,79.1506385,0.606485465229894,0,746.0231,1,COPDEM30,20.90280474
RGI2000-v7.0-G-03-04072,03,03-03,G277942E79114N,1999-07-08T00:00:00,-82.07402374249335,79.113997,5.860363795068578,0,822.3246,8,COPDEM30,43.89146358
RGI2000-v7.0-G-03-04073,03,03-03,G277896E79090N,1999-07-08T00:00:00,-82.10500719040846,79.0905945,0.291458841670615,0,716.52856,8,COPDEM30,17.55816995
RGI2000-v7.0-G-03-04074,03,03-03,G277945E79078N,1999-07-08T00:00:00,-82.05609828780422,79.0775845,0.472995919801072,0,758.4399,8,COPDEM30,19.62845784
RGI2000-v7.0-G-03-04075,03,03-03,G277646E79047N,1999-07-08T00:00:00,-82.35703458845654,79.04674750000001,0.62028397898639,0,731.2616,3,COPDEM30,21.02613531
RGI2000-v7.0-G-03-04076,03,03-03,G277883E79012N,2002-08-01T00:00:00,-82.119864548961,79.0116935,0.704378883881356,0,795.1223,8,COPDEM30,21.74981963
RGI2000-v7.0-G-03-04077,03,03-03,G277487E79120N,1999-07-08T00:00:00,-82.50283588039082,79.1201685,1.221392444208615,0,767.1911,2,COPDEM30,25.47232753
RGI2000-v7.0-G-03-04078,03,03-03,G277523E79135N,1999-07-08T00:00:00,-82.47910749555786,79.1351705,0.78017328330369,0,840.45605,6,COPDEM30,22.36583857
RGI2000-v7.0-G-03-04079,03,03-03,G277504E79159N,1999-07-08T00:00:00,-82.45872710035756,79.156458,11.306782363940794,0,799.6641,1,COPDEM30,57.07578298
RGI2000-v7.0-G-03-04080,03,03-03,G277559E79174N,1999-07-08T00:00:00,-82.4410152194046,79.17359450000001,0.44366979157508,0,720.65045,8,COPDEM30,19.32519593
RGI2000-v7.0-G-03-04081,03,03-03,G277465E79183N,1999-07-08T00:00:00,-82.52505355189172,79.18349649999999,0.861322376589604,0,762.32306,3,COPDEM30,22.99304375
RGI2000-v7.0-G-03-04082,03,03-03,G277474E79196N,1999-07-08T00:00:00,-82.52609576463306,79.1960725,0.421844676894683,0,723.0115,7,COPDEM30,19.09293994
RGI2000-v7.0-G-03-04083,03,03-03,G277513E79203N,1999-07-08T00:00:00,-82.48966621490794,79.2038805,0.766203242926706,0,657.72424,1,COPDEM30,22.25462507
RGI2000-v7.0-G-03-04084,03,03-03,G277557E79206N,1999-07-08T00:00:00,-82.44489919827318,79.2071945,0.397268245294813,0,685.40216,1,COPDEM30,18.82409067
RGI2000-v7.0-G-03-04085,03,03-03,G277748E79252N,1999-07-08T00:00:00,-82.25208667120074,79.252112,0.08326879154287,0,685.8572,1,COPDEM30,14.03988653
RGI2000-v7.0-G-03-04086,03,03-03,G277472E79311N,1999-07-08T00:00:00,-82.52819423231517,79.3109915,0.20010765222671,0,834.0231,2,COPDEM30,16.26267513
RGI2000-v7.0-G-03-04087,03,03-03,G277448E79315N,1999-07-08T00:00:00,-82.55169443268684,79.31465,0.105862667575693,0,980.2404,1,COPDEM30,14.55511612
RGI2000-v7.0-G-03-04088,03,03-03,G277380E79364N,1999-07-08T00:00:00,-82.64171417197062,79.3618085,13.39197355300482,0,894.7489,8,COPDEM90,61.23306370
RGI2000-v7.0-G-03-04089,03,03-03,G277076E79342N,1999-07-08T00:00:00,-82.925254837571,79.342079,0.353197231250215,0,789.6125,1,COPDEM30,18.32025584
RGI2000-v7.0-G-03-04090,03,03-03,G276971E79289N,1999-07-08T00:00:00,-83.03469330638431,79.2872115,2.373848609972093,0,794.52496,1,COPDEM30,31.57021853
RGI2000-v7.0-G-03-04091,03,03-03,G276997E79253N,1999-07-08T00:00:00,-83.02868776576736,79.254355,19.636678725568682,0,885.79364,7,COPDEM90,72.03860919
RGI2000-v7.0-G-03-04092,03,03-03,G277300E79270N,1999-07-08T00:00:00,-82.67901517522951,79.26894949999999,34.17523958802355,0,932.5063,1,COPDEM90,91.84342954
RGI2000-v7.0-G-03-04093,03,03-03,G277204E79171N,1999-07-08T00:00:00,-82.81160099842765,79.166676,28.679240779281212,0,883.27985,8,COPDEM90,84.97420352
RGI2000-v7.0-G-03-04094,03,03-03,G276415E79233N,2000-07-26T00:00:00,-83.58088608723713,79.2328315,0.45090730647523,0,938.735,6,COPDEM30,19.40094847
RGI2000-v7.0-G-03-04095,03,03-03,G276430E79244N,2000-07-26T00:00:00,-83.57001490239921,79.24350150000001,0.169829089337697,0,889.07263,8,COPDEM30,15.76944551
RGI2000-v7.0-G-03-04096,03,03-03,G276450E79253N,2000-07-26T00:00:00,-83.54984459872462,79.253438,0.271021274986863,0,837.2483,1,COPDEM30,17.28835852
RGI2000-v7.0-G-03-04097,03,03-03,G276759E79379N,1999-07-08T00:00:00,-83.24404718198643,79.3792495,0.668773401967454,0,800.0122,1,COPDEM30,21.44899938
RGI2000-v7.0-G-03-04098,03,03-03,G277334E79420N,1999-07-08T00:00:00,-82.72389001710947,79.42705749999999,39.54985931519125,0,934.2868,1,COPDEM90,98.04415043
RGI2000-v7.0-G-03-04099,03,03-03,G277702E79549N,1999-07-08T00:00:00,-82.31214730091199,79.5495305,60.72802676559636,0,989.56964,8,COPDEM90,100.00000000
RGI2000-v7.0-G-03-04100,03,03-04,G274113E78164N,1999-06-15T00:00:00,-85.88838876987448,78.163347,2.076131612469573,0,669.55096,1,COPDEM30,30.17230270
RGI2000-v7.0-G-03-04101,03,03-04,G274406E78208N,1999-06-15T00:00:00,-85.58949053874207,78.2076045,2.340635683394994,0,779.7003,1,COPDEM30,31.41879067
RGI2000-v7.0-G-03-04102,03,03-04,G274421E78239N,1999-06-15T00:00:00,-85.58117645490353,78.2394915,0.585394020249875,0,738.42084,8,COPDEM30,20.71154648
RGI2000-v7.0-G-03-04103,03,03-04,G274493E78253N,1999-06-15T00:00:00,-85.50891901522556,78.253002,0.478231675604487,0,620.1821,1,COPDEM30,19.68160154
RGI2000-v7.0-G-03-04104,03,03-04,G274463E78276N,1999-06-15T00:00:00,-85.5303870322295,78.2768525,4.245006441848719,0,748.8043,8,COPDEM30,38.84477878
RGI2000-v7.0-G-03-04105,03,03-04,G274303E78262N,1999-06-15T00:00:00,-85.6936467728343,78.26280750000001,1.079356065337613,0,667.04175,2,COPDEM30,24.54488875
RGI2000-v7.0-G-03-04106,03,03-04,G274685E78242N,1999-06-15T00:00:00,-85.31769428158489,78.2408315,1.773819013636452,0,696.12604,1,COPDEM30,28.64587157
RGI2000-v7.0-G-03-04107,03,03-04,G274720E78308N,1999-06-15T00:00:00,-85.27502439127346,78.307886,2.952594489639596,0,754.8316,1,COPDEM30,34.05636132
RGI2000-v7.0-G-03-04108,03,03-04,G274521E78330N,1999-06-15T00:00:00,-85.42933816897792,78.3328025,14.783869407273281,0,768.0652,8,COPDEM90,63.82971674
RGI2000-v7.0-G-03-04109,03,03-04,G274629E78380N,1999-06-15T00:00:00,-85.38144185862076,78.380563,6.753698460334078,0,827.198,1,COPDEM30,46.38303036
RGI2000-v7.0-G-03-04110,03,03-04,G274752E78374N,1999-06-15T00:00:00,-85.24330207497437,78.3744045,0.514196388178385,0,725.7871,1,COPDEM30,20.03904837
RGI2000-v7.0-G-03-04111,03,03-04,G274753E78426N,1999-06-15T00:00:00,-85.23728088490941,78.427786,0.434564196268303,0,946.2679,1,COPDEM30,19.22900766
RGI2000-v7.0-G-03-04112,03,03-04,G274668E78447N,1999-06-15T00:00:00,-85.38023057154801,78.44515200000001,16.502851622762417,0,858.68225,8,COPDEM90,66.87318277
RGI2000-v7.0-G-03-04113,03,03-04,G274596E78406N,1999-06-15T00:00:00,-85.47679535984312,78.4060885,2.483681830813413,0,793.5814,1,COPDEM30,32.06358173
RGI2000-v7.0-G-03-04114,03,03-04,G274740E78504N,1999-06-15T00:00:00,-85.17662478735338,78.504542,10.830255056975474,0,862.33813,1,COPDEM30,56.07309400
RGI2000-v7.0-G-03-04115,03,03-04,G274627E78534N,1999-06-15T00:00:00,-85.37365341562507,78.535566,1.528444436235963,0,828.6857,8,COPDEM30,27.30823820
RGI2000-v7.0-G-03-04116,03,03-04,G274799E78559N,1999-06-15T00:00:00,-85.20285953145887,78.55881,0.732950156409123,0,800.5089,1,COPDEM30,21.98575115
RGI2000-v7.0-G-03-04117,03,03-04,G274743E78578N,1999-06-15T00:00:00,-85.25663429262445,78.57807550000001,0.536523585007724,0,791.56287,1,COPDEM30,20.25468784
RGI2000-v7.0-G-03-04118,03,03-04,G274817E78599N,1999-06-15T00:00:00,-85.17646091575591,78.597788,0.628478592925186,0,802.18744,2,COPDEM30,21.09872985
RGI2000-v7.0-G-03-04119,03,03-04,G275735E78485N,1999-06-15T00:00:00,-84.26353144289772,78.485293,0.611136769315358,0,870.4457,1,COPDEM30,20.94453319
RGI2000-v7.0-G-03-04120,03,03-04,G275830E78468N,1999-06-15T00:00:00,-84.16002931646577,78.471067,13.669673890569479,0,766.28906,2,COPDEM90,61.76153091
RGI2000-v7.0-G-03-04121,03,03-04,G275976E78474N,1999-06-15T00:00:00,-84.02276717997609,78.472621,2.982966769137306,0,808.53723,2,COPDEM30,34.17977433
RGI2000-v7.0-G-03-04122,03,03-04,G276135E78468N,1999-06-15T00:00:00,-83.8588894247243,78.46657250000001,1.551331226131075,0,936.2322,7,COPDEM30,27.43734270
RGI2000-v7.0-G-03-04123,03,03-04,G276225E78488N,1999-06-15T00:00:00,-83.77512290100782,78.4885825,0.680046970852335,0,650.2401,7,COPDEM30,21.54509447
RGI2000-v7.0-G-03-04124,03,03-04,G276174E78496N,1999-06-15T00:00:00,-83.8227815410497,78.495096,1.470422943077664,0,709.30194,1,COPDEM30,26.97653960
RGI2000-v7.0-G-03-04125,03,03-04,G276183E78519N,1999-06-15T00:00:00,-83.82171265852244,78.5201485,1.267891083392465,0,987.7689,2,COPDEM30,25.76409377
RGI2000-v7.0-G-03-04126,03,03-04,G276297E78463N,1999-06-15T00:00:00,-83.71083493051428,78.46508850000001,3.213209115084658,0,784.2716,2,COPDEM30,35.09559696
RGI2000-v7.0-G-03-04127,03,03-04,G276498E78444N,1999-06-15T00:00:00,-83.48328138309373,78.442592,4.283869227406885,0,797.5829,1,COPDEM30,38.97651409
RGI2000-v7.0-G-03-04128,03,03-04,G276542E78488N,1999-06-15T00:00:00,-83.46107946470087,78.486944,0.687702741255435,0,741.9002,1,COPDEM30,21.60989825
RGI2000-v7.0-G-03-04129,03,03-04,G276579E78504N,1999-06-15T00:00:00,-83.42002080101582,78.50365,0.732261171384905,0,794.1132,8,COPDEM30,21.98011643
RGI2000-v7.0-G-03-04130,03,03-04,G276647E78546N,1999-06-15T00:00:00,-83.34701384681938,78.5441385,0.797138064336825,0,690.9672,1,COPDEM30,22.49956242
RGI2000-v7.0-G-03-04131,03,03-04,G275991E78420N,1999-06-15T00:00:00,-84.00989783073805,78.4224595,5.208969723439349,0,813.1873,1,COPDEM30,41.95243443
RGI2000-v7.0-G-03-04132,03,03-04,G275810E78426N,1999-06-15T00:00:00,-84.19315689014019,78.42469650000001,1.131900322866565,0,856.7611,8,COPDEM30,24.89471259
RGI2000-v7.0-G-03-04133,03,03-04,G275654E78428N,1999-06-15T00:00:00,-84.34300995671849,78.42888350000001,0.903686134554304,0,876.2573,8,COPDEM30,23.30873707
RGI2000-v7.0-G-03-04134,03,03-04,G275822E78341N,1999-06-15T00:00:00,-84.15707360754104,78.342991,8.985797923879858,0,824.2996,1,COPDEM30,51.96684874
RGI2000-v7.0-G-03-04135,03,03-04,G275800E78300N,1999-06-15T00:00:00,-84.221221937781,78.29512199999999,17.159806931611087,0,817.6188,8,COPDEM90,67.99415625
RGI2000-v7.0-G-03-04136,03,03-04,G276106E78265N,1999-06-15T00:00:00,-83.88903189219702,78.2644525,1.297776022066236,0,787.1406,1,COPDEM30,25.94879620
RGI2000-v7.0-G-03-04137,03,03-04,G275738E78146N,1999-06-15T00:00:00,-84.26206483940368,78.1462435,1.234003187747596,0,768.68646,1,COPDEM30,25.55199745
RGI2000-v7.0-G-03-04138,03,03-04,G275724E78129N,1999-06-15T00:00:00,-84.27589254275938,78.1293695,1.21719688742414,0,719.22766,5,COPDEM30,25.44573048
RGI2000-v7.0-G-03-04139,03,03-04,G275624E78123N,1999-06-15T00:00:00,-84.3745790593868,78.1235715,0.685987065796527,0,663.14795,1,COPDEM30,21.59540706
RGI2000-v7.0-G-03-04140,03,03-04,G275624E78115N,1999-06-15T00:00:00,-84.37640227613028,78.11438100000001,0.013609888561669,0,678.40686,3,COPDEM30,11.63325998
RGI2000-v7.0-G-03-04141,03,03-04,G275415E78132N,1999-06-15T00:00:00,-84.58844893114043,78.131553,2.149953598042698,0,750.1592,1,COPDEM30,30.52780810
RGI2000-v7.0-G-03-04142,03,03-04,G275402E78017N,2001-07-21T00:00:00,-84.59829120883356,78.0171885,0.153868534996764,0,736.9657,1,COPDEM30,15.49165120
RGI2000-v7.0-G-03-04143,03,03-04,G275338E78005N,2001-07-21T00:00:00,-84.66162961240515,78.00519349999999,4.755494472146032,0,767.4095,1,COPDEM30,40.52993476
RGI2000-v7.0-G-03-04144,03,03-04,G275258E77997N,2001-07-21T00:00:00,-84.74155243368168,77.9972305,1.169926460947329,0,653.75665,8,COPDEM30,25.14283944
RGI2000-v7.0-G-03-04145,03,03-04,G275315E77986N,2001-07-21T00:00:00,-84.68473316215238,77.9861835,1.390025880911639,0,664.9627,8,COPDEM30,26.50591023
RGI2000-v7.0-G-03-04146,03,03-04,G275278E77970N,2001-07-21T00:00:00,-84.72180101794787,77.9697615,0.412558204109146,0,630.69086,8,COPDEM30,18.99229715
RGI2000-v7.0-G-03-04147,03,03-04,G275192E77984N,2001-07-21T00:00:00,-84.80794416118468,77.9844245,0.568138496406787,0,719.5888,8,COPDEM30,20.55249474
RGI2000-v7.0-G-03-04148,03,03-04,G275141E77966N,2001-07-21T00:00:00,-84.85893934283874,77.96605450000001,1.464530597740543,0,726.0582,8,COPDEM30,26.94249088
RGI2000-v7.0-G-03-04149,03,03-04,G275128E77954N,2001-07-21T00:00:00,-84.87223821824381,77.953787,0.180160650096139,0,719.6902,8,COPDEM30,15.94234696
RGI2000-v7.0-G-03-04150,03,03-04,G274950E77976N,2001-07-21T00:00:00,-85.049687823514,77.97626550000001,0.674190501982354,0,635.32544,1,COPDEM30,21.49527461
RGI2000-v7.0-G-03-04151,03,03-04,G274913E77980N,2001-07-21T00:00:00,-85.08696397676177,77.9797215,0.248185913026416,0,658.3765,1,COPDEM30,16.97455654
RGI2000-v7.0-G-03-04152,03,03-04,G274891E77984N,2001-07-21T00:00:00,-85.10943532880712,77.983582,0.151082960981269,0,585.2754,1,COPDEM30,15.44171484
RGI2000-v7.0-G-03-04153,03,03-04,G274894E77972N,2001-07-21T00:00:00,-85.105540197601,77.971926,0.53120765197078,0,667.4984,8,COPDEM30,20.20375910
RGI2000-v7.0-G-03-04154,03,03-04,G275008E78003N,2001-07-21T00:00:00,-84.99173615053788,78.002623,1.491773274542817,0,661.92224,1,COPDEM30,27.09934390
RGI2000-v7.0-G-03-04155,03,03-04,G275075E78017N,2001-07-21T00:00:00,-84.9254123103413,78.01683750000001,0.67879336149855,0,641.5363,1,COPDEM30,21.53444835
RGI2000-v7.0-G-03-04156,03,03-04,G275095E78020N,2001-07-21T00:00:00,-84.90498537076037,78.0198485,0.142465636444216,0,628.02576,8,COPDEM30,15.28424685
RGI2000-v7.0-G-03-04157,03,03-04,G275582E77956N,2001-07-21T00:00:00,-84.41788783536586,77.95610400000001,11.015834245881143,0,709.4336,1,COPDEM30,56.46615448
RGI2000-v7.0-G-03-04158,03,03-04,G275646E77938N,2001-07-21T00:00:00,-84.35424710112088,77.93771050000001,0.748162708258508,0,757.46326,2,COPDEM30,22.10949589
RGI2000-v7.0-G-03-04159,03,03-04,G275682E77924N,2001-07-21T00:00:00,-84.31822763258138,77.92387199999999,0.28579077559211,0,797.3328,8,COPDEM30,17.48431640
RGI2000-v7.0-G-03-04160,03,03-04,G275563E77851N,2001-07-21T00:00:00,-84.43653778136724,77.851349,0.779099117808598,0,629.36096,2,COPDEM30,22.35732281
RGI2000-v7.0-G-03-04161,03,03-04,G275418E77867N,2001-07-21T00:00:00,-84.582493625,77.86728,0.407652346205631,0,579.948,1,COPDEM30,18.93867215
RGI2000-v7.0-G-03-04162,03,03-04,G275372E77876N,2001-07-21T00:00:00,-84.62788435484646,77.8758455,2.78176707488293,0,670.59406,1,COPDEM30,33.35008237
RGI2000-v7.0-G-03-04163,03,03-04,G275315E77882N,2001-07-21T00:00:00,-84.6849038427726,77.882101,0.503498219418733,0,672.34595,8,COPDEM30,19.93406518
RGI2000-v7.0-G-03-04164,03,03-04,G275290E77854N,2001-07-21T00:00:00,-84.71024440395712,77.8539675,3.38107014594183,0,609.90607,8,COPDEM30,35.74276109
RGI2000-v7.0-G-03-04165,03,03-04,G275204E78248N,1999-06-15T00:00:00,-84.79476533897528,78.2443845,1.574182606548708,0,753.39307,8,COPDEM30,27.56530076
RGI2000-v7.0-G-03-04166,03,03-04,G277634E77703N,1999-06-15T00:00:00,-82.35427944826182,77.7049735,2.725560356102035,0,789.7862,7,COPDEM30,33.11297968
RGI2000-v7.0-G-03-04167,03,03-04,G277608E77689N,1999-06-15T00:00:00,-82.38921889447045,77.68862899999999,0.426666769641246,0,720.1568,8,COPDEM30,19.14476281
RGI2000-v7.0-G-03-04168,03,03-04,G277520E77610N,1999-06-15T00:00:00,-82.48232695113651,77.6113775,4.466896388028832,0,747.5464,6,COPDEM30,39.58904683
RGI2000-v7.0-G-03-04169,03,03-04,G277403E77615N,1999-06-15T00:00:00,-82.59964973864345,77.6145175,1.050673205543178,0,548.65045,7,COPDEM30,24.35032920
RGI2000-v7.0-G-03-04170,03,03-04,G277827E77600N,1999-06-15T00:00:00,-82.16486135788651,77.5993765,1.417810385557429,0,742.4829,7,COPDEM30,26.67005806
RGI2000-v7.0-G-03-04171,03,03-04,G277843E77622N,1999-06-15T00:00:00,-82.15511172203303,77.6217145,2.999729757190391,0,704.8648,7,COPDEM30,34.24761911
RGI2000-v7.0-G-03-04172,03,03-04,G278057E77477N,1999-06-15T00:00:00,-81.94015949903829,77.477789,1.26203676861343,0,478.71603,2,COPDEM30,25.72765738
RGI2000-v7.0-G-03-04173,03,03-04,G279065E77534N,1999-06-15T00:00:00,-80.97894150158409,77.4974165,76.51746706768498,0,861.9148,5,COPDEM90,100.00000000
RGI2000-v7.0-G-03-04174,03,03-04,G279474E77543N,1999-06-15T00:00:00,-80.62945935243938,77.51244750000001,238.32123789745725,0,894.27167,6,COPDEM90,100.00000000
RGI2000-v7.0-G-03-04175,03,03-04,G279446E77411N,1999-06-15T00:00:00,-80.59657090352488,77.4001575,36.79210738768576,0,786.11835,6,COPDEM90,94.91909707
RGI2000-v7.0-G-03-04176,03,03-04,G279447E77340N,1999-06-15T00:00:00,-80.54900518247103,77.34230099999999,3.642948893848888,0,677.8054,8,COPDEM30,36.72111493
RGI2000-v7.0-G-03-04177,03,03-04,G279522E77340N,1999-06-15T00:00:00,-80.45610898590934,77.327672,8.5156126469878,0,715.95953,5,COPDEM30,50.85413172
RGI2000-v7.0-G-03-04178,03,03-04,G279795E77303N,1999-06-15T00:00:00,-80.20507070426635,77.302764,1.71487243595237,0,568.972,8,COPDEM30,28.33343932
RGI2000-v7.0-G-03-04179,03,03-04,G279879E77333N,1999-06-15T00:00:00,-80.06938861815652,77.30679649999999,5.598621369481729,0,390.67108,6,COPDEM30,43.12596849
RGI2000-v7.0-G-03-04180,03,03-04,G279912E77322N,1999-06-15T00:00:00,-80.08849782467715,77.321927,0.574536285346045,0,464.20557,6,COPDEM30,20.61174406
RGI2000-v7.0-G-03-04181,03,03-04,G279911E77334N,1999-06-15T00:00:00,-80.0564659367248,77.3402125,4.805127138523885,0,712.0533,7,COPDEM30,40.68884030
RGI2000-v7.0-G-03-04182,03,03-04,G279991E77353N,1999-06-15T00:00:00,-79.98736817497037,77.34321349999999,20.555572938910373,0,679.28345,6,COPDEM90,73.47355588
RGI2000-v7.0-G-03-04183,03,03-04,G280100E77360N,1999-06-15T00:00:00,-79.89859096474962,77.351807,24.763625815110377,0,659.4989,3,COPDEM90,79.66829020
RGI2000-v7.0-G-03-04184,03,03-04,G280161E77334N,1999-06-15T00:00:00,-79.83211510191225,77.33284850000001,2.944151253585589,0,506.86343,4,COPDEM30,34.02194092
RGI2000-v7.0-G-03-04185,03,03-04,G279993E77301N,1999-06-15T00:00:00,-80.00720528476197,77.29818850000001,3.486663468546174,0,993.16125,4,COPDEM30,36.14165335
RGI2000-v7.0-G-03-04186,03,03-04,G280505E77327N,1999-06-15T00:00:00,-79.48406731596623,77.3255605,3.587089121980318,0,620.08545,7,COPDEM30,36.51545715
RGI2000-v7.0-G-03-04187,03,03-04,G280615E77319N,1999-06-15T00:00:00,-79.27280884103764,77.3259815,8.92184354429858,0,342.55905,6,COPDEM30,51.81723729
RGI2000-v7.0-G-03-04188,03,03-04,G280740E77308N,1999-06-15T00:00:00,-79.28732297702176,77.30774650000001,2.704798631376347,0,315.80368,6,COPDEM30,33.02478082
RGI2000-v7.0-G-03-04189,03,03-04,G280833E77318N,1999-06-15T00:00:00,-79.17384945352423,77.314532,5.222488147589947,0,666.5865,3,COPDEM30,41.99386936
RGI2000-v7.0-G-03-04190,03,03-04,G280779E77365N,1999-06-15T00:00:00,-79.27625126683067,77.361637,48.32955213425804,0,364.02637,3,COPDEM90,100.00000000
RGI2000-v7.0-G-03-04191,03,03-04,G281018E77375N,1999-06-15T00:00:00,-78.95850525686194,77.373716,2.616610320433775,0,239.7103,4,COPDEM30,32.64631588
RGI2000-v7.0-G-03-04192,03,03-04,G281001E77406N,1999-06-15T00:00:00,-78.98923972880542,77.398784,18.638269751209027,0,343.15686,4,COPDEM90,70.44088741
RGI2000-v7.0-G-03-04193,03,03-04,G281081E77414N,1999-06-15T00:00:00,-78.91720240002863,77.4128395,1.621767936817322,0,527.48004,3,COPDEM30,27.82881139
RGI2000-v7.0-G-03-04194,03,03-04,G281252E77458N,1999-06-15T00:00:00,-78.84875699536516,77.4515485,158.00412144216557,0,275.63855,3,COPDEM90,100.00000000
RGI2000-v7.0-G-03-04195,03,03-04,G281379E77386N,1999-06-15T00:00:00,-78.62824411737455,77.3844425,1.298632173756838,0,485.00323,7,COPDEM30,25.95405610
RGI2000-v7.0-G-03-04196,03,03-04,G281388E77376N,1999-06-15T00:00:00,-78.63064548359907,77.3706415,5.124517498256251,0,224.2355,6,COPDEM30,41.69235601
RGI2000-v7.0-G-03-04197,03,03-04,G281428E77368N,1999-06-15T00:00:00,-78.59891166788782,77.36328549999999,6.835050641422005,0,295.76785,5,COPDEM30,46.60150169
RGI2000-v7.0-G-03-04198,03,03-04,G281326E77346N,1999-06-15T00:00:00,-78.67351753947379,77.347485,0.913030051414353,0,493.33337,2,COPDEM30,23.37736484
RGI2000-v7.0-G-03-04199,03,03-04,G281261E77354N,1999-06-15T00:00:00,-78.71805969302191,77.348613,1.830642718608491,0,177.67053,8,COPDEM30,28.94217445
RGI2000-v7.0-G-03-04200,03,03-04,G281242E77332N,1999-06-15T00:00:00,-78.76470133051785,77.336533,2.449864390101508,0,223.75612,8,COPDEM30,31.91285971
RGI2000-v7.0-G-03-04201,03,03-04,G281233E77323N,1999-06-15T00:00:00,-78.788016075272,77.325323,1.190997576546636,0,199.94806,7,COPDEM30,25.27859696
RGI2000-v7.0-G-03-04202,03,03-04,G281580E77425N,1999-06-15T00:00:00,-78.39718161263093,77.41134600000001,61.31446240294169,0,213.11655,3,COPDEM90,100.00000000
RGI2000-v7.0-G-03-04203,03,03-04,G280219E77500N,1999-06-15T00:00:00,-79.38604084079799,77.4451225,323.96749017149955,0,573.62115,5,COPDEM90,100.00000000
RGI2000-v7.0-G-03-04204,03,03-04,G279772E77453N,1999-06-15T00:00:00,-80.28218652350432,77.406485,179.5049013122587,0,708.32874,6,COPDEM90,100.00000000
RGI2000-v7.0-G-03-04205,03,03-04,G278930E77587N,1999-06-15T00:00:00,-81.05863022567408,77.595471,153.52591038786406,0,874.3205,7,COPDEM90,100.00000000
RGI2000-v7.0-G-03-04206,03,03-04,G278750E77768N,1999-06-15T00:00:00,-81.23099228520695,77.770317,437.77020856120765,0,932.572,7,COPDEM90,100.00000000
RGI2000-v7.0-G-03-04207,03,03-04,G278759E77947N,1999-06-15T00:00:00,-81.27846933716623,77.9202835,204.10428876317357,0,1143.5195,7,COPDEM90,100.00000000
RGI2000-v7.0-G-03-04208,03,03-04,G278774E78038N,1999-06-15T00:00:00,-81.2844369427313,78.03439750000001,207.34638985354798,0,912.0784,7,COPDEM90,100.00000000
RGI2000-v7.0-G-03-04209,03,03-04,G278815E78141N,1999-06-15T00:00:00,-81.17831398798634,78.141546,331.5827575846189,0,1138.5662,7,COPDEM90,100.00000000
RGI2000-v7.0-G-03-04210,03,03-04,G280449E77998N,1999-06-15T00:00:00,-80.31711681713409,78.08758900000001,3085.6186304576486,0,980.52625,3,COPDEM90,100.00000000
RGI2000-v7.0-G-03-04211,03,03-04,G279351E78361N,1999-06-15T00:00:00,-80.43877876895144,78.404672,1434.492738791837,0,1216.8373,7,COPDEM90,100.00000000
RGI2000-v7.0-G-03-04212,03,03-04,G278890E78612N,1999-06-15T00:00:00,-81.05695259412661,78.6111485,481.0213051213253,0,1036.4926,7,COPDEM90,100.00000000
RGI2000-v7.0-G-03-04213,03,03-04,G279060E78745N,1999-06-15T00:00:00,-80.93979492307693,78.745621,0.013482889666178,0,787.49164,4,COPDEM30,11.62562184
RGI2000-v7.0-G-03-04214,03,03-04,G279101E78749N,1999-06-15T00:00:00,-80.89873302488743,78.749362,0.13955864142901,0,899.9486,8,COPDEM30,15.23005676
RGI2000-v7.0-G-03-04215,03,03-04,G279050E78857N,1999-06-15T00:00:00,-80.93615906108064,78.85427899999999,1.014290937352285,0,767.2105,8,COPDEM30,24.09968169
RGI2000-v7.0-G-03-04216,03,03-04,G279008E78878N,1999-06-15T00:00:00,-80.9869582270974,78.87684,0.866077296375019,0,786.96875,8,COPDEM30,23.02885836
RGI2000-v7.0-G-03-04217,03,03-04,G279258E78916N,1999-06-15T00:00:00,-80.82323826442953,78.913217,189.01712269045333,0,990.46704,7,COPDEM90,100.00000000
RGI2000-v7.0-G-03-04218,03,03-04,G279158E79001N,1999-06-15T00:00:00,-80.87238212289316,78.9992975,60.580761235335814,0,971.69867,8,COPDEM90,100.00000000
RGI2000-v7.0-G-03-04219,03,03-04,G279174E79039N,1999-06-15T00:00:00,-80.82374342808475,79.05063999999999,17.27062995064601,0,836.8047,1,COPDEM90,68.18112641
RGI2000-v7.0-G-03-04220,03,03-04,G279500E79035N,1999-06-15T00:00:00,-80.53972791417459,79.041586,109.87393448422824,0,955.7647,1,COPDEM90,100.00000000
RGI2000-v7.0-G-03-04221,03,03-04,G279844E79027N,1999-06-15T00:00:00,-80.22816293262088,79.0465815,32.68311877070714,0,1304.3811,8,COPDEM90,90.03681202
RGI2000-v7.0-G-03-04222,03,03-04,G279953E79074N,1999-06-15T00:00:00,-80.02772912135887,79.0786905,25.907432006324903,0,1157.62,8,COPDEM90,81.25908134
RGI2000-v7.0-G-03-04223,03,03-04,G280104E79072N,1999-06-15T00:00:00,-79.8718011738483,79.07913199999999,16.238256864438675,0,1367.0018,3,COPDEM90,66.41540876
RGI2000-v7.0-G-03-04224,03,03-04,G280328E79082N,1999-06-15T00:00:00,-79.6672412675003,79.0898015,34.451559181640036,0,1111.6742,2,COPDEM90,92.17363080
RGI2000-v7.0-G-03-04225,03,03-04,G280422E79049N,1999-06-15T00:00:00,-79.5092856684658,79.0683965,79.3073955526544,0,1054.0314,2,COPDEM90,100.00000000
RGI2000-v7.0-G-03-04226,03,03-04,G280696E79065N,1999-06-15T00:00:00,-79.27357629234515,79.06592649999999,46.486000951631844,0,883.9236,1,COPDEM90,100.00000000
RGI2000-v7.0-G-03-04227,03,03-04,G280945E79071N,1999-06-15T00:00:00,-79.07249829211972,79.07060100000001,1.810369797598748,0,930.67175,1,COPDEM30,28.83699765
RGI2000-v7.0-G-03-04228,03,03-04,G280840E79112N,1999-06-15T00:00:00,-79.16159938881917,79.112003,1.215871982186326,0,899.47,8,COPDEM30,25.43732193
RGI2000-v7.0-G-03-04229,03,03-04,G280766E79139N,1999-06-15T00:00:00,-79.22815219241402,79.13950299999999,6.730619222623228,0,865.0214,8,COPDEM30,46.32081177
RGI2000-v7.0-G-03-04230,03,03-04,G281001E79123N,1999-06-15T00:00:00,-78.98929802749763,79.1231565,3.120540571768163,0,865.25024,8,COPDEM30,34.73107260
RGI2000-v7.0-G-03-04231,03,03-04,G281087E79135N,1999-06-15T00:00:00,-78.91858637770855,79.133729,0.458272041324186,0,736.5626,2,COPDEM30,19.47741104
RGI2000-v7.0-G-03-04232,03,03-04,G281411E79112N,1999-06-15T00:00:00,-78.56545430985719,79.1125345,10.013837250733545,0,808.5869,1,COPDEM30,54.30250671
RGI2000-v7.0-G-03-04233,03,03-04,G281306E79029N,1999-06-15T00:00:00,-78.69129051430843,79.02923899999999,0.590669068610509,0,956.6113,1,COPDEM30,20.75969969
RGI2000-v7.0-G-03-04234,03,03-04,G281238E79003N,1999-06-15T00:00:00,-78.759186035538,79.0063355,5.899066850459518,0,1045.711,1,COPDEM30,44.00319254
RGI2000-v7.0-G-03-04235,03,03-04,G281318E78977N,1999-06-15T00:00:00,-78.60583672182507,79.0018335,36.34449813633024,0,1292.6843,1,COPDEM90,94.40095755
RGI2000-v7.0-G-03-04236,03,03-04,G281498E79005N,1999-06-15T00:00:00,-78.48427600136728,79.005741,26.45877550814317,0,1231.0719,1,COPDEM90,82.01333210
RGI2000-v7.0-G-03-04237,03,03-04,G281681E79004N,1999-06-15T00:00:00,-78.25349334562591,79.0158225,23.293660700328523,0,1241.7036,1,COPDEM90,77.56890925
RGI2000-v7.0-G-03-04238,03,03-04,G281786E78982N,1999-06-15T00:00:00,-78.23860310548065,78.98032549999999,3.052669401304269,0,1615.1597,4,COPDEM30,34.46064600
RGI2000-v7.0-G-03-04239,03,03-04,G281932E78986N,1999-06-15T00:00:00,-78.05128349371859,78.9834395,3.521395272560992,0,1457.3779,4,COPDEM30,36.27153352
RGI2000-v7.0-G-03-04240,03,03-04,G282005E78993N,1999-06-15T00:00:00,-78.00165692669813,78.9929805,4.197765171919666,0,1260.4828,2,COPDEM30,38.68382774
RGI2000-v7.0-G-03-04241,03,03-04,G282054E79009N,1999-06-15T00:00:00,-77.93014385922169,79.00688600000001,3.537852357103447,0,880.53687,3,COPDEM30,36.33285138
RGI2000-v7.0-G-03-04242,03,03-04,G281934E79014N,1999-06-15T00:00:00,-78.03565328603158,79.0186475,17.36524749736393,0,1141.5831,1,COPDEM90,68.34028205
RGI2000-v7.0-G-03-04243,03,03-04,G282192E79022N,1999-06-15T00:00:00,-77.80889430349438,79.0227335,0.949856935918865,0,915.21564,2,COPDEM30,23.64448458
RGI2000-v7.0-G-03-04244,03,03-04,G282101E79093N,1999-06-15T00:00:00,-77.91287780172416,79.09275,1.74765940215276,0,869.48975,1,COPDEM30,28.50786975
RGI2000-v7.0-G-03-04245,03,03-04,G282236E79121N,1999-06-15T00:00:00,-77.76482906422024,79.1208255,0.232883682589749,0,833.3419,1,COPDEM30,16.75612328
RGI2000-v7.0-G-03-04246,03,03-04,G282303E79122N,1999-06-15T00:00:00,-77.69727765613783,79.12066150000001,0.346020686273605,0,803.544,1,COPDEM30,18.23529323
RGI2000-v7.0-G-03-04247,03,03-04,G282415E79093N,1999-06-15T00:00:00,-77.59584980923846,79.092941,2.741962677146281,0,983.9224,1,COPDEM30,33.18242189
RGI2000-v7.0-G-03-04248,03,03-04,G282538E78952N,1999-06-15T00:00:00,-77.4655663520791,78.95914450000001,5.438864487416463,0,1105.3732,1,COPDEM30,42.64992250
RGI2000-v7.0-G-03-04249,03,03-04,G282595E78922N,1999-06-15T00:00:00,-77.40915984724629,78.93457950000001,33.391211313455436,0,1302.4019,1,COPDEM90,90.89918057
RGI2000-v7.0-G-03-04250,03,03-04,G282478E78932N,1999-06-15T00:00:00,-77.56765759806088,78.9356,19.735476628126126,0,1369.6946,8,COPDEM90,72.19448062
RGI2000-v7.0-G-03-04251,03,03-04,G282313E78898N,1999-06-15T00:00:00,-77.7104511282883,78.903483,46.54132043761862,0,1307.7827,1,COPDEM90,100.00000000
RGI2000-v7.0-G-03-04252,03,03-04,G282164E78887N,1999-06-15T00:00:00,-77.83742303185483,78.889475,5.573078923321728,0,1328.1294,8,COPDEM30,43.05031723
RGI2000-v7.0-G-03-04253,03,03-04,G282163E78864N,1999-06-15T00:00:00,-77.84000394260104,78.863586,2.229408070831436,0,1290.2692,6,COPDEM30,30.90368345
RGI2000-v7.0-G-03-04254,03,03-04,G282328E78840N,1999-06-15T00:00:00,-77.74106672332101,78.84222199999999,16.852136496183572,0,1255.2377,7,COPDEM90,67.47189533
RGI2000-v7.0-G-03-04255,03,03-04,G282121E78821N,1999-06-15T00:00:00,-77.87927164913853,78.82091750000001,0.317262081582187,0,985.1475,8,COPDEM30,17.88564316
RGI2000-v7.0-G-03-04256,03,03-04,G282044E78773N,1999-06-15T00:00:00,-77.96952165559631,78.77715,13.767162598918484,0,1234.4363,8,COPDEM90,61.94577817
RGI2000-v7.0-G-03-04257,03,03-04,G282318E78775N,1999-06-15T00:00:00,-77.63864912221311,78.7765655,61.55161266115835,0,1183.9003,1,COPDEM90,100.00000000
RGI2000-v7.0-G-03-04258,03,03-04,G283109E78754N,1999-06-15T00:00:00,-77.30863658587097,78.79542000000001,256.5370622157838,0,1098.9119,2,COPDEM90,100.00000000
RGI2000-v7.0-G-03-04259,03,03-04,G282997E78820N,1999-06-15T00:00:00,-76.98273111372157,78.8245665,5.974570477398904,0,1152.8613,4,COPDEM30,44.22010832
RGI2000-v7.0-G-03-04260,03,03-04,G283017E78850N,1999-06-15T00:00:00,-76.6892873929576,78.85100299999999,66.1061582433061,0,1115.819,3,COPDEM90,100.00000000
RGI2000-v7.0-G-03-04261,03,03-04,G283366E78824N,1999-06-15T00:00:00,-76.62085540957438,78.8225465,4.846632048412745,0,818.005,1,COPDEM30,40.82109475
RGI2000-v7.0-G-03-04262,03,03-04,G283773E78800N,1999-06-15T00:00:00,-76.29696837476031,78.79726249999999,3.394711602878871,0,1102.8744,7,COPDEM30,35.79464042
RGI2000-v7.0-G-03-04263,03,03-04,G283748E78811N,1999-06-15T00:00:00,-76.24062740461974,78.81676350000001,1.137182590515162,0,1011.1017,7,COPDEM30,24.92942691
RGI2000-v7.0-G-03-04264,03,03-04,G283912E78829N,1999-06-15T00:00:00,-76.10057607626612,78.8075915,34.36268968629376,0,927.82324,1,COPDEM90,92.06757690
RGI2000-v7.0-G-03-04265,03,03-04,G284017E78830N,1999-06-15T00:00:00,-76.00338864809297,78.818396,8.878790743085153,0,871.6623,1,COPDEM30,51.71621970
RGI2000-v7.0-G-03-04266,03,03-04,G284072E78802N,1999-06-15T00:00:00,-75.92370626190475,78.8033755,19.817928099300484,0,810.985,2,COPDEM90,72.32426420
RGI2000-v7.0-G-03-04267,03,03-04,G284047E78761N,1999-06-15T00:00:00,-75.95542518140127,78.760266,0.698611826778182,0,1168.3867,8,COPDEM30,21.70162032
RGI2000-v7.0-G-03-04268,03,03-04,G283898E78743N,1999-06-15T00:00:00,-76.09721389331185,78.7411545,1.056204650125857,0,1281.3372,6,COPDEM30,24.38805447
RGI2000-v7.0-G-03-04269,03,03-04,G283755E78747N,1999-06-15T00:00:00,-76.2446316098312,78.7447775,1.208367435830575,0,1438.461,7,COPDEM30,25.38960745
RGI2000-v7.0-G-03-04270,03,03-04,G282971E78675N,1999-06-15T00:00:00,-76.17002690039537,78.68710999999999,583.4071886488761,0,970.0224,2,COPDEM90,100.00000000
RGI2000-v7.0-G-03-04271,03,03-04,G283837E78600N,1999-06-15T00:00:00,-76.16305310242456,78.5929265,60.354702307461146,0,1071.6526,4,COPDEM90,100.00000000
RGI2000-v7.0-G-03-04272,03,03-04,G283586E78593N,1999-06-15T00:00:00,-76.42206229614052,78.589534,39.736960045834174,0,1198.0762,5,COPDEM90,98.25216240
RGI2000-v7.0-G-03-04273,03,03-04,G283674E78486N,1999-06-15T00:00:00,-76.30810590962756,78.48834099999999,23.447471312388526,0,749.9844,1,COPDEM90,77.79162468
RGI2000-v7.0-G-03-04274,03,03-04,G283139E78466N,1999-06-15T00:00:00,-76.8593177754354,78.46390650000001,4.638052728257693,0,1089.5217,2,COPDEM30,40.15059427
RGI2000-v7.0-G-03-04275,03,03-04,G283153E78398N,1999-06-15T00:00:00,-76.98353773662245,78.408637,295.43908013148064,0,758.1612,1,COPDEM90,100.00000000
RGI2000-v7.0-G-03-04276,03,03-04,G283347E78314N,1999-06-15T00:00:00,-76.64745952340836,78.2964565,83.58731477907448,0,870.45404,5,COPDEM90,100.00000000
RGI2000-v7.0-G-03-04277,03,03-04,G283411E78278N,1999-06-15T00:00:00,-76.58381160626931,78.2710565,11.887046236363663,0,686.1618,5,COPDEM30,58.26863435
RGI2000-v7.0-G-03-04278,03,03-04,G283525E78276N,1999-06-15T00:00:00,-76.47211356815394,78.26573450000001,6.191205150735583,0,525.3469,5,COPDEM30,44.83498542
RGI2000-v7.0-G-03-04279,03,03-04,G283619E78296N,1999-06-15T00:00:00,-76.37331039317552,78.28968900000001,23.214185464829214,0,595.7737,5,COPDEM90,77.45354217
RGI2000-v7.0-G-03-04280,03,03-04,G283777E78292N,1999-06-15T00:00:00,-76.18300498954184,78.29323249999999,57.49110197103843,0,603.551,5,COPDEM90,100.00000000
RGI2000-v7.0-G-03-04281,03,03-04,G284085E78284N,1999-06-15T00:00:00,-75.86041996384697,78.294419,104.42297835042704,0,520.8762,4,COPDEM90,100.00000000
RGI2000-v7.0-G-03-04282,03,03-04,G284278E78318N,1999-06-15T00:00:00,-75.71013168167636,78.31645499999999,3.68612157905142,0,902.7078,5,COPDEM30,36.87898490
RGI2000-v7.0-G-03-04283,03,03-04,G284505E78324N,1999-06-15T00:00:00,-75.51286368708736,78.322251,13.516764489982451,0,790.1638,5,COPDEM90,61.47121370
RGI2000-v7.0-G-03-04284,03,03-04,G284706E78337N,1999-06-15T00:00:00,-75.31522194727904,78.33181300000001,4.053475283961513,0,620.4936,3,COPDEM30,38.18654210
RGI2000-v7.0-G-03-04285,03,03-04,G284706E78354N,1999-06-15T00:00:00,-75.28204877154019,78.352443,14.118913398977378,0,467.53864,2,COPDEM90,62.60519961
RGI2000-v7.0-G-03-04286,03,03-04,G284750E78374N,1999-06-15T00:00:00,-75.25757425759588,78.3725805,5.457455521407449,0,235.31999,2,COPDEM30,42.70567661
RGI2000-v7.0-G-03-04287,03,03-04,G284476E78348N,1999-06-15T00:00:00,-75.42073287474996,78.365891,33.7342571112445,0,639.2856,1,COPDEM90,91.31367901
RGI2000-v7.0-G-03-04288,03,03-04,G284168E78422N,1999-06-15T00:00:00,-75.7646391100848,78.423347,26.582093262116285,0,560.93286,2,COPDEM90,82.18095510
RGI2000-v7.0-G-03-04289,03,03-04,G284414E78401N,1999-06-15T00:00:00,-75.86085927985476,78.3860225,91.38887121171913,0,506.06616,2,COPDEM90,100.00000000
RGI2000-v7.0-G-03-04290,03,03-04,G284232E78592N,1999-06-15T00:00:00,-75.71373985038198,78.5716175,131.87939269085157,0,791.5117,5,COPDEM90,100.00000000
RGI2000-v7.0-G-03-04291,03,03-04,G284659E78590N,1999-06-15T00:00:00,-75.17714863006452,78.588746,79.55269292970291,0,625.65466,4,COPDEM90,100.00000000
RGI2000-v7.0-G-03-04292,03,03-04,G284883E78627N,1999-06-15T00:00:00,-75.20023587509337,78.633853,62.93801474344093,0,661.38196,2,COPDEM90,100.00000000
RGI2000-v7.0-G-03-04293,03,03-04,G284944E78734N,1999-06-15T00:00:00,-75.18213777455453,78.73983150000001,28.566405210881587,0,814.5691,2,COPDEM90,84.82656895
RGI2000-v7.0-G-03-04294,03,03-04,G284738E78757N,1999-06-15T00:00:00,-75.27048669902152,78.7531005,25.779654381333064,0,777.198,2,COPDEM90,81.08313625
RGI2000-v7.0-G-03-04295,03,03-04,G284580E78779N,1999-06-15T00:00:00,-75.27224116480917,78.7956655,43.686140811267315,0,742.1696,2,COPDEM90,100.00000000
RGI2000-v7.0-G-03-04296,03,03-04,G284944E78813N,1999-06-15T00:00:00,-75.05796506050982,78.8095285,2.833270805842736,0,630.9215,2,COPDEM30,33.56525149
RGI2000-v7.0-G-03-04297,03,03-04,G284957E78789N,1999-06-15T00:00:00,-75.03104338593963,78.78967850000001,1.426872252627201,0,694.9375,4,COPDEM30,26.72324614
RGI2000-v7.0-G-03-04298,03,03-04,G284945E78777N,1999-06-15T00:00:00,-75.00871914872873,78.7757515,4.143867434322599,0,628.8147,3,COPDEM30,38.49908801
RGI2000-v7.0-G-03-04299,03,03-04,G284356E78767N,1999-06-15T00:00:00,-75.59291907898307,78.7983995,46.87927212945484,0,855.4784,1,COPDEM90,100.00000000
RGI2000-v7.0-G-03-04300,03,03-04,G283696E78927N,1999-06-15T00:00:00,-76.3231360086885,78.9234985,5.737813380352323,0,1232.5625,8,COPDEM30,43.53522659
RGI2000-v7.0-G-03-04301,03,03-04,G283555E78923N,1999-06-15T00:00:00,-76.48524925022403,78.91273050000001,5.361279102929981,0,1103.1951,4,COPDEM30,42.41621052
RGI2000-v7.0-G-03-04302,03,03-04,G283542E78951N,1999-06-15T00:00:00,-76.42167753339194,78.9601125,46.331923687270844,0,969.69403,1,COPDEM90,100.00000000
RGI2000-v7.0-G-03-04303,03,03-04,G283404E78965N,1999-06-15T00:00:00,-76.57450986799151,78.9722,8.724318723401115,0,955.89465,8,COPDEM30,51.35174083
RGI2000-v7.0-G-03-04304,03,03-04,G283129E78919N,1999-06-15T00:00:00,-76.76764562174563,78.940314,49.37325071691861,0,1014.2567,1,COPDEM90,100.00000000
RGI2000-v7.0-G-03-04305,03,03-04,G282864E78892N,1999-06-15T00:00:00,-76.99708456242273,78.936394,51.219444140182155,0,1143.8906,2,COPDEM90,100.00000000
RGI2000-v7.0-G-03-04306,03,03-04,G282790E78961N,1999-06-15T00:00:00,-77.20237776647814,78.9558285,9.25439523655338,0,1038.0554,1,COPDEM30,52.58945252
RGI2000-v7.0-G-03-04307,03,03-04,G283172E78985N,1999-06-15T00:00:00,-76.82877329934898,78.98494,0.502493699235056,0,840.1155,1,COPDEM30,19.92415060
RGI2000-v7.0-G-03-04308,03,03-04,G283282E78892N,1999-06-15T00:00:00,-76.72982869308191,78.88988549999999,6.660002512965945,0,1224.9464,6,COPDEM30,46.12977294
RGI2000-v7.0-G-03-04309,03,03-04,G283836E78954N,1999-06-15T00:00:00,-76.17714925066383,78.9551565,28.669604984484444,0,917.46387,2,COPDEM90,84.96160735
RGI2000-v7.0-G-03-04310,03,03-04,G281720E78884N,1999-06-15T00:00:00,-78.28093233741671,78.8832305,1.140057059610022,0,1602.0222,6,COPDEM30,24.94828364
RGI2000-v7.0-G-03-04311,03,03-04,G281386E78908N,1999-06-15T00:00:00,-78.65292326576758,78.90586350000001,174.68748112570046,0,1338.4882,2,COPDEM90,100.00000000
RGI2000-v7.0-G-03-04312,03,03-04,G281038E78966N,1999-06-15T00:00:00,-78.92277197936687,78.9775895,58.262673819533596,0,1140.9419,8,COPDEM90,100.00000000
RGI2000-v7.0-G-03-04313,03,03-04,G280791E78931N,1999-06-15T00:00:00,-79.23464753871332,78.93433049999999,63.27321561513319,0,1322.0764,1,COPDEM90,100.00000000
RGI2000-v7.0-G-03-04314,03,03-04,G279837E78892N,1999-06-15T00:00:00,-79.58734945579178,78.89311599999999,516.391955132795,0,1332.2822,1,COPDEM90,100.00000000
RGI2000-v7.0-G-03-04315,03,03-04,G280794E78802N,1999-06-15T00:00:00,-79.14239574805117,78.8197985,190.8313280675973,0,1428.8025,2,COPDEM90,100.00000000
RGI2000-v7.0-G-03-04316,03,03-04,G281094E78741N,1999-06-15T00:00:00,-78.92116553170388,78.7405975,1.046890949820438,0,1482.6316,4,COPDEM30,24.32447647
RGI2000-v7.0-G-03-04317,03,03-04,G281022E78736N,1999-06-15T00:00:00,-78.97825943361252,78.7340435,1.827579942108485,0,1516.2234,4,COPDEM30,28.92632211
RGI2000-v7.0-G-03-04318,03,03-04,G281202E78765N,1999-06-15T00:00:00,-78.79074929569701,78.7606505,1.091547806489054,0,1602.0806,5,COPDEM30,24.62680314
RGI2000-v7.0-G-03-04319,03,03-04,G281286E78771N,1999-06-15T00:00:00,-78.71445947998936,78.7684375,7.011597104860014,0,1455.2925,4,COPDEM30,47.07118871
RGI2000-v7.0-G-03-04320,03,03-04,G281364E78783N,1999-06-15T00:00:00,-78.6319080644922,78.78178750000001,3.411360241903624,0,1527.7434,4,COPDEM30,35.85781521
RGI2000-v7.0-G-03-04321,03,03-04,G281479E78797N,1999-06-15T00:00:00,-78.51593389264221,78.791923,5.933539867994725,0,1438.5378,4,COPDEM30,44.10240188
RGI2000-v7.0-G-03-04322,03,03-04,G281619E78660N,1999-06-15T00:00:00,-78.37999387460769,78.6593695,1.492596263460749,0,1001.3789,2,COPDEM30,27.10405998
RGI2000-v7.0-G-03-04323,03,03-04,G281886E78657N,1999-06-15T00:00:00,-77.8832218823155,78.66746950000001,363.61539283576724,0,1214.9221,8,COPDEM90,100.00000000
RGI2000-v7.0-G-03-04324,03,03-04,G280417E78638N,1999-06-15T00:00:00,-78.95293411952883,78.6471485,789.4915399497282,0,1299.112,3,COPDEM90,100.00000000
RGI2000-v7.0-G-03-04325,03,03-04,G281841E78455N,1999-06-15T00:00:00,-78.9697931422665,78.4674445,1530.2840466323817,0,1177.8853,4,COPDEM90,100.00000000
RGI2000-v7.0-G-03-04326,03,03-04,G282399E78249N,1999-06-15T00:00:00,-77.38526239322105,78.25927300000001,738.3903981464315,0,681.6191,4,COPDEM90,100.00000000
RGI2000-v7.0-G-03-04327,03,03-04,G283108E78094N,1999-06-15T00:00:00,-76.76677106618665,78.10949550000001,305.16788122425237,0,343.33475,2,COPDEM90,100.00000000
RGI2000-v7.0-G-03-04328,03,03-04,G283225E78022N,1999-06-15T00:00:00,-76.76027733507071,78.0041935,46.494878134748106,0,487.5477,4,COPDEM90,100.00000000
RGI2000-v7.0-G-03-04329,03,03-04,G283138E77963N,1999-06-15T00:00:00,-76.84747348482932,77.9679845,78.4246306087693,0,322.04056,4,COPDEM90,100.00000000
RGI2000-v7.0-G-03-04330,03,03-04,G282990E77954N,1999-06-15T00:00:00,-77.01400276747573,77.95686,3.31589443643351,0,156.79993,5,COPDEM30,35.49343660
RGI2000-v7.0-G-03-04331,03,03-04,G282902E77971N,1999-06-15T00:00:00,-77.12391663382647,77.963833,5.608470585910352,0,541.96814,5,COPDEM30,43.15509365
RGI2000-v7.0-G-03-04332,03,03-04,G282817E77978N,1999-06-15T00:00:00,-77.17479121377572,77.9708565,8.92622130060175,0,522.2272,6,COPDEM30,51.82749544
RGI2000-v7.0-G-03-04333,03,03-04,G282743E77973N,1999-06-15T00:00:00,-77.25917655014734,77.97294600000001,3.176515829689021,0,589.71545,7,COPDEM30,34.95189577
RGI2000-v7.0-G-03-04334,03,03-04,G282500E77976N,1999-06-15T00:00:00,-77.46632132494949,77.9866085,8.933958356604865,0,478.66937,3,COPDEM30,51.84561910
RGI2000-v7.0-G-03-04335,03,03-04,G282402E77989N,1999-06-15T00:00:00,-77.62517862123117,77.9804755,18.09482094772289,0,523.9548,5,COPDEM90,69.55321071
RGI2000-v7.0-G-03-04336,03,03-04,G282282E77975N,1999-06-15T00:00:00,-77.71020174371154,77.9742595,7.036957743015352,0,517.77454,5,COPDEM30,47.13817063
RGI2000-v7.0-G-03-04337,03,03-04,G282023E78011N,1999-06-15T00:00:00,-77.99387869919198,78.007514,12.883883232254147,0,548.327,5,COPDEM30,60.25177722
RGI2000-v7.0-G-03-04338,03,03-04,G281888E78004N,1999-06-15T00:00:00,-78.12597526481623,78.0015095,2.537940262064617,0,626.42065,5,COPDEM30,32.30327983
RGI2000-v7.0-G-03-04339,03,03-04,G281761E78078N,1999-06-15T00:00:00,-78.07477810995061,78.07128499999999,181.31362891903763,0,729.8014,5,COPDEM90,100.00000000
RGI2000-v7.0-G-03-04340,03,03-04,G282272E78063N,1999-06-15T00:00:00,-77.73851189028036,78.04979499999999,175.79105997652482,0,653.9435,5,COPDEM90,100.00000000
RGI2000-v7.0-G-03-04341,03,03-04,G282649E78046N,1999-06-15T00:00:00,-77.29287638468637,78.033802,125.56406689200311,0,589.6844,6,COPDEM90,100.00000000
RGI2000-v7.0-G-03-04342,03,03-04,G283600E78031N,1999-06-15T00:00:00,-76.3618600733198,78.0413455,64.03475363351032,0,205.82889,4,COPDEM90,100.00000000
RGI2000-v7.0-G-03-04343,03,03-04,G283943E78039N,1999-06-15T00:00:00,-76.07700629860354,78.03679650000001,12.537867391457487,0,367.21066,6,COPDEM30,59.57239160
RGI2000-v7.0-G-03-04344,03,03-04,G284034E78014N,1999-06-15T00:00:00,-75.94026456981982,78.01750150000001,9.329981528421712,0,597.6432,6,COPDEM30,52.76302585
RGI2000-v7.0-G-03-04345,03,03-04,G284108E78004N,1999-06-15T00:00:00,-75.85374272045544,78.00956149999999,5.620751393762898,0,545.1995,5,COPDEM30,43.19137348
RGI2000-v7.0-G-03-04346,03,03-04,G284121E78048N,1999-06-15T00:00:00,-75.82578449915127,78.04959099999999,31.64248913935993,0,454.38126,3,COPDEM90,88.75231978
RGI2000-v7.0-G-03-04347,03,03-04,G284202E78080N,1999-06-15T00:00:00,-75.7924288309197,78.081942,4.662622190519689,0,479.10522,2,COPDEM30,40.23034815
RGI2000-v7.0-G-03-04348,03,03-04,G284294E78093N,1999-06-15T00:00:00,-75.72081948673619,78.09159600000001,6.40821002335595,0,219.15698,4,COPDEM30,45.44021959
RGI2000-v7.0-G-03-04349,03,03-04,G284263E78113N,1999-06-15T00:00:00,-75.73059308243509,78.116536,6.672536858654189,0,166.49881,1,COPDEM30,46.16375567
RGI2000-v7.0-G-03-04350,03,03-04,G284163E78106N,1999-06-15T00:00:00,-75.79855544557671,78.1128745,7.635654792730245,0,364.59528,1,COPDEM30,48.68576404
RGI2000-v7.0-G-03-04351,03,03-04,G284339E78112N,1999-06-15T00:00:00,-75.653060791873,78.1163005,4.552208261043344,0,399.0245,1,COPDEM30,39.87026647
RGI2000-v7.0-G-03-04352,03,03-04,G284006E78079N,1999-06-15T00:00:00,-76.01000373810366,78.078596,35.08299921210732,0,411.96323,8,COPDEM90,92.92326480
RGI2000-v7.0-G-03-04353,03,03-04,G282212E77822N,1999-06-15T00:00:00,-77.7263963082753,77.819173,48.10506054740855,0,157.32326,8,COPDEM90,100.00000000
RGI2000-v7.0-G-03-04354,03,03-04,G281497E77785N,1999-06-15T00:00:00,-78.28051792565552,77.7785475,95.67277608438796,0,213.49509,3,COPDEM90,100.00000000
RGI2000-v7.0-G-03-04355,03,03-04,G281145E77850N,1999-06-15T00:00:00,-78.85604095454545,77.850121,0.297663263151306,0,1062.3583,3,COPDEM30,17.63819348
RGI2000-v7.0-G-03-04356,03,03-04,G281153E77611N,1999-06-15T00:00:00,-78.84478812336297,77.61057650000001,0.906318239384705,0,768.6234,4,COPDEM30,23.32810470
RGI2000-v7.0-G-03-04357,03,03-04,G280783E77677N,1999-06-15T00:00:00,-78.22156012782384,77.63426749999999,1892.023596167643,0,600.1136,3,COPDEM90,100.00000000
RGI2000-v7.0-G-03-04358,03,03-04,G279474E78735N,1999-06-15T00:00:00,-80.35349030578324,78.7656455,350.2840183584834,0,1297.416,8,COPDEM90,100.00000000
RGI2000-v7.0-G-03-04359,03,03-04,G280467E79018N,1999-06-15T00:00:00,-79.56793946260379,79.0171175,20.708717559139423,0,1238.7998,8,COPDEM90,73.70956476
RGI2000-v7.0-G-03-04360,03,03-04,G285578E78717N,1999-06-15T00:00:00,-74.42350065833253,78.7154645,1.102092834807986,0,452.86392,1,COPDEM30,24.69728531
RGI2000-v7.0-G-03-04361,03,03-05,G264172E76911N,2000-07-28T00:00:00,-95.83450152854323,76.91021,0.632296614254911,0,358.49246,1,COPDEM30,21.13239132
RGI2000-v7.0-G-03-04362,03,03-05,G264474E76809N,2000-07-28T00:00:00,-95.52854142370893,76.806899,0.14919199033843,0,415.53323,1,COPDEM30,15.40755306
RGI2000-v7.0-G-03-04363,03,03-05,G264416E76794N,2000-07-28T00:00:00,-95.58368271614802,76.79441,0.178064892610458,0,363.24112,1,COPDEM30,15.90768304
RGI2000-v7.0-G-03-04364,03,03-05,G264647E76793N,2000-07-28T00:00:00,-95.35295592921148,76.793391,0.111473161211535,0,472.8351,3,COPDEM30,14.67426354
RGI2000-v7.0-G-03-04365,03,03-05,G264925E76713N,2000-07-28T00:00:00,-95.07461769240007,76.71291049999999,0.165022366698481,0,299.90955,1,COPDEM30,15.68721231
RGI2000-v7.0-G-03-04366,03,03-05,G264963E76702N,2000-07-28T00:00:00,-95.0369309983935,76.702397,0.158150464659203,0,423.89807,1,COPDEM30,15.56753905
RGI2000-v7.0-G-03-04367,03,03-05,G264898E76677N,2000-07-28T00:00:00,-95.1020308277512,76.676977,0.166691729129746,0,402.31302,1,COPDEM30,15.71590578
RGI2000-v7.0-G-03-04368,03,03-05,G265253E76663N,2000-07-28T00:00:00,-94.77778559967159,76.661349,2.095570838734432,0,381.6069,1,COPDEM30,30.26652127
RGI2000-v7.0-G-03-04369,03,03-05,G265302E76704N,2000-07-28T00:00:00,-94.70235431227286,76.703671,0.246009416212501,0,416.18997,1,COPDEM30,16.94390708
RGI2000-v7.0-G-03-04370,03,03-05,G265285E76713N,2000-07-28T00:00:00,-94.71547178039869,76.713032,0.159529501972313,0,364.8597,2,COPDEM30,15.59176022
RGI2000-v7.0-G-03-04371,03,03-05,G265196E76713N,2000-07-28T00:00:00,-94.80351179927942,76.7133915,0.099169474678777,0,368.1146,1,COPDEM30,14.40876593
RGI2000-v7.0-G-03-04372,03,03-05,G265373E76705N,2000-07-28T00:00:00,-94.62849979088048,76.7015855,0.17673636178535,0,380.72217,8,COPDEM30,15.88560336
RGI2000-v7.0-G-03-04373,03,03-05,G265413E76693N,2000-07-28T00:00:00,-94.5867504918528,76.693334,0.115860088152407,0,367.53778,8,COPDEM30,14.76535175
RGI2000-v7.0-G-03-04374,03,03-05,G265436E76681N,2000-07-28T00:00:00,-94.56369014764809,76.68069349999999,0.32538744467845,0,448.6532,8,COPDEM30,17.98598392
RGI2000-v7.0-G-03-04375,03,03-05,G265496E76693N,2000-07-28T00:00:00,-94.5041327676487,76.692712,0.637692361994458,0,371.41028,2,COPDEM30,21.17978993
RGI2000-v7.0-G-03-04376,03,03-05,G265465E76707N,2000-07-28T00:00:00,-94.53499766764023,76.707079,0.1424114160422,0,402.90927,2,COPDEM30,15.28324120
RGI2000-v7.0-G-03-04377,03,03-05,G265546E76726N,2000-07-28T00:00:00,-94.4538523874097,76.7260105,0.080218426180768,0,382.03497,2,COPDEM30,13.96520006
RGI2000-v7.0-G-03-04378,03,03-05,G265505E76735N,2000-07-28T00:00:00,-94.49530756547135,76.73456300000001,0.168971797735653,0,369.4571,1,COPDEM30,15.75486510
RGI2000-v7.0-G-03-04379,03,03-05,G265469E76734N,2000-07-28T00:00:00,-94.53124111081411,76.73425499999999,0.075190261274968,0,332.72708,8,COPDEM30,13.83891797
RGI2000-v7.0-G-03-04380,03,03-05,G265426E76736N,2000-07-28T00:00:00,-94.57420227162626,76.73636300000001,0.085322276880981,0,401.65152,1,COPDEM30,14.08939681
RGI2000-v7.0-G-03-04381,03,03-05,G265367E76737N,2000-07-28T00:00:00,-94.63295225291375,76.737279,0.383559942953826,0,314.383,8,COPDEM30,18.67051030
RGI2000-v7.0-G-03-04382,03,03-05,G265338E76749N,2000-07-28T00:00:00,-94.66153428340291,76.748672,0.081458707259443,0,310.63318,1,COPDEM30,13.99573606
RGI2000-v7.0-G-03-04383,03,03-05,G265281E76751N,2000-07-28T00:00:00,-94.71861885572687,76.750699,0.093887342352771,0,333.7266,8,COPDEM30,14.28974581
RGI2000-v7.0-G-03-04384,03,03-05,G265671E76691N,2000-07-28T00:00:00,-94.32912168398491,76.6911535,0.245726261216869,0,355.91696,1,COPDEM30,16.93990974
RGI2000-v7.0-G-03-04385,03,03-05,G268054E76473N,2000-07-25T00:00:00,-91.94592411985612,76.473411,2.803739069129503,0,318.7827,3,COPDEM30,33.44211717
RGI2000-v7.0-G-03-04386,03,03-05,G268116E76391N,2000-07-25T00:00:00,-91.88357733168105,76.39114699999999,72.84770574339929,0,392.13385,2,COPDEM90,100.00000000
RGI2000-v7.0-G-03-04387,03,03-05,G268392E76386N,2000-07-25T00:00:00,-91.60753516609061,76.3863035,8.726865858077321,0,334.3734,1,COPDEM30,51.35777688
RGI2000-v7.0-G-03-04388,03,03-05,G268410E76355N,2000-07-25T00:00:00,-91.58990789812538,76.35519,3.570530759101877,0,405.74332,7,COPDEM30,36.45418736
RGI2000-v7.0-G-03-04389,03,03-05,G268614E76349N,2000-07-25T00:00:00,-91.38605042549655,76.3491815,35.41815052041444,0,427.12598,2,COPDEM90,93.31841034
RGI2000-v7.0-G-03-04390,03,03-05,G268863E76379N,2000-07-25T00:00:00,-91.13742445021762,76.379228,2.571443253731785,0,345.64697,1,COPDEM30,32.45000841
RGI2000-v7.0-G-03-04391,03,03-05,G268887E76296N,2000-07-25T00:00:00,-91.10114733610689,76.29906600000001,1.881153789140818,0,330.9793,1,COPDEM30,29.20172239
RGI2000-v7.0-G-03-04392,03,03-05,G269011E76256N,2000-07-25T00:00:00,-90.99790028513257,76.2550025,47.78325555109717,0,404.00714,1,COPDEM90,100.00000000
RGI2000-v7.0-G-03-04393,03,03-05,G269228E76322N,2000-07-25T00:00:00,-90.79444097314236,76.31832,0.542541633278432,0,229.16011,8,COPDEM30,20.31203957
RGI2000-v7.0-G-03-04394,03,03-05,G269519E76309N,2000-07-25T00:00:00,-90.48120056008372,76.30943400000001,35.694257391191876,0,405.62958,8,COPDEM90,93.64253971
RGI2000-v7.0-G-03-04395,03,03-05,G269653E76328N,2000-07-25T00:00:00,-90.34675018762871,76.3276025,10.765893544625825,0,351.2526,2,COPDEM30,55.93598954
RGI2000-v7.0-G-03-04396,03,03-05,G269589E76347N,2000-07-25T00:00:00,-90.41073385187354,76.34674100000001,5.618144000393566,0,344.4137,2,COPDEM30,43.18367406
RGI2000-v7.0-G-03-04397,03,03-05,G269711E76288N,2000-07-25T00:00:00,-90.28850935926769,76.287915,34.71812016010381,0,356.84637,2,COPDEM90,92.49091799
RGI2000-v7.0-G-03-04398,03,03-05,G269605E76247N,2000-07-25T00:00:00,-90.39456185434501,76.2474045,40.41366361271612,0,392.76343,5,COPDEM90,99.00043858
RGI2000-v7.0-G-03-04399,03,03-05,G269911E76299N,2000-07-25T00:00:00,-90.0765134823013,76.299399,0.990778614462762,0,253.19435,1,COPDEM30,23.93530080
RGI2000-v7.0-G-03-04400,03,03-05,G270072E76272N,2000-07-25T00:00:00,-89.9279497376341,76.272201,0.212020560379188,0,200.579,2,COPDEM30,16.44639666
RGI2000-v7.0-G-03-04401,03,03-05,G270107E76276N,2000-07-25T00:00:00,-89.89321454827822,76.275507,0.671660167026184,0,154.01665,7,COPDEM30,21.47368261
RGI2000-v7.0-G-03-04402,03,03-05,G270208E76265N,2000-07-25T00:00:00,-89.79202364903998,76.264759,32.55782975348469,0,353.86804,8,COPDEM90,89.88325627
RGI2000-v7.0-G-03-04403,03,03-05,G270365E76288N,2000-07-25T00:00:00,-89.65808071899846,76.289388,39.70594262349218,0,408.92285,1,COPDEM90,98.21771225
RGI2000-v7.0-G-03-04404,03,03-05,G270522E76272N,2000-07-25T00:00:00,-89.47831181713191,76.2718795,21.141236627428476,0,407.82434,2,COPDEM90,74.37144071
RGI2000-v7.0-G-03-04405,03,03-05,G270518E76243N,2000-07-25T00:00:00,-89.48167011655146,76.242849,25.366516244696175,0,371.21707,3,COPDEM90,80.51125573
RGI2000-v7.0-G-03-04406,03,03-05,G270349E76225N,2000-07-25T00:00:00,-89.7045753611047,76.2207585,38.95799284417221,0,434.35687,5,COPDEM90,97.38287359
RGI2000-v7.0-G-03-04407,03,03-05,G270480E76462N,2000-07-25T00:00:00,-89.51369874914033,76.46478450000001,1.381447836227091,0,255.00565,2,COPDEM30,26.45490127
RGI2000-v7.0-G-03-04408,03,03-05,G270168E76525N,2000-07-25T00:00:00,-89.81445625600321,76.523201,2.031595519050693,0,217.87192,8,COPDEM30,29.95476689
RGI2000-v7.0-G-03-04409,03,03-05,G270114E76543N,2000-07-25T00:00:00,-89.88564688997509,76.5430575,1.583192911113491,0,167.51405,2,COPDEM30,27.61549916
RGI2000-v7.0-G-03-04410,03,03-05,G269956E76510N,2000-07-25T00:00:00,-90.04042214471676,76.5086025,2.306898056558911,0,224.14708,8,COPDEM30,31.26386651
RGI2000-v7.0-G-03-04411,03,03-05,G269889E76544N,2000-07-25T00:00:00,-90.11095647374123,76.543915,12.552378525752113,0,274.79584,4,COPDEM30,59.60107046
RGI2000-v7.0-G-03-04412,03,03-05,G269698E76603N,2000-07-25T00:00:00,-90.28261424334097,76.603479,0.664492562398821,0,190.6195,7,COPDEM30,21.41229785
RGI2000-v7.0-G-03-04413,03,03-05,G269808E76640N,2000-07-25T00:00:00,-90.19220076959023,76.6401915,0.464772281676537,0,226.96521,7,COPDEM30,19.54438931
RGI2000-v7.0-G-03-04414,03,03-05,G269996E76639N,2000-07-25T00:00:00,-90.0036482227247,76.6385075,102.50211614048025,0,403.47345,1,COPDEM90,100.00000000
RGI2000-v7.0-G-03-04415,03,03-05,G270153E76719N,2000-07-25T00:00:00,-89.84960703449622,76.719423,1.768890662764399,0,251.8211,2,COPDEM30,28.61995086
RGI2000-v7.0-G-03-04416,03,03-05,G270506E76643N,1999-07-07T00:00:00,-89.49568547803129,76.64214949999999,0.496856520694385,0,65.180725,8,COPDEM30,19.86832701
RGI2000-v7.0-G-03-04417,03,03-05,G270560E76654N,1999-07-07T00:00:00,-89.44389162376524,76.6531655,0.550390241270559,0,61.91406,8,COPDEM30,20.38636064
RGI2000-v7.0-G-03-04418,03,03-05,G270622E76661N,1999-07-07T00:00:00,-89.37759027731707,76.660848,3.756005144736951,0,136.79509,8,COPDEM30,37.13258204
RGI2000-v7.0-G-03-04419,03,03-05,G270657E76644N,1999-07-07T00:00:00,-89.34327944903583,76.644134,0.155458644455959,0,316.7998,8,COPDEM30,15.51995419
RGI2000-v7.0-G-03-04420,03,03-05,G270565E76633N,1999-07-07T00:00:00,-89.43050918362832,76.6333015,0.289393830713171,0,217.55765,8,COPDEM30,17.53134721
RGI2000-v7.0-G-03-04421,03,03-05,G270770E76635N,1999-07-07T00:00:00,-89.2331738482037,76.6359215,9.640937313424143,0,438.8095,1,COPDEM30,53.46980232
RGI2000-v7.0-G-03-04422,03,03-05,G270761E76659N,1999-07-07T00:00:00,-89.23945943654212,76.6588975,0.19443960890964,0,291.0206,1,COPDEM30,16.17334296
RGI2000-v7.0-G-03-04423,03,03-05,G270818E76659N,1999-07-07T00:00:00,-89.18151567613637,76.65905649999999,0.4407988555427,0,274.42975,1,COPDEM30,19.29497583
RGI2000-v7.0-G-03-04424,03,03-05,G270816E76667N,1999-07-07T00:00:00,-89.18382030111923,76.6674855,0.238818021243304,0,219.97627,1,COPDEM30,16.84166151
RGI2000-v7.0-G-03-04425,03,03-05,G270844E76672N,1999-07-07T00:00:00,-89.15529755238394,76.6717955,0.684491677176394,0,267.8467,4,COPDEM30,21.58276171
RGI2000-v7.0-G-03-04426,03,03-05,G270676E76689N,1999-07-07T00:00:00,-89.32596661484283,76.68834000000001,0.751234508224922,0,306.10428,8,COPDEM30,22.13432996
RGI2000-v7.0-G-03-04427,03,03-05,G270742E76745N,1999-07-07T00:00:00,-89.25788236907388,76.74479099999999,0.553682665722405,0,321.06265,8,COPDEM30,20.41737983
RGI2000-v7.0-G-03-04428,03,03-05,G270733E76770N,1999-07-07T00:00:00,-89.26754765798509,76.7708665,0.488127789469889,0,309.2917,8,COPDEM30,19.78125998
RGI2000-v7.0-G-03-04429,03,03-05,G270977E76702N,1999-07-07T00:00:00,-88.94248846215487,76.696756,59.06396130762588,0,410.0353,8,COPDEM90,100.00000000
RGI2000-v7.0-G-03-04430,03,03-05,G271053E76621N,1999-07-07T00:00:00,-88.9491688279983,76.6213635,2.16178398752301,0,303.7175,1,COPDEM30,30.58420903
RGI2000-v7.0-G-03-04431,03,03-05,G270804E76598N,1999-07-07T00:00:00,-89.2123606965651,76.592851,4.34619887376834,0,380.97952,7,COPDEM30,39.18655477
RGI2000-v7.0-G-03-04432,03,03-05,G271001E76501N,1999-07-07T00:00:00,-88.98376452108022,76.5059725,0.907512833436137,0,293.34583,8,COPDEM30,23.33688552
RGI2000-v7.0-G-03-04433,03,03-05,G271058E76475N,1999-07-07T00:00:00,-88.9399066590955,76.474261,1.724050682297598,0,299.7014,8,COPDEM30,28.38243547
RGI2000-v7.0-G-03-04434,03,03-05,G271880E76619N,1999-08-03T00:00:00,-88.13017238157894,76.61891,61.97106639642889,0,532.69257,6,COPDEM90,100.00000000
RGI2000-v7.0-G-03-04435,03,03-05,G271960E76693N,1999-08-03T00:00:00,-88.04061530021474,76.695031,53.55236507850049,0,664.7698,3,COPDEM90,100.00000000
RGI2000-v7.0-G-03-04436,03,03-05,G271806E76718N,1999-07-07T00:00:00,-88.23065417432716,76.716815,14.959076176914406,0,683.39185,7,COPDEM90,64.14775093
RGI2000-v7.0-G-03-04437,03,03-05,G271851E76757N,1999-07-07T00:00:00,-88.09513479343309,76.78725,26.349547575233043,0,650.34204,8,COPDEM90,81.86453454
RGI2000-v7.0-G-03-04438,03,03-05,G272034E76753N,1999-07-07T00:00:00,-87.99996390509014,76.78365149999999,37.34881539305696,0,657.2105,2,COPDEM90,95.55914806
RGI2000-v7.0-G-03-04439,03,03-05,G272120E76853N,1999-07-07T00:00:00,-87.87219079914985,76.8518085,30.348739032577008,0,634.70374,7,COPDEM90,87.12556548
RGI2000-v7.0-G-03-04440,03,03-05,G271912E76881N,1999-07-07T00:00:00,-88.09231126631764,76.8812165,0.653609674407876,0,428.23865,8,COPDEM30,21.31845821
RGI2000-v7.0-G-03-04441,03,03-05,G272691E76910N,1999-08-03T00:00:00,-87.30891746129033,76.9097655,0.194340655629681,0,611.83514,1,COPDEM30,16.17177191
RGI2000-v7.0-G-03-04442,03,03-05,G272760E76885N,1999-08-03T00:00:00,-87.2507532476518,76.8874165,0.24393756903166,0,470.25925,8,COPDEM30,16.91460509
RGI2000-v7.0-G-03-04443,03,03-05,G272823E76824N,1999-08-03T00:00:00,-87.17505673588067,76.82890599999999,6.82274557113996,0,663.7942,8,COPDEM30,46.56854019
RGI2000-v7.0-G-03-04444,03,03-05,G273054E76826N,1999-08-03T00:00:00,-86.90524246313385,76.838787,14.241637050518886,0,793.17566,8,COPDEM90,62.83333097
RGI2000-v7.0-G-03-04445,03,03-05,G273385E76838N,1999-08-03T00:00:00,-86.72278604046446,76.817794,22.779201237594208,0,782.3031,7,COPDEM90,76.81858606
RGI2000-v7.0-G-03-04446,03,03-05,G273326E76867N,1999-08-03T00:00:00,-86.68829611712707,76.863355,26.620122987333225,0,842.218,8,COPDEM90,82.23256956
RGI2000-v7.0-G-03-04447,03,03-05,G273546E76890N,1999-08-03T00:00:00,-86.53727608687112,76.88277400000001,30.892079862858047,0,956.8253,8,COPDEM90,87.81290159
RGI2000-v7.0-G-03-04448,03,03-05,G273566E76904N,1999-08-03T00:00:00,-86.43437707181772,76.9043115,7.75911385292812,0,940.6146,8,COPDEM30,48.99726035
RGI2000-v7.0-G-03-04449,03,03-05,G273785E76921N,1999-07-07T00:00:00,-86.24196097688582,76.9234635,65.67030979100399,0,998.7294,8,COPDEM90,100.00000000
RGI2000-v7.0-G-03-04450,03,03-05,G273681E76973N,1999-07-07T00:00:00,-86.31906394730538,76.9733155,1.19758654079912,0,546.36475,1,COPDEM30,25.32080161
RGI2000-v7.0-G-03-04451,03,03-05,G273852E76994N,1999-07-07T00:00:00,-86.10422626573938,76.9804225,55.63765305523941,0,930.91656,8,COPDEM90,100.00000000
RGI2000-v7.0-G-03-04452,03,03-05,G274036E76914N,1999-07-07T00:00:00,-85.99329388633973,77.03085899999999,41.52515169033118,0,805.80145,8,COPDEM90,100.00000000
RGI2000-v7.0-G-03-04453,03,03-05,G274218E76986N,1999-07-07T00:00:00,-85.79297992235885,77.04495449999999,31.390732077234198,0,810.60876,1,COPDEM90,88.43840569
RGI2000-v7.0-G-03-04454,03,03-05,G274194E76959N,2002-07-19T00:00:00,-85.80645925520834,76.95853149999999,107.41239656688047,0,1144.0804,2,COPDEM90,100.00000000
RGI2000-v7.0-G-03-04455,03,03-05,G274463E76933N,2002-07-19T00:00:00,-85.47135254406706,76.949645,51.23450489252279,0,965.41394,2,COPDEM90,100.00000000
RGI2000-v7.0-G-03-04456,03,03-05,G274713E76934N,2002-07-19T00:00:00,-85.22172755396805,76.937074,108.38047743765608,0,1108.7256,8,COPDEM90,100.00000000
RGI2000-v7.0-G-03-04457,03,03-05,G274811E76998N,2002-07-19T00:00:00,-85.19745356363637,77.00737699999999,6.893205660829373,0,946.7073,8,COPDEM30,46.75688112
RGI2000-v7.0-G-03-04458,03,03-05,G274827E77029N,2002-07-19T00:00:00,-85.17337102224201,77.0288675,0.11203853273253,0,681.6106,1,COPDEM30,14.68610205
RGI2000-v7.0-G-03-04459,03,03-05,G274838E77030N,2002-07-19T00:00:00,-85.16185487533625,77.0302995,0.115907210516364,0,687.43915,8,COPDEM30,14.76632073
RGI2000-v7.0-G-03-04460,03,03-05,G275085E77024N,2002-07-19T00:00:00,-84.93661153604295,77.0358105,13.04217429417646,0,979.04205,8,COPDEM90,60.55953087
RGI2000-v7.0-G-03-04461,03,03-05,G275157E77028N,2002-07-19T00:00:00,-84.8218517361819,77.0397695,5.631977748540401,0,880.33936,1,COPDEM30,43.22450359
RGI2000-v7.0-G-03-04462,03,03-05,G275247E77043N,2002-07-19T00:00:00,-84.74959611689857,77.048113,5.011623375599231,0,882.521,8,COPDEM30,41.34131748
RGI2000-v7.0-G-03-04463,03,03-05,G275296E77053N,2002-07-19T00:00:00,-84.70438844622498,77.0531115,1.010797277657537,0,800.65515,1,COPDEM30,24.07537802
RGI2000-v7.0-G-03-04464,03,03-05,G275526E77082N,2002-07-19T00:00:00,-84.46926015625,77.080804,0.28816116029109,0,686.482,8,COPDEM30,17.51529024
RGI2000-v7.0-G-03-04465,03,03-05,G275572E77075N,2002-07-19T00:00:00,-84.42376648277607,77.0739505,1.345204095304421,0,961.0753,1,COPDEM30,26.23761074
RGI2000-v7.0-G-03-04466,03,03-05,G275704E77100N,2002-07-19T00:00:00,-84.2891318567992,77.0951175,1.104248579495892,0,928.693,7,COPDEM30,24.71165258
RGI2000-v7.0-G-03-04467,03,03-05,G275836E77097N,2002-07-19T00:00:00,-84.16923215575812,77.1018535,2.626591267689423,0,868.7529,8,COPDEM30,32.68946647
RGI2000-v7.0-G-03-04468,03,03-05,G275755E77068N,2002-07-19T00:00:00,-84.24477258903877,77.0676175,3.013486087355959,0,752.1438,8,COPDEM30,34.30315356
RGI2000-v7.0-G-03-04469,03,03-05,G275840E77061N,2002-07-19T00:00:00,-84.15467910116917,77.059537,4.787731822437064,0,840.43805,2,COPDEM30,40.63324072
RGI2000-v7.0-G-03-04470,03,03-05,G276002E77052N,2002-07-19T00:00:00,-84.03396565350951,77.0495855,9.162638754434393,0,849.1324,8,COPDEM30,52.37779130
RGI2000-v7.0-G-03-04471,03,03-05,G276026E77031N,2002-07-19T00:00:00,-83.97384069138594,77.030513,5.390184987165476,0,826.6748,3,COPDEM30,42.50348070
RGI2000-v7.0-G-03-04472,03,03-05,G275973E77022N,2002-07-19T00:00:00,-84.02722745367494,77.0223175,2.32995958581151,0,899.0041,7,COPDEM30,31.36988720
RGI2000-v7.0-G-03-04473,03,03-05,G275888E77003N,2002-07-19T00:00:00,-84.11177825755587,77.0025915,0.187735423343117,0,637.4339,2,COPDEM30,16.06598244
RGI2000-v7.0-G-03-04474,03,03-05,G275891E76994N,2002-07-19T00:00:00,-84.10948638706466,76.99431050000001,0.976313802868282,0,769.00195,1,COPDEM30,23.83320300
RGI2000-v7.0-G-03-04475,03,03-05,G275832E76994N,2002-07-19T00:00:00,-84.1681343111391,76.9938475,0.364918871324871,0,724.4838,8,COPDEM30,18.45719213
RGI2000-v7.0-G-03-04476,03,03-05,G275925E76981N,2002-07-19T00:00:00,-84.07470166937262,76.9812315,0.083247028640866,0,869.6047,7,COPDEM30,14.03935856
RGI2000-v7.0-G-03-04477,03,03-05,G275925E76973N,2002-07-19T00:00:00,-84.07540222882832,76.97261850000001,0.246713834259502,0,720.6508,8,COPDEM30,16.95384149
RGI2000-v7.0-G-03-04478,03,03-05,G275921E76963N,2002-07-19T00:00:00,-84.07903150209754,76.96318500000001,0.219047688003744,0,720.0652,8,COPDEM30,16.55235430
RGI2000-v7.0-G-03-04479,03,03-05,G275993E76961N,2002-07-19T00:00:00,-84.00677487925418,76.961424,0.858930369631541,0,804.919,7,COPDEM30,22.97498950
RGI2000-v7.0-G-03-04480,03,03-05,G275991E76974N,2002-07-19T00:00:00,-84.00883225402029,76.973672,0.892721169446377,0,949.2226,6,COPDEM30,23.22774921
RGI2000-v7.0-G-03-04481,03,03-05,G275995E76995N,2002-07-19T00:00:00,-84.0280308154378,76.9944205,8.657884281584698,0,857.8756,8,COPDEM30,51.19399615
RGI2000-v7.0-G-03-04482,03,03-05,G276074E77000N,2002-07-19T00:00:00,-83.92640789447863,76.999651,4.818310200691069,0,838.2764,2,COPDEM30,40.73090951
RGI2000-v7.0-G-03-04483,03,03-05,G276081E76981N,2002-07-19T00:00:00,-83.91946953222282,76.98060899999999,2.720476324601294,0,802.3051,3,COPDEM30,33.09141311
RGI2000-v7.0-G-03-04484,03,03-05,G276214E76969N,2002-07-19T00:00:00,-83.78893881641176,76.9691915,2.060531658085807,0,873.8374,8,COPDEM30,30.09637293
RGI2000-v7.0-G-03-04485,03,03-05,G276217E76982N,2002-07-19T00:00:00,-83.75246902059223,76.97554650000001,2.622838277855228,0,843.92523,1,COPDEM30,32.67325081
RGI2000-v7.0-G-03-04486,03,03-05,G276285E76979N,2002-07-19T00:00:00,-83.68724669494264,76.97939600000001,10.00563396398901,0,864.0092,8,COPDEM30,54.28435680
RGI2000-v7.0-G-03-04487,03,03-05,G276379E77004N,2002-07-19T00:00:00,-83.62343189847022,77.0014925,16.096058985373112,0,882.50867,1,COPDEM90,66.16785167
RGI2000-v7.0-G-03-04488,03,03-05,G276444E77006N,2002-07-19T00:00:00,-83.55637084831889,77.0055395,4.180212199778232,0,769.47253,2,COPDEM30,38.62379414
RGI2000-v7.0-G-03-04489,03,03-05,G276597E77021N,2002-07-19T00:00:00,-83.42884264246203,77.007011,0.788307440889639,0,782.6669,7,COPDEM30,22.43013509
RGI2000-v7.0-G-03-04490,03,03-05,G276592E77013N,2002-07-19T00:00:00,-83.40821641301997,77.01305500000001,2.804049420449627,0,808.682,5,COPDEM30,33.44341456
RGI2000-v7.0-G-03-04491,03,03-05,G276565E77024N,2002-07-19T00:00:00,-83.43476020168771,77.0239375,2.164792603687572,0,726.74023,7,COPDEM30,30.59852787
RGI2000-v7.0-G-03-04492,03,03-05,G276594E77047N,2002-07-19T00:00:00,-83.40310275670333,77.0427375,3.582863944388007,0,762.54364,2,COPDEM30,36.49983647
RGI2000-v7.0-G-03-04493,03,03-05,G276531E77065N,2002-07-19T00:00:00,-83.46421954838954,77.0649205,0.687692955132715,0,683.1149,1,COPDEM30,21.60981564
RGI2000-v7.0-G-03-04494,03,03-05,G276468E77082N,2002-07-19T00:00:00,-83.5263040743349,77.0804155,0.775514817719982,0,760.5873,1,COPDEM30,22.32886468
RGI2000-v7.0-G-03-04495,03,03-05,G276404E77106N,2002-07-19T00:00:00,-83.61709577278558,77.1119945,6.097929684443237,0,858.12805,1,COPDEM30,44.57158108
RGI2000-v7.0-G-03-04496,03,03-05,G276124E77074N,2002-07-19T00:00:00,-83.87086333470148,77.07192549999999,0.531635463889929,0,683.2633,2,COPDEM30,20.20786711
RGI2000-v7.0-G-03-04497,03,03-05,G276063E77064N,2002-07-19T00:00:00,-83.93694592053761,77.063824,4.033229576413849,0,858.3953,1,COPDEM30,38.11606297
RGI2000-v7.0-G-03-04498,03,03-05,G276104E77051N,2002-07-19T00:00:00,-83.89606124413932,77.0507315,3.375539228083152,0,872.87634,2,COPDEM30,35.72169685
RGI2000-v7.0-G-03-04499,03,03-05,G276142E76959N,2002-07-19T00:00:00,-83.82616787726073,76.94219799999999,26.568473025470443,0,844.82666,2,COPDEM90,82.16246055
RGI2000-v7.0-G-03-04500,03,03-05,G276406E76963N,2002-07-19T00:00:00,-83.69863618404253,76.9474175,21.83362405658581,0,921.4805,4,COPDEM90,75.41704912
RGI2000-v7.0-G-03-04501,03,03-05,G276335E76919N,2002-07-19T00:00:00,-83.6785478154762,76.914861,16.69080063467264,0,864.38336,6,COPDEM90,67.19612683
RGI2000-v7.0-G-03-04502,03,03-05,G276415E76918N,2002-07-19T00:00:00,-83.58484991349098,76.91817900000001,2.005883946754354,0,868.27185,3,COPDEM30,29.82809253
RGI2000-v7.0-G-03-04503,03,03-05,G276437E76898N,2002-07-19T00:00:00,-83.56259591895471,76.898417,3.547249457030955,0,811.3154,3,COPDEM30,36.36780032
RGI2000-v7.0-G-03-04504,03,03-05,G276528E76918N,2002-07-19T00:00:00,-83.472131931284,76.91765000000001,1.273328953395194,0,812.29285,5,COPDEM30,25.79786298
RGI2000-v7.0-G-03-04505,03,03-05,G276536E76934N,2002-07-19T00:00:00,-83.43586544178572,76.9241115,2.58480138607237,0,768.9185,3,COPDEM30,32.50824453
RGI2000-v7.0-G-03-04506,03,03-05,G276515E76929N,2002-07-19T00:00:00,-83.48461858841586,76.928623,2.189140051279396,0,869.54016,6,COPDEM30,30.71403993
RGI2000-v7.0-G-03-04507,03,03-05,G276530E76941N,2002-07-19T00:00:00,-83.46953288158412,76.9413945,2.364521488029503,0,848.2068,2,COPDEM30,31.52780090
RGI2000-v7.0-G-03-04508,03,03-05,G276602E76955N,2002-07-19T00:00:00,-83.39615131329809,76.95473849999999,0.110706107057562,0,758.37286,3,COPDEM30,14.65815382
RGI2000-v7.0-G-03-04509,03,03-05,G276511E76974N,2002-07-19T00:00:00,-83.48231582537514,76.9689175,9.211245322723185,0,899.1474,3,COPDEM30,52.49004687
RGI2000-v7.0-G-03-04510,03,03-05,G276615E76995N,2002-07-19T00:00:00,-83.38306072048299,76.99458200000001,1.224845758479389,0,761.8537,2,COPDEM30,25.49418500
RGI2000-v7.0-G-03-04511,03,03-05,G276684E76984N,2002-07-19T00:00:00,-83.330754686217,76.980144,2.333129040614772,0,670.6289,2,COPDEM30,31.38441704
RGI2000-v7.0-G-03-04512,03,03-05,G276664E77027N,2002-07-19T00:00:00,-83.31539028846343,77.023046,4.77564273978969,0,764.7566,2,COPDEM30,40.59454162
RGI2000-v7.0-G-03-04513,03,03-05,G276764E77028N,2002-07-19T00:00:00,-83.22601656824061,77.027784,3.03584251765608,0,784.2882,1,COPDEM30,34.39313702
RGI2000-v7.0-G-03-04514,03,03-05,G276761E77061N,2002-07-19T00:00:00,-83.2343598708276,77.0591525,0.726688002796695,0,743.89514,8,COPDEM30,21.93443960
RGI2000-v7.0-G-03-04515,03,03-05,G276798E77062N,2002-07-19T00:00:00,-83.19824022378049,77.06150450000001,0.301640034371813,0,728.2599,1,COPDEM30,17.68904719
RGI2000-v7.0-G-03-04516,03,03-05,G276858E77096N,2002-07-19T00:00:00,-83.14443500000002,77.098293,7.098953838022541,0,776.6111,1,COPDEM30,47.30140684
RGI2000-v7.0-G-03-04517,03,03-05,G276756E77145N,2002-07-19T00:00:00,-83.23824779077103,77.1437195,3.847637422300627,0,804.61346,8,COPDEM30,37.46155376
RGI2000-v7.0-G-03-04518,03,03-05,G276823E77195N,2002-07-19T00:00:00,-83.17706679483696,77.19507,0.128891790867181,0,689.24554,7,COPDEM30,15.02621040
RGI2000-v7.0-G-03-04519,03,03-05,G276862E77190N,2002-07-19T00:00:00,-83.14187380620226,77.19700900000001,3.702231700797185,0,835.59644,7,COPDEM30,36.93765790
RGI2000-v7.0-G-03-04520,03,03-05,G276789E76948N,2002-07-19T00:00:00,-83.20528935164833,76.947066,0.432340004917411,0,655.90454,2,COPDEM30,19.20535936
RGI2000-v7.0-G-03-04521,03,03-05,G276743E76888N,2002-07-19T00:00:00,-83.25827543145164,76.886366,0.462351967071041,0,699.9698,2,COPDEM30,19.51950553
RGI2000-v7.0-G-03-04522,03,03-05,G276775E76870N,2002-07-19T00:00:00,-83.21968427745666,76.86997,4.312896564620488,0,746.14307,1,COPDEM30,39.07452023
RGI2000-v7.0-G-03-04523,03,03-05,G276850E76865N,2002-07-19T00:00:00,-83.14901546577848,76.864089,0.146017789814148,0,705.4336,8,COPDEM30,15.34971839
RGI2000-v7.0-G-03-04524,03,03-05,G276840E76841N,2002-07-19T00:00:00,-83.19733085372522,76.833878,7.919104744839208,0,811.8436,1,COPDEM30,49.39726551
RGI2000-v7.0-G-03-04525,03,03-05,G276856E76815N,2002-07-19T00:00:00,-83.17310913323229,76.802954,4.783105474388013,0,756.84064,2,COPDEM30,40.61843681
RGI2000-v7.0-G-03-04526,03,03-05,G276875E76805N,2002-07-19T00:00:00,-83.12438701785715,76.80449899999999,0.402431189139177,0,691.27,3,COPDEM30,18.88124502
RGI2000-v7.0-G-03-04527,03,03-05,G276953E76800N,2002-07-19T00:00:00,-83.04051626046382,76.789583,7.941877670771317,0,759.1017,1,COPDEM30,49.45387210
RGI2000-v7.0-G-03-04528,03,03-05,G277001E76815N,2002-07-19T00:00:00,-82.99996734319589,76.815349,0.640747867261352,0,762.0469,1,COPDEM30,21.20654193
RGI2000-v7.0-G-03-04529,03,03-05,G277222E76774N,2002-07-19T00:00:00,-82.80489369962785,76.777985,1.303758939993331,0,818.1002,1,COPDEM30,25.98551695
RGI2000-v7.0-G-03-04530,03,03-05,G277170E76745N,2002-07-19T00:00:00,-82.84587360777432,76.739289,4.505609725338746,0,770.73425,1,COPDEM30,39.71699019
RGI2000-v7.0-G-03-04531,03,03-05,G277046E76726N,2002-07-19T00:00:00,-82.96628226028622,76.723559,13.04039925211845,0,754.5344,1,COPDEM90,60.55609017
RGI2000-v7.0-G-03-04532,03,03-05,G276933E76751N,2002-07-19T00:00:00,-83.06753276785714,76.751171,0.107521249027072,0,765.16376,6,COPDEM30,14.59066061
RGI2000-v7.0-G-03-04533,03,03-05,G276949E76754N,2002-07-19T00:00:00,-83.04473471627173,76.75582800000001,0.207352802545201,0,732.581,2,COPDEM30,16.37504112
RGI2000-v7.0-G-03-04534,03,03-05,G276878E76746N,2002-07-19T00:00:00,-83.1220697655593,76.745555,0.281416649077717,0,703.19977,2,COPDEM30,17.42682053
RGI2000-v7.0-G-03-04535,03,03-05,G276986E76679N,2002-07-19T00:00:00,-83.03320930260867,76.68071499999999,8.808563128342309,0,811.5585,1,COPDEM30,51.55091302
RGI2000-v7.0-G-03-04536,03,03-05,G277154E76628N,2002-07-19T00:00:00,-82.85137806704302,76.62690900000001,0.853029742737971,0,697.50977,1,COPDEM30,22.93034530
RGI2000-v7.0-G-03-04537,03,03-05,G277272E76627N,2002-07-19T00:00:00,-82.72587228556861,76.6259995,0.209962589929167,0,616.2498,1,COPDEM30,16.41503450
RGI2000-v7.0-G-03-04538,03,03-05,G277294E76602N,2002-07-19T00:00:00,-82.70510295691548,76.6018765,4.334990064227384,0,717.414,1,COPDEM30,39.14889453
RGI2000-v7.0-G-03-04539,03,03-05,G277292E76591N,2002-07-19T00:00:00,-82.7219898364168,76.58974,0.743134543702986,0,713.97363,6,COPDEM30,22.06873525
RGI2000-v7.0-G-03-04540,03,03-05,G277181E76588N,2002-07-19T00:00:00,-82.81330353386227,76.5870995,0.487777219201049,0,596.44885,8,COPDEM30,19.77774693
RGI2000-v7.0-G-03-04541,03,03-05,G277263E76547N,2002-07-19T00:00:00,-82.73732048113128,76.54739649999999,37.951452786658706,0,796.7797,7,COPDEM90,96.24665064
RGI2000-v7.0-G-03-04542,03,03-05,G277379E76557N,2002-07-19T00:00:00,-82.55798382147074,76.5678115,51.857393574681005,0,792.1018,1,COPDEM90,100.00000000
RGI2000-v7.0-G-03-04543,03,03-05,G277576E76579N,2002-07-19T00:00:00,-82.42642812100523,76.5795095,1.233435014808398,0,714.7787,1,COPDEM30,25.54841673
RGI2000-v7.0-G-03-04544,03,03-05,G277645E76569N,2002-07-19T00:00:00,-82.35537418992317,76.56908949999999,7.679668587544363,0,552.5561,2,COPDEM30,48.79710096
RGI2000-v7.0-G-03-04545,03,03-05,G277616E76543N,2002-07-19T00:00:00,-82.38352255305716,76.542958,9.128900111966932,0,780.98004,2,COPDEM30,52.29969766
RGI2000-v7.0-G-03-04546,03,03-05,G277530E76514N,2002-07-19T00:00:00,-82.47021735398519,76.51426599999999,13.69718428318235,0,1053.6282,2,COPDEM90,61.81359010
RGI2000-v7.0-G-03-04547,03,03-05,G277471E76498N,2002-07-19T00:00:00,-82.52905652666232,76.4981655,1.528413135454155,0,1056.7599,6,COPDEM30,27.30806097
RGI2000-v7.0-G-03-04548,03,03-05,G277499E76492N,2002-07-19T00:00:00,-82.50096238031108,76.4919165,1.13441625863845,0,1038.9099,6,COPDEM30,24.91125705
RGI2000-v7.0-G-03-04549,03,03-05,G277525E76489N,2002-07-19T00:00:00,-82.47481891544327,76.4885,1.031597543879009,0,1002.8239,6,COPDEM30,24.21946267
RGI2000-v7.0-G-03-04550,03,03-05,G277564E76485N,2002-07-19T00:00:00,-82.43622471977469,76.48456250000001,1.508367787709623,0,847.2465,5,COPDEM30,27.19418758
RGI2000-v7.0-G-03-04551,03,03-05,G277632E76489N,2002-07-19T00:00:00,-82.36781062715932,76.488874,8.015404230474154,0,819.2327,4,COPDEM30,49.63608494
RGI2000-v7.0-G-03-04552,03,03-05,G277521E76459N,2002-07-19T00:00:00,-82.47869561674204,76.4588665,8.170477772733301,0,639.0893,7,COPDEM30,50.01766664
RGI2000-v7.0-G-03-04553,03,03-05,G277472E76439N,2002-07-19T00:00:00,-82.52848530511812,76.4389745,0.123104767042586,0,518.99384,8,COPDEM30,14.91208045
RGI2000-v7.0-G-03-04554,03,03-05,G277492E76436N,2002-07-19T00:00:00,-82.50764505888577,76.4359825,0.111332751368252,0,651.6286,7,COPDEM30,14.67131879
RGI2000-v7.0-G-03-04555,03,03-05,G277581E76433N,2002-07-19T00:00:00,-82.41875352554598,76.4331645,5.782733007755199,0,687.3495,6,COPDEM30,43.66623931
RGI2000-v7.0-G-03-04556,03,03-05,G277655E76440N,2002-07-19T00:00:00,-82.34544168085912,76.4402865,8.548638636694509,0,698.11743,2,COPDEM30,50.93327708
RGI2000-v7.0-G-03-04557,03,03-05,G277407E76477N,2002-07-19T00:00:00,-82.58687563737371,76.4778135,0.568813873241746,0,502.21375,7,COPDEM30,20.55876504
RGI2000-v7.0-G-03-04558,03,03-05,G277433E76504N,2002-07-19T00:00:00,-82.56691288693469,76.504359,1.701645083625217,0,1144.9429,5,COPDEM30,28.26259665
RGI2000-v7.0-G-03-04559,03,03-05,G277234E76482N,2002-07-19T00:00:00,-82.75622551430352,76.481877,6.93912719046448,0,841.9314,1,COPDEM30,46.87911237
RGI2000-v7.0-G-03-04560,03,03-05,G277291E76456N,2002-07-19T00:00:00,-82.70912944247803,76.45578950000001,0.972865840359633,0,672.48413,6,COPDEM30,23.80875464
RGI2000-v7.0-G-03-04561,03,03-05,G277297E76454N,2002-07-19T00:00:00,-82.69241804261758,76.45643849999999,1.535049577341687,0,690.4577,2,COPDEM30,27.34559648
RGI2000-v7.0-G-03-04562,03,03-05,G277291E76448N,2002-07-19T00:00:00,-82.70941082021929,76.447978,1.157413437571801,0,739.6333,6,COPDEM30,25.06164114
RGI2000-v7.0-G-03-04563,03,03-05,G277312E76426N,2002-07-19T00:00:00,-82.68820831881703,76.4263005,1.807850272082414,0,610.36536,1,COPDEM30,28.82388518
RGI2000-v7.0-G-03-04564,03,03-05,G277298E76421N,2002-07-19T00:00:00,-82.71723380329964,76.4124865,3.157505902149478,0,554.5183,7,COPDEM30,34.87712115
RGI2000-v7.0-G-03-04565,03,03-05,G277215E76425N,2002-07-19T00:00:00,-82.77840345941343,76.4246915,1.210260622965879,0,528.13586,8,COPDEM30,25.40165842
RGI2000-v7.0-G-03-04566,03,03-05,G277025E76463N,2002-07-19T00:00:00,-82.97535959537939,76.463384,0.953796937564167,0,631.145,8,COPDEM30,23.67275392
RGI2000-v7.0-G-03-04567,03,03-05,G276969E76462N,2002-07-19T00:00:00,-83.031168768692,76.462264,0.071893311310715,0,617.5349,1,COPDEM30,13.75380993
RGI2000-v7.0-G-03-04568,03,03-05,G276691E76432N,1999-07-13T00:00:00,-83.30384257540558,76.434716,5.151085075672134,0,642.4718,1,COPDEM30,41.77440282
RGI2000-v7.0-G-03-04569,03,03-05,G276606E76431N,1999-07-13T00:00:00,-83.3879027404783,76.43142800000001,0.163124451181336,0,516.2857,8,COPDEM30,15.65441354
RGI2000-v7.0-G-03-04570,03,03-05,G276612E76424N,1999-07-13T00:00:00,-83.38838162526227,76.42491749999999,0.207742288147907,0,701.2742,1,COPDEM30,16.38102566
RGI2000-v7.0-G-03-04571,03,03-05,G276455E76449N,1999-08-03T00:00:00,-83.54507393248758,76.448525,0.07548534960178,0,489.7845,2,COPDEM30,13.84644362
RGI2000-v7.0-G-03-04572,03,03-05,G276416E76442N,1999-08-03T00:00:00,-83.5806058812689,76.44265150000001,2.04883705678933,0,614.74243,1,COPDEM30,30.03926304
RGI2000-v7.0-G-03-04573,03,03-05,G276378E76436N,1999-08-03T00:00:00,-83.62195927542297,76.4361985,0.134588459739921,0,457.82077,3,COPDEM30,15.13608198
RGI2000-v7.0-G-03-04574,03,03-05,G276324E76443N,1999-08-03T00:00:00,-83.68437207561928,76.44224299999999,0.056159210515167,0,607.1379,1,COPDEM30,13.31771085
RGI2000-v7.0-G-03-04575,03,03-05,G276294E76448N,1999-08-03T00:00:00,-83.70590497532635,76.44787249999999,0.110627961290781,0,485.95056,8,COPDEM30,14.65650947
RGI2000-v7.0-G-03-04576,03,03-05,G276459E76483N,1999-07-13T00:00:00,-83.54908989028385,76.4851725,2.255806704479323,0,604.69196,8,COPDEM30,31.02708049
RGI2000-v7.0-G-03-04577,03,03-05,G276497E76483N,1999-07-13T00:00:00,-83.50267742945738,76.4834645,0.086227771978328,0,592.95087,3,COPDEM30,14.11103920
RGI2000-v7.0-G-03-04578,03,03-05,G276512E76486N,1999-07-13T00:00:00,-83.48767492762717,76.48634849999999,0.082569078306548,0,576.4136,4,COPDEM30,14.02287700
RGI2000-v7.0-G-03-04579,03,03-05,G276576E76500N,2002-07-19T00:00:00,-83.41268270660396,76.49919,2.020480310525875,0,648.2025,1,COPDEM30,29.90010404
RGI2000-v7.0-G-03-04580,03,03-05,G276273E76506N,1999-07-13T00:00:00,-83.7500878216375,76.51045450000001,2.136675981860308,0,609.745,1,COPDEM30,30.46432243
RGI2000-v7.0-G-03-04581,03,03-05,G276203E76513N,1999-07-13T00:00:00,-83.80360826170927,76.51474400000001,0.688727224449491,0,607.4124,1,COPDEM30,21.61854277
RGI2000-v7.0-G-03-04582,03,03-05,G276198E76566N,2002-07-19T00:00:00,-83.79771415969088,76.565418,0.188988797795844,0,649.8601,8,COPDEM30,16.08619786
RGI2000-v7.0-G-03-04583,03,03-05,G276244E76567N,2002-07-19T00:00:00,-83.75759515062111,76.5678365,0.607800811893869,0,685.98645,1,COPDEM30,20.91462135
RGI2000-v7.0-G-03-04584,03,03-05,G276082E76616N,2002-07-19T00:00:00,-83.91824848782252,76.616148,0.101275134970144,0,629.4111,8,COPDEM30,14.45532563
RGI2000-v7.0-G-03-04585,03,03-05,G276099E76624N,2002-07-19T00:00:00,-83.9008189639583,76.6238235,0.339549167901306,0,641.69556,8,COPDEM30,18.15791866
RGI2000-v7.0-G-03-04586,03,03-05,G275874E76683N,2002-07-19T00:00:00,-84.13084591649978,76.678852,2.714903535563784,0,738.72314,6,COPDEM30,33.06775006
RGI2000-v7.0-G-03-04587,03,03-05,G275779E76666N,2002-07-19T00:00:00,-84.21510907231854,76.6660215,1.184996029942836,0,694.5712,7,COPDEM30,25.24005321
RGI2000-v7.0-G-03-04588,03,03-05,G275820E76705N,2002-07-19T00:00:00,-84.17632146791131,76.70519350000001,2.738721574786074,0,837.0501,6,COPDEM30,33.16871659
RGI2000-v7.0-G-03-04589,03,03-05,G275854E76747N,2002-07-19T00:00:00,-84.13635196733576,76.73698949999999,4.887800722909319,0,778.7049,5,COPDEM30,40.95171953
RGI2000-v7.0-G-03-04590,03,03-05,G275937E76740N,2002-07-19T00:00:00,-84.06919116428702,76.74106950000001,0.81694735504416,0,690.2233,5,COPDEM30,22.65391961
RGI2000-v7.0-G-03-04591,03,03-05,G275989E76735N,2002-07-19T00:00:00,-84.01633571731409,76.731442,1.827447668930275,0,767.0919,6,COPDEM30,28.92563719
RGI2000-v7.0-G-03-04592,03,03-05,G275970E76745N,2002-07-19T00:00:00,-84.00056711935484,76.7346615,2.04331829955052,0,761.2262,3,COPDEM30,30.01225591
RGI2000-v7.0-G-03-04593,03,03-05,G276067E76704N,2002-07-19T00:00:00,-83.94002968369071,76.705334,0.24595103776379,0,722.9066,3,COPDEM30,16.94308313
RGI2000-v7.0-G-03-04594,03,03-05,G276297E76729N,2002-07-19T00:00:00,-83.70122131458332,76.72886199999999,0.623207029351179,0,787.7607,8,COPDEM30,21.05208477
RGI2000-v7.0-G-03-04595,03,03-05,G276374E76748N,2002-07-19T00:00:00,-83.6259083565831,76.74788000000001,0.250848050422843,0,815.1489,3,COPDEM30,17.01186265
RGI2000-v7.0-G-03-04596,03,03-05,G276317E76776N,2002-07-19T00:00:00,-83.68283158695654,76.775546,0.764263451127409,0,760.2345,1,COPDEM30,22.23910276
RGI2000-v7.0-G-03-04597,03,03-05,G276441E76808N,2002-07-19T00:00:00,-83.55899612063284,76.80761100000001,1.677836861055284,0,779.8666,7,COPDEM30,28.13438791
RGI2000-v7.0-G-03-04598,03,03-05,G276467E76807N,2002-07-19T00:00:00,-83.53285220142084,76.806972,0.793548232890941,0,811.54645,3,COPDEM30,22.47138539
RGI2000-v7.0-G-03-04599,03,03-05,G276494E76793N,2002-07-19T00:00:00,-83.50628277564104,76.7932915,0.120760755412177,0,783.7178,2,COPDEM30,14.86509076
RGI2000-v7.0-G-03-04600,03,03-05,G276510E76826N,2002-07-19T00:00:00,-83.4900639410275,76.8264085,1.149786905547118,0,857.0144,5,COPDEM30,25.01193637
RGI2000-v7.0-G-03-04601,03,03-05,G276470E76828N,2002-07-19T00:00:00,-83.53015772909121,76.8278995,2.77091749595281,0,794.7581,7,COPDEM30,33.30450234
RGI2000-v7.0-G-03-04602,03,03-05,G276479E76844N,2002-07-19T00:00:00,-83.52064393786733,76.8444255,1.772122421273421,0,866.9337,7,COPDEM30,28.63695239
RGI2000-v7.0-G-03-04603,03,03-05,G276514E76847N,2002-07-19T00:00:00,-83.48182135807016,76.8520795,4.446476433769819,0,777.32117,2,COPDEM30,39.52133772
RGI2000-v7.0-G-03-04604,03,03-05,G276564E76846N,2002-07-19T00:00:00,-83.43630677009128,76.8459665,2.673748169163943,0,665.32385,3,COPDEM30,32.89223976
RGI2000-v7.0-G-03-04605,03,03-05,G276602E76866N,2002-07-19T00:00:00,-83.39395321750207,76.8647515,1.091234313684712,0,771.42377,1,COPDEM30,24.62470258
RGI2000-v7.0-G-03-04606,03,03-05,G276474E76861N,2002-07-19T00:00:00,-83.52560203668072,76.86141549999999,0.633183292824116,0,781.37524,1,COPDEM30,21.14019414
RGI2000-v7.0-G-03-04607,03,03-05,G276318E76856N,2002-07-19T00:00:00,-83.68203615544112,76.85596050000001,3.363990206024746,0,811.5705,2,COPDEM30,35.67765722
RGI2000-v7.0-G-03-04608,03,03-05,G276328E76843N,2002-07-19T00:00:00,-83.67178601458991,76.8432155,1.167934898538501,0,862.24646,3,COPDEM30,25.12994515
RGI2000-v7.0-G-03-04609,03,03-05,G276299E76832N,2002-07-19T00:00:00,-83.70125406169711,76.831563,0.505763791496267,0,910.0798,6,COPDEM30,19.95639007
RGI2000-v7.0-G-03-04610,03,03-05,G276280E76853N,2002-07-19T00:00:00,-83.737568977459,76.8491255,6.4749719100065,0,829.69556,7,COPDEM30,45.62435255
RGI2000-v7.0-G-03-04611,03,03-05,G276266E76866N,2002-07-19T00:00:00,-83.73436223990866,76.8659615,1.045233858986766,0,818.0823,1,COPDEM30,24.31313510
RGI2000-v7.0-G-03-04612,03,03-05,G276276E76889N,2002-07-19T00:00:00,-83.7244597890923,76.888759,6.722844959919411,0,856.92926,3,COPDEM30,46.29982937
RGI2000-v7.0-G-03-04613,03,03-05,G276180E76898N,2002-07-19T00:00:00,-83.9026812270586,76.910729,13.3127256697135,0,900.6951,6,COPDEM90,61.08125127
RGI2000-v7.0-G-03-04614,03,03-05,G275996E76893N,2002-07-19T00:00:00,-84.00071913076553,76.89256,0.558467874996624,0,787.99084,2,COPDEM30,20.46229915
RGI2000-v7.0-G-03-04615,03,03-05,G275960E76902N,2002-07-19T00:00:00,-84.03967489116263,76.903173,0.61084357437784,0,836.57306,1,COPDEM30,20.94190754
RGI2000-v7.0-G-03-04616,03,03-05,G275873E76899N,2002-07-19T00:00:00,-84.12668748687534,76.89882349999999,1.47841415705234,0,823.5603,8,COPDEM30,27.02260776
RGI2000-v7.0-G-03-04617,03,03-05,G275801E76921N,2002-07-19T00:00:00,-84.19038354577432,76.919652,1.145192017140753,0,811.94824,8,COPDEM30,24.98191027
RGI2000-v7.0-G-03-04618,03,03-05,G275841E76928N,2002-07-19T00:00:00,-84.15081081512605,76.925723,0.554933929738264,0,768.04504,2,COPDEM30,20.42914427
RGI2000-v7.0-G-03-04619,03,03-05,G275778E76942N,2002-07-19T00:00:00,-84.21276094603863,76.9388545,1.880745879033549,0,736.1681,1,COPDEM30,29.19964042
RGI2000-v7.0-G-03-04620,03,03-05,G275727E76935N,2002-07-19T00:00:00,-84.27315925217111,76.9347445,0.458627121153517,0,720.2113,8,COPDEM30,19.48108199
RGI2000-v7.0-G-03-04621,03,03-05,G275935E76923N,2002-07-19T00:00:00,-84.0646553710589,76.923437,0.507751082986029,0,730.19434,1,COPDEM30,19.97593165
RGI2000-v7.0-G-03-04622,03,03-05,G275969E76939N,2002-07-19T00:00:00,-84.0272781630644,76.938005,0.351710585434742,0,733.3787,2,COPDEM30,18.30272695
RGI2000-v7.0-G-03-04623,03,03-05,G275938E76944N,2002-07-19T00:00:00,-84.05855116044235,76.9425635,0.16423905784661,0,721.0742,1,COPDEM30,15.67369856
RGI2000-v7.0-G-03-04624,03,03-05,G275908E76869N,2002-07-19T00:00:00,-84.04186866062727,76.87257600000001,1.986261027075982,0,791.6413,2,COPDEM30,29.73086823
RGI2000-v7.0-G-03-04625,03,03-05,G275979E76864N,2002-07-19T00:00:00,-84.02128987879362,76.86411799999999,2.382668536255062,0,759.7397,2,COPDEM30,31.61025296
RGI2000-v7.0-G-03-04626,03,03-05,G275978E76854N,2002-07-19T00:00:00,-84.02371520431058,76.85391849999999,3.632337493207618,0,832.99,3,COPDEM30,36.68216911
RGI2000-v7.0-G-03-04627,03,03-05,G275956E76845N,2002-07-19T00:00:00,-84.00522177238173,76.83749449999999,5.341247488379127,0,811.9993,4,COPDEM30,42.35559469
RGI2000-v7.0-G-03-04628,03,03-05,G275924E76840N,2002-07-19T00:00:00,-84.0558092725885,76.82824500000001,1.876888968678849,0,774.48254,6,COPDEM30,29.17994364
RGI2000-v7.0-G-03-04629,03,03-05,G275878E76846N,2002-07-19T00:00:00,-84.10776023523985,76.8412975,1.385446986463601,0,921.5509,5,COPDEM30,26.47870169
RGI2000-v7.0-G-03-04630,03,03-05,G275764E76841N,2002-07-19T00:00:00,-84.23134660659494,76.8324245,16.072594552473632,0,822.99304,3,COPDEM90,66.12689669
RGI2000-v7.0-G-03-04631,03,03-05,G275682E76871N,2002-07-19T00:00:00,-84.3177702632787,76.871498,24.813546409025708,0,854.6574,1,COPDEM90,79.73847644
RGI2000-v7.0-G-03-04632,03,03-05,G275543E76823N,2002-07-19T00:00:00,-84.36089279196304,76.799117,119.60012569265339,0,942.97125,3,COPDEM90,100.00000000
RGI2000-v7.0-G-03-04633,03,03-05,G275538E76753N,2002-07-19T00:00:00,-84.45046091041348,76.7471335,3.450258529225036,0,804.83795,4,COPDEM30,36.00482016
RGI2000-v7.0-G-03-04634,03,03-05,G275538E76732N,2002-07-19T00:00:00,-84.45627513962413,76.7340655,0.903402192554276,0,715.16254,6,COPDEM30,23.30664607
RGI2000-v7.0-G-03-04635,03,03-05,G275478E76721N,2002-07-19T00:00:00,-84.51277693227887,76.7332045,5.844339141188039,0,747.52405,5,COPDEM30,43.84509524
RGI2000-v7.0-G-03-04636,03,03-05,G275440E76737N,2002-07-19T00:00:00,-84.56000120924642,76.7370865,0.339497619202567,0,732.8439,6,COPDEM30,18.15729939
RGI2000-v7.0-G-03-04637,03,03-05,G275411E76709N,2002-07-19T00:00:00,-84.57214088788679,76.7144705,4.66683144118037,0,733.8533,8,COPDEM30,40.24399052
RGI2000-v7.0-G-03-04638,03,03-05,G275371E76711N,2002-07-19T00:00:00,-84.62944427308707,76.710958,1.380679235184861,0,778.1659,8,COPDEM30,26.45032310
RGI2000-v7.0-G-03-04639,03,03-05,G275418E76697N,2002-07-19T00:00:00,-84.58216303790937,76.6974905,1.785381843057918,0,768.1829,5,COPDEM30,28.70654541
RGI2000-v7.0-G-03-04640,03,03-05,G275472E76699N,2002-07-19T00:00:00,-84.5073037134413,76.697903,4.083503516350015,0,728.2459,5,COPDEM30,38.29075272
RGI2000-v7.0-G-03-04641,03,03-05,G275543E76706N,2002-07-19T00:00:00,-84.45744558509755,76.7061655,2.159285288438489,0,764.6523,2,COPDEM30,30.57230946
RGI2000-v7.0-G-03-04642,03,03-05,G275540E76702N,2002-07-19T00:00:00,-84.43133406119041,76.69775899999999,0.871289833606248,0,745.86096,5,COPDEM30,23.06800702
RGI2000-v7.0-G-03-04643,03,03-05,G275475E76668N,2002-07-19T00:00:00,-84.51429169765821,76.66918,1.793723631056253,0,694.17065,8,COPDEM30,28.75019551
RGI2000-v7.0-G-03-04644,03,03-05,G275411E76673N,2002-07-19T00:00:00,-84.5887856600287,76.6730335,0.11074617765777,0,643.71136,6,COPDEM30,14.65899676
RGI2000-v7.0-G-03-04645,03,03-05,G275399E76681N,2002-07-19T00:00:00,-84.60200735987259,76.68032199999999,0.264287882685196,0,629.10724,7,COPDEM30,17.19725121
RGI2000-v7.0-G-03-04646,03,03-05,G275204E76654N,1999-08-03T00:00:00,-84.78650864918067,76.6622225,4.326276752830923,0,677.9125,8,COPDEM30,39.11958522
RGI2000-v7.0-G-03-04647,03,03-05,G275245E76636N,1999-08-03T00:00:00,-84.74909142500798,76.638682,4.292012878722156,0,653.0091,1,COPDEM30,39.00404324
RGI2000-v7.0-G-03-04648,03,03-05,G275144E76640N,1999-08-03T00:00:00,-84.85210594033839,76.64133849999999,0.95139498399717,0,558.07056,2,COPDEM30,23.65552697
RGI2000-v7.0-G-03-04649,03,03-05,G275008E76644N,1999-08-03T00:00:00,-84.96264036473005,76.6493065,3.709134643727207,0,672.10223,8,COPDEM30,36.96275932
RGI2000-v7.0-G-03-04650,03,03-05,G274906E76672N,1999-08-03T00:00:00,-85.0940219968902,76.67249,0.39068812569504,0,696.3829,5,COPDEM30,18.75070698
RGI2000-v7.0-G-03-04651,03,03-05,G274892E76688N,1999-08-03T00:00:00,-85.10288600463994,76.689119,0.138139723319986,0,596.16797,6,COPDEM30,15.20340137
RGI2000-v7.0-G-03-04652,03,03-05,G274882E76694N,1999-08-03T00:00:00,-85.11255630278642,76.6968895,0.449250493568148,0,702.5354,7,COPDEM30,19.38366116
RGI2000-v7.0-G-03-04653,03,03-05,G275037E76692N,1999-08-03T00:00:00,-84.9716713715901,76.6883845,2.538744856787409,0,761.95044,7,COPDEM30,32.30681492
RGI2000-v7.0-G-03-04654,03,03-05,G275048E76703N,1999-08-03T00:00:00,-84.95193085721607,76.702691,0.614700089883032,0,723.94507,8,COPDEM30,20.97639365
RGI2000-v7.0-G-03-04655,03,03-05,G275066E76706N,1999-08-03T00:00:00,-84.91595168081838,76.7019485,3.543177742092432,0,759.90283,2,COPDEM30,36.35266282
RGI2000-v7.0-G-03-04656,03,03-05,G275126E76708N,1999-07-07T00:00:00,-84.87439565218355,76.7080085,0.239010797119982,0,789.8374,1,COPDEM30,16.84442227
RGI2000-v7.0-G-03-04657,03,03-05,G275162E76701N,1999-07-07T00:00:00,-84.83841998680836,76.7012805,1.888292809650006,0,762.07385,5,COPDEM30,29.23812337
RGI2000-v7.0-G-03-04658,03,03-05,G275079E76685N,1999-08-03T00:00:00,-84.90202355462742,76.6852075,3.767878500204939,0,738.20026,5,COPDEM30,37.17543350
RGI2000-v7.0-G-03-04659,03,03-05,G275019E76710N,1999-07-07T00:00:00,-84.9753472087875,76.7096635,0.300930003531485,0,790.6837,6,COPDEM30,17.67999223
RGI2000-v7.0-G-03-04660,03,03-05,G274948E76731N,1999-08-03T00:00:00,-85.05176329463039,76.731204,7.722829658815342,0,758.17206,7,COPDEM30,48.90597143
RGI2000-v7.0-G-03-04661,03,03-05,G274860E76749N,1999-08-03T00:00:00,-85.15922611740308,76.7378735,9.082984162550387,0,799.0216,5,COPDEM30,52.19318542
RGI2000-v7.0-G-03-04662,03,03-05,G274606E76824N,1999-08-03T00:00:00,-85.29402362098449,76.7777095,474.9483108062739,0,919.3015,4,COPDEM90,100.00000000
RGI2000-v7.0-G-03-04663,03,03-05,G274545E76707N,1999-08-03T00:00:00,-85.45530423345053,76.707487,0.294681782920192,0,672.373,1,COPDEM30,17.59984404
RGI2000-v7.0-G-03-04664,03,03-05,G274634E76631N,1999-08-03T00:00:00,-85.31538241914359,76.623012,12.179571871304052,0,737.22656,2,COPDEM30,58.85894070
RGI2000-v7.0-G-03-04665,03,03-05,G274545E76581N,1999-08-03T00:00:00,-85.45241238375796,76.5997335,89.16912723344028,0,778.7678,3,COPDEM90,100.00000000
RGI2000-v7.0-G-03-04666,03,03-05,G274818E76585N,1999-08-03T00:00:00,-85.18500203305784,76.588934,1.454549166594888,0,557.4713,1,COPDEM30,26.88465684
RGI2000-v7.0-G-03-04667,03,03-05,G274875E76562N,1999-08-03T00:00:00,-85.12468695996714,76.562043,0.283115938142955,0,589.755,1,COPDEM30,17.44920961
RGI2000-v7.0-G-03-04668,03,03-05,G274846E76547N,1999-08-03T00:00:00,-85.15878215762109,76.550392,5.056116740533267,0,667.5206,3,COPDEM30,41.48013471
RGI2000-v7.0-G-03-04669,03,03-05,G274763E76531N,1999-08-03T00:00:00,-85.21168876225912,76.528475,11.038367082721171,0,597.75696,3,COPDEM30,56.51365335
RGI2000-v7.0-G-03-04670,03,03-05,G274778E76524N,1999-08-03T00:00:00,-85.22241889681459,76.523672,0.348129685754944,0,515.74634,6,COPDEM30,18.26035220
RGI2000-v7.0-G-03-04671,03,03-05,G274805E76517N,1999-08-03T00:00:00,-85.19490575789135,76.51664099999999,1.159200504549905,0,629.5493,6,COPDEM30,25.07326437
RGI2000-v7.0-G-03-04672,03,03-05,G274629E76522N,1999-08-03T00:00:00,-85.31960778807382,76.503827,74.69558866341877,0,557.26953,4,COPDEM90,100.00000000
RGI2000-v7.0-G-03-04673,03,03-05,G274612E76468N,1999-08-03T00:00:00,-85.38847735684415,76.468129,2.76191309817579,0,533.2489,5,COPDEM30,33.26660627
RGI2000-v7.0-G-03-04674,03,03-05,G274521E76491N,1999-08-03T00:00:00,-85.47933245993782,76.491406,9.397168328801202,0,503.6211,8,COPDEM30,52.91672159
RGI2000-v7.0-G-03-04675,03,03-05,G274447E76472N,1999-08-03T00:00:00,-85.55293458860632,76.47230400000001,3.948713582859726,0,473.5888,5,COPDEM30,37.81991844
RGI2000-v7.0-G-03-04676,03,03-05,G274361E76475N,1999-08-03T00:00:00,-85.63868476163175,76.4748835,0.167356444733916,0,322.72,7,COPDEM30,15.72729108
RGI2000-v7.0-G-03-04677,03,03-05,G274357E76470N,1999-08-03T00:00:00,-85.64344047131233,76.4697355,0.122013668622578,0,318.6606,7,COPDEM30,14.89026370
RGI2000-v7.0-G-03-04678,03,03-05,G274522E76482N,1999-08-03T00:00:00,-85.57100591394621,76.447751,17.303915754983823,0,479.95242,1,COPDEM90,68.23716586
RGI2000-v7.0-G-03-04679,03,03-05,G274655E76426N,1999-08-03T00:00:00,-85.34476271933215,76.4255395,2.084399780837251,0,385.23694,8,COPDEM30,30.21243076
RGI2000-v7.0-G-03-04680,03,03-05,G274716E76429N,1999-08-03T00:00:00,-85.28443972890439,76.42859100000001,3.319942876240154,0,394.7489,1,COPDEM30,35.50899457
RGI2000-v7.0-G-03-04681,03,03-05,G274812E76402N,1999-08-03T00:00:00,-85.18171487055909,76.42235550000001,3.746374726583249,0,406.16077,1,COPDEM30,37.09777567
RGI2000-v7.0-G-03-04682,03,03-05,G274848E76411N,1999-08-03T00:00:00,-85.15185680229709,76.4111135,3.356847852423125,0,461.3886,2,COPDEM30,35.65038360
RGI2000-v7.0-G-03-04683,03,03-05,G274889E76402N,1999-08-03T00:00:00,-85.11056453272728,76.40218150000001,0.802207380167436,0,434.19574,3,COPDEM30,22.53924426
RGI2000-v7.0-G-03-04684,03,03-05,G274955E76400N,1999-08-03T00:00:00,-85.04504578839243,76.4000655,1.735820040135098,0,471.78198,6,COPDEM30,28.44507327
RGI2000-v7.0-G-03-04685,03,03-05,G274969E76388N,1999-08-03T00:00:00,-85.03093909191821,76.3877925,2.642135431094599,0,434.45395,6,COPDEM30,32.75650554
RGI2000-v7.0-G-03-04686,03,03-05,G275007E76392N,1999-08-03T00:00:00,-84.99306954884739,76.3917175,1.272106574819361,0,508.39322,4,COPDEM30,25.79027830
RGI2000-v7.0-G-03-04687,03,03-05,G274974E76397N,1999-08-03T00:00:00,-84.97469903797294,76.407704,4.167093986858813,0,453.45044,1,COPDEM30,38.57884570
RGI2000-v7.0-G-03-04688,03,03-05,G274943E76417N,1999-08-03T00:00:00,-85.05680763030509,76.41727449999999,1.746428233295162,0,415.69745,8,COPDEM30,28.50134951
RGI2000-v7.0-G-03-04689,03,03-05,G274832E76379N,1999-08-03T00:00:00,-85.12438203908582,76.38323700000001,4.221500173067162,0,525.46045,3,COPDEM30,38.76480547
RGI2000-v7.0-G-03-04690,03,03-05,G274760E76388N,1999-08-03T00:00:00,-85.23962676598364,76.38798700000001,22.47136388097242,0,468.0962,7,COPDEM90,76.36555824
RGI2000-v7.0-G-03-04691,03,03-05,G274695E76383N,1999-08-03T00:00:00,-85.3874729582258,76.37365,4.283768187749934,0,502.46674,5,COPDEM30,38.97617236
RGI2000-v7.0-G-03-04692,03,03-05,G274588E76391N,1999-08-03T00:00:00,-85.41205299502451,76.3906565,12.98701918300551,0,459.4742,1,COPDEM30,60.45250995
RGI2000-v7.0-G-03-04693,03,03-05,G274383E76376N,1999-08-03T00:00:00,-85.61208496062108,76.384477,4.030355257631977,0,420.3705,8,COPDEM30,38.10604260
RGI2000-v7.0-G-03-04694,03,03-05,G274342E76542N,1999-08-03T00:00:00,-85.64755208314878,76.5361155,67.85342541833299,0,646.0373,6,COPDEM90,100.00000000
RGI2000-v7.0-G-03-04695,03,03-05,G274160E76564N,1999-08-03T00:00:00,-85.83781837725718,76.56743499999999,28.678429254832434,0,607.902,7,COPDEM90,84.97314275
RGI2000-v7.0-G-03-04696,03,03-05,G273971E76564N,1999-08-03T00:00:00,-86.02920841912379,76.571471,9.529232498341331,0,639.38617,1,COPDEM30,53.21723695
RGI2000-v7.0-G-03-04697,03,03-05,G273866E76565N,1999-08-03T00:00:00,-86.12321799196599,76.57459,4.613815148764949,0,609.51953,8,COPDEM30,40.07171045
RGI2000-v7.0-G-03-04698,03,03-05,G273883E76589N,1999-08-03T00:00:00,-86.11664178571455,76.58879049999999,0.156969464269509,0,504.96747,8,COPDEM30,15.54671209
RGI2000-v7.0-G-03-04699,03,03-05,G273823E76565N,1999-08-03T00:00:00,-86.17672686437317,76.564691,1.845869740469964,0,560.4907,6,COPDEM30,29.02079044
RGI2000-v7.0-G-03-04700,03,03-05,G273786E76556N,1999-08-03T00:00:00,-86.21407839845759,76.55648099999999,0.148358263865864,0,435.95993,7,COPDEM30,15.39242244
RGI2000-v7.0-G-03-04701,03,03-05,G273776E76570N,1999-08-03T00:00:00,-86.22447431262168,76.5696105,0.219838787253921,0,505.69687,8,COPDEM30,16.56417568
RGI2000-v7.0-G-03-04702,03,03-05,G273884E76556N,1999-08-03T00:00:00,-86.11638728843994,76.556206,2.488066051136679,0,652.81586,7,COPDEM30,32.08304657
RGI2000-v7.0-G-03-04703,03,03-05,G273837E76545N,1999-08-03T00:00:00,-86.16269835354029,76.54488,0.093798504027291,0,559.951,7,COPDEM30,14.28771580
RGI2000-v7.0-G-03-04704,03,03-05,G273846E76530N,1999-08-03T00:00:00,-86.15390335843031,76.52955299999999,0.722702924888354,0,570.0149,7,COPDEM30,21.90167103
RGI2000-v7.0-G-03-04705,03,03-05,G273884E76521N,1999-08-03T00:00:00,-86.11580720821071,76.5208145,1.405296230851999,0,628.0966,6,COPDEM30,26.59632674
RGI2000-v7.0-G-03-04706,03,03-05,G273919E76521N,1999-08-03T00:00:00,-86.0806155580993,76.5214215,3.573336184517848,0,642.4248,3,COPDEM30,36.46457807
RGI2000-v7.0-G-03-04707,03,03-05,G273900E76510N,1999-08-03T00:00:00,-86.09969472570063,76.510172,2.393829140598214,0,625.98315,6,COPDEM30,31.66080588
RGI2000-v7.0-G-03-04708,03,03-05,G273895E76532N,1999-08-03T00:00:00,-86.07907497895201,76.5427035,8.084639257984193,0,665.9912,7,COPDEM30,49.80690009
RGI2000-v7.0-G-03-04709,03,03-05,G273986E76546N,1999-08-03T00:00:00,-86.01359163011783,76.5461425,4.908328975186696,0,658.06616,3,COPDEM30,41.01664842
RGI2000-v7.0-G-03-04710,03,03-05,G274014E76596N,1999-08-03T00:00:00,-85.98601180731566,76.5960865,0.377399532724421,0,541.37555,7,COPDEM30,18.60059931
RGI2000-v7.0-G-03-04711,03,03-05,G274253E76612N,1999-08-03T00:00:00,-85.75361295041574,76.637597,70.03221688578438,0,787.3534,7,COPDEM90,100.00000000
RGI2000-v7.0-G-03-04712,03,03-05,G274056E76705N,1999-08-03T00:00:00,-85.91774987291176,76.68912906002657,43.53292797992379,0,851.8154,5,COPDEM90,100.00000000
RGI2000-v7.0-G-03-04713,03,03-05,G273822E76704N,1999-08-03T00:00:00,-86.12622912398042,76.698003,31.636783892489163,0,895.6049,5,COPDEM90,88.74521981
RGI2000-v7.0-G-03-04714,03,03-05,G273741E76692N,1999-08-03T00:00:00,-86.25949775766232,76.692092,17.09967151462077,0,803.3793,5,COPDEM90,67.89244870
RGI2000-v7.0-G-03-04715,03,03-05,G273615E76701N,1999-08-03T00:00:00,-86.38491180508596,76.700795,27.55720128578702,0,730.0041,7,COPDEM90,83.49293471
RGI2000-v7.0-G-03-04716,03,03-05,G273627E76666N,1999-08-03T00:00:00,-86.36522763942804,76.6577825,5.634687398474398,0,706.0388,6,COPDEM30,43.23249509
RGI2000-v7.0-G-03-04717,03,03-05,G273589E76689N,1999-08-03T00:00:00,-86.50812989707329,76.662267,6.483093063300179,0,626.0766,7,COPDEM30,45.64668625
RGI2000-v7.0-G-03-04718,03,03-05,G273245E76615N,1999-08-03T00:00:00,-86.75998026035106,76.6229985,0.384144465722886,0,550.5864,8,COPDEM30,18.67711446
RGI2000-v7.0-G-03-04719,03,03-05,G273171E76598N,1999-08-03T00:00:00,-86.83287983838385,76.5986465,1.962152737881352,0,531.6807,8,COPDEM30,29.61076074
RGI2000-v7.0-G-03-04720,03,03-05,G273207E76573N,1999-08-03T00:00:00,-86.79287967182741,76.5730825,0.20234305901239,0,523.5375,8,COPDEM30,16.29755822
RGI2000-v7.0-G-03-04721,03,03-05,G273089E76542N,1999-08-03T00:00:00,-86.91475671901435,76.53384199999999,11.937841835010389,0,527.8158,8,COPDEM30,58.37165492
RGI2000-v7.0-G-03-04722,03,03-05,G272855E76478N,1999-08-03T00:00:00,-87.14326211456401,76.4784885,1.877007498689667,0,403.01562,8,COPDEM30,29.18054926
RGI2000-v7.0-G-03-04723,03,03-05,G272744E76594N,1999-08-03T00:00:00,-87.25485564221488,76.5918105,4.420613307264411,0,502.36435,8,COPDEM30,39.43535643
RGI2000-v7.0-G-03-04724,03,03-05,G272994E76615N,1999-08-03T00:00:00,-86.97028516627935,76.61956699999999,25.367746070725428,0,548.5676,8,COPDEM90,80.51296498
RGI2000-v7.0-G-03-04725,03,03-05,G272806E76689N,1999-08-03T00:00:00,-87.19353630222547,76.6887625,0.94539012377801,0,582.38153,1,COPDEM30,23.61236439
RGI2000-v7.0-G-03-04726,03,03-05,G272726E76730N,1999-08-03T00:00:00,-87.29979433193446,76.7178985,19.16225203373195,0,673.3892,2,COPDEM90,71.28459348
RGI2000-v7.0-G-03-04727,03,03-05,G272883E76754N,1999-08-03T00:00:00,-87.1243047019494,76.75605350000001,29.114882454073335,0,708.7224,1,COPDEM90,85.54149165
RGI2000-v7.0-G-03-04728,03,03-05,G273041E76723N,1999-08-03T00:00:00,-86.9623576723539,76.719146,24.67303316761306,0,708.44714,2,COPDEM90,79.54073986
RGI2000-v7.0-G-03-04729,03,03-05,G273719E76789N,1999-08-03T00:00:00,-86.26160584597241,76.7756945,294.4683041878127,0,974.5132,6,COPDEM90,100.00000000
RGI2000-v7.0-G-03-04730,03,03-05,G275077E76799N,2002-07-19T00:00:00,-84.89316593520174,76.7919285,176.10317526057352,0,1021.13257,5,COPDEM90,100.00000000
RGI2000-v7.0-G-03-04731,03,03-05,G275284E76735N,2002-07-19T00:00:00,-84.71601314175395,76.735498,0.276889059690814,0,805.7801,6,COPDEM30,17.36683485
RGI2000-v7.0-G-03-04732,03,03-05,G275372E76757N,2002-07-19T00:00:00,-84.58561989657917,76.7639955,29.572930979297105,0,868.488,6,COPDEM90,86.13339919
RGI2000-v7.0-G-03-04733,03,03-05,G275819E76759N,2002-07-19T00:00:00,-84.1650578325236,76.757809,2.946216084850539,0,814.2366,7,COPDEM30,34.03036314
RGI2000-v7.0-G-03-04734,03,03-05,G275862E76761N,2002-07-19T00:00:00,-84.11996421518914,76.7600245,5.166016848799073,0,780.52893,3,COPDEM30,41.82042272
RGI2000-v7.0-G-03-04735,03,03-05,G275897E76781N,2002-07-19T00:00:00,-84.09445172647614,76.784599,4.036949287582982,0,781.0239,2,COPDEM30,38.12902523
RGI2000-v7.0-G-03-04736,03,03-05,G275954E76779N,2002-07-19T00:00:00,-84.04567674767038,76.7792695,0.789249752856963,0,795.82385,2,COPDEM30,22.43756212
RGI2000-v7.0-G-03-04737,03,03-05,G276338E76686N,2002-07-19T00:00:00,-83.6619474308545,76.6856255,0.481905870766204,0,758.6975,3,COPDEM30,19.71872166
RGI2000-v7.0-G-03-04738,03,03-05,G275616E76580N,1999-08-03T00:00:00,-84.37891890794073,76.583472,2.007093612073371,0,599.71265,1,COPDEM30,29.83407038
RGI2000-v7.0-G-03-04739,03,03-05,G275499E76569N,1999-08-03T00:00:00,-84.49206455885658,76.570522,1.282396913265714,0,616.47906,8,COPDEM30,25.85401511
RGI2000-v7.0-G-03-04740,03,03-05,G275496E76544N,1999-08-03T00:00:00,-84.49539480466939,76.545693,0.507016361704333,0,671.52985,8,COPDEM30,19.96871140
RGI2000-v7.0-G-03-04741,03,03-05,G275440E76527N,1999-08-03T00:00:00,-84.55952384594792,76.526767,0.097317894374015,0,539.76,8,COPDEM30,14.36741426
RGI2000-v7.0-G-03-04742,03,03-05,G275276E76552N,1999-08-03T00:00:00,-84.69229582616055,76.5583075,2.292650242260661,0,645.54065,1,COPDEM30,31.19810009
RGI2000-v7.0-G-03-04743,03,03-05,G275284E76574N,1999-08-03T00:00:00,-84.71219718272293,76.5757325,0.855875411530851,0,545.7204,1,COPDEM30,22.95189487
RGI2000-v7.0-G-03-04744,03,03-05,G275329E76595N,1999-08-03T00:00:00,-84.67105011110117,76.5946605,0.381873510008894,0,751.70953,2,COPDEM30,18.65142809
RGI2000-v7.0-G-03-04745,03,03-05,G275411E76616N,1999-08-03T00:00:00,-84.5892397344723,76.616444,0.051823974458617,0,706.4575,2,COPDEM30,13.18708315
RGI2000-v7.0-G-03-04746,03,03-05,G275644E76545N,1999-08-03T00:00:00,-84.35599642869772,76.54544949999999,0.413005344292099,0,586.8601,1,COPDEM30,18.99716886
RGI2000-v7.0-G-03-04747,03,03-05,G275467E76463N,1999-08-03T00:00:00,-84.50111923115719,76.4658685,5.978476840714839,0,523.0545,1,COPDEM30,44.23129359
RGI2000-v7.0-G-03-04748,03,03-05,G275238E76537N,1999-08-03T00:00:00,-84.79914141032049,76.540026,1.249128568674887,0,515.7912,1,COPDEM30,25.64701887
RGI2000-v7.0-G-03-04749,03,03-05,G275266E76359N,1999-08-03T00:00:00,-84.7344910468384,76.3594485,0.404106527546056,0,277.69135,8,COPDEM30,18.89971232
RGI2000-v7.0-G-03-04750,03,03-05,G275170E76355N,1999-08-03T00:00:00,-84.82631407987878,76.3587425,0.459539771577426,0,310.375,1,COPDEM30,19.49051080
RGI2000-v7.0-G-03-04751,03,03-05,G275136E76354N,1999-08-03T00:00:00,-84.86741693260473,76.3558225,0.694011363546876,0,292.52094,8,COPDEM30,21.66302822
RGI2000-v7.0-G-03-04752,03,03-05,G275030E76355N,1999-08-03T00:00:00,-84.97639633085222,76.3541625,0.719972983290349,0,352.22333,8,COPDEM30,21.87917105
RGI2000-v7.0-G-03-04753,03,03-05,G275107E76328N,1999-08-03T00:00:00,-84.89294982735657,76.32844349999999,0.101170810333808,0,270.92676,8,COPDEM30,14.45303030
RGI2000-v7.0-G-03-04754,03,03-05,G275055E76320N,1999-08-03T00:00:00,-84.93489432361672,76.3196265,4.341229596616555,0,352.96408,1,COPDEM30,39.16986460
RGI2000-v7.0-G-03-04755,03,03-05,G273203E76370N,1999-08-03T00:00:00,-86.77357414901527,76.374253,1.323183003992281,0,374.14954,1,COPDEM30,26.10415688
RGI2000-v7.0-G-03-04756,03,03-05,G272360E76477N,1999-08-03T00:00:00,-87.64112170574289,76.474991,4.155298358713798,0,395.14743,1,COPDEM30,38.53836853
RGI2000-v7.0-G-03-04757,03,03-05,G269679E76681N,2000-07-25T00:00:00,-90.36174919836058,76.6823605,0.799118422043653,0,272.16055,8,COPDEM30,22.51507933
RGI2000-v7.0-G-03-04758,03,03-05,G269275E76571N,2000-07-25T00:00:00,-90.7275445441006,76.56843649999999,0.830497220014838,0,177.31012,8,COPDEM30,22.75842683
RGI2000-v7.0-G-03-04759,03,03-05,G269243E76548N,2000-07-25T00:00:00,-90.75770008284968,76.5474805,0.454548536817009,0,260.02032,8,COPDEM30,19.43883008
RGI2000-v7.0-G-03-04760,03,03-05,G269143E76587N,2000-07-25T00:00:00,-90.85437706069229,76.5874035,0.518049102050613,0,153.06567,1,COPDEM30,20.07658791
RGI2000-v7.0-G-03-04761,03,03-05,G268508E76218N,2000-07-25T00:00:00,-91.49241212619343,76.21800350000001,0.514545625204142,0,303.379,1,COPDEM30,20.04245700
RGI2000-v7.0-G-03-04762,03,03-05,G268453E76210N,2000-07-25T00:00:00,-91.54733747899118,76.2099505,3.839621774871365,0,374.00656,1,COPDEM30,37.43293400
RGI2000-v7.0-G-03-04763,03,03-05,G268358E76215N,2000-07-25T00:00:00,-91.6418806479536,76.2147785,0.907941925115356,0,283.09717,1,COPDEM30,23.34003813
RGI2000-v7.0-G-03-04764,03,03-05,G268515E76186N,2000-07-25T00:00:00,-91.47977490628139,76.187633,0.264028743653058,0,286.9729,8,COPDEM30,17.19372183
RGI2000-v7.0-G-03-04765,03,03-05,G275041E76964N,2002-07-19T00:00:00,-84.93488771545707,76.96882450000001,105.22192539038893,0,1084.179,1,COPDEM90,100.00000000
RGI2000-v7.0-G-03-04766,03,03-05,G275288E76992N,2002-07-19T00:00:00,-84.70006334209694,76.98376400000001,33.97811761441476,0,906.1648,2,COPDEM90,91.60705271
RGI2000-v7.0-G-03-04767,03,03-05,G275266E76947N,2002-07-19T00:00:00,-84.6012115762712,76.958405,10.395109294720413,0,873.84143,3,COPDEM30,55.13802634
RGI2000-v7.0-G-03-04768,03,03-05,G275490E76954N,2002-07-19T00:00:00,-84.50527654033971,76.9574305,1.800675940369031,0,939.0586,1,COPDEM30,28.78649739
RGI2000-v7.0-G-03-04769,03,03-05,G275463E76980N,2002-07-19T00:00:00,-84.53609426959707,76.978634,0.300823927498764,0,704.9513,3,COPDEM30,17.67863854
RGI2000-v7.0-G-03-04770,03,03-05,G275358E76890N,2002-07-19T00:00:00,-84.64908221346423,76.891614,121.69573874460042,0,1016.4552,3,COPDEM90,100.00000000
RGI2000-v7.0-G-03-04771,03,03-05,G277370E76840N,2002-07-19T00:00:00,-82.62941575438597,76.840732,2.052252267195501,0,771.3708,1,COPDEM30,30.05595783
RGI2000-v7.0-G-03-04772,03,03-05,G277480E76856N,2002-07-19T00:00:00,-82.51976466666669,76.855251,0.411302633523251,0,713.85376,1,COPDEM30,18.97860324
RGI2000-v7.0-G-03-04773,03,03-05,G277382E76812N,2002-07-19T00:00:00,-82.61383751998034,76.81008349999999,0.199881462390306,0,730.0455,7,COPDEM30,16.25913465
RGI2000-v7.0-G-03-04774,03,03-05,G277501E76757N,2002-07-19T00:00:00,-82.4983704456329,76.756793,0.385419957723507,0,752.31775,1,COPDEM30,18.69150802
RGI2000-v7.0-G-03-04775,03,03-05,G277552E76758N,2002-07-19T00:00:00,-82.44490002205882,76.75698249999999,0.197204717609003,0,727.53564,1,COPDEM30,16.21708329
RGI2000-v7.0-G-03-04776,03,03-05,G277631E76725N,2002-07-19T00:00:00,-82.37082186647727,76.725251,0.677570487651239,0,755.37634,8,COPDEM30,21.52405378
RGI2000-v7.0-G-03-04777,03,03-05,G277784E76675N,2002-07-19T00:00:00,-82.21626745095801,76.6747365,3.553249055085665,0,858.6896,8,COPDEM30,36.39008933
RGI2000-v7.0-G-03-04778,03,03-05,G277755E76666N,2002-07-19T00:00:00,-82.24468181195007,76.665576,1.47925910550247,0,861.5226,8,COPDEM30,27.02747147
RGI2000-v7.0-G-03-04779,03,03-05,G277826E76650N,2002-07-19T00:00:00,-82.17386391216922,76.6496645,4.182952015739529,0,953.874,6,COPDEM30,38.63317298
RGI2000-v7.0-G-03-04780,03,03-05,G277899E76668N,2002-07-19T00:00:00,-82.06786689683219,76.663797,14.633073282463233,0,874.9144,3,COPDEM90,63.55448033
RGI2000-v7.0-G-03-04781,03,03-05,G277952E76689N,2002-07-19T00:00:00,-82.04848142386162,76.688704,8.113823337089508,0,790.3231,1,COPDEM30,49.87868320
RGI2000-v7.0-G-03-04782,03,03-05,G277829E76683N,2002-07-19T00:00:00,-82.17131229003687,76.68281999999999,4.547250009727921,0,807.4563,8,COPDEM30,39.85399474
RGI2000-v7.0-G-03-04783,03,03-05,G278161E76626N,2002-07-19T00:00:00,-81.83969153164892,76.626337,0.301836660294802,0,681.95026,7,COPDEM30,17.69155286
RGI2000-v7.0-G-03-04784,03,03-05,G278237E76591N,2002-07-19T00:00:00,-81.76277784525017,76.590652,6.479252157824373,0,802.6044,2,COPDEM30,45.63612525
RGI2000-v7.0-G-03-04785,03,03-05,G278203E76573N,2002-07-19T00:00:00,-81.88142158944103,76.57637249999999,18.768239794475978,0,819.72876,8,COPDEM90,70.65125720
RGI2000-v7.0-G-03-04786,03,03-05,G278079E76550N,2002-07-19T00:00:00,-81.92140703922107,76.549746,3.146595051966069,0,871.2214,7,COPDEM30,34.83410216
RGI2000-v7.0-G-03-04787,03,03-05,G278207E76526N,2002-07-19T00:00:00,-81.79270644822077,76.52631199999999,14.690776801673096,0,908.88477,6,COPDEM90,63.65996881
RGI2000-v7.0-G-03-04788,03,03-05,G278202E76572N,2002-07-19T00:00:00,-81.73016839915383,76.5526265,17.752751945207578,0,886.4672,3,COPDEM90,68.98762058
RGI2000-v7.0-G-03-04789,03,03-05,G278352E76570N,2002-07-19T00:00:00,-81.64766211557108,76.5701305,3.992057851336109,0,785.3084,2,COPDEM30,37.97218867
RGI2000-v7.0-G-03-04790,03,03-05,G278384E76655N,2002-07-19T00:00:00,-81.62009747600874,76.65775099999999,3.83668035839974,0,767.8064,8,COPDEM30,37.42242422
RGI2000-v7.0-G-03-04791,03,03-05,G278511E76672N,1999-06-15T00:00:00,-81.49217253892215,76.670499,3.05846589633612,0,865.0458,8,COPDEM30,34.48385827
RGI2000-v7.0-G-03-04792,03,03-05,G278577E76654N,1999-06-15T00:00:00,-81.42270237789506,76.65196399999999,1.15502105006941,0,816.14624,7,COPDEM30,25.04606679
RGI2000-v7.0-G-03-04793,03,03-05,G278780E76658N,1999-06-15T00:00:00,-81.22242646000335,76.65654599999999,7.816730625586431,0,863.2695,8,COPDEM30,49.14178333
RGI2000-v7.0-G-03-04794,03,03-05,G278840E76661N,1999-06-15T00:00:00,-81.15881455469938,76.655947,6.324916947304386,0,1086.4851,3,COPDEM30,45.20914259
RGI2000-v7.0-G-03-04795,03,03-05,G278868E76673N,1999-06-15T00:00:00,-81.13448196279191,76.672104,0.04902147698469,0,839.11755,1,COPDEM30,13.09971119
RGI2000-v7.0-G-03-04796,03,03-05,G278806E76723N,1999-06-15T00:00:00,-81.24144585903659,76.7070945,34.738795485781885,0,939.52515,5,COPDEM90,92.51547682
RGI2000-v7.0-G-03-04797,03,03-05,G278640E76730N,1999-06-15T00:00:00,-81.39897799066284,76.71066300000001,21.66944812332323,0,906.3955,7,COPDEM90,75.17063627
RGI2000-v7.0-G-03-04798,03,03-05,G278774E76777N,1999-06-15T00:00:00,-81.20494462232762,76.7787525,23.227387165377777,0,896.5675,8,COPDEM90,77.47271956
RGI2000-v7.0-G-03-04799,03,03-05,G278909E76847N,1999-06-15T00:00:00,-81.13811944967367,76.8423875,42.721116830892996,0,715.5613,8,COPDEM90,100.00000000
RGI2000-v7.0-G-03-04800,03,03-05,G279060E76806N,1999-06-15T00:00:00,-80.85952962088753,76.7963065,88.79446462262266,0,868.8028,7,COPDEM90,100.00000000
RGI2000-v7.0-G-03-04801,03,03-05,G279032E76730N,1999-06-15T00:00:00,-80.96328881395348,76.729374,0.714061981328478,0,751.76117,8,COPDEM30,21.83030635
RGI2000-v7.0-G-03-04802,03,03-05,G279029E76719N,1999-06-15T00:00:00,-80.9687160816886,76.71744,0.562437719452451,0,750.07086,6,COPDEM30,20.49941870
RGI2000-v7.0-G-03-04803,03,03-05,G279269E76751N,1999-06-15T00:00:00,-80.67496735156668,76.733498,87.9669268813729,0,976.9966,6,COPDEM90,100.00000000
RGI2000-v7.0-G-03-04804,03,03-05,G279433E76657N,1999-06-15T00:00:00,-80.651287804798,76.64555200000001,161.83254424015993,0,773.37354,6,COPDEM90,100.00000000
RGI2000-v7.0-G-03-04805,03,03-05,G279163E76635N,1999-06-15T00:00:00,-80.83721905611769,76.63459599999999,0.066009078014863,0,420.15622,7,COPDEM30,13.59691247
RGI2000-v7.0-G-03-04806,03,03-05,G279154E76628N,1999-06-15T00:00:00,-80.84367084351577,76.6269865,0.077199631232265,0,444.09335,2,COPDEM30,13.88987503
RGI2000-v7.0-G-03-04807,03,03-05,G279529E76591N,1999-06-15T00:00:00,-80.47952795967213,76.5830085,9.962530360959988,0,667.9436,7,COPDEM30,54.18886682
RGI2000-v7.0-G-03-04808,03,03-05,G279901E76588N,1999-06-15T00:00:00,-79.98221246686148,76.517017,498.21535982869904,0,783.1775,7,COPDEM90,100.00000000
RGI2000-v7.0-G-03-04809,03,03-05,G280392E76478N,1999-06-15T00:00:00,-79.51488168609214,76.43040049999999,183.0983629449792,0,706.9061,4,COPDEM90,100.00000000
RGI2000-v7.0-G-03-04810,03,03-05,G280724E76412N,1999-06-15T00:00:00,-79.25661839945718,76.4058615,7.71391174971548,0,445.36475,6,COPDEM30,48.88350168
RGI2000-v7.0-G-03-04811,03,03-05,G280813E76426N,1999-06-15T00:00:00,-79.18596923038878,76.425547,2.942849869463121,0,312.84048,3,COPDEM30,34.01663120
RGI2000-v7.0-G-03-04812,03,03-05,G280981E76463N,1999-06-15T00:00:00,-79.04614421613545,76.48289,13.417353627270415,0,490.37534,5,COPDEM90,61.28158842
RGI2000-v7.0-G-03-04813,03,03-05,G281045E76514N,1999-06-15T00:00:00,-78.9438353551854,76.5100245,1.132859625680578,0,485.47937,4,COPDEM30,24.90102301
RGI2000-v7.0-G-03-04814,03,03-05,G281053E76522N,1999-06-15T00:00:00,-78.94846053867599,76.522014,0.825531915335991,0,474.67053,3,COPDEM30,22.72023016
RGI2000-v7.0-G-03-04815,03,03-05,G281079E76531N,1999-06-15T00:00:00,-78.91995790519663,76.5308045,0.436368345380177,0,619.10913,2,COPDEM30,19.24814553
RGI2000-v7.0-G-03-04816,03,03-05,G280922E76610N,1999-06-15T00:00:00,-79.03832182786098,76.57087150000001,77.153931444937,0,459.99036,1,COPDEM90,100.00000000
RGI2000-v7.0-G-03-04817,03,03-05,G281073E76632N,1999-06-15T00:00:00,-78.90713116695592,76.626053,31.55759699916516,0,414.61713,6,COPDEM90,88.64660839
RGI2000-v7.0-G-03-04818,03,03-05,G281217E76619N,1999-06-15T00:00:00,-78.78765849801587,76.618786,0.559056911248727,0,890.1239,2,COPDEM30,20.46781518
RGI2000-v7.0-G-03-04819,03,03-05,G281217E76609N,1999-06-15T00:00:00,-78.78393543256767,76.609768,0.026533329043575,0,900.95776,8,COPDEM30,12.28046760
RGI2000-v7.0-G-03-04820,03,03-05,G281455E76652N,1999-06-15T00:00:00,-78.54924899466391,76.63631649999999,105.88316386792086,0,291.5813,6,COPDEM90,100.00000000
RGI2000-v7.0-G-03-04821,03,03-05,G281503E76596N,1999-06-15T00:00:00,-78.4976250860508,76.596715,0.034690826704598,0,461.1015,7,COPDEM30,12.60756630
RGI2000-v7.0-G-03-04822,03,03-05,G281500E76582N,1999-06-15T00:00:00,-78.5013696392783,76.5818425,0.047023096295326,0,527.1925,8,COPDEM30,13.03587333
RGI2000-v7.0-G-03-04823,03,03-05,G281623E76585N,1999-06-15T00:00:00,-78.4377135808009,76.5719355,67.11309586097417,0,427.27753,5,COPDEM90,100.00000000
RGI2000-v7.0-G-03-04824,03,03-05,G281471E76564N,1999-06-15T00:00:00,-78.53303287264362,76.5655,1.495702537321121,0,457.79767,8,COPDEM30,27.12184854
RGI2000-v7.0-G-03-04825,03,03-05,G281478E76549N,1999-06-15T00:00:00,-78.58498841439078,76.5424935,7.171388043600742,0,438.07465,7,COPDEM30,47.49122639
RGI2000-v7.0-G-03-04826,03,03-05,G281497E76526N,1999-06-15T00:00:00,-78.50625518424062,76.51754199999999,6.8551263381153,0,369.51132,7,COPDEM30,46.65521467
RGI2000-v7.0-G-03-04827,03,03-05,G281550E76518N,1999-06-15T00:00:00,-78.44048640460525,76.5108245,5.565545587634337,0,480.4984,5,COPDEM30,43.02797201
RGI2000-v7.0-G-03-04828,03,03-05,G281511E76491N,1999-06-15T00:00:00,-78.54521243307167,76.49108799999999,5.219163516122268,0,375.54047,7,COPDEM30,41.98368411
RGI2000-v7.0-G-03-04829,03,03-05,G281556E76479N,1999-06-15T00:00:00,-78.49556667375153,76.4750785,4.193857348467899,0,383.54932,5,COPDEM30,38.67047332
RGI2000-v7.0-G-03-04830,03,03-05,G281730E76573N,1999-06-15T00:00:00,-78.26918454720473,76.572847,1.251958004946756,0,548.0878,3,COPDEM30,25.66473010
RGI2000-v7.0-G-03-04831,03,03-05,G281749E76585N,1999-06-15T00:00:00,-78.2277686423833,76.58285950000001,1.050902892924818,0,595.71497,3,COPDEM30,24.35189768
RGI2000-v7.0-G-03-04832,03,03-05,G281696E76630N,1999-06-15T00:00:00,-78.26205236657724,76.61729349999999,18.708453651181525,0,431.09534,3,COPDEM90,70.55457799
RGI2000-v7.0-G-03-04833,03,03-05,G281742E76660N,1999-06-15T00:00:00,-78.27904018135426,76.647844,21.214737482117016,0,442.0588,3,COPDEM90,74.48324237
RGI2000-v7.0-G-03-04834,03,03-05,G281882E76657N,1999-06-15T00:00:00,-78.12414199227621,76.656853,0.77378506349454,0,467.29333,2,COPDEM30,22.31510749
RGI2000-v7.0-G-03-04835,03,03-05,G281891E76646N,1999-06-15T00:00:00,-78.10869834259356,76.645138,0.359155090952122,0,407.62277,3,COPDEM30,18.39013694
RGI2000-v7.0-G-03-04836,03,03-05,G281647E76694N,1999-06-15T00:00:00,-78.35298524765301,76.694224,0.014322884361259,0,525.5694,3,COPDEM30,11.67549555
RGI2000-v7.0-G-03-04837,03,03-05,G281927E76747N,1999-06-15T00:00:00,-78.16802966137894,76.720089,142.91551031293696,0,346.37265,2,COPDEM90,100.00000000
RGI2000-v7.0-G-03-04838,03,03-05,G281782E76780N,1999-06-15T00:00:00,-78.2180819002612,76.77965850000001,0.013271839034214,0,581.22614,5,COPDEM30,11.61284855
RGI2000-v7.0-G-03-04839,03,03-05,G281928E76790N,1999-06-15T00:00:00,-78.07204487669401,76.7896805,0.1225209261619,0,575.95685,3,COPDEM30,14.90041851
RGI2000-v7.0-G-03-04840,03,03-05,G281918E76833N,1999-06-15T00:00:00,-78.08185838271677,76.833,0.094879864501797,0,823.15094,3,COPDEM30,14.31236054
RGI2000-v7.0-G-03-04841,03,03-05,G281963E76871N,1999-06-15T00:00:00,-78.08038888522282,76.86385000000001,25.859041368655387,0,267.69653,1,COPDEM90,81.19250037
RGI2000-v7.0-G-03-04842,03,03-05,G281986E76888N,1999-06-15T00:00:00,-78.01632810209712,76.887444,0.330950772139665,0,447.1601,3,COPDEM30,18.05396495
RGI2000-v7.0-G-03-04843,03,03-05,G281936E76919N,1999-06-15T00:00:00,-78.05394359780857,76.915654,38.11487256356009,0,276.77396,1,COPDEM90,96.43214114
RGI2000-v7.0-G-03-04844,03,03-05,G281957E76954N,1999-06-15T00:00:00,-78.01711209205936,76.954574,9.19883352998667,0,176.90408,2,COPDEM30,52.46141038
RGI2000-v7.0-G-03-04845,03,03-05,G281878E76972N,1999-06-15T00:00:00,-78.10148241211047,76.9730325,12.174330801008312,0,261.2669,1,COPDEM30,58.84842717
RGI2000-v7.0-G-03-04846,03,03-05,G281724E77002N,1999-06-15T00:00:00,-78.34654743677723,76.9908005,26.793795288755227,0,145.76953,8,COPDEM90,82.46781269
RGI2000-v7.0-G-03-04847,03,03-05,G281625E76948N,1999-06-15T00:00:00,-78.38793690778806,76.947722,2.689657821816966,0,303.75708,7,COPDEM30,32.96024680
RGI2000-v7.0-G-03-04848,03,03-05,G281629E76929N,1999-06-15T00:00:00,-78.43783217288666,76.930169,37.878318305783665,0,333.93594,8,COPDEM90,96.16350961
RGI2000-v7.0-G-03-04849,03,03-05,G281606E76893N,1999-06-15T00:00:00,-78.39795384503,76.89564200000001,21.495037274509595,0,437.85257,7,COPDEM90,74.90783701
RGI2000-v7.0-G-03-04850,03,03-05,G281523E76868N,1999-06-15T00:00:00,-78.45742159149741,76.865444,7.798863770374238,0,484.27408,7,COPDEM30,49.09702417
RGI2000-v7.0-G-03-04851,03,03-05,G281528E76850N,1999-06-15T00:00:00,-78.44637866211292,76.85152,2.376974604709633,0,496.96396,7,COPDEM30,31.58441620
RGI2000-v7.0-G-03-04852,03,03-05,G281460E76767N,1999-06-15T00:00:00,-78.52611169382004,76.78593599999999,280.94306170016586,0,402.68173,1,COPDEM90,100.00000000
RGI2000-v7.0-G-03-04853,03,03-05,G281162E76801N,1999-06-15T00:00:00,-78.84133252738053,76.8009175,0.789349086732825,0,683.19226,2,COPDEM30,22.43834479
RGI2000-v7.0-G-03-04854,03,03-05,G281204E76819N,1999-06-15T00:00:00,-78.89909059234063,76.805241,6.321830895706975,0,221.46506,2,COPDEM30,45.20055192
RGI2000-v7.0-G-03-04855,03,03-05,G281127E76817N,1999-06-15T00:00:00,-78.87282369923979,76.81654950000001,0.014310619049985,0,441.02606,4,COPDEM30,11.67477800
RGI2000-v7.0-G-03-04856,03,03-05,G281086E76822N,1999-06-15T00:00:00,-78.89939525312761,76.821068,3.562320452412177,0,519.589,2,COPDEM30,36.42375463
RGI2000-v7.0-G-03-04857,03,03-05,G280521E77007N,1999-06-15T00:00:00,-79.4434179358718,76.9910865,5.134036914645662,0,621.49506,5,COPDEM30,41.72177856
RGI2000-v7.0-G-03-04858,03,03-05,G280595E77008N,1999-06-15T00:00:00,-79.37628084529211,77.002537,4.782991778543971,0,681.3837,3,COPDEM30,40.61807291
RGI2000-v7.0-G-03-04859,03,03-05,G280496E76988N,1999-06-15T00:00:00,-79.52317669981943,76.98198249999999,6.0362452796227,0,657.3373,3,COPDEM30,44.39627996
RGI2000-v7.0-G-03-04860,03,03-05,G280675E77029N,1999-06-15T00:00:00,-79.32808217913625,77.041719,23.61850064588406,0,495.53015,3,COPDEM90,78.03841655
RGI2000-v7.0-G-03-04861,03,03-05,G280775E77049N,1999-06-15T00:00:00,-79.2258760891279,77.0505885,3.307904246047847,0,347.76117,2,COPDEM30,35.46270277
RGI2000-v7.0-G-03-04862,03,03-05,G280805E77072N,1999-06-15T00:00:00,-79.16675004975744,77.065568,4.023501604422365,0,303.0301,2,COPDEM30,38.08213515
RGI2000-v7.0-G-03-04863,03,03-05,G280904E77102N,1999-06-15T00:00:00,-79.06260383019176,77.1023415,21.84951985153328,0,142.63509,2,COPDEM90,75.44085796
RGI2000-v7.0-G-03-04864,03,03-05,G280811E77152N,1999-06-15T00:00:00,-79.16037215594244,77.1428505,29.915728521131204,0,230.78679,1,COPDEM90,86.57338173
RGI2000-v7.0-G-03-04865,03,03-05,G280800E77182N,1999-06-15T00:00:00,-79.19939235211831,77.18235849999999,0.090078647256023,0,557.93616,5,COPDEM30,14.20183470
RGI2000-v7.0-G-03-04866,03,03-05,G280799E77184N,1999-06-15T00:00:00,-79.20341757835601,77.18427249999999,0.033072944981194,0,636.783,5,COPDEM30,12.54603559
RGI2000-v7.0-G-03-04867,03,03-05,G280830E77187N,1999-06-15T00:00:00,-79.15481085492229,77.186774,0.979803478902498,0,301.24326,2,COPDEM30,23.85790323
RGI2000-v7.0-G-03-04868,03,03-05,G280501E77225N,1999-06-15T00:00:00,-79.49569583048904,77.2230265,0.733881324856017,0,190.90076,1,COPDEM30,21.99336232
RGI2000-v7.0-G-03-04869,03,03-05,G280408E77213N,1999-06-15T00:00:00,-79.55211229282942,77.2156215,6.722981871865109,0,453.4077,3,COPDEM30,46.30019899
RGI2000-v7.0-G-03-04870,03,03-05,G280281E77210N,1999-06-15T00:00:00,-79.65439125644082,77.203949,16.09942401341157,0,377.64188,8,COPDEM90,66.17372256
RGI2000-v7.0-G-03-04871,03,03-05,G280334E77227N,1999-06-15T00:00:00,-79.69470854437658,77.2302505,2.418516725075487,0,483.28027,1,COPDEM30,31.77221344
RGI2000-v7.0-G-03-04872,03,03-05,G280371E77236N,1999-06-15T00:00:00,-79.62279713142715,77.237691,0.597876379528595,0,650.26935,2,COPDEM30,20.82514528
RGI2000-v7.0-G-03-04873,03,03-05,G280142E77192N,1999-06-15T00:00:00,-79.85497900938819,77.1921015,5.000886720504174,0,446.8742,1,COPDEM30,41.30772744
RGI2000-v7.0-G-03-04874,03,03-05,G280115E77177N,1999-06-15T00:00:00,-79.88647345041322,77.182982,4.277683970470459,0,517.62067,1,COPDEM30,38.95558769
RGI2000-v7.0-G-03-04875,03,03-05,G280056E77177N,1999-06-15T00:00:00,-79.94202725020972,77.176118,2.133568962955124,0,451.38495,1,COPDEM30,30.44943805
RGI2000-v7.0-G-03-04876,03,03-05,G280117E77165N,1999-06-15T00:00:00,-79.8829809571373,77.1647305,0.024257464830144,0,1013.2047,3,COPDEM30,12.18047314
RGI2000-v7.0-G-03-04877,03,03-05,G280030E77150N,1999-06-15T00:00:00,-79.93105772993252,77.1436105,18.783870541892615,0,516.822,1,COPDEM90,70.67650803
RGI2000-v7.0-G-03-04878,03,03-05,G279945E77153N,1999-06-15T00:00:00,-80.05441670851528,77.15347,0.804040635254684,0,530.39087,1,COPDEM30,22.55356382
RGI2000-v7.0-G-03-04879,03,03-05,G279933E77144N,1999-06-15T00:00:00,-80.07022635234938,77.1438995,2.281579039304332,0,562.1278,7,COPDEM30,31.14685536
RGI2000-v7.0-G-03-04880,03,03-05,G279938E77130N,1999-06-15T00:00:00,-80.07515884810923,77.1276115,4.171022855688796,0,498.8954,7,COPDEM30,38.59231505
RGI2000-v7.0-G-03-04881,03,03-05,G280020E77106N,1999-06-15T00:00:00,-79.97641477756068,77.10637299999999,17.330288836576884,0,547.6592,7,COPDEM90,68.28152891
RGI2000-v7.0-G-03-04882,03,03-05,G280147E77117N,1999-06-15T00:00:00,-79.85393786280488,77.116603,0.010606836461018,0,1061.9563,2,COPDEM30,11.44185296
RGI2000-v7.0-G-03-04883,03,03-05,G280473E77164N,1999-06-15T00:00:00,-79.70503520963837,77.1440265,151.25064075982354,0,407.87192,2,COPDEM90,100.00000000
RGI2000-v7.0-G-03-04884,03,03-05,G279868E77194N,1999-06-15T00:00:00,-80.1302469473684,77.193644,0.292307931634411,0,557.6644,4,COPDEM30,17.56917133
RGI2000-v7.0-G-03-04885,03,03-05,G279759E77193N,1999-06-15T00:00:00,-80.22902795100296,77.19285500000001,0.858147217172504,0,667.2407,3,COPDEM30,22.96907300
RGI2000-v7.0-G-03-04886,03,03-05,G279749E77190N,1999-06-15T00:00:00,-80.2478506874269,77.188923,0.456336645649688,0,659.0675,6,COPDEM30,19.45737715
RGI2000-v7.0-G-03-04887,03,03-05,G279615E77193N,1999-06-15T00:00:00,-80.33512470132027,77.18254250000001,8.945118108136523,0,670.45844,2,COPDEM30,51.87174643
RGI2000-v7.0-G-03-04888,03,03-05,G279708E77202N,1999-06-15T00:00:00,-80.34616281366945,77.20178000000001,2.125676878909364,0,627.1976,1,COPDEM30,30.41158172
RGI2000-v7.0-G-03-04889,03,03-05,G279616E77208N,1999-06-15T00:00:00,-80.39715919491832,77.21148149999999,2.433917482575016,0,822.3966,1,COPDEM30,31.84142455
RGI2000-v7.0-G-03-04890,03,03-05,G279582E77219N,1999-06-15T00:00:00,-80.41857730272409,77.2192175,0.057490992898575,0,743.75977,3,COPDEM30,13.35681912
RGI2000-v7.0-G-03-04891,03,03-05,G279514E77213N,1999-06-15T00:00:00,-80.46930067017135,77.20893000000001,6.94375586902621,0,703.66785,1,COPDEM30,46.89141025
RGI2000-v7.0-G-03-04892,03,03-05,G279435E77203N,1999-06-15T00:00:00,-80.56943261193116,77.2102075,3.618471313068546,0,942.9155,2,COPDEM30,36.63119181
RGI2000-v7.0-G-03-04893,03,03-05,G279439E77225N,1999-06-15T00:00:00,-80.56269590848596,77.22482049999999,0.130918813309869,0,870.884,2,COPDEM30,15.06557868
RGI2000-v7.0-G-03-04894,03,03-05,G279429E77225N,1999-06-15T00:00:00,-80.57078223101342,77.224942,0.137845701828933,0,871.0193,6,COPDEM30,15.19786086
RGI2000-v7.0-G-03-04895,03,03-05,G279337E77191N,1999-06-15T00:00:00,-80.69940959011166,77.21094199999999,16.25705583603967,0,932.30426,8,COPDEM90,66.44805527
RGI2000-v7.0-G-03-04896,03,03-05,G279252E77215N,1999-06-15T00:00:00,-80.7452612136968,77.2161175,3.200024781982913,0,842.78796,8,COPDEM30,35.04405832
RGI2000-v7.0-G-03-04897,03,03-05,G279242E77197N,1999-06-15T00:00:00,-80.787738140251,77.196538,4.070358171132997,0,855.3585,7,COPDEM30,38.24518015
RGI2000-v7.0-G-03-04898,03,03-05,G279036E77220N,1999-06-15T00:00:00,-80.96094462214344,77.21817899999999,2.475301718135439,0,674.0676,8,COPDEM30,32.02632826
RGI2000-v7.0-G-03-04899,03,03-05,G279317E77158N,1999-06-15T00:00:00,-80.6927086827089,77.151983,44.978685785496786,0,746.90497,7,COPDEM90,100.00000000
RGI2000-v7.0-G-03-04900,03,03-05,G279488E77176N,1999-06-15T00:00:00,-80.54736055217677,77.1684165,23.971347693761096,0,863.5061,3,COPDEM90,78.54476018
RGI2000-v7.0-G-03-04901,03,03-05,G279471E77139N,1999-06-15T00:00:00,-80.38504255262168,77.13692850000001,26.353444547189405,0,839.4439,3,COPDEM90,81.86984855
RGI2000-v7.0-G-03-04902,03,03-05,G279582E77111N,1999-06-15T00:00:00,-80.42951572738613,77.107437,6.097229513219395,0,824.1764,4,COPDEM30,44.56959625
RGI2000-v7.0-G-03-04903,03,03-05,G279467E77071N,1999-06-15T00:00:00,-80.49130884988912,77.0626675,110.64365183914825,0,610.8103,2,COPDEM90,100.00000000
RGI2000-v7.0-G-03-04904,03,03-05,G279752E77041N,1999-06-15T00:00:00,-80.24497769021858,77.043892,15.435520675592594,0,499.61142,1,COPDEM90,65.00329129
RGI2000-v7.0-G-03-04905,03,03-05,G279924E77067N,1999-06-15T00:00:00,-80.08954440210742,77.059797,43.752218538897786,0,479.2782,8,COPDEM90,100.00000000
RGI2000-v7.0-G-03-04906,03,03-05,G279200E77102N,1999-06-15T00:00:00,-80.81601228715446,77.0992815,17.989841475892465,0,814.2521,6,COPDEM90,69.38020654
RGI2000-v7.0-G-03-04907,03,03-05,G279107E77033N,1999-06-15T00:00:00,-80.92297717879762,77.02877649999999,25.03516539624515,0,892.36145,8,COPDEM90,80.04921425
RGI2000-v7.0-G-03-04908,03,03-05,G279052E76990N,1999-06-15T00:00:00,-80.96278768802816,76.9967225,27.838971149900516,0,706.0835,7,COPDEM90,83.86770841
RGI2000-v7.0-G-03-04909,03,03-05,G278992E76953N,1999-06-15T00:00:00,-81.01780106692378,76.9503015,24.10288754077834,0,654.08484,6,COPDEM90,78.73256839
RGI2000-v7.0-G-03-04910,03,03-05,G279922E76831N,1999-06-15T00:00:00,-80.1735961503625,76.83149850000001,1741.3104698562356,0,504.1868,1,COPDEM90,100.00000000
RGI2000-v7.0-G-03-04911,03,03-05,G278752E76606N,1999-06-15T00:00:00,-81.24881576744613,76.6038195,0.996143780480623,0,930.9291,1,COPDEM30,23.97298039
RGI2000-v7.0-G-03-04912,03,03-05,G279512E76355N,1999-06-15T00:00:00,-80.49199311245135,76.35188199999999,57.75049805412801,0,924.14716,7,COPDEM90,100.00000000
RGI2000-v7.0-G-03-04913,03,03-05,G279373E76319N,1999-06-15T00:00:00,-80.62667057352539,76.31874250000001,0.02617785917452,0,964.66595,4,COPDEM30,12.26514026
RGI2000-v7.0-G-03-04914,03,03-05,G279315E76317N,1999-06-15T00:00:00,-80.68483065000001,76.316702,0.024519759051817,0,912.51294,8,COPDEM30,12.19223009
RGI2000-v7.0-G-03-04915,03,03-05,G279312E76312N,1999-06-15T00:00:00,-80.68701867277991,76.3122245,0.059295125004664,0,933.39,8,COPDEM30,13.40908265
RGI2000-v7.0-G-03-04916,03,03-05,G279303E76313N,1999-06-15T00:00:00,-80.69550479189189,76.3119875,0.325457466130703,0,893.11554,8,COPDEM30,17.98684314
RGI2000-v7.0-G-03-04917,03,03-05,G279276E76304N,1999-06-15T00:00:00,-80.72553060073099,76.3038485,0.033099288475085,0,827.50275,7,COPDEM30,12.54704938
RGI2000-v7.0-G-03-04918,03,03-05,G279290E76295N,1999-06-15T00:00:00,-80.67617493467202,76.2951175,0.021765367933361,0,708.29047,1,COPDEM30,12.06543267
RGI2000-v7.0-G-03-04919,03,03-05,G279224E76288N,1999-06-15T00:00:00,-80.78608444904552,76.3009115,11.603170936059676,0,673.0121,8,COPDEM30,57.68879851
RGI2000-v7.0-G-03-04920,03,03-05,G279096E76286N,1999-06-15T00:00:00,-80.90616518232045,76.285109,0.322120366383669,0,528.5659,6,COPDEM30,17.94579082
RGI2000-v7.0-G-03-04921,03,03-05,G279188E76260N,1999-06-15T00:00:00,-80.81032789307977,76.259998,18.72860274293583,0,579.96533,7,COPDEM90,70.58717800
RGI2000-v7.0-G-03-04922,03,03-05,G279168E76233N,1999-06-15T00:00:00,-80.83458823021591,76.2254525,9.702627884043476,0,487.20624,7,COPDEM30,53.60865815
RGI2000-v7.0-G-03-04923,03,03-05,G279076E76211N,1999-06-15T00:00:00,-80.92432254969575,76.2111275,0.025243339466205,0,101.896515,7,COPDEM30,12.22434137
RGI2000-v7.0-G-03-04924,03,03-05,G279366E76286N,1999-06-15T00:00:00,-80.61852205876875,76.25081,73.14973457061578,0,670.8903,5,COPDEM90,100.00000000
RGI2000-v7.0-G-03-04925,03,03-05,G279446E76267N,1999-06-15T00:00:00,-80.54205726327392,76.257013,13.112774919176076,0,565.40265,5,COPDEM90,60.69619201
RGI2000-v7.0-G-03-04926,03,03-05,G279581E76289N,1999-06-15T00:00:00,-80.42082886382252,76.286316,24.695222376410495,0,825.2306,5,COPDEM90,79.57200289
RGI2000-v7.0-G-03-04927,03,03-05,G279856E76355N,1999-06-15T00:00:00,-80.21986516811383,76.3376725,122.74434801057204,0,756.8364,4,COPDEM90,100.00000000
RGI2000-v7.0-G-03-04928,03,03-05,G280144E76396N,1999-06-15T00:00:00,-79.8609036882698,76.3639555,98.3996855924687,0,886.85693,5,COPDEM90,100.00000000
RGI2000-v7.0-G-03-04929,03,03-05,G280289E76361N,1999-06-15T00:00:00,-79.70231251066525,76.342733,27.498280521947407,0,601.4254,5,COPDEM90,83.41432409
RGI2000-v7.0-G-03-04930,03,03-05,G280275E76331N,1999-06-15T00:00:00,-79.72297267019047,76.3283445,0.010317667337088,0,400.53693,4,COPDEM30,11.42206287
RGI2000-v7.0-G-03-04931,03,03-05,G280647E76531N,1999-06-15T00:00:00,-79.37159419508312,76.503935,187.3207765130624,0,596.1803,3,COPDEM90,100.00000000
RGI2000-v7.0-G-03-04932,03,03-05,G280985E76108N,1999-06-15T00:00:00,-79.015706130659,76.1081745,0.012508968497965,0,81.89211,1,COPDEM30,11.56580900
RGI2000-v7.0-G-03-04933,03,03-05,G280951E76103N,1999-06-15T00:00:00,-79.04366300569863,76.1023125,2.633624397116631,0,406.18027,1,COPDEM30,32.71982354
RGI2000-v7.0-G-03-04934,03,03-05,G280911E76097N,1999-06-15T00:00:00,-79.09883392789173,76.098874,0.923332908519814,0,419.50494,8,COPDEM30,23.45262986
RGI2000-v7.0-G-03-04935,03,03-05,G280915E76087N,1999-06-15T00:00:00,-79.07800824844668,76.0870225,0.59076134169057,0,612.01624,7,COPDEM30,20.76054009
RGI2000-v7.0-G-03-04936,03,03-05,G280882E76060N,1999-06-15T00:00:00,-79.11440898924957,76.0693535,4.365484532793427,0,299.22302,7,COPDEM30,39.25123875
RGI2000-v7.0-G-03-04937,03,03-05,G280858E76038N,1999-06-15T00:00:00,-79.13663702935659,76.0343275,19.36642776005243,0,276.4986,8,COPDEM90,71.61022513
RGI2000-v7.0-G-03-04938,03,03-05,G280809E76023N,1999-06-15T00:00:00,-79.19465205362155,76.0240245,0.125340197975622,0,610.45386,1,COPDEM30,14.95647847
RGI2000-v7.0-G-03-04939,03,03-05,G280794E76011N,1999-06-15T00:00:00,-79.19485349007513,76.0080545,5.777870562258654,0,261.508,8,COPDEM30,43.65208211
RGI2000-v7.0-G-03-04940,03,03-05,G280784E76000N,1999-06-15T00:00:00,-79.21670944299115,76.0000815,0.01283045522538,0,639.87823,2,COPDEM30,11.58580239
RGI2000-v7.0-G-03-04941,03,03-05,G280768E75999N,1999-06-15T00:00:00,-79.23180454353579,75.9986855,0.209152940502734,0,767.0609,8,COPDEM30,16.40265385
RGI2000-v7.0-G-03-04942,03,03-05,G280742E76002N,1999-06-15T00:00:00,-79.25775616619916,76.001259,0.316490157410359,0,253.84201,8,COPDEM30,17.87604411
RGI2000-v7.0-G-03-04943,03,03-05,G280730E76005N,1999-06-15T00:00:00,-79.26990706304576,76.00454500000001,0.012110459902535,0,76.91196,8,COPDEM30,11.54066549
RGI2000-v7.0-G-03-04944,03,03-05,G280700E75989N,1999-06-15T00:00:00,-79.2917195111111,75.98745,9.7653140450481,0,217.06924,8,COPDEM30,53.74930346
RGI2000-v7.0-G-03-04945,03,03-05,G280777E75975N,1999-06-15T00:00:00,-79.2100444026934,75.9752705,3.094004098183891,0,497.8144,3,COPDEM30,34.62569396
RGI2000-v7.0-G-03-04946,03,03-05,G280873E75986N,1999-06-15T00:00:00,-79.13275213249736,75.986219,0.021651947171548,0,196.85175,4,COPDEM30,12.06004409
RGI2000-v7.0-G-03-04947,03,03-05,G280953E76025N,1999-06-15T00:00:00,-79.0795766635438,76.01560699999999,8.852424924747018,0,614.93134,4,COPDEM30,51.65423490
RGI2000-v7.0-G-03-04948,03,03-05,G281016E76022N,1999-06-15T00:00:00,-78.9838576223159,76.0224295,0.012404528986719,0,225.52345,2,COPDEM30,11.55925870
RGI2000-v7.0-G-03-04949,03,03-05,G281052E76038N,1999-06-15T00:00:00,-78.95120369982615,76.037325,0.14536407488147,0,391.76974,4,COPDEM30,15.33772973
RGI2000-v7.0-G-03-04950,03,03-05,G281065E76035N,1999-06-15T00:00:00,-78.93500764439014,76.0353815,0.046815460262384,0,149.57013,4,COPDEM30,13.02916329
RGI2000-v7.0-G-03-04951,03,03-05,G281084E76049N,1999-06-15T00:00:00,-78.91992280231568,76.0481545,4.702475550793534,0,490.48666,6,COPDEM30,40.35926890
RGI2000-v7.0-G-03-04952,03,03-05,G281043E76081N,1999-06-15T00:00:00,-78.97293722348367,76.08139800000001,28.668707060038372,0,341.8511,2,COPDEM90,84.96043346
RGI2000-v7.0-G-03-04953,03,03-05,G280748E75957N,1999-06-15T00:00:00,-79.25949239419076,75.95602650000001,0.737981810913941,0,517.85754,3,COPDEM30,22.02682148
RGI2000-v7.0-G-03-04954,03,03-05,G280758E75948N,1999-06-15T00:00:00,-79.24161950740813,75.947744,0.01272580680239,0,226.46217,5,COPDEM30,11.57932205
RGI2000-v7.0-G-03-04955,03,03-05,G280763E75946N,1999-06-15T00:00:00,-79.23691490849674,75.945651,0.017690152792234,0,178.93854,6,COPDEM30,11.86206067
RGI2000-v7.0-G-03-04956,03,03-05,G280772E75934N,1999-06-15T00:00:00,-79.20787779631166,75.930394,17.12174888704188,0,297.72314,3,COPDEM90,67.92980910
RGI2000-v7.0-G-03-04957,03,03-05,G280775E75907N,1999-06-15T00:00:00,-79.22603318577956,75.9064645,0.069375919189754,0,91.54304,3,COPDEM30,13.68750324
RGI2000-v7.0-G-03-04958,03,03-05,G280856E75887N,1999-06-15T00:00:00,-79.15087375903613,75.888634,8.324252152401773,0,361.25812,2,COPDEM30,50.39249215
RGI2000-v7.0-G-03-04959,03,03-05,G280705E75885N,1999-06-15T00:00:00,-79.2958852551268,75.8852715,0.043126104582402,0,125.665955,3,COPDEM30,12.90735559
RGI2000-v7.0-G-03-04960,03,03-05,G280595E75871N,1999-06-15T00:00:00,-79.40508301156167,75.8705185,0.022659408822933,0,193.55351,7,COPDEM30,12.10742595
RGI2000-v7.0-G-03-04961,03,03-05,G280582E75875N,1999-06-15T00:00:00,-79.4172924480122,75.87644499999999,0.24597519582834,0,246.75012,6,COPDEM30,16.94342411
RGI2000-v7.0-G-03-04962,03,03-05,G280546E75878N,1999-06-15T00:00:00,-79.45469308245157,75.878008,0.091269027318995,0,379.3841,3,COPDEM30,14.22950699
RGI2000-v7.0-G-03-04963,03,03-05,G280580E75893N,1999-06-15T00:00:00,-79.4398161963529,75.88843,25.2089806046074,0,446.19943,5,COPDEM90,80.29196397
RGI2000-v7.0-G-03-04964,03,03-05,G280441E75892N,1999-06-15T00:00:00,-79.5594566675147,75.891391,0.181238860937794,0,344.77023,7,COPDEM30,15.96010207
RGI2000-v7.0-G-03-04965,03,03-05,G280492E75915N,1999-06-15T00:00:00,-79.5258537266148,75.91668849999999,3.814472513131561,0,347.71255,8,COPDEM30,37.34294448
RGI2000-v7.0-G-03-04966,03,03-05,G280533E75935N,1999-06-15T00:00:00,-79.47616937970116,75.93476150000001,13.730155241686997,0,248.6508,7,COPDEM90,61.87591375
RGI2000-v7.0-G-03-04967,03,03-05,G280534E75955N,1999-06-15T00:00:00,-79.46650660113414,75.95557249999999,0.025438983496287,0,101.20255,7,COPDEM30,12.23294442
RGI2000-v7.0-G-03-04968,03,03-05,G280564E75957N,1999-06-15T00:00:00,-79.43461673200423,75.9569575,0.41593317372882,0,600.6008,8,COPDEM30,19.02900338
RGI2000-v7.0-G-03-04969,03,03-05,G280575E75963N,1999-06-15T00:00:00,-79.42517763913526,75.96276599999999,0.019099735962848,0,287.84534,8,COPDEM30,11.93482512
RGI2000-v7.0-G-03-04970,03,03-05,G280634E75967N,1999-06-15T00:00:00,-79.3666881994655,75.967703,11.636394705970774,0,229.17468,8,COPDEM30,57.75702422
RGI2000-v7.0-G-03-04971,03,03-05,G280553E75854N,1999-06-15T00:00:00,-79.44800819307622,75.85433499999999,0.14460244330613,0,437.39648,3,COPDEM30,15.32372791
RGI2000-v7.0-G-03-04972,03,03-05,G280499E75851N,1999-06-15T00:00:00,-79.49523973998627,75.8505485,1.39257621080313,0,407.13962,7,COPDEM30,26.52104529
RGI2000-v7.0-G-03-04973,03,03-05,G280506E75838N,1999-06-15T00:00:00,-79.48000675694453,75.83882,2.76443813545324,0,394.76413,8,COPDEM30,33.27723941
RGI2000-v7.0-G-03-04974,03,03-05,G280549E75833N,1999-06-15T00:00:00,-79.45171880111653,75.8332395,0.045826096905233,0,442.03003,1,COPDEM30,12.99698432
RGI2000-v7.0-G-03-04975,03,03-05,G280580E75841N,1999-06-15T00:00:00,-79.42090675707468,75.840894,0.015972718317922,0,40.667377,3,COPDEM30,11.76936508
RGI2000-v7.0-G-03-04976,03,03-05,G281039E75861N,1999-06-15T00:00:00,-78.95743413673354,75.860037,0.487481719124275,0,277.7164,6,COPDEM30,19.77478475
RGI2000-v7.0-G-03-04977,03,03-05,G281060E75863N,1999-06-15T00:00:00,-78.93938168361638,75.863922,2.12463189322013,0,441.42236,1,COPDEM30,30.40656392
RGI2000-v7.0-G-03-04978,03,03-05,G282142E76720N,1999-06-15T00:00:00,-77.85539647015577,76.71767299999999,1.745144726267124,0,684.54877,4,COPDEM30,28.49454964
RGI2000-v7.0-G-03-04979,03,03-05,G282136E76734N,1999-06-15T00:00:00,-77.87567874984774,76.7319315,1.719367478544909,0,596.07446,2,COPDEM30,28.35745151
RGI2000-v7.0-G-03-04980,03,03-05,G282160E76743N,1999-06-15T00:00:00,-77.84010419914998,76.74392499999999,0.86850963434463,0,665.0431,4,COPDEM30,23.04714100
RGI2000-v7.0-G-03-04981,03,03-05,G282163E76751N,1999-06-15T00:00:00,-77.83671088199861,76.750333,0.033327865239243,0,768.91473,2,COPDEM30,12.55582894
RGI2000-v7.0-G-03-04982,03,03-05,G282147E76760N,1999-06-15T00:00:00,-77.86121013705198,76.76231200000001,0.849353746228956,0,298.2836,3,COPDEM30,22.90245458
RGI2000-v7.0-G-03-04983,03,03-05,G282133E76776N,1999-06-15T00:00:00,-77.85881952710744,76.774958,1.640892116986474,0,515.12616,8,COPDEM30,27.93362359
RGI2000-v7.0-G-03-04984,03,03-05,G282031E76817N,1999-06-15T00:00:00,-77.86281994424654,76.816058,45.78708993964723,0,262.3341,2,COPDEM90,100.00000000
RGI2000-v7.0-G-03-04985,03,03-05,G282079E76845N,1999-06-15T00:00:00,-77.92585244644874,76.84223750000001,3.359993041133774,0,206.71846,2,COPDEM30,35.66239732
RGI2000-v7.0-G-03-04986,03,03-05,G282058E76861N,1999-06-15T00:00:00,-77.93791255493998,76.861858,0.357628832884916,0,496.21375,3,COPDEM30,18.37229068
RGI2000-v7.0-G-03-04987,03,03-05,G277941E76948N,1999-06-15T00:00:00,-82.05499113176353,76.9496255,4.623547414859132,0,450.95477,3,COPDEM30,40.10340999
RGI2000-v7.0-G-03-04988,03,03-05,G277727E76938N,2002-07-19T00:00:00,-82.28073501496043,76.93691749999999,1.40169734319842,0,747.36084,1,COPDEM30,26.57506197
RGI2000-v7.0-G-03-04989,03,03-05,G277648E76932N,2002-07-19T00:00:00,-82.35186321078936,76.9324245,0.120556424148699,0,770.3058,2,COPDEM30,14.86097306
RGI2000-v7.0-G-03-04990,03,03-05,G277631E76909N,2002-07-19T00:00:00,-82.37115200813929,76.911966,1.422889412276421,0,797.32336,8,COPDEM30,26.69988996
RGI2000-v7.0-G-03-04991,03,03-05,G277735E77007N,2002-07-19T00:00:00,-82.26540530653364,77.0067635,0.123966877441637,0,633.84247,8,COPDEM30,14.92925025
RGI2000-v7.0-G-03-04992,03,03-05,G277741E77011N,2002-07-19T00:00:00,-82.25864322985782,77.0106335,0.146697524532755,0,633.36255,8,COPDEM30,15.36215580
RGI2000-v7.0-G-03-04993,03,03-05,G277894E77012N,1999-06-15T00:00:00,-82.10104156093189,77.0118975,1.809390596594917,0,547.0818,3,COPDEM30,28.83190264
RGI2000-v7.0-G-03-04994,03,03-06,G270089E74612N,1999-06-15T00:00:00,-89.91611245168676,74.6101125,0.15523454539312,0,287.9516,6,COPDEM30,15.51597416
RGI2000-v7.0-G-03-04995,03,03-06,G270102E74616N,1999-06-15T00:00:00,-89.8982807406954,74.61633499999999,0.013263639455381,0,320.96985,7,COPDEM30,11.61235025
RGI2000-v7.0-G-03-04996,03,03-06,G270103E74636N,1999-06-15T00:00:00,-89.89858897345196,74.63610349999999,0.107266222512588,0,250.48941,8,COPDEM30,14.58521315
RGI2000-v7.0-G-03-04997,03,03-06,G270087E74637N,1999-06-15T00:00:00,-89.91337437347131,74.637767,0.026382776186542,0,201.30246,1,COPDEM30,12.27398860
RGI2000-v7.0-G-03-04998,03,03-06,G270117E74640N,1999-06-15T00:00:00,-89.88263315728193,74.6404885,0.10686615873279,0,285.37274,6,COPDEM30,14.57665458
RGI2000-v7.0-G-03-04999,03,03-06,G270120E74638N,1999-06-15T00:00:00,-89.8802253998227,74.637409,0.013258818607747,0,296.63565,6,COPDEM30,11.61205721
RGI2000-v7.0-G-03-05000,03,03-06,G270092E74650N,1999-06-15T00:00:00,-89.90753162100418,74.6495305,0.401845707517216,0,206.50003,7,COPDEM30,18.87478218
RGI2000-v7.0-G-03-05001,03,03-06,G270101E74661N,1999-06-15T00:00:00,-89.89862145528028,74.66173599999999,0.051202238647375,0,261.6444,6,COPDEM30,13.16790763
RGI2000-v7.0-G-03-05002,03,03-06,G270185E74707N,1999-06-15T00:00:00,-89.81420996331316,74.706182,0.022771595839379,0,313.66748,8,COPDEM30,12.11263645
RGI2000-v7.0-G-03-05003,03,03-06,G270219E74704N,1999-06-15T00:00:00,-89.77532701042307,74.703927,0.277154055147064,0,370.32422,8,COPDEM30,17.37035920
RGI2000-v7.0-G-03-05004,03,03-06,G270245E74708N,1999-06-15T00:00:00,-89.75422720166215,74.708152,0.037411844713907,0,394.8026,6,COPDEM30,12.70789984
RGI2000-v7.0-G-03-05005,03,03-06,G270270E74741N,1999-06-15T00:00:00,-89.733240778924,74.7428265,0.16266942342149,0,368.99353,3,COPDEM30,15.64652167
RGI2000-v7.0-G-03-05006,03,03-06,G270292E74744N,1999-06-15T00:00:00,-89.70695073068592,74.742957,0.042931615930691,0,363.27295,6,COPDEM30,12.90079243
RGI2000-v7.0-G-03-05007,03,03-06,G270326E74776N,1999-06-15T00:00:00,-89.6741775,74.7756195,0.019654056299773,0,381.54272,3,COPDEM30,11.96270095
RGI2000-v7.0-G-03-05008,03,03-06,G270436E74823N,1999-06-15T00:00:00,-89.56392483714653,74.82389,0.048173668363977,0,384.80417,7,COPDEM30,13.07279010
RGI2000-v7.0-G-03-05009,03,03-06,G270323E74681N,1999-06-15T00:00:00,-89.61192829577217,74.70111449999999,137.19280193037713,0,375.8073,5,COPDEM90,100.00000000
RGI2000-v7.0-G-03-05010,03,03-06,G270546E74669N,1999-06-15T00:00:00,-89.45497795771757,74.66830350000001,0.100683420381888,0,244.17706,5,COPDEM30,14.44229112
RGI2000-v7.0-G-03-05011,03,03-06,G270597E74671N,1999-06-15T00:00:00,-89.41147509416143,74.6710065,4.722894744917527,0,335.4981,7,COPDEM30,40.42511085
RGI2000-v7.0-G-03-05012,03,03-06,G270399E74611N,1999-06-15T00:00:00,-89.60336743201678,74.61138650000001,0.043656732317468,0,309.75824,6,COPDEM30,12.92518709
RGI2000-v7.0-G-03-05013,03,03-06,G270386E74609N,1999-06-15T00:00:00,-89.6141902491554,74.60942399999999,0.019648903535452,0,292.7199,5,COPDEM30,11.96244365
RGI2000-v7.0-G-03-05014,03,03-06,G270382E74612N,1999-06-15T00:00:00,-89.61771268954918,74.612097,0.020274323362651,0,302.66418,3,COPDEM30,11.99343106
RGI2000-v7.0-G-03-05015,03,03-06,G270391E74607N,1999-06-15T00:00:00,-89.6109353285904,74.6058625,0.100513399446744,0,278.17224,6,COPDEM30,14.43853876
RGI2000-v7.0-G-03-05016,03,03-06,G270389E74603N,1999-06-15T00:00:00,-89.61084732991092,74.60283150000001,0.013420236863646,0,255.42256,6,COPDEM30,11.62184044
RGI2000-v7.0-G-03-05017,03,03-06,G270461E74599N,1999-06-15T00:00:00,-89.5387883835752,74.59814,0.033167154257428,0,176.01443,6,COPDEM30,12.54965924
RGI2000-v7.0-G-03-05018,03,03-06,G272150E74630N,1999-06-15T00:00:00,-87.85885387382403,74.638867,1.91104637492658,0,323.87738,8,COPDEM30,29.35368413
RGI2000-v7.0-G-03-05019,03,03-06,G272170E74608N,1999-06-15T00:00:00,-87.83187195510432,74.6079915,0.753293158330462,0,429.46027,7,COPDEM30,22.15094478
RGI2000-v7.0-G-03-05020,03,03-06,G272331E74591N,1999-06-15T00:00:00,-87.66351307161126,74.57703799999999,69.20137100710693,0,529.0241,7,COPDEM90,100.00000000
RGI2000-v7.0-G-03-05021,03,03-06,G272260E74536N,1999-06-15T00:00:00,-87.74212968846757,74.53525099999999,0.409851829965046,0,377.6078,7,COPDEM30,18.96275397
RGI2000-v7.0-G-03-05022,03,03-06,G272430E74532N,1999-06-15T00:00:00,-87.5901363365823,74.5337595,24.28089095789959,0,557.96356,4,COPDEM90,78.98590166
RGI2000-v7.0-G-03-05023,03,03-06,G272413E74495N,1999-06-15T00:00:00,-87.58065324910993,74.495555,11.088300971427154,0,533.6686,4,COPDEM30,56.61874076
RGI2000-v7.0-G-03-05024,03,03-06,G272668E74505N,1999-06-15T00:00:00,-87.32995340335081,74.50534300000001,0.321541718733881,0,384.34583,7,COPDEM30,17.93865082
RGI2000-v7.0-G-03-05025,03,03-06,G272685E74517N,1999-06-15T00:00:00,-87.31176166319872,74.519327,0.581908000915711,0,362.9046,8,COPDEM30,20.67960524
RGI2000-v7.0-G-03-05026,03,03-06,G272832E74505N,1999-06-15T00:00:00,-87.12247421387346,74.5199965,16.716341690449912,0,409.76645,8,COPDEM90,67.23987222
RGI2000-v7.0-G-03-05027,03,03-06,G272809E74480N,1999-06-15T00:00:00,-87.18955085703138,74.4765,0.758575099258854,0,368.4039,7,COPDEM30,22.19347036
RGI2000-v7.0-G-03-05028,03,03-06,G273084E74498N,1999-06-15T00:00:00,-86.91394885771103,74.496827,0.417459920208548,0,264.18134,7,COPDEM30,19.04555937
RGI2000-v7.0-G-03-05029,03,03-06,G273061E74514N,1999-06-15T00:00:00,-86.93883851205061,74.515034,0.23240918774733,0,179.06822,7,COPDEM30,16.74923705
RGI2000-v7.0-G-03-05030,03,03-06,G273167E74484N,1999-06-15T00:00:00,-86.82751656245006,74.487893,8.995439892641041,0,358.3979,1,COPDEM30,51.98935840
RGI2000-v7.0-G-03-05031,03,03-06,G273246E74475N,1999-06-15T00:00:00,-86.75412276244562,74.47538850000001,0.584592676233064,0,336.57782,1,COPDEM30,20.70421247
RGI2000-v7.0-G-03-05032,03,03-06,G273557E74524N,1999-06-15T00:00:00,-86.45339983052392,74.5242615,15.319877517134406,0,473.65317,8,COPDEM90,64.79686116
RGI2000-v7.0-G-03-05033,03,03-06,G273549E74560N,1999-06-15T00:00:00,-86.44954409857215,74.55952049999999,1.265677021780383,0,383.28687,8,COPDEM30,25.75032369
RGI2000-v7.0-G-03-05034,03,03-06,G273640E74606N,1999-06-15T00:00:00,-86.36605563644974,74.605894,10.863865727878578,0,489.26862,2,COPDEM30,56.14453037
RGI2000-v7.0-G-03-05035,03,03-06,G273555E74608N,1999-06-15T00:00:00,-86.45527781700444,74.6252325,7.682995329045855,0,487.8457,8,COPDEM30,48.80550328
RGI2000-v7.0-G-03-05036,03,03-06,G273356E74640N,1999-06-15T00:00:00,-86.65178379935512,74.64066700000001,7.907814216993347,0,532.28284,8,COPDEM30,49.36917051
RGI2000-v7.0-G-03-05037,03,03-06,G273375E74671N,1999-06-15T00:00:00,-86.63385895536118,74.6711335,1.194179333031138,0,554.7638,2,COPDEM30,25.29899177
RGI2000-v7.0-G-03-05038,03,03-06,G273623E74710N,1999-06-15T00:00:00,-86.37449681177115,74.709686,0.542069562281638,0,484.2729,3,COPDEM30,20.30755229
RGI2000-v7.0-G-03-05039,03,03-06,G273726E74700N,1999-06-15T00:00:00,-86.2949012917199,74.6965705,6.724840171634491,0,584.4334,8,COPDEM30,46.30521552
RGI2000-v7.0-G-03-05040,03,03-06,G273766E74681N,1999-06-15T00:00:00,-86.2375134590125,74.6822415,1.252497813782617,0,503.97864,3,COPDEM30,25.66810683
RGI2000-v7.0-G-03-05041,03,03-06,G273790E74735N,1999-06-15T00:00:00,-86.20374348514312,74.7351745,1.71344619391223,0,483.53104,5,COPDEM30,28.32581387
RGI2000-v7.0-G-03-05042,03,03-06,G273766E74760N,1999-06-15T00:00:00,-86.2326057609942,74.7593755,0.4482738793135,0,590.5084,6,COPDEM30,19.37345616
RGI2000-v7.0-G-03-05043,03,03-06,G274042E74792N,1999-06-15T00:00:00,-85.95458332152205,74.7911655,0.304174873578799,0,608.77435,5,COPDEM30,17.72128715
RGI2000-v7.0-G-03-05044,03,03-06,G274101E74781N,1999-06-15T00:00:00,-85.89681540129357,74.7818825,2.272924440892103,0,655.00073,8,COPDEM30,31.10670961
RGI2000-v7.0-G-03-05045,03,03-06,G274197E74772N,1999-06-15T00:00:00,-85.8048142234243,74.772401,0.844392604379479,0,519.6057,6,COPDEM30,22.86471727
RGI2000-v7.0-G-03-05046,03,03-06,G274265E74778N,1999-06-15T00:00:00,-85.7372537965192,74.780305,0.702300486030636,0,550.7491,4,COPDEM30,21.73247183
RGI2000-v7.0-G-03-05047,03,03-06,G274462E74810N,1999-06-15T00:00:00,-85.53793482906633,74.8100575,2.02054282551556,0,538.57324,8,COPDEM30,29.90041190
RGI2000-v7.0-G-03-05048,03,03-06,G274579E74749N,1999-06-15T00:00:00,-85.42226225484723,74.74803700000001,1.194713438388174,0,528.1775,1,COPDEM30,25.30241268
RGI2000-v7.0-G-03-05049,03,03-06,G274666E74730N,1999-06-15T00:00:00,-85.34156198050852,74.73782,16.440279887521886,0,616.3016,8,COPDEM90,66.76526101
RGI2000-v7.0-G-03-05050,03,03-06,G274846E74749N,1999-06-15T00:00:00,-85.15814141229885,74.75175300000001,1.37479802078926,0,449.07864,4,COPDEM30,26.41524938
RGI2000-v7.0-G-03-05051,03,03-06,G274682E74686N,1999-06-15T00:00:00,-85.36054300705258,74.686723,18.104314758840953,0,589.65784,2,COPDEM90,69.56883155
RGI2000-v7.0-G-03-05052,03,03-06,G274684E74542N,1999-06-15T00:00:00,-85.37188778757819,74.5897695,28.615852807548535,0,626.5747,7,COPDEM90,84.89130223
RGI2000-v7.0-G-03-05053,03,03-06,G274754E74579N,1999-06-15T00:00:00,-85.26218067213914,74.5868955,50.10725271731666,0,577.3525,3,COPDEM90,100.00000000
RGI2000-v7.0-G-03-05054,03,03-06,G274875E74593N,1999-06-15T00:00:00,-85.12317320558255,74.5941645,1.08748103427646,0,537.2051,7,COPDEM30,24.59953022
RGI2000-v7.0-G-03-05055,03,03-06,G275095E74625N,1999-06-15T00:00:00,-84.90304454043178,74.6262475,0.741327372607681,0,504.36935,7,COPDEM30,22.05405181
RGI2000-v7.0-G-03-05056,03,03-06,G275143E74618N,1999-06-15T00:00:00,-84.86053238795736,74.6178795,4.527865636012687,0,492.44357,5,COPDEM30,39.79029481
RGI2000-v7.0-G-03-05057,03,03-06,G275139E74640N,1999-06-15T00:00:00,-84.8615378468505,74.63980649999999,0.682833909353564,0,510.94138,8,COPDEM30,21.56872708
RGI2000-v7.0-G-03-05058,03,03-06,G275306E74618N,1999-06-15T00:00:00,-84.70026583276355,74.6112,4.567488335771188,0,497.98422,7,COPDEM30,39.92035618
RGI2000-v7.0-G-03-05059,03,03-06,G275169E74578N,1999-06-15T00:00:00,-84.83089961010388,74.576904,0.463281592128179,0,474.27795,4,COPDEM30,19.52907089
RGI2000-v7.0-G-03-05060,03,03-06,G275120E74573N,1999-06-15T00:00:00,-84.87283620384939,74.570353,9.686003534890517,0,514.1133,3,COPDEM30,53.57128289
RGI2000-v7.0-G-03-05061,03,03-06,G275457E74557N,1999-06-15T00:00:00,-84.54303599116278,74.55644849999999,0.156826733993644,0,313.5805,1,COPDEM30,15.54418974
RGI2000-v7.0-G-03-05062,03,03-06,G275411E74659N,1999-06-15T00:00:00,-84.59105951377765,74.6597935,0.349987537430243,0,494.7662,6,COPDEM30,18.28236424
RGI2000-v7.0-G-03-05063,03,03-06,G275792E74691N,1999-06-15T00:00:00,-84.20768160440932,74.690764,0.681769579217529,0,534.5272,3,COPDEM30,21.55970750
RGI2000-v7.0-G-03-05064,03,03-06,G275921E74679N,1999-06-15T00:00:00,-84.08310304727607,74.678066,2.220599306981626,0,538.90643,8,COPDEM30,30.86234561
RGI2000-v7.0-G-03-05065,03,03-06,G276145E74629N,1999-06-15T00:00:00,-83.87503068985103,74.6263225,5.910947566183625,0,463.29492,3,COPDEM30,44.03741651
RGI2000-v7.0-G-03-05066,03,03-06,G275571E74866N,1999-06-15T00:00:00,-84.42744482192617,74.866684,1.842885930174088,0,576.8286,1,COPDEM30,29.00541087
RGI2000-v7.0-G-03-05067,03,03-06,G275483E74878N,1999-06-15T00:00:00,-84.51672574375,74.8780955,0.560414214522895,0,487.68384,1,COPDEM30,20.48051459
RGI2000-v7.0-G-03-05068,03,03-06,G275575E74898N,1999-06-15T00:00:00,-84.42355744395803,74.8977905,0.440268071807213,0,457.87323,7,COPDEM30,19.28937792
RGI2000-v7.0-G-03-05069,03,03-06,G275568E74930N,1999-06-15T00:00:00,-84.43496131889589,74.92943149999999,1.106410183334311,0,567.10535,7,COPDEM30,24.72604482
RGI2000-v7.0-G-03-05070,03,03-06,G275565E74981N,1999-06-15T00:00:00,-84.4344853369738,74.97966650000001,0.518619247000928,0,523.88074,5,COPDEM30,20.08213134
RGI2000-v7.0-G-03-05071,03,03-06,G275501E74992N,1999-06-15T00:00:00,-84.4991275784074,74.9909585,2.31306212264319,0,549.0366,6,COPDEM30,31.29225625
RGI2000-v7.0-G-03-05072,03,03-06,G275690E75014N,1999-06-15T00:00:00,-84.30792690418542,75.01424449999999,0.912606082072072,0,438.6482,4,COPDEM30,23.37425856
RGI2000-v7.0-G-03-05073,03,03-06,G275751E74999N,1999-06-15T00:00:00,-84.25936014390257,74.99826250000001,1.643914832389912,0,544.3038,8,COPDEM30,27.95013390
RGI2000-v7.0-G-03-05074,03,03-06,G275770E75055N,1999-06-15T00:00:00,-84.24316907238193,75.0554415,0.562791508496564,0,590.7625,4,COPDEM30,20.50272039
RGI2000-v7.0-G-03-05075,03,03-06,G275726E75057N,1999-06-15T00:00:00,-84.28047974671878,75.057057,1.377018034335587,0,598.4135,6,COPDEM30,26.42849764
RGI2000-v7.0-G-03-05076,03,03-06,G274927E75137N,1999-06-15T00:00:00,-85.07712539450159,75.1366045,0.968805162073885,0,605.3905,4,COPDEM30,23.77990609
RGI2000-v7.0-G-03-05077,03,03-06,G274572E75025N,1999-06-15T00:00:00,-85.42814431189184,75.024313,0.601499834837527,0,504.50452,1,COPDEM30,20.85789886
RGI2000-v7.0-G-03-05078,03,03-06,G274546E75019N,1999-06-15T00:00:00,-85.45289100748951,75.02016449999999,0.550603937691706,0,544.7334,1,COPDEM30,20.38837676
RGI2000-v7.0-G-03-05079,03,03-06,G274473E75027N,1999-06-15T00:00:00,-85.53115487453496,75.02648099999999,0.329841444303473,0,449.37036,8,COPDEM30,18.04045540
RGI2000-v7.0-G-03-05080,03,03-06,G274464E74999N,1999-06-15T00:00:00,-85.5344389501874,74.9986935,1.226860017146757,0,554.7882,1,COPDEM30,25.50691985
RGI2000-v7.0-G-03-05081,03,03-06,G274175E74965N,1999-06-15T00:00:00,-85.82412896858096,74.9647525,0.552718447164835,0,544.6355,4,COPDEM30,20.40830513
RGI2000-v7.0-G-03-05082,03,03-06,G274007E74908N,1999-06-15T00:00:00,-85.98829952489925,74.9087515,0.523927557322864,0,562.8171,2,COPDEM30,20.13359765
RGI2000-v7.0-G-03-05083,03,03-06,G274003E74892N,1999-06-15T00:00:00,-85.99652921361519,74.89103800000001,0.417593755743028,0,589.5547,3,COPDEM30,19.04700924
RGI2000-v7.0-G-03-05084,03,03-06,G273757E74869N,1999-06-15T00:00:00,-86.25302812542566,74.8663375,1.990071420359594,0,550.15027,8,COPDEM30,29.74978477
RGI2000-v7.0-G-03-05085,03,03-06,G273707E74862N,1999-06-15T00:00:00,-86.29307598725691,74.8628925,0.282999245862878,0,522.46,7,COPDEM30,17.44767428
RGI2000-v7.0-G-03-05086,03,03-06,G273653E74854N,1999-06-15T00:00:00,-86.34704767872654,74.85419049999999,0.398279231693938,0,528.1078,4,COPDEM30,18.83531151
RGI2000-v7.0-G-03-05087,03,03-06,G273603E74917N,1999-06-15T00:00:00,-86.39464899861976,74.916924,1.961260920393075,0,560.1621,1,COPDEM30,29.60630359
RGI2000-v7.0-G-03-05088,03,03-06,G273382E74878N,1999-06-15T00:00:00,-86.61688422527081,74.8772735,1.82181194878507,0,612.35236,8,COPDEM30,28.89643199
RGI2000-v7.0-G-03-05089,03,03-06,G273205E74896N,1999-06-15T00:00:00,-86.80186216351251,74.8962875,1.662754116865901,0,537.8547,1,COPDEM30,28.05269528
RGI2000-v7.0-G-03-05090,03,03-06,G273236E74913N,1999-06-15T00:00:00,-86.76387646888722,74.9124685,0.737469578973829,0,495.7415,5,COPDEM30,22.02264686
RGI2000-v7.0-G-03-05091,03,03-06,G272981E74773N,1999-06-15T00:00:00,-87.10218044045804,74.76416449999999,77.8719969149581,0,558.9833,8,COPDEM90,100.00000000
RGI2000-v7.0-G-03-05092,03,03-06,G272582E74719N,1999-06-15T00:00:00,-87.41926991239757,74.71930900000001,0.88743238387848,0,438.32175,2,COPDEM30,23.18850815
RGI2000-v7.0-G-03-05093,03,03-06,G272390E74694N,1999-06-15T00:00:00,-87.61458084326563,74.692902,0.930321722647187,0,424.55542,1,COPDEM30,23.50344614
RGI2000-v7.0-G-03-05094,03,03-06,G272247E74699N,1999-06-15T00:00:00,-87.75008064231093,74.69951900000001,0.55374913539221,0,403.0088,8,COPDEM30,20.41800511
RGI2000-v7.0-G-03-05095,03,03-06,G272204E74695N,1999-06-15T00:00:00,-87.79641103618982,74.6949355,0.153124454133369,0,354.158,8,COPDEM30,15.47835678
RGI2000-v7.0-G-03-05096,03,03-06,G272237E74683N,1999-06-15T00:00:00,-87.76530110906077,74.68302349999999,0.844147798546481,0,414.01532,7,COPDEM30,22.86285227
RGI2000-v7.0-G-03-05097,03,03-06,G272660E74636N,1999-06-15T00:00:00,-87.50866043564865,74.624456,186.44561152743054,0,547.5541,4,COPDEM90,100.00000000
RGI2000-v7.0-G-03-05098,03,03-06,G273058E74560N,1999-06-15T00:00:00,-86.94210742496134,74.559556,0.439038370890919,0,282.50934,7,COPDEM30,19.27639589
RGI2000-v7.0-G-03-05099,03,03-06,G274008E74693N,1999-06-15T00:00:00,-85.99603317948875,74.69306449999999,0.88726492407813,0,555.31366,7,COPDEM30,23.18726375
RGI2000-v7.0-G-03-05100,03,03-06,G274105E74697N,1999-06-15T00:00:00,-85.89938111185947,74.697011,0.968729025134179,0,467.9256,5,COPDEM30,23.77936461
RGI2000-v7.0-G-03-05101,03,03-06,G274173E74620N,1999-06-15T00:00:00,-85.74496759946177,74.635164,125.92293228963304,0,566.7722,8,COPDEM90,100.00000000
RGI2000-v7.0-G-03-05102,03,03-06,G274296E74603N,1999-06-15T00:00:00,-85.70557847049162,74.6034045,0.562523077119833,0,429.7057,5,COPDEM30,20.50021538
RGI2000-v7.0-G-03-05103,03,03-06,G274340E74587N,1999-06-15T00:00:00,-85.65814035224824,74.586735,1.015703108075683,0,497.06558,6,COPDEM30,24.10949358
RGI2000-v7.0-G-03-05104,03,03-06,G274301E74507N,1999-06-15T00:00:00,-85.69755410299706,74.5064375,0.614813467799028,0,463.79303,2,COPDEM30,20.97740587
RGI2000-v7.0-G-03-05105,03,03-06,G274166E74512N,1999-06-15T00:00:00,-85.83168994680729,74.51179149999999,0.595957770211803,0,328.59204,5,COPDEM30,20.80776216
RGI2000-v7.0-G-03-05106,03,03-06,G274795E74527N,1999-06-15T00:00:00,-85.20930393255578,74.5239435,12.496070618400381,0,581.98395,4,COPDEM30,59.48969429
RGI2000-v7.0-G-03-05107,03,03-06,G274800E74935N,1999-06-15T00:00:00,-85.03938198767821,74.884378,1780.6479143547351,0,640.72363,8,COPDEM90,100.00000000
RGI2000-v7.0-G-03-05108,03,03-06,G274232E75140N,1999-06-15T00:00:00,-85.7693219388185,75.1399515,0.019735462994395,0,550.01715,1,COPDEM30,11.96676149
RGI2000-v7.0-G-03-05109,03,03-06,G274162E75140N,1999-06-15T00:00:00,-85.85491190812928,75.138548,1.536895572986715,0,478.07794,8,COPDEM30,27.35602294
RGI2000-v7.0-G-03-05110,03,03-06,G273884E75132N,1999-06-15T00:00:00,-86.11993555774532,75.1319245,2.032988667982182,0,482.7094,1,COPDEM30,29.96160762
RGI2000-v7.0-G-03-05111,03,03-06,G273784E75145N,1999-06-15T00:00:00,-86.20360204690346,75.1456445,1.062522667122361,0,586.8639,8,COPDEM30,24.43102362
RGI2000-v7.0-G-03-05112,03,03-06,G273694E75131N,1999-06-15T00:00:00,-86.26493480394616,75.1236025,3.929311253026967,0,573.5679,2,COPDEM30,37.75148655
RGI2000-v7.0-G-03-05113,03,03-06,G273864E75189N,1999-06-15T00:00:00,-86.13032065227371,75.189049,0.983540716569532,0,460.6301,1,COPDEM30,23.88430698
RGI2000-v7.0-G-03-05114,03,03-06,G274158E75214N,1999-06-15T00:00:00,-85.85106770489182,75.215299,3.477077111521635,0,543.68964,8,COPDEM30,36.10569122
RGI2000-v7.0-G-03-05115,03,03-06,G274125E75253N,1999-06-15T00:00:00,-85.87083323945785,75.255218,15.471553273365577,0,568.4409,2,COPDEM90,65.06745356
RGI2000-v7.0-G-03-05116,03,03-06,G274105E75333N,1999-06-15T00:00:00,-85.87978712580508,75.3337785,1.076674917141173,0,455.0879,1,COPDEM30,24.52681258
RGI2000-v7.0-G-03-05117,03,03-06,G274522E75298N,1999-06-15T00:00:00,-85.50084725686057,75.297463,1.213863692750365,0,517.7581,1,COPDEM30,25.42456754
RGI2000-v7.0-G-03-05118,03,03-06,G274521E75304N,1999-06-15T00:00:00,-85.47891969178727,75.3039995,0.051998809144154,0,470.2068,7,COPDEM30,13.19245463
RGI2000-v7.0-G-03-05119,03,03-06,G274594E75295N,1999-06-15T00:00:00,-85.4050071400746,75.295142,0.16145573209506,0,561.48737,7,COPDEM30,15.62541763
RGI2000-v7.0-G-03-05120,03,03-06,G274703E75292N,1999-06-15T00:00:00,-85.29505270000001,75.291023,0.916247727925276,0,541.46,2,COPDEM30,23.40091619
RGI2000-v7.0-G-03-05121,03,03-06,G274736E75302N,1999-06-15T00:00:00,-85.26266714564355,75.301131,1.03459308832161,0,448.05075,1,COPDEM30,24.24009288
RGI2000-v7.0-G-03-05122,03,03-06,G274892E75290N,1999-06-15T00:00:00,-85.08187433865979,75.2906045,1.200687456148578,0,552.5961,6,COPDEM30,25.34062389
RGI2000-v7.0-G-03-05123,03,03-06,G274911E75312N,1999-06-15T00:00:00,-85.04885476005306,75.31234549999999,5.767287529053214,0,601.4708,7,COPDEM30,43.62124857
RGI2000-v7.0-G-03-05124,03,03-06,G275036E75328N,1999-06-15T00:00:00,-84.9790936483771,75.32797400000001,2.779075304578452,0,594.6826,8,COPDEM30,33.33878231
RGI2000-v7.0-G-03-05125,03,03-06,G275070E75357N,1999-06-15T00:00:00,-84.90459453558354,75.3492335,1.083052367656536,0,472.9232,1,COPDEM30,24.56977227
RGI2000-v7.0-G-03-05126,03,03-06,G275009E75358N,1999-06-15T00:00:00,-84.99372336755923,75.357607,0.648763778348747,0,543.7685,1,COPDEM30,21.27642233
RGI2000-v7.0-G-03-05127,03,03-06,G275895E75389N,1999-06-15T00:00:00,-84.09756798354314,75.3878335,1046.4556315780478,0,1059.2499,7,COPDEM90,100.00000000
RGI2000-v7.0-G-03-05128,03,03-06,G276838E75498N,1999-06-15T00:00:00,-83.29828489763536,75.534509,765.4392875640538,0,1315.6615,1,COPDEM90,100.00000000
RGI2000-v7.0-G-03-05129,03,03-06,G276673E75579N,1999-06-15T00:00:00,-83.32599735400535,75.57877400000001,0.276226020546711,0,812.6219,1,COPDEM30,17.35800924
RGI2000-v7.0-G-03-05130,03,03-06,G276508E75622N,1999-06-15T00:00:00,-83.48993051019461,75.6218145,2.667726339097332,0,787.4324,1,COPDEM30,32.86644621
RGI2000-v7.0-G-03-05131,03,03-06,G276574E75658N,1999-06-15T00:00:00,-83.4261137203776,75.6573475,0.985782073355484,0,760.17035,8,COPDEM30,23.90011821
RGI2000-v7.0-G-03-05132,03,03-06,G276540E75686N,1999-06-15T00:00:00,-83.46597570139814,75.682969,3.28013588325794,0,752.1663,8,COPDEM30,35.35560358
RGI2000-v7.0-G-03-05133,03,03-06,G276657E75717N,1999-06-15T00:00:00,-83.34350634870412,75.718339,0.248644373533241,0,643.8451,1,COPDEM30,16.98099543
RGI2000-v7.0-G-03-05134,03,03-06,G276933E75699N,1999-06-15T00:00:00,-83.06930766333991,75.698998,0.1122958572952,0,764.36694,8,COPDEM30,14.69148037
RGI2000-v7.0-G-03-05135,03,03-06,G277103E75682N,1999-06-15T00:00:00,-82.83760860592324,75.694671,32.85559644562481,0,962.5121,8,COPDEM90,90.24772211
RGI2000-v7.0-G-03-05136,03,03-06,G277300E75706N,1999-06-15T00:00:00,-82.7400654626698,75.70810499999999,29.403779370165275,0,871.51044,1,COPDEM90,85.91535257
RGI2000-v7.0-G-03-05137,03,03-06,G277108E75745N,1999-06-15T00:00:00,-82.90568249200885,75.74711099999999,0.724046418273659,0,501.43542,1,COPDEM30,21.91272840
RGI2000-v7.0-G-03-05138,03,03-06,G277572E75771N,1999-06-15T00:00:00,-82.50559803187639,75.7755185,89.58014292236835,0,737.95325,1,COPDEM90,100.00000000
RGI2000-v7.0-G-03-05139,03,03-06,G278091E75778N,1999-06-15T00:00:00,-81.90961289515579,75.777469,0.011233647105611,0,499.44418,8,COPDEM30,11.48384461
RGI2000-v7.0-G-03-05140,03,03-06,G278148E75756N,1999-06-15T00:00:00,-81.85382132953569,75.761827,34.58660254662254,0,832.5791,1,COPDEM90,92.33452556
RGI2000-v7.0-G-03-05141,03,03-06,G278286E75770N,1999-06-15T00:00:00,-81.70974812064448,75.774074,17.41164205247743,0,746.52246,1,COPDEM90,68.41816363
RGI2000-v7.0-G-03-05142,03,03-06,G278371E75789N,1999-06-15T00:00:00,-81.62850179802959,75.78703949999999,4.366440220756526,0,613.7557,1,COPDEM30,39.25444040
RGI2000-v7.0-G-03-05143,03,03-06,G278416E75790N,1999-06-15T00:00:00,-81.57930026287549,75.789612,2.144528409722824,0,555.8636,2,COPDEM30,30.50189182
RGI2000-v7.0-G-03-05144,03,03-06,G278455E75772N,1999-06-15T00:00:00,-81.53624873485015,75.7780345,17.288296846386523,0,646.434,2,COPDEM90,68.21087683
RGI2000-v7.0-G-03-05145,03,03-06,G278570E75774N,1999-06-15T00:00:00,-81.42160427888216,75.7739305,6.175645554659726,0,487.4218,2,COPDEM30,44.79118464
RGI2000-v7.0-G-03-05146,03,03-06,G278637E75763N,1999-06-15T00:00:00,-81.36628949497131,75.76683299999999,8.80408180545469,0,412.8469,2,COPDEM30,51.54034225
RGI2000-v7.0-G-03-05147,03,03-06,G278741E75757N,1999-06-15T00:00:00,-81.26147056017314,75.75500149999999,2.667516876119669,0,295.3474,2,COPDEM30,32.86554849
RGI2000-v7.0-G-03-05148,03,03-06,G278838E75635N,1999-06-15T00:00:00,-81.15599820849503,75.636459,6.110967058316568,0,534.14325,1,COPDEM30,44.60851837
RGI2000-v7.0-G-03-05149,03,03-06,G278880E75562N,1999-06-15T00:00:00,-81.12075990516539,75.56222,0.10013727249146,0,696.00024,1,COPDEM30,14.43022634
RGI2000-v7.0-G-03-05150,03,03-06,G278847E75563N,1999-06-15T00:00:00,-81.18635641985034,75.5553725,111.81284322055723,0,715.9689,1,COPDEM90,100.00000000
RGI2000-v7.0-G-03-05151,03,03-06,G279021E75565N,1999-06-15T00:00:00,-80.97655456818114,75.56583649999999,0.136390085928015,0,1005.2168,8,COPDEM30,15.17034398
RGI2000-v7.0-G-03-05152,03,03-06,G279058E75577N,1999-06-15T00:00:00,-80.93953256175772,75.577534,0.137123337837094,0,802.9348,8,COPDEM30,15.18422359
RGI2000-v7.0-G-03-05153,03,03-06,G279171E75577N,1999-06-15T00:00:00,-80.80446205340385,75.58940949999999,42.97104174230918,0,624.74207,1,COPDEM90,100.00000000
RGI2000-v7.0-G-03-05154,03,03-06,G279154E75610N,1999-06-15T00:00:00,-80.85284746444057,75.61275549999999,4.652779079815197,0,360.1309,1,COPDEM30,40.19842214
RGI2000-v7.0-G-03-05155,03,03-06,G279378E75606N,1999-06-15T00:00:00,-80.65656373352796,75.594113,59.45762873399403,0,415.00305,1,COPDEM90,100.00000000
RGI2000-v7.0-G-03-05156,03,03-06,G279559E75587N,1999-06-15T00:00:00,-80.43337779216361,75.5865925,72.28073680644432,0,424.8177,1,COPDEM90,100.00000000
RGI2000-v7.0-G-03-05157,03,03-06,G279798E75590N,1999-06-15T00:00:00,-80.2103728593504,75.5907535,7.948970501041329,0,475.47998,2,COPDEM30,49.47148614
RGI2000-v7.0-G-03-05158,03,03-06,G279725E75547N,1999-06-15T00:00:00,-80.26866312027028,75.5452415,49.286763389534656,0,462.5143,3,COPDEM90,100.00000000
RGI2000-v7.0-G-03-05159,03,03-06,G279819E75530N,1999-06-15T00:00:00,-80.19410367950945,75.529472,2.111846961579782,0,281.7214,1,COPDEM30,30.34507322
RGI2000-v7.0-G-03-05160,03,03-06,G279763E75512N,1999-06-15T00:00:00,-80.27353388566127,75.5101115,7.617131683208956,0,488.5912,4,COPDEM30,48.63881222
RGI2000-v7.0-G-03-05161,03,03-06,G279517E75517N,1999-06-15T00:00:00,-80.48659071426366,75.512943,33.34069817515412,0,680.0725,4,COPDEM90,90.83796659
RGI2000-v7.0-G-03-05162,03,03-06,G279416E75436N,1999-06-15T00:00:00,-80.58581065824117,75.43650650000001,0.196482399222407,0,763.99976,3,COPDEM30,16.20568693
RGI2000-v7.0-G-03-05163,03,03-06,G279569E75424N,1999-06-15T00:00:00,-80.43547464685054,75.42495,0.113585630339426,0,588.27106,7,COPDEM30,14.71834542
RGI2000-v7.0-G-03-05164,03,03-06,G279748E75435N,1999-06-15T00:00:00,-80.29979712110156,75.438366,15.974300458603489,0,616.75305,2,COPDEM90,65.95500773
RGI2000-v7.0-G-03-05165,03,03-06,G279946E75455N,1999-06-15T00:00:00,-80.0261998434493,75.454379,20.76691186616607,0,431.1594,1,COPDEM90,73.79901822
RGI2000-v7.0-G-03-05166,03,03-06,G280129E75445N,1999-06-15T00:00:00,-79.86970907752041,75.447034,27.376706716294336,0,381.0511,2,COPDEM90,83.25185674
RGI2000-v7.0-G-03-05167,03,03-06,G280159E75386N,1999-06-15T00:00:00,-79.95699182542975,75.397193,171.78682080349978,0,443.44257,3,COPDEM90,100.00000000
RGI2000-v7.0-G-03-05168,03,03-06,G279852E75328N,1999-06-15T00:00:00,-80.21951592934886,75.3333045,191.97250814500822,0,714.6889,3,COPDEM90,100.00000000
RGI2000-v7.0-G-03-05169,03,03-06,G279403E75242N,1999-06-15T00:00:00,-80.6171867223243,75.24201099999999,471.0819226597954,0,968.75854,4,COPDEM90,100.00000000
RGI2000-v7.0-G-03-05170,03,03-06,G279840E75151N,1999-06-15T00:00:00,-80.16179640681898,75.150484,3.244767068956667,0,474.18762,7,COPDEM30,35.21853179
RGI2000-v7.0-G-03-05171,03,03-06,G279262E75071N,1999-06-15T00:00:00,-80.73928869569463,75.07166,0.282108880632038,0,453.67416,5,COPDEM30,17.43594921
RGI2000-v7.0-G-03-05172,03,03-06,G278488E75058N,1999-06-15T00:00:00,-81.51764587815202,75.052301,2622.8111727573064,0,959.07104,4,COPDEM90,100.00000000
RGI2000-v7.0-G-03-05173,03,03-06,G277555E74897N,1999-06-15T00:00:00,-82.44168988622044,74.90652299999999,97.40813664174217,0,952.8508,7,COPDEM90,100.00000000
RGI2000-v7.0-G-03-05174,03,03-06,G277544E74798N,1999-06-15T00:00:00,-82.5010222133514,74.781081,141.35362120597827,0,856.4698,6,COPDEM90,100.00000000
RGI2000-v7.0-G-03-05175,03,03-06,G277546E74727N,1999-06-15T00:00:00,-82.45483819436288,74.725542,0.788785122895028,0,542.0175,5,COPDEM30,22.43390060
RGI2000-v7.0-G-03-05176,03,03-06,G277667E74679N,1999-06-15T00:00:00,-82.3329210382326,74.678469,0.40831779508616,0,391.59766,1,COPDEM30,18.94596489
RGI2000-v7.0-G-03-05177,03,03-06,G277701E74625N,1999-06-15T00:00:00,-82.29963365078865,74.625287,0.801542411058022,0,378.16556,2,COPDEM30,22.53404614
RGI2000-v7.0-G-03-05178,03,03-06,G277814E74586N,1999-06-15T00:00:00,-82.18510861033707,74.586365,0.981395203037001,0,488.3569,3,COPDEM30,23.86915498
RGI2000-v7.0-G-03-05179,03,03-06,G277728E74576N,1999-06-15T00:00:00,-82.27096766633234,74.5763905,0.275434061732122,0,611.53784,8,COPDEM30,17.34745372
RGI2000-v7.0-G-03-05180,03,03-06,G277697E74560N,1999-06-15T00:00:00,-82.30118416197183,74.560103,0.280752859835571,0,563.23376,1,COPDEM30,17.41805638
RGI2000-v7.0-G-03-05181,03,03-06,G277870E74555N,1999-06-15T00:00:00,-82.12858019392516,74.55565150000001,0.299474913915841,0,582.78217,7,COPDEM30,17.66140216
RGI2000-v7.0-G-03-05182,03,03-06,G277949E74539N,1999-06-15T00:00:00,-81.9954758622664,74.565551,39.542998523569686,0,620.8871,7,COPDEM90,98.03651351
RGI2000-v7.0-G-03-05183,03,03-06,G278066E74514N,1999-06-15T00:00:00,-81.93470881677906,74.5389365,22.6001938757811,0,591.922,7,COPDEM90,76.55552569
RGI2000-v7.0-G-03-05184,03,03-06,G277952E74517N,1999-06-15T00:00:00,-82.04920433056567,74.5178245,1.072271079576682,0,650.42163,1,COPDEM30,24.49707321
RGI2000-v7.0-G-03-05185,03,03-06,G278194E74499N,1999-06-15T00:00:00,-81.80516102501667,74.4989975,0.388760478035871,0,748.26154,2,COPDEM30,18.72909238
RGI2000-v7.0-G-03-05186,03,03-06,G278247E74528N,1999-06-15T00:00:00,-81.74717384428087,74.52939549999999,8.649853834131259,0,538.55396,4,COPDEM30,51.17488739
RGI2000-v7.0-G-03-05187,03,03-06,G278338E74543N,1999-06-15T00:00:00,-81.64720988581485,74.5423475,6.861958971815349,0,519.3368,3,COPDEM30,46.67347759
RGI2000-v7.0-G-03-05188,03,03-06,G278404E74594N,1999-06-15T00:00:00,-81.59503032845498,74.59398949999999,0.293651955378582,0,517.5139,8,COPDEM30,17.58655279
RGI2000-v7.0-G-03-05189,03,03-06,G278428E74594N,1999-06-15T00:00:00,-81.5742010405589,74.594259,0.56338851500784,0,598.81854,1,COPDEM30,20.50828953
RGI2000-v7.0-G-03-05190,03,03-06,G278356E74668N,1999-06-15T00:00:00,-81.7371799432874,74.677639,252.46022233185278,0,751.9444,3,COPDEM90,100.00000000
RGI2000-v7.0-G-03-05191,03,03-06,G277986E74695N,1999-06-15T00:00:00,-82.04841931814948,74.69552,236.9097744706666,0,799.31006,6,COPDEM90,100.00000000
RGI2000-v7.0-G-03-05192,03,03-06,G277758E74761N,1999-06-15T00:00:00,-82.2469653669325,74.751713,80.75836663823468,0,923.89624,6,COPDEM90,100.00000000
RGI2000-v7.0-G-03-05193,03,03-06,G278668E74702N,1999-06-15T00:00:00,-81.3893775336316,74.6849245,110.93732712038695,0,649.31287,5,COPDEM90,100.00000000
RGI2000-v7.0-G-03-05194,03,03-06,G278795E74674N,1999-06-15T00:00:00,-81.20543275134536,74.67365699999999,0.025808940054047,0,862.1773,5,COPDEM30,12.24912255
RGI2000-v7.0-G-03-05195,03,03-06,G278844E74666N,1999-06-15T00:00:00,-81.15515865030201,74.665366,0.3305305279697,0,965.8293,5,COPDEM30,18.04884982
RGI2000-v7.0-G-03-05196,03,03-06,G278887E74667N,1999-06-15T00:00:00,-81.13717221377757,74.6632945,0.773996768815146,0,972.9568,5,COPDEM30,22.31679206
RGI2000-v7.0-G-03-05197,03,03-06,G278908E74705N,1999-06-15T00:00:00,-81.09207144155565,74.7043815,0.024784080617271,0,1056.2917,3,COPDEM30,12.20401447
RGI2000-v7.0-G-03-05198,03,03-06,G279096E74695N,1999-06-15T00:00:00,-80.89929729719677,74.694273,0.033582016698546,0,773.0735,1,COPDEM30,12.56555555
RGI2000-v7.0-G-03-05199,03,03-06,G279060E74659N,1999-06-15T00:00:00,-80.88127913923549,74.6456065,82.37846823006026,0,527.34485,5,COPDEM90,100.00000000
RGI2000-v7.0-G-03-05200,03,03-06,G279134E74623N,1999-06-15T00:00:00,-80.86318721976508,74.6200425,0.561973004883864,0,331.54187,5,COPDEM30,20.49508023
RGI2000-v7.0-G-03-05201,03,03-06,G279282E74632N,1999-06-15T00:00:00,-80.70956485573339,74.630923,1.002311990913788,0,342.54437,5,COPDEM30,24.01617459
RGI2000-v7.0-G-03-05202,03,03-06,G279376E74657N,1999-06-15T00:00:00,-80.6169422632411,74.65165,32.18040425059325,0,492.5215,4,COPDEM90,89.41888461
RGI2000-v7.0-G-03-05203,03,03-06,G279279E74787N,1999-06-15T00:00:00,-80.77391132978386,74.78465800000001,588.5872614202224,0,319.66336,2,COPDEM90,100.00000000
RGI2000-v7.0-G-03-05204,03,03-06,G279123E75409N,1999-06-15T00:00:00,-80.75144978177426,75.4180065,572.1739728690225,0,967.0384,2,COPDEM90,100.00000000
RGI2000-v7.0-G-03-05205,03,03-06,G278235E75528N,1999-06-15T00:00:00,-81.85135084712871,75.53523,1134.4395490265692,0,1149.0557,2,COPDEM90,100.00000000
RGI2000-v7.0-G-03-05206,03,03-06,G277553E75571N,1999-06-15T00:00:00,-82.58379399153472,75.5778445,663.917468176289,0,1245.5593,1,COPDEM90,100.00000000
RGI2000-v7.0-G-03-05207,03,03-06,G276345E75709N,1999-06-15T00:00:00,-83.66935354321285,75.707628,9.568993485952294,0,679.47424,8,COPDEM30,53.30730566
RGI2000-v7.0-G-03-05208,03,03-06,G276805E75127N,1999-06-15T00:00:00,-83.20639718417618,75.0785645,2170.5500925811466,0,1151.8423,6,COPDEM90,100.00000000
RGI2000-v7.0-G-03-05209,03,03-06,G272336E74957N,1999-06-15T00:00:00,-87.65057902422397,74.9579225,1.203904880426588,0,398.37292,1,COPDEM30,25.36116391
RGI2000-v7.0-G-03-05210,03,03-07,G244660E75747N,1988-06-15T00:00:00,-115.33694900280898,75.746928,0.570133044294141,0,495.45886,2,COPDEM30,20.57100169
RGI2000-v7.0-G-03-05211,03,03-07,G245304E75768N,1988-06-15T00:00:00,-114.7223988180278,75.7613265,1.241242883129273,0,449.87115,2,COPDEM30,25.59755125
RGI2000-v7.0-G-03-05212,03,03-07,G245285E75811N,1988-06-15T00:00:00,-114.74418126491928,75.812668,25.742059856072814,0,548.16846,3,COPDEM90,81.03128699
RGI2000-v7.0-G-03-05213,03,03-07,G245509E75839N,1988-06-15T00:00:00,-114.4936716623525,75.839369,1.718504230601815,0,475.006,8,COPDEM30,28.35284254
RGI2000-v7.0-G-03-05214,03,03-07,G245483E75658N,1988-06-15T00:00:00,-114.5243634174686,75.6588055,12.107224868747158,0,614.0383,7,COPDEM30,58.71361282
RGI2000-v7.0-G-03-05215,03,03-07,G245222E75635N,1988-06-15T00:00:00,-114.75567807848537,75.632125,28.299347289316938,0,585.04846,1,COPDEM90,84.47598317
RGI2000-v7.0-G-03-05216,03,03-07,G245035E75429N,1988-06-15T00:00:00,-115.00533770025302,75.4281455,58.47967778204907,0,629.12976,5,COPDEM90,100.00000000
