rgi_id,o1region,o2region,glims_id,src_date,cenlon,cenlat,area_km2,conn_lvl,zmed_m,aspect_sec,dem_source,rgi_grid_spacing_m
RGI2000-v7.0-G-12-00001,12,12-01,G039881E44071N,1999-09-01T00:00:00,39.880714830459766,44.070938,0.027383967903378,0,2193.2903,1.0,COPDEM30,12.31673428
RGI2000-v7.0-G-12-00002,12,12-01,G039891E44068N,1999-09-01T00:00:00,39.89141220717579,44.068373,0.053635711157622,0,2372.1687,1.0,COPDEM30,13.24231389
RGI2000-v7.0-G-12-00003,12,12-01,G039882E44044N,1999-09-01T00:00:00,39.88204177002608,44.0441115,0.085729810868678,0,2209.8499,2.0,COPDEM30,14.09915149
RGI2000-v7.0-G-12-00004,12,12-01,G039885E44039N,1999-09-01T00:00:00,39.88521550488598,44.039016000000004,0.086969082791936,0,2319.1912,2.0,COPDEM30,14.12867294
RGI2000-v7.0-G-12-00005,12,12-01,G039882E43999N,1999-09-01T00:00:00,39.8822334028436,43.999075500000004,0.067441632937405,0,2404.019,1.0,COPDEM30,13.63573377
RGI2000-v7.0-G-12-00006,12,12-01,G039886E43997N,1999-09-01T00:00:00,39.8857619673913,43.996858,0.013156221185738,0,2538.0598,2.0,COPDEM30,11.60580801
RGI2000-v7.0-G-12-00007,12,12-01,G039889E43995N,1999-09-01T00:00:00,39.88919051464166,43.99556,0.103988302782802,0,2464.121,2.0,COPDEM30,14.51461043
RGI2000-v7.0-G-12-00008,12,12-01,G039893E43996N,1999-09-01T00:00:00,39.893773199468086,43.996279,0.015758374964156,0,2279.6062,2.0,COPDEM30,11.75745313
RGI2000-v7.0-G-12-00009,12,12-01,G039896E43993N,1999-09-01T00:00:00,39.895357132954544,43.9940515,0.038903699145429,0,2411.4556,2.0,COPDEM30,12.76136289
RGI2000-v7.0-G-12-00010,12,12-01,G039889E43992N,1999-09-01T00:00:00,39.889074477289256,43.99191,0.011186356099438,0,2697.6475,2.0,COPDEM30,11.48071800
RGI2000-v7.0-G-12-00011,12,12-01,G039900E43987N,1999-09-01T00:00:00,39.90133829255319,43.98662899999999,0.069000145404062,0,2394.6216,2.0,COPDEM30,13.67750303
RGI2000-v7.0-G-12-00012,12,12-01,G039930E43993N,1999-09-01T00:00:00,39.930293047259724,43.9935395,0.06058720066447,0,2649.9333,2.0,COPDEM30,13.44602544
RGI2000-v7.0-G-12-00013,12,12-01,G039933E43990N,1999-09-01T00:00:00,39.933953090759076,43.989428000000004,0.101133311353292,0,2588.2852,2.0,COPDEM30,14.45220496
RGI2000-v7.0-G-12-00014,12,12-01,G039944E43994N,1999-09-01T00:00:00,39.944377235000005,43.9945085,0.039377702593802,0,2476.4004,1.0,COPDEM30,12.77813421
RGI2000-v7.0-G-12-00015,12,12-01,G039898E43958N,1999-09-01T00:00:00,39.89882464646465,43.958482000000004,0.783661994394628,0,2541.3174,1.0,COPDEM30,22.39345597
RGI2000-v7.0-G-12-00016,12,12-01,G039906E43954N,1999-09-01T00:00:00,39.90593922916666,43.9540115,0.024486645548158,0,2625.5276,3.0,COPDEM30,12.19074931
RGI2000-v7.0-G-12-00017,12,12-01,G039908E43948N,1999-09-01T00:00:00,39.90972404395711,43.9492625,0.118440247866371,0,2118.4053,2.0,COPDEM30,14.81812086
RGI2000-v7.0-G-12-00018,12,12-01,G040165E43830N,1999-09-01T00:00:00,40.16442721052633,43.830405999999996,0.12877846550219,0,2387.411,1.0,COPDEM30,15.02400032
RGI2000-v7.0-G-12-00019,12,12-01,G040176E43830N,1999-09-01T00:00:00,40.17458562099664,43.8304275,0.188799635514025,0,2684.4907,2.0,COPDEM30,16.08315120
RGI2000-v7.0-G-12-00020,12,12-01,G040176E43825N,1999-09-01T00:00:00,40.177936471933464,43.824915000000004,0.258466920350039,0,2687.659,2.0,COPDEM30,17.11754989
RGI2000-v7.0-G-12-00021,12,12-01,G040179E43818N,1999-09-01T00:00:00,40.18108354731861,43.8189285,0.099519760204264,0,2655.4104,2.0,COPDEM30,14.41654537
RGI2000-v7.0-G-12-00022,12,12-01,G040180E43815N,1999-09-01T00:00:00,40.179781563253016,43.8144955,0.050169161950584,0,2785.1794,3.0,COPDEM30,13.13578630
RGI2000-v7.0-G-12-00023,12,12-01,G040181E43811N,1999-09-01T00:00:00,40.181246092193454,43.810057,0.094009963593177,0,2760.5916,2.0,COPDEM30,14.29254620
RGI2000-v7.0-G-12-00024,12,12-01,G040184E43805N,1999-09-01T00:00:00,40.18534263304721,43.8067755,0.087224425536066,0,2671.4211,2.0,COPDEM30,14.13472942
RGI2000-v7.0-G-12-00025,12,12-01,G040202E43806N,1999-09-01T00:00:00,40.201619024946055,43.806494,0.670985797387996,0,2437.6367,1.0,COPDEM30,21.46792118
RGI2000-v7.0-G-12-00026,12,12-01,G040214E43803N,1999-09-01T00:00:00,40.215632262218506,43.8041445,1.284222551094053,0,2530.8547,1.0,COPDEM30,25.86529609
RGI2000-v7.0-G-12-00027,12,12-01,G040217E43795N,1999-09-01T00:00:00,40.218490225761784,43.794776999999996,0.540433683822147,0,2937.097,4.0,COPDEM30,20.29198727
RGI2000-v7.0-G-12-00028,12,12-01,G040215E43791N,1999-09-01T00:00:00,40.21544414996131,43.789387000000005,0.156368368829268,0,2822.3972,4.0,COPDEM30,15.53608167
RGI2000-v7.0-G-12-00029,12,12-01,G040205E43795N,1999-09-01T00:00:00,40.20449168576918,43.7951045,0.099883264963673,0,2680.7778,7.0,COPDEM30,14.42460393
RGI2000-v7.0-G-12-00030,12,12-01,G040228E43795N,1999-09-01T00:00:00,40.228278565642455,43.7951065,0.019695370840578,0,2716.398,3.0,COPDEM30,11.96476276
RGI2000-v7.0-G-12-00031,12,12-01,G040241E43802N,1999-09-01T00:00:00,40.24129652857814,43.8023945,0.193460677004218,0,2561.9214,2.0,COPDEM30,16.15778310
RGI2000-v7.0-G-12-00032,12,12-01,G040236E43810N,1999-09-01T00:00:00,40.23618242865854,43.8102655,0.111145475860298,0,2809.292,2.0,COPDEM30,14.66738827
RGI2000-v7.0-G-12-00033,12,12-01,G040241E43829N,1999-09-01T00:00:00,40.240288593253545,43.828717,0.230867520392395,0,2650.8328,1.0,COPDEM30,16.72681455
RGI2000-v7.0-G-12-00034,12,12-01,G040250E43830N,1999-09-01T00:00:00,40.25011940016883,43.830200500000004,0.049660089220272,0,3060.8633,8.0,COPDEM30,13.11983613
RGI2000-v7.0-G-12-00035,12,12-01,G040258E43833N,1999-09-01T00:00:00,40.25763244133192,43.833441,0.387126259388478,0,2760.976,2.0,COPDEM30,18.71072597
RGI2000-v7.0-G-12-00036,12,12-01,G040257E43832N,1999-09-01T00:00:00,40.26392982963709,43.8338365,0.204021102996935,0,2590.1587,1.0,COPDEM30,16.32361733
RGI2000-v7.0-G-12-00037,12,12-01,G040246E43840N,1999-09-01T00:00:00,40.245763963371395,43.839647,0.139137904256245,0,2448.325,1.0,COPDEM30,15.22216710
RGI2000-v7.0-G-12-00038,12,12-01,G040224E43853N,1999-09-01T00:00:00,40.22411388373139,43.853587000000005,0.121782653375253,0,2600.0698,8.0,COPDEM30,14.88563200
RGI2000-v7.0-G-12-00039,12,12-01,G040232E43860N,1999-09-01T00:00:00,40.23174928255675,43.859688500000004,0.053091014398847,0,2804.9473,3.0,COPDEM30,13.22580824
RGI2000-v7.0-G-12-00040,12,12-01,G040230E43864N,1999-09-01T00:00:00,40.23006301526718,43.864289,0.017973296833486,0,2980.0283,3.0,COPDEM30,11.87690335
RGI2000-v7.0-G-12-00041,12,12-01,G040225E43873N,1999-09-01T00:00:00,40.22510675797102,43.873498999999995,0.196051794268654,0,2362.3516,1.0,COPDEM30,16.19888310
RGI2000-v7.0-G-12-00042,12,12-01,G040223E43780N,1999-09-01T00:00:00,40.22281994021739,43.7797915,0.184075691222018,0,2424.621,2.0,COPDEM30,16.00656603
RGI2000-v7.0-G-12-00043,12,12-01,G040248E43775N,1999-09-01T00:00:00,40.24772798688335,43.77472,0.059296356024448,0,2536.5059,1.0,COPDEM30,13.40911804
RGI2000-v7.0-G-12-00044,12,12-01,G040261E43762N,1999-09-01T00:00:00,40.26126656278027,43.7624795,0.095467488702443,0,2394.3242,8.0,COPDEM30,14.32569391
RGI2000-v7.0-G-12-00045,12,12-01,G040265E43764N,1999-09-01T00:00:00,40.265934039473684,43.764102,0.043027576418855,0,2378.684,1.0,COPDEM30,12.90403254
RGI2000-v7.0-G-12-00046,12,12-01,G040270E43764N,1999-09-01T00:00:00,40.26971768615459,43.7636055,0.087767520596345,0,2414.7927,1.0,COPDEM30,14.14758171
RGI2000-v7.0-G-12-00047,12,12-01,G040318E43790N,1999-09-01T00:00:00,40.318210168307075,43.789891499999996,0.335287393041964,0,1847.7244,2.0,COPDEM30,18.10656086
RGI2000-v7.0-G-12-00048,12,12-01,G040332E43781N,1999-09-01T00:00:00,40.33202657835821,43.781416500000006,0.222259625020634,0,1932.1486,3.0,COPDEM30,16.60021867
RGI2000-v7.0-G-12-00049,12,12-01,G040360E43777N,1999-09-01T00:00:00,40.36199671640625,43.776694500000005,0.291310511406537,0,2470.6355,1.0,COPDEM30,17.55624644
RGI2000-v7.0-G-12-00050,12,12-01,G040370E43773N,1999-09-01T00:00:00,40.370533716747325,43.772890000000004,0.130268912352208,0,2499.4937,3.0,COPDEM30,15.05298989
RGI2000-v7.0-G-12-00051,12,12-01,G040377E43772N,1999-09-01T00:00:00,40.37668305752362,43.771944500000004,0.053096052870334,0,2474.0679,2.0,COPDEM30,13.22596131
RGI2000-v7.0-G-12-00052,12,12-01,G040378E43776N,1999-09-01T00:00:00,40.378274021243904,43.775822,0.079967563725245,0,2120.417,3.0,COPDEM30,13.95899514
RGI2000-v7.0-G-12-00053,12,12-01,G040387E43775N,1999-09-01T00:00:00,40.38590946977776,43.773763,0.090859257084527,0,2364.0312,1.0,COPDEM30,14.22000170
RGI2000-v7.0-G-12-00054,12,12-01,G040374E43794N,1999-09-01T00:00:00,40.373864645806265,43.793966499999996,0.11591821285752,0,2682.5063,1.0,COPDEM30,14.76654694
RGI2000-v7.0-G-12-00055,12,12-01,G040422E43729N,1999-09-01T00:00:00,40.42165485137795,43.73006,0.538548011527571,0,2588.809,1.0,COPDEM30,20.27401627
RGI2000-v7.0-G-12-00056,12,12-01,G040421E43728N,1999-09-01T00:00:00,40.43240525992579,43.729434999999995,0.117290036861542,0,2593.5964,1.0,COPDEM30,14.79466863
RGI2000-v7.0-G-12-00057,12,12-01,G040430E43725N,1999-09-01T00:00:00,40.43034549238578,43.725085,0.106160241975341,0,2829.691,7.0,COPDEM30,14.56151372
RGI2000-v7.0-G-12-00058,12,12-01,G040436E43725N,1999-09-01T00:00:00,40.43654446794872,43.724843,0.067242277654436,0,2956.8909,7.0,COPDEM30,13.63035624
RGI2000-v7.0-G-12-00059,12,12-01,G040443E43724N,1999-09-01T00:00:00,40.44266360983346,43.724127499999994,0.035049008257232,0,3112.7349,8.0,COPDEM30,12.62099325
RGI2000-v7.0-G-12-00060,12,12-01,G040442E43733N,1999-09-01T00:00:00,40.441003621601375,43.733713,0.614720983660135,0,2326.173,8.0,COPDEM30,20.97658020
RGI2000-v7.0-G-12-00061,12,12-01,G040461E43735N,1999-09-01T00:00:00,40.45921261881152,43.736436499999996,0.80774831564969,0,2716.2275,1.0,COPDEM30,22.58247471
RGI2000-v7.0-G-12-00062,12,12-01,G040478E43744N,1999-09-01T00:00:00,40.47837507701456,43.7435325,0.132470528502766,0,2639.7327,2.0,COPDEM30,15.09551014
RGI2000-v7.0-G-12-00063,12,12-01,G040514E43745N,1999-09-01T00:00:00,40.513943394210706,43.745325,0.265471157658777,0,2545.7644,8.0,COPDEM30,17.21334506
RGI2000-v7.0-G-12-00064,12,12-01,G040522E43741N,1999-09-01T00:00:00,40.52224128937553,43.7413625,0.062829034996912,0,2908.5093,3.0,COPDEM30,13.50920089
RGI2000-v7.0-G-12-00065,12,12-01,G040534E43735N,1999-09-01T00:00:00,40.5338287919034,43.7340155,0.445512417162788,0,2573.48,2.0,COPDEM30,19.34454032
RGI2000-v7.0-G-12-00066,12,12-01,G040512E43685N,1999-09-01T00:00:00,40.51215661969112,43.685505,0.163012723593194,0,2189.609,1.0,COPDEM30,15.65247679
RGI2000-v7.0-G-12-00067,12,12-01,G040521E43679N,1999-09-01T00:00:00,40.516874696975805,43.6798735,0.040789736374694,0,2920.0808,2.0,COPDEM30,12.82750567
RGI2000-v7.0-G-12-00068,12,12-01,G040522E43680N,1999-09-01T00:00:00,40.521838538138326,43.680598,0.12116179445271,0,2562.3708,2.0,COPDEM30,14.87316239
RGI2000-v7.0-G-12-00069,12,12-01,G040507E43680N,1999-09-01T00:00:00,40.50705518538136,43.6796935,0.026405287191316,0,2987.4907,8.0,COPDEM30,12.27495852
RGI2000-v7.0-G-12-00070,12,12-01,G040499E43679N,1999-09-01T00:00:00,40.49871655543494,43.679102,0.038357014979692,0,2891.5923,1.0,COPDEM30,12.74189258
RGI2000-v7.0-G-12-00071,12,12-01,G040496E43682N,1999-09-01T00:00:00,40.496226896344,43.68178,0.061777810386429,0,2722.3447,2.0,COPDEM30,13.47971994
RGI2000-v7.0-G-12-00072,12,12-01,G040461E43705N,1999-09-01T00:00:00,40.45935225264026,43.7049565,0.837846160766241,0,2824.4617,3.0,COPDEM30,22.81475117
RGI2000-v7.0-G-12-00073,12,12-01,G040451E43712N,1999-09-01T00:00:00,40.45196641129032,43.71283,0.378856634680247,0,2850.5261,1.0,COPDEM30,18.61718634
RGI2000-v7.0-G-12-00074,12,12-01,G040441E43714N,1999-09-01T00:00:00,40.44079410406533,43.714339499999994,0.134954302971341,0,2627.0,8.0,COPDEM30,15.14305779
RGI2000-v7.0-G-12-00075,12,12-01,G040452E43713N,1999-09-01T00:00:00,40.46646264988404,43.717718500000004,0.693938545363918,0,2560.899,1.0,COPDEM30,21.66241634
RGI2000-v7.0-G-12-00076,12,12-01,G040577E43678N,1999-09-01T00:00:00,40.576458334467475,43.6784375,1.064664276651366,0,2792.4575,8.0,COPDEM30,24.44555981
RGI2000-v7.0-G-12-00077,12,12-01,G040586E43684N,1999-09-01T00:00:00,40.58525255867347,43.6838875,0.081344825745335,0,2756.143,8.0,COPDEM30,13.99294200
RGI2000-v7.0-G-12-00078,12,12-01,G040576E43677N,1999-09-01T00:00:00,40.59048792545872,43.6771375,0.123505415448187,0,2981.3145,2.0,COPDEM30,14.92006722
RGI2000-v7.0-G-12-00079,12,12-01,G040593E43673N,1999-09-01T00:00:00,40.5928063549875,43.672934999999995,0.051040087561443,0,3138.9495,2.0,COPDEM30,13.16288747
RGI2000-v7.0-G-12-00080,12,12-01,G040599E43659N,1999-09-01T00:00:00,40.59873543021201,43.6592205,0.309707246300304,0,2958.8003,2.0,COPDEM30,17.79118863
RGI2000-v7.0-G-12-00081,12,12-01,G040607E43656N,1999-09-01T00:00:00,40.60695625098942,43.655795999999995,0.196754881691322,0,2895.3289,2.0,COPDEM30,16.20998847
RGI2000-v7.0-G-12-00082,12,12-01,G040616E43654N,1999-09-01T00:00:00,40.61621054195804,43.654245,0.283280921564225,0,2751.762,1.0,COPDEM30,17.45137978
RGI2000-v7.0-G-12-00083,12,12-01,G040616E43647N,1999-09-01T00:00:00,40.61564509062271,43.646679,0.079765183291409,0,2818.2236,4.0,COPDEM30,13.95398229
RGI2000-v7.0-G-12-00084,12,12-01,G040611E43642N,1999-09-01T00:00:00,40.610802431573276,43.6421675,0.088565582502511,0,2946.5847,3.0,COPDEM30,14.16639582
RGI2000-v7.0-G-12-00085,12,12-01,G040619E43605N,1999-09-01T00:00:00,40.61959375960073,43.6055635,0.089002595429694,0,2739.137,1.0,COPDEM30,14.17666239
RGI2000-v7.0-G-12-00086,12,12-01,G040661E43591N,1999-09-01T00:00:00,40.660368466177545,43.5908995,0.080161205512606,0,2580.949,2.0,COPDEM30,13.96378560
RGI2000-v7.0-G-12-00087,12,12-01,G040661E43566N,1999-09-01T00:00:00,40.66160815842124,43.5664165,0.123921150075038,0,2703.224,2.0,COPDEM30,14.92834104
RGI2000-v7.0-G-12-00088,12,12-01,G040671E43563N,1999-09-01T00:00:00,40.670815426829265,43.563441,0.438119973582798,0,2582.9373,1.0,COPDEM30,19.26668845
RGI2000-v7.0-G-12-00089,12,12-01,G040681E43563N,1999-09-01T00:00:00,40.681112500000005,43.562780000000004,0.101329966930873,0,2730.6704,2.0,COPDEM30,14.45653156
RGI2000-v7.0-G-12-00090,12,12-01,G040678E43555N,1999-09-01T00:00:00,40.67814735130719,43.5549035,0.070717478540924,0,2799.3882,3.0,COPDEM30,13.72298614
RGI2000-v7.0-G-12-00091,12,12-01,G040680E43551N,1999-09-01T00:00:00,40.680327141129034,43.5511265,0.065135402100733,0,2765.8071,2.0,COPDEM30,13.57302936
RGI2000-v7.0-G-12-00092,12,12-01,G040672E43553N,1999-09-01T00:00:00,40.6720000237069,43.552592000000004,0.066192055779125,0,2718.9517,8.0,COPDEM30,13.60189435
RGI2000-v7.0-G-12-00093,12,12-01,G040692E43542N,1999-09-01T00:00:00,40.69240440180879,43.541805499999995,0.043703079531018,0,2634.5908,2.0,COPDEM30,12.92673941
RGI2000-v7.0-G-12-00094,12,12-01,G040765E43517N,1999-09-01T00:00:00,40.76516904849138,43.5168775,0.049428796537648,0,2294.439,2.0,COPDEM30,13.11256231
RGI2000-v7.0-G-12-00095,12,12-01,G040836E43492N,1999-09-01T00:00:00,40.83628828723404,43.49145,0.023456534709306,0,2406.9092,1.0,COPDEM30,12.14417369
RGI2000-v7.0-G-12-00096,12,12-01,G040843E43490N,1999-09-01T00:00:00,40.842411295624935,43.489572,0.124294554386073,0,2472.421,1.0,COPDEM30,14.93576060
RGI2000-v7.0-G-12-00097,12,12-01,G040931E43457N,1999-09-01T00:00:00,40.93214885114736,43.456035,0.128626226950598,0,2719.9236,8.0,COPDEM30,15.02102982
RGI2000-v7.0-G-12-00098,12,12-01,G040938E43455N,1999-09-01T00:00:00,40.9381553005618,43.455578,0.088916882962845,0,2808.2415,2.0,COPDEM30,14.17465077
RGI2000-v7.0-G-12-00099,12,12-01,G040977E43436N,1999-09-01T00:00:00,40.97747255,43.435845,0.076308489965956,0,2742.816,1.0,COPDEM30,13.86735879
RGI2000-v7.0-G-12-00100,12,12-01,G040977E43427N,1999-09-01T00:00:00,40.97711710520143,43.426477500000004,0.051614488701578,0,2689.419,1.0,COPDEM30,13.18063512
RGI2000-v7.0-G-12-00101,12,12-01,G040963E43425N,1999-09-01T00:00:00,40.963247543878815,43.424574500000006,0.074318194207641,0,2681.8599,1.0,COPDEM30,13.81659090
RGI2000-v7.0-G-12-00102,12,12-01,G040992E43435N,1999-09-01T00:00:00,40.99449117188112,43.4355975,1.165277345788749,0,2671.0269,1.0,COPDEM30,25.11272179
RGI2000-v7.0-G-12-00103,12,12-01,G041004E43443N,1999-09-01T00:00:00,41.00431500986842,43.4433775,0.044002726037001,0,2566.6387,1.0,COPDEM30,12.93675574
RGI2000-v7.0-G-12-00104,12,12-01,G040993E43464N,1999-09-01T00:00:00,40.992899972658094,43.463499,0.058792529084039,0,2884.8752,8.0,COPDEM30,13.39460391
RGI2000-v7.0-G-12-00105,12,12-01,G040995E43468N,1999-09-01T00:00:00,40.99477573880141,43.4681055,0.08526831868514,0,2700.749,2.0,COPDEM30,14.08810353
RGI2000-v7.0-G-12-00106,12,12-01,G041088E43473N,1999-09-01T00:00:00,41.08919594739716,43.47187,0.055494919220434,0,3044.0173,8.0,COPDEM30,13.29803035
RGI2000-v7.0-G-12-00107,12,12-01,G041096E43467N,1999-09-01T00:00:00,41.09662895342498,43.4666785,0.06191049219172,0,2877.6284,2.0,COPDEM30,13.48345467
RGI2000-v7.0-G-12-00108,12,12-01,G041102E43464N,1999-09-01T00:00:00,41.10172102173914,43.464012,0.033454999987053,0,2841.8257,2.0,COPDEM30,12.56069912
RGI2000-v7.0-G-12-00109,12,12-01,G041103E43457N,1999-09-01T00:00:00,41.102599131493506,43.457389,0.022244785285769,0,2953.9482,2.0,COPDEM30,12.08805601
RGI2000-v7.0-G-12-00110,12,12-01,G041112E43441N,1999-09-01T00:00:00,41.1122059284086,43.441299,0.062068117692281,0,2928.405,1.0,COPDEM30,13.48788633
RGI2000-v7.0-G-12-00111,12,12-01,G041119E43442N,1999-09-01T00:00:00,41.11769826538874,43.442518500000006,0.102848121895617,0,2918.8584,1.0,COPDEM30,14.48979197
RGI2000-v7.0-G-12-00112,12,12-01,G041109E43431N,1999-09-01T00:00:00,41.10856558536585,43.431265499999995,0.026459051408672,0,3104.7007,8.0,COPDEM30,12.27727339
RGI2000-v7.0-G-12-00113,12,12-01,G041107E43428N,1999-09-01T00:00:00,41.10714395957854,43.4278165,0.036911049368239,0,3130.9187,2.0,COPDEM30,12.68971479
RGI2000-v7.0-G-12-00114,12,12-01,G041100E43430N,1999-09-01T00:00:00,41.101991734450394,43.4311085,0.660982333517396,0,2929.2976,1.0,COPDEM30,21.38211480
RGI2000-v7.0-G-12-00115,12,12-01,G041108E43421N,1999-09-01T00:00:00,41.109156990541194,43.4221665,1.48668427882773,0,2914.3638,1.0,COPDEM30,27.07015286
RGI2000-v7.0-G-12-00116,12,12-01,G041113E43410N,1999-09-01T00:00:00,41.11133388469827,43.4122625,1.009490526830357,0,3142.853,3.0,COPDEM30,24.06627681
RGI2000-v7.0-G-12-00117,12,12-01,G041099E43410N,1999-09-01T00:00:00,41.10147519848485,43.408341,1.082682393777947,0,3077.1548,7.0,COPDEM30,24.56728352
RGI2000-v7.0-G-12-00118,12,12-01,G041103E43398N,1999-09-01T00:00:00,41.10652851546152,43.400959,0.068789283728116,0,2969.6516,4.0,COPDEM30,13.67187957
RGI2000-v7.0-G-12-00119,12,12-01,G041104E43399N,1999-09-01T00:00:00,41.10433704452345,43.398606,0.093359812424585,0,2970.6921,3.0,COPDEM30,14.27767732
RGI2000-v7.0-G-12-00120,12,12-01,G041098E43409N,1999-09-01T00:00:00,41.09663895890411,43.3986065,0.043956275687567,0,2959.7114,7.0,COPDEM30,12.93520528
RGI2000-v7.0-G-12-00121,12,12-01,G041111E43403N,1999-09-01T00:00:00,41.11049724038462,43.4030005,0.105890202036457,0,3028.6719,3.0,COPDEM30,14.55570846
RGI2000-v7.0-G-12-00122,12,12-01,G041126E43400N,1999-09-01T00:00:00,41.12481277322861,43.3996845,0.036533848422226,0,2708.5771,2.0,COPDEM30,12.67593615
RGI2000-v7.0-G-12-00123,12,12-01,G041127E43401N,1999-09-01T00:00:00,41.13524578588897,43.4033125,0.312456278423625,0,2606.7026,8.0,COPDEM30,17.82569042
RGI2000-v7.0-G-12-00124,12,12-01,G041144E43406N,1999-09-01T00:00:00,41.14156052579149,43.404843,0.034034179929778,0,2760.0598,8.0,COPDEM30,12.58276969
RGI2000-v7.0-G-12-00125,12,12-01,G041145E43407N,1999-09-01T00:00:00,41.14568936875479,43.40537449999999,0.111649016119161,0,2974.6228,8.0,COPDEM30,14.67794903
RGI2000-v7.0-G-12-00126,12,12-01,G041151E43406N,1999-09-01T00:00:00,41.14947265767186,43.4092955,0.407690164433187,0,2799.477,8.0,COPDEM30,18.93908677
RGI2000-v7.0-G-12-00127,12,12-01,G041160E43411N,1999-09-01T00:00:00,41.15853229637439,43.4116205,0.104776199147761,0,3431.865,8.0,COPDEM30,14.53168126
RGI2000-v7.0-G-12-00128,12,12-01,G041167E43406N,1999-09-01T00:00:00,41.165579122119816,43.405112,0.241867912311397,0,3157.105,4.0,COPDEM30,16.88520957
RGI2000-v7.0-G-12-00129,12,12-01,G041165E43403N,1999-09-01T00:00:00,41.16482576046511,43.4029325,0.025757676830878,0,3147.8376,3.0,COPDEM30,12.24688777
RGI2000-v7.0-G-12-00130,12,12-01,G041160E43391N,1999-09-01T00:00:00,41.158063358993196,43.400341,0.17672879730606,0,3115.4905,4.0,COPDEM30,15.88547740
RGI2000-v7.0-G-12-00131,12,12-01,G041149E43393N,1999-09-01T00:00:00,41.149214857968815,43.393293,0.861604696130769,0,2849.5127,8.0,COPDEM30,22.99517297
RGI2000-v7.0-G-12-00132,12,12-01,G041148E43386N,1999-09-01T00:00:00,41.14804710474612,43.385239,0.089864270104293,0,2892.0684,7.0,COPDEM30,14.19683177
RGI2000-v7.0-G-12-00133,12,12-01,G041157E43386N,1999-09-01T00:00:00,41.156796655977814,43.386105,0.052267396042363,0,2943.0596,4.0,COPDEM30,13.20068893
RGI2000-v7.0-G-12-00134,12,12-01,G041161E43392N,1999-09-01T00:00:00,41.16450267309457,43.3904015,0.655905810138976,0,2844.225,2.0,COPDEM30,21.33832169
RGI2000-v7.0-G-12-00135,12,12-01,G041161E43391N,1999-09-01T00:00:00,41.17114338384467,43.384482000000006,0.037550739772345,0,2854.5671,1.0,COPDEM30,12.71292186
RGI2000-v7.0-G-12-00136,12,12-01,G041162E43391N,1999-09-01T00:00:00,41.17414683088235,43.384637,0.04402965746071,0,2849.8555,1.0,COPDEM30,12.93765431
RGI2000-v7.0-G-12-00137,12,12-01,G041200E43387N,1999-09-01T00:00:00,41.18769373876405,43.386261,0.407675065987505,0,2901.7866,8.0,COPDEM30,18.93892124
RGI2000-v7.0-G-12-00138,12,12-01,G041188E43382N,1999-09-01T00:00:00,41.18927296857923,43.381176499999995,0.367222199638759,0,3016.567,7.0,COPDEM30,18.48384059
RGI2000-v7.0-G-12-00139,12,12-01,G041198E43376N,1999-09-01T00:00:00,41.198502341792654,43.375356,0.643226067388354,0,2933.921,5.0,COPDEM30,21.22819261
RGI2000-v7.0-G-12-00140,12,12-01,G041201E43388N,1999-09-01T00:00:00,41.1978025409836,43.3904605,1.599271465743573,0,2919.528,1.0,COPDEM30,27.70472274
RGI2000-v7.0-G-12-00141,12,12-01,G041208E43396N,1999-09-01T00:00:00,41.20794553103469,43.3964595,0.130387823135485,0,2971.3435,8.0,COPDEM30,15.05529557
RGI2000-v7.0-G-12-00142,12,12-01,G041229E43392N,1999-09-01T00:00:00,41.2304619802855,43.391056500000005,3.000292232632834,0,2865.915,1.0,COPDEM30,34.24989232
RGI2000-v7.0-G-12-00143,12,12-01,G041240E43398N,1999-09-01T00:00:00,41.240425551244016,43.398266500000005,1.497682398819024,0,3013.4863,8.0,COPDEM30,27.13317688
RGI2000-v7.0-G-12-00144,12,12-01,G041249E43405N,1999-09-01T00:00:00,41.2497448653169,43.4029095,0.106688131524666,0,2927.8774,2.0,COPDEM30,14.57284089
RGI2000-v7.0-G-12-00145,12,12-01,G041252E43395N,1999-09-01T00:00:00,41.2544573167533,43.396562,0.451645684002168,0,3106.219,2.0,COPDEM30,19.40864252
RGI2000-v7.0-G-12-00146,12,12-01,G041242E43409N,1999-09-01T00:00:00,41.242196918478264,43.4086805,0.131556339021474,0,3018.8638,7.0,COPDEM30,15.07789744
RGI2000-v7.0-G-12-00147,12,12-01,G041239E43411N,1999-09-01T00:00:00,41.24114830288461,43.412818,0.074789614962041,0,2877.5322,1.0,COPDEM30,13.82867660
RGI2000-v7.0-G-12-00148,12,12-01,G041240E43412N,1999-09-01T00:00:00,41.246074522060496,43.4130325,0.082563827488831,0,2996.0098,1.0,COPDEM30,14.02274908
RGI2000-v7.0-G-12-00149,12,12-01,G041254E43418N,1999-09-01T00:00:00,41.254331750000006,43.418109,0.039968380517546,0,3072.2307,1.0,COPDEM30,12.79889310
RGI2000-v7.0-G-12-00150,12,12-01,G041249E43423N,1999-09-01T00:00:00,41.248373592989964,43.423030499999996,0.328584950781492,0,2946.8062,2.0,COPDEM30,18.02512619
RGI2000-v7.0-G-12-00151,12,12-01,G041260E43426N,1999-09-01T00:00:00,41.26106034666667,43.424240499999996,0.49480642245393,0,3030.145,8.0,COPDEM30,19.84794693
RGI2000-v7.0-G-12-00152,12,12-01,G041269E43428N,1999-09-01T00:00:00,41.27029491094329,43.427641,0.66173991724009,0,3074.2441,1.0,COPDEM30,21.38863573
RGI2000-v7.0-G-12-00153,12,12-01,G041281E43423N,1999-09-01T00:00:00,41.285759664225395,43.4261675,1.476205480830574,0,2860.9744,1.0,COPDEM30,27.00988754
RGI2000-v7.0-G-12-00154,12,12-01,G041287E43418N,1999-09-01T00:00:00,41.2859234962406,43.418083,0.027891101584767,0,3308.5498,1.0,COPDEM30,12.33808809
RGI2000-v7.0-G-12-00155,12,12-01,G041278E43413N,1999-09-01T00:00:00,41.27800727816482,43.4128425,0.055866506869213,0,3105.609,4.0,COPDEM30,13.30905354
RGI2000-v7.0-G-12-00156,12,12-01,G041264E43417N,1999-09-01T00:00:00,41.26450777757353,43.4167665,0.205128997189317,0,3154.2017,4.0,COPDEM30,16.34076363
RGI2000-v7.0-G-12-00157,12,12-01,G041241E43432N,1999-09-01T00:00:00,41.24048004000797,43.431118,0.330376275843325,0,3057.5073,2.0,COPDEM30,18.04697148
RGI2000-v7.0-G-12-00158,12,12-01,G041239E43438N,1999-09-01T00:00:00,41.23827620132672,43.437976000000006,0.103478366774498,0,3048.5027,2.0,COPDEM30,14.50352749
RGI2000-v7.0-G-12-00159,12,12-01,G041231E43432N,1999-09-01T00:00:00,41.230793239130435,43.4322595,0.2281528848522,0,3060.353,1.0,COPDEM30,16.68714928
RGI2000-v7.0-G-12-00160,12,12-01,G041224E43438N,1999-09-01T00:00:00,41.224097678673665,43.438507,0.039433491868991,0,2924.4258,1.0,COPDEM30,12.78010151
RGI2000-v7.0-G-12-00161,12,12-01,G041221E43449N,1999-09-01T00:00:00,41.22161814516129,43.448856000000006,0.170195771922223,0,3047.6436,2.0,COPDEM30,15.77567064
RGI2000-v7.0-G-12-00162,12,12-01,G041214E43450N,1999-09-01T00:00:00,41.21383209645798,43.449823499999994,0.07494854648958,0,3015.9956,8.0,COPDEM30,13.83274251
RGI2000-v7.0-G-12-00163,12,12-01,G041194E43471N,1999-09-01T00:00:00,41.19424464886359,43.4714395,0.021686379845642,0,2806.5056,2.0,COPDEM30,12.06168146
RGI2000-v7.0-G-12-00164,12,12-01,G041164E43421N,1999-09-01T00:00:00,41.17067892441421,43.422771499999996,0.285575263342674,0,2717.2617,1.0,COPDEM30,17.48149394
RGI2000-v7.0-G-12-00165,12,12-01,G041172E43415N,1999-09-01T00:00:00,41.17161501667711,43.415021,0.345015831993991,0,2988.5923,3.0,COPDEM30,18.22332676
RGI2000-v7.0-G-12-00166,12,12-01,G041174E43410N,1999-09-01T00:00:00,41.17321624698795,43.41064,0.286268134228514,0,3087.2507,3.0,COPDEM30,17.49056435
RGI2000-v7.0-G-12-00167,12,12-01,G041165E43422N,1999-09-01T00:00:00,41.159829169894664,43.420809500000004,0.389235193992839,0,2932.9807,1.0,COPDEM30,18.73442030
RGI2000-v7.0-G-12-00168,12,12-01,G041150E43419N,1999-09-01T00:00:00,41.149890885981534,43.418825999999996,0.077801469119194,0,2532.179,8.0,COPDEM30,13.90500806
RGI2000-v7.0-G-12-00169,12,12-01,G041139E43408N,1999-09-01T00:00:00,41.13828568423516,43.409093,0.090193089198185,0,2462.4563,8.0,COPDEM30,14.20450300
RGI2000-v7.0-G-12-00170,12,12-01,G041090E43423N,1999-09-01T00:00:00,41.08889232048661,43.423319,1.066990237801943,0,3040.9688,8.0,COPDEM30,24.46133073
RGI2000-v7.0-G-12-00171,12,12-01,G041061E43396N,1999-09-01T00:00:00,41.06101005368744,43.396232999999995,0.025168906934479,0,2510.8687,1.0,COPDEM30,12.22105960
RGI2000-v7.0-G-12-00172,12,12-01,G041068E43391N,1999-09-01T00:00:00,41.06789538376128,43.391296,0.036075113528447,0,2521.7644,1.0,COPDEM30,12.65908297
RGI2000-v7.0-G-12-00173,12,12-01,G041175E43366N,1999-09-01T00:00:00,41.17516822037037,43.366310999999996,0.033049422226447,0,2726.2104,2.0,COPDEM30,12.54513001
RGI2000-v7.0-G-12-00174,12,12-01,G041224E43368N,1999-09-01T00:00:00,41.22315919005102,43.368556999999996,0.107498839529147,0,2820.2554,7.0,COPDEM30,14.59018219
RGI2000-v7.0-G-12-00175,12,12-01,G041229E43366N,1999-09-01T00:00:00,41.22918652787459,43.365877999999995,0.047668278942923,0,3093.695,4.0,COPDEM30,13.05662930
RGI2000-v7.0-G-12-00176,12,12-01,G041248E43359N,1999-09-01T00:00:00,41.24083691455975,43.361258,0.03921192780961,0,3026.614,2.0,COPDEM30,12.77228026
RGI2000-v7.0-G-12-00177,12,12-01,G041249E43360N,1999-09-01T00:00:00,41.250193520369095,43.363809,0.470407715311472,0,2851.8127,1.0,COPDEM30,19.60207854
RGI2000-v7.0-G-12-00178,12,12-01,G041256E43367N,1999-09-01T00:00:00,41.25574127431919,43.366446499999995,0.036988821381483,0,2819.4307,8.0,COPDEM30,12.69254693
RGI2000-v7.0-G-12-00179,12,12-01,G041260E43358N,1999-09-01T00:00:00,41.2593102079933,43.358500500000005,0.399948638164936,0,2964.6455,6.0,COPDEM30,18.85380896
RGI2000-v7.0-G-12-00180,12,12-01,G041271E43359N,1999-09-01T00:00:00,41.270238000000006,43.3579315,0.414079147568443,0,3015.999,5.0,COPDEM30,19.00885747
RGI2000-v7.0-G-12-00181,12,12-01,G041279E43356N,1999-09-01T00:00:00,41.27992118826285,43.3548765,0.14534845543008,0,2936.7188,3.0,COPDEM30,15.33744295
RGI2000-v7.0-G-12-00182,12,12-01,G041281E43362N,1999-09-01T00:00:00,41.280485524774775,43.362438,0.601986506396606,0,3051.7588,2.0,COPDEM30,20.86229052
RGI2000-v7.0-G-12-00183,12,12-01,G041265E43363N,1999-09-01T00:00:00,41.26853488957747,43.368196,1.429370174750201,0,2908.672,1.0,COPDEM30,26.73787783
RGI2000-v7.0-G-12-00184,12,12-01,G041281E43375N,1999-09-01T00:00:00,41.279754082213266,43.37504800000001,0.275506512958208,0,3081.9426,2.0,COPDEM30,17.34842000
RGI2000-v7.0-G-12-00185,12,12-01,G041284E43348N,1999-09-01T00:00:00,41.284833629870135,43.347597,0.281043195023013,0,2764.8716,1.0,COPDEM30,17.42189101
RGI2000-v7.0-G-12-00186,12,12-01,G041290E43340N,1999-09-01T00:00:00,41.28962693472474,43.340311,0.333228801474255,0,2899.7305,2.0,COPDEM30,18.08163629
RGI2000-v7.0-G-12-00187,12,12-01,G041283E43336N,1999-09-01T00:00:00,41.28243497423104,43.335370999999995,0.337112695779582,0,2857.4958,8.0,COPDEM30,18.12859695
RGI2000-v7.0-G-12-00188,12,12-01,G041284E43331N,1999-09-01T00:00:00,41.2835498540382,43.330882,0.162782802099907,0,2958.8867,2.0,COPDEM30,15.64848911
RGI2000-v7.0-G-12-00189,12,12-01,G041317E43333N,1999-09-01T00:00:00,41.315080515092504,43.332853,0.158271688666077,0,2452.4993,6.0,COPDEM30,15.56967243
RGI2000-v7.0-G-12-00190,12,12-01,G041322E43326N,1999-09-01T00:00:00,41.32234168111967,43.3262115,0.104174460163106,0,2789.593,8.0,COPDEM30,14.51864960
RGI2000-v7.0-G-12-00191,12,12-01,G041328E43327N,1999-09-01T00:00:00,41.32811073198481,43.3268235,0.059821362890334,0,2662.418,3.0,COPDEM30,13.42417685
RGI2000-v7.0-G-12-00192,12,12-01,G041324E43340N,1999-09-01T00:00:00,41.32664355302835,43.3389385,0.250851584795241,0,2637.4214,3.0,COPDEM30,17.01191205
RGI2000-v7.0-G-12-00193,12,12-01,G041317E43341N,1999-09-01T00:00:00,41.31693972779604,43.341376499999996,0.134478631299587,0,2921.596,2.0,COPDEM30,15.13398595
RGI2000-v7.0-G-12-00194,12,12-01,G041312E43346N,1999-09-01T00:00:00,41.313325029367896,43.3460395,1.815614012903876,0,2802.3208,8.0,COPDEM30,28.86426109
RGI2000-v7.0-G-12-00195,12,12-01,G041319E43355N,1999-09-01T00:00:00,41.31807012895257,43.3545875,0.454538696038273,0,3077.142,8.0,COPDEM30,19.43872790
RGI2000-v7.0-G-12-00196,12,12-01,G041322E43358N,1999-09-01T00:00:00,41.32243258795429,43.3585415,0.107278990072776,0,3172.2974,3.0,COPDEM30,14.58548602
RGI2000-v7.0-G-12-00197,12,12-01,G041325E43363N,1999-09-01T00:00:00,41.32472716880734,43.3629055,0.105747086388183,0,3162.031,1.0,COPDEM30,14.55262879
RGI2000-v7.0-G-12-00198,12,12-01,G041321E43364N,1999-09-01T00:00:00,41.32129764749082,43.3646335,0.088674654805002,0,3035.4854,8.0,COPDEM30,14.16896058
RGI2000-v7.0-G-12-00199,12,12-01,G041315E43363N,1999-09-01T00:00:00,41.31535914285713,43.362914,0.086980510302161,0,2984.4246,8.0,COPDEM30,14.12894418
RGI2000-v7.0-G-12-00200,12,12-01,G041311E43356N,1999-09-01T00:00:00,41.31072452443608,43.355867,0.113295137672772,0,2832.7063,8.0,COPDEM30,14.71230803
RGI2000-v7.0-G-12-00201,12,12-01,G041338E43356N,1999-09-01T00:00:00,41.338443905114744,43.3577655,2.392118137474707,0,2634.5757,2.0,COPDEM30,31.65306341
RGI2000-v7.0-G-12-00202,12,12-01,G041352E43354N,1999-09-01T00:00:00,41.35118468178571,43.3522075,0.136681721663754,0,2909.735,3.0,COPDEM30,15.17586876
RGI2000-v7.0-G-12-00203,12,12-01,G041346E43349N,1999-09-01T00:00:00,41.34627473156682,43.348107999999996,0.361192519853935,0,2779.6558,6.0,COPDEM30,18.41390123
RGI2000-v7.0-G-12-00204,12,12-01,G041337E43355N,1999-09-01T00:00:00,41.352565073707446,43.363542,0.996929265548117,0,2735.9312,8.0,COPDEM30,23.97848833
RGI2000-v7.0-G-12-00205,12,12-01,G041362E43363N,1999-09-01T00:00:00,41.36263637873033,43.362030000000004,0.027130880677207,0,3037.201,2.0,COPDEM30,12.30600360
RGI2000-v7.0-G-12-00206,12,12-01,G041365E43364N,1999-09-01T00:00:00,41.36499307009346,43.364594,0.049534168540232,0,2873.5947,3.0,COPDEM30,13.11587821
RGI2000-v7.0-G-12-00207,12,12-01,G041362E43372N,1999-09-01T00:00:00,41.36202793234581,43.372119999999995,0.060375805662732,0,2866.2942,8.0,COPDEM30,13.44000842
RGI2000-v7.0-G-12-00208,12,12-01,G041363E43375N,1999-09-01T00:00:00,41.364750124868614,43.3747335,0.131949505490144,0,2912.5674,8.0,COPDEM30,15.08547963
RGI2000-v7.0-G-12-00209,12,12-01,G041368E43377N,1999-09-01T00:00:00,41.369291960699115,43.376419,0.124484514961993,0,3011.6934,2.0,COPDEM30,14.93953084
RGI2000-v7.0-G-12-00210,12,12-01,G041376E43369N,1999-09-01T00:00:00,41.37673563253279,43.369621,0.365522219229698,0,2833.0432,2.0,COPDEM30,18.46418070
RGI2000-v7.0-G-12-00211,12,12-01,G041406E43354N,1999-09-01T00:00:00,41.405274283333334,43.354699499999995,1.607444797177674,0,2988.777,8.0,COPDEM30,27.74990649
RGI2000-v7.0-G-12-00212,12,12-01,G041420E43362N,1999-09-01T00:00:00,41.41406803923358,43.363633,3.086441911909791,0,2863.7927,1.0,COPDEM30,34.59558120
RGI2000-v7.0-G-12-00213,12,12-01,G041419E43361N,1999-09-01T00:00:00,41.43116019124484,43.36140949999999,0.083708223871233,0,3043.197,8.0,COPDEM30,14.05053230
RGI2000-v7.0-G-12-00214,12,12-01,G041436E43360N,1999-09-01T00:00:00,41.43494912047174,43.359984,0.106688617165678,0,2993.5981,3.0,COPDEM30,14.57285129
RGI2000-v7.0-G-12-00215,12,12-01,G041440E43355N,1999-09-01T00:00:00,41.44042628498542,43.354085,0.414724210585067,0,2854.1343,2.0,COPDEM30,19.01587185
RGI2000-v7.0-G-12-00216,12,12-01,G041438E43347N,1999-09-01T00:00:00,41.43829286536261,43.346764,0.174610313443853,0,3249.9917,4.0,COPDEM30,15.85009585
RGI2000-v7.0-G-12-00217,12,12-01,G041419E43344N,1999-09-01T00:00:00,41.41854538998649,43.343813999999995,0.700696179287636,0,3127.0076,3.0,COPDEM30,21.71906358
RGI2000-v7.0-G-12-00218,12,12-01,G041419E43336N,1999-09-01T00:00:00,41.41927751794259,43.335491000000005,0.810806506053511,0,3182.4282,3.0,COPDEM30,22.60627126
RGI2000-v7.0-G-12-00219,12,12-01,G041412E43329N,1999-09-01T00:00:00,41.41123774454365,43.3281155,0.290883367259818,0,3210.5176,7.0,COPDEM30,17.55070460
RGI2000-v7.0-G-12-00220,12,12-01,G041410E43326N,1999-09-01T00:00:00,41.409939002713706,43.325880999999995,0.015457470700062,0,3252.8027,7.0,COPDEM30,11.74059308
RGI2000-v7.0-G-12-00221,12,12-01,G041426E43326N,1999-09-01T00:00:00,41.42687761908932,43.326904,2.107703794492394,0,2957.8906,1.0,COPDEM30,30.32510624
RGI2000-v7.0-G-12-00222,12,12-01,G041425E43325N,1999-09-01T00:00:00,41.42384477893657,43.3149265,0.092849924647631,0,3377.1365,6.0,COPDEM30,14.26597998
RGI2000-v7.0-G-12-00223,12,12-01,G041416E43314N,1999-09-01T00:00:00,41.41615070703125,43.31351,0.687608566297811,0,3076.6487,7.0,COPDEM30,21.60910328
RGI2000-v7.0-G-12-00224,12,12-01,G041410E43309N,1999-09-01T00:00:00,41.40978929914006,43.309287,0.244242109307095,0,2902.125,8.0,COPDEM30,16.91891996
RGI2000-v7.0-G-12-00225,12,12-01,G041431E43310N,1999-09-01T00:00:00,41.43066323281597,43.309983,0.016892837241776,0,3259.5312,6.0,COPDEM30,11.81961427
RGI2000-v7.0-G-12-00226,12,12-01,G041439E43313N,1999-09-01T00:00:00,41.447905067708334,43.3196175,3.770832702201905,0,2849.0083,1.0,COPDEM30,37.18608485
RGI2000-v7.0-G-12-00227,12,12-01,G041464E43320N,1999-09-01T00:00:00,41.4598878150685,43.3226325,0.679098766092112,0,2845.2676,1.0,COPDEM30,21.53704287
RGI2000-v7.0-G-12-00228,12,12-01,G041492E43295N,1999-09-01T00:00:00,41.46793094564137,43.3173775,0.058306125452268,0,3067.2253,3.0,COPDEM30,13.38053259
RGI2000-v7.0-G-12-00229,12,12-01,G041493E43296N,1999-09-01T00:00:00,41.47637670167522,43.3063225,7.056091821227267,0,2853.3044,1.0,COPDEM30,47.18862725
RGI2000-v7.0-G-12-00230,12,12-01,G041463E43300N,1999-09-01T00:00:00,41.46330293412409,43.3021235,0.713717347611095,0,3184.278,5.0,COPDEM30,21.82745113
RGI2000-v7.0-G-12-00231,12,12-01,G041457E43304N,1999-09-01T00:00:00,41.456807,43.303481000000005,0.043265438848452,0,3390.338,5.0,COPDEM30,12.91204842
RGI2000-v7.0-G-12-00232,12,12-01,G041451E43299N,1999-09-01T00:00:00,41.45129957319661,43.2999435,0.424298038742126,0,2888.4404,6.0,COPDEM30,19.11934294
RGI2000-v7.0-G-12-00233,12,12-01,G041483E43293N,1999-09-01T00:00:00,41.482703846572996,43.292699,0.048444085326619,0,3260.9966,1.0,COPDEM30,13.08140240
RGI2000-v7.0-G-12-00234,12,12-01,G041480E43288N,1999-09-01T00:00:00,41.48141895515631,43.288157999999996,0.386316311228639,0,3123.2969,7.0,COPDEM30,18.70160887
RGI2000-v7.0-G-12-00235,12,12-01,G041496E43277N,1999-09-01T00:00:00,41.49533891570237,43.277708000000004,0.875246733570416,0,3205.4414,6.0,COPDEM30,23.09764711
RGI2000-v7.0-G-12-00236,12,12-01,G041508E43273N,1999-09-01T00:00:00,41.498422538534186,43.268938500000004,0.329633362400404,0,3019.0461,6.0,COPDEM30,18.03791882
RGI2000-v7.0-G-12-00237,12,12-01,G041507E43272N,1999-09-01T00:00:00,41.507386688034806,43.2724135,0.101318952070438,0,3417.6924,6.0,COPDEM30,14.45628933
RGI2000-v7.0-G-12-00238,12,12-01,G041522E43269N,1999-09-01T00:00:00,41.522473101123595,43.2684005,0.249442766780405,0,3085.4023,6.0,COPDEM30,16.99219438
RGI2000-v7.0-G-12-00239,12,12-01,G041532E43267N,1999-09-01T00:00:00,41.5299074222333,43.268882000000005,0.032823712533689,0,3211.9414,4.0,COPDEM30,12.53642419
RGI2000-v7.0-G-12-00240,12,12-01,G041533E43268N,1999-09-01T00:00:00,41.53419484353289,43.268117000000004,0.12328910383624,0,3055.8638,5.0,COPDEM30,14.91575674
RGI2000-v7.0-G-12-00241,12,12-01,G041541E43266N,1999-09-01T00:00:00,41.54128634745763,43.266404,0.240695421042495,0,3068.458,5.0,COPDEM30,16.86850075
RGI2000-v7.0-G-12-00242,12,12-01,G041544E43261N,1999-09-01T00:00:00,41.54339079692292,43.2612965,0.132518683600326,0,2919.069,6.0,COPDEM30,15.09643620
RGI2000-v7.0-G-12-00243,12,12-01,G041545E43255N,1999-09-01T00:00:00,41.54560523035715,43.255465,0.05755708558352,0,2847.8965,7.0,COPDEM30,13.35874810
RGI2000-v7.0-G-12-00244,12,12-01,G041548E43251N,1999-09-01T00:00:00,41.55104284859155,43.250208,0.44392725450932,0,3160.5986,8.0,COPDEM30,19.32790126
RGI2000-v7.0-G-12-00245,12,12-01,G041545E43249N,1999-09-01T00:00:00,41.54523289439484,43.2486705,0.031283081547776,0,2836.5408,8.0,COPDEM30,12.47618335
RGI2000-v7.0-G-12-00246,12,12-01,G041561E43266N,1999-09-01T00:00:00,41.56004639057508,43.2653895,4.640712985348807,0,2899.328,1.0,COPDEM30,40.15923980
RGI2000-v7.0-G-12-00247,12,12-01,G041551E43277N,1999-09-01T00:00:00,41.55118059210527,43.276345,0.21568285737673,0,3150.0244,3.0,COPDEM30,16.50183359
RGI2000-v7.0-G-12-00248,12,12-01,G041558E43286N,1999-09-01T00:00:00,41.557797976874,43.285559,0.125327565587828,0,2608.3691,1.0,COPDEM30,14.95622869
RGI2000-v7.0-G-12-00249,12,12-01,G041523E43281N,1999-09-01T00:00:00,41.53063922202797,43.283889,6.205151324966593,0,2928.1775,2.0,COPDEM30,44.87419762
RGI2000-v7.0-G-12-00250,12,12-01,G041519E43299N,1999-09-01T00:00:00,41.52376530475664,43.296127,2.864559588989548,0,3051.8296,2.0,COPDEM30,33.69501381
RGI2000-v7.0-G-12-00251,12,12-01,G041517E43307N,1999-09-01T00:00:00,41.5157709529703,43.3067225,0.070690094292549,0,2983.595,4.0,COPDEM30,13.72226524
RGI2000-v7.0-G-12-00252,12,12-01,G041507E43305N,1999-09-01T00:00:00,41.505169206806286,43.3050605,1.343717619625036,0,2955.6477,1.0,COPDEM30,26.22863683
RGI2000-v7.0-G-12-00253,12,12-01,G041515E43312N,1999-09-01T00:00:00,41.51228808767361,43.3146265,0.854774413708487,0,3062.2268,1.0,COPDEM30,22.94356153
RGI2000-v7.0-G-12-00254,12,12-01,G041505E43318N,1999-09-01T00:00:00,41.50513448098276,43.317843,0.03690389237908,0,3069.8813,2.0,COPDEM30,12.68945402
RGI2000-v7.0-G-12-00255,12,12-01,G041522E43321N,1999-09-01T00:00:00,41.522142373167156,43.3206575,0.047122424591432,0,3104.194,8.0,COPDEM30,13.03907802
RGI2000-v7.0-G-12-00256,12,12-01,G041525E43335N,1999-09-01T00:00:00,41.525368729428905,43.3352945,0.029579679013966,0,3422.7036,2.0,COPDEM30,12.40782414
RGI2000-v7.0-G-12-00257,12,12-01,G041516E43337N,1999-09-01T00:00:00,41.51609511713286,43.3366135,0.040655698880526,0,3191.0269,7.0,COPDEM30,12.82285617
RGI2000-v7.0-G-12-00258,12,12-01,G041522E43342N,1999-09-01T00:00:00,41.52188612281622,43.341697499999995,0.041726559049544,0,2982.315,2.0,COPDEM30,12.85979118
RGI2000-v7.0-G-12-00259,12,12-01,G041564E43331N,1999-09-01T00:00:00,41.56329936220311,43.330701000000005,0.06033166788797,0,3102.9602,8.0,COPDEM30,13.43875078
RGI2000-v7.0-G-12-00260,12,12-01,G041569E43331N,1999-09-01T00:00:00,41.569490933333334,43.3300405,0.018405577586234,0,3289.392,6.0,COPDEM30,11.89934020
RGI2000-v7.0-G-12-00261,12,12-01,G041571E43336N,1999-09-01T00:00:00,41.57044260511364,43.3360265,0.186136270245286,0,3067.3506,8.0,COPDEM30,16.04009180
RGI2000-v7.0-G-12-00262,12,12-01,G041575E43339N,1999-09-01T00:00:00,41.57494532261641,43.338399499999994,0.024356311823223,0,3192.439,8.0,COPDEM30,12.18491124
RGI2000-v7.0-G-12-00263,12,12-01,G041578E43343N,1999-09-01T00:00:00,41.578169433894736,43.342965,0.050313698469128,0,2881.0603,2.0,COPDEM30,13.14030013
RGI2000-v7.0-G-12-00264,12,12-01,G041577E43331N,1999-09-01T00:00:00,41.58337163922519,43.333876000000004,0.960803891251085,0,2915.7876,2.0,COPDEM30,23.72288463
RGI2000-v7.0-G-12-00265,12,12-01,G041590E43331N,1999-09-01T00:00:00,41.590709615252294,43.332300000000004,0.062417880324699,0,3010.1172,2.0,COPDEM30,13.49769989
RGI2000-v7.0-G-12-00266,12,12-01,G041592E43327N,1999-09-01T00:00:00,41.588457559192605,43.328486999999996,0.0709216454197,0,3157.8406,3.0,COPDEM30,13.72835654
RGI2000-v7.0-G-12-00267,12,12-01,G041584E43328N,1999-09-01T00:00:00,41.583446771708,43.327825000000004,0.029281228953671,0,3404.6548,1.0,COPDEM30,12.39564623
RGI2000-v7.0-G-12-00268,12,12-01,G041591E43325N,1999-09-01T00:00:00,41.591288330094045,43.3250055,0.029334547046345,0,2969.636,2.0,COPDEM30,12.39782635
RGI2000-v7.0-G-12-00269,12,12-01,G041592E43324N,1999-09-01T00:00:00,41.592491245841885,43.323553000000004,0.019215917800961,0,2993.9883,2.0,COPDEM30,11.94070088
RGI2000-v7.0-G-12-00270,12,12-01,G041594E43323N,1999-09-01T00:00:00,41.59613150229211,43.320539499999995,0.040937028395664,0,3009.3958,1.0,COPDEM30,12.83260614
RGI2000-v7.0-G-12-00271,12,12-01,G041569E43364N,1999-09-01T00:00:00,41.575803067335244,43.357558,0.111745293917128,0,3012.5906,2.0,COPDEM30,14.67996556
RGI2000-v7.0-G-12-00272,12,12-01,G041589E43366N,1999-09-01T00:00:00,41.58863909028941,43.366198999999995,0.070486365850127,0,3040.9722,1.0,COPDEM30,13.71689759
RGI2000-v7.0-G-12-00273,12,12-01,G041594E43367N,1999-09-01T00:00:00,41.594112124378114,43.3670475,0.028651511601582,0,2904.2954,1.0,COPDEM30,12.36974604
RGI2000-v7.0-G-12-00274,12,12-01,G041599E43365N,1999-09-01T00:00:00,41.59890993444008,43.3655555,0.067894400513898,0,3017.489,1.0,COPDEM30,13.64791756
RGI2000-v7.0-G-12-00275,12,12-01,G041608E43360N,1999-09-01T00:00:00,41.607578648492904,43.3598095,0.010615038988526,0,2883.5054,2.0,COPDEM30,11.44241036
RGI2000-v7.0-G-12-00276,12,12-01,G041621E43390N,1999-09-01T00:00:00,41.62095536235957,43.389605,0.125759104016366,0,2943.8242,1.0,COPDEM30,14.96475421
RGI2000-v7.0-G-12-00277,12,12-01,G041605E43394N,1999-09-01T00:00:00,41.60543435554964,43.3938105,0.074626523564379,0,2980.348,2.0,COPDEM30,13.82449979
RGI2000-v7.0-G-12-00278,12,12-01,G041597E43397N,1999-09-01T00:00:00,41.598747456249995,43.396097499999996,0.210599031974381,0,2902.3372,2.0,COPDEM30,16.42474982
RGI2000-v7.0-G-12-00279,12,12-01,G041591E43400N,1999-09-01T00:00:00,41.588752259900986,43.400178,0.158011223811137,0,3065.3386,2.0,COPDEM30,15.56508759
RGI2000-v7.0-G-12-00280,12,12-01,G041581E43410N,1999-09-01T00:00:00,41.581260937500005,43.4098485,0.083617461867077,0,3313.1045,2.0,COPDEM30,14.04833577
RGI2000-v7.0-G-12-00281,12,12-01,G041599E43422N,1999-09-01T00:00:00,41.598985583640626,43.421861,0.292252702712152,0,3268.959,2.0,COPDEM30,17.56845623
RGI2000-v7.0-G-12-00282,12,12-01,G041594E43429N,1999-09-01T00:00:00,41.59180075153374,43.4299595,0.402687154059641,0,3216.215,2.0,COPDEM30,18.88406901
RGI2000-v7.0-G-12-00283,12,12-01,G041582E43437N,1999-09-01T00:00:00,41.582149375,43.4363935,0.051951097068573,0,3429.7163,2.0,COPDEM30,13.19098966
RGI2000-v7.0-G-12-00284,12,12-01,G041622E43413N,1999-09-01T00:00:00,41.62161570056497,43.412669,0.025885797687777,0,3134.6252,1.0,COPDEM30,12.25246894
RGI2000-v7.0-G-12-00285,12,12-01,G041657E43411N,2000-09-12T00:00:00,41.65692356724472,43.410675,0.010047105255836,0,2919.2227,1.0,COPDEM30,11.40329349
RGI2000-v7.0-G-12-00286,12,12-01,G041667E43407N,2000-09-12T00:00:00,41.66760195527091,43.4068185,0.014778861117141,0,2792.054,2.0,COPDEM30,11.70195675
RGI2000-v7.0-G-12-00287,12,12-01,G041736E43350N,2000-09-12T00:00:00,41.735859002941176,43.350648,0.065833547002221,0,3094.5112,1.0,COPDEM30,13.59212684
RGI2000-v7.0-G-12-00288,12,12-01,G041781E43317N,2000-09-12T00:00:00,41.78048393032923,43.3173325,0.039377932284743,0,3061.9146,1.0,COPDEM30,12.77814232
RGI2000-v7.0-G-12-00289,12,12-01,G041800E43305N,2000-09-12T00:00:00,41.80055968813131,43.3043095,0.015934039984813,0,3038.8533,1.0,COPDEM30,11.76722150
RGI2000-v7.0-G-12-00290,12,12-01,G041806E43306N,2000-09-12T00:00:00,41.80579726830411,43.3055155,0.031847572579908,0,3083.4329,1.0,COPDEM30,12.49842435
RGI2000-v7.0-G-12-00291,12,12-01,G041821E43303N,2000-09-12T00:00:00,41.81842272846541,43.3032945,0.375513292619818,0,3142.4092,1.0,COPDEM30,18.57907952
RGI2000-v7.0-G-12-00292,12,12-01,G041831E43306N,2000-09-12T00:00:00,41.828821793859646,43.3074035,0.47140363678329,0,3064.912,1.0,COPDEM30,19.61223766
RGI2000-v7.0-G-12-00293,12,12-01,G041830E43305N,2000-09-12T00:00:00,41.839124842605806,43.3103,0.222821433404746,0,3151.158,8.0,COPDEM30,16.60855513
RGI2000-v7.0-G-12-00294,12,12-01,G041846E43315N,2000-09-12T00:00:00,41.846572416230366,43.313857,0.134925898723842,0,3157.051,2.0,COPDEM30,15.14251652
RGI2000-v7.0-G-12-00295,12,12-01,G041842E43319N,2000-09-12T00:00:00,41.84319885206061,43.3183955,0.067335558882482,0,3229.2405,3.0,COPDEM30,13.63287346
RGI2000-v7.0-G-12-00296,12,12-01,G041839E43324N,2000-09-12T00:00:00,41.839432187713314,43.3231725,0.175159889414241,0,3173.4458,2.0,COPDEM30,15.85929504
RGI2000-v7.0-G-12-00297,12,12-01,G041834E43328N,2000-09-12T00:00:00,41.83376926304348,43.3276185,0.114646214792623,0,3290.9048,3.0,COPDEM30,14.74032257
RGI2000-v7.0-G-12-00298,12,12-01,G041842E43335N,2000-09-12T00:00:00,41.841893776315786,43.334697000000006,0.05051387202954,0,3336.2578,4.0,COPDEM30,13.14654079
RGI2000-v7.0-G-12-00299,12,12-01,G041846E43340N,2000-09-12T00:00:00,41.845727874999994,43.339791500000004,0.03794869860606,0,3355.7188,3.0,COPDEM30,12.72725960
RGI2000-v7.0-G-12-00300,12,12-01,G041834E43338N,2000-09-12T00:00:00,41.83430432292637,43.337341,1.332413482545046,0,3305.361,8.0,COPDEM30,26.16023028
RGI2000-v7.0-G-12-00301,12,12-01,G041825E43339N,2000-09-12T00:00:00,41.82590675909809,43.338694000000004,0.018115078747344,0,3234.9922,8.0,COPDEM30,11.88429176
RGI2000-v7.0-G-12-00302,12,12-01,G041844E43349N,2000-09-12T00:00:00,41.84385368317214,43.3490115,0.190852708099677,0,3414.2495,3.0,COPDEM30,16.11613692
RGI2000-v7.0-G-12-00303,12,12-01,G041842E43354N,2000-09-12T00:00:00,41.8466665,43.354141,0.078416936919144,0,3382.0999,2.0,COPDEM30,13.92042340
RGI2000-v7.0-G-12-00304,12,12-01,G041841E43358N,2000-09-12T00:00:00,41.84457626121577,43.359432,0.26535527141725,0,3168.144,1.0,COPDEM30,17.21177046
RGI2000-v7.0-G-12-00305,12,12-01,G041829E43365N,2000-09-12T00:00:00,41.82985669902912,43.365457,0.147937239351881,0,3224.7607,2.0,COPDEM30,15.38476545
RGI2000-v7.0-G-12-00306,12,12-01,G041822E43382N,2000-09-12T00:00:00,41.82344154408163,43.3818775,0.114840160057872,0,3296.778,1.0,COPDEM30,14.74433044
RGI2000-v7.0-G-12-00307,12,12-01,G041861E43360N,2000-09-12T00:00:00,41.86238198009259,43.3607395,0.192021121711674,0,3326.204,1.0,COPDEM30,16.13483006
RGI2000-v7.0-G-12-00308,12,12-01,G041869E43367N,2000-09-12T00:00:00,41.86930645911666,43.367063,0.045129967975117,0,3293.4373,1.0,COPDEM30,12.97413411
RGI2000-v7.0-G-12-00309,12,12-01,G041908E43333N,2000-09-12T00:00:00,41.90760048868469,43.332707,0.396815075549718,0,3231.0908,1.0,COPDEM30,18.81905634
RGI2000-v7.0-G-12-00310,12,12-01,G041918E43331N,2000-09-12T00:00:00,41.913612635802465,43.3335465,0.075371191353433,0,3227.0688,1.0,COPDEM30,13.84353399
RGI2000-v7.0-G-12-00311,12,12-01,G041919E43332N,2000-09-12T00:00:00,41.91852431961077,43.333732499999996,0.303843008581149,0,3163.566,1.0,COPDEM30,17.71707391
RGI2000-v7.0-G-12-00312,12,12-01,G041928E43334N,2000-09-12T00:00:00,41.92879513139535,43.333526500000005,0.154677956565539,0,3189.1853,1.0,COPDEM30,15.50607660
RGI2000-v7.0-G-12-00313,12,12-01,G041922E43325N,2000-09-12T00:00:00,41.92159854032258,43.324928,0.051139931479912,0,3357.6948,3.0,COPDEM30,13.16597956
RGI2000-v7.0-G-12-00314,12,12-01,G041921E43314N,2000-09-12T00:00:00,41.91917940566037,43.315017,0.050758417001113,0,3325.4504,2.0,COPDEM30,13.15414802
RGI2000-v7.0-G-12-00315,12,12-01,G041922E43315N,2000-09-12T00:00:00,41.92463872025201,43.3143265,0.137205058505089,0,3187.5417,2.0,COPDEM30,15.18576817
RGI2000-v7.0-G-12-00316,12,12-01,G041915E43310N,2000-09-12T00:00:00,41.91499189782313,43.3103245,0.22179055347307,0,3299.4626,8.0,COPDEM30,16.59325022
RGI2000-v7.0-G-12-00317,12,12-01,G041913E43303N,2000-09-12T00:00:00,41.91252236013216,43.303573,0.1675224338133,0,3221.526,8.0,COPDEM30,15.73013063
RGI2000-v7.0-G-12-00318,12,12-01,G041904E43293N,2000-09-12T00:00:00,41.90514654645851,43.2944375,1.748701138478121,0,3163.6372,1.0,COPDEM30,28.51338497
RGI2000-v7.0-G-12-00319,12,12-01,G041902E43286N,2000-09-12T00:00:00,41.90155987331168,43.2858515,0.110962669374932,0,3387.3657,3.0,COPDEM30,14.66354835
RGI2000-v7.0-G-12-00320,12,12-01,G041898E43279N,2000-09-12T00:00:00,41.897656475145396,43.278906,0.55391174719041,0,3379.9324,3.0,COPDEM30,20.41953466
RGI2000-v7.0-G-12-00321,12,12-01,G041891E43277N,2000-09-12T00:00:00,41.891329210194044,43.2771215,0.067695376595594,0,3516.0273,7.0,COPDEM30,13.64256693
RGI2000-v7.0-G-12-00322,12,12-01,G041888E43280N,2000-09-12T00:00:00,41.88836355718954,43.2791365,0.165722539733322,0,3381.3628,7.0,COPDEM30,15.69926467
RGI2000-v7.0-G-12-00323,12,12-01,G041888E43285N,2000-09-12T00:00:00,41.884812122476916,43.28492,0.760665783853344,0,3289.3071,8.0,COPDEM30,22.21026182
RGI2000-v7.0-G-12-00324,12,12-01,G041903E43292N,2000-09-12T00:00:00,41.88810110218124,43.2916105,0.046045790444911,0,3578.2996,3.0,COPDEM30,13.00415960
RGI2000-v7.0-G-12-00325,12,12-01,G041880E43293N,2000-09-12T00:00:00,41.8806608322325,43.2931395,0.267291581630247,0,3286.9893,8.0,COPDEM30,17.23803495
RGI2000-v7.0-G-12-00326,12,12-01,G041884E43301N,2000-09-12T00:00:00,41.885230300873914,43.300822999999994,0.489547309082843,0,3208.4382,2.0,COPDEM30,19.79547204
RGI2000-v7.0-G-12-00327,12,12-01,G041877E43303N,2000-09-12T00:00:00,41.87717238798052,43.302856500000004,0.018099646740704,0,3490.7356,2.0,COPDEM30,11.88348899
RGI2000-v7.0-G-12-00328,12,12-01,G041874E43303N,2000-09-12T00:00:00,41.87449115100334,43.302996500000006,0.108006352617677,0,3461.175,8.0,COPDEM30,14.60100479
RGI2000-v7.0-G-12-00329,12,12-01,G041871E43308N,2000-09-12T00:00:00,41.87257909984714,43.3068125,0.186824035579635,0,3078.3638,1.0,COPDEM30,16.05124045
RGI2000-v7.0-G-12-00330,12,12-01,G041883E43300N,2000-09-12T00:00:00,41.877660179194,43.307106000000005,0.098671396586182,0,2958.0784,8.0,COPDEM30,14.39768049
RGI2000-v7.0-G-12-00331,12,12-01,G041851E43308N,2000-09-12T00:00:00,41.8618792132156,43.3095275,0.028563522301245,0,2882.1746,1.0,COPDEM30,12.36610447
RGI2000-v7.0-G-12-00332,12,12-01,G041852E43309N,2000-09-12T00:00:00,41.85958020585663,43.307511500000004,0.345806899046331,0,3042.9023,1.0,COPDEM30,18.23274876
RGI2000-v7.0-G-12-00333,12,12-01,G041852E43308N,2000-09-12T00:00:00,41.848504261040766,43.3081345,0.250258349524633,0,3107.655,2.0,COPDEM30,17.00361596
RGI2000-v7.0-G-12-00334,12,12-01,G041856E43269N,2000-09-12T00:00:00,41.85557514948454,43.269249,0.046298564839815,0,3060.7583,2.0,COPDEM30,13.01239418
RGI2000-v7.0-G-12-00335,12,12-01,G041865E43264N,2000-09-12T00:00:00,41.865341558648296,43.264954,0.152773634595247,0,3091.1887,1.0,COPDEM30,15.47207752
RGI2000-v7.0-G-12-00336,12,12-01,G041868E43263N,2000-09-12T00:00:00,41.867979006172845,43.262556000000004,0.036069938787749,0,3220.6802,2.0,COPDEM30,12.65889225
RGI2000-v7.0-G-12-00337,12,12-01,G041876E43263N,2000-09-12T00:00:00,41.8764407275641,43.262739999999994,0.254955150901,0,3036.3381,1.0,COPDEM30,17.06903173
RGI2000-v7.0-G-12-00338,12,12-01,G041884E43267N,2000-09-12T00:00:00,41.883566292151166,43.267394499999995,0.096652651059312,0,3212.68,7.0,COPDEM30,14.35246133
RGI2000-v7.0-G-12-00339,12,12-01,G041891E43270N,2000-09-12T00:00:00,41.889725766324396,43.270934,0.756736330676266,0,3238.7546,8.0,COPDEM30,22.17868305
RGI2000-v7.0-G-12-00340,12,12-01,G041901E43267N,2000-09-12T00:00:00,41.90048958423573,43.271381,0.051005628655874,0,3232.061,3.0,COPDEM30,13.16181961
RGI2000-v7.0-G-12-00341,12,12-01,G041902E43268N,2000-09-12T00:00:00,41.90243946521739,43.265919,0.220324689998313,0,3094.9587,2.0,COPDEM30,16.57142597
RGI2000-v7.0-G-12-00342,12,12-01,G041909E43264N,2000-09-12T00:00:00,41.90987125639488,43.2635765,0.169439199559705,0,3008.9429,1.0,COPDEM30,15.76281902
RGI2000-v7.0-G-12-00343,12,12-01,G041897E43250N,2000-09-12T00:00:00,41.89838219636964,43.2496555,0.152846134859755,0,2785.94,2.0,COPDEM30,15.47337578
RGI2000-v7.0-G-12-00344,12,12-01,G041892E43253N,2000-09-12T00:00:00,41.89159556525827,43.252654,0.297065834813456,0,2907.5454,2.0,COPDEM30,17.63052447
RGI2000-v7.0-G-12-00345,12,12-01,G041886E43249N,1999-09-01T00:00:00,41.88592604716982,43.249483999999995,0.150148705097176,0,3179.47,4.0,COPDEM30,15.42486370
RGI2000-v7.0-G-12-00346,12,12-01,G041885E43248N,1999-09-01T00:00:00,41.88212317380593,43.2477585,0.02537991528613,0,3305.6528,4.0,COPDEM30,12.23035051
RGI2000-v7.0-G-12-00347,12,12-01,G041879E43252N,2000-09-12T00:00:00,41.877487738157896,43.252791,0.520062935016412,0,3201.8848,8.0,COPDEM30,20.09615448
RGI2000-v7.0-G-12-00348,12,12-01,G041883E43258N,2000-09-12T00:00:00,41.88436322631876,43.257475,0.815148740818532,0,3038.8557,2.0,COPDEM30,22.63998233
RGI2000-v7.0-G-12-00349,12,12-01,G041865E43241N,1999-09-01T00:00:00,41.86553980654587,43.2408875,0.057569202350242,0,2754.341,2.0,COPDEM30,13.35910162
RGI2000-v7.0-G-12-00350,12,12-01,G041871E43237N,1999-09-01T00:00:00,41.87050776874325,43.2374965,0.102468463111076,0,2537.0325,2.0,COPDEM30,14.48149738
RGI2000-v7.0-G-12-00351,12,12-01,G041861E43236N,2000-09-12T00:00:00,41.861647057562074,43.235742,0.23484027315536,0,2891.1365,8.0,COPDEM30,16.78444497
RGI2000-v7.0-G-12-00352,12,12-01,G041858E43232N,2000-09-12T00:00:00,41.85850709786822,43.2318655,0.136559486747456,0,2990.4224,8.0,COPDEM30,15.17355385
RGI2000-v7.0-G-12-00353,12,12-01,G041862E43229N,1999-09-01T00:00:00,41.86187159974094,43.228378,0.03513109491649,0,3188.109,3.0,COPDEM30,12.62406071
RGI2000-v7.0-G-12-00354,12,12-01,G041864E43225N,1999-09-01T00:00:00,41.8630648237624,43.2252785,0.192575320710936,0,3030.296,3.0,COPDEM30,16.14367666
RGI2000-v7.0-G-12-00355,12,12-01,G041864E43222N,1999-09-01T00:00:00,41.86367647,43.2213065,0.134498036821414,0,2968.94,3.0,COPDEM30,15.13435636
RGI2000-v7.0-G-12-00356,12,12-01,G041859E43217N,1999-09-01T00:00:00,41.85955493495731,43.216646,0.087958442429593,0,3201.578,4.0,COPDEM30,14.15209040
RGI2000-v7.0-G-12-00357,12,12-01,G041861E43214N,1999-09-01T00:00:00,41.86374943792767,43.215151500000005,0.981407999880278,0,2973.1123,2.0,COPDEM30,23.86924540
RGI2000-v7.0-G-12-00358,12,12-01,G041842E43224N,2000-09-12T00:00:00,41.85346814243027,43.2171525,0.083267375120166,0,3441.7922,8.0,COPDEM30,14.03985217
RGI2000-v7.0-G-12-00359,12,12-01,G041844E43212N,2000-09-12T00:00:00,41.84356052553676,43.212316,0.015196618594724,0,3279.0828,8.0,COPDEM30,11.72584392
RGI2000-v7.0-G-12-00360,12,12-01,G041847E43207N,2000-09-12T00:00:00,41.84648196703297,43.206177,0.089065044168211,0,2881.8774,6.0,COPDEM30,14.17812741
RGI2000-v7.0-G-12-00361,12,12-01,G041861E43206N,1999-09-01T00:00:00,41.8608842905983,43.206287,0.251096405055988,0,2763.8694,3.0,COPDEM30,17.01533288
RGI2000-v7.0-G-12-00362,12,12-01,G041862E43202N,1999-09-01T00:00:00,41.8616179736842,43.201418000000004,0.200042139808964,0,2784.135,2.0,COPDEM30,16.26164989
RGI2000-v7.0-G-12-00363,12,12-01,G041872E43197N,1999-09-01T00:00:00,41.87214874364876,43.1967975,0.069536065941071,0,2591.1528,2.0,COPDEM30,13.69175689
RGI2000-v7.0-G-12-00364,12,12-01,G041843E43225N,2000-09-12T00:00:00,41.848142553411975,43.225764,2.533817331987821,0,2751.4866,1.0,COPDEM30,32.28515643
RGI2000-v7.0-G-12-00365,12,12-01,G041869E43231N,1999-09-01T00:00:00,41.86677495689655,43.2307635,0.063907338746605,0,2951.495,3.0,COPDEM30,13.53918612
RGI2000-v7.0-G-12-00366,12,12-01,G041897E43232N,1999-09-01T00:00:00,41.896688575959026,43.2317885,0.090780025632605,0,3041.525,8.0,COPDEM30,14.21816133
RGI2000-v7.0-G-12-00367,12,12-01,G041914E43228N,2000-09-12T00:00:00,41.91414200340909,43.228449499999996,0.135938758939965,0,2684.5293,1.0,COPDEM30,15.16178232
RGI2000-v7.0-G-12-00368,12,12-01,G041933E43227N,2000-09-12T00:00:00,41.93532339612676,43.226827,0.214839730439345,0,2999.6416,8.0,COPDEM30,16.48911297
RGI2000-v7.0-G-12-00369,12,12-01,G041938E43234N,2000-09-12T00:00:00,41.93933248618331,43.233165,0.563343144101497,0,2937.6848,1.0,COPDEM30,20.50786640
RGI2000-v7.0-G-12-00370,12,12-01,G041949E43225N,2000-09-12T00:00:00,41.94680410866262,43.2279025,0.406066506717599,0,3228.5261,2.0,COPDEM30,18.92126871
RGI2000-v7.0-G-12-00371,12,12-01,G041950E43226N,2000-09-12T00:00:00,41.952235274131986,43.224429,0.530183110010741,0,3129.08,2.0,COPDEM30,20.19391434
RGI2000-v7.0-G-12-00372,12,12-01,G041946E43217N,2000-09-12T00:00:00,41.94746327630814,43.216179,0.111931418152872,0,3187.003,3.0,COPDEM30,14.68386144
RGI2000-v7.0-G-12-00373,12,12-01,G041941E43217N,1999-09-01T00:00:00,41.941961757788704,43.2171955,0.1500835226562,0,3125.8516,8.0,COPDEM30,15.42368606
RGI2000-v7.0-G-12-00374,12,12-01,G041950E43208N,1999-09-01T00:00:00,41.94897266563786,43.2081085,0.145285130984015,0,3142.325,8.0,COPDEM30,15.33628013
RGI2000-v7.0-G-12-00375,12,12-01,G041944E43203N,1999-09-01T00:00:00,41.9440616083959,43.203119,0.07159868449505,0,2988.5522,8.0,COPDEM30,13.74611027
RGI2000-v7.0-G-12-00376,12,12-01,G041940E43199N,1999-09-01T00:00:00,41.93984971717933,43.19966,0.188182010306535,0,2831.8408,8.0,COPDEM30,16.07319307
RGI2000-v7.0-G-12-00377,12,12-01,G041932E43191N,1999-09-01T00:00:00,41.931722649803916,43.193224,0.707976512067268,0,2930.3428,1.0,COPDEM30,21.77978762
RGI2000-v7.0-G-12-00378,12,12-01,G041948E43191N,1999-09-01T00:00:00,41.9480607437107,43.1909775,0.022414822883624,0,3064.3257,5.0,COPDEM30,12.09602130
RGI2000-v7.0-G-12-00379,12,12-01,G041953E43198N,1999-09-01T00:00:00,41.95715872737076,43.1914175,0.11831605924951,0,2873.8005,2.0,COPDEM30,14.81559421
RGI2000-v7.0-G-12-00380,12,12-01,G041954E43199N,1999-09-01T00:00:00,41.9535288502886,43.1984575,0.653870501414918,0,3015.6348,3.0,COPDEM30,21.32071633
RGI2000-v7.0-G-12-00381,12,12-01,G041954E43198N,1999-09-01T00:00:00,41.95867966697416,43.200562000000005,0.047561448549597,0,2849.9106,4.0,COPDEM30,13.05320224
RGI2000-v7.0-G-12-00382,12,12-01,G041963E43204N,1999-09-01T00:00:00,41.96170870982907,43.203839,0.095182761805628,0,3113.5742,3.0,COPDEM30,14.31923851
RGI2000-v7.0-G-12-00383,12,12-01,G041960E43213N,2000-09-12T00:00:00,41.959641800658645,43.2126835,1.075480551410604,0,2719.5693,1.0,COPDEM30,24.51875298
RGI2000-v7.0-G-12-00384,12,12-01,G041978E43215N,2000-09-12T00:00:00,41.977565140288405,43.2149625,0.048312141951114,0,2969.3696,8.0,COPDEM30,13.07720325
RGI2000-v7.0-G-12-00385,12,12-01,G041982E43217N,2000-09-12T00:00:00,41.98150561466166,43.216638,0.066821227923324,0,2936.6409,1.0,COPDEM30,13.61897232
RGI2000-v7.0-G-12-00386,12,12-01,G041986E43219N,2000-09-12T00:00:00,41.9856001102719,43.2192985,0.130266276867628,0,2994.5493,1.0,COPDEM30,15.05293878
RGI2000-v7.0-G-12-00387,12,12-01,G041995E43217N,2000-09-12T00:00:00,41.98912764379085,43.219422,0.048857721548,0,2927.3123,3.0,COPDEM30,13.09452960
RGI2000-v7.0-G-12-00388,12,12-01,G041997E43219N,2000-09-12T00:00:00,41.999964478260864,43.219395,1.797877111356589,0,2806.1887,8.0,COPDEM30,28.77189159
RGI2000-v7.0-G-12-00389,12,12-01,G041996E43218N,2000-09-12T00:00:00,42.013578487827786,43.225952,0.133095888728922,0,3086.103,8.0,COPDEM30,15.10752329
RGI2000-v7.0-G-12-00390,12,12-01,G042015E43229N,2000-09-12T00:00:00,42.01477359112826,43.228809,0.140741846978273,0,3106.5464,8.0,COPDEM30,15.25218069
RGI2000-v7.0-G-12-00391,12,12-01,G042022E43232N,2000-09-12T00:00:00,42.02185613842106,43.232321,0.138729234038513,0,2783.9414,2.0,COPDEM30,15.21449229
RGI2000-v7.0-G-12-00392,12,12-01,G042021E43225N,2000-09-12T00:00:00,42.02152286060239,43.224621,0.142895112741949,0,3093.5657,3.0,COPDEM30,15.29220579
RGI2000-v7.0-G-12-00393,12,12-01,G042024E43221N,2000-09-12T00:00:00,42.024379854007435,43.2210475,0.055093058063328,0,3103.2183,3.0,COPDEM30,13.28606746
RGI2000-v7.0-G-12-00394,12,12-01,G042024E43218N,2000-09-12T00:00:00,42.023830315733534,43.217414,0.217984522779898,0,3079.2742,3.0,COPDEM30,16.53643377
RGI2000-v7.0-G-12-00395,12,12-01,G042023E43217N,2000-09-12T00:00:00,42.028591018571426,43.2149915,0.069856760980981,0,2964.7554,2.0,COPDEM30,13.70026015
RGI2000-v7.0-G-12-00396,12,12-01,G042033E43210N,2000-09-12T00:00:00,42.03253483910891,43.209125,0.509013473826431,0,3021.282,2.0,COPDEM30,19.98832523
RGI2000-v7.0-G-12-00397,12,12-01,G042032E43209N,2000-09-12T00:00:00,42.03411280675675,43.204127,0.028701770387768,0,3426.1084,1.0,COPDEM30,12.37182356
RGI2000-v7.0-G-12-00398,12,12-01,G042033E43201N,1999-09-01T00:00:00,42.03248409723821,43.200559999999996,0.076730033288545,0,3464.1804,6.0,COPDEM30,13.87802611
RGI2000-v7.0-G-12-00399,12,12-01,G042028E43202N,1999-09-01T00:00:00,42.02786031473713,43.2021015,0.081081467127698,0,3149.5286,7.0,COPDEM30,13.98647307
RGI2000-v7.0-G-12-00400,12,12-01,G042022E43205N,1999-09-01T00:00:00,42.022470256239814,43.20548599999999,0.060344855336233,0,3069.5422,7.0,COPDEM30,13.43912658
RGI2000-v7.0-G-12-00401,12,12-01,G042018E43214N,1999-09-01T00:00:00,42.01944859503253,43.213515,0.231726418524714,0,3212.3184,7.0,COPDEM30,16.73931584
RGI2000-v7.0-G-12-00402,12,12-01,G042038E43201N,2000-09-12T00:00:00,42.03781687912991,43.200882,0.028948407510686,0,3236.9595,3.0,COPDEM30,12.38199242
RGI2000-v7.0-G-12-00403,12,12-01,G042050E43197N,2000-09-12T00:00:00,42.04088991112582,43.203646,0.075812559441577,0,3019.1226,3.0,COPDEM30,13.85477128
RGI2000-v7.0-G-12-00404,12,12-01,G042051E43198N,2000-09-12T00:00:00,42.051124013522866,43.1969175,2.30336271582636,0,3060.2666,1.0,COPDEM30,31.24756674
RGI2000-v7.0-G-12-00405,12,12-01,G042059E43194N,1999-09-01T00:00:00,42.05905692887029,43.1940115,0.05201653977193,0,3116.2705,4.0,COPDEM30,13.19299887
RGI2000-v7.0-G-12-00406,12,12-01,G042061E43191N,1999-09-01T00:00:00,42.05998825121061,43.190622,0.079403365553213,0,2976.7778,4.0,COPDEM30,13.94500439
RGI2000-v7.0-G-12-00407,12,12-01,G042058E43193N,1999-09-01T00:00:00,42.065467978070174,43.193031000000005,0.045296831610281,0,3169.2375,6.0,COPDEM30,12.97962732
RGI2000-v7.0-G-12-00408,12,12-01,G042059E43193N,1999-09-01T00:00:00,42.067253375257124,43.195167,0.024531434702856,0,3328.6921,6.0,COPDEM30,12.19275197
RGI2000-v7.0-G-12-00409,12,12-01,G042073E43194N,1999-09-01T00:00:00,42.07270878780864,43.194663000000006,0.034669542985511,0,3338.9966,4.0,COPDEM30,12.60676628
RGI2000-v7.0-G-12-00410,12,12-01,G042075E43199N,1999-09-01T00:00:00,42.074583165688196,43.199329,0.187670376225991,0,3327.8896,4.0,COPDEM30,16.06493147
RGI2000-v7.0-G-12-00411,12,12-01,G042084E43196N,1999-09-01T00:00:00,42.08453319341216,43.196254499999995,0.090183553343362,0,2964.8396,5.0,COPDEM30,14.20428073
RGI2000-v7.0-G-12-00412,12,12-01,G042100E43207N,1999-09-01T00:00:00,42.09834990550027,43.206012,2.188761622401396,0,3552.2993,4.0,COPDEM30,30.71224947
RGI2000-v7.0-G-12-00413,12,12-01,G042077E43217N,2000-09-12T00:00:00,42.100487192307696,43.2236465,1.333051681458862,0,3216.2898,1.0,COPDEM30,26.16410002
RGI2000-v7.0-G-12-00414,12,12-01,G042079E43217N,2000-09-12T00:00:00,42.091733000980156,43.223065,0.063287115872942,0,3132.1055,8.0,COPDEM30,13.52197029
RGI2000-v7.0-G-12-00415,12,12-01,G042078E43218N,2000-09-12T00:00:00,42.07789263903744,43.218669500000004,3.105443639799143,0,3123.166,1.0,COPDEM30,34.67117657
RGI2000-v7.0-G-12-00416,12,12-01,G042078E43217N,2000-09-12T00:00:00,42.06743134388646,43.2204715,0.180583379732389,0,3163.56,3.0,COPDEM30,15.94931445
RGI2000-v7.0-G-12-00417,12,12-01,G042062E43225N,2000-09-12T00:00:00,42.062479724619294,43.2242935,0.133075938859143,0,3217.171,1.0,COPDEM30,15.10714049
RGI2000-v7.0-G-12-00418,12,12-01,G042055E43224N,2000-09-12T00:00:00,42.05856445497422,43.222569,0.096064448044438,0,3365.032,1.0,COPDEM30,14.33919714
RGI2000-v7.0-G-12-00419,12,12-01,G042069E43210N,2000-09-12T00:00:00,42.07097886655793,43.209143,0.355121182495364,0,3469.2212,8.0,COPDEM30,18.34288630
RGI2000-v7.0-G-12-00420,12,12-01,G042053E43190N,1999-09-01T00:00:00,42.05348639522821,43.1903775,0.05236845830698,0,3218.2466,3.0,COPDEM30,13.20378180
RGI2000-v7.0-G-12-00421,12,12-01,G042051E43187N,1999-09-01T00:00:00,42.051567913347455,43.186413,0.062422187765031,0,3220.8506,4.0,COPDEM30,13.49782058
RGI2000-v7.0-G-12-00422,12,12-01,G042044E43185N,1999-09-01T00:00:00,42.0439582804878,43.1852675,0.278796393753546,0,3305.2559,4.0,COPDEM30,17.39216431
RGI2000-v7.0-G-12-00423,12,12-01,G042039E43181N,1999-09-01T00:00:00,42.038542183982685,43.1809535,0.085107556013558,0,3090.708,4.0,COPDEM30,14.08424791
RGI2000-v7.0-G-12-00424,12,12-01,G042028E43180N,1999-09-01T00:00:00,42.02753092685851,43.180191,0.306647016731367,0,3014.5894,1.0,COPDEM30,17.75260055
RGI2000-v7.0-G-12-00425,12,12-01,G042029E43176N,1999-09-01T00:00:00,42.02773179655172,43.1758445,0.04261995410062,0,3146.192,3.0,COPDEM30,12.89024411
RGI2000-v7.0-G-12-00426,12,12-01,G042022E43173N,1999-09-01T00:00:00,42.021774469008264,43.173553,0.075080363311062,0,3234.287,7.0,COPDEM30,13.83611147
RGI2000-v7.0-G-12-00427,12,12-01,G042016E43179N,1999-09-01T00:00:00,42.02038254573009,43.178477,0.268050994297539,0,2847.1123,1.0,COPDEM30,17.24830979
RGI2000-v7.0-G-12-00428,12,12-01,G042026E43167N,1999-09-01T00:00:00,42.023089762019225,43.167714000000004,0.211648954139497,0,3210.107,1.0,COPDEM30,16.44074491
RGI2000-v7.0-G-12-00429,12,12-01,G042028E43170N,1999-09-01T00:00:00,42.028732875,43.1691715,0.367599197035279,0,3026.2004,2.0,COPDEM30,18.48819431
RGI2000-v7.0-G-12-00430,12,12-01,G042030E43158N,1999-09-01T00:00:00,42.031727763605446,43.164421000000004,0.138972532348132,0,3065.1553,3.0,COPDEM30,15.21906278
RGI2000-v7.0-G-12-00431,12,12-01,G042031E43159N,1999-09-01T00:00:00,42.03108262698413,43.1594025,0.29720083924582,0,3150.5933,3.0,COPDEM30,17.63225815
RGI2000-v7.0-G-12-00432,12,12-01,G042026E43156N,1999-09-01T00:00:00,42.02541986321742,43.156144499999996,0.030567911076077,0,3124.6606,7.0,COPDEM30,12.44771538
RGI2000-v7.0-G-12-00433,12,12-01,G042025E43161N,1999-09-01T00:00:00,42.02271664754099,43.160315999999995,0.128789010266406,0,3063.566,7.0,COPDEM30,15.02420601
RGI2000-v7.0-G-12-00434,12,12-01,G042020E43154N,1999-09-01T00:00:00,42.019098400000004,43.1544175,0.142332489065939,0,2916.5361,8.0,COPDEM30,15.28177696
RGI2000-v7.0-G-12-00435,12,12-01,G042019E43146N,1999-09-01T00:00:00,42.01901631703414,43.14635,0.158046794241064,0,2904.2896,2.0,COPDEM30,15.56571394
RGI2000-v7.0-G-12-00436,12,12-01,G042001E43138N,1999-09-01T00:00:00,42.00076255860971,43.1376595,0.040656400506923,0,3066.7842,2.0,COPDEM30,12.82288053
RGI2000-v7.0-G-12-00437,12,12-01,G041991E43126N,1999-09-01T00:00:00,41.995824347826094,43.130956499999996,0.042942583680021,0,2998.6116,8.0,COPDEM30,12.90116294
RGI2000-v7.0-G-12-00438,12,12-01,G041992E43127N,1999-09-01T00:00:00,41.99352213951311,43.127067499999995,0.318980284404257,0,3030.0786,1.0,COPDEM30,17.90696754
RGI2000-v7.0-G-12-00439,12,12-01,G041987E43123N,1999-09-01T00:00:00,41.986618840415844,43.1233005,0.157009058882409,0,3031.411,8.0,COPDEM30,15.54741161
RGI2000-v7.0-G-12-00440,12,12-01,G041981E43121N,1999-09-01T00:00:00,41.98162420945661,43.121207,0.040027863890885,0,2959.2046,1.0,COPDEM30,12.80097507
RGI2000-v7.0-G-12-00441,12,12-01,G042015E43164N,1999-09-01T00:00:00,42.01375058191126,43.1630885,0.021780871864275,0,2944.1797,1.0,COPDEM30,12.06616816
RGI2000-v7.0-G-12-00442,12,12-01,G042016E43165N,1999-09-01T00:00:00,42.01589294148936,43.1647125,0.02959249037324,0,2946.425,8.0,COPDEM30,12.40834551
RGI2000-v7.0-G-12-00443,12,12-01,G042043E43160N,1999-09-01T00:00:00,42.04248447405661,43.160285,0.286036651503183,0,2963.4727,1.0,COPDEM30,17.48753522
RGI2000-v7.0-G-12-00444,12,12-01,G042033E43188N,1999-09-01T00:00:00,42.03284328022822,43.188162500000004,0.49565681629183,0,3191.1643,8.0,COPDEM30,19.85640584
RGI2000-v7.0-G-12-00445,12,12-01,G042032E43187N,1999-09-01T00:00:00,42.03530339634146,43.191447,0.14708837181046,0,3277.7314,7.0,COPDEM30,15.36929426
RGI2000-v7.0-G-12-00446,12,12-01,G042030E43196N,1999-09-01T00:00:00,42.029754077348066,43.196253,0.178756585357499,0,3127.6125,8.0,COPDEM30,15.91914611
RGI2000-v7.0-G-12-00447,12,12-01,G041977E43205N,1999-09-01T00:00:00,41.97663394390243,43.204488999999995,0.178422507254912,0,2387.6118,3.0,COPDEM30,15.91361238
RGI2000-v7.0-G-12-00448,12,12-01,G041961E43233N,2000-09-12T00:00:00,41.960139380057804,43.2333165,0.110221241728884,0,3069.1492,2.0,COPDEM30,14.64794184
RGI2000-v7.0-G-12-00449,12,12-01,G041955E43239N,2000-09-12T00:00:00,41.955370376365984,43.2390455,0.380268307235618,0,3070.671,2.0,COPDEM30,18.63322583
RGI2000-v7.0-G-12-00450,12,12-01,G041954E43238N,2000-09-12T00:00:00,41.95000836955301,43.2380055,0.090006908540217,0,3342.8525,8.0,COPDEM30,14.20016120
RGI2000-v7.0-G-12-00451,12,12-01,G041955E43246N,2000-09-12T00:00:00,41.95487646475771,43.24585,0.056244253857341,0,3034.2659,1.0,COPDEM30,13.32022194
RGI2000-v7.0-G-12-00452,12,12-01,G041967E43252N,2000-09-12T00:00:00,41.96703773755187,43.252303,0.148061581767629,0,3349.0288,2.0,COPDEM30,15.38702794
RGI2000-v7.0-G-12-00453,12,12-01,G041959E43260N,2000-09-12T00:00:00,41.96001811986301,43.258737499999995,0.298623754503126,0,3001.2148,8.0,COPDEM30,17.65050690
RGI2000-v7.0-G-12-00454,12,12-01,G041969E43262N,2000-09-12T00:00:00,41.96906734007353,43.2618255,0.085890619862958,0,3339.72,3.0,COPDEM30,14.10299421
RGI2000-v7.0-G-12-00455,12,12-01,G041966E43265N,2000-09-12T00:00:00,41.96608235185185,43.265119999999996,0.071976035512009,0,3278.5984,8.0,COPDEM30,13.75596898
RGI2000-v7.0-G-12-00456,12,12-01,G041966E43270N,2000-09-12T00:00:00,41.966057888668225,43.270076,0.118978438215161,0,3107.8845,1.0,COPDEM30,14.82905518
RGI2000-v7.0-G-12-00457,12,12-01,G041974E43268N,2000-09-12T00:00:00,41.974697206914215,43.268648999999996,0.117875947070022,0,2888.2903,2.0,COPDEM30,14.80662934
RGI2000-v7.0-G-12-00458,12,12-01,G041977E43266N,2000-09-12T00:00:00,41.97726052842873,43.265849,0.133854117476911,0,3011.8745,1.0,COPDEM30,15.12205106
RGI2000-v7.0-G-12-00459,12,12-01,G041976E43265N,2000-09-12T00:00:00,41.98136660752688,43.266112,0.075529353409495,0,2987.9321,1.0,COPDEM30,13.84756459
RGI2000-v7.0-G-12-00460,12,12-01,G042051E43264N,2000-09-12T00:00:00,42.05078198636649,43.264934,0.14805066341814,0,3191.2554,1.0,COPDEM30,15.38682931
RGI2000-v7.0-G-12-00461,12,12-01,G042059E43260N,2000-09-12T00:00:00,42.05822225811771,43.258815999999996,0.150779549413843,0,3254.2173,1.0,COPDEM30,15.43624794
RGI2000-v7.0-G-12-00462,12,12-01,G042065E43259N,2000-09-12T00:00:00,42.06505667951025,43.258861499999995,0.031050846017319,0,3115.359,2.0,COPDEM30,12.46697503
RGI2000-v7.0-G-12-00463,12,12-01,G042082E43256N,2000-09-12T00:00:00,42.07004329083995,43.2557255,0.128064462416619,0,3310.3323,2.0,COPDEM30,15.01005336
RGI2000-v7.0-G-12-00464,12,12-01,G042083E43257N,2000-09-12T00:00:00,42.084814716216215,43.25578,0.948677726497977,0,3273.895,1.0,COPDEM30,23.63601241
RGI2000-v7.0-G-12-00465,12,12-01,G042086E43247N,2000-09-12T00:00:00,42.08573879807692,43.2467515,0.028970117668531,0,3400.9912,8.0,COPDEM30,12.38288545
RGI2000-v7.0-G-12-00466,12,12-01,G042095E43245N,2000-09-12T00:00:00,42.09533507620685,43.2449,0.783920337441283,0,3307.3682,2.0,COPDEM30,22.39549862
RGI2000-v7.0-G-12-00467,12,12-01,G042103E43238N,2000-09-12T00:00:00,42.102914637566144,43.2378275,0.43558666052355,0,3215.4226,1.0,COPDEM30,19.23985852
RGI2000-v7.0-G-12-00468,12,12-01,G042103E43232N,2000-09-12T00:00:00,42.102443627435065,43.2315665,0.166641797735225,0,3400.161,7.0,COPDEM30,15.71504964
RGI2000-v7.0-G-12-00469,12,12-01,G042111E43222N,2000-09-12T00:00:00,42.108884773305086,43.2288695,0.094769727793139,0,3226.2324,3.0,COPDEM30,14.30985692
RGI2000-v7.0-G-12-00470,12,12-01,G042112E43223N,2000-09-12T00:00:00,42.11103259211721,43.2233435,0.123230397399605,0,3229.0781,2.0,COPDEM30,14.91458624
RGI2000-v7.0-G-12-00471,12,12-01,G042112E43216N,2000-09-12T00:00:00,42.12007627811148,43.219331499999996,3.306420856035754,0,3045.9734,2.0,COPDEM30,35.45699291
RGI2000-v7.0-G-12-00472,12,12-01,G042124E43208N,1999-09-01T00:00:00,42.12474209768236,43.2077285,0.582401432581723,0,3128.5369,5.0,COPDEM30,20.68413220
RGI2000-v7.0-G-12-00473,12,12-01,G042134E43203N,1999-09-01T00:00:00,42.1385442290576,43.2059965,1.047641395002964,0,2990.8804,2.0,COPDEM30,24.32960967
RGI2000-v7.0-G-12-00474,12,12-01,G042133E43198N,1999-09-01T00:00:00,42.133131634146345,43.198103,0.379749314461609,0,3183.6143,7.0,COPDEM30,18.62733248
RGI2000-v7.0-G-12-00475,12,12-01,G042144E43194N,1999-09-01T00:00:00,42.144650319055316,43.1942215,1.09441879426731,0,3087.262,2.0,COPDEM30,24.64602621
RGI2000-v7.0-G-12-00476,12,12-01,G042143E43193N,1999-09-01T00:00:00,42.15272555786784,43.191465,0.488148185045603,0,2902.5527,2.0,COPDEM30,19.78146432
RGI2000-v7.0-G-12-00477,12,12-01,G042145E43186N,1999-09-01T00:00:00,42.14500437100057,43.186346,0.068976409322872,0,3324.22,3.0,COPDEM30,13.67687044
RGI2000-v7.0-G-12-00478,12,12-01,G042136E43190N,1999-09-01T00:00:00,42.13710081152344,43.1890165,0.059713057177506,0,3199.1904,7.0,COPDEM30,13.42107574
RGI2000-v7.0-G-12-00479,12,12-01,G042146E43177N,1999-09-01T00:00:00,42.14509926772568,43.177411,0.249067785907692,0,3124.7644,8.0,COPDEM30,16.98693681
RGI2000-v7.0-G-12-00480,12,12-01,G042150E43181N,1999-09-01T00:00:00,42.150526067632846,43.180469,0.715897696544435,0,3151.539,3.0,COPDEM30,21.84550330
RGI2000-v7.0-G-12-00481,12,12-01,G042162E43173N,1999-09-01T00:00:00,42.155404503947366,43.1750995,0.180863612307377,0,3075.0952,3.0,COPDEM30,15.95392879
RGI2000-v7.0-G-12-00482,12,12-01,G042163E43174N,1999-09-01T00:00:00,42.16344165522876,43.174504,1.139255200480838,0,2911.6375,1.0,COPDEM30,24.94302577
RGI2000-v7.0-G-12-00483,12,12-01,G042177E43174N,1999-09-01T00:00:00,42.17715349668325,43.1736645,0.024202620758429,0,3240.3477,8.0,COPDEM30,12.17800681
RGI2000-v7.0-G-12-00484,12,12-01,G042181E43175N,1999-09-01T00:00:00,42.18083954615385,43.175298,0.036457612507285,0,3085.1672,2.0,COPDEM30,12.67314273
RGI2000-v7.0-G-12-00485,12,12-01,G042180E43178N,1999-09-01T00:00:00,42.17976828359173,43.177775499999996,0.032826561084753,0,3047.4287,3.0,COPDEM30,12.53653424
RGI2000-v7.0-G-12-00486,12,12-01,G042178E43169N,1999-09-01T00:00:00,42.17833474054055,43.168555999999995,0.123494041974921,0,3094.8286,3.0,COPDEM30,14.91984067
RGI2000-v7.0-G-12-00487,12,12-01,G042195E43161N,1999-09-01T00:00:00,42.188737746774194,43.163089,0.458965168981186,0,2747.631,2.0,COPDEM30,19.48457554
RGI2000-v7.0-G-12-00488,12,12-01,G042196E43160N,1999-09-01T00:00:00,42.18465845229994,43.159281,0.05042379806637,0,2988.8955,2.0,COPDEM30,13.14373415
RGI2000-v7.0-G-12-00489,12,12-01,G042195E43160N,1999-09-01T00:00:00,42.19714469354839,43.161743,0.244723594505764,0,2950.0422,8.0,COPDEM30,16.92573639
RGI2000-v7.0-G-12-00490,12,12-01,G042194E43160N,1999-09-01T00:00:00,42.20054299715449,43.166672500000004,0.137938700009893,0,2895.0532,8.0,COPDEM30,15.19961395
RGI2000-v7.0-G-12-00491,12,12-01,G042209E43167N,1999-09-01T00:00:00,42.20883476388888,43.167255499999996,0.477385411984877,0,2930.1025,1.0,COPDEM30,19.67303162
RGI2000-v7.0-G-12-00492,12,12-01,G042214E43163N,1999-09-01T00:00:00,42.21297666669565,43.1646735,0.134650238958475,0,3001.072,2.0,COPDEM30,15.13726064
RGI2000-v7.0-G-12-00493,12,12-01,G042213E43162N,1999-09-01T00:00:00,42.214256257921974,43.1626305,0.127594950902784,0,2976.9807,3.0,COPDEM30,15.00086096
RGI2000-v7.0-G-12-00494,12,12-01,G042222E43162N,1999-09-01T00:00:00,42.222350397271995,43.1607805,0.256413043523775,0,2759.1035,2.0,COPDEM30,17.08921410
RGI2000-v7.0-G-12-00495,12,12-01,G042266E43210N,2000-08-12T00:00:00,42.26572077333272,43.209672499999996,0.027292905170904,0,3301.3403,5.0,COPDEM30,12.31287903
RGI2000-v7.0-G-12-00496,12,12-01,G042274E43210N,2000-08-12T00:00:00,42.27308785424354,43.2095705,0.093651084616464,0,3234.9453,5.0,COPDEM30,14.28434506
RGI2000-v7.0-G-12-00497,12,12-01,G042280E43211N,2000-08-12T00:00:00,42.2802058193801,43.2110575,0.132832505484549,0,3313.1296,4.0,COPDEM30,15.10246716
RGI2000-v7.0-G-12-00498,12,12-01,G042287E43217N,2000-09-12T00:00:00,42.287180043876724,43.2174265,1.199747677510412,0,3180.0725,1.0,COPDEM30,25.33461916
RGI2000-v7.0-G-12-00499,12,12-01,G042299E43213N,2000-08-12T00:00:00,42.29779551086615,43.2138945,0.257316034285007,0,3212.287,3.0,COPDEM30,17.10168591
RGI2000-v7.0-G-12-00500,12,12-01,G042291E43210N,2000-08-12T00:00:00,42.29139182532751,43.2094695,0.071749870060186,0,3318.6074,5.0,COPDEM30,13.75006327
RGI2000-v7.0-G-12-00501,12,12-01,G042301E43221N,2000-08-12T00:00:00,42.3007917003367,43.221141,0.150707663334126,0,3265.2283,7.0,COPDEM30,15.43495189
RGI2000-v7.0-G-12-00502,12,12-01,G042302E43228N,2000-08-12T00:00:00,42.29997336363637,43.2294795,0.585725223775577,0,3323.9067,8.0,COPDEM30,20.71457623
RGI2000-v7.0-G-12-00503,12,12-01,G042306E43236N,2000-08-12T00:00:00,42.305780324463115,43.235883,0.046752705814929,0,3326.025,8.0,COPDEM30,13.02713236
RGI2000-v7.0-G-12-00504,12,12-01,G042311E43236N,2000-08-12T00:00:00,42.310774887532574,43.233939,0.213194978747988,0,3282.5327,3.0,COPDEM30,16.46422585
RGI2000-v7.0-G-12-00505,12,12-01,G042308E43240N,2000-08-12T00:00:00,42.308161798421764,43.2405305,0.119690562343393,0,3232.899,2.0,COPDEM30,14.84348534
RGI2000-v7.0-G-12-00506,12,12-01,G042321E43226N,2000-08-12T00:00:00,42.32190548810991,43.2263855,1.976126971535444,0,3091.2568,2.0,COPDEM30,29.68046967
RGI2000-v7.0-G-12-00507,12,12-01,G042320E43218N,2000-08-12T00:00:00,42.319560025862074,43.218385,0.143859725068117,0,3259.9646,4.0,COPDEM30,15.31003824
RGI2000-v7.0-G-12-00508,12,12-01,G042321E43225N,2000-08-12T00:00:00,42.33645663506711,43.2214895,0.093276500688042,0,3128.8276,1.0,COPDEM30,14.27576825
RGI2000-v7.0-G-12-00509,12,12-01,G042320E43225N,2000-08-12T00:00:00,42.341323165929204,43.229205,0.352399948668927,0,3063.3867,8.0,COPDEM30,18.31085976
RGI2000-v7.0-G-12-00510,12,12-01,G042320E43226N,2000-08-12T00:00:00,42.34887573455307,43.2308395,0.030877014766035,0,3219.575,7.0,COPDEM30,12.46005994
RGI2000-v7.0-G-12-00511,12,12-01,G042322E43225N,2000-08-12T00:00:00,42.34867141085272,43.234553000000005,0.031590281460211,0,3267.4255,8.0,COPDEM30,12.48831171
RGI2000-v7.0-G-12-00512,12,12-01,G042351E43238N,2000-08-12T00:00:00,42.350312144308944,43.2375245,0.04763209456509,0,3249.5088,8.0,COPDEM30,13.05546895
RGI2000-v7.0-G-12-00513,12,12-01,G042354E43230N,2000-08-12T00:00:00,42.35422895870124,43.230121,0.601977654406963,0,3216.1367,2.0,COPDEM30,20.86221065
RGI2000-v7.0-G-12-00514,12,12-01,G042352E43246N,2000-08-12T00:00:00,42.35425132445141,43.245947,0.145569030010217,0,3328.6392,8.0,COPDEM30,15.34149135
RGI2000-v7.0-G-12-00515,12,12-01,G042368E43250N,2000-08-12T00:00:00,42.36626190616674,43.251596,1.47895893895462,0,3227.9944,2.0,COPDEM30,27.02574380
RGI2000-v7.0-G-12-00516,12,12-01,G042349E43256N,2000-08-12T00:00:00,42.34910786605052,43.2563065,0.091790786935509,0,3471.852,3.0,COPDEM30,14.24157922
RGI2000-v7.0-G-12-00517,12,12-01,G042351E43270N,2000-08-12T00:00:00,42.35007125,43.268543,0.152829522815388,0,3231.1846,1.0,COPDEM30,15.47307834
RGI2000-v7.0-G-12-00518,12,12-01,G042386E43249N,2000-08-12T00:00:00,42.40052838196948,43.250609,2.305843812955417,0,3199.5525,1.0,COPDEM30,31.25900720
RGI2000-v7.0-G-12-00519,12,12-01,G042411E43258N,2000-08-12T00:00:00,42.41061622740236,43.2583775,0.110796764648869,0,3281.3596,8.0,COPDEM30,14.66006072
RGI2000-v7.0-G-12-00520,12,12-01,G042410E43257N,2000-08-12T00:00:00,42.41099884653465,43.26141,0.023255047628981,0,3280.3462,7.0,COPDEM30,12.13494481
RGI2000-v7.0-G-12-00521,12,12-01,G042419E43262N,2000-08-12T00:00:00,42.4153642426258,43.262333,0.090625944374569,0,3378.958,2.0,COPDEM30,14.21458006
RGI2000-v7.0-G-12-00522,12,12-01,G042419E43268N,2000-08-12T00:00:00,42.41526398742138,43.268316,0.111511583509164,0,3455.3418,3.0,COPDEM30,14.67506902
RGI2000-v7.0-G-12-00523,12,12-01,G042438E43257N,2000-08-12T00:00:00,42.429302776041666,43.2576825,1.389713696153531,0,3164.7354,1.0,COPDEM30,26.50405661
RGI2000-v7.0-G-12-00524,12,12-01,G042439E43247N,2000-08-12T00:00:00,42.437217955373384,43.2472255,1.248108230574666,0,3364.279,7.0,COPDEM30,25.64062701
RGI2000-v7.0-G-12-00525,12,12-01,G042456E43249N,2000-08-12T00:00:00,42.44408106889483,43.2518955,0.138508016727175,0,3395.8557,2.0,COPDEM30,15.21033313
RGI2000-v7.0-G-12-00526,12,12-01,G042457E43250N,2000-08-12T00:00:00,42.45421321960168,43.2527605,1.493804410141637,0,3159.9343,1.0,COPDEM30,27.11098081
RGI2000-v7.0-G-12-00527,12,12-01,G042471E43250N,2000-08-12T00:00:00,42.467593743370216,43.2502785,0.168137466528669,0,3215.3174,2.0,COPDEM30,15.74063964
RGI2000-v7.0-G-12-00528,12,12-01,G042480E43242N,2000-08-12T00:00:00,42.46795300701166,43.245675,0.0774009494417,0,3539.6104,2.0,COPDEM30,13.89494366
RGI2000-v7.0-G-12-00529,12,12-01,G042481E43243N,2000-08-12T00:00:00,42.47803517275483,43.2443235,0.175015646992603,0,3369.4111,2.0,COPDEM30,15.85688200
RGI2000-v7.0-G-12-00530,12,12-01,G042460E43239N,2000-08-12T00:00:00,42.458862693636036,43.23854,0.744248700414414,0,3276.8386,3.0,COPDEM30,22.07777899
RGI2000-v7.0-G-12-00531,12,12-01,G042456E43231N,2000-08-12T00:00:00,42.45098139828431,43.232625,0.351792723552535,0,3421.2168,4.0,COPDEM30,18.30369639
RGI2000-v7.0-G-12-00532,12,12-01,G042448E43224N,2000-08-12T00:00:00,42.44873090440139,43.2238005,0.104624648805135,0,3270.5103,3.0,COPDEM30,14.52840272
RGI2000-v7.0-G-12-00533,12,12-01,G042443E43226N,2000-08-12T00:00:00,42.438869606837606,43.226933,0.220596042674788,0,3403.4265,5.0,COPDEM30,16.57547142
RGI2000-v7.0-G-12-00534,12,12-01,G042442E43225N,2000-08-12T00:00:00,42.43135236059641,43.225877,0.057418543657735,0,3300.062,5.0,COPDEM30,13.35470335
RGI2000-v7.0-G-12-00535,12,12-01,G042426E43227N,2000-08-12T00:00:00,42.426116762029885,43.2267935,0.054607239201132,0,3405.486,5.0,COPDEM30,13.27154686
RGI2000-v7.0-G-12-00536,12,12-01,G042428E43229N,2000-08-12T00:00:00,42.42511310819672,43.229242,0.021575549251548,0,3256.3206,8.0,COPDEM30,12.05640649
RGI2000-v7.0-G-12-00537,12,12-01,G042422E43226N,2000-08-12T00:00:00,42.41855455585106,43.226695,0.48051859280873,0,3181.7178,8.0,COPDEM30,19.70472278
RGI2000-v7.0-G-12-00538,12,12-01,G042431E43219N,2000-08-12T00:00:00,42.42782232407407,43.2189185,0.168633283649464,0,2959.7024,3.0,COPDEM30,15.74909763
RGI2000-v7.0-G-12-00539,12,12-01,G042426E43214N,2000-08-12T00:00:00,42.426580793591654,43.213633,0.050287435077852,0,3246.8018,3.0,COPDEM30,13.13948041
RGI2000-v7.0-G-12-00540,12,12-01,G042421E43208N,2000-08-12T00:00:00,42.42452463424125,43.2115755,0.06650390088976,0,3282.8684,4.0,COPDEM30,13.61036904
RGI2000-v7.0-G-12-00541,12,12-01,G042422E43208N,2000-08-12T00:00:00,42.42185352735998,43.208873,0.077693794519057,0,3276.4763,3.0,COPDEM30,13.90230492
RGI2000-v7.0-G-12-00542,12,12-01,G042422E43209N,2000-08-12T00:00:00,42.426933572222225,43.2038575,0.235432500254075,0,2998.2292,3.0,COPDEM30,16.79299419
RGI2000-v7.0-G-12-00543,12,12-01,G042419E43214N,2000-08-12T00:00:00,42.414736684747766,43.212847,1.115105761437819,0,3144.104,8.0,COPDEM30,24.78379955
RGI2000-v7.0-G-12-00544,12,12-01,G042408E43211N,2000-08-12T00:00:00,42.407998774676855,43.211143500000006,0.016465981128397,0,3275.542,8.0,COPDEM30,11.79647775
RGI2000-v7.0-G-12-00545,12,12-01,G042406E43208N,2000-08-12T00:00:00,42.405393253861526,43.2086085,0.031789103208017,0,3156.3086,7.0,COPDEM30,12.49612985
RGI2000-v7.0-G-12-00546,12,12-01,G042410E43199N,2000-08-12T00:00:00,42.4051397614964,43.200227999999996,0.871198823078883,0,3084.6821,8.0,COPDEM30,23.06732449
RGI2000-v7.0-G-12-00547,12,12-01,G042399E43194N,2000-08-12T00:00:00,42.397086229674876,43.1935725,0.383169576467796,0,2996.1938,8.0,COPDEM30,18.66609699
RGI2000-v7.0-G-12-00548,12,12-01,G042398E43193N,2000-08-12T00:00:00,42.382365377124216,43.191118,0.263901684154573,0,2994.7075,1.0,COPDEM30,17.19199069
RGI2000-v7.0-G-12-00549,12,12-01,G042384E43185N,2000-08-12T00:00:00,42.383164128964054,43.185311,0.073562895943828,0,2989.05,2.0,COPDEM30,13.79714730
RGI2000-v7.0-G-12-00550,12,12-01,G042380E43180N,2000-08-12T00:00:00,42.384214474999986,43.180687500000005,0.215008018911633,0,3008.8872,2.0,COPDEM30,16.49165400
RGI2000-v7.0-G-12-00551,12,12-01,G042370E43183N,2000-08-12T00:00:00,42.3706041901137,43.185398500000005,1.164945266285622,0,3113.1443,1.0,COPDEM30,25.11056823
RGI2000-v7.0-G-12-00552,12,12-01,G042362E43174N,2000-08-12T00:00:00,42.362240632694636,43.1742115,0.070730178891154,0,3246.1938,1.0,COPDEM30,13.72332044
RGI2000-v7.0-G-12-00553,12,12-01,G042336E43140N,2000-08-12T00:00:00,42.35348565814803,43.150990500000006,0.049156087909452,0,3134.73,1.0,COPDEM30,13.10396412
RGI2000-v7.0-G-12-00554,12,12-01,G042354E43146N,2000-08-12T00:00:00,42.35373954299481,43.1467075,0.092237098095915,0,3105.9924,2.0,COPDEM30,14.25187855
RGI2000-v7.0-G-12-00555,12,12-01,G042345E43137N,2000-08-12T00:00:00,42.3439886804657,43.1373355,0.255829639897536,0,3264.0676,2.0,COPDEM30,17.08114464
RGI2000-v7.0-G-12-00556,12,12-01,G042341E43133N,2000-08-12T00:00:00,42.34919221620326,43.130801500000004,1.189282388425182,0,3128.618,3.0,COPDEM30,25.26759143
RGI2000-v7.0-G-12-00557,12,12-01,G042340E43132N,2000-08-12T00:00:00,42.3423466103352,43.127558,0.031375309482526,0,3325.7825,3.0,COPDEM30,12.47983077
RGI2000-v7.0-G-12-00558,12,12-01,G042329E43120N,2000-08-12T00:00:00,42.328219794722884,43.120109,0.043157580004248,0,3262.518,4.0,COPDEM30,12.90841635
RGI2000-v7.0-G-12-00559,12,12-01,G042322E43123N,2000-08-12T00:00:00,42.32246152346962,43.1226135,0.335107948620569,0,3242.3706,8.0,COPDEM30,18.10439127
RGI2000-v7.0-G-12-00560,12,12-01,G042320E43117N,2000-08-12T00:00:00,42.319885622034505,43.1168155,0.06084713823489,0,3267.421,3.0,COPDEM30,13.45340978
RGI2000-v7.0-G-12-00561,12,12-01,G042322E43111N,2000-08-12T00:00:00,42.323347630358924,43.115272000000004,0.029697610555942,0,3165.2263,3.0,COPDEM30,12.41261925
RGI2000-v7.0-G-12-00562,12,12-01,G042323E43112N,2000-08-12T00:00:00,42.32327533799195,43.112038,0.133452679249159,0,3195.4634,2.0,COPDEM30,15.11436459
RGI2000-v7.0-G-12-00563,12,12-01,G042312E43114N,2000-08-12T00:00:00,42.31241607794915,43.114407,0.144337642076665,0,3243.2249,1.0,COPDEM30,15.31885118
RGI2000-v7.0-G-12-00564,12,12-01,G042315E43120N,2000-08-12T00:00:00,42.31547489957201,43.119130999999996,0.08893931474811,0,3209.6348,8.0,COPDEM30,14.17517732
RGI2000-v7.0-G-12-00565,12,12-01,G042304E43111N,2000-08-12T00:00:00,42.304380907352936,43.110889,0.064687340603947,0,3179.2964,7.0,COPDEM30,13.56071885
RGI2000-v7.0-G-12-00566,12,12-01,G042301E43106N,2000-08-12T00:00:00,42.300848659339955,43.106633,0.308349290540721,0,3093.9065,8.0,COPDEM30,17.77408907
RGI2000-v7.0-G-12-00567,12,12-01,G042303E43101N,2000-08-12T00:00:00,42.303217889767744,43.1014,0.076911719796505,0,3294.2788,3.0,COPDEM30,13.88261472
RGI2000-v7.0-G-12-00568,12,12-01,G042295E43098N,2000-08-12T00:00:00,42.295490918593025,43.098088,0.118459993783281,0,3056.6465,7.0,COPDEM30,14.81852247
RGI2000-v7.0-G-12-00569,12,12-01,G042284E43101N,2000-08-12T00:00:00,42.29180229526749,43.103579499999995,0.19082870193672,0,3032.4932,8.0,COPDEM30,16.11575225
RGI2000-v7.0-G-12-00570,12,12-01,G042285E43102N,2000-08-12T00:00:00,42.2846766674312,43.102383,0.219101914179636,0,3008.5317,1.0,COPDEM30,16.55316528
RGI2000-v7.0-G-12-00571,12,12-01,G042269E43107N,2000-08-12T00:00:00,42.269127959429824,43.106469000000004,0.182219150912944,0,2943.9182,1.0,COPDEM30,15.97619892
RGI2000-v7.0-G-12-00572,12,12-01,G042272E43073N,2000-08-12T00:00:00,42.27257149295775,43.072568000000004,0.042383336976269,0,2990.3943,1.0,COPDEM30,12.88220992
RGI2000-v7.0-G-12-00573,12,12-01,G042265E43070N,2000-08-12T00:00:00,42.26469869284986,43.0700995,0.039574846928767,0,2954.642,8.0,COPDEM30,12.78507989
RGI2000-v7.0-G-12-00574,12,12-01,G042257E43062N,2000-08-12T00:00:00,42.25731131642939,43.062374500000004,0.077922941165394,0,3043.359,2.0,COPDEM30,13.90805533
RGI2000-v7.0-G-12-00575,12,12-01,G042325E43131N,2000-08-12T00:00:00,42.32514805882353,43.1312995,0.075908444391961,0,3638.4756,7.0,COPDEM30,13.85720820
RGI2000-v7.0-G-12-00576,12,12-01,G042323E43136N,2000-08-12T00:00:00,42.32357265498155,43.135290499999996,0.662142569812439,0,3476.2156,8.0,COPDEM30,21.39210006
RGI2000-v7.0-G-12-00577,12,12-01,G042320E43145N,2000-08-12T00:00:00,42.321040252219944,43.145908500000004,0.832290103026246,0,3226.2156,1.0,COPDEM30,22.77219089
RGI2000-v7.0-G-12-00578,12,12-01,G042309E43145N,2000-08-12T00:00:00,42.30868615529593,43.144549999999995,0.074738028985594,0,3210.724,1.0,COPDEM30,13.82735596
RGI2000-v7.0-G-12-00579,12,12-01,G042337E43141N,2000-08-12T00:00:00,42.33517085869565,43.144025,2.750461459943576,0,3209.2476,2.0,COPDEM30,33.21832135
RGI2000-v7.0-G-12-00580,12,12-01,G042451E43128N,2000-08-12T00:00:00,42.4488698984375,43.128406999999996,0.353824403005676,0,3273.2827,8.0,COPDEM30,18.32763970
RGI2000-v7.0-G-12-00581,12,12-01,G042463E43123N,2000-08-12T00:00:00,42.457798017857144,43.1241085,0.062678708690843,0,3307.9006,6.0,COPDEM30,13.50500027
RGI2000-v7.0-G-12-00582,12,12-01,G042462E43122N,2000-08-12T00:00:00,42.46286795473284,43.122973,0.038298077028621,0,3376.5474,6.0,COPDEM30,12.73978523
RGI2000-v7.0-G-12-00583,12,12-01,G042480E43118N,2000-08-12T00:00:00,42.476862943529234,43.1180045,0.185790288169708,0,3239.6135,7.0,COPDEM30,16.03447566
RGI2000-v7.0-G-12-00584,12,12-01,G042498E43168N,2000-08-12T00:00:00,42.48476946404262,43.1235715,0.075444882462827,0,3290.906,2.0,COPDEM30,13.84541246
RGI2000-v7.0-G-12-00585,12,12-01,G042497E43169N,2000-08-12T00:00:00,42.484799946347344,43.127421,0.03299391901791,0,3250.1902,1.0,COPDEM30,12.54299196
RGI2000-v7.0-G-12-00586,12,12-01,G042497E43167N,2000-08-12T00:00:00,42.4775133181391,43.1295835,2.597341660965018,0,3295.671,3.0,COPDEM30,32.56277832
RGI2000-v7.0-G-12-00587,12,12-01,G042498E43167N,2000-08-12T00:00:00,42.49783214352324,43.1203125,2.286074729186392,0,3166.117,1.0,COPDEM30,31.16767930
RGI2000-v7.0-G-12-00588,12,12-01,G042510E43124N,2000-08-12T00:00:00,42.507240800335566,43.124365,0.288764156792433,0,3118.635,1.0,COPDEM30,17.52314926
RGI2000-v7.0-G-12-00589,12,12-01,G042514E43121N,2000-08-12T00:00:00,42.51181275512995,43.121694,0.317195361186395,0,3187.9153,2.0,COPDEM30,17.88481394
RGI2000-v7.0-G-12-00590,12,12-01,G042513E43120N,2000-08-12T00:00:00,42.518393309738684,43.1218925,0.078319289705661,0,3010.2637,2.0,COPDEM30,13.91798172
RGI2000-v7.0-G-12-00591,12,12-01,G042522E43108N,2000-08-12T00:00:00,42.516603429553264,43.109445,0.800526230581908,0,3087.7954,1.0,COPDEM30,22.52609840
RGI2000-v7.0-G-12-00592,12,12-01,G042521E43107N,2000-08-12T00:00:00,42.50536383138298,43.112645,0.17548460698113,0,3288.287,4.0,COPDEM30,15.86472361
RGI2000-v7.0-G-12-00593,12,12-01,G042498E43169N,2000-08-12T00:00:00,42.500791185319144,43.11249,0.023874776866701,0,3327.9365,8.0,COPDEM30,12.16320509
RGI2000-v7.0-G-12-00594,12,12-01,G042534E43110N,2000-08-12T00:00:00,42.533786486062716,43.109158,0.258387592178377,0,3328.3208,1.0,COPDEM30,17.11645755
RGI2000-v7.0-G-12-00595,12,12-01,G042542E43110N,2000-08-12T00:00:00,42.540570460729896,43.1113955,0.549059535648467,0,3231.5015,1.0,COPDEM30,20.37379723
RGI2000-v7.0-G-12-00596,12,12-01,G042551E43111N,2000-08-12T00:00:00,42.54679392134739,43.111337000000006,0.077644470412469,0,3371.543,8.0,COPDEM30,13.90106603
RGI2000-v7.0-G-12-00597,12,12-01,G042535E43152N,2000-08-12T00:00:00,42.5354290785087,43.1521085,0.080520547846406,0,3236.3496,5.0,COPDEM30,13.97265999
RGI2000-v7.0-G-12-00598,12,12-01,G042530E43155N,2000-08-12T00:00:00,42.52607361372951,43.155256,0.142277120406117,0,3592.9194,6.0,COPDEM30,15.28074953
RGI2000-v7.0-G-12-00599,12,12-01,G042526E43157N,2000-08-12T00:00:00,42.52174996910755,43.1558965,0.135617830862489,0,3412.6816,6.0,COPDEM30,15.15568568
RGI2000-v7.0-G-12-00600,12,12-01,G042519E43157N,2000-08-12T00:00:00,42.514782762103174,43.157814,0.206694018639917,0,3496.8481,5.0,COPDEM30,16.36490594
RGI2000-v7.0-G-12-00601,12,12-01,G042496E43168N,2000-08-12T00:00:00,42.504281501146785,43.165105499999996,0.077080991472021,0,3495.1606,6.0,COPDEM30,13.88688491
RGI2000-v7.0-G-12-00602,12,12-01,G042497E43168N,2000-08-12T00:00:00,42.4915285340452,43.172911,8.115653864741263,0,3444.8958,5.0,COPDEM30,49.88318139
RGI2000-v7.0-G-12-00603,12,12-01,G042496E43169N,2000-08-12T00:00:00,42.48432664049473,43.166428499999995,0.052484385644961,0,3417.7754,3.0,COPDEM30,13.20732592
RGI2000-v7.0-G-12-00604,12,12-01,G042478E43166N,2000-08-12T00:00:00,42.47317584453643,43.166917,0.141824880502855,0,3642.695,7.0,COPDEM30,15.27235019
RGI2000-v7.0-G-12-00605,12,12-01,G042455E43164N,2000-08-12T00:00:00,42.4605147179525,43.1589995,0.138251126417404,0,3570.587,2.0,COPDEM30,15.20549909
RGI2000-v7.0-G-12-00606,12,12-01,G042451E43151N,2000-08-12T00:00:00,42.45460101844444,43.154913,0.131073694376221,0,3373.3137,7.0,COPDEM30,15.06857417
RGI2000-v7.0-G-12-00607,12,12-01,G042452E43152N,2000-08-12T00:00:00,42.45086901099707,43.1507135,0.5094298164702,0,3166.3975,8.0,COPDEM30,19.99240932
RGI2000-v7.0-G-12-00608,12,12-01,G042452E43142N,2000-08-12T00:00:00,42.455474371908124,43.1389745,0.922877515925862,0,3351.1343,8.0,COPDEM30,23.44931199
RGI2000-v7.0-G-12-00609,12,12-01,G042496E43167N,2000-08-12T00:00:00,42.47706592326577,43.1477565,3.122163261751343,0,3231.0508,2.0,COPDEM30,34.73750188
RGI2000-v7.0-G-12-00610,12,12-01,G042456E43165N,2000-08-12T00:00:00,42.45477657582626,43.164409500000005,1.292596429399471,0,3016.6597,1.0,COPDEM30,25.91693752
RGI2000-v7.0-G-12-00611,12,12-01,G042479E43178N,2000-08-12T00:00:00,42.482551225779645,43.186040500000004,3.861539147700782,0,3466.9539,7.0,COPDEM30,37.51111908
RGI2000-v7.0-G-12-00612,12,12-01,G042477E43195N,2000-08-12T00:00:00,42.47866920763723,43.197814,1.610847487233843,0,3331.839,7.0,COPDEM30,27.76868334
RGI2000-v7.0-G-12-00613,12,12-01,G042473E43204N,2000-08-12T00:00:00,42.476763209002286,43.2040945,0.102443370492835,0,3517.1294,8.0,COPDEM30,14.48094863
RGI2000-v7.0-G-12-00614,12,12-01,G042474E43205N,2000-08-12T00:00:00,42.469629205441734,43.2063795,0.293363946462871,0,3299.0208,8.0,COPDEM30,17.58283150
RGI2000-v7.0-G-12-00615,12,12-01,G042480E43210N,2000-08-12T00:00:00,42.47768359186747,43.2099725,0.333632214895552,0,3039.824,1.0,COPDEM30,18.08652670
RGI2000-v7.0-G-12-00616,12,12-01,G042479E43209N,2000-08-12T00:00:00,42.485450060421286,43.2108385,0.078938491808828,0,2988.5676,1.0,COPDEM30,13.93343926
RGI2000-v7.0-G-12-00617,12,12-01,G042509E43213N,2000-08-12T00:00:00,42.503361528159346,43.215522500000006,3.353194312384809,0,2789.2139,1.0,COPDEM30,35.63642107
RGI2000-v7.0-G-12-00618,12,12-01,G042537E43215N,2000-08-12T00:00:00,42.532080286066076,43.218055,2.279449363675343,0,3385.661,1.0,COPDEM30,31.13698359
RGI2000-v7.0-G-12-00619,12,12-01,G042554E43215N,2000-08-12T00:00:00,42.55040555897436,43.215555,0.686422257385974,0,3323.751,2.0,COPDEM30,21.59908455
RGI2000-v7.0-G-12-00620,12,12-01,G042565E43214N,2000-08-12T00:00:00,42.560836324074074,43.214458,0.288644284783548,0,3314.7593,1.0,COPDEM30,17.52158759
RGI2000-v7.0-G-12-00621,12,12-01,G042566E43211N,2000-08-12T00:00:00,42.56610571678321,43.210930000000005,0.057143118681282,0,3349.4165,3.0,COPDEM30,13.34664776
RGI2000-v7.0-G-12-00622,12,12-01,G042534E43202N,2000-08-12T00:00:00,42.541911672737974,43.1994525,2.686624708914769,0,3034.5603,3.0,COPDEM30,32.94729707
RGI2000-v7.0-G-12-00623,12,12-01,G042533E43201N,2000-08-12T00:00:00,42.52700091478671,43.191789,2.358096438147722,0,3580.5405,2.0,COPDEM30,31.49853255
RGI2000-v7.0-G-12-00624,12,12-01,G042521E43170N,2000-08-12T00:00:00,42.52752558084947,43.1832855,0.568695677825223,0,3726.467,5.0,COPDEM30,20.55766796
RGI2000-v7.0-G-12-00625,12,12-01,G042522E43170N,2000-08-12T00:00:00,42.53204257877931,43.1839095,0.079743401416066,0,3940.787,5.0,COPDEM30,13.95344238
RGI2000-v7.0-G-12-00626,12,12-01,G042542E43175N,2000-08-12T00:00:00,42.538497563620595,43.175321,0.232925152710335,0,3438.6006,5.0,COPDEM30,16.75672479
RGI2000-v7.0-G-12-00627,12,12-01,G042561E43179N,2000-08-12T00:00:00,42.556886655630606,43.180139999999994,1.943471236736569,0,3177.252,2.0,COPDEM30,29.51718121
RGI2000-v7.0-G-12-00628,12,12-01,G042561E43178N,2000-08-12T00:00:00,42.572193655929205,43.175934999999996,0.053940060858447,0,3287.9204,1.0,COPDEM30,13.25149995
RGI2000-v7.0-G-12-00629,12,12-01,G042584E43170N,2000-08-12T00:00:00,42.57910940364583,43.1696795,0.52122752399337,0,3386.5488,7.0,COPDEM30,20.10745243
RGI2000-v7.0-G-12-00630,12,12-01,G042560E43178N,2000-08-12T00:00:00,42.58366293222892,43.1778585,1.085533348251312,0,3156.4104,1.0,COPDEM30,24.58645043
RGI2000-v7.0-G-12-00631,12,12-01,G042601E43181N,2000-08-12T00:00:00,42.59549248949627,43.1824275,0.904545274231291,0,3247.554,1.0,COPDEM30,23.31506191
RGI2000-v7.0-G-12-00632,12,12-01,G042612E43183N,2000-08-12T00:00:00,42.60760250384615,43.182485,0.435405793644727,0,3383.0588,2.0,COPDEM30,19.23794001
RGI2000-v7.0-G-12-00633,12,12-01,G042622E43192N,2000-08-12T00:00:00,42.616677821378666,43.191569,0.050263301916318,0,3404.0835,1.0,COPDEM30,13.13872700
RGI2000-v7.0-G-12-00634,12,12-01,G042623E43193N,2000-08-12T00:00:00,42.61923609249084,43.1936095,0.053742338378296,0,3256.8987,1.0,COPDEM30,13.24553514
RGI2000-v7.0-G-12-00635,12,12-01,G042659E43175N,2000-08-12T00:00:00,42.658104097457624,43.175348,0.154152437992867,0,3382.0156,1.0,COPDEM30,15.49671519
RGI2000-v7.0-G-12-00636,12,12-01,G042663E43179N,2000-08-12T00:00:00,42.66221262458728,43.180437999999995,0.048446753086012,0,3403.2153,1.0,COPDEM30,13.08148724
RGI2000-v7.0-G-12-00637,12,12-01,G042676E43186N,2000-08-12T00:00:00,42.67730688381237,43.184379,2.637200152398512,0,3493.5227,1.0,COPDEM30,32.73524202
RGI2000-v7.0-G-12-00638,12,12-01,G042693E43189N,2000-08-12T00:00:00,42.68682484070553,43.192975000000004,3.248377823788256,0,3270.0317,1.0,COPDEM30,35.23255939
RGI2000-v7.0-G-12-00639,12,12-01,G042706E43194N,2000-08-12T00:00:00,42.698516476088905,43.193075,0.182344319137302,0,3396.107,8.0,COPDEM30,15.97825113
RGI2000-v7.0-G-12-00640,12,12-01,G042707E43195N,2000-08-12T00:00:00,42.7017596633036,43.196569,0.482574759106531,0,3309.1082,1.0,COPDEM30,19.72546414
RGI2000-v7.0-G-12-00641,12,12-01,G042705E43193N,2000-08-12T00:00:00,42.7074652394822,43.195334,0.019886404672586,0,3645.406,8.0,COPDEM30,11.97426830
RGI2000-v7.0-G-12-00642,12,12-01,G042710E43199N,2000-08-12T00:00:00,42.709824104863614,43.198750000000004,0.045059133997152,0,3428.3276,1.0,COPDEM30,12.97179916
RGI2000-v7.0-G-12-00643,12,12-01,G042734E43194N,2000-08-12T00:00:00,42.72500321440503,43.1945885,4.291274207357111,0,3074.5889,1.0,COPDEM30,39.00154728
RGI2000-v7.0-G-12-00644,12,12-01,G042748E43193N,2000-08-12T00:00:00,42.741715313084114,43.188525,0.029778992614681,0,3511.8013,7.0,COPDEM30,12.41592271
RGI2000-v7.0-G-12-00645,12,12-01,G042749E43194N,2000-08-12T00:00:00,42.74614384148936,43.193462,0.713358101956595,0,3188.59,1.0,COPDEM30,21.82447411
RGI2000-v7.0-G-12-00646,12,12-01,G042765E43191N,2000-08-12T00:00:00,42.75008480898877,43.187454,0.060193486332084,0,3718.6658,2.0,COPDEM30,13.43481052
RGI2000-v7.0-G-12-00647,12,12-01,G042766E43192N,2000-08-12T00:00:00,42.75739991865247,43.19619,2.989123560212589,0,3230.9844,8.0,COPDEM30,34.20471478
RGI2000-v7.0-G-12-00648,12,12-01,G042778E43206N,2000-08-12T00:00:00,42.770193744486534,43.2060025,0.168344000271411,0,3473.9902,7.0,COPDEM30,15.74416435
RGI2000-v7.0-G-12-00649,12,12-01,G042777E43205N,2000-08-12T00:00:00,42.77825762500001,43.206377,0.072227898536594,0,3469.201,2.0,COPDEM30,13.76253480
RGI2000-v7.0-G-12-00650,12,12-01,G042787E43203N,2000-08-12T00:00:00,42.777899640449434,43.203721,0.067044330436235,0,3589.3535,2.0,COPDEM30,13.62500880
RGI2000-v7.0-G-12-00651,12,12-01,G042788E43204N,2000-08-12T00:00:00,42.783317993103445,43.205840499999994,0.454142601501191,0,3244.7817,2.0,COPDEM30,19.43461445
RGI2000-v7.0-G-12-00652,12,12-01,G042782E43211N,2000-08-12T00:00:00,42.77575659623153,43.2109775,0.358830059270135,0,3304.7693,2.0,COPDEM30,18.38633958
RGI2000-v7.0-G-12-00653,12,12-01,G042769E43214N,2000-08-12T00:00:00,42.763437211723925,43.213115,0.185949571926573,0,3391.8306,8.0,COPDEM30,16.03706188
RGI2000-v7.0-G-12-00654,12,12-01,G042759E43219N,2000-08-12T00:00:00,42.755226367531314,43.2197805,0.139991146484524,0,3448.7798,7.0,COPDEM30,15.23815470
RGI2000-v7.0-G-12-00655,12,12-01,G042777E43221N,2000-08-12T00:00:00,42.75794925797413,43.224109999999996,0.019837964794191,0,3672.1357,2.0,COPDEM30,11.97186234
RGI2000-v7.0-G-12-00656,12,12-01,G042776E43221N,2000-08-12T00:00:00,42.76260100335255,43.223130499999996,0.060911946512255,0,3599.813,1.0,COPDEM30,13.45524840
RGI2000-v7.0-G-12-00657,12,12-01,G042761E43232N,2000-08-12T00:00:00,42.75443267703349,43.231911,1.262433665246973,0,3419.981,2.0,COPDEM30,25.73013027
RGI2000-v7.0-G-12-00658,12,12-01,G042748E43229N,2000-08-12T00:00:00,42.74330804360466,43.228744,0.107463397928933,0,3724.7832,7.0,COPDEM30,14.58942545
RGI2000-v7.0-G-12-00659,12,12-01,G042746E43239N,2000-08-12T00:00:00,42.745700414556964,43.239425,0.028187897493017,0,3722.2485,3.0,COPDEM30,12.35049525
RGI2000-v7.0-G-12-00660,12,12-01,G042752E43244N,2000-08-12T00:00:00,42.7478370780321,43.244901999999996,1.426598715565034,0,3603.8567,1.0,COPDEM30,26.72164311
RGI2000-v7.0-G-12-00661,12,12-01,G042742E43248N,2000-08-12T00:00:00,42.74156639724365,43.248110499999996,0.109971000884464,0,3398.2183,1.0,COPDEM30,14.64266262
RGI2000-v7.0-G-12-00662,12,12-01,G042732E43247N,2000-08-12T00:00:00,42.73049596509672,43.24629,0.063785288248041,0,3781.7249,1.0,COPDEM30,13.53580493
RGI2000-v7.0-G-12-00663,12,12-01,G042726E43245N,2000-08-12T00:00:00,42.721265605400035,43.247146,0.90690901462611,0,3580.1584,1.0,COPDEM30,23.33244789
RGI2000-v7.0-G-12-00664,12,12-01,G042714E43249N,2000-08-12T00:00:00,42.71213763356698,43.248843,0.083129418512778,0,3731.4053,8.0,COPDEM30,14.03650418
RGI2000-v7.0-G-12-00665,12,12-01,G042756E43245N,2000-08-12T00:00:00,42.756338314159294,43.245472500000005,0.024318995920576,0,3555.651,2.0,COPDEM30,12.18323686
RGI2000-v7.0-G-12-00666,12,12-01,G042777E43222N,2000-08-12T00:00:00,42.77715572655576,43.225657,0.951918322998628,0,3188.6375,1.0,COPDEM30,23.65928224
RGI2000-v7.0-G-12-00667,12,12-01,G042792E43194N,2000-08-12T00:00:00,42.786338470664376,43.193898000000004,1.902728361811238,0,3265.9792,2.0,COPDEM30,29.31151881
RGI2000-v7.0-G-12-00668,12,12-01,G042767E43150N,2000-08-12T00:00:00,42.79725603443575,43.1745195,0.052266552645108,0,3912.8486,2.0,COPDEM30,13.20066311
RGI2000-v7.0-G-12-00669,12,12-01,G042798E43170N,2000-08-12T00:00:00,42.80012284699632,43.167973,0.221011448705571,0,3569.35,5.0,COPDEM30,16.58165967
RGI2000-v7.0-G-12-00670,12,12-01,G042805E43167N,2000-08-12T00:00:00,42.80462367610838,43.1672,0.040271597437083,0,3725.1643,7.0,COPDEM30,12.80948983
RGI2000-v7.0-G-12-00671,12,12-01,G042822E43169N,2000-08-12T00:00:00,42.82143548560511,43.1690545,0.049175300875119,0,3752.1577,4.0,COPDEM30,13.10457066
RGI2000-v7.0-G-12-00672,12,12-01,G042835E43176N,2000-08-12T00:00:00,42.83491542703349,43.176466,0.122557529791733,0,3883.7368,1.0,COPDEM30,14.90115046
RGI2000-v7.0-G-12-00673,12,12-01,G042859E43189N,2000-08-12T00:00:00,42.846413762676505,43.185344,3.36942054634717,0,3459.8428,8.0,COPDEM30,35.69837402
RGI2000-v7.0-G-12-00674,12,12-01,G042861E43199N,2000-08-12T00:00:00,42.85656475555555,43.1991905,0.08343352938628,0,3510.084,7.0,COPDEM30,14.04388078
RGI2000-v7.0-G-12-00675,12,12-01,G042869E43200N,2000-08-12T00:00:00,42.86233732012195,43.200879,0.118726068436551,0,3968.5664,7.0,COPDEM30,14.82393091
RGI2000-v7.0-G-12-00676,12,12-01,G042862E43205N,2000-08-12T00:00:00,42.85693656372549,43.205569,0.439677017228605,0,3790.4546,7.0,COPDEM30,19.28314038
RGI2000-v7.0-G-12-00677,12,12-01,G042867E43215N,2000-08-12T00:00:00,42.86708445786442,43.2151505,2.671706132650395,0,3530.1895,1.0,COPDEM30,32.88349628
RGI2000-v7.0-G-12-00678,12,12-01,G042869E43218N,2000-08-12T00:00:00,42.883952696567505,43.215759,0.180732967159503,0,4003.1511,7.0,COPDEM30,15.95177802
RGI2000-v7.0-G-12-00679,12,12-01,G042890E43202N,2000-08-12T00:00:00,42.880821229338835,43.202901999999995,2.085639510407622,0,3610.2163,3.0,COPDEM30,30.21844069
RGI2000-v7.0-G-12-00680,12,12-01,G042885E43198N,2000-08-12T00:00:00,42.88474408353984,43.198012000000006,0.032649307457567,0,3535.7253,3.0,COPDEM30,12.52967671
RGI2000-v7.0-G-12-00681,12,12-01,G042881E43194N,2000-08-12T00:00:00,42.881626224006055,43.1932325,0.052621760538135,0,3519.307,4.0,COPDEM30,13.21152068
RGI2000-v7.0-G-12-00682,12,12-01,G042880E43190N,2000-08-12T00:00:00,42.8790016525085,43.1899175,0.157601394863803,0,3429.4143,3.0,COPDEM30,15.55786590
RGI2000-v7.0-G-12-00683,12,12-01,G042887E43175N,2000-08-12T00:00:00,42.86723909449336,43.1790005,2.652039011844257,0,3310.5518,2.0,COPDEM30,32.79911503
RGI2000-v7.0-G-12-00684,12,12-01,G042901E43169N,2000-08-12T00:00:00,42.899894628592165,43.167474999999996,7.725410196340003,0,3385.0823,1.0,COPDEM30,48.91247099
RGI2000-v7.0-G-12-00685,12,12-01,G042916E43171N,2000-08-12T00:00:00,42.9101318570435,43.172304,0.410086394830322,0,3178.5898,1.0,COPDEM30,18.96531837
RGI2000-v7.0-G-12-00686,12,12-01,G042935E43167N,2000-08-12T00:00:00,42.9354206892999,43.1669025,0.025424078861751,0,3395.4692,1.0,COPDEM30,12.23229018
RGI2000-v7.0-G-12-00687,12,12-01,G042936E43168N,2000-08-12T00:00:00,42.94970848733334,43.1676755,1.909696577259318,0,3275.5022,1.0,COPDEM30,29.34684804
RGI2000-v7.0-G-12-00688,12,12-01,G042955E43162N,2000-08-12T00:00:00,42.95432224000578,43.1620315,0.122112906266179,0,3842.4575,6.0,COPDEM30,14.89225200
RGI2000-v7.0-G-12-00689,12,12-01,G042974E43160N,2000-08-12T00:00:00,42.96728742418033,43.160331,0.34628248308225,0,3510.5103,2.0,COPDEM30,18.23840802
RGI2000-v7.0-G-12-00690,12,12-01,G042972E43169N,2000-08-12T00:00:00,42.96852311354647,43.171167,2.061998608135394,0,3405.2688,1.0,COPDEM30,30.10352524
RGI2000-v7.0-G-12-00691,12,12-01,G042959E43179N,2000-08-12T00:00:00,42.95909283953488,43.178920500000004,0.017748808688673,0,3502.5505,1.0,COPDEM30,11.86514517
RGI2000-v7.0-G-12-00692,12,12-01,G042951E43176N,2000-08-12T00:00:00,42.950136853562014,43.176385499999995,0.112275819794276,0,3306.062,1.0,COPDEM30,14.69106179
RGI2000-v7.0-G-12-00693,12,12-01,G042953E43152N,2000-08-12T00:00:00,42.945450059087975,43.1522245,2.598187085588807,0,3717.9827,3.0,COPDEM30,32.56645007
RGI2000-v7.0-G-12-00694,12,12-01,G042929E43147N,2000-08-12T00:00:00,42.92883819694901,43.146902499999996,0.059501025380942,0,3936.2388,7.0,COPDEM30,13.41499648
RGI2000-v7.0-G-12-00695,12,12-01,G042839E43119N,2000-08-12T00:00:00,42.91696508399123,43.1446185,1.500066770859668,0,3366.1982,7.0,COPDEM30,27.14680982
RGI2000-v7.0-G-12-00696,12,12-01,G042920E43135N,2000-08-12T00:00:00,42.92008859055275,43.134480999999994,0.041307128181266,0,3455.2363,6.0,COPDEM30,12.84538172
RGI2000-v7.0-G-12-00697,12,12-01,G042967E43132N,2000-08-12T00:00:00,42.93824170052878,43.13106,6.774740267256169,0,3286.2222,1.0,COPDEM30,46.43966372
RGI2000-v7.0-G-12-00698,12,12-01,G042949E43104N,2000-08-12T00:00:00,42.94833809348769,43.1224665,0.25338667686729,0,3601.2651,6.0,COPDEM30,17.04725398
RGI2000-v7.0-G-12-00699,12,12-01,G042927E43117N,2000-08-12T00:00:00,42.92854609105263,43.1180015,0.072637989949472,0,3404.6738,5.0,COPDEM30,13.77320103
RGI2000-v7.0-G-12-00700,12,12-01,G042928E43118N,2000-08-12T00:00:00,42.9205186937751,43.1191995,0.245588493484492,0,3506.9653,4.0,COPDEM30,16.93796402
RGI2000-v7.0-G-12-00701,12,12-01,G042914E43117N,2000-08-12T00:00:00,42.914057212014335,43.116223500000004,0.065349360603544,0,3424.8281,4.0,COPDEM30,13.57889294
RGI2000-v7.0-G-12-00702,12,12-01,G042895E43113N,2000-08-12T00:00:00,42.89132771620365,43.114921499999994,0.343777325712753,0,3186.5542,8.0,COPDEM30,18.20855382
RGI2000-v7.0-G-12-00703,12,12-01,G042894E43112N,2000-08-12T00:00:00,42.88549221696887,43.112885,0.087787211667238,0,3135.5945,1.0,COPDEM30,14.14804695
RGI2000-v7.0-G-12-00704,12,12-01,G042838E43119N,2000-08-12T00:00:00,42.893481205888605,43.1250525,2.980380989454215,0,3018.7002,8.0,COPDEM30,34.16929196
RGI2000-v7.0-G-12-00705,12,12-01,G042891E43140N,2000-08-12T00:00:00,42.886460042892224,43.138196,0.137235568063411,0,3430.3198,3.0,COPDEM30,15.18634470
RGI2000-v7.0-G-12-00706,12,12-01,G042892E43141N,2000-08-12T00:00:00,42.88824167441148,43.1421985,0.316389153094824,0,3530.5332,4.0,COPDEM30,17.87478724
RGI2000-v7.0-G-12-00707,12,12-01,G042837E43120N,2000-08-12T00:00:00,42.89237890350877,43.1494985,1.203662875124129,0,3400.4827,4.0,COPDEM30,25.35961990
RGI2000-v7.0-G-12-00708,12,12-01,G042839E43120N,2000-08-12T00:00:00,42.872263604927014,43.1393155,2.457130624654032,0,3330.0251,5.0,COPDEM30,31.94533213
RGI2000-v7.0-G-12-00709,12,12-01,G042866E43134N,2000-08-12T00:00:00,42.86571411436226,43.133773,0.070858664579238,0,3440.3962,3.0,COPDEM30,13.72670072
RGI2000-v7.0-G-12-00710,12,12-01,G042837E43121N,2000-08-12T00:00:00,42.85378005808628,43.1164105,0.046683438611083,0,3023.9731,1.0,COPDEM30,13.02488908
RGI2000-v7.0-G-12-00711,12,12-01,G042849E43116N,2000-08-12T00:00:00,42.84908366666666,43.1158595,0.121310919126795,0,3141.7043,1.0,COPDEM30,14.87616039
RGI2000-v7.0-G-12-00712,12,12-01,G042839E43108N,2000-08-12T00:00:00,42.83831991233767,43.107293999999996,0.114290328765547,0,3203.901,4.0,COPDEM30,14.73295937
RGI2000-v7.0-G-12-00713,12,12-01,G042837E43119N,2000-08-12T00:00:00,42.835532936197914,43.0993665,4.86501952461258,0,3149.5828,2.0,COPDEM30,40.87950496
RGI2000-v7.0-G-12-00714,12,12-01,G042841E43085N,2000-08-12T00:00:00,42.840866634920445,43.084604999999996,0.073453545553613,0,3224.0518,5.0,COPDEM30,13.79432404
RGI2000-v7.0-G-12-00715,12,12-01,G042824E43089N,2000-08-12T00:00:00,42.81927066611841,43.088727500000005,0.424127581211559,0,3258.5742,6.0,COPDEM30,19.11751095
RGI2000-v7.0-G-12-00716,12,12-01,G042816E43093N,2000-08-12T00:00:00,42.80962603494699,43.093436499999996,0.107217065696725,0,3281.6248,5.0,COPDEM30,14.58416240
RGI2000-v7.0-G-12-00717,12,12-01,G042813E43099N,2000-08-12T00:00:00,42.81274470762712,43.099014,0.072293443903148,0,3638.6729,2.0,COPDEM30,13.76424162
RGI2000-v7.0-G-12-00718,12,12-01,G042808E43097N,2000-08-12T00:00:00,42.80177558801625,43.097061,0.193029801580339,0,3295.6016,6.0,COPDEM30,16.15092197
RGI2000-v7.0-G-12-00719,12,12-01,G042797E43103N,2000-08-12T00:00:00,42.79326750961655,43.1028765,0.436282728917002,0,2909.504,8.0,COPDEM30,19.24723823
RGI2000-v7.0-G-12-00720,12,12-01,G042773E43103N,2000-08-12T00:00:00,42.77292795140845,43.102822,0.047881842137203,0,3018.8179,1.0,COPDEM30,13.06346880
RGI2000-v7.0-G-12-00721,12,12-01,G042813E43111N,2000-08-12T00:00:00,42.80907455357142,43.1166465,2.573494856781593,0,3472.905,7.0,COPDEM30,32.45896240
RGI2000-v7.0-G-12-00722,12,12-01,G042812E43110N,2000-08-12T00:00:00,42.80316894795281,43.129112,0.133783098834511,0,3518.4197,6.0,COPDEM30,15.12069208
RGI2000-v7.0-G-12-00723,12,12-01,G042766E43150N,2000-08-12T00:00:00,42.80240042105264,43.133576000000005,0.082500147644822,0,3494.009,1.0,COPDEM30,14.02119745
RGI2000-v7.0-G-12-00724,12,12-01,G042792E43132N,2000-08-12T00:00:00,42.7926497424521,43.131862999999996,0.171476168193282,0,3255.3992,8.0,COPDEM30,15.79735534
RGI2000-v7.0-G-12-00725,12,12-01,G042838E43120N,2000-08-12T00:00:00,42.8252493868257,43.1265965,6.472815875323987,0,3340.046,3.0,COPDEM30,45.61842096
RGI2000-v7.0-G-12-00726,12,12-01,G042833E43137N,2000-08-12T00:00:00,42.83241384310345,43.136579499999996,0.052522259627369,0,3857.147,1.0,COPDEM30,13.20848296
RGI2000-v7.0-G-12-00727,12,12-01,G042811E43183N,2000-08-12T00:00:00,42.81250208402371,43.1814595,5.650399669106062,0,3282.4858,1.0,COPDEM30,43.27879708
RGI2000-v7.0-G-12-00728,12,12-01,G042837E43209N,2000-08-12T00:00:00,42.83125424493549,43.2108565,0.131028130044924,0,3640.2131,1.0,COPDEM30,15.06769311
RGI2000-v7.0-G-12-00729,12,12-01,G042846E43214N,2000-08-12T00:00:00,42.8400537522813,43.2156345,0.585791836614918,0,3528.8728,1.0,COPDEM30,20.71518548
RGI2000-v7.0-G-12-00730,12,12-01,G042848E43217N,2000-08-12T00:00:00,42.84816756278242,43.217828,0.379849787839169,0,3546.9307,1.0,COPDEM30,18.62847370
RGI2000-v7.0-G-12-00731,12,12-01,G042876E43233N,2000-08-12T00:00:00,42.8733727319149,43.227123,0.87730884422052,0,3759.4214,7.0,COPDEM30,23.11306728
RGI2000-v7.0-G-12-00732,12,12-01,G042877E43234N,2000-08-12T00:00:00,42.8723381564541,43.2351465,1.34144559792151,0,3744.3267,7.0,COPDEM30,26.21491095
RGI2000-v7.0-G-12-00733,12,12-01,G042877E43240N,2000-08-12T00:00:00,42.87754776458536,43.2413715,0.73263956134716,0,3828.0188,7.0,COPDEM30,21.98321134
RGI2000-v7.0-G-12-00734,12,12-01,G042921E43238N,2000-08-12T00:00:00,42.89900800757644,43.244535,0.261471632312128,0,3835.2324,3.0,COPDEM30,17.15880157
RGI2000-v7.0-G-12-00735,12,12-01,G042879E43260N,2000-08-12T00:00:00,42.886917031578946,43.25613,4.536448371458438,0,3408.3984,1.0,COPDEM30,39.81851574
RGI2000-v7.0-G-12-00736,12,12-01,G042899E43270N,2000-08-12T00:00:00,42.89899762996359,43.269817,0.032962469890046,0,3589.4275,1.0,COPDEM30,12.54177971
RGI2000-v7.0-G-12-00737,12,12-01,G042920E43265N,2000-08-12T00:00:00,42.916844501123755,43.2637745,1.016865779274643,0,3707.1182,8.0,COPDEM30,24.11756681
RGI2000-v7.0-G-12-00738,12,12-01,G042928E43272N,2000-08-12T00:00:00,42.92110919077135,43.271227499999995,1.041147328423555,0,3672.7258,8.0,COPDEM30,24.28512780
RGI2000-v7.0-G-12-00739,12,12-01,G042932E43268N,2000-08-12T00:00:00,42.93346642604962,43.2685735,0.344399463272732,0,3783.7112,4.0,COPDEM30,18.21597802
RGI2000-v7.0-G-12-00740,12,12-01,G042933E43269N,2000-08-12T00:00:00,42.93089065851878,43.2618775,0.433407336039895,0,3788.8667,3.0,COPDEM30,19.21671513
RGI2000-v7.0-G-12-00741,12,12-01,G042928E43255N,2000-08-12T00:00:00,42.92204368357328,43.255369,0.261833310363498,0,3807.3608,4.0,COPDEM30,17.16375103
RGI2000-v7.0-G-12-00742,12,12-01,G042922E43239N,2000-08-12T00:00:00,42.929573072222226,43.2337665,4.06835556068546,0,3436.973,2.0,COPDEM30,38.23823100
RGI2000-v7.0-G-12-00743,12,12-01,G042930E43222N,2000-08-12T00:00:00,42.93120961380405,43.2243505,0.183345969639536,0,3479.5762,2.0,COPDEM30,15.99464845
RGI2000-v7.0-G-12-00744,12,12-01,G042934E43220N,2000-08-12T00:00:00,42.93419629352226,43.220533,0.085622585918541,0,3586.7158,3.0,COPDEM30,14.09658722
RGI2000-v7.0-G-12-00745,12,12-01,G042932E43227N,2000-08-12T00:00:00,42.93753089931351,43.224672,0.045916491579632,0,3243.4763,1.0,COPDEM30,12.99993872
RGI2000-v7.0-G-12-00746,12,12-01,G042945E43220N,2000-08-12T00:00:00,42.94489286129033,43.219598000000005,0.013043196687442,0,3410.1494,2.0,COPDEM30,11.59889542
RGI2000-v7.0-G-12-00747,12,12-01,G042922E43238N,2000-08-12T00:00:00,42.92217194739196,43.224556,0.092323869168165,0,3747.6997,2.0,COPDEM30,14.25387804
RGI2000-v7.0-G-12-00748,12,12-01,G042908E43220N,2000-08-12T00:00:00,42.902042917288206,43.222246,3.370797379905948,0,3772.8289,3.0,COPDEM30,35.70362399
RGI2000-v7.0-G-12-00749,12,12-01,G042907E43219N,2000-08-12T00:00:00,42.901444068229765,43.2092835,0.46801892201667,0,3401.4026,3.0,COPDEM30,19.57766719
RGI2000-v7.0-G-12-00750,12,12-01,G042904E43200N,2000-08-12T00:00:00,42.90387541060606,43.199651,0.06472473547501,0,3271.973,2.0,COPDEM30,13.56174791
RGI2000-v7.0-G-12-00751,12,12-01,G042862E43247N,2000-08-12T00:00:00,42.85732594237352,43.248912000000004,1.164146991235147,0,3836.8218,7.0,COPDEM30,25.10539011
RGI2000-v7.0-G-12-00752,12,12-01,G042844E43258N,2000-08-12T00:00:00,42.84698215578285,43.255609,1.885689806560899,0,3684.3105,8.0,COPDEM30,29.22485896
RGI2000-v7.0-G-12-00753,12,12-01,G042843E43257N,2000-08-12T00:00:00,42.846373922619044,43.2636315,0.215611353928129,0,3952.8237,7.0,COPDEM30,16.50075575
RGI2000-v7.0-G-12-00754,12,12-01,G042855E43273N,2000-08-12T00:00:00,42.84880072971659,43.2736695,1.302367654441436,0,3602.4783,2.0,COPDEM30,25.97698533
RGI2000-v7.0-G-12-00755,12,12-01,G042844E43279N,2000-08-12T00:00:00,42.839073153439145,43.280407,1.262509777814639,0,3581.991,1.0,COPDEM30,25.73060445
RGI2000-v7.0-G-12-00756,12,12-01,G042840E43283N,2000-08-12T00:00:00,42.83478178149606,43.284248000000005,0.134620403078588,0,3448.8901,1.0,COPDEM30,15.13669145
RGI2000-v7.0-G-12-00757,12,12-01,G042826E43283N,2000-08-12T00:00:00,42.82635391108978,43.28566,0.215818192021738,0,3626.4414,1.0,COPDEM30,16.50387313
RGI2000-v7.0-G-12-00758,12,12-01,G042821E43284N,2000-08-12T00:00:00,42.820652112903225,43.283977500000006,0.02500047495034,0,3637.08,1.0,COPDEM30,12.21361539
RGI2000-v7.0-G-12-00759,12,12-01,G042826E43275N,2000-08-12T00:00:00,42.821334374341006,43.274901,0.464730769420277,0,3631.1895,1.0,COPDEM30,19.54396306
RGI2000-v7.0-G-12-00760,12,12-01,G042814E43274N,2000-08-12T00:00:00,42.813867199912096,43.274364000000006,0.041319204024301,0,3734.3274,1.0,COPDEM30,12.84579760
RGI2000-v7.0-G-12-00761,12,12-01,G042835E43268N,2000-08-12T00:00:00,42.83289562016576,43.269147000000004,0.344181329723439,0,3832.8462,8.0,COPDEM30,18.21337571
RGI2000-v7.0-G-12-00762,12,12-01,G042869E43265N,2000-08-12T00:00:00,42.86260226424051,43.264712,1.713209069349042,0,3531.979,2.0,COPDEM30,28.32454577
RGI2000-v7.0-G-12-00763,12,12-01,G042910E43286N,2000-08-12T00:00:00,42.90984670850516,43.285704499999994,0.01894809711636,0,3726.7612,8.0,COPDEM30,11.92712922
RGI2000-v7.0-G-12-00764,12,12-01,G042922E43288N,2000-08-12T00:00:00,42.92242794513521,43.288025000000005,0.050215243335148,0,3863.9924,7.0,COPDEM30,13.13722611
RGI2000-v7.0-G-12-00765,12,12-01,G042919E43294N,2000-08-12T00:00:00,42.91330729700235,43.295135,0.32724400343978,0,3816.243,1.0,COPDEM30,18.00873427
RGI2000-v7.0-G-12-00766,12,12-01,G042906E43313N,2000-08-12T00:00:00,42.90584339133935,43.312463,0.032807013182368,0,3695.8613,1.0,COPDEM30,12.53577889
RGI2000-v7.0-G-12-00767,12,12-01,G042946E43295N,2000-08-12T00:00:00,42.94290314166667,43.2955565,2.592288376655802,0,3674.812,1.0,COPDEM30,32.54081901
RGI2000-v7.0-G-12-00768,12,12-01,G042960E43301N,2000-08-12T00:00:00,42.95347116940553,43.3027055,0.722153661424225,0,3670.7263,1.0,COPDEM30,21.89714746
RGI2000-v7.0-G-12-00769,12,12-01,G042970E43301N,2000-08-12T00:00:00,42.96423728973447,43.301764,1.020922622566056,0,3671.9673,1.0,COPDEM30,24.14570020
RGI2000-v7.0-G-12-00770,12,12-01,G042986E43298N,2000-08-12T00:00:00,42.97918643975903,43.2999065,0.638574741102196,0,3540.8325,2.0,COPDEM30,21.18752203
RGI2000-v7.0-G-12-00771,12,12-01,G042956E43281N,2000-08-12T00:00:00,42.95197962248791,43.279578,1.044135148972416,0,3663.7314,2.0,COPDEM30,24.30561041
RGI2000-v7.0-G-12-00772,12,12-01,G042958E43273N,2000-08-12T00:00:00,42.95812881312371,43.2734265,0.098720307091922,0,3826.9644,2.0,COPDEM30,14.39877030
RGI2000-v7.0-G-12-00773,12,12-01,G042969E43272N,2000-08-12T00:00:00,42.96869366479401,43.271832,0.024802981684302,0,3545.4678,1.0,COPDEM30,12.20485474
RGI2000-v7.0-G-12-00774,12,12-01,G042975E43269N,2000-08-12T00:00:00,42.968731484567904,43.2693525,0.255478044569438,0,3648.8972,2.0,COPDEM30,17.07627704
RGI2000-v7.0-G-12-00775,12,12-01,G042941E43273N,2000-08-12T00:00:00,42.94210581924173,43.274784,0.696507392940704,0,3904.5083,4.0,COPDEM30,21.68398258
RGI2000-v7.0-G-12-00776,12,12-01,G042937E43280N,2000-08-12T00:00:00,42.931223775150904,43.2799165,0.801363754109365,0,3791.1423,8.0,COPDEM30,22.53264919
RGI2000-v7.0-G-12-00777,12,12-01,G042988E43166N,2000-08-12T00:00:00,42.98183592073171,43.1673205,0.306464758388844,0,3349.1094,2.0,COPDEM30,17.75029629
RGI2000-v7.0-G-12-00778,12,12-01,G042999E43141N,2000-08-12T00:00:00,42.99879785526316,43.14113450000001,0.041120128054741,0,3038.1821,1.0,COPDEM30,12.83893380
RGI2000-v7.0-G-12-00779,12,12-01,G042996E43138N,2000-08-12T00:00:00,42.9956110320911,43.138365,0.030171640307414,0,3340.5906,8.0,COPDEM30,12.43179800
RGI2000-v7.0-G-12-00780,12,12-01,G042966E43131N,2000-08-12T00:00:00,42.988809056427236,43.1377095,0.506081673181595,0,3129.0857,8.0,COPDEM30,19.95951846
RGI2000-v7.0-G-12-00781,12,12-01,G042990E43130N,2000-08-12T00:00:00,42.99183267307693,43.129732000000004,0.403792394825383,0,3861.8213,8.0,COPDEM30,18.89625255
RGI2000-v7.0-G-12-00782,12,12-01,G042988E43126N,2000-08-12T00:00:00,42.9874769247328,43.1258815,0.092295062419802,0,3942.484,8.0,COPDEM30,14.25321434
RGI2000-v7.0-G-12-00783,12,12-01,G042983E43126N,2000-08-12T00:00:00,42.98757179036666,43.1207765,0.017242688892558,0,4233.8267,8.0,COPDEM30,11.83835987
RGI2000-v7.0-G-12-00784,12,12-01,G042998E43119N,2000-08-12T00:00:00,42.99894137597117,43.1198755,0.327571976442614,0,4292.984,2.0,COPDEM30,18.01274656
RGI2000-v7.0-G-12-00785,12,12-01,G042998E43127N,2000-08-12T00:00:00,42.99808134015339,43.1267815,0.024607354609849,0,3950.2576,3.0,COPDEM30,12.19614241
RGI2000-v7.0-G-12-00786,12,12-01,G043050E43104N,2000-08-12T00:00:00,43.00933006016042,43.116633,0.745471150732218,0,3336.5852,2.0,COPDEM30,22.08769397
RGI2000-v7.0-G-12-00787,12,12-01,G043051E43105N,2000-08-12T00:00:00,43.0246286620701,43.113204499999995,11.035745381013806,0,3395.0186,1.0,COPDEM30,56.50812934
RGI2000-v7.0-G-12-00788,12,12-01,G043056E43117N,2000-08-12T00:00:00,43.05577981563643,43.1169275,0.01905388118157,0,3653.8276,1.0,COPDEM30,11.93250115
RGI2000-v7.0-G-12-00789,12,12-01,G043081E43122N,2000-08-12T00:00:00,43.08819081863301,43.118733500000005,3.55452274104939,0,3668.628,1.0,COPDEM30,36.39481876
RGI2000-v7.0-G-12-00790,12,12-01,G043105E43120N,2000-08-12T00:00:00,43.105044510890366,43.1198635,0.105231674468594,0,3732.71,3.0,COPDEM30,14.54152047
RGI2000-v7.0-G-12-00791,12,12-01,G043105E43123N,2000-08-12T00:00:00,43.10672441875355,43.1231325,0.152356434612045,0,3640.2527,3.0,COPDEM30,15.46460073
RGI2000-v7.0-G-12-00792,12,12-01,G043115E43128N,2000-08-12T00:00:00,43.1152255836621,43.128454,0.021345636077905,0,3819.3142,3.0,COPDEM30,12.04542041
RGI2000-v7.0-G-12-00793,12,12-01,G043106E43133N,2000-08-12T00:00:00,43.11174887448219,43.1310735,0.082324898482048,0,3726.6055,8.0,COPDEM30,14.01692421
RGI2000-v7.0-G-12-00794,12,12-01,G043117E43136N,2000-08-12T00:00:00,43.116592102112676,43.135514,0.014554896148143,0,3749.8528,8.0,COPDEM30,11.68901144
RGI2000-v7.0-G-12-00795,12,12-01,G043105E43133N,2000-08-12T00:00:00,43.125479762123355,43.1404945,0.237448957805481,0,3520.4414,1.0,COPDEM30,16.82202285
RGI2000-v7.0-G-12-00796,12,12-01,G043105E43134N,2000-08-12T00:00:00,43.10340153876627,43.132201,2.249404319501587,0,3641.4375,1.0,COPDEM30,30.99721997
RGI2000-v7.0-G-12-00797,12,12-01,G043104E43133N,2000-08-12T00:00:00,43.088707527122644,43.1349895,0.535880313484224,0,3669.2324,1.0,COPDEM30,20.24853850
RGI2000-v7.0-G-12-00798,12,12-01,G043076E43140N,2000-08-12T00:00:00,43.07588094873991,43.139589,0.093806202346276,0,3602.8965,1.0,COPDEM30,14.28789175
RGI2000-v7.0-G-12-00799,12,12-01,G043068E43149N,2000-08-12T00:00:00,43.06787404074704,43.149106,0.035464545069777,0,3537.0461,1.0,COPDEM30,12.63648456
RGI2000-v7.0-G-12-00800,12,12-01,G043071E43158N,2000-08-12T00:00:00,43.070913329690214,43.1590015,0.406723788526812,0,3523.8303,1.0,COPDEM30,18.92848602
RGI2000-v7.0-G-12-00801,12,12-01,G043095E43151N,2000-08-12T00:00:00,43.08688824277735,43.153864,0.906593922562255,0,3538.4536,1.0,COPDEM30,23.33013161
RGI2000-v7.0-G-12-00802,12,12-01,G043141E43156N,2000-08-12T00:00:00,43.1405250516328,43.1561945,0.179169111270122,0,3604.62,1.0,COPDEM30,15.92597214
RGI2000-v7.0-G-12-00803,12,12-01,G043149E43167N,2000-08-12T00:00:00,43.14895883317873,43.167396499999995,0.075899516897133,0,3643.15,1.0,COPDEM30,13.85698137
RGI2000-v7.0-G-12-00804,12,12-01,G043148E43166N,2000-08-12T00:00:00,43.1523351509901,43.168268,0.049535571888323,0,3601.838,1.0,COPDEM30,13.11592235
RGI2000-v7.0-G-12-00805,12,12-01,G043156E43169N,2000-08-12T00:00:00,43.15562325902778,43.1686995,0.022800110410935,0,3629.4758,1.0,COPDEM30,12.11395876
RGI2000-v7.0-G-12-00806,12,12-01,G043194E43116N,2000-08-12T00:00:00,43.19419894000387,43.1156045,0.069416746117908,0,3758.3171,8.0,COPDEM30,13.68858811
RGI2000-v7.0-G-12-00807,12,12-01,G043194E43108N,2000-08-12T00:00:00,43.19415010860656,43.106793499999995,0.435356549195486,0,3732.5403,1.0,COPDEM30,19.23741759
RGI2000-v7.0-G-12-00808,12,12-01,G043192E43106N,2000-08-12T00:00:00,43.189164025149736,43.105753,0.031640998017062,0,3812.3525,8.0,COPDEM30,12.49030834
RGI2000-v7.0-G-12-00809,12,12-01,G043193E43107N,2000-08-12T00:00:00,43.18693088333333,43.1057805,0.045124358793849,0,3676.034,1.0,COPDEM30,12.97394928
RGI2000-v7.0-G-12-00810,12,12-01,G043217E43104N,2000-08-12T00:00:00,43.20776417482517,43.1005225,0.062269721627728,0,4087.7363,2.0,COPDEM30,13.49354626
RGI2000-v7.0-G-12-00811,12,12-01,G043218E43105N,2000-08-12T00:00:00,43.216626757026006,43.1056165,1.188021844845331,0,3576.9268,1.0,COPDEM30,25.25949808
RGI2000-v7.0-G-12-00812,12,12-01,G043210E43112N,2000-08-12T00:00:00,43.20876284215018,43.1116985,0.540595506725974,0,3543.0142,1.0,COPDEM30,20.29352803
RGI2000-v7.0-G-12-00813,12,12-01,G043196E43090N,2000-08-12T00:00:00,43.196403125,43.090097,0.038508086822453,0,3732.5103,1.0,COPDEM30,12.74728685
RGI2000-v7.0-G-12-00814,12,12-01,G043194E43088N,2000-08-12T00:00:00,43.19302842829196,43.0880815,0.07628840478412,0,3700.6313,8.0,COPDEM30,13.86684980
RGI2000-v7.0-G-12-00815,12,12-01,G043199E43080N,2000-08-12T00:00:00,43.20286506459239,43.0772465,1.689379180171169,0,3790.2742,8.0,COPDEM30,28.19665682
RGI2000-v7.0-G-12-00816,12,12-01,G043186E43072N,2000-08-12T00:00:00,43.190890519133646,43.0700295,0.37956177740007,0,3571.4775,8.0,COPDEM30,18.62520193
RGI2000-v7.0-G-12-00817,12,12-01,G043193E43068N,2000-08-12T00:00:00,43.19341482805531,43.0665015,0.185916542311025,0,4038.331,6.0,COPDEM30,16.03652568
RGI2000-v7.0-G-12-00818,12,12-01,G043164E43065N,2000-08-12T00:00:00,43.19516588672526,43.0491045,0.210220124275554,0,4229.1416,8.0,COPDEM30,16.41896755
RGI2000-v7.0-G-12-00819,12,12-01,G043193E43045N,2000-08-12T00:00:00,43.1925910042128,43.044985499999996,0.040914312431659,0,4527.4595,3.0,COPDEM30,12.83182013
RGI2000-v7.0-G-12-00820,12,12-01,G043190E43042N,2000-08-12T00:00:00,43.189892834527214,43.042352,0.086621350033329,0,4590.493,4.0,COPDEM30,14.12041073
RGI2000-v7.0-G-12-00821,12,12-01,G043188E43031N,2000-08-12T00:00:00,43.18530011146527,43.031836,0.109647505482796,0,3583.3318,5.0,COPDEM30,14.63582906
RGI2000-v7.0-G-12-00822,12,12-01,G043181E43014N,2000-08-12T00:00:00,43.184526283876465,43.0163785,0.040582827497318,0,3521.5017,7.0,COPDEM30,12.82032519
RGI2000-v7.0-G-12-00823,12,12-01,G043182E43015N,2000-08-12T00:00:00,43.18163126595745,43.015322999999995,0.045764659812073,0,3466.3184,6.0,COPDEM30,12.99497468
RGI2000-v7.0-G-12-00824,12,12-01,G043190E43014N,2000-08-12T00:00:00,43.189248488938055,43.014023,0.0510412919457,0,3624.5742,6.0,COPDEM30,13.16292479
RGI2000-v7.0-G-12-00825,12,12-01,G043186E43011N,2000-08-12T00:00:00,43.1862795233463,43.010723,0.050281791433792,0,3431.58,7.0,COPDEM30,13.13930424
RGI2000-v7.0-G-12-00826,12,12-01,G043194E43010N,2000-08-12T00:00:00,43.193333179758305,43.0094855,0.220244579157652,0,3522.8474,2.0,COPDEM30,16.57023116
RGI2000-v7.0-G-12-00827,12,12-01,G043192E43002N,2000-08-12T00:00:00,43.19236422073137,43.002410499999996,0.020402798501001,0,3457.0503,3.0,COPDEM30,11.99973711
RGI2000-v7.0-G-12-00828,12,12-01,G043202E43022N,2000-08-12T00:00:00,43.173384228431374,43.018724,0.093656698388409,0,3834.7463,3.0,COPDEM30,14.28447347
RGI2000-v7.0-G-12-00829,12,12-01,G043167E43016N,2000-08-12T00:00:00,43.16683379862275,43.0156245,0.079636190438871,0,3600.6704,5.0,COPDEM30,13.95078389
RGI2000-v7.0-G-12-00830,12,12-01,G043202E43023N,2000-08-12T00:00:00,43.15472065567732,43.031622,7.650893509648232,0,3660.9604,3.0,COPDEM30,48.72434800
RGI2000-v7.0-G-12-00831,12,12-01,G043124E43045N,2000-08-12T00:00:00,43.12381480165365,43.0448495,0.156754689786865,0,4161.2773,6.0,COPDEM30,15.54291613
RGI2000-v7.0-G-12-00832,12,12-01,G043110E43056N,2000-08-12T00:00:00,43.10760304126144,43.055588,1.554997986639078,0,3629.5942,1.0,COPDEM30,27.45793818
RGI2000-v7.0-G-12-00833,12,12-01,G043092E43054N,2000-08-12T00:00:00,43.092607520260884,43.0544735,0.165085480203608,0,3424.8904,1.0,COPDEM30,15.68829976
RGI2000-v7.0-G-12-00834,12,12-01,G043092E43049N,2000-08-12T00:00:00,43.09289602214286,43.048537499999995,0.065976613401431,0,3591.2244,7.0,COPDEM30,13.59602784
RGI2000-v7.0-G-12-00835,12,12-01,G043117E43064N,2000-08-12T00:00:00,43.120846944983334,43.0627825,1.559022024020766,0,3827.7395,8.0,COPDEM30,27.48051248
RGI2000-v7.0-G-12-00836,12,12-01,G043116E43063N,2000-08-12T00:00:00,43.126990186230245,43.0675955,0.032686631906723,0,4069.0273,8.0,COPDEM30,12.53112225
RGI2000-v7.0-G-12-00837,12,12-01,G043129E43074N,2000-08-12T00:00:00,43.12776277964744,43.0732025,0.196279467117445,0,3992.5793,1.0,COPDEM30,16.20248140
RGI2000-v7.0-G-12-00838,12,12-01,G043133E43077N,2000-08-12T00:00:00,43.13281004842932,43.077176,0.372149646561912,0,3603.9194,1.0,COPDEM30,18.54056970
RGI2000-v7.0-G-12-00839,12,12-01,G043142E43076N,2000-08-12T00:00:00,43.13938837527448,43.0741855,0.32403392928787,0,3722.6335,2.0,COPDEM30,17.96935695
RGI2000-v7.0-G-12-00840,12,12-01,G043138E43082N,2000-08-12T00:00:00,43.138375650613355,43.081688,0.01387749331666,0,3816.2031,8.0,COPDEM30,11.64923882
RGI2000-v7.0-G-12-00841,12,12-01,G043165E43066N,2000-08-12T00:00:00,43.15367604969919,43.0665855,13.454578821948894,0,3634.8804,1.0,COPDEM90,61.35267714
RGI2000-v7.0-G-12-00842,12,12-01,G043212E43088N,2000-08-12T00:00:00,43.215740943858556,43.0856595,1.209349020844279,0,3906.875,1.0,COPDEM30,25.39585685
RGI2000-v7.0-G-12-00843,12,12-01,G043229E43075N,2000-08-12T00:00:00,43.228222063405795,43.0750805,0.054499031954752,0,3971.568,4.0,COPDEM30,13.26830388
RGI2000-v7.0-G-12-00844,12,12-01,G043242E43083N,2000-08-12T00:00:00,43.240030965245175,43.082823,0.141543297131941,0,3670.3462,3.0,COPDEM30,15.26711365
RGI2000-v7.0-G-12-00845,12,12-01,G043231E43094N,2000-08-12T00:00:00,43.233312895454546,43.091201,2.306945782591815,0,3597.0093,1.0,COPDEM30,31.26408647
RGI2000-v7.0-G-12-00846,12,12-01,G043243E43097N,2000-08-12T00:00:00,43.24191244187675,43.0975715,0.094805042376123,0,3457.665,1.0,COPDEM30,14.31065985
RGI2000-v7.0-G-12-00847,12,12-01,G043238E43064N,2000-08-12T00:00:00,43.247237029818095,43.067261,8.137321586222553,0,3709.1392,1.0,COPDEM30,49.93638730
RGI2000-v7.0-G-12-00848,12,12-01,G043238E43063N,2000-08-12T00:00:00,43.260435750871004,43.059897,0.070827724643082,0,3843.7153,1.0,COPDEM30,13.72588701
RGI2000-v7.0-G-12-00849,12,12-01,G043270E43065N,2000-08-12T00:00:00,43.269635906017726,43.065443,0.074955281781932,0,3460.6086,1.0,COPDEM30,13.83291472
RGI2000-v7.0-G-12-00850,12,12-01,G043283E43066N,2000-08-12T00:00:00,43.27834046527779,43.066588499999995,0.717518659481852,0,3401.1475,1.0,COPDEM30,21.85890624
RGI2000-v7.0-G-12-00851,12,12-01,G043276E43053N,2000-08-12T00:00:00,43.276305090532276,43.0519235,3.706455045431638,0,3488.1597,3.0,COPDEM30,36.95301818
RGI2000-v7.0-G-12-00852,12,12-01,G043248E43030N,2000-08-12T00:00:00,43.246774504,43.029619,0.324936283780619,0,3446.8484,3.0,COPDEM30,17.98044558
RGI2000-v7.0-G-12-00853,12,12-01,G043250E43012N,2000-08-12T00:00:00,43.241269340048206,43.0214395,0.244323950997479,0,3544.3606,3.0,COPDEM30,16.92007907
RGI2000-v7.0-G-12-00854,12,12-01,G043238E43016N,2000-08-12T00:00:00,43.23339988861399,43.018882500000004,1.029669943547397,0,3798.7905,4.0,COPDEM30,24.20617151
RGI2000-v7.0-G-12-00855,12,12-01,G043226E43013N,2000-08-12T00:00:00,43.22584180592105,43.013576,0.057692968390928,0,3658.197,7.0,COPDEM30,13.36271048
RGI2000-v7.0-G-12-00856,12,12-01,G043238E43015N,2000-08-12T00:00:00,43.23575793289018,43.0111,0.116494258187128,0,3544.7769,4.0,COPDEM30,14.77837573
RGI2000-v7.0-G-12-00857,12,12-01,G043237E43015N,2000-08-12T00:00:00,43.23518667397318,43.005557,0.593111010406682,0,3501.5073,3.0,COPDEM30,20.78191811
RGI2000-v7.0-G-12-00858,12,12-01,G043232E42999N,2000-08-12T00:00:00,43.23208853977273,42.998742,0.02561621664972,0,3389.1316,3.0,COPDEM30,12.24070937
RGI2000-v7.0-G-12-00859,12,12-01,G043183E42984N,2000-08-12T00:00:00,43.22810012570093,42.980386,33.608988008125934,0,3315.935,2.0,COPDEM90,91.16256310
RGI2000-v7.0-G-12-00860,12,12-01,G043182E42984N,2000-08-12T00:00:00,43.20806808128796,42.9696845,0.215044292104009,0,3206.505,1.0,COPDEM30,16.49220157
RGI2000-v7.0-G-12-00861,12,12-01,G043182E42983N,2000-08-12T00:00:00,43.201527259358286,42.97073,0.43120643462442,0,3107.0588,2.0,COPDEM30,19.19328348
RGI2000-v7.0-G-12-00862,12,12-01,G043194E42967N,2000-08-12T00:00:00,43.19407663496933,42.966991500000006,0.042571344191598,0,3783.241,1.0,COPDEM30,12.88859541
RGI2000-v7.0-G-12-00863,12,12-01,G043184E42983N,2000-08-12T00:00:00,43.20841315903468,42.96175,0.22400698556483,0,3498.9258,3.0,COPDEM30,16.62611267
RGI2000-v7.0-G-12-00864,12,12-01,G043156E42955N,2000-08-12T00:00:00,43.16962570661157,42.9536965,0.107774209579896,0,3471.0698,6.0,COPDEM30,14.59605756
RGI2000-v7.0-G-12-00865,12,12-01,G043157E42956N,2000-08-12T00:00:00,43.15381052538159,42.955943500000004,2.707285511163521,0,3482.0388,5.0,COPDEM30,33.03536325
RGI2000-v7.0-G-12-00866,12,12-01,G043145E42955N,2000-08-12T00:00:00,43.14430847970442,42.954122,0.072024659678833,0,3597.4744,4.0,COPDEM30,13.75723746
RGI2000-v7.0-G-12-00867,12,12-01,G043140E42968N,2000-08-12T00:00:00,43.1402436124655,42.9673985,0.123366841351971,0,3952.6785,6.0,COPDEM30,14.91730627
RGI2000-v7.0-G-12-00868,12,12-01,G043128E42966N,2000-08-12T00:00:00,43.12819468831319,42.965734,2.994525031389257,0,3357.6042,7.0,COPDEM30,34.22657438
RGI2000-v7.0-G-12-00869,12,12-01,G043123E42987N,2000-08-12T00:00:00,43.122643554864865,42.987111999999996,0.131153791222693,0,4387.828,5.0,COPDEM30,15.07012259
RGI2000-v7.0-G-12-00870,12,12-01,G043183E42983N,2000-08-12T00:00:00,43.12759270121951,42.998085,0.224687990506151,0,4525.337,3.0,COPDEM30,16.63617707
RGI2000-v7.0-G-12-00871,12,12-01,G043105E42982N,2000-08-12T00:00:00,43.10403932430341,42.9962285,0.075452958098956,0,4698.3394,5.0,COPDEM30,13.84561826
RGI2000-v7.0-G-12-00872,12,12-01,G043104E42981N,2000-08-12T00:00:00,43.09971177165305,42.998279999999994,0.07233090109522,0,4899.0557,5.0,COPDEM30,13.76521668
RGI2000-v7.0-G-12-00873,12,12-01,G043106E42982N,2000-08-12T00:00:00,43.100273900730684,42.9920295,0.040858396197465,0,4112.9443,5.0,COPDEM30,12.82988439
RGI2000-v7.0-G-12-00874,12,12-01,G043084E42989N,2000-08-12T00:00:00,43.08408390921788,42.989682,0.122897271723709,0,4098.426,4.0,COPDEM30,14.90793900
RGI2000-v7.0-G-12-00875,12,12-01,G043080E42978N,2000-08-12T00:00:00,43.078190009554135,42.9811935,0.223309735002745,0,3475.797,4.0,COPDEM30,16.61579232
RGI2000-v7.0-G-12-00876,12,12-01,G043074E42980N,2000-08-12T00:00:00,43.073465761087775,42.9796695,0.097991249511547,0,3498.7124,5.0,COPDEM30,14.38249756
RGI2000-v7.0-G-12-00877,12,12-01,G043065E42978N,2000-08-12T00:00:00,43.06510484500973,42.9777775,0.126409124294574,0,3344.7197,6.0,COPDEM30,14.97756852
RGI2000-v7.0-G-12-00878,12,12-01,G043043E42994N,2000-08-12T00:00:00,43.05704063769838,43.001016500000006,10.247907351529948,0,3431.941,6.0,COPDEM30,54.81729399
RGI2000-v7.0-G-12-00879,12,12-01,G043041E42992N,2000-08-12T00:00:00,43.07128984748569,43.006465500000004,0.079286236973502,0,4714.304,6.0,COPDEM30,13.94209366
RGI2000-v7.0-G-12-00880,12,12-01,G043042E42993N,2000-08-12T00:00:00,43.064955433531665,43.0133445,0.304075689740131,0,4837.0073,6.0,COPDEM30,17.72002819
RGI2000-v7.0-G-12-00881,12,12-01,G043043E42993N,2000-08-12T00:00:00,43.05448794396754,43.016678999999996,0.235819017658631,0,4873.601,5.0,COPDEM30,16.79856804
RGI2000-v7.0-G-12-00882,12,12-01,G043044E42993N,2000-08-12T00:00:00,43.0473320629267,43.0118035,0.078012039487348,0,4051.637,5.0,COPDEM30,13.91028896
RGI2000-v7.0-G-12-00883,12,12-01,G043033E43005N,2000-08-12T00:00:00,43.0303827137931,43.011300500000004,0.058892582272598,0,4008.3896,5.0,COPDEM30,13.39749115
RGI2000-v7.0-G-12-00884,12,12-01,G043015E43016N,2000-08-12T00:00:00,43.026819812142854,43.0158815,0.082393459980216,0,4352.2383,6.0,COPDEM30,14.01859654
RGI2000-v7.0-G-12-00885,12,12-01,G043016E43017N,2000-08-12T00:00:00,43.016653248644836,43.01888,10.20986587535152,0,4181.7617,6.0,COPDEM30,54.73403303
RGI2000-v7.0-G-12-00886,12,12-01,G043025E43007N,2000-08-12T00:00:00,43.02551569991056,43.0064755,0.390591050299089,0,3489.0352,5.0,COPDEM30,18.74961976
RGI2000-v7.0-G-12-00887,12,12-01,G042992E43021N,2000-08-12T00:00:00,42.99107655254453,43.0202135,1.095895554748508,0,4111.041,5.0,COPDEM30,24.65590423
RGI2000-v7.0-G-12-00888,12,12-01,G042977E43013N,2000-08-12T00:00:00,42.9827844793578,43.016234999999995,0.054521308780177,0,3552.322,6.0,COPDEM30,13.26897178
RGI2000-v7.0-G-12-00889,12,12-01,G042976E43037N,2000-08-12T00:00:00,42.9758604614094,43.0370035,0.145289556762561,0,4152.6074,7.0,COPDEM30,15.33636141
RGI2000-v7.0-G-12-00890,12,12-01,G042973E43049N,2000-08-12T00:00:00,42.97332758859649,43.049105,0.698616676113532,0,3628.6687,2.0,COPDEM30,21.70166093
RGI2000-v7.0-G-12-00891,12,12-01,G042962E43055N,2000-08-12T00:00:00,42.95988608416194,43.0531335,2.159010710732555,0,3370.782,1.0,COPDEM30,30.57100142
RGI2000-v7.0-G-12-00892,12,12-01,G042950E43056N,2000-08-12T00:00:00,42.94925860431654,43.0547485,0.113526928067218,0,3267.0808,1.0,COPDEM30,14.71712602
RGI2000-v7.0-G-12-00893,12,12-01,G042956E43045N,2000-08-12T00:00:00,42.956216057894736,43.045221,0.039026375284262,0,3593.6934,7.0,COPDEM30,12.76571321
RGI2000-v7.0-G-12-00894,12,12-01,G042959E43036N,2000-08-12T00:00:00,42.95593545061817,43.034904499999996,5.465090210004262,0,3539.835,8.0,COPDEM30,42.72854536
RGI2000-v7.0-G-12-00895,12,12-01,G042934E43035N,2000-08-12T00:00:00,42.93427187731923,43.034927999999994,0.077972599373544,0,3291.151,1.0,COPDEM30,13.90930038
RGI2000-v7.0-G-12-00896,12,12-01,G042926E43039N,2000-08-12T00:00:00,42.92598342894737,43.039469,0.118921690542939,0,3165.6074,2.0,COPDEM30,14.82790341
RGI2000-v7.0-G-12-00897,12,12-01,G042903E43083N,2000-08-12T00:00:00,42.90416061703452,43.082736499999996,0.055039282949651,0,3158.8103,8.0,COPDEM30,13.28446334
RGI2000-v7.0-G-12-00898,12,12-01,G042913E43087N,2000-08-12T00:00:00,42.90838507766544,43.086488,0.490245400393476,0,3095.6184,1.0,COPDEM30,19.80245370
RGI2000-v7.0-G-12-00899,12,12-01,G042902E43088N,2000-08-12T00:00:00,42.90157115522405,43.088432,0.018708467134887,0,3021.4744,1.0,COPDEM30,11.91490458
RGI2000-v7.0-G-12-00900,12,12-01,G042919E43089N,2000-08-12T00:00:00,42.91937232529059,43.0888025,0.068768942930331,0,3594.105,1.0,COPDEM30,13.67133665
RGI2000-v7.0-G-12-00901,12,12-01,G042935E43089N,2000-08-12T00:00:00,42.92748471312555,43.0888085,0.22724886691279,0,3451.2588,5.0,COPDEM30,16.67388777
RGI2000-v7.0-G-12-00902,12,12-01,G042941E43089N,2000-08-12T00:00:00,42.941273047047375,43.08914,0.062423653290114,0,3624.6313,5.0,COPDEM30,13.49786164
RGI2000-v7.0-G-12-00903,12,12-01,G042948E43090N,2000-08-12T00:00:00,42.94824441618669,43.089523,0.170129903615638,0,3574.7285,4.0,COPDEM30,15.77455289
RGI2000-v7.0-G-12-00904,12,12-01,G042960E43092N,2000-08-12T00:00:00,42.95448492116182,43.0917435,0.342401723638877,0,3630.5903,4.0,COPDEM30,18.19211437
RGI2000-v7.0-G-12-00905,12,12-01,G042967E43092N,2000-08-12T00:00:00,42.9675175256523,43.0921245,0.212508028859356,0,3444.0635,2.0,COPDEM30,16.45380304
RGI2000-v7.0-G-12-00906,12,12-01,G042977E43103N,2000-08-12T00:00:00,42.97661338230829,43.1016965,0.313044564552231,0,3562.079,5.0,COPDEM30,17.83305398
RGI2000-v7.0-G-12-00907,12,12-01,G042998E43049N,2000-08-12T00:00:00,43.00577689564784,43.0923675,12.477128238544164,0,3558.2432,8.0,COPDEM30,59.45217017
RGI2000-v7.0-G-12-00908,12,12-01,G043000E43071N,2000-08-12T00:00:00,42.99540619926471,43.071535499999996,0.081220525129893,0,3468.786,7.0,COPDEM30,13.98989009
RGI2000-v7.0-G-12-00909,12,12-01,G043003E43066N,2000-08-12T00:00:00,42.998484098103184,43.067409,1.200898981088388,0,3785.8555,7.0,COPDEM30,25.34197511
RGI2000-v7.0-G-12-00910,12,12-01,G042999E43050N,2000-08-12T00:00:00,42.98636340664557,43.054879,13.943723456562465,0,3471.937,8.0,COPDEM90,62.27781363
RGI2000-v7.0-G-12-00911,12,12-01,G043100E43030N,2000-08-12T00:00:00,43.054885627163785,43.0535535,39.41055599326499,0,3518.6602,2.0,COPDEM90,97.88895821
RGI2000-v7.0-G-12-00912,12,12-01,G043056E43075N,2000-08-12T00:00:00,43.048758817357516,43.077059000000006,1.763372118980895,0,3694.666,4.0,COPDEM30,28.59088312
RGI2000-v7.0-G-12-00913,12,12-01,G043077E43090N,2000-08-12T00:00:00,43.073383002323425,43.0899825,1.000636052797168,0,3709.4927,2.0,COPDEM30,24.00445166
RGI2000-v7.0-G-12-00914,12,12-01,G043092E43100N,2000-08-12T00:00:00,43.08536255675095,43.101393,0.502040509183676,0,3723.2842,2.0,COPDEM30,19.91967438
RGI2000-v7.0-G-12-00915,12,12-01,G042950E43105N,2000-08-12T00:00:00,42.943142553931445,43.107243499999996,10.888957064017019,0,3318.2302,8.0,COPDEM30,56.19778766
RGI2000-v7.0-G-12-00916,12,12-01,G042743E43139N,2000-08-12T00:00:00,42.73939178551136,43.1413185,1.676381846791902,0,3095.0383,2.0,COPDEM30,28.12652316
RGI2000-v7.0-G-12-00917,12,12-01,G042726E43136N,2000-08-12T00:00:00,42.72622786162047,43.136523,0.091625779922268,0,3080.8545,6.0,COPDEM30,14.23776508
RGI2000-v7.0-G-12-00918,12,12-01,G042723E43140N,2000-08-12T00:00:00,42.71702073701168,43.141928,0.151970082295085,0,3126.3064,6.0,COPDEM30,15.45766765
RGI2000-v7.0-G-12-00919,12,12-01,G042713E43146N,2000-08-12T00:00:00,42.712615210506286,43.146635,0.035536055285917,0,3144.371,6.0,COPDEM30,12.63914131
RGI2000-v7.0-G-12-00920,12,12-01,G042713E43130N,2000-08-12T00:00:00,42.706012145079114,43.1341395,12.221720745829215,0,3167.2056,3.0,COPDEM30,58.94340881
RGI2000-v7.0-G-12-00921,12,12-01,G042700E43108N,2000-08-12T00:00:00,42.699852832669,43.108542,0.058126439959361,0,3093.3403,8.0,COPDEM30,13.37531957
RGI2000-v7.0-G-12-00922,12,12-01,G042673E43114N,2000-08-12T00:00:00,42.67007010326275,43.1161175,0.90015793335889,0,3402.727,5.0,COPDEM30,23.28273146
RGI2000-v7.0-G-12-00923,12,12-01,G042659E43143N,2000-08-12T00:00:00,42.66024503594595,43.143631,0.088004546172479,0,3709.9265,2.0,COPDEM30,14.15317843
RGI2000-v7.0-G-12-00924,12,12-01,G042633E43131N,2000-08-12T00:00:00,42.648728505571036,43.1404445,9.04231394429971,0,3264.2153,7.0,COPDEM30,52.09861676
RGI2000-v7.0-G-12-00925,12,12-01,G042641E43154N,2000-08-12T00:00:00,42.64070321974342,43.154331,0.038008789039549,0,3920.5051,2.0,COPDEM30,12.72941801
RGI2000-v7.0-G-12-00926,12,12-01,G042639E43155N,2000-08-12T00:00:00,42.638585903412825,43.155461,0.026862173741773,0,3882.6562,2.0,COPDEM30,12.29455574
RGI2000-v7.0-G-12-00927,12,12-01,G042634E43158N,2000-08-12T00:00:00,42.63360192926375,43.1577505,0.168123857030607,0,3866.0166,2.0,COPDEM30,15.74040730
RGI2000-v7.0-G-12-00928,12,12-01,G042604E43145N,2000-08-12T00:00:00,42.60404736349672,43.144665,0.064142736633401,0,3400.979,5.0,COPDEM30,13.54569829
RGI2000-v7.0-G-12-00929,12,12-01,G042603E43148N,2000-08-12T00:00:00,42.597823717187495,43.1491045,0.640390733408804,0,3441.1936,5.0,COPDEM30,21.20341840
RGI2000-v7.0-G-12-00930,12,12-01,G042594E43155N,2000-08-12T00:00:00,42.59221702456258,43.155559499999995,0.353956012569779,0,3375.092,7.0,COPDEM30,18.32918834
RGI2000-v7.0-G-12-00931,12,12-01,G042592E43149N,2000-08-12T00:00:00,42.58702025961783,43.149771,0.457368401444028,0,3341.7686,8.0,COPDEM30,19.46806246
RGI2000-v7.0-G-12-00932,12,12-01,G042592E43161N,2000-08-12T00:00:00,42.58832574946725,43.163619499999996,1.055565406807501,0,3377.0818,7.0,COPDEM30,24.38369979
RGI2000-v7.0-G-12-00933,12,12-01,G042522E43171N,2000-08-12T00:00:00,42.51605820651828,43.1744785,6.086401547761995,0,3283.025,3.0,COPDEM30,44.53888683
RGI2000-v7.0-G-12-00934,12,12-01,G042458E43215N,2000-08-12T00:00:00,42.460120986534406,43.215202500000004,0.050450966508699,0,3153.2563,1.0,COPDEM30,13.14458096
RGI2000-v7.0-G-12-00935,12,12-01,G042459E43216N,2000-08-12T00:00:00,42.4560585233699,43.216283000000004,0.050807058234765,0,3096.8345,2.0,COPDEM30,13.15565895
RGI2000-v7.0-G-12-00936,12,12-01,G042439E43234N,2000-08-12T00:00:00,42.43556242857143,43.234235,1.540889789645155,0,3153.4001,8.0,COPDEM30,27.37856147
RGI2000-v7.0-G-12-00937,12,12-01,G042396E43293N,2000-08-12T00:00:00,42.396292937135804,43.29304,0.151421604991178,0,3524.4,1.0,COPDEM30,15.44781007
RGI2000-v7.0-G-12-00938,12,12-01,G042405E43314N,2000-08-12T00:00:00,42.40389897026195,43.312824,0.425053824848327,0,3732.0923,7.0,COPDEM30,19.12746129
RGI2000-v7.0-G-12-00939,12,12-01,G042406E43319N,2000-08-12T00:00:00,42.40508409407684,43.3191075,0.287555924915141,0,3680.1992,8.0,COPDEM30,17.50739377
RGI2000-v7.0-G-12-00940,12,12-01,G042405E43325N,2000-08-12T00:00:00,42.40049781296297,43.3250905,0.701134278598486,0,3515.6038,6.0,COPDEM30,21.72272659
RGI2000-v7.0-G-12-00941,12,12-01,G042398E43333N,2000-08-12T00:00:00,42.398049241515466,43.332401000000004,0.021485300375462,0,4063.6929,5.0,COPDEM30,12.05210109
RGI2000-v7.0-G-12-00942,12,12-01,G042410E43340N,2000-08-12T00:00:00,42.39717859982639,43.3363715,0.970138485839545,0,4669.128,6.0,COPDEM30,23.78938516
RGI2000-v7.0-G-12-00943,12,12-01,G042398E43341N,2000-08-12T00:00:00,42.39757396320754,43.342007499999994,0.763700764591201,0,4542.2783,8.0,COPDEM30,22.23459643
RGI2000-v7.0-G-12-00944,12,12-01,G042386E43348N,2000-08-12T00:00:00,42.38564233014354,43.347803,0.559189503842702,0,3550.01,8.0,COPDEM30,20.46905644
RGI2000-v7.0-G-12-00945,12,12-01,G042377E43335N,2000-08-12T00:00:00,42.3806480895889,43.3382575,0.65592549806452,0,3606.533,8.0,COPDEM30,21.33849186
RGI2000-v7.0-G-12-00946,12,12-01,G042386E43332N,2000-08-12T00:00:00,42.38554145366538,43.3323515,0.070040330274075,0,3990.4316,5.0,COPDEM30,13.70511872
RGI2000-v7.0-G-12-00947,12,12-01,G042388E43332N,2000-08-12T00:00:00,42.388015209859155,43.331696,0.020262943073187,0,3972.9592,5.0,COPDEM30,11.99287151
RGI2000-v7.0-G-12-00948,12,12-01,G042390E43332N,2000-08-12T00:00:00,42.38987995805921,43.3321825,0.028621748656922,0,3985.6548,5.0,COPDEM30,12.36851488
RGI2000-v7.0-G-12-00949,12,12-01,G042378E43335N,2000-08-12T00:00:00,42.375568607075664,43.328233499999996,0.014381631446378,0,3861.2178,3.0,COPDEM30,11.67892816
RGI2000-v7.0-G-12-00950,12,12-01,G042373E43326N,2000-08-12T00:00:00,42.37334306083031,43.3260305,0.017414849040245,0,3829.725,6.0,COPDEM30,11.84751466
RGI2000-v7.0-G-12-00951,12,12-01,G042378E43336N,2000-08-12T00:00:00,42.36713038508745,43.3339665,1.443452289658819,0,3574.691,1.0,COPDEM30,26.82012630
RGI2000-v7.0-G-12-00952,12,12-01,G042360E43328N,2000-08-12T00:00:00,42.36011300201612,43.3279435,0.027183125025894,0,3721.0237,7.0,COPDEM30,12.30822280
RGI2000-v7.0-G-12-00953,12,12-01,G042352E43333N,2000-08-12T00:00:00,42.351234931153726,43.3342215,0.452524964417397,0,3420.872,1.0,COPDEM30,19.41779661
RGI2000-v7.0-G-12-00954,12,12-01,G042335E43338N,2000-08-12T00:00:00,42.33505409868421,43.3384285,0.053937444662589,0,3442.207,1.0,COPDEM30,13.25142110
RGI2000-v7.0-G-12-00955,12,12-01,G042332E43338N,2000-08-12T00:00:00,42.33181880709782,43.3376215,0.044873556335676,0,3390.7551,1.0,COPDEM30,12.96567312
RGI2000-v7.0-G-12-00956,12,12-01,G042301E43345N,2000-08-12T00:00:00,42.300916198207176,43.345163,0.167087498011565,0,3352.2363,1.0,COPDEM30,15.72268727
RGI2000-v7.0-G-12-00957,12,12-01,G042295E43351N,2000-08-12T00:00:00,42.29440595119756,43.350158500000006,0.06334319737461,0,3383.0352,2.0,COPDEM30,13.52353043
RGI2000-v7.0-G-12-00958,12,12-01,G042299E43359N,2000-08-12T00:00:00,42.29955943114078,43.3598755,0.106451527482102,0,3330.5088,1.0,COPDEM30,14.56776744
RGI2000-v7.0-G-12-00959,12,12-01,G042360E43319N,2000-08-12T00:00:00,42.36040133812247,43.318509,0.011844050022972,0,3451.292,8.0,COPDEM30,11.52362522
RGI2000-v7.0-G-12-00960,12,12-01,G042429E43293N,2000-08-12T00:00:00,42.42122286370574,43.313338,19.98280513142095,0,3746.1365,5.0,COPDEM90,72.58298336
RGI2000-v7.0-G-12-00961,12,12-01,G042449E43302N,2000-08-12T00:00:00,42.451274459611454,43.315828499999995,9.42679166011348,0,4033.0132,5.0,COPDEM30,52.98431302
RGI2000-v7.0-G-12-00962,12,12-01,G042470E43307N,2000-08-12T00:00:00,42.46672810176991,43.3117845,4.634748341217986,0,3870.7388,5.0,COPDEM30,40.13985194
RGI2000-v7.0-G-12-00963,12,12-01,G042470E43302N,2000-08-12T00:00:00,42.460213456618334,43.300626,0.129483329383995,0,3708.5447,5.0,COPDEM30,15.03773089
RGI2000-v7.0-G-12-00964,12,12-01,G042488E43308N,2000-08-12T00:00:00,42.4759417303506,43.3223975,8.06201965933495,0,3977.313,4.0,COPDEM30,49.75117424
RGI2000-v7.0-G-12-00965,12,12-01,G042501E43334N,2000-08-12T00:00:00,42.50089027400321,43.3263065,11.308957415762702,0,3785.7888,4.0,COPDEM30,57.08031068
RGI2000-v7.0-G-12-00966,12,12-01,G042524E43331N,2000-08-12T00:00:00,42.52370110798768,43.331216,0.047010958534544,0,3762.6511,4.0,COPDEM30,13.03548149
RGI2000-v7.0-G-12-00967,12,12-01,G042537E43333N,2000-08-12T00:00:00,42.53752302887989,43.333267,0.025747978406161,0,3763.3672,5.0,COPDEM30,12.24646473
RGI2000-v7.0-G-12-00968,12,12-01,G042539E43330N,2000-08-12T00:00:00,42.53900624557133,43.329786,0.05239868361244,0,3584.3677,7.0,COPDEM30,13.20470622
RGI2000-v7.0-G-12-00969,12,12-01,G042546E43329N,2000-08-12T00:00:00,42.54658018956168,43.329546500000006,0.05346293424646,0,3512.545,2.0,COPDEM30,13.23708744
RGI2000-v7.0-G-12-00970,12,12-01,G042554E43320N,2000-08-12T00:00:00,42.54905731407507,43.3207515,0.251861989708479,0,3529.377,2.0,COPDEM30,17.02601950
RGI2000-v7.0-G-12-00971,12,12-01,G042535E43341N,2000-08-12T00:00:00,42.541061389939486,43.338409999999996,1.160367191219651,0,3546.692,3.0,COPDEM30,25.08084777
RGI2000-v7.0-G-12-00972,12,12-01,G042543E43344N,2000-08-12T00:00:00,42.54276880434782,43.344237,0.027920417844139,0,3575.8486,5.0,COPDEM30,12.33931654
RGI2000-v7.0-G-12-00973,12,12-01,G042563E43346N,2000-08-12T00:00:00,42.557100538834945,43.345639000000006,0.026938645015471,0,3824.4272,3.0,COPDEM30,12.29781949
RGI2000-v7.0-G-12-00974,12,12-01,G042564E43347N,2000-08-12T00:00:00,42.55953108403683,43.348002,0.142041713840364,0,3714.8933,2.0,COPDEM30,15.27637905
RGI2000-v7.0-G-12-00975,12,12-01,G042568E43349N,2000-08-12T00:00:00,42.56309709471192,43.34967,0.039461734438781,0,3553.6936,2.0,COPDEM30,12.78109690
RGI2000-v7.0-G-12-00976,12,12-01,G042562E43340N,2000-08-12T00:00:00,42.558258677208144,43.340359,0.052555324468379,0,3576.1743,7.0,COPDEM30,13.20949273
RGI2000-v7.0-G-12-00977,12,12-01,G042576E43340N,2000-08-12T00:00:00,42.57212897876363,43.3407525,0.262790522965306,0,3460.5503,1.0,COPDEM30,17.17683374
RGI2000-v7.0-G-12-00978,12,12-01,G042588E43341N,2000-08-12T00:00:00,42.58322651581028,43.3409015,0.703812402238828,0,3557.6921,1.0,COPDEM30,21.74509391
RGI2000-v7.0-G-12-00979,12,12-01,G042589E43336N,2000-08-12T00:00:00,42.588762740697675,43.335842,0.016596652476834,0,3890.789,4.0,COPDEM30,11.80359194
RGI2000-v7.0-G-12-00980,12,12-01,G042619E43331N,2000-08-12T00:00:00,42.599746368055555,43.3353465,0.647920956912741,0,3582.82,2.0,COPDEM30,21.26909524
RGI2000-v7.0-G-12-00981,12,12-01,G042595E43343N,2000-08-12T00:00:00,42.59487509438776,43.3425615,0.244072559325626,0,3389.23,1.0,COPDEM30,16.91651803
RGI2000-v7.0-G-12-00982,12,12-01,G042620E43332N,2000-08-12T00:00:00,42.608963954131575,43.329228,1.800698366259149,0,3547.1006,2.0,COPDEM30,28.78661438
RGI2000-v7.0-G-12-00983,12,12-01,G042640E43327N,2000-08-12T00:00:00,42.62820714882247,43.3254035,2.183420146828588,0,3568.7048,2.0,COPDEM30,30.68696084
RGI2000-v7.0-G-12-00984,12,12-01,G042634E43319N,2000-08-12T00:00:00,42.633590038679245,43.3188425,0.03809546246721,0,3650.6616,4.0,COPDEM30,12.73252825
RGI2000-v7.0-G-12-00985,12,12-01,G042643E43317N,2000-08-12T00:00:00,42.63943604762821,43.3179745,0.117044494789296,0,3501.718,5.0,COPDEM30,14.78964727
RGI2000-v7.0-G-12-00986,12,12-01,G042626E43314N,2000-08-12T00:00:00,42.62400302845528,43.31439,0.104902416328137,0,3768.4868,7.0,COPDEM30,14.53440995
RGI2000-v7.0-G-12-00987,12,12-01,G042639E43306N,2000-08-12T00:00:00,42.63512428846154,43.3061905,0.147394585319396,0,3514.6492,2.0,COPDEM30,15.37488034
RGI2000-v7.0-G-12-00988,12,12-01,G042638E43305N,2000-08-12T00:00:00,42.63226387887532,43.3037245,0.016793609606324,0,3714.204,2.0,COPDEM30,11.81426224
RGI2000-v7.0-G-12-00989,12,12-01,G042641E43299N,2000-08-12T00:00:00,42.64089287177471,43.2985255,0.027012634006995,0,3343.8818,2.0,COPDEM30,12.30097290
RGI2000-v7.0-G-12-00990,12,12-01,G042663E43320N,2000-08-12T00:00:00,42.657088964912276,43.3202235,0.270038368538852,0,3560.9949,1.0,COPDEM30,17.27513026
RGI2000-v7.0-G-12-00991,12,12-01,G042662E43319N,2000-08-12T00:00:00,42.66522252347689,43.317625500000005,0.078794010587428,0,3583.379,2.0,COPDEM30,13.92983792
RGI2000-v7.0-G-12-00992,12,12-01,G042640E43326N,2000-08-12T00:00:00,42.6538718943662,43.326321,0.063720980100908,0,3635.0059,2.0,COPDEM30,13.53402209
RGI2000-v7.0-G-12-00993,12,12-01,G042639E43326N,2000-08-12T00:00:00,42.64791272110525,43.328124,0.397448210689486,0,3519.2217,1.0,COPDEM30,18.82608913
RGI2000-v7.0-G-12-00994,12,12-01,G042590E43376N,2000-08-12T00:00:00,42.59011937275361,43.3768375,0.103286865961729,0,3579.5073,2.0,COPDEM30,14.49935837
RGI2000-v7.0-G-12-00995,12,12-01,G042583E43378N,2000-08-12T00:00:00,42.58305751527777,43.3784515,0.108247233835096,0,3724.1301,1.0,COPDEM30,14.60613263
RGI2000-v7.0-G-12-00996,12,12-01,G042572E43375N,2000-08-12T00:00:00,42.572866798656946,43.3758385,0.072162484109621,0,3512.6326,2.0,COPDEM30,13.76083061
RGI2000-v7.0-G-12-00997,12,12-01,G042506E43356N,2000-08-12T00:00:00,42.535411869505296,43.3591315,23.034926683115252,0,3597.0596,2.0,COPDEM90,77.19260101
RGI2000-v7.0-G-12-00998,12,12-01,G042487E43376N,2000-08-12T00:00:00,42.48192089705883,43.371096,6.986978171350771,0,4095.2905,2.0,COPDEM30,47.00604980
RGI2000-v7.0-G-12-00999,12,12-01,G042464E43376N,2000-08-12T00:00:00,42.464810353374276,43.377361,5.681102942014446,0,4029.148,1.0,COPDEM30,43.36909014
RGI2000-v7.0-G-12-01000,12,12-01,G042453E43381N,2000-08-12T00:00:00,42.451869340306544,43.3821695,6.157128596207809,0,3863.8555,1.0,COPDEM30,44.73898681
RGI2000-v7.0-G-12-01001,12,12-01,G042432E43372N,2000-08-12T00:00:00,42.431582274233634,43.381895,12.945141152446443,0,4182.105,1.0,COPDEM30,60.37109951
RGI2000-v7.0-G-12-01002,12,12-01,G042404E43387N,2000-08-12T00:00:00,42.40466438709677,43.386533,0.130320413957005,0,3772.1885,1.0,COPDEM30,15.05398864
RGI2000-v7.0-G-12-01003,12,12-01,G042402E43386N,2000-08-12T00:00:00,42.39851004021878,43.3846215,0.053470530087872,0,3784.7412,1.0,COPDEM30,13.23731739
RGI2000-v7.0-G-12-01004,12,12-01,G042399E43373N,2000-08-12T00:00:00,42.4027520901802,43.373027500000006,1.728503342106281,0,3950.4197,8.0,COPDEM30,28.40615807
RGI2000-v7.0-G-12-01005,12,12-01,G042405E43364N,2000-08-12T00:00:00,42.41018761262627,43.3619015,0.961375502457707,0,4305.3276,7.0,COPDEM30,23.72696611
RGI2000-v7.0-G-12-01006,12,12-01,G042404E43354N,2000-08-12T00:00:00,42.40939350769458,43.351566,5.653386294824204,0,4327.045,8.0,COPDEM30,43.28759099
RGI2000-v7.0-G-12-01007,12,12-01,G042481E43388N,2000-08-12T00:00:00,42.48280798778423,43.387944575998006,0.498577869596742,0,3696.667,2.0,COPDEM30,19.88540654
RGI2000-v7.0-G-12-01008,12,12-01,G042528E43306N,2000-08-12T00:00:00,42.52317620294638,43.306154500000005,0.119138153304083,0,3435.605,2.0,COPDEM30,14.83229532
RGI2000-v7.0-G-12-01009,12,12-01,G042528E43298N,2000-08-12T00:00:00,42.52459586941414,43.298546,0.199063391695051,0,3602.8894,1.0,COPDEM30,16.24631289
RGI2000-v7.0-G-12-01010,12,12-01,G042534E43297N,2000-08-12T00:00:00,42.52931240422386,43.296501500000005,0.253588382224429,0,3364.4446,2.0,COPDEM30,17.05005836
RGI2000-v7.0-G-12-01011,12,12-01,G042538E43292N,2000-08-12T00:00:00,42.5331398902439,43.292511000000005,0.190692500655574,0,3635.608,3.0,COPDEM30,16.11356934
RGI2000-v7.0-G-12-01012,12,12-01,G042537E43291N,2000-08-12T00:00:00,42.53533133131869,43.289056,0.143441130177507,0,3573.1196,2.0,COPDEM30,15.30230719
RGI2000-v7.0-G-12-01013,12,12-01,G042551E43285N,2000-08-12T00:00:00,42.54777706860921,43.283998999999994,0.329159481231288,0,3211.424,2.0,COPDEM30,18.03213909
RGI2000-v7.0-G-12-01014,12,12-01,G042522E43297N,2000-08-12T00:00:00,42.5186805828585,43.29779,0.084302707174759,0,3468.69,8.0,COPDEM30,14.06488999
RGI2000-v7.0-G-12-01015,12,12-01,G042588E43278N,2000-08-12T00:00:00,42.587263581447964,43.278211,0.032158210990078,0,3251.7705,1.0,COPDEM30,12.51057949
RGI2000-v7.0-G-12-01016,12,12-01,G042663E43151N,2000-08-12T00:00:00,42.66621506077318,43.16694,12.14834596166951,0,3254.232,1.0,COPDEM30,58.79626839
RGI2000-v7.0-G-12-01017,12,12-01,G042765E43150N,2000-08-12T00:00:00,42.70843437880795,43.1753995,0.222429899627961,0,4035.8066,6.0,COPDEM30,16.60274642
RGI2000-v7.0-G-12-01018,12,12-01,G042766E43151N,2000-08-12T00:00:00,42.72359368916668,43.1599375,32.767431855068835,0,3280.1357,7.0,COPDEM90,90.13998155
RGI2000-v7.0-G-12-01019,12,12-01,G042740E43169N,2000-08-12T00:00:00,42.73971158296509,43.169188500000004,0.043705925021162,0,3365.4978,6.0,COPDEM30,12.92683469
RGI2000-v7.0-G-12-01020,12,12-01,G042764E43149N,2000-08-12T00:00:00,42.73949727018889,43.1724705,0.015780892180111,0,3740.8215,6.0,COPDEM30,11.75870830
RGI2000-v7.0-G-12-01021,12,12-01,G042746E43171N,2000-08-12T00:00:00,42.745903811475415,43.169679,0.323851793100992,0,3476.0425,5.0,COPDEM30,17.96711688
RGI2000-v7.0-G-12-01022,12,12-01,G042670E43402N,2000-08-12T00:00:00,42.668370275185566,43.4017135,0.091169325512607,0,3557.282,1.0,COPDEM30,14.22719621
RGI2000-v7.0-G-12-01023,12,12-01,G042264E43242N,2000-09-12T00:00:00,42.26432096022273,43.2421715,0.464948715584522,0,3194.8818,1.0,COPDEM30,19.54620072
RGI2000-v7.0-G-12-01024,12,12-01,G042255E43240N,2000-09-12T00:00:00,42.25508980645161,43.2406275,0.189135360891692,0,3200.4053,8.0,COPDEM30,16.08855736
RGI2000-v7.0-G-12-01025,12,12-01,G042255E43230N,2000-09-12T00:00:00,42.254312841796875,43.2345205,0.046074711594776,0,3248.1877,2.0,COPDEM30,13.00510291
RGI2000-v7.0-G-12-01026,12,12-01,G042233E43232N,2000-09-12T00:00:00,42.248712198411866,43.236222,0.267057725005122,0,3174.746,1.0,COPDEM30,17.23486794
RGI2000-v7.0-G-12-01027,12,12-01,G042253E43224N,2000-09-12T00:00:00,42.251990890904054,43.227391499999996,0.839070586517844,0,3328.1284,3.0,COPDEM30,22.82411147
RGI2000-v7.0-G-12-01028,12,12-01,G042279E43216N,2000-09-12T00:00:00,42.25620425897994,43.2200395,0.065388294448716,0,3118.6338,3.0,COPDEM30,13.57995890
RGI2000-v7.0-G-12-01029,12,12-01,G042280E43217N,2000-09-12T00:00:00,42.26695164389268,43.2182985,2.024653309990184,0,3047.5295,1.0,COPDEM30,29.92064378
RGI2000-v7.0-G-12-01030,12,12-01,G042245E43217N,1999-09-01T00:00:00,42.24508405865427,43.216883,1.385378780534843,0,3088.955,8.0,COPDEM30,26.47829606
RGI2000-v7.0-G-12-01031,12,12-01,G042234E43233N,2000-09-12T00:00:00,42.23396013555863,43.236061,2.115828091310187,0,3081.9883,1.0,COPDEM30,30.36424086
RGI2000-v7.0-G-12-01032,12,12-01,G042221E43239N,2000-09-12T00:00:00,42.2213015517563,43.2397345,0.365789999383034,0,3242.8928,2.0,COPDEM30,18.46728055
RGI2000-v7.0-G-12-01033,12,12-01,G042215E43243N,2000-09-12T00:00:00,42.21458682121662,43.2435825,0.295555906817206,0,3170.3604,1.0,COPDEM30,17.61110752
RGI2000-v7.0-G-12-01034,12,12-01,G042204E43234N,2000-09-12T00:00:00,42.20492092006755,43.2330435,1.089412840598708,0,3000.5217,1.0,COPDEM30,24.61249181
RGI2000-v7.0-G-12-01035,12,12-01,G042197E43228N,2000-09-12T00:00:00,42.196567530660374,43.227917000000005,0.092633125237584,0,3489.6523,1.0,COPDEM30,14.26099666
RGI2000-v7.0-G-12-01036,12,12-01,G042208E43222N,1999-09-01T00:00:00,42.20965828134796,43.222181500000005,1.660529544157304,0,3098.1028,3.0,COPDEM30,28.04061503
RGI2000-v7.0-G-12-01037,12,12-01,G042177E43228N,2000-09-12T00:00:00,42.178681476555056,43.2294055,2.839409841903996,0,3047.5762,1.0,COPDEM30,33.59076788
RGI2000-v7.0-G-12-01038,12,12-01,G042160E43238N,2000-09-12T00:00:00,42.16591453686636,43.23523,0.154384533303119,0,3188.099,2.0,COPDEM30,15.50085162
RGI2000-v7.0-G-12-01039,12,12-01,G042161E43239N,2000-09-12T00:00:00,42.16029404592939,43.240613499999995,0.559047165022411,0,3299.108,3.0,COPDEM30,20.46772393
RGI2000-v7.0-G-12-01040,12,12-01,G042159E43247N,2000-09-12T00:00:00,42.158849731788436,43.2464255,0.037463392869279,0,3303.4167,8.0,COPDEM30,12.70976475
RGI2000-v7.0-G-12-01041,12,12-01,G042163E43252N,2000-09-12T00:00:00,42.163238864644626,43.2522035,0.025592888815827,0,3112.1633,2.0,COPDEM30,12.23968886
RGI2000-v7.0-G-12-01042,12,12-01,G042151E43242N,2000-09-12T00:00:00,42.14999714401914,43.241221499999995,0.727888616193019,0,3178.552,1.0,COPDEM30,21.94429440
RGI2000-v7.0-G-12-01043,12,12-01,G042152E43235N,2000-09-12T00:00:00,42.151828050346836,43.234590499999996,0.109728600903345,0,3443.861,6.0,COPDEM30,14.63754308
RGI2000-v7.0-G-12-01044,12,12-01,G042147E43223N,2000-09-12T00:00:00,42.15940891774611,43.2298435,0.101496905299812,0,3391.802,7.0,COPDEM30,14.46020105
RGI2000-v7.0-G-12-01045,12,12-01,G042169E43216N,1999-09-01T00:00:00,42.159305645174115,43.220672500000006,0.023727901609666,0,3419.478,6.0,COPDEM30,12.15654091
RGI2000-v7.0-G-12-01046,12,12-01,G042168E43216N,1999-09-01T00:00:00,42.162727234489054,43.2191885,0.054814232992931,0,3308.4895,5.0,COPDEM30,13.27774155
RGI2000-v7.0-G-12-01047,12,12-01,G042167E43216N,1999-09-01T00:00:00,42.15430624682088,43.21951850000001,0.072642245377272,0,3275.9336,5.0,COPDEM30,13.77331156
RGI2000-v7.0-G-12-01048,12,12-01,G042148E43224N,2000-09-12T00:00:00,42.149383722461685,43.223123,1.372719447621587,0,3143.7112,8.0,COPDEM30,26.40283548
RGI2000-v7.0-G-12-01049,12,12-01,G042138E43219N,2000-09-12T00:00:00,42.13761222396417,43.218675000000005,0.07618696412474,0,3531.1882,1.0,COPDEM30,13.86427807
RGI2000-v7.0-G-12-01050,12,12-01,G042168E43217N,1999-09-01T00:00:00,42.16817902022876,43.214462499999996,0.386952463780159,0,3085.6753,5.0,COPDEM30,18.70877046
RGI2000-v7.0-G-12-01051,12,12-01,G042127E43163N,1999-09-01T00:00:00,42.137998845735005,43.1660245,0.335673266619317,0,2943.6777,8.0,COPDEM30,18.11122434
RGI2000-v7.0-G-12-01052,12,12-01,G042133E43162N,1999-09-01T00:00:00,42.13324347413793,43.1627365,0.036692570429026,0,3082.9666,8.0,COPDEM30,12.68174268
RGI2000-v7.0-G-12-01053,12,12-01,G042128E43164N,1999-09-01T00:00:00,42.127278918940874,43.1638505,0.510358866577788,0,2965.8098,1.0,COPDEM30,20.00151678
RGI2000-v7.0-G-12-01054,12,12-01,G042128E43163N,1999-09-01T00:00:00,42.1177609124031,43.1659925,0.207484191989004,0,3042.9346,1.0,COPDEM30,16.37706058
RGI2000-v7.0-G-12-01055,12,12-01,G042118E43160N,1999-09-01T00:00:00,42.117731757521945,43.1606765,0.112421702072162,0,3126.6895,8.0,COPDEM30,14.69410839
RGI2000-v7.0-G-12-01056,12,12-01,G042117E43157N,1999-09-01T00:00:00,42.116921932608705,43.156504999999996,0.136374215071987,0,3110.17,8.0,COPDEM30,15.17004315
RGI2000-v7.0-G-12-01057,12,12-01,G042116E43152N,1999-09-01T00:00:00,42.11552294436605,43.152353000000005,0.074877600979532,0,3188.3657,7.0,COPDEM30,13.83092806
RGI2000-v7.0-G-12-01058,12,12-01,G042107E43142N,1999-09-01T00:00:00,42.11607554989517,43.14694,0.112098010598083,0,3187.6787,8.0,COPDEM30,14.68734574
RGI2000-v7.0-G-12-01059,12,12-01,G042120E43141N,1999-09-01T00:00:00,42.1182302118984,43.140162000000004,1.033823709859246,0,3114.746,3.0,COPDEM30,24.23479705
RGI2000-v7.0-G-12-01060,12,12-01,G042108E43143N,1999-09-01T00:00:00,42.10675415045753,43.1439155,1.139650858805559,0,3112.5935,1.0,COPDEM30,24.94562037
RGI2000-v7.0-G-12-01061,12,12-01,G042112E43132N,1999-09-01T00:00:00,42.11167326985782,43.1319615,0.206236119619683,0,3189.474,5.0,COPDEM30,16.35785179
RGI2000-v7.0-G-12-01062,12,12-01,G042103E43122N,1999-09-01T00:00:00,42.1035863282967,43.1221095,0.05737902234126,0,3179.2173,3.0,COPDEM30,13.35354862
RGI2000-v7.0-G-12-01063,12,12-01,G042096E43125N,1999-09-01T00:00:00,42.09745696728443,43.1256325,1.053229862924988,0,3040.8584,1.0,COPDEM30,24.36777829
RGI2000-v7.0-G-12-01064,12,12-01,G042087E43129N,1999-09-01T00:00:00,42.08727344219653,43.1291475,0.046282550796066,0,3201.3591,1.0,COPDEM30,13.01187316
RGI2000-v7.0-G-12-01065,12,12-01,G042083E43128N,1999-09-01T00:00:00,42.08315401473064,43.128190000000004,0.052252190860108,0,3238.577,1.0,COPDEM30,13.20022334
RGI2000-v7.0-G-12-01066,12,12-01,G042085E43116N,1999-09-01T00:00:00,42.08156405116959,43.117955,0.730297520185855,0,3214.9275,1.0,COPDEM30,21.96404254
RGI2000-v7.0-G-12-01067,12,12-01,G042079E43111N,1999-09-01T00:00:00,42.07593454093799,43.112603,0.927341670119123,0,3173.2566,1.0,COPDEM30,23.48180134
RGI2000-v7.0-G-12-01068,12,12-01,G042075E43107N,1999-09-01T00:00:00,42.07065291601795,43.1087815,0.439866537998952,0,3328.4514,8.0,COPDEM30,19.28514090
RGI2000-v7.0-G-12-01069,12,12-01,G042074E43106N,1999-09-01T00:00:00,42.06913022547241,43.105875499999996,0.327884381666456,0,3291.5806,8.0,COPDEM30,18.01656652
RGI2000-v7.0-G-12-01070,12,12-01,G042071E43094N,1999-09-01T00:00:00,42.070938936708856,43.0940045,0.080877673524055,0,3356.3,1.0,COPDEM30,13.98146004
RGI2000-v7.0-G-12-01071,12,12-01,G042076E43094N,1999-09-01T00:00:00,42.07574816432225,43.094423,0.093441997342625,0,3480.4985,8.0,COPDEM30,14.27955973
RGI2000-v7.0-G-12-01072,12,12-01,G042073E43088N,1999-09-01T00:00:00,42.07297234563758,43.088179,0.051963743838919,0,3064.0898,5.0,COPDEM30,13.19137804
RGI2000-v7.0-G-12-01073,12,12-01,G042084E43088N,1999-09-01T00:00:00,42.083626860824744,43.088459,0.158092312403281,0,3091.734,5.0,COPDEM30,15.56651536
RGI2000-v7.0-G-12-01074,12,12-01,G042093E43100N,1999-09-01T00:00:00,42.091532632231406,43.0984275,2.632124755079913,0,3135.6213,2.0,COPDEM30,32.71335405
RGI2000-v7.0-G-12-01075,12,12-01,G042105E43092N,1999-09-01T00:00:00,42.105419775316456,43.0915855,1.09341409477488,0,3062.7085,2.0,COPDEM30,24.63930198
RGI2000-v7.0-G-12-01076,12,12-01,G042113E43090N,1999-09-01T00:00:00,42.1129907751004,43.089783,0.049393177918446,0,3134.6973,2.0,COPDEM30,13.11144064
RGI2000-v7.0-G-12-01077,12,12-01,G042118E43092N,1999-09-01T00:00:00,42.117790473484845,43.0925025,0.027250165725256,0,2819.3208,2.0,COPDEM30,12.31106739
RGI2000-v7.0-G-12-01078,12,12-01,G042119E43089N,1999-09-01T00:00:00,42.11949799078947,43.089395499999995,0.042722134410189,0,2860.5269,2.0,COPDEM30,12.89370668
RGI2000-v7.0-G-12-01079,12,12-01,G042125E43091N,1999-09-01T00:00:00,42.123985118490424,43.090614,0.030634811277717,0,2661.0386,2.0,COPDEM30,12.45039242
RGI2000-v7.0-G-12-01080,12,12-01,G042096E43111N,1999-09-01T00:00:00,42.09553545459403,43.1104995,0.110170867210875,0,3305.5762,3.0,COPDEM30,14.64687960
RGI2000-v7.0-G-12-01081,12,12-01,G042096E43117N,1999-09-01T00:00:00,42.09455376724138,43.114075,0.949334852370639,0,3220.4617,3.0,COPDEM30,23.64073426
RGI2000-v7.0-G-12-01082,12,12-01,G042092E43150N,1999-09-01T00:00:00,42.09198755085609,43.150391,0.116036907964913,0,3077.1357,1.0,COPDEM30,14.76898668
RGI2000-v7.0-G-12-01083,12,12-01,G042121E43154N,1999-09-01T00:00:00,42.12268706988893,43.1544655,0.649901840741127,0,3121.6316,2.0,COPDEM30,21.28630855
RGI2000-v7.0-G-12-01084,12,12-01,G042094E43266N,2000-09-12T00:00:00,42.093833643971976,43.265707,0.056703756457615,0,3321.1353,1.0,COPDEM30,13.33375708
RGI2000-v7.0-G-12-01085,12,12-01,G042099E43274N,2000-09-12T00:00:00,42.09954273870787,43.2743805,0.220753901854616,0,3384.0117,1.0,COPDEM30,16.57782371
RGI2000-v7.0-G-12-01086,12,12-01,G042103E43277N,2000-09-12T00:00:00,42.1033213515625,43.275826,0.114695797524663,0,3362.9407,1.0,COPDEM30,14.74134752
RGI2000-v7.0-G-12-01087,12,12-01,G042113E43279N,2000-09-12T00:00:00,42.11292653409038,43.278491,0.041631490305962,0,3384.2598,8.0,COPDEM30,12.85653148
RGI2000-v7.0-G-12-01088,12,12-01,G042120E43285N,2000-09-12T00:00:00,42.11670556547012,43.284088499999996,0.262412525114158,0,3418.5173,2.0,COPDEM30,17.17167030
RGI2000-v7.0-G-12-01089,12,12-01,G042112E43291N,2000-09-12T00:00:00,42.111620491478696,43.290673999999996,0.024628205912905,0,3325.937,8.0,COPDEM30,12.19707268
RGI2000-v7.0-G-12-01090,12,12-01,G042112E43295N,2000-09-12T00:00:00,42.11175625,43.295165,0.028897432891294,0,3553.2563,8.0,COPDEM30,12.37989429
RGI2000-v7.0-G-12-01091,12,12-01,G042108E43298N,2000-09-12T00:00:00,42.10824070454545,43.297610000000006,0.065682444507964,0,3486.5232,8.0,COPDEM30,13.58800211
RGI2000-v7.0-G-12-01092,12,12-01,G042119E43296N,2000-09-12T00:00:00,42.119642325476306,43.29661,0.08367239663043,0,3282.8467,2.0,COPDEM30,14.04966539
RGI2000-v7.0-G-12-01093,12,12-01,G042120E43297N,2000-09-12T00:00:00,42.12599819498209,43.290983,0.151230408866393,0,3241.5261,2.0,COPDEM30,15.44436958
RGI2000-v7.0-G-12-01094,12,12-01,G042131E43289N,2000-09-12T00:00:00,42.132433337664835,43.2891265,0.088265898353397,0,3135.542,1.0,COPDEM30,14.15934082
RGI2000-v7.0-G-12-01095,12,12-01,G042124E43305N,2000-09-12T00:00:00,42.12450542459315,43.3052885,0.020954940405921,0,3249.1785,2.0,COPDEM30,12.02661499
RGI2000-v7.0-G-12-01096,12,12-01,G042109E43306N,2000-09-12T00:00:00,42.115216631240784,43.3075465,0.375883621098807,0,3247.506,1.0,COPDEM30,18.58330879
RGI2000-v7.0-G-12-01097,12,12-01,G042110E43307N,2000-09-12T00:00:00,42.10666420397428,43.30719,0.426227928388204,0,3314.2354,1.0,COPDEM30,19.14005875
RGI2000-v7.0-G-12-01098,12,12-01,G042102E43310N,2000-09-12T00:00:00,42.10128335813512,43.310116,0.098932246156125,0,3449.037,2.0,COPDEM30,14.40348955
RGI2000-v7.0-G-12-01099,12,12-01,G042097E43312N,2000-09-12T00:00:00,42.09732580713351,43.312325,0.162120687719644,0,3288.5676,1.0,COPDEM30,15.63698987
RGI2000-v7.0-G-12-01100,12,12-01,G042089E43313N,2000-09-12T00:00:00,42.088471804398154,43.3131885,0.058757095647601,0,3480.9927,1.0,COPDEM30,13.39358081
RGI2000-v7.0-G-12-01101,12,12-01,G042084E43317N,2000-09-12T00:00:00,42.084744615139755,43.316867,0.242305483310593,0,3195.4844,2.0,COPDEM30,16.89143488
RGI2000-v7.0-G-12-01102,12,12-01,G042079E43319N,2000-09-12T00:00:00,42.07944928076923,43.3191025,0.059105251018901,0,3323.773,2.0,COPDEM30,13.40362001
RGI2000-v7.0-G-12-01103,12,12-01,G042076E43322N,2000-09-12T00:00:00,42.07536296392986,43.322181,0.162234289279649,0,3224.8567,1.0,COPDEM30,15.63896451
RGI2000-v7.0-G-12-01104,12,12-01,G042092E43301N,2000-09-12T00:00:00,42.09264546673387,43.3012715,0.084339442765853,0,3413.1653,8.0,COPDEM30,14.06577554
RGI2000-v7.0-G-12-01105,12,12-01,G042214E43290N,2000-09-12T00:00:00,42.21410315344828,43.2894645,0.288726386295896,0,3336.824,1.0,COPDEM30,17.52265722
RGI2000-v7.0-G-12-01106,12,12-01,G042223E43287N,2000-09-12T00:00:00,42.22277711818182,43.286803,0.112916712123862,0,3130.5483,2.0,COPDEM30,14.70443148
RGI2000-v7.0-G-12-01107,12,12-01,G042216E43282N,2000-09-12T00:00:00,42.21644775787401,43.2816775,0.017911714062074,0,3505.1394,7.0,COPDEM30,11.87368513
RGI2000-v7.0-G-12-01108,12,12-01,G042220E43270N,2000-09-12T00:00:00,42.21608238338973,43.2714835,0.405832418582867,0,3466.9329,2.0,COPDEM30,18.91869688
RGI2000-v7.0-G-12-01109,12,12-01,G042219E43269N,2000-09-12T00:00:00,42.22376894230769,43.2716845,0.15971788135266,0,3194.335,2.0,COPDEM30,15.59506075
RGI2000-v7.0-G-12-01110,12,12-01,G042226E43262N,2000-09-12T00:00:00,42.22700743190299,43.267180499999995,0.065013411683468,0,3446.0703,3.0,COPDEM30,13.56968188
RGI2000-v7.0-G-12-01111,12,12-01,G042226E43263N,2000-09-12T00:00:00,42.225138199631644,43.263361,0.233182772867557,0,3513.2917,2.0,COPDEM30,16.76046030
RGI2000-v7.0-G-12-01112,12,12-01,G042225E43262N,2000-09-12T00:00:00,42.23020473684836,43.2610965,0.124336406777376,0,3485.9336,2.0,COPDEM30,14.93659151
RGI2000-v7.0-G-12-01113,12,12-01,G042216E43261N,2000-09-12T00:00:00,42.21435911281241,43.260142,0.163410963711923,0,3235.211,1.0,COPDEM30,15.65937708
RGI2000-v7.0-G-12-01114,12,12-01,G042256E43250N,2000-09-12T00:00:00,42.25605560967742,43.250827,0.098455666273095,0,3228.9824,1.0,COPDEM30,14.39287043
RGI2000-v7.0-G-12-01115,12,12-01,G041910E43169N,1999-09-01T00:00:00,41.911477308823535,43.1697875,0.206683033497421,0,2949.6382,1.0,COPDEM30,16.36473680
RGI2000-v7.0-G-12-01116,12,12-01,G041904E43162N,1999-09-01T00:00:00,41.90354901375405,43.161809000000005,0.052327849832751,0,2861.2568,1.0,COPDEM30,13.20253939
RGI2000-v7.0-G-12-01117,12,12-01,G041898E43162N,1999-09-01T00:00:00,41.89822762592513,43.162211,0.047206161155429,0,2718.1228,1.0,COPDEM30,13.04177704
RGI2000-v7.0-G-12-01118,12,12-01,G041828E43157N,2000-09-12T00:00:00,41.82785717623236,43.156293500000004,0.111623429376202,0,2894.0159,3.0,COPDEM30,14.67741298
RGI2000-v7.0-G-12-01119,12,12-01,G041825E43164N,2000-09-12T00:00:00,41.825639463886304,43.163935,0.591807256191819,0,3029.289,3.0,COPDEM30,20.77006138
RGI2000-v7.0-G-12-01120,12,12-01,G041816E43168N,1999-09-01T00:00:00,41.816107064070046,43.168281500000006,0.060021844551132,0,3153.4944,5.0,COPDEM30,13.42990984
RGI2000-v7.0-G-12-01121,12,12-01,G041811E43167N,1999-09-01T00:00:00,41.8120959562937,43.166205000000005,0.401633132569567,0,3093.3215,4.0,COPDEM30,18.87243450
RGI2000-v7.0-G-12-01122,12,12-01,G041798E43168N,1999-09-01T00:00:00,41.797777463286714,43.1679095,0.215620754722377,0,2959.0576,7.0,COPDEM30,16.50089747
RGI2000-v7.0-G-12-01123,12,12-01,G041797E43163N,1999-09-01T00:00:00,41.796992866883116,43.162677,0.047215275054482,0,2882.8389,7.0,COPDEM30,13.04207066
RGI2000-v7.0-G-12-01124,12,12-01,G041804E43177N,1999-09-01T00:00:00,41.80391753383403,43.176699,1.329203206894341,0,3047.2515,8.0,COPDEM30,26.14075056
RGI2000-v7.0-G-12-01125,12,12-01,G041817E43181N,1999-09-01T00:00:00,41.81710880405406,43.1816265,0.714700259505463,0,2984.7969,2.0,COPDEM30,21.83559254
RGI2000-v7.0-G-12-01126,12,12-01,G041825E43175N,2000-09-12T00:00:00,41.82401036527109,43.174974,0.985121474411813,0,2810.1736,2.0,COPDEM30,23.89546001
RGI2000-v7.0-G-12-01127,12,12-01,G041810E43192N,1999-09-01T00:00:00,41.81042028466502,43.1922,1.627730747912035,0,3073.6528,3.0,COPDEM30,27.86155723
RGI2000-v7.0-G-12-01128,12,12-01,G041801E43193N,1999-09-01T00:00:00,41.799737650000004,43.193692999999996,0.168014867988903,0,3023.306,7.0,COPDEM30,15.73854634
RGI2000-v7.0-G-12-01129,12,12-01,G041797E43189N,1999-09-01T00:00:00,41.79753621302817,43.1891985,0.225389177951697,0,2799.4314,7.0,COPDEM30,16.64652382
RGI2000-v7.0-G-12-01130,12,12-01,G041800E43201N,1999-09-01T00:00:00,41.79982223238057,43.2004375,0.208577754035344,0,2999.3682,7.0,COPDEM30,16.39384390
RGI2000-v7.0-G-12-01131,12,12-01,G041809E43202N,1999-09-01T00:00:00,41.8098231848294,43.202908,0.239020934714832,0,3128.0078,4.0,COPDEM30,16.84456742
RGI2000-v7.0-G-12-01132,12,12-01,G041818E43208N,1999-09-01T00:00:00,41.817965455498424,43.208161000000004,0.091537935636512,0,3039.184,4.0,COPDEM30,14.23573316
RGI2000-v7.0-G-12-01133,12,12-01,G041816E43213N,2000-09-12T00:00:00,41.81524372304335,43.2134725,0.365282106689055,0,2993.2852,8.0,COPDEM30,18.46140017
RGI2000-v7.0-G-12-01134,12,12-01,G041821E43220N,2000-09-12T00:00:00,41.8215674067804,43.217866,0.561780476433297,0,3057.2598,8.0,COPDEM30,20.49328230
RGI2000-v7.0-G-12-01135,12,12-01,G041821E43227N,2000-09-12T00:00:00,41.82080599882739,43.226529,0.084175717107959,0,2827.0686,8.0,COPDEM30,14.06182724
RGI2000-v7.0-G-12-01136,12,12-01,G041825E43228N,2000-09-12T00:00:00,41.82522966964942,43.2275995,0.032366954088957,0,2953.1804,7.0,COPDEM30,12.51871455
RGI2000-v7.0-G-12-01137,12,12-01,G041831E43234N,2000-09-12T00:00:00,41.830621889862854,43.2339035,0.037159695421448,0,3080.466,1.0,COPDEM30,12.69875903
RGI2000-v7.0-G-12-01138,12,12-01,G041794E43237N,2000-09-12T00:00:00,41.7969356563813,43.2365805,0.501983387160457,0,2956.5435,3.0,COPDEM30,19.91911003
RGI2000-v7.0-G-12-01139,12,12-01,G041795E43229N,2000-09-12T00:00:00,41.79598727777778,43.2292555,0.392657310170109,0,2922.0093,3.0,COPDEM30,18.77273234
RGI2000-v7.0-G-12-01140,12,12-01,G041793E43219N,2000-09-12T00:00:00,41.793485509259256,43.219513500000005,0.784173904720678,0,2904.2666,3.0,COPDEM30,22.39750319
RGI2000-v7.0-G-12-01141,12,12-01,G041792E43218N,2000-09-12T00:00:00,41.792163227922074,43.2134415,0.018265732194276,0,3138.5933,3.0,COPDEM30,11.89211086
RGI2000-v7.0-G-12-01142,12,12-01,G041795E43213N,2000-09-12T00:00:00,41.795048472058824,43.2133625,0.058593543476802,0,2962.4165,2.0,COPDEM30,13.38885446
RGI2000-v7.0-G-12-01143,12,12-01,G041804E43208N,2000-09-12T00:00:00,41.79791163461539,43.211081,0.211853952500621,0,2878.114,2.0,COPDEM30,16.44386334
RGI2000-v7.0-G-12-01144,12,12-01,G041805E43209N,2000-09-12T00:00:00,41.80489099856979,43.2114805,0.989195762627842,0,2701.9526,1.0,COPDEM30,23.92416495
RGI2000-v7.0-G-12-01145,12,12-01,G041781E43204N,1999-09-01T00:00:00,41.782131302112674,43.203976499999996,0.405843043580216,0,2076.8997,5.0,COPDEM30,18.91881363
RGI2000-v7.0-G-12-01146,12,12-01,G041769E43215N,1999-09-01T00:00:00,41.7686591485761,43.214929999999995,0.011742063172151,0,3113.8538,8.0,COPDEM30,11.51705121
RGI2000-v7.0-G-12-01147,12,12-01,G041768E43218N,1999-09-01T00:00:00,41.76659946656673,43.2185055,0.302935110638559,0,2899.5674,7.0,COPDEM30,17.70553578
RGI2000-v7.0-G-12-01148,12,12-01,G041763E43216N,1999-09-01T00:00:00,41.763508608055076,43.213843499999996,0.248797194694506,0,2849.9119,8.0,COPDEM30,16.98314042
RGI2000-v7.0-G-12-01149,12,12-01,G041757E43200N,1999-09-01T00:00:00,41.75667422421027,43.1998055,0.027679808815812,0,2653.8594,8.0,COPDEM30,12.32921500
RGI2000-v7.0-G-12-01150,12,12-01,G041772E43227N,2000-09-12T00:00:00,41.773761952653544,43.2279295,2.609826450337318,0,3206.0903,7.0,COPDEM30,32.61694021
RGI2000-v7.0-G-12-01151,12,12-01,G041773E43243N,2000-09-12T00:00:00,41.772630505386566,43.245613,0.92281153672592,0,2709.306,1.0,COPDEM30,23.44883122
RGI2000-v7.0-G-12-01152,12,12-01,G041785E43245N,2000-09-12T00:00:00,41.787951033371925,43.2459745,1.096384486272989,0,3070.8965,1.0,COPDEM30,24.65917321
RGI2000-v7.0-G-12-01153,12,12-01,G041735E43248N,2000-09-12T00:00:00,41.73538252159091,43.247593,0.1942007673315,0,2862.231,2.0,COPDEM30,16.16955026
RGI2000-v7.0-G-12-01154,12,12-01,G041730E43253N,2000-09-12T00:00:00,41.73073543896321,43.2522595,0.640109955427213,0,2875.7505,2.0,COPDEM30,21.20096207
RGI2000-v7.0-G-12-01155,12,12-01,G041731E43261N,2000-09-12T00:00:00,41.730829481733096,43.2606555,0.063649087198438,0,2617.12,2.0,COPDEM30,13.53202790
RGI2000-v7.0-G-12-01156,12,12-01,G041722E43259N,2000-09-12T00:00:00,41.72202005141844,43.2591895,0.950659300161506,0,2852.178,1.0,COPDEM30,23.65024626
RGI2000-v7.0-G-12-01157,12,12-01,G041715E43247N,2000-09-12T00:00:00,41.716394167887,43.246765999999994,0.642354476439974,0,3340.2617,7.0,COPDEM30,21.22058276
RGI2000-v7.0-G-12-01158,12,12-01,G041720E43242N,2000-09-12T00:00:00,41.7200821328125,43.241342,0.026883452947279,0,3663.4685,8.0,COPDEM30,12.29546439
RGI2000-v7.0-G-12-01159,12,12-01,G041727E43235N,1999-09-01T00:00:00,41.72652321261682,43.235477,0.21549497554972,0,2893.292,4.0,COPDEM30,16.49900109
RGI2000-v7.0-G-12-01160,12,12-01,G041735E43236N,1999-09-01T00:00:00,41.73455489948989,43.236213,0.038827301603542,0,2683.574,5.0,COPDEM30,12.75865023
RGI2000-v7.0-G-12-01161,12,12-01,G041736E43232N,1999-09-01T00:00:00,41.737452456055905,43.23172,0.417469699897461,0,2421.5095,5.0,COPDEM30,19.04566533
RGI2000-v7.0-G-12-01162,12,12-01,G041721E43229N,1999-09-01T00:00:00,41.71981262060889,43.229448000000005,0.642877865733627,0,2987.8738,3.0,COPDEM30,21.22515308
RGI2000-v7.0-G-12-01163,12,12-01,G041722E43221N,1999-09-01T00:00:00,41.721234021897814,43.2210565,0.502051625668451,0,2930.0674,3.0,COPDEM30,19.91978420
RGI2000-v7.0-G-12-01164,12,12-01,G041709E43225N,1999-09-01T00:00:00,41.70896949933161,43.224433,0.172969994329887,0,3196.125,5.0,COPDEM30,15.82255261
RGI2000-v7.0-G-12-01165,12,12-01,G041693E43224N,2000-09-12T00:00:00,41.69426437340425,43.228572,2.368698998555287,0,2852.7495,1.0,COPDEM30,31.54680959
RGI2000-v7.0-G-12-01166,12,12-01,G041678E43220N,1999-09-01T00:00:00,41.67806343344255,43.218999499999995,0.2813642401306,0,3253.859,7.0,COPDEM30,17.42612894
RGI2000-v7.0-G-12-01167,12,12-01,G041674E43218N,1999-09-01T00:00:00,41.67433581826441,43.2175005,0.1226657174277,0,2986.7742,7.0,COPDEM30,14.90331323
RGI2000-v7.0-G-12-01168,12,12-01,G041675E43212N,1999-09-01T00:00:00,41.676463775,43.2118975,0.907174183445481,0,3125.8225,7.0,COPDEM30,23.33439687
RGI2000-v7.0-G-12-01169,12,12-01,G041677E43201N,1999-09-01T00:00:00,41.67700335410963,43.201162,0.045090105015514,0,2664.3894,6.0,COPDEM30,12.97282031
RGI2000-v7.0-G-12-01170,12,12-01,G041683E43198N,1999-09-01T00:00:00,41.682557893173964,43.197798,0.058631792380401,0,2871.5645,7.0,COPDEM30,13.38996037
RGI2000-v7.0-G-12-01171,12,12-01,G041682E43193N,1999-09-01T00:00:00,41.6817632760989,43.1947935,0.033112386356711,0,2900.4475,7.0,COPDEM30,12.54755328
RGI2000-v7.0-G-12-01172,12,12-01,G041683E43194N,1999-09-01T00:00:00,41.68206438123036,43.192362,0.092624169228784,0,2932.124,7.0,COPDEM30,14.26079067
RGI2000-v7.0-G-12-01173,12,12-01,G041678E43190N,1999-09-01T00:00:00,41.67887364868176,43.190084999999996,0.031034881475484,0,2756.3623,7.0,COPDEM30,12.46634077
RGI2000-v7.0-G-12-01174,12,12-01,G041690E43190N,1999-09-01T00:00:00,41.69003992104388,43.1898275,0.073699758983553,0,3050.5903,3.0,COPDEM30,13.80067793
RGI2000-v7.0-G-12-01175,12,12-01,G041691E43206N,1999-09-01T00:00:00,41.69194493014706,43.19503400000001,0.269281929308315,0,2759.2598,3.0,COPDEM30,17.26493346
RGI2000-v7.0-G-12-01176,12,12-01,G041704E43191N,1999-09-01T00:00:00,41.7035487,43.19082,0.076495424272203,0,2382.079,2.0,COPDEM30,13.87209287
RGI2000-v7.0-G-12-01177,12,12-01,G041692E43207N,1999-09-01T00:00:00,41.69132514860139,43.20877,1.788732199555571,0,2863.0403,3.0,COPDEM30,28.72408906
RGI2000-v7.0-G-12-01178,12,12-01,G041672E43225N,1999-09-01T00:00:00,41.670911961538465,43.2266215,0.657559829967781,0,3017.059,6.0,COPDEM30,21.35260880
RGI2000-v7.0-G-12-01179,12,12-01,G041659E43231N,1999-09-01T00:00:00,41.660619462401996,43.230900000000005,0.586067762570661,0,3204.852,5.0,COPDEM30,20.71770878
RGI2000-v7.0-G-12-01180,12,12-01,G041650E43226N,1999-09-01T00:00:00,41.64648223850574,43.2272375,0.597794897364946,0,3107.8672,4.0,COPDEM30,20.82440760
RGI2000-v7.0-G-12-01181,12,12-01,G041642E43219N,1999-09-01T00:00:00,41.64133883333333,43.217882,0.920126385607548,0,3006.624,3.0,COPDEM30,23.42925060
RGI2000-v7.0-G-12-01182,12,12-01,G041624E43217N,1999-09-01T00:00:00,41.625748509680434,43.216899,0.872638791339197,0,3035.372,4.0,COPDEM30,23.07811925
RGI2000-v7.0-G-12-01183,12,12-01,G041618E43210N,1999-09-01T00:00:00,41.61832902702703,43.210001500000004,0.108959772864064,0,2952.424,4.0,COPDEM30,14.62126774
RGI2000-v7.0-G-12-01184,12,12-01,G041606E43210N,1999-09-01T00:00:00,41.605919690977444,43.210203,0.129511096728389,0,3170.4534,6.0,COPDEM30,15.03827103
RGI2000-v7.0-G-12-01185,12,12-01,G041607E43219N,1999-09-01T00:00:00,41.605853825573774,43.220608999999996,1.493503063984663,0,2996.762,7.0,COPDEM30,27.10925482
RGI2000-v7.0-G-12-01186,12,12-01,G041606E43218N,1999-09-01T00:00:00,41.61563418773652,43.223059500000005,0.029672868890876,0,3518.4941,3.0,COPDEM30,12.41161405
RGI2000-v7.0-G-12-01187,12,12-01,G041595E43230N,1999-09-01T00:00:00,41.59420088768116,43.229643499999995,0.193124082072568,0,2955.646,5.0,COPDEM30,16.15242392
RGI2000-v7.0-G-12-01188,12,12-01,G041581E43225N,1999-09-01T00:00:00,41.58040481423445,43.2249045,0.052316293628789,0,2905.881,4.0,COPDEM30,13.20218575
RGI2000-v7.0-G-12-01189,12,12-01,G041572E43240N,2000-09-12T00:00:00,41.5723302776243,43.239642,4.453797823620889,0,3317.158,6.0,COPDEM30,39.54563205
RGI2000-v7.0-G-12-01190,12,12-01,G041588E43250N,1999-09-01T00:00:00,41.591497332603936,43.248576,3.396845667456023,0,3203.6484,2.0,COPDEM30,35.80274696
RGI2000-v7.0-G-12-01191,12,12-01,G041603E43250N,1999-09-01T00:00:00,41.60286759104939,43.2498755,0.056409606089869,0,3061.52,3.0,COPDEM30,13.32509891
RGI2000-v7.0-G-12-01192,12,12-01,G041626E43230N,1999-09-01T00:00:00,41.60165236492941,43.239978,7.09087658853402,0,2948.6345,1.0,COPDEM30,47.28017987
RGI2000-v7.0-G-12-01193,12,12-01,G041590E43264N,1999-09-01T00:00:00,41.58975863194444,43.2638125,0.0278528650333,0,3165.5583,3.0,COPDEM30,12.33648487
RGI2000-v7.0-G-12-01194,12,12-01,G041587E43264N,1999-09-01T00:00:00,41.58653059385382,43.2643185,0.030198527330012,0,3377.4985,3.0,COPDEM30,12.43288129
RGI2000-v7.0-G-12-01195,12,12-01,G041590E43267N,1999-09-01T00:00:00,41.59015375,43.266645499999996,0.095446112029758,0,3023.4814,3.0,COPDEM30,14.32520959
RGI2000-v7.0-G-12-01196,12,12-01,G041584E43273N,1999-09-01T00:00:00,41.58373468987341,43.273531000000006,0.213003170238273,0,2880.1875,8.0,COPDEM30,16.46131731
RGI2000-v7.0-G-12-01197,12,12-01,G041577E43270N,1999-09-01T00:00:00,41.57637894896774,43.270177000000004,0.132471016552217,0,2951.4038,8.0,COPDEM30,15.09551953
RGI2000-v7.0-G-12-01198,12,12-01,G041639E43252N,2000-09-12T00:00:00,41.63985841287879,43.2534755,0.117553321689502,0,2936.3525,8.0,COPDEM30,14.80004698
RGI2000-v7.0-G-12-01199,12,12-01,G041652E43255N,2000-09-12T00:00:00,41.6516776753861,43.2549975,2.339065670157191,0,3056.9346,1.0,COPDEM30,31.41160600
RGI2000-v7.0-G-12-01200,12,12-01,G041668E43251N,2000-09-12T00:00:00,41.66491412329579,43.254405,0.922985701247747,0,2892.802,2.0,COPDEM30,23.45010028
RGI2000-v7.0-G-12-01201,12,12-01,G041663E43262N,2000-09-12T00:00:00,41.66421447064394,43.261944,0.152972466503632,0,2518.786,2.0,COPDEM30,15.47563726
RGI2000-v7.0-G-12-01202,12,12-01,G041662E43247N,2000-09-12T00:00:00,41.66259683373674,43.2465195,0.053088785856087,0,3537.3652,3.0,COPDEM30,13.22574054
RGI2000-v7.0-G-12-01203,12,12-01,G041647E43243N,1999-09-01T00:00:00,41.6487971114003,43.2423095,1.479948677283602,0,3261.391,8.0,COPDEM30,27.03143977
RGI2000-v7.0-G-12-01204,12,12-01,G041673E43238N,2000-09-12T00:00:00,41.67605963999993,43.237289000000004,2.514317297781899,0,3045.032,2.0,COPDEM30,32.19923851
RGI2000-v7.0-G-12-01205,12,12-01,G041708E43240N,2000-09-12T00:00:00,41.708737572383725,43.2402485,0.069033547956074,0,2802.3865,7.0,COPDEM30,13.67839305
RGI2000-v7.0-G-12-01206,12,12-01,G041711E43283N,2000-09-12T00:00:00,41.71118880859375,43.283171499999995,0.015713109781975,0,3146.1743,1.0,COPDEM30,11.75492721
RGI2000-v7.0-G-12-01207,12,12-01,G041715E43283N,2000-09-12T00:00:00,41.71450489610389,43.283398000000005,0.034405117371139,0,3067.4429,1.0,COPDEM30,12.59680631
RGI2000-v7.0-G-12-01208,12,12-01,G041707E43284N,2000-09-12T00:00:00,41.707143486250004,43.284107,0.101497486844449,0,3019.2917,1.0,COPDEM30,14.46021383
RGI2000-v7.0-G-12-01209,12,12-01,G041570E43365N,1999-09-01T00:00:00,41.565240951988635,43.367979,0.776661233372082,0,3180.906,3.0,COPDEM30,22.33797397
RGI2000-v7.0-G-12-01210,12,12-01,G041553E43368N,1999-09-01T00:00:00,41.55466076869088,43.367203,0.195950018903635,0,3347.848,3.0,COPDEM30,16.19727389
RGI2000-v7.0-G-12-01211,12,12-01,G041542E43372N,1999-09-01T00:00:00,41.54291816532258,43.3723145,0.061072270203349,0,3291.4824,8.0,COPDEM30,13.45979262
RGI2000-v7.0-G-12-01212,12,12-01,G041549E43379N,1999-09-01T00:00:00,41.54867588134057,43.379838500000005,1.509243204986921,0,3188.5483,1.0,COPDEM30,27.19917638
RGI2000-v7.0-G-12-01213,12,12-01,G041548E43378N,1999-09-01T00:00:00,41.554533447221864,43.384777,0.027486735933065,0,3273.502,7.0,COPDEM30,12.32107739
RGI2000-v7.0-G-12-01214,12,12-01,G041566E43380N,1999-09-01T00:00:00,41.56518115,43.38224700000001,1.786749135042708,0,3215.724,1.0,COPDEM30,28.71370702
RGI2000-v7.0-G-12-01215,12,12-01,G041532E43377N,1999-09-01T00:00:00,41.53234297923814,43.376886999999996,0.020500663250901,0,3339.8203,5.0,COPDEM30,12.00452738
RGI2000-v7.0-G-12-01216,12,12-01,G041524E43379N,1999-09-01T00:00:00,41.52359568878866,43.3794915,0.044695489847722,0,3221.3127,8.0,COPDEM30,12.95978310
RGI2000-v7.0-G-12-01217,12,12-01,G041517E43383N,1999-09-01T00:00:00,41.517333873831774,43.382701999999995,0.023449960556734,0,3237.5,6.0,COPDEM30,12.14387319
RGI2000-v7.0-G-12-01218,12,12-01,G041523E43387N,1999-09-01T00:00:00,41.52489799182673,43.3862285,0.615978000286709,0,3134.0503,2.0,COPDEM30,20.98779723
RGI2000-v7.0-G-12-01219,12,12-01,G041507E43393N,1999-09-01T00:00:00,41.51344688847418,43.393359000000004,0.316817302131011,0,3044.3071,1.0,COPDEM30,17.88011366
RGI2000-v7.0-G-12-01220,12,12-01,G041421E43398N,1999-09-01T00:00:00,41.421286010511366,43.397746,0.12163005586621,0,3065.3638,2.0,COPDEM30,14.88257012
RGI2000-v7.0-G-12-01221,12,12-01,G041414E43406N,1999-09-01T00:00:00,41.414434721589714,43.406035,0.185088527139363,0,3091.0989,1.0,COPDEM30,16.02306826
RGI2000-v7.0-G-12-01222,12,12-01,G041417E43430N,1999-09-01T00:00:00,41.4165588940678,43.4299865,0.069074173787519,0,3042.4102,1.0,COPDEM30,13.67947524
RGI2000-v7.0-G-12-01223,12,12-01,G041420E43480N,1999-09-01T00:00:00,41.41967576406927,43.479728,0.035418886723848,0,3062.156,2.0,COPDEM30,12.63478686
RGI2000-v7.0-G-12-01224,12,12-01,G041454E43480N,1999-09-01T00:00:00,41.45359787248323,43.4801545,0.081451898731592,0,3043.917,1.0,COPDEM30,13.99556906
RGI2000-v7.0-G-12-01225,12,12-01,G041404E43342N,1999-09-01T00:00:00,41.40179221089879,43.339646,0.826505564987083,0,3209.2598,7.0,COPDEM30,22.72772921
RGI2000-v7.0-G-12-01226,12,12-01,G041395E43251N,1999-09-01T00:00:00,41.39494195125924,43.2507545,0.062734398091495,0,2724.1138,1.0,COPDEM30,13.50655700
RGI2000-v7.0-G-12-01227,12,12-01,G041391E43250N,1999-09-01T00:00:00,41.39137995018382,43.2502185,0.055184841783404,0,2817.5037,8.0,COPDEM30,13.28880358
RGI2000-v7.0-G-12-01228,12,12-01,G041388E43250N,1999-09-01T00:00:00,41.38808576480263,43.2498505,0.041083208662663,0,2693.5151,1.0,COPDEM30,12.83765905
RGI2000-v7.0-G-12-01229,12,12-01,G041399E43250N,1999-09-01T00:00:00,41.39877225071229,43.250262,0.023192377362124,0,2831.4536,1.0,COPDEM30,12.13206613
RGI2000-v7.0-G-12-01230,12,12-01,G041357E43252N,1999-09-01T00:00:00,41.35684122757158,43.251836,0.027017339912478,0,2528.9375,8.0,COPDEM30,12.30117331
RGI2000-v7.0-G-12-01231,12,12-01,G041338E43256N,1999-09-01T00:00:00,41.337563755434786,43.256463499999995,0.037585053755709,0,2605.2766,3.0,COPDEM30,12.71416111
RGI2000-v7.0-G-12-01232,12,12-01,G041335E43260N,1999-09-01T00:00:00,41.33546114782609,43.2600065,0.033238524282789,0,2658.6084,1.0,COPDEM30,12.55240098
RGI2000-v7.0-G-12-01233,12,12-01,G041321E43265N,1999-09-01T00:00:00,41.321417669999995,43.264537000000004,0.074813157557206,0,2619.2178,1.0,COPDEM30,13.82927916
RGI2000-v7.0-G-12-01234,12,12-01,G041208E43280N,1999-09-01T00:00:00,41.207893556930706,43.28002600000001,0.128794030630079,0,2303.6113,2.0,COPDEM30,15.02430393
RGI2000-v7.0-G-12-01235,12,12-01,G041190E43282N,1999-09-01T00:00:00,41.197096693023255,43.279838,0.95956323323414,0,2788.1929,2.0,COPDEM30,23.71402179
RGI2000-v7.0-G-12-01236,12,12-01,G041198E43289N,1999-09-01T00:00:00,41.197102044281735,43.28945,0.154874940032666,0,2667.2905,2.0,COPDEM30,15.50958149
RGI2000-v7.0-G-12-01237,12,12-01,G041201E43289N,1999-09-01T00:00:00,41.20072359247591,43.289146,0.046289092566612,0,2648.3958,1.0,COPDEM30,13.01208601
RGI2000-v7.0-G-12-01238,12,12-01,G041203E43291N,1999-09-01T00:00:00,41.203287132266944,43.292154499999995,0.072493520993682,0,2458.1924,1.0,COPDEM30,13.76944692
RGI2000-v7.0-G-12-01239,12,12-01,G041207E43289N,1999-09-01T00:00:00,41.20676603742038,43.2891915,0.045757368527512,0,2680.6116,2.0,COPDEM30,12.99473609
RGI2000-v7.0-G-12-01240,12,12-01,G041211E43290N,1999-09-01T00:00:00,41.21125150991278,43.290088999999995,0.077898201685496,0,2527.0735,1.0,COPDEM30,13.90743490
RGI2000-v7.0-G-12-01241,12,12-01,G041185E43285N,1999-09-01T00:00:00,41.186268961534395,43.2867155,1.357289324727787,0,2728.6829,1.0,COPDEM30,26.31038650
RGI2000-v7.0-G-12-01242,12,12-01,G041177E43287N,1999-09-01T00:00:00,41.176574202173924,43.286527500000005,0.039761890922875,0,2980.144,2.0,COPDEM30,12.79165374
RGI2000-v7.0-G-12-01243,12,12-01,G041234E43376N,1999-09-01T00:00:00,41.23671090735695,43.375634000000005,2.197942780760474,0,2978.6985,2.0,COPDEM30,30.75564465
RGI2000-v7.0-G-12-01244,12,12-01,G041507E43293N,1999-09-01T00:00:00,41.50718419708029,43.293276500000005,0.054008521146976,0,3460.2852,8.0,COPDEM30,13.25356268
RGI2000-v7.0-G-12-01245,12,12-01,G041817E42990N,2000-09-12T00:00:00,41.81748008435583,42.989613,0.029600228064096,0,2756.0447,1.0,COPDEM30,12.40866035
RGI2000-v7.0-G-12-01246,12,12-01,G041824E42989N,2000-09-12T00:00:00,41.82372539621703,42.988483,0.021187294490764,0,2765.1025,2.0,COPDEM30,12.03781984
RGI2000-v7.0-G-12-01247,12,12-01,G041832E42989N,2000-09-12T00:00:00,41.83187173261305,42.9894945,0.030581336792436,0,2741.4438,1.0,COPDEM30,12.44825285
RGI2000-v7.0-G-12-01248,12,12-01,G041841E42986N,2000-09-12T00:00:00,41.84110631869231,42.9855725,0.049231048456922,0,2905.371,2.0,COPDEM30,13.10632991
RGI2000-v7.0-G-12-01249,12,12-01,G041848E42986N,2000-09-12T00:00:00,41.847327442835386,42.9868765,0.148024789534381,0,2729.407,1.0,COPDEM30,15.38635858
RGI2000-v7.0-G-12-01250,12,12-01,G041857E42987N,2000-09-12T00:00:00,41.85787694522472,42.987551499999995,0.192523750251076,0,2926.0781,1.0,COPDEM30,16.14285398
RGI2000-v7.0-G-12-01251,12,12-01,G041865E42988N,2000-09-12T00:00:00,41.86451125604838,42.9879365,0.209505879872297,0,3062.7861,8.0,COPDEM30,16.40805372
RGI2000-v7.0-G-12-01252,12,12-01,G041866E42992N,2000-09-12T00:00:00,41.865187966417906,42.9926465,0.088588380768451,0,2945.0054,8.0,COPDEM30,14.16693204
RGI2000-v7.0-G-12-01253,12,12-01,G041871E42991N,2000-09-12T00:00:00,41.87279197321429,42.990644,0.134285212799705,0,2850.399,2.0,COPDEM30,15.13029256
RGI2000-v7.0-G-12-01254,12,12-01,G041874E42984N,2000-09-12T00:00:00,41.87533372633137,42.983881,0.420811683916303,0,2998.4521,2.0,COPDEM30,19.08179993
RGI2000-v7.0-G-12-01255,12,12-01,G041881E42980N,2000-09-12T00:00:00,41.88124315,42.9797175,0.078331679440078,0,2913.5952,2.0,COPDEM30,13.91829161
RGI2000-v7.0-G-12-01256,12,12-01,G041894E42977N,2000-09-12T00:00:00,41.89563531060606,42.9765685,0.071463049246354,0,2864.0015,8.0,COPDEM30,13.74256031
RGI2000-v7.0-G-12-01257,12,12-01,G041907E42975N,2000-09-12T00:00:00,41.907017518567635,42.974940000000004,0.190483252110864,0,2767.5425,3.0,COPDEM30,16.11021419
RGI2000-v7.0-G-12-01258,12,12-01,G041912E42969N,2000-09-12T00:00:00,41.912327488105014,42.968824999999995,0.129607262526112,0,2768.6165,2.0,COPDEM30,15.04014121
RGI2000-v7.0-G-12-01259,12,12-01,G041903E42984N,2000-09-12T00:00:00,41.902593555,42.9841695,0.061459317797516,0,2811.9917,1.0,COPDEM30,13.47073858
RGI2000-v7.0-G-12-01260,12,12-01,G042138E42861N,2000-08-12T00:00:00,42.137581608240055,42.8605945,0.031896716945895,0,2819.0034,2.0,COPDEM30,12.50035128
RGI2000-v7.0-G-12-01261,12,12-01,G042138E42849N,2000-08-12T00:00:00,42.13749438151261,42.848993,0.021564195810863,0,2724.477,1.0,COPDEM30,12.05586536
RGI2000-v7.0-G-12-01262,12,12-01,G042152E42851N,2000-08-12T00:00:00,42.15202937499369,42.8514655,0.053080427302416,0,2648.4417,2.0,COPDEM30,13.22548659
RGI2000-v7.0-G-12-01263,12,12-01,G042163E42831N,2000-08-12T00:00:00,42.16346848285714,42.831422,0.029415187245151,0,2712.6614,1.0,COPDEM30,12.40111988
RGI2000-v7.0-G-12-01264,12,12-01,G042175E42834N,2000-08-12T00:00:00,42.173362086824326,42.834742000000006,0.155304467137058,0,2804.564,1.0,COPDEM30,15.51721629
RGI2000-v7.0-G-12-01265,12,12-01,G042179E42832N,2000-08-12T00:00:00,42.17941578072626,42.832404999999994,0.021467556772704,0,2838.7612,6.0,COPDEM30,12.05125355
RGI2000-v7.0-G-12-01266,12,12-01,G042188E42835N,2000-08-12T00:00:00,42.18756599479498,42.8348595,0.044999425476448,0,2904.5625,4.0,COPDEM30,12.96982952
RGI2000-v7.0-G-12-01267,12,12-01,G042188E42839N,2000-08-12T00:00:00,42.18711826462644,42.839507499999996,0.308918479892132,0,2854.0894,1.0,COPDEM30,17.78126096
RGI2000-v7.0-G-12-01268,12,12-01,G042190E42842N,2000-08-12T00:00:00,42.190229587912086,42.842286,0.044853552860725,0,2738.0222,2.0,COPDEM30,12.96501203
RGI2000-v7.0-G-12-01269,12,12-01,G042195E42836N,2000-08-12T00:00:00,42.1947621953125,42.83569,0.035632075597536,0,2955.5688,6.0,COPDEM30,12.64270445
RGI2000-v7.0-G-12-01270,12,12-01,G042193E42830N,2000-08-12T00:00:00,42.19320701525822,42.830422,0.053489897613206,0,2656.838,6.0,COPDEM30,13.23790363
RGI2000-v7.0-G-12-01271,12,12-01,G042202E42831N,2000-08-12T00:00:00,42.2026432037037,42.830648,0.062988747991264,0,2830.062,3.0,COPDEM30,13.51365829
RGI2000-v7.0-G-12-01272,12,12-01,G042208E42825N,2000-08-12T00:00:00,42.20767700862069,42.824524,0.110347932393701,0,2475.2654,2.0,COPDEM30,14.65061230
RGI2000-v7.0-G-12-01273,12,12-01,G042202E42819N,2000-08-12T00:00:00,42.20212075097547,42.819115499999995,0.247345649437399,0,2701.785,2.0,COPDEM30,16.96273993
RGI2000-v7.0-G-12-01274,12,12-01,G042216E42815N,2000-08-12T00:00:00,42.21659158297936,42.815540999999996,0.235483970260392,0,2759.4658,1.0,COPDEM30,16.79373669
RGI2000-v7.0-G-12-01275,12,12-01,G042221E42812N,2000-08-12T00:00:00,42.22086792545053,42.8124755,0.053536700791964,0,2871.0745,2.0,COPDEM30,13.23931989
RGI2000-v7.0-G-12-01276,12,12-01,G042221E42809N,2000-08-12T00:00:00,42.22077875474854,42.8093705,0.172136771966231,0,2964.8752,2.0,COPDEM30,15.80851163
RGI2000-v7.0-G-12-01277,12,12-01,G042220E42806N,2000-08-12T00:00:00,42.21962494609198,42.805502000000004,0.042964071442995,0,3022.964,4.0,COPDEM30,12.90188870
RGI2000-v7.0-G-12-01278,12,12-01,G042226E42807N,2000-08-12T00:00:00,42.22563203920576,42.8065895,0.060630912720738,0,2899.9133,2.0,COPDEM30,13.44726832
RGI2000-v7.0-G-12-01279,12,12-01,G042229E42805N,2000-08-12T00:00:00,42.22918254372246,42.804593999999994,0.042539872385735,0,2790.348,2.0,COPDEM30,12.88752749
RGI2000-v7.0-G-12-01280,12,12-01,G042234E42807N,2000-08-12T00:00:00,42.23362904705883,42.806489,0.045248266974853,0,2427.6191,3.0,COPDEM30,12.97802960
RGI2000-v7.0-G-12-01281,12,12-01,G042232E42801N,2000-08-12T00:00:00,42.23236749527442,42.801421000000005,0.031344735933713,0,2838.396,2.0,COPDEM30,12.47862225
RGI2000-v7.0-G-12-01282,12,12-01,G042236E42799N,2000-08-12T00:00:00,42.2353284799358,42.799767,0.073290006822692,0,2761.8442,2.0,COPDEM30,13.79009780
RGI2000-v7.0-G-12-01283,12,12-01,G042233E42796N,2000-08-12T00:00:00,42.23261687549039,42.795919999999995,0.039491524675873,0,2957.3418,3.0,COPDEM30,12.78214644
RGI2000-v7.0-G-12-01284,12,12-01,G042232E42795N,2000-08-12T00:00:00,42.23546517280556,42.794971000000004,0.029470836708933,0,2828.1707,3.0,COPDEM30,12.40339010
RGI2000-v7.0-G-12-01285,12,12-01,G042259E42786N,2000-08-12T00:00:00,42.25899525727459,42.7856515,0.042043227937022,0,2923.8335,2.0,COPDEM30,12.87062235
RGI2000-v7.0-G-12-01286,12,12-01,G042261E42789N,2000-08-12T00:00:00,42.260951256198354,42.78880100000001,0.093480481479063,0,2629.329,2.0,COPDEM30,14.28044091
RGI2000-v7.0-G-12-01287,12,12-01,G042261E42780N,2000-08-12T00:00:00,42.26113128311297,42.779863500000005,0.033183139859258,0,2890.6926,2.0,COPDEM30,12.55027360
RGI2000-v7.0-G-12-01288,12,12-01,G042214E42809N,2000-08-12T00:00:00,42.21431505511811,42.809168,0.140958744422792,0,3075.0483,1.0,COPDEM30,15.25622620
RGI2000-v7.0-G-12-01289,12,12-01,G042209E42808N,2000-08-12T00:00:00,42.20886578289473,42.8073905,0.019990021162493,0,3025.7788,1.0,COPDEM30,11.97940500
RGI2000-v7.0-G-12-01290,12,12-01,G042179E42839N,2000-08-12T00:00:00,42.1787754300856,42.839423,0.154389612278393,0,2809.9814,1.0,COPDEM30,15.50094210
RGI2000-v7.0-G-12-01291,12,12-01,G042402E42889N,2000-08-12T00:00:00,42.4016805169008,42.889426,0.025157496452119,0,3037.564,3.0,COPDEM30,12.22055608
RGI2000-v7.0-G-12-01292,12,12-01,G042471E42924N,2000-08-12T00:00:00,42.471577249999996,42.9233675,0.072877995108521,0,3232.617,1.0,COPDEM30,13.77942946
RGI2000-v7.0-G-12-01293,12,12-01,G042470E42923N,2000-08-12T00:00:00,42.474488481897126,42.9271085,0.04753569855668,0,3126.1553,7.0,COPDEM30,13.05237562
RGI2000-v7.0-G-12-01294,12,12-01,G042480E42919N,2000-08-12T00:00:00,42.4784582375,42.9194945,0.093648623901117,0,2865.8882,4.0,COPDEM30,14.28428877
RGI2000-v7.0-G-12-01295,12,12-01,G042482E42916N,2000-08-12T00:00:00,42.48260474069107,42.9159115,0.061064219556806,0,2601.0562,3.0,COPDEM30,13.45956457
RGI2000-v7.0-G-12-01296,12,12-01,G042483E42910N,2000-08-12T00:00:00,42.48320934384947,42.909823,0.043666862340564,0,2732.2207,3.0,COPDEM30,12.92552645
RGI2000-v7.0-G-12-01297,12,12-01,G042496E42933N,2000-08-12T00:00:00,42.492281,42.931534,1.000751220005549,0,3473.9841,5.0,COPDEM30,24.00525755
RGI2000-v7.0-G-12-01298,12,12-01,G042534E42928N,2000-08-12T00:00:00,42.5060898393016,42.934529,5.815225997653813,0,3299.8274,1.0,COPDEM30,43.76069157
RGI2000-v7.0-G-12-01299,12,12-01,G042508E42926N,2000-08-12T00:00:00,42.50783016774626,42.9260055,0.071075699283735,0,3553.4385,7.0,COPDEM30,13.73240366
RGI2000-v7.0-G-12-01300,12,12-01,G042522E42934N,2000-08-12T00:00:00,42.51823350608798,42.9350155,0.061433876028616,0,3215.142,3.0,COPDEM30,13.47002013
RGI2000-v7.0-G-12-01301,12,12-01,G042545E42938N,2000-08-12T00:00:00,42.5403297829467,42.9388725,0.765799374636536,0,3347.6345,8.0,COPDEM30,22.25139492
RGI2000-v7.0-G-12-01302,12,12-01,G042550E42943N,2000-08-12T00:00:00,42.545594326340975,42.943678500000004,0.133918234174581,0,3341.81,2.0,COPDEM30,15.12327765
RGI2000-v7.0-G-12-01303,12,12-01,G042549E42942N,2000-08-12T00:00:00,42.54311305191257,42.948547500000004,0.09661421130446,0,3252.5703,2.0,COPDEM30,14.35159573
RGI2000-v7.0-G-12-01304,12,12-01,G042538E42950N,2000-08-12T00:00:00,42.53781658950974,42.950294,0.045923444823625,0,3295.7917,1.0,COPDEM30,13.00016586
RGI2000-v7.0-G-12-01305,12,12-01,G042531E42955N,2000-08-12T00:00:00,42.53148218705883,42.955354,0.027029553155682,0,3171.7964,2.0,COPDEM30,12.30169338
RGI2000-v7.0-G-12-01306,12,12-01,G042556E42933N,2000-08-12T00:00:00,42.55149843078236,42.9359365,1.331871811706028,0,3523.8247,2.0,COPDEM30,26.15694510
RGI2000-v7.0-G-12-01307,12,12-01,G042564E42937N,2000-08-12T00:00:00,42.56042956521739,42.937056,0.236124344006164,0,3164.233,1.0,COPDEM30,16.80296784
RGI2000-v7.0-G-12-01308,12,12-01,G042565E42925N,2000-08-12T00:00:00,42.55990908577297,42.928266,1.191038431546444,0,3420.284,2.0,COPDEM30,25.27885901
RGI2000-v7.0-G-12-01309,12,12-01,G042557E42918N,2000-08-12T00:00:00,42.55024979570895,42.918339,0.297334643176743,0,3736.3557,7.0,COPDEM30,17.63397603
RGI2000-v7.0-G-12-01310,12,12-01,G042564E42906N,2000-08-12T00:00:00,42.5647209634313,42.905686,0.134332936568627,0,3305.2021,5.0,COPDEM30,15.13120411
RGI2000-v7.0-G-12-01311,12,12-01,G042586E42907N,2000-08-12T00:00:00,42.57354357571428,42.904537000000005,0.12784803436072,0,3364.6252,4.0,COPDEM30,15.00581809
RGI2000-v7.0-G-12-01312,12,12-01,G042587E42908N,2000-08-12T00:00:00,42.57947767759936,42.907666000000006,0.213998945057745,0,3520.647,5.0,COPDEM30,16.47640280
RGI2000-v7.0-G-12-01313,12,12-01,G042590E42905N,2000-08-12T00:00:00,42.585727808103975,42.905368499999994,0.086997397815026,0,3391.6216,5.0,COPDEM30,14.12934498
RGI2000-v7.0-G-12-01314,12,12-01,G042589E42908N,2000-08-12T00:00:00,42.58879561734694,42.907948,0.077659865680653,0,3481.2708,3.0,COPDEM30,13.90145276
RGI2000-v7.0-G-12-01315,12,12-01,G042598E42912N,2000-08-12T00:00:00,42.59411616313068,42.9137185,0.700738049503851,0,3410.707,1.0,COPDEM30,21.71941371
RGI2000-v7.0-G-12-01316,12,12-01,G042606E42911N,2000-08-12T00:00:00,42.60141068036998,42.913728000000006,0.515216430589188,0,3302.185,1.0,COPDEM30,20.04900097
RGI2000-v7.0-G-12-01317,12,12-01,G042613E42915N,2000-08-12T00:00:00,42.607312388265015,42.9167235,0.461179200611729,0,2982.7998,1.0,COPDEM30,19.50742464
RGI2000-v7.0-G-12-01318,12,12-01,G042621E42918N,2000-08-12T00:00:00,42.61590078625541,42.9181285,0.142090110781714,0,3088.3154,8.0,COPDEM30,15.27727787
RGI2000-v7.0-G-12-01319,12,12-01,G042612E42914N,2000-08-12T00:00:00,42.6164615,42.913082,0.055879794105719,0,3451.4026,8.0,COPDEM30,13.30944703
RGI2000-v7.0-G-12-01320,12,12-01,G042611E42911N,2000-08-12T00:00:00,42.61054716666666,42.9107235,0.085118466847973,0,3501.8684,1.0,COPDEM30,14.08450970
RGI2000-v7.0-G-12-01321,12,12-01,G042604E42907N,2000-08-12T00:00:00,42.60424419452851,42.907578,0.050070669682693,0,3355.328,4.0,COPDEM30,13.13270670
RGI2000-v7.0-G-12-01322,12,12-01,G042601E42907N,2000-08-12T00:00:00,42.600994533588235,42.906991000000005,0.045227211054034,0,3452.8008,4.0,COPDEM30,12.97733662
RGI2000-v7.0-G-12-01323,12,12-01,G042630E42911N,2000-08-12T00:00:00,42.62453285986278,42.9113595,0.138269454976269,0,3368.1653,5.0,COPDEM30,15.20584414
RGI2000-v7.0-G-12-01324,12,12-01,G042635E42914N,2000-08-12T00:00:00,42.63474836132075,42.913809,0.101626827201204,0,3600.0105,8.0,COPDEM30,14.46305480
RGI2000-v7.0-G-12-01325,12,12-01,G042646E42920N,2000-08-12T00:00:00,42.640230295069856,42.919471,0.976186802797499,0,3209.7886,1.0,COPDEM30,23.83230326
RGI2000-v7.0-G-12-01326,12,12-01,G042636E42920N,2000-08-12T00:00:00,42.630860318181824,42.9212285,0.326140180230961,0,2968.7021,1.0,COPDEM30,17.99521578
RGI2000-v7.0-G-12-01327,12,12-01,G042629E42918N,2000-08-12T00:00:00,42.623089035123954,42.919171500000004,0.971171666828877,0,3258.5723,1.0,COPDEM30,23.79672594
RGI2000-v7.0-G-12-01328,12,12-01,G042658E42910N,2000-08-12T00:00:00,42.65438182301132,42.912691499999994,1.859266593386359,0,3342.1072,2.0,COPDEM30,29.08968969
RGI2000-v7.0-G-12-01329,12,12-01,G042649E42904N,2000-08-12T00:00:00,42.649153881722256,42.9039355,0.041997169843456,0,3278.613,5.0,COPDEM30,12.86904954
RGI2000-v7.0-G-12-01330,12,12-01,G042668E42908N,2000-08-12T00:00:00,42.668292798679424,42.907669999999996,0.193678997276372,0,3000.0327,3.0,COPDEM30,16.16125665
RGI2000-v7.0-G-12-01331,12,12-01,G042672E42903N,2000-08-12T00:00:00,42.671658169623186,42.902736000000004,0.163149206976933,0,3001.9272,2.0,COPDEM30,15.65484258
RGI2000-v7.0-G-12-01332,12,12-01,G042681E42897N,2000-08-12T00:00:00,42.68115544193547,42.897178499999995,0.091506704143171,0,3067.3804,2.0,COPDEM30,14.23501051
RGI2000-v7.0-G-12-01333,12,12-01,G042694E42895N,2000-08-12T00:00:00,42.688956943894425,42.8948905,0.504415096596575,0,3224.0522,1.0,COPDEM30,19.94310610
RGI2000-v7.0-G-12-01334,12,12-01,G042709E42892N,2000-08-12T00:00:00,42.70538020809404,42.8915635,0.400813069628271,0,3171.9844,1.0,COPDEM30,18.86337191
RGI2000-v7.0-G-12-01335,12,12-01,G042712E42894N,2000-08-12T00:00:00,42.71179065147287,42.894478,0.21539372455805,0,3020.895,8.0,COPDEM30,16.49747413
RGI2000-v7.0-G-12-01336,12,12-01,G042718E42897N,2000-08-12T00:00:00,42.7185579075,42.897616,0.117910136477742,0,3149.4568,1.0,COPDEM30,14.80732636
RGI2000-v7.0-G-12-01337,12,12-01,G042725E42896N,2000-08-12T00:00:00,42.724780270833335,42.8960245,0.030965357744671,0,3133.0146,2.0,COPDEM30,12.46357669
RGI2000-v7.0-G-12-01338,12,12-01,G042750E42905N,2000-08-12T00:00:00,42.74971497150251,42.905548499999995,0.135171899284692,0,3360.8706,8.0,COPDEM30,15.14720237
RGI2000-v7.0-G-12-01339,12,12-01,G042757E42910N,2000-08-12T00:00:00,42.75280762731482,42.9097405,0.195729917369451,0,3352.0884,8.0,COPDEM30,16.19379236
RGI2000-v7.0-G-12-01340,12,12-01,G042761E42917N,2000-08-12T00:00:00,42.757833873953835,42.91626,0.078543452947155,0,3264.1196,1.0,COPDEM30,13.92358468
RGI2000-v7.0-G-12-01341,12,12-01,G042763E42898N,2000-08-12T00:00:00,42.76275764614395,42.898247,0.369906673807593,0,3270.2903,2.0,COPDEM30,18.51479348
RGI2000-v7.0-G-12-01342,12,12-01,G042764E42895N,2000-08-12T00:00:00,42.75879634259259,42.893611,1.130202401919403,0,3301.0122,7.0,COPDEM30,24.88353690
RGI2000-v7.0-G-12-01343,12,12-01,G042581E42915N,2000-08-12T00:00:00,42.58402407747829,42.920835,3.735183937968218,0,3296.9214,2.0,COPDEM30,37.05727355
RGI2000-v7.0-G-12-01344,12,12-01,G042500E42942N,2000-08-12T00:00:00,42.49593073868313,42.9417445,0.128929799694304,0,3424.4614,1.0,COPDEM30,15.02695144
RGI2000-v7.0-G-12-01345,12,12-01,G042487E42935N,2000-08-12T00:00:00,42.48347233747839,42.9418695,1.457203273418559,0,3177.8806,1.0,COPDEM30,26.90005448
RGI2000-v7.0-G-12-01346,12,12-01,G042486E42934N,2000-08-12T00:00:00,42.47959068721461,42.938999499999994,0.064982074944322,0,3582.35,1.0,COPDEM30,13.56882147
RGI2000-v7.0-G-12-01347,12,12-01,G042474E42946N,2000-08-12T00:00:00,42.472323187002914,42.948776499999994,0.145835724797774,0,2806.8826,2.0,COPDEM30,15.34638215
RGI2000-v7.0-G-12-01348,12,12-01,G042466E42951N,2000-08-12T00:00:00,42.463155901980194,42.951325499999996,0.117281081896661,0,3064.5532,2.0,COPDEM30,14.79448559
RGI2000-v7.0-G-12-01349,12,12-01,G043061E42867N,2000-08-12T00:00:00,43.060775939883214,42.867421,0.17594112553322,0,3081.48,1.0,COPDEM30,15.87234711
RGI2000-v7.0-G-12-01350,12,12-01,G043067E42864N,2000-08-12T00:00:00,43.066677087351756,42.8638755,0.072331054821595,0,3266.6658,4.0,COPDEM30,13.76522068
RGI2000-v7.0-G-12-01351,12,12-01,G043062E42861N,2000-08-12T00:00:00,43.06178035000001,42.8607905,0.160604723344655,0,3376.6802,3.0,COPDEM30,15.61057268
RGI2000-v7.0-G-12-01352,12,12-01,G043179E42923N,2000-08-12T00:00:00,43.17765497187183,42.923116500000006,0.074318251612846,0,3270.5784,7.0,COPDEM30,13.81659237
RGI2000-v7.0-G-12-01353,12,12-01,G043193E42928N,2000-08-12T00:00:00,43.191040927644394,42.92671,0.830968208360212,0,3153.0146,5.0,COPDEM30,22.76204407
RGI2000-v7.0-G-12-01354,12,12-01,G043207E42924N,2000-08-12T00:00:00,43.20446370730446,42.923355,0.179672464070317,0,3199.0405,6.0,COPDEM30,15.93429043
RGI2000-v7.0-G-12-01355,12,12-01,G043222E42924N,2000-08-12T00:00:00,43.226101418902076,42.9244405,0.397477942346723,0,3140.4658,6.0,COPDEM30,18.82641925
RGI2000-v7.0-G-12-01356,12,12-01,G043236E42918N,2000-08-12T00:00:00,43.235942372717794,42.918356,0.034008535725701,0,3277.896,5.0,COPDEM30,12.58179647
RGI2000-v7.0-G-12-01357,12,12-01,G043259E42921N,2000-08-12T00:00:00,43.25867631349206,42.921006,0.028459561806808,0,3328.3735,6.0,COPDEM30,12.36179468
RGI2000-v7.0-G-12-01358,12,12-01,G043266E42917N,2000-08-12T00:00:00,43.263746892050364,42.917382,0.099118711230066,0,3027.7554,5.0,COPDEM30,14.40763739
RGI2000-v7.0-G-12-01359,12,12-01,G043266E42915N,2000-08-12T00:00:00,43.26611781913287,42.915133499999996,0.054250175787153,0,2941.3494,6.0,COPDEM30,13.26083340
RGI2000-v7.0-G-12-01360,12,12-01,G043272E42918N,2000-08-12T00:00:00,43.27273283267043,42.918187,0.108926244755139,0,3226.9873,4.0,COPDEM30,14.62055667
RGI2000-v7.0-G-12-01361,12,12-01,G043292E42915N,2000-08-12T00:00:00,43.291555509314016,42.915555499999996,0.056641984886938,0,3163.1587,7.0,COPDEM30,13.33194073
RGI2000-v7.0-G-12-01362,12,12-01,G043294E42908N,2000-08-12T00:00:00,43.29317623538961,42.9055745,0.109398709164414,0,3079.6423,8.0,COPDEM30,14.63056660
RGI2000-v7.0-G-12-01363,12,12-01,G043319E42901N,2000-08-12T00:00:00,43.30927830721323,42.9086015,1.003233729147475,0,3398.431,5.0,COPDEM30,24.02261783
RGI2000-v7.0-G-12-01364,12,12-01,G043319E42915N,2000-08-12T00:00:00,43.31871741734896,42.914531499999995,0.061670120485391,0,3532.8125,3.0,COPDEM30,13.47668572
RGI2000-v7.0-G-12-01365,12,12-01,G043332E42918N,2000-08-12T00:00:00,43.32879057003509,42.9153905,1.51497151043175,0,3116.7417,2.0,COPDEM30,27.23178505
RGI2000-v7.0-G-12-01366,12,12-01,G043331E42917N,2000-08-12T00:00:00,43.33330865281495,42.9105845,0.314346818375058,0,3208.64,3.0,COPDEM30,17.84932968
RGI2000-v7.0-G-12-01367,12,12-01,G043329E42906N,2000-08-12T00:00:00,43.32933848809524,42.9063955,0.038100575240327,0,3465.4802,3.0,COPDEM30,12.73271161
RGI2000-v7.0-G-12-01368,12,12-01,G043340E42906N,2000-08-12T00:00:00,43.33662182582938,42.905945,0.749824876185996,0,3166.1765,2.0,COPDEM30,22.12294006
RGI2000-v7.0-G-12-01369,12,12-01,G043346E42894N,2000-08-12T00:00:00,43.33674807189542,42.899198999999996,0.037674971890192,0,3561.5618,3.0,COPDEM30,12.71740584
RGI2000-v7.0-G-12-01370,12,12-01,G043347E42895N,2000-08-12T00:00:00,43.34591376468697,42.8999855,1.853139779172017,0,3294.7935,2.0,COPDEM30,29.05821074
RGI2000-v7.0-G-12-01371,12,12-01,G043350E42890N,2000-08-12T00:00:00,43.350054879087736,42.889544,0.083626240654217,0,3311.7644,5.0,COPDEM30,14.04854828
RGI2000-v7.0-G-12-01372,12,12-01,G043360E42887N,2000-08-12T00:00:00,43.360066125,42.887326,0.1077636399132,0,3330.4165,4.0,COPDEM30,14.59583218
RGI2000-v7.0-G-12-01373,12,12-01,G043371E42899N,2000-08-12T00:00:00,43.36965589816643,42.898423,3.76997780792897,0,3231.499,8.0,COPDEM30,37.18300297
RGI2000-v7.0-G-12-01374,12,12-01,G043381E42907N,2000-08-12T00:00:00,43.38081167205882,42.9072675,0.050094546847666,0,3451.4666,6.0,COPDEM30,13.13345356
RGI2000-v7.0-G-12-01375,12,12-01,G043394E42902N,2000-08-12T00:00:00,43.38360755944694,42.910244000000006,0.162413116215969,0,3515.9211,2.0,COPDEM30,15.64207150
RGI2000-v7.0-G-12-01376,12,12-01,G043377E42910N,2000-08-12T00:00:00,43.37680794404383,42.910222000000005,0.024357155570449,0,3394.5244,8.0,COPDEM30,12.18494908
RGI2000-v7.0-G-12-01377,12,12-01,G043372E42911N,2000-08-12T00:00:00,43.37286797540983,42.910776999999996,0.049731778181213,0,3172.2808,8.0,COPDEM30,13.12208721
RGI2000-v7.0-G-12-01378,12,12-01,G043376E42914N,2000-08-12T00:00:00,43.375842465986395,42.9144385,0.196015180552146,0,3193.8618,8.0,COPDEM30,16.19830423
RGI2000-v7.0-G-12-01379,12,12-01,G043381E42917N,2000-08-12T00:00:00,43.380904152777774,42.917665,0.026483444084277,0,3394.958,1.0,COPDEM30,12.27832286
RGI2000-v7.0-G-12-01380,12,12-01,G043384E42910N,2000-08-12T00:00:00,43.38700945633188,42.914688,0.096248770968353,0,3144.5986,2.0,COPDEM30,14.34335805
RGI2000-v7.0-G-12-01381,12,12-01,G043395E42903N,2000-08-12T00:00:00,43.394048368039776,42.9149015,2.902618264660674,0,3235.9644,1.0,COPDEM30,33.85190097
RGI2000-v7.0-G-12-01382,12,12-01,G043406E42917N,2000-08-12T00:00:00,43.40623451130281,42.9158645,0.166763562654611,0,3238.2637,8.0,COPDEM30,15.71713725
RGI2000-v7.0-G-12-01383,12,12-01,G043415E42917N,2000-08-12T00:00:00,43.41459949600994,42.9167675,0.162632614999586,0,3389.366,3.0,COPDEM30,15.64588280
RGI2000-v7.0-G-12-01384,12,12-01,G043414E42925N,2000-08-12T00:00:00,43.41413733413978,42.924653500000005,0.086567153529813,0,3271.1013,1.0,COPDEM30,14.11912152
RGI2000-v7.0-G-12-01385,12,12-01,G043420E42926N,2000-08-12T00:00:00,43.419124051003195,42.926013499999996,0.155603676498732,0,3332.6504,1.0,COPDEM30,15.52252846
RGI2000-v7.0-G-12-01386,12,12-01,G043425E42927N,2000-08-12T00:00:00,43.425258123125,42.9273955,0.047859797256102,0,3489.725,1.0,COPDEM30,13.06276350
RGI2000-v7.0-G-12-01387,12,12-01,G043421E42899N,2000-08-12T00:00:00,43.42203114813181,42.901553,3.475440242950673,0,3063.1216,2.0,COPDEM30,36.09954574
RGI2000-v7.0-G-12-01388,12,12-01,G043420E42898N,2000-08-12T00:00:00,43.43742250509845,42.8983735,0.47611847294209,0,3069.5552,1.0,COPDEM30,19.66018740
RGI2000-v7.0-G-12-01389,12,12-01,G043453E42885N,2000-08-12T00:00:00,43.44246390909091,42.891701499999996,0.191811813856644,0,3371.4126,5.0,COPDEM30,16.13148559
RGI2000-v7.0-G-12-01390,12,12-01,G043454E42886N,2000-08-12T00:00:00,43.45382326673304,42.886241999999996,0.473557553381865,0,3237.3042,7.0,COPDEM30,19.63417254
RGI2000-v7.0-G-12-01391,12,12-01,G043475E42879N,2000-08-12T00:00:00,43.46486256105733,42.883425,0.194705418664484,0,3390.414,5.0,COPDEM30,16.17756117
RGI2000-v7.0-G-12-01392,12,12-01,G043476E42880N,2000-08-12T00:00:00,43.473009004892376,42.878313500000004,2.255052355527304,0,3505.707,7.0,COPDEM30,31.02356444
RGI2000-v7.0-G-12-01393,12,12-01,G043481E42870N,2000-08-12T00:00:00,43.48172110791091,42.870585500000004,0.024736161125496,0,4010.776,5.0,COPDEM30,12.20188274
RGI2000-v7.0-G-12-01394,12,12-01,G043480E42868N,2000-08-12T00:00:00,43.48030498188406,42.865543,0.200808810923079,0,3491.1997,4.0,COPDEM30,16.27363746
RGI2000-v7.0-G-12-01395,12,12-01,G043487E42865N,2000-08-12T00:00:00,43.48662799440363,42.8652005,0.08700444303747,0,3345.9668,5.0,COPDEM30,14.12951218
RGI2000-v7.0-G-12-01396,12,12-01,G043473E42862N,2000-08-12T00:00:00,43.4748783496732,42.8612595,0.183204737717446,0,3203.1616,4.0,COPDEM30,15.99233916
RGI2000-v7.0-G-12-01397,12,12-01,G043466E42855N,2000-08-12T00:00:00,43.465513491071434,42.854952499999996,0.042374079989975,0,3114.7183,8.0,COPDEM30,12.88189515
RGI2000-v7.0-G-12-01398,12,12-01,G043472E42852N,2000-08-12T00:00:00,43.470402075641026,42.8501275,0.660631607750997,0,3234.0073,2.0,COPDEM30,21.37909465
RGI2000-v7.0-G-12-01399,12,12-01,G043477E42845N,2000-08-12T00:00:00,43.47695207801145,42.844521,0.227112872046708,0,3306.8323,2.0,COPDEM30,16.67189051
RGI2000-v7.0-G-12-01400,12,12-01,G043476E42844N,2000-08-12T00:00:00,43.48420607300052,42.844085500000006,0.148993814836283,0,3064.508,2.0,COPDEM30,15.40396037
RGI2000-v7.0-G-12-01401,12,12-01,G043459E42848N,2000-08-12T00:00:00,43.45946274537699,42.8483545,0.226260606468589,0,3155.1392,8.0,COPDEM30,16.65936024
RGI2000-v7.0-G-12-01402,12,12-01,G043464E42869N,2000-08-12T00:00:00,43.46451838461539,42.868989,0.178110006222377,0,3222.9836,8.0,COPDEM30,15.90843137
RGI2000-v7.0-G-12-01403,12,12-01,G043476E42879N,2000-08-12T00:00:00,43.48679804926832,42.8771675,0.026401454454035,0,4141.4087,5.0,COPDEM30,12.27479341
RGI2000-v7.0-G-12-01404,12,12-01,G043502E42881N,2000-08-12T00:00:00,43.50153958435016,42.881408500000006,0.035238626628198,0,3616.5632,2.0,COPDEM30,12.62807359
RGI2000-v7.0-G-12-01405,12,12-01,G043500E42888N,2000-08-12T00:00:00,43.500697778277896,42.8878905,4.094277765915181,0,3647.7896,3.0,COPDEM30,38.32805045
RGI2000-v7.0-G-12-01406,12,12-01,G043497E42896N,2000-08-12T00:00:00,43.496559865853655,42.895896,0.173560761082843,0,3796.3555,3.0,COPDEM30,15.83248739
RGI2000-v7.0-G-12-01407,12,12-01,G043501E42899N,2000-08-12T00:00:00,43.49583613928648,42.902396499999995,0.424703345662599,0,3330.7637,1.0,COPDEM30,19.12369748
RGI2000-v7.0-G-12-01408,12,12-01,G043487E42900N,2000-08-12T00:00:00,43.48732768532338,42.8996255,0.121749800912601,0,3632.4653,1.0,COPDEM30,14.88497298
RGI2000-v7.0-G-12-01409,12,12-01,G043500E42898N,2000-08-12T00:00:00,43.48679576734203,42.904854,0.15273538565764,0,3182.9968,1.0,COPDEM30,15.47139247
RGI2000-v7.0-G-12-01410,12,12-01,G043472E42899N,2000-08-12T00:00:00,43.47697531014785,42.903034500000004,0.235723378817077,0,3102.127,8.0,COPDEM30,16.79718929
RGI2000-v7.0-G-12-01411,12,12-01,G043473E42900N,2000-08-12T00:00:00,43.469980381335496,42.902607,0.385063929743494,0,3006.0833,1.0,COPDEM30,18.68749275
RGI2000-v7.0-G-12-01412,12,12-01,G043462E42898N,2000-08-12T00:00:00,43.46042258277028,42.8975645,2.204020957575313,0,3098.2754,1.0,COPDEM30,30.78432360
RGI2000-v7.0-G-12-01413,12,12-01,G043475E42891N,2000-08-12T00:00:00,43.47064784405405,42.8911785,0.090094804833181,0,4019.9966,8.0,COPDEM30,14.20221153
RGI2000-v7.0-G-12-01414,12,12-01,G043476E42892N,2000-08-12T00:00:00,43.47571016710182,42.8921875,0.169394663237579,0,4127.8022,1.0,COPDEM30,15.76206161
RGI2000-v7.0-G-12-01415,12,12-01,G043481E42897N,2000-08-12T00:00:00,43.481071595549736,42.896910500000004,0.120846974823405,0,3871.6548,1.0,COPDEM30,14.86682721
RGI2000-v7.0-G-12-01416,12,12-01,G043499E42887N,2000-08-12T00:00:00,43.51547818881967,42.875365,3.947315821663272,0,3103.8232,2.0,COPDEM30,37.81499418
RGI2000-v7.0-G-12-01417,12,12-01,G043509E42869N,2000-08-12T00:00:00,43.50941092910297,42.868841,0.04618098095203,0,3592.5361,2.0,COPDEM30,13.00856648
RGI2000-v7.0-G-12-01418,12,12-01,G043515E42865N,2000-08-12T00:00:00,43.513905719934996,42.8639055,0.270743626638296,0,3473.1025,4.0,COPDEM30,17.28462427
RGI2000-v7.0-G-12-01419,12,12-01,G043524E42863N,2000-08-12T00:00:00,43.521916595238096,42.8625675,0.182370169328986,0,3213.8184,5.0,COPDEM30,15.97867487
RGI2000-v7.0-G-12-01420,12,12-01,G043497E42867N,2000-08-12T00:00:00,43.50817536080771,42.857558499999996,0.03285434181278,0,3139.1035,6.0,COPDEM30,12.53760734
RGI2000-v7.0-G-12-01421,12,12-01,G043498E42868N,2000-08-12T00:00:00,43.50165386506637,42.866275,1.859479307923806,0,3600.9624,5.0,COPDEM30,29.09078166
RGI2000-v7.0-G-12-01422,12,12-01,G043521E42874N,2000-08-12T00:00:00,43.53733896098417,42.8671245,0.065041396317309,0,3597.7197,1.0,COPDEM30,13.57045007
RGI2000-v7.0-G-12-01423,12,12-01,G043541E42861N,2000-08-12T00:00:00,43.53892553546099,42.861216999999996,0.28067283406495,0,3085.4805,6.0,COPDEM30,17.41699909
RGI2000-v7.0-G-12-01424,12,12-01,G043551E42859N,2000-08-12T00:00:00,43.547516941737285,42.86195,0.321552342878065,0,3326.3853,5.0,COPDEM30,17.93878197
RGI2000-v7.0-G-12-01425,12,12-01,G043550E42876N,2000-08-12T00:00:00,43.545808971153846,42.8738715,1.760163853858358,0,2952.6316,1.0,COPDEM30,28.57396337
RGI2000-v7.0-G-12-01426,12,12-01,G043561E42877N,2000-08-12T00:00:00,43.55982182112069,42.877109000000004,0.321234431037483,0,2919.6592,1.0,COPDEM30,17.93485655
RGI2000-v7.0-G-12-01427,12,12-01,G043561E42869N,2000-08-12T00:00:00,43.561000351398604,42.869178000000005,0.060093274716839,0,3613.8784,2.0,COPDEM30,13.43195015
RGI2000-v7.0-G-12-01428,12,12-01,G043576E42869N,2000-08-12T00:00:00,43.5719043627451,42.866084,0.035860222287238,0,3412.407,1.0,COPDEM30,12.65115137
RGI2000-v7.0-G-12-01429,12,12-01,G043577E42870N,2000-08-12T00:00:00,43.57501115972222,42.8694795,1.488653380454702,0,3042.137,2.0,COPDEM30,27.08145376
RGI2000-v7.0-G-12-01430,12,12-01,G043575E42860N,2000-08-12T00:00:00,43.57494435548152,42.8602505,0.100300422017328,0,3550.7825,2.0,COPDEM30,14.43383386
RGI2000-v7.0-G-12-01431,12,12-01,G043566E42855N,2000-08-12T00:00:00,43.572413474074075,42.85749,0.041418849371294,0,3461.601,6.0,COPDEM30,12.84922700
RGI2000-v7.0-G-12-01432,12,12-01,G043567E42856N,2000-08-12T00:00:00,43.565356739130436,42.860369,1.140780863907045,0,3319.576,5.0,COPDEM30,24.95302810
RGI2000-v7.0-G-12-01433,12,12-01,G043590E42862N,2000-08-12T00:00:00,43.58524337219454,42.8608865,1.351495642634253,0,2947.2773,1.0,COPDEM30,26.27553827
RGI2000-v7.0-G-12-01434,12,12-01,G043604E42845N,2000-08-12T00:00:00,43.59518635632183,42.854792,0.148954191503529,0,3090.3083,3.0,COPDEM30,15.40324176
RGI2000-v7.0-G-12-01435,12,12-01,G043605E42846N,2000-08-12T00:00:00,43.59882051617251,42.846855500000004,1.587667665337862,0,3163.598,2.0,COPDEM30,27.64037591
RGI2000-v7.0-G-12-01436,12,12-01,G043587E42849N,2000-08-12T00:00:00,43.586925219155845,42.8489955,0.035970285047648,0,3488.9302,6.0,COPDEM30,12.65521673
RGI2000-v7.0-G-12-01437,12,12-01,G043596E42832N,2000-08-12T00:00:00,43.595862840432645,42.828833,4.762280685480351,0,3317.8953,8.0,COPDEM30,40.55171050
RGI2000-v7.0-G-12-01438,12,12-01,G043583E42823N,2000-08-12T00:00:00,43.583446406250005,42.823043,0.062511217382327,0,3265.5352,6.0,COPDEM30,13.50031407
RGI2000-v7.0-G-12-01439,12,12-01,G043583E42820N,2000-08-12T00:00:00,43.581628916666666,42.819529,0.113478857684476,0,3077.9492,8.0,COPDEM30,14.71612724
RGI2000-v7.0-G-12-01440,12,12-01,G043579E42829N,2000-08-12T00:00:00,43.57684413507463,42.828761,0.478377662640317,0,3151.1885,8.0,COPDEM30,19.68307915
RGI2000-v7.0-G-12-01441,12,12-01,G043603E42808N,2000-08-12T00:00:00,43.601159428380186,42.809965000000005,0.527525616493524,0,3265.438,7.0,COPDEM30,20.16833422
RGI2000-v7.0-G-12-01442,12,12-01,G043615E42805N,2000-08-12T00:00:00,43.61058307112676,42.806965500000004,0.589994029836582,0,3299.9836,6.0,COPDEM30,20.75354964
RGI2000-v7.0-G-12-01443,12,12-01,G043629E42803N,2000-08-12T00:00:00,43.625589638970666,42.800658,2.027337054764623,0,3376.1455,6.0,COPDEM30,29.93384215
RGI2000-v7.0-G-12-01444,12,12-01,G043638E42796N,2000-08-12T00:00:00,43.637196382836066,42.7972835,0.710806416228468,0,3362.1873,6.0,COPDEM30,21.80330706
RGI2000-v7.0-G-12-01445,12,12-01,G043645E42794N,2000-08-12T00:00:00,43.64544864110644,42.7940415,0.070216757598712,0,3357.0837,3.0,COPDEM30,13.70978227
RGI2000-v7.0-G-12-01446,12,12-01,G043656E42810N,2000-08-12T00:00:00,43.64190049509804,42.805207499999995,0.170553405007845,0,3773.6228,4.0,COPDEM30,15.78173567
RGI2000-v7.0-G-12-01447,12,12-01,G043655E42811N,2000-08-12T00:00:00,43.65237955766595,42.806148,2.50841781576273,0,3205.7227,3.0,COPDEM30,32.17317956
RGI2000-v7.0-G-12-01448,12,12-01,G043662E42816N,2000-08-12T00:00:00,43.65751169270833,42.816413,0.317322262013641,0,3370.1084,2.0,COPDEM30,17.88639102
RGI2000-v7.0-G-12-01449,12,12-01,G043658E42822N,2000-08-12T00:00:00,43.65153376859698,42.821599500000005,0.859229342134838,0,3428.5989,3.0,COPDEM30,22.97724744
RGI2000-v7.0-G-12-01450,12,12-01,G043637E42824N,2000-08-12T00:00:00,43.64347443121403,42.8296,0.844389932909711,0,3213.48,1.0,COPDEM30,22.86469692
RGI2000-v7.0-G-12-01451,12,12-01,G043638E42824N,2000-08-12T00:00:00,43.6541072560903,42.833755,0.341472189060576,0,3353.0305,8.0,COPDEM30,18.18098705
RGI2000-v7.0-G-12-01452,12,12-01,G043664E42831N,2000-08-12T00:00:00,43.66437301774398,42.83068,0.070347062171836,0,3304.4568,2.0,COPDEM30,13.71322288
RGI2000-v7.0-G-12-01453,12,12-01,G043669E42842N,2000-08-12T00:00:00,43.665801631941925,42.841671500000004,0.746933492221686,0,3318.6108,2.0,COPDEM30,22.09954398
RGI2000-v7.0-G-12-01454,12,12-01,G043662E42847N,2000-08-12T00:00:00,43.662213046926134,42.8466745,0.070636821796024,0,3165.2595,2.0,COPDEM30,13.72086241
RGI2000-v7.0-G-12-01455,12,12-01,G043638E42825N,2000-08-12T00:00:00,43.625379928302905,42.831531,6.775102276848241,0,3213.9336,1.0,COPDEM30,46.44063729
RGI2000-v7.0-G-12-01456,12,12-01,G043653E42809N,2000-07-28T00:00:00,43.67490237841537,42.8026955,0.028048884683788,0,3172.4412,8.0,COPDEM30,12.34469218
RGI2000-v7.0-G-12-01457,12,12-01,G043679E42806N,2000-07-28T00:00:00,43.67901141666667,42.8062245,0.044837737521381,0,3024.2136,1.0,COPDEM30,12.96448926
RGI2000-v7.0-G-12-01458,12,12-01,G043654E42810N,2000-07-28T00:00:00,43.68347703710643,42.80849,0.620278705669196,0,2900.3955,8.0,COPDEM30,21.02608844
RGI2000-v7.0-G-12-01459,12,12-01,G043691E42808N,2000-07-28T00:00:00,43.690797450431035,42.8083265,0.038016625731544,0,3166.023,7.0,COPDEM30,12.72969937
RGI2000-v7.0-G-12-01460,12,12-01,G043693E42806N,2000-07-28T00:00:00,43.696174753768844,42.804624000000004,0.057538205964255,0,3329.609,2.0,COPDEM30,13.35819719
RGI2000-v7.0-G-12-01461,12,12-01,G043678E42795N,2000-08-12T00:00:00,43.67873405507862,42.796400500000004,0.997742530654831,0,3334.627,7.0,COPDEM30,23.98418879
RGI2000-v7.0-G-12-01462,12,12-01,G043679E42784N,2000-08-12T00:00:00,43.68437597712726,42.7884095,0.132300239260916,0,3606.1523,7.0,COPDEM30,15.09223398
RGI2000-v7.0-G-12-01463,12,12-01,G043680E42785N,2000-08-12T00:00:00,43.68097566883117,42.783333,0.867398669479656,0,3361.931,8.0,COPDEM30,23.03879363
RGI2000-v7.0-G-12-01464,12,12-01,G043684E42778N,2000-08-12T00:00:00,43.68113017056075,42.777363,0.325737626737368,0,3346.271,8.0,COPDEM30,17.99028002
RGI2000-v7.0-G-12-01465,12,12-01,G043696E42770N,2000-07-28T00:00:00,43.69252825129534,42.7704875,1.069035583061132,0,3438.0732,6.0,COPDEM30,24.47518478
RGI2000-v7.0-G-12-01466,12,12-01,G043719E42755N,2000-07-28T00:00:00,43.71876459236453,42.755056499999995,0.14137479695984,0,3523.766,6.0,COPDEM30,15.26397760
RGI2000-v7.0-G-12-01467,12,12-01,G043731E42754N,2000-07-28T00:00:00,43.73073784302325,42.75347,0.289396230625417,0,3304.8606,5.0,COPDEM30,17.53137844
RGI2000-v7.0-G-12-01468,12,12-01,G043719E42767N,2000-07-28T00:00:00,43.726544186630605,42.76424,4.665737242453738,0,3685.722,6.0,COPDEM30,40.24044476
RGI2000-v7.0-G-12-01469,12,12-01,G043762E42752N,2000-07-28T00:00:00,43.74650763637982,42.7542305,3.592164052483094,0,3441.6196,6.0,COPDEM30,36.53420725
RGI2000-v7.0-G-12-01470,12,12-01,G043771E42740N,2000-07-28T00:00:00,43.76890208357979,42.742935,2.20275276155926,0,3450.721,6.0,COPDEM30,30.77834308
RGI2000-v7.0-G-12-01471,12,12-01,G043769E42738N,2000-07-28T00:00:00,43.774916401136366,42.752761500000005,0.039869227314793,0,4099.4526,5.0,COPDEM30,12.79541921
RGI2000-v7.0-G-12-01472,12,12-01,G043770E42739N,2000-07-28T00:00:00,43.77820318984577,42.752649500000004,0.063104822091258,0,4198.0845,6.0,COPDEM30,13.51689424
RGI2000-v7.0-G-12-01473,12,12-01,G043794E42735N,2000-07-28T00:00:00,43.78129909296483,42.733313,0.114721898619049,0,3336.8699,3.0,COPDEM30,14.74188698
RGI2000-v7.0-G-12-01474,12,12-01,G043795E42736N,2000-07-28T00:00:00,43.79779400999689,42.7366485,0.92811130196347,0,3495.9307,6.0,COPDEM30,23.48739468
RGI2000-v7.0-G-12-01475,12,12-01,G043805E42739N,2000-07-28T00:00:00,43.8049766192029,42.7386155,0.057454598068166,0,3920.996,5.0,COPDEM30,13.35575643
RGI2000-v7.0-G-12-01476,12,12-01,G043811E42728N,2000-07-28T00:00:00,43.810885575187974,42.728387,0.804308582143028,0,3477.8105,4.0,COPDEM30,22.55565538
RGI2000-v7.0-G-12-01477,12,12-01,G043795E42735N,2000-07-28T00:00:00,43.80209911706358,42.727433000000005,0.128196822608154,0,3427.919,8.0,COPDEM30,15.01264174
RGI2000-v7.0-G-12-01478,12,12-01,G043827E42729N,2000-07-28T00:00:00,43.826501909399425,42.7292695,0.30884822498677,0,3499.645,6.0,COPDEM30,17.78037609
RGI2000-v7.0-G-12-01479,12,12-01,G043842E42750N,2000-07-28T00:00:00,43.841143071696976,42.737682,0.055446394632096,0,3978.2993,8.0,COPDEM30,13.29658814
RGI2000-v7.0-G-12-01480,12,12-01,G043843E42751N,2000-07-28T00:00:00,43.84457867427885,42.740719,0.142880458317973,0,3827.6355,8.0,COPDEM30,15.29193441
RGI2000-v7.0-G-12-01481,12,12-01,G043849E42743N,2000-07-28T00:00:00,43.84932120161291,42.742592,0.063607865925323,0,3836.7622,1.0,COPDEM30,13.53088399
RGI2000-v7.0-G-12-01482,12,12-01,G043856E42745N,2000-07-28T00:00:00,43.85484163267871,42.7452935,0.180899888991338,0,3846.302,8.0,COPDEM30,15.95452586
RGI2000-v7.0-G-12-01483,12,12-01,G043867E42749N,2000-07-28T00:00:00,43.866446384637726,42.7489705,0.338235731389407,0,4083.5503,8.0,COPDEM30,18.14212524
RGI2000-v7.0-G-12-01484,12,12-01,G043869E42754N,2000-07-28T00:00:00,43.86934785665295,42.754179,0.081783401722244,0,3866.357,8.0,COPDEM30,14.00369164
RGI2000-v7.0-G-12-01485,12,12-01,G043873E42754N,2000-07-28T00:00:00,43.8738261293265,42.7548345,0.099755812633073,0,3755.1477,3.0,COPDEM30,14.42178010
RGI2000-v7.0-G-12-01486,12,12-01,G043884E42750N,2000-07-28T00:00:00,43.89105353313252,42.754374,2.140628850556717,0,3385.2131,1.0,COPDEM30,30.48324327
RGI2000-v7.0-G-12-01487,12,12-01,G043905E42755N,2000-07-28T00:00:00,43.90452790981116,42.755241999999996,0.240127292867443,0,3661.1938,1.0,COPDEM30,16.86038989
RGI2000-v7.0-G-12-01488,12,12-01,G043904E42754N,2000-07-28T00:00:00,43.91190019312486,42.7555245,0.117688951172098,0,3698.8171,8.0,COPDEM30,14.80281526
RGI2000-v7.0-G-12-01489,12,12-01,G043916E42761N,2000-07-28T00:00:00,43.91534671925133,42.761701,0.106971659892239,0,3442.5974,1.0,COPDEM30,14.57891312
RGI2000-v7.0-G-12-01490,12,12-01,G043926E42762N,2000-07-28T00:00:00,43.926199983552635,42.761795,0.134465669747594,0,3408.0588,3.0,COPDEM30,15.13373853
RGI2000-v7.0-G-12-01491,12,12-01,G043928E42758N,2000-07-28T00:00:00,43.928166347972976,42.758297999999996,0.017177962884434,0,3469.5237,3.0,COPDEM30,11.83490619
RGI2000-v7.0-G-12-01492,12,12-01,G043922E42753N,2000-07-28T00:00:00,43.92367619428569,42.753256,0.333280852886661,0,3290.3293,3.0,COPDEM30,18.08226745
RGI2000-v7.0-G-12-01493,12,12-01,G043911E42751N,2000-07-28T00:00:00,43.91719753959782,42.749224999999996,0.471539162254426,0,3680.1206,3.0,COPDEM30,19.61361929
RGI2000-v7.0-G-12-01494,12,12-01,G043915E42743N,2000-07-28T00:00:00,43.91884335281689,42.746256,0.058989403408214,0,3602.5366,3.0,COPDEM30,13.40028279
RGI2000-v7.0-G-12-01495,12,12-01,G043916E42744N,2000-07-28T00:00:00,43.91582805232558,42.7439225,0.194869699825884,0,3610.0168,3.0,COPDEM30,16.18016676
RGI2000-v7.0-G-12-01496,12,12-01,G043904E42745N,2000-07-28T00:00:00,43.90190089139132,42.7440355,0.43980739051089,0,3551.8076,4.0,COPDEM30,19.28451660
RGI2000-v7.0-G-12-01497,12,12-01,G043893E42740N,2000-07-28T00:00:00,43.89366269219345,42.739295,0.257457012174112,0,3496.9292,3.0,COPDEM30,17.10363107
RGI2000-v7.0-G-12-01498,12,12-01,G043883E42740N,2000-07-28T00:00:00,43.88320610915156,42.7395505,0.208260686201456,0,3488.2007,4.0,COPDEM30,16.38898227
RGI2000-v7.0-G-12-01499,12,12-01,G043845E42727N,2000-07-28T00:00:00,43.86288522262301,42.7307925,3.845682043051211,0,3521.0972,3.0,COPDEM30,37.45457485
RGI2000-v7.0-G-12-01500,12,12-01,G043862E42719N,2000-07-28T00:00:00,43.8617865,42.719299,0.040875601881046,0,3283.6292,3.0,COPDEM30,12.83048017
RGI2000-v7.0-G-12-01501,12,12-01,G043844E42752N,2000-07-28T00:00:00,43.81749707030268,42.756665,12.588804857928706,0,3554.7222,2.0,COPDEM30,59.67298815
RGI2000-v7.0-G-12-01502,12,12-01,G043818E42773N,2000-07-28T00:00:00,43.81816339450948,42.7733615,0.080003757025266,0,3958.2292,2.0,COPDEM30,13.95989096
RGI2000-v7.0-G-12-01503,12,12-01,G043824E42778N,2000-07-28T00:00:00,43.824895194279435,42.7774215,1.474403119588044,0,3615.263,3.0,COPDEM30,26.99950033
RGI2000-v7.0-G-12-01504,12,12-01,G043833E42770N,2000-07-28T00:00:00,43.83343675438596,42.769758,0.046905180928922,0,3406.635,2.0,COPDEM30,13.03206455
RGI2000-v7.0-G-12-01505,12,12-01,G043833E42788N,2000-07-28T00:00:00,43.833497812999994,42.7879095,0.126530396640136,0,3597.0205,4.0,COPDEM30,14.97995560
RGI2000-v7.0-G-12-01506,12,12-01,G043819E42789N,2000-07-28T00:00:00,43.81935074417126,42.7887585,0.030362756035213,0,3923.0676,8.0,COPDEM30,12.43948769
RGI2000-v7.0-G-12-01507,12,12-01,G043805E42793N,2000-07-28T00:00:00,43.804565741920904,42.7927605,0.060760442288989,0,4026.241,1.0,COPDEM30,13.45094867
RGI2000-v7.0-G-12-01508,12,12-01,G043790E42792N,2000-07-28T00:00:00,43.79382109137056,42.792522500000004,0.029467929157489,0,4161.7114,1.0,COPDEM30,12.40327154
RGI2000-v7.0-G-12-01509,12,12-01,G043791E42793N,2000-07-28T00:00:00,43.79116138587934,42.7935065,0.058777158522692,0,4178.8047,2.0,COPDEM30,13.39416014
RGI2000-v7.0-G-12-01510,12,12-01,G043789E42796N,2000-07-28T00:00:00,43.78926372120419,42.795717499999995,0.068600225122002,0,4035.5645,2.0,COPDEM30,13.66683026
RGI2000-v7.0-G-12-01511,12,12-01,G043809E42797N,2000-07-28T00:00:00,43.78247151261819,42.8012355,0.012880886375812,0,4042.271,1.0,COPDEM30,11.58891590
RGI2000-v7.0-G-12-01512,12,12-01,G043809E42798N,2000-07-28T00:00:00,43.78005540671402,42.8057365,6.086826664588711,0,3542.9155,1.0,COPDEM30,44.54009303
RGI2000-v7.0-G-12-01513,12,12-01,G043808E42797N,2000-07-28T00:00:00,43.782039637918714,42.8081715,0.064678996414617,0,3871.534,4.0,COPDEM30,13.56048919
RGI2000-v7.0-G-12-01514,12,12-01,G043770E42808N,2000-07-28T00:00:00,43.76868888034889,42.808457000000004,0.118416577594768,0,3805.4414,7.0,COPDEM30,14.81763938
RGI2000-v7.0-G-12-01515,12,12-01,G043763E42801N,2000-07-28T00:00:00,43.76226751502092,42.800216000000006,1.592970514643472,0,3486.4106,8.0,COPDEM30,27.66981100
RGI2000-v7.0-G-12-01516,12,12-01,G043753E42795N,2000-07-28T00:00:00,43.75309798383299,42.794691,0.058921076159767,0,3974.259,1.0,COPDEM30,13.39831295
RGI2000-v7.0-G-12-01517,12,12-01,G043750E42794N,2000-07-28T00:00:00,43.750181103999864,42.794310499999995,0.042134020002654,0,3978.9177,8.0,COPDEM30,12.87372022
RGI2000-v7.0-G-12-01518,12,12-01,G043747E42781N,2000-07-28T00:00:00,43.74499808814692,42.795925,0.168174327458384,0,3581.2964,8.0,COPDEM30,15.74126887
RGI2000-v7.0-G-12-01519,12,12-01,G043748E42782N,2000-07-28T00:00:00,43.73325364679798,42.799621,28.838518368211012,0,3806.3608,1.0,COPDEM90,85.18210958
RGI2000-v7.0-G-12-01520,12,12-01,G043763E42834N,2000-07-28T00:00:00,43.76275509292752,42.833521,0.087982121811304,0,3829.6528,3.0,COPDEM30,14.15264926
RGI2000-v7.0-G-12-01521,12,12-01,G043772E42828N,2000-07-28T00:00:00,43.77251438412402,42.8322745,1.750411735182772,0,3659.6675,2.0,COPDEM30,28.52243775
RGI2000-v7.0-G-12-01522,12,12-01,G043760E42833N,2000-07-28T00:00:00,43.765868618545674,42.84195,0.053599903300313,0,3646.0244,2.0,COPDEM30,13.24123141
RGI2000-v7.0-G-12-01523,12,12-01,G043758E42833N,2000-07-28T00:00:00,43.77018634792182,42.843863,0.219125346057611,0,3244.2988,2.0,COPDEM30,16.55351568
RGI2000-v7.0-G-12-01524,12,12-01,G043759E42833N,2000-07-28T00:00:00,43.76269678438673,42.848931500000006,0.117957462607954,0,3285.9849,1.0,COPDEM30,14.80829103
RGI2000-v7.0-G-12-01525,12,12-01,G043759E42834N,2000-07-28T00:00:00,43.75467026781003,42.8403445,0.810628506385269,0,3656.3813,2.0,COPDEM30,22.60488744
RGI2000-v7.0-G-12-01526,12,12-01,G043742E42849N,2000-07-28T00:00:00,43.74273383892618,42.849302,0.085998532188048,0,3753.1313,8.0,COPDEM30,14.10557089
RGI2000-v7.0-G-12-01527,12,12-01,G043746E42854N,2000-07-28T00:00:00,43.740854427500004,42.855385999999996,0.222811490269929,0,3293.4932,1.0,COPDEM30,16.60840768
RGI2000-v7.0-G-12-01528,12,12-01,G043748E42858N,2000-07-28T00:00:00,43.747712804196425,42.8581515,0.029817966289093,0,3473.9885,1.0,COPDEM30,12.41750313
RGI2000-v7.0-G-12-01529,12,12-01,G043753E42857N,2000-07-28T00:00:00,43.75322143422478,42.8579745,0.059221911324246,0,3533.7656,1.0,COPDEM30,13.40697734
RGI2000-v7.0-G-12-01530,12,12-01,G043785E42817N,2000-07-28T00:00:00,43.78242744158291,42.818248499999996,2.987268941907456,0,3645.269,1.0,COPDEM30,34.19720464
RGI2000-v7.0-G-12-01531,12,12-01,G043798E42806N,2000-07-28T00:00:00,43.79817991860465,42.8060695,0.101810066344442,0,3434.0208,2.0,COPDEM30,14.46707656
RGI2000-v7.0-G-12-01532,12,12-01,G043836E42801N,2000-07-28T00:00:00,43.83298897332466,42.803895,1.145969039123319,0,3603.3616,1.0,COPDEM30,24.98699208
RGI2000-v7.0-G-12-01533,12,12-01,G043863E42816N,2000-07-28T00:00:00,43.847922682403436,42.8134605,1.060724279472846,0,3655.277,1.0,COPDEM30,24.41880573
RGI2000-v7.0-G-12-01534,12,12-01,G043862E42815N,2000-07-28T00:00:00,43.860798750499,42.815923999999995,1.050551012353019,0,3545.57,1.0,COPDEM30,24.34949471
RGI2000-v7.0-G-12-01535,12,12-01,G043867E42805N,2000-07-28T00:00:00,43.86455059376995,42.80579,0.134460690607327,0,3635.0176,3.0,COPDEM30,15.13364348
RGI2000-v7.0-G-12-01536,12,12-01,G043878E42812N,2000-07-28T00:00:00,43.880768797521824,42.814638,0.525204064243175,0,3374.2817,1.0,COPDEM30,20.14593498
RGI2000-v7.0-G-12-01537,12,12-01,G043939E42770N,2000-07-28T00:00:00,43.93860050000001,42.769981,0.048749990198367,0,3661.6328,2.0,COPDEM30,13.09111599
RGI2000-v7.0-G-12-01538,12,12-01,G043934E42743N,2000-07-28T00:00:00,43.93414587150838,42.7428995,0.021034768885428,0,2957.108,3.0,COPDEM30,12.03047155
RGI2000-v7.0-G-12-01539,12,12-01,G044036E42728N,2000-07-28T00:00:00,44.0355589627907,42.727689,0.049318357642071,0,3346.441,7.0,COPDEM30,13.10908316
RGI2000-v7.0-G-12-01540,12,12-01,G044042E42736N,2000-07-28T00:00:00,44.041499303797465,42.735574,0.010336347574109,0,3867.4478,4.0,COPDEM30,11.42334961
RGI2000-v7.0-G-12-01541,12,12-01,G044040E42737N,2000-07-28T00:00:00,44.04040168968641,42.7377005,0.079273709624029,0,3756.4165,8.0,COPDEM30,13.94178222
RGI2000-v7.0-G-12-01542,12,12-01,G044042E42744N,2000-07-28T00:00:00,44.040942585253454,42.743708,0.167384037588479,0,3868.6582,7.0,COPDEM30,15.72776321
RGI2000-v7.0-G-12-01543,12,12-01,G044045E42749N,2000-07-28T00:00:00,44.04473137304688,42.7492855,0.106271312808798,0,3978.254,2.0,COPDEM30,14.56389935
RGI2000-v7.0-G-12-01544,12,12-01,G044040E42756N,2000-07-28T00:00:00,44.04761653174157,42.755601,0.420149867973529,0,3195.5547,2.0,COPDEM30,19.07465559
RGI2000-v7.0-G-12-01545,12,12-01,G044040E42755N,2000-07-28T00:00:00,44.056398055375055,42.7512025,0.052936864376908,0,3340.9976,2.0,COPDEM30,13.22112176
RGI2000-v7.0-G-12-01546,12,12-01,G044039E42755N,2000-07-28T00:00:00,44.061814051294235,42.7517145,0.149303304676731,0,3132.0027,1.0,COPDEM30,15.40957001
RGI2000-v7.0-G-12-01547,12,12-01,G044059E42746N,2000-07-28T00:00:00,44.06002938094373,42.74488100000001,0.71638649437826,0,3375.5464,2.0,COPDEM30,21.84954653
RGI2000-v7.0-G-12-01548,12,12-01,G044049E42740N,2000-07-28T00:00:00,44.05265825,42.7396585,0.203907267526846,0,3605.4995,3.0,COPDEM30,16.32185293
RGI2000-v7.0-G-12-01549,12,12-01,G044074E42739N,2000-07-28T00:00:00,44.07586043595785,42.739948,1.126319904228277,0,3341.3857,1.0,COPDEM30,24.85795077
RGI2000-v7.0-G-12-01550,12,12-01,G044085E42735N,2000-07-28T00:00:00,44.08505963145828,42.735156,0.020307661840318,0,3581.5977,1.0,COPDEM30,11.99506935
RGI2000-v7.0-G-12-01551,12,12-01,G044091E42736N,2000-07-28T00:00:00,44.08916292789339,42.732564499999995,0.042709522100905,0,3385.779,6.0,COPDEM30,12.89327951
RGI2000-v7.0-G-12-01552,12,12-01,G044090E42735N,2000-07-28T00:00:00,44.090495324452434,42.7364225,0.026573343720173,0,3504.3357,5.0,COPDEM30,12.28218653
RGI2000-v7.0-G-12-01553,12,12-01,G044094E42735N,2000-07-28T00:00:00,44.094049937863375,42.7353395,0.084276179319591,0,3442.6094,6.0,COPDEM30,14.06425038
RGI2000-v7.0-G-12-01554,12,12-01,G044095E42743N,2000-07-28T00:00:00,44.0973833032345,42.7442425,0.623704607955382,0,3246.462,1.0,COPDEM30,21.05649597
RGI2000-v7.0-G-12-01555,12,12-01,G044112E42742N,2000-07-28T00:00:00,44.115524042171415,42.7426045,1.29788801051879,0,3315.6023,1.0,COPDEM30,25.94948432
RGI2000-v7.0-G-12-01556,12,12-01,G044115E42735N,2000-07-28T00:00:00,44.119804373503,42.7325615,0.344875464847604,0,3527.4368,7.0,COPDEM30,18.22165379
RGI2000-v7.0-G-12-01557,12,12-01,G044119E42727N,2000-07-28T00:00:00,44.12005623952879,42.725269,0.322312328811695,0,3450.2297,7.0,COPDEM30,17.94815805
RGI2000-v7.0-G-12-01558,12,12-01,G044136E42729N,2000-07-28T00:00:00,44.13691752847856,42.7284595,0.265706628564607,0,3570.442,4.0,COPDEM30,17.21654344
RGI2000-v7.0-G-12-01559,12,12-01,G044138E42733N,2000-07-28T00:00:00,44.13830699526066,42.73288,0.145721610595929,0,3992.8755,4.0,COPDEM30,15.34429001
RGI2000-v7.0-G-12-01560,12,12-01,G044129E42738N,2000-07-28T00:00:00,44.1312524259542,42.7373695,0.377689074498816,0,4029.9326,1.0,COPDEM30,18.60389787
RGI2000-v7.0-G-12-01561,12,12-01,G044133E42743N,2000-07-28T00:00:00,44.12892751657183,42.747966500000004,1.865298569765955,0,3370.5198,8.0,COPDEM30,29.12063073
RGI2000-v7.0-G-12-01562,12,12-01,G044141E42753N,2000-07-28T00:00:00,44.14513637311178,42.7512855,0.258248344129182,0,3684.529,8.0,COPDEM30,17.11453972
RGI2000-v7.0-G-12-01563,12,12-01,G044155E42748N,2000-07-28T00:00:00,44.15562554214016,42.748169000000004,0.073905423210749,0,3704.1177,2.0,COPDEM30,13.80597727
RGI2000-v7.0-G-12-01564,12,12-01,G044160E42751N,2000-07-28T00:00:00,44.16512268522267,42.746629999999996,0.081137402764946,0,3736.4136,1.0,COPDEM30,13.98784791
RGI2000-v7.0-G-12-01565,12,12-01,G044161E42752N,2000-07-28T00:00:00,44.1719135755814,42.747091499999996,0.319098764539071,0,3830.426,1.0,COPDEM30,17.90843587
RGI2000-v7.0-G-12-01566,12,12-01,G044170E42748N,2000-07-28T00:00:00,44.177324447297295,42.74693499999999,0.037345525213032,0,4008.5522,1.0,COPDEM30,12.70549865
RGI2000-v7.0-G-12-01567,12,12-01,G044186E42741N,2000-07-28T00:00:00,44.18751493478261,42.740242,0.164183944126997,0,3331.5427,3.0,COPDEM30,15.67274652
RGI2000-v7.0-G-12-01568,12,12-01,G044192E42755N,2000-07-28T00:00:00,44.19320826047904,42.7544565,0.157042859985294,0,3225.458,2.0,COPDEM30,15.54800870
RGI2000-v7.0-G-12-01569,12,12-01,G044162E42753N,2000-07-28T00:00:00,44.168144606866534,42.756454500000004,1.232406780421082,0,3091.7192,2.0,COPDEM30,25.54193453
RGI2000-v7.0-G-12-01570,12,12-01,G044162E42752N,2000-07-28T00:00:00,44.15497623473648,42.7638545,0.093389098267017,0,3432.9016,3.0,COPDEM30,14.27834819
RGI2000-v7.0-G-12-01571,12,12-01,G044157E42743N,2000-07-28T00:00:00,44.16377589072848,42.739785,0.911748071159018,0,3637.3345,3.0,COPDEM30,23.36797000
RGI2000-v7.0-G-12-01572,12,12-01,G044151E42739N,2000-07-28T00:00:00,44.14701060466697,42.7353945,0.926710667634052,0,3770.663,4.0,COPDEM30,23.47721376
RGI2000-v7.0-G-12-01573,12,12-01,G044135E42722N,2000-07-28T00:00:00,44.13706381890332,42.72161,0.735619835187645,0,3352.4912,2.0,COPDEM30,22.00755961
RGI2000-v7.0-G-12-01574,12,12-01,G044138E42718N,2000-07-28T00:00:00,44.14186397626842,42.71683,0.268994024798651,0,3319.3672,3.0,COPDEM30,17.26104874
RGI2000-v7.0-G-12-01575,12,12-01,G044135E42713N,2000-07-28T00:00:00,44.13733237856167,42.712158,0.208862343423385,0,3573.8086,3.0,COPDEM30,16.39820438
RGI2000-v7.0-G-12-01576,12,12-01,G044138E42708N,2000-07-28T00:00:00,44.13951548146236,42.707459,0.220295729640856,0,3385.127,3.0,COPDEM30,16.57099407
RGI2000-v7.0-G-12-01577,12,12-01,G044142E42701N,2000-07-28T00:00:00,44.14181448401163,42.70104,0.02625124450551,0,3531.2986,3.0,COPDEM30,12.26831301
RGI2000-v7.0-G-12-01578,12,12-01,G044136E42699N,2000-07-28T00:00:00,44.13661297255321,42.699222500000005,0.073083349998,0,3465.186,8.0,COPDEM30,13.78475053
RGI2000-v7.0-G-12-01579,12,12-01,G044129E42712N,2000-07-28T00:00:00,44.129445935774726,42.712117,0.04539023236088,0,3508.787,6.0,COPDEM30,12.98269770
RGI2000-v7.0-G-12-01580,12,12-01,G044236E42699N,2000-07-28T00:00:00,44.2359775,42.698205,0.097599918766471,0,3475.265,2.0,COPDEM30,14.37373800
RGI2000-v7.0-G-12-01581,12,12-01,G044246E42691N,2000-07-28T00:00:00,44.24029549842891,42.694347,0.028284375466434,0,3430.209,2.0,COPDEM30,12.35451430
RGI2000-v7.0-G-12-01582,12,12-01,G044247E42692N,2000-07-28T00:00:00,44.24296897153996,42.693689,0.034034589582952,0,3406.4497,2.0,COPDEM30,12.58278523
RGI2000-v7.0-G-12-01583,12,12-01,G044253E42690N,2000-07-28T00:00:00,44.25419186375661,42.689079,0.317236322725952,0,3242.3318,1.0,COPDEM30,17.88532303
RGI2000-v7.0-G-12-01584,12,12-01,G044266E42693N,2000-07-28T00:00:00,44.267935854477614,42.6927545,0.197679693698393,0,3496.1375,8.0,COPDEM30,16.22456585
RGI2000-v7.0-G-12-01585,12,12-01,G044295E42698N,2000-07-28T00:00:00,44.29545184872611,42.697627499999996,0.338898431784646,0,3550.1858,6.0,COPDEM30,18.15009771
RGI2000-v7.0-G-12-01586,12,12-01,G044299E42702N,2000-07-28T00:00:00,44.30052526643192,42.700908,0.12326116965915,0,3534.294,3.0,COPDEM30,14.91519982
RGI2000-v7.0-G-12-01587,12,12-01,G044327E42725N,2000-07-28T00:00:00,44.329217260143196,42.724953,0.789707620644747,0,3422.636,2.0,COPDEM30,22.44116930
RGI2000-v7.0-G-12-01588,12,12-01,G044339E42718N,2000-07-28T00:00:00,44.34023673373885,42.718008,0.134576753329546,0,3550.2373,2.0,COPDEM30,15.13585861
RGI2000-v7.0-G-12-01589,12,12-01,G044343E42710N,2000-07-28T00:00:00,44.34316996636599,42.708779,0.30027828870274,0,3575.3376,8.0,COPDEM30,17.67167156
RGI2000-v7.0-G-12-01590,12,12-01,G044390E42722N,2000-07-28T00:00:00,44.37280962458472,42.722314499999996,9.421706339714712,0,3631.8728,8.0,COPDEM30,52.97271742
RGI2000-v7.0-G-12-01591,12,12-01,G044392E42706N,2000-07-28T00:00:00,44.39115479397722,42.705803,0.142193185734813,0,4252.2915,7.0,COPDEM30,15.27919164
RGI2000-v7.0-G-12-01592,12,12-01,G044387E42700N,2000-07-28T00:00:00,44.387485190189224,42.6997685,0.043674606963365,0,4113.8765,7.0,COPDEM30,12.92578587
RGI2000-v7.0-G-12-01593,12,12-01,G044389E42693N,2000-07-28T00:00:00,44.388791499999996,42.693084999999996,0.034617228351263,0,3977.17,7.0,COPDEM30,12.60479879
RGI2000-v7.0-G-12-01594,12,12-01,G044391E42692N,2000-07-28T00:00:00,44.391268209302325,42.692332,0.024494091234281,0,4027.388,3.0,COPDEM30,12.19108235
RGI2000-v7.0-G-12-01595,12,12-01,G044400E42691N,2000-07-28T00:00:00,44.39722855855856,42.695679999999996,2.059597369259839,0,3872.7393,4.0,COPDEM30,30.09181635
RGI2000-v7.0-G-12-01596,12,12-01,G044415E42703N,2000-07-28T00:00:00,44.410494803128444,42.6959475,0.269263472551905,0,3754.078,4.0,COPDEM30,17.26468448
RGI2000-v7.0-G-12-01597,12,12-01,G044416E42704N,2000-07-28T00:00:00,44.41947960864486,42.700344,2.30169144252019,0,3975.5422,5.0,COPDEM30,31.23985694
RGI2000-v7.0-G-12-01598,12,12-01,G044442E42705N,2000-07-28T00:00:00,44.42879287403289,42.6968045,0.106351552740993,0,3510.778,3.0,COPDEM30,14.56562201
RGI2000-v7.0-G-12-01599,12,12-01,G044443E42706N,2000-07-28T00:00:00,44.45122773906891,42.702774000000005,9.562149789884181,0,3727.6926,5.0,COPDEM30,53.29181630
RGI2000-v7.0-G-12-01600,12,12-01,G044467E42706N,2000-07-28T00:00:00,44.466344832969426,42.701895,1.374696269873608,0,3869.814,5.0,COPDEM30,26.41464191
RGI2000-v7.0-G-12-01601,12,12-01,G044482E42697N,2000-07-28T00:00:00,44.473195021929826,42.70192,0.053604739396845,0,4082.6936,5.0,COPDEM30,13.24137763
RGI2000-v7.0-G-12-01602,12,12-01,G044474E42709N,2000-07-28T00:00:00,44.47411767847025,42.708486,0.13601195943006,0,4362.542,7.0,COPDEM30,15.16317190
RGI2000-v7.0-G-12-01603,12,12-01,G044483E42698N,2000-07-28T00:00:00,44.48419474866935,42.6985985,2.780236230293524,0,4016.5166,6.0,COPDEM30,33.34365655
RGI2000-v7.0-G-12-01604,12,12-01,G044490E42688N,2000-07-28T00:00:00,44.486547067940755,42.6877635,0.992745023887808,0,3745.1902,6.0,COPDEM30,23.94912272
RGI2000-v7.0-G-12-01605,12,12-01,G044491E42682N,2000-07-28T00:00:00,44.49283118799014,42.6836015,0.596383371346263,0,3927.043,7.0,COPDEM30,20.81162064
RGI2000-v7.0-G-12-01606,12,12-01,G044494E42679N,2000-07-28T00:00:00,44.49442624999999,42.67828900000001,0.050185698902213,0,3936.9666,6.0,COPDEM30,13.13630308
RGI2000-v7.0-G-12-01607,12,12-01,G044499E42692N,2000-07-28T00:00:00,44.50296389887035,42.683980500000004,6.221769850311029,0,4037.042,4.0,COPDEM30,44.92086612
RGI2000-v7.0-G-12-01608,12,12-01,G044501E42672N,2000-07-28T00:00:00,44.49962208418035,42.6693355,0.718741588196298,0,3764.4805,6.0,COPDEM30,21.86900802
RGI2000-v7.0-G-12-01609,12,12-01,G044508E42671N,2000-07-28T00:00:00,44.507904217592596,42.6692525,0.358346762514741,0,4002.2026,6.0,COPDEM30,18.38069003
RGI2000-v7.0-G-12-01610,12,12-01,G044516E42666N,2000-07-28T00:00:00,44.51306987745098,42.6702855,0.057078855634703,0,4057.5564,4.0,COPDEM30,13.34476542
RGI2000-v7.0-G-12-01611,12,12-01,G044517E42667N,2000-07-28T00:00:00,44.517112962637206,42.6662865,0.2028463531103,0,3764.215,5.0,COPDEM30,16.30538541
RGI2000-v7.0-G-12-01612,12,12-01,G044522E42694N,2000-07-28T00:00:00,44.52667875292397,42.691783,0.317687495024876,0,4395.1797,4.0,COPDEM30,17.89092827
RGI2000-v7.0-G-12-01613,12,12-01,G044535E42693N,2000-07-28T00:00:00,44.5345635575616,42.6931915,0.07608224142819,0,4107.4487,2.0,COPDEM30,13.86162133
RGI2000-v7.0-G-12-01614,12,12-01,G044540E42690N,2000-07-28T00:00:00,44.53937567639157,42.6897415,0.070647824815454,0,3901.3228,3.0,COPDEM30,13.72115220
RGI2000-v7.0-G-12-01615,12,12-01,G044532E42697N,2000-07-28T00:00:00,44.54134684972098,42.6960525,1.432093463442958,0,4117.327,3.0,COPDEM30,26.75381505
RGI2000-v7.0-G-12-01616,12,12-01,G044516E42714N,2000-07-28T00:00:00,44.54558116891185,42.7052945,0.090784032045273,0,3872.8474,1.0,COPDEM30,14.21825441
RGI2000-v7.0-G-12-01617,12,12-01,G044521E42725N,2000-07-28T00:00:00,44.52201959033613,42.7238575,0.483984588041164,0,4008.1982,2.0,COPDEM30,19.73966012
RGI2000-v7.0-G-12-01618,12,12-01,G044502E42718N,2000-07-28T00:00:00,44.51583731397059,42.725807,0.601946219967281,0,3796.4546,1.0,COPDEM30,20.86192704
RGI2000-v7.0-G-12-01619,12,12-01,G044503E42719N,2000-07-28T00:00:00,44.50528043508287,42.72394,1.772383838884359,0,3857.7473,1.0,COPDEM30,28.63832697
RGI2000-v7.0-G-12-01620,12,12-01,G044476E42718N,2000-07-28T00:00:00,44.49473278449502,42.7277555,0.507297558564982,0,3944.4,8.0,COPDEM30,19.97147539
RGI2000-v7.0-G-12-01621,12,12-01,G044501E42732N,2000-07-28T00:00:00,44.50092807894737,42.732243499999996,0.028902489143449,0,3793.1387,2.0,COPDEM30,12.38010249
RGI2000-v7.0-G-12-01622,12,12-01,G044502E42739N,2000-07-28T00:00:00,44.50237871395755,42.7392395,0.0253808643502,0,3820.386,8.0,COPDEM30,12.23039221
RGI2000-v7.0-G-12-01623,12,12-01,G044477E42718N,2000-07-28T00:00:00,44.48704944915254,42.724424,0.071975737838859,0,3885.0435,8.0,COPDEM30,13.75596121
RGI2000-v7.0-G-12-01624,12,12-01,G044477E42719N,2000-07-28T00:00:00,44.475612126443124,42.7255105,6.725252878046085,0,4088.396,1.0,COPDEM30,46.30632953
RGI2000-v7.0-G-12-01625,12,12-01,G044460E42723N,2000-07-28T00:00:00,44.4617615370841,42.725727,0.626430891608227,0,3793.9932,1.0,COPDEM30,21.08063422
RGI2000-v7.0-G-12-01626,12,12-01,G044447E42733N,2000-07-28T00:00:00,44.43013809216082,42.7285105,4.006044689113891,0,3405.936,2.0,COPDEM30,38.02114843
RGI2000-v7.0-G-12-01627,12,12-01,G044446E42732N,2000-07-28T00:00:00,44.416521395000004,42.7261345,0.085580268455315,0,4344.6475,2.0,COPDEM30,14.09557476
RGI2000-v7.0-G-12-01628,12,12-01,G044414E42749N,2000-07-28T00:00:00,44.411643278848004,42.747737,1.459415336022136,0,3999.9324,1.0,COPDEM30,26.91287692
RGI2000-v7.0-G-12-01629,12,12-01,G044401E42753N,2000-07-28T00:00:00,44.40145730356225,42.7528935,0.024916223422659,0,3790.9326,2.0,COPDEM30,12.20988230
RGI2000-v7.0-G-12-01630,12,12-01,G044397E42748N,2000-07-28T00:00:00,44.396795773947346,42.747400999999996,0.198291293806941,0,3637.3218,8.0,COPDEM30,16.23418748
RGI2000-v7.0-G-12-01631,12,12-01,G044389E42749N,2000-07-28T00:00:00,44.37741603206806,42.7484015,2.333556021009302,0,3723.6829,1.0,COPDEM30,31.38637370
RGI2000-v7.0-G-12-01632,12,12-01,G044415E42757N,2000-07-28T00:00:00,44.414595136013375,42.756959,0.149607980915569,0,3044.0647,2.0,COPDEM30,15.41508673
RGI2000-v7.0-G-12-01633,12,12-01,G044433E42747N,2000-07-28T00:00:00,44.43197419207027,42.7465055,0.793308515680385,0,3749.186,2.0,COPDEM30,22.46950156
RGI2000-v7.0-G-12-01634,12,12-01,G044439E42761N,2000-07-28T00:00:00,44.439248343075306,42.7617085,0.118970296490349,0,3944.6257,2.0,COPDEM30,14.82888995
RGI2000-v7.0-G-12-01635,12,12-01,G044530E42754N,2000-07-28T00:00:00,44.529737007889636,42.754191500000005,0.044511568224039,0,3787.3928,8.0,COPDEM30,12.95368708
RGI2000-v7.0-G-12-01636,12,12-01,G044517E42715N,2000-07-28T00:00:00,44.509815356824404,42.709415,6.831520401544269,0,4192.108,2.0,COPDEM30,46.59204830
RGI2000-v7.0-G-12-01637,12,12-01,G044389E42686N,2000-07-28T00:00:00,44.38925478518972,42.686296,0.065356800047025,0,3664.7456,5.0,COPDEM30,13.57909665
RGI2000-v7.0-G-12-01638,12,12-01,G044381E42692N,2000-07-28T00:00:00,44.381765431992335,42.691216499999996,0.527672835900058,0,3624.587,8.0,COPDEM30,20.16975299
RGI2000-v7.0-G-12-01639,12,12-01,G044377E42686N,2000-07-28T00:00:00,44.37706016002093,42.686333000000005,0.154273474187073,0,3580.702,8.0,COPDEM30,15.49887270
RGI2000-v7.0-G-12-01640,12,12-01,G044372E42683N,2000-07-28T00:00:00,44.371760682142856,42.683117499999994,0.089664505401793,0,3544.0032,8.0,COPDEM30,14.19216448
RGI2000-v7.0-G-12-01641,12,12-01,G044313E42735N,2000-07-28T00:00:00,44.31737213834673,42.7333325,0.390053602574948,0,3661.2122,3.0,COPDEM30,18.74359801
RGI2000-v7.0-G-12-01642,12,12-01,G044317E42739N,2000-07-28T00:00:00,44.31762786051216,42.739385999999996,0.168466418639294,0,3674.1333,3.0,COPDEM30,15.74625252
RGI2000-v7.0-G-12-01643,12,12-01,G044316E42738N,2000-07-28T00:00:00,44.310826441358024,42.742264500000005,0.130125223426283,0,3986.5112,3.0,COPDEM30,15.05020235
RGI2000-v7.0-G-12-01644,12,12-01,G044312E42747N,2000-07-28T00:00:00,44.31178380555555,42.746369,0.186846006662373,0,3846.4897,8.0,COPDEM30,16.05159626
RGI2000-v7.0-G-12-01645,12,12-01,G044311E42746N,2000-07-28T00:00:00,44.31475873046812,42.7509105,0.13698090326378,0,3920.3896,8.0,COPDEM30,15.18153038
RGI2000-v7.0-G-12-01646,12,12-01,G044317E42757N,2000-07-28T00:00:00,44.318411668281655,42.7555185,0.223083483161749,0,3931.2295,8.0,COPDEM30,16.61244000
RGI2000-v7.0-G-12-01647,12,12-01,G044323E42754N,2000-07-28T00:00:00,44.32281418263473,42.753505,0.031592038810752,0,4000.1611,2.0,COPDEM30,12.48838092
RGI2000-v7.0-G-12-01648,12,12-01,G044329E42750N,2000-07-28T00:00:00,44.32223003647416,42.749314,0.239993716698956,0,3996.5059,3.0,COPDEM30,16.85848150
RGI2000-v7.0-G-12-01649,12,12-01,G044330E42751N,2000-07-28T00:00:00,44.33153435486322,42.750995,0.366534743312361,0,3616.875,2.0,COPDEM30,18.47589580
RGI2000-v7.0-G-12-01650,12,12-01,G044328E42743N,2000-07-28T00:00:00,44.32769025,42.743271,0.027350621915725,0,3669.2905,3.0,COPDEM30,12.31532328
RGI2000-v7.0-G-12-01651,12,12-01,G044294E42741N,2000-07-28T00:00:00,44.30125497806351,42.742298000000005,0.035631139088331,0,3779.4883,8.0,COPDEM30,12.64266972
RGI2000-v7.0-G-12-01652,12,12-01,G044295E42742N,2000-07-28T00:00:00,44.295493007397155,42.742459,0.044756726442555,0,3685.3296,1.0,COPDEM30,12.96180998
RGI2000-v7.0-G-12-01653,12,12-01,G044297E42751N,2000-07-28T00:00:00,44.296631098506786,42.751151,0.239039515935899,0,3039.4707,2.0,COPDEM30,16.84483346
RGI2000-v7.0-G-12-01654,12,12-01,G044272E42751N,2000-07-28T00:00:00,44.27613371481481,42.7561235,0.047002520651471,0,3679.9185,1.0,COPDEM30,13.03520906
RGI2000-v7.0-G-12-01655,12,12-01,G044273E42752N,2000-07-28T00:00:00,44.27475080573248,42.751981,0.253902827718741,0,3828.567,8.0,COPDEM30,17.05442799
RGI2000-v7.0-G-12-01656,12,12-01,G044324E42763N,2000-07-28T00:00:00,44.32459167720387,42.7631365,0.046880674080323,0,3745.2288,1.0,COPDEM30,13.03127236
RGI2000-v7.0-G-12-01657,12,12-01,G044274E42601N,2000-07-28T00:00:00,44.2699117424812,42.612153,0.132443088515687,0,3362.6204,2.0,COPDEM30,15.09498237
RGI2000-v7.0-G-12-01658,12,12-01,G044273E42601N,2000-07-28T00:00:00,44.27616964768285,42.6077865,0.103294953799943,0,3258.0225,3.0,COPDEM30,14.49953453
RGI2000-v7.0-G-12-01659,12,12-01,G044274E42602N,2000-07-28T00:00:00,44.275937361151904,42.6019895,0.197375740578717,0,3386.0684,2.0,COPDEM30,16.21977855
RGI2000-v7.0-G-12-01660,12,12-01,G044281E42599N,2000-07-28T00:00:00,44.283600102014205,42.599859,0.168727211257733,0,3170.7266,1.0,COPDEM30,15.75069851
RGI2000-v7.0-G-12-01661,12,12-01,G044255E42603N,2000-07-28T00:00:00,44.25791049957699,42.6041935,0.348332006812582,0,3271.6353,1.0,COPDEM30,18.26275216
RGI2000-v7.0-G-12-01662,12,12-01,G044248E42596N,2000-07-28T00:00:00,44.24972872414861,42.5983935,0.413361817338259,0,3344.5332,8.0,COPDEM30,19.00105084
RGI2000-v7.0-G-12-01663,12,12-01,G044234E42609N,2000-07-28T00:00:00,44.23418867374893,42.6090935,0.024349207858882,0,3775.0183,1.0,COPDEM30,12.18459258
RGI2000-v7.0-G-12-01664,12,12-01,G044235E42614N,2000-07-28T00:00:00,44.230395276785714,42.6120375,0.326708744583115,0,3412.2114,2.0,COPDEM30,18.00218182
RGI2000-v7.0-G-12-01665,12,12-01,G044223E42604N,2000-07-28T00:00:00,44.223238344036695,42.603812000000005,0.041078623834483,0,3473.72,8.0,COPDEM30,12.83750071
RGI2000-v7.0-G-12-01666,12,12-01,G044313E42596N,2000-07-28T00:00:00,44.31361757692308,42.595856,0.047327383811764,0,3339.3857,1.0,COPDEM30,13.04568009
RGI2000-v7.0-G-12-01667,12,12-01,G044302E42566N,2000-07-28T00:00:00,44.30159902835352,42.5690825,1.142161207338448,0,3459.8406,8.0,COPDEM30,24.96207194
RGI2000-v7.0-G-12-01668,12,12-01,G044312E42567N,2000-07-28T00:00:00,44.3132570405198,42.5658895,0.131301991568214,0,3369.6753,2.0,COPDEM30,15.07298633
RGI2000-v7.0-G-12-01669,12,12-01,G044322E42554N,2000-07-28T00:00:00,44.322582297024205,42.5537705,0.056022231454119,0,3306.6018,2.0,COPDEM30,13.31366223
RGI2000-v7.0-G-12-01670,12,12-01,G044410E42548N,2000-07-28T00:00:00,44.41040935483737,42.547697,0.034613859119869,0,3684.518,3.0,COPDEM30,12.60467203
RGI2000-v7.0-G-12-01671,12,12-01,G044425E42525N,2000-07-28T00:00:00,44.42478550104521,42.5245565,0.027574489992653,0,3145.147,2.0,COPDEM30,12.32477957
RGI2000-v7.0-G-12-01672,12,12-01,G044427E42523N,2000-07-28T00:00:00,44.42734184,42.522756,0.02781652923119,0,3225.646,1.0,COPDEM30,12.33496033
RGI2000-v7.0-G-12-01673,12,12-01,G044711E42652N,2000-07-28T00:00:00,44.71105260021787,42.6516355,0.044743193840321,0,3823.566,1.0,COPDEM30,12.96136219
RGI2000-v7.0-G-12-01674,12,12-01,G044716E42650N,2000-07-28T00:00:00,44.71672234,42.649568,0.05441084038727,0,3914.4749,1.0,COPDEM30,13.26565839
RGI2000-v7.0-G-12-01675,12,12-01,G044719E42652N,2000-07-28T00:00:00,44.71946058089789,42.6525685,0.03615064676524,0,3570.2559,1.0,COPDEM30,12.66186528
RGI2000-v7.0-G-12-01676,12,12-01,G044716E42659N,2000-07-28T00:00:00,44.715023308333336,42.657039,0.170932809783629,0,3122.4233,1.0,COPDEM30,15.78816298
RGI2000-v7.0-G-12-01677,12,12-01,G044724E42645N,2000-07-28T00:00:00,44.72367844186047,42.645059,0.040163292217148,0,3552.2324,2.0,COPDEM30,12.80570941
RGI2000-v7.0-G-12-01678,12,12-01,G044730E42632N,2000-07-28T00:00:00,44.72575322990875,42.635744,0.154326886890348,0,3430.541,2.0,COPDEM30,15.49982453
RGI2000-v7.0-G-12-01679,12,12-01,G044731E42633N,2000-07-28T00:00:00,44.73183450093633,42.633598,0.174882481649044,0,3400.8503,2.0,COPDEM30,15.85465340
RGI2000-v7.0-G-12-01680,12,12-01,G044738E42631N,2000-07-28T00:00:00,44.737472484621186,42.6308715,0.084836741746744,0,3419.7021,2.0,COPDEM30,14.07774464
RGI2000-v7.0-G-12-01681,12,12-01,G044753E42622N,2000-07-28T00:00:00,44.74400513354068,42.6206165,0.13993843132539,0,3423.1992,2.0,COPDEM30,15.23716837
RGI2000-v7.0-G-12-01682,12,12-01,G044754E42623N,2000-07-28T00:00:00,44.75381148852467,42.6238525,1.142424789667033,0,3349.6907,8.0,COPDEM30,24.96379827
RGI2000-v7.0-G-12-01683,12,12-01,G044758E42635N,2000-07-28T00:00:00,44.75833717990655,42.6351135,0.044635908696691,0,3472.2373,8.0,COPDEM30,12.95780968
RGI2000-v7.0-G-12-01684,12,12-01,G044762E42639N,2000-07-28T00:00:00,44.759535050225736,42.640569,0.151457642211533,0,3543.7507,8.0,COPDEM30,15.44845830
RGI2000-v7.0-G-12-01685,12,12-01,G044767E42642N,2000-07-28T00:00:00,44.766495183411216,42.6415675,0.019311367519138,0,3877.1404,8.0,COPDEM30,11.94551485
RGI2000-v7.0-G-12-01686,12,12-01,G044768E42648N,2000-07-28T00:00:00,44.7676720221695,42.647732500000004,0.052791934457781,0,3620.1187,3.0,COPDEM30,13.21670937
RGI2000-v7.0-G-12-01687,12,12-01,G044764E42651N,2000-07-28T00:00:00,44.764421103146844,42.651473499999994,0.017129224388873,0,4045.6174,4.0,COPDEM30,11.83230128
RGI2000-v7.0-G-12-01688,12,12-01,G044765E42657N,2000-07-28T00:00:00,44.76487362314619,42.6573295,0.194348531475223,0,4160.313,3.0,COPDEM30,16.17189697
RGI2000-v7.0-G-12-01689,12,12-01,G044765E42661N,2000-07-28T00:00:00,44.76448039648437,42.6607045,0.147248323556603,0,4127.697,2.0,COPDEM30,15.37221290
RGI2000-v7.0-G-12-01690,12,12-01,G044763E42663N,2000-07-28T00:00:00,44.76291932156593,42.662946,0.089234778126894,0,4116.336,2.0,COPDEM30,14.18210671
RGI2000-v7.0-G-12-01691,12,12-01,G044762E42667N,2000-07-28T00:00:00,44.76219283795955,42.6667595,0.240487746958899,0,3900.0967,2.0,COPDEM30,16.86553701
RGI2000-v7.0-G-12-01692,12,12-01,G044757E42669N,2000-07-28T00:00:00,44.7574996242915,42.668774,0.086604594035599,0,4110.1196,3.0,COPDEM30,14.12001219
RGI2000-v7.0-G-12-01693,12,12-01,G044752E42666N,2000-07-28T00:00:00,44.7518256010101,42.666223,0.03171998032458,0,3936.8967,8.0,COPDEM30,12.49341456
RGI2000-v7.0-G-12-01694,12,12-01,G044751E42671N,2000-07-28T00:00:00,44.748893769215286,42.671937,0.306964197034865,0,3799.8699,8.0,COPDEM30,17.75660896
RGI2000-v7.0-G-12-01695,12,12-01,G044755E42677N,2000-07-28T00:00:00,44.75464409226546,42.676538,0.056840877680762,0,4222.259,7.0,COPDEM30,13.33778550
RGI2000-v7.0-G-12-01696,12,12-01,G044759E42675N,2000-07-28T00:00:00,44.75883675308641,42.675444,0.043287397021753,0,4068.6628,3.0,COPDEM30,12.91278729
RGI2000-v7.0-G-12-01697,12,12-01,G044756E42682N,2000-07-28T00:00:00,44.75594759580838,42.6813505,0.203989846061974,0,3897.932,1.0,COPDEM30,16.32313291
RGI2000-v7.0-G-12-01698,12,12-01,G044760E42690N,2000-07-28T00:00:00,44.759696971804516,42.690717,0.401241298009044,0,3088.941,2.0,COPDEM30,18.86810546
RGI2000-v7.0-G-12-01699,12,12-01,G044772E42679N,2000-07-28T00:00:00,44.77199525161291,42.679817,0.076583163356892,0,3037.336,3.0,COPDEM30,13.87431284
RGI2000-v7.0-G-12-01700,12,12-01,G044776E42667N,2000-07-28T00:00:00,44.77701488223337,42.6669485,0.10325926790968,0,3019.6016,2.0,COPDEM30,14.49875722
RGI2000-v7.0-G-12-01701,12,12-01,G044775E42659N,2000-07-28T00:00:00,44.77488842740415,42.658747000000005,0.034052299736208,0,3377.5027,3.0,COPDEM30,12.58345713
RGI2000-v7.0-G-12-01702,12,12-01,G044773E42655N,2000-07-28T00:00:00,44.77276275240318,42.655104,0.07262313473086,0,3743.2878,3.0,COPDEM30,13.77281518
RGI2000-v7.0-G-12-01703,12,12-01,G044776E42645N,2000-07-28T00:00:00,44.77568929990833,42.644883,0.275718310282672,0,3452.2156,2.0,COPDEM30,17.35124403
RGI2000-v7.0-G-12-01704,12,12-01,G044775E42644N,2000-07-28T00:00:00,44.781974709488345,42.646344,0.090228958159058,0,3374.7983,1.0,COPDEM30,14.20533896
RGI2000-v7.0-G-12-01705,12,12-01,G044781E42639N,2000-07-28T00:00:00,44.78065512241379,42.639473499999994,0.029479274557103,0,3469.9062,2.0,COPDEM30,12.40373414
RGI2000-v7.0-G-12-01706,12,12-01,G044768E42633N,2000-07-28T00:00:00,44.76835880494596,42.633746,0.130908551398724,0,3527.1863,3.0,COPDEM30,15.06538015
RGI2000-v7.0-G-12-01707,12,12-01,G044759E42657N,2000-07-28T00:00:00,44.75714932908163,42.656731,0.550501031891079,0,3937.397,8.0,COPDEM30,20.38740594
RGI2000-v7.0-G-12-01708,12,12-01,G044697E42676N,2000-07-28T00:00:00,44.69702816666667,42.676235,0.053419702712043,0,3879.857,1.0,COPDEM30,13.23577838
RGI2000-v7.0-G-12-01709,12,12-01,G044695E42677N,2000-07-28T00:00:00,44.69360566024264,42.6769125,0.136988234703226,0,3820.0674,1.0,COPDEM30,15.18166904
RGI2000-v7.0-G-12-01710,12,12-01,G044689E42678N,2000-07-28T00:00:00,44.68937757766989,42.678434499999995,0.046441669918716,0,3766.7832,1.0,COPDEM30,13.01704612
RGI2000-v7.0-G-12-01711,12,12-01,G044743E42705N,2000-07-28T00:00:00,44.743528384745765,42.704466,0.01736616548644,0,4022.2456,7.0,COPDEM30,11.84493047
RGI2000-v7.0-G-12-01712,12,12-01,G044745E42711N,2000-07-28T00:00:00,44.74400259440559,42.711095,0.378953530243049,0,3655.2607,1.0,COPDEM30,18.61828822
RGI2000-v7.0-G-12-01713,12,12-01,G044753E42707N,2000-07-28T00:00:00,44.752788255586594,42.707014,0.07629419700699,0,3486.2036,3.0,COPDEM30,13.86699659
RGI2000-v7.0-G-12-01714,12,12-01,G044833E42673N,2000-07-28T00:00:00,44.832945109038974,42.6730625,0.097419829861134,0,4063.58,8.0,COPDEM30,14.36970098
RGI2000-v7.0-G-12-01715,12,12-01,G044835E42666N,2000-07-28T00:00:00,44.834235930620665,42.666246,0.106112740639113,0,4105.6494,8.0,COPDEM30,14.56049308
RGI2000-v7.0-G-12-01716,12,12-01,G044834E42665N,2000-07-28T00:00:00,44.831590146564565,42.663221500000006,0.080719577583091,0,4086.5088,8.0,COPDEM30,13.97756674
RGI2000-v7.0-G-12-01717,12,12-01,G044830E42658N,2000-07-28T00:00:00,44.83021327631579,42.65848,0.048222951453119,0,3973.7437,8.0,COPDEM30,13.07436148
RGI2000-v7.0-G-12-01718,12,12-01,G044841E42661N,2000-07-28T00:00:00,44.8414718580247,42.660093,0.246768209552814,0,3618.3987,3.0,COPDEM30,16.95460776
RGI2000-v7.0-G-12-01719,12,12-01,G044845E42671N,2000-07-28T00:00:00,44.84540375295463,42.6709295,0.615410613622207,0,3828.3757,3.0,COPDEM30,20.98273555
RGI2000-v7.0-G-12-01720,12,12-01,G044862E42681N,2000-07-28T00:00:00,44.86178106345679,42.681322,0.21393016450477,0,3519.5498,2.0,COPDEM30,16.47536194
RGI2000-v7.0-G-12-01721,12,12-01,G044845E42688N,2000-07-28T00:00:00,44.845161158584546,42.687497500000006,1.285899407272687,0,2943.3066,1.0,COPDEM30,25.87565066
RGI2000-v7.0-G-12-01722,12,12-01,G044825E42644N,2000-07-28T00:00:00,44.82500563790487,42.6441345,0.080530076888109,0,3722.0288,2.0,COPDEM30,13.97289505
RGI2000-v7.0-G-12-01723,12,12-01,G044826E42620N,2000-07-28T00:00:00,44.82575901315789,42.6199305,0.231309465114932,0,3503.606,1.0,COPDEM30,16.73324997
RGI2000-v7.0-G-12-01724,12,12-01,G044833E42616N,2000-07-28T00:00:00,44.83232879,42.616256500000006,0.110720502324776,0,3592.8623,3.0,COPDEM30,14.65845666
RGI2000-v7.0-G-12-01725,12,12-01,G044821E42612N,2000-07-28T00:00:00,44.82083118033414,42.612015,0.166691125251828,0,3562.1123,1.0,COPDEM30,15.71589543
RGI2000-v7.0-G-12-01726,12,12-01,G044864E42612N,2000-07-28T00:00:00,44.863630437903225,42.6121915,0.02756830413958,0,3108.3528,1.0,COPDEM30,12.32451879
RGI2000-v7.0-G-12-01727,12,12-01,G044874E42591N,2000-07-28T00:00:00,44.87396928146853,42.5911075,0.025314846448899,0,3126.33,2.0,COPDEM30,12.22748960
RGI2000-v7.0-G-12-01728,12,12-01,G044805E42545N,2000-07-28T00:00:00,44.80822710427691,42.545221,0.616465764558723,0,3050.5308,2.0,COPDEM30,20.99214674
RGI2000-v7.0-G-12-01729,12,12-01,G044790E42542N,2000-07-28T00:00:00,44.7896657916134,42.5418315,0.100350379572021,0,3410.6816,7.0,COPDEM30,14.43493792
RGI2000-v7.0-G-12-01730,12,12-01,G044790E42541N,2000-07-28T00:00:00,44.78570769158878,42.5393575,0.063897000402567,0,3334.9246,8.0,COPDEM30,13.53889984
RGI2000-v7.0-G-12-01731,12,12-01,G044789E42541N,2000-07-28T00:00:00,44.78321470228572,42.536592,0.066972294973449,0,3320.6804,8.0,COPDEM30,13.62306084
RGI2000-v7.0-G-12-01732,12,12-01,G044772E42535N,2000-07-28T00:00:00,44.77297863728147,42.534495,0.040405319840716,0,3229.026,8.0,COPDEM30,12.81415044
RGI2000-v7.0-G-12-01733,12,12-01,G045013E42602N,2000-07-28T00:00:00,45.01384652777777,42.602441,0.067589439876099,0,3217.8801,2.0,COPDEM30,13.63971568
RGI2000-v7.0-G-12-01734,12,12-01,G045020E42595N,2000-07-28T00:00:00,45.02045216152263,42.594939499999995,0.139170044054487,0,3196.52,2.0,COPDEM30,15.22277021
RGI2000-v7.0-G-12-01735,12,12-01,G045047E42635N,2000-07-28T00:00:00,45.047062337209304,42.634127,0.055495242861597,0,3416.525,2.0,COPDEM30,13.29803996
RGI2000-v7.0-G-12-01736,12,12-01,G045052E42633N,2000-07-28T00:00:00,45.05205225805709,42.633019,0.122311234239796,0,3354.1096,2.0,COPDEM30,14.89622323
RGI2000-v7.0-G-12-01737,12,12-01,G045060E42630N,2000-07-28T00:00:00,45.06031575,42.630354499999996,0.079346358489693,0,3232.5012,2.0,COPDEM30,13.94358799
RGI2000-v7.0-G-12-01738,12,12-01,G045058E42691N,2000-07-28T00:00:00,45.05787397325582,42.691745,0.090446095980289,0,3471.2673,3.0,COPDEM30,14.21039604
RGI2000-v7.0-G-12-01739,12,12-01,G045063E42699N,2000-07-28T00:00:00,45.05007257614114,42.69504,0.157865209685392,0,3822.894,1.0,COPDEM30,15.56251572
RGI2000-v7.0-G-12-01740,12,12-01,G045062E42699N,2000-07-28T00:00:00,45.05323562101911,42.6989885,0.266303995212127,0,3353.4983,8.0,COPDEM30,17.22465107
RGI2000-v7.0-G-12-01741,12,12-01,G045063E42700N,2000-07-28T00:00:00,45.06311231355039,42.6998855,0.437629893327287,0,3486.233,1.0,COPDEM30,19.26150415
RGI2000-v7.0-G-12-01742,12,12-01,G045069E42695N,2000-07-28T00:00:00,45.06899552897538,42.69525350000001,0.080218086018125,0,3516.1882,2.0,COPDEM30,13.96519165
RGI2000-v7.0-G-12-01743,12,12-01,G045076E42704N,2000-07-28T00:00:00,45.075610922500005,42.7036995,0.138656391682079,0,3608.9683,4.0,COPDEM30,15.21312313
RGI2000-v7.0-G-12-01744,12,12-01,G045084E42706N,2000-07-28T00:00:00,45.084307319705275,42.706506000000005,0.090997328158979,0,3482.534,3.0,COPDEM30,14.22320688
RGI2000-v7.0-G-12-01745,12,12-01,G045085E42714N,2000-07-28T00:00:00,45.08552111432236,42.714574,0.269676812974074,0,3621.022,1.0,COPDEM30,17.27025827
RGI2000-v7.0-G-12-01746,12,12-01,G045091E42714N,2000-07-28T00:00:00,45.09099670655738,42.7137,0.122248661859156,0,3479.0562,2.0,COPDEM30,14.89497066
RGI2000-v7.0-G-12-01747,12,12-01,G045072E42711N,2000-07-28T00:00:00,45.0715963809699,42.710725999999994,0.245639414172096,0,3297.0928,1.0,COPDEM30,16.93868325
RGI2000-v7.0-G-12-01748,12,12-01,G045064E42709N,2000-07-28T00:00:00,45.0639705289127,42.7091825,0.211766548240182,0,3476.2412,1.0,COPDEM30,16.44253393
RGI2000-v7.0-G-12-01749,12,12-01,G045056E42710N,2000-07-28T00:00:00,45.055597739700374,42.7102765,0.11814331043946,0,3481.3594,8.0,COPDEM30,14.81207739
RGI2000-v7.0-G-12-01750,12,12-01,G045064E42699N,2000-07-28T00:00:00,45.040037965596326,42.69964,0.116492866784315,0,3101.8198,1.0,COPDEM30,14.77834719
RGI2000-v7.0-G-12-01751,12,12-01,G045027E42692N,2000-07-28T00:00:00,45.02718325590551,42.6914975,0.038999710941354,0,3532.2744,8.0,COPDEM30,12.76476823
RGI2000-v7.0-G-12-01752,12,12-01,G044872E42732N,2000-07-28T00:00:00,44.87144419593831,42.731537,0.058679438002486,0,3326.901,1.0,COPDEM30,13.39133747
RGI2000-v7.0-G-12-01753,12,12-01,G045271E42611N,1999-08-20T00:00:00,45.27098731093365,42.6107665,0.296273608690574,0,3430.4673,1.0,COPDEM30,17.62034299
RGI2000-v7.0-G-12-01754,12,12-01,G045289E42615N,1999-08-20T00:00:00,45.28865629678363,42.614674,0.103545209650543,0,3394.2563,2.0,COPDEM30,14.50498181
RGI2000-v7.0-G-12-01755,12,12-01,G045289E42599N,1999-08-20T00:00:00,45.28859178519675,42.598586499999996,0.614456274186525,0,3694.1545,2.0,COPDEM30,20.97421659
RGI2000-v7.0-G-12-01756,12,12-01,G045308E42573N,1999-08-20T00:00:00,45.310297856299215,42.578622,0.316391392336957,0,3973.7664,8.0,COPDEM30,17.87481510
RGI2000-v7.0-G-12-01757,12,12-01,G045309E42574N,1999-08-20T00:00:00,45.30841948563612,42.5742005,0.625214002261228,0,4072.0408,8.0,COPDEM30,21.06986651
RGI2000-v7.0-G-12-01758,12,12-01,G045305E42571N,1999-08-20T00:00:00,45.30461425817728,42.571130999999994,0.106423910583741,0,4034.6987,7.0,COPDEM30,14.56717489
RGI2000-v7.0-G-12-01759,12,12-01,G045320E42559N,1999-08-20T00:00:00,45.3153021302521,42.56612,0.079918373406419,0,3844.7405,4.0,COPDEM30,13.95777730
RGI2000-v7.0-G-12-01760,12,12-01,G045321E42560N,1999-08-20T00:00:00,45.32104765317623,42.5588645,0.344882126467012,0,3655.1296,5.0,COPDEM30,18.22173320
RGI2000-v7.0-G-12-01761,12,12-01,G045303E42553N,1999-08-20T00:00:00,45.30352342567568,42.552885,0.407891713061326,0,3717.1082,2.0,COPDEM30,18.94129609
RGI2000-v7.0-G-12-01762,12,12-01,G045299E42550N,1999-08-20T00:00:00,45.29926097074954,42.5506395,0.130571856560521,0,3898.8389,8.0,COPDEM30,15.05886192
RGI2000-v7.0-G-12-01763,12,12-01,G045297E42549N,1999-08-20T00:00:00,45.29616671330275,42.5486255,0.078437398299549,0,3858.1614,8.0,COPDEM30,13.92093485
RGI2000-v7.0-G-12-01764,12,12-01,G045292E42548N,1999-08-20T00:00:00,45.291971586669746,42.5481945,0.118124259442698,0,3746.4172,8.0,COPDEM30,14.81168940
RGI2000-v7.0-G-12-01765,12,12-01,G045286E42546N,1999-08-20T00:00:00,45.286481783199676,42.5459345,0.053967387360737,0,3746.7559,8.0,COPDEM30,13.25232347
RGI2000-v7.0-G-12-01766,12,12-01,G045284E42544N,1999-08-20T00:00:00,45.284255888156224,42.5444555,0.057257414651871,0,3758.8228,8.0,COPDEM30,13.34999303
RGI2000-v7.0-G-12-01767,12,12-01,G045280E42541N,1999-08-20T00:00:00,45.27949085479578,42.5422025,0.181597310580328,0,3761.586,8.0,COPDEM30,15.96599303
RGI2000-v7.0-G-12-01768,12,12-01,G045286E42541N,1999-08-20T00:00:00,45.283407943201375,42.539602,0.50579955716769,0,3722.9463,2.0,COPDEM30,19.95674210
RGI2000-v7.0-G-12-01769,12,12-01,G045272E42496N,1999-08-20T00:00:00,45.27353176093702,42.495912,0.16751993123513,0,3469.437,2.0,COPDEM30,15.73008783
RGI2000-v7.0-G-12-01770,12,12-01,G045293E42487N,1999-08-20T00:00:00,45.29372104625,42.4881465,0.02889859831375,0,3557.0552,8.0,COPDEM30,12.37994228
RGI2000-v7.0-G-12-01771,12,12-01,G045298E42486N,1999-08-20T00:00:00,45.29900574013158,42.4855705,0.219190947857527,0,3488.4985,2.0,COPDEM30,16.55449661
RGI2000-v7.0-G-12-01772,12,12-01,G045286E42473N,1999-08-20T00:00:00,45.28649354563016,42.472906,0.060436213804336,0,3390.2803,2.0,COPDEM30,13.44172891
RGI2000-v7.0-G-12-01773,12,12-01,G045279E42474N,1999-08-20T00:00:00,45.281069232471275,42.473884999999996,0.149605070523408,0,3503.8315,2.0,COPDEM30,15.41503406
RGI2000-v7.0-G-12-01774,12,12-01,G045273E42478N,1999-08-20T00:00:00,45.27168614135021,42.478926,0.37097758170941,0,3431.6648,1.0,COPDEM30,18.52711006
RGI2000-v7.0-G-12-01775,12,12-01,G045283E42463N,1999-08-20T00:00:00,45.2829002778107,42.462908999999996,0.096131521782507,0,3352.5723,1.0,COPDEM30,14.34071172
RGI2000-v7.0-G-12-01776,12,12-01,G045288E42455N,1999-08-20T00:00:00,45.28839861825397,42.4549015,0.024147717749907,0,3338.6482,2.0,COPDEM30,12.17553503
RGI2000-v7.0-G-12-01777,12,12-01,G045312E42470N,1999-08-20T00:00:00,45.312110661540395,42.4703735,0.074859632486281,0,3309.6157,1.0,COPDEM30,13.83046837
RGI2000-v7.0-G-12-01778,12,12-01,G045452E42481N,1999-08-20T00:00:00,45.45196604123096,42.4812965,0.043766760343558,0,3078.0596,2.0,COPDEM30,12.92887095
RGI2000-v7.0-G-12-01779,12,12-01,G045458E42480N,1999-08-20T00:00:00,45.45795170890136,42.479788,0.038497244356537,0,3119.5679,1.0,COPDEM30,12.74690005
RGI2000-v7.0-G-12-01780,12,12-01,G045412E42551N,1999-08-20T00:00:00,45.41137275107681,42.551696500000006,0.108084278015846,0,3206.5063,1.0,COPDEM30,14.60266428
RGI2000-v7.0-G-12-01781,12,12-01,G045335E42577N,1999-08-20T00:00:00,45.33819698382352,42.579527999999996,2.856491288785278,0,3811.2144,1.0,COPDEM30,33.66162067
RGI2000-v7.0-G-12-01782,12,12-01,G045318E42576N,1999-08-20T00:00:00,45.31802892531306,42.576285999999996,0.065835825974055,0,4310.2573,3.0,COPDEM30,13.59218901
RGI2000-v7.0-G-12-01783,12,12-01,G045519E42559N,1999-08-20T00:00:00,45.51887553079898,42.559310499999995,0.690459695481335,0,3624.5503,1.0,COPDEM30,21.63314662
RGI2000-v7.0-G-12-01784,12,12-01,G045533E42548N,1999-08-20T00:00:00,45.528065218992246,42.5467305,0.070696050145335,0,3550.1301,1.0,COPDEM30,13.72242204
RGI2000-v7.0-G-12-01785,12,12-01,G045534E42549N,1999-08-20T00:00:00,45.53616343305613,42.548372,0.153137557418915,0,3440.975,1.0,COPDEM30,15.47859117
RGI2000-v7.0-G-12-01786,12,12-01,G045541E42535N,1999-08-20T00:00:00,45.54072939138719,42.535677500000006,0.074619719293821,0,3728.2717,7.0,COPDEM30,13.82432543
RGI2000-v7.0-G-12-01787,12,12-01,G045556E42548N,1999-08-20T00:00:00,45.5558341008547,42.547718,1.877194035322882,0,3377.7515,8.0,COPDEM30,29.18150231
RGI2000-v7.0-G-12-01788,12,12-01,G045575E42561N,1999-08-20T00:00:00,45.57453565980822,42.560019499999996,0.265486186505699,0,3422.1003,1.0,COPDEM30,17.21354923
RGI2000-v7.0-G-12-01789,12,12-01,G045585E42560N,1999-08-20T00:00:00,45.58445509356287,42.5601775,0.032965143246609,0,3426.9248,2.0,COPDEM30,12.54188278
RGI2000-v7.0-G-12-01790,12,12-01,G045596E42545N,1999-08-20T00:00:00,45.58333912394366,42.547720999999996,0.47022032474771,0,3465.5247,2.0,COPDEM30,19.60016581
RGI2000-v7.0-G-12-01791,12,12-01,G045597E42546N,1999-08-20T00:00:00,45.597066725283625,42.545626,1.895352664281404,0,3434.3306,1.0,COPDEM30,29.27405308
RGI2000-v7.0-G-12-01792,12,12-01,G045599E42530N,1999-08-20T00:00:00,45.59790276784784,42.530058999999994,0.076995932143745,0,4127.592,4.0,COPDEM30,13.88473972
RGI2000-v7.0-G-12-01793,12,12-01,G045600E42526N,1999-08-20T00:00:00,45.60047125597765,42.5257215,0.072057739122158,0,3752.1196,4.0,COPDEM30,13.75810017
RGI2000-v7.0-G-12-01794,12,12-01,G045611E42531N,1999-08-20T00:00:00,45.61088705263158,42.5311875,0.127745790611732,0,3364.13,3.0,COPDEM30,15.00381604
RGI2000-v7.0-G-12-01795,12,12-01,G045610E42513N,1999-08-20T00:00:00,45.61563794769991,42.5126445,1.750501344432176,0,3459.015,1.0,COPDEM30,28.52291185
RGI2000-v7.0-G-12-01796,12,12-01,G045624E42504N,1999-08-20T00:00:00,45.623829646582735,42.5030025,0.322244645599362,0,3577.2002,5.0,COPDEM30,17.94732348
RGI2000-v7.0-G-12-01797,12,12-01,G045633E42505N,1999-08-20T00:00:00,45.63286587237762,42.5046005,0.14172185218401,0,3591.962,5.0,COPDEM30,15.27043480
RGI2000-v7.0-G-12-01798,12,12-01,G045639E42500N,1999-08-20T00:00:00,45.63877796859642,42.5003945,0.127009358032045,0,3478.7266,6.0,COPDEM30,14.98937212
RGI2000-v7.0-G-12-01799,12,12-01,G045646E42497N,1999-08-20T00:00:00,45.64554388906958,42.497085999999996,0.142022800658099,0,3793.8657,7.0,COPDEM30,15.27602776
RGI2000-v7.0-G-12-01800,12,12-01,G045647E42490N,1999-08-20T00:00:00,45.64963094523969,42.4946365,0.051112677701474,0,3745.8252,5.0,COPDEM30,13.16513583
RGI2000-v7.0-G-12-01801,12,12-01,G045648E42491N,1999-08-20T00:00:00,45.64700940878474,42.4902955,0.14010353231919,0,3568.5586,6.0,COPDEM30,15.24025690
RGI2000-v7.0-G-12-01802,12,12-01,G045645E42509N,1999-08-20T00:00:00,45.650442846841685,42.509069,2.148034621098784,0,3571.476,1.0,COPDEM30,30.51864483
RGI2000-v7.0-G-12-01803,12,12-01,G045644E42508N,1999-08-20T00:00:00,45.644465982941895,42.513794000000004,1.058758323132841,0,3588.5608,2.0,COPDEM30,24.40543756
RGI2000-v7.0-G-12-01804,12,12-01,G045647E42523N,1999-08-20T00:00:00,45.646783704602996,42.522936,0.056349310512067,0,3333.0854,2.0,COPDEM30,13.32332136
RGI2000-v7.0-G-12-01805,12,12-01,G045674E42502N,1999-08-20T00:00:00,45.67348695645933,42.502301,0.0326123928269,0,3522.394,4.0,COPDEM30,12.52824623
RGI2000-v7.0-G-12-01806,12,12-01,G045682E42500N,1999-08-20T00:00:00,45.68164295632395,42.500001,0.22205321163072,0,3644.3796,6.0,COPDEM30,16.59715313
RGI2000-v7.0-G-12-01807,12,12-01,G045689E42493N,1999-08-20T00:00:00,45.6885599290051,42.493027999999995,0.037507757027833,0,3620.0315,7.0,COPDEM30,12.71136873
RGI2000-v7.0-G-12-01808,12,12-01,G045698E42492N,1999-08-20T00:00:00,45.69768514285714,42.491899000000004,0.167089930457136,0,3467.022,2.0,COPDEM30,15.72272893
RGI2000-v7.0-G-12-01809,12,12-01,G045695E42499N,1999-08-20T00:00:00,45.695145082725986,42.498831499999994,0.416753919783862,0,3525.6624,3.0,COPDEM30,19.03790730
RGI2000-v7.0-G-12-01810,12,12-01,G045699E42505N,1999-08-20T00:00:00,45.69933584255834,42.504504499999996,0.119602778707509,0,3440.6016,4.0,COPDEM30,14.84170885
RGI2000-v7.0-G-12-01811,12,12-01,G045688E42512N,1999-08-20T00:00:00,45.6887184866342,42.511843999999996,2.388929773150265,0,3655.6714,1.0,COPDEM30,31.63862832
RGI2000-v7.0-G-12-01812,12,12-01,G045702E42524N,1999-08-20T00:00:00,45.70243250119904,42.5242775,0.100595087332547,0,3323.0068,2.0,COPDEM30,14.44034200
RGI2000-v7.0-G-12-01813,12,12-01,G045714E42485N,1999-08-20T00:00:00,45.71493022264022,42.486379,0.103661655514564,0,3012.3337,1.0,COPDEM30,14.50751422
RGI2000-v7.0-G-12-01814,12,12-01,G045715E42486N,1999-08-20T00:00:00,45.72271409053498,42.482108499999995,0.119502456943108,0,3348.2666,1.0,COPDEM30,14.83967784
RGI2000-v7.0-G-12-01815,12,12-01,G045727E42479N,1999-08-20T00:00:00,45.72671968502024,42.479432,0.177022051326617,0,3739.7773,8.0,COPDEM30,15.89035840
RGI2000-v7.0-G-12-01816,12,12-01,G045735E42481N,1999-08-20T00:00:00,45.73472010721748,42.481245,0.114836827445799,0,3774.4158,1.0,COPDEM30,14.74426161
RGI2000-v7.0-G-12-01817,12,12-01,G045734E42477N,1999-08-20T00:00:00,45.73423405634939,42.476172,0.105988977323963,0,3552.0186,6.0,COPDEM30,14.55783277
RGI2000-v7.0-G-12-01818,12,12-01,G045741E42486N,1999-08-20T00:00:00,45.73993268435595,42.484892,0.559548115764521,0,3395.8374,8.0,COPDEM30,20.47241284
RGI2000-v7.0-G-12-01819,12,12-01,G045740E42485N,1999-08-20T00:00:00,45.731078105104515,42.4883645,0.020160591380135,0,2962.1924,1.0,COPDEM30,11.98783196
RGI2000-v7.0-G-12-01820,12,12-01,G045750E42484N,1999-08-20T00:00:00,45.750000818277314,42.4843075,0.062049685044323,0,3813.471,1.0,COPDEM30,13.48736839
RGI2000-v7.0-G-12-01821,12,12-01,G045755E42492N,1999-08-20T00:00:00,45.7546939971144,42.4926835,0.467570748470925,0,2997.6675,8.0,COPDEM30,19.57308031
RGI2000-v7.0-G-12-01822,12,12-01,G045763E42488N,1999-08-20T00:00:00,45.76353540301004,42.4882355,0.275572596451949,0,3684.3613,8.0,COPDEM30,17.34930125
RGI2000-v7.0-G-12-01823,12,12-01,G045769E42479N,1999-08-20T00:00:00,45.76877626923077,42.4850785,0.218344903270838,0,3817.1863,6.0,COPDEM30,16.54183468
RGI2000-v7.0-G-12-01824,12,12-01,G045775E42485N,2000-07-28T00:00:00,45.77459465037357,42.4848145,0.0889416463411,0,4042.4854,6.0,COPDEM30,14.17523205
RGI2000-v7.0-G-12-01825,12,12-01,G045779E42480N,1999-08-20T00:00:00,45.78041423863636,42.480608000000004,0.024096993420993,0,3657.4136,3.0,COPDEM30,12.17324888
RGI2000-v7.0-G-12-01826,12,12-01,G045784E42482N,1999-08-20T00:00:00,45.78412495427105,42.4816685,0.341789292198938,0,3477.816,4.0,COPDEM30,18.18478474
RGI2000-v7.0-G-12-01827,12,12-01,G045788E42486N,1999-08-20T00:00:00,45.78782271029412,42.486278,0.093159971783092,0,3539.199,4.0,COPDEM30,14.27309659
RGI2000-v7.0-G-12-01828,12,12-01,G045795E42491N,1999-08-20T00:00:00,45.79556584089377,42.491110500000005,0.096986982109616,0,3650.3472,4.0,COPDEM30,14.35998263
RGI2000-v7.0-G-12-01829,12,12-01,G045790E42502N,1999-08-20T00:00:00,45.791759190568555,42.5024415,1.764688701398559,0,3610.5383,1.0,COPDEM30,28.59782206
RGI2000-v7.0-G-12-01830,12,12-01,G045807E42503N,1999-08-20T00:00:00,45.809239403784844,42.5022515,0.80504281143012,0,3473.3384,1.0,COPDEM30,22.56138492
RGI2000-v7.0-G-12-01831,12,12-01,G045824E42504N,1999-08-20T00:00:00,45.8238506568829,42.5040365,0.061972034865197,0,3807.4648,2.0,COPDEM30,13.48518562
RGI2000-v7.0-G-12-01832,12,12-01,G045777E42494N,1999-08-20T00:00:00,45.77678702264808,42.493525500000004,0.729786847182842,0,3994.9944,8.0,COPDEM30,21.95985878
RGI2000-v7.0-G-12-01833,12,12-01,G045771E42501N,1999-08-20T00:00:00,45.77107351710234,42.5008955,0.126200363793033,0,3198.547,8.0,COPDEM30,14.97345668
RGI2000-v7.0-G-12-01834,12,12-01,G045768E42478N,1999-08-20T00:00:00,45.76930189839647,42.4795985,0.065934428979458,0,3547.056,6.0,COPDEM30,13.59487803
RGI2000-v7.0-G-12-01835,12,12-01,G045780E42481N,1999-08-20T00:00:00,45.77851340186916,42.475411,0.079046066574972,0,3776.1216,3.0,COPDEM30,13.93611853
RGI2000-v7.0-G-12-01836,12,12-01,G045715E42473N,1999-08-20T00:00:00,45.71465585714286,42.47185,0.194126319416609,0,3519.3745,5.0,COPDEM30,16.16836758
RGI2000-v7.0-G-12-01837,12,12-01,G045705E42484N,1999-08-20T00:00:00,45.705008831313194,42.4839765,0.171259875097855,0,3496.8496,2.0,COPDEM30,15.79369791
RGI2000-v7.0-G-12-01838,12,12-01,G045699E42484N,1999-08-20T00:00:00,45.699132547619044,42.48391650000001,0.075777352595053,0,3659.9321,1.0,COPDEM30,13.85387611
RGI2000-v7.0-G-12-01839,12,12-01,G045812E42346N,1999-08-20T00:00:00,45.81329422432586,42.346976,0.060330880944797,0,3088.2969,8.0,COPDEM30,13.43872835
RGI2000-v7.0-G-12-01840,12,12-01,G045813E42347N,1999-08-20T00:00:00,45.81917400157231,42.3456415,0.071225228704572,0,3191.0933,1.0,COPDEM30,13.73632772
RGI2000-v7.0-G-12-01841,12,12-01,G045858E42331N,1999-08-20T00:00:00,45.85796958707865,42.3312435,0.13253335025837,0,3111.6675,2.0,COPDEM30,15.09671822
RGI2000-v7.0-G-12-01842,12,12-01,G046063E42304N,1999-08-20T00:00:00,46.062451451489295,42.3039515,0.236724266785391,0,3534.9468,8.0,COPDEM30,16.81160453
RGI2000-v7.0-G-12-01843,12,12-01,G046064E42287N,1999-08-20T00:00:00,46.06261281837412,42.287309,0.093488108337601,0,3454.5608,1.0,COPDEM30,14.28061552
RGI2000-v7.0-G-12-01844,12,12-01,G046150E42266N,1999-08-20T00:00:00,46.14982425298277,42.265547,0.085663011346384,0,3226.7786,3.0,COPDEM30,14.09755418
RGI2000-v7.0-G-12-01845,12,12-01,G046155E42279N,1999-08-20T00:00:00,46.154119656416256,42.2766345,0.044891068030259,0,3378.0432,3.0,COPDEM30,12.96625173
RGI2000-v7.0-G-12-01846,12,12-01,G046154E42278N,1999-08-20T00:00:00,46.15465471897306,42.27928300000001,0.037685016000605,0,3400.4692,3.0,COPDEM30,12.71776804
RGI2000-v7.0-G-12-01847,12,12-01,G046193E42303N,1999-08-20T00:00:00,46.18880706878677,42.3042815,2.083791753187786,0,3559.0447,8.0,COPDEM30,30.20948252
RGI2000-v7.0-G-12-01848,12,12-01,G046204E42315N,1999-08-20T00:00:00,46.204022723507855,42.3148245,0.94876340588868,0,3649.6113,8.0,COPDEM30,23.63662816
RGI2000-v7.0-G-12-01849,12,12-01,G046205E42326N,1999-08-20T00:00:00,46.20641917105263,42.3266765,1.211833402430868,0,3817.954,8.0,COPDEM30,25.41166269
RGI2000-v7.0-G-12-01850,12,12-01,G046223E42317N,1999-08-20T00:00:00,46.22294897625002,42.3172065,1.047471069540113,0,3419.0854,3.0,COPDEM30,24.32844477
RGI2000-v7.0-G-12-01851,12,12-01,G046222E42316N,1999-08-20T00:00:00,46.226072964375874,42.3106285,0.071207170256079,0,3444.4766,2.0,COPDEM30,13.73585403
RGI2000-v7.0-G-12-01852,12,12-01,G046233E42327N,1999-08-20T00:00:00,46.23607692805756,42.32627050000001,0.216913832282237,0,3541.1672,4.0,COPDEM30,16.52036127
RGI2000-v7.0-G-12-01853,12,12-01,G046247E42328N,1999-08-20T00:00:00,46.247259901258744,42.328846999999996,0.140748474117005,0,3426.7903,5.0,COPDEM30,15.25230434
RGI2000-v7.0-G-12-01854,12,12-01,G046242E42339N,1999-08-20T00:00:00,46.241757828817754,42.339254999999994,0.477013505418201,0,3683.313,8.0,COPDEM30,19.66926301
RGI2000-v7.0-G-12-01855,12,12-01,G046233E42336N,1999-08-20T00:00:00,46.23259452678546,42.336684000000005,2.807537992504974,0,3465.618,1.0,COPDEM30,33.45799323
RGI2000-v7.0-G-12-01856,12,12-01,G046251E42348N,1999-08-20T00:00:00,46.2507996054132,42.348068999999995,1.128683333981959,0,3443.1306,1.0,COPDEM30,24.87353130
RGI2000-v7.0-G-12-01857,12,12-01,G046267E42350N,1999-08-20T00:00:00,46.26713527821815,42.349984,1.182524809596494,0,3527.6233,1.0,COPDEM30,25.22415392
RGI2000-v7.0-G-12-01858,12,12-01,G046281E42355N,1999-08-20T00:00:00,46.28112563272937,42.355817,0.154363640865396,0,3462.8718,1.0,COPDEM30,15.50047940
RGI2000-v7.0-G-12-01859,12,12-01,G046284E42349N,1999-08-20T00:00:00,46.28468812043269,42.348721499999996,0.266676473599944,0,3434.0176,2.0,COPDEM30,17.22970185
RGI2000-v7.0-G-12-01860,12,12-01,G046270E42338N,1999-08-20T00:00:00,46.269782768871195,42.337757999999994,0.306861545904815,0,3551.8713,4.0,COPDEM30,17.75531192
RGI2000-v7.0-G-12-01861,12,12-01,G046260E42336N,1999-08-20T00:00:00,46.26088376788029,42.3353745,0.604948976253687,0,3428.832,4.0,COPDEM30,20.88898523
RGI2000-v7.0-G-12-01862,12,12-01,G046272E42308N,1999-08-20T00:00:00,46.271602772183655,42.3079415,0.336797503565048,0,3282.2495,2.0,COPDEM30,18.12479604
RGI2000-v7.0-G-12-01863,12,12-01,G046273E42300N,1999-08-20T00:00:00,46.27347403714471,42.3003755,0.052943473654486,0,3641.374,2.0,COPDEM30,13.22132284
RGI2000-v7.0-G-12-01864,12,12-01,G046280E42301N,1999-08-20T00:00:00,46.27985370767888,42.3014345,0.12007611936196,0,3265.8677,3.0,COPDEM30,14.85128018
RGI2000-v7.0-G-12-01865,12,12-01,G046281E42293N,1999-08-20T00:00:00,46.28144674140198,42.292640000000006,0.134250608834156,0,3289.8796,2.0,COPDEM30,15.12963150
RGI2000-v7.0-G-12-01866,12,12-01,G046298E42274N,1999-08-20T00:00:00,46.29773297773973,42.273501499999995,0.071326452975884,0,3610.4001,1.0,COPDEM30,13.73898178
RGI2000-v7.0-G-12-01867,12,12-01,G046313E42268N,1999-08-20T00:00:00,46.31166849475285,42.266749000000004,0.282421571331905,0,3225.6362,1.0,COPDEM30,17.44006908
RGI2000-v7.0-G-12-01868,12,12-01,G046193E42344N,1999-08-20T00:00:00,46.19316974609511,42.344351,0.362614846602123,0,3439.333,2.0,COPDEM30,18.43045135
RGI2000-v7.0-G-12-01869,12,12-01,G046483E42257N,1999-08-20T00:00:00,46.483082165164525,42.256510000000006,0.073946650798189,0,3376.6167,1.0,COPDEM30,13.80703869
RGI2000-v7.0-G-12-01870,12,12-01,G046489E42236N,1999-08-20T00:00:00,46.48903013980582,42.235898500000005,0.081403433884962,0,3635.7578,8.0,COPDEM30,13.99438018
RGI2000-v7.0-G-12-01871,12,12-01,G046539E42186N,1999-08-20T00:00:00,46.53901819749578,42.1858005,0.036105065165609,0,3330.8052,1.0,COPDEM30,12.66018660
RGI2000-v7.0-G-12-01872,12,12-01,G046550E42185N,1999-08-20T00:00:00,46.549602171341085,42.1851855,0.093155515044148,0,3549.0142,1.0,COPDEM30,14.27299438
RGI2000-v7.0-G-12-01873,12,12-01,G046561E42195N,1999-08-20T00:00:00,46.559901150394985,42.1936865,0.222196430677085,0,3568.184,1.0,COPDEM30,16.59928030
RGI2000-v7.0-G-12-01874,12,12-01,G046540E42165N,1999-08-20T00:00:00,46.54133381690142,42.166019500000004,0.167141166069626,0,3672.833,1.0,COPDEM30,15.72360625
RGI2000-v7.0-G-12-01875,12,12-01,G046546E42159N,1999-08-20T00:00:00,46.54658738631663,42.157942500000004,0.118642036692117,0,3428.8926,3.0,COPDEM30,14.82222347
RGI2000-v7.0-G-12-01876,12,12-01,G046535E42155N,1999-08-20T00:00:00,46.5356176191454,42.1553685,0.299107826143352,0,3505.9578,8.0,COPDEM30,17.65670516
RGI2000-v7.0-G-12-01877,12,12-01,G046532E42151N,1999-08-20T00:00:00,46.531537045039165,42.152011,0.185107323185401,0,3519.663,1.0,COPDEM30,16.02337408
RGI2000-v7.0-G-12-01878,12,12-01,G046525E42151N,1999-08-20T00:00:00,46.524856639036855,42.1511385,0.083347199685196,0,3371.8933,1.0,COPDEM30,14.04178811
RGI2000-v7.0-G-12-01879,12,12-01,G046519E42150N,1999-08-20T00:00:00,46.51874910323524,42.150118500000005,0.049593558072974,0,3334.4365,1.0,COPDEM30,13.11774556
RGI2000-v7.0-G-12-01880,12,12-01,G046573E42138N,1999-08-20T00:00:00,46.572818201862376,42.138353499999994,0.16449847631179,0,3414.2537,2.0,COPDEM30,15.67817764
RGI2000-v7.0-G-12-01881,12,12-01,G046618E42034N,1999-08-20T00:00:00,46.61884836629473,42.034048999999996,0.103973510508122,0,3364.027,1.0,COPDEM30,14.51428932
RGI2000-v7.0-G-12-01882,12,12-01,G046627E42035N,1999-08-20T00:00:00,46.62684386658171,42.0341195,0.190073160483405,0,3362.9604,1.0,COPDEM30,16.10363330
RGI2000-v7.0-G-12-01883,12,12-01,G046636E42036N,1999-08-20T00:00:00,46.63589484085213,42.035825,0.127723823115606,0,3442.6577,1.0,COPDEM30,15.00338579
RGI2000-v7.0-G-12-01884,12,12-01,G046642E42036N,1999-08-20T00:00:00,46.64135699028269,42.034867500000004,0.080920993513438,0,3603.705,1.0,COPDEM30,13.98252617
RGI2000-v7.0-G-12-01885,12,12-01,G046646E42020N,1999-08-20T00:00:00,46.64517882443165,42.02015299999999,0.383838392504141,0,3666.5784,1.0,COPDEM30,18.67365695
RGI2000-v7.0-G-12-01886,12,12-01,G046639E42017N,1999-08-20T00:00:00,46.639593298876406,42.016954,0.037561313863135,0,3627.0034,1.0,COPDEM30,12.71330380
RGI2000-v7.0-G-12-01887,12,12-01,G046652E42018N,1999-08-20T00:00:00,46.652068621713234,42.017519,0.037085399035476,0,3868.9854,8.0,COPDEM30,12.69605976
RGI2000-v7.0-G-12-01888,12,12-01,G046688E42013N,1999-08-20T00:00:00,46.688045928390466,42.012068,0.07579993772499,0,3588.6914,1.0,COPDEM30,13.85445039
RGI2000-v7.0-G-12-01889,12,12-01,G046686E42004N,1999-08-20T00:00:00,46.685688666666664,42.003513,0.208570634769911,0,3393.2153,3.0,COPDEM30,16.39373478
RGI2000-v7.0-G-12-01890,12,12-01,G046687E41995N,1999-08-20T00:00:00,46.68715671661238,41.994795499999995,0.08111124829544,0,3377.1826,2.0,COPDEM90,13.98720512
RGI2000-v7.0-G-12-01891,12,12-01,G046703E41960N,1999-08-20T00:00:00,46.703336535324794,41.960324,0.341187290618832,0,3452.94,1.0,COPDEM90,18.17757354
RGI2000-v7.0-G-12-01892,12,12-01,G046696E41957N,1999-08-20T00:00:00,46.695517468679725,41.957207,0.10072613840343,0,3501.9116,1.0,COPDEM90,14.44323341
RGI2000-v7.0-G-12-01893,12,12-01,G046659E41955N,1999-08-20T00:00:00,46.6585089453892,41.9549655,0.190444368919784,0,3242.745,1.0,COPDEM90,16.10959052
RGI2000-v7.0-G-12-01894,12,12-01,G046628E41951N,1999-08-20T00:00:00,46.62823378841823,41.950611,0.112264730526886,0,3131.4272,1.0,COPDEM90,14.69083012
RGI2000-v7.0-G-12-01895,12,12-01,G046793E41973N,1999-08-20T00:00:00,46.792593220606825,41.974051,0.73562990369648,0,3669.776,1.0,COPDEM90,22.00764178
RGI2000-v7.0-G-12-01896,12,12-01,G046800E41968N,1999-08-20T00:00:00,46.8002686566975,41.967714,0.097330273186626,0,3686.8994,3.0,COPDEM90,14.36769202
RGI2000-v7.0-G-12-01897,12,12-01,G046796E41966N,1999-08-20T00:00:00,46.79625215831044,41.9659045,0.063226278831672,0,4008.1047,2.0,COPDEM90,13.52027707
RGI2000-v7.0-G-12-01898,12,12-01,G046810E41955N,1999-08-20T00:00:00,46.80949005046584,41.95489,0.108922172610767,0,3484.1477,2.0,COPDEM90,14.62047030
RGI2000-v7.0-G-12-01899,12,12-01,G046816E41945N,1999-08-20T00:00:00,46.8147171442029,41.9456355,0.186933339595556,0,3461.9243,2.0,COPDEM90,16.05301037
RGI2000-v7.0-G-12-01900,12,12-01,G046824E41936N,1999-08-20T00:00:00,46.82352322817955,41.9364955,0.188562700569404,0,3448.7046,2.0,COPDEM90,16.07933297
RGI2000-v7.0-G-12-01901,12,12-01,G046826E41925N,1999-08-20T00:00:00,46.82565210891089,41.9243655,0.075062535993721,0,3607.0564,1.0,COPDEM90,13.83565601
RGI2000-v7.0-G-12-01902,12,12-01,G046836E41929N,1999-08-20T00:00:00,46.83602299487032,41.928135999999995,0.251852206980265,0,3528.682,1.0,COPDEM90,17.02588305
RGI2000-v7.0-G-12-01903,12,12-01,G046829E41915N,1999-08-20T00:00:00,46.82832825378787,41.915951,0.04737692120192,0,3703.1636,8.0,COPDEM90,13.04727363
RGI2000-v7.0-G-12-01904,12,12-01,G046851E41911N,1999-08-20T00:00:00,46.839281318516306,41.914193499999996,1.162394947017238,0,3572.3157,2.0,COPDEM90,25.09401900
RGI2000-v7.0-G-12-01905,12,12-01,G046862E41903N,1999-08-20T00:00:00,46.86139089640642,41.903871499999994,1.387523222800056,0,3536.6711,1.0,COPDEM90,26.49104459
RGI2000-v7.0-G-12-01906,12,12-01,G046878E41905N,1999-08-20T00:00:00,46.87831128191408,41.9049455,0.096906150434844,0,3789.4758,3.0,COPDEM90,14.35816538
RGI2000-v7.0-G-12-01907,12,12-01,G046884E41910N,1999-08-20T00:00:00,46.88442205136987,41.911103999999995,0.160863409275844,0,3443.318,1.0,COPDEM90,15.61508933
RGI2000-v7.0-G-12-01908,12,12-01,G046885E41896N,1999-08-20T00:00:00,46.884161848101265,41.8964175,0.058673724314152,0,3507.0198,2.0,COPDEM90,13.39117236
RGI2000-v7.0-G-12-01909,12,12-01,G046880E41891N,1999-08-20T00:00:00,46.87844049211871,41.8918315,0.940081882807068,0,3503.231,2.0,COPDEM90,23.57409478
RGI2000-v7.0-G-12-01910,12,12-01,G046905E41888N,1999-08-20T00:00:00,46.90462791793048,41.8878505,0.104293693734007,0,3139.8438,1.0,COPDEM90,14.52123478
RGI2000-v7.0-G-12-01911,12,12-01,G046910E41885N,1999-08-20T00:00:00,46.90995045046206,41.8844645,0.064358169340787,0,3351.3782,1.0,COPDEM90,13.55164767
RGI2000-v7.0-G-12-01912,12,12-01,G046923E41869N,1999-08-20T00:00:00,46.92296953114479,41.868716500000005,0.376770682538004,0,3255.0562,1.0,COPDEM90,18.59343085
RGI2000-v7.0-G-12-01913,12,12-01,G046924E41856N,1999-08-20T00:00:00,46.92367527127659,41.8611815,0.150417016893653,0,3671.7764,4.0,COPDEM90,15.42970858
RGI2000-v7.0-G-12-01914,12,12-01,G046925E41857N,1999-08-20T00:00:00,46.92530865204559,41.8564375,0.247567636599408,0,3518.5215,3.0,COPDEM90,16.96586368
RGI2000-v7.0-G-12-01915,12,12-01,G046932E41850N,1999-08-20T00:00:00,46.929888657333464,41.8498655,0.284140897715196,0,3368.2256,2.0,COPDEM90,17.46268155
RGI2000-v7.0-G-12-01916,12,12-01,G046942E41847N,1999-08-20T00:00:00,46.94204027213946,41.8470395,0.065364658189033,0,3258.2112,1.0,COPDEM90,13.57931181
RGI2000-v7.0-G-12-01917,12,12-01,G046948E41845N,1999-08-20T00:00:00,46.94760977407406,41.845194500000005,0.065782981316518,0,3308.3938,1.0,COPDEM90,13.59074704
RGI2000-v7.0-G-12-01918,12,12-01,G046946E41843N,1999-08-20T00:00:00,46.951555590704224,41.843852999999996,0.025490987680813,0,3380.6648,1.0,COPDEM90,12.23522562
RGI2000-v7.0-G-12-01919,12,12-01,G046947E41844N,1999-08-20T00:00:00,46.95510102375566,41.8428265,0.029182848388866,0,3496.2703,8.0,COPDEM90,12.39161834
RGI2000-v7.0-G-12-01920,12,12-01,G047031E41914N,1999-08-20T00:00:00,47.03045566509434,41.915113,0.242391815794372,0,3659.5146,1.0,COPDEM90,16.89266247
RGI2000-v7.0-G-12-01921,12,12-01,G047046E41910N,1999-08-20T00:00:00,47.045377066434966,41.9095965,0.128862154145235,0,3475.315,1.0,COPDEM90,15.02563252
RGI2000-v7.0-G-12-01922,12,12-01,G047054E41906N,1999-08-20T00:00:00,47.05414903742516,41.905865000000006,0.116048962256545,0,3374.6982,2.0,COPDEM90,14.76923438
RGI2000-v7.0-G-12-01923,12,12-01,G047064E41902N,1999-08-20T00:00:00,47.06295670329476,41.9021425,0.075785617995476,0,3501.3833,1.0,COPDEM90,13.85408629
RGI2000-v7.0-G-12-01924,12,12-01,G047080E41901N,1999-08-20T00:00:00,47.07973862747803,41.900341,0.054393423270846,0,3663.4307,1.0,COPDEM90,13.26513567
RGI2000-v7.0-G-12-01925,12,12-01,G047086E41898N,1999-08-20T00:00:00,47.08586235181011,41.8988155,0.103565953694981,0,3562.312,2.0,COPDEM90,14.50543305
RGI2000-v7.0-G-12-01926,12,12-01,G047088E41885N,1999-08-20T00:00:00,47.085407268237084,41.8932905,0.116159444881859,0,3730.5369,3.0,COPDEM90,14.77150408
RGI2000-v7.0-G-12-01927,12,12-01,G047089E41886N,1999-08-20T00:00:00,47.09096749999999,41.885523000000006,0.251354344360785,0,3585.4524,2.0,COPDEM90,17.01893521
RGI2000-v7.0-G-12-01928,12,12-01,G047123E41888N,1999-08-20T00:00:00,47.122989242918365,41.887986999999995,0.070574686809429,0,3561.988,1.0,COPDEM90,13.71922554
RGI2000-v7.0-G-12-01929,12,12-01,G047134E41889N,1999-08-20T00:00:00,47.134044329559785,41.888487,0.190559382154064,0,3628.3884,1.0,COPDEM90,16.11143509
RGI2000-v7.0-G-12-01930,12,12-01,G047144E41889N,1999-08-20T00:00:00,47.144251474049824,41.8892765,0.042685601589174,0,3761.4243,1.0,COPDEM90,12.89246917
RGI2000-v7.0-G-12-01931,12,12-01,G047153E41892N,1999-08-20T00:00:00,47.152419811904764,41.89186,0.079493011189461,0,3513.7595,1.0,COPDEM90,13.94723070
RGI2000-v7.0-G-12-01932,12,12-01,G047155E41886N,1999-08-20T00:00:00,47.15541719258687,41.886219499999996,0.247048646781557,0,3504.4583,1.0,COPDEM90,16.95855838
RGI2000-v7.0-G-12-01933,12,12-01,G046959E41937N,1999-08-20T00:00:00,46.95947981782945,41.937188000000006,0.137106806501543,0,3401.752,1.0,COPDEM90,15.18391108
RGI2000-v7.0-G-12-01934,12,12-01,G046929E41962N,1999-08-20T00:00:00,46.92918453030303,41.9619,0.123075874632089,0,3765.9302,3.0,COPDEM90,14.91150399
RGI2000-v7.0-G-12-01935,12,12-01,G046923E41965N,1999-08-20T00:00:00,46.92334649008549,41.964127,0.20738472151203,0,3676.7622,1.0,COPDEM90,16.37553178
RGI2000-v7.0-G-12-01936,12,12-01,G046928E41991N,1999-08-20T00:00:00,46.92690415520134,41.9917385,0.106718477392783,0,3923.8882,1.0,COPDEM90,14.57349118
RGI2000-v7.0-G-12-01937,12,12-01,G046934E41991N,1999-08-20T00:00:00,46.933447901953,41.990832499999996,0.056995235488247,0,3741.4067,1.0,COPDEM90,13.34231449
RGI2000-v7.0-G-12-01938,12,12-01,G046806E42007N,1999-08-20T00:00:00,46.80563702722378,42.0067275,0.060604181269568,0,3666.9739,1.0,COPDEM30,13.44650831
RGI2000-v7.0-G-12-01939,12,12-01,G046805E41896N,1999-08-20T00:00:00,46.804431653272026,41.895725,0.118631841727636,0,3420.7034,1.0,COPDEM90,14.82201628
RGI2000-v7.0-G-12-01940,12,12-01,G046759E41865N,1999-08-20T00:00:00,46.75936131938904,41.8649015,0.100306779954832,0,3501.1494,1.0,COPDEM90,14.43397439
RGI2000-v7.0-G-12-01941,12,12-01,G047247E41560N,2002-09-06T00:00:00,47.24651915121382,41.560217,0.169078027551076,0,3629.3013,1.0,COPDEM90,15.75667381
RGI2000-v7.0-G-12-01942,12,12-01,G047264E41536N,2002-09-06T00:00:00,47.264271473884975,41.536138,0.056219484286477,0,3577.951,2.0,COPDEM90,13.31949076
RGI2000-v7.0-G-12-01943,12,12-01,G047273E41530N,2002-09-06T00:00:00,47.27490535112359,41.527825,0.300602816076856,0,3251.1733,1.0,COPDEM90,17.67581604
RGI2000-v7.0-G-12-01944,12,12-01,G047278E41519N,2002-09-06T00:00:00,47.27886503372093,41.5185915,0.070360685857103,0,3269.4478,2.0,COPDEM90,13.71358243
RGI2000-v7.0-G-12-01945,12,12-01,G047284E41517N,2002-09-06T00:00:00,47.28390845995792,41.5164815,0.047873826701129,0,3204.3967,1.0,COPDEM90,13.06321237
RGI2000-v7.0-G-12-01946,12,12-01,G047285E41511N,2002-09-06T00:00:00,47.28481215291262,41.510529,0.089923915285618,0,3738.0652,1.0,COPDEM90,14.19822431
RGI2000-v7.0-G-12-01947,12,12-01,G047300E41501N,2002-09-06T00:00:00,47.29900462691269,41.499757,0.117290538979837,0,3643.158,1.0,COPDEM90,14.79467889
RGI2000-v7.0-G-12-01948,12,12-01,G047325E41500N,2002-09-06T00:00:00,47.324840109756096,41.499275,0.34711393368812,0,3780.4312,8.0,COPDEM90,18.24829261
RGI2000-v7.0-G-12-01949,12,12-01,G047332E41502N,2002-09-06T00:00:00,47.33200370390071,41.502081000000004,0.064679337822996,0,3690.2737,2.0,COPDEM90,13.56049859
RGI2000-v7.0-G-12-01950,12,12-01,G047335E41498N,2002-09-06T00:00:00,47.33479096250808,41.498290999999995,0.07530246217431,0,3560.349,3.0,COPDEM90,13.84178117
RGI2000-v7.0-G-12-01951,12,12-01,G047328E41494N,2002-09-06T00:00:00,47.32850008530806,41.4931645,0.081367848843331,0,3723.0518,4.0,COPDEM90,13.99350703
RGI2000-v7.0-G-12-01952,12,12-01,G047417E41446N,2002-09-06T00:00:00,47.41680286389962,41.446116,0.058025615624821,0,3504.2024,2.0,COPDEM90,13.37239094
RGI2000-v7.0-G-12-01953,12,12-01,G047439E41451N,2002-09-06T00:00:00,47.43922382018533,41.450403,0.025479078704905,0,3419.7554,2.0,COPDEM90,12.23470343
RGI2000-v7.0-G-12-01954,12,12-01,G047321E41387N,2002-09-06T00:00:00,47.32056599627612,41.3866595,0.02589409643168,0,3740.3186,7.0,COPDEM90,12.25282998
RGI2000-v7.0-G-12-01955,12,12-01,G047253E41353N,2002-09-06T00:00:00,47.25341300934464,41.3531555,0.032418875055291,0,3212.7986,1.0,COPDEM90,12.52073392
RGI2000-v7.0-G-12-01956,12,12-01,G047708E41260N,2002-09-06T00:00:00,47.70705230624999,41.260127,0.191152646185136,0,3775.7737,1.0,COPDEM90,16.12094099
RGI2000-v7.0-G-12-01957,12,12-01,G047707E41240N,2002-09-06T00:00:00,47.70678584396752,41.239657,0.157815444689831,0,3648.101,1.0,COPDEM90,15.56163889
RGI2000-v7.0-G-12-01958,12,12-01,G047724E41215N,2002-09-06T00:00:00,47.724025679784006,41.2152335,0.244553047342524,0,3768.7192,1.0,COPDEM90,16.92332271
RGI2000-v7.0-G-12-01959,12,12-01,G047724E41209N,2002-09-06T00:00:00,47.72345710063291,41.209254,0.228303993806933,0,3888.7314,8.0,COPDEM90,16.68936341
RGI2000-v7.0-G-12-01960,12,12-01,G047718E41208N,2002-09-06T00:00:00,47.71684102110888,41.2086165,0.185352652268821,0,3808.6,1.0,COPDEM90,16.02736425
RGI2000-v7.0-G-12-01961,12,12-01,G047729E41197N,2002-09-06T00:00:00,47.72862146176159,41.1972325,0.113909376908068,0,3707.7651,2.0,COPDEM90,14.72506485
RGI2000-v7.0-G-12-01962,12,12-01,G047733E41194N,2002-09-06T00:00:00,47.73292671540052,41.1937095,0.182310191508135,0,3565.6357,1.0,COPDEM90,15.97769166
RGI2000-v7.0-G-12-01963,12,12-01,G047732E41193N,2002-09-06T00:00:00,47.74770989345468,41.189926,0.072336360267387,0,3708.128,1.0,COPDEM90,13.76535876
RGI2000-v7.0-G-12-01964,12,12-01,G047751E41196N,2002-09-06T00:00:00,47.75108079406889,41.195619,0.230997105431894,0,3806.4707,1.0,COPDEM90,16.72870215
RGI2000-v7.0-G-12-01965,12,12-01,G047761E41204N,2002-09-06T00:00:00,47.7601612896224,41.203050000000005,0.06492347424467,0,3814.7075,1.0,COPDEM90,13.56721193
RGI2000-v7.0-G-12-01966,12,12-01,G047820E41225N,2002-09-06T00:00:00,47.82036629158672,41.2253195,0.043885948681947,0,3581.1548,2.0,COPDEM90,12.93285628
RGI2000-v7.0-G-12-01967,12,12-01,G047825E41225N,2002-09-06T00:00:00,47.82506776170395,41.223867,0.058795949787832,0,3538.3608,1.0,COPDEM90,13.39470266
RGI2000-v7.0-G-12-01968,12,12-01,G047840E41218N,2002-09-06T00:00:00,47.84045130172413,41.2183885,0.103311353484321,0,3680.0718,8.0,COPDEM90,14.49989170
RGI2000-v7.0-G-12-01969,12,12-01,G047850E41218N,2002-09-06T00:00:00,47.851963520465546,41.2175525,0.649306759973529,0,4204.409,7.0,COPDEM90,21.28114023
RGI2000-v7.0-G-12-01970,12,12-01,G047871E41221N,2002-09-06T00:00:00,47.86329481489776,41.2233775,0.727206881813024,0,4083.4905,2.0,COPDEM90,21.93869963
RGI2000-v7.0-G-12-01971,12,12-01,G047864E41218N,2002-09-06T00:00:00,47.86638447675956,41.217265,0.336027045157864,0,4330.826,5.0,COPDEM90,18.11549757
RGI2000-v7.0-G-12-01972,12,12-01,G047870E41220N,2002-09-06T00:00:00,47.87222472972973,41.222819,0.381288266204296,0,3977.032,1.0,COPDEM90,18.64479613
RGI2000-v7.0-G-12-01973,12,12-01,G047880E41222N,2002-09-06T00:00:00,47.882134750000006,41.224230000000006,1.03256502331545,0,3853.9065,1.0,COPDEM90,24.22612894
RGI2000-v7.0-G-12-01974,12,12-01,G047886E41219N,2002-09-06T00:00:00,47.88616777427185,41.219557,0.02878292425262,0,4158.6943,2.0,COPDEM90,12.37517434
RGI2000-v7.0-G-12-01975,12,12-01,G047897E41216N,2002-09-06T00:00:00,47.898309930933856,41.2149665,0.137278710230769,0,3753.2715,1.0,COPDEM90,15.18715984
RGI2000-v7.0-G-12-01976,12,12-01,G047894E41233N,2002-09-06T00:00:00,47.89482167692307,41.232553,0.068684024445613,0,3781.7112,1.0,COPDEM90,13.66906920
RGI2000-v7.0-G-12-01977,12,12-01,G047855E41206N,2002-09-06T00:00:00,47.855200953201965,41.206092,0.128275608624014,0,3848.2844,2.0,COPDEM90,15.01418182
RGI2000-v7.0-G-12-01978,12,12-01,G047858E41199N,2002-09-06T00:00:00,47.858213860806785,41.1990205,0.166192974553129,0,3776.349,1.0,COPDEM90,15.70734816
RGI2000-v7.0-G-12-01979,12,12-01,G047896E41187N,2002-09-06T00:00:00,47.895941807120764,41.1872985,0.053838309088063,0,3721.412,1.0,COPDEM90,13.24843171
RGI2000-v7.0-G-12-01980,12,12-01,G047907E41188N,2002-09-06T00:00:00,47.90712789198278,41.186842,0.511706685877758,0,4026.7842,8.0,COPDEM90,20.01471470
RGI2000-v7.0-G-12-01981,12,12-01,G047911E41188N,2002-09-06T00:00:00,47.91125712197393,41.1884885,0.030685214464269,0,4062.4355,3.0,COPDEM90,12.45240740
RGI2000-v7.0-G-12-01982,12,12-01,G047896E41175N,2002-09-06T00:00:00,47.89410711331776,41.1767155,0.190545883175087,0,3814.8474,8.0,COPDEM90,16.11121863
RGI2000-v7.0-G-12-01983,12,12-01,G047988E41176N,2002-09-06T00:00:00,47.98783352592592,41.176219,0.122949974323405,0,3886.6965,2.0,COPDEM90,14.90899124
RGI2000-v7.0-G-12-01984,12,12-01,G047992E41171N,2002-09-06T00:00:00,47.99306232937258,41.16944,0.280483392089342,0,3722.595,2.0,COPDEM90,17.41449559
RGI2000-v7.0-G-12-01985,12,12-01,G048001E41261N,2002-09-06T00:00:00,48.000584671874996,41.2612525,0.056528615450604,0,4006.784,3.0,COPDEM90,13.32860461
RGI2000-v7.0-G-12-01986,12,12-01,G048004E41266N,2002-09-06T00:00:00,48.00416058433425,41.266407,0.017273391966418,0,4077.7087,5.0,COPDEM90,11.83999588
RGI2000-v7.0-G-12-01987,12,12-01,G048007E41270N,2002-09-06T00:00:00,48.007543287511474,41.269276000000005,0.032388807746027,0,4222.114,4.0,COPDEM90,12.51956471
RGI2000-v7.0-G-12-01988,12,12-01,G048011E41273N,2002-09-06T00:00:00,48.00791753063387,41.2738035,0.270050921740776,0,4164.491,1.0,COPDEM90,17.27529935
RGI2000-v7.0-G-12-01989,12,12-01,G048010E41276N,2002-09-06T00:00:00,48.009526090634445,41.276757,0.209977934592769,0,4062.924,1.0,COPDEM90,16.41526891
RGI2000-v7.0-G-12-01990,12,12-01,G048001E41275N,2002-09-06T00:00:00,48.000273604632255,41.275482499999995,0.35885054661466,0,4104.595,1.0,COPDEM90,18.38657899
RGI2000-v7.0-G-12-01991,12,12-01,G048000E41274N,2002-09-06T00:00:00,47.99389401920314,41.2756335,0.035265493802723,0,4049.8464,1.0,COPDEM90,12.62907527
RGI2000-v7.0-G-12-01992,12,12-01,G047992E41265N,2002-09-06T00:00:00,47.9940028010204,41.265842000000006,0.132899428374054,0,3879.5957,8.0,COPDEM90,15.10375234
RGI2000-v7.0-G-12-01993,12,12-01,G048010E41272N,2002-09-06T00:00:00,48.01506923799314,41.2707915,0.151825552771296,0,4129.113,2.0,COPDEM90,15.45507180
RGI2000-v7.0-G-12-01994,12,12-01,G047978E41283N,2002-09-06T00:00:00,47.977879875,41.2832195,0.042172100815759,0,3474.0486,1.0,COPDEM90,12.87501857
RGI2000-v7.0-G-12-01995,12,12-01,G047968E41282N,2002-09-06T00:00:00,47.968019441717786,41.282551999999995,0.052414060219171,0,3768.248,1.0,COPDEM90,13.20517641
RGI2000-v7.0-G-12-01996,12,12-01,G047961E41284N,2002-09-06T00:00:00,47.960479159448816,41.2843615,0.036812351474036,0,3789.2656,1.0,COPDEM90,12.68611632
RGI2000-v7.0-G-12-01997,12,12-01,G047799E41330N,2002-09-06T00:00:00,47.799191407618096,41.3293175,0.044139311878651,0,3981.6394,2.0,COPDEM90,12.94131010
RGI2000-v7.0-G-12-01998,12,12-01,G044008E42527N,2000-07-28T00:00:00,44.009175659217874,42.5261,0.071600952291599,0,3349.9336,3.0,COPDEM30,13.74616960
RGI2000-v7.0-G-12-01999,12,12-01,G043997E42532N,2000-07-28T00:00:00,44.00070401686508,42.531112500000006,0.114007789089642,0,3151.5938,8.0,COPDEM30,14.72710553
RGI2000-v7.0-G-12-02000,12,12-01,G044000E42539N,2000-07-28T00:00:00,44.001516161209274,42.538212,0.303552931295531,0,3041.3896,1.0,COPDEM30,17.71338930
RGI2000-v7.0-G-12-02001,12,12-01,G044011E42538N,2000-07-28T00:00:00,44.01077823306773,42.538242,0.05812110780679,0,3012.5059,1.0,COPDEM30,13.37516476
RGI2000-v7.0-G-12-02002,12,12-01,G043995E42543N,2000-07-28T00:00:00,43.99474721875001,42.5435255,0.05445094923871,0,3128.0051,2.0,COPDEM30,13.26686180
RGI2000-v7.0-G-12-02003,12,12-01,G043987E42549N,2000-07-28T00:00:00,43.98708784593023,42.5493135,0.101701177891889,0,3082.9797,2.0,COPDEM30,14.46468710
RGI2000-v7.0-G-12-02004,12,12-01,G043969E42549N,2000-07-28T00:00:00,43.97185191456245,42.54889,0.207204278453211,0,3355.1243,2.0,COPDEM30,16.37275753
RGI2000-v7.0-G-12-02005,12,12-01,G043958E42555N,2000-07-28T00:00:00,43.9613860976761,42.553813500000004,0.591446587013966,0,3140.8013,1.0,COPDEM30,20.76677905
RGI2000-v7.0-G-12-02006,12,12-01,G043944E42553N,2000-07-28T00:00:00,43.946398407333206,42.552369,0.192330949601803,0,3355.9702,3.0,COPDEM30,16.13977737
RGI2000-v7.0-G-12-02007,12,12-01,G043938E42552N,2000-07-28T00:00:00,43.94018082879282,42.5512365,0.104881959880709,0,3378.2268,5.0,COPDEM30,14.53396781
RGI2000-v7.0-G-12-02008,12,12-01,G043933E42559N,2000-07-28T00:00:00,43.93798010275855,42.557059,0.546540992736687,0,3236.926,8.0,COPDEM30,20.34997752
RGI2000-v7.0-G-12-02009,12,12-01,G043923E42551N,2000-07-28T00:00:00,43.92590044471463,42.550428999999994,0.953366607219251,0,3250.8574,8.0,COPDEM30,23.66966916
RGI2000-v7.0-G-12-02010,12,12-01,G043922E42550N,2000-07-28T00:00:00,43.914799749185065,42.543412000000004,0.122752885117191,0,3239.0425,3.0,COPDEM30,14.90505509
RGI2000-v7.0-G-12-02011,12,12-01,G043909E42545N,2000-07-28T00:00:00,43.90802939108349,42.5454345,0.051104970852925,0,3151.2063,8.0,COPDEM30,13.16489720
RGI2000-v7.0-G-12-02012,12,12-01,G043905E42543N,2000-07-28T00:00:00,43.90545210702736,42.543238,0.048054198638524,0,3091.307,8.0,COPDEM30,13.06897751
RGI2000-v7.0-G-12-02013,12,12-01,G043902E42539N,2000-07-28T00:00:00,43.90174877559427,42.5394515,0.123007342607632,0,3164.4724,1.0,COPDEM30,14.91013637
RGI2000-v7.0-G-12-02014,12,12-01,G043949E42568N,2000-07-28T00:00:00,43.950322584033614,42.568062,0.207609464322131,0,3317.6921,3.0,COPDEM30,16.37898542
RGI2000-v7.0-G-12-02015,12,12-01,G043952E42575N,2000-07-28T00:00:00,43.951786527607354,42.574336,0.097174772109424,0,3271.5505,2.0,COPDEM30,14.36420157
RGI2000-v7.0-G-12-02016,12,12-01,G043849E42596N,2000-07-28T00:00:00,43.855844661842106,42.5930365,0.047173069129644,0,3147.9556,2.0,COPDEM30,13.04071070
RGI2000-v7.0-G-12-02017,12,12-01,G043850E42597N,2000-07-28T00:00:00,43.84774022057503,42.5987945,0.530244171365594,0,3305.5422,3.0,COPDEM30,20.19450134
RGI2000-v7.0-G-12-02018,12,12-01,G043850E42596N,2000-07-28T00:00:00,43.83945169481471,42.600877,0.034336020104675,0,3632.7527,2.0,COPDEM30,12.59419736
RGI2000-v7.0-G-12-02019,12,12-01,G043832E42601N,2000-07-28T00:00:00,43.83672152253952,42.602541,0.045636502941407,0,3529.066,8.0,COPDEM30,12.99077826
RGI2000-v7.0-G-12-02020,12,12-01,G043833E42602N,2000-07-28T00:00:00,43.832987890240645,42.602312,0.089845887946204,0,3415.4739,1.0,COPDEM30,14.19640251
RGI2000-v7.0-G-12-02021,12,12-01,G043824E42601N,2000-07-28T00:00:00,43.823834096889954,42.601299,0.16295737668418,0,3142.2417,8.0,COPDEM30,15.65151713
RGI2000-v7.0-G-12-02022,12,12-01,G043824E42596N,2000-07-28T00:00:00,43.82112891189427,42.596063,0.313096107244934,0,3326.9507,8.0,COPDEM30,17.83369881
RGI2000-v7.0-G-12-02023,12,12-01,G043805E42600N,2000-07-28T00:00:00,43.805080670470275,42.600521,0.048324592732336,0,2946.4023,1.0,COPDEM30,13.07759974
RGI2000-v7.0-G-12-02024,12,12-01,G043842E42606N,2000-07-28T00:00:00,43.84241636689703,42.60599,0.171529545927722,0,3281.947,1.0,COPDEM30,15.79825758
RGI2000-v7.0-G-12-02025,12,12-01,G043849E42608N,2000-07-28T00:00:00,43.84852636285714,42.608705,0.086645816772785,0,3331.7905,1.0,COPDEM30,14.12099261
RGI2000-v7.0-G-12-02026,12,12-01,G043765E42614N,2000-07-28T00:00:00,43.76353097132874,42.613575,0.773108340964257,0,3238.6152,3.0,COPDEM30,22.30972115
RGI2000-v7.0-G-12-02027,12,12-01,G043754E42615N,2000-07-28T00:00:00,43.75354131,42.614965,0.03275170974459,0,3385.3018,8.0,COPDEM30,12.53364068
RGI2000-v7.0-G-12-02028,12,12-01,G043749E42610N,2000-07-28T00:00:00,43.748011509841135,42.6096125,0.104070891500395,0,2936.4219,8.0,COPDEM30,14.51640285
RGI2000-v7.0-G-12-02029,12,12-01,G043744E42606N,2000-07-28T00:00:00,43.74422521768422,42.606277,0.182688242136957,0,2948.5967,8.0,COPDEM30,15.98388632
RGI2000-v7.0-G-12-02030,12,12-01,G043752E42604N,2000-07-28T00:00:00,43.75168930421687,42.603911,0.044423965826872,0,3362.3083,8.0,COPDEM30,12.95077910
RGI2000-v7.0-G-12-02031,12,12-01,G043763E42603N,2000-07-28T00:00:00,43.76011406716417,42.604012999999995,0.487890952820582,0,3098.5457,3.0,COPDEM30,19.77888678
RGI2000-v7.0-G-12-02032,12,12-01,G043766E42597N,2000-07-28T00:00:00,43.76292317142857,42.597199,0.30867673206905,0,3186.35,3.0,COPDEM30,17.77821570
RGI2000-v7.0-G-12-02033,12,12-01,G043754E42595N,2000-07-28T00:00:00,43.75395493800016,42.5948025,0.302126083399268,0,3291.2175,4.0,COPDEM30,17.69523959
RGI2000-v7.0-G-12-02034,12,12-01,G043746E42593N,2000-07-28T00:00:00,43.74649162673344,42.593078,0.122914112075323,0,3250.593,5.0,COPDEM30,14.90827525
RGI2000-v7.0-G-12-02035,12,12-01,G043746E42599N,2000-07-28T00:00:00,43.74606880664189,42.599025499999996,0.035085797540797,0,3472.3977,7.0,COPDEM30,12.62236846
RGI2000-v7.0-G-12-02036,12,12-01,G043739E42594N,2000-07-28T00:00:00,43.73847428048781,42.593971,0.123546147903693,0,3026.572,8.0,COPDEM30,14.92087848
RGI2000-v7.0-G-12-02037,12,12-01,G043732E42593N,2000-07-28T00:00:00,43.73248239125059,42.592839,0.040371306857259,0,2956.3765,1.0,COPDEM30,12.81296572
RGI2000-v7.0-G-12-02038,12,12-01,G043754E42622N,2000-07-28T00:00:00,43.7518527228229,42.6222825,0.131388620981213,0,2864.2583,1.0,COPDEM30,15.07465957
RGI2000-v7.0-G-12-02039,12,12-01,G043727E42630N,2000-07-28T00:00:00,43.727168690935194,42.630148,0.045702055070337,0,3429.4233,2.0,COPDEM30,12.99292546
RGI2000-v7.0-G-12-02040,12,12-01,G043724E42635N,2000-07-28T00:00:00,43.72555178974896,42.6354405,0.670723904800695,0,3158.0825,2.0,COPDEM30,21.46568294
RGI2000-v7.0-G-12-02041,12,12-01,G043708E42643N,2000-07-28T00:00:00,43.70987718610783,42.643200500000006,0.417212156480002,0,2766.4668,1.0,COPDEM30,19.04287469
RGI2000-v7.0-G-12-02042,12,12-01,G043660E42646N,2000-07-28T00:00:00,43.66025804787235,42.646248,0.092392978764813,0,2889.4832,8.0,COPDEM30,14.25546987
RGI2000-v7.0-G-12-02043,12,12-01,G043640E42637N,2000-07-28T00:00:00,43.63990295570176,42.6366735,0.099611378371732,0,2997.0562,8.0,COPDEM30,14.41857784
RGI2000-v7.0-G-12-02044,12,12-01,G043506E42687N,2000-08-12T00:00:00,43.505419858682544,42.687179,0.064658428933819,0,2813.5469,3.0,COPDEM30,13.55992304
RGI2000-v7.0-G-12-02045,12,12-01,G043480E42700N,2000-08-12T00:00:00,43.48027154618474,42.6999105,0.04909309354373,0,2904.4807,4.0,COPDEM30,13.10197459
RGI2000-v7.0-G-12-02046,12,12-01,G043470E42700N,2000-08-12T00:00:00,43.469988218297615,42.7004805,0.234849281285451,0,3468.4983,1.0,COPDEM30,16.78457509
RGI2000-v7.0-G-12-02047,12,12-01,G043463E42697N,2000-08-12T00:00:00,43.463356816083916,42.696943,0.076420555253048,0,3081.2017,7.0,COPDEM30,13.87019752
RGI2000-v7.0-G-12-02048,12,12-01,G043456E42714N,2000-08-12T00:00:00,43.45563515079385,42.7137265,0.049111646232114,0,2905.086,1.0,COPDEM30,13.10256066
RGI2000-v7.0-G-12-02049,12,12-01,G043412E42864N,2000-08-12T00:00:00,43.41165990749415,42.864324499999995,0.030642259092043,0,3176.3022,3.0,COPDEM30,12.45069027
RGI2000-v7.0-G-12-02050,12,12-01,G043420E42875N,2000-08-12T00:00:00,43.41564332973189,42.87514,0.367802673999416,0,3313.7437,4.0,COPDEM30,18.49054322
RGI2000-v7.0-G-12-02051,12,12-01,G043421E42876N,2000-08-12T00:00:00,43.42180745238096,42.876653000000005,0.103133000785138,0,3240.4697,2.0,COPDEM30,14.49600580
RGI2000-v7.0-G-12-02052,12,12-01,G043428E42885N,2000-08-12T00:00:00,43.428375041697734,42.884904500000005,0.02834936615988,0,2978.6187,4.0,COPDEM30,12.35721780
RGI2000-v7.0-G-12-02053,12,12-01,G043422E42884N,2000-08-12T00:00:00,43.4152545930851,42.885062000000005,2.658023536633964,0,3208.922,3.0,COPDEM30,32.82482449
RGI2000-v7.0-G-12-02054,12,12-01,G043406E42875N,2000-08-12T00:00:00,43.40280694135514,42.875082,1.400527967157729,0,3453.887,5.0,COPDEM30,26.56814659
RGI2000-v7.0-G-12-02055,12,12-01,G043398E42890N,2000-08-12T00:00:00,43.39776325609756,42.889891500000004,0.055883830988689,0,3694.8955,7.0,COPDEM30,13.30956657
RGI2000-v7.0-G-12-02056,12,12-01,G043380E42886N,2000-08-12T00:00:00,43.38334440613383,42.8863675,4.601938707803869,0,3280.6187,7.0,COPDEM30,40.03298165
RGI2000-v7.0-G-12-02057,12,12-01,G043320E42902N,2000-08-12T00:00:00,43.32300615983607,42.9016495,1.296981200444631,0,3306.717,7.0,COPDEM30,25.94391154
RGI2000-v7.0-G-12-02058,12,12-01,G043309E42931N,2000-08-12T00:00:00,43.308556384110915,42.9312385,0.081336088411355,0,3015.0283,1.0,COPDEM30,13.99272756
RGI2000-v7.0-G-12-02059,12,12-01,G043291E42942N,2000-08-12T00:00:00,43.2908841688638,42.941877500000004,0.042505324276834,0,3077.1138,1.0,COPDEM30,12.88635472
RGI2000-v7.0-G-12-02060,12,12-01,G043285E42936N,2000-08-12T00:00:00,43.28549087267989,42.935784,0.092828663381014,0,3115.751,2.0,COPDEM30,14.26549153
RGI2000-v7.0-G-12-02061,12,12-01,G043284E42935N,2000-08-12T00:00:00,43.28143672180451,42.93932,0.05411708458546,0,3241.3953,3.0,COPDEM30,13.25683106
RGI2000-v7.0-G-12-02062,12,12-01,G043282E42957N,2000-08-12T00:00:00,43.28231974380323,42.9567555,0.01889600737987,0,3369.5813,3.0,COPDEM30,11.92447849
RGI2000-v7.0-G-12-02063,12,12-01,G043274E42960N,2000-08-12T00:00:00,43.27443996216931,42.9593595,0.082730539539565,0,3157.6245,2.0,COPDEM30,14.02680838
RGI2000-v7.0-G-12-02064,12,12-01,G043262E42953N,2000-08-12T00:00:00,43.260879171414544,42.957297,1.121472798226591,0,3460.9692,1.0,COPDEM30,24.82594579
RGI2000-v7.0-G-12-02065,12,12-01,G043291E42928N,2000-08-12T00:00:00,43.25841373641868,42.934220499999995,19.813473233485222,0,3284.1895,2.0,COPDEM90,72.31725888
RGI2000-v7.0-G-12-02066,12,12-01,G043179E42943N,2000-08-12T00:00:00,43.17582832677165,42.942487,0.275492272070546,0,3296.5698,7.0,COPDEM30,17.34823008
RGI2000-v7.0-G-12-02067,12,12-01,G043157E42955N,2000-08-12T00:00:00,43.15807716197183,42.967123,0.036823544934874,0,3733.7266,1.0,COPDEM30,12.68652467
RGI2000-v7.0-G-12-02068,12,12-01,G043106E42983N,2000-08-12T00:00:00,43.1038477365962,42.978232500000004,3.887862227072962,0,3225.077,6.0,COPDEM30,37.60472779
RGI2000-v7.0-G-12-02069,12,12-01,G043220E43028N,2000-08-12T00:00:00,43.222809729166656,43.028707499999996,0.095431380163269,0,4177.4277,7.0,COPDEM30,14.32487578
RGI2000-v7.0-G-12-02070,12,12-01,G043249E43041N,2000-08-12T00:00:00,43.23773524324324,43.038742,3.943971825063457,0,3780.7441,3.0,COPDEM30,37.80320985
RGI2000-v7.0-G-12-02071,12,12-01,G043248E43040N,2000-08-12T00:00:00,43.21882105482554,43.043686,0.044868324450786,0,4616.194,5.0,COPDEM30,12.96550023
RGI2000-v7.0-G-12-02072,12,12-01,G043201E43022N,2000-08-12T00:00:00,43.21291824134013,43.042562000000004,0.222857573220146,0,4403.917,6.0,COPDEM30,16.60909104
RGI2000-v7.0-G-12-02073,12,12-01,G043237E43063N,2000-08-12T00:00:00,43.21780232674381,43.048404500000004,0.178557074183665,0,4843.1255,3.0,COPDEM30,15.91584200
RGI2000-v7.0-G-12-02074,12,12-01,G043251E43013N,2000-08-12T00:00:00,43.24902679520548,43.0141455,0.512909975282882,0,3556.5776,2.0,COPDEM30,20.02648269
RGI2000-v7.0-G-12-02075,12,12-01,G043265E43013N,2000-08-12T00:00:00,43.26515379394715,43.0127385,0.135774373082993,0,3157.6921,2.0,COPDEM30,15.15866040
RGI2000-v7.0-G-12-02076,12,12-01,G043357E43010N,2000-08-12T00:00:00,43.35743809705882,43.010878500000004,0.23476715139602,0,3418.7764,1.0,COPDEM30,16.78338866
RGI2000-v7.0-G-12-02077,12,12-01,G043370E43008N,2000-08-12T00:00:00,43.365714987940635,43.012980999999996,2.957117298741555,0,3541.9214,1.0,COPDEM30,34.07477914
RGI2000-v7.0-G-12-02078,12,12-01,G043393E43016N,2000-08-12T00:00:00,43.38999613298872,43.01676,0.391691991172145,0,3496.496,8.0,COPDEM30,18.76194215
RGI2000-v7.0-G-12-02079,12,12-01,G043395E43025N,2000-08-12T00:00:00,43.39479511946902,43.0251715,0.056179327569989,0,3705.2869,8.0,COPDEM30,13.31830502
RGI2000-v7.0-G-12-02080,12,12-01,G043405E43022N,2000-08-12T00:00:00,43.40328772539202,43.0223705,0.328124698966915,0,3425.8208,2.0,COPDEM30,18.01950379
RGI2000-v7.0-G-12-02081,12,12-01,G043402E43031N,2000-08-12T00:00:00,43.402313122841406,43.0307835,0.040714416420535,0,3644.4197,1.0,COPDEM30,12.82489391
RGI2000-v7.0-G-12-02082,12,12-01,G043407E43031N,2000-08-12T00:00:00,43.406575162500005,43.031507500000004,0.043545166658474,0,3457.5007,1.0,COPDEM30,12.92144702
RGI2000-v7.0-G-12-02083,12,12-01,G043403E43008N,2000-08-12T00:00:00,43.40899188272055,43.011633,2.308072497366631,0,3488.5503,2.0,COPDEM30,31.26927854
RGI2000-v7.0-G-12-02084,12,12-01,G043416E43008N,2000-08-12T00:00:00,43.414530558461536,43.0093275,0.387875199120283,0,3349.5996,1.0,COPDEM30,18.71914784
RGI2000-v7.0-G-12-02085,12,12-01,G043411E43002N,2000-08-12T00:00:00,43.400993777905434,42.998829,1.856141730702719,0,3786.118,3.0,COPDEM30,29.07364095
RGI2000-v7.0-G-12-02086,12,12-01,G043391E43000N,2000-08-12T00:00:00,43.39165187458575,43.000001999999995,0.039427162499693,0,4186.633,6.0,COPDEM30,12.77987839
RGI2000-v7.0-G-12-02087,12,12-01,G043386E42995N,2000-08-12T00:00:00,43.38215027793328,42.993315499999994,1.293289650282369,0,3594.5757,7.0,COPDEM30,25.92120509
RGI2000-v7.0-G-12-02088,12,12-01,G043385E42987N,2000-08-12T00:00:00,43.38276071454601,42.986516,0.069901871887531,0,3885.6216,8.0,COPDEM30,13.70145470
RGI2000-v7.0-G-12-02089,12,12-01,G043386E42982N,2000-08-12T00:00:00,43.383890828999995,42.981202999999994,0.259940613224659,0,3724.958,6.0,COPDEM30,17.13781200
RGI2000-v7.0-G-12-02090,12,12-01,G043394E42980N,2000-08-12T00:00:00,43.393477740654205,42.979741,0.062974288220185,0,3650.5254,4.0,COPDEM30,13.51325497
RGI2000-v7.0-G-12-02091,12,12-01,G043399E42984N,2000-08-12T00:00:00,43.402225693758524,42.980394000000004,1.045980913777105,0,3685.6584,4.0,COPDEM30,24.31824916
RGI2000-v7.0-G-12-02092,12,12-01,G043422E42975N,2000-08-12T00:00:00,43.41040404905294,42.983668,0.154050490263585,0,3647.2522,3.0,COPDEM30,15.49489728
RGI2000-v7.0-G-12-02093,12,12-01,G043421E42975N,2000-08-12T00:00:00,43.416961632061415,42.9796535,0.160029804732633,0,3416.0525,2.0,COPDEM30,15.60052156
RGI2000-v7.0-G-12-02094,12,12-01,G043422E42976N,2000-08-12T00:00:00,43.420178088652484,42.9770025,0.210168105360046,0,3520.5942,1.0,COPDEM30,16.41817331
RGI2000-v7.0-G-12-02095,12,12-01,G043434E42978N,2000-08-12T00:00:00,43.43142445189505,42.980009499999994,2.368277570836295,0,3670.6128,8.0,COPDEM30,31.54489276
RGI2000-v7.0-G-12-02096,12,12-01,G043428E42969N,2000-08-12T00:00:00,43.42397578269231,42.967979,1.476650194828403,0,3672.3662,7.0,COPDEM30,27.01244951
RGI2000-v7.0-G-12-02097,12,12-01,G043424E42962N,2000-08-12T00:00:00,43.42201814189189,42.962233499999996,0.18933035523435,0,3686.7795,7.0,COPDEM30,16.09169514
RGI2000-v7.0-G-12-02098,12,12-01,G043430E42958N,2000-08-12T00:00:00,43.42773067647059,42.9579985,0.254272120071694,0,3589.9536,6.0,COPDEM30,17.05955633
RGI2000-v7.0-G-12-02099,12,12-01,G043434E42956N,2000-08-12T00:00:00,43.434026505999995,42.955614499999996,0.140373021782562,0,3696.0098,4.0,COPDEM30,15.24529430
RGI2000-v7.0-G-12-02100,12,12-01,G043451E42962N,2000-08-12T00:00:00,43.4392462195586,42.962235,3.07784340698478,0,3593.9583,5.0,COPDEM30,34.56129695
RGI2000-v7.0-G-12-02101,12,12-01,G043462E42972N,2000-08-12T00:00:00,43.45923038392234,42.9725,0.551223872859559,0,4154.3394,2.0,COPDEM30,20.39422335
RGI2000-v7.0-G-12-02102,12,12-01,G043482E42972N,2000-08-12T00:00:00,43.46284585525814,42.9840545,7.837988216692132,0,3447.7024,1.0,COPDEM30,49.19497022
RGI2000-v7.0-G-12-02103,12,12-01,G043471E42989N,2000-08-12T00:00:00,43.464830726688604,42.989206,0.452706527146794,0,3706.4705,2.0,COPDEM30,19.41968573
RGI2000-v7.0-G-12-02104,12,12-01,G043470E42995N,2000-08-12T00:00:00,43.46755495872462,42.99517,0.181789447353129,0,3640.3618,2.0,COPDEM30,15.96914832
RGI2000-v7.0-G-12-02105,12,12-01,G043461E42998N,2000-08-12T00:00:00,43.457884165307405,42.9986805,0.446638745228602,0,3677.9985,1.0,COPDEM30,19.35634512
RGI2000-v7.0-G-12-02106,12,12-01,G043454E42991N,2000-08-12T00:00:00,43.44688254421769,42.993485,4.170029821444335,0,3657.8618,1.0,COPDEM30,38.58891122
RGI2000-v7.0-G-12-02107,12,12-01,G043475E42986N,2000-08-12T00:00:00,43.474344551498945,42.985947499999995,0.11319960822257,0,3474.1904,1.0,COPDEM30,14.71032092
RGI2000-v7.0-G-12-02108,12,12-01,G043513E42985N,2000-08-12T00:00:00,43.51098976210653,42.9857865,0.119536052411214,0,3778.095,8.0,COPDEM30,14.84035807
RGI2000-v7.0-G-12-02109,12,12-01,G043513E42983N,2000-08-12T00:00:00,43.513532899047085,42.9834525,0.093188219266459,0,4068.5435,3.0,COPDEM30,14.27374437
RGI2000-v7.0-G-12-02110,12,12-01,G043510E42979N,2000-08-12T00:00:00,43.51049517475083,42.979074999999995,0.07120888309067,0,3945.308,4.0,COPDEM30,13.73589897
RGI2000-v7.0-G-12-02111,12,12-01,G043521E42988N,2000-08-12T00:00:00,43.519493330952386,42.988204499999995,0.194725821772772,0,3696.5828,3.0,COPDEM30,16.17788484
RGI2000-v7.0-G-12-02112,12,12-01,G043514E42995N,2000-08-12T00:00:00,43.51426343464392,42.9953325,0.033739048278045,0,3571.917,8.0,COPDEM30,12.57154690
RGI2000-v7.0-G-12-02113,12,12-01,G043523E43014N,2000-08-12T00:00:00,43.52210672365314,43.013887499999996,0.369477290478014,0,3647.044,1.0,COPDEM30,18.50985011
RGI2000-v7.0-G-12-02114,12,12-01,G043529E43036N,2000-08-12T00:00:00,43.52999405561497,43.035826,0.037607917819435,0,3687.8438,1.0,COPDEM30,12.71498654
RGI2000-v7.0-G-12-02115,12,12-01,G043611E43000N,2000-08-12T00:00:00,43.61117283505155,42.999853,0.027510195838243,0,3602.8525,1.0,COPDEM30,12.32206770
RGI2000-v7.0-G-12-02116,12,12-01,G043597E42981N,2000-08-12T00:00:00,43.59783157017706,42.9806855,0.055855606680807,0,3605.3657,1.0,COPDEM30,13.30873071
RGI2000-v7.0-G-12-02117,12,12-01,G043590E42968N,2000-08-12T00:00:00,43.58991515882496,42.968251,0.201414318676444,0,3583.936,1.0,COPDEM30,16.28308893
RGI2000-v7.0-G-12-02118,12,12-01,G043585E42957N,2000-08-12T00:00:00,43.58238394235033,42.95752,0.590335162411647,0,3616.1575,4.0,COPDEM30,20.75665802
RGI2000-v7.0-G-12-02119,12,12-01,G043589E42937N,2000-08-12T00:00:00,43.57716969109297,42.9428085,0.268813703067234,0,3546.3906,3.0,COPDEM30,17.25861459
RGI2000-v7.0-G-12-02120,12,12-01,G043590E42938N,2000-08-12T00:00:00,43.58768236764706,42.938049,0.663715952650561,0,3358.387,2.0,COPDEM30,21.40562698
RGI2000-v7.0-G-12-02121,12,12-01,G043565E42952N,2000-08-12T00:00:00,43.55919029542939,42.948908,1.416346009611031,0,3412.788,1.0,COPDEM30,26.66144705
RGI2000-v7.0-G-12-02122,12,12-01,G043541E42950N,2000-08-12T00:00:00,43.55293827159443,42.9495955,0.419840456348834,0,3343.5051,1.0,COPDEM30,19.07131355
RGI2000-v7.0-G-12-02123,12,12-01,G043542E42950N,2000-08-12T00:00:00,43.54552101126694,42.94609,0.058004639821209,0,3810.6072,1.0,COPDEM30,13.37178134
RGI2000-v7.0-G-12-02124,12,12-01,G043542E42951N,2000-08-12T00:00:00,43.54330068243392,42.950661,1.316681099954063,0,3425.0183,2.0,COPDEM30,26.06454156
RGI2000-v7.0-G-12-02125,12,12-01,G043551E42942N,2000-08-12T00:00:00,43.550793823863636,42.9423885,0.069052031466397,0,3601.966,3.0,COPDEM30,13.67888545
RGI2000-v7.0-G-12-02126,12,12-01,G043527E42962N,2000-08-12T00:00:00,43.522206644732286,42.956061000000005,0.050998248801022,0,3808.5981,1.0,COPDEM30,13.16159086
RGI2000-v7.0-G-12-02127,12,12-01,G043516E42952N,2000-08-12T00:00:00,43.517032977107704,42.9522925,0.134381538327248,0,3762.2188,5.0,COPDEM30,15.13213226
RGI2000-v7.0-G-12-02128,12,12-01,G043508E42955N,2000-08-12T00:00:00,43.504470263054834,42.954769999999996,0.505119037283319,0,3670.6475,5.0,COPDEM30,19.95004177
RGI2000-v7.0-G-12-02129,12,12-01,G043492E42956N,2000-08-12T00:00:00,43.49098798126742,42.9552555,0.36083644656242,0,3724.2593,5.0,COPDEM30,18.40975288
RGI2000-v7.0-G-12-02130,12,12-01,G043484E42955N,2000-08-12T00:00:00,43.481174500789095,42.955133000000004,0.487814036056431,0,3603.1213,6.0,COPDEM30,19.77811593
RGI2000-v7.0-G-12-02131,12,12-01,G043472E42956N,2000-08-12T00:00:00,43.472129290790086,42.95581,0.170883462917647,0,3746.2356,5.0,COPDEM30,15.78732743
RGI2000-v7.0-G-12-02132,12,12-01,G043471E42955N,2000-08-12T00:00:00,43.46801420485137,42.957301,0.030198143796561,0,4086.5134,4.0,COPDEM30,12.43286584
RGI2000-v7.0-G-12-02133,12,12-01,G043528E42963N,2000-08-12T00:00:00,43.52468128004328,42.965935,3.211672035617748,0,3379.0344,2.0,COPDEM30,35.08959384
RGI2000-v7.0-G-12-02134,12,12-01,G043625E42939N,2000-08-12T00:00:00,43.625131702857146,42.9395475,0.053350894405139,0,3345.256,2.0,COPDEM30,13.23369376
RGI2000-v7.0-G-12-02135,12,12-01,G043411E42989N,2000-08-12T00:00:00,43.40724990217391,42.989819499999996,0.978800204646291,0,3692.6353,3.0,COPDEM30,23.85080648
RGI2000-v7.0-G-12-02136,12,12-01,G043326E43089N,2000-08-12T00:00:00,43.324658963317376,43.09034,0.262289768909927,0,3330.433,1.0,COPDEM30,17.16999266
RGI2000-v7.0-G-12-02137,12,12-01,G043313E43090N,2000-08-12T00:00:00,43.312950520725394,43.0906365,0.652808122506062,0,3551.0422,1.0,COPDEM30,21.31151590
RGI2000-v7.0-G-12-02138,12,12-01,G043303E43093N,2000-08-12T00:00:00,43.30318345261256,43.092391,0.051236773426945,0,3643.5098,1.0,COPDEM30,13.16897580
RGI2000-v7.0-G-12-02139,12,12-01,G043258E42782N,2000-08-12T00:00:00,43.257978735949614,42.782325,0.06462282260093,0,3001.8364,2.0,COPDEM30,13.55894271
RGI2000-v7.0-G-12-02140,12,12-01,G043179E42718N,2000-08-12T00:00:00,43.178154986836205,42.722385,0.048133701652008,0,3043.3296,2.0,COPDEM30,13.07151518
RGI2000-v7.0-G-12-02141,12,12-01,G043180E42719N,2000-08-12T00:00:00,43.18074997196079,42.719489,0.384532720912671,0,3139.201,2.0,COPDEM30,18.68149833
RGI2000-v7.0-G-12-02142,12,12-01,G043187E42713N,2000-08-12T00:00:00,43.18760040625,42.7132115,0.068407629987356,0,3263.8833,3.0,COPDEM30,13.66167932
RGI2000-v7.0-G-12-02143,12,12-01,G043191E42710N,2000-08-12T00:00:00,43.19100618607955,42.7101875,0.076901648613968,0,3150.949,2.0,COPDEM30,13.88236051
RGI2000-v7.0-G-12-02144,12,12-01,G043199E42708N,2000-08-12T00:00:00,43.19869608378016,42.707687,0.168327102513165,0,2926.391,2.0,COPDEM30,15.74387605
RGI2000-v7.0-G-12-02145,12,12-01,G043170E42727N,2000-08-12T00:00:00,43.170364758403366,42.7267235,0.209593874001599,0,2868.6226,2.0,COPDEM30,16.40939929
RGI2000-v7.0-G-12-02146,12,12-01,G043163E42730N,2000-08-12T00:00:00,43.163354599038186,42.7304345,0.024243483766371,0,3128.5615,3.0,COPDEM30,12.17984468
RGI2000-v7.0-G-12-02147,12,12-01,G043746E42780N,2000-07-28T00:00:00,43.79772760012668,42.76905649961415,0.05701391810156,0,4266.8633,4.0,COPDEM30,13.34286224
RGI2000-v7.0-G-12-02148,12,12-01,G043805E42774N,2000-07-28T00:00:00,43.8042751845,42.772507000000004,0.13761011894287,0,4403.876,4.0,COPDEM30,15.19341731
RGI2000-v7.0-G-12-02149,12,12-01,G044036E42768N,2000-07-28T00:00:00,44.035979552250765,42.7679605,0.086837921636721,0,3131.825,1.0,COPDEM30,14.12555846
RGI2000-v7.0-G-12-02150,12,12-01,G044044E42767N,2000-07-28T00:00:00,44.04460284383378,42.7672515,0.099634171231813,0,3400.8027,2.0,COPDEM30,14.41908334
RGI2000-v7.0-G-12-02151,12,12-01,G040776E43629N,1999-09-01T00:00:00,40.77654511045159,43.6287535,0.07494917191883,0,2845.144,2.0,COPDEM30,13.83275850
RGI2000-v7.0-G-12-02152,12,12-01,G040755E43616N,1999-09-01T00:00:00,40.75467219241317,43.616622,0.119510671015742,0,2862.241,1.0,COPDEM30,14.83984416
RGI2000-v7.0-G-12-02153,12,12-01,G040750E43610N,1999-09-01T00:00:00,40.74994795487365,43.6099635,0.043537444681024,0,2912.6782,8.0,COPDEM30,12.92118797
RGI2000-v7.0-G-12-02154,12,12-01,G040748E43609N,1999-09-01T00:00:00,40.74845986659193,43.608564,0.021120074485371,0,3023.7375,1.0,COPDEM30,12.03458463
RGI2000-v7.0-G-12-02155,12,12-01,G040748E43607N,1999-09-01T00:00:00,40.74834657186235,43.6068425,0.02303519209854,0,3102.2988,2.0,COPDEM30,12.12482885
RGI2000-v7.0-G-12-02156,12,12-01,G040743E43610N,1999-09-01T00:00:00,40.74232048432056,43.609645,0.099689747211032,0,2872.607,2.0,COPDEM30,14.42031565
RGI2000-v7.0-G-12-02157,12,12-01,G040737E43612N,1999-09-01T00:00:00,40.736937091480925,43.6127665,0.052125612361435,0,2838.664,2.0,COPDEM30,13.19634479
RGI2000-v7.0-G-12-02158,12,12-01,G040730E43620N,1999-09-01T00:00:00,40.72971522589649,43.620273,0.015634933943913,0,2664.6392,2.0,COPDEM30,11.75055621
RGI2000-v7.0-G-12-02159,12,12-01,G040720E43636N,1999-09-01T00:00:00,40.72006406554348,43.6360325,0.119336612644284,0,2672.2388,2.0,COPDEM30,14.83631844
RGI2000-v7.0-G-12-02160,12,12-01,G040670E43617N,1999-09-01T00:00:00,40.67023633491932,43.6172025,0.048815143392887,0,2486.5703,1.0,COPDEM30,13.09318090
RGI2000-v7.0-G-12-02161,12,12-01,G040664E43616N,1999-09-01T00:00:00,40.664279009544856,43.616088500000004,0.04496293609153,0,2765.8445,2.0,COPDEM30,12.96862518
RGI2000-v7.0-G-12-02162,12,12-01,G040711E43689N,1999-09-01T00:00:00,40.710590146809665,43.688947999999996,0.150205350380061,0,2828.0854,1.0,COPDEM30,15.42588690
RGI2000-v7.0-G-12-02163,12,12-01,G040551E43523N,1999-09-01T00:00:00,40.54669651698691,43.5245605,0.16185749860453,0,2195.7354,1.0,COPDEM30,15.63241243
RGI2000-v7.0-G-12-02164,12,12-01,G040536E43524N,1999-09-01T00:00:00,40.536256531783216,43.5247015,0.04207038375852,0,2467.83,1.0,COPDEM30,12.87154927
RGI2000-v7.0-G-12-02165,12,12-01,G040535E43522N,1999-09-01T00:00:00,40.53491334597156,43.52243300000001,0.01583368349459,0,2626.0308,2.0,COPDEM30,11.76164751
RGI2000-v7.0-G-12-02166,12,12-01,G040530E43524N,1999-09-01T00:00:00,40.52997009210526,43.524216,0.037097078364274,0,2472.7158,8.0,COPDEM30,12.69648426
RGI2000-v7.0-G-12-02167,12,12-01,G040508E43529N,1999-09-01T00:00:00,40.50807728125,43.5291255,0.477072499941942,0,2745.0327,2.0,COPDEM30,19.66986091
RGI2000-v7.0-G-12-02168,12,12-01,G040498E43538N,1999-09-01T00:00:00,40.50062144797688,43.537819999999996,0.891894777024761,0,2710.336,2.0,COPDEM30,23.22162533
RGI2000-v7.0-G-12-02169,12,12-01,G040491E43540N,1999-09-01T00:00:00,40.49040851010101,43.540239,0.03337210226978,0,3027.6597,2.0,COPDEM30,12.55752459
RGI2000-v7.0-G-12-02170,12,12-01,G040488E43530N,1999-09-01T00:00:00,40.48912483442777,43.532306500000004,0.09811874211491,0,2815.9568,7.0,COPDEM30,14.38534759
RGI2000-v7.0-G-12-02171,12,12-01,G040494E43530N,1999-09-01T00:00:00,40.49354153977272,43.529792,0.057084944191673,0,2791.6887,6.0,COPDEM30,13.34494381
RGI2000-v7.0-G-12-02172,12,12-01,G040489E43549N,1999-09-01T00:00:00,40.48900956766956,43.548987499999996,0.315485462897941,0,2593.2705,2.0,COPDEM30,17.86353297
RGI2000-v7.0-G-12-02173,12,12-01,G040487E43552N,1999-09-01T00:00:00,40.48705653296703,43.552047,0.023580109160173,0,2880.6235,1.0,COPDEM30,12.14981427
RGI2000-v7.0-G-12-02174,12,12-01,G040560E43515N,1999-09-01T00:00:00,40.56014595,43.515006,0.011780415653827,0,2475.1821,2.0,COPDEM30,11.51952673
RGI2000-v7.0-G-12-02175,12,12-01,G040378E43440N,1999-09-01T00:00:00,40.37777407238095,43.440122,0.085253470416657,0,2158.164,2.0,COPDEM30,14.08774757
RGI2000-v7.0-G-12-02176,12,12-01,G040363E43442N,1999-09-01T00:00:00,40.36251932888695,43.4424545,0.115566679466904,0,2229.8994,2.0,COPDEM30,14.75931394
RGI2000-v7.0-G-12-02177,12,12-01,G040427E43884N,1999-09-01T00:00:00,40.42635054054054,43.884135,0.013750632868665,0,2501.0657,1.0,COPDEM30,11.64168330
RGI2000-v7.0-G-12-02178,12,12-01,G040417E43889N,1999-09-01T00:00:00,40.41735360504202,43.888554,0.031939182025942,0,2632.671,1.0,COPDEM30,12.50201512
RGI2000-v7.0-G-12-02179,12,12-01,G040409E43893N,1999-09-01T00:00:00,40.40844511488963,43.892694500000005,0.029927958053906,0,2702.6758,2.0,COPDEM30,12.42195784
RGI2000-v7.0-G-12-02180,12,12-01,G040406E43894N,1999-09-01T00:00:00,40.40706346381579,43.894563500000004,0.012706776208881,0,2666.37,3.0,COPDEM30,11.57814072
RGI2000-v7.0-G-12-02181,12,12-01,G040407E43895N,1999-09-01T00:00:00,40.405465373913046,43.898548,0.015598805132972,0,2644.3457,3.0,COPDEM30,11.74853247
RGI2000-v7.0-G-12-02182,12,12-02,G035471E38530N,2000-09-09T00:00:00,35.470502343220346,38.529576000000006,0.873476224512372,0,3111.0667,2.0,COPDEM30,23.08439299
RGI2000-v7.0-G-12-02183,12,12-02,G039118E39476N,1999-08-24T00:00:00,39.11818746926432,39.476509,0.033146973824217,0,2889.044,8.0,COPDEM30,12.54888346
RGI2000-v7.0-G-12-02184,12,12-02,G039124E39475N,1999-08-24T00:00:00,39.12381080324245,39.474787,0.128763066684872,0,3010.7822,1.0,COPDEM30,15.02369994
RGI2000-v7.0-G-12-02185,12,12-02,G039136E39495N,1999-08-24T00:00:00,39.13632648874719,39.495102,0.07220784055198,0,3003.5264,1.0,COPDEM30,13.76201233
RGI2000-v7.0-G-12-02186,12,12-02,G039291E39462N,1999-08-24T00:00:00,39.291109822784804,39.462202,0.094649645295141,0,2861.0254,1.0,COPDEM30,14.30712555
RGI2000-v7.0-G-12-02187,12,12-02,G039295E39463N,1999-08-24T00:00:00,39.29495319083333,39.4621055,0.041035784440321,0,2923.8684,1.0,COPDEM30,12.83602076
RGI2000-v7.0-G-12-02188,12,12-02,G039298E39464N,1999-08-24T00:00:00,39.297906377,39.4634415,0.062068694721839,0,2860.017,8.0,COPDEM30,13.48790255
RGI2000-v7.0-G-12-02189,12,12-02,G039302E39464N,1999-08-24T00:00:00,39.302359872137416,39.4643585,0.012290525747824,0,3027.0334,8.0,COPDEM30,11.55207701
RGI2000-v7.0-G-12-02190,12,12-02,G039307E39464N,1999-08-24T00:00:00,39.30752373280568,39.464117,0.015989198630072,0,2819.2434,1.0,COPDEM30,11.77027764
RGI2000-v7.0-G-12-02191,12,12-02,G039314E39463N,1999-08-24T00:00:00,39.314424415000005,39.4631445,0.024037910647649,0,2780.3235,2.0,COPDEM30,12.17058298
RGI2000-v7.0-G-12-02192,12,12-02,G039323E39469N,1999-08-24T00:00:00,39.32283923799127,39.469175,0.017147453634758,0,2714.2222,2.0,COPDEM30,11.83327601
RGI2000-v7.0-G-12-02193,12,12-02,G039302E39460N,1999-08-24T00:00:00,39.30210372542373,39.4603385,0.036126155285491,0,3001.8823,2.0,COPDEM30,12.66096344
RGI2000-v7.0-G-12-02194,12,12-02,G039599E39448N,1999-08-24T00:00:00,39.599395986055775,39.448313999999996,0.054098099672294,0,2996.239,1.0,COPDEM30,13.25625975
RGI2000-v7.0-G-12-02195,12,12-02,G041150E40824N,1998-08-30T00:00:00,41.150422764929424,40.824169,0.085280994382984,0,3672.957,2.0,COPDEM30,14.08840738
RGI2000-v7.0-G-12-02196,12,12-02,G041153E40837N,1998-08-30T00:00:00,41.15343513888889,40.83689,0.114931955694349,0,3448.1191,1.0,COPDEM30,14.74622622
RGI2000-v7.0-G-12-02197,12,12-02,G041159E40841N,1998-08-30T00:00:00,41.15925287598138,40.841350500000004,0.111182488564527,0,3295.8696,8.0,COPDEM30,14.66816535
RGI2000-v7.0-G-12-02198,12,12-02,G041166E40845N,1998-08-30T00:00:00,41.16576257708233,40.8454605,0.061165895743232,0,3391.516,1.0,COPDEM30,13.46244358
RGI2000-v7.0-G-12-02199,12,12-02,G041221E40928N,1998-08-30T00:00:00,41.22112090923049,40.9283315,0.183502187963421,0,3107.7568,2.0,COPDEM30,15.99720175
RGI2000-v7.0-G-12-02200,12,12-02,G041216E40936N,1998-08-30T00:00:00,41.216106272239266,40.9357465,0.044476319742422,0,3063.9048,1.0,COPDEM30,12.95251734
RGI2000-v7.0-G-12-02201,12,12-02,G042826E38938N,2000-08-28T00:00:00,42.82695801636622,38.937523,0.05534994091286,0,3757.8516,8.0,COPDEM30,13.29371954
RGI2000-v7.0-G-12-02202,12,12-02,G042820E38934N,2000-08-28T00:00:00,42.82091971324007,38.933503,0.061978731968737,0,3779.193,8.0,COPDEM30,13.48537393
RGI2000-v7.0-G-12-02203,12,12-02,G042826E38921N,2000-08-28T00:00:00,42.82615978887604,38.920888500000004,0.113257695331086,0,3873.454,1.0,COPDEM30,14.71152929
RGI2000-v7.0-G-12-02204,12,12-02,G044295E39709N,2001-09-09T00:00:00,44.29549872910448,39.710314499999996,6.105847309894562,0,4651.6797,1.0,COPDEM90,44.59401788
RGI2000-v7.0-G-12-02205,12,12-02,G044036E37513N,2000-08-30T00:00:00,44.035994401098904,37.5129895,0.047058959714844,0,3288.793,1.0,COPDEM30,13.03703080
RGI2000-v7.0-G-12-02206,12,12-02,G044012E37510N,2000-08-30T00:00:00,44.01228152963637,37.509714,0.037350049496646,0,3478.6597,1.0,COPDEM30,12.70566253
RGI2000-v7.0-G-12-02207,12,12-02,G044010E37509N,2000-08-30T00:00:00,44.00963884105478,37.5091955,0.029078321427498,0,3535.0715,1.0,COPDEM30,12.38733136
RGI2000-v7.0-G-12-02208,12,12-02,G044005E37513N,2000-08-30T00:00:00,44.00484987499412,37.512969999999996,0.150971434474561,0,3504.5024,2.0,COPDEM30,15.43970598
RGI2000-v7.0-G-12-02209,12,12-02,G044006E37497N,2000-08-30T00:00:00,44.00705799767802,37.496631,0.135233600832678,0,3231.6562,2.0,COPDEM30,15.14837700
RGI2000-v7.0-G-12-02210,12,12-02,G044014E37488N,2000-08-30T00:00:00,44.01434886718199,37.48835,0.936876728291261,0,3486.4612,2.0,COPDEM30,23.55093498
RGI2000-v7.0-G-12-02211,12,12-02,G044030E37488N,2000-08-30T00:00:00,44.02972959972211,37.4878245,0.074003953601269,0,2999.3062,1.0,COPDEM30,13.80851348
RGI2000-v7.0-G-12-02212,12,12-02,G043994E37493N,2000-08-30T00:00:00,43.994530903361344,37.49247,0.463636712671403,0,3274.8535,1.0,COPDEM30,19.53272236
RGI2000-v7.0-G-12-02213,12,12-02,G043983E37497N,2000-08-30T00:00:00,43.98410899592982,37.496685,0.353297659452149,0,2880.4246,2.0,COPDEM30,18.32143865
RGI2000-v7.0-G-12-02214,12,12-02,G043967E37499N,2000-08-30T00:00:00,43.968844416710425,37.499461,0.415347781144355,0,3570.8955,2.0,COPDEM30,19.02264734
RGI2000-v7.0-G-12-02215,12,12-02,G043969E37496N,2000-08-30T00:00:00,43.968042458393114,37.496521,0.030509894949756,0,3757.5818,2.0,COPDEM30,12.44539146
RGI2000-v7.0-G-12-02216,12,12-02,G043967E37505N,2000-08-30T00:00:00,43.96650296052631,37.504793,0.051194547164364,0,3519.9463,3.0,COPDEM30,13.16766969
RGI2000-v7.0-G-12-02217,12,12-02,G043958E37507N,2000-08-30T00:00:00,43.958631506583004,37.506835499999994,1.029384854845401,0,3548.9666,1.0,COPDEM30,24.20420471
RGI2000-v7.0-G-12-02218,12,12-02,G043894E37516N,2000-08-30T00:00:00,43.89370950718026,37.5156195,0.05273439040534,0,2855.6143,1.0,COPDEM30,13.21495576
RGI2000-v7.0-G-12-02219,12,12-02,G044244E37316N,2000-08-30T00:00:00,44.244769299698795,37.315318500000004,0.046619315981298,0,3424.579,1.0,COPDEM30,13.02281093
RGI2000-v7.0-G-12-02220,12,12-02,G044256E37312N,2000-08-30T00:00:00,44.25356035314208,37.3124275,0.427725965429441,0,3451.9348,2.0,COPDEM30,19.15610666
RGI2000-v7.0-G-12-02221,12,12-02,G044260E37307N,2000-08-30T00:00:00,44.25975630287809,37.307345,0.054649961312728,0,3426.0098,2.0,COPDEM30,13.27282637
RGI2000-v7.0-G-12-02222,12,12-02,G044265E37304N,2000-08-30T00:00:00,44.265783184693476,37.3044575,0.144345776956975,0,3269.1685,2.0,COPDEM30,15.31900106
RGI2000-v7.0-G-12-02223,12,12-02,G044290E37302N,2000-08-30T00:00:00,44.29032455769231,37.3017435,0.028242687191356,0,3344.3503,1.0,COPDEM30,12.35277850
RGI2000-v7.0-G-12-02224,12,12-02,G044294E37303N,2000-08-30T00:00:00,44.29402314269022,37.302582,0.111717017335223,0,3252.872,1.0,COPDEM30,14.67937340
RGI2000-v7.0-G-12-02225,12,12-02,G047797E38249N,1998-08-27T00:00:00,47.797397623602905,38.249473,0.580075272638737,0,4256.5605,6.0,COPDEM30,20.66277419
RGI2000-v7.0-G-12-02226,12,12-02,G047796E38263N,1998-08-27T00:00:00,47.7994921317878,38.257347499999995,0.099592645272057,0,4290.2246,1.0,COPDEM30,14.41816234
RGI2000-v7.0-G-12-02227,12,12-02,G047796E38263N,1998-08-27T00:00:00,47.80309997933884,38.256886,0.126525995851798,0,4408.8125,1.0,COPDEM30,14.97986899
RGI2000-v7.0-G-12-02228,12,12-02,G047809E38256N,1998-08-27T00:00:00,47.80839838888889,38.256493000000006,0.066281802827271,0,4323.4824,1.0,COPDEM30,13.60433536
RGI2000-v7.0-G-12-02229,12,12-02,G047813E38265N,1998-08-27T00:00:00,47.81275568616803,38.264598500000005,1.093442691610698,0,3864.4653,8.0,COPDEM30,24.63949342
RGI2000-v7.0-G-12-02230,12,12-02,G047837E38250N,1998-08-27T00:00:00,47.822536282,38.25784,0.112372341798215,0,4215.5845,3.0,COPDEM30,14.69307777
RGI2000-v7.0-G-12-02231,12,12-02,G047826E38282N,1998-08-27T00:00:00,47.827280196969696,38.2734565,0.222577890417708,0,4185.156,8.0,COPDEM30,16.60494258
RGI2000-v7.0-G-12-02232,12,12-02,G047836E38270N,1998-08-27T00:00:00,47.83690082648402,38.269729,0.028436140380965,0,4702.11,2.0,COPDEM30,12.36082264
RGI2000-v7.0-G-12-02233,12,12-02,G047839E38273N,1998-08-27T00:00:00,47.83848559782608,38.272566,0.38103233315838,0,4305.9185,1.0,COPDEM30,18.64189431
RGI2000-v7.0-G-12-02234,12,12-02,G047848E38273N,1998-08-27T00:00:00,47.84756718861472,38.2698215,0.0286590141003,0,4443.336,2.0,COPDEM30,12.37005628
RGI2000-v7.0-G-12-02235,12,12-02,G047837E38250N,1998-08-27T00:00:00,47.84459235699153,38.2472535,1.484722374688956,0,3877.3892,4.0,COPDEM30,27.05888582
RGI2000-v7.0-G-12-02236,12,12-02,G047816E38240N,1998-08-27T00:00:00,47.82156215617391,38.230109,1.316549426140947,0,3593.4321,4.0,COPDEM30,26.06373828
RGI2000-v7.0-G-12-02237,12,12-02,G050734E36324N,2001-08-21T00:00:00,50.73328948084706,36.324731,0.279466457066581,0,3633.556,1.0,COPDEM30,17.40104220
RGI2000-v7.0-G-12-02238,12,12-02,G050752E36328N,2001-08-21T00:00:00,50.75099258746337,36.326265,0.666424454135093,0,3435.3408,1.0,COPDEM30,21.42887540
RGI2000-v7.0-G-12-02239,12,12-02,G050764E36325N,2001-08-21T00:00:00,50.763830295688315,36.325129000000004,0.285290153591191,0,3495.746,1.0,COPDEM30,17.47775836
RGI2000-v7.0-G-12-02240,12,12-02,G050944E36380N,2001-08-21T00:00:00,50.93028746712804,36.381336000000005,0.055796659697271,0,4111.4688,2.0,COPDEM30,13.30698432
RGI2000-v7.0-G-12-02241,12,12-02,G050944E36380N,2001-08-21T00:00:00,50.93385451052632,36.379143,0.183008616047271,0,4063.6096,1.0,COPDEM30,15.98913088
RGI2000-v7.0-G-12-02242,12,12-02,G050944E36380N,2001-08-21T00:00:00,50.94011579752604,36.3772125,0.19417415087039,0,4017.4365,2.0,COPDEM30,16.16912746
RGI2000-v7.0-G-12-02243,12,12-02,G050944E36380N,2001-08-21T00:00:00,50.944123627969766,36.367596500000005,0.12002948366936,0,4211.964,2.0,COPDEM30,14.85033801
RGI2000-v7.0-G-12-02244,12,12-02,G050944E36380N,2001-08-21T00:00:00,50.957234221549136,36.380393,0.202496899878456,0,4235.6875,1.0,COPDEM30,16.29995178
RGI2000-v7.0-G-12-02245,12,12-02,G050969E36388N,2001-08-21T00:00:00,50.96978388612836,36.380010999999996,0.914015685074178,0,4188.548,2.0,COPDEM30,23.38458346
RGI2000-v7.0-G-12-02246,12,12-02,G050969E36388N,2001-08-21T00:00:00,50.973162786524064,36.393547,1.118473864693692,0,3981.7178,2.0,COPDEM30,24.80610946
RGI2000-v7.0-G-12-02247,12,12-02,G050944E36380N,2001-08-21T00:00:00,50.92929916766467,36.385144499999996,0.119182648694481,0,3927.9558,2.0,COPDEM30,14.83319761
RGI2000-v7.0-G-12-02248,12,12-02,G050971E36338N,2001-08-21T00:00:00,50.97025349230769,36.336569999999995,0.069201379962662,0,3998.6597,1.0,COPDEM30,13.68286172
RGI2000-v7.0-G-12-02249,12,12-02,G051510E36067N,2001-08-21T00:00:00,51.51031747560975,36.066931,0.081848244710288,0,3792.331,1.0,COPDEM30,14.00527851
RGI2000-v7.0-G-12-02250,12,12-02,G051519E36068N,2001-08-21T00:00:00,51.5195432739726,36.0676775,0.092238322697357,0,3720.735,1.0,COPDEM30,14.25190678
RGI2000-v7.0-G-12-02251,12,12-02,G052107E35959N,2001-08-30T00:00:00,52.105510924542685,35.9596505,0.142970014441059,0,5182.2095,8.0,COPDEM30,15.29359262
RGI2000-v7.0-G-12-02252,12,12-02,G052108E35963N,2001-08-30T00:00:00,52.10801905099778,35.9617375,0.156000893438466,0,5048.796,1.0,COPDEM30,15.52957278
RGI2000-v7.0-G-12-02253,12,12-02,G052112E35964N,2001-08-30T00:00:00,52.11280035717392,35.962990000000005,0.149479762256705,0,5018.812,1.0,COPDEM30,15.41276578
RGI2000-v7.0-G-12-02254,12,12-02,G052118E35965N,2001-08-30T00:00:00,52.11577110810221,35.9612075,0.222133886351998,0,5103.6035,1.0,COPDEM30,16.59835144
RGI2000-v7.0-G-12-02255,12,12-02,G052126E35966N,2001-08-30T00:00:00,52.12001085936774,35.9623275,0.034755022214875,0,4933.878,1.0,COPDEM30,12.60997785
RGI2000-v7.0-G-12-02256,12,12-02,G052125E35957N,2001-08-30T00:00:00,52.11562242846402,35.955281,0.437167713864245,0,5253.2373,3.0,COPDEM30,19.25661233
RGI2000-v7.0-G-12-02257,12,12-02,G052120E35948N,2001-08-30T00:00:00,52.11974878202544,35.9480135,0.066202166806478,0,5009.5625,3.0,COPDEM30,13.60216944
RGI2000-v7.0-G-12-02258,12,12-02,G049964E32507N,2000-09-03T00:00:00,49.96360030000481,32.505304,0.145212289225764,0,3691.6162,2.0,COPDEM30,15.33494224
RGI2000-v7.0-G-12-02259,12,12-02,G050017E32455N,2000-09-03T00:00:00,50.015951084008094,32.454937,0.073018030980334,0,3519.7568,2.0,COPDEM30,13.78305882
RGI2000-v7.0-G-12-02260,12,12-02,G050017E32434N,2000-09-03T00:00:00,50.01692059493058,32.433582,0.012027268407428,0,3751.0273,2.0,COPDEM30,11.53536465
RGI2000-v7.0-G-12-02261,12,12-02,G050069E32394N,2000-09-03T00:00:00,50.07075875471263,32.393718,0.153274629723062,0,3448.642,8.0,COPDEM30,15.48104255
RGI2000-v7.0-G-12-02262,12,12-02,G050080E32396N,2000-09-03T00:00:00,50.079856254273956,32.395670499999994,0.014135679099083,0,3616.7488,3.0,COPDEM30,11.66450987
RGI2000-v7.0-G-12-02263,12,12-02,G050078E32385N,2000-09-03T00:00:00,50.073456196927374,32.3831335,0.048267636731703,0,3725.4058,2.0,COPDEM30,13.07578556
RGI2000-v7.0-G-12-02264,12,12-02,G050092E32375N,2000-09-03T00:00:00,50.09026745533914,32.3718525,0.060297831196177,0,3774.377,2.0,COPDEM30,13.43778634
RGI2000-v7.0-G-12-02265,12,12-02,G050079E32364N,2000-09-03T00:00:00,50.081712426580594,32.364936,0.037116953535175,0,3923.1829,3.0,COPDEM30,12.69720650
RGI2000-v7.0-G-12-02266,12,12-02,G050076E32370N,2000-09-03T00:00:00,50.074256682000005,32.3645485,0.089071662305672,0,4042.9294,1.0,COPDEM30,14.17828264
RGI2000-v7.0-G-12-02267,12,12-02,G050084E32354N,2000-09-03T00:00:00,50.083351914285714,32.354257000000004,0.023892006578261,0,3770.849,1.0,COPDEM30,12.16398551
RGI2000-v7.0-G-12-02268,12,12-02,G050090E32350N,2000-09-03T00:00:00,50.09008574333389,32.3503625,0.070675615930014,0,3811.8352,1.0,COPDEM30,13.72188403
RGI2000-v7.0-G-12-02269,12,12-02,G050112E32306N,2000-09-03T00:00:00,50.1123363678051,32.306126500000005,0.042226553509853,0,3863.749,2.0,COPDEM30,12.87687408
RGI2000-v7.0-G-12-02270,12,12-02,G050102E32292N,2000-09-03T00:00:00,50.102777777515236,32.2928705,0.020372926037959,0,3876.301,2.0,COPDEM30,11.99827263
RGI2000-v7.0-G-12-02271,12,12-02,G050110E32279N,2000-09-03T00:00:00,50.11012712553192,32.279074,0.030635648603707,0,3998.227,1.0,COPDEM30,12.45042591
RGI2000-v7.0-G-12-02272,12,12-02,G050114E32277N,2000-09-03T00:00:00,50.11546806000001,32.278653000000006,0.029099510423554,0,3931.0078,2.0,COPDEM30,12.38820101
RGI2000-v7.0-G-12-02273,12,12-02,G051455E30943N,2001-09-08T00:00:00,51.454298126168226,30.9428325,0.38556849212309,0,4003.7356,2.0,COPDEM30,18.69318264
RGI2000-v7.0-G-12-02274,12,12-02,G051461E30929N,2001-09-08T00:00:00,51.46140107478599,30.929667000000002,0.026156666739085,0,4176.4097,1.0,COPDEM30,12.26422320
RGI2000-v7.0-G-12-02275,12,12-02,G051495E30901N,2001-09-08T00:00:00,51.49394912960504,30.9004595,0.024356105050898,0,3930.2124,2.0,COPDEM30,12.18490196
