rgi_id,o1region,o2region,glims_id,src_date,cenlon,cenlat,area_km2,conn_lvl,zmed_m,aspect_sec,dem_source,rgi_grid_spacing_m
RGI2000-v7.0-G-19-00001,19,19-01,G269278E68853S,2014-12-25T00:00:00,-90.72198871182266,-68.852957,0.037274997310938,0,159.02127,7.0,COPDEM30,12.70294274
RGI2000-v7.0-G-19-00002,19,19-01,G269334E68873S,2014-12-25T00:00:00,-90.68472626900905,-68.875036,18.67606498656883,0,414.09503,6.0,COPDEM90,70.50213829
RGI2000-v7.0-G-19-00003,19,19-01,G269381E68896S,2014-12-25T00:00:00,-90.6050549374074,-68.885293,15.846682827620514,0,461.7171,5.0,COPDEM90,65.73104910
RGI2000-v7.0-G-19-00004,19,19-01,G269419E68915S,2014-12-25T00:00:00,-90.58287592409638,-68.9082825,1.975871686253855,0,282.07822,5.0,COPDEM30,29.67919842
RGI2000-v7.0-G-19-00005,19,19-01,G269468E68886S,2014-12-25T00:00:00,-90.53588341624993,-68.8773625,29.648422534383148,0,486.60294,4.0,COPDEM90,86.23051106
RGI2000-v7.0-G-19-00006,19,19-01,G269512E68860S,2014-12-25T00:00:00,-90.48688913067292,-68.857031,15.4405672895827,0,530.3369,3.0,COPDEM90,65.01228216
RGI2000-v7.0-G-19-00007,19,19-01,G269476E68828S,2014-12-25T00:00:00,-90.5378818247703,-68.8277545,6.978271912521239,0,139.50848,2.0,COPDEM30,46.98298656
RGI2000-v7.0-G-19-00008,19,19-01,G269467E68812S,2014-12-25T00:00:00,-90.54367536311597,-68.813649,4.294306058614544,0,315.34772,3.0,COPDEM30,39.01179049
RGI2000-v7.0-G-19-00009,19,19-01,G269400E68805S,2014-12-25T00:00:00,-90.63089717674364,-68.80621049999999,15.31273454406346,0,393.69507,2.0,COPDEM90,64.78408501
RGI2000-v7.0-G-19-00010,19,19-01,G269330E68797S,2014-12-25T00:00:00,-90.67563058055154,-68.79558399999999,2.1443617039321,0,137.7905,7.0,COPDEM30,30.50109495
RGI2000-v7.0-G-19-00011,19,19-01,G269344E68780S,2014-12-25T00:00:00,-90.65296733399757,-68.77992900000001,8.461280181722122,0,165.03526,8.0,COPDEM30,50.72359163
RGI2000-v7.0-G-19-00012,19,19-01,G269323E68814S,2014-12-25T00:00:00,-90.68530544952537,-68.814026,4.614087632863967,0,137.79056,8.0,COPDEM30,40.07259843
RGI2000-v7.0-G-19-00013,19,19-01,G269322E68815S,2014-12-25T00:00:00,-90.6920998002849,-68.820187,1.06710163019092,0,137.7905,8.0,COPDEM30,24.46208559
RGI2000-v7.0-G-19-00014,19,19-01,G269303E68830S,2014-12-25T00:00:00,-90.69457518148792,-68.82798199999999,0.704812374296083,0,137.7905,7.0,COPDEM30,21.75343462
RGI2000-v7.0-G-19-00015,19,19-01,G269327E68840S,2014-12-25T00:00:00,-90.66223593728223,-68.8367895,8.704207691835725,0,760.5967,7.0,COPDEM30,51.30405195
RGI2000-v7.0-G-19-00016,19,19-02,G297317E63082S,1957-01-01T00:00:00,-62.68179713431243,-63.081545,0.071188039830662,0,378.63632,5.0,COPDEM30,13.73535217
RGI2000-v7.0-G-19-00017,19,19-02,G297328E63080S,1957-01-01T00:00:00,-62.671457444485895,-63.081237,1.177059861987047,0,376.79065,5.0,COPDEM30,25.18893456
RGI2000-v7.0-G-19-00018,19,19-02,G297366E63052S,1957-01-01T00:00:00,-62.63595031715839,-63.05276,3.257450624073474,0,929.422,5.0,COPDEM30,35.26777241
RGI2000-v7.0-G-19-00019,19,19-02,G297399E63052S,1957-01-01T00:00:00,-62.595357048046004,-63.0511315,9.801284494285001,0,485.22485,4.0,COPDEM30,53.82980448
RGI2000-v7.0-G-19-00020,19,19-02,G297386E63027S,1957-01-01T00:00:00,-62.608586073609516,-63.0264925,6.592551875615082,0,868.0405,8.0,COPDEM30,45.94635124
RGI2000-v7.0-G-19-00021,19,19-02,G297423E63005S,1957-01-01T00:00:00,-62.583879401244005,-63.005891500000004,9.024445437846124,0,1050.8252,7.0,COPDEM30,52.05700068
RGI2000-v7.0-G-19-00022,19,19-02,G297451E63029S,1957-01-01T00:00:00,-62.54801453699403,-63.027724,3.161237738731299,0,547.33105,4.0,COPDEM30,34.89181787
RGI2000-v7.0-G-19-00023,19,19-02,G297472E63017S,1957-01-01T00:00:00,-62.520700568730035,-63.017354499999996,3.14662016113216,0,512.6362,4.0,COPDEM30,34.83420125
RGI2000-v7.0-G-19-00024,19,19-02,G297476E63002S,1957-01-01T00:00:00,-62.52259075511364,-63.0023165,1.269222179878239,0,1088.2373,3.0,COPDEM30,25.77236657
RGI2000-v7.0-G-19-00025,19,19-02,G297501E62995S,1957-01-01T00:00:00,-62.49101940604146,-62.997794999999996,5.973651978417456,0,671.073,4.0,COPDEM30,44.21747781
RGI2000-v7.0-G-19-00026,19,19-02,G297537E62982S,1957-01-01T00:00:00,-62.46661526873977,-62.985487500000005,5.54701985608426,0,664.0812,4.0,COPDEM30,42.97295698
RGI2000-v7.0-G-19-00027,19,19-02,G297560E62961S,1957-01-01T00:00:00,-62.43415771529649,-62.960207499999996,7.446763542831587,0,835.56335,3.0,COPDEM30,48.20426225
RGI2000-v7.0-G-19-00028,19,19-02,G297592E62947S,1957-01-01T00:00:00,-62.40703190625,-62.9469555,2.427914473487227,0,493.0931,4.0,COPDEM30,31.81447310
RGI2000-v7.0-G-19-00029,19,19-02,G297608E62937S,1957-01-01T00:00:00,-62.39320261559348,-62.937452,3.444252142268033,0,477.02173,4.0,COPDEM30,35.98217504
RGI2000-v7.0-G-19-00030,19,19-02,G297624E62922S,1957-01-01T00:00:00,-62.377089903468864,-62.920507,3.959611901690856,0,564.6721,4.0,COPDEM30,37.85828302
RGI2000-v7.0-G-19-00031,19,19-02,G297590E62907S,1957-01-01T00:00:00,-62.40797748917089,-62.908336000000006,3.780856211176942,0,685.9425,8.0,COPDEM30,37.22219347
RGI2000-v7.0-G-19-00032,19,19-02,G297606E62899S,1957-01-01T00:00:00,-62.39359889163893,-62.8990795,2.841781269610143,0,265.16284,1.0,COPDEM30,33.60061713
RGI2000-v7.0-G-19-00033,19,19-02,G297634E62892S,1957-01-01T00:00:00,-62.364431857142854,-62.89419,2.539345389356462,0,463.56818,8.0,COPDEM30,32.30945307
RGI2000-v7.0-G-19-00034,19,19-02,G297652E62905S,1957-01-01T00:00:00,-62.35072520633858,-62.905013,3.675004242014607,0,314.87372,3.0,COPDEM30,36.83842081
RGI2000-v7.0-G-19-00035,19,19-02,G297672E62886S,1957-01-01T00:00:00,-62.32894633539945,-62.8853195,2.393875648085039,0,154.74333,3.0,COPDEM30,31.66101630
RGI2000-v7.0-G-19-00036,19,19-02,G297654E62880S,1957-01-01T00:00:00,-62.351019907297754,-62.880443,1.941531247851047,0,133.31955,1.0,COPDEM30,29.50743767
RGI2000-v7.0-G-19-00037,19,19-02,G297585E62926S,1957-01-01T00:00:00,-62.41941200193756,-62.921495,6.757787479795448,0,796.5065,1.0,COPDEM30,46.39404273
RGI2000-v7.0-G-19-00038,19,19-02,G297535E62919S,1957-01-01T00:00:00,-62.46077000691585,-62.918904999999995,2.554645908554809,0,437.51654,1.0,COPDEM30,32.37656359
RGI2000-v7.0-G-19-00039,19,19-02,G297523E62936S,1957-01-01T00:00:00,-62.45325953764446,-62.937781,9.628525960530713,0,1004.1371,8.0,COPDEM30,53.44181267
RGI2000-v7.0-G-19-00040,19,19-02,G297502E62951S,1957-01-01T00:00:00,-62.487257643971674,-62.954098,5.886658832569812,0,1205.2454,8.0,COPDEM30,43.96741278
RGI2000-v7.0-G-19-00041,19,19-02,G297463E62975S,1957-01-01T00:00:00,-62.53165419539869,-62.972736999999995,13.208195915803957,0,751.48486,8.0,COPDEM90,60.88031446
RGI2000-v7.0-G-19-00042,19,19-02,G297881E63306S,1957-01-01T00:00:00,-62.110048267220904,-63.305468,131.24156523311794,0,201.10335,4.0,COPDEM90,100.00000000
RGI2000-v7.0-G-19-00043,19,19-02,G298531E62797S,1956-02-01T00:00:00,-61.470659589130435,-62.7988755,32.53580853425894,0,126.45166,6.0,COPDEM90,89.85623628
RGI2000-v7.0-G-19-00044,19,19-02,G298654E62784S,1956-02-01T00:00:00,-61.35701261458333,-62.7874245,46.40998022398417,0,168.13704,4.0,COPDEM90,100.00000000
RGI2000-v7.0-G-19-00045,19,19-02,G298609E62752S,1956-02-01T00:00:00,-61.371114964325024,-62.748332500000004,29.481939562328915,0,177.44165,8.0,COPDEM90,86.01618350
RGI2000-v7.0-G-19-00046,19,19-02,G298711E62729S,1956-02-01T00:00:00,-61.28449744380721,-62.7275095,8.928245300756032,0,114.987976,2.0,COPDEM30,51.83223732
RGI2000-v7.0-G-19-00047,19,19-02,G299103E62657S,1957-01-01T00:00:00,-60.909378492599174,-62.6563,15.557000023784203,0,173.59247,5.0,COPDEM90,65.21930826
RGI2000-v7.0-G-19-00048,19,19-02,G299063E62629S,1957-01-01T00:00:00,-60.92053909947327,-62.6308115,19.828391354205724,0,135.17525,7.0,COPDEM90,72.34071467
RGI2000-v7.0-G-19-00049,19,19-02,G299168E62656S,1957-01-01T00:00:00,-60.82540205946316,-62.654302,14.482111172069049,0,127.94873,5.0,COPDEM90,63.27751674
RGI2000-v7.0-G-19-00050,19,19-02,G299293E62616S,1957-01-01T00:00:00,-60.688919247021275,-62.6186595,51.77850955536801,0,161.27505,5.0,COPDEM90,100.00000000
RGI2000-v7.0-G-19-00051,19,19-02,G299421E62638S,1957-01-01T00:00:00,-60.57877817926148,-62.636750500000005,3.206216734895011,0,152.53006,5.0,COPDEM30,35.06827637
RGI2000-v7.0-G-19-00052,19,19-02,G299478E62624S,1957-01-01T00:00:00,-60.519567613875424,-62.627857,12.472320495159709,0,218.1643,5.0,COPDEM30,59.44264169
RGI2000-v7.0-G-19-00053,19,19-02,G299566E62615S,1957-01-01T00:00:00,-60.436184648782344,-62.617415,9.119086656088479,0,221.20041,4.0,COPDEM30,52.27695572
RGI2000-v7.0-G-19-00054,19,19-02,G299656E62653S,1957-01-01T00:00:00,-60.34133043149882,-62.653018,3.178247343923069,0,223.59328,7.0,COPDEM30,34.95869547
RGI2000-v7.0-G-19-00055,19,19-02,G299645E62671S,1957-01-01T00:00:00,-60.35952081848508,-62.6723375,5.492630284086143,0,208.33147,8.0,COPDEM30,42.81090574
RGI2000-v7.0-G-19-00056,19,19-02,G299667E62677S,1957-01-01T00:00:00,-60.33385109143357,-62.6759865,0.997134810883884,0,189.10095,4.0,COPDEM30,23.97992929
RGI2000-v7.0-G-19-00057,19,19-02,G299653E62684S,1957-01-01T00:00:00,-60.34587026176713,-62.684332,1.052024764503158,0,273.4654,3.0,COPDEM30,24.35955619
RGI2000-v7.0-G-19-00058,19,19-02,G299626E62694S,1957-01-01T00:00:00,-60.373069608742,-62.693845499999995,1.557144005396888,0,143.62498,5.0,COPDEM30,27.46998068
RGI2000-v7.0-G-19-00059,19,19-02,G299601E62691S,1957-01-01T00:00:00,-60.40037146060326,-62.6911925,2.023886432588779,0,199.04875,6.0,COPDEM30,29.91687076
RGI2000-v7.0-G-19-00060,19,19-02,G299605E62683S,1957-01-01T00:00:00,-60.39293826597052,-62.682751499999995,1.264917725887998,0,245.75528,7.0,COPDEM30,25.74559857
RGI2000-v7.0-G-19-00061,19,19-02,G299609E62675S,1957-01-01T00:00:00,-60.3925836671738,-62.674767,1.159641280628982,0,207.50728,8.0,COPDEM30,25.07612984
RGI2000-v7.0-G-19-00062,19,19-02,G299697E62641S,1957-01-01T00:00:00,-60.30529357612909,-62.639288,13.861693266585625,0,223.61482,8.0,COPDEM90,62.12381299
RGI2000-v7.0-G-19-00063,19,19-02,G299714E62615S,1957-01-01T00:00:00,-60.279711493086985,-62.6169805,36.53734073438365,0,278.07532,6.0,COPDEM90,94.62457553
RGI2000-v7.0-G-19-00064,19,19-02,G299755E62674S,1957-01-01T00:00:00,-60.26194584611957,-62.680329,42.44753981324073,0,272.50403,8.0,COPDEM90,100.00000000
RGI2000-v7.0-G-19-00065,19,19-02,G299713E62711S,1957-01-01T00:00:00,-60.28363444266161,-62.7103295,3.78220932130867,0,399.50513,8.0,COPDEM30,37.22706424
RGI2000-v7.0-G-19-00066,19,19-02,G299689E62718S,1957-01-01T00:00:00,-60.309808033763005,-62.717282,0.842069751534245,0,349.1534,8.0,COPDEM30,22.84701021
RGI2000-v7.0-G-19-00067,19,19-02,G299707E62728S,1957-01-01T00:00:00,-60.29132958695652,-62.728615,6.791826198162933,0,359.39346,6.0,COPDEM30,46.48558530
RGI2000-v7.0-G-19-00068,19,19-02,G299730E62745S,1957-01-01T00:00:00,-60.266152261503066,-62.745094,7.70697736877006,0,165.58084,5.0,COPDEM30,48.86602069
RGI2000-v7.0-G-19-00069,19,19-02,G299787E62725S,1957-01-01T00:00:00,-60.21345730144928,-62.724461,12.66264975372455,0,326.57486,4.0,COPDEM30,59.81846396
RGI2000-v7.0-G-19-00070,19,19-02,G299855E62688S,1957-01-01T00:00:00,-60.172852773204,-62.6965695,30.15152249314106,0,600.0005,4.0,COPDEM90,86.87456282
RGI2000-v7.0-G-19-00071,19,19-02,G299911E62700S,1957-01-01T00:00:00,-60.077045339148526,-62.699149,5.600329174527192,0,215.27899,5.0,COPDEM30,43.13102048
RGI2000-v7.0-G-19-00072,19,19-02,G299955E62688S,1957-01-01T00:00:00,-60.04321217901234,-62.6899285,4.458095599410103,0,336.15057,4.0,COPDEM30,39.55988392
RGI2000-v7.0-G-19-00073,19,19-02,G299979E62686S,1957-01-01T00:00:00,-60.021090164868056,-62.6871745,0.418451819006988,0,219.08582,3.0,COPDEM30,19.05629927
RGI2000-v7.0-G-19-00074,19,19-02,G299978E62677S,1957-01-01T00:00:00,-60.02115300660677,-62.6776265,1.067634264924771,0,281.4238,3.0,COPDEM30,24.46569445
RGI2000-v7.0-G-19-00075,19,19-02,G299991E62664S,1957-01-01T00:00:00,-60.00861778218467,-62.663045,8.653605151157683,0,454.68524,4.0,COPDEM30,51.18381490
RGI2000-v7.0-G-19-00076,19,19-02,G300033E62662S,1957-01-01T00:00:00,-59.96451500204918,-62.6617385,0.428065833583228,0,369.27734,5.0,COPDEM30,19.15974363
RGI2000-v7.0-G-19-00077,19,19-02,G300048E62654S,1957-01-01T00:00:00,-59.951656,-62.653859999999995,2.106873903900881,0,521.9342,4.0,COPDEM30,30.32110443
RGI2000-v7.0-G-19-00078,19,19-02,G300072E62646S,1957-01-01T00:00:00,-59.92232930599657,-62.6462615,1.17582662481001,0,495.9637,4.0,COPDEM30,25.18097554
RGI2000-v7.0-G-19-00079,19,19-02,G300096E62637S,1957-01-01T00:00:00,-59.90624651897446,-62.637608,2.227080267167421,0,440.4289,4.0,COPDEM30,30.89276747
RGI2000-v7.0-G-19-00080,19,19-02,G300123E62632S,1957-01-01T00:00:00,-59.876571280655384,-62.632481,0.221552747832799,0,292.52518,4.0,COPDEM30,16.58971460
RGI2000-v7.0-G-19-00081,19,19-02,G300135E62627S,1957-01-01T00:00:00,-59.86293291340782,-62.6274035,0.705155026408559,0,208.75975,5.0,COPDEM30,21.75629130
RGI2000-v7.0-G-19-00082,19,19-02,G300133E62618S,1957-01-01T00:00:00,-59.86769786480186,-62.6199355,5.87783415643663,0,152.85657,1.0,COPDEM30,43.94194300
RGI2000-v7.0-G-19-00083,19,19-02,G300162E62621S,1957-01-01T00:00:00,-59.835762273903,-62.6207445,0.704611168995432,0,259.13547,4.0,COPDEM30,21.75175685
RGI2000-v7.0-G-19-00084,19,19-02,G300098E62615S,1957-01-01T00:00:00,-59.89947035663962,-62.616622500000005,1.050037406286614,0,83.639404,1.0,COPDEM30,24.34598660
RGI2000-v7.0-G-19-00085,19,19-02,G300086E62621S,1957-01-01T00:00:00,-59.914397013448166,-62.6225015,2.159913298909337,0,271.75464,8.0,COPDEM30,30.57530089
RGI2000-v7.0-G-19-00086,19,19-02,G300060E62627S,1957-01-01T00:00:00,-59.9379746875,-62.627626,4.937033723325871,0,269.04553,1.0,COPDEM30,41.10721154
RGI2000-v7.0-G-19-00087,19,19-02,G299924E62637S,1957-01-01T00:00:00,-60.07118342283168,-62.6353935,58.01621655718941,0,250.04434,1.0,COPDEM90,100.00000000
RGI2000-v7.0-G-19-00088,19,19-02,G299863E62575S,1957-01-01T00:00:00,-60.157551953534025,-62.5714755,67.82772739570429,0,292.49164,3.0,COPDEM90,100.00000000
RGI2000-v7.0-G-19-00089,19,19-02,G299748E62549S,1957-01-01T00:00:00,-60.23913063388123,-62.543324,81.54099377144617,0,185.33693,8.0,COPDEM90,100.00000000
RGI2000-v7.0-G-19-00090,19,19-02,G299858E62480S,1957-01-01T00:00:00,-60.145784675298806,-62.480301999999995,2.095617231199905,0,52.643448,8.0,COPDEM30,30.26674560
RGI2000-v7.0-G-19-00091,19,19-02,G299891E62476S,1957-01-01T00:00:00,-60.11048279914156,-62.47477000000001,3.680236820215442,0,28.444399,2.0,COPDEM30,36.85752067
RGI2000-v7.0-G-19-00092,19,19-02,G299915E62511S,1957-01-01T00:00:00,-60.0790708583411,-62.5117685,21.530160664862287,0,98.89127,2.0,COPDEM90,74.96084583
RGI2000-v7.0-G-19-00093,19,19-02,G300054E62479S,1957-01-01T00:00:00,-59.93800405221239,-62.481179,15.062473420823082,0,88.24966,6.0,COPDEM90,64.33456350
RGI2000-v7.0-G-19-00094,19,19-02,G300097E62463S,1957-01-01T00:00:00,-59.90166246934605,-62.4630205,9.987059582910396,0,192.57565,1.0,COPDEM30,54.24323314
RGI2000-v7.0-G-19-00095,19,19-02,G300155E62458S,1957-01-01T00:00:00,-59.84590847488587,-62.4589155,11.571374389952867,0,94.68048,1.0,COPDEM30,57.62341210
RGI2000-v7.0-G-19-00096,19,19-02,G300215E62454S,1957-01-01T00:00:00,-59.776841497191015,-62.453832,4.53714240579953,0,88.358406,2.0,COPDEM30,39.82079663
RGI2000-v7.0-G-19-00097,19,19-02,G300241E62493S,1957-01-01T00:00:00,-59.78917834076559,-62.492487499999996,26.26083421995054,0,172.30962,2.0,COPDEM90,81.74345620
RGI2000-v7.0-G-19-00098,19,19-02,G300220E62513S,1957-01-01T00:00:00,-59.80015032171346,-62.510186000000004,16.187096476662063,0,138.42688,6.0,COPDEM90,66.32646722
RGI2000-v7.0-G-19-00099,19,19-02,G300128E62497S,1957-01-01T00:00:00,-59.87697736216596,-62.49835,11.484763458562535,0,123.87879,5.0,COPDEM30,57.44484838
RGI2000-v7.0-G-19-00100,19,19-02,G300038E62455S,1957-01-01T00:00:00,-59.963192355209515,-62.455046499999995,3.978196519232383,0,105.437096,8.0,COPDEM30,37.92358354
RGI2000-v7.0-G-19-00101,19,19-02,G300258E62541S,1957-01-01T00:00:00,-59.742185328966286,-62.541740000000004,5.222500454311471,0,140.27739,6.0,COPDEM30,41.99390706
RGI2000-v7.0-G-19-00102,19,19-02,G300311E62543S,1957-01-01T00:00:00,-59.692226024638636,-62.5440945,6.231825268762154,0,259.81165,5.0,COPDEM30,44.94907370
RGI2000-v7.0-G-19-00103,19,19-02,G300354E62546S,1957-01-01T00:00:00,-59.644323642075996,-62.5457585,1.688358249927169,0,224.70984,4.0,COPDEM30,28.19115766
RGI2000-v7.0-G-19-00104,19,19-02,G300372E62531S,1957-01-01T00:00:00,-59.6269030885241,-62.5325175,9.982806724413816,0,227.39769,4.0,COPDEM30,54.23381193
RGI2000-v7.0-G-19-00105,19,19-02,G300387E62514S,1957-01-01T00:00:00,-59.622891111534635,-62.514283500000005,4.417697145483029,0,327.66565,4.0,COPDEM30,39.42564597
RGI2000-v7.0-G-19-00106,19,19-02,G300423E62508S,1957-01-01T00:00:00,-59.57359155553112,-62.509959,2.295655269827166,0,188.1532,3.0,COPDEM30,31.21198795
RGI2000-v7.0-G-19-00107,19,19-02,G300385E62491S,1957-01-01T00:00:00,-59.612559965434784,-62.4899095,8.726166576008024,0,244.17772,2.0,COPDEM30,51.35611985
RGI2000-v7.0-G-19-00108,19,19-02,G300342E62497S,1957-01-01T00:00:00,-59.6584243963853,-62.492637,7.243665727443259,0,186.98439,8.0,COPDEM30,47.67968262
RGI2000-v7.0-G-19-00109,19,19-02,G300430E62407S,1957-01-01T00:00:00,-59.56500108199734,-62.411238499999996,48.74803296819506,0,194.36673,6.0,COPDEM90,100.00000000
RGI2000-v7.0-G-19-00110,19,19-02,G300519E62378S,1957-01-01T00:00:00,-59.46789412568639,-62.373476499999995,58.32999924652081,0,147.8065,2.0,COPDEM90,100.00000000
RGI2000-v7.0-G-19-00111,19,19-02,G300548E62430S,1957-01-01T00:00:00,-59.447563456906835,-62.4343005,20.326646005025335,0,264.57562,4.0,COPDEM90,73.11911451
RGI2000-v7.0-G-19-00112,19,19-02,G300617E62419S,1957-01-01T00:00:00,-59.3843761561528,-62.423772,7.166642582847731,0,191.82413,3.0,COPDEM30,47.47881997
RGI2000-v7.0-G-19-00113,19,19-02,G300358E62357S,1957-01-01T00:00:00,-59.641174500000005,-62.3587615,12.989655403948575,0,68.52773,8.0,COPDEM30,60.45763034
RGI2000-v7.0-G-19-00114,19,19-02,G300877E62309S,1957-01-01T00:00:00,-59.1159927340631,-62.316395,29.202563123237745,0,94.17633,6.0,COPDEM90,85.65515430
RGI2000-v7.0-G-19-00115,19,19-02,G300887E62269S,1957-01-01T00:00:00,-59.10517524288257,-62.265951,30.734409572567937,0,95.046295,8.0,COPDEM90,87.61407267
RGI2000-v7.0-G-19-00116,19,19-02,G301002E62274S,1957-01-01T00:00:00,-59.01668971864872,-62.2673805,28.81136738590594,0,159.18549,1.0,COPDEM90,85.14670989
RGI2000-v7.0-G-19-00117,19,19-02,G301005E62319S,1957-01-01T00:00:00,-58.99031946395776,-62.322273,48.80362979548415,0,93.6291,5.0,COPDEM90,100.00000000
RGI2000-v7.0-G-19-00118,19,19-02,G301110E62284S,1957-01-01T00:00:00,-58.88941288221281,-62.284721000000005,15.759970891480041,0,135.70268,2.0,COPDEM90,65.57836175
RGI2000-v7.0-G-19-00119,19,19-02,G301158E62312S,1957-01-01T00:00:00,-58.843170160256406,-62.312625,0.134841187822717,0,22.760761,4.0,COPDEM30,15.14090195
RGI2000-v7.0-G-19-00120,19,19-02,G301215E62199S,1989-01-28T00:00:00,-58.78671656452922,-62.198666,0.50029404584299,0,133.28676,6.0,COPDEM30,19.90240541
RGI2000-v7.0-G-19-00121,19,19-02,G301280E62193S,1989-01-28T00:00:00,-58.7235286103215,-62.187349999999995,14.393815031954455,0,246.63535,6.0,COPDEM90,63.11485429
RGI2000-v7.0-G-19-00122,19,19-02,G301226E62159S,1989-01-28T00:00:00,-58.75929603537703,-62.1674705,34.013960526949134,0,288.04694,6.0,COPDEM90,91.65008428
RGI2000-v7.0-G-19-00123,19,19-02,G301330E62171S,1989-01-28T00:00:00,-58.668396526981596,-62.1697845,14.664590962719492,0,428.6004,4.0,COPDEM90,63.61212390
RGI2000-v7.0-G-19-00124,19,19-02,G301372E62148S,2000-02-23T00:00:00,-58.631943609092986,-62.149871000000005,9.547747352747857,0,574.30835,4.0,COPDEM30,53.25920112
RGI2000-v7.0-G-19-00125,19,19-02,G301412E62145S,2000-02-23T00:00:00,-58.58655558643526,-62.1448135,3.201596200814209,0,530.5895,5.0,COPDEM30,35.05020669
RGI2000-v7.0-G-19-00126,19,19-02,G301437E62145S,2000-02-23T00:00:00,-58.56214359942228,-62.1445095,2.372943615406354,0,463.65652,5.0,COPDEM30,31.56610648
RGI2000-v7.0-G-19-00127,19,19-02,G301459E62144S,2000-02-23T00:00:00,-58.53906502395394,-62.144966,1.434096168723829,0,398.84756,4.0,COPDEM30,26.76552561
RGI2000-v7.0-G-19-00128,19,19-02,G301474E62139S,2000-02-23T00:00:00,-58.52785976459144,-62.13932,0.988153956632877,0,456.48663,4.0,COPDEM30,23.91683066
RGI2000-v7.0-G-19-00129,19,19-02,G301493E62131S,2000-02-23T00:00:00,-58.50904666211457,-62.131814000000006,2.382434288228748,0,311.48523,3.0,COPDEM30,31.60919065
RGI2000-v7.0-G-19-00130,19,19-02,G301525E62107S,2000-02-23T00:00:00,-58.47305878427849,-62.107065500000004,0.761955756954504,0,78.05598,4.0,COPDEM30,22.22061080
RGI2000-v7.0-G-19-00131,19,19-02,G301518E62100S,2000-02-23T00:00:00,-58.48239448754345,-62.100555,1.874273989023525,0,111.51112,3.0,COPDEM30,29.16657773
RGI2000-v7.0-G-19-00132,19,19-02,G301442E62112S,2000-02-23T00:00:00,-58.554978793900005,-62.105132,27.550376139730744,0,481.17117,3.0,COPDEM90,83.48383307
RGI2000-v7.0-G-19-00133,19,19-02,G301521E62059S,2000-02-23T00:00:00,-58.48895945626908,-62.059962999999996,36.124113037094205,0,447.78156,4.0,COPDEM90,94.14467396
RGI2000-v7.0-G-19-00134,19,19-02,G301593E62062S,2000-02-23T00:00:00,-58.40809226623377,-62.062251,0.07151275878793,0,131.5856,7.0,COPDEM30,13.74386174
RGI2000-v7.0-G-19-00135,19,19-02,G301598E62067S,2000-02-23T00:00:00,-58.40170245259107,-62.0662815,0.060759201629768,0,269.8224,4.0,COPDEM30,13.45091343
RGI2000-v7.0-G-19-00136,19,19-02,G301597E62071S,2000-02-23T00:00:00,-58.403061712673704,-62.070735,0.143778032453409,0,162.93796,4.0,COPDEM30,15.30853034
RGI2000-v7.0-G-19-00137,19,19-02,G301594E62078S,2000-02-23T00:00:00,-58.406487605877345,-62.07796,0.037722396469526,0,170.83455,4.0,COPDEM30,12.71911561
RGI2000-v7.0-G-19-00138,19,19-02,G301591E62082S,2000-02-23T00:00:00,-58.40894292924531,-62.081788,0.020598766618038,0,220.22423,5.0,COPDEM30,12.00931786
RGI2000-v7.0-G-19-00139,19,19-02,G301624E62047S,2000-02-23T00:00:00,-58.38231580019493,-62.050295000000006,7.240222337463462,0,486.5893,5.0,COPDEM30,47.67072574
RGI2000-v7.0-G-19-00140,19,19-02,G301651E62052S,2000-02-23T00:00:00,-58.35247856906077,-62.0517165,4.259733878413885,0,493.36993,6.0,COPDEM30,38.89477185
RGI2000-v7.0-G-19-00141,19,19-02,G301682E62053S,2000-02-23T00:00:00,-58.319761744686964,-62.055052,8.582155777475922,0,583.83344,5.0,COPDEM30,51.01344331
RGI2000-v7.0-G-19-00142,19,19-02,G301721E62066S,2000-02-23T00:00:00,-58.278787626980474,-62.065309,7.345165470556426,0,385.59534,5.0,COPDEM30,47.94275204
RGI2000-v7.0-G-19-00143,19,19-02,G301791E62041S,2000-02-23T00:00:00,-58.251976825426595,-62.041894,41.281979541466114,0,399.1488,4.0,COPDEM90,99.95147575
RGI2000-v7.0-G-19-00144,19,19-02,G301786E62084S,2000-02-23T00:00:00,-58.21238328378105,-62.085544999999996,10.441851730780577,0,221.41977,3.0,COPDEM30,55.23939588
RGI2000-v7.0-G-19-00145,19,19-02,G301728E62094S,2000-02-23T00:00:00,-58.27062070581049,-62.094704500000006,5.329786337777073,0,299.83112,8.0,COPDEM30,42.32086203
RGI2000-v7.0-G-19-00146,19,19-02,G301690E62099S,2000-02-23T00:00:00,-58.310741842521836,-62.0982125,0.534144511755565,0,182.87286,8.0,COPDEM30,20.23192672
RGI2000-v7.0-G-19-00147,19,19-02,G301703E62111S,2000-02-23T00:00:00,-58.29404845858986,-62.110411,5.682203205759603,0,278.6445,7.0,COPDEM30,43.37232129
RGI2000-v7.0-G-19-00148,19,19-02,G301653E62114S,2000-02-23T00:00:00,-58.34524585601346,-62.11489,2.081399156487301,0,221.72092,1.0,COPDEM30,30.19787698
RGI2000-v7.0-G-19-00149,19,19-02,G301630E62115S,2000-02-23T00:00:00,-58.36953838688904,-62.115905999999995,0.521311430734493,0,227.77573,8.0,COPDEM30,20.10826595
RGI2000-v7.0-G-19-00150,19,19-02,G301692E62137S,2000-02-23T00:00:00,-58.29749239375353,-62.1423685,20.68445306998876,0,214.08281,6.0,COPDEM90,73.67222944
RGI2000-v7.0-G-19-00151,19,19-02,G301727E62164S,2000-02-23T00:00:00,-58.2716463517062,-62.162530000000004,4.971728219051443,0,276.73108,6.0,COPDEM30,41.21632155
RGI2000-v7.0-G-19-00152,19,19-02,G301725E62176S,2000-02-23T00:00:00,-58.26850147360179,-62.1751165,1.373207249041214,0,234.05988,7.0,COPDEM30,26.40574963
RGI2000-v7.0-G-19-00153,19,19-02,G301731E62182S,2000-02-23T00:00:00,-58.271460280178516,-62.182187,1.390458432405187,0,210.7922,6.0,COPDEM30,26.50847821
RGI2000-v7.0-G-19-00154,19,19-02,G301748E62185S,2000-02-23T00:00:00,-58.24884694422231,-62.1848485,1.095391776483248,0,298.8731,5.0,COPDEM30,24.65253521
RGI2000-v7.0-G-19-00155,19,19-02,G301764E62173S,2000-02-23T00:00:00,-58.234820502125274,-62.1742615,2.745269050314227,0,310.20102,3.0,COPDEM30,33.19639485
RGI2000-v7.0-G-19-00156,19,19-02,G301777E62149S,2000-02-23T00:00:00,-58.21712008727229,-62.1474215,9.482374627701493,0,331.24646,4.0,COPDEM30,53.11085046
RGI2000-v7.0-G-19-00157,19,19-02,G301827E62139S,2000-02-23T00:00:00,-58.174491407587205,-62.139171000000005,1.374198217590659,0,299.87045,1.0,COPDEM30,26.41166813
RGI2000-v7.0-G-19-00158,19,19-02,G301850E62140S,2000-02-23T00:00:00,-58.147811079310344,-62.139986,0.911510759569665,0,233.87419,2.0,COPDEM30,23.36623017
RGI2000-v7.0-G-19-00159,19,19-02,G301856E62145S,2000-02-23T00:00:00,-58.14598084885496,-62.144777000000005,0.372993189777203,0,244.08975,2.0,COPDEM30,18.55024358
RGI2000-v7.0-G-19-00160,19,19-02,G301841E62151S,2000-02-23T00:00:00,-58.15916235298256,-62.151433499999996,2.383276575856506,0,241.31253,4.0,COPDEM30,31.61301018
RGI2000-v7.0-G-19-00161,19,19-02,G301782E62117S,2000-02-23T00:00:00,-58.221764485088435,-62.117991,20.764135884088127,0,225.60565,2.0,COPDEM90,73.79475396
RGI2000-v7.0-G-19-00162,19,19-02,G301968E62035S,2000-02-23T00:00:00,-58.04322877916644,-62.033932500000006,71.10768432450901,0,221.76721,5.0,COPDEM90,100.00000000
RGI2000-v7.0-G-19-00163,19,19-02,G302061E62067S,2000-02-23T00:00:00,-57.93826884285163,-62.067468500000004,2.742741003796229,0,138.05725,4.0,COPDEM30,33.18571191
RGI2000-v7.0-G-19-00164,19,19-02,G302092E62021S,2000-02-23T00:00:00,-57.89961273330617,-62.02659,31.81868995019574,0,348.7437,4.0,COPDEM90,88.97128105
RGI2000-v7.0-G-19-00165,19,19-02,G302236E62004S,2000-02-23T00:00:00,-57.76373888633375,-62.005916,21.637330261181763,0,323.40527,5.0,COPDEM90,75.12232130
RGI2000-v7.0-G-19-00166,19,19-02,G302296E61978S,2000-02-23T00:00:00,-57.722683953768765,-61.979366999999996,25.08415604448345,0,285.2079,3.0,COPDEM90,80.11771948
RGI2000-v7.0-G-19-00167,19,19-02,G302324E61944S,2000-02-23T00:00:00,-57.67988283623664,-61.946571,5.313465799007115,0,232.74425,3.0,COPDEM30,42.27133862
RGI2000-v7.0-G-19-00168,19,19-02,G302286E61925S,2000-02-23T00:00:00,-57.71743400037025,-61.9205035,10.10834202945265,0,153.10655,8.0,COPDEM30,54.51106646
RGI2000-v7.0-G-19-00169,19,19-02,G302335E61920S,2000-02-23T00:00:00,-57.66306333467269,-61.9141105,5.91196449618158,0,176.6187,2.0,COPDEM30,44.04034432
RGI2000-v7.0-G-19-00170,19,19-02,G302169E61966S,2000-02-23T00:00:00,-57.830952715368284,-61.9582555,55.27201552500221,0,208.86073,1.0,COPDEM90,100.00000000
RGI2000-v7.0-G-19-00171,19,19-02,G302088E61943S,2000-02-23T00:00:00,-57.9110751785264,-61.943288499999994,0.495305852979825,0,198.9411,1.0,COPDEM30,19.85291567
RGI2000-v7.0-G-19-00172,19,19-02,G302048E61957S,2000-02-23T00:00:00,-57.94861465251363,-61.9549665,21.39767494680859,0,229.65015,1.0,COPDEM90,74.76066931
RGI2000-v7.0-G-19-00173,19,19-02,G302016E61919S,2000-02-23T00:00:00,-57.981217614342526,-61.9198015,4.39578534210662,0,85.953705,2.0,COPDEM30,39.35257956
RGI2000-v7.0-G-19-00174,19,19-02,G301927E61967S,2000-02-23T00:00:00,-58.08818518144626,-61.9564055,83.50466559371115,0,272.4487,1.0,COPDEM90,100.00000000
RGI2000-v7.0-G-19-00175,19,19-02,G301771E61993S,2000-02-23T00:00:00,-58.22347298020603,-61.994268,42.320405455763805,0,466.0879,1.0,COPDEM90,100.00000000
RGI2000-v7.0-G-19-00176,19,19-02,G301655E61983S,2000-02-23T00:00:00,-58.34996478108837,-61.983924,68.3548455548429,0,418.94604,1.0,COPDEM90,100.00000000
RGI2000-v7.0-G-19-00177,19,19-02,G301559E61981S,2000-02-23T00:00:00,-58.44955996492169,-61.982558,23.15370094206241,0,213.96472,8.0,COPDEM90,77.36560981
RGI2000-v7.0-G-19-00178,19,19-02,G301446E62025S,2000-02-23T00:00:00,-58.574729306213854,-62.0204035,73.48318707872953,0,304.17188,1.0,COPDEM90,100.00000000
RGI2000-v7.0-G-19-00179,19,19-02,G301284E62099S,1989-01-28T00:00:00,-58.688555765615334,-62.087488,114.8046544009082,0,361.34283,8.0,COPDEM90,100.00000000
RGI2000-v7.0-G-19-00180,19,19-02,G301372E62196S,2000-02-23T00:00:00,-58.63194494784608,-62.195077,5.134517794058386,0,332.35394,1.0,COPDEM30,41.72326414
RGI2000-v7.0-G-19-00181,19,19-02,G301351E62216S,1989-01-28T00:00:00,-58.652736659681096,-62.2145115,19.07925477033315,0,221.54196,5.0,COPDEM90,71.15172880
RGI2000-v7.0-G-19-00182,19,19-02,G301389E62243S,2000-02-23T00:00:00,-58.61342141827379,-62.242191000000005,5.058602655928825,0,106.670364,5.0,COPDEM30,41.48787260
RGI2000-v7.0-G-19-00183,19,19-02,G301450E62221S,2000-02-23T00:00:00,-58.54605082234007,-62.22527,20.152164389600085,0,236.66585,5.0,COPDEM90,72.84762701
RGI2000-v7.0-G-19-00184,19,19-02,G301511E62218S,2000-02-23T00:00:00,-58.49004741277798,-62.2154175,3.847714161601546,0,204.17154,5.0,COPDEM30,37.46182761
RGI2000-v7.0-G-19-00185,19,19-02,G301530E62214S,2000-02-23T00:00:00,-58.468544616345426,-62.213031,0.579132620603165,0,209.7818,3.0,COPDEM30,20.65410689
RGI2000-v7.0-G-19-00186,19,19-02,G301539E62221S,2000-02-23T00:00:00,-58.46076358514852,-62.220988500000004,0.126318964318707,0,113.62564,3.0,COPDEM30,14.97579310
RGI2000-v7.0-G-19-00187,19,19-02,G301527E62203S,2000-02-23T00:00:00,-58.473593642534816,-62.203914,4.16209911544911,0,173.85205,3.0,COPDEM30,38.56171260
RGI2000-v7.0-G-19-00188,19,19-02,G301531E62191S,2000-02-23T00:00:00,-58.46929248994755,-62.190755499999995,1.739215882224684,0,155.2656,3.0,COPDEM30,28.46310681
RGI2000-v7.0-G-19-00189,19,19-02,G301512E62184S,2000-02-23T00:00:00,-58.479987627,-62.182919,5.211059182103445,0,230.52002,2.0,COPDEM30,41.95884228
RGI2000-v7.0-G-19-00190,19,19-02,G301446E62190S,2000-02-23T00:00:00,-58.56486499242424,-62.189037,8.35711049422916,0,392.995,1.0,COPDEM30,50.47213433
RGI2000-v7.0-G-19-00191,19,19-02,G301112E62165S,1989-01-28T00:00:00,-58.88475989878319,-62.164205499999994,11.016778956845227,0,134.45361,5.0,COPDEM30,56.46814689
RGI2000-v7.0-G-19-00192,19,19-02,G302335E62020S,2000-02-23T00:00:00,-57.66878747410522,-62.0198515,0.219226587929608,0,347.9568,2.0,COPDEM30,16.55502946
RGI2000-v7.0-G-19-00193,19,19-02,G304025E61505S,1957-01-01T00:00:00,-55.97522220847975,-61.505174,0.111374455651694,0,38.149536,7.0,COPDEM30,14.67219363
RGI2000-v7.0-G-19-00194,19,19-02,G304030E61507S,1957-01-01T00:00:00,-55.97096599195171,-61.5059525,0.336418476730489,0,291.68216,7.0,COPDEM30,18.12022299
RGI2000-v7.0-G-19-00195,19,19-02,G304039E61511S,1957-01-01T00:00:00,-55.960940498233214,-61.510795,0.13490609806483,0,299.5285,5.0,COPDEM30,15.14213917
RGI2000-v7.0-G-19-00196,19,19-02,G304054E61481S,1957-01-01T00:00:00,-55.945873416666664,-61.480268499999994,0.281131513214935,0,92.07499,6.0,COPDEM30,17.42305709
RGI2000-v7.0-G-19-00197,19,19-02,G304081E61467S,1957-01-01T00:00:00,-55.91857484449726,-61.4667455,0.369340255776129,0,104.23476,7.0,COPDEM30,18.50827187
RGI2000-v7.0-G-19-00198,19,19-02,G304095E61467S,1957-01-01T00:00:00,-55.90741868856669,-61.466363,1.058406960859424,0,141.00185,2.0,COPDEM30,24.40304705
RGI2000-v7.0-G-19-00199,19,19-02,G304090E61474S,1957-01-01T00:00:00,-55.90668534217876,-61.473295,0.907640576320471,0,192.08792,6.0,COPDEM30,23.33782415
RGI2000-v7.0-G-19-00200,19,19-02,G304307E61478S,1957-01-01T00:00:00,-55.69272205617352,-61.4783725,0.198001144110242,0,177.35466,7.0,COPDEM30,16.22962473
RGI2000-v7.0-G-19-00201,19,19-02,G304332E61478S,1957-01-01T00:00:00,-55.66921287552603,-61.477932499999994,1.72147464226944,0,270.6222,5.0,COPDEM30,28.36869701
RGI2000-v7.0-G-19-00202,19,19-02,G304323E61472S,1957-01-01T00:00:00,-55.671743201758126,-61.470554500000006,0.994229404675463,0,288.74823,1.0,COPDEM30,23.95954739
RGI2000-v7.0-G-19-00203,19,19-02,G304363E61475S,1957-01-01T00:00:00,-55.63556642073667,-61.475297499999996,2.047176111897519,0,252.12904,5.0,COPDEM30,30.03113871
RGI2000-v7.0-G-19-00204,19,19-02,G304368E61468S,1957-01-01T00:00:00,-55.63219220742536,-61.4680245,1.696249223803943,0,291.68713,6.0,COPDEM30,28.23361862
RGI2000-v7.0-G-19-00205,19,19-02,G304392E61474S,1957-01-01T00:00:00,-55.609984649082875,-61.474357,1.077174643305778,0,184.31955,5.0,COPDEM30,24.53018342
RGI2000-v7.0-G-19-00206,19,19-02,G304425E61475S,1957-01-01T00:00:00,-55.57589035467665,-61.474622499999995,0.450462120204101,0,60.613914,6.0,COPDEM30,19.39630648
RGI2000-v7.0-G-19-00207,19,19-02,G304435E61470S,1957-01-01T00:00:00,-55.56495563529289,-61.4702235,0.277319623882943,0,220.11005,6.0,COPDEM30,17.37256036
RGI2000-v7.0-G-19-00208,19,19-02,G304449E61476S,1957-01-01T00:00:00,-55.54752381218074,-61.4778435,1.995671104943318,0,230.48944,6.0,COPDEM30,29.77755133
RGI2000-v7.0-G-19-00209,19,19-02,G304472E61481S,1957-01-01T00:00:00,-55.53365757147072,-61.4813855,1.280542962578194,0,238.19714,5.0,COPDEM30,25.84255095
RGI2000-v7.0-G-19-00210,19,19-02,G304478E61475S,1957-01-01T00:00:00,-55.523054793567994,-61.474784,0.461635428579901,0,345.13815,1.0,COPDEM30,19.51212616
RGI2000-v7.0-G-19-00211,19,19-02,G304462E61471S,1957-01-01T00:00:00,-55.53733946636848,-61.4708635,0.184583532945735,0,339.32516,1.0,COPDEM30,16.01484600
RGI2000-v7.0-G-19-00212,19,19-02,G304521E61483S,1957-01-01T00:00:00,-55.47931097544293,-61.4830435,0.308607607828151,0,142.46022,5.0,COPDEM30,17.77734474
RGI2000-v7.0-G-19-00213,19,19-02,G304538E61491S,1957-01-01T00:00:00,-55.463040394297494,-61.490273,0.16180473509134,0,35.304893,8.0,COPDEM30,15.63149430
RGI2000-v7.0-G-19-00214,19,19-02,G304746E61262S,1957-01-01T00:00:00,-55.259250194859106,-61.262379499999994,2.813804083284233,0,438.25287,6.0,COPDEM30,33.48415637
RGI2000-v7.0-G-19-00215,19,19-02,G304721E61251S,1957-01-01T00:00:00,-55.27533499483013,-61.251563000000004,5.371901102753213,0,433.84802,6.0,COPDEM30,42.44830683
RGI2000-v7.0-G-19-00216,19,19-02,G304701E61226S,1957-01-01T00:00:00,-55.30703186185369,-61.224762,22.52914526108576,0,320.16055,6.0,COPDEM90,76.45082747
RGI2000-v7.0-G-19-00217,19,19-02,G304667E61193S,1957-01-01T00:00:00,-55.32283726,-61.1924,24.281610563778504,0,462.23358,7.0,COPDEM90,78.98692391
RGI2000-v7.0-G-19-00218,19,19-02,G304672E61138S,1957-01-01T00:00:00,-55.3127144770534,-61.144155999999995,60.795359131828114,0,255.00098,6.0,COPDEM90,100.00000000
RGI2000-v7.0-G-19-00219,19,19-02,G304766E61095S,1957-01-01T00:00:00,-55.22659220550686,-61.095381,52.415759523582615,0,365.80872,1.0,COPDEM90,100.00000000
RGI2000-v7.0-G-19-00220,19,19-02,G304655E61064S,1957-01-01T00:00:00,-55.33838961030279,-61.065527,3.13944253057046,0,231.95468,1.0,COPDEM30,34.80586092
RGI2000-v7.0-G-19-00221,19,19-02,G304608E61093S,1957-01-01T00:00:00,-55.38963402751119,-61.086354,20.657225688546482,0,271.11722,7.0,COPDEM90,73.63030909
RGI2000-v7.0-G-19-00222,19,19-02,G304847E61169S,1957-01-01T00:00:00,-55.15806096678322,-61.1689955,120.97977694573072,0,222.7312,4.0,COPDEM90,100.00000000
RGI2000-v7.0-G-19-00223,19,19-02,G304791E61238S,1957-01-01T00:00:00,-55.197999006048775,-61.2387805,16.12204938999931,0,489.98907,4.0,COPDEM90,66.21318066
RGI2000-v7.0-G-19-00224,19,19-02,G304774E61268S,1957-01-01T00:00:00,-55.215904530342065,-61.269349,3.42425707798558,0,403.08093,5.0,COPDEM30,35.90664755
RGI2000-v7.0-G-19-00225,19,19-02,G304962E61120S,1957-01-01T00:00:00,-55.043247551772915,-61.117232,24.48052716056351,0,327.37933,1.0,COPDEM90,79.26892033
RGI2000-v7.0-G-19-00226,19,19-02,G304905E61102S,1957-01-01T00:00:00,-55.09390700343042,-61.1020095,5.295751119498687,0,309.7953,1.0,COPDEM30,42.21749865
RGI2000-v7.0-G-19-00227,19,19-02,G305063E61148S,1957-01-01T00:00:00,-54.937715687038036,-61.146831500000005,18.33753918282953,0,292.4199,5.0,COPDEM90,69.95129423
RGI2000-v7.0-G-19-00228,19,19-02,G305110E61122S,1957-01-01T00:00:00,-54.87866201313541,-61.121905,27.647825483309727,0,399.86407,1.0,COPDEM90,83.61367940
RGI2000-v7.0-G-19-00229,19,19-02,G305176E61142S,1957-01-01T00:00:00,-54.83622643209776,-61.142728500000004,9.311665953888106,0,386.62198,5.0,COPDEM30,52.72103144
RGI2000-v7.0-G-19-00230,19,19-02,G305217E61147S,1957-01-01T00:00:00,-54.78234527864204,-61.144153,4.568607527829396,0,275.38977,5.0,COPDEM30,39.92402171
RGI2000-v7.0-G-19-00231,19,19-02,G305256E61142S,1957-01-01T00:00:00,-54.73300590408593,-61.143398000000005,5.551733583294718,0,234.66693,4.0,COPDEM30,42.98696382
RGI2000-v7.0-G-19-00232,19,19-02,G305272E61121S,1957-01-01T00:00:00,-54.73356631962025,-61.1210935,17.888238347316516,0,259.60526,4.0,COPDEM90,69.21228518
RGI2000-v7.0-G-19-00233,19,19-02,G305270E61104S,1957-01-01T00:00:00,-54.73272256391681,-61.1034735,0.433002194273312,0,692.98535,5.0,COPDEM30,19.21240631
RGI2000-v7.0-G-19-00234,19,19-02,G305224E61108S,1957-01-01T00:00:00,-54.77355639671683,-61.1067685,2.420672168997663,0,634.88885,8.0,COPDEM30,31.78191326
RGI2000-v7.0-G-19-00235,19,19-02,G305321E61106S,1957-01-01T00:00:00,-54.68027411629359,-61.1060475,1.681253372364496,0,380.1513,1.0,COPDEM30,28.15284168
RGI2000-v7.0-G-19-00236,19,19-02,G305524E61075S,1957-01-01T00:00:00,-54.475124908099666,-61.074118999999996,0.186316867536727,0,96.0,8.0,RAMP,16.04302127
RGI2000-v7.0-G-19-00237,19,19-02,G305530E61076S,1957-01-01T00:00:00,-54.471408119737795,-61.0765495,0.1356486354726,0,211.0,4.0,RAMP,15.15627119
RGI2000-v7.0-G-19-00238,19,19-02,G305533E61073S,1957-01-01T00:00:00,-54.4681663159087,-61.07308449999999,0.103334518357773,0,77.0,2.0,RAMP,14.50039616
RGI2000-v7.0-G-19-00239,19,19-02,G305892E61194S,1957-01-01T00:00:00,-54.11148499284869,-61.1861415,17.52570001131403,0,420.0,8.0,RAMP,68.60919042
RGI2000-v7.0-G-19-00240,19,19-02,G305921E61207S,1957-01-01T00:00:00,-54.08493078913964,-61.2058085,16.834029784122816,0,680.5,3.0,RAMP,67.44101181
RGI2000-v7.0-G-19-00241,19,19-02,G305951E61169S,1957-01-01T00:00:00,-54.05381595484581,-61.1684875,8.416919927155748,0,261.50354,3.0,COPDEM30,50.61669984
RGI2000-v7.0-G-19-00242,19,19-02,G305977E61148S,1957-01-01T00:00:00,-54.021079338289965,-61.149503,2.979215728283905,0,289.15533,2.0,COPDEM30,34.16456668
RGI2000-v7.0-G-19-00243,19,19-02,G305985E61135S,1957-01-01T00:00:00,-54.01273197459349,-61.1344135,1.790490445469237,0,35.586838,3.0,COPDEM30,28.73328928
RGI2000-v7.0-G-19-00244,19,19-02,G305979E61127S,1957-01-01T00:00:00,-54.01996389638158,-61.1272255,0.262814556402072,0,0.0,1.0,COPDEM30,17.17716191
RGI2000-v7.0-G-19-00245,19,19-02,G305961E61128S,1957-01-01T00:00:00,-54.03826012875537,-61.128282999999996,0.164927462324824,0,0.009306093,1.0,COPDEM30,15.68557672
RGI2000-v7.0-G-19-00246,19,19-02,G305907E61246S,1957-01-01T00:00:00,-54.09175184412449,-61.2505595,16.638875609202206,0,747.79443,3.0,COPDEM90,67.10708905
RGI2000-v7.0-G-19-00247,19,19-02,G305903E61281S,1957-01-01T00:00:00,-54.10494161708839,-61.281476,21.05250307163322,0,811.54785,4.0,COPDEM90,74.23620943
RGI2000-v7.0-G-19-00248,19,19-02,G305843E61300S,1957-01-01T00:00:00,-54.15111083944281,-61.302193,4.357209913085593,0,284.97693,6.0,COPDEM30,39.22350326
RGI2000-v7.0-G-19-00249,19,19-02,G305822E61267S,1957-01-01T00:00:00,-54.18290934104259,-61.2658605,25.0455028743346,0,378.36157,7.0,COPDEM90,80.06367506
RGI2000-v7.0-G-19-00250,19,19-02,G299431E62575S,1957-01-01T00:00:00,-60.702155008660526,-62.55450449999999,94.08882150881249,0,173.78625,2.0,COPDEM90,100.00000000
RGI2000-v7.0-G-19-00251,19,19-02,G299193E62567S,1957-01-01T00:00:00,-60.77376097868277,-62.556002500000005,78.20743862998654,0,164.8102,8.0,COPDEM90,100.00000000
RGI2000-v7.0-G-19-00252,19,19-02,G299244E62499S,1957-01-01T00:00:00,-60.74987857554348,-62.502051,7.659015566526861,0,121.95268,1.0,COPDEM30,48.74489710
RGI2000-v7.0-G-19-00253,19,19-02,G299345E62905S,1979-01-01T00:00:00,-60.655607050380965,-62.9046395,0.066586658359014,0,116.95258,1.0,COPDEM30,13.61261471
RGI2000-v7.0-G-19-00254,19,19-02,G299340E62907S,1979-01-01T00:00:00,-60.659640577449984,-62.906839000000005,0.122795715480682,0,138.21793,8.0,COPDEM30,14.90591074
RGI2000-v7.0-G-19-00255,19,19-02,G299332E62909S,1979-01-01T00:00:00,-60.665409172098705,-62.9092715,0.147238770633502,0,126.5923,8.0,COPDEM30,15.37203863
RGI2000-v7.0-G-19-00256,19,19-02,G299306E62915S,1979-01-01T00:00:00,-60.695092189753325,-62.914703,0.576286256377903,0,141.72153,8.0,COPDEM30,20.62789284
RGI2000-v7.0-G-19-00257,19,19-02,G299308E62919S,1979-01-01T00:00:00,-60.69937335787742,-62.9192295,0.704855202033509,0,137.72284,4.0,COPDEM30,21.75379171
RGI2000-v7.0-G-19-00258,19,19-02,G299279E62935S,1979-01-01T00:00:00,-60.722229107771255,-62.9347,0.133082359004537,0,205.91757,7.0,COPDEM30,15.10726369
RGI2000-v7.0-G-19-00259,19,19-02,G299288E62937S,1979-01-01T00:00:00,-60.712419109813084,-62.9369855,0.079039924687323,0,96.655045,2.0,COPDEM30,13.93596560
RGI2000-v7.0-G-19-00260,19,19-02,G299279E62940S,1979-01-01T00:00:00,-60.72138224285269,-62.9402515,0.022295557005995,0,126.30345,3.0,COPDEM30,12.09043756
RGI2000-v7.0-G-19-00261,19,19-02,G299279E62949S,1979-01-01T00:00:00,-60.72248477184466,-62.9500465,0.217414315827426,0,202.18166,4.0,COPDEM30,16.52787913
RGI2000-v7.0-G-19-00262,19,19-02,G299267E62960S,1979-01-01T00:00:00,-60.73406795408164,-62.9596325,0.142006708486469,0,268.91757,7.0,COPDEM30,15.27572885
RGI2000-v7.0-G-19-00263,19,19-02,G299274E62962S,1979-01-01T00:00:00,-60.72753342372225,-62.9607655,0.248993385189708,0,264.51105,2.0,COPDEM30,16.98589318
RGI2000-v7.0-G-19-00264,19,19-02,G299268E62964S,1979-01-01T00:00:00,-60.72902267165482,-62.9644045,0.115275672096109,0,280.60828,7.0,COPDEM30,14.75331797
RGI2000-v7.0-G-19-00265,19,19-02,G299267E62968S,1979-01-01T00:00:00,-60.73186636649551,-62.968374999999995,0.279213021095577,0,228.53497,6.0,COPDEM30,17.39768559
RGI2000-v7.0-G-19-00266,19,19-02,G299278E62968S,1979-01-01T00:00:00,-60.72193080882353,-62.969571,0.213810412940008,0,185.55139,3.0,COPDEM30,16.47354933
RGI2000-v7.0-G-19-00267,19,19-02,G299279E62975S,1979-01-01T00:00:00,-60.721025475914644,-62.9748675,0.011527774209454,0,174.9644,4.0,COPDEM30,11.50314462
RGI2000-v7.0-G-19-00268,19,19-02,G299323E62992S,1979-01-01T00:00:00,-60.67824023297991,-62.9916585,0.030089829554003,0,233.54532,1.0,COPDEM30,12.42849884
RGI2000-v7.0-G-19-00269,19,19-02,G299319E62993S,1979-01-01T00:00:00,-60.67880056033319,-62.9934485,1.285144477359562,0,289.90735,2.0,COPDEM30,25.87098981
RGI2000-v7.0-G-19-00270,19,19-02,G299310E62999S,1979-01-01T00:00:00,-60.68592395726449,-62.9989955,3.239121478018932,0,199.76524,6.0,COPDEM30,35.19658329
RGI2000-v7.0-G-19-00271,19,19-02,G299355E62999S,1979-01-01T00:00:00,-60.65522217307692,-62.998239999999996,1.487089930904744,0,324.48352,1.0,COPDEM30,27.07248156
RGI2000-v7.0-G-19-00272,19,19-02,G299349E63009S,1979-01-01T00:00:00,-60.65156915631986,-63.008733,1.873481011061835,0,168.39856,5.0,COPDEM30,29.16252275
RGI2000-v7.0-G-19-00273,19,19-02,G299380E63011S,1979-01-01T00:00:00,-60.61813048939038,-63.0112125,2.367184364937361,0,235.33842,5.0,COPDEM30,31.53991958
RGI2000-v7.0-G-19-00274,19,19-02,G299402E63015S,1979-01-01T00:00:00,-60.598406080747,-63.013788,0.245741901122,0,176.76329,5.0,COPDEM30,16.94013059
RGI2000-v7.0-G-19-00275,19,19-02,G299414E63009S,1979-01-01T00:00:00,-60.58516362707182,-63.009350999999995,1.072910782555769,0,193.19168,4.0,COPDEM30,24.50139695
RGI2000-v7.0-G-19-00276,19,19-02,G299407E63005S,1979-01-01T00:00:00,-60.59634023258731,-63.0049075,0.058112605914565,0,340.4294,2.0,COPDEM30,13.37491789
RGI2000-v7.0-G-19-00277,19,19-02,G299398E63004S,1979-01-01T00:00:00,-60.6034773556338,-63.0037835,0.253487555019852,0,340.55676,1.0,COPDEM30,17.04865667
RGI2000-v7.0-G-19-00278,19,19-02,G299387E63001S,1979-01-01T00:00:00,-60.613708125456625,-63.0003245,0.700393312112338,0,230.77115,1.0,COPDEM30,21.71653059
RGI2000-v7.0-G-19-00279,19,19-02,G299433E63003S,1979-01-01T00:00:00,-60.567736366573705,-63.003231,0.052993997850956,0,103.17108,4.0,COPDEM30,13.22285953
RGI2000-v7.0-G-19-00280,19,19-02,G299460E62979S,1979-01-01T00:00:00,-60.543097066558445,-62.9786495,0.759135237577795,0,21.143702,5.0,COPDEM30,22.19797141
RGI2000-v7.0-G-19-00281,19,19-02,G299432E62960S,1979-01-01T00:00:00,-60.571404745239334,-62.959744,7.259061784628147,0,114.4629,6.0,COPDEM30,47.71970453
RGI2000-v7.0-G-19-00282,19,19-02,G299423E62942S,1979-01-01T00:00:00,-60.578070697073265,-62.941625,0.901622412607349,0,181.81203,6.0,COPDEM30,23.29353199
RGI2000-v7.0-G-19-00283,19,19-02,G299422E62935S,1979-01-01T00:00:00,-60.57878514662447,-62.935059,0.835118020703859,0,194.69334,7.0,COPDEM30,22.79387088
RGI2000-v7.0-G-19-00284,19,19-02,G299396E62917S,1979-01-01T00:00:00,-60.58657548709817,-62.919920000000005,5.433641846813264,0,184.32881,6.0,COPDEM30,42.63424278
RGI2000-v7.0-G-19-00285,19,19-02,G299397E62903S,1979-01-01T00:00:00,-60.584591679663134,-62.9029775,3.714298909959078,0,205.67719,1.0,COPDEM30,36.98152305
RGI2000-v7.0-G-19-00286,19,19-02,G299462E62937S,1979-01-01T00:00:00,-60.53630678846154,-62.941935,18.609704439560495,0,137.82036,3.0,COPDEM90,70.39455332
RGI2000-v7.0-G-19-00287,19,19-02,G313946E60601S,2020-02-10T00:00:00,-46.0388476700468,-60.5953985,0.555606227496536,0,123.582954,5.0,COPDEM30,20.43545977
RGI2000-v7.0-G-19-00288,19,19-02,G314197E60538S,2020-02-10T00:00:00,-45.93336566138112,-60.57248,54.04825017550077,0,376.51837,8.0,COPDEM90,100.00000000
RGI2000-v7.0-G-19-00289,19,19-02,G314100E60602S,2020-02-10T00:00:00,-45.899438071644916,-60.596149499999996,61.723806298134605,0,272.5478,5.0,COPDEM90,100.00000000
RGI2000-v7.0-G-19-00290,19,19-02,G314288E60633S,2020-02-10T00:00:00,-45.718605891531794,-60.62764,7.011676846126017,0,197.83934,6.0,COPDEM30,47.07139951
RGI2000-v7.0-G-19-00291,19,19-02,G314299E60648S,2020-02-10T00:00:00,-45.687204511152416,-60.6464065,1.454371644884922,0,176.8502,6.0,COPDEM30,26.88362646
RGI2000-v7.0-G-19-00292,19,19-02,G314329E60637S,2020-02-10T00:00:00,-45.67065806896552,-60.6367745,0.597247232262217,0,267.4134,3.0,COPDEM30,20.81944812
RGI2000-v7.0-G-19-00293,19,19-02,G314406E60640S,2020-02-10T00:00:00,-45.66416784636816,-60.60252,21.008762873039853,0,714.81055,5.0,COPDEM90,74.16944384
RGI2000-v7.0-G-19-00294,19,19-02,G314388E60607S,2020-02-10T00:00:00,-45.61215518150685,-60.6066215,0.066196618634526,0,536.37305,6.0,COPDEM30,13.60201850
RGI2000-v7.0-G-19-00295,19,19-02,G314390E60609S,2020-02-10T00:00:00,-45.60970002641452,-60.6093425,0.084654204147819,0,728.19055,7.0,COPDEM30,14.07335538
RGI2000-v7.0-G-19-00296,19,19-02,G314408E60610S,2020-02-10T00:00:00,-45.59154964741631,-60.609894499999996,7.714487953311504,0,814.8978,5.0,COPDEM30,48.88495389
RGI2000-v7.0-G-19-00297,19,19-02,G314405E60641S,2020-02-10T00:00:00,-45.569232592691705,-60.618785,10.599936382560138,0,570.5663,5.0,COPDEM30,55.58056089
RGI2000-v7.0-G-19-00298,19,19-02,G314511E60623S,2020-02-10T00:00:00,-45.497381827222966,-60.62116949999999,34.07345892962786,0,239.65211,6.0,COPDEM90,91.72146566
RGI2000-v7.0-G-19-00299,19,19-02,G314567E60585S,2020-02-10T00:00:00,-45.4356974933349,-60.5906145,8.616674799308647,0,345.04187,2.0,COPDEM30,51.09584238
RGI2000-v7.0-G-19-00300,19,19-02,G314592E60603S,2020-02-10T00:00:00,-45.413303443590934,-60.597325999999995,5.219525756218294,0,249.12532,3.0,COPDEM30,41.98479402
RGI2000-v7.0-G-19-00301,19,19-02,G314596E60626S,2020-02-10T00:00:00,-45.40658627276053,-60.6253985,10.667787354160733,0,604.5991,2.0,COPDEM30,55.72621044
RGI2000-v7.0-G-19-00302,19,19-02,G314638E60637S,2020-02-10T00:00:00,-45.36235061189231,-60.6373095,6.943344678593421,0,457.9658,2.0,COPDEM30,46.89031793
RGI2000-v7.0-G-19-00303,19,19-02,G314638E60665S,2020-02-10T00:00:00,-45.37483120573562,-60.654024,3.87647912206428,0,671.25635,6.0,COPDEM30,37.56428682
RGI2000-v7.0-G-19-00304,19,19-02,G314623E60665S,2020-02-10T00:00:00,-45.376979814754094,-60.664690500000006,0.307758359061919,0,118.73953,5.0,COPDEM30,17.76663623
RGI2000-v7.0-G-19-00305,19,19-02,G314679E60673S,2020-02-10T00:00:00,-45.32080020846601,-60.67268,2.130819641060818,0,228.01297,5.0,COPDEM30,30.43625821
RGI2000-v7.0-G-19-00306,19,19-02,G314688E60676S,2020-02-10T00:00:00,-45.29577341469795,-60.6756075,2.614748812936534,0,486.80804,6.0,COPDEM30,32.63825893
RGI2000-v7.0-G-19-00307,19,19-02,G314745E60694S,2020-02-10T00:00:00,-45.26700449813157,-60.6852045,3.896035191487025,0,473.3222,5.0,COPDEM30,37.63372754
RGI2000-v7.0-G-19-00308,19,19-02,G314742E60662S,2020-02-10T00:00:00,-45.26162899346832,-60.662394000000006,7.261768374110669,0,337.79062,3.0,COPDEM30,47.72673590
RGI2000-v7.0-G-19-00309,19,19-02,G314734E60638S,2020-02-10T00:00:00,-45.262069498236485,-60.645578,6.094379267385264,0,477.75708,3.0,COPDEM30,44.56151525
RGI2000-v7.0-G-19-00310,19,19-02,G314722E60637S,2020-02-10T00:00:00,-45.27786636044472,-60.636575,0.158075085191981,0,450.0502,1.0,COPDEM30,15.56621206
RGI2000-v7.0-G-19-00311,19,19-02,G314690E60638S,2020-02-10T00:00:00,-45.310880552148916,-60.645202999999995,8.284959451337055,0,730.44244,1.0,COPDEM30,50.29704769
RGI2000-v7.0-G-19-00312,19,19-02,G314773E60637S,2020-02-10T00:00:00,-45.220569478249345,-60.6385355,1.923936694063,0,125.32737,3.0,COPDEM30,29.41884631
RGI2000-v7.0-G-19-00313,19,19-02,G314786E60640S,2020-12-10T00:00:00,-45.20078412074009,-60.638577,0.133027553437617,0,101.46525,3.0,COPDEM30,15.10621195
RGI2000-v7.0-G-19-00314,19,19-02,G314790E60672S,2020-02-10T00:00:00,-45.210093940621995,-60.671808999999996,4.065616984112378,0,248.8429,2.0,COPDEM30,38.22872524
RGI2000-v7.0-G-19-00315,19,19-02,G314802E60688S,2020-02-10T00:00:00,-45.198371242652996,-60.685428,10.923454633648591,0,258.44122,3.0,COPDEM30,56.27090996
RGI2000-v7.0-G-19-00316,19,19-02,G314841E60681S,2020-02-10T00:00:00,-45.159352980198996,-60.681067,0.311582969999814,0,87.74543,3.0,COPDEM30,17.81474645
RGI2000-v7.0-G-19-00317,19,19-02,G314800E60709S,2020-02-10T00:00:00,-45.19696856388889,-60.711836500000004,2.86281671962565,0,144.05609,2.0,COPDEM30,33.68780439
RGI2000-v7.0-G-19-00318,19,19-02,G314806E60721S,2020-02-10T00:00:00,-45.194468101526375,-60.721276,1.10468980892894,0,171.99574,2.0,COPDEM30,24.71459148
RGI2000-v7.0-G-19-00319,19,19-02,G314808E60728S,2020-02-10T00:00:00,-45.19203147793815,-60.728297,0.202472472636259,0,312.703,6.0,COPDEM30,16.29957178
RGI2000-v7.0-G-19-00320,19,19-02,G314816E60726S,2020-02-10T00:00:00,-45.184038277498004,-60.726387,0.706760810339761,0,216.14629,3.0,COPDEM30,21.76966944
RGI2000-v7.0-G-19-00321,19,19-02,G314837E60744S,2020-02-10T00:00:00,-45.16266804371034,-60.7435525,0.904680008042997,0,121.68443,3.0,COPDEM30,23.31605353
RGI2000-v7.0-G-19-00322,19,19-02,G314840E60751S,2020-02-10T00:00:00,-45.15266128188775,-60.752887,0.16190421318514,0,100.720345,6.0,COPDEM30,15.63322517
RGI2000-v7.0-G-19-00323,19,19-02,G314854E60753S,2020-02-10T00:00:00,-45.14554793799826,-60.7527075,0.049934970916129,0,132.52695,3.0,COPDEM30,13.12845877
RGI2000-v7.0-G-19-00324,19,19-02,G314852E60751S,2020-02-10T00:00:00,-45.1368081678487,-60.755384,0.097838246783211,0,80.801476,5.0,COPDEM30,14.37907483
RGI2000-v7.0-G-19-00325,19,19-02,G314870E60756S,2020-02-10T00:00:00,-45.1297250551676,-60.755725,0.020442012015408,0,28.900259,4.0,COPDEM30,12.00165790
RGI2000-v7.0-G-19-00326,19,19-02,G314856E60778S,2020-02-10T00:00:00,-45.144324018939386,-60.7782625,0.027725910442051,0,25.879986,6.0,COPDEM30,12.33115389
RGI2000-v7.0-G-19-00327,19,19-02,G314779E60721S,2020-02-10T00:00:00,-45.223594034905844,-60.716837,0.497067286250134,0,158.28677,6.0,COPDEM30,19.87041985
RGI2000-v7.0-G-19-00328,19,19-02,G314744E60695S,2020-02-10T00:00:00,-45.23008357227722,-60.706809,0.986983092281971,0,234.47243,4.0,COPDEM30,23.90858318
RGI2000-v7.0-G-19-00329,19,19-02,G314929E60687S,2020-02-10T00:00:00,-45.0706738024771,-60.687072,1.841021517901438,0,36.5654,7.0,COPDEM30,28.99579473
RGI2000-v7.0-G-19-00330,19,19-02,G314926E60676S,2020-02-10T00:00:00,-45.07449375185874,-60.676162500000004,0.026800926247414,0,55.98686,1.0,COPDEM30,12.29193838
RGI2000-v7.0-G-19-00331,19,19-02,G314949E60673S,2020-02-10T00:00:00,-45.05361676670378,-60.6694445,6.21337961994305,0,156.48578,4.0,COPDEM30,44.89731230
RGI2000-v7.0-G-19-00332,19,19-02,G314949E60647S,2020-02-10T00:00:00,-45.05138592531087,-60.6473525,0.290950256542609,0,198.3421,3.0,COPDEM30,17.55157270
RGI2000-v7.0-G-19-00333,19,19-02,G314940E60642S,2020-02-10T00:00:00,-45.06036525616253,-60.6417955,0.423225907706094,0,259.67432,6.0,COPDEM30,19.10781411
RGI2000-v7.0-G-19-00334,19,19-02,G314943E60638S,2020-02-10T00:00:00,-45.05658044753946,-60.637751,0.279248659366517,0,392.1433,3.0,COPDEM30,17.39815769
RGI2000-v7.0-G-19-00335,19,19-02,G314932E60634S,2020-02-10T00:00:00,-45.06836593514584,-60.6335185,0.266703358162048,0,296.82422,6.0,COPDEM30,17.23006627
RGI2000-v7.0-G-19-00336,19,19-02,G314924E60633S,2020-02-10T00:00:00,-45.07622646917808,-60.633382999999995,0.02021270067376,0,39.48541,5.0,COPDEM30,11.99039929
RGI2000-v7.0-G-19-00337,19,19-02,G314970E60677S,2020-02-10T00:00:00,-45.03893655321782,-60.6915325,2.090643508028631,0,116.46345,3.0,COPDEM30,30.24268084
RGI2000-v7.0-G-19-00338,19,19-02,G314943E60696S,2020-02-10T00:00:00,-45.057233,-60.696369,1.329426970531899,0,43.80759,5.0,COPDEM30,26.14210910
RGI2000-v7.0-G-19-00339,19,19-02,G314956E60703S,2020-02-10T00:00:00,-45.044421213870734,-60.702561,0.102097442509087,0,142.6775,6.0,COPDEM30,14.47337666
RGI2000-v7.0-G-19-00340,19,19-02,G314989E60711S,2020-02-10T00:00:00,-45.02702262836583,-60.706753500000005,3.249893725037155,0,42.427094,3.0,COPDEM30,35.23844627
RGI2000-v7.0-G-19-00341,19,19-02,G315157E60718S,2020-02-10T00:00:00,-44.842574,-60.7175705,0.014407582843405,0,118.32205,1.0,COPDEM30,11.68044227
RGI2000-v7.0-G-19-00342,19,19-02,G315166E60721S,2020-02-10T00:00:00,-44.834308980432226,-60.721057,0.267078210830601,0,138.90564,3.0,COPDEM30,17.23514543
RGI2000-v7.0-G-19-00343,19,19-02,G315170E60722S,2020-02-10T00:00:00,-44.829628376858736,-60.7224025,0.013504762404751,0,96.93361,4.0,COPDEM30,11.62693990
RGI2000-v7.0-G-19-00344,19,19-02,G315170E60724S,2020-02-10T00:00:00,-44.830000770347986,-60.7240975,0.019237986094612,0,43.287952,3.0,COPDEM30,11.94181494
RGI2000-v7.0-G-19-00345,19,19-02,G315169E60726S,2020-02-10T00:00:00,-44.83098303472694,-60.726177,0.079696117746748,0,72.55876,4.0,COPDEM30,13.95227012
RGI2000-v7.0-G-19-00346,19,19-02,G315179E60733S,2020-02-10T00:00:00,-44.82081162294396,-60.7328945,0.359677806581447,0,116.33844,2.0,COPDEM30,18.39624024
RGI2000-v7.0-G-19-00347,19,19-02,G315170E60735S,2020-02-10T00:00:00,-44.82965344230769,-60.7346555,0.158808353786193,0,204.62604,5.0,COPDEM30,15.57910722
RGI2000-v7.0-G-19-00348,19,19-02,G315177E60739S,2020-02-10T00:00:00,-44.82290362069533,-60.7393665,0.080866763836803,0,300.99286,7.0,COPDEM30,13.98119149
RGI2000-v7.0-G-19-00349,19,19-02,G315197E60736S,2020-02-10T00:00:00,-44.80342644835973,-60.7358335,0.458620436484144,0,108.41062,2.0,COPDEM30,19.48101290
RGI2000-v7.0-G-19-00350,19,19-02,G315199E60742S,2020-02-10T00:00:00,-44.801191111549166,-60.741515500000006,0.835735849068992,0,153.49178,4.0,COPDEM30,22.79860252
RGI2000-v7.0-G-19-00351,19,19-02,G315223E60740S,2020-02-10T00:00:00,-44.78634166482287,-60.740595,0.913339205335304,0,106.51828,5.0,COPDEM30,23.37962945
RGI2000-v7.0-G-19-00352,19,19-02,G315207E60749S,2020-02-10T00:00:00,-44.792611836019454,-60.74942,0.015307917858273,0,85.37897,4.0,COPDEM30,11.73215239
RGI2000-v7.0-G-19-00353,19,19-02,G315238E60743S,2020-02-10T00:00:00,-44.75753574398668,-60.7435615,0.242276373177177,0,53.27087,6.0,COPDEM30,16.89102091
RGI2000-v7.0-G-19-00354,19,19-02,G315252E60737S,2020-02-10T00:00:00,-44.74423236964543,-60.742991,0.64760720091428,0,80.77704,3.0,COPDEM30,21.26636638
RGI2000-v7.0-G-19-00355,19,19-02,G315250E60751S,2020-02-10T00:00:00,-44.749678569984525,-60.750842000000006,0.033669123648178,0,85.16307,7.0,COPDEM30,12.56888074
RGI2000-v7.0-G-19-00356,19,19-02,G315252E60757S,2020-02-10T00:00:00,-44.747847381127144,-60.7574055,0.051599934573342,0,66.16155,6.0,COPDEM30,13.18018666
RGI2000-v7.0-G-19-00357,19,19-02,G315262E60757S,2020-02-10T00:00:00,-44.738338830855014,-60.757276,0.227887504702739,0,87.78142,2.0,COPDEM30,16.68325900
RGI2000-v7.0-G-19-00358,19,19-02,G315264E60763S,2020-02-10T00:00:00,-44.735535405993105,-60.7634635,0.068462151139163,0,62.929188,3.0,COPDEM30,13.66313822
RGI2000-v7.0-G-19-00359,19,19-02,G315265E60769S,2020-02-10T00:00:00,-44.73493955382503,-60.7689805,0.065045530100277,0,109.253975,2.0,COPDEM30,13.57056353
RGI2000-v7.0-G-19-00360,19,19-02,G315263E60773S,2020-02-10T00:00:00,-44.73715481996422,-60.772544499999995,0.032679897384334,0,205.34818,6.0,COPDEM30,12.53086149
RGI2000-v7.0-G-19-00361,19,19-02,G315275E60770S,2020-02-10T00:00:00,-44.725350125000006,-60.77000099999999,0.015388835451637,0,30.628565,1.0,COPDEM30,11.73672443
RGI2000-v7.0-G-19-00362,19,19-02,G315271E60735S,2017-01-09T00:00:00,-44.7262430425599,-60.732841,1.513226121981351,0,89.39789,6.0,COPDEM30,27.22185588
RGI2000-v7.0-G-19-00363,19,19-02,G315292E60725S,2017-01-09T00:00:00,-44.708189642412776,-60.7246745,1.589983709899926,0,129.57416,1.0,COPDEM30,27.65323787
RGI2000-v7.0-G-19-00364,19,19-02,G315313E60726S,2017-01-09T00:00:00,-44.686707590909094,-60.725702,0.182105497955955,0,272.7514,3.0,COPDEM30,15.97433491
RGI2000-v7.0-G-19-00365,19,19-02,G315323E60726S,2017-01-09T00:00:00,-44.67732868548386,-60.726046999999994,0.506434659626731,0,104.78728,1.0,COPDEM30,19.96299118
RGI2000-v7.0-G-19-00366,19,19-02,G315342E60737S,2017-01-09T00:00:00,-44.680267994193045,-60.737890500000006,3.695527271665331,0,107.3584,6.0,COPDEM30,36.91325594
RGI2000-v7.0-G-19-00367,19,19-02,G315351E60739S,2017-01-09T00:00:00,-44.64897378366614,-60.738738999999995,2.4610019247002,0,153.35974,5.0,COPDEM30,31.96261317
RGI2000-v7.0-G-19-00368,19,19-02,G315362E60744S,2017-01-09T00:00:00,-44.63763887239509,-60.7441445,1.014789882267205,0,135.23097,6.0,COPDEM30,24.10314918
RGI2000-v7.0-G-19-00369,19,19-02,G315377E60747S,2017-01-09T00:00:00,-44.62305958813201,-60.747378499999996,1.123598346449876,0,101.10982,5.0,COPDEM30,24.83998908
RGI2000-v7.0-G-19-00370,19,19-02,G315381E60741S,2017-01-09T00:00:00,-44.606108325336756,-60.744355,1.437117076968118,0,159.93127,4.0,COPDEM30,26.78317452
RGI2000-v7.0-G-19-00371,19,19-02,G315415E60743S,2017-01-09T00:00:00,-44.58333702447865,-60.740444499999995,5.17852036054251,0,138.30415,4.0,COPDEM30,41.85890756
RGI2000-v7.0-G-19-00372,19,19-02,G315408E60755S,2017-01-09T00:00:00,-44.59196598152728,-60.754587,0.138909299489488,0,212.07678,4.0,COPDEM30,15.21787531
RGI2000-v7.0-G-19-00373,19,19-02,G315452E60751S,2017-01-09T00:00:00,-44.54798421355136,-60.750681,0.064974069483643,0,125.70763,3.0,COPDEM30,13.56860163
RGI2000-v7.0-G-19-00374,19,19-02,G315425E60729S,2017-01-09T00:00:00,-44.57092984295261,-60.720929,5.642522413108797,0,183.5907,8.0,COPDEM30,43.25559191
RGI2000-v7.0-G-19-00375,19,19-02,G315478E60709S,2017-01-09T00:00:00,-44.53707715982958,-60.719100499999996,4.726078897963688,0,196.52866,4.0,COPDEM30,40.43536535
RGI2000-v7.0-G-19-00376,19,19-02,G315448E60703S,2017-01-09T00:00:00,-44.547088560502885,-60.706679,3.795916156847515,0,149.55626,1.0,COPDEM30,37.27635545
RGI2000-v7.0-G-19-00377,19,19-02,G315428E60696S,2017-01-09T00:00:00,-44.572304142561975,-60.695748,1.619512326025216,0,89.27675,7.0,COPDEM30,27.81640861
RGI2000-v7.0-G-19-00378,19,19-02,G315458E60687S,2017-01-09T00:00:00,-44.541571990813466,-60.687201,0.042975669992619,0,53.18283,4.0,COPDEM30,12.90228037
RGI2000-v7.0-G-19-00379,19,19-02,G315457E60682S,2017-01-09T00:00:00,-44.54347605053191,-60.682091,0.166893825677065,0,65.52465,3.0,COPDEM30,15.71936971
RGI2000-v7.0-G-19-00380,19,19-02,G315453E60669S,2017-01-09T00:00:00,-44.5470157010969,-60.66905250000001,0.099313463822608,0,59.57346,3.0,COPDEM30,14.41196542
RGI2000-v7.0-G-19-00381,19,19-02,G315499E60697S,2017-01-09T00:00:00,-44.50307116875978,-60.691657500000005,7.560777641816496,0,131.35008,1.0,COPDEM30,48.49561557
RGI2000-v7.0-G-19-00382,19,19-02,G315540E60707S,2017-01-09T00:00:00,-44.47499532185749,-60.705216,2.655689298210581,0,80.128365,4.0,COPDEM30,32.81480007
RGI2000-v7.0-G-19-00383,19,19-02,G315576E60717S,2017-01-09T00:00:00,-44.42399416477468,-60.716845,0.095198782588276,0,83.478714,4.0,COPDEM30,14.31960199
RGI2000-v7.0-G-19-00384,19,19-02,G315585E60718S,2017-01-09T00:00:00,-44.41479312262037,-60.717892,0.119576319368693,0,143.90996,6.0,COPDEM30,14.84117327
RGI2000-v7.0-G-19-00385,19,19-02,G315372E60723S,2017-01-09T00:00:00,-44.62512798402758,-60.7286115,3.837249614213841,0,278.11554,2.0,COPDEM30,37.42445851
RGI2000-v7.0-G-19-00386,19,19-02,G315366E60718S,2017-01-09T00:00:00,-44.63365141245488,-60.717558499999996,0.408709926299143,0,199.66254,2.0,COPDEM30,18.95025952
RGI2000-v7.0-G-19-00387,19,19-02,G315363E60712S,2017-01-09T00:00:00,-44.63674484596598,-60.711852,0.802232799627797,0,123.50955,2.0,COPDEM30,22.53944292
RGI2000-v7.0-G-19-00388,19,19-02,G315359E60699S,2017-01-09T00:00:00,-44.647236428947366,-60.7045255,0.603264402177073,0,96.79086,2.0,COPDEM30,20.87381363
RGI2000-v7.0-G-19-00389,19,19-02,G315344E60697S,2017-01-09T00:00:00,-44.65642744239504,-60.696754,1.002117312451055,0,92.17228,2.0,COPDEM30,24.01481335
RGI2000-v7.0-G-19-00390,19,19-02,G315330E60699S,2017-01-09T00:00:00,-44.66979564437885,-60.6992235,0.333108072330469,0,103.403564,6.0,COPDEM30,18.08017216
RGI2000-v7.0-G-19-00391,19,19-02,G315324E60694S,2017-01-09T00:00:00,-44.675898820434625,-60.693721999999994,0.450317460171956,0,75.46531,7.0,COPDEM30,19.39479761
RGI2000-v7.0-G-19-00392,19,19-02,G315335E60690S,2017-01-09T00:00:00,-44.66521331493507,-60.6900565,0.144493445919534,0,73.92415,2.0,COPDEM30,15.32172109
RGI2000-v7.0-G-19-00393,19,19-02,G315331E60685S,2017-01-09T00:00:00,-44.6691296176422,-60.68515,0.445024991081338,0,91.667595,3.0,COPDEM30,19.33942708
RGI2000-v7.0-G-19-00394,19,19-02,G315317E60687S,2017-01-09T00:00:00,-44.682753428445466,-60.687197499999996,0.453581515318465,0,97.46727,6.0,COPDEM30,19.42878449
RGI2000-v7.0-G-19-00395,19,19-02,G315321E60680S,2020-02-10T00:00:00,-44.67931710344827,-60.679553999999996,0.025329630531264,0,238.4823,7.0,COPDEM30,12.22813994
RGI2000-v7.0-G-19-00396,19,19-02,G315324E60679S,2020-02-10T00:00:00,-44.67613976638078,-60.678902,0.043232954993087,0,188.38226,2.0,COPDEM30,12.91095503
RGI2000-v7.0-G-19-00397,19,19-02,G315315E60678S,2017-01-09T00:00:00,-44.685045050106,-60.677791,0.238160125035297,0,60.631298,6.0,COPDEM30,16.83223130
RGI2000-v7.0-G-19-00398,19,19-02,G315332E60727S,2017-01-09T00:00:00,-44.65499009200256,-60.7172705,3.636550728970911,0,134.0011,7.0,COPDEM30,36.69763928
RGI2000-v7.0-G-19-00399,19,19-02,G315236E60736S,2020-02-10T00:00:00,-44.76367020235149,-60.736307,0.469623046146323,0,200.18088,2.0,COPDEM30,19.59406676
RGI2000-v7.0-G-19-00400,19,19-02,G315221E60732S,2020-02-10T00:00:00,-44.77880069624575,-60.7317515,0.036204802405656,0,209.90219,1.0,COPDEM30,12.66385834
RGI2000-v7.0-G-19-00401,19,19-02,G315157E60620S,2020-02-10T00:00:00,-44.84323515936255,-60.619892,0.12519342228217,0,148.85654,6.0,COPDEM30,14.95357555
RGI2000-v7.0-G-19-00402,19,19-02,G314569E60568S,2020-02-10T00:00:00,-45.431488377441866,-60.567910999999995,2.299105006648413,0,290.75003,3.0,COPDEM30,31.22791985
RGI2000-v7.0-G-19-00403,19,19-02,G314544E60563S,2020-02-10T00:00:00,-45.45628661127378,-60.562577000000005,2.078031665281802,0,338.45685,2.0,COPDEM30,30.18153132
RGI2000-v7.0-G-19-00404,19,19-02,G314530E60563S,2020-02-10T00:00:00,-45.47344363098367,-60.5622685,5.746299641904151,0,498.16208,2.0,COPDEM30,43.56001683
RGI2000-v7.0-G-19-00405,19,19-02,G314449E60582S,2020-02-10T00:00:00,-45.55387357708071,-60.572365,28.768873193772148,0,515.6209,1.0,COPDEM90,85.09127210
RGI2000-v7.0-G-19-00406,19,19-02,G314264E60544S,2020-02-10T00:00:00,-45.69138357997697,-60.549804,40.48766548362938,0,522.1438,1.0,COPDEM90,99.08188612
RGI2000-v7.0-G-19-00407,19,19-02,G314384E60684S,2020-02-10T00:00:00,-45.615917514765485,-60.683741,0.025818112645146,0,178.2746,4.0,COPDEM30,12.24952219
RGI2000-v7.0-G-19-00408,19,19-02,G314376E60692S,2020-02-10T00:00:00,-45.62328996283784,-60.690131,0.069877732427346,0,82.80679,4.0,COPDEM30,13.70081553
RGI2000-v7.0-G-19-00409,19,19-02,G314375E60697S,2020-02-10T00:00:00,-45.627254794792584,-60.6966215,0.085180141083872,0,139.75461,3.0,COPDEM30,14.08598919
RGI2000-v7.0-G-19-00410,19,19-02,G314376E60699S,2020-02-10T00:00:00,-45.62397310014267,-60.698833,0.038778881613311,0,142.18037,5.0,COPDEM30,12.75692960
RGI2000-v7.0-G-19-00411,19,19-02,G314377E60701S,2020-02-10T00:00:00,-45.6232715218254,-60.700505,0.021181846947397,0,99.327805,5.0,COPDEM30,12.03755785
RGI2000-v7.0-G-19-00412,19,19-02,G314363E60712S,2020-02-10T00:00:00,-45.628363714656246,-60.7133295,3.904080425962519,0,161.57585,4.0,COPDEM30,37.66224437
RGI2000-v7.0-G-19-00413,19,19-02,G314364E60727S,2020-02-10T00:00:00,-45.636473920251234,-60.726684,0.219368297900692,0,100.99775,4.0,COPDEM30,16.55714773
RGI2000-v7.0-G-19-00414,19,19-02,G314363E60731S,2020-02-10T00:00:00,-45.63735927969893,-60.731359,0.093124013080019,0,119.90024,4.0,COPDEM30,14.27227183
RGI2000-v7.0-G-19-00415,19,19-02,G314356E60731S,2020-02-10T00:00:00,-45.64379815065274,-60.731131500000004,0.087559204043325,0,130.91776,4.0,COPDEM30,14.14265663
RGI2000-v7.0-G-19-00416,19,19-02,G314353E60724S,2020-02-10T00:00:00,-45.64936947440088,-60.7242085,0.026663024545507,0,61.177307,7.0,COPDEM30,12.28603430
RGI2000-v7.0-G-19-00417,19,19-03,G322069E54012S,2003-02-07T00:00:00,-37.93144192073171,-54.012036,0.090551111829904,0,488.2199,1.0,COPDEM30,14.21283965
RGI2000-v7.0-G-19-00418,19,19-03,G322079E54010S,2003-02-07T00:00:00,-37.91978662647059,-54.010267999999996,0.160070895967073,0,619.195,8.0,COPDEM30,15.60124054
RGI2000-v7.0-G-19-00419,19,19-03,G322085E54008S,2003-02-07T00:00:00,-37.91336444759763,-54.007945,0.3099208166222,0,382.13562,1.0,COPDEM30,17.79387452
RGI2000-v7.0-G-19-00420,19,19-03,G322092E54014S,2003-02-07T00:00:00,-37.90744902135294,-54.01391,0.290266899087329,0,529.3907,4.0,COPDEM30,17.54269927
RGI2000-v7.0-G-19-00421,19,19-03,G322087E54016S,2003-02-07T00:00:00,-37.912989228160654,-54.0159615,0.126268947997291,0,458.0093,4.0,COPDEM30,14.97480792
RGI2000-v7.0-G-19-00422,19,19-03,G322078E54015S,2003-02-07T00:00:00,-37.91979353456803,-54.0153095,0.544214332917118,0,520.57806,6.0,COPDEM30,20.32792376
RGI2000-v7.0-G-19-00423,19,19-03,G322098E54011S,2003-02-07T00:00:00,-37.90169099461525,-54.0115385,0.314090112501108,0,556.67114,3.0,COPDEM30,17.84612401
RGI2000-v7.0-G-19-00424,19,19-03,G322106E54011S,2003-02-07T00:00:00,-37.894501145765474,-54.010537,0.081390042756045,0,335.83762,3.0,COPDEM30,13.99405162
RGI2000-v7.0-G-19-00425,19,19-03,G322132E54012S,2002-05-02T00:00:00,-37.870634004470936,-54.011842,0.682876013882292,0,350.64954,2.0,COPDEM30,21.56908375
RGI2000-v7.0-G-19-00426,19,19-03,G322125E54020S,2003-02-07T00:00:00,-37.871467548611115,-54.0199925,0.978172496506557,0,447.57654,8.0,COPDEM30,23.84636448
RGI2000-v7.0-G-19-00427,19,19-03,G322143E54019S,2002-05-02T00:00:00,-37.85616201474223,-54.0201105,0.910972702113536,0,294.5827,3.0,COPDEM30,23.36228460
RGI2000-v7.0-G-19-00428,19,19-03,G322149E54026S,2002-05-02T00:00:00,-37.85001415666667,-54.0250895,0.421211679896462,0,408.8638,2.0,COPDEM30,19.08611519
RGI2000-v7.0-G-19-00429,19,19-03,G322151E54028S,2003-02-07T00:00:00,-37.84882236346609,-54.027817,0.115725329662732,0,420.42477,5.0,COPDEM30,14.76257962
RGI2000-v7.0-G-19-00430,19,19-03,G322144E54032S,2003-02-07T00:00:00,-37.856936732852205,-54.03214,0.642984586811307,0,360.2572,3.0,COPDEM30,21.22608476
RGI2000-v7.0-G-19-00431,19,19-03,G322137E54040S,2003-02-07T00:00:00,-37.862612936989905,-54.039769,0.300093581167598,0,401.96042,4.0,COPDEM30,17.66931170
RGI2000-v7.0-G-19-00432,19,19-03,G322124E54032S,2003-02-07T00:00:00,-37.8737017443129,-54.031749500000004,0.073979604897062,0,340.3906,5.0,COPDEM30,13.80788689
RGI2000-v7.0-G-19-00433,19,19-03,G322126E54028S,2003-02-07T00:00:00,-37.88350160035118,-54.0296145,1.516013574321365,0,463.56372,6.0,COPDEM30,27.23771042
RGI2000-v7.0-G-19-00434,19,19-03,G322164E54028S,2003-02-07T00:00:00,-37.831084863138685,-54.028407,0.128258081288249,0,363.8334,5.0,COPDEM30,15.01383924
RGI2000-v7.0-G-19-00435,19,19-03,G322170E54027S,2002-05-02T00:00:00,-37.82805829310345,-54.027249,0.250031796372978,0,351.0084,1.0,COPDEM30,17.00044514
RGI2000-v7.0-G-19-00436,19,19-03,G322213E54026S,2003-02-07T00:00:00,-37.78719820522825,-54.0263315,0.509483449347125,0,452.86365,6.0,COPDEM30,19.99293531
RGI2000-v7.0-G-19-00437,19,19-03,G322225E54023S,2002-05-02T00:00:00,-37.77460611580658,-54.0225545,0.0532359808375,0,626.3533,1.0,COPDEM30,13.23020932
RGI2000-v7.0-G-19-00438,19,19-03,G322221E54021S,2002-05-02T00:00:00,-37.77487959843921,-54.018751,0.568220944381474,0,312.4012,1.0,COPDEM30,20.55326040
RGI2000-v7.0-G-19-00439,19,19-03,G322228E54028S,2003-02-07T00:00:00,-37.77004627153558,-54.028116999999995,0.872434753889415,0,495.27225,5.0,COPDEM30,23.07659022
RGI2000-v7.0-G-19-00440,19,19-03,G322245E54020S,2002-05-02T00:00:00,-37.75529833519179,-54.020732499999994,2.286018458247645,0,411.94238,1.0,COPDEM30,31.16741878
RGI2000-v7.0-G-19-00441,19,19-03,G322247E54010S,2002-05-02T00:00:00,-37.75278650872093,-54.0101905,0.085435485795666,0,70.87161,2.0,COPDEM30,14.09210890
RGI2000-v7.0-G-19-00442,19,19-03,G322263E54007S,2002-05-02T00:00:00,-37.73609045464393,-54.00631,0.987804366296339,0,268.70065,7.0,COPDEM30,23.91436868
RGI2000-v7.0-G-19-00443,19,19-03,G322275E54009S,2003-02-07T00:00:00,-37.72782325083057,-54.010008,1.137135673728785,0,325.36206,4.0,COPDEM30,24.92911893
RGI2000-v7.0-G-19-00444,19,19-03,G322271E54019S,2003-02-07T00:00:00,-37.729570906633896,-54.019383000000005,0.11355338764367,0,179.55417,3.0,COPDEM30,14.71767570
RGI2000-v7.0-G-19-00445,19,19-03,G322266E54025S,2003-02-07T00:00:00,-37.73603650216465,-54.0240215,1.102183887469774,0,328.71698,4.0,COPDEM30,24.69789243
RGI2000-v7.0-G-19-00446,19,19-03,G322264E54031S,2003-02-07T00:00:00,-37.73756599468085,-54.03,0.188512620336851,0,326.9773,4.0,COPDEM30,16.07852561
RGI2000-v7.0-G-19-00447,19,19-03,G322252E54034S,2003-02-07T00:00:00,-37.749778602492775,-54.0332175,2.257885427665287,0,305.39542,4.0,COPDEM30,31.03676648
RGI2000-v7.0-G-19-00448,19,19-03,G322275E54035S,2003-02-07T00:00:00,-37.72542710838575,-54.034386,0.476062798965523,0,267.8393,6.0,COPDEM30,19.65962259
RGI2000-v7.0-G-19-00449,19,19-03,G322284E54033S,2003-02-07T00:00:00,-37.71546642035257,-54.032706,0.217249219160023,0,428.71335,2.0,COPDEM30,16.52540014
RGI2000-v7.0-G-19-00450,19,19-03,G322300E54024S,2003-02-07T00:00:00,-37.70367848029532,-54.023281,0.445009239703018,0,406.47098,3.0,COPDEM30,19.33926180
RGI2000-v7.0-G-19-00451,19,19-03,G322316E54025S,2003-02-07T00:00:00,-37.685788317961915,-54.026292,0.329944476594998,0,408.39444,3.0,COPDEM30,18.04171110
RGI2000-v7.0-G-19-00452,19,19-03,G322358E54030S,2003-02-07T00:00:00,-37.641882583249156,-54.030275,0.141635777499391,0,372.34113,8.0,COPDEM30,15.26883406
RGI2000-v7.0-G-19-00453,19,19-03,G322367E54031S,2003-02-07T00:00:00,-37.63454980104712,-54.0318555,0.211889485333408,0,271.16797,4.0,COPDEM30,16.44440371
RGI2000-v7.0-G-19-00454,19,19-03,G322374E54028S,2003-02-07T00:00:00,-37.62560186406721,-54.027854000000005,0.059401210990852,0,246.69879,2.0,COPDEM30,13.41213091
RGI2000-v7.0-G-19-00455,19,19-03,G322368E54026S,2003-02-07T00:00:00,-37.63147565625,-54.0252405,0.111310073700743,0,302.64764,2.0,COPDEM30,14.67084301
RGI2000-v7.0-G-19-00456,19,19-03,G322433E54029S,2003-02-07T00:00:00,-37.567149811862244,-54.0289435,0.17213842616455,0,352.90854,2.0,COPDEM30,15.80853953
RGI2000-v7.0-G-19-00457,19,19-03,G322457E54035S,2003-02-07T00:00:00,-37.544447925612914,-54.0333935,0.403036663118289,0,351.96167,8.0,COPDEM30,18.88792360
RGI2000-v7.0-G-19-00458,19,19-03,G322463E54031S,2003-02-07T00:00:00,-37.53674654404762,-54.0308325,0.589590793193145,0,303.72824,1.0,COPDEM30,20.74987421
RGI2000-v7.0-G-19-00459,19,19-03,G322481E54037S,2003-02-07T00:00:00,-37.52079277988054,-54.0358805,1.374986072859497,0,350.9497,2.0,COPDEM30,26.41637202
RGI2000-v7.0-G-19-00460,19,19-03,G322501E54037S,2003-02-07T00:00:00,-37.49823529805014,-54.037071,0.107483316450971,0,204.88197,1.0,COPDEM30,14.58985076
RGI2000-v7.0-G-19-00461,19,19-03,G322511E54036S,2003-02-07T00:00:00,-37.48864630322521,-54.036485,0.047483695985849,0,362.16528,1.0,COPDEM30,13.05070556
RGI2000-v7.0-G-19-00462,19,19-03,G322524E54038S,2003-02-07T00:00:00,-37.481528628196024,-54.0316065,0.643424675714807,0,213.91768,2.0,COPDEM30,21.22992593
RGI2000-v7.0-G-19-00463,19,19-03,G322519E54042S,2003-02-07T00:00:00,-37.480213910510514,-54.04156,0.032927230943522,0,215.51035,6.0,COPDEM30,12.54042069
RGI2000-v7.0-G-19-00464,19,19-03,G322525E54043S,2003-02-07T00:00:00,-37.47616083425284,-54.043139499999995,0.066001705332097,0,188.63914,5.0,COPDEM30,13.59671159
RGI2000-v7.0-G-19-00465,19,19-03,G322487E54065S,2003-02-07T00:00:00,-37.51706437958482,-54.065149500000004,15.360411557093478,0,312.09464,3.0,COPDEM90,64.86930531
RGI2000-v7.0-G-19-00466,19,19-03,G322532E54079S,2003-02-07T00:00:00,-37.47250265616651,-54.0771825,1.910089012819782,0,341.8435,1.0,COPDEM30,29.34883579
RGI2000-v7.0-G-19-00467,19,19-03,G322568E54083S,2003-02-07T00:00:00,-37.43087693830665,-54.084402499999996,5.57037826177778,0,217.09726,2.0,COPDEM30,43.04230832
RGI2000-v7.0-G-19-00468,19,19-03,G322523E54106S,2003-02-07T00:00:00,-37.454655852901894,-54.1075405,32.17680630995997,0,389.25726,5.0,COPDEM90,89.41444476
RGI2000-v7.0-G-19-00469,19,19-03,G322559E54126S,2003-02-07T00:00:00,-37.441853863583816,-54.12587499999999,0.105504646072086,0,555.6494,8.0,COPDEM30,14.54740702
RGI2000-v7.0-G-19-00470,19,19-03,G322577E54128S,2003-02-07T00:00:00,-37.426077854669316,-54.127669999999995,3.515026982218153,0,484.86627,5.0,COPDEM30,36.24776731
RGI2000-v7.0-G-19-00471,19,19-03,G322610E54131S,2003-02-07T00:00:00,-37.389650881594974,-54.1308615,10.146078584891582,0,467.10403,5.0,COPDEM30,54.59407363
RGI2000-v7.0-G-19-00472,19,19-03,G322637E54135S,2003-02-07T00:00:00,-37.36614473682608,-54.1347095,1.838291065590301,0,528.3405,6.0,COPDEM30,28.98170300
RGI2000-v7.0-G-19-00473,19,19-03,G322662E54132S,2003-02-07T00:00:00,-37.33869560251238,-54.1340735,3.124278322903432,0,551.3172,5.0,COPDEM30,34.74587948
RGI2000-v7.0-G-19-00474,19,19-03,G322679E54135S,2003-02-07T00:00:00,-37.320566357245895,-54.1349695,0.600159091445751,0,592.60693,5.0,COPDEM30,20.84579098
RGI2000-v7.0-G-19-00475,19,19-03,G322696E54136S,2003-02-07T00:00:00,-37.30151205767581,-54.1359145,1.268172676207714,0,481.59726,4.0,COPDEM30,25.76584424
RGI2000-v7.0-G-19-00476,19,19-03,G322730E54127S,2003-02-07T00:00:00,-37.251113877704924,-54.127335,7.606316386490586,0,382.63892,5.0,COPDEM30,48.61137153
RGI2000-v7.0-G-19-00477,19,19-03,G322757E54106S,2003-02-07T00:00:00,-37.24375043571429,-54.107659,14.617844786598667,0,335.44547,1.0,COPDEM90,63.52660626
RGI2000-v7.0-G-19-00478,19,19-03,G322728E54095S,2003-02-07T00:00:00,-37.26280771879845,-54.0912855,1.061793072684625,0,336.41693,3.0,COPDEM30,24.42606815
RGI2000-v7.0-G-19-00479,19,19-03,G322723E54087S,2003-02-07T00:00:00,-37.276609111111114,-54.0867115,0.050519575239784,0,390.3703,8.0,COPDEM30,13.14671841
RGI2000-v7.0-G-19-00480,19,19-03,G322727E54083S,2003-02-07T00:00:00,-37.278861517636486,-54.082974500000006,0.101399902754739,0,348.86728,7.0,COPDEM30,14.45806919
RGI2000-v7.0-G-19-00481,19,19-03,G322733E54080S,2003-02-07T00:00:00,-37.266672788024266,-54.080027,0.26617219453854,0,405.73145,3.0,COPDEM30,17.22286301
RGI2000-v7.0-G-19-00482,19,19-03,G322731E54074S,2003-02-07T00:00:00,-37.26873996647728,-54.074144,0.03827311806893,0,307.83273,3.0,COPDEM30,12.73889232
RGI2000-v7.0-G-19-00483,19,19-03,G322717E54095S,2003-02-07T00:00:00,-37.2828768536479,-54.0949075,0.697767410669232,0,394.0035,1.0,COPDEM30,21.69454627
RGI2000-v7.0-G-19-00484,19,19-03,G322704E54105S,2003-02-07T00:00:00,-37.29591263712297,-54.104549,0.19763948592048,0,648.7903,8.0,COPDEM30,16.22393278
RGI2000-v7.0-G-19-00485,19,19-03,G322681E54100S,2003-02-07T00:00:00,-37.328787891593606,-54.098732999999996,21.350381304070837,0,300.18423,2.0,COPDEM90,74.68906195
RGI2000-v7.0-G-19-00486,19,19-03,G322649E54093S,2003-02-07T00:00:00,-37.35440544276196,-54.092653,0.283595429511759,0,482.7274,2.0,COPDEM30,17.45551502
RGI2000-v7.0-G-19-00487,19,19-03,G322649E54085S,2003-02-07T00:00:00,-37.35217470532646,-54.0842405,1.073872988848931,0,276.234,2.0,COPDEM30,24.50789805
RGI2000-v7.0-G-19-00488,19,19-03,G322618E54088S,2003-02-07T00:00:00,-37.38055961771387,-54.087615,17.999503174370318,0,254.58752,2.0,COPDEM90,69.39614989
RGI2000-v7.0-G-19-00489,19,19-03,G322640E54103S,2003-02-07T00:00:00,-37.358444072605444,-54.1044265,0.194354887169168,0,608.7392,7.0,COPDEM30,16.17199788
RGI2000-v7.0-G-19-00490,19,19-03,G322679E54185S,2003-02-07T00:00:00,-37.32082036415558,-54.1839005,1.625518451827197,0,291.3678,1.0,COPDEM30,27.84941502
RGI2000-v7.0-G-19-00491,19,19-03,G322698E54188S,2003-02-07T00:00:00,-37.30127707074762,-54.1884655,4.118303796772431,0,567.96375,1.0,COPDEM30,38.41104616
RGI2000-v7.0-G-19-00492,19,19-03,G322723E54185S,2003-02-07T00:00:00,-37.276853681253016,-54.184341,4.299855155563712,0,600.52295,1.0,COPDEM30,39.03052894
RGI2000-v7.0-G-19-00493,19,19-03,G322738E54175S,2003-02-07T00:00:00,-37.26347411740251,-54.174208,1.188233547634499,0,569.578,8.0,COPDEM30,25.26085762
RGI2000-v7.0-G-19-00494,19,19-03,G322751E54173S,2003-02-07T00:00:00,-37.250377827586206,-54.17317,0.92887164291376,0,596.9608,1.0,COPDEM30,23.49291822
RGI2000-v7.0-G-19-00495,19,19-03,G322759E54170S,2003-02-07T00:00:00,-37.243294396162526,-54.170972500000005,0.268230785734187,0,450.8037,1.0,COPDEM30,17.25074024
RGI2000-v7.0-G-19-00496,19,19-03,G322752E54166S,2003-02-07T00:00:00,-37.24728912693391,-54.1657575,0.049080615327252,0,46.167118,1.0,COPDEM30,13.10158034
RGI2000-v7.0-G-19-00497,19,19-03,G322785E54136S,2003-02-07T00:00:00,-37.21570086136825,-54.1359175,5.729949629366412,0,285.7505,6.0,COPDEM30,43.51223847
RGI2000-v7.0-G-19-00498,19,19-03,G322809E54110S,2003-02-07T00:00:00,-37.19952085344164,-54.110417,6.080289512662438,0,237.31937,2.0,COPDEM30,44.52154030
RGI2000-v7.0-G-19-00499,19,19-03,G322809E54102S,2003-02-07T00:00:00,-37.19111400691207,-54.1014955,0.084484256840053,0,290.8338,4.0,COPDEM30,14.06926459
RGI2000-v7.0-G-19-00500,19,19-03,G322808E54098S,2003-02-07T00:00:00,-37.192615312499996,-54.09789,0.132064872499462,0,600.2187,4.0,COPDEM30,15.08770233
RGI2000-v7.0-G-19-00501,19,19-03,G322811E54088S,2003-02-07T00:00:00,-37.190757844576716,-54.087993499999996,1.720141810772164,0,307.87384,2.0,COPDEM30,28.36158476
RGI2000-v7.0-G-19-00502,19,19-03,G322825E54092S,2003-02-07T00:00:00,-37.172942243421055,-54.091739000000004,0.616579378195102,0,300.3728,4.0,COPDEM30,20.99315961
RGI2000-v7.0-G-19-00503,19,19-03,G322836E54088S,2003-02-07T00:00:00,-37.164214316469284,-54.087627499999996,0.111659593328208,0,248.8445,3.0,COPDEM30,14.67817061
RGI2000-v7.0-G-19-00504,19,19-03,G322836E54083S,2003-02-07T00:00:00,-37.16432954470588,-54.082537,0.206580854045211,0,180.49039,4.0,COPDEM30,16.36316332
RGI2000-v7.0-G-19-00505,19,19-03,G322838E54079S,2003-02-07T00:00:00,-37.16254551730769,-54.078685,0.173073106548595,0,292.9677,4.0,COPDEM30,15.82428784
RGI2000-v7.0-G-19-00506,19,19-03,G322843E54074S,2003-02-07T00:00:00,-37.15721236864407,-54.0744475,0.116277733312375,0,231.72397,3.0,COPDEM30,14.77393294
RGI2000-v7.0-G-19-00507,19,19-03,G322834E54073S,2003-02-07T00:00:00,-37.165469704545444,-54.073175000000006,0.034061517248086,0,402.95123,1.0,COPDEM30,12.58380676
RGI2000-v7.0-G-19-00508,19,19-03,G322855E54075S,2003-02-07T00:00:00,-37.144791276848984,-54.0744895,0.074126503087973,0,223.13968,3.0,COPDEM30,13.81166559
RGI2000-v7.0-G-19-00509,19,19-03,G322843E54054S,2003-02-07T00:00:00,-37.15794270234709,-54.0540545,0.078072900364734,0,258.65262,4.0,COPDEM30,13.91181396
RGI2000-v7.0-G-19-00510,19,19-03,G322832E54056S,2003-02-07T00:00:00,-37.16824971813746,-54.056203,0.168558465952888,0,229.46365,4.0,COPDEM30,15.74782214
RGI2000-v7.0-G-19-00511,19,19-03,G322787E54067S,2003-02-07T00:00:00,-37.210679145959155,-54.065864000000005,0.183758635218058,0,256.01846,3.0,COPDEM30,16.00139088
RGI2000-v7.0-G-19-00512,19,19-03,G322789E54072S,2003-02-07T00:00:00,-37.21096771052632,-54.071943000000005,0.093016013996895,0,302.7058,3.0,COPDEM30,14.26979376
RGI2000-v7.0-G-19-00513,19,19-03,G322796E54082S,2003-02-07T00:00:00,-37.21168492191704,-54.080148,0.597015166455514,0,287.99554,2.0,COPDEM30,20.81734591
RGI2000-v7.0-G-19-00514,19,19-03,G322789E54086S,2003-02-07T00:00:00,-37.21130211299435,-54.085646999999994,0.341813099187928,0,311.45215,8.0,COPDEM30,18.18506979
RGI2000-v7.0-G-19-00515,19,19-03,G322831E54110S,2003-02-07T00:00:00,-37.17006266543513,-54.10943,0.050586633758373,0,197.56573,4.0,COPDEM30,13.14880616
RGI2000-v7.0-G-19-00516,19,19-03,G322828E54111S,2003-02-07T00:00:00,-37.173339514536345,-54.111267999999995,0.06301366360557,0,230.85333,3.0,COPDEM30,13.51435315
RGI2000-v7.0-G-19-00517,19,19-03,G322822E54115S,2003-02-07T00:00:00,-37.179272632552866,-54.1153835,0.36592538976749,0,283.85474,3.0,COPDEM30,18.46884741
RGI2000-v7.0-G-19-00518,19,19-03,G322901E54125S,2003-02-07T00:00:00,-37.09888906374171,-54.124772500000006,0.184159196215758,0,237.02594,1.0,COPDEM30,16.00792830
RGI2000-v7.0-G-19-00519,19,19-03,G322928E54127S,2003-02-07T00:00:00,-37.07386789136363,-54.1275995,3.092058779059758,0,383.56204,2.0,COPDEM30,34.61795119
RGI2000-v7.0-G-19-00520,19,19-03,G322944E54129S,2003-02-07T00:00:00,-37.05665175860303,-54.128629000000004,0.153452642564652,0,433.03693,3.0,COPDEM30,15.48422446
RGI2000-v7.0-G-19-00521,19,19-03,G322965E54106S,2003-02-07T00:00:00,-37.03518921306818,-54.10548,0.039406515900559,0,235.22508,4.0,COPDEM30,12.77915043
RGI2000-v7.0-G-19-00522,19,19-03,G322955E54102S,2003-02-07T00:00:00,-37.04535124446086,-54.1024955,0.152886517542201,0,273.0407,5.0,COPDEM30,15.47409878
RGI2000-v7.0-G-19-00523,19,19-03,G322945E54093S,2003-02-07T00:00:00,-37.055103030000005,-54.092642,1.811226680693477,0,353.35324,5.0,COPDEM30,28.84145508
RGI2000-v7.0-G-19-00524,19,19-03,G322960E54093S,2003-02-07T00:00:00,-37.04567222053201,-54.090541,0.289260788766843,0,335.12,4.0,COPDEM30,17.52961583
RGI2000-v7.0-G-19-00525,19,19-03,G322955E54086S,2003-02-07T00:00:00,-37.050693497414024,-54.0848405,0.21329043894889,0,324.66446,1.0,COPDEM30,16.46567290
RGI2000-v7.0-G-19-00526,19,19-03,G322963E54086S,2003-02-07T00:00:00,-37.035029914835164,-54.085522999999995,0.420530707679508,0,317.33627,3.0,COPDEM30,19.07876747
RGI2000-v7.0-G-19-00527,19,19-03,G322964E54078S,2003-02-07T00:00:00,-37.03584473034398,-54.077723500000005,0.073033498282264,0,229.37027,3.0,COPDEM30,13.78345948
RGI2000-v7.0-G-19-00528,19,19-03,G322972E54095S,2003-02-07T00:00:00,-37.02788911140669,-54.095594,1.032291696190947,0,283.873,4.0,COPDEM30,24.22424594
RGI2000-v7.0-G-19-00529,19,19-03,G322927E54094S,2003-02-07T00:00:00,-37.07405894444447,-54.093717,0.051527193933836,0,427.87305,1.0,COPDEM30,13.17794431
RGI2000-v7.0-G-19-00530,19,19-03,G323005E54071S,2003-02-07T00:00:00,-36.991771584,-54.06998,0.101929491197623,0,242.49165,3.0,COPDEM30,14.46969577
RGI2000-v7.0-G-19-00531,19,19-03,G323050E54110S,2003-02-07T00:00:00,-36.949093015748055,-54.109502500000005,0.392295351507057,0,450.25034,8.0,COPDEM30,18.76868798
RGI2000-v7.0-G-19-00532,19,19-03,G323067E54109S,2003-02-07T00:00:00,-36.93428354309593,-54.1090765,1.162231596424099,0,384.85562,1.0,COPDEM30,25.09295839
RGI2000-v7.0-G-19-00533,19,19-03,G323096E54104S,2003-02-07T00:00:00,-36.901772995348836,-54.103876,0.294690219793453,0,423.27237,6.0,COPDEM30,17.59995283
RGI2000-v7.0-G-19-00534,19,19-03,G323097E54096S,2003-02-07T00:00:00,-36.90189001164386,-54.095895999999996,0.233171965877241,0,456.4971,7.0,COPDEM30,16.76030364
RGI2000-v7.0-G-19-00535,19,19-03,G323103E54092S,2003-02-07T00:00:00,-36.897356557692305,-54.0911715,0.362381158828219,0,409.92603,3.0,COPDEM30,18.42773440
RGI2000-v7.0-G-19-00536,19,19-03,G323111E54097S,2003-02-07T00:00:00,-36.88989512727272,-54.097256,0.132057755744377,0,406.8783,2.0,COPDEM30,15.08756525
RGI2000-v7.0-G-19-00537,19,19-03,G323121E54099S,2003-02-07T00:00:00,-36.878771873999995,-54.0990735,0.031606759801705,0,304.5539,2.0,COPDEM30,12.48896061
RGI2000-v7.0-G-19-00538,19,19-03,G323145E54134S,2003-02-07T00:00:00,-36.85876184955753,-54.135135000000005,6.705852387936535,0,323.5338,2.0,COPDEM30,46.25392486
RGI2000-v7.0-G-19-00539,19,19-03,G323153E54144S,2003-02-07T00:00:00,-36.84674879551084,-54.144215,0.037722981725578,0,560.8613,1.0,COPDEM30,12.71913670
RGI2000-v7.0-G-19-00540,19,19-03,G323166E54149S,2003-02-07T00:00:00,-36.84137166481432,-54.148160000000004,0.871371278676243,0,475.718,3.0,COPDEM30,23.06861778
RGI2000-v7.0-G-19-00541,19,19-03,G323163E54159S,2003-02-07T00:00:00,-36.837088940999486,-54.159257,0.114999182974188,0,602.6,4.0,COPDEM30,14.74761412
RGI2000-v7.0-G-19-00542,19,19-03,G323159E54165S,2003-02-07T00:00:00,-36.84107287121213,-54.1649435,0.051622203436815,0,640.52826,8.0,COPDEM30,13.18087282
RGI2000-v7.0-G-19-00543,19,19-03,G323169E54166S,2003-02-07T00:00:00,-36.83084265486111,-54.1654225,0.387232440107169,0,574.57263,3.0,COPDEM30,18.71192047
RGI2000-v7.0-G-19-00544,19,19-03,G323184E54191S,2003-02-07T00:00:00,-36.816280294871795,-54.189747499999996,0.153455536727545,0,409.1279,3.0,COPDEM30,15.48427618
RGI2000-v7.0-G-19-00545,19,19-03,G323163E54193S,2003-02-07T00:00:00,-36.82782563181322,-54.1912095,0.341800041327459,0,592.1991,1.0,COPDEM30,18.18491344
RGI2000-v7.0-G-19-00546,19,19-03,G323190E54206S,2003-02-07T00:00:00,-36.79532184437322,-54.1928215,21.491838740695943,0,309.17267,3.0,COPDEM90,74.90300758
RGI2000-v7.0-G-19-00547,19,19-03,G323236E54198S,2003-02-07T00:00:00,-36.763080945705525,-54.1983845,0.984542031517771,0,373.23163,7.0,COPDEM30,23.89137280
RGI2000-v7.0-G-19-00548,19,19-03,G323248E54199S,2003-02-07T00:00:00,-36.75132527804492,-54.1988575,0.213868165497813,0,420.04773,3.0,COPDEM30,16.47442356
RGI2000-v7.0-G-19-00549,19,19-03,G323245E54193S,2003-02-07T00:00:00,-36.75513946511628,-54.192139,0.138390489317849,0,428.33057,3.0,COPDEM30,15.20812211
RGI2000-v7.0-G-19-00550,19,19-03,G323245E54185S,2003-02-07T00:00:00,-36.75621884223301,-54.1855175,0.360574414393832,0,505.87234,2.0,COPDEM30,18.40669883
RGI2000-v7.0-G-19-00551,19,19-03,G323256E54190S,2003-02-07T00:00:00,-36.742908065891484,-54.190177500000004,0.116409068981205,0,367.1566,4.0,COPDEM30,14.77662826
RGI2000-v7.0-G-19-00552,19,19-03,G323251E54136S,2003-02-07T00:00:00,-36.74948745634317,-54.1361415,1.126921298725449,0,502.89575,4.0,COPDEM30,24.86191692
RGI2000-v7.0-G-19-00553,19,19-03,G323263E54125S,2003-02-07T00:00:00,-36.73546592876498,-54.123864999999995,1.27699190562329,0,477.13257,2.0,COPDEM30,25.82056932
RGI2000-v7.0-G-19-00554,19,19-03,G323276E54130S,2003-02-07T00:00:00,-36.72460505622363,-54.1292265,0.300825264207077,0,479.9434,4.0,COPDEM30,17.67865560
RGI2000-v7.0-G-19-00555,19,19-03,G323283E54127S,2003-02-07T00:00:00,-36.7174078128765,-54.127271500000006,0.11236130309512,0,513.91266,4.0,COPDEM30,14.69284726
RGI2000-v7.0-G-19-00556,19,19-03,G323291E54124S,2003-02-07T00:00:00,-36.70438861399788,-54.1234715,0.252619058109301,0,484.71277,5.0,COPDEM30,17.03657128
RGI2000-v7.0-G-19-00557,19,19-03,G323363E54204S,2003-02-07T00:00:00,-36.63748919798658,-54.204353499999996,0.300168915175082,0,362.56757,5.0,COPDEM30,17.67027427
RGI2000-v7.0-G-19-00558,19,19-03,G323361E54290S,2003-02-07T00:00:00,-36.63945161754967,-54.290240499999996,0.078008162316249,0,511.69156,4.0,COPDEM30,13.91019179
RGI2000-v7.0-G-19-00559,19,19-03,G323310E54305S,2003-02-07T00:00:00,-36.69004573613445,-54.304867,0.112249074811178,0,132.80441,1.0,COPDEM30,14.69050303
RGI2000-v7.0-G-19-00560,19,19-03,G323285E54289S,2003-02-07T00:00:00,-36.7142313,-54.289596,0.573864692014726,0,538.5481,4.0,COPDEM30,20.60554004
RGI2000-v7.0-G-19-00561,19,19-03,G323278E54294S,2003-02-07T00:00:00,-36.72244533574539,-54.293347,0.024215107710419,0,709.1627,4.0,COPDEM30,12.17856859
RGI2000-v7.0-G-19-00562,19,19-03,G323277E54282S,2003-02-07T00:00:00,-36.721213421717174,-54.28275,0.21675793632233,0,537.7511,7.0,COPDEM30,16.51801776
RGI2000-v7.0-G-19-00563,19,19-03,G323303E54283S,2003-02-07T00:00:00,-36.71293123632923,-54.2785925,1.094931508251314,0,469.05664,3.0,COPDEM30,24.64945650
RGI2000-v7.0-G-19-00564,19,19-03,G323253E54310S,2003-02-07T00:00:00,-36.73099356730768,-54.312966,12.16420513259033,0,737.5422,2.0,COPDEM30,58.82810877
RGI2000-v7.0-G-19-00565,19,19-03,G323361E54337S,2003-02-07T00:00:00,-36.63922536695347,-54.3372635,0.029718987192496,0,952.61035,3.0,COPDEM30,12.41348741
RGI2000-v7.0-G-19-00566,19,19-03,G323376E54320S,2003-02-07T00:00:00,-36.625051403281375,-54.3252205,29.414687467083585,0,349.3125,2.0,COPDEM90,85.92943266
RGI2000-v7.0-G-19-00567,19,19-03,G323401E54345S,2003-02-07T00:00:00,-36.59878859251559,-54.344331499999996,0.112872463570762,0,1307.5483,2.0,COPDEM30,14.70350963
RGI2000-v7.0-G-19-00568,19,19-03,G323426E54358S,2003-02-07T00:00:00,-36.58633821998218,-54.358246,5.902058536546381,0,850.0699,2.0,COPDEM30,44.01181373
RGI2000-v7.0-G-19-00569,19,19-03,G323422E54349S,2003-02-07T00:00:00,-36.5719325783972,-54.349290499999995,3.181198555447025,0,824.7865,3.0,COPDEM30,34.97028067
RGI2000-v7.0-G-19-00570,19,19-03,G323435E54318S,2003-02-07T00:00:00,-36.56220676256814,-54.318137,0.422728452625901,0,404.9389,8.0,COPDEM30,19.10245993
RGI2000-v7.0-G-19-00571,19,19-03,G323444E54310S,2003-02-07T00:00:00,-36.56233475462963,-54.309366499999996,0.593852122352626,0,481.222,3.0,COPDEM30,20.78865219
RGI2000-v7.0-G-19-00572,19,19-03,G323453E54308S,2003-02-07T00:00:00,-36.554520856606025,-54.3090825,0.163081396889525,0,358.51373,2.0,COPDEM30,15.65366729
RGI2000-v7.0-G-19-00573,19,19-03,G323432E54305S,2003-02-07T00:00:00,-36.568142799846186,-54.3051795,0.242358344864711,0,463.8894,1.0,COPDEM30,16.89218656
RGI2000-v7.0-G-19-00574,19,19-03,G323442E54390S,2003-02-07T00:00:00,-36.55759275606116,-54.389817,0.01870916462444,0,1642.2747,1.0,COPDEM30,11.91494028
RGI2000-v7.0-G-19-00575,19,19-03,G323453E54383S,2003-02-07T00:00:00,-36.51951253634186,-54.386802,19.409894761436604,0,928.6428,2.0,COPDEM90,71.67932695
RGI2000-v7.0-G-19-00576,19,19-03,G323508E54387S,2003-02-07T00:00:00,-36.49132257814989,-54.3868595,2.234935341604731,0,772.6442,2.0,COPDEM30,30.92958019
RGI2000-v7.0-G-19-00577,19,19-03,G323526E54386S,2003-02-07T00:00:00,-36.474413096933475,-54.385580000000004,0.409269000819352,0,607.626,8.0,COPDEM30,18.95637896
RGI2000-v7.0-G-19-00578,19,19-03,G323545E54389S,2003-02-07T00:00:00,-36.45409630069964,-54.3891685,0.5861787174131,0,701.6392,1.0,COPDEM30,20.71872327
RGI2000-v7.0-G-19-00579,19,19-03,G323561E54378S,2003-02-07T00:00:00,-36.43930634038159,-54.3774325,0.093469538121003,0,512.4984,8.0,COPDEM30,14.28019035
RGI2000-v7.0-G-19-00580,19,19-03,G323571E54378S,2003-02-07T00:00:00,-36.42975283670414,-54.3782015,0.075697082738868,0,384.58243,3.0,COPDEM30,13.85183440
RGI2000-v7.0-G-19-00581,19,19-03,G323561E54371S,2003-02-07T00:00:00,-36.4393169180498,-54.371224999999995,0.036275588478433,0,439.2511,4.0,COPDEM30,12.66646120
RGI2000-v7.0-G-19-00582,19,19-03,G323599E54434S,2003-02-07T00:00:00,-36.427014077315704,-54.432657500000005,133.99466793729158,0,599.4368,2.0,COPDEM90,100.00000000
RGI2000-v7.0-G-19-00583,19,19-03,G323524E54480S,2003-02-07T00:00:00,-36.4651397609647,-54.480388,24.968483217325996,0,885.06824,5.0,COPDEM90,79.95586259
RGI2000-v7.0-G-19-00584,19,19-03,G323550E54509S,2003-02-07T00:00:00,-36.45577313221154,-54.5097825,7.970202437604185,0,690.02124,6.0,COPDEM30,49.52416574
RGI2000-v7.0-G-19-00585,19,19-03,G323552E54524S,2003-02-07T00:00:00,-36.44875322651134,-54.5223855,0.548728802191287,0,477.50806,6.0,COPDEM30,20.37067236
RGI2000-v7.0-G-19-00586,19,19-03,G323509E54517S,2003-02-07T00:00:00,-36.492451008413454,-54.5169035,0.094689939774948,0,326.38345,4.0,COPDEM30,14.30804227
RGI2000-v7.0-G-19-00587,19,19-03,G323499E54519S,2003-02-07T00:00:00,-36.50071831280193,-54.5191095,0.165912534989372,0,317.66367,5.0,COPDEM30,15.70253074
RGI2000-v7.0-G-19-00588,19,19-03,G323460E54479S,2003-02-07T00:00:00,-36.54612173927152,-54.4756325,14.615945971189598,0,764.8069,5.0,COPDEM90,63.52312968
RGI2000-v7.0-G-19-00589,19,19-03,G323442E54467S,2003-02-07T00:00:00,-36.553135147027604,-54.463115,0.177788350037454,0,1551.4385,6.0,COPDEM30,15.90309382
RGI2000-v7.0-G-19-00590,19,19-03,G323412E54469S,2003-02-07T00:00:00,-36.587963042262075,-54.4692195,0.026484648719252,0,862.6051,4.0,COPDEM30,12.27837467
RGI2000-v7.0-G-19-00591,19,19-03,G323403E54476S,2003-02-07T00:00:00,-36.589515630590334,-54.47599700000001,13.950797600480303,0,569.4062,6.0,COPDEM90,62.29107314
RGI2000-v7.0-G-19-00592,19,19-03,G323414E54496S,2003-02-07T00:00:00,-36.585452480769234,-54.4961875,1.800194263624701,0,500.4217,5.0,COPDEM30,28.78398455
RGI2000-v7.0-G-19-00593,19,19-03,G323400E54502S,2003-02-07T00:00:00,-36.59992285465049,-54.501536,0.035220572950433,0,353.54144,5.0,COPDEM30,12.62740029
RGI2000-v7.0-G-19-00594,19,19-03,G323381E54503S,2003-02-07T00:00:00,-36.61780670434132,-54.5022955,0.497246093047316,0,407.76358,4.0,COPDEM30,19.87219501
RGI2000-v7.0-G-19-00595,19,19-03,G323378E54457S,2003-02-07T00:00:00,-36.64601735303382,-54.4591295,18.48179417241796,0,733.83307,6.0,COPDEM90,70.18664019
RGI2000-v7.0-G-19-00596,19,19-03,G323320E54474S,2003-02-07T00:00:00,-36.68227152414772,-54.474375,1.129502874460751,0,426.50812,5.0,COPDEM30,24.87893018
RGI2000-v7.0-G-19-00597,19,19-03,G323303E54471S,2003-02-07T00:00:00,-36.69365451697944,-54.4719585,0.822385351682541,0,383.93945,5.0,COPDEM30,22.69596506
RGI2000-v7.0-G-19-00598,19,19-03,G323287E54472S,2003-02-07T00:00:00,-36.713163320198674,-54.471854,0.178903408584293,0,403.45746,5.0,COPDEM30,15.92157649
RGI2000-v7.0-G-19-00599,19,19-03,G323227E54451S,2003-02-07T00:00:00,-36.7716559792628,-54.451013,2.625429257722252,0,398.27658,6.0,COPDEM30,32.68444697
RGI2000-v7.0-G-19-00600,19,19-03,G323213E54443S,2003-02-07T00:00:00,-36.78712485823755,-54.4426005,0.438324399404686,0,486.51285,7.0,COPDEM30,19.26885011
RGI2000-v7.0-G-19-00601,19,19-03,G323200E54451S,2003-02-07T00:00:00,-36.80031838583852,-54.450839,0.104578306739785,0,344.62186,4.0,COPDEM30,14.52739971
RGI2000-v7.0-G-19-00602,19,19-03,G323243E54437S,2003-02-07T00:00:00,-36.7537303086306,-54.437602,6.064431246490983,0,535.32434,8.0,COPDEM30,44.47649234
RGI2000-v7.0-G-19-00603,19,19-03,G323278E54401S,2003-02-07T00:00:00,-36.6891774923882,-54.403371500000006,53.49539942087289,0,866.3456,6.0,COPDEM90,100.00000000
RGI2000-v7.0-G-19-00604,19,19-03,G323356E54428S,2003-02-07T00:00:00,-36.6233220462963,-54.42354,54.05507986132639,0,1306.956,7.0,COPDEM90,100.00000000
RGI2000-v7.0-G-19-00605,19,19-03,G323406E54455S,2003-02-07T00:00:00,-36.59414023630974,-54.454653,0.038235898439981,0,1344.5209,5.0,COPDEM30,12.73756024
RGI2000-v7.0-G-19-00606,19,19-03,G323534E54570S,2003-02-07T00:00:00,-36.46761721310973,-54.5706885,0.6925662329796,0,483.99506,5.0,COPDEM30,21.65087901
RGI2000-v7.0-G-19-00607,19,19-03,G323553E54577S,2003-02-07T00:00:00,-36.44668468082524,-54.5771965,0.185855366463332,0,446.26813,5.0,COPDEM30,16.03553244
RGI2000-v7.0-G-19-00608,19,19-03,G323563E54579S,2003-02-07T00:00:00,-36.43625324506388,-54.579619,0.292212453708776,0,388.86322,6.0,COPDEM30,17.56793505
RGI2000-v7.0-G-19-00609,19,19-03,G323572E54583S,2003-02-07T00:00:00,-36.42845278712979,-54.582950499999995,0.179175610983271,0,338.33612,5.0,COPDEM30,15.92607963
RGI2000-v7.0-G-19-00610,19,19-03,G323590E54587S,2003-02-07T00:00:00,-36.41402901395472,-54.586604,0.345523825139612,0,439.85583,1.0,COPDEM30,18.22937845
RGI2000-v7.0-G-19-00611,19,19-03,G323629E54597S,2003-02-07T00:00:00,-36.37331133684839,-54.599143,7.562217410470764,0,526.7614,6.0,COPDEM30,48.49928067
RGI2000-v7.0-G-19-00612,19,19-03,G323636E54614S,2003-02-07T00:00:00,-36.35846053487654,-54.614737500000004,7.075025418247622,0,744.4373,1.0,COPDEM30,47.23848791
RGI2000-v7.0-G-19-00613,19,19-03,G323631E54632S,2003-02-07T00:00:00,-36.36570715213711,-54.6316425,3.029604318222909,0,521.328,6.0,COPDEM30,34.36806202
RGI2000-v7.0-G-19-00614,19,19-03,G323649E54644S,2003-02-07T00:00:00,-36.35375634951456,-54.644531,1.174079136069236,0,441.21698,6.0,COPDEM30,25.16969053
RGI2000-v7.0-G-19-00615,19,19-03,G323613E54622S,2003-02-07T00:00:00,-36.3898581922294,-54.6216385,0.507698465969393,0,484.79962,6.0,COPDEM30,19.97541474
RGI2000-v7.0-G-19-00616,19,19-03,G323608E54614S,2003-02-07T00:00:00,-36.394104689918144,-54.612722500000004,0.691527984491253,0,510.2187,7.0,COPDEM30,21.64214263
RGI2000-v7.0-G-19-00617,19,19-03,G323680E54564S,2003-02-07T00:00:00,-36.33219646419076,-54.5678385,175.46162228269293,0,673.7367,6.0,COPDEM90,100.00000000
RGI2000-v7.0-G-19-00618,19,19-03,G323754E54560S,2003-02-07T00:00:00,-36.24333706515176,-54.559707,0.294137257976429,0,634.09094,1.0,COPDEM30,17.59281914
RGI2000-v7.0-G-19-00619,19,19-03,G323841E54577S,2003-02-07T00:00:00,-36.18188619714286,-54.574109,106.63136542814775,0,481.27664,2.0,COPDEM90,100.00000000
RGI2000-v7.0-G-19-00620,19,19-03,G323858E54535S,2003-02-07T00:00:00,-36.14213907684467,-54.5351125,0.068058305936094,0,415.22333,3.0,COPDEM30,13.65231816
RGI2000-v7.0-G-19-00621,19,19-03,G323854E54529S,2003-02-07T00:00:00,-36.14937318181818,-54.525893999999994,0.642081616260516,0,430.68442,4.0,COPDEM30,21.21819936
RGI2000-v7.0-G-19-00622,19,19-03,G323845E54519S,2003-02-07T00:00:00,-36.156624975972534,-54.519358,0.797311827762879,0,567.1395,6.0,COPDEM30,22.50092470
RGI2000-v7.0-G-19-00623,19,19-03,G323847E54506S,2003-02-07T00:00:00,-36.15251845930233,-54.5057855,0.033788283880272,0,560.0668,8.0,COPDEM30,12.57342255
RGI2000-v7.0-G-19-00624,19,19-03,G323846E54500S,2003-02-07T00:00:00,-36.15399978414473,-54.499631,0.086457506753492,0,464.19345,1.0,COPDEM30,14.11651203
RGI2000-v7.0-G-19-00625,19,19-03,G323849E54495S,2003-02-07T00:00:00,-36.1502782696335,-54.4952695,0.06124640937474,0,355.70816,1.0,COPDEM30,13.46472167
RGI2000-v7.0-G-19-00626,19,19-03,G323850E54493S,2003-02-07T00:00:00,-36.14991767429022,-54.492969,0.080488259834027,0,341.53973,7.0,COPDEM30,13.97186341
RGI2000-v7.0-G-19-00627,19,19-03,G323859E54492S,2003-02-07T00:00:00,-36.138752354895104,-54.490723,0.174781341774415,0,329.55728,4.0,COPDEM30,15.85296019
RGI2000-v7.0-G-19-00628,19,19-03,G323866E54494S,2003-02-07T00:00:00,-36.133581,-54.494153,0.013835988956637,0,279.92175,2.0,COPDEM30,11.64677073
RGI2000-v7.0-G-19-00629,19,19-03,G323872E54500S,2003-02-07T00:00:00,-36.12848252458548,-54.499681499999994,0.021787252202989,0,313.96655,2.0,COPDEM30,12.06647077
RGI2000-v7.0-G-19-00630,19,19-03,G323868E54502S,2003-02-07T00:00:00,-36.13088633166377,-54.5017335,0.087665151643581,0,495.53214,3.0,COPDEM30,14.14516221
RGI2000-v7.0-G-19-00631,19,19-03,G323874E54503S,2003-02-07T00:00:00,-36.12568031451613,-54.503273,0.01785804616498,0,411.42636,1.0,COPDEM30,11.87087601
RGI2000-v7.0-G-19-00632,19,19-03,G323880E54505S,2003-02-07T00:00:00,-36.120210940639026,-54.505443,0.018612316153291,0,373.14508,4.0,COPDEM30,11.90997748
RGI2000-v7.0-G-19-00633,19,19-03,G323881E54508S,2003-02-07T00:00:00,-36.11811217975206,-54.5076295,0.051741857505846,0,327.18677,5.0,COPDEM30,13.18455712
RGI2000-v7.0-G-19-00634,19,19-03,G323877E54508S,2003-02-07T00:00:00,-36.12285925497814,-54.508103000000006,0.057718415531541,0,461.91986,3.0,COPDEM30,13.36345201
RGI2000-v7.0-G-19-00635,19,19-03,G323869E54508S,2003-02-07T00:00:00,-36.13069801398602,-54.508444,0.109436231447317,0,598.1627,5.0,COPDEM30,14.63136064
RGI2000-v7.0-G-19-00636,19,19-03,G323864E54515S,2003-02-07T00:00:00,-36.13259991666668,-54.515263000000004,0.856227757340262,0,417.30328,3.0,COPDEM30,22.95456060
RGI2000-v7.0-G-19-00637,19,19-03,G323859E54504S,2003-02-07T00:00:00,-36.140233396559815,-54.503299999999996,0.551777916649628,0,556.61444,8.0,COPDEM30,20.39944574
RGI2000-v7.0-G-19-00638,19,19-03,G323834E54497S,2003-02-07T00:00:00,-36.16917806196581,-54.497037000000006,1.975032310282503,0,364.33044,2.0,COPDEM30,29.67501799
RGI2000-v7.0-G-19-00639,19,19-03,G323823E54492S,2003-02-07T00:00:00,-36.176786440648186,-54.490829500000004,0.177313669865332,0,629.77814,3.0,COPDEM30,15.89520816
RGI2000-v7.0-G-19-00640,19,19-03,G323816E54488S,2003-02-07T00:00:00,-36.185352174677185,-54.484646,0.341090168581141,0,431.00653,8.0,COPDEM30,18.17640954
RGI2000-v7.0-G-19-00641,19,19-03,G323821E54474S,2003-02-07T00:00:00,-36.179180181213866,-54.47486000000001,0.205201452231706,0,473.09393,3.0,COPDEM30,16.34188337
RGI2000-v7.0-G-19-00642,19,19-03,G323854E54483S,2003-02-07T00:00:00,-36.14693750992063,-54.482687999999996,0.167505023212502,0,380.20773,1.0,COPDEM30,15.72983286
RGI2000-v7.0-G-19-00643,19,19-03,G323875E54487S,2003-02-07T00:00:00,-36.123657953125004,-54.487574,0.179016106406807,0,373.97626,4.0,COPDEM30,15.92344130
RGI2000-v7.0-G-19-00644,19,19-03,G323893E54492S,2003-02-07T00:00:00,-36.106540663066255,-54.492194,0.124701842602328,0,366.32074,6.0,COPDEM30,14.94384073
RGI2000-v7.0-G-19-00645,19,19-03,G323908E54488S,2003-02-07T00:00:00,-36.09532054039302,-54.4880555,0.48573204370452,0,446.83157,4.0,COPDEM30,19.75722709
RGI2000-v7.0-G-19-00646,19,19-03,G323903E54481S,2003-02-07T00:00:00,-36.09771964935482,-54.480692000000005,0.404099752078435,0,372.29526,1.0,COPDEM30,18.89963771
RGI2000-v7.0-G-19-00647,19,19-03,G323935E54496S,2003-02-07T00:00:00,-36.065558716675945,-54.4957445,0.071387889396726,0,364.0218,5.0,COPDEM30,13.74059171
RGI2000-v7.0-G-19-00648,19,19-03,G323892E54522S,2003-02-07T00:00:00,-36.1078219968815,-54.521812,0.026896582097438,0,299.63678,3.0,COPDEM30,12.29602485
RGI2000-v7.0-G-19-00649,19,19-03,G323886E54527S,2003-02-07T00:00:00,-36.114136604651165,-54.5272565,0.033761841559194,0,413.2448,2.0,COPDEM30,12.57241539
RGI2000-v7.0-G-19-00650,19,19-03,G323886E54545S,2003-02-07T00:00:00,-36.11430245575221,-54.544622000000004,0.067300828367209,0,64.7782,4.0,COPDEM30,13.63193645
RGI2000-v7.0-G-19-00651,19,19-03,G323936E54578S,2003-02-07T00:00:00,-36.064295941678125,-54.57773,0.040101530734908,0,461.36203,8.0,COPDEM30,12.80355132
RGI2000-v7.0-G-19-00652,19,19-03,G323941E54581S,2003-02-07T00:00:00,-36.060018320734024,-54.580861999999996,0.0996475285714,0,493.08514,3.0,COPDEM30,14.41937955
RGI2000-v7.0-G-19-00653,19,19-03,G323943E54578S,2003-02-07T00:00:00,-36.056960514778325,-54.577829,0.056008987349138,0,292.41544,2.0,COPDEM30,13.31327052
RGI2000-v7.0-G-19-00654,19,19-03,G323946E54584S,2003-02-07T00:00:00,-36.05550161151386,-54.5844115,0.104128597573202,0,325.80023,3.0,COPDEM30,14.51765483
RGI2000-v7.0-G-19-00655,19,19-03,G323935E54583S,2003-02-07T00:00:00,-36.06411076581027,-54.583824,0.252626957875815,0,383.79694,6.0,COPDEM30,17.03668130
RGI2000-v7.0-G-19-00656,19,19-03,G323955E54592S,2003-02-07T00:00:00,-36.044770246782704,-54.5928235,0.132830142798879,0,288.00195,3.0,COPDEM30,15.10242178
RGI2000-v7.0-G-19-00657,19,19-03,G323974E54581S,2003-02-07T00:00:00,-36.023191056873436,-54.5858115,0.17094835521239,0,337.06488,3.0,COPDEM30,15.78842618
RGI2000-v7.0-G-19-00658,19,19-03,G323961E54608S,2003-02-07T00:00:00,-36.03949012700765,-54.607814000000005,0.3417755635764,0,442.79623,1.0,COPDEM30,18.18462036
RGI2000-v7.0-G-19-00659,19,19-03,G323944E54607S,2003-02-07T00:00:00,-36.05657552088834,-54.6055705,0.970954595067502,0,504.29605,1.0,COPDEM30,23.79518397
RGI2000-v7.0-G-19-00660,19,19-03,G323979E54622S,2003-02-07T00:00:00,-36.021405900800424,-54.622498500000006,16.592277401430646,0,464.62268,2.0,COPDEM90,67.02706700
RGI2000-v7.0-G-19-00661,19,19-03,G324009E54643S,2003-02-07T00:00:00,-35.98853778560196,-54.641319499999994,13.035186790388552,0,540.17206,2.0,COPDEM90,60.54598511
RGI2000-v7.0-G-19-00662,19,19-03,G324036E54646S,2003-02-07T00:00:00,-35.96395297982063,-54.646647,0.073334633308073,0,446.68585,4.0,COPDEM30,13.79125153
RGI2000-v7.0-G-19-00663,19,19-03,G324039E54656S,2003-02-07T00:00:00,-35.96374303015302,-54.6552925,2.562213222963395,0,484.24817,1.0,COPDEM30,32.40968076
RGI2000-v7.0-G-19-00664,19,19-03,G324058E54670S,2003-02-07T00:00:00,-35.94598029853863,-54.666844499999996,0.635293321418788,0,327.5807,3.0,COPDEM30,21.15874057
RGI2000-v7.0-G-19-00665,19,19-03,G324029E54672S,2003-02-07T00:00:00,-35.972498501503495,-54.673811,2.754740744082692,0,374.85144,5.0,COPDEM30,33.23637635
RGI2000-v7.0-G-19-00666,19,19-03,G324022E54681S,2003-02-07T00:00:00,-35.97775098850575,-54.680426999999995,0.042084872703477,0,481.78046,2.0,COPDEM30,12.87204371
RGI2000-v7.0-G-19-00667,19,19-03,G324001E54668S,2003-02-07T00:00:00,-36.00048267676685,-54.668335,0.124960922398042,0,943.02234,5.0,COPDEM30,14.94897371
RGI2000-v7.0-G-19-00668,19,19-03,G323982E54680S,2003-02-07T00:00:00,-36.04093449541129,-54.6782455,16.763847747980634,0,483.12564,4.0,COPDEM90,67.32114931
RGI2000-v7.0-G-19-00669,19,19-03,G323973E54714S,2003-02-07T00:00:00,-36.01483202527104,-54.7081875,66.75940072466007,0,869.85187,2.0,COPDEM90,100.00000000
RGI2000-v7.0-G-19-00670,19,19-03,G323944E54743S,2003-02-07T00:00:00,-36.05637614583333,-54.742805,0.128690961761821,0,1247.3375,6.0,COPDEM30,15.02229315
RGI2000-v7.0-G-19-00671,19,19-03,G323951E54752S,2003-02-07T00:00:00,-36.04853414062502,-54.752275,0.021426240807055,0,1499.5493,8.0,COPDEM30,12.04927870
RGI2000-v7.0-G-19-00672,19,19-03,G323954E54756S,2003-02-07T00:00:00,-36.04615514140097,-54.755604500000004,0.040985048533956,0,1746.8192,6.0,COPDEM30,12.83426702
RGI2000-v7.0-G-19-00673,19,19-03,G323969E54770S,2003-02-07T00:00:00,-36.03127522037427,-54.770095,4.564293378306846,0,739.57336,4.0,COPDEM30,39.90988970
RGI2000-v7.0-G-19-00674,19,19-03,G323987E54778S,2003-02-07T00:00:00,-36.01272847396917,-54.777932,0.058705187406921,0,660.4055,8.0,COPDEM30,13.39208147
RGI2000-v7.0-G-19-00675,19,19-03,G323998E54780S,2003-02-07T00:00:00,-36.00653861538461,-54.780834,0.521987649580506,0,539.71924,5.0,COPDEM30,20.11481979
RGI2000-v7.0-G-19-00676,19,19-03,G324006E54782S,2003-02-07T00:00:00,-35.99378822327708,-54.782388,0.109936067542784,0,615.0554,6.0,COPDEM30,14.64192517
RGI2000-v7.0-G-19-00677,19,19-03,G324006E54796S,2003-02-07T00:00:00,-35.994546837149315,-54.795669,0.144733974158368,0,187.08655,1.0,COPDEM30,15.32614860
RGI2000-v7.0-G-19-00678,19,19-03,G323999E54797S,2003-02-07T00:00:00,-36.001184466079536,-54.79692,0.071912931774824,0,353.4901,1.0,COPDEM30,13.75432213
RGI2000-v7.0-G-19-00679,19,19-03,G324004E54801S,2003-02-07T00:00:00,-35.995994124999996,-54.800566,0.051035688495143,0,606.69116,3.0,COPDEM30,13.16275117
RGI2000-v7.0-G-19-00680,19,19-03,G324006E54804S,2003-02-07T00:00:00,-35.99422124640715,-54.8048735,0.057919815541344,0,269.58923,4.0,COPDEM30,13.36931504
RGI2000-v7.0-G-19-00681,19,19-03,G323996E54802S,2003-02-07T00:00:00,-36.00339984633651,-54.802376499999994,0.096013530447276,0,394.62042,6.0,COPDEM30,14.33804702
RGI2000-v7.0-G-19-00682,19,19-03,G324021E54796S,2003-02-07T00:00:00,-35.98166251037549,-54.7953585,0.156979109671415,0,363.78885,4.0,COPDEM30,15.54688250
RGI2000-v7.0-G-19-00683,19,19-03,G324028E54802S,2003-02-07T00:00:00,-35.97240118110236,-54.8014615,0.572490959011487,0,502.94235,4.0,COPDEM30,20.59283852
RGI2000-v7.0-G-19-00684,19,19-03,G324023E54809S,2003-02-07T00:00:00,-35.978631679222815,-54.809073,0.184562440505759,0,283.8757,6.0,COPDEM30,16.01450234
RGI2000-v7.0-G-19-00685,19,19-03,G324041E54807S,2003-02-07T00:00:00,-35.95828602154684,-54.808057500000004,0.391093057947525,0,261.8781,4.0,COPDEM30,18.75524068
RGI2000-v7.0-G-19-00686,19,19-03,G324055E54805S,2003-02-07T00:00:00,-35.948276495094845,-54.8009745,1.318031368140602,0,224.76247,5.0,COPDEM30,26.07277662
RGI2000-v7.0-G-19-00687,19,19-03,G324057E54797S,2003-02-07T00:00:00,-35.942840010604336,-54.797362500000006,0.051300097953544,0,539.5674,6.0,COPDEM30,13.17093349
RGI2000-v7.0-G-19-00688,19,19-03,G324066E54802S,2003-02-07T00:00:00,-35.93382965838509,-54.80196,0.414530883149115,0,349.8905,3.0,COPDEM30,19.01377019
RGI2000-v7.0-G-19-00689,19,19-03,G324073E54810S,2003-02-07T00:00:00,-35.921985674213744,-54.8095235,0.122971928819729,0,250.5126,4.0,COPDEM30,14.90942950
RGI2000-v7.0-G-19-00690,19,19-03,G324083E54798S,2003-02-07T00:00:00,-35.91711788126484,-54.797605000000004,0.040187184215103,0,240.45195,3.0,COPDEM30,12.80654380
RGI2000-v7.0-G-19-00691,19,19-03,G324078E54795S,2003-02-07T00:00:00,-35.92120997561856,-54.794754499999996,0.279503027893712,0,389.15002,3.0,COPDEM30,17.40152643
RGI2000-v7.0-G-19-00692,19,19-03,G324045E54792S,2003-02-07T00:00:00,-35.95488551351351,-54.7918365,0.18661603474421,0,573.90436,5.0,COPDEM30,16.04787093
RGI2000-v7.0-G-19-00693,19,19-03,G324056E54773S,2003-02-07T00:00:00,-35.9415604199019,-54.7714325,21.555498105934642,0,400.8319,4.0,COPDEM90,74.99905868
RGI2000-v7.0-G-19-00694,19,19-03,G324087E54757S,2003-02-07T00:00:00,-35.91280139664504,-54.757049499999994,1.074409447217763,0,427.0715,2.0,COPDEM30,24.51152134
RGI2000-v7.0-G-19-00695,19,19-03,G324108E54757S,2003-02-07T00:00:00,-35.894203562968,-54.753691,0.32731022234043,0,398.5054,6.0,COPDEM30,18.00954453
RGI2000-v7.0-G-19-00696,19,19-03,G324122E54762S,2003-02-07T00:00:00,-35.882581094598805,-54.760735,3.30000722889271,0,281.49506,2.0,COPDEM30,35.43229083
RGI2000-v7.0-G-19-00697,19,19-03,G324121E54774S,2003-02-07T00:00:00,-35.88082933445946,-54.7736895,0.268450811598192,0,312.49268,6.0,COPDEM30,17.25371347
RGI2000-v7.0-G-19-00698,19,19-03,G324111E54778S,2003-02-07T00:00:00,-35.888753163461544,-54.7780745,0.025278291247269,0,211.44249,1.0,COPDEM30,12.22588074
RGI2000-v7.0-G-19-00699,19,19-03,G324115E54782S,2003-02-07T00:00:00,-35.88634320594577,-54.7824325,0.278494441469173,0,248.80101,3.0,COPDEM30,17.38816016
RGI2000-v7.0-G-19-00700,19,19-03,G324131E54778S,2003-02-07T00:00:00,-35.86828633024692,-54.77794,0.041093492771833,0,274.99152,5.0,COPDEM30,12.83801420
RGI2000-v7.0-G-19-00701,19,19-03,G324136E54781S,2003-02-07T00:00:00,-35.866631018258616,-54.7804855,0.09771719142306,0,234.49023,6.0,COPDEM30,14.37636487
RGI2000-v7.0-G-19-00702,19,19-03,G324143E54780S,2003-02-07T00:00:00,-35.8505317244898,-54.782222,0.227725887936777,0,298.05072,6.0,COPDEM30,16.68088872
RGI2000-v7.0-G-19-00703,19,19-03,G324152E54776S,2003-02-07T00:00:00,-35.84544994382348,-54.7774995,1.384098648608078,0,282.03275,3.0,COPDEM30,26.47068108
RGI2000-v7.0-G-19-00704,19,19-03,G324162E54773S,2003-02-07T00:00:00,-35.838741770650586,-54.7729305,0.085900502206149,0,248.3789,1.0,COPDEM30,14.10323024
RGI2000-v7.0-G-19-00705,19,19-03,G324174E54772S,2003-02-07T00:00:00,-35.82398494452124,-54.7713725,0.195364729269503,0,164.38048,5.0,COPDEM30,16.18801155
RGI2000-v7.0-G-19-00706,19,19-03,G324150E54767S,2003-02-07T00:00:00,-35.85068104595588,-54.7666855,0.76179499868295,0,289.5536,2.0,COPDEM30,22.21932157
RGI2000-v7.0-G-19-00707,19,19-03,G324147E54761S,2003-02-07T00:00:00,-35.85445425822762,-54.760478,0.055318962370703,0,285.58734,2.0,COPDEM30,13.29279769
RGI2000-v7.0-G-19-00708,19,19-03,G324119E54748S,2003-02-07T00:00:00,-35.881256281692444,-54.7474095,0.100873140216098,0,442.5882,4.0,COPDEM30,14.44647450
RGI2000-v7.0-G-19-00709,19,19-03,G324124E54744S,2003-02-07T00:00:00,-35.87599414755351,-54.7439175,0.07288690533448,0,344.28302,3.0,COPDEM30,13.77966049
RGI2000-v7.0-G-19-00710,19,19-03,G324111E54743S,2003-02-07T00:00:00,-35.88584404594082,-54.742549,0.48491675887871,0,349.5452,1.0,COPDEM30,19.74903507
RGI2000-v7.0-G-19-00711,19,19-03,G324160E54786S,2003-02-07T00:00:00,-35.840257554295945,-54.786203,0.029396241266657,0,213.53966,2.0,COPDEM30,12.40034649
RGI2000-v7.0-G-19-00712,19,19-03,G324155E54790S,2003-02-07T00:00:00,-35.8462370516615,-54.790275,0.145128583492038,0,274.3953,4.0,COPDEM30,15.33340439
RGI2000-v7.0-G-19-00713,19,19-03,G324048E54852S,2003-02-07T00:00:00,-35.95117773076923,-54.8522265,0.105592377449419,0,297.23105,4.0,COPDEM30,14.54929731
RGI2000-v7.0-G-19-00714,19,19-03,G324045E54851S,2003-02-07T00:00:00,-35.95465836553031,-54.8502135,0.113329958422938,0,383.30753,2.0,COPDEM30,14.71303213
RGI2000-v7.0-G-19-00715,19,19-03,G324015E54843S,2003-02-07T00:00:00,-35.98433652232184,-54.843254,0.077387023818191,0,578.0412,3.0,COPDEM30,13.89459326
RGI2000-v7.0-G-19-00716,19,19-03,G324008E54843S,2003-02-07T00:00:00,-35.99208088664823,-54.8432575,0.158783437896616,0,464.18256,5.0,COPDEM30,15.57866954
RGI2000-v7.0-G-19-00717,19,19-03,G324010E54839S,2003-02-07T00:00:00,-35.98975841504425,-54.838983999999996,0.182306544790291,0,424.4359,1.0,COPDEM30,15.97763187
RGI2000-v7.0-G-19-00718,19,19-03,G324002E54838S,2003-02-07T00:00:00,-35.997712737618365,-54.838364,0.087204361207799,0,313.85095,8.0,COPDEM30,14.13425384
RGI2000-v7.0-G-19-00719,19,19-03,G324001E54847S,2003-02-07T00:00:00,-36.00045544334038,-54.846547,0.135720517854138,0,178.02228,4.0,COPDEM30,15.15763720
RGI2000-v7.0-G-19-00720,19,19-03,G323993E54849S,2003-02-07T00:00:00,-36.007077708333334,-54.848538500000004,0.259432731011767,0,320.6593,2.0,COPDEM30,17.13083552
RGI2000-v7.0-G-19-00721,19,19-03,G323995E54852S,2003-02-07T00:00:00,-36.005722419642865,-54.852535,0.169453664994394,0,279.17535,6.0,COPDEM30,15.76306501
RGI2000-v7.0-G-19-00722,19,19-03,G323975E54846S,2003-02-07T00:00:00,-36.02509213600001,-54.845943500000004,0.197188270025579,0,241.00542,2.0,COPDEM30,16.21682402
RGI2000-v7.0-G-19-00723,19,19-03,G323968E54845S,2003-02-07T00:00:00,-36.03654555939878,-54.84216,0.263345826858126,0,311.2927,2.0,COPDEM30,17.18441244
RGI2000-v7.0-G-19-00724,19,19-03,G323958E54849S,2003-02-07T00:00:00,-36.039184225712816,-54.8498295,1.125994617538043,0,324.17133,3.0,COPDEM30,24.85580510
RGI2000-v7.0-G-19-00725,19,19-03,G323948E54840S,2003-02-07T00:00:00,-36.052110132038834,-54.840745,1.042224766195374,0,457.715,1.0,COPDEM30,24.29251742
RGI2000-v7.0-G-19-00726,19,19-03,G323955E54827S,2003-02-07T00:00:00,-36.04747080392801,-54.827377999999996,0.404159291330388,0,335.05188,1.0,COPDEM30,18.90029332
RGI2000-v7.0-G-19-00727,19,19-03,G323972E54829S,2003-02-07T00:00:00,-36.030197864787965,-54.829848999999996,0.611825596643614,0,375.45563,2.0,COPDEM30,20.95069938
RGI2000-v7.0-G-19-00728,19,19-03,G323956E54813S,2003-02-07T00:00:00,-36.043989822259135,-54.812828499999995,0.074998718426502,0,178.90152,4.0,COPDEM30,13.83402514
RGI2000-v7.0-G-19-00729,19,19-03,G323932E54803S,2003-02-07T00:00:00,-36.07072179013991,-54.80159,0.134981687247306,0,260.7395,2.0,COPDEM30,15.14357956
RGI2000-v7.0-G-19-00730,19,19-03,G323928E54806S,2003-02-07T00:00:00,-36.0747829859813,-54.8055655,0.329058794809217,0,449.29022,5.0,COPDEM30,18.03091052
RGI2000-v7.0-G-19-00731,19,19-03,G323920E54801S,2003-02-07T00:00:00,-36.08062433858704,-54.8007285,0.101794199549561,0,419.91748,2.0,COPDEM30,14.46672846
RGI2000-v7.0-G-19-00732,19,19-03,G323905E54802S,2003-02-07T00:00:00,-36.09473816578948,-54.801439,0.226458095007181,0,526.2306,8.0,COPDEM30,16.66226588
RGI2000-v7.0-G-19-00733,19,19-03,G323905E54808S,2003-02-07T00:00:00,-36.09434121509202,-54.8081145,1.414793656864432,0,321.6095,4.0,COPDEM30,26.65231386
RGI2000-v7.0-G-19-00734,19,19-03,G323888E54803S,2003-02-07T00:00:00,-36.11186948001924,-54.8027445,0.131613567449711,0,605.3299,1.0,COPDEM30,15.07900179
RGI2000-v7.0-G-19-00735,19,19-03,G323896E54796S,2003-02-07T00:00:00,-36.10268702793519,-54.7961665,1.151031083021415,0,263.37436,4.0,COPDEM30,25.02005633
RGI2000-v7.0-G-19-00736,19,19-03,G323943E54778S,2003-02-07T00:00:00,-36.05880659651682,-54.7781295,2.480768584274402,0,707.1771,6.0,COPDEM30,32.05063814
RGI2000-v7.0-G-19-00737,19,19-03,G323959E54787S,2003-02-07T00:00:00,-36.04110719890073,-54.7876315,0.179674394700569,0,224.49573,4.0,COPDEM30,15.93432232
RGI2000-v7.0-G-19-00738,19,19-03,G323994E54771S,2003-02-07T00:00:00,-36.00636284345238,-54.7712155,0.031855892222132,0,1350.8699,6.0,COPDEM30,12.49875066
RGI2000-v7.0-G-19-00739,19,19-03,G323924E54757S,2003-02-07T00:00:00,-36.08545542004211,-54.7569295,7.226053850475095,0,624.99457,6.0,COPDEM30,47.63384852
RGI2000-v7.0-G-19-00740,19,19-03,G323896E54762S,2003-02-07T00:00:00,-36.10242294624217,-54.761429,0.106070209679047,0,742.7734,6.0,COPDEM30,14.55957905
RGI2000-v7.0-G-19-00741,19,19-03,G323906E54746S,2003-02-07T00:00:00,-36.09408290625875,-54.7459185,0.068979851313572,0,1487.4629,6.0,COPDEM30,13.67696218
RGI2000-v7.0-G-19-00742,19,19-03,G323916E54744S,2003-02-07T00:00:00,-36.08367643799855,-54.743292,0.206185298265562,0,1381.9905,8.0,COPDEM30,16.35706839
RGI2000-v7.0-G-19-00743,19,19-03,G323888E54734S,2003-02-07T00:00:00,-36.11188179480776,-54.734261000000004,0.048185615026996,0,607.70795,7.0,COPDEM30,13.07317109
RGI2000-v7.0-G-19-00744,19,19-03,G323859E54742S,2003-02-07T00:00:00,-36.150117558975595,-54.745523,31.220961968381186,0,691.6924,5.0,COPDEM90,88.22600939
RGI2000-v7.0-G-19-00745,19,19-03,G323848E54782S,2003-02-07T00:00:00,-36.150628682116995,-54.7814345,9.753932423207146,0,484.0642,3.0,COPDEM30,53.72380078
RGI2000-v7.0-G-19-00746,19,19-03,G323831E54804S,2003-02-07T00:00:00,-36.162218288235294,-54.8020165,15.059691230687573,0,392.56805,6.0,COPDEM90,64.32954520
RGI2000-v7.0-G-19-00747,19,19-03,G323840E54819S,2003-02-07T00:00:00,-36.16265146006414,-54.818878,1.022009473698256,0,512.4869,7.0,COPDEM30,24.15322779
RGI2000-v7.0-G-19-00748,19,19-03,G323853E54825S,2003-02-07T00:00:00,-36.1470605566567,-54.826046500000004,0.912997360658518,0,470.82193,5.0,COPDEM30,23.37712535
RGI2000-v7.0-G-19-00749,19,19-03,G323864E54831S,2003-02-07T00:00:00,-36.13827985632692,-54.8291955,0.567249921253356,0,500.48044,7.0,COPDEM30,20.54423940
RGI2000-v7.0-G-19-00750,19,19-03,G323865E54838S,2003-02-07T00:00:00,-36.136326927684934,-54.8378525,0.082072681480819,0,397.11975,6.0,COPDEM30,14.01076621
RGI2000-v7.0-G-19-00751,19,19-03,G323885E54846S,2003-02-07T00:00:00,-36.11589120835602,-54.846447999999995,2.309338316343303,0,575.5409,6.0,COPDEM30,31.27511011
RGI2000-v7.0-G-19-00752,19,19-03,G323900E54851S,2003-02-07T00:00:00,-36.099766916553136,-54.850945499999995,0.264290720904515,0,477.61847,6.0,COPDEM30,17.19728986
RGI2000-v7.0-G-19-00753,19,19-03,G323898E54856S,2003-02-07T00:00:00,-36.10203422172677,-54.856502500000005,0.089078434502023,0,159.97217,7.0,COPDEM30,14.17844148
RGI2000-v7.0-G-19-00754,19,19-03,G323913E54853S,2003-02-07T00:00:00,-36.083439687005125,-54.8532445,1.396094686379725,0,684.9009,7.0,COPDEM30,26.54190311
RGI2000-v7.0-G-19-00755,19,19-03,G323942E54859S,2003-02-07T00:00:00,-36.060972121879416,-54.8604725,2.860248593538319,0,409.53583,4.0,COPDEM30,33.67717729
RGI2000-v7.0-G-19-00756,19,19-03,G323933E54873S,2003-02-07T00:00:00,-36.06404252537054,-54.8743425,0.157875228526685,0,379.87616,7.0,COPDEM30,15.56269223
RGI2000-v7.0-G-19-00757,19,19-03,G323933E54876S,2003-02-07T00:00:00,-36.06689878071816,-54.8755185,0.028424776090673,0,387.5992,7.0,COPDEM30,12.36035085
RGI2000-v7.0-G-19-00758,19,19-03,G323940E54875S,2003-02-07T00:00:00,-36.06040087373641,-54.874482,0.103726106625087,0,429.50064,2.0,COPDEM30,14.50891527
RGI2000-v7.0-G-19-00759,19,19-03,G323945E54878S,2003-02-07T00:00:00,-36.05511250844891,-54.8778665,0.123672966052758,0,270.96716,4.0,COPDEM30,14.92340343
RGI2000-v7.0-G-19-00760,19,19-03,G323909E54883S,2003-02-07T00:00:00,-36.09040848725459,-54.883570500000005,0.260979818755424,0,230.3808,5.0,COPDEM30,17.15206575
RGI2000-v7.0-G-19-00761,19,19-03,G323897E54884S,2003-02-07T00:00:00,-36.103294722222216,-54.884150000000005,0.194091330158197,0,325.2772,5.0,COPDEM30,16.16781166
RGI2000-v7.0-G-19-00762,19,19-03,G323886E54875S,2003-02-07T00:00:00,-36.11428906712979,-54.8746355,0.085623974939301,0,337.52774,7.0,COPDEM30,14.09662045
RGI2000-v7.0-G-19-00763,19,19-03,G323921E54866S,2003-02-07T00:00:00,-36.092494733333325,-54.868642,3.285844287283017,0,271.66388,5.0,COPDEM30,35.37765711
RGI2000-v7.0-G-19-00764,19,19-03,G323975E54862S,2003-02-07T00:00:00,-36.02458689161442,-54.8624815,0.174264511093838,0,274.25244,2.0,COPDEM30,15.84430014
RGI2000-v7.0-G-19-00765,19,19-03,G324015E54862S,2003-02-07T00:00:00,-35.985944603260876,-54.8611485,0.138322262186948,0,284.86142,3.0,COPDEM30,15.20683814
RGI2000-v7.0-G-19-00766,19,19-03,G324026E54866S,2003-02-07T00:00:00,-35.97408620674741,-54.866031,0.067882010266978,0,151.34474,4.0,COPDEM30,13.64758468
RGI2000-v7.0-G-19-00767,19,19-03,G323907E54829S,2003-02-07T00:00:00,-36.08221780882353,-54.826978999999994,15.300711215297332,0,484.22302,2.0,COPDEM90,64.76257297
RGI2000-v7.0-G-19-00768,19,19-03,G323786E54788S,2003-02-07T00:00:00,-36.21470519087296,-54.787878500000005,6.344085665191058,0,343.4209,5.0,COPDEM30,45.26245582
RGI2000-v7.0-G-19-00769,19,19-03,G323788E54768S,2003-02-07T00:00:00,-36.21253709075577,-54.768421000000004,0.012142360564194,0,663.4424,1.0,COPDEM30,11.54269332
RGI2000-v7.0-G-19-00770,19,19-03,G323774E54758S,2003-02-07T00:00:00,-36.22513882689918,-54.75856,19.863034849305663,0,531.1615,6.0,COPDEM90,72.39515070
RGI2000-v7.0-G-19-00771,19,19-03,G323728E54753S,2003-02-07T00:00:00,-36.26779394231592,-54.7518635,3.211703231278632,0,388.39188,6.0,COPDEM30,35.08971569
RGI2000-v7.0-G-19-00772,19,19-03,G323715E54743S,2003-02-07T00:00:00,-36.2900237369204,-54.743247,0.34578928540026,0,379.10306,7.0,COPDEM30,18.23253909
RGI2000-v7.0-G-19-00773,19,19-03,G323717E54739S,2003-02-07T00:00:00,-36.28920248412646,-54.7375475,0.277670466758589,0,380.8165,6.0,COPDEM30,17.37722248
RGI2000-v7.0-G-19-00774,19,19-03,G323709E54729S,2003-02-07T00:00:00,-36.29110867295081,-54.729441,1.579319217472179,0,338.84903,7.0,COPDEM30,27.59393551
RGI2000-v7.0-G-19-00775,19,19-03,G323721E54721S,2003-02-07T00:00:00,-36.2723113084592,-54.722190499999996,11.052078064942538,0,501.46753,7.0,COPDEM30,56.54253217
RGI2000-v7.0-G-19-00776,19,19-03,G323691E54694S,2003-02-07T00:00:00,-36.309302124031014,-54.694022000000004,0.891952768175404,0,502.38153,7.0,COPDEM30,23.22205516
RGI2000-v7.0-G-19-00777,19,19-03,G323688E54685S,2003-02-07T00:00:00,-36.31204686121799,-54.685411,0.115748365724059,0,419.74396,8.0,COPDEM30,14.76305361
RGI2000-v7.0-G-19-00778,19,19-03,G323778E54678S,2003-02-07T00:00:00,-36.27327375244998,-54.6786105,126.77557739779627,0,808.85657,6.0,COPDEM90,100.00000000
RGI2000-v7.0-G-19-00779,19,19-03,G323888E54656S,2003-02-07T00:00:00,-36.115980559635624,-54.6546585,0.12921524341997,0,1868.5951,5.0,COPDEM30,15.03251306
RGI2000-v7.0-G-19-00780,19,19-03,G324039E54638S,2003-02-07T00:00:00,-35.961511788997214,-54.6380185,0.053559206536683,0,416.3568,2.0,COPDEM30,13.24000069
RGI2000-v7.0-G-19-00781,19,19-03,G324030E54613S,2003-02-07T00:00:00,-35.969212649068325,-54.611678999999995,0.440745451744994,0,375.64444,3.0,COPDEM30,19.29441276
RGI2000-v7.0-G-19-00782,19,19-03,G324026E54608S,2003-02-07T00:00:00,-35.97348479481334,-54.607552999999996,0.02712458046038,0,412.70087,8.0,COPDEM30,12.30573584
RGI2000-v7.0-G-19-00783,19,19-03,G324036E54600S,2003-02-07T00:00:00,-35.96306410272189,-54.6004115,0.194221549254325,0,425.4138,5.0,COPDEM30,16.16988036
RGI2000-v7.0-G-19-00784,19,19-03,G324041E54597S,2003-02-07T00:00:00,-35.95915668736142,-54.596812,0.124829622760462,0,445.0187,3.0,COPDEM30,14.94637302
RGI2000-v7.0-G-19-00785,19,19-03,G324040E54593S,2003-02-07T00:00:00,-35.959952832386364,-54.5925475,0.04103509844118,0,401.23102,2.0,COPDEM30,12.83599705
RGI2000-v7.0-G-19-00786,19,19-03,G324031E54592S,2003-02-07T00:00:00,-35.968724333593755,-54.5913835,0.22260585935059,0,375.0309,6.0,COPDEM30,16.60535756
RGI2000-v7.0-G-19-00787,19,19-03,G324036E54587S,2003-02-07T00:00:00,-35.96413214906833,-54.587007,0.026007175218083,0,409.18375,2.0,COPDEM30,12.25774364
RGI2000-v7.0-G-19-00788,19,19-03,G324039E54586S,2003-02-07T00:00:00,-35.960581554347826,-54.5858395,0.017005341315822,0,292.94547,4.0,COPDEM30,11.82566341
RGI2000-v7.0-G-19-00789,19,19-03,G324039E54583S,2003-02-07T00:00:00,-35.9616203125,-54.5829905,0.031118106297549,0,364.4452,3.0,COPDEM30,12.46964549
RGI2000-v7.0-G-19-00790,19,19-03,G323778E54507S,2003-02-07T00:00:00,-36.22221651479089,-54.507357999999996,0.041099953160836,0,996.64264,2.0,COPDEM30,12.83823727
RGI2000-v7.0-G-19-00791,19,19-03,G323777E54505S,2003-02-07T00:00:00,-36.22319434563734,-54.504696499999994,0.020942345848139,0,932.6001,2.0,COPDEM30,12.02600587
RGI2000-v7.0-G-19-00792,19,19-03,G323797E54503S,2003-02-07T00:00:00,-36.237079401549636,-54.4765245,23.649648507032342,0,397.65192,2.0,COPDEM90,78.08326599
RGI2000-v7.0-G-19-00793,19,19-03,G323747E54468S,2003-02-07T00:00:00,-36.25313034395675,-54.4681375,0.620228590819358,0,501.2836,3.0,COPDEM30,21.02564301
RGI2000-v7.0-G-19-00794,19,19-03,G323744E54460S,2003-02-07T00:00:00,-36.25533032936508,-54.460225,0.022847577931809,0,724.3087,1.0,COPDEM30,12.11615814
RGI2000-v7.0-G-19-00795,19,19-03,G323752E54455S,2003-02-07T00:00:00,-36.247204927689594,-54.455878999999996,0.394470738838879,0,434.11945,3.0,COPDEM30,18.79296678
RGI2000-v7.0-G-19-00796,19,19-03,G323774E54434S,2003-02-07T00:00:00,-36.270596199509804,-54.457102500000005,13.18736089020122,0,331.38953,3.0,COPDEM90,60.84016851
RGI2000-v7.0-G-19-00797,19,19-03,G323707E54443S,2003-02-07T00:00:00,-36.29318717213117,-54.442814,0.322230490354866,0,445.9883,8.0,COPDEM30,17.94714893
RGI2000-v7.0-G-19-00798,19,19-03,G323712E54440S,2003-02-07T00:00:00,-36.28867051111111,-54.439724999999996,0.165702963353759,0,506.27863,7.0,COPDEM30,15.69892804
RGI2000-v7.0-G-19-00799,19,19-03,G323708E54428S,2003-02-07T00:00:00,-36.29162190923361,-54.427003,1.073883678000302,0,400.60156,7.0,COPDEM30,24.50797025
RGI2000-v7.0-G-19-00800,19,19-03,G323719E54424S,2003-02-07T00:00:00,-36.280584037858695,-54.423362,0.08553617934994,0,580.1099,2.0,COPDEM30,14.09451965
RGI2000-v7.0-G-19-00801,19,19-03,G323714E54418S,2003-02-07T00:00:00,-36.28586118506493,-54.4182755,0.022914299861925,0,436.93738,3.0,COPDEM30,12.11924580
RGI2000-v7.0-G-19-00802,19,19-03,G323702E54416S,2003-02-07T00:00:00,-36.296362499999994,-54.415947,0.196413194072479,0,475.05475,8.0,COPDEM30,16.20459395
RGI2000-v7.0-G-19-00803,19,19-03,G323690E54416S,2003-02-07T00:00:00,-36.3094106,-54.415726,0.022928288641227,0,388.4225,6.0,COPDEM30,12.11989259
RGI2000-v7.0-G-19-00804,19,19-03,G323682E54415S,2003-02-07T00:00:00,-36.31872979729729,-54.414906,0.032346127364732,0,339.15448,6.0,COPDEM30,12.51790408
RGI2000-v7.0-G-19-00805,19,19-03,G323674E54387S,2003-02-07T00:00:00,-36.32588201658164,-54.3865415,0.023182475019532,0,560.8825,1.0,COPDEM30,12.13161092
RGI2000-v7.0-G-19-00806,19,19-03,G323675E54384S,2003-02-07T00:00:00,-36.326904524648114,-54.383987,0.071818005563334,0,443.94882,2.0,COPDEM30,13.75184343
RGI2000-v7.0-G-19-00807,19,19-03,G323703E54360S,2003-02-07T00:00:00,-36.296848098484844,-54.359979499999994,0.055710236666128,0,439.75305,3.0,COPDEM30,13.30442225
RGI2000-v7.0-G-19-00808,19,19-03,G323705E54357S,2003-02-07T00:00:00,-36.295620977403956,-54.3571315,0.032737927228135,0,391.32187,3.0,COPDEM30,12.53310753
RGI2000-v7.0-G-19-00809,19,19-03,G323693E54339S,2003-02-07T00:00:00,-36.310951520970576,-54.3391295,0.076630448791881,0,494.24,5.0,COPDEM30,13.87550874
RGI2000-v7.0-G-19-00810,19,19-03,G323703E54336S,2003-02-07T00:00:00,-36.29701397138554,-54.3363145,0.41080247778762,0,549.5775,4.0,COPDEM30,18.97314246
RGI2000-v7.0-G-19-00811,19,19-03,G323704E54331S,2003-02-07T00:00:00,-36.29563813907285,-54.330557,0.017835643051213,0,544.88385,3.0,COPDEM30,11.86970213
RGI2000-v7.0-G-19-00812,19,19-03,G323709E54329S,2003-02-07T00:00:00,-36.292973616163565,-54.3278035,0.255364353453069,0,456.665,5.0,COPDEM30,17.07470235
RGI2000-v7.0-G-19-00813,19,19-03,G323716E54326S,2003-02-07T00:00:00,-36.28474793275863,-54.3253345,0.182730275404772,0,512.58844,4.0,COPDEM30,15.98457467
RGI2000-v7.0-G-19-00814,19,19-03,G323723E54321S,2003-02-07T00:00:00,-36.279100630026456,-54.3216135,1.134932066946911,0,508.05286,4.0,COPDEM30,24.91464666
RGI2000-v7.0-G-19-00815,19,19-03,G323698E54323S,2003-02-07T00:00:00,-36.29910054796875,-54.323006500000005,1.795866819851267,0,552.6343,8.0,COPDEM30,28.76139378
RGI2000-v7.0-G-19-00816,19,19-03,G323684E54315S,2003-02-07T00:00:00,-36.31570468513037,-54.315083,0.033303734466014,0,466.40845,2.0,COPDEM30,12.55490351
RGI2000-v7.0-G-19-00817,19,19-03,G323687E54281S,2003-02-07T00:00:00,-36.312170224054626,-54.281378000000004,0.102419483909542,0,414.0682,4.0,COPDEM30,14.48042619
RGI2000-v7.0-G-19-00818,19,19-03,G323748E54414S,2003-02-07T00:00:00,-36.252270757393084,-54.413861,0.054644722851904,0,341.0764,3.0,COPDEM30,13.27266950
RGI2000-v7.0-G-19-00819,19,19-03,G323751E54420S,2003-02-07T00:00:00,-36.25062400893369,-54.419878499999996,0.045449293622215,0,579.94806,2.0,COPDEM30,12.98463759
RGI2000-v7.0-G-19-00820,19,19-03,G323756E54418S,2003-02-07T00:00:00,-36.24434288975068,-54.417965499999994,0.025769155336371,0,448.4071,8.0,COPDEM30,12.24738836
RGI2000-v7.0-G-19-00821,19,19-03,G323749E54425S,2003-02-07T00:00:00,-36.25109718401015,-54.4250055,0.054659978083794,0,490.87085,4.0,COPDEM30,13.27312629
RGI2000-v7.0-G-19-00822,19,19-03,G323730E54427S,2003-02-07T00:00:00,-36.27040930495283,-54.426555,1.142533923761758,0,494.5382,1.0,COPDEM30,24.96451299
RGI2000-v7.0-G-19-00823,19,19-03,G323770E54422S,2003-02-07T00:00:00,-36.230814935699314,-54.422053500000004,0.063254545572098,0,426.3626,4.0,COPDEM30,13.52106389
RGI2000-v7.0-G-19-00824,19,19-03,G323773E54418S,2003-02-07T00:00:00,-36.22724938364641,-54.417745,0.037404201866183,0,344.15228,3.0,COPDEM30,12.70762323
RGI2000-v7.0-G-19-00825,19,19-03,G323641E54494S,2003-02-07T00:00:00,-36.35877405060182,-54.493367500000005,0.032270723741591,0,1627.1924,4.0,COPDEM30,12.51496757
RGI2000-v7.0-G-19-00826,19,19-03,G323174E54395S,2003-02-07T00:00:00,-36.82534824684542,-54.39554,0.314146152170459,0,440.28128,6.0,COPDEM30,17.84682393
RGI2000-v7.0-G-19-00827,19,19-03,G323175E54389S,2003-02-07T00:00:00,-36.825875472395474,-54.3894945,0.644059442261836,0,601.318,7.0,COPDEM30,21.23546397
RGI2000-v7.0-G-19-00828,19,19-03,G323178E54376S,2003-02-07T00:00:00,-36.824248507165606,-54.3764155,4.73853837047712,0,553.69415,6.0,COPDEM30,40.47545768
RGI2000-v7.0-G-19-00829,19,19-03,G323155E54367S,2003-02-07T00:00:00,-36.845135325276246,-54.3668305,1.375922350252109,0,545.8898,7.0,COPDEM30,26.42196032
RGI2000-v7.0-G-19-00830,19,19-03,G323247E54347S,2003-02-07T00:00:00,-36.82591249021414,-54.343481499999996,85.72962890004679,0,947.57983,6.0,COPDEM90,100.00000000
RGI2000-v7.0-G-19-00831,19,19-03,G323161E54328S,2003-02-07T00:00:00,-36.838851863863155,-54.3282865,0.023209641358102,0,824.43353,4.0,COPDEM30,12.13285951
RGI2000-v7.0-G-19-00832,19,19-03,G323142E54311S,2003-02-07T00:00:00,-36.866529137207166,-54.315256000000005,17.779856839381534,0,998.6798,5.0,COPDEM90,69.03263454
RGI2000-v7.0-G-19-00833,19,19-03,G323097E54299S,2003-02-07T00:00:00,-36.90903759058899,-54.306284,23.588955831399588,0,1207.7732,5.0,COPDEM90,77.99584798
RGI2000-v7.0-G-19-00834,19,19-03,G323039E54321S,2003-02-07T00:00:00,-36.952775458095616,-54.3184035,20.64396378928659,0,794.1592,5.0,COPDEM90,73.60988054
RGI2000-v7.0-G-19-00835,19,19-03,G323019E54345S,2003-02-07T00:00:00,-36.97752593239565,-54.34518,1.168907831558875,0,284.4599,3.0,COPDEM30,25.13624574
RGI2000-v7.0-G-19-00836,19,19-03,G323019E54354S,2003-02-07T00:00:00,-36.980411090845465,-54.3542495,0.094892761955212,0,308.36615,4.0,COPDEM30,14.31265363
RGI2000-v7.0-G-19-00837,19,19-03,G323014E54355S,2003-02-07T00:00:00,-36.98646251229508,-54.355050500000004,0.045904924007551,0,496.20087,4.0,COPDEM30,12.99956082
RGI2000-v7.0-G-19-00838,19,19-03,G322999E54346S,2003-02-07T00:00:00,-37.00104334473694,-54.346365,2.180080281107728,0,547.894,5.0,COPDEM30,30.67113289
RGI2000-v7.0-G-19-00839,19,19-03,G322982E54347S,2003-02-07T00:00:00,-37.012023578299484,-54.342639000000005,0.429006307790311,0,757.2748,5.0,COPDEM30,19.16980023
RGI2000-v7.0-G-19-00840,19,19-03,G322971E54337S,2003-02-07T00:00:00,-37.028149133186595,-54.337004500000006,1.217964039600079,0,526.50653,6.0,COPDEM30,25.45059713
RGI2000-v7.0-G-19-00841,19,19-03,G323004E54337S,2003-02-07T00:00:00,-36.99541970205479,-54.336573,0.184717790780408,0,819.54114,2.0,COPDEM30,16.01703307
RGI2000-v7.0-G-19-00842,19,19-03,G323037E54350S,2003-02-07T00:00:00,-36.96264382895623,-54.3500455,0.138364320333327,0,322.7901,5.0,COPDEM30,15.20762967
RGI2000-v7.0-G-19-00843,19,19-03,G322971E54305S,2003-02-07T00:00:00,-37.00602064655172,-54.305100499999995,26.684496320775775,0,654.1013,7.0,COPDEM90,82.31985397
RGI2000-v7.0-G-19-00844,19,19-03,G322942E54324S,2003-02-07T00:00:00,-37.05820081827045,-54.324208,0.0263747282942,0,447.3034,7.0,COPDEM30,12.27364174
RGI2000-v7.0-G-19-00845,19,19-03,G322979E54255S,2003-02-07T00:00:00,-37.03359645179373,-54.249542000000005,71.61820643297948,0,785.178,6.0,COPDEM90,100.00000000
RGI2000-v7.0-G-19-00846,19,19-03,G322847E54243S,2003-02-07T00:00:00,-37.12651316395464,-54.243956499999996,7.754409672151978,0,581.2352,7.0,COPDEM30,48.98543697
RGI2000-v7.0-G-19-00847,19,19-03,G322852E54256S,2003-02-07T00:00:00,-37.14476835035722,-54.251907,1.195670219482775,0,569.78406,5.0,COPDEM30,25.30853889
RGI2000-v7.0-G-19-00848,19,19-03,G322871E54257S,2003-02-07T00:00:00,-37.13271087065825,-54.25817,2.637822230142761,0,410.95093,6.0,COPDEM30,32.73792332
RGI2000-v7.0-G-19-00849,19,19-03,G322801E54243S,2003-02-07T00:00:00,-37.200365226315796,-54.242079000000004,0.562542935261443,0,542.83984,6.0,COPDEM30,20.50040072
RGI2000-v7.0-G-19-00850,19,19-03,G322734E54230S,2003-02-07T00:00:00,-37.26651373076923,-54.2300435,0.13036932320792,0,274.21686,5.0,COPDEM30,15.05493693
RGI2000-v7.0-G-19-00851,19,19-03,G322730E54225S,2003-02-07T00:00:00,-37.26873181164606,-54.2248695,0.328919913064884,0,591.53674,5.0,COPDEM30,18.02921559
RGI2000-v7.0-G-19-00852,19,19-03,G322728E54221S,2003-02-07T00:00:00,-37.27202511129381,-54.2211415,0.131878621473935,0,532.7553,7.0,COPDEM30,15.08411347
RGI2000-v7.0-G-19-00853,19,19-03,G322722E54226S,2003-02-07T00:00:00,-37.27714454284153,-54.2255315,0.095660048975837,0,489.10306,8.0,COPDEM30,14.33005423
RGI2000-v7.0-G-19-00854,19,19-03,G322718E54230S,2003-02-07T00:00:00,-37.28352902125519,-54.2303345,0.184345859706134,0,433.2729,4.0,COPDEM30,16.01097234
RGI2000-v7.0-G-19-00855,19,19-03,G322716E54212S,2003-02-07T00:00:00,-37.28208698413467,-54.2125755,6.059813559923145,0,584.1196,5.0,COPDEM30,44.46336399
RGI2000-v7.0-G-19-00856,19,19-03,G322685E54207S,2003-02-07T00:00:00,-37.31615298340249,-54.2092155,3.242459431234662,0,556.6273,5.0,COPDEM30,35.20956264
RGI2000-v7.0-G-19-00857,19,19-03,G322671E54211S,2003-02-07T00:00:00,-37.32754232248158,-54.210261,0.19055153739434,0,461.44705,7.0,COPDEM30,16.11130930
RGI2000-v7.0-G-19-00858,19,19-03,G322651E54203S,2003-02-07T00:00:00,-37.34939194614253,-54.202508,0.80256408335781,0,497.22003,4.0,COPDEM30,22.54203175
RGI2000-v7.0-G-19-00859,19,19-03,G322638E54201S,2003-02-07T00:00:00,-37.361008610449524,-54.200626,0.630765840156393,0,551.04675,6.0,COPDEM30,21.11890753
RGI2000-v7.0-G-19-00860,19,19-03,G322628E54197S,2003-02-07T00:00:00,-37.37514389523962,-54.198844,0.564100110349798,0,399.90567,5.0,COPDEM30,20.51492376
RGI2000-v7.0-G-19-00861,19,19-03,G322624E54190S,2003-02-07T00:00:00,-37.37428884850581,-54.1898725,0.704618257124785,0,409.6351,8.0,COPDEM30,21.75181596
RGI2000-v7.0-G-19-00862,19,19-03,G322654E54189S,2003-02-07T00:00:00,-37.34673331803279,-54.189009999999996,5.014738345423655,0,482.84357,1.0,COPDEM30,41.35105605
RGI2000-v7.0-G-19-00863,19,19-03,G322662E54254S,2003-02-07T00:00:00,-37.33853493303572,-54.253416,0.415327535156336,0,442.98096,2.0,COPDEM30,19.02242744
RGI2000-v7.0-G-19-00864,19,19-03,G322650E54255S,2003-02-07T00:00:00,-37.349977507380075,-54.255089,0.193659352903631,0,402.11795,8.0,COPDEM30,16.16094418
RGI2000-v7.0-G-19-00865,19,19-03,G322675E54255S,2003-02-07T00:00:00,-37.325662597760726,-54.253924999999995,0.609566580923287,0,478.50513,2.0,COPDEM30,20.93046430
RGI2000-v7.0-G-19-00866,19,19-03,G322692E54253S,2003-02-07T00:00:00,-37.30759052122093,-54.2523145,1.106322268576324,0,511.85898,3.0,COPDEM30,24.72545974
RGI2000-v7.0-G-19-00867,19,19-03,G322625E54258S,2003-02-07T00:00:00,-37.37505972376097,-54.2575885,0.045022409621076,0,337.94794,3.0,COPDEM30,12.97058787
RGI2000-v7.0-G-19-00868,19,19-03,G322620E54259S,2003-02-07T00:00:00,-37.3804801751004,-54.259308,0.204123310447148,0,488.38712,3.0,COPDEM30,16.32520109
RGI2000-v7.0-G-19-00869,19,19-03,G322608E54259S,2003-02-07T00:00:00,-37.38933363469624,-54.258603,0.083320836652619,0,349.2897,1.0,COPDEM30,14.04114884
RGI2000-v7.0-G-19-00870,19,19-03,G322435E54159S,2003-02-07T00:00:00,-37.56496923562278,-54.159347,0.148457611128868,0,493.87952,1.0,COPDEM30,15.39422764
RGI2000-v7.0-G-19-00871,19,19-03,G322407E54161S,2003-02-07T00:00:00,-37.59141134210526,-54.161218,0.738108191899059,0,433.3147,4.0,COPDEM30,22.02785125
RGI2000-v7.0-G-19-00872,19,19-03,G322393E54161S,2003-02-07T00:00:00,-37.60785598019125,-54.1612235,0.728331018547729,0,470.60938,5.0,COPDEM30,21.94792365
RGI2000-v7.0-G-19-00873,19,19-03,G322375E54161S,2003-02-07T00:00:00,-37.62690285682818,-54.161049500000004,1.017036675933588,0,464.43365,5.0,COPDEM30,24.11875308
RGI2000-v7.0-G-19-00874,19,19-03,G322361E54165S,2003-02-07T00:00:00,-37.63439002318066,-54.165181000000004,1.062516448490842,0,482.36063,4.0,COPDEM30,24.43098139
RGI2000-v7.0-G-19-00875,19,19-03,G322350E54166S,2003-02-07T00:00:00,-37.648559275,-54.165189,0.168653121844706,0,720.37384,7.0,COPDEM30,15.74943579
RGI2000-v7.0-G-19-00876,19,19-03,G322347E54163S,2003-02-07T00:00:00,-37.6528144119403,-54.162802,0.075553143696216,0,372.54318,1.0,COPDEM30,13.84817050
RGI2000-v7.0-G-19-00877,19,19-03,G322343E54146S,2003-02-07T00:00:00,-37.655873180708184,-54.146751,0.645321211445051,0,463.35254,5.0,COPDEM30,21.24646422
RGI2000-v7.0-G-19-00878,19,19-03,G322327E54145S,2003-02-07T00:00:00,-37.67116681325301,-54.1459185,0.2686178526125,0,516.7264,7.0,COPDEM30,17.25596989
RGI2000-v7.0-G-19-00879,19,19-03,G322322E54142S,2003-02-07T00:00:00,-37.67992687142856,-54.139182,0.182015485421345,0,451.44418,2.0,COPDEM30,15.97285821
RGI2000-v7.0-G-19-00880,19,19-03,G322315E54141S,2003-02-07T00:00:00,-37.68557395620748,-54.140518,0.183564294818526,0,433.23984,2.0,COPDEM30,15.99821655
RGI2000-v7.0-G-19-00881,19,19-03,G322347E54136S,2003-02-07T00:00:00,-37.651148537269584,-54.1361645,3.857413955706503,0,555.74347,8.0,COPDEM30,37.49642041
RGI2000-v7.0-G-19-00882,19,19-03,G322358E54128S,2003-02-07T00:00:00,-37.64262550679601,-54.1271165,0.238799605125139,0,545.65,1.0,COPDEM30,16.84139771
RGI2000-v7.0-G-19-00883,19,19-03,G322349E54126S,2003-02-07T00:00:00,-37.650746037162165,-54.125702000000004,0.084859978937173,0,400.15994,1.0,COPDEM30,14.07830306
RGI2000-v7.0-G-19-00884,19,19-03,G322386E54120S,2003-02-07T00:00:00,-37.61538658350331,-54.1192995,10.192688399701384,0,419.96164,8.0,COPDEM30,54.69638605
RGI2000-v7.0-G-19-00885,19,19-03,G322364E54106S,2003-02-07T00:00:00,-37.635398471789884,-54.1055745,0.407205547871397,0,523.45154,6.0,COPDEM30,18.93377229
RGI2000-v7.0-G-19-00886,19,19-03,G322387E54094S,2003-02-07T00:00:00,-37.612760223577254,-54.0946385,0.706734505825074,0,614.2722,8.0,COPDEM30,21.76945042
RGI2000-v7.0-G-19-00887,19,19-03,G322403E54082S,2003-02-07T00:00:00,-37.60429956631097,-54.0827735,3.968566345513195,0,290.2279,8.0,COPDEM30,37.88976521
RGI2000-v7.0-G-19-00888,19,19-03,G322386E54072S,2003-02-07T00:00:00,-37.61504887211456,-54.071433999999996,0.049359476967368,0,276.43414,1.0,COPDEM30,13.11037899
RGI2000-v7.0-G-19-00889,19,19-03,G322396E54069S,2003-02-07T00:00:00,-37.603616856446095,-54.067747499999996,0.135393287632474,0,274.25726,1.0,COPDEM30,15.15141576
RGI2000-v7.0-G-19-00890,19,19-03,G322435E54060S,2003-02-07T00:00:00,-37.57544884827993,-54.0632485,22.40679192679344,0,329.07477,8.0,COPDEM90,76.27013820
RGI2000-v7.0-G-19-00891,19,19-03,G322357E54084S,2003-02-07T00:00:00,-37.64412410620842,-54.083459,0.030544332109671,0,282.97696,2.0,COPDEM30,12.44677116
RGI2000-v7.0-G-19-00892,19,19-03,G322350E54084S,2003-02-07T00:00:00,-37.651162110523515,-54.083839499999996,0.233635452426668,0,476.27917,1.0,COPDEM30,16.76701919
RGI2000-v7.0-G-19-00893,19,19-03,G322342E54089S,2003-02-07T00:00:00,-37.66530553749814,-54.089413,0.452971870225433,0,390.0535,4.0,COPDEM30,19.42244589
RGI2000-v7.0-G-19-00894,19,19-03,G322314E54091S,2003-02-07T00:00:00,-37.68549593181818,-54.091629,0.146275720623273,0,364.36066,1.0,COPDEM30,15.35444126
RGI2000-v7.0-G-19-00895,19,19-03,G322303E54095S,2003-02-07T00:00:00,-37.692902547297294,-54.0931815,0.157463741663717,0,465.66324,1.0,COPDEM30,15.55543818
RGI2000-v7.0-G-19-00896,19,19-03,G322366E54150S,2003-02-07T00:00:00,-37.634028529774994,-54.1507895,1.195060458536483,0,553.0817,5.0,COPDEM30,25.30463491
RGI2000-v7.0-G-19-00897,19,19-03,G322394E54147S,2003-02-07T00:00:00,-37.608572574260535,-54.145176500000005,4.761119184094055,0,493.27277,4.0,COPDEM30,40.54798455
RGI2000-v7.0-G-19-00898,19,19-03,G322419E54145S,2003-02-07T00:00:00,-37.580821539469596,-54.1446665,0.040131570503076,0,408.2644,4.0,COPDEM30,12.80460119
RGI2000-v7.0-G-19-00899,19,19-03,G322422E54145S,2003-02-07T00:00:00,-37.577790233606564,-54.144802,0.025162211754452,0,370.26184,5.0,COPDEM30,12.22076417
RGI2000-v7.0-G-19-00900,19,19-03,G322418E54137S,2003-02-07T00:00:00,-37.58190872524752,-54.137578500000004,1.972894200857483,0,464.55444,4.0,COPDEM30,29.66436532
RGI2000-v7.0-G-19-00901,19,19-03,G322436E54111S,2003-02-07T00:00:00,-37.54406381756284,-54.111916,18.666994925419143,0,392.7928,4.0,COPDEM90,70.48744502
RGI2000-v7.0-G-19-00902,19,19-03,G322609E54000S,2003-02-07T00:00:00,-37.391335173959064,-53.999767,0.030042889859547,0,336.07477,3.0,COPDEM30,12.42660388
RGI2000-v7.0-G-19-00903,19,19-03,G322301E54000S,2003-02-07T00:00:00,-37.69980650952168,-53.9996365,0.045736225812399,0,207.82144,4.0,COPDEM30,12.99404413
RGI2000-v7.0-G-19-00904,19,19-03,G322296E54003S,2003-02-07T00:00:00,-37.704624521288515,-54.0023095,0.110569591939743,0,235.74783,3.0,COPDEM30,14.65528087
RGI2000-v7.0-G-19-00905,19,19-03,G322291E54004S,2003-02-07T00:00:00,-37.708854062499995,-54.0039355,0.031792336815194,0,306.72888,5.0,COPDEM30,12.49625680
RGI2000-v7.0-G-19-00906,19,19-03,G322278E53999S,2003-02-07T00:00:00,-37.72586032189585,-53.999193500000004,0.894108902420735,0,349.10263,2.0,COPDEM30,23.23802647
RGI2000-v7.0-G-19-00907,19,19-03,G322265E53994S,2002-05-02T00:00:00,-37.732845299180326,-53.9940695,0.691464316099162,0,358.55814,7.0,COPDEM30,21.64160667
RGI2000-v7.0-G-19-00908,19,19-03,G322273E53991S,2003-02-07T00:00:00,-37.72749085377358,-53.9907295,0.359099992067409,0,384.93253,3.0,COPDEM30,18.38949334
RGI2000-v7.0-G-19-00909,19,19-03,G322271E53986S,2003-02-07T00:00:00,-37.72910373431629,-53.986208500000004,0.055362679646174,0,371.09625,2.0,COPDEM30,13.29409854
RGI2000-v7.0-G-19-00910,19,19-03,G322268E53986S,2002-05-02T00:00:00,-37.732594058818734,-53.986114,0.042245805203659,0,386.73563,1.0,COPDEM30,12.87752981
RGI2000-v7.0-G-19-00911,19,19-03,G322818E54166S,2003-02-07T00:00:00,-37.17962555861167,-54.164281,21.106728683520398,0,460.02988,1.0,COPDEM90,74.31888387
RGI2000-v7.0-G-19-00912,19,19-03,G322872E54151S,2003-02-07T00:00:00,-37.11587870968468,-54.154363000000004,30.96370325761247,0,451.42245,1.0,COPDEM90,87.90305410
RGI2000-v7.0-G-19-00913,19,19-03,G322849E54209S,2003-02-07T00:00:00,-37.13894381602577,-54.210085,87.02279262816106,0,667.91516,6.0,COPDEM90,100.00000000
RGI2000-v7.0-G-19-00914,19,19-03,G322956E54162S,2003-02-07T00:00:00,-36.968529539473685,-54.1688495,62.34008588437907,0,525.3719,1.0,COPDEM90,100.00000000
RGI2000-v7.0-G-19-00915,19,19-03,G323053E54190S,2003-02-07T00:00:00,-36.947590287604456,-54.189603000000005,0.023633625261353,0,1004.4916,2.0,COPDEM30,12.15225244
RGI2000-v7.0-G-19-00916,19,19-03,G323109E54147S,2003-02-07T00:00:00,-36.895130235884096,-54.147723,51.88202142650113,0,528.819,2.0,COPDEM90,100.00000000
RGI2000-v7.0-G-19-00917,19,19-03,G323041E54121S,2003-02-07T00:00:00,-36.96053713247434,-54.1221435,4.591992710713056,0,441.21848,7.0,COPDEM30,40.00050952
RGI2000-v7.0-G-19-00918,19,19-03,G323167E54229S,2003-02-07T00:00:00,-36.8333564960733,-54.228786,0.05507947327542,0,639.0188,4.0,COPDEM30,13.28566230
RGI2000-v7.0-G-19-00919,19,19-03,G323173E54259S,2003-02-07T00:00:00,-36.82694668650218,-54.2590925,0.020479918135644,0,534.09076,1.0,COPDEM30,12.00351290
RGI2000-v7.0-G-19-00920,19,19-03,G323173E54263S,2003-02-07T00:00:00,-36.82752506556261,-54.2626205,0.10919938641249,0,867.73254,1.0,COPDEM30,14.62634626
RGI2000-v7.0-G-19-00921,19,19-03,G323161E54277S,2003-02-07T00:00:00,-36.83890708763587,-54.2765665,0.01924805785057,0,1114.6106,1.0,COPDEM30,11.94232318
RGI2000-v7.0-G-19-00922,19,19-03,G323165E54244S,2003-02-07T00:00:00,-36.87434284605435,-54.249076,112.9495247719648,0,432.89526,2.0,COPDEM90,100.00000000
RGI2000-v7.0-G-19-00923,19,19-03,G323215E54259S,2003-02-07T00:00:00,-36.784935542766945,-54.2587595,0.190591079057883,0,633.5763,1.0,COPDEM30,16.11194335
RGI2000-v7.0-G-19-00924,19,19-03,G322918E54490S,2003-02-07T00:00:00,-37.08137745595855,-54.489943,0.086623495281373,0,396.63577,3.0,COPDEM30,14.12046176
RGI2000-v7.0-G-19-00925,19,19-03,G332413E56295S,2017-12-27T00:00:00,-27.58733675244499,-56.2951725,0.024372721494365,0,386.71707,1.0,COPDEM30,12.18564714
RGI2000-v7.0-G-19-00926,19,19-03,G332425E56297S,2017-12-27T00:00:00,-27.575154594303797,-56.296881,0.207326824781739,0,164.45963,3.0,COPDEM30,16.37464177
RGI2000-v7.0-G-19-00927,19,19-03,G332781E56696S,2004-02-09T00:00:00,-27.219436086122943,-56.6955445,2.982355215399032,0,701.0,1.0,DEM3,34.17729559
RGI2000-v7.0-G-19-00928,19,19-03,G332776E56709S,2004-02-09T00:00:00,-27.224127085269792,-56.7093415,5.578068305009793,0,814.0,7.0,DEM3,43.06510831
RGI2000-v7.0-G-19-00929,19,19-03,G332767E56721S,2004-02-09T00:00:00,-27.23252615451191,-56.721256,0.971854662718259,0,529.0,6.0,DEM3,23.80157650
RGI2000-v7.0-G-19-00930,19,19-03,G332784E56722S,2004-02-09T00:00:00,-27.215583561808266,-56.7222725,0.695228979975859,0,648.0,5.0,DEM3,21.67325490
RGI2000-v7.0-G-19-00931,19,19-03,G332800E56722S,2004-02-09T00:00:00,-27.200354005636456,-56.721824999999995,1.538130853909663,0,538.0,4.0,DEM3,27.36299650
RGI2000-v7.0-G-19-00932,19,19-03,G332819E56718S,2004-02-09T00:00:00,-27.17730848392084,-56.716918,3.404490805786391,0,413.0,4.0,DEM3,35.83176722
RGI2000-v7.0-G-19-00933,19,19-03,G332820E56703S,2004-02-09T00:00:00,-27.161938952278923,-56.701915,5.231711958311712,0,329.5,2.0,DEM3,42.02211023
RGI2000-v7.0-G-19-00934,19,19-03,G332809E56696S,2004-02-09T00:00:00,-27.190998530189496,-56.695922499999995,2.733058101153099,0,485.0,2.0,DEM3,33.14474860
RGI2000-v7.0-G-19-00935,19,19-03,G333175E57119S,2016-01-01T00:00:00,-26.824669795066416,-57.119432,0.078069454187825,0,342.03024,5.0,COPDEM30,13.91172763
RGI2000-v7.0-G-19-00936,19,19-03,G333286E57103S,2016-01-01T00:00:00,-26.714007557663695,-57.1030595,1.079924720047839,0,155.5585,7.0,COPDEM30,24.54871971
RGI2000-v7.0-G-19-00937,19,19-03,G333297E57107S,2016-01-01T00:00:00,-26.702938884328354,-57.1068455,0.426562029926713,0,183.4826,5.0,COPDEM30,19.14364030
RGI2000-v7.0-G-19-00938,19,19-03,G333301E57104S,2016-01-01T00:00:00,-26.698679438886643,-57.103770499999996,0.486627903021074,0,359.18784,4.0,COPDEM30,19.76622081
RGI2000-v7.0-G-19-00939,19,19-03,G333302E57094S,2016-01-01T00:00:00,-26.697743951144727,-57.093781,0.641183764155084,0,298.34448,2.0,COPDEM30,21.21035315
RGI2000-v7.0-G-19-00940,19,19-03,G333292E57090S,2016-01-01T00:00:00,-26.70848505406797,-57.090163000000004,0.611978458930815,0,264.61963,8.0,COPDEM30,20.95206729
RGI2000-v7.0-G-19-00941,19,19-03,G333286E57096S,2016-01-01T00:00:00,-26.713639442283164,-57.0955385,0.515509223343829,0,226.58676,7.0,COPDEM30,20.05185594
RGI2000-v7.0-G-19-00942,19,19-03,G333501E57799S,2004-02-09T00:00:00,-26.498999038912324,-57.799105,20.357597241505182,0,263.81033,8.0,COPDEM90,73.16715174
RGI2000-v7.0-G-19-00943,19,19-03,G333667E58422S,2011-01-04T00:00:00,-26.380719777603375,-58.4582125,100.81094392505369,0,454.99274,4.0,COPDEM90,100.00000000
RGI2000-v7.0-G-19-00944,19,19-03,G333445E58991S,2011-01-04T00:00:00,-26.555037659110916,-58.9912995,18.489810623058293,0,300.79944,8.0,COPDEM90,70.19969171
RGI2000-v7.0-G-19-00945,19,19-03,G333507E58997S,2011-01-04T00:00:00,-26.4926630077496,-58.9965215,9.251922629823744,0,287.53613,2.0,COPDEM30,52.58376258
RGI2000-v7.0-G-19-00946,19,19-03,G333500E59036S,2011-01-04T00:00:00,-26.499589418271214,-59.035703999999996,15.433225909725488,0,339.37903,4.0,COPDEM90,64.99920252
RGI2000-v7.0-G-19-00947,19,19-03,G333408E59043S,2011-01-04T00:00:00,-26.558954138636363,-59.0314665,18.61888986565073,0,328.7656,6.0,COPDEM90,70.40945633
RGI2000-v7.0-G-19-00948,19,19-03,G332921E59414S,2011-01-04T00:00:00,-27.079227750558037,-59.4137145,0.013589166363937,0,87.13526,4.0,COPDEM30,11.63201612
RGI2000-v7.0-G-19-00949,19,19-03,G332913E59414S,2011-01-04T00:00:00,-27.086909789321783,-59.414086999999995,0.045897287433421,0,91.38483,5.0,COPDEM30,12.99931131
RGI2000-v7.0-G-19-00950,19,19-03,G332849E59446S,2011-01-04T00:00:00,-27.151484282329168,-59.445664,3.626164979975504,0,388.89145,3.0,COPDEM30,36.65948867
RGI2000-v7.0-G-19-00951,19,19-03,G332808E59469S,2011-01-04T00:00:00,-27.164266274505046,-59.4571495,1.036121486076168,0,280.2386,5.0,COPDEM30,24.25060740
RGI2000-v7.0-G-19-00952,19,19-03,G332816E59447S,2011-01-04T00:00:00,-27.196839216752387,-59.446959,6.480530206422365,0,423.01575,6.0,COPDEM30,45.63963974
RGI2000-v7.0-G-19-00953,19,19-03,G332782E59436S,2011-01-04T00:00:00,-27.217891137500473,-59.4363035,3.463140741967422,0,191.08727,7.0,COPDEM30,36.05332197
RGI2000-v7.0-G-19-00954,19,19-03,G332827E59430S,2011-01-04T00:00:00,-27.172787165566078,-59.429936999999995,3.53394522468252,0,367.37463,1.0,COPDEM30,36.31830663
RGI2000-v7.0-G-19-00955,19,19-03,G332635E59450S,2011-01-04T00:00:00,-27.377958620142792,-59.436566,14.389311436745185,0,289.48883,6.0,COPDEM90,63.10654424
RGI2000-v7.0-G-19-00956,19,19-03,G003324E54445S,2021-02-26T00:00:00,3.324456488987636,-54.441567000000006,0.890508013729311,0,532.02496,5.0,COPDEM30,23.21134250
RGI2000-v7.0-G-19-00957,19,19-03,G003333E54444S,2021-02-26T00:00:00,3.334550735812286,-54.4420155,1.478450442526583,0,448.5147,4.0,COPDEM30,27.02281665
RGI2000-v7.0-G-19-00958,19,19-03,G003313E54427S,2021-02-26T00:00:00,3.315554181922805,-54.428715499999996,2.571472529272837,0,612.63574,6.0,COPDEM30,32.45013621
RGI2000-v7.0-G-19-00959,19,19-03,G003313E54421S,2021-02-26T00:00:00,3.313318234912144,-54.421098,0.895540072603841,0,578.5609,7.0,COPDEM30,23.24861707
RGI2000-v7.0-G-19-00960,19,19-03,G003296E54422S,2021-02-26T00:00:00,3.30345541564029,-54.418519,1.093579458317909,0,574.4475,7.0,COPDEM30,24.64040894
RGI2000-v7.0-G-19-00961,19,19-03,G003296E54410S,2021-02-26T00:00:00,3.295651314600063,-54.409924000000004,0.0609114501719,0,179.97742,7.0,COPDEM30,13.45523432
RGI2000-v7.0-G-19-00962,19,19-03,G003299E54407S,2021-02-26T00:00:00,3.312719577270602,-54.409388,3.045042677882863,0,487.77362,1.0,COPDEM30,34.43007091
RGI2000-v7.0-G-19-00963,19,19-03,G003334E54417S,2021-02-26T00:00:00,3.33891295964878,-54.4139155,5.545854718961401,0,518.7032,8.0,COPDEM30,42.96949385
RGI2000-v7.0-G-19-00964,19,19-03,G003345E54400S,2021-02-26T00:00:00,3.345242788613718,-54.400395,0.344349265143696,0,323.1715,8.0,COPDEM30,18.21537923
RGI2000-v7.0-G-19-00965,19,19-03,G003353E54397S,2021-02-26T00:00:00,3.353372086276332,-54.3967205,0.364730311739202,0,294.0497,1.0,COPDEM30,18.45500687
RGI2000-v7.0-G-19-00966,19,19-03,G003390E54422S,2021-02-26T00:00:00,3.396309899109792,-54.421053,27.16529710860137,0,287.04205,3.0,COPDEM90,82.96847424
RGI2000-v7.0-G-19-00967,19,19-04,G037714E46897S,1966-03-01T00:00:00,37.7147274609589,-46.896885,0.527697956284958,0,1048.0294,1.0,COPDEM30,20.16999506
RGI2000-v7.0-G-19-00968,19,19-04,G068800E49603S,2001-11-27T00:00:00,68.79953272727272,-49.603285,0.028911995253488,0,526.87964,3.0,COPDEM30,12.38049387
RGI2000-v7.0-G-19-00969,19,19-04,G068802E49600S,2001-11-27T00:00:00,68.81038613636365,-49.598789999999994,0.349869899414,0,713.7606,5.0,COPDEM30,18.28097218
RGI2000-v7.0-G-19-00970,19,19-04,G068815E49594S,2001-11-27T00:00:00,68.80785074166666,-49.591584999999995,0.641332427643341,0,723.78125,1.0,COPDEM30,21.21165268
RGI2000-v7.0-G-19-00971,19,19-04,G068822E49610S,2001-11-27T00:00:00,68.82422913319239,-49.605715000000004,4.292994793842285,0,835.43176,7.0,COPDEM30,39.00736078
RGI2000-v7.0-G-19-00972,19,19-04,G068828E49616S,2001-11-27T00:00:00,68.82847282793651,-49.615734,0.452298215795259,0,867.2683,8.0,COPDEM30,19.41543681
RGI2000-v7.0-G-19-00973,19,19-04,G068828E49621S,2001-11-27T00:00:00,68.82797033613446,-49.62115,0.583413687094574,0,802.1543,4.0,COPDEM30,20.69341305
RGI2000-v7.0-G-19-00974,19,19-04,G068839E49618S,2001-11-27T00:00:00,68.83921920241241,-49.6184925,0.919336530649585,0,812.27966,5.0,COPDEM30,23.42348539
RGI2000-v7.0-G-19-00975,19,19-04,G068850E49621S,2001-11-27T00:00:00,68.84986514670868,-49.6205545,0.24001980316202,0,784.8239,4.0,COPDEM30,16.85885424
RGI2000-v7.0-G-19-00976,19,19-04,G068849E49622S,2001-11-27T00:00:00,68.85363855676691,-49.6164305,3.361595822837765,0,953.3292,5.0,COPDEM30,35.66851732
RGI2000-v7.0-G-19-00977,19,19-04,G068867E49625S,2001-11-27T00:00:00,68.86698247747142,-49.625029999999995,0.500320262465931,0,1015.47595,7.0,COPDEM30,19.90266487
RGI2000-v7.0-G-19-00978,19,19-04,G068876E49637S,2001-11-27T00:00:00,68.87081824002769,-49.634433,1.023884965562855,0,707.4528,4.0,COPDEM30,24.16620815
RGI2000-v7.0-G-19-00979,19,19-04,G068855E49636S,2001-11-27T00:00:00,68.85513544100066,-49.636433,0.898433544837616,0,772.964,4.0,COPDEM30,23.27000282
RGI2000-v7.0-G-19-00980,19,19-04,G068857E49642S,2001-11-27T00:00:00,68.85709009754673,-49.6420945,0.064164963820508,0,636.6869,3.0,COPDEM30,13.54631258
RGI2000-v7.0-G-19-00981,19,19-04,G068851E49644S,2001-11-27T00:00:00,68.85088542313916,-49.643968,0.042842028777846,0,792.5831,3.0,COPDEM30,12.89776425
RGI2000-v7.0-G-19-00982,19,19-04,G068847E49643S,2001-11-27T00:00:00,68.84701950263158,-49.645939999999996,0.085040859469342,0,872.2396,2.0,COPDEM30,14.08264724
RGI2000-v7.0-G-19-00983,19,19-04,G068851E49649S,2001-11-27T00:00:00,68.85098271931113,-49.648776999999995,0.031594724043532,0,870.7443,2.0,COPDEM30,12.48848667
RGI2000-v7.0-G-19-00984,19,19-04,G068852E49661S,2001-11-27T00:00:00,68.85351608813264,-49.653587,0.135116150472943,0,743.19244,4.0,COPDEM30,15.14614083
RGI2000-v7.0-G-19-00985,19,19-04,G068849E49656S,2001-11-27T00:00:00,68.84864464303904,-49.6555885,0.109143473652491,0,767.25336,4.0,COPDEM30,14.62516171
RGI2000-v7.0-G-19-00986,19,19-04,G068841E49661S,2001-11-27T00:00:00,68.84050404617383,-49.6607445,0.074969663150042,0,728.58954,4.0,COPDEM30,13.83328240
RGI2000-v7.0-G-19-00987,19,19-04,G068835E49663S,2001-11-27T00:00:00,68.83484669999999,-49.6634195,0.042163646685401,0,802.8007,3.0,COPDEM30,12.87473038
RGI2000-v7.0-G-19-00988,19,19-04,G068841E49671S,2001-11-27T00:00:00,68.84101530655742,-49.6709825,0.091280336949426,0,805.84326,3.0,COPDEM30,14.22976903
RGI2000-v7.0-G-19-00989,19,19-04,G068844E49674S,2001-11-27T00:00:00,68.84380063810991,-49.6734955,0.131323502889579,0,745.5998,3.0,COPDEM30,15.07340187
RGI2000-v7.0-G-19-00990,19,19-04,G068849E49673S,2001-11-27T00:00:00,68.84932691284509,-49.673148499999996,0.018863243323222,0,615.03394,3.0,COPDEM30,11.92280932
RGI2000-v7.0-G-19-00991,19,19-04,G068848E49677S,2001-11-27T00:00:00,68.84792568572756,-49.6765635,0.110895097759672,0,691.9595,3.0,COPDEM30,14.66212818
RGI2000-v7.0-G-19-00992,19,19-04,G068854E49675S,2001-11-27T00:00:00,68.85556652636271,-49.674766500000004,0.026353067015087,0,484.44202,4.0,COPDEM30,12.27270789
RGI2000-v7.0-G-19-00993,19,19-04,G068847E49668S,2001-11-27T00:00:00,68.84659734676896,-49.6683235,0.129196496710723,0,665.8831,3.0,COPDEM30,15.03214799
RGI2000-v7.0-G-19-00994,19,19-04,G068826E49671S,2001-11-27T00:00:00,68.83552150225225,-49.6765875,0.242201385024258,0,975.5713,1.0,COPDEM30,16.88995439
RGI2000-v7.0-G-19-00995,19,19-04,G068838E49679S,2001-11-27T00:00:00,68.8383049947125,-49.678855,0.077509914432951,0,1034.0431,2.0,COPDEM30,13.89768434
RGI2000-v7.0-G-19-00996,19,19-04,G068832E49679S,2001-11-27T00:00:00,68.8319186002627,-49.6790845,0.039719268298497,0,1115.7275,8.0,COPDEM30,12.79015709
RGI2000-v7.0-G-19-00997,19,19-04,G068830E49677S,2001-11-27T00:00:00,68.82991021047383,-49.6766955,0.020864601275953,0,1009.4993,8.0,COPDEM30,12.02224179
RGI2000-v7.0-G-19-00998,19,19-04,G068833E49683S,2001-11-27T00:00:00,68.83287125414157,-49.6831875,0.229326616645465,0,1013.433,6.0,COPDEM30,16.70432822
RGI2000-v7.0-G-19-00999,19,19-04,G068837E49687S,2001-11-27T00:00:00,68.83744635875587,-49.6865555,0.190539712427085,0,997.4271,6.0,COPDEM30,16.11111967
RGI2000-v7.0-G-19-01000,19,19-04,G068854E49684S,2001-11-27T00:00:00,68.84289424535666,-49.683986,1.443418884456208,0,824.9243,3.0,COPDEM30,26.81993167
RGI2000-v7.0-G-19-01001,19,19-04,G068850E49688S,2001-11-27T00:00:00,68.84953784824282,-49.6883725,0.243650407698159,0,820.3433,3.0,COPDEM30,16.91053398
RGI2000-v7.0-G-19-01002,19,19-04,G068838E49694S,2001-11-27T00:00:00,68.84790312969588,-49.694745499999996,0.252249348171936,0,740.29175,4.0,COPDEM30,17.03142036
RGI2000-v7.0-G-19-01003,19,19-04,G068836E49694S,2001-11-27T00:00:00,68.8361504078909,-49.694119,0.189767971779553,0,838.7785,5.0,COPDEM30,16.09873122
RGI2000-v7.0-G-19-01004,19,19-04,G068831E49693S,2001-11-27T00:00:00,68.83071193038579,-49.693406499999995,0.02245629598702,0,875.0214,4.0,COPDEM30,12.09795949
RGI2000-v7.0-G-19-01005,19,19-04,G068834E49690S,2001-11-27T00:00:00,68.83391644327907,-49.6903585,0.015763747502614,0,914.00586,5.0,COPDEM30,11.75775269
RGI2000-v7.0-G-19-01006,19,19-04,G068823E49684S,2001-11-27T00:00:00,68.83103337264151,-49.688107,0.084826753017385,0,944.6791,5.0,COPDEM30,14.07750458
RGI2000-v7.0-G-19-01007,19,19-04,G068826E49689S,2001-11-27T00:00:00,68.82577670122393,-49.688764,0.014732340577452,0,911.9852,6.0,COPDEM30,11.69927595
RGI2000-v7.0-G-19-01008,19,19-04,G068888E49631S,2001-11-27T00:00:00,68.88808957783334,-49.6312935,2.080120529705285,0,769.36786,4.0,COPDEM30,30.19167214
RGI2000-v7.0-G-19-01009,19,19-04,G068894E49620S,2001-11-27T00:00:00,68.88921546938775,-49.61932,5.654197149284121,0,875.27094,4.0,COPDEM30,43.28997809
RGI2000-v7.0-G-19-01010,19,19-04,G068909E49609S,2001-11-27T00:00:00,68.90844947830922,-49.609494999999995,1.743898508744867,0,804.88745,3.0,COPDEM30,28.48794493
RGI2000-v7.0-G-19-01011,19,19-04,G068921E49616S,2001-11-27T00:00:00,68.92089342207791,-49.616150000000005,0.027009140094477,0,480.31873,2.0,COPDEM30,12.30082408
RGI2000-v7.0-G-19-01012,19,19-04,G068920E49619S,2001-11-27T00:00:00,68.91983923012495,-49.6188095,0.117661336808394,0,634.10095,3.0,COPDEM30,14.80225176
RGI2000-v7.0-G-19-01013,19,19-04,G068911E49628S,2001-11-27T00:00:00,68.9105,-49.627735,0.089826817055191,0,580.3723,2.0,COPDEM30,14.19595712
RGI2000-v7.0-G-19-01014,19,19-04,G068915E49593S,2001-11-27T00:00:00,68.91507333333334,-49.593320000000006,0.020382292870993,0,816.33325,2.0,COPDEM30,11.99873195
RGI2000-v7.0-G-19-01015,19,19-04,G068917E49593S,2001-11-27T00:00:00,68.91845883458646,-49.59192,0.154819286639928,0,586.1888,2.0,COPDEM30,15.50859149
RGI2000-v7.0-G-19-01016,19,19-04,G068938E49587S,2001-11-27T00:00:00,68.93768937499999,-49.587255,0.082820158114053,0,489.25787,4.0,COPDEM30,14.02898883
RGI2000-v7.0-G-19-01017,19,19-04,G068938E49582S,2001-11-27T00:00:00,68.93837755639098,-49.58166,0.13046053714421,0,622.63116,3.0,COPDEM30,15.05670498
RGI2000-v7.0-G-19-01018,19,19-04,G068939E49577S,2001-11-27T00:00:00,68.938701875,-49.576915,0.178598177724418,0,724.5001,3.0,COPDEM30,15.91652287
RGI2000-v7.0-G-19-01019,19,19-04,G068942E49571S,2001-11-27T00:00:00,68.94181488636363,-49.570975,0.083757879505208,0,470.10098,2.0,COPDEM30,14.05173350
RGI2000-v7.0-G-19-01020,19,19-04,G068935E49563S,2001-11-27T00:00:00,68.925846,-49.56463,0.376437378119745,0,612.47186,3.0,COPDEM30,18.58962899
RGI2000-v7.0-G-19-01021,19,19-04,G068918E49563S,2001-11-27T00:00:00,68.91818041666667,-49.563010000000006,0.021301642352073,0,709.0678,6.0,COPDEM30,12.04331150
RGI2000-v7.0-G-19-01022,19,19-04,G068918E49564S,2001-11-27T00:00:00,68.91511338235293,-49.565039999999996,0.101073442487082,0,765.444,2.0,COPDEM30,14.45088696
RGI2000-v7.0-G-19-01023,19,19-04,G068910E49561S,2001-11-27T00:00:00,68.90963433333333,-49.560559999999995,0.091994370162015,0,668.3877,3.0,COPDEM30,14.24628032
RGI2000-v7.0-G-19-01024,19,19-04,G068915E49558S,2001-11-27T00:00:00,68.9150175,-49.55793,0.021046180138392,0,596.88306,2.0,COPDEM30,12.03102223
RGI2000-v7.0-G-19-01025,19,19-04,G068932E49559S,2001-11-27T00:00:00,68.93192033333332,-49.55888,0.205665366010102,0,547.8536,4.0,COPDEM30,16.34904810
RGI2000-v7.0-G-19-01026,19,19-04,G068935E49557S,2001-11-27T00:00:00,68.935485625,-49.5566,0.012428040821265,0,548.6401,5.0,COPDEM30,11.56073572
RGI2000-v7.0-G-19-01027,19,19-04,G068938E49557S,2001-11-27T00:00:00,68.93790078125,-49.556855,0.017483542161128,0,517.9933,5.0,COPDEM30,11.85115485
RGI2000-v7.0-G-19-01028,19,19-04,G068937E49548S,2001-11-27T00:00:00,68.93521256578947,-49.550045,0.11038547478134,0,527.8058,3.0,COPDEM30,14.65140334
RGI2000-v7.0-G-19-01029,19,19-04,G068941E49544S,2001-11-27T00:00:00,68.94068113636365,-49.543825,0.052736584420068,0,659.8498,5.0,COPDEM30,13.21502264
RGI2000-v7.0-G-19-01030,19,19-04,G068947E49546S,2001-11-27T00:00:00,68.94496708333332,-49.545215,0.090423433033341,0,637.6468,5.0,COPDEM30,14.20986851
RGI2000-v7.0-G-19-01031,19,19-04,G068949E49543S,2001-11-27T00:00:00,68.94879884615385,-49.54318,0.086908472476998,0,643.4991,2.0,COPDEM30,14.12723401
RGI2000-v7.0-G-19-01032,19,19-04,G068945E49540S,2001-11-27T00:00:00,68.94511375000002,-49.538915,0.152547677380416,0,601.2948,3.0,COPDEM30,15.46802933
RGI2000-v7.0-G-19-01033,19,19-04,G068939E49537S,2001-11-27T00:00:00,68.93944614583333,-49.536525,0.032200229253936,0,567.86774,1.0,COPDEM30,12.51221913
RGI2000-v7.0-G-19-01034,19,19-04,G068935E49540S,2001-11-27T00:00:00,68.934875,-49.540075,0.066147698019809,0,653.76465,1.0,COPDEM30,13.60068727
RGI2000-v7.0-G-19-01035,19,19-04,G068926E49546S,2001-11-27T00:00:00,68.92635815789474,-49.545519999999996,0.375484439629892,0,658.15985,4.0,COPDEM30,18.57874992
RGI2000-v7.0-G-19-01036,19,19-04,G068917E49538S,2001-11-27T00:00:00,68.91893634456522,-49.539675,0.023391257058123,0,572.5039,2.0,COPDEM30,12.14118808
RGI2000-v7.0-G-19-01037,19,19-04,G068914E49541S,2001-11-27T00:00:00,68.91413632165604,-49.540589999999995,0.103579979137654,0,658.36975,2.0,COPDEM30,14.50573811
RGI2000-v7.0-G-19-01038,19,19-04,G068912E49537S,2001-11-27T00:00:00,68.91232,-49.53719,0.049986152444524,0,614.65076,2.0,COPDEM30,13.13006164
RGI2000-v7.0-G-19-01039,19,19-04,G068913E49535S,2001-11-27T00:00:00,68.91341647727273,-49.535015,0.038073069473762,0,522.2474,3.0,COPDEM30,12.73172503
RGI2000-v7.0-G-19-01040,19,19-04,G068908E49539S,2001-11-27T00:00:00,68.90784633333334,-49.53927,0.118900148110864,0,665.51025,5.0,COPDEM30,14.82746611
RGI2000-v7.0-G-19-01041,19,19-04,G068904E49541S,2001-11-27T00:00:00,68.9036381818182,-49.5415,0.031972645381933,0,550.7737,4.0,COPDEM30,12.50332549
RGI2000-v7.0-G-19-01042,19,19-04,G068900E49539S,2001-11-27T00:00:00,68.90007780856621,-49.53885,0.234812101144544,0,682.8114,4.0,COPDEM30,16.78403802
RGI2000-v7.0-G-19-01043,19,19-04,G068904E49536S,2001-11-27T00:00:00,68.90359364414414,-49.535775,0.065678561575942,0,643.4458,2.0,COPDEM30,13.58789605
RGI2000-v7.0-G-19-01044,19,19-04,G068890E49533S,2001-11-27T00:00:00,68.89025529934732,-49.533261499999995,0.115046933303494,0,559.965,2.0,COPDEM30,14.74859968
RGI2000-v7.0-G-19-01045,19,19-04,G068911E49528S,2001-11-27T00:00:00,68.91094611111112,-49.527680000000004,0.033412950503032,0,508.9913,3.0,COPDEM30,12.55908935
RGI2000-v7.0-G-19-01046,19,19-04,G068931E49532S,2001-11-27T00:00:00,68.93099,-49.53187,0.024485735287273,0,485.1705,2.0,COPDEM30,12.19070859
RGI2000-v7.0-G-19-01047,19,19-04,G068946E49530S,2001-11-27T00:00:00,68.94585633333332,-49.530075,0.103037497569116,0,475.74435,3.0,COPDEM30,14.49392362
RGI2000-v7.0-G-19-01048,19,19-04,G068957E49527S,2001-11-27T00:00:00,68.95655458333333,-49.526545,0.081472498237866,0,601.5547,5.0,COPDEM30,13.99607428
RGI2000-v7.0-G-19-01049,19,19-04,G068951E49516S,2001-11-27T00:00:00,68.95907392857143,-49.52295,0.033720632737365,0,690.1927,1.0,COPDEM30,12.57084500
RGI2000-v7.0-G-19-01050,19,19-04,G068967E49524S,2001-11-27T00:00:00,68.96708166666666,-49.52364,0.105541889610065,0,664.2476,3.0,COPDEM30,14.54820958
RGI2000-v7.0-G-19-01051,19,19-04,G068971E49529S,2001-11-27T00:00:00,68.9735696153846,-49.52769,0.128069960320726,0,571.50116,2.0,COPDEM30,15.01016090
RGI2000-v7.0-G-19-01052,19,19-04,G068989E49522S,2001-11-27T00:00:00,68.989251,-49.52238,0.034075454815016,0,410.4223,4.0,COPDEM30,12.58433534
RGI2000-v7.0-G-19-01053,19,19-04,G068995E49510S,2001-11-27T00:00:00,68.99531719291339,-49.510315,0.047396838586084,0,344.72574,4.0,COPDEM30,13.04791410
RGI2000-v7.0-G-19-01054,19,19-04,G068992E49506S,2001-11-27T00:00:00,68.99232100159236,-49.5060075,0.165062713917562,0,407.64923,3.0,COPDEM30,15.68790752
RGI2000-v7.0-G-19-01055,19,19-04,G068990E49503S,2001-11-27T00:00:00,68.98964430194805,-49.502845,0.025359185519262,0,471.64487,3.0,COPDEM30,12.22943947
RGI2000-v7.0-G-19-01056,19,19-04,G068989E49501S,2001-11-27T00:00:00,68.9888105942085,-49.50063,0.07070836425512,0,509.68262,3.0,COPDEM30,13.72274622
RGI2000-v7.0-G-19-01057,19,19-04,G068986E49504S,2001-11-27T00:00:00,68.98603583333333,-49.503600000000006,0.024474779175675,0,512.3702,2.0,COPDEM30,12.19021842
RGI2000-v7.0-G-19-01058,19,19-04,G068985E49504S,2001-11-27T00:00:00,68.9846165882353,-49.504082,0.014004944662599,0,551.2787,3.0,COPDEM30,11.65679484
RGI2000-v7.0-G-19-01059,19,19-04,G068987E49506S,2001-11-27T00:00:00,68.9867727011598,-49.506313500000005,0.026332097598594,0,517.1223,4.0,COPDEM30,12.27180350
RGI2000-v7.0-G-19-01060,19,19-04,G068976E49507S,2001-11-27T00:00:00,68.9757643073593,-49.5073,0.075693891605907,0,463.6168,4.0,COPDEM30,13.85175321
RGI2000-v7.0-G-19-01061,19,19-04,G068971E49504S,2001-11-27T00:00:00,68.9708468159609,-49.50367,0.070363044127039,0,572.4876,3.0,COPDEM30,13.71364466
RGI2000-v7.0-G-19-01062,19,19-04,G068964E49504S,2001-11-27T00:00:00,68.9641418111111,-49.504093999999995,0.090780357322137,0,703.956,2.0,COPDEM30,14.21816904
RGI2000-v7.0-G-19-01063,19,19-04,G068964E49500S,2001-11-27T00:00:00,68.96404749999999,-49.499815,0.051216418945662,0,569.81903,2.0,COPDEM30,13.16834627
RGI2000-v7.0-G-19-01064,19,19-04,G068958E49493S,2001-11-27T00:00:00,68.95792403846154,-49.492645,0.038971482260776,0,507.06726,3.0,COPDEM30,12.76376745
RGI2000-v7.0-G-19-01065,19,19-04,G068950E49490S,2001-11-27T00:00:00,68.95010091269842,-49.490325,0.045292806894053,0,497.0211,2.0,COPDEM30,12.97949495
RGI2000-v7.0-G-19-01066,19,19-04,G068966E49480S,2001-11-27T00:00:00,68.96644390909091,-49.480273499999996,0.060823639405223,0,617.1117,2.0,COPDEM30,13.45274287
RGI2000-v7.0-G-19-01067,19,19-04,G068978E49489S,2001-11-27T00:00:00,68.97522489342106,-49.4857815,0.053460368243114,0,470.7403,3.0,COPDEM30,13.23700976
RGI2000-v7.0-G-19-01068,19,19-04,G068985E49497S,2001-11-27T00:00:00,68.9853,-49.49729,0.034628904750693,0,467.2648,3.0,COPDEM30,12.60523806
RGI2000-v7.0-G-19-01069,19,19-04,G068995E49488S,2001-11-27T00:00:00,68.99545800000001,-49.488479999999996,0.083363749668969,0,506.87207,3.0,COPDEM30,14.04218937
RGI2000-v7.0-G-19-01070,19,19-04,G069005E49494S,2001-11-27T00:00:00,69.00452249999998,-49.493925000000004,0.105240017132492,0,444.065,4.0,COPDEM30,14.54170049
RGI2000-v7.0-G-19-01071,19,19-04,G069029E49470S,2001-11-27T00:00:00,69.01699574763407,-49.468545,1.048012141151606,0,639.80963,3.0,COPDEM30,24.33214498
RGI2000-v7.0-G-19-01072,19,19-04,G069014E49464S,2001-11-27T00:00:00,69.01382869255664,-49.464271,0.032894423128608,0,784.23083,2.0,COPDEM30,12.53915477
RGI2000-v7.0-G-19-01073,19,19-04,G069012E49463S,2001-11-27T00:00:00,69.01150750000001,-49.46292,0.230238813554401,0,792.47656,2.0,COPDEM30,16.71764895
RGI2000-v7.0-G-19-01074,19,19-04,G069006E49464S,2001-11-27T00:00:00,69.00600918125,-49.463935,0.031477211085635,0,872.15314,1.0,COPDEM30,12.48385454
RGI2000-v7.0-G-19-01075,19,19-04,G069003E49466S,2001-11-27T00:00:00,69.00298878584258,-49.466213999999994,0.051325178239857,0,884.8639,6.0,COPDEM30,13.17170852
RGI2000-v7.0-G-19-01076,19,19-04,G069004E49463S,2001-11-27T00:00:00,69.0051986190476,-49.45976,1.082098937880777,0,722.7417,2.0,COPDEM30,24.56335785
RGI2000-v7.0-G-19-01077,19,19-04,G069007E49454S,2001-11-27T00:00:00,69.00728893825303,-49.4535235,0.361531333700476,0,640.3571,3.0,COPDEM30,18.41784660
RGI2000-v7.0-G-19-01078,19,19-04,G069005E49448S,2001-11-27T00:00:00,69.00513035714286,-49.44847,0.119876027453554,0,599.3614,4.0,COPDEM30,14.84723647
RGI2000-v7.0-G-19-01079,19,19-04,G068996E49454S,2001-11-27T00:00:00,68.996465,-49.45403,0.079760618158275,0,788.5856,3.0,COPDEM30,13.95386914
RGI2000-v7.0-G-19-01080,19,19-04,G068992E49454S,2001-11-27T00:00:00,68.992366,-49.453540000000004,0.063446523947582,0,806.9133,1.0,COPDEM30,13.52640308
RGI2000-v7.0-G-19-01081,19,19-04,G068982E49455S,2001-11-27T00:00:00,68.98175179824563,-49.4546,0.609364723108703,0,566.9508,3.0,COPDEM30,20.92865434
RGI2000-v7.0-G-19-01082,19,19-04,G068974E49451S,2001-11-27T00:00:00,68.9738667970297,-49.451440000000005,0.047288867240735,0,580.6315,1.0,COPDEM30,13.04444050
RGI2000-v7.0-G-19-01083,19,19-04,G068967E49464S,2001-11-27T00:00:00,68.96737866666666,-49.46376,0.042990694361924,0,562.6034,4.0,COPDEM30,12.90278764
RGI2000-v7.0-G-19-01084,19,19-04,G068962E49462S,2001-11-27T00:00:00,68.9623977736453,-49.462224,0.042043748127227,0,641.1639,3.0,COPDEM30,12.87064011
RGI2000-v7.0-G-19-01085,19,19-04,G068976E49465S,2001-11-27T00:00:00,68.97613619047618,-49.464635,0.026322590735161,0,627.0288,2.0,COPDEM30,12.27139336
RGI2000-v7.0-G-19-01086,19,19-04,G068979E49466S,2001-11-27T00:00:00,68.97923676436108,-49.4662985,0.020540416580952,0,647.0064,6.0,COPDEM30,12.00646995
RGI2000-v7.0-G-19-01087,19,19-04,G068983E49467S,2001-11-27T00:00:00,68.98312,-49.4665965,0.079128071564714,0,720.0562,6.0,COPDEM30,13.93815973
RGI2000-v7.0-G-19-01088,19,19-04,G068994E49465S,2001-11-27T00:00:00,68.991142,-49.4673845,0.606916293487557,0,718.37305,5.0,COPDEM30,20.90667656
RGI2000-v7.0-G-19-01089,19,19-04,G068995E49461S,2001-11-27T00:00:00,68.99466083333333,-49.461020000000005,0.045210964885039,0,845.0508,1.0,COPDEM30,12.97680183
RGI2000-v7.0-G-19-01090,19,19-04,G068988E49461S,2001-11-27T00:00:00,68.9884153908817,-49.460851000000005,0.100559673899941,0,755.28845,1.0,COPDEM30,14.43956035
RGI2000-v7.0-G-19-01091,19,19-04,G069024E49459S,2001-11-27T00:00:00,69.02433692307693,-49.459145,0.091776328853987,0,578.6404,2.0,COPDEM30,14.24124515
RGI2000-v7.0-G-19-01092,19,19-04,G069019E49441S,2001-11-27T00:00:00,69.01908166666666,-49.440830000000005,0.508724831933953,0,505.87405,4.0,COPDEM30,19.98549283
RGI2000-v7.0-G-19-01093,19,19-04,G069016E49439S,2001-11-27T00:00:00,69.01565659145608,-49.439364999999995,0.049862724804549,0,594.32623,4.0,COPDEM30,13.12619482
RGI2000-v7.0-G-19-01094,19,19-04,G069008E49436S,2001-11-27T00:00:00,69.0081246038524,-49.435988,0.077364336573115,0,649.4147,4.0,COPDEM30,13.89402234
RGI2000-v7.0-G-19-01095,19,19-04,G069001E49432S,2001-11-27T00:00:00,69.00135297560976,-49.431752,0.063723938442517,0,553.3912,3.0,COPDEM30,13.53410412
RGI2000-v7.0-G-19-01096,19,19-04,G069016E49428S,2001-11-27T00:00:00,69.01760242063492,-49.43276,0.199913230475025,0,604.0846,4.0,COPDEM30,16.25963203
RGI2000-v7.0-G-19-01097,19,19-04,G069024E49436S,2001-11-27T00:00:00,69.02532354700854,-49.42718,0.288023240504095,0,706.02075,5.0,COPDEM30,17.51349154
RGI2000-v7.0-G-19-01098,19,19-04,G069033E49429S,2001-11-27T00:00:00,69.03260361111111,-49.4289,0.159557667487236,0,775.19586,5.0,COPDEM30,15.59225382
RGI2000-v7.0-G-19-01099,19,19-04,G069041E49428S,2001-11-27T00:00:00,69.04128792207791,-49.42817,0.025658189873263,0,758.69775,4.0,COPDEM30,12.24254436
RGI2000-v7.0-G-19-01100,19,19-04,G069041E49431S,2001-11-27T00:00:00,69.04091916666667,-49.431110000000004,0.058883136589247,0,550.54675,4.0,COPDEM30,13.39721868
RGI2000-v7.0-G-19-01101,19,19-04,G069034E49438S,2001-11-27T00:00:00,69.03370598310994,-49.4376495,0.071970687803581,0,412.14276,3.0,COPDEM30,13.75582944
RGI2000-v7.0-G-19-01102,19,19-04,G069033E49423S,2001-11-27T00:00:00,69.03253684210526,-49.42304,0.016588548866799,0,787.7591,1.0,COPDEM30,11.80315157
RGI2000-v7.0-G-19-01103,19,19-04,G069050E49420S,2001-11-27T00:00:00,69.04714800514932,-49.419488,2.31219411630041,0,686.2657,4.0,COPDEM30,31.28826077
RGI2000-v7.0-G-19-01104,19,19-04,G069061E49419S,2001-11-27T00:00:00,69.060862984552,-49.419135999999995,1.483178027991576,0,653.9359,4.0,COPDEM30,27.05001154
RGI2000-v7.0-G-19-01105,19,19-04,G069075E49424S,2001-11-27T00:00:00,69.07501617647058,-49.42427,0.042169544912991,0,631.21246,3.0,COPDEM30,12.87493144
RGI2000-v7.0-G-19-01106,19,19-04,G069080E49427S,2001-11-27T00:00:00,69.07991072817461,-49.427497,0.035143733111343,0,554.97156,4.0,COPDEM30,12.62453266
RGI2000-v7.0-G-19-01107,19,19-04,G069085E49425S,2001-11-27T00:00:00,69.08542868589744,-49.424835,0.564483154813785,0,519.0135,4.0,COPDEM30,20.51849316
RGI2000-v7.0-G-19-01108,19,19-04,G069095E49420S,2001-11-27T00:00:00,69.09515007518797,-49.419579999999996,0.187346833483295,0,463.12347,3.0,COPDEM30,16.05970126
RGI2000-v7.0-G-19-01109,19,19-04,G069102E49427S,2001-11-27T00:00:00,69.101598209,-49.426901,0.052179261951767,0,538.5314,3.0,COPDEM30,13.19798927
RGI2000-v7.0-G-19-01110,19,19-04,G069102E49400S,2001-11-27T00:00:00,69.10233369565218,-49.400400000000005,0.025402499353907,0,587.8271,3.0,COPDEM30,12.23134262
RGI2000-v7.0-G-19-01111,19,19-04,G069114E49394S,2001-11-27T00:00:00,69.11419516666666,-49.394165,2.669992719349225,0,602.02325,5.0,COPDEM30,32.87615730
RGI2000-v7.0-G-19-01112,19,19-04,G069145E49401S,2001-11-27T00:00:00,69.14492414898862,-49.400617499999996,0.057597474997432,0,685.5907,3.0,COPDEM30,13.35992635
RGI2000-v7.0-G-19-01113,19,19-04,G069139E49442S,2001-11-27T00:00:00,69.13871760967741,-49.4417585,0.03550470534735,0,606.7805,4.0,COPDEM30,12.63797692
RGI2000-v7.0-G-19-01114,19,19-04,G069156E49443S,2001-11-27T00:00:00,69.15562017507003,-49.4433925,0.070378573293352,0,548.79724,3.0,COPDEM30,13.71405444
RGI2000-v7.0-G-19-01115,19,19-04,G069228E49424S,2001-03-09T00:00:00,69.22769423592707,-49.424031,0.248747884451802,0,763.63367,3.0,COPDEM30,16.98244838
RGI2000-v7.0-G-19-01116,19,19-04,G069232E49417S,2001-03-09T00:00:00,69.23215834563072,-49.4166315,0.094791433984064,0,777.5847,3.0,COPDEM30,14.31035046
RGI2000-v7.0-G-19-01117,19,19-04,G069231E49409S,2001-03-09T00:00:00,69.23128208431069,-49.4088275,0.013778749928448,0,732.6066,4.0,COPDEM30,11.64336088
RGI2000-v7.0-G-19-01118,19,19-04,G069233E49405S,2001-03-09T00:00:00,69.23283349326347,-49.4048795,0.07020928107224,0,820.3541,4.0,COPDEM30,13.70958476
RGI2000-v7.0-G-19-01119,19,19-04,G069236E49403S,2001-03-09T00:00:00,69.2357729579288,-49.403194,0.101888433607243,0,704.0619,2.0,COPDEM30,14.46879547
RGI2000-v7.0-G-19-01120,19,19-04,G069224E49398S,2001-11-27T00:00:00,69.22384780754446,-49.397780499999996,0.046107759179145,0,768.11163,3.0,COPDEM30,13.00618043
RGI2000-v7.0-G-19-01121,19,19-04,G069225E49393S,2001-11-27T00:00:00,69.22491646391093,-49.393209999999996,0.072434396726934,0,816.13477,3.0,COPDEM30,13.76790947
RGI2000-v7.0-G-19-01122,19,19-04,G069246E49412S,2001-03-09T00:00:00,69.24618451196173,-49.412114,0.164498219505545,0,726.8495,3.0,COPDEM30,15.67817321
RGI2000-v7.0-G-19-01123,19,19-04,G069260E49383S,2001-03-09T00:00:00,69.26005971629341,-49.3830685,0.160370846966618,0,744.52673,3.0,COPDEM30,15.60648607
RGI2000-v7.0-G-19-01124,19,19-04,G069286E49383S,2001-03-09T00:00:00,69.28593515910617,-49.383097500000005,0.014739727741813,0,862.0661,5.0,COPDEM30,11.69970193
RGI2000-v7.0-G-19-01125,19,19-04,G069296E49384S,2001-03-09T00:00:00,69.29455450624998,-49.3825365,0.454865998837332,0,821.8651,2.0,COPDEM30,19.44212560
RGI2000-v7.0-G-19-01126,19,19-04,G069293E49378S,2001-03-09T00:00:00,69.29334625,-49.377905,0.064261165689809,0,854.02686,2.0,COPDEM30,13.54897006
RGI2000-v7.0-G-19-01127,19,19-04,G069308E49374S,2001-03-09T00:00:00,69.29982242424242,-49.37678,0.394755423303875,0,756.45886,3.0,COPDEM30,18.79613909
RGI2000-v7.0-G-19-01128,19,19-04,G069309E49376S,2001-03-09T00:00:00,69.3087697154623,-49.375789499999996,0.033845213360611,0,627.58264,1.0,COPDEM30,12.57558961
RGI2000-v7.0-G-19-01129,19,19-04,G069308E49381S,2001-03-09T00:00:00,69.30814492772765,-49.380836,0.052459668617849,0,663.62897,4.0,COPDEM30,13.20657061
RGI2000-v7.0-G-19-01130,19,19-04,G069319E49381S,2001-03-09T00:00:00,69.31880291529819,-49.381238,0.044225997688818,0,597.1947,4.0,COPDEM30,12.94419693
RGI2000-v7.0-G-19-01131,19,19-04,G069318E49379S,2001-03-09T00:00:00,69.31835249157297,-49.378752500000004,0.014452826570543,0,694.0906,5.0,COPDEM30,11.68307873
RGI2000-v7.0-G-19-01132,19,19-04,G069327E49377S,2001-03-09T00:00:00,69.32690045098039,-49.3770685,0.014452803627252,0,793.22314,5.0,COPDEM30,11.68307739
RGI2000-v7.0-G-19-01133,19,19-04,G069336E49375S,2001-03-09T00:00:00,69.33612846126428,-49.3746575,0.022658562029321,0,818.3789,2.0,COPDEM30,12.10738657
RGI2000-v7.0-G-19-01134,19,19-04,G069341E49378S,2001-03-09T00:00:00,69.34131728653625,-49.378349,0.01026996591103,0,813.0753,3.0,COPDEM30,11.41877176
RGI2000-v7.0-G-19-01135,19,19-04,G069348E49379S,2001-03-09T00:00:00,69.34759105263157,-49.378845,0.2502942694798,0,658.48663,3.0,COPDEM30,17.00411856
RGI2000-v7.0-G-19-01136,19,19-04,G069370E49375S,2001-03-09T00:00:00,69.3695302021369,-49.374983,0.010119070651993,0,723.1349,3.0,COPDEM30,11.40831028
RGI2000-v7.0-G-19-01137,19,19-04,G069403E49381S,2001-03-09T00:00:00,69.40277964906103,-49.381098,0.016704594165555,0,623.56757,2.0,COPDEM30,11.80944756
RGI2000-v7.0-G-19-01138,19,19-04,G069437E49357S,2001-03-09T00:00:00,69.43696889144738,-49.3567145,0.010130807562753,0,562.0941,3.0,COPDEM30,11.40912678
RGI2000-v7.0-G-19-01139,19,19-04,G069339E49342S,2001-03-09T00:00:00,69.33854784098733,-49.342427,0.012361232645251,0,740.3567,1.0,COPDEM30,11.55653513
RGI2000-v7.0-G-19-01140,19,19-04,G069330E49340S,2001-03-09T00:00:00,69.330236093662,-49.340072500000005,0.044143846870377,0,772.67065,2.0,COPDEM30,12.94146120
RGI2000-v7.0-G-19-01141,19,19-04,G069324E49337S,2001-03-09T00:00:00,69.32397961515152,-49.337091,0.022662567304087,0,796.89075,2.0,COPDEM30,12.10757282
RGI2000-v7.0-G-19-01142,19,19-04,G069328E49335S,2001-03-09T00:00:00,69.32786934379482,-49.3348985,0.04439173105469,0,749.7514,4.0,COPDEM30,12.94970834
RGI2000-v7.0-G-19-01143,19,19-04,G069325E49331S,2001-03-09T00:00:00,69.32499036596386,-49.330746000000005,0.028639994625284,0,797.3663,2.0,COPDEM30,12.36926971
RGI2000-v7.0-G-19-01144,19,19-04,G069328E49330S,2001-03-09T00:00:00,69.32792237668744,-49.3296845,0.024311108037764,0,737.8872,2.0,COPDEM30,12.18288277
RGI2000-v7.0-G-19-01145,19,19-04,G069327E49325S,2001-03-09T00:00:00,69.32735282449948,-49.325025,0.01219909623718,0,595.5088,3.0,COPDEM30,11.54629327
RGI2000-v7.0-G-19-01146,19,19-04,G069334E49349S,2001-03-09T00:00:00,69.33365906969698,-49.348943000000006,0.017061182161246,0,572.0536,2.0,COPDEM30,11.82865844
RGI2000-v7.0-G-19-01147,19,19-04,G069311E49353S,2001-03-09T00:00:00,69.31122852862595,-49.353139,0.012294979059739,0,498.5591,3.0,COPDEM30,11.55235817
RGI2000-v7.0-G-19-01148,19,19-04,G069303E49354S,2001-03-09T00:00:00,69.30269486758604,-49.354463,0.035575102882616,0,640.5182,3.0,COPDEM30,12.64059087
RGI2000-v7.0-G-19-01149,19,19-04,G069296E49348S,2001-03-09T00:00:00,69.29567928043184,-49.348263,0.011311322329218,0,588.0396,2.0,COPDEM30,11.48896581
RGI2000-v7.0-G-19-01150,19,19-04,G069302E49363S,2001-03-09T00:00:00,69.29044045833334,-49.359985,0.285150828573786,0,564.52185,2.0,COPDEM30,17.47593221
RGI2000-v7.0-G-19-01151,19,19-04,G069297E49363S,2001-03-09T00:00:00,69.29749101435812,-49.363493500000004,0.064217870852045,0,798.7121,2.0,COPDEM30,13.54777433
RGI2000-v7.0-G-19-01152,19,19-04,G069309E49366S,2001-03-09T00:00:00,69.3092352529762,-49.366284500000006,0.015045146852574,0,546.3066,4.0,COPDEM30,11.71722124
RGI2000-v7.0-G-19-01153,19,19-04,G069322E49362S,2001-03-09T00:00:00,69.32152431578947,-49.3619385,0.027277136999218,0,573.69354,2.0,COPDEM30,12.31221081
RGI2000-v7.0-G-19-01154,19,19-04,G069283E49365S,2001-03-09T00:00:00,69.28265490028902,-49.365479,0.031757805784916,0,722.8219,4.0,COPDEM30,12.49490079
RGI2000-v7.0-G-19-01155,19,19-04,G069275E49359S,2001-03-09T00:00:00,69.27450999999999,-49.35928,0.264202839442507,0,896.4395,2.0,COPDEM30,17.19609314
RGI2000-v7.0-G-19-01156,19,19-04,G069273E49355S,2001-03-09T00:00:00,69.27298328438229,-49.3554635,0.028244951522578,0,776.9215,2.0,COPDEM30,12.35287282
RGI2000-v7.0-G-19-01157,19,19-04,G069284E49375S,2001-03-09T00:00:00,69.2836894047619,-49.37506,0.175086292818182,0,730.003,1.0,COPDEM30,15.85806396
RGI2000-v7.0-G-19-01158,19,19-04,G069299E49394S,2001-03-09T00:00:00,69.29857825449102,-49.3936595,0.220838976595294,0,774.5122,4.0,COPDEM30,16.57909108
RGI2000-v7.0-G-19-01159,19,19-04,G069302E49398S,2001-03-09T00:00:00,69.30168781825296,-49.3983725,0.064882535358406,0,719.0763,4.0,COPDEM30,13.56608706
RGI2000-v7.0-G-19-01160,19,19-04,G069299E49400S,2001-03-09T00:00:00,69.29937389397313,-49.399538500000006,0.036600241945993,0,732.3043,4.0,COPDEM30,12.67836656
RGI2000-v7.0-G-19-01161,19,19-04,G069299E49402S,2001-03-09T00:00:00,69.29894083663366,-49.4021455,0.033712678079807,0,732.6979,3.0,COPDEM30,12.57054175
RGI2000-v7.0-G-19-01162,19,19-04,G069302E49402S,2001-03-09T00:00:00,69.30233186397362,-49.401672500000004,0.019349480137444,0,654.80786,3.0,COPDEM30,11.94743372
RGI2000-v7.0-G-19-01163,19,19-04,G069302E49404S,2001-03-09T00:00:00,69.30159433066979,-49.4044705,0.074165685376822,0,631.42084,3.0,COPDEM30,13.81267286
RGI2000-v7.0-G-19-01164,19,19-04,G069314E49391S,2001-03-09T00:00:00,69.31379096930654,-49.3910575,0.026318332634645,0,834.2377,2.0,COPDEM30,12.27120963
RGI2000-v7.0-G-19-01165,19,19-04,G069316E49389S,2001-03-09T00:00:00,69.31596923917137,-49.3893915,0.022489367576261,0,633.3992,2.0,COPDEM30,12.09950376
RGI2000-v7.0-G-19-01166,19,19-04,G069314E49387S,2001-03-09T00:00:00,69.31426619471915,-49.387378999999996,0.01899993716625,0,580.30615,3.0,COPDEM30,11.92976363
RGI2000-v7.0-G-19-01167,19,19-04,G069312E49388S,2001-03-09T00:00:00,69.31173464563977,-49.387844,0.027748265012344,0,663.9299,2.0,COPDEM30,12.33209347
RGI2000-v7.0-G-19-01168,19,19-04,G069328E49395S,2001-03-09T00:00:00,69.32837356265509,-49.394847999999996,0.050097816038104,0,781.9149,2.0,COPDEM30,13.13355580
RGI2000-v7.0-G-19-01169,19,19-04,G069325E49398S,2001-03-09T00:00:00,69.32535971221242,-49.398474500000006,0.029308483738293,0,696.2683,4.0,COPDEM30,12.39676090
RGI2000-v7.0-G-19-01170,19,19-04,G069340E49397S,2001-03-09T00:00:00,69.34039875178573,-49.3971795,0.049564034692072,0,687.7298,4.0,COPDEM30,13.11681742
RGI2000-v7.0-G-19-01171,19,19-04,G069346E49396S,2001-03-09T00:00:00,69.34575453797468,-49.395652,0.011127016940511,0,646.5112,3.0,COPDEM30,11.47678547
RGI2000-v7.0-G-19-01172,19,19-04,G069352E49417S,2001-03-09T00:00:00,69.3519991779762,-49.41749,0.119092998516081,0,698.5883,3.0,COPDEM30,14.83137948
RGI2000-v7.0-G-19-01173,19,19-04,G069379E49443S,2001-03-09T00:00:00,69.37926296536145,-49.4433335,0.022290713912137,0,715.5122,4.0,COPDEM30,12.09021050
RGI2000-v7.0-G-19-01174,19,19-04,G069379E49447S,2001-03-09T00:00:00,69.37947819060707,-49.4470735,0.022215379672637,0,554.7014,4.0,COPDEM30,12.08667545
RGI2000-v7.0-G-19-01175,19,19-04,G069385E49441S,2001-03-09T00:00:00,69.38496991545358,-49.441160499999995,0.025267657299244,0,598.66504,3.0,COPDEM30,12.22541251
RGI2000-v7.0-G-19-01176,19,19-04,G069362E49453S,2001-03-09T00:00:00,69.36247851695907,-49.452775,0.031869916553084,0,650.8855,4.0,COPDEM30,12.49930063
RGI2000-v7.0-G-19-01177,19,19-04,G069386E49464S,2001-03-09T00:00:00,69.38647322738495,-49.4644665,0.015912144180607,0,708.39374,5.0,COPDEM30,11.76600687
RGI2000-v7.0-G-19-01178,19,19-04,G069401E49465S,2001-03-09T00:00:00,69.40075679865724,-49.464510000000004,0.022942792412516,0,656.5106,3.0,COPDEM30,12.12056297
RGI2000-v7.0-G-19-01179,19,19-04,G069401E49457S,2001-03-09T00:00:00,69.40114336694649,-49.456777,0.042772343174394,0,660.8855,3.0,COPDEM30,12.89540658
RGI2000-v7.0-G-19-01180,19,19-04,G069449E49459S,2001-03-09T00:00:00,69.44939045115788,-49.4591195,0.012682232474617,0,649.18945,4.0,COPDEM30,11.57661586
RGI2000-v7.0-G-19-01181,19,19-04,G069466E49451S,2001-03-09T00:00:00,69.46633405841122,-49.450753000000006,0.019436557076862,0,532.69696,2.0,COPDEM30,11.95181075
RGI2000-v7.0-G-19-01182,19,19-04,G069479E49462S,2001-03-09T00:00:00,69.47904887184873,-49.461571,0.036968439583447,0,741.47925,4.0,COPDEM30,12.69180500
RGI2000-v7.0-G-19-01183,19,19-04,G069478E49466S,2001-03-09T00:00:00,69.47826425180142,-49.466333500000005,0.034713167322444,0,630.1886,3.0,COPDEM30,12.60840580
RGI2000-v7.0-G-19-01184,19,19-04,G069504E49459S,2001-03-09T00:00:00,69.50394547316924,-49.4590995,0.066290823438282,0,644.8351,3.0,COPDEM30,13.60458061
RGI2000-v7.0-G-19-01185,19,19-04,G069452E49507S,2001-03-09T00:00:00,69.45207442624712,-49.5071525,0.057510614848919,0,731.69995,3.0,COPDEM30,13.35739192
RGI2000-v7.0-G-19-01186,19,19-04,G069410E49500S,2001-03-09T00:00:00,69.40964454635717,-49.499500499999996,0.055520226917179,0,612.1511,3.0,COPDEM30,13.29878227
RGI2000-v7.0-G-19-01187,19,19-04,G069405E49496S,2001-03-09T00:00:00,69.40542436349725,-49.4960205,0.016721995457929,0,790.2153,3.0,COPDEM30,11.81038977
RGI2000-v7.0-G-19-01188,19,19-04,G069401E49494S,2001-03-09T00:00:00,69.40094000261324,-49.494285,0.010134654597558,0,901.8172,2.0,COPDEM30,11.40939430
RGI2000-v7.0-G-19-01189,19,19-04,G069401E49491S,2001-03-09T00:00:00,69.40089610103689,-49.490991,0.056391841326005,0,791.41406,2.0,COPDEM30,13.32457530
RGI2000-v7.0-G-19-01190,19,19-04,G069409E49493S,2001-03-09T00:00:00,69.4089055490779,-49.493121,0.058359971841897,0,629.6803,3.0,COPDEM30,13.38209321
RGI2000-v7.0-G-19-01191,19,19-04,G069401E49502S,2001-03-09T00:00:00,69.40118808292078,-49.5021395,0.068385695903207,0,729.9502,3.0,COPDEM30,13.66109224
RGI2000-v7.0-G-19-01192,19,19-04,G069389E49506S,2001-03-09T00:00:00,69.38922619354838,-49.505807,0.070052577618958,0,791.5907,4.0,COPDEM30,13.70544265
RGI2000-v7.0-G-19-01193,19,19-04,G069373E49489S,2001-03-09T00:00:00,69.37267954755245,-49.488712,0.035337298257981,0,690.94775,3.0,COPDEM30,12.63175046
RGI2000-v7.0-G-19-01194,19,19-04,G069354E49492S,2001-03-09T00:00:00,69.3543578071972,-49.4921735,0.043946444473494,0,809.6347,3.0,COPDEM30,12.93487702
RGI2000-v7.0-G-19-01195,19,19-04,G069266E49469S,2001-03-09T00:00:00,69.26561109814968,-49.468920499999996,0.021484540895953,0,564.6147,3.0,COPDEM30,12.05206482
RGI2000-v7.0-G-19-01196,19,19-04,G069281E49441S,2001-03-09T00:00:00,69.28114273947368,-49.440581,0.023873442292549,0,591.68726,4.0,COPDEM30,12.16314463
RGI2000-v7.0-G-19-01197,19,19-04,G069188E49354S,2001-11-27T00:00:00,69.18776379268664,-49.3542675,0.057016448924581,0,619.4081,3.0,COPDEM30,13.34293643
RGI2000-v7.0-G-19-01198,19,19-04,G069217E49330S,2001-11-27T00:00:00,69.19430548387096,-49.32605,4.841026876069605,0,484.30148,3.0,COPDEM30,40.80326716
RGI2000-v7.0-G-19-01199,19,19-04,G069207E49317S,2001-11-27T00:00:00,69.20680204545454,-49.3166,0.032995090068961,0,646.67053,5.0,COPDEM30,12.54303709
RGI2000-v7.0-G-19-01200,19,19-04,G069204E49314S,2001-11-27T00:00:00,69.20437361111111,-49.31375,0.126658128833754,0,693.4608,7.0,COPDEM30,14.98246859
RGI2000-v7.0-G-19-01201,19,19-04,G069216E49313S,2001-11-27T00:00:00,69.21629588785046,-49.313058,0.117809779968212,0,705.1884,3.0,COPDEM30,14.80528010
RGI2000-v7.0-G-19-01202,19,19-04,G069222E49317S,2001-11-27T00:00:00,69.22162889306189,-49.316852999999995,0.023468648097874,0,629.5582,2.0,COPDEM30,12.14472726
RGI2000-v7.0-G-19-01203,19,19-04,G069205E49290S,2001-11-27T00:00:00,69.20479435714286,-49.29009,0.040327329570699,0,385.71967,4.0,COPDEM30,12.81143319
RGI2000-v7.0-G-19-01204,19,19-04,G069194E49292S,2001-11-27T00:00:00,69.19398055555556,-49.291920000000005,0.095087390511762,0,492.77536,4.0,COPDEM30,14.31707407
RGI2000-v7.0-G-19-01205,19,19-04,G069190E49294S,2001-11-27T00:00:00,69.18968116071429,-49.29393,0.029632702973063,0,543.56665,3.0,COPDEM30,12.40998128
RGI2000-v7.0-G-19-01206,19,19-04,G069184E49273S,2001-11-27T00:00:00,69.15719821539673,-49.283015,39.45459166968622,0,577.94055,2.0,COPDEM90,97.93804619
RGI2000-v7.0-G-19-01207,19,19-04,G069169E49261S,2001-11-27T00:00:00,69.1691751246189,-49.260731,0.014301844932677,0,585.6612,4.0,COPDEM30,11.67426450
RGI2000-v7.0-G-19-01208,19,19-04,G069184E49257S,2001-11-27T00:00:00,69.18384251315788,-49.256917,0.046021015044978,0,523.1454,4.0,COPDEM30,13.00335129
RGI2000-v7.0-G-19-01209,19,19-04,G069156E49254S,2001-11-27T00:00:00,69.1436644620762,-49.25806,11.442909654150641,0,795.98157,2.0,COPDEM30,57.35831809
RGI2000-v7.0-G-19-01210,19,19-04,G069142E49245S,2001-11-27T00:00:00,69.14173803030303,-49.245385,0.104379079363582,0,560.3834,3.0,COPDEM30,14.52308518
RGI2000-v7.0-G-19-01211,19,19-04,G069145E49241S,2001-11-27T00:00:00,69.14456981419875,-49.240941,0.024629851231701,0,605.3968,4.0,COPDEM30,12.19714607
RGI2000-v7.0-G-19-01212,19,19-04,G069167E49231S,2001-11-27T00:00:00,69.16651307557348,-49.231186,0.048257191457129,0,656.2361,3.0,COPDEM30,13.07545274
RGI2000-v7.0-G-19-01213,19,19-04,G069112E49226S,2001-11-27T00:00:00,69.11167776785715,-49.226095,0.037788355992065,0,478.74423,4.0,COPDEM30,12.72149183
RGI2000-v7.0-G-19-01214,19,19-04,G069113E49221S,2001-11-27T00:00:00,69.1111831611479,-49.218419999999995,0.892905587058594,0,615.82184,3.0,COPDEM30,23.22911543
RGI2000-v7.0-G-19-01215,19,19-04,G069107E49212S,2001-11-27T00:00:00,69.10111500000001,-49.211515,1.306173418568707,0,714.31604,2.0,COPDEM30,26.00031219
RGI2000-v7.0-G-19-01216,19,19-04,G069095E49220S,2001-11-27T00:00:00,69.09478975,-49.219854999999995,0.252942458272439,0,866.2872,8.0,COPDEM30,17.04107391
RGI2000-v7.0-G-19-01217,19,19-04,G069084E49227S,2001-11-27T00:00:00,69.08400243296819,-49.227055,2.044802538350878,0,784.5572,4.0,COPDEM30,30.01952291
RGI2000-v7.0-G-19-01218,19,19-04,G069062E49212S,2001-11-27T00:00:00,69.05766849316109,-49.221695999999994,22.04043580618723,0,725.87366,1.0,COPDEM90,75.72613953
RGI2000-v7.0-G-19-01219,19,19-04,G069085E49208S,2001-11-27T00:00:00,69.0848575,-49.20813,0.071982669141948,0,812.0465,7.0,COPDEM30,13.75614206
RGI2000-v7.0-G-19-01220,19,19-04,G069082E49206S,2001-11-27T00:00:00,69.08229621212121,-49.205794999999995,0.025086471000579,0,769.84247,6.0,COPDEM30,12.21741929
RGI2000-v7.0-G-19-01221,19,19-04,G069084E49192S,2001-11-27T00:00:00,69.08422297066087,-49.191655499999996,0.017489873420283,0,582.4229,3.0,COPDEM30,11.85148999
RGI2000-v7.0-G-19-01222,19,19-04,G069046E49172S,2010-01-20T00:00:00,69.04558571428572,-49.172415,0.509617125999676,0,592.54834,3.0,COPDEM30,19.99424618
RGI2000-v7.0-G-19-01223,19,19-04,G069015E49182S,2010-01-20T00:00:00,69.00844071725572,-49.179985,0.507818944813845,0,625.5668,2.0,COPDEM30,19.97659828
RGI2000-v7.0-G-19-01224,19,19-04,G069020E49192S,2010-01-20T00:00:00,69.02022095945946,-49.1922115,0.023544526588094,0,743.7309,3.0,COPDEM30,12.14819161
RGI2000-v7.0-G-19-01225,19,19-04,G069027E49199S,2001-11-27T00:00:00,69.02736083333333,-49.198605,0.105930389308337,0,733.581,2.0,COPDEM30,14.55657287
RGI2000-v7.0-G-19-01226,19,19-04,G069034E49197S,2001-11-27T00:00:00,69.03353619,-49.196812,0.293277165135242,0,395.81656,1.0,COPDEM30,17.58170986
RGI2000-v7.0-G-19-01227,19,19-04,G069037E49201S,2001-11-27T00:00:00,69.03741351398602,-49.200815000000006,0.068337448485965,0,717.65967,1.0,COPDEM30,13.65980053
RGI2000-v7.0-G-19-01228,19,19-04,G069005E49200S,2001-11-27T00:00:00,69.0052913275862,-49.20036,3.686180826767002,0,666.2228,8.0,COPDEM30,36.87920092
RGI2000-v7.0-G-19-01229,19,19-04,G068990E49191S,2001-11-27T00:00:00,68.98941804545456,-49.190542,0.030975086486933,0,444.24182,2.0,COPDEM30,12.46396367
RGI2000-v7.0-G-19-01230,19,19-04,G068980E49192S,2001-11-27T00:00:00,68.98054452941176,-49.192402,0.131870444120942,0,501.04025,2.0,COPDEM30,15.08395585
RGI2000-v7.0-G-19-01231,19,19-04,G068983E49195S,2001-11-27T00:00:00,68.9835325,-49.195507,0.066829140456367,0,539.6643,1.0,COPDEM30,13.61918658
RGI2000-v7.0-G-19-01232,19,19-04,G068983E49200S,2001-11-27T00:00:00,68.982603125,-49.199886,0.023244879679167,0,644.60754,5.0,COPDEM30,12.13447802
RGI2000-v7.0-G-19-01233,19,19-04,G068979E49202S,2001-11-27T00:00:00,68.97905922727273,-49.202346,0.023223522577034,0,638.79285,4.0,COPDEM30,12.13349723
RGI2000-v7.0-G-19-01234,19,19-04,G068977E49204S,2001-11-27T00:00:00,68.97655990442132,-49.204111,0.012452658555496,0,638.40094,4.0,COPDEM30,11.56228073
RGI2000-v7.0-G-19-01235,19,19-04,G068975E49205S,2001-11-27T00:00:00,68.97480261508451,-49.204556,0.044593857744164,0,646.3357,3.0,COPDEM30,12.95641609
RGI2000-v7.0-G-19-01236,19,19-04,G068975E49204S,2001-11-27T00:00:00,68.973038,-49.202327,0.05358569237757,0,627.76917,2.0,COPDEM30,13.24080171
RGI2000-v7.0-G-19-01237,19,19-04,G068973E49199S,2001-11-27T00:00:00,68.97304299999999,-49.198402,0.076055882189555,0,621.2995,8.0,COPDEM30,13.86095233
RGI2000-v7.0-G-19-01238,19,19-04,G068970E49207S,2001-11-27T00:00:00,68.96975109473685,-49.206993999999995,0.031470164237405,0,663.4718,2.0,COPDEM30,12.48357649
RGI2000-v7.0-G-19-01239,19,19-04,G068972E49209S,2001-11-27T00:00:00,68.97141834310727,-49.20952,0.14814546064002,0,658.8097,4.0,COPDEM30,15.38855364
RGI2000-v7.0-G-19-01240,19,19-04,G068965E49214S,2001-11-27T00:00:00,68.96580355263157,-49.213031,0.128926529047414,0,624.54236,5.0,COPDEM30,15.02688767
RGI2000-v7.0-G-19-01241,19,19-04,G068968E49215S,2001-11-27T00:00:00,68.96770736340207,-49.2145645,0.0400615077171,0,597.3779,5.0,COPDEM30,12.80215194
RGI2000-v7.0-G-19-01242,19,19-04,G068956E49223S,2001-11-27T00:00:00,68.95631866666666,-49.222629999999995,0.05931329914578,0,530.0352,3.0,COPDEM30,13.40960506
RGI2000-v7.0-G-19-01243,19,19-04,G068948E49230S,2001-11-27T00:00:00,68.94755104756996,-49.229678,0.11854750534049,0,448.92905,4.0,COPDEM30,14.82030197
RGI2000-v7.0-G-19-01244,19,19-04,G068969E49233S,2001-11-27T00:00:00,68.98186345719178,-49.23554,50.79740297043239,0,651.9529,7.0,COPDEM90,100.00000000
RGI2000-v7.0-G-19-01245,19,19-04,G068909E49209S,2010-01-20T00:00:00,68.90948747854213,-49.2086215,0.016436211528541,0,538.01807,4.0,COPDEM30,11.79485305
RGI2000-v7.0-G-19-01246,19,19-04,G068925E49183S,2010-01-20T00:00:00,68.92526047238653,-49.1830215,0.023721400270695,0,539.89,4.0,COPDEM30,12.15624545
RGI2000-v7.0-G-19-01247,19,19-04,G068931E49176S,2010-01-20T00:00:00,68.93083636146287,-49.175635,0.013334899508336,0,670.0543,3.0,COPDEM30,11.61667570
RGI2000-v7.0-G-19-01248,19,19-04,G068935E49174S,2010-01-20T00:00:00,68.93527493888547,-49.173846499999996,0.011198612738081,0,615.58093,3.0,COPDEM30,11.48152897
RGI2000-v7.0-G-19-01249,19,19-04,G068939E49177S,2010-01-20T00:00:00,68.93916901089798,-49.1770085,0.01506901927842,0,543.37317,2.0,COPDEM30,11.71858307
RGI2000-v7.0-G-19-01250,19,19-04,G068927E49171S,2010-01-20T00:00:00,68.92730940889993,-49.1712355,0.016495993767646,0,640.61707,2.0,COPDEM30,11.79811423
RGI2000-v7.0-G-19-01251,19,19-04,G068931E49158S,2010-01-20T00:00:00,68.93102274504952,-49.157892000000004,0.029264022905529,0,663.93494,3.0,COPDEM30,12.39494227
RGI2000-v7.0-G-19-01252,19,19-04,G068955E49160S,2010-01-20T00:00:00,68.95452087278761,-49.1604805,0.012092182529309,0,569.00146,4.0,COPDEM30,11.53950244
RGI2000-v7.0-G-19-01253,19,19-04,G068982E49146S,2010-01-20T00:00:00,68.9817283892809,-49.145714999999996,0.508010313665105,0,781.74194,3.0,COPDEM30,19.97847791
RGI2000-v7.0-G-19-01254,19,19-04,G068989E49147S,2010-01-20T00:00:00,68.989471375,-49.146635,0.315166367734805,0,616.0051,2.0,COPDEM30,17.85955521
RGI2000-v7.0-G-19-01255,19,19-04,G068991E49153S,2010-01-20T00:00:00,68.99118999999999,-49.152550000000005,0.070832808311934,0,675.4654,4.0,COPDEM30,13.72602072
RGI2000-v7.0-G-19-01256,19,19-04,G068999E49152S,2010-01-20T00:00:00,68.99915316535484,-49.151936500000005,0.013660867735022,0,568.7714,3.0,COPDEM30,11.63631601
RGI2000-v7.0-G-19-01257,19,19-04,G068996E49138S,2010-01-20T00:00:00,68.99626873513972,-49.1379,0.149865137585398,0,847.1097,5.0,COPDEM30,15.41973864
RGI2000-v7.0-G-19-01258,19,19-04,G068995E49145S,2010-01-20T00:00:00,68.99098000000001,-49.138459999999995,0.35520324230594,0,774.3435,5.0,COPDEM30,18.34385016
RGI2000-v7.0-G-19-01259,19,19-04,G068998E49134S,2010-01-20T00:00:00,68.99786115587449,-49.13404,0.303986633713795,0,807.8028,2.0,COPDEM30,17.71889760
RGI2000-v7.0-G-19-01260,19,19-04,G068992E49129S,2010-01-20T00:00:00,68.99203328947368,-49.128855,0.263291321795699,0,458.05768,2.0,COPDEM30,17.18366891
RGI2000-v7.0-G-19-01261,19,19-04,G068986E49132S,2010-01-20T00:00:00,68.98631942412936,-49.132045000000005,0.296903154349975,0,905.71466,2.0,COPDEM30,17.62843485
RGI2000-v7.0-G-19-01262,19,19-04,G068982E49134S,2010-01-20T00:00:00,68.98104398114225,-49.133905,0.394921720309783,0,908.1942,6.0,COPDEM30,18.79799166
RGI2000-v7.0-G-19-01263,19,19-04,G068980E49129S,2010-01-20T00:00:00,68.98017336885246,-49.1289,0.111382582526387,0,974.3253,8.0,COPDEM30,14.67236409
RGI2000-v7.0-G-19-01264,19,19-04,G068975E49130S,2010-01-20T00:00:00,68.97489451298702,-49.130340000000004,0.106096581273276,0,818.3169,8.0,COPDEM30,14.56014582
RGI2000-v7.0-G-19-01265,19,19-04,G068985E49120S,2010-01-20T00:00:00,68.98636671428571,-49.12513,0.513862427548897,0,771.0829,3.0,COPDEM30,20.03578775
RGI2000-v7.0-G-19-01266,19,19-04,G068999E49130S,2010-01-20T00:00:00,69.00723328894082,-49.136438999999996,0.391764957217864,0,668.4111,4.0,COPDEM30,18.76275822
RGI2000-v7.0-G-19-01267,19,19-04,G069018E49136S,2010-01-20T00:00:00,69.01756883342395,-49.1364665,0.071007202611225,0,458.47803,4.0,COPDEM30,13.73060474
RGI2000-v7.0-G-19-01268,19,19-04,G069061E49147S,2010-01-20T00:00:00,69.06118628718531,-49.1465245,0.237314585401001,0,571.82074,3.0,COPDEM30,16.82009228
RGI2000-v7.0-G-19-01269,19,19-04,G069077E49087S,2010-01-20T00:00:00,69.07678526981982,-49.0874415,0.030920588761709,0,791.6915,4.0,COPDEM30,12.46179516
RGI2000-v7.0-G-19-01270,19,19-04,G069090E49086S,2010-01-20T00:00:00,69.08574248658775,-49.0871315,0.053648945544655,0,738.07623,3.0,COPDEM30,13.24271388
RGI2000-v7.0-G-19-01271,19,19-04,G069088E49083S,2010-01-20T00:00:00,69.08793818947369,-49.083333999999994,0.151280318288807,0,754.6789,4.0,COPDEM30,15.44526789
RGI2000-v7.0-G-19-01272,19,19-04,G069091E49074S,2010-01-20T00:00:00,69.0914394304356,-49.074272500000006,0.037271935193123,0,649.20557,1.0,COPDEM30,12.70283172
RGI2000-v7.0-G-19-01273,19,19-04,G069099E49076S,2010-01-20T00:00:00,69.09941854297605,-49.075715,0.109934419308883,0,743.74915,4.0,COPDEM30,14.64189037
RGI2000-v7.0-G-19-01274,19,19-04,G069119E49065S,2010-01-20T00:00:00,69.11871534983081,-49.0648145,0.012300844917467,0,816.09863,1.0,COPDEM30,11.55272844
RGI2000-v7.0-G-19-01275,19,19-04,G069118E49061S,2010-01-20T00:00:00,69.11777212216654,-49.061062,0.02638526582993,0,633.3248,1.0,COPDEM30,12.27409589
RGI2000-v7.0-G-19-01276,19,19-04,G069127E49059S,2010-01-20T00:00:00,69.13159658456405,-49.0569605,0.535682115129484,0,522.2494,3.0,COPDEM30,20.24664309
RGI2000-v7.0-G-19-01277,19,19-04,G069131E49051S,2010-01-20T00:00:00,69.13064123404959,-49.051069,0.023798254483739,0,688.4623,4.0,COPDEM30,12.15973560
RGI2000-v7.0-G-19-01278,19,19-04,G069135E49049S,2010-01-20T00:00:00,69.13497018275362,-49.049015499999996,0.019012788886413,0,724.3076,4.0,COPDEM30,11.93041618
RGI2000-v7.0-G-19-01279,19,19-04,G069138E49050S,2010-01-20T00:00:00,69.13836120633235,-49.049822,0.028000123505674,0,592.6897,4.0,COPDEM30,12.34265324
RGI2000-v7.0-G-19-01280,19,19-04,G069148E49045S,2010-01-20T00:00:00,69.14228206032699,-49.046517,0.089331102935908,0,615.4442,4.0,COPDEM30,14.18436329
RGI2000-v7.0-G-19-01281,19,19-04,G069147E49044S,2010-01-20T00:00:00,69.14729618852186,-49.043609000000004,0.097927037888127,0,587.1536,4.0,COPDEM30,14.38106145
RGI2000-v7.0-G-19-01282,19,19-04,G069152E49041S,2010-01-20T00:00:00,69.15166458421052,-49.0409265,0.060864970986573,0,529.4729,4.0,COPDEM30,13.45391579
RGI2000-v7.0-G-19-01283,19,19-04,G069122E49050S,2010-01-20T00:00:00,69.1217203887519,-49.0504345,0.036088588577675,0,812.58325,1.0,COPDEM30,12.65957955
RGI2000-v7.0-G-19-01284,19,19-04,G069113E49048S,2010-01-20T00:00:00,69.11046862988827,-49.048527,0.075552475569915,0,709.1434,2.0,COPDEM30,13.84815348
RGI2000-v7.0-G-19-01285,19,19-04,G069110E49045S,2010-01-20T00:00:00,69.11111536752031,-49.0457095,0.24827929853488,0,604.31024,2.0,COPDEM30,16.97586858
RGI2000-v7.0-G-19-01286,19,19-04,G069103E49044S,2010-01-20T00:00:00,69.10338753151261,-49.0441775,0.019113077110585,0,690.844,2.0,COPDEM30,11.93550074
RGI2000-v7.0-G-19-01287,19,19-04,G069105E49055S,2010-01-20T00:00:00,69.10140265643375,-49.0531995,0.218743234000253,0,794.4371,4.0,COPDEM30,16.54779916
RGI2000-v7.0-G-19-01288,19,19-04,G069079E49057S,2010-01-20T00:00:00,69.07861830683008,-49.057061,0.089861145136097,0,704.03436,4.0,COPDEM30,14.19675880
RGI2000-v7.0-G-19-01289,19,19-04,G069128E49076S,2010-01-20T00:00:00,69.1247808876539,-49.070272,0.632764635767444,0,646.29016,5.0,COPDEM30,21.13651061
RGI2000-v7.0-G-19-01290,19,19-04,G069132E49065S,2010-01-20T00:00:00,69.13174416217565,-49.064966999999996,0.035800461224636,0,824.3926,1.0,COPDEM30,12.64894137
RGI2000-v7.0-G-19-01291,19,19-04,G069140E49068S,2010-01-20T00:00:00,69.14033953337687,-49.067651999999995,0.374089158368675,0,717.2019,3.0,COPDEM30,18.56279598
RGI2000-v7.0-G-19-01292,19,19-04,G069140E49072S,2010-01-20T00:00:00,69.14023548634454,-49.0723955,0.167371487565068,0,774.8116,2.0,COPDEM30,15.72754848
RGI2000-v7.0-G-19-01293,19,19-04,G069137E49076S,2010-01-20T00:00:00,69.13657234042753,-49.075993,0.010031165997812,0,918.6576,1.0,COPDEM30,11.40217992
RGI2000-v7.0-G-19-01294,19,19-04,G069134E49076S,2010-01-20T00:00:00,69.13385850543851,-49.076198500000004,0.020268383377268,0,894.6706,1.0,COPDEM30,11.99313902
RGI2000-v7.0-G-19-01295,19,19-04,G069140E49090S,2010-01-20T00:00:00,69.13647153128085,-49.0803375,0.313157494716391,0,940.71204,4.0,COPDEM30,17.83446673
RGI2000-v7.0-G-19-01296,19,19-04,G069135E49087S,2010-01-20T00:00:00,69.13524175742575,-49.087469999999996,0.0724600769067,0,804.8922,3.0,COPDEM30,13.76857733
RGI2000-v7.0-G-19-01297,19,19-04,G069128E49089S,2010-01-20T00:00:00,69.12791285885598,-49.088882999999996,0.01386234394634,0,732.29614,5.0,COPDEM30,11.64833838
RGI2000-v7.0-G-19-01298,19,19-04,G069122E49091S,2010-01-20T00:00:00,69.12194541622534,-49.092394999999996,0.040989390804192,0,509.09427,4.0,COPDEM30,12.83441715
RGI2000-v7.0-G-19-01299,19,19-04,G069119E49092S,2010-01-20T00:00:00,69.1185821054357,-49.091588,0.01778579386747,0,779.43225,3.0,COPDEM30,11.86708746
RGI2000-v7.0-G-19-01300,19,19-04,G069119E49094S,2010-01-20T00:00:00,69.11864740368853,-49.093628499999994,0.019674711605323,0,765.65906,3.0,COPDEM30,11.96373203
RGI2000-v7.0-G-19-01301,19,19-04,G069148E49075S,2010-01-20T00:00:00,69.14787326444834,-49.075383,0.077799072257032,0,752.3579,2.0,COPDEM30,13.90494791
RGI2000-v7.0-G-19-01302,19,19-04,G069165E49151S,2010-01-20T00:00:00,69.16488471916918,-49.151489,0.010424686164379,0,543.87573,3.0,COPDEM30,11.42941893
RGI2000-v7.0-G-19-01303,19,19-04,G069170E49153S,2010-01-20T00:00:00,69.16995930566245,-49.152701,0.021299157035768,0,500.0428,3.0,COPDEM30,12.04319230
RGI2000-v7.0-G-19-01304,19,19-04,G069168E49155S,2010-01-20T00:00:00,69.1680258030303,-49.1554515,0.02547921503666,0,494.73706,4.0,COPDEM30,12.23470941
RGI2000-v7.0-G-19-01305,19,19-04,G069109E49245S,2001-11-27T00:00:00,69.1062471534136,-49.249155,10.479481308513002,0,837.17957,2.0,COPDEM30,55.32083777
RGI2000-v7.0-G-19-01306,19,19-04,G069104E49297S,2001-11-27T00:00:00,69.02207073225154,-49.301514999999995,79.587474686738,0,822.8997,7.0,COPDEM90,100.00000000
RGI2000-v7.0-G-19-01307,19,19-04,G069018E49339S,2001-11-27T00:00:00,68.99148651840167,-49.337059999999994,50.308727836086646,0,712.8894,7.0,COPDEM90,100.00000000
RGI2000-v7.0-G-19-01308,19,19-04,G068992E49380S,2001-11-27T00:00:00,68.99181407652823,-49.380250000000004,19.229722060571543,0,694.0342,6.0,COPDEM90,71.39238979
RGI2000-v7.0-G-19-01309,19,19-04,G069008E49414S,2001-11-27T00:00:00,69.02164767384824,-49.395783,19.984674256456792,0,704.6299,6.0,COPDEM90,72.58591019
RGI2000-v7.0-G-19-01310,19,19-04,G069071E49401S,2001-11-27T00:00:00,69.07135395544347,-49.401385,14.366336211250957,0,695.5587,4.0,COPDEM90,63.06413004
RGI2000-v7.0-G-19-01311,19,19-04,G069058E49433S,2001-11-27T00:00:00,69.05753258786848,-49.432778,0.048998394716269,0,422.437,4.0,COPDEM30,13.09898134
RGI2000-v7.0-G-19-01312,19,19-04,G068984E49433S,2001-11-27T00:00:00,68.98424168436375,-49.433143,0.040216082933322,0,575.11285,4.0,COPDEM30,12.80755272
RGI2000-v7.0-G-19-01313,19,19-04,G068968E49512S,2001-11-27T00:00:00,68.96759169642857,-49.512145000000004,0.449932984382223,0,473.40402,4.0,COPDEM30,19.39078617
RGI2000-v7.0-G-19-01314,19,19-04,G068951E49520S,2001-11-27T00:00:00,68.9509875,-49.52047,0.302703378054892,0,649.70544,2.0,COPDEM30,17.70258801
RGI2000-v7.0-G-19-01315,19,19-04,G068970E49545S,2001-11-27T00:00:00,68.97005875,-49.544985,0.0184840999903,0,579.22894,2.0,COPDEM30,11.90338740
RGI2000-v7.0-G-19-01316,19,19-04,G068973E49547S,2001-11-27T00:00:00,68.97258728554503,-49.547321999999994,0.114205369167661,0,616.7209,2.0,COPDEM30,14.73119989
RGI2000-v7.0-G-19-01317,19,19-04,G068963E49550S,2001-11-27T00:00:00,68.96582625,-49.548665,0.218118543608968,0,634.98346,4.0,COPDEM30,16.53844282
RGI2000-v7.0-G-19-01318,19,19-04,G068961E49552S,2001-11-27T00:00:00,68.96061275,-49.5518875,0.104992089233507,0,567.3627,4.0,COPDEM30,14.53634759
RGI2000-v7.0-G-19-01319,19,19-04,G068950E49557S,2001-11-27T00:00:00,68.9496025,-49.556920000000005,0.085745864808979,0,429.4582,3.0,COPDEM30,14.09953528
RGI2000-v7.0-G-19-01320,19,19-04,G068981E49553S,2001-11-27T00:00:00,68.98120347826087,-49.553014,0.226363721470767,0,644.10596,3.0,COPDEM30,16.66087753
RGI2000-v7.0-G-19-01321,19,19-04,G068984E49551S,2001-11-27T00:00:00,68.98376111111111,-49.551315,0.027706098522808,0,620.57556,4.0,COPDEM30,12.33032086
RGI2000-v7.0-G-19-01322,19,19-04,G068985E49548S,2001-11-27T00:00:00,68.985094125,-49.548095,0.128825900890217,0,534.2838,3.0,COPDEM30,15.02492553
RGI2000-v7.0-G-19-01323,19,19-04,G068986E49560S,2001-11-27T00:00:00,68.98575956551724,-49.56012,0.168848652922071,0,541.7449,3.0,COPDEM30,15.75276768
RGI2000-v7.0-G-19-01324,19,19-04,G068900E49569S,2001-11-27T00:00:00,68.89437766550523,-49.56639,2.896200793178004,0,814.04285,1.0,COPDEM30,33.82551900
RGI2000-v7.0-G-19-01325,19,19-04,G068883E49563S,2001-11-27T00:00:00,68.8830174111111,-49.562615,0.098525684914063,0,595.692,1.0,COPDEM30,14.39443219
RGI2000-v7.0-G-19-01326,19,19-04,G068869E49572S,2001-11-27T00:00:00,68.86784883266128,-49.56999,4.105791942367524,0,757.7052,1.0,COPDEM30,38.36785541
RGI2000-v7.0-G-19-01327,19,19-04,G068850E49570S,2001-11-27T00:00:00,68.84961386770742,-49.569646000000006,0.606108202784301,0,788.60254,6.0,COPDEM30,20.89941318
RGI2000-v7.0-G-19-01328,19,19-04,G068846E49585S,2001-11-27T00:00:00,68.87081981818183,-49.58488,11.604736727929719,0,734.94446,8.0,COPDEM30,57.69201609
RGI2000-v7.0-G-19-01329,19,19-04,G068918E49592S,2001-11-27T00:00:00,68.88750815084916,-49.588755,15.629651297877844,0,719.31384,4.0,COPDEM90,65.34809531
RGI2000-v7.0-G-19-01330,19,19-04,G069160E49362S,2001-11-27T00:00:00,69.11942834108527,-49.35936,69.40926112081928,0,727.2446,4.0,COPDEM90,100.00000000
RGI2000-v7.0-G-19-01331,19,19-04,G068868E49222S,2010-01-20T00:00:00,68.86762070476894,-49.2220305,0.012207907754153,0,563.4855,3.0,COPDEM30,11.54685162
RGI2000-v7.0-G-19-01332,19,19-04,G068862E49216S,2010-01-20T00:00:00,68.86199643333052,-49.216105,0.018424043898314,0,546.14453,4.0,COPDEM30,11.90029277
RGI2000-v7.0-G-19-01333,19,19-04,G068867E49206S,2010-01-20T00:00:00,68.86735640167363,-49.206289999999996,0.010523986554278,0,458.6409,3.0,COPDEM30,11.43621077
RGI2000-v7.0-G-19-01334,19,19-04,G068844E49214S,2010-01-20T00:00:00,68.84389680541626,-49.2138515,0.014720427106817,0,687.62085,3.0,COPDEM30,11.69858874
RGI2000-v7.0-G-19-01335,19,19-04,G068839E49207S,2010-01-20T00:00:00,68.83865126020407,-49.206625,0.05463827971906,0,635.33936,3.0,COPDEM30,13.27247656
RGI2000-v7.0-G-19-01336,19,19-04,G068834E49227S,2010-01-20T00:00:00,68.83408591149635,-49.2271635,0.015695116303425,0,772.63855,3.0,COPDEM30,11.75392212
RGI2000-v7.0-G-19-01337,19,19-04,G068839E49231S,2010-01-20T00:00:00,68.83879353070412,-49.23055,0.019062310856419,0,693.2414,4.0,COPDEM30,11.93292859
RGI2000-v7.0-G-19-01338,19,19-04,G068895E49126S,2010-01-20T00:00:00,68.89495269509345,-49.1255965,0.077511065100293,0,699.0489,4.0,COPDEM30,13.89771327
RGI2000-v7.0-G-19-01339,19,19-04,G068891E49121S,2010-01-20T00:00:00,68.89054206937172,-49.1205315,0.01391746824104,0,726.81775,2.0,COPDEM30,11.65161248
RGI2000-v7.0-G-19-01340,19,19-04,G068915E49100S,2010-01-20T00:00:00,68.9145348692955,-49.0995875,0.068020626455273,0,620.32635,3.0,COPDEM30,13.65130700
RGI2000-v7.0-G-19-01341,19,19-04,G068864E49094S,2010-01-20T00:00:00,68.864290668,-49.09371,0.055843867902702,0,619.6145,3.0,COPDEM30,13.30838301
RGI2000-v7.0-G-19-01342,19,19-04,G068856E49082S,2010-01-20T00:00:00,68.85588216564885,-49.082316,0.012605674266835,0,560.3262,4.0,COPDEM30,11.57184992
RGI2000-v7.0-G-19-01343,19,19-04,G068871E49063S,2010-01-20T00:00:00,68.87055984415585,-49.0633875,0.01759440698815,0,715.1025,3.0,COPDEM30,11.85701475
RGI2000-v7.0-G-19-01344,19,19-04,G068873E49061S,2010-01-20T00:00:00,68.873241125,-49.06135,0.023543732750832,0,679.42737,4.0,COPDEM30,12.14815540
RGI2000-v7.0-G-19-01345,19,19-04,G068819E49098S,2010-01-20T00:00:00,68.81922990983655,-49.0977405,0.016977499212368,0,706.0233,3.0,COPDEM30,11.82416826
RGI2000-v7.0-G-19-01346,19,19-04,G068946E49127S,2010-01-20T00:00:00,68.94618222222222,-49.12665,0.289346803318309,0,539.1763,2.0,COPDEM30,17.53073525
RGI2000-v7.0-G-19-01347,19,19-04,G069447E49551S,2001-03-09T00:00:00,69.44659300000001,-49.551314000000005,0.04275287004224,0,496.9324,2.0,COPDEM30,12.89474740
RGI2000-v7.0-G-19-01348,19,19-04,G069451E49559S,2001-03-09T00:00:00,69.450909,-49.558871999999994,0.229644881369546,0,732.0087,2.0,COPDEM30,16.70897882
RGI2000-v7.0-G-19-01349,19,19-04,G069456E49557S,2001-03-09T00:00:00,69.45569351923076,-49.557621999999995,0.020195491338496,0,589.48914,2.0,COPDEM30,11.98955178
RGI2000-v7.0-G-19-01350,19,19-04,G069460E49561S,2001-03-09T00:00:00,69.46047969680868,-49.560745,0.651862442589154,0,752.393,8.0,COPDEM30,21.30331981
RGI2000-v7.0-G-19-01351,19,19-04,G069470E49560S,2001-03-09T00:00:00,69.47082575,-49.560244,0.076474729107932,0,903.39435,1.0,COPDEM30,13.87156905
RGI2000-v7.0-G-19-01352,19,19-04,G069472E49566S,2001-03-09T00:00:00,69.4720145,-49.565808000000004,0.030089856928863,0,990.91626,8.0,COPDEM30,12.42849994
RGI2000-v7.0-G-19-01353,19,19-04,G069475E49565S,2001-03-09T00:00:00,69.47539480555554,-49.565463,0.013849865998233,0,1056.9827,7.0,COPDEM30,11.64759635
RGI2000-v7.0-G-19-01354,19,19-04,G069480E49561S,2001-03-09T00:00:00,69.48060490569364,-49.561177,0.645367130804684,0,889.30237,1.0,COPDEM30,21.24686435
RGI2000-v7.0-G-19-01355,19,19-04,G069484E49562S,2001-03-09T00:00:00,69.48983421052631,-49.566595,0.819655474660205,0,1124.2355,1.0,COPDEM30,22.67487566
RGI2000-v7.0-G-19-01356,19,19-04,G069501E49555S,2001-03-09T00:00:00,69.50011919537815,-49.5619675,0.951890434702184,0,1029.0493,1.0,COPDEM30,23.65908215
RGI2000-v7.0-G-19-01357,19,19-04,G069500E49556S,2001-03-09T00:00:00,69.50140304678362,-49.555037,0.047162739837086,0,949.6191,2.0,COPDEM30,13.04037777
RGI2000-v7.0-G-19-01358,19,19-04,G069498E49554S,2001-03-09T00:00:00,69.49829547115385,-49.554572,0.012632090323634,0,979.6796,2.0,COPDEM30,11.57349601
RGI2000-v7.0-G-19-01359,19,19-04,G069499E49553S,2001-03-09T00:00:00,69.4995925413534,-49.553062,0.01374347253638,0,942.59125,1.0,COPDEM30,11.64125580
RGI2000-v7.0-G-19-01360,19,19-04,G069501E49550S,2001-03-09T00:00:00,69.50133827777778,-49.55064,0.033506200497161,0,886.95435,1.0,COPDEM30,12.56265786
RGI2000-v7.0-G-19-01361,19,19-04,G069505E49552S,2001-03-09T00:00:00,69.50500389285715,-49.551726,0.098073798603643,0,852.0059,2.0,COPDEM30,14.38434311
RGI2000-v7.0-G-19-01362,19,19-04,G069504E49554S,2001-03-09T00:00:00,69.50461242857143,-49.554792,0.022322822418771,0,897.18823,2.0,COPDEM30,12.09171537
RGI2000-v7.0-G-19-01363,19,19-04,G069495E49551S,2001-03-09T00:00:00,69.49575742857142,-49.551717,0.056250442412187,0,916.8581,2.0,COPDEM30,13.32040460
RGI2000-v7.0-G-19-01364,19,19-04,G069494E49555S,2001-03-09T00:00:00,69.49403137878788,-49.555482,0.031888813606468,0,937.2109,3.0,COPDEM30,12.50004149
RGI2000-v7.0-G-19-01365,19,19-04,G069490E49556S,2001-03-09T00:00:00,69.49073153571429,-49.55595700000001,0.07808967411252,0,953.04297,1.0,COPDEM30,13.91223416
RGI2000-v7.0-G-19-01366,19,19-04,G069494E49547S,2001-03-09T00:00:00,69.49401944444445,-49.547152,0.027873030147496,0,873.29956,2.0,COPDEM30,12.33733051
RGI2000-v7.0-G-19-01367,19,19-04,G069493E49544S,2001-03-09T00:00:00,69.49376369480518,-49.544641999999996,0.016200803786329,0,844.5701,1.0,COPDEM30,11.78195329
RGI2000-v7.0-G-19-01368,19,19-04,G069498E49546S,2001-03-09T00:00:00,69.49828686666666,-49.545852,0.061528613563204,0,858.7909,2.0,COPDEM30,13.47269467
RGI2000-v7.0-G-19-01369,19,19-04,G069499E49540S,2001-03-09T00:00:00,69.49970176923077,-49.540367,0.094240822458807,0,753.998,2.0,COPDEM30,14.29781354
RGI2000-v7.0-G-19-01370,19,19-04,G069510E49544S,2001-03-09T00:00:00,69.50678975,-49.544230999999996,0.377471430843133,0,772.0,2.0,COPDEM30,18.60141851
RGI2000-v7.0-G-19-01371,19,19-04,G069515E49543S,2001-03-09T00:00:00,69.515559,-49.543161,0.040733237098121,0,719.0081,3.0,COPDEM30,12.82554676
RGI2000-v7.0-G-19-01372,19,19-04,G069521E49543S,2001-03-09T00:00:00,69.52141900000001,-49.543676,0.012803115738068,0,689.2878,1.0,COPDEM30,11.58411195
RGI2000-v7.0-G-19-01373,19,19-04,G069526E49548S,2001-03-09T00:00:00,69.52604178571428,-49.548061000000004,0.030313636242416,0,744.61115,3.0,COPDEM30,12.43751363
RGI2000-v7.0-G-19-01374,19,19-04,G069525E49547S,2001-03-09T00:00:00,69.52307922222222,-49.555761000000004,2.310776197933776,0,847.8214,2.0,COPDEM30,31.28173242
RGI2000-v7.0-G-19-01375,19,19-04,G069532E49562S,2001-03-09T00:00:00,69.53343925,-49.56132,0.035255555102743,0,898.6992,2.0,COPDEM30,12.62870478
RGI2000-v7.0-G-19-01376,19,19-04,G069530E49563S,2001-03-09T00:00:00,69.5303419375,-49.56313,0.012102855097335,0,992.40045,1.0,COPDEM30,11.54018168
RGI2000-v7.0-G-19-01377,19,19-04,G069533E49561S,2001-03-09T00:00:00,69.53870957142857,-49.561585,0.098462553202121,0,788.78,3.0,COPDEM30,14.39302406
RGI2000-v7.0-G-19-01378,19,19-04,G069541E49557S,2001-03-09T00:00:00,69.54113457894736,-49.557778,0.033537240739962,0,801.37823,4.0,COPDEM30,12.56384461
RGI2000-v7.0-G-19-01379,19,19-04,G069551E49554S,2001-03-09T00:00:00,69.551538,-49.554478,0.032138851320602,0,655.6303,3.0,COPDEM30,12.50982367
RGI2000-v7.0-G-19-01380,19,19-04,G069556E49555S,2001-03-09T00:00:00,69.5566925,-49.555733000000004,0.017250142543286,0,595.1549,3.0,COPDEM30,11.83875717
RGI2000-v7.0-G-19-01381,19,19-04,G069544E49565S,2001-03-09T00:00:00,69.54448049999999,-49.565663,0.015214736459456,0,809.99994,2.0,COPDEM30,11.72687242
RGI2000-v7.0-G-19-01382,19,19-04,G069537E49569S,2001-03-09T00:00:00,69.53690201525055,-49.569355,0.100188586896102,0,625.55457,4.0,COPDEM30,14.43136131
RGI2000-v7.0-G-19-01383,19,19-04,G069539E49572S,2001-03-09T00:00:00,69.53929668421053,-49.572001,0.03291052113621,0,529.62976,4.0,COPDEM30,12.53977600
RGI2000-v7.0-G-19-01384,19,19-04,G069493E49575S,2001-03-09T00:00:00,69.492733125,-49.575005,0.01014438141482,0,1282.6595,3.0,COPDEM30,11.41007048
RGI2000-v7.0-G-19-01385,19,19-04,G069443E49578S,2001-03-09T00:00:00,69.47466886692015,-49.574495,2.316375886443082,0,1042.6566,8.0,COPDEM30,31.30750276
RGI2000-v7.0-G-19-01386,19,19-04,G069473E49581S,2001-03-09T00:00:00,69.47335054413992,-49.581493,0.036383279536617,0,980.05505,5.0,COPDEM30,12.67041622
RGI2000-v7.0-G-19-01387,19,19-04,G069472E49588S,2001-03-09T00:00:00,69.47269644560185,-49.5892665,0.965754628014041,0,416.04346,7.0,COPDEM30,23.75819418
RGI2000-v7.0-G-19-01388,19,19-04,G069469E49598S,2001-03-09T00:00:00,69.4691315,-49.598397000000006,0.011381079356966,0,764.8408,5.0,COPDEM30,11.49354998
RGI2000-v7.0-G-19-01389,19,19-04,G069466E49599S,2001-03-09T00:00:00,69.465912,-49.598910000000004,0.086306679888166,0,793.468,4.0,COPDEM30,14.11291980
RGI2000-v7.0-G-19-01390,19,19-04,G069474E49599S,2001-03-09T00:00:00,69.47425538461539,-49.598870000000005,0.033542438660672,0,778.70215,5.0,COPDEM30,12.56404329
RGI2000-v7.0-G-19-01391,19,19-04,G069474E49602S,2001-03-09T00:00:00,69.4751171875,-49.60078,0.023912767728587,0,751.2866,6.0,COPDEM30,12.16492551
RGI2000-v7.0-G-19-01392,19,19-04,G069484E49598S,2001-03-09T00:00:00,69.48390720270271,-49.5980385,0.123250934705995,0,1007.9208,7.0,COPDEM30,14.91499575
RGI2000-v7.0-G-19-01393,19,19-04,G069488E49594S,2001-03-09T00:00:00,69.48835489042476,-49.594391,0.013778360845107,0,1332.6481,4.0,COPDEM30,11.64333768
RGI2000-v7.0-G-19-01394,19,19-04,G069493E49595S,2001-03-09T00:00:00,69.49268931666667,-49.594815,0.012915919988506,0,1609.502,7.0,COPDEM30,11.59107521
RGI2000-v7.0-G-19-01395,19,19-04,G069475E49601S,2001-03-09T00:00:00,69.49149034238573,-49.597453,0.057036747050139,0,1236.056,6.0,COPDEM30,13.34353143
RGI2000-v7.0-G-19-01396,19,19-04,G069500E49598S,2001-03-09T00:00:00,69.49997562022773,-49.5981865,0.295805775162831,0,1164.1125,3.0,COPDEM30,17.61432413
RGI2000-v7.0-G-19-01397,19,19-04,G069506E49597S,2001-03-09T00:00:00,69.50633557966796,-49.597126,0.459025120738035,0,1054.1213,3.0,COPDEM30,19.48519497
RGI2000-v7.0-G-19-01398,19,19-04,G069489E49588S,2001-03-09T00:00:00,69.48874197430932,-49.5878505,0.305559226566971,0,1363.4124,6.0,COPDEM30,17.73883767
RGI2000-v7.0-G-19-01399,19,19-04,G069457E49594S,2001-03-09T00:00:00,69.45730392307692,-49.594621000000004,0.011221114875748,0,809.5787,2.0,COPDEM30,11.48301669
RGI2000-v7.0-G-19-01400,19,19-04,G069457E49598S,2001-03-09T00:00:00,69.45712350000001,-49.597899,0.05014777039128,0,743.71533,4.0,COPDEM30,13.13511770
RGI2000-v7.0-G-19-01401,19,19-04,G069489E49609S,2001-03-09T00:00:00,69.47864055487804,-49.610983000000004,0.763291233506575,0,589.38715,6.0,COPDEM30,22.23131562
RGI2000-v7.0-G-19-01402,19,19-04,G069503E49608S,2001-03-09T00:00:00,69.49890420842218,-49.611075,1.082720530840297,0,965.4224,4.0,COPDEM30,24.56754008
RGI2000-v7.0-G-19-01403,19,19-04,G069495E49622S,2001-03-09T00:00:00,69.49469353270564,-49.6224335,0.092763335252362,0,864.23944,3.0,COPDEM30,14.26399035
RGI2000-v7.0-G-19-01404,19,19-04,G069499E49629S,2001-03-09T00:00:00,69.49942001654412,-49.629064,0.056964731820438,0,684.3574,3.0,COPDEM30,13.34141997
RGI2000-v7.0-G-19-01405,19,19-04,G069532E49615S,2001-03-09T00:00:00,69.53242471530503,-49.6140805,0.01666592490127,0,916.4413,5.0,COPDEM30,11.80735201
RGI2000-v7.0-G-19-01406,19,19-04,G069544E49616S,2001-03-09T00:00:00,69.5439384738372,-49.615714999999994,0.203917461455731,0,818.79114,4.0,COPDEM30,16.32201095
RGI2000-v7.0-G-19-01407,19,19-04,G069546E49611S,2001-03-09T00:00:00,69.5461336827731,-49.610648499999996,0.012562449892163,0,865.7971,4.0,COPDEM30,11.56915269
RGI2000-v7.0-G-19-01408,19,19-04,G069549E49607S,2001-03-09T00:00:00,69.54924089925373,-49.606958500000005,0.014302099563572,0,807.541,3.0,COPDEM30,11.67427940
RGI2000-v7.0-G-19-01409,19,19-04,G069557E49607S,2001-03-09T00:00:00,69.55742584329371,-49.606947000000005,0.024377833088526,0,657.56995,2.0,COPDEM30,12.18587632
RGI2000-v7.0-G-19-01410,19,19-04,G069498E49566S,2001-03-09T00:00:00,69.58275547435898,-49.604917,25.4676472699576,0,385.34436,3.0,COPDEM90,80.65167277
RGI2000-v7.0-G-19-01411,19,19-04,G069458E49578S,2001-03-09T00:00:00,69.4586625625,-49.57868,0.047922492173366,0,764.7609,5.0,COPDEM30,13.06476891
RGI2000-v7.0-G-19-01412,19,19-04,G069455E49574S,2001-03-09T00:00:00,69.45565144444444,-49.573814,0.05977384517608,0,714.79083,1.0,COPDEM30,13.42281663
RGI2000-v7.0-G-19-01413,19,19-04,G069452E49571S,2001-03-09T00:00:00,69.45210826621621,-49.57069,0.429260306160326,0,607.1803,6.0,COPDEM30,19.17251438
RGI2000-v7.0-G-19-01414,19,19-04,G069442E49567S,2001-03-09T00:00:00,69.44204733333335,-49.566863,0.06263389793863,0,771.4002,2.0,COPDEM30,13.50374714
RGI2000-v7.0-G-19-01415,19,19-04,G069439E49569S,2001-03-09T00:00:00,69.439367,-49.569767999999996,0.020465664393659,0,761.36005,4.0,COPDEM30,12.00281557
RGI2000-v7.0-G-19-01416,19,19-04,G069435E49570S,2001-03-09T00:00:00,69.43501954545454,-49.570068000000006,0.0127914698909,0,814.33044,4.0,COPDEM30,11.58339133
RGI2000-v7.0-G-19-01417,19,19-04,G069430E49567S,2001-03-09T00:00:00,69.43008803846155,-49.567723,0.017421318544616,0,707.9325,7.0,COPDEM30,11.84785780
RGI2000-v7.0-G-19-01418,19,19-04,G069434E49564S,2001-03-09T00:00:00,69.43435233333332,-49.563992999999996,0.088519052932014,0,681.6338,2.0,COPDEM30,14.16530123
RGI2000-v7.0-G-19-01419,19,19-04,G069426E49562S,2001-03-09T00:00:00,69.4263724090909,-49.562608,0.022333293910679,0,649.8835,8.0,COPDEM30,12.09220592
RGI2000-v7.0-G-19-01420,19,19-04,G069442E49579S,2001-03-09T00:00:00,69.442923,-49.578768999999994,0.011770484867519,0,655.70996,2.0,COPDEM30,11.51888612
RGI2000-v7.0-G-19-01421,19,19-04,G069489E49544S,2001-03-09T00:00:00,69.4873235,-49.545817,0.127036316998153,0,852.7441,1.0,COPDEM30,14.98990162
RGI2000-v7.0-G-19-01422,19,19-04,G069512E49533S,2001-03-09T00:00:00,69.51187450324676,-49.532847000000004,0.347969517999751,0,562.87134,2.0,COPDEM30,18.25845176
RGI2000-v7.0-G-19-01423,19,19-04,G069506E49525S,2001-03-09T00:00:00,69.5060205,-49.525281,0.013383597602497,0,420.29688,2.0,COPDEM30,11.61962500
RGI2000-v7.0-G-19-01424,19,19-04,G069503E49526S,2001-03-09T00:00:00,69.50309484022556,-49.525765,0.019503538607418,0,513.57947,2.0,COPDEM30,11.95517098
RGI2000-v7.0-G-19-01425,19,19-04,G073293E52992S,1988-01-01T00:00:00,73.29327344647888,-52.9909145,0.202984860126402,0,410.06317,1.0,COPDEM30,16.30753776
RGI2000-v7.0-G-19-01426,19,19-04,G073302E52994S,1988-01-01T00:00:00,73.29762997521286,-52.993964500000004,0.669908541410691,0,401.55524,1.0,COPDEM30,21.45871171
RGI2000-v7.0-G-19-01427,19,19-04,G073300E53000S,1988-01-01T00:00:00,73.30076406889053,-53.000926,1.177271210210489,0,459.52182,5.0,COPDEM30,25.19029813
RGI2000-v7.0-G-19-01428,19,19-04,G073325E53001S,1988-01-01T00:00:00,73.32284405833585,-53.001155,2.563284080894316,0,383.657,3.0,COPDEM30,32.41436325
RGI2000-v7.0-G-19-01429,19,19-04,G073336E53012S,1988-01-01T00:00:00,73.3334828172489,-53.0107925,0.651438271632806,0,472.37427,6.0,COPDEM30,21.29964164
RGI2000-v7.0-G-19-01430,19,19-04,G073347E53011S,1988-01-01T00:00:00,73.34459161954993,-53.0105535,0.494387711804714,0,350.36902,2.0,COPDEM30,19.84377933
RGI2000-v7.0-G-19-01431,19,19-04,G073323E52989S,1988-01-01T00:00:00,73.32152875880217,-52.987714499999996,0.807810111522963,0,378.8462,1.0,COPDEM30,22.58295601
RGI2000-v7.0-G-19-01432,19,19-04,G073433E53056S,1988-01-01T00:00:00,73.42985694378427,-53.055401,4.301849906170377,0,482.1773,8.0,COPDEM30,39.03726195
RGI2000-v7.0-G-19-01433,19,19-04,G073449E53048S,1988-01-01T00:00:00,73.45301738416529,-53.051638499999996,9.650712565390076,0,442.335,8.0,COPDEM30,53.49183444
RGI2000-v7.0-G-19-01434,19,19-04,G073469E53043S,1988-01-01T00:00:00,73.46922112182808,-53.044011,2.426621755774525,0,525.6168,1.0,COPDEM30,31.80866489
RGI2000-v7.0-G-19-01435,19,19-04,G073487E53051S,1988-01-01T00:00:00,73.4881260019337,-53.0578275,7.258183889476506,0,749.6606,1.0,COPDEM30,47.71742359
RGI2000-v7.0-G-19-01436,19,19-04,G073503E53040S,1988-01-01T00:00:00,73.50369553717067,-53.0414175,2.376771959537023,0,458.03735,1.0,COPDEM30,31.58349610
RGI2000-v7.0-G-19-01437,19,19-04,G073523E53053S,1988-01-01T00:00:00,73.5250064646991,-53.0523655,17.482070439592743,0,783.06934,1.0,COPDEM90,68.53619228
RGI2000-v7.0-G-19-01438,19,19-04,G073551E53045S,1988-01-01T00:00:00,73.55542124469112,-53.051235500000004,9.01055032197666,0,405.35205,2.0,COPDEM30,52.02461021
RGI2000-v7.0-G-19-01439,19,19-04,G073566E53057S,1988-01-01T00:00:00,73.57195487192749,-53.056151,11.0969378123574,0,642.95264,1.0,COPDEM30,56.63689324
RGI2000-v7.0-G-19-01440,19,19-04,G073595E53055S,1988-01-01T00:00:00,73.59423685331743,-53.0548365,1.540624576714951,0,389.70242,3.0,COPDEM30,27.37706584
RGI2000-v7.0-G-19-01441,19,19-04,G073582E53077S,1988-01-01T00:00:00,73.59060664993501,-53.0757055,7.172158339665695,0,827.3529,2.0,COPDEM30,47.49323985
RGI2000-v7.0-G-19-01442,19,19-04,G073595E53085S,1988-01-01T00:00:00,73.6037781697439,-53.0816215,5.844327080114514,0,882.2294,2.0,COPDEM30,43.84506031
RGI2000-v7.0-G-19-01443,19,19-04,G073627E53084S,1988-01-01T00:00:00,73.62274908437502,-53.085876999999996,4.28114891721957,0,545.736,2.0,COPDEM30,38.96731240
RGI2000-v7.0-G-19-01444,19,19-04,G073633E53093S,1988-01-01T00:00:00,73.63647391187504,-53.092318500000005,3.022223644333114,0,591.5032,3.0,COPDEM30,34.33836137
RGI2000-v7.0-G-19-01445,19,19-04,G073625E53121S,1988-01-01T00:00:00,73.63807960140109,-53.1240715,10.5015561915743,0,658.1348,3.0,COPDEM30,55.36854652
RGI2000-v7.0-G-19-01446,19,19-04,G073602E53135S,1988-01-01T00:00:00,73.60800688902322,-53.1329705,12.026103415838717,0,780.4636,3.0,COPDEM30,58.55014181
RGI2000-v7.0-G-19-01447,19,19-04,G073559E53156S,1988-01-01T00:00:00,73.55504471583652,-53.152248,23.41298282479543,0,683.48706,5.0,COPDEM90,77.74174956
RGI2000-v7.0-G-19-01448,19,19-04,G073522E53168S,1988-01-01T00:00:00,73.52316583894624,-53.1676055,2.748437787287621,0,699.7455,5.0,COPDEM30,33.20977825
RGI2000-v7.0-G-19-01449,19,19-04,G073504E53162S,1988-01-01T00:00:00,73.50137989841994,-53.162414,1.213574007115129,0,664.3899,6.0,COPDEM30,25.42272691
RGI2000-v7.0-G-19-01450,19,19-04,G073504E53135S,1988-01-01T00:00:00,73.51411173236218,-53.134491,28.388901844414836,0,1006.39343,6.0,COPDEM90,84.59373138
RGI2000-v7.0-G-19-01451,19,19-04,G073466E53129S,1988-01-01T00:00:00,73.4609606296213,-53.1278945,21.632392047698133,0,705.2644,6.0,COPDEM90,75.11488955
RGI2000-v7.0-G-19-01452,19,19-04,G073443E53105S,1988-01-01T00:00:00,73.43815434600049,-53.1082205,21.74639166911587,0,609.8054,7.0,COPDEM90,75.28623720
RGI2000-v7.0-G-19-01453,19,19-04,G073435E53082S,1988-01-01T00:00:00,73.43170538569352,-53.081976,9.284455883852546,0,580.41986,7.0,COPDEM30,52.65856717
RGI2000-v7.0-G-19-01454,19,19-04,G073430E53070S,1988-01-01T00:00:00,73.42520173576975,-53.071652,10.879581690149074,0,435.18823,7.0,COPDEM30,56.17789527
RGI2000-v7.0-G-19-01455,19,19-04,G073650E53110S,1988-01-01T00:00:00,73.68152223480948,-53.1156705,20.683010818580655,0,147.32248,3.0,COPDEM90,73.67000958
RGI2000-v7.0-G-19-01456,19,19-05,G162294E66284S,2015-01-04T00:00:00,162.2720329129774,-66.2818985,7.868303772296883,0,566.11536,7.0,COPDEM30,49.27069568
RGI2000-v7.0-G-19-01457,19,19-05,G162288E66300S,2015-01-04T00:00:00,162.2884872762594,-66.2996735,5.978435599337825,0,682.5212,6.0,COPDEM30,44.23117552
RGI2000-v7.0-G-19-01458,19,19-05,G162304E66316S,2015-01-04T00:00:00,162.30362675631648,-66.31562450000001,4.797065306055397,0,762.52484,7.0,COPDEM30,40.66308530
RGI2000-v7.0-G-19-01459,19,19-05,G162315E66329S,2015-01-04T00:00:00,162.3154337699438,-66.3290385,6.769786793973616,0,1001.146,7.0,COPDEM30,46.42633953
RGI2000-v7.0-G-19-01460,19,19-05,G162367E66320S,2015-01-04T00:00:00,162.36740733075413,-66.319986,5.41578970026265,0,929.59045,3.0,COPDEM30,42.58058903
RGI2000-v7.0-G-19-01461,19,19-05,G162396E66344S,2015-01-04T00:00:00,162.3960803880761,-66.34419,12.825328313683832,0,324.03278,2.0,COPDEM30,60.13745456
RGI2000-v7.0-G-19-01462,19,19-05,G162419E66370S,2015-01-04T00:00:00,162.41911765395804,-66.370313,8.017803456125904,0,381.86945,3.0,COPDEM30,49.64201657
RGI2000-v7.0-G-19-01463,19,19-05,G162445E66394S,2015-01-04T00:00:00,162.44546966466848,-66.394272,14.91617389118085,0,367.4566,3.0,COPDEM90,64.07004793
RGI2000-v7.0-G-19-01464,19,19-05,G162477E66428S,2015-01-04T00:00:00,162.4765787847041,-66.42782249999999,30.268559391253156,0,450.5595,2.0,COPDEM90,87.02361742
RGI2000-v7.0-G-19-01465,19,19-05,G162443E66459S,2015-01-04T00:00:00,162.44348546260653,-66.459333,8.468879923808727,0,440.26544,6.0,COPDEM30,50.74187606
RGI2000-v7.0-G-19-01466,19,19-05,G162403E66451S,2015-01-04T00:00:00,162.40266534593064,-66.45067399999999,7.461235497112814,0,451.87384,6.0,COPDEM30,48.24136710
RGI2000-v7.0-G-19-01467,19,19-05,G162383E66434S,2015-01-04T00:00:00,162.38291243020598,-66.434466,5.063671315039545,0,486.55084,6.0,COPDEM30,41.50364388
RGI2000-v7.0-G-19-01468,19,19-05,G162365E66414S,2015-01-04T00:00:00,162.36451428015388,-66.4137495,5.5584695282032,0,631.2153,6.0,COPDEM30,43.00696938
RGI2000-v7.0-G-19-01469,19,19-05,G162345E66381S,2015-01-04T00:00:00,162.3446131217461,-66.380589,18.794085865775095,0,839.3419,6.0,COPDEM90,70.69300478
RGI2000-v7.0-G-19-01470,19,19-05,G162318E66354S,2015-01-04T00:00:00,162.3182157668756,-66.354195,8.820816066493693,0,541.73975,7.0,COPDEM30,51.57980218
RGI2000-v7.0-G-19-01471,19,19-05,G162344E66294S,2015-01-04T00:00:00,162.34395045859324,-66.294139,7.443406322590089,0,740.3457,2.0,COPDEM30,48.19564948
RGI2000-v7.0-G-19-01472,19,19-05,G162327E66270S,2015-01-04T00:00:00,162.31578061425796,-66.2646785,9.97537366437311,0,528.47656,2.0,COPDEM30,54.21734092
RGI2000-v7.0-G-19-01473,19,19-05,G162278E66251S,2015-01-04T00:00:00,162.27811226497664,-66.2507705,3.001992705690861,0,472.54623,7.0,COPDEM30,34.25676339
RGI2000-v7.0-G-19-01474,19,19-05,G162581E66471S,2015-01-04T00:00:00,162.58052174370218,-66.47054750000001,16.199785402473406,0,244.21483,3.0,COPDEM90,66.34853981
RGI2000-v7.0-G-19-01475,19,19-05,G162644E66491S,2015-01-04T00:00:00,162.64381784627045,-66.491177,0.827253627428108,0,96.44403,7.0,COPDEM30,22.73348778
RGI2000-v7.0-G-19-01476,19,19-05,G162492E66423S,2015-01-04T00:00:00,162.50404908311987,-66.49643900000001,34.24784538867749,0,294.46127,5.0,COPDEM90,91.93032220
RGI2000-v7.0-G-19-01477,19,19-05,G162747E66550S,2015-01-04T00:00:00,162.74025273086858,-66.5538745,4.701834051273409,0,89.603714,7.0,COPDEM30,40.35719806
RGI2000-v7.0-G-19-01478,19,19-05,G163118E66699S,2014-11-03T00:00:00,163.1181689732046,-66.6991195,5.572322994689384,0,414.0,8.0,DEM3,43.04807569
RGI2000-v7.0-G-19-01479,19,19-05,G163133E66719S,2014-11-03T00:00:00,163.13282131381357,-66.719277,8.728437744505174,0,748.0,8.0,DEM3,51.36150140
RGI2000-v7.0-G-19-01480,19,19-05,G163156E66742S,2014-11-03T00:00:00,163.15560729331366,-66.742196,10.079920236224494,0,952.0,7.0,DEM3,54.44844616
RGI2000-v7.0-G-19-01481,19,19-05,G163223E66783S,2014-11-03T00:00:00,163.16974188138917,-66.766757,13.000495485074772,0,765.0,6.0,DEM3,60.47867981
RGI2000-v7.0-G-19-01482,19,19-05,G163188E66792S,2014-11-03T00:00:00,163.1884852400899,-66.792125,11.947395532615024,0,0.0,8.0,COPDEM30,58.39100665
RGI2000-v7.0-G-19-01483,19,19-05,G163202E66817S,2014-11-03T00:00:00,163.20188758333336,-66.8169985,7.48679861501451,0,746.0407,7.0,COPDEM30,48.30682091
RGI2000-v7.0-G-19-01484,19,19-05,G163202E66837S,2014-11-03T00:00:00,163.20230498910686,-66.83653749999999,9.25009039869042,0,645.65015,6.0,COPDEM30,52.57954577
RGI2000-v7.0-G-19-01485,19,19-05,G163218E66858S,2014-11-03T00:00:00,163.21750870430594,-66.858034,8.019911757272727,0,437.0264,6.0,COPDEM30,49.64722821
RGI2000-v7.0-G-19-01486,19,19-05,G163276E66858S,2014-11-03T00:00:00,163.27624545736793,-66.85762249999999,3.371797221279313,0,469.81256,3.0,COPDEM30,35.70743580
RGI2000-v7.0-G-19-01487,19,19-05,G163276E66837S,2014-11-03T00:00:00,163.27562447893422,-66.83713900000001,5.485082959553032,0,545.6558,3.0,COPDEM30,42.78835556
RGI2000-v7.0-G-19-01488,19,19-05,G163275E66814S,2014-11-03T00:00:00,163.27505293609966,-66.814434,9.140304462535243,0,457.985,3.0,COPDEM30,52.32611103
RGI2000-v7.0-G-19-01489,19,19-05,G163272E66781S,2014-11-03T00:00:00,163.271676528976,-66.7805245,11.223487980617612,0,425.69894,2.0,COPDEM30,56.90206439
RGI2000-v7.0-G-19-01490,19,19-05,G163232E66747S,2014-11-03T00:00:00,163.23247183356096,-66.747116,8.952869350521663,0,521.0,3.0,DEM3,51.88988413
RGI2000-v7.0-G-19-01491,19,19-05,G163214E66725S,2014-11-03T00:00:00,163.21360438694916,-66.724996,4.932171455638405,0,456.0,2.0,DEM3,41.09188970
RGI2000-v7.0-G-19-01492,19,19-05,G163196E66712S,2014-11-03T00:00:00,163.19629314685142,-66.711669,4.978275820379182,0,390.0,2.0,DEM3,41.23687021
RGI2000-v7.0-G-19-01493,19,19-05,G163241E66884S,2014-11-03T00:00:00,163.24111030447634,-66.8837045,8.840439855479506,0,299.91336,6.0,COPDEM30,51.62602806
RGI2000-v7.0-G-19-01494,19,19-05,G163281E66885S,2014-11-03T00:00:00,163.2812945732759,-66.884958,2.728069610612206,0,206.46455,3.0,COPDEM30,33.12361658
RGI2000-v7.0-G-19-01495,19,19-05,G164643E67271S,2017-12-13T00:00:00,164.64323805790846,-67.27121199999999,26.26964873634942,0,555.0685,8.0,COPDEM90,81.75549562
RGI2000-v7.0-G-19-01496,19,19-05,G164737E67292S,2017-12-13T00:00:00,164.7371120950816,-67.29179400000001,12.195655081784473,0,772.65857,3.0,COPDEM30,58.89118935
RGI2000-v7.0-G-19-01497,19,19-05,G164649E67315S,2017-12-13T00:00:00,164.64911010229173,-67.3147515,24.45953034733169,0,901.77277,7.0,COPDEM90,79.23920817
RGI2000-v7.0-G-19-01498,19,19-05,G164684E67353S,2017-12-13T00:00:00,164.6842521705501,-67.3534295,28.399559877615904,0,1077.3445,7.0,COPDEM90,84.60773241
RGI2000-v7.0-G-19-01499,19,19-05,G164806E67335S,2017-12-13T00:00:00,164.80617415429458,-67.3354625,14.818064914547575,0,154.09634,3.0,COPDEM90,63.89193560
RGI2000-v7.0-G-19-01500,19,19-05,G164880E67401S,2017-12-13T00:00:00,164.87980838802082,-67.40072599999999,49.00065921154509,0,841.2958,3.0,COPDEM90,100.00000000
RGI2000-v7.0-G-19-01501,19,19-05,G164719E67418S,2017-12-13T00:00:00,164.71948118608248,-67.4182145,54.77244643250845,0,1047.0791,7.0,COPDEM90,100.00000000
RGI2000-v7.0-G-19-01502,19,19-05,G164817E67475S,2017-12-13T00:00:00,164.81712669108651,-67.4746355,26.35260070975714,0,536.79364,3.0,COPDEM90,81.86869791
RGI2000-v7.0-G-19-01503,19,19-05,G164860E67510S,2017-12-13T00:00:00,164.85984418745167,-67.5097125,8.840013768290124,0,506.59735,3.0,COPDEM30,51.62502491
RGI2000-v7.0-G-19-01504,19,19-05,G164756E67443S,2017-12-13T00:00:00,164.74890860034932,-67.517886,81.97801036366457,0,662.2182,6.0,COPDEM90,100.00000000
RGI2000-v7.0-G-19-01505,19,19-05,G164854E67553S,2017-12-13T00:00:00,164.85398388090118,-67.55323949999999,5.505736045062894,0,505.59735,3.0,COPDEM30,42.85002686
RGI2000-v7.0-G-19-01506,19,19-11,G005595E70250S,2001-11-29T00:00:00,5.641488788836343,-70.27411599999999,110.12081149295064,0,99.06377,8.0,COPDEM90,100.00000000
RGI2000-v7.0-G-19-01507,19,19-11,G006365E70134S,2001-11-29T00:00:00,6.402778421984094,-70.14917750000001,96.08198980361006,0,71.37959,1.0,COPDEM90,100.00000000
RGI2000-v7.0-G-19-01508,19,19-11,G010806E70040S,2000-01-20T00:00:00,10.830140024594424,-70.0517625,89.53840789305211,0,86.44303,1.0,COPDEM90,100.00000000
RGI2000-v7.0-G-19-01509,19,19-11,G016030E69844S,2000-01-01T00:00:00,15.895558972020975,-69.9031775,878.5369189877011,0,160.2905,1.0,COPDEM90,100.00000000
RGI2000-v7.0-G-19-01510,19,19-11,G026381E70283S,2000-02-24T00:00:00,26.360403816711077,-70.256019,1085.425846061263,0,221.1648,8.0,COPDEM90,100.00000000
RGI2000-v7.0-G-19-01511,19,19-11,G037689E69627S,2000-01-15T00:00:00,37.679472015656174,-69.62984900000001,18.04228602988834,0,73.09326,1.0,COPDEM90,69.46669708
RGI2000-v7.0-G-19-01512,19,19-11,G038319E69639S,2000-01-24T00:00:00,38.294343562865315,-69.650634,17.85595042236868,0,101.27317,5.0,COPDEM90,69.15882253
RGI2000-v7.0-G-19-01513,19,19-11,G038821E69647S,2000-01-24T00:00:00,38.82863352702702,-69.6503895,0.249946912576697,0,39.794235,4.0,TANDEM,16.99925674
RGI2000-v7.0-G-19-01514,19,19-11,G047612E67586S,2001-01-21T00:00:00,47.50792747413885,-67.57297,108.45392707331939,0,153.18277,1.0,COPDEM90,100.00000000
RGI2000-v7.0-G-19-01515,19,19-11,G047687E67561S,2001-01-21T00:00:00,47.7020400744681,-67.5577185,1.831724046813662,0,161.96252,7.0,COPDEM30,28.94776803
RGI2000-v7.0-G-19-01516,19,19-11,G047681E67523S,2001-01-21T00:00:00,47.679975270840906,-67.522517,0.172428483976755,0,81.1662,6.0,COPDEM30,15.81343125
RGI2000-v7.0-G-19-01517,19,19-11,G048019E67627S,2001-01-21T00:00:00,48.05447801282966,-67.629291,4.142802684163527,0,122.876144,8.0,COPDEM30,38.49542641
RGI2000-v7.0-G-19-01518,19,19-11,G048533E66747S,2000-01-19T00:00:00,48.55352390444306,-66.7542335,222.25109468592822,0,155.99716,1.0,COPDEM90,100.00000000
RGI2000-v7.0-G-19-01519,19,19-11,G057016E67022S,2000-02-01T00:00:00,57.01172626053114,-67.020471,1.147305850295954,0,35.899048,8.0,COPDEM30,24.99573095
RGI2000-v7.0-G-19-01520,19,19-11,G057440E66958S,2000-02-01T00:00:00,57.44864053189143,-66.9600495,1.227402670710985,0,90.53285,6.0,COPDEM30,25.51034891
RGI2000-v7.0-G-19-01521,19,19-11,G057507E66961S,2000-02-01T00:00:00,57.512247589242605,-66.9621185,0.257108602904105,0,44.45,1.0,COPDEM30,17.09882287
RGI2000-v7.0-G-19-01522,19,19-11,G057546E66944S,2000-02-01T00:00:00,57.54636396359342,-66.9441115,0.493292972283762,0,57.565983,1.0,COPDEM30,19.83287458
RGI2000-v7.0-G-19-01523,19,19-11,G057488E66990S,2000-02-01T00:00:00,57.48679052016762,-66.99082849999999,0.431513427403597,0,37.87216,8.0,COPDEM30,19.19655543
RGI2000-v7.0-G-19-01524,19,19-11,G058606E67100S,2002-01-05T00:00:00,58.610918144924334,-67.1042465,10.293293480993109,0,80.65032,1.0,COPDEM30,54.91642820
RGI2000-v7.0-G-19-01525,19,19-11,G058698E67111S,2002-01-05T00:00:00,58.697436276925046,-67.108326,2.544224943055514,0,72.86787,6.0,COPDEM30,32.33087748
RGI2000-v7.0-G-19-01526,19,19-11,G058797E67114S,2002-01-05T00:00:00,58.804509384542044,-67.1117925,3.039794916161599,0,21.40703,4.0,COPDEM30,34.40901070
RGI2000-v7.0-G-19-01527,19,19-11,G059360E67302S,2002-01-05T00:00:00,59.36618405048543,-67.297372,28.83321652321702,0,140.05797,7.0,COPDEM90,85.17519829
RGI2000-v7.0-G-19-01528,19,19-12,G071891E70476S,2001-02-01T00:00:00,71.80522160400906,-70.44197249999999,304.635278518445,0,359.8207,2.0,COPDEM90,100.00000000
RGI2000-v7.0-G-19-01529,19,19-13,G074423E69798S,2000-01-30T00:00:00,74.43063725505121,-69.8041815,52.78956680868984,0,130.71245,2.0,COPDEM90,100.00000000
RGI2000-v7.0-G-19-01530,19,19-13,G092449E65757S,2000-02-16T00:00:00,92.46147679781066,-65.7530635,220.9014544512055,0,195.46254,1.0,COPDEM90,100.00000000
RGI2000-v7.0-G-19-01531,19,19-13,G096599E66146S,2002-12-17T00:00:00,96.68971413301506,-66.1363655,513.6289466301643,0,221.80766,8.0,COPDEM90,100.00000000
RGI2000-v7.0-G-19-01532,19,19-13,G097239E66358S,2002-12-17T00:00:00,97.21253294654713,-66.38010650000001,120.74758296095976,0,116.38837,2.0,COPDEM90,100.00000000
RGI2000-v7.0-G-19-01533,19,19-13,G098765E66425S,2002-12-19T00:00:00,98.78811189529529,-66.428686,124.19598241308724,0,149.15567,1.0,COPDEM90,100.00000000
RGI2000-v7.0-G-19-01534,19,19-13,G100760E65550S,2002-12-19T00:00:00,100.77414212105522,-65.54478449999999,1273.6792628550295,0,259.05524,1.0,COPDEM90,100.00000000
RGI2000-v7.0-G-19-01535,19,19-13,G103069E65282S,2000-02-06T00:00:00,103.12144521058316,-65.298045,378.6312289707134,0,125.351555,7.0,COPDEM90,100.00000000
RGI2000-v7.0-G-19-01536,19,19-14,G134471E66061S,2000-01-26T00:00:00,134.4706118,-66.06087,0.01170525207062,0,-36.836052,7.0,TANDEM,11.51467139
RGI2000-v7.0-G-19-01537,19,19-14,G140000E66663S,2000-02-06T00:00:00,139.99908010561643,-66.6615355,0.036697231299675,0,19.81203,1.0,COPDEM30,12.68191300
RGI2000-v7.0-G-19-01538,19,19-14,G140007E66674S,2000-02-06T00:00:00,140.01024008363638,-66.6740575,0.113778061469045,0,16.539085,8.0,COPDEM30,14.72234053
RGI2000-v7.0-G-19-01539,19,19-14,G141393E66802S,2000-01-23T00:00:00,141.39489612065216,-66.801598,0.028616981975576,0,11.11212,4.0,COPDEM30,12.36831764
RGI2000-v7.0-G-19-01540,19,19-14,G141400E66814S,2000-01-23T00:00:00,141.401229349,-66.8142015,0.012977235333759,0,5.760667,4.0,COPDEM30,11.59484737
RGI2000-v7.0-G-19-01541,19,19-14,G141409E66815S,2000-01-23T00:00:00,141.4091257955725,-66.81444350000001,0.013027453862655,0,3.413053,7.0,COPDEM30,11.59793021
RGI2000-v7.0-G-19-01542,19,19-14,G141481E66789S,2000-01-23T00:00:00,141.48140418863818,-66.788318,0.011554600216095,0,4.1931705,1.0,COPDEM30,11.50489257
RGI2000-v7.0-G-19-01543,19,19-14,G141486E66788S,2000-01-23T00:00:00,141.48649810969385,-66.7880355,0.014699660892638,0,5.530204,8.0,COPDEM30,11.69739021
RGI2000-v7.0-G-19-01544,19,19-14,G141488E66786S,2000-01-23T00:00:00,141.4884492864706,-66.7852745,0.029619603517785,0,4.4623866,8.0,COPDEM30,12.40944854
RGI2000-v7.0-G-19-01545,19,19-14,G141470E66772S,2000-01-23T00:00:00,141.4696957217904,-66.772024,0.01406802423898,0,5.001175,7.0,COPDEM30,11.66052183
RGI2000-v7.0-G-19-01546,19,19-14,G141458E66770S,2000-01-23T00:00:00,141.45953532983194,-66.769875,0.019327938320412,0,5.2026744,1.0,COPDEM30,11.94634938
RGI2000-v7.0-G-19-01547,19,19-14,G141450E66775S,2000-01-23T00:00:00,141.4510516023695,-66.774967,0.048120453690571,0,8.315092,1.0,COPDEM30,13.07109246
RGI2000-v7.0-G-19-01548,19,19-14,G141510E66766S,2000-01-23T00:00:00,141.51051715092166,-66.765468,0.018303280839228,0,10.842121,2.0,COPDEM30,11.89405466
RGI2000-v7.0-G-19-01549,19,19-14,G141539E66759S,2000-01-23T00:00:00,141.5402685731164,-66.75890050000001,0.017663435148386,0,4.5668974,1.0,COPDEM30,11.86065399
RGI2000-v7.0-G-19-01550,19,19-14,G141549E66762S,2000-01-23T00:00:00,141.54777731996268,-66.7621145,0.041471324151267,0,4.309328,6.0,COPDEM30,12.85103131
RGI2000-v7.0-G-19-01551,19,19-14,G142645E66965S,2000-01-23T00:00:00,142.64574679104476,-66.963746,0.039597758640915,0,-39.72377,3.0,TANDEM,12.78588598
RGI2000-v7.0-G-19-01552,19,19-14,G142662E66977S,2000-01-23T00:00:00,142.66262887317168,-66.977111,0.038409141155681,0,-36.12069,5.0,TANDEM,12.74375503
RGI2000-v7.0-G-19-01553,19,19-14,G142656E66980S,2000-01-23T00:00:00,142.6562282929906,-66.98022,0.020121847742079,0,-34.474503,2.0,TANDEM,11.98592098
RGI2000-v7.0-G-19-01554,19,19-14,G142652E66980S,2000-01-23T00:00:00,142.65293024072838,-66.98012349999999,0.013167681128098,0,-36.91525,6.0,TANDEM,11.60650724
RGI2000-v7.0-G-19-01555,19,19-14,G142646E66980S,2000-01-23T00:00:00,142.64699237560103,-66.979793,0.030695093153961,0,-33.75261,2.0,TANDEM,12.45280212
RGI2000-v7.0-G-19-01556,19,19-14,G142640E66979S,2000-01-23T00:00:00,142.640198979995,-66.9785635,0.015816094260209,0,-41.730705,6.0,TANDEM,11.76066876
RGI2000-v7.0-G-19-01557,19,19-14,G142632E66979S,2000-01-23T00:00:00,142.63286026174214,-66.9792255,0.028637172184699,0,-33.78002,2.0,TANDEM,12.36915296
RGI2000-v7.0-G-19-01558,19,19-14,G143061E66940S,2000-01-23T00:00:00,143.06219522684802,-66.9400545,0.02965034475122,0,11.0051565,6.0,COPDEM30,12.41069856
RGI2000-v7.0-G-19-01559,19,19-14,G143064E66937S,2000-01-23T00:00:00,143.06463905616653,-66.9360215,0.044977873441689,0,5.815049,1.0,COPDEM30,12.96911825
RGI2000-v7.0-G-19-01560,19,19-14,G143121E66923S,2000-01-23T00:00:00,143.12212498993904,-66.92304250000001,0.014626677173911,0,5.098451,6.0,COPDEM30,11.69317120
RGI2000-v7.0-G-19-01561,19,19-14,G143118E66910S,2000-01-23T00:00:00,143.1189664996649,-66.910147,0.014003764572214,0,8.6883545,5.0,COPDEM30,11.65672504
RGI2000-v7.0-G-19-01562,19,19-14,G143120E66908S,2000-01-23T00:00:00,143.12044328071016,-66.9077755,0.021617536782355,0,10.645013,6.0,COPDEM30,12.05840647
RGI2000-v7.0-G-19-01563,19,19-14,G143255E66872S,2000-01-23T00:00:00,143.25641839864863,-66.872025,0.048583838386429,0,14.358272,6.0,COPDEM30,13.08584386
RGI2000-v7.0-G-19-01564,19,19-14,G143333E66832S,2000-01-23T00:00:00,143.33376495024672,-66.83162949999999,0.020195949698211,0,14.908468,6.0,COPDEM30,11.98957436
RGI2000-v7.0-G-19-01565,19,19-14,G143332E66829S,2000-01-23T00:00:00,143.33314726176053,-66.829004,0.01396798520132,0,14.306555,4.0,COPDEM30,11.65460723
RGI2000-v7.0-G-19-01566,19,19-14,G143460E66839S,2000-01-23T00:00:00,143.46122125359875,-66.8383775,0.024436184093994,0,8.313137,4.0,COPDEM30,12.18849082
RGI2000-v7.0-G-19-01567,19,19-14,G143545E66845S,2000-01-23T00:00:00,143.54654474025125,-66.8451255,0.01447942120601,0,5.917115,4.0,COPDEM30,11.68462653
RGI2000-v7.0-G-19-01568,19,19-14,G143553E66839S,2000-01-23T00:00:00,143.5545584982467,-66.8386725,0.024934802535536,0,15.984249,4.0,COPDEM30,12.21070606
RGI2000-v7.0-G-19-01569,19,19-14,G155758E69032S,2000-02-11T00:00:00,155.77806843147798,-69.0353815,236.74012509857064,0,269.72714,2.0,COPDEM90,100.00000000
RGI2000-v7.0-G-19-01570,19,19-14,G161864E70235S,1999-12-29T00:00:00,161.867325171799,-70.2382825,9.205680211924303,0,224.07944,1.0,COPDEM30,52.47720944
RGI2000-v7.0-G-19-01571,19,19-14,G163326E70389S,1999-12-29T00:00:00,163.32599051791885,-70.38934950000001,1.321914165793992,0,60.93463,1.0,COPDEM30,26.09643366
RGI2000-v7.0-G-19-01572,19,19-14,G163445E70363S,1999-12-29T00:00:00,163.44814618014018,-70.3617115,32.61479729363347,0,128.03146,8.0,COPDEM90,89.95311294
RGI2000-v7.0-G-19-01573,19,19-14,G171196E71883S,1999-12-30T00:00:00,171.19489156190446,-71.8871935,0.614089426168067,0,39.07417,8.0,COPDEM30,20.97094014
RGI2000-v7.0-G-19-01574,19,19-14,G171090E71950S,1999-12-30T00:00:00,171.09396740607343,-71.9510705,0.2435045688082,0,91.9848,4.0,COPDEM30,16.90846549
RGI2000-v7.0-G-19-01575,19,19-14,G171100E71953S,1999-12-30T00:00:00,171.09628541814183,-71.95485,0.060591800418669,0,52.38456,3.0,COPDEM30,13.44615625
RGI2000-v7.0-G-19-01576,19,19-14,G171082E71957S,1999-12-30T00:00:00,171.07956661675823,-71.9572355,0.208203783322496,0,21.513088,6.0,COPDEM30,16.38810939
RGI2000-v7.0-G-19-01577,19,19-14,G169673E73369S,1999-12-30T00:00:00,169.67292455940594,-73.3685285,0.593190875844818,0,46.599438,7.0,COPDEM30,20.78264400
RGI2000-v7.0-G-19-01578,19,19-14,G169650E73396S,1999-12-30T00:00:00,169.64989386118597,-73.395971,0.621562660244989,0,60.720192,7.0,COPDEM30,21.03749434
RGI2000-v7.0-G-19-01579,19,19-14,G169681E73422S,1999-12-30T00:00:00,169.6809527262048,-73.422105,1.05847268416206,0,53.183983,7.0,COPDEM30,24.40349423
RGI2000-v7.0-G-19-01580,19,19-14,G169733E73492S,1999-12-30T00:00:00,169.75899878444847,-73.475604,267.695634613848,0,934.71497,2.0,COPDEM90,100.00000000
RGI2000-v7.0-G-19-01581,19,19-14,G169606E73481S,1999-12-30T00:00:00,169.60607822689747,-73.4810985,0.215987136838383,0,53.104553,8.0,COPDEM30,16.50641828
RGI2000-v7.0-G-19-01582,19,19-14,G169576E73498S,1999-12-30T00:00:00,169.57570448158842,-73.498186,0.329446933547312,0,10.152669,8.0,COPDEM30,18.03564552
RGI2000-v7.0-G-19-01583,19,19-14,G169537E73510S,1999-12-30T00:00:00,169.5371503962511,-73.509951,0.428555975776747,0,31.403276,8.0,COPDEM30,19.16498616
RGI2000-v7.0-G-19-01584,19,19-14,G169504E73527S,1999-12-30T00:00:00,169.51056369809578,-73.525826,1.230626968140438,0,54.104202,8.0,COPDEM30,25.53070783
RGI2000-v7.0-G-19-01585,19,19-14,G169510E73570S,1999-12-30T00:00:00,169.5098619056604,-73.57045099999999,0.207004202116467,0,223.72418,6.0,COPDEM30,16.36968002
RGI2000-v7.0-G-19-01586,19,19-14,G169741E73625S,1999-12-30T00:00:00,169.74145456481446,-73.625388,1.123676054621823,0,73.46411,5.0,COPDEM30,24.84050224
RGI2000-v7.0-G-19-01587,19,19-14,G168045E73381S,1999-12-14T00:00:00,168.04873466460222,-73.378478,4.343383931438048,0,86.22388,5.0,COPDEM30,39.17710148
RGI2000-v7.0-G-19-01588,19,19-14,G162768E75630S,1999-12-14T00:00:00,162.77124408809925,-75.628057,91.09165243029608,0,167.98643,3.0,COPDEM90,100.00000000
RGI2000-v7.0-G-19-01589,19,19-14,G162875E75682S,1999-12-14T00:00:00,162.88250719999405,-75.6827885,1.013866494777991,0,106.36195,3.0,COPDEM30,24.09673129
RGI2000-v7.0-G-19-01590,19,19-15,G166040E78120S,2000-01-12T00:00:00,166.05179287808582,-78.121543,0.358483995114864,0,17.255814,2.0,COPDEM30,18.38229462
RGI2000-v7.0-G-19-01591,19,19-15,G166092E78117S,2000-01-12T00:00:00,166.09178607771537,-78.1165895,0.140877648031616,0,14.744974,7.0,COPDEM30,15.25471398
RGI2000-v7.0-G-19-01592,19,19-15,G166113E78144S,2000-01-12T00:00:00,166.11611806097562,-78.142668,0.426451948206782,0,39.71712,4.0,COPDEM30,19.14246038
RGI2000-v7.0-G-19-01593,19,19-15,G166227E78116S,2000-01-12T00:00:00,166.2267906884009,-78.11613550000001,0.28343737726932,0,20.041092,2.0,COPDEM30,17.45343719
RGI2000-v7.0-G-19-01594,19,19-15,G166329E78137S,2000-01-12T00:00:00,166.328671414692,-78.137043,0.524521657116832,0,17.542566,2.0,COPDEM30,20.13934144
RGI2000-v7.0-G-19-01595,19,19-15,G166377E78146S,2000-01-12T00:00:00,166.3767687548156,-78.1461505,0.262622004621772,0,10.942808,2.0,COPDEM30,17.17453224
RGI2000-v7.0-G-19-01596,19,19-15,G166451E78149S,2000-01-12T00:00:00,166.45082420646577,-78.14924049999999,0.289727376705636,0,4.1930304,1.0,COPDEM30,17.53568616
RGI2000-v7.0-G-19-01597,19,19-15,G166493E78155S,2000-01-12T00:00:00,166.49324134185588,-78.155339,0.221955538669796,0,31.215288,2.0,COPDEM30,16.59570205
RGI2000-v7.0-G-19-01598,19,19-15,G166523E78167S,2000-01-12T00:00:00,166.5231284137281,-78.1666505,0.133779336875989,0,138.35289,1.0,COPDEM30,15.12062008
RGI2000-v7.0-G-19-01599,19,19-15,G166548E78162S,2000-01-12T00:00:00,166.5475488789144,-78.161815,0.122308671163548,0,50.111168,1.0,COPDEM30,14.89617193
RGI2000-v7.0-G-19-01600,19,19-15,G166565E78158S,2000-01-12T00:00:00,166.5650859090909,-78.158319,0.141453447885266,0,3.8270757,1.0,COPDEM30,15.26544165
RGI2000-v7.0-G-19-01601,19,19-15,G166551E78177S,2000-01-12T00:00:00,166.55110432258067,-78.17704,0.078901682155019,0,256.19333,2.0,COPDEM30,13.93252205
RGI2000-v7.0-G-19-01602,19,19-15,G166581E78179S,2000-01-12T00:00:00,166.58107361421395,-78.179062,0.336254311505688,0,185.10391,2.0,COPDEM30,18.11824150
RGI2000-v7.0-G-19-01603,19,19-15,G166523E78193S,2000-01-12T00:00:00,166.52196133026757,-78.1907395,1.225242463355484,0,424.9266,2.0,COPDEM30,25.49669393
RGI2000-v7.0-G-19-01604,19,19-15,G166468E78198S,2000-01-12T00:00:00,166.46776192617318,-78.197791,0.274544253820153,0,580.765,3.0,COPDEM30,17.33557590
RGI2000-v7.0-G-19-01605,19,19-15,G166416E78201S,2000-01-12T00:00:00,166.42624429910484,-78.19955350000001,0.36783375211244,0,629.3592,2.0,COPDEM30,18.49090192
RGI2000-v7.0-G-19-01606,19,19-15,G166419E78208S,2000-01-12T00:00:00,166.4191671860988,-78.2083845,0.169196397041371,0,560.2427,6.0,COPDEM30,15.75868855
RGI2000-v7.0-G-19-01607,19,19-15,G166376E78213S,2000-01-12T00:00:00,166.38433370945944,-78.21114850000001,0.262450170986632,0,584.4725,2.0,COPDEM30,17.17218471
RGI2000-v7.0-G-19-01608,19,19-15,G166393E78225S,2000-01-12T00:00:00,166.39668306611966,-78.22225750000001,0.80469612996016,0,672.7374,2.0,COPDEM30,22.55867993
RGI2000-v7.0-G-19-01609,19,19-15,G166418E78222S,2000-01-12T00:00:00,166.41753534542283,-78.2217995,0.118422418747421,0,565.60693,1.0,COPDEM30,14.81775820
RGI2000-v7.0-G-19-01610,19,19-15,G166365E78224S,2000-01-12T00:00:00,166.3709777587007,-78.223051,0.220050938518182,0,774.29346,2.0,COPDEM30,16.56734223
RGI2000-v7.0-G-19-01611,19,19-15,G166301E78218S,2000-01-12T00:00:00,166.3008932845836,-78.2181885,0.343876343223321,0,628.4804,1.0,COPDEM30,18.20973588
RGI2000-v7.0-G-19-01612,19,19-15,G166302E78205S,2000-01-12T00:00:00,166.30222539434956,-78.2050485,0.125306883530792,0,407.96664,8.0,COPDEM30,14.95581973
RGI2000-v7.0-G-19-01613,19,19-15,G166338E78198S,2000-01-12T00:00:00,166.3381628368687,-78.197691,0.080939051506738,0,391.74008,1.0,COPDEM30,13.98297051
RGI2000-v7.0-G-19-01614,19,19-15,G166411E78187S,2000-01-12T00:00:00,166.41075959622611,-78.1871325,0.380196852190422,0,506.4716,1.0,COPDEM30,18.63241467
RGI2000-v7.0-G-19-01615,19,19-15,G166531E78208S,2000-01-12T00:00:00,166.53117698935677,-78.2084835,0.507304600477203,0,561.83093,6.0,COPDEM30,19.97154460
RGI2000-v7.0-G-19-01616,19,19-15,G166563E78209S,2000-01-12T00:00:00,166.56252462190963,-78.208751,0.099861999874674,0,629.56915,7.0,COPDEM30,14.42413291
RGI2000-v7.0-G-19-01617,19,19-15,G166609E78210S,2000-01-12T00:00:00,166.6090198626543,-78.2095245,0.149398256360707,0,483.2085,2.0,COPDEM30,15.41128989
RGI2000-v7.0-G-19-01618,19,19-15,G166601E78215S,2000-01-12T00:00:00,166.60144440763082,-78.2152135,0.084327264132751,0,539.64624,4.0,COPDEM30,14.06548198
RGI2000-v7.0-G-19-01619,19,19-15,G166638E78215S,2000-01-12T00:00:00,166.6383721448601,-78.215116,0.084087827497652,0,394.3724,3.0,COPDEM30,14.05970617
RGI2000-v7.0-G-19-01620,19,19-15,G166621E78225S,2000-01-12T00:00:00,166.6213980104754,-78.22474199999999,0.211863530543063,0,370.81973,3.0,COPDEM30,16.44400900
RGI2000-v7.0-G-19-01621,19,19-15,G166641E78231S,2000-01-12T00:00:00,166.64070036276223,-78.2313995,0.080691410185788,0,226.87009,3.0,COPDEM30,13.97687269
RGI2000-v7.0-G-19-01622,19,19-15,G166660E78234S,2000-01-12T00:00:00,166.65993320508983,-78.23358400000001,0.174190120207063,0,152.63882,3.0,COPDEM30,15.84305259
RGI2000-v7.0-G-19-01623,19,19-15,G166707E78230S,2000-01-12T00:00:00,166.70699333335094,-78.2300185,0.177859169677571,0,84.63609,4.0,COPDEM30,15.90426941
RGI2000-v7.0-G-19-01624,19,19-15,G166575E78236S,2000-01-12T00:00:00,166.575368892982,-78.2357725,0.104488992708875,0,491.59506,4.0,COPDEM30,14.52546601
RGI2000-v7.0-G-19-01625,19,19-15,G166562E78236S,2000-01-12T00:00:00,166.53269539472427,-78.234011,0.340369977370126,0,547.2459,5.0,COPDEM30,18.16777299
RGI2000-v7.0-G-19-01626,19,19-15,G166528E78236S,2000-01-12T00:00:00,166.52763835294118,-78.23648449999999,0.053250119802219,0,551.12305,4.0,COPDEM30,13.23063825
RGI2000-v7.0-G-19-01627,19,19-15,G166524E78222S,2000-01-12T00:00:00,166.52423818104015,-78.222105,0.274950350602057,0,566.6732,2.0,COPDEM30,17.34099916
RGI2000-v7.0-G-19-01628,19,19-15,G166544E78222S,2000-01-12T00:00:00,166.56030574272626,-78.2211175,0.897879504379712,0,546.82074,4.0,COPDEM30,23.26591056
RGI2000-v7.0-G-19-01629,19,19-15,G166467E78221S,2000-01-12T00:00:00,166.47944551466395,-78.22036700000001,0.898152135217532,0,581.84766,2.0,COPDEM30,23.26792442
RGI2000-v7.0-G-19-01630,19,19-15,G166434E78242S,2000-01-12T00:00:00,166.44516418546982,-78.240557,0.824677886977488,0,584.9785,3.0,COPDEM30,22.71364880
RGI2000-v7.0-G-19-01631,19,19-15,G166392E78240S,2000-01-12T00:00:00,166.40018554942785,-78.239687,0.508029051258111,0,740.57874,3.0,COPDEM30,19.97866194
RGI2000-v7.0-G-19-01632,19,19-15,G166441E78253S,2000-01-12T00:00:00,166.44194345721922,-78.2527785,0.326012305070649,0,469.15588,4.0,COPDEM30,17.99364822
RGI2000-v7.0-G-19-01633,19,19-15,G166613E78204S,2000-01-12T00:00:00,166.61316228431372,-78.203531,0.281103853111207,0,415.9791,3.0,COPDEM30,17.42269191
RGI2000-v7.0-G-19-01634,19,19-15,G166723E78196S,2000-01-12T00:00:00,166.72354551727273,-78.1945525,0.119073512230574,0,14.135732,2.0,COPDEM30,14.83098421
RGI2000-v7.0-G-19-01635,19,19-15,G166755E78196S,2000-01-12T00:00:00,166.75531063102974,-78.1961675,0.133947853671956,0,7.1744714,2.0,COPDEM30,15.12384419
RGI2000-v7.0-G-19-01636,19,19-15,G166222E78197S,2000-01-12T00:00:00,166.22759056054684,-78.1950745,0.174904767839926,0,57.373844,8.0,COPDEM30,15.85502643
RGI2000-v7.0-G-19-01637,19,19-15,G166201E78217S,2000-01-12T00:00:00,166.20135036901206,-78.21693350000001,0.439314251855939,0,207.3991,8.0,COPDEM30,19.27930996
RGI2000-v7.0-G-19-01638,19,19-15,G167125E78186S,2000-01-12T00:00:00,167.33078239192318,-78.15535,311.43537373637406,0,159.32423,5.0,COPDEM90,100.00000000
RGI2000-v7.0-G-19-01639,19,19-15,G167282E78093S,2000-01-12T00:00:00,167.2816058254276,-78.0934115,1.108901420398626,0,158.47148,8.0,COPDEM30,24.74261437
RGI2000-v7.0-G-19-01640,19,19-15,G167370E78070S,2000-01-12T00:00:00,167.36880293534483,-78.067297,2.375746233777644,0,117.1268,8.0,COPDEM30,31.57883829
RGI2000-v7.0-G-19-01641,19,19-15,G167418E78068S,2000-01-12T00:00:00,167.41777690486782,-78.067976,1.709002773269312,0,492.23608,8.0,COPDEM30,28.30203660
RGI2000-v7.0-G-19-01642,19,19-15,G167453E78073S,2000-01-12T00:00:00,167.45348049278118,-78.0726365,0.052371293910419,0,636.14966,2.0,COPDEM30,13.20386854
RGI2000-v7.0-G-19-01643,19,19-15,G167474E78075S,2000-01-12T00:00:00,167.47413147675707,-78.074887,0.239158103759684,0,522.05457,3.0,COPDEM30,16.84653112
RGI2000-v7.0-G-19-01644,19,19-15,G167442E78080S,2000-01-12T00:00:00,167.44865531137552,-78.07843,0.0610147567703,0,679.9772,5.0,COPDEM30,13.45816314
RGI2000-v7.0-G-19-01645,19,19-15,G167471E78082S,2000-01-12T00:00:00,167.4707641945225,-78.082213,0.242568451046812,0,559.9671,3.0,COPDEM30,16.89517341
RGI2000-v7.0-G-19-01646,19,19-15,G167493E78066S,2000-01-12T00:00:00,167.5040462644231,-78.0643635,0.41394292766576,0,368.6694,2.0,COPDEM30,19.00737552
RGI2000-v7.0-G-19-01647,19,19-15,G167409E78050S,2000-01-12T00:00:00,167.4452354161554,-78.0541235,1.02098323913057,0,334.69513,1.0,COPDEM30,24.14612013
RGI2000-v7.0-G-19-01648,19,19-15,G167419E78048S,2000-01-12T00:00:00,167.4191520456901,-78.0477865,0.057079944081464,0,278.8421,8.0,COPDEM30,13.34479731
RGI2000-v7.0-G-19-01649,19,19-15,G167394E78047S,2000-01-12T00:00:00,167.3942597807692,-78.0466135,0.36782341251183,0,88.538315,8.0,COPDEM30,18.49078258
RGI2000-v7.0-G-19-01650,19,19-15,G167417E78043S,2000-01-12T00:00:00,167.42106086024052,-78.0412065,0.346169364310496,0,257.65103,8.0,COPDEM30,18.23706230
RGI2000-v7.0-G-19-01651,19,19-15,G167449E78040S,2000-01-12T00:00:00,167.44893966560508,-78.04032900000001,0.035980768685795,0,312.84283,3.0,COPDEM30,12.65560363
RGI2000-v7.0-G-19-01652,19,19-15,G166782E77800S,2000-01-12T00:00:00,166.82099543555594,-77.8001975,31.07458901607538,0,148.7171,3.0,COPDEM90,88.04242082
RGI2000-v7.0-G-19-01653,19,19-15,G166847E77610S,2000-01-12T00:00:00,166.68158701574214,-77.637284,337.58118197122826,0,591.34784,6.0,COPDEM90,100.00000000
RGI2000-v7.0-G-19-01654,19,19-15,G166244E77568S,2000-01-12T00:00:00,166.26284937874686,-77.56790749999999,0.223034779947366,0,52.09383,7.0,COPDEM30,16.61171815
RGI2000-v7.0-G-19-01655,19,19-15,G166184E77542S,2000-01-12T00:00:00,166.18360201041662,-77.5420935,0.139967480111083,0,17.893234,6.0,COPDEM30,15.23771191
RGI2000-v7.0-G-19-01656,19,19-15,G166200E77538S,2000-01-12T00:00:00,166.1987506902264,-77.537833,0.035464643198697,0,60.71347,7.0,COPDEM30,12.63648821
RGI2000-v7.0-G-19-01657,19,19-15,G166187E77530S,2000-01-12T00:00:00,166.18442230147366,-77.528806,0.043413601796105,0,16.530624,8.0,COPDEM30,12.91703033
RGI2000-v7.0-G-19-01658,19,19-15,G166237E77527S,2000-01-12T00:00:00,166.25726683492428,-77.522964,2.309781965002047,0,52.645786,8.0,COPDEM30,31.27715360
RGI2000-v7.0-G-19-01659,19,19-15,G166712E77457S,2000-01-12T00:00:00,166.73524788783692,-77.448735,232.97997256690448,0,804.25305,7.0,COPDEM90,100.00000000
RGI2000-v7.0-G-19-01660,19,19-15,G167080E77527S,2000-01-12T00:00:00,167.07654675187808,-77.5263245,1.27120637059232,0,3381.2998,8.0,COPDEM30,25.78469032
RGI2000-v7.0-G-19-01661,19,19-15,G167108E77522S,2000-01-12T00:00:00,167.10844532079653,-77.52210600000001,0.580733692671849,0,3396.8645,8.0,COPDEM30,20.66882392
RGI2000-v7.0-G-19-01662,19,19-15,G167219E77483S,2000-01-12T00:00:00,167.21897437671234,-77.483251,0.36060678908278,0,2898.7178,2.0,COPDEM30,18.40707623
RGI2000-v7.0-G-19-01663,19,19-15,G167651E77446S,2000-01-12T00:00:00,167.64188441179738,-77.429296,428.57653263588475,0,1022.49,1.0,COPDEM90,100.00000000
RGI2000-v7.0-G-19-01664,19,19-15,G167901E77579S,2000-01-12T00:00:00,167.9320428641047,-77.5927955,359.22545896245066,0,1156.765,5.0,COPDEM90,100.00000000
RGI2000-v7.0-G-19-01665,19,19-15,G167250E77667S,2000-01-12T00:00:00,167.3284335150949,-77.66009,99.62189515167393,0,383.73477,4.0,COPDEM90,100.00000000
RGI2000-v7.0-G-19-01666,19,19-15,G168726E77592S,2000-01-12T00:00:00,168.72125015859672,-77.60338250000001,285.64090207159074,0,745.9694,4.0,COPDEM90,100.00000000
RGI2000-v7.0-G-19-01667,19,19-15,G168648E77503S,2000-01-12T00:00:00,168.64624465510332,-77.502119,0.137226832906703,0,2506.6675,1.0,COPDEM30,15.18617964
RGI2000-v7.0-G-19-01668,19,19-15,G168593E77501S,2000-01-12T00:00:00,168.59261490526316,-77.50144399999999,0.042969768113729,0,2692.9485,1.0,COPDEM30,12.90208107
RGI2000-v7.0-G-19-01669,19,19-15,G168582E77493S,2000-01-12T00:00:00,168.58537135222326,-77.491843,0.098957343639524,0,2224.6929,1.0,COPDEM30,14.40404806
RGI2000-v7.0-G-19-01670,19,19-15,G168734E77497S,2000-01-12T00:00:00,168.73416917623607,-77.49749349999999,0.076859315948922,0,2210.645,2.0,COPDEM30,13.88129179
RGI2000-v7.0-G-19-01671,19,19-15,G168746E77481S,2000-01-12T00:00:00,168.74247355269773,-77.4808245,0.047545975524891,0,1578.6298,1.0,COPDEM30,13.05270555
RGI2000-v7.0-G-19-01672,19,19-15,G168623E77443S,2000-01-12T00:00:00,168.7073025365328,-77.445323,205.01303437473086,0,957.6456,1.0,COPDEM90,100.00000000
RGI2000-v7.0-G-19-01673,19,19-15,G168957E77494S,2000-01-12T00:00:00,168.94765029491037,-77.49303549999999,0.270321400956593,0,1419.917,2.0,COPDEM30,17.27894186
RGI2000-v7.0-G-19-01674,19,19-15,G169023E77474S,2000-01-12T00:00:00,169.0231840782834,-77.474481,0.124621545646082,0,932.02893,2.0,COPDEM30,14.94224877
RGI2000-v7.0-G-19-01675,19,19-15,G169119E77503S,2000-01-12T00:00:00,169.10452304293744,-77.502228,1.640674285780711,0,904.00885,3.0,COPDEM30,27.93243319
RGI2000-v7.0-G-19-01676,19,19-15,G169149E77501S,2000-01-12T00:00:00,169.13244029976636,-77.499187,0.162818201312248,0,849.5322,1.0,COPDEM30,15.64910324
RGI2000-v7.0-G-19-01677,19,19-15,G169165E77490S,2000-01-12T00:00:00,169.16530160885168,-77.4897435,0.294278714503801,0,671.77673,2.0,COPDEM30,17.59464469
RGI2000-v7.0-G-19-01678,19,19-15,G169230E77491S,2000-01-12T00:00:00,169.23021116985646,-77.491119,0.075218622740187,0,440.513,2.0,COPDEM30,13.83964192
RGI2000-v7.0-G-19-01679,19,19-15,G169228E77485S,2000-01-12T00:00:00,169.22811249554712,-77.48489599999999,0.192347504689105,0,369.423,2.0,COPDEM30,16.14004161
RGI2000-v7.0-G-19-01680,19,19-15,G169244E77486S,2000-01-12T00:00:00,169.26223173871472,-77.4864465,0.255823178305309,0,283.13208,2.0,COPDEM30,17.08105521
RGI2000-v7.0-G-19-01681,19,19-15,G169271E77478S,2000-01-12T00:00:00,169.2811314957347,-77.479815,0.087839436935658,0,191.97638,3.0,COPDEM30,14.14928062
RGI2000-v7.0-G-19-01682,19,19-15,G169248E77476S,2000-01-12T00:00:00,169.24802188910758,-77.4759745,0.272972217476383,0,232.60889,3.0,COPDEM30,17.31454405
RGI2000-v7.0-G-19-01683,19,19-15,G169213E77469S,2000-01-12T00:00:00,169.21331341172257,-77.4689435,0.375576304390574,0,260.7847,3.0,COPDEM30,18.57979928
RGI2000-v7.0-G-19-01684,19,19-15,G169233E77462S,2000-01-12T00:00:00,169.2328068838454,-77.4618365,0.165378234277944,0,130.36206,1.0,COPDEM30,15.69334119
RGI2000-v7.0-G-19-01685,19,19-15,G169272E77462S,2000-01-12T00:00:00,169.27211999017788,-77.46206799999999,0.36308329761166,0,66.338776,2.0,COPDEM30,18.43589511
RGI2000-v7.0-G-19-01686,19,19-15,G169298E77467S,2000-01-12T00:00:00,169.29751704830647,-77.467367,0.455555046411785,0,81.85261,1.0,COPDEM30,19.44927453
RGI2000-v7.0-G-19-01687,19,19-15,G169317E77485S,2000-01-12T00:00:00,169.31693451534218,-77.48533649999999,0.124830867212943,0,160.45609,2.0,COPDEM30,14.94639768
RGI2000-v7.0-G-19-01688,19,19-15,G169334E77490S,2000-01-12T00:00:00,169.32337240239917,-77.49112500000001,0.393881037021711,0,150.92351,2.0,COPDEM30,18.78639194
RGI2000-v7.0-G-19-01689,19,19-15,G169323E77508S,2000-01-12T00:00:00,169.2898977746212,-77.50600349999999,0.792638095308506,0,239.57439,2.0,COPDEM30,22.46423149
RGI2000-v7.0-G-19-01690,19,19-15,G169273E77512S,2000-01-12T00:00:00,169.27296470794954,-77.5121615,0.154776382035886,0,287.4115,4.0,COPDEM30,15.50782815
RGI2000-v7.0-G-19-01691,19,19-15,G169255E77505S,2000-01-12T00:00:00,169.2553568811627,-77.5046805,0.107213166629938,0,365.99408,2.0,COPDEM30,14.58407904
RGI2000-v7.0-G-19-01692,19,19-15,G169228E77511S,2000-01-12T00:00:00,169.22818789596084,-77.5110425,0.140432872280578,0,506.91342,4.0,COPDEM30,15.24641239
RGI2000-v7.0-G-19-01693,19,19-15,G169216E77516S,2000-01-12T00:00:00,169.2160354431818,-77.515668,0.257935346439877,0,521.52405,3.0,COPDEM30,17.11022699
RGI2000-v7.0-G-19-01694,19,19-15,G169217E77527S,2000-01-12T00:00:00,169.21722538420622,-77.527129,0.427564577411885,0,361.2193,4.0,COPDEM30,19.15437913
RGI2000-v7.0-G-19-01695,19,19-15,G169211E77532S,2000-01-12T00:00:00,169.21148220759633,-77.53223700000001,0.181689128662467,0,306.9033,4.0,COPDEM30,15.96750109
RGI2000-v7.0-G-19-01696,19,19-15,G169117E77536S,2000-01-12T00:00:00,169.1174757066138,-77.53589550000001,0.153015667292459,0,621.3855,3.0,COPDEM30,15.47641039
RGI2000-v7.0-G-19-01697,19,19-15,G169220E77505S,2000-01-12T00:00:00,169.21503881240287,-77.5008995,1.228745014144147,0,529.10443,3.0,COPDEM30,25.51882801
RGI2000-v7.0-G-19-01698,19,19-15,G166758E77265S,2000-01-12T00:00:00,166.7589652461686,-77.258828,273.5277560203041,0,782.8435,1.0,COPDEM90,100.00000000
RGI2000-v7.0-G-19-01699,19,19-15,G166908E76946S,2000-01-12T00:00:00,166.94656552413034,-76.9468905,6.343999885491331,0,287.4151,8.0,COPDEM30,45.26221742
RGI2000-v7.0-G-19-01700,19,19-15,G168363E76138S,2000-01-12T00:00:00,168.3631018831449,-76.13751350000001,10.993311351499923,0,119.4469,7.0,COPDEM30,56.41862799
RGI2000-v7.0-G-19-01701,19,19-16,G205530E77092S,1999-12-14T00:00:00,-154.46988359872273,-77.09151499999999,13.961028052871537,0,77.386,8.0,COPDEM90,62.31024277
RGI2000-v7.0-G-19-01702,19,19-16,G205756E77091S,1999-12-14T00:00:00,-154.24439475598723,-77.091385,40.24128533782525,0,99.3098,2.0,COPDEM90,98.81042690
RGI2000-v7.0-G-19-01703,19,19-16,G205690E77105S,1999-12-14T00:00:00,-154.25175528028544,-77.127707,40.170045416899285,0,114.67009,5.0,COPDEM90,98.73178067
RGI2000-v7.0-G-19-01704,19,19-16,G206764E77228S,1999-12-14T00:00:00,-153.2307270032202,-77.229247,42.729873179567704,0,85.46207,2.0,COPDEM90,100.00000000
RGI2000-v7.0-G-19-01705,19,19-16,G206814E77281S,1999-12-14T00:00:00,-153.20763252813992,-77.280517,5.009196589894063,0,58.030807,3.0,COPDEM30,41.33372834
RGI2000-v7.0-G-19-01706,19,19-16,G206927E77294S,1999-12-14T00:00:00,-153.06150099117428,-77.295943,27.599960375739716,0,79.24694,8.0,COPDEM90,83.54993021
RGI2000-v7.0-G-19-01707,19,19-16,G206950E77327S,1999-12-14T00:00:00,-153.04956358537652,-77.326989,1.847442664489184,0,63.66414,8.0,COPDEM30,29.02889283
RGI2000-v7.0-G-19-01708,19,19-16,G206839E77351S,1999-12-14T00:00:00,-153.1428234801913,-77.34909999999999,18.29692322344712,0,91.078476,1.0,COPDEM90,69.88486413
RGI2000-v7.0-G-19-01709,19,19-16,G209002E77296S,1999-12-14T00:00:00,-151.04668940000005,-77.29673199999999,259.55336962536506,0,208.84914,1.0,COPDEM90,100.00000000
RGI2000-v7.0-G-19-01710,19,19-16,G209986E77015S,1999-12-14T00:00:00,-150.11306235743132,-77.010328,650.8003232732024,0,175.02003,1.0,COPDEM90,100.00000000
RGI2000-v7.0-G-19-01711,19,19-16,G209527E76740S,1999-12-14T00:00:00,-150.4801871282189,-76.7397575,189.76303318725712,0,147.62842,7.0,COPDEM90,100.00000000
RGI2000-v7.0-G-19-01712,19,19-16,G211126E76755S,1999-12-14T00:00:00,-149.02344258699966,-76.73413049999999,403.5089383227571,0,103.77084,5.0,COPDEM90,100.00000000
RGI2000-v7.0-G-19-01713,19,19-16,G211078E76966S,1999-12-14T00:00:00,-148.86055295218432,-76.96285449999999,210.40298089052473,0,141.02536,6.0,COPDEM90,100.00000000
RGI2000-v7.0-G-19-01714,19,19-16,G210634E77330S,1999-12-14T00:00:00,-149.3869913104588,-77.3338845,93.50764513112111,0,98.60156,1.0,COPDEM90,100.00000000
RGI2000-v7.0-G-19-01715,19,19-16,G212619E77206S,1999-12-14T00:00:00,-147.3591427466368,-77.212955,59.14605246798275,0,90.43338,1.0,COPDEM90,100.00000000
RGI2000-v7.0-G-19-01716,19,19-16,G212863E77228S,1999-12-14T00:00:00,-147.13735614391962,-77.22835699999999,8.233583333317126,0,64.110176,4.0,COPDEM30,50.17190975
RGI2000-v7.0-G-19-01717,19,19-16,G213233E76900S,1999-12-14T00:00:00,-146.71358974438084,-76.9079025,298.90942668430233,0,145.36057,6.0,COPDEM90,100.00000000
RGI2000-v7.0-G-19-01718,19,19-16,G212909E76617S,1999-12-14T00:00:00,-147.07433659077026,-76.60637,253.52667090650914,0,75.47874,6.0,COPDEM90,100.00000000
RGI2000-v7.0-G-19-01719,19,19-16,G212207E76610S,1999-12-14T00:00:00,-147.77639753141898,-76.61681999999999,72.19856258045246,0,98.85795,6.0,COPDEM90,100.00000000
RGI2000-v7.0-G-19-01720,19,19-16,G213000E76180S,1999-12-14T00:00:00,-147.02403750454545,-76.2002205,135.61013680678337,0,140.9175,6.0,COPDEM90,100.00000000
RGI2000-v7.0-G-19-01721,19,19-16,G213145E76185S,1999-12-14T00:00:00,-146.85497660972374,-76.1851155,103.74769293820553,0,159.53087,3.0,COPDEM90,100.00000000
RGI2000-v7.0-G-19-01722,19,19-16,G212797E76102S,1999-12-14T00:00:00,-147.2029494706249,-76.10167799999999,61.4870150211735,0,138.71489,1.0,COPDEM90,100.00000000
RGI2000-v7.0-G-19-01723,19,19-16,G212922E75822S,1999-12-14T00:00:00,-147.04492297386588,-75.814911,21.25982645969197,0,53.8537,8.0,COPDEM90,74.55173109
RGI2000-v7.0-G-19-01724,19,19-16,G214265E75638S,1999-12-14T00:00:00,-145.73549062375864,-75.638306,132.76802629002023,0,163.63438,6.0,COPDEM90,100.00000000
RGI2000-v7.0-G-19-01725,19,19-16,G214310E75614S,1999-12-14T00:00:00,-145.53671259629752,-75.607574,150.91768358315565,0,176.863,2.0,COPDEM90,100.00000000
RGI2000-v7.0-G-19-01726,19,19-16,G214021E75540S,1999-12-14T00:00:00,-145.97928206794631,-75.53987000000001,40.99776053337191,0,137.06714,8.0,COPDEM90,99.64129107
RGI2000-v7.0-G-19-01727,19,19-16,G216911E75414S,1999-12-14T00:00:00,-143.08778051462713,-75.4085955,23.318342638405216,0,74.640114,1.0,COPDEM90,77.60469774
RGI2000-v7.0-G-19-01728,19,19-16,G219663E74749S,1999-12-14T00:00:00,-140.30707671259844,-74.7455785,5.787375280777423,0,128.94783,4.0,COPDEM30,43.67974993
RGI2000-v7.0-G-19-01729,19,19-16,G227366E74442S,2000-01-07T00:00:00,-132.61972626056004,-74.436834,121.54602945564787,0,142.04993,8.0,COPDEM90,100.00000000
RGI2000-v7.0-G-19-01730,19,19-16,G228075E74420S,2000-01-07T00:00:00,-131.9252197967038,-74.41951399999999,148.5338277612489,0,142.9716,7.0,COPDEM90,100.00000000
RGI2000-v7.0-G-19-01731,19,19-16,G228437E74403S,2000-01-07T00:00:00,-131.56252662624792,-74.4030035,170.22841089031405,0,242.41638,1.0,COPDEM90,100.00000000
RGI2000-v7.0-G-19-01732,19,19-16,G228438E74467S,2000-01-07T00:00:00,-131.54552983052815,-74.512613,253.87616697196637,0,196.3357,5.0,COPDEM90,100.00000000
RGI2000-v7.0-G-19-01733,19,19-16,G228924E74495S,2000-01-07T00:00:00,-131.07558100445806,-74.4947085,80.03682909987609,0,188.67215,3.0,COPDEM90,100.00000000
RGI2000-v7.0-G-19-01734,19,19-16,G227793E74151S,2000-01-07T00:00:00,-132.2123983112245,-74.1489535,20.324702927796636,0,53.649277,2.0,TANDEM,73.11609758
RGI2000-v7.0-G-19-01735,19,19-16,G232355E74477S,2000-01-07T00:00:00,-127.88243001410939,-74.47439750000001,300.6176667557428,0,209.97786,6.0,COPDEM90,100.00000000
RGI2000-v7.0-G-19-01736,19,19-16,G232411E74422S,2000-01-07T00:00:00,-127.58928280853821,-74.4216795,273.19366796131544,0,234.50087,2.0,COPDEM90,100.00000000
RGI2000-v7.0-G-19-01737,19,19-16,G232658E74546S,2000-01-07T00:00:00,-127.3419281697308,-74.5461225,126.58565081732169,0,153.18716,4.0,COPDEM90,100.00000000
RGI2000-v7.0-G-19-01738,19,19-16,G233983E73875S,2000-01-07T00:00:00,-126.017311709426,-73.87483700000001,158.95792710349951,0,177.51022,6.0,COPDEM90,100.00000000
RGI2000-v7.0-G-19-01739,19,19-16,G234393E73741S,2000-01-07T00:00:00,-125.60662819633578,-73.7413705,796.8022107198569,0,128.48604,3.0,COPDEM90,100.00000000
RGI2000-v7.0-G-19-01740,19,19-16,G234917E73832S,1999-12-17T00:00:00,-125.08315776314635,-73.83242100000001,632.046145527623,0,176.72928,1.0,COPDEM90,100.00000000
RGI2000-v7.0-G-19-01741,19,19-16,G235348E74041S,1999-12-17T00:00:00,-124.51945579600203,-73.9868525,932.2823822781946,0,212.88693,2.0,COPDEM90,100.00000000
RGI2000-v7.0-G-19-01742,19,19-16,G234927E74067S,1999-12-17T00:00:00,-125.07330316265768,-74.0672795,625.3419339875812,0,314.5855,6.0,COPDEM90,100.00000000
RGI2000-v7.0-G-19-01743,19,19-16,G235643E74176S,1999-12-17T00:00:00,-124.35681464566062,-74.17592450000001,301.12252107378225,0,298.03006,5.0,COPDEM90,100.00000000
RGI2000-v7.0-G-19-01744,19,19-16,G236841E73764S,1999-12-17T00:00:00,-123.15882223551289,-73.7643135,88.51514369160552,0,133.06718,7.0,COPDEM90,100.00000000
RGI2000-v7.0-G-19-01745,19,19-16,G237736E73775S,1999-12-17T00:00:00,-122.26381289557611,-73.774977,539.9335232677356,0,279.72412,1.0,COPDEM90,100.00000000
RGI2000-v7.0-G-19-01746,19,19-16,G238773E74044S,1999-12-17T00:00:00,-122.2252083570501,-74.02715549999999,1687.9368648990055,0,339.8974,7.0,COPDEM90,100.00000000
RGI2000-v7.0-G-19-01747,19,19-16,G238671E73853S,1999-12-17T00:00:00,-121.32911046035457,-73.8527625,593.1647377046958,0,269.341,1.0,COPDEM90,100.00000000
RGI2000-v7.0-G-19-01748,19,19-16,G239012E74018S,1999-12-17T00:00:00,-120.98796564639174,-74.01844249999999,1371.471296409301,0,398.05823,4.0,COPDEM90,100.00000000
RGI2000-v7.0-G-19-01749,19,19-16,G238055E74327S,1999-12-17T00:00:00,-121.94498241547026,-74.327304,876.8545521762359,0,229.58185,5.0,COPDEM90,100.00000000
RGI2000-v7.0-G-19-01750,19,19-16,G240629E73953S,2000-01-06T00:00:00,-119.37086875118004,-73.953123,861.7796840387675,0,195.2618,2.0,COPDEM90,100.00000000
RGI2000-v7.0-G-19-01751,19,19-16,G242792E74084S,2000-01-06T00:00:00,-117.20787359077246,-74.0838885,101.01133142243611,0,234.15738,8.0,COPDEM90,100.00000000
RGI2000-v7.0-G-19-01752,19,19-16,G243164E74056S,2000-01-06T00:00:00,-116.92653747774418,-74.12223,259.09646356159215,0,207.5348,5.0,COPDEM90,100.00000000
RGI2000-v7.0-G-19-01753,19,19-16,G243420E74104S,2000-01-06T00:00:00,-116.58023728900248,-74.1041275,15.424799665807086,0,233.87848,4.0,COPDEM90,64.98418622
RGI2000-v7.0-G-19-01754,19,19-16,G243428E73994S,2000-01-06T00:00:00,-116.57157330919483,-73.99438,173.58545244943016,0,324.54095,4.0,COPDEM90,100.00000000
RGI2000-v7.0-G-19-01755,19,19-16,G243311E73952S,2000-01-06T00:00:00,-116.68855990021936,-73.95241899999999,133.17452336884236,0,336.26593,8.0,COPDEM90,100.00000000
RGI2000-v7.0-G-19-01756,19,19-16,G243678E73884S,2000-01-06T00:00:00,-116.32174408599636,-73.8835505,24.52718670795636,0,225.51874,2.0,COPDEM90,79.33490171
RGI2000-v7.0-G-19-01757,19,19-16,G245049E73989S,2000-01-06T00:00:00,-114.95136107343751,-73.98934650000001,0.030522182603879,0,11.880268,2.0,COPDEM30,12.44588385
RGI2000-v7.0-G-19-01758,19,19-16,G242782E74327S,2000-01-06T00:00:00,-117.20311269338052,-74.32501099999999,61.05469008657766,0,93.31457,8.0,COPDEM90,100.00000000
RGI2000-v7.0-G-19-01759,19,19-16,G234247E73560S,2000-01-07T00:00:00,-125.75263839820309,-73.55968899999999,297.962115138886,0,196.81096,2.0,COPDEM90,100.00000000
RGI2000-v7.0-G-19-01760,19,19-16,G233828E73443S,2000-01-07T00:00:00,-126.17247235714285,-73.44313199999999,555.2802443439618,0,439.50464,3.0,COPDEM90,100.00000000
RGI2000-v7.0-G-19-01761,19,19-16,G233417E73355S,2000-01-07T00:00:00,-126.58310359825111,-73.355431,257.4489181814706,0,540.7526,1.0,COPDEM90,100.00000000
RGI2000-v7.0-G-19-01762,19,19-16,G232855E73513S,2000-01-07T00:00:00,-127.1454387864388,-73.5128105,675.2907035785789,0,544.1604,7.0,COPDEM90,100.00000000
RGI2000-v7.0-G-19-01763,19,19-16,G233765E73569S,2000-01-07T00:00:00,-126.61320308059558,-73.644633,1069.164921296345,0,145.10652,5.0,COPDEM90,100.00000000
RGI2000-v7.0-G-19-01764,19,19-17,G254759E74073S,1997-02-09T00:00:00,-105.21844496915979,-74.0658405,5.379780025214426,0,77.934814,1.0,COPDEM30,42.47209394
RGI2000-v7.0-G-19-01765,19,19-17,G255818E73964S,1997-02-09T00:00:00,-104.18246955856395,-73.96431749999999,0.544102997267674,0,50.72435,2.0,COPDEM30,20.32686726
RGI2000-v7.0-G-19-01766,19,19-17,G256364E74139S,1997-02-09T00:00:00,-103.63528534443911,-74.13580999999999,0.475672247740196,0,35.75183,2.0,COPDEM30,19.65565951
RGI2000-v7.0-G-19-01767,19,19-17,G256342E74142S,1997-02-09T00:00:00,-103.65822162178382,-74.14242,1.550625530628316,0,52.376064,2.0,COPDEM30,27.43337615
RGI2000-v7.0-G-19-01768,19,19-17,G256444E74169S,1997-02-09T00:00:00,-103.57604669269826,-74.170795,3.600033342342401,0,86.33011,1.0,COPDEM30,36.56325536
RGI2000-v7.0-G-19-01769,19,19-17,G256472E74132S,1997-02-09T00:00:00,-103.50149510770753,-74.1352175,2.473797614494631,0,35.65522,1.0,COPDEM30,32.01963516
RGI2000-v7.0-G-19-01770,19,19-17,G256556E74120S,1997-02-09T00:00:00,-103.44350844135803,-74.119555,2.57192354828593,0,63.59791,2.0,COPDEM30,32.45210492
RGI2000-v7.0-G-19-01771,19,19-17,G256702E74125S,1997-02-09T00:00:00,-103.29811461666648,-74.1253535,2.640383740426829,0,88.6191,2.0,COPDEM30,32.74896070
RGI2000-v7.0-G-19-01772,19,19-17,G256854E74172S,1997-02-09T00:00:00,-103.14564873689426,-74.171678,0.320290648449867,0,24.782516,4.0,COPDEM30,17.92319172
RGI2000-v7.0-G-19-01773,19,19-17,G257175E74341S,1997-01-24T00:00:00,-102.82542021285005,-74.3405365,0.662472327190094,0,46.982914,8.0,COPDEM30,21.39493642
RGI2000-v7.0-G-19-01774,19,19-17,G257331E74383S,1997-01-24T00:00:00,-102.66894815718484,-74.3833055,0.229413181931728,0,17.458818,4.0,COPDEM30,16.70559346
RGI2000-v7.0-G-19-01775,19,19-17,G257353E74390S,1997-01-24T00:00:00,-102.64651491280551,-74.3902575,1.196012397860775,0,45.29643,4.0,COPDEM30,25.31072924
RGI2000-v7.0-G-19-01776,19,19-17,G257492E74432S,1997-01-24T00:00:00,-102.50842457181466,-74.431745,1.50617445388016,0,52.267548,8.0,COPDEM30,27.18168190
RGI2000-v7.0-G-19-01777,19,19-17,G257636E74465S,1997-01-24T00:00:00,-102.34793143777085,-74.464121,1.554991663023272,0,56.877773,3.0,COPDEM30,27.45790268
RGI2000-v7.0-G-19-01778,19,19-17,G263560E76894S,1997-01-24T00:00:00,-102.34463244347535,-74.489464,8.36953962195609,0,118.09986,1.0,COPDEM30,50.50221927
RGI2000-v7.0-G-19-01779,19,19-17,G257589E74093S,1997-02-09T00:00:00,-102.4113535043148,-74.0926915,0.106608327299378,0,-14.704131,6.0,TANDEM,14.57113029
RGI2000-v7.0-G-19-01780,19,19-17,G255072E73077S,1997-02-07T00:00:00,-104.92770756254455,-73.076948,342.6783699312685,0,246.32977,7.0,COPDEM90,100.00000000
RGI2000-v7.0-G-19-01781,19,19-18,G256342E72732S,1956-02-01T00:00:00,-103.65546542379985,-72.731646,1.943465019419897,0,-23.553158,6.0,TANDEM,29.51714999
RGI2000-v7.0-G-19-01782,19,19-18,G260838E72287S,1972-12-04T00:00:00,-100.64009594739241,-72.2273055,5260.708792288018,0,393.30353,5.0,COPDEM90,100.00000000
RGI2000-v7.0-G-19-01783,19,19-18,G259732E72072S,1972-12-04T00:00:00,-100.32260064273976,-72.081413,329.4946490896291,0,352.3924,2.0,COPDEM90,100.00000000
RGI2000-v7.0-G-19-01784,19,19-18,G259578E71964S,1972-12-04T00:00:00,-100.54649236925741,-71.978519,373.4548943677798,0,230.15414,2.0,COPDEM90,100.00000000
RGI2000-v7.0-G-19-01785,19,19-18,G260076E72139S,1972-12-04T00:00:00,-99.92474175659908,-72.134809,240.77898869226027,0,453.6944,1.0,COPDEM90,100.00000000
RGI2000-v7.0-G-19-01786,19,19-18,G260447E72070S,1972-12-04T00:00:00,-99.57624899526054,-72.0698625,259.0218733488575,0,274.87622,1.0,COPDEM90,100.00000000
RGI2000-v7.0-G-19-01787,19,19-18,G260974E72131S,1972-12-04T00:00:00,-99.1455940257215,-72.11804699999999,470.98434310695444,0,357.91617,1.0,COPDEM90,100.00000000
RGI2000-v7.0-G-19-01788,19,19-18,G261456E71989S,1972-12-04T00:00:00,-98.49926382219152,-72.013166,1154.9854967617046,0,288.98657,1.0,COPDEM90,100.00000000
RGI2000-v7.0-G-19-01789,19,19-18,G262014E72205S,1972-12-04T00:00:00,-97.96002556616257,-72.1900725,402.4454805274215,0,350.63266,1.0,COPDEM90,100.00000000
RGI2000-v7.0-G-19-01790,19,19-18,G262500E72252S,1972-12-04T00:00:00,-97.68317088054656,-72.0994975,515.8250380266805,0,224.99054,2.0,COPDEM90,100.00000000
RGI2000-v7.0-G-19-01791,19,19-18,G263200E72031S,1972-12-04T00:00:00,-96.86030242983539,-72.086781,1211.7518548857809,0,292.79022,1.0,COPDEM90,100.00000000
RGI2000-v7.0-G-19-01792,19,19-18,G263102E72307S,1972-12-04T00:00:00,-96.8969351893199,-72.302622,373.63206445601844,0,456.55756,1.0,COPDEM90,100.00000000
RGI2000-v7.0-G-19-01793,19,19-18,G263682E72330S,1972-12-04T00:00:00,-96.31743367342628,-72.3381055,196.36799462696337,0,477.3615,1.0,COPDEM90,100.00000000
RGI2000-v7.0-G-19-01794,19,19-18,G264023E72179S,1972-12-04T00:00:00,-95.7921273992755,-72.163697,343.5708897538012,0,249.41898,1.0,COPDEM90,100.00000000
RGI2000-v7.0-G-19-01795,19,19-18,G265191E72581S,1972-12-04T00:00:00,-94.73920503675353,-72.5680205,328.03541146700655,0,322.91446,1.0,COPDEM90,100.00000000
RGI2000-v7.0-G-19-01796,19,19-18,G266069E72859S,1972-12-04T00:00:00,-93.94218075672796,-72.8623595,122.18895246801375,0,92.53856,1.0,COPDEM90,100.00000000
RGI2000-v7.0-G-19-01797,19,19-18,G268787E72818S,1972-12-04T00:00:00,-91.09029012514466,-72.8559505,1606.6260882049648,0,368.43097,8.0,COPDEM90,100.00000000
RGI2000-v7.0-G-19-01798,19,19-18,G270081E72963S,1972-12-04T00:00:00,-89.80247593996452,-72.951217,529.2224683324098,0,184.15154,8.0,COPDEM90,100.00000000
RGI2000-v7.0-G-19-01799,19,19-18,G260221E72654S,1972-12-04T00:00:00,-99.76647354843303,-72.663251,1135.0829448677587,0,248.31273,1.0,COPDEM90,100.00000000
RGI2000-v7.0-G-19-01800,19,19-18,G258420E73620S,1956-02-01T00:00:00,-101.576484325,-73.621126,4.820091803248033,0,-12.0,6.0,RAMP,40.73659047
RGI2000-v7.0-G-19-01801,19,19-19,G281634E72693S,1989-01-24T00:00:00,-78.05045901319811,-72.709977,3311.5997822349414,0,279.29422,7.0,COPDEM90,100.00000000
RGI2000-v7.0-G-19-01802,19,19-19,G282019E73246S,1989-01-24T00:00:00,-77.9767874920993,-73.2419485,394.033565727497,0,205.27332,6.0,COPDEM90,100.00000000
RGI2000-v7.0-G-19-01803,19,19-19,G284892E73195S,1997-09-01T00:00:00,-75.28898354661268,-73.2193865,3266.692128225468,0,351.24933,2.0,COPDEM90,100.00000000
RGI2000-v7.0-G-19-01804,19,19-19,G286154E73236S,2000-02-28T00:00:00,-73.84654795257015,-73.24472800000001,330.80219228179374,0,156.37349,1.0,COPDEM90,100.00000000
RGI2000-v7.0-G-19-01805,19,19-19,G288035E73214S,2000-02-28T00:00:00,-72.02240652617039,-73.21197649999999,47.216837745364565,0,132.31256,1.0,COPDEM90,100.00000000
RGI2000-v7.0-G-19-01806,19,19-19,G289107E72447S,1997-09-01T00:00:00,-72.05537831097644,-72.39394150000001,4766.142148493316,0,319.24966,5.0,COPDEM90,100.00000000
RGI2000-v7.0-G-19-01807,19,19-19,G288838E72135S,1997-09-01T00:00:00,-71.22256015266487,-72.1277975,1057.9413741504688,0,225.35272,7.0,COPDEM90,100.00000000
RGI2000-v7.0-G-19-01808,19,19-19,G288390E71668S,1997-09-01T00:00:00,-71.6548539194933,-71.6818085,1519.3614789265655,0,366.64206,6.0,COPDEM90,100.00000000
RGI2000-v7.0-G-19-01809,19,19-19,G289333E71714S,2000-11-12T00:00:00,-70.7001197086561,-71.6907745,1291.614653691917,0,513.57556,6.0,COPDEM90,100.00000000
RGI2000-v7.0-G-19-01810,19,19-19,G290150E71851S,1997-09-01T00:00:00,-69.59280275661209,-71.8336145,3533.645670087981,0,507.74384,5.0,COPDEM90,100.00000000
RGI2000-v7.0-G-19-01811,19,19-19,G291261E71734S,1979-02-15T00:00:00,-69.03217323271139,-71.734908,375.6592017683914,0,493.76538,3.0,COPDEM90,100.00000000
RGI2000-v7.0-G-19-01812,19,19-19,G291016E71598S,1979-02-15T00:00:00,-69.18189233020678,-71.5858605,759.98494538369,0,651.9154,3.0,COPDEM90,100.00000000
RGI2000-v7.0-G-19-01813,19,19-19,G291205E71547S,1979-02-15T00:00:00,-68.79801525562996,-71.53411349999999,224.05641831241059,0,421.64282,3.0,COPDEM90,100.00000000
RGI2000-v7.0-G-19-01814,19,19-19,G291259E71409S,1979-02-15T00:00:00,-68.70768702779574,-71.39392000000001,630.8058592913358,0,695.2503,4.0,COPDEM90,100.00000000
RGI2000-v7.0-G-19-01815,19,19-19,G291503E71280S,1979-02-15T00:00:00,-68.40189528537215,-71.285174,147.28854508707474,0,736.74524,3.0,COPDEM90,100.00000000
RGI2000-v7.0-G-19-01816,19,19-19,G291736E71250S,1979-02-15T00:00:00,-68.28536565697675,-71.2592255,12.58588851906528,0,282.18695,4.0,COPDEM30,59.66723417
RGI2000-v7.0-G-19-01817,19,19-19,G291540E71222S,1979-02-15T00:00:00,-68.31960778493234,-71.207423,61.62400632853073,0,354.4541,3.0,COPDEM90,100.00000000
RGI2000-v7.0-G-19-01818,19,19-19,G291420E71141S,1979-02-15T00:00:00,-68.3551003718648,-71.1388475,342.82589281677656,0,561.47156,3.0,COPDEM90,100.00000000
RGI2000-v7.0-G-19-01819,19,19-19,G291682E71046S,1979-02-15T00:00:00,-68.31831416692795,-71.046512,0.382043697253899,0,135.3801,3.0,COPDEM30,18.65335569
RGI2000-v7.0-G-19-01820,19,19-19,G291225E70961S,1979-02-15T00:00:00,-68.46503007381722,-70.95493400000001,683.685884482918,0,485.34454,3.0,COPDEM90,100.00000000
RGI2000-v7.0-G-19-01821,19,19-19,G291591E70884S,1979-02-15T00:00:00,-68.40817185969013,-70.8836855,0.386464237998439,0,623.7833,5.0,COPDEM30,18.70327471
RGI2000-v7.0-G-19-01822,19,19-19,G291546E70853S,1979-02-15T00:00:00,-68.45392009611784,-70.850251,1.94110258999836,0,495.24442,3.0,COPDEM30,29.50528410
RGI2000-v7.0-G-19-01823,19,19-19,G291448E70846S,1979-02-15T00:00:00,-68.54565179489666,-70.847839,6.728512486156776,0,303.0342,5.0,COPDEM30,46.31512698
RGI2000-v7.0-G-19-01824,19,19-19,G291496E70874S,1979-02-15T00:00:00,-68.54506594062318,-70.874899,6.123348858696415,0,507.33954,4.0,COPDEM30,44.64356183
RGI2000-v7.0-G-19-01825,19,19-19,G291551E70826S,1979-02-15T00:00:00,-68.32231978197305,-70.8511005,48.89435911647477,0,26.113007,4.0,COPDEM90,100.00000000
RGI2000-v7.0-G-19-01826,19,19-19,G291150E70737S,1979-02-15T00:00:00,-68.82304424065421,-70.74742649999999,466.9167497795022,0,707.3343,3.0,COPDEM90,100.00000000
RGI2000-v7.0-G-19-01827,19,19-19,G291154E70603S,1979-02-15T00:00:00,-68.86103549419568,-70.598746,269.2863846725047,0,656.5325,3.0,COPDEM90,100.00000000
RGI2000-v7.0-G-19-01828,19,19-19,G291143E70511S,1979-02-15T00:00:00,-68.77155021148462,-70.50812450000001,158.13129867794797,0,797.9531,3.0,COPDEM90,100.00000000
RGI2000-v7.0-G-19-01829,19,19-19,G290965E70354S,1979-02-15T00:00:00,-69.00019859679136,-70.3550725,547.0174674699888,0,819.78033,2.0,COPDEM90,100.00000000
RGI2000-v7.0-G-19-01830,19,19-19,G290447E70447S,1979-02-15T00:00:00,-69.58836541331792,-70.4440605,799.9755592057394,0,461.32294,7.0,COPDEM90,100.00000000
RGI2000-v7.0-G-19-01831,19,19-19,G290313E70685S,1979-02-15T00:00:00,-69.47186457561133,-70.7089325,794.0958167423528,0,574.56415,3.0,COPDEM90,100.00000000
RGI2000-v7.0-G-19-01832,19,19-19,G290544E70875S,1979-02-15T00:00:00,-69.59591116988014,-70.8659845,389.77378565170255,0,556.10236,7.0,COPDEM90,100.00000000
RGI2000-v7.0-G-19-01833,19,19-19,G289571E70987S,1979-02-15T00:00:00,-70.44260405525239,-70.99679850000001,101.91840666206485,0,185.3119,1.0,COPDEM90,100.00000000
RGI2000-v7.0-G-19-01834,19,19-19,G289474E70612S,1979-02-15T00:00:00,-70.6602244312725,-70.604298,1966.464017666113,0,308.62665,7.0,COPDEM90,100.00000000
RGI2000-v7.0-G-19-01835,19,19-19,G289282E70289S,2001-02-19T00:00:00,-70.72337764543093,-70.28682850000001,46.022208350006274,0,77.29463,7.0,COPDEM90,100.00000000
RGI2000-v7.0-G-19-01836,19,19-19,G288424E70348S,1997-09-01T00:00:00,-71.57639116448105,-70.3586445,244.23354248232334,0,132.15619,7.0,COPDEM90,100.00000000
RGI2000-v7.0-G-19-01837,19,19-19,G288403E69922S,2001-02-19T00:00:00,-71.60206296853434,-69.930508,639.8310615291452,0,258.0761,7.0,COPDEM90,100.00000000
RGI2000-v7.0-G-19-01838,19,19-19,G288506E69733S,2001-02-19T00:00:00,-71.53805048361735,-69.7249985,75.71333165813195,0,270.3847,7.0,COPDEM90,100.00000000
RGI2000-v7.0-G-19-01839,19,19-19,G288412E69666S,2001-02-19T00:00:00,-71.6056795626902,-69.6664505,73.77251466369606,0,171.74219,6.0,COPDEM90,100.00000000
RGI2000-v7.0-G-19-01840,19,19-19,G288313E69620S,2001-02-19T00:00:00,-71.66903272768543,-69.62036599999999,24.944163161775066,0,136.97458,6.0,COPDEM90,79.92178473
RGI2000-v7.0-G-19-01841,19,19-19,G288422E69568S,1990-01-27T00:00:00,-71.57477203735704,-69.55703,96.28099464545082,0,620.738,7.0,COPDEM90,100.00000000
RGI2000-v7.0-G-19-01842,19,19-19,G288366E69500S,1990-01-27T00:00:00,-71.66432191594683,-69.5107955,26.04412443555073,0,476.1162,7.0,COPDEM90,81.44682211
RGI2000-v7.0-G-19-01843,19,19-19,G288156E69396S,1990-01-27T00:00:00,-71.84180721369549,-69.3960255,1.332097000753091,0,136.89713,3.0,COPDEM30,26.15831093
RGI2000-v7.0-G-19-01844,19,19-19,G288227E69334S,1990-01-27T00:00:00,-71.78790694385535,-69.330401,35.70389749687379,0,322.00204,5.0,COPDEM90,93.65383380
RGI2000-v7.0-G-19-01845,19,19-19,G288123E69315S,1990-01-27T00:00:00,-71.87708254432202,-69.31495000000001,40.76560116588279,0,512.69055,5.0,COPDEM90,99.38712339
RGI2000-v7.0-G-19-01846,19,19-19,G288047E69282S,1990-01-27T00:00:00,-71.99513125060972,-69.28620749999999,33.045636166732606,0,766.89526,6.0,COPDEM90,90.47946750
RGI2000-v7.0-G-19-01847,19,19-19,G288063E69239S,1990-01-27T00:00:00,-71.92403984704598,-69.239822,56.61714964555538,0,761.25525,7.0,COPDEM90,100.00000000
RGI2000-v7.0-G-19-01848,19,19-19,G288065E69176S,1990-01-27T00:00:00,-71.84556635719822,-69.1760745,150.8617402357225,0,527.50793,7.0,COPDEM90,100.00000000
RGI2000-v7.0-G-19-01849,19,19-19,G288684E69119S,1986-02-18T00:00:00,-71.26096681913154,-69.17023499999999,2145.1032668740695,0,805.7708,7.0,COPDEM90,100.00000000
RGI2000-v7.0-G-19-01850,19,19-19,G289312E69187S,1986-02-18T00:00:00,-70.68869952456183,-69.1868535,0.246479172105508,0,2254.691,2.0,COPDEM30,16.95053363
RGI2000-v7.0-G-19-01851,19,19-19,G289589E69252S,1989-02-20T00:00:00,-70.5286724803544,-69.2595485,310.6848656762037,0,959.5513,3.0,COPDEM90,100.00000000
RGI2000-v7.0-G-19-01852,19,19-19,G289896E69215S,1989-02-20T00:00:00,-70.09069648999429,-69.216774,20.648338519315836,0,273.2784,4.0,COPDEM90,73.61662008
RGI2000-v7.0-G-19-01853,19,19-19,G289938E69176S,1989-02-20T00:00:00,-70.05256681648697,-69.17602249999999,15.975349205621638,0,326.9971,3.0,COPDEM90,65.95684448
RGI2000-v7.0-G-19-01854,19,19-19,G290188E69318S,1989-02-20T00:00:00,-69.83152772196637,-69.325475,32.215255153530514,0,158.54959,1.0,COPDEM90,89.46187772
RGI2000-v7.0-G-19-01855,19,19-19,G290309E69558S,1989-02-20T00:00:00,-69.67090871153846,-69.54172600000001,547.678612091591,0,584.1637,3.0,COPDEM90,100.00000000
RGI2000-v7.0-G-19-01856,19,19-19,G290545E69594S,1989-02-20T00:00:00,-69.44890973989683,-69.59352150000001,7.479715932632965,0,217.5729,2.0,COPDEM30,48.28869706
RGI2000-v7.0-G-19-01857,19,19-19,G290554E69632S,1989-02-20T00:00:00,-69.4626314416594,-69.643751,36.85770652539232,0,372.08994,2.0,COPDEM90,94.99476736
RGI2000-v7.0-G-19-01858,19,19-19,G290602E69658S,2001-01-04T00:00:00,-69.40860796641785,-69.65752599999999,12.556767262339378,0,300.45416,3.0,COPDEM30,59.60974081
RGI2000-v7.0-G-19-01859,19,19-19,G290559E69687S,2001-01-04T00:00:00,-69.43049343493936,-69.6898195,34.29522316991062,0,748.1024,3.0,COPDEM90,91.98697300
RGI2000-v7.0-G-19-01860,19,19-19,G290598E69719S,2001-01-04T00:00:00,-69.40703229705076,-69.72143449999999,22.442041621516825,0,410.99942,3.0,COPDEM90,76.32224482
RGI2000-v7.0-G-19-01861,19,19-19,G290601E69753S,2001-01-04T00:00:00,-69.40136126747882,-69.7520805,13.40071344279254,0,395.30582,3.0,COPDEM90,61.24977888
RGI2000-v7.0-G-19-01862,19,19-19,G290637E69775S,2001-01-04T00:00:00,-69.36385534097744,-69.7756405,5.144272464242865,0,379.27527,3.0,COPDEM30,41.75338412
RGI2000-v7.0-G-19-01863,19,19-19,G290457E69817S,2001-01-04T00:00:00,-69.52665903866907,-69.81457950000001,192.02287196771746,0,1047.2217,2.0,COPDEM90,100.00000000
RGI2000-v7.0-G-19-01864,19,19-19,G290661E69879S,2001-01-04T00:00:00,-69.31375292803753,-69.879053,24.18197438923187,0,573.75665,3.0,COPDEM90,78.84523934
RGI2000-v7.0-G-19-01865,19,19-19,G290521E69973S,2001-01-04T00:00:00,-69.41655442230336,-69.984227,339.23903300011744,0,1395.1293,3.0,COPDEM90,100.00000000
RGI2000-v7.0-G-19-01866,19,19-19,G290741E70149S,2001-01-01T00:00:00,-69.17088174031485,-70.132109,290.45099713327915,0,749.32526,3.0,COPDEM90,100.00000000
RGI2000-v7.0-G-19-01867,19,19-19,G289924E70013S,1979-02-15T00:00:00,-69.94963107926287,-69.980481,2140.6855250065983,0,514.98755,6.0,COPDEM90,100.00000000
RGI2000-v7.0-G-19-01868,19,19-19,G289867E69987S,1979-02-15T00:00:00,-70.13279050749304,-69.9866255,0.721976836588165,0,309.01465,5.0,COPDEM30,21.89569082
RGI2000-v7.0-G-19-01869,19,19-19,G289014E69843S,2001-02-19T00:00:00,-70.8051960756664,-69.840758,2251.22972080754,0,439.19336,6.0,COPDEM90,100.00000000
RGI2000-v7.0-G-19-01870,19,19-19,G289727E69498S,1989-02-20T00:00:00,-70.19315464592763,-69.5117995,1330.6434756987048,0,832.2699,2.0,COPDEM90,100.00000000
RGI2000-v7.0-G-19-01871,19,19-19,G288559E69375S,1990-01-27T00:00:00,-71.40426323095643,-69.399144,647.5151893520137,0,705.34973,6.0,COPDEM90,100.00000000
RGI2000-v7.0-G-19-01872,19,19-19,G287981E69650S,2001-02-19T00:00:00,-72.01909371052633,-69.650302,0.040304042410963,0,168.99963,2.0,COPDEM30,12.81062134
RGI2000-v7.0-G-19-01873,19,19-19,G287788E69575S,2001-02-19T00:00:00,-72.21266128005618,-69.57404,0.747762177201464,0,3.9339197,7.0,TANDEM,22.10625403
RGI2000-v7.0-G-19-01874,19,19-19,G287448E69562S,2001-02-19T00:00:00,-72.55720232737241,-69.559369,688.8848903220916,0,192.89896,5.0,COPDEM90,100.00000000
RGI2000-v7.0-G-19-01875,19,19-19,G288949E68900S,2001-02-19T00:00:00,-71.1323508207834,-68.89444950000001,72.99948199432751,0,396.63367,8.0,COPDEM90,100.00000000
RGI2000-v7.0-G-19-01876,19,19-19,G289514E68998S,1986-02-18T00:00:00,-70.47620949107687,-69.0037845,1248.3807881247442,0,348.40347,2.0,COPDEM90,100.00000000
RGI2000-v7.0-G-19-01877,19,19-19,G289541E68759S,1986-02-18T00:00:00,-70.45909891957155,-68.7587125,2.039100002464078,0,74.30784,6.0,COPDEM30,29.99158824
RGI2000-v7.0-G-19-01878,19,19-19,G289529E68747S,1956-02-01T00:00:00,-70.47000857208218,-68.7471805,0.055523954499448,0,13.167183,5.0,COPDEM30,13.29889301
RGI2000-v7.0-G-19-01879,19,19-19,G291297E69111S,1956-02-01T00:00:00,-68.70291488096254,-69.1108855,0.135365885924552,0,7.321214,5.0,TANDEM,15.15089445
RGI2000-v7.0-G-19-01880,19,19-19,G291339E69090S,1956-02-01T00:00:00,-68.66025681310504,-69.0903075,0.339342828970289,0,7.7790275,5.0,TANDEM,18.15543956
RGI2000-v7.0-G-19-01881,19,19-19,G291542E69154S,2001-01-04T00:00:00,-68.46015373962064,-69.1526245,4.76554122558199,0,69.84521,5.0,COPDEM30,40.56216747
RGI2000-v7.0-G-19-01882,19,19-19,G291508E69211S,2001-01-04T00:00:00,-68.48829270122164,-69.215285,8.517568818487243,0,78.57553,5.0,COPDEM30,50.85882387
RGI2000-v7.0-G-19-01883,19,19-19,G291706E69240S,2001-01-04T00:00:00,-68.29800115396723,-69.24025649999999,7.010305789474014,0,111.86821,5.0,COPDEM30,47.06777488
RGI2000-v7.0-G-19-01884,19,19-19,G291383E69326S,2001-01-28T00:00:00,-68.61318860754645,-69.3244325,1.569393850933216,0,38.188858,4.0,COPDEM30,27.53856308
RGI2000-v7.0-G-19-01885,19,19-19,G291519E68997S,1956-02-01T00:00:00,-68.48094634429478,-68.99686349999999,0.011381028569874,0,8.191339,2.0,TANDEM,11.49354665
RGI2000-v7.0-G-19-01886,19,19-19,G291524E68996S,1956-02-01T00:00:00,-68.47575826635514,-68.99638949999999,0.027404254634856,0,7.726571,5.0,TANDEM,12.31759227
RGI2000-v7.0-G-19-01887,19,19-19,G291524E68990S,1956-02-01T00:00:00,-68.47557437243977,-68.990246,0.078801132288953,0,8.20042,4.0,TANDEM,13.93001551
RGI2000-v7.0-G-19-01888,19,19-19,G292654E69161S,2001-01-01T00:00:00,-67.34438149810016,-69.16151500000001,0.7957681788082,0,7.642954,4.0,TANDEM,22.48881752
RGI2000-v7.0-G-19-01889,19,19-19,G290379E71192S,1979-02-15T00:00:00,-69.23896902419766,-71.1998,2386.981724881105,0,530.84094,7.0,COPDEM90,100.00000000
RGI2000-v7.0-G-19-01890,19,19-19,G291745E71490S,1979-02-15T00:00:00,-68.27316161538457,-71.4912555,15.243093442280314,0,276.34045,2.0,COPDEM90,64.65936621
RGI2000-v7.0-G-19-01891,19,19-19,G291767E71497S,1979-02-15T00:00:00,-68.2334495043836,-71.4968355,0.053122757883867,0,254.54044,2.0,COPDEM30,13.22677247
RGI2000-v7.0-G-19-01892,19,19-19,G291774E71525S,1979-02-15T00:00:00,-68.22694915097892,-71.5245295,0.239038958518938,0,291.7119,5.0,COPDEM30,16.84482548
RGI2000-v7.0-G-19-01893,19,19-19,G291720E71584S,1979-02-15T00:00:00,-68.28040037667785,-71.5837995,0.082655644990447,0,245.89056,5.0,COPDEM30,14.02498527
RGI2000-v7.0-G-19-01894,19,19-19,G291751E71670S,1979-02-15T00:00:00,-68.2575473550375,-71.670779,12.579035845546075,0,126.54636,2.0,COPDEM30,59.65371110
RGI2000-v7.0-G-19-01895,19,19-19,G291694E71790S,1979-02-15T00:00:00,-68.3345684430814,-71.7918795,29.63264244964924,0,368.44684,4.0,COPDEM90,86.21022189
RGI2000-v7.0-G-19-01896,19,19-19,G291738E71849S,2000-11-23T00:00:00,-68.27181895844684,-71.8509085,20.813020089315145,0,127.78418,4.0,COPDEM90,73.86980458
RGI2000-v7.0-G-19-01897,19,19-19,G291277E71904S,2000-11-23T00:00:00,-68.68380231092473,-71.90325899999999,575.3047780789568,0,371.1835,3.0,COPDEM90,100.00000000
RGI2000-v7.0-G-19-01898,19,19-19,G291243E71869S,2000-11-23T00:00:00,-68.75812830106355,-71.86896949999999,0.610597778100652,0,525.9082,8.0,COPDEM30,20.93970587
RGI2000-v7.0-G-19-01899,19,19-19,G291435E72138S,2000-11-23T00:00:00,-69.00638038500438,-72.1096905,505.1582301315379,0,276.90967,4.0,COPDEM90,100.00000000
RGI2000-v7.0-G-19-01900,19,19-19,G288531E71248S,1997-09-01T00:00:00,-71.64319223825805,-71.2428845,3980.422561638218,0,403.16687,8.0,COPDEM90,100.00000000
RGI2000-v7.0-G-19-01901,19,19-19,G287038E71421S,1997-09-01T00:00:00,-72.92625615563564,-71.42239599999999,778.1570543885641,0,294.84277,1.0,COPDEM90,100.00000000
RGI2000-v7.0-G-19-01902,19,19-19,G286884E71513S,2001-12-20T00:00:00,-73.1079753611122,-71.51076,218.88858042831356,0,502.93457,7.0,COPDEM90,100.00000000
RGI2000-v7.0-G-19-01903,19,19-19,G286747E71599S,2001-12-20T00:00:00,-73.2350105283463,-71.5978525,107.57799251397843,0,354.5046,7.0,COPDEM90,100.00000000
RGI2000-v7.0-G-19-01904,19,19-19,G287106E71732S,1997-09-01T00:00:00,-72.90457980017818,-71.7373565,1001.8770874905609,0,361.7053,4.0,COPDEM90,100.00000000
RGI2000-v7.0-G-19-01905,19,19-19,G286270E71795S,2001-12-20T00:00:00,-73.68659822419355,-71.774165,164.2195924033202,0,250.12668,5.0,COPDEM90,100.00000000
RGI2000-v7.0-G-19-01906,19,19-19,G286128E71593S,2000-02-15T00:00:00,-73.98416914041479,-71.5710905,1080.898693718129,0,340.68,1.0,COPDEM90,100.00000000
RGI2000-v7.0-G-19-01907,19,19-19,G285457E71860S,1990-01-27T00:00:00,-74.70149010459576,-71.8480815,2657.7350155026243,0,336.01678,6.0,COPDEM90,100.00000000
RGI2000-v7.0-G-19-01908,19,19-19,G284989E70860S,1990-01-27T00:00:00,-74.92859613780011,-70.83843999999999,3436.4006173111825,0,285.04364,5.0,COPDEM90,100.00000000
RGI2000-v7.0-G-19-01909,19,19-19,G285430E70142S,2002-01-26T00:00:00,-74.5710635849546,-70.1421775,0.457314696700394,0,-1.0452964,2.0,TANDEM,19.46750656
RGI2000-v7.0-G-19-01910,19,19-19,G285496E70129S,2002-01-26T00:00:00,-74.50394061732487,-70.1292895,0.092671853397484,0,19.563736,6.0,COPDEM30,14.26188729
RGI2000-v7.0-G-19-01911,19,19-19,G285535E70130S,2002-01-26T00:00:00,-74.46482732704114,-70.128298,5.297564429241383,0,30.489017,4.0,COPDEM30,42.22301395
RGI2000-v7.0-G-19-01912,19,19-19,G285504E70107S,2002-01-26T00:00:00,-74.49665673118562,-70.10627600000001,0.139966342175345,0,17.330421,2.0,COPDEM30,15.23769062
RGI2000-v7.0-G-19-01913,19,19-19,G285469E70087S,2002-01-26T00:00:00,-74.53101965416667,-70.087687,0.99124582604312,0,36.792152,5.0,COPDEM30,23.93858608
RGI2000-v7.0-G-19-01914,19,19-19,G285484E70080S,2002-01-26T00:00:00,-74.51857094389374,-70.07972050000001,0.996990621907109,0,27.879864,2.0,COPDEM30,23.97891848
RGI2000-v7.0-G-19-01915,19,19-19,G285437E70082S,2002-01-26T00:00:00,-74.5623663603121,-70.082172,0.484484232711903,0,35.047348,8.0,COPDEM30,19.74468622
RGI2000-v7.0-G-19-01916,19,19-19,G285424E70086S,2002-01-26T00:00:00,-74.57532733885208,-70.08642750000001,0.221397203278679,0,24.025372,3.0,COPDEM30,16.58740099
RGI2000-v7.0-G-19-01917,19,19-19,G285419E70055S,2002-01-26T00:00:00,-74.58077306019302,-70.05476300000001,0.177434661976668,0,22.816925,2.0,COPDEM30,15.89721915
RGI2000-v7.0-G-19-01918,19,19-19,G284871E69961S,2002-01-26T00:00:00,-75.11357929690976,-69.94608,1869.6028757682147,0,275.8932,5.0,COPDEM90,100.00000000
RGI2000-v7.0-G-19-01919,19,19-19,G284601E69761S,2002-01-26T00:00:00,-75.398258968591,-69.760965,0.024242065250013,0,63.04634,1.0,COPDEM30,12.17978090
RGI2000-v7.0-G-19-01920,19,19-20,G290989E68338S,1956-02-01T00:00:00,-69.01078519286847,-68.33741900000001,0.031962768547849,0,10.62481,4.0,TANDEM,12.50293880
RGI2000-v7.0-G-19-01921,19,19-20,G290995E68340S,1956-02-01T00:00:00,-69.0048625770751,-68.340024,0.017470555541625,0,22.367914,1.0,COPDEM30,11.85046721
RGI2000-v7.0-G-19-01922,19,19-20,G291006E68338S,1956-02-01T00:00:00,-68.99389950520195,-68.33784800000001,0.111778493926786,0,7.7020936,6.0,TANDEM,14.68066072
RGI2000-v7.0-G-19-01923,19,19-20,G291017E68338S,1956-02-01T00:00:00,-68.98296186652905,-68.338203,0.021475141468482,0,7.413378,2.0,TANDEM,12.05161588
RGI2000-v7.0-G-19-01924,19,19-20,G291918E68410S,1956-02-01T00:00:00,-68.08165542869565,-68.410391,0.091488648058367,0,7.7180147,5.0,TANDEM,14.23459266
RGI2000-v7.0-G-19-01925,19,19-20,G291897E68575S,1956-02-01T00:00:00,-68.1038834174104,-68.575099,0.05393634394273,0,8.355729,6.0,TANDEM,13.25138792
RGI2000-v7.0-G-19-01926,19,19-20,G291909E68580S,1956-02-01T00:00:00,-68.09099685769729,-68.58028300000001,0.107360999717571,0,8.165043,6.0,TANDEM,14.58723838
RGI2000-v7.0-G-19-01927,19,19-20,G291920E68577S,1956-02-01T00:00:00,-68.08023382691995,-68.57754249999999,0.058836262490534,0,13.626262,5.0,TANDEM,13.39586623
RGI2000-v7.0-G-19-01928,19,19-20,G291930E68580S,1956-02-01T00:00:00,-68.06982881620175,-68.57994049999999,0.156503010911402,0,18.447071,6.0,TANDEM,15.53846460
RGI2000-v7.0-G-19-01929,19,19-20,G291936E68578S,1956-02-01T00:00:00,-68.06377659938191,-68.57857,0.04105614512207,0,8.441862,2.0,TANDEM,12.83672425
RGI2000-v7.0-G-19-01930,19,19-20,G291938E68585S,1956-02-01T00:00:00,-68.06236580813643,-68.585516,0.089734477043695,0,8.805698,6.0,TANDEM,14.19379989
RGI2000-v7.0-G-19-01931,19,19-20,G291943E68587S,1956-02-01T00:00:00,-68.05771993017827,-68.5871545,0.037425002066974,0,10.550818,5.0,TANDEM,12.70837597
RGI2000-v7.0-G-19-01932,19,19-20,G292215E68638S,1956-02-01T00:00:00,-67.7860564638033,-68.63839999999999,0.255305107534293,0,5.0,3.0,RAMP,17.07388161
RGI2000-v7.0-G-19-01933,19,19-20,G292466E68686S,1956-02-01T00:00:00,-67.534132,-68.6857195,0.080171137424742,0,58.0,1.0,RAMP,13.96403115
RGI2000-v7.0-G-19-01934,19,19-20,G292473E68694S,1956-02-01T00:00:00,-67.52736569793841,-68.694007,0.089613764209371,0,0.0,6.0,COPDEM30,14.19097814
RGI2000-v7.0-G-19-01935,19,19-20,G292486E68700S,1956-02-01T00:00:00,-67.51373197979798,-68.6996425,0.12595692682653,0,0.0,3.0,COPDEM30,14.96865753
RGI2000-v7.0-G-19-01936,19,19-20,G292493E68706S,1989-02-20T00:00:00,-67.4940072735003,-68.7053425,0.142676494155869,0,62.51105,8.0,COPDEM30,15.28815590
RGI2000-v7.0-G-19-01937,19,19-20,G292496E68715S,1989-02-20T00:00:00,-67.496754097875,-68.71575849999999,1.101529552729232,0,15.769224,4.0,COPDEM30,24.69352893
RGI2000-v7.0-G-19-01938,19,19-20,G292469E68710S,1989-02-20T00:00:00,-67.53148283501596,-68.70984100000001,0.015277588790968,0,0.0,8.0,COPDEM30,11.73043561
RGI2000-v7.0-G-19-01939,19,19-20,G292455E68719S,1956-02-01T00:00:00,-67.54491413733024,-68.71895549999999,0.052144529396972,0,13.5,5.0,RAMP,13.19692474
RGI2000-v7.0-G-19-01940,19,19-20,G292811E68787S,2001-01-04T00:00:00,-67.18853180233663,-68.7869595,0.206823894444732,0,34.962315,7.0,COPDEM30,16.36690532
RGI2000-v7.0-G-19-01941,19,19-20,G292120E68895S,2001-01-28T00:00:00,-67.87914319230771,-68.8940115,0.572122912988163,0,0.0,4.0,COPDEM30,20.58943299
RGI2000-v7.0-G-19-01942,19,19-20,G292886E69070S,2001-01-01T00:00:00,-67.11162712460568,-69.0700855,0.779225739223147,0,8.60965,5.0,TANDEM,22.35832695
RGI2000-v7.0-G-19-01943,19,19-20,G293017E68395S,1956-02-01T00:00:00,-66.98338933298714,-68.395364,0.020705034046856,0,12.29587,6.0,COPDEM30,12.01449415
RGI2000-v7.0-G-19-01944,19,19-20,G293019E68390S,1956-02-01T00:00:00,-66.98112444228275,-68.390024,0.088853229742672,0,5.8411436,2.0,COPDEM30,14.17315624
RGI2000-v7.0-G-19-01945,19,19-20,G292989E68374S,1956-02-01T00:00:00,-67.01074655659025,-68.37400199999999,0.053294604833569,0,12.920662,5.0,TANDEM,13.23198740
RGI2000-v7.0-G-19-01946,19,19-20,G292970E68357S,1956-02-01T00:00:00,-67.0301678663227,-68.357398,0.060046471421973,0,13.032346,5.0,TANDEM,13.43061341
RGI2000-v7.0-G-19-01947,19,19-20,G292978E68354S,1956-02-01T00:00:00,-67.02218403314194,-68.354107,0.073059911468368,0,13.046951,6.0,TANDEM,13.78414358
RGI2000-v7.0-G-19-01948,19,19-20,G292849E68358S,1956-02-01T00:00:00,-67.15059901941127,-68.358187,0.019650163114014,0,10.2675705,3.0,TANDEM,11.96250655
RGI2000-v7.0-G-19-01949,19,19-20,G292839E68358S,1956-02-01T00:00:00,-67.16087784712681,-68.357598,0.01926813025252,0,12.2060995,5.0,TANDEM,11.94333567
RGI2000-v7.0-G-19-01950,19,19-20,G292845E68355S,1956-02-01T00:00:00,-67.15512339473683,-68.354254,0.129824815565382,0,10.647627,1.0,COPDEM30,15.04436952
RGI2000-v7.0-G-19-01951,19,19-20,G292833E68353S,1956-02-01T00:00:00,-67.16664135966062,-68.35262499999999,0.037623559135784,0,12.273021,4.0,TANDEM,12.71555107
RGI2000-v7.0-G-19-01952,19,19-20,G292883E68219S,1956-02-01T00:00:00,-67.11705267809555,-68.21916350000001,0.050830425819631,0,13.375023,2.0,TANDEM,13.15638456
RGI2000-v7.0-G-19-01953,19,19-20,G292901E68204S,1956-02-01T00:00:00,-67.09907552427185,-68.204522,0.06958897029028,0,13.610715,6.0,TANDEM,13.69316100
RGI2000-v7.0-G-19-01954,19,19-20,G292923E68196S,1956-02-01T00:00:00,-67.07700911598675,-68.19635500000001,0.024378283807689,0,13.355843,1.0,TANDEM,12.18589653
RGI2000-v7.0-G-19-01955,19,19-20,G292955E68204S,1986-02-18T00:00:00,-67.04452701012008,-68.2035355,0.022420152490312,0,346.83502,2.0,COPDEM30,12.09627047
RGI2000-v7.0-G-19-01956,19,19-20,G292966E68208S,1986-02-18T00:00:00,-67.04907776482068,-68.207085,1.835798733730749,0,93.05256,5.0,COPDEM30,28.96883106
RGI2000-v7.0-G-19-01957,19,19-20,G292943E68218S,1956-02-01T00:00:00,-67.05739572709923,-68.218211,0.049210018370669,0,13.657412,7.0,TANDEM,13.10566637
RGI2000-v7.0-G-19-01958,19,19-20,G292986E68202S,1986-02-18T00:00:00,-67.01441134741847,-68.2021275,0.017379997763272,0,354.76556,3.0,COPDEM30,11.84566507
RGI2000-v7.0-G-19-01959,19,19-20,G292883E68136S,1956-02-01T00:00:00,-67.11774282738429,-68.136611,0.112904320905222,0,13.676876,3.0,TANDEM,14.70417335
RGI2000-v7.0-G-19-01960,19,19-20,G292875E68131S,1956-02-01T00:00:00,-67.12457927078815,-68.1304715,0.068241577770873,0,14.02786,6.0,TANDEM,13.65723246
RGI2000-v7.0-G-19-01961,19,19-20,G292853E68139S,1986-02-18T00:00:00,-67.14639408540373,-68.137394,0.502801339237849,0,39.45583,3.0,COPDEM30,19.92718805
RGI2000-v7.0-G-19-01962,19,19-20,G292823E68136S,1956-02-01T00:00:00,-67.17682354646018,-68.135794,0.04719050273806,0,358.74454,3.0,COPDEM30,13.04127252
RGI2000-v7.0-G-19-01963,19,19-20,G292818E68147S,1986-02-18T00:00:00,-67.18043508106886,-68.14721650000001,4.46510918970726,0,267.03403,4.0,COPDEM30,39.58312697
RGI2000-v7.0-G-19-01964,19,19-20,G292785E68159S,1986-02-18T00:00:00,-67.22587806217618,-68.152031,8.238759099040838,0,177.36154,4.0,COPDEM30,50.18453413
RGI2000-v7.0-G-19-01965,19,19-20,G292752E68150S,1956-02-01T00:00:00,-67.2439715839852,-68.1492355,0.435162896125766,0,812.82074,6.0,COPDEM30,19.23536289
RGI2000-v7.0-G-19-01966,19,19-20,G292759E68144S,1956-02-01T00:00:00,-67.24092905821513,-68.14356649999999,0.06913803090587,0,634.23267,1.0,COPDEM30,13.68117564
RGI2000-v7.0-G-19-01967,19,19-20,G292769E68143S,1956-02-01T00:00:00,-67.23125930696202,-68.1423915,0.086232499847329,0,696.3275,1.0,COPDEM30,14.11115190
RGI2000-v7.0-G-19-01968,19,19-20,G292761E68140S,1956-02-01T00:00:00,-67.24026589867424,-68.13902949999999,0.052758839580592,0,446.25662,2.0,COPDEM30,13.21570094
RGI2000-v7.0-G-19-01969,19,19-20,G292747E68170S,1986-02-18T00:00:00,-67.2735173524648,-68.1513745,1.535465888318513,0,0.0,7.0,COPDEM30,27.34794841
RGI2000-v7.0-G-19-01970,19,19-20,G292722E68169S,1956-02-01T00:00:00,-67.27775834187698,-68.1684475,0.010410189821781,0,0.0024436477,6.0,COPDEM30,11.42842473
RGI2000-v7.0-G-19-01971,19,19-20,G292727E68179S,1956-02-01T00:00:00,-67.2724644778634,-68.1787475,0.116902988709418,0,0.0,5.0,COPDEM30,14.78675107
RGI2000-v7.0-G-19-01972,19,19-20,G292740E68177S,1956-02-01T00:00:00,-67.26019765980283,-68.177431,0.091922664307288,0,0.0,4.0,COPDEM30,14.24462510
RGI2000-v7.0-G-19-01973,19,19-20,G292627E68114S,1956-02-01T00:00:00,-67.37300381932289,-68.11390349999999,0.142218049383805,0,13.477824,5.0,TANDEM,15.27965318
RGI2000-v7.0-G-19-01974,19,19-20,G292638E68109S,1956-02-01T00:00:00,-67.36202658127117,-68.1090595,0.087797254179754,0,13.530261,3.0,TANDEM,14.14828420
RGI2000-v7.0-G-19-01975,19,19-20,G292644E68100S,1956-02-01T00:00:00,-67.35674260317509,-68.09991249999999,0.214348719708134,0,7.0,5.0,RAMP,16.48169338
RGI2000-v7.0-G-19-01976,19,19-20,G292662E68101S,1956-02-01T00:00:00,-67.33784879520866,-68.100391,0.058965830539617,0,13.863201,5.0,TANDEM,13.39960333
RGI2000-v7.0-G-19-01977,19,19-20,G292516E68144S,1956-02-01T00:00:00,-67.48393667915573,-68.14392649999999,0.03185160735498,0,12.190534,5.0,TANDEM,12.49858261
RGI2000-v7.0-G-19-01978,19,19-20,G292506E68143S,1956-02-01T00:00:00,-67.49394124944533,-68.142612,0.044299264854181,0,12.141361,5.0,TANDEM,12.94663468
RGI2000-v7.0-G-19-01979,19,19-20,G292865E68113S,1956-02-01T00:00:00,-67.13400845670571,-68.112979,0.090662715389113,0,13.594267,6.0,TANDEM,14.21543500
RGI2000-v7.0-G-19-01980,19,19-20,G292877E68062S,1956-02-01T00:00:00,-67.12311447976927,-68.0617245,0.055815550922297,0,14.38912,1.0,TANDEM,13.30754410
RGI2000-v7.0-G-19-01981,19,19-20,G292867E68057S,1956-02-01T00:00:00,-67.13453695130673,-68.05720199999999,0.061029509096968,0,14.377826,8.0,TANDEM,13.45858118
RGI2000-v7.0-G-19-01982,19,19-20,G292765E67882S,1986-02-18T00:00:00,-67.23092822566582,-67.88036650000001,9.114804556478,0,316.3001,5.0,COPDEM30,52.26702844
RGI2000-v7.0-G-19-01983,19,19-20,G292766E67860S,1986-02-18T00:00:00,-67.23603997619048,-67.859709,0.099327707842146,0,428.8868,1.0,COPDEM30,14.41228181
RGI2000-v7.0-G-19-01984,19,19-20,G292730E67869S,1986-02-18T00:00:00,-67.27697911618299,-67.8654645,3.420511965616272,0,459.4439,8.0,COPDEM30,35.89247662
RGI2000-v7.0-G-19-01985,19,19-20,G292810E67844S,1986-02-18T00:00:00,-67.19235200392039,-67.8439285,8.187668492883569,0,187.55795,7.0,COPDEM30,50.05974319
RGI2000-v7.0-G-19-01986,19,19-20,G292858E67858S,1986-02-18T00:00:00,-67.14889501748544,-67.8584725,3.435061649297038,0,263.936,4.0,COPDEM30,35.94748703
RGI2000-v7.0-G-19-01987,19,19-20,G292819E67867S,1986-02-18T00:00:00,-67.17376123536586,-67.8673915,5.523427593726636,0,500.961,4.0,COPDEM30,42.90276293
RGI2000-v7.0-G-19-01988,19,19-20,G292878E67843S,1986-02-18T00:00:00,-67.11950435242426,-67.843458,2.765044856986158,0,331.28165,4.0,COPDEM30,33.27979364
RGI2000-v7.0-G-19-01989,19,19-20,G292893E67835S,1986-02-18T00:00:00,-67.10720874469159,-67.83478199999999,0.031475903131422,0,331.51276,1.0,COPDEM30,12.48380293
RGI2000-v7.0-G-19-01990,19,19-20,G292902E67835S,1986-02-18T00:00:00,-67.09796066932773,-67.8353855,0.023359864606132,0,147.02722,3.0,COPDEM30,12.13975079
RGI2000-v7.0-G-19-01991,19,19-20,G292908E67837S,1986-02-18T00:00:00,-67.0920222666667,-67.83704800000001,0.024132747002563,0,37.26906,3.0,COPDEM30,12.17486055
RGI2000-v7.0-G-19-01992,19,19-20,G292925E67834S,1986-02-18T00:00:00,-67.07299872058825,-67.833898,0.163246404891683,0,6.6793275,3.0,COPDEM30,15.65652679
RGI2000-v7.0-G-19-01993,19,19-20,G292865E67830S,1986-02-18T00:00:00,-67.12465981186695,-67.831752,3.111548970985439,0,258.17242,1.0,COPDEM30,34.69541654
RGI2000-v7.0-G-19-01994,19,19-20,G292764E67814S,1986-02-18T00:00:00,-67.22082764341113,-67.8140415,5.409953557553509,0,176.25345,5.0,COPDEM30,42.56302961
RGI2000-v7.0-G-19-01995,19,19-20,G292659E67742S,1986-02-18T00:00:00,-67.33966843046223,-67.743444,4.971907768343705,0,485.78113,4.0,COPDEM30,41.21688522
RGI2000-v7.0-G-19-01996,19,19-20,G292686E67734S,1986-02-18T00:00:00,-67.31561480084744,-67.7336955,0.034725529721934,0,444.86282,2.0,COPDEM30,12.60887022
RGI2000-v7.0-G-19-01997,19,19-20,G292612E67747S,1986-02-18T00:00:00,-67.38953990669383,-67.74805,5.541502525928144,0,427.01532,4.0,COPDEM30,42.95655466
RGI2000-v7.0-G-19-01998,19,19-20,G292565E67760S,1986-02-18T00:00:00,-67.43358292318635,-67.761086,10.722428516589389,0,629.1274,4.0,COPDEM30,55.84316731
RGI2000-v7.0-G-19-01999,19,19-20,G292496E67766S,1986-02-18T00:00:00,-67.49939960024156,-67.76631800000001,18.475906867386833,0,436.89813,5.0,COPDEM90,70.17705332
RGI2000-v7.0-G-19-02000,19,19-20,G292440E67773S,1986-02-18T00:00:00,-67.55952401190476,-67.772535,0.031312912873017,0,859.26373,1.0,COPDEM30,12.47736370
RGI2000-v7.0-G-19-02001,19,19-20,G292373E67762S,1986-02-18T00:00:00,-67.64196903090001,-67.7647895,24.810552581895553,0,236.49918,6.0,COPDEM90,79.73426924
RGI2000-v7.0-G-19-02002,19,19-20,G292374E67749S,1986-02-18T00:00:00,-67.62625363975155,-67.749314,0.070045826304479,0,1240.5906,2.0,COPDEM30,13.70526409
RGI2000-v7.0-G-19-02003,19,19-20,G292297E67733S,1986-02-18T00:00:00,-67.7020575616092,-67.7336095,5.188655851858978,0,277.56915,6.0,COPDEM30,41.89006972
RGI2000-v7.0-G-19-02004,19,19-20,G292257E67687S,1986-02-18T00:00:00,-67.73647891818185,-67.684954,6.099375556669015,0,199.92065,5.0,COPDEM30,44.57567945
RGI2000-v7.0-G-19-02005,19,19-20,G292303E67657S,1986-02-18T00:00:00,-67.69499548930484,-67.657445,0.058844513974016,0,445.90393,1.0,COPDEM30,13.39610435
RGI2000-v7.0-G-19-02006,19,19-20,G292327E67663S,1986-02-18T00:00:00,-67.67348084066205,-67.662768,0.022631687539324,0,468.54108,5.0,COPDEM30,12.10613645
RGI2000-v7.0-G-19-02007,19,19-20,G292358E67662S,1986-02-18T00:00:00,-67.61712022317812,-67.66104250000001,30.874576863101712,0,234.66272,7.0,COPDEM90,87.79085464
RGI2000-v7.0-G-19-02008,19,19-20,G292439E67631S,1986-02-18T00:00:00,-67.58628872006881,-67.633836,22.373573702193866,0,323.52637,8.0,COPDEM90,76.22099701
RGI2000-v7.0-G-19-02009,19,19-20,G292513E67603S,1986-02-18T00:00:00,-67.49426337156295,-67.6036155,6.783771015138174,0,254.54865,8.0,COPDEM30,46.46394272
RGI2000-v7.0-G-19-02010,19,19-20,G292554E67630S,1986-02-18T00:00:00,-67.44875656617648,-67.6262255,29.60098727883444,0,514.67096,1.0,COPDEM90,86.16950510
RGI2000-v7.0-G-19-02011,19,19-20,G292631E67630S,1986-02-18T00:00:00,-67.37208171355607,-67.6335915,6.582653168839432,0,579.0298,1.0,COPDEM30,45.91935441
RGI2000-v7.0-G-19-02012,19,19-20,G292709E67634S,1986-02-18T00:00:00,-67.3186830107053,-67.63286099999999,38.33860350619749,0,628.3484,1.0,COPDEM90,96.68544449
RGI2000-v7.0-G-19-02013,19,19-20,G292728E67676S,1986-02-18T00:00:00,-67.27326773978686,-67.681252,12.063098765699001,0,504.73343,4.0,COPDEM30,58.62476075
RGI2000-v7.0-G-19-02014,19,19-20,G292604E67699S,1986-02-18T00:00:00,-67.37134716794021,-67.699732,58.21828567240176,0,689.7576,4.0,COPDEM90,100.00000000
RGI2000-v7.0-G-19-02015,19,19-20,G292396E67708S,1986-02-18T00:00:00,-67.58169139435842,-67.7043845,55.027092769434006,0,319.77405,8.0,COPDEM90,100.00000000
RGI2000-v7.0-G-19-02016,19,19-20,G292817E67646S,1986-02-18T00:00:00,-67.18453697634067,-67.64621299999999,16.45058470974921,0,414.3504,4.0,COPDEM90,66.78304855
RGI2000-v7.0-G-19-02017,19,19-20,G292819E67621S,1986-02-18T00:00:00,-67.18516299379503,-67.621313,5.973780380221563,0,258.37653,2.0,COPDEM30,44.21784556
RGI2000-v7.0-G-19-02018,19,19-20,G292798E67599S,1986-02-18T00:00:00,-67.20153579687502,-67.598645,0.014642419243807,0,14.0,1.0,ASTER,11.69408210
RGI2000-v7.0-G-19-02019,19,19-20,G292831E67562S,1986-02-18T00:00:00,-67.17233999411803,-67.561888,5.923511248927834,0,335.74396,5.0,COPDEM30,44.07357047
RGI2000-v7.0-G-19-02020,19,19-20,G292838E67543S,1986-02-18T00:00:00,-67.1687470325779,-67.545369,4.09358892612427,0,146.133,8.0,COPDEM30,38.32566733
RGI2000-v7.0-G-19-02021,19,19-20,G292888E67546S,1986-02-18T00:00:00,-67.1034022983567,-67.5421725,5.146733409378804,0,188.5218,4.0,COPDEM30,41.76097839
RGI2000-v7.0-G-19-02022,19,19-20,G292932E67526S,1986-02-18T00:00:00,-67.0837938634647,-67.5246015,12.984296784411896,0,145.3103,5.0,COPDEM30,60.44722163
RGI2000-v7.0-G-19-02023,19,19-20,G293009E67539S,1956-02-01T00:00:00,-66.99136954962046,-67.539229,2.238000774623718,0,519.8562,6.0,COPDEM30,30.94392876
RGI2000-v7.0-G-19-02024,19,19-20,G293063E67543S,1986-02-18T00:00:00,-66.94448511835529,-67.5446745,5.972751276798935,0,438.13834,5.0,COPDEM30,44.21489807
RGI2000-v7.0-G-19-02025,19,19-20,G293037E67562S,1986-02-18T00:00:00,-66.95583786368988,-67.559319,7.700642487853557,0,161.24582,4.0,COPDEM30,48.85004411
RGI2000-v7.0-G-19-02026,19,19-20,G292979E67572S,1986-02-18T00:00:00,-67.0281591865055,-67.5719055,12.489916647677807,0,256.54333,4.0,COPDEM30,59.47750664
RGI2000-v7.0-G-19-02027,19,19-20,G292897E67588S,1986-02-18T00:00:00,-67.10515363619855,-67.585275,9.747167377279547,0,265.62933,5.0,COPDEM30,53.70863537
RGI2000-v7.0-G-19-02028,19,19-20,G292969E67666S,1986-02-18T00:00:00,-67.032161278481,-67.6679105,0.197313147038062,0,114.28146,4.0,COPDEM30,16.21879223
RGI2000-v7.0-G-19-02029,19,19-20,G292948E67677S,1986-02-18T00:00:00,-67.05216105530972,-67.677067,0.109808884113472,0,138.04318,3.0,COPDEM30,14.63923930
RGI2000-v7.0-G-19-02030,19,19-20,G292912E67693S,1986-02-18T00:00:00,-67.09003605882354,-67.69274300000001,0.318774026999027,0,425.19608,4.0,COPDEM30,17.90441075
RGI2000-v7.0-G-19-02031,19,19-20,G292905E67700S,1986-02-18T00:00:00,-67.09587549178502,-67.69924449999999,0.087543687889732,0,81.9864,4.0,COPDEM30,14.14228956
RGI2000-v7.0-G-19-02032,19,19-20,G292891E67704S,1986-02-18T00:00:00,-67.10973306630034,-67.7039375,0.268156646765476,0,188.18777,3.0,COPDEM30,17.24973812
RGI2000-v7.0-G-19-02033,19,19-20,G292864E67718S,1986-02-18T00:00:00,-67.13682874818181,-67.717569,0.259669559112785,0,46.742786,3.0,COPDEM30,17.13408954
RGI2000-v7.0-G-19-02034,19,19-20,G293084E67797S,1986-02-18T00:00:00,-66.91587864198183,-67.796718,0.015008001268356,0,8.316562,2.0,COPDEM30,11.71510007
RGI2000-v7.0-G-19-02035,19,19-20,G293071E67809S,1986-02-18T00:00:00,-66.92924891729797,-67.80849599999999,0.090654566005603,0,164.52089,4.0,COPDEM30,14.21524554
RGI2000-v7.0-G-19-02036,19,19-20,G293045E67820S,1986-02-18T00:00:00,-66.96888246612463,-67.8200785,1.601592731181274,0,211.38397,4.0,COPDEM30,27.71756686
RGI2000-v7.0-G-19-02037,19,19-20,G293045E67860S,1956-02-01T00:00:00,-66.9549126127321,-67.859589,0.078925416122456,0,315.83984,1.0,COPDEM30,13.93311347
RGI2000-v7.0-G-19-02038,19,19-20,G293048E67874S,1986-02-18T00:00:00,-66.94496211639743,-67.868982,8.564393897566747,0,380.54153,5.0,COPDEM30,50.97098002
RGI2000-v7.0-G-19-02039,19,19-20,G293101E67874S,1986-02-18T00:00:00,-66.90504541525425,-67.874573,1.602892452203676,0,308.32736,4.0,COPDEM30,27.72475446
RGI2000-v7.0-G-19-02040,19,19-20,G293102E67865S,1956-02-01T00:00:00,-66.89824319750318,-67.8653665,0.042027119930499,0,397.77277,2.0,COPDEM30,12.87007239
RGI2000-v7.0-G-19-02041,19,19-20,G293095E67862S,1956-02-01T00:00:00,-66.90602475000001,-67.862098,0.155538522490146,0,336.82428,2.0,COPDEM30,15.52137215
RGI2000-v7.0-G-19-02042,19,19-20,G293000E67863S,1986-02-18T00:00:00,-66.99809972074553,-67.8629245,2.232818586537618,0,209.6059,1.0,COPDEM30,30.91966642
RGI2000-v7.0-G-19-02043,19,19-20,G292979E67877S,1986-02-18T00:00:00,-67.0252571216152,-67.876918,2.159425759109735,0,386.70053,6.0,COPDEM30,30.57297861
RGI2000-v7.0-G-19-02044,19,19-20,G293281E68195S,1956-02-01T00:00:00,-66.71876994506374,-68.19533849999999,0.03440154551279,0,14.05091,7.0,TANDEM,12.59667151
RGI2000-v7.0-G-19-02045,19,19-20,G293279E68205S,1956-02-01T00:00:00,-66.72066000062416,-68.20452549999999,0.054456019100518,0,14.075586,8.0,TANDEM,13.26701389
RGI2000-v7.0-G-19-02046,19,19-20,G293124E67537S,1986-02-18T00:00:00,-66.85566772157944,-67.535551,9.801202408774397,0,152.17618,4.0,COPDEM30,53.82962094
RGI2000-v7.0-G-19-02047,19,19-20,G293090E67518S,2001-02-19T00:00:00,-66.91249438683641,-67.518786,4.407471808887449,0,321.50214,1.0,COPDEM30,39.39157149
RGI2000-v7.0-G-19-02048,19,19-20,G293042E67514S,2001-02-19T00:00:00,-66.9557434898844,-67.5121445,0.588684184856322,0,0.5968865,8.0,COPDEM30,20.74160604
RGI2000-v7.0-G-19-02049,19,19-20,G293175E67248S,1996-01-01T00:00:00,-66.82475054761905,-67.2478265,0.088835824485402,0,16.134684,4.0,TANDEM,14.17274749
RGI2000-v7.0-G-19-02050,19,19-20,G293148E67230S,1996-01-01T00:00:00,-66.85720707764656,-67.2261965,9.269108397779684,0,76.02046,2.0,COPDEM30,52.62329464
RGI2000-v7.0-G-19-02051,19,19-20,G292423E67109S,1986-02-18T00:00:00,-67.58130127934318,-67.1111825,8.300393901476637,0,535.47095,3.0,COPDEM30,50.33456588
RGI2000-v7.0-G-19-02052,19,19-20,G292390E67129S,1986-02-18T00:00:00,-67.6039335186916,-67.127952,4.817723196440316,0,461.10318,4.0,COPDEM30,40.72903751
RGI2000-v7.0-G-19-02053,19,19-20,G292349E67130S,1986-02-18T00:00:00,-67.65125174107143,-67.130222,4.253789877386985,0,319.5144,6.0,COPDEM30,38.87460504
RGI2000-v7.0-G-19-02054,19,19-20,G292361E67114S,1986-02-18T00:00:00,-67.64242740798618,-67.11331150000001,2.387971100563002,0,284.83716,8.0,COPDEM30,31.63428612
RGI2000-v7.0-G-19-02055,19,19-20,G292362E67091S,1986-02-18T00:00:00,-67.64374432524865,-67.0896115,5.21681065082422,0,94.09606,7.0,COPDEM30,41.97647397
RGI2000-v7.0-G-19-02056,19,19-20,G292385E67073S,1986-02-18T00:00:00,-67.61928305882353,-67.07356,5.894372227062228,0,282.1472,8.0,COPDEM30,43.98965955
RGI2000-v7.0-G-19-02057,19,19-20,G292421E67087S,1986-02-18T00:00:00,-67.57281429961833,-67.0873455,5.083393877656802,0,465.93396,2.0,COPDEM30,41.56493624
RGI2000-v7.0-G-19-02058,19,19-20,G292423E67060S,1986-02-18T00:00:00,-67.57218721278869,-67.05852250000001,6.55843977017385,0,272.38947,2.0,COPDEM30,45.85323130
RGI2000-v7.0-G-19-02059,19,19-20,G292173E67118S,1986-02-18T00:00:00,-67.82959633300395,-67.1136245,30.621359806799706,0,410.9762,3.0,COPDEM90,87.47119802
RGI2000-v7.0-G-19-02060,19,19-20,G292069E67092S,1986-02-18T00:00:00,-67.92749568602864,-67.087255,31.46556040130411,0,690.5931,2.0,COPDEM90,88.53183965
RGI2000-v7.0-G-19-02061,19,19-20,G291973E67072S,2001-02-19T00:00:00,-68.03300612609033,-67.074322,39.7373897073877,0,694.08105,1.0,COPDEM90,98.25263952
RGI2000-v7.0-G-19-02062,19,19-20,G291984E67194S,1986-02-18T00:00:00,-68.00687683702455,-67.20649499999999,253.682311137358,0,781.08203,4.0,COPDEM90,100.00000000
RGI2000-v7.0-G-19-02063,19,19-20,G292149E67236S,2001-02-14T00:00:00,-67.8514926902174,-67.235761,0.022359588360478,0,18.355453,6.0,COPDEM30,12.09343720
RGI2000-v7.0-G-19-02064,19,19-20,G292177E67219S,2001-02-14T00:00:00,-67.82174515956645,-67.216904,0.330823423419659,0,35.71055,2.0,COPDEM30,18.05241523
RGI2000-v7.0-G-19-02065,19,19-20,G292257E67244S,1986-02-18T00:00:00,-67.74539729542099,-67.2424635,9.271499947808742,0,145.15182,8.0,COPDEM30,52.62879297
RGI2000-v7.0-G-19-02066,19,19-20,G292266E67268S,1986-02-18T00:00:00,-67.70262367911644,-67.26395,18.712387672429895,0,152.232,5.0,COPDEM90,70.56094438
RGI2000-v7.0-G-19-02067,19,19-20,G292352E67230S,1986-02-18T00:00:00,-67.65446840817985,-67.2283845,17.125892510541032,0,209.36243,3.0,COPDEM90,67.93681845
RGI2000-v7.0-G-19-02068,19,19-20,G292339E67213S,1986-02-18T00:00:00,-67.65230455911983,-67.210668,3.438496541956037,0,135.17674,8.0,COPDEM30,35.96045690
RGI2000-v7.0-G-19-02069,19,19-20,G292265E67159S,1986-02-18T00:00:00,-67.72132501860759,-67.15919199999999,16.72813720286674,0,243.60867,3.0,COPDEM90,67.26006367
RGI2000-v7.0-G-19-02070,19,19-20,G292368E67314S,1986-02-18T00:00:00,-67.63138623375,-67.31350850000001,3.258282353562721,0,125.93326,1.0,COPDEM30,35.27099803
RGI2000-v7.0-G-19-02071,19,19-20,G292335E67334S,1986-02-18T00:00:00,-67.66315374586092,-67.33436850000001,8.09560607117036,0,112.920494,3.0,COPDEM30,49.83388997
RGI2000-v7.0-G-19-02072,19,19-20,G292286E67336S,1986-02-18T00:00:00,-67.71198629675573,-67.3355525,1.802756401325917,0,89.1072,7.0,COPDEM30,28.79734701
RGI2000-v7.0-G-19-02073,19,19-20,G292293E67354S,1986-02-18T00:00:00,-67.7000645471098,-67.355095,3.954577019213436,0,133.55211,5.0,COPDEM30,37.84056565
RGI2000-v7.0-G-19-02074,19,19-20,G292272E67366S,1986-02-18T00:00:00,-67.72280493096443,-67.3677485,1.474839491638757,0,79.16346,5.0,COPDEM30,27.00201577
RGI2000-v7.0-G-19-02075,19,19-20,G292081E67450S,1986-02-18T00:00:00,-67.91881531785714,-67.4501545,0.026885434977025,0,16.215528,3.0,COPDEM30,12.29554901
RGI2000-v7.0-G-19-02076,19,19-20,G292074E67452S,1986-02-18T00:00:00,-67.92779898002959,-67.4521635,0.09361578980398,0,142.98973,4.0,COPDEM30,14.28353765
RGI2000-v7.0-G-19-02077,19,19-20,G292061E67454S,1986-02-18T00:00:00,-67.93932076,-67.454166,0.028708248420689,0,86.38067,4.0,COPDEM30,12.37209121
RGI2000-v7.0-G-19-02078,19,19-20,G292067E67447S,1986-02-18T00:00:00,-67.93457763660479,-67.44686300000001,0.358175456129177,0,19.625446,8.0,COPDEM30,18.37868662
RGI2000-v7.0-G-19-02079,19,19-20,G291909E67417S,1986-02-18T00:00:00,-68.1591935263701,-67.416469,64.69564305757282,0,372.08047,2.0,COPDEM90,100.00000000
RGI2000-v7.0-G-19-02080,19,19-20,G291848E67391S,1986-02-18T00:00:00,-68.15133954824562,-67.3906335,0.215792366325786,0,212.28531,1.0,COPDEM30,16.50348397
RGI2000-v7.0-G-19-02081,19,19-20,G291724E67482S,1986-02-18T00:00:00,-68.15925294038055,-67.485006,262.34378966264075,0,293.85553,4.0,COPDEM90,100.00000000
RGI2000-v7.0-G-19-02082,19,19-20,G291654E67606S,2005-01-20T00:00:00,-68.34847947056167,-67.6065995,1.498948404290604,0,128.32237,5.0,COPDEM30,27.14041678
RGI2000-v7.0-G-19-02083,19,19-20,G291519E67659S,1986-02-18T00:00:00,-68.48152939151515,-67.6588,0.059703702713366,0,398.52588,4.0,COPDEM30,13.42080776
RGI2000-v7.0-G-19-02084,19,19-20,G291499E67662S,1986-02-18T00:00:00,-68.50118411123971,-67.661866,0.048093503495966,0,584.48834,4.0,COPDEM30,13.07023235
RGI2000-v7.0-G-19-02085,19,19-20,G291486E67663S,1986-02-18T00:00:00,-68.51415125232785,-67.663408,0.109453217100598,0,667.7084,4.0,COPDEM30,14.63172004
RGI2000-v7.0-G-19-02086,19,19-20,G291466E67666S,1986-02-18T00:00:00,-68.53359007942464,-67.666162,0.122731238539283,0,580.6437,4.0,COPDEM30,14.90462259
RGI2000-v7.0-G-19-02087,19,19-20,G291414E67675S,1986-02-18T00:00:00,-68.57406064886183,-67.6804035,80.39563907292154,0,672.5204,4.0,COPDEM90,100.00000000
RGI2000-v7.0-G-19-02088,19,19-20,G291589E67733S,1956-02-01T00:00:00,-68.41085716827698,-67.732816,0.052891009336079,0,442.57947,7.0,COPDEM30,13.21972636
RGI2000-v7.0-G-19-02089,19,19-20,G291601E67729S,1956-02-01T00:00:00,-68.39975750785476,-67.729006,0.036193031781274,0,307.7316,8.0,COPDEM30,12.66342528
RGI2000-v7.0-G-19-02090,19,19-20,G291605E67733S,1956-02-01T00:00:00,-68.39517112895052,-67.7325015,0.071234186269945,0,416.01175,4.0,COPDEM30,13.73656266
RGI2000-v7.0-G-19-02091,19,19-20,G291617E67730S,1956-02-01T00:00:00,-68.38308324777448,-67.7301225,0.257059632561656,0,276.26276,2.0,COPDEM30,17.09814680
RGI2000-v7.0-G-19-02092,19,19-20,G291470E67581S,2001-02-19T00:00:00,-68.55122543467337,-67.58081899999999,136.29955697954242,0,1092.3512,3.0,COPDEM90,100.00000000
RGI2000-v7.0-G-19-02093,19,19-20,G291684E67287S,1986-02-18T00:00:00,-68.32582385211916,-67.2659695,385.9207774275363,0,620.8609,6.0,COPDEM90,100.00000000
RGI2000-v7.0-G-19-02094,19,19-20,G291496E67190S,1986-02-18T00:00:00,-68.58892474936948,-67.194023,2549.8914958213554,0,415.72546,7.0,COPDEM90,100.00000000
RGI2000-v7.0-G-19-02095,19,19-20,G292243E66969S,1986-02-18T00:00:00,-67.76592850808375,-66.96872300000001,7.128556063311491,0,69.54791,1.0,COPDEM30,47.37909828
RGI2000-v7.0-G-19-02096,19,19-20,G292573E66895S,1986-02-18T00:00:00,-67.42733052101806,-66.893651,14.47379800327008,0,318.98285,4.0,COPDEM90,63.26222309
RGI2000-v7.0-G-19-02097,19,19-20,G292519E66856S,1986-02-18T00:00:00,-67.47011909290386,-66.8638205,64.60791966832613,0,339.43594,7.0,COPDEM90,100.00000000
RGI2000-v7.0-G-19-02098,19,19-20,G292673E66851S,1986-02-18T00:00:00,-67.32715993571429,-66.851642,33.614019558848355,0,344.9284,4.0,COPDEM90,91.16863824
RGI2000-v7.0-G-19-02099,19,19-20,G292723E66815S,1986-02-18T00:00:00,-67.28945810042123,-66.8149895,6.796575907898081,0,130.32668,3.0,COPDEM30,46.49834076
RGI2000-v7.0-G-19-02100,19,19-20,G292663E66799S,1986-02-18T00:00:00,-67.32412393237573,-66.797984,20.36957972192294,0,307.13214,3.0,COPDEM90,73.18573910
RGI2000-v7.0-G-19-02101,19,19-20,G292682E66766S,1986-02-18T00:00:00,-67.31610288887643,-66.7667965,4.740142535946818,0,134.69803,2.0,COPDEM30,40.48061576
RGI2000-v7.0-G-19-02102,19,19-20,G292575E66753S,1986-02-18T00:00:00,-67.42811269444445,-66.75478849999999,35.72185339776884,0,73.82773,1.0,COPDEM90,93.67486639
RGI2000-v7.0-G-19-02103,19,19-20,G292551E66793S,1986-02-18T00:00:00,-67.4384983639483,-66.79149749999999,23.892343490461958,0,269.6842,7.0,COPDEM90,78.43171285
RGI2000-v7.0-G-19-02104,19,19-20,G293027E66909S,1986-02-18T00:00:00,-66.9751573257563,-66.90749650000001,6.384447253497637,0,125.31001,6.0,COPDEM30,45.37444928
RGI2000-v7.0-G-19-02105,19,19-20,G293317E66886S,1986-02-18T00:00:00,-66.68281178092784,-66.884762,6.158434888405221,0,185.5332,5.0,COPDEM30,44.74267172
RGI2000-v7.0-G-19-02106,19,19-20,G293572E66472S,1956-02-01T00:00:00,-66.42883311273292,-66.471634,0.428930270668827,0,85.87846,8.0,COPDEM30,19.16898757
RGI2000-v7.0-G-19-02107,19,19-20,G293591E66405S,1956-02-01T00:00:00,-66.4078051391968,-66.404549,0.171475833814957,0,36.123943,8.0,COPDEM30,15.79734969
RGI2000-v7.0-G-19-02108,19,19-20,G294000E66397S,1989-11-26T00:00:00,-65.99970309275184,-66.396466,0.262781705428475,0,67.421906,8.0,COPDEM30,17.17671333
RGI2000-v7.0-G-19-02109,19,19-20,G294063E66389S,1989-11-26T00:00:00,-65.94431303539409,-66.390164,3.25921590904266,0,131.39958,7.0,COPDEM30,35.27461806
RGI2000-v7.0-G-19-02110,19,19-20,G294274E66126S,1989-11-26T00:00:00,-65.71185070274915,-66.126469,4.58443124893611,0,88.08018,8.0,COPDEM30,39.97579899
RGI2000-v7.0-G-19-02111,19,19-20,G294271E66100S,1989-11-26T00:00:00,-65.73006704575755,-66.100199,0.101424316821023,0,62.738747,3.0,COPDEM30,14.45860585
RGI2000-v7.0-G-19-02112,19,19-20,G294275E66086S,1989-11-26T00:00:00,-65.72314382854074,-66.0863875,0.387820765866947,0,72.22765,8.0,COPDEM30,18.71853601
RGI2000-v7.0-G-19-02113,19,19-20,G294321E66004S,1989-11-26T00:00:00,-65.6802465673445,-66.0050535,0.977095965930633,0,81.84744,7.0,COPDEM30,23.83874305
RGI2000-v7.0-G-19-02114,19,19-20,G294325E65982S,1989-11-26T00:00:00,-65.67065896295303,-65.9829845,3.079713537803057,0,118.91932,7.0,COPDEM30,34.56875767
RGI2000-v7.0-G-19-02115,19,19-20,G294232E65976S,1989-11-26T00:00:00,-65.7651049255239,-65.9740285,11.918635879231308,0,123.70755,7.0,COPDEM30,58.33272838
RGI2000-v7.0-G-19-02116,19,19-20,G294217E65927S,1956-02-01T00:00:00,-65.78360141480428,-65.92716899999999,0.104910488959704,0,22.826397,1.0,COPDEM30,14.53458442
RGI2000-v7.0-G-19-02117,19,19-20,G294222E65889S,1989-11-26T00:00:00,-65.7759868425012,-65.888914,0.079605847635844,0,65.48248,1.0,COPDEM30,13.95003116
RGI2000-v7.0-G-19-02118,19,19-20,G294272E65833S,1989-11-26T00:00:00,-65.72867676795134,-65.833015,0.013015509627452,0,12.435203,5.0,COPDEM30,11.59719751
RGI2000-v7.0-G-19-02119,19,19-20,G294273E65827S,1989-11-26T00:00:00,-65.72725658162224,-65.82677849999999,0.020004763886214,0,16.999949,8.0,COPDEM30,11.98013477
RGI2000-v7.0-G-19-02120,19,19-20,G294295E65832S,1989-11-26T00:00:00,-65.70538194586835,-65.831688,0.044311039604566,0,65.47387,5.0,COPDEM30,12.94702626
RGI2000-v7.0-G-19-02121,19,19-20,G294299E65828S,1989-11-26T00:00:00,-65.70151165809907,-65.82822949999999,0.011674835847513,0,56.062107,2.0,COPDEM30,11.51270216
RGI2000-v7.0-G-19-02122,19,19-20,G294319E65819S,1989-11-26T00:00:00,-65.67992833974199,-65.818882,0.077003312587426,0,21.77439,1.0,COPDEM30,13.88492590
RGI2000-v7.0-G-19-02123,19,19-20,G294391E65820S,1989-11-26T00:00:00,-65.60968772333402,-65.819526,0.02850334891208,0,14.668316,8.0,COPDEM30,12.36361088
RGI2000-v7.0-G-19-02124,19,19-20,G294409E65820S,1989-11-26T00:00:00,-65.59200641832948,-65.82039449999999,0.040868837561141,0,20.829437,1.0,COPDEM30,12.83024595
RGI2000-v7.0-G-19-02125,19,19-20,G294259E65767S,1989-11-26T00:00:00,-65.74597943970284,-65.7673585,3.142547055906498,0,100.90849,6.0,COPDEM30,34.81812287
RGI2000-v7.0-G-19-02126,19,19-20,G294373E65667S,1989-11-26T00:00:00,-65.62345425,-65.6667765,1.108522985995698,0,81.58819,7.0,COPDEM30,24.74009855
RGI2000-v7.0-G-19-02127,19,19-20,G294650E65632S,1989-11-26T00:00:00,-65.37858709563301,-65.6336695,0.890709809584409,0,46.78613,7.0,COPDEM30,23.21283931
RGI2000-v7.0-G-19-02128,19,19-20,G294672E65639S,1989-11-26T00:00:00,-65.32882643876363,-65.63951349999999,0.543576252767579,0,47.948494,8.0,COPDEM30,20.32186735
RGI2000-v7.0-G-19-02129,19,19-20,G294663E65658S,1989-11-26T00:00:00,-65.33356465137817,-65.65803550000001,2.130691493984318,0,84.1155,7.0,COPDEM30,30.43564369
RGI2000-v7.0-G-19-02130,19,19-20,G294759E65696S,1989-11-26T00:00:00,-65.24634300586506,-65.69721999999999,1.177052011527676,0,66.38519,8.0,COPDEM30,25.18888390
RGI2000-v7.0-G-19-02131,19,19-20,G294792E65670S,1989-11-26T00:00:00,-65.2030891501091,-65.6651675,6.765624421087626,0,110.80679,6.0,COPDEM30,46.41513952
RGI2000-v7.0-G-19-02132,19,19-20,G294874E65716S,1989-11-26T00:00:00,-65.13075233760294,-65.713641,4.847740187149554,0,94.084,6.0,COPDEM30,40.82461803
RGI2000-v7.0-G-19-02133,19,19-20,G294914E65739S,1956-02-01T00:00:00,-65.08738975000001,-65.73912849999999,0.321032083059351,0,60.516006,7.0,COPDEM30,17.93235704
RGI2000-v7.0-G-19-02134,19,19-20,G294774E65777S,1956-02-01T00:00:00,-65.22686724574544,-65.7774065,0.133010333597462,0,12.900092,1.0,COPDEM30,15.10588145
RGI2000-v7.0-G-19-02135,19,19-20,G294950E65831S,1956-02-01T00:00:00,-65.05147887141752,-65.8309995,0.348735038967166,0,86.55701,7.0,COPDEM30,18.26753093
RGI2000-v7.0-G-19-02136,19,19-20,G294927E65856S,1956-02-01T00:00:00,-65.07292101584507,-65.855829,0.059948557249236,0,17.75121,7.0,TANDEM,13.42781523
RGI2000-v7.0-G-19-02137,19,19-20,G294909E65913S,1989-11-26T00:00:00,-65.0891493238953,-65.91131,1.742095515454395,0,78.89731,7.0,COPDEM30,28.47838524
RGI2000-v7.0-G-19-02138,19,19-20,G294737E65868S,1989-11-26T00:00:00,-65.26668307199787,-65.86919850000001,33.265326290748554,0,171.59573,5.0,COPDEM90,90.74654143
RGI2000-v7.0-G-19-02139,19,19-20,G294697E65901S,1989-11-26T00:00:00,-65.30373307869634,-65.90069199999999,0.979584329943722,0,63.55203,7.0,COPDEM30,23.85635337
RGI2000-v7.0-G-19-02140,19,19-20,G294688E65937S,1989-11-26T00:00:00,-65.30600709618642,-65.938628,0.559812573480979,0,58.14111,7.0,COPDEM30,20.47488732
RGI2000-v7.0-G-19-02141,19,19-20,G294641E66009S,1956-02-01T00:00:00,-65.35864657278111,-66.0084415,0.229933451826591,0,14.741545,6.0,COPDEM30,16.71319272
RGI2000-v7.0-G-19-02142,19,19-20,G294608E66025S,1956-02-01T00:00:00,-65.39350128892545,-66.0256585,0.286742961486317,0,41.56244,1.0,COPDEM30,17.49677400
RGI2000-v7.0-G-19-02143,19,19-20,G294381E65934S,1956-02-01T00:00:00,-65.61874261893199,-65.93380099999999,0.526329125863358,0,64.75234,7.0,COPDEM30,20.15679618
RGI2000-v7.0-G-19-02144,19,19-20,G294356E65930S,1956-02-01T00:00:00,-65.64448934376566,-65.9302635,0.145736908590005,0,31.67085,1.0,COPDEM30,15.34457052
RGI2000-v7.0-G-19-02145,19,19-20,G294514E65896S,1989-11-26T00:00:00,-65.49038998550814,-65.895892,2.251212410694849,0,97.336006,7.0,COPDEM30,31.00565715
RGI2000-v7.0-G-19-02146,19,19-20,G294044E65904S,1989-11-26T00:00:00,-65.95168852325864,-65.901618,18.963748626544636,0,115.57439,8.0,COPDEM90,70.96634097
RGI2000-v7.0-G-19-02147,19,19-20,G294028E65934S,1989-11-26T00:00:00,-65.968516018,-65.933982,1.120231192488478,0,12.029918,8.0,COPDEM30,24.81773646
RGI2000-v7.0-G-19-02148,19,19-20,G294085E65773S,1989-11-26T00:00:00,-66.00100056530731,-65.7021405,493.2471265191919,0,249.07605,7.0,COPDEM90,100.00000000
RGI2000-v7.0-G-19-02149,19,19-20,G294154E65528S,1989-11-26T00:00:00,-65.84631637283996,-65.528057,0.069726491960032,0,12.165577,7.0,COPDEM30,13.69680841
RGI2000-v7.0-G-19-02150,19,19-20,G294280E65481S,1989-11-26T00:00:00,-65.71847309040591,-65.4796025,2.34844516376104,0,92.19248,7.0,COPDEM30,31.45449259
RGI2000-v7.0-G-19-02151,19,19-20,G294378E65490S,1989-11-26T00:00:00,-65.61224191063829,-65.486842,20.04909624204585,0,128.49666,7.0,COPDEM90,72.68670404
RGI2000-v7.0-G-19-02152,19,19-20,G294373E65517S,1989-11-26T00:00:00,-65.62555063578901,-65.51737299999999,1.267718774647327,0,72.57756,7.0,COPDEM30,25.76302255
RGI2000-v7.0-G-19-02153,19,19-20,G294465E65507S,1989-11-26T00:00:00,-65.53413755445632,-65.506325,1.395236754120289,0,70.34894,8.0,COPDEM30,26.53681964
RGI2000-v7.0-G-19-02154,19,19-20,G294473E65489S,1989-11-26T00:00:00,-65.52212006543627,-65.48890850000001,4.188097556103286,0,101.60815,7.0,COPDEM30,38.65077872
RGI2000-v7.0-G-19-02155,19,19-20,G294529E65501S,1989-11-26T00:00:00,-65.47014806295249,-65.501068,0.039393856507034,0,137.69771,2.0,TANDEM,12.77870399
RGI2000-v7.0-G-19-02156,19,19-20,G294552E65497S,1989-11-26T00:00:00,-65.45270613425166,-65.4963275,2.105230294533258,0,98.49699,6.0,COPDEM30,30.31317646
RGI2000-v7.0-G-19-02157,19,19-20,G294550E65507S,1956-02-01T00:00:00,-65.45055819736842,-65.50727549999999,0.153807265626642,0,88.69257,5.0,COPDEM30,15.49055772
RGI2000-v7.0-G-19-02158,19,19-20,G294578E65493S,1989-11-26T00:00:00,-65.4219859841904,-65.49322000000001,0.647264603295518,0,63.9376,6.0,COPDEM30,21.26338591
RGI2000-v7.0-G-19-02159,19,19-20,G294495E65520S,1989-11-26T00:00:00,-65.50544901376239,-65.5201855,0.766662975869354,0,76.170944,7.0,COPDEM30,22.25830099
RGI2000-v7.0-G-19-02160,19,19-20,G294531E65447S,1989-11-26T00:00:00,-65.47200539653178,-65.4434885,6.162177625558283,0,96.56697,6.0,COPDEM30,44.75322740
RGI2000-v7.0-G-19-02161,19,19-20,G294467E65436S,1989-11-26T00:00:00,-65.52904369719917,-65.43464349999999,3.186922473156156,0,83.91044,7.0,COPDEM30,34.99273504
RGI2000-v7.0-G-19-02162,19,19-20,G294603E65448S,1956-02-01T00:00:00,-65.3958967679093,-65.4472965,0.315268196535098,0,11.208504,8.0,COPDEM30,17.86082480
RGI2000-v7.0-G-19-02163,19,19-20,G294651E65434S,1956-02-01T00:00:00,-65.3472431760454,-65.433922,0.505958774621535,0,25.09949,1.0,COPDEM30,19.95830908
RGI2000-v7.0-G-19-02164,19,19-20,G294681E65422S,1956-02-01T00:00:00,-65.30658191365751,-65.4201515,2.050177394798016,0,49.908028,6.0,COPDEM30,30.04581676
RGI2000-v7.0-G-19-02165,19,19-20,G294716E65394S,1956-02-01T00:00:00,-65.28818340920483,-65.39264800000001,0.668698428292548,0,36.14998,5.0,COPDEM30,21.44835761
RGI2000-v7.0-G-19-02166,19,19-20,G294687E65523S,1956-02-01T00:00:00,-65.31086984842172,-65.52305849999999,0.41911187954591,0,13.6224575,4.0,COPDEM30,19.06343910
RGI2000-v7.0-G-19-02167,19,19-20,G294979E65592S,1956-02-01T00:00:00,-65.01717181529078,-65.59194049999999,0.455218088042558,0,80.78012,4.0,COPDEM30,19.44577923
RGI2000-v7.0-G-19-02168,19,19-20,G294989E65628S,1989-11-26T00:00:00,-65.01349791752995,-65.62761549999999,1.742657454666504,0,72.10099,7.0,COPDEM30,28.48136524
RGI2000-v7.0-G-19-02169,19,19-20,G295438E65609S,1989-11-26T00:00:00,-64.56212983515141,-65.608666,0.06870571067421,0,32.644783,7.0,COPDEM30,13.66964839
RGI2000-v7.0-G-19-02170,19,19-20,G295449E65609S,1989-11-26T00:00:00,-64.55034615235894,-65.6095725,0.430084282196613,0,257.18958,1.0,COPDEM30,19.18131359
RGI2000-v7.0-G-19-02171,19,19-20,G295465E65623S,1989-11-26T00:00:00,-64.5355238442288,-65.622423,0.031956672828035,0,542.8779,2.0,COPDEM30,12.50270012
RGI2000-v7.0-G-19-02172,19,19-20,G295458E65627S,1989-11-26T00:00:00,-64.5213492147436,-65.628702,5.872845522807538,0,189.73524,7.0,COPDEM30,43.92753635
RGI2000-v7.0-G-19-02173,19,19-20,G295491E65637S,1989-11-26T00:00:00,-64.51069706979592,-65.63716199999999,1.434850943767567,0,178.72214,3.0,COPDEM30,26.76993694
RGI2000-v7.0-G-19-02174,19,19-20,G295475E65648S,1989-11-26T00:00:00,-64.51881318564503,-65.6471445,2.142595221557938,0,115.89804,5.0,COPDEM30,30.49264901
RGI2000-v7.0-G-19-02175,19,19-20,G295504E65648S,1989-11-26T00:00:00,-64.49264504641934,-65.6487985,0.473762420205988,0,56.227516,4.0,COPDEM30,19.63625624
RGI2000-v7.0-G-19-02176,19,19-20,G295545E65687S,1989-11-26T00:00:00,-64.45538139705883,-65.68693200000001,0.014972560058696,0,221.20377,3.0,COPDEM30,11.71307378
RGI2000-v7.0-G-19-02177,19,19-20,G295535E65687S,1989-11-26T00:00:00,-64.45706986413043,-65.6895925,2.171584144703751,0,92.5965,6.0,COPDEM30,30.63081415
RGI2000-v7.0-G-19-02178,19,19-20,G295582E65711S,1989-11-26T00:00:00,-64.41984240130319,-65.710595,0.297314732214506,0,51.251198,6.0,COPDEM30,17.63372042
RGI2000-v7.0-G-19-02179,19,19-20,G295692E65581S,1989-11-26T00:00:00,-64.30230618606149,-65.581602,1.4819600881377,0,96.08157,6.0,COPDEM30,27.04300963
RGI2000-v7.0-G-19-02180,19,19-20,G295675E65571S,1989-11-26T00:00:00,-64.3250746331361,-65.5709895,0.010619501139591,0,14.878719,6.0,COPDEM30,11.44271349
RGI2000-v7.0-G-19-02181,19,19-20,G295677E65569S,1989-11-26T00:00:00,-64.32386490527769,-65.5691315,0.021683441708067,0,29.733017,6.0,COPDEM30,12.06154180
RGI2000-v7.0-G-19-02182,19,19-20,G295629E65543S,1989-11-26T00:00:00,-64.37913461220685,-65.54161099999999,10.660737655288122,0,161.3619,5.0,COPDEM30,55.71109909
RGI2000-v7.0-G-19-02183,19,19-20,G295829E65608S,1989-11-26T00:00:00,-64.17066126039605,-65.6078465,0.026212296143343,0,0.040356677,7.0,COPDEM30,12.26662967
RGI2000-v7.0-G-19-02184,19,19-20,G295840E65612S,1989-11-26T00:00:00,-64.16111887767539,-65.61176449999999,0.026522796524376,0,0.0,6.0,COPDEM30,12.28001494
RGI2000-v7.0-G-19-02185,19,19-20,G295781E65406S,1956-02-01T00:00:00,-64.21770476414581,-65.4054865,0.661409924633853,0,83.39261,6.0,COPDEM30,21.38579577
RGI2000-v7.0-G-19-02186,19,19-20,G295851E65333S,2001-02-14T00:00:00,-64.15086915463272,-65.3331895,0.642779500383341,0,76.92047,6.0,COPDEM30,21.22429428
RGI2000-v7.0-G-19-02187,19,19-20,G295734E65252S,1957-01-01T00:00:00,-64.26494342890632,-65.252174,0.423714960910641,0,5.8107214,8.0,COPDEM30,19.11307480
RGI2000-v7.0-G-19-02188,19,19-20,G295691E65242S,1957-01-01T00:00:00,-64.3074191052138,-65.24225150000001,0.339968874978128,0,12.642992,6.0,COPDEM30,18.16295899
RGI2000-v7.0-G-19-02189,19,19-20,G295695E65238S,1957-01-01T00:00:00,-64.30490244413193,-65.238218,0.18186127775126,0,7.550876,6.0,COPDEM30,15.97032750
RGI2000-v7.0-G-19-02190,19,19-20,G295674E65235S,1957-01-01T00:00:00,-64.32656118458797,-65.2343385,0.154045916741419,0,8.362099,6.0,COPDEM30,15.49481571
RGI2000-v7.0-G-19-02191,19,19-20,G295856E65171S,1989-11-26T00:00:00,-64.1455384386417,-65.171637,0.451008130907267,0,44.60982,5.0,COPDEM30,19.40199945
RGI2000-v7.0-G-19-02192,19,19-20,G295905E65129S,1989-11-26T00:00:00,-64.08847809883726,-65.12613350000001,4.389513026456423,0,128.9353,5.0,COPDEM30,39.33163059
RGI2000-v7.0-G-19-02193,19,19-20,G295930E65100S,1989-11-26T00:00:00,-64.0685392254056,-65.09930399999999,0.941923708057879,0,2.6889915,1.0,COPDEM30,23.58738558
RGI2000-v7.0-G-19-02194,19,19-20,G295983E65099S,1997-10-01T00:00:00,-64.02142946597994,-65.0991445,0.416378035734025,0,123.374214,7.0,COPDEM30,19.03383058
RGI2000-v7.0-G-19-02195,19,19-20,G295989E65107S,1997-10-01T00:00:00,-64.01214448873876,-65.10714200000001,0.631499957547894,0,119.39868,5.0,COPDEM30,21.12537602
RGI2000-v7.0-G-19-02196,19,19-20,G296000E65097S,1956-02-01T00:00:00,-64.00034943539326,-65.097301,0.130275119414917,0,683.7148,4.0,COPDEM30,15.05311027
RGI2000-v7.0-G-19-02197,19,19-20,G296003E65094S,1956-02-01T00:00:00,-63.996894749999996,-65.0939265,0.039586184069591,0,551.34454,2.0,COPDEM30,12.78547879
RGI2000-v7.0-G-19-02198,19,19-20,G296005E65092S,1956-02-01T00:00:00,-63.99485415957448,-65.09168199999999,0.013692005361146,0,658.8928,4.0,COPDEM30,11.63817980
RGI2000-v7.0-G-19-02199,19,19-20,G296004E65090S,1956-02-01T00:00:00,-63.997392823529424,-65.089541,0.028208321326553,0,858.614,3.0,COPDEM30,12.35134663
RGI2000-v7.0-G-19-02200,19,19-20,G295990E65091S,1997-10-01T00:00:00,-64.0086245782528,-65.0913165,0.557544111839589,0,227.86513,7.0,COPDEM30,20.45364271
RGI2000-v7.0-G-19-02201,19,19-20,G295989E65083S,1997-10-01T00:00:00,-64.01239066148533,-65.082806,0.776117272058169,0,216.491,7.0,COPDEM30,22.33365255
RGI2000-v7.0-G-19-02202,19,19-20,G296010E65076S,1997-10-01T00:00:00,-63.993417329072116,-65.078047,1.465798763999699,0,348.40045,2.0,COPDEM30,26.94982471
RGI2000-v7.0-G-19-02203,19,19-20,G295995E65074S,1956-02-01T00:00:00,-64.00565417727272,-65.073644,0.02987811279726,0,357.4367,1.0,COPDEM30,12.41994010
RGI2000-v7.0-G-19-02204,19,19-20,G295975E65069S,1997-10-01T00:00:00,-64.01223203167243,-65.0694335,1.067688928583377,0,27.295414,7.0,COPDEM30,24.46606477
RGI2000-v7.0-G-19-02205,19,19-20,G296021E65082S,1956-02-01T00:00:00,-63.97872641365979,-65.0819235,0.017759363563494,0,339.9026,3.0,COPDEM30,11.86569967
RGI2000-v7.0-G-19-02206,19,19-20,G296025E65084S,1997-10-01T00:00:00,-63.97352560533333,-65.0818645,0.048895718196117,0,76.04723,3.0,COPDEM30,13.09573267
RGI2000-v7.0-G-19-02207,19,19-20,G296017E65089S,1997-10-01T00:00:00,-63.97947912084743,-65.08798250000001,0.114054461903263,0,166.74866,3.0,COPDEM30,14.72807303
RGI2000-v7.0-G-19-02208,19,19-20,G296000E65102S,1997-10-01T00:00:00,-63.98564878490567,-65.096596,0.358936507999296,0,112.39725,4.0,COPDEM30,18.38758342
RGI2000-v7.0-G-19-02209,19,19-20,G296034E65067S,1997-10-01T00:00:00,-63.96528025000001,-65.0670245,0.700871288102867,0,23.657866,5.0,COPDEM30,21.72052782
RGI2000-v7.0-G-19-02210,19,19-20,G296042E65059S,1956-02-01T00:00:00,-63.95802982171387,-65.059213,0.034447452383613,0,298.33157,5.0,COPDEM30,12.59840348
RGI2000-v7.0-G-19-02211,19,19-20,G296052E65055S,1997-10-01T00:00:00,-63.94781827275485,-65.0552335,0.358232675158187,0,63.251465,4.0,COPDEM30,18.37935584
RGI2000-v7.0-G-19-02212,19,19-20,G296054E65047S,1997-10-01T00:00:00,-63.95024551460964,-65.0474785,0.31561597228496,0,0.0,1.0,COPDEM30,17.86515928
RGI2000-v7.0-G-19-02213,19,19-20,G296042E65052S,1997-10-01T00:00:00,-63.96641088677811,-65.0519935,0.179034462494557,0,0.0010517583,8.0,COPDEM30,15.92374499
RGI2000-v7.0-G-19-02214,19,19-20,G296067E65035S,1957-01-01T00:00:00,-63.93354668012972,-65.0350275,0.028275513510021,0,-42.19094,4.0,TANDEM,12.35414542
RGI2000-v7.0-G-19-02215,19,19-20,G296078E65034S,1957-01-01T00:00:00,-63.92150492592059,-65.0343305,0.034941883750634,0,-40.531647,1.0,TANDEM,12.61698476
RGI2000-v7.0-G-19-02216,19,19-20,G296219E65027S,1989-11-26T00:00:00,-63.77751935406404,-65.0272335,1.488093721070562,0,98.04676,6.0,COPDEM30,27.07824257
RGI2000-v7.0-G-19-02217,19,19-20,G296083E64939S,1956-02-01T00:00:00,-63.916887533990185,-64.938586,0.11006947159473,0,24.7622,3.0,TANDEM,14.64474073
RGI2000-v7.0-G-19-02218,19,19-20,G296064E64935S,1956-02-01T00:00:00,-63.935730069203274,-64.934079,0.489829583682686,0,0.0,7.0,COPDEM30,19.79829569
RGI2000-v7.0-G-19-02219,19,19-20,G296079E64929S,1956-02-01T00:00:00,-63.92044780094409,-64.9283585,0.177153313497239,0,65.0923,2.0,COPDEM30,15.89254185
RGI2000-v7.0-G-19-02220,19,19-20,G296083E64911S,1956-02-01T00:00:00,-63.9166192685082,-64.91120000000001,0.103670385755032,0,19.0,4.0,RAMP,14.50770403
RGI2000-v7.0-G-19-02221,19,19-20,G296116E64910S,1956-02-01T00:00:00,-63.886770174608415,-64.910556,1.080579530887993,0,0.0,7.0,COPDEM30,24.55312984
RGI2000-v7.0-G-19-02222,19,19-20,G296114E64900S,1956-02-01T00:00:00,-63.88486280395743,-64.89997600000001,0.396691741849125,0,0.0,1.0,COPDEM30,18.81768572
RGI2000-v7.0-G-19-02223,19,19-20,G296130E64896S,1956-02-01T00:00:00,-63.86930281546391,-64.8956265,0.201834362656719,0,0.0,1.0,COPDEM30,16.28963712
RGI2000-v7.0-G-19-02224,19,19-20,G296154E64897S,1956-02-01T00:00:00,-63.847934901234495,-64.897257,0.295126759374796,0,0.0,7.0,COPDEM30,17.60557985
RGI2000-v7.0-G-19-02225,19,19-20,G296160E64902S,1956-02-01T00:00:00,-63.84174329494358,-64.90147350000001,0.156550642006935,0,0.0,6.0,COPDEM30,15.53930734
RGI2000-v7.0-G-19-02226,19,19-20,G296037E64920S,1956-02-01T00:00:00,-63.96304112409886,-64.92027350000001,0.084430703579486,0,112.73735,1.0,COPDEM30,14.06797467
RGI2000-v7.0-G-19-02227,19,19-20,G296033E64928S,1956-02-01T00:00:00,-63.96522242023238,-64.927471,1.31440283243806,0,0.0,6.0,COPDEM30,26.05063722
RGI2000-v7.0-G-19-02228,19,19-20,G295987E64915S,1989-11-26T00:00:00,-64.00988080538815,-64.914661,1.027034089348828,0,89.37503,8.0,COPDEM30,24.18797665
RGI2000-v7.0-G-19-02229,19,19-20,G296011E64905S,1956-02-01T00:00:00,-63.989114562264874,-64.90486100000001,0.441304928101581,0,4.2906938,8.0,COPDEM30,19.30030999
RGI2000-v7.0-G-19-02230,19,19-20,G296331E64816S,1989-11-26T00:00:00,-63.671739285225044,-64.820491,13.121076289955191,0,315.7746,4.0,COPDEM90,60.71223672
RGI2000-v7.0-G-19-02231,19,19-20,G296381E64781S,1989-11-26T00:00:00,-63.6010260871311,-64.782397,11.980382657781487,0,311.7006,3.0,COPDEM30,58.45776513
RGI2000-v7.0-G-19-02232,19,19-20,G296431E64761S,1989-11-26T00:00:00,-63.57517822809012,-64.76199299999999,7.515472041976316,0,196.33946,3.0,COPDEM30,48.38010579
RGI2000-v7.0-G-19-02233,19,19-20,G296379E64734S,1989-11-26T00:00:00,-63.597795643101094,-64.73176649999999,34.56644820989801,0,425.98862,4.0,COPDEM90,92.31053304
RGI2000-v7.0-G-19-02234,19,19-20,G296468E64726S,1989-11-26T00:00:00,-63.521642862079275,-64.725814,3.638854394714028,0,212.18103,5.0,COPDEM30,36.70609409
RGI2000-v7.0-G-19-02235,19,19-20,G296603E64751S,1989-11-26T00:00:00,-63.3935803612805,-64.75082800000001,6.272043222250211,0,136.1768,7.0,COPDEM30,45.06166670
RGI2000-v7.0-G-19-02236,19,19-20,G296659E64741S,1989-11-26T00:00:00,-63.345226156160756,-64.74025499999999,13.468701600579852,0,206.92403,4.0,COPDEM90,61.37962158
RGI2000-v7.0-G-19-02237,19,19-20,G296707E64701S,1989-11-26T00:00:00,-63.29748239981785,-64.699862,18.795889621614343,0,372.00183,4.0,COPDEM90,70.69591721
RGI2000-v7.0-G-19-02238,19,19-20,G296579E64671S,1989-11-26T00:00:00,-63.370025521427706,-64.675885,137.94247452567654,0,503.92792,5.0,COPDEM90,100.00000000
RGI2000-v7.0-G-19-02239,19,19-20,G296501E64660S,1989-11-26T00:00:00,-63.4985410704124,-64.65957,0.028647732048962,0,989.5582,6.0,COPDEM30,12.36958973
RGI2000-v7.0-G-19-02240,19,19-20,G296717E64611S,1989-11-26T00:00:00,-63.30931145454544,-64.606473,25.72173201493569,0,528.9209,1.0,COPDEM90,81.00323567
RGI2000-v7.0-G-19-02241,19,19-20,G296647E64581S,1989-11-26T00:00:00,-63.35064088888888,-64.58376200000001,35.77429733954804,0,1150.6843,3.0,COPDEM90,93.73626621
RGI2000-v7.0-G-19-02242,19,19-20,G296695E64527S,1989-11-26T00:00:00,-63.299571121372765,-64.5239345,39.17540800252206,0,594.5601,3.0,COPDEM90,97.62636572
RGI2000-v7.0-G-19-02243,19,19-20,G296789E64531S,1956-02-01T00:00:00,-63.21015798076924,-64.5309615,0.049369362003728,0,25.347246,8.0,TANDEM,13.11069043
RGI2000-v7.0-G-19-02244,19,19-20,G296786E64489S,1989-11-26T00:00:00,-63.221185514751866,-64.484663,34.60510156318762,0,224.30725,2.0,COPDEM90,92.35654137
RGI2000-v7.0-G-19-02245,19,19-20,G296732E64475S,1989-11-26T00:00:00,-63.27400851953125,-64.4747265,3.380801435600662,0,185.16992,4.0,COPDEM30,35.74173812
RGI2000-v7.0-G-19-02246,19,19-20,G296707E64452S,1989-11-26T00:00:00,-63.29689567809304,-64.45417649999999,4.88843510562112,0,415.61963,8.0,COPDEM30,40.95372806
RGI2000-v7.0-G-19-02247,19,19-20,G296672E64465S,1989-11-26T00:00:00,-63.32453762584127,-64.465441,8.500087985304043,0,268.15436,8.0,COPDEM30,50.81687451
RGI2000-v7.0-G-19-02248,19,19-20,G296656E64411S,1989-11-26T00:00:00,-63.350633173069,-64.4117595,12.31047043626981,0,362.07004,4.0,COPDEM30,59.12079199
RGI2000-v7.0-G-19-02249,19,19-20,G296568E64397S,1989-11-26T00:00:00,-63.46293179347826,-64.4067525,67.18868461086367,0,678.8501,1.0,COPDEM90,100.00000000
RGI2000-v7.0-G-19-02250,19,19-20,G296314E64421S,1956-02-01T00:00:00,-63.68490233717107,-64.42050499999999,0.06680271713771,0,71.0,8.0,RAMP,13.61847103
RGI2000-v7.0-G-19-02251,19,19-20,G296306E64415S,1956-02-01T00:00:00,-63.693971507211536,-64.41535250000001,0.041004287828842,0,14.5,6.0,ASTER,12.83493217
RGI2000-v7.0-G-19-02252,19,19-20,G296233E64441S,1956-02-01T00:00:00,-63.769166548032516,-64.44233700000001,0.03512134565467,0,20.139877,4.0,TANDEM,12.62369658
RGI2000-v7.0-G-19-02253,19,19-20,G296102E64434S,1956-02-01T00:00:00,-63.89605409054127,-64.433858,0.083749546727694,0,56.387486,1.0,COPDEM30,14.05153195
RGI2000-v7.0-G-19-02254,19,19-20,G296061E64460S,1989-11-26T00:00:00,-63.9386545,-64.4598955,0.013432999203921,0,159.22043,1.0,COPDEM30,11.62261143
RGI2000-v7.0-G-19-02255,19,19-20,G296037E64535S,1956-02-01T00:00:00,-63.963226032595166,-64.53464,0.016623416194817,0,14.896533,6.0,COPDEM30,11.80504559
RGI2000-v7.0-G-19-02256,19,19-20,G295979E64534S,1956-02-01T00:00:00,-64.01902532298848,-64.5339045,0.252899095718553,0,71.658775,1.0,COPDEM30,17.04047035
RGI2000-v7.0-G-19-02257,19,19-20,G296174E64604S,1989-11-26T00:00:00,-63.91557369608611,-64.57320849999999,984.7978733600922,0,346.92636,7.0,COPDEM90,100.00000000
RGI2000-v7.0-G-19-02258,19,19-20,G295787E64585S,1956-02-01T00:00:00,-64.21347855663615,-64.58484,0.049816181409252,0,21.348202,7.0,COPDEM30,13.12473544
RGI2000-v7.0-G-19-02259,19,19-20,G295771E64589S,1989-11-26T00:00:00,-64.22854704935554,-64.5897775,1.477600032752613,0,85.578606,1.0,COPDEM30,27.01792016
RGI2000-v7.0-G-19-02260,19,19-20,G295785E64602S,1956-02-01T00:00:00,-64.21615044198894,-64.60234349999999,0.047068625259158,0,12.314154,6.0,COPDEM30,13.03734268
RGI2000-v7.0-G-19-02261,19,19-20,G295736E64581S,1956-02-01T00:00:00,-64.26450883673469,-64.5811055,0.045205453100615,0,17.28918,5.0,COPDEM30,12.97662037
RGI2000-v7.0-G-19-02262,19,19-20,G295749E64648S,1956-02-01T00:00:00,-64.24913732017544,-64.6485405,0.046635068478129,0,14.179634,1.0,COPDEM30,13.02332159
RGI2000-v7.0-G-19-02263,19,19-20,G295757E64658S,1990-12-15T00:00:00,-64.24308377150538,-64.6575185,0.013518385954175,0,27.76241,6.0,TANDEM,11.62776032
RGI2000-v7.0-G-19-02264,19,19-20,G295715E64693S,1989-11-26T00:00:00,-64.28610616557647,-64.6929235,0.040518732718263,0,48.959415,2.0,COPDEM30,12.81809716
RGI2000-v7.0-G-19-02265,19,19-20,G295711E64697S,1989-11-26T00:00:00,-64.28917011624843,-64.69719549999999,0.026053441400547,0,79.05477,7.0,COPDEM30,12.25975099
RGI2000-v7.0-G-19-02266,19,19-20,G295709E64703S,1989-11-26T00:00:00,-64.29117604816176,-64.7033485,0.012805646721653,0,4.149443,2.0,COPDEM30,11.58426852
RGI2000-v7.0-G-19-02267,19,19-20,G295704E64710S,1989-11-26T00:00:00,-64.29825605303029,-64.71084450000001,0.327465601717428,0,0.0,6.0,COPDEM30,18.01144543
RGI2000-v7.0-G-19-02268,19,19-20,G295742E64703S,1989-11-26T00:00:00,-64.26128637393163,-64.703494,5.09846733430128,0,186.36337,7.0,COPDEM30,41.61170033
RGI2000-v7.0-G-19-02269,19,19-20,G296441E64853S,1989-11-26T00:00:00,-63.57273247727274,-64.857042,16.431618387761187,0,119.84495,8.0,COPDEM90,66.75030576
RGI2000-v7.0-G-19-02270,19,19-20,G296509E64879S,1989-11-26T00:00:00,-63.49941653457442,-64.87957349999999,4.025194418468581,0,555.3825,8.0,COPDEM30,38.08804205
RGI2000-v7.0-G-19-02271,19,19-20,G296535E64864S,1989-11-26T00:00:00,-63.45539164372876,-64.86382850000001,5.369478620352488,0,344.01196,7.0,COPDEM30,42.44098965
RGI2000-v7.0-G-19-02272,19,19-20,G296559E64855S,1989-11-26T00:00:00,-63.42946389991556,-64.85650150000001,4.273543937270831,0,616.9148,8.0,COPDEM30,38.94157238
RGI2000-v7.0-G-19-02273,19,19-20,G296586E64849S,1989-11-26T00:00:00,-63.41376872441741,-64.84907899999999,0.026312629327817,0,429.32907,2.0,COPDEM30,12.27096353
RGI2000-v7.0-G-19-02274,19,19-20,G296595E64847S,1989-11-26T00:00:00,-63.405150912990194,-64.8463725,0.029988077786862,0,357.90857,1.0,COPDEM30,12.42438925
RGI2000-v7.0-G-19-02275,19,19-20,G296565E64828S,1989-11-26T00:00:00,-63.42451400606029,-64.828048,15.186976673737473,0,161.3703,6.0,COPDEM90,64.55866043
RGI2000-v7.0-G-19-02276,19,19-20,G296619E64812S,1989-11-26T00:00:00,-63.38447661339523,-64.8075115,6.864154891383268,0,210.07062,1.0,COPDEM30,46.67934512
RGI2000-v7.0-G-19-02277,19,19-20,G296662E64801S,1989-11-26T00:00:00,-63.34621289001227,-64.7995785,3.094849851090741,0,293.58615,8.0,COPDEM30,34.62905948
RGI2000-v7.0-G-19-02278,19,19-20,G296676E64798S,1989-11-26T00:00:00,-63.323203304029306,-64.79744199999999,0.026790658756994,0,646.02136,2.0,COPDEM30,12.29149932
RGI2000-v7.0-G-19-02279,19,19-20,G296693E64810S,1989-11-26T00:00:00,-63.302076102462465,-64.8091475,10.786090672380043,0,198.49055,3.0,COPDEM30,55.97905797
RGI2000-v7.0-G-19-02280,19,19-20,G296749E64787S,1989-11-26T00:00:00,-63.25373096776222,-64.7866405,2.620070145705738,0,120.57912,4.0,COPDEM30,32.66128303
RGI2000-v7.0-G-19-02281,19,19-20,G296715E64778S,1989-11-26T00:00:00,-63.26553919894785,-64.77574999999999,6.514406881952776,0,386.01666,7.0,COPDEM30,45.73267061
RGI2000-v7.0-G-19-02282,19,19-20,G296751E64763S,1989-11-26T00:00:00,-63.24145496984188,-64.76552000000001,3.21725042925191,0,484.14404,6.0,COPDEM30,35.11137360
RGI2000-v7.0-G-19-02283,19,19-20,G296789E64736S,1989-11-26T00:00:00,-63.21043617721245,-64.733456,9.865682334527662,0,278.4344,8.0,COPDEM30,53.97355725
RGI2000-v7.0-G-19-02284,19,19-20,G296809E64752S,1989-11-26T00:00:00,-63.17355820967742,-64.74346,9.374711556663266,0,154.66826,4.0,COPDEM30,52.86541106
RGI2000-v7.0-G-19-02285,19,19-20,G296774E64676S,1989-11-26T00:00:00,-63.203746932315724,-64.68004049999999,12.076078052181456,0,276.12286,3.0,COPDEM30,58.65091261
RGI2000-v7.0-G-19-02286,19,19-20,G296863E64679S,1989-11-26T00:00:00,-63.13596120023695,-64.680253,2.799533777629604,0,80.6355,4.0,COPDEM30,33.42453031
RGI2000-v7.0-G-19-02287,19,19-20,G296771E64646S,1989-11-26T00:00:00,-63.2299363810764,-64.64776850000001,6.310500276448729,0,693.704,4.0,COPDEM30,45.16899279
RGI2000-v7.0-G-19-02288,19,19-20,G296832E64631S,1989-11-26T00:00:00,-63.20114018477449,-64.631562,11.051032381837139,0,863.2739,4.0,COPDEM30,56.54033033
RGI2000-v7.0-G-19-02289,19,19-20,G296798E64599S,1989-11-26T00:00:00,-63.19263533380548,-64.597715,16.607081755447457,0,361.70837,1.0,COPDEM90,67.05250235
RGI2000-v7.0-G-19-02290,19,19-20,G296862E64595S,1989-11-26T00:00:00,-63.134350812216354,-64.5947405,10.164957065387254,0,251.50049,1.0,COPDEM30,54.63554172
RGI2000-v7.0-G-19-02291,19,19-20,G296888E64607S,1989-11-26T00:00:00,-63.112246350372516,-64.6065725,0.057799415575735,0,657.9129,8.0,COPDEM30,13.36581126
RGI2000-v7.0-G-19-02292,19,19-20,G296894E64606S,1989-11-26T00:00:00,-63.10550898529411,-64.606049,0.012336136971458,0,735.99146,1.0,COPDEM30,11.55495429
RGI2000-v7.0-G-19-02293,19,19-20,G296879E64616S,1989-11-26T00:00:00,-63.11377119636799,-64.61521149999999,0.749304579571544,0,987.30994,1.0,COPDEM30,22.11873333
RGI2000-v7.0-G-19-02294,19,19-20,G296888E64623S,1989-11-26T00:00:00,-63.11227684705882,-64.623312,0.010254170868152,0,755.7665,3.0,COPDEM30,11.41768032
RGI2000-v7.0-G-19-02295,19,19-20,G296888E64626S,1989-11-26T00:00:00,-63.11224120418106,-64.625951,0.054654535969484,0,777.48505,3.0,COPDEM30,13.27296334
RGI2000-v7.0-G-19-02296,19,19-20,G296906E64628S,1989-11-26T00:00:00,-63.091144783136926,-64.6264915,5.252477533307133,0,120.72564,4.0,COPDEM30,42.08559796
RGI2000-v7.0-G-19-02297,19,19-20,G296975E64614S,1989-11-26T00:00:00,-63.044983516241246,-64.6147995,10.508781884977877,0,699.88873,5.0,COPDEM30,55.38415196
RGI2000-v7.0-G-19-02298,19,19-20,G296928E64594S,1989-11-26T00:00:00,-63.06965997871407,-64.59299,0.083853858363086,0,849.1384,7.0,COPDEM30,14.05405430
RGI2000-v7.0-G-19-02299,19,19-20,G296907E64576S,1989-11-26T00:00:00,-63.093702748534895,-64.575793,11.867404919466873,0,410.2019,8.0,COPDEM30,58.22874002
RGI2000-v7.0-G-19-02300,19,19-20,G296933E64566S,1989-11-26T00:00:00,-63.06452928427312,-64.56857099999999,4.171953747617101,0,199.95448,1.0,COPDEM30,38.59550550
RGI2000-v7.0-G-19-02301,19,19-20,G296963E64538S,1989-11-26T00:00:00,-63.04954582007865,-64.54091550000001,7.611584253748356,0,132.84686,8.0,COPDEM30,48.62473966
RGI2000-v7.0-G-19-02302,19,19-20,G297011E64562S,1989-11-26T00:00:00,-62.97948440430462,-64.56458950000001,24.443308486310407,0,249.80597,8.0,COPDEM90,79.21624422
RGI2000-v7.0-G-19-02303,19,19-20,G297007E64579S,1989-11-26T00:00:00,-62.9937798855042,-64.5790125,0.035533652758242,0,936.4346,2.0,COPDEM30,12.63905209
RGI2000-v7.0-G-19-02304,19,19-20,G297052E64581S,1989-11-26T00:00:00,-62.95218445378151,-64.5811195,3.284064203908111,0,978.09015,4.0,COPDEM30,35.37078209
RGI2000-v7.0-G-19-02305,19,19-20,G297069E64581S,1989-11-26T00:00:00,-62.930871072052405,-64.580434,0.073181671196222,0,723.17236,4.0,COPDEM30,13.78729555
RGI2000-v7.0-G-19-02306,19,19-20,G297081E64590S,1989-11-26T00:00:00,-62.91949695115331,-64.587278,4.954589872215677,0,164.24889,4.0,COPDEM30,41.16247126
RGI2000-v7.0-G-19-02307,19,19-20,G297121E64574S,1989-11-26T00:00:00,-62.8756925114902,-64.575111,3.086837483601196,0,416.8702,5.0,COPDEM30,34.59715729
RGI2000-v7.0-G-19-02308,19,19-20,G297155E64567S,1989-11-26T00:00:00,-62.84324271618852,-64.5685345,3.006927304337935,0,269.9293,2.0,COPDEM30,34.27669153
RGI2000-v7.0-G-19-02309,19,19-20,G297111E64556S,1989-11-26T00:00:00,-62.886890364244344,-64.560055,5.988022488566928,0,186.58167,3.0,COPDEM30,44.25861071
RGI2000-v7.0-G-19-02310,19,19-20,G297087E64557S,1989-11-26T00:00:00,-62.914699324681116,-64.556911,0.031297870029309,0,816.85114,2.0,COPDEM30,12.47676857
RGI2000-v7.0-G-19-02311,19,19-20,G297082E64554S,1989-11-26T00:00:00,-62.91815715853659,-64.553681,0.039936664135573,0,741.3592,2.0,COPDEM30,12.79778237
RGI2000-v7.0-G-19-02312,19,19-20,G297084E64550S,1989-11-26T00:00:00,-62.9164567373207,-64.5503295,0.015335956181879,0,666.5279,3.0,COPDEM30,11.73373799
RGI2000-v7.0-G-19-02313,19,19-20,G297106E64537S,1989-11-26T00:00:00,-62.893865806818184,-64.5374275,0.026950459975167,0,525.8572,3.0,COPDEM30,12.29832334
RGI2000-v7.0-G-19-02314,19,19-20,G297084E64534S,1989-11-26T00:00:00,-62.889864961882836,-64.5330755,2.331908934785332,0,206.41208,2.0,COPDEM30,31.37882483
RGI2000-v7.0-G-19-02315,19,19-20,G297108E64520S,1956-02-01T00:00:00,-62.892358042163266,-64.519664,0.026737100608342,0,0.0,6.0,COPDEM30,12.28920766
RGI2000-v7.0-G-19-02316,19,19-20,G297115E64517S,1956-02-01T00:00:00,-62.88521445161181,-64.51668699999999,0.179676824957267,0,10.081003,4.0,COPDEM30,15.93436245
RGI2000-v7.0-G-19-02317,19,19-20,G297071E64519S,1989-11-26T00:00:00,-62.93193907758621,-64.517876,1.987776562292648,0,119.10202,1.0,COPDEM30,29.73839422
RGI2000-v7.0-G-19-02318,19,19-20,G297063E64537S,1989-11-26T00:00:00,-62.94283702721685,-64.536296,4.549676871512731,0,192.02612,8.0,COPDEM30,39.86196020
RGI2000-v7.0-G-19-02319,19,19-20,G297007E64507S,1956-02-01T00:00:00,-62.99292556870836,-64.506596,0.03722203443886,0,0.6896856,5.0,COPDEM30,12.70102180
RGI2000-v7.0-G-19-02320,19,19-20,G297031E64501S,1956-02-01T00:00:00,-62.96829474074829,-64.500956,0.193338007318972,0,0.0,7.0,COPDEM30,16.15583052
RGI2000-v7.0-G-19-02321,19,19-20,G297044E64494S,1956-02-01T00:00:00,-62.9560608115809,-64.49348499999999,0.059379077134468,0,0.0,7.0,COPDEM30,13.41149514
RGI2000-v7.0-G-19-02322,19,19-20,G297007E64493S,1989-11-26T00:00:00,-62.99703034876542,-64.4923355,1.753805441346114,0,91.62812,1.0,COPDEM30,28.54038475
RGI2000-v7.0-G-19-02323,19,19-20,G296894E64454S,1956-02-01T00:00:00,-63.108197349845206,-64.4545635,0.195762598043225,0,0.0,6.0,COPDEM30,16.19430942
RGI2000-v7.0-G-19-02324,19,19-20,G296918E64444S,1956-02-01T00:00:00,-63.08316582541126,-64.44379699999999,0.016672485164667,0,33.830788,8.0,COPDEM30,11.80770769
RGI2000-v7.0-G-19-02325,19,19-20,G296791E64433S,1989-11-26T00:00:00,-63.20446147741275,-64.429967,22.463296818441613,0,229.29126,4.0,COPDEM90,76.35364479
RGI2000-v7.0-G-19-02326,19,19-20,G296776E64416S,1989-11-26T00:00:00,-63.219037363402066,-64.41500400000001,8.695541409699231,0,215.3097,8.0,COPDEM30,51.28348479
RGI2000-v7.0-G-19-02327,19,19-20,G296775E64406S,1956-02-01T00:00:00,-63.224955619901756,-64.40656100000001,0.012376424697929,0,52.5,8.0,RAMP,11.55749133
RGI2000-v7.0-G-19-02328,19,19-20,G296647E64309S,1989-11-26T00:00:00,-63.331790309383976,-64.3080985,180.0849263498887,0,419.8654,2.0,COPDEM90,100.00000000
RGI2000-v7.0-G-19-02329,19,19-20,G296660E64242S,1956-02-01T00:00:00,-63.33967850719695,-64.24214549999999,0.054460210775787,0,59.644814,1.0,COPDEM30,13.26713962
RGI2000-v7.0-G-19-02330,19,19-20,G296643E64240S,1956-02-01T00:00:00,-63.357782519623356,-64.240109,0.054814140880184,0,49.14731,8.0,COPDEM30,13.27773880
RGI2000-v7.0-G-19-02331,19,19-20,G296530E64236S,1956-02-01T00:00:00,-63.469546632926836,-64.23621399999999,0.029230823851061,0,26.539696,7.0,COPDEM30,12.39358340
RGI2000-v7.0-G-19-02332,19,19-20,G296527E64241S,1956-02-01T00:00:00,-63.472880540954414,-64.241142,0.101883351641379,0,12.812629,6.0,COPDEM30,14.46868403
RGI2000-v7.0-G-19-02333,19,19-20,G296525E64230S,1956-02-01T00:00:00,-63.474792033119655,-64.2305405,0.068011266573794,0,25.92125,7.0,COPDEM30,13.65105577
RGI2000-v7.0-G-19-02334,19,19-20,G296487E64248S,1956-02-01T00:00:00,-63.51428854271443,-64.2487005,0.500131625897235,0,2.11601,6.0,COPDEM30,19.90079788
RGI2000-v7.0-G-19-02335,19,19-20,G296452E64238S,1956-02-01T00:00:00,-63.54772223667712,-64.23764750000001,0.022082824812564,0,0.7478725,5.0,COPDEM30,12.08044074
RGI2000-v7.0-G-19-02336,19,19-20,G296418E64281S,1989-11-26T00:00:00,-63.58103971920825,-64.28099499999999,0.030112492287688,0,31.72673,1.0,COPDEM30,12.42941320
RGI2000-v7.0-G-19-02337,19,19-20,G296424E64283S,1989-11-26T00:00:00,-63.575510428571434,-64.2832935,0.018495074465512,0,0.013557948,1.0,COPDEM30,11.90395236
RGI2000-v7.0-G-19-02338,19,19-20,G296403E64312S,1956-02-01T00:00:00,-63.596809864583335,-64.3116845,0.027866113165091,0,1.7060151,7.0,COPDEM30,12.33704047
RGI2000-v7.0-G-19-02339,19,19-20,G296370E64319S,1956-02-01T00:00:00,-63.62944469833949,-64.3185845,0.013788441841404,0,6.660464,6.0,COPDEM30,11.64393875
RGI2000-v7.0-G-19-02340,19,19-20,G296361E64313S,1956-02-01T00:00:00,-63.638862087999996,-64.313306,0.014751386953686,0,7.2984505,3.0,COPDEM30,11.70037403
RGI2000-v7.0-G-19-02341,19,19-20,G296351E64309S,1956-02-01T00:00:00,-63.6485736635169,-64.309402,0.015311155744648,0,16.090195,6.0,TANDEM,11.73233557
RGI2000-v7.0-G-19-02342,19,19-20,G296337E64312S,1956-02-01T00:00:00,-63.65671013268077,-64.311,0.103914264097448,0,0.0,6.0,COPDEM30,14.51300297
RGI2000-v7.0-G-19-02343,19,19-20,G296326E64310S,1956-02-01T00:00:00,-63.67487803383459,-64.310367,0.055387148443816,0,0.0321394,2.0,COPDEM30,13.29482641
RGI2000-v7.0-G-19-02344,19,19-20,G296298E64344S,1956-02-01T00:00:00,-63.70033361959511,-64.34392700000001,0.012062363136752,0,52.19675,6.0,TANDEM,11.53760306
RGI2000-v7.0-G-19-02345,19,19-20,G296310E64349S,1956-02-01T00:00:00,-63.690203209440426,-64.34875600000001,0.017092645501186,0,10.077754,5.0,COPDEM30,11.83034383
RGI2000-v7.0-G-19-02346,19,19-20,G296245E64293S,1956-02-01T00:00:00,-63.75432377697095,-64.2928565,0.023122020339862,0,5.0950475,6.0,COPDEM30,12.12882972
RGI2000-v7.0-G-19-02347,19,19-20,G296249E64290S,1956-02-01T00:00:00,-63.75070415785369,-64.290497,0.015835561670016,0,10.1506,6.0,COPDEM30,11.76175199
RGI2000-v7.0-G-19-02348,19,19-20,G296313E64267S,1956-02-01T00:00:00,-63.68619113768116,-64.2672305,0.021102268268733,0,13.984526,6.0,COPDEM30,12.03372677
RGI2000-v7.0-G-19-02349,19,19-20,G296488E64524S,1989-11-26T00:00:00,-63.54098165146428,-64.51844600000001,231.82525346687976,0,723.94574,8.0,COPDEM90,100.00000000
RGI2000-v7.0-G-19-02350,19,19-20,G297017E64611S,1989-11-26T00:00:00,-62.96616413734051,-64.601471,9.68948850138165,0,662.08923,4.0,COPDEM30,53.57912053
RGI2000-v7.0-G-19-02351,19,19-20,G297325E64684S,1989-11-26T00:00:00,-62.67000319310899,-64.6818915,4.414973648755436,0,172.32936,2.0,COPDEM30,39.41657416
RGI2000-v7.0-G-19-02352,19,19-20,G297377E64687S,1989-11-26T00:00:00,-62.62766190886531,-64.68651399999999,0.730461355140713,0,33.393253,6.0,COPDEM30,21.96538447
RGI2000-v7.0-G-19-02353,19,19-20,G297341E64710S,1989-11-26T00:00:00,-62.64798039912022,-64.7153575,5.433473666450748,0,329.6403,3.0,COPDEM30,42.63373774
RGI2000-v7.0-G-19-02354,19,19-20,G297311E64730S,1989-11-26T00:00:00,-62.676640637124834,-64.7296825,9.666660337231827,0,347.26007,5.0,COPDEM30,53.52775466
RGI2000-v7.0-G-19-02355,19,19-20,G297291E64739S,1989-11-26T00:00:00,-62.70845396686951,-64.7393275,0.027610914026192,0,484.38846,3.0,COPDEM30,12.32631450
RGI2000-v7.0-G-19-02356,19,19-20,G297257E64717S,1989-11-26T00:00:00,-62.73592759930678,-64.7179965,3.178983933856381,0,127.913376,7.0,COPDEM30,34.96158751
RGI2000-v7.0-G-19-02357,19,19-20,G297297E64703S,1989-11-26T00:00:00,-62.697192687817264,-64.699829,4.694732754249874,0,158.1062,8.0,COPDEM30,40.33426478
RGI2000-v7.0-G-19-02358,19,19-20,G297403E64736S,1989-11-26T00:00:00,-62.59636401640755,-64.7361895,1.265764953835638,0,41.674038,7.0,COPDEM30,25.75087080
RGI2000-v7.0-G-19-02359,19,19-20,G297057E64811S,1989-11-26T00:00:00,-62.9475123951613,-64.812691,17.5065019266262,0,154.36655,1.0,COPDEM90,68.57708065
RGI2000-v7.0-G-19-02360,19,19-20,G297022E64822S,1989-11-26T00:00:00,-62.97855729837446,-64.822271,0.012401006686488,0,15.0,7.0,RAMP,11.55903730
RGI2000-v7.0-G-19-02361,19,19-20,G297016E64817S,1989-11-26T00:00:00,-62.985787445736435,-64.816771,0.185763330588319,0,86.4435,6.0,COPDEM30,16.03403785
RGI2000-v7.0-G-19-02362,19,19-20,G296992E64813S,1989-11-26T00:00:00,-63.01004745252007,-64.8128595,0.279087029430714,0,99.68007,5.0,COPDEM30,17.39601634
RGI2000-v7.0-G-19-02363,19,19-20,G296953E64851S,1989-11-26T00:00:00,-63.036505005494504,-64.85018550000001,3.264922021715659,0,108.23872,1.0,COPDEM30,35.29673331
RGI2000-v7.0-G-19-02364,19,19-20,G296912E64864S,1989-11-26T00:00:00,-63.067586755544525,-64.863816,7.938865868195837,0,131.13956,7.0,COPDEM30,49.44639033
RGI2000-v7.0-G-19-02365,19,19-20,G296979E64871S,1989-11-26T00:00:00,-63.02744013428241,-64.869639,5.117036160619659,0,139.02437,2.0,COPDEM30,41.66921356
RGI2000-v7.0-G-19-02366,19,19-20,G296957E64885S,1989-11-26T00:00:00,-63.0228073538718,-64.88624949999999,7.54735041021868,0,168.57233,6.0,COPDEM30,48.46141808
RGI2000-v7.0-G-19-02367,19,19-20,G297025E64869S,1989-11-26T00:00:00,-62.96771193024476,-64.86752200000001,4.414631369113636,0,167.71571,1.0,COPDEM30,39.41543385
RGI2000-v7.0-G-19-02368,19,19-20,G297062E64876S,1989-11-26T00:00:00,-62.93810397182524,-64.8756955,0.022743040740974,0,53.018173,8.0,COPDEM30,12.11131144
RGI2000-v7.0-G-19-02369,19,19-20,G297041E64887S,1989-11-26T00:00:00,-62.93884499340774,-64.8878165,4.292917191818036,0,262.6892,4.0,COPDEM30,39.00709861
RGI2000-v7.0-G-19-02370,19,19-20,G296878E64898S,1989-11-26T00:00:00,-63.122074746798916,-64.8972385,0.81982019454473,0,105.76544,6.0,COPDEM30,22.67614918
RGI2000-v7.0-G-19-02371,19,19-20,G296781E64940S,1990-12-15T00:00:00,-63.21995783032445,-64.93975750000001,0.19759054950543,0,0.0,1.0,COPDEM30,16.22316219
RGI2000-v7.0-G-19-02372,19,19-20,G296784E64943S,1990-12-15T00:00:00,-63.21597661971147,-64.943039,0.037424345196569,0,0.03819945,5.0,COPDEM30,12.70835220
RGI2000-v7.0-G-19-02373,19,19-20,G296764E64945S,1990-12-15T00:00:00,-63.23653240384615,-64.9453065,0.059824436909326,0,18.880447,8.0,TANDEM,13.42426483
RGI2000-v7.0-G-19-02374,19,19-20,G296648E64889S,1989-11-26T00:00:00,-63.35293378779727,-64.8890915,1.359216312577252,0,81.80123,7.0,COPDEM30,26.32196058
RGI2000-v7.0-G-19-02375,19,19-20,G296644E64866S,1989-11-26T00:00:00,-63.35466684442639,-64.86673400000001,3.710583435078708,0,132.10547,5.0,COPDEM30,36.96802465
RGI2000-v7.0-G-19-02376,19,19-20,G296651E64845S,1989-11-26T00:00:00,-63.33956302543786,-64.842157,16.327972101528836,0,264.93478,3.0,COPDEM90,66.57103969
RGI2000-v7.0-G-19-02377,19,19-20,G296610E64870S,1989-11-26T00:00:00,-63.41554134902543,-64.86961,3.044175191516029,0,394.08844,4.0,COPDEM30,34.42659079
RGI2000-v7.0-G-19-02378,19,19-20,G296557E64890S,1989-11-26T00:00:00,-63.4382034054294,-64.8913765,9.209466737867814,0,169.61868,4.0,COPDEM30,52.48594451
RGI2000-v7.0-G-19-02379,19,19-20,G296564E64911S,1990-12-15T00:00:00,-63.4360935036232,-64.9112795,0.023844830519658,0,87.321655,3.0,TANDEM,12.16184800
RGI2000-v7.0-G-19-02380,19,19-20,G296594E64918S,1989-11-26T00:00:00,-63.4086906942446,-64.91891150000001,0.893756522296575,0,64.552826,7.0,COPDEM30,23.23541757
RGI2000-v7.0-G-19-02381,19,19-20,G296568E64940S,1990-12-15T00:00:00,-63.43467018707727,-64.940382,1.419629734113606,0,67.30536,8.0,COPDEM30,26.68075022
RGI2000-v7.0-G-19-02382,19,19-20,G296428E64905S,1989-11-26T00:00:00,-63.57235486270491,-64.9045745,0.048959934654494,0,411.19446,8.0,COPDEM30,13.09776487
RGI2000-v7.0-G-19-02383,19,19-20,G296460E64899S,1989-11-26T00:00:00,-63.565279243207186,-64.8970015,8.900884377324902,0,165.00517,6.0,COPDEM30,51.76808995
RGI2000-v7.0-G-19-02384,19,19-20,G296597E64794S,1989-11-26T00:00:00,-63.453955647775516,-64.7988425,10.108069780716134,0,199.8858,1.0,COPDEM30,54.51046705
RGI2000-v7.0-G-19-02385,19,19-20,G296606E65053S,1989-11-26T00:00:00,-63.39394526499278,-65.0523505,0.213053548999777,0,59.178368,7.0,COPDEM30,16.46208137
RGI2000-v7.0-G-19-02386,19,19-20,G297674E64612S,1989-11-26T00:00:00,-62.32493437806123,-64.612214,0.173003719324551,0,50.567326,5.0,COPDEM30,15.82312021
RGI2000-v7.0-G-19-02387,19,19-20,G297693E64610S,1989-11-26T00:00:00,-62.30776747212584,-64.6094575,0.59685335483445,0,86.51004,5.0,COPDEM30,20.81587988
RGI2000-v7.0-G-19-02388,19,19-20,G297697E64604S,1989-11-26T00:00:00,-62.30421873857405,-64.60390699999999,0.126983213441619,0,139.61923,4.0,COPDEM30,14.98885857
RGI2000-v7.0-G-19-02389,19,19-20,G297685E64599S,1989-11-26T00:00:00,-62.3127842221223,-64.59933749999999,2.631672325392141,0,125.12693,8.0,COPDEM30,32.71140189
RGI2000-v7.0-G-19-02390,19,19-20,G297807E64564S,1956-02-01T00:00:00,-62.19563777777777,-64.564919,0.036460712423361,0,61.621544,8.0,COPDEM30,12.67325637
RGI2000-v7.0-G-19-02391,19,19-20,G297810E64561S,1956-02-01T00:00:00,-62.189633442128056,-64.5607425,0.01298743575828,0,22.747166,8.0,COPDEM30,11.59547404
RGI2000-v7.0-G-19-02392,19,19-20,G297871E64586S,1989-11-26T00:00:00,-62.12170348570995,-64.587036,2.780613745995878,0,244.55423,7.0,COPDEM30,33.34524136
RGI2000-v7.0-G-19-02393,19,19-20,G297909E64599S,1989-11-26T00:00:00,-62.08929281036632,-64.6007765,5.881180447062688,0,279.65005,4.0,COPDEM30,43.95160331
RGI2000-v7.0-G-19-02394,19,19-20,G297883E64607S,1989-11-26T00:00:00,-62.10710708203612,-64.6104465,2.091646977350545,0,119.64388,6.0,COPDEM30,30.24753831
RGI2000-v7.0-G-19-02395,19,19-20,G297943E64586S,1989-11-26T00:00:00,-62.06653337452107,-64.586556,3.486491219547627,0,124.5827,4.0,COPDEM30,36.14100761
RGI2000-v7.0-G-19-02396,19,19-20,G297935E64561S,1989-11-26T00:00:00,-62.04877575238549,-64.5589095,10.958911652535729,0,150.08966,1.0,COPDEM30,56.34594571
RGI2000-v7.0-G-19-02397,19,19-20,G297988E64545S,1989-11-26T00:00:00,-62.00397524899559,-64.537284,1.103250651437722,0,39.613068,7.0,COPDEM30,24.70500349
RGI2000-v7.0-G-19-02398,19,19-20,G297949E64635S,1986-03-01T00:00:00,-62.05107309949496,-64.63497899999999,2.689103014032908,0,123.379616,1.0,COPDEM30,32.95787862
RGI2000-v7.0-G-19-02399,19,19-20,G297955E64641S,1986-03-01T00:00:00,-62.046768867293146,-64.6414495,0.377642708830794,0,126.0175,3.0,COPDEM30,18.60336974
RGI2000-v7.0-G-19-02400,19,19-20,G297960E64649S,1986-03-01T00:00:00,-62.04265893670886,-64.6483035,0.446730875849764,0,94.47331,2.0,COPDEM30,19.35731007
RGI2000-v7.0-G-19-02401,19,19-20,G297955E64652S,1986-03-01T00:00:00,-62.0425867458791,-64.65219400000001,0.134219282872022,0,93.84017,6.0,COPDEM30,15.12903299
RGI2000-v7.0-G-19-02402,19,19-20,G297947E64652S,1986-03-01T00:00:00,-62.05370591400677,-64.65254949999999,0.017201779997668,0,0.0,5.0,COPDEM30,11.83617779
RGI2000-v7.0-G-19-02403,19,19-20,G297947E64647S,1986-03-01T00:00:00,-62.054063020637884,-64.648363,0.257714031826994,0,96.50979,6.0,COPDEM30,17.10717597
RGI2000-v7.0-G-19-02404,19,19-20,G297929E64651S,1986-03-01T00:00:00,-62.07114200000004,-64.651205,0.010186802314045,0,24.964552,4.0,TANDEM,11.41301566
RGI2000-v7.0-G-19-02405,19,19-20,G297927E64650S,1986-03-01T00:00:00,-62.07324233003209,-64.6500385,0.056263142529766,0,51.857418,4.0,COPDEM30,13.32077942
RGI2000-v7.0-G-19-02406,19,19-20,G297966E64658S,1986-03-01T00:00:00,-62.03371094005318,-64.657725,0.33580884599478,0,46.471573,3.0,COPDEM30,18.11286225
RGI2000-v7.0-G-19-02407,19,19-20,G297806E64666S,1986-03-01T00:00:00,-62.18974270833333,-64.6653105,2.494285663269804,0,100.53862,4.0,COPDEM30,32.11063070
RGI2000-v7.0-G-19-02408,19,19-20,G297503E64486S,1989-11-26T00:00:00,-62.49573853551138,-64.4862305,0.125720843576932,0,16.622429,8.0,COPDEM30,14.96399893
RGI2000-v7.0-G-19-02409,19,19-20,G297535E64473S,1989-11-26T00:00:00,-62.48735904404773,-64.4730695,9.587214320038779,0,175.16995,6.0,COPDEM30,53.34851793
RGI2000-v7.0-G-19-02410,19,19-20,G297445E64499S,1956-02-01T00:00:00,-62.556096122162884,-64.49855,0.050073246529198,0,0.0,5.0,COPDEM30,13.13278731
RGI2000-v7.0-G-19-02411,19,19-20,G297397E64490S,1989-11-26T00:00:00,-62.61722143484826,-64.4922685,23.731877994698795,0,199.34933,4.0,COPDEM90,78.20152555
RGI2000-v7.0-G-19-02412,19,19-20,G297352E64480S,1989-11-26T00:00:00,-62.648784,-64.479804,0.026334407025724,0,408.19397,8.0,COPDEM30,12.27190312
RGI2000-v7.0-G-19-02413,19,19-20,G297357E64472S,1989-11-26T00:00:00,-62.646280800057866,-64.4713825,3.383154487205253,0,252.22302,8.0,COPDEM30,35.75069474
RGI2000-v7.0-G-19-02414,19,19-20,G297399E64461S,1989-11-26T00:00:00,-62.60116991423355,-64.46070850000001,0.019152977287473,0,222.96455,8.0,COPDEM30,11.93751995
RGI2000-v7.0-G-19-02415,19,19-20,G297428E64433S,1989-11-26T00:00:00,-62.58130128958334,-64.4369255,12.579779386926251,0,512.9749,5.0,COPDEM30,59.65517858
RGI2000-v7.0-G-19-02416,19,19-20,G297373E64416S,1989-11-26T00:00:00,-62.638148251765564,-64.42070799999999,19.91640275128439,0,230.7991,7.0,COPDEM90,72.47891596
RGI2000-v7.0-G-19-02417,19,19-20,G297461E64380S,1989-11-26T00:00:00,-62.539099999590334,-64.37885299999999,42.59272102983184,0,617.9111,8.0,COPDEM90,100.00000000
RGI2000-v7.0-G-19-02418,19,19-20,G297467E64355S,1989-11-26T00:00:00,-62.53244331486743,-64.3549525,0.011919391718925,0,800.35443,8.0,COPDEM30,11.52846353
RGI2000-v7.0-G-19-02419,19,19-20,G297484E64338S,1989-11-26T00:00:00,-62.493487190489134,-64.333472,23.40009183604196,0,1028.5579,7.0,COPDEM90,77.72309798
RGI2000-v7.0-G-19-02420,19,19-20,G297492E64311S,1989-11-26T00:00:00,-62.50805664552239,-64.3114355,0.015940718709474,0,688.5008,8.0,COPDEM30,11.76759183
RGI2000-v7.0-G-19-02421,19,19-20,G297503E64297S,1989-11-26T00:00:00,-62.500884346853525,-64.298442,7.695405473679854,0,560.3379,8.0,COPDEM30,48.83683140
RGI2000-v7.0-G-19-02422,19,19-20,G297531E64276S,1989-11-26T00:00:00,-62.478632932186365,-64.27726899999999,11.672089901393754,0,725.8251,7.0,COPDEM30,57.83021661
RGI2000-v7.0-G-19-02423,19,19-20,G297540E64267S,1989-11-26T00:00:00,-62.460015121179815,-64.266895,0.025746490947248,0,956.54047,1.0,COPDEM30,12.24639984
RGI2000-v7.0-G-19-02424,19,19-20,G297541E64266S,1989-11-26T00:00:00,-62.45964792119565,-64.2656975,0.01382823075553,0,805.131,8.0,COPDEM30,11.64630897
RGI2000-v7.0-G-19-02425,19,19-20,G297539E64256S,1989-11-26T00:00:00,-62.45531682342932,-64.2549925,7.212244948207789,0,594.39215,7.0,COPDEM30,47.59787241
RGI2000-v7.0-G-19-02426,19,19-20,G297588E64257S,1989-11-26T00:00:00,-62.41159535,-64.2575095,0.0114251944213,0,2268.6501,7.0,COPDEM30,11.49644182
RGI2000-v7.0-G-19-02427,19,19-20,G297575E64278S,1989-11-26T00:00:00,-62.42478055420712,-64.2778265,0.045575476159296,0,1216.4044,7.0,COPDEM30,12.98877790
RGI2000-v7.0-G-19-02428,19,19-20,G297550E64291S,1989-11-26T00:00:00,-62.44999267284689,-64.290897,0.013216235442735,0,1078.6605,1.0,COPDEM30,11.60946642
RGI2000-v7.0-G-19-02429,19,19-20,G297553E64293S,1989-11-26T00:00:00,-62.44732421661409,-64.29316,0.010971830868345,0,1481.6553,8.0,COPDEM30,11.46645111
RGI2000-v7.0-G-19-02430,19,19-20,G297482E64263S,1989-11-26T00:00:00,-62.51763849430641,-64.262595,0.024914209009245,0,184.68167,1.0,COPDEM30,12.20979297
RGI2000-v7.0-G-19-02431,19,19-20,G297572E64236S,1989-11-26T00:00:00,-62.42782588367254,-64.23640800000001,0.010002994388983,0,485.04953,6.0,COPDEM30,11.40020959
RGI2000-v7.0-G-19-02432,19,19-20,G297567E64230S,1989-11-26T00:00:00,-62.43340835313299,-64.23011149999999,0.011878368061785,0,258.01117,7.0,COPDEM30,11.52583097
RGI2000-v7.0-G-19-02433,19,19-20,G297583E64207S,1989-11-26T00:00:00,-62.413182596412526,-64.2098125,43.156284498661606,0,1020.14844,7.0,COPDEM90,100.00000000
RGI2000-v7.0-G-19-02434,19,19-20,G297508E64186S,1989-11-26T00:00:00,-62.50345181766005,-64.186115,13.731846072189011,0,772.3613,6.0,COPDEM90,61.87910784
RGI2000-v7.0-G-19-02435,19,19-20,G297452E64150S,1989-11-26T00:00:00,-62.52940721453168,-64.152522,28.304567348674695,0,463.62073,7.0,COPDEM90,84.48285172
RGI2000-v7.0-G-19-02436,19,19-20,G297518E64091S,1989-11-26T00:00:00,-62.48339995500974,-64.0940335,63.75296359009795,0,525.2405,8.0,COPDEM90,100.00000000
RGI2000-v7.0-G-19-02437,19,19-20,G297448E64039S,1989-11-26T00:00:00,-62.55131230049669,-64.0386305,0.011318941576506,0,51.267414,8.0,COPDEM30,11.48946720
RGI2000-v7.0-G-19-02438,19,19-20,G297602E64031S,1989-11-26T00:00:00,-62.38936384065124,-64.035147,28.10957797484388,0,530.0637,1.0,COPDEM90,84.22585320
RGI2000-v7.0-G-19-02439,19,19-20,G297607E64010S,1989-11-26T00:00:00,-62.393071791044775,-64.009593,0.010148009022348,0,16.5,8.0,RAMP,11.41032258
RGI2000-v7.0-G-19-02440,19,19-20,G297702E64019S,1989-11-26T00:00:00,-62.2977534067669,-64.019166,0.036454862989212,0,0.0287185,3.0,COPDEM30,12.67304193
RGI2000-v7.0-G-19-02441,19,19-20,G297727E64031S,1989-11-26T00:00:00,-62.27321143134715,-64.0315305,0.015735019862117,0,20.356415,2.0,COPDEM30,11.75615030
RGI2000-v7.0-G-19-02442,19,19-20,G297727E64036S,1989-11-26T00:00:00,-62.272627338862556,-64.0359105,0.013294052463498,0,0.0,6.0,COPDEM90,11.61419772
RGI2000-v7.0-G-19-02443,19,19-20,G297727E64037S,1989-11-26T00:00:00,-62.272768447397944,-64.037556,0.019830808478666,0,0.0,3.0,COPDEM30,11.97150665
RGI2000-v7.0-G-19-02444,19,19-20,G297716E64040S,1989-11-26T00:00:00,-62.28555090587592,-64.040424,0.052849903786322,0,439.11212,4.0,COPDEM30,13.21847497
RGI2000-v7.0-G-19-02445,19,19-20,G297712E64042S,1989-11-26T00:00:00,-62.289728442307684,-64.04150150000001,0.063837460915473,0,413.5551,4.0,COPDEM30,13.53725068
RGI2000-v7.0-G-19-02446,19,19-20,G297646E64088S,1989-11-26T00:00:00,-62.32417497255585,-64.0832455,68.6733666808409,0,575.2205,3.0,COPDEM90,100.00000000
RGI2000-v7.0-G-19-02447,19,19-20,G297690E64148S,1989-11-26T00:00:00,-62.34382165990783,-64.154978,65.26915810426361,0,818.97046,2.0,COPDEM90,100.00000000
RGI2000-v7.0-G-19-02448,19,19-20,G297773E64221S,1989-11-26T00:00:00,-62.21595732502914,-64.1936525,30.8940427029153,0,914.1173,2.0,COPDEM90,87.81537361
RGI2000-v7.0-G-19-02449,19,19-20,G297852E64204S,1989-11-26T00:00:00,-62.14422596666665,-64.20480699999999,12.132531474802777,0,328.8312,1.0,COPDEM30,58.76449701
RGI2000-v7.0-G-19-02450,19,19-20,G297894E64215S,1989-11-26T00:00:00,-62.11395923777292,-64.212362,3.75102311680002,0,556.0216,2.0,COPDEM30,37.11458152
RGI2000-v7.0-G-19-02451,19,19-20,G297920E64224S,1989-11-26T00:00:00,-62.07590326683305,-64.2245635,2.685391508886896,0,262.55066,3.0,COPDEM30,32.94202990
RGI2000-v7.0-G-19-02452,19,19-20,G297943E64225S,1956-02-01T00:00:00,-62.056964354932305,-64.224834,0.028134077922716,0,40.04849,4.0,TANDEM,12.34825026
RGI2000-v7.0-G-19-02453,19,19-20,G297979E64249S,1989-11-26T00:00:00,-62.03394583201498,-64.2477305,0.69728473022989,0,83.77001,8.0,COPDEM30,21.69050072
RGI2000-v7.0-G-19-02454,19,19-20,G297971E64249S,1989-11-26T00:00:00,-62.029525299165606,-64.24896849999999,0.024209074088734,0,261.09683,8.0,COPDEM30,12.17829716
RGI2000-v7.0-G-19-02455,19,19-20,G297982E64252S,1989-11-26T00:00:00,-62.01426200609324,-64.2537575,0.119893669925951,0,40.685246,3.0,COPDEM30,14.84759315
RGI2000-v7.0-G-19-02456,19,19-20,G297980E64259S,1989-11-26T00:00:00,-62.01965055179282,-64.2584225,0.039363688980561,0,52.31572,4.0,COPDEM30,12.77763983
RGI2000-v7.0-G-19-02457,19,19-20,G297973E64263S,1989-11-26T00:00:00,-62.02651128895557,-64.26286200000001,0.137462341483396,0,120.472946,3.0,COPDEM30,15.19062799
RGI2000-v7.0-G-19-02458,19,19-20,G297943E64270S,1989-11-26T00:00:00,-62.0474315572168,-64.26744500000001,6.16719079082517,0,291.8438,4.0,COPDEM30,44.76736106
RGI2000-v7.0-G-19-02459,19,19-20,G297932E64265S,1989-11-26T00:00:00,-62.06768248809524,-64.264476,0.014811087690939,0,280.37958,8.0,COPDEM30,11.70381137
RGI2000-v7.0-G-19-02460,19,19-20,G297935E64261S,1989-11-26T00:00:00,-62.06723268256815,-64.2609925,0.164198263625752,0,17.186613,8.0,COPDEM30,15.67299389
RGI2000-v7.0-G-19-02461,19,19-20,G297926E64271S,1956-02-01T00:00:00,-62.074038109638536,-64.2697555,0.235274398422183,0,341.73743,8.0,COPDEM30,16.79071293
RGI2000-v7.0-G-19-02462,19,19-20,G297881E64238S,1989-11-26T00:00:00,-62.13263240430231,-64.2399315,7.459855600442071,0,721.7829,4.0,COPDEM30,48.23783071
RGI2000-v7.0-G-19-02463,19,19-20,G297798E64245S,1989-11-26T00:00:00,-62.20124893243241,-64.249891,37.53080186667772,0,901.3583,4.0,COPDEM90,95.76734324
RGI2000-v7.0-G-19-02464,19,19-20,G297699E64288S,1989-11-26T00:00:00,-62.29539266263094,-64.2862255,110.33945508377579,0,1035.9926,4.0,COPDEM90,100.00000000
RGI2000-v7.0-G-19-02465,19,19-20,G297710E64354S,1989-11-26T00:00:00,-62.2778603994242,-64.3545145,11.5030291543182,0,623.5166,4.0,COPDEM30,57.48256221
RGI2000-v7.0-G-19-02466,19,19-20,G297781E64353S,1989-11-26T00:00:00,-62.21926323158195,-64.35307900000001,0.025203189289188,0,377.92377,3.0,COPDEM30,12.22257173
RGI2000-v7.0-G-19-02467,19,19-20,G297801E64348S,1956-02-01T00:00:00,-62.19899653272705,-64.3478145,0.032826654834081,0,0.0,5.0,ASTER,12.53653787
RGI2000-v7.0-G-19-02468,19,19-20,G297862E64337S,1989-11-26T00:00:00,-62.14193030127588,-64.338584,3.479252708451814,0,154.25818,6.0,COPDEM30,36.11385707
RGI2000-v7.0-G-19-02469,19,19-20,G297772E64373S,1989-11-26T00:00:00,-62.23570568181818,-64.374803,8.947393354330796,0,153.06787,4.0,COPDEM30,51.87707126
RGI2000-v7.0-G-19-02470,19,19-20,G297713E64425S,1989-11-26T00:00:00,-62.287942405160734,-64.42515399999999,0.520713667135739,0,72.782585,8.0,COPDEM30,20.10246894
RGI2000-v7.0-G-19-02471,19,19-20,G297641E64418S,1989-11-26T00:00:00,-62.35462131052631,-64.4214825,10.945687711780472,0,291.06952,3.0,COPDEM30,56.31797482
RGI2000-v7.0-G-19-02472,19,19-20,G297613E64430S,1989-11-26T00:00:00,-62.385172772329796,-64.429209,6.460059349269114,0,394.4163,4.0,COPDEM30,45.58330553
RGI2000-v7.0-G-19-02473,19,19-20,G297592E64455S,1989-11-26T00:00:00,-62.40305383649964,-64.457394,9.315895075394716,0,262.16367,3.0,COPDEM30,52.73073174
RGI2000-v7.0-G-19-02474,19,19-20,G297515E64426S,1989-11-26T00:00:00,-62.47570382338332,-64.428949,40.96663492914307,0,552.6768,5.0,COPDEM90,99.60725666
RGI2000-v7.0-G-19-02475,19,19-20,G297641E64398S,1989-11-26T00:00:00,-62.39111475883472,-64.398966,4.086373826949819,0,333.08447,3.0,COPDEM30,38.30069381
RGI2000-v7.0-G-19-02476,19,19-20,G297610E64350S,1989-11-26T00:00:00,-62.40544120230264,-64.34113550000001,57.14521865356716,0,983.2484,4.0,COPDEM90,100.00000000
RGI2000-v7.0-G-19-02477,19,19-20,G297471E64319S,1989-11-26T00:00:00,-62.534806502279636,-64.3182345,5.054069787769043,0,405.39804,8.0,COPDEM30,41.47376175
RGI2000-v7.0-G-19-02478,19,19-20,G297128E64326S,1956-02-01T00:00:00,-62.87247425149482,-64.32640549999999,0.115159210500846,0,16.145061,5.0,COPDEM30,14.75091625
RGI2000-v7.0-G-19-02479,19,19-20,G297125E64323S,1956-02-01T00:00:00,-62.87481310084809,-64.3228765,0.080214371265635,0,4.492904,7.0,COPDEM30,13.96509984
RGI2000-v7.0-G-19-02480,19,19-20,G297109E64345S,1989-11-26T00:00:00,-62.893770993559585,-64.3454525,0.428722005812009,0,53.072716,7.0,COPDEM30,19.16676132
RGI2000-v7.0-G-19-02481,19,19-20,G297065E64351S,1956-02-01T00:00:00,-62.93517294803149,-64.350988,0.058651937597347,0,3.2718687,7.0,COPDEM30,13.39054270
RGI2000-v7.0-G-19-02482,19,19-20,G297003E64313S,1956-02-01T00:00:00,-62.996600909357184,-64.31313349999999,0.061857820722883,0,4.0600433,6.0,COPDEM30,13.48197255
RGI2000-v7.0-G-19-02483,19,19-20,G297101E64293S,1989-11-26T00:00:00,-62.89886968421054,-64.293127,0.023054103360317,0,12.609818,5.0,COPDEM30,12.12570089
RGI2000-v7.0-G-19-02484,19,19-20,G297141E64405S,1956-02-01T00:00:00,-62.870350029212815,-64.40614049999999,3.211592153499848,0,177.24097,1.0,COPDEM30,35.08928182
RGI2000-v7.0-G-19-02485,19,19-20,G297145E64421S,1956-02-01T00:00:00,-62.85528466071391,-64.420808,0.055278591650799,0,0.0,5.0,ASTER,13.29159596
RGI2000-v7.0-G-19-02486,19,19-20,G297133E64424S,1956-02-01T00:00:00,-62.86718426905371,-64.4239445,0.117574288423049,0,26.263891,5.0,COPDEM30,14.80047503
RGI2000-v7.0-G-19-02487,19,19-20,G297125E64424S,1956-02-01T00:00:00,-62.87513165630283,-64.423975,0.025061886082305,0,0.0,5.0,COPDEM30,12.21633248
RGI2000-v7.0-G-19-02488,19,19-20,G297137E64433S,1956-02-01T00:00:00,-62.862893592580306,-64.433164,0.025355876578257,0,22.629742,7.0,TANDEM,12.22929402
RGI2000-v7.0-G-19-02489,19,19-20,G297162E64444S,1956-02-01T00:00:00,-62.83789938720912,-64.443911,0.289905272468205,0,0.026964966,5.0,COPDEM30,17.53799930
RGI2000-v7.0-G-19-02490,19,19-20,G297181E64411S,1956-02-01T00:00:00,-62.81919089738294,-64.41136700000001,0.05032457652416,0,1.6492304,8.0,COPDEM30,13.14063958
RGI2000-v7.0-G-19-02491,19,19-20,G297098E64415S,1956-02-01T00:00:00,-62.90169423153034,-64.41521,0.182888576050583,0,16.12029,6.0,COPDEM30,15.98716635
RGI2000-v7.0-G-19-02492,19,19-20,G297260E64482S,1989-11-26T00:00:00,-62.73480818365598,-64.480789,13.317474555882239,0,269.10358,7.0,COPDEM90,61.09036125
RGI2000-v7.0-G-19-02493,19,19-20,G297330E64488S,1989-11-26T00:00:00,-62.67885664301562,-64.4899825,2.725230281926678,0,253.60083,7.0,COPDEM30,33.11158011
RGI2000-v7.0-G-19-02494,19,19-20,G297994E64244S,1989-11-26T00:00:00,-62.00497146548027,-64.24385649999999,0.768333384128251,0,112.440475,3.0,COPDEM30,22.27164795
RGI2000-v7.0-G-19-02495,19,19-20,G297926E64196S,1989-11-26T00:00:00,-62.07313843079185,-64.19566649999999,0.128469944600477,0,47.999985,6.0,COPDEM30,15.01797859
RGI2000-v7.0-G-19-02496,19,19-20,G297889E64147S,1989-11-26T00:00:00,-62.125099574664816,-64.1486875,10.33964292431986,0,233.46918,4.0,COPDEM30,55.01744121
RGI2000-v7.0-G-19-02497,19,19-20,G297893E64133S,1989-11-26T00:00:00,-62.115110077695576,-64.1325445,3.903318624290444,0,208.82202,3.0,COPDEM30,37.65954538
RGI2000-v7.0-G-19-02498,19,19-20,G297836E64138S,1989-11-26T00:00:00,-62.1645300952381,-64.1385535,0.01055158945889,0,916.1135,1.0,COPDEM30,11.43809302
RGI2000-v7.0-G-19-02499,19,19-20,G297824E64136S,1989-11-26T00:00:00,-62.1759301887931,-64.135808,0.013658722079723,0,793.8467,2.0,COPDEM30,11.63618750
RGI2000-v7.0-G-19-02500,19,19-20,G297841E64126S,1989-11-26T00:00:00,-62.17441529888027,-64.12616399999999,4.193195596896791,0,301.96252,1.0,COPDEM30,38.66821126
RGI2000-v7.0-G-19-02501,19,19-20,G297841E64119S,1989-11-26T00:00:00,-62.15909076030334,-64.11934199999999,0.075119991144389,0,190.13579,8.0,COPDEM30,13.83712370
RGI2000-v7.0-G-19-02502,19,19-20,G297893E64109S,1989-11-26T00:00:00,-62.101853378388284,-64.1067955,0.230244453793507,0,96.422485,8.0,COPDEM30,16.71773123
RGI2000-v7.0-G-19-02503,19,19-20,G297915E64103S,1989-11-26T00:00:00,-62.08322923110627,-64.10313199999999,0.147560656437647,0,35.117775,5.0,COPDEM30,15.37790746
RGI2000-v7.0-G-19-02504,19,19-20,G297924E64098S,1989-11-26T00:00:00,-62.07454331775702,-64.09737000000001,0.328082137598862,0,90.4292,8.0,COPDEM30,18.01898366
RGI2000-v7.0-G-19-02505,19,19-20,G297938E64094S,1989-11-26T00:00:00,-62.062927441588755,-64.0940965,0.734878954568389,0,147.04266,1.0,COPDEM30,22.00151137
RGI2000-v7.0-G-19-02506,19,19-20,G297939E64099S,1989-11-26T00:00:00,-62.06093139982948,-64.0988185,0.112461458084711,0,182.02795,4.0,COPDEM30,14.69493832
RGI2000-v7.0-G-19-02507,19,19-20,G297937E64104S,1989-11-26T00:00:00,-62.060897295899466,-64.103618,0.862031634432606,0,55.995064,5.0,COPDEM30,22.99839222
RGI2000-v7.0-G-19-02508,19,19-20,G297943E64090S,1989-11-26T00:00:00,-62.05738278306566,-64.089737,0.104649185214944,0,75.162506,8.0,COPDEM30,14.52893368
RGI2000-v7.0-G-19-02509,19,19-20,G298002E64074S,1989-11-26T00:00:00,-61.99531707392997,-64.0766705,5.735717371841003,0,170.34947,5.0,COPDEM30,43.52910087
RGI2000-v7.0-G-19-02510,19,19-20,G298037E64058S,1989-11-26T00:00:00,-61.96923487203948,-64.0609965,5.666540598570239,0,323.44852,4.0,COPDEM30,43.32629528
RGI2000-v7.0-G-19-02511,19,19-20,G298056E64038S,1989-11-26T00:00:00,-61.953252357303796,-64.039781,7.919687857340866,0,415.58075,4.0,COPDEM30,49.39871597
RGI2000-v7.0-G-19-02512,19,19-20,G298048E64014S,1989-11-26T00:00:00,-61.9543696989483,-64.01563,7.564672520383983,0,225.04315,8.0,COPDEM30,48.50552965
RGI2000-v7.0-G-19-02513,19,19-20,G298103E64017S,1989-11-26T00:00:00,-61.90906269001878,-64.01932049999999,6.107504489797876,0,427.4008,4.0,COPDEM30,44.59871211
RGI2000-v7.0-G-19-02514,19,19-20,G298094E63995S,1989-11-26T00:00:00,-61.91122381161161,-63.994668000000004,6.059508994292797,0,210.09605,8.0,COPDEM30,44.46249792
RGI2000-v7.0-G-19-02515,19,19-20,G298086E63987S,1989-11-26T00:00:00,-61.91402586976744,-63.9868545,0.019399254557837,0,0.042258598,8.0,COPDEM30,11.94993689
RGI2000-v7.0-G-19-02516,19,19-20,G298148E63998S,1989-11-26T00:00:00,-61.85736041000001,-63.9993575,5.18875491693091,0,276.67532,3.0,COPDEM30,41.89037415
RGI2000-v7.0-G-19-02517,19,19-20,G298179E63972S,1989-11-26T00:00:00,-61.808444511270494,-63.971265,3.450962449498894,0,90.71969,6.0,COPDEM30,36.00747277
RGI2000-v7.0-G-19-02518,19,19-20,G298002E64025S,1989-11-26T00:00:00,-61.9968603545794,-64.0235495,6.307813574646862,0,224.09583,8.0,COPDEM30,45.16150538
RGI2000-v7.0-G-19-02519,19,19-20,G297954E63993S,1956-02-01T00:00:00,-62.04557371798081,-63.992601,0.046766458695001,0,47.479797,1.0,TANDEM,13.02757756
RGI2000-v7.0-G-19-02520,19,19-20,G297972E64058S,1989-11-26T00:00:00,-62.03151964037433,-64.058328,11.676017584855996,0,237.78023,7.0,COPDEM30,57.83826342
RGI2000-v7.0-G-19-02521,19,19-20,G297998E64122S,1989-11-26T00:00:00,-62.001950846153846,-64.122294,0.500400605727928,0,69.128426,6.0,COPDEM30,19.90345994
RGI2000-v7.0-G-19-02522,19,19-20,G297963E64145S,1989-11-26T00:00:00,-62.03803012854192,-64.1450605,4.829024920041665,0,125.510376,2.0,COPDEM30,40.76505947
RGI2000-v7.0-G-19-02523,19,19-20,G297805E64159S,1989-11-26T00:00:00,-62.18536442696886,-64.1581925,12.804482565106461,0,514.62714,4.0,COPDEM30,60.09669233
RGI2000-v7.0-G-19-02524,19,19-20,G298289E64138S,1989-11-26T00:00:00,-61.70379314350649,-64.1354015,25.428989000271617,0,183.9339,7.0,COPDEM90,80.59803003
RGI2000-v7.0-G-19-02525,19,19-20,G298439E64345S,2000-11-17T00:00:00,-61.560582445084336,-64.34504749999999,0.070217286490557,0,14.932515,8.0,COPDEM30,13.70979624
RGI2000-v7.0-G-19-02526,19,19-20,G298415E64348S,1986-03-01T00:00:00,-61.58325818723479,-64.3483085,0.780783903371142,0,18.912632,7.0,COPDEM30,22.37067682
RGI2000-v7.0-G-19-02527,19,19-20,G298388E64358S,1986-03-01T00:00:00,-61.6125615986896,-64.35772399999999,0.010048068383659,0,187.23392,8.0,COPDEM30,11.40336075
RGI2000-v7.0-G-19-02528,19,19-20,G298399E64365S,1986-03-01T00:00:00,-61.60184082894736,-64.3661205,2.410458385538225,0,132.11195,8.0,COPDEM30,31.73591138
RGI2000-v7.0-G-19-02529,19,19-20,G298441E64368S,1986-03-01T00:00:00,-61.558301797604116,-64.3655765,6.107148343883869,0,170.74577,2.0,COPDEM30,44.59770333
RGI2000-v7.0-G-19-02530,19,19-20,G298448E64377S,1986-03-01T00:00:00,-61.55184089719626,-64.3771995,0.011208379922266,0,437.33383,2.0,COPDEM30,11.48217491
RGI2000-v7.0-G-19-02531,19,19-20,G298444E64387S,1986-03-01T00:00:00,-61.55473165972222,-64.3874345,6.069987165029461,0,216.6292,5.0,COPDEM30,44.49228152
RGI2000-v7.0-G-19-02532,19,19-20,G298494E64381S,1986-03-01T00:00:00,-61.498839708302114,-64.3828225,3.990611400622684,0,125.96186,2.0,COPDEM30,37.96712060
RGI2000-v7.0-G-19-02533,19,19-20,G298494E64515S,1956-02-01T00:00:00,-61.50634767448207,-64.51500150000001,0.069113130364063,0,22.0,8.0,ASTER,13.68051268
RGI2000-v7.0-G-19-02534,19,19-20,G298507E64515S,1956-02-01T00:00:00,-61.49314320588235,-64.5151085,0.023060824602329,0,11.0,2.0,ASTER,12.12601073
RGI2000-v7.0-G-19-02535,19,19-20,G298929E64286S,2000-11-17T00:00:00,-61.070337079873774,-64.28546750000001,0.160288668389294,0,50.944595,1.0,COPDEM30,15.60504942
RGI2000-v7.0-G-19-02536,19,19-20,G298928E64282S,2000-11-17T00:00:00,-61.07174520700291,-64.2821845,0.030921783696981,0,3.438238,1.0,COPDEM30,12.46184273
RGI2000-v7.0-G-19-02537,19,19-20,G298961E64202S,1986-01-03T00:00:00,-61.046067020515274,-64.191238,1.740499287594683,0,78.15127,8.0,COPDEM30,28.46991771
RGI2000-v7.0-G-19-02538,19,19-20,G298893E64171S,1956-02-01T00:00:00,-61.11650894656822,-64.16889499999999,1.668327882376009,0,16.681501,6.0,COPDEM30,28.08292744
RGI2000-v7.0-G-19-02539,19,19-20,G298554E63941S,1989-11-26T00:00:00,-61.43221399035573,-63.9365025,5.012662275935434,0,154.45804,5.0,COPDEM30,41.34456581
RGI2000-v7.0-G-19-02540,19,19-20,G298613E63901S,1956-02-01T00:00:00,-61.38745591805129,-63.901276499999994,0.729885173249387,0,108.329124,3.0,COPDEM30,21.96066444
RGI2000-v7.0-G-19-02541,19,19-20,G298330E63758S,1989-11-26T00:00:00,-61.66266488296433,-63.764081,39.47006138673373,0,185.0487,3.0,COPDEM90,97.95528427
RGI2000-v7.0-G-19-02542,19,19-20,G298225E63725S,1956-02-01T00:00:00,-61.774053689473696,-63.72561,0.584648189240684,0,0.15847498,2.0,COPDEM30,20.70472069
RGI2000-v7.0-G-19-02543,19,19-20,G299054E63854S,1986-03-01T00:00:00,-60.93996879140866,-63.853128,2.016410528682442,0,79.40268,4.0,COPDEM30,29.88005190
RGI2000-v7.0-G-19-02544,19,19-20,G299263E63807S,1986-03-01T00:00:00,-60.73730856623277,-63.7966585,143.40917437163532,0,333.9677,4.0,COPDEM90,100.00000000
RGI2000-v7.0-G-19-02545,19,19-20,G300161E63613S,1986-03-01T00:00:00,-59.83901122847683,-63.613021,0.157379287650398,0,3.1637464,5.0,COPDEM30,15.55394818
RGI2000-v7.0-G-19-02546,19,19-20,G300176E63577S,1986-03-01T00:00:00,-59.83527370588236,-63.5751245,20.447673255953532,0,198.37918,4.0,COPDEM90,73.30674497
RGI2000-v7.0-G-19-02547,19,19-20,G301313E63317S,1986-03-01T00:00:00,-58.69006875898752,-63.317471,10.224673727825119,0,144.12433,5.0,COPDEM30,54.76646123
RGI2000-v7.0-G-19-02548,19,19-20,G295123E65894S,1997-10-01T00:00:00,-64.8796074186474,-65.8918855,4.995781237748892,0,80.524254,7.0,COPDEM30,41.29174208
RGI2000-v7.0-G-19-02549,19,19-20,G295266E65991S,1989-11-26T00:00:00,-64.72709309027778,-65.9916085,0.722721300336299,0,79.85837,6.0,COPDEM30,21.90182233
RGI2000-v7.0-G-19-02550,19,19-20,G293280E66192S,1989-11-26T00:00:00,-66.67850708660353,-66.19640100000001,186.32554343012555,0,194.53703,7.0,COPDEM90,100.00000000
RGI2000-v7.0-G-19-02551,19,19-20,G293001E66270S,1989-11-26T00:00:00,-67.0237285345951,-66.264849,31.594435389996097,0,132.87624,6.0,COPDEM90,88.69249860
RGI2000-v7.0-G-19-02552,19,19-20,G292834E66263S,1989-11-26T00:00:00,-67.17190610471425,-66.25921199999999,6.4306617980932,0,117.52808,7.0,COPDEM30,45.50224940
RGI2000-v7.0-G-19-02553,19,19-20,G292902E66353S,1989-11-26T00:00:00,-67.07542862533158,-66.3565725,33.173871508257506,0,139.1814,4.0,COPDEM90,90.63546872
RGI2000-v7.0-G-19-02554,19,19-20,G292871E66418S,1989-11-26T00:00:00,-67.1254048229712,-66.4165675,2.123436435565312,0,91.67806,6.0,COPDEM30,30.40082208
RGI2000-v7.0-G-19-02555,19,19-20,G292898E66442S,1956-02-01T00:00:00,-67.10542192418026,-66.4419335,0.45195530306002,0,0.0,6.0,COPDEM30,19.41186695
RGI2000-v7.0-G-19-02556,19,19-20,G292778E66392S,1989-11-26T00:00:00,-67.21381335425065,-66.390949,10.719312765909983,0,126.704865,7.0,COPDEM30,55.83650622
RGI2000-v7.0-G-19-02557,19,19-21,G295049E68034S,2001-11-22T00:00:00,-64.93400378902905,-68.033558,3.091929407757509,0,107.067215,4.0,COPDEM30,34.61743618
RGI2000-v7.0-G-19-02558,19,19-21,G295108E67657S,1956-02-01T00:00:00,-64.91057497271916,-67.66241500000001,13.363716342132326,0,104.12732,5.0,COPDEM90,61.17898400
RGI2000-v7.0-G-19-02559,19,19-21,G295123E67636S,1956-02-01T00:00:00,-64.87752122923078,-67.6357445,0.020435926265193,0,484.85675,1.0,COPDEM30,12.00135992
RGI2000-v7.0-G-19-02560,19,19-21,G295065E67628S,1956-02-01T00:00:00,-64.9263096441093,-67.63337250000001,21.85316948650575,0,105.83548,7.0,COPDEM90,75.44632319
RGI2000-v7.0-G-19-02561,19,19-21,G295170E67610S,1956-02-01T00:00:00,-64.80288212032303,-67.612354,25.620908544975368,0,181.5697,1.0,COPDEM90,80.86394058
RGI2000-v7.0-G-19-02562,19,19-21,G295214E67651S,1956-02-01T00:00:00,-64.78759033646003,-67.6562145,12.105660113988055,0,93.988464,5.0,COPDEM30,58.71046481
RGI2000-v7.0-G-19-02563,19,19-21,G295319E67635S,1956-02-01T00:00:00,-64.67780114556679,-67.638503,50.8842907542242,0,173.28012,3.0,COPDEM90,100.00000000
RGI2000-v7.0-G-19-02564,19,19-21,G296331E66530S,1956-02-01T00:00:00,-63.67549838210266,-66.5316655,7.788316397445867,0,86.142235,6.0,COPDEM30,49.07057734
RGI2000-v7.0-G-19-02565,19,19-21,G299730E65066S,2000-02-21T00:00:00,-60.29421814684329,-65.0693725,11.428911658707074,0,55.792137,7.0,COPDEM30,57.32934275
RGI2000-v7.0-G-19-02566,19,19-21,G299758E65080S,2000-02-21T00:00:00,-60.24223830267146,-65.07970800000001,0.025696332099001,0,151.52348,3.0,COPDEM30,12.24421057
RGI2000-v7.0-G-19-02567,19,19-21,G299777E65080S,2000-02-21T00:00:00,-60.22257562715515,-65.0802095,0.011894557863537,0,117.51136,3.0,COPDEM30,11.52687044
RGI2000-v7.0-G-19-02568,19,19-21,G299780E65082S,2000-02-21T00:00:00,-60.22001717920354,-65.082492,0.099002561527963,0,122.50414,2.0,COPDEM30,14.40505415
RGI2000-v7.0-G-19-02569,19,19-21,G299783E65084S,2000-02-21T00:00:00,-60.21786095614035,-65.084222,0.026211910235265,0,141.73564,2.0,COPDEM30,12.26661298
RGI2000-v7.0-G-19-02570,19,19-21,G299793E65082S,2000-02-21T00:00:00,-60.20694337643678,-65.0817065,0.01633900191474,0,51.506516,2.0,COPDEM30,11.78953748
RGI2000-v7.0-G-19-02571,19,19-21,G299784E65073S,2000-02-21T00:00:00,-60.215223094936704,-65.07283799999999,0.022427895317199,0,6.509198,3.0,COPDEM30,12.09663241
RGI2000-v7.0-G-19-02572,19,19-21,G299775E65067S,2000-02-21T00:00:00,-60.22428112484994,-65.0669255,0.022247782111748,0,94.0,3.0,RAMP,12.08819666
RGI2000-v7.0-G-19-02573,19,19-21,G299928E65031S,2000-02-21T00:00:00,-60.07593604381029,-65.0318335,1.722429719620428,0,86.28598,7.0,COPDEM30,28.37379180
RGI2000-v7.0-G-19-02574,19,19-21,G300311E64927S,2000-02-21T00:00:00,-59.694953729719934,-64.926196,1.759454045285101,0,0.018875765,7.0,COPDEM30,28.57021790
RGI2000-v7.0-G-19-02575,19,19-21,G300438E65094S,1997-09-01T00:00:00,-59.57854960558414,-65.094466,10.512685023468217,0,54.25611,8.0,COPDEM30,55.39257940
RGI2000-v7.0-G-19-02576,19,19-21,G300350E65170S,2000-02-21T00:00:00,-59.661223814465416,-65.1751535,172.8488714249262,0,132.8717,1.0,COPDEM90,100.00000000
RGI2000-v7.0-G-19-02577,19,19-21,G301791E64382S,2000-02-21T00:00:00,-58.206504395985405,-64.381205,0.825123822242083,0,73.69544,5.0,COPDEM30,22.71708572
RGI2000-v7.0-G-19-02578,19,19-21,G301892E64380S,1988-02-29T00:00:00,-58.10738229280868,-64.379533,0.342587110521635,0,228.8576,5.0,COPDEM30,18.19433180
RGI2000-v7.0-G-19-02579,19,19-21,G301917E64368S,1988-02-29T00:00:00,-58.08260663260034,-64.3683675,0.345279035689514,0,50.498055,3.0,COPDEM30,18.22646285
RGI2000-v7.0-G-19-02580,19,19-21,G302408E64360S,2000-02-21T00:00:00,-57.592277411464366,-64.360231,0.16002438076639,0,30.202091,4.0,COPDEM30,15.60042665
RGI2000-v7.0-G-19-02581,19,19-21,G302512E64314S,1988-02-29T00:00:00,-57.48802947582891,-64.31432649999999,0.104517984636361,0,374.96072,1.0,COPDEM30,14.52609379
RGI2000-v7.0-G-19-02582,19,19-21,G302589E64324S,1988-02-29T00:00:00,-57.4114025445966,-64.323769,0.167801390422999,0,242.23012,2.0,COPDEM30,15.73489952
RGI2000-v7.0-G-19-02583,19,19-21,G302651E64345S,1988-02-29T00:00:00,-57.3442342022293,-64.344211,0.107748009520352,0,238.78789,1.0,COPDEM30,14.59549887
RGI2000-v7.0-G-19-02584,19,19-21,G302649E64362S,1988-02-29T00:00:00,-57.33771500107269,-64.356973,1.286107727064181,0,290.2576,2.0,COPDEM30,25.87693656
RGI2000-v7.0-G-19-02585,19,19-21,G302680E64367S,1988-02-29T00:00:00,-57.315612643198634,-64.367231,0.153361510527494,0,133.6094,3.0,COPDEM30,15.48259574
RGI2000-v7.0-G-19-02586,19,19-21,G302658E64373S,1988-02-29T00:00:00,-57.34047880349014,-64.3729165,0.46333281499361,0,206.26831,5.0,COPDEM30,19.52959767
RGI2000-v7.0-G-19-02587,19,19-21,G302632E64274S,1988-02-29T00:00:00,-57.36729525105264,-64.27217300000001,0.232504817307357,0,268.72498,4.0,COPDEM30,16.75062547
RGI2000-v7.0-G-19-02588,19,19-21,G302625E64271S,1988-02-29T00:00:00,-57.375376615384624,-64.27093149999999,0.11094266977272,0,610.74927,4.0,COPDEM30,14.66312806
RGI2000-v7.0-G-19-02589,19,19-21,G302609E64265S,1988-02-29T00:00:00,-57.38998288338433,-64.263754,1.211261964212788,0,721.166,2.0,COPDEM30,25.40802859
RGI2000-v7.0-G-19-02590,19,19-21,G302580E64258S,1988-02-29T00:00:00,-57.418484944763115,-64.2577895,0.26777285950238,0,719.05286,2.0,COPDEM30,17.24454833
RGI2000-v7.0-G-19-02591,19,19-21,G302684E64264S,1988-02-29T00:00:00,-57.31577650167225,-64.2644835,0.027376036371768,0,7.0475016,5.0,COPDEM30,12.31639874
RGI2000-v7.0-G-19-02592,19,19-21,G302782E64194S,1988-02-29T00:00:00,-57.218004148468836,-64.1946775,0.272078950522802,0,251.28487,6.0,COPDEM30,17.30256628
RGI2000-v7.0-G-19-02593,19,19-21,G302699E64054S,1988-02-29T00:00:00,-57.29951664315517,-64.05402000000001,0.341587352323858,0,100.54921,3.0,COPDEM30,18.18236647
RGI2000-v7.0-G-19-02594,19,19-21,G302441E63974S,1988-02-29T00:00:00,-57.55906050620068,-63.974577,0.068419454908496,0,230.70865,2.0,COPDEM90,13.66199579
RGI2000-v7.0-G-19-02595,19,19-21,G302416E63979S,1988-02-29T00:00:00,-57.58324915388046,-63.979001,0.149583068972736,0,9.60583,8.0,COPDEM30,15.41463586
RGI2000-v7.0-G-19-02596,19,19-21,G302407E63984S,1988-02-29T00:00:00,-57.59307879523759,-63.984063000000006,0.0538415228257,0,9.643331,8.0,COPDEM30,13.24852866
RGI2000-v7.0-G-19-02597,19,19-21,G302298E64021S,1988-02-29T00:00:00,-57.70176577041671,-64.02055250000001,0.028210280013426,0,248.69978,4.0,COPDEM30,12.35142826
RGI2000-v7.0-G-19-02598,19,19-21,G302288E64020S,1988-02-29T00:00:00,-57.71183986360295,-64.0202175,0.011835716132105,0,251.91422,6.0,COPDEM30,11.52308909
RGI2000-v7.0-G-19-02599,19,19-21,G302281E64017S,1988-02-29T00:00:00,-57.719019398076924,-64.017379,0.033758108134164,0,246.7566,7.0,COPDEM30,12.57227316
RGI2000-v7.0-G-19-02600,19,19-21,G302274E64018S,1988-02-29T00:00:00,-57.72573048706019,-64.0182005,0.043597415900206,0,242.60034,8.0,COPDEM30,12.92319919
RGI2000-v7.0-G-19-02601,19,19-21,G302268E64021S,1988-02-29T00:00:00,-57.73216078558788,-64.0213415,0.025271206165301,0,243.71588,2.0,COPDEM30,12.22556878
RGI2000-v7.0-G-19-02602,19,19-21,G302265E64023S,1988-02-29T00:00:00,-57.73463141740791,-64.02285900000001,0.01095851714081,0,92.0,2.0,ASTER,11.46556111
RGI2000-v7.0-G-19-02603,19,19-21,G302273E64023S,1988-02-29T00:00:00,-57.72772268556701,-64.0225935,0.047233876902689,0,246.42978,8.0,COPDEM30,13.04266986
RGI2000-v7.0-G-19-02604,19,19-21,G302269E64026S,1988-02-29T00:00:00,-57.73092092328718,-64.0256785,0.025028955358069,0,86.0,3.0,ASTER,12.21487590
RGI2000-v7.0-G-19-02605,19,19-21,G302271E64028S,1988-02-29T00:00:00,-57.729650640292526,-64.02813950000001,0.017555320712956,0,247.95386,1.0,COPDEM30,11.85495090
RGI2000-v7.0-G-19-02606,19,19-21,G302261E64029S,1988-02-29T00:00:00,-57.73872800074821,-64.028718,0.034204068229985,0,249.19818,7.0,COPDEM30,12.58920787
RGI2000-v7.0-G-19-02607,19,19-21,G302264E64033S,1988-02-29T00:00:00,-57.73613763934425,-64.0326665,0.071320143977709,0,248.64003,1.0,COPDEM30,13.73881642
RGI2000-v7.0-G-19-02608,19,19-21,G302270E64035S,1988-02-29T00:00:00,-57.729256309269736,-64.035462,0.018258969950984,0,249.60541,5.0,COPDEM30,11.89176058
RGI2000-v7.0-G-19-02609,19,19-21,G302276E64034S,1988-02-29T00:00:00,-57.72373838670134,-64.0340935,0.030902987475785,0,264.7703,5.0,COPDEM30,12.46109438
RGI2000-v7.0-G-19-02610,19,19-21,G302279E64029S,1988-02-29T00:00:00,-57.720598114003735,-64.029455,0.015780168395145,0,252.09991,2.0,COPDEM30,11.75866796
RGI2000-v7.0-G-19-02611,19,19-21,G302286E64031S,1988-02-29T00:00:00,-57.71453457189667,-64.0308005,0.074381560154231,0,251.79309,2.0,COPDEM30,13.81821762
RGI2000-v7.0-G-19-02612,19,19-21,G302293E64031S,1988-02-29T00:00:00,-57.7071706997387,-64.03135800000001,0.015915701943362,0,147.0,6.0,ASTER,11.76620429
RGI2000-v7.0-G-19-02613,19,19-21,G302297E64028S,1988-02-29T00:00:00,-57.70269561497169,-64.02800400000001,0.030265607162496,0,249.13919,4.0,COPDEM30,12.43558186
RGI2000-v7.0-G-19-02614,19,19-21,G302285E64024S,1988-02-29T00:00:00,-57.71525206717096,-64.0243035,0.17832947831202,0,248.47693,8.0,COPDEM30,15.91207051
RGI2000-v7.0-G-19-02615,19,19-21,G302319E64033S,1988-02-29T00:00:00,-57.681430910461046,-64.0332475,0.021281200900678,0,173.58054,6.0,COPDEM30,12.04233087
RGI2000-v7.0-G-19-02616,19,19-21,G302156E64061S,2000-02-21T00:00:00,-57.84428710027481,-64.06143549999999,0.023709963768352,0,0.0,5.0,COPDEM30,12.15572561
RGI2000-v7.0-G-19-02617,19,19-21,G302041E64006S,1988-02-29T00:00:00,-57.959874292172955,-64.0065345,0.116440095901446,0,653.4741,2.0,COPDEM30,14.77726478
RGI2000-v7.0-G-19-02618,19,19-21,G301943E64014S,1988-02-29T00:00:00,-58.057330781944444,-64.0138685,0.04858619938276,0,493.2964,7.0,COPDEM30,13.08591884
RGI2000-v7.0-G-19-02619,19,19-21,G301936E64025S,1988-02-29T00:00:00,-58.062641346512045,-64.025644,0.066689112850878,0,321.4175,7.0,COPDEM30,13.61539294
RGI2000-v7.0-G-19-02620,19,19-21,G301774E64028S,1988-02-29T00:00:00,-58.23888250664094,-64.0206125,2.844224193239321,0,305.0494,8.0,COPDEM30,33.61075903
RGI2000-v7.0-G-19-02621,19,19-21,G301757E64023S,1988-02-29T00:00:00,-58.24270095555556,-64.022841,0.010848807414839,0,350.93365,2.0,COPDEM30,11.45820652
RGI2000-v7.0-G-19-02622,19,19-21,G301750E64021S,1988-02-29T00:00:00,-58.24973601356908,-64.0210825,0.025030148652618,0,284.6067,6.0,COPDEM30,12.21492870
RGI2000-v7.0-G-19-02623,19,19-21,G301759E64010S,1988-02-29T00:00:00,-58.24099170912952,-64.009552,0.047431624611334,0,241.57974,7.0,COPDEM30,13.04903238
RGI2000-v7.0-G-19-02624,19,19-21,G301746E64008S,1988-02-29T00:00:00,-58.25420125651303,-64.007643,0.018746984269465,0,139.62567,6.0,COPDEM30,11.91687478
RGI2000-v7.0-G-19-02625,19,19-21,G301672E64002S,1988-02-29T00:00:00,-58.32880673152529,-64.0019375,0.241663684103127,0,113.33487,1.0,COPDEM30,16.88230209
RGI2000-v7.0-G-19-02626,19,19-21,G301647E64003S,1988-02-29T00:00:00,-58.353937691726564,-64.00285600000001,0.067725907505245,0,372.6474,2.0,COPDEM30,13.64338824
RGI2000-v7.0-G-19-02627,19,19-21,G301627E64029S,1988-02-29T00:00:00,-58.37249768473809,-64.0202185,2.74254268648597,0,578.244,7.0,COPDEM30,33.18487366
RGI2000-v7.0-G-19-02628,19,19-21,G301573E64077S,1988-02-29T00:00:00,-58.42788565625,-64.0771385,0.19527349238459,0,371.2162,2.0,COPDEM30,16.18656646
RGI2000-v7.0-G-19-02629,19,19-21,G301617E64099S,1988-02-29T00:00:00,-58.407392342331676,-64.0966895,5.90536175057597,0,79.80104,6.0,COPDEM30,44.02133012
RGI2000-v7.0-G-19-02630,19,19-21,G301569E64118S,1988-02-29T00:00:00,-58.430887190419156,-64.118127,0.017961566498617,0,96.500626,8.0,COPDEM30,11.87629076
RGI2000-v7.0-G-19-02631,19,19-21,G301558E64125S,1988-02-29T00:00:00,-58.443669859696705,-64.12543149999999,0.215058434281733,0,240.12225,1.0,COPDEM30,16.49241505
RGI2000-v7.0-G-19-02632,19,19-21,G301651E64125S,1988-02-29T00:00:00,-58.347877409203676,-64.12478999999999,0.304698004513062,0,426.36688,7.0,COPDEM30,17.72792397
RGI2000-v7.0-G-19-02633,19,19-21,G301668E64130S,1988-02-29T00:00:00,-58.331585085658915,-64.1295195,0.418366738394221,0,194.86006,3.0,COPDEM30,19.05537855
RGI2000-v7.0-G-19-02634,19,19-21,G301655E64133S,1988-02-29T00:00:00,-58.345506905984834,-64.1334405,0.015365741416329,0,257.5274,6.0,COPDEM30,11.73542079
RGI2000-v7.0-G-19-02635,19,19-21,G301604E64202S,1956-02-01T00:00:00,-58.39780129713364,-64.20360199999999,0.097898678461915,0,33.168564,3.0,COPDEM30,14.38042703
RGI2000-v7.0-G-19-02636,19,19-21,G301751E64071S,1988-02-29T00:00:00,-58.24851611029412,-64.07084599999999,0.02025955816879,0,289.39124,3.0,COPDEM30,11.99270505
RGI2000-v7.0-G-19-02637,19,19-21,G301742E64067S,1988-02-29T00:00:00,-58.256012721450624,-64.0673025,0.13057909711133,0,288.1533,6.0,COPDEM30,15.05900218
RGI2000-v7.0-G-19-02638,19,19-21,G301723E63958S,1988-02-29T00:00:00,-58.27597405175325,-63.958722,0.823457973451804,0,219.22025,4.0,COPDEM30,22.70424192
RGI2000-v7.0-G-19-02639,19,19-21,G301754E63937S,1988-02-29T00:00:00,-58.24577398292152,-63.9374035,0.018638952392759,0,401.0,8.0,RAMP,11.91134368
RGI2000-v7.0-G-19-02640,19,19-21,G301759E63926S,1988-02-29T00:00:00,-58.24214632368421,-63.926274,0.650517180281553,0,169.42584,1.0,COPDEM30,21.29165034
RGI2000-v7.0-G-19-02641,19,19-21,G301768E63926S,1988-02-29T00:00:00,-58.23292645884316,-63.926162,0.226438391604261,0,183.92758,1.0,COPDEM30,16.66197604
RGI2000-v7.0-G-19-02642,19,19-21,G301747E63925S,1988-02-29T00:00:00,-58.25327768163335,-63.9254565,0.153381201249053,0,195.1748,2.0,COPDEM30,15.48294770
RGI2000-v7.0-G-19-02643,19,19-21,G301818E63900S,1988-02-29T00:00:00,-58.18189524308036,-63.8997385,0.242649014367166,0,229.42598,2.0,COPDEM30,16.89631835
RGI2000-v7.0-G-19-02644,19,19-21,G301944E63873S,1988-02-29T00:00:00,-58.0553523539548,-63.870384,1.736587849209035,0,298.61517,1.0,COPDEM30,28.44915224
RGI2000-v7.0-G-19-02645,19,19-21,G301960E63877S,1988-02-29T00:00:00,-58.04073498854692,-63.876797499999995,0.090400499109996,0,374.27936,2.0,COPDEM30,14.20933461
RGI2000-v7.0-G-19-02646,19,19-21,G301990E63885S,1988-02-29T00:00:00,-58.00972174378882,-63.884826000000004,0.012250748771586,0,155.0285,3.0,COPDEM30,11.54956341
RGI2000-v7.0-G-19-02647,19,19-21,G301989E63891S,1988-02-29T00:00:00,-58.011623142436974,-63.890897499999994,0.01572113218096,0,193.308,2.0,COPDEM30,11.75537515
RGI2000-v7.0-G-19-02648,19,19-21,G301993E63903S,1988-02-29T00:00:00,-58.007499315789474,-63.9029215,0.093548214437629,0,214.89133,1.0,COPDEM30,14.28199136
RGI2000-v7.0-G-19-02649,19,19-21,G301984E63910S,1988-02-29T00:00:00,-58.01569043027888,-63.909843499999994,0.107920862351365,0,339.21024,1.0,COPDEM30,14.59918352
RGI2000-v7.0-G-19-02650,19,19-21,G301973E63921S,1988-02-29T00:00:00,-58.02810741936251,-63.920035,0.473327312470541,0,332.80762,6.0,COPDEM30,19.63183021
RGI2000-v7.0-G-19-02651,19,19-21,G301999E63925S,1988-02-29T00:00:00,-57.998469702475575,-63.9254445,0.651792404990791,0,457.87732,2.0,COPDEM30,21.30271257
RGI2000-v7.0-G-19-02652,19,19-21,G302031E63920S,1988-02-29T00:00:00,-57.96829120239734,-63.919607,0.052112653498968,0,168.65045,8.0,COPDEM30,13.19594745
RGI2000-v7.0-G-19-02653,19,19-21,G302047E63897S,1988-02-29T00:00:00,-57.95315987430242,-63.897281,0.166382428241069,0,72.114494,8.0,COPDEM30,15.71060031
RGI2000-v7.0-G-19-02654,19,19-21,G302029E63889S,1988-02-29T00:00:00,-57.971899716701145,-63.8892135,0.413203723912162,0,59.10053,1.0,COPDEM30,18.99932941
RGI2000-v7.0-G-19-02655,19,19-21,G302151E63856S,1988-02-29T00:00:00,-57.981133703028505,-63.8630705,6.850336632810644,0,24.470203,8.0,COPDEM30,46.64240685
RGI2000-v7.0-G-19-02656,19,19-21,G302045E63819S,1988-02-29T00:00:00,-57.954684195598674,-63.819246500000006,0.13958864903368,0,51.39775,6.0,COPDEM30,15.23061901
RGI2000-v7.0-G-19-02657,19,19-21,G302100E63809S,1988-02-29T00:00:00,-57.89885577108434,-63.808169500000005,0.1485149476089,0,27.591862,1.0,COPDEM30,15.39526920
RGI2000-v7.0-G-19-02658,19,19-21,G302192E63802S,1988-02-29T00:00:00,-57.80796432002188,-63.802212999999995,0.015896383859313,0,16.89636,3.0,COPDEM30,11.76513207
RGI2000-v7.0-G-19-02659,19,19-21,G302196E63795S,1988-02-29T00:00:00,-57.80425280935218,-63.7952445,0.053876273520778,0,19.038776,8.0,COPDEM30,13.24957684
RGI2000-v7.0-G-19-02660,19,19-21,G302175E63849S,1988-02-29T00:00:00,-57.81199922263337,-63.8474425,0.945660009997289,0,166.43646,2.0,COPDEM30,23.61430725
RGI2000-v7.0-G-19-02661,19,19-21,G302200E63855S,1988-02-29T00:00:00,-57.800843350657345,-63.85481,0.014279202700748,0,168.19125,1.0,COPDEM30,11.67293865
RGI2000-v7.0-G-19-02662,19,19-21,G302195E63868S,1988-02-29T00:00:00,-57.79992290349277,-63.868214,0.270504284398444,0,206.57799,2.0,COPDEM30,17.28140369
RGI2000-v7.0-G-19-02663,19,19-21,G302221E63880S,1988-02-29T00:00:00,-57.778349661192365,-63.8794365,0.146142180335463,0,4.7180014,3.0,COPDEM30,15.35199658
RGI2000-v7.0-G-19-02664,19,19-21,G302167E63881S,1988-02-29T00:00:00,-57.81581216136691,-63.884873,2.929187831352456,0,226.39159,4.0,COPDEM30,33.96081833
RGI2000-v7.0-G-19-02665,19,19-21,G302188E63891S,1988-02-29T00:00:00,-57.812153523684216,-63.89057,0.033597448562061,0,75.64677,8.0,COPDEM30,12.56614495
RGI2000-v7.0-G-19-02666,19,19-21,G302187E63899S,1988-02-29T00:00:00,-57.813141691591824,-63.898737999999994,0.015459521824238,0,84.17728,8.0,COPDEM30,11.74070856
RGI2000-v7.0-G-19-02667,19,19-21,G302186E63909S,1988-02-29T00:00:00,-57.813672242710126,-63.9090755,0.057897731648018,0,25.55532,6.0,COPDEM30,13.36867265
RGI2000-v7.0-G-19-02668,19,19-21,G302175E63913S,1988-02-29T00:00:00,-57.82862217359855,-63.912383,0.072755225410359,0,6.072611,5.0,COPDEM30,13.77624472
RGI2000-v7.0-G-19-02669,19,19-21,G302161E63923S,1988-02-29T00:00:00,-57.84138436851852,-63.918647,0.312500950393822,0,10.004272,3.0,COPDEM30,17.82624982
RGI2000-v7.0-G-19-02670,19,19-21,G302128E63911S,1988-02-29T00:00:00,-57.87213336932105,-63.910918499999994,0.100923722323822,0,60.95582,2.0,COPDEM30,14.44758919
RGI2000-v7.0-G-19-02671,19,19-21,G302145E63899S,1988-02-29T00:00:00,-57.852974688714355,-63.898254,0.701468569704102,0,215.02634,4.0,COPDEM30,21.72552087
RGI2000-v7.0-G-19-02672,19,19-21,G302115E63894S,1988-02-29T00:00:00,-57.886403238844245,-63.8952965,2.403194502210454,0,230.9325,6.0,COPDEM30,31.70313623
RGI2000-v7.0-G-19-02673,19,19-21,G302158E63874S,1988-02-29T00:00:00,-57.85604315694657,-63.876397,4.41055572256121,0,513.9905,7.0,COPDEM30,39.40185235
RGI2000-v7.0-G-19-02674,19,19-21,G302221E63903S,1988-02-29T00:00:00,-57.779040886600626,-63.902883,0.014188016003626,0,64.86646,3.0,COPDEM30,11.66758842
RGI2000-v7.0-G-19-02675,19,19-21,G302176E63934S,1988-02-29T00:00:00,-57.82331169846533,-63.9340405,0.020545848646682,0,11.362789,2.0,COPDEM30,12.00673524
RGI2000-v7.0-G-19-02676,19,19-21,G302182E63936S,1988-02-29T00:00:00,-57.81777212290571,-63.9361505,0.022866955523787,0,16.162203,1.0,COPDEM30,12.11705533
RGI2000-v7.0-G-19-02677,19,19-21,G302160E63937S,1988-02-29T00:00:00,-57.84110329754813,-63.9376235,0.055299510746725,0,60.656685,1.0,COPDEM30,13.29221872
RGI2000-v7.0-G-19-02678,19,19-21,G302158E63958S,1988-02-29T00:00:00,-57.84223298299052,-63.9577865,0.01897791825283,0,0.0,4.0,COPDEM30,11.92864511
RGI2000-v7.0-G-19-02679,19,19-21,G302097E63962S,1988-02-29T00:00:00,-57.90248397280332,-63.962104999999994,0.020533604779098,0,233.7619,4.0,COPDEM30,12.00613722
RGI2000-v7.0-G-19-02680,19,19-21,G302049E63954S,1988-02-29T00:00:00,-57.950323223768734,-63.954183,0.058585681670847,0,587.1421,7.0,COPDEM30,13.38862710
RGI2000-v7.0-G-19-02681,19,19-21,G302047E63961S,1988-02-29T00:00:00,-57.95423059844559,-63.961344499999996,0.351600557282403,0,591.93915,4.0,COPDEM30,18.30142814
RGI2000-v7.0-G-19-02682,19,19-21,G302394E63874S,1988-02-29T00:00:00,-57.605631607638884,-63.8743635,0.021638003845777,0,70.895775,1.0,COPDEM30,12.05938067
RGI2000-v7.0-G-19-02683,19,19-21,G302436E63892S,1988-02-29T00:00:00,-57.56462889509438,-63.8916935,0.11641146491677,0,10.862759,4.0,COPDEM30,14.77667741
RGI2000-v7.0-G-19-02684,19,19-21,G302507E63928S,1988-02-29T00:00:00,-57.49264832032192,-63.9275885,0.025190861623048,0,31.102423,2.0,TANDEM,12.22202810
RGI2000-v7.0-G-19-02685,19,19-21,G302625E63895S,1988-02-29T00:00:00,-57.37384587475643,-63.8949915,0.080500445231163,0,31.87482,5.0,COPDEM30,13.97216405
RGI2000-v7.0-G-19-02686,19,19-21,G302775E63897S,1988-02-29T00:00:00,-57.22134135150644,-63.897957500000004,0.875525712366107,0,66.64386,4.0,COPDEM30,23.09973433
RGI2000-v7.0-G-19-02687,19,19-21,G302802E63882S,1988-02-29T00:00:00,-57.19770661728395,-63.882014999999996,0.032508030945017,0,566.6559,1.0,COPDEM30,12.52419771
RGI2000-v7.0-G-19-02688,19,19-21,G302570E63825S,1988-02-29T00:00:00,-57.19219747708178,-63.842558999999994,190.37007319934065,0,284.57452,4.0,COPDEM90,100.00000000
RGI2000-v7.0-G-19-02689,19,19-21,G302672E63821S,1988-02-29T00:00:00,-57.327859517489294,-63.820071999999996,0.062439714402967,0,11.244799,1.0,COPDEM30,13.49831160
RGI2000-v7.0-G-19-02690,19,19-21,G302664E63820S,1988-02-29T00:00:00,-57.33750660275882,-63.820130000000006,0.038853702048643,0,9.302515,1.0,COPDEM30,12.75958794
RGI2000-v7.0-G-19-02691,19,19-21,G302647E63799S,1988-02-29T00:00:00,-57.35344923019194,-63.798683499999996,0.011030386267373,0,214.52002,6.0,COPDEM30,11.47035904
RGI2000-v7.0-G-19-02692,19,19-21,G302641E63795S,1988-02-29T00:00:00,-57.35861988933121,-63.7954055,0.01730796301143,0,212.0,1.0,RAMP,11.84183624
RGI2000-v7.0-G-19-02693,19,19-21,G302645E63794S,1988-02-29T00:00:00,-57.354376195007504,-63.793904,0.010426998287997,0,145.0,2.0,RAMP,11.42957744
RGI2000-v7.0-G-19-02694,19,19-21,G302652E63791S,1988-02-29T00:00:00,-57.34795446025776,-63.790608,0.017017953543816,0,39.0,2.0,RAMP,11.82634030
RGI2000-v7.0-G-19-02695,19,19-21,G302647E63789S,1988-02-29T00:00:00,-57.352917285691554,-63.7886515,0.023109509265045,0,30.0,1.0,RAMP,12.12825370
RGI2000-v7.0-G-19-02696,19,19-21,G302640E63788S,1988-02-29T00:00:00,-57.359694295267474,-63.788447500000004,0.019842729016477,0,219.95082,8.0,COPDEM30,11.97209911
RGI2000-v7.0-G-19-02697,19,19-21,G302548E63691S,1988-02-29T00:00:00,-57.45108560477455,-63.691233,0.113690428667138,0,0.0,4.0,COPDEM30,14.72052158
RGI2000-v7.0-G-19-02698,19,19-21,G302514E63665S,1988-02-29T00:00:00,-57.48826036703822,-63.660489999999996,28.82423205116236,0,178.4093,4.0,COPDEM90,85.16348503
RGI2000-v7.0-G-19-02699,19,19-21,G302472E63716S,1988-02-29T00:00:00,-57.55997471457494,-63.712019,8.750577988672003,0,186.75256,8.0,COPDEM30,51.41392623
RGI2000-v7.0-G-19-02700,19,19-21,G302295E63676S,1988-02-29T00:00:00,-57.714169846088815,-63.6752645,4.11033127018289,0,228.86589,4.0,COPDEM30,38.38353271
RGI2000-v7.0-G-19-02701,19,19-21,G302379E63809S,2000-02-21T00:00:00,-57.62119594097051,-63.809101,0.081171063908902,0,113.34074,2.0,COPDEM30,13.98867503
RGI2000-v7.0-G-19-02702,19,19-21,G302662E63612S,1956-02-01T00:00:00,-57.33779193181818,-63.611810000000006,0.08555999144874,0,17.103987,7.0,COPDEM30,14.09508954
RGI2000-v7.0-G-19-02703,19,19-21,G303318E63544S,1988-02-29T00:00:00,-56.6833013423189,-63.5427205,9.240890754871549,0,327.30426,4.0,COPDEM30,52.55836684
RGI2000-v7.0-G-19-02704,19,19-21,G303410E63587S,1988-02-29T00:00:00,-56.599088368733504,-63.586401,52.7894061421029,0,146.03586,5.0,COPDEM90,100.00000000
RGI2000-v7.0-G-19-02705,19,19-21,G303711E63428S,1990-02-18T00:00:00,-56.28962821057154,-63.4281655,0.159500723992961,0,16.696222,4.0,COPDEM30,15.59125584
RGI2000-v7.0-G-19-02706,19,19-21,G304029E63481S,1990-02-18T00:00:00,-55.97109088015873,-63.4912675,353.67433853756904,0,205.02635,4.0,COPDEM90,100.00000000
RGI2000-v7.0-G-19-02707,19,19-21,G304196E63303S,1990-02-18T00:00:00,-55.803750836449865,-63.302829,0.023115349222933,0,481.2824,2.0,COPDEM30,12.12852260
RGI2000-v7.0-G-19-02708,19,19-21,G304182E63271S,1990-02-18T00:00:00,-55.40957689229005,-63.281231500000004,1472.8269302462581,0,309.31262,3.0,COPDEM90,100.00000000
RGI2000-v7.0-G-19-02709,19,19-21,G304514E63156S,1990-02-18T00:00:00,-55.486084749659206,-63.155417,0.084010741561418,0,42.407936,3.0,COPDEM30,14.05784491
RGI2000-v7.0-G-19-02710,19,19-21,G303675E63072S,1990-02-18T00:00:00,-56.32125703386912,-63.081379999999996,432.8178937965593,0,203.81305,7.0,COPDEM90,100.00000000
RGI2000-v7.0-G-19-02711,19,19-21,G303364E63185S,1990-02-18T00:00:00,-56.642222326335876,-63.183547,37.50645652322682,0,119.61856,6.0,COPDEM90,95.73952110
RGI2000-v7.0-G-19-02712,19,19-21,G305281E63435S,1956-02-01T00:00:00,-54.72091884209867,-63.436135500000006,0.78539365068462,0,110.0,3.0,ASTER,22.40714131
RGI2000-v7.0-G-19-02713,19,19-21,G303410E64229S,1988-02-29T00:00:00,-56.58989747371088,-64.229125,0.047744625449854,0,23.1223,1.0,TANDEM,13.05907610
RGI2000-v7.0-G-19-02714,19,19-21,G303401E64226S,1988-02-29T00:00:00,-56.5982620093486,-64.22591299999999,0.049202376198428,0,0.0,2.0,COPDEM30,13.10542521
RGI2000-v7.0-G-19-02715,19,19-21,G303368E64216S,1988-02-29T00:00:00,-56.63213463244851,-64.2153025,0.08607973868298,0,8.911783,6.0,COPDEM30,14.10750883
RGI2000-v7.0-G-19-02716,19,19-21,G303299E64257S,1988-02-29T00:00:00,-56.70299190431528,-64.256192,0.337815618086816,0,10.254099,6.0,COPDEM30,18.13706711
RGI2000-v7.0-G-19-02717,19,19-21,G303313E64290S,1988-02-29T00:00:00,-56.68755616923772,-64.290403,0.026236459672199,0,2.4258747,3.0,COPDEM30,12.26767416
RGI2000-v7.0-G-19-02718,19,19-21,G303190E64277S,1988-02-29T00:00:00,-56.81026195602219,-64.27793700000001,0.456884825217036,0,11.795726,7.0,COPDEM30,19.46305584
RGI2000-v7.0-G-19-02719,19,19-21,G302809E64480S,1988-02-29T00:00:00,-57.22741596366859,-64.468358,336.7690353154926,0,83.19029,5.0,COPDEM90,100.00000000
RGI2000-v7.0-G-19-02720,19,19-21,G302396E64449S,1988-02-29T00:00:00,-57.60040157199319,-64.447146,12.347888389242518,0,268.18713,4.0,COPDEM30,59.19538723
RGI2000-v7.0-G-19-02721,19,19-21,G302228E64270S,1988-02-29T00:00:00,-57.75780122701983,-64.15712450000001,1932.014139764749,0,463.07422,5.0,COPDEM90,100.00000000
RGI2000-v7.0-G-19-02722,19,19-21,G299163E68740S,1988-01-28T00:00:00,-60.83388546208487,-68.7450355,120.57569334732075,0,163.35222,6.0,COPDEM90,100.00000000
RGI2000-v7.0-G-19-02723,19,19-22,G297856E69405S,1956-02-01T00:00:00,-62.04114111424007,-69.43834050000001,1009.6483651464171,0,289.15552,4.0,COPDEM90,100.00000000
RGI2000-v7.0-G-19-02724,19,19-22,G298740E69923S,1988-01-28T00:00:00,-61.271754227416345,-69.92161300000001,134.09599955038644,0,130.4731,4.0,COPDEM90,100.00000000
RGI2000-v7.0-G-19-02725,19,19-22,G299288E70606S,1989-03-21T00:00:00,-60.710909329185306,-70.61577700000001,376.3274138611083,0,209.82753,3.0,COPDEM90,100.00000000
RGI2000-v7.0-G-19-02726,19,19-22,G299291E70985S,1989-03-21T00:00:00,-60.730427757307105,-70.9886765,200.36043396873757,0,181.78319,2.0,COPDEM90,100.00000000
RGI2000-v7.0-G-19-02727,19,19-22,G299814E72217S,1989-01-27T00:00:00,-60.18450544930698,-72.2173645,37.485391595998415,0,76.50145,3.0,COPDEM90,95.71544057
RGI2000-v7.0-G-19-02728,19,19-22,G299127E72560S,1956-02-01T00:00:00,-60.819684470703294,-72.56081950000001,21.968040304666154,0,152.2,2.0,COPDEM90,75.61810649
RGI2000-v7.0-G-19-02729,19,19-24,G339124E74068S,2000-01-31T00:00:00,-21.279236738302934,-74.0458915,1494.7132039832052,0,155.00867,7.0,COPDEM90,100.00000000
RGI2000-v7.0-G-19-02730,19,19-24,G343695E72595S,2000-01-06T00:00:00,-16.343661613758595,-72.5889335,271.5143669064173,0,134.35382,8.0,COPDEM90,100.00000000
RGI2000-v7.0-G-19-02731,19,19-24,G347271E72109S,2000-01-06T00:00:00,-12.767184146588036,-72.10034350000001,232.82703086837267,0,99.52699,7.0,COPDEM90,100.00000000
RGI2000-v7.0-G-19-02732,19,19-24,G352120E70694S,2000-02-04T00:00:00,-7.841563329240749,-70.69294049999999,26.868515849759792,0,49.67732,1.0,COPDEM90,82.56878879
RGI2000-v7.0-G-19-02733,19,19-24,G353908E70506S,2000-02-04T00:00:00,-6.096293461687578,-70.513815,245.28191604486275,0,157.21669,1.0,COPDEM90,100.00000000
RGI2000-v7.0-G-19-02734,19,19-24,G356949E70424S,2000-02-06T00:00:00,-3.04156118957743,-70.4175425,661.4894729716201,0,188.36182,8.0,COPDEM90,100.00000000
RGI2000-v7.0-G-19-02735,19,19-24,G357833E70206S,2000-02-06T00:00:00,-2.171408392803858,-70.20368049999999,16.411637217378583,0,59.235283,1.0,COPDEM90,66.71579052
RGI2000-v7.0-G-19-02736,19,19-24,G358145E70195S,2000-02-06T00:00:00,-1.856906603522928,-70.1924035,27.5420625551924,0,71.55913,8.0,COPDEM90,83.47274502
RGI2000-v7.0-G-19-02737,19,19-24,G357246E70879S,2000-02-06T00:00:00,-2.621680865078099,-70.920833,1251.3870265585192,0,150.40807,2.0,COPDEM90,100.00000000
RGI2000-v7.0-G-19-02738,19,19-24,G356783E71154S,2000-02-06T00:00:00,-3.254146774869713,-71.1422615,188.5563852208696,0,119.21578,8.0,COPDEM90,100.00000000
RGI2000-v7.0-G-19-02739,19,19-24,G001187E70166S,2000-02-15T00:00:00,1.161198746966389,-70.2348605,503.23550954799657,0,131.61113,1.0,COPDEM90,100.00000000
RGI2000-v7.0-G-19-02740,19,19-24,G002050E70629S,2000-03-04T00:00:00,2.039157613598415,-70.63090700000001,48.77976124517187,0,65.82977,1.0,COPDEM90,100.00000000
RGI2000-v7.0-G-19-02741,19,19-24,G002939E70509S,2000-03-04T00:00:00,2.929238357467267,-70.5055405,443.39411104337694,0,156.44052,8.0,COPDEM90,100.00000000
RGI2000-v7.0-G-19-02742,19,19-24,G004329E70346S,2000-03-04T00:00:00,4.329046288919026,-70.37280200000001,465.811024678159,0,182.3761,8.0,COPDEM90,100.00000000
